{
  "species": "cobblemon:cassowrath",
  "order": 0,
  "variations": [
    {
      "aspects": [],
      "poser": "cobblemon:cassowrath",
      "model": "cobblemon:cassowrath.geo",
      "texture": "cobblemon:textures/pokemon/cassowrath/cassowrath.png",
      "layers": [
	  {
        "name": "emissive",
        "texture": "cobblemon:textures/pokemon/cassowrath/cassowrath_emissive.png",
        "emissive": true
      }
	  ]
    },
    {
      "aspects": [ "shiny" ],
      "texture": "cobblemon:textures/pokemon/cassowrath/cassowrath_shiny.png",
	  "layers": [
	  {
        "name": "emissive",
        "texture": "cobblemon:textures/pokemon/cassowrath/cassowrath_emissive.png",
        "emissive": true
      }
	  ]
    }
	]
}