{
    
    "target": "cobblemon:dodrio",
    "features": ["jetian"],
    "forms": [
      {
        "implemented": true,
        "nationalPokedexNumber": 85,
        "name": "Jetian",
        "primaryType": "fairy",
        "secondaryType": "flying",
        "maleRatio": 0.5,
        "height": 18,
        "weight": 852,
        "pokedex": [
          "cobblemon.species.dodrio_jetian.desc"
        ],
        "labels": [
          "gen1",
          "jetian"
        ],
        "aspects": ["jetian"],
        "abilities": [
          "runaway",
          "earlybird",
          "h:tangledfeet"
        ],
        "eggGroups": [
          "flying",
          "fairy"
        ],
        "baseStats": {
          "hp": 60,
          "attack": 110,
          "defence": 70,
          "special_attack": 60,
          "special_defence": 60,
          "speed": 110
        },
        "evYield": {
          "hp": 0,
          "attack": 2,
          "defence": 0,
          "special_attack": 0,
          "special_defence": 0,
          "speed": 0
        },
        "baseExperienceYield": 165,
        "experienceGroup": "medium_fast",
        "catchRate": 45,
        "eggCycles": 20,
        "baseFriendship": 50,
        "baseScale": 0.9,
        "hitbox": {
          "width": 0.6,
          "height": 1.6,
          "fixed": false
        },
        "behaviour": {
          "moving": {
            "walk": {
              "walkSpeed": 0.4
            }
          },
          "resting": {
            "canSleep": true,
            "light": "0-4"
          }
        },
        "drops": {
          "amount": 5,
          "entries": [
            {
              "item": "minecraft:feather",
              "quantityRange": "0-2"
            },
            {
              "item": "minecraft:sugar"
            },
            {
              "item": "cobblemon:sharp_beak",
              "percentage": 5.0
            },
            {
              "item": "cobblemon:wacan_berry",
              "percentage": 5.0
            }
          ]
        },
       "moves": [
    "1:skyattack",
    "1:extremespeed",
    "1:aurasphere",
    "1:airslash",
    "1:safeguard",
    "1:ancientpower",
    "1:lastresort",
    "1:afteryou",
    "1:triattack",
    "1:fairywind",
    "1:charm",
    "1:yawn",
    "1:metronome",
    "1:doubleedge",
    "1:followme",
    "1:batonpass",
    "1:wish",
    "1:growl",
    "1:pound",
    "1:sweetkiss",
    "1:lifedew",
    "1:bestow",
    "egg:aerialace",
    "egg:bestow",
    "egg:extrasensory",
    "egg:foresight",
    "egg:luckychant",
    "egg:mirrormove",
    "egg:morningsun",
    "egg:peck",
    "egg:present",
    "egg:psychoshift",
    "egg:secretpower",
    "tm:aerialace",
    "tm:afteryou",
    "tm:aircutter",
    "tm:airslash",
    "tm:allyswitch",
    "tm:amnesia",
    "tm:ancientpower",
    "tm:aurasphere",
    "tm:babydolleyes",
    "tm:batonpass",
    "tm:bodyslam",
    "tm:brickbreak",
    "tm:charm",
    "tm:covet",
    "tm:dazzlinggleam",
    "tm:defog",
    "tm:doubleedge",
    "tm:drainingkiss",
    "tm:drainpunch",
    "tm:dreameater",
    "tm:dualwingbeat",
    "tm:echoedvoice",
    "tm:encore",
    "tm:endeavor",
    "tm:endure",
    "tm:facade",
    "tm:fireblast",
    "tm:flamethrower",
    "tm:flash",
    "tm:fling",
    "tm:fly",
    "tm:focuspunch",
    "tm:futuresight",
    "tm:gigaimpact",
    "tm:grassknot",
    "tm:headbutt",
    "tm:healbell",
    "tm:heatwave",
    "tm:helpinghand",
    "tm:hyperbeam",
    "tm:hypervoice",
    "tm:imprison",
    "tm:incinerate",
    "tm:laserfocus",
    "tm:lastresort",
    "tm:lightscreen",
    "tm:magicalleaf",
    "tm:magiccoat",
    "tm:megakick",
    "tm:megapunch",
    "tm:metronome",
    "tm:mudslap",
    "tm:mysticalfire",
    "tm:nastyplot",
    "tm:ominouswind",
    "tm:playrough",
    "tm:pluck",
    "tm:protect",
    "tm:psychic",
    "tm:psychup",
    "tm:psyshock",
    "tm:raindance",
    "tm:reflect",
    "tm:rest",
    "tm:retaliate",
    "tm:rocksmash",
    "tm:rollout",
    "tm:roost",
    "tm:safeguard",
    "tm:secretpower",
    "tm:shadowball",
    "tm:shockwave",
    "tm:signalbeam",
    "tm:silverwind",
    "tm:skyattack",
    "tm:sleeptalk",
    "tm:smartstrike",
    "tm:solarbeam",
    "tm:steelwing",
    "tm:storedpower",
    "tm:substitute",
    "tm:sunnyday",
    "tm:swift",
    "tm:tailwind",
    "tm:telekinesis",
    "tm:terablast",
    "tm:thunderwave",
    "tm:triattack",
    "tm:trick",
    "tm:twister",
    "tm:uproar",
    "tm:waterpulse",
    "tm:workup",
    "tm:zenheadbutt",
    "tutor:aerialace",
    "tutor:afteryou",
    "tutor:aircutter",
    "tutor:allyswitch",
    "tutor:ancientpower",
    "tutor:babydolleyes",
    "tutor:covet",
    "tutor:dazzlinggleam",
    "tutor:defog",
    "tutor:drainpunch",
    "tutor:dualwingbeat",
    "tutor:endeavor",
    "tutor:flamethrower",
    "tutor:focuspunch",
    "tutor:gigaimpact",
    "tutor:healbell",
    "tutor:heatwave",
    "tutor:helpinghand",
    "tutor:hyperbeam",
    "tutor:hypervoice",
    "tutor:laserfocus",
    "tutor:lastresort",
    "tutor:magicalleaf",
    "tutor:magiccoat",
    "tutor:mudslap",
    "tutor:mysticalfire",
    "tutor:ominouswind",
    "tutor:playrough",
    "tutor:psychic",
    "tutor:rest",
    "tutor:rocksmash",
    "tutor:rollout",
    "tutor:roost",
    "tutor:shadowball",
    "tutor:shockwave",
    "tutor:signalbeam",
    "tutor:skyattack",
    "tutor:sleeptalk",
    "tutor:swift",
    "tutor:tailwind",
    "tutor:telekinesis",
    "tutor:trick",
    "tutor:twister",
    "tutor:uproar",
    "tutor:waterpulse",
    "tutor:zenheadbutt"
  ],

        "preEvolution": "doduo jetian",
        "evolutions": [],
        "riding": {
          "stats": {
            "SPEED": {
              "ranges": "45-75"
            },
            "ACCELERATION": {
              "ranges": "50-70"
            },
            "SKILL": {
              "ranges": "25-55"
            },
            "JUMP": {
              "ranges": "45-100"
            },
            "STAMINA": {
              "ranges": "30-60"
            }
          },
          "seats": [],
          "controller": {
            "key": "cobblemon:land/generic"
          }
        }
      }]}