{
    
    "target": "cobblemon:squirtle",
    "features": ["jetian"],
    "forms": [
  {
    "implemented": true,
    "nationalPokedexNumber": 7,
    "name": "Jetian",
    "primaryType": "water",
    "secondaryType": "grass",
    "shoulderMountable": false,
    "maleRatio": 0.875,
    "height": 7,
    "weight": 96,
    "pokedex": [
      "cobblemon.species.squirtle_jetian.desc"
    ],
    "labels": [
      "gen1",
      "starter",
      "jetian"
    ],
    "aspects": ["jetian"],
    "abilities": [
      "hospitality",
      "h:heatproof"
    ],
    "eggGroups": [
      "water_1",
      "grass"
    ],
    "baseStats": {
      "hp": 50,
    "attack": 48,
    "defence": 65,
    "special_attack": 44,
    "special_defence": 64,
    "speed": 43
    },
    "evYield": {
      "hp": 0,
      "attack": 0,
      "defence": 0,
      "special_attack": 0,
      "special_defence": 1,
      "speed": 0
    },
    "baseExperienceYield": 64,
    "experienceGroup": "medium_slow",
    "catchRate": 45,
    "eggCycles": 20,
    "baseFriendship": 50,
    "baseScale": 0.7,
    "hitbox": {
      "width": 0.7,
      "height": 1.1,
      "fixed": false
    },
    "behaviour": {
      "resting": {
        "canSleep": true,
        "willSleepOnBed": true,
        "light": "0-4"
      },
      "moving": {
        "walk": {
          "walkSpeed": 0.4
        }
      }
    },
    "drops": {
      "amount": 3,
      "entries": [
        {
          "item": "cobblemon:mystic_water",
          "percentage": 5.0
        },
        {
            "item": "minecraft:turtle_scute",
            "percentage": 85   
        },
        {
            "item": "minecraft:kelp",
            "percentage": 20
        }
      ]
    },
    "moves": [
        "1:tackle",
        "1:vinewhip",
        "1:bubble",
        "3:watergun",
        "8:razorleaf",
        "9:rapidspin",
        "11:sleeppowder",
        "12:ember",
        "15:waterpulse",
        "18:protect",
        "20:calmmind",
        "21:raindance",
        "22:aromatherapy",
        "24:aquatail",
        "27:scald",
        "30:irondefense",
        "33:hydropump",
        "36:skullbash",
        "40:floralhealing",
        "45:matchagotcha",
        "egg:aquajet",
        "egg:aquaring",
        "egg:fakeout",
        "egg:flail",
        "egg:foresight",
        "egg:lifedew",
        "egg:mirrorcoat",
        "egg:mist",
        "egg:mudsport",
        "egg:refresh",
        "egg:waterspout",
        "egg:wavecrash",
        "egg:yawn",
        "tm:aquatail",
        "tm:blizzard",
        "tm:bodyslam",
        "tm:brickbreak",
        "tm:brine",
        "tm:chillingwater",
        "tm:dig",
        "tm:dive",
        "tm:doubleedge",
        "tm:endure",
        "tm:facade",
        "tm:fling",
        "tm:flipturn",
        "tm:focuspunch",
        "tm:gyroball",
        "tm:hail",
        "tm:haze",
        "tm:headbutt",
        "tm:helpinghand",
        "tm:hydropump",
        "tm:icebeam",
        "tm:icepunch",
        "tm:icespinner",
        "tm:icywind",
        "tm:irondefense",
        "tm:irontail",
        "tm:liquidation",
        "tm:megakick",
        "tm:megapunch",
        "tm:muddywater",
        "tm:mudshot",
        "tm:poweruppunch",
        "tm:protect",
        "tm:raindance",
        "tm:rest",
        "tm:rocksmash",
        "tm:rollout",
        "tm:sleeptalk",
        "tm:strength",
        "tm:substitute",
        "tm:surf",
        "tm:takedown",
        "tm:terablast",
        "tm:waterpledge",
        "tm:waterpulse",
        "tm:weatherball",
        "tm:whirlpool",
        "tm:workup",
        "tm:zenheadbutt",
        "tutor:aquatail",
        "tutor:dive",
        "tutor:flipturn",
        "tutor:focuspunch",
        "tutor:helpinghand",
        "tutor:icebeam",
        "tutor:icepunch",
        "tutor:icywind",
        "tutor:irondefense",
        "tutor:irontail",
        "tutor:liquidation",
        "tutor:rest",
        "tutor:rocksmash",
        "tutor:rollout",
        "tutor:sleeptalk",
        "tutor:waterpledge",
        "tutor:waterpulse",
        "tutor:zenheadbutt"
    ],
    "evolutions": [
      {
        "id": "squirtle_wartortle_jetian",
        "variant": "level_up",
        "result": "wartortle jetian",
        "consumeHeldItem": false,
        "learnableMoves": [],
        "requirements": [
          {
            "variant": "level",
            "minLevel": 16
          }
        ]
      }
    ]
  }]}