{
    "target": "cobblemon:butterfree",
    "features": ["coterian"],
    "forms": [
      { "implemented": true,
        "name": "Coterian",
        "preEvolution": "metapod coterian",
        "nationalPokedexNumber": 12,
        "primaryType": "bug",
        "secondaryType": "fire",
        "abilities": [
          "windrider",
          "h:truant"
        ],
      "pokedex": [
        "cobblemon.species.butterfree_coterian.desc"],
        "baseStats": {
          "hp": 75,
          "attack": 95,
          "defence": 75,
          "special_attack": 105,
          "special_defence": 85,
          "speed": 85
        },
        "catchRate": 45,
        "maleRatio": 0.5,
        "baseExperienceYield": 198,
        "baseFriendship": 50,
        "evYield": {
          "hp": 0,
          "attack": 0,
          "defence": 0,
          "special_attack": 2,
          "special_defence": 1,
          "speed": 0
        },
        "moves": [
            "1:bugbite",
            "1:gust",
            "1:harden",
            "1:stringshot",
            "1:tackle",
            "1:willowisp",
            "1:morningsun",
            "4:supersonic",
            "8:confusion",
            "12:poisonpowder",
            "12:sleeppowder",
            "12:stunspore",
            "16:ember",
            "19:silverwind",
            "20:firespin",
            "24:firefang",
            "28:safeguard",
            "32:bugbuzz",
            "36:tailwind",
            "37:captivate",
            "40:ragepowder",
            "44:quiverdance",
            "48:heatwave",
            "54:fierydance",
            "tm:acrobatics",
            "tm:aerialace",
            "tm:airslash",
            "tm:attract",
            "tm:batonpass",
            "tm:bugbuzz",
            "tm:captivate",
            "tm:confide",
            "tm:defog",
            "tm:doubleteam",
            "tm:drainingkiss",
            "tm:dreameater",
            "tm:electroweb",
            "tm:endure",
            "tm:energyball",
            "tm:facade",
            "tm:flash",
            "tm:frustration",
            "tm:gigadrain",
            "tm:gigaimpact",
            "tm:hiddenpower",
            "tm:hurricane",
            "tm:hyperbeam",
            "tm:infestation",
            "tm:irondefense",
            "tm:naturalgift",
            "tm:pollenpuff",
            "tm:protect",
            "tm:psychic",
            "tm:psychup",
            "tm:raindance",
            "tm:rest",
            "tm:return",
            "tm:roost",
            "tm:round",
            "tm:safeguard",
            "tm:secretpower",
            "tm:shadowball",
            "tm:silverwind",
            "tm:skillswap",
            "tm:sleeptalk",
            "tm:snore",
            "tm:solarbeam",
            "tm:strugglebug",
            "tm:substitute",
            "tm:sunnyday",
            "tm:swagger",
            "tm:swift",
            "tm:thief",
            "tm:toxic",
            "tm:uturn",
            "tm:firefang",
            "tm:leechlife",
            "tm:poisonjab",
            "tm:venoshock",
            "tm:swordsdance",
            "tm:dazzlinggleam",
            "tm:heatwave",
            "tutor:aerialace",
            "tutor:aircutter",
            "tutor:airslash",
            "tutor:attract",
            "tutor:bide",
            "tutor:bugbite",
            "tutor:bugbuzz",
            "tutor:confusion",
            "tutor:curse",
            "tutor:defog",
            "tutor:doubleedge",
            "tutor:doubleteam",
            "tutor:dreameater",
            "tutor:dualwingbeat",
            "tutor:electroweb",
            "tutor:endure",
            "tutor:facade",
            "tutor:flash",
            "tutor:frustration",
            "tutor:gigadrain",
            "tutor:gust",
            "tutor:headbutt",
            "tutor:hiddenpower",
            "tutor:hyperbeam",
            "tutor:megadrain",
            "tutor:mimic",
            "tutor:morningsun",
            "tutor:nightmare",
            "tutor:ominouswind",
            "tutor:poisonpowder",
            "tutor:protect",
            "tutor:psybeam",
            "tutor:psychic",
            "tutor:psywave",
            "tutor:quiverdance",
            "tutor:rage",
            "tutor:razorwind",
            "tutor:reflect",
            "tutor:rest",
            "tutor:return",
            "tutor:roost",
            "tutor:safeguard",
            "tutor:shadowball",
            "tutor:signalbeam",
            "tutor:skillswap",
            "tutor:sleeppowder",
            "tutor:sleeptalk",
            "tutor:snore",
            "tutor:solarbeam",
            "tutor:stringshot",
            "tutor:stunspore",
            "tutor:substitute",
            "tutor:sunnyday",
            "tutor:supersonic",
            "tutor:swagger",
            "tutor:sweetscent",
            "tutor:swift",
            "tutor:tailwind",
            "tutor:takedown",
            "tutor:teleport",
            "tutor:toxic",
            "tutor:twister",
            "tutor:uturn",
            "tutor:whirlwind"
          ],
        "experienceGroup": "medium_fast",
        "eggCycles": 15,
        "eggGroups": [
          "bug"
        ],
        "labels": [
          "cotere"
        ],
        "aspects": [
          "coterian"
        ],
        "height": 12,
        "weight": 140,
        "cannotDynamax": false,
        "battleOnly": false
      }
    ]
  }
  