{
    "target": "cobblemon:raichu",
    "features": ["coterian"],
    "forms": [
      {
        "name": "Coterian",
        "primaryType": "electric",
        "secondaryType": "normal",
        "abilities": [
          "static",
          "h:furcoat"
        ],
        "pokedex": [
          "cobblemon.species.raichu_coterian.desc"],
        "baseStats": {
          "hp": 60,
          "attack": 90,
          "defence": 60,
          "special_attack": 90,
          "special_defence": 75,
          "speed": 110
        },
        "catchRate": 75,
        "maleRatio": 0.5,
        "baseExperienceYield": 243,
        "baseFriendship": 50,
        "evYield": {
          "hp": 0,
          "attack": 0,
          "defence": 0,
          "special_attack": 0,
          "special_defence": 0,
          "speed": 3
        },
        "experienceGroup": "medium_fast",
        "eggCycles": 10,
        "eggGroups": [
          "field",
          "fairy"
        ],
        "moves": [
          "1:tidyup",
          "1:agility",
          "1:charm",
          "1:discharge",
          "1:doubleteam",
          "1:electroball",
          "1:feint",
          "1:growl",
          "1:tickle",
          "1:irontail",
          "1:lightscreen",
          "1:nastyplot",
          "1:nuzzle",
          "1:calmmind",
          "1:charm",
          "1:sweetkiss",
          "1:playnice",
          "1:quickattack",
          "1:tailwhip",
          "1:thundershock",
          "1:growl",
          "1:thunderwave",
          "1:yawn",
          "1:spark",
          "1:rest",
          "1:bodyslam",
          "1:discharge",
          "1:thunderbolt",
          "1:cottonguard",
          "5:thunder",
          "tm:agility",
          "tm:alluringvoice",
          "tm:allyswitch",
          "tm:attract",
          "tm:bodyslam",
          "tm:brickbreak",
          "tm:calmmind",
          "tm:charge",
          "tm:chargebeam",
          "tm:charm",
          "tm:confide",
          "tm:dig",
          "tm:doubleteam",
          "tm:drainingkiss",
          "tm:echoedvoice",
          "tm:eerieimpulse",
          "tm:electricterrain",
          "tm:electroball",
          "tm:electroweb",
          "tm:encore",
          "tm:endeavor",
          "tm:endure",
          "tm:expandingforce",
          "tm:facade",
          "tm:faketears",
          "tm:fling",
          "tm:focusblast",
          "tm:focuspunch",
          "tm:frustration",
          "tm:futuresight",
          "tm:gigaimpact",
          "tm:grassknot",
          "tm:helpinghand",
          "tm:hiddenpower",
          "tm:hyperbeam",
          "tm:irontail",
          "tm:knockoff",
          "tm:lightscreen",
          "tm:magicroom",
          "tm:megakick",
          "tm:megapunch",
          "tm:nastyplot",
          "tm:payday",
          "tm:playrough",
          "tm:protect",
          "tm:raindance",
          "tm:reflect",
          "tm:rest",
          "tm:return",
          "tm:reversal",
          "tm:round",
          "tm:safeguard",
          "tm:skillswap",
          "tm:sleeptalk",
          "tm:snore",
          "tm:storedpower",
          "tm:substitute",
          "tm:surf",
          "tm:swagger",
          "tm:swift",
          "tm:takedown",
          "tm:terablast",
          "tm:thief",
          "tm:thunder",
          "tm:thunderbolt",
          "tm:thunderpunch",
          "tm:thunderwave",
          "tm:toxic",
          "tm:trailblaze",
          "tm:upperhand",
          "tm:uproar",
          "tm:voltswitch",
          "tm:wildcharge",
          "tutor:allyswitch",
          "tutor:brickbreak",
          "tutor:calmmind",
          "tutor:covet",
          "tutor:dig",
          "tutor:doubleteam",
          "tutor:electroweb",
          "tutor:encore",
          "tutor:facade",
          "tutor:fakeout",
          "tutor:focuspunch",
          "tutor:growl",
          "tutor:headbutt",
          "tutor:helpinghand",
          "tutor:hyperbeam",
          "tutor:irontail",
          "tutor:knockoff",
          "tutor:laserfocus",
          "tutor:lightscreen",
          "tutor:magnetrise",
          "tutor:payday",
          "tutor:protect",
          "tutor:recycle",
          "tutor:reflect",
          "tutor:rest",
          "tutor:risingvoltage",
          "tutor:seismictoss",
          "tutor:shockwave",
          "tutor:signalbeam",
          "tutor:snore",
          "tutor:substitute",
          "tutor:tailwhip",
          "tutor:thunder",
          "tutor:thunderbolt",
          "tutor:thunderpunch",
          "tutor:thundershock",
          "tutor:thunderwave",
          "tutor:toxic"
        ],
        "labels": [
          "gen1",
          "cotere_regional"
        ],
        "aspects": [
          "coterian"
        ],
        "height": 8,
        "weight": 290,
        "preEvolution": "pikachu",
        "baseScale": 0.75,
        "hitbox": {
          "width": 0.8,
          "height": 1.6,
          "fixed": false
        },
        "cannotDynamax": false,
        "battleOnly": false,
        "drops": {
          "amount": 4,
          "entries": [
            {
              "item": "cobblemon:light_ball",
              "percentage": 10.0
            },
            {
              "item": "cobblemon:thunder_stone",
              "percentage": 10.0
            },
            {
              "item": "cobblemon:oran_berry",
              "percentage": 10.0
            },
            {
              "item": "minecraft:white_wool",
              "percentage": 100
            }
          ]
        }
      }
    ]
  }
  