{
	"format_version": "1.8.0",
	"animations": {
		"animation.mounstle.ground_idle": {
			"loop": true,
			"animation_length": 4.8,
			"bones": {
				"bone": {
					"rotation": {
						"0.0": [0, 0, 0],
						"1.2": [0, 0, -2.5],
						"2.4": [0, 0, 0],
						"3.6": [0, 0, 2.5],
						"4.8": [0, 0, 0]
					}
				},
				"head": {
					"rotation": {
						"0.0": [0, 0, 0],
						"1.2": [7.5, 0, 0],
						"2.4": [0, 0, 0],
						"3.6": [-7.5, 0, 0],
						"4.8": [0, 0, 0]
					}
				}
			}
		},
		"animation.mounstle.ground_walk": {
			"loop": true,
			"animation_length": 0.96,
			"bones": {
				"bone": {
					"rotation": {
						"0.0": [0, 0, -5],
						"0.24": [0, 0, 0],
						"0.48": [0, 0, 5],
						"0.72": [0, 0, 0],
						"0.96": [0, 0, -5]
					}
				},
				"head": {
					"rotation": {
						"0.0": [9.96271, 0.86717, -4.92442],
						"0.24": [7.5, 0, 0],
						"0.48": [9.96271, -0.86717, 4.92442],
						"0.72": [7.5, 0, 0],
						"0.96": [9.96271, 0.86717, -4.92442]
					}
				},
				"leg": {
					"rotation": {
						"0.0": [-10, 0, 0],
						"0.24": [10, 0, 0],
						"0.48": [-10, 0, 0],
						"0.72": [10, 0, 0],
						"0.96": [-10, 0, 0]
					}
				},
				"leg2": {
					"rotation": {
						"0.0": [10, 0, 0],
						"0.24": [-10, 0, 0],
						"0.48": [10, 0, 0],
						"0.72": [-10, 0, 0],
						"0.96": [10, 0, 0]
					}
				},
				"leg3": {
					"rotation": {
						"0.0": [-10, 0, 0],
						"0.24": [10, 0, 0],
						"0.48": [-10, 0, 0],
						"0.72": [10, 0, 0],
						"0.96": [-10, 0, 0]
					}
				},
				"leg4": {
					"rotation": {
						"0.0": [10, 0, 0],
						"0.24": [-10, 0, 0],
						"0.48": [10, 0, 0],
						"0.72": [-10, 0, 0],
						"0.96": [10, 0, 0]
					}
				}
			}
		}
	}
}