{
  "head": "head",
  "portraitScale": 1.75,
  "portraitTranslation": [-0.2, 0.8, 0],
  "profileScale": 0.75,
  "profileTranslation": [0, 0.8, 0],
  "poses": {
    "standing": {
      "poseName": "standing",
      "transformTicks": 10,
      "poseTypes": ["STAND", "NONE", "PORTRAIT", "PROFILE", "FLOAT"],
      "animations": [
        "look",
        "bedrock(airpy, ground_idle)"
      ]
    },
    "walking": {
      "poseName": "walking",
      "transformTicks": 10,
      "poseTypes": ["WALK", "SWIM"],
      "animations": [
        "bedrock(airpy, ground_idle)"
      ]
    },
    "hovering": {
      "poseName": "hovering",
      "transformTicks": 10,
      "poseTypes": ["HOVER"],
      "animations": [
        "look",
        "bedrock(airpy, ground_idle)"
      ]
    },
    "flying": {
      "poseName": "flying",
      "transformTicks": 10,
      "poseTypes": ["FLY"],
      "animations": [
        "bedrock(airpy, ground_idle)"
      ]
    }
  }
}