{
  "head": "head",
  "portraitScale": 1.5,
  "portraitTranslation": [-0.7, 3.0, 0],
  "profileScale": 0.4,
  "profileTranslation": [0, 1.15, 0],
  "poses": {
    "standing": {
      "poseName": "standing",
      "transformTicks": 10,
      "poseTypes": ["STAND", "NONE", "PORTRAIT", "PROFILE", "FLOAT"],
      "animations": [
        "bedrock(alpioca, ground_idle)",
        "look"
      ]
    },
    "walking": {
      "poseName": "walking",
      "transformTicks": 10,
      "poseTypes": ["WALK", "SWIM"],
      "animations": [
        "bedrock(alpioca, ground_walk)",
        "look"
      ]
    },
    "sleeping": {
      "poseName": "sleeping",
      "transformTicks": 10,
      "poseTypes": [ "SLEEP" ],
      "animations": [ "bedrock(alpioca, sleep)" ]
    }
  }
}