{
  "head": "head",
  "portraitScale": 2.2,
  "portraitTranslation": [-0.3, 0.2, 0],
  "profileScale": 0.9,
  "profileTranslation": [0, 0.5, 0],
  "poses": {
    "standing": {
      "poseName": "standing",
      "transformTicks": 10,
      "poseTypes": ["STAND", "NONE", "PORTRAIT", "PROFILE", "FLOAT", "SWIM"],
      "animations": [
        "bedrock(amperox, ground_idle)"
      ]
    },
    "walking": {
      "poseName": "walking",
      "transformTicks": 10,
      "poseTypes": ["WALK"],
      "animations": [
        "bedrock(amperox, ground_walk)"
      ]
    }
  }
}