{
  "portraitScale": 1.65,
  "portraitTranslation": [0, -0.6, 0],
  "profileScale": 1,
  "profileTranslation": [0, 0.15, 0],
  "faint": "bedrock(ascrolyte, faint)",
  "poses": {
    "standing": {
      "poseName": "standing",
      "transformTicks": 10,
      "poseTypes": ["STAND", "NONE", "PORTRAIT", "PROFILE", "FLOAT"],
      "animations": [
        "bedrock(ascrolyte, ground_idle)"
      ]
    },
    "walking": {
      "poseName": "walking",
      "transformTicks": 10,
      "poseTypes": ["WALK", "SWIM"],
      "animations": [
        "bedrock(ascrolyte, ground_walk)"
      ]
    },
    "sleeping": {
      "poseName": "sleeping",
      "transformTicks": 10,
      "poseTypes": ["SLEEP"],
      "animations": [
        "bedrock(ascrolyte, sleep)"
      ]
    }
  }
}