{
  "portraitScale": 2.0,
  "portraitTranslation": [0, 0.5, 0],
  "profileScale": 0.8,
  "profileTranslation": [0, 0.6, 0],
  "faint": "bedrock(babito, faint)",
  "poses": {
    "standing": {
      "poseName": "standing",
      "transformTicks": 10,
      "poseTypes": ["STAND", "NONE", "PORTRAIT", "PROFILE"],
      "animations": [
        "bedrock(babito, ground_idle)"
      ]
    },
    "walking": {
      "poseName": "walking",
      "transformTicks": 10,
      "poseTypes": ["WALK"],
      "animations": [
        "bedrock(babito, ground_idle)"
      ]
    },
    "float": {
      "poseName": "floating",
      "transformTicks": 10,
      "poseTypes": ["FLOAT"],
      "animations": [
        "bedrock(babito, water_idle)"
      ]
    },
    "swim": {
      "poseName": "swimming",
      "transformTicks": 5,
      "poseTypes": ["SWIM"],
      "animations": [
        "bedrock(babito, water_swim)"
      ]
    },
    "sleeping":{
      "poseName": "sleeping",
      "transformTicks":10,
      "poseTypes": ["SLEEP"],
      "animations": [
        "bedrock(babito, sleep)"
     ]
    }
  }
}