{
 "head": "head",
 "portraitScale": 1.2,
 "portraitTranslation": [ 0.1, 3, 0 ],
 "profileScale": 0.35,
 "profileTranslation": [ -0.05, 1.2, 0 ],
 "poses": {
   "standing": {
     "poseName": "standing",
     "transformTicks": 10,
     "poseTypes": [
       "STAND",
       "NONE",
       "PORTRAIT",
       "PROFILE"
     ],
     "isBattle": false,
     "animations": [
       "bedrock(brunatee, ground_idle)",
       "bedrock(brunatee, skirt_overlay)",
       "bedrock(brunatee, hair_overlay)"
     ],
     "quirks": [
       {
         "name": "blink",
         "animations": [
           "bedrock(brunatee, blink)"
         ]
       }
     ]
   },
   "walking": {
     "poseName": "walking",
     "transformTicks": 10,
     "poseTypes": [
       "WALK"
     ],
     "animations": [
       "bedrock(brunatee, ground_walk)",
       "bedrock(brunatee, skirt_overlay)",
       "bedrock(brunatee, hair_overlay)"
     ],
     "quirks": [
       {
         "name": "blink",
         "animations": [
           "bedrock(brunatee, blink)"
         ]
       }
     ]
   },
   "swimming": {
     "poseName": "swimming",
     "transformTicks": 10,
     "poseTypes": [
       "SWIM"
     ],
     "animations": [
       "bedrock(brunatee, water_swim)",
       "bedrock(brunatee, skirt_overlay)",
       "bedrock(brunatee, hair_overlay)"
     ],
     "quirks": [
       {
         "name": "blink",
         "animations": [
           "bedrock(brunatee, blink)"
         ]
       }
     ]
   },
   "floating": {
     "poseName": "floating",
     "transformTicks": 10,
     "poseTypes": [
       "FLOAT"
     ],
     "animations": [
       "bedrock(brunatee, water_idle)",
       "bedrock(brunatee, skirt_overlay)",
       "bedrock(brunatee, hair_overlay)"
     ],
     "quirks": [
       {
         "name": "blink",
         "animations": [
           "bedrock(brunatee, blink)"
         ]
       }
     ]
   },
   "battle-idle": {
     "poseName": "battle-idle",
     "transformTicks": 10,
     "poseTypes": ["STAND"],
     "isBattle": true,
     "animations": [
         "bedrock(brunatee, battle_idle)",
         "bedrock(brunatee, skirt_overlay)",
         "bedrock(brunatee, hair_overlay)"
         ],
     "quirks": [
       {
         "name": "blink",
         "animations": ["bedrock(brunatee, blink)"]
       }
     ]
   }
 }
}