{
  "portraitScale": 2.7,
  "portraitTranslation": [0, -2.25, 0],
  "profileScale": 1,
  "profileTranslation": [0, 0.15, 0],
  "poses": {
    "standing": {
      "poseName": "standing",
      "transformTicks": 10,
      "poseTypes": ["STAND", "NONE", "PORTRAIT", "PROFILE", "FLOAT"],
      "animations": [
        "bedrock(bugbyte, air_idle)"
      ]
    },
    "flying": {
        "poseName": "flying",
        "transformTicks": 10,
        "poseTypes": ["FLY", "SWIM", "WALK"],
        "animations": [
            "bedrock(bugbyte, air_idle)"
        ]
    },
    "hovering": {
      "poseName": "hovering",
      "transformTicks": 10,
      "poseTypes": ["HOVER"],
      "animations": [
            "bedrock(bugbyte, air_idle)"
      ]
    }
  }
}