{
  "portraitScale": 2.8,
  "portraitTranslation": [-0.5, -1.0, 0],
  "profileScale": 1,
  "profileTranslation": [0, 0.15, 0],
  "poses": {
    "standing": {
      "poseName": "standing",
      "transformTicks": 10,
      "poseTypes": ["STAND", "NONE", "PORTRAIT", "PROFILE", "FLOAT"],
      "animations": [
        "bedrock(cannoling, ground_idle)"
      ]
    },
    "walking": {
      "poseName": "walking",
      "transformTicks": 10,
      "poseTypes": ["WALK", "SWIM"],
      "animations": [
        "bedrock(cannoling, ground_walk)"
      ]
    }
  }
}