{
  "portraitScale": 2.1,
  "portraitTranslation": [0.2, -0.9, 0],
  "profileScale": 1,
  "profileTranslation": [0, 0.15, 0],
  "poses": {
    "standing": {
      "poseName": "standing",
      "transformTicks": 10,
      "isBattle": false,
      "poseTypes": ["STAND", "NONE"],
      "animations": [
        "bedrock(cephalange, ground_idle)"
      ]
    },
    "walking": {
      "poseName": "walking",
      "transformTicks": 10,
      "poseTypes": ["WALK"],
      "animations": [
        "bedrock(cephalange, ground_walk)"
      ]
    },
    "floating": {
        "poseName": "floating",
        "transformTicks": 5,
        "poseTypes": ["FLOAT", "PORTRAIT", "PROFILE"],
        "animations": [
            "bedrock(cephalange, water_idle)"
        ]
    },
    "swimming": {
        "poseName": "swimming",
        "transformTicks": 5,
        "poseTypes": ["SWIM"],
        "animations": [
            "bedrock(cephalange, water_swim)"
            ]
    },
    "battle-idle": {
      "poseName": "battle-idle",
      "transformTicks": 10,
      "poseTypes": ["STAND"],
      "isBattle": true,
      "animations": [
        "bedrock(cephalange, battle_idle)"
      ]
    }
  }
}