{
  "head": "head",
  "portraitScale": 2.35,
  "portraitTranslation": [0, -0.7, 0],
  "profileScale": 1,
  "profileTranslation": [0, 0.15, 0],
  "poses": {
    "standing": {
      "poseName": "standing",
      "transformTicks": 10,
      "poseTypes": ["STAND", "NONE", "PORTRAIT", "PROFILE", "FLOAT"],
      "animations": [
        "bedrock(croppup, ground_idle)",
        "look"
      ]
    },
    "walking": {
      "poseName": "walking",
      "transformTicks": 10,
      "poseTypes": ["WALK", "SWIM"],
      "animations": [
        "bedrock(croppup, ground_walk)",
        "look"
      ]
    }
  }
}