{
  "portraitScale": 1.65,
  "portraitTranslation": [0, -0.1, 0],
  "profileScale": 0.85,
  "profileTranslation": [0, 0.3, 0],
  "poses": {
    "standing": {
      "poseName": "standing",
      "transformTicks": 10,
      "poseTypes": ["STAND", "NONE", "PORTRAIT", "PROFILE", "FLOAT"],
      "animations": [
        "bedrock(crypalis, ground_idle)"
      ]
    },
    "walking": {
      "poseName": "walking",
      "transformTicks": 10,
      "poseTypes": ["WALK", "SWIM"],
      "animations": [
        "bedrock(crypalis, ground_idle)"
      ]
    }
  }
}