{
  "portraitScale": 1.1,
  "portraitTranslation": [0, 0.3, 0],
  "profileScale": 1,
  "profileTranslation": [0, 0.4, 0],
  "poses": {
    "standing": {
      "poseName": "standing",
      "transformTicks": 10,
      "poseTypes": ["STAND", "NONE", "PORTRAIT", "PROFILE", "FLOAT"],
      "animations": [
        "bedrock(debugs_shiny, ground_idle)",
		"bedrock(debugs_shiny, spin_overlay)"
      ]
    },
    "flying": {
        "poseName": "flying",
        "transformTicks": 10,
        "poseTypes": ["FLY","SWIM","WALK"],
        "animations": [
            "bedrock(debugs_shiny, ground_idle)",
			"bedrock(debugs_shiny, spin_overlay)"
        ]
    },
    "hovering": {
      "poseName": "hovering",
      "transformTicks": 10,
      "poseTypes": ["HOVER"],
      "animations": [
            "bedrock(debugs_shiny, ground_idle)",
			"bedrock(debugs_shiny, spin_overlay)"
      ]
    }
  }
}