{
  "head": "head",
  "portraitScale": 1.85,
  "portraitTranslation": [-0.4, 0, 0],
  "profileScale": 0.65,
  "profileTranslation": [0, 0.8, 0],
  "poses": {
    "standing": {
      "poseName": "standing",
      "transformTicks": 10,
      "poseTypes": ["STAND", "NONE", "PORTRAIT", "PROFILE", "FLOAT"],
      "animations": [
        "bedrock(desmotel, ground_idle)",
        "look"
      ]
    },
    "walking": {
      "poseName": "walking",
      "transformTicks": 10,
      "poseTypes": ["WALK", "SWIM"],
      "animations": [
        "bedrock(desmotel, ground_walk)",
        "look"
      ]
    },
    "battle-standing": {
      "poseName": "battle-standing",
      "poseTypes": ["STAND"],
      "isBattle": true,
      "animations": [
        "bedrock(desmotel, battle_idle)"
      ]
    }
  }
}