{
  "head": "head",
  "portraitScale": 1.7,
  "portraitTranslation": [0.1, -0.2, 0],
  "profileScale": 1.0,
  "profileTranslation": [0.1, 0.3, 0.2],
  "poses": {
    "standing": {
      "poseName": "standing",
      "transformTicks": 10,
      "poseTypes": ["STAND", "NONE", "PORTRAIT", "PROFILE"],
      "animations": [
        "look",
        "bedrock(drosphilia, male_air_idle)"
      ]
    },
    "walking": {
      "poseName": "walking",
      "transformTicks": 10,
      "poseTypes": ["WALK"],
      "animations": [
        "bedrock(drosphilia, male_air_idle)"
      ]
    },
    "hovering": {
      "poseName": "hovering",
      "transformTicks": 10,
      "poseTypes": ["HOVER"],
      "animations": [
        "look",
        "bedrock(drosphilia, male_air_idle)"
      ]
    },
    "flying": {
      "poseName": "flying",
      "transformTicks": 10,
      "poseTypes": ["FLY"],
      "animations": [
        "bedrock(drosphilia, male_air_idle)"
      ]
    }
  }
}