{
  "portraitScale": 3,
  "portraitTranslation": [-0.2, -2.8, 0],
  "profileScale": 1,
  "profileTranslation": [-0.1, 0, 0],
  "poses": {
    "standing": {
      "poseName": "standing",
      "transformTicks": 10,
      "poseTypes": ["STAND", "NONE"],
      "animations": [
        "bedrock(emposter, water_idle)"
      ]
    },
    "walking": {
      "poseName": "walking",
      "transformTicks": 10,
      "poseTypes": ["WALK"],
      "animations": [
        "bedrock(emposter, water_swim)"
      ]
    },
    "floating": {
        "poseName": "floating",
        "transformTicks": 5,
        "poseTypes": ["FLOAT"],
        "animations": [
            "bedrock(emposter, water_idle)"
        ]
    },
    "swimming": {
        "poseName": "swimming",
        "transformTicks": 5,
        "poseTypes": ["SWIM", "PORTRAIT", "PROFILE"],
        "animations": [
            "bedrock(emposter, water_swim)"
            ]
    }
  }
}