{
 "head": "head",
 "portraitScale": 1.5,
 "portraitTranslation": [ -0.5, -0.9, 0 ],
 "profileScale": 0.8,
 "profileTranslation": [ -0.05, 0.2, 0 ],
 "poses": {
   "standing": {
     "poseName": "standing",
     "transformTicks": 10,
     "poseTypes": [
       "STAND",
       "NONE",
       "PORTRAIT",
       "PROFILE"
     ],
     "animations": [
       "bedrock(fanatee, ground_idle)"
     ],
     "quirks": [
       {
         "name": "blink",
         "animations": [
           "bedrock(fanatee, blink)"
         ]
       }
     ]
   },
   "walking": {
     "poseName": "walking",
     "transformTicks": 10,
     "poseTypes": [
       "WALK"
     ],
     "animations": [
       "bedrock(fanatee, ground_walk)"
     ],
     "quirks": [
       {
         "name": "blink",
         "animations": [
           "bedrock(fanatee, blink)"
         ]
       }
     ]
   },
   "sleeping": {
     "poseName": "sleeping",
     "transformTicks": 10,
     "poseTypes": [
       "SLEEP"
     ],
     "animations": [
       "bedrock(fanatee, sleep)"
     ]
   },
   "swimming": {
     "poseName": "swimming",
     "transformTicks": 10,
     "poseTypes": [
       "SWIM"
     ],
     "animations": [
       "bedrock(fanatee, water_swim)"
     ],
     "quirks": [
       {
         "name": "blink",
         "animations": [
           "bedrock(fanatee, blink)"
         ]
       }
     ]
   },
   "floating": {
     "poseName": "floating",
     "transformTicks": 10,
     "poseTypes": [
       "FLOAT"
     ],
     "animations": [
       "bedrock(fanatee, water_idle)"
     ],
     "quirks": [
       {
         "name": "blink",
         "animations": [
           "bedrock(fanatee, blink)"
         ]
       }
     ]
   }
 }
}