{
  "head": "head",
  "portraitScale": 2.2,
  "portraitTranslation": [0, 0, 0],
  "profileScale": 0.8,
  "profileTranslation": [-0.1, 0.5, 0],
  "poses": {
    "standing": {
      "poseName": "standing",
      "transformTicks": 10,
      "poseTypes": ["STAND", "NONE", "PORTRAIT", "PROFILE", "FLOAT"],
      "animations": [
        "look",
        "bedrock(fenskito, ground_idle)"
      ]
    },
    "walking": {
      "poseName": "walking",
      "transformTicks": 10,
      "poseTypes": ["WALK"],
      "animations": [
        "look",
        "bedrock(fenskito, ground_walk)"
      ]
    }
  }
}