{
  "portraitScale": 2,
  "portraitTranslation": [ -0.1, -0.2, 0 ],
  "profileScale": 0.9,
  "profileTranslation": [ 0, 0.5, 0 ],
  "faint": "bedrock(funerun, faint)",
  "poses": {
    "standing": {
      "poseName": "standing",
      "transformTicks": 10,
      "poseTypes": [
        "STAND",
        "NONE",
        "PORTRAIT",
        "PROFILE"
      ],
      "animations": [ "bedrock(funerun, ground_idle)" ]
    },
    "walking": {
      "poseName": "walking",
      "transformTicks": 10,
      "poseTypes": [ "WALK" ],
      "animations": [ "bedrock(funerun, ground_walk)" ]
    },
    "sleeping": {
      "poseName": "sleeping",
      "transformTicks": 10,
      "poseTypes": [ "SLEEP" ],
      "animations": [ "bedrock(funerun, sleep)" ]
    }
  }
}