{
  "portraitScale": 1.65,
  "portraitTranslation": [0, -0.7, 0],
  "profileScale": 1.2,
  "profileTranslation": [0, -0.1, 0],
  "poses": {
    "standing": {
      "poseName": "standing",
      "transformTicks": 10,
      "poseTypes": ["STAND", "NONE", "PORTRAIT", "PROFILE", "FLOAT"],
      "animations": [
        "bedrock(googaloothwomp, ground_idle)"
      ]
    },
    "walking": {
      "poseName": "walking",
      "transformTicks": 10,
      "poseTypes": ["WALK"],
      "animations": [
        "bedrock(googaloothwomp, ground_idle)"
      ]
    }
  }
}