{
  "portraitScale": 3,
  "portraitTranslation": [0, -3, 0],
  "profileScale": 1.1,
  "profileTranslation": [0, -0.1, 0],
  "poses": {
    "standing": {
      "poseName": "standing",
      "transformTicks": 10,
      "poseTypes": ["STAND", "NONE", "PORTRAIT", "PROFILE", "FLOAT"],
      "animations": [
        "bedrock(gubble, ground_idle)"
      ]
    },
    "walking": {
      "poseName": "walking",
      "transformTicks": 10,
      "poseTypes": ["WALK"],
      "animations": [
        "bedrock(gubble, ground_walk)"
      ]
    }
  }
}