{
  "head": "head",
  "portraitScale": 2.8,
  "portraitTranslation": [ -0.2, 1.3, 0 ],
  "profileScale": 0.65,
  "profileTranslation": [ 0, 0.7, 0 ],
  "poses": {
    "standing": {
      "poseName": "standing",
      "transformTicks": 10,
      "poseTypes": [
        "STAND",
        "NONE",
        "PORTRAIT",
        "PROFILE"
      ],
      "animations": [ "bedrock(gyweld, ground_idle)", "look" ]
    },
    "walking": {
      "poseName": "walking",
      "transformTicks": 10,
      "poseTypes": [ "WALK" ],
      "animations": [ "bedrock(gyweld, ground_walk)" ]
    },
    "sleeping": {
      "poseName": "sleeping",
      "transformTicks": 10,
      "poseTypes": [ "SLEEP" ],
      "animations": [ "bedrock(gyweld, sleep)" ]
    }
  }
}