{
  "head": "head",
  "portraitScale": 1.8,
  "portraitTranslation": [-1.4, -0.1, 0],
  "profileScale": 0.6,
  "profileTranslation": [-0.2, 0.7, 0],
  "faint": "bedrock(hallucerebra, faint)",
  "poses": {
    "standing": {
      "poseName": "standing",
      "transformTicks": 10,
      "poseTypes": ["STAND", "NONE", "PORTRAIT", "PROFILE", "FLOAT"],
      "animations": [
        "bedrock(hallucerebra, ground_idle)",
        "look"
      ]
    },
    "walking": {
      "poseName": "walking",
      "transformTicks": 10,
      "poseTypes": ["WALK", "SWIM"],
      "animations": [
        "bedrock(hallucerebra, ground_walk)",
        "look"
      ]
    }
  }
}