{
  "head": "head",
  "portraitScale": 2.1,
  "portraitTranslation": [ -0.8, 1.8, 0 ],
  "profileScale": 0.4,
  "profileTranslation": [ 0, 1, 0 ],
  "faint": "bedrock(holinoli, air_idle)",
  "poses": {
    "standing": {
      "poseName": "standing",
      "transformTicks": 10,
      "poseTypes": [
        "STAND",
        "NONE",
        "PORTRAIT",
        "PROFILE"
      ],
      "animations": [ "bedrock(holinoli, air_idle)", "look" ]
    },
    "flying": {
        "poseName": "flying",
        "transformTicks": 10,
        "poseTypes": ["FLY"],
        "animations": [
            "bedrock(holinoli, air_fly)",
            "look"
        ]
    },
    "hovering": {
      "poseName": "hovering",
      "transformTicks": 10,
      "poseTypes": ["HOVER"],
      "animations": [
        "bedrock(holinoli, air_fly)",
        "look"
      ]
    },
    "sleeping": {
      "poseName": "sleeping",
      "transformTicks": 10,
      "poseTypes": [ "SLEEP" ],
      "animations": [ "bedrock(holinoli, sleep)" ]
    }
  }
}