{
  "portraitScale": 2,
  "portraitTranslation": [ 0, -0.5, 0 ],
  "profileScale": 0.5,
  "profileTranslation": [ 0.1, 0.8, 0 ],
  "faint": "bedrock(hueblow, ground_idle)",
  "poses": {
    "standing": {
      "poseName": "standing",
      "transformTicks": 10,
      "poseTypes": [
        "STAND",
        "NONE",
        "PORTRAIT",
        "PROFILE"
      ],
      "animations": [ "bedrock(hueblow, ground_idle)" ]
    },
    "flying": {
        "poseName": "flying",
        "transformTicks": 10,
        "poseTypes": ["FLY", "WALK"],
        "animations": [
            "bedrock(hueblow, ground_idle)"
        ]
    },
    "hovering": {
      "poseName": "hovering",
      "transformTicks": 10,
      "poseTypes": ["HOVER"],
      "animations": [
        "bedrock(hueblow, ground_idle)"
      ]
    }
  }
}