{
  "portraitScale": 2.5,
  "portraitTranslation": [-0.3, -1.8, 0],
  "profileScale": 1,
  "profileTranslation": [0, 0.15, 0],
  "poses": {
    "standing": {
      "poseName": "standing",
      "transformTicks": 10,
      "poseTypes": ["STAND", "NONE", "PORTRAIT", "PROFILE", "FLOAT"],
      "animations": [
        "bedrock(hydron, ground_idle)"
      ]
    },
    "walking": {
      "poseName": "walking",
      "transformTicks": 10,
      "poseTypes": ["WALK"],
      "animations": [
        "bedrock(hydron, ground_idle)"
      ]
    },
    "flying": {
        "poseName": "flying",
        "transformTicks": 10,
        "poseTypes": ["FLY"],
        "animations": [
            "bedrock(hydron, ground_idle)"
        ]
    },
    "floating": {
        "poseName": "floating",
        "transformTicks": 10,
        "poseTypes": ["FLOAT"],
        "animations": [
            "bedrock(hydron, ground_idle)"
        ]
    },
    "swimming": {
        "poseName": "swimming",
        "transformTicks": 10,
        "poseTypes": ["SWIM"],
        "animations": [
            "bedrock(hydron, ground_idle)"
            ]
    }
  }
}