{
  "portraitScale": 1.7,
  "portraitTranslation": [ -1, 2.9, 0 ],
  "profileScale": 0.4,
  "profileTranslation": [ 0, 1.3, 0 ],
  "poses": {
    "standing": {
      "poseName": "standing",
      "transformTicks": 10,
      "poseTypes": [
        "STAND",
        "FLOAT",
        "NONE",
        "PORTRAIT",
        "PROFILE"
      ],
      "isBattle": false,
      "animations": [ "bedrock(jodoki, ground_idle)"],
      "quirks": [
       {
         "name": "blink",
         "animations": ["bedrock(jodoki, blink)"]
       }
     ]
    },
    "walking": {
      "poseName": "walking",
      "transformTicks": 10,
      "poseTypes": [ "WALK", "SWIM" ],
      "isBattle": false,
      "animations": [ "bedrock(jodoki, ground_walk)" ],
      "quirks": [
       {
         "name": "blink",
         "animations": ["bedrock(jodoki, blink)"]
       }
     ]
    },
    "battle-idle": {
      "poseName": "battle-idle",
      "transformTicks": 10,
      "poseTypes": [ "STAND", "FLOAT" ],
      "isBattle": true,
      "animations": [ "bedrock(jodoki, battle_idle)" ],
      "quirks": [
       {
         "name": "blink",
         "animations": ["bedrock(jodoki, blink)"]
       }
     ]
    }
  }
}