{
  "head": "head",
  "portraitScale": 2.2,
  "portraitTranslation": [-0.1, 1, 0],
  "profileScale": 0.5,
  "profileTranslation": [0, 0.8, 0],
  "poses": {
    "standing": {
      "poseName": "standing",
      "transformTicks": 10,
      "poseTypes": ["STAND", "NONE", "PORTRAIT", "PROFILE"],
      "animations": [
        "look",
        "bedrock(kamerog, ground_idle)"
      ]
    },
    "walking": {
      "poseName": "walking",
      "transformTicks": 10,
      "poseTypes": ["WALK"],
      "animations": [
        "bedrock(kamerog, ground_idle)"
      ]
    },
    "hovering": {
      "poseName": "hovering",
      "transformTicks": 10,
      "poseTypes": ["HOVER"],
      "animations": [
        "look",
        "bedrock(kamerog, ground_idle)"
      ]
    },
    "flying": {
      "poseName": "flying",
      "transformTicks": 10,
      "poseTypes": ["FLY"],
      "animations": [
        "bedrock(kamerog, ground_idle)"
      ]
    }
  }
}