{
  "portraitScale": 2,
  "portraitTranslation": [ 0, -1.3, 0 ],
  "profileScale": 0.55,
  "profileTranslation": [ 0, 0.95, 0 ],
  "poses": {
    "standing": {
      "poseName": "standing",
      "transformTicks": 10,
      "poseTypes": [
        "STAND",
        "NONE",
        "PORTRAIT",
        "PROFILE"
      ],
      "animations": [ 
          "bedrock(karoshicore, ground_idle)" 
      ]
    },
    "walking": {
      "poseName": "walking",
      "transformTicks": 10,
      "poseTypes": [ "WALK" ],
      "animations": [ "bedrock(karoshicore, ground_idle)" ]
    }
  }
}