{
  "portraitScale": 2,
  "portraitTranslation": [-0.2, -1.5, 0],
  "profileScale": 0.7,
  "profileTranslation": [0, 0.5, 0],
  "poses": {
    "standing": {
      "poseName": "standing",
      "transformTicks": 10,
      "poseTypes": ["STAND", "NONE", "PORTRAIT", "PROFILE", "FLOAT"],
      "animations": [
        "bedrock(larvern, ground_idle)"
      ]
    },
    "walking": {
      "poseName": "walking",
      "transformTicks": 10,
      "poseTypes": ["WALK"],
      "animations": [
        "bedrock(larvern, ground_walk)"
      ]
    }
  }
}