{
  "head": "head",
  "portraitScale": 2,
  "portraitTranslation": [0, 0.8, 0],
  "profileScale": 0.7,
  "profileTranslation": [0, 0.7, 0],
  "poses": {
    "standing": {
      "poseName": "standing",
      "transformTicks": 10,
      "poseTypes": ["STAND", "NONE", "PORTRAIT", "PROFILE", "FLOAT"],
      "animations": [
        "bedrock(lunage, ground_idle)",
        "look"
      ]
    },
    "walking": {
      "poseName": "walking",
      "transformTicks": 0,
      "poseTypes": ["WALK"],
      "animations": [
        "bedrock(lunage, ground_walk)",
        "bedrock(lunage, ground_idle)"
      ]
    }
  }
}