{
  "portraitScale": 1.6,
  "portraitTranslation": [-0.5, 12.2, 0],
  "profileScale": 0.15,
  "profileTranslation": [0, 1.6, 0],
  "poses": {
    "standing": {
      "poseName": "standing",
      "transformTicks": 10,
      "poseTypes": ["STAND", "NONE"],
      "animations": [
        "bedrock(magnipulo, ground_idle)"
      ]
    },
    "walking": {
      "poseName": "walking",
      "transformTicks": 10,
      "poseTypes": ["WALK"],
      "animations": [
        "bedrock(magnipulo, ground_idle)",
        "bedrock(magnipulo, ground_walk)"
      ]
    },
    "floating": {
        "poseName": "floating",
        "transformTicks": 5,
        "poseTypes": ["FLOAT", "PORTRAIT", "PROFILE"],
        "animations": [
            "bedrock(magnipulo, water_idle)"
        ]
    },
    "swimming": {
        "poseName": "swimming",
        "transformTicks": 5,
        "poseTypes": ["SWIM"],
        "animations": [
            "bedrock(magnipulo, water_idle)",
            "bedrock(magnipulo, water_swim)"
            ]
    }
  }
}