{
  "head": "head",
  "portraitScale": 2,
  "portraitTranslation": [0, -0.1, 0],
  "profileScale": 0.7,
  "profileTranslation": [0, 0.65, 0],
  "poses": {
    "standing": {
      "poseName": "standing",
      "transformTicks": 10,
      "poseTypes": ["STAND", "NONE", "PORTRAIT", "PROFILE", "FLOAT"],
      "animations": [
        "look",
        "bedrock(maractaya, ground_idle)"
      ]
    },
    "walking": {
      "poseName": "walking",
      "transformTicks": 10,
      "poseTypes": ["WALK"],
      "animations": [
        "look",
        "bedrock(maractaya, ground_idle)"
      ]
    }
  }
}