{
  "portraitScale": 1.65,
  "portraitTranslation": [-0.4, -0.5, 0],
  "profileScale": 0.7,
  "profileTranslation": [0.1, 0.5, 0],
  "poses": {
    "standing": {
      "poseName": "standing",
      "transformTicks": 10,
      "poseTypes": ["STAND", "NONE"],
      "animations": [
        "bedrock(masquerjade, water_idle)"
      ]
    },
    "walking": {
      "poseName": "walking",
      "transformTicks": 10,
      "poseTypes": ["WALK"],
      "animations": [
        "bedrock(masquerjade, water_swim)"
      ]
    },
    "floating": {
        "poseName": "floating",
        "transformTicks": 5,
        "poseTypes": ["FLOAT"],
        "animations": [
            "bedrock(masquerjade, water_idle)"
        ]
    },
    "swimming": {
        "poseName": "swimming",
        "transformTicks": 5,
        "poseTypes": ["SWIM", "PORTRAIT", "PROFILE"],
        "animations": [
            "bedrock(masquerjade, water_swim)"
            ]
    }
  }
}