{
  "head": "head",
  "portraitScale": 2,
  "portraitTranslation": [-0.4, 1.7, 0],
  "profileScale": 0.4,
  "profileTranslation": [0, 1.1, 0],
  "poses": {
    "standing": {
      "poseName": "standing",
      "transformTicks": 1,
      "poseTypes": ["STAND", "NONE", "PORTRAIT", "PROFILE", "FLOAT"],
      "animations": [
        "bedrock(misteamie, ground_idle)"
      ]
    },
    "walking": {
      "poseName": "walking",
      "transformTicks": 1,
      "poseTypes": ["WALK"],
      "animations": [
        "bedrock(misteamie, ground_walk)"
      ]
    }
  }
}