{
  "head": "head",
  "portraitScale": 2.1,
  "portraitTranslation": [ 0, -0.2, 0 ],
  "profileScale": 0.7,
  "profileTranslation": [ 0, 0.7, 0 ],
  "poses": {
    "standing": {
      "poseName": "standing",
      "transformTicks": 10,
      "poseTypes": [
        "STAND",
        "NONE",
        "PORTRAIT",
        "PROFILE"
      ],
      "animations": [ "bedrock(nephigan, ground_idle)", "look" ]
    },
    "walking": {
      "poseName": "walking",
      "transformTicks": 10,
      "poseTypes": [ "WALK" ],
      "animations": [ "bedrock(nephigan, ground_walk)" ]
    }
  }
}