{
  "portraitScale": 1.6,
  "portraitTranslation": [-0.6, -0.8, 0],
  "profileScale": 0.5,
  "profileTranslation": [-0.1, 0.8, 0],
  "faint": "bedrock(nurumone, faint)",
  "poses": {
    "standing": {
      "poseName": "standing",
      "transformTicks": 1,
      "poseTypes": ["STAND", "NONE", "PORTRAIT", "PROFILE"],
      "animations": [
        "bedrock(nurumone, ground_idle)"
      ]
    },
    "walking": {
      "poseName": "walking",
      "transformTicks": 1,
      "poseTypes": ["WALK"],
      "animations": [
        "bedrock(nurumone, ground_walk)"
      ]
    },
    "floating": {
      "poseName": "floating",
      "transformTicks": 1,
      "poseTypes": ["FLOAT"],
      "animations": [
        "bedrock(nurumone, water_idle)"
      ]
    },
    "swimming": {
      "poseName": "swimming",
      "transformTicks": 1,
      "poseTypes": ["SWIM"],
      "animations": [
        "bedrock(nurumone, water_swim)"
      ]
    }
  }
}