{
  "portraitScale": 1,
  "portraitTranslation": [-0.2, 0.4, 0],
  "profileScale": 0.4,
  "profileTranslation": [-0.1, 1, 0],
  "poses": {
    "standing": {
      "poseName": "standing",
      "transformTicks": 10,
      "poseTypes": ["STAND", "NONE", "PORTRAIT", "PROFILE", "FLOAT"],
      "animations": [
        "bedrock(oremand, ground_idle)"
      ]
    },
    "walking": {
      "poseName": "walking",
      "transformTicks": 10,
      "poseTypes": ["WALK"],
      "animations": [
        "bedrock(oremand, ground_walk)"
      ]
    }
  }
}