{
  "portraitScale": 1.4,
  "portraitTranslation": [-0.2, -0.4, 0],
  "profileScale": 0.7,
  "profileTranslation": [0, 0.6, 0],
  "poses": {
    "standing": {
      "poseName": "standing",
      "transformTicks": 10,
      "poseTypes": ["STAND", "NONE", "PORTRAIT", "PROFILE", "FLOAT"],
      "animations": [
        "bedrock(pikapod, ground_idle)"
      ]
    },
    "walking": {
      "poseName": "walking",
      "transformTicks": 10,
      "poseTypes": ["WALK", "SWIM"],
      "animations": [
        "bedrock(pikapod, ground_walk)"
      ]
    },
    "leftshoulder": {
     "poseName": "leftshoulder",
     "transformTicks": 10,
     "poseTypes": [
       "SHOULDER_LEFT"
     ],
     "animations": [
       "bedrock(pikapod, shoulder_left)"
     ]
   },
   "rightshoulder": {
     "poseName": "rightshoulder",
     "transformTicks": 10,
     "poseTypes": [
       "SHOULDER_RIGHT"
     ],
     "animations": [
       "bedrock(pikapod, shoulder_right)"
     ]
   }
  }
}