{
  "portraitScale": 2,
  "portraitTranslation": [0, 0.3, 0],
  "profileScale": 0.6,
  "profileTranslation": [0, 0.8, 0],
  "poses": {
    "standing": {
      "poseName": "standing",
      "transformTicks": 10,
      "poseTypes": ["STAND", "NONE", "PORTRAIT", "PROFILE", "FLOAT"],
      "animations": [
        "bedrock(potatinator, ground_idle)"
      ]
    },
    "walking": {
      "poseName": "walking",
      "transformTicks": 10,
      "poseTypes": ["WALK"],
      "animations": [
        "bedrock(potatinator, ground_walk)"
      ]
    }
  }
}