{
  "head": "head",
  "portraitScale": 1.65,
  "portraitTranslation": [-0.4, 0.5, 0],
  "profileScale": 0.6,
  "profileTranslation": [0.1, 0.8, 0],
  "poses": {
    "standing": {
      "poseName": "standing",
      "transformTicks": 10,
      "isBattle": false,
      "poseTypes": ["STAND", "NONE", "PORTRAIT", "PROFILE", "FLOAT"],
      "animations": [
        "bedrock(protoffin, ground_idle)"
      ]
    },
    "walking": {
      "poseName": "walking",
      "transformTicks": 10,
      "poseTypes": ["WALK"],
      "animations": [
        "bedrock(protoffin, ground_walk)",
        "look"
      ]
    },
    "battle-standing": {
      "poseName": "battle-standing",
      "poseTypes": ["STAND"],
      "isBattle": true,
      "animations": [
        "bedrock(protoffin, battle_idle)"
      ]
    }
  }
}