{
  "head": "head",
  "portraitScale": 2,
  "portraitTranslation": [0, 0.15, 0],
  "profileScale": 0.7,
  "profileTranslation": [0.1, 0.7, 0],
  "poses": {
    "standing": {
      "poseName": "standing",
      "transformTicks": 10,
      "poseTypes": ["STAND", "NONE", "PORTRAIT", "PROFILE", "FLOAT"],
      "isBattle": false,
      "animations": [
        "bedrock(protobi, ground_idle)"
      ]
    },
    "walking": {
      "poseName": "walking",
      "transformTicks": 10,
      "poseTypes": ["WALK"],
      "animations": [
        "bedrock(protobi, ground_walk)",
        "look"
      ]
    },
    "battle-standing": {
      "poseName": "battle-standing",
      "poseTypes": ["STAND"],
      "isBattle": true,
      "animations": [
        "bedrock(protobi, battle_idle)"
      ]
    }
  }
}