{
  "head": "head",
  "portraitScale": 1.8,
  "portraitTranslation": [0, 0, 0],
  "profileScale": 0.8,
  "profileTranslation": [0, 0.4, 0],
  "faint": "bedrock(reita, faint)",
  "poses": {
    "standing": {
      "poseName": "standing",
      "transformTicks": 10,
      "poseTypes": ["STAND", "NONE", "PORTRAIT", "PROFILE"],
      "animations": [
        "look",
        "bedrock(reita, ground_idle)"
      ]
    },
    "walking": {
      "poseName": "walking",
      "transformTicks": 10,
      "poseTypes": ["WALK"],
      "animations": [
        "bedrock(reita, ground_idle)"
      ]
    },
    "hovering": {
      "poseName": "hovering",
      "transformTicks": 10,
      "poseTypes": ["HOVER"],
      "animations": [
        "look",
        "bedrock(reita, ground_idle)"
      ]
    },
    "flying": {
      "poseName": "flying",
      "transformTicks": 10,
      "poseTypes": ["FLY"],
      "animations": [
        "bedrock(reita, ground_idle)"
      ]
    },
    "sleeping":{
      "poseName": "sleeping",
      "transformTicks":10,
      "poseTypes": ["SLEEP"],
      "animations": [
        "bedrock(reita, sleep)"
     ]
    }
  }
}