{
  "portraitScale": 1.3,
  "portraitTranslation": [-1.2, -0.5, 0],
  "profileScale": 0.35,
  "profileTranslation": [0, 1, 0],
  "poses": {
    "standing": {
      "poseName": "standing",
      "transformTicks": 10,
      "poseTypes": ["STAND", "NONE", "PORTRAIT", "PROFILE"],
      "animations": [
        "bedrock(salamarine, water_idle)"
      ]
    },
    "floating": {
        "poseName": "floating",
        "transformTicks": 10,
        "poseTypes": ["FLOAT", "STAND"],
        "animations": [
            "bedrock(salamarine, water_idle)"
        ]
    },
    "swimming": {
        "poseName": "swimming",
        "transformTicks": 10,
        "poseTypes": ["SWIM", "WALK"],
        "animations": [
            "bedrock(salamarine, water_swim)"
        ]
    }
  }
}