{
  "head": "head",
  "portraitScale": 1.8,
  "portraitTranslation": [ 0, -0.5, 0 ],
  "profileScale": 0.6,
  "profileTranslation": [ 0, 0.7, 0 ],
  "poses": {
    "standing": {
      "poseName": "standing",
      "transformTicks": 10,
      "poseTypes": [
        "STAND",
        "NONE",
        "PORTRAIT",
        "PROFILE"
        ],
      "animations": [ "bedrock(saprentice, ground_idle)", "look" ]
    },
    "walking": {
      "poseName": "walking",
      "transformTicks": 10,
      "poseTypes": [ "WALK" ],
      "animations": [ "bedrock(saprentice, ground_walk)" ]
    }
  }
}