{
  "portraitScale": 1.65,
  "portraitTranslation": [-0.2, 1, 0],
  "profileScale": 0.6,
  "profileTranslation": [0, 0.7, 0],
  "poses": {
    "standing": {
      "poseName": "standing",
      "transformTicks": 10,
      "poseTypes": ["STAND", "NONE", "PORTRAIT", "PROFILE", "FLOAT"],
      "animations": [
        "bedrock(shoggolith, ground_idle)"
      ]
    },
    "walking": {
      "poseName": "walking",
      "transformTicks": 10,
      "poseTypes": ["WALK"],
      "animations": [
        "bedrock(shoggolith, ground_walk)"
      ]
    }
  }
}