{
  "portraitScale": 2.2,
  "portraitTranslation": [0.1, -1.6, 0],
  "profileScale": 0.8,
  "profileTranslation": [0, 0.5, 0],
  "poses": {
    "standing": {
      "poseName": "standing",
      "transformTicks": 1,
      "poseTypes": ["STAND", "NONE", "PORTRAIT", "PROFILE", "FLOAT"],
      "animations": [
        "bedrock(snowkie, ground_idle)"
      ]
    },
    "walking": {
      "poseName": "walking",
      "transformTicks": 1,
      "poseTypes": ["WALK"],
      "animations": [
        "bedrock(snowkie, ground_walk)"
      ]
    }
  }
}