{
  "head": "head",
  "portraitScale": 3,
  "portraitTranslation": [-0.1, -1.2, 0],
  "profileScale": 1,
  "profileTranslation": [0, 0.15, 0],
  "poses": {
    "standing": {
      "poseName": "standing",
      "transformTicks": 10,
      "poseTypes": ["STAND", "NONE", "PORTRAIT", "PROFILE", "FLOAT"],
      "animations": [
        "look",
        "bedrock(snowgirl, ground_idle)"
      ]
    },
    "walking": {
      "poseName": "walking",
      "transformTicks": 10,
      "poseTypes": ["WALK"],
      "animations": [
        "look",
        "bedrock(snowgirl, ground_walk)"
      ]
    },
    "shoulder": {
      "poseName": "shoulder",
      "transformTicks": 10,
      "poseTypes": ["SHOULDER_LEFT", "SHOULDER_RIGHT"],
      "animations": [
        "look",
        "bedrock(snowgirl, shoulder_idle)"
      ]
    }
  }
}