{
  "portraitScale": 3,
  "portraitTranslation": [0, -1.8, 0],
  "profileScale": 0.8,
  "profileTranslation": [0, 0.5, 0],
  "poses": {
    "standing": {
      "poseName": "standing",
      "transformTicks": 10,
      "poseTypes": ["STAND", "NONE", "PORTRAIT", "PROFILE", "FLOAT"],
      "animations": [
        "bedrock(taytohtot, ground_idle)"
      ]
    },
    "walking": {
      "poseName": "walking",
      "transformTicks": 10,
      "poseTypes": ["WALK"],
      "animations": [
        "bedrock(taytohtot, ground_walk)"
      ]
    }
  }
}