{
 "head": "head",
 "portraitScale": 2.1,
 "portraitTranslation": [ -0.1, 0.6, 0 ],
 "profileScale": 0.9,
 "profileTranslation": [ -0.05, 0.5, 0 ],
 "animations":{
	"faint": "q.bedrock_primary('thespatine', 'faint', q.curve('one'))",
	"physical": "q.bedrock_primary('thespatine', 'physical', q.curve('symmetrical'))"
 },
 "poses": {
   "standing": {
     "poseName": "standing",
     "transformTicks": 10,
     "poseTypes": [
       "STAND",
       "FLOAT",
       "NONE",
       "PORTRAIT",
       "PROFILE"
     ],
     "animations": [
       "bedrock(thespatine, ground_idle)"
     ],
     "quirks": [
       {
         "name": "blink",
         "animations": [
           "bedrock(thespatine, blink)"
         ]
       }
     ]
   },
   "walking": {
     "poseName": "walking",
     "transformTicks": 10,
     "poseTypes": [
       "WALK",
       "SWIM"
     ],
     "animations": [
       "bedrock(thespatine, ground_walk)"
     ],
     "quirks": [
       {
         "name": "blink",
         "animations": [
           "bedrock(thespatine, blink)"
         ]
       }
     ]
   }
 }
}