{
  "portraitScale": 3,
  "portraitTranslation": [-0.8, -2.8, 0],
  "profileScale": 1,
  "profileTranslation": [0, 0.15, 0],
  "poses": {
    "standing": {
      "poseName": "standing",
      "transformTicks": 10,
      "poseTypes": ["STAND", "NONE", "PORTRAIT", "PROFILE", "FLOAT"],
      "animations": [
        "bedrock(toombie, ground_idle)"
      ]
    },
    "walking": {
      "poseName": "walking",
      "transformTicks": 10,
      "poseTypes": ["WALK"],
      "animations": [
        "bedrock(toombie, ground_idle)"
      ]
    }
  }
}