{
  "portraitScale": 1.3,
  "portraitTranslation": [ -0.6, 3.5, 0 ],
  "profileScale": 0.3,
  "profileTranslation": [ 0, 1.4, 0 ],
  "animations":{
	"special": "q.bedrock_primary('umeltaka', 'special', q.curve('symmetrical'))"
  },
  "poses": {
    "standing": {
      "poseName": "standing",
      "transformTicks": 10,
      "poseTypes": [
        "STAND",
        "FLOAT",
        "NONE",
        "PORTRAIT",
        "PROFILE"
      ],
      "isBattle": false,
      "animations": [ "bedrock(umeltaka, ground_idle)"],
      "quirks": [
       {
         "name": "blink",
         "minSecondsBetweenOccurrences": 12,
         "maxSecondsBetweenOccurrences": 30,
         "animations": ["bedrock(umeltaka, blink)"]
       },
       {
         "name": "blink2",
         "minSecondsBetweenOccurrences": 12,
         "maxSecondsBetweenOccurrences": 30,
         "animations": ["bedrock(umeltaka, blink2)"]
       },
       {
         "name": "blink3",
         "minSecondsBetweenOccurrences": 12,
         "maxSecondsBetweenOccurrences": 30,
         "animations": ["bedrock(umeltaka, blink3)"]
       },
       {
         "name": "blink4",
         "minSecondsBetweenOccurrences": 12,
         "maxSecondsBetweenOccurrences": 30,
         "animations": ["bedrock(umeltaka, blink4)"]
       },
       {
         "name": "blink5",
         "minSecondsBetweenOccurrences": 12,
         "maxSecondsBetweenOccurrences": 30,
         "animations": ["bedrock(umeltaka, blink5)"]
       }
     ]
    },
    "walking": {
      "poseName": "walking",
      "transformTicks": 10,
      "poseTypes": [ "WALK", "SWIM" ],
      "isBattle": false,
      "animations": [ "bedrock(umeltaka, ground_walk)" ],
      "quirks": [
       {
         "name": "blink",
         "minSecondsBetweenOccurrences": 12,
         "maxSecondsBetweenOccurrences": 30,
         "animations": ["bedrock(umeltaka, blink)"]
       },
       {
         "name": "blink2",
         "minSecondsBetweenOccurrences": 12,
         "maxSecondsBetweenOccurrences": 30,
         "animations": ["bedrock(umeltaka, blink2)"]
       },
       {
         "name": "blink3",
         "minSecondsBetweenOccurrences": 12,
         "maxSecondsBetweenOccurrences": 30,
         "animations": ["bedrock(umeltaka, blink3)"]
       },
       {
         "name": "blink4",
         "minSecondsBetweenOccurrences": 12,
         "maxSecondsBetweenOccurrences": 30,
         "animations": ["bedrock(umeltaka, blink4)"]
       },
       {
         "name": "blink5",
         "minSecondsBetweenOccurrences": 12,
         "maxSecondsBetweenOccurrences": 30,
         "animations": ["bedrock(umeltaka, blink5)"]
       }
     ]
    },
    "battle-idle": {
      "poseName": "battle-idle",
      "transformTicks": 10,
      "poseTypes": [ "STAND", "FLOAT" ],
      "isBattle": true,
      "animations": [ "bedrock(umeltaka, battle_idle)" ],
      "quirks": [
       {
         "name": "blink",
         "minSecondsBetweenOccurrences": 12,
         "maxSecondsBetweenOccurrences": 30,
         "animations": ["bedrock(umeltaka, blink)"]
       },
       {
         "name": "blink2",
         "minSecondsBetweenOccurrences": 12,
         "maxSecondsBetweenOccurrences": 30,
         "animations": ["bedrock(umeltaka, blink2)"]
       },
       {
         "name": "blink3",
         "minSecondsBetweenOccurrences": 12,
         "maxSecondsBetweenOccurrences": 30,
         "animations": ["bedrock(umeltaka, blink3)"]
       },
       {
         "name": "blink4",
         "minSecondsBetweenOccurrences": 12,
         "maxSecondsBetweenOccurrences": 30,
         "animations": ["bedrock(umeltaka, blink4)"]
       },
       {
         "name": "blink5",
         "minSecondsBetweenOccurrences": 12,
         "maxSecondsBetweenOccurrences": 30,
         "animations": ["bedrock(umeltaka, blink5)"]
       }
     ]
    }
  }
}