{
  "head": "head",
  "portraitScale": 2,
  "portraitTranslation": [-0.7, -1, 0],
  "profileScale": 0.7,
  "profileTranslation": [0, 0.6, 0],
  "poses": {
    "standing": {
      "poseName": "standing",
      "transformTicks": 10,
      "poseTypes": ["STAND", "NONE", "PORTRAIT", "PROFILE", "FLOAT"],
      "animations": [
        "bedrock(upsigenia, ground_idle)",
        "look"
      ]
    },
    "walking": {
      "poseName": "walking",
      "transformTicks": 10,
      "poseTypes": ["WALK", "SWIM"],
      "animations": [
        "bedrock(upsigenia, ground_walk)",
        "look"
      ]
    },
    "sleeping": {
      "poseName": "sleeping",
      "transformTicks": 10,
      "poseTypes": [ "SLEEP" ],
      "animations": [ "bedrock(upsigenia, sleep)" ]
    }
  }
}