{
  "head": "head",
  "portraitScale": 2,
  "portraitTranslation": [ 0, 1.8, 0 ],
  "profileScale": 0.6,
  "profileTranslation": [ 0, 0.9, 0 ],
  "faint": "bedrock(valgarette, faint)",
  "poses": {
    "standing": {
      "poseName": "standing",
      "transformTicks": 10,
      "poseTypes": [
        "STAND",
        "NONE",
        "PORTRAIT",
        "PROFILE"
      ],
      "animations": [ "bedrock(valgarette, ground_idle)", "look" ]
    },
    "walking": {
      "poseName": "walking",
      "transformTicks": 10,
      "poseTypes": [ "WALK" ],
      "animations": [ "bedrock(valgarette, ground_walk)" ]
    }
  }
}