{
  "portraitScale": 1.25,
  "portraitTranslation": [ -0.8, 1, 0 ],
  "profileScale": 0.45,
  "profileTranslation": [ -0.2, 1, 0 ],
  "faint": "bedrock(willoch, faint)",
  "poses": {
    "standing": {
      "poseName": "standing",
      "transformTicks": 10,
      "poseTypes": [
        "STAND",
        "NONE",
        "PORTRAIT",
        "PROFILE"
      ],
      "animations": [ "bedrock(willoch, ground_idle)" ]
    },
    "walking": {
      "poseName": "walking",
      "transformTicks": 10,
      "poseTypes": [ "WALK" ],
      "animations": [ "bedrock(willoch, ground_walk)" ]
    }
  }
}