{
  "head": "head",
  "portraitScale": 2,
  "portraitTranslation": [ 0, -0.3, 0 ],
  "profileScale": 0.8,
  "profileTranslation": [ 0, 0.4, 0 ],
  "poses": {
    "standing": {
      "poseName": "standing",
      "transformTicks": 10,
      "poseTypes": [
        "STAND",
        "NONE",
        "PORTRAIT",
        "PROFILE"
      ],
      "animations": [ 
          "look",
          "bedrock(workahollo, ground_idle)" 
          ]
    },
    "walking": {
      "poseName": "walking",
      "transformTicks": 10,
      "poseTypes": [ "WALK" ],
      "animations": [ "bedrock(workahollo, ground_walk)" ]
    }
  }
}