{
	"format_version": "1.12.0",
	"minecraft:geometry": [
		{
			"description": {
				"identifier": "geometry.beweler",
				"texture_width": 128,
				"texture_height": 128,
				"visible_bounds_width": 4,
				"visible_bounds_height": 3.5,
				"visible_bounds_offset": [0, 1.25, 0]
			},
			"bones": [
				{
					"name": "beweler",
					"pivot": [0, 0, 0]
				},
				{
					"name": "head",
					"parent": "beweler",
					"pivot": [0, 12.375, -0.125],
					"cubes": [
						{"origin": [-7, 6, -7], "size": [14, 14, 14], "uv": [0, 0]},
						{"origin": [2, 20, -1], "size": [3, 5, 3], "uv": [76, 11]},
						{"origin": [-1.5, 20, -3], "size": [3, 7, 3], "uv": [95, 10]},
						{"origin": [-5, 20, -1], "size": [3, 5, 3], "uv": [76, 11], "mirror": true}
					]
				},
				{
					"name": "bone",
					"parent": "head",
					"pivot": [-4.5, 5.875, -2.625],
					"cubes": [
						{"origin": [-6, 1.375, -4.125], "size": [3, 7, 3], "uv": [83, 30]}
					]
				},
				{
					"name": "bone2",
					"parent": "head",
					"pivot": [4.5, 5.875, -2.625],
					"cubes": [
						{"origin": [3, 1.375, -4.125], "size": [3, 7, 3], "uv": [83, 30], "mirror": true}
					]
				},
				{
					"name": "arm",
					"parent": "beweler",
					"pivot": [7, 12, -0.5],
					"cubes": [
						{"origin": [5, 10, -3], "size": [9, 5, 5], "uv": [6, 34]},
						{"origin": [14, 0, -4], "size": [7, 18, 7], "uv": [43, 31]}
					]
				},
				{
					"name": "arm2",
					"parent": "beweler",
					"pivot": [-7, 12, -0.5],
					"cubes": [
						{"origin": [-21, 0, -4], "size": [7, 18, 7], "uv": [43, 31], "mirror": true},
						{"origin": [-14, 10, -3], "size": [9, 5, 5], "uv": [6, 34], "mirror": true}
					]
				}
			]
		}
	]
}