{
	"format_version": "1.12.0",
	"minecraft:geometry": [
		{
			"description": {
				"identifier": "geometry.ralts",
				"texture_width": 64,
				"texture_height": 32,
				"visible_bounds_width": 2,
				"visible_bounds_height": 2.5,
				"visible_bounds_offset": [0, 0.75, 0]
			},
			"bones": [
				{
					"name": "ralts",
					"pivot": [0, 0, 0]
				},
				{
					"name": "body",
					"parent": "ralts",
					"pivot": [0, 8, 0]
				},
				{
					"name": "torso",
					"parent": "body",
					"pivot": [0, 4.5, 0],
					"cubes": [
						{"origin": [-1.5, 3.5, -1], "size": [3, 2, 2], "inflate": 0.01, "uv": [16, 12]}
					]
				},
				{
					"name": "chest",
					"parent": "torso",
					"pivot": [0, 5.5, 0],
					"cubes": [
						{"origin": [-1, 5, -1], "size": [2, 4, 2], "uv": [38, 4]}
					]
				},
				{
					"name": "arms",
					"parent": "chest",
					"pivot": [0, 8, 0]
				},
				{
					"name": "arm_left",
					"parent": "arms",
					"pivot": [1, 8, 0],
					"cubes": [
						{"origin": [1, 7, -0.5], "size": [3, 1, 1], "uv": [0, 17]}
					]
				},
				{
					"name": "arm_left2",
					"parent": "arm_left",
					"pivot": [4, 7.5, 0.5],
					"cubes": [
						{"origin": [4, 7, -1], "size": [3, 1, 2], "inflate": 0.01, "uv": [8, 16]}
					]
				},
				{
					"name": "arm_right",
					"parent": "arms",
					"pivot": [-1, 8, 0],
					"cubes": [
						{"origin": [-4, 7, -0.5], "size": [3, 1, 1], "uv": [0, 19], "mirror": true}
					]
				},
				{
					"name": "arm_right2",
					"parent": "arm_right",
					"pivot": [-4, 7.5, 0.5],
					"cubes": [
						{"origin": [-7, 7, -1], "size": [3, 1, 2], "inflate": 0.01, "uv": [6, 19], "mirror": true}
					]
				},
				{
					"name": "head",
					"parent": "chest",
					"pivot": [0, 8.4, 0],
					"cubes": [
						{"origin": [-3, 8.4, -3], "size": [6, 6, 6], "uv": [0, 0]},
						{"origin": [0, 13.3, -4.7], "size": [0, 5, 4], "pivot": [0, 14.4, -1], "rotation": [40, 0, 0], "uv": [0, 8]},
						{"origin": [0, 14.4, 1], "size": [0, 4, 4], "pivot": [0, 14.4, 1], "rotation": [-60, 0, 0], "uv": [8, 8]}
					]
				},
				{
					"name": "eyes",
					"parent": "head",
					"pivot": [0, 11.6, 0]
				},
				{
					"name": "eye_left",
					"parent": "eyes",
					"pivot": [2.01, 11.6, -2.51],
					"cubes": [
						{"origin": [1.01, 10.6, -3.01], "size": [2, 2, 1], "uv": [0, 0]},
						{"origin": [1.01, 12.1, -3.01], "size": [2, 1, 1], "inflate": 0.01, "uv": [18, 17]}
					]
				},
				{
					"name": "eyelid_left",
					"parent": "eye_left",
					"pivot": [1.91, 11.6, -2.41],
					"cubes": [
						{"origin": [0.91, 10.6, -2.91], "size": [2, 2, 1], "inflate": 0.01, "uv": [0, 3]}
					]
				},
				{
					"name": "eye_right",
					"parent": "eyes",
					"pivot": [-2.01, 11.6, -2.51],
					"cubes": [
						{"origin": [-3.01, 10.6, -3.01], "size": [2, 2, 1], "uv": [0, 21], "mirror": true},
						{"origin": [-3.01, 12.1, -3.01], "size": [2, 1, 1], "inflate": 0.01, "uv": [5, 22], "mirror": true}
					]
				},
				{
					"name": "eyelid_right",
					"parent": "eye_right",
					"pivot": [-1.91, 11.6, -2.41],
					"cubes": [
						{"origin": [-2.91, 10.6, -2.91], "size": [2, 2, 1], "inflate": 0.01, "uv": [0, 24], "mirror": true}
					]
				},
				{
					"name": "mouth",
					"parent": "head",
					"pivot": [0, 9.4, -3]
				},
				{
					"name": "mouth_closed",
					"parent": "mouth",
					"pivot": [0, 9.5, -3.01],
					"cubes": [
						{"origin": [-1, 9, -3.01], "size": [2, 1, 0], "uv": [16, 16]}
					]
				},
				{
					"name": "mouth_open",
					"parent": "mouth",
					"pivot": [0, 9.4, -2.91],
					"cubes": [
						{"origin": [-1, 8.4, -2.91], "size": [2, 2, 0], "uv": [14, 19]}
					]
				},
				{
					"name": "hair",
					"parent": "head",
					"pivot": [0, 14.5, 0],
					"cubes": [
						{"origin": [-3.5, 14.51, -3.5], "size": [7, 0, 7], "uv": [39, 0]}
					]
				},
				{
					"name": "hair_front",
					"parent": "hair",
					"pivot": [0, 14.51, -3.5],
					"cubes": [
						{"origin": [-3.5, 10.51, -3.5], "size": [7, 4, 0], "uv": [18, 0]}
					]
				},
				{
					"name": "hair_back",
					"parent": "hair",
					"pivot": [0, 14.51, 3.5],
					"cubes": [
						{"origin": [-3.5, 10.51, 3.5], "size": [7, 4, 0], "uv": [32, 0]}
					]
				},
				{
					"name": "hair_left",
					"parent": "hair",
					"pivot": [3.5, 14.51, 0],
					"cubes": [
						{"origin": [3.5, 10.51, -3.5], "size": [0, 4, 7], "uv": [24, -3]}
					]
				},
				{
					"name": "hair_right",
					"parent": "hair",
					"pivot": [-3.5, 14.51, 0],
					"cubes": [
						{"origin": [-3.5, 10.51, -3.5], "size": [0, 4, 7], "uv": [24, 1], "mirror": true}
					]
				},
				{
					"name": "legs",
					"parent": "body",
					"pivot": [0, 4.5, 0]
				},
				{
					"name": "leg_left",
					"parent": "legs",
					"pivot": [1.5, 4.5, 0],
					"cubes": [
						{"origin": [0.1, 2.5, -1.5], "size": [2, 2, 3], "inflate": 0.02, "uv": [54, 7]}
					]
				},
				{
					"name": "leg_left2",
					"parent": "leg_left",
					"pivot": [1.1, 3, -1.5],
					"cubes": [
						{"origin": [0.1, 0, -1.8], "size": [3, 3, 4], "uv": [44, 8]},
						{"origin": [2.15, -0.25, -2.3], "size": [0, 1, 1], "pivot": [2.15, 0.25, -1.8], "rotation": [-45, 22.5, -90], "uv": [10, 21]},
						{"origin": [3.15, -0.25, 0.7], "size": [0, 1, 1], "pivot": [3.15, 0.25, 1.2], "rotation": [-45, 0, -67.5], "uv": [10, 21]},
						{"origin": [3.15, -0.25, -1.3], "size": [0, 1, 1], "pivot": [3.15, 0.25, -0.8], "rotation": [-45, 0, -67.5], "uv": [10, 21]}
					]
				},
				{
					"name": "leg_robe_left",
					"parent": "leg_left2",
					"pivot": [0.1, 0, 2.2],
					"rotation": [1, 5, 0],
					"cubes": [
						{"origin": [0.1, 0, 2.2], "size": [3, 0, 2], "uv": [36, 10]},
						{"origin": [1.6, 0, 3.2], "size": [0, 1, 1], "uv": [10, 21]}
					]
				},
				{
					"name": "leg_robe_left2",
					"parent": "leg_robe_left",
					"pivot": [1.1, 0, 4.2],
					"rotation": [60, 0, 0],
					"cubes": [
						{"origin": [0.1, 0, 4.2], "size": [3, 0, 1], "uv": [37, 12]},
						{"origin": [-0.4, 0, 5.2], "size": [3, 0, 1], "uv": [37, 12]},
						{"origin": [1.15, -0.25, 6.7], "size": [0, 1, 1], "pivot": [1.15, 0.25, 7.2], "rotation": [-45, 0, -90], "uv": [10, 21]}
					]
				},
				{
					"name": "leg_right",
					"parent": "legs",
					"pivot": [-1.5, 4.5, 0],
					"cubes": [
						{"origin": [-2.1, 2.5, -1.5], "size": [2, 2, 3], "inflate": 0.02, "uv": [23, 13], "mirror": true}
					]
				},
				{
					"name": "leg_right2",
					"parent": "leg_right",
					"pivot": [-1.1, 3, -1.5],
					"cubes": [
						{"origin": [-3.1, 0, -1.8], "size": [3, 3, 4], "uv": [34, 13], "mirror": true},
						{"origin": [-3.15, -0.25, 0.7], "size": [0, 1, 1], "pivot": [-3.15, 0.25, 1.2], "rotation": [-45, 0, 67.5], "uv": [5, 23], "mirror": true},
						{"origin": [-3.15, -0.25, -1.3], "size": [0, 1, 1], "pivot": [-3.15, 0.25, -0.8], "rotation": [-45, 0, 67.5], "uv": [5, 23], "mirror": true},
						{"origin": [-2.15, -0.25, -2.3], "size": [0, 1, 1], "pivot": [-2.15, 0.25, -1.8], "rotation": [-45, -22.5, 90], "uv": [5, 23], "mirror": true}
					]
				},
				{
					"name": "leg_robe_right",
					"parent": "leg_right2",
					"pivot": [-0.1, 0, 2.2],
					"rotation": [1, -5, 0],
					"cubes": [
						{"origin": [-3.1, 0, 2.2], "size": [3, 0, 2], "uv": [30, 12], "mirror": true},
						{"origin": [-1.6, 0, 3.2], "size": [0, 1, 1], "uv": [5, 23], "mirror": true}
					]
				},
				{
					"name": "leg_robe_right2",
					"parent": "leg_robe_right",
					"pivot": [-1.1, 0, 4.2],
					"rotation": [60, 0, 0],
					"cubes": [
						{"origin": [-3.1, 0, 4.2], "size": [3, 0, 1], "uv": [31, 14], "mirror": true},
						{"origin": [-2.6, 0, 5.2], "size": [3, 0, 1], "uv": [31, 14], "mirror": true},
						{"origin": [-1.15, -0.25, 6.7], "size": [0, 1, 1], "pivot": [-1.15, 0.25, 7.2], "rotation": [-45, 0, 90], "uv": [5, 23], "mirror": true}
					]
				}
			]
		}
	]
}