{
	"format_version": "1.8.0",
	"animations": {
		"animation.shirime.ground_idle": {
			"loop": true,
			"animation_length": 4,
			"bones": {
				"bone": {
					"rotation": {
						"0.0": [0, 0, 0],
						"1.0": [5.00332, -5.41629, 4.54554],
						"2.0": [0, 0, 0],
						"3.0": [4.56615, 5.39894, -4.56615],
						"4.0": [0, 0, 0]
					}
				}
			}
		},
		"animation.shirime.ground_walk": {
			"loop": true,
			"animation_length": 0.48,
			"bones": {
				"bone": {
					"rotation": {
						"0.0": [0, 0, 0],
						"0.24": [5, 0, 0],
						"0.48": [0, 0, 0]
					}
				},
				"bone2": {
					"scale": {
						"0.0": [1, 1, 1],
						"0.24": [1, 1, 1.3],
						"0.48": [1, 1, 1]
					}
				}
			}
		}
	}
}