{
	"format_version": "1.12.0",
	"minecraft:geometry": [
		{
			"description": {
				"identifier": "geometry.unknown",
				"texture_width": 64,
				"texture_height": 64,
				"visible_bounds_width": 4,
				"visible_bounds_height": 3.5,
				"visible_bounds_offset": [0, 1.25, 0]
			},
			"bones": [
				{
					"name": "protobi",
					"pivot": [0, 0, 0]
				},
				{
					"name": "body",
					"parent": "protobi",
					"pivot": [0, 10, 2]
				},
				{
					"name": "torso",
					"parent": "body",
					"pivot": [0, 6.675, 2.475],
					"cubes": [
						{"origin": [-3, 5.675, -0.025], "size": [6, 8, 4], "pivot": [0, 9.675, 1.475], "rotation": [12, 0, 0], "uv": [22, 22]}
					]
				},
				{
					"name": "head",
					"parent": "torso",
					"pivot": [0, 12.775, 1.35],
					"cubes": [
						{"origin": [-3.5, 12.75, -2.5], "size": [7, 7, 6], "uv": [0, 13]},
						{"origin": [-7, 12.75, 3.5], "size": [14, 13, 0], "pivot": [0, 17.5, 3.5], "rotation": [-17.25, 0, 0], "uv": [0, 0]},
						{"origin": [-1.5, 18.80618, 3.62321], "size": [3, 6, 0], "pivot": [0, 19.1, 3.825], "rotation": [-12.38351, -12.10398, -43.682], "uv": [0, 13]},
						{"origin": [-1.5, 19.35618, 3.79821], "size": [3, 6, 0], "pivot": [0, 19.65, 3.825], "rotation": [-17.25, 0, 0], "uv": [42, 25]},
						{"origin": [-1.5, 18.80618, 3.54821], "size": [3, 6, 0], "pivot": [0, 19.1, 3.825], "rotation": [-12.38351, 12.10398, 43.682], "uv": [42, 25]},
						{"origin": [-2.5, 14.3, -4.8], "size": [5, 4, 3], "pivot": [0, 16.175, -4.0625], "rotation": [10.5, 0, 0], "uv": [25, 10]},
						{"origin": [-2, 12.3, -4.825], "size": [4, 6, 0], "pivot": [0, 16.175, -4.0625], "rotation": [10.5, 0, 0], "uv": [24, 41]}
					]
				},
				{
					"name": "eye_left",
					"parent": "head",
					"pivot": [3.525, 16.75, 0.75],
					"cubes": [
						{"origin": [3.525, 15.25, -0.75], "size": [0, 3, 3], "uv": [6, 41]},
						{"origin": [3.575, 15.75, -0.25], "size": [0, 2, 2], "uv": [19, 50]}
					]
				},
				{
					"name": "eye_Right",
					"parent": "head",
					"pivot": [-3.525, 16.75, 0.75],
					"cubes": [
						{"origin": [-3.575, 15.75, -0.25], "size": [0, 2, 2], "uv": [19, 50], "mirror": true},
						{"origin": [-3.525, 15.25, -0.75], "size": [0, 3, 3], "uv": [6, 41], "mirror": true}
					]
				},
				{
					"name": "jaw",
					"parent": "head",
					"pivot": [0, 13.925, -2.5],
					"cubes": [
						{"origin": [-2.5, 13.175, -3.475], "size": [5, 1.5, 1.5], "inflate": -0.01, "uv": [10, 26]}
					]
				},
				{
					"name": "arm_left",
					"parent": "torso",
					"pivot": [3, 12.525, 1.75],
					"cubes": [
						{"origin": [2.85, 10.5, 0.75], "size": [5, 2, 2], "inflate": 0.01, "uv": [38, 0]}
					]
				},
				{
					"name": "arm_left2",
					"parent": "arm_left",
					"pivot": [7.85, 11.5, 2.75],
					"cubes": [
						{"origin": [7.85, 10.5, 0.75], "size": [4, 2, 2], "uv": [38, 21]}
					]
				},
				{
					"name": "hand_left",
					"parent": "arm_left2",
					"pivot": [11.85, 11.5, 1.75],
					"cubes": [
						{"origin": [11.85, 10.5, -0.25], "size": [2, 2, 4], "uv": [36, 35]}
					]
				},
				{
					"name": "finger_left_a",
					"parent": "hand_left",
					"pivot": [13.85, 12.5, 0.75],
					"cubes": [
						{"origin": [13.85, 11.5, -0.25], "size": [2, 1, 2], "inflate": 0.01, "uv": [38, 46]}
					]
				},
				{
					"name": "finger_left_a2",
					"parent": "finger_left_a",
					"pivot": [15.85, 12.5125, 0.75],
					"cubes": [
						{"origin": [15.85, 11.5, -0.25], "size": [2, 1, 2], "uv": [30, 46]},
						{"origin": [17.05, 11.725, 0.75], "size": [2, 1, 0], "uv": [0, 28]}
					]
				},
				{
					"name": "finger_left_b",
					"parent": "hand_left",
					"pivot": [13.85, 12.5, 2.75],
					"cubes": [
						{"origin": [13.85, 11.5, 1.75], "size": [2, 1, 2], "inflate": 0.01, "uv": [46, 29]}
					]
				},
				{
					"name": "finger_left_b2",
					"parent": "finger_left_b",
					"pivot": [15.875, 12.5125, 2.75],
					"cubes": [
						{"origin": [17.05, 11.725, 2.75], "size": [2, 1, 0], "uv": [26, 20]},
						{"origin": [15.85, 11.5, 1.75], "size": [2, 1, 2], "uv": [18, 45]}
					]
				},
				{
					"name": "thumb_left",
					"parent": "hand_left",
					"pivot": [13.35, 11, 0],
					"cubes": [
						{"origin": [12.85, 10.5, -0.5], "size": [2, 1, 1], "inflate": 0.01, "uv": [28, 8]}
					]
				},
				{
					"name": "thumb_left2",
					"parent": "thumb_left",
					"pivot": [14.85, 11, -0.5],
					"cubes": [
						{"origin": [14.85, 10.5, -0.5], "size": [1, 1, 1], "uv": [0, 26]}
					]
				},
				{
					"name": "arm_right",
					"parent": "torso",
					"pivot": [-3, 12.525, 1.75],
					"cubes": [
						{"origin": [-7.85, 10.5, 0.75], "size": [5, 2, 2], "inflate": 0.01, "uv": [36, 17]}
					]
				},
				{
					"name": "arm_right2",
					"parent": "arm_right",
					"pivot": [-7.85, 11.5, 2.75],
					"cubes": [
						{"origin": [-11.85, 10.5, 0.75], "size": [4, 2, 2], "uv": [38, 8]}
					]
				},
				{
					"name": "hand_right",
					"parent": "arm_right2",
					"pivot": [-11.85, 11.5, 1.75],
					"cubes": [
						{"origin": [-13.85, 10.5, -0.25], "size": [2, 2, 4], "uv": [0, 34]}
					]
				},
				{
					"name": "finger_right_a",
					"parent": "hand_right",
					"pivot": [-13.85, 12.5, 0.75],
					"cubes": [
						{"origin": [-15.85, 11.5, -0.25], "size": [2, 1, 2], "inflate": 0.01, "uv": [10, 45]}
					]
				},
				{
					"name": "finger_right_a2",
					"parent": "finger_right_a",
					"pivot": [-15.85, 12.5125, 0.75],
					"cubes": [
						{"origin": [-17.85, 11.5, -0.25], "size": [2, 1, 2], "uv": [44, 35]},
						{"origin": [-19.05, 11.725, 0.75], "size": [2, 1, 0], "uv": [26, 19]}
					]
				},
				{
					"name": "finger_right_b",
					"parent": "hand_right",
					"pivot": [-13.85, 12.5, 2.75],
					"cubes": [
						{"origin": [-15.85, 11.5, 1.75], "size": [2, 1, 2], "inflate": 0.01, "uv": [42, 4]}
					]
				},
				{
					"name": "finger_right_b2",
					"parent": "finger_right_b",
					"pivot": [-15.875, 12.5125, 2.75],
					"cubes": [
						{"origin": [-19.05, 11.725, 2.75], "size": [2, 1, 0], "uv": [20, 18]},
						{"origin": [-17.85, 11.5, 1.75], "size": [2, 1, 2], "uv": [40, 32]}
					]
				},
				{
					"name": "thumb_right",
					"parent": "hand_right",
					"pivot": [-13.35, 11, 0],
					"cubes": [
						{"origin": [-14.85, 10.5, -0.5], "size": [2, 1, 1], "inflate": 0.01, "uv": [20, 16]}
					]
				},
				{
					"name": "thumb_right2",
					"parent": "thumb_right",
					"pivot": [-14.85, 11, -0.5],
					"cubes": [
						{"origin": [-15.85, 10.5, -0.5], "size": [1, 1, 1], "uv": [25, 17]}
					]
				},
				{
					"name": "wing_left",
					"parent": "torso",
					"pivot": [3, 12.65735, 3.39731],
					"rotation": [12, 0, 0],
					"cubes": [
						{"origin": [3, 8.67708, 3.3789], "size": [0, 4, 4], "uv": [16, 37]}
					]
				},
				{
					"name": "wing_left2",
					"parent": "wing_left",
					"pivot": [3, 12.67792, 7.38882],
					"cubes": [
						{"origin": [3.025, 8.6732, 7.4652], "size": [0, 4, 6], "pivot": [3, 12.67792, 7.38882], "rotation": [-37.5, 0, 0], "uv": [0, 44]}
					]
				},
				{
					"name": "wing_right",
					"parent": "torso",
					"pivot": [-3, 12.65735, 3.39731],
					"rotation": [12, 0, 0],
					"cubes": [
						{"origin": [-3, 8.67708, 3.3789], "size": [0, 4, 4], "uv": [16, 37], "mirror": true}
					]
				},
				{
					"name": "wing_right2",
					"parent": "wing_right",
					"pivot": [-3, 12.67792, 7.38882],
					"cubes": [
						{"origin": [-3.025, 8.6732, 7.4652], "size": [0, 4, 6], "pivot": [-3, 12.67792, 7.38882], "rotation": [-37.5, 0, 0], "uv": [0, 44], "mirror": true}
					]
				},
				{
					"name": "tail",
					"parent": "torso",
					"pivot": [0, 7.4, 4.25],
					"cubes": [
						{"origin": [-1, 6.4, 4], "size": [2, 2, 5], "inflate": -0.3, "uv": [17, 34]}
					]
				},
				{
					"name": "tail2",
					"parent": "tail",
					"pivot": [0, 7.2, 9.2],
					"cubes": [
						{"origin": [-0.5, 6.7, 8.5], "size": [1, 1, 6], "inflate": -0.02, "uv": [8, 28]}
					]
				},
				{
					"name": "tail3",
					"parent": "tail2",
					"pivot": [0, 7.125, 14.55],
					"cubes": [
						{"origin": [0, 9.3, 14.55], "size": [0, 3, 2], "pivot": [0, 7.8, 15.55], "rotation": [-73.67505, 15.69986, -42.73421], "uv": [20, 11]},
						{"origin": [-1, 6.3, 14.55], "size": [2, 3, 2], "pivot": [0, 7.8, 15.55], "rotation": [-73.67505, 15.69986, -42.73421], "uv": [40, 41]}
					]
				},
				{
					"name": "leg_left",
					"parent": "body",
					"pivot": [2.7632, 6.38436, 2.67114],
					"rotation": [-7.5, -7.5, -5],
					"cubes": [
						{"origin": [1.18658, 3.50802, 0.86896], "size": [3, 4, 4], "inflate": 0.01, "pivot": [2.68658, 5.50802, 3.16896], "rotation": [19.5, 0, 0], "uv": [28, 0]}
					]
				},
				{
					"name": "leg_left2",
					"parent": "leg_left",
					"pivot": [2.6596, 3.99159, 4.23511],
					"rotation": [15, 0, 0],
					"cubes": [
						{"origin": [1.10713, 1.01609, 3.04079], "size": [3, 4, 1], "inflate": -0.1, "pivot": [2.68658, 2.71808, 2.64828], "rotation": [-25.22728, -0.93944, 3.84673], "uv": [32, 41]}
					]
				},
				{
					"name": "foot_left",
					"parent": "leg_left2",
					"pivot": [2.5279, 0.66733, 3.32861],
					"rotation": [-7.5, 0, 5],
					"cubes": [
						{"origin": [0.99957, 0.23379, -0.64697], "size": [3, 1, 4], "uv": [26, 34]}
					]
				},
				{
					"name": "leg_right",
					"parent": "body",
					"pivot": [-2.7632, 6.38436, 2.67114],
					"rotation": [-7.5, 7.5, 5],
					"cubes": [
						{"origin": [-4.18658, 3.50802, 0.86896], "size": [3, 4, 4], "inflate": 0.01, "pivot": [-2.68658, 5.50802, 3.16896], "rotation": [19.5, 0, 0], "uv": [0, 26]}
					]
				},
				{
					"name": "leg_right2",
					"parent": "leg_right",
					"pivot": [-2.6596, 3.99159, 4.23511],
					"rotation": [15, 0, 0],
					"cubes": [
						{"origin": [-4.10713, 1.01609, 3.04079], "size": [3, 4, 1], "inflate": -0.1, "pivot": [-2.68658, 2.71808, 2.64828], "rotation": [-25.22728, 0.93944, -3.84673], "uv": [41, 12]}
					]
				},
				{
					"name": "foot_right",
					"parent": "leg_right2",
					"pivot": [-2.5279, 0.66733, 3.32861],
					"rotation": [-7.5, 0, -5],
					"cubes": [
						{"origin": [-3.99957, 0.23379, -0.64697], "size": [3, 1, 4], "uv": [26, 17]}
					]
				}
			]
		}
	]
}