{
	"format_version": "1.12.0",
	"minecraft:geometry": [
		{
			"description": {
				"identifier": "geometry.unknown",
				"texture_width": 128,
				"texture_height": 128,
				"visible_bounds_width": 2,
				"visible_bounds_height": 2.5,
				"visible_bounds_offset": [0, 0.75, 0]
			},
			"bones": [
				{
					"name": "whole",
					"pivot": [0, 0, 0]
				},
				{
					"name": "head",
					"parent": "whole",
					"pivot": [0, 8, 0],
					"cubes": [
						{"origin": [-3.5, 8, -3], "size": [7, 6, 7], "uv": [0, 14]}
					]
				},
				{
					"name": "mouth",
					"parent": "head",
					"pivot": [0, 9, -3]
				},
				{
					"name": "topmouth",
					"parent": "mouth",
					"pivot": [0, 9, -3.05],
					"cubes": [
						{"origin": [-1, 8.5, -3.05], "size": [2, 1, 0], "uv": [12, 53]}
					]
				},
				{
					"name": "bottommouth",
					"parent": "mouth",
					"pivot": [0, 8.5, -3.025],
					"cubes": [
						{"origin": [-0.5, 8.25, -3.025], "size": [1, 1, 0], "uv": [20, 53]}
					]
				},
				{
					"name": "eyes",
					"parent": "head",
					"pivot": [0, 11, -3]
				},
				{
					"name": "righteye",
					"parent": "eyes",
					"pivot": [0, 7.5, 0],
					"cubes": [
						{"origin": [-3.25, 8.5, -3.025], "size": [2, 2, 0], "uv": [4, 53]}
					]
				},
				{
					"name": "rightpupil",
					"parent": "righteye",
					"pivot": [-2.25, 9.38462, -3.05],
					"cubes": [
						{"origin": [-2.75, 9, -3.05], "size": [1, 1, 0], "uv": [16, 53]}
					]
				},
				{
					"name": "lefteye",
					"parent": "eyes",
					"pivot": [4.5, 7.5, 0],
					"cubes": [
						{"origin": [1.25, 8.5, -3.025], "size": [2, 2, 0], "uv": [8, 53]}
					]
				},
				{
					"name": "leftpupil",
					"parent": "lefteye",
					"pivot": [2.25, 9.38462, -3.05],
					"cubes": [
						{"origin": [1.75, 9, -3.05], "size": [1, 1, 0], "uv": [18, 53]}
					]
				},
				{
					"name": "head_shell",
					"parent": "head",
					"pivot": [0, 8, 0],
					"cubes": [
						{"origin": [-3.75, 8, -3.5], "size": [2, 1, 8], "inflate": 0.001, "uv": [32, 0]},
						{"origin": [-3.5, 7, -3.5], "size": [2, 1, 8], "inflate": 0.001, "uv": [20, 35]},
						{"origin": [-3.75, 9, -2.5], "size": [2, 2, 7], "inflate": 0.001, "uv": [0, 44]},
						{"origin": [-3.75, 11, -1.5], "size": [2, 1, 6], "inflate": 0.001, "uv": [36, 49]},
						{"origin": [1.75, 11, -1.5], "size": [2, 1, 6], "inflate": 0.001, "uv": [50, 14]},
						{"origin": [1.75, 12, 0.5], "size": [2, 1, 4], "inflate": 0.001, "uv": [50, 21]},
						{"origin": [1.75, 13, 1.5], "size": [2, 1, 3], "inflate": 0.001, "uv": [52, 31]},
						{"origin": [-3.75, 13, 1.5], "size": [2, 1, 3], "inflate": 0.001, "uv": [52, 49]},
						{"origin": [-3.75, 12, 0.5], "size": [2, 1, 4], "inflate": 0.001, "uv": [52, 0]},
						{"origin": [1.75, 9, -2.5], "size": [2, 2, 7], "inflate": 0.001, "uv": [18, 44]},
						{"origin": [1.75, 8, -3.5], "size": [2, 1, 8], "inflate": 0.001, "uv": [0, 35]},
						{"origin": [1.5, 7, -3.5], "size": [2, 1, 8], "inflate": 0.001, "uv": [40, 35]},
						{"origin": [-2, 8, -2.5], "size": [4, 5, 7], "inflate": 0.0021, "uv": [28, 14]},
						{"origin": [-2, 7, -3.5], "size": [4, 1, 8], "inflate": 0.002, "uv": [28, 26]},
						{"origin": [-2, 12.5, 2.5], "size": [4, 2, 2], "inflate": 0.002, "uv": [52, 10]},
						{"origin": [-3.5, 7, -3], "size": [7, 1, 7], "uv": [0, 27]}
					]
				},
				{
					"name": "sprout",
					"parent": "head",
					"pivot": [0, 14, 1],
					"cubes": [
						{"origin": [-0.5, 13.725, 0.225], "size": [1, 3, 1], "pivot": [0, 13.725, 0.725], "rotation": [-23.75, 0, 0], "uv": [0, 53]}
					]
				},
				{
					"name": "leftleaf",
					"parent": "sprout",
					"pivot": [0.25, 16.49593, 1.93324],
					"cubes": [
						{"origin": [0.25, 16.75, -1.775], "size": [5, 0, 5], "pivot": [-0.25, 13.75, 0.725], "rotation": [-23.75, 0, 0], "uv": [32, 9]}
					]
				},
				{
					"name": "rightleaf",
					"parent": "sprout",
					"pivot": [-0.25, 16.49593, 1.93324],
					"cubes": [
						{"origin": [-5.25, 16.75, -1.775], "size": [5, 0, 5], "pivot": [0.25, 13.75, 0.725], "rotation": [-23.75, 0, 0], "uv": [36, 44]}
					]
				},
				{
					"name": "body",
					"parent": "whole",
					"pivot": [0, 7, 0],
					"cubes": [
						{"origin": [-4, 1.25, -3.5], "size": [8, 6, 8], "inflate": 0.2, "uv": [0, 0]}
					]
				},
				{
					"name": "feet",
					"parent": "body",
					"pivot": [0, 1.275, 0]
				},
				{
					"name": "leftfoot",
					"parent": "feet",
					"pivot": [2.5, 0.975, 0.5],
					"cubes": [
						{"origin": [1, -0.025, -1], "size": [3, 2, 3], "uv": [52, 5]}
					]
				},
				{
					"name": "rightfoot",
					"parent": "feet",
					"pivot": [-2.5, 0.975, 0.5],
					"cubes": [
						{"origin": [-4, -0.025, -1], "size": [3, 2, 3], "uv": [52, 26]}
					]
				}
			]
		}
	]
}