{
	"format_version": "1.8.0",
	"animations": {
		"animation.snonco.ground_idle": {
			"loop": true,
			"animation_length": 2.88,
			"bones": {
				"bone": {
					"scale": {
						"0.0": [1, 1, 1],
						"1.44": [1, 0.9, 1],
						"2.88": [1, 1, 1]
					}
				}
			}
		},
		"animation.snonco.ground_walk": {
			"loop": true,
			"animation_length": 0.96,
			"bones": {
				"bone2": {
					"scale": {
						"0.0": [1, 1, 1],
						"0.48": [1, 1, 1.1],
						"0.96": [1, 1, 1]
					}
				},
				"bone3": {
					"rotation": {
						"0.0": [20, 0, 0],
						"0.48": [25, 0, 0],
						"0.96": [20, 0, 0]
					}
				},
				"head": {
					"rotation": {
						"0.0": [-15, 0, 0],
						"0.48": [-22.5, 0, 0],
						"0.96": [-15, 0, 0]
					}
				}
			}
		}
	}
}