{
	"format_version": "1.8.0",
	"animations": {
		"animation.snush.ground_idle": {
			"loop": true,
			"animation_length": 3,
			"bones": {
				"bone": {
					"scale": {
						"0.0": [1, 1, 1],
						"1.52": [1, 0.9, 1],
						"3.0": [1, 1, 1]
					}
				},
				"head": {
					"rotation": {
						"0.0": [0, 0, 0],
						"1.52": [5, 0, 0],
						"3.0": [0, 0, 0]
					}
				},
				"bone3": {
					"scale": {
						"0.0": [1, 1, 1],
						"1.52": [1, 0.9, 1],
						"3.0": [1, 1, 1]
					}
				}
			}
		},
		"animation.snush.ground_walk": {
			"loop": true,
			"animation_length": 1,
			"bones": {
				"head": {
					"rotation": {
						"0.0": [-7.5, 0, 0],
						"0.48": [-12.5, 0, 0],
						"1.0": [-7.5, 0, 0]
					}
				},
				"bone3": {
					"rotation": {
						"0.0": [15, 0, 0],
						"0.48": [20, 0, 0],
						"1.0": [15, 0, 0]
					}
				},
				"bone4": {
					"scale": {
						"0.0": [1, 1, 1],
						"0.48": [1, 1, 1.1],
						"1.0": [1, 1, 1]
					}
				}
			}
		}
	}
}