{
 "species": "cobblemon:ironhelper",
 "order": 0,
 "variations": [
   {
     "aspects": [],
     "poser": "cobblemon:ironhelper",
     "model": "cobblemon:ironhelper.geo",
     "texture": "cobblemon:textures/pokemon/ironhelper/ironhelper.png",
     "layers": [
		        {
              "name": "emissive",
              "emissive": true,
              "texture": "cobblemon:textures/pokemon/ironhelper/ironhelper_emissive.png",
              "translucent": true
				}
				
		]
   },
   {
     "aspects": [
       "shiny"
     ],
     "texture": "cobblemon:textures/pokemon/ironhelper/ironhelper_shiny.png",
	  "layers": [
		        {
              "name": "emissive",
              "emissive": true,
              "texture": "cobblemon:textures/pokemon/ironhelper/ironhelper_shiny_emissive.png",
              "translucent": true
			}
			
		]
   }
 ]
}