{
	"format_version": "1.8.0",
	"animations": {
		"animation.punglost.ground_idle": {
			"loop": true,
			"animation_length": 1.52,
			"bones": {
				"head": {
					"rotation": {
						"0.0": [0, 0, 0],
						"1.52": [0, 0, 0]
					},
					"position": {
						"0.0": [0, 0, 0],
						"0.8": [0, -1, 0],
						"1.52": [0, 0, 0]
					}
				},
				"bone": {
					"rotation": {
						"0.0": [0, 0, 0],
						"0.8": [-5, 0, 0],
						"1.52": [0, 0, 0]
					},
					"position": {
						"0.0": [0, 0, 0],
						"1.52": [0, 0, 0]
					}
				},
				"arm": {
					"rotation": {
						"0.0": [0, 0, 22.5],
						"0.8": [0, 0, 5],
						"1.52": [0, 0, 22.5]
					},
					"position": {
						"0.0": [0, 0, 0],
						"0.8": [0, -1, 0],
						"1.52": [0, 0, 0]
					}
				},
				"arm2": {
					"rotation": {
						"0.0": [0, 0, -22.5],
						"0.8": [0, 0, -5],
						"1.52": [0, 0, -22.5]
					},
					"position": {
						"0.0": [0, 0, 0],
						"0.8": [0, -1, 0],
						"1.52": [0, 0, 0]
					}
				},
				"bone2": {
					"rotation": {
						"0.0": [0, 0, 0],
						"1.52": [0, 0, 0]
					},
					"position": {
						"0.0": [0, 0, 0],
						"0.8": [0, -1, 0],
						"1.52": [0, 0, 0]
					}
				}
			}
		},
		"animation.punglost.ground_walk": {
			"loop": true,
			"animation_length": 0.88,
			"bones": {
				"head": {
					"position": {
						"0.0": [0, -2, -2],
						"0.44": [0, -1.4, -2],
						"0.88": [0, -2, -2]
					}
				},
				"bone": {
					"rotation": {
						"0.0": [-25, 0, 0],
						"0.44": [-45, 0, 0],
						"0.88": [-25, 0, 0]
					}
				},
				"arm": {
					"rotation": {
						"0.0": [0, 0, 0],
						"0.44": [0, 0, -7.5],
						"0.88": [0, 0, 0]
					},
					"position": {
						"0.0": [0, -2, -2],
						"0.44": [0, -1.4, -2],
						"0.88": [0, -2, -2]
					}
				},
				"arm2": {
					"rotation": {
						"0.0": [0, 0, 0],
						"0.44": [0, 0, 7.5],
						"0.88": [0, 0, 0]
					},
					"position": {
						"0.0": [0, -2, -2],
						"0.44": [0, -1.4, -2],
						"0.88": [0, -2, -2]
					}
				},
				"bone2": {
					"rotation": {
						"0.0": [40, 0, 0],
						"0.44": [52.5, 0, 0],
						"0.88": [40, 0, 0]
					},
					"position": {
						"0.0": [0, -1, 0],
						"0.88": [0, -1, 0]
					}
				}
			}
		}
	}
}