{
	"format_version": "1.8.0",
	"animations": {
		"animation.dishika.ground_idle": {
			"loop": true,
			"animation_length": 2.88,
			"bones": {
				"bone": {
					"scale": {
						"0.0": [1, 1, 1],
						"1.44": [1, 0.98, 1],
						"2.88": [1, 1, 1]
					}
				},
				"neck": {
					"rotation": {
						"0.0": [0, 0, 0],
						"1.44": [2.5, 0, 0],
						"2.88": [0, 0, 0]
					}
				},
				"tail": {
					"rotation": {
						"0.0": [0, 22.5, 0],
						"1.44": [0, -22.5, 0],
						"2.88": [0, 22.5, 0]
					}
				}
			}
		},
		"animation.dishika.ground_walk": {
			"loop": true,
			"animation_length": 1.92,
			"bones": {
				"neck": {
					"rotation": {
						"0.0": [0, 0, 0],
						"0.48": [7.5, 0, 0],
						"0.96": [0, 0, 0],
						"1.44": [7.5, 0, 0],
						"1.92": [0, 0, 0]
					}
				},
				"leg": {
					"rotation": {
						"0.0": [0, 0, 0],
						"0.48": [-22.5, 0, 0],
						"0.96": [0, 0, 0],
						"1.44": [22.5, 0, 0],
						"1.92": [0, 0, 0]
					}
				},
				"leg2": {
					"rotation": {
						"0.0": [0, 0, 0],
						"0.48": [22.5, 0, 0],
						"0.96": [0, 0, 0],
						"1.44": [-22.5, 0, 0],
						"1.92": [0, 0, 0]
					}
				},
				"leg3": {
					"rotation": {
						"0.0": [0, 0, 0],
						"0.48": [22.5, 0, 0],
						"0.96": [0, 0, 0],
						"1.44": [-22.5, 0, 0],
						"1.92": [0, 0, 0]
					}
				},
				"leg5": {
					"rotation": {
						"0.0": [0, 0, 0],
						"0.48": [-22.5, 0, 0],
						"0.96": [0, 0, 0],
						"1.44": [22.5, 0, 0],
						"1.92": [0, 0, 0]
					}
				}
			}
		}
	}
}