{
	"format_version": "1.8.0",
	"animations": {
		"animation.pezielo.ground_idle": {
			"loop": true,
			"animation_length": 2.4,
			"bones": {
				"head": {
					"rotation": {
						"0.0": [0, 0, 0],
						"1.2": [5, 0, 0],
						"2.4": [0, 0, 0]
					}
				},
				"bone2": {
					"rotation": {
						"0.0": [0, 0, 0],
						"1.2": [0, -22.5, 0],
						"2.4": [0, 0, 0]
					}
				},
				"bone3": {
					"rotation": {
						"0.0": [0, 0, 0],
						"1.2": [0, 22.5, 0],
						"2.4": [0, 0, 0]
					}
				},
				"bone4": {
					"rotation": {
						"0.0": [0, 0, 0],
						"1.2": [-22.5, 0, 0],
						"2.4": [0, 0, 0]
					}
				}
			}
		},
		"animation.pezielo.ground_walk": {
			"loop": true,
			"animation_length": 0.64,
			"bones": {
				"bone": {
					"rotation": {
						"0.0": [0, 0, 0],
						"0.16": [17.5, 0, 0],
						"0.32": [0, 0, 0],
						"0.48": [-17.5, 0, 0],
						"0.64": [0, 0, 0]
					},
					"position": {
						"0.0": [0, 0, 0],
						"0.32": [0, 17, 0],
						"0.64": [0, 0, 0]
					}
				},
				"bone2": {
					"rotation": {
						"0.0": [0, 0, 0],
						"0.16": [0, 27.5, 0],
						"0.32": [0, 0, 0]
					}
				},
				"bone3": {
					"rotation": {
						"0.0": [0, 0, 0],
						"0.16": [0, -27.5, 0],
						"0.32": [0, 0, 0]
					}
				},
				"bone4": {
					"rotation": {
						"0.0": [0, 0, 0],
						"0.16": [17.5, 0, 0],
						"0.32": [0, 0, 0],
						"0.48": [12.5, 0, 0],
						"0.64": [0, 0, 0]
					}
				}
			}
		}
	}
}