{
  "portraitScale": 1.41,
  "portraitTranslation": [ -0.28, 1.92, 0 ],
  "profileScale": 0.5,
  "profileTranslation": [ 0, 0.94, 0 ],
  "animations": {
    "faint": "q.bedrock_stateful('cassowrath', 'faint')",
    "cry": "q.bedrock_stateful('cassowrath', 'cry')",
    "physical": "q.bedrock_primary('cassowrath', 'physical', q.curve('symmetrical_wide'))",
    "special": "q.bedrock_primary('cassowrath', 'special', q.curve('symmetrical_wide'))",
    "status": "q.bedrock_primary('cassowrath', 'status', q.curve('symmetrical_wide'))",
    "recoil": "q.bedrock_stateful('cassowrath', 'recoil', q.curve('symmetrical_wide'))"
  },
  "poses": {
    "battle-standing": {
      "poseTypes": ["STAND", "PROFILE"],
      "isBattle": true,
      "animations": [
        "q.look('head')",
        "q.bedrock('cassowrath', 'battle_idle')"
      ],
      "quirks": ["q.bedrock_quirk('cassowrath', 'blink')"]
    },
    "standing": {
      "poseTypes": ["STAND", "NONE", "PORTRAIT"],
      "isBattle": false,
      "animations": [
        "q.look('head')",
        "q.bedrock('cassowrath', 'ground_idle')"
      ],
      "quirks": [
        "q.bedrock_quirk('cassowrath', 'blink')",
        "q.bedrock_quirk('cassowrath', 'ground_idle_quirk')"
      ]
    },
    "walking": {
      "poseTypes": ["WALK"],
      "animations": [
        "q.look('head')",
        "q.bedrock('cassowrath', 'ground_walk')"
      ],
      "quirks": ["q.bedrock_quirk('cassowrath', 'blink')"]
    },
    "float": {
      "poseTypes": ["FLOAT"],
      "animations": [
        "q.look('head')",
        "q.bedrock('cassowrath', 'water_idle')"
      ],
      "quirks": ["q.bedrock_quirk('cassowrath', 'blink')"]
    },
    "swim": {
      "poseTypes": ["SWIM"],
      "animations": [
        "q.look('head')",
        "q.bedrock('cassowrath', 'water_swim')"
      ],
      "quirks": ["q.bedrock_quirk('cassowrath', 'blink')"]
    },
    "sleep": {
      "poseTypes": ["SLEEP"],
      "animations": ["q.bedrock('cassowrath', 'sleep')"]
    }
  }
 }