{
  "portraitScale": 2.77,
  "portraitTranslation": [ -0.16, -1.02, 0 ],
  "profileScale": 1.3,
  "profileTranslation": [ -0.07, -0.16, 0 ],
  "animations": {
    "faint": "q.bedrock_stateful('feistling', 'faint')",
    "cry": "q.bedrock_stateful('feistling', 'cry')",
    "physical": "q.bedrock_primary('feistling', 'physical', q.curve('symmetrical_wide'))",
    "special": "q.bedrock_primary('feistling', 'special', q.curve('symmetrical_wide'))",
    "status": "q.bedrock_primary('feistling', 'status', q.curve('symmetrical_wide'))",
    "recoil": "q.bedrock_stateful('feistling', 'recoil', q.curve('symmetrical_wide'))"
  },
  "poses": {
    "battle-standing": {
      "poseTypes": ["STAND", "PROFILE"],
      "isBattle": true,
      "animations": [
        "q.look('head')",
        "q.bedrock('feistling', 'battle_idle')"
      ],
      "quirks": ["q.bedrock_quirk('feistling', 'blink')"]
    },
    "standing": {
      "poseTypes": ["STAND", "NONE", "PORTRAIT"],
      "isBattle": false,
      "animations": [
        "q.look('head')",
        "q.bedrock('feistling', 'ground_idle')"
      ],
      "quirks": [
        "q.bedrock_quirk('feistling', 'blink')"
      ]
    },
    "walking": {
      "poseTypes": ["WALK"],
      "animations": [
        "q.look('head')",
        "q.bedrock('feistling', 'ground_walk')"
      ],
      "quirks": ["q.bedrock_quirk('feistling', 'blink')"]
    },
    "float": {
      "poseTypes": ["FLOAT"],
      "animations": [
        "q.look('head')",
        "q.bedrock('feistling', 'water_idle')"
      ],
      "quirks": ["q.bedrock_quirk('feistling', 'blink')"]
    },
    "swim": {
      "poseTypes": ["SWIM"],
      "animations": [
        "q.look('head')",
        "q.bedrock('feistling', 'water_swim')"
      ],
      "quirks": ["q.bedrock_quirk('feistling', 'blink')"]
    },
    "sleep": {
      "poseTypes": ["SLEEP"],
      "animations": ["q.bedrock('feistling', 'sleep')"]
    },
    "shoulder_left": {
      "poseTypes": ["SHOULDER_LEFT"],
      "animations": [
        "q.look('head')",
        "q.bedrock('feistling', 'shoulder_left')"
      ],
      "quirks": ["q.bedrock_quirk('feistling', 'blink')"]
    },
    "shoulder_right": {
      "poseTypes": ["SHOULDER_RIGHT"],
      "animations": [
        "q.look('head')",
        "q.bedrock('feistling', 'shoulder_right')"
      ],
      "quirks": ["q.bedrock_quirk('feistling', 'blink')"]
    }
  }
 }