{
  "portraitScale": 2.38,
  "portraitTranslation": [ 0.07, -1.06, 0 ],
  "profileScale": 1.0,
  "profileTranslation": [ 0, 0.28, 0 ],
  "animations": {
    "faint": "q.bedrock_stateful('tumbell', 'faint')",
    "cry": "q.bedrock_stateful('tumbell', 'cry')",
    "physical": "q.bedrock_primary('tumbell', 'physical', q.curve('symmetrical_wide'))",
    "special": "q.bedrock_primary('tumbell', 'special', q.curve('symmetrical_wide'))",
    "status": "q.bedrock_primary('tumbell', 'status', q.curve('symmetrical_wide'))",
    "recoil": "q.bedrock_stateful('tumbell', 'recoil', q.curve('symmetrical_wide'))"
  },
  "poses": {
    "battle-standing": {
      "poseTypes": ["STAND", "PROFILE"],
      "isBattle": true,
      "animations": [
        "q.look('head')",
        "q.bedrock('tumbell', 'battle_idle')"
      ],
      "quirks": ["q.bedrock_quirk('tumbell', 'blink')"]
    },
    "standing": {
      "poseTypes": ["STAND", "NONE", "PORTRAIT"],
      "isBattle": false,
      "animations": [
        "q.look('head')",
        "q.bedrock('tumbell', 'ground_idle')"
      ],
      "quirks": [
        "q.bedrock_quirk('tumbell', 'blink')",
        "q.bedrock_quirk('tumbell', 'quirk')"
      ]
    },
    "walking": {
      "poseTypes": ["WALK"],
      "animations": [
        "q.look('head')",
        "q.bedrock('tumbell', 'ground_walk')"
      ],
      "quirks": ["q.bedrock_quirk('tumbell', 'blink')"]
    },
    "float": {
      "poseTypes": ["FLOAT"],
      "animations": [
        "q.look('head')",
        "q.bedrock('tumbell', 'water_idle')"
      ],
      "quirks": ["q.bedrock_quirk('tumbell', 'blink')"]
    },
    "swim": {
      "poseTypes": ["SWIM"],
      "animations": [
        "q.look('head')",
        "q.bedrock('tumbell', 'water_swim')"
      ],
      "quirks": ["q.bedrock_quirk('tumbell', 'blink')"]
    },
    "sleep": {
      "poseTypes": ["SLEEP"],
      "animations": ["q.bedrock('tumbell', 'sleep')"]
    },
    "shoulder_left": {
      "poseTypes": ["SHOULDER_LEFT"],
      "animations": [
        "q.look('head')",
        "q.bedrock('tumbell', 'shoulder_left')"
      ],
      "quirks": ["q.bedrock_quirk('tumbell', 'blink')"]
    },
    "shoulder_right": {
      "poseTypes": ["SHOULDER_RIGHT"],
      "animations": [
        "q.look('head')",
        "q.bedrock('tumbell', 'shoulder_right')"
      ],
      "quirks": ["q.bedrock_quirk('tumbell', 'blink')"]
    }
  }
 }