{
	"format_version": "1.12.0",
	"minecraft:geometry": [
		{
			"description": {
				"identifier": "geometry.tigershark_max",
				"texture_width": 256,
				"texture_height": 256,
				"visible_bounds_width": 12,
				"visible_bounds_height": 5.5,
				"visible_bounds_offset": [0, 2.25, 0]
			},
			"bones": [
				{
					"name": "tigershark",
					"pivot": [0, 0, 0]
				},
				{
					"name": "body",
					"parent": "tigershark",
					"pivot": [0, 0, 0]
				},
				{
					"name": "leftleg",
					"parent": "body",
					"pivot": [5.15037, 28.61493, -2.12949],
					"cubes": [
						{"origin": [1, 27.18124, 15.86557], "size": [7, 11, 14], "pivot": [-5, 35.18124, 6.86557], "rotation": [-112.5, 0, 0], "uv": [64, 74]},
						{"origin": [8, 38.18124, 15.86557], "size": [0, 5, 4], "pivot": [-5, 35.18124, 6.86557], "rotation": [-112.5, 0, 0], "uv": [88, 113]},
						{"origin": [8, 34.18124, 15.86557], "size": [0, 5, 3], "pivot": [-5, 31.18124, 6.86557], "rotation": [-122.5, 0, 0], "uv": [32, 24]}
					]
				},
				{
					"name": "leftknee",
					"parent": "leftleg",
					"pivot": [4.5, 17.5307, -7.42425],
					"cubes": [
						{"origin": [1.5, 16.18124, -7.13443], "size": [6, 7, 13], "inflate": 0.01, "pivot": [-4.5, 22.18124, -16.13443], "rotation": [-20, 0, 0], "uv": [0, 88]}
					]
				},
				{
					"name": "leftankle",
					"parent": "leftknee",
					"pivot": [4.5, 15.08552, 4.97862],
					"cubes": [
						{"origin": [1.5, 18.18124, 12.86557], "size": [6, 7, 10], "pivot": [-4.5, 24.18124, 3.86557], "rotation": [-87.5, 0, 0], "uv": [66, 117]}
					]
				},
				{
					"name": "leftfoot",
					"parent": "leftankle",
					"pivot": [4.61492, 5.1604, 1.69412],
					"cubes": [
						{"origin": [1.8, -4.81876, 30.86557], "size": [3, 4, 4], "pivot": [-7.2, 0.18124, 12.86557], "rotation": [-177.43938, -12.48791, -0.55404], "uv": [138, 32], "mirror": true},
						{"origin": [1, -5.81876, 23.86557], "size": [7, 5, 9], "pivot": [-4, 0.18124, 14.86557], "rotation": [-177.5, 0, 0], "uv": [128, 99], "mirror": true},
						{"origin": [3.66576, -3.9891, 26.9641], "size": [1, 3, 2], "pivot": [-6.33424, 0.0109, 8.9641], "rotation": [-177.43938, -12.48791, -0.55404], "uv": [154, 0], "mirror": true},
						{"origin": [3.8, -4.81876, 32.86557], "size": [2, 4, 4], "pivot": [-3.2, 0.18124, 14.86557], "rotation": [-177.5, 0, 0], "uv": [14, 140], "mirror": true},
						{"origin": [4.3, -3.81876, 36.86557], "size": [1, 3, 2], "pivot": [-2.7, 0.18124, 14.86557], "rotation": [-177.5, 0, 0], "uv": [154, 0], "mirror": true},
						{"origin": [4.8, -4.81876, 34.86557], "size": [3, 4, 4], "pivot": [-4.2, 0.18124, 16.86557], "rotation": [-177.43938, 12.48791, 0.55404], "uv": [134, 137], "mirror": true},
						{"origin": [4.93424, -3.9891, 30.9641], "size": [1, 3, 2], "pivot": [-5.06576, 0.0109, 12.9641], "rotation": [-177.43938, 12.48791, 0.55404], "uv": [154, 0], "mirror": true}
					]
				},
				{
					"name": "rightleg",
					"parent": "body",
					"pivot": [-5.15037, 28.61493, -2.12949],
					"cubes": [
						{"origin": [-8, 34.18124, 15.86557], "size": [0, 5, 3], "pivot": [5, 31.18124, 6.86557], "rotation": [-122.5, 0, 0], "uv": [32, 24], "mirror": true},
						{"origin": [-8, 27.18124, 15.86557], "size": [7, 11, 14], "pivot": [5, 35.18124, 6.86557], "rotation": [-112.5, 0, 0], "uv": [64, 74], "mirror": true},
						{"origin": [-8, 38.18124, 15.86557], "size": [0, 5, 4], "pivot": [5, 35.18124, 6.86557], "rotation": [-112.5, 0, 0], "uv": [88, 113], "mirror": true}
					]
				},
				{
					"name": "rightknee",
					"parent": "rightleg",
					"pivot": [-4.5, 17.5307, -7.42425],
					"cubes": [
						{"origin": [-7.5, 16.18124, -7.13443], "size": [6, 7, 13], "inflate": 0.01, "pivot": [4.5, 22.18124, -16.13443], "rotation": [-20, 0, 0], "uv": [0, 88], "mirror": true}
					]
				},
				{
					"name": "rightankle",
					"parent": "rightknee",
					"pivot": [-4.5, 15.08552, 4.97862],
					"cubes": [
						{"origin": [-7.5, 18.18124, 12.86557], "size": [6, 7, 10], "pivot": [4.5, 24.18124, 3.86557], "rotation": [-87.5, 0, 0], "uv": [66, 117], "mirror": true}
					]
				},
				{
					"name": "rightfoot",
					"parent": "rightankle",
					"pivot": [-4.61492, 5.1604, 1.69412],
					"cubes": [
						{"origin": [-8, -5.81876, 23.86557], "size": [7, 5, 9], "pivot": [4, 0.18124, 14.86557], "rotation": [-177.5, 0, 0], "uv": [128, 99]},
						{"origin": [-4.8, -4.81876, 30.86557], "size": [3, 4, 4], "pivot": [7.2, 0.18124, 12.86557], "rotation": [-177.43938, 12.48791, 0.55404], "uv": [138, 32]},
						{"origin": [-4.66576, -3.9891, 26.9641], "size": [1, 3, 2], "pivot": [6.33424, 0.0109, 8.9641], "rotation": [-177.43938, 12.48791, 0.55404], "uv": [154, 0]},
						{"origin": [-5.8, -4.81876, 32.86557], "size": [2, 4, 4], "pivot": [3.2, 0.18124, 14.86557], "rotation": [-177.5, 0, 0], "uv": [14, 140]},
						{"origin": [-5.3, -3.81876, 36.86557], "size": [1, 3, 2], "pivot": [2.7, 0.18124, 14.86557], "rotation": [-177.5, 0, 0], "uv": [154, 0]},
						{"origin": [-7.8, -4.81876, 34.86557], "size": [3, 4, 4], "pivot": [4.2, 0.18124, 16.86557], "rotation": [-177.43938, -12.48791, -0.55404], "uv": [134, 137]},
						{"origin": [-5.93424, -3.9891, 30.9641], "size": [1, 3, 2], "pivot": [5.06576, 0.0109, 12.9641], "rotation": [-177.43938, -12.48791, -0.55404], "uv": [154, 0]}
					]
				},
				{
					"name": "torso",
					"parent": "body",
					"pivot": [0, 25.55198, -0.31862],
					"cubes": [
						{"origin": [-5, 41.65581, -1.42164], "size": [10, 12, 6], "pivot": [-0.00685, 38.47303, -8.58102], "rotation": [-95, 0, 0], "uv": [34, 111]}
					]
				},
				{
					"name": "tail",
					"parent": "torso",
					"pivot": [0, 31.25, 4],
					"cubes": [
						{"origin": [-5, 24, 4], "size": [10, 8, 14], "inflate": 0.01, "uv": [38, 13]},
						{"origin": [0, 32, 14], "size": [0, 5, 4], "uv": [92, 58]}
					]
				},
				{
					"name": "tail2",
					"parent": "tail",
					"pivot": [0, 28.25, 17.75],
					"cubes": [
						{"origin": [-4, 24.5, 18], "size": [8, 7, 8], "uv": [124, 70]},
						{"origin": [0, 31, 21], "size": [0, 5, 5], "uv": [0, 22]}
					]
				},
				{
					"name": "tail3",
					"parent": "tail2",
					"pivot": [0, 27.66667, 26.16667],
					"cubes": [
						{"origin": [-3, 24.5, 26], "size": [6, 6, 10], "uv": [118, 115]},
						{"origin": [0, 30, 27], "size": [0, 5, 4], "uv": [92, 74]},
						{"origin": [0, 30, 32], "size": [0, 4, 3], "uv": [40, 0]}
					]
				},
				{
					"name": "tail4",
					"parent": "tail3",
					"pivot": [0, 27.66667, 35.83333],
					"cubes": [
						{"origin": [-2, 25, 36], "size": [4, 5, 11], "uv": [87, 125]},
						{"origin": [0, 29, 37], "size": [0, 4, 3], "uv": [42, 32]},
						{"origin": [0, 29, 41], "size": [0, 3, 3], "uv": [0, 0]}
					]
				},
				{
					"name": "tail5",
					"parent": "tail4",
					"pivot": [0, 27.5, 47],
					"cubes": [
						{"origin": [-1.5, 26, 47], "size": [3, 3, 11], "uv": [106, 131]},
						{"origin": [0, 8, 47], "size": [0, 49, 39], "uv": [0, 0]}
					]
				},
				{
					"name": "torso2",
					"parent": "torso",
					"pivot": [0, 29.84334, 4.99782],
					"cubes": [
						{"origin": [-5, 42.52341, -4.15784], "size": [10, 13, 6], "inflate": 0.02, "pivot": [-0.00685, 40.34062, -11.31722], "rotation": [-80, 0, 0], "uv": [96, 106]}
					]
				},
				{
					"name": "torso3",
					"parent": "torso2",
					"pivot": [0, 36.6525, 4.40141],
					"cubes": [
						{"origin": [-7, 39.84165, -14.86181], "size": [14, 15, 12], "pivot": [-0.00685, 40.34062, -11.31722], "rotation": [-75, 0, 0], "uv": [0, 0]},
						{"origin": [0, 54.84165, -13.86181], "size": [0, 21, 11], "pivot": [-0.00685, 40.34062, -11.31722], "rotation": [-75, 0, 0], "uv": [38, 77]},
						{"origin": [-4, 50.28266, -7.63792], "size": [0, 5, 5], "pivot": [-4.00685, 42.34062, -6.31722], "rotation": [-57.5, 0, 0], "uv": [66, 117]},
						{"origin": [4, 50.28266, -7.63792], "size": [0, 5, 5], "pivot": [4.00685, 42.34062, -6.31722], "rotation": [-57.5, 0, 0], "uv": [66, 117], "mirror": true},
						{"origin": [-4, 52.84165, -10.86181], "size": [0, 5, 5], "pivot": [-0.00685, 38.34062, -11.31722], "rotation": [-75, 0, 0], "uv": [28, 103]},
						{"origin": [4, 52.84165, -10.86181], "size": [0, 5, 5], "pivot": [0.00685, 38.34062, -11.31722], "rotation": [-75, 0, 0], "uv": [28, 103], "mirror": true},
						{"origin": [-2, 55.52341, -4.15784], "size": [0, 5, 5], "pivot": [-1.00685, 40.34062, -11.31722], "rotation": [-80, 0, 0], "uv": [25, 88]},
						{"origin": [2, 55.52341, -4.15784], "size": [0, 5, 5], "pivot": [1.00685, 40.34062, -11.31722], "rotation": [-80, 0, 0], "uv": [25, 88], "mirror": true}
					]
				},
				{
					"name": "leftarm",
					"parent": "torso3",
					"pivot": [7.5, 41.74861, 1.22927],
					"cubes": [
						{"origin": [7, 45.84165, -14.86181], "size": [11, 7, 9], "pivot": [0.00685, 40.34062, -11.31722], "rotation": [-75, 0, 0], "uv": [97, 90]},
						{"origin": [13, 52.84165, -14.86181], "size": [0, 5, 6], "pivot": [4.00685, 40.34062, -11.31722], "rotation": [-75, 0, 0], "uv": [0, 82]},
						{"origin": [9, 52.84165, -14.86181], "size": [0, 5, 6], "pivot": [0.00685, 40.34062, -11.31722], "rotation": [-75, 0, 0], "uv": [25, 82]}
					]
				},
				{
					"name": "leftelbow",
					"parent": "leftarm",
					"pivot": [18, 38.26445, 1.7538],
					"cubes": [
						{"origin": [18, 45.84165, -13.86181], "size": [9, 7, 8], "pivot": [11.00685, 40.34062, -11.31722], "rotation": [-75, 0, 0], "uv": [110, 17]}
					]
				},
				{
					"name": "lefthand",
					"parent": "leftelbow",
					"pivot": [27.83617, 39.8463, -1.92036],
					"cubes": [
						{"origin": [29, 47.84165, -13.86181], "size": [8, 4, 8], "pivot": [10.00685, 40.34062, -11.31722], "rotation": [-75, 0, 0], "uv": [40, 0]},
						{"origin": [27, 46.34165, -13.86181], "size": [2, 6, 7], "pivot": [10.00685, 39.84062, -11.31722], "rotation": [-75, 0, 0], "uv": [75, 134]}
					]
				},
				{
					"name": "thumb2",
					"parent": "lefthand",
					"pivot": [33.18087, 44.9321, -1.20215],
					"cubes": [
						{"origin": [32, 46.13312, -5.83737], "size": [7, 4, 3], "pivot": [36, 47.81841, -3.84588], "rotation": [-82.94691, 13.27207, -61.67841], "uv": [100, 0]},
						{"origin": [36.9, 46.50371, -4.3544], "size": [1, 4, 2], "pivot": [35.9, 49.31841, -3.84588], "rotation": [-82.94691, 13.27207, -61.67841], "uv": [90, 99]}
					]
				},
				{
					"name": "finger5",
					"parent": "lefthand",
					"pivot": [37.5, 41.26608, -0.73381],
					"cubes": [
						{"origin": [37, 45.34165, -14.86181], "size": [7, 3, 3], "pivot": [10.00685, 36.84062, -11.31722], "rotation": [-75, 0, 0], "uv": [103, 49]},
						{"origin": [44, 42.84165, -14.86181], "size": [1, 5, 2], "pivot": [17.00685, 36.34062, -11.31722], "rotation": [-75, 0, 0], "uv": [60, 97]}
					]
				},
				{
					"name": "finger6",
					"parent": "lefthand",
					"pivot": [35.5, 38.36486, -0.23351],
					"cubes": [
						{"origin": [37, 43.84165, -12.86181], "size": [7, 3, 2], "pivot": [10.00685, 35.34062, -11.31722], "rotation": [-75, 0, 0], "uv": [136, 17]},
						{"origin": [44, 41.34165, -13.86181], "size": [1, 4, 1], "pivot": [17.00685, 33.84062, -11.31722], "rotation": [-75, 0, 0], "uv": [0, 108]}
					]
				},
				{
					"name": "finger4",
					"parent": "lefthand",
					"pivot": [36.5, 44.28312, -2.6044],
					"cubes": [
						{"origin": [37, 48.84165, -14.86181], "size": [7, 3, 2], "pivot": [10.00685, 40.34062, -12.31722], "rotation": [-75, 0, 0], "uv": [123, 65]},
						{"origin": [44, 46.34165, -14.86181], "size": [1, 5, 1], "pivot": [17.00685, 39.84062, -12.31722], "rotation": [-75, 0, 0], "uv": [60, 88]}
					]
				},
				{
					"name": "rightarm",
					"parent": "torso3",
					"pivot": [-6.5, 41.74861, -2.77073],
					"cubes": [
						{"origin": [-13, 52.84165, -14.86181], "size": [0, 5, 6], "pivot": [-4.00685, 40.34062, -11.31722], "rotation": [-75, 0, 0], "uv": [0, 82], "mirror": true},
						{"origin": [-18, 45.84165, -14.86181], "size": [11, 7, 9], "pivot": [-0.00685, 40.34062, -11.31722], "rotation": [-75, 0, 0], "uv": [97, 90], "mirror": true},
						{"origin": [-9, 52.84165, -14.86181], "size": [0, 5, 6], "pivot": [-0.00685, 40.34062, -11.31722], "rotation": [-75, 0, 0], "uv": [25, 82], "mirror": true}
					]
				},
				{
					"name": "rightelbow",
					"parent": "rightarm",
					"pivot": [-18, 38.46445, 1.7538],
					"cubes": [
						{"origin": [-27, 45.84165, -13.86181], "size": [9, 7, 8], "pivot": [-11.00685, 40.34062, -11.31722], "rotation": [-75, 0, 0], "uv": [110, 17], "mirror": true}
					]
				},
				{
					"name": "righthand",
					"parent": "rightelbow",
					"pivot": [-26.83617, 40.8463, -1.92036],
					"cubes": [
						{"origin": [-37, 47.84165, -13.86181], "size": [8, 4, 8], "pivot": [-10.00685, 40.34062, -11.31722], "rotation": [-75, 0, 0], "uv": [40, 0], "mirror": true},
						{"origin": [-29, 46.34165, -13.86181], "size": [2, 6, 7], "pivot": [-10.00685, 39.84062, -11.31722], "rotation": [-75, 0, 0], "uv": [75, 134], "mirror": true}
					]
				},
				{
					"name": "finger2",
					"parent": "righthand",
					"pivot": [-36.5, 42.26608, -0.73381],
					"cubes": [
						{"origin": [-44, 45.34165, -14.86181], "size": [7, 3, 3], "pivot": [-10.00685, 36.84062, -11.31722], "rotation": [-75, 0, 0], "uv": [103, 49], "mirror": true},
						{"origin": [-45, 42.84165, -14.86181], "size": [1, 5, 2], "pivot": [-17.00685, 36.34062, -11.31722], "rotation": [-75, 0, 0], "uv": [60, 97], "mirror": true}
					]
				},
				{
					"name": "finger3",
					"parent": "righthand",
					"pivot": [-37.5, 38.36486, -0.23351],
					"cubes": [
						{"origin": [-44, 43.84165, -12.86181], "size": [7, 3, 2], "pivot": [-10.00685, 35.34062, -11.31722], "rotation": [-75, 0, 0], "uv": [136, 17], "mirror": true},
						{"origin": [-45, 41.34165, -13.86181], "size": [1, 4, 1], "pivot": [-17.00685, 33.84062, -11.31722], "rotation": [-75, 0, 0], "uv": [0, 108], "mirror": true}
					]
				},
				{
					"name": "finger",
					"parent": "righthand",
					"pivot": [-36.5, 44.28312, -2.6044],
					"cubes": [
						{"origin": [-44, 48.84165, -14.86181], "size": [7, 3, 2], "pivot": [-10.00685, 40.34062, -12.31722], "rotation": [-75, 0, 0], "uv": [123, 65], "mirror": true},
						{"origin": [-45, 46.34165, -14.86181], "size": [1, 5, 1], "pivot": [-17.00685, 39.84062, -12.31722], "rotation": [-75, 0, 0], "uv": [60, 88], "mirror": true}
					]
				},
				{
					"name": "thumb",
					"parent": "righthand",
					"pivot": [-34.18087, 44.9321, -1.20215],
					"cubes": [
						{"origin": [-40.49386, 43.90957, -5.40139], "size": [7, 4, 3], "pivot": [-34, 44.81841, -3.84588], "rotation": [-82.94691, -13.27207, 61.67841], "uv": [100, 0], "mirror": true},
						{"origin": [-37.9, 46.50371, -4.3544], "size": [1, 4, 2], "pivot": [-35.9, 49.31841, -3.84588], "rotation": [-82.94691, -13.27207, 61.67841], "uv": [90, 99], "mirror": true}
					]
				},
				{
					"name": "neck",
					"parent": "torso3",
					"pivot": [0, 44.98848, -5.87493],
					"cubes": [
						{"origin": [-6, 42.28266, -16.63792], "size": [12, 12, 6], "pivot": [-0.00685, 40.34062, -11.31722], "rotation": [-57.5, 0, 0], "uv": [60, 99]},
						{"origin": [0, 54.28266, -12.63792], "size": [0, 11, 7], "pivot": [-0.00685, 46.34062, -9.31722], "rotation": [-57.5, 0, 0], "uv": [78, 55]}
					]
				},
				{
					"name": "neck2",
					"parent": "neck",
					"pivot": [0, 49.53451, -8.02956],
					"cubes": [
						{"origin": [-5.5, 44.25753, -16.89752], "size": [11, 11, 6], "pivot": [-0.00685, 40.34062, -11.31722], "rotation": [-35, 0, 0], "uv": [0, 108]}
					]
				},
				{
					"name": "neck3",
					"parent": "neck2",
					"pivot": [0, 51.52841, -11.34343],
					"cubes": [
						{"origin": [-5, 46.25754, -16.76429], "size": [10, 10, 6], "pivot": [-0.00685, 40.34062, -11.31722], "rotation": [-12.5, 0, 0], "uv": [123, 49]}
					]
				},
				{
					"name": "head",
					"parent": "neck3",
					"pivot": [-0.0036, 53.05432, -13.22376],
					"cubes": [
						{"origin": [-10.16176, 50, -21.44162], "size": [8, 6, 8], "inflate": 0.01, "pivot": [-0.00685, 40.34062, -11.31722], "rotation": [14.00194, -44.13603, -9.85108], "uv": [0, 126]},
						{"origin": [5.51472, 49.65482, -21.80993], "size": [0, 3, 4], "inflate": 0.01, "pivot": [5.51472, 51.15482, -19.80993], "rotation": [20, 0, 0], "uv": [53, 31]},
						{"origin": [-5.51472, 49.65482, -21.80993], "size": [0, 3, 4], "inflate": 0.01, "pivot": [-5.51472, 51.15482, -19.80993], "rotation": [20, 0, 0], "uv": [53, 31], "mirror": true},
						{"origin": [-5.51472, 50, -20], "size": [11, 7, 10], "pivot": [0.00685, 40.34062, -11.31722], "rotation": [10, 0, 0], "uv": [78, 25], "mirror": true},
						{"origin": [-9.66176, 48, -20.44162], "size": [0, 2, 7], "inflate": 0.01, "pivot": [0.49315, 39.34062, -11.31722], "rotation": [14.00194, -44.13603, -9.85108], "uv": [1, 156]},
						{"origin": [9.66176, 48, -20.44162], "size": [0, 2, 7], "inflate": 0.01, "pivot": [-0.49315, 39.34062, -11.31722], "rotation": [14.00194, 44.13603, 9.85108], "uv": [1, 156], "mirror": true},
						{"origin": [-5.21472, 49, -20], "size": [0, 1, 7], "pivot": [0.30685, 40.34062, -11.31722], "rotation": [10, 0, 0], "uv": [164, -7], "mirror": true},
						{"origin": [5.21472, 49, -20], "size": [0, 1, 7], "pivot": [-0.30685, 40.34062, -11.31722], "rotation": [10, 0, 0], "uv": [164, -7]}
					]
				},
				{
					"name": "eye",
					"parent": "head",
					"pivot": [0, 50.90713, -19.9452],
					"cubes": [
						{"origin": [-5.51472, 49.85482, -20.90993], "size": [0, 2, 1], "inflate": 0.03, "pivot": [-5.51472, 51.35482, -19.90993], "rotation": [15, 0, 0], "uv": [53, 34], "mirror": true},
						{"origin": [-5.51472, 49.75482, -21.30993], "size": [0, 2, 3], "inflate": 0.02, "pivot": [-5.51472, 51.25482, -20.30993], "rotation": [30, 0, 0], "uv": [64, 32], "mirror": true},
						{"origin": [5.51472, 49.75482, -21.30993], "size": [0, 2, 3], "inflate": 0.02, "pivot": [5.51472, 51.25482, -20.30993], "rotation": [30, 0, 0], "uv": [64, 32]},
						{"origin": [5.51472, 49.85482, -20.90993], "size": [0, 2, 1], "inflate": 0.03, "pivot": [5.51472, 51.35482, -19.90993], "rotation": [15, 0, 0], "uv": [53, 34]}
					]
				},
				{
					"name": "jaw",
					"parent": "head",
					"pivot": [-0.20685, 49.79482, -14.90975],
					"cubes": [
						{"origin": [-5.31472, 49.51979, -21.69628], "size": [0, 1, 10], "pivot": [0.20685, 49.79482, -14.90975], "rotation": [30, 0, 0], "uv": [156, -10], "mirror": true},
						{"origin": [-5.48528, 47.51979, -21.69628], "size": [11, 2, 10], "pivot": [-0.00685, 49.79482, -14.90975], "rotation": [30, 0, 0], "uv": [0, 27]},
						{"origin": [-8.82091, 47.51979, -23.6933], "size": [8, 2, 8], "pivot": [-0.00685, 49.79482, -14.90975], "rotation": [39.23152, -37.76124, -26.56505], "uv": [92, 78]},
						{"origin": [0.82091, 49.51979, -23.6933], "size": [8, 1, 0], "pivot": [0.00685, 49.79482, -14.90975], "rotation": [39.23152, 37.76124, 26.56505], "uv": [166, 0], "mirror": true},
						{"origin": [-8.82091, 49.51979, -23.6933], "size": [8, 1, 0], "pivot": [-0.00685, 49.79482, -14.90975], "rotation": [39.23152, -37.76124, -26.56505], "uv": [166, 0]},
						{"origin": [5.31472, 49.51979, -21.69628], "size": [0, 1, 10], "pivot": [-0.20685, 49.79482, -14.90975], "rotation": [30, 0, 0], "uv": [156, -10]}
					]
				}
			]
		}
	]
}