{
	"format_version": "1.12.0",
	"minecraft:geometry": [
		{
			"description": {
				"identifier": "geometry.stellumbra",
				"texture_width": 128,
				"texture_height": 128,
				"visible_bounds_width": 4,
				"visible_bounds_height": 3.5,
				"visible_bounds_offset": [0, 1.25, 0]
			},
			"bones": [
				{
					"name": "stellumbra",
					"pivot": [-0.04055, 0.05992, -0.094]
				},
				{
					"name": "body",
					"parent": "stellumbra",
					"pivot": [-0.04055, 17.80992, -0.094]
				},
				{
					"name": "head",
					"parent": "body",
					"pivot": [-2, 16, 0],
					"cubes": [
						{"origin": [-4, 14, -4], "size": [8, 8, 8], "uv": [0, 0]},
						{"origin": [-2.5, 17.5, -4.05], "size": [5, 5, 0], "uv": [66, 0]}
					]
				},
				{
					"name": "horn1",
					"parent": "head",
					"pivot": [-2.5, 21.25, 0.5],
					"cubes": [
						{"origin": [-4.5, 21.25, -1.5], "size": [3, 2, 3], "inflate": 0.01, "pivot": [-2.5, 21.25, 0.5], "rotation": [0, 0, -45], "uv": [32, 11]},
						{"origin": [-5.5, 22, -1.5], "size": [3, 2, 3], "pivot": [-3.5, 22, 0.5], "rotation": [0, 0, -22.5], "uv": [32, 6]},
						{"origin": [-3.75, 25.6, -0.5], "size": [1, 2, 1], "inflate": 0.01, "uv": [24, 68]},
						{"origin": [-5.5, 23.25, -1], "size": [2, 2, 2], "inflate": 0.01, "uv": [66, 20]},
						{"origin": [-3.75, 27.6, 0], "size": [1, 1, 0], "pivot": [-2.75, 27.6, -1], "rotation": [0, 0, -32.5], "uv": [62, 67]},
						{"origin": [-5.95, 24, -1], "size": [2, 2, 2], "pivot": [-3.95, 24, 0], "rotation": [0, 0, 38.5], "uv": [66, 24]}
					]
				},
				{
					"name": "horn2",
					"parent": "head",
					"pivot": [2.5, 21.25, -0.5],
					"rotation": [0, 180, 0],
					"cubes": [
						{"origin": [0.5, 21.25, -2.5], "size": [3, 2, 3], "inflate": 0.01, "pivot": [2.5, 21.25, -0.5], "rotation": [0, 0, -45], "uv": [44, 51]},
						{"origin": [-0.5, 22, -2.5], "size": [3, 2, 3], "pivot": [1.5, 22, -0.5], "rotation": [0, 0, -22.5], "uv": [44, 56]},
						{"origin": [1.25, 25.6, -1.5], "size": [1, 2, 1], "inflate": 0.01, "uv": [28, 68]},
						{"origin": [-0.5, 23.25, -2], "size": [2, 2, 2], "inflate": 0.01, "uv": [66, 28]},
						{"origin": [1.25, 27.6, -1], "size": [1, 1, 0], "pivot": [2.25, 27.6, -2], "rotation": [0, 0, -32.5], "uv": [48, 69]},
						{"origin": [-0.95, 24, -2], "size": [2, 2, 2], "pivot": [1.05, 24, -1], "rotation": [0, 0, 38.5], "uv": [66, 32]}
					]
				},
				{
					"name": "bone",
					"parent": "head",
					"pivot": [3.78682, 16.80118, 0.06596],
					"cubes": [
						{"origin": [3.38279, 16.7261, -0.10703], "size": [3, 3, 0], "pivot": [3.9, 17.8, 1], "rotation": [0, -12.5, -8.5], "uv": [58, 48]},
						{"origin": [3.46155, 14.42925, -0.27373], "size": [2, 2, 0], "pivot": [3.80071, 15.20372, 0], "rotation": [0, -22.5, 17.5], "uv": [36, 68]}
					]
				},
				{
					"name": "bone2",
					"parent": "head",
					"pivot": [-3.80404, 16.72903, -0.04226],
					"cubes": [
						{"origin": [-6.63117, 16.5983, -0.32257], "size": [3, 3, 0], "pivot": [-4.05737, 17.50435, -0.08452], "rotation": [0, 12.5, 8.5], "uv": [6, 68]},
						{"origin": [-5.50128, 14.51599, -0.39374], "size": [2, 2, 0], "pivot": [-3.55071, 15.45372, 0], "rotation": [0, 22.5, -17.5], "uv": [32, 68]}
					]
				},
				{
					"name": "tail",
					"parent": "head",
					"pivot": [0, 15, 4],
					"cubes": [
						{"origin": [-1, 14, 3.5], "size": [2, 2, 4], "uv": [32, 0]}
					]
				},
				{
					"name": "tail1",
					"parent": "tail",
					"pivot": [0, 15, 7.25],
					"cubes": [
						{"origin": [-1, 14, 7.25], "size": [2, 2, 5], "inflate": -0.25, "uv": [44, 44]}
					]
				},
				{
					"name": "tail2",
					"parent": "tail1",
					"pivot": [0, 15, 11.5],
					"cubes": [
						{"origin": [-0.5, 14.5, 11.5], "size": [1, 1, 4], "uv": [66, 5]}
					]
				},
				{
					"name": "tail_orb",
					"parent": "tail2",
					"pivot": [0, 15, 15.5],
					"cubes": [
						{"origin": [-1, 14, 15.5], "size": [2, 2, 2], "uv": [66, 40]},
						{"origin": [0, 15.5, 17.25], "size": [0, 1, 3], "pivot": [0, 14.5, 18.25], "rotation": [22.5, 0, 0], "uv": [56, 67]},
						{"origin": [0, 16.25, 16.75], "size": [0, 1, 3], "pivot": [0, 15.25, 17.75], "rotation": [45, 0, 0], "uv": [0, 68]}
					]
				},
				{
					"name": "tail3",
					"parent": "tail_orb",
					"pivot": [0, 15, 17.5],
					"cubes": [
						{"origin": [-0.5, 14.5, 17.5], "size": [1, 1, 3], "uv": [66, 36]}
					]
				},
				{
					"name": "tail4",
					"parent": "tail3",
					"pivot": [0, 15, 20.5],
					"cubes": [
						{"origin": [0, 14.5, 20.5], "size": [0, 1, 3], "uv": [58, 44]}
					]
				},
				{
					"name": "eye_left",
					"parent": "head",
					"pivot": [-2.52452, 17.47315, -4.11],
					"cubes": [
						{"origin": [-4.02452, 16.97315, -4.11], "size": [3, 1, 0], "pivot": [-2.52452, 17.47315, -4.1], "rotation": [0, 0, 3], "uv": [12, 68]}
					]
				},
				{
					"name": "eye_left2",
					"parent": "eye_left",
					"pivot": [-2.52383, 16.99931, -4.1],
					"cubes": [
						{"origin": [-3.52383, 16.49931, -4.1], "size": [2, 1, 0], "pivot": [-2.52383, 16.99931, -4.1], "rotation": [0, 0, 3], "uv": [44, 69]}
					]
				},
				{
					"name": "eye_right",
					"parent": "head",
					"pivot": [2.42315, 17.52548, -4.11],
					"cubes": [
						{"origin": [0.92315, 17.02548, -4.11], "size": [3, 1, 0], "pivot": [2.42315, 17.52548, -4.1], "rotation": [0, 0, -3], "uv": [18, 68]}
					]
				},
				{
					"name": "eye_right2",
					"parent": "eye_right",
					"pivot": [2.42246, 17.05165, -4.1],
					"cubes": [
						{"origin": [1.42246, 16.55165, -4.1], "size": [2, 1, 0], "pivot": [2.42246, 17.05165, -4.1], "rotation": [0, 0, -3], "uv": [40, 60]}
					]
				},
				{
					"name": "nebula",
					"parent": "body",
					"pivot": [0, 18.25, 0],
					"cubes": [
						{"origin": [-5.5, 12.75, -5.5], "size": [0, 11, 11], "uv": [0, 16]},
						{"origin": [5.5, 12.75, -5.5], "size": [0, 11, 11], "uv": [22, 16]},
						{"origin": [0, 12.75, 0], "size": [0, 11, 11], "pivot": [0, 18.25, 5.5], "rotation": [0, -90, 0], "uv": [44, 0]},
						{"origin": [-6.5, 12.75, -3.5], "size": [0, 11, 11], "pivot": [0.5, 18.75, 1.5], "rotation": [0, -90, 0], "uv": [44, 22]}
					]
				},
				{
					"name": "nebula5",
					"parent": "nebula",
					"pivot": [-0.5, 23.75, 0.5],
					"cubes": [
						{"origin": [-0.5, 18.75, -5.5], "size": [0, 11, 11], "pivot": [-0.5, 23.75, 0.5], "rotation": [0, 0, 90], "uv": [0, 38]}
					]
				},
				{
					"name": "nebula4",
					"parent": "nebula",
					"pivot": [0.5, 12.75, -0.5],
					"cubes": [
						{"origin": [0.5, 6.75, -5.5], "size": [0, 11, 11], "pivot": [0.5, 12.75, -0.5], "rotation": [0, 0, 90], "uv": [22, 38]}
					]
				},
				{
					"name": "nebula2",
					"parent": "body",
					"pivot": [2.5, 26.75, 1.5],
					"cubes": [
						{"origin": [0.5, 24.75, -0.5], "size": [0, 4, 4], "uv": [56, 51]},
						{"origin": [4.5, 24.75, -0.5], "size": [0, 4, 4], "uv": [56, 59]},
						{"origin": [-1, 24.75, -2], "size": [0, 4, 4], "pivot": [-1, 30.25, 3.5], "rotation": [0, -90, 0], "uv": [0, 60]},
						{"origin": [-7.5, 24.75, 1.5], "size": [0, 4, 4], "pivot": [-0.5, 30.75, 6.5], "rotation": [0, -90, 0], "uv": [8, 60]},
						{"origin": [5.5, 23.75, -0.5], "size": [0, 4, 4], "pivot": [5.5, 28.75, 5.5], "rotation": [0, 0, 90], "uv": [16, 60]},
						{"origin": [6.5, 18.75, -0.5], "size": [0, 4, 4], "pivot": [6.5, 24.75, 4.5], "rotation": [0, 0, 90], "uv": [24, 60]}
					]
				},
				{
					"name": "nebula3",
					"parent": "body",
					"pivot": [-1.5, 31.75, -1.5],
					"rotation": [0, 90, 0],
					"cubes": [
						{"origin": [-3.5, 29.75, -3.5], "size": [0, 4, 4], "uv": [32, 60]},
						{"origin": [0.5, 29.75, -3.5], "size": [0, 4, 4], "uv": [40, 61]},
						{"origin": [-5, 29.75, -5], "size": [0, 4, 4], "pivot": [-5, 35.25, 0.5], "rotation": [0, -90, 0], "uv": [48, 61]},
						{"origin": [-11.5, 29.75, -1.5], "size": [0, 4, 4], "pivot": [-4.5, 35.75, 3.5], "rotation": [0, -90, 0], "uv": [64, 44]},
						{"origin": [1.5, 28.75, -3.5], "size": [0, 4, 4], "pivot": [1.5, 33.75, 2.5], "rotation": [0, 0, 90], "uv": [64, 52]},
						{"origin": [2.5, 23.75, -3.5], "size": [0, 4, 4], "pivot": [2.5, 29.75, 1.5], "rotation": [0, 0, 90], "uv": [64, 60]}
					]
				},
				{
					"name": "hand_left",
					"parent": "body",
					"pivot": [-3, 12, 0],
					"cubes": [
						{"origin": [-4.5, 9, -1], "size": [3, 3, 2], "uv": [66, 10]},
						{"origin": [-4.5, 9, 0.5], "size": [1, 1, 1], "pivot": [-4, 9, 0.5], "rotation": [-22.5, 0, 0], "uv": [62, 68]},
						{"origin": [-2.5, 9, 0.5], "size": [1, 1, 1], "pivot": [-2, 9, 0.5], "rotation": [-25, 0, 0], "uv": [66, 68]},
						{"origin": [-2.75, 11, 0.5], "size": [1, 1, 1], "pivot": [-2.25, 11, 0.5], "rotation": [-18.2489, 17.38772, 42.18626], "uv": [12, 69]}
					]
				},
				{
					"name": "hand_right",
					"parent": "body",
					"pivot": [3, 12, 0],
					"cubes": [
						{"origin": [1.5, 9, -1], "size": [3, 3, 2], "uv": [66, 15]},
						{"origin": [1.5, 9, 0.5], "size": [1, 1, 1], "pivot": [2, 9, 0.5], "rotation": [-22.5, 0, 0], "uv": [16, 69]},
						{"origin": [3.5, 9, 0.5], "size": [1, 1, 1], "pivot": [4, 9, 0.5], "rotation": [-25, 0, 0], "uv": [20, 69]},
						{"origin": [0.95, 11, 0.5], "size": [1, 1, 1], "pivot": [1.45, 11, 0.5], "rotation": [-18.2489, 17.38772, 42.18626], "uv": [40, 69]}
					]
				}
			]
		}
	]
}