{
	"format_version": "1.12.0",
	"minecraft:geometry": [
		{
			"description": {
				"identifier": "geometry.croppup",
				"texture_width": 64,
				"texture_height": 64,
				"visible_bounds_width": 3,
				"visible_bounds_height": 2.5,
				"visible_bounds_offset": [0, 0.75, 0]
			},
			"bones": [
				{
					"name": "croppup",
					"pivot": [0, 0, 0]
				},
				{
					"name": "body",
					"parent": "croppup",
					"pivot": [0, 4, 0],
					"cubes": [
						{"origin": [-3.5, 0, -3.5], "size": [7, 5, 7], "uv": [0, 0]},
						{"origin": [-3, 5, -3], "size": [6, 1, 6], "uv": [21, 0]}
					]
				},
				{
					"name": "torso",
					"parent": "body",
					"pivot": [0, 6, 0],
					"cubes": [
						{"origin": [-3, 6, -3], "size": [6, 2, 6], "inflate": -0.001, "uv": [18, 17]}
					]
				},
				{
					"name": "upper_torso",
					"parent": "torso",
					"pivot": [0, 8, 0.25],
					"cubes": [
						{"origin": [-2.5, 8, -2.25], "size": [5, 2, 5], "uv": [0, 23]}
					]
				},
				{
					"name": "arm_left",
					"parent": "upper_torso",
					"pivot": [2.5, 9, 0.25],
					"cubes": [
						{"origin": [2.5, 8, -0.75], "size": [2, 2, 2], "uv": [56, 1]}
					]
				},
				{
					"name": "arm_left2",
					"parent": "arm_left",
					"pivot": [4.5, 10, 1.25],
					"cubes": [
						{"origin": [4.5, 8, -0.75], "size": [2, 2, 2], "uv": [56, 5]}
					]
				},
				{
					"name": "finger_left1",
					"parent": "arm_left2",
					"pivot": [6.5, 10, -0.25],
					"cubes": [
						{"origin": [6.5, 9, -0.75], "size": [1, 1, 1], "uv": [60, 10]}
					]
				},
				{
					"name": "finger_left2",
					"parent": "arm_left2",
					"pivot": [6.5, 9, -0.75],
					"cubes": [
						{"origin": [6.5, 8, -0.75], "size": [1, 1, 1], "uv": [58, 13]}
					]
				},
				{
					"name": "finger_left3",
					"parent": "arm_left2",
					"pivot": [6.5, 10, 0.75],
					"cubes": [
						{"origin": [6.5, 9, 0.25], "size": [1, 1, 1], "uv": [56, 10]}
					]
				},
				{
					"name": "arm_right",
					"parent": "upper_torso",
					"pivot": [-2.5, 9, 0.25],
					"cubes": [
						{"origin": [-4.5, 8, -0.75], "size": [2, 2, 2], "uv": [47, 1]}
					]
				},
				{
					"name": "arm_right2",
					"parent": "arm_right",
					"pivot": [-4.5, 10, 1.25],
					"cubes": [
						{"origin": [-6.5, 8, -0.75], "size": [2, 2, 2], "uv": [47, 5]}
					]
				},
				{
					"name": "finger_right1",
					"parent": "arm_right2",
					"pivot": [-6.5, 10, -0.25],
					"cubes": [
						{"origin": [-7.5, 9, -0.75], "size": [1, 1, 1], "uv": [49, 13]}
					]
				},
				{
					"name": "finger_right2",
					"parent": "arm_right2",
					"pivot": [-6.5, 9, -0.75],
					"cubes": [
						{"origin": [-7.5, 8, -0.75], "size": [1, 1, 1], "uv": [47, 10]}
					]
				},
				{
					"name": "finger_right3",
					"parent": "arm_right2",
					"pivot": [-6.5, 10, 0.75],
					"cubes": [
						{"origin": [-7.5, 9, 0.25], "size": [1, 1, 1], "uv": [51, 10]}
					]
				},
				{
					"name": "head",
					"parent": "upper_torso",
					"pivot": [0, 10.07309, 0.9101],
					"cubes": [
						{"origin": [-1.5, 9.9, -3.425], "size": [3, 2, 1], "pivot": [0, 11, -3.25], "rotation": [15, 0, 0], "uv": [36, 20]},
						{"origin": [-1, 11.025, -3.55], "size": [2, 1, 1], "inflate": -0.1, "pivot": [0, 11, -3.25], "rotation": [15, 0, 0], "uv": [0, 14]},
						{"origin": [-1, 10.175, -3.65], "size": [2, 1, 1], "inflate": -0.2, "pivot": [0, 11, -3.25], "rotation": [15, 0, 0], "uv": [0, 12]},
						{"origin": [-3, 10, -2.75], "size": [6, 5, 6], "uv": [0, 12]},
						{"origin": [-3, 14.75, 0.25], "size": [2, 2, 2], "pivot": [-2, 16, 0.25], "rotation": [-10, 0, -12.5], "uv": [28, 8]},
						{"origin": [1, 14.75, 0.25], "size": [2, 2, 2], "pivot": [2, 16, 0.25], "rotation": [-10, 0, 12.5], "uv": [37, 8]}
					]
				},
				{
					"name": "eye_right",
					"parent": "head",
					"pivot": [-1.67112, 12.51951, -2.6625],
					"cubes": [
						{"origin": [-2.53946, 11.84213, -3], "size": [2, 2, 1], "inflate": -0.2, "pivot": [-1.53946, 12.69213, -2.625], "rotation": [0, 0, 2.5], "uv": [19, 13]},
						{"origin": [-2.75, 11.625, -2.775], "size": [2, 2, 0], "pivot": [-1.5, 13, -2.775], "rotation": [0, 0, 2.5], "uv": [39, 4]}
					]
				},
				{
					"name": "eyelid_right",
					"parent": "eye_right",
					"pivot": [-1.76612, 12.63626, -2.175],
					"cubes": [
						{"origin": [-2.75, 11.625, -2.675], "size": [2, 2, 1], "inflate": 0.05, "pivot": [-1.5, 13, -2.675], "rotation": [0, 0, 2.5], "uv": [41, 3], "mirror": true}
					]
				},
				{
					"name": "eye_left",
					"parent": "head",
					"pivot": [1.67112, 12.51951, -2.6625],
					"cubes": [
						{"origin": [0.95, 11.825, -3], "size": [2, 2, 1], "inflate": -0.2, "pivot": [1.5, 13, -2.775], "rotation": [0, 0, -2.5], "uv": [19, 13]},
						{"origin": [0.75, 11.625, -2.775], "size": [2, 2, 0], "pivot": [1.5, 13, -2.775], "rotation": [0, 0, -2.5], "uv": [39, 2]}
					]
				},
				{
					"name": "eyelid_left",
					"parent": "eye_left",
					"pivot": [1.76612, 12.63626, -2.175],
					"cubes": [
						{"origin": [0.75, 11.625, -2.675], "size": [2, 2, 1], "inflate": 0.05, "pivot": [1.5, 13, -2.675], "rotation": [0, 0, -2.5], "uv": [41, 0]}
					]
				},
				{
					"name": "ear_right",
					"parent": "head",
					"pivot": [-3, 15, 0.25],
					"rotation": [10.24634, -7.09978, -12.59307],
					"cubes": [
						{"origin": [-4, 15, -1.25], "size": [2, 0, 3], "uv": [18, 3]}
					]
				},
				{
					"name": "ear_right2",
					"parent": "ear_right",
					"pivot": [-4, 15, 0.25],
					"rotation": [0, 0, -62.5],
					"cubes": [
						{"origin": [-6, 15, -1.25], "size": [2, 0, 3], "uv": [18, 0]}
					]
				},
				{
					"name": "ear_left",
					"parent": "head",
					"pivot": [3, 15, 0.25],
					"rotation": [10.24634, 7.09978, 12.59307],
					"cubes": [
						{"origin": [2, 15, -1.25], "size": [2, 0, 3], "uv": [0, 0]}
					]
				},
				{
					"name": "ear_left2",
					"parent": "ear_left",
					"pivot": [4, 15, 0.25],
					"rotation": [0, 0, 62.5],
					"cubes": [
						{"origin": [4, 15, -1.25], "size": [2, 0, 3], "uv": [0, 3]}
					]
				},
				{
					"name": "leaf_front",
					"parent": "body",
					"pivot": [0, 6.03665, -2.97418],
					"rotation": [10, 0, 0],
					"cubes": [
						{"origin": [-3.5, 6.03665, -3.47418], "size": [7, 4, 1], "uv": [22, 43]}
					]
				},
				{
					"name": "leaf_front2",
					"parent": "leaf_front",
					"pivot": [0, 10.03665, -3.47418],
					"rotation": [15, 0, 0],
					"cubes": [
						{"origin": [-4.5, 10.03665, -3.47418], "size": [9, 4, 0], "pivot": [1, 13.53665, -3.22418], "rotation": [0, 0, 0], "uv": [21, 39]}
					]
				},
				{
					"name": "leaf_front3",
					"parent": "leaf_front2",
					"pivot": [0, 14.03665, -3.47418],
					"rotation": [25, 0, 0],
					"cubes": [
						{"origin": [-5, 14.03665, -3.47418], "size": [1, 4, 0], "pivot": [1, 13.53665, -3.22418], "rotation": [0, 0, 0], "uv": [21, 35]}
					]
				},
				{
					"name": "leaf_back",
					"parent": "body",
					"pivot": [0, 6.03665, 2.97418],
					"rotation": [-10, 0, 0],
					"cubes": [
						{"origin": [-3.5, 6.03665, 2.47418], "size": [7, 4, 1], "uv": [2, 59]}
					]
				},
				{
					"name": "leaf_back2",
					"parent": "leaf_back",
					"pivot": [0, 10.03665, 3.47418],
					"rotation": [-15, 0, 0],
					"cubes": [
						{"origin": [-4.5, 10.03665, 3.47418], "size": [9, 4, 0], "pivot": [1, 13.53665, 3.22418], "rotation": [0, 0, 0], "uv": [1, 55]}
					]
				},
				{
					"name": "leaf_back3",
					"parent": "leaf_back2",
					"pivot": [0, 14.03665, 3.47418],
					"rotation": [-25, 0, 0],
					"cubes": [
						{"origin": [-5, 14.03665, 3.47418], "size": [10, 4, 0], "pivot": [1, 13.53665, 3.22418], "rotation": [0, 0, 0], "uv": [0, 51]}
					]
				},
				{
					"name": "leaf_right",
					"parent": "body",
					"pivot": [-3, 6.03665, -0.02582],
					"rotation": [0, -90, -10],
					"cubes": [
						{"origin": [-6.5, 6.03665, -0.52582], "size": [7, 4, 1], "uv": [22, 59]}
					]
				},
				{
					"name": "leaf_right2",
					"parent": "leaf_right",
					"pivot": [-3, 10.03665, 0.47418],
					"rotation": [-15, 0, 0],
					"cubes": [
						{"origin": [-7.5, 10.03665, 0.47418], "size": [9, 4, 0], "pivot": [-2, 13.53665, 0.22418], "rotation": [0, 0, 0], "uv": [21, 55]}
					]
				},
				{
					"name": "leaf_right3",
					"parent": "leaf_right2",
					"pivot": [-3, 14.03665, 0.47418],
					"rotation": [-25, 0, 0],
					"cubes": [
						{"origin": [-8, 14.03665, 0.47418], "size": [10, 4, 0], "pivot": [-2, 13.53665, 0.22418], "rotation": [0, 0, 0], "uv": [20, 51]}
					]
				},
				{
					"name": "leaf_left",
					"parent": "body",
					"pivot": [3, 6.03665, -0.02582],
					"rotation": [0, 90, 10],
					"cubes": [
						{"origin": [-0.5, 6.03665, -0.52582], "size": [7, 4, 1], "uv": [2, 43]}
					]
				},
				{
					"name": "leaf_left2",
					"parent": "leaf_left",
					"pivot": [3, 10.03665, 0.47418],
					"rotation": [-15, 0, 0],
					"cubes": [
						{"origin": [-1.5, 10.03665, 0.47418], "size": [9, 4, 0], "pivot": [2, 13.53665, 0.22418], "rotation": [0, 0, 0], "uv": [1, 39]}
					]
				},
				{
					"name": "leaf_left3",
					"parent": "leaf_left2",
					"pivot": [3, 14.03665, 0.47418],
					"rotation": [-25, 0, 0],
					"cubes": [
						{"origin": [-2, 14.03665, 0.47418], "size": [10, 4, 0], "pivot": [2, 13.53665, 0.22418], "rotation": [0, 0, 0], "uv": [0, 35]}
					]
				}
			]
		}
	]
}