{
	"format_version": "1.12.0",
	"minecraft:geometry": [
		{
			"description": {
				"identifier": "geometry.angleel",
				"texture_width": 128,
				"texture_height": 128,
				"visible_bounds_width": 4,
				"visible_bounds_height": 3.5,
				"visible_bounds_offset": [0, 1.25, 0]
			},
			"bones": [
				{
					"name": "angleel",
					"pivot": [0, 0, 0]
				},
				{
					"name": "body",
					"parent": "angleel",
					"pivot": [0, 2.5, -3]
				},
				{
					"name": "head",
					"parent": "body",
					"pivot": [0, 2.5, -18],
					"cubes": [
						{"origin": [-3, 2, -24], "size": [6, 4, 6], "uv": [0, 53]},
						{"origin": [3, 0, -21], "size": [0, 2, 3], "uv": [24, 59]},
						{"origin": [-3, 0, -18], "size": [6, 2, 0], "uv": [32, 23]},
						{"origin": [-3, 0, -21], "size": [0, 2, 3], "uv": [30, 59]},
						{"origin": [3, 0, -24], "size": [0, 2, 3], "uv": [36, 59]},
						{"origin": [-3, 0, -24], "size": [0, 2, 3], "uv": [60, 8]}
					]
				},
				{
					"name": "jaw",
					"parent": "head",
					"pivot": [0, 1, -19],
					"cubes": [
						{"origin": [-3, -0.01, -24], "size": [6, 2, 6], "inflate": -0.01, "uv": [46, 0]}
					]
				},
				{
					"name": "eyes",
					"parent": "head",
					"pivot": [0, 3.5, -20.2]
				},
				{
					"name": "left_eye",
					"parent": "eyes",
					"pivot": [3.1, 3.5, -20.2],
					"cubes": [
						{"origin": [3.1, 2, -22.3], "size": [0, 3, 4], "uv": [46, 56]}
					]
				},
				{
					"name": "right_eye",
					"parent": "eyes",
					"pivot": [-3.1, 3.5, -20.2],
					"cubes": [
						{"origin": [-3.1, 2, -22.3], "size": [0, 3, 4], "uv": [54, 56]}
					]
				},
				{
					"name": "tail",
					"parent": "body",
					"pivot": [0, 2.5, -19],
					"cubes": [
						{"origin": [-2.5, 0, -19], "size": [5, 5, 11], "inflate": -0.01, "uv": [0, 9]}
					]
				},
				{
					"name": "tail1",
					"parent": "tail",
					"pivot": [0, 2.5, -9],
					"cubes": [
						{"origin": [-2.5, 0, -9], "size": [5, 5, 10], "inflate": -0.02, "uv": [0, 25]}
					]
				},
				{
					"name": "tail2",
					"parent": "tail1",
					"pivot": [0, 2.5, 0],
					"cubes": [
						{"origin": [-2.5, 0, 0], "size": [5, 5, 10], "inflate": -0.03, "uv": [30, 25]}
					]
				},
				{
					"name": "tail3",
					"parent": "tail2",
					"pivot": [0, 2, 9],
					"cubes": [
						{"origin": [-2, 0, 9], "size": [4, 4, 10], "inflate": -0.04, "uv": [32, 9]}
					]
				},
				{
					"name": "top_fin",
					"parent": "tail3",
					"pivot": [0, 4, 15],
					"cubes": [
						{"origin": [0, 3, 10], "size": [0, 9, 10], "uv": [26, 40]}
					]
				},
				{
					"name": "bottom_fin",
					"parent": "tail3",
					"pivot": [0, 0, 16],
					"cubes": [
						{"origin": [0, -5, 11], "size": [0, 6, 10], "uv": [46, 40]}
					]
				},
				{
					"name": "tail4",
					"parent": "tail3",
					"pivot": [0, 1.5, 18],
					"cubes": [
						{"origin": [-1.5, 0, 18], "size": [3, 3, 10], "inflate": -0.05, "uv": [0, 40]}
					]
				},
				{
					"name": "lure",
					"parent": "tail4",
					"pivot": [0, 1.5, 28],
					"cubes": [
						{"origin": [-7, 1.5, 27], "size": [14, 0, 9], "uv": [0, 0]}
					]
				}
			]
		}
	]
}