{
	"format_version": "1.12.0",
	"minecraft:geometry": [
		{
			"description": {
				"identifier": "geometry.chamater",
				"texture_width": 64,
				"texture_height": 64,
				"visible_bounds_width": 4,
				"visible_bounds_height": 2.5,
				"visible_bounds_offset": [0, 0.75, 0]
			},
			"bones": [
				{
					"name": "chamater",
					"pivot": [0, 0, 0]
				},
				{
					"name": "bone",
					"parent": "chamater",
					"pivot": [0, 6, 0],
					"cubes": [
						{"origin": [-5, 6, -6], "size": [10, 6, 12], "uv": [20, 18]},
						{"origin": [-0.5, 12, -5], "size": [1, 3, 2], "uv": [54, 14]},
						{"origin": [-0.5, 12, 3], "size": [1, 3, 2], "uv": [55, 6]},
						{"origin": [-0.5, 12, -1], "size": [1, 3, 2], "uv": [54, 14]}
					]
				},
				{
					"name": "head",
					"parent": "bone",
					"pivot": [0, 12, -6],
					"cubes": [
						{"origin": [-4, 6, -15], "size": [8, 8, 9], "uv": [0, 0]},
						{"origin": [-1, 13, -16], "size": [2, 6, 2], "pivot": [0, 14, -14], "rotation": [32.5, 0, 0], "uv": [4, 30]},
						{"origin": [-1, 12, -12], "size": [2, 5, 2], "pivot": [0, 14, -11], "rotation": [-27.5, 0, 0], "uv": [3, 40]},
						{"origin": [-3.5, 13, -8], "size": [7, 6, 1], "pivot": [0, 14, -7.5], "rotation": [-30, 0, 0], "uv": [2, 19]}
					]
				},
				{
					"name": "tail",
					"parent": "bone",
					"pivot": [0, 13, 6],
					"cubes": [
						{"origin": [-2, 6, 6], "size": [4, 10, 10], "uv": [36, 39]},
						{"origin": [-0.5, 16, 7], "size": [1, 1, 1], "uv": [22, 43]},
						{"origin": [-0.5, 16, 9], "size": [1, 1, 1], "uv": [22, 43]},
						{"origin": [-0.5, 16, 13], "size": [1, 1, 1], "uv": [22, 43]},
						{"origin": [-0.5, 16, 15], "size": [1, 1, 1], "uv": [22, 43]},
						{"origin": [-0.5, 15, 16], "size": [1, 1, 1], "uv": [22, 43]},
						{"origin": [-0.5, 13, 16], "size": [1, 1, 1], "uv": [22, 43]},
						{"origin": [-0.5, 9, 16], "size": [1, 1, 1], "uv": [22, 43]},
						{"origin": [-0.5, 7, 16], "size": [1, 1, 1], "uv": [22, 43]},
						{"origin": [-0.5, 11, 16], "size": [1, 1, 1], "uv": [22, 43]},
						{"origin": [-0.5, 16, 11], "size": [1, 1, 1], "uv": [22, 43]}
					]
				},
				{
					"name": "leg",
					"parent": "bone",
					"pivot": [3, 8, -4],
					"cubes": [
						{"origin": [1, 0, -6], "size": [4, 6, 4], "uv": [37, 4]}
					]
				},
				{
					"name": "leg2",
					"parent": "bone",
					"pivot": [3, 8, 4],
					"cubes": [
						{"origin": [1, 0, 2], "size": [4, 6, 4], "uv": [37, 4]}
					]
				},
				{
					"name": "leg3",
					"parent": "bone",
					"pivot": [-3, 8, 4],
					"cubes": [
						{"origin": [-5, 0, 2], "size": [4, 6, 4], "uv": [37, 4], "mirror": true}
					]
				},
				{
					"name": "leg4",
					"parent": "bone",
					"pivot": [-3, 8, -4],
					"cubes": [
						{"origin": [-5, 0, -6], "size": [4, 6, 4], "uv": [37, 4], "mirror": true}
					]
				}
			]
		}
	]
}