{
	"format_version": "1.12.0",
	"minecraft:geometry": [
		{
			"description": {
				"identifier": "geometry.wi2ter_commission",
				"texture_width": 64,
				"texture_height": 49,
				"visible_bounds_width": 2,
				"visible_bounds_height": 2.5,
				"visible_bounds_offset": [0, 0.75, 0]
			},
			"bones": [
				{
					"name": "wi2ter_commission",
					"pivot": [0, 0, 0]
				},
				{
					"name": "body",
					"parent": "wi2ter_commission",
					"pivot": [0, 8, 0.25]
				},
				{
					"name": "torso",
					"parent": "body",
					"pivot": [0, 9, -2.75]
				},
				{
					"name": "torso_front",
					"parent": "torso",
					"pivot": [0.5, 8, -1.75],
					"cubes": [
						{"origin": [-2.5, 4.1, -4.75], "size": [5, 6, 6], "uv": [0, 22]}
					]
				},
				{
					"name": "torso_back",
					"parent": "torso_front",
					"pivot": [0, 7, 0.25],
					"cubes": [
						{"origin": [-3, 4.1, 0.25], "size": [6, 6, 5], "inflate": 0.05, "uv": [23, 24]}
					]
				},
				{
					"name": "tail",
					"parent": "torso_back",
					"pivot": [0, 9.5, 4.75],
					"cubes": [
						{"origin": [-2.5, 7, 2.25], "size": [5, 5, 5], "uv": [31, 7]},
						{"origin": [-2.5, 7, 2.25], "size": [5, 5, 5], "inflate": 0.1, "uv": [42, 18]}
					]
				},
				{
					"name": "neck",
					"parent": "torso_front",
					"pivot": [0, 9.75, -2.9],
					"cubes": [
						{"origin": [-2, 8.75, -5], "size": [4, 2, 4], "uv": [18, 18]}
					]
				},
				{
					"name": "neck_base_leaf_front",
					"parent": "neck",
					"pivot": [0, 10, -5],
					"cubes": [
						{"origin": [-2, 10, -7], "size": [4, 0, 2], "uv": [10, 19]}
					]
				},
				{
					"name": "neck_base_leaf_left",
					"parent": "neck",
					"pivot": [2, 10.25, -3.25],
					"cubes": [
						{"origin": [2, 10.25, -4.5], "size": [2, 0, 3], "uv": [9, 16]}
					]
				},
				{
					"name": "neck_base_leaf_right",
					"parent": "neck",
					"pivot": [-2, 10.25, -3.25],
					"cubes": [
						{"origin": [-4, 10.25, -4.5], "size": [2, 0, 3], "uv": [9, 16], "mirror": true}
					]
				},
				{
					"name": "neck2",
					"parent": "neck",
					"pivot": [0, 10.25, -2.75],
					"cubes": [
						{"origin": [-1.5, 9.25, -4.25], "size": [3, 7, 3], "uv": [0, 12]}
					]
				},
				{
					"name": "neck_thorn",
					"parent": "neck2",
					"pivot": [0, 12.25, -2.75],
					"cubes": [
						{"origin": [-1.5, 11.25, -4.25], "size": [3, 2, 3], "inflate": 0.1, "uv": [18, 12]}
					]
				},
				{
					"name": "head",
					"parent": "neck2",
					"pivot": [0, 15.25, -2.75],
					"cubes": [
						{"origin": [-2.5, 14.25, -7.25], "size": [5, 4, 8], "uv": [0, 0]}
					]
				},
				{
					"name": "mouth_open",
					"parent": "head",
					"pivot": [0, 16.25, -5.75],
					"cubes": [
						{"origin": [-1.5, 15.25, -6.25], "size": [3, 2, 1], "inflate": 0.05, "uv": [12, 12]}
					]
				},
				{
					"name": "eyelid_left",
					"parent": "head",
					"pivot": [1.025, 16.25, -4.75],
					"cubes": [
						{"origin": [0.525, 15.25, -6.25], "size": [1, 2, 3], "inflate": 0.05, "uv": [56, 5]}
					]
				},
				{
					"name": "eyelid_right",
					"parent": "head",
					"pivot": [-1.025, 16.25, -4.75],
					"cubes": [
						{"origin": [-1.525, 15.25, -6.25], "size": [1, 2, 3], "inflate": 0.05, "uv": [56, 0], "mirror": true}
					]
				},
				{
					"name": "eye_left",
					"parent": "head",
					"pivot": [2.525, 16.25, -4.75],
					"cubes": [
						{"origin": [2.525, 15.25, -6.25], "size": [0, 2, 3], "uv": [20, -3]}
					]
				},
				{
					"name": "eye_shine_left",
					"parent": "eye_left",
					"pivot": [2.525, 16.25, -4.75],
					"cubes": [
						{"origin": [2.535, 15.25, -5.25], "size": [0, 1, 2], "uv": [22, 0]}
					]
				},
				{
					"name": "pupil_left",
					"parent": "eye_left",
					"pivot": [2.55, 16.25, -4.75],
					"cubes": [
						{"origin": [2.55, 15.25, -5.25], "size": [0, 2, 1], "uv": [18, -1]}
					]
				},
				{
					"name": "eye_right",
					"parent": "head",
					"pivot": [-2.525, 16.25, -4.75],
					"cubes": [
						{"origin": [-2.525, 15.25, -6.25], "size": [0, 2, 3], "uv": [0, -3], "mirror": true}
					]
				},
				{
					"name": "eye_shine_right",
					"parent": "eye_right",
					"pivot": [-2.525, 16.25, -4.75],
					"cubes": [
						{"origin": [-2.535, 15.25, -5.25], "size": [0, 1, 2], "uv": [0, 0], "mirror": true}
					]
				},
				{
					"name": "pupil_right",
					"parent": "eye_right",
					"pivot": [-2.55, 16.25, -4.75],
					"cubes": [
						{"origin": [-2.55, 15.25, -5.25], "size": [0, 2, 1], "uv": [6, -1], "mirror": true}
					]
				},
				{
					"name": "ear_left",
					"parent": "head",
					"pivot": [2.4, 15.5, -2.05],
					"rotation": [-67.5, 0, 0]
				},
				{
					"name": "ear_left_top",
					"parent": "ear_left",
					"pivot": [3.4, 16.70104, -2.05251],
					"rotation": [0, 0, -17.5],
					"cubes": [
						{"origin": [2.15, 15.95104, -2.05251], "size": [4, 3, 1], "pivot": [3.4, 17.70104, -2.05251], "rotation": [0, 0, -10], "uv": [45, 0]}
					]
				},
				{
					"name": "ear_left_mid",
					"parent": "ear_left",
					"pivot": [3.4, 15.20104, -2.05251],
					"cubes": [
						{"origin": [2.4, 14.45104, -2.05251], "size": [3, 2, 1], "inflate": -0.05, "uv": [47, 4]}
					]
				},
				{
					"name": "ear_left_bot",
					"parent": "ear_left",
					"pivot": [2.55, 14.55104, -1.95251],
					"rotation": [0, 0, 30],
					"cubes": [
						{"origin": [2.14641, 13.64483, -2.05251], "size": [3, 2, 1], "inflate": -0.1, "uv": [47, 7]}
					]
				},
				{
					"name": "ear_right",
					"parent": "head",
					"pivot": [-2.4, 15.5, -2.05],
					"rotation": [-67.5, 0, 0]
				},
				{
					"name": "ear_right_top",
					"parent": "ear_right",
					"pivot": [-3.4, 16.70104, -2.05251],
					"rotation": [0, 0, 17.5],
					"cubes": [
						{"origin": [-6.15, 15.95104, -2.05251], "size": [4, 3, 1], "pivot": [-3.4, 17.70104, -2.05251], "rotation": [0, 0, 10], "uv": [26, 0], "mirror": true}
					]
				},
				{
					"name": "ear_right_mid",
					"parent": "ear_right",
					"pivot": [-3.4, 15.20104, -2.05251],
					"cubes": [
						{"origin": [-5.4, 14.45104, -2.05251], "size": [3, 2, 1], "inflate": -0.05, "uv": [27, 4], "mirror": true}
					]
				},
				{
					"name": "ear_right_bot",
					"parent": "ear_right",
					"pivot": [-2.55, 14.55104, -1.95251],
					"rotation": [0, 0, -30],
					"cubes": [
						{"origin": [-5.14641, 13.64483, -2.05251], "size": [3, 2, 1], "inflate": -0.1, "uv": [27, 7], "mirror": true}
					]
				},
				{
					"name": "leg_front_left",
					"parent": "body",
					"pivot": [2, 6.75, -3.25],
					"rotation": [5, 0, 0],
					"cubes": [
						{"origin": [1, 4, -5], "size": [2, 4, 3], "inflate": 0.05, "uv": [12, 35]}
					]
				},
				{
					"name": "leg_front_left2",
					"parent": "leg_front_left",
					"pivot": [2, 3.75, -3.25],
					"rotation": [-5, 0, 0],
					"cubes": [
						{"origin": [1, 0, -4.5], "size": [2, 5, 2], "uv": [12, 42]}
					]
				},
				{
					"name": "leg_front_right",
					"parent": "body",
					"pivot": [-2, 6.75, -3.25],
					"rotation": [5, 0, 0],
					"cubes": [
						{"origin": [-3, 4, -5], "size": [2, 4, 3], "inflate": 0.05, "uv": [0, 35], "mirror": true}
					]
				},
				{
					"name": "leg_front_right2",
					"parent": "leg_front_right",
					"pivot": [-2, 3.75, -3.25],
					"rotation": [-5, 0, 0],
					"cubes": [
						{"origin": [-3, 0, -4.5], "size": [2, 5, 2], "uv": [0, 42], "mirror": true}
					]
				},
				{
					"name": "leg_back_left",
					"parent": "body",
					"pivot": [2.5, 6.75, 3.5],
					"cubes": [
						{"origin": [1.5, 4, 1.75], "size": [2, 4, 3], "inflate": 0.05, "uv": [36, 35]}
					]
				},
				{
					"name": "leg_back_left2",
					"parent": "leg_back_left",
					"pivot": [2.5, 4, 3.5],
					"cubes": [
						{"origin": [1.5, 0, 2.25], "size": [2, 5, 2], "uv": [37, 42]}
					]
				},
				{
					"name": "leg_back_right",
					"parent": "body",
					"pivot": [-2.5, 6.75, 3.5],
					"cubes": [
						{"origin": [-3.5, 4, 1.75], "size": [2, 4, 3], "inflate": 0.05, "uv": [24, 35], "mirror": true}
					]
				},
				{
					"name": "leg_back_right2",
					"parent": "leg_back_right",
					"pivot": [-2.5, 4, 3.5],
					"cubes": [
						{"origin": [-3.5, 0, 2.25], "size": [2, 5, 2], "uv": [25, 42], "mirror": true}
					]
				}
			]
		}
	]
}