{
 "head": "head",
 "portraitScale": 2,
 "portraitTranslation": [ 0, -1.5, 0 ],
 "profileScale": 1,
 "profileTranslation": [ 0, 0, 0 ],
 "faint": "bedrock(amalgawn, faint)",
 "poses": {
   "standing": {
     "poseName": "standing",
     "transformTicks": 10,
     "poseTypes": [
       "STAND",
       "NONE",
       "PORTRAIT",
       "PROFILE"
     ],
     "animations": [
       "look",
       "bedrock(amalgawn, ground_idle)"
     ]
   },
   "walking": {
     "poseName": "walking",
     "transformTicks": 10,
     "poseTypes": [ "WALK" ],
     "animations": [ "bedrock(amalgawn, ground_walk)" ]
   },
   "swimming": {
     "poseName": "swimming",
     "transformTicks": 5,
     "poseTypes": [ "SWIM" ],
     "animations": [ "bedrock(amalgawn, ground_walk)" ]
	 
	
   },
   "floating": {
     "poseName": "floating",
     "transformTicks": 5,
     "poseTypes": [ "FLOAT" ],
     "animations": [ "bedrock(amalgawn, ground_idle)" ]
	 
	
   },
  "sleeping": {
    "poseName": "sleeping",
    "transformTicks": 10,
    "poseTypes": [ "SLEEP" ],
    "animations": [ "bedrock(amalgawn, sleep)" ]
  }
 }
}