{
 "head": "head",
 "portraitScale": 1.5,
 "portraitTranslation": [ 0, -0.5, 0 ],
 "profileScale": 1,
 "profileTranslation": [ 0, 0, 0 ],
 "faint": "bedrock(hombone, faint)",
 "poses": {
   "standing": {
     "poseName": "standing",
     "transformTicks": 1,
     "poseTypes": [
       "STAND",
       "NONE",
       "PORTRAIT",
       "PROFILE"
     ],
     "animations": [
       "bedrock(hombone, ground_idle)"
     ]
   },
   "walking": {
     "poseName": "walking",
     "transformTicks": 1,
     "poseTypes": [ "WALK" ],
     "animations": [ "bedrock(hombone, ground_walk)" ]
   },
   "floating": {
     "poseName": "floating",
     "transformTicks": 1,
     "poseTypes": [ "FLOAT" ],
     "animations": [ "bedrock(hombone, ground_idle)" ]
   },
   "swimming": {
     "poseName": "swimming",
     "transformTicks": 1,
     "poseTypes": [ "SWIM" ],
     "animations": [ "bedrock(hombone, ground_walk)" ]
   },
   "sleeping": {
     "poseName": "sleeping",
     "transformTicks": 1,
     "poseTypes": [ "SLEEP" ],
     "animations": [ "bedrock(hombone, sleep)" ]
   }
   
   
 }
}