{
 "head": "head",
 "portraitScale": 2,
 "portraitTranslation": [ -1, 0, 0 ],
 "profileScale": 0.8,
 "profileTranslation": [ 0, 0.8, 0 ],
 "faint": "bedrock(hombeast, faint)",
 "poses": {
   "standing": {
     "poseName": "standing",
     "transformTicks": 1,
     "poseTypes": [
       "STAND",
       "NONE",
       "PORTRAIT",
       "PROFILE"
     ],
     "animations": [
       "look",
       "bedrock(hombeast, ground_idle)"
     ]
   },
   "walking": {
     "poseName": "walking",
     "transformTicks": 1,
     "poseTypes": [ "WALK" ],
     "animations": [ "bedrock(hombeast, ground_walk)" ]
   },
   "flying": {
     "poseName": "flying",
     "transformTicks": 1,
     "poseTypes": [ "FLY" ],
     "animations": [ "bedrock(hombeast, ground_walk)" ]
   },
   "hovering": {
     "poseName": "hovering",
     "transformTicks": 1,
     "poseTypes": [ "HOVER" ],
     "animations": [ "bedrock(hombeast, ground_idle)" ]
   },
   "floating": {
     "poseName": "floating",
     "transformTicks": 1,
     "poseTypes": [ "FLOAT" ],
     "animations": [ "bedrock(hombeast, ground_idle)" ]
   },
   "swimming": {
     "poseName": "swimming",
     "transformTicks": 1,
     "poseTypes": [ "SWIM" ],
     "animations": [ "bedrock(hombeast, ground_walk)" ]
   }
   
   
 }
}