{
 "head": "head",
 "portraitScale": 2,
 "portraitTranslation": [ -0.2, -0.2, 0 ],
 "profileScale": 0.7,
 "profileTranslation": [ 0, 0.8, 0 ],
 "faint": "bedrock(maskonylum, faint)",
 "poses": {
   "standing": {
     "poseName": "standing",
     "transformTicks": 10,
     "poseTypes": [
       "STAND",
       "NONE",
       "PORTRAIT",
       "PROFILE"
     ],
     "animations": [
       "look",
       "bedrock(maskonylum, ground_idle)"
     ]
   },
   "walking": {
     "poseName": "walking",
     "transformTicks": 10,
     "poseTypes": [ "WALK" ],
     "animations": [ "bedrock(maskonylum, ground_walk)" ]
   },
   "swimming": {
     "poseName": "swimming",
     "transformTicks": 5,
     "poseTypes": [ "SWIM" ],
     "animations": [ "bedrock(maskonylum, ground_walk)" ]
	 
	
   },
   "floating": {
     "poseName": "floating",
     "transformTicks": 5,
     "poseTypes": [ "FLOAT" ],
     "animations": [ "bedrock(maskonylum, ground_idle)" ]
	 
	
   }
 }
}