{
 "head": "head",
 "portraitScale": 2.5,
 "portraitTranslation": [ -0.3, -0.8, 0 ],
 "profileScale": 0.7,
 "profileTranslation": [ 0, 0.6, 0 ],
 "faint": "bedrock(parawasp, faint)",
 "poses": {
   "standing": {
     "poseName": "standing",
     "transformTicks": 10,
     "poseTypes": [
       "STAND",
       "NONE",
       "PORTRAIT",
       "PROFILE"
     ],
     "animations": [
       "look",
       "bedrock(parawasp, ground_idle)"
     ]
   },
   "walking": {
     "poseName": "walking",
     "transformTicks": 10,
     "poseTypes": [ "WALK" ],
     "animations": [ "bedrock(parawasp, ground_walk)" ]
	 
	
   },
   "sleeping": {
     "poseName": "sleeping",
     "transformTicks": 5,
     "poseTypes": [ "SLEEP" ],
     "animations": [ "bedrock(parawasp, ground_idle)" ]
	 
	
   },
   "floating": {
     "poseName": "floating",
     "transformTicks": 5,
     "poseTypes": [ "FLOAT" ],
     "animations": [ "bedrock(parawasp, ground_idle)" ]
	 
	
   },
   "swimming": {
     "poseName": "swimming",
     "transformTicks": 5,
     "poseTypes": [ "SWIM" ],
     "animations": [ "bedrock(parawasp, ground_idle)" ]
	 
	
   },
   "hovering": {
     "poseName": "hovering",
     "transformTicks": 10,
     "poseTypes": [ "HOVER" ],
     "animations": [ "bedrock(parawasp, ground_idle)" ]
	 
	
   },
   "flying": {
     "poseName": "flying",
     "transformTicks": 10,
     "poseTypes": [ "FLY" ],
     "animations": [ "bedrock(parawasp, ground_walk)" ]
   
   
 }
 }
}