{
 "head": "head",
 "portraitScale": 2.5,
 "portraitTranslation": [ 0, -1.3, 0 ],
 "profileScale": 1,
 "profileTranslation": [ 0, 0.2, 0 ],
 "faint": "bedrock(shoggroll, faint)",
 "poses": {
   "standing": {
     "poseName": "standing",
     "transformTicks": 10,
     "poseTypes": [
       "STAND",
       "NONE",
       "PORTRAIT",
       "PROFILE"
     ],
     "animations": [
       "look",
       "bedrock(shoggroll, ground_idle)"
     ]
   },
   "walking": {
     "poseName": "walking",
     "transformTicks": 10,
     "poseTypes": [ "WALK" ],
     "animations": [ "bedrock(shoggroll, ground_walk)" ]
	 
	
   },
   "sleeping": {
     "poseName": "sleeping",
     "transformTicks": 5,
     "poseTypes": [ "SLEEP" ],
     "animations": [ "bedrock(shoggroll, sleep)" ]
	 
	
   },
   "floating": {
     "poseName": "floating",
     "transformTicks": 5,
     "poseTypes": [ "FLOAT" ],
     "animations": [ "bedrock(shoggroll, ground_idle)" ]
	 
	
   },
   "swimming": {
     "poseName": "swimming",
     "transformTicks": 5,
     "poseTypes": [ "SWIM" ],
     "animations": [ "bedrock(shoggroll, ground_walk)" ]
	 
	
   }
 }
}