{
	"format_version": "1.12.0",
	"minecraft:geometry": [
		{
			"description": {
				"identifier": "geometry.stingwing_max",
				"texture_width": 256,
				"texture_height": 256,
				"visible_bounds_width": 9,
				"visible_bounds_height": 7.5,
				"visible_bounds_offset": [0, 3.25, 0]
			},
			"bones": [
				{
					"name": "stingwing",
					"pivot": [0, 0, 0]
				},
				{
					"name": "body",
					"parent": "stingwing",
					"pivot": [0, 0, 0]
				},
				{
					"name": "leg",
					"parent": "body",
					"pivot": [3.5, 44.375, 4],
					"cubes": [
						{"origin": [1, 27, -1], "size": [5, 3, 7], "uv": [0, 103]},
						{"origin": [0, 29, -2], "size": [7, 16, 9], "uv": [44, 63]},
						{"origin": [0.5, 28, 7], "size": [6, 0, 3], "uv": [-3, 136], "mirror": true},
						{"origin": [0.5, 42, -1], "size": [6, 4, 7], "uv": [102, 93]},
						{"origin": [2.5, 44, 7], "size": [6, 0, 3], "pivot": [5.5, 44, 8.5], "rotation": [0, 0, 62.5], "uv": [-3, 136], "mirror": true},
						{"origin": [-2.5, 44, 7], "size": [6, 0, 3], "pivot": [0.5, 44, 8.5], "rotation": [0, 0, 100], "uv": [-3, 136], "mirror": true}
					]
				},
				{
					"name": "knee",
					"parent": "leg",
					"pivot": [3.875, 28.69246, -0.79275],
					"cubes": [
						{"origin": [6.5, 11, 0], "size": [3, 0, 5], "uv": [-5, 45], "mirror": true},
						{"origin": [0.5, 10, -2], "size": [6, 18, 9], "inflate": 0.02, "uv": [1, 65], "mirror": true},
						{"origin": [0.5, 27.8, -2.5], "size": [6, 4, 0], "pivot": [3.5, 29.3, -2.5], "rotation": [20, 0, 0], "uv": [0, 129], "mirror": true}
					]
				},
				{
					"name": "foot2",
					"parent": "knee",
					"pivot": [3.5, 9.2, 3.66],
					"cubes": [
						{"origin": [1, 0, -1.9], "size": [5, 6, 5], "inflate": 0.02, "uv": [0, 113]},
						{"origin": [0.5, 3, 1], "size": [6, 7, 5], "uv": [26, 105], "mirror": true},
						{"origin": [2.5, 0, 4], "size": [2, 3, 2], "uv": [120, 34]},
						{"origin": [4, 0, -4.9], "size": [2, 5, 4], "uv": [4, 114]},
						{"origin": [1, 0, -4.9], "size": [2, 5, 4], "uv": [4, 114]}
					]
				},
				{
					"name": "torso",
					"parent": "body",
					"pivot": [0, 44.9, 2.3],
					"cubes": [
						{"origin": [-6, 45, -3], "size": [12, 7, 11], "uv": [44, 43]}
					]
				},
				{
					"name": "uppertorso",
					"parent": "torso",
					"pivot": [0, 52.5, 2.5],
					"cubes": [
						{"origin": [-4.5, 52, -3], "size": [9, 3, 11], "uv": [84, 0]}
					]
				},
				{
					"name": "uppertorso2",
					"parent": "uppertorso",
					"pivot": [0, 55.5, 2.5],
					"cubes": [
						{"origin": [-4.5, 55, -3], "size": [9, 5, 11], "uv": [78, 77]}
					]
				},
				{
					"name": "chest",
					"parent": "uppertorso2",
					"pivot": [0, 63.30047, 2.78571],
					"cubes": [
						{"origin": [-7, 60, -3], "size": [14, 12, 11], "uv": [0, 0]},
						{"origin": [-8, 73, -2], "size": [2, 4, 9], "pivot": [-1, 73, 5], "rotation": [0, 0, -22.5], "uv": [134, 0]},
						{"origin": [6, 73, -2], "size": [2, 4, 9], "pivot": [1, 73, 5], "rotation": [0, 0, 22.5], "uv": [169, 0], "mirror": true}
					]
				},
				{
					"name": "neck",
					"parent": "chest",
					"pivot": [0, 72.5, 3],
					"cubes": [
						{"origin": [-4, 72, 0], "size": [8, 5, 6], "uv": [0, 92]}
					]
				},
				{
					"name": "head",
					"parent": "neck",
					"pivot": [-0.00186, 80.99808, 2.20115],
					"cubes": [
						{"origin": [-8, 77, -2], "size": [16, 11, 9], "inflate": 0.01, "uv": [0, 23]},
						{"origin": [4, 86.1, 0], "size": [8, 2, 10], "inflate": 0.01, "pivot": [7, 87.1, 6.5], "rotation": [3.71109, 30.05536, -1.97364], "uv": [90, 50]},
						{"origin": [-10.78536, 88.35079, 2.88014], "size": [3, 3, 3], "inflate": 0.01, "pivot": [-13.78536, 89.35079, 2.38014], "rotation": [3.71109, -30.05536, 1.97364], "uv": [32, 82]},
						{"origin": [7.78536, 88.35079, 2.88014], "size": [3, 3, 3], "inflate": 0.01, "pivot": [13.78536, 89.35079, 2.38014], "rotation": [3.71109, 30.05536, -1.97364], "uv": [118, 86]},
						{"origin": [-12, 86.1, 0], "size": [8, 2, 10], "inflate": 0.01, "pivot": [-7, 87.1, 6.5], "rotation": [3.71109, -30.05536, 1.97364], "uv": [66, 93]},
						{"origin": [-2, 85, -7], "size": [4, 4, 13], "inflate": 0.01, "pivot": [0, 87, 1], "rotation": [7.5, 0, 0], "uv": [32, 88]},
						{"origin": [-1.5, 88, 3], "size": [3, 3, 3], "inflate": 0.01, "pivot": [-0.5, 87, -3], "rotation": [7.5, 0, 0], "uv": [122, 62]},
						{"origin": [5.3, 77.5, -8], "size": [0, 2, 3], "inflate": 0.01, "pivot": [0.3, 81.5, -2.5], "rotation": [0, 45, 0], "uv": [38, 122]},
						{"origin": [-5.3, 77.5, -8], "size": [0, 2, 3], "inflate": 0.01, "pivot": [-0.3, 81.5, -2.5], "rotation": [0, -45, 0], "uv": [122, 68]},
						{"origin": [-5.4, 77, -7.9], "size": [11, 11, 11], "pivot": [-0.4, 83, -2.4], "rotation": [0, -45, 0], "uv": [0, 43]},
						{"origin": [-5.04264, 77.5, -8.16396], "size": [3, 2, 2], "pivot": [-2.12843, 78.5, -7.16396], "rotation": [26.56505, -37.76124, -39.23152], "uv": [78, 39]},
						{"origin": [5.04264, 76.5, -7.16396], "size": [1, 3, 0], "pivot": [2.12843, 78.5, -7.16396], "rotation": [26.56505, 37.76124, 39.23152], "uv": [88, 39]},
						{"origin": [-6.04264, 76.5, -7.16396], "size": [1, 3, 0], "pivot": [-2.12843, 78.5, -7.16396], "rotation": [26.56505, -37.76124, -39.23152], "uv": [76, 88]},
						{"origin": [2.04264, 77.5, -8.16396], "size": [3, 2, 2], "pivot": [2.12843, 78.5, -7.16396], "rotation": [26.56505, 37.76124, 39.23152], "uv": [66, 88]},
						{"origin": [-1, 87.95756, 5.60952], "size": [2, 3, 2], "inflate": 0.01, "pivot": [-0.5, 89.45756, 6.10952], "rotation": [-25, 0, 0], "uv": [92, 105]}
					]
				},
				{
					"name": "eyelash",
					"parent": "head",
					"pivot": [0, 83.38375, -2.89221],
					"cubes": [
						{"origin": [5.74709, 81.84412, -3.61757], "size": [0, 1, 2], "inflate": 0.01, "pivot": [5.95049, 83.39187, -4.09065], "rotation": [44.51867, 54.65796, 12.39287], "uv": [94, 36]},
						{"origin": [-5.74709, 81.84412, -3.61757], "size": [0, 1, 2], "inflate": 0.01, "pivot": [-5.95049, 83.39187, -4.09065], "rotation": [44.51867, -54.65796, -12.39287], "uv": [28, 92]}
					]
				},
				{
					"name": "eyes",
					"parent": "head",
					"pivot": [0, 82, -6]
				},
				{
					"name": "eye2",
					"parent": "eyes",
					"pivot": [-4.86512, 82.43675, -5.07398],
					"cubes": [
						{"origin": [-6.8, 80.3, -4.5], "size": [0, 3, 3], "inflate": 0.02, "pivot": [-1.8, 82.3, -1], "rotation": [0, -45, 0], "uv": [86, 116], "mirror": true},
						{"origin": [-6.8, 80.8, -3.5], "size": [0, 2, 1], "inflate": 0.03, "pivot": [-1.8, 82.8, -1], "rotation": [0, -45, 0], "uv": [28, 95], "mirror": true},
						{"origin": [-6.4, 80.3, -4.9], "size": [0, 3, 6], "inflate": 0.01, "pivot": [-1.4, 82.3, -1.4], "rotation": [0, -45, 0], "uv": [32, 65], "mirror": true},
						{"origin": [-5.83023, 82.4, -8.90575], "size": [0, 2, 6], "inflate": 0.05, "pivot": [-5.95049, 83.39187, -4.09065], "rotation": [0, -45, 0], "uv": [32, 74], "mirror": true}
					]
				},
				{
					"name": "eye",
					"parent": "eyes",
					"pivot": [4.86512, 82.43675, -5.07398],
					"cubes": [
						{"origin": [5.83023, 82.4, -8.90575], "size": [0, 2, 6], "inflate": 0.05, "pivot": [5.95049, 83.39187, -4.09065], "rotation": [0, 45, 0], "uv": [32, 74]},
						{"origin": [6.4, 80.3, -4.9], "size": [0, 3, 6], "inflate": 0.01, "pivot": [1.4, 82.3, -1.4], "rotation": [0, 45, 0], "uv": [32, 65]},
						{"origin": [6.8, 80.8, -3.5], "size": [0, 2, 1], "inflate": 0.03, "pivot": [1.8, 82.8, -1], "rotation": [0, 45, 0], "uv": [28, 95]},
						{"origin": [6.8, 80.3, -4.5], "size": [0, 3, 3], "inflate": 0.02, "pivot": [1.8, 82.3, -1], "rotation": [0, 45, 0], "uv": [86, 116]}
					]
				},
				{
					"name": "eye3",
					"parent": "eyes",
					"pivot": [-4.86512, 82.43675, -5.07398]
				},
				{
					"name": "eyelids",
					"parent": "head",
					"pivot": [0, 82.3, -4.28909],
					"cubes": [
						{"origin": [-6.4, 80.3, -3.9], "size": [0, 4, 6], "inflate": 0.06, "pivot": [-1.4, 82.3, -0.4], "rotation": [0, -45, 0], "uv": [0, 139], "mirror": true},
						{"origin": [6.4, 80.3, -3.9], "size": [0, 4, 6], "inflate": 0.06, "pivot": [1.4, 82.3, -0.4], "rotation": [0, 45, 0], "uv": [0, 139]}
					]
				},
				{
					"name": "arm3",
					"parent": "chest",
					"pivot": [7, 69, 2],
					"cubes": [
						{"origin": [7, 67, -1], "size": [14, 4, 6], "uv": [90, 39], "mirror": true}
					]
				},
				{
					"name": "elbow2",
					"parent": "arm3",
					"pivot": [20.5, 67, 2],
					"cubes": [
						{"origin": [20, 66, -1.5], "size": [15, 6, 7], "uv": [78, 63], "mirror": true}
					]
				},
				{
					"name": "hand3",
					"parent": "elbow2",
					"pivot": [35.98528, 69.10323, 1.5],
					"cubes": [
						{"origin": [35.07436, 80.31542, -0.5], "size": [3, 5, 4], "pivot": [6.77556, 69.90216, 1.75], "rotation": [0, 0, 17.5], "uv": [119, 77], "mirror": true},
						{"origin": [40.00756, 60.16597, -0.5], "size": [5, 3, 4], "pivot": [6.77556, 70.90216, 1.75], "rotation": [0, 0, -15], "uv": [68, 116], "mirror": true},
						{"origin": [38.87644, 77.9476, -0.5], "size": [6, 3, 4], "pivot": [6.77556, 70.90216, 1.75], "rotation": [0, 0, 20], "uv": [112, 114], "mirror": true},
						{"origin": [35, 66, -0.5], "size": [7, 6, 4], "inflate": 0.02, "uv": [70, 105], "mirror": true}
					]
				},
				{
					"name": "arms",
					"parent": "chest",
					"pivot": [6.84676, 62.76679, 2],
					"cubes": [
						{"origin": [6.2, 61, -1], "size": [14, 4, 6], "pivot": [5.97556, 64.40216, 1.75], "rotation": [0, 0, 10], "uv": [90, 39], "mirror": true}
					]
				},
				{
					"name": "elbow",
					"parent": "arms",
					"pivot": [19.14167, 59.42254, 2],
					"cubes": [
						{"origin": [19.2, 60, -1.5], "size": [15, 6, 7], "pivot": [5.97556, 64.40216, 1.75], "rotation": [0, 0, 10], "uv": [78, 63], "mirror": true}
					]
				},
				{
					"name": "hand4",
					"parent": "elbow",
					"pivot": [33.49728, 58.33618, 1.5],
					"cubes": [
						{"origin": [39.20756, 54.16597, -0.5], "size": [5, 3, 4], "pivot": [5.97556, 64.90216, 1.75], "rotation": [0, 0, -5], "uv": [68, 116], "mirror": true},
						{"origin": [38.07644, 71.9476, -0.5], "size": [6, 3, 4], "pivot": [5.97556, 64.90216, 1.75], "rotation": [0, 0, 30], "uv": [112, 114], "mirror": true},
						{"origin": [34.2, 60, -0.5], "size": [7, 6, 4], "inflate": 0.02, "pivot": [5.97556, 64.90216, 1.75], "rotation": [0, 0, 10], "uv": [70, 105], "mirror": true},
						{"origin": [34.07436, 69.31542, -0.5], "size": [3, 5, 4], "pivot": [5.77556, 58.90216, 1.75], "rotation": [0, 0, 17.5], "uv": [119, 77], "mirror": true}
					]
				},
				{
					"name": "arm2",
					"parent": "chest",
					"pivot": [-6.84676, 62.76679, 2],
					"cubes": [
						{"origin": [-20.2, 61, -1], "size": [14, 4, 6], "pivot": [-5.97556, 64.40216, 1.75], "rotation": [0, 0, -10], "uv": [84, 14]}
					]
				},
				{
					"name": "elbow4",
					"parent": "arm2",
					"pivot": [-19.14167, 61.12254, 2],
					"cubes": [
						{"origin": [-34.2, 60, -1.5], "size": [15, 6, 7], "pivot": [-5.97556, 64.40216, 1.75], "rotation": [0, 0, -10], "uv": [50, 25]}
					]
				},
				{
					"name": "hand5",
					"parent": "elbow4",
					"pivot": [-34.49728, 58.33619, 1.5],
					"cubes": [
						{"origin": [-44.07644, 71.9476, -0.5], "size": [6, 3, 4], "pivot": [-5.97556, 64.90216, 1.75], "rotation": [0, 0, -30], "uv": [112, 114]},
						{"origin": [-37.07436, 69.31542, -0.5], "size": [3, 5, 4], "pivot": [-5.77556, 58.90216, 1.75], "rotation": [0, 0, -17.5], "uv": [118, 77]},
						{"origin": [-44.20756, 54.16597, -0.5], "size": [5, 3, 4], "pivot": [-5.97556, 64.90216, 1.75], "rotation": [0, 0, 5], "uv": [20, 117]},
						{"origin": [-41.2, 60, -0.5], "size": [7, 6, 4], "inflate": 0.02, "pivot": [-5.97556, 64.90216, 1.75], "rotation": [0, 0, -10], "uv": [48, 105]}
					]
				},
				{
					"name": "arm",
					"parent": "chest",
					"pivot": [-7, 69, 2],
					"cubes": [
						{"origin": [-21, 67, -1], "size": [14, 4, 6], "uv": [90, 39]}
					]
				},
				{
					"name": "elbow3",
					"parent": "arm",
					"pivot": [-20.5, 67, 2],
					"cubes": [
						{"origin": [-35, 66, -1.5], "size": [15, 6, 7], "uv": [78, 63]}
					]
				},
				{
					"name": "hand2",
					"parent": "elbow3",
					"pivot": [-34.98528, 69.10323, 1.5],
					"cubes": [
						{"origin": [-45.00756, 60.16597, -0.5], "size": [5, 3, 4], "pivot": [-6.77556, 70.90216, 1.75], "rotation": [0, 0, 15], "uv": [68, 116]},
						{"origin": [-44.87644, 77.9476, -0.5], "size": [6, 3, 4], "pivot": [-6.77556, 70.90216, 1.75], "rotation": [0, 0, -20], "uv": [112, 114]},
						{"origin": [-42, 66, -0.5], "size": [7, 6, 4], "inflate": 0.02, "uv": [70, 105]},
						{"origin": [-38.07436, 80.31542, -0.5], "size": [3, 5, 4], "pivot": [-6.77556, 69.90216, 1.75], "rotation": [0, 0, -17.5], "uv": [119, 77]}
					]
				},
				{
					"name": "wing4",
					"parent": "chest",
					"pivot": [-7, 68.5, 8.5],
					"cubes": [
						{"origin": [-7, 64, 8], "size": [0, 9, 53], "uv": [0, 152]}
					]
				},
				{
					"name": "wing2",
					"parent": "chest",
					"pivot": [7, 61.5, 8.5],
					"cubes": [
						{"origin": [7, 57, 8], "size": [0, 9, 53], "uv": [0, 152], "mirror": true}
					]
				},
				{
					"name": "wing3",
					"parent": "chest",
					"pivot": [-7, 61.5, 8.5],
					"cubes": [
						{"origin": [-7, 57, 8], "size": [0, 9, 53], "uv": [0, 152]}
					]
				},
				{
					"name": "wing",
					"parent": "chest",
					"pivot": [7, 68.5, 8.5],
					"cubes": [
						{"origin": [7, 64, 8], "size": [0, 9, 53], "uv": [0, 152], "mirror": true}
					]
				},
				{
					"name": "tail",
					"parent": "torso",
					"pivot": [0, 50, 8]
				},
				{
					"name": "sting",
					"parent": "tail",
					"pivot": [0.28698, 49.61457, 7.33733],
					"cubes": [
						{"origin": [-8, 42, 15], "size": [13, 13, 19], "pivot": [3.5, 49, 12], "rotation": [0, -25, 0], "uv": [192, 0]},
						{"origin": [-7, 45.9, 33.3], "size": [11, 11, 10], "pivot": [3.5, 51.9, 11.3], "rotation": [-7.5, -25, 0], "uv": [214, 38]},
						{"origin": [-5, 47.9, 42.3], "size": [7, 7, 6], "pivot": [3.5, 51.9, 11.3], "rotation": [-7.5, -25, 0], "uv": [230, 64]},
						{"origin": [-0.5, 47.9, 47.7], "size": [0, 7, 11], "pivot": [5, 51.9, 9.7], "rotation": [-7.5, -25, 0], "uv": [197, 26]},
						{"origin": [-3, 47, 8], "size": [3, 4, 6], "pivot": [-1.5, 49, 11], "rotation": [0, -25, 0], "uv": [0, 175]}
					]
				},
				{
					"name": "sting2",
					"parent": "tail",
					"pivot": [-0.28698, 47.61457, 8.33733],
					"cubes": [
						{"origin": [-5, 42, 15], "size": [13, 13, 19], "inflate": 0.01, "pivot": [-3.5, 49, 12], "rotation": [0, 25, 0], "uv": [192, 0], "mirror": true},
						{"origin": [-2, 47.9, 42.3], "size": [7, 7, 6], "pivot": [-3.5, 51.9, 11.3], "rotation": [-7.5, 25, 0], "uv": [230, 64], "mirror": true},
						{"origin": [-4, 45.9, 33.3], "size": [11, 11, 10], "pivot": [-3.5, 51.9, 11.3], "rotation": [-7.5, 25, 0], "uv": [214, 38], "mirror": true},
						{"origin": [0.5, 47.9, 47.7], "size": [0, 7, 11], "pivot": [-5, 51.9, 9.7], "rotation": [-7.5, 25, 0], "uv": [197, 26], "mirror": true},
						{"origin": [0, 47, 8], "size": [3, 4, 6], "pivot": [1.5, 49, 11], "rotation": [0, 25, 0], "uv": [0, 174], "mirror": true}
					]
				},
				{
					"name": "leg2",
					"parent": "body",
					"pivot": [-2.5, 45.33333, 2.5],
					"cubes": [
						{"origin": [-7, 29, -2], "size": [7, 16, 9], "uv": [51, 0]},
						{"origin": [-6.5, 28, 7], "size": [6, 0, 3], "uv": [-3, 136]},
						{"origin": [-6.5, 42, -1], "size": [6, 4, 7], "uv": [94, 25]},
						{"origin": [-8.5, 44, 7], "size": [6, 0, 3], "pivot": [-5.5, 44, 8.5], "rotation": [0, 0, -62.5], "uv": [-3, 136]},
						{"origin": [-3.5, 44, 7], "size": [6, 0, 3], "pivot": [-0.5, 44, 8.5], "rotation": [0, 0, -100], "uv": [-3, 136]}
					]
				},
				{
					"name": "knee2",
					"parent": "leg2",
					"pivot": [-4.625, 29.06746, -0.79275],
					"cubes": [
						{"origin": [-6, 27, -1], "size": [5, 3, 7], "uv": [103, 104]},
						{"origin": [-9.5, 11, 0], "size": [3, 0, 5], "uv": [-5, 45]},
						{"origin": [-6.5, 10, -2], "size": [6, 18, 9], "inflate": 0.02, "uv": [1, 65]},
						{"origin": [-6.5, 27.8, -2.5], "size": [6, 4, 0], "pivot": [-3.5, 29.3, -2.5], "rotation": [20, 0, 0], "uv": [0, 129]}
					]
				},
				{
					"name": "foot",
					"parent": "knee2",
					"pivot": [-3.5, 10.2, 3.66],
					"cubes": [
						{"origin": [-4.5, 0, 4], "size": [2, 3, 2], "uv": [38, 117]},
						{"origin": [-6, 0, -1.9], "size": [5, 6, 5], "inflate": 0.02, "uv": [92, 114]},
						{"origin": [-6.5, 3, 1], "size": [6, 7, 5], "uv": [26, 105]},
						{"origin": [-3, 0, -4.9], "size": [2, 5, 4], "uv": [4, 114], "mirror": true},
						{"origin": [-6, 0, -4.9], "size": [2, 5, 4], "uv": [4, 114], "mirror": true}
					]
				}
			]
		}
	]
}