{
	"format_version": "1.12.0",
	"minecraft:geometry": [
		{
			"description": {
				"identifier": "geometry.vasaddle",
				"texture_width": 128,
				"texture_height": 128,
				"visible_bounds_width": 4,
				"visible_bounds_height": 3.5,
				"visible_bounds_offset": [0, 1.25, 0]
			},
			"bones": [
				{
					"name": "vasaddle",
					"pivot": [0, 0, 0]
				},
				{
					"name": "body",
					"parent": "vasaddle",
					"pivot": [0, 9, 0]
				},
				{
					"name": "torso",
					"parent": "body",
					"pivot": [0, 0, 5]
				},
				{
					"name": "neck",
					"parent": "torso",
					"pivot": [0, 7.5, -5],
					"cubes": [
						{"origin": [-2, 7.5, -8.95], "size": [4, 4, 4], "inflate": 0.02, "uv": [0, 53]}
					]
				},
				{
					"name": "neck2",
					"parent": "neck",
					"pivot": [0, 7.5, -9],
					"cubes": [
						{"origin": [-2, 7.5, -17.95], "size": [4, 4, 9], "inflate": 0.01, "uv": [30, 0]}
					]
				},
				{
					"name": "neck3",
					"parent": "neck2",
					"pivot": [0, 7.5, -18],
					"cubes": [
						{"origin": [-2, 7.5, -21.95], "size": [4, 4, 4], "uv": [50, 20]}
					]
				},
				{
					"name": "floof_right3",
					"parent": "neck3",
					"pivot": [-2, 7.5, -19.95],
					"cubes": [
						{"origin": [-2, 6.5, -21.95], "size": [0, 1, 4], "uv": [17, 16]}
					]
				},
				{
					"name": "floof_left3",
					"parent": "neck3",
					"pivot": [2, 7.5, -19.95],
					"cubes": [
						{"origin": [2, 6.5, -21.95], "size": [0, 1, 4], "uv": [17, 15]}
					]
				},
				{
					"name": "head_rotate",
					"parent": "neck3",
					"pivot": [0, 7.5, -21.75]
				},
				{
					"name": "head",
					"parent": "head_rotate",
					"pivot": [0, 7.5, -21.75]
				},
				{
					"name": "head_ai",
					"parent": "head",
					"pivot": [0, 7.5, -21.75],
					"cubes": [
						{"origin": [-2.5, 7, -27.75], "size": [5, 6, 6], "uv": [42, 30]}
					]
				},
				{
					"name": "eye_left",
					"parent": "head_ai",
					"pivot": [2.015, 9.5, -24.25],
					"cubes": [
						{"origin": [1.51, 8, -25.75], "size": [1, 3, 3], "inflate": 0.01, "uv": [65, 11]},
						{"origin": [1.52, 9, -25.75], "size": [1, 1, 3], "inflate": 0.02, "uv": [53, 68]}
					]
				},
				{
					"name": "eye_right",
					"parent": "head_ai",
					"pivot": [-2.015, 9.5, -24.25],
					"cubes": [
						{"origin": [-2.51, 8, -25.75], "size": [1, 3, 3], "inflate": 0.01, "uv": [64, 2]},
						{"origin": [-2.52, 9, -25.75], "size": [1, 1, 3], "inflate": 0.02, "uv": [45, 68]}
					]
				},
				{
					"name": "ear_right",
					"parent": "head_ai",
					"pivot": [-2.5, 12.5, -23.75],
					"cubes": [
						{"origin": [-8.5, 12.5, -23.75], "size": [6, 0, 3], "uv": [14, 16]}
					]
				},
				{
					"name": "ear_left",
					"parent": "head_ai",
					"pivot": [2.5, 12.5, -23.75],
					"cubes": [
						{"origin": [2.5, 12.5, -23.75], "size": [6, 0, 3], "uv": [20, 0]}
					]
				},
				{
					"name": "brow_left",
					"parent": "head_ai",
					"pivot": [2.5, 11.49543, -26.11984],
					"cubes": [
						{"origin": [1.5, 14, -23.5], "size": [2, 3, 3], "inflate": 0.002, "pivot": [5.25, -0.5, -11], "rotation": [15, 0, 0], "uv": [10, 61]},
						{"origin": [1.5, 13.5, -24], "size": [2, 2, 2], "inflate": 0.003, "pivot": [5.25, -0.5, -11], "rotation": [15, 0, 0], "uv": [47, 5]}
					]
				},
				{
					"name": "brow_right",
					"parent": "head_ai",
					"pivot": [-2.5, 11.49543, -26.11984],
					"cubes": [
						{"origin": [-3.5, 14, -23.5], "size": [2, 3, 3], "inflate": 0.002, "pivot": [0.25, -0.5, -11], "rotation": [15, 0, 0], "uv": [62, 17]},
						{"origin": [-3.5, 13.5, -24], "size": [2, 2, 2], "inflate": 0.003, "pivot": [0.25, -0.5, -11], "rotation": [15, 0, 0], "uv": [67, 55]}
					]
				},
				{
					"name": "snout",
					"parent": "head_ai",
					"pivot": [0, 13, -27.75],
					"cubes": [
						{"origin": [-3, 7, -32.75], "size": [6, 9, 5], "inflate": 0.01, "uv": [0, 39]}
					]
				},
				{
					"name": "nose",
					"parent": "snout",
					"pivot": [0, 14, -32.75],
					"cubes": [
						{"origin": [-3, 5, -35.75], "size": [6, 9, 3], "uv": [42, 42]},
						{"origin": [-3, 5, -32.75], "size": [6, 2, 2], "uv": [23, 3]}
					]
				},
				{
					"name": "floof_left2",
					"parent": "neck2",
					"pivot": [2.01, 7.5, -13.45],
					"cubes": [
						{"origin": [2.01, 6.5, -17.95], "size": [0, 1, 9], "uv": [30, 5]}
					]
				},
				{
					"name": "floof_right2",
					"parent": "neck2",
					"pivot": [-2.01, 7.5, -13.45],
					"cubes": [
						{"origin": [-2.01, 6.5, -17.95], "size": [0, 1, 9], "uv": [30, 4]}
					]
				},
				{
					"name": "floof_right",
					"parent": "neck",
					"pivot": [-2.02, 7.5, -6.95],
					"cubes": [
						{"origin": [-2.02, 6.5, -8.95], "size": [0, 1, 4], "uv": [30, 4]}
					]
				},
				{
					"name": "floof_left",
					"parent": "neck",
					"pivot": [2.02, 7.5, -6.95],
					"cubes": [
						{"origin": [2.02, 6.5, -8.95], "size": [0, 1, 4], "uv": [30, 3]}
					]
				},
				{
					"name": "tail",
					"parent": "torso",
					"pivot": [0.5, 8.5, 7]
				},
				{
					"name": "tuft",
					"parent": "tail",
					"pivot": [0, 8, 8],
					"rotation": [22.5, 0, 0],
					"cubes": [
						{"origin": [-1, 8, 7.5], "size": [2, 2, 3], "inflate": 0.01, "uv": [48, 63]},
						{"origin": [-1.5, 8, 10.5], "size": [3, 4, 4], "uv": [32, 52]}
					]
				},
				{
					"name": "tuft2",
					"parent": "tail",
					"pivot": [0, 7.25, 7.5],
					"rotation": [-47.5, 0, 0],
					"cubes": [
						{"origin": [-0.5, 7.25, 7], "size": [1, 2, 2], "uv": [0, 0]},
						{"origin": [-1, 7.25, 9], "size": [2, 3, 3], "uv": [0, 61]}
					]
				},
				{
					"name": "pot_small",
					"parent": "torso",
					"pivot": [0, 7.25, -2.5],
					"cubes": [
						{"origin": [-3.5, 7.25, -6], "size": [7, 7, 7], "uv": [22, 16]},
						{"origin": [-2.5, 8.5, -5], "size": [5, 14, 5], "uv": [22, 30]},
						{"origin": [-3, 21.25, -5.5], "size": [6, 3, 2], "uv": [58, 28]},
						{"origin": [-3, 21.25, -1.5], "size": [6, 3, 2], "uv": [16, 56]},
						{"origin": [1, 21.25, -3.5], "size": [2, 3, 2], "uv": [8, 67]},
						{"origin": [-3, 21.25, -3.5], "size": [2, 3, 2], "uv": [0, 67]}
					]
				},
				{
					"name": "dust_small",
					"parent": "pot_small",
					"pivot": [0.16667, 26.16667, -2.5],
					"cubes": [
						{"origin": [0.75, 25.5, -6.5], "size": [0, 5, 5], "pivot": [-0.25, 26.5, -3.5], "rotation": [0, -90, 0], "uv": [37, 25]},
						{"origin": [2.75, 26, -5], "size": [0, 5, 5], "pivot": [1.75, 27, -2], "rotation": [0, 0, -90], "uv": [37, 25]},
						{"origin": [0, 25.5, -5], "size": [0, 5, 5], "uv": [37, 25]}
					]
				},
				{
					"name": "pot_big",
					"parent": "torso",
					"pivot": [0, 6.25, 4.5],
					"cubes": [
						{"origin": [-3, 8.5, 2], "size": [6, 18, 5], "uv": [0, 16]},
						{"origin": [-4, 6.25, 1], "size": [8, 9, 7], "uv": [0, 0]},
						{"origin": [2, 25.5, 3], "size": [2, 3, 3], "uv": [20, 63]},
						{"origin": [-4, 25.5, 1], "size": [8, 3, 2], "uv": [43, 15]},
						{"origin": [-4, 25.5, 3], "size": [2, 3, 3], "uv": [38, 63]},
						{"origin": [-4, 25.5, 6], "size": [8, 3, 2], "uv": [47, 0]}
					]
				},
				{
					"name": "dust_big",
					"parent": "pot_big",
					"pivot": [0, 31, 4.5],
					"cubes": [
						{"origin": [2.5, 30.5, 1], "size": [0, 7, 7], "pivot": [1.5, 32.5, 5], "rotation": [0, 0, -90], "uv": [22, 42]},
						{"origin": [0, 30, 1], "size": [0, 7, 7], "uv": [22, 42]},
						{"origin": [0.5, 30, -0.5], "size": [0, 7, 7], "pivot": [-0.5, 32, 3.5], "rotation": [0, -90, 0], "uv": [22, 42]}
					]
				},
				{
					"name": "legs",
					"parent": "body",
					"pivot": [0, 0.25, 0.25]
				},
				{
					"name": "leg_front_left",
					"parent": "legs",
					"pivot": [3.75, 9.5, -3.35],
					"cubes": [
						{"origin": [2.25, 5.5, -4.35], "size": [2, 4, 2], "uv": [64, 33]}
					]
				},
				{
					"name": "leg_front_left2",
					"parent": "leg_front_left",
					"pivot": [3.25, 5.5, -4.35],
					"cubes": [
						{"origin": [2.25, 2.5, -4.35], "size": [2, 3, 2], "inflate": 0.01, "uv": [66, 63]}
					]
				},
				{
					"name": "leg_front_left3",
					"parent": "leg_front_left2",
					"pivot": [3.25, 3, -4.35],
					"cubes": [
						{"origin": [1.75, 0, -4.85], "size": [3, 3, 3], "inflate": 0.01, "uv": [60, 42]},
						{"origin": [2.25, 0, -5.35], "size": [2, 1, 1], "uv": [48, 13]}
					]
				},
				{
					"name": "leg_front_right",
					"parent": "legs",
					"pivot": [-3.75, 9.5, -3.35],
					"cubes": [
						{"origin": [-4.25, 5.5, -4.35], "size": [2, 4, 2], "uv": [58, 63]}
					]
				},
				{
					"name": "leg_front_right2",
					"parent": "leg_front_right",
					"pivot": [-3.25, 5.5, -4.35],
					"cubes": [
						{"origin": [-4.25, 2.5, -4.35], "size": [2, 3, 2], "inflate": 0.01, "uv": [66, 48]}
					]
				},
				{
					"name": "leg_front_right3",
					"parent": "leg_front_right2",
					"pivot": [-3.25, 3, -4.35],
					"cubes": [
						{"origin": [-4.75, 0, -4.85], "size": [3, 3, 3], "inflate": 0.01, "uv": [29, 60]},
						{"origin": [-4.25, 0, -5.35], "size": [2, 1, 1], "uv": [43, 20]}
					]
				},
				{
					"name": "leg_back_left",
					"parent": "legs",
					"pivot": [4, 11, 4.05],
					"cubes": [
						{"origin": [2.7, 6, 2.05], "size": [2, 5, 4], "inflate": 0.01, "uv": [56, 5]}
					]
				},
				{
					"name": "leg_back_left2",
					"parent": "leg_back_left",
					"pivot": [3.7, 6, 6.05],
					"cubes": [
						{"origin": [2.7, 3, 4.55], "size": [2, 3, 2], "uv": [30, 66]}
					]
				},
				{
					"name": "leg_back_left3",
					"parent": "leg_back_left2",
					"pivot": [3.7, 3, 4.55],
					"cubes": [
						{"origin": [2.2, 0, 4.05], "size": [3, 3, 3], "inflate": 0.01, "uv": [58, 57]},
						{"origin": [2.7, 0, 3.55], "size": [2, 1, 1], "uv": [22, 21]}
					]
				},
				{
					"name": "leg_back_right",
					"parent": "legs",
					"pivot": [-4, 11, 4.05],
					"cubes": [
						{"origin": [-4.7, 6, 2.05], "size": [2, 5, 4], "inflate": 0.01, "uv": [46, 54]}
					]
				},
				{
					"name": "leg_back_right2",
					"parent": "leg_back_right",
					"pivot": [-3.7, 6, 6.05],
					"cubes": [
						{"origin": [-4.7, 3, 4.55], "size": [2, 3, 2], "uv": [66, 23]}
					]
				},
				{
					"name": "leg_back_right3",
					"parent": "leg_back_right2",
					"pivot": [-3.7, 3, 4.55],
					"cubes": [
						{"origin": [-5.2, 0, 4.05], "size": [3, 3, 3], "inflate": 0.01, "uv": [57, 51]},
						{"origin": [-4.7, 0, 3.55], "size": [2, 1, 1], "uv": [0, 4]}
					]
				}
			]
		}
	]
}