{
	"format_version": "1.8.0",
	"animations": {
		"animation.cirtele.ground_idle": {
			"loop": true,
			"animation_length": 0.96,
			"bones": {
				"head": {
					"rotation": {
						"0.0": [12.5, 0, 0],
						"0.24": [0, 0, 0],
						"0.52": [-5, 0, 0],
						"0.72": [0, 0, 0],
						"0.96": [12.5, 0, 0]
					},
					"position": {
						"0.0": [0, 7, 0],
						"0.24": [0, 6, 0],
						"0.52": [0, 4.5, 0],
						"0.6": [0, 4.5, 0],
						"0.84": [0, 6.68, 0],
						"0.96": [0, 7, 0]
					}
				},
				"bone": {
					"rotation": {
						"0.0": [0, 0, 0],
						"0.96": [0, 0, 0]
					},
					"position": {
						"0.0": [0, 7, 0],
						"0.24": [0, 6, 0],
						"0.52": [0, 4.5, 0],
						"0.6": [0, 4.5, 0],
						"0.84": [0, 6.68, 0],
						"0.96": [0, 7, 0]
					}
				},
				"wing": {
					"rotation": {
						"0.0": [41.30307, 49.73508, 22.57298],
						"0.24": [0, 0, 0],
						"0.52": [-41.30307, -49.73508, 22.57298],
						"0.72": [0, 0, 0],
						"0.96": [41.30307, 49.73508, 22.57298]
					},
					"position": {
						"0.0": [0, 0, 0],
						"0.96": [0, 0, 0]
					}
				},
				"wing2": {
					"rotation": {
						"0.0": [41.30307, -49.73508, -22.57298],
						"0.24": [0, 0, 0],
						"0.52": [-41.30307, 49.73508, -22.57298],
						"0.72": [0, 0, 0],
						"0.96": [41.30307, -49.73508, -22.57298]
					},
					"position": {
						"0.0": [0, 0, 0],
						"0.96": [0, 0, 0]
					}
				}
			}
		},
		"animation.cirtele.ground_walk": {
			"loop": true,
			"animation_length": 1.28,
			"bones": {
				"head": {
					"rotation": {
						"0.0": [0, 0, 0],
						"0.32": [-0.98448, 7.43547, -7.56397],
						"0.64": [0, 0, 0],
						"0.96": [-0.98448, -7.43547, 7.56397],
						"1.28": [0, 0, 0]
					},
					"position": {
						"0.0": [0, 5, 0],
						"0.16": [0, 5.5, 0],
						"0.32": [0, 6, 0],
						"0.48": [0, 5, 0],
						"0.64": [0, 5, 0],
						"0.8": [0, 5.5, 0],
						"0.96": [0, 6, 0],
						"1.12": [0, 5, 0],
						"1.28": [0, 5, 0]
					}
				},
				"bone": {
					"rotation": {
						"0.0": [40, 0, 0],
						"0.64": [40, 0, 0],
						"1.28": [40, 0, 0]
					},
					"position": {
						"0.0": [0, 5, 0],
						"0.16": [0, 5.5, 0],
						"0.32": [0, 6, 0],
						"0.48": [0, 5, 0],
						"0.64": [0, 5, 0],
						"0.8": [0, 5.5, 0],
						"0.96": [0, 6, 0],
						"1.12": [0, 5, 0],
						"1.28": [0, 5, 0]
					}
				},
				"wing": {
					"rotation": {
						"0.0": [0, -40, 0],
						"0.16": [0, 0, 0],
						"0.32": [0, 40, 0],
						"0.48": [0, 0, 0],
						"0.64": [0, -40, 0],
						"0.8": [0, 0, 0],
						"0.96": [0, 40, 0],
						"1.12": [0, 0, 0],
						"1.28": [0, -40, 0]
					}
				},
				"wing2": {
					"rotation": {
						"0.0": [0, 40, 0],
						"0.16": [0, 0, 0],
						"0.32": [0, -40, 0],
						"0.48": [0, 0, 0],
						"0.64": [0, 40, 0],
						"0.8": [0, 0, 0],
						"0.96": [0, -40, 0],
						"1.12": [0, 0, 0],
						"1.28": [0, 40, 0]
					}
				}
			}
		}
	}
}