{
	"format_version": "1.12.0",
	"minecraft:geometry": [
		{
			"description": {
				"identifier": "geometry.unknown",
				"texture_width": 64,
				"texture_height": 64,
				"visible_bounds_width": 3,
				"visible_bounds_height": 4.5,
				"visible_bounds_offset": [0, 1.75, 0]
			},
			"bones": [
				{
					"name": "voltite",
					"pivot": [-0.5, 0, 0]
				},
				{
					"name": "body",
					"parent": "voltite",
					"pivot": [-0.5, 0, 0]
				},
				{
					"name": "torso",
					"parent": "body",
					"pivot": [-0.5, 0, 0],
					"cubes": [
						{"origin": [-2.5, 5, -3], "size": [5, 5, 6], "uv": [0, 0]}
					]
				},
				{
					"name": "neck",
					"parent": "torso",
					"pivot": [0, 11, -2],
					"cubes": [
						{"origin": [-1, 10, -2.5], "size": [2, 4, 2], "pivot": [0, 12, -1.5], "rotation": [0, 180, 0], "uv": [12, 21], "mirror": true}
					]
				},
				{
					"name": "neck2",
					"parent": "neck",
					"pivot": [0, 14, -2.5],
					"cubes": [
						{"origin": [-1, 14, -2.5], "size": [2, 4, 2], "inflate": 0.001, "uv": [20, 21]}
					]
				},
				{
					"name": "head",
					"parent": "neck2",
					"pivot": [0, 17, -2],
					"cubes": [
						{"origin": [-2.5, 17, -4.5], "size": [5, 5, 5], "uv": [0, 11]},
						{"origin": [-1, 18.5, -8.5], "size": [2, 1, 4], "uv": [0, 21]}
					]
				},
				{
					"name": "jaw",
					"parent": "head",
					"pivot": [0, 19, -4.5],
					"cubes": [
						{"origin": [-0.5, 18, -7.5], "size": [1, 1, 3], "inflate": 0.1, "uv": [25, 24]}
					]
				},
				{
					"name": "eye_left",
					"parent": "head",
					"pivot": [2, 18.5, -4.01],
					"cubes": [
						{"origin": [1.51, 18, -3.5], "size": [1, 2, 2], "uv": [8, 26]}
					]
				},
				{
					"name": "eyelid_left",
					"parent": "eye_left",
					"pivot": [2, 20, -3.91],
					"cubes": [
						{"origin": [0.51, 18, -3.5], "size": [1, 2, 2], "inflate": 0.01, "uv": [7, 31], "mirror": true}
					]
				},
				{
					"name": "eye_right",
					"parent": "head",
					"pivot": [-1, 18.5, -3.01],
					"cubes": [
						{"origin": [-2.51, 18, -3.5], "size": [1, 2, 2], "uv": [0, 0]}
					]
				},
				{
					"name": "eyelid_right",
					"parent": "eye_right",
					"pivot": [0.75, -3, 1],
					"cubes": [
						{"origin": [-1.51, 18, -3.5], "size": [1, 2, 2], "inflate": 0.01, "uv": [7, 31]}
					]
				},
				{
					"name": "thingy",
					"parent": "head",
					"pivot": [0, 22, -2],
					"rotation": [-22.5, 0, 0],
					"cubes": [
						{"origin": [-0.5, 22, -2], "size": [2, 2, 0], "uv": [18, 21]}
					]
				},
				{
					"name": "thingy2",
					"parent": "thingy",
					"pivot": [0.5, 24, -2],
					"rotation": [-90, 0, 0],
					"cubes": [
						{"origin": [-1, 24, -2], "size": [2, 2, 0], "uv": [22, 9]}
					]
				},
				{
					"name": "thingy3",
					"parent": "thingy2",
					"pivot": [0, 26, -2],
					"rotation": [90, 0, 0],
					"cubes": [
						{"origin": [-0.5, 26, -2], "size": [2, 2, 0], "uv": [0, 4]}
					]
				},
				{
					"name": "thingy4",
					"parent": "thingy3",
					"pivot": [0.5, 28, -2],
					"rotation": [-90, 0, 0],
					"cubes": [
						{"origin": [-1, 28, -2], "size": [2, 2, 0], "uv": [8, 21]}
					]
				},
				{
					"name": "wing_right",
					"parent": "torso",
					"pivot": [-2.5, 8, -1.5],
					"cubes": [
						{"origin": [-6.5, 8, -2], "size": [4, 0, 3], "uv": [17, 18]}
					]
				},
				{
					"name": "wing_left",
					"parent": "torso",
					"pivot": [2.5, 8, -1.5],
					"cubes": [
						{"origin": [2.5, 8, -2], "size": [4, 0, 3], "uv": [19, 6]}
					]
				},
				{
					"name": "tail",
					"parent": "torso",
					"pivot": [-0.25, 6.75, 3],
					"cubes": [
						{"origin": [-3.5, 6.75, 2.5], "size": [4, 0, 6], "pivot": [-0.75, 6.75, 2.5], "rotation": [10, 30, 0], "uv": [14, 11]},
						{"origin": [-3.5, 6.74, 2.5], "size": [4, 0, 6], "pivot": [-0.75, 6.65, 2.5], "rotation": [0, 52.5, 0], "uv": [14, 11]},
						{"origin": [-3.5, 6.76, 2.5], "size": [4, 0, 6], "pivot": [-0.75, 6.85, 2.5], "rotation": [0, 7.5, 0], "uv": [14, 11]}
					]
				},
				{
					"name": "leg_left",
					"parent": "body",
					"pivot": [1.5, 8, 0.25],
					"rotation": [0, 0, 0],
					"cubes": [
						{"origin": [1, 4, -0.25], "size": [1, 4, 1], "inflate": 0.001, "uv": [28, 9]}
					]
				},
				{
					"name": "leg_left2",
					"parent": "leg_left",
					"pivot": [1.5, 4, 0.75],
					"cubes": [
						{"origin": [1, 0, -0.25], "size": [1, 4, 1], "uv": [0, 29]}
					]
				},
				{
					"name": "foot_left",
					"parent": "leg_left2",
					"pivot": [1.5, 0.06031, 0.73298],
					"cubes": [
						{"origin": [0.5, 0, -1.25], "size": [2, 1, 2], "inflate": 0.001, "uv": [0, 26]}
					]
				},
				{
					"name": "toe_left",
					"parent": "foot_left",
					"pivot": [0.85, 1, -1],
					"rotation": [0, 7.5, 0],
					"cubes": [
						{"origin": [0.85, 0, -4], "size": [0, 1, 1], "uv": [4, 4]},
						{"origin": [0.35, 0, -3], "size": [1, 1, 2], "inflate": -0.001, "uv": [14, 27]}
					]
				},
				{
					"name": "toe_left2",
					"parent": "foot_left",
					"pivot": [0.75, 1, 0]
				},
				{
					"name": "toe_left3",
					"parent": "foot_left",
					"pivot": [2.25, 1, 0]
				},
				{
					"name": "toe_left4",
					"parent": "foot_left",
					"pivot": [2.15, 1, -1],
					"rotation": [0, -7.5, 0],
					"cubes": [
						{"origin": [2.15, 0, -4], "size": [0, 1, 1], "uv": [4, 3]},
						{"origin": [1.65, 0, -3], "size": [1, 1, 2], "inflate": -0.001, "uv": [28, 14]}
					]
				},
				{
					"name": "leg_right",
					"parent": "body",
					"pivot": [3.5, 8, 0.25],
					"rotation": [0, 0, 0],
					"cubes": [
						{"origin": [-2, 4, -0.25], "size": [1, 4, 1], "inflate": 0.001, "uv": [0, 11]}
					]
				},
				{
					"name": "leg_right2",
					"parent": "leg_right",
					"pivot": [3.5, 4, 0.75],
					"cubes": [
						{"origin": [-2, 0, -0.25], "size": [1, 4, 1], "uv": [15, 11]}
					]
				},
				{
					"name": "foot_right",
					"parent": "leg_right2",
					"pivot": [3.5, 0.06031, 0.73298],
					"cubes": [
						{"origin": [-2.5, 0, -1.25], "size": [2, 1, 2], "inflate": 0.001, "uv": [26, 19]}
					]
				},
				{
					"name": "toe_right",
					"parent": "foot_right",
					"pivot": [-0.85, 1, -1],
					"rotation": [0, -7.5, 0],
					"cubes": [
						{"origin": [-0.85, 0, -4], "size": [0, 1, 1], "uv": [4, 0]},
						{"origin": [-1.35, 0, -3], "size": [1, 1, 2], "inflate": -0.001, "uv": [14, 27], "mirror": true}
					]
				},
				{
					"name": "toe_right2",
					"parent": "foot_right",
					"pivot": [4.25, 1, 0]
				},
				{
					"name": "toe_right3",
					"parent": "foot_right",
					"pivot": [2.75, 1, 0]
				},
				{
					"name": "toe_right4",
					"parent": "foot_right",
					"pivot": [-2.15, 1, -1],
					"rotation": [0, 7.5, 0],
					"cubes": [
						{"origin": [-2.15, 0, -4], "size": [0, 1, 1], "uv": [0, 0]},
						{"origin": [-2.65, 0, -3], "size": [1, 1, 2], "inflate": -0.001, "uv": [14, 27]}
					]
				}
			]
		}
	]
}