{
	"format_version": "1.8.0",
	"animations": {
		"animation.anglerine.ground_idle": {
			"loop": true,
			"bones": {
				"torso": {
					"rotation": ["0.5*math.sin(q.anim_time*90*2+170)*1", 0, 0],
					"position": [0, "0.15-0.2*math.sin(q.anim_time*90*2+130)*1", 0]
				},
				"fin_top": {
					"rotation": [0, 0, "5*math.cos(q.anim_time*90*1+100)*-1"]
				},
				"arm_left": {
					"rotation": [0, "0.5*math.sin(q.anim_time*90*2+170)*1", 27],
					"position": [0, "0.2*math.sin(q.anim_time*90*2+130)*1", 0]
				},
				"fin_back_left": {
					"rotation": [0, "0.5*math.sin(q.anim_time*90*2+170)*1", 24],
					"position": [0, "0.1*math.sin(q.anim_time*90*2+130)*1", 0]
				},
				"arm_right": {
					"rotation": [0, "-0.5*math.sin(q.anim_time*90*2+170)*1", -26.99997],
					"position": [0, "0.2*math.sin(q.anim_time*90*2+130)*1", 0]
				},
				"fin_back_right": {
					"rotation": [0, "-0.5*math.sin(q.anim_time*90*2+170)*1", -24],
					"position": [0, "0.1*math.sin(q.anim_time*90*2+130)*1", 0]
				},
				"tail": {
					"rotation": [5, "5*math.cos(q.anim_time*90*1+50)*-1", 0]
				},
				"tail2": {
					"rotation": [7.5, "5*math.cos(q.anim_time*90*1+30)*-1", 0]
				},
				"tail3": {
					"rotation": [0, "5*math.cos(q.anim_time*90*1+10)*-1", 0]
				},
				"angler_left1": {
					"rotation": ["-0.5*math.sin(q.anim_time*90*2-30)*1", "-10-1*math.sin(q.anim_time*90*1-90)*-1", "1*math.sin(q.anim_time*90*2-10)*1"]
				},
				"angler_left2": {
					"rotation": ["50-0.5*math.sin(q.anim_time*90*2-60)*1", 0, 0]
				},
				"angler_left3": {
					"rotation": ["35-0.5*math.sin(q.anim_time*90*2-90)*1", 0, 0]
				},
				"angler_left4": {
					"rotation": ["30-1*math.sin(q.anim_time*90*2-120)*1", 0, 0]
				},
				"angler_left5": {
					"rotation": ["30-0.5*math.sin(q.anim_time*90*2-150)*1", 0, 0]
				},
				"bulb_left": {
					"rotation": ["-145-5*math.sin(q.anim_time*90*2-180)*1", "-20-35*math.sin(q.anim_time*90*2-180)*1,+35*math.sin(q.anim_time*90*2-180)*1", 0]
				},
				"angler_right1": {
					"rotation": ["-0.5*math.sin(q.anim_time*90*2-30)*1", "10-1*math.sin(q.anim_time*90*1-90)*-1", "1*math.sin(q.anim_time*90*2-10)*1"]
				},
				"angler_right2": {
					"rotation": ["50-0.5*math.sin(q.anim_time*90*2-60)*1", 0, 0]
				},
				"angler_right3": {
					"rotation": ["35-0.5*math.sin(q.anim_time*90*2-90)*1", 0, 0]
				},
				"angler_right4": {
					"rotation": ["30-1*math.sin(q.anim_time*90*2-120)*1", 0, 0]
				},
				"angler_right5": {
					"rotation": ["30-0.5*math.sin(q.anim_time*90*2-150)*1", 0, 0]
				},
				"bulb_right": {
					"rotation": ["-145-5*math.sin(q.anim_time*90*2-180)*1", "20+35*math.sin(q.anim_time*90*2-180)*1,-35*math.sin(q.anim_time*90*2-180)*1", 0]
				},
				"Jaw": {
					"rotation": ["2*math.cos(q.anim_time*90*1+50)*-1", 0, 0]
				},
				"arm_left2": {
					"rotation": [0, 0, -26.5]
				},
				"arm_right2": {
					"rotation": [0, 0, 26.5]
				}
			}
		},
		"animation.anglerine.ground_walk": {
			"loop": true,
			"animation_length": 1.3333,
			"bones": {
				"head": {
					"rotation": ["-13.4677-1*math.cos(q.anim_time*90*6+30)*-1", "8*math.cos(q.anim_time*90*3+40)*-1", 0]
				},
				"stem": {
					"rotation": ["-0.5*math.sin(q.anim_time*90*6-30)*1", "1-5*math.sin(q.anim_time*90*3-150)*1", "1*math.sin(q.anim_time*90*6-10)*1"]
				},
				"stem2": {
					"rotation": ["50-0.5*math.sin(q.anim_time*90*6-40)*1", 0, 0]
				},
				"stem3": {
					"rotation": ["35-0.5*math.sin(q.anim_time*90*6-80)*1", 0, 0]
				},
				"stem4": {
					"rotation": ["30-1*math.sin(q.anim_time*90*6-100)*1", 0, 0]
				},
				"stem5": {
					"rotation": ["30-0.5*math.sin(q.anim_time*90*6-90)*1", 0, 0]
				},
				"stem6": {
					"rotation": ["30-3*math.sin(q.anim_time*90*6-150)*1", 0, 0]
				},
				"stem7": {
					"rotation": ["-65.75+5*math.sin(q.anim_time*90*6-50)*1", 0, 0],
					"position": [0, -0.9, 0]
				},
				"stem8": {
					"rotation": ["-30.75+1*math.sin(q.anim_time*90*6-70)*1", 0, 0]
				},
				"stem9": {
					"rotation": ["-25+1*math.sin(q.anim_time*90*6-100)*1", 0, 0]
				},
				"stem10": {
					"rotation": ["-22.5+5*math.sin(q.anim_time*90*6-120)*1", 0, 0]
				},
				"tail4": {
					"rotation": [10, "7*math.cos(q.anim_time*90*3+120)*-1", 0]
				},
				"body": {
					"rotation": [0, "8*math.cos(q.anim_time*90*3)*1", 0],
					"position": {
						"0.0": [0, 2.25, 0],
						"0.0417": [0, 2.5, 0],
						"0.0833": [0, 2.25, 0],
						"0.625": [0, 2.25, 0],
						"0.6667": [0, 2.5, 0],
						"0.7083": [0, 2.25, 0],
						"0.75": [0, 2.5, 0],
						"0.7917": [0, 2.25, 0],
						"1.2917": [0, 2.25, 0],
						"1.3333": [0, 2.5, 0]
					}
				},
				"torso": {
					"rotation": ["-1*math.cos(q.anim_time*90*6+30)*-1", "8*math.cos(q.anim_time*90*3+30)*1", "2*math.cos(q.anim_time*90*3+30)*1"],
					"position": [0, "-0.1+0.3*math.sin(q.anim_time*90*6+30)*1", 0]
				},
				"fin_top": {
					"rotation": [0, 0, "5*math.cos(q.anim_time*90*3+100)*-1"]
				},
				"arm_left": {
					"rotation": {
						"0.0": [27.13972, 17.81489, 54.80802],
						"0.5": [-9.78627, -11.33853, 53.65617],
						"0.6667": {
							"pre": [-11.47, -13.08, 42.11],
							"post": [-11.47, -13.08, 42.11],
							"lerp_mode": "catmullrom"
						},
						"0.8333": {
							"post": [-8.23014, -10.8395, 27.91971],
							"lerp_mode": "catmullrom"
						},
						"0.9583": {
							"post": [-3.82491, -6.18459, 13.68449],
							"lerp_mode": "catmullrom"
						},
						"1.125": {
							"post": [0.38257, 5.03012, 2.61807],
							"lerp_mode": "catmullrom"
						},
						"1.3333": [27.13972, 17.81489, 54.80802]
					},
					"position": {
						"0.0": [0.6, -0.2, -0.3],
						"0.25": [-0.56, -0.2, -0.7],
						"0.5": [-0.63, -0.2, -0.9],
						"0.6667": [-0.51, -0.2, -0.65],
						"0.8333": [-0.4, -0.2, -0.4],
						"1.3333": [0.6, -0.2, -0.3]
					}
				},
				"arm_left2": {
					"rotation": {
						"0.0": [0, 0, -51],
						"0.25": {
							"pre": [0, 0, -53.5],
							"post": [0, 0, -53.5],
							"lerp_mode": "catmullrom"
						},
						"0.5": {
							"post": [0, 0, -48.55],
							"lerp_mode": "catmullrom"
						},
						"0.6667": {
							"post": [0, 0, -31.44],
							"lerp_mode": "catmullrom"
						},
						"0.9167": {
							"post": [0, 0, 6.71],
							"lerp_mode": "catmullrom"
						},
						"1.0417": {
							"post": [0, 0, 25.7],
							"lerp_mode": "catmullrom"
						},
						"1.125": {
							"post": [0, 0, 4.89],
							"lerp_mode": "catmullrom"
						},
						"1.25": {
							"post": [0, 0, -48.1],
							"lerp_mode": "catmullrom"
						},
						"1.3333": [0, 0, -51]
					}
				},
				"fin_back_left": {
					"rotation": {
						"0.0": {
							"post": [0, 20, 38.5],
							"lerp_mode": "catmullrom"
						},
						"0.25": {
							"post": [0, -16.25, 39.56],
							"lerp_mode": "catmullrom"
						},
						"0.5": {
							"post": [1.27367, -32.47777, 44.65301],
							"lerp_mode": "catmullrom"
						},
						"0.8333": {
							"post": [5.15786, -10.3172, 9.82282],
							"lerp_mode": "catmullrom"
						},
						"1.125": {
							"post": [-4.51887, 5.20375, -3.68634],
							"lerp_mode": "catmullrom"
						},
						"1.3333": {
							"post": [0, 20, 38.5],
							"lerp_mode": "catmullrom"
						}
					},
					"position": [0, -1, 0]
				},
				"arm_right": {
					"rotation": {
						"0.0": {
							"post": [-11.47, 13.08, -42.11],
							"lerp_mode": "catmullrom"
						},
						"0.1667": {
							"post": [-8.23014, 10.8395, -27.91971],
							"lerp_mode": "catmullrom"
						},
						"0.2917": {
							"post": [-3.82491, 6.18459, -13.68449],
							"lerp_mode": "catmullrom"
						},
						"0.4583": {
							"post": [0.38257, -5.03012, -2.61807],
							"lerp_mode": "catmullrom"
						},
						"0.6667": [27.13972, -17.81489, -54.80802],
						"1.1667": [-9.78627, 11.33853, -53.65617],
						"1.3333": [-11.47, 13.08, -42.11]
					},
					"position": {
						"0.0": [0.51, -0.2, -0.65],
						"0.1667": [0.4, -0.2, -0.4],
						"0.6667": [-0.6, -0.2, -0.3],
						"0.9167": [0.56, -0.2, -0.7],
						"1.1667": [0.63, -0.2, -0.9],
						"1.3333": [0.51, -0.2, -0.65]
					}
				},
				"arm_right2": {
					"rotation": {
						"0.0": {
							"post": [0, 0, 31.44],
							"lerp_mode": "catmullrom"
						},
						"0.25": {
							"post": [0, 0, -6.71],
							"lerp_mode": "catmullrom"
						},
						"0.375": {
							"post": [0, 0, -25.7],
							"lerp_mode": "catmullrom"
						},
						"0.4583": {
							"post": [0, 0, -4.89],
							"lerp_mode": "catmullrom"
						},
						"0.5833": {
							"post": [0, 0, 48.1],
							"lerp_mode": "catmullrom"
						},
						"0.6667": [0, 0, 51],
						"0.9167": {
							"pre": [0, 0, 53.5],
							"post": [0, 0, 53.5],
							"lerp_mode": "catmullrom"
						},
						"1.1667": {
							"post": [0, 0, 48.55],
							"lerp_mode": "catmullrom"
						},
						"1.3333": {
							"post": [0, 0, 31.44],
							"lerp_mode": "catmullrom"
						}
					}
				},
				"fin_back_right": {
					"rotation": {
						"0.0": {
							"post": [1.27367, 32.4778, -44.653],
							"lerp_mode": "catmullrom"
						},
						"0.2917": {
							"post": [5.15786, 10.3172, -9.8228],
							"lerp_mode": "catmullrom"
						},
						"0.4583": {
							"post": [-4.51887, -5.2037, 3.6863],
							"lerp_mode": "catmullrom"
						},
						"0.6667": {
							"post": [0, -20, -38.5],
							"lerp_mode": "catmullrom"
						},
						"1.1667": {
							"post": [0, 16.25, -39.56],
							"lerp_mode": "catmullrom"
						},
						"1.3333": {
							"post": [1.27367, 32.4778, -44.653],
							"lerp_mode": "catmullrom"
						}
					},
					"position": [0, -1, 0]
				},
				"tail": {
					"rotation": [5, "5*math.cos(q.anim_time*90*3+50)*-1", 0]
				},
				"tail2": {
					"rotation": [7.5, "5*math.cos(q.anim_time*90*3+30)*-1", 0]
				},
				"tail3": {
					"rotation": [0, "5*math.cos(q.anim_time*90*3+10)*-1", 0]
				},
				"angler_left1": {
					"rotation": ["-0.5*math.sin(q.anim_time*90*6-30)*1", "-10-5*math.sin(q.anim_time*90*3-150)*1", "1*math.sin(q.anim_time*90*6-10)*1"]
				},
				"angler_left2": {
					"rotation": ["50-0.5*math.sin(q.anim_time*90*6-40)*1", 0, 0]
				},
				"angler_left3": {
					"rotation": ["35-0.5*math.sin(q.anim_time*90*6-80)*1", 0, 0]
				},
				"angler_left4": {
					"rotation": ["30-1*math.sin(q.anim_time*90*6-100)*1", 0, 0]
				},
				"angler_left5": {
					"rotation": ["30-0.5*math.sin(q.anim_time*90*6-90)*1", 0, 0]
				},
				"bulb_left": {
					"rotation": ["-150-3*math.sin(q.anim_time*90*6-150)*1", "15*math.sin(q.anim_time*90*6-150)*1", 0]
				},
				"angler_right1": {
					"rotation": ["-0.5*math.sin(q.anim_time*90*6-30)*1", "10+5*math.sin(q.anim_time*90*3-150)*1", "-1*math.sin(q.anim_time*90*6-10)*1"]
				},
				"angler_right2": {
					"rotation": ["50-0.5*math.sin(q.anim_time*90*6-40)*1", 0, 0]
				},
				"angler_right3": {
					"rotation": ["35-0.5*math.sin(q.anim_time*90*6-80)*1", 0, 0]
				},
				"angler_right4": {
					"rotation": ["30-1*math.sin(q.anim_time*90*6-100)*1", 0, 0]
				},
				"angler_right5": {
					"rotation": ["30-0.5*math.sin(q.anim_time*90*6-90)*1", 0, 0]
				},
				"bulb_right": {
					"rotation": ["-150-3*math.sin(q.anim_time*90*6-150)*1", "-15*math.sin(q.anim_time*90*6-150)*1", 0]
				},
				"Jaw": {
					"rotation": ["2*math.cos(q.anim_time*90*6+50)*-1", 0, 0]
				}
			}
		},
		"animation.anglerine.water_idle": {
			"loop": true,
			"bones": {
				"stem": {
					"rotation": ["-3*math.sin(q.anim_time*90*2-30)*1", "1-1*math.sin(q.anim_time*90*1-90)*-1", "1*math.sin(q.anim_time*90*1-10)*1"]
				},
				"stem2": {
					"rotation": ["45-0.25*math.sin(q.anim_time*90*2-40)*1", 0, 0]
				},
				"stem3": {
					"rotation": ["25-1*math.sin(q.anim_time*90*2-80)*1", 0, 0]
				},
				"stem4": {
					"rotation": ["30-1*math.sin(q.anim_time*90*2-90)*1", 0, 0]
				},
				"stem5": {
					"rotation": ["30-1*math.sin(q.anim_time*90*2-90)*1", 0, 0]
				},
				"stem6": {
					"rotation": ["30-1*math.sin(q.anim_time*90*2-90)*1", 0, 0]
				},
				"stem9": {
					"rotation": ["-25+1*math.sin(q.anim_time*90*2-15)*1", 0, 0]
				},
				"stem8": {
					"rotation": ["-27.5+2*math.sin(q.anim_time*90*2-10)*1", 0, 0]
				},
				"stem7": {
					"rotation": ["-47.5+3*math.sin(q.anim_time*90*2-30)*1", 0, 0],
					"position": [0, -0.5, 0]
				},
				"stem10": {
					"rotation": ["-22.5+2*math.sin(q.anim_time*90*2-30)*1", 0, 0]
				},
				"head": {
					"rotation": ["0.5+1*math.sin(q.anim_time*90*2-120)*1", "1*math.cos(q.anim_time*90*2-30)*-0.3", "1*math.cos(q.anim_time*90*2-30)*-0.3"]
				},
				"tail4": {
					"rotation": ["-0.5*math.sin(q.anim_time*90*3-60)*1", "5*math.sin(q.anim_time*90*2-70)*1", 0]
				},
				"torso": {
					"rotation": ["3+0.5*math.sin(q.anim_time*90*2-10)*1", "2*math.sin(q.anim_time*90*1-20)*-1", "-1*math.cos(q.anim_time*90*1-30)*-1"],
					"position": [0, "0.15*math.sin(q.anim_time*90*2-80)*-2", 0]
				},
				"fin_top": {
					"rotation": [0, 0, "5*math.cos(q.anim_time*90*1+100)*-1"]
				},
				"arm_left": {
					"rotation": ["7.75+3*math.sin(q.anim_time*90*2-10)*2", 0, "-5*math.sin(q.anim_time*90*2+10)*2"]
				},
				"arm_left2": {
					"rotation": [0, 0, "-6*math.sin(q.anim_time*90*2-70)*2"]
				},
				"fin_back_left": {
					"rotation": ["7.75+3*math.sin(q.anim_time*90*2-10-120)*2", 0, "-5*math.sin(q.anim_time*90*2+10-120)*2"]
				},
				"arm_right": {
					"rotation": ["7.75+3*math.sin(q.anim_time*90*2-10)*2", 0, "5*math.sin(q.anim_time*90*2+10)*2"]
				},
				"arm_right2": {
					"rotation": [0, 0, "6*math.sin(q.anim_time*90*2-70)*2"]
				},
				"fin_back_right": {
					"rotation": ["7.75+3*math.sin(q.anim_time*90*2-10-120)*2", 0, "5*math.sin(q.anim_time*90*2+10-120)*2"]
				},
				"tail": {
					"rotation": [5, "5*math.cos(q.anim_time*90*1+50)*-1", 0]
				},
				"tail2": {
					"rotation": [7.5, "5*math.cos(q.anim_time*90*1+30)*-1", 0]
				},
				"tail3": {
					"rotation": [0, "5*math.cos(q.anim_time*90*1+10)*-1", 0]
				},
				"angler_left1": {
					"rotation": ["-0.5*math.sin(q.anim_time*90*2-30)*1", "-10-1*math.sin(q.anim_time*90*1-90)*-1", "1*math.sin(q.anim_time*90*2-10)*1"]
				},
				"angler_left2": {
					"rotation": ["50-0.5*math.sin(q.anim_time*90*2-60)*1", 0, 0]
				},
				"angler_left3": {
					"rotation": ["35-0.5*math.sin(q.anim_time*90*2-90)*1", 0, 0]
				},
				"angler_left4": {
					"rotation": ["30-1*math.sin(q.anim_time*90*2-120)*1", 0, 0]
				},
				"angler_left5": {
					"rotation": ["30-0.5*math.sin(q.anim_time*90*2-150)*1", 0, 0]
				},
				"bulb_left": {
					"rotation": ["-145-5*math.sin(q.anim_time*90*2-180)*1", "-20-35*math.sin(q.anim_time*90*2-180)*1,+35*math.sin(q.anim_time*90*2-180)*1", 0]
				},
				"angler_right1": {
					"rotation": ["-0.5*math.sin(q.anim_time*90*2-30)*1", "10-1*math.sin(q.anim_time*90*1-90)*-1", "1*math.sin(q.anim_time*90*2-10)*1"]
				},
				"angler_right2": {
					"rotation": ["50-0.5*math.sin(q.anim_time*90*2-60)*1", 0, 0]
				},
				"angler_right3": {
					"rotation": ["35-0.5*math.sin(q.anim_time*90*2-90)*1", 0, 0]
				},
				"angler_right4": {
					"rotation": ["30-1*math.sin(q.anim_time*90*2-120)*1", 0, 0]
				},
				"angler_right5": {
					"rotation": ["30-0.5*math.sin(q.anim_time*90*2-150)*1", 0, 0]
				},
				"bulb_right": {
					"rotation": ["-145-5*math.sin(q.anim_time*90*2-180)*1", "20+35*math.sin(q.anim_time*90*2-180)*1,-35*math.sin(q.anim_time*90*2-180)*1", 0]
				},
				"Jaw": {
					"rotation": ["32.5+4*math.cos(q.anim_time*90*1+50)*-1", 0, 0]
				}
			}
		},
		"animation.anglerine.water_swim": {
			"loop": true,
			"bones": {
				"head": {
					"rotation": ["-7+1*math.sin(q.anim_time*90*3-20)*0.75", "0*math.sin(q.anim_time*90*3+190)*1", 0]
				},
				"stem": {
					"rotation": ["-5*math.sin(q.anim_time*90*3-30)*1", "1-1*math.sin(q.anim_time*90*2-90)*-1", "1*math.sin(q.anim_time*90*1-10)*1"]
				},
				"stem2": {
					"rotation": ["45-0.25*math.sin(q.anim_time*90*3-40)*1", 0, 0]
				},
				"stem3": {
					"rotation": ["25-2*math.sin(q.anim_time*90*3-80)*1", 0, 0]
				},
				"stem4": {
					"rotation": ["30-2*math.sin(q.anim_time*90*3-90)*1", 0, 0]
				},
				"stem5": {
					"rotation": ["30-1*math.sin(q.anim_time*90*3-90)*1", 0, 0]
				},
				"stem6": {
					"rotation": ["30-2*math.sin(q.anim_time*90*3-90)*1", 0, 0]
				},
				"stem7": {
					"rotation": ["-47.5+5*math.sin(q.anim_time*90*3-30)*1", 0, 0],
					"position": [0, -0.5, 0]
				},
				"stem8": {
					"rotation": ["-27.5+2*math.sin(q.anim_time*90*3-10)*1", 0, 0]
				},
				"stem9": {
					"rotation": ["-25+1*math.sin(q.anim_time*90*3-15)*1", 0, 0]
				},
				"stem10": {
					"rotation": ["-22.5+2*math.sin(q.anim_time*90*3-30)*1", 0, 0]
				},
				"tail4": {
					"rotation": ["-0.5*math.sin(q.anim_time*90*2-150)*1", "10*math.sin(q.anim_time*90*3-150)*1", 0]
				},
				"body": {
					"position": [0, "1*math.cos(q.anim_time*90*3-10)*1", 0]
				},
				"torso": {
					"rotation": ["10+2*math.sin(q.anim_time*90*3-20)*1", "3*math.sin(q.anim_time*90*1.5-20)*1", "0.5*math.cos(q.anim_time*90*3-10)*1"]
				},
				"fin_top": {
					"rotation": [0, 0, "5*math.cos(q.anim_time*90*3+100)*-1"]
				},
				"arm_left": {
					"rotation": ["67.8402+1*math.sin(q.anim_time*90*3+30)*2", "-20.123-10*math.sin(q.anim_time*90*3+30)*-2", "20.3038+5*math.sin(q.anim_time*90*3+20)*-2"],
					"position": [-0.5, -0.25, 0]
				},
				"arm_left2": {
					"rotation": [0, 0, "4.2167+10*math.sin(q.anim_time*90*3-70)*-2"]
				},
				"fin_back_left": {
					"rotation": ["67.8402+1*math.sin(q.anim_time*90*3+30)*2", "-20.123-10*math.sin(q.anim_time*90*3+30)*-2", "20.3038+5*math.sin(q.anim_time*90*3+20)*-2"]
				},
				"arm_right": {
					"rotation": ["67.8402+1*math.sin(q.anim_time*90*3+30)*2", "20.123-10*math.sin(q.anim_time*90*3+30)*2", "-20.3038+5*math.sin(q.anim_time*90*3+20)*2"],
					"position": [-0.5, -0.25, 0]
				},
				"arm_right2": {
					"rotation": [0, 0, "-4.2167+10*math.sin(q.anim_time*90*3-70)*2"]
				},
				"fin_back_right": {
					"rotation": ["67.8402+1*math.sin(q.anim_time*90*3+30)*2", "20.123-10*math.sin(q.anim_time*90*3+30)*2", "-20.3038+5*math.sin(q.anim_time*90*3+20)*2"]
				},
				"tail": {
					"rotation": [5, "5*math.cos(q.anim_time*90*3+50)*-1", 0]
				},
				"tail2": {
					"rotation": [7.5, "5*math.cos(q.anim_time*90*3+30)*-1", 0]
				},
				"tail3": {
					"rotation": [0, "5*math.cos(q.anim_time*90*3+10)*-1", 0]
				},
				"angler_left1": {
					"rotation": ["-0.5*math.sin(q.anim_time*90*6-30)*1", "-10-5*math.sin(q.anim_time*90*3-150)*1", "1*math.sin(q.anim_time*90*6-10)*1"]
				},
				"angler_left2": {
					"rotation": ["50-0.5*math.sin(q.anim_time*90*6-40)*1", 0, 0]
				},
				"angler_left3": {
					"rotation": ["35-0.5*math.sin(q.anim_time*90*6-80)*1", 0, 0]
				},
				"angler_left4": {
					"rotation": ["30-1*math.sin(q.anim_time*90*6-100)*1", 0, 0]
				},
				"angler_left5": {
					"rotation": ["30-0.5*math.sin(q.anim_time*90*6-90)*1", 0, 0]
				},
				"bulb_left": {
					"rotation": ["-150-3*math.sin(q.anim_time*90*6-150)*1", "15*math.sin(q.anim_time*90*6-150)*1", 0]
				},
				"angler_right1": {
					"rotation": ["-0.5*math.sin(q.anim_time*90*6-30)*1", "10+5*math.sin(q.anim_time*90*3-150)*1", "-1*math.sin(q.anim_time*90*6-10)*1"]
				},
				"angler_right2": {
					"rotation": ["50-0.5*math.sin(q.anim_time*90*6-40)*1", 0, 0]
				},
				"angler_right3": {
					"rotation": ["35-0.5*math.sin(q.anim_time*90*6-80)*1", 0, 0]
				},
				"angler_right4": {
					"rotation": ["30-1*math.sin(q.anim_time*90*6-100)*1", 0, 0]
				},
				"angler_right5": {
					"rotation": ["30-0.5*math.sin(q.anim_time*90*6-90)*1", 0, 0]
				},
				"bulb_right": {
					"rotation": ["-150-3*math.sin(q.anim_time*90*6-150)*1", "-15*math.sin(q.anim_time*90*6-150)*1", 0]
				},
				"Jaw": {
					"rotation": ["36+2*math.cos(q.anim_time*90*6+50)*-1", 0, 0]
				}
			}
		},
		"animation.anglerine.blink": {
			"animation_length": 0.2917,
			"bones": {
				"eyelid_front_right": {
					"scale": {
						"0.0": [1, 1, 1],
						"0.0417": {
							"pre": [1, 1, 1],
							"post": [1.02, 1.02, 1.02]
						},
						"0.25": {
							"pre": [1.02, 1.02, 1.02],
							"post": [1, 1, 1]
						}
					}
				},
				"eyelid_back_right": {
					"scale": {
						"0.0417": [1, 1, 1],
						"0.0833": {
							"pre": [1, 1, 1],
							"post": [1.02, 1.02, 1.02]
						},
						"0.2917": {
							"pre": [1.02, 1.02, 1.02],
							"post": [1, 1, 1]
						}
					}
				},
				"eyelid_back_left": {
					"scale": {
						"0.0417": [1, 1, 1],
						"0.0833": {
							"pre": [1, 1, 1],
							"post": [1.02, 1.02, 1.02]
						},
						"0.2917": {
							"pre": [1.02, 1.02, 1.02],
							"post": [1, 1, 1]
						}
					}
				},
				"eyelid_front_left": {
					"scale": {
						"0.0": [1, 1, 1],
						"0.0417": {
							"pre": [1, 1, 1],
							"post": [1.02, 1.02, 1.02]
						},
						"0.25": {
							"pre": [1.02, 1.02, 1.02],
							"post": [1, 1, 1]
						}
					}
				}
			}
		},
		"animation.anglerine.angler_blink": {
			"animation_length": 0.2083,
			"bones": {
				"bulblid_right": {
					"scale": {
						"0.0": [1, 1, 1],
						"0.0417": {
							"pre": [1, 1, 1],
							"post": [1.02, 1.02, 1.02]
						},
						"0.2083": {
							"pre": [1.02, 1.02, 1.02],
							"post": [1, 1, 1]
						}
					}
				},
				"bulblid_left": {
					"scale": {
						"0.0": [1, 1, 1],
						"0.0417": {
							"pre": [1, 1, 1],
							"post": [1.02, 1.02, 1.02]
						},
						"0.2083": {
							"pre": [1.02, 1.02, 1.02],
							"post": [1, 1, 1]
						}
					}
				}
			}
		},
		"animation.anglerine.cry": {
			"animation_length": 1.2083,
			"bones": {
				"torso": {
					"rotation": {
						"0.0": {
							"post": [0, 0, 0],
							"lerp_mode": "catmullrom"
						},
						"0.2917": {
							"post": [-12.5, 0, 0],
							"lerp_mode": "catmullrom"
						},
						"1.0": {
							"post": [-12.5, 0, 0],
							"lerp_mode": "catmullrom"
						},
						"1.2083": {
							"post": [0, 0, 0],
							"lerp_mode": "catmullrom"
						}
					},
					"position": {
						"0.0": {
							"post": [0, 0, 0],
							"lerp_mode": "catmullrom"
						},
						"0.2917": {
							"post": [0, 2, 0],
							"lerp_mode": "catmullrom"
						},
						"1.0": {
							"post": [0, 2, 0],
							"lerp_mode": "catmullrom"
						},
						"1.2083": {
							"post": [0, 0, 0],
							"lerp_mode": "catmullrom"
						}
					}
				},
				"Jaw": {
					"rotation": {
						"0.0": {
							"post": [0, 0, 0],
							"lerp_mode": "catmullrom"
						},
						"0.0833": {
							"post": [9.17, 0, 0],
							"lerp_mode": "catmullrom"
						},
						"0.3333": {
							"post": [22.5, 0, 0],
							"lerp_mode": "catmullrom"
						},
						"0.4167": {
							"post": [30, 0, 0],
							"lerp_mode": "catmullrom"
						},
						"0.7083": {
							"post": [22.5, 0, 0],
							"lerp_mode": "catmullrom"
						},
						"0.7917": {
							"post": [15, 0, 0],
							"lerp_mode": "catmullrom"
						},
						"0.875": {
							"post": [22.5, 0, 0],
							"lerp_mode": "catmullrom"
						},
						"0.9583": {
							"post": [15, 0, 0],
							"lerp_mode": "catmullrom"
						},
						"1.0417": {
							"post": [22.5, 0, 0],
							"lerp_mode": "catmullrom"
						},
						"1.125": {
							"post": [15, 0, 0],
							"lerp_mode": "catmullrom"
						},
						"1.2083": {
							"post": [0, 0, 0],
							"lerp_mode": "catmullrom"
						}
					}
				},
				"arm_left": {
					"rotation": {
						"0.0": {
							"post": [0, 0, 0],
							"lerp_mode": "catmullrom"
						},
						"0.2917": {
							"post": [11.73105, -4.3471, 20.0532],
							"lerp_mode": "catmullrom"
						},
						"1.0": {
							"post": [11.73105, -4.3471, 20.0532],
							"lerp_mode": "catmullrom"
						},
						"1.2083": {
							"post": [0, 0, 0],
							"lerp_mode": "catmullrom"
						}
					}
				},
				"arm_right": {
					"rotation": {
						"0.0": {
							"post": [0, 0, 0],
							"lerp_mode": "catmullrom"
						},
						"0.2917": {
							"post": [11.73105, 4.34712, -20.0532],
							"lerp_mode": "catmullrom"
						},
						"1.0": {
							"post": [11.73105, 4.34712, -20.0532],
							"lerp_mode": "catmullrom"
						},
						"1.2083": {
							"post": [0, 0, 0],
							"lerp_mode": "catmullrom"
						}
					}
				},
				"arm_left2": {
					"rotation": {
						"0.0": {
							"post": [0, 0, 0],
							"lerp_mode": "catmullrom"
						},
						"0.2917": {
							"post": [0, 0, -8.5],
							"lerp_mode": "catmullrom"
						},
						"1.0": {
							"post": [0, 0, -8.5],
							"lerp_mode": "catmullrom"
						},
						"1.2083": {
							"post": [0, 0, 0],
							"lerp_mode": "catmullrom"
						}
					}
				},
				"fin_back_left": {
					"rotation": {
						"0.0": {
							"post": [0, 0, 0],
							"lerp_mode": "catmullrom"
						},
						"0.2917": {
							"post": [14.9215, -1.5503, 5.797],
							"lerp_mode": "catmullrom"
						},
						"1.0": {
							"post": [14.9215, -1.5503, 5.797],
							"lerp_mode": "catmullrom"
						},
						"1.2083": {
							"post": [0, 0, 0],
							"lerp_mode": "catmullrom"
						}
					}
				},
				"arm_right2": {
					"rotation": {
						"0.0": {
							"post": [0, 0, 0],
							"lerp_mode": "catmullrom"
						},
						"0.2917": {
							"post": [0, 0, 8.5],
							"lerp_mode": "catmullrom"
						},
						"1.0": {
							"post": [0, 0, 8.5],
							"lerp_mode": "catmullrom"
						},
						"1.2083": {
							"post": [0, 0, 0],
							"lerp_mode": "catmullrom"
						}
					}
				},
				"fin_back_right": {
					"rotation": {
						"0.0": {
							"post": [0, 0, 0],
							"lerp_mode": "catmullrom"
						},
						"0.2917": {
							"post": [14.9215, 1.55027, -5.79697],
							"lerp_mode": "catmullrom"
						},
						"1.0": {
							"post": [14.9215, 1.55027, -5.79697],
							"lerp_mode": "catmullrom"
						},
						"1.2083": {
							"post": [0, 0, 0],
							"lerp_mode": "catmullrom"
						}
					}
				}
			},
			"sound_effects": {
				"0.0": {
					"effect": "pokemon.anglerine.cry"
				}
			}
		},
		"animation.anglerine.sleep": {
			"loop": true,
			"bones": {
				"torso": {
					"rotation": ["0.5*math.sin(q.anim_time*90*1+170)*1", 0, 0],
					"position": [0, "0.15-0.2*math.sin(q.anim_time*90*1+130)*1", 0]
				},
				"fin_top": {
					"rotation": [0, 0, "5*math.cos(q.anim_time*90*0.5+100)*-1"]
				},
				"arm_left": {
					"rotation": [0, "0.5*math.sin(q.anim_time*90*1+170)*1", 27],
					"position": [0, "0.2*math.sin(q.anim_time*90*1+130)*1", 0]
				},
				"fin_back_left": {
					"rotation": [0, "0.5*math.sin(q.anim_time*90*1+170)*1", 24],
					"position": [0, "0.1*math.sin(q.anim_time*90*1+130)*1", 0]
				},
				"arm_right": {
					"rotation": [0, "-0.5*math.sin(q.anim_time*90*1+170)*1", -26.99997],
					"position": [0, "0.2*math.sin(q.anim_time*90*1+130)*1", 0]
				},
				"fin_back_right": {
					"rotation": [0, "-0.5*math.sin(q.anim_time*90*1+170)*1", -24],
					"position": [0, "0.1*math.sin(q.anim_time*90*1+130)*1", 0]
				},
				"tail": {
					"rotation": [5, "5*math.cos(q.anim_time*90*0.5+50)*-1", 0]
				},
				"tail2": {
					"rotation": [7.5, "5*math.cos(q.anim_time*90*0.5+30)*-1", 0]
				},
				"tail3": {
					"rotation": [0, "5*math.cos(q.anim_time*90*0.5+10)*-1", 0]
				},
				"angler_left1": {
					"rotation": ["-0.5*math.sin(q.anim_time*90*1-30)*1", "-10-1*math.sin(q.anim_time*90*0.5-90)*-1", "1*math.sin(q.anim_time*90*1-10)*1"]
				},
				"angler_left2": {
					"rotation": ["50-0.5*math.sin(q.anim_time*90*1-60)*1", 0, 0]
				},
				"angler_left3": {
					"rotation": ["35-0.5*math.sin(q.anim_time*90*1-90)*1", 0, 0]
				},
				"angler_left4": {
					"rotation": ["30-1*math.sin(q.anim_time*90*1-120)*1", 0, 0]
				},
				"angler_left5": {
					"rotation": ["30-0.5*math.sin(q.anim_time*90*1-150)*1", 0, 0]
				},
				"bulb_left": {
					"rotation": ["-82.5-5*math.sin(q.anim_time*90*1-180)*1", "-20-2*math.sin(q.anim_time*90*1-180)*1", 0]
				},
				"angler_right1": {
					"rotation": ["-0.5*math.sin(q.anim_time*90*1-30)*1", "10-1*math.sin(q.anim_time*90*0.5-90)*-1", "1*math.sin(q.anim_time*90*1-10)*1"]
				},
				"angler_right2": {
					"rotation": ["50-0.5*math.sin(q.anim_time*90*1-60)*1", 0, 0]
				},
				"angler_right3": {
					"rotation": ["35-0.5*math.sin(q.anim_time*90*1-90)*1", 0, 0]
				},
				"angler_right4": {
					"rotation": ["30-1*math.sin(q.anim_time*90*1-120)*1", 0, 0]
				},
				"angler_right5": {
					"rotation": ["30-0.5*math.sin(q.anim_time*90*1-150)*1", 0, 0]
				},
				"bulb_right": {
					"rotation": ["-82.5-5*math.sin(q.anim_time*90*1-180)*1", "20+2*math.sin(q.anim_time*90*1-180)*1", 0]
				},
				"Jaw": {
					"rotation": ["2*math.cos(q.anim_time*90*0.5+50)*-1", 0, 0]
				},
				"arm_left2": {
					"rotation": [0, 0, -26.5]
				},
				"arm_right2": {
					"rotation": [0, 0, 26.5]
				},
				"bulblid_left": {
					"scale": 1.02
				},
				"bulblid_right": {
					"scale": 1.02
				},
				"eyelid_front_right": {
					"scale": 1.02
				},
				"eyelid_back_right": {
					"scale": 1.02
				},
				"eyelid_back_left": {
					"scale": 1.02
				},
				"eyelid_front_left": {
					"scale": 1.02
				}
			}
		},
		"animation.anglerine.sleep_water": {
			"loop": true,
			"bones": {
				"stem": {
					"rotation": ["-3*math.sin(q.anim_time*90*2-30)*1", "1-1*math.sin(q.anim_time*90*1-90)*-1", "1*math.sin(q.anim_time*90*1-10)*1"]
				},
				"stem2": {
					"rotation": ["45-0.25*math.sin(q.anim_time*90*2-40)*1", 0, 0]
				},
				"stem3": {
					"rotation": ["25-1*math.sin(q.anim_time*90*2-80)*1", 0, 0]
				},
				"stem4": {
					"rotation": ["30-1*math.sin(q.anim_time*90*2-90)*1", 0, 0]
				},
				"stem5": {
					"rotation": ["30-1*math.sin(q.anim_time*90*2-90)*1", 0, 0]
				},
				"stem6": {
					"rotation": ["30-1*math.sin(q.anim_time*90*2-90)*1", 0, 0]
				},
				"stem9": {
					"rotation": ["-25+1*math.sin(q.anim_time*90*2-15)*1", 0, 0]
				},
				"stem8": {
					"rotation": ["-27.5+2*math.sin(q.anim_time*90*2-10)*1", 0, 0]
				},
				"stem7": {
					"rotation": ["-47.5+3*math.sin(q.anim_time*90*2-30)*1", 0, 0],
					"position": [0, -0.5, 0]
				},
				"stem10": {
					"rotation": ["-22.5+2*math.sin(q.anim_time*90*2-30)*1", 0, 0]
				},
				"head": {
					"rotation": ["0.5+1*math.sin(q.anim_time*90*2-120)*1", "1*math.cos(q.anim_time*90*2-30)*-0.3", "1*math.cos(q.anim_time*90*2-30)*-0.3"]
				},
				"tail4": {
					"rotation": ["-0.5*math.sin(q.anim_time*90*3-60)*1", "5*math.sin(q.anim_time*90*2-70)*1", 0]
				},
				"torso": {
					"rotation": ["3+0.5*math.sin(q.anim_time*90*1-10)*1", "2*math.sin(q.anim_time*90*0.5-20)*-1", "-1*math.cos(q.anim_time*90*0.5-30)*-1"],
					"position": [0, "0.15*math.sin(q.anim_time*90*1-80)*-2", 0]
				},
				"fin_top": {
					"rotation": [0, 0, "5*math.cos(q.anim_time*90*0.5+100)*-1"]
				},
				"arm_left": {
					"rotation": ["7.75+3*math.sin(q.anim_time*90*1-10)*2", 0, "22.5-5*math.sin(q.anim_time*90*1+10)*2"]
				},
				"arm_left2": {
					"rotation": [0, 0, "-6*math.sin(q.anim_time*90*1-70)*2"]
				},
				"fin_back_left": {
					"rotation": ["7.75+3*math.sin(q.anim_time*90*1-10-120)*2", 0, "-5*math.sin(q.anim_time*90*1+10-120)*2"]
				},
				"arm_right": {
					"rotation": ["7.75+3*math.sin(q.anim_time*90*1-10)*2", 0, "-22.5+5*math.sin(q.anim_time*90*1+10)*2"]
				},
				"arm_right2": {
					"rotation": [0, 0, "6*math.sin(q.anim_time*90*1-70)*2"]
				},
				"fin_back_right": {
					"rotation": ["7.75+3*math.sin(q.anim_time*90*1-10-120)*2", 0, "5*math.sin(q.anim_time*90*1+10-120)*2"]
				},
				"tail": {
					"rotation": [5, "5*math.cos(q.anim_time*90*0.5+50)*-1", 0]
				},
				"tail2": {
					"rotation": [7.5, "5*math.cos(q.anim_time*90*0.5+30)*-1", 0]
				},
				"tail3": {
					"rotation": [0, "5*math.cos(q.anim_time*90*0.5+10)*-1", 0]
				},
				"angler_left1": {
					"rotation": ["-0.5*math.sin(q.anim_time*90*1-30)*1", "-10-1*math.sin(q.anim_time*90*0.5-90)*-1", "1*math.sin(q.anim_time*90*1-10)*1"]
				},
				"angler_left2": {
					"rotation": ["50-0.5*math.sin(q.anim_time*90*1-60)*1", 0, 0]
				},
				"angler_left3": {
					"rotation": ["35-0.5*math.sin(q.anim_time*90*1-90)*1", 0, 0]
				},
				"angler_left4": {
					"rotation": ["30-1*math.sin(q.anim_time*90*1-120)*1", 0, 0]
				},
				"angler_left5": {
					"rotation": ["30-0.5*math.sin(q.anim_time*90*1-150)*1", 0, 0]
				},
				"bulb_left": {
					"rotation": ["-82.5-5*math.sin(q.anim_time*90*1-180)*1", "-20-2*math.sin(q.anim_time*90*1-180)*1", 0]
				},
				"angler_right1": {
					"rotation": ["-0.5*math.sin(q.anim_time*90*1-30)*1", "10-1*math.sin(q.anim_time*90*0.5-90)*-1", "1*math.sin(q.anim_time*90*1-10)*1"]
				},
				"angler_right2": {
					"rotation": ["50-0.5*math.sin(q.anim_time*90*1-60)*1", 0, 0]
				},
				"angler_right3": {
					"rotation": ["35-0.5*math.sin(q.anim_time*90*1-90)*1", 0, 0]
				},
				"angler_right4": {
					"rotation": ["30-1*math.sin(q.anim_time*90*1-120)*1", 0, 0]
				},
				"angler_right5": {
					"rotation": ["30-0.5*math.sin(q.anim_time*90*1-150)*1", 0, 0]
				},
				"bulb_right": {
					"rotation": ["-82.5-5*math.sin(q.anim_time*90*1-180)*1", "20+2*math.sin(q.anim_time*90*1-180)*1", 0]
				},
				"Jaw": {
					"rotation": ["32.5+4*math.cos(q.anim_time*90*0.5+50)*-1", 0, 0]
				},
				"bulblid_left": {
					"scale": 1.02
				},
				"bulblid_right": {
					"scale": 1.02
				},
				"eyelid_front_right": {
					"scale": 1.02
				},
				"eyelid_back_right": {
					"scale": 1.02
				},
				"eyelid_back_left": {
					"scale": 1.02
				},
				"eyelid_front_left": {
					"scale": 1.02
				}
			}
		},
		"animation.anglerine.faint": {
			"animation_length": 6.4583,
			"bones": {
				"torso": {
					"rotation": {
						"1.0": ["0.5*math.sin(q.anim_time*90*1+170)*1", 0, 0],
						"6.4583": [0, 0, 0]
					},
					"position": {
						"1.0": [0, "0.15-0.2*math.sin(q.anim_time*90*1+130)*1", 0],
						"6.4583": [0, 0, 0]
					}
				},
				"fin_top": {
					"rotation": {
						"0.0": {
							"post": [0, 0, -2.5],
							"lerp_mode": "catmullrom"
						},
						"0.0417": {
							"post": [0, 0, 2.5],
							"lerp_mode": "catmullrom"
						},
						"0.0833": {
							"post": [0, 0, -2.5],
							"lerp_mode": "catmullrom"
						},
						"0.125": {
							"post": [0, 0, 2.5],
							"lerp_mode": "catmullrom"
						},
						"0.1667": {
							"post": [0, 0, -2.5],
							"lerp_mode": "catmullrom"
						},
						"0.2083": {
							"post": [0, 0, 2.5],
							"lerp_mode": "catmullrom"
						},
						"0.25": {
							"post": [0, 0, -2.5],
							"lerp_mode": "catmullrom"
						},
						"0.2917": {
							"post": [0, 0, 2.5],
							"lerp_mode": "catmullrom"
						},
						"0.3333": {
							"post": [0, 0, -2.5],
							"lerp_mode": "catmullrom"
						},
						"0.375": {
							"post": [0, 0, 2.5],
							"lerp_mode": "catmullrom"
						},
						"0.4167": {
							"post": [0, 0, -2.5],
							"lerp_mode": "catmullrom"
						},
						"0.4583": {
							"post": [0, 0, 2.5],
							"lerp_mode": "catmullrom"
						},
						"0.5": {
							"post": [0, 0, -2.5],
							"lerp_mode": "catmullrom"
						},
						"0.5833": {
							"post": [0, 0, 2.5],
							"lerp_mode": "catmullrom"
						},
						"0.6667": {
							"post": [0, 0, -2.5],
							"lerp_mode": "catmullrom"
						},
						"0.75": {
							"post": [0, 0, 2.5],
							"lerp_mode": "catmullrom"
						},
						"0.8333": {
							"post": [0, 0, -2.5],
							"lerp_mode": "catmullrom"
						},
						"0.9167": {
							"post": [0, 0, 2.5],
							"lerp_mode": "catmullrom"
						},
						"1.0417": {
							"post": [0, 0, -2.5],
							"lerp_mode": "catmullrom"
						},
						"1.1667": {
							"post": [0, 0, 2.5],
							"lerp_mode": "catmullrom"
						},
						"1.2917": {
							"post": [0, 0, -2.5],
							"lerp_mode": "catmullrom"
						},
						"1.4167": {
							"post": [0, 0, 2.5],
							"lerp_mode": "catmullrom"
						},
						"1.5417": {
							"post": [0, 0, -2.5],
							"lerp_mode": "catmullrom"
						},
						"1.7917": {
							"post": [0, 0, 2.5],
							"lerp_mode": "catmullrom"
						},
						"2.0417": {
							"post": [0, 0, -2.5],
							"lerp_mode": "catmullrom"
						},
						"2.7083": {
							"post": [0, 0, 2.5],
							"lerp_mode": "catmullrom"
						},
						"4.2917": {
							"post": [0, 0, -2.5],
							"lerp_mode": "catmullrom"
						},
						"6.4583": [0, 0, 0]
					}
				},
				"arm_left": {
					"rotation": {
						"0.0": [0, 0, 27],
						"0.25": [11.93452, "-1.2441+0.5*math.sin(q.anim_time*90*1+170)*1", 36.8698],
						"0.75": [-0.31956, -0.0897, 27.0102],
						"1.0": [0, "0.5*math.sin(q.anim_time*90*1+170)*1", 27],
						"6.4583": [0, 0, 27]
					},
					"position": {
						"1.0": [0, "0.2*math.sin(q.anim_time*90*1+130)*1", 0],
						"6.4583": [0, 0, 0]
					}
				},
				"fin_back_left": {
					"rotation": {
						"0.0": [0, 0, 24],
						"0.25": [8.99937, "0.2265+0.5*math.sin(q.anim_time*90*1+170)*1", 22.0126],
						"0.75": [-0.01229, -0.346, 25.3376],
						"1.0": [0, "0.5*math.sin(q.anim_time*90*1+170)*1", 24],
						"6.4583": [0, 0, 24]
					},
					"position": {
						"1.0": [0, "0.1*math.sin(q.anim_time*90*1+130)*1", 0],
						"6.4583": [0, 0, 0]
					}
				},
				"arm_right": {
					"rotation": {
						"0.0": [0, 0, -27],
						"0.25": [11.93452, "1.2441-0.5*math.sin(q.anim_time*90*1+170)*1", -36.86983],
						"0.75": [-0.31956, 0.0897, -27.01017],
						"1.0": [0, "-0.5*math.sin(q.anim_time*90*1+170)*1", -26.99997],
						"6.4583": [0, 0, -26.99997]
					},
					"position": {
						"1.0": [0, "0.2*math.sin(q.anim_time*90*1+130)*1", 0],
						"6.4583": [0, 0, 0]
					}
				},
				"fin_back_right": {
					"rotation": {
						"0.0": [0, 0, -24],
						"0.25": [8.99937, "-0.2265-0.5*math.sin(q.anim_time*90*1+170)*1", -22.01263],
						"0.75": [-0.01229, 0.34598, -25.33758],
						"1.0": [0, "-0.5*math.sin(q.anim_time*90*1+170)*1", -24],
						"6.4583": [0, 0, -24]
					},
					"position": {
						"1.0": [0, "0.1*math.sin(q.anim_time*90*1+130)*1", 0],
						"6.4583": [0, 0, 0]
					}
				},
				"tail": {
					"rotation": {
						"1.0": [5, "5*math.cos(q.anim_time*90*0.5+50)*-1", 0],
						"6.4583": [5, 0, 0]
					}
				},
				"tail2": {
					"rotation": {
						"0.0": {
							"post": [0, 0, 0],
							"lerp_mode": "catmullrom"
						},
						"0.5": {
							"post": [-35, 0, 0],
							"lerp_mode": "catmullrom"
						},
						"1.0": {
							"post": [-32.52473, -2.10829, 1.34386],
							"lerp_mode": "catmullrom"
						},
						"2.0": {
							"post": [-35, 0, 0],
							"lerp_mode": "catmullrom"
						},
						"4.0": {
							"post": [-32.52564, 2.04767, -1.43455],
							"lerp_mode": "catmullrom"
						},
						"6.4583": [7.5, 0, 0]
					}
				},
				"tail3": {
					"rotation": {
						"1.0": [0, "5*math.cos(q.anim_time*90*0.5+10)*-1", 0],
						"6.4583": [0, 0, 0]
					}
				},
				"angler_left1": {
					"rotation": {
						"0.0": ["-0.5*math.sin(q.anim_time*90*2-30)*1", "-10-1*math.sin(q.anim_time*90*1-90)*-1", "1*math.sin(q.anim_time*90*2-10)*1"],
						"6.4583": [0, -10, 0]
					}
				},
				"angler_left2": {
					"rotation": {
						"1.0": ["50-0.5*math.sin(q.anim_time*90*1-60)*1", 0, 0],
						"6.4583": [50, 0, 0]
					}
				},
				"angler_left3": {
					"rotation": {
						"1.0": ["35-0.5*math.sin(q.anim_time*90*1-90)*1", 0, 0],
						"6.4583": [35, 0, 0]
					}
				},
				"angler_left4": {
					"rotation": {
						"1.0": ["30-1*math.sin(q.anim_time*90*1-120)*1", 0, 0],
						"6.4583": [30, 0, 0]
					}
				},
				"angler_left5": {
					"rotation": {
						"1.0": ["30-0.5*math.sin(q.anim_time*90*1-150)*1", 0, 0],
						"6.4583": [30, 0, 0]
					}
				},
				"bulb_left": {
					"rotation": {
						"0.0": [0, 0, 0],
						"1.0": ["-82.5-5*math.sin(q.anim_time*90*1-180)*1", "-20-2*math.sin(q.anim_time*90*1-180)*1", 0],
						"6.4583": [-82.5, -20, 0]
					}
				},
				"angler_right1": {
					"rotation": {
						"0.0": ["-0.5*math.sin(q.anim_time*90*2-30)*1", "10+1*math.sin(q.anim_time*90*1-90)*-1", "-1*math.sin(q.anim_time*90*2-10)*1"],
						"6.4583": [0, 10, 0]
					}
				},
				"angler_right2": {
					"rotation": {
						"1.0": ["50-0.5*math.sin(q.anim_time*90*1-60)*1", 0, 0],
						"6.4583": [50, 0, 0]
					}
				},
				"angler_right3": {
					"rotation": {
						"1.0": ["35-0.5*math.sin(q.anim_time*90*1-90)*1", 0, 0],
						"6.4583": [35, 0, 0]
					}
				},
				"angler_right4": {
					"rotation": {
						"1.0": ["30-1*math.sin(q.anim_time*90*1-120)*1", 0, 0],
						"6.4583": [30, 0, 0]
					}
				},
				"angler_right5": {
					"rotation": {
						"1.0": ["30-0.5*math.sin(q.anim_time*90*1-150)*1", 0, 0],
						"6.4583": [30, 0, 0]
					}
				},
				"bulb_right": {
					"rotation": {
						"0.0": [0, 0, 0],
						"1.0": ["-82.5-5*math.sin(q.anim_time*90*1-180)*1", "20+2*math.sin(q.anim_time*90*1-180)*1", 0],
						"6.4583": [-82.5, 20, 0]
					}
				},
				"Jaw": {
					"rotation": {
						"0.0": [0, 0, 0],
						"0.25": [20, 0, 0],
						"0.75": [0, 0, 0],
						"1.0": ["2*math.cos(q.anim_time*90*0.5+50)*-1", 0, 0],
						"6.4583": [0, 0, 0]
					}
				},
				"arm_left2": {
					"rotation": {
						"0.0": [0, 0, -27],
						"0.25": [0, 0, -28.5],
						"0.75": [0, 0, -27.5],
						"1.0": [0, 0, -26.5],
						"6.4583": [0, 0, -26.5]
					}
				},
				"arm_right2": {
					"rotation": {
						"0.0": [0, 0, 27],
						"0.25": [0, 0, 28.5],
						"0.75": [0, 0, 27.5],
						"1.0": [0, 0, 26.5],
						"6.4583": [0, 0, 26.5]
					}
				},
				"bulblid_left": {
					"scale": {
						"1.0": [1.02, 1.02, 1.02],
						"6.4583": [1.02, 1.02, 1.02]
					}
				},
				"bulblid_right": {
					"scale": {
						"1.0": [1.02, 1.02, 1.02],
						"6.4583": [1.02, 1.02, 1.02]
					}
				},
				"eyelid_front_right": {
					"scale": {
						"1.0": [1.02, 1.02, 1.02],
						"6.4583": [1.02, 1.02, 1.02]
					}
				},
				"eyelid_back_right": {
					"scale": {
						"1.0": [1.02, 1.02, 1.02],
						"6.4583": [1.02, 1.02, 1.02]
					}
				},
				"eyelid_back_left": {
					"scale": {
						"1.0": [1.02, 1.02, 1.02],
						"6.4583": [1.02, 1.02, 1.02]
					}
				},
				"eyelid_front_left": {
					"scale": {
						"1.0": [1.02, 1.02, 1.02],
						"6.4583": [1.02, 1.02, 1.02]
					}
				},
				"angler_right": {
					"rotation": {
						"0.0": {
							"post": [0, 0, 0],
							"lerp_mode": "catmullrom"
						},
						"0.25": {
							"post": [-25, 0, 0],
							"lerp_mode": "catmullrom"
						},
						"0.75": {
							"post": [20.7726, -2.1689, -12.6146],
							"lerp_mode": "catmullrom"
						},
						"1.0": {
							"post": [25.7726, -2.1689, -12.6146],
							"lerp_mode": "catmullrom"
						},
						"1.375": {
							"post": [20.7726, -2.1689, -12.6146],
							"lerp_mode": "catmullrom"
						},
						"1.9583": {
							"post": [25.7726, -2.1689, -12.6146],
							"lerp_mode": "catmullrom"
						},
						"2.8333": {
							"post": [20.7726, -2.1689, -12.6146],
							"lerp_mode": "catmullrom"
						},
						"4.3333": {
							"post": [25.7726, -2.1689, -12.6146],
							"lerp_mode": "catmullrom"
						}
					},
					"position": {
						"0.0": {
							"post": [0, 0, 0],
							"lerp_mode": "catmullrom"
						},
						"0.75": {
							"post": [-2, -2, -3],
							"lerp_mode": "catmullrom"
						}
					}
				},
				"angler_left": {
					"rotation": {
						"0.0": {
							"post": [0, 0, 0],
							"lerp_mode": "catmullrom"
						},
						"0.25": {
							"post": [-25, 0, 0],
							"lerp_mode": "catmullrom"
						},
						"0.75": {
							"post": [20.77259, 2.16894, 12.61456],
							"lerp_mode": "catmullrom"
						},
						"1.0": {
							"post": [25.77259, 2.16894, 12.61456],
							"lerp_mode": "catmullrom"
						},
						"1.375": {
							"post": [20.77259, 2.16894, 12.61456],
							"lerp_mode": "catmullrom"
						},
						"1.9583": {
							"post": [25.77259, 2.16894, 12.61456],
							"lerp_mode": "catmullrom"
						},
						"2.8333": {
							"post": [20.77259, 2.16894, 12.61456],
							"lerp_mode": "catmullrom"
						},
						"4.3333": {
							"post": [25.7726, 2.1689, 12.6146],
							"lerp_mode": "catmullrom"
						}
					},
					"position": {
						"0.0": {
							"post": [0, 0, 0],
							"lerp_mode": "catmullrom"
						},
						"0.75": {
							"post": [2, -2, -3],
							"lerp_mode": "catmullrom"
						}
					}
				},
				"body": {
					"rotation": {
						"0.0": {
							"post": [0, 0, 0],
							"lerp_mode": "catmullrom"
						},
						"0.25": {
							"post": [-10, 0, 0],
							"lerp_mode": "catmullrom"
						},
						"0.75": {
							"post": [0, 0, 0],
							"lerp_mode": "catmullrom"
						},
						"1.0": {
							"post": [0, 0, 0],
							"lerp_mode": "catmullrom"
						}
					},
					"position": {
						"0.0": {
							"post": [0, 0, 0],
							"lerp_mode": "catmullrom"
						},
						"0.25": {
							"post": [0, 1, 0],
							"lerp_mode": "catmullrom"
						},
						"0.75": {
							"post": [0, 0, 0],
							"lerp_mode": "catmullrom"
						},
						"1.0": {
							"post": [0, 0, 0],
							"lerp_mode": "catmullrom"
						}
					}
				}
			}
		}
	}
}