{
	"format_version": "1.12.0",
	"minecraft:geometry": [
		{
			"description": {
				"identifier": "geometry.victaxen",
				"texture_width": 64,
				"texture_height": 64,
				"visible_bounds_width": 5,
				"visible_bounds_height": 3.5,
				"visible_bounds_offset": [0, 1.25, 0]
			},
			"bones": [
				{
					"name": "victaxen",
					"pivot": [0, 0, 0]
				},
				{
					"name": "body",
					"parent": "victaxen",
					"pivot": [0, 11.15, 0]
				},
				{
					"name": "bone",
					"parent": "body",
					"pivot": [0, 11.15, -7],
					"cubes": [
						{"origin": [-3.5, 8.15, -7], "size": [7, 6, 14], "uv": [0, 0]}
					]
				},
				{
					"name": "head",
					"parent": "bone",
					"pivot": [0, 13.65, -5],
					"cubes": [
						{"origin": [-3.5, 12.15, -12], "size": [7, 7, 7], "inflate": 0.01, "uv": [0, 21]},
						{"origin": [-3, 12.15, -13], "size": [6, 2, 1], "uv": [45, 2]}
					]
				},
				{
					"name": "ear",
					"parent": "head",
					"pivot": [3.1, 18.4, -10.5],
					"rotation": [-20, -15, 40],
					"cubes": [
						{"origin": [0.09118, 17.06963, -10.40767], "size": [7, 15, 0], "uv": [41, 23], "mirror": true}
					]
				},
				{
					"name": "ear2",
					"parent": "head",
					"pivot": [-3.1, 18.4, -10.5],
					"rotation": [-20, 15, -40],
					"cubes": [
						{"origin": [-7.09118, 17.06963, -10.40767], "size": [7, 15, 0], "uv": [41, 23]}
					]
				},
				{
					"name": "tail",
					"parent": "bone",
					"pivot": [0, 14, 6.5],
					"cubes": [
						{"origin": [0, 8.5, 6], "size": [0, 12, 19], "uv": [20, 27]}
					]
				},
				{
					"name": "leg",
					"parent": "body",
					"pivot": [-2.51, 11.9, -4.5],
					"cubes": [
						{"origin": [-4.01, 5.9, -6], "size": [3, 6, 3], "uv": [0, 0], "mirror": true}
					]
				},
				{
					"name": "bone2",
					"parent": "leg",
					"pivot": [-2.5, 5.9, -3],
					"cubes": [
						{"origin": [-4, -0.1, -6], "size": [3, 6, 3], "uv": [32, 3], "mirror": true}
					]
				},
				{
					"name": "leg2",
					"parent": "body",
					"pivot": [2.51, 11.9, -4.5],
					"cubes": [
						{"origin": [1.01, 5.9, -6], "size": [3, 6, 3], "uv": [0, 0]}
					]
				},
				{
					"name": "bone3",
					"parent": "leg2",
					"pivot": [2.5, 5.9, -3],
					"cubes": [
						{"origin": [1, -0.1, -6], "size": [3, 6, 3], "uv": [32, 3]}
					]
				},
				{
					"name": "leg3",
					"parent": "body",
					"pivot": [-2.51, 11.9, 4.75],
					"cubes": [
						{"origin": [-4.01, 5.9, 2.75], "size": [3, 6, 4], "uv": [0, 37], "mirror": true}
					]
				},
				{
					"name": "bone4",
					"parent": "leg3",
					"pivot": [-2.5, 5.9, 6.25],
					"cubes": [
						{"origin": [-4, 0.15, 3.25], "size": [3, 6, 3], "uv": [0, 51], "mirror": true}
					]
				},
				{
					"name": "leg4",
					"parent": "body",
					"pivot": [2.51, 11.9, 4.75],
					"cubes": [
						{"origin": [1.01, 5.9, 2.75], "size": [3, 6, 4], "uv": [0, 37]}
					]
				},
				{
					"name": "bone5",
					"parent": "leg4",
					"pivot": [2.5, 5.9, 6.25],
					"cubes": [
						{"origin": [1, 0.15, 3.25], "size": [3, 6, 3], "uv": [0, 51]}
					]
				}
			]
		}
	]
}