{
    "implemented": true,
    "nationalPokedexNumber": 2002,
    "name": "ramiel",
    "labels": [ 
      "custom",
      "ultra_beast",
      "starter"
    ],
    "pokedex": [
      "cobblemon.species.ramiel.desc1",
      "cobblemon.species.ramiel.desc2"
    ],
    "height": 5,
    "weight": 3000,
    "primaryType": "fairy",
    "secondaryType": "normal",
    "baseStats": {
      "hp": 100,
      "attack": 80,
      "defence": 100,
      "special_attack": 120,
      "special_defence": 120,
      "speed": 80
    },
    "catchRate": 10,
    "maleRatio": -1,
    "baseExperienceYield": 270,
    "experienceGroup": "fluctuating",
    "eggCycles": 25,
    "eggGroups": [
      "undiscovered"
    ],
    "baseFriendship": 35,
    "evYield": {
      "hp": 2,
      "special_attack": 1
    },
    "moves": [
        "1:conversion",
        "1:endeavor",
        "1:protect",
        "1:recover",
        "5:tackle",
        "10:geomancy",
        "15:dazzlinggleam",
        "20:drainingkiss",
        "25:moonlight",
        "30:swift",
        "35:takedown",
        "40:protect",
        "45:recycle",
        "50:triattack",
        "55:playrough",
        "60:zapcannon"
      ],
      "abilities": [
        "berserk",
        "h:compoundeyes"
      ],
      
      "baseScale": 1.1,
      "hitbox": {
        "width": 0.5,
        "height": 0.4,
        "fixed": false
      },
      "drops": {
      "amount": "2",
        "entries": [
          {
            "item": "minecraft:redstone",
            "quantityRange": "1-2",
            "percentage": 66
          }
        ]
      },
      "shoulderMountable": true,
      "behaviour": {
        "moving": {
          "canLook": false,
          "fly": {
            "canFly": true
          },          
          "swim": {
            "swimSpeed": 0.2,
            "canSwimInWater": true,
            "canBreatheUnderwater": true
          }
        }
      }
    }