{
"implemented": true,
"nationalPokedexNumber": 2004,
"name": "sahaquiel",
"labels": [ 
  "custom",
  "ultra_beast",
  "starter"
],
"pokedex": [
  "cobblemon.species.sahaquiel.desc1",
  "cobblemon.species.sahaquiel.desc2"
],
"height": 5,
"weight": 3000,
"primaryType": "fairy",
"secondaryType": "psychic",
"baseStats": {
  "hp": 79,
  "attack": 120,
  "defence": 60,
  "special_attack": 120,
  "special_defence": 80,
  "speed": 68
},
"catchRate": 10,
"maleRatio": -1,
"baseExperienceYield": 270,
"experienceGroup": "fluctuating",
"eggCycles": 25,
"eggGroups": [
  "undiscovered"
],
"baseFriendship": 35,
"evYield": {
  "hp": 2,
  "special_attack": 1
},
"moves": [
    "1:confusion",
    "1:endeavor",
    "1:protect",
    "1:recover",
    "5:psybeam",
    "10:charm",
    "15:dazzlinggleam",
    "20:drainingkiss",
    "25:moonlight",
    "30:lightscreen",
    "35:allyswitch",
    "40:painsplit",
    "45:psychic",
    "50:skillswap",
    "55:futuresight",
    "60:wonderroom"
  ],
  "abilities": [
    "airlock",
    "h:battlearmor"
  ],
  
  "baseScale": 1.1,
  "hitbox": {
    "width": 0.5,
    "height": 0.3,
    "fixed": false
  },
  "drops": {
  "amount": "2",
    "entries": [
      {
        "item": "minecraft:nether_star",
        "quantityRange": "1-2",
        "percentage": 100
      }
    ]
  },
  "behaviour": {
    "moving": {
      "canLook": false,
      "fly": {
        "canFly": true
      },          
      "swim": {
        "swimSpeed": 0.2,
        "canSwimInWater": true,
        "canBreatheUnderwater": true
      }
    }
  }
}