{
	"format_version": "1.8.0",
	"animations": {
		"animation.chialeef.ground_idle": {
			"loop": true,
			"animation_length": 1,
			"bones": {
				"tailp1": {
					"rotation": {
						"0.0": [0, 10, 0],
						"0.25": [0, -2.5, 0],
						"0.5": [0, -10, 0],
						"0.75": [0, 2.5, 0],
						"1.0": [0, 10, 0]
					}
				},
				"tailp2": {
					"rotation": {
						"0.0": [0, 15, 0],
						"0.25": [0, 15, 0],
						"0.5": [0, -15, 0],
						"0.75": [0, -15, 0],
						"1.0": [0, 15, 0]
					}
				},
				"tailp3": {
					"rotation": {
						"0.0": [0, 17.5, 0],
						"0.25": [0, 17.5, 0],
						"0.5": [0, -17.5, 0],
						"0.75": [0, -17.5, 0],
						"1.0": [0, 17.5, 0]
					}
				},
				"neckp1": {
					"rotation": {
						"0.0": [-2.5, 0, 0],
						"0.5": [2.5, 0, 0],
						"1.0": [-2.5, 0, 0]
					}
				},
				"neckp2": {
					"rotation": {
						"0.0": [5, 0, 0],
						"0.5": [-5, 0, 0],
						"1.0": [5, 0, 0]
					}
				},
				"head": {
					"rotation": {
						"0.0": [0, 0, 0],
						"0.5": [0, 0, 0],
						"1.0": [0, 0, 0]
					}
				},
				"rightear": {
					"rotation": {
						"0.0": [-12.5, 0, 0],
						"0.5": [10, 0, 0],
						"1.0": [-12.5, 0, 0]
					}
				},
				"leftear": {
					"rotation": {
						"0.0": [-12.5, 0, 0],
						"0.5": [10, 0, 0],
						"1.0": [-12.5, 0, 0]
					}
				},
				"rightfrontleg": {
					"rotation": [-5, 0, 0]
				},
				"rightfrontlegp2": {
					"rotation": [-17.5, 0, 0]
				},
				"rightfrontlegp3": {
					"rotation": [12.5, 0, 0]
				},
				"rightfronthoof": {
					"rotation": [10, 0, 0]
				},
				"rightbackleg": {
					"rotation": [17.5, 0, 0]
				},
				"rightbacklegp2": {
					"rotation": [-15.02206, -0.24797, 0.21453]
				},
				"rightbacklegp3": {
					"rotation": [-2.5, 0, 0]
				}
			}
		},
		"animation.chialeef.ground_walk": {
			"loop": true,
			"animation_length": 1,
			"bones": {
				"body": {
					"rotation": {
						"0.0": [0, 0, 7.5],
						"0.25": [0, 0, 2.5],
						"0.5": [0, 0, -7.5],
						"0.75": [0, 0, -2.5],
						"1.0": [0, 0, 7.5]
					}
				},
				"tailp1": {
					"rotation": {
						"0.0": [0, -5, 0],
						"0.25": [0, 15, 0],
						"0.5": [0, 5, 0],
						"0.75": [0, -15, 0],
						"1.0": [0, -5, 0]
					}
				},
				"tailp2": {
					"rotation": {
						"0.0": [0, -15, 0],
						"0.25": [0, -15, 0],
						"0.5": [0, 15, 0],
						"0.75": [0, 15, 0],
						"1.0": [0, -15, 0]
					}
				},
				"tailp3": {
					"rotation": {
						"0.0": [0, -17.5, 0],
						"0.25": [0, -17.5, 0],
						"0.5": [0, 17.5, 0],
						"0.75": [0, 17.5, 0],
						"1.0": [0, -17.5, 0]
					}
				},
				"neckp1": {
					"rotation": {
						"0.0": [15, 0, -10],
						"0.5": [15, 0, 10],
						"1.0": [15, 0, -10]
					}
				},
				"neckp2": {
					"rotation": [-7.5, 0, 0]
				},
				"head": {
					"rotation": [-7.5, 0, 0]
				},
				"rightear": {
					"rotation": [11.96091, 15.58501, -17.53116]
				},
				"leftear": {
					"rotation": [11.96091, -15.58501, 17.53116]
				},
				"rightfrontleg": {
					"rotation": {
						"0.0": [-29.9055, -2.49762, -4.33287],
						"0.25": [-1.1555, -1.24881, -2.16644],
						"0.5": [30.08464, -0.22605, 4.9949],
						"0.75": [-9.91, 0, 0],
						"1.0": [-29.9055, -2.49762, -4.33287]
					},
					"position": {
						"0.0": [0, -2, 0],
						"0.5": [0, 0, 0],
						"1.0": [0, -2, 0]
					}
				},
				"rightfrontlegp2": {
					"rotation": {
						"0.0": [-30, 0, 0],
						"0.25": [-3.75, 0, 0],
						"0.375": [-5.62, 0, 0],
						"0.5": [47.5, 0, 0],
						"1.0": [-30, 0, 0]
					}
				},
				"rightfrontlegp3": {
					"rotation": {
						"0.0": [42.5, 0, 0],
						"0.25": [-8.75, 0, 0],
						"0.375": [30.63, 0, 0],
						"0.5": [-70, 0, 0],
						"0.75": [-70, 0, 0],
						"1.0": [42.5, 0, 0]
					}
				},
				"rightfronthoof": {
					"rotation": {
						"0.0": [12.5, 0, 0],
						"0.25": [12.5, 0, 0],
						"0.375": [-38.75, 0, 0],
						"0.5": [45, 0, 0],
						"0.75": [45, 0, 0],
						"1.0": [12.5, 0, 0]
					}
				},
				"leftfrontleg": {
					"rotation": {
						"0.0": [30.08464, 0.22605, -4.9949],
						"0.25": [-9.91, 0, 0],
						"0.5": [-29.9055, 2.49762, 4.33287],
						"0.75": [-1.1555, 1.24881, 2.16644],
						"1.0": [30.08464, 0.22605, -4.9949]
					},
					"position": {
						"0.0": [0, 0, 0],
						"0.5": [0, -2, 0],
						"1.0": [0, 0, 0]
					}
				},
				"leftfrontlegp2": {
					"rotation": {
						"0.0": [47.5, 0, 0],
						"0.5": [-30, 0, 0],
						"0.75": [-3.75, 0, 0],
						"0.875": [-5.62, 0, 0],
						"1.0": [47.5, 0, 0]
					}
				},
				"leftfrontlegp3": {
					"rotation": {
						"0.0": [-70, 0, 0],
						"0.25": [-70, 0, 0],
						"0.5": [42.5, 0, 0],
						"0.75": [-8.75, 0, 0],
						"0.875": [30.63, 0, 0],
						"1.0": [-70, 0, 0]
					}
				},
				"leftfronthoof": {
					"rotation": {
						"0.0": [45, 0, 0],
						"0.25": [45, 0, 0],
						"0.5": [12.5, 0, 0],
						"0.75": [12.5, 0, 0],
						"0.875": [-38.75, 0, 0],
						"1.0": [45, 0, 0]
					}
				},
				"rightbackleg": {
					"rotation": {
						"0.0": [34.97437, 1.43364, -2.04831],
						"0.25": [-22.5, 0, 0],
						"0.5": [-27.32648, 2.86313, 6.93488],
						"0.75": [-5.05698, 2.43214, 1.94815],
						"1.0": [34.97437, 1.43364, -2.04831]
					}
				},
				"rightbacklegp2": {
					"rotation": {
						"0.0": [-27.5, 0, 0],
						"0.25": [47.5, 0, 0],
						"0.5": [-22.5, 0, 0],
						"0.75": [5, 0, 0],
						"1.0": [-27.5, 0, 0]
					}
				},
				"rightbacklegp3": {
					"rotation": {
						"0.0": [15, 0, 0],
						"0.25": [-37.5, 0, 0],
						"0.5": [17.5, 0, 0],
						"0.75": [2.5, 0, 0],
						"1.0": [15, 0, 0]
					}
				},
				"leftbackleg": {
					"rotation": {
						"0.0": [-27.32648, -2.86313, -6.93488],
						"0.25": [-5.05698, -2.43214, -1.94815],
						"0.5": [34.97437, -1.43364, 2.04831],
						"0.75": [-22.5, 0, 0],
						"1.0": [-27.32648, -2.86313, -6.93488]
					}
				},
				"leftbacklegp2": {
					"rotation": {
						"0.0": [-22.5, 0, 0],
						"0.25": [5, 0, 0],
						"0.5": [-27.5, 0, 0],
						"0.75": [47.5, 0, 0],
						"1.0": [-22.5, 0, 0]
					}
				},
				"leftbacklegp3": {
					"rotation": {
						"0.0": [17.5, 0, 0],
						"0.25": [2.5, 0, 0],
						"0.5": [15, 0, 0],
						"0.75": [-37.5, 0, 0],
						"1.0": [17.5, 0, 0]
					}
				}
			}
		},
		"animation.chialeef.sleep": {
			"loop": true,
			"animation_length": 1,
			"bones": {
				"body": {
					"position": {
						"0.0": [0, -9, 0],
						"0.5": [0, -9.75, 0],
						"1.0": [0, -9, 0]
					}
				},
				"tailp1": {
					"rotation": [-28.81893, -13.80192, 10.86531]
				},
				"tailp2": {
					"rotation": [-26.46719, -51.26912, 34.40825]
				},
				"tailp3": {
					"rotation": [-39.35374, 6.32674, 36.68305]
				},
				"neckp1": {
					"rotation": {
						"0.0": [25, 0, 0],
						"0.5": [22.5, 0, 0],
						"1.0": [25, 0, 0]
					}
				},
				"neckp2": {
					"rotation": [35, 0, 0]
				},
				"head": {
					"rotation": [45, 0, 0]
				},
				"actuallythehead": {
					"rotation": [-15, 0, 0]
				},
				"bone": {
					"position": [0, -1, 0],
					"scale": [1, 0.2, 1]
				},
				"bone2": {
					"position": [0, -1, 0],
					"scale": [1, 0.2, 1]
				},
				"rightfrontleg": {
					"rotation": [-14.52013, -3.81724, -14.63051]
				},
				"rightfrontlegp2": {
					"rotation": [17.5, 0, 0]
				},
				"rightfrontlegp3": {
					"rotation": [-67.5, 0, 0]
				},
				"rightfronthoof": {
					"rotation": [37.5, 0, 0]
				},
				"leftfrontleg": {
					"rotation": [-14.52013, 3.81724, 14.63051]
				},
				"leftfrontlegp2": {
					"rotation": [17.5, 0, 0]
				},
				"leftfrontlegp3": {
					"rotation": [-67.5, 0, 0]
				},
				"leftfronthoof": {
					"rotation": [37.5, 0, 0]
				},
				"rightbackleg": {
					"rotation": [-24.75769, 14.43432, 12.47825],
					"position": [0, 2, 0]
				},
				"rightbacklegp2": {
					"rotation": [5, 0, 0]
				},
				"rightbacklegp3": {
					"rotation": [-42.5, 0, 0]
				},
				"leftbackleg": {
					"rotation": [-24.75769, -14.43432, -12.47825],
					"position": [0, 2, 0]
				},
				"leftbacklegp2": {
					"rotation": [5, 0, 0]
				},
				"leftbacklegp3": {
					"rotation": [-42.5, 0, 0]
				},
				"lefttailleavesp2": {
					"rotation": [0, 0, 27.5]
				},
				"righttailleavesp3": {
					"rotation": [0, 0, -35]
				}
			}
		},
		"animation.chialeef.faint": {
			"animation_length": 1.25,
			"bones": {
				"body": {
					"rotation": {
						"0.0": [0, 0, 0],
						"0.25": [0, 0, 5],
						"0.5": [0, 0, -5],
						"0.75": [0, 0, -62.5],
						"0.875": [0, 0, -90]
					},
					"position": {
						"0.0": [0, 0, 0],
						"0.25": [2, 0, 0],
						"0.5": [-2, 0, 0],
						"0.75": [-23, -8, 0],
						"0.875": [-33, -17, 0]
					}
				},
				"tailp1": {
					"rotation": {
						"0.0": [0, 0, 0],
						"0.25": [0, -5, 0],
						"0.5": [0, 17.5, 0],
						"0.75": [-15.55733, 30.19484, 16.96264],
						"1.0": [-10.20917, 2.65791, 35.18981]
					}
				},
				"righttailleavesp1": {
					"rotation": {
						"0.875": [0, 0, 0],
						"1.0": [0, 0, -75]
					}
				},
				"tailp2": {
					"rotation": {
						"0.0": [0, 0, 0],
						"0.25": [0, -15, 0],
						"0.5": [0, -15, 0],
						"0.625": [0, 30, 0],
						"1.0": [0, -2.5, 0]
					}
				},
				"tailp3": {
					"rotation": {
						"0.0": [0, 0, 0],
						"0.25": [0, -20, 0],
						"0.625": [0, -20, 0],
						"0.75": [0, 27.5, 0],
						"1.0": [0, -10, 0]
					}
				},
				"neckp1": {
					"rotation": {
						"0.0": [0, 0, 0],
						"0.25": [0, 0, -5],
						"0.375": [0, 0, 7.5],
						"0.9167": [0, 0, 7.5],
						"1.0": [0, 0, -25],
						"1.0417": [0, 0, -20],
						"1.0833": [0, 0, -25]
					}
				},
				"neckp2": {
					"rotation": {
						"0.0": [0, 0, 0],
						"0.25": [0, 0, -7.5],
						"0.375": [0, 0, 7.5],
						"0.625": [0, 0, 25],
						"0.9167": [0, 0, 25]
					}
				},
				"head": {
					"rotation": {
						"0.0": [0, 0, 0],
						"0.25": [0, 0, -5],
						"0.375": [0, 0, 17.5],
						"0.625": [0, 0, 22.5],
						"0.9167": [0, 0, 22.5],
						"1.0833": [0, 0, 0]
					}
				},
				"actuallythehead": {
					"rotation": {
						"0.5": [0, 0, 0],
						"0.625": [0, 0, 17.5],
						"0.9167": [0, 0, 17.5],
						"1.1667": [0, 0, 2.5]
					}
				},
				"bone": {
					"position": {
						"0.9583": [0, 0, 0],
						"1.0": [0, -1, 0]
					},
					"scale": {
						"0.9583": [1, 1, 1],
						"1.0": [1, 0.2, 1]
					}
				},
				"bone2": {
					"position": {
						"0.9583": [0, 0, 0],
						"1.0": [0, -1, 0]
					},
					"scale": {
						"0.9583": [1, 1, 1],
						"1.0": [1, 0.2, 1]
					}
				},
				"rightear": {
					"rotation": {
						"0.75": [0, 0, 0],
						"0.9167": [-45, 0, 0]
					}
				},
				"rightfrontleg": {
					"rotation": {
						"0.0": [0, 0, 0],
						"0.25": [0, 0, -5]
					}
				},
				"rightfrontlegp2": {
					"rotation": {
						"0.875": [0, 0, 0],
						"1.0": [-1.39429, 14.49411, -7.28611],
						"1.0833": [0, 0, 0]
					}
				},
				"rightfrontlegp3": {
					"rotation": {
						"0.5": [0, 0, 0],
						"0.625": [-21.25, 0, 0],
						"0.75": [22.5, 0, 0]
					}
				},
				"leftfrontleg": {
					"rotation": {
						"0.25": [0, 0, 0],
						"0.5": [-10.33665, -0.39824, -1.19562],
						"0.75": [-17.83665, -0.39824, -1.19562],
						"1.0": [31.05656, 8.82653, -16.12382]
					}
				},
				"leftfrontlegp2": {
					"rotation": {
						"0.25": [0, 0, 0],
						"0.5": [30, 0, 0]
					}
				},
				"leftfrontlegp3": {
					"rotation": {
						"0.25": [0, 0, 0],
						"0.5": [-62.5, 0, 0],
						"1.0": [-67.26601, 19.94538, -19.94517]
					}
				},
				"leftfronthoof": {
					"rotation": {
						"0.25": [0, 0, 0],
						"0.5": [50, 0, 0],
						"1.0": [45.56393, -17.94973, 27.55814]
					}
				},
				"rightbackleg": {
					"rotation": {
						"0.0": [0, 0, 0],
						"0.25": [0, 0, -5],
						"0.875": [0, 0, -5],
						"1.0": [0, 0, -10],
						"1.0833": [0, 0, 0]
					}
				},
				"leftbackleg": {
					"rotation": [0, 0, 0]
				},
				"leftbacklegp2": {
					"rotation": {
						"0.875": [0, 0, 0],
						"1.0": [0, 0, 25]
					}
				},
				"righttailleavesp2": {
					"rotation": {
						"0.875": [0, 0, 0],
						"1.0": [0, 0, -75]
					}
				},
				"righttailleavesp3": {
					"rotation": {
						"0.875": [0, 0, 0],
						"1.0": [0, 0, -75]
					}
				}
			}
		},
		"animation.chialeef.blink": {
			"animation_length": 0.41667,
			"bones": {
				"bone": {
					"position": {
						"0.0": [0, 0, 0],
						"0.0417": [0, 0, 0],
						"0.0833": [0, 0, 0],
						"0.125": [0, 0, 0],
						"0.1667": [0, 0, 0],
						"0.25": [0, -1, 0],
						"0.375": [0, -1, 0],
						"0.4167": [0, 0, 0]
					},
					"scale": {
						"0.0": [1, 1, 1],
						"0.0417": [1, 1, 1],
						"0.0833": [1, 1, 1],
						"0.125": [1, 1, 1],
						"0.1667": [1, 1, 1],
						"0.25": [1, 0.2, 1],
						"0.375": [1, 0.2, 1],
						"0.4167": [1, 1, 1]
					}
				},
				"bone2": {
					"position": {
						"0.0": [0, 0, 0],
						"0.0417": [0, 0, 0],
						"0.0833": [0, 0, 0],
						"0.125": [0, 0, 0],
						"0.1667": [0, 0, 0],
						"0.25": [0, -1, 0],
						"0.375": [0, -1, 0],
						"0.4167": [0, 0, 0]
					},
					"scale": {
						"0.0": [1, 1, 1],
						"0.0417": [1, 1, 1],
						"0.0833": [1, 1, 1],
						"0.125": [1, 1, 1],
						"0.1667": [1, 1, 1],
						"0.25": [1, 0.2, 1],
						"0.375": [1, 0.2, 1],
						"0.4167": [1, 1, 1]
					}
				}
			}
		},
		"animation.chialeef.cry": {
			"animation_length": 0.375,
			"bones": {
				"neckp2": {
					"rotation": {
						"0.0": [0, 0, 0],
						"0.125": [-7.5, 0, 0],
						"0.375": [0, 0, 0]
					}
				},
				"head": {
					"rotation": {
						"0.125": [0, 0, 0],
						"0.25": [-17.5, 0, 0],
						"0.375": [0, 0, 0]
					}
				},
				"mouth": {
					"position": {
						"0.1667": [0, 0, 0],
						"0.25": [0, -20, 0],
						"0.3333": [0, 0, 0]
					},
					"scale": {
						"0.1667": [1, 1, 1],
						"0.25": [1, 2.4, 1],
						"0.3333": [1, 1, 1]
					}
				}
			}
		}
	}
}