{
	"format_version": "1.12.0",
	"minecraft:geometry": [
		{
			"description": {
				"identifier": "geometry.ironhelper",
				"texture_width": 64,
				"texture_height": 64,
				"visible_bounds_width": 2,
				"visible_bounds_height": 3.5,
				"visible_bounds_offset": [0, 1.25, 0]
			},
			"bones": [
				{
					"name": "ironhelper",
					"pivot": [0, 0, 0]
				},
				{
					"name": "body",
					"parent": "ironhelper",
					"pivot": [0, 0, 0]
				},
				{
					"name": "torso",
					"parent": "body",
					"pivot": [0, 11.5, -0.5],
					"cubes": [
						{"origin": [-2, 9, -2], "size": [4, 5, 3], "uv": [21, 20]},
						{"origin": [0.5, 9, 1], "size": [3, 5, 3], "uv": [24, 11]},
						{"origin": [-3.5, 9, 1], "size": [3, 5, 3], "uv": [0, 23]}
					]
				},
				{
					"name": "head",
					"parent": "torso",
					"pivot": [0, 14, -1],
					"cubes": [
						{"origin": [-3, 14, -4], "size": [6, 6, 6], "uv": [0, 11]}
					]
				},
				{
					"name": "antenna",
					"parent": "head",
					"pivot": [0, 20, 0.75],
					"cubes": [
						{"origin": [-0.5, 20, 0.25], "size": [1, 4, 1], "uv": [0, 8]},
						{"origin": [-1, 24, -0.25], "size": [2, 2, 2], "uv": [20, 28]}
					]
				},
				{
					"name": "arm1",
					"parent": "torso",
					"pivot": [-1.87578, 13.03667, -0.5],
					"cubes": [
						{"origin": [-8.3313, 5.81056, -1.5], "size": [2, 6, 2], "pivot": [0, 0, -3], "rotation": [0, 0, 20], "uv": [12, 23]}
					]
				},
				{
					"name": "arm2",
					"parent": "torso",
					"pivot": [2.12755, 13.35882, -0.5],
					"cubes": [
						{"origin": [6.44314, 6.11268, -1.5], "size": [2, 6, 2], "pivot": [0, 0, -3], "rotation": [0, 0, -20], "uv": [0, 0]}
					]
				},
				{
					"name": "ring",
					"parent": "body",
					"pivot": [0, 7, -0.5],
					"cubes": [
						{"origin": [-6, 7, -6], "size": [12, 0, 11], "uv": [0, 0]}
					]
				}
			]
		}
	]
}