{
    "enabled": true,
    "neededInstalledMods": [],
    "neededUninstalledMods": [],
    "spawns": [
        {
            "id": "dusknoirtesla-1",
            "pokemon": "dusknoirtesla",
            "presets": [
                "natural"
            ],
            "type": "pokemon",
            "context": "grounded",
            "bucket": "common",
            "level": "41-53",
            "weight": 0.01,
            "condition": {
                "minSkyLight": 8,
                "maxSkyLight": 15,
                "biomes": [
                    "#cobblemon:is_spooky"
                ],
                "timeRange": "night"
            }
        },
        {
            "id": "dusknoirtesla-3",
            "pokemon": "dusknoirtesla",
            "presets": [
                "natural"
            ],
            "type": "pokemon",
            "context": "grounded",
            "bucket": "common",
            "level": "41-53",
            "weight": 0.05,
            "condition": {
                "biomes": [
                    "#cobblemon:nether/is_soul_sand"
                ]
            }
        }
    ]
}