{
	"enabled": true,
	"neededInstalledMods": [],
	"neededUninstalledMods": [],
	"spawns": [
	{
     "id": "sneaselhc-1",
     "pokemon": "sneaselhc",
            "presets": [
                "natural",
                "wild"
            ],
            "type": "pokemon",
            "context": "grounded",
            "bucket": "uncommon",
            "level": "38-51",
            "weight": 0.8,
            "weightMultiplier": {
                "multiplier": 0.25,
                "condition": {
                    "timeRange": "day"
                }
            },
            "condition": {
                "minSkyLight": 8,
                "maxSkyLight": 15,
                "biomes": [
                    "#cobblemon:is_taiga"
                ]
            }
        }
    ]
}