{
	"format_version": "1.8.0",
	"animations": {
		"animation.shoggroll.ground_idle": {
			"loop": true,
			"animation_length": 4,
			"bones": {
				"torso": {
					"scale": {
						"0.0": [1, 1, 1],
						"2.0": [1.03, 1, 1.01],
						"4.0": [1, 1, 1]
					}
				},
				"tentacle": {
					"rotation": {
						"0.0": [5.7632, 24.3683, 13.74538],
						"2.0": [8.2632, 24.3683, 13.74538],
						"4.0": [5.7632, 24.3683, 13.74538]
					}
				},
				"midtacle": {
					"rotation": {
						"0.0": [0, 52.5, 0],
						"2.0": [10, 52.5, 0],
						"4.0": [0, 52.5, 0]
					}
				},
				"lowtacle": {
					"rotation": {
						"0.0": [24.89867, 62.22995, 27.68035],
						"1.75": [5.34402, 64.88331, 5.89834],
						"4.0": [24.89867, 62.22995, 27.68035]
					}
				},
				"neck": {
					"rotation": {
						"0.0": [37.5, 0, 0],
						"4.0": [37.5, 0, 0]
					}
				},
				"head": {
					"rotation": {
						"0.0": [-35, 0, 0],
						"2.0": [-32.5, 0, 0],
						"4.0": [-35, 0, 0]
					}
				},
				"bwain": {
					"rotation": {
						"0.0": [5, 0, 0],
						"1.0": [7.5, 0, 0],
						"2.0": [5, 0, 0],
						"3.0": [7.5, 0, 0],
						"4.0": [5, 0, 0]
					},
					"scale": {
						"0.0": [1, 1, 1],
						"1.0": [1.025, 1.025, 1],
						"2.0": [1, 1, 1],
						"3.0": [1.025, 1.025, 1],
						"4.0": [1, 1, 1]
					}
				}
			}
		},
		"animation.shoggroll.ground_walk": {
			"loop": true,
			"animation_length": 1,
			"bones": {
				"torso": {
					"scale": {
						"0.0": [1, 1, 1],
						"0.5": [1, 1, 1.05],
						"1.0": [1, 1, 1]
					}
				},
				"tentacle": {
					"rotation": [-124.26563, -72.03614, 122.94581]
				},
				"midtacle": {
					"rotation": {
						"0.0": [0, 0, -7.5],
						"0.5": [0, 0, -5],
						"1.0": [0, 0, -7.5]
					}
				},
				"lowtacle": {
					"rotation": {
						"0.0": [0, 0, 2.5],
						"0.5": [0, 0, -5],
						"1.0": [0, 0, 2.5]
					}
				},
				"neck": {
					"rotation": {
						"0.0": [40, 0, 0],
						"0.5": [45, 0, 0],
						"1.0": [40, 0, 0]
					}
				},
				"head": {
					"rotation": {
						"0.0": [-30, 0, 0],
						"0.5": [-35, 0, 0],
						"1.0": [-30, 0, 0]
					}
				},
				"bwain": {
					"rotation": {
						"0.0": [-25, 0, 0],
						"0.5": [-27.5, 0, 0],
						"1.0": [-25, 0, 0]
					}
				}
			}
		},
		"animation.shoggroll.faint": {
			"loop": true,
			"bones": {
				"tentacle": {
					"rotation": [0, 0, 30]
				},
				"midtacle": {
					"rotation": [0, 0, -30]
				},
				"lowtacle": {
					"rotation": [0, 0, 7.5]
				}
			}
		},
		"animation.shoggroll.sleep": {
			"animation_length": 4,
			"bones": {
				"tentacle": {
					"rotation": {
						"0.0": [0, 92.5, 0],
						"2.0": [0, 95, 0],
						"4.0": [0, 92.5, 0]
					}
				},
				"midtacle": {
					"rotation": [-155.10133, 62.22995, -152.31965]
				},
				"lowtacle": {
					"rotation": [-36.5051, 61.27188, -39.09098]
				},
				"neck": {
					"rotation": [27.5, 0, 0]
				},
				"head": {
					"rotation": {
						"0.0": [0, 0, 0],
						"2.0": [2.5, 0, 0],
						"4.0": [0, 0, 0]
					}
				},
				"bwain": {
					"rotation": {
						"0.0": [-42.5, 0, 0],
						"2.0": [-45, 0, 0],
						"4.0": [-42.5, 0, 0]
					}
				},
				"eyes": {
					"scale": 0
				}
			}
		}
	}
}