{
	"format_version": "1.12.0",
	"minecraft:geometry": [
		{
			"description": {
				"identifier": "geometry.eggward",
				"texture_width": 64,
				"texture_height": 64,
				"visible_bounds_width": 4,
				"visible_bounds_height": 4.5,
				"visible_bounds_offset": [0, 1.75, 0]
			},
			"bones": [
				{
					"name": "eggward",
					"pivot": [0, 0, 0]
				},
				{
					"name": "body",
					"parent": "eggward",
					"pivot": [0, 0, 0]
				},
				{
					"name": "torso",
					"parent": "body",
					"pivot": [0, 1.75, -1],
					"cubes": [
						{"origin": [-3, 2, -4], "size": [6, 12, 6], "uv": [0, 22]},
						{"origin": [-1, 10, -6], "size": [2, 1, 2], "inflate": 0.01, "uv": [24, 36]},
						{"origin": [-4, 13, -5], "size": [8, 3, 8], "uv": [0, 11]},
						{"origin": [1, 12, 2], "size": [3, 1, 1], "uv": [32, 20]},
						{"origin": [1, 12, 1], "size": [3, 1, 1], "uv": [0, 17]},
						{"origin": [2, 11, 2], "size": [1, 1, 1], "uv": [41, 9]},
						{"origin": [-2, 11, 2], "size": [2, 2, 1], "uv": [38, 32]},
						{"origin": [-4, 12, 1], "size": [2, 1, 2], "uv": [0, 14]},
						{"origin": [-4, 11, 1], "size": [1, 1, 1], "uv": [38, 40]},
						{"origin": [1, 12, -5], "size": [2, 1, 1], "uv": [38, 38]},
						{"origin": [3, 12, -4], "size": [1, 1, 1], "uv": [34, 40]},
						{"origin": [0, 12, -5], "size": [1, 1, 1], "uv": [41, 28]},
						{"origin": [1, 11, -5], "size": [1, 1, 1], "uv": [40, 20]},
						{"origin": [-3, 12, -5], "size": [1, 1, 1], "uv": [30, 40]},
						{"origin": [-4, 12, -4], "size": [1, 1, 1], "uv": [23, 41]},
						{"origin": [-4, 11, -4], "size": [1, 1, 1], "uv": [27, 41]},
						{"origin": [-4, -8.75, -3], "size": [8, 3, 8], "pivot": [0, -2, 0], "rotation": [-180, 0, 0], "uv": [0, 0]},
						{"origin": [1, -9.75, 4], "size": [3, 1, 1], "pivot": [0, -2, 0], "rotation": [-180, 0, 0], "uv": [0, 6]},
						{"origin": [0, -9.75, 4], "size": [1, 1, 1], "pivot": [-1, -2, 0], "rotation": [-180, 0, 0], "uv": [8, 43]},
						{"origin": [2, -10.75, 3], "size": [2, 2, 1], "pivot": [0, -2, 0], "rotation": [-180, 0, 0], "uv": [38, 22]},
						{"origin": [1, -10.75, 0], "size": [3, 2, 2], "pivot": [0, -2, 0], "rotation": [-180, 0, 0], "uv": [32, 6]},
						{"origin": [2, -10.75, 4], "size": [1, 1, 1], "pivot": [0, -2, 0], "rotation": [-180, 0, 0], "uv": [40, 2]},
						{"origin": [-2, -10.75, 4], "size": [2, 2, 1], "pivot": [0, -2, 0], "rotation": [-180, 0, 0], "uv": [38, 25]},
						{"origin": [-4, -9.75, 2], "size": [2, 1, 3], "pivot": [0, -2, 0], "rotation": [-180, 0, 0], "uv": [34, 28]},
						{"origin": [-4, -9.75, -0.5], "size": [2, 1, 2], "pivot": [0, -2, 0], "rotation": [-180, 0, 0], "uv": [0, 11]},
						{"origin": [-4, -10.75, 0.5], "size": [2, 1, 1], "pivot": [0, -2, 0], "rotation": [-180, 0, 0], "uv": [0, 26]},
						{"origin": [-4, -10.75, 3], "size": [1, 1, 1], "pivot": [0, -2, 0], "rotation": [-180, 0, 0], "uv": [4, 40]},
						{"origin": [2, -9.75, -3], "size": [1, 1, 1], "pivot": [0, -2, 0], "rotation": [-180, 0, 0], "uv": [42, 12]},
						{"origin": [-2, -9.75, -3], "size": [2, 1, 1], "pivot": [-3, -2, 0], "rotation": [-180, 0, 0], "uv": [15, 42]},
						{"origin": [3, -9.75, -2], "size": [1, 1, 1], "pivot": [0, -2, 0], "rotation": [-180, 0, 0], "uv": [40, 4]},
						{"origin": [3, -9.75, 2], "size": [1, 1, 1], "pivot": [0, -2, 0], "rotation": [-180, 0, 0], "uv": [40, 0]},
						{"origin": [0, -9.75, -3], "size": [1, 1, 1], "pivot": [0, -2, 0], "rotation": [-180, 0, 0], "uv": [40, 6]},
						{"origin": [-3, -9.75, -3], "size": [1, 1, 1], "pivot": [0, -2, 0], "rotation": [-180, 0, 0], "uv": [12, 40]},
						{"origin": [-4, -9.75, -2], "size": [1, 1, 1], "pivot": [0, -2, 0], "rotation": [-180, 0, 0], "uv": [16, 40]},
						{"origin": [-4, -10.75, -2], "size": [1, 1, 1], "pivot": [0, -2, 0], "rotation": [-180, 0, 0], "uv": [20, 40]},
						{"origin": [-1, 13, -4], "size": [1, 1, 0], "inflate": 0.01, "uv": [0, 0]}
					]
				},
				{
					"name": "yolk",
					"parent": "torso",
					"pivot": [-1, 13, -4.01],
					"cubes": [
						{"origin": [-2, 11, -4.01], "size": [2, 2, 0], "uv": [12, 44]}
					]
				},
				{
					"name": "jaw",
					"parent": "torso",
					"pivot": [0, 10.5, -4],
					"cubes": [
						{"origin": [-1, 9.5, -6], "size": [2, 1, 2], "uv": [24, 16]}
					]
				},
				{
					"name": "wing_right",
					"parent": "torso",
					"pivot": [-3, 7.75, 0.5],
					"rotation": [0, 0, -22.5],
					"cubes": [
						{"origin": [-9, 7.75, -3.5], "size": [6, 0, 5], "uv": [19, 11]}
					]
				},
				{
					"name": "wing_left",
					"parent": "torso",
					"pivot": [3, 7.75, 0.5],
					"rotation": [0, 0, 22.5],
					"cubes": [
						{"origin": [3, 7.75, -3.5], "size": [6, 0, 5], "uv": [19, 11], "mirror": true}
					]
				},
				{
					"name": "eye_left",
					"parent": "torso",
					"pivot": [0, -2, 0],
					"cubes": [
						{"origin": [1.5, 9, -3], "size": [3, 4, 4], "uv": [24, 28], "mirror": true},
						{"origin": [3.51, 10, -2], "size": [1, 2, 2], "uv": [0, 22]}
					]
				},
				{
					"name": "eyelid_left",
					"parent": "eye_left",
					"pivot": [3, 11, -1],
					"cubes": [
						{"origin": [1.5, 9, -3], "size": [3, 4, 4], "inflate": -0.02, "uv": [47, 0], "mirror": true}
					]
				},
				{
					"name": "eye_right",
					"parent": "torso",
					"pivot": [0, -2, 0],
					"cubes": [
						{"origin": [-4.51, 10, -2], "size": [1, 2, 2], "uv": [32, 36]},
						{"origin": [-4.5, 9, -3], "size": [3, 4, 4], "uv": [24, 28]}
					]
				},
				{
					"name": "eyelid_right",
					"parent": "eye_right",
					"pivot": [-3, 11, -1],
					"cubes": [
						{"origin": [-4.5, 9, -3], "size": [3, 4, 4], "inflate": -0.02, "uv": [47, 0]}
					]
				},
				{
					"name": "thingy",
					"parent": "torso",
					"pivot": [0, 16, -1],
					"cubes": [
						{"origin": [-0.5, 16, -1], "size": [1, 2, 0], "uv": [24, 27]}
					]
				},
				{
					"name": "thingy2",
					"parent": "thingy",
					"pivot": [0, 18, -1],
					"rotation": [-45, 0, 0],
					"cubes": [
						{"origin": [-0.5, 18, -1], "size": [1, 2, 0], "uv": [24, 29]}
					]
				},
				{
					"name": "thingy3",
					"parent": "thingy2",
					"pivot": [0, 20, -1],
					"rotation": [90, 0, 0],
					"cubes": [
						{"origin": [-1, 18, -1], "size": [2, 2, 1], "uv": [37, 35]}
					]
				},
				{
					"name": "tail",
					"parent": "torso",
					"pivot": [0, 5.75, 2],
					"cubes": [
						{"origin": [-2, 5.85, 2], "size": [4, 0, 7], "pivot": [0, 5.85, 2], "rotation": [37.5, 0, 0], "uv": [17, 0]},
						{"origin": [-2, 5.75, 2], "size": [4, 0, 6], "pivot": [0, 5.75, 2], "rotation": [44.71911, -35.39626, -29.83757], "uv": [26, 0], "mirror": true},
						{"origin": [-2, 5.76, 2], "size": [4, 0, 6], "pivot": [0, 5.75, 2], "rotation": [44.71911, 35.39626, 29.83757], "uv": [26, 0]}
					]
				},
				{
					"name": "leg_left",
					"parent": "body",
					"pivot": [2, 3, -0.75],
					"rotation": [5, 0, 0],
					"cubes": [
						{"origin": [1.5, 1.75, -1.25], "size": [1, 1, 1], "inflate": 0.01, "uv": [0, 40]}
					]
				},
				{
					"name": "leg_left2",
					"parent": "leg_left",
					"pivot": [2, 1.75, -0.25],
					"rotation": [-15, 0, 0],
					"cubes": [
						{"origin": [1.5, 0.75, -1.25], "size": [1, 1, 1], "uv": [27, 39]}
					]
				},
				{
					"name": "foot_left",
					"parent": "leg_left2",
					"pivot": [2, 0.75, -1.25],
					"rotation": [10, 0, 0],
					"cubes": [
						{"origin": [1, -0.25, -2], "size": [2, 1, 2], "inflate": 0.02, "uv": [0, 3]}
					]
				},
				{
					"name": "toe_back_left",
					"parent": "foot_left",
					"pivot": [2, 0.75, 0],
					"cubes": [
						{"origin": [2, -0.25, 0], "size": [0, 1, 1], "inflate": 0.01, "uv": [6, 13]}
					]
				},
				{
					"name": "claw_back_left",
					"parent": "toe_back_left",
					"pivot": [2, 0.75, 1],
					"cubes": [
						{"origin": [2, -0.25, 1], "size": [0, 1, 1], "uv": [0, 13]}
					]
				},
				{
					"name": "toe_inner_left",
					"parent": "foot_left",
					"pivot": [1.25, 0.75, -2],
					"cubes": [
						{"origin": [1.25, -0.25, -3], "size": [0, 1, 1], "inflate": 0.01, "uv": [6, 11]}
					]
				},
				{
					"name": "claw_inner_left",
					"parent": "toe_inner_left",
					"pivot": [1.25, 0.75, -3],
					"cubes": [
						{"origin": [1.25, -0.25, -4], "size": [0, 1, 1], "uv": [0, 11]}
					]
				},
				{
					"name": "toe_outer_left",
					"parent": "foot_left",
					"pivot": [2.75, 0.75, -2],
					"cubes": [
						{"origin": [2.75, -0.25, -3], "size": [0, 1, 1], "inflate": 0.01, "uv": [6, 10]}
					]
				},
				{
					"name": "claw_outer_left",
					"parent": "toe_outer_left",
					"pivot": [2.75, 0.75, -3],
					"cubes": [
						{"origin": [2.75, -0.25, -4], "size": [0, 1, 1], "uv": [0, 10]}
					]
				},
				{
					"name": "leg_right",
					"parent": "body",
					"pivot": [-2, 3, -0.75],
					"rotation": [5, 0, 0],
					"cubes": [
						{"origin": [-2.5, 1.75, -1.25], "size": [1, 1, 1], "inflate": 0.01, "uv": [23, 39]}
					]
				},
				{
					"name": "leg_right2",
					"parent": "leg_right",
					"pivot": [-2, 1.75285, -0.25],
					"rotation": [-15, 0, 0],
					"cubes": [
						{"origin": [-2.5, 0.75, -1.25], "size": [1, 1, 1], "uv": [30, 36]}
					]
				},
				{
					"name": "foot_right2",
					"parent": "leg_right2",
					"pivot": [-2, 0.75285, -1.25],
					"rotation": [10, 0, 0],
					"cubes": [
						{"origin": [-3, -0.25, -2], "size": [2, 1, 2], "inflate": 0.02, "uv": [0, 0]}
					]
				},
				{
					"name": "toe_back_right2",
					"parent": "foot_right2",
					"pivot": [-2, 0.75285, 0],
					"cubes": [
						{"origin": [-2, -0.25, 0], "size": [0, 1, 1], "inflate": 0.01, "uv": [6, 3]}
					]
				},
				{
					"name": "claw_back_right2",
					"parent": "toe_back_right2",
					"pivot": [-2, 0.75285, 1],
					"cubes": [
						{"origin": [-2, -0.25, 1], "size": [0, 1, 1], "uv": [6, 2]}
					]
				},
				{
					"name": "toe_inner_right2",
					"parent": "foot_right2",
					"pivot": [-1.25, 0.75285, -2],
					"cubes": [
						{"origin": [-2.75, -0.25, -3], "size": [0, 1, 1], "inflate": 0.01, "uv": [6, 0]}
					]
				},
				{
					"name": "claw_inner_right2",
					"parent": "toe_inner_right2",
					"pivot": [-1.25, 0.75285, -3],
					"cubes": [
						{"origin": [-2.75, -0.25, -4], "size": [0, 1, 1], "uv": [0, 3]}
					]
				},
				{
					"name": "toe_outer_right2",
					"parent": "foot_right2",
					"pivot": [-2.75, 0.75285, -2],
					"cubes": [
						{"origin": [-1.25, -0.25, -3], "size": [0, 1, 1], "inflate": 0.01, "uv": [0, 2]}
					]
				},
				{
					"name": "claw_outer_right2",
					"parent": "toe_outer_right2",
					"pivot": [-2.75, 0.75285, -3],
					"cubes": [
						{"origin": [-1.25, -0.25, -4], "size": [0, 1, 1], "uv": [0, 0]}
					]
				}
			]
		}
	]
}