{
	"format_version": "1.12.0",
	"minecraft:geometry": [
		{
			"description": {
				"identifier": "geometry.falinks",
				"texture_width": 128,
				"texture_height": 128,
				"visible_bounds_width": 3,
				"visible_bounds_height": 2.5,
				"visible_bounds_offset": [0, 0.75, 0]
			},
			"bones": [
				{
					"name": "falinks",
					"pivot": [0, 0, 0]
				},
				{
					"name": "body1",
					"parent": "falinks",
					"pivot": [0, 6.5, 0]
				},
				{
					"name": "torso1",
					"parent": "body1",
					"pivot": [0, 2.5, 0],
					"cubes": [
						{"origin": [-4.5, 2, -4.5], "size": [9, 9, 9], "uv": [0, 0]},
						{"origin": [-1, 5.5, 2], "size": [4, 0, 7], "pivot": [0, 3.5, 3], "rotation": [-16.4708, 29.1733, 8.1361], "uv": [36, 30]},
						{"origin": [-3, 5.5, 2], "size": [4, 0, 7], "pivot": [0, 3.5, 3], "rotation": [-16.47083, -29.17327, -8.13608], "uv": [36, 37]},
						{"origin": [-5, 11, -5], "size": [10, 2, 10], "uv": [0, 18]},
						{"origin": [-4, 12.5, -4], "size": [8, 7, 8], "uv": [36, 0]},
						{"origin": [-0.5, 13.5, -4.15], "size": [1, 3, 0], "uv": [2, 2]},
						{"origin": [-4.5, 17.5, -4.5], "size": [9, 6, 9], "uv": [0, 30]},
						{"origin": [-1, 3.5, -3.5], "size": [2, 5, 3], "pivot": [0.5, 4.5, -2.5], "rotation": [20, 0, 0], "uv": [12, 45]}
					]
				},
				{
					"name": "eye_left1",
					"parent": "torso1",
					"pivot": [2.25, 6.5, -4.0125],
					"cubes": [
						{"origin": [1.25, 5, -4.51], "size": [2, 3, 1], "uv": [6, 51]},
						{"origin": [1.75, 5.5, -4.515], "size": [1, 2, 1], "uv": [28, 51]}
					]
				},
				{
					"name": "eyelid_left1",
					"parent": "eye_left1",
					"pivot": [2.25, 6.5, -3.91],
					"cubes": [
						{"origin": [1.25, 5, -4.41], "size": [2, 3, 1], "inflate": 0.01, "uv": [22, 51]}
					]
				},
				{
					"name": "eye_right1",
					"parent": "torso1",
					"pivot": [-2.25, 6.5, -4.0125],
					"cubes": [
						{"origin": [-3.25, 5, -4.51], "size": [2, 3, 1], "uv": [48, 25]},
						{"origin": [-2.75, 5.5, -4.515], "size": [1, 2, 1], "uv": [36, 15]}
					]
				},
				{
					"name": "eyelid_right1",
					"parent": "eye_right1",
					"pivot": [-2.25, 6.5, -3.91],
					"cubes": [
						{"origin": [-3.25, 5, -4.41], "size": [2, 3, 1], "inflate": 0.01, "uv": [0, 51]}
					]
				},
				{
					"name": "shield_left1",
					"parent": "torso1",
					"pivot": [5.5, 6.5, 0],
					"cubes": [
						{"origin": [4.5, 4.5, -3], "size": [1, 4, 6], "uv": [56, 15]},
						{"origin": [4.55, 4.5, 1], "size": [1, 3, 3], "pivot": [5.5, 5.5, 2], "rotation": [-60, 0, 0], "uv": [64, 44]},
						{"origin": [4.5, 2.5, 3], "size": [1, 2, 1], "uv": [40, 54]},
						{"origin": [4.55, 4.5, -4], "size": [1, 3, 3], "pivot": [5.5, 5.5, -2], "rotation": [60, 0, 0], "uv": [64, 52]},
						{"origin": [4.5, 2.5, -4], "size": [1, 2, 1], "uv": [46, 55]},
						{"origin": [4, 6, -1], "size": [2, 3, 2], "uv": [56, 25]}
					]
				},
				{
					"name": "shield_right1",
					"parent": "torso1",
					"pivot": [-5.5, 6.5, 0],
					"cubes": [
						{"origin": [-5.5, 4.5, -3], "size": [1, 4, 6], "uv": [36, 44]},
						{"origin": [-5.55, 6.35, -3.5], "size": [1, 3, 3], "pivot": [-4.5, 6.5, -2], "rotation": [150, 0, 0], "uv": [50, 44]},
						{"origin": [-5.5, 2.5, -4], "size": [1, 2, 1], "uv": [12, 53]},
						{"origin": [-5.55, 4.35, 1.76], "size": [1, 3, 3], "pivot": [-5.5, 4.5, 4], "rotation": [30, 0, 0], "uv": [50, 50]},
						{"origin": [-5.5, 2.5, 3], "size": [1, 2, 1], "uv": [12, 53]},
						{"origin": [-6, 6, -1], "size": [2, 3, 2], "uv": [40, 25]}
					]
				},
				{
					"name": "leg_left1",
					"parent": "body1",
					"pivot": [2, 3, 0],
					"cubes": [
						{"origin": [0.5, 0, -1.5], "size": [3, 3, 3], "uv": [0, 45]}
					]
				},
				{
					"name": "leg_right1",
					"parent": "body1",
					"pivot": [-2, 3, 0],
					"cubes": [
						{"origin": [-3.5, 0, -1.5], "size": [3, 3, 3], "uv": [22, 45]}
					]
				}
			]
		}
	]
}