{
	"format_version": "1.12.0",
	"minecraft:geometry": [
		{
			"description": {
				"identifier": "geometry.wooper_male",
				"texture_width": 64,
				"texture_height": 64,
				"visible_bounds_width": 3,
				"visible_bounds_height": 2.5,
				"visible_bounds_offset": [0, 0.75, 0]
			},
			"bones": [
				{
					"name": "wooper",
					"pivot": [0, 0, 0]
				},
				{
					"name": "body",
					"parent": "wooper",
					"pivot": [0, 4, 0]
				},
				{
					"name": "foot_left",
					"parent": "body",
					"pivot": [1.75, 1, 0.25],
					"cubes": [
						{"origin": [0.25, 0, -4.25], "size": [3, 1, 6], "uv": [12, 31]}
					]
				},
				{
					"name": "foot_right",
					"parent": "body",
					"pivot": [-1.75, 1, 0.25],
					"cubes": [
						{"origin": [-3.25, 0, -4.25], "size": [3, 1, 6], "uv": [0, 27]}
					]
				},
				{
					"name": "torso",
					"parent": "body",
					"pivot": [0, 4, 0],
					"cubes": [
						{"origin": [-2.5, 5, -2], "size": [5, 2, 4], "uv": [24, 31]},
						{"origin": [-3, 1, -2.5], "size": [6, 4, 5], "uv": [17, 22]},
						{"origin": [-1, 5.5, -2.01], "size": [2, 1, 0], "uv": [0, 9]},
						{"origin": [-2.5, 1.25, -2.525], "size": [5, 2, 0], "uv": [0, 4]},
						{"origin": [-1.5, 3.5, -2.525], "size": [3, 1, 0], "uv": [4, 6]}
					]
				},
				{
					"name": "tail",
					"parent": "torso",
					"pivot": [0, 2.25, 2.5],
					"cubes": [
						{"origin": [-1.5, 1.25, 2], "size": [3, 2, 2], "uv": [0, 0]}
					]
				},
				{
					"name": "tail2",
					"parent": "tail",
					"pivot": [0, 2.25, 4],
					"cubes": [
						{"origin": [-2.5, 0.75, 4], "size": [5, 3, 6], "uv": [0, 18]}
					]
				},
				{
					"name": "head",
					"parent": "torso",
					"pivot": [0, 7, 0],
					"cubes": [
						{"origin": [-5.5, 7, -5], "size": [11, 8, 10], "uv": [0, 0]}
					]
				},
				{
					"name": "mouth_open_wide",
					"parent": "head",
					"pivot": [0, -3, -3.4],
					"cubes": [
						{"origin": [-4.5, 7.5, -4.93], "size": [9, 3, 0], "uv": [16, 18]}
					]
				},
				{
					"name": "mouth_open_small",
					"parent": "head",
					"pivot": [-3, -3.25, -3.4],
					"cubes": [
						{"origin": [-1, 8, -4.93], "size": [2, 3, 0], "uv": [0, 6]}
					]
				},
				{
					"name": "mouth_closed",
					"parent": "head",
					"pivot": [0, -3, -3.5],
					"cubes": [
						{"origin": [-3.5, 9, -5.025], "size": [7, 1, 0], "uv": [32, 7]},
						{"origin": [-4.5, 9.5, -5.025], "size": [9, 1, 0], "uv": [16, 21]}
					]
				},
				{
					"name": "lefteye",
					"parent": "head",
					"pivot": [3.25, 12.25, -5.025],
					"cubes": [
						{"origin": [2, 11, -5.025], "size": [2, 2, 0], "uv": [0, 22]},
						{"origin": [2.5, 11.5, -5.026], "size": [1, 1, 0], "uv": [0, 0]}
					]
				},
				{
					"name": "righteye",
					"parent": "head",
					"pivot": [-3.25, 12.25, -5.025],
					"cubes": [
						{"origin": [-4, 11, -5.025], "size": [2, 2, 0], "uv": [0, 20]},
						{"origin": [-3.5, 11.5, -5.026], "size": [1, 1, 0], "uv": [0, 1]}
					]
				},
				{
					"name": "lefteyelid",
					"parent": "head",
					"pivot": [3.25, 11.75, -4.475],
					"cubes": [
						{"origin": [2, 11, -4.93], "size": [2, 2, 0], "uv": [0, 18]}
					]
				},
				{
					"name": "righteyelid",
					"parent": "head",
					"pivot": [-3.25, 11.75, -4.425],
					"cubes": [
						{"origin": [-4, 11, -4.93], "size": [2, 2, 0], "uv": [4, 7]}
					]
				},
				{
					"name": "gills_right",
					"parent": "head",
					"pivot": [-5.5, 10.25, 0],
					"cubes": [
						{"origin": [-11.5, 6.75, 0], "size": [6, 7, 0], "uv": [12, 38]}
					]
				},
				{
					"name": "gills_left",
					"parent": "head",
					"pivot": [5.5, 10.25, 0],
					"cubes": [
						{"origin": [5.5, 6.75, 0], "size": [6, 7, 0], "uv": [12, 45]}
					]
				}
			]
		}
	]
}