{
	"format_version": "1.12.0",
	"minecraft:geometry": [
		{
			"description": {
				"identifier": "geometry.canjitsu",
				"texture_width": 64,
				"texture_height": 64,
				"visible_bounds_width": 4,
				"visible_bounds_height": 4.5,
				"visible_bounds_offset": [0, 1.75, 0]
			},
			"bones": [
				{
					"name": "canjitsu",
					"pivot": [0, 0, 0]
				},
				{
					"name": "body",
					"parent": "canjitsu",
					"pivot": [0, 12, 0]
				},
				{
					"name": "torso",
					"parent": "body",
					"pivot": [0, 11.25, 2.25],
					"cubes": [
						{"origin": [-3.5, 8.25, -4.5], "size": [7, 7, 7], "uv": [0, 17]},
						{"origin": [-2, 9.75, 2.25], "size": [4, 4, 4], "uv": [28, 19]},
						{"origin": [3.5, 8.25, -4], "size": [1, 7, 0], "pivot": [3.5, 11.75, -4], "rotation": [0, -67.5, 0], "uv": [26, 0]},
						{"origin": [3.5, 8.25, -2], "size": [1, 7, 0], "pivot": [3.5, 11.75, -2], "rotation": [0, -67.5, 0], "uv": [26, 7]},
						{"origin": [3.5, 8.25, 0], "size": [1, 7, 0], "pivot": [3.5, 11.75, 0], "rotation": [0, -67.5, 0], "uv": [26, 0]},
						{"origin": [3.5, 8.25, 2], "size": [1, 7, 0], "pivot": [3.5, 11.75, 2], "rotation": [0, -67.5, 0], "uv": [6, 50]},
						{"origin": [-4.5, 8.25, 2], "size": [1, 7, 0], "pivot": [-3.5, 11.75, 2], "rotation": [0, 67.5, 0], "uv": [6, 50]},
						{"origin": [-4.5, 8.25, 0], "size": [1, 7, 0], "pivot": [-3.5, 11.75, 0], "rotation": [0, 67.5, 0], "uv": [26, 0]},
						{"origin": [-4.5, 8.25, -4], "size": [1, 7, 0], "pivot": [-3.5, 11.75, -4], "rotation": [0, 67.5, 0], "uv": [4, 50]},
						{"origin": [-4.5, 8.25, -2], "size": [1, 7, 0], "pivot": [-3.5, 11.75, -2], "rotation": [0, 67.5, 0], "uv": [6, 50]},
						{"origin": [3.68425, 8.25, -2.80036], "size": [1, 7, 0], "pivot": [0, 11.75, -0.53806], "rotation": [0, -67.5, 90], "uv": [6, 50]},
						{"origin": [1.83649, 8.25, -3.56573], "size": [1, 7, 0], "pivot": [0, 11.75, -0.53806], "rotation": [0, -67.5, 90], "uv": [26, 0]},
						{"origin": [-0.01126, 8.25, -4.3311], "size": [1, 7, 0], "pivot": [0, 11.75, -0.53806], "rotation": [0, -67.5, 90], "uv": [6, 50]},
						{"origin": [-1.85902, 8.25, -5.09647], "size": [1, 7, 0], "pivot": [0, 11.75, -0.53806], "rotation": [0, -67.5, 90], "uv": [26, 0]},
						{"origin": [0.85902, 8.25, -5.09647], "size": [1, 7, 0], "pivot": [0, 11.75, -0.53806], "rotation": [0, 67.5, 90], "uv": [26, 0]},
						{"origin": [-0.98874, 8.25, -4.3311], "size": [1, 7, 0], "pivot": [0, 11.75, -0.53806], "rotation": [0, 67.5, 90], "uv": [6, 50]},
						{"origin": [-2.83649, 8.25, -3.56573], "size": [1, 7, 0], "pivot": [0, 11.75, -0.53806], "rotation": [0, 67.5, 90], "uv": [26, 0]},
						{"origin": [-4.68425, 8.25, -2.80036], "size": [1, 7, 0], "pivot": [0, 11.75, -0.53806], "rotation": [0, 67.5, 90], "uv": [6, 50]},
						{"origin": [-1, 5.25, -4.5], "size": [1, 7, 0], "pivot": [0, 8.75, -4.5], "rotation": [0, -22.5, -90], "uv": [4, 50]},
						{"origin": [-1, 7.25, -4.5], "size": [1, 7, 0], "pivot": [0, 10.75, -4.5], "rotation": [0, -22.5, -90], "uv": [6, 50]},
						{"origin": [-1, 9.25, -4.5], "size": [1, 7, 0], "pivot": [0, 12.75, -4.5], "rotation": [-180, -22.5, -90], "uv": [4, 50]},
						{"origin": [-1, 11.25, -4.5], "size": [1, 7, 0], "pivot": [0, 14.75, -4.5], "rotation": [-180, -22.5, -90], "uv": [6, 50]},
						{"origin": [-1, 11.25, 2.5], "size": [1, 7, 0], "pivot": [0, 14.75, 2.5], "rotation": [0, 22.5, -90], "uv": [6, 50]},
						{"origin": [-1, 9.25, 2.5], "size": [1, 7, 0], "pivot": [0, 12.75, 2.5], "rotation": [0, 22.5, -90], "uv": [4, 50]},
						{"origin": [-1, 7.25, 2.5], "size": [1, 7, 0], "pivot": [0, 10.75, 2.5], "rotation": [180, 22.5, -90], "uv": [6, 50]},
						{"origin": [-1, 5.25, 2.5], "size": [1, 7, 0], "pivot": [0, 8.75, 2.5], "rotation": [-180, 22.5, -90], "uv": [4, 50]}
					]
				},
				{
					"name": "tail",
					"parent": "torso",
					"pivot": [0, 12.25, 6.25],
					"cubes": [
						{"origin": [0, 11.25, 6.25], "size": [0, 1, 1], "uv": [26, 14]}
					]
				},
				{
					"name": "tail2",
					"parent": "tail",
					"pivot": [0, 11.25, 7.25],
					"cubes": [
						{"origin": [0, 10.25, 7.25], "size": [0, 3, 2], "uv": [48, 5]}
					]
				},
				{
					"name": "tail3",
					"parent": "tail2",
					"pivot": [0, 10.25, 9.25],
					"cubes": [
						{"origin": [0, 9.25, 9.25], "size": [0, 5, 4], "uv": [40, 0]}
					]
				},
				{
					"name": "tail4",
					"parent": "tail3",
					"pivot": [0, 9.25, 13.25],
					"cubes": [
						{"origin": [0, 8.25, 13.25], "size": [0, 7, 5], "uv": [28, 27]}
					]
				},
				{
					"name": "tail5",
					"parent": "tail4",
					"pivot": [0, 9.25, 18.25],
					"cubes": [
						{"origin": [0, 9.25, 18.25], "size": [0, 5, 5], "uv": [0, 31]}
					]
				},
				{
					"name": "tail6",
					"parent": "tail5",
					"pivot": [0, 10.25, 23.25],
					"cubes": [
						{"origin": [0, 10.25, 23.25], "size": [0, 3, 5], "uv": [22, 39]}
					]
				},
				{
					"name": "tail7",
					"parent": "tail6",
					"pivot": [0, 11.25, 28.25],
					"cubes": [
						{"origin": [0, 11.25, 28.25], "size": [0, 1, 5], "uv": [8, 47]}
					]
				},
				{
					"name": "neck",
					"parent": "torso",
					"pivot": [0, 15.25, -0.5],
					"rotation": [7.5, 0, 0],
					"cubes": [
						{"origin": [-1.5, 14.25, -3.5], "size": [3, 16, 3], "uv": [28, 0]}
					]
				},
				{
					"name": "head",
					"parent": "neck",
					"pivot": [0, 33, -2.5],
					"rotation": [-7.5, 0, 0],
					"cubes": [
						{"origin": [-2.5, 29.25, -7], "size": [5, 9, 8], "uv": [0, 0]},
						{"origin": [0, 33, 0.75], "size": [0, 0, 0], "uv": [0, 0]},
						{"origin": [-1.5, 36.25, -6], "size": [0, 2, 6], "uv": [0, 52]},
						{"origin": [1.5, 36.25, -6], "size": [0, 2, 6], "uv": [0, 55]},
						{"origin": [-1.5, 36.25, -6], "size": [3, 2, 0], "uv": [13, 58]},
						{"origin": [-1.5, 36.25, 0], "size": [3, 2, 0], "uv": [13, 61]},
						{"origin": [-1.5, 36.25, -6], "size": [3, 0, 6], "uv": [14, 57]}
					]
				},
				{
					"name": "mouth",
					"parent": "head",
					"pivot": [0, 30.24, -5],
					"cubes": [
						{"origin": [-1.5, 30.24, -6], "size": [3, 0, 2], "uv": [17, 1]}
					]
				},
				{
					"name": "bandana_upper",
					"parent": "head",
					"pivot": [0, 33.25, 1],
					"rotation": [22.5, 0, 0],
					"cubes": [
						{"origin": [0, 33.25, 1], "size": [0, 1, 2], "uv": [52, 23]}
					]
				},
				{
					"name": "bandana_upper2",
					"parent": "bandana_upper",
					"pivot": [0, 33.25, 3],
					"cubes": [
						{"origin": [0, 32.25, 3], "size": [0, 3, 3], "inflate": 0.01, "uv": [26, 47]}
					]
				},
				{
					"name": "bandana_upper3",
					"parent": "bandana_upper2",
					"pivot": [0, 32.25, 6],
					"cubes": [
						{"origin": [0, 31.25, 6], "size": [0, 5, 4], "inflate": 0.02, "uv": [44, 18]}
					]
				},
				{
					"name": "bandana_upper4",
					"parent": "bandana_upper3",
					"pivot": [0, 32.25, 10],
					"cubes": [
						{"origin": [0, 32.25, 10], "size": [0, 3, 4], "inflate": 0.01, "uv": [18, 47]}
					]
				},
				{
					"name": "bandana_upper5",
					"parent": "bandana_upper4",
					"pivot": [0, 33.25, 14],
					"cubes": [
						{"origin": [0, 33.25, 14], "size": [0, 1, 3], "uv": [32, 39]}
					]
				},
				{
					"name": "bandana_lower",
					"parent": "head",
					"pivot": [0, 33.25, 1],
					"rotation": [-22.5, 0, 0],
					"cubes": [
						{"origin": [0, 32.25, 1], "size": [0, 1, 2], "uv": [52, 29]}
					]
				},
				{
					"name": "bandana_lower2",
					"parent": "bandana_lower",
					"pivot": [0, 33.25, 3],
					"cubes": [
						{"origin": [0, 31.75, 3], "size": [0, 2, 2], "inflate": 0.01, "uv": [52, 19]}
					]
				},
				{
					"name": "bandana_lower3",
					"parent": "bandana_lower2",
					"pivot": [0, 33.75, 5],
					"cubes": [
						{"origin": [0, 30.75, 5], "size": [0, 4, 3], "inflate": 0.02, "uv": [22, 31]}
					]
				},
				{
					"name": "bandana_lower4",
					"parent": "bandana_lower3",
					"pivot": [0, 33.75, 8],
					"cubes": [
						{"origin": [0, 31.75, 8], "size": [0, 2, 3], "inflate": 0.01, "uv": [48, 0]}
					]
				},
				{
					"name": "bandana_lower5",
					"parent": "bandana_lower4",
					"pivot": [0, 33.25, 11],
					"cubes": [
						{"origin": [0, 32.25, 11], "size": [0, 1, 2], "uv": [52, 26]}
					]
				},
				{
					"name": "eyebrow_right",
					"parent": "head",
					"pivot": [-2.5, 36.35, -3.1],
					"cubes": [
						{"origin": [-3, 35.35, -4.1], "size": [1, 2, 2], "inflate": 0.1, "uv": [33, 53]}
					]
				},
				{
					"name": "eyebrow_left",
					"parent": "head",
					"pivot": [2.5, 36.35, -3.1],
					"cubes": [
						{"origin": [2, 35.35, -4.1], "size": [1, 2, 2], "inflate": 0.1, "uv": [33, 53], "mirror": true}
					]
				},
				{
					"name": "eyelid_left",
					"parent": "head",
					"pivot": [-1.5, 33.75, -3],
					"cubes": [
						{"origin": [1.51, 30.25, -3], "size": [0, 6, 3], "uv": [0, 15]}
					]
				},
				{
					"name": "eye_left",
					"parent": "head",
					"pivot": [2.51, 33.25, -1.5],
					"cubes": [
						{"origin": [2.51, 30.25, -3], "size": [0, 6, 3], "uv": [21, 15]}
					]
				},
				{
					"name": "eye_right",
					"parent": "head",
					"pivot": [-2.51, 33.25, -1.5],
					"cubes": [
						{"origin": [-2.51, 30.25, -3], "size": [0, 6, 3], "uv": [21, 15]}
					]
				},
				{
					"name": "eyelid_right",
					"parent": "head",
					"pivot": [0.5, 33.75, -3],
					"cubes": [
						{"origin": [-1.51, 30.25, -3], "size": [0, 6, 3], "uv": [0, 15], "mirror": true}
					]
				},
				{
					"name": "legs",
					"parent": "body",
					"pivot": [2.25, 3.5, -1.75]
				},
				{
					"name": "leg_back_left",
					"parent": "legs",
					"pivot": [2, 12, 4.25],
					"cubes": [
						{"origin": [0.5, 0, 2.75], "size": [3, 5, 3], "uv": [10, 31]},
						{"origin": [1, 5, 3.25], "size": [2, 7, 2], "uv": [40, 9]}
					]
				},
				{
					"name": "leg_back_right",
					"parent": "legs",
					"pivot": [-2, 12, 4.25],
					"cubes": [
						{"origin": [-3.5, 0, 2.75], "size": [3, 5, 3], "uv": [38, 27]},
						{"origin": [-3, 5, 3.25], "size": [2, 7, 2], "uv": [0, 41]}
					]
				},
				{
					"name": "leg_front_right",
					"parent": "legs",
					"pivot": [-2, 12, -1.75],
					"cubes": [
						{"origin": [-3.5, 0, -3.25], "size": [3, 5, 3], "uv": [38, 27]},
						{"origin": [-3, 5, -2.75], "size": [2, 7, 2], "uv": [0, 41]}
					]
				},
				{
					"name": "leg_front_left",
					"parent": "legs",
					"pivot": [2, 12, -1.75],
					"cubes": [
						{"origin": [0.5, 0, -3.25], "size": [3, 5, 3], "uv": [10, 31]},
						{"origin": [1, 5, -2.75], "size": [2, 7, 2], "uv": [40, 9]}
					]
				}
			]
		}
	]
}