{
	"format_version": "1.12.0",
	"minecraft:geometry": [
		{
			"description": {
				"identifier": "geometry.tabris",
				"texture_width": 128,
				"texture_height": 128,
				"visible_bounds_width": 3,
				"visible_bounds_height": 2.5,
				"visible_bounds_offset": [0, 0.75, 0]
			},
			"bones": [
				{
					"name": "tabris",
					"pivot": [0, -1, 0]
				},
				{
					"name": "body",
					"parent": "tabris",
					"pivot": [0, -1, 0],
					"cubes": [
						{"origin": [-6, 0, -6], "size": [12, 12, 0], "uv": [0, 0]},
						{"origin": [0, 0, 0], "size": [12, 12, 0], "pivot": [6, 5, 0], "rotation": [0, -90, 0], "uv": [0, 24]},
						{"origin": [-12, 0, 0], "size": [12, 12, 0], "pivot": [-6, 5, 0], "rotation": [0, -90, 0], "uv": [24, 0]},
						{"origin": [-6, 0, 6], "size": [12, 12, 0], "uv": [0, 12]},
						{"origin": [-6, -1, 7], "size": [12, 12, 0], "pivot": [0, 5, 0], "rotation": [90, 0, 0], "uv": [24, 12]},
						{"origin": [-6, -1, 5], "size": [12, 12, 0], "pivot": [0, 5, 0], "rotation": [-90, 0, 0], "uv": [24, 24]}
					]
				},
				{
					"name": "head",
					"parent": "body",
					"pivot": [0, 6, 0],
					"cubes": [
						{"origin": [-4, 1, 0], "size": [8, 10, 0], "uv": [0, 36]}
					]
				},
				{
					"name": "rings",
					"parent": "body",
					"pivot": [0, 6, 0]
				},
				{
					"name": "leftRing",
					"parent": "rings",
					"pivot": [0, 6, 0]
				},
				{
					"name": "bottomLeft",
					"parent": "leftRing",
					"pivot": [0, 6, 0],
					"cubes": [
						{"origin": [-9, 1, -2], "size": [5, 0, 4], "pivot": [-8, 1, 0], "rotation": [0, 0, -90], "uv": [58, 0]},
						{"origin": [-9, -2, -2], "size": [5, 0, 4], "pivot": [-5, -2, 0], "rotation": [0, 0, -180], "uv": [58, 4]},
						{"origin": [-8.5, -1, -2], "size": [3, 0, 4], "pivot": [-7, -1, 0], "rotation": [0, 0, -135], "uv": [54, 8]}
					]
				},
				{
					"name": "topLeft",
					"parent": "leftRing",
					"pivot": [0, 6, 0],
					"rotation": [0, 0, -180],
					"cubes": [
						{"origin": [-8.5, -1, -2], "size": [3, 0, 4], "pivot": [-7, -1, 0], "rotation": [0, 0, -135], "uv": [48, 8]},
						{"origin": [-9, -2, -2], "size": [5, 0, 4], "pivot": [-5, -2, 0], "rotation": [0, 0, -180], "uv": [48, 0]},
						{"origin": [-9, 1, -2], "size": [5, 0, 4], "pivot": [-8, 1, 0], "rotation": [0, 0, -90], "uv": [48, 4]}
					]
				},
				{
					"name": "rightRing",
					"parent": "rings",
					"pivot": [0, 6, 0],
					"rotation": [45, 0, 0]
				},
				{
					"name": "bottomRight",
					"parent": "rightRing",
					"pivot": [0, 6, 0],
					"rotation": [0, 90, 0],
					"cubes": [
						{"origin": [-9, 1, -2], "size": [5, 0, 4], "pivot": [-8, 1, 0], "rotation": [0, 0, -90], "uv": [58, 0]},
						{"origin": [-9, -2, -2], "size": [5, 0, 4], "pivot": [-5, -2, 0], "rotation": [0, 0, -180], "uv": [58, 4]},
						{"origin": [-8.5, -1, -2], "size": [3, 0, 4], "pivot": [-7, -1, 0], "rotation": [0, 0, -135], "uv": [54, 8]}
					]
				},
				{
					"name": "topRight",
					"parent": "rightRing",
					"pivot": [0, 6, 0],
					"rotation": [0, -90, -180],
					"cubes": [
						{"origin": [-8.5, -1, -2], "size": [3, 0, 4], "pivot": [-7, -1, 0], "rotation": [0, 0, -135], "uv": [48, 8]},
						{"origin": [-9, -2, -2], "size": [5, 0, 4], "pivot": [-5, -2, 0], "rotation": [0, 0, -180], "uv": [48, 0]},
						{"origin": [-9, 1, -2], "size": [5, 0, 4], "pivot": [-8, 1, 0], "rotation": [0, 0, -90], "uv": [48, 4]}
					]
				}
			]
		}
	]
}