{
	"format_version": "1.12.0",
	"minecraft:geometry": [
		{
			"description": {
				"identifier": "geometry.unknown",
				"texture_width": 128,
				"texture_height": 128,
				"visible_bounds_width": 5,
				"visible_bounds_height": 2.5,
				"visible_bounds_offset": [0, 0.75, 0]
			},
			"bones": [
				{
					"name": "inostrasidian",
					"pivot": [0, 0, 0]
				},
				{
					"name": "body",
					"parent": "inostrasidian",
					"pivot": [0, 0, 0]
				},
				{
					"name": "waist",
					"parent": "body",
					"pivot": [0, 9, 4],
					"cubes": [
						{"origin": [-4, 5, -1], "size": [7, 8, 6], "uv": [1, 0]}
					]
				},
				{
					"name": "tail1",
					"parent": "waist",
					"pivot": [0, 9, 6],
					"cubes": [
						{"origin": [-3, 6.5, 4], "size": [5, 6, 10], "inflate": 0.02, "uv": [0, 52]}
					]
				},
				{
					"name": "tail2",
					"parent": "tail1",
					"pivot": [0, 10, 15],
					"cubes": [
						{"origin": [-2, 7.5, 14], "size": [3, 4, 9], "inflate": 0.01, "uv": [19, 17]}
					]
				},
				{
					"name": "tail3",
					"parent": "tail2",
					"pivot": [0, 11.5, 24],
					"cubes": [
						{"origin": [-1, 8.5, 23], "size": [1, 2, 7], "uv": [40, 17]}
					]
				},
				{
					"name": "torso",
					"parent": "waist",
					"pivot": [0, -2, 0],
					"cubes": [
						{"origin": [-4, 5, -10], "size": [7, 8, 9], "uv": [32, 0]},
						{"origin": [-2, 13, -4.5], "size": [3, 3, 2], "uv": [28, 54]},
						{"origin": [-2, 13, -8.5], "size": [3, 3, 2], "uv": [28, 54]},
						{"origin": [-2, 13, -6.5], "size": [3, 2, 2], "uv": [28, 47]},
						{"origin": [-2, 13, -2.5], "size": [3, 2, 1], "uv": [29, 59]},
						{"origin": [-2, 13, -9.5], "size": [3, 2, 1], "uv": [29, 59]}
					]
				},
				{
					"name": "chest",
					"parent": "torso",
					"pivot": [0, -2, 0],
					"cubes": [
						{"origin": [-5, 5, -16], "size": [9, 9, 6], "uv": [71, 0]}
					]
				},
				{
					"name": "neck",
					"parent": "chest",
					"pivot": [0, 10, -16],
					"cubes": [
						{"origin": [-3, 6, -21], "size": [5, 7, 8], "pivot": [0, 10, -16], "rotation": [-22.5, 0, 0], "uv": [0, 22]}
					]
				},
				{
					"name": "head",
					"parent": "neck",
					"pivot": [0, 11, -19],
					"cubes": [
						{"origin": [-4, 7.44834, -25.69136], "size": [7, 8, 7], "uv": [0, 37]},
						{"origin": [-4, 9.44834, -33.69136], "size": [7, 6, 8], "uv": [27, 30]},
						{"origin": [2, 6.5, -31], "size": [1, 3, 2], "uv": [0, 0]},
						{"origin": [-4, 6.5, -31], "size": [1, 3, 2], "uv": [0, 0]}
					]
				},
				{
					"name": "eyes",
					"parent": "head",
					"pivot": [-0.5, 16.5, -24]
				},
				{
					"name": "eye_right",
					"parent": "eyes",
					"pivot": [-5.52, 14, -26.5],
					"cubes": [
						{"origin": [-4.01, 11.5, -25], "size": [0, 3, 5], "uv": [75, 29]}
					]
				},
				{
					"name": "eyelid_right",
					"parent": "eye_right",
					"pivot": [-4.91, 14.5, -26.5],
					"cubes": [
						{"origin": [-3.9, 11.5, -25], "size": [1, 3, 5], "inflate": 0.025, "uv": [74, 15]}
					]
				},
				{
					"name": "eye_left",
					"parent": "eyes",
					"pivot": [3.52, 14, -21.5],
					"cubes": [
						{"origin": [3.01, 11.5, -25], "size": [0, 3, 5], "uv": [75, 26]}
					]
				},
				{
					"name": "eyelid_left",
					"parent": "eye_left",
					"pivot": [2.47, 13.5, -22.5],
					"cubes": [
						{"origin": [1.97, 11.5, -25], "size": [1, 3, 5], "inflate": 0.025, "uv": [74, 23]}
					]
				},
				{
					"name": "jaw",
					"parent": "head",
					"pivot": [-0.25, 7.5, -27.375],
					"cubes": [
						{"origin": [-3, 8, -33], "size": [5, 2, 8], "uv": [36, 44]}
					]
				},
				{
					"name": "leg_front_left1",
					"parent": "body",
					"pivot": [5.5, 8.75, -13],
					"cubes": [
						{"origin": [4, 6.25, -15.5], "size": [3, 5, 5], "inflate": 0.01, "uv": [56, 19]}
					]
				},
				{
					"name": "leg_front_left2",
					"parent": "leg_front_left1",
					"pivot": [5.5, 4.25, -12.75],
					"cubes": [
						{"origin": [4, 1.75, -14.75], "size": [3, 5, 4], "uv": [57, 29]}
					]
				},
				{
					"name": "foot_front_left",
					"parent": "leg_front_left2",
					"pivot": [5.5, 2.25, -12.5],
					"cubes": [
						{"origin": [4, 0.25, -15], "size": [3, 3, 4], "inflate": 0.01, "uv": [57, 38]}
					]
				},
				{
					"name": "toes_front_left",
					"parent": "foot_front_left",
					"pivot": [5.5, 0.25, -15],
					"cubes": [
						{"origin": [4.5, 0.25, -16], "size": [2, 1, 1], "uv": [61, 45]}
					]
				},
				{
					"name": "leg_front_right1",
					"parent": "body",
					"pivot": [-6.5, 8.75, -13],
					"cubes": [
						{"origin": [-8, 6.25, -15.5], "size": [3, 5, 5], "inflate": 0.01, "uv": [56, 19]}
					]
				},
				{
					"name": "leg_front_right2",
					"parent": "leg_front_right1",
					"pivot": [-6.5, 4.25, -12.75],
					"cubes": [
						{"origin": [-8, 1.75, -14.75], "size": [3, 5, 4], "uv": [57, 29]}
					]
				},
				{
					"name": "foot_front_right",
					"parent": "leg_front_right2",
					"pivot": [-6.5, 2.25, -12.5],
					"cubes": [
						{"origin": [-8, 0.25, -15], "size": [3, 3, 4], "inflate": 0.01, "uv": [57, 38]}
					]
				},
				{
					"name": "toes_front_right",
					"parent": "foot_front_right",
					"pivot": [-6.5, 0.25, -15],
					"cubes": [
						{"origin": [-7.5, 0.25, -16], "size": [2, 1, 1], "uv": [61, 45]}
					]
				},
				{
					"name": "leg_back_left1",
					"parent": "body",
					"pivot": [5, 9.25, 2],
					"cubes": [
						{"origin": [3, 6.25, -0.5], "size": [4, 6, 5], "inflate": 0.01, "uv": [88, 15]}
					]
				},
				{
					"name": "leg_back_left2",
					"parent": "leg_back_left1",
					"pivot": [5, 4.75, 2],
					"cubes": [
						{"origin": [3.5, 2.75, 0], "size": [3, 4, 4], "uv": [90, 26]}
					]
				},
				{
					"name": "foot_back_left",
					"parent": "leg_back_left2",
					"pivot": [5, 3.25, 2.25],
					"cubes": [
						{"origin": [3.5, 0.25, -0.25], "size": [3, 4, 4], "inflate": 0.01, "uv": [90, 34]}
					]
				},
				{
					"name": "toes_back_left",
					"parent": "foot_back_left",
					"pivot": [5, 1.25, -0.25],
					"cubes": [
						{"origin": [4, 0.25, -1.25], "size": [2, 1, 1], "uv": [61, 45]}
					]
				},
				{
					"name": "leg_back_right1",
					"parent": "body",
					"pivot": [-6, 9.25, 2],
					"cubes": [
						{"origin": [-8, 6.25, -0.5], "size": [4, 6, 5], "inflate": 0.01, "uv": [88, 15]}
					]
				},
				{
					"name": "leg_back_right2",
					"parent": "leg_back_right1",
					"pivot": [-6, 4.75, 2],
					"cubes": [
						{"origin": [-7.5, 2.75, 0], "size": [3, 4, 4], "uv": [90, 26]}
					]
				},
				{
					"name": "foot_back_right",
					"parent": "leg_back_right2",
					"pivot": [-6, 3.25, 2.25],
					"cubes": [
						{"origin": [-7.5, 0.25, -0.25], "size": [3, 4, 4], "inflate": 0.01, "uv": [90, 34]}
					]
				},
				{
					"name": "toes_back_right",
					"parent": "foot_back_right",
					"pivot": [-6, 1.25, -0.25],
					"cubes": [
						{"origin": [-7, 0.25, -1.25], "size": [2, 1, 1], "uv": [61, 45]}
					]
				}
			]
		}
	]
}