{
	"format_version": "1.12.0",
	"minecraft:geometry": [
		{
			"description": {
				"identifier": "geometry.pumpkaboo",
				"texture_width": 64,
				"texture_height": 64,
				"visible_bounds_width": 3,
				"visible_bounds_height": 2.5,
				"visible_bounds_offset": [0, 0.75, 0]
			},
			"bones": [
				{
					"name": "pumpkaboo",
					"pivot": [0, 0, 0]
				},
				{
					"name": "body",
					"parent": "pumpkaboo",
					"pivot": [0, 4, 0]
				},
				{
					"name": "torso",
					"parent": "body",
					"pivot": [0, 4, 0],
					"cubes": [
						{"origin": [-5, 1, -4], "size": [10, 7, 8], "uv": [0, 0]}
					]
				},
				{
					"name": "fluff_front_mid",
					"parent": "torso",
					"pivot": [0, 8, -4],
					"rotation": [60, 0, 0],
					"cubes": [
						{"origin": [-1.5, 8, -10], "size": [3, 1, 3], "pivot": [0, 9, -3], "rotation": [27.5, 0, 0], "uv": [0, 24]}
					]
				},
				{
					"name": "head",
					"parent": "torso",
					"pivot": [0, 9, 0],
					"cubes": [
						{"origin": [-2.5, 7, -2], "size": [5, 5, 4], "uv": [0, 15]}
					]
				},
				{
					"name": "horn_right",
					"parent": "head",
					"pivot": [-2.5, 11, 0],
					"rotation": [0, 0, -17.5],
					"cubes": [
						{"origin": [-0.19929, 9.95372, -2], "size": [1, 2, 2], "pivot": [0.80071, 11.95372, -1], "rotation": [0, -55, 0], "uv": [36, 3]}
					]
				},
				{
					"name": "horn_left",
					"parent": "head",
					"pivot": [2.5, 11, 0],
					"rotation": [0, 0, 17.5],
					"cubes": [
						{"origin": [-2.80071, 8.95372, -2], "size": [1, 2, 2], "pivot": [-2.80071, 10.95372, -1], "rotation": [0, 45, 0], "uv": [36, 7]}
					]
				},
				{
					"name": "tuft",
					"parent": "head",
					"pivot": [0.5, 12, -2],
					"rotation": [18.58902, 16.77279, 129.89219],
					"cubes": [
						{"origin": [-1.5, 12, -2], "size": [2, 3, 0], "uv": [14, 36]}
					]
				},
				{
					"name": "tuft2",
					"parent": "tuft",
					"pivot": [-1.5, 15, -2],
					"rotation": [-15, 10, 30],
					"cubes": [
						{"origin": [-1.5, 15, -2], "size": [3, 3, 0], "inflate": 0.01, "uv": [36, 11]}
					]
				},
				{
					"name": "eyes",
					"parent": "head",
					"pivot": [0, 10.5, -2]
				},
				{
					"name": "eye_right",
					"parent": "eyes",
					"pivot": [-1.5, 10.25, -2.01],
					"cubes": [
						{"origin": [-2, 9.25, -2.01], "size": [1, 2, 0], "uv": [8, 32]}
					]
				},
				{
					"name": "eyelid_right",
					"parent": "eye_right",
					"pivot": [-1.4, 10.25, -1.41],
					"cubes": [
						{"origin": [-2.4, 9.25, -1.91], "size": [2, 2, 1], "inflate": 0.01, "uv": [12, 24]}
					]
				},
				{
					"name": "eye_left",
					"parent": "eyes",
					"pivot": [1.5, 10.25, -2.01],
					"cubes": [
						{"origin": [1, 9.25, -2.01], "size": [1, 2, 0], "uv": [10, 28]}
					]
				},
				{
					"name": "eyelid_left",
					"parent": "eye_left",
					"pivot": [0, 10.25, -1.9],
					"cubes": [
						{"origin": [0.4, 9.25, -1.91], "size": [2, 2, 1], "inflate": 0.01, "uv": [8, 36]}
					]
				},
				{
					"name": "mouth",
					"parent": "head",
					"pivot": [0, 8.75, -2]
				},
				{
					"name": "mouth_closed",
					"parent": "mouth",
					"pivot": [0, 8.85, -2.01],
					"cubes": [
						{"origin": [-0.5, 8.35, -2.01], "size": [1, 1, 0], "pivot": [0, 8.85, -2], "rotation": [0, 0, 45], "uv": [8, 34]}
					]
				},
				{
					"name": "mouth_open",
					"parent": "mouth",
					"pivot": [0, 8.85, -1.91],
					"cubes": [
						{"origin": [-0.5, 8.35, -1.91], "size": [1, 1, 0], "pivot": [0, 8.85, -1.9], "rotation": [0, 0, 45], "uv": [10, 30]}
					]
				},
				{
					"name": "jaw",
					"parent": "mouth",
					"pivot": [0, 8.35, -1.515],
					"cubes": [
						{"origin": [-0.5, 7.85, -2.015], "size": [1, 1, 1], "pivot": [0, 8.35, -2], "rotation": [0, 0, 45], "uv": [36, 14]}
					]
				},
				{
					"name": "jaw_happy",
					"parent": "mouth",
					"pivot": [0, 8.35, -1.515],
					"cubes": [
						{"origin": [-0.5, 8.85, -1.915], "size": [1, 1, 1], "pivot": [0, 9.35, -2], "rotation": [0, 0, 45], "uv": [36, 16]}
					]
				},
				{
					"name": "fluff",
					"parent": "torso",
					"pivot": [0, 8, 0]
				},
				{
					"name": "fluff_front",
					"parent": "fluff",
					"pivot": [0, 8, -4]
				},
				{
					"name": "fluff_front_left",
					"parent": "fluff_front",
					"pivot": [1.5, 7.5, -4],
					"rotation": [25, -42.5, 0],
					"cubes": [
						{"origin": [1.5, 7.5, -5], "size": [2, 1, 2], "uv": [26, 34]}
					]
				},
				{
					"name": "fluff_front_right",
					"parent": "fluff_front",
					"pivot": [-1.5, 7.5, -4],
					"rotation": [25, 42.5, 0],
					"cubes": [
						{"origin": [-3.5, 7.5, -5], "size": [2, 1, 2], "uv": [34, 27]}
					]
				},
				{
					"name": "fluff_back",
					"parent": "fluff",
					"pivot": [0, 8, 4]
				},
				{
					"name": "fluff_back_mid",
					"parent": "fluff_back",
					"pivot": [0, 8, 4],
					"rotation": [-60, 0, 0],
					"cubes": [
						{"origin": [-1.5, 7, 4], "size": [3, 1, 3], "uv": [12, 27]}
					]
				},
				{
					"name": "fluff_back_left",
					"parent": "fluff_back",
					"pivot": [1.5, 7.5, 4],
					"rotation": [-25, 42.5, 0],
					"cubes": [
						{"origin": [1.5, 6.5, 4], "size": [2, 1, 2], "uv": [34, 30]}
					]
				},
				{
					"name": "fluff_back_right",
					"parent": "fluff_back",
					"pivot": [-1.5, 7.5, 4],
					"rotation": [-25, -42.5, 0],
					"cubes": [
						{"origin": [-3.5, 6.5, 4], "size": [2, 1, 2], "uv": [34, 33]}
					]
				},
				{
					"name": "fluff_right",
					"parent": "fluff",
					"pivot": [-2.5, 9.5, 0],
					"rotation": [0, 0, -12.5],
					"cubes": [
						{"origin": [-7, 7.5, -2], "size": [5, 2, 4], "inflate": -0.01, "uv": [18, 21]}
					]
				},
				{
					"name": "fluff_right_back",
					"parent": "fluff_right",
					"pivot": [-4, 9.25, 2],
					"rotation": [15, 17.5, -7.5],
					"cubes": [
						{"origin": [-7, 7.25, 1], "size": [3, 2, 1], "uv": [36, 0]}
					]
				},
				{
					"name": "fluff_right_front",
					"parent": "fluff_right",
					"pivot": [-4, 9.25, -2],
					"rotation": [-15, -17.5, -7.5],
					"cubes": [
						{"origin": [-7, 7.25, -2], "size": [3, 2, 1], "uv": [0, 35]}
					]
				},
				{
					"name": "fluff_right_mid",
					"parent": "fluff_right",
					"pivot": [-8, 7.5, 0],
					"rotation": [0, 0, -15],
					"cubes": [
						{"origin": [-8, 5.5, -1], "size": [2, 3, 2], "uv": [18, 31]}
					]
				},
				{
					"name": "fluff_left",
					"parent": "fluff",
					"pivot": [2.5, 9.5, 0],
					"rotation": [0, 0, 12.5],
					"cubes": [
						{"origin": [2, 7.5, -2], "size": [5, 2, 4], "inflate": -0.01, "uv": [18, 15]}
					]
				},
				{
					"name": "fluff_left_front",
					"parent": "fluff_left",
					"pivot": [4, 9.25, -2],
					"rotation": [-15, 17.5, 7.5],
					"cubes": [
						{"origin": [4, 7.25, -2], "size": [3, 2, 1], "uv": [26, 31]}
					]
				},
				{
					"name": "fluff_left_back",
					"parent": "fluff_left",
					"pivot": [4, 9.25, 2],
					"rotation": [15, -17.5, 7.5],
					"cubes": [
						{"origin": [4, 7.25, 1], "size": [3, 2, 1], "uv": [0, 32]}
					]
				},
				{
					"name": "fluff_left_mid",
					"parent": "fluff_left",
					"pivot": [8, 7.5, 0],
					"rotation": [0, 0, 15],
					"cubes": [
						{"origin": [6, 5.5, -1], "size": [2, 3, 2], "uv": [10, 31]}
					]
				},
				{
					"name": "leg_right",
					"parent": "body",
					"pivot": [2, 1, 0],
					"cubes": [
						{"origin": [1, 0, -1], "size": [3, 2, 2], "uv": [0, 28]}
					]
				},
				{
					"name": "leg_left",
					"parent": "body",
					"pivot": [-2, 1, 0],
					"cubes": [
						{"origin": [-4, 0, -1], "size": [3, 2, 2], "uv": [24, 27]}
					]
				}
			]
		}
	]
}