{
	"format_version": "1.12.0",
	"minecraft:geometry": [
		{
			"description": {
				"identifier": "geometry.garchomp_male",
				"texture_width": 128,
				"texture_height": 128,
				"visible_bounds_width": 6,
				"visible_bounds_height": 5,
				"visible_bounds_offset": [0, 1.5, 0]
			},
			"bones": [
				{
					"name": "garchomp",
					"pivot": [0, 0, 0]
				},
				{
					"name": "body",
					"parent": "garchomp",
					"pivot": [0, 25.9, 0]
				},
				{
					"name": "torso",
					"parent": "body",
					"pivot": [0, 20.7, 0],
					"cubes": [
						{"origin": [-4.5, 19.4, -3], "size": [9, 11, 7], "uv": [60, 64]},
						{"origin": [3.8, 22, -3.2], "size": [3, 3, 0], "pivot": [4.1, 25.9, -3], "rotation": [5.22206, 34.65749, 9.13039], "uv": [0, 112]},
						{"origin": [4, 25.9, -2.4], "size": [3, 3, 0], "pivot": [3.1, 27.9, -3], "rotation": [11.89031, 33.16347, 21.05215], "uv": [0, 112]},
						{"origin": [-6.8, 22, -3.2], "size": [3, 3, 0], "pivot": [-4.1, 25.9, -3], "rotation": [5.22206, -34.65749, -9.13039], "uv": [0, 112], "mirror": true},
						{"origin": [-7, 25.9, -2.4], "size": [3, 3, 0], "pivot": [-3.1, 27.9, -3], "rotation": [11.89031, -33.16347, -21.05215], "uv": [0, 112], "mirror": true}
					]
				},
				{
					"name": "chest",
					"parent": "torso",
					"pivot": [0, 30.9, 0],
					"cubes": [
						{"origin": [-6.5, 28.9, -4], "size": [13, 8, 9], "inflate": 0.01, "uv": [0, 39]},
						{"origin": [-8.7, 34.7, -4.2], "size": [3, 3, 0], "pivot": [-5.5, 34.9, -3], "rotation": [-6.1865, -29.11953, 43.90191], "uv": [0, 112], "mirror": true},
						{"origin": [-8.8, 31.7, -4], "size": [3, 3, 0], "pivot": [-5.5, 28.5, -3], "rotation": [0, -35, 0], "uv": [0, 112], "mirror": true},
						{"origin": [-8, 28.7, -3.8], "size": [3, 3, 0], "pivot": [-4.5, 29.9, -3], "rotation": [-2.27794, -34.65749, -9.13039], "uv": [0, 112], "mirror": true},
						{"origin": [5.8, 31.7, -4], "size": [3, 3, 0], "pivot": [5.5, 28.5, -3], "rotation": [0, 35, 0], "uv": [0, 112]},
						{"origin": [5.7, 34.7, -4.2], "size": [3, 3, 0], "pivot": [5.5, 34.9, -3], "rotation": [-6.1865, 29.11953, -43.90191], "uv": [0, 112]},
						{"origin": [5, 28.7, -3.8], "size": [3, 3, 0], "pivot": [4.5, 29.9, -3], "rotation": [-2.27794, 34.65749, 9.13039], "uv": [0, 112]}
					]
				},
				{
					"name": "fin",
					"parent": "chest",
					"pivot": [0, 34.4, 2.5],
					"rotation": [-20, 0, 0],
					"cubes": [
						{"origin": [0, 25.9, 2], "size": [0, 12, 27], "uv": [0, 0]}
					]
				},
				{
					"name": "neck0",
					"parent": "chest",
					"pivot": [0, 36.65, -0.5]
				},
				{
					"name": "neck",
					"parent": "neck0",
					"pivot": [0, 35.4, 1.25],
					"cubes": [
						{"origin": [-3.5, 36.4, -3], "size": [7, 8, 7], "uv": [76, 38]}
					]
				},
				{
					"name": "head",
					"parent": "neck",
					"pivot": [0, 43.4, -0.5],
					"rotation": [7.5, 0, 0],
					"cubes": [
						{"origin": [3.22414, 42.9, -4.99534], "size": [0, 1, 1], "pivot": [3.22414, 43.4, -4.49534], "rotation": [-45, 15, 0], "uv": [38, 3]},
						{"origin": [-3.22414, 42.9, -4.99534], "size": [0, 1, 1], "pivot": [-3.22414, 43.4, -4.49534], "rotation": [-45, -15, 0], "uv": [38, 0]},
						{"origin": [-3.5, 40.9, -3.5], "size": [7, 3, 3], "inflate": -0.01, "uv": [73, 105]},
						{"origin": [-5.004, 45.4, -8.504], "size": [7, 3, 7], "inflate": 0.004, "pivot": [0, 42.4, -3.5], "rotation": [0, -45, 0], "uv": [76, 53]},
						{"origin": [-2.6, 44, 1.9], "size": [5, 4, 5], "pivot": [0, 48.4, 4.5], "rotation": [-9.90648, -44.35041, 6.97401], "uv": [97, 32]},
						{"origin": [3.5, 46.4, -4], "size": [4, 1, 3], "pivot": [4.5, 42.9, -2], "rotation": [-5, 0, 0], "uv": [50, 64]},
						{"origin": [-4.5, 45.4, -5.6], "size": [9, 3, 10], "inflate": 0.003, "uv": [54, 25]},
						{"origin": [-4, 43.4, -5.6], "size": [8, 4, 10], "inflate": 0.002, "uv": [24, 64]},
						{"origin": [-9.5, 45.4, -7], "size": [3, 3, 9], "pivot": [-8, 45.4, -3.5], "rotation": [-5, 0, 0], "uv": [86, 73]},
						{"origin": [-7.5, 46.4, -4], "size": [4, 1, 3], "pivot": [-4.5, 42.9, -2], "rotation": [-5, 0, 0], "uv": [25, 60]},
						{"origin": [6.5, 45.4, -7], "size": [3, 3, 9], "pivot": [8, 45.4, -3.5], "rotation": [-5, 0, 0], "uv": [71, 82]}
					]
				},
				{
					"name": "face",
					"parent": "head",
					"pivot": [-1.1, 43.7, -4],
					"rotation": [15, 0, 0],
					"cubes": [
						{"origin": [-4, 43.9, -7.9], "size": [6, 3, 6], "inflate": 0.003, "pivot": [0, 42.9, -3.9], "rotation": [0, -45, 0], "uv": [97, 14]},
						{"origin": [-4, 42.9, -7.9], "size": [0, 1, 1], "pivot": [0, 42.9, -3.9], "rotation": [0, -45, 0], "uv": [32, 7]},
						{"origin": [-4, 42.9, -7.9], "size": [1, 1, 0], "pivot": [0, 42.9, -3.9], "rotation": [0, -45, 0], "uv": [44, 25]},
						{"origin": [2.70651, 43.4, -6.92719], "size": [0, 1, 1], "pivot": [2.70651, 43.9, -6.42719], "rotation": [-45, 15, 0], "uv": [38, 1]},
						{"origin": [-2.70651, 43.4, -6.92719], "size": [0, 1, 1], "pivot": [-2.70651, 43.9, -6.42719], "rotation": [-45, -15, 0], "uv": [34, 0]}
					]
				},
				{
					"name": "eye_left",
					"parent": "face",
					"pivot": [2.4355, 42.15, -6.02839],
					"rotation": [-7.48815, 0.32663, 7.48815],
					"cubes": [
						{"origin": [2.24198, 44.45045, -7.11771], "size": [1, 2, 1], "inflate": 0.001, "pivot": [2.4355, 42.15, -6.02839], "rotation": [0, 45, 0], "uv": [30, 0]},
						{"origin": [1.37648, 43.85048, -5.28294], "size": [1, 1, 1], "inflate": -0.19, "pivot": [2.1, 41.7, -7.4], "rotation": [45, 45, 0], "uv": [118, 87]},
						{"origin": [1.00548, 43.75048, -5.18294], "size": [1, 1, 1], "inflate": 0.171, "pivot": [2.1, 41.7, -7.4], "rotation": [45, 45, 0], "uv": [112, 101]},
						{"origin": [1.00448, 43.05048, -4.48294], "size": [1, 1, 1], "inflate": 0.17, "pivot": [2.1, 41.7, -7.4], "rotation": [45, 45, 0], "uv": [41, 43]}
					]
				},
				{
					"name": "eyelid_left2",
					"parent": "eye_left",
					"pivot": [2.4355, 42.15, -6.02839],
					"cubes": [
						{"origin": [2.92148, 45.45045, -3.48932], "size": [1, 1, 3], "inflate": 0.02, "pivot": [-0.4, 39.9, -3.9], "rotation": [20, 45, 0], "uv": [64, 35]}
					]
				},
				{
					"name": "eyelid_left",
					"parent": "eye_left",
					"pivot": [0.4355, 42.4, -6.02839],
					"cubes": [
						{"origin": [1.61648, 43.95045, -2.78932], "size": [1, 2, 3], "inflate": 0.02, "pivot": [-2.4, 39.9, -3.9], "rotation": [20, 45, 0], "uv": [0, 86]}
					]
				},
				{
					"name": "eye_right",
					"parent": "face",
					"pivot": [-2.4355, 42.15, -6.02839],
					"rotation": [-7.48815, -0.32663, -7.48815],
					"cubes": [
						{"origin": [-3.24198, 44.45045, -7.11771], "size": [1, 2, 1], "inflate": 0.001, "pivot": [-2.4355, 42.15, -6.02839], "rotation": [0, -45, 0], "uv": [30, 0], "mirror": true},
						{"origin": [-2.37648, 43.85048, -5.28294], "size": [1, 1, 1], "inflate": -0.19, "pivot": [-2.1, 41.7, -7.4], "rotation": [45, -45, 0], "uv": [118, 87], "mirror": true},
						{"origin": [-2.00548, 43.75048, -5.18294], "size": [1, 1, 1], "inflate": 0.171, "pivot": [-2.1, 41.7, -7.4], "rotation": [45, -45, 0], "uv": [112, 101], "mirror": true},
						{"origin": [-2.00448, 43.05048, -4.48294], "size": [1, 1, 1], "inflate": 0.17, "pivot": [-2.1, 41.7, -7.4], "rotation": [45, -45, 0], "uv": [41, 43], "mirror": true}
					]
				},
				{
					"name": "eyelid_right2",
					"parent": "eye_right",
					"pivot": [-2.4355, 42.15, -6.02839],
					"cubes": [
						{"origin": [-3.92148, 45.45045, -3.48932], "size": [1, 1, 3], "inflate": 0.02, "pivot": [0.4, 39.9, -3.9], "rotation": [20, -45, 0], "uv": [64, 35], "mirror": true}
					]
				},
				{
					"name": "eyelid_right",
					"parent": "eye_right",
					"pivot": [-0.4355, 42.4, -6.02839],
					"cubes": [
						{"origin": [-2.61648, 43.95045, -2.78932], "size": [1, 2, 3], "inflate": 0.02, "pivot": [2.4, 39.9, -3.9], "rotation": [20, -45, 0], "uv": [0, 86], "mirror": true}
					]
				},
				{
					"name": "jaw",
					"parent": "head",
					"pivot": [0, 42.9, -2.75],
					"cubes": [
						{"origin": [-2.9, 40.7, -7.4], "size": [5, 2, 5], "inflate": -0.01, "pivot": [0, 41.9, -4.5], "rotation": [0, -45, 0], "uv": [100, 4]},
						{"origin": [-2.89859, 38.71, -7.38486], "size": [0, 2, 5], "pivot": [0.00141, 42.91, -4.48586], "rotation": [0, -45, 0], "uv": [0, 0]},
						{"origin": [-2.86464, 38.71, -7.37121], "size": [5, 2, 0], "pivot": [0.03536, 42.91, -4.52121], "rotation": [0, -45, 0], "uv": [24, 25]},
						{"origin": [-3.15772, 41.7, -6.1364], "size": [0, 1, 1], "pivot": [-2.75772, 42.7, -5.1364], "rotation": [-45, -45, 0], "uv": [32, 2]},
						{"origin": [-1.7435, 41.7, -7.55061], "size": [0, 1, 1], "pivot": [-1.3435, 42.7, -6.55061], "rotation": [-45, -45, 0], "uv": [30, 2]},
						{"origin": [3.15772, 41.7, -6.1364], "size": [0, 1, 1], "pivot": [2.75772, 42.7, -5.1364], "rotation": [-45, 45, 0], "uv": [30, 0]},
						{"origin": [3.45772, 43, -4.7364], "size": [0, 1, 1], "pivot": [2.75772, 42.7, -5.1364], "rotation": [-45, 0, 0], "uv": [8, 8]},
						{"origin": [-3.45772, 43, -4.7364], "size": [0, 1, 1], "pivot": [-2.75772, 42.7, -5.1364], "rotation": [-45, 0, 0], "uv": [8, 7]},
						{"origin": [1.7435, 41.7, -7.55061], "size": [0, 1, 1], "pivot": [1.3435, 42.7, -6.55061], "rotation": [-45, 45, 0], "uv": [8, 6]},
						{"origin": [-3.5, 40.7, -5], "size": [7, 2, 4], "inflate": 0.01, "uv": [97, 53]},
						{"origin": [-2.5, 42.5, -5.5], "size": [5, 1, 4], "uv": [72, 20]},
						{"origin": [3.5, 40.7, -3], "size": [0, 4, 4], "pivot": [3.5, 40.9, -3], "rotation": [4.43999, 17.01405, 13.06937], "uv": [0, 35]},
						{"origin": [-3.5, 40.7, -3], "size": [0, 4, 4], "pivot": [-3.5, 40.9, -3], "rotation": [4.43999, -17.01405, -13.06937], "uv": [30, 0]}
					]
				},
				{
					"name": "arm_right",
					"parent": "chest",
					"pivot": [-5.15, 33.7, -0.5],
					"rotation": [0, 0, 45],
					"cubes": [
						{"origin": [-10.65, 30.7, -3], "size": [6, 6, 5], "uv": [71, 94]}
					]
				},
				{
					"name": "arm_right2",
					"parent": "arm_right",
					"pivot": [-8.15, 31.2, -0.5],
					"rotation": [0, 0, -45],
					"cubes": [
						{"origin": [-14.65, 29.7, -2], "size": [7, 3, 3], "uv": [19, 102]},
						{"origin": [-13.4, 27.7, -0.5], "size": [2, 2, 0], "uv": [50, 25]},
						{"origin": [-10.4, 27.7, -0.5], "size": [2, 2, 0], "uv": [4, 46]}
					]
				},
				{
					"name": "arm_right3",
					"parent": "arm_right2",
					"pivot": [-14.15, 31.2, -0.5],
					"cubes": [
						{"origin": [-23.65, 30.2, -1.5], "size": [10, 2, 2], "uv": [97, 23]},
						{"origin": [-31.65, 12.7, -0.5], "size": [16, 25, 0], "uv": [44, 39]}
					]
				},
				{
					"name": "arm_left",
					"parent": "chest",
					"pivot": [5.15, 33.7, -0.5],
					"rotation": [0, 0, -45],
					"cubes": [
						{"origin": [4.65, 30.7, -3], "size": [6, 6, 5], "uv": [0, 93]}
					]
				},
				{
					"name": "arm_left2",
					"parent": "arm_left",
					"pivot": [8.15, 31.2, -0.5],
					"rotation": [0, 0, 45],
					"cubes": [
						{"origin": [7.65, 29.7, -2], "size": [7, 3, 3], "uv": [101, 73]},
						{"origin": [11.4, 27.7, -0.5], "size": [2, 2, 0], "uv": [0, 46]},
						{"origin": [8.4, 27.7, -0.5], "size": [2, 2, 0], "uv": [36, 8]}
					]
				},
				{
					"name": "arm_left3",
					"parent": "arm_left2",
					"pivot": [14.15, 31.2, -0.5],
					"cubes": [
						{"origin": [13.65, 30.2, -1.5], "size": [10, 2, 2], "uv": [93, 0]},
						{"origin": [15.65, 12.7, -0.5], "size": [16, 25, 0], "uv": [40, 0]}
					]
				},
				{
					"name": "tail",
					"parent": "torso",
					"pivot": [0, 19.4, 0],
					"rotation": [-45, 0, 0],
					"cubes": [
						{"origin": [-5, 13.6, -3], "size": [10, 11, 10], "uv": [0, 0]}
					]
				},
				{
					"name": "tail2",
					"parent": "tail",
					"pivot": [0, 19, 7.5],
					"cubes": [
						{"origin": [-4, 15.5, 6], "size": [8, 8, 9], "uv": [0, 56]}
					]
				},
				{
					"name": "tail3",
					"parent": "tail2",
					"pivot": [0, 19, 14.5],
					"cubes": [
						{"origin": [-2.5, 17, 13], "size": [5, 5, 9], "uv": [28, 78]}
					]
				},
				{
					"name": "tail4",
					"parent": "tail3",
					"pivot": [0, 19, 20.5],
					"cubes": [
						{"origin": [-1.5, 18, 19.75], "size": [3, 3, 9], "uv": [82, 20]},
						{"origin": [-1, 18.5, 28.75], "size": [2, 2, 3], "uv": [0, 0]},
						{"origin": [0, 12, 24.75], "size": [0, 6, 12], "uv": [56, 70]},
						{"origin": [0, 21, 24.75], "size": [0, 6, 12], "uv": [0, 9]}
					]
				},
				{
					"name": "leg_right0",
					"parent": "body",
					"pivot": [-6, 18.9, 1.25],
					"rotation": [0, 0, 15]
				},
				{
					"name": "leg_right1",
					"parent": "leg_right0",
					"pivot": [-6, 18.9, 1.25],
					"rotation": [-35, 15, 0],
					"cubes": [
						{"origin": [-10, 8.4, -1.75], "size": [7, 13, 7], "uv": [0, 73]},
						{"origin": [-6.5, 16.4, -5.25], "size": [0, 3, 4], "uv": [54, 27]},
						{"origin": [-6.5, 12.4, -5.25], "size": [0, 3, 4], "uv": [0, 52]},
						{"origin": [-6.5, 8.2, -7.45], "size": [0, 4, 7], "pivot": [-7.5, 11.9, -0.25], "rotation": [40, 0, 0], "uv": [25, 49]}
					]
				},
				{
					"name": "leg_right2",
					"parent": "leg_right1",
					"pivot": [-7, 9.9, -0.25],
					"rotation": [50, 0, -15],
					"cubes": [
						{"origin": [-9, 1.4, -0.75], "size": [4, 8, 4], "uv": [93, 97]}
					]
				},
				{
					"name": "foot_right",
					"parent": "leg_right2",
					"pivot": [-7, 1.4, 3.25],
					"rotation": [35, 0, -2.5],
					"cubes": [
						{"origin": [-10, 0.4, -2.75], "size": [6, 4, 6], "pivot": [-6, -3.6, 2.25], "rotation": [5, 0, 0], "uv": [92, 63]}
					]
				},
				{
					"name": "foot_right2",
					"parent": "foot_right",
					"pivot": [-7, -0.1, -3.15],
					"rotation": [-47.47437, -1.43364, -2.04831],
					"cubes": [
						{"origin": [-10.5, -0.1, -9.15], "size": [7, 3, 6], "uv": [89, 88]}
					]
				},
				{
					"name": "toes_right",
					"parent": "foot_right2",
					"pivot": [-7, -0.1, -9.05],
					"cubes": [
						{"origin": [-5, -0.1, -13.05], "size": [0, 3, 4], "pivot": [-5.5, 1.4, -8.05], "rotation": [0, -10, 0], "uv": [0, 58]},
						{"origin": [-7, -0.1, -13.35], "size": [0, 3, 4], "uv": [36, 56]},
						{"origin": [-9, -0.1, -13.05], "size": [0, 3, 4], "pivot": [-8.5, 1.4, -8.05], "rotation": [0, 10, 0], "uv": [0, 55]}
					]
				},
				{
					"name": "leg_left0",
					"parent": "body",
					"pivot": [6, 18.9, 1.25],
					"rotation": [0, 0, -15]
				},
				{
					"name": "leg_left1",
					"parent": "leg_left0",
					"pivot": [6, 18.9, 1.25],
					"rotation": [-35, -15, 0],
					"cubes": [
						{"origin": [3, 8.4, -1.75], "size": [7, 13, 7], "uv": [72, 0]},
						{"origin": [6.5, 16.4, -5.25], "size": [0, 3, 4], "uv": [35, 35]},
						{"origin": [6.5, 12.4, -5.25], "size": [0, 3, 4], "uv": [0, 3]},
						{"origin": [6.5, 8.2, -7.45], "size": [0, 4, 7], "pivot": [7.5, 11.9, -0.25], "rotation": [40, 0, 0], "uv": [24, 14]}
					]
				},
				{
					"name": "leg_left2",
					"parent": "leg_left1",
					"pivot": [7, 9.9, -0.25],
					"rotation": [50, 0, 15],
					"cubes": [
						{"origin": [5, 1.4, -0.75], "size": [4, 8, 4], "uv": [46, 97]}
					]
				},
				{
					"name": "foot_left",
					"parent": "leg_left2",
					"pivot": [7, 1.4, 3.25],
					"rotation": [35, 0, 2.5],
					"cubes": [
						{"origin": [4, 0.4, -2.75], "size": [6, 4, 6], "pivot": [6, -3.6, 2.25], "rotation": [5, 0, 0], "uv": [22, 92]}
					]
				},
				{
					"name": "foot_left2",
					"parent": "foot_left",
					"pivot": [7, -0.1, -3.15],
					"rotation": [-47.47437, 1.43364, 2.04831],
					"cubes": [
						{"origin": [3.5, -0.1, -9.15], "size": [7, 3, 6], "uv": [50, 88]}
					]
				},
				{
					"name": "toes_left",
					"parent": "foot_left2",
					"pivot": [7, -0.1, -9.05],
					"cubes": [
						{"origin": [5, -0.1, -13.05], "size": [0, 3, 4], "pivot": [5.5, 1.4, -8.05], "rotation": [0, 10, 0], "uv": [35, 41]},
						{"origin": [7, -0.1, -13.35], "size": [0, 3, 4], "uv": [0, 39]},
						{"origin": [9, -0.1, -13.05], "size": [0, 3, 4], "pivot": [8.5, 1.4, -8.05], "rotation": [0, -10, 0], "uv": [35, 38]}
					]
				}
			]
		}
	]
}