{
	"format_version": "1.12.0",
	"minecraft:geometry": [
		{
			"description": {
				"identifier": "geometry.masquerjade",
				"texture_width": 128,
				"texture_height": 128,
				"visible_bounds_width": 4,
				"visible_bounds_height": 3.5,
				"visible_bounds_offset": [0, 1.25, 0]
			},
			"bones": [
				{
					"name": "masquerjade",
					"pivot": [0, 0, 0]
				},
				{
					"name": "body",
					"parent": "masquerjade",
					"pivot": [0.2, 9.36994, -7.10543],
					"cubes": [
						{"origin": [-2.82718, 6.33034, -7.68686], "size": [6, 7, 0], "pivot": [0.17282, 8.73034, -7.68686], "rotation": [5.5, 0, 0], "uv": [54, 26]}
					]
				},
				{
					"name": "head",
					"parent": "body",
					"pivot": [0.17282, 8.45534, -7.18686],
					"cubes": [
						{"origin": [-4.72718, 5.95534, -10.68686], "size": [0, 5, 7], "inflate": 0.001, "uv": [0, 42]},
						{"origin": [5.07282, 5.95534, -10.68686], "size": [0, 5, 7], "inflate": 0.001, "uv": [42, 3]}
					]
				},
				{
					"name": "segment1",
					"parent": "head",
					"pivot": [0.17282, 10.95534, -3.68686],
					"cubes": [
						{"origin": [-2.32718, 6.45534, -3.68686], "size": [5, 8, 12], "uv": [0, 15]},
						{"origin": [0.17282, 9.05534, -2.68686], "size": [0, 14, 12], "pivot": [0.17282, 16.05534, 3.31314], "rotation": [-12.5, 0, 0], "uv": [0, 91]},
						{"origin": [0.17282, 4.15534, -3.38686], "size": [0, 5, 13], "pivot": [0.17282, 8.78034, -4.51186], "rotation": [-4, 0, 0], "uv": [80, 102]}
					]
				},
				{
					"name": "segment2",
					"parent": "segment1",
					"pivot": [0.17282, 9.95534, 8.41314],
					"cubes": [
						{"origin": [-1.82718, 6.45534, 8.31314], "size": [4, 7, 5], "uv": [38, 45]}
					]
				},
				{
					"name": "tail",
					"parent": "segment2",
					"pivot": [0.17282, 9.95534, 13.16314],
					"cubes": [
						{"origin": [-0.82718, 5.45534, 13.31314], "size": [2, 9, 2], "uv": [0, 15]},
						{"origin": [0.17282, 0.45534, 13.31314], "size": [0, 19, 7], "uv": [39, 92]}
					]
				},
				{
					"name": "topjaw",
					"parent": "head",
					"pivot": [0.04215, 7.98108, -3.92615],
					"cubes": [
						{"origin": [-4.82718, 7.95534, -12.68686], "size": [10, 5, 9], "uv": [25, 26]},
						{"origin": [-4.82718, 7.95534, -12.68686], "size": [0, 5, 9], "inflate": -0.001, "uv": [51, 26]},
						{"origin": [5.17282, 7.95534, -12.68686], "size": [0, 5, 9], "uv": [69, 17]},
						{"origin": [-4.82718, 7.95534, -3.68686], "size": [10, 5, 0], "uv": [53, 35]},
						{"origin": [-5.32718, 9.95534, -13.18686], "size": [11, 5, 10], "uv": [0, 0]},
						{"origin": [-4.82718, 14.95534, -12.68686], "size": [10, 1, 9], "uv": [32, 0]},
						{"origin": [2.17282, 14.95534, -9.68686], "size": [4, 4, 4], "pivot": [7.17282, 16.95534, -7.68686], "rotation": [0, 0, -42.5], "uv": [51, 15]},
						{"origin": [4.47282, 19.25534, -9.18686], "size": [2, 3, 3], "pivot": [11.17282, 20.95534, -7.68686], "rotation": [0, 0, -42.5], "uv": [0, 0]},
						{"origin": [-7.82718, 10.95534, -9.68686], "size": [4, 4, 4], "pivot": [-2.82718, 12.95534, -7.68686], "rotation": [0, 0, 42.5], "uv": [51, 40]},
						{"origin": [-9.82718, 11.45534, -9.18686], "size": [2, 3, 3], "pivot": [-2.82718, 12.95534, -7.68686], "rotation": [0, 0, 42.5], "uv": [14, 49]}
					]
				},
				{
					"name": "botjaw",
					"parent": "head",
					"pivot": [0.13439, 8.06884, -3.90558],
					"cubes": [
						{"origin": [-4.82718, 5.95534, -12.68686], "size": [10, 2, 9], "uv": [22, 15]},
						{"origin": [-4.82718, 5.95534, -12.68686], "size": [0, 2, 9], "inflate": -0.001, "uv": [42, 15]},
						{"origin": [5.17282, 5.95534, -12.68686], "size": [0, 2, 9], "inflate": -0.001, "uv": [42, 15]},
						{"origin": [-4.82718, 5.95534, -3.68686], "size": [10, 2, 0], "uv": [53, 38]},
						{"origin": [-4.82718, 5.95534, -12.68686], "size": [10, 0, 9], "uv": [58, 26]},
						{"origin": [1.47675, 3.78593, -13.53438], "size": [5, 2, 4], "pivot": [5.70249, 4.80931, -11.53438], "rotation": [15.80801, 22.46869, 35.09059], "uv": [0, 54]},
						{"origin": [6.42822, 4.33268, -13.03438], "size": [2, 1, 3], "pivot": [5.70249, 4.80931, -11.53438], "rotation": [15.80801, 22.46869, 35.09059], "uv": [56, 10]},
						{"origin": [-10.29626, 3.47065, -13.76504], "size": [5, 2, 4], "pivot": [-5.72052, 4.49402, -11.76504], "rotation": [-14.16825, 23.50366, 146.23814], "uv": [52, 53]},
						{"origin": [-5.34479, 4.01739, -13.26504], "size": [2, 1, 3], "pivot": [-5.72052, 4.49402, -11.76504], "rotation": [-14.16825, 23.50366, 146.23814], "uv": [0, 6]}
					]
				}
			]
		}
	]
}