{
	"format_version": "1.12.0",
	"minecraft:geometry": [
		{
			"description": {
				"identifier": "geometry.emberam",
				"texture_width": 64,
				"texture_height": 64,
				"visible_bounds_width": 3,
				"visible_bounds_height": 2.5,
				"visible_bounds_offset": [0, 0.75, 0]
			},
			"bones": [
				{
					"name": "emberam",
					"pivot": [0, 0, 0]
				},
				{
					"name": "body",
					"parent": "emberam",
					"pivot": [0.25, 9.64486, 0.24209],
					"cubes": [
						{"origin": [0.25, 8.25, -0.9], "size": [0, 2, 3], "pivot": [-0.75, 8.25, -0.9], "rotation": [17, 0, 0], "uv": [0, 17]}
					]
				},
				{
					"name": "torso",
					"parent": "body",
					"pivot": [0.25, 6.25, -1.1],
					"cubes": [
						{"origin": [-2.25, 5.25, -5.1], "size": [5, 4, 8], "uv": [0, 14]},
						{"origin": [0.25, 6.75, -5.85], "size": [0, 1, 1], "uv": [0, 5]},
						{"origin": [-0.25, 8.75, -5.85], "size": [2, 1, 2], "pivot": [0.75, 8.75, -4.85], "rotation": [0, 0, -90], "uv": [28, 40]}
					]
				},
				{
					"name": "neck",
					"parent": "torso",
					"pivot": [0.25, 8.75, -3],
					"cubes": [
						{"origin": [-1.75, 8.75, -5], "size": [4, 2, 4], "uv": [18, 14]}
					]
				},
				{
					"name": "head",
					"parent": "neck",
					"pivot": [0.25, 10.5, -3.25],
					"cubes": [
						{"origin": [-3.25, 10.5, -7.25], "size": [7, 7, 7], "uv": [0, 0]},
						{"origin": [-1.25, 13.5, -7.5], "size": [3, 4, 1], "inflate": 0.01, "uv": [36, 24]},
						{"origin": [3, 16, -6.25], "size": [1, 1, 1], "inflate": 0.01, "uv": [30, 14]},
						{"origin": [1.75, 16.5, -7.5], "size": [2, 1, 2], "inflate": 0.01, "uv": [0, 42]},
						{"origin": [-3.25, 16.5, -7.5], "size": [2, 1, 2], "inflate": 0.01, "uv": [41, 3]},
						{"origin": [-3.5, 16, -6.25], "size": [1, 1, 1], "inflate": 0.01, "uv": [18, 16]},
						{"origin": [-2.25, 10.5, -7.85], "size": [5, 3, 1], "pivot": [-0.25, 10.5, -7.85], "rotation": [7, 0, 0], "uv": [28, 20]},
						{"origin": [0.25, 10.25, -1.25], "size": [0, 2, 2], "pivot": [-0.75, 10.25, -0.25], "rotation": [-22.5, 0, 0], "uv": [18, 12]},
						{"origin": [0.25, 12.5, -1], "size": [0, 2, 3], "uv": [28, 21]}
					]
				},
				{
					"name": "fur_tuft_right",
					"parent": "head",
					"pivot": [3.71732, 12.1, -4.27388],
					"cubes": [
						{"origin": [3.71732, 10.6, -4.77388], "size": [0, 3, 3], "pivot": [3.71732, 12.1, -4.27388], "rotation": [10, 22.5, 0], "uv": [12, 23]}
					]
				},
				{
					"name": "fur_ruft_left",
					"parent": "head",
					"pivot": [-3.21732, 12.1, -4.27388],
					"cubes": [
						{"origin": [-3.21732, 10.6, -4.77388], "size": [0, 3, 3], "pivot": [-3.21732, 12.1, -4.27388], "rotation": [10, -22.5, 0], "uv": [0, 0]}
					]
				},
				{
					"name": "ear_right",
					"parent": "head",
					"pivot": [3.27671, 15.62648, -0.78222],
					"cubes": [
						{"origin": [2.95, 14.4, -3.25], "size": [1, 5, 4], "pivot": [2.95, 16.4, -0.80659], "rotation": [-30.19263, 6.40865, 39.56869], "uv": [6, 26]},
						{"origin": [3.45, 13.6, -3.35], "size": [0, 3, 3], "pivot": [2.45, 14.8538, -0.90659], "rotation": [-37.10964, 8.90239, 43.94178], "uv": [0, 36]},
						{"origin": [3.45, 17.96799, -2.7973], "size": [0, 3, 4], "pivot": [3.45, 16.2538, -0.80659], "rotation": [-20.19263, 6.40865, 39.56869], "uv": [0, 13]}
					]
				},
				{
					"name": "ear_left",
					"parent": "head",
					"pivot": [-2.82136, 15.70415, -0.74501],
					"cubes": [
						{"origin": [-3.35, 14, -3.25], "size": [1, 5, 4], "pivot": [-3.35, 16, -0.80659], "rotation": [-30.19263, -6.40865, -39.56869], "uv": [22, 22]},
						{"origin": [-2.95, 17.96799, -2.7973], "size": [0, 3, 4], "pivot": [-2.95, 16.2538, -0.80659], "rotation": [-20.19263, -6.40865, -39.56869], "uv": [0, 10]},
						{"origin": [-2.95, 13.6, -3.35], "size": [0, 3, 3], "pivot": [-1.95, 14.8538, -0.90659], "rotation": [-37.10964, -8.90239, -43.94178], "uv": [0, 27]}
					]
				},
				{
					"name": "horn_right",
					"parent": "head",
					"pivot": [2.62166, 16.91871, -3.75],
					"cubes": [
						{"origin": [1.65308, 15.58151, -4.75], "size": [2, 3, 2], "pivot": [2.62166, 16.91871, -3.75], "rotation": [-9.25249, 3.81024, 12.19157], "uv": [30, 35]},
						{"origin": [1.44782, 17.8776, -4.25], "size": [1, 2, 1], "pivot": [2.62166, 16.91871, -3.75], "rotation": [-7.10708, 7.05302, 34.56145], "uv": [18, 26]}
					]
				},
				{
					"name": "horn_left",
					"parent": "head",
					"pivot": [-2.12166, 16.91871, -3.75],
					"cubes": [
						{"origin": [-3.15308, 15.58151, -4.75], "size": [2, 3, 2], "pivot": [-2.12166, 16.91871, -3.75], "rotation": [-9.25249, -3.81024, -12.19157], "uv": [8, 35]},
						{"origin": [-1.94782, 17.8776, -4.25], "size": [1, 2, 1], "pivot": [-2.12166, 16.91871, -3.75], "rotation": [-7.10708, -7.05302, -34.56145], "uv": [21, 0]}
					]
				},
				{
					"name": "hair",
					"parent": "head",
					"pivot": [0.25, 16.9, -5.05],
					"cubes": [
						{"origin": [-1.25, 15.4, -7.05], "size": [3, 3, 4], "pivot": [0.25, 16.9, -5.05], "rotation": [22.5, 0, 0], "uv": [21, 0]}
					]
				},
				{
					"name": "hair_tip",
					"parent": "hair",
					"pivot": [0.25, 17.70866, -3.21194],
					"cubes": [
						{"origin": [0.25, 16.20866, -4.71194], "size": [0, 3, 3], "pivot": [0.25, 17.70866, -3.21194], "rotation": [27.5, 0, 0], "uv": [6, 37]}
					]
				},
				{
					"name": "eye_right",
					"parent": "head",
					"pivot": [3.25, 14.45, -6.25],
					"cubes": [
						{"origin": [2.75, 12.95, -7.25], "size": [1, 3, 2], "inflate": 0.02, "uv": [24, 42]},
						{"origin": [2.75, 14.5, -7.25], "size": [1, 1, 1], "inflate": 0.03, "uv": [31, 0]}
					]
				},
				{
					"name": "eye_white_left",
					"parent": "head",
					"pivot": [-2.75, 16, -6.25],
					"cubes": [
						{"origin": [-3.25, 14.5, -7.25], "size": [1, 1, 1], "inflate": 0.03, "uv": [30, 16]},
						{"origin": [-3.25, 12.95, -7.25], "size": [1, 3, 2], "inflate": 0.02, "uv": [18, 41]}
					]
				},
				{
					"name": "mouth_open",
					"parent": "head",
					"pivot": [0.25, 11.9876, -7.94273],
					"cubes": [
						{"origin": [-1.25, 10.4876, -7.94273], "size": [3, 3, 0], "pivot": [0.25, 11.9876, -7.94273], "rotation": [7, 0, 0], "uv": [0, 0]}
					]
				},
				{
					"name": "mouth",
					"parent": "head",
					"pivot": [-0.25, 10.5, -7.85],
					"cubes": [
						{"origin": [-2.25, 11, -7.8], "size": [5, 2, 0], "pivot": [-0.25, 10, -7.85], "rotation": [7, 0, 0], "uv": [18, 20]}
					]
				},
				{
					"name": "tail",
					"parent": "torso",
					"pivot": [0.25, 8.35, 2.65],
					"cubes": [
						{"origin": [-0.75, 7.35, 2.9], "size": [2, 2, 2], "pivot": [0.25, 7.35, 3.9], "rotation": [8, 0, 0], "uv": [16, 36]},
						{"origin": [0.25, 6.45, 2.9], "size": [0, 4, 5], "pivot": [-0.75, 7.45, 4.9], "rotation": [8, 0, 0], "uv": [0, 21]}
					]
				},
				{
					"name": "front_leg_right",
					"parent": "body",
					"pivot": [2.25, 7.25, -3.6],
					"cubes": [
						{"origin": [1.25, 4.25, -4.6], "size": [2, 4, 2], "uv": [0, 33]}
					]
				},
				{
					"name": "front_leg_right2",
					"parent": "front_leg_right",
					"pivot": [2.25, 4.5, -3.5],
					"cubes": [
						{"origin": [1.25, 1.59055, -4.64945], "size": [2, 3, 2], "inflate": 0.01, "pivot": [2.25, 4.5, -3.5], "rotation": [-13, 0, 0], "uv": [35, 5]},
						{"origin": [1.25, 1, -6], "size": [2, 1, 2], "inflate": 0.02, "pivot": [2.25, -1, -5], "rotation": [-13, 0, 0], "uv": [40, 20]}
					]
				},
				{
					"name": "hoof1",
					"parent": "front_leg_right2",
					"pivot": [2.25, 1, -4.35],
					"cubes": [
						{"origin": [1.25, 0, -5.35], "size": [2, 2, 2], "uv": [36, 38]}
					]
				},
				{
					"name": "hind_leg_right",
					"parent": "body",
					"pivot": [2.25, 7.25, 1.4],
					"cubes": [
						{"origin": [1.25, 4.25, -0.1], "size": [2, 4, 3], "pivot": [2.25, 4.25, 1.9], "rotation": [7, 0, 0], "uv": [29, 28]}
					]
				},
				{
					"name": "hind_leg_right2",
					"parent": "hind_leg_right",
					"pivot": [2.25, 4.5, 1.75],
					"cubes": [
						{"origin": [1.25385, 1.64041, 0.78777], "size": [2, 3, 2], "inflate": 0.01, "pivot": [2.25385, 4.25003, 1.74986], "rotation": [-13, 0, 0], "uv": [34, 14]},
						{"origin": [1.25385, 1.00003, -0.50014], "size": [2, 1, 2], "inflate": 0.02, "pivot": [2.25385, -0.99997, 0.49986], "rotation": [-13, 0, 0], "uv": [12, 40]}
					]
				},
				{
					"name": "hoof2",
					"parent": "hind_leg_right2",
					"pivot": [2.25385, 1.00003, 1.14986],
					"cubes": [
						{"origin": [1.25385, 0.00003, 0.14986], "size": [2, 2, 2], "uv": [38, 10]}
					]
				},
				{
					"name": "hind_leg_left",
					"parent": "body",
					"pivot": [-1.75, 7.25, 1.15],
					"cubes": [
						{"origin": [-2.75, 4.25, -0.1], "size": [2, 4, 3], "pivot": [-1.75, 4.25, 1.9], "rotation": [7, 0, 0], "uv": [28, 7]}
					]
				},
				{
					"name": "hind_leg_left2",
					"parent": "hind_leg_left",
					"pivot": [-1.75, 4.5, 1.75],
					"cubes": [
						{"origin": [-2.75, 1.64038, 0.78791], "size": [2, 3, 2], "inflate": 0.01, "pivot": [-1.75, 4.25, 1.75], "rotation": [-13, 0, 0], "uv": [22, 33]},
						{"origin": [-2.75, 1, -0.5], "size": [2, 1, 2], "inflate": 0.02, "pivot": [-1.75, -1, 0.5], "rotation": [-13, 0, 0], "uv": [39, 29]}
					]
				},
				{
					"name": "hoof3",
					"parent": "hind_leg_left2",
					"pivot": [-1.75, 1, 1.15],
					"cubes": [
						{"origin": [-2.75, 0, 0.15], "size": [2, 2, 2], "uv": [37, 33]}
					]
				},
				{
					"name": "front_leg_left",
					"parent": "body",
					"pivot": [-1.75, 7.25, -3.6],
					"cubes": [
						{"origin": [-2.75, 4.25, -4.6], "size": [2, 4, 2], "uv": [16, 29]}
					]
				},
				{
					"name": "front_leg_left2",
					"parent": "front_leg_left",
					"pivot": [-1.75, 4.5, -3.75],
					"cubes": [
						{"origin": [-2.75, 1.64679, -4.65585], "size": [2, 3, 2], "inflate": 0.01, "pivot": [-1.75, 4.5, -3.75], "rotation": [-13, 0, 0], "uv": [35, 0]},
						{"origin": [-2.75, 1, -6], "size": [2, 1, 2], "inflate": 0.02, "pivot": [-1.75, -1, -5], "rotation": [-13, 0, 0], "uv": [40, 17]}
					]
				},
				{
					"name": "hoof4",
					"parent": "front_leg_left2",
					"pivot": [-1.75, 1, -4.35],
					"cubes": [
						{"origin": [-2.75, 0, -5.35], "size": [2, 2, 2], "uv": [22, 38]}
					]
				}
			]
		}
	]
}