{
	"format_version": "1.8.0",
	"animations": {
		"animation.decidueye.ground_idle": {
			"loop": true,
			"bones": {
				"toe_left_front1": {
					"rotation": [0, -7.5, 0]
				},
				"toe_left_front1_end": {
					"rotation": [0, 0, 0]
				},
				"toe_left_front2": {
					"rotation": [0, 7.5, 0]
				},
				"toe_left_front2_end": {
					"rotation": [0, 0, 0]
				},
				"toe_left_back1": {
					"rotation": [0, 7.5, 0]
				},
				"toe_left_back1_end": {
					"rotation": [0, 0, 0]
				},
				"toe_left_back2": {
					"rotation": [0, -7.5, 0]
				},
				"toe_left_back2_end": {
					"rotation": [0, 0, 0]
				},
				"foot_left": {
					"rotation": [9.99067, -0.43399, 2.46207]
				},
				"thigh_left": {
					"rotation": [9.99067, 0.43399, -2.46207]
				},
				"leg_left": {
					"rotation": [-20, 0, 0]
				},
				"cloak_front_left1": {
					"rotation": [0, 0, 0]
				},
				"cloak_front_left2": {
					"rotation": [0, 0, 22.5]
				},
				"cloak_back_right1": {
					"rotation": [0, 0, 35],
					"position": [0, 0, 0]
				},
				"bowtie": {
					"rotation": [-5, 0, 0]
				},
				"cloak_back_right2": {
					"rotation": [0, 0, -7.5]
				},
				"cloak_back_left1": {
					"rotation": [0, 0, -35]
				},
				"cloak_back_left2": {
					"rotation": [0, 0, 7.5]
				},
				"shoulder_cloak_group_left": {
					"rotation": [0, 0, -5]
				},
				"shoulder_cloak_front_left1": {
					"rotation": [0, 0, 5]
				},
				"shoulder_cloak_front_left2": {
					"rotation": [0, 0, 12.5]
				},
				"shoulder_cloak_front_left3": {
					"rotation": [0, 0, -15]
				},
				"shoulder_cloak_middle_left1": {
					"rotation": [0, 0, 7.5]
				},
				"shoulder_cloak_middle_left2": {
					"rotation": [0, 0, 20]
				},
				"shoulder_cloak_middle_left3": {
					"rotation": [0, 0, -17.5]
				},
				"shoulder_cloak_back_left1": {
					"rotation": [0, 0, 5]
				},
				"shoulder_cloak_back_left2": {
					"rotation": [0, 0, 12.5]
				},
				"shoulder_cloak_back_left3": {
					"rotation": [0, 0, -15]
				},
				"cloak_back": {
					"rotation": [0, 0, 0]
				},
				"cloak_back_middle1": {
					"rotation": [0, 0, 0]
				},
				"wing_closed_left3": {
					"rotation": [0, 0, 5]
				},
				"thigh_right": {
					"rotation": [9.99067, -0.43399, 2.46207]
				},
				"leg_right": {
					"rotation": [-20, 0, 0]
				},
				"foot_right": {
					"rotation": [9.99067, 0.43399, -2.46207]
				},
				"toe_right_front1": {
					"rotation": [0, 7.5, 0]
				},
				"toe_right_front2": {
					"rotation": [0, -7.5, 0]
				},
				"toe_right_back1": {
					"rotation": [0, -7.5, 0]
				},
				"toe_right_back2": {
					"rotation": [0, 7.5, 0]
				},
				"cloak_front_right1": {
					"rotation": [0, 0, 0]
				},
				"cloak_front_right2": {
					"rotation": [0, 0, -22.5]
				},
				"wing_closed_right3": {
					"rotation": [0, 0, -5]
				},
				"decidueye": {
					"scale": 1
				},
				"tail1": {
					"rotation": ["0+math.sin(q.anim_time*90*1+45)*2", 0, 0]
				},
				"tail2": {
					"rotation": ["0+math.sin(q.anim_time*90*1-45)*2", 0, 0]
				},
				"tail_feather_right1": {
					"rotation": ["0+math.sin(q.anim_time*90*1-95)*2", 0, 0]
				},
				"tail_feather_right2": {
					"rotation": ["math.sin(q.anim_time*90*1-115)*4", 0, 0]
				},
				"tail_feather_right3": {
					"rotation": ["math.sin(q.anim_time*90*1-195)*5", 0, 0]
				},
				"tail_feather_middle1": {
					"rotation": ["0+math.sin(q.anim_time*90*1-95)*2", 0, 0]
				},
				"tail_feather_middle2": {
					"rotation": ["math.sin(q.anim_time*90*1-115)*4", 0, 0]
				},
				"tail_feather_middle3": {
					"rotation": ["math.sin(q.anim_time*90*1-195)*5", 0, 0]
				},
				"tail_feather_left1": {
					"rotation": ["0+math.sin(q.anim_time*90*1-95)*2", 0, 0]
				},
				"tail_feather_left2": {
					"rotation": ["math.sin(q.anim_time*90*1-115)*4", 0, 0]
				},
				"tail_feather_left3": {
					"rotation": ["math.sin(q.anim_time*90*1-195)*5", 0, 0]
				}
			}
		},
		"animation.decidueye.blink": {
			"animation_length": 0.16667,
			"bones": {
				"eyelid_right": {
					"position": {
						"0.0": [0, 0, -0.1],
						"0.125": [0, 0, -0.1],
						"0.1667": [0, 0, 0]
					}
				},
				"eyelid_left": {
					"position": {
						"0.0": [0, 0, -0.1],
						"0.125": [0, 0, -0.1],
						"0.1667": [0, 0, 0]
					}
				}
			}
		}
	}
}