{
	"format_version": "1.12.0",
	"minecraft:geometry": [
		{
			"description": {
				"identifier": "geometry.terroferno",
				"texture_width": 256,
				"texture_height": 256,
				"visible_bounds_width": 4,
				"visible_bounds_height": 4.5,
				"visible_bounds_offset": [0, 1.75, 0]
			},
			"bones": [
				{
					"name": "terroferno",
					"pivot": [0, 0, 0]
				},
				{
					"name": "body",
					"parent": "terroferno",
					"pivot": [0, 25, 0],
					"rotation": [-10, 0, 0],
					"cubes": [
						{"origin": [-7, 14, -12], "size": [14, 13, 23], "uv": [0, 82]}
					]
				},
				{
					"name": "leftwingopen",
					"parent": "body",
					"pivot": [4, 25, -10],
					"rotation": [0, -12.5, 0],
					"cubes": [
						{"origin": [3, 22, -11], "size": [17, 4, 6], "uv": [144, 25]},
						{"origin": [4, 25.25, -8], "size": [16, 0, 23], "uv": [88, 19]}
					]
				},
				{
					"name": "leftwingopen2",
					"parent": "leftwingopen",
					"pivot": [18, 25, -9.75],
					"rotation": [0, 32.5, 0],
					"cubes": [
						{"origin": [17, 22.5, -9.75], "size": [23, 3, 5], "uv": [128, 43]},
						{"origin": [5, 25, -4.75], "size": [35, 0, 20], "uv": [0, 21]}
					]
				},
				{
					"name": "leftwingopen3",
					"parent": "leftwingopen2",
					"pivot": [39, 25, -7.75],
					"rotation": [0, -35, 0],
					"cubes": [
						{"origin": [38, 23, -8.75], "size": [19, 2, 3], "uv": [144, 36]},
						{"origin": [37, 24.89, -7.75], "size": [34, 0, 19], "uv": [0, 62]}
					]
				},
				{
					"name": "leftwingopentip",
					"parent": "leftwingopen3",
					"pivot": [71, 25, -6.75],
					"cubes": [
						{"origin": [71, 24.89, -6.75], "size": [18, 0, 13], "uv": [125, 106]}
					]
				},
				{
					"name": "leftwingopenclaw",
					"parent": "leftwingopen2",
					"pivot": [37, 25, -9.75],
					"rotation": [0, -37.5, 0],
					"cubes": [
						{"origin": [37, 23, -14.75], "size": [3, 2, 5], "uv": [107, 106]}
					]
				},
				{
					"name": "rightwingopen",
					"parent": "body",
					"pivot": [-4, 25, -10],
					"rotation": [0, 12.5, 0],
					"cubes": [
						{"origin": [-20, 22, -11], "size": [17, 4, 6], "uv": [25, 119]},
						{"origin": [-20, 25.25, -8], "size": [16, 0, 23], "uv": [75, 82]}
					]
				},
				{
					"name": "rightwingopen2",
					"parent": "rightwingopen",
					"pivot": [-18, 25, -9.75],
					"rotation": [0, -32.5, 0],
					"cubes": [
						{"origin": [-40, 22.5, -9.75], "size": [23, 3, 5], "uv": [88, 72]},
						{"origin": [-40, 25, -4.75], "size": [35, 0, 20], "uv": [0, 0]}
					]
				},
				{
					"name": "rightwingopen3",
					"parent": "rightwingopen2",
					"pivot": [-39, 25, -7.75],
					"rotation": [0, 35, 0],
					"cubes": [
						{"origin": [-57, 23, -8.75], "size": [19, 2, 3], "uv": [131, 97]},
						{"origin": [-71, 24.89, -7.75], "size": [34, 0, 19], "uv": [0, 42]}
					]
				},
				{
					"name": "rightwingopentip",
					"parent": "rightwingopen3",
					"pivot": [-71, 25, -6.75],
					"cubes": [
						{"origin": [-89, 24.89, -6.75], "size": [18, 0, 13], "uv": [91, 0]}
					]
				},
				{
					"name": "rightwingopenclaw",
					"parent": "rightwingopen2",
					"pivot": [-37, 25, -9.75],
					"rotation": [0, 37.5, 0],
					"cubes": [
						{"origin": [-40, 23, -14.75], "size": [3, 2, 5], "uv": [0, 95]}
					]
				},
				{
					"name": "leftwingclosed",
					"parent": "body",
					"pivot": [6, 25, -7],
					"rotation": [27.5, 0, 0],
					"cubes": [
						{"origin": [5, 23, -16], "size": [3, 5, 10], "uv": [130, 166]}
					]
				},
				{
					"name": "bone2",
					"parent": "leftwingclosed",
					"pivot": [6, 27, -16],
					"cubes": [
						{"origin": [5.5, 24.5, -21.5], "size": [2, 3, 6], "pivot": [6, 27, -16], "rotation": [40, 0, 0], "uv": [91, 31]}
					]
				},
				{
					"name": "leftwingclosedp2",
					"parent": "leftwingclosed",
					"pivot": [7, 25, -13],
					"rotation": [-57.5, 0, -10],
					"cubes": [
						{"origin": [5.26519, 22.17365, -15], "size": [3, 5, 10], "uv": [27, 166]}
					]
				},
				{
					"name": "leftwingclosedp3",
					"parent": "leftwingclosedp2",
					"pivot": [6.01519, 25.17365, -7],
					"cubes": [
						{"origin": [8.3652, 20.17365, -14], "size": [0, 17, 24], "uv": [125, 124]}
					]
				},
				{
					"name": "leftwingclosedp4",
					"parent": "leftwingclosedp3",
					"pivot": [8.26519, 20.17365, 10],
					"rotation": [68.24583, 0.09326, -1.61663],
					"cubes": [
						{"origin": [8.3652, 20.17365, 10], "size": [0, 17, 24], "uv": [0, 119]}
					]
				},
				{
					"name": "rightwingclosed",
					"parent": "body",
					"pivot": [-6, 25, -7],
					"rotation": [27.5, 0, 0],
					"cubes": [
						{"origin": [-8, 23, -16], "size": [3, 5, 10], "uv": [63, 165]}
					]
				},
				{
					"name": "bone",
					"parent": "rightwingclosed",
					"pivot": [-6, 27, -16],
					"cubes": [
						{"origin": [-7.5, 24.5, -21.5], "size": [2, 3, 6], "pivot": [-6, 27, -16], "rotation": [40, 0, 0], "uv": [91, 21]}
					]
				},
				{
					"name": "rightwingclosedp2",
					"parent": "rightwingclosed",
					"pivot": [-7, 25, -13],
					"rotation": [-57.5, 0, 10],
					"cubes": [
						{"origin": [-8.26519, 22.17365, -15], "size": [3, 5, 10], "uv": [164, 156]}
					]
				},
				{
					"name": "rightwingclosedp3",
					"parent": "rightwingclosedp2",
					"pivot": [-6.01519, 25.17365, -7],
					"cubes": [
						{"origin": [-8.3652, 20.17365, -14], "size": [0, 17, 24], "uv": [100, 106]}
					]
				},
				{
					"name": "rightwingclosedp4",
					"parent": "rightwingclosedp3",
					"pivot": [-8.26519, 20.17365, 10],
					"rotation": [68.24583, -0.09326, 1.61663],
					"cubes": [
						{"origin": [-8.3652, 20.17365, 10], "size": [0, 17, 24], "uv": [51, 106]}
					]
				},
				{
					"name": "leftleg",
					"parent": "body",
					"pivot": [5, 17, 0],
					"cubes": [
						{"origin": [2, 11, -5], "size": [6, 12, 7], "uv": [0, 161]}
					]
				},
				{
					"name": "leftleg2",
					"parent": "leftleg",
					"pivot": [5, 12, -3],
					"rotation": [80, 0, 0],
					"cubes": [
						{"origin": [3, 5, -5], "size": [4, 9, 4], "uv": [88, 43]}
					]
				},
				{
					"name": "leftleg3",
					"parent": "leftleg2",
					"pivot": [5, 5, -3],
					"rotation": [-90, 0, 0],
					"cubes": [
						{"origin": [2.5, -5, -5], "size": [5, 12, 4], "uv": [0, 21]}
					]
				},
				{
					"name": "leftfoot",
					"parent": "leftleg3",
					"pivot": [5, -6, -4],
					"rotation": [30, 0, 0],
					"cubes": [
						{"origin": [3, -6, -6], "size": [4, 2, 4], "uv": [125, 120]},
						{"origin": [2.5, -5.5, -8.5], "size": [2, 1, 4], "uv": [52, 82]},
						{"origin": [5.5, -5.5, -8.5], "size": [2, 1, 4], "uv": [10, 82]}
					]
				},
				{
					"name": "rightleg",
					"parent": "body",
					"pivot": [-5, 17, 0],
					"cubes": [
						{"origin": [-8, 11, -5], "size": [6, 12, 7], "uv": [103, 159]}
					]
				},
				{
					"name": "rightleg2",
					"parent": "rightleg",
					"pivot": [-5, 12, -3],
					"rotation": [80, 0, 0],
					"cubes": [
						{"origin": [-7, 5, -5], "size": [4, 9, 4], "uv": [81, 82]}
					]
				},
				{
					"name": "rightleg3",
					"parent": "rightleg2",
					"pivot": [-5, 5, -3],
					"rotation": [-90, 0, 0],
					"cubes": [
						{"origin": [-7.5, -5, -5], "size": [5, 12, 4], "uv": [0, 0]}
					]
				},
				{
					"name": "rightfoot",
					"parent": "rightleg3",
					"pivot": [-5, -6, -4],
					"rotation": [30, 0, 0],
					"cubes": [
						{"origin": [-7, -6, -6], "size": [4, 2, 4], "uv": [0, 119]},
						{"origin": [-4.5, -5.5, -8.5], "size": [2, 1, 4], "uv": [0, 75]},
						{"origin": [-7.5, -5.5, -8.5], "size": [2, 1, 4], "uv": [0, 55]}
					]
				},
				{
					"name": "neck1",
					"parent": "body",
					"pivot": [0, 23, -10],
					"rotation": [-65, 0, 0],
					"cubes": [
						{"origin": [-5, 17, -23], "size": [10, 9, 19], "uv": [88, 43]}
					]
				},
				{
					"name": "head",
					"parent": "neck1",
					"pivot": [0, 23, -21],
					"rotation": [-27.5, 0, 0],
					"cubes": [
						{"origin": [-4, 17, -34], "size": [8, 9, 14], "uv": [76, 106]}
					]
				},
				{
					"name": "spine2",
					"parent": "head",
					"pivot": [0, 26.01103, -27.71205],
					"rotation": [97.5, 0, 0],
					"cubes": [
						{"origin": [0, 25.01103, -29.71205], "size": [0, 3, 9], "uv": [0, 62]}
					]
				},
				{
					"name": "spine3",
					"parent": "head",
					"pivot": [0, 25.01103, -23.71205],
					"rotation": [70, 0, 0],
					"cubes": [
						{"origin": [0, 24.01103, -25.71205], "size": [0, 3, 9], "uv": [0, 42]}
					]
				},
				{
					"name": "actuallythehead",
					"parent": "head",
					"pivot": [0, 21, -30],
					"rotation": [122.5, 0, 0],
					"cubes": [
						{"origin": [-4.5, 17.01103, -35.71205], "size": [9, 10, 11], "uv": [144, 3]}
					]
				},
				{
					"name": "spine1",
					"parent": "actuallythehead",
					"pivot": [0, 21.01103, -24.71205],
					"cubes": [
						{"origin": [0, 20.01103, -26.71205], "size": [0, 3, 9], "uv": [0, 82]}
					]
				},
				{
					"name": "crest1",
					"parent": "actuallythehead",
					"pivot": [0, 24.01103, -30.71205],
					"rotation": [27.5, 0, 0],
					"cubes": [
						{"origin": [-3.5, 20.01103, -31.71205], "size": [7, 6, 14], "uv": [52, 82]}
					]
				},
				{
					"name": "crest2",
					"parent": "crest1",
					"pivot": [0, 24.01103, -19.71205],
					"rotation": [-37.5, 0, 0],
					"cubes": [
						{"origin": [-2.5, 22.01103, -19.71205], "size": [5, 4, 13], "uv": [36, 148]}
					]
				},
				{
					"name": "crest3",
					"parent": "crest2",
					"pivot": [0, 24.01103, -7.71205],
					"rotation": [-37.5, 0, 0],
					"cubes": [
						{"origin": [-1.5, 24.01103, -8.21205], "size": [3, 2, 9], "uv": [25, 130]}
					]
				},
				{
					"name": "lefteye",
					"parent": "actuallythehead",
					"pivot": [3.47702, 24.9203, -35.23071],
					"rotation": [0, 10, 0],
					"cubes": [
						{"origin": [1.97702, 24.1703, -38.23071], "size": [3, 3, 4], "pivot": [3.47702, 24.9203, -35.23071], "rotation": [-156.53653, 11.84911, 9.26433], "uv": [128, 52]},
						{"origin": [5.09029, 22.73549, -38.06169], "size": [0, 3, 4], "pivot": [5.32663, 25.61325, -35.51772], "rotation": [-160.95592, 18.24075, -7.61974], "uv": [10, 42]}
					]
				},
				{
					"name": "lefteyelid",
					"parent": "lefteye",
					"pivot": [2.47702, 24.9203, -35.23071],
					"cubes": [
						{"origin": [1, 24.1703, -38.23071], "size": [3, 3, 4], "pivot": [2.47702, 24.9203, -35.23071], "rotation": [-156.53653, 11.84911, 9.26433], "uv": [2, 186], "mirror": true}
					]
				},
				{
					"name": "righteye",
					"parent": "actuallythehead",
					"pivot": [-3.47702, 24.9203, -35.23071],
					"rotation": [0, -10, 0],
					"cubes": [
						{"origin": [-4.97702, 24.1703, -38.23071], "size": [3, 3, 4], "pivot": [-3.47702, 24.9203, -35.23071], "rotation": [-156.53653, -11.84911, -9.26433], "uv": [0, 126]},
						{"origin": [-5.09029, 22.73549, -38.06169], "size": [0, 3, 4], "pivot": [-5.32663, 25.61325, -35.51772], "rotation": [-160.95592, -18.24075, 7.61974], "uv": [0, 42]}
					]
				},
				{
					"name": "righteyelid",
					"parent": "righteye",
					"pivot": [-2.47702, 24.9203, -35.23071],
					"cubes": [
						{"origin": [-4, 24.1703, -38.23071], "size": [3, 3, 4], "pivot": [-2.47702, 24.9203, -35.23071], "rotation": [-156.53653, -11.84911, -9.26433], "uv": [2, 186]}
					]
				},
				{
					"name": "bottomjaw",
					"parent": "actuallythehead",
					"pivot": [0, 20.01103, -32.71205],
					"cubes": [
						{"origin": [-3, 18.01103, -43.71205], "size": [6, 2, 12], "uv": [150, 120]},
						{"origin": [-2.75, 16.01103, -42.96205], "size": [0, 2, 2], "pivot": [0, 23.01103, -43.71205], "rotation": [45, 0, 0], "uv": [3, 65]},
						{"origin": [2.75, 16.01103, -42.96205], "size": [0, 2, 2], "pivot": [0, 23.01103, -43.71205], "rotation": [45, 0, 0], "uv": [13, 55]},
						{"origin": [-2.75, 18.01103, -44.96205], "size": [0, 2, 2], "pivot": [0, 23.01103, -43.71205], "rotation": [45, 0, 0], "uv": [10, 62]},
						{"origin": [2.75, 18.01103, -44.96205], "size": [0, 2, 2], "pivot": [0, 23.01103, -43.71205], "rotation": [45, 0, 0], "uv": [0, 62]}
					]
				},
				{
					"name": "topjaw",
					"parent": "actuallythehead",
					"pivot": [0, 24.01103, -33.71205],
					"rotation": [5, 0, 0],
					"cubes": [
						{"origin": [-4, 22.01103, -44.71205], "size": [8, 4, 12], "uv": [147, 52]},
						{"origin": [3.5, 21.01103, -44.96205], "size": [0, 2, 2], "pivot": [0, 23.01103, -43.71205], "rotation": [45, 0, 0], "uv": [57, 88]},
						{"origin": [-3.5, 21.01103, -44.96205], "size": [0, 2, 2], "pivot": [0, 23.01103, -43.71205], "rotation": [45, 0, 0], "uv": [0, 82]},
						{"origin": [3.5, 19.01103, -42.96205], "size": [0, 2, 2], "pivot": [0, 23.01103, -43.71205], "rotation": [45, 0, 0], "uv": [52, 88]},
						{"origin": [-3.5, 19.01103, -42.96205], "size": [0, 2, 2], "pivot": [0, 23.01103, -43.71205], "rotation": [45, 0, 0], "uv": [13, 75]},
						{"origin": [3.5, 17.01103, -40.96205], "size": [0, 2, 2], "pivot": [0, 23.01103, -43.71205], "rotation": [45, 0, 0], "uv": [3, 85]},
						{"origin": [-3.5, 17.01103, -40.96205], "size": [0, 2, 2], "pivot": [0, 23.01103, -43.71205], "rotation": [45, 0, 0], "uv": [13, 65]}
					]
				},
				{
					"name": "tail1",
					"parent": "body",
					"pivot": [0, 24, 9],
					"rotation": [50, 0, 0],
					"cubes": [
						{"origin": [-5, 16.72698, 3.00746], "size": [10, 9, 15], "uv": [131, 72]}
					]
				},
				{
					"name": "tail2",
					"parent": "tail1",
					"pivot": [0, 25, 18],
					"rotation": [50, 0, 0],
					"cubes": [
						{"origin": [-4, 20.72698, 12.00746], "size": [8, 6, 10], "uv": [73, 148]}
					]
				},
				{
					"name": "tail3",
					"parent": "tail2",
					"pivot": [0, 26, 25],
					"rotation": [20, 0, 0],
					"cubes": [
						{"origin": [-2, 23.72698, 19.00746], "size": [4, 3, 10], "uv": [167, 69]}
					]
				}
			]
		}
	]
}