{
	"format_version": "1.12.0",
	"minecraft:geometry": [
		{
			"description": {
				"identifier": "geometry.poiryu_fixed",
				"texture_width": 128,
				"texture_height": 128,
				"visible_bounds_width": 4,
				"visible_bounds_height": 3.5,
				"visible_bounds_offset": [0, 1.25, 0]
			},
			"bones": [
				{
					"name": "poiryu_fixed",
					"pivot": [0, 0, 0]
				},
				{
					"name": "bone",
					"parent": "poiryu_fixed",
					"pivot": [0, 0, 0]
				},
				{
					"name": "body",
					"parent": "bone",
					"pivot": [0, 9, 3],
					"cubes": [
						{"origin": [-6, 9, -2], "size": [12, 16, 9], "pivot": [0, 9, 3], "rotation": [32.5, 0, 0], "uv": [0, 0]},
						{"origin": [-0.5, 21, 7], "size": [1, 3, 8], "pivot": [0, 9, 3], "rotation": [32.5, 0, 0], "uv": [74, 49]},
						{"origin": [-0.5, 16, 7], "size": [1, 3, 7], "pivot": [0, 9, 3], "rotation": [32.5, 0, 0], "uv": [52, 54]},
						{"origin": [-0.5, 11, 7], "size": [1, 3, 6], "pivot": [0, 9, 3], "rotation": [32.5, 0, 0], "uv": [101, 55]}
					]
				},
				{
					"name": "neck",
					"parent": "body",
					"pivot": [0, 21, -5],
					"cubes": [
						{"origin": [-4, 17, -8], "size": [8, 9, 6], "pivot": [0, 19.5, -8], "rotation": [60, 0, 0], "uv": [0, 30]}
					]
				},
				{
					"name": "head",
					"parent": "neck",
					"pivot": [0, 23, -10],
					"cubes": [
						{"origin": [-5, 21, -19], "size": [10, 8, 9], "uv": [36, 30]},
						{"origin": [-4, 27, -18], "size": [3, 4, 9], "uv": [10, 51]},
						{"origin": [1.1, 27, -18], "size": [3, 4, 9], "uv": [10, 51], "mirror": true}
					]
				},
				{
					"name": "arm",
					"parent": "body",
					"pivot": [6, 19.5, -4],
					"rotation": [0, 0, 22.5],
					"cubes": [
						{"origin": [5, 18, -6], "size": [14, 3, 4], "uv": [81, 92]},
						{"origin": [17, 18.5, -7], "size": [3, 2, 1], "uv": [102, 21]},
						{"origin": [17, 18.5, -2], "size": [3, 2, 1], "uv": [102, 21]}
					]
				},
				{
					"name": "arm2",
					"parent": "body",
					"pivot": [-6, 19.5, -4],
					"rotation": [0, 0, -22.5],
					"cubes": [
						{"origin": [-19, 18, -6], "size": [14, 3, 4], "uv": [81, 92], "mirror": true},
						{"origin": [-20, 18.5, -7], "size": [3, 2, 1], "uv": [102, 21], "mirror": true},
						{"origin": [-20, 18.5, -2], "size": [3, 2, 1], "uv": [102, 21], "mirror": true}
					]
				},
				{
					"name": "tail",
					"parent": "body",
					"pivot": [0, 11, 5],
					"cubes": [
						{"origin": [-2, 9, 3], "size": [4, 4, 15], "uv": [4, 73]}
					]
				},
				{
					"name": "leg",
					"parent": "bone",
					"pivot": [5.5, 10.5, 2],
					"cubes": [
						{"origin": [4, 1, 0], "size": [3, 10, 4], "uv": [85, 66]},
						{"origin": [3, 0, -1], "size": [5, 2, 6], "uv": [84, 4]},
						{"origin": [6, 0, -3], "size": [2, 2, 2], "uv": [85, 15]},
						{"origin": [3, 0, -3], "size": [2, 2, 2], "uv": [85, 15]}
					]
				},
				{
					"name": "leg2",
					"parent": "bone",
					"pivot": [-5.5, 10.5, 2],
					"cubes": [
						{"origin": [-7, 1, 0], "size": [3, 10, 4], "uv": [85, 66], "mirror": true},
						{"origin": [-8, 0, -1], "size": [5, 2, 6], "uv": [84, 4]},
						{"origin": [-5, 0, -3], "size": [2, 2, 2], "uv": [85, 15]},
						{"origin": [-8, 0, -3], "size": [2, 2, 2], "uv": [85, 15]}
					]
				}
			]
		}
	]
}