{
	"format_version": "1.12.0",
	"minecraft:geometry": [
		{
			"description": {
				"identifier": "geometry.sahaquiel_legend",
				"texture_width": 512,
				"texture_height": 512,
				"visible_bounds_width": 33,
				"visible_bounds_height": 15,
				"visible_bounds_offset": [0, 6.5, 0]
			},
			"bones": [
				{
					"name": "sahaquiel_legend",
					"pivot": [0, 0, 19]
				},
				{
					"name": "body",
					"parent": "sahaquiel_legend",
					"pivot": [0, 0, 0],
					"cubes": [
						{"origin": [-44.5, 0, 15], "size": [90, 30, 15], "uv": [240, 120]},
						{"origin": [-59.5, 0, -15], "size": [120, 30, 30], "uv": [0, 0]},
						{"origin": [-44.5, 0, -30], "size": [90, 30, 15], "uv": [240, 165]}
					]
				},
				{
					"name": "eyeLashTop1",
					"parent": "body",
					"pivot": [38, 0, -30],
					"cubes": [
						{"origin": [30.5, 0, -90], "size": [15, 0, 60], "uv": [422, 452]}
					]
				},
				{
					"name": "eyeLashTop2",
					"parent": "body",
					"pivot": [0.5, 0, -30],
					"cubes": [
						{"origin": [-7, 0, -90], "size": [15, 0, 60], "uv": [422, 452]}
					]
				},
				{
					"name": "eyeLashTop3",
					"parent": "body",
					"pivot": [-37, 0, -30],
					"cubes": [
						{"origin": [-44.5, 0, -90], "size": [15, 0, 60], "uv": [422, 452]}
					]
				},
				{
					"name": "eyeLashBot1",
					"parent": "body",
					"pivot": [0.5, 0, 30],
					"rotation": [0, 180, 0],
					"cubes": [
						{"origin": [-7, 0, -30], "size": [15, 0, 60], "uv": [422, 452]}
					]
				},
				{
					"name": "eyeLashBot3",
					"parent": "body",
					"pivot": [-37, 0, 30],
					"cubes": [
						{"origin": [-44.5, 0, 30], "size": [15, 0, 60], "uv": [422, 452]}
					]
				},
				{
					"name": "eyeLashBot2",
					"parent": "body",
					"pivot": [38, 0, 30],
					"cubes": [
						{"origin": [30.5, 0, 30], "size": [15, 0, 60], "uv": [422, 452]}
					]
				},
				{
					"name": "leftArm",
					"parent": "body",
					"pivot": [60.5, 15, 0],
					"cubes": [
						{"origin": [60.5, 0, -15], "size": [90, 30, 30], "uv": [0, 240]}
					]
				},
				{
					"name": "leftHand",
					"parent": "leftArm",
					"pivot": [150.5, 15, 0],
					"cubes": [
						{"origin": [150.5, 0, -30], "size": [60, 30, 60], "uv": [0, 150]},
						{"origin": [165.5, -0.01, -15], "size": [30, 0, 30], "uv": [392, 0]}
					]
				},
				{
					"name": "leftFinger1",
					"parent": "leftHand",
					"pivot": [210.5, 15, -30],
					"cubes": [
						{"origin": [209.5, 8, -44], "size": [15, 15, 15], "uv": [180, 210]},
						{"origin": [223.5, 0, -73], "size": [30, 30, 30], "uv": [90, 210]}
					]
				},
				{
					"name": "leftFinger2",
					"parent": "leftHand",
					"pivot": [210.5, 15, 0],
					"cubes": [
						{"origin": [209.5, 8, -7.5], "size": [15, 15, 15], "uv": [180, 270]},
						{"origin": [223.5, 0, -15], "size": [30, 30, 30], "uv": [0, 240]}
					]
				},
				{
					"name": "leftFinger3",
					"parent": "leftHand",
					"pivot": [210.5, 15, 30],
					"cubes": [
						{"origin": [209.5, 8, 29], "size": [15, 15, 15], "uv": [165, 255]},
						{"origin": [223.5, 0, 43], "size": [30, 30, 30], "uv": [90, 240]}
					]
				},
				{
					"name": "rightArm",
					"parent": "body",
					"pivot": [-59.5, 15, 0],
					"cubes": [
						{"origin": [-149.5, 0, -15], "size": [90, 30, 30], "uv": [0, 240]}
					]
				},
				{
					"name": "rightHand",
					"parent": "rightArm",
					"pivot": [-149.5, 15, 0],
					"cubes": [
						{"origin": [-209.5, 0, -30], "size": [60, 30, 60], "uv": [0, 150]},
						{"origin": [-194.5, -0.01, -15], "size": [30, 0, 30], "uv": [422, 0]}
					]
				},
				{
					"name": "rightFinger1",
					"parent": "rightHand",
					"pivot": [-209.5, 15, -30],
					"cubes": [
						{"origin": [-223.5, 8, -44], "size": [15, 15, 15], "uv": [0, 270]},
						{"origin": [-252.5, 0, -73], "size": [30, 30, 30], "uv": [90, 210]}
					]
				},
				{
					"name": "rightFinger2",
					"parent": "rightHand",
					"pivot": [-209.5, 15, 0],
					"cubes": [
						{"origin": [-223.5, 8, -7.5], "size": [15, 15, 15], "uv": [60, 255]},
						{"origin": [-252.5, 0, -15], "size": [30, 30, 30], "uv": [30, 180]}
					]
				},
				{
					"name": "rightFinger3",
					"parent": "rightHand",
					"pivot": [-209.5, 15, 30],
					"cubes": [
						{"origin": [-223.5, 8, 29], "size": [15, 15, 15], "uv": [180, 270]},
						{"origin": [-252.5, 0, 43], "size": [30, 30, 30], "uv": [90, 210]}
					]
				}
			]
		}
	]
}