{
	"format_version": "1.12.0",
	"minecraft:geometry": [
		{
			"description": {
				"identifier": "geometry.jolphoa",
				"texture_width": 128,
				"texture_height": 128,
				"visible_bounds_width": 3,
				"visible_bounds_height": 3.5,
				"visible_bounds_offset": [0, 1.25, 0]
			},
			"bones": [
				{
					"name": "jolphoa",
					"pivot": [0, 0, 0]
				},
				{
					"name": "bone6",
					"parent": "jolphoa",
					"pivot": [0, 17, 0]
				},
				{
					"name": "neck",
					"parent": "bone6",
					"pivot": [0, 17, 0],
					"cubes": [
						{"origin": [-9, 17, -7], "size": [18, 4, 14], "uv": [0, 0]}
					]
				},
				{
					"name": "tentacle5",
					"parent": "neck",
					"pivot": [8, 17, -6],
					"cubes": [
						{"origin": [7, 5, -7], "size": [2, 12, 2], "uv": [96, 80], "mirror": true}
					]
				},
				{
					"name": "tentacle7",
					"parent": "neck",
					"pivot": [8, 17, 6],
					"cubes": [
						{"origin": [7, 5, 5], "size": [2, 12, 2], "uv": [96, 80], "mirror": true}
					]
				},
				{
					"name": "tentacle6",
					"parent": "neck",
					"pivot": [-8, 17, -6],
					"cubes": [
						{"origin": [-9, 5, -7], "size": [2, 12, 2], "uv": [96, 80]}
					]
				},
				{
					"name": "tentacle8",
					"parent": "neck",
					"pivot": [-8, 17, 6],
					"cubes": [
						{"origin": [-9, 5, 5], "size": [2, 12, 2], "uv": [96, 80]}
					]
				},
				{
					"name": "head",
					"parent": "neck",
					"pivot": [0, 21, 0],
					"cubes": [
						{"origin": [-4, 21, -4], "size": [8, 8, 8], "uv": [69, 5]}
					]
				},
				{
					"name": "hat",
					"parent": "head",
					"pivot": [0, 17, 0],
					"cubes": [
						{"origin": [-12, 29, -12], "size": [24, 10, 24], "uv": [0, 25]}
					]
				},
				{
					"name": "tentacle",
					"parent": "hat",
					"pivot": [11, 29, -11],
					"cubes": [
						{"origin": [10, 11, -12], "size": [2, 18, 2], "uv": [15, 74]}
					]
				},
				{
					"name": "tentacle2",
					"parent": "hat",
					"pivot": [11, 29, 11],
					"cubes": [
						{"origin": [10, 11, 10], "size": [2, 18, 2], "uv": [15, 74]}
					]
				},
				{
					"name": "tentacle3",
					"parent": "hat",
					"pivot": [-11, 29, 11],
					"cubes": [
						{"origin": [-12, 11, 10], "size": [2, 18, 2], "uv": [15, 74], "mirror": true}
					]
				},
				{
					"name": "tentacle4",
					"parent": "hat",
					"pivot": [-11, 29, -11],
					"cubes": [
						{"origin": [-12, 11, -12], "size": [2, 18, 2], "uv": [15, 74], "mirror": true}
					]
				},
				{
					"name": "bone7",
					"parent": "bone6",
					"pivot": [0, 17, 0]
				},
				{
					"name": "bone8",
					"parent": "bone7",
					"pivot": [0, 17, 0],
					"cubes": [
						{"origin": [-5, 13, -5], "size": [10, 4, 10], "uv": [41, 67]}
					]
				},
				{
					"name": "bone11",
					"parent": "bone8",
					"pivot": [0, 13, 0],
					"cubes": [
						{"origin": [-4, 9, -4], "size": [8, 4, 8], "uv": [36, 85]}
					]
				},
				{
					"name": "bone9",
					"parent": "bone11",
					"pivot": [0, 9, 0],
					"cubes": [
						{"origin": [-3, 5, -3], "size": [6, 4, 6], "uv": [29, 101]}
					]
				},
				{
					"name": "bone10",
					"parent": "bone9",
					"pivot": [0, 5, 0],
					"cubes": [
						{"origin": [-2, 1, -2], "size": [4, 4, 4], "uv": [18, 115]}
					]
				}
			]
		}
	]
}