{
  "species": "cobblemon:tigershark_pup",
  "order": 0,
  "variations": [
    {
      "aspects": [],
      "poser": "cobblemon:tigershark_pup",
      "model": "cobblemon:tigershark_pup.geo",
      "texture": "cobblemon:textures/pokemon/tigershark_pup/tigershark_pup.png",
      "layers": [
      ]
    },
    {
      "aspects": [
        "shiny"
      ],
      "texture": "cobblemon:textures/pokemon/tigershark_pup/tigershark_pup_shiny.png",
      "layers": [
      ]
    }
  ]
}