{
	"format_version": "1.12.0",
	"minecraft:geometry": [
		{
			"description": {
				"identifier": "geometry.bawedra",
				"texture_width": 64,
				"texture_height": 64,
				"visible_bounds_width": 2,
				"visible_bounds_height": 2.5,
				"visible_bounds_offset": [0, 0.75, 0]
			},
			"bones": [
				{
					"name": "bawedra",
					"pivot": [0, 0, 0]
				},
				{
					"name": "head",
					"parent": "bawedra",
					"pivot": [0, 0, 0],
					"cubes": [
						{"origin": [-6, 0, -5], "size": [12, 8, 10], "uv": [0, 0]}
					]
				},
				{
					"name": "tail",
					"parent": "head",
					"pivot": [0.00333, 8.18617, 0],
					"cubes": [
						{"origin": [-1.5, 6, -1.5], "size": [3, 8, 3], "uv": [19, 22]},
						{"origin": [-1.49, 12.8, -2.1], "size": [3, 8, 3], "pivot": [0, 14, 0], "rotation": [52.5, 0, 0], "uv": [5, 21]},
						{"origin": [-1.5, 18.8, 1.83], "size": [3, 6, 3], "pivot": [0, 14, 0], "rotation": [90, 0, 0], "uv": [34, 22]}
					]
				},
				{
					"name": "gem",
					"parent": "tail",
					"pivot": [0, 15.7, -10.81],
					"cubes": [
						{"origin": [-2.5, 23.81, -4.17], "size": [5, 0, 7], "pivot": [0, 13, 0], "rotation": [90, 0, 0], "uv": [40, 14]}
					]
				}
			]
		}
	]
}