{
    "enabled": true,
    "neededInstalledMods": [],
    "neededUninstalledMods": [],
    "spawns": [
        {
            "id": "lumintail-1",
            "pokemon": "lumintail",
            "presets": [
                "water"
            ],
            "type": "pokemon",
            "context": "submerged",
            "bucket": "ultra-rare",
            "level": "58-62",
            "weight": 1.0,
            "condition": {
                "biomes": [
                    "#cobblemon:is_deep_ocean"
                ]
            }
        },
        {
            "id": "lumintail-2",
            "pokemon": "lumintail",
            "type": "pokemon",
            "context": "fishing",
            "bucket": "ultra-rare",
            "level": "58-62",
            "weight": 2.0,
            "condition": {
                "canSeeSky": true,
                "biomes": [
                    "#cobblemon:is_warm_ocean"
                ]
            }
        }
    ]
}