{
    "enabled": true,
    "neededInstalledMods": [],
    "neededUninstalledMods": [],
    "spawns": [
        {
            "id": "wildgene-1",
            "pokemon": "wildgene",
            "presets": [
                "natural"
            ],
            "type": "pokemon",
            "context": "grounded",
            "bucket": "ultra-rare",
            "level": "58-62",
            "weight": 10.0,
            "condition": {
                "biomes": [
                    "#cobblemon:is_jungle"
                ]
            }
        }
    ]
}