{
	"format_version": "1.12.0",
	"minecraft:geometry": [
		{
			"description": {
				"identifier": "geometry.aurnaram",
				"texture_width": 128,
				"texture_height": 128,
				"visible_bounds_width": 3,
				"visible_bounds_height": 3.5,
				"visible_bounds_offset": [0, 1.25, 0]
			},
			"bones": [
				{
					"name": "aurnaram",
					"pivot": [0, 0, 0]
				},
				{
					"name": "body",
					"parent": "aurnaram",
					"pivot": [0.5, 21, 0]
				},
				{
					"name": "torso",
					"parent": "body",
					"pivot": [0.5, 21, 0],
					"cubes": [
						{"origin": [-3, 9.5, -2.5], "size": [6, 10, 5], "uv": [0, 16]},
						{"origin": [-1.5, 17.8, -3], "size": [3, 2, 1], "uv": [58, 19]},
						{"origin": [-0.5, 14.8, -3], "size": [1, 1, 1], "uv": [46, 8]},
						{"origin": [-1, 15.8, -3], "size": [2, 2, 1], "uv": [18, 59]},
						{"origin": [3, 12.75, -1.9], "size": [0, 1, 4], "pivot": [3, 12.75, -0.4], "rotation": [0, 0, 20], "uv": [0, 57]},
						{"origin": [-2.5, 12.65, -2.7], "size": [5, 1, 0], "pivot": [0, 13.15, -2.7], "rotation": [20, 0, 0], "uv": [22, 42]},
						{"origin": [-2.5, 12.65, 2.7], "size": [5, 1, 0], "pivot": [0, 13.15, 2.7], "rotation": [-20, 0, 0], "uv": [22, 43]},
						{"origin": [-1.5, 15.65, 2.7], "size": [3, 1, 0], "pivot": [0, 16.15, 2.7], "rotation": [30, 0, 0], "uv": [42, 31]},
						{"origin": [-3, 12.75, -2], "size": [0, 1, 4], "pivot": [-3, 12.75, -0.5], "rotation": [0, 0, -20], "uv": [30, 57]},
						{"origin": [-2, 19.5, -2], "size": [4, 2, 4], "uv": [32, 38]}
					]
				},
				{
					"name": "head",
					"parent": "torso",
					"pivot": [0.5, 21, 0],
					"cubes": [
						{"origin": [-4, 21, -4.25], "size": [8, 8, 8], "uv": [0, 0]},
						{"origin": [-1, 25, -4.75], "size": [2, 3, 1], "uv": [58, 22]},
						{"origin": [-0.5, 24, -4.35], "size": [1, 1, 0], "uv": [48, 31]},
						{"origin": [-2.5, 21.04975, -6.03653], "size": [5, 3, 2], "pivot": [0, 22.54975, -4.53653], "rotation": [7, 0, 0], "uv": [42, 26]}
					]
				},
				{
					"name": "fur_tuft_right",
					"parent": "head",
					"pivot": [3.82678, 23.4, -0.40178],
					"cubes": [
						{"origin": [3.25, 22, 0.65], "size": [3, 3, 0], "pivot": [4.75, 24, 1.15], "rotation": [0, -45, 0], "uv": [58, 54]},
						{"origin": [3.55, 20.8, 0.4], "size": [2, 1, 0], "pivot": [4.55, 21.3, 0.4], "rotation": [0, -35, 17.5], "uv": [18, 31]}
					]
				},
				{
					"name": "fur_tuft_left",
					"parent": "head",
					"pivot": [-3.77678, 23.4, -0.45178],
					"cubes": [
						{"origin": [-6.25, 22, 0.65], "size": [3, 3, 0], "pivot": [-4.75, 24, 1.15], "rotation": [0, 45, 0], "uv": [58, 57]},
						{"origin": [-5.45, 20.8, 0.3], "size": [2, 1, 0], "pivot": [-4.45, 21.3, 0.3], "rotation": [0, 35, -17.5], "uv": [48, 43]}
					]
				},
				{
					"name": "ear_right",
					"parent": "head",
					"pivot": [3.85448, 26.9693, 1.50708],
					"rotation": [-45, 0, 0],
					"cubes": [
						{"origin": [1.46334, 20.95378, -1.64577], "size": [1, 6, 4], "pivot": [3.25, 23.0982, 6.16281], "rotation": [-30.19263, 6.40865, 39.56869], "uv": [12, 42]},
						{"origin": [4.197, 23.44048, -0.28783], "size": [0, 4, 3], "pivot": [4.197, 25.44048, 1.21217], "rotation": [-37.10964, 8.90239, 43.94178], "uv": [40, 51]},
						{"origin": [6.16516, 27.46713, 1.12492], "size": [0, 4, 3], "pivot": [6.16516, 29.46713, 2.62492], "rotation": [-20.19263, 6.40865, 39.56869], "uv": [52, 19]}
					]
				},
				{
					"name": "ear_left",
					"parent": "head",
					"pivot": [-3.88465, 26.89751, 1.67028],
					"rotation": [-45, 0, 0],
					"cubes": [
						{"origin": [-1.81241, 20.64457, -2.01475], "size": [1, 6, 4], "pivot": [-3.45, 21.8982, 6.16281], "rotation": [-30.19263, -6.40865, -39.56869], "uv": [42, 16]},
						{"origin": [-6.09911, 27.30015, 1.23654], "size": [0, 4, 3], "pivot": [-6.09911, 29.30015, 2.73654], "rotation": [-20.19263, -6.40865, -39.56869], "uv": [46, 52]},
						{"origin": [-4.18563, 23.32605, -0.13308], "size": [0, 4, 3], "pivot": [-4.18563, 25.32605, 1.36692], "rotation": [-37.10964, -8.90239, -43.94178], "uv": [52, 52]}
					]
				},
				{
					"name": "horn_right",
					"parent": "head",
					"pivot": [2.62166, 21.41871, -0.75],
					"cubes": [
						{"origin": [1.05009, 26.05915, -1.68658], "size": [3, 4, 3], "pivot": [2.55009, 28.05915, -0.18658], "rotation": [-9.25249, 3.81024, 12.19157], "uv": [22, 44]},
						{"origin": [2.05281, 28.86829, 0.2726], "size": [2, 3, 2], "pivot": [3.05281, 30.86829, 1.2726], "rotation": [-31.75249, 3.81024, 12.19157], "uv": [56, 26]},
						{"origin": [2.85465, 31.20232, 1.79006], "size": [1, 2, 1], "pivot": [3.35465, 32.20232, 2.29006], "rotation": [-46.75249, 3.81024, 12.19157], "uv": [18, 56]}
					]
				},
				{
					"name": "horn_left",
					"parent": "head",
					"pivot": [-2.12166, 21.41871, -0.75],
					"cubes": [
						{"origin": [-4.07481, 26.06987, -1.62013], "size": [3, 4, 3], "pivot": [-2.57481, 28.06987, -0.12013], "rotation": [-9.25249, -3.81024, -12.19157], "uv": [34, 44]},
						{"origin": [-4.07753, 28.879, 0.33905], "size": [2, 3, 2], "pivot": [-3.07753, 30.879, 1.33905], "rotation": [-31.75249, -3.81024, -12.19157], "uv": [56, 43]},
						{"origin": [-3.87937, 31.21304, 1.85651], "size": [1, 2, 1], "pivot": [-3.37937, 32.21304, 2.35651], "rotation": [-44.25249, -3.81024, -12.19157], "uv": [60, 10]}
					]
				},
				{
					"name": "hair",
					"parent": "head",
					"pivot": [0.25, 21.4, -2.05],
					"cubes": [
						{"origin": [-2, 25.9, -4.05], "size": [4, 4, 5], "pivot": [-0.5, 27.4, -2.05], "rotation": [15, 0, 0], "uv": [0, 31]}
					]
				},
				{
					"name": "hair_tip",
					"parent": "hair",
					"pivot": [0.06244, 29.9175, 1.83976],
					"cubes": [
						{"origin": [0.06244, 27.27471, -0.3942], "size": [0, 4, 4], "pivot": [0.06244, 29.9175, 0.83976], "rotation": [40, 0, 0], "uv": [22, 51]}
					]
				},
				{
					"name": "eyelid_right",
					"parent": "head",
					"pivot": [2.55, 26.35, -3.45],
					"cubes": [
						{"origin": [2.05, 25.85, -4.45], "size": [2, 1, 3], "uv": [10, 52]}
					]
				},
				{
					"name": "eye_right",
					"parent": "head",
					"pivot": [3.0125, 25.375, -3.5625],
					"cubes": [
						{"origin": [2, 23.35, -4.25], "size": [2, 3, 2], "inflate": 0.01, "uv": [56, 0]},
						{"origin": [2, 23.9, -4.25], "size": [2, 2, 1], "inflate": 0.02, "uv": [38, 58]},
						{"origin": [2.5, 24.4, -4.3], "size": [1, 2, 0], "uv": [20, 54]}
					]
				},
				{
					"name": "eyelid_left",
					"parent": "head",
					"pivot": [-3.55, 26.35, -3.45],
					"cubes": [
						{"origin": [-4.05, 25.85, -4.45], "size": [2, 1, 3], "uv": [52, 15]}
					]
				},
				{
					"name": "eye_left",
					"parent": "head",
					"pivot": [-3.0125, 25.375, -3.5625],
					"cubes": [
						{"origin": [-4, 23.9, -4.25], "size": [2, 2, 1], "inflate": 0.02, "uv": [58, 51]},
						{"origin": [-4, 23.35, -4.25], "size": [2, 3, 2], "inflate": 0.01, "uv": [10, 56]},
						{"origin": [-3.5, 24.4, -4.3], "size": [1, 2, 0], "uv": [8, 57]}
					]
				},
				{
					"name": "mouth",
					"parent": "head",
					"pivot": [0, 21.70704, -5.97],
					"cubes": [
						{"origin": [-2.5, 21.14975, -5.9665], "size": [5, 1, 0], "pivot": [0, 21.64975, -6.43653], "rotation": [7, 0, 0], "uv": [50, 36]}
					]
				},
				{
					"name": "mouth_open",
					"parent": "head",
					"pivot": [0, 22.34975, -6.48653],
					"cubes": [
						{"origin": [-1.5, 20.84975, -5.98653], "size": [3, 2, 0], "pivot": [0, 22.34975, -6.48653], "rotation": [7, 0, 0], "uv": [12, 40]}
					]
				},
				{
					"name": "arm_right",
					"parent": "torso",
					"pivot": [2, 18, 0],
					"cubes": [
						{"origin": [2, 16.5, -1.5], "size": [6, 3, 3], "uv": [32, 10]}
					]
				},
				{
					"name": "hand_right",
					"parent": "arm_right",
					"pivot": [7.50578, 18.17014, 0],
					"cubes": [
						{"origin": [7, 16, -2], "size": [6, 4, 4], "uv": [22, 16]},
						{"origin": [11.75, 14.43934, 0], "size": [1, 2, 0], "pivot": [12.25, 16.5, 0], "rotation": [0, 0, -45], "uv": [10, 50]},
						{"origin": [9.5, 19.25, -1], "size": [3, 1, 2], "uv": [56, 5]}
					]
				},
				{
					"name": "claw_right",
					"parent": "hand_right",
					"pivot": [12.8, 19, -1],
					"cubes": [
						{"origin": [12.8, 18, -1], "size": [3, 2, 0], "pivot": [12.8, 19, -1], "rotation": [0, 0, 12.5], "uv": [24, 59]}
					]
				},
				{
					"name": "claw_right2",
					"parent": "hand_right",
					"pivot": [12.8, 19, 1],
					"cubes": [
						{"origin": [12.8, 18, 1], "size": [3, 2, 0], "pivot": [12.8, 19, 1], "rotation": [0, 0, 12.5], "uv": [44, 59]}
					]
				},
				{
					"name": "arm_left",
					"parent": "torso",
					"pivot": [-2, 18, 0],
					"cubes": [
						{"origin": [-8.0237, 16.5, -1.51667], "size": [6, 3, 3], "pivot": [-5.0237, 18, -0.01667], "rotation": [-180, 0, 180], "uv": [32, 32]}
					]
				},
				{
					"name": "hand_left",
					"parent": "arm_left",
					"pivot": [-7.5237, 18, -0.01667],
					"cubes": [
						{"origin": [-8.0237, 16, -2.01667], "size": [6, 4, 4], "pivot": [-7.5237, 18, -0.01667], "rotation": [-180, 0, 180], "uv": [22, 24]},
						{"origin": [-12.7737, 14.43934, -0.01667], "size": [1, 2, 0], "pivot": [-12.2737, 16.5, -0.01667], "rotation": [-180, 0, -135], "uv": [20, 52]},
						{"origin": [-14.5237, 19.25, -1.01667], "size": [3, 1, 2], "pivot": [-12.0237, 21.25, -0.01667], "rotation": [-180, 0, 180], "uv": [56, 48]}
					]
				},
				{
					"name": "claw_left2",
					"parent": "hand_left",
					"pivot": [-12.8237, 19, 0.98333],
					"cubes": [
						{"origin": [-12.8237, 18, 0.98333], "size": [3, 2, 0], "pivot": [-12.8237, 19, 0.98333], "rotation": [180, 0, 167.5], "uv": [50, 59]}
					]
				},
				{
					"name": "claw_left",
					"parent": "hand_left",
					"pivot": [-12.8237, 19, -1.01667],
					"cubes": [
						{"origin": [-12.8237, 18, -1.01667], "size": [3, 2, 0], "pivot": [-12.8237, 19, -1.01667], "rotation": [180, 0, 167.5], "uv": [60, 8]}
					]
				},
				{
					"name": "tail",
					"parent": "torso",
					"pivot": [0, 10.45, 1.9],
					"cubes": [
						{"origin": [-1, 9.4873, 1.24339], "size": [2, 3, 3], "pivot": [0, 10.45, 1.9], "rotation": [-32.5, 0, 0], "uv": [30, 51]}
					]
				},
				{
					"name": "tail_fire",
					"parent": "tail",
					"pivot": [0, 9.65, 4.05],
					"cubes": [
						{"origin": [0, 8.32365, 3.53481], "size": [0, 4, 6], "pivot": [0, 9.65, 4.05], "rotation": [-10, 0, 0], "uv": [0, 40]}
					]
				},
				{
					"name": "leg_left",
					"parent": "body",
					"pivot": [-1.5, 11.5, 0.05],
					"rotation": [-7.5, 0, 0],
					"cubes": [
						{"origin": [-3.75, 6.75, -1.95], "size": [3, 6, 4], "uv": [32, 0]}
					]
				},
				{
					"name": "leg_left2",
					"parent": "leg_left",
					"pivot": [-2.25, 6.89054, 1.18393],
					"cubes": [
						{"origin": [-3.25, 3.25, -0.95], "size": [2, 5, 3], "pivot": [-1.5, 7.25, 0.55], "rotation": [25, 0, 0], "uv": [46, 0]}
					]
				},
				{
					"name": "hoof_left",
					"parent": "leg_left2",
					"pivot": [-1.5, 4, 2.1],
					"cubes": [
						{"origin": [-3.75, 0.85, 0.6], "size": [3, 2, 3], "pivot": [-2, 2.75, 2.1], "rotation": [7.5, 0, 0], "uv": [48, 38]},
						{"origin": [-3.25, 0.1, 0.6], "size": [2, 4, 3], "pivot": [-1.5, 4, 2.1], "rotation": [7.5, 0, 0], "uv": [0, 50]}
					]
				},
				{
					"name": "leg_right",
					"parent": "body",
					"pivot": [2.1, 11.5, 0.05],
					"rotation": [-7.5, 0, 0],
					"cubes": [
						{"origin": [0.85, 6.75, -1.95], "size": [3, 6, 4], "uv": [18, 32]}
					]
				},
				{
					"name": "leg_right2",
					"parent": "leg_right",
					"pivot": [2.35, 6.89054, 1.18393],
					"cubes": [
						{"origin": [1.35, 3.25, -0.95], "size": [2, 5, 3], "pivot": [3.1, 7.25, 0.55], "rotation": [25, 0, 0], "uv": [46, 44]}
					]
				},
				{
					"name": "hoof_right",
					"parent": "leg_right2",
					"pivot": [2.6, 2.75, 2.1],
					"cubes": [
						{"origin": [1.35, 0.1, 0.6], "size": [2, 4, 3], "pivot": [3.1, 4, 2.1], "rotation": [7.5, 0, 0], "uv": [50, 8]},
						{"origin": [0.85, 0.85, 0.6], "size": [3, 2, 3], "pivot": [2.6, 2.75, 2.1], "rotation": [7.5, 0, 0], "uv": [50, 31]}
					]
				}
			]
		}
	]
}