{
	"format_version": "1.8.0",
	"animations": {
		"animation.eggward.ground_idle": {
			"loop": true,
			"bones": {
				"torso": {
					"rotation": ["math.sin(q.anim_time*180*0.5)*4", "math.sin(q.anim_time*180*0.5)*4", "math.sin(q.anim_time*180*0.5)*4"]
				},
				"wing_right": {
					"rotation": [0, "-7.5+math.sin(q.anim_time*90*1-60)*4", "math.sin(q.anim_time*90*1-60)*8"]
				},
				"thingy": {
					"rotation": ["-7.5+math.sin(q.anim_time*90*1)*6", 0, 0]
				},
				"tail": {
					"rotation": [0, "-7.5+math.sin(q.anim_time*180*0.5-50)*4", "math.sin(q.anim_time*180*0.5-50)*8"]
				},
				"leg_left": {
					"rotation": [0, 0, "-((math.sin(q.anim_time*90*4)+math.sin(q.anim_time*90*4*3)/10)*4)"],
					"position": ["-((math.sin(q.anim_time*90*4)+math.sin(q.anim_time*90*4*3)/10)*0.1)", 0, 0]
				},
				"leg_left2": {
					"rotation": [0, 0, "(math.sin(q.anim_time*90*4)+math.sin(q.anim_time*90*4*3)/10)*4"]
				},
				"foot_left": {
					"rotation": [0, "(math.sin(q.anim_time*90*4)+math.sin(q.anim_time*90*4*3)/10)*0.35", 0],
					"position": ["(math.sin(q.anim_time*90*4)+math.sin(q.anim_time*90*4*3)/10)*0.01", 0, 0]
				},
				"toe_inner_left": {
					"rotation": [0, 5, 0]
				},
				"toe_outer_left": {
					"rotation": [0, -5, 0]
				},
				"leg_right": {
					"rotation": [0, 0, "(math.sin(q.anim_time*90*4)+math.sin(q.anim_time*90*4*3)/10)*4"],
					"position": ["(math.sin(q.anim_time*90*4)+math.sin(q.anim_time*90*4*3)/10)*0.1", 0, 0]
				},
				"leg_right2": {
					"rotation": [0, 0, "-(math.sin(q.anim_time*90*4)+math.sin(q.anim_time*90*4*3)/10)*4"]
				},
				"wing_left": {
					"rotation": [0, "7.5-math.sin(q.anim_time*90*1-60)*4", "-math.sin(q.anim_time*90*1-60)*8"]
				},
				"thingy2": {
					"rotation": ["-12.5+math.sin(q.anim_time*90*1-45)*6", 0, 0]
				},
				"thingy3": {
					"rotation": ["17.5+math.sin(q.anim_time*90*1-90)*6", 0, 0]
				}
			}
		},
		"animation.eggward.blink": {
			"animation_length": 0.4583,
			"bones": {
				"eyelid_right": {
					"scale": {
						"0.0417": [1, 1, 1],
						"0.125": {
							"pre": [1, 1, 1],
							"post": [1.03, 1.03, 1.03]
						},
						"0.4583": {
							"pre": [1.03, 1.03, 1.03],
							"post": [1, 1, 1]
						}
					}
				},
				"eyelid_left": {
					"scale": {
						"0.0": [1, 1, 1],
						"0.0833": {
							"pre": [1, 1, 1],
							"post": [1.03, 1.03, 1.03]
						},
						"0.4167": {
							"pre": [1.03, 1.03, 1.03],
							"post": [1, 1, 1]
						}
					}
				}
			}
		},
		"animation.eggward.ground_walk": {
			"loop": true,
			"bones": {
				"body": {
					"rotation": ["5+math.sin(q.anim_time*90*6+60)*10", 0, 0],
					"position": [
						0,
						"math.clamp(math.sin(q.anim_time*90*6-60+10), 0, 1)+math.clamp(math.sin(q.anim_time*90*6+10)*2, 0, 2)",
						"math.clamp(math.cos(q.anim_time*90*6+20)*0.5, -0.2, 0.2)+math.cos(q.anim_time*90*6+20)*2"
					]
				},
				"torso": {
					"rotation": ["-math.sin(q.anim_time*90*6+60-40)*9", 0, 0],
					"position": [0, "math.clamp(math.sin(q.anim_time*90*6+190)*0.5, 0, 1)", 0]
				},
				"jaw": {
					"rotation": ["10+math.sin(q.anim_time*90*6-90)*10", 0, 0]
				},
				"wing_right": {
					"rotation": [0, "-7.5+math.sin(q.anim_time*90*6-60)*4", "math.sin(q.anim_time*90*6-60)*8"]
				},
				"thingy": {
					"rotation": ["-7.5+math.sin(q.anim_time*90*6)*6", 0, 0]
				},
				"tail": {
					"rotation": [0, "-7.5+math.sin(q.anim_time*180*3-50)*4", "math.sin(q.anim_time*180*3-50)*8"]
				},
				"leg_left": {
					"rotation": ["math.clamp(math.sin(q.anim_time*90*6+10)*20, -5, 20) ", 0, 0],
					"position": [
						0,
						"math.clamp(math.sin(q.anim_time*90*6+10)*1, -1, 0)*0.5+math.clamp(math.sin(q.anim_time*90*6+90)*1, 0.5, 1)*0.5",
						"-0.4+math.sin(q.anim_time*90*6+10)*1"
					]
				},
				"leg_left2": {
					"rotation": ["math.clamp(math.sin(q.anim_time*90*6+30)*30, -30, 15)", 0, 0]
				},
				"foot_left": {
					"rotation": ["-math.clamp(math.sin(q.anim_time*90*6+30)*30, -15, 10)+math.clamp(math.sin(q.anim_time*90*6)*20, 0, 20)", 0, 0]
				},
				"toe_back_left": {
					"rotation": ["-20+(math.sin(q.anim_time*90*6+200) +math.sin(q.anim_time*90*6*3+200)/10)*30", 0, 0]
				},
				"claw_back_left": {
					"rotation": ["math.clamp(math.sin(q.anim_time*90*6+200)*30, -30, 0)", 0, 0]
				},
				"toe_inner_left": {
					"rotation": [0, 5, 0]
				},
				"claw_inner_left": {
					"rotation": [
						"10+math.clamp(math.sin(q.anim_time*90*6-60)*20,-10,20)+math.clamp(math.sin(q.anim_time*90*6-90)*10,0,10)-math.clamp(math.sin(q.anim_time*90*6-300)*10,0,5)",
						-5,
						0
					]
				},
				"toe_outer_left": {
					"rotation": [0, -5, 0]
				},
				"claw_outer_left": {
					"rotation": [
						"10+math.clamp(math.sin(q.anim_time*90*6-60)*20,-10,20)+math.clamp(math.sin(q.anim_time*90*6-90)*10,0,10)-math.clamp(math.sin(q.anim_time*90*6-300)*10,0,5)",
						-5,
						0
					]
				},
				"leg_right": {
					"rotation": ["math.clamp(math.sin(q.anim_time*90*6+10)*20, -5, 20) ", 0, 0],
					"position": [
						0,
						"math.clamp(math.sin(q.anim_time*90*6+10)*1, -1, 0)*0.5+math.clamp(math.sin(q.anim_time*90*6+90)*1, 0.5, 1)*0.5",
						"-0.4+math.sin(q.anim_time*90*6+10)*1.2"
					]
				},
				"leg_right2": {
					"rotation": ["math.clamp(math.sin(q.anim_time*90*6+30)*30, -30, 15)", 0, 0]
				},
				"wing_left": {
					"rotation": [0, "7.5-math.sin(q.anim_time*90*6-60)*4", "-math.sin(q.anim_time*90*6-60)*8"]
				},
				"thingy2": {
					"rotation": ["-12.5+math.sin(q.anim_time*90*6-45)*6", 0, 0]
				},
				"thingy3": {
					"rotation": ["17.5+math.sin(q.anim_time*90*6-90)*6", 0, 0]
				}
			}
		},
		"animation.eggward.sleep": {
			"loop": true,
			"bones": {
				"eggward": {
					"position": [0, 0.25, 0]
				},
				"body": {
					"rotation": [-10.5, 0, 0],
					"position": [0, -2.2, 0]
				},
				"torso": {
					"rotation": ["12.5+1*math.sin(q.anim_time*90*1)", 0, "0.1*math.sin(q.anim_time*90*3)"]
				},
				"wing_right": {
					"rotation": [0, 0, -22.5]
				},
				"tail": {
					"rotation": [-22.5, 0, 0]
				},
				"leg_left": {
					"rotation": [-86.80748, -12.60837, 56.59341],
					"position": [1.3, -0.75, -4.5]
				},
				"leg_left2": {
					"rotation": [-15, 0, 0]
				},
				"leg_right": {
					"rotation": [-86.80748, 12.60837, -56.59341],
					"position": [-0.75, -0.75, -4.25]
				},
				"leg_right2": {
					"rotation": [-12.5, 0, 0]
				},
				"wing_left": {
					"rotation": [0, 0, 22.5]
				},
				"thingy": {
					"rotation": ["-7.5+math.sin(q.anim_time*90*1)*6", 0, 0]
				},
				"thingy2": {
					"rotation": ["-12.5+math.sin(q.anim_time*90*1-45)*6", 0, 0]
				},
				"thingy3": {
					"rotation": ["17.5+math.sin(q.anim_time*90*1-90)*6", 0, 0]
				},
				"eyelid_right": {
					"scale": 1.03
				},
				"eyelid_left": {
					"scale": 1.03
				}
			}
		},
		"animation.eggward.cry": {
			"animation_length": 0.7083,
			"bones": {
				"torso": {
					"rotation": {
						"0.0": {
							"post": [0, 0, 0],
							"lerp_mode": "catmullrom"
						},
						"0.1667": {
							"post": [-2.5, 0, 0],
							"lerp_mode": "catmullrom"
						},
						"0.25": {
							"post": [0, 0, 0],
							"lerp_mode": "catmullrom"
						},
						"0.375": {
							"post": [-2.5, 0, 0],
							"lerp_mode": "catmullrom"
						},
						"0.4583": {
							"post": [0, 0, 0],
							"lerp_mode": "catmullrom"
						},
						"0.5833": {
							"post": [-2.5, 0, 0],
							"lerp_mode": "catmullrom"
						},
						"0.7083": {
							"post": [0, 0, 0],
							"lerp_mode": "catmullrom"
						}
					}
				},
				"jaw": {
					"rotation": {
						"0.0": {
							"post": [0, 0, 0],
							"lerp_mode": "catmullrom"
						},
						"0.1667": {
							"post": [27.5, 0, 0],
							"lerp_mode": "catmullrom"
						},
						"0.25": {
							"post": [0, 0, 0],
							"lerp_mode": "catmullrom"
						},
						"0.375": {
							"post": [27.5, 0, 0],
							"lerp_mode": "catmullrom"
						},
						"0.4583": {
							"post": [0, 0, 0],
							"lerp_mode": "catmullrom"
						},
						"0.5833": {
							"post": [27.5, 0, 0],
							"lerp_mode": "catmullrom"
						},
						"0.7083": {
							"post": [0, 0, 0],
							"lerp_mode": "catmullrom"
						}
					}
				}
			},
			"sound_effects": {
				"0.0": {
					"effect": "pokemon.eggward.cry"
				}
			}
		},
		"animation.eggward.faint": {
			"animation_length": 7.3333,
			"bones": {
				"eggward": {
					"rotation": {
						"0.0": {
							"post": [0, 0, 0],
							"lerp_mode": "catmullrom"
						},
						"0.25": {
							"post": [0, 0, -5],
							"lerp_mode": "catmullrom"
						},
						"0.5": {
							"post": [0, 0, 12.5],
							"lerp_mode": "catmullrom"
						},
						"0.75": {
							"post": [0, 0, -5],
							"lerp_mode": "catmullrom"
						},
						"1.0": {
							"post": [0, 0, 12.5],
							"lerp_mode": "catmullrom"
						},
						"1.25": {
							"post": [0, 0, 0],
							"lerp_mode": "catmullrom"
						},
						"1.5": {
							"post": [0, 0, 0],
							"lerp_mode": "catmullrom"
						}
					},
					"position": {
						"0.0": [0, 0, 0],
						"1.0": [0, 0, 0],
						"1.5": [0, 0.25, 0]
					}
				},
				"body": {
					"rotation": {
						"0.0": {
							"post": [0, 0, 0],
							"lerp_mode": "catmullrom"
						},
						"0.9583": [0, 360, 0],
						"1.0": {"pre": [0, 360, 0], "post": [0, 0, 0]},
						"1.5": [-10.5, 0, 0]
					},
					"position": {
						"0.0": [0, 0, 0],
						"1.0": [0, 0, 0],
						"1.5": [0, -2.2, 0]
					}
				},
				"torso": {
					"rotation": {
						"0.0": [0, 0, 0],
						"0.0417": [-13, 0, 0],
						"0.5833": [8.66, 0, 0],
						"1.0833": [-2, 0, 0],
						"1.5": ["12.5+1*math.sin(q.anim_time*90*1)", 0, "0.1*math.sin(q.anim_time*90*3)"]
					}
				},
				"wing_right": {
					"rotation": {
						"0.0": [0, 0, 0],
						"0.1667": {
							"pre": [0, 20, 0],
							"post": [0, 20, 0],
							"lerp_mode": "catmullrom"
						},
						"0.625": {
							"post": [0, -6.21, 0],
							"lerp_mode": "catmullrom"
						},
						"1.5": [0, 0, -22.5]
					},
					"position": {
						"0.0": [0, 0, 0],
						"0.1667": [1.25, 0, -0.25],
						"0.625": [0, 0, 0],
						"1.5": [0, 0, 0]
					}
				},
				"wing_left": {
					"rotation": {
						"0.0": [0, 0, 0],
						"0.1667": {
							"pre": [0, -20, 0],
							"post": [0, -20, 0],
							"lerp_mode": "catmullrom"
						},
						"0.625": {
							"post": [0, 6.21, 0],
							"lerp_mode": "catmullrom"
						},
						"1.5": [0, 0, 22.5]
					},
					"position": {
						"0.0": [0, 0, 0],
						"0.1667": [-1.25, 0, -0.25],
						"0.625": [0, 0, 0],
						"1.5": [0, 0, 0]
					}
				},
				"thingy": {
					"rotation": {
						"0.0": [0, 0, 0],
						"1.0": [0, 0, 0],
						"1.5": ["-7.5+math.sin(q.anim_time*90*1)*6", 0, 0]
					},
					"position": {
						"0.0": [0, 0, 0],
						"1.0": [0, 0, 0]
					}
				},
				"tail": {
					"rotation": {
						"0.0": [0, 0, 0],
						"1.0": [0, 0, 0],
						"1.5": [-22.5, 0, 0]
					},
					"position": {
						"0.0": [0, 0, 0],
						"1.0": [0, 0, 0]
					}
				},
				"leg_left": {
					"rotation": {
						"0.0": [0, 0, 0],
						"1.0": [0, 0, 0],
						"1.5": [-86.80748, -12.60837, 56.59341]
					},
					"position": {
						"0.0": [0, 0, 0],
						"1.0": [0, 0, 0],
						"1.5": [1.3, -0.75, -4.5]
					}
				},
				"leg_left2": {
					"rotation": {
						"0.0": [0, 0, 0],
						"1.0": [0, 0, 0],
						"1.5": [-15, 0, 0]
					},
					"position": {
						"0.0": [0, 0, 0],
						"1.0": [0, 0, 0]
					}
				},
				"leg_right": {
					"rotation": {
						"0.0": [0, 0, 0],
						"1.0": [0, 0, 0],
						"1.5": [-86.80748, 12.60837, -56.59341]
					},
					"position": {
						"0.0": [0, 0, 0],
						"1.0": [0, 0, 0],
						"1.5": [-0.75, -0.75, -4.25]
					}
				},
				"leg_right2": {
					"rotation": {
						"0.0": [0, 0, 0],
						"1.0": [0, 0, 0],
						"1.5": [-12.5, 0, 0]
					},
					"position": {
						"0.0": [0, 0, 0],
						"1.0": [0, 0, 0]
					}
				},
				"thingy2": {
					"rotation": {
						"0.0": [0, 0, 0],
						"1.0": [0, 0, 0],
						"1.5": ["-12.5+math.sin(q.anim_time*90*1-45)*6", 0, 0]
					},
					"position": {
						"0.0": [0, 0, 0],
						"1.0": [0, 0, 0]
					}
				},
				"thingy3": {
					"rotation": {
						"0.0": [0, 0, 0],
						"1.0": [0, 0, 0],
						"1.5": ["17.5+math.sin(q.anim_time*90*1-90)*6", 0, 0]
					},
					"position": {
						"0.0": [0, 0, 0],
						"1.0": [0, 0, 0]
					}
				},
				"eyelid_right": {
					"scale": {
						"0.0": [1, 1, 1],
						"0.0417": {"pre": [1, 1, 1], "post": [1.03, 1.03, 1.03]},
						"0.3333": {"pre": [1.03, 1.03, 1.03], "post": [1, 1, 1]},
						"1.5": {"pre": [1, 1, 1], "post": [1.03, 1.03, 1.03]}
					}
				},
				"eyelid_left": {
					"rotation": [0, 0, 0],
					"position": [0, 0, 0],
					"scale": {
						"0.0": [1, 1, 1],
						"0.0417": {"pre": [1, 1, 1], "post": [1.03, 1.03, 1.03]},
						"0.3333": {"pre": [1.03, 1.03, 1.03], "post": [1, 1, 1]},
						"1.5": {"pre": [1, 1, 1], "post": [1.03, 1.03, 1.03]}
					}
				}
			}
		},
		"animation.eggward.recoil": {
			"animation_length": 1.5,
			"bones": {
				"torso": {
					"rotation": {
						"0.0": [0, 0, 0],
						"0.0417": [-13, 0, 0],
						"0.5833": {
							"pre": [8.66, 0, 0],
							"post": [8.66, 0, 0],
							"lerp_mode": "catmullrom"
						},
						"1.0833": {
							"post": [-2, 0, 0],
							"lerp_mode": "catmullrom"
						},
						"1.5": [0, 0, 0]
					}
				},
				"wing_right": {
					"rotation": {
						"0.0": [0, 0, 0],
						"0.1667": {
							"pre": [0, 20, 0],
							"post": [0, 20, 0],
							"lerp_mode": "catmullrom"
						},
						"0.625": {
							"post": [0, -6.21, 0],
							"lerp_mode": "catmullrom"
						},
						"1.5": [0, 0, 0]
					},
					"position": {
						"0.0": [0, 0, 0],
						"0.1667": [1.25, 0, -0.25],
						"0.625": [0, 0, 0],
						"1.5": [0, 0, 0]
					}
				},
				"wing_left": {
					"rotation": {
						"0.0": [0, 0, 0],
						"0.1667": {
							"pre": [0, -20, 0],
							"post": [0, -20, 0],
							"lerp_mode": "catmullrom"
						},
						"0.625": {
							"post": [0, 6.21, 0],
							"lerp_mode": "catmullrom"
						},
						"1.5": [0, 0, 0]
					},
					"position": {
						"0.0": [0, 0, 0],
						"0.1667": [-1.25, 0, -0.25],
						"0.625": [0, 0, 0],
						"1.5": [0, 0, 0]
					}
				},
				"eyelid_right": {
					"scale": {
						"0.0": [1, 1, 1],
						"0.0417": {
							"pre": [1, 1, 1],
							"post": [1.03, 1.03, 1.03]
						},
						"0.3333": {
							"pre": [1.03, 1.03, 1.03],
							"post": [1, 1, 1]
						}
					}
				},
				"eyelid_left": {
					"scale": {
						"0.0": [1, 1, 1],
						"0.0417": {
							"pre": [1, 1, 1],
							"post": [1.03, 1.03, 1.03]
						},
						"0.3333": {
							"pre": [1.03, 1.03, 1.03],
							"post": [1, 1, 1]
						}
					}
				}
			}
		}
	}
}