{
	"format_version": "1.8.0",
	"animations": {
		"animation.cieer.ground_idle": {
			"loop": true,
			"animation_length": 2.4,
			"bones": {
				"head": {
					"rotation": {
						"0.0": [0, 0, 0],
						"1.2": [2.5, 0, 0],
						"2.4": [0, 0, 0]
					}
				},
				"tail": {
					"rotation": {
						"0.0": [0, 10, 0],
						"1.2": [0, -10, 0],
						"2.4": [0, 10, 0]
					}
				},
				"ear": {
					"rotation": {
						"0.0": [0, 0, 0],
						"1.2": [-13.08619, -17.07228, 3.90399],
						"2.4": [0, 0, 0]
					}
				},
				"ear2": {
					"rotation": {
						"0.0": [0, 0, 0],
						"1.2": [-13.08619, 17.07228, -3.90399],
						"2.4": [0, 0, 0]
					}
				}
			}
		},
		"animation.cieer.ground_walk": {
			"loop": true,
			"animation_length": 0.76,
			"bones": {
				"bone": {
					"position": {
						"0.0": [0, 0, 0],
						"0.28": [0, 6, 0],
						"0.52": [0, 2, 0],
						"0.76": [0, 0, 0]
					}
				},
				"neck": {
					"rotation": {
						"0.0": [-5, 0, 0],
						"0.44": [0, 0, 0],
						"0.76": [-5, 0, 0]
					}
				},
				"leg": {
					"rotation": {
						"0.0": [0, 0, 0],
						"0.28": [22.5, 0, 0],
						"0.44": [0, 0, 0],
						"0.56": [-22.5, 0, 0],
						"0.76": [0, 0, 0]
					}
				},
				"leg2": {
					"rotation": {
						"0.0": [0, 0, 0],
						"0.28": [22.5, 0, 0],
						"0.44": [0, 0, 0],
						"0.56": [-22.5, 0, 0],
						"0.76": [0, 0, 0]
					}
				},
				"leg3": {
					"rotation": {
						"0.0": [0, 0, 0],
						"0.28": [22.5, 0, 0],
						"0.44": [0, 0, 0],
						"0.56": [-22.5, 0, 0],
						"0.76": [0, 0, 0]
					}
				},
				"leg4": {
					"rotation": {
						"0.0": [0, 0, 0],
						"0.28": [22.5, 0, 0],
						"0.44": [0, 0, 0],
						"0.56": [-22.5, 0, 0],
						"0.76": [0, 0, 0]
					}
				}
			}
		}
	}
}