{
	"format_version": "1.8.0",
	"animations": {
		"animation.ancientgale.ground_idle": {
			"loop": true,
			"bones": {
				"body": {
					"position": [0, 1, 0]
				},
				"wing_base_left": {
					"rotation": [3, "-19-2*math.sin(q.anim_time*90*1+20*3)*2", -48]
				},
				"wing_upper_left": {
					"rotation": [0, "0-2*math.sin(q.anim_time*90*1+40*4)*3", 22.5]
				},
				"wing_middle_left": {
					"rotation": [0, 12.5, "-7.5-2*math.sin(q.anim_time*90*1+60*3)*2"]
				},
				"wing_end_left": {
					"rotation": [-1, "10-2*math.sin(q.anim_time*90*1+90*4)*3", "-15-2*math.sin(q.anim_time*90*1+90*4.5)*3.5"]
				},
				"feather_finger_top_left": {
					"rotation": [0, "0-2*math.sin(q.anim_time*90*1+90*4.5)*3.5", -25]
				},
				"feather_finger_middle_left": {
					"rotation": [0, "0-2*math.sin(q.anim_time*90*1+90*4.5)*3.5", -17.5]
				},
				"feather_finger_bottom_left": {
					"rotation": [0, "0-2*math.sin(q.anim_time*90*1+90*4.5)*3.5", -10]
				},
				"feather_thumb_second_left": {
					"rotation": ["0+2*math.sin(q.anim_time*90*1+90*4.5)*3.5", 0, -37.5]
				},
				"feather_thumb_first_left": {
					"rotation": ["0+2*math.sin(q.anim_time*90*1+90*4.5)*3.5", 0, -57.5]
				},
				"wing_base_right": {
					"rotation": [3, "19+2*math.sin(q.anim_time*90*1+20*3)*2", 48]
				},
				"wing_upper_right": {
					"rotation": [0, "0+2*math.sin(q.anim_time*90*1+40*4)*3", -22.5]
				},
				"wing_middle_right": {
					"rotation": [0, -12.5, "7.5+2*math.sin(q.anim_time*90*1+60*3)*2"]
				},
				"wing_end_right": {
					"rotation": [-1, "-10+2*math.sin(q.anim_time*90*1+90*4)*3", "15+2*math.sin(q.anim_time*90*1+90*4.5)*3.5"]
				},
				"feather_finger_top_right": {
					"rotation": [0, "0+2*math.sin(q.anim_time*90*1+90*4.5)*3.5", 25]
				},
				"feather_finger_middle_right": {
					"rotation": [0, "0+2*math.sin(q.anim_time*90*1+90*4.5)*3.5", 17.5]
				},
				"feather_finger_bottom_right": {
					"rotation": [0, "0+2*math.sin(q.anim_time*90*1+90*4.5)*3.5", 10]
				},
				"feather_thumb_second_right": {
					"rotation": ["0+2*math.sin(q.anim_time*90*1+90*4.5)*3.5", 0, 37.5]
				},
				"feather_thumb_first_right": {
					"rotation": ["0+2*math.sin(q.anim_time*90*1+90*4.5)*3.5", 0, 57.5]
				},
				"torso": {
					"rotation": ["5+0.5*math.sin(q.anim_time*90*1+45)", 0, 0]
				},
				"neck": {
					"rotation": ["-7.5+1*math.sin(q.anim_time*90*1+90)", 0, 0]
				},
				"head": {
					"rotation": ["17.5+1.5*math.sin(q.anim_time*90*1+90)", 0, 0]
				},
				"leg_left": {
					"rotation": [-45, -20, 0]
				},
				"leg_left2": {
					"rotation": [-10, 0, 0]
				},
				"foot_left": {
					"rotation": [10, 0, 0]
				},
				"toe_outer_left": {
					"rotation": [0, -20, 0]
				},
				"toe_inner_left": {
					"rotation": [0, 20, 0]
				},
				"tail_cloud_segment_1_left": {
					"rotation": ["-10+1*math.sin(query.anim_time*90*1+40)*2", 22.5, 0]
				},
				"tail_cloud_segment_2_left": {
					"rotation": ["-15+2*math.sin(query.anim_time*90*1+30)", 0, 0]
				},
				"tail_cloud_segment_3_left": {
					"rotation": ["0+2*math.sin(query.anim_time*90*1+20*3)*2", 0, 0]
				},
				"tail_cloud_segment_4_left": {
					"rotation": ["17.5+2*math.sin(query.anim_time*90*1*5)", 0, 0]
				},
				"tail_segement_1_left": {
					"rotation": [18.48124, -9.84655, 17.49524]
				},
				"tail_segement_2_left": {
					"rotation": ["27.5+2*math.sin(q.anim_time*90+120)*1", 0, 0]
				},
				"tail_segement_3_left": {
					"rotation": ["25+2*math.sin(q.anim_time*90+100)*1.5", 0, 0]
				},
				"tail_segement_4_left": {
					"rotation": ["32.5+2*math.sin(q.anim_time*90+80)*2", 0, 0]
				},
				"tail_segement_5_left": {
					"rotation": ["22.5+2*math.sin(q.anim_time*90+80)*2.5", 0, 0]
				},
				"tail_segement_6_left": {
					"rotation": ["30+2*math.sin(q.anim_time*90+20)*3", 0, 0]
				},
				"dragon_head_left": {
					"rotation": ["50+2*math.sin(q.anim_time*90*1+20*3)", 0, 0]
				},
				"hair_segement_1": {
					"rotation": ["-22.5+2*math.sin(query.anim_time*90*1+90*2)*2", 0, 0]
				},
				"hair_segement_2": {
					"rotation": ["17.5+2*math.sin(query.anim_time*90*1+30*2)*4", 0, 0]
				},
				"hair_segement_3": {
					"rotation": ["-37.5+2*math.sin(query.anim_time*90*1+20*4)*6", 0, 0]
				},
				"hair_segement_4": {
					"rotation": ["32.5+2*math.sin(query.anim_time*90*1*5)", 0, 0]
				},
				"tail_cloud_segment_1_right": {
					"rotation": ["-10+1*math.sin(query.anim_time*90*1+40)*2", -22.5, 0]
				},
				"tail_cloud_segment_2_right": {
					"rotation": ["-15+2*math.sin(query.anim_time*90*1+30)", 0, 0]
				},
				"tail_segement_1_right": {
					"rotation": [18.48124, 9.84655, -17.49524]
				},
				"tail_segement_2_right": {
					"rotation": ["27.5+2*math.sin(q.anim_time*90+120)*1", 0, 0]
				},
				"tail_segement_3_right": {
					"rotation": ["25+2*math.sin(q.anim_time*90+100)*1.5", 0, 0]
				},
				"tail_segement_4_right": {
					"rotation": ["32.5+2*math.sin(q.anim_time*90+80)*2", 0, 0]
				},
				"tail_segement_5_right": {
					"rotation": ["22.5+2*math.sin(q.anim_time*90+80)*2.5", 0, 0]
				},
				"tail_segement_6_right": {
					"rotation": ["30+2*math.sin(q.anim_time*90+20)*3", 0, 0]
				},
				"tail_segement_6_right2": {
					"rotation": ["50+2*math.sin(q.anim_time*90*1+20*3)", 0, 0]
				},
				"tail_cloud_segment_3_right": {
					"rotation": ["0+2*math.sin(query.anim_time*90*1+20*3)*2", 0, 0]
				},
				"tail_cloud_segment_4_right": {
					"rotation": ["17.5+2*math.sin(query.anim_time*90*1*5)", 0, 0]
				},
				"leg_lower_left": {
					"rotation": [45, 0, 0]
				},
				"leg_right": {
					"rotation": [-45, 20, 0]
				},
				"leg_lower_right": {
					"rotation": [45, 0, 0]
				},
				"leg_right2": {
					"rotation": [-10, 0, 0]
				},
				"foot_right": {
					"rotation": [10, 0, 0]
				},
				"toe_outer_right": {
					"rotation": [0, 20, 0]
				},
				"toe_inner_right": {
					"rotation": [0, -20, 0]
				},
				"beard_right": {
					"rotation": [19, 46, "26+2*math.sin(query.anim_time*130*1*2)"]
				},
				"beard_end_right": {
					"rotation": [0, -10, "25+2*math.sin(query.anim_time*90*1*5)"]
				},
				"hair_wavy": {
					"rotation": ["20-2*math.sin(query.anim_time*90*1*5)", 0, 0]
				},
				"arm_feather_right": {
					"rotation": [0, 0, 2.5]
				},
				"arm_feather_right2": {
					"rotation": [0, 0, 5]
				},
				"arm_feather_right3": {
					"rotation": [0, 0, 10]
				},
				"arm_feather_right4": {
					"rotation": [0, 0, 7.5]
				},
				"arm_feather_right5": {
					"rotation": [0, 0, 10]
				},
				"arm_feather_right6": {
					"rotation": [0, 0, 15]
				},
				"arm_feather_right7": {
					"rotation": [0, 0, 25]
				},
				"arm_feather_right8": {
					"rotation": [0, 0, 37.5]
				},
				"arm_feather_left8": {
					"rotation": [0, 0, -37.5]
				},
				"arm_feather_left7": {
					"rotation": [0, 0, -25]
				},
				"arm_feather_left6": {
					"rotation": [0, 0, -15]
				},
				"arm_feather_left5": {
					"rotation": [0, 0, -10]
				},
				"arm_feather_left4": {
					"rotation": [0, 0, -7.5]
				},
				"arm_feather_left": {
					"rotation": [0, 0, -2.5]
				},
				"arm_feather_left2": {
					"rotation": [0, 0, -5]
				},
				"arm_feather_left3": {
					"rotation": [0, 0, -10]
				},
				"eye_main_right": {
					"position": [0, 0, 0]
				},
				"beard_left": {
					"rotation": [19, -46, "-26-2*math.sin(query.anim_time*130*1*2)"]
				},
				"beard_end_left": {
					"rotation": [0, 10, "-25-2*math.sin(query.anim_time*90*1*5)"]
				}
			}
		},
		"animation.ancientgale.ground_walk": {
			"loop": true,
			"bones": {
				"body": {
					"position": [0, "8+2*math.cos(q.anim_time*90*1-80*2)*-1", "0+2*math.cos(q.anim_time*90*1-60*3)*-0.5"]
				},
				"wing_base_left": {
					"rotation": [5.60125, "0.9883-2*math.sin(q.anim_time*90*1+90*2)*12", "-35.7386-2*math.sin(q.anim_time*90*1+90*2)*8"]
				},
				"wing_upper_left": {
					"rotation": [0, "0-3*math.sin(q.anim_time*90*1+120*2)*12", 22.5]
				},
				"wing_middle_left": {
					"rotation": [0, "12.5-3*math.sin(q.anim_time*90*1+150)*8", -7.5]
				},
				"wing_end_left": {
					"rotation": [-1, "10-4*math.sin(q.anim_time*90*1+165)*8", -15]
				},
				"feather_finger_top_left": {
					"rotation": [0, "0-2*math.sin(q.anim_time*90*1+165)*8", -25]
				},
				"feather_finger_middle_left": {
					"rotation": [0, "0-2*math.sin(q.anim_time*90*1+165)*8", -17.5]
				},
				"feather_finger_bottom_left": {
					"rotation": [0, "0-2*math.sin(q.anim_time*90*1+165)*8", -10]
				},
				"feather_thumb_second_left": {
					"rotation": [2.5, 0, -37.5]
				},
				"feather_thumb_first_left": {
					"rotation": [2.5, 0, -57.5]
				},
				"wing_base_right": {
					"rotation": [4.9282, "-0.7589+2*math.sin(q.anim_time*90*1+90*2)*12", "33.1598+2*math.sin(q.anim_time*90*1+90*2)*8"]
				},
				"wing_upper_right": {
					"rotation": [0, "0+3*math.sin(q.anim_time*90*1+120*2)*12", -22.5]
				},
				"wing_middle_right": {
					"rotation": [0, "-12.5+3*math.sin(q.anim_time*90*1+150)*8", 7.5]
				},
				"wing_end_right": {
					"rotation": [-1, "-10+4*math.sin(q.anim_time*90*1+165)*8", 15]
				},
				"feather_finger_top_right": {
					"rotation": [0, "0+2*math.sin(q.anim_time*90*1+165)*8", 25]
				},
				"feather_finger_middle_right": {
					"rotation": [0, "0+2*math.sin(q.anim_time*90*1+165)*8", 17.5]
				},
				"feather_finger_bottom_right": {
					"rotation": [0, "0+2*math.sin(q.anim_time*90*1+165)*8", 10]
				},
				"feather_thumb_second_right": {
					"rotation": [2.5, 0, 37.5]
				},
				"feather_thumb_first_right": {
					"rotation": [2.5, 0, 57.5]
				},
				"torso": {
					"rotation": [22.5, 0, 0]
				},
				"neck": {
					"rotation": ["15-2*math.sin(q.anim_time*90*1+120*2)*2", 0, 0]
				},
				"head": {
					"rotation": ["-22.5-2*math.sin(q.anim_time*90*1+90*2)*2", 0, 0]
				},
				"leg_left": {
					"rotation": ["-5+3*math.cos(q.anim_time*90*1+150*4)*2", -5, 0]
				},
				"leg_left2": {
					"rotation": [-10, 0, 0]
				},
				"foot_left": {
					"rotation": ["17.5+2*math.cos(q.anim_time*90*1+190*2)*3", 0, 0]
				},
				"toe_outer_left": {
					"rotation": ["42.5+2*math.cos(q.anim_time*90*1+200*2)*3", -20, 0]
				},
				"toe_inner_left": {
					"rotation": ["42.5+2*math.cos(q.anim_time*90*1+200*2)*3", 20, 0]
				},
				"tail_cloud_segment_1_left": {
					"rotation": ["-22.5+1*math.sin(query.anim_time*80*0.8*4)*2", 22.5, 0]
				},
				"tail_cloud_segment_2_left": {
					"rotation": ["-15+2*math.sin(query.anim_time*90*1*3)", 0, 0]
				},
				"tail_cloud_segment_3_left": {
					"rotation": ["-20+2*math.sin(query.anim_time*130*1*2)", 0, 0]
				},
				"tail_cloud_segment_4_left": {
					"rotation": ["35+2*math.sin(query.anim_time*120*1*5)", 0, 0]
				},
				"tail_segement_1_left": {
					"rotation": [8.48124, -9.84655, 17.49524]
				},
				"tail_segement_2_left": {
					"rotation": ["27.5+2*math.sin(query.anim_time*90*1+10)", 0, 0]
				},
				"tail_segement_3_left": {
					"rotation": ["25+2*math.sin(query.anim_time*90*1+20)", 0, 0]
				},
				"tail_segement_4_left": {
					"rotation": [32.5, 0, 0]
				},
				"tail_segement_5_left": {
					"rotation": ["22.5+2*math.sin(query.anim_time*90*1+40)", 0, 0]
				},
				"tail_segement_6_left": {
					"rotation": ["30+2*math.sin(query.anim_time*90*1+50)", 0, 0]
				},
				"dragon_head_left": {
					"rotation": [50, 0, 0]
				},
				"hair_segement_1": {
					"rotation": ["-37.5+1*math.sin(query.anim_time*80*0.8*4)", 0, 0]
				},
				"hair_segement_2": {
					"rotation": ["30+2*math.sin(query.anim_time*90*1*3)", 0, 0]
				},
				"hair_segement_3": {
					"rotation": ["-37.5+2*math.sin(query.anim_time*130*1*2)", 0, 0]
				},
				"hair_segement_4": {
					"rotation": ["32.5+2*math.sin(query.anim_time*120*1*5)", 0, 0]
				},
				"tail_cloud_segment_1_right": {
					"rotation": ["-22.5+1*math.sin(query.anim_time*80*0.8*4)*2", -22.5, 0]
				},
				"tail_cloud_segment_2_right": {
					"rotation": ["-15+2*math.sin(query.anim_time*90*1*3)", 0, 0]
				},
				"tail_segement_1_right": {
					"rotation": [8.48124, 9.84655, -17.49524]
				},
				"tail_segement_2_right": {
					"rotation": ["27.5+2*math.sin(query.anim_time*90*1+10)", 0, 0]
				},
				"tail_segement_3_right": {
					"rotation": ["25+2*math.sin(query.anim_time*90*1+20)", 0, 0]
				},
				"tail_segement_4_right": {
					"rotation": [32.5, 0, 0]
				},
				"tail_segement_5_right": {
					"rotation": ["22.5+2*math.sin(query.anim_time*90*1+40)", 0, 0]
				},
				"tail_segement_6_right": {
					"rotation": ["30+2*math.sin(query.anim_time*90*1+50)", 0, 0]
				},
				"tail_segement_6_right2": {
					"rotation": [50, 0, 0]
				},
				"tail_cloud_segment_3_right": {
					"rotation": ["-20+2*math.sin(query.anim_time*130*1*2)", 0, 0]
				},
				"tail_cloud_segment_4_right": {
					"rotation": ["35+2*math.sin(query.anim_time*120*1*5)", 0, 0]
				},
				"leg_lower_left": {
					"rotation": ["60+2.5*math.cos(q.anim_time*90*1+150*2)*3", 0, 0]
				},
				"leg_right": {
					"rotation": ["-5+3*math.cos(q.anim_time*90*1+150*4)*2", 5, 0]
				},
				"leg_lower_right": {
					"rotation": ["60+2.5*math.cos(q.anim_time*90*1+150*2)*3", 0, 0]
				},
				"leg_right2": {
					"rotation": [-10, 0, 0]
				},
				"foot_right": {
					"rotation": ["17.5+2*math.cos(q.anim_time*90*1+190*2)*3", 0, 0]
				},
				"toe_outer_right": {
					"rotation": [42.5, 20, 0]
				},
				"toe_inner_right": {
					"rotation": [42.5, -20, 0]
				},
				"beard_right": {
					"rotation": [11.23272, 36.01651, "18.6621+2*math.sin(query.anim_time*130*1*2)"]
				},
				"beard_end_right": {
					"rotation": [0, 5, "25+2*math.sin(query.anim_time*120*1*5)"]
				},
				"hair_wavy": {
					"rotation": ["20-2*math.sin(query.anim_time*120*1*5)", 0, 0]
				},
				"arm_feather_right": {
					"rotation": [0, 0, 2.5]
				},
				"arm_feather_right2": {
					"rotation": [0, 0, 5]
				},
				"arm_feather_right3": {
					"rotation": [0, 0, 10]
				},
				"arm_feather_right4": {
					"rotation": [0, 0, 7.5]
				},
				"arm_feather_right5": {
					"rotation": [0, 0, 10]
				},
				"arm_feather_right6": {
					"rotation": [0, 0, 15]
				},
				"arm_feather_right7": {
					"rotation": [0, 0, 25]
				},
				"arm_feather_right8": {
					"rotation": [0, 0, 37.5]
				},
				"arm_feather_left8": {
					"rotation": [0, 0, -37.5]
				},
				"arm_feather_left7": {
					"rotation": [0, 0, -25]
				},
				"arm_feather_left6": {
					"rotation": [0, 0, -15]
				},
				"arm_feather_left5": {
					"rotation": [0, 0, -10]
				},
				"arm_feather_left4": {
					"rotation": [0, 0, -7.5]
				},
				"arm_feather_left": {
					"rotation": [0, 0, -2.5]
				},
				"arm_feather_left2": {
					"rotation": [0, 0, -5]
				},
				"arm_feather_left3": {
					"rotation": [0, 0, -10]
				},
				"toe_middle_right": {
					"rotation": [42.5, 0, 0]
				},
				"claw_middle_right": {
					"rotation": [30, 0, 0]
				},
				"claw_outer_right": {
					"rotation": [30, 0, 0]
				},
				"claw_inner_right": {
					"rotation": [30, 0, 0]
				},
				"toe_back_right": {
					"rotation": ["-42.5+2*math.cos(q.anim_time*90*1+200*2)*3", 0, 0]
				},
				"toe_claw_back_right": {
					"rotation": [-25, 0, 0]
				},
				"toe_middle_left": {
					"rotation": ["42.5+2*math.cos(q.anim_time*90*1+200*2)*3", 0, 0]
				},
				"claw_middle_left": {
					"rotation": [30, 0, 0]
				},
				"claw_outer_left": {
					"rotation": [30, 0, 0]
				},
				"claw_inner_left": {
					"rotation": [30, 0, 0]
				},
				"toe_back_left": {
					"rotation": ["-42.5+2*math.cos(q.anim_time*90*1+200*2)*3", 0, 0]
				},
				"toe_claw_back_left": {
					"rotation": [-25, 0, 0]
				},
				"beard_left": {
					"rotation": [11.23272, -36.01651, "-18.6621-2*math.sin(query.anim_time*130*1*2)"]
				},
				"beard_end_left": {
					"rotation": [0, -5, "-25-2*math.sin(query.anim_time*120*1*5)"]
				},
				"tail_left": {
					"rotation": [-12.5, 0, 0]
				},
				"tail_right": {
					"rotation": [-12.5, 0, 0]
				}
			}
		},
		"animation.ancientgale.air_idle": {
			"loop": true,
			"bones": {
				"body": {
					"position": [0, "0+2*math.cos(q.anim_time*90*1-80*2)*-1", "0+2*math.cos(q.anim_time*90*1-60*3)*-0.5"]
				},
				"wing_base_left": {
					"rotation": [5.60125, "0.9883-2*math.sin(q.anim_time*90*1+90*2)*12", "-35.7386-2*math.sin(q.anim_time*90*1+90*2)*8"]
				},
				"wing_upper_left": {
					"rotation": [0, "0-3*math.sin(q.anim_time*90*1+120*2)*12", 22.5]
				},
				"wing_middle_left": {
					"rotation": [0, "12.5-3*math.sin(q.anim_time*90*1+150)*8", -7.5]
				},
				"wing_end_left": {
					"rotation": [-1, "10-4*math.sin(q.anim_time*90*1+165)*8", -15]
				},
				"feather_finger_top_left": {
					"rotation": [0, "0-2*math.sin(q.anim_time*90*1+165)*8", -25]
				},
				"feather_finger_middle_left": {
					"rotation": [0, "0-2*math.sin(q.anim_time*90*1+165)*8", -17.5]
				},
				"feather_finger_bottom_left": {
					"rotation": [0, "0-2*math.sin(q.anim_time*90*1+165)*8", -10]
				},
				"feather_thumb_second_left": {
					"rotation": [2.5, 0, -37.5]
				},
				"feather_thumb_first_left": {
					"rotation": [2.5, 0, -57.5]
				},
				"wing_base_right": {
					"rotation": [4.9282, "-0.7589+2*math.sin(q.anim_time*90*1+90*2)*12", "33.1598+2*math.sin(q.anim_time*90*1+90*2)*8"]
				},
				"wing_upper_right": {
					"rotation": [0, "0+3*math.sin(q.anim_time*90*1+120*2)*12", -22.5]
				},
				"wing_middle_right": {
					"rotation": [0, "-12.5+3*math.sin(q.anim_time*90*1+150)*8", 7.5]
				},
				"wing_end_right": {
					"rotation": [-1, "-10+4*math.sin(q.anim_time*90*1+165)*8", 15]
				},
				"feather_finger_top_right": {
					"rotation": [0, "0+2*math.sin(q.anim_time*90*1+165)*8", 25]
				},
				"feather_finger_middle_right": {
					"rotation": [0, "0+2*math.sin(q.anim_time*90*1+165)*8", 17.5]
				},
				"feather_finger_bottom_right": {
					"rotation": [0, "0+2*math.sin(q.anim_time*90*1+165)*8", 10]
				},
				"feather_thumb_second_right": {
					"rotation": [2.5, 0, 37.5]
				},
				"feather_thumb_first_right": {
					"rotation": [2.5, 0, 57.5]
				},
				"torso": {
					"rotation": [5, 0, 0]
				},
				"neck": {
					"rotation": ["15-2*math.sin(q.anim_time*90*1+120*2)*2", 0, 0]
				},
				"head": {
					"rotation": ["-2*math.sin(q.anim_time*90*1+90*2)*2", 0, 0]
				},
				"leg_left": {
					"rotation": ["-100+3*math.cos(q.anim_time*90*1+150*4)*2", -20, 0]
				},
				"leg_left2": {
					"rotation": [-10, 0, 0]
				},
				"foot_left": {
					"rotation": ["-12.5+2*math.cos(q.anim_time*90*1+190*2)*3", 0, 0]
				},
				"toe_outer_left": {
					"rotation": ["42.5+2*math.cos(q.anim_time*90*1+200*2)*3", -20, 0]
				},
				"toe_inner_left": {
					"rotation": ["42.5+2*math.cos(q.anim_time*90*1+200*2)*3", 20, 0]
				},
				"tail_cloud_segment_1_left": {
					"rotation": ["-22.5+1*math.sin(query.anim_time*80*0.8*4)*2", 22.5, 0]
				},
				"tail_cloud_segment_2_left": {
					"rotation": ["-15+2*math.sin(query.anim_time*90*1*3)", 0, 0]
				},
				"tail_cloud_segment_3_left": {
					"rotation": ["-20+2*math.sin(query.anim_time*130*1*2)", 0, 0]
				},
				"tail_cloud_segment_4_left": {
					"rotation": ["35+2*math.sin(query.anim_time*120*1*5)", 0, 0]
				},
				"tail_segement_1_left": {
					"rotation": [8.48124, -9.84655, 17.49524]
				},
				"tail_segement_2_left": {
					"rotation": ["27.5+2*math.sin(query.anim_time*90*1+10)", 0, 0]
				},
				"tail_segement_3_left": {
					"rotation": ["25+2*math.sin(query.anim_time*90*1+20)", 0, 0]
				},
				"tail_segement_4_left": {
					"rotation": [32.5, 0, 0]
				},
				"tail_segement_5_left": {
					"rotation": ["22.5+2*math.sin(query.anim_time*90*1+40)", 0, 0]
				},
				"tail_segement_6_left": {
					"rotation": ["30+2*math.sin(query.anim_time*90*1+50)", 0, 0]
				},
				"dragon_head_left": {
					"rotation": [50, 0, 0]
				},
				"hair_segement_1": {
					"rotation": ["-37.5+1*math.sin(query.anim_time*80*0.8*4)", 0, 0]
				},
				"hair_segement_2": {
					"rotation": ["30+2*math.sin(query.anim_time*90*1*3)", 0, 0]
				},
				"hair_segement_3": {
					"rotation": ["-37.5+2*math.sin(query.anim_time*130*1*2)", 0, 0]
				},
				"hair_segement_4": {
					"rotation": ["32.5+2*math.sin(query.anim_time*120*1*5)", 0, 0]
				},
				"tail_cloud_segment_1_right": {
					"rotation": ["-22.5+1*math.sin(query.anim_time*80*0.8*4)*2", -22.5, 0]
				},
				"tail_cloud_segment_2_right": {
					"rotation": ["-15+2*math.sin(query.anim_time*90*1*3)", 0, 0]
				},
				"tail_segement_1_right": {
					"rotation": [8.48124, 9.84655, -17.49524]
				},
				"tail_segement_2_right": {
					"rotation": ["27.5+2*math.sin(query.anim_time*90*1+10)", 0, 0]
				},
				"tail_segement_3_right": {
					"rotation": ["25+2*math.sin(query.anim_time*90*1+20)", 0, 0]
				},
				"tail_segement_4_right": {
					"rotation": [32.5, 0, 0]
				},
				"tail_segement_5_right": {
					"rotation": ["22.5+2*math.sin(query.anim_time*90*1+40)", 0, 0]
				},
				"tail_segement_6_right": {
					"rotation": ["30+2*math.sin(query.anim_time*90*1+50)", 0, 0]
				},
				"tail_segement_6_right2": {
					"rotation": [50, 0, 0]
				},
				"tail_cloud_segment_3_right": {
					"rotation": ["-20+2*math.sin(query.anim_time*130*1*2)", 0, 0]
				},
				"tail_cloud_segment_4_right": {
					"rotation": ["35+2*math.sin(query.anim_time*120*1*5)", 0, 0]
				},
				"leg_lower_left": {
					"rotation": ["60+2.5*math.cos(q.anim_time*90*1+150*2)*3", 0, 0]
				},
				"leg_right": {
					"rotation": ["-100+3*math.cos(q.anim_time*90*1+150*4)*2", 20, 0]
				},
				"leg_lower_right": {
					"rotation": ["60+2.5*math.cos(q.anim_time*90*1+150*2)*3", 0, 0]
				},
				"leg_right2": {
					"rotation": [-10, 0, 0]
				},
				"foot_right": {
					"rotation": ["-12.5+2*math.cos(q.anim_time*90*1+190*2)*3", 0, 0]
				},
				"toe_outer_right": {
					"rotation": [42.5, 20, 0]
				},
				"toe_inner_right": {
					"rotation": [42.5, -20, 0]
				},
				"beard_right": {
					"rotation": [11.23272, 36.01651, "18.6621+2*math.sin(query.anim_time*130*1*2)"]
				},
				"beard_end_right": {
					"rotation": [0, 5, "25+2*math.sin(query.anim_time*120*1*5)"]
				},
				"hair_wavy": {
					"rotation": ["20-2*math.sin(query.anim_time*120*1*5)", 0, 0]
				},
				"arm_feather_right": {
					"rotation": [0, 0, 2.5]
				},
				"arm_feather_right2": {
					"rotation": [0, 0, 5]
				},
				"arm_feather_right3": {
					"rotation": [0, 0, 10]
				},
				"arm_feather_right4": {
					"rotation": [0, 0, 7.5]
				},
				"arm_feather_right5": {
					"rotation": [0, 0, 10]
				},
				"arm_feather_right6": {
					"rotation": [0, 0, 15]
				},
				"arm_feather_right7": {
					"rotation": [0, 0, 25]
				},
				"arm_feather_right8": {
					"rotation": [0, 0, 37.5]
				},
				"arm_feather_left8": {
					"rotation": [0, 0, -37.5]
				},
				"arm_feather_left7": {
					"rotation": [0, 0, -25]
				},
				"arm_feather_left6": {
					"rotation": [0, 0, -15]
				},
				"arm_feather_left5": {
					"rotation": [0, 0, -10]
				},
				"arm_feather_left4": {
					"rotation": [0, 0, -7.5]
				},
				"arm_feather_left": {
					"rotation": [0, 0, -2.5]
				},
				"arm_feather_left2": {
					"rotation": [0, 0, -5]
				},
				"arm_feather_left3": {
					"rotation": [0, 0, -10]
				},
				"toe_middle_right": {
					"rotation": [42.5, 0, 0]
				},
				"claw_middle_right": {
					"rotation": [30, 0, 0]
				},
				"claw_outer_right": {
					"rotation": [30, 0, 0]
				},
				"claw_inner_right": {
					"rotation": [30, 0, 0]
				},
				"toe_back_right": {
					"rotation": ["-42.5+2*math.cos(q.anim_time*90*1+200*2)*3", 0, 0]
				},
				"toe_claw_back_right": {
					"rotation": [-25, 0, 0]
				},
				"toe_middle_left": {
					"rotation": ["42.5+2*math.cos(q.anim_time*90*1+200*2)*3", 0, 0]
				},
				"claw_middle_left": {
					"rotation": [30, 0, 0]
				},
				"claw_outer_left": {
					"rotation": [30, 0, 0]
				},
				"claw_inner_left": {
					"rotation": [30, 0, 0]
				},
				"toe_back_left": {
					"rotation": ["-42.5+2*math.cos(q.anim_time*90*1+200*2)*3", 0, 0]
				},
				"toe_claw_back_left": {
					"rotation": [-25, 0, 0]
				},
				"beard_left": {
					"rotation": [11.23272, -36.01651, "-18.6621-2*math.sin(query.anim_time*130*1*2)"]
				},
				"beard_end_left": {
					"rotation": [0, -5, "-25-2*math.sin(query.anim_time*120*1*5)"]
				},
				"tail_left": {
					"rotation": [-12.5, 0, 0]
				},
				"tail_right": {
					"rotation": [-12.5, 0, 0]
				}
			}
		},
		"animation.ancientgale.air_fly": {
			"loop": true,
			"bones": {
				"torso": {
					"rotation": [72.5, 0, 0]
				},
				"tail_cloud_segment_1_left": {
					"rotation": ["-27.5+1*math.sin(query.anim_time*80*0.8*4)*2", 20, 0]
				},
				"tail_cloud_segment_2_left": {
					"rotation": ["-27.5+2*math.sin(query.anim_time*90*1*3)", 15, 0]
				},
				"tail_segement_2_left": {
					"rotation": ["15+2*math.sin(query.anim_time*90*1+10)", 0, 0]
				},
				"tail_segement_3_left": {
					"rotation": ["-15+2*math.sin(query.anim_time*90*1+20)", 0, 0]
				},
				"tail_segement_4_left": {
					"rotation": [-17.5, 0, 0]
				},
				"tail_segement_5_left": {
					"rotation": ["-12.5+2*math.sin(query.anim_time*90*1+40)", 0, 0]
				},
				"tail_segement_6_left": {
					"rotation": ["15+2*math.sin(query.anim_time*90*1+50)", 0, 0]
				},
				"dragon_head_left": {
					"rotation": [50, 0, 0]
				},
				"tail_cloud_segment_3_left": {
					"rotation": ["-25+2*math.sin(query.anim_time*130*1*2)", 17.5, 0]
				},
				"tail_cloud_segment_4_left": {
					"rotation": ["-22.5+2*math.sin(query.anim_time*120*1*5)", 0, 0]
				},
				"tail_cloud_segment_1_right": {
					"rotation": ["-27.5+1*math.sin(query.anim_time*80*0.8*4)*2", -20, 0]
				},
				"tail_cloud_segment_2_right": {
					"rotation": ["-27.5+2*math.sin(query.anim_time*90*1*3)", -15, 0]
				},
				"tail_segement_2_right": {
					"rotation": ["15+2*math.sin(query.anim_time*90*1+10)", 0, 0]
				},
				"tail_segement_3_right": {
					"rotation": ["-15+2*math.sin(query.anim_time*90*1+20)", 0, 0]
				},
				"tail_segement_4_right": {
					"rotation": [-17.5, 0, 0]
				},
				"tail_segement_5_right": {
					"rotation": ["-12.5+2*math.sin(query.anim_time*90*1+40)", 0, 0]
				},
				"tail_segement_6_right": {
					"rotation": ["15+2*math.sin(query.anim_time*90*1+50)", 0, 0]
				},
				"tail_segement_6_right2": {
					"rotation": [50, 0, 0]
				},
				"tail_cloud_segment_3_right": {
					"rotation": [-25, -17.5, 0]
				},
				"tail_cloud_segment_4_right": {
					"rotation": ["-22.5+2*math.sin(query.anim_time*120*1*5)", 0, 0]
				},
				"neck": {
					"rotation": ["-7.5+1*math.sin(q.anim_time*90*1+90)", 0, 0]
				},
				"head": {
					"rotation": ["-32.5+1.5*math.sin(q.anim_time*90*1+90)", 0, 0]
				},
				"beard_right": {
					"rotation": [0, "62.5+2*math.sin(query.anim_time*130*1*2)", "0+2*math.sin(query.anim_time*130*1*4)"]
				},
				"beard_end_right": {
					"rotation": [0, 0, "25+2*math.sin(query.anim_time*90*1*5)"]
				},
				"hair_segement_1": {
					"rotation": ["-22.5+2*math.sin(query.anim_time*90*1+90*2)*2", 0, 0]
				},
				"hair_segement_2": {
					"rotation": ["-17.5+2*math.sin(query.anim_time*90*1*3)", 0, 0]
				},
				"hair_segement_3": {
					"rotation": ["20+2*math.sin(query.anim_time*130*1*2)", 0, 0]
				},
				"hair_segement_4": {
					"rotation": ["17.5+2*math.sin(query.anim_time*120*1*5)", 0, 0]
				},
				"hair_wavy": {
					"rotation": ["10-2*math.sin(query.anim_time*120*1*5)", 0, 0]
				},
				"beard_left": {
					"rotation": [0, "-62.5-2*math.sin(query.anim_time*130*1*2)", "0-2*math.sin(query.anim_time*130*1*4)"]
				},
				"beard_end_left": {
					"rotation": [0, 0, "-25-2*math.sin(query.anim_time*90*1*5)"]
				},
				"wing_base_right": {
					"rotation": ["10+math.sin(q.anim_time*90*0.8)*-3+math.sin(q.anim_time*90*12-90)*0.2", 0, 35]
				},
				"wing_upper_right": {
					"rotation": [0, 0, -20]
				},
				"arm_feather_right3": {
					"rotation": [2.38443, -0.75155, 4.98436]
				},
				"arm_feather_right2": {
					"rotation": [0, 0, 5]
				},
				"arm_feather_right": {
					"rotation": [0, 0, 2.5]
				},
				"wing_middle_right": {
					"rotation": [0, "-2.5+math.sin(q.anim_time*90*0.8-120)*-4", 0]
				},
				"arm_feather_right4": {
					"rotation": [0, 0, 7.5]
				},
				"arm_feather_right5": {
					"rotation": [0, 0, 10]
				},
				"arm_feather_right6": {
					"rotation": [0, 0, 10]
				},
				"arm_feather_right7": {
					"rotation": [0, 0, 12.5]
				},
				"arm_feather_right8": {
					"rotation": [0, 0, 15]
				},
				"wing_end_right": {
					"rotation": [0, "-7.5+math.sin(q.anim_time*90*0.8-180)*-4+math.sin(q.anim_time*90*12)*-0.2", -5]
				},
				"feather_finger_top_right": {
					"rotation": [0, "0+math.sin(q.anim_time*90*0.8-180)*-4+math.sin(q.anim_time*90*12)*-0.2", -12.5]
				},
				"feather_finger_middle_right": {
					"rotation": [0, "0+math.sin(q.anim_time*90*0.8-180)*-4+math.sin(q.anim_time*90*12)*-0.2", -15]
				},
				"feather_finger_bottom_right": {
					"rotation": [0, "0+math.sin(q.anim_time*90*0.8-180)*-4+math.sin(q.anim_time*90*12)*-0.2", -27.5]
				},
				"feather_thumb_second_right": {
					"rotation": ["0+math.sin(q.anim_time*90*0.8-180)*-4+math.sin(q.anim_time*90*12)*-0.2", 0, 22.5]
				},
				"feather_thumb_first_right": {
					"rotation": ["0+math.sin(q.anim_time*90*0.8-180)*-4+math.sin(q.anim_time*90*12)*-0.2", 0, 35]
				},
				"wing_base_left": {
					"rotation": ["10+math.sin(q.anim_time*90*0.8)*-3+math.sin(q.anim_time*90*12-90)*0.2", 0, -35]
				},
				"wing_upper_left": {
					"rotation": [0, 0, 20]
				},
				"arm_feather_left3": {
					"rotation": [2.38443, 0.75155, -4.98436]
				},
				"arm_feather_left2": {
					"rotation": [0, 0, -5]
				},
				"arm_feather_left": {
					"rotation": [0, 0, -2.5]
				},
				"wing_middle_left": {
					"rotation": [0, "2.5+math.sin(q.anim_time*90*0.8-120)*4", 0]
				},
				"arm_feather_left8": {
					"rotation": [0, 0, -15]
				},
				"arm_feather_left7": {
					"rotation": [0, 0, -12.5]
				},
				"arm_feather_left6": {
					"rotation": [0, 0, -10]
				},
				"arm_feather_left5": {
					"rotation": [0, 0, -10]
				},
				"arm_feather_left4": {
					"rotation": [0, 0, -7.5]
				},
				"wing_end_left": {
					"rotation": [0, "7.5+math.sin(q.anim_time*90*0.8-180)*4+math.sin(q.anim_time*90*12)*-0.2", 5]
				},
				"feather_finger_top_left": {
					"rotation": [0, "0+math.sin(q.anim_time*90*0.8-180)*4+math.sin(q.anim_time*90*12)*-0.2", 12.5]
				},
				"feather_finger_middle_left": {
					"rotation": [0, "0+math.sin(q.anim_time*90*0.8-180)*4+math.sin(q.anim_time*90*12)*-0.2", 15]
				},
				"feather_finger_bottom_left": {
					"rotation": [0, "0+math.sin(q.anim_time*90*0.8-180)*4+math.sin(q.anim_time*90*12)*-0.2", 27.5]
				},
				"feather_thumb_second_left": {
					"rotation": ["0+math.sin(q.anim_time*90*0.8-180)*-4+math.sin(q.anim_time*90*12)*-0.2", 0, -22.5]
				},
				"feather_thumb_first_left": {
					"rotation": ["0+math.sin(q.anim_time*90*0.8-180)*-4+math.sin(q.anim_time*90*12)*-0.2", 0, -35]
				},
				"leg_right": {
					"rotation": ["10+2*math.cos(q.anim_time*90*1+90*2)", 0, 0]
				},
				"leg_lower_right": {
					"rotation": ["47.5+2.5*math.cos(q.anim_time*90*1+150*2)*3", 0, -10]
				},
				"leg_right2": {
					"rotation": ["-40+2*math.cos(q.anim_time*90*1+90*2)", 0, 0]
				},
				"foot_right": {
					"rotation": [35, 0, 0]
				},
				"toe_middle_right": {
					"rotation": ["30+2*math.cos(q.anim_time*90*1+200*2)*3", 0, 0]
				},
				"claw_middle_right": {
					"rotation": [40, 0, 0]
				},
				"toe_outer_right": {
					"rotation": ["30+2*math.cos(q.anim_time*90*1+200*2)*3", 12.5, 0]
				},
				"claw_outer_right": {
					"rotation": [40, 0, 0]
				},
				"toe_inner_right": {
					"rotation": ["30+2*math.cos(q.anim_time*90*1+200*2)*3", -12.5, 0]
				},
				"claw_inner_right": {
					"rotation": [40, 0, 0]
				},
				"toe_back_right": {
					"rotation": ["-37.5-2*math.cos(q.anim_time*90*1+200*2)*3", 0, 0]
				},
				"toe_claw_back_right": {
					"rotation": [-17.5, 0, 0]
				},
				"leg_left": {
					"rotation": ["10+2*math.cos(q.anim_time*90*1+90*2)", 0, 0]
				},
				"leg_lower_left": {
					"rotation": ["47.5+2.5*math.cos(q.anim_time*90*1+150*2)*3", 0, 10]
				},
				"leg_left2": {
					"rotation": ["-40+2*math.cos(q.anim_time*90*1+90*2)", 0, 0]
				},
				"foot_left": {
					"rotation": [35, 0, 0]
				},
				"toe_middle_left": {
					"rotation": ["30+2*math.cos(q.anim_time*90*1+200*2)*3", 0, 0]
				},
				"claw_middle_left": {
					"rotation": [40, 0, 0]
				},
				"toe_outer_left": {
					"rotation": ["30+2*math.cos(q.anim_time*90*1+200*2)*3", -12.5, 0]
				},
				"claw_outer_left": {
					"rotation": [40, 0, 0]
				},
				"toe_inner_left": {
					"rotation": ["30+2*math.cos(q.anim_time*90*1+200*2)*3", 12.5, 0]
				},
				"claw_inner_left": {
					"rotation": [40, 0, 0]
				},
				"toe_back_left": {
					"rotation": ["-37.5-2*math.cos(q.anim_time*90*1+200*2)*3", 0, 0]
				},
				"toe_claw_back_left": {
					"rotation": [-17.5, 0, 0]
				},
				"body": {
					"rotation": ["0+math.sin(q.anim_time*90*0.8-90)*-1", 0, "0+math.sin(q.anim_time*90*0.5-90)*1"]
				}
			}
		},
		"animation.ancientgale.sleep": {
			"loop": true,
			"bones": {
				"body": {
					"position": [0, 1, 0]
				},
				"wing_base_left": {
					"rotation": [50, 15, 15]
				},
				"wing_upper_left": {
					"rotation": [0, "15-2*math.sin(q.anim_time*90*1+40*4)*3", 12.5]
				},
				"wing_middle_left": {
					"rotation": [0, 10, 12.5]
				},
				"wing_end_left": {
					"rotation": [0, "-17.5-2*math.sin(q.anim_time*90*1+90*4)*3", -15]
				},
				"feather_finger_top_left": {
					"rotation": [0, "0-2*math.sin(q.anim_time*90*1+90*4.5)*3.5", -25]
				},
				"feather_finger_middle_left": {
					"rotation": [0, "0-2*math.sin(q.anim_time*90*1+90*4.5)*3.5", -17.5]
				},
				"feather_finger_bottom_left": {
					"rotation": [0, "0-2*math.sin(q.anim_time*90*1+90*4.5)*3.5", -10]
				},
				"feather_thumb_second_left": {
					"rotation": ["0+2*math.sin(q.anim_time*90*1+90*4.5)*3.5", 0, -37.5]
				},
				"feather_thumb_first_left": {
					"rotation": ["0+2*math.sin(q.anim_time*90*1+90*4.5)*3.5", 0, -57.5]
				},
				"wing_base_right": {
					"rotation": [50, -15, -15]
				},
				"wing_upper_right": {
					"rotation": [0, "-15+2*math.sin(q.anim_time*90*1+40*4)*3", -12.5]
				},
				"wing_middle_right": {
					"rotation": [0, -10, -12.5]
				},
				"wing_end_right": {
					"rotation": [0, "17.5+2*math.sin(q.anim_time*90*1+90*4)*3", 15]
				},
				"feather_finger_top_right": {
					"rotation": [0, "0+2*math.sin(q.anim_time*90*1+90*4.5)*3.5", 25]
				},
				"feather_finger_middle_right": {
					"rotation": [0, "0+2*math.sin(q.anim_time*90*1+90*4.5)*3.5", 17.5]
				},
				"feather_finger_bottom_right": {
					"rotation": [0, "0+2*math.sin(q.anim_time*90*1+90*4.5)*3.5", 10]
				},
				"feather_thumb_second_right": {
					"rotation": ["0+2*math.sin(q.anim_time*90*1+90*4.5)*3.5", 0, 37.5]
				},
				"feather_thumb_first_right": {
					"rotation": ["0+2*math.sin(q.anim_time*90*1+90*4.5)*3.5", 0, 57.5]
				},
				"torso": {
					"rotation": ["5+0.5*math.sin(q.anim_time*90*1+45)", 0, 0]
				},
				"neck": {
					"rotation": ["10+1*math.sin(q.anim_time*90*1+90)", 0, 0]
				},
				"head": {
					"rotation": ["10+1.5*math.sin(q.anim_time*90*1+90)", 0, 0]
				},
				"leg_left": {
					"rotation": [-45, -20, 0]
				},
				"leg_left2": {
					"rotation": [-10, 0, 0]
				},
				"foot_left": {
					"rotation": [10, 0, 0]
				},
				"toe_outer_left": {
					"rotation": [0, -20, 0]
				},
				"toe_inner_left": {
					"rotation": [0, 20, 0]
				},
				"tail_cloud_segment_1_left": {
					"rotation": ["-10+1*math.sin(query.anim_time*90*1+40)*2", 22.5, 0]
				},
				"tail_cloud_segment_2_left": {
					"rotation": ["-15+2*math.sin(query.anim_time*90*1+30)", 0, 0]
				},
				"tail_cloud_segment_3_left": {
					"rotation": ["0+2*math.sin(query.anim_time*90*1+20*3)*2", 0, 0]
				},
				"tail_cloud_segment_4_left": {
					"rotation": ["17.5+2*math.sin(query.anim_time*90*1*5)", 0, 0]
				},
				"tail_segement_1_left": {
					"rotation": [18.48124, -9.84655, 17.49524]
				},
				"tail_segement_2_left": {
					"rotation": ["27.5+2*math.sin(q.anim_time*90+120)*1", 0, 0]
				},
				"tail_segement_3_left": {
					"rotation": ["25+2*math.sin(q.anim_time*90+100)*1.5", 0, 0]
				},
				"tail_segement_4_left": {
					"rotation": ["32.5+2*math.sin(q.anim_time*90+80)*2", 0, 0]
				},
				"tail_segement_5_left": {
					"rotation": ["22.5+2*math.sin(q.anim_time*90+80)*2.5", 0, 0]
				},
				"tail_segement_6_left": {
					"rotation": ["30+2*math.sin(q.anim_time*90+20)*3", 0, 0]
				},
				"dragon_head_left": {
					"rotation": ["50+2*math.sin(q.anim_time*90*1+20*3)", 0, 0]
				},
				"hair_segement_1": {
					"rotation": ["-22.5+2*math.sin(query.anim_time*90*1+90*2)*2", 0, 0]
				},
				"hair_segement_2": {
					"rotation": ["17.5+2*math.sin(query.anim_time*90*1+30*2)*4", 0, 0]
				},
				"hair_segement_3": {
					"rotation": ["-37.5+2*math.sin(query.anim_time*90*1+20*4)*6", 0, 0]
				},
				"hair_segement_4": {
					"rotation": ["32.5+2*math.sin(query.anim_time*90*1*5)", 0, 0]
				},
				"tail_cloud_segment_1_right": {
					"rotation": ["-10+1*math.sin(query.anim_time*90*1+40)*2", -22.5, 0]
				},
				"tail_cloud_segment_2_right": {
					"rotation": ["-15+2*math.sin(query.anim_time*90*1+30)", 0, 0]
				},
				"tail_segement_1_right": {
					"rotation": [18.48124, 9.84655, -17.49524]
				},
				"tail_segement_2_right": {
					"rotation": ["27.5+2*math.sin(q.anim_time*90+120)*1", 0, 0]
				},
				"tail_segement_3_right": {
					"rotation": ["25+2*math.sin(q.anim_time*90+100)*1.5", 0, 0]
				},
				"tail_segement_4_right": {
					"rotation": ["32.5+2*math.sin(q.anim_time*90+80)*2", 0, 0]
				},
				"tail_segement_5_right": {
					"rotation": ["22.5+2*math.sin(q.anim_time*90+80)*2.5", 0, 0]
				},
				"tail_segement_6_right": {
					"rotation": ["30+2*math.sin(q.anim_time*90+20)*3", 0, 0]
				},
				"tail_segement_6_right2": {
					"rotation": ["50+2*math.sin(q.anim_time*90*1+20*3)", 0, 0]
				},
				"tail_cloud_segment_3_right": {
					"rotation": ["0+2*math.sin(query.anim_time*90*1+20*3)*2", 0, 0]
				},
				"tail_cloud_segment_4_right": {
					"rotation": ["17.5+2*math.sin(query.anim_time*90*1*5)", 0, 0]
				},
				"leg_lower_left": {
					"rotation": [45, 0, 0]
				},
				"leg_right": {
					"rotation": [-45, 20, 0]
				},
				"leg_lower_right": {
					"rotation": [45, 0, 0]
				},
				"leg_right2": {
					"rotation": [-10, 0, 0]
				},
				"foot_right": {
					"rotation": [10, 0, 0]
				},
				"toe_outer_right": {
					"rotation": [0, 20, 0]
				},
				"toe_inner_right": {
					"rotation": [0, -20, 0]
				},
				"beard_right": {
					"rotation": [19, 46, "26+2*math.sin(query.anim_time*130*1*2)"]
				},
				"beard_end_right": {
					"rotation": [0, -10, "25+2*math.sin(query.anim_time*90*1*5)"]
				},
				"hair_wavy": {
					"rotation": ["20-2*math.sin(query.anim_time*90*1*5)", 0, 0]
				},
				"arm_feather_right": {
					"rotation": [0, 0, 2.5]
				},
				"arm_feather_right2": {
					"rotation": [0, 0, 5]
				},
				"arm_feather_right3": {
					"rotation": [0, 0, 10]
				},
				"arm_feather_right4": {
					"rotation": [0, 0, 7.5]
				},
				"arm_feather_right5": {
					"rotation": [0, 0, 10]
				},
				"arm_feather_right6": {
					"rotation": [0, 0, 15]
				},
				"arm_feather_right7": {
					"rotation": [0, 0, 25]
				},
				"arm_feather_right8": {
					"rotation": [0, 0, 37.5]
				},
				"arm_feather_left8": {
					"rotation": [0, 0, -37.5]
				},
				"arm_feather_left7": {
					"rotation": [0, 0, -25]
				},
				"arm_feather_left6": {
					"rotation": [0, 0, -15]
				},
				"arm_feather_left5": {
					"rotation": [0, 0, -10]
				},
				"arm_feather_left4": {
					"rotation": [0, 0, -7.5]
				},
				"arm_feather_left": {
					"rotation": [0, 0, -2.5]
				},
				"arm_feather_left2": {
					"rotation": [0, 0, -5]
				},
				"arm_feather_left3": {
					"rotation": [0, 0, -10]
				},
				"eye_main_right": {
					"position": [0.05, 0, 0]
				},
				"eyelid_right": {
					"position": [-0.125, 0, 0]
				},
				"eye_main_left": {
					"position": [-0.05, 0, 0]
				},
				"eyelid_left": {
					"position": [0.125, 0, 0]
				},
				"beard_left": {
					"rotation": [19, -46, "-26-2*math.sin(query.anim_time*130*1*2)"]
				},
				"beard_end_left": {
					"rotation": [0, 10, "-25-2*math.sin(query.anim_time*90*1*5)"]
				}
			}
		},
		"animation.ancientgale.blink": {
			"animation_length": 0.1667,
			"bones": {
				"eye_main_right": {
					"position": {
						"0.0": [0.025, 0, 0],
						"0.125": [0.025, 0, 0],
						"0.1667": [0, 0, 0]
					}
				},
				"eyelid_right": {
					"position": {
						"0.0": [-0.15, 0, 0],
						"0.125": [-0.15, 0, 0],
						"0.1667": [0, 0, 0]
					}
				},
				"eye_main_left": {
					"position": {
						"0.0": [-0.05, 0, 0],
						"0.125": [-0.05, 0, 0],
						"0.1667": [0, 0, 0]
					}
				},
				"eyelid_left": {
					"position": {
						"0.0": [0.15, 0, 0],
						"0.125": [0.15, 0, 0],
						"0.1667": [0, 0, 0]
					}
				}
			}
		},
		"animation.ancientgale.cry": {
			"animation_length": 0.5,
			"bones": {
				"head": {
					"rotation": {
						"0.0": [0, 0, 0],
						"0.0417": [-2.5, 0, 0],
						"0.1667": [-7.5, 0, 0],
						"0.2917": [-2.5, 0, 0],
						"0.375": [0, 0, 0]
					}
				}
			}
		}
	}
}