{
	"format_version": "1.8.0",
	"animations": {
		"animation.ironvictory.ground_idle": {
			"loop": true,
			"bones": {
				"torso": {
					"rotation": [0, 0, "math.cos((query.anim_time + 0.3) * 90) * 2"],
					"position": [0, "4+math.cos((query.anim_time + 0.3) * 110) * 1", 0]
				},
				"arm_right": {
					"rotation": [0, -15, "-32.5-math.cos((query.anim_time + 0.2) * 90) * 2"]
				},
				"arm_left": {
					"rotation": [0, 15, "32.5+math.cos((query.anim_time + 0.2) * 90) * 2"]
				},
				"lower_arm_left": {
					"rotation": [0, 10, "-12.5+math.cos((query.anim_time + 0.4) * 110) * 3"]
				},
				"hand_left": {
					"rotation": [0, 0, -10]
				},
				"thumb_left": {
					"rotation": [0, 0, 35]
				},
				"waist": {
					"rotation": ["-5+math.cos((query.anim_time + 0.2) * 90) * 2", 0, 0]
				},
				"wing_left": {
					"rotation": [0, "45-math.cos((query.anim_time + 0.3) * 110) * 5", 0],
					"position": [0, "math.cos((query.anim_time + 0.2) * 70) * 1", 0]
				},
				"wing_left2": {
					"rotation": [0, "55-math.cos((query.anim_time + 0.3) * 110) * 4", 0],
					"position": [0, "math.cos((query.anim_time + 0.3) * 70) * 1", 0]
				},
				"wing_right": {
					"rotation": [0, "-45+math.cos((query.anim_time + 0.3) * 110) * 5", 0],
					"position": [0, "math.cos((query.anim_time + 0.2) * 70) * 1", 0]
				},
				"wing_right2": {
					"rotation": [0, "-55+math.cos((query.anim_time + 0.3) * 110) * 4", 0],
					"position": [0, "math.cos((query.anim_time + 0.3) * 70) * 1", 0]
				},
				"leg_left": {
					"rotation": ["-22.5+math.cos((query.anim_time + 0.2) * 90) * 4", -20, 0]
				},
				"leg_right": {
					"rotation": ["-22.5+math.cos((query.anim_time + 0.2) * 90) * 4", 20, 0]
				},
				"foot_right": {
					"rotation": ["20-math.cos((query.anim_time + 0.2) * 90) * 4", 0, 0]
				},
				"foot_left": {
					"rotation": ["20-math.cos((query.anim_time + 0.2) * 90) * 4", 0, 0]
				},
				"lower_arm_right": {
					"rotation": [0, -10, "12.5-math.cos((query.anim_time + 0.4) * 110) * 3"]
				},
				"hand_right": {
					"rotation": [0, 0, 10]
				},
				"thumb_right": {
					"rotation": [0, 0, -35]
				},
				"chest": {
					"rotation": [2.5, 0, 0]
				},
				"head": {
					"rotation": ["-math.cos((query.anim_time + 0.4) * 90) * 3", 0, 0]
				},
				"wings": {
					"position": [0, 0, 0]
				}
			}
		},
		"animation.ironvictory.ground_walk": {
			"loop": true,
			"bones": {
				"torso": {
					"rotation": [30, 0, "math.cos((query.anim_time + 0.4) * 90) * 2"],
					"position": [0, "4+math.cos((query.anim_time + 0.3) * 110) * 1", 0]
				},
				"arm_right": {
					"rotation": [0, 0, "-32.5-math.cos((query.anim_time + 0.2) * 90) * 2"]
				},
				"arm_left": {
					"rotation": [0, 0, "32.5+math.cos((query.anim_time + 0.2) * 90) * 2"]
				},
				"lower_arm_left": {
					"rotation": [0, -15, "-12.5+math.cos((query.anim_time + 0.4) * 110) * 3"]
				},
				"hand_left": {
					"rotation": [0, 0, -10]
				},
				"thumb_left": {
					"rotation": [0, 0, 35]
				},
				"waist": {
					"rotation": ["-5+math.cos((query.anim_time + 0.2) * 90) * 2", 0, 0]
				},
				"wing_left": {
					"rotation": [0, "45-math.cos((query.anim_time + 0.3) * 110) * 5", 0],
					"position": [0, "math.cos((query.anim_time + 0.2) * 70) * 1", 0]
				},
				"wing_left2": {
					"rotation": [0, "55-math.cos((query.anim_time + 0.3) * 110) * 4", 0],
					"position": [0, "math.cos((query.anim_time + 0.3) * 70) * 1", 0]
				},
				"wing_right": {
					"rotation": [0, "-45+math.cos((query.anim_time + 0.3) * 110) * 5", 0],
					"position": [0, "math.cos((query.anim_time + 0.2) * 70) * 1", 0]
				},
				"wing_right2": {
					"rotation": [0, "-55+math.cos((query.anim_time + 0.3) * 110) * 4", 0],
					"position": [0, "math.cos((query.anim_time + 0.3) * 70) * 1", 0]
				},
				"leg_left": {
					"rotation": ["-22.5+math.cos((query.anim_time + 0.2) * 90) * 4", -20, 0]
				},
				"leg_right": {
					"rotation": ["-22.5+math.cos((query.anim_time + 0.2) * 90) * 4", 20, 0]
				},
				"foot_right": {
					"rotation": ["20-math.cos((query.anim_time + 0.2) * 90) * 4", 0, 0]
				},
				"foot_left": {
					"rotation": ["20-math.cos((query.anim_time + 0.2) * 90) * 4", 0, 0]
				},
				"lower_arm_right": {
					"rotation": [0, 15, "12.5-math.cos((query.anim_time + 0.4) * 110) * 3"]
				},
				"hand_right": {
					"rotation": [0, 0, 10]
				},
				"thumb_right": {
					"rotation": [0, 0, -35]
				},
				"chest": {
					"rotation": [2.5, 0, 0]
				},
				"head": {
					"rotation": ["-15-math.cos((query.anim_time + 0.4) * 90) * 2", 0, 0]
				},
				"wings": {
					"position": [0, 0, 0]
				}
			}
		},
		"animation.ironvictory.air_idle": {
			"loop": true,
			"bones": {
				"torso": {
					"rotation": [0, 0, "math.cos((query.anim_time + 0.3) * 90) * 2"],
					"position": [0, "4+math.cos((query.anim_time + 0.3) * 110) * 1", 0]
				},
				"arm_right": {
					"rotation": [0, -15, "-32.5-math.cos((query.anim_time + 0.2) * 90) * 2"]
				},
				"arm_left": {
					"rotation": [0, 15, "32.5+math.cos((query.anim_time + 0.2) * 90) * 2"]
				},
				"lower_arm_left": {
					"rotation": [0, 10, "-12.5+math.cos((query.anim_time + 0.4) * 110) * 3"]
				},
				"hand_left": {
					"rotation": [0, 0, -10]
				},
				"thumb_left": {
					"rotation": [0, 0, 35]
				},
				"waist": {
					"rotation": ["-5+math.cos((query.anim_time + 0.2) * 90) * 2", 0, 0]
				},
				"wing_left": {
					"rotation": [0, "45-math.cos((query.anim_time + 0.3) * 110) * 5", 0],
					"position": [0, "math.cos((query.anim_time + 0.2) * 70) * 1", 0]
				},
				"wing_left2": {
					"rotation": [0, "55-math.cos((query.anim_time + 0.3) * 110) * 4", 0],
					"position": [0, "math.cos((query.anim_time + 0.3) * 70) * 1", 0]
				},
				"wing_right": {
					"rotation": [0, "-45+math.cos((query.anim_time + 0.3) * 110) * 5", 0],
					"position": [0, "math.cos((query.anim_time + 0.2) * 70) * 1", 0]
				},
				"wing_right2": {
					"rotation": [0, "-55+math.cos((query.anim_time + 0.3) * 110) * 4", 0],
					"position": [0, "math.cos((query.anim_time + 0.3) * 70) * 1", 0]
				},
				"leg_left": {
					"rotation": ["-22.5+math.cos((query.anim_time + 0.2) * 90) * 4", -20, 0]
				},
				"leg_right": {
					"rotation": ["-22.5+math.cos((query.anim_time + 0.2) * 90) * 4", 20, 0]
				},
				"foot_right": {
					"rotation": ["20-math.cos((query.anim_time + 0.2) * 90) * 4", 0, 0]
				},
				"foot_left": {
					"rotation": ["20-math.cos((query.anim_time + 0.2) * 90) * 4", 0, 0]
				},
				"lower_arm_right": {
					"rotation": [0, -10, "12.5-math.cos((query.anim_time + 0.4) * 110) * 3"]
				},
				"hand_right": {
					"rotation": [0, 0, 10]
				},
				"thumb_right": {
					"rotation": [0, 0, -35]
				},
				"chest": {
					"rotation": [2.5, 0, 0]
				},
				"head": {
					"rotation": ["-math.cos((query.anim_time + 0.4) * 90) * 3", 0, 0]
				},
				"wings": {
					"position": [0, 0, 0]
				}
			}
		},
		"animation.ironvictory.air_fly": {
			"loop": true,
			"bones": {
				"torso": {
					"rotation": [30, 0, "math.cos((query.anim_time + 0.4) * 90) * 2"],
					"position": [0, "4+math.cos((query.anim_time + 0.3) * 110) * 1", 0]
				},
				"arm_right": {
					"rotation": [0, 0, "-32.5-math.cos((query.anim_time + 0.2) * 90) * 2"]
				},
				"arm_left": {
					"rotation": [0, 0, "32.5+math.cos((query.anim_time + 0.2) * 90) * 2"]
				},
				"lower_arm_left": {
					"rotation": [0, -15, "-12.5+math.cos((query.anim_time + 0.4) * 110) * 3"]
				},
				"hand_left": {
					"rotation": [0, 0, -10]
				},
				"thumb_left": {
					"rotation": [0, 0, 35]
				},
				"waist": {
					"rotation": ["-5+math.cos((query.anim_time + 0.2) * 90) * 2", 0, 0]
				},
				"wing_left": {
					"rotation": [0, "45-math.cos((query.anim_time + 0.3) * 110) * 5", 0],
					"position": [0, "math.cos((query.anim_time + 0.2) * 70) * 1", 0]
				},
				"wing_left2": {
					"rotation": [0, "55-math.cos((query.anim_time + 0.3) * 110) * 4", 0],
					"position": [0, "math.cos((query.anim_time + 0.3) * 70) * 1", 0]
				},
				"wing_right": {
					"rotation": [0, "-45+math.cos((query.anim_time + 0.3) * 110) * 5", 0],
					"position": [0, "math.cos((query.anim_time + 0.2) * 70) * 1", 0]
				},
				"wing_right2": {
					"rotation": [0, "-55+math.cos((query.anim_time + 0.3) * 110) * 4", 0],
					"position": [0, "math.cos((query.anim_time + 0.3) * 70) * 1", 0]
				},
				"leg_left": {
					"rotation": ["-22.5+math.cos((query.anim_time + 0.2) * 90) * 4", -20, 0]
				},
				"leg_right": {
					"rotation": ["-22.5+math.cos((query.anim_time + 0.2) * 90) * 4", 20, 0]
				},
				"foot_right": {
					"rotation": ["20-math.cos((query.anim_time + 0.2) * 90) * 4", 0, 0]
				},
				"foot_left": {
					"rotation": ["20-math.cos((query.anim_time + 0.2) * 90) * 4", 0, 0]
				},
				"lower_arm_right": {
					"rotation": [0, 15, "12.5-math.cos((query.anim_time + 0.4) * 110) * 3"]
				},
				"hand_right": {
					"rotation": [0, 0, 10]
				},
				"thumb_right": {
					"rotation": [0, 0, -35]
				},
				"chest": {
					"rotation": [2.5, 0, 0]
				},
				"head": {
					"rotation": ["-15-math.cos((query.anim_time + 0.4) * 90) * 2", 0, 0]
				},
				"wings": {
					"position": [0, 0, 0]
				}
			}
		},
		"animation.ironvictory.sleep": {
			"loop": true,
			"bones": {
				"torso": {
					"rotation": [10, 0, "math.cos((query.anim_time + 0.3) * 90) * 2"],
					"position": [0, "4+math.cos((query.anim_time + 0.3) * 110) * 1", 0]
				},
				"arm_right": {
					"rotation": [3.88714, -27.24513, "-40.9424-math.cos((query.anim_time + 0.2) * 90) * 2"]
				},
				"arm_left": {
					"rotation": [3.88714, 27.24513, "40.9424+math.cos((query.anim_time + 0.2) * 90) * 2"]
				},
				"lower_arm_left": {
					"rotation": [0, 10, "-12.5+math.cos((query.anim_time + 0.4) * 110) * 3"]
				},
				"hand_left": {
					"rotation": [0, 0, -10]
				},
				"thumb_left": {
					"rotation": [0, 0, 35]
				},
				"waist": {
					"rotation": ["-5+math.cos((query.anim_time + 0.2) * 90) * 2", 0, 0]
				},
				"wing_left": {
					"rotation": [0, "45-math.cos((query.anim_time + 0.3) * 110) * 5", 0],
					"position": [0, "math.cos((query.anim_time + 0.2) * 70) * 1", 0]
				},
				"wing_left2": {
					"rotation": [0, "55-math.cos((query.anim_time + 0.3) * 110) * 4", 0],
					"position": [0, "math.cos((query.anim_time + 0.3) * 70) * 1", 0]
				},
				"wing_right": {
					"rotation": [0, "-45+math.cos((query.anim_time + 0.3) * 110) * 5", 0],
					"position": [0, "math.cos((query.anim_time + 0.2) * 70) * 1", 0]
				},
				"wing_right2": {
					"rotation": [0, "-55+math.cos((query.anim_time + 0.3) * 110) * 4", 0],
					"position": [0, "math.cos((query.anim_time + 0.3) * 70) * 1", 0]
				},
				"leg_left": {
					"rotation": ["-22.5+math.cos((query.anim_time + 0.2) * 90) * 4", -20, 0]
				},
				"leg_right": {
					"rotation": ["-22.5+math.cos((query.anim_time + 0.2) * 90) * 4", 20, 0]
				},
				"foot_right": {
					"rotation": ["20-math.cos((query.anim_time + 0.2) * 90) * 4", 0, 0]
				},
				"foot_left": {
					"rotation": ["20-math.cos((query.anim_time + 0.2) * 90) * 4", 0, 0]
				},
				"lower_arm_right": {
					"rotation": [0, -10, "12.5-math.cos((query.anim_time + 0.4) * 110) * 3"]
				},
				"hand_right": {
					"rotation": [0, 0, 10]
				},
				"thumb_right": {
					"rotation": [0, 0, -35]
				},
				"chest": {
					"rotation": [2.5, 0, 0]
				},
				"head": {
					"rotation": ["22.5-math.cos((query.anim_time + 0.4) * 90) * 3", 0, 0]
				},
				"eyes": {
					"position": [0, 0, 1]
				},
				"wings": {
					"position": [0, 0, 0]
				}
			}
		},
		"animation.ironvictory.cry": {
			"animation_length": 0.375,
			"bones": {
				"head": {
					"rotation": {
						"0.0": [0, 0, 0],
						"0.0417": [-2.5, 0, 0],
						"0.0833": [-7.5, 0, 0],
						"0.2083": [-2.5, 0, 0],
						"0.2917": [0, 0, 0]
					}
				}
			}
		}
	}
}