{
	"format_version": "1.8.0",
	"animations": {
		"animation.toxicmelody.ground_idle": {
			"loop": true,
			"bones": {
				"waist": {
					"rotation": [-5.07673, 9.96156, "-0.8804+math.cos((query.anim_time + 0.3) * 110)"]
				},
				"upper_torso": {
					"rotation": ["7.5+math.cos((query.anim_time + 0.2) * 110)", 0, 0]
				},
				"ribbon_left": {
					"rotation": [0, "2.5-math.cos((query.anim_time + 0.3) * 110) * 5", 0]
				},
				"ribbon_right": {
					"rotation": [0, "-2.5+math.cos((query.anim_time + 0.3) * 110) * 5", 0]
				},
				"chest": {
					"rotation": [5, 0, 0]
				},
				"arm_left": {
					"rotation": [0, 0, "50-math.cos(query.anim_time * 110) * 2"]
				},
				"lower_arm_left": {
					"rotation": [13, "32+math.cos(query.anim_time * 90) * 1", "-6+math.cos(query.anim_time * 110) * 2"]
				},
				"hand_left": {
					"rotation": [0, 0, "20+math.cos((query.anim_time + 0.3) * 110) * 4"]
				},
				"arm_right": {
					"rotation": [0, 0, "-50+math.cos(query.anim_time * 110) * 2"]
				},
				"lower_arm_right": {
					"rotation": [13, "-32+math.cos(query.anim_time * 90) * 1", "6+math.cos(query.anim_time * 110) * 2"]
				},
				"hand_right": {
					"rotation": [0, 0, "-20-math.cos((query.anim_time + 0.3) * 110) * 4"]
				},
				"head": {
					"rotation": ["10+math.cos((query.anim_time + 0.2) * 90) * 2", 0, 0]
				},
				"hair1": {
					"rotation": ["-75+math.cos((query.anim_time + 0.3) * 110) * 1", 0, 0]
				},
				"hair2": {
					"rotation": ["-12.5-math.cos((query.anim_time + 0.2) * 120) * 3", 0, 0]
				},
				"hair3": {
					"rotation": ["10-math.cos((query.anim_time + 0.1) * 150) * 3", 0, 0]
				},
				"hair5": {
					"rotation": [0, 0, "-35-math.cos((query.anim_time + 0.2) * 90) * 4"]
				},
				"hair6": {
					"rotation": [0, 0, "35+math.cos((query.anim_time + 0.2) * 90) * 4"]
				},
				"tail": {
					"rotation": [0, -15, 0]
				},
				"tail_segment1": {
					"rotation": [0, "17.5-math.cos((query.anim_time + 0.3) * 90) * 3", 0]
				},
				"tail_segment2": {
					"rotation": [0, "27.5+math.cos(query.anim_time * 90)", 0]
				},
				"tail_segment3": {
					"rotation": [0, "45+math.cos(query.anim_time * 90) * 1", 0]
				},
				"tail_segment4": {
					"rotation": [0, "45-math.cos((query.anim_time + 0.2) * 110) * 2", 0]
				},
				"tail_segment5": {
					"rotation": [22.5, "35-math.cos(query.anim_time * 90) * 1", 10]
				},
				"tail_segment6": {
					"rotation": [40, "37.5-math.cos((query.anim_time + 0.1) * 90) * 5", 15]
				},
				"tail_segment7": {
					"rotation": ["32.5-math.cos((query.anim_time + 0.1) * 110) * 5", "-20-math.cos((query.anim_time + 0.1) * 120) * 6", 0]
				},
				"cloth": {
					"rotation": ["-5+math.cos((query.anim_time + 0.2) * 90) * 2", 0, 0]
				},
				"cloth1": {
					"rotation": ["-7.5+math.cos((query.anim_time + 0.3) * 110) * 3", 0, 0]
				},
				"cloth2": {
					"rotation": ["-20+math.cos((query.anim_time + 0.2) * 210) * 2", 0, 0]
				},
				"cloth3": {
					"rotation": ["-20+math.cos((query.anim_time + 0.3) * 210) * 4", 0, 0]
				},
				"bangs": {
					"rotation": ["-2.5+math.cos((query.anim_time + 0.2) * 100) * 2", 0, 0]
				},
				"eyelid_left": {
					"position": [-2, 0, 0]
				},
				"eyelid_right": {
					"position": [2, 0, 0]
				},
				"hair4": {
					"rotation": ["-12.5+math.cos((query.anim_time + 0.2) * 170) * 3", 0, 0]
				},
				"mic": {
					"rotation": [-25, -5, 0]
				},
				"snake_head": {
					"rotation": [-75, -60, "40+math.cos((query.anim_time + 0.3) * 130) * 3"]
				},
				"mic_neck1": {
					"rotation": ["-20+math.cos((query.anim_time + 0.3) * 100) * 5", -11, 0]
				},
				"mic_neck2": {
					"rotation": ["-30-math.cos((query.anim_time + 0.2) * 90) * 4", -10, 6]
				},
				"waist_main": {
					"rotation": ["-2.5-math.cos((query.anim_time + 0.1) * 90) * 2", -12.5, 0]
				},
				"tuft_2": {
					"rotation": [0, "math.cos((query.anim_time + 0.3) * 120) * 3", 0]
				},
				"tuft_1": {
					"rotation": [0, "math.cos((query.anim_time + 0.3) * 120) * 3", 0]
				},
				"head_tuft1": {
					"rotation": ["math.cos((query.anim_time + 0.3) * 120) * 3", 0, 0]
				}
			}
		},
		"animation.toxicmelody.sleep": {
			"loop": true,
			"bones": {
				"waist": {
					"rotation": [-5, 0, "math.cos((query.anim_time + 0.3) * 110)"]
				},
				"upper_torso": {
					"rotation": ["7.5+math.cos((query.anim_time + 0.2) * 110)", 0, 0]
				},
				"ribbon_left": {
					"rotation": [0, "2.5-math.cos((query.anim_time + 0.3) * 110) * 5", 0]
				},
				"ribbon_right": {
					"rotation": [0, "-2.5+math.cos((query.anim_time + 0.3) * 110) * 5", 0]
				},
				"chest": {
					"rotation": [10, 0, 0]
				},
				"arm_left": {
					"rotation": [0, 0, "60-math.cos(query.anim_time * 110) * 2"]
				},
				"lower_arm_left": {
					"rotation": [18.93686, "29.2387+math.cos(query.anim_time * 90) * 1", "5.2941+math.cos(query.anim_time * 110) * 2"]
				},
				"hand_left": {
					"rotation": [0, 0, "20+math.cos((query.anim_time + 0.3) * 110) * 4"]
				},
				"arm_right": {
					"rotation": [0, 0, "-60+math.cos(query.anim_time * 110) * 2"]
				},
				"lower_arm_right": {
					"rotation": [18.49218, "-29.2767+math.cos(query.anim_time * 90) * 1", "-5.0768+math.cos(query.anim_time * 110) * 2"]
				},
				"hand_right": {
					"rotation": [0, 0, "-20-math.cos((query.anim_time + 0.3) * 110) * 4"]
				},
				"head": {
					"rotation": ["22.5+math.cos((query.anim_time + 0.2) * 90) * 2", 0, 0]
				},
				"hair1": {
					"rotation": ["-80+math.cos((query.anim_time + 0.3) * 110) * 1", 0, 0]
				},
				"hair2": {
					"rotation": ["-12.5-math.cos((query.anim_time + 0.2) * 120) * 3", 0, 0]
				},
				"hair3": {
					"rotation": ["-math.cos((query.anim_time + 0.1) * 150) * 3", 0, 0]
				},
				"hair5": {
					"rotation": [0, 0, "-35-math.cos((query.anim_time + 0.2) * 90) * 4"]
				},
				"hair6": {
					"rotation": [0, 0, "35+math.cos((query.anim_time + 0.2) * 90) * 4"]
				},
				"tail": {
					"rotation": [0, -15, 0]
				},
				"tail_segment1": {
					"rotation": [0, "17.5-math.cos((query.anim_time + 0.3) * 90) * 3", 0]
				},
				"tail_segment2": {
					"rotation": [0, "27.5+math.cos(query.anim_time * 90)", 0]
				},
				"tail_segment3": {
					"rotation": [0, "45+math.cos(query.anim_time * 90) * 1", 0]
				},
				"tail_segment4": {
					"rotation": [0, "45-math.cos((query.anim_time + 0.2) * 110) * 1", 0]
				},
				"tail_segment5": {
					"rotation": [-5, "35-math.cos(query.anim_time * 90) * 1", 0]
				},
				"tail_segment6": {
					"rotation": [0, "37.5-math.cos((query.anim_time + 0.1) * 90) * 3", 0]
				},
				"tail_segment7": {
					"rotation": ["45-math.cos((query.anim_time + 0.1) * 110) * 2", "-20-math.cos((query.anim_time + 0.1) * 120) * 4", 0]
				},
				"cloth": {
					"rotation": ["-5+math.cos((query.anim_time + 0.2) * 90) * 2", 0, 0]
				},
				"cloth1": {
					"rotation": ["-7.5+math.cos((query.anim_time + 0.3) * 110) * 3", 0, 0]
				},
				"cloth2": {
					"rotation": ["-20+math.cos((query.anim_time + 0.2) * 210) * 2", 0, 0]
				},
				"cloth3": {
					"rotation": ["-20+math.cos((query.anim_time + 0.3) * 210) * 4", 0, 0]
				},
				"bangs": {
					"rotation": ["-2.5+math.cos((query.anim_time + 0.2) * 100) * 2", 0, 0]
				},
				"eyelid_left": {
					"position": [0, 0, -1]
				},
				"eyelid_right": {
					"position": [0, 0, -1]
				},
				"hair4": {
					"rotation": ["-12.5+math.cos((query.anim_time + 0.2) * 170) * 3", 0, 0]
				},
				"mic": {
					"rotation": [-43.18464, 7.40918, -1.30261]
				},
				"snake_head": {
					"rotation": [-12.42313, -82.38521, "-24.4057+math.cos((query.anim_time + 0.3) * 130) * 3"]
				},
				"mic_neck1": {
					"rotation": ["-37.5+math.cos((query.anim_time + 0.3) * 100) * 5", -11, 0]
				},
				"mic_neck2": {
					"rotation": ["-40-math.cos((query.anim_time + 0.2) * 90) * 4", -10, 6]
				},
				"waist_main": {
					"rotation": ["-5.1207597288-math.cos((query.anim_time + 0.1) * 90) * 2", -12.45167, 1.10693]
				},
				"eye_lash_right2": {
					"position": [-2, 0, 1]
				},
				"eye_left_main": {
					"position": [0, 0, 1]
				},
				"pupil_left": {
					"position": [0, 0, 1]
				},
				"eye_right_main": {
					"position": [0, 0, 1]
				},
				"pupil_right": {
					"position": [0, 0, 1]
				},
				"eye_lash_right": {
					"position": [2, 0, 1]
				},
				"tuft_1": {
					"rotation": [0, "math.cos((query.anim_time + 0.3) * 120) * 3", 0]
				},
				"tuft_2": {
					"rotation": [0, "math.cos((query.anim_time + 0.3) * 120) * 3", 0]
				},
				"head_tuft1": {
					"rotation": ["math.cos((query.anim_time + 0.3) * 120) * 3", 0, 0]
				}
			}
		},
		"animation.toxicmelody.ground_walk": {
			"loop": true,
			"bones": {
				"waist": {
					"rotation": ["-5+math.cos((query.anim_time + 0.3) * 130) * 2", 0, "math.cos((query.anim_time + 0.3) * 110)"]
				},
				"upper_torso": {
					"rotation": ["15-math.cos((query.anim_time + 0.2) * 110) * 2", 0, 0]
				},
				"ribbon_left": {
					"rotation": [0, "2.5-math.cos((query.anim_time + 0.3) * 110) * 5", 0]
				},
				"ribbon_right": {
					"rotation": [0, "-2.5+math.cos((query.anim_time + 0.3) * 110) * 5", 0]
				},
				"chest": {
					"rotation": [10, 0, 0]
				},
				"arm_left": {
					"rotation": [0, 0, "50-math.cos(query.anim_time * 110) * 2"]
				},
				"lower_arm_left": {
					"rotation": [13, "32+math.cos(query.anim_time * 90) * 1", "-6+math.cos(query.anim_time * 110) * 2"]
				},
				"hand_left": {
					"rotation": [0, 0, "20+math.cos((query.anim_time + 0.3) * 110) * 4"]
				},
				"arm_right": {
					"rotation": [0, 0, "-50+math.cos(query.anim_time * 110) * 2"]
				},
				"lower_arm_right": {
					"rotation": [13, "-32+math.cos(query.anim_time * 90) * 1", "6+math.cos(query.anim_time * 110) * 2"]
				},
				"hand_right": {
					"rotation": [0, 0, "-20-math.cos((query.anim_time + 0.3) * 110) * 4"]
				},
				"head": {
					"rotation": ["2.5+math.cos((query.anim_time + 0.2) * 90) * 2", 0, 0]
				},
				"hair1": {
					"rotation": ["-75+math.cos((query.anim_time + 0.3) * 110) * 1", 0, 0]
				},
				"hair2": {
					"rotation": ["-12.5-math.cos((query.anim_time + 0.2) * 120) * 3", 0, 0]
				},
				"hair3": {
					"rotation": ["10-math.cos((query.anim_time + 0.1) * 150) * 3", 0, 0]
				},
				"hair5": {
					"rotation": [0, 0, "-35-math.cos((query.anim_time + 0.2) * 90) * 4"]
				},
				"hair6": {
					"rotation": [0, 0, "35+math.cos((query.anim_time + 0.2) * 90) * 4"]
				},
				"tail": {
					"rotation": [0, 0, 0]
				},
				"tail_segment1": {
					"rotation": [0, "-25+math.cos((query.anim_time + 0.3) * 150) * 4", 0]
				},
				"tail_segment2": {
					"rotation": [0, "20-math.cos((query.anim_time + 0.2) * 130) * 6", 0]
				},
				"tail_segment3": {
					"rotation": [0, "35-math.cos((query.anim_time + 0.3) * 120) * 4", 0]
				},
				"tail_segment4": {
					"rotation": [0, "27.5-math.cos((query.anim_time + 0.3) * 110) * 6", 0]
				},
				"tail_segment5": {
					"rotation": [8.5, "-37-math.cos((query.anim_time + 0.4) * 180) * 6", -2]
				},
				"tail_segment6": {
					"rotation": [13, "-27-math.cos((query.anim_time + 0.1) * 150) * 5", -1]
				},
				"tail_segment7": {
					"rotation": [35, "math.cos((query.anim_time + 0.5) * 150) * 9", 0]
				},
				"cloth": {
					"rotation": ["-5+math.cos((query.anim_time + 0.2) * 90) * 2", 0, 0]
				},
				"cloth1": {
					"rotation": ["-7.5+math.cos((query.anim_time + 0.3) * 110) * 3", 0, 0]
				},
				"cloth2": {
					"rotation": ["-20+math.cos((query.anim_time + 0.2) * 210) * 2", 0, 0]
				},
				"cloth3": {
					"rotation": ["-20+math.cos((query.anim_time + 0.3) * 210) * 4", 0, 0]
				},
				"bangs": {
					"rotation": ["-2.5+math.cos((query.anim_time + 0.2) * 100) * 2", 0, 0]
				},
				"eyelid_left": {
					"position": [-2, 0, 0]
				},
				"eyelid_right": {
					"position": [2, 0, 0]
				},
				"hair4": {
					"rotation": ["-12.5+math.cos((query.anim_time + 0.2) * 170) * 3", 0, 0]
				},
				"mic": {
					"rotation": [-25, -5, 0]
				},
				"snake_head": {
					"rotation": [-75, -60, "40+math.cos((query.anim_time + 0.3) * 130) * 3"]
				},
				"mic_neck1": {
					"rotation": ["-20+math.cos((query.anim_time + 0.3) * 100) * 5", -11, 0]
				},
				"mic_neck2": {
					"rotation": ["-30-math.cos((query.anim_time + 0.2) * 90) * 4", -10, 6]
				},
				"waist_main": {
					"rotation": ["-7.5-math.cos((query.anim_time + 0.1) * 90) * 2", 0, 0]
				},
				"torso": {
					"rotation": [0, "math.cos((query.anim_time + 0.3) * 120) * 4", 0]
				},
				"tuft_1": {
					"rotation": [0, "math.cos((query.anim_time + 0.3) * 120) * 3", 0]
				},
				"tuft_2": {
					"rotation": [0, "math.cos((query.anim_time + 0.3) * 120) * 3", 0]
				},
				"head_tuft1": {
					"rotation": ["math.cos((query.anim_time + 0.3) * 120) * 3", 0, 0]
				}
			}
		},
		"animation.toxicmelody.battle_idle": {
			"loop": true,
			"bones": {
				"waist": {
					"rotation": ["-5.0631+math.cos((query.anim_time + 0.3) * 90)", 9.97403, "4.2762+math.cos((query.anim_time + 0.3) * 110)"]
				},
				"upper_torso": {
					"rotation": ["7.5+math.cos((query.anim_time + 0.2) * 110)", 0, 0]
				},
				"ribbon_left": {
					"rotation": [0, "2.5-math.cos((query.anim_time + 0.3) * 110) * 5", 0]
				},
				"ribbon_right": {
					"rotation": [0, "-2.5+math.cos((query.anim_time + 0.3) * 110) * 5", 0]
				},
				"chest": {
					"rotation": [4.98107, 0.43523, -4.98107]
				},
				"arm_left": {
					"rotation": [0, 0, "30-math.cos(query.anim_time * 150) * 2"]
				},
				"lower_arm_left": {
					"rotation": [13, "52+math.cos(query.anim_time * 90) * 1", "-6+math.cos((query.anim_time + 0.2) * 150) * 4"]
				},
				"hand_left": {
					"rotation": [0, 0, "20+math.cos((query.anim_time + 0.3) * 110) * 4"]
				},
				"arm_right": {
					"rotation": [0, 0, "-50+math.cos(query.anim_time * 110) * 2"]
				},
				"lower_arm_right": {
					"rotation": [13, "-32+math.cos(query.anim_time * 90) * 1", "6+math.cos(query.anim_time * 150) * 3"]
				},
				"hand_right": {
					"rotation": [0, 0, "-20-math.cos((query.anim_time + 0.3) * 110) * 4"]
				},
				"head": {
					"rotation": ["10.9493+math.cos((query.anim_time + 0.2) * 90) * 2", -22, 0]
				},
				"hair1": {
					"rotation": ["-75+math.cos((query.anim_time + 0.3) * 110) * 1", 0, 0]
				},
				"hair2": {
					"rotation": ["-12.5-math.cos((query.anim_time + 0.2) * 120) * 3", 0, 0]
				},
				"hair3": {
					"rotation": ["10-math.cos((query.anim_time + 0.1) * 150) * 3", 0, 0]
				},
				"hair5": {
					"rotation": [0, 0, "-35-math.cos((query.anim_time + 0.2) * 90) * 4"]
				},
				"hair6": {
					"rotation": [0, 0, "35+math.cos((query.anim_time + 0.2) * 90) * 4"]
				},
				"tail": {
					"rotation": [0, -15, 0]
				},
				"tail_segment1": {
					"rotation": [0, "17.5-math.cos((query.anim_time + 0.3) * 90) * 3", 0]
				},
				"tail_segment2": {
					"rotation": [0, "27.5+math.cos(query.anim_time * 90)", 0]
				},
				"tail_segment3": {
					"rotation": [0, "45+math.cos(query.anim_time * 90) * 1", 0]
				},
				"tail_segment4": {
					"rotation": [0, "45-math.cos((query.anim_time + 0.2) * 110) * 2", 0]
				},
				"tail_segment5": {
					"rotation": [22.5, "35-math.cos(query.anim_time * 90) * 1", 10]
				},
				"tail_segment6": {
					"rotation": [40, "37.5-math.cos((query.anim_time + 0.1) * 90) * 5", 15]
				},
				"tail_segment7": {
					"rotation": ["32.5-math.cos((query.anim_time + 0.1) * 110) * 5", "-20-math.cos((query.anim_time + 0.1) * 120) * 6", 0]
				},
				"cloth": {
					"rotation": ["-5+math.cos((query.anim_time + 0.2) * 90) * 2", 0, 0]
				},
				"cloth1": {
					"rotation": ["-7.5+math.cos((query.anim_time + 0.3) * 110) * 3", 0, 0]
				},
				"cloth2": {
					"rotation": ["-20+math.cos((query.anim_time + 0.2) * 210) * 2", 0, 0]
				},
				"cloth3": {
					"rotation": ["-20+math.cos((query.anim_time + 0.3) * 210) * 4", 0, 0]
				},
				"bangs": {
					"rotation": ["-2.5+math.cos((query.anim_time + 0.2) * 100) * 2", 0, 0]
				},
				"eyelid_left": {
					"position": [-2, 0, 0]
				},
				"pupil_left": {
					"position": [-0.2, 0, 0]
				},
				"pupil_right": {
					"position": [-0.2, 0.05, 0]
				},
				"eyelid_right": {
					"position": [2, 0, 0]
				},
				"hair4": {
					"rotation": ["-12.5+math.cos((query.anim_time + 0.2) * 170) * 3", 0, 0]
				},
				"mic": {
					"rotation": [-25, 0, 0]
				},
				"snake_head": {
					"rotation": [-40, -47.5, "40+math.cos((query.anim_time + 0.3) * 130) * 3"]
				},
				"mic_neck1": {
					"rotation": ["-20+math.cos((query.anim_time + 0.3) * 100) * 5", -11, 4]
				},
				"mic_neck2": {
					"rotation": ["-30-math.cos((query.anim_time + 0.2) * 90) * 4", -10, 6]
				},
				"snake_jaw": {
					"rotation": [0, 0, "-25+math.cos((query.anim_time + 0.3) * 110) * 5"]
				},
				"waist_main": {
					"rotation": ["-5-math.cos((query.anim_time + 0.1) * 90) * 2", -12.5, 1]
				},
				"tuft_1": {
					"rotation": [0, "math.cos((query.anim_time + 0.3) * 120) * 3", 0]
				},
				"tuft_2": {
					"rotation": [0, "math.cos((query.anim_time + 0.3) * 120) * 3", 0]
				},
				"head_tuft1": {
					"rotation": ["math.cos((query.anim_time + 0.3) * 120) * 3", 0, 0]
				}
			}
		},
		"animation.toxicmelody.cry": {
			"animation_length": 1.4167,
			"bones": {
				"head": {
					"rotation": {
						"0.0": [0, 0, 0],
						"0.0417": [-2.5, 0, 0],
						"0.0833": [-7.5, 0, 0],
						"0.2083": [-2.5, 0, 0],
						"0.2917": [0, 0, 0]
					}
				},
				"open_mouth": {
					"position": {
						"0.0": [0, 0, 0],
						"0.0417": [0, 0, -1]
					}
				},
				"mouth": {
					"position": {
						"0.0": [0, 0, 0],
						"0.0417": [0, 0, 1]
					}
				},
				"snake_head": {
					"rotation": {
						"0.0833": [0, 0, 0],
						"0.1667": [7.5, 0, 0],
						"0.25": [15, 0, 0],
						"0.3333": {
							"pre": [15, 0, 0],
							"post": [10, 0, 0]
						},
						"0.4583": [-5, 0, 0],
						"0.5833": [-10, 0, 0],
						"0.6667": {
							"pre": [-10, 0, 0],
							"post": [-5, 0, 0]
						},
						"0.75": [0, 0, 0]
					}
				},
				"snake_jaw": {
					"rotation": {
						"0.0": [0, 0, 0],
						"0.0417": [0, 0, -2.5],
						"0.0833": [0, 0, -10],
						"0.125": [0, 0, -17.5],
						"0.2083": [0, 0, -22.5],
						"0.4583": {
							"pre": [0, 0, -22.5],
							"post": [0, 0, -12.5]
						},
						"0.5833": [0, 0, 0]
					}
				}
			},
			"sound_effects": {
				"0.0417": {
					"effect": "pokemon.toxicmelody.cry"
				}
			}
		},
		"animation.toxicmelody.blink": {
			"animation_length": 0.1667,
			"bones": {
				"eye_left": {
					"position": {
						"0.0": [0, 0, 0.01],
						"0.125": [0, 0, 0.01],
						"0.1667": [0, 0, 0.01]
					}
				},
				"eyelid_left": {
					"position": {
						"0.0": [0, 0, -1],
						"0.125": [0, 0, -1],
						"0.1667": [-2, 0, 0]
					}
				},
				"eye_lash_right2": {
					"position": {
						"0.0": [-2, 0, 0],
						"0.125": [-2, 0, 0],
						"0.1667": [0, 0, -0.01]
					}
				},
				"eye_left_main": {
					"position": {
						"0.0": [0, 0, 0],
						"0.1667": [0, 0, -0.01]
					}
				},
				"pupil_left": {
					"position": {
						"0.0": [0, 0, 0],
						"0.1667": [0, 0, -0.01]
					}
				},
				"eye_right": {
					"position": {
						"0.0": [0, 0, 0.01],
						"0.125": [0, 0, 0.01]
					}
				},
				"eye_right_main": {
					"position": {
						"0.0": [0, 0, 0],
						"0.1667": [0, 0, -0.01]
					}
				},
				"pupil_right": {
					"position": {
						"0.0": [0, 0, 0],
						"0.1667": [0, 0, -0.01]
					}
				},
				"eye_lash_right": {
					"position": {
						"0.0": [2, 0, 0],
						"0.125": [2, 0, 0],
						"0.1667": [0, 0, -0.01]
					}
				},
				"eyelid_right": {
					"position": {
						"0.0": [0, 0, -1],
						"0.125": [0, 0, -1],
						"0.1667": [2, 0, 0]
					}
				}
			}
		},
		"animation.toxicmelody.shock": {
			"loop": true,
			"bones": {
				"pupil_left": {
					"scale": [0.7, 0.7, 1]
				},
				"pupil_right": {
					"scale": [0.7, 0.7, 1]
				},
				"snake_jaw": {
					"rotation": [0, 0, 0]
				},
				"mouth": {
					"position": [0, 0, 1]
				},
				"shocked_mouth": {
					"position": [0, 0, -1]
				}
			}
		},
		"animation.toxicmelody.unamused": {
			"loop": true,
			"bones": {
				"pupil_left": {
					"position": [0, 0.1, 0],
					"scale": 1
				},
				"pupil_right": {
					"position": [0, 0.1, 0],
					"scale": 1
				},
				"eye_left": {
					"rotation": [0, 0, 5]
				},
				"eye_lash_right2": {
					"rotation": [0, 0, -1]
				},
				"eye_left_main": {
					"rotation": [0, 0, -1],
					"scale": [1, 0.9, 1]
				},
				"eye_right": {
					"rotation": [0, 0, -5]
				},
				"eye_right_main": {
					"rotation": [0, 0, 1],
					"scale": [1, 0.9, 1]
				},
				"eye_lash_right": {
					"rotation": [0, 0, 1]
				}
			}
		},
		"animation.toxicmelody.sad": {
			"loop": true,
			"bones": {
				"eye_lash_right2": {
					"rotation": [0, 0, 10]
				},
				"eye_lash_right": {
					"rotation": [0, 0, -10]
				},
				"pupil_left": {
					"scale": [1.2, 1.2, 1]
				},
				"pupil_right": {
					"scale": [1.2, 1.2, 1]
				},
				"eye_right_main": {
					"rotation": [0, 0, -10]
				},
				"eye_left_main": {
					"rotation": [0, 0, 10]
				}
			}
		},
		"animation.toxicmelody.angry": {
			"loop": true,
			"bones": {
				"eye_left": {
					"rotation": [0, 0, -10]
				},
				"eye_right": {
					"rotation": [0, 0, 10]
				},
				"pupil_left": {
					"position": [0, -0.15, 0],
					"scale": [0.6, 1.3, 1]
				},
				"pupil_right": {
					"position": [0, -0.15, 0],
					"scale": [0.6, 1.3, 1]
				},
				"eye_right_main": {
					"scale": [1, 0.9, 1]
				},
				"eye_left_main": {
					"scale": [1, 0.9, 1]
				},
				"snake_jaw": {
					"rotation": [0, 0, 0]
				}
			}
		},
		"animation.toxicmelody.happy": {
			"loop": true,
			"bones": {
				"open_mouth": {
					"position": [0, 0, -1]
				},
				"mouth": {
					"position": [0, 0, 1]
				},
				"eye_lash_right2": {
					"position": [-2, 0, 1]
				},
				"eye_lash_right": {
					"position": [2, 0, 1]
				},
				"eyelid_right": {
					"rotation": [0, 0, 5],
					"position": [0, 0, -1]
				},
				"pupil_left": {
					"position": [0, 0, 1]
				},
				"pupil_right": {
					"position": [0, 0, 1]
				},
				"eye_right_main": {
					"position": [0, 0, 1]
				},
				"eye_left_main": {
					"position": [0, 0, 1]
				},
				"eyelid_left": {
					"rotation": [0, 0, -5],
					"position": [0, 0, -1]
				},
				"shocked_mouth": {
					"position": [0, 0, 0]
				}
			}
		},
		"animation.toxicmelody.hurt": {
			"animation_length": 0.5833,
			"bones": {
				"open_mouth": {
					"position": [0, 0, 0]
				},
				"mouth": {
					"position": [0, 0, 1]
				},
				"eye_lash_right2": {
					"position": [-2, 0, 1]
				},
				"eye_right": {
					"rotation": [0, 0, 10],
					"position": [0, 0, -1]
				},
				"eye_lash_right": {
					"position": [0, 0, 1]
				},
				"eyelid_right": {
					"rotation": [0, 0, 5],
					"position": [1.99239, -0.17431, 1]
				},
				"pupil_left": {
					"position": [0, 0, 1]
				},
				"pupil_right": {
					"position": [0, -0.15, 0],
					"scale": [0.7, 1.4, 1]
				},
				"eye_right_main": {
					"position": [0, 0, 1],
					"scale": [1, 0.9, 1]
				},
				"eye_left_main": {
					"position": [0, 0, 1]
				},
				"eyelid_left": {
					"rotation": [0, 0, -10],
					"position": [0, 0, -1]
				},
				"shocked_mouth": {
					"position": [0, 0, -1]
				},
				"head": {
					"position": [0, 0, 0]
				}
			}
		}
	}
}