{
  "head": "head",
  "portraitScale": 1.15,
  "portraitTranslation": [ -0.2, 0.8, 0 ],
  "profileScale": 0.6,
  "profileTranslation": [ 0, 0.8, 0 ],
  "cry":  "bedrock(garchomp, cry)",
  "poses": {
  "battle-idle": {
      "poseName": "battle-idle",
      "transformTicks": 10,
      "poseTypes": [ "STAND" ],
      "isBattle": true,
	  "isTouchingWater": false,
      "animations": [
        "look",
		"bedrock(garchomp, battle_idle)"
	  ],
      "quirks": [
        {
          "name": "blink",
          "loopTimes": 1,
          "minSecondsBetweenOccurrences": 8,
          "maxSecondsBetweenOccurrences": 20,
          "animations": ["bedrock(garchomp, blink)"]
        },
        {
          "name": "stomp",
          "loopTimes": 1,
          "minSecondsBetweenOccurrences": 40,
          "maxSecondsBetweenOccurrences": 80,
          "animations": ["bedrock(garchomp, stomp_quirk)"]
        }
      ]
    },
    "standing": {
      "poseName": "standing",
      "transformTicks": 10,
      "poseTypes": [
      "STAND",
      "NONE",
      "PORTRAIT",
      "PROFILE"
      ],
      "isBattle": false,	  
      "isTouchingWater": false,
      "animations": [
        "look",
        "bedrock(garchomp, ground_idle)"
      ],
      "quirks": [
        {
          "name": "blink",
          "loopTimes": 1,
          "minSecondsBetweenOccurrences": 8,
          "maxSecondsBetweenOccurrences": 20,
          "animations": ["bedrock(garchomp, blink)"]
        },
        {
          "name": "stomp",
          "loopTimes": 1,
          "minSecondsBetweenOccurrences": 40,
          "maxSecondsBetweenOccurrences": 80,
          "animations": ["bedrock(garchomp, stomp_quirk)"]
        }
      ]
    },
  "walking": {
      "poseName": "walking",
      "transformTicks": 10,
      "poseTypes": [ "WALK" ],
      "animations": [
        "bedrock(garchomp, ground_walk)"
      ],
		"quirks": [
        {
          "name": "blink",
          "loopTimes": 1,
          "minSecondsBetweenOccurrences": 8,
          "maxSecondsBetweenOccurrences": 20,
          "animations": ["bedrock(garchomp, blink)"]
        }
		]
   },
    "hovering": {
      "poseName": "hovering",
      "transformTicks": 10,
      "poseTypes": [ "HOVER" ],
      "animations": [   
        "bedrock(garchomp, air_idle)" ],
		"quirks": [
        {
          "name": "blink",
          "loopTimes": 1,
          "minSecondsBetweenOccurrences": 8,
          "maxSecondsBetweenOccurrences": 20,
          "animations": ["bedrock(garchomp, blink)"]
        }
		]
    },
    "flying": {
      "poseName": "flying",
      "transformTicks": 10,
      "poseTypes": [ "FLY" ],
      "animations": [   
        "bedrock(garchomp, air_idle)" ],
		"quirks": [
        {
          "name": "blink",
          "loopTimes": 1,
          "minSecondsBetweenOccurrences": 8,
          "maxSecondsBetweenOccurrences": 20,
          "animations": ["bedrock(garchomp, blink)"]
        }
		]
    },
    "floating": {
      "poseName": "floating",
      "transformTicks": 10,
      "poseTypes": [ "FLOAT" ],
      "animations": [   
        "bedrock(garchomp, air_idle)" ],
		"quirks": [
        {
          "name": "blink",
          "loopTimes": 1,
          "minSecondsBetweenOccurrences": 8,
          "maxSecondsBetweenOccurrences": 20,
          "animations": ["bedrock(garchomp, blink)"]
        }
		]
    }
  }
}