{
  "portraitScale": 1.15,
  "portraitTranslation": [ -0.2, 0.8, 0 ],
  "profileScale": 0.6,
  "profileTranslation": [ 0, 0.8, 0 ],
  "cry":  "bedrock(gengar, cry)",
  "poses": {
  "standing": {
      "poseName": "standing",
      "transformTicks": 10,
      "poseTypes": [
      "STAND",
      "NONE",
      "PORTRAIT",
      "PROFILE",
      "FLOAT"
      ],
      "animations": [
        "bedrock(gengar, ground_idle)"
      ],
		"quirks": [
        {
          "name": "blink",
          "loopTimes": 1,
          "minSecondsBetweenOccurrences": 8,
          "maxSecondsBetweenOccurrences": 20,
          "animations": ["bedrock(gengar, blink)"]
        },
        {
          "name": "laugh",
          "loopTimes": 1,
          "minSecondsBetweenOccurrences": 40,
          "maxSecondsBetweenOccurrences": 80,
          "animations": ["bedrock(gengar, laugh_quirk)"]
        }
		]
  },
  "walking": {
      "poseName": "walking",
      "transformTicks": 10,
      "poseTypes": [ "WALK" ],
      "animations": [
        "bedrock(gengar, ground_walk)"
      ],
		"quirks": [
        {
          "name": "blink",
          "loopTimes": 1,
          "minSecondsBetweenOccurrences": 8,
          "maxSecondsBetweenOccurrences": 20,
          "animations": ["bedrock(gengar, blink)"]
        }
		]
   },
    "hovering": {
      "poseName": "hovering",
      "transformTicks": 10,
      "poseTypes": [ "HOVER" ],
      "animations": [   
        "bedrock(gengar, air_idle)" ],
		"quirks": [
        {
          "name": "blink",
          "loopTimes": 1,
          "minSecondsBetweenOccurrences": 8,
          "maxSecondsBetweenOccurrences": 20,
          "animations": ["bedrock(gengar, blink)"]
        }
		]
    },
    "flying": {
      "poseName": "flying",
      "transformTicks": 10,
      "poseTypes": [ "FLY" ],
      "animations": [   
        "bedrock(gengar, ground_walk)" ],
		"quirks": [
        {
          "name": "blink",
          "loopTimes": 1,
          "minSecondsBetweenOccurrences": 8,
          "maxSecondsBetweenOccurrences": 20,
          "animations": ["bedrock(gengar, blink)"]
        }
		]
    },
    "sleeping": {
      "poseName": "sleeping",
      "transformTicks": 10,
      "poseTypes": [ "SLEEP" ],
      "animations": [   
        "bedrock(gengar, sleep)" ]
    },
    "floating": {
      "poseName": "floating",
      "transformTicks": 10,
      "poseTypes": [ "FLOAT" ],
      "animations": [   
        "bedrock(gengar, ground_walk)" ],
		"quirks": [
        {
          "name": "blink",
          "loopTimes": 1,
          "minSecondsBetweenOccurrences": 8,
          "maxSecondsBetweenOccurrences": 20,
          "animations": ["bedrock(gengar, blink)"]
        }
		]
    }
  }
}