{
  "head": "head",
  "portraitScale": 2.65,
  "portraitTranslation": [ -0.12, -0.45, 0 ],
  "profileScale": 0.9,
  "profileTranslation": [ 0, 0.4, 0 ],
  "cry":  "bedrock(marshtomp, cry)",
  "poses": {
    "standing": {
      "poseName": "standing",
      "transformTicks": 10,
      "poseTypes": [
      "STAND",
      "NONE",
      "PORTRAIT",
      "PROFILE"
      ],
      "isTouchingWater": false,
      "animations": [
		"look",
		"bedrock(marshtomp, ground_idle)"
      ],
      "quirks": [
        {
          "name": "blink",
          "loopTimes": 1,
          "minSecondsBetweenOccurrences": 8,
          "maxSecondsBetweenOccurrences": 20,
          "animations": ["bedrock(marshtomp, blink)"]
        }
      ]
        },
    "walking": {
      "poseName": "walking",
      "transformTicks": 10,
      "poseTypes": [ "WALK" ],
      "isTouchingWater": false,
      "animations": [
        "look",
        "bedrock(marshtomp, ground_walk, true)"
      ],
      "quirks": [
        {
          "name": "blink",
          "loopTimes": 1,
          "minSecondsBetweenOccurrences": 8,
          "maxSecondsBetweenOccurrences": 20,
          "animations": ["bedrock(marshtomp, blink)"]
        }
      ]
    },
    "sleeping": {
      "poseName": "sleeping",
      "transformTicks": 10,
      "poseTypes": [ "SLEEP" ],
      "animations": [   
        "bedrock(marshtomp, sleep)" ]
    },
    "swimming": {
      "poseName": "swimming",
      "transformTicks": 10,
      "poseTypes": [ "WALK","SWIM" ],
      "animations": [   
        "bedrock(marshtomp, water_swim)" ],
      "quirks": [
        {
          "name": "blink",
          "loopTimes": 1,
          "minSecondsBetweenOccurrences": 8,
          "maxSecondsBetweenOccurrences": 20,
          "animations": ["bedrock(marshtomp, blink)"]
        }
      ]
    },
    "floating": {
      "poseName": "floating",
      "transformTicks": 10,
      "poseTypes": [ "STAND","FLOAT" ],
      "animations": [   
        "bedrock(marshtomp, water_idle)" ],
      "quirks": [
        {
          "name": "blink",
          "loopTimes": 1,
          "minSecondsBetweenOccurrences": 8,
          "maxSecondsBetweenOccurrences": 20,
          "animations": ["bedrock(marshtomp, blink)"]
        }
      ]
    }
  }
}