{
  "head": "head",
  "portraitScale": 2.65,
  "portraitTranslation": [ -0.8, -1.96, 0 ],
  "profileScale": 0.9,
  "profileTranslation": [ 0, 0.4, 0 ],
  "cry":  "bedrock(slowpoke, cry)",
  "poses": {
    "relaxing": {
      "poseName": "relaxing",
      "transformTicks": 10,
      "poseTypes": [
	  "STAND",
	  "NONE"
      ],
	  "isBattle": false,
      "isTouchingWater": false,
      "animations": [
		"look",
		"bedrock(slowpoke, floor_idle)"
      ],
      "quirks": [
        {
          "name": "blink",
          "loopTimes": 1,
          "minSecondsBetweenOccurrences": 8,
          "maxSecondsBetweenOccurrences": 20,
          "animations": ["bedrock(slowpoke, blink)"]
        }
      ]
    },
    "battle-idle": {
      "poseName": "battle-idle",
      "transformTicks": 10,
      "poseTypes": [
      "STAND",
      "PORTRAIT",
      "PROFILE"
      ],
      "isTouchingWater": false,
      "animations": [
        "look",
        "bedrock(slowpoke, ground_idle)"
      ],
      "quirks": [
        {
          "name": "blink",
          "loopTimes": 1,
          "minSecondsBetweenOccurrences": 8,
          "maxSecondsBetweenOccurrences": 20,
          "animations": ["bedrock(slowpoke, blink)"]
        }
      ]
    },
    "walking": {
      "poseName": "walking",
      "transformTicks": 10,
      "poseTypes": [ "WALK" ],
      "isTouchingWater": false,
      "animations": [
        "look",
        "bedrock(slowpoke, ground_walk, true)"
      ],
      "quirks": [
        {
          "name": "blink",
          "loopTimes": 1,
          "minSecondsBetweenOccurrences": 8,
          "maxSecondsBetweenOccurrences": 20,
          "animations": ["bedrock(slowpoke, blink)"]
        }
      ]
    },
    "sleeping": {
      "poseName": "sleeping",
      "transformTicks": 10,
      "poseTypes": [ "SLEEP" ],
      "animations": [   
        "bedrock(slowpoke, sleep)" ]
    },
    "swimming": {
      "poseName": "swimming",
      "transformTicks": 10,
      "poseTypes": [ "WALK","SWIM" ],
      "animations": [   
        "bedrock(slowpoke, water_swim)" ],
      "quirks": [
        {
          "name": "blink",
          "loopTimes": 1,
          "minSecondsBetweenOccurrences": 8,
          "maxSecondsBetweenOccurrences": 20,
          "animations": ["bedrock(slowpoke, blink)"]
        }
      ]
    },
    "floating": {
      "poseName": "floating",
      "transformTicks": 10,
      "poseTypes": [ "STAND","FLOAT" ],
      "animations": [   
        "bedrock(slowpoke, water_idle)" ],
      "quirks": [
        {
          "name": "blink",
          "loopTimes": 1,
          "minSecondsBetweenOccurrences": 8,
          "maxSecondsBetweenOccurrences": 20,
          "animations": ["bedrock(slowpoke, blink)"]
        }
      ]
    }
  }
}