{
	"format_version": "1.12.0",
	"minecraft:geometry": [
		{
			"description": {
				"identifier": "geometry.cozard",
				"texture_width": 64,
				"texture_height": 64,
				"visible_bounds_width": 4,
				"visible_bounds_height": 2.5,
				"visible_bounds_offset": [0, 0.75, 0]
			},
			"bones": [
				{
					"name": "cozard",
					"pivot": [0, 0, 0]
				},
				{
					"name": "head",
					"parent": "cozard",
					"pivot": [0, 6, -3],
					"cubes": [
						{"origin": [-3.5, 2.5, -10], "size": [7, 7, 7], "uv": [36, 0]},
						{"origin": [0, 9.5, -8], "size": [0, 6, 5], "uv": [35, 15]}
					]
				},
				{
					"name": "bone",
					"parent": "cozard",
					"pivot": [0, 3, 0],
					"cubes": [
						{"origin": [-3, 3, -3], "size": [6, 6, 11], "uv": [0, 0]}
					]
				},
				{
					"name": "tail",
					"parent": "cozard",
					"pivot": [0, 7.5, 8],
					"cubes": [
						{"origin": [0, 5, 8], "size": [0, 7, 10], "uv": [1, 9]}
					]
				},
				{
					"name": "leg",
					"parent": "cozard",
					"pivot": [2.5, 4, -1],
					"cubes": [
						{"origin": [1.5, 0, -2], "size": [2, 4, 2], "uv": [51, 19]}
					]
				},
				{
					"name": "leg3",
					"parent": "cozard",
					"pivot": [2.5, 4, 5],
					"cubes": [
						{"origin": [1.5, 0, 4], "size": [2, 4, 2], "uv": [51, 19]}
					]
				},
				{
					"name": "leg2",
					"parent": "cozard",
					"pivot": [-2.5, 4, 5],
					"cubes": [
						{"origin": [-3.5, 0, 4], "size": [2, 4, 2], "uv": [51, 19], "mirror": true}
					]
				},
				{
					"name": "leg4",
					"parent": "cozard",
					"pivot": [-2.5, 4, -1],
					"cubes": [
						{"origin": [-3.5, 0, -2], "size": [2, 4, 2], "uv": [51, 19], "mirror": true}
					]
				}
			]
		}
	]
}