{
	"format_version": "1.8.0",
	"animations": {
		"animation.yinino.ground_idle": {
			"loop": true,
			"animation_length": 9.8,
			"bones": {
				"head": {
					"rotation": {
						"0.0": [0, 0, 0],
						"0.96": [-2.5, 0, 0],
						"1.96": [0, 0, 0],
						"2.92": [-2.5, 0, 0],
						"4.0": [0, 0, 0]
					}
				},
				"body": {
					"rotation": {
						"0.0": [0, 0, 0],
						"0.96": [5, 0, 0],
						"1.96": [0, 0, 0],
						"2.92": [5, 0, 0],
						"4.0": [0, 0, 0],
						"5.0": [-5, 0, 0],
						"6.2": [12.5, 0, 0],
						"7.4": [0, 0, 0],
						"8.6": [-12.5, 0, 0],
						"9.8": [0, 0, 0]
					}
				},
				"arm": {
					"rotation": {
						"0.0": [0, 0, 0],
						"0.96": [-9.96271, -0.86717, -4.92442],
						"1.96": [0, 0, 0],
						"2.92": [-9.96271, -0.86717, -4.92442],
						"4.0": [0, 0, 0],
						"5.0": [12.5, 0, 0],
						"6.2": [32.5, 0, 0],
						"7.4": [0, 0, 0],
						"8.6": [-32.5, 0, 0],
						"9.8": [0, 0, 0]
					}
				},
				"arm2": {
					"rotation": {
						"0.0": [0, 0, 0],
						"0.96": [-9.96271, 0.86717, 4.92442],
						"1.96": [0, 0, 0],
						"2.92": [-9.96271, 0.86717, 4.92442],
						"4.0": [0, 0, 0],
						"5.0": [12.5, 0, 0],
						"6.2": [32.5, 0, 0],
						"7.4": [0, 0, 0],
						"8.6": [-32.5, 0, 0],
						"9.8": [0, 0, 0]
					}
				}
			}
		},
		"animation.yinino.ground_walk": {
			"loop": true,
			"animation_length": 1.52,
			"bones": {
				"head": {
					"rotation": {
						"0.0": [12.5, 0, 0],
						"1.52": [12.5, 0, 0]
					}
				},
				"body": {
					"rotation": {
						"0.0": [0, 0, 0],
						"0.4": [5, 0, 0],
						"0.8": [0, 0, 0],
						"1.2": [5, 0, 0],
						"1.52": [0, 0, 0]
					}
				},
				"arm": {
					"rotation": {
						"0.0": [39.70889, -16.58974, 18.97287],
						"1.52": [39.70889, -16.58974, 18.97287]
					}
				},
				"arm2": {
					"rotation": {
						"0.0": [42.20889, 16.58974, -18.97287],
						"1.52": [42.20889, 16.58974, -18.97287]
					}
				},
				"leg": {
					"rotation": {
						"0.0": [0, 0, 0],
						"0.4": [15, 0, 0],
						"0.8": [0, 0, 0],
						"1.2": [-15, 0, 0],
						"1.52": [0, 0, 0]
					}
				},
				"leg2": {
					"rotation": {
						"0.0": [0, 0, 0],
						"0.4": [-15, 0, 0],
						"0.8": [0, 0, 0],
						"1.2": [15, 0, 0],
						"1.52": [0, 0, 0]
					}
				}
			}
		}
	}
}