{
	"format_version": "1.12.0",
	"minecraft:geometry": [
		{
			"description": {
				"identifier": "geometry.leliel",
				"texture_width": 16,
				"texture_height": 16,
				"visible_bounds_width": 2,
				"visible_bounds_height": 1.5,
				"visible_bounds_offset": [0, 0.25, 0]
			},
			"bones": [
				{
					"name": "leliel",
					"pivot": [0, 0, 0]
				},
				{
					"name": "body",
					"parent": "leliel",
					"pivot": [0, 0, 0],
					"cubes": [
						{"origin": [-1, 0, -1], "size": [2, 0, 2], "uv": [0, 0]},
						{"origin": [-1, 4.829, -1], "size": [2, 0, 2], "uv": [0, 0]},
						{"origin": [-1, 0, -1], "size": [2, 0, 2], "pivot": [-1, 0, 0], "rotation": [0, 0, -135], "uv": [0, 0]},
						{"origin": [1, 0, -1], "size": [2, 0, 2], "pivot": [1, 0, 0], "rotation": [0, 0, -45], "uv": [0, 0]},
						{"origin": [-1, 0, 1], "size": [2, 0, 2], "pivot": [0, 0, 1], "rotation": [45, 0, 0], "uv": [0, 0]},
						{"origin": [-1, 0, -1], "size": [2, 0, 2], "pivot": [0, 0, -1], "rotation": [45, 180, 0], "uv": [0, 0]},
						{"origin": [-2.415, 1.71, -2.292], "size": [2, 0, 2], "pivot": [-1, 2, -2], "rotation": [-45, 0, 90], "uv": [0, 0]},
						{"origin": [-2.415, 6.535, -2.292], "size": [2, 0, 2], "pivot": [-1, 2, -2], "rotation": [-45, 0, 90], "uv": [0, 0]},
						{"origin": [-0.415, 2.29, -2.292], "size": [2, 0, 2], "pivot": [1, 2, -2], "rotation": [45, 0, 90], "uv": [0, 0]},
						{"origin": [-0.415, -2.535, -2.292], "size": [2, 0, 2], "pivot": [1, 2, -2], "rotation": [45, 0, 90], "uv": [0, 0]},
						{"origin": [-1, 1, -2], "size": [2, 0, 2], "pivot": [0, 1.415, -2], "rotation": [-90, 0, 180], "uv": [0, 0]},
						{"origin": [-1, 1, 2], "size": [2, 0, 2], "pivot": [0, 1.415, 2], "rotation": [90, 0, 0], "uv": [0, 0]},
						{"origin": [-3, 1, 0], "size": [2, 0, 2], "pivot": [-2, 1.415, 0], "rotation": [0, -90, 90], "uv": [0, 0]},
						{"origin": [1, 1, 0], "size": [2, 0, 2], "pivot": [2, 1.415, 0], "rotation": [0, 90, -90], "uv": [0, 0]}
					]
				},
				{
					"name": "bottom",
					"parent": "body",
					"pivot": [0, 2.41, 0],
					"rotation": [0, 0, -180],
					"cubes": [
						{"origin": [-2.41, 3.41, -2.41], "size": [4.82, 0, 4.82], "uv": [-1, -2]},
						{"origin": [-2.41, 4.12, -3.293], "size": [4.82, 0, 2], "pivot": [0, 4, -2], "rotation": [45, 180, 180], "uv": [-1, 0]},
						{"origin": [-0.41, 4.12, -1.293], "size": [4.82, 0, 2], "pivot": [2, 4, 0], "rotation": [45, -90, 180], "uv": [-1, 0]},
						{"origin": [-2.41, 4.12, 0.707], "size": [4.82, 0, 2], "pivot": [0, 4, 2], "rotation": [45, 0, 180], "uv": [-1, 0]},
						{"origin": [-4.41, 4.12, -1.293], "size": [4.82, 0, 2], "pivot": [-2, 4, 0], "rotation": [45, 90, 180], "uv": [-1, 0]}
					]
				},
				{
					"name": "top",
					"parent": "bottom",
					"pivot": [0, 2.41, 0],
					"rotation": [0, 0, -180],
					"cubes": [
						{"origin": [-2.41, 3.41, -2.41], "size": [4.82, 0, 4.82], "uv": [-1, -2]},
						{"origin": [-2.41, 4.12, -3.293], "size": [4.82, 0, 2], "pivot": [0, 4, -2], "rotation": [45, 180, 180], "uv": [-1, 0]},
						{"origin": [-0.41, 4.12, -1.293], "size": [4.82, 0, 2], "pivot": [2, 4, 0], "rotation": [45, -90, 180], "uv": [-1, 0]},
						{"origin": [-2.41, 4.12, 0.707], "size": [4.82, 0, 2], "pivot": [0, 4, 2], "rotation": [45, 0, 180], "uv": [-1, 0]},
						{"origin": [-4.41, 4.12, -1.293], "size": [4.82, 0, 2], "pivot": [-2, 4, 0], "rotation": [45, 90, 180], "uv": [-1, 0]}
					]
				}
			]
		}
	]
}