{
	"format_version": "1.8.0",
	"animations": {
		"animation.chargingboom.ground_idle": {
			"loop": true,
			"animation_length": 2,
			"bones": {
				"torso": {
					"rotation": {
						"0.0": [0, 0, 0],
						"2.0": [0, 0, 0]
					},
					"position": {
						"0.0": [0, 0, 0],
						"1.0": [0, -0.5, 0],
						"2.0": [0, 0, 0]
					}
				},
				"neck": {
					"rotation": {
						"0.0": [0, 0, 0],
						"1.0": [5, 0, 0],
						"2.0": [0, 0, 0]
					},
					"position": {
						"0.0": [0, 0, 0],
						"2.0": [0, 0, 0]
					}
				},
				"head": {
					"rotation": {
						"0.0": [0, 0, 0],
						"0.5": [-5, 0, 0],
						"1.0": [-5, 0, 0],
						"1.5": [0, 0, 0],
						"2.0": [0, 0, 0]
					},
					"position": {
						"0.0": [0, 0, 0],
						"2.0": [0, 0, 0]
					}
				},
				"leg1": {
					"position": {
						"0.0": [0, 0, 0],
						"1.0": [0, 0.5, 0],
						"2.0": [0, 0, 0]
					}
				},
				"leg2": {
					"position": {
						"0.0": [0, 0, 0],
						"1.0": [0, 0.5, 0],
						"2.0": [0, 0, 0]
					}
				},
				"leg3": {
					"position": {
						"0.0": [0, 0, 0],
						"1.0": [0, 0.5, 0],
						"2.0": [0, 0, 0]
					}
				},
				"leg4": {
					"position": {
						"0.0": [0, 0, 0],
						"1.0": [0, 0.5, 0],
						"2.0": [0, 0, 0]
					}
				}
			}
		},
		"animation.chargingboom.ground_walk": {
			"loop": true,
			"animation_length": 1,
			"bones": {
				"chargingboom": {
					"rotation": {
						"0.0": [0, 0, 0],
						"0.5": [0, 0, 0]
					},
					"position": {
						"0.0": [0, 0, 0],
						"0.125": [0, -0.5, 0],
						"0.25": [0, 0, 0],
						"0.5": [0, 0, 0],
						"0.625": [0, -0.5, 0],
						"0.75": [0, 0, 0]
					}
				},
				"neck": {
					"rotation": {
						"0.0": [0, 0, 0],
						"0.25": [-5, 0, 0],
						"0.5": [0, 0, 0],
						"0.75": [-5, 0, 0],
						"1.0": [0, 0, 0]
					},
					"position": {
						"0.0": [0, 0, 0],
						"0.5": [0, 0, 0],
						"1.0": [0, 0, 0]
					}
				},
				"head": {
					"rotation": {
						"0.0": [0, 0, 0],
						"0.125": [10, 0, 0],
						"0.25": [5, 0, 0],
						"0.375": [-2.5, 0, 0],
						"0.5": [0, 0, 0],
						"0.625": [10, 0, 0],
						"0.75": [5, 0, 0],
						"0.875": [-2.5, 0, 0],
						"1.0": [0, 0, 0]
					},
					"position": {
						"0.0": [0, 0, 0],
						"0.5": [0, 0, 0],
						"1.0": [0, 0, 0]
					}
				},
				"leg1": {
					"rotation": {
						"0.0": [20, 0, 0],
						"0.125": [0, 0, 0],
						"0.25": [-15, 0, 0],
						"0.375": [-30, 0, 0],
						"0.5": [-15, 0, 0],
						"0.625": [0, 0, 0],
						"0.75": [20, 0, 0],
						"0.875": [35, 0, 0],
						"1.0": [20, 0, 0]
					},
					"position": {
						"0.0": [0, 0, 0],
						"0.125": [0, 1, 0],
						"0.25": [0, 0, 0],
						"0.5": [0, 0, 0],
						"0.625": [0, 1, 0],
						"0.75": [0, 0, 0]
					}
				},
				"leg2": {
					"rotation": {
						"0.0": [-15, 0, 0],
						"0.125": [0, 0, 0],
						"0.25": [20, 0, 0],
						"0.375": [35, 0, 0],
						"0.5": [20, 0, 0],
						"0.625": [0, 0, 0],
						"0.75": [-15, 0, 0],
						"0.875": [-35, 0, 0],
						"1.0": [-15, 0, 0]
					},
					"position": {
						"0.0": [0, 0, 0],
						"0.125": [0, 1, 0],
						"0.25": [0, 0, 0],
						"0.5": [0, 0, 0],
						"0.625": [0, 1, 0],
						"0.75": [0, 0, 0]
					}
				},
				"leg3": {
					"rotation": {
						"0.0": [20, 0, 0],
						"0.125": [0, 0, 0],
						"0.25": [-15, 0, 0],
						"0.375": [-30, 0, 0],
						"0.5": [-15, 0, 0],
						"0.625": [0, 0, 0],
						"0.75": [20, 0, 0],
						"0.875": [35, 0, 0],
						"1.0": [20, 0, 0]
					},
					"position": {
						"0.0": [0, 0, 0],
						"0.125": [0, 1, 0],
						"0.25": [0, 0, 0],
						"0.5": [0, 0, 0],
						"0.625": [0, 1, 0],
						"0.75": [0, 0, 0]
					}
				},
				"leg4": {
					"rotation": {
						"0.0": [-15, 0, 0],
						"0.125": [0, 0, 0],
						"0.25": [20, 0, 0],
						"0.375": [35, 0, 0],
						"0.5": [20, 0, 0],
						"0.625": [0, 0, 0],
						"0.75": [-15, 0, 0],
						"0.875": [-35, 0, 0],
						"1.0": [-15, 0, 0]
					},
					"position": {
						"0.0": [0, 0, 0],
						"0.125": [0, 1, 0],
						"0.25": [0, 0, 0],
						"0.5": [0, 0, 0],
						"0.625": [0, 1, 0],
						"0.75": [0, 0, 0]
					}
				}
			}
		},
		"animation.chargingboom.faint": {
			"animation_length": 3.5,
			"bones": {
				"torso": {
					"rotation": {
						"0.0": [0, 0, 2.5],
						"0.0833": [0, 0, 0],
						"0.4167": [0, 0, -20],
						"1.0417": [0, 0, -27.5],
						"1.2083": [0, 0, -90]
					},
					"position": {
						"0.0833": [0, 0, 0],
						"0.4167": [-3, 0, 0],
						"1.0417": [-4, 0.5, 0],
						"1.2083": [-12, -5, 0],
						"1.2917": [-12.5, -4.5, 0],
						"1.3333": [-13, -5, 0]
					}
				},
				"neck": {
					"rotation": {
						"0.0833": [0, 0, 0],
						"0.4167": [0, 0, 15],
						"1.0833": [0, 0, 15],
						"1.1667": [0, 0, 45],
						"1.25": [0, 0, 25],
						"1.3333": [0, 0, 20],
						"1.4167": [0, 0, -10],
						"1.4583": [0, 0, -5],
						"1.5": [0, 0, -10]
					}
				},
				"head": {
					"rotation": {
						"0.0833": [0, 0, 0],
						"0.4167": [25, 0, 0],
						"1.0417": [25, 0, 0],
						"1.2083": [0, 0, 20],
						"1.3333": [0, 0, 35],
						"1.4583": [0, 0, 0],
						"1.5": [0, 0, 10]
					}
				},
				"leg1": {
					"rotation": {
						"0.0": [0, 0, -2.5],
						"0.0833": [0, 0, 0],
						"0.4167": [0, 0, -25],
						"1.0833": [0, 0, -25],
						"1.1667": [0, 0, 20],
						"1.25": [0, 0, 15],
						"1.3333": [10, 0, 20]
					},
					"position": {
						"0.0833": [0, 0, 0],
						"0.4167": [0, 0, 0],
						"1.0833": [0, 0, 0]
					}
				},
				"leg2": {
					"rotation": {
						"0.0833": [0, 0, 0],
						"0.4167": [0, 0, 20],
						"1.0417": [0, 0, 20],
						"1.125": [0, 0, -26.25],
						"1.2083": [0, 0, -22.5],
						"1.2917": [0, 0, 2.5],
						"1.375": [25, 0, 0]
					},
					"position": {
						"0.0833": [0, 0, 0],
						"0.4167": [0.5, 1.5, 0],
						"1.0417": [0.5, 1.5, 0],
						"1.2083": [1.5, 1.5, 0]
					}
				},
				"leg3": {
					"rotation": {
						"0.0833": [0, 0, 0],
						"0.4167": [0, 0, 20],
						"1.0417": [0, 0, 20],
						"1.125": [0, 0, -26.25],
						"1.2083": [0, 0, -22.5],
						"1.2917": [0, 0, 2.5],
						"1.375": [-25, 0, 0]
					},
					"position": {
						"0.0833": [0, 0, 0],
						"0.4167": [0.5, 1.5, 0],
						"1.0417": [0.5, 1.5, 0],
						"1.2083": [1.5, 1.5, 0]
					}
				},
				"leg4": {
					"rotation": {
						"0.0": [0, 0, -5],
						"0.0833": [0, 0, 0],
						"0.4167": [0, 0, -25],
						"1.0833": [0, 0, -25],
						"1.1667": [0, 0, 20],
						"1.25": [0, 0, 15],
						"1.3333": [-10, 0, 20]
					},
					"position": {
						"0.0833": [0, 0, 0],
						"0.4167": [0, 0, 0],
						"1.0833": [0, 0, 0]
					}
				},
				"eyelids": {
					"position": {
						"0.0": [0, 0, 0],
						"1.4167": [0, 0, 0],
						"1.4583": [0, 0, -0.85],
						"3.5": [0, 0, -0.85]
					}
				}
			}
		},
		"animation.chargingboom.sleep": {
			"loop": true,
			"animation_length": 2,
			"bones": {
				"chargingboom": {
					"position": [0, -4, 0]
				},
				"torso": {
					"rotation": [-5, 0, 0],
					"position": [0, -0.25, 0]
				},
				"neck": {
					"rotation": {
						"0.0": [95, -30, 0],
						"1.0": [92.5, -30, 0],
						"2.0": [95, -30, 0]
					}
				},
				"head": {
					"rotation": {
						"0.0": [-50, 0, 50],
						"1.0": [-47.5, 0, 50],
						"2.0": [-50, 0, 50]
					}
				},
				"leg1": {
					"rotation": [-80, 30, 0]
				},
				"leg2": {
					"rotation": [-80, -30, 0]
				},
				"leg3": {
					"rotation": [-80, 50, 0]
				},
				"leg4": {
					"rotation": [-80, -50, 0]
				},
				"eyelids": {
					"position": [0, 0, -0.8]
				}
			}
		}
	}
}