{
	"format_version": "1.12.0",
	"minecraft:geometry": [
		{
			"description": {
				"identifier": "geometry.relamush",
				"texture_width": 128,
				"texture_height": 128,
				"visible_bounds_width": 3,
				"visible_bounds_height": 3.5,
				"visible_bounds_offset": [0, 1.25, 0]
			},
			"bones": [
				{
					"name": "relamush",
					"pivot": [0, 0, 0]
				},
				{
					"name": "bone",
					"parent": "relamush",
					"pivot": [0, 7, 0]
				},
				{
					"name": "bone2",
					"parent": "bone",
					"pivot": [0, 7, 0],
					"cubes": [
						{"origin": [-4, 7, -6], "size": [8, 7, 12], "uv": [0, 0]}
					]
				},
				{
					"name": "bone4",
					"parent": "bone2",
					"pivot": [-3.82976, 14.20509, -1],
					"cubes": [
						{"origin": [-3.7, 12, -1], "size": [0, 5, 10], "pivot": [-4.1, 14.5, -1], "rotation": [0, 0, 47.5], "uv": [89, -2], "mirror": true}
					]
				},
				{
					"name": "bone3",
					"parent": "bone2",
					"pivot": [3.82976, 14.20509, -1],
					"cubes": [
						{"origin": [3.7, 12, -1], "size": [0, 5, 10], "pivot": [4.1, 14.5, -1], "rotation": [0, 0, -47.5], "uv": [89, -2]}
					]
				},
				{
					"name": "neck",
					"parent": "bone2",
					"pivot": [0, 14, -3],
					"cubes": [
						{"origin": [-2.5, 14, -6], "size": [5, 9, 5], "uv": [56, 5]}
					]
				},
				{
					"name": "head",
					"parent": "neck",
					"pivot": [0, 22, -3],
					"cubes": [
						{"origin": [-3, 22, -10], "size": [6, 6, 10], "uv": [24, 37]},
						{"origin": [-8, 28, -12], "size": [16, 6, 15], "uv": [62, 26]}
					]
				},
				{
					"name": "leg",
					"parent": "bone2",
					"pivot": [4, 8, -4],
					"cubes": [
						{"origin": [3, 4, -5], "size": [2, 5, 2], "uv": [9, 41]},
						{"origin": [3, 0, -3], "size": [2, 4, 2], "uv": [9, 27]},
						{"origin": [3, 4, -3], "size": [2, 2, 2], "uv": [25, 25]},
						{"origin": [3, 0, -5], "size": [2, 1, 2], "uv": [21, 32]}
					]
				},
				{
					"name": "leg3",
					"parent": "bone2",
					"pivot": [4, 8, 4],
					"cubes": [
						{"origin": [3, 4, 3], "size": [2, 5, 2], "uv": [9, 41]},
						{"origin": [3, 0, 5], "size": [2, 4, 2], "uv": [9, 27]},
						{"origin": [3, 4, 5], "size": [2, 2, 2], "uv": [25, 25]},
						{"origin": [3, 0, 3], "size": [2, 1, 2], "uv": [21, 32]}
					]
				},
				{
					"name": "leg2",
					"parent": "bone2",
					"pivot": [-4, 8, -4],
					"cubes": [
						{"origin": [-5, 4, -5], "size": [2, 5, 2], "uv": [9, 41], "mirror": true},
						{"origin": [-5, 0, -5], "size": [2, 1, 2], "uv": [21, 32], "mirror": true},
						{"origin": [-5, 4, -3], "size": [2, 2, 2], "uv": [25, 25], "mirror": true},
						{"origin": [-5, 0, -3], "size": [2, 4, 2], "uv": [9, 27], "mirror": true}
					]
				},
				{
					"name": "leg4",
					"parent": "bone2",
					"pivot": [-4, 8, 4],
					"cubes": [
						{"origin": [-5, 4, 3], "size": [2, 5, 2], "uv": [9, 41], "mirror": true},
						{"origin": [-5, 0, 3], "size": [2, 1, 2], "uv": [21, 32], "mirror": true},
						{"origin": [-5, 4, 5], "size": [2, 2, 2], "uv": [25, 25], "mirror": true},
						{"origin": [-5, 0, 5], "size": [2, 4, 2], "uv": [9, 27], "mirror": true}
					]
				}
			]
		}
	]
}