{
	"format_version": "1.12.0",
	"minecraft:geometry": [
		{
			"description": {
				"identifier": "geometry.petrolisk",
				"texture_width": 128,
				"texture_height": 128,
				"visible_bounds_width": 5,
				"visible_bounds_height": 5,
				"visible_bounds_offset": [0, 1.5, 0]
			},
			"bones": [
				{
					"name": "petrolisk",
					"pivot": [0, 0, 0]
				},
				{
					"name": "body",
					"parent": "petrolisk",
					"pivot": [0, 0, 0]
				},
				{
					"name": "torso",
					"parent": "body",
					"pivot": [0, 0, 0]
				},
				{
					"name": "head",
					"parent": "torso",
					"pivot": [0, 0, -16]
				},
				{
					"name": "jaw",
					"parent": "head",
					"pivot": [0, -4, -23],
					"cubes": [
						{"origin": [-2, -5.43, -26.55], "size": [4, 3, 3], "inflate": 0.001, "uv": [62, 32]},
						{"origin": [-2, -16.25, -25], "size": [4, 6, 2], "pivot": [0, -5, -19], "rotation": [-60, 0, 0], "uv": [22, 65]},
						{"origin": [-2, -16.75, -24], "size": [4, 6, 2], "inflate": -0.01, "pivot": [0, -5, -19], "rotation": [-60, 0, 0], "uv": [34, 64]},
						{"origin": [-2, -16.75, -27.75], "size": [4, 4, 5], "inflate": 0.01, "pivot": [0, -5, -19], "rotation": [-60, 0, 0], "uv": [35, 47]}
					]
				},
				{
					"name": "snout",
					"parent": "head",
					"pivot": [0, 1, -16],
					"cubes": [
						{"origin": [-2, -2.5, -43.75], "size": [4, 6, 22], "pivot": [0, -5, -19], "rotation": [-15, 0, 0], "uv": [0, 0]},
						{"origin": [-2, -1.95, -21.15], "size": [4, 2, 5], "inflate": -0.001, "pivot": [0, -5, -19], "rotation": [-2.5, 0, 0], "uv": [48, 51]},
						{"origin": [-2, 2.05, -21.15], "size": [4, 2, 5], "inflate": -0.001, "pivot": [0, -5, -19], "rotation": [-2.5, 0, 0], "uv": [43, 15]},
						{"origin": [-2, -1.95, -18.15], "size": [4, 6, 2], "pivot": [0, -5, -19], "rotation": [-2.5, 0, 0], "uv": [10, 64]},
						{"origin": [-2, -20.5, -38.25], "size": [4, 5, 5], "inflate": -0.01, "pivot": [0, -5, -19], "rotation": [-60, 0, 0], "uv": [40, 28]},
						{"origin": [-2, -16.5, -42.5], "size": [4, 6, 6], "inflate": 0.01, "pivot": [0, -5, -19], "rotation": [-60, 0, 0], "uv": [0, 0]},
						{"origin": [-2, -10.5, -36.5], "size": [4, 5, 5], "inflate": 0.01, "pivot": [0, -5, -19], "rotation": [-60, 0, 0], "uv": [30, 10]},
						{"origin": [-2, -5.5, -31.5], "size": [4, 4, 4], "inflate": 0.01, "pivot": [0, -5, -19], "rotation": [-60, 0, 0], "uv": [54, 43]},
						{"origin": [-2, -15.5, -33.25], "size": [4, 4, 4], "inflate": -0.01, "pivot": [0, -5, -19], "rotation": [-60, 0, 0], "uv": [55, 0]},
						{"origin": [-2, -11.5, -29.25], "size": [4, 3, 3], "inflate": -0.01, "pivot": [0, -5, -19], "rotation": [-60, 0, 0], "uv": [66, 40]}
					]
				},
				{
					"name": "eye",
					"parent": "snout",
					"pivot": [0, 0, -19],
					"cubes": [
						{"origin": [-1, -1.75, -21], "size": [2, 5, 4], "pivot": [0, -5, -19], "rotation": [-2.5, 0, 0], "uv": [57, 9]}
					]
				},
				{
					"name": "segment1",
					"parent": "torso",
					"pivot": [0, 0, -12]
				},
				{
					"name": "segment2",
					"parent": "segment1",
					"pivot": [0, 0, -6]
				},
				{
					"name": "segment3",
					"parent": "segment2",
					"pivot": [0, 0, 0]
				},
				{
					"name": "segment4",
					"parent": "segment3",
					"pivot": [0, 0, 6]
				},
				{
					"name": "segment5",
					"parent": "segment4",
					"pivot": [0, 0, 12]
				},
				{
					"name": "segment6",
					"parent": "segment5",
					"pivot": [0, 0, 18]
				},
				{
					"name": "segment7",
					"parent": "segment6",
					"pivot": [0, 0, 22],
					"cubes": [
						{"origin": [-1, 0.05, 19.85], "size": [2, 3, 4], "pivot": [0, 1.05, 24.85], "rotation": [-45, 0, 0], "uv": [46, 66]},
						{"origin": [-1, 0.05, 23.85], "size": [2, 3, 3], "pivot": [0, 1.05, 24.85], "rotation": [-45, 0, 0], "uv": [12, 12]},
						{"origin": [-1, -3.95, 23.85], "size": [2, 4, 3], "pivot": [0, 1.05, 24.85], "rotation": [-45, 0, 0], "uv": [55, 70]}
					]
				},
				{
					"name": "bone7",
					"parent": "segment6",
					"pivot": [0, 0, 0],
					"cubes": [
						{"origin": [-1.5, -0.95, 15.85], "size": [3, 4, 4], "uv": [36, 56]}
					]
				},
				{
					"name": "bone6",
					"parent": "segment5",
					"pivot": [0, 0, 0],
					"cubes": [
						{"origin": [-1, -3.45, 9.85], "size": [2, 9, 4], "inflate": 0.01, "uv": [12, 51]},
						{"origin": [-1, 17.6, 19.25], "size": [2, 4, 4], "pivot": [-0.5, 24.07, -0.05], "rotation": [-45, 0, 0], "uv": [62, 54]},
						{"origin": [-1, 10.6, 26.25], "size": [2, 4, 4], "pivot": [-0.5, 24.07, -0.05], "rotation": [-45, 0, 0], "uv": [58, 62]}
					]
				},
				{
					"name": "bone5",
					"parent": "segment4",
					"pivot": [0, 0, 0],
					"cubes": [
						{"origin": [-1.5, -6.7, 3.85], "size": [3, 19, 4], "uv": [12, 28]}
					]
				},
				{
					"name": "fin_back_left",
					"parent": "segment4",
					"pivot": [0, 0, 5.75],
					"cubes": [
						{"origin": [2, -5.5, 5.75], "size": [3, 4, 6], "pivot": [0, -6, -1], "rotation": [-12.5, 0, 0], "uv": [30, 0]}
					]
				},
				{
					"name": "claw_up4",
					"parent": "fin_back_left",
					"pivot": [0, -6, 11],
					"cubes": [
						{"origin": [2.5, -2.25, 12], "size": [2, 2, 3], "pivot": [0, -6, -1], "rotation": [-12.5, 0, 0], "uv": [31, 72]},
						{"origin": [2.5, -1.25, 10], "size": [2, 1, 2], "pivot": [0, -6, -1], "rotation": [-12.5, 0, 0], "uv": [22, 28]},
						{"origin": [2.5, -0.25, 10], "size": [2, 1, 4], "pivot": [0, -6, -1], "rotation": [-12.5, 0, 0], "uv": [70, 15]}
					]
				},
				{
					"name": "claw_down4",
					"parent": "fin_back_left",
					"pivot": [0, -6, 11],
					"cubes": [
						{"origin": [2.5, -6.75, 12], "size": [2, 2, 3], "pivot": [0, -6, -1], "rotation": [-12.5, 0, 0], "uv": [65, 72]},
						{"origin": [2.5, -7.75, 10], "size": [2, 1, 4], "pivot": [0, -6, -1], "rotation": [-12.5, 0, 0], "uv": [70, 53]},
						{"origin": [2.5, -6.75, 10], "size": [2, 1, 2], "pivot": [0, -6, -1], "rotation": [-12.5, 0, 0], "uv": [8, 28]}
					]
				},
				{
					"name": "fin_back_right",
					"parent": "segment4",
					"pivot": [0, 0, 5.75],
					"cubes": [
						{"origin": [-5, -5.5, 5.75], "size": [3, 4, 6], "pivot": [-7, -6, -1], "rotation": [-12.5, 0, 0], "uv": [0, 12]}
					]
				},
				{
					"name": "claw_up3",
					"parent": "fin_back_right",
					"pivot": [0, -6, 11],
					"cubes": [
						{"origin": [-4.5, -2.25, 12], "size": [2, 2, 3], "pivot": [-7, -6, -1], "rotation": [-12.5, 0, 0], "uv": [71, 59]},
						{"origin": [-4.5, -1.25, 10], "size": [2, 1, 2], "pivot": [-7, -6, -1], "rotation": [-12.5, 0, 0], "uv": [14, 0]},
						{"origin": [-4.5, -0.25, 10], "size": [2, 1, 4], "pivot": [-7, -6, -1], "rotation": [-12.5, 0, 0], "uv": [0, 68]}
					]
				},
				{
					"name": "claw_down3",
					"parent": "fin_back_right",
					"pivot": [0, -6, 11],
					"cubes": [
						{"origin": [-4.5, -6.75, 12], "size": [2, 2, 3], "pivot": [-7, -6, -1], "rotation": [-12.5, 0, 0], "uv": [9, 72]},
						{"origin": [-4.5, -7.75, 10], "size": [2, 1, 4], "pivot": [-7, -6, -1], "rotation": [-12.5, 0, 0], "uv": [69, 10]},
						{"origin": [-4.5, -6.75, 10], "size": [2, 1, 2], "pivot": [-7, -6, -1], "rotation": [-12.5, 0, 0], "uv": [14, 3]}
					]
				},
				{
					"name": "bone4",
					"parent": "segment3",
					"pivot": [0, 0, 0],
					"cubes": [
						{"origin": [-1, -9.7, -2.15], "size": [2, 34, 4], "uv": [0, 28]},
						{"origin": [-1, 21.35, -2.5], "size": [2, 5, 5], "inflate": 0.01, "pivot": [-0.5, 24.07, -0.05], "rotation": [-45, 0, 0], "uv": [53, 33]},
						{"origin": [-1, -2.65, 21.5], "size": [2, 5, 5], "inflate": 0.01, "pivot": [-0.5, 24.07, -0.05], "rotation": [-45, 0, 0], "uv": [53, 22]}
					]
				},
				{
					"name": "bone3",
					"parent": "segment2",
					"pivot": [0, 0, 0],
					"cubes": [
						{"origin": [-1.5, -6.7, -8.15], "size": [3, 19, 4], "uv": [26, 28]}
					]
				},
				{
					"name": "bone2",
					"parent": "segment1",
					"pivot": [0, 0, 0],
					"cubes": [
						{"origin": [-1, -6.4, 9.25], "size": [2, 4, 4], "pivot": [0.5, 24.07, -0.05], "rotation": [-45, 0, 0], "uv": [62, 18]},
						{"origin": [-1, -3.45, -14.15], "size": [2, 9, 4], "inflate": 0.01, "uv": [24, 52]},
						{"origin": [-1, 0.6, 2.25], "size": [2, 4, 4], "pivot": [0.5, 24.07, -0.05], "rotation": [-45, 0, 0], "uv": [50, 58]}
					]
				},
				{
					"name": "fin_front_right",
					"parent": "segment1",
					"pivot": [0, 1, -12.25],
					"cubes": [
						{"origin": [-5, -2.5, -11.25], "size": [3, 3, 6], "pivot": [0, -4, -18], "rotation": [-12.5, 0, 0], "uv": [40, 38]}
					]
				},
				{
					"name": "claw_up",
					"parent": "fin_front_right",
					"pivot": [-4, -3, -8],
					"cubes": [
						{"origin": [-4.5, 0.75, -7], "size": [2, 2, 4], "pivot": [0, -4, -18], "rotation": [-12.5, 0, 0], "uv": [66, 66]},
						{"origin": [-4.5, -0.25, -5], "size": [2, 1, 2], "pivot": [0, -4, -18], "rotation": [-12.5, 0, 0], "uv": [42, 0]}
					]
				},
				{
					"name": "claw_down",
					"parent": "fin_front_right",
					"pivot": [-4, -3, -8],
					"cubes": [
						{"origin": [-4.5, -2.75, -5], "size": [2, 1, 2], "pivot": [0, -4, -18], "rotation": [-12.5, 0, 0], "uv": [36, 28]},
						{"origin": [-4.5, -4.75, -7], "size": [2, 2, 4], "pivot": [0, -4, -18], "rotation": [-12.5, 0, 0], "uv": [66, 47]}
					]
				},
				{
					"name": "fin_front_left",
					"parent": "segment1",
					"pivot": [0, 1, -12],
					"cubes": [
						{"origin": [2, -2.5, -11.25], "size": [3, 3, 6], "pivot": [0, -4, -18], "rotation": [-12.5, 0, 0], "uv": [43, 4]}
					]
				},
				{
					"name": "claw_up2",
					"parent": "fin_front_left",
					"pivot": [4, -3, -8],
					"cubes": [
						{"origin": [2.5, 0.75, -7], "size": [2, 2, 4], "pivot": [0, -4, -18], "rotation": [-12.5, 0, 0], "uv": [67, 26]},
						{"origin": [2.5, -0.25, -5], "size": [2, 1, 2], "pivot": [0, -4, -18], "rotation": [-12.5, 0, 0], "uv": [48, 1]}
					]
				},
				{
					"name": "claw_down2",
					"parent": "fin_front_left",
					"pivot": [4, -3, -8],
					"cubes": [
						{"origin": [2.5, -4.75, -7], "size": [2, 2, 4], "pivot": [0, -4, -18], "rotation": [-12.5, 0, 0], "uv": [67, 4]},
						{"origin": [2.5, -2.75, -5], "size": [2, 1, 2], "pivot": [0, -4, -18], "rotation": [-12.5, 0, 0], "uv": [20, 51]}
					]
				}
			]
		}
	]
}