{
	"format_version": "1.8.0",
	"animations": {
		"animation.blaziken.blink": {
			"animation_length": 0.1667,
			"bones": {
				"eyelid_right": {
					"position": {
						"0.0": [-0.1, 0, 0],
						"0.125": [-0.1, 0, 0],
						"0.1667": [0, 0, 0]
					}
				},
				"eyelid_left": {
					"position": {
						"0.0": [0.1, 0, 0],
						"0.125": [0.1, 0, 0],
						"0.1667": [0, 0, 0]
					}
				}
			}
		},
		"animation.blaziken.cry": {
			"animation_length": 1.75,
			"bones": {
				"neck": {
					"rotation": {
						"0.0": {
							"post": [0, 0, 0],
							"lerp_mode": "catmullrom"
						},
						"0.25": {
							"post": [10, 0, 0],
							"lerp_mode": "catmullrom"
						},
						"1.25": {
							"post": [10, 0, 0],
							"lerp_mode": "catmullrom"
						},
						"1.75": {
							"post": [0, 0, 0],
							"lerp_mode": "catmullrom"
						}
					}
				},
				"head": {
					"rotation": {
						"0.0": {
							"post": [0, 0, 0],
							"lerp_mode": "catmullrom"
						},
						"0.25": {
							"post": [-15, 0, 0],
							"lerp_mode": "catmullrom"
						},
						"1.25": {
							"post": [-15, 0, 0],
							"lerp_mode": "catmullrom"
						},
						"1.75": {
							"post": [0, 0, 0],
							"lerp_mode": "catmullrom"
						}
					}
				},
				"jaw": {
					"rotation": {
						"0.0": {
							"post": [0, 0, 0],
							"lerp_mode": "catmullrom"
						},
						"0.25": {
							"post": [35, 0, 0],
							"lerp_mode": "catmullrom"
						},
						"1.0833": {
							"post": [35, 0, 0],
							"lerp_mode": "catmullrom"
						},
						"1.75": {
							"post": [0, 0, 0],
							"lerp_mode": "catmullrom"
						}
					}
				}
			},
			"sound_effects": {
				"0.0833": {
					"effect": "pokemon.blaziken.cry"
				}
			}
		},
		"animation.blaziken.ground_idle": {
			"loop": true,
			"bones": {
				"body": {
					"rotation": [0, 25, 0],
					"position": [0, -1.5, 0]
				},
				"leg_right": {
					"rotation": [14.69674, 61.52781, 35.07559],
					"position": [-1, 0, 0]
				},
				"leg_right2": {
					"rotation": [19.7127, 2.68507, -12.2127]
				},
				"torso2": {
					"rotation": ["math.sin(q.anim_time*90*2-35)*1", -7.5, 0]
				},
				"torso": {
					"rotation": ["0.0088+math.sin(q.anim_time*90*2+15)*1", -14.99982, -0.08057],
					"position": [0, "0-math.sin(q.anim_time*90*2-15)*0.4", 0]
				},
				"tail1": {
					"rotation": [-10, 0, 0]
				},
				"tail2": {
					"rotation": [10, 0, 0]
				},
				"tail3": {
					"rotation": [15, 0, 0]
				},
				"arm_right": {
					"rotation": [0, 37.5, "-45+math.sin(q.anim_time*90*2-15)*2.5"]
				},
				"arm_right2": {
					"rotation": [0, -10, 0]
				},
				"arm_right3": {
					"rotation": [0, "-27.5+math.sin(q.anim_time*90*2-75)*2.5", 0]
				},
				"hand_right": {
					"rotation": [0, -15, -20]
				},
				"finger_right1": {
					"rotation": [0, 0, 7.5]
				},
				"finger_right2": {
					"rotation": [0, 0, -20]
				},
				"finger_right3": {
					"rotation": [0, 0, -15]
				},
				"finger_right4": {
					"rotation": [4.6653, -16.88547, -15.69284]
				},
				"finger_right5": {
					"rotation": [0, 0, -25]
				},
				"finger_right6": {
					"rotation": [0, 0, -22.5]
				},
				"finger_right7": {
					"rotation": [-3.61644, 19.6835, -10.62758]
				},
				"finger_right8": {
					"rotation": [0, 0, -15]
				},
				"finger_right9": {
					"rotation": [0, 0, -7.5]
				},
				"arm_left": {
					"rotation": [0, 7.5, "45-math.sin(q.anim_time*90*2-15)*2.5"]
				},
				"arm_left2": {
					"rotation": [0, 10, 0]
				},
				"arm_left3": {
					"rotation": [0, "27.5-math.sin(q.anim_time*90*2-75)*2.5", 0]
				},
				"hand_left": {
					"rotation": [0, 15, 20]
				},
				"finger_left1": {
					"rotation": [0, 0, -7.5]
				},
				"finger_left2": {
					"rotation": [0, 0, 20]
				},
				"finger_left3": {
					"rotation": [0, 0, 15]
				},
				"finger_left4": {
					"rotation": [4.6653, 16.88547, 15.69284]
				},
				"finger_left5": {
					"rotation": [0, 0, 25]
				},
				"finger_left6": {
					"rotation": [0, 0, 22.5]
				},
				"finger_left7": {
					"rotation": [-3.61644, -19.6835, 10.62758]
				},
				"finger_left8": {
					"rotation": [0, 0, 15]
				},
				"finger_left9": {
					"rotation": [0, 0, 7.5]
				},
				"leg_left": {
					"rotation": [-19.26278, -28.463, -7.85573],
					"position": [1, 0, -1]
				},
				"leg_left2": {
					"rotation": [19.87495, -2.14405, 7.18205]
				},
				"neck": {
					"rotation": ["0+math.sin(q.anim_time*90*2-75)*2", 0, 0]
				},
				"hand_fire_right1": {
					"rotation": ["0+math.sin(q.anim_time*90*4)*4", 0, 0],
					"scale": ["2+math.sin(q.anim_time*90*5*4-90)*0.02-1", "2-math.sin(q.anim_time*90*5*4-90)*0.1-1", "2-math.sin(q.anim_time*90*5*4-90)*0.03-1"]
				},
				"hand_fire_right2": {
					"rotation": ["0+math.sin(q.anim_time*90*4)*4", 0, 0],
					"scale": ["2+math.sin(q.anim_time*90*5*4-90)*0.02-1", "2-math.sin(q.anim_time*90*5*4-90)*0.1-1", "2-math.sin(q.anim_time*90*5*4-90)*0.03-1"]
				},
				"hand_fire_right3": {
					"rotation": ["0+math.sin(q.anim_time*90*4)*4", 0, 0],
					"scale": ["2+math.sin(q.anim_time*90*5*4-90)*0.02-1", "2-math.sin(q.anim_time*90*5*4-90)*0.1-1", "2-math.sin(q.anim_time*90*5*4-90)*0.03-1"]
				},
				"hand_fire_left1": {
					"rotation": ["0+math.sin(q.anim_time*90*4)*4", 0, 0],
					"scale": ["2+math.sin(q.anim_time*90*5*4-90)*0.02-1", "2-math.sin(q.anim_time*90*5*4-90)*0.1-1", "2-math.sin(q.anim_time*90*5*4-90)*0.03-1"]
				},
				"hand_fire_left2": {
					"rotation": ["0+math.sin(q.anim_time*90*4)*4", 0, 0],
					"scale": ["2+math.sin(q.anim_time*90*5*4-90)*0.02-1", "2-math.sin(q.anim_time*90*5*4-90)*0.1-1", "2-math.sin(q.anim_time*90*5*4-90)*0.03-1"]
				},
				"hand_fire_left3": {
					"rotation": ["0+math.sin(q.anim_time*90*4)*4", 0, 0],
					"scale": ["2+math.sin(q.anim_time*90*5*4-90)*0.02-1", "2-math.sin(q.anim_time*90*5*4-90)*0.1-1", "2-math.sin(q.anim_time*90*5*4-90)*0.03-1"]
				}
			}
		},
		"animation.blaziken.ground_walk": {
			"loop": true,
			"bones": {
				"body": {
					"position": [0, "-0.9+math.abs(math.sin(q.anim_time*90*3)*0.7)", 0]
				},
				"torso": {
					"rotation": ["0+math.sin(q.anim_time*90*6)*1", 0, 0],
					"position": [0, "0+math.abs(math.sin(q.anim_time*90*3-25)*1)", 0]
				},
				"head": {
					"rotation": ["0+math.sin(q.anim_time*90*6-35)*2", 0, 0]
				},
				"arm_right": {
					"rotation": [0, "10+math.sin(q.anim_time*90*3+45)*12", -55]
				},
				"arm_right3": {
					"rotation": [7.12679, "-24.0607+math.sin(q.anim_time*90*3-5)*9", -16.57179]
				},
				"hand_right": {
					"rotation": [0, -10, -15]
				},
				"hand_fire_right1": {
					"rotation": ["0+math.sin(q.anim_time*90*4)*4", 0, 0],
					"scale": ["2+math.sin(q.anim_time*90*5*4-90)*0.02-1", "2-math.sin(q.anim_time*90*5*4-90)*0.1-1", "2-math.sin(q.anim_time*90*5*4-90)*0.03-1"]
				},
				"hand_fire_right2": {
					"rotation": ["0+math.sin(q.anim_time*90*4)*4", 0, 0],
					"scale": ["2+math.sin(q.anim_time*90*5*4-90)*0.02-1", "2-math.sin(q.anim_time*90*5*4-90)*0.1-1", "2-math.sin(q.anim_time*90*5*4-90)*0.03-1"]
				},
				"hand_fire_right3": {
					"rotation": ["0+math.sin(q.anim_time*90*4)*4", 0, 0],
					"scale": ["2+math.sin(q.anim_time*90*5*4-90)*0.02-1", "2-math.sin(q.anim_time*90*5*4-90)*0.1-1", "2-math.sin(q.anim_time*90*5*4-90)*0.03-1"]
				},
				"finger_right1": {
					"rotation": [0, 0, -5]
				},
				"finger_right2": {
					"rotation": [0, 0, -15]
				},
				"finger_right4": {
					"rotation": [0, -15, -15]
				},
				"finger_right5": {
					"rotation": [0, 0, -15]
				},
				"finger_right7": {
					"rotation": [0, 15, -15]
				},
				"finger_right8": {
					"rotation": [0, 0, -15]
				},
				"arm_left": {
					"rotation": [0, "-10+math.sin(q.anim_time*90*3+45)*12", 55]
				},
				"arm_left3": {
					"rotation": [4.48369, "24.6076+math.sin(q.anim_time*90*3-5)*8", 10.94983]
				},
				"hand_left": {
					"rotation": [0, 10, 15]
				},
				"hand_fire_left1": {
					"rotation": ["0+math.sin(q.anim_time*90*4)*4", 0, 0],
					"scale": ["2+math.sin(q.anim_time*90*5*4-90)*0.02-1", "2-math.sin(q.anim_time*90*5*4-90)*0.1-1", "2-math.sin(q.anim_time*90*5*4-90)*0.03-1"]
				},
				"hand_fire_left2": {
					"rotation": ["0+math.sin(q.anim_time*90*4)*4", 0, 0],
					"scale": ["2+math.sin(q.anim_time*90*5*4-90)*0.02-1", "2-math.sin(q.anim_time*90*5*4-90)*0.1-1", "2-math.sin(q.anim_time*90*5*4-90)*0.03-1"]
				},
				"hand_fire_left3": {
					"rotation": ["0+math.sin(q.anim_time*90*4)*4", 0, 0],
					"scale": ["2+math.sin(q.anim_time*90*5*4-90)*0.02-1", "2-math.sin(q.anim_time*90*5*4-90)*0.1-1", "2-math.sin(q.anim_time*90*5*4-90)*0.03-1"]
				},
				"finger_left1": {
					"rotation": [0, 0, 5]
				},
				"finger_left2": {
					"rotation": [0, 0, 15]
				},
				"finger_left4": {
					"rotation": [0, 15, 15]
				},
				"finger_left5": {
					"rotation": [0, 0, 15]
				},
				"finger_left7": {
					"rotation": [0, -15, 15]
				},
				"finger_left8": {
					"rotation": [0, 0, 15]
				},
				"tail1": {
					"rotation": ["0+math.sin(q.anim_time*90*6-35)*1", "0+math.sin(q.anim_time*90*3-35)*1", 0]
				},
				"tail2": {
					"rotation": ["0+math.sin(q.anim_time*90*6-95)*2", "0+math.sin(q.anim_time*90*3-95)*2", 0]
				},
				"tail3": {
					"rotation": ["0+math.sin(q.anim_time*90*6-135)*2", "0+math.sin(q.anim_time*90*3-135)*2", 0]
				},
				"leg_right": {
					"rotation": ["math.sin(q.anim_time*90*3-90)*15", 0, 0],
					"position": [-0.5, "math.clamp(-math.sin(q.anim_time*90*3+90*0)*1,0,180)", 0]
				},
				"leg_right2": {
					"rotation": ["15+math.sin(q.anim_time*90*3-180)*15", 0, 0]
				},
				"leg_left": {
					"rotation": ["-math.sin(q.anim_time*90*3-90)*15", 0, 0],
					"position": [0.5, "math.clamp(math.sin(q.anim_time*90*3+90*0)*1,0,180)", 0]
				},
				"leg_left2": {
					"rotation": ["15-math.sin(q.anim_time*90*3-180)*15", 0, 0]
				}
			}
		}
	}
}