{
	"format_version": "1.12.0",
	"minecraft:geometry": [
		{
			"description": {
				"identifier": "geometry.unknown",
				"texture_width": 64,
				"texture_height": 64,
				"visible_bounds_width": 4,
				"visible_bounds_height": 2.5,
				"visible_bounds_offset": [0, 0.75, 0]
			},
			"bones": [
				{
					"name": "nagasius",
					"pivot": [0, 0, 0]
				},
				{
					"name": "body",
					"parent": "nagasius",
					"pivot": [0, -0.25, -1.25]
				},
				{
					"name": "upperbody",
					"parent": "body",
					"pivot": [0, 2, -1.25],
					"cubes": [
						{"origin": [-3, 2, -3.75], "size": [6, 5, 5], "inflate": -0.01, "uv": [22, 41]}
					]
				},
				{
					"name": "neck",
					"parent": "upperbody",
					"pivot": [0, 7, -1.25],
					"cubes": [
						{"origin": [-3, 7, -3.75], "size": [6, 5, 5], "uv": [42, 27]}
					]
				},
				{
					"name": "head",
					"parent": "neck",
					"pivot": [0, 12, -1.25],
					"cubes": [
						{"origin": [-3, 12, -5], "size": [6, 6, 6], "uv": [32, 0]},
						{"origin": [-3, 11.75, -5.5], "size": [6, 2, 2], "inflate": 0.01, "pivot": [0, 13, -4.5], "rotation": [17.5, 0, 0], "uv": [44, 45]}
					]
				},
				{
					"name": "upperjaw",
					"parent": "head",
					"pivot": [0, 14.5, -0.5],
					"rotation": [-25, 0, 0],
					"cubes": [
						{"origin": [-3.45462, 13.59792, -10.44757], "size": [1, 3, 12], "pivot": [-3.20462, 15.09792, -4.44757], "rotation": [0, -7.5, 10], "uv": [14, 15]},
						{"origin": [2.95462, 13.34792, -10.94757], "size": [1, 1, 12], "pivot": [3.20462, 15.09792, -4.44757], "rotation": [0, 7.5, -10], "uv": [0, 27]},
						{"origin": [-2.5, 13.5, -10.75], "size": [5, 3, 1], "pivot": [0, 14.75, -10], "rotation": [-5, 0, 0], "uv": [0, 35]},
						{"origin": [-3, 13.25, -11.25], "size": [6, 1, 1], "pivot": [0, 14.75, -10], "rotation": [-5, 0, 0], "uv": [20, 13]},
						{"origin": [-2.5, 16.51323, -9.80295], "size": [5, 6, 1], "inflate": -0.01, "pivot": [0, 17.01323, -10.05295], "rotation": [-80, 0, 0], "uv": [0, 12]},
						{"origin": [-3.95462, 13.34792, -10.94757], "size": [1, 1, 12], "pivot": [-3.20462, 15.09792, -4.44757], "rotation": [0, -7.5, 10], "uv": [0, 27], "mirror": true},
						{"origin": [3.75, 14, -2.5], "size": [1, 4, 4], "pivot": [4.5, 16, -0.5], "rotation": [0, 5, -10], "uv": [0, 27]},
						{"origin": [-4.75, 14, -2.5], "size": [1, 4, 4], "pivot": [-4.5, 16, -0.5], "rotation": [0, -5, 10], "uv": [0, 27], "mirror": true},
						{"origin": [-3.5, 15.75, -6.25], "size": [7, 4, 8], "pivot": [0, 17.75, -2], "rotation": [2.5, 0, 0], "uv": [0, 0]},
						{"origin": [2.45462, 13.59792, -10.44757], "size": [1, 3, 12], "pivot": [3.20462, 15.09792, -4.44757], "rotation": [0, 7.5, -10], "uv": [14, 15], "mirror": true},
						{"origin": [-3, 12, -9.75], "size": [2, 3, 0], "pivot": [-1.5, 13.25, -9.5], "rotation": [-1.77489, 29.4987, 11.50839], "uv": [49, 61]},
						{"origin": [1, 12, -9.75], "size": [2, 3, 0], "pivot": [1.5, 13.25, -9.5], "rotation": [-1.77489, -29.4987, -11.50839], "uv": [49, 61], "mirror": true}
					]
				},
				{
					"name": "lowerjaw",
					"parent": "head",
					"pivot": [0, 13.5, -1.5],
					"rotation": [22.5, 0, 0],
					"cubes": [
						{"origin": [2.15, 10.88084, -9.16494], "size": [1, 3, 9], "pivot": [3.82877, 10.63084, -2.91494], "rotation": [2.57816, 7.04533, 10.15874], "uv": [30, 15], "mirror": true},
						{"origin": [-3.15, 10.88084, -9.16494], "size": [1, 3, 9], "pivot": [-3.82877, 10.63084, -2.91494], "rotation": [2.57816, -7.04533, -10.15874], "uv": [30, 15]},
						{"origin": [-2.5, 11.03225, -9.48873], "size": [5, 3, 1], "pivot": [0, 12.78225, -8.98873], "rotation": [12.5, 0, 0], "uv": [28, 30]},
						{"origin": [-2.5, -21, -29.5], "size": [5, 5, 1], "pivot": [0, -15, -2.75], "rotation": [-90, 0, 0], "uv": [16, 58]},
						{"origin": [-2.72484, 13.87344, -7.04328], "size": [2, 3, 0], "pivot": [-1.72484, 14.87344, -7.79328], "rotation": [-159.30832, 61.17928, 5.43036], "uv": [45, 61]},
						{"origin": [0.72484, 13.87344, -7.04328], "size": [2, 3, 0], "pivot": [1.72484, 14.87344, -7.79328], "rotation": [-159.30832, -61.17928, -5.43036], "uv": [45, 61], "mirror": true}
					]
				},
				{
					"name": "tongue01",
					"parent": "head",
					"pivot": [0, 12.5, -5],
					"cubes": [
						{"origin": [-2.5, 12, -8], "size": [5, 1, 3], "uv": [39, 41]}
					]
				},
				{
					"name": "tongue02",
					"parent": "tongue01",
					"pivot": [0, 12.5, -7.75],
					"cubes": [
						{"origin": [-2, 12, -11], "size": [4, 1, 3], "uv": [41, 49]}
					]
				},
				{
					"name": "tongue03",
					"parent": "tongue02",
					"pivot": [0, 12.5, -10.75],
					"cubes": [
						{"origin": [-1.5, 12, -14], "size": [3, 1, 3], "uv": [0, 19]}
					]
				},
				{
					"name": "tongue04",
					"parent": "tongue03",
					"pivot": [0, 12.5, -13.75],
					"cubes": [
						{"origin": [-1, 12, -17], "size": [2, 1, 3], "uv": [28, 19]}
					]
				},
				{
					"name": "tongue05",
					"parent": "tongue04",
					"pivot": [0, 12.5, -16.75],
					"cubes": [
						{"origin": [-1.5, 12.5, -20], "size": [3, 0, 3], "uv": [19, 0]}
					]
				},
				{
					"name": "tl_snake01",
					"parent": "head",
					"pivot": [1.25, 15.25, 1],
					"cubes": [
						{"origin": [0.75, 14.75, 0.5], "size": [1, 1, 3], "uv": [51, 54]}
					]
				},
				{
					"name": "tl_snake02",
					"parent": "tl_snake01",
					"pivot": [1.25, 15.25, 3.5],
					"cubes": [
						{"origin": [0.75, 14.75, 3.5], "size": [1, 1, 3], "uv": [0, 55]}
					]
				},
				{
					"name": "tl_snake03",
					"parent": "tl_snake02",
					"pivot": [1.25, 15.25, 6.5],
					"cubes": [
						{"origin": [0.75, 14.75, 6.5], "size": [1, 1, 3], "uv": [38, 53]}
					]
				},
				{
					"name": "tl_snake04",
					"parent": "tl_snake03",
					"pivot": [1.25, 15.25, 9],
					"cubes": [
						{"origin": [0.25, 15, 8.75], "size": [2, 1, 3], "uv": [10, 51]}
					]
				},
				{
					"name": "tl_snakejaw",
					"parent": "tl_snake04",
					"pivot": [1.5, 15.25, 9.25],
					"cubes": [
						{"origin": [0.75, 14.5, 9.25], "size": [1, 1, 2], "inflate": 0.01, "uv": [7, 51]}
					]
				},
				{
					"name": "tr_snake01",
					"parent": "head",
					"pivot": [-1.25, 15.25, 1],
					"cubes": [
						{"origin": [-1.75, 14.75, 0.5], "size": [1, 1, 3], "uv": [51, 54], "mirror": true}
					]
				},
				{
					"name": "tr_snake02",
					"parent": "tr_snake01",
					"pivot": [-1.25, 15.25, 3.5],
					"cubes": [
						{"origin": [-1.75, 14.75, 3.5], "size": [1, 1, 3], "uv": [0, 55], "mirror": true}
					]
				},
				{
					"name": "tr_snake03",
					"parent": "tr_snake02",
					"pivot": [-1.25, 15.25, 6.5],
					"cubes": [
						{"origin": [-1.75, 14.75, 6.5], "size": [1, 1, 3], "uv": [38, 53], "mirror": true}
					]
				},
				{
					"name": "tr_snake04",
					"parent": "tr_snake03",
					"pivot": [-1.25, 15.25, 9],
					"cubes": [
						{"origin": [-2.25, 15, 8.75], "size": [2, 1, 3], "uv": [10, 51], "mirror": true}
					]
				},
				{
					"name": "tr_snakejaw",
					"parent": "tr_snake04",
					"pivot": [-1.25, 15.25, 9.25],
					"cubes": [
						{"origin": [-1.75, 14.5, 9.25], "size": [1, 1, 2], "inflate": 0.01, "uv": [7, 51], "mirror": true}
					]
				},
				{
					"name": "bl_snake01",
					"parent": "head",
					"pivot": [2, 13.25, 1],
					"cubes": [
						{"origin": [1.25, 12.75, 0.5], "size": [1, 1, 3], "uv": [33, 52]}
					]
				},
				{
					"name": "bl_snake02",
					"parent": "bl_snake01",
					"pivot": [1.75, 13.25, 3.5],
					"cubes": [
						{"origin": [1.25, 12.75, 3.5], "size": [1, 1, 3], "uv": [52, 23]}
					]
				},
				{
					"name": "bl_snake03",
					"parent": "bl_snake02",
					"pivot": [1.75, 13.25, 6.5],
					"cubes": [
						{"origin": [1.25, 12.75, 6.5], "size": [1, 1, 3], "uv": [52, 38]}
					]
				},
				{
					"name": "bl_snake04",
					"parent": "bl_snake03",
					"pivot": [1.75, 13.25, 9],
					"cubes": [
						{"origin": [0.75, 13, 8.75], "size": [2, 1, 3], "uv": [17, 40]}
					]
				},
				{
					"name": "bl_snakejaw",
					"parent": "bl_snake04",
					"pivot": [1.75, 13.25, 9.25],
					"cubes": [
						{"origin": [1.25, 12.5, 9.25], "size": [1, 1, 2], "inflate": 0.01, "uv": [32, 0]}
					]
				},
				{
					"name": "br_snake01",
					"parent": "head",
					"pivot": [-1.75, 13.25, 1],
					"cubes": [
						{"origin": [-2.25, 12.75, 0.5], "size": [1, 1, 3], "uv": [33, 52], "mirror": true}
					]
				},
				{
					"name": "br_snake02",
					"parent": "br_snake01",
					"pivot": [-1.75, 13.25, 3.5],
					"cubes": [
						{"origin": [-2.25, 12.75, 3.5], "size": [1, 1, 3], "uv": [52, 23], "mirror": true}
					]
				},
				{
					"name": "br_snake03",
					"parent": "br_snake02",
					"pivot": [-1.75, 13.25, 6.5],
					"cubes": [
						{"origin": [-2.25, 12.75, 6.5], "size": [1, 1, 3], "uv": [52, 38], "mirror": true}
					]
				},
				{
					"name": "br_snake04",
					"parent": "br_snake03",
					"pivot": [-1.75, 13.25, 9],
					"cubes": [
						{"origin": [-2.75, 13, 8.75], "size": [2, 1, 3], "uv": [17, 40], "mirror": true}
					]
				},
				{
					"name": "br_snakejaw",
					"parent": "br_snake04",
					"pivot": [-1.75, 13.25, 9.25],
					"cubes": [
						{"origin": [-2.25, 12.5, 9.25], "size": [1, 1, 2], "inflate": 0.01, "uv": [32, 0], "mirror": true}
					]
				},
				{
					"name": "eyes_open",
					"parent": "head",
					"pivot": [0, 14.25, -5],
					"cubes": [
						{"origin": [-2.75, 13.5, -5.01], "size": [2, 2, 0], "uv": [58, 62]},
						{"origin": [0.75, 13.5, -5.01], "size": [2, 2, 0], "uv": [54, 62], "mirror": true}
					]
				},
				{
					"name": "eyes_closed",
					"parent": "head",
					"pivot": [0, 14.25, -4],
					"cubes": [
						{"origin": [-2.75, 13.5, -4.01], "size": [2, 2, 0], "uv": [53, 60]},
						{"origin": [0.75, 13.5, -4.01], "size": [2, 2, 0], "uv": [58, 60], "mirror": true}
					]
				},
				{
					"name": "mouth_shut",
					"parent": "head",
					"pivot": [0, 12.75, -4.75],
					"cubes": [
						{"origin": [-2, 11.75, -4.5], "size": [4, 1, 0], "pivot": [0, 12.75, -4.75], "rotation": [17.5, 0, 0], "uv": [35, 62]},
						{"origin": [-2, 11.5, -4.5], "size": [4, 1, 0], "pivot": [0, 12.75, -4.75], "rotation": [17.5, 0, 0], "uv": [35, 63]}
					]
				},
				{
					"name": "lowerbody",
					"parent": "body",
					"pivot": [0, 2.5, -1.25],
					"rotation": [90, 0, 0],
					"cubes": [
						{"origin": [-3, -1.75, -3.75], "size": [6, 5, 5], "inflate": -0.02, "uv": [41, 12]}
					]
				},
				{
					"name": "body04",
					"parent": "lowerbody",
					"pivot": [0, -0.5, -1.25],
					"cubes": [
						{"origin": [-3, -6.25, -3.75], "size": [6, 5, 5], "inflate": -0.03, "uv": [0, 40]},
						{"origin": [-2.5, -8, -3.25], "size": [5, 2, 4], "uv": [14, 30]}
					]
				},
				{
					"name": "tail01",
					"parent": "body04",
					"pivot": [0, -7.5, -1],
					"cubes": [
						{"origin": [-1.5, -12, -2], "size": [3, 4, 2], "inflate": 0.01, "uv": [54, 44]}
					]
				},
				{
					"name": "tail02",
					"parent": "tail01",
					"pivot": [0, -11.5, -1],
					"cubes": [
						{"origin": [-1, -15, -2], "size": [2, 3, 2], "uv": [0, 0]}
					]
				},
				{
					"name": "tail03",
					"parent": "tail02",
					"pivot": [0, -14.5, -1],
					"cubes": [
						{"origin": [-0.5, -17, -1.5], "size": [1, 2, 1], "uv": [14, 12]}
					]
				}
			]
		}
	]
}