{
	"format_version": "1.12.0",
	"minecraft:geometry": [
		{
			"description": {
				"identifier": "geometry.smogmatism",
				"texture_width": 32,
				"texture_height": 32,
				"visible_bounds_width": 2,
				"visible_bounds_height": 2.5,
				"visible_bounds_offset": [0, 0.75, 0]
			},
			"bones": [
				{
					"name": "smogmatism",
					"pivot": [0, 0, 0]
				},
				{
					"name": "body",
					"parent": "smogmatism",
					"pivot": [0, 7.5, 2]
				},
				{
					"name": "head",
					"parent": "body",
					"pivot": [0, 7.5, 2],
					"cubes": [
						{"origin": [-2.5, 5, -3], "size": [5, 5, 5], "uv": [0, 0]}
					]
				},
				{
					"name": "smog1",
					"parent": "head",
					"pivot": [0, 7.5, 2],
					"cubes": [
						{"origin": [-1, 6.5, 2], "size": [2, 2, 2], "uv": [20, 5]}
					]
				},
				{
					"name": "smog2",
					"parent": "smog1",
					"pivot": [-0.16667, 7.5, 3.08333],
					"cubes": [
						{"origin": [-2, 6.25, 3], "size": [4, 4, 3], "uv": [16, 10]},
						{"origin": [0, 7.25, 4], "size": [4, 6, 4], "uv": [0, 10]}
					]
				},
				{
					"name": "smog3",
					"parent": "smog2",
					"pivot": [0.5, 13.25, 5],
					"cubes": [
						{"origin": [-1, 12.25, 3], "size": [3, 4, 3], "uv": [0, 20]},
						{"origin": [-4, 7.25, 4], "size": [3, 4, 3], "uv": [16, 17]}
					]
				},
				{
					"name": "eye",
					"parent": "head",
					"pivot": [0, 7.5, -3.1],
					"cubes": [
						{"origin": [-2.5, 5, -3.1], "size": [5, 5, 0], "uv": [20, 0]}
					]
				}
			]
		}
	]
}