{
	"format_version": "1.12.0",
	"minecraft:geometry": [
		{
			"description": {
				"identifier": "geometry.griffern",
				"texture_width": 128,
				"texture_height": 128,
				"visible_bounds_width": 4,
				"visible_bounds_height": 3.5,
				"visible_bounds_offset": [0, 1.25, 0]
			},
			"bones": [
				{
					"name": "griffern",
					"pivot": [0, 0, 0]
				},
				{
					"name": "body",
					"parent": "griffern",
					"pivot": [0, 9, 0]
				},
				{
					"name": "hind_leg_left",
					"parent": "body",
					"pivot": [-3.25, 10.25, 5],
					"cubes": [
						{"origin": [-4.25, 6.25, 3], "size": [3, 6, 4], "inflate": 0.01, "pivot": [-3.25, 8.25, 5], "rotation": [7.5, 0, 0], "uv": [40, 0]}
					]
				},
				{
					"name": "lower_hind_leg_left",
					"parent": "hind_leg_left",
					"pivot": [-3.25, 6.5, 6.75],
					"cubes": [
						{"origin": [-4.25, 0.75, 4.75], "size": [3, 6, 3], "pivot": [-3.25, 4.75, 6.75], "rotation": [-12.5, 0, 0], "uv": [50, 53]}
					]
				},
				{
					"name": "foot_left",
					"parent": "lower_hind_leg_left",
					"pivot": [-3.25, 0, 6],
					"cubes": [
						{"origin": [-4.25, 0, 3.5], "size": [3, 2, 3], "inflate": 0.01, "uv": [38, 56]}
					]
				},
				{
					"name": "front_leg_left",
					"parent": "body",
					"pivot": [-3.25, 10, -2.5],
					"cubes": [
						{"origin": [-4.5, 6.25, -4.5], "size": [3, 6, 4], "uv": [0, 35]}
					]
				},
				{
					"name": "lower_front_leg_left",
					"parent": "front_leg_left",
					"pivot": [-2.65, 7, -2.55],
					"cubes": [
						{"origin": [-4.15, 1.25, -3.55], "size": [2, 6, 2], "uv": [58, 36]}
					]
				},
				{
					"name": "claw_left",
					"parent": "lower_front_leg_left",
					"pivot": [-2.7, 1.25, -2.2],
					"cubes": [
						{"origin": [-4.7, 0, -4.25], "size": [3, 2, 3], "inflate": 0.01, "uv": [56, 7]},
						{"origin": [-3.7, 0, -6.2], "size": [1, 1, 3], "uv": [52, 62]},
						{"origin": [-3.7, 0, -1.2], "size": [1, 1, 2], "uv": [0, 67]},
						{"origin": [-4.7, 0, -6.3], "size": [1, 1, 3], "pivot": [-3.7, 0, -4.3], "rotation": [0, 27.5, 0], "uv": [62, 52]},
						{"origin": [-2.7, 0, -5.7], "size": [1, 1, 3], "pivot": [-1.7, 0, -3.7], "rotation": [0, -27.5, 0], "uv": [62, 56]}
					]
				},
				{
					"name": "front_leg_right",
					"parent": "body",
					"pivot": [3.05, 10, -2.25],
					"cubes": [
						{"origin": [1.5, 6.25, -4.5], "size": [3, 6, 4], "uv": [14, 35]}
					]
				},
				{
					"name": "lower_front_leg_right",
					"parent": "front_leg_right",
					"pivot": [2.65, 7.25, -2.55],
					"cubes": [
						{"origin": [2.15, 1.25, -3.55], "size": [2, 6, 2], "uv": [58, 44]}
					]
				},
				{
					"name": "claw_right",
					"parent": "lower_front_leg_right",
					"pivot": [2.7, 1.25, -2.25],
					"cubes": [
						{"origin": [1.7, 0, -4.25], "size": [3, 2, 3], "inflate": 0.01, "uv": [56, 12]},
						{"origin": [2.7, 0, -6.2], "size": [1, 1, 3], "uv": [60, 62]},
						{"origin": [2.7, 0, -1.2], "size": [1, 1, 2], "uv": [64, 66]},
						{"origin": [1.7, 0, -5.9], "size": [1, 1, 3], "pivot": [1.7, 0, -3.9], "rotation": [0, 27.5, 0], "uv": [32, 63]},
						{"origin": [3.7, 0, -6.3], "size": [1, 1, 3], "pivot": [3.7, 0, -4.3], "rotation": [0, -27.5, 0], "uv": [64, 26]}
					]
				},
				{
					"name": "hind_leg_right",
					"parent": "body",
					"pivot": [3.25, 10.25, 5],
					"cubes": [
						{"origin": [1.25, 6.25, 3], "size": [3, 6, 4], "inflate": 0.01, "pivot": [3.25, 8.25, 5], "rotation": [7.5, 0, 0], "uv": [28, 37]}
					]
				},
				{
					"name": "lower_hind_leg_right",
					"parent": "hind_leg_right",
					"pivot": [3.25, 6.5, 6.75],
					"cubes": [
						{"origin": [1.25, 0.75, 4.75], "size": [3, 6, 3], "pivot": [3.25, 4.75, 6.75], "rotation": [-12.5, 0, 0], "uv": [0, 53]}
					]
				},
				{
					"name": "foot_right",
					"parent": "lower_hind_leg_right",
					"pivot": [3.25, 2, 6],
					"cubes": [
						{"origin": [1.25, 0, 3.5], "size": [3, 2, 3], "inflate": 0.01, "uv": [26, 56]}
					]
				},
				{
					"name": "torso",
					"parent": "body",
					"pivot": [0, 14, -3],
					"cubes": [
						{"origin": [-1.5, 8.45, -5.5], "size": [3, 1, 0], "inflate": 0.01, "uv": [40, 18]},
						{"origin": [-3.5, 6.75, -5.5], "size": [7, 6, 13], "uv": [0, 0]},
						{"origin": [0, 5.25, -4.5], "size": [0, 2, 3], "pivot": [0, 6.25, -2.5], "rotation": [-20, 0, 0], "uv": [66, 46]}
					]
				},
				{
					"name": "neck",
					"parent": "torso",
					"pivot": [0, 13.75, -3],
					"cubes": [
						{"origin": [-2, 12.75, -5], "size": [4, 3, 4], "uv": [16, 47]}
					]
				},
				{
					"name": "head",
					"parent": "neck",
					"pivot": [0, 14, -3],
					"cubes": [
						{"origin": [-4, 14, -7], "size": [8, 8, 8], "uv": [0, 19]},
						{"origin": [-5, 18.3, -7.1], "size": [5, 1, 1], "pivot": [-2.5, 18.8, -7.1], "rotation": [0, 0, 10], "uv": [16, 45]},
						{"origin": [0, 17, -2], "size": [0, 6, 7], "pivot": [-1, 20, 0], "rotation": [7.5, 0, 0], "uv": [32, 19]},
						{"origin": [-0.5, 17, -7.76], "size": [1, 4, 1], "pivot": [-0.5, 17, -7.75], "rotation": [-7.5, 0, 0], "uv": [54, 66]},
						{"origin": [0, 18.3, -7.1], "size": [5, 1, 1], "pivot": [2.5, 18.8, -7.1], "rotation": [0, 0, -10], "uv": [32, 61]}
					]
				},
				{
					"name": "upper_beak",
					"parent": "head",
					"pivot": [0.5, 15, -8],
					"rotation": [7.5, 0, 0],
					"cubes": [
						{"origin": [-1.5, 15, -10], "size": [3, 2, 4], "inflate": 0.01, "uv": [12, 54]},
						{"origin": [-0.5, 14.5, -10], "size": [1, 1, 0], "uv": [30, 35]}
					]
				},
				{
					"name": "lower_beak",
					"parent": "upper_beak",
					"pivot": [0, 14.7, -7],
					"cubes": [
						{"origin": [-1, 14.13901, -9.43046], "size": [2, 1, 3], "pivot": [0, 14.7, -7], "rotation": [-5, 0, 0], "uv": [22, 61]}
					]
				},
				{
					"name": "head_feather_right",
					"parent": "head",
					"pivot": [3.5, 15.75, -2.85],
					"cubes": [
						{"origin": [3.20711, 14, -2.89289], "size": [5, 5, 0], "pivot": [3.5, 15.5, -2.6], "rotation": [7.43656, -44.5119, -10.54684], "uv": [32, 47]}
					]
				},
				{
					"name": "head_feather_left",
					"parent": "head",
					"pivot": [-3.5, 15.75, -2.85],
					"cubes": [
						{"origin": [-7, 14.3, -1.1], "size": [5, 5, 0], "pivot": [-5, 14.3, -0.1], "rotation": [7.43656, 44.5119, 10.54684], "uv": [12, 60]}
					]
				},
				{
					"name": "feather_top",
					"parent": "head",
					"pivot": [0, 22, -7],
					"rotation": [-12.5, 0, 0],
					"cubes": [
						{"origin": [-1.5, 22.45, -6.9], "size": [3, 4, 0], "pivot": [-0.5, 22.5, -7.9], "rotation": [-27, 0, 0], "uv": [48, 66]},
						{"origin": [-1.5, 25.54337, -5.24955], "size": [3, 2, 0], "pivot": [0, 25.5, -5.2], "rotation": [-44.5, 0, 0], "uv": [46, 30]}
					]
				},
				{
					"name": "eye_left",
					"parent": "head",
					"pivot": [-3, 16.5, -6],
					"cubes": [
						{"origin": [-4, 16.5, -7], "size": [2, 2, 2], "inflate": 0.01, "uv": [62, 22]}
					]
				},
				{
					"name": "iris_left",
					"parent": "eye_left",
					"pivot": [-3.5, 17, -6],
					"cubes": [
						{"origin": [-3.5, 17, -7], "size": [1, 2, 0], "inflate": 0.02, "uv": [28, 35]}
					]
				},
				{
					"name": "eye_right",
					"parent": "head",
					"pivot": [3, 16.5, -6],
					"cubes": [
						{"origin": [2, 16.5, -7], "size": [2, 2, 2], "inflate": 0.01, "uv": [44, 62]}
					]
				},
				{
					"name": "iris_right",
					"parent": "eye_right",
					"pivot": [2.5, 17, -6],
					"cubes": [
						{"origin": [2.5, 17, -7], "size": [1, 2, 1], "inflate": 0.02, "uv": [8, 62]}
					]
				},
				{
					"name": "wing_right",
					"parent": "torso",
					"pivot": [2.4, 13.25, 0.5],
					"cubes": [
						{"origin": [2.5, 12.75, -1.5], "size": [6, 1, 3], "inflate": 0.01, "uv": [46, 26]}
					]
				},
				{
					"name": "lower_wing_right",
					"parent": "wing_right",
					"pivot": [6.4, 13.25, 1.5],
					"cubes": [
						{"origin": [2.4, 13.25, 1.5], "size": [6, 0, 3], "inflate": 0.01, "uv": [32, 53]}
					]
				},
				{
					"name": "wing_end_right",
					"parent": "lower_wing_right",
					"pivot": [8.4, 13.25, 1],
					"cubes": [
						{"origin": [8.4, 13.25, -1.5], "size": [6, 0, 5], "inflate": 0.01, "uv": [32, 32]}
					]
				},
				{
					"name": "tail",
					"parent": "torso",
					"pivot": [0, 11.75, 6.5],
					"cubes": [
						{"origin": [-0.5, 11.25, 6.5], "size": [1, 1, 3], "inflate": 0.01, "uv": [8, 65]}
					]
				},
				{
					"name": "tail2",
					"parent": "tail",
					"pivot": [0, 11.25, 9.5],
					"cubes": [
						{"origin": [-0.5, 11.25, 9.5], "size": [1, 1, 3], "inflate": 0.01, "uv": [16, 65]}
					]
				},
				{
					"name": "tail3",
					"parent": "tail2",
					"pivot": [0, 11.25, 12.5],
					"cubes": [
						{"origin": [-0.5, 11.25, 12.5], "size": [1, 1, 5], "uv": [54, 30]}
					]
				},
				{
					"name": "tail_end",
					"parent": "tail3",
					"pivot": [0, 11.25, 17.5],
					"cubes": [
						{"origin": [-0.5, 11.25, 17.5], "size": [1, 1, 2], "inflate": 0.01, "uv": [58, 66]},
						{"origin": [-1, 10.75, 19], "size": [2, 2, 5], "uv": [54, 0]},
						{"origin": [0.2, 11.75, 18.9], "size": [1, 3, 0], "pivot": [0.7, 13.25, 18.9], "rotation": [0, 0, 32.5], "uv": [54, 7]}
					]
				},
				{
					"name": "wing_left",
					"parent": "torso",
					"pivot": [-2.4, 13.25, 0.5],
					"cubes": [
						{"origin": [-8.5, 12.75, -1.5], "size": [6, 1, 3], "inflate": 0.01, "uv": [46, 26], "mirror": true}
					]
				},
				{
					"name": "lower_wing_left",
					"parent": "wing_left",
					"pivot": [-6.4, 13.25, 1.5],
					"cubes": [
						{"origin": [-8.4, 13.25, 1.5], "size": [6, 0, 3], "inflate": 0.01, "uv": [32, 53], "mirror": true}
					]
				},
				{
					"name": "wing_end_left",
					"parent": "lower_wing_left",
					"pivot": [-8.4, 13.25, 1],
					"cubes": [
						{"origin": [-14.4, 13.25, -1.5], "size": [6, 0, 5], "inflate": 0.01, "uv": [32, 32], "mirror": true}
					]
				},
				{
					"name": "bud",
					"parent": "torso",
					"pivot": [-1, 12.5, -1.35],
					"rotation": [0, 161, 0],
					"cubes": [
						{"origin": [-2.5, 11, -6.4], "size": [3, 3, 5], "uv": [40, 10]},
						{"origin": [-2, 11.5, -8.4], "size": [2, 2, 2], "uv": [24, 65]}
					]
				},
				{
					"name": "bud2",
					"parent": "torso",
					"pivot": [1.05, 12.5, -4.35],
					"rotation": [29.68346, -43.3734, -2.71696],
					"cubes": [
						{"origin": [-0.45, 11, -9.4], "size": [3, 3, 5], "uv": [40, 10]},
						{"origin": [0.05, 11.5, -11.4], "size": [2, 2, 2], "uv": [66, 30]}
					]
				},
				{
					"name": "bud3",
					"parent": "torso",
					"pivot": [-0.9, 12.5, -4.35],
					"rotation": [32.1575, 27.70439, 3.57459],
					"cubes": [
						{"origin": [-2.4, 11, -9.4], "size": [3, 3, 5], "uv": [42, 37]},
						{"origin": [-1.9, 11.5, -11.4], "size": [2, 2, 2], "uv": [66, 34]}
					]
				},
				{
					"name": "bud4",
					"parent": "torso",
					"pivot": [1.45, 12.5, -3.35],
					"rotation": [154.14751, -87.34334, -138.17746],
					"cubes": [
						{"origin": [-0.05, 11, -8.4], "size": [3, 3, 5], "uv": [0, 45]},
						{"origin": [0.45, 11.5, -10.4], "size": [2, 2, 2], "uv": [66, 38]}
					]
				},
				{
					"name": "bud5",
					"parent": "torso",
					"pivot": [-1.15, 12.5, -3.35],
					"rotation": [-162.5, 87.5, -180],
					"cubes": [
						{"origin": [-2.65, 11, -8.4], "size": [3, 3, 5], "uv": [42, 45]},
						{"origin": [-2.15, 11.5, -10.4], "size": [2, 2, 2], "uv": [40, 66]}
					]
				},
				{
					"name": "bud6",
					"parent": "torso",
					"pivot": [0.3, 12.5, -1.45],
					"rotation": [0, -154.5, 0],
					"cubes": [
						{"origin": [-1.2, 11, -6.5], "size": [3, 3, 5], "uv": [46, 18]},
						{"origin": [-0.7, 11.5, -8.5], "size": [2, 2, 2], "uv": [66, 42]}
					]
				}
			]
		}
	]
}