{
	"format_version": "1.12.0",
	"minecraft:geometry": [
		{
			"description": {
				"identifier": "geometry.electivireraijin",
				"texture_width": 128,
				"texture_height": 128,
				"visible_bounds_width": 9,
				"visible_bounds_height": 5.5,
				"visible_bounds_offset": [0, 2.25, 0]
			},
			"bones": [
				{
					"name": "electivire",
					"pivot": [0, 0, 0]
				},
				{
					"name": "body",
					"parent": "electivire",
					"pivot": [0, 15, 0]
				},
				{
					"name": "torso",
					"parent": "body",
					"pivot": [0, 11.55, 0.25],
					"cubes": [
						{"origin": [-5, 11.55, -4.5], "size": [10, 7, 9], "uv": [26, 99]},
						{"origin": [-7, 18.5, -6.5], "size": [14, 10, 13], "inflate": 0.01, "uv": [4, 2]},
						{"origin": [-6, 28.5, -4], "size": [12, 3, 8], "inflate": 0.01, "uv": [58, 23]},
						{"origin": [-2.5, 21.9, 6.51], "size": [1, 3, 0], "inflate": 0.01, "uv": [71, 12]},
						{"origin": [1.5, 21.9, 6.51], "size": [1, 3, 0], "inflate": 0.01, "uv": [69, 12], "mirror": true}
					]
				},
				{
					"name": "shoulders_fur",
					"parent": "torso",
					"pivot": [0, 27.5, 0.25]
				},
				{
					"name": "shoulder_fur_left",
					"parent": "shoulders_fur",
					"pivot": [8.3367, 27.9533, -1],
					"rotation": [0, 0, -55],
					"cubes": [
						{"origin": [8.33667, 22.95327, -7.5], "size": [0, 5, 13], "uv": [0, 64]},
						{"origin": [4.33667, 21.95327, 5.5], "size": [5, 5, 0], "uv": [0, 91]}
					]
				},
				{
					"name": "shoulder_fur_left2",
					"parent": "shoulders_fur",
					"pivot": [6.02273, 27.92303, -6.41747],
					"rotation": [-30, 0, -2],
					"cubes": [
						{"origin": [2.52273, 22.92303, -6.41747], "size": [7, 5, 0], "uv": [0, 101]}
					]
				},
				{
					"name": "shoulder_fur_right",
					"parent": "shoulders_fur",
					"pivot": [-7.7, 28.4, -0.25],
					"rotation": [0, 0, 55],
					"cubes": [
						{"origin": [-7.60948, 23.44982, -7.5], "size": [0, 5, 13], "uv": [0, 69], "mirror": true},
						{"origin": [-8.60948, 22.44982, 5.5], "size": [5, 5, 0], "uv": [0, 96], "mirror": true}
					]
				},
				{
					"name": "shoulder_fur_right2",
					"parent": "shoulders_fur",
					"pivot": [-5.95994, 27.72097, -6.53349],
					"rotation": [-30, 0, 2],
					"cubes": [
						{"origin": [-9.45994, 22.72097, -6.53349], "size": [7, 5, 0], "uv": [0, 106], "mirror": true}
					]
				},
				{
					"name": "arms",
					"parent": "torso",
					"pivot": [0, 26.5, 0.25]
				},
				{
					"name": "arm_left",
					"parent": "arms",
					"pivot": [7.5, 28.5, 1],
					"rotation": [0, 0, 35],
					"cubes": [
						{"origin": [7.5, 24.5, -1], "size": [9, 4, 4], "uv": [0, 43]}
					]
				},
				{
					"name": "arm_left2",
					"parent": "arm_left",
					"pivot": [16, 26.5, 3],
					"cubes": [
						{"origin": [16, 23.5, -2.5], "size": [4, 7, 7], "inflate": 0.02, "uv": [52, 34]},
						{"origin": [20, 23.5, -3], "size": [7, 7, 8], "inflate": 0.02, "uv": [98, 23]}
					]
				},
				{
					"name": "arm_fur_left",
					"parent": "arm_left2",
					"pivot": [15.7, 26, 0.5],
					"rotation": [0, 10, 10],
					"cubes": [
						{"origin": [11.7, 30, -0.5], "size": [4, 0, 5], "uv": [-5, 111]},
						{"origin": [11.7, 25, 4.5], "size": [4, 5, 0], "uv": [0, 29]}
					]
				},
				{
					"name": "fingers_left",
					"parent": "arm_left2",
					"pivot": [27, 30, 1]
				},
				{
					"name": "finger_left1",
					"parent": "fingers_left",
					"pivot": [27, 29, 4],
					"cubes": [
						{"origin": [27, 27, 3], "size": [2, 2, 2], "inflate": 0.01, "uv": [36, 120]}
					]
				},
				{
					"name": "finger_left1_2",
					"parent": "finger_left1",
					"pivot": [29, 29, 4],
					"cubes": [
						{"origin": [29, 27, 3], "size": [2, 2, 2], "uv": [44, 120]}
					]
				},
				{
					"name": "finger_left2",
					"parent": "fingers_left",
					"pivot": [27, 30, 2],
					"cubes": [
						{"origin": [27, 28, 1], "size": [3, 2, 2], "inflate": 0.01, "uv": [52, 120]}
					]
				},
				{
					"name": "finger_left2_2",
					"parent": "finger_left2",
					"pivot": [30, 30, 2],
					"cubes": [
						{"origin": [30, 28, 1], "size": [2, 2, 2], "uv": [62, 120]}
					]
				},
				{
					"name": "finger_left3",
					"parent": "fingers_left",
					"pivot": [27, 30, 0],
					"cubes": [
						{"origin": [27, 28, -1], "size": [3, 2, 2], "inflate": 0.01, "uv": [0, 120]}
					]
				},
				{
					"name": "finger_left3_2",
					"parent": "finger_left3",
					"pivot": [30, 30, 0],
					"cubes": [
						{"origin": [30, 28, -1], "size": [2, 2, 2], "uv": [10, 120]}
					]
				},
				{
					"name": "finger_left4",
					"parent": "fingers_left",
					"pivot": [26.5, 29.5, -2],
					"cubes": [
						{"origin": [26.5, 27.5, -3], "size": [3, 2, 2], "inflate": 0.01, "uv": [18, 120]}
					]
				},
				{
					"name": "finger_left4_2",
					"parent": "finger_left4",
					"pivot": [29.5, 29.5, -2],
					"cubes": [
						{"origin": [29.5, 27.5, -3], "size": [2, 2, 2], "uv": [28, 120]}
					]
				},
				{
					"name": "thumb_left",
					"parent": "arm_left2",
					"pivot": [27, 25.5, -1],
					"cubes": [
						{"origin": [27, 24.5, -3], "size": [2, 2, 2], "inflate": 0.01, "uv": [0, 116]}
					]
				},
				{
					"name": "thumb_left2",
					"parent": "thumb_left",
					"pivot": [29, 25.5, -3],
					"cubes": [
						{"origin": [29, 24.5, -3], "size": [2, 2, 2], "uv": [16, 116]}
					]
				},
				{
					"name": "arm_right",
					"parent": "arms",
					"pivot": [-7.5, 28.5, 1],
					"rotation": [0, 0, -35],
					"cubes": [
						{"origin": [-16.5, 24.5, -1], "size": [9, 4, 4], "uv": [0, 51], "mirror": true}
					]
				},
				{
					"name": "arm_right2",
					"parent": "arm_right",
					"pivot": [-16, 26.5, 3],
					"cubes": [
						{"origin": [-20, 23.5, -2.5], "size": [4, 7, 7], "inflate": 0.02, "uv": [74, 34], "mirror": true},
						{"origin": [-27, 23.5, -3], "size": [7, 7, 8], "inflate": 0.02, "uv": [98, 38], "mirror": true}
					]
				},
				{
					"name": "arm_fur_right",
					"parent": "arm_right2",
					"pivot": [-15.7, 26, 0.5],
					"rotation": [0, -10, -10],
					"cubes": [
						{"origin": [-15.7, 30, -0.5], "size": [4, 0, 5], "uv": [3, 111], "mirror": true},
						{"origin": [-15.7, 25, 4.5], "size": [4, 5, 0], "uv": [0, 34], "mirror": true}
					]
				},
				{
					"name": "fingers_right",
					"parent": "arm_right2",
					"pivot": [-27, 30, 1]
				},
				{
					"name": "finger_right1",
					"parent": "fingers_right",
					"pivot": [-27, 29, 4],
					"cubes": [
						{"origin": [-29, 27, 3], "size": [2, 2, 2], "inflate": 0.01, "uv": [36, 124], "mirror": true}
					]
				},
				{
					"name": "finger_right1_2",
					"parent": "finger_right1",
					"pivot": [-29, 29, 4],
					"cubes": [
						{"origin": [-31, 27, 3], "size": [2, 2, 2], "uv": [44, 124], "mirror": true}
					]
				},
				{
					"name": "finger_right2",
					"parent": "fingers_right",
					"pivot": [-27, 30, 2],
					"cubes": [
						{"origin": [-30, 28, 1], "size": [3, 2, 2], "inflate": 0.01, "uv": [52, 124], "mirror": true}
					]
				},
				{
					"name": "finger_right2_2",
					"parent": "finger_right2",
					"pivot": [-30, 30, 2],
					"cubes": [
						{"origin": [-32, 28, 1], "size": [2, 2, 2], "uv": [10, 124], "mirror": true}
					]
				},
				{
					"name": "finger_right3",
					"parent": "fingers_right",
					"pivot": [-27, 30, 0],
					"cubes": [
						{"origin": [-30, 28, -1], "size": [3, 2, 2], "inflate": 0.01, "uv": [0, 124], "mirror": true}
					]
				},
				{
					"name": "finger_right3_2",
					"parent": "finger_right3",
					"pivot": [-30, 30, 0],
					"cubes": [
						{"origin": [-32, 28, -1], "size": [2, 2, 2], "uv": [62, 124], "mirror": true}
					]
				},
				{
					"name": "finger_right4",
					"parent": "fingers_right",
					"pivot": [-26.5, 29.5, -2],
					"cubes": [
						{"origin": [-29.5, 27.5, -3], "size": [3, 2, 2], "inflate": 0.01, "uv": [18, 124], "mirror": true}
					]
				},
				{
					"name": "finger_right4_2",
					"parent": "finger_right4",
					"pivot": [-29.5, 29.5, -2],
					"cubes": [
						{"origin": [-31.5, 27.5, -3], "size": [2, 2, 2], "uv": [28, 124], "mirror": true}
					]
				},
				{
					"name": "thumb_right",
					"parent": "arm_right2",
					"pivot": [-27, 25.5, -1],
					"cubes": [
						{"origin": [-29, 24.5, -3], "size": [2, 2, 2], "inflate": 0.01, "uv": [8, 116], "mirror": true}
					]
				},
				{
					"name": "thumb_right2",
					"parent": "thumb_right",
					"pivot": [-29, 25.5, -3],
					"cubes": [
						{"origin": [-31, 24.5, -3], "size": [2, 2, 2], "uv": [24, 116], "mirror": true}
					]
				},
				{
					"name": "head",
					"parent": "torso",
					"pivot": [0, 27.5, 0],
					"cubes": [
						{"origin": [-6.5, 27.5, -7], "size": [13, 8, 13], "uv": [69, 2]}
					]
				},
				{
					"name": "eyes",
					"parent": "head",
					"pivot": [0, 32.5, -7.01]
				},
				{
					"name": "eye_left",
					"parent": "eyes",
					"pivot": [3.5, 31.5, -7.01],
					"cubes": [
						{"origin": [2.5, 31.9, -7.01], "size": [2, 1, 0], "uv": [0, 4]}
					]
				},
				{
					"name": "eye_shine_left",
					"parent": "eye_left",
					"pivot": [3.3, 33, -7.02],
					"cubes": [
						{"origin": [2.9, 32.4, -6.92], "size": [1, 1, 0], "inflate": 0.1, "uv": [0, 6]}
					]
				},
				{
					"name": "eyelid_left",
					"parent": "eye_left",
					"pivot": [3.5, 32.5, -6.42],
					"cubes": [
						{"origin": [2.5, 31.5, -6.92], "size": [2, 2, 1], "inflate": 0.02, "uv": [0, 8]}
					]
				},
				{
					"name": "eye_right",
					"parent": "eyes",
					"pivot": [-3.5, 31.5, -7.01],
					"cubes": [
						{"origin": [-4.5, 31.9, -7.01], "size": [2, 1, 0], "uv": [0, 5], "mirror": true}
					]
				},
				{
					"name": "eye_shine_right",
					"parent": "eye_right",
					"pivot": [-3.3, 33, -7.02],
					"cubes": [
						{"origin": [-3.9, 32.4, -6.92], "size": [1, 1, 0], "inflate": 0.1, "uv": [0, 7], "mirror": true}
					]
				},
				{
					"name": "eyelid_right",
					"parent": "eye_right",
					"pivot": [-3.5, 32.5, -6.42],
					"cubes": [
						{"origin": [-4.5, 31.5, -6.92], "size": [2, 2, 1], "inflate": 0.02, "uv": [0, 11], "mirror": true}
					]
				},
				{
					"name": "mouth",
					"parent": "head",
					"pivot": [0, 23.35, -1.75]
				},
				{
					"name": "mouth_closed",
					"parent": "mouth",
					"pivot": [0, 29.75, -7.01],
					"cubes": [
						{"origin": [-3.5, 28.25, -7.01], "size": [7, 2, 0], "uv": [0, 0]}
					]
				},
				{
					"name": "mouth_open",
					"parent": "mouth",
					"pivot": [0, 29.25, -6.81],
					"cubes": [
						{"origin": [-3.5, 28.25, -6.81], "size": [7, 2, 0], "uv": [0, 2]}
					]
				},
				{
					"name": "antennae",
					"parent": "head",
					"pivot": [0, 35.5, -1.25]
				},
				{
					"name": "antenna_left",
					"parent": "antennae",
					"pivot": [4.2, 35.25, -1.5],
					"rotation": [0, 0, 20],
					"cubes": [
						{"origin": [3.7, 35.25, -2], "size": [1, 3, 1], "uv": [0, 63]},
						{"origin": [3.2, 38.25, -2.5], "size": [2, 2, 2], "inflate": 0.1, "uv": [0, 59]}
					]
				},
				{
					"name": "antenna_center",
					"parent": "antennae",
					"pivot": [0, 34.25, -6.3],
					"rotation": [20, 0, 0],
					"cubes": [
						{"origin": [-0.5, 34.25, -6.8], "size": [1, 3, 1], "uv": [15, 106]},
						{"origin": [-1, 37.25, -7.3], "size": [2, 2, 2], "inflate": 0.1, "uv": [15, 102]}
					]
				},
				{
					"name": "antenna_right",
					"parent": "antennae",
					"pivot": [-4.2, 35.25, -1.5],
					"rotation": [0, 0, -20],
					"cubes": [
						{"origin": [-4.7, 35.25, -2], "size": [1, 3, 1], "uv": [4, 63], "mirror": true},
						{"origin": [-5.2, 38.25, -2.5], "size": [2, 2, 2], "inflate": 0.1, "uv": [8, 59], "mirror": true}
					]
				},
				{
					"name": "head_fur",
					"parent": "head",
					"pivot": [0, 30.9, 0.25]
				},
				{
					"name": "head_fur_left",
					"parent": "head_fur",
					"pivot": [6.5, 30.9, -0.75]
				},
				{
					"name": "head_fur_side_left",
					"parent": "head_fur_left",
					"pivot": [7.5, 30.5, -1],
					"rotation": [0, 0, -60],
					"cubes": [
						{"origin": [6.5, 26.5, -8.5], "size": [0, 5, 15], "uv": [3, 52]}
					]
				},
				{
					"name": "head_fur_front_left",
					"parent": "head_fur_left",
					"pivot": [5.5, 30.5, -7],
					"rotation": [-25, 0, 0],
					"cubes": [
						{"origin": [3, 25.59369, -6.57738], "size": [5, 4, 0], "pivot": [5.5, 29.59369, -6.57738], "rotation": [-12.06534, 19.51877, -25.75658], "uv": [12, 95]}
					]
				},
				{
					"name": "head_fur_back_left",
					"parent": "head_fur_left",
					"pivot": [5.5, 30.5, 8],
					"rotation": [40, 0, 0],
					"cubes": [
						{"origin": [2, 27.01953, 5.82512], "size": [6, 4, 0], "uv": [12, 87]}
					]
				},
				{
					"name": "head_fur_right",
					"parent": "head_fur",
					"pivot": [-6.5, 30.9, -0.75]
				},
				{
					"name": "head_fur_side_right",
					"parent": "head_fur_right",
					"pivot": [-6.25, 30.3, -1],
					"rotation": [0, 0, 60],
					"cubes": [
						{"origin": [-6.04821, 25.31747, -8.5], "size": [0, 5, 15], "uv": [3, 57], "mirror": true}
					]
				},
				{
					"name": "head_fur_front_right",
					"parent": "head_fur_right",
					"pivot": [-5.5, 30.5, -7],
					"rotation": [-25, 0, 0],
					"cubes": [
						{"origin": [-8, 25.59369, -6.57738], "size": [5, 4, 0], "pivot": [-5.5, 29.59369, -6.57738], "rotation": [-12.06534, -19.51877, 25.75658], "uv": [12, 95], "mirror": true}
					]
				},
				{
					"name": "head_fur_back_right",
					"parent": "head_fur_right",
					"pivot": [-5.5, 30.5, 8],
					"rotation": [40, 0, 0],
					"cubes": [
						{"origin": [-8, 27.01953, 5.82512], "size": [6, 4, 0], "uv": [0, 87], "mirror": true}
					]
				},
				{
					"name": "tails",
					"parent": "torso",
					"pivot": [0, 14.5, 5]
				},
				{
					"name": "tail_left",
					"parent": "tails",
					"pivot": [1.25, 14.5, 5],
					"cubes": [
						{"origin": [0.25, 13.5, 5], "size": [2, 2, 7], "uv": [88, 53]}
					]
				},
				{
					"name": "tail_left2",
					"parent": "tail_left",
					"pivot": [1.25, 14.5, 11.5],
					"cubes": [
						{"origin": [0.25, 13.5, 11.5], "size": [2, 2, 7], "inflate": 0.01, "uv": [99, 55]}
					]
				},
				{
					"name": "tail_left3",
					"parent": "tail_left2",
					"pivot": [1.25, 14.5, 18],
					"cubes": [
						{"origin": [0.25, 13.5, 18], "size": [2, 2, 7], "inflate": 0.02, "uv": [110, 53]}
					]
				},
				{
					"name": "tail_left4",
					"parent": "tail_left3",
					"pivot": [1.25, 14.5, 24.5],
					"cubes": [
						{"origin": [-1.75, 13, 24.5], "size": [6, 3, 6], "inflate": 0.03, "pivot": [1.25, 15, 27.5], "rotation": [0, 45, 0], "uv": [66, 24]},
						{"origin": [0.75, 15.5, 25.5], "size": [1, 1, 4], "inflate": 0.03, "uv": [28, 91]},
						{"origin": [0.75, 15.4, 25.5], "size": [1, 1, 4], "inflate": 0.03, "pivot": [1.25, 15.4, 27.5], "rotation": [0, 90, 0], "uv": [28, 91]}
					]
				},
				{
					"name": "tail_left5",
					"parent": "tail_left4",
					"pivot": [1.25, 14.5, 30],
					"cubes": [
						{"origin": [0.25, 13.5, 30], "size": [2, 2, 6], "inflate": 0.04, "uv": [111, 71]}
					]
				},
				{
					"name": "tail_left6",
					"parent": "tail_left5",
					"pivot": [1.25, 14.5, 35.5],
					"cubes": [
						{"origin": [0.25, 13.5, 35.5], "size": [2, 2, 6], "inflate": 0.03, "uv": [88, 71]}
					]
				},
				{
					"name": "tail_left7",
					"parent": "tail_left6",
					"pivot": [1.25, 14.5, 41],
					"cubes": [
						{"origin": [-1.75, 13, 41.5], "size": [6, 3, 6], "inflate": 0.03, "pivot": [1.25, 15, 44.5], "rotation": [0, 45, 0], "uv": [66, 24]},
						{"origin": [0.75, 15.5, 42.5], "size": [1, 1, 4], "inflate": 0.03, "uv": [28, 91]},
						{"origin": [0.75, 15.4, 42.5], "size": [1, 1, 4], "inflate": 0.03, "pivot": [1.25, 15.4, 44.5], "rotation": [0, 90, 0], "uv": [28, 91]}
					]
				},
				{
					"name": "tail_left8",
					"parent": "tail_left7",
					"pivot": [1.25, 14.5, 46.5],
					"cubes": [
						{"origin": [0.25, 13.5, 46.5], "size": [2, 2, 6], "inflate": 0.03, "uv": [88, 71]}
					]
				},
				{
					"name": "tail_left9",
					"parent": "tail_left8",
					"pivot": [1.25, 14.5, 52],
					"cubes": [
						{"origin": [0.25, 13.5, 52], "size": [2, 2, 6], "inflate": 0.04, "uv": [111, 71]},
						{"origin": [0.25, 13.5, 57.5], "size": [2, 2, 2], "uv": [120, 79]}
					]
				},
				{
					"name": "tail_right",
					"parent": "tails",
					"pivot": [-1.25, 14.5, 5],
					"cubes": [
						{"origin": [-2.25, 13.5, 5], "size": [2, 2, 7], "uv": [88, 53], "mirror": true}
					]
				},
				{
					"name": "tail_right2",
					"parent": "tail_right",
					"pivot": [-1.25, 14.5, 11.5],
					"cubes": [
						{"origin": [-2.25, 13.5, 11.5], "size": [2, 2, 7], "inflate": 0.01, "uv": [99, 55], "mirror": true}
					]
				},
				{
					"name": "tail_right4",
					"parent": "tail_right2",
					"pivot": [-1.25, 14.5, 18],
					"cubes": [
						{"origin": [-2.25, 13.5, 18], "size": [2, 2, 7], "inflate": 0.02, "uv": [110, 53], "mirror": true}
					]
				},
				{
					"name": "tail_right3",
					"parent": "tail_right4",
					"pivot": [-1.25, 14.5, 24.5],
					"cubes": [
						{"origin": [-4.25, 13, 24.5], "size": [6, 3, 6], "inflate": 0.03, "pivot": [-1.25, 15, 27.5], "rotation": [0, -45, 0], "uv": [66, 24], "mirror": true},
						{"origin": [-1.75, 15.4, 25.5], "size": [1, 1, 4], "inflate": 0.03, "pivot": [-1.25, 15.4, 27.5], "rotation": [0, -90, 0], "uv": [38, 91], "mirror": true}
					]
				},
				{
					"name": "tail_right5",
					"parent": "tail_right3",
					"pivot": [-1.25, 14.5, 30],
					"cubes": [
						{"origin": [-2.25, 13.5, 30], "size": [2, 2, 6], "inflate": 0.04, "uv": [111, 71], "mirror": true}
					]
				},
				{
					"name": "tail_right6",
					"parent": "tail_right5",
					"pivot": [-1.25, 14.5, 35.5],
					"cubes": [
						{"origin": [-2.25, 13.5, 35.5], "size": [2, 2, 6], "inflate": 0.03, "uv": [88, 71], "mirror": true}
					]
				},
				{
					"name": "tail_right7",
					"parent": "tail_right6",
					"pivot": [-1.25, 14.5, 41],
					"cubes": [
						{"origin": [-4.25, 13, 41.5], "size": [6, 3, 6], "inflate": 0.03, "pivot": [-1.25, 15, 44.5], "rotation": [0, -45, 0], "uv": [66, 24], "mirror": true},
						{"origin": [-1.75, 15.4, 42.5], "size": [1, 1, 4], "inflate": 0.03, "pivot": [-1.25, 15.4, 44.5], "rotation": [0, -90, 0], "uv": [38, 91], "mirror": true}
					]
				},
				{
					"name": "tail_right8",
					"parent": "tail_right7",
					"pivot": [-1.25, 14.5, 46.5],
					"cubes": [
						{"origin": [-2.25, 13.5, 46.5], "size": [2, 2, 6], "inflate": 0.03, "uv": [88, 71], "mirror": true}
					]
				},
				{
					"name": "tail_right9",
					"parent": "tail_right8",
					"pivot": [-1.25, 14.5, 52],
					"cubes": [
						{"origin": [-2.25, 13.5, 52], "size": [2, 2, 6], "inflate": 0.04, "uv": [111, 71], "mirror": true},
						{"origin": [-2.25, 13.5, 57.5], "size": [2, 2, 2], "uv": [112, 79], "mirror": true}
					]
				},
				{
					"name": "legs",
					"parent": "body",
					"pivot": [0, 13.5, 0]
				},
				{
					"name": "leg_left",
					"parent": "legs",
					"pivot": [6.75, 13.5, 0],
					"cubes": [
						{"origin": [3.25, 8.5, -2], "size": [4, 6, 4], "uv": [46, 48]}
					]
				},
				{
					"name": "leg_left2",
					"parent": "leg_left",
					"pivot": [5.25, 8.5, -2],
					"cubes": [
						{"origin": [2.75, 1.5, -2], "size": [5, 7, 5], "inflate": 0.01, "uv": [26, 43]}
					]
				},
				{
					"name": "foot_left",
					"parent": "leg_left2",
					"pivot": [5.25, 2, 3],
					"cubes": [
						{"origin": [2.75, 0, -2.75], "size": [5, 2, 6], "inflate": 0.02, "uv": [62, 48]}
					]
				},
				{
					"name": "leg_fur_left",
					"parent": "foot_left",
					"pivot": [5.25, 2.5, 0.25]
				},
				{
					"name": "leg_fur_front_left",
					"parent": "leg_fur_left",
					"pivot": [5.25, 2.5, -2],
					"rotation": [15, 0, 0],
					"cubes": [
						{"origin": [1.75, 2.5, -4], "size": [7, 0, 2], "inflate": 0.01, "uv": [34, 75]}
					]
				},
				{
					"name": "leg_fur_back_left",
					"parent": "leg_fur_left",
					"pivot": [5.25, 2.5, 3],
					"rotation": [-35, 0, 0],
					"cubes": [
						{"origin": [1.75, 2.5, 3], "size": [7, 0, 2], "inflate": 0.01, "uv": [34, 79]}
					]
				},
				{
					"name": "leg_fur_outer_left",
					"parent": "leg_fur_left",
					"pivot": [7.75, 2.5, 0.5],
					"rotation": [0, 0, 35],
					"cubes": [
						{"origin": [7.75, 2.5, -3], "size": [2, 0, 7], "inflate": 0.01, "uv": [29, 68]}
					]
				},
				{
					"name": "leg_fur_inner_left",
					"parent": "leg_fur_left",
					"pivot": [2.75, 2.5, 0.5],
					"rotation": [0, 0, -35],
					"cubes": [
						{"origin": [0.75, 2.5, -3], "size": [2, 0, 7], "inflate": 0.01, "uv": [37, 68]}
					]
				},
				{
					"name": "claw_center_left",
					"parent": "foot_left",
					"pivot": [5.25, 2, -2.75],
					"cubes": [
						{"origin": [4.75, 0, -4.75], "size": [1, 2, 2], "uv": [53, 37]},
						{"origin": [5.25, 0, -7.75], "size": [0, 2, 3], "uv": [71, 31]}
					]
				},
				{
					"name": "claw_inner_left",
					"parent": "foot_left",
					"pivot": [6.75, 2, -2.75],
					"cubes": [
						{"origin": [6.25, 0, -4.75], "size": [1, 2, 2], "uv": [41, 29]},
						{"origin": [6.75, 0, -6.75], "size": [0, 2, 2], "uv": [67, 32]}
					]
				},
				{
					"name": "claw_outer_left",
					"parent": "foot_left",
					"pivot": [3.75, 2, -2.75],
					"cubes": [
						{"origin": [3.25, 0, -4.75], "size": [1, 2, 2], "uv": [47, 29]},
						{"origin": [3.75, 0, -6.75], "size": [0, 2, 2], "uv": [77, 32]}
					]
				},
				{
					"name": "leg_right",
					"parent": "legs",
					"pivot": [-6.75, 13.5, 0],
					"cubes": [
						{"origin": [-7.25, 8.5, -2], "size": [4, 6, 4], "uv": [41, 58], "mirror": true}
					]
				},
				{
					"name": "leg_right2",
					"parent": "leg_right",
					"pivot": [-5.25, 8.5, -2],
					"cubes": [
						{"origin": [-7.75, 1.5, -2], "size": [5, 7, 5], "inflate": 0.01, "uv": [21, 55], "mirror": true}
					]
				},
				{
					"name": "foot_right",
					"parent": "leg_right2",
					"pivot": [-5.25, 2, 3],
					"cubes": [
						{"origin": [-7.75, 0, -2.75], "size": [5, 2, 6], "inflate": 0.02, "uv": [57, 56], "mirror": true}
					]
				},
				{
					"name": "leg_fur_right",
					"parent": "foot_right",
					"pivot": [-5.25, 2.5, 0.25]
				},
				{
					"name": "leg_fur_front_right",
					"parent": "leg_fur_right",
					"pivot": [-5.25, 2.5, -2],
					"rotation": [15, 0, 0],
					"cubes": [
						{"origin": [-8.75, 2.5, -4], "size": [7, 0, 2], "inflate": 0.01, "uv": [34, 77], "mirror": true}
					]
				},
				{
					"name": "leg_fur_back_right",
					"parent": "leg_fur_right",
					"pivot": [-5.25, 2.5, 3],
					"rotation": [-35, 0, 0],
					"cubes": [
						{"origin": [-8.75, 2.5, 3], "size": [7, 0, 2], "inflate": 0.01, "uv": [34, 81], "mirror": true}
					]
				},
				{
					"name": "leg_fur_outer_right",
					"parent": "leg_fur_right",
					"pivot": [-7.75, 2.5, 0.5],
					"rotation": [0, 0, -35],
					"cubes": [
						{"origin": [-9.75, 2.5, -3], "size": [2, 0, 7], "inflate": 0.01, "uv": [33, 68], "mirror": true}
					]
				},
				{
					"name": "leg_fur_inner_right",
					"parent": "leg_fur_right",
					"pivot": [-2.75, 2.5, 0.5],
					"rotation": [0, 0, 35],
					"cubes": [
						{"origin": [-2.75, 2.5, -3], "size": [2, 0, 7], "inflate": 0.01, "uv": [41, 68], "mirror": true}
					]
				},
				{
					"name": "claw_center_right",
					"parent": "foot_right",
					"pivot": [-5.25, 2, -2.75],
					"cubes": [
						{"origin": [-5.75, 0, -4.75], "size": [1, 2, 2], "uv": [53, 33], "mirror": true},
						{"origin": [-5.25, 0, -7.75], "size": [0, 2, 3], "uv": [71, 33], "mirror": true}
					]
				},
				{
					"name": "claw_inner_right",
					"parent": "foot_right",
					"pivot": [-6.75, 2, -2.75],
					"cubes": [
						{"origin": [-7.25, 0, -4.75], "size": [1, 2, 2], "uv": [41, 33], "mirror": true},
						{"origin": [-6.75, 0, -6.75], "size": [0, 2, 2], "uv": [67, 34], "mirror": true}
					]
				},
				{
					"name": "claw_outer_right",
					"parent": "foot_right",
					"pivot": [-3.75, 2, -2.75],
					"cubes": [
						{"origin": [-4.25, 0, -4.75], "size": [1, 2, 2], "uv": [47, 33], "mirror": true},
						{"origin": [-3.75, 0, -6.75], "size": [0, 2, 2], "uv": [77, 34], "mirror": true}
					]
				}
			]
		}
	]
}