{
	"format_version": "1.12.0",
	"minecraft:geometry": [
		{
			"description": {
				"identifier": "geometry.unknown",
				"texture_width": 64,
				"texture_height": 64,
				"visible_bounds_width": 2,
				"visible_bounds_height": 2.5,
				"visible_bounds_offset": [0, 0.75, 0]
			},
			"bones": [
				{
					"name": "lycoalpod",
					"pivot": [0, 0, 0]
				},
				{
					"name": "body",
					"parent": "lycoalpod",
					"pivot": [0, 0, 0]
				},
				{
					"name": "tail",
					"parent": "body",
					"pivot": [-0.05437, 1, 3.93021],
					"cubes": [
						{"origin": [-3.5, 0, 5.5], "size": [3, 2, 1], "pivot": [0.00771, 1, 5.93792], "rotation": [0, -90, 0], "uv": [12, 0]}
					]
				},
				{
					"name": "torso",
					"parent": "body",
					"pivot": [0, 1.25, 2.5],
					"cubes": [
						{"origin": [-3, 0.01, -3], "size": [6, 3, 6], "uv": [0, 13]}
					]
				},
				{
					"name": "neck",
					"parent": "torso",
					"pivot": [0, 3.25, 0],
					"cubes": [
						{"origin": [-1, 2.25, -1], "size": [2, 2, 2], "uv": [0, 22]}
					]
				},
				{
					"name": "neck2",
					"parent": "neck",
					"pivot": [0, 5.25, 0],
					"cubes": [
						{"origin": [-1, 4.25, -1], "size": [2, 2, 2], "inflate": 0.02, "uv": [0, 26]}
					]
				},
				{
					"name": "neck3",
					"parent": "neck2",
					"pivot": [0, 7.25, 0],
					"cubes": [
						{"origin": [-1, 6.25, -1], "size": [2, 2, 2], "inflate": 0.04, "uv": [0, 30]}
					]
				},
				{
					"name": "neck4",
					"parent": "neck3",
					"pivot": [0, 9.25, 0],
					"cubes": [
						{"origin": [-1, 8.25, -1], "size": [2, 2, 2], "inflate": 0.05, "uv": [0, 34]}
					]
				},
				{
					"name": "neck5",
					"parent": "neck4",
					"pivot": [0, 10.25, 1],
					"cubes": [
						{"origin": [-1, 10.25, -1], "size": [2, 2, 2], "inflate": 0.06, "uv": [0, 38]}
					]
				},
				{
					"name": "head",
					"parent": "neck5",
					"pivot": [0, 14.75, 0],
					"cubes": [
						{"origin": [-2, 10.25, -2], "size": [4, 9, 4], "uv": [0, 0]}
					]
				},
				{
					"name": "eyes",
					"parent": "head",
					"pivot": [-0.5, 15.76161, -17.00856]
				},
				{
					"name": "eye_right",
					"parent": "eyes",
					"pivot": [-5.52, 13.26161, -19.50856],
					"cubes": [
						{"origin": [-1.52, 14.26161, -2.01], "size": [1, 2, 0], "uv": [20, 8]}
					]
				},
				{
					"name": "eyelid_right",
					"parent": "eye_right",
					"pivot": [-1.02, 15.26161, -1.5],
					"cubes": [
						{"origin": [-1.52, 14.26161, -2], "size": [1, 2, 1], "uv": [19, 5]}
					]
				},
				{
					"name": "eye_left",
					"parent": "eyes",
					"pivot": [3.52, 13.26161, -14.50856],
					"cubes": [
						{"origin": [0.48, 14.26161, -2.01], "size": [1, 2, 0], "uv": [20, 8]}
					]
				},
				{
					"name": "eyelid_left",
					"parent": "eye_left",
					"pivot": [0.98, 15.26161, -1.6],
					"cubes": [
						{"origin": [0.48, 14.26161, -2], "size": [1, 2, 1], "uv": [19, 5]}
					]
				},
				{
					"name": "leaves",
					"parent": "head",
					"pivot": [0, 16.25, 4],
					"cubes": [
						{"origin": [-3, 16.25, -2], "size": [1, 0, 4], "uv": [16, 0]},
						{"origin": [-3, 18.25, -2], "size": [1, 0, 4], "uv": [16, 0]},
						{"origin": [-3, 13.25, -2], "size": [1, 0, 4], "uv": [16, 0]},
						{"origin": [-3, 11.25, -2], "size": [1, 0, 4], "uv": [16, 0]},
						{"origin": [2, 11.25, -2], "size": [1, 0, 4], "uv": [16, 0]},
						{"origin": [2, 13.25, -2], "size": [1, 0, 4], "uv": [16, 0]},
						{"origin": [2, 18.25, -2], "size": [1, 0, 4], "uv": [16, 0]},
						{"origin": [2, 16.25, -2], "size": [1, 0, 4], "uv": [16, 0]},
						{"origin": [-2, 18.25, 2], "size": [4, 0, 1], "uv": [16, 4]},
						{"origin": [-2, 13.25, 2], "size": [4, 0, 1], "uv": [16, 4]},
						{"origin": [-2, 11.25, 2], "size": [4, 0, 1], "uv": [16, 4]},
						{"origin": [-2, 16.25, 2], "size": [4, 0, 1], "uv": [16, 4]}
					]
				},
				{
					"name": "back_leg_right",
					"parent": "body",
					"pivot": [-2, 1, 3.5],
					"cubes": [
						{"origin": [-3, 0, 2], "size": [2, 2, 3], "uv": [8, 32]}
					]
				},
				{
					"name": "back_leg_left",
					"parent": "body",
					"pivot": [2, 1, 3.5],
					"cubes": [
						{"origin": [1, 0, 2], "size": [2, 2, 3], "uv": [8, 22]}
					]
				},
				{
					"name": "leg_left",
					"parent": "body",
					"pivot": [2, 1, -3.5],
					"cubes": [
						{"origin": [1, 0, -5], "size": [2, 2, 3], "uv": [8, 27]}
					]
				},
				{
					"name": "leg_right",
					"parent": "body",
					"pivot": [-2, 1, -3.5],
					"cubes": [
						{"origin": [-3, 0, -5], "size": [2, 2, 3], "uv": [8, 37]}
					]
				}
			]
		}
	]
}