{
	"format_version": "1.8.0",
	"animations": {
		"animation.slagva.ground_idle": {
			"loop": true,
			"animation_length": 3,
			"bones": {
				"head": {
					"scale": {
						"0.0": [1, 1, 1],
						"1.52": [1, 0.9, 1],
						"3.0": [1, 1, 1]
					}
				},
				"bone": {
					"rotation": {
						"0.0": [0, 0, 0],
						"1.52": [-10, 0, 0],
						"3.0": [0, 0, 0]
					}
				}
			}
		},
		"animation.slagva.ground_walk": {
			"loop": true,
			"animation_length": 0.96,
			"bones": {
				"head": {
					"rotation": {
						"0.0": [7.5, 0, 0],
						"0.48": [10, 0, 0],
						"0.96": [7.5, 0, 0]
					}
				},
				"bone2": {
					"scale": {
						"0.0": [1, 1, 1],
						"0.48": [1, 1, 1.2],
						"0.96": [1, 1, 1]
					}
				},
				"bone": {
					"rotation": {
						"0.0": [-10, 0, 0],
						"0.96": [-10, 0, 0]
					}
				}
			}
		}
	}
}