{
	"format_version": "1.8.0",
	"animations": {
		"animation.dracanor.ground_idle": {
			"loop": true,
			"animation_length": 1.44,
			"bones": {
				"head": {
					"rotation": {
						"0.0": [0, 5, 0],
						"0.36": [0, 0, 0],
						"0.72": [0, -5, 0],
						"1.08": [0, 0, 0],
						"1.44": [0, 5, 0]
					}
				},
				"bone": {
					"rotation": {
						"0.0": [0, 0, 0],
						"0.36": [7.5, 0, 0],
						"0.72": [0, 0, 0],
						"1.08": [7.5, 0, 0],
						"1.44": [0, 0, 0]
					},
					"position": {
						"0.0": [0, 0, 0],
						"0.36": [0, 2, 0],
						"0.72": [0, 0, 0],
						"1.08": [0, 2, 0],
						"1.44": [0, 0, 0]
					}
				},
				"bone2": {
					"rotation": {
						"0.0": [0, 0, 0],
						"0.36": [-12.5, 0, 0],
						"0.72": [0, 0, 0],
						"1.08": [-12.5, 0, 0],
						"1.44": [0, 0, 0]
					}
				},
				"wing": {
					"rotation": {
						"0.0": [0, 0, 0],
						"0.36": [55.01918, 37.12482, 19.83931],
						"0.72": [0, 0, 0],
						"1.08": [55.01918, 37.12482, 19.83931],
						"1.44": [0, 0, 0]
					}
				},
				"wing2": {
					"rotation": {
						"0.0": [0, 0, 0],
						"0.36": [55.01918, -37.12482, -19.83931],
						"0.72": [0, 0, 0],
						"1.08": [55.01918, -37.12482, -19.83931],
						"1.44": [0, 0, 0]
					}
				},
				"bone3": {
					"rotation": {
						"0.0": [0, 0, 0],
						"0.72": [22.5, 0, 0],
						"1.44": [0, 0, 0]
					}
				},
				"arm": {
					"rotation": {
						"0.0": [0, 0, 0],
						"0.36": [22.5, 0, 0],
						"0.72": [0, 0, 0],
						"1.08": [22.5, 0, 0],
						"1.44": [0, 0, 0]
					}
				},
				"arm2": {
					"rotation": {
						"0.0": [0, 0, 0],
						"0.36": [22.5, 0, 0],
						"0.72": [0, 0, 0],
						"1.08": [22.5, 0, 0],
						"1.44": [0, 0, 0]
					}
				}
			}
		},
		"animation.dracanor.ground_walk": {
			"loop": true,
			"animation_length": 0.48,
			"bones": {
				"head": {
					"rotation": {
						"0.0": [0, 0, 0],
						"0.24": [7.5, 0, 0],
						"0.48": [0, 0, 0]
					}
				},
				"bone": {
					"rotation": {
						"0.0": [25, 0, 0],
						"0.48": [25, 0, 0]
					},
					"position": {
						"0.0": [0, -1, 0],
						"0.24": [0, 1, 0],
						"0.48": [0, -1, 0]
					}
				},
				"bone2": {
					"rotation": {
						"0.0": [0, 0, 0],
						"0.24": [5, 0, 0],
						"0.48": [0, 0, 0]
					}
				},
				"wing": {
					"rotation": {
						"0.0": [0, 45, 0],
						"0.24": [0, -22.5, 0],
						"0.48": [0, 45, 0]
					}
				},
				"wing2": {
					"rotation": {
						"0.0": [0, -45, 0],
						"0.24": [0, 22.5, 0],
						"0.48": [0, -45, 0]
					}
				},
				"bone3": {
					"rotation": {
						"0.0": [0, 0, 0],
						"0.24": [-45, 0, 0],
						"0.48": [0, 0, 0]
					}
				}
			}
		}
	}
}