{
    "species": "cobblemon:sonorosianultim",
    "order": 0,
    "variations": [
        {
            "aspects": [],
            "poser": "cobblemon:sonorosianultim",
            "model": "cobblemon:sonorosianultim.geo",
            "texture": "cobblemon:textures/pokemon/sonorosianultim/sonorosianultim.png",
            "layers": [
                {
                    "name": "emissive",
                    "emissive": true,
                    "texture": "cobblemon:textures/pokemon/sonorosianultim/sonorosianultim_emissive.png",
                    "translucent": true
                }
            ]
        },
        {
            "aspects": [
                "shiny"
            ],
            "texture": "cobblemon:textures/pokemon/sonorosianultim/sonorosianultim_shiny.png",
            "layers": [
                {
                    "name": "emissive",
                    "emissive": true,
                    "texture": "cobblemon:textures/pokemon/sonorosianultim/sonorosianultim_shiny_emissive.png",
                    "translucent": true
                }
            ]
        }
    ]
}