{
	"format_version": "1.12.0",
	"minecraft:geometry": [
		{
			"description": {
				"identifier": "geometry.isanun",
				"texture_width": 100,
				"texture_height": 100,
				"visible_bounds_width": 3,
				"visible_bounds_height": 3.5,
				"visible_bounds_offset": [0, 1.25, 0]
			},
			"bones": [
				{
					"name": "isanun",
					"pivot": [0, 0, 0]
				},
				{
					"name": "head",
					"parent": "isanun",
					"pivot": [0, 12, -0.125],
					"cubes": [
						{"origin": [-7, 12, -5], "size": [14, 11, 10], "uv": [13, 35]},
						{"origin": [-2, 14, -12], "size": [4, 4, 7], "uv": [7, 62]},
						{"origin": [4, 20, -2.5], "size": [5, 5, 5], "uv": [68, 47]},
						{"origin": [-9, 20, -2.5], "size": [5, 5, 5], "uv": [53, 59], "mirror": true}
					]
				},
				{
					"name": "bone",
					"parent": "isanun",
					"pivot": [0, 0, 0],
					"cubes": [
						{"origin": [-6, 3, -4], "size": [12, 9, 8], "uv": [3, 1]},
						{"origin": [-8, 0, -4.5], "size": [16, 3, 9], "uv": [10, 20]}
					]
				},
				{
					"name": "arm",
					"parent": "isanun",
					"pivot": [5, 10, 0],
					"rotation": [0, 0, -32.5],
					"cubes": [
						{"origin": [3.61931, 3.69391, -2], "size": [3, 7, 4], "uv": [49, 3]}
					]
				},
				{
					"name": "arm2",
					"parent": "isanun",
					"pivot": [-5, 10, 0],
					"rotation": [0, 0, 32.5],
					"cubes": [
						{"origin": [-6.61931, 3.69391, -2], "size": [3, 7, 4], "uv": [49, 3], "mirror": true}
					]
				}
			]
		}
	]
}