{
	"format_version": "1.8.0",
	"animations": {
		"animation.incineroar.ground_idle": {
			"loop": true,
			"bones": {
				"body": {
					"rotation": [0, 0, "-math.sin(q.anim_time*90*1)*1"],
					"position": [0, "-1.4-math.cos(q.anim_time*90*2-40)*0.25", "math.cos(q.anim_time*90*2-40)*0.5"]
				},
				"belt": {
					"rotation": ["math.sin(q.anim_time*90*6)*1", 0, "math.sin(q.anim_time*90*6)*0.5"],
					"scale": "math.sin(q.anim_time*90*3)*0.02+1"
				},
				"torso_main": {
					"rotation": [-5, 0, 0]
				},
				"torso": {
					"rotation": ["5+math.sin(q.anim_time*90*2)*4", 0, "math.sin(q.anim_time*90*1)*2"]
				},
				"head": {
					"scale": 0.9
				},
				"fluff_right1": {
					"rotation": [0, 0, "-math.sin(q.anim_time*90*2-15)*2"]
				},
				"fluff_right3": {
					"rotation": [0, 0, "-math.sin(q.anim_time*90*2-30)*2"]
				},
				"fluff_right5": {
					"rotation": [0, 0, "-math.sin(q.anim_time*90*2-45)*5"]
				},
				"fluff_right7": {
					"rotation": [0, 0, "-math.sin(q.anim_time*90*2-30)*2"]
				},
				"fluff_left1": {
					"rotation": [0, 0, "math.sin(q.anim_time*90*2-15)*2"]
				},
				"fluff_left3": {
					"rotation": [0, 0, "math.sin(q.anim_time*90*2-30)*2"]
				},
				"fluff_left5": {
					"rotation": [0, 0, "math.sin(q.anim_time*90*2-45)*5"]
				},
				"fluff_left7": {
					"rotation": [0, 0, "math.sin(q.anim_time*90*2-30)*2"]
				},
				"arm_right1": {
					"rotation": [38.03812, "2.8488-math.sin(q.anim_time*90*2-30)*6", "-51.778-math.sin(q.anim_time*90*2-30)*4"],
					"position": [1, 0, 0]
				},
				"fur_right": {
					"rotation": [-62.47457, "28.3312+math.sin(q.anim_time*90*2-30)*2", "23.3764+math.sin(q.anim_time*90*2-30)*-6"],
					"position": [-1.2, 0.3, 0]
				},
				"arm_right2": {
					"rotation": [0, "-32.5+math.sin(q.anim_time*90*2-60)*6", -10]
				},
				"hand_right": {
					"rotation": [-11.97629, 0.13979, -12.61503],
					"scale": 1.1
				},
				"finger_right1": {
					"rotation": [-34.07457, 17.08473, "-26.6607+math.sin(q.anim_time*90*2-280)*12"],
					"position": [0, 0, 0.2]
				},
				"finger_right_joint1": {
					"rotation": [0, 0, "-20+math.sin(q.anim_time*90*2-310)*12"]
				},
				"finger_right2": {
					"rotation": [-7.5, 7.5, "-15+math.sin(q.anim_time*90*2-265)*12"],
					"position": [0, 0, 0.1]
				},
				"finger_right_joint2": {
					"rotation": [0, 0, "-20+math.sin(q.anim_time*90*2-295)*12"]
				},
				"finger_right3": {
					"rotation": [0, 0, "-7.5+math.sin(q.anim_time*90*2-250)*12"]
				},
				"finger_right_joint3": {
					"rotation": [0, 0, "-20+math.sin(q.anim_time*90*2-280)*12"]
				},
				"finger_right4": {
					"rotation": [17.5, -12.5, "-15+math.sin(q.anim_time*90*2-250)*12"],
					"position": [0, 0, -0.1]
				},
				"finger_right_joint4": {
					"rotation": [0, 0, "-20+math.sin(q.anim_time*90*2-280)*12"]
				},
				"finger_right5": {
					"rotation": [36.80883, "-25.4884-math.sin(q.anim_time*90*2-280)*6", -54.42834]
				},
				"finger_right_joint5": {
					"rotation": [0, "20-math.sin(q.anim_time*90*2-310)*6", 0]
				},
				"arm_left1": {
					"rotation": [38.03812, "-2.8488+math.sin(q.anim_time*90*2-30)*6", "51.778+math.sin(q.anim_time*90*2-30)*4"],
					"position": [-1, 0, 0]
				},
				"fur_left": {
					"rotation": [-49.04153, "-25.5156-math.sin(q.anim_time*90*2-30)*2", "-31.5902-math.sin(q.anim_time*90*2-30)*-6"],
					"position": [1.2, 0.3, 0]
				},
				"arm_left2": {
					"rotation": [0, "32.5-math.sin(q.anim_time*90*2-60)*6", 10]
				},
				"hand_left": {
					"rotation": [-11.97629, -0.13979, 12.61503],
					"scale": 1.1
				},
				"finger_left1": {
					"rotation": [-34.07457, -17.08473, "26.6607-math.sin(q.anim_time*90*2-280)*12"],
					"position": [0, 0, 0.2]
				},
				"finger_left_joint1": {
					"rotation": [0, 0, "20-math.sin(q.anim_time*90*2-310)*12"]
				},
				"finger_left2": {
					"rotation": [-7.5, -7.5, "15-math.sin(q.anim_time*90*2-265)*12"],
					"position": [0, 0, 0.1]
				},
				"finger_left_joint2": {
					"rotation": [0, 0, "20-math.sin(q.anim_time*90*2-295)*12"]
				},
				"finger_left3": {
					"rotation": [0, 0, "7.5-math.sin(q.anim_time*90*2-250)*12"]
				},
				"finger_left_joint3": {
					"rotation": [0, 0, "20-math.sin(q.anim_time*90*2-280)*12"]
				},
				"finger_left4": {
					"rotation": [17.5, 12.5, "15-math.sin(q.anim_time*90*2-250)*12"],
					"position": [0, 0, -0.1]
				},
				"finger_left_joint4": {
					"rotation": [0, 0, "20-math.sin(q.anim_time*90*2-280)*12"]
				},
				"finger_left5": {
					"rotation": [36.80883, "25.4884+math.sin(q.anim_time*90*2-280)*6", 54.42834]
				},
				"finger_left_joint5": {
					"rotation": [0, "-20+math.sin(q.anim_time*90*2-310)*6", 0]
				},
				"tail1": {
					"rotation": ["-35+math.sin(q.anim_time*90*2-45)*4", 0, 0]
				},
				"tail2": {
					"rotation": [20, "math.sin(q.anim_time*90*1-45)*8", 0]
				},
				"tail3": {
					"rotation": [20, "math.sin(q.anim_time*90*1-75)*8", 0]
				},
				"tail4": {
					"rotation": [20, "math.sin(q.anim_time*90*1-105)*12", 0]
				},
				"tail5": {
					"rotation": [20, "math.sin(q.anim_time*90*1-135)*16", 0]
				},
				"leg_right1": {
					"rotation": ["-7.6652-5*math.cos(q.anim_time*90*2-40)", 27.0478, 11.24314],
					"position": ["-(math.cos(q.anim_time*90*2-40)*-0.2)", 0, 0]
				},
				"leg_right2": {
					"rotation": ["22.5+5*math.cos(q.anim_time*90*2-40)", 0, 0]
				},
				"foot_right1": {
					"rotation": [-9.81936, -1.9391, -9.80478]
				},
				"leg_left1": {
					"rotation": ["-7.6652-5*math.cos(q.anim_time*90*2-40)", -27.0478, -11.24314],
					"position": ["math.cos(q.anim_time*90*2-40)*-0.2", 0, 0]
				},
				"leg_left2": {
					"rotation": ["22.5+5*math.cos(q.anim_time*90*2-40)", 0, 0]
				},
				"foot_left1": {
					"rotation": [-9.81936, 1.9391, 9.80478]
				}
			}
		},
		"animation.incineroar.battle_idle": {
			"loop": true,
			"bones": {
				"incineroar": {
					"position": [0, -2, 0]
				},
				"body": {
					"rotation": [0, -27.5, "-2+math.sin(q.anim_time*90*2-45)*2"],
					"position": ["-math.sin(q.anim_time*90*2-45)*0.5", "-math.sin(q.anim_time*90*2-45)*0.75-1", 0]
				},
				"belt": {
					"rotation": ["12.7139+math.sin(q.anim_time*90*12)*1", 1.86933, -4.41341],
					"position": [0, 1, -0.3],
					"scale": "math.sin(q.anim_time*90*6)*0.02+1.05"
				},
				"torso_main": {
					"rotation": ["20+math.sin(q.anim_time*90*2)*2", 0, 0]
				},
				"torso": {
					"rotation": ["12.1386+math.sin(q.anim_time*90*2-45)*2", 2.91, "-9.8912-math.cos(q.anim_time*90*2-45)*7"]
				},
				"neck": {
					"rotation": ["-math.sin(q.anim_time*90*2-45)*2", 0, 0]
				},
				"head": {
					"rotation": ["-29.3548-math.sin(q.anim_time*90*2-75)*5", 18.13959, "-18.2006-math.sin(q.anim_time*90*2-45)*7.5"],
					"position": [0, 0, 0],
					"scale": 0.9
				},
				"jaw": {
					"rotation": [7.63198, 2.48818, 9.83634],
					"position": [0, -0.1, 0]
				},
				"arm_right1": {
					"rotation": ["-88.6292-math.sin(q.anim_time*90*2-75)*3", "-48.9287-math.cos(q.anim_time*90*2-45)*-5", "9.0922-math.cos(q.anim_time*90*2-45)*-15"],
					"position": [-1, 1, -2]
				},
				"fur_right": {
					"rotation": [72.89033, 3.73171, 11.93845],
					"position": [0, 0, 0]
				},
				"arm_right2": {
					"rotation": [1.97086, "-29.9152-math.cos(q.anim_time*90*2-45)*-15-5", -5.68305]
				},
				"hand_right": {
					"rotation": [-105.00238, "0.109-math.sin(q.anim_time*90*2-75)*5-5", -2.49762],
					"scale": 1.1
				},
				"finger_right1": {
					"rotation": [0, 35, "-math.sin(q.anim_time*90*2-105)*4-2"],
					"position": [0.2, 0, 0.2]
				},
				"finger_right_joint1": {
					"rotation": [0, 0, "-57.5-math.cos(q.anim_time*90*2-15)*-20"]
				},
				"finger_right2": {
					"rotation": [0, 10, "-math.sin(q.anim_time*90*2-135)*4-2"],
					"position": [0.2, 0, 0.1]
				},
				"finger_right_joint2": {
					"rotation": [0, 0, "-35-math.cos(q.anim_time*90*2-45)*-20"]
				},
				"finger_right3": {
					"rotation": [-0.43439, -2.462, "10.0093-math.sin(q.anim_time*90*2-165)*4-2"],
					"position": [-0.1, 0, -0.1]
				},
				"finger_right_joint3": {
					"rotation": [0, 0, "-50-math.cos(q.anim_time*90*2-75)*-20"]
				},
				"finger_right4": {
					"rotation": [0, -15, "-math.sin(q.anim_time*90*2-195)*4-2"],
					"position": [0.2, 0, -0.2]
				},
				"finger_right_joint4": {
					"rotation": [0, 0, "-math.cos(q.anim_time*90*2-105)*-20-20"]
				},
				"finger_right5": {
					"rotation": [0, -82.5, 0],
					"position": [0, 0.2, -0.1]
				},
				"finger_right_joint5": {
					"rotation": [0, 0, "-37.5-math.cos(q.anim_time*90*2-45)*-20"]
				},
				"arm_left1": {
					"rotation": [-40.1471, "27.1059-math.cos(q.anim_time*90*2-45)*10-10", 32.24775],
					"position": [0, 0, 1]
				},
				"fur_left": {
					"rotation": [14.84838, -3.46333, -28.97637]
				},
				"arm_left2": {
					"rotation": [0, "math.cos(q.anim_time*90*2-45)*-15+47.5", 0]
				},
				"hand_left": {
					"rotation": [-62.71271, 3.74196, -6.50446]
				},
				"finger_left1": {
					"rotation": [0, -35, "math.sin(q.anim_time*90*2-105)*4-2"],
					"position": [-0.2, 0, 0.2]
				},
				"finger_left_joint1": {
					"rotation": [0, 0, "57.5-math.cos(q.anim_time*90*2-15)*20"]
				},
				"finger_left2": {
					"rotation": [0, -10, "math.sin(q.anim_time*90*2-135)*4-2"],
					"position": [-0.2, 0, 0.1]
				},
				"finger_left_joint2": {
					"rotation": [0, 0, "35-math.cos(q.anim_time*90*2-45)*20"]
				},
				"finger_left3": {
					"rotation": [-0.43439, 2.462, "-10.0093+math.sin(q.anim_time*90*2-165)*4-2"],
					"position": [0.1, 0, -0.1]
				},
				"finger_left_joint3": {
					"rotation": [0, 0, "50-math.cos(q.anim_time*90*2-75)*20"]
				},
				"finger_left4": {
					"rotation": [0, 15, "math.sin(q.anim_time*90*2-195)*4-2"],
					"position": [-0.2, 0, -0.2]
				},
				"finger_left_joint4": {
					"rotation": [0, 0, "math.cos(q.anim_time*90*2-105)*-20+20"]
				},
				"finger_left5": {
					"rotation": [0, 82.5, 0],
					"position": [0, 0.2, -0.1]
				},
				"finger_left_joint5": {
					"rotation": [0, 0, "37.5-math.cos(q.anim_time*90*2-45)*20"]
				},
				"tail1": {
					"rotation": ["-47.7183+math.sin(q.anim_time*90*4-15)*-2", "-19.9837+math.sin(q.anim_time*90*2-15)*8", 15.34007]
				},
				"tail2": {
					"rotation": [37.5, "0+math.sin(q.anim_time*90*2-45)*8", 0]
				},
				"tail3": {
					"rotation": [20, "math.sin(q.anim_time*90*2-75)*8", 0]
				},
				"tail4": {
					"rotation": [-20, "math.sin(q.anim_time*90*2-105)*12", 0]
				},
				"tail5": {
					"rotation": [-20, "math.sin(q.anim_time*90*2-135)*16", 0]
				},
				"leg_right1": {
					"rotation": ["35.7125-math.sin(q.anim_time*90*2-45)*10", 1.32436, 12.55173],
					"position": ["math.sin(q.anim_time*90*2-45)*0.5", "-0.1+math.sin(q.anim_time*90*2-45)*0.2", "1+math.sin(q.anim_time*90*2-45)*0.5"]
				},
				"leg_right2": {
					"rotation": ["12.5+math.sin(q.anim_time*90*2-45)*15", 0, 0]
				},
				"foot_right1": {
					"rotation": ["4.968+math.sin(q.anim_time*90*2-45)*-5", -0.74119, "-12.5551+math.sin(q.anim_time*90*2-45)*-2.5"],
					"position": [0, 0, -0.7]
				},
				"foot_right2": {
					"rotation": [-52.5, 0, 0]
				},
				"leg_left1": {
					"rotation": ["-52.234-math.sin(q.anim_time*90*2-45)*10", -14.0009, -15.25191],
					"position": ["1+math.sin(q.anim_time*90*2-45)*0.5", "-2-math.sin(q.anim_time*90*2-45)*0.1", -2]
				},
				"leg_left2": {
					"rotation": ["62.0687+math.sin(q.anim_time*90*2-45)*10", -6.40865, 7.69263]
				},
				"foot_left1": {
					"rotation": ["-5+math.sin(q.anim_time*90*2-45)*-1", 0, "7.5+math.sin(q.anim_time*90*2-45)*-2"],
					"position": [0, -0.1, 0]
				}
			}
		},
		"animation.incineroar.ground_walk": {
			"loop": true,
			"bones": {
				"incineroar": {
					"position": [0, -2, 0]
				},
				"body": {
					"rotation": ["math.sin(q.anim_time*90*8-45)*-2", 0, "math.sin(q.anim_time*90*4-45)*-2"],
					"position": [0, "math.abs(math.sin(q.anim_time*90*4-90)*1)", "math.sin(q.anim_time*90*8)*-0.5"]
				},
				"belt": {
					"rotation": ["math.sin(q.anim_time*90*5)*2", "math.sin(q.anim_time*90*4-45)*-4", "math.sin(q.anim_time*90*10)*1"],
					"scale": "math.sin(q.anim_time*90*5)*0.02+1"
				},
				"torso_main": {
					"rotation": [-10, "math.sin(q.anim_time*90*4-45)*-8", "math.sin(q.anim_time*90*4-45)*-4"]
				},
				"torso": {
					"rotation": ["10+math.cos(q.anim_time*90*8-45)*-4", "math.sin(q.anim_time*90*4-45)*-8", "math.sin(q.anim_time*90*4-45)*4"]
				},
				"neck": {
					"rotation": [0, "math.sin(q.anim_time*90*4-45)*8", 0]
				},
				"head": {
					"rotation": ["math.sin(q.anim_time*90*8-75)*-2", "math.sin(q.anim_time*90*4-75)*8", 0],
					"scale": 0.9
				},
				"arm_right1": {
					"rotation": ["49.5138+math.sin(q.anim_time*90*4-75)*-10", "NaN+math.sin(q.anim_time*90*4-75)*-20", -54],
					"position": [0, 0, "math.sin(q.anim_time*90*4-45)*1"]
				},
				"fur_right": {
					"rotation": [-44.57788, "19.2195-math.sin(q.anim_time*90*4-75)*-20", 37.9208]
				},
				"arm_right2": {
					"rotation": [0, -47.5, 0]
				},
				"hand_right": {
					"rotation": [-11.97629, 0.13979, -12.61503]
				},
				"finger_right1": {
					"rotation": [-34.07457, 17.08473, "-26.6607-math.sin(q.anim_time*90*4-280)*12"],
					"position": [0, 0, 0.2]
				},
				"finger_right_joint1": {
					"rotation": [0, 0, "-20-math.sin(q.anim_time*90*4-280)*12"]
				},
				"finger_right2": {
					"rotation": [-7.5, 7.5, "-15-math.sin(q.anim_time*90*4-265)*12"],
					"position": [0, 0, 0.1]
				},
				"finger_right_joint2": {
					"rotation": [0, 0, "-20-math.sin(q.anim_time*90*4-280)*12"]
				},
				"finger_right3": {
					"rotation": [0, 0, "-7.5-math.sin(q.anim_time*90*4-250)*12"]
				},
				"finger_right_joint3": {
					"rotation": [0, 0, "-20-math.sin(q.anim_time*90*4-280)*12"]
				},
				"finger_right4": {
					"rotation": [17.5, -12.5, "-15-math.sin(q.anim_time*90*4-250)*12"],
					"position": [0, 0, -0.1]
				},
				"finger_right_joint4": {
					"rotation": [0, 0, "-20-math.sin(q.anim_time*90*4-280)*12"]
				},
				"finger_right5": {
					"rotation": [36.80883, "-25.4884+math.sin(q.anim_time*90*4-280)*6", -54.42834]
				},
				"finger_right_joint5": {
					"rotation": [0, "20+math.sin(q.anim_time*90*4-310)*6", 0]
				},
				"arm_left1": {
					"rotation": ["49.5138+math.sin(q.anim_time*90*4-75)*-10", "math.sin(q.anim_time*90*4-75)*-20", 54],
					"position": [0, 0, "math.sin(q.anim_time*90*4-45)*1"]
				},
				"fur_left": {
					"rotation": [-44.57788, "-19.2195-math.sin(q.anim_time*90*4-75)*-20", -37.9208]
				},
				"arm_left2": {
					"rotation": [0, 47.5, 0]
				},
				"hand_left": {
					"rotation": [-11.97629, -0.13979, 12.61503]
				},
				"finger_left1": {
					"rotation": [-34.07457, -17.08473, "26.6607-math.sin(q.anim_time*90*4-280)*12"],
					"position": [0, 0, 0.2]
				},
				"finger_left_joint1": {
					"rotation": [0, 0, "20-math.sin(q.anim_time*90*4-280)*12"]
				},
				"finger_left2": {
					"rotation": [-7.5, -7.5, "15-math.sin(q.anim_time*90*4-265)*12"],
					"position": [0, 0, 0.1]
				},
				"finger_left_joint2": {
					"rotation": [0, 0, "20-math.sin(q.anim_time*90*4-280)*12"]
				},
				"finger_left3": {
					"rotation": [0, 0, "7.5-math.sin(q.anim_time*90*4-250)*12"]
				},
				"finger_left_joint3": {
					"rotation": [0, 0, "20-math.sin(q.anim_time*90*4-280)*12"]
				},
				"finger_left4": {
					"rotation": [17.5, 12.5, "15-math.sin(q.anim_time*90*4-250)*12"],
					"position": [0, 0, -0.1]
				},
				"finger_left_joint4": {
					"rotation": [0, 0, "20-math.sin(q.anim_time*90*4-280)*12"]
				},
				"finger_left5": {
					"rotation": [36.80883, "25.4884+math.sin(q.anim_time*90*4-280)*6", 54.42834]
				},
				"finger_left_joint5": {
					"rotation": [0, "-20+math.sin(q.anim_time*90*4-310)*6", 0]
				},
				"tail1": {
					"rotation": ["-45+math.sin(q.anim_time*90*8-15)*-2", "math.sin(q.anim_time*90*4-15)*8", 0]
				},
				"tail2": {
					"rotation": [37.5, "0+math.sin(q.anim_time*90*4-45)*8", 0]
				},
				"tail3": {
					"rotation": [20, "math.sin(q.anim_time*90*4-75)*8", 0]
				},
				"tail4": {
					"rotation": [20, "math.sin(q.anim_time*90*4-105)*22", 0]
				},
				"tail5": {
					"rotation": [-20, "math.sin(q.anim_time*90*4-135)*16", 0]
				},
				"leg_right1": {
					"rotation": ["-10-math.sin(q.anim_time*90*4-155)*30", 5.5, 0],
					"position": [0, "math.clamp(math.sin(q.anim_time*90*4-45)*2,0,180)", "math.cos(q.anim_time*90*4-65)*1"]
				},
				"leg_right2": {
					"rotation": ["30+math.clamp(math.sin(q.anim_time*90*4-45)*30,0,90)", 0, 0]
				},
				"foot_right1": {
					"rotation": ["-20+math.clamp(-math.sin(q.anim_time*90*4+25)*20,-180,5)", 0, 0]
				},
				"leg_left1": {
					"rotation": ["-10+math.sin(q.anim_time*90*4-155)*30", -5.5, 0],
					"position": [0, "math.clamp(-math.sin(q.anim_time*90*4-45)*2,0,180)", "-math.cos(q.anim_time*90*4-65)*1"]
				},
				"leg_left2": {
					"rotation": ["30+math.clamp(-math.sin(q.anim_time*90*4-45)*30,0,90)", 0, 0]
				},
				"foot_left1": {
					"rotation": ["-20+math.clamp(math.sin(q.anim_time*90*4+25)*20,-180,5)", 0, 0]
				}
			}
		},
		"animation.incineroar.blink": {
			"animation_length": 0.1667,
			"bones": {
				"eyelid_right": {
					"position": {
						"0.0": [-0.1, 0, -0.1],
						"0.0833": [-0.1, 0, -0.1],
						"0.125": [0, 0, 0]
					}
				},
				"eyelid_left": {
					"position": {
						"0.0": [0.1, 0, -0.1],
						"0.0833": [0.1, 0, -0.1],
						"0.125": [0, 0, 0]
					}
				}
			}
		},
		"animation.incineroar.cry": {
			"animation_length": 2.48,
			"bones": {
				"torso_main": {
					"rotation": {
						"0.0": {
							"post": [0, 0, 0],
							"lerp_mode": "catmullrom"
						},
						"0.16": {
							"post": [17.5, 0, 0],
							"lerp_mode": "catmullrom"
						},
						"0.32": {
							"post": [-10, 0, 0],
							"lerp_mode": "catmullrom"
						},
						"1.36": {
							"post": [-10.09, 0, 0],
							"lerp_mode": "catmullrom"
						},
						"1.68": {
							"post": [0, 0, 0],
							"lerp_mode": "catmullrom"
						}
					}
				},
				"torso": {
					"rotation": {
						"0.0": {
							"post": [0, 0, 0],
							"lerp_mode": "catmullrom"
						},
						"0.16": {
							"post": [17.5, 0, 0],
							"lerp_mode": "catmullrom"
						},
						"0.32": {
							"post": [-27.5, 0, 0],
							"lerp_mode": "catmullrom"
						},
						"1.36": {
							"post": [-15.09, 0, 0],
							"lerp_mode": "catmullrom"
						},
						"1.68": {
							"post": [0, 0, 0],
							"lerp_mode": "catmullrom"
						}
					}
				},
				"neck": {
					"rotation": {
						"0.0": [0, 0, 0],
						"0.24": [10, 0, 0],
						"1.4": [10, 0, 0],
						"1.68": [0, 0, 0]
					}
				},
				"head": {
					"rotation": {
						"0.0": {
							"post": [0, 0, 0],
							"lerp_mode": "catmullrom"
						},
						"0.16": {
							"post": [17.5, 0, 0],
							"lerp_mode": "catmullrom"
						},
						"0.32": {
							"post": [-30, 0, 0],
							"lerp_mode": "catmullrom"
						},
						"1.36": {
							"post": [-35.09, 0, 0],
							"lerp_mode": "catmullrom"
						},
						"1.68": {
							"post": [0, 0, 0],
							"lerp_mode": "catmullrom"
						}
					}
				},
				"jaw": {
					"rotation": {
						"0.0": {
							"post": [0, 0, 0],
							"lerp_mode": "catmullrom"
						},
						"0.24": {
							"post": [25, 0, 0],
							"lerp_mode": "catmullrom"
						},
						"1.28": {
							"post": [40, 0, 0],
							"lerp_mode": "catmullrom"
						},
						"1.56": {
							"post": [0, 0, 0],
							"lerp_mode": "catmullrom"
						}
					},
					"position": {
						"0.0": {
							"post": [0, 0, 0],
							"lerp_mode": "catmullrom"
						},
						"0.24": {
							"post": [0, -0.5, 0],
							"lerp_mode": "catmullrom"
						},
						"1.28": {
							"post": [0, -0.5, 0],
							"lerp_mode": "catmullrom"
						},
						"1.56": {
							"post": [0, 0, 0],
							"lerp_mode": "catmullrom"
						}
					}
				},
				"arm_right1": {
					"rotation": {
						"0.0": {
							"post": [0, 0, 0],
							"lerp_mode": "catmullrom"
						},
						"0.16": {
							"post": [43.14716, -55.28787, -21.98814],
							"lerp_mode": "catmullrom"
						},
						"0.32": {
							"post": [-89.41881, -4.25199, 66.91881],
							"lerp_mode": "catmullrom"
						},
						"1.36": {
							"post": [-90.47635, 8.2746, 60.96258],
							"lerp_mode": "catmullrom"
						},
						"1.68": {
							"post": [0, 0, 0],
							"lerp_mode": "catmullrom"
						}
					}
				},
				"arm_right2": {
					"rotation": {
						"0.0": {
							"post": [0, 0, 0],
							"lerp_mode": "catmullrom"
						},
						"0.32": {
							"post": [0, -42.5, 0],
							"lerp_mode": "catmullrom"
						},
						"0.36": {
							"post": [0, -45.76, 0],
							"lerp_mode": "catmullrom"
						},
						"0.4": {
							"post": [0, -42.71, 0],
							"lerp_mode": "catmullrom"
						},
						"0.44": {
							"post": [0, -45.76, 0],
							"lerp_mode": "catmullrom"
						},
						"0.48": {
							"post": [0, -42.71, 0],
							"lerp_mode": "catmullrom"
						},
						"0.52": {
							"post": [0, -45.76, 0],
							"lerp_mode": "catmullrom"
						},
						"0.56": {
							"post": [0, -42.71, 0],
							"lerp_mode": "catmullrom"
						},
						"0.6": {
							"post": [0, -45.76, 0],
							"lerp_mode": "catmullrom"
						},
						"0.64": {
							"post": [0, -42.71, 0],
							"lerp_mode": "catmullrom"
						},
						"0.68": {
							"post": [0, -45.76, 0],
							"lerp_mode": "catmullrom"
						},
						"0.72": {
							"post": [0, -42.71, 0],
							"lerp_mode": "catmullrom"
						},
						"0.76": {
							"post": [0, -45.76, 0],
							"lerp_mode": "catmullrom"
						},
						"1.24": {
							"post": [0, -42.71, 0],
							"lerp_mode": "catmullrom"
						},
						"1.36": {
							"post": [0, -29, 0],
							"lerp_mode": "catmullrom"
						},
						"1.68": {
							"post": [0, 0, 0],
							"lerp_mode": "catmullrom"
						}
					}
				},
				"hand_right": {
					"rotation": {
						"0.0": {
							"post": [0, 0, 0],
							"lerp_mode": "catmullrom"
						},
						"0.32": {
							"post": [-60, -42.5, 0],
							"lerp_mode": "catmullrom"
						},
						"1.28": {
							"post": [-65, -29, 0],
							"lerp_mode": "catmullrom"
						},
						"1.6": {
							"post": [0, 0, 0],
							"lerp_mode": "catmullrom"
						}
					}
				},
				"arm_left1": {
					"rotation": {
						"0.0": {
							"post": [0, 0, 0],
							"lerp_mode": "catmullrom"
						},
						"0.16": {
							"post": [43.14716, 55.28787, 21.98814],
							"lerp_mode": "catmullrom"
						},
						"0.32": {
							"post": [-89.41881, 4.25199, -66.91881],
							"lerp_mode": "catmullrom"
						},
						"1.36": {
							"post": [-90.47635, -8.2746, -60.96258],
							"lerp_mode": "catmullrom"
						},
						"1.68": {
							"post": [0, 0, 0],
							"lerp_mode": "catmullrom"
						}
					}
				},
				"arm_left2": {
					"rotation": {
						"0.0": {
							"post": [0, 0, 0],
							"lerp_mode": "catmullrom"
						},
						"0.32": {
							"post": [0, 42.5, 0],
							"lerp_mode": "catmullrom"
						},
						"0.36": {
							"post": [0, 45.76, 0],
							"lerp_mode": "catmullrom"
						},
						"0.4": {
							"post": [0, 42.71, 0],
							"lerp_mode": "catmullrom"
						},
						"0.44": {
							"post": [0, 45.76, 0],
							"lerp_mode": "catmullrom"
						},
						"0.48": {
							"post": [0, 42.71, 0],
							"lerp_mode": "catmullrom"
						},
						"0.52": {
							"post": [0, 45.76, 0],
							"lerp_mode": "catmullrom"
						},
						"0.56": {
							"post": [0, 42.71, 0],
							"lerp_mode": "catmullrom"
						},
						"0.6": {
							"post": [0, 45.76, 0],
							"lerp_mode": "catmullrom"
						},
						"0.64": {
							"post": [0, 42.71, 0],
							"lerp_mode": "catmullrom"
						},
						"0.68": {
							"post": [0, 45.76, 0],
							"lerp_mode": "catmullrom"
						},
						"0.72": {
							"post": [0, 42.71, 0],
							"lerp_mode": "catmullrom"
						},
						"0.76": {
							"post": [0, 45.76, 0],
							"lerp_mode": "catmullrom"
						},
						"1.24": {
							"post": [0, 42.71, 0],
							"lerp_mode": "catmullrom"
						},
						"1.36": {
							"post": [0, 29, 0],
							"lerp_mode": "catmullrom"
						},
						"1.68": {
							"post": [0, 0, 0],
							"lerp_mode": "catmullrom"
						}
					}
				},
				"hand_left": {
					"rotation": {
						"0.0": {
							"post": [0, 0, 0],
							"lerp_mode": "catmullrom"
						},
						"0.32": {
							"post": [-60, 42.5, 0],
							"lerp_mode": "catmullrom"
						},
						"1.28": {
							"post": [-65, 29, 0],
							"lerp_mode": "catmullrom"
						},
						"1.6": {
							"post": [0, 0, 0],
							"lerp_mode": "catmullrom"
						}
					}
				},
				"body": {
					"position": {
						"0.0": {
							"post": [0, 0, 0],
							"lerp_mode": "catmullrom"
						},
						"0.16": {
							"post": [0, 0, 0],
							"lerp_mode": "catmullrom"
						},
						"0.32": {
							"post": [0, -3, 0],
							"lerp_mode": "catmullrom"
						},
						"0.84": {
							"post": [0, -3.3, 0],
							"lerp_mode": "catmullrom"
						},
						"1.36": {
							"post": [0, -2.8, 0],
							"lerp_mode": "catmullrom"
						},
						"1.68": {
							"post": [0, 0, 0],
							"lerp_mode": "catmullrom"
						}
					}
				},
				"belt": {
					"rotation": {
						"0.0": {
							"post": [0, 0, 0],
							"lerp_mode": "catmullrom"
						},
						"0.16": {
							"post": [0, 0, 0],
							"lerp_mode": "catmullrom"
						},
						"0.32": {
							"post": [-10, 0, 0],
							"lerp_mode": "catmullrom"
						},
						"0.92": {
							"post": [-15.09, 0, 0],
							"lerp_mode": "catmullrom"
						},
						"1.24": {
							"post": [0, 0, 0],
							"lerp_mode": "catmullrom"
						}
					},
					"position": {
						"0.0": [0, 0, 0],
						"0.32": [0, 1, 0],
						"0.92": [0, 1, 0],
						"1.24": [0, 0, 0]
					},
					"scale": {
						"0.0": [1, 1, 1],
						"0.32": {
							"pre": [1, 1, 1],
							"post": [
								"math.sin((query.anim_time * 90 * 24))*0.05+1",
								"math.sin((query.anim_time * 90 * 24))*0.05+1",
								"math.sin((query.anim_time * 90 * 24))*0.05+1"
							]
						},
						"1.08": {
							"pre": [
								"math.sin((query.anim_time * 90 * 24))*0.05+1",
								"math.sin((query.anim_time * 90 * 24))*0.05+1",
								"math.sin((query.anim_time * 90 * 24))*0.05+1"
							],
							"post": [1, 1, 1]
						}
					}
				},
				"leg_right1": {
					"rotation": {
						"0.0": {
							"post": [0, 0, 0],
							"lerp_mode": "catmullrom"
						},
						"0.16": {
							"post": [0, 0, 0],
							"lerp_mode": "catmullrom"
						},
						"0.32": {
							"post": [-20, 0, 0],
							"lerp_mode": "catmullrom"
						},
						"1.36": {
							"post": [-22.59, 0, 0],
							"lerp_mode": "catmullrom"
						},
						"1.68": {
							"post": [0, 0, 0],
							"lerp_mode": "catmullrom"
						}
					},
					"position": {
						"0.0": {
							"post": [0, 0, 0],
							"lerp_mode": "catmullrom"
						},
						"0.16": {
							"post": [0, 0, 0],
							"lerp_mode": "catmullrom"
						},
						"0.32": {
							"post": [-0.9, 0, 0],
							"lerp_mode": "catmullrom"
						},
						"1.36": {
							"post": [-0.9, 0, 0],
							"lerp_mode": "catmullrom"
						},
						"1.68": {
							"post": [0, 0, 0],
							"lerp_mode": "catmullrom"
						}
					}
				},
				"leg_right2": {
					"rotation": {
						"0.0": {
							"post": [0, 0, 0],
							"lerp_mode": "catmullrom"
						},
						"0.16": {
							"post": [0, 0, 0],
							"lerp_mode": "catmullrom"
						},
						"0.32": {
							"post": [40, 0, 0],
							"lerp_mode": "catmullrom"
						},
						"1.36": {
							"post": [42.59, 0, 0],
							"lerp_mode": "catmullrom"
						},
						"1.68": {
							"post": [0, 0, 0],
							"lerp_mode": "catmullrom"
						}
					}
				},
				"foot_right1": {
					"rotation": {
						"0.0": {
							"post": [0, 0, 0],
							"lerp_mode": "catmullrom"
						},
						"0.16": {
							"post": [0, 0, 0],
							"lerp_mode": "catmullrom"
						},
						"0.32": {
							"post": [-20, 0, 0],
							"lerp_mode": "catmullrom"
						},
						"1.36": {
							"post": [-20, 0, 0],
							"lerp_mode": "catmullrom"
						},
						"1.68": {
							"post": [0, 0, 0],
							"lerp_mode": "catmullrom"
						}
					}
				},
				"leg_left1": {
					"rotation": {
						"0.0": {
							"post": [0, 0, 0],
							"lerp_mode": "catmullrom"
						},
						"0.16": {
							"post": [0, 0, 0],
							"lerp_mode": "catmullrom"
						},
						"0.32": {
							"post": [-20, 0, 0],
							"lerp_mode": "catmullrom"
						},
						"1.36": {
							"post": [-22.59, 0, 0],
							"lerp_mode": "catmullrom"
						},
						"1.68": {
							"post": [0, 0, 0],
							"lerp_mode": "catmullrom"
						}
					},
					"position": {
						"0.0": {
							"post": [0, 0, 0],
							"lerp_mode": "catmullrom"
						},
						"0.16": {
							"post": [0, 0, 0],
							"lerp_mode": "catmullrom"
						},
						"0.32": {
							"post": [0.9, 0, 0],
							"lerp_mode": "catmullrom"
						},
						"1.36": {
							"post": [0.9, 0, 0],
							"lerp_mode": "catmullrom"
						},
						"1.68": {
							"post": [0, 0, 0],
							"lerp_mode": "catmullrom"
						}
					}
				},
				"leg_left2": {
					"rotation": {
						"0.0": {
							"post": [0, 0, 0],
							"lerp_mode": "catmullrom"
						},
						"0.16": {
							"post": [0, 0, 0],
							"lerp_mode": "catmullrom"
						},
						"0.32": {
							"post": [40, 0, 0],
							"lerp_mode": "catmullrom"
						},
						"1.36": {
							"post": [42.59, 0, 0],
							"lerp_mode": "catmullrom"
						},
						"1.68": {
							"post": [0, 0, 0],
							"lerp_mode": "catmullrom"
						}
					}
				},
				"foot_left1": {
					"rotation": {
						"0.0": {
							"post": [0, 0, 0],
							"lerp_mode": "catmullrom"
						},
						"0.16": {
							"post": [0, 0, 0],
							"lerp_mode": "catmullrom"
						},
						"0.32": {
							"post": [-20, 0, 0],
							"lerp_mode": "catmullrom"
						},
						"1.36": {
							"post": [-20, 0, 0],
							"lerp_mode": "catmullrom"
						},
						"1.68": {
							"post": [0, 0, 0],
							"lerp_mode": "catmullrom"
						}
					}
				}
			},
			"sound_effects": {
				"0.2": {
					"effect": "incineroar"
				}
			}
		},
		"animation.incineroar.battle_cry": {
			"animation_length": 2.48,
			"bones": {
				"torso_main": {
					"rotation": {
						"0.0": {
							"post": [0, 0, 0],
							"lerp_mode": "catmullrom"
						},
						"0.16": {
							"post": [17.5, 0, 0],
							"lerp_mode": "catmullrom"
						},
						"0.32": {
							"post": [-10, 0, 0],
							"lerp_mode": "catmullrom"
						},
						"1.36": {
							"post": [-10.09, 0, 0],
							"lerp_mode": "catmullrom"
						},
						"1.68": {
							"post": [0, 0, 0],
							"lerp_mode": "catmullrom"
						}
					}
				},
				"torso": {
					"rotation": {
						"0.0": {
							"post": [0, 0, 0],
							"lerp_mode": "catmullrom"
						},
						"0.16": {
							"post": [17.5, 0, 0],
							"lerp_mode": "catmullrom"
						},
						"0.32": {
							"post": [-27.5, 0, 0],
							"lerp_mode": "catmullrom"
						},
						"1.36": {
							"post": [-15.09, 0, 0],
							"lerp_mode": "catmullrom"
						},
						"1.68": {
							"post": [0, 0, 0],
							"lerp_mode": "catmullrom"
						}
					},
					"position": {
						"0.0": [0, 0, 0],
						"0.16": [0, 0, 0],
						"0.32": [0, 0, -0.4],
						"1.36": [0, 0, -0.3],
						"1.68": [0, 0, 0]
					}
				},
				"neck": {
					"rotation": {
						"0.0": [0, 0, 0],
						"0.24": [10, 0, 0],
						"1.4": [10, 0, 0],
						"1.68": [0, 0, 0]
					}
				},
				"head": {
					"rotation": {
						"0.0": {
							"post": [0, 0, 0],
							"lerp_mode": "catmullrom"
						},
						"0.16": {
							"post": [17.5, 0, 0],
							"lerp_mode": "catmullrom"
						},
						"0.32": {
							"post": [-30, 0, 0],
							"lerp_mode": "catmullrom"
						},
						"1.36": {
							"post": [-35.09, 0, 0],
							"lerp_mode": "catmullrom"
						},
						"1.68": {
							"post": [0, 0, 0],
							"lerp_mode": "catmullrom"
						}
					}
				},
				"jaw": {
					"rotation": {
						"0.0": {
							"post": [0, 0, 0],
							"lerp_mode": "catmullrom"
						},
						"0.24": {
							"post": [25, 0, 0],
							"lerp_mode": "catmullrom"
						},
						"1.28": {
							"post": [40, 0, 0],
							"lerp_mode": "catmullrom"
						},
						"1.56": {
							"post": [0, 0, 0],
							"lerp_mode": "catmullrom"
						}
					},
					"position": {
						"0.0": {
							"post": [0, 0, 0],
							"lerp_mode": "catmullrom"
						},
						"0.24": {
							"post": [0, -0.5, 0],
							"lerp_mode": "catmullrom"
						},
						"1.28": {
							"post": [0, -0.5, 0],
							"lerp_mode": "catmullrom"
						},
						"1.56": {
							"post": [0, 0, 0],
							"lerp_mode": "catmullrom"
						}
					}
				},
				"arm_left1": {
					"rotation": {
						"0.0": {
							"post": [0, 0, 0],
							"lerp_mode": "catmullrom"
						},
						"0.16": {
							"post": [43.14716, 55.28787, 21.98814],
							"lerp_mode": "catmullrom"
						},
						"0.32": {
							"post": [-73.29372, 35.94044, -61.12607],
							"lerp_mode": "catmullrom"
						},
						"1.36": {
							"post": [-75.69754, 17.9366, -59.67759],
							"lerp_mode": "catmullrom"
						},
						"1.68": {
							"post": [0, 0, 0],
							"lerp_mode": "catmullrom"
						}
					}
				},
				"arm_left2": {
					"rotation": {
						"0.0": {
							"post": [0, 0, 0],
							"lerp_mode": "catmullrom"
						},
						"0.32": {
							"post": [0, 42.5, 0],
							"lerp_mode": "catmullrom"
						},
						"0.36": {
							"post": [0, 45.76, 0],
							"lerp_mode": "catmullrom"
						},
						"0.4": {
							"post": [0, 42.71, 0],
							"lerp_mode": "catmullrom"
						},
						"0.44": {
							"post": [0, 45.76, 0],
							"lerp_mode": "catmullrom"
						},
						"0.48": {
							"post": [0, 42.71, 0],
							"lerp_mode": "catmullrom"
						},
						"0.52": {
							"post": [0, 45.76, 0],
							"lerp_mode": "catmullrom"
						},
						"0.56": {
							"post": [0, 42.71, 0],
							"lerp_mode": "catmullrom"
						},
						"0.6": {
							"post": [0, 45.76, 0],
							"lerp_mode": "catmullrom"
						},
						"0.64": {
							"post": [0, 42.71, 0],
							"lerp_mode": "catmullrom"
						},
						"0.68": {
							"post": [0, 45.76, 0],
							"lerp_mode": "catmullrom"
						},
						"0.72": {
							"post": [0, 42.71, 0],
							"lerp_mode": "catmullrom"
						},
						"0.76": {
							"post": [0, 45.76, 0],
							"lerp_mode": "catmullrom"
						},
						"1.24": {
							"post": [0, 27.71, 0],
							"lerp_mode": "catmullrom"
						},
						"1.36": {
							"post": [0, 29, 0],
							"lerp_mode": "catmullrom"
						},
						"1.68": {
							"post": [0, 0, 0],
							"lerp_mode": "catmullrom"
						}
					},
					"position": {
						"0.0": [0, 0, 0],
						"0.32": [0, 0, 0],
						"1.24": [1, 0, -1],
						"1.68": [0, 0, 0]
					}
				},
				"hand_left": {
					"rotation": {
						"0.0": {
							"post": [0, 0, 0],
							"lerp_mode": "catmullrom"
						},
						"0.32": {
							"post": [-35.8329, 38.18451, 22.50862],
							"lerp_mode": "catmullrom"
						},
						"1.28": {
							"post": [-22.97245, 24.91688, 20.67971],
							"lerp_mode": "catmullrom"
						},
						"1.6": {
							"post": [0, 0, 0],
							"lerp_mode": "catmullrom"
						}
					}
				},
				"body": {
					"position": {
						"0.0": {
							"post": [0, 0, 0],
							"lerp_mode": "catmullrom"
						},
						"0.16": {
							"post": [0, 0, 0],
							"lerp_mode": "catmullrom"
						},
						"0.32": {
							"post": [0, -3, 0],
							"lerp_mode": "catmullrom"
						},
						"0.84": {
							"post": [0, -3.3, 0],
							"lerp_mode": "catmullrom"
						},
						"1.36": {
							"post": [0, -2.8, 0],
							"lerp_mode": "catmullrom"
						},
						"1.68": {
							"post": [0, 0, 0],
							"lerp_mode": "catmullrom"
						}
					}
				},
				"belt": {
					"rotation": {
						"0.0": {
							"post": [0, 0, 0],
							"lerp_mode": "catmullrom"
						},
						"0.16": {
							"post": [0, 0, 0],
							"lerp_mode": "catmullrom"
						},
						"0.32": {
							"post": [-10, 0, 0],
							"lerp_mode": "catmullrom"
						},
						"1.36": {
							"post": [-7.59, 0, 0],
							"lerp_mode": "catmullrom"
						},
						"1.68": {
							"post": [0, 0, 0],
							"lerp_mode": "catmullrom"
						}
					},
					"scale": {
						"0.0": [1, 1, 1],
						"0.32": {
							"pre": [1, 1, 1],
							"post": [
								"math.sin((query.anim_time * 90 * 24))*0.05+1",
								"math.sin((query.anim_time * 90 * 24))*0.05+1",
								"math.sin((query.anim_time * 90 * 24))*0.05+1"
							]
						},
						"1.2": {
							"pre": [
								"math.sin((query.anim_time * 90 * 24))*0.05+1",
								"math.sin((query.anim_time * 90 * 24))*0.05+1",
								"math.sin((query.anim_time * 90 * 24))*0.05+1"
							],
							"post": [1, 1, 1]
						}
					}
				},
				"leg_right1": {
					"rotation": {
						"0.0": {
							"post": [0, 0, 0],
							"lerp_mode": "catmullrom"
						},
						"0.16": {
							"post": [0, 0, 0],
							"lerp_mode": "catmullrom"
						},
						"0.32": {
							"post": [-20, 0, 0],
							"lerp_mode": "catmullrom"
						},
						"1.36": {
							"post": [-22.59, 0, 0],
							"lerp_mode": "catmullrom"
						},
						"1.68": {
							"post": [0, 0, 0],
							"lerp_mode": "catmullrom"
						}
					},
					"position": {
						"0.0": {
							"post": [0, 0, 0],
							"lerp_mode": "catmullrom"
						},
						"0.16": {
							"post": [0, 0, 0],
							"lerp_mode": "catmullrom"
						},
						"0.32": {
							"post": [-0.9, 0.7, 0],
							"lerp_mode": "catmullrom"
						},
						"1.36": {
							"post": [-0.9, 0.7, 0],
							"lerp_mode": "catmullrom"
						},
						"1.68": {
							"post": [0, 0, 0],
							"lerp_mode": "catmullrom"
						}
					}
				},
				"leg_right2": {
					"rotation": {
						"0.0": {
							"post": [0, 0, 0],
							"lerp_mode": "catmullrom"
						},
						"0.16": {
							"post": [0, 0, 0],
							"lerp_mode": "catmullrom"
						},
						"0.32": {
							"post": [40, 0, 0],
							"lerp_mode": "catmullrom"
						},
						"1.36": {
							"post": [42.59, 0, 0],
							"lerp_mode": "catmullrom"
						},
						"1.68": {
							"post": [0, 0, 0],
							"lerp_mode": "catmullrom"
						}
					}
				},
				"foot_right1": {
					"rotation": {
						"0.0": {
							"post": [0, 0, 0],
							"lerp_mode": "catmullrom"
						},
						"0.16": {
							"post": [0, 0, 0],
							"lerp_mode": "catmullrom"
						},
						"0.32": {
							"post": [-20, 0, 0],
							"lerp_mode": "catmullrom"
						},
						"1.36": {
							"post": [-20, 0, 0],
							"lerp_mode": "catmullrom"
						},
						"1.68": {
							"post": [0, 0, 0],
							"lerp_mode": "catmullrom"
						}
					}
				},
				"leg_left1": {
					"rotation": {
						"0.0": {
							"post": [0, 0, 0],
							"lerp_mode": "catmullrom"
						},
						"0.16": {
							"post": [0, 0, 0],
							"lerp_mode": "catmullrom"
						},
						"0.32": {
							"post": [-20, 0, 0],
							"lerp_mode": "catmullrom"
						},
						"1.36": {
							"post": [-22.59, 0, 0],
							"lerp_mode": "catmullrom"
						},
						"1.68": {
							"post": [0, 0, 0],
							"lerp_mode": "catmullrom"
						}
					},
					"position": {
						"0.0": {
							"post": [0, 0, 0],
							"lerp_mode": "catmullrom"
						},
						"0.16": {
							"post": [0, 0, 0],
							"lerp_mode": "catmullrom"
						},
						"0.32": {
							"post": [0.9, 0, 0],
							"lerp_mode": "catmullrom"
						},
						"1.36": {
							"post": [0.9, 0, 0],
							"lerp_mode": "catmullrom"
						},
						"1.68": {
							"post": [0, 0, 0],
							"lerp_mode": "catmullrom"
						}
					}
				},
				"leg_left2": {
					"rotation": {
						"0.0": {
							"post": [0, 0, 0],
							"lerp_mode": "catmullrom"
						},
						"0.16": {
							"post": [0, 0, 0],
							"lerp_mode": "catmullrom"
						},
						"0.32": {
							"post": [40, 0, 0],
							"lerp_mode": "catmullrom"
						},
						"1.36": {
							"post": [42.59, 0, 0],
							"lerp_mode": "catmullrom"
						},
						"1.68": {
							"post": [0, 0, 0],
							"lerp_mode": "catmullrom"
						}
					},
					"position": {
						"0.0": [0, 0, 0],
						"0.16": [0, 0, 0.1],
						"0.32": [0, 0, 1],
						"0.84": [-0.1, -0.4, 1.65],
						"1.36": [0, -0.2, 1.5],
						"1.68": [0, 0, 0]
					}
				},
				"foot_left1": {
					"rotation": {
						"0.0": {
							"post": [0, 0, 0],
							"lerp_mode": "catmullrom"
						},
						"0.16": {
							"post": [0, 0, 0],
							"lerp_mode": "catmullrom"
						},
						"0.32": {
							"post": [-20, 0, 0],
							"lerp_mode": "catmullrom"
						},
						"1.36": {
							"post": [-20, 0, 0],
							"lerp_mode": "catmullrom"
						},
						"1.68": {
							"post": [0, 0, 0],
							"lerp_mode": "catmullrom"
						}
					}
				}
			},
			"sound_effects": {
				"0.2": {
					"effect": "incineroar"
				}
			}
		}
	}
}