{
	"format_version": "1.12.0",
	"minecraft:geometry": [
		{
			"description": {
				"identifier": "geometry.poseiclops",
				"texture_width": 256,
				"texture_height": 256,
				"visible_bounds_width": 9,
				"visible_bounds_height": 7,
				"visible_bounds_offset": [0, 2.5, 0]
			},
			"bones": [
				{
					"name": "poseiclops",
					"pivot": [0, 0, 0]
				},
				{
					"name": "waist",
					"parent": "poseiclops",
					"pivot": [0, 10.96193, -3.69027],
					"cubes": [
						{"origin": [-6, 8.96193, -8.69027], "size": [12, 8, 10], "uv": [0, 67]}
					]
				},
				{
					"name": "torso",
					"parent": "waist",
					"pivot": [0, 14.80165, -1.9243],
					"cubes": [
						{"origin": [-11, 15.80165, -10.4243], "size": [22, 11, 13], "pivot": [5.25, 20.17562, -4.05458], "rotation": [0, 0, 0], "uv": [0, 43]},
						{"origin": [-10.75, 18.05165, -11.1743], "size": [10, 8, 4], "pivot": [-5.5, 20.80165, -11.1743], "rotation": [0.98448, 7.43547, 7.56397], "uv": [64, 103]},
						{"origin": [0.75, 18.05165, -11.1743], "size": [10, 8, 4], "pivot": [5.5, 20.80165, -11.1743], "rotation": [0.98448, -7.43547, -7.56397], "uv": [0, 101]}
					]
				},
				{
					"name": "shoulder_left",
					"parent": "torso",
					"pivot": [10, 24.80165, -2.4243],
					"cubes": [
						{"origin": [7, 20.80165, -6.4243], "size": [9, 8, 8], "pivot": [6.25, 20.17562, -4.05458], "rotation": [0, 0, 0], "uv": [34, 91]}
					]
				},
				{
					"name": "arm_left",
					"parent": "shoulder_left",
					"pivot": [16, 24.80165, -2.4243],
					"cubes": [
						{"origin": [16, 21.30165, -5.9243], "size": [9, 7, 7], "pivot": [6.25, 20.17562, -4.05458], "rotation": [0, 0, 0], "uv": [95, 94]}
					]
				},
				{
					"name": "forearm_left",
					"parent": "arm_left",
					"pivot": [25, 24.80165, -2.4243],
					"cubes": [
						{"origin": [25, 20.80165, -6.4243], "size": [9, 8, 8], "pivot": [6.25, 20.17562, -4.05458], "rotation": [0, 0, 0], "uv": [90, 0]}
					]
				},
				{
					"name": "hand_left",
					"parent": "forearm_left",
					"pivot": [34, 27.30165, -2.4243],
					"cubes": [
						{"origin": [34, 24.80165, -6.9243], "size": [7, 4, 9], "pivot": [6.25, 20.17562, -4.05458], "rotation": [0, 0, 0], "uv": [96, 46]}
					]
				},
				{
					"name": "trident",
					"parent": "hand_left",
					"pivot": [37.44055, 24.30165, -2.39023],
					"cubes": [
						{"origin": [36, 22.80165, -22.4243], "size": [3, 3, 40], "pivot": [6.25, 20.17562, -4.05458], "rotation": [0, 0, 0], "uv": [0, 0]},
						{"origin": [35, 21.80165, 17.5757], "size": [5, 5, 2], "pivot": [6.25, 20.17562, -4.05458], "rotation": [0, 0, 0], "uv": [120, 67]},
						{"origin": [35, 24.30165, 19.5757], "size": [5, 0, 8], "pivot": [6.25, 20.17562, -4.05458], "rotation": [0, 0, 0], "uv": [13, 0]},
						{"origin": [35, 24.30165, -48.1743], "size": [5, 0, 7], "pivot": [6.25, 20.17562, 9.94542], "rotation": [0, 0, 0], "uv": [0, 7]},
						{"origin": [36.5, 23.30165, -42.4243], "size": [2, 2, 17], "pivot": [6.25, 20.17562, 9.94542], "rotation": [0, 0, 0], "uv": [0, 0]},
						{"origin": [34, 22.80165, -25.4243], "size": [7, 3, 3], "pivot": [6.25, 20.17562, 9.94542], "rotation": [0, 0, 0], "uv": [119, 46]},
						{"origin": [30.25, 23.30165, -34.3243], "size": [2, 2, 7], "pivot": [31.25, 24.30165, -34.3243], "rotation": [0, -10, 0], "uv": [118, 76]},
						{"origin": [30.25, 23.30165, -40.8243], "size": [2, 2, 7], "inflate": -0.01, "pivot": [31.25, 24.30165, -33.8243], "rotation": [0, 15, 0], "uv": [17, 117]},
						{"origin": [26.4, 24.30165, -46.4243], "size": [5, 0, 7], "pivot": [29.75, 24.30165, -42.9243], "rotation": [0, 15, 0], "uv": [0, 7]},
						{"origin": [42.14393, 23.30165, -34.61606], "size": [2, 2, 7], "pivot": [45.0144, 24.30165, -36.79089], "rotation": [0, 10, 0], "uv": [109, 67]},
						{"origin": [43.36771, 23.30165, -40.54637], "size": [2, 2, 7], "inflate": -0.01, "pivot": [45.0144, 24.30165, -36.79089], "rotation": [0, -15, 0], "uv": [117, 9]},
						{"origin": [41.81134, 24.30165, -46.22452], "size": [5, 0, 7], "pivot": [45.0144, 24.30165, -36.79089], "rotation": [0, -15, 0], "uv": [0, 7]},
						{"origin": [41, 22.80165, -28.4743], "size": [7, 3, 3], "inflate": -0.01, "pivot": [44.5, 24.30165, -23.9243], "rotation": [0, 45, 0], "uv": [117, 18]},
						{"origin": [29.04332, 22.80165, -27.58098], "size": [7, 3, 3], "inflate": -0.01, "pivot": [32.54332, 24.30165, -26.08098], "rotation": [0, 135, 0], "uv": [116, 0]}
					]
				},
				{
					"name": "finger1_left",
					"parent": "hand_left",
					"pivot": [41, 28.80165, -5.4243],
					"cubes": [
						{"origin": [41, 25.80165, -6.9243], "size": [4, 3, 3], "pivot": [6.25, 20.17562, -4.05458], "rotation": [0, 0, 0], "uv": [68, 125]}
					]
				},
				{
					"name": "finger1a_left",
					"parent": "finger1_left",
					"pivot": [45, 28.80165, -5.4243],
					"cubes": [
						{"origin": [45, 25.80165, -6.9243], "size": [4, 3, 3], "pivot": [6.25, 20.17562, -4.05458], "rotation": [0, 0, 0], "uv": [43, 121]}
					]
				},
				{
					"name": "finger2_left",
					"parent": "hand_left",
					"pivot": [41, 28.80165, -2.4243],
					"cubes": [
						{"origin": [41, 25.80165, -3.9243], "size": [4, 3, 3], "pivot": [6.25, 20.17562, -4.05458], "rotation": [0, 0, 0], "uv": [54, 125]}
					]
				},
				{
					"name": "finger2a_left",
					"parent": "finger2_left",
					"pivot": [45, 28.80165, -2.4243],
					"cubes": [
						{"origin": [45, 25.80165, -3.9243], "size": [4, 3, 3], "pivot": [6.25, 20.17562, -4.05458], "rotation": [0, 0, 0], "uv": [0, 123]}
					]
				},
				{
					"name": "finger3_left",
					"parent": "hand_left",
					"pivot": [41, 28.80165, 0.5757],
					"cubes": [
						{"origin": [41, 25.80165, -0.9243], "size": [4, 3, 3], "pivot": [6.25, 20.17562, -4.05458], "rotation": [0, 0, 0], "uv": [124, 123]}
					]
				},
				{
					"name": "finger3a_left",
					"parent": "finger3_left",
					"pivot": [45, 28.80165, 0.5757],
					"cubes": [
						{"origin": [45, 25.80165, -0.9243], "size": [4, 3, 3], "pivot": [6.25, 20.17562, -4.05458], "rotation": [0, 0, 0], "uv": [32, 124]}
					]
				},
				{
					"name": "thumb_left",
					"parent": "hand_left",
					"pivot": [34, 24.80165, -6.9243],
					"cubes": [
						{"origin": [34, 21.80165, -6.9243], "size": [6, 3, 3], "pivot": [37, 23.30165, -5.4243], "rotation": [0, 0, 0], "uv": [119, 59]}
					]
				},
				{
					"name": "shoulder_right",
					"parent": "torso",
					"pivot": [-10, 24.80165, -2.4243],
					"cubes": [
						{"origin": [-16, 20.80165, -6.4243], "size": [9, 8, 8], "pivot": [-6.25, 20.17562, -4.05458], "rotation": [0, 0, 0], "uv": [68, 85]}
					]
				},
				{
					"name": "arm_right",
					"parent": "shoulder_right",
					"pivot": [-16, 24.80165, -2.4243],
					"cubes": [
						{"origin": [-25, 21.30165, -5.9243], "size": [9, 7, 7], "pivot": [-6.25, 20.17562, -4.05458], "rotation": [0, 0, 0], "uv": [95, 32]}
					]
				},
				{
					"name": "forearm_right",
					"parent": "arm_right",
					"pivot": [-25, 24.80165, -2.4243],
					"cubes": [
						{"origin": [-34, 20.80165, -6.4243], "size": [9, 8, 8], "pivot": [-6.25, 20.17562, -4.05458], "rotation": [0, 0, 0], "uv": [0, 85]}
					]
				},
				{
					"name": "hand_right",
					"parent": "forearm_right",
					"pivot": [-34, 27.30165, -2.4243],
					"cubes": [
						{"origin": [-41, 24.80165, -6.9243], "size": [7, 4, 9], "pivot": [-6.25, 20.17562, -4.05458], "rotation": [0, 0, 0], "uv": [95, 76]}
					]
				},
				{
					"name": "finger1_right",
					"parent": "hand_right",
					"pivot": [-41, 28.80165, -5.4243],
					"cubes": [
						{"origin": [-45, 25.80165, -6.9243], "size": [4, 3, 3], "pivot": [-6.25, 20.17562, -4.05458], "rotation": [0, 0, 0], "uv": [113, 120]}
					]
				},
				{
					"name": "finger1a_right",
					"parent": "finger1_right",
					"pivot": [-45, 28.80165, -5.4243],
					"cubes": [
						{"origin": [-49, 25.80165, -6.9243], "size": [4, 3, 3], "pivot": [-6.25, 20.17562, -4.05458], "rotation": [0, 0, 0], "uv": [99, 120]}
					]
				},
				{
					"name": "finger2_right",
					"parent": "hand_right",
					"pivot": [-41, 28.80165, -2.4243],
					"cubes": [
						{"origin": [-45, 25.80165, -3.9243], "size": [4, 3, 3], "pivot": [-6.25, 20.17562, -4.05458], "rotation": [0, 0, 0], "uv": [120, 89]}
					]
				},
				{
					"name": "finger2a_right",
					"parent": "finger2_right",
					"pivot": [-45, 28.80165, -2.4243],
					"cubes": [
						{"origin": [-49, 25.80165, -3.9243], "size": [4, 3, 3], "pivot": [-6.25, 20.17562, -4.05458], "rotation": [0, 0, 0], "uv": [120, 95]}
					]
				},
				{
					"name": "finger3_right",
					"parent": "hand_right",
					"pivot": [-41, 28.80165, 0.5757],
					"cubes": [
						{"origin": [-45, 25.80165, -0.9243], "size": [4, 3, 3], "pivot": [-6.25, 20.17562, -4.05458], "rotation": [0, 0, 0], "uv": [120, 33]}
					]
				},
				{
					"name": "finger3a_right",
					"parent": "finger3_right",
					"pivot": [-45, 28.80165, 0.5757],
					"cubes": [
						{"origin": [-49, 25.80165, -0.9243], "size": [4, 3, 3], "pivot": [-6.25, 20.17562, -4.05458], "rotation": [0, 0, 0], "uv": [85, 120]}
					]
				},
				{
					"name": "thumb_right",
					"parent": "hand_right",
					"pivot": [-34, 23.30165, -6.9243],
					"cubes": [
						{"origin": [-40, 21.80165, -6.9243], "size": [6, 3, 3], "pivot": [-37, 23.30165, -5.4243], "rotation": [0, 0, 0], "uv": [28, 118]}
					]
				},
				{
					"name": "neck",
					"parent": "torso",
					"pivot": [0, 26.61865, -2.81158],
					"cubes": [
						{"origin": [-3.5, 26.11865, -6.31158], "size": [7, 3, 7], "uv": [21, 107]}
					]
				},
				{
					"name": "head",
					"parent": "neck",
					"pivot": [0, 28.03253, -2.57808],
					"cubes": [
						{"origin": [-15.9, 27.35606, -1.72751], "size": [11, 12, 0], "pivot": [-8.65, 32.10606, -4.72751], "rotation": [9.42961, 36.46498, 15.61249], "uv": [92, 108]},
						{"origin": [-4.5, 28.10606, -8.72751], "size": [9, 9, 10], "pivot": [0, 27.6001, 5.59383], "rotation": [0, 0, 0], "uv": [0, 19]},
						{"origin": [-4, 36.60606, -5.72751], "size": [8, 1, 7], "pivot": [0, 37.60606, -2.22751], "rotation": [10, 0, 0], "uv": [96, 59]},
						{"origin": [4.9, 27.35606, -1.72751], "size": [11, 12, 0], "pivot": [8.65, 32.10606, -4.72751], "rotation": [9.42961, -36.46498, -15.61249], "uv": [114, 108]}
					]
				},
				{
					"name": "eye_open",
					"parent": "head",
					"pivot": [0, 32.60606, -7.82751],
					"cubes": [
						{"origin": [-4, 29.60606, -8.82751], "size": [8, 6, 0], "pivot": [0, 27.6001, 4.59383], "rotation": [0, 0, 0], "uv": [120, 27]}
					]
				},
				{
					"name": "eye_close",
					"parent": "head",
					"pivot": [0, 32.60606, -7.62751],
					"cubes": [
						{"origin": [-4, 29.60606, -8.62751], "size": [8, 6, 0], "pivot": [0, 27.6001, 4.59383], "rotation": [0, 0, 0], "uv": [34, 67]}
					]
				},
				{
					"name": "hair",
					"parent": "head",
					"pivot": [0, 36.9359, 1.05413],
					"cubes": [
						{"origin": [-4.5, 31.08088, -3.83683], "size": [9, 2, 9], "inflate": -0.01, "pivot": [0, 28.6001, 5.59383], "rotation": [-40, 0, 0], "uv": [90, 16]}
					]
				},
				{
					"name": "hair2",
					"parent": "hair",
					"pivot": [0, 31.28762, 7.78289],
					"cubes": [
						{"origin": [-5.5, 31.0155, 4.12362], "size": [11, 2, 9], "inflate": -0.01, "pivot": [0, 28.6001, 5.59383], "rotation": [-55, 0, 0], "uv": [64, 74]},
						{"origin": [-1.6217, 30.0155, 12.78884], "size": [6, 4, 6], "inflate": -0.01, "pivot": [0, 28.6001, 5.59383], "rotation": [-57.60064, 14.02846, -20.9057], "uv": [61, 115]},
						{"origin": [-3, 30.0155, 12.87362], "size": [6, 4, 6], "pivot": [0, 28.6001, 5.59383], "rotation": [-55, 0, 0], "uv": [43, 111]},
						{"origin": [-4.3783, 30.0155, 12.78884], "size": [6, 4, 6], "inflate": -0.01, "pivot": [0, 28.6001, 5.59383], "rotation": [-57.60064, -14.02846, 20.9057], "uv": [0, 113]}
					]
				},
				{
					"name": "tail1",
					"parent": "waist",
					"pivot": [0, 10.71193, -3.69027],
					"cubes": [
						{"origin": [-8, -0.03807, -9.69027], "size": [16, 10, 12], "uv": [46, 17]}
					]
				},
				{
					"name": "tail2",
					"parent": "tail1",
					"pivot": [0, 3.71193, -1.69027],
					"cubes": [
						{"origin": [-6.5, 0.21193, -5.69027], "size": [13, 7, 20], "uv": [50, 47]}
					]
				},
				{
					"name": "tail3",
					"parent": "tail2",
					"pivot": [0, 2.96193, 14.30973],
					"cubes": [
						{"origin": [-5, 0.46193, 14.30973], "size": [10, 5, 12], "uv": [32, 74]}
					]
				},
				{
					"name": "tail4",
					"parent": "tail3",
					"pivot": [0, 3.46193, 26.30973],
					"cubes": [
						{"origin": [-11, 2.46193, 26.30973], "size": [22, 0, 17], "pivot": [0, 2.46193, 34.80973], "rotation": [-7.5, 0, 0], "uv": [29, 0]}
					]
				}
			]
		}
	]
}