{
	"format_version": "1.8.0",
	"animations": {
		"animation.joculudum.ground_walk": {
			"loop": true,
			"animation_length": 3,
			"bones": {
				"cape": {
					"position": {
						"0.0": [0, 0, -0.7],
						"3.0": [0, 0, -0.7]
					},
					"scale": {
						"0.0": [1.4, 1, 1.2],
						"3.0": [1.4, 1, 1.2]
					}
				},
				"right_armcape": {
					"rotation": {
						"0.0": [0, 0, -15],
						"3.0": [0, 0, -15]
					}
				},
				"right_armcape2": {
					"rotation": {
						"0.0": [0, 0, 15],
						"3.0": [0, 0, 15]
					}
				},
				"right_leg": {
					"rotation": {
						"0.0": [5, 0, 0],
						"3.0": [5, 0, 0]
					}
				},
				"right_shoe": {
					"rotation": {
						"0.0": [12.5, 0, 0],
						"1.5": [10, 0, 0],
						"3.0": [12.5, 0, 0]
					},
					"position": {
						"0.0": [0, -1, 0],
						"3.0": [0, -1, 0]
					}
				},
				"left_leg": {
					"rotation": {
						"0.0": [-5, 0, 0],
						"3.0": [-5, 0, 0]
					}
				},
				"left_shoe": {
					"rotation": {
						"0.0": [47.5, 0, 0],
						"1.5": [37.5, 0, 0],
						"3.0": [47.5, 0, 0]
					},
					"position": {
						"0.0": [0, -2.2, 1.7],
						"3.0": [0, -2.2, 1.7]
					}
				},
				"head": {
					"rotation": {
						"0.0": [-2.5, 0, 0],
						"1.4583": [-10.4, 0, 0],
						"3.0": [-2.5, 0, 0]
					},
					"position": {
						"0.0": [-0.1, -0.7, 0.7],
						"3.0": [-0.1, -0.7, 0.7]
					}
				},
				"hair13": {
					"rotation": {
						"0.0": [0, 0, 2.5],
						"3.0": [0, 0, 2.5]
					}
				},
				"hair14": {
					"rotation": {
						"0.0": [12.48848, 0.54094, -2.44081],
						"3.0": [12.48848, 0.54094, -2.44081]
					}
				},
				"hair15": {
					"rotation": {
						"0.0": [17.5, 0, 5],
						"3.0": [17.5, 0, 5]
					}
				},
				"mouth": {
					"position": {
						"0.0": [-0.2, -0.1, 0],
						"3.0": [-0.2, -0.1, 0]
					},
					"scale": {
						"0.0": [0.95, 0.97, 1],
						"3.0": [0.95, 0.97, 1]
					}
				},
				"eyes": {
					"position": {
						"0.0": [0, -0.8, 0],
						"1.5": [0, -0.8, 0],
						"1.6667": [0, -3.8, 0],
						"1.875": [0, -3.8, 0],
						"2.0417": [0, -0.8, 0],
						"3.0": [0, -0.8, 0]
					},
					"scale": {
						"0.0": [1, 0.8, 1],
						"1.5": [1, 0.8, 1],
						"1.6667": [1, 0.1, 1],
						"1.875": [1, 0.1, 1],
						"2.0417": [1, 0.8, 1],
						"3.0": [1, 0.8, 1]
					}
				},
				"hair10": {
					"rotation": {
						"0.0": [2.5, 0, 0],
						"3.0": [2.5, 0, 0]
					}
				},
				"hair11": {
					"rotation": {
						"0.0": [14.98637, 0.64686, -2.41492],
						"3.0": [14.98637, 0.64686, -2.41492]
					}
				},
				"hair12": {
					"rotation": {
						"0.0": [25, 0, 0],
						"3.0": [25, 0, 0]
					}
				},
				"hair7": {
					"rotation": {
						"0.0": [2.5, 0, 0],
						"3.0": [2.5, 0, 0]
					}
				},
				"hair8": {
					"rotation": {
						"0.0": [27.5, 0, 0],
						"3.0": [27.5, 0, 0]
					}
				},
				"hair9": {
					"rotation": {
						"0.0": [22.5, 0, 0],
						"3.0": [22.5, 0, 0]
					}
				},
				"hair4": {
					"rotation": {
						"0.0": [2.5, 0, 0],
						"3.0": [2.5, 0, 0]
					}
				},
				"hair5": {
					"rotation": {
						"0.0": [30, 0, 0],
						"3.0": [30, 0, 0]
					}
				},
				"hair6": {
					"rotation": {
						"0.0": [20, 0, 0],
						"3.0": [20, 0, 0]
					}
				},
				"hair": {
					"rotation": {
						"0.0": [0, 0, 0],
						"1.4583": [-2.5, 0, 0],
						"3.0": [0, 0, 0]
					}
				},
				"hair3": {
					"rotation": {
						"0.0": [12.5, 0, 0],
						"3.0": [12.5, 0, 0]
					}
				},
				"hair2": {
					"rotation": {
						"0.0": [17.5, 0, 0],
						"1.4583": [27.5, 0, 0],
						"3.0": [17.5, 0, 0]
					}
				},
				"right_hand": {
					"rotation": {
						"0.0": [0, 0, 67.5],
						"1.875": [0, -25, 67.5],
						"3.0": [0, 0, 67.5]
					},
					"position": {
						"0.0": [0.2, -6, 2],
						"3.0": [0.2, -6, 2]
					},
					"scale": {
						"0.0": [0.9, 1, 0.6],
						"3.0": [0.9, 1, 0.6]
					}
				},
				"right_finger": {
					"rotation": {
						"0.0": [0, 0, 15],
						"3.0": [0, 0, 15]
					}
				},
				"right_finger2": {
					"rotation": {
						"0.0": [0, 0, 40],
						"3.0": [0, 0, 40]
					}
				},
				"right_finger7": {
					"rotation": {
						"0.0": [0, -22.5, 0],
						"3.0": [0, -22.5, 0]
					}
				},
				"right_finger8": {
					"rotation": {
						"0.0": [0, 0, 27.5],
						"3.0": [0, 0, 27.5]
					}
				},
				"right_finger9": {
					"rotation": {
						"0.0": [-300.42549, -43.38107, -309.63993],
						"3.0": [-300.42549, -43.38107, -309.63993]
					}
				},
				"right_finger10": {
					"rotation": {
						"0.0": [0, 0, 15],
						"3.0": [0, 0, 15]
					}
				},
				"right_finger3": {
					"rotation": {
						"0.0": [0, 0, -25],
						"0.0417": [-2.5, 0, -25],
						"3.0": [0, 0, -25]
					}
				},
				"right_finger4": {
					"rotation": {
						"0.0": [0, 0, 40],
						"3.0": [0, 0, 40]
					}
				},
				"right_finger6": {
					"rotation": {
						"0.0": [0, 0, 27.5],
						"3.0": [0, 0, 27.5]
					}
				},
				"card": {
					"rotation": {
						"0.0": [0, 34.5, 0],
						"0.25": [-16.19633, 30.88645, -29.50208],
						"0.5833": [176.35897, -14.65278, 174.08387],
						"0.875": [176.35897, -14.65278, 174.08387],
						"1.0": [176.35897, -14.65278, 174.08387],
						"1.5": [10.31468, -17.96796, -1637.77933],
						"3.0": [0, 34.5, 0]
					},
					"position": {
						"0.0": [0.2, 0, 2.4],
						"1.4583": [0.2, -8, 2.4],
						"3.0": [0.2, 0, 2.4]
					}
				},
				"card2": {
					"rotation": {
						"0.0": [0, 20, 0],
						"1.0833": [5.38152, -19.291, 164.08473],
						"1.5": [5.38152, -19.291, 164.08473],
						"1.625": [5.38152, -19.291, 164.08473],
						"3.0": [0, 20, 0]
					},
					"position": {
						"0.0": [-0.6, 0, 0.8],
						"1.4583": [-0.6, -4, 0.8],
						"3.0": [-0.6, 0, 0.8]
					}
				},
				"card3": {
					"rotation": [0, 0, -10],
					"position": [-0.9, 0, 0]
				},
				"card4": {
					"rotation": {
						"0.0": [0, -10, 0],
						"0.75": [179.77823, -12.47595, 361.27876],
						"1.5": [-1.31845, -9.91358, 7.61435],
						"3.0": [0, -10, 0]
					},
					"position": {
						"0.0": [0, 0, -1.3],
						"0.75": [0, -39, -1.3],
						"1.5": [5, -1, 1.7],
						"3.0": [0, 0, -1.3]
					}
				},
				"left_hand": {
					"rotation": {
						"0.0": [0, 0, -57.5],
						"1.875": [0, 25, -57.5],
						"3.0": [0, 0, -57.5]
					},
					"position": {
						"0.0": [0, -5, 0],
						"1.875": [0, -6, 2],
						"3.0": [0, -5, 0]
					},
					"scale": {
						"0.0": [0.9, 1, 0.6],
						"3.0": [0.9, 1, 0.6]
					}
				},
				"left_finger": {
					"rotation": {
						"0.0": [0, -10, -5],
						"3.0": [0, -10, -5]
					}
				},
				"left_finger2": {
					"rotation": {
						"0.0": [0, 0, -25],
						"3.0": [0, 0, -25]
					}
				},
				"left_finger7": {
					"rotation": {
						"0.0": [0, 20, 0],
						"3.0": [0, 20, 0]
					}
				},
				"left_finger8": {
					"rotation": {
						"0.0": [0, 0, -27.5],
						"3.0": [0, 0, -27.5]
					}
				},
				"left_finger9": {
					"rotation": {
						"0.0": [63.87123, 43.06416, -67.78399],
						"3.0": [63.87123, 43.06416, -67.78399]
					}
				},
				"left_finger10": {
					"rotation": {
						"0.0": [0, 0, -50],
						"3.0": [0, 0, -50]
					}
				},
				"left_finger3": {
					"rotation": {
						"0.0": [0, 0, 5],
						"3.0": [0, 0, 5]
					}
				},
				"left_finger4": {
					"rotation": {
						"0.0": [0, 0, -27.5],
						"3.0": [0, 0, -27.5]
					}
				},
				"left_finger5": {
					"rotation": {
						"0.0": [0, 0, 22.5],
						"3.0": [0, 0, 22.5]
					}
				},
				"left_finger6": {
					"rotation": {
						"0.0": [0, 0, -52.5],
						"3.0": [0, 0, -52.5]
					}
				},
				"card5": {
					"rotation": {
						"0.0": [0, -22.5, 0],
						"1.875": [7.5241, -21.10455, 0],
						"2.25": [-6.1191, -21.69365, 376.17354],
						"3.0": [0, -22.5, 0]
					},
					"position": {
						"0.0": [0, 0, 1.7],
						"1.5": [0, 0, 1.7],
						"2.25": [-5, -31, 0.7],
						"3.0": [0, 0, 1.7]
					}
				},
				"cards": {
					"rotation": [14, -7.5, 0],
					"position": [-1, 7, -4],
					"scale": [0, 1.3, 0]
				},
				"body": {
					"rotation": {
						"0.0": [2.5, 0, 0],
						"3.0": [2.5, 0, 0]
					},
					"position": {
						"0.0": [0, 9, 0],
						"1.625": [0, 14.25, -2],
						"3.0": [0, 9, 0]
					}
				},
				"torso": {
					"rotation": [12.5, 0, 0]
				}
			}
		},
		"animation.joculudum.ground_idle": {
			"loop": true,
			"animation_length": 3,
			"bones": {
				"cape": {
					"position": {
						"0.0": [0, 0, -0.7],
						"3.0": [0, 0, -0.7]
					},
					"scale": {
						"0.0": [1.4, 1, 1.2],
						"3.0": [1.4, 1, 1.2]
					}
				},
				"right_armcape": {
					"rotation": {
						"0.0": [0, 0, -50],
						"1.5417": [0, 0, -47.5],
						"3.0": [0, 0, -50]
					},
					"position": {
						"0.0": [-1.3, 0, 0],
						"3.0": [-1.3, 0, 0]
					}
				},
				"right_armcape2": {
					"rotation": {
						"0.0": [0, 0, 15],
						"3.0": [0, 0, 15]
					}
				},
				"right_leg": {
					"rotation": {
						"0.0": [5, 0, 0],
						"1.5": [24.95744, 0.65182, -7.47178],
						"3.0": [5, 0, 0]
					}
				},
				"right_shoe": {
					"rotation": {
						"0.0": [12.5, 0, 0],
						"1.5": [48.09871, -10.80355, -6.32526],
						"3.0": [12.5, 0, 0]
					},
					"position": {
						"0.0": [0, -1, 0],
						"1.5": [0, -3, 0],
						"3.0": [0, -1, 0]
					}
				},
				"left_leg": {
					"rotation": {
						"0.0": [-5, 0, 0],
						"1.5": [-7.45744, 0.65182, 7.47178],
						"3.0": [-5, 0, 0]
					}
				},
				"left_shoe": {
					"rotation": {
						"0.0": [47.5, 0, 0],
						"1.5": [75, 0, 0],
						"3.0": [47.5, 0, 0]
					},
					"position": {
						"0.0": [0, -2.2, 1.7],
						"1.5": [0, -4.2, 1.7],
						"3.0": [0, -2.2, 1.7]
					}
				},
				"head": {
					"rotation": {
						"0.0": [-5, 0, 0],
						"1.4583": [2.00801, -1.05731, 9.94451],
						"3.0": [-5, 0, 0]
					},
					"position": {
						"0.0": [-0.1, -0.7, 0.7],
						"1.4583": [0.4, -0.7, 0.7],
						"3.0": [-0.1, -0.7, 0.7]
					}
				},
				"hair13": {
					"rotation": {
						"0.0": [0, 0, 2.5],
						"3.0": [0, 0, 2.5]
					}
				},
				"hair14": {
					"rotation": {
						"0.0": [12.48848, 0.54094, -2.44081],
						"1.5833": [12.08681, -3.21132, 14.65993],
						"3.0": [12.48848, 0.54094, -2.44081]
					}
				},
				"hair15": {
					"rotation": {
						"0.0": [17.5, 0, 5],
						"1.5833": [16.73634, -5.188, 21.73634],
						"3.0": [17.5, 0, 5]
					}
				},
				"mouth": {
					"position": {
						"0.0": [-0.2, -0.1, 0],
						"1.5": [-0.2, -1.2, 0],
						"3.0": [-0.2, -0.1, 0]
					},
					"scale": {
						"0.0": [0.95, 0.97, 1],
						"1.5": [0.95, 0.67, 1],
						"3.0": [0.95, 0.97, 1]
					}
				},
				"eyes": {
					"position": {
						"0.0": [0, -0.8, 0],
						"1.2083": [0, -0.8, 0],
						"1.375": [0, -3.8, 0],
						"1.5833": [0, -3.8, 0],
						"1.75": [0, -0.8, 0],
						"3.0": [0, -0.8, 0]
					},
					"scale": {
						"0.0": [1, 0.8, 1],
						"1.2083": [1, 0.8, 1],
						"1.375": [1, 0.1, 1],
						"1.5833": [1, 0.1, 1],
						"1.75": [1, 0.8, 1],
						"3.0": [1, 0.8, 1]
					}
				},
				"hair10": {
					"rotation": {
						"0.0": [2.5, 0, 0],
						"3.0": [2.5, 0, 0]
					}
				},
				"hair11": {
					"rotation": {
						"0.0": [14.98637, 0.64686, -2.41492],
						"1.5833": [14.51082, -3.84097, 14.51082],
						"3.0": [14.98637, 0.64686, -2.41492]
					}
				},
				"hair12": {
					"rotation": {
						"0.0": [25, 0, 0],
						"1.5833": [23.97594, -7.30111, 15.9477],
						"3.0": [25, 0, 0]
					}
				},
				"hair7": {
					"rotation": {
						"0.0": [2.5, 0, 0],
						"3.0": [2.5, 0, 0]
					}
				},
				"hair8": {
					"rotation": {
						"0.0": [27.5, 0, 0],
						"1.5833": [27.41063, -2.30644, 4.43745],
						"3.0": [27.5, 0, 0]
					}
				},
				"hair9": {
					"rotation": {
						"0.0": [22.5, 0, 0],
						"1.5833": [22.32648, -2.86313, 6.93488],
						"3.0": [22.5, 0, 0]
					}
				},
				"hair4": {
					"rotation": {
						"0.0": [2.5, 0, 0],
						"3.0": [2.5, 0, 0]
					}
				},
				"hair5": {
					"rotation": {
						"0.0": [30, 0, 0],
						"1.5833": [29.40842, -6.21271, 10.86815],
						"3.0": [30, 0, 0]
					}
				},
				"hair6": {
					"rotation": {
						"0.0": [20, 0, 0],
						"1.5833": [18.88172, -6.71771, 18.88172],
						"3.0": [20, 0, 0]
					}
				},
				"hair": {
					"rotation": {
						"0.0": [0, 0, 0],
						"3.0": [0, 0, 0]
					}
				},
				"hair3": {
					"rotation": {
						"0.0": [12.5, 0, 0],
						"1.5833": [12.2127, -2.68507, 12.2127],
						"3.0": [12.5, 0, 0]
					}
				},
				"hair2": {
					"rotation": {
						"0.0": [17.5, 0, 0],
						"1.5833": [25.61512, -7.76221, 15.73283],
						"3.0": [17.5, 0, 0]
					}
				},
				"right_hand": {
					"rotation": [-192.82422, 8.54253, 8.46245],
					"position": [2.2, -6, 4],
					"scale": [0.9, 1, 0.6]
				},
				"right_finger": {
					"rotation": {
						"0.0": [0, 0, 15],
						"3.0": [0, 0, 15]
					}
				},
				"right_finger2": {
					"rotation": {
						"0.0": [0, 0, 40],
						"3.0": [0, 0, 40]
					}
				},
				"right_finger7": {
					"rotation": {
						"0.0": [0, -22.5, 0],
						"3.0": [0, -22.5, 0]
					}
				},
				"right_finger8": {
					"rotation": {
						"0.0": [0, 0, 27.5],
						"3.0": [0, 0, 27.5]
					}
				},
				"right_finger9": {
					"rotation": {
						"0.0": [-300.42549, -43.38107, -309.63993],
						"3.0": [-300.42549, -43.38107, -309.63993]
					}
				},
				"right_finger10": {
					"rotation": {
						"0.0": [0, 0, 15],
						"3.0": [0, 0, 15]
					}
				},
				"right_finger3": {
					"rotation": {
						"0.0": [0, 0, -25],
						"0.0417": [-2.5, 0, -25],
						"3.0": [0, 0, -25]
					}
				},
				"right_finger4": {
					"rotation": {
						"0.0": [0, 0, 40],
						"3.0": [0, 0, 40]
					}
				},
				"right_finger6": {
					"rotation": {
						"0.0": [0, 0, 27.5],
						"3.0": [0, 0, 27.5]
					}
				},
				"card": {
					"rotation": [0, 34.5, 0],
					"position": [21.7, 0, -4.6]
				},
				"card2": {
					"rotation": [0, 20, 0],
					"position": [15.6, 0, -1.8]
				},
				"card3": {
					"rotation": [0, 0, -10],
					"position": [9.7, 0, 0]
				},
				"card4": {
					"rotation": [0, -10, 0],
					"position": [4.9, 0, -1.3]
				},
				"left_hand": {
					"rotation": {
						"0.0": [0, 0, -57.5],
						"3.0": [0, 0, -57.5]
					},
					"position": {
						"0.0": [0, -5, 0],
						"1.5": [0, -9, 3],
						"3.0": [0, -5, 0]
					},
					"scale": {
						"0.0": [0.9, 1, 0.6],
						"3.0": [0.9, 1, 0.6]
					}
				},
				"left_finger": {
					"rotation": {
						"0.0": [0, -10, -5],
						"3.0": [0, -10, -5]
					}
				},
				"left_finger2": {
					"rotation": {
						"0.0": [0, 0, -25],
						"3.0": [0, 0, -25]
					}
				},
				"left_finger7": {
					"rotation": {
						"0.0": [0, 20, 0],
						"3.0": [0, 20, 0]
					}
				},
				"left_finger8": {
					"rotation": {
						"0.0": [0, 0, -27.5],
						"3.0": [0, 0, -27.5]
					}
				},
				"left_finger9": {
					"rotation": {
						"0.0": [63.87123, 43.06416, -67.78399],
						"3.0": [63.87123, 43.06416, -67.78399]
					}
				},
				"left_finger10": {
					"rotation": {
						"0.0": [0, 0, -50],
						"3.0": [0, 0, -50]
					}
				},
				"left_finger3": {
					"rotation": {
						"0.0": [0, 0, 5],
						"3.0": [0, 0, 5]
					}
				},
				"left_finger4": {
					"rotation": {
						"0.0": [0, 0, -27.5],
						"3.0": [0, 0, -27.5]
					}
				},
				"left_finger5": {
					"rotation": {
						"0.0": [0, 0, 22.5],
						"3.0": [0, 0, 22.5]
					}
				},
				"left_finger6": {
					"rotation": {
						"0.0": [0, 0, -52.5],
						"3.0": [0, 0, -52.5]
					}
				},
				"card5": {
					"rotation": [0, -22.5, 0],
					"position": [0, 0, 0.9]
				},
				"cards": {
					"rotation": [-81, -7.5, 0],
					"position": {
						"0.0": [0, 9.9, 5],
						"1.5": [0, 7.9, 5],
						"3.0": [0, 9.9, 5]
					},
					"scale": {
						"0.0": [1, 1, 0.9],
						"0.6667": [1, 1, 0.9],
						"1.1667": [1, 1, 0.1],
						"1.8333": [1, 1, 1.6],
						"2.4583": [1, 1, 0.425],
						"3.0": [1, 1, 0.9]
					}
				},
				"body": {
					"rotation": {
						"0.0": [2.5, 0, 0],
						"1.5": [0, 0, 0],
						"3.0": [2.5, 0, 0]
					},
					"position": {
						"0.0": [0, 9, 0],
						"1.5": [0, 16, 0],
						"3.0": [0, 9, 0]
					}
				},
				"torso": {
					"rotation": {
						"0.0": [0, 0, 2.5],
						"1.5": [0, 0, -7.5],
						"3.0": [0, 0, 2.5]
					}
				}
			}
		},
		"animation.joculudum.cry": {
			"animation_length": 3,
			"bones": {
				"cape": {
					"position": {
						"0.0": [0, 0, -0.7],
						"3.0": [0, 0, -0.7]
					},
					"scale": {
						"0.0": [1.4, 1, 1.2],
						"3.0": [1.4, 1, 1.2]
					}
				},
				"right_armcape": {
					"rotation": {
						"0.0": [0, 0, -50],
						"1.5417": [0, 0, -47.5],
						"3.0": [0, 0, -50]
					},
					"position": {
						"0.0": [-1.3, 0, 0],
						"3.0": [-1.3, 0, 0]
					}
				},
				"right_armcape2": {
					"rotation": {
						"0.0": [0, 0, 15],
						"3.0": [0, 0, 15]
					}
				},
				"right_leg": {
					"rotation": {
						"0.0": [5, 0, 0],
						"1.5": [24.95744, 0.65182, -7.47178],
						"3.0": [5, 0, 0]
					}
				},
				"right_shoe": {
					"rotation": {
						"0.0": [12.5, 0, 0],
						"1.5": [48.09871, -10.80355, -6.32526],
						"3.0": [12.5, 0, 0]
					},
					"position": {
						"0.0": [0, -1, 0],
						"1.5": [0, -3, 0],
						"3.0": [0, -1, 0]
					}
				},
				"left_leg": {
					"rotation": {
						"0.0": [-5, 0, 0],
						"1.5": [-7.45744, 0.65182, 7.47178],
						"3.0": [-5, 0, 0]
					}
				},
				"left_shoe": {
					"rotation": {
						"0.0": [47.5, 0, 0],
						"1.5": [75, 0, 0],
						"3.0": [47.5, 0, 0]
					},
					"position": {
						"0.0": [0, -2.2, 1.7],
						"1.5": [0, -4.2, 1.7],
						"3.0": [0, -2.2, 1.7]
					}
				},
				"head": {
					"rotation": {
						"0.0": [-5, 0, 0],
						"1.4583": [2.00801, -1.05731, 9.94451],
						"3.0": [-5, 0, 0]
					},
					"position": {
						"0.0": [-0.1, -0.7, 0.7],
						"1.4583": [0.4, -0.7, 0.7],
						"3.0": [-0.1, -0.7, 0.7]
					}
				},
				"hair13": {
					"rotation": {
						"0.0": [0, 0, 2.5],
						"3.0": [0, 0, 2.5]
					}
				},
				"hair14": {
					"rotation": {
						"0.0": [12.48848, 0.54094, -2.44081],
						"1.5833": [12.08681, -3.21132, 14.65993],
						"3.0": [12.48848, 0.54094, -2.44081]
					}
				},
				"hair15": {
					"rotation": {
						"0.0": [17.5, 0, 5],
						"1.5833": [16.73634, -5.188, 21.73634],
						"3.0": [17.5, 0, 5]
					}
				},
				"mouth": {
					"position": {
						"0.0": [-0.2, -0.1, 0],
						"1.5": [-0.2, -1.2, 0],
						"3.0": [-0.2, -0.1, 0]
					},
					"scale": {
						"0.0": [0.95, 0.97, 1],
						"1.5": [0.95, 0.67, 1],
						"3.0": [0.95, 0.97, 1]
					}
				},
				"eyes": {
					"position": {
						"0.0": [0, -0.8, 0],
						"0.625": [0, -0.8, 0],
						"0.7917": [0, -3.8, 0],
						"1.0": [0, -3.8, 0],
						"1.1667": [0, -0.8, 0],
						"3.0": [0, -0.8, 0]
					},
					"scale": {
						"0.0": [1, 0.8, 1],
						"0.625": [1, 0.8, 1],
						"0.7917": [1, 0.1, 1],
						"1.0": [1, 0.1, 1],
						"1.1667": [1, 0.8, 1],
						"3.0": [1, 0.8, 1]
					}
				},
				"hair10": {
					"rotation": {
						"0.0": [2.5, 0, 0],
						"3.0": [2.5, 0, 0]
					}
				},
				"hair11": {
					"rotation": {
						"0.0": [14.98637, 0.64686, -2.41492],
						"1.5833": [14.51082, -3.84097, 14.51082],
						"3.0": [14.98637, 0.64686, -2.41492]
					}
				},
				"hair12": {
					"rotation": {
						"0.0": [25, 0, 0],
						"1.5833": [23.97594, -7.30111, 15.9477],
						"3.0": [25, 0, 0]
					}
				},
				"hair7": {
					"rotation": {
						"0.0": [2.5, 0, 0],
						"3.0": [2.5, 0, 0]
					}
				},
				"hair8": {
					"rotation": {
						"0.0": [27.5, 0, 0],
						"1.5833": [27.41063, -2.30644, 4.43745],
						"3.0": [27.5, 0, 0]
					}
				},
				"hair9": {
					"rotation": {
						"0.0": [22.5, 0, 0],
						"1.5833": [22.32648, -2.86313, 6.93488],
						"3.0": [22.5, 0, 0]
					}
				},
				"hair4": {
					"rotation": {
						"0.0": [2.5, 0, 0],
						"3.0": [2.5, 0, 0]
					}
				},
				"hair5": {
					"rotation": {
						"0.0": [30, 0, 0],
						"1.5833": [29.40842, -6.21271, 10.86815],
						"3.0": [30, 0, 0]
					}
				},
				"hair6": {
					"rotation": {
						"0.0": [20, 0, 0],
						"1.5833": [18.88172, -6.71771, 18.88172],
						"3.0": [20, 0, 0]
					}
				},
				"hair": {
					"rotation": {
						"0.0": [0, 0, 0],
						"3.0": [0, 0, 0]
					}
				},
				"hair3": {
					"rotation": {
						"0.0": [12.5, 0, 0],
						"1.5833": [12.2127, -2.68507, 12.2127],
						"3.0": [12.5, 0, 0]
					}
				},
				"hair2": {
					"rotation": {
						"0.0": [17.5, 0, 0],
						"1.5833": [25.61512, -7.76221, 15.73283],
						"3.0": [17.5, 0, 0]
					}
				},
				"right_hand": {
					"rotation": [-192.82422, 8.54253, 8.46245],
					"position": [2.2, -6, 4],
					"scale": [0.9, 1, 0.6]
				},
				"right_finger": {
					"rotation": {
						"0.0": [0, 0, 15],
						"3.0": [0, 0, 15]
					}
				},
				"right_finger2": {
					"rotation": {
						"0.0": [0, 0, 40],
						"3.0": [0, 0, 40]
					}
				},
				"right_finger7": {
					"rotation": {
						"0.0": [0, -22.5, 0],
						"3.0": [0, -22.5, 0]
					}
				},
				"right_finger8": {
					"rotation": {
						"0.0": [0, 0, 27.5],
						"3.0": [0, 0, 27.5]
					}
				},
				"right_finger9": {
					"rotation": {
						"0.0": [-300.42549, -43.38107, -309.63993],
						"3.0": [-300.42549, -43.38107, -309.63993]
					}
				},
				"right_finger10": {
					"rotation": {
						"0.0": [0, 0, 15],
						"3.0": [0, 0, 15]
					}
				},
				"right_finger3": {
					"rotation": {
						"0.0": [0, 0, -25],
						"0.0417": [-2.5, 0, -25],
						"3.0": [0, 0, -25]
					}
				},
				"right_finger4": {
					"rotation": {
						"0.0": [0, 0, 40],
						"3.0": [0, 0, 40]
					}
				},
				"right_finger6": {
					"rotation": {
						"0.0": [0, 0, 27.5],
						"3.0": [0, 0, 27.5]
					}
				},
				"card": {
					"rotation": [0, 34.5, 0],
					"position": [21.7, 0, -4.6]
				},
				"card2": {
					"rotation": [0, 20, 0],
					"position": [15.6, 0, -1.8]
				},
				"card3": {
					"rotation": [0, 0, -10],
					"position": [9.7, 0, 0]
				},
				"card4": {
					"rotation": [0, -10, 0],
					"position": [4.9, 0, -1.3]
				},
				"left_hand": {
					"rotation": {
						"0.0": [0, -15, -57.5],
						"0.9167": [-77.5, -65, 0],
						"1.0417": [-77.5, -65, 0],
						"3.0": [0, 0, -57.5]
					},
					"position": {
						"0.0": [0, -5, 0],
						"0.9167": [0, -1.44, -8.17],
						"1.0417": [0, -1.44, -8.17],
						"1.5": [0, -9, 3],
						"3.0": [0, -5, 0]
					},
					"scale": {
						"0.0": [0.9, 1, 0.6],
						"3.0": [0.9, 1, 0.6]
					}
				},
				"left_finger": {
					"rotation": {
						"0.0": [0, -10, -5],
						"0.9167": [10.57244, -7.89126, -29.74284],
						"3.0": [0, -10, -5]
					}
				},
				"left_finger2": {
					"rotation": {
						"0.0": [0, 0, -25],
						"0.9167": [0, 0, -120],
						"3.0": [0, 0, -25]
					}
				},
				"left_finger7": {
					"rotation": {
						"0.0": [0, 20, 0],
						"0.9167": [-9.8491, 18.48042, -20.00533],
						"3.0": [0, 20, 0]
					}
				},
				"left_finger8": {
					"rotation": {
						"0.0": [0, 0, -27.5],
						"0.9167": [0, 0, -95],
						"3.0": [0, 0, -27.5]
					}
				},
				"left_finger9": {
					"rotation": {
						"0.0": [63.87123, 43.06416, -67.78399],
						"0.9167": [-15.45201, 18.17876, 18.72206],
						"3.0": [63.87123, 43.06416, -67.78399]
					}
				},
				"left_finger10": {
					"rotation": {
						"0.0": [0, 0, -50],
						"0.9167": [0, 0, -2.5],
						"3.0": [0, 0, -50]
					}
				},
				"left_finger3": {
					"rotation": {
						"0.0": [0, 0, 5],
						"0.9167": [0, 0, -15],
						"3.0": [0, 0, 5]
					}
				},
				"left_finger4": {
					"rotation": {
						"0.0": [0, 0, -27.5],
						"0.9167": [0, 0, -127.5],
						"3.0": [0, 0, -27.5]
					}
				},
				"left_finger5": {
					"rotation": {
						"0.0": [0, 0, 22.5],
						"0.9167": [0, 0, -25],
						"3.0": [0, 0, 22.5]
					}
				},
				"left_finger6": {
					"rotation": {
						"0.0": [0, 0, -52.5],
						"0.9167": [0, 0, -135],
						"3.0": [0, 0, -52.5]
					}
				},
				"card5": {
					"rotation": [0, -22.5, 0],
					"position": [0, 0, 0.9]
				},
				"cards": {
					"rotation": [-81, -7.5, 0],
					"position": {
						"0.0": [0, 9.9, 5],
						"1.5": [0, 7.9, 5],
						"3.0": [0, 9.9, 5]
					},
					"scale": {
						"0.0": [1, 1, 0.9],
						"0.6667": [1, 1, 0.9],
						"1.1667": [1, 1, 0.1],
						"1.8333": [1, 1, 1.6],
						"2.4583": [1, 1, 0.425],
						"3.0": [1, 1, 0.9]
					}
				},
				"body": {
					"rotation": {
						"0.0": [2.5, 0, 0],
						"1.5": [0, 0, 0],
						"3.0": [2.5, 0, 0]
					},
					"position": {
						"0.0": [0, 9, 0],
						"1.5": [0, 16, 0],
						"3.0": [0, 9, 0]
					}
				},
				"torso": {
					"rotation": {
						"0.0": [0, 0, 2.5],
						"1.5": [0, 0, -7.5],
						"3.0": [0, 0, 2.5]
					}
				}
			}
		},
		"animation.joculudum.faint": {
			"animation_length": 1.5,
			"bones": {
				"body": {
					"rotation": {
						"0.0": [0, 0, 0],
						"0.5": [0, 0, 0],
						"0.875": [-31, 0, 0]
					}
				},
				"left_hand": {
					"rotation": {
						"0.0": [0, 0, -85],
						"0.5": [-11.89031, -33.16347, -63.94785],
						"0.6667": [-23.98415, -31.06882, -59.78159],
						"1.0": [56.82816, -26.87952, -51.44906]
					},
					"position": {
						"0.0": [0.5, -13, 2],
						"0.5": [-1.5, -3, -3],
						"0.6667": [-1.17, -10, 10.67],
						"1.0": [-0.5, -12, 20]
					},
					"scale": [0.9, 1, 0.6]
				},
				"left_finger": {
					"rotation": {
						"0.0": [0, 0, 20],
						"1.0": [0, 0, 30]
					}
				},
				"left_finger2": {
					"rotation": [0, 0, -37.5]
				},
				"left_finger7": {
					"rotation": {
						"0.0": [0, 0, 17.5],
						"1.0": [0, 0, 30]
					}
				},
				"left_finger8": {
					"rotation": {
						"0.0": [0, 0, -35],
						"1.0": [0, 0, -25]
					}
				},
				"left_finger9": {
					"rotation": {
						"0.0": [70.99118, 22.63129, -83.98854],
						"1.0": [-23.22732, 30.68903, 24.03669]
					}
				},
				"left_finger10": {
					"rotation": {
						"0.0": [0, 0, -80],
						"1.0": [0, 0, -15]
					}
				},
				"left_finger3": {
					"rotation": [0, 0, 27.5]
				},
				"left_finger4": {
					"rotation": [0, 0, -20]
				},
				"left_finger5": {
					"rotation": [0, 0, 30]
				},
				"left_finger6": {
					"rotation": [0, 0, -30]
				},
				"cards": {
					"scale": [0, 0.1, 1]
				},
				"right_hand": {
					"rotation": {
						"0.0": [0, 0, 80],
						"0.5833": [-10.8448, 30.82594, 59.50193],
						"0.6667": [178.40471, 63.01216, 234.09745],
						"1.0": [47.76974, 49.07483, 42.07316]
					},
					"position": {
						"0.0": [-0.3, -12, 3],
						"0.5833": [1.7, -2, -4],
						"0.6667": [1.7, -3.8, 8],
						"1.0": [1.7, -11, 21]
					},
					"scale": [0.9, 1, 0.6]
				},
				"right_finger7": {
					"rotation": {
						"0.0": [0, 0, 7.5],
						"1.0": [0, 0, -5]
					}
				},
				"right_finger8": {
					"rotation": [0, 0, 27.5]
				},
				"right_finger9": {
					"rotation": {
						"0.0": [83.49118, -22.63129, 83.98854],
						"1.0": [53.68231, -28.32623, 51.17202]
					}
				},
				"right_finger10": {
					"rotation": {
						"0.0": [0, 0, 32.5],
						"1.0": [0, 0, 0]
					}
				},
				"right_finger3": {
					"rotation": [0, 0, -12.5]
				},
				"right_finger4": {
					"rotation": [0, 0, 40]
				},
				"right_finger5": {
					"rotation": [0, 0, -7.5]
				},
				"right_finger6": {
					"rotation": [0, 0, 30]
				},
				"right_finger": {
					"rotation": [0, 0, 0]
				},
				"right_finger2": {
					"rotation": [0, 0, 40]
				},
				"torso": {
					"rotation": {
						"0.0": [2.5, 0, 0],
						"0.1667": [2.5, 0, 0],
						"0.375": [-52.5, 0, 0],
						"1.0": [-62.5, 0, 0]
					},
					"position": {
						"0.0": [0, -6.6, 2.4],
						"0.3333": [0, -6.6, 11.4],
						"1.0": [0, -6.8, 27.4]
					}
				},
				"cape": {
					"rotation": {
						"0.0": [2.5, 0, 0],
						"0.25": [-5, 0, 0]
					},
					"position": [0, 0.4, -0.3],
					"scale": [1.43, 1, 1.03]
				},
				"right_armcape": {
					"rotation": {
						"0.25": [0, 0, -30],
						"1.0": [0, 0, -2.5]
					}
				},
				"right_armcape2": {
					"rotation": {
						"0.25": [0, 0, 17.5],
						"1.0": [0, 0, -2.5]
					}
				},
				"right_leg": {
					"rotation": {
						"0.0": [12.5, 0, 0],
						"0.25": [22.5, 0, 0],
						"1.0": [15, 0, 0]
					}
				},
				"right_shoe": {
					"rotation": {
						"0.0": [7.5, 0, 0],
						"0.7083": [47.5, 0, 0],
						"1.0": [53.5, 0, 0]
					},
					"position": {
						"0.0": [0, 0, 0],
						"0.7083": [0, -3, -1],
						"1.0": [0, -3, 1]
					}
				},
				"left_leg": {
					"rotation": {
						"0.0": [-5, 0, 0],
						"0.25": [-17.5, 0, 0],
						"1.0": [-5, 0, 0]
					}
				},
				"left_shoe": {
					"rotation": {
						"0.0": [2.5, 0, 0],
						"0.7083": [32.5, 0, 0],
						"1.0": [80, 0, 0]
					},
					"position": {
						"0.0": [0, 0, 0],
						"0.7083": [0, -1, 1],
						"1.0": [0, -4.1, 4.9]
					}
				},
				"head": {
					"rotation": {
						"0.0": [5, 0, 0],
						"0.6667": [-19, 0, 0],
						"1.0": [-19, 0, 0],
						"1.25": [-9, 0, 0]
					},
					"position": {
						"0.0": [0, -0.4, 0],
						"0.6667": [0, -0.4, 1.7],
						"1.0": [0, -0.4, 1.7],
						"1.25": [0, -0.4, 2.8]
					}
				},
				"hair14": {
					"rotation": {
						"0.0": [17.5, 0, 0],
						"0.7083": [-25, 0, 0],
						"1.0": [10, 0, 0]
					}
				},
				"hair15": {
					"rotation": {
						"0.0": [27.5, 0, 0],
						"0.7083": [-17.5, 0, 0],
						"1.0": [-7.5, 0, 0]
					}
				},
				"mask": {
					"rotation": [0, 0, 0]
				},
				"mouth": {
					"position": {
						"0.0": [-0.5, -0.4, 0],
						"0.9167": [-0.5, -0.4, 0],
						"0.9583": [-1.2, -2.5, 0]
					},
					"scale": {
						"0.0": [0.87, 0.88, 1],
						"0.9167": [0.87, 0.88, 1],
						"0.9583": [0.69, 0.47, 1]
					}
				},
				"eyes": {
					"position": {
						"0.0": [0, -1.6, 0],
						"0.4167": [0, -1.6, 0],
						"0.4583": [0, 1, 0],
						"0.8333": [0, -1.8, 0],
						"1.0": [0, -1.8, 0],
						"1.0417": [0, -5.2, 0]
					},
					"scale": {
						"0.0": [1, 0.7, 1],
						"0.4167": [1, 0.7, 1],
						"0.4583": [1, 1.2, 1],
						"0.8333": [1, 0.63, 1],
						"1.0": [1, 0.63, 1],
						"1.0417": [1, -0.05, 1]
					}
				},
				"hair11": {
					"rotation": {
						"0.0": [22.5, 0, 0],
						"0.7083": [-7.5, 0, 0],
						"1.0": [7.5, 0, 0]
					}
				},
				"hair12": {
					"rotation": {
						"0.0": [17.5, 0, 0],
						"0.7083": [-15, 0, 0],
						"1.0": [-7.5, 0, 0]
					}
				},
				"hair8": {
					"rotation": {
						"0.0": [25, 0, 0],
						"0.7083": [2.5, 0, 0],
						"1.0": [17.5, 0, 0]
					}
				},
				"hair9": {
					"rotation": {
						"0.0": [25, 0, 0],
						"0.7083": [-20, 0, 0],
						"1.0": [-2.5, 0, 0]
					}
				},
				"hair5": {
					"rotation": {
						"0.0": [22.5, 0, 0],
						"0.7083": [0, 0, 0],
						"1.0": [20, 0, 0]
					}
				},
				"hair6": {
					"rotation": {
						"0.0": [22.5, 0, 0],
						"0.7083": [-35, 0, 0],
						"1.0": [-2.5, 0, 0]
					}
				},
				"hair": {
					"rotation": [2.5, 0, 0]
				},
				"hair3": {
					"rotation": {
						"0.0": [15, 0, 0],
						"0.7083": [-2.5, 0, 0],
						"1.0": [15, 0, 0]
					}
				},
				"hair2": {
					"rotation": {
						"0.0": [22.5, 0, 0],
						"0.7083": [-17.5, 0, 0],
						"1.0": [-5, 0, 0]
					}
				}
			}
		}
	}
}