{
	"format_version": "1.8.0",
	"animations": {
		"animation.zoroark_hisuian.ground_idle": {
			"loop": true,
			"bones": {
				"body": {
					"position": [0, -5.45, 0]
				},
				"torso": {
					"rotation": [24.73973, -30.03698, 0.50131],
					"position": [0, -0.6, 0]
				},
				"waist": {
					"rotation": ["12.5802+math.sin(q.anim_time*60*2-0)*1.5", 12.56232, -12.46577],
					"position": [0.6, 0, 0]
				},
				"arm_right": {
					"rotation": [-16.07819, -39.8755, "-43.3828+math.sin(q.anim_time*90*2-0)*1.5"]
				},
				"arm_right2": {
					"rotation": [10.27858, "-55.7585-math.sin(q.anim_time*90*2-0)*1.5", -5.74599]
				},
				"claw_back_right": {
					"rotation": [0, 0, -20]
				},
				"claw_middle_right": {
					"rotation": [0, 0, -20]
				},
				"claw_front_right": {
					"rotation": [0, 0, -20]
				},
				"head": {
					"rotation": ["-47.5+math.sin(q.anim_time*60*2-95)*3", -4, 0],
					"position": [0, -1.5, 0.2]
				},
				"snout2": {
					"rotation": [0, 0, 0]
				},
				"leg_left": {
					"rotation": [49.53795, -15.88978, -33.49964],
					"position": [1, 0, 1.5]
				},
				"leg_left2": {
					"rotation": [2.5, 0, 0]
				},
				"foot_left": {
					"rotation": [-30.99815, 39.8232, -0.59162]
				},
				"foot_left2": {
					"rotation": [3, 0, 0]
				},
				"chest": {
					"rotation": [42.5, 22.5, -5]
				},
				"arm_left": {
					"rotation": ["-67.7184-math.sin(q.anim_time*90*2-0)*1.5", "59.9852-math.sin(q.anim_time*90*2-0)*1.5", "20.1783-math.sin(q.anim_time*90*2-0)*1.5"]
				},
				"arm_left2": {
					"rotation": [14.07606, "4.7183+math.sin(q.anim_time*90*2-0)*1.5", 15.91377]
				},
				"bang_front": {
					"rotation": [0, 12.5, 0]
				},
				"bang_front_bend": {
					"rotation": [35.93866, "12.2403+math.sin(q.anim_time*60*2-15)*3", 8.73739]
				},
				"bang_front_mid": {
					"rotation": [35.51183, "-39.9746+math.sin(q.anim_time*60*2-55)*3.2", "-38.7543+math.sin(q.anim_time*60*2-55)*3.2"]
				},
				"bang_front_end": {
					"rotation": [51.3482, "50.1902-math.sin(q.anim_time*60*2-85)*4", "43.8455-math.sin(q.anim_time*60*2-85)*4"]
				},
				"bang_front_tip": {
					"rotation": [0, 42.5, 0]
				},
				"hair_strand1_base": {
					"rotation": [1.56614, 28.48848, -13.73557]
				},
				"hair_strand1_bend": {
					"rotation": ["20.1587+math.sin(q.anim_time*60*2-15)*3", -7.04533, -2.57816]
				},
				"hair_strand1_mid": {
					"rotation": ["52.2961+math.sin(q.anim_time*60*2-15)*2.5", -4.21996, -9.20669]
				},
				"hair_strand1_end": {
					"rotation": ["-43.9739+math.sin(q.anim_time*60*2-95)*3", 8.56838, 14.28455]
				},
				"hair_strand1_end_bend": {
					"rotation": [0, 32.5, 0]
				},
				"hair_strand1_mid_bend": {
					"rotation": ["-25.7693+math.sin(q.anim_time*60*2-45)*3", 13.56626, -6.46066]
				},
				"hair_strand1_tip": {
					"rotation": [0, 60, 0]
				},
				"leg_right": {
					"rotation": [-46.03789, -16.90951, 16.60893]
				},
				"leg_right2": {
					"rotation": [43.82795, 5.79007, 6.84751]
				},
				"foot_right2": {
					"rotation": [-5, 0, 0]
				},
				"tail": {
					"rotation": [0, 15, 0]
				},
				"arm_fluff_left": {
					"rotation": [0, -15, 0]
				},
				"arm_fluff_left2": {
					"rotation": [27.5, 0, 0]
				},
				"claw_back_left": {
					"rotation": [0, 0, 20]
				},
				"claw_middle_left": {
					"rotation": [0, 0, 20]
				},
				"claw_front_left": {
					"rotation": [0, 0, 20]
				},
				"arm_fluff_right": {
					"rotation": [0, -20, 0]
				},
				"arm_fluff_right2": {
					"rotation": [25, 0, 0]
				},
				"chest_fluff": {
					"rotation": [-3.03513, -9.53274, 17.75313]
				},
				"foot_wisp_left": {
					"rotation": [0, 27.5, 0]
				},
				"foot_wisp_left_mid": {
					"rotation": [0, 45, 0]
				},
				"foot_wisp_left_end": {
					"rotation": [0, -45, 0]
				},
				"leg_wisp_left_mid": {
					"rotation": [0, -25, 0]
				},
				"leg_wisp_left_end": {
					"rotation": [0, 50, 0]
				},
				"leg_wisp_right": {
					"rotation": [52.64876, 7.68454, -8.21533]
				},
				"leg_wisp_right_mid": {
					"rotation": [0, 10, 0]
				},
				"leg_wisp_right_end": {
					"rotation": [0, -37.5, 0]
				},
				"foot_wisp_right": {
					"rotation": [-31.5667, -17.2294, 10.3141]
				},
				"foot_wisp_right_mid": {
					"rotation": [0, -32.5, 0]
				},
				"foot_wisp_right_end": {
					"rotation": [0, 47.5, 0]
				},
				"foot_right": {
					"rotation": [10, 0, -15]
				},
				"hair_strand2_base": {
					"rotation": [-28.87809, 21.5087, -16.05815]
				},
				"hair_strand2_bend": {
					"rotation": ["26.0666+math.sin(q.anim_time*60*2-15)*3", -9.08661, 17.89244]
				},
				"hair_strand2_mid": {
					"rotation": ["34.5886+math.sin(q.anim_time*60*2-15)*3", "-18.8294+math.sin(q.anim_time*60*2-15)*3", -12.54707]
				},
				"hair_strand2_mid_bend": {
					"rotation": ["27.0243+math.sin(q.anim_time*60*2-95)*3", -27.22866, -20.28429]
				},
				"hair_strand2_end": {
					"rotation": [0, 42.5, 0]
				},
				"hair_strand2_end_bend": {
					"rotation": [0, "47.5+math.sin(q.anim_time*60*2-115)*3.5", 0]
				},
				"hair_strand2_tip": {
					"rotation": [0, 60, 0]
				},
				"hair_strand3_tip": {
					"rotation": [0, -42.5, 0]
				},
				"hair_strand3_end_bend": {
					"rotation": [0, -37.5, 0]
				},
				"hair_strand3_end": {
					"rotation": ["-3.5086+math.sin(q.anim_time*60*2-45)*3", "-31.4895+math.sin(q.anim_time*60*2-45)*3", -12.286]
				},
				"hair_strand3_mid_bend": {
					"rotation": ["-22.31+math.sin(q.anim_time*60*2-15)*3", "25.7154+math.sin(q.anim_time*60*2-15)*3", -10.09541]
				},
				"hair_strand3_mid": {
					"rotation": ["52.8962+math.sin(q.anim_time*60*2-15)*3", "5.3536+math.sin(q.anim_time*60*2-15)*3", 8.45862]
				},
				"hair_strand3_bend": {
					"rotation": ["34.0333+math.sin(q.anim_time*60*2-15)*3", -7.73303, -16.39954]
				},
				"hair_strand3_base_bend": {
					"rotation": [38.46347, 11.84911, 9.26433]
				},
				"hair_strand3_base": {
					"rotation": [-20, 0, 0]
				},
				"hair_strand2_base_bend": {
					"rotation": [38.46347, 11.84911, 9.26433]
				},
				"hair_strand4_base": {
					"rotation": [-223.45113, -49.98055, -194.38879]
				},
				"hair_strand4_base_bend": {
					"rotation": [57.26498, 16.3882, 15.63367]
				},
				"hair_strand4_bend": {
					"rotation": ["55.6431+math.sin(q.anim_time*60*2-15)*3", -7.13136, -10.29284]
				},
				"hair_strand4_mid": {
					"rotation": ["43.895+math.sin(q.anim_time*60*2-15)*2", -17.72091, -24.60981]
				},
				"hair_strand4_mid_bend": {
					"rotation": ["3.6091+math.sin(q.anim_time*60*2-15)*3", 36.27011, -14.27393]
				},
				"hair_strand4_end": {
					"rotation": [-14.26338, -4.65852, -56.5429]
				},
				"hair_strand4_end_bend": {
					"rotation": [0, -50, 0]
				},
				"hair_strand4_tip": {
					"rotation": [0, -50, 0]
				},
				"hair_strand3_strand_base": {
					"rotation": [-32.30998, "-25.7154-math.sin(q.anim_time*60*2-15)*3", 10.09541]
				},
				"hair_strand3_strand_bend": {
					"rotation": [26.05573, "-15.815-math.sin(q.anim_time*60*2-15)*3", -7.59001]
				},
				"hair_strand3_strand_end": {
					"rotation": [17.5, -35, 0]
				},
				"hair_strand3_strand_end_bend": {
					"rotation": [0, "-55-math.sin(q.anim_time*60*2-65)*3", 0]
				},
				"hair_strand3_strand_tip": {
					"rotation": [0, 47.5, 0]
				},
				"hair_strand4_strand_mid": {
					"rotation": [57.05902, 28.53623, 36.40051]
				},
				"hair_strand4_strand_bend": {
					"rotation": [59.74943, 14.98328, 16.98216]
				},
				"hair_strand4_strand_base": {
					"rotation": [-15, 37.5, 0]
				},
				"hair_strand4_strand_end": {
					"rotation": [27.5, -42.5, 0]
				},
				"hair_strand4_strand_end_bend": {
					"rotation": [0, -37.5, 0]
				},
				"hair_strand4_strand_tip": {
					"rotation": [0, -62.5, 0]
				},
				"hair_strand4_strand2_tip": {
					"rotation": [0, 40, 0]
				},
				"hair_strand4_strand2_end": {
					"rotation": [55, 32.5, 0]
				},
				"hair_strand4_strand2_base": {
					"rotation": [-7.05612, 15.03629, 0.61415]
				},
				"hair_strand5_base": {
					"rotation": [156.87402, 190.51794, -186.79286]
				},
				"hair_strand5_bend": {
					"rotation": ["69.5662+math.sin(q.anim_time*60*2-15)*3", 26.94622, 18.89595]
				},
				"hair_strand5_mid": {
					"rotation": ["50+math.sin(q.anim_time*60*2-15)*3", 0, 0]
				},
				"hair_strand5_end": {
					"rotation": [35, 32.5, 0]
				},
				"hair_strand5_end_bend": {
					"rotation": [0, 42.5, 0]
				},
				"hair_strand5_tip": {
					"rotation": [0, 55, 0]
				},
				"pupil_left": {
					"position": [0, 0.2, 0]
				},
				"ear_right": {
					"scale": 0
				},
				"zoroark": {
					"position": [0, -0.5, 0]
				}
			}
		},
		"animation.zoroark_hisuian.portrait": {
			"loop": true,
			"bones": {
				"body": {
					"position": [0, -5.45, 0]
				},
				"torso": {
					"rotation": [24.73973, -30.03698, 0.50131],
					"position": [0, -0.6, 0]
				},
				"waist": {
					"rotation": [12.58016, 12.56232, -12.46577],
					"position": [0.6, 0, 0]
				},
				"arm_right": {
					"rotation": [-16.07819, -39.8755, -43.38279]
				},
				"arm_right2": {
					"rotation": [10.27858, -55.75845, -5.74599]
				},
				"claw_back_right": {
					"rotation": [0, 0, -20]
				},
				"claw_middle_right": {
					"rotation": [0, 0, -20]
				},
				"claw_front_right": {
					"rotation": [0, 0, -20]
				},
				"head": {
					"rotation": [-47.5, -4, 0],
					"position": [0, -1.5, 0.2]
				},
				"snout2": {
					"rotation": [0, 0, 0]
				},
				"leg_left": {
					"rotation": [49.53795, -15.88978, -33.49964],
					"position": [1, 0, 1.5]
				},
				"leg_left2": {
					"rotation": [2.5, 0, 0]
				},
				"foot_left": {
					"rotation": [-30.99815, 39.8232, -0.59162]
				},
				"foot_left2": {
					"rotation": [3, 0, 0]
				},
				"chest": {
					"rotation": [42.5, 22.5, -5]
				},
				"arm_left": {
					"rotation": [-67.71842, 59.98516, 20.17833]
				},
				"arm_left2": {
					"rotation": [14.07606, 4.71827, 15.91377]
				},
				"bang_front": {
					"rotation": [0, 12.5, 0]
				},
				"bang_front_bend": {
					"rotation": [35.93866, 12.2403, 8.73739]
				},
				"bang_front_mid": {
					"rotation": [36.05326, -40.00638, -39.11175]
				},
				"bang_front_end": {
					"rotation": [51.34816, 50.19019, 43.8455]
				},
				"bang_front_tip": {
					"rotation": [0, 42.5, 0]
				},
				"hair_strand1_base": {
					"rotation": [1.56614, 28.48848, -13.73557]
				},
				"hair_strand1_bend": {
					"rotation": [20.15874, -7.04533, -2.57816]
				},
				"hair_strand1_mid": {
					"rotation": [52.29608, -4.21996, -9.20669]
				},
				"hair_strand1_end": {
					"rotation": [-43.97392, 8.56838, 14.28455]
				},
				"hair_strand1_end_bend": {
					"rotation": [0, 32.5, 0]
				},
				"hair_strand1_mid_bend": {
					"rotation": [-25.76926, 13.56626, -6.46066]
				},
				"hair_strand1_tip": {
					"rotation": [0, 60, 0]
				},
				"leg_right": {
					"rotation": [-46.03789, -16.90951, 16.60893]
				},
				"leg_right2": {
					"rotation": [43.82795, 5.79007, 6.84751]
				},
				"foot_right2": {
					"rotation": [-5, 0, 0]
				},
				"tail": {
					"rotation": [0, 15, 0]
				},
				"arm_fluff_left": {
					"rotation": [0, -15, 0]
				},
				"arm_fluff_left2": {
					"rotation": [27.5, 0, 0]
				},
				"claw_back_left": {
					"rotation": [0, 0, 20]
				},
				"claw_middle_left": {
					"rotation": [0, 0, 20]
				},
				"claw_front_left": {
					"rotation": [0, 0, 20]
				},
				"arm_fluff_right": {
					"rotation": [0, -20, 0]
				},
				"arm_fluff_right2": {
					"rotation": [25, 0, 0]
				},
				"chest_fluff": {
					"rotation": [-3.03513, -9.53274, 17.75313]
				},
				"foot_wisp_left": {
					"rotation": [0, 27.5, 0]
				},
				"foot_wisp_left_mid": {
					"rotation": [0, 45, 0]
				},
				"foot_wisp_left_end": {
					"rotation": [0, -45, 0]
				},
				"leg_wisp_left_mid": {
					"rotation": [0, -25, 0]
				},
				"leg_wisp_left_end": {
					"rotation": [0, 50, 0]
				},
				"leg_wisp_right": {
					"rotation": [52.64876, 7.68454, -8.21533]
				},
				"leg_wisp_right_mid": {
					"rotation": [0, 10, 0]
				},
				"leg_wisp_right_end": {
					"rotation": [0, -37.5, 0]
				},
				"foot_wisp_right": {
					"rotation": [-31.5667, -17.2294, 10.3141]
				},
				"foot_wisp_right_mid": {
					"rotation": [0, -32.5, 0]
				},
				"foot_wisp_right_end": {
					"rotation": [0, 47.5, 0]
				},
				"foot_right": {
					"rotation": [10, 0, -15]
				},
				"hair_strand2_base": {
					"rotation": [-28.87809, 21.5087, -16.05815]
				},
				"hair_strand2_bend": {
					"rotation": [26.06663, -9.08661, 17.89244]
				},
				"hair_strand2_mid": {
					"rotation": [34.58859, -18.82943, -12.54707]
				},
				"hair_strand2_mid_bend": {
					"rotation": [42.02427, -27.22866, -20.28429]
				},
				"hair_strand2_end": {
					"rotation": [0, 42.5, 0]
				},
				"hair_strand2_end_bend": {
					"rotation": [0, 47.5, 0]
				},
				"hair_strand2_tip": {
					"rotation": [0, 60, 0]
				},
				"hair_strand3_tip": {
					"rotation": [0, -42.5, 0]
				},
				"hair_strand3_end_bend": {
					"rotation": [0, -37.5, 0]
				},
				"hair_strand3_end": {
					"rotation": [-3.50863, -31.4895, -12.286]
				},
				"hair_strand3_mid_bend": {
					"rotation": [-22.30998, 25.71543, -10.09541]
				},
				"hair_strand3_mid": {
					"rotation": [57.89618, 5.35355, 8.45862]
				},
				"hair_strand3_bend": {
					"rotation": [34.03327, -7.73303, -16.39954]
				},
				"hair_strand3_base_bend": {
					"rotation": [38.46347, 11.84911, 9.26433]
				},
				"hair_strand3_base": {
					"rotation": [-20, 0, 0]
				},
				"hair_strand2_base_bend": {
					"rotation": [38.46347, 11.84911, 9.26433]
				},
				"hair_strand4_base": {
					"rotation": [-223.45113, -49.98055, -194.38879]
				},
				"hair_strand4_base_bend": {
					"rotation": [57.26498, 16.3882, 15.63367]
				},
				"hair_strand4_bend": {
					"rotation": [55.6431, -7.13136, -10.29284]
				},
				"hair_strand4_mid": {
					"rotation": [56.39498, -17.72091, -24.60981]
				},
				"hair_strand4_mid_bend": {
					"rotation": [3.60909, 36.27011, -14.27393]
				},
				"hair_strand4_end": {
					"rotation": [-14.26338, -4.65852, -56.5429]
				},
				"hair_strand4_end_bend": {
					"rotation": [0, -50, 0]
				},
				"hair_strand4_tip": {
					"rotation": [0, -50, 0]
				},
				"hair_strand3_strand_base": {
					"rotation": [-32.30998, -25.71543, 10.09541]
				},
				"hair_strand3_strand_bend": {
					"rotation": [26.05573, -15.81499, -7.59001]
				},
				"hair_strand3_strand_end": {
					"rotation": [17.5, -35, 0]
				},
				"hair_strand3_strand_end_bend": {
					"rotation": [0, -55, 0]
				},
				"hair_strand3_strand_tip": {
					"rotation": [0, 47.5, 0]
				},
				"hair_strand4_strand_mid": {
					"rotation": [57.05902, 28.53623, 36.40051]
				},
				"hair_strand4_strand_bend": {
					"rotation": [59.74943, 14.98328, 16.98216]
				},
				"hair_strand4_strand_base": {
					"rotation": [-15, 37.5, 0]
				},
				"hair_strand4_strand_end": {
					"rotation": [27.5, -42.5, 0]
				},
				"hair_strand4_strand_end_bend": {
					"rotation": [0, -37.5, 0]
				},
				"hair_strand4_strand_tip": {
					"rotation": [0, -62.5, 0]
				},
				"hair_strand4_strand2_tip": {
					"rotation": [0, 40, 0]
				},
				"hair_strand4_strand2_end": {
					"rotation": [55, 32.5, 0]
				},
				"hair_strand4_strand2_base": {
					"rotation": [-7.05612, 15.03629, 0.61415]
				},
				"hair_strand5_base": {
					"rotation": [156.87402, 190.51794, -186.79286]
				},
				"hair_strand5_bend": {
					"rotation": [69.5662, 26.94622, 18.89595]
				},
				"hair_strand5_mid": {
					"rotation": [50, 0, 0]
				},
				"hair_strand5_end": {
					"rotation": [35, 32.5, 0]
				},
				"hair_strand5_end_bend": {
					"rotation": [0, 42.5, 0]
				},
				"hair_strand5_tip": {
					"rotation": [0, 55, 0]
				},
				"pupil_left": {
					"position": [0, 0.2, 0]
				},
				"ear_right": {
					"scale": 0
				},
				"zoroark": {
					"rotation": [180, 0, 0],
					"position": [0, -0.5, 0],
					"scale": -1
				}
			}
		},
		"animation.zoroark_hisuian.ground_walk": {
			"loop": true,
			"bones": {
				"body": {
					"position": [0, "0 - (30/11 + (-12 * 0.1)) + math.abs(math.sin(((query.anim_time) - (1.1/2.5)) * 90 * 2.5) * (30/11 + (-12 * 0.1)))", 0]
				},
				"torso": {
					"rotation": [23, "0 - math.sin(((query.anim_time) - (0.25/2.5)) * 90 * 2.5) * 6", "math.sin(((query.anim_time) - (0.25/2.5)) * 90 * 2.5) * 1"]
				},
				"head": {
					"rotation": ["0 - (23 * 1.5)", "math.sin(((query.anim_time) - (0.5/2.5)) * 90 * 2.5) * (6 * 1.5)", 0],
					"position": [0, 0, "0 - (23 / 10)"]
				},
				"arm_left": {
					"rotation": [13, "33 - math.sin(((query.anim_time) - (0.5/2.5)) * 90 * 2.5) * 30", "0 + 51"]
				},
				"arm_left2": {
					"rotation": [0, "math.clamp(math.sin(((query.anim_time) + (0.75/2.5)) * 90 * 2.5) * 30, 0, 30)", 8]
				},
				"arm_right": {
					"rotation": [13, "0 - 33 - math.sin(((query.anim_time) - (0.5/2.5)) * 90 * 2.5) * 30", -51]
				},
				"arm_right2": {
					"rotation": [0, "0 - math.clamp(math.sin(((query.anim_time) - (1/2.5)) * 90 * 2.5) * 30, 0, 30)", "0 - 8"]
				},
				"waist": {
					"rotation": [33, "0- math.sin(((query.anim_time) - (0.5/2.5)) * 90 * 2.5) * 6", "0+math.sin(((query.anim_time) - (0.5/2.5)) * 90 * 2.5) * 1"]
				},
				"leg_left": {
					"rotation": [
						"0 -math.sin((query.anim_time) * 90 * 2.5) * 30",
						0,
						"0 - 0 + (math.clamp((math.sin(((query.anim_time - (1.75 / 2.5))) * 180 * 2.5) * 1) - math.clamp((math.sin(((query.anim_time - (1.75 / 2.5))) * 90 * 2.5) * 2), 0, 1), 0, 1)) * 0"
					],
					"position": [0, "math.clamp(math.sin(((query.anim_time) + (1/2.5)) * 90 * 2.5) * 3, 0, 3)", 0]
				},
				"leg_left2": {
					"rotation": ["0 - math.clamp(math.sin(((query.anim_time) - (0.75/2.5)) * 90 * 2.5) * 38, -38, 0)", 0, 0]
				},
				"leg_right": {
					"rotation": [
						"math.sin((query.anim_time) * 90 * 2.5) * 30",
						0,
						"0 - (math.clamp((math.sin(((query.anim_time + (0.25 / 2.5))) * 180 * 2.5) * 1) - math.clamp((math.sin(((query.anim_time + (0.25 / 2.5))) * 90 * 2.5) * 2), 0, 1), 0, 1)) * 0"
					],
					"position": [0, "math.clamp(math.sin(((query.anim_time) - (1/2.5)) * 90 * 2.5) * 3, 0, 3)", 0]
				},
				"leg_right2": {
					"rotation": ["math.clamp(math.sin(((query.anim_time) - (0.75/2.5)) * 90 * 2.5) * 38, 0, 38)", 0, 0]
				},
				"tail": {
					"rotation": [-2, "math.sin(((query.anim_time) - ((8 * 0.1)/2.5)) * 90 * 2.5) * (10)", 0]
				},
				"tail2": {
					"rotation": [2, "math.sin(((query.anim_time) - (((8 * 0.1)+1)/2.5)) * 90 * 2.5) * (10/2)", 0]
				},
				"tail3": {
					"rotation": [2, "math.sin(((query.anim_time) - (((8 * 0.1)+1)/2.5)) * 90 * 2.5) * (10/2)", 0]
				},
				"foot_left": {
					"rotation": ["0 + math.clamp(math.sin(((query.anim_time) - (0.1/2.5)) * 90 * 2.5) * 3, -3, 0)", 0, 0]
				},
				"foot_right": {
					"rotation": ["0 + math.clamp(math.sin(((query.anim_time) + (2.1/2.5)) * 90 * 2.5) * 3, -3, 0)", 0, 0]
				},
				"ear_left": {
					"rotation": [
						"Math.sin((q.anim_time - (1 / 2.5))* 180 * 2.5) * 1",
						0,
						"0 + 6 + (Math.sin((q.anim_time - (1 / 2.5))* 180 * 2.5) * 0 + Math.clamp(Math.sin((q.anim_time - (1/2.5))* 180 * 2.5) * 0, 0, 0)) + (Math.sin((q.anim_time - (0.75/2.5))* 90 * 2.5) * 0)"
					]
				},
				"ear_right": {
					"rotation": [
						"Math.sin((q.anim_time - (1 / 2.5))* 180 * 2.5) * 1",
						0,
						"-6 - (Math.sin((q.anim_time - (1 / 2.5))* 180 * 2.5) * 0 + Math.clamp(Math.sin((q.anim_time - (1/2.5))* 180 * 2.5) * 0, 0, 0)) + (Math.sin((q.anim_time - (0.75/2.5))* 90 * 2.5) * 0)"
					]
				},
				"headpiece": {
					"rotation": ["math.sin(((query.anim_time) - (1.35/2.5)) * 180 * 2.5) * (0)", 0, 0]
				},
				"hair5": {
					"rotation": ["-20+2", "0+math.sin(((query.anim_time) - ((8 * 0.1)/2.5)) * 90 * 2.5) * (10)", 0]
				},
				"hair6": {
					"rotation": [-15, 0, 0]
				},
				"hair7": {
					"rotation": ["15+2", "0+math.sin(((query.anim_time) - (((8 * 0.1)+1)/2.5)) * 90 * 2.5) * (10/2)", 0]
				},
				"hair8": {
					"rotation": [2.5, 0, 0]
				},
				"hair9": {
					"rotation": [5, 0, 0]
				},
				"hair10": {
					"rotation": [5, 0, 0]
				}
			}
		},
		"animation.zoroark_hisuian.hair_setup": {
			"loop": true,
			"bones": {
				"bang_front": {
					"rotation": [0, 12.5, 0]
				},
				"bang_front_bend": {
					"rotation": [35.93866, 12.2403, 8.73739]
				},
				"bang_front_mid": {
					"rotation": [36.05326, -40.00638, -39.11175]
				},
				"bang_front_end": {
					"rotation": [51.34816, 50.19019, 43.8455]
				},
				"bang_front_tip": {
					"rotation": [0, 42.5, 0]
				},
				"hair_strand1_base": {
					"rotation": [1.56614, 28.48848, -13.73557]
				},
				"hair_strand1_bend": {
					"rotation": [20.15874, -7.04533, -2.57816]
				},
				"hair_strand1_mid": {
					"rotation": [52.29608, -4.21996, -9.20669]
				},
				"hair_strand1_mid_bend": {
					"rotation": [-25.76926, 13.56626, -6.46066]
				},
				"hair_strand1_end": {
					"rotation": [-43.97392, 8.56838, 14.28455]
				},
				"hair_strand1_end_bend": {
					"rotation": [0, 32.5, 0]
				},
				"hair_strand1_tip": {
					"rotation": [0, 60, 0]
				},
				"hair_strand2_base": {
					"rotation": [-28.87809, 21.5087, -16.05815]
				},
				"hair_strand2_base_bend": {
					"rotation": [38.46347, 11.84911, 9.26433]
				},
				"hair_strand2_bend": {
					"rotation": [26.06663, -9.08661, 17.89244]
				},
				"hair_strand2_mid": {
					"rotation": [34.58859, -18.82943, -12.54707]
				},
				"hair_strand2_mid_bend": {
					"rotation": [42.02427, -27.22866, -20.28429]
				},
				"hair_strand2_end": {
					"rotation": [0, 42.5, 0]
				},
				"hair_strand2_end_bend": {
					"rotation": [0, 47.5, 0]
				},
				"hair_strand2_tip": {
					"rotation": [0, 60, 0]
				},
				"hair_strand3_base": {
					"rotation": [-20, 0, 0]
				},
				"hair_strand3_strand_base": {
					"rotation": [-32.30998, -25.71543, 10.09541]
				},
				"hair_strand3_strand_bend": {
					"rotation": [26.05573, -15.81499, -7.59001]
				},
				"hair_strand3_strand_end": {
					"rotation": [17.5, -35, 0]
				},
				"hair_strand3_strand_end_bend": {
					"rotation": [0, -55, 0]
				},
				"hair_strand3_strand_tip": {
					"rotation": [0, 47.5, 0]
				},
				"hair_strand3_base_bend": {
					"rotation": [38.46347, 11.84911, 9.26433]
				},
				"hair_strand3_bend": {
					"rotation": [34.03327, -7.73303, -16.39954]
				},
				"hair_strand3_mid": {
					"rotation": [57.89618, 5.35355, 8.45862]
				},
				"hair_strand3_mid_bend": {
					"rotation": [-22.30998, 25.71543, -10.09541]
				},
				"hair_strand3_end": {
					"rotation": [-3.50863, -31.4895, -12.286]
				},
				"hair_strand3_end_bend": {
					"rotation": [0, -37.5, 0]
				},
				"hair_strand3_tip": {
					"rotation": [0, -42.5, 0]
				},
				"hair_strand4_base": {
					"rotation": [-223.45113, -49.98055, -194.38879]
				},
				"hair_strand4_strand2_base": {
					"rotation": [-7.05612, 15.03629, 0.61415]
				},
				"hair_strand4_strand2_end": {
					"rotation": [55, 32.5, 0]
				},
				"hair_strand4_strand2_tip": {
					"rotation": [0, 40, 0]
				},
				"hair_strand4_strand_base": {
					"rotation": [-15, 37.5, 0]
				},
				"hair_strand4_strand_bend": {
					"rotation": [59.74943, 14.98328, 16.98216]
				},
				"hair_strand4_strand_mid": {
					"rotation": [57.05902, 28.53623, 36.40051]
				},
				"hair_strand4_strand_end": {
					"rotation": [27.5, -42.5, 0]
				},
				"hair_strand4_strand_end_bend": {
					"rotation": [0, -37.5, 0]
				},
				"hair_strand4_strand_tip": {
					"rotation": [0, -62.5, 0]
				},
				"hair_strand4_base_bend": {
					"rotation": [57.26498, 16.3882, 15.63367]
				},
				"hair_strand4_bend": {
					"rotation": [55.6431, -7.13136, -10.29284]
				},
				"hair_strand4_mid": {
					"rotation": [56.39498, -17.72091, -24.60981]
				},
				"hair_strand4_mid_bend": {
					"rotation": [3.60909, 36.27011, -14.27393]
				},
				"hair_strand4_end": {
					"rotation": [-14.26338, -4.65852, -56.5429]
				},
				"hair_strand4_end_bend": {
					"rotation": [0, -50, 0]
				},
				"hair_strand4_tip": {
					"rotation": [0, -50, 0]
				},
				"hair_strand5_base": {
					"rotation": [156.87402, 190.51794, -186.79286]
				},
				"hair_strand5_bend": {
					"rotation": [69.5662, 26.94622, 18.89595]
				},
				"hair_strand5_mid": {
					"rotation": [50, 0, 0]
				},
				"hair_strand5_end": {
					"rotation": [35, 32.5, 0]
				},
				"hair_strand5_end_bend": {
					"rotation": [0, 42.5, 0]
				},
				"hair_strand5_tip": {
					"rotation": [0, 55, 0]
				},
				"torso": {
					"position": [0, -5, 0]
				},
				"leg_left": {
					"position": [1, -1, 0]
				},
				"leg_left2": {
					"rotation": [5, 0, 0]
				},
				"foot_left": {
					"rotation": [-10, 0, 0]
				},
				"foot_left2": {
					"rotation": [2.5, 0, 0]
				},
				"leg_right": {
					"position": [-1, -1, 0]
				},
				"leg_right2": {
					"rotation": [10, 0, 0]
				},
				"foot_right": {
					"rotation": [-7.5, 0, 0]
				}
			}
		},
		"animation.zoroark_hisuian.battle_idle": {
			"loop": true,
			"bones": {
				"body": {
					"position": [0, -6.45, 0]
				},
				"torso": {
					"rotation": [49.73973, -30.03698, 0.50131],
					"position": [0, -0.6, 0]
				},
				"waist": {
					"rotation": ["22.5802+math.sin(q.anim_time*80*2-0)*2", 12.56232, -12.46577],
					"position": [0.6, 0, 0]
				},
				"arm_right": {
					"rotation": ["-86.8599-math.sin(q.anim_time*80*2-0)*5", -66.16255, 93.6774],
					"position": [0, 1.5, -1.5]
				},
				"arm_right2": {
					"rotation": ["7.3738+math.sin(q.anim_time*80*2-0)*4", "-11.2711-math.sin(q.anim_time*80*2-0)*3", "29.7888+math.sin(q.anim_time*80*2-0)*4"]
				},
				"claw_back_right": {
					"rotation": [0, 0, -20]
				},
				"claw_middle_right": {
					"rotation": [0, 0, -20]
				},
				"claw_front_right": {
					"rotation": [0, 0, -20]
				},
				"head": {
					"rotation": ["-60.1137+math.sin(q.anim_time*80*2-0)*1.5", -4.10477, 2.58818]
				},
				"snout2": {
					"rotation": [0, 0, 0]
				},
				"leg_left": {
					"rotation": [54.53795, -15.88978, -33.49964],
					"position": [0.1, 0, 2.1]
				},
				"leg_left2": {
					"rotation": [2.5, 0, 0]
				},
				"foot_left": {
					"rotation": [-30.99815, 39.8232, -0.59162]
				},
				"foot_left2": {
					"rotation": [3, 0, 0]
				},
				"chest": {
					"rotation": [39.84924, 13.07247, -13.63358]
				},
				"arm_left": {
					"rotation": [-66.3701, 12.16139, "27.0112+math.sin(q.anim_time*80*2-0)*4"]
				},
				"arm_left2": {
					"rotation": [-15.58128, "75.1263+math.sin(q.anim_time*80*2-20)*4", -5.48006]
				},
				"bang_front": {
					"rotation": [0, 12.5, 0]
				},
				"bang_front_bend": {
					"rotation": [35.93866, "12.2403+math.sin(q.anim_time*60*2-15)*3", 8.73739]
				},
				"bang_front_mid": {
					"rotation": [35.51183, "-39.9746+math.sin(q.anim_time*60*2-55)*3.2", "-38.7543+math.sin(q.anim_time*60*2-55)*3.2"]
				},
				"bang_front_end": {
					"rotation": [51.3482, "50.1902-math.sin(q.anim_time*60*2-85)*4", "43.8455-math.sin(q.anim_time*60*2-85)*4"]
				},
				"bang_front_tip": {
					"rotation": [0, 42.5, 0]
				},
				"hair_strand1_base": {
					"rotation": [1.56614, 28.48848, -13.73557]
				},
				"hair_strand1_bend": {
					"rotation": ["20.1587+math.sin(q.anim_time*60*2-15)*3", -7.04533, -2.57816]
				},
				"hair_strand1_mid": {
					"rotation": ["52.2961+math.sin(q.anim_time*60*2-15)*2.5", -4.21996, -9.20669]
				},
				"hair_strand1_end": {
					"rotation": ["-43.9739+math.sin(q.anim_time*60*2-95)*3", 8.56838, 14.28455]
				},
				"hair_strand1_end_bend": {
					"rotation": [0, 32.5, 0]
				},
				"hair_strand1_mid_bend": {
					"rotation": ["-25.7693+math.sin(q.anim_time*60*2-45)*3", 13.56626, -6.46066]
				},
				"hair_strand1_tip": {
					"rotation": [0, 60, 0]
				},
				"leg_right": {
					"rotation": [-41.03789, -16.90951, 16.60893]
				},
				"leg_right2": {
					"rotation": [53.82795, 5.79007, 6.84751]
				},
				"foot_right2": {
					"rotation": [-5, 0, 0]
				},
				"tail": {
					"rotation": [0, 15, 0]
				},
				"arm_fluff_left": {
					"rotation": [0, -15, 0]
				},
				"arm_fluff_left2": {
					"rotation": [27.5, 0, 0]
				},
				"claw_back_left": {
					"rotation": [0, 0, 20]
				},
				"claw_middle_left": {
					"rotation": [0, 0, 20]
				},
				"claw_front_left": {
					"rotation": [0, 0, 20]
				},
				"arm_fluff_right": {
					"rotation": [0, -20, 0]
				},
				"arm_fluff_right2": {
					"rotation": [25, 0, 0]
				},
				"chest_fluff": {
					"rotation": [-3.03513, -9.53274, 17.75313]
				},
				"foot_wisp_left": {
					"rotation": [0, "27.5+math.sin(q.anim_time*80*2-0)*5", 0]
				},
				"foot_wisp_left_mid": {
					"rotation": [0, "45+math.sin(q.anim_time*80*2-30)*6", 0]
				},
				"foot_wisp_left_end": {
					"rotation": [0, "-45+math.sin(q.anim_time*80*2-120)*6.5", 0]
				},
				"leg_wisp_left_mid": {
					"rotation": [0, "-25-math.sin(q.anim_time*80*2-30)*6", 0]
				},
				"leg_wisp_left_end": {
					"rotation": [0, "37.5-math.sin(q.anim_time*80*2-120)*6.5", 0]
				},
				"leg_wisp_right": {
					"rotation": [52.64876, "7.6845+math.sin(q.anim_time*80*2-0)*5", -8.21533]
				},
				"leg_wisp_right_mid": {
					"rotation": [0, "32.5+math.sin(q.anim_time*80*2-30)*6", 0]
				},
				"leg_wisp_right_end": {
					"rotation": [0, "27.5+math.sin(q.anim_time*80*2-120)*6.5", 0]
				},
				"foot_wisp_right": {
					"rotation": [-31.5667, "-17.2294-math.sin(q.anim_time*80*2-0)*5", 10.3141]
				},
				"foot_wisp_right_mid": {
					"rotation": [0, "-32.5-math.sin(q.anim_time*80*2-30)*6", 0]
				},
				"foot_wisp_right_end": {
					"rotation": [0, "42.5-math.sin(q.anim_time*80*2-120)*6.5", 0]
				},
				"foot_right": {
					"rotation": [-2.5, 0, -15]
				},
				"hair_strand2_base": {
					"rotation": [-28.87809, 21.5087, -16.05815]
				},
				"hair_strand2_bend": {
					"rotation": ["26.0666+math.sin(q.anim_time*60*2-15)*3", -9.08661, 17.89244]
				},
				"hair_strand2_mid": {
					"rotation": ["34.5886+math.sin(q.anim_time*60*2-15)*3", "-18.8294+math.sin(q.anim_time*60*2-15)*3", -12.54707]
				},
				"hair_strand2_mid_bend": {
					"rotation": ["27.0243+math.sin(q.anim_time*60*2-95)*3", -27.22866, -20.28429]
				},
				"hair_strand2_end": {
					"rotation": [0, 42.5, 0]
				},
				"hair_strand2_end_bend": {
					"rotation": [0, "47.5+math.sin(q.anim_time*60*2-115)*3.5", 0]
				},
				"hair_strand2_tip": {
					"rotation": [0, 60, 0]
				},
				"hair_strand3_tip": {
					"rotation": [0, -42.5, 0]
				},
				"hair_strand3_end_bend": {
					"rotation": [0, -37.5, 0]
				},
				"hair_strand3_end": {
					"rotation": ["-3.5086+math.sin(q.anim_time*60*2-45)*3", "-31.4895+math.sin(q.anim_time*60*2-45)*3", -12.286]
				},
				"hair_strand3_mid_bend": {
					"rotation": ["-22.31+math.sin(q.anim_time*60*2-15)*3", "25.7154+math.sin(q.anim_time*60*2-15)*3", -10.09541]
				},
				"hair_strand3_mid": {
					"rotation": ["52.8962+math.sin(q.anim_time*60*2-15)*3", "5.3536+math.sin(q.anim_time*60*2-15)*3", 8.45862]
				},
				"hair_strand3_bend": {
					"rotation": ["34.0333+math.sin(q.anim_time*60*2-15)*3", -7.73303, -16.39954]
				},
				"hair_strand3_base_bend": {
					"rotation": [38.46347, 11.84911, 9.26433]
				},
				"hair_strand3_base": {
					"rotation": [-20, 0, 0]
				},
				"hair_strand2_base_bend": {
					"rotation": [38.46347, 11.84911, 9.26433]
				},
				"hair_strand4_base": {
					"rotation": [-223.45113, -49.98055, -194.38879]
				},
				"hair_strand4_base_bend": {
					"rotation": [57.26498, 16.3882, 15.63367]
				},
				"hair_strand4_bend": {
					"rotation": ["55.6431+math.sin(q.anim_time*60*2-15)*3", -7.13136, -10.29284]
				},
				"hair_strand4_mid": {
					"rotation": ["43.895+math.sin(q.anim_time*60*2-15)*2", -17.72091, -24.60981]
				},
				"hair_strand4_mid_bend": {
					"rotation": ["3.6091+math.sin(q.anim_time*60*2-15)*3", 36.27011, -14.27393]
				},
				"hair_strand4_end": {
					"rotation": [-14.26338, -4.65852, -56.5429]
				},
				"hair_strand4_end_bend": {
					"rotation": [0, -50, 0]
				},
				"hair_strand4_tip": {
					"rotation": [0, -50, 0]
				},
				"hair_strand3_strand_base": {
					"rotation": [-32.30998, "-25.7154-math.sin(q.anim_time*60*2-15)*3", 10.09541]
				},
				"hair_strand3_strand_bend": {
					"rotation": [26.05573, "-15.815-math.sin(q.anim_time*60*2-15)*3", -7.59001]
				},
				"hair_strand3_strand_end": {
					"rotation": [17.5, -35, 0]
				},
				"hair_strand3_strand_end_bend": {
					"rotation": [0, "-55-math.sin(q.anim_time*60*2-65)*3", 0]
				},
				"hair_strand3_strand_tip": {
					"rotation": [0, 47.5, 0]
				},
				"hair_strand4_strand_mid": {
					"rotation": [57.05902, 28.53623, 36.40051]
				},
				"hair_strand4_strand_bend": {
					"rotation": [59.74943, 14.98328, 16.98216]
				},
				"hair_strand4_strand_base": {
					"rotation": [-15, 37.5, 0]
				},
				"hair_strand4_strand_end": {
					"rotation": [27.5, -42.5, 0]
				},
				"hair_strand4_strand_end_bend": {
					"rotation": [0, -37.5, 0]
				},
				"hair_strand4_strand_tip": {
					"rotation": [0, -62.5, 0]
				},
				"hair_strand4_strand2_tip": {
					"rotation": [0, 40, 0]
				},
				"hair_strand4_strand2_end": {
					"rotation": [55, 32.5, 0]
				},
				"hair_strand4_strand2_base": {
					"rotation": [-7.05612, 15.03629, 0.61415]
				},
				"hair_strand5_base": {
					"rotation": [156.87402, 190.51794, -186.79286]
				},
				"hair_strand5_bend": {
					"rotation": ["69.5662+math.sin(q.anim_time*60*2-15)*3", 26.94622, 18.89595]
				},
				"hair_strand5_mid": {
					"rotation": ["50+math.sin(q.anim_time*60*2-15)*3", 0, 0]
				},
				"hair_strand5_end": {
					"rotation": [35, 32.5, 0]
				},
				"hair_strand5_end_bend": {
					"rotation": [0, 42.5, 0]
				},
				"hair_strand5_tip": {
					"rotation": [0, 55, 0]
				},
				"pupil_left": {
					"position": [0, 0.2, 0]
				},
				"ear_right": {
					"scale": 0
				},
				"neck": {
					"rotation": [-15, 0, 2.5]
				},
				"leg_wisp_left": {
					"rotation": [0, "0-math.sin(q.anim_time*80*2-0)*5", 0]
				}
			}
		},
		"animation.zoroark_hisuian.cry": {
			"animation_length": 1.0417,
			"bones": {
				"head": {
					"rotation": {
						"0.0": [0, 0, 0],
						"0.0417": [-1.68, 1, 0],
						"0.125": {
							"pre": [-5, 0, 0],
							"post": [-5, 0, 0],
							"lerp_mode": "catmullrom"
						},
						"0.2083": {
							"post": [-4.55, -2, 0],
							"lerp_mode": "catmullrom"
						},
						"0.625": {
							"post": [0.32, 0, 0],
							"lerp_mode": "catmullrom"
						},
						"0.8333": [0.46, 0.13, 0],
						"1.0417": [0, 0, 0]
					}
				},
				"snout": {
					"position": {
						"0.0": [0, 0, 0],
						"0.0833": [0, 0.2, 0],
						"0.1667": [0, 0.4, 0],
						"0.9167": [0, 0.2, 0],
						"1.0": [0, 0, 0]
					}
				},
				"fangs_top": {
					"position": {
						"0.9167": [0, 0, 0],
						"0.9583": [0, 1, 0]
					}
				},
				"jaw": {
					"scale": {
						"0.0": [1, 1, 1],
						"0.0417": {
							"pre": [1, 1, 1],
							"post": [0, 0, 0]
						},
						"1.0": [0, 0, 0],
						"1.0417": {
							"pre": [0, 0, 0],
							"post": [1, 1, 1]
						}
					}
				},
				"mouth_open": {
					"rotation": {
						"0.0": [0, 0, 0],
						"0.125": {
							"pre": [42.5, 0, 0],
							"post": [42.5, 0, 0],
							"lerp_mode": "catmullrom"
						},
						"0.375": {
							"post": [42.5, 0, 0],
							"lerp_mode": "catmullrom"
						},
						"0.5417": {
							"post": [25, 0, 0],
							"lerp_mode": "catmullrom"
						},
						"0.8333": [25, 0, 0],
						"0.9583": [0, 0, 0]
					},
					"position": {
						"0.0": [0, 0, 0],
						"0.0417": {
							"pre": [0, 0, 0],
							"post": [0, -1, -1]
						},
						"1.0": [0, -1, -1],
						"1.0417": {
							"pre": [0, -1, -1],
							"post": [0, 0, 0]
						}
					}
				}
			},
			"sound_effects": {
				"0.0": {
					"effect": "pokemon.zoroark_hisuian.cry"
				}
			}
		},
		"animation.zoroark_hisuian.recoil": {
			"animation_length": 0.75,
			"bones": {
				"waist": {
					"rotation": {
						"0.0": [0, 0, 0],
						"0.0833": {
							"pre": [-2.5, 0, 0],
							"post": [-2.5, 0, 0],
							"lerp_mode": "catmullrom"
						},
						"0.1667": {
							"post": [-12.5, 0, 0],
							"lerp_mode": "catmullrom"
						},
						"0.7083": [0, 0, 0]
					}
				},
				"head": {
					"rotation": {
						"0.0": [0, 0, 0],
						"0.0417": {
							"pre": [12.5, 0, 0],
							"post": [12.5, 0, 0],
							"lerp_mode": "catmullrom"
						},
						"0.1667": {
							"post": [-12.5, 0, 0],
							"lerp_mode": "catmullrom"
						},
						"0.75": [0, 0, 0]
					}
				},
				"eyelid_right": {
					"position": {
						"0.0": [0, 0, 0],
						"0.0417": [0, 0, 0],
						"0.0833": [-0.12, 0, 0],
						"0.7083": [-0.12, 0, 0],
						"0.75": [0, 0, 0]
					}
				},
				"eyelid_left": {
					"position": {
						"0.0": [-0.89, 0, 0],
						"0.0417": [-0.39, 0, 0],
						"0.0833": [0.11, 0, 0],
						"0.7083": [0.11, 0, 0],
						"0.75": [-0.39, 0, 0]
					}
				}
			}
		},
		"animation.zoroark_hisuian.blink": {
			"animation_length": 0.16667
		}
	}
}