{
	"format_version": "1.12.0",
	"minecraft:geometry": [
		{
			"description": {
				"identifier": "geometry.vipena",
				"texture_width": 64,
				"texture_height": 64,
				"visible_bounds_width": 4,
				"visible_bounds_height": 2.5,
				"visible_bounds_offset": [0, 0.75, 0]
			},
			"bones": [
				{
					"name": "vipena",
					"pivot": [0, 0, 0]
				},
				{
					"name": "head",
					"parent": "vipena",
					"pivot": [0, 8, -3],
					"cubes": [
						{"origin": [-5, 8, -6], "size": [10, 7, 6], "uv": [0, 0]},
						{"origin": [-5, 15, -6], "size": [3, 3, 6], "uv": [36, 3]},
						{"origin": [2, 15, -6], "size": [3, 3, 6], "uv": [36, 3], "mirror": true}
					]
				},
				{
					"name": "bone",
					"parent": "vipena",
					"pivot": [0, -1, -3],
					"cubes": [
						{"origin": [-3, 0, -5], "size": [6, 8, 4], "uv": [0, 15]},
						{"origin": [-3, 0, -1], "size": [6, 4, 6], "uv": [40, 21]}
					]
				},
				{
					"name": "bone2",
					"parent": "bone",
					"pivot": [0, 2, 5],
					"cubes": [
						{"origin": [-2.5, 0, 5], "size": [5, 4, 6], "uv": [22, 15]}
					]
				},
				{
					"name": "bone3",
					"parent": "bone2",
					"pivot": [0, 2, 11],
					"rotation": [30, 0, 0],
					"cubes": [
						{"origin": [-2, 0, 10], "size": [4, 4, 7], "uv": [22, 28]},
						{"origin": [-3, 2, 14], "size": [6, 0, 11], "uv": [-6, 31]}
					]
				}
			]
		}
	]
}