{
    
    "target": "cobblemon:pumpkaboo",
    "features": ["jetian"],
    "forms": [
      {
        "implemented": true,
        "nationalPokedexNumber": 710,
        "name": "Jetian",
        "primaryType": "ghost",
        "secondaryType": "fire",
        "maleRatio": 0.75,
        "height": 13,
        "weight": 445,
        "pokedex": [
          "cobblemon.species.pumpkaboo_jetian.desc"
        ],
        "labels": [
          "gen6",
          "jetian"
        ],
        "aspects": ["jetian"],
        "abilities": [
          "flamebody",
          "h:vitalspirit"
        ],
        "eggGroups": [
          "human_like"
        ],
        "baseStats": {
          "hp": 65,
          "attack": 95,
          "defence": 57,
          "special_attack": 100,
          "special_defence": 85,
          "speed": 93
        },
        "evYield": {
          "hp": 0,
          "attack": 0,
          "defence": 0,
          "special_attack": 2,
          "special_defence": 0,
          "speed": 0
        },
        "baseExperienceYield": 173,
        "experienceGroup": "medium_fast",
        "catchRate": 45,
        "eggCycles": 25,
        "baseFriendship": 50,
        "baseScale": 1,
        "hitbox": {
          "width": 0.7,
          "height": 1.5,
          "fixed": false
        },
        "drops": {
          "amount": 3,
          "entries": [
            {
              "item": "minecraft:blaze_powder",
              "percentage": 5.0
            },
            {
              "item": "cobblemon:tamato_berry",
              "percentage": 5.0
            },
            {
              "item": "cobblemon:rawst_berry",
              "percentage": 5.0
            }
          ]
        },
        "moves": [
          "1:smog",
          "1:leer",
          "1:ember",
          "1:smokescreen",
          "1:feintattack",
          "1:flameburst",
          "12:clearsmog",
          "16:flamewheel",
          "20:confuseray",
          "24:scaryface",
          "28:firepunch",
          "34:lavaplume",
          "40:lowkick",
          "46:flamethrower",
          "52:sunnyday",
          "58:fireblast",
          "64:hyperbeam",
          "egg:barrier",
          "egg:belch",
          "egg:bellydrum",
          "egg:crosschop",
          "egg:dynamicpunch",
          "egg:flameburst",
          "egg:focuspunch",
          "egg:followme",
          "egg:karatechop",
          "egg:machpunch",
          "tm:acidspray",
          "tm:bodyslam",
          "tm:brickbreak",
          "tm:burningjealousy",
          "tm:confuseray",
          "tm:covet",
          "tm:curse",
          "tm:doubleedge",
          "tm:dualchop",
          "tm:endure",
          "tm:facade",
          "tm:fireblast",
          "tm:firepunch",
          "tm:firespin",
          "tm:flamecharge",
          "tm:flamethrower",
          "tm:flareblitz",
          "tm:fling",
          "tm:focusblast",
          "tm:focusenergy",
          "tm:focuspunch",
          "tm:gigaimpact",
          "tm:headbutt",
          "tm:heatcrash",
          "tm:heatwave",
          "tm:helpinghand",
          "tm:hyperbeam",
          "tm:incinerate",
          "tm:irontail",
          "tm:knockoff",
          "tm:lowkick",
          "tm:lowsweep",
          "tm:megakick",
          "tm:megapunch",
          "tm:metronome",
          "tm:overheat",
          "tm:poisonjab",
          "tm:powerswap",
          "tm:poweruppunch",
          "tm:protect",
          "tm:psychic",
          "tm:rest",
          "tm:roar",
          "tm:rockclimb",
          "tm:rocksmash",
          "tm:scaryface",
          "tm:scorchingsands",
          "tm:screech",
          "tm:sleeptalk",
          "tm:strength",
          "tm:substitute",
          "tm:sunnyday",
          "tm:takedown",
          "tm:taunt",
          "tm:temperflare",
          "tm:terablast",
          "tm:thief",
          "tm:thunderpunch",
          "tm:uproar",
          "tm:willowisp",
          "tutor:burningjealousy",
          "tutor:covet",
          "tutor:dualchop",
          "tutor:firepunch",
          "tutor:flamethrower",
          "tutor:focusenergy",
          "tutor:focuspunch",
          "tutor:gigaimpact",
          "tutor:heatwave",
          "tutor:helpinghand",
          "tutor:hyperbeam",
          "tutor:irontail",
          "tutor:knockoff",
          "tutor:lowkick",
          "tutor:poisonjab",
          "tutor:psychic",
          "tutor:rest",
          "tutor:rocksmash",
          "tutor:scorchingsands",
          "tutor:sleeptalk",
          "tutor:thunderpunch",
          "tutor:uproar"
        ],
        "evolutions": [
          {
            "id": "pumpkaboo_spectuff",
            "variant": "trade",
            "result": "spectuff",
            "consumeHeldItem": true,
            "learnableMoves": [],
            "requirements": [
              {
                "variant": "held_item",
                "itemCondition": "cobblemon:dusk_stone"
              }
            ]
          }
        ]
      }]}