{
	"format_version": "1.12.0",
	"minecraft:geometry": [
		{
			"description": {
				"identifier": "geometry.capulce",
				"texture_width": 64,
				"texture_height": 64,
				"visible_bounds_width": 2,
				"visible_bounds_height": 2.5,
				"visible_bounds_offset": [0, 0.75, 0]
			},
			"bones": [
				{
					"name": "capulce",
					"pivot": [0, 0, 0]
				},
				{
					"name": "head",
					"parent": "capulce",
					"pivot": [0, 0, 0],
					"cubes": [
						{"origin": [-6, 0, -5], "size": [12, 9, 10], "uv": [0, 0]}
					]
				},
				{
					"name": "hair",
					"parent": "head",
					"pivot": [-1, 9, 0],
					"cubes": [
						{"origin": [-4, 9, 0], "size": [8, 13, 0], "uv": [7, 23]}
					]
				}
			]
		}
	]
}