{
	"format_version": "1.12.0",
	"minecraft:geometry": [
		{
			"description": {
				"identifier": "geometry.azurill",
				"texture_width": 48,
				"texture_height": 48,
				"visible_bounds_width": 6,
				"visible_bounds_height": 2.5,
				"visible_bounds_offset": [0, 0.75, 0]
			},
			"bones": [
				{
					"name": "azurill",
					"pivot": [0, 0, 0]
				},
				{
					"name": "body",
					"parent": "azurill",
					"pivot": [0, 4, -1]
				},
				{
					"name": "torso",
					"parent": "body",
					"pivot": [0, 2, 3.5],
					"cubes": [
						{"origin": [-4, 1, -5], "size": [8, 8, 8], "uv": [0, 18]}
					]
				},
				{
					"name": "butt_rotation",
					"parent": "torso",
					"pivot": [0, 1.05, 3],
					"rotation": [10, 0, 0],
					"cubes": [
						{"origin": [-1, 1.3, 2], "size": [2, 1, 2], "pivot": [0, 1.3, 3], "rotation": [0, 45, 0], "uv": [40, 35]}
					]
				},
				{
					"name": "ear_left",
					"parent": "torso",
					"pivot": [3.25, 8.1, -1],
					"cubes": [
						{"origin": [0.75, 8.1, -2], "size": [5, 4, 2], "pivot": [3.25, 8.1, -1], "rotation": [0, 0, 20], "uv": [32, 18]}
					]
				},
				{
					"name": "ear_right",
					"parent": "torso",
					"pivot": [-3.25, 8.1, -1],
					"cubes": [
						{"origin": [-5.75, 8.1, -2], "size": [5, 4, 2], "pivot": [-3.25, 8.1, -1], "rotation": [0, 0, -20], "uv": [32, 24]}
					]
				},
				{
					"name": "eyes",
					"parent": "torso",
					"pivot": [0.01318, 6.2424, -5]
				},
				{
					"name": "eyelid_left",
					"parent": "eyes",
					"pivot": [1.98682, 5.7424, -5],
					"cubes": [
						{"origin": [0.98682, 5.2424, -4.9], "size": [2, 1, 0], "inflate": 0.01, "uv": [0, 35], "mirror": true}
					]
				},
				{
					"name": "eyelid_right",
					"parent": "eyes",
					"pivot": [-1.98682, 5.7424, -5],
					"cubes": [
						{"origin": [-2.98682, 5.2424, -4.9], "size": [2, 1, 0], "inflate": 0.01, "uv": [0, 35]}
					]
				},
				{
					"name": "eye_left",
					"parent": "eyes",
					"pivot": [1.98682, 6.2424, -5],
					"cubes": [
						{"origin": [1.48682, 5.2424, -5], "size": [1, 2, 0], "inflate": 0.01, "pivot": [1.98682, 6.2424, -5], "rotation": [0, 0, -10], "uv": [0, 39], "mirror": true}
					]
				},
				{
					"name": "eye_right",
					"parent": "eyes",
					"pivot": [-1.98682, 6.2424, -5],
					"cubes": [
						{"origin": [-2.48682, 5.2424, -5], "size": [1, 2, 0], "inflate": 0.01, "pivot": [-1.98682, 6.2424, -5], "rotation": [0, 0, 10], "uv": [0, 39]}
					]
				},
				{
					"name": "mouth_closed",
					"parent": "torso",
					"pivot": [0, 4.375, -5],
					"cubes": [
						{"origin": [-0.5, 4.5, -5], "size": [1, 1, 0], "inflate": 0.02, "uv": [44, 15]},
						{"origin": [-1, 4, -5], "size": [2, 1, 0], "inflate": 0.01, "uv": [44, 17]}
					]
				},
				{
					"name": "mouth_open",
					"parent": "torso",
					"pivot": [0, 4.375, -4.9],
					"cubes": [
						{"origin": [-1, 4, -4.9], "size": [2, 1, 0], "inflate": 0.01, "uv": [36, 17]},
						{"origin": [1, 3.75, -4.9], "size": [1, 1, 0], "inflate": 0.01, "uv": [4, 39]},
						{"origin": [-2, 3.75, -4.9], "size": [1, 1, 0], "inflate": 0.01, "uv": [6, 39]}
					]
				},
				{
					"name": "feet",
					"parent": "body",
					"pivot": [0, 1, -1]
				},
				{
					"name": "foot_left",
					"parent": "feet",
					"pivot": [2, 1, -1],
					"cubes": [
						{"origin": [1, 0, -2], "size": [2, 1, 2], "uv": [32, 35]}
					]
				},
				{
					"name": "foot_left2",
					"parent": "foot_left",
					"pivot": [2, 0, -2],
					"cubes": [
						{"origin": [1, 0, -4], "size": [2, 1, 2], "inflate": 0.01, "uv": [36, 3]}
					]
				},
				{
					"name": "foot_right",
					"parent": "feet",
					"pivot": [-2, 1, -1],
					"cubes": [
						{"origin": [-3, 0, -2], "size": [2, 1, 2], "uv": [36, 6]}
					]
				},
				{
					"name": "foot_right2",
					"parent": "foot_right",
					"pivot": [-2, 0, -2],
					"cubes": [
						{"origin": [-3, 0, -4], "size": [2, 1, 2], "inflate": 0.01, "uv": [36, 0]}
					]
				},
				{
					"name": "tail",
					"parent": "body",
					"pivot": [0, 2, 4.1],
					"cubes": [
						{"origin": [0, 1.5, 4.1], "size": [0, 1, 4], "uv": [32, 30]}
					]
				},
				{
					"name": "tail2",
					"parent": "tail",
					"pivot": [0, 2.5, 8.1],
					"cubes": [
						{"origin": [0, 1.5, 8.1], "size": [0, 1, 4], "uv": [0, 34]}
					]
				},
				{
					"name": "tail3",
					"parent": "tail2",
					"pivot": [0, 1.5, 12.1],
					"cubes": [
						{"origin": [0, 1.5, 12.1], "size": [0, 1, 4], "uv": [8, 34]}
					]
				},
				{
					"name": "tail4",
					"parent": "tail3",
					"pivot": [0, 2.5, 16.1],
					"cubes": [
						{"origin": [0, 1.5, 16.1], "size": [0, 1, 4], "uv": [16, 34]}
					]
				},
				{
					"name": "tail5",
					"parent": "tail4",
					"pivot": [0, 1.5, 20.1],
					"cubes": [
						{"origin": [0, 1.5, 20.1], "size": [0, 1, 4], "uv": [24, 34]}
					]
				},
				{
					"name": "tail6",
					"parent": "tail5",
					"pivot": [0, 2.5, 24.1],
					"cubes": [
						{"origin": [0, 1.5, 24.1], "size": [0, 1, 3], "uv": [36, 9]}
					]
				},
				{
					"name": "tail7",
					"parent": "tail6",
					"pivot": [0, 1.5, 27.1],
					"cubes": [
						{"origin": [0, 1.5, 27.1], "size": [0, 1, 3], "uv": [36, 13]}
					]
				},
				{
					"name": "tail8",
					"parent": "tail7",
					"pivot": [0, 2.5, 30.1],
					"cubes": [
						{"origin": [0, 1.5, 30.1], "size": [0, 1, 3], "uv": [32, 38]}
					]
				},
				{
					"name": "tail_ball",
					"parent": "tail8",
					"pivot": [0, 2, 32.6],
					"cubes": [
						{"origin": [-4.5, -2.5, 32.6], "size": [9, 9, 9], "uv": [0, 0]}
					]
				}
			]
		}
	]
}