{
	"format_version": "1.12.0",
	"minecraft:geometry": [
		{
			"description": {
				"identifier": "geometry.cindrloon",
				"texture_width": 128,
				"texture_height": 128,
				"visible_bounds_width": 3,
				"visible_bounds_height": 2.5,
				"visible_bounds_offset": [0, 0.75, 0]
			},
			"bones": [
				{
					"name": "cindrloon",
					"pivot": [0, 0, 0]
				},
				{
					"name": "body",
					"parent": "cindrloon",
					"pivot": [0, 9.75, 0],
					"rotation": [-27.5, 0, 0],
					"cubes": [
						{"origin": [-4, 3.75, -5], "size": [8, 8, 11], "uv": [0, 22]}
					]
				},
				{
					"name": "rightwingopen",
					"parent": "body",
					"pivot": [-4, 9.75, -3],
					"cubes": [
						{"origin": [-9, 7.75, -4], "size": [6, 3, 5], "uv": [65, 0]},
						{"origin": [-9, 9.75, -1.5], "size": [7, 0, 9], "uv": [0, 52]}
					]
				},
				{
					"name": "rightwingopenp2",
					"parent": "rightwingopen",
					"pivot": [-8, 9.75, -3],
					"rotation": [0, -17.5, 0],
					"cubes": [
						{"origin": [-15, 8.5, -3.5], "size": [8, 2, 3], "uv": [0, 71]}
					]
				},
				{
					"name": "rightwingbit",
					"parent": "rightwingopenp2",
					"pivot": [-15, 9.75, -3],
					"cubes": [
						{"origin": [-17.5, 9.5, -1.5], "size": [12, 0, 9], "uv": [30, 33]}
					]
				},
				{
					"name": "rightwingopenp3",
					"parent": "rightwingopenp2",
					"pivot": [-15, 9.75, -3],
					"rotation": [0, 15, 0],
					"cubes": [
						{"origin": [-20.5, 9.25, -3.5], "size": [6, 1, 2], "uv": [79, 62]},
						{"origin": [-29.5, 9.25, -3.5], "size": [15, 0, 10], "uv": [0, 11]}
					]
				},
				{
					"name": "rightwingopenclaw",
					"parent": "rightwingopenp3",
					"pivot": [-15.5, 9.75, -3.5],
					"cubes": [
						{"origin": [-16.5, 9.75, -5.5], "size": [2, 0, 2], "uv": [28, 22]}
					]
				},
				{
					"name": "leftwingopen",
					"parent": "body",
					"pivot": [4, 9.75, -3],
					"cubes": [
						{"origin": [3, 7.75, -4], "size": [6, 3, 5], "uv": [65, 0], "mirror": true},
						{"origin": [2, 9.75, -1.5], "size": [7, 0, 9], "uv": [0, 52], "mirror": true}
					]
				},
				{
					"name": "leftwingopenp2",
					"parent": "leftwingopen",
					"pivot": [8, 9.75, -3],
					"rotation": [0, 17.5, 0],
					"cubes": [
						{"origin": [7, 8.5, -3.5], "size": [8, 2, 3], "uv": [0, 71], "mirror": true}
					]
				},
				{
					"name": "leftwingbit",
					"parent": "leftwingopenp2",
					"pivot": [15, 9.75, -3],
					"cubes": [
						{"origin": [5.5, 9.5, -1.5], "size": [12, 0, 9], "uv": [30, 33], "mirror": true}
					]
				},
				{
					"name": "leftwingopenp3",
					"parent": "leftwingopenp2",
					"pivot": [15, 9.75, -3],
					"rotation": [0, -15, 0],
					"cubes": [
						{"origin": [14.5, 9.25, -3.5], "size": [6, 1, 2], "uv": [79, 62], "mirror": true},
						{"origin": [14.5, 9.25, -3.5], "size": [15, 0, 10], "uv": [0, 11], "mirror": true}
					]
				},
				{
					"name": "leftwingopenclaw",
					"parent": "leftwingopenp3",
					"pivot": [15.5, 9.75, -3.5],
					"cubes": [
						{"origin": [14.5, 9.75, -5.5], "size": [2, 0, 2], "uv": [28, 22], "mirror": true}
					]
				},
				{
					"name": "rightwingclosed",
					"parent": "body",
					"pivot": [-4, 9.75, -3],
					"rotation": [5, 0, -87.5],
					"cubes": [
						{"origin": [-9, 7.75, -4], "size": [6, 3, 5], "uv": [62, 21]},
						{"origin": [-11, 9.75, -4], "size": [2, 0, 2], "uv": [0, 25]},
						{"origin": [-9, 9.75, -1.5], "size": [7, 0, 9], "uv": [24, 43]}
					]
				},
				{
					"name": "rightwingclosedp2",
					"parent": "rightwingclosed",
					"pivot": [-9, 9.75, 7.5],
					"rotation": [0, 70, 0],
					"cubes": [
						{"origin": [-9, 9.7, 7.5], "size": [7, 0, 9], "uv": [0, 42]}
					]
				},
				{
					"name": "leftwingclosed",
					"parent": "body",
					"pivot": [4, 9.75, -3],
					"rotation": [5, 0, 87.5],
					"cubes": [
						{"origin": [3, 7.75, -4], "size": [6, 3, 5], "uv": [0, 62]},
						{"origin": [9, 9.75, -4], "size": [2, 0, 2], "uv": [0, 22]},
						{"origin": [2, 9.75, -1.5], "size": [7, 0, 9], "uv": [41, 11]}
					]
				},
				{
					"name": "leftwingclosedp2",
					"parent": "leftwingclosed",
					"pivot": [9, 9.75, 7.5],
					"rotation": [0, -70, 0],
					"cubes": [
						{"origin": [2, 9.7, 7.5], "size": [7, 0, 9], "uv": [41, 0]}
					]
				},
				{
					"name": "tail",
					"parent": "body",
					"pivot": [0, 9.75, 6],
					"rotation": [17.5, 0, 0],
					"cubes": [
						{"origin": [-3, 6.75, 4], "size": [6, 5, 5], "uv": [52, 54]}
					]
				},
				{
					"name": "tail2",
					"parent": "tail",
					"pivot": [0, 10.25, 9],
					"rotation": [50, 0, 0],
					"cubes": [
						{"origin": [-2, 9.25, 7], "size": [4, 3, 5], "uv": [72, 41]},
						{"origin": [-1, 9.25, 11.25], "size": [2, 2, 6], "pivot": [0, 10.25, 9], "rotation": [20, 0, 0], "uv": [17, 74]}
					]
				},
				{
					"name": "neck",
					"parent": "body",
					"pivot": [0, 8.75, -4],
					"rotation": [30, 0, 0],
					"cubes": [
						{"origin": [-2, 5.75, -7], "size": [4, 8, 4], "uv": [66, 65]}
					]
				},
				{
					"name": "head",
					"parent": "neck",
					"pivot": [0, 13.75, -4],
					"rotation": [37.5, 0, 0],
					"cubes": [
						{"origin": [-2.5, 12.75, -10], "size": [5, 5, 8], "uv": [25, 54]},
						{"origin": [-4, 13.75, -5], "size": [4, 3, 4], "pivot": [0, 13.75, -4], "rotation": [51.53653, -11.84911, 9.26433], "uv": [75, 54]},
						{"origin": [0, 13.75, -5], "size": [4, 3, 4], "pivot": [0, 13.75, -4], "rotation": [51.53653, 11.84911, -9.26433], "uv": [34, 74]},
						{"origin": [-2, 9.75, -13.25], "size": [4, 5, 5], "pivot": [0, 13.75, -4], "rotation": [-35, 0, 0], "uv": [47, 65]},
						{"origin": [-2, 14.25, -4.75], "size": [4, 4, 5], "pivot": [0, 13.75, -4], "rotation": [-35, 0, 0], "uv": [65, 10]},
						{"origin": [-1.5, 15.25, 0.25], "size": [3, 3, 4], "pivot": [0, 13.75, -4], "rotation": [-35, 0, 0], "uv": [64, 78]}
					]
				},
				{
					"name": "righteyelid",
					"parent": "head",
					"pivot": [1, 13.25, -3.5],
					"cubes": [
						{"origin": [-3.05, 13.31, -4.5], "size": [1, 3, 4], "pivot": [1, 13.25, -3.5], "rotation": [51.53653, -11.84911, 9.26433], "uv": [95, 2]}
					]
				},
				{
					"name": "lefteyelid",
					"parent": "head",
					"pivot": [-1, 13.25, -3.5],
					"cubes": [
						{"origin": [2.05, 13.31, -4.5], "size": [1, 3, 4], "pivot": [-1, 13.25, -3.5], "rotation": [51.53653, 11.84911, -9.26433], "uv": [95, 2], "mirror": true}
					]
				},
				{
					"name": "tongue",
					"parent": "head",
					"pivot": [0, 17.25, -12.75],
					"rotation": [45, 0, 0],
					"cubes": [
						{"origin": [-1.5, 11.75, -16.5], "size": [3, 0, 3], "pivot": [-1, 13.25, -4.25], "rotation": [-35, 0, 0], "uv": [44, 54]}
					]
				},
				{
					"name": "rightleg",
					"parent": "body",
					"pivot": [-3, 5.75, 2],
					"rotation": [27.5, 0, 0],
					"cubes": [
						{"origin": [-3.75, 0.75, 1], "size": [3, 7, 3], "uv": [0, 77]}
					]
				},
				{
					"name": "rightfoot",
					"parent": "rightleg",
					"pivot": [-2.25, 0.75, 1],
					"cubes": [
						{"origin": [-3.75, 0.75, -1], "size": [3, 0, 3], "uv": [81, 9]}
					]
				},
				{
					"name": "leftleg",
					"parent": "body",
					"pivot": [3, 5.75, 2],
					"rotation": [27.5, 0, 0],
					"cubes": [
						{"origin": [0.75, 0.75, 1], "size": [3, 7, 3], "uv": [51, 76]}
					]
				},
				{
					"name": "leftfoot",
					"parent": "leftleg",
					"pivot": [2.25, 0.75, 1],
					"cubes": [
						{"origin": [0.75, 0.75, -1], "size": [3, 0, 3], "uv": [80, 20]}
					]
				}
			]
		}
	]
}