{
  "implemented": true,
  "name": "Slowking",
  "nationalPokedexNumber": 199,
  "primaryType": "water",
  "secondaryType": "psychic",
  "abilities": [
    "oblivious",
    "owntempo",
    "h:regenerator"
  ],
  "drops": {
    "amount": 2,
    "entries": [
      {
        "item": "cobblemon:kings_rock",
        "percentage": 10.0
      },
      {
        "item": "cobblemon:chesto_berry",
        "percentage": 10.0
      }
    ]
  },
  "baseStats": {
    "hp": 95,
    "attack": 75,
    "defence": 80,
    "special_attack": 100,
    "special_defence": 110,
    "speed": 30
  },
  "features": [
    "galarian"
  ],
  "catchRate": 70,
  "maleRatio": 0.5,
  "shoulderMountable": false,
  "forms": [
    {
      "name": "Galar",
      "primaryType": "poison",
      "secondaryType": "psychic",
      "abilities": [
        "curiousmedicine",
        "owntempo",
        "h:regenerator"
      ],
	  "pokedex": [
		"cobblemon.species.slowking_galar.desc"
	  ],
      "baseStats": {
        "hp": 95,
        "attack": 65,
        "defence": 80,
        "special_attack": 110,
        "special_defence": 110,
        "speed": 30
      },
      "catchRate": 70,
      "maleRatio": 0.5,
      "baseExperienceYield": 172,
      "baseFriendship": 50,
      "evYield": {
        "hp": 0,
        "attack": 0,
        "defence": 0,
        "special_attack": 0,
        "special_defence": 2,
        "speed": 0
      },
      "experienceGroup": "medium_fast",
      "eggCycles": 20,
      "eggGroups": [
        "monster",
        "water_1"
      ],
      "behaviour": {
        "moving": {
          "walk": {
            "walkSpeed": 0.23
          }
        }
      },
      "moves": [
        "1:acid",
        "1:chillyreception",
        "1:curse",
        "1:futuresight",
        "1:growl",
        "1:nastyplot",
        "1:powergem",
        "1:swagger",
        "1:tackle",
        "1:toxic",
        "1:waterfall",
        "9:yawn",
        "12:confusion",
        "15:disable",
        "18:waterpulse",
        "21:headbutt",
        "24:zenheadbutt",
        "27:amnesia",
        "30:surf",
        "33:slackoff",
        "36:psychic",
        "39:psychup",
        "42:raindance",
        "45:healpulse",
        "tm:acidspray",
        "tm:amnesia",
        "tm:attract",
        "tm:avalanche",
        "tm:blizzard",
        "tm:bodyslam",
        "tm:brickbreak",
        "tm:brine",
        "tm:bulldoze",
        "tm:calmmind",
        "tm:chillingwater",
        "tm:dig",
        "tm:dive",
        "tm:drainpunch",
        "tm:earthquake",
        "tm:endure",
        "tm:facade",
        "tm:fireblast",
        "tm:firepunch",
        "tm:flamethrower",
        "tm:fling",
        "tm:focusblast",
        "tm:foulplay",
        "tm:futuresight",
        "tm:gigaimpact",
        "tm:grassknot",
        "tm:gunkshot",
        "tm:hail",
        "tm:hex",
        "tm:hydropump",
        "tm:hyperbeam",
        "tm:icebeam",
        "tm:icepunch",
        "tm:icywind",
        "tm:imprison",
        "tm:irondefense",
        "tm:irontail",
        "tm:lightscreen",
        "tm:liquidation",
        "tm:lowsweep",
        "tm:megakick",
        "tm:megapunch",
        "tm:metronome",
        "tm:muddywater",
        "tm:mudshot",
        "tm:nastyplot",
        "tm:payday",
        "tm:poisonjab",
        "tm:powergem",
        "tm:protect",
        "tm:psybeam",
        "tm:psychic",
        "tm:psychicterrain",
        "tm:psyshock",
        "tm:raindance",
        "tm:razorshell",
        "tm:rest",
        "tm:round",
        "tm:safeguard",
        "tm:scald",
        "tm:scaryface",
        "tm:shadowball",
        "tm:skillswap",
        "tm:sleeptalk",
        "tm:sludgebomb",
        "tm:sludgewave",
        "tm:snarl",
        "tm:snore",
        "tm:stompingtantrum",
        "tm:storedpower",
        "tm:substitute",
        "tm:sunnyday",
        "tm:surf",
        "tm:swift",
        "tm:takedown",
        "tm:taunt",
        "tm:terablast",
        "tm:thunderpunch",
        "tm:thunderwave",
        "tm:toxicspikes",
        "tm:triattack",
        "tm:trick",
        "tm:trickroom",
        "tm:venomdrench",
        "tm:venoshock",
        "tm:waterpulse",
        "tm:weatherball",
        "tm:whirlpool",
        "tm:wonderroom",
        "tm:zenheadbutt",
        "tutor:expandingforce"
      ],
      "labels": [
        "gen8",
        "galar_regional"
      ],
      "aspects": [
        "galarian"
      ],
      "height": 18,
      "weight": 795,
      "preEvolution": "slowpoke form=galar",
      "evolutions": [],
      "cannotDynamax": false,
      "battleOnly": false,
      "drops": {
        "amount": 1,
        "entries": [
          {
            "item": "cobblemon:chesto_berry",
            "percentage": 10.0
          }
        ]
      }
    }
  ],
  "baseExperienceYield": 172,
  "experienceGroup": "medium_fast",
  "eggCycles": 20,
  "eggGroups": [
    "monster",
    "water_1"
  ],
  "behaviour": {
    "moving": {
      "swim": {
        "canSwimInWater": true,
        "canBreatheUnderwater": true
      },
      "walk": {
        "walkSpeed": 0.2
      }
    }
  },
  "moves": [
    "1:chillyreception",
    "1:curse",
    "1:futuresight",
    "1:growl",
    "1:hiddenpower",
    "1:nastyplot",
    "1:powergem",
    "1:swagger",
    "1:tackle",
    "1:watergun",
    "9:yawn",
    "12:confusion",
    "15:disable",
    "18:waterpulse",
    "21:headbutt",
    "24:zenheadbutt",
    "27:amnesia",
    "30:surf",
    "33:slackoff",
    "36:psychic",
    "39:psychup",
    "42:raindance",
    "45:healpulse",
    "49:trumpcard",
    "tm:amnesia",
    "tm:attract",
    "tm:avalanche",
    "tm:blizzard",
    "tm:bodyslam",
    "tm:brickbreak",
    "tm:brine",
    "tm:bulldoze",
    "tm:calmmind",
    "tm:captivate",
    "tm:chillingwater",
    "tm:confide",
    "tm:dig",
    "tm:dive",
    "tm:doubleteam",
    "tm:dragontail",
    "tm:drainpunch",
    "tm:dreameater",
    "tm:earthquake",
    "tm:echoedvoice",
    "tm:endure",
    "tm:facade",
    "tm:fireblast",
    "tm:firepunch",
    "tm:flamethrower",
    "tm:flash",
    "tm:fling",
    "tm:focusblast",
    "tm:focuspunch",
    "tm:foulplay",
    "tm:frustration",
    "tm:futuresight",
    "tm:gigaimpact",
    "tm:grassknot",
    "tm:hail",
    "tm:hiddenpower",
    "tm:hydropump",
    "tm:hyperbeam",
    "tm:icebeam",
    "tm:icepunch",
    "tm:icywind",
    "tm:imprison",
    "tm:incinerate",
    "tm:irondefense",
    "tm:irontail",
    "tm:lightscreen",
    "tm:liquidation",
    "tm:megakick",
    "tm:megapunch",
    "tm:metronome",
    "tm:muddywater",
    "tm:mudshot",
    "tm:nastyplot",
    "tm:naturalgift",
    "tm:payday",
    "tm:powergem",
    "tm:poweruppunch",
    "tm:protect",
    "tm:psybeam",
    "tm:psychic",
    "tm:psychicterrain",
    "tm:psychup",
    "tm:psyshock",
    "tm:quash",
    "tm:raindance",
    "tm:razorshell",
    "tm:recycle",
    "tm:reflect",
    "tm:rest",
    "tm:return",
    "tm:rockslide",
    "tm:rocksmash",
    "tm:rocktomb",
    "tm:round",
    "tm:safeguard",
    "tm:scald",
    "tm:secretpower",
    "tm:shadowball",
    "tm:skillswap",
    "tm:sleeptalk",
    "tm:snore",
    "tm:snowscape",
    "tm:storedpower",
    "tm:strength",
    "tm:substitute",
    "tm:sunnyday",
    "tm:surf",
    "tm:swagger",
    "tm:swift",
    "tm:takedown",
    "tm:telekinesis",
    "tm:terablast",
    "tm:thunderpunch",
    "tm:thunderwave",
    "tm:toxic",
    "tm:triattack",
    "tm:trick",
    "tm:trickroom",
    "tm:waterfall",
    "tm:waterpulse",
    "tm:weatherball",
    "tm:whirlpool",
    "tm:wonderroom",
    "tm:zenheadbutt",
    "tutor:afteryou",
    "tutor:allyswitch",
    "tutor:aquatail",
    "tutor:attract",
    "tutor:blizzard",
    "tutor:block",
    "tutor:bodyslam",
    "tutor:confusion",
    "tutor:counter",
    "tutor:curse",
    "tutor:dig",
    "tutor:disable",
    "tutor:dive",
    "tutor:doubleedge",
    "tutor:doubleteam",
    "tutor:drainpunch",
    "tutor:dreameater",
    "tutor:dynamicpunch",
    "tutor:earthquake",
    "tutor:endure",
    "tutor:expandingforce",
    "tutor:fireblast",
    "tutor:flash",
    "tutor:focuspunch",
    "tutor:foulplay",
    "tutor:frustration",
    "tutor:furycutter",
    "tutor:growl",
    "tutor:headbutt",
    "tutor:hiddenpower",
    "tutor:hyperbeam",
    "tutor:icepunch",
    "tutor:icywind",
    "tutor:irondefense",
    "tutor:irontail",
    "tutor:laserfocus",
    "tutor:magiccoat",
    "tutor:megakick",
    "tutor:megapunch",
    "tutor:mimic",
    "tutor:mudslap",
    "tutor:nightmare",
    "tutor:protect",
    "tutor:psychic",
    "tutor:psychup",
    "tutor:raindance",
    "tutor:recycle",
    "tutor:rest",
    "tutor:return",
    "tutor:rocksmash",
    "tutor:seismictoss",
    "tutor:shadowball",
    "tutor:signalbeam",
    "tutor:skillswap",
    "tutor:sleeptalk",
    "tutor:snore",
    "tutor:strength",
    "tutor:substitute",
    "tutor:sunnyday",
    "tutor:surf",
    "tutor:swagger",
    "tutor:swift",
    "tutor:tackle",
    "tutor:telekinesis",
    "tutor:thunderwave",
    "tutor:toxic",
    "tutor:trick",
    "tutor:watergun",
    "tutor:waterpulse",
    "tutor:whirlpool",
    "tutor:wonderroom",
    "tutor:zapcannon",
    "tutor:zenheadbutt"
  ],
  "labels": [
    "gen2",
    "johto_regional"
  ],
  "pokedex": [
    "cobblemon.species.slowking.desc"
  ],
  "preEvolution": "slowpoke",
  "evolutions": [],
  "baseScale": 1.2,
  "hitbox": {
    "width": 0.8,
    "height": 1.6,
    "fixed": false
  },
  "baseFriendship": 50,
  "evYield": {
    "hp": 0,
    "attack": 0,
    "defence": 0,
    "special_attack": 0,
    "special_defence": 2,
    "speed": 0
  },
  "height": 20,
  "weight": 795,
  "aspects": [],
  "cannotDynamax": false
}