{
	"format_version": "1.8.0",
	"animations": {
		"animation.almantula.ground_idle": {
			"loop": true,
			"animation_length": 4,
			"bones": {
				"body": {
					"rotation": {
						"0.0": [0, 0, 0],
						"2.0": [5, 0, 0],
						"4.0": [0, 0, 0]
					}
				},
				"bone2": {
					"rotation": {
						"0.0": [0, 0, 0],
						"2.0": [-12.5, 0, 0],
						"4.0": [0, 0, 0]
					}
				},
				"neck": {
					"rotation": {
						"0.0": [0, 0, 0],
						"2.0": [10, 0, 0],
						"4.0": [0, 0, 0]
					}
				},
				"head": {
					"rotation": {
						"0.0": [0, 0, 0],
						"2.0": [-15, 0, 0],
						"4.0": [0, 0, 0]
					},
					"position": {
						"0.0": [0, 0, 0],
						"2.0": [0, -1, 0],
						"4.0": [0, 0, 0]
					}
				}
			}
		},
		"animation.almantula.ground_walk": {
			"loop": true,
			"animation_length": 0.96,
			"bones": {
				"body": {
					"rotation": {
						"0.0": [0, 0, 0],
						"0.24": [2.49762, 0.10901, -2.49762],
						"0.48": [0, 0, 0],
						"0.72": [2.5, 0, 2.5],
						"0.96": [0, 0, 0]
					}
				},
				"neck": {
					"rotation": {
						"0.0": [35, 0, 0],
						"0.48": [35, 0, 0],
						"0.96": [35, 0, 0]
					},
					"position": {
						"0.0": [0, 2, 2],
						"0.48": [0, 2, 2],
						"0.96": [0, 2, 2]
					}
				},
				"head": {
					"rotation": {
						"0.0": [-35, 0, 0],
						"0.24": [-40, 0, 0],
						"0.48": [-35, 0, 0],
						"0.72": [-27.5, 0, 0],
						"0.96": [-35, 0, 0]
					},
					"position": {
						"0.0": [0, -1, -1],
						"0.48": [0, -1, -1],
						"0.96": [0, -1, -1]
					}
				},
				"leg": {
					"rotation": {
						"0.0": [0, 0, 0],
						"0.24": [0, 22.5, 0],
						"0.48": [0, 0, 0],
						"0.72": [0, -22.5, 0],
						"0.96": [0, 0, 0]
					}
				},
				"leg3": {
					"rotation": {
						"0.0": [0, 0, 0],
						"0.24": [0, 22.5, 0],
						"0.48": [0, 0, 0],
						"0.72": [0, -22.5, 0],
						"0.96": [0, 0, 0]
					}
				},
				"leg5": {
					"rotation": {
						"0.0": [0, 0, 0],
						"0.24": [0, -22.5, 0],
						"0.48": [0, 0, 0],
						"0.72": [0, 22.5, 0],
						"0.96": [0, 0, 0]
					}
				},
				"leg2": {
					"rotation": {
						"0.0": [0, 0, 0],
						"0.24": [0, -22.5, 0],
						"0.48": [0, 0, 0],
						"0.72": [0, 22.5, 0],
						"0.96": [0, 0, 0]
					}
				},
				"leg4": {
					"rotation": {
						"0.0": [0, 0, 0],
						"0.24": [0, 22.5, 0],
						"0.48": [0, 0, 0],
						"0.72": [0, -22.5, 0],
						"0.96": [0, 0, 0]
					}
				},
				"leg6": {
					"rotation": {
						"0.0": [0, 0, 0],
						"0.24": [0, 22.5, 0],
						"0.48": [0, 0, 0],
						"0.72": [0, -22.5, 0],
						"0.96": [0, 0, 0]
					}
				}
			}
		}
	}
}