{
	"format_version": "1.12.0",
	"minecraft:geometry": [
		{
			"description": {
				"identifier": "geometry.duskel",
				"texture_width": 64,
				"texture_height": 64,
				"visible_bounds_width": 3,
				"visible_bounds_height": 2.5,
				"visible_bounds_offset": [0, 0.75, 0]
			},
			"bones": [
				{
					"name": "duskel",
					"pivot": [0, 0, 0]
				},
				{
					"name": "head",
					"parent": "duskel",
					"pivot": [0, 11, 0],
					"cubes": [
						{"origin": [-4, 11, -3], "size": [8, 6, 6], "uv": [1, 1]},
						{"origin": [1, 17, -3], "size": [3, 4, 6], "uv": [35, 7]},
						{"origin": [-1, 17, -3], "size": [2, 4, 6], "uv": [4, 16]},
						{"origin": [-4, 17, -3], "size": [3, 4, 6], "uv": [35, 7], "mirror": true}
					]
				},
				{
					"name": "bone",
					"parent": "duskel",
					"pivot": [0, 11, 0],
					"cubes": [
						{"origin": [-3, 4, -2], "size": [6, 7, 4], "uv": [27, 19]}
					]
				},
				{
					"name": "tail",
					"parent": "bone",
					"pivot": [0, 4, 0],
					"cubes": [
						{"origin": [-1, 0, -1], "size": [2, 4, 2], "uv": [50, 4]}
					]
				},
				{
					"name": "wing",
					"parent": "bone",
					"pivot": [4, 7, 0],
					"cubes": [
						{"origin": [3, 5, 0], "size": [8, 6, 0], "uv": [13, 36]}
					]
				},
				{
					"name": "wing2",
					"parent": "bone",
					"pivot": [-4, 7, 0],
					"cubes": [
						{"origin": [-11, 5, 0], "size": [8, 6, 0], "uv": [13, 36], "mirror": true}
					]
				}
			]
		}
	]
}