{
	"format_version": "1.8.0",
	"animations": {
		"animation.lystrowatt.ground_idle": {
			"loop": true,
			"animation_length": 4,
			"bones": {
				"waist": {
					"rotation": {
						"0.0": [0, 0, 0],
						"1.0": [2.5, 0, 0],
						"2.0": [0, 0, 0],
						"3.0": [2.5, 0, 0],
						"4.0": [0, 0, 0]
					}
				},
				"tail1": {
					"rotation": {
						"0.0": [0, 0, 0],
						"1.0": [0, 7.5, 0],
						"2.0": [0, 0, 0],
						"3.0": [0, -7.5, 0],
						"4.0": [0, 0, 0]
					},
					"position": {
						"0.0": [0, 0, 0],
						"1.0": [0, 0, -0.5],
						"2.0": [0, 0, 0],
						"3.0": [0, 0, -0.5],
						"4.0": [0, 0, 0]
					}
				},
				"tail2": {
					"rotation": {
						"0.0": [0, 0, 0],
						"1.0": [0, 5, 0],
						"2.0": [0, 0, 0],
						"3.0": [0, -5, 0],
						"4.0": [0, 0, 0]
					},
					"position": {
						"0.0": [0, 0, 0],
						"1.0": [0, 0, -0.1],
						"2.0": [0, 0, 0],
						"3.0": [0, 0, -0.1],
						"4.0": [0, 0, 0]
					}
				},
				"neck": {
					"rotation": {
						"0.0": [0, 0, 0],
						"1.0": [-5, 0, 0],
						"2.0": [0, 0, 0],
						"3.0": [-5, 0, 0],
						"4.0": [0, 0, 0]
					}
				},
				"head": {
					"rotation": {
						"0.0": [0, 0, 0],
						"1.0": [5, 0, 0],
						"2.0": [0, 0, 0],
						"3.0": [5, 0, 0],
						"4.0": [0, 0, 0]
					}
				}
			}
		},
		"animation.lystrowatt.ground_walk": {
			"loop": true,
			"animation_length": 2,
			"bones": {
				"waist": {
					"rotation": {
						"0.0": [0, 0, 0],
						"0.5": [-2.5, 0, 0],
						"1.0": [0, 0, 0],
						"1.5": [-2.5, 0, 0],
						"2.0": [0, 0, 0]
					}
				},
				"tail1": {
					"rotation": {
						"0.0": [0, 0, 0],
						"0.5": [0, 15, 0],
						"1.0": [0, 0, 0],
						"1.5": [0, -15, 0],
						"2.0": [0, 0, 0]
					},
					"position": {
						"0.0": [0, 0, 0],
						"0.5": [0, 0, -1],
						"1.0": [0, 0, 0],
						"1.5": [0, 0, -1],
						"2.0": [0, 0, 0]
					}
				},
				"tail2": {
					"rotation": {
						"0.0": [0, 0, 0],
						"0.5": [0, 10, 0],
						"1.0": [0, 0, 0],
						"1.5": [0, -10, 0],
						"2.0": [0, 0, 0]
					},
					"position": {
						"0.0": [0, 0, 0],
						"0.5": [0, 0, -0.5],
						"1.0": [0, 0, 0],
						"1.5": [0, 0, -0.5],
						"2.0": [0, 0, 0]
					}
				},
				"neck": {
					"rotation": {
						"0.0": [0, 0, 0],
						"0.5": [-5, 0, 0],
						"1.0": [0, 0, 0],
						"1.5": [-5, 0, 0],
						"2.0": [0, 0, 0]
					}
				},
				"head": {
					"rotation": {
						"0.0": [0, 0, 0],
						"0.5": [7.5, 0, 0],
						"1.0": [0, 0, 0],
						"1.5": [7.5, 0, 0],
						"2.0": [0, 0, 0]
					}
				},
				"leg_front_left1": {
					"rotation": {
						"0.0": [20, 0, 0],
						"0.5": [52.5, 0, 0],
						"1.0": [-20, 0, 0],
						"2.0": [20, 0, 0]
					},
					"position": {
						"0.0": [0, -1, 1],
						"0.5": [0, 0, 0.5],
						"1.0": [0, -1, 0],
						"2.0": [0, -1, 1]
					}
				},
				"leg_front_left2": {
					"rotation": {
						"0.0": [-20, 0, 0],
						"0.5": [-40, 0, 0],
						"1.0": [20, 0, 0],
						"2.0": [-20, 0, 0]
					},
					"position": {
						"0.0": [0, 1, -1],
						"0.5": [0, 2, -2],
						"1.0": [0, 1, 1],
						"2.0": [0, 1, -1]
					}
				},
				"foot_front_left": {
					"rotation": {
						"0.0": [0, 0, 0],
						"0.5": [-12.5, 0, 0],
						"1.0": [0, 0, 0],
						"2.0": [0, 0, 0]
					}
				},
				"leg_front_right1": {
					"rotation": {
						"0.0": [-20, 0, 0],
						"1.0": [20, 0, 0],
						"1.5": [40, 0, 0],
						"2.0": [-20, 0, 0]
					},
					"position": {
						"0.0": [0, -1, 0],
						"1.0": [0, -1, 1],
						"1.5": [0, 0, 0.5],
						"2.0": [0, -1, 0]
					}
				},
				"leg_front_right2": {
					"rotation": {
						"0.0": [20, 0, 0],
						"1.0": [-20, 0, 0],
						"1.5": [-42.5, 0, 0],
						"2.0": [20, 0, 0]
					},
					"position": {
						"0.0": [0, 1, 1],
						"1.0": [0, 1, -1],
						"1.5": [0, 2, -2],
						"2.0": [0, 1, 1]
					}
				},
				"leg_back_left1": {
					"rotation": {
						"0.0": [-20, 0, 0],
						"1.0": [20, 0, 0],
						"1.5": [-27.5, 0, 0],
						"2.0": [-20, 0, 0]
					},
					"position": {
						"0.0": [0, -1, -1],
						"1.0": [0, -1, 0],
						"1.5": [0, 0, -0.5],
						"2.0": [0, -1, -1]
					}
				},
				"leg_back_left2": {
					"rotation": {
						"0.0": [20, 0, 0],
						"1.0": [-20, 0, 0],
						"1.5": [27.5, 0, 0],
						"2.0": [20, 0, 0]
					},
					"position": {
						"0.0": [0, 1, 1],
						"1.0": [0, 1, -1],
						"1.5": [0, 2, 1],
						"2.0": [0, 1, 1]
					}
				},
				"leg_back_right1": {
					"rotation": {
						"0.0": [20, 0, 0],
						"0.5": [-45, 0, 0],
						"1.0": [-20, 0, 0],
						"2.0": [20, 0, 0]
					},
					"position": {
						"0.0": [0, -1, 0],
						"1.0": [0, -1, -1],
						"2.0": [0, -1, 0]
					}
				},
				"leg_back_right2": {
					"rotation": {
						"0.0": [-20, 0, 0],
						"0.5": [45, 0, 0],
						"1.0": [20, 0, 0],
						"2.0": [-20, 0, 0]
					},
					"position": {
						"0.0": [0, 1, -1],
						"0.5": [0, 2, 1],
						"1.0": [0, 1, 1],
						"2.0": [0, 1, -1]
					}
				}
			}
		},
		"animation.lystrowatt.battle_idle": {
			"loop": true,
			"animation_length": 4,
			"bones": {
				"waist": {
					"rotation": {
						"0.0": [2.5, 0, 0],
						"1.0": [5, 0, 0],
						"2.0": [2.5, 0, 0],
						"3.0": [5, 0, 0],
						"4.0": [2.5, 0, 0]
					}
				},
				"tail1": {
					"rotation": {
						"0.0": [0, 0, 0],
						"1.0": [0, 15, 0],
						"2.0": [0, 0, 0],
						"3.0": [0, -15, 0],
						"4.0": [0, 0, 0]
					},
					"position": {
						"0.0": [0, 0, 0],
						"1.0": [0, 0, -1],
						"2.0": [0, 0, 0],
						"3.0": [0, 0, -1],
						"4.0": [0, 0, 0]
					}
				},
				"tail2": {
					"rotation": {
						"0.0": [0, 0, 0],
						"1.0": [0, 10, 0],
						"2.0": [0, 0, 0],
						"3.0": [0, -10, 0],
						"4.0": [0, 0, 0]
					},
					"position": {
						"0.0": [0, 0, 0],
						"1.0": [0, 0, -0.5],
						"2.0": [0, 0, 0],
						"3.0": [0, 0, -0.5],
						"4.0": [0, 0, 0]
					}
				},
				"neck": {
					"rotation": {
						"0.0": [0, 0, 0],
						"1.0": [10, 0, 0],
						"2.0": [0, 0, 0],
						"3.0": [10, 0, 0],
						"4.0": [0, 0, 0]
					}
				},
				"head": {
					"rotation": {
						"0.0": [0, 0, 0],
						"1.0": [-9.91615, 1.29876, 7.38733],
						"2.0": [0, 0, 0],
						"3.0": [-9.96271, -0.86717, -4.92442],
						"4.0": [0, 0, 0]
					}
				},
				"jaw": {
					"rotation": {
						"0.0": [0, 0, 0],
						"1.0": [17.5, 0, 0],
						"2.0": [0, 0, 0],
						"3.0": [17.5, 0, 0],
						"4.0": [0, 0, 0]
					},
					"position": {
						"0.0": [0, 0, 0],
						"1.0": [0, -1, 0],
						"2.0": [0, 0, 0],
						"3.0": [0, -1, 0],
						"4.0": [0, 0, 0]
					}
				}
			}
		},
		"animation.lystrowatt.sleep": {
			"loop": true,
			"animation_length": 4,
			"bones": {
				"waist": {
					"position": [0, -3, 0]
				},
				"tail1": {
					"rotation": {
						"0.0": [0, 0, 0],
						"1.0": [0, 7.5, 0],
						"2.0": [0, 0, 0],
						"3.0": [0, -7.5, 0],
						"4.0": [0, 0, 0]
					},
					"position": {
						"0.0": [0, 0, 0],
						"1.0": [0, 0, -0.5],
						"2.0": [0, 0, 0],
						"3.0": [0, 0, -0.5],
						"4.0": [0, 0, 0]
					}
				},
				"tail2": {
					"rotation": {
						"0.0": [0, 0, 0],
						"1.0": [0, 5, 0],
						"2.0": [0, 0, 0],
						"3.0": [0, -5, 0],
						"4.0": [0, 0, 0]
					},
					"position": {
						"0.0": [0, 0, 0],
						"1.0": [0, 0, -0.1],
						"2.0": [0, 0, 0],
						"3.0": [0, 0, -0.1],
						"4.0": [0, 0, 0]
					}
				},
				"neck": {
					"rotation": [37.5, 0, 0]
				},
				"head": {
					"rotation": {
						"0.0": [-37.5, 0, 0],
						"1.0": [-42.5, 0, 0],
						"2.0": [-37.5, 0, 0],
						"3.0": [-42.5, 0, 0],
						"4.0": [-37.5, 0, 0]
					},
					"position": {
						"0.0": [0, -1, -1],
						"2.0": [0, -1, -1],
						"4.0": [0, -1, -1]
					}
				},
				"eyelid_right": {
					"position": [-0.1, 0, 0]
				},
				"eyelid_left": {
					"position": [0.1, 0, 0]
				},
				"jaw": {
					"rotation": {
						"0.0": [0, 0, 0],
						"1.0": [7.5, 0, 0],
						"2.0": [0, 0, 0],
						"3.0": [7.5, 0, 0],
						"4.0": [0, 0, 0]
					},
					"position": {
						"0.0": [0, 0, 0],
						"1.0": [0, 0, 0],
						"2.0": [0, 0, 0],
						"3.0": [0, 0, 0],
						"4.0": [0, 0, 0]
					}
				},
				"leg_front_left1": {
					"rotation": [57.5, 0, 0],
					"position": [0, -2, 0]
				},
				"leg_front_left2": {
					"rotation": [-57.5, 0, 0],
					"position": [0, 1, -1]
				},
				"leg_front_right1": {
					"rotation": [57.5, 0, 0],
					"position": [0, -2, 0]
				},
				"leg_front_right2": {
					"rotation": [-57.5, 0, 0],
					"position": [0, 1, -1]
				},
				"leg_back_left1": {
					"rotation": [-90, 0, 0],
					"position": [0, -2, 0]
				},
				"leg_back_left2": {
					"rotation": [90, 0, 0],
					"position": [0, 4, 3]
				},
				"leg_back_right1": {
					"rotation": [-90, 0, 0],
					"position": [0, -2, 0]
				},
				"leg_back_right2": {
					"rotation": [90, 0, 0],
					"position": [0, 4, 3]
				}
			}
		},
		"animation.lystrowatt.blink": {
			"animation_length": 0.1667,
			"bones": {
				"eyelid_right": {
					"position": {
						"0.0": [-0.1, 0, 0],
						"0.125": [-0.1, 0, 0],
						"0.1667": [0, 0, 0]
					}
				},
				"eyelid_left": {
					"position": {
						"0.0": [0.1, 0, 0],
						"0.125": [0.1, 0, 0],
						"0.1667": [0, 0, 0]
					}
				}
			}
		}
	}
}