{
	"format_version": "1.12.0",
	"minecraft:geometry": [
		{
			"description": {
				"identifier": "geometry.chamychic",
				"texture_width": 64,
				"texture_height": 64,
				"visible_bounds_width": 3,
				"visible_bounds_height": 2.5,
				"visible_bounds_offset": [0, 0.75, 0]
			},
			"bones": [
				{
					"name": "chamychic",
					"pivot": [0, 0, 0]
				},
				{
					"name": "bone",
					"parent": "chamychic",
					"pivot": [0, 6, 0],
					"cubes": [
						{"origin": [-5, 6, -6], "size": [10, 6, 12], "uv": [19, 20]},
						{"origin": [0, 12, -4], "size": [0, 4, 8], "uv": [41, 5]}
					]
				},
				{
					"name": "head",
					"parent": "bone",
					"pivot": [0, 12, -6],
					"cubes": [
						{"origin": [-4, 6, -14], "size": [8, 8, 8], "uv": [0, 0]},
						{"origin": [1, 8, -15], "size": [4, 4, 4], "uv": [2, 36]},
						{"origin": [-5, 8, -8], "size": [10, 12, 1], "uv": [1, 17]},
						{"origin": [-7, 13, -7.5], "size": [14, 9, 0], "uv": [34, 2]},
						{"origin": [-5, 8, -15], "size": [4, 4, 4], "uv": [2, 36], "mirror": true}
					]
				},
				{
					"name": "tail",
					"parent": "bone",
					"pivot": [0, 13, 6],
					"cubes": [
						{"origin": [-2, 6, 6], "size": [4, 10, 10], "uv": [34, 40]},
						{"origin": [0, 16, 7], "size": [0, 4, 8], "uv": [12, 51]}
					]
				},
				{
					"name": "leg",
					"parent": "bone",
					"pivot": [3, 8, -4],
					"cubes": [
						{"origin": [1, 0, -6], "size": [4, 6, 4], "uv": [4, 47]},
						{"origin": [1, 0, -7], "size": [4, 1, 1], "uv": [26, 45]}
					]
				},
				{
					"name": "leg2",
					"parent": "bone",
					"pivot": [3, 8, 4],
					"cubes": [
						{"origin": [1, 0, 2], "size": [4, 6, 4], "uv": [4, 47]},
						{"origin": [1, 0, 1], "size": [4, 1, 1], "uv": [26, 45]}
					]
				},
				{
					"name": "leg3",
					"parent": "bone",
					"pivot": [-3, 8, 4],
					"cubes": [
						{"origin": [-5, 0, 2], "size": [4, 6, 4], "uv": [4, 47], "mirror": true},
						{"origin": [-5, 0, 1], "size": [4, 1, 1], "uv": [26, 45], "mirror": true}
					]
				},
				{
					"name": "leg4",
					"parent": "bone",
					"pivot": [-3, 8, -4],
					"cubes": [
						{"origin": [-5, 0, -6], "size": [4, 6, 4], "uv": [4, 47], "mirror": true},
						{"origin": [-5, 0, -7], "size": [4, 1, 1], "uv": [26, 45], "mirror": true}
					]
				}
			]
		}
	]
}