{
	"format_version": "1.12.0",
	"minecraft:geometry": [
		{
			"description": {
				"identifier": "geometry.swampert",
				"texture_width": 128,
				"texture_height": 128,
				"visible_bounds_width": 4,
				"visible_bounds_height": 3.5,
				"visible_bounds_offset": [0, 1.25, 0]
			},
			"bones": [
				{
					"name": "swampert",
					"pivot": [0, 0, 0]
				},
				{
					"name": "body",
					"parent": "swampert",
					"pivot": [0, 9.5, 5.25],
					"rotation": [72.5, 0, 0],
					"cubes": [
						{"origin": [-5.5, 5.25, 0.25], "size": [11, 13, 9], "uv": [0, 0]}
					]
				},
				{
					"name": "torso",
					"parent": "body",
					"pivot": [0, 18.25, 1.25],
					"rotation": [-25, 0, 0],
					"cubes": [
						{"origin": [-4, 17.25, 1.25], "size": [8, 11, 7], "uv": [40, 0]}
					]
				},
				{
					"name": "head",
					"parent": "torso",
					"pivot": [0, 27.25, 1.55],
					"rotation": [-42.5, 0, 0],
					"cubes": [
						{"origin": [-5, 29.25, -2.7], "size": [10, 5, 10], "uv": [0, 39]},
						{"origin": [-1.5, 28.75, -2.71], "size": [3, 1, 0], "uv": [0, 0]},
						{"origin": [-5, 27.25, -2.7], "size": [10, 2, 0], "uv": [0, 22]},
						{"origin": [-5, 27.25, 2.3], "size": [10, 2, 5], "uv": [63, 0]},
						{"origin": [5, 27.25, -1.7], "size": [0, 5, 7], "inflate": 0.01, "uv": [53, 27]},
						{"origin": [-5, 27.25, -1.7], "size": [0, 5, 7], "inflate": 0.01, "uv": [42, 43]},
						{"origin": [4, 30.85, -2.2], "size": [1, 11, 11], "pivot": [4, 38.25, 2.3], "rotation": [-10, 7.5, 15], "uv": [29, 50]},
						{"origin": [-5, 30.85, -2.2], "size": [1, 11, 11], "pivot": [-4, 38.25, 2.3], "rotation": [-10, -7.5, -15], "uv": [40, 28]}
					]
				},
				{
					"name": "jaw",
					"parent": "head",
					"pivot": [0, 29.25, 2.3],
					"cubes": [
						{"origin": [-5, 27.25, -2.7], "size": [10, 2, 5], "inflate": -0.01, "uv": [64, 34]}
					]
				},
				{
					"name": "eye_left",
					"parent": "head",
					"pivot": [2.75, 31.5, -2.725],
					"cubes": [
						{"origin": [1.65, 29.5, -2.725], "size": [2, 3, 0], "inflate": 0.02, "pivot": [2.75, 31.5, -2.725], "rotation": [0, 0, -2.5], "uv": [4, 4]},
						{"origin": [1.85, 30.1, -2.85], "size": [1, 2, 1], "inflate": -0.1, "pivot": [2.75, 31.5, -2.725], "rotation": [0, 0, -2.5], "uv": [4, 1]}
					]
				},
				{
					"name": "eye_right",
					"parent": "head",
					"pivot": [-2.75, 31.5, -2.725],
					"cubes": [
						{"origin": [-3.65, 29.5, -2.725], "size": [2, 3, 0], "inflate": 0.02, "pivot": [-2.75, 31.5, -2.725], "rotation": [0, 0, 2.5], "uv": [0, 4]},
						{"origin": [-2.85, 30.1, -2.85], "size": [1, 2, 1], "inflate": -0.1, "pivot": [-2.75, 31.5, -2.725], "rotation": [0, 0, 2.5], "uv": [0, 1]}
					]
				},
				{
					"name": "eyelid_left",
					"parent": "head",
					"pivot": [2.75, 31.5, -2.625],
					"cubes": [
						{"origin": [1.65, 29.5, -2.59], "size": [2, 3, 1], "inflate": 0.1, "pivot": [2.75, 31.5, -2.625], "rotation": [0, 0, -2.5], "uv": [73, 54]}
					]
				},
				{
					"name": "eyelid_right",
					"parent": "head",
					"pivot": [-2.75, 31.5, -2.625],
					"cubes": [
						{"origin": [-3.65, 29.5, -2.59], "size": [2, 3, 1], "inflate": 0.1, "pivot": [-2.75, 31.5, -2.625], "rotation": [0, 0, 2.5], "uv": [81, 62], "mirror": true}
					]
				},
				{
					"name": "atenna_left_front",
					"parent": "head",
					"pivot": [4.75, 29.75, 0.3],
					"rotation": [5, 15, 5],
					"cubes": [
						{"origin": [4.75, 28.75, 0.3], "size": [6, 2, 0], "pivot": [7.75, 29.75, 0.3], "rotation": [-67.5, 0, 0], "uv": [73, 50]}
					]
				},
				{
					"name": "atenna_left_middle",
					"parent": "head",
					"pivot": [5, 29.75, 1.8],
					"rotation": [0, 0, 5],
					"cubes": [
						{"origin": [4.8, 29.25, 1.4], "size": [2, 1, 0], "pivot": [5.8, 29.75, 1.8], "rotation": [-90, 0, 0], "uv": [4, 7]}
					]
				},
				{
					"name": "atenna_left_back",
					"parent": "head",
					"pivot": [4.75, 29.75, 3.3],
					"rotation": [-5, -15, 5],
					"cubes": [
						{"origin": [4.75, 28.75, 3.3], "size": [6, 2, 0], "pivot": [7.75, 29.75, 3.3], "rotation": [-112.5, 0, 0], "uv": [15, 69]}
					]
				},
				{
					"name": "atenna_right_front",
					"parent": "head",
					"pivot": [-4.75, 29.75, 0.3],
					"rotation": [5, -15, -5],
					"cubes": [
						{"origin": [-10.75, 28.75, 0.3], "size": [6, 2, 0], "pivot": [-7.75, 29.75, 0.3], "rotation": [-67.5, 0, 0], "uv": [64, 48]}
					]
				},
				{
					"name": "atenna_right_middle",
					"parent": "head",
					"pivot": [-5, 29.75, 1.8],
					"rotation": [0, 0, -5],
					"cubes": [
						{"origin": [-6.8, 29.25, 1.4], "size": [2, 1, 0], "pivot": [-5.8, 29.75, 1.8], "rotation": [-90, 0, 0], "uv": [0, 7]}
					]
				},
				{
					"name": "atenna_right_back",
					"parent": "head",
					"pivot": [-4.75, 29.75, 3.3],
					"rotation": [-5, 15, -5],
					"cubes": [
						{"origin": [-10.75, 28.75, 3.3], "size": [6, 2, 0], "pivot": [-7.75, 29.75, 3.3], "rotation": [-112.5, 0, 0], "uv": [31, 5]}
					]
				},
				{
					"name": "arm_bone",
					"parent": "torso",
					"pivot": [0, 23.25, 4.5]
				},
				{
					"name": "arm_left",
					"parent": "arm_bone",
					"pivot": [4, 22.25, 4.5],
					"cubes": [
						{"origin": [3, 21.75, 3], "size": [9, 2, 3], "inflate": -0.01, "uv": [70, 7]}
					]
				},
				{
					"name": "forearm_left",
					"parent": "arm_left",
					"pivot": [11, 22.75, 4.5],
					"cubes": [
						{"origin": [11, 21.75, 2], "size": [7, 2, 5], "uv": [64, 41]},
						{"origin": [12, 23.5, 3], "size": [5, 1, 3], "pivot": [14.5, 24, 4.5], "rotation": [0, 0, 2.5], "uv": [36, 72]}
					]
				},
				{
					"name": "hand_left",
					"parent": "forearm_left",
					"pivot": [18, 23, 4.5]
				},
				{
					"name": "finger_left_middle",
					"parent": "hand_left",
					"pivot": [18, 23.25, 4.5],
					"cubes": [
						{"origin": [18, 22.75, 3.5], "size": [4, 1, 2], "uv": [73, 23]}
					]
				},
				{
					"name": "finger_left_side3",
					"parent": "hand_left",
					"pivot": [17.5, 23, 3],
					"cubes": [
						{"origin": [17.5, 22.5, 2], "size": [4, 1, 2], "uv": [73, 20]}
					]
				},
				{
					"name": "finger_left_side4",
					"parent": "hand_left",
					"pivot": [17.5, 23, 6],
					"cubes": [
						{"origin": [17.5, 22.5, 5], "size": [4, 1, 2], "uv": [73, 17]}
					]
				},
				{
					"name": "arm_right",
					"parent": "arm_bone",
					"pivot": [-4, 22.25, 4.5],
					"cubes": [
						{"origin": [-12, 21.75, 3], "size": [9, 2, 3], "inflate": -0.01, "uv": [68, 66]}
					]
				},
				{
					"name": "forearm_right",
					"parent": "arm_right",
					"pivot": [-11, 22.75, 4.5],
					"cubes": [
						{"origin": [-18, 21.75, 2], "size": [7, 2, 5], "uv": [35, 18]},
						{"origin": [-17, 23.5, 3], "size": [5, 1, 3], "pivot": [-14.5, 24, 4.5], "rotation": [0, 0, -2.5], "uv": [20, 72]}
					]
				},
				{
					"name": "hand_right",
					"parent": "forearm_right",
					"pivot": [-18, 23, 4.5]
				},
				{
					"name": "finger_right_middle",
					"parent": "hand_right",
					"pivot": [-18, 23.25, 4.5],
					"cubes": [
						{"origin": [-22, 22.75, 3.5], "size": [4, 1, 2], "uv": [15, 66]}
					]
				},
				{
					"name": "finger_right_side3",
					"parent": "hand_right",
					"pivot": [-17.5, 23, 3],
					"cubes": [
						{"origin": [-21.5, 22.5, 2], "size": [4, 1, 2], "uv": [42, 55]}
					]
				},
				{
					"name": "finger_right_side4",
					"parent": "hand_right",
					"pivot": [-17.5, 23, 6],
					"cubes": [
						{"origin": [-21.5, 22.5, 5], "size": [4, 1, 2], "uv": [18, 22]}
					]
				},
				{
					"name": "tail",
					"parent": "body",
					"pivot": [0, 6.5, 7],
					"rotation": [-15, 0, 0],
					"cubes": [
						{"origin": [-3, 4.75, 5], "size": [6, 5, 7], "pivot": [0, 6.75, 7], "rotation": [-20, 0, 0], "uv": [0, 54]},
						{"origin": [0, -0.5, -2.25], "size": [0, 14, 25], "pivot": [0, 7.5, 9.25], "rotation": [5, 0, 0], "uv": [0, 0]}
					]
				},
				{
					"name": "leg_left",
					"parent": "swampert",
					"pivot": [5.75, 9.5, 6],
					"cubes": [
						{"origin": [3.25, 4, 1.5], "size": [6, 8, 8], "uv": [53, 50]},
						{"origin": [9, 4.5, 3.75], "size": [1, 6, 4], "pivot": [8, 7.5, 5.75], "rotation": [-2.5, 2.5, 0], "uv": [30, 39]}
					]
				},
				{
					"name": "leg_left2",
					"parent": "leg_left",
					"pivot": [8, 4, 2.5],
					"rotation": [30, 0, 0],
					"cubes": [
						{"origin": [3.75, -0.5, 2.5], "size": [5, 5, 5], "inflate": -0.01, "uv": [53, 66]}
					]
				},
				{
					"name": "foot_left",
					"parent": "leg_left2",
					"pivot": [6.25, 0, 5],
					"rotation": [-30, 0, 0],
					"cubes": [
						{"origin": [3.75, -2, 2.5], "size": [5, 2, 5], "uv": [68, 71]}
					]
				},
				{
					"name": "toe_left",
					"parent": "foot_left",
					"pivot": [6.25, -2, 2.5],
					"cubes": [
						{"origin": [3.75, -2, -0.5], "size": [5, 2, 3], "inflate": 0.01, "uv": [70, 12]}
					]
				},
				{
					"name": "leg_right",
					"parent": "swampert",
					"pivot": [-5.75, 9.5, 6],
					"cubes": [
						{"origin": [-9.25, 4, 1.5], "size": [6, 8, 8], "uv": [53, 18]},
						{"origin": [-10, 4.5, 3.75], "size": [1, 6, 4], "pivot": [-8, 7.5, 5.75], "rotation": [-2.5, -2.5, 0], "uv": [0, 39]}
					]
				},
				{
					"name": "leg_right2",
					"parent": "leg_right",
					"pivot": [-8, 4, 2.5],
					"rotation": [30, 0, 0],
					"cubes": [
						{"origin": [-8.75, -0.5, 2.5], "size": [5, 5, 5], "inflate": -0.01, "uv": [0, 66]}
					]
				},
				{
					"name": "foot_right",
					"parent": "leg_right2",
					"pivot": [-6.25, 0, 5],
					"rotation": [-30, 0, 0],
					"cubes": [
						{"origin": [-8.75, -2, 2.5], "size": [5, 2, 5], "uv": [19, 54]}
					]
				},
				{
					"name": "toe_right",
					"parent": "foot_right",
					"pivot": [-6.25, -2, 2.5],
					"cubes": [
						{"origin": [-8.75, -2, -0.5], "size": [5, 2, 3], "inflate": 0.01, "uv": [31, 0]}
					]
				}
			]
		}
	]
}