{
	"format_version": "1.12.0",
	"minecraft:geometry": [
		{
			"description": {
				"identifier": "geometry.paraflora_fetus",
				"texture_width": 32,
				"texture_height": 32,
				"visible_bounds_width": 2,
				"visible_bounds_height": 2.5,
				"visible_bounds_offset": [0, 0.75, 0]
			},
			"bones": [
				{
					"name": "shieldon_fetus",
					"pivot": [0, 0, 0]
				},
				{
					"name": "body",
					"parent": "shieldon_fetus",
					"pivot": [0.25, 8, 1]
				},
				{
					"name": "torso",
					"parent": "body",
					"pivot": [0, 7.4, 3],
					"cubes": [
						{"origin": [-2.5, 5.5, -1], "size": [5, 5, 4], "uv": [0, 0]},
						{"origin": [-2.5, 11.4, -0.5], "size": [5, 2, 4], "pivot": [0, 11.4, 3], "rotation": [30, 0, 0], "uv": [0, 9]}
					]
				},
				{
					"name": "neck",
					"parent": "torso",
					"pivot": [0, 10.5, 2.5],
					"cubes": [
						{"origin": [-2, 10.5, -0.5], "size": [4, 3, 3], "uv": [0, 15]}
					]
				},
				{
					"name": "head",
					"parent": "neck",
					"pivot": [0, 12, 0],
					"cubes": [
						{"origin": [-1.5, 13, -2.5], "size": [3, 1, 1], "uv": [18, 12]},
						{"origin": [-1.5, 13.5, -6], "size": [3, 5, 2], "pivot": [0, -1, -3.5], "rotation": [-15, 0, 0], "uv": [18, 0]},
						{"origin": [-1.5, 9.5, -2], "size": [3, 4, 1], "uv": [18, 7]}
					]
				},
				{
					"name": "eye_right",
					"parent": "head",
					"pivot": [0, -1, 0.5],
					"cubes": [
						{"origin": [-1.7, 11.5, -5.3], "size": [2, 2, 1], "inflate": 0.01, "pivot": [1, -1, -2.5], "rotation": [0, 90, 0], "uv": [0, 21]}
					]
				},
				{
					"name": "eye_left",
					"parent": "head",
					"pivot": [-1, -1, -2.5],
					"rotation": [0, -92.5, 0],
					"cubes": [
						{"origin": [-0.3, 11.5, -5.3], "size": [2, 2, 1], "inflate": 0.01, "uv": [6, 21]}
					]
				},
				{
					"name": "tail",
					"parent": "torso",
					"pivot": [-1, 5.5, 3],
					"cubes": [
						{"origin": [-1.5, 3.5, 0], "size": [3, 2, 3], "uv": [14, 15]}
					]
				},
				{
					"name": "tail2",
					"parent": "tail",
					"pivot": [-1, 3.5, 2.5],
					"cubes": [
						{"origin": [-1, 1.8, 0.5], "size": [2, 2, 2], "inflate": 0.01, "uv": [14, 20]}
					]
				},
				{
					"name": "arms",
					"parent": "torso",
					"pivot": [0, 9.15, 0.5]
				},
				{
					"name": "arm_right",
					"parent": "arms",
					"pivot": [-2.5, 9.65, -0.5],
					"cubes": [
						{"origin": [-4.5, 9.15, -1], "size": [2, 1, 1], "uv": [22, 20]}
					]
				},
				{
					"name": "arm_left",
					"parent": "arms",
					"pivot": [2.5, 9.65, -0.5],
					"cubes": [
						{"origin": [2.5, 9.15, -1], "size": [2, 1, 1], "uv": [0, 24]}
					]
				},
				{
					"name": "legs",
					"parent": "torso",
					"pivot": [-0.75, 1.9, 4]
				},
				{
					"name": "leg_right",
					"parent": "legs",
					"pivot": [-2.5, 6.3, -0.5],
					"cubes": [
						{"origin": [-4.5, 5.8, -1], "size": [2, 1, 1], "uv": [22, 22]}
					]
				},
				{
					"name": "leg_left",
					"parent": "legs",
					"pivot": [2.5, 6.3, -0.5],
					"cubes": [
						{"origin": [2.5, 5.8, -1], "size": [2, 1, 1], "uv": [6, 24]}
					]
				}
			]
		}
	]
}