{
  "implemented": true,
  "nationalPokedexNumber": 722,
  "name": "Rowlet",
  "primaryType": "grass",
  "secondaryType": "flying",
  "maleRatio": 0.875,
  "height": 3,
  "weight": 15,
  "pokedex": [
    "cobblemon.species.rowlet.desc"
  ],
  "labels": [
    "gen7",
    "starter",
    "alolan_form"
  ],
  "aspects": [],
  "abilities": [
    "overgrow",
    "h:longreach"
  ],
  "eggGroups": [
    "flying"
  ],
  "baseStats": {
    "hp": 68,
    "attack": 55,
    "defence": 55,
    "special_attack": 50,
    "special_defence": 50,
    "speed": 42
  },
  "evYield": {
    "hp": 1,
    "attack": 0,
    "defence": 0,
    "special_attack": 0,
    "special_defence": 0,
    "speed": 0
  },
  "baseExperienceYield": 64,
  "experienceGroup": "medium_slow",
  "catchRate": 45,
  "eggCycles": 15,
  "baseFriendship": 50,
  "features": [
    "region_bias"
  ],
  "baseScale": 0.6,
  "hitbox": {
    "width": 0.95,
    "height": 0.8,
    "fixed": false
  },
  "behaviour": {
    "moving": {
      "fly": {
        "canFly": true
      }
    }
  },
  "drops": {
    "amount": 3,
    "entries": [
      {
        "item": "minecraft:feather",
        "quantityRange": "0-1"
      },
      {
        "item": "minecraft:chicken"
      },
      {
        "item": "cobblemon:miracle_seed",
        "percentage": 5.0
      }
    ]
  },
  "moves": [
    "1:tackle",
    "1:growl",
    "3:leafage",
    "6:astonish",
    "9:peck",
    "12:shadowsneak",
    "15:razorleaf",
    "18:foresight",
    "21:pluck",
    "24:nastyplot",
    "27:suckerpunch",
    "30:leafblade",
    "33:featherdance",
    "36:bravebird",
    "egg:confuseray",
    "egg:defog",
    "egg:doubleteam",
    "egg:furyattack",
    "egg:knockoff",
    "egg:roost",
    "tm:aerialace",
    "tm:aircutter",
    "tm:airslash",
    "tm:bravebird",
    "tm:bulletseed",
    "tm:confuseray",
    "tm:covet",
    "tm:defog",
    "tm:doubleteam",
    "tm:dualwingbeat",
    "tm:echoedvoice",
    "tm:endure",
    "tm:energyball",
    "tm:facade",
    "tm:falseswipe",
    "tm:featherdance",
    "tm:gigadrain",
    "tm:grassknot",
    "tm:grasspledge",
    "tm:grassyglide",
    "tm:grassyterrain",
    "tm:haze",
    "tm:helpinghand",
    "tm:knockoff",
    "tm:leafblade",
    "tm:leafstorm",
    "tm:lightscreen",
    "tm:magicalleaf",
    "tm:nastyplot",
    "tm:naturepower",
    "tm:nightshade",
    "tm:pluck",
    "tm:protect",
    "tm:raindance",
    "tm:rest",
    "tm:roost",
    "tm:safeguard",
    "tm:seedbomb",
    "tm:shadowclaw",
    "tm:skyattack",
    "tm:sleeptalk",
    "tm:solarbeam",
    "tm:steelwing",
    "tm:substitute",
    "tm:suckerpunch",
    "tm:sunnyday",
    "tm:swift",
    "tm:swordsdance",
    "tm:synthesis",
    "tm:takedown",
    "tm:terablast",
    "tm:trailblaze",
    "tm:workup",
    "tm:worryseed",
    "tutor:aerialace",
    "tutor:aircutter",
    "tutor:covet",
    "tutor:defog",
    "tutor:dualwingbeat",
    "tutor:energyball",
    "tutor:falseswipe",
    "tutor:gigadrain",
    "tutor:grasspledge",
    "tutor:grassyglide",
    "tutor:helpinghand",
    "tutor:knockoff",
    "tutor:magicalleaf",
    "tutor:rest",
    "tutor:roost",
    "tutor:seedbomb",
    "tutor:shadowclaw",
    "tutor:skyattack",
    "tutor:sleeptalk",
    "tutor:suckerpunch",
    "tutor:swift",
    "tutor:synthesis",
    "tutor:worryseed"
  ],
  "evolutions": [
    {
      "id": "rowlet_cafe_rowlet",
      "variant": "item_interact",
      "result": "cafe_rowlet",
      "consumeHeldItem": true,
      "learnableMoves": [],
      "requirements": [],
      "requiredContext": "minecraft:brown_wool"
    }
  ],
  "forms": [
    {
      "name": "Hisui-Bias",
      "primaryType": "grass",
      "secondaryType": "flying",
      "maleRatio": 0.875,
      "height": 3,
      "weight": 15,
      "pokedex": [
        "cobblemon.species.rowlet-hisuibias.desc"
      ],
      "labels": [
        "gen8a",
        "starter",
        "customized_official",
        "hisuian_form"
      ],
      "aspects": [
        "region-bias-hisui"
      ],
      "dynamaxBlocked": false,
      "evolutions": [
        {
          "id": "rowlet_dartrix",
          "variant": "level_up",
          "result": "dartrix",
          "consumeHeldItem": false,
          "learnableMoves": [],
          "requirements": [
            {
              "variant": "level",
              "minLevel": 17
            }

      
          ]
        }
      ]
    }
  ]
}