{
	"format_version": "1.12.0",
	"minecraft:geometry": [
		{
			"description": {
				"identifier": "geometry.parasonorous",
				"texture_width": 256,
				"texture_height": 256,
				"visible_bounds_width": 9,
				"visible_bounds_height": 5.5,
				"visible_bounds_offset": [0, 2.25, 0]
			},
			"bones": [
				{
					"name": "carnobrawlrus",
					"pivot": [0, 0, 0]
				},
				{
					"name": "body",
					"parent": "carnobrawlrus",
					"pivot": [0, 3, 0]
				},
				{
					"name": "waist",
					"parent": "body",
					"pivot": [0, 25.5, 9.75],
					"cubes": [
						{"origin": [-8.5, 16.75, 4], "size": [17, 16, 11], "uv": [0, 70]},
						{"origin": [-2, 32.25, 8], "size": [4, 4, 5], "uv": [6, 105]}
					]
				},
				{
					"name": "torso",
					"parent": "waist",
					"pivot": [0, 25.25, 7],
					"cubes": [
						{"origin": [-9.5, 16.75, -8], "size": [19, 17, 15], "inflate": 0.01, "uv": [0, 6]},
						{"origin": [-2, 33.25, -3], "size": [4, 4, 5], "uv": [6, 105]}
					]
				},
				{
					"name": "tail",
					"parent": "torso",
					"pivot": [0, 24, 15],
					"rotation": [0.5, 0, 0],
					"cubes": [
						{"origin": [-7, 18.00053, 14.87783], "size": [14, 14, 16], "uv": [0, 115]},
						{"origin": [-2, 31.25, 21], "size": [4, 4, 5], "uv": [6, 105]}
					]
				},
				{
					"name": "tail2",
					"parent": "tail",
					"pivot": [0, 24.00053, 28.87783],
					"cubes": [
						{"origin": [-6, 21.00053, 28.87783], "size": [12, 10, 18], "uv": [56, 87]},
						{"origin": [-1, 30.25, 37], "size": [2, 3, 3], "uv": [31, 109]}
					]
				},
				{
					"name": "tail3",
					"parent": "tail2",
					"pivot": [0, 24.50053, 45.87783],
					"cubes": [
						{"origin": [-4, 23.00053, 46.87783], "size": [7, 6, 17], "uv": [65, 136]},
						{"origin": [0, 28.25, 56], "size": [0, 8, 5], "uv": [46, 101]}
					]
				},
				{
					"name": "chest",
					"parent": "torso",
					"pivot": [0, 25.25, -8],
					"cubes": [
						{"origin": [-8.5, 16.75, -16], "size": [17, 16, 11], "uv": [57, 59]}
					]
				},
				{
					"name": "leg_front_right2",
					"parent": "chest",
					"pivot": [-7.5, 18.25, -11.75],
					"cubes": [
						{"origin": [-9, 14.75, -13.75], "size": [3, 4, 2], "uv": [70, 18]}
					]
				},
				{
					"name": "foot_front_right",
					"parent": "leg_front_right2",
					"pivot": [-7.5, 11.25, -14.5],
					"cubes": [
						{"origin": [-9, 12.25, -14], "size": [3, 3, 2], "inflate": 0.01, "uv": [57, 9]}
					]
				},
				{
					"name": "leg_front_left2",
					"parent": "chest",
					"pivot": [7.5, 19.25, -12.75],
					"cubes": [
						{"origin": [6, 14.75, -13.75], "size": [3, 5, 2], "uv": [70, 18]}
					]
				},
				{
					"name": "foot_front_left",
					"parent": "leg_front_left2",
					"pivot": [7.5, 12.25, -14.5],
					"cubes": [
						{"origin": [6, 12.25, -14], "size": [3, 3, 2], "inflate": 0.01, "uv": [68, 9]}
					]
				},
				{
					"name": "neck1",
					"parent": "chest",
					"pivot": [0, 23.75, -14],
					"cubes": [
						{"origin": [-5, 24.75, -18.5], "size": [10, 12, 10], "uv": [83, 6]}
					]
				},
				{
					"name": "neck2",
					"parent": "neck1",
					"pivot": [0, 33.75, -13.5],
					"cubes": [
						{"origin": [-3.5, 35.75, -18], "size": [7, 10, 9], "uv": [99, 86]}
					]
				},
				{
					"name": "head",
					"parent": "neck2",
					"pivot": [-0.5, 45.75, -13.5],
					"cubes": [
						{"origin": [-5.5, 41.75, -20.5], "size": [11, 13, 12], "uv": [4, 43]},
						{"origin": [2.5, 52.75, -15.5], "size": [2, 9, 2], "pivot": [3.5, 54.75, -14.5], "rotation": [50, 0, 0], "uv": [70, 27]},
						{"origin": [-4.5, 52.75, -15.5], "size": [2, 9, 2], "pivot": [-3.5, 54.75, -14.5], "rotation": [50, 0, 0], "uv": [70, 27]},
						{"origin": [-5.5, 43.75, -27.5], "size": [11, 10, 7], "uv": [53, 42]}
					]
				},
				{
					"name": "jaw",
					"parent": "head",
					"pivot": [-0.5, 45.75, -21.5],
					"cubes": [
						{"origin": [-5.5, 41.75, -26.5], "size": [11, 2, 6], "uv": [11, 97]}
					]
				},
				{
					"name": "eyes",
					"parent": "head",
					"pivot": [-1, 50.475, -15.2]
				},
				{
					"name": "eye_right",
					"parent": "eyes",
					"pivot": [-5.5, 50.91526, -15.00428],
					"rotation": [7.5, 0, 0],
					"cubes": [
						{"origin": [-5.5, 47.91526, -19.25428], "size": [0, 5, 8], "inflate": 0.01, "uv": [91, 46], "mirror": true}
					]
				},
				{
					"name": "pupil_right",
					"parent": "eye_right",
					"pivot": [-5.5, 50.66526, -17.50428],
					"cubes": [
						{"origin": [-5.5, 49.66526, -18.00428], "size": [0, 2, 1], "inflate": 0.02, "uv": [84, 13], "mirror": true}
					]
				},
				{
					"name": "eyelid_right",
					"parent": "eye_right",
					"pivot": [-5.4, 50.38691, -15.18688],
					"cubes": [
						{"origin": [-5.4, 47.88691, -19.28688], "size": [1, 4, 8], "inflate": 0.03, "uv": [113, 72], "mirror": true}
					]
				},
				{
					"name": "eye_left",
					"parent": "eyes",
					"pivot": [5.5, 50.91526, -15.00428],
					"rotation": [7.5, 0, 0],
					"cubes": [
						{"origin": [5.5, 47.91526, -19.25428], "size": [0, 5, 8], "inflate": 0.01, "uv": [110, 46]}
					]
				},
				{
					"name": "pupil_left",
					"parent": "eye_left",
					"pivot": [5.5, 50.66526, -17.50428],
					"cubes": [
						{"origin": [5.5, 49.66526, -18.00428], "size": [0, 2, 1], "inflate": 0.02, "uv": [84, 11]}
					]
				},
				{
					"name": "eyelid_left",
					"parent": "eye_left",
					"pivot": [5.4, 50.38691, -15.18688],
					"cubes": [
						{"origin": [4.4, 47.88691, -19.28688], "size": [1, 4, 8], "inflate": 0.03, "uv": [113, 60]}
					]
				},
				{
					"name": "leg_back_right1",
					"parent": "body",
					"pivot": [-7, 25.75, 9.5],
					"cubes": [
						{"origin": [-10, 15.25, 5.5], "size": [6, 12, 8], "inflate": 0.01, "uv": [60, 116], "mirror": true}
					]
				},
				{
					"name": "leg_back_right2",
					"parent": "leg_back_right1",
					"pivot": [-7, 15.25, 13],
					"cubes": [
						{"origin": [-9.5, 4.75, 9], "size": [5, 11, 5], "uv": [103, 31], "mirror": true}
					]
				},
				{
					"name": "foot_back_right",
					"parent": "leg_back_right2",
					"pivot": [-7, 5.25, 11.25],
					"cubes": [
						{"origin": [-9.5, 2.25, 3.75], "size": [5, 4, 10], "inflate": 0.01, "uv": [14, 145], "mirror": true}
					]
				},
				{
					"name": "leg_back_left1",
					"parent": "body",
					"pivot": [7, 25.25, 9.5],
					"cubes": [
						{"origin": [4, 15.25, 5.5], "size": [6, 12, 8], "inflate": 0.01, "uv": [89, 116]}
					]
				},
				{
					"name": "leg_back_left2",
					"parent": "leg_back_left1",
					"pivot": [7, 15.25, 13],
					"cubes": [
						{"origin": [4.5, 4.75, 9], "size": [5, 11, 5], "uv": [83, 31]}
					]
				},
				{
					"name": "foot_back_left",
					"parent": "leg_back_left2",
					"pivot": [7, 5.25, 11.25],
					"cubes": [
						{"origin": [4.5, 2.25, 3.75], "size": [5, 4, 10], "inflate": 0.01, "uv": [14, 159]}
					]
				}
			]
		}
	]
}