{
	"format_version": "1.12.0",
	"minecraft:geometry": [
		{
			"description": {
				"identifier": "geometry.whisper",
				"texture_width": 64,
				"texture_height": 64,
				"visible_bounds_width": 3,
				"visible_bounds_height": 3.5,
				"visible_bounds_offset": [0, 1.25, 0]
			},
			"bones": [
				{
					"name": "whisper",
					"pivot": [0, 0, 0]
				},
				{
					"name": "body",
					"parent": "whisper",
					"pivot": [0, 13, -3],
					"cubes": [
						{"origin": [-6.5, 6, -10], "size": [13, 14, 14], "uv": [0, 0]}
					]
				},
				{
					"name": "head",
					"parent": "body",
					"pivot": [0, 6, -3]
				},
				{
					"name": "head_top",
					"parent": "head",
					"pivot": [0, 20.01017, -8.00246],
					"cubes": [
						{"origin": [-4, 20, -8], "size": [8, 3, 10], "uv": [7, 42]}
					]
				},
				{
					"name": "head_top2",
					"parent": "head_top",
					"pivot": [0, 22.96526, -4.95369],
					"cubes": [
						{"origin": [-1.5, 23, -5], "size": [3, 2, 3], "uv": [37, 29]}
					]
				},
				{
					"name": "head_top3",
					"parent": "head_top2",
					"pivot": [0, 25.23052, -4.30738],
					"rotation": [-27.5, 0, 0],
					"cubes": [
						{"origin": [0, 24.5, -4.5], "size": [0, 3, 3], "uv": [27, 26]}
					]
				},
				{
					"name": "right_eye",
					"parent": "head",
					"pivot": [-2.2, 16.4, -10.015],
					"cubes": [
						{"origin": [-2.7, 15.9, -10.02], "size": [1, 1, 0], "uv": [55, 25]},
						{"origin": [-3.2, 15.4, -10.01], "size": [2, 2, 0], "uv": [22, 32]}
					]
				},
				{
					"name": "EyelidRight",
					"parent": "right_eye",
					"pivot": [-2.2, 16.4, -10.01],
					"cubes": [
						{"origin": [-3.2, 15.4, -10], "size": [2, 2, 0], "uv": [26, 32]}
					]
				},
				{
					"name": "left_eye",
					"parent": "head",
					"pivot": [2.2, 16.4, -10.015],
					"cubes": [
						{"origin": [1.7, 15.9, -10.02], "size": [1, 1, 0], "uv": [55, 27], "mirror": true},
						{"origin": [1.2, 15.4, -10.01], "size": [2, 2, 0], "uv": [22, 29], "mirror": true}
					]
				},
				{
					"name": "EyelidLeft",
					"parent": "left_eye",
					"pivot": [2.2, 16.4, -10.01],
					"cubes": [
						{"origin": [1.2, 15.4, -10], "size": [2, 2, 0], "uv": [26, 32], "mirror": true}
					]
				},
				{
					"name": "right_arm",
					"parent": "head",
					"pivot": [-6.45102, 14.70625, -3.1],
					"cubes": [
						{"origin": [-9.88436, 14.20625, -3.6], "size": [4, 1, 1], "pivot": [-5.90634, 14.79261, -3.1], "rotation": [0, 0, 0], "uv": [0, 1]}
					]
				},
				{
					"name": "right_arm2",
					"parent": "right_arm",
					"pivot": [-9.88436, 14.73958, -2.6],
					"cubes": [
						{"origin": [-12.88436, 14.20625, -3.6], "size": [3, 1, 1], "pivot": [-11.59079, 14.32642, -3.1], "rotation": [0, 0, 0], "uv": [40, 35]}
					]
				},
				{
					"name": "right_hand",
					"parent": "right_arm2",
					"pivot": [-12.93436, 14.75625, -2.6],
					"cubes": [
						{"origin": [-14.88436, 13.70625, -4.1], "size": [2, 2, 2], "pivot": [-11.59079, 13.82642, -3.1], "rotation": [0, 0, 0], "uv": [0, 4]}
					]
				},
				{
					"name": "right_thumb",
					"parent": "right_hand",
					"pivot": [-12.88436, 14.80625, -4.1],
					"cubes": [
						{"origin": [-13.88436, 14.30625, -5.1], "size": [1, 1, 1], "pivot": [-11.59079, 13.82642, -3.1], "rotation": [0, 0, 0], "uv": [9, 11]}
					]
				},
				{
					"name": "left_arm",
					"parent": "head",
					"pivot": [6.45102, 14.70625, -3.1],
					"cubes": [
						{"origin": [5.88436, 14.20625, -3.6], "size": [4, 1, 1], "pivot": [5.90634, 14.79261, -3.1], "rotation": [0, 0, 0], "uv": [41, 1], "mirror": true}
					]
				},
				{
					"name": "left_arm2",
					"parent": "left_arm",
					"pivot": [9.88436, 14.73958, -2.6],
					"cubes": [
						{"origin": [9.88436, 14.20625, -3.6], "size": [3, 1, 1], "pivot": [11.59079, 14.32642, -3.1], "rotation": [0, 0, 0], "uv": [41, 4], "mirror": true}
					]
				},
				{
					"name": "left_hand",
					"parent": "left_arm2",
					"pivot": [12.93436, 14.75625, -2.6],
					"cubes": [
						{"origin": [12.88436, 13.70625, -4.1], "size": [2, 2, 2], "pivot": [11.59079, 13.82642, -3.1], "rotation": [0, 0, 0], "uv": [0, 9], "mirror": true}
					]
				},
				{
					"name": "left_thumb",
					"parent": "left_hand",
					"pivot": [12.88436, 14.80625, -4.1],
					"cubes": [
						{"origin": [12.88436, 14.30625, -5.1], "size": [1, 1, 1], "pivot": [11.59079, 13.82642, -3.1], "rotation": [0, 0, 0], "uv": [9, 8], "mirror": true}
					]
				},
				{
					"name": "tail",
					"parent": "body",
					"pivot": [0, 6.5, -4],
					"rotation": [25, 0, 0],
					"cubes": [
						{"origin": [-3.5, 2.97107, -6.91631], "size": [7, 5, 7], "uv": [0, 29]}
					]
				},
				{
					"name": "tail2",
					"parent": "tail",
					"pivot": [0, 2.99987, -2.10521],
					"rotation": [37.5, 0, 0],
					"cubes": [
						{"origin": [-2, 0.49985, -4.10521], "size": [4, 5, 4], "uv": [0, 42]}
					]
				},
				{
					"name": "tail3",
					"parent": "tail2",
					"pivot": [0, 1.33897, -2.25291],
					"rotation": [35, 0, 0],
					"cubes": [
						{"origin": [-1, -3.37295, -4.08094], "size": [2, 5, 3], "uv": [29, 33]}
					]
				},
				{
					"name": "tail4",
					"parent": "tail3",
					"pivot": [0, -3.32058, -2.19488],
					"cubes": [
						{"origin": [0, -7.57058, -3.69488], "size": [0, 5, 3], "uv": [40, 35]}
					]
				},
				{
					"name": "tail5",
					"parent": "tail4",
					"pivot": [0, -7.57058, -2.19488],
					"cubes": [
						{"origin": [0, -12.57058, -3.69488], "size": [0, 5, 3], "uv": [40, 40]}
					]
				}
			]
		}
	]
}