{
	"format_version": "1.8.0",
	"animations": {
		"animation.hunterror.pose": {
			"loop": true,
			"bones": {
				"head": {
					"rotation": [7.5, 0, 0]
				},
				"tail": {
					"rotation": [-0.02348, -20.43398, 0.04056],
					"position": [0, 0, -1]
				},
				"eyelid_left": {
					"position": [0.25, 0.75, 0]
				},
				"eyelid_right": {
					"position": [-0.25, 0.75, 0]
				},
				"headfins": {
					"rotation": [-27.5, 0, 0]
				},
				"jaw": {
					"rotation": [22.5, 0, 0],
					"position": [0, 0.5, 0.75]
				},
				"tail2": {
					"rotation": [-4.27006, -5.76533, 22.3241],
					"position": [0, 0, 0.25]
				},
				"tail3": {
					"rotation": [3.41314, -5.67595, 6.56205]
				},
				"tail4": {
					"rotation": [-5.92412, -29.38807, -344.42674],
					"position": [0, 0, 1.5]
				},
				"tail5": {
					"rotation": [1.543, -17.01094, -5.26898],
					"position": [0, 0, 0]
				},
				"tail6": {
					"rotation": [-1.33843, -14.98372, 12.54748],
					"position": [0, 0, -0.25]
				},
				"tail7": {
					"rotation": [5, -10, 0],
					"position": [0, 0, -0.75]
				},
				"tail8": {
					"rotation": [0, -5, 0]
				},
				"pupil_left": {
					"position": [0, -0.25, -0.5]
				},
				"pupil_right": {
					"position": [0, -0.25, -0.5]
				}
			}
		},
		"animation.hunterror.pose2": {
			"loop": true,
			"bones": {
				"head": {
					"rotation": [-15.12353, -7.24305, 1.95155]
				},
				"tail": {
					"rotation": [-12.5, 0, 0]
				},
				"eye_left": {
					"position": [0, 0, 0]
				},
				"eyelid_left": {
					"position": [0.25, 0.75, 0]
				},
				"eye_right": {
					"position": [0, 0, 0]
				},
				"eyelid_right": {
					"position": [-0.25, 0.75, 0]
				},
				"jaw": {
					"rotation": [-55, 0, 0],
					"position": [0, 0.25, 0.5]
				},
				"tail2": {
					"rotation": [7.5, 0, 0],
					"position": [0, -0.75, -0.5]
				},
				"tail3": {
					"rotation": [7.61435, 9.91358, 1.31845]
				},
				"tail4": {
					"rotation": [10.47479, 17.22575, 3.13388]
				},
				"tail5": {
					"rotation": [12.51153, 2.4407, 0.54143]
				},
				"tail6": {
					"rotation": [-7.61435, -9.91358, 1.31845]
				},
				"tail7": {
					"rotation": [2.42436, -5.58995, 0.04927]
				},
				"pupil_left": {
					"position": [0, -0.25, -0.5]
				},
				"pupil_right": {
					"position": [0, -0.25, -0.5]
				}
			}
		},
		"animation.hunterror.sleep": {
			"loop": true,
			"bones": {
				"head": {
					"position": [0, 0, 0]
				},
				"tail": {
					"rotation": [-5, 25, 0],
					"position": [-2, 0, -1.25]
				},
				"eyelid_left": {
					"position": [0.25, 0, 0]
				},
				"eyelid_right": {
					"position": [-0.25, 0, 0]
				},
				"headfins": {
					"rotation": [-40, 0, 0]
				},
				"jaw": {
					"rotation": [-65, 0, 0]
				},
				"tail2": {
					"rotation": [2.5, 22.5, 0],
					"position": [-1.25, 0, -0.25]
				},
				"tail3": {
					"rotation": [-2.21992, 4.17022, -19.35309],
					"position": [-0.5, -0.25, 0]
				},
				"tail4": {
					"rotation": [-5.73521, 22.80218, 3.48388],
					"position": [0, 0, -1]
				},
				"tail5": {
					"rotation": [-15, 30, 0],
					"position": [-1, 0, -1]
				},
				"tail6": {
					"rotation": [-14.31404, 32.04741, -32.23208],
					"position": [-0.25, 0, 0]
				},
				"tail7": {
					"rotation": [-12.5, 0, 0]
				},
				"tail8": {
					"rotation": [-0.10912, 2.49762, -17.50238]
				}
			}
		},
		"animation.hunterror.ground_idle": {
			"loop": true,
			"bones": {
				"tail": {
					"rotation": [-7.5, 0, 0],
					"position": [0, -1, -0.25]
				},
				"eyelid_left": {
					"position": [0.25, 0.75, 0]
				},
				"eyelid_right": {
					"position": [-0.25, 0.75, 0]
				},
				"headfins": {
					"rotation": [-30, 0, 0]
				},
				"jaw": {
					"rotation": [-7.5, 0, 0]
				},
				"tail2": {
					"rotation": [5, 0, 0],
					"position": [0, 0, -0.5]
				},
				"tail3": {
					"rotation": [0.9763, 0.21643, -12.49816]
				},
				"tail4": {
					"rotation": [1, 0, 0]
				},
				"tail5": {
					"rotation": [-2.5, 0, -12.5],
					"position": [0, -0.5, 0]
				},
				"tail6": {
					"rotation": [0, 0, -92.5],
					"position": [0, 0.5, 0]
				},
				"tail7": {
					"rotation": [0, 0, 27.5]
				},
				"tail8": {
					"rotation": [0, 2.5, 0]
				},
				"pupil_left": {
					"position": [0, -0.25, 0]
				},
				"pupil_right": {
					"position": [0, -0.25, 0]
				}
			}
		},
		"animation.hunterror.water_idle": {
			"loop": true,
			"bones": {
				"body": {
					"position": ["math.sin(q.anim_time*90+90)", "2*math.sin(q.anim_time*90)", 0]
				},
				"head": {
					"rotation": ["-5*math.sin(q.anim_time*90+90)", 0, 0]
				},
				"tail": {
					"rotation": ["-15*math.sin(q.anim_time*90+90)", "10*math.sin(q.anim_time*90)", 0]
				},
				"eyelid_left": {
					"position": [0.5, 1, 0],
					"scale": 0.99
				},
				"eyelid_right": {
					"position": [-0.25, 1, 0],
					"scale": 0.99
				},
				"headfins": {
					"rotation": ["-12.5-5*math.sin(q.anim_time*90*2+135)", 0, 0]
				},
				"jaw": {
					"rotation": ["-30-30*math.sin(q.anim_time*90/4)", 0, 0]
				},
				"tail2": {
					"rotation": ["-25*math.sin(q.anim_time*90)", "10*math.sin(q.anim_time*90-90)", 0]
				},
				"tail3": {
					"rotation": ["-25*math.sin(q.anim_time*90-90)", "10*math.sin(q.anim_time*90-90)", 0]
				},
				"tail4": {
					"rotation": ["-25*math.sin(q.anim_time*90-135)", "20*math.sin(q.anim_time*90-180)", 0]
				},
				"tail5": {
					"rotation": ["-20*math.sin(q.anim_time*90+90-235)", "15*math.sin(q.anim_time*90-180)", 0]
				},
				"tail6": {
					"rotation": ["-20*math.sin(q.anim_time*90+90-235)", "10*math.sin(q.anim_time*90-180)", 0]
				},
				"tail7": {
					"rotation": ["10*math.sin(q.anim_time*90-180)", 0, 0]
				},
				"pupil_left": {
					"position": [0, -0.25, -0.5]
				},
				"pupil_right": {
					"position": [0, -0.25, -0.5]
				}
			}
		},
		"animation.hunterror.water_swim": {
			"loop": true,
			"bones": {
				"body": {
					"position": ["math.sin(q.anim_time*2*90*1.3)", "2*math.sin(q.anim_time*90*1.3)", 0]
				},
				"head": {
					"rotation": ["-10*math.sin(q.anim_time*90*1.3+90)", "-10*math.sin(q.anim_time*2*90*1.3+90)", 0]
				},
				"tail": {
					"rotation": ["-15*math.sin(q.anim_time*90*1.3+90)", "10*math.sin(q.anim_time*2*1.3*90-90)", 0]
				},
				"eyelid_left": {
					"position": [0.25, 1, 0],
					"scale": 0.99
				},
				"eyelid_right": {
					"position": [-0.25, 1, 0],
					"scale": 0.99
				},
				"headfins": {
					"rotation": ["-12.5-5*math.sin(q.anim_time*90*2+135)", 0, 0]
				},
				"jaw": {
					"rotation": ["-30-30*math.sin(q.anim_time*90*1.25)", 0, 0]
				},
				"tail2": {
					"rotation": ["-25*math.sin(q.anim_time*90*1.3)", "10*math.sin(q.anim_time*2*1.3*90-180)", 0]
				},
				"tail3": {
					"rotation": ["-25*math.sin(q.anim_time*90*1.3-90)", "10*math.sin(q.anim_time*2*1.3*90-180)", 0]
				},
				"tail4": {
					"rotation": ["-25*math.sin(q.anim_time*90*1.3-135)", "20*math.sin(q.anim_time*2*1.3*90-270)", 0]
				},
				"tail5": {
					"rotation": ["-20*math.sin(q.anim_time*90*1.3+90-235)", "15*math.sin(q.anim_time*2*1.3*90-270)", 0]
				},
				"tail6": {
					"rotation": ["-20*math.sin(q.anim_time*90*1.3+90-235)", "10*math.sin(q.anim_time*2*1.3*90-270)", 0]
				},
				"tail7": {
					"rotation": ["-20*math.sin(q.anim_time*90*1.3+90-235)", "10*math.sin(q.anim_time*2*1.3*90-270)", 0]
				},
				"pupil_left": {
					"position": [0, -0.25, -0.5]
				},
				"pupil_right": {
					"position": [0, -0.25, -0.5]
				}
			}
		},
		"animation.hunterror.blink": {
			"animation_length": 0.25,
			"bones": {
				"eyelid_left": {
					"position": {
						"0.0": [0.1, 0, 0],
						"0.2083": [0.01, 0, 0],
						"0.25": [0, 0, 0]
					}
				},
				"eyelid_right": {
					"position": {
						"0.0": [-0.1, 0, 0],
						"0.2083": [-0.01, 0, 0],
						"0.25": [0, 0, 0]
					}
				}
			}
		},
		"animation.hunterror.faint": {
			"animation_length": 3,
			"bones": {
				"body": {
					"rotation": {
						"0.0": [0, 0, 0],
						"0.2917": [-5, 0, -28.75],
						"0.5833": [0, 0, -45],
						"1.625": [0, 0, -87.5]
					}
				},
				"head": {
					"rotation": {
						"0.0": [0, 0, 0],
						"0.2083": [0, -22.5, 0],
						"0.5833": [0, -26.25, 0],
						"0.875": [0, -27.41, 0],
						"2.0417": [0, 5, 0]
					}
				},
				"tail": {
					"rotation": {
						"0.0": [0, 0, 0],
						"0.25": [0, 5, 0]
					}
				},
				"eyelid_left": {
					"position": {
						"0.0": [0, 0, 0],
						"1.7917": [0.25, 0, 0]
					}
				},
				"eyelid_right": {
					"position": {
						"0.0": [0, 0, 0],
						"1.7917": [-0.25, 0, 0]
					}
				},
				"jaw": {
					"rotation": {
						"0.0": [-2.5, 0, 0],
						"0.3333": [28.21, 0, 0],
						"1.0417": [-30, 0, 0],
						"2.5833": [-55, 0, 0]
					}
				},
				"tail2": {
					"rotation": {
						"0.4583": [0, 0, 0],
						"0.75": [0, 0, -7.5],
						"1.125": [0, -5, -7.5],
						"1.375": [0, -5.92113, -7.5],
						"1.7917": [0, -5, -7.5],
						"2.4583": [0, -7.5, -7.5]
					}
				},
				"tail3": {
					"rotation": {
						"0.0": [0, 0, 0],
						"0.7083": [0, 5, 0],
						"0.9583": [0, 17.5, 0],
						"1.4167": [0, 10, 0],
						"1.625": [0, 0, 0],
						"1.9167": [0, -5, 0]
					}
				},
				"tail4": {
					"rotation": {
						"0.0": [0, 0, 0],
						"0.125": [0, 10, 0],
						"0.2917": [0, 7.5, 0],
						"0.7917": [-3.4239, 15.41318, 4.23957],
						"1.625": [-4.95744, 0.65182, 7.47178],
						"1.8333": [-4.95968, -1.83883, 7.68787],
						"2.0833": [-4.96543, -2.19462, 7.71928],
						"2.375": [-4.99253, -6.82001, 8.12267]
					}
				},
				"tail5": {
					"rotation": {
						"0.0": [0, 0, 0],
						"0.6667": [0, 11.36, 0],
						"0.75": [0, 11.74, 0],
						"0.9167": [0, 5, 0]
					}
				},
				"tail6": {
					"rotation": {
						"0.0417": [0, 0, 0],
						"0.375": [0, 5, 0],
						"0.4583": [0, 5, 0],
						"0.7083": [0, 15, 0],
						"0.8333": [0, 5, 0]
					}
				}
			}
		}
	}
}