{
  "species": "cobblemon:dissonitten",
  "order": 0,
  "variations": [
    {
      "aspects": [],
      "poser": "cobblemon:dissonitten",
      "model": "cobblemon:dissonitten.geo",
      "texture": "cobblemon:textures/pokemon/dissonitten/dissonitten_texture.png",
      "layers": []
    },
    {
      "aspects": ["shiny"],
      "texture": "cobblemon:textures/pokemon/dissonitten/dissonitten_shiny.png"
    },
    {
      "aspects": ["radiant"],
      "texture": "cobblemon:textures/pokemon/dissonitten/dissonitten_radiant_shiny.png"
    }
  ]
}
