{
	"format_version": "1.8.0",
	"animations": {
		"animation.antria.ground_idle": {
			"loop": true,
			"animation_length": 2.4,
			"bones": {
				"head": {
					"rotation": {
						"0.0": [0, 0, 0],
						"1.2": [7.5, 0, 0],
						"2.4": [0, 0, 0]
					}
				},
				"antenna": {
					"rotation": {
						"0.0": [0, 0, 0],
						"1.2": [5, 0, 0],
						"2.4": [0, 0, 0]
					}
				},
				"antenna2": {
					"rotation": {
						"0.0": [0, 0, 0],
						"1.2": [5, 0, 0],
						"2.4": [0, 0, 0]
					}
				},
				"bone2": {
					"rotation": {
						"0.0": [0, 0, 0],
						"1.2": [-22.5, 0, 0],
						"2.4": [0, 0, 0]
					}
				}
			}
		},
		"animation.antria.ground_walk": {
			"loop": true,
			"animation_length": 0.48,
			"bones": {
				"head": {
					"rotation": {
						"0.0": [0, 0, 0],
						"0.24": [5, 0, 0],
						"0.48": [0, 0, 0]
					}
				},
				"leg": {
					"rotation": {
						"0.0": [0, 7.5, 0],
						"0.24": [0, -7.5, 0],
						"0.48": [0, 7.5, 0]
					}
				},
				"leg2": {
					"rotation": {
						"0.0": [0, 7.5, 0],
						"0.24": [0, -7.5, 0],
						"0.48": [0, 7.5, 0]
					}
				},
				"leg3": {
					"rotation": {
						"0.0": [0, -7.5, 0],
						"0.24": [0, 7.5, 0],
						"0.48": [0, -7.5, 0]
					}
				},
				"leg4": {
					"rotation": {
						"0.0": [0, 7.5, 0],
						"0.24": [0, -7.5, 0],
						"0.48": [0, 7.5, 0]
					}
				},
				"leg5": {
					"rotation": {
						"0.0": [0, 7.5, 0],
						"0.24": [0, -7.5, 0],
						"0.48": [0, 7.5, 0]
					}
				},
				"leg6": {
					"rotation": {
						"0.0": [0, -7.5, 0],
						"0.24": [0, 7.5, 0],
						"0.48": [0, -7.5, 0]
					}
				}
			}
		}
	}
}