{
	"format_version": "1.12.0",
	"minecraft:geometry": [
		{
			"description": {
				"identifier": "geometry.carnitrap",
				"texture_width": 128,
				"texture_height": 128,
				"visible_bounds_width": 5,
				"visible_bounds_height": 4.5,
				"visible_bounds_offset": [0, 1.75, 0]
			},
			"bones": [
				{
					"name": "carnitrap",
					"pivot": [0, 0, 0]
				},
				{
					"name": "bone",
					"parent": "carnitrap",
					"pivot": [0, 0, 0],
					"cubes": [
						{"origin": [-6, 5, -6], "size": [12, 9, 12], "uv": [0, 0]},
						{"origin": [-7, 13, -7], "size": [14, 2, 2], "uv": [44, 4]},
						{"origin": [-7, 13, 5], "size": [14, 2, 2], "uv": [44, 4]},
						{"origin": [5, 13, -5], "size": [2, 2, 10], "uv": [77, 6]},
						{"origin": [-7, 13, -5], "size": [2, 2, 10], "uv": [77, 6]}
					]
				},
				{
					"name": "leg",
					"parent": "bone",
					"pivot": [5, 6, -5],
					"cubes": [
						{"origin": [3, 0, -7], "size": [4, 6, 4], "uv": [1, 27]}
					]
				},
				{
					"name": "leg3",
					"parent": "bone",
					"pivot": [5, 6, 5],
					"cubes": [
						{"origin": [3, 0, 3], "size": [4, 6, 4], "uv": [1, 27]}
					]
				},
				{
					"name": "leg2",
					"parent": "bone",
					"pivot": [-5, 6, 5],
					"cubes": [
						{"origin": [-7, 0, 3], "size": [4, 6, 4], "uv": [1, 27], "mirror": true}
					]
				},
				{
					"name": "leg4",
					"parent": "bone",
					"pivot": [-5, 6, -5],
					"cubes": [
						{"origin": [-7, 0, -7], "size": [4, 6, 4], "uv": [1, 27], "mirror": true}
					]
				},
				{
					"name": "bone2",
					"parent": "bone",
					"pivot": [0, 9, 6],
					"cubes": [
						{"origin": [0, 8, 0], "size": [0, 27, 20], "uv": [36, 17]}
					]
				},
				{
					"name": "head",
					"parent": "bone2",
					"pivot": [0, 31, 1],
					"cubes": [
						{"origin": [-5, 26, -9], "size": [10, 10, 10], "uv": [20, 74]},
						{"origin": [-13, 18, 1.1], "size": [26, 26, 0], "uv": [62, 96]}
					]
				},
				{
					"name": "arm",
					"parent": "bone2",
					"pivot": [0.5, 23, 18.5],
					"rotation": [35.93762, -24.0436, -45.6079],
					"cubes": [
						{"origin": [0, 23, 15], "size": [21, 0, 7], "uv": [67, 77]}
					]
				},
				{
					"name": "arm2",
					"parent": "bone2",
					"pivot": [-0.5, 23, 18.5],
					"rotation": [35.93762, 24.0436, 45.6079],
					"cubes": [
						{"origin": [-21, 23, 15], "size": [21, 0, 7], "uv": [67, 77], "mirror": true}
					]
				}
			]
		}
	]
}