{
	"format_version": "1.8.0",
	"animations": {
		"animation.fortraze.ground_idle": {
			"loop": true,
			"animation_length": 4,
			"bones": {
				"body": {
					"position": {
						"0.0": [0, 0, 0],
						"2.0": [0, 2, 0],
						"4.0": [0, 0, 0]
					}
				},
				"eyebrow1": {
					"rotation": {
						"0.0": [0, 0, -5],
						"2.0": [0, 0, 5],
						"4.0": [0, 0, -5]
					}
				},
				"eyebrow2": {
					"rotation": {
						"0.0": [0, 0, 5],
						"2.0": [0, 0, -5],
						"4.0": [0, 0, 5]
					}
				},
				"shields": {
					"rotation": {
						"0.0": [0, 0, 0],
						"4.0": [0, -360, 0]
					}
				},
				"rods": {
					"rotation": {
						"0.0": [0, 0, 0],
						"4.0": [0, 360, 0]
					}
				}
			}
		},
		"animation.fortraze.ground_walk": {
			"loop": true,
			"animation_length": 1,
			"bones": {
				"body": {
					"rotation": [15, 0, 0],
					"position": {
						"0.0": [0, 0, 0],
						"0.5": [0, 1, 0],
						"1.0": [0, 0, 0]
					}
				},
				"head": {
					"rotation": [-10, 0, 0]
				},
				"eyebrow1": {
					"rotation": {
						"0.0": [0, 0, 0],
						"0.25": [0, -5, 0],
						"0.5": [0, 0, 0],
						"0.75": [0, -5, 0],
						"1.0": [0, 0, 0]
					}
				},
				"eyebrow2": {
					"rotation": {
						"0.0": [0, 0, 0],
						"0.25": [0, 5, 0],
						"0.5": [0, 0, 0],
						"0.75": [0, 5, 0],
						"1.0": [0, 0, 0]
					}
				},
				"shields": {
					"rotation": {
						"0.0": [0, 0, 0],
						"1.0": [0, -360, 0]
					},
					"position": {
						"0.0": [0, 0, 0],
						"0.5": [0, -2, 0],
						"1.0": [0, 0, 0]
					}
				},
				"shield1": {
					"rotation": [0, 0, 10]
				},
				"sheild2": {
					"rotation": [0, 0, -10]
				},
				"rods": {
					"rotation": {
						"0.0": [0, 0, 0],
						"1.0": [0, 360, 0]
					}
				},
				"rod1": {
					"rotation": [10, 0, 0]
				},
				"rod2": {
					"rotation": [-10, 0, 0]
				}
			}
		},
		"animation.fortraze.faint": {
			"animation_length": 3,
			"bones": {
				"torso": {
					"position": {
						"0.0": [0, 0, 0],
						"0.25": [0, -12, 0]
					}
				},
				"head": {
					"position": {
						"0.0": [0, 0, 0],
						"0.3333": [0, -1, 0],
						"0.375": [0, 0, 0],
						"0.5": [0, -1, 0]
					}
				},
				"eyes": {
					"scale": {
						"0.0": [1, 1, 1],
						"0.3333": [1, 0, 1]
					}
				},
				"eyebrow1": {
					"position": {
						"0.0": [0, 0, 0],
						"0.3333": [2, 3, 0]
					},
					"scale": {
						"0.0": [1, 1, 1],
						"0.375": [0, 0, 1]
					}
				},
				"eyebrow2": {
					"position": {
						"0.0": [0, 0, 0],
						"0.1667": [-2, 3, 0]
					},
					"scale": {
						"0.0": [1, 1, 1],
						"0.2083": [0, 0, 1]
					}
				},
				"shield1": {
					"rotation": {
						"0.0": [0, 0, 0],
						"0.3333": [0, 0, 5],
						"0.4167": [0, 0, -10]
					},
					"position": {
						"0.0": [0, 0, 0],
						"0.3333": [1, 1, 0],
						"0.4583": [3, -10, 0]
					}
				},
				"sheild2": {
					"rotation": {
						"0.0": [0, 0, 0],
						"0.2083": [0, 0, -5],
						"0.5": [0, 0, 10],
						"0.5833": [0, 0, 7.5]
					},
					"position": {
						"0.0": [0, 0, 0],
						"0.2083": [-1, 1, 0],
						"0.5833": [-2, -11, 0]
					}
				},
				"rod1": {
					"position": {
						"0.0": [0, 0, 0],
						"0.1667": [0, 0, 0],
						"0.2917": [0, -5, 0],
						"0.3333": [0, -4, 0],
						"0.4167": [0, -5, 0]
					}
				},
				"rod2": {
					"position": {
						"0.0": [0, 0, 0],
						"0.3333": [0, 0, 0],
						"0.5": [0, -5, 0],
						"0.5417": [0, -4, 0],
						"0.6667": [0, -5, 0],
						"3.0": [0, -5, 0]
					}
				}
			}
		},
		"animation.fortraze.sleep": {
			"loop": true,
			"animation_length": 5,
			"bones": {
				"body": {
					"position": {
						"0.0": [0, -3, 0],
						"2.5": [0, -2, 0],
						"5.0": [0, -3, 0]
					}
				},
				"head": {
					"rotation": {
						"0.0": [10.23772, -12.3071, -2.20462],
						"2.5": [15.23772, -12.3071, -2.20462],
						"5.0": [10.23772, -12.3071, -2.20462]
					}
				},
				"eyes": {
					"scale": [1, 0, 1]
				},
				"eyebrows": {
					"scale": [0.8, 0.8, 1]
				},
				"shields": {
					"rotation": {
						"0.0": [0, 0, 0],
						"5.0": [0, 360, 0]
					}
				},
				"shield1": {
					"position": [-3, 0, 0]
				},
				"sheild2": {
					"position": [3, 0, 0]
				},
				"rods": {
					"rotation": {
						"0.0": [0, 0, 0],
						"5.0": [0, 360, 0]
					}
				},
				"rod1": {
					"position": [0, 0, 2]
				},
				"rod2": {
					"position": [0, 0, -2]
				}
			}
		}
	}
}