{
	"format_version": "1.12.0",
	"minecraft:geometry": [
		{
			"description": {
				"identifier": "geometry.geowel",
				"texture_width": 128,
				"texture_height": 128,
				"visible_bounds_width": 5,
				"visible_bounds_height": 4.5,
				"visible_bounds_offset": [0, 1.75, 0]
			},
			"bones": [
				{
					"name": "geowel",
					"pivot": [0, 0, 0]
				},
				{
					"name": "head",
					"parent": "geowel",
					"pivot": [0, 14, 0],
					"cubes": [
						{"origin": [-12, 14, -9], "size": [24, 14, 18], "uv": [0, 0]},
						{"origin": [-4, 28, -5], "size": [9, 14, 9], "uv": [2, 57]},
						{"origin": [6, 28, -8], "size": [5, 11, 5], "uv": [55, 62]},
						{"origin": [-11, 28, 3], "size": [5, 11, 5], "uv": [55, 62]},
						{"origin": [5, 28, 3], "size": [4, 5, 4], "uv": [87, 59]},
						{"origin": [-9, 28, -6], "size": [4, 5, 4], "uv": [87, 59]}
					]
				},
				{
					"name": "arm",
					"parent": "head",
					"pivot": [12, 20, 0],
					"cubes": [
						{"origin": [9, 17, -3], "size": [13, 6, 6], "uv": [78, 40]},
						{"origin": [15, 23, -2], "size": [5, 3, 4], "uv": [95, 28]}
					]
				},
				{
					"name": "arm2",
					"parent": "head",
					"pivot": [-12, 20, 0],
					"cubes": [
						{"origin": [-22, 17, -3], "size": [13, 6, 6], "uv": [78, 40], "mirror": true},
						{"origin": [-21, 13, -2], "size": [4, 4, 4], "uv": [55, 38], "mirror": true}
					]
				},
				{
					"name": "bone",
					"parent": "geowel",
					"pivot": [0, 0, 0],
					"cubes": [
						{"origin": [-9, 9, -7], "size": [18, 5, 14], "uv": [0, 35]}
					]
				},
				{
					"name": "tail",
					"parent": "bone",
					"pivot": [0, 11.5, 7],
					"cubes": [
						{"origin": [-2, 9.5, 5], "size": [4, 4, 22], "uv": [0, 82]},
						{"origin": [-2, 41.5, 13], "size": [4, 4, 18], "uv": [38, 94]},
						{"origin": [-4, 39.5, 10], "size": [8, 8, 3], "uv": [67, 93]},
						{"origin": [-2, 9.5, 27], "size": [4, 32, 4], "uv": [94, 78]}
					]
				},
				{
					"name": "leg",
					"parent": "geowel",
					"pivot": [8, 10.5, 0],
					"cubes": [
						{"origin": [5, 0, -3], "size": [6, 11, 6], "uv": [89, 3], "mirror": true}
					]
				},
				{
					"name": "leg2",
					"parent": "geowel",
					"pivot": [-8, 10.5, 0],
					"cubes": [
						{"origin": [-11, 0, -3], "size": [6, 11, 6], "uv": [89, 3]}
					]
				}
			]
		}
	]
}