{
	"format_version": "1.12.0",
	"minecraft:geometry": [
		{
			"description": {
				"identifier": "geometry.thermoat",
				"texture_width": 128,
				"texture_height": 128,
				"visible_bounds_width": 3,
				"visible_bounds_height": 2.5,
				"visible_bounds_offset": [0, 0.75, 0]
			},
			"bones": [
				{
					"name": "thermoat",
					"pivot": [0, 0, 0]
				},
				{
					"name": "full_body",
					"parent": "thermoat",
					"pivot": [0, 0, 0]
				},
				{
					"name": "body",
					"parent": "full_body",
					"pivot": [0, 8, 0],
					"cubes": [
						{"origin": [-4, 4, -7], "size": [8, 8, 14], "uv": [0, 0]},
						{"origin": [4, 2, -7], "size": [0, 2, 14], "uv": [0, 22]},
						{"origin": [-4, 2, -7], "size": [0, 2, 14], "uv": [28, 22]},
						{"origin": [-4, 2, 7], "size": [8, 2, 0], "uv": [44, 17]},
						{"origin": [-4, 2, -7], "size": [8, 2, 0], "uv": [44, 19]},
						{"origin": [-3, 11.3, -3], "size": [6, 2, 6], "uv": [26, 38]},
						{"origin": [-2.5, 13, -2.5], "size": [5, 3, 5], "uv": [44, 9]}
					]
				},
				{
					"name": "tail",
					"parent": "body",
					"pivot": [0, 11.7, 6.7],
					"cubes": [
						{"origin": [-1, 11.2, 6.2], "size": [2, 2, 2], "uv": [46, 56]}
					]
				},
				{
					"name": "head",
					"parent": "full_body",
					"pivot": [0, 11, -7],
					"cubes": [
						{"origin": [-3, 9.1, -13], "size": [6, 5, 7], "uv": [0, 38]}
					]
				},
				{
					"name": "horns",
					"parent": "head",
					"pivot": [0, 13.5, -9.6]
				},
				{
					"name": "left_horn",
					"parent": "horns",
					"pivot": [-3.6, 13.5, -9.9],
					"rotation": [-22.5, 0, 0],
					"cubes": [
						{"origin": [-4.6, 13.25, -11], "size": [2, 5, 5], "uv": [26, 46]},
						{"origin": [-4.6, 11.25, -9], "size": [2, 2, 3], "uv": [56, 31]}
					]
				},
				{
					"name": "right_horn",
					"parent": "horns",
					"pivot": [3.6, 13.5, -9.9],
					"rotation": [-22.5, 0, 0],
					"cubes": [
						{"origin": [2.6, 13.25, -11], "size": [2, 5, 5], "uv": [40, 46]},
						{"origin": [2.6, 11.25, -9], "size": [2, 2, 3], "uv": [36, 56]}
					]
				},
				{
					"name": "eyes",
					"parent": "head",
					"pivot": [0, 12, -10.5]
				},
				{
					"name": "left_eye",
					"parent": "eyes",
					"pivot": [3, 12, -10.5],
					"rotation": [25, 0, 0],
					"cubes": [
						{"origin": [3.01, 11, -12], "size": [0, 2, 3], "uv": [54, 56]},
						{"origin": [3.02, 11, -11.8], "size": [0, 2, 2], "uv": [60, 56]},
						{"origin": [3.03, 11.8, -11.5], "size": [0, 1, 1], "uv": [24, 50]}
					]
				},
				{
					"name": "right_eye",
					"parent": "eyes",
					"pivot": [-3, 12, -10.5],
					"rotation": [25, 0, 0],
					"cubes": [
						{"origin": [-3.01, 11, -12], "size": [0, 2, 3], "uv": [46, 60]},
						{"origin": [-3.02, 11, -11.8], "size": [0, 2, 2], "uv": [60, 60]},
						{"origin": [-3.03, 11.8, -11.5], "size": [0, 1, 1], "uv": [50, 44]}
					]
				},
				{
					"name": "ears",
					"parent": "head",
					"pivot": [0, 13, -8.4]
				},
				{
					"name": "left_ear",
					"parent": "ears",
					"pivot": [3, 13.6, -8.2],
					"rotation": [-22.5, 0, 0],
					"cubes": [
						{"origin": [3, 12.6, -8.26], "size": [4, 2, 0], "uv": [56, 36]}
					]
				},
				{
					"name": "right_ear",
					"parent": "ears",
					"pivot": [-3, 13.6, -8.2],
					"rotation": [-22.5, 0, 0],
					"cubes": [
						{"origin": [-7, 12.6, -8.26], "size": [4, 2, 0], "uv": [60, 17]}
					]
				},
				{
					"name": "beard",
					"parent": "head",
					"pivot": [0, 9, -9]
				},
				{
					"name": "beard_puffs",
					"parent": "beard",
					"pivot": [0, 10.3, -8.5],
					"cubes": [
						{"origin": [2, 8.7, -10], "size": [3, 3, 3], "uv": [0, 50]},
						{"origin": [-5, 8.7, -10], "size": [3, 3, 3], "uv": [12, 50]}
					]
				},
				{
					"name": "beard_core",
					"parent": "beard",
					"pivot": [0, 7, -9],
					"cubes": [
						{"origin": [-3, 4.3, -11], "size": [6, 5, 4], "inflate": 0.01, "uv": [44, 0]}
					]
				},
				{
					"name": "mouth",
					"parent": "head",
					"pivot": [0, 10, -13]
				},
				{
					"name": "mouth_small",
					"parent": "mouth",
					"pivot": [0, 10, -13],
					"cubes": [
						{"origin": [-1, 9.6, -13.01], "size": [2, 1, 0], "uv": [44, 21]}
					]
				},
				{
					"name": "mouth_large",
					"parent": "mouth",
					"pivot": [0, 10, -12],
					"cubes": [
						{"origin": [-1.5, 9.1, -12.01], "size": [3, 2, 0], "uv": [60, 19]}
					]
				},
				{
					"name": "legs",
					"parent": "full_body",
					"pivot": [0, 4.2, 0]
				},
				{
					"name": "front_legs",
					"parent": "legs",
					"pivot": [0, 4.2, -3.6]
				},
				{
					"name": "front_left_leg",
					"parent": "front_legs",
					"pivot": [2.4, 4.2, -3.6],
					"rotation": [-10, 0, 0],
					"cubes": [
						{"origin": [0.8, 1.2, -4.6], "size": [3, 3, 3], "uv": [50, 38]}
					]
				},
				{
					"name": "front_left_leg_1",
					"parent": "front_left_leg",
					"pivot": [2.2, 1.9, -3.9],
					"rotation": [10, 0, 0],
					"cubes": [
						{"origin": [0.8, -0.1, -4.9], "size": [3, 2, 3], "inflate": 0.01, "uv": [12, 56]}
					]
				},
				{
					"name": "front_right_leg",
					"parent": "front_legs",
					"pivot": [-2.4, 4.2, -3.6],
					"rotation": [-10, 0, 0],
					"cubes": [
						{"origin": [-3.8, 1.2, -4.6], "size": [3, 3, 3], "uv": [54, 44]}
					]
				},
				{
					"name": "front_right_leg_1",
					"parent": "front_right_leg",
					"pivot": [-2.4, 1.9, -3.9],
					"rotation": [10, 0, 0],
					"cubes": [
						{"origin": [-3.8, -0.1, -4.9], "size": [3, 2, 3], "inflate": 0.01, "uv": [56, 21]}
					]
				},
				{
					"name": "back_legs",
					"parent": "legs",
					"pivot": [0, 4.2, 3.4]
				},
				{
					"name": "back_left_leg",
					"parent": "back_legs",
					"pivot": [2.2, 4.2, 3.4],
					"rotation": [-10, 0, 0],
					"cubes": [
						{"origin": [0.8, 1.2, 2.4], "size": [3, 3, 3], "uv": [54, 50]}
					]
				},
				{
					"name": "back_left_leg_1",
					"parent": "back_left_leg",
					"pivot": [2.2, 1.9, 3.1],
					"rotation": [10, 0, 0],
					"cubes": [
						{"origin": [0.8, -0.1, 2.1], "size": [3, 2, 3], "inflate": 0.01, "uv": [24, 56]}
					]
				},
				{
					"name": "back_right_leg",
					"parent": "back_legs",
					"pivot": [-2.4, 4.2, 3.4],
					"rotation": [-10, 0, 0],
					"cubes": [
						{"origin": [-3.8, 1.2, 2.4], "size": [3, 3, 3], "uv": [0, 56]}
					]
				},
				{
					"name": "back_right_leg_1",
					"parent": "back_right_leg",
					"pivot": [-2.4, 1.9, 3.1],
					"rotation": [10, 0, 0],
					"cubes": [
						{"origin": [-3.8, -0.1, 2.1], "size": [3, 2, 3], "inflate": 0.01, "uv": [56, 26]}
					]
				}
			]
		}
	]
}