{
	"format_version": "1.8.0",
	"animations": {
		"animation.relamush.ground_idle": {
			"loop": true,
			"animation_length": 2,
			"bones": {
				"bone4": {
					"rotation": {
						"0.24": [0, 0, 0],
						"0.48": [20.94102, -8.42106, 20.94102],
						"0.72": [0, 0, 0]
					}
				},
				"bone3": {
					"rotation": {
						"0.24": [0, 0, 0],
						"0.48": [20.94102, 8.42106, -20.94102],
						"0.72": [0, 0, 0]
					}
				},
				"neck": {
					"rotation": {
						"0.0": [0, 0, 0],
						"1.0": [5, 0, 0],
						"2.0": [0, 0, 0]
					}
				}
			}
		},
		"animation.relamush.ground_walk": {
			"loop": true,
			"animation_length": 0.96,
			"bones": {
				"bone4": {
					"rotation": {
						"0.0": [0, 0, 0],
						"0.48": [20.94102, -8.42106, 20.94102],
						"0.96": [0, 0, 0]
					}
				},
				"bone3": {
					"rotation": {
						"0.0": [0, 0, 0],
						"0.48": [20.94102, 8.42106, -20.94102],
						"0.96": [0, 0, 0]
					}
				},
				"neck": {
					"rotation": {
						"0.0": [7.5, 0, 0],
						"0.48": [0, 0, 0],
						"0.96": [7.5, 0, 0]
					}
				},
				"head": {
					"rotation": {
						"0.0": [-7.5, 0, 0],
						"0.48": [0, 0, 0],
						"0.96": [-7.5, 0, 0]
					}
				},
				"leg": {
					"rotation": {
						"0.0": [-22.5, 0, 0],
						"0.48": [22.5, 0, 0],
						"0.96": [-22.5, 0, 0]
					}
				},
				"leg3": {
					"rotation": {
						"0.0": [22.5, 0, 0],
						"0.48": [-22.5, 0, 0],
						"0.96": [22.5, 0, 0]
					}
				},
				"leg2": {
					"rotation": {
						"0.0": [22.5, 0, 0],
						"0.48": [-22.5, 0, 0],
						"0.96": [22.5, 0, 0]
					}
				},
				"leg4": {
					"rotation": {
						"0.0": [-22.5, 0, 0],
						"0.48": [22.5, 0, 0],
						"0.96": [-22.5, 0, 0]
					}
				}
			}
		}
	}
}