{
    "enabled": true,
    "neededInstalledMods": [],
    "neededUninstalledMods": [],
    "spawns": [
      {
        "id": "cyclopod-1",
        "pokemon": "cyclopod",
        "presets": [ "underwater" ],
        "type": "pokemon",
        "context": "submerged",
        "bucket": "uncommon",
        "level": "21-45",
        "weight": 5.0,
        "weightMultiplier": {
          "multiplier": 2.3,
          "condition": {
            "isRaining": true
          }
      },
        "condition": {
          "biomes": [ "#cobblemon:is_warm_ocean" ]        
        }
    },
  {
      "id": "cyclopod-2",
      "pokemon": "cyclopod",
      "type": "pokemon",
      "context": "fishing",
      "bucket": "rare",
      "level": "6-31",
      "weight": 2.4,
      "weightMultiplier": {
          "multiplier": 2.3,
          "condition": {
            "isRaining": true
          }
      },
      "condition": {
          "canSeeSky": true,
          "biomes": [
              "#cobblemon:is_warm_ocean"
          ]
      },
      "anticondition": {
          "minLureLevel": 1
      }
  },
  {
      "id": "cyclopod-3",
      "pokemon": "cyclopod",
      "type": "pokemon",
      "context": "fishing",
      "bucket": "uncommon",
      "level": "6-31",
      "weight": 4.0,
      "weightMultiplier": {
          "multiplier": 0.6,
          "condition": {
              "minLureLevel": "1",
              "maxLureLevel": "2"
          }
      },
      "condition": {
          "canSeeSky": true,
          "biomes": [
              "#cobblemon:is_warm_ocean"
          ],
          "minLureLevel": 1
      }
  },
  {
      "id": "cyclopod-4",
      "pokemon": "cyclopod",
      "type": "pokemon",
      "context": "fishing",
      "bucket": "rare",
      "level": "6-31",
      "weight": 4.4,
      "weightMultiplier": {
        "multiplier": 2.3,
        "condition": {
          "isRaining": true
        }
    },
      "condition": {
          "canSeeSky": false,
          "minSkyLight": 8,
          "maxSkyLight": 15,
          "biomes": [
              "#cobblemon:is_warm_ocean"
          ]
      },
      "anticondition": {
          "minLureLevel": 1
      }
  },
  {
      "id": "cyclopod-5",
      "pokemon": "cyclopod",
      "type": "pokemon",
      "context": "fishing",
      "bucket": "uncommon",
      "level": "6-31",
      "weight": 4.0,
      "weightMultiplier": {
          "multiplier": 0.6,
          "condition": {
              "minLureLevel": "1",
              "maxLureLevel": "2"
          }
      },
      "condition": {
          "canSeeSky": false,
          "minSkyLight": 8,
          "maxSkyLight": 15,
          "biomes": [
              "#cobblemon:is_warm_ocean"
          ],
          "minLureLevel": 1
      }
  }
]
}