{
    "enabled": true,
    "neededInstalledMods": [],
    "neededUninstalledMods": [],
    "spawns": [
        {
            "id": "ectomancer-1",
            "pokemon": "ectomancer",
            "presets": [
                "natural",
                "wild"
            ],
            "type": "pokemon",
            "context": "grounded",
            "bucket": "common",
            "level": "42-51",
            "weight": 0.06,
            "weightMultiplier": {
                "multiplier": 2.0,
                "condition": {
                    "timeRange": "night"

                }
            },
            "condition": {
                "minSkyLight": 8,
                "maxSkyLight": 15,
                "biomes": [
                    "#cobblemon:is_spooky",
                    "#cobblemon:is_magical"
                ]
            }
        }
    ]
}
