{
    "enabled": true,
    "neededInstalledMods": [],
    "neededUninstalledMods": [],
    "spawns": [
        {
            "id": "krillcracker-1",
            "pokemon": "krillcracker",
            "presets": [
                "natural"
            ],
            "type": "pokemon",
            "context": "grounded",
            "bucket": "uncommon",
            "level": "6-35",
            "weight": 4.0,
            "weightMultiplier": {
                "multiplier": 1.3,
                "condition": {
                    "timeRange": "night"
                }
            },
            "condition": {
                "canSeeSky": true,
                "biomes": [
                    "#cobblemon:is_coast"
                ]
            },
            "anticondition": {
                "biomes": [
                    "#cobblemon:is_freezing"
                ]
            }
        },
        {
            "id": "krillcracker-2",
            "pokemon": "krillcracker",
            "presets": [
                "water"
            ],
            "type": "pokemon",
            "context": "seafloor",
            "bucket": "common",
            "level": "6-35",
            "weight": 3.9,
            "weightMultiplier": {
                "multiplier": 1.3,
                "condition": {
                    "timeRange": "night"
                }
            },
            "condition": {
                "canSeeSky": true,
                "biomes": [
                    "#cobblemon:is_coast",
                    "#cobblemon:is_warm_ocean"
                ]
            },
            "anticondition": {
                "biomes": [
                    "#cobblemon:is_freezing"
                ]
            }
        },
        {
            "id": "krillcracker-3",
            "pokemon": "krillcracker",
            "type": "pokemon",
            "context": "fishing",
            "bucket": "uncommon",
            "level": "6-31",
            "weight": 3.4,
            "weightMultiplier": {
                "multiplier": 1.3,
                "condition": {
                    "timeRange": "night"
                }
            },
            "condition": {
                "canSeeSky": true,
                "biomes": [
                    "#cobblemon:is_warm_ocean"
                ]
            },
            "anticondition": {
                "minLureLevel": 1
            }
        },
        {
            "id": "krillcracker-4",
            "pokemon": "krillcracker",
            "type": "pokemon",
            "context": "fishing",
            "bucket": "common",
            "level": "6-31",
            "weight": 8.0,
            "weightMultiplier": {
                "multiplier": 0.6,
                "condition": {
                    "minLureLevel": "1",
                    "maxLureLevel": "2"
                }
            },
            "condition": {
                "canSeeSky": true,
                "biomes": [
                    "#cobblemon:is_warm_ocean"
                ],
                "minLureLevel": 1
            }
        },
        {
            "id": "krillcracker-5",
            "pokemon": "krillcracker",
            "type": "pokemon",
            "context": "fishing",
            "bucket": "uncommon",
            "level": "6-31",
            "weight": 6.4,
            "condition": {
                "canSeeSky": false,
                "minSkyLight": 8,
                "maxSkyLight": 15,
                "biomes": [
                    "#cobblemon:is_warm_ocean"
                ]
            },
            "anticondition": {
                "minLureLevel": 1
            }
        },
        {
            "id": "krillcracker-6",
            "pokemon": "krillcracker",
            "type": "pokemon",
            "context": "fishing",
            "bucket": "common",
            "level": "6-31",
            "weight": 8.0,
            "weightMultiplier": {
                "multiplier": 0.6,
                "condition": {
                    "minLureLevel": "1",
                    "maxLureLevel": "2"
                }
            },
            "condition": {
                "canSeeSky": false,
                "minSkyLight": 8,
                "maxSkyLight": 15,
                "biomes": [
                    "#cobblemon:is_warm_ocean"
                ],
                "minLureLevel": 1
            }
        }
    ]
}