{
    "enabled": true,
    "neededInstalledMods": [],
    "neededUninstalledMods": [],
    "spawns": [
        {
            "id": "shiboom-1",
            "pokemon": "shiboom",
            "presets": [
                "natural"
            ],
            "type": "pokemon",
            "context": "grounded",
            "bucket": "uncommon",
            "level": "36-62",
            "weight": 0.6,
            "weightMultiplier": {
                "multiplier": 1.3,
                "condition": {
                    "timeRange": "night"
                }
            },
            "condition": {
                "canSeeSky": true,
                "biomes": [
                    "#cobblemon:is_coast"
                ]
            },
            "anticondition": {
                "biomes": [
                    "#cobblemon:is_freezing"
                ]
            }
        },
        {
            "id": "shiboom-2",
            "pokemon": "shiboom",
            "presets": [
                "water"
            ],
            "type": "pokemon",
            "context": "seafloor",
            "bucket": "common",
            "level": "38-50",
            "weight": 0.12,
            "weightMultiplier": {
                "multiplier": 1.3,
                "condition": {
                    "timeRange": "night"
                }
            },
            "condition": {
                "canSeeSky": true,
                "biomes": [
                    "#cobblemon:is_coast",
                    "#cobblemon:is_warm_ocean"
                ]
            },
            "anticondition": {
                "biomes": [
                    "#cobblemon:is_freezing"
                ]
            }
        },
        {
            "id": "shiboom-3",
            "pokemon": "shiboom",
            "type": "pokemon",
            "context": "fishing",
            "bucket": "uncommon",
            "level": "38-50",
            "weight": 0.8,
            "weightMultiplier": {
                "multiplier": 1.3,
                "condition": {
                    "timeRange": "night"
                }
            },
            "condition": {
                "canSeeSky": true,
                "biomes": [
                    "#cobblemon:is_warm_ocean"
                ]
            },
            "anticondition": {
                "minLureLevel": 1
            }
        },
        {
            "id": "shiboom-4",
            "pokemon": "shiboom",
            "type": "pokemon",
            "context": "fishing",
            "bucket": "common",
            "level": "38-50",
            "weight": 0.8,
            "weightMultiplier": {
                "multiplier": 0.6,
                "condition": {
                    "minLureLevel": "1",
                    "maxLureLevel": "2"
                }
            },
            "condition": {
                "canSeeSky": true,
                "biomes": [
                    "#cobblemon:is_warm_ocean"
                ],
                "minLureLevel": 1
            }
        },
        {
            "id": "shiboom-5",
            "pokemon": "shiboom",
            "type": "pokemon",
            "context": "fishing",
            "bucket": "uncommon",
            "level": "38-50",
            "weight": 0.9,
            "weightMultiplier": {
                "multiplier": 1.3,
                "condition": {
                    "timeRange": "night"
                }
            },
            "condition": {
                "canSeeSky": false,
                "minSkyLight": 8,
                "maxSkyLight": 15,
                "biomes": [
                    "#cobblemon:is_warm_ocean"
                ]
            },
            "anticondition": {
                "minLureLevel": 1
            }
        },
        {
            "id": "shiboom-6",
            "pokemon": "shiboom",
            "type": "pokemon",
            "context": "fishing",
            "bucket": "common",
            "level": "38-50",
            "weight": 0.8,
            "weightMultiplier": {
                "multiplier": 0.6,
                "condition": {
                    "minLureLevel": "1",
                    "maxLureLevel": "2"
                }
            },
            "condition": {
                "canSeeSky": false,
                "minSkyLight": 8,
                "maxSkyLight": 15,
                "biomes": [
                    "#cobblemon:is_warm_ocean"
                ],
                "minLureLevel": 1
            }
        }
    ]
}