{
    "enabled": true,
    "neededInstalledMods": [],
    "neededUninstalledMods": [],
    "spawns": [
      {
        "id": "shuckle-galarian-1",
        "pokemon": "shuckle galarian",
        "type": "pokemon",
        "context": "grounded",
        "bucket": "uncommon",
        "level": "16-51",
        "weight": 5.0,
        "condition": {
          "canSeeSky": true,
          "biomes": [ "#cobblemon:is_tundra" ]
        }
    },
    {
      "id": "shuckle-galarian-2",
      "pokemon": "shuckle galarian",
      "type": "pokemon",
      "context": "grounded",
      "bucket": "uncommon",
      "level": "16-51",
      "weight": 10.0,
      "condition": {
        "canSeeSky": true,
        "biomes": [ "#cobblemon:is_glacial" ]
      },
      "anticondition": {
        "biomes": [
            "#cobblemon:is_peak"
        ]
      }
    }
  ]
}