{
    "enabled": true,
    "neededInstalledMods": [],
    "neededUninstalledMods": [],
    "spawns": [
      {
        "id": "slacho-1",
        "pokemon": "slacho",
        "presets": [
          "natural"
      ],
        "type": "pokemon",
        "context": "grounded",
        "bucket": "ultra-rare",
        "level": "36-53",
        "weight": 0.4,
        "condition": {
          "canSeeSky": true,
          "biomes": [
            "#cobblemon:is_snowy_forest",
            "#cobblemon:is_snowy_taiga"
          ]
        }
      }
    ]
  }