{
    "enabled": true,
    "neededInstalledMods": [],
    "neededUninstalledMods": [],
    "spawns": [
        {
            "id": "xenoster-1",
            "pokemon": "xenoster",
            "type": "pokemon",
            "context": "grounded",
            "bucket": "common",
            "level": "38-51",
            "weight": 5.0,
            "condition": {
                "canSeeSky": true,
                "biomes": [
                    "#cobblemon:is_coast"
                ],
                "timeRange":"night",
                
                "isRaining": false,         
                "moonPhase":"0"
            }
        },
        {
            "id": "xenoster-2",
            "pokemon": "xenoster",
            "type": "pokemon",
            "context": "submerged",
            "bucket": "common",
            "level": "38-51",
            "weight": 5.0,
            "condition": {
                "canSeeSky": true,
                "biomes": [
                    "#cobblemon:is_coast"
                ],
                "timeRange":"night",
                
                "isRaining": false,         
                "moonPhase":"0"
            }
        },
        {
            "id": "xenoster-3",
            "pokemon": "xenoster",
            "type": "pokemon",
            "context": "grounded",
            "bucket": "uncommon",
            "level": "38-51",
            "weight": 0.1,
            "condition": {
                "biomes": [
                    "#minecraft:is_end"
                ]
            }
        },
        {
            "id": "moistery-4",
            "pokemon": "moistery",
            "type": "pokemon",
            "context": "fishing",
            "bucket": "common",
            "level": "38-51",
            "weight": 5.0,
            "condition": {
                "canSeeSky": true,
                "biomes": [
                    "#cobblemon:is_coast"
                ],
                "timeRange":"night",
                
                "isRaining": false,         
                "moonPhase":"0"
            }
        }
    ]
}
