{
    "enabled": true,
    "neededInstalledMods": [],
    "neededUninstalledMods": [],
    "spawns": [
        {
            "id": "sonorosianultim-1",
            "pokemon": "sonorosianultim",
            "presets": [
                "natural",
                "wild"
            ],
            "type": "pokemon",
            "context": "grounded",
            "bucket": "uncommon",
            "level": "40-73",
            "weight": 9.0,
            "condition": {
                "biomes": [
                    "#cobblemon:is_badlands"
                ]
            }
        }
    ]
}
