{
	"format_version": "1.12.0",
	"minecraft:geometry": [
		{
			"description": {
				"identifier": "geometry.nyarlium",
				"texture_width": 128,
				"texture_height": 128,
				"visible_bounds_width": 5,
				"visible_bounds_height": 6.5,
				"visible_bounds_offset": [0, 2.75, 0]
			},
			"bones": [
				{
					"name": "nyarlium",
					"pivot": [1, 0, 0]
				},
				{
					"name": "body",
					"parent": "nyarlium",
					"pivot": [1, 28, 0.5]
				},
				{
					"name": "torso",
					"parent": "body",
					"pivot": [0.0625, 28.00696, 0.39211],
					"cubes": [
						{"origin": [-5, 28, -4], "size": [10, 12, 9], "uv": [0, 35]},
						{"origin": [-4, 31, -4], "size": [8, 13, 8], "pivot": [0, 33, 0.5], "rotation": [20, 0, 0], "uv": [38, 35]},
						{"origin": [3.75, 44.57195, 1.78109], "size": [3, 10, 6], "pivot": [5.75, 49.57195, 5.78109], "rotation": [10, 0, 0], "uv": [82, 91]},
						{"origin": [3, 31, -3], "size": [4, 16, 8], "pivot": [7, 33, 0.5], "rotation": [-17.5, 0, 0], "uv": [58, 0]}
					]
				},
				{
					"name": "arm1",
					"parent": "torso",
					"pivot": [0, 37.5, 3.5],
					"cubes": [
						{"origin": [-2.5, 37, 3], "size": [5, 5, 9], "pivot": [0, 39.5, 7.5], "rotation": [25, 0, 0], "uv": [18, 88]}
					]
				},
				{
					"name": "middlearm",
					"parent": "arm1",
					"pivot": [0, 40.6488, 10.96939],
					"cubes": [
						{"origin": [-2, 39.6488, 10.46939], "size": [4, 4, 13], "uv": [34, 56]}
					]
				},
				{
					"name": "lowerarm1",
					"parent": "middlearm",
					"pivot": [0, 41.93559, 22.37896],
					"cubes": [
						{"origin": [-1.5, 35.8988, 18.96939], "size": [3, 3, 13], "pivot": [-0.5, 36.8988, 25.46939], "rotation": [-55, 0, 0], "uv": [68, 56]}
					]
				},
				{
					"name": "lowestarm1",
					"parent": "lowerarm1",
					"pivot": [0, 32.01827, 29.46083],
					"cubes": [
						{"origin": [-1, 26.1488, 21.21939], "size": [2, 2, 13], "pivot": [-1, 26.1488, 27.71939], "rotation": [-97.5, 0, 0], "uv": [70, 38]}
					]
				},
				{
					"name": "arm2",
					"parent": "torso",
					"pivot": [-3.99429, 33.13073, 0.5],
					"cubes": [
						{"origin": [-6.99429, 18.13073, -2], "size": [5, 16, 5], "pivot": [-4.49429, 26.13073, 0.5], "rotation": [0, 0, 5], "uv": [46, 73]}
					]
				},
				{
					"name": "lowerarm2",
					"parent": "arm2",
					"pivot": [-5.24619, 19.08716, 0.5],
					"cubes": [
						{"origin": [-8.99619, 3.08716, -1.5], "size": [4, 16, 4], "pivot": [-6.99619, 11.08716, 0.5], "rotation": [0, 0, 12.5], "uv": [66, 91]}
					]
				},
				{
					"name": "lowestarm2",
					"parent": "lowerarm2",
					"pivot": [-8.32176, 4.03709, 0.5],
					"cubes": [
						{"origin": [-13.32176, -2.71291, -1], "size": [3, 10, 3], "pivot": [-11.82176, 2.28709, 0.5], "rotation": [0, 0, 67.5], "uv": [100, 51]}
					]
				},
				{
					"name": "neck",
					"parent": "torso",
					"pivot": [0, 42.14476, -3.75513],
					"cubes": [
						{"origin": [-3.5, 40.55761, -6.50894], "size": [7, 13, 6], "pivot": [0.5, 47.05761, -2.50894], "rotation": [-5, 0, 0], "uv": [68, 72]}
					]
				},
				{
					"name": "head",
					"parent": "neck",
					"pivot": [0, 52.15238, -3.97614],
					"cubes": [
						{"origin": [-2.5, 51.64476, -6.50513], "size": [5, 7, 5], "pivot": [1, 52.14476, -3.50513], "rotation": [25, 0, 0], "uv": [82, 12]}
					]
				},
				{
					"name": "hat",
					"parent": "head",
					"pivot": [0, 55.50537, -5.47971],
					"cubes": [
						{"origin": [-7, 56.64476, -14.50513], "size": [14, 4, 15], "pivot": [1.5, 58.14476, -3.50513], "rotation": [25, 0, 0], "uv": [0, 0]},
						{"origin": [-5, 60.64476, -12.50513], "size": [10, 4, 12], "pivot": [1.5, 58.14476, -3.50513], "rotation": [25, 0, 0], "uv": [0, 19]}
					]
				},
				{
					"name": "hatsub",
					"parent": "hat",
					"pivot": [0, 62.09683, -7.48738],
					"cubes": [
						{"origin": [-4, 62.64476, -9.50513], "size": [8, 6, 8], "pivot": [1.5, 58.14476, -3.50513], "rotation": [25, 0, 0], "uv": [70, 24]}
					]
				},
				{
					"name": "hat2",
					"parent": "hatsub",
					"pivot": [0, 65.15647, -6.44162],
					"cubes": [
						{"origin": [-3, 64.64476, -4.50513], "size": [6, 6, 11], "pivot": [1.5, 58.14476, -3.50513], "rotation": [25, 0, 0], "uv": [0, 56]}
					]
				},
				{
					"name": "hattip",
					"parent": "hat2",
					"pivot": [0, 69.84033, -1.59085],
					"cubes": [
						{"origin": [-2, 66.64476, 1.49487], "size": [4, 5, 10], "pivot": [1.5, 58.14476, -3.50513], "rotation": [25, 0, 0], "uv": [18, 73]}
					]
				},
				{
					"name": "mask",
					"parent": "torso",
					"pivot": [9, 39.75, 3],
					"cubes": [
						{"origin": [3.1, 38.75, 2.8], "size": [2, 1, 1], "pivot": [7.85, 35.75, 3.8], "rotation": [0, 24, 0], "uv": [44, 33]},
						{"origin": [9.1, 33.75, 2.8], "size": [1, 2, 1], "pivot": [7.85, 36.75, 3.8], "rotation": [0, 24, 0], "uv": [96, 53]},
						{"origin": [8.9, 35.75, 2.8], "size": [4, 2, 1], "pivot": [11.15, 38.75, 3.8], "rotation": [0, -24, 0], "uv": [70, 53]},
						{"origin": [8.9, 33.75, 2.8], "size": [1, 2, 1], "pivot": [11.15, 36.75, 3.8], "rotation": [0, -24, 0], "uv": [102, 31]},
						{"origin": [8.9, 37.75, 2.8], "size": [5, 6, 1], "pivot": [11.15, 38.75, 3.8], "rotation": [0, -24, 0], "uv": [102, 24]},
						{"origin": [9.9, 41.75, 3.3], "size": [6, 8, 0], "pivot": [11.15, 42.75, 3.3], "rotation": [0, -24, 0], "uv": [100, 64]},
						{"origin": [13.9, 40.75, 2.8], "size": [2, 2, 1], "pivot": [11.15, 38.75, 3.8], "rotation": [0, -24, 0], "uv": [90, 53]},
						{"origin": [13.9, 38.75, 2.8], "size": [2, 1, 1], "pivot": [11.15, 35.75, 3.8], "rotation": [0, -24, 0], "uv": [50, 33]},
						{"origin": [3.1, 41.75, 3.3], "size": [6, 8, 0], "pivot": [7.85, 42.75, 3.3], "rotation": [0, 24, 0], "uv": [16, 102]},
						{"origin": [3.1, 40.75, 2.8], "size": [2, 2, 1], "pivot": [7.85, 38.75, 3.8], "rotation": [0, 24, 0], "uv": [94, 87]},
						{"origin": [5.1, 37.75, 2.8], "size": [5, 6, 1], "pivot": [7.85, 38.75, 3.8], "rotation": [0, 24, 0], "uv": [28, 102]},
						{"origin": [6.1, 35.75, 2.8], "size": [4, 2, 1], "pivot": [7.85, 38.75, 3.8], "rotation": [0, 24, 0], "uv": [80, 53]}
					]
				},
				{
					"name": "lowertorso",
					"parent": "body",
					"pivot": [0, 28, 0.5],
					"cubes": [
						{"origin": [-4, 24, -3], "size": [8, 5, 7], "uv": [82, 0]},
						{"origin": [-2, 3, -2], "size": [4, 21, 5], "uv": [0, 73]},
						{"origin": [-3, 11, -3], "size": [4, 11, 4], "uv": [94, 72]},
						{"origin": [-1, 4, 0], "size": [4, 11, 4], "uv": [0, 99]}
					]
				},
				{
					"name": "leg1",
					"parent": "lowertorso",
					"pivot": [1, 9.92893, 3.29289],
					"cubes": [
						{"origin": [-0.5, 1.78249, 4.64645], "size": [3, 11, 3], "pivot": [1.5, 7.28249, 6.64645], "rotation": [45, 0, 0], "uv": [44, 19]}
					]
				},
				{
					"name": "lowerleg2",
					"parent": "leg1",
					"pivot": [1, 3.07538, 9.93934],
					"cubes": [
						{"origin": [0, -3.42462, 13.93934], "size": [2, 11, 2], "pivot": [1, 2.07538, 14.93934], "rotation": [77.5, 0, 0], "uv": [100, 97]}
					]
				},
				{
					"name": "leg2",
					"parent": "lowertorso",
					"pivot": [0.81901, 7.82034, 0.7],
					"cubes": [
						{"origin": [3, 1, -1.3], "size": [5, 10, 4], "pivot": [6, 3.5, 0.7], "rotation": [0, 0, -47.5], "uv": [46, 94]}
					]
				},
				{
					"name": "lowerleg3",
					"parent": "leg2",
					"pivot": [7.01831, 1.36662, 0.7],
					"cubes": [
						{"origin": [10.51831, -3.63338, -0.8], "size": [3, 10, 3], "pivot": [12.01831, 1.36662, 0.7], "rotation": [0, 0, -85], "uv": [100, 38]}
					]
				},
				{
					"name": "lowestleg2",
					"parent": "lowerleg3",
					"pivot": [16.72473, 0.61852, 0.45],
					"cubes": [
						{"origin": [20.72473, -4.38148, -0.55], "size": [2, 10, 2], "pivot": [21.72473, 0.61852, 0.45], "rotation": [0, 0, -90], "uv": [102, 12]}
					]
				},
				{
					"name": "leg3",
					"parent": "lowertorso",
					"pivot": [-1.22949, 7.76619, 0.5],
					"cubes": [
						{"origin": [-1, 1, -1], "size": [3, 7, 3], "pivot": [0, 13.5, 0.5], "rotation": [0, 0, 17.5], "uv": [56, 24]}
					]
				},
				{
					"name": "lowerleg4",
					"parent": "leg3",
					"pivot": [-3.72949, 2.01619, -0.5],
					"cubes": [
						{"origin": [-6.72949, -1.73381, -4], "size": [3, 7, 3], "pivot": [-5.22949, 1.76619, -2.5], "rotation": [-75.27235, 31.63886, 7.85085], "uv": [100, 87]}
					]
				}
			]
		}
	]
}