{
	"format_version": "1.8.0",
	"animations": {
		"animation.lagaworks.ground_idle": {
			"loop": true,
			"animation_length": 3,
			"bones": {
				"head": {
					"rotation": {
						"0.0": [0, 0, 0],
						"1.52": [-15, 0, 0],
						"3.0": [0, 0, 0]
					},
					"position": {
						"0.0": [0, 0, 0],
						"1.52": [0, -3, 0],
						"3.0": [0, 0, 0]
					}
				},
				"bone": {
					"scale": {
						"0.0": [1, 1, 1],
						"1.52": [1, 0.9, 1],
						"3.0": [1, 1, 1]
					}
				},
				"tail": {
					"rotation": {
						"0.0": [0, 0, 0],
						"1.56": [12.5, 0, 0],
						"3.0": [0, 0, 0]
					}
				},
				"arm": {
					"rotation": {
						"0.0": [0, 0, 0],
						"1.52": [-10, 0, 0],
						"3.0": [0, 0, 0]
					},
					"position": {
						"0.0": [0, 0, 0],
						"1.52": [0, -3, 0],
						"3.0": [0, 0, 0]
					}
				},
				"arm2": {
					"rotation": {
						"0.0": [0, 0, 0],
						"1.52": [-10, 0, 0],
						"3.0": [0, 0, 0]
					},
					"position": {
						"0.0": [0, 0, 0],
						"1.52": [0, -3, 0],
						"3.0": [0, 0, 0]
					}
				}
			}
		},
		"animation.lagaworks.ground_walk": {
			"loop": true,
			"animation_length": 0.92,
			"bones": {
				"head": {
					"rotation": {
						"0.0": [0, 0, 0],
						"0.48": [-12.5, 0, 0],
						"0.92": [0, 0, 0]
					}
				},
				"tail": {
					"rotation": {
						"0.0": [0, 0, 0],
						"0.48": [-25, 0, 0],
						"0.92": [0, 0, 0]
					}
				},
				"arm": {
					"rotation": {
						"0.0": [-22.5, 0, 0],
						"0.48": [22.5, 0, 0],
						"0.92": [-22.5, 0, 0]
					}
				},
				"arm2": {
					"rotation": {
						"0.0": [22.5, 0, 0],
						"0.48": [-22.5, 0, 0],
						"0.92": [22.5, 0, 0]
					}
				}
			}
		}
	}
}