{
    "species": "cobblemon:haghoula",
    "order": 0,
    "variations": [
      {
        "poser": "cobblemon:haghoula",
        "model": "cobblemon:haghoula.geo",
        "texture": "cobblemon:textures/pokemon/haghoula/haghoula.png",
        "layers": [
          {
            "name": "apparition",
            "texture": "cobblemon:textures/pokemon/haghoula/haghoula_transparent.png",
            "translucent": true
          }  
        ]
      },
      {
        "aspects": [ "shiny"],
        "texture": "cobblemon:textures/pokemon/haghoula/haghoula_shiny.png",
        "layers":[
          {
          "name": "apparition",
          "texture": "cobblemon:textures/pokemon/haghoula/haghoula_shiny_transparent.png",
          "translucent": true
        }  
      ]
    }
  ]
}