{
  "species": "cobblemon:ostrike",
  "order": 0,
  "variations": [
    {
      "aspects": [],
      "poser": "cobblemon:ostrike",
      "model": "cobblemon:ostrike.geo",
      "texture": "cobblemon:textures/pokemon/ostrike/ostrike.png",
      "layers": [
          {
              "name": "animation",
              "texture": {
                "frames": [
                  "cobblemon:textures/pokemon/ostrike/animation/wheel1.png",
                  "cobblemon:textures/pokemon/ostrike/animation/wheel2.png"
                ],
                "fps": 10,
                "loop": true
              }
            }
      ]
    },
    {
      "aspects": [ "shiny" ],
      "texture": "cobblemon:textures/pokemon/ostrike/ostrike_shiny.png",
      "layers":[
      {
          "name": "animation",
          "texture": {
            "frames": [
              "cobblemon:textures/pokemon/ostrike/animation/wheel_shiny1.png",
              "cobblemon:textures/pokemon/ostrike/animation/wheel_shiny2.png"
            ],
            "fps": 10,
            "loop": true
          }
      }
  ]
    }
  ]
}