{
    "species": "cobblemon:shiboom",
    "order": 0,
    "variations": [
      {
        "aspects": [],
        "poser": "cobblemon:shiboom",
        "model": "cobblemon:shiboom.geo",
        "texture": "cobblemon:textures/pokemon/shiboom/shiboom.png",
        "layers": [
            {
                "name": "animation",
                "texture": {
                  "frames": [
                    "cobblemon:textures/pokemon/shiboom/animation/tail1.png",
                    "cobblemon:textures/pokemon/shiboom/animation/tail2.png",
                    "cobblemon:textures/pokemon/shiboom/animation/tail3.png",
                    "cobblemon:textures/pokemon/shiboom/animation/tail4.png",
                    "cobblemon:textures/pokemon/shiboom/animation/tail3.png",
                    "cobblemon:textures/pokemon/shiboom/animation/tail2.png"
                  ],
                  "fps": 5,
                  "loop": true
                },
                "emissive":true
              }
        ]
      },
      {
        "aspects": [ "shiny" ],
        "texture": "cobblemon:textures/pokemon/shiboom/shiboom_shiny.png",
        "layers":[
        {
            "name": "animation",
            "texture": {
              "frames": [
                "cobblemon:textures/pokemon/shiboom/animation/tail_shiny1.png",
                "cobblemon:textures/pokemon/shiboom/animation/tail_shiny2.png",
                "cobblemon:textures/pokemon/shiboom/animation/tail_shiny3.png",
                "cobblemon:textures/pokemon/shiboom/animation/tail_shiny4.png",
                "cobblemon:textures/pokemon/shiboom/animation/tail_shiny3.png",
                "cobblemon:textures/pokemon/shiboom/animation/tail_shiny2.png"

              ],
              "fps": 5,
              "loop": true
            },
            "emissive":true
        }
    ]
      }
    ]
  }