{
	"format_version": "1.8.0",
	"animations": {
		"animation.keenai.ground_idle": {
			"loop": true,
			"bones": {
				"neck": {
					"rotation": ["12.5+math.sin(q.anim_time*90*2-100)*-3", 0, 0]
				},
				"neck2": {
					"rotation": ["12.5+math.sin(q.anim_time*90*2-120)*-3", 0, 0]
				},
				"head": {
					"rotation": ["-20+math.sin(q.anim_time*90*2-140)*5", "math.sin(q.anim_time*90*1+30)*2", 0],
					"position": [0, 1, 0.25]
				},
				"tailfeather_middle": {
					"rotation": ["5+math.sin(q.anim_time*90*2-120)*-4", "math.sin(q.anim_time*90*1-60)*-4", 0]
				},
				"tailfeather_right": {
					"rotation": ["5+math.sin(q.anim_time*90*2-100)*-4", "math.sin(q.anim_time*90*1-40)*-4", 0]
				},
				"tailfeather_left": {
					"rotation": ["5+math.sin(q.anim_time*90*2-140)*-4", "math.sin(q.anim_time*90*1-80)*-4", 0]
				},
				"body": {
					"position": [0, "-0.13-math.sin(q.anim_time*90*2+40)*-0.15", 0]
				},
				"torso": {
					"rotation": ["math.sin(q.anim_time*90*2-60)*-2", "math.sin(q.anim_time*90*1)*-2", 0],
					"position": [0, "math.sin(q.anim_time*90*2-30)*0.1", "math.sin(q.anim_time*90*2-40)*0.1"]
				},
				"leg_left": {
					"rotation": ["math.sin(q.anim_time*90*2+40)*-5+5", -7.5, 0],
					"position": [0, "math.sin(q.anim_time*90*2+40)*0.1-0.1", "math.sin(q.anim_time*90*2+40)*-0.03"]
				},
				"leg_left2": {
					"rotation": ["math.sin(q.anim_time*90*2+40)*7-7", 0, 0]
				},
				"foot_left": {
					"rotation": ["math.sin(q.anim_time*90*2+40)*-2+2", 0, 0],
					"position": ["-(math.sin(q.anim_time*90*2+40)*-0.02)", 0, 0]
				},
				"leg_right": {
					"rotation": ["math.sin(q.anim_time*90*2+40)*-5+5", 7.5, 0],
					"position": [0, "math.sin(q.anim_time*90*2+40)*0.1-0.1", "math.sin(q.anim_time*90*2+40)*-0.03"]
				},
				"leg_right2": {
					"rotation": ["math.sin(q.anim_time*90*2+40)*7-7", 0, 0]
				},
				"foot_right": {
					"rotation": ["math.sin(q.anim_time*90*2+40)*-2+2", 0, 0],
					"position": ["math.sin(q.anim_time*90*2+40)*-0.02", 0, 0]
				},
				"headfeather_upper": {
					"rotation": ["5+math.sin(q.anim_time*90*2-100)*-4", "math.sin(q.anim_time*90*1-10)*-4", 0]
				},
				"headfeathers_lower": {
					"rotation": ["5+math.sin(q.anim_time*90*2-120)*-4", "math.sin(q.anim_time*90*1+10)*-4", 0]
				},
				"spike_torso_left_front": {
					"rotation": [0, 0, "math.sin(q.anim_time*90*2-100)*-4"]
				},
				"spike_torso_left_back": {
					"rotation": [0, 0, "math.sin(q.anim_time*90*2-120)*-4"]
				},
				"spike_torso_front_left": {
					"rotation": ["math.sin(q.anim_time*90*2-80)*-4", 0, 0]
				},
				"spike_torso_front_right": {
					"rotation": ["math.sin(q.anim_time*90*2-80)*-4", 0, 0]
				},
				"spike_torso_right_front": {
					"rotation": [0, 0, "-math.sin(q.anim_time*90*2-100)*-4"]
				},
				"spike_torso_right_back": {
					"rotation": [0, 0, "-math.sin(q.anim_time*90*2-120)*-4"]
				},
				"spike_torso_back_right": {
					"rotation": ["-math.sin(q.anim_time*90*2-140)*-4", 0, 0]
				},
				"spike_torso_back_left": {
					"rotation": ["-math.sin(q.anim_time*90*2-140)*-4", 0, 0]
				}
			}
		},
		"animation.keenai.battle_idle": {
			"loop": true,
			"bones": {
				"neck": {
					"rotation": ["14.2144+math.sin(q.anim_time*90*2-100)*-3", 19.43005, 0.36566],
					"position": [0, -0.1, 0.45]
				},
				"neck2": {
					"rotation": ["12.5374+math.sin(q.anim_time*90*2-120)*-3", 17.11761, 13.02608],
					"position": [-0.25, 0, 0.25]
				},
				"head": {
					"rotation": ["-16.1535+math.sin(q.anim_time*90*2-140)*5", "12.0894+math.sin(q.anim_time*90*1+30)*2", 30.46233],
					"position": [0, 1, 0]
				},
				"tailfeather_middle": {
					"rotation": ["5+math.sin(q.anim_time*90*2-120)*-4", "math.sin(q.anim_time*90*4-60)*-6", 0]
				},
				"tailfeather_right": {
					"rotation": ["5+math.sin(q.anim_time*90*2-100)*-4", "math.sin(q.anim_time*90*4-40)*-6", 0]
				},
				"tailfeather_left": {
					"rotation": ["5+math.sin(q.anim_time*90*2-140)*-4", "math.sin(q.anim_time*90*4-80)*-6", 0]
				},
				"body": {
					"rotation": [0, -120, 0],
					"position": [0, "-0.13-math.sin(q.anim_time*90*2+40)*-0.15", 0]
				},
				"torso": {
					"rotation": ["math.sin(q.anim_time*90*2-60)*-2", "math.sin(q.anim_time*90*1)*-2", 0],
					"position": [0, "math.sin(q.anim_time*90*2-30)*0.1", "math.sin(q.anim_time*90*2-40)*0.1"]
				},
				"leg_left": {
					"rotation": ["math.sin(q.anim_time*90*2+40)*-5+5.3297", -27.4812, -0.06695],
					"position": [0.5, "0+math.sin(q.anim_time*90*2+40)*0.1-0.1", "0.5+math.sin(q.anim_time*90*2+40)*-0.03"]
				},
				"leg_left2": {
					"rotation": ["math.sin(q.anim_time*90*2+40)*7-7", 0, 0]
				},
				"foot_left": {
					"rotation": ["math.sin(q.anim_time*90*2+40)*-2+2", 0, 0],
					"position": ["-(math.sin(q.anim_time*90*2+40)*-0.02)", 0, 0]
				},
				"leg_right": {
					"rotation": ["math.sin(q.anim_time*90*2+40)*-5+5", 7.5, 0],
					"position": [-0.15, "math.sin(q.anim_time*90*2+40)*0.1-0.1", "math.sin(q.anim_time*90*2+40)*-0.03"]
				},
				"leg_right2": {
					"rotation": ["math.sin(q.anim_time*90*2+40)*7-7", 0, 0]
				},
				"foot_right": {
					"rotation": ["math.sin(q.anim_time*90*2+40)*-2+2", 0, 0],
					"position": ["math.sin(q.anim_time*90*2+40)*-0.02", 0, 0]
				},
				"headfeather_upper": {
					"rotation": ["5+math.sin(q.anim_time*90*2-100)*-4", "math.sin(q.anim_time*90*1-10)*-4", 0]
				},
				"headfeathers_lower": {
					"rotation": ["5+math.sin(q.anim_time*90*2-120)*-4", "math.sin(q.anim_time*90*1+10)*-4", 0]
				},
				"spike_torso_left_front": {
					"rotation": [0, 0, "math.sin(q.anim_time*90*2-100)*-4"]
				},
				"spike_torso_left_back": {
					"rotation": [0, 0, "math.sin(q.anim_time*90*2-120)*-4"]
				},
				"spike_torso_front_left": {
					"rotation": ["math.sin(q.anim_time*90*2-80)*-4", 0, 0]
				},
				"spike_torso_front_right": {
					"rotation": ["math.sin(q.anim_time*90*2-80)*-4", 0, 0]
				},
				"spike_torso_right_front": {
					"rotation": [0, 0, "-math.sin(q.anim_time*90*2-100)*-4"]
				},
				"spike_torso_right_back": {
					"rotation": [0, 0, "-math.sin(q.anim_time*90*2-120)*-4"]
				},
				"spike_torso_back_right": {
					"rotation": ["-math.sin(q.anim_time*90*2-140)*-4", 0, 0]
				},
				"spike_torso_back_left": {
					"rotation": ["-math.sin(q.anim_time*90*2-140)*-4", 0, 0]
				},
				"jaw": {
					"rotation": ["40+math.sin(q.anim_time*90*2-160)*5", 0, 0]
				},
				"legs": {
					"rotation": [0, 25, 0]
				}
			}
		},
		"animation.keenai.ground_walk": {
			"loop": true,
			"animation_length": 2.6667,
			"bones": {
				"torso": {
					"rotation": ["math.cos(q.anim_time*90*6)*-3", "math.cos(q.anim_time*90*3)*2", "math.sin(q.anim_time*90*3)*8"],
					"position": [0, "-0.05+math.sin(q.anim_time*90*6)*-0.4", 0]
				},
				"neck": {
					"rotation": ["2.9544+math.cos(q.anim_time*90*6-60)*10", 0, "math.sin(q.anim_time*90*3-120)*-3"]
				},
				"neck2": {
					"rotation": [5, 0, 0]
				},
				"head": {
					"rotation": [
						"-6+math.cos(q.anim_time*90*6-60)*-10",
						"math.cos(q.anim_time*90*3-30)*-4",
						"math.sin(q.anim_time*90*3-120)*8+math.sin(q.anim_time*90*3)*-3"
					]
				},
				"headfeather_upper": {
					"rotation": ["5+math.sin(q.anim_time*90*6-100)*-4", "math.sin(q.anim_time*90*3-10)*-8", 0]
				},
				"headfeathers_lower": {
					"rotation": ["5+math.sin(q.anim_time*90*6-120)*-4", "math.sin(q.anim_time*90*3+10)*-8", 0]
				},
				"spike_torso_left_front": {
					"rotation": [0, 0, "math.sin(q.anim_time*90*6-100)*-8"]
				},
				"spike_torso_left_back": {
					"rotation": [0, 0, "math.sin(q.anim_time*90*6-120)*-8"]
				},
				"spike_torso_right_back": {
					"rotation": [0, 0, "-math.sin(q.anim_time*90*6-120)*-8"]
				},
				"spike_torso_right_front": {
					"rotation": [0, 0, "-math.sin(q.anim_time*90*6-100)*-8"]
				},
				"spike_torso_back_left": {
					"rotation": ["-math.sin(q.anim_time*90*6-140)*-8", 0, 0]
				},
				"spike_torso_back_right": {
					"rotation": ["-math.sin(q.anim_time*90*6-140)*-8", 0, 0]
				},
				"spike_torso_front_right": {
					"rotation": ["math.sin(q.anim_time*90*6-80)*-8", 0, 0]
				},
				"spike_torso_front_left": {
					"rotation": ["math.sin(q.anim_time*90*6-80)*-8", 0, 0]
				},
				"tailfeather_middle": {
					"rotation": ["5+math.sin(q.anim_time*90*6-120)*-8", "math.sin(q.anim_time*90*3-60)*-8", 0]
				},
				"tailfeather_right": {
					"rotation": ["5+math.sin(q.anim_time*90*6-100)*-8", "math.sin(q.anim_time*90*3-40)*-8", 0]
				},
				"tailfeather_left": {
					"rotation": ["5+math.sin(q.anim_time*90*6-140)*-8", "math.sin(q.anim_time*90*3-80)*-8", 0]
				},
				"leg_left": {
					"rotation": {
						"0.0": {
							"post": [1.7861, -7.5, 0],
							"lerp_mode": "catmullrom"
						},
						"0.6667": {
							"post": [3.79, -7.5, -5],
							"lerp_mode": "catmullrom"
						},
						"0.875": {
							"post": [-7.68, 0, 0],
							"lerp_mode": "catmullrom"
						},
						"1.3333": {
							"post": [1.7861, -7.5, 0],
							"lerp_mode": "catmullrom"
						},
						"2.0": {
							"post": [3.79, -7.5, -5],
							"lerp_mode": "catmullrom"
						},
						"2.2083": {
							"post": [-7.68, 0, 0],
							"lerp_mode": "catmullrom"
						},
						"2.6667": {
							"post": [1.7861, -7.5, 0],
							"lerp_mode": "catmullrom"
						}
					},
					"position": {
						"0.0": [0, -0.28572, -1.2193],
						"0.2917": [0, 0.22, -0.05],
						"0.5": [0, 0.17, 0.63],
						"0.6667": [0, -0.14, 1.7307],
						"1.0": [0, 0.87, -0.07],
						"1.3333": [0, -0.28572, -1.2193],
						"1.625": [0, 0.22, -0.05],
						"1.8333": [0, 0.17, 0.63],
						"2.0": [0, -0.14, 1.7307],
						"2.3333": [0, 0.87, -0.07],
						"2.6667": [0, -0.28572, -1.2193]
					}
				},
				"leg_left2": {
					"rotation": {
						"0.0": {
							"post": [-17.50049, 0, 0],
							"lerp_mode": "catmullrom"
						},
						"0.6667": {
							"post": [1.5, 0, 0],
							"lerp_mode": "catmullrom"
						},
						"0.8333": {
							"post": [-22.28, 0, 0],
							"lerp_mode": "catmullrom"
						},
						"1.0": {
							"post": [-22.78, 0, 0],
							"lerp_mode": "catmullrom"
						},
						"1.3333": {
							"post": [-17.50049, 0, 0],
							"lerp_mode": "catmullrom"
						},
						"2.0": {
							"post": [1.5, 0, 0],
							"lerp_mode": "catmullrom"
						},
						"2.1667": {
							"post": [-22.28, 0, 0],
							"lerp_mode": "catmullrom"
						},
						"2.3333": {
							"post": [-22.78, 0, 0],
							"lerp_mode": "catmullrom"
						},
						"2.6667": {
							"post": [-17.50049, 0, 0],
							"lerp_mode": "catmullrom"
						}
					}
				},
				"foot_left": {
					"rotation": {
						"0.0": {
							"post": [15.71442, 0, 0],
							"lerp_mode": "catmullrom"
						},
						"0.6667": {
							"post": [-5, 3, 5],
							"lerp_mode": "catmullrom"
						},
						"0.8333": {
							"post": [13.72, 0, 0],
							"lerp_mode": "catmullrom"
						},
						"1.0": {
							"post": [14.59, 0, 0],
							"lerp_mode": "catmullrom"
						},
						"1.25": {
							"post": [2.2, 0, 0],
							"lerp_mode": "catmullrom"
						},
						"1.3333": {
							"post": [15.71442, 0, 0],
							"lerp_mode": "catmullrom"
						},
						"2.0": {
							"post": [-5, 3, 5],
							"lerp_mode": "catmullrom"
						},
						"2.1667": {
							"post": [13.72, 0, 0],
							"lerp_mode": "catmullrom"
						},
						"2.3333": {
							"post": [14.59, 0, 0],
							"lerp_mode": "catmullrom"
						},
						"2.5833": {
							"post": [2.2, 0, 0],
							"lerp_mode": "catmullrom"
						},
						"2.6667": {
							"post": [15.71442, 0, 0],
							"lerp_mode": "catmullrom"
						}
					}
				},
				"leg_right": {
					"rotation": {
						"0.0": {
							"post": [3.79, 7.5, 5],
							"lerp_mode": "catmullrom"
						},
						"0.2083": {
							"post": [-7.68, 0, 0],
							"lerp_mode": "catmullrom"
						},
						"0.6667": {
							"post": [1.7861, 7.5, 0],
							"lerp_mode": "catmullrom"
						},
						"1.3333": {
							"post": [3.79, 7.5, 5],
							"lerp_mode": "catmullrom"
						},
						"1.5417": {
							"post": [-7.68, 0, 0],
							"lerp_mode": "catmullrom"
						},
						"2.0": {
							"post": [1.7861, 7.5, 0],
							"lerp_mode": "catmullrom"
						},
						"2.6667": {
							"post": [3.79, 7.5, 5],
							"lerp_mode": "catmullrom"
						}
					},
					"position": {
						"0.0": [0, -0.14, 1.7307],
						"0.3333": [0, 0.87, -0.07],
						"0.6667": [0, -0.28572, -1.2193],
						"0.9583": [0, 0.22, -0.05],
						"1.1667": [0, 0.17, 0.63],
						"1.3333": [0, -0.14, 1.7307],
						"1.6667": [0, 0.87, -0.07],
						"2.0": [0, -0.28572, -1.2193],
						"2.2917": [0, 0.22, -0.05],
						"2.5": [0, 0.17, 0.63],
						"2.6667": [0, -0.14, 1.7307]
					}
				},
				"leg_right2": {
					"rotation": {
						"0.0": {
							"post": [1.5, 0, 0],
							"lerp_mode": "catmullrom"
						},
						"0.1667": {
							"post": [-22.28, 0, 0],
							"lerp_mode": "catmullrom"
						},
						"0.3333": {
							"post": [-22.78, 0, 0],
							"lerp_mode": "catmullrom"
						},
						"0.6667": {
							"post": [-17.50049, 0, 0],
							"lerp_mode": "catmullrom"
						},
						"1.3333": {
							"post": [1.5, 0, 0],
							"lerp_mode": "catmullrom"
						},
						"1.5": {
							"post": [-22.28, 0, 0],
							"lerp_mode": "catmullrom"
						},
						"1.6667": {
							"post": [-22.78, 0, 0],
							"lerp_mode": "catmullrom"
						},
						"2.0": {
							"post": [-17.50049, 0, 0],
							"lerp_mode": "catmullrom"
						},
						"2.6667": {
							"post": [1.5, 0, 0],
							"lerp_mode": "catmullrom"
						}
					}
				},
				"foot_right": {
					"rotation": {
						"0.0": {
							"post": [-5, -3, -5],
							"lerp_mode": "catmullrom"
						},
						"0.1667": {
							"post": [13.72, 0, 0],
							"lerp_mode": "catmullrom"
						},
						"0.3333": {
							"post": [14.59, 0, 0],
							"lerp_mode": "catmullrom"
						},
						"0.5833": {
							"post": [2.2, 0, 0],
							"lerp_mode": "catmullrom"
						},
						"0.6667": {
							"post": [15.71442, 0, 0],
							"lerp_mode": "catmullrom"
						},
						"1.3333": {
							"post": [-5, -3, -5],
							"lerp_mode": "catmullrom"
						},
						"1.5": {
							"post": [13.72, 0, 0],
							"lerp_mode": "catmullrom"
						},
						"1.6667": {
							"post": [14.59, 0, 0],
							"lerp_mode": "catmullrom"
						},
						"1.9167": {
							"post": [2.2, 0, 0],
							"lerp_mode": "catmullrom"
						},
						"2.0": {
							"post": [15.71442, 0, 0],
							"lerp_mode": "catmullrom"
						},
						"2.6667": {
							"post": [-5, -3, -5],
							"lerp_mode": "catmullrom"
						}
					}
				}
			}
		},
		"animation.keenai.blink": {
			"animation_length": 0.1667,
			"bones": {
				"eyelid_left": {
					"position": {
						"0.0": [0, 0, 0],
						"0.0417": {
							"pre": [0, 0, 0],
							"post": [1, 0, 0]
						},
						"0.1667": {
							"pre": [1, 0, 0],
							"post": [0, 0, 0]
						}
					}
				},
				"eye_left": {
					"position": {
						"0.0": [0, 0, 0],
						"0.0417": {
							"pre": [0, 0, 0],
							"post": [-0.03, 0, 0]
						},
						"0.1667": {
							"pre": [-0.03, 0, 0],
							"post": [0, 0, 0]
						}
					}
				},
				"eyelid_right": {
					"position": {
						"0.0": [0, 0, 0],
						"0.0417": {
							"pre": [0, 0, 0],
							"post": [-1, 0, 0]
						},
						"0.1667": {
							"pre": [-1, 0, 0],
							"post": [0, 0, 0]
						}
					}
				},
				"eye_right": {
					"position": {
						"0.0": [0, 0, 0],
						"0.0417": {
							"pre": [0, 0, 0],
							"post": [0.03, 0, 0]
						},
						"0.1667": {
							"pre": [0.03, 0, 0],
							"post": [0, 0, 0]
						}
					}
				}
			}
		},
		"animation.keenai.quirk": {
			"animation_length": 1.3333,
			"bones": {
				"torso": {
					"rotation": {
						"0.0": {
							"post": [0, 0, 0],
							"lerp_mode": "catmullrom"
						},
						"0.25": {
							"post": [0, -17.5, 0],
							"lerp_mode": "catmullrom"
						},
						"0.8333": {
							"post": [0, -22.5, 0],
							"lerp_mode": "catmullrom"
						},
						"1.3333": {
							"post": [0, 0, 0],
							"lerp_mode": "catmullrom"
						}
					}
				},
				"neck": {
					"rotation": {
						"0.0": {
							"post": [0, 0, 0],
							"lerp_mode": "catmullrom"
						},
						"0.25": {
							"post": [0, -7.5, 0],
							"lerp_mode": "catmullrom"
						},
						"0.8333": {
							"post": [0, -7.5, 0],
							"lerp_mode": "catmullrom"
						},
						"1.3333": {
							"post": [0, 0, 0],
							"lerp_mode": "catmullrom"
						}
					}
				},
				"neck2": {
					"rotation": {
						"0.0": {
							"post": [0, 0, 0],
							"lerp_mode": "catmullrom"
						},
						"0.25": {
							"post": [0, 0, -12.5],
							"lerp_mode": "catmullrom"
						},
						"0.8333": {
							"post": [0, 0, -12.5],
							"lerp_mode": "catmullrom"
						},
						"1.3333": {
							"post": [0, 0, 0],
							"lerp_mode": "catmullrom"
						}
					}
				},
				"head": {
					"rotation": {
						"0.0": {
							"post": [0, 0, 0],
							"lerp_mode": "catmullrom"
						},
						"0.25": {
							"post": [0, 0, -42.5],
							"lerp_mode": "catmullrom"
						},
						"0.8333": {
							"post": [0, 0, -47.5],
							"lerp_mode": "catmullrom"
						},
						"1.3333": {
							"post": [0, 0, 0],
							"lerp_mode": "catmullrom"
						}
					}
				},
				"pupil_right": {
					"position": {
						"0.0": {
							"post": [0, 0, 0],
							"lerp_mode": "catmullrom"
						},
						"0.25": {
							"post": [0, 0, 0],
							"lerp_mode": "catmullrom"
						},
						"0.8333": {
							"post": [0, 0, 0],
							"lerp_mode": "catmullrom"
						},
						"1.3333": {
							"post": [0, 0, 0],
							"lerp_mode": "catmullrom"
						}
					}
				},
				"pupil_left": {
					"position": {
						"0.0": {
							"post": [0, 0, 0],
							"lerp_mode": "catmullrom"
						},
						"0.25": {
							"post": [0, 0, 1],
							"lerp_mode": "catmullrom"
						},
						"0.8333": {
							"post": [0, 0, 1],
							"lerp_mode": "catmullrom"
						},
						"1.3333": {
							"post": [0, 0, 0],
							"lerp_mode": "catmullrom"
						}
					}
				}
			}
		},
		"animation.keenai.quirk2": {
			"animation_length": 1.3333,
			"bones": {
				"torso": {
					"rotation": {
						"0.0": {
							"post": [0, 0, 0],
							"lerp_mode": "catmullrom"
						},
						"0.25": {
							"post": [0, 17.5, 0],
							"lerp_mode": "catmullrom"
						},
						"0.8333": {
							"post": [0, 22.5, 0],
							"lerp_mode": "catmullrom"
						},
						"1.3333": {
							"post": [0, 0, 0],
							"lerp_mode": "catmullrom"
						}
					}
				},
				"neck": {
					"rotation": {
						"0.0": {
							"post": [0, 0, 0],
							"lerp_mode": "catmullrom"
						},
						"0.25": {
							"post": [0, 7.5, 0],
							"lerp_mode": "catmullrom"
						},
						"0.8333": {
							"post": [0, 7.5, 0],
							"lerp_mode": "catmullrom"
						},
						"1.3333": {
							"post": [0, 0, 0],
							"lerp_mode": "catmullrom"
						}
					}
				},
				"neck2": {
					"rotation": {
						"0.0": {
							"post": [0, 0, 0],
							"lerp_mode": "catmullrom"
						},
						"0.25": {
							"post": [0, 0, 12.5],
							"lerp_mode": "catmullrom"
						},
						"0.8333": {
							"post": [0, 0, 12.5],
							"lerp_mode": "catmullrom"
						},
						"1.3333": {
							"post": [0, 0, 0],
							"lerp_mode": "catmullrom"
						}
					}
				},
				"head": {
					"rotation": {
						"0.0": {
							"post": [0, 0, 0],
							"lerp_mode": "catmullrom"
						},
						"0.25": {
							"post": [0, 0, 42.5],
							"lerp_mode": "catmullrom"
						},
						"0.8333": {
							"post": [0, 0, 47.5],
							"lerp_mode": "catmullrom"
						},
						"1.3333": {
							"post": [0, 0, 0],
							"lerp_mode": "catmullrom"
						}
					}
				},
				"pupil_right": {
					"position": {
						"0.0": {
							"post": [0, 0, 0],
							"lerp_mode": "catmullrom"
						},
						"0.25": {
							"post": [0, 0, 1],
							"lerp_mode": "catmullrom"
						},
						"0.8333": {
							"post": [0, 0, 1],
							"lerp_mode": "catmullrom"
						},
						"1.3333": {
							"post": [0, 0, 0],
							"lerp_mode": "catmullrom"
						}
					}
				},
				"pupil_left": {
					"position": {
						"0.0": {
							"post": [0, 0, 0],
							"lerp_mode": "catmullrom"
						},
						"0.25": {
							"post": [0, 0, 0],
							"lerp_mode": "catmullrom"
						},
						"0.8333": {
							"post": [0, 0, 0],
							"lerp_mode": "catmullrom"
						},
						"1.3333": {
							"post": [0, 0, 0],
							"lerp_mode": "catmullrom"
						}
					}
				}
			}
		},
		"animation.keenai.quirk3": {
			"loop": "hold_on_last_frame",
			"animation_length": 2.2083,
			"bones": {
				"torso": {
					"rotation": {
						"0.4583": {
							"pre": [0, 0, 0],
							"post": [0, 0, 0],
							"lerp_mode": "catmullrom"
						},
						"1.4583": {
							"post": [20, 12.5, 0],
							"lerp_mode": "catmullrom"
						},
						"1.7083": {
							"post": [0, 0, 0],
							"lerp_mode": "catmullrom"
						},
						"1.9583": {
							"post": [0, 0, 0],
							"lerp_mode": "catmullrom"
						}
					},
					"position": {
						"0.0": {
							"post": [0, 0, 0],
							"lerp_mode": "catmullrom"
						},
						"0.4167": {
							"post": [0, -1, -0.75],
							"lerp_mode": "catmullrom"
						},
						"2.2083": {
							"post": [0, 0, 0],
							"lerp_mode": "catmullrom"
						}
					}
				},
				"neck": {
					"rotation": {
						"0.0": [0, 0, 0],
						"0.4167": {
							"pre": [-7.5, 0, 0],
							"post": [-7.5, 0, 0],
							"lerp_mode": "catmullrom"
						},
						"0.5417": {
							"post": [0, 0, 0],
							"lerp_mode": "catmullrom"
						},
						"1.4583": {
							"post": [15, 7.5, 0],
							"lerp_mode": "catmullrom"
						},
						"1.7083": {
							"post": [0, 0, 0],
							"lerp_mode": "catmullrom"
						},
						"1.9583": {
							"post": [0, 0, 0],
							"lerp_mode": "catmullrom"
						}
					}
				},
				"neck2": {
					"rotation": {
						"0.0": [0, 0, 0],
						"0.4167": {
							"pre": [-5, 0, 0],
							"post": [-5, 0, 0],
							"lerp_mode": "catmullrom"
						},
						"0.5417": {
							"post": [0, 0, 0],
							"lerp_mode": "catmullrom"
						},
						"1.4583": {
							"post": [7.5, 5, 0],
							"lerp_mode": "catmullrom"
						},
						"1.7083": {
							"post": [0, 0, 0],
							"lerp_mode": "catmullrom"
						},
						"1.9583": {
							"post": [0, 0, 0],
							"lerp_mode": "catmullrom"
						}
					}
				},
				"head": {
					"rotation": {
						"0.0": [0, 0, 0],
						"0.4167": {
							"pre": [5, 0, 0],
							"post": [5, 0, 0],
							"lerp_mode": "catmullrom"
						},
						"0.5417": {
							"post": [0, 0, 0],
							"lerp_mode": "catmullrom"
						},
						"1.4583": {
							"post": [25, 0, 42.5],
							"lerp_mode": "catmullrom"
						},
						"1.7083": {
							"post": [0, 0, 0],
							"lerp_mode": "catmullrom"
						},
						"1.9583": {
							"post": [0, 0, 0],
							"lerp_mode": "catmullrom"
						}
					}
				},
				"jaw": {
					"rotation": {
						"0.4583": {
							"pre": [0, 0, 0],
							"post": [0, 0, 0],
							"lerp_mode": "catmullrom"
						},
						"1.7083": {
							"post": [0, 0, 0],
							"lerp_mode": "catmullrom"
						},
						"1.9583": {
							"post": [0, 0, 0],
							"lerp_mode": "catmullrom"
						}
					}
				},
				"body": {
					"scale": {
						"0.4583": [1, 1, 1],
						"0.5": [0, 0, 0],
						"1.4167": [0, 0, 0],
						"1.4583": [1, 1, 1],
						"1.7083": [1, 1, 1]
					}
				},
				"eye_right": {
					"position": {
						"0.2083": [0, 0, 0],
						"0.25": {"pre": [0, 0, 0], "post": [0.03, 0, 0]},
						"1.6667": {"pre": [0.03, 0, 0], "post": [0, 0, 0]}
					}
				},
				"eyelid_left": {
					"position": {
						"0.2083": [0, 0, 0],
						"0.25": {"pre": [0, 0, 0], "post": [1, 0, 0]},
						"1.6667": {"pre": [1, 0, 0], "post": [0, 0, 0]}
					}
				},
				"eyelid_right": {
					"position": {
						"0.2083": [0, 0, 0],
						"0.25": {"pre": [0, 0, 0], "post": [-1, 0, 0]},
						"1.6667": {"pre": [-1, 0, 0], "post": [0, 0, 0]}
					}
				},
				"eye_left": {
					"position": {
						"0.2083": [0, 0, 0],
						"0.25": {"pre": [0, 0, 0], "post": [-0.03, 0, 0]},
						"1.6667": {"pre": [-0.03, 0, 0], "post": [0, 0, 0]}
					}
				}
			},
			"particle_effects": {
				"0.4583": {
					"effect": "smokebomb"
				},
				"1.4167": {
					"effect": "smokebomb"
				}
			}
		},
		"animation.keenai.sleep": {
			"loop": true,
			"bones": {
				"neck": {
					"rotation": ["-4.9035+math.sin(q.anim_time*90*1-100)*-1", 4.28507, 2.57887],
					"position": [0, 0, 0.1]
				},
				"neck2": {
					"rotation": ["-11.7569+math.sin(q.anim_time*90*1-120)*-1", 9.01204, 9.40827],
					"position": [0, 0, 0.2]
				},
				"head": {
					"rotation": ["32.919+math.sin(q.anim_time*90*1-140)*2", "-14.6267+math.sin(q.anim_time*90*0.5+30)*1", 17.26855],
					"position": [0, -1.75, 1.1]
				},
				"tailfeather_middle": {
					"rotation": ["5+math.sin(q.anim_time*90*1-120)*-4", "math.sin(q.anim_time*90*0.5-60)*-4", 0]
				},
				"tailfeather_right": {
					"rotation": ["5+math.sin(q.anim_time*90*1-100)*-4", "math.sin(q.anim_time*90*0.5-40)*-4", 0]
				},
				"tailfeather_left": {
					"rotation": ["5+math.sin(q.anim_time*90*1-140)*-4", "math.sin(q.anim_time*90*0.5-80)*-4", 0]
				},
				"body": {
					"rotation": [0, -10, 0],
					"position": [0, -3.88, 0]
				},
				"torso": {
					"rotation": ["math.sin(q.anim_time*90*1-60)*-1", "math.sin(q.anim_time*90*0.5)*-1", 0],
					"position": [0, "math.sin(q.anim_time*90*1-30)*0.1", "math.sin(q.anim_time*90*1-40)*0.1"]
				},
				"leg_left": {
					"position": [0, 3.25, 0.5]
				},
				"leg_left2": {
					"rotation": [-45, 0, 0],
					"position": [0, 0, -0.25]
				},
				"foot_left": {
					"rotation": [57.5, 0, 0],
					"position": [0, 1.25, -0.25]
				},
				"leg_right": {
					"position": [0, 3.25, 0.5]
				},
				"leg_right2": {
					"rotation": [-45, 0, 0],
					"position": [0, 0, -0.25]
				},
				"foot_right": {
					"rotation": [57.5, 0, 0],
					"position": [0, 1.25, -0.25]
				},
				"headfeather_upper": {
					"rotation": ["5+math.sin(q.anim_time*90*1-100)*-4", "math.sin(q.anim_time*90*0.5-10)*-4", 0]
				},
				"headfeathers_lower": {
					"rotation": ["5+math.sin(q.anim_time*90*1-120)*-4", "math.sin(q.anim_time*90*0.5+10)*-4", 0]
				},
				"spike_torso_left_front": {
					"rotation": [0, 0, "-25-math.sin(q.anim_time*90*1-100)*-4"],
					"position": [0, 0.1, 0]
				},
				"spike_torso_left_back": {
					"rotation": [0, 0, "-25-math.sin(q.anim_time*90*1-120)*-4"],
					"position": [0, 0.1, 0]
				},
				"spike_torso_front_left": {
					"rotation": ["-25-math.sin(q.anim_time*90*1-80)*-4", 0, 0],
					"position": [0, 0.1, 0]
				},
				"spike_torso_front_right": {
					"rotation": ["-25-math.sin(q.anim_time*90*1-80)*-4", 0, 0],
					"position": [0, 0.1, 0]
				},
				"spike_torso_right_front": {
					"rotation": [0, 0, "25+math.sin(q.anim_time*90*1-100)*-4"],
					"position": [0, 0.1, 0]
				},
				"spike_torso_right_back": {
					"rotation": [0, 0, "25+math.sin(q.anim_time*90*1-120)*-4"],
					"position": [0, 0.1, 0]
				},
				"spike_torso_back_right": {
					"rotation": ["25+math.sin(q.anim_time*90*1-140)*-4", 0, 0],
					"position": [0, 0.1, 0]
				},
				"spike_torso_back_left": {
					"rotation": ["25+math.sin(q.anim_time*90*1-140)*-4", 0, 0],
					"position": [0, 0.1, 0]
				},
				"legs": {
					"scale": 0
				},
				"claw_back_left2": {
					"rotation": [-42.5, 0, 0]
				},
				"claw_inner_left": {
					"rotation": [0, 0, -45]
				},
				"claw_inner_left2": {
					"rotation": [47.5, 0, 0]
				},
				"claw_outer_left": {
					"rotation": [0, 0, 45]
				},
				"claw_outer_left2": {
					"rotation": [47.5, 0, 0]
				},
				"claw_back_right2": {
					"rotation": [-42.5, 0, 0]
				},
				"claw_inner_right2": {
					"rotation": [47.5, 0, 0]
				},
				"claw_outer_right2": {
					"rotation": [47.5, 0, 0]
				},
				"eyelid_left": {
					"position": [1, 0, 0]
				},
				"eye_left": {
					"position": [-0.03, 0, 0]
				},
				"eyelid_right": {
					"position": [-1, 0, 0]
				},
				"eye_right": {
					"position": [0.03, 0, 0]
				}
			}
		},
		"animation.keenai.recoil": {
			"animation_length": 1.5,
			"bones": {
				"torso": {
					"rotation": {
						"0.0": [0, 0, 0],
						"0.0417": [-13, 0, 0],
						"0.5833": {
							"pre": [8.66, 0, 0],
							"post": [8.66, 0, 0],
							"lerp_mode": "catmullrom"
						},
						"1.0833": {
							"post": [-2, 0, 0],
							"lerp_mode": "catmullrom"
						},
						"1.5": [0, 0, 0]
					}
				},
				"neck": {
					"rotation": {
						"0.0": [0, 0, 0],
						"0.0417": {
							"pre": [11, 0, 0],
							"post": [11, 0, 0],
							"lerp_mode": "catmullrom"
						},
						"0.1667": {
							"post": [-9.58, 0, 0],
							"lerp_mode": "catmullrom"
						},
						"0.375": {
							"post": [-7, 0, 0],
							"lerp_mode": "catmullrom"
						},
						"0.7083": {
							"post": [-3.3, 0, 0],
							"lerp_mode": "catmullrom"
						},
						"1.0417": {
							"post": [0.7, 0, 0],
							"lerp_mode": "catmullrom"
						},
						"1.4583": [0, 0, 0]
					}
				},
				"neck2": {
					"rotation": {
						"0.0": [0, 0, 0],
						"0.0833": {
							"pre": [11, 0, 0],
							"post": [11, 0, 0],
							"lerp_mode": "catmullrom"
						},
						"0.2083": {
							"post": [-9.58, 0, 0],
							"lerp_mode": "catmullrom"
						},
						"0.4167": {
							"post": [-7, 0, 0],
							"lerp_mode": "catmullrom"
						},
						"0.75": {
							"post": [-3.3, 0, 0],
							"lerp_mode": "catmullrom"
						},
						"1.0833": {
							"post": [0.7, 0, 0],
							"lerp_mode": "catmullrom"
						},
						"1.5": [0, 0, 0]
					}
				},
				"head": {
					"rotation": {
						"0.0": {
							"post": [0, 0, 0],
							"lerp_mode": "catmullrom"
						},
						"0.2083": {
							"post": [17.5, 0, 0],
							"lerp_mode": "catmullrom"
						},
						"1.4583": {
							"post": [0, 0, 0],
							"lerp_mode": "catmullrom"
						}
					}
				},
				"eyelid_left": {
					"position": {
						"0.0": [0, 0, 0],
						"0.0417": {
							"pre": [0, 0, 0],
							"post": [1, 0, 0]
						},
						"0.1667": {
							"pre": [1, 0, 0],
							"post": [0, 0, 0]
						}
					}
				},
				"eye_left": {
					"position": {
						"0.0": [0, 0, 0],
						"0.0417": {
							"pre": [0, 0, 0],
							"post": [-0.03, 0, 0]
						},
						"0.1667": {
							"pre": [-0.03, 0, 0],
							"post": [0, 0, 0]
						}
					}
				},
				"eyelid_right": {
					"position": {
						"0.0": [0, 0, 0],
						"0.0417": {
							"pre": [0, 0, 0],
							"post": [-1, 0, 0]
						},
						"0.1667": {
							"pre": [-1, 0, 0],
							"post": [0, 0, 0]
						}
					}
				},
				"eye_right": {
					"position": {
						"0.0": [0, 0, 0],
						"0.0417": {
							"pre": [0, 0, 0],
							"post": [0.03, 0, 0]
						},
						"0.1667": {
							"pre": [0.03, 0, 0],
							"post": [0, 0, 0]
						}
					}
				}
			}
		},
		"animation.keenai.faint": {
			"loop": "hold_on_last_frame",
			"animation_length": 3,
			"bones": {
				"torso": {
					"rotation": {
						"0.0": ["math.sin(q.anim_time*90*2-60)*-2", "math.sin(q.anim_time*90*1)*-2", 0],
						"0.0417": [-13, 0, 0],
						"0.5833": {
							"pre": [8.66, 0, 0],
							"post": [8.66, 0, 0],
							"lerp_mode": "catmullrom"
						},
						"2.5": [0, 0, 0],
						"2.7917": ["math.sin(q.anim_time*90*1-60)*-1", "math.sin(q.anim_time*90*0.5)*-1", 0],
						"2.9167": ["math.sin(q.anim_time*90*1-60)*-1", "math.sin(q.anim_time*90*0.5)*-1", 0]
					},
					"position": {
						"0.0": [0, "math.sin(q.anim_time*90*2-30)*0.1", "math.sin(q.anim_time*90*2-40)*0.1"],
						"2.5": [0, "math.sin(q.anim_time*90*2-30)*0.1", "math.sin(q.anim_time*90*2-40)*0.1"],
						"2.7917": [0, "math.sin(q.anim_time*90*1-30)*0.1", "math.sin(q.anim_time*90*1-40)*0.1"],
						"2.9167": [0, "math.sin(q.anim_time*90*1-30)*0.1", "math.sin(q.anim_time*90*1-40)*0.1"]
					}
				},
				"neck": {
					"rotation": {
						"0.0": [12.5, 0, 0],
						"0.0417": {
							"pre": [11, 0, 0],
							"post": [11, 0, 0],
							"lerp_mode": "catmullrom"
						},
						"0.1667": {
							"post": [-9.58, 0, 0],
							"lerp_mode": "catmullrom"
						},
						"0.375": {
							"post": [-7, 0, 0],
							"lerp_mode": "catmullrom"
						},
						"0.7083": {
							"post": [-3.3, 0, 0],
							"lerp_mode": "catmullrom"
						},
						"1.0": {
							"post": [9.2, 0, 0],
							"lerp_mode": "catmullrom"
						},
						"1.7083": {
							"post": [4.2, 0, 0],
							"lerp_mode": "catmullrom"
						},
						"2.375": {
							"post": [26.7, 0, 0],
							"lerp_mode": "catmullrom"
						},
						"2.625": {
							"post": [29.82016, -4.78862, -10.80397],
							"lerp_mode": "catmullrom"
						},
						"2.9167": {
							"post": [29.82016, -4.78862, -10.80397],
							"lerp_mode": "catmullrom"
						}
					},
					"position": {
						"0.0": [0, 0, 0],
						"2.375": [0, 0, 0],
						"2.625": [0.5, 0.25, 0.5],
						"2.9167": [0.5, 0.25, 0.5]
					}
				},
				"neck2": {
					"rotation": {
						"0.0": [12.5, 0, 0],
						"0.0833": {
							"pre": [11, 0, 0],
							"post": [11, 0, 0],
							"lerp_mode": "catmullrom"
						},
						"0.2083": {
							"post": [-9.58, 0, 0],
							"lerp_mode": "catmullrom"
						},
						"0.4167": {
							"post": [-7, 0, 0],
							"lerp_mode": "catmullrom"
						},
						"1.2917": {
							"post": [1.7, 0, 0],
							"lerp_mode": "catmullrom"
						},
						"2.0": {
							"post": [-3.3, 0, 0],
							"lerp_mode": "catmullrom"
						},
						"2.375": [35.879, -0.63366, -0.66152],
						"2.6667": [14.50984, 9.8759, -16.65043],
						"2.9167": [10.46916, 35.78894, -26.77621]
					},
					"position": {
						"0.0": [0, 0, 0],
						"2.6667": [0, 0, 0.75],
						"2.9167": [0, 0, 0.75]
					}
				},
				"head": {
					"rotation": {
						"0.0": [-20, 0, 0],
						"0.2083": {
							"pre": [17.5, 0, 0],
							"post": [17.5, 0, 0],
							"lerp_mode": "catmullrom"
						},
						"1.2917": {
							"post": [20, 0, 0],
							"lerp_mode": "catmullrom"
						},
						"2.0": {
							"post": [15, 0, 0],
							"lerp_mode": "catmullrom"
						},
						"2.375": [5.77132, 1.02844, -1.21419],
						"2.7083": [-15.76706, -17.16273, -7.13572],
						"2.9167": [-3.75193, 13.10899, -11.91038]
					},
					"position": {
						"0.0": [0, 1, 0.25],
						"0.2083": {
							"pre": [0, 0, 0],
							"post": [0, 0, 0],
							"lerp_mode": "catmullrom"
						},
						"2.0": {
							"post": [0, 0, 0],
							"lerp_mode": "catmullrom"
						},
						"2.375": [0, -0.26, 1.14],
						"2.7083": [1, 0.73, -0.21],
						"2.9167": [-0.75, 0.48, -0.21]
					}
				},
				"eyelid_left": {
					"position": {
						"0.0": [0, 0, 0],
						"0.0417": {
							"pre": [0, 0, 0],
							"post": [1, 0, 0]
						},
						"0.1667": {
							"pre": [1, 0, 0],
							"post": [0, 0, 0]
						},
						"0.7083": {
							"pre": [0, 0, 0],
							"post": [0, 0, 0]
						},
						"0.75": {
							"pre": [0, 0, 0],
							"post": [1, 0, 0]
						},
						"0.875": {
							"pre": [1, 0, 0],
							"post": [0, 0, 0]
						},
						"2.0": {
							"pre": [0, 0, 0],
							"post": [0, 0, 0]
						},
						"2.0417": {
							"pre": [0, 0, 0],
							"post": [1, 0, 0]
						},
						"2.1667": {
							"pre": [1, 0, 0],
							"post": [0, 0, 0]
						},
						"2.5": {
							"pre": [0, 0, 0],
							"post": [1, 0, 0]
						},
						"2.6667": {
							"pre": [1, 0, 0],
							"post": [0, 0, 0]
						},
						"2.9167": {
							"pre": [0, 0, 0],
							"post": [1, 0, 0]
						}
					}
				},
				"eye_left": {
					"position": {
						"0.0": [0, 0, 0],
						"0.0417": {
							"pre": [0, 0, 0],
							"post": [-0.03, 0, 0]
						},
						"0.1667": {
							"pre": [-0.03, 0, 0],
							"post": [0, 0, 0]
						},
						"0.7083": {
							"pre": [0, 0, 0],
							"post": [0, 0, 0]
						},
						"0.75": {
							"pre": [0, 0, 0],
							"post": [-0.03, 0, 0]
						},
						"0.875": {
							"pre": [-0.03, 0, 0],
							"post": [0, 0, 0]
						},
						"2.0": {
							"pre": [0, 0, 0],
							"post": [0, 0, 0]
						},
						"2.0417": {
							"pre": [0, 0, 0],
							"post": [-0.03, 0, 0]
						},
						"2.1667": {
							"pre": [-0.03, 0, 0],
							"post": [0, 0, 0]
						},
						"2.5": {
							"pre": [0, 0, 0],
							"post": [-0.03, 0, 0]
						},
						"2.6667": {
							"pre": [-0.03, 0, 0],
							"post": [0, 0, 0]
						},
						"2.9167": {
							"pre": [0, 0, 0],
							"post": [-0.03, 0, 0]
						}
					}
				},
				"eyelid_right": {
					"position": {
						"0.0": [0, 0, 0],
						"0.0417": {
							"pre": [0, 0, 0],
							"post": [-1, 0, 0]
						},
						"0.1667": {
							"pre": [-1, 0, 0],
							"post": [0, 0, 0]
						},
						"0.7083": {
							"pre": [0, 0, 0],
							"post": [0, 0, 0]
						},
						"0.75": {
							"pre": [0, 0, 0],
							"post": [-1, 0, 0]
						},
						"0.875": {
							"pre": [-1, 0, 0],
							"post": [0, 0, 0]
						},
						"2.0": {
							"pre": [0, 0, 0],
							"post": [0, 0, 0]
						},
						"2.0417": {
							"pre": [0, 0, 0],
							"post": [-1, 0, 0]
						},
						"2.1667": {
							"pre": [-1, 0, 0],
							"post": [0, 0, 0]
						},
						"2.5": {
							"pre": [0, 0, 0],
							"post": [-1, 0, 0]
						},
						"2.6667": {
							"pre": [-1, 0, 0],
							"post": [0, 0, 0]
						},
						"2.9167": {
							"pre": [0, 0, 0],
							"post": [-1, 0, 0]
						}
					}
				},
				"eye_right": {
					"position": {
						"0.0": [0, 0, 0],
						"0.0417": {
							"pre": [0, 0, 0],
							"post": [0.03, 0, 0]
						},
						"0.1667": {
							"pre": [0.03, 0, 0],
							"post": [0, 0, 0]
						},
						"0.7083": {
							"pre": [0, 0, 0],
							"post": [0, 0, 0]
						},
						"0.75": {
							"pre": [0, 0, 0],
							"post": [0.03, 0, 0]
						},
						"0.875": {
							"pre": [0.03, 0, 0],
							"post": [0, 0, 0]
						},
						"2.0": {
							"pre": [0, 0, 0],
							"post": [0, 0, 0]
						},
						"2.0417": {
							"pre": [0, 0, 0],
							"post": [0.03, 0, 0]
						},
						"2.1667": {
							"pre": [0.03, 0, 0],
							"post": [0, 0, 0]
						},
						"2.5": {
							"pre": [0, 0, 0],
							"post": [0.03, 0, 0]
						},
						"2.6667": {
							"pre": [0.03, 0, 0],
							"post": [0, 0, 0]
						},
						"2.9167": {
							"pre": [0, 0, 0],
							"post": [0.03, 0, 0]
						}
					}
				},
				"body": {
					"rotation": {
						"0.0": [0, 0, 0],
						"2.5": [0, 0, 0],
						"2.6667": [0, -10, 0]
					},
					"position": {
						"0.0": [0, "-0.13-math.sin(q.anim_time*90*2+40)*-0.15", 0],
						"2.4583": [0, "-0.13-math.sin(q.anim_time*90*2+40)*-0.15", 0],
						"2.625": [0, -4.03, 0],
						"2.6667": [0, -3.88, 0],
						"2.7083": [0, -4.03, 0],
						"2.75": [0, -3.88, 0]
					}
				},
				"headfeather_upper": {
					"rotation": {
						"0.0": ["5+math.sin(q.anim_time*90*2-100)*-4", "math.sin(q.anim_time*90*1-10)*-4", 0],
						"2.5": ["5+math.sin(q.anim_time*90*2-100)*-4", "math.sin(q.anim_time*90*1-10)*-4", 0],
						"2.6667": ["5+math.sin(q.anim_time*90*1-100)*-4", "math.sin(q.anim_time*90*0.5-10)*-4", 0]
					}
				},
				"headfeathers_lower": {
					"rotation": {
						"0.0": ["5+math.sin(q.anim_time*90*2-120)*-4", "math.sin(q.anim_time*90*1+10)*-4", 0],
						"2.5": ["5+math.sin(q.anim_time*90*2-120)*-4", "math.sin(q.anim_time*90*1+10)*-4", 0],
						"2.6667": ["5+math.sin(q.anim_time*90*1-120)*-4", "math.sin(q.anim_time*90*0.5+10)*-4", 0]
					}
				},
				"spike_torso_left_front": {
					"rotation": {
						"0.0": [0, 0, "math.sin(q.anim_time*90*2-100)*-4"],
						"2.5": [0, 0, "math.sin(q.anim_time*90*2-100)*-4"],
						"2.6667": [0, 0, "-25-math.sin(q.anim_time*90*1-100)*-4"]
					},
					"position": [0, 0.1, 0]
				},
				"spike_torso_left_back": {
					"rotation": {
						"0.0": [0, 0, "math.sin(q.anim_time*90*2-120)*-4"],
						"2.5": [0, 0, "math.sin(q.anim_time*90*2-120)*-4"],
						"2.6667": [0, 0, "-25-math.sin(q.anim_time*90*1-120)*-4"]
					},
					"position": [0, 0.1, 0]
				},
				"spike_torso_right_back": {
					"rotation": {
						"0.0": [0, 0, "-math.sin(q.anim_time*90*2-120)*-4"],
						"2.5": [0, 0, "-math.sin(q.anim_time*90*2-120)*-4"],
						"2.6667": [0, 0, "25+math.sin(q.anim_time*90*1-120)*-4"]
					},
					"position": [0, 0.1, 0]
				},
				"spike_torso_right_front": {
					"rotation": {
						"0.0": [0, 0, "-math.sin(q.anim_time*90*2-100)*-4"],
						"2.5": [0, 0, "-math.sin(q.anim_time*90*2-100)*-4"],
						"2.6667": [0, 0, "25+math.sin(q.anim_time*90*1-100)*-4"]
					},
					"position": [0, 0.1, 0]
				},
				"spike_torso_back_left": {
					"rotation": {
						"0.0": ["-math.sin(q.anim_time*90*2-140)*-4", 0, 0],
						"2.5": ["-math.sin(q.anim_time*90*2-140)*-4", 0, 0],
						"2.6667": ["25+math.sin(q.anim_time*90*1-140)*-4", 0, 0]
					},
					"position": [0, 0.1, 0]
				},
				"spike_torso_back_right": {
					"rotation": {
						"0.0": ["-math.sin(q.anim_time*90*2-140)*-4", 0, 0],
						"2.5": ["-math.sin(q.anim_time*90*2-140)*-4", 0, 0],
						"2.6667": ["25+math.sin(q.anim_time*90*1-140)*-4", 0, 0]
					},
					"position": [0, 0.1, 0]
				},
				"spike_torso_front_right": {
					"rotation": {
						"0.0": ["math.sin(q.anim_time*90*2-80)*-4", 0, 0],
						"2.5": ["math.sin(q.anim_time*90*2-80)*-4", 0, 0],
						"2.6667": ["-25-math.sin(q.anim_time*90*1-80)*-4", 0, 0]
					},
					"position": [0, 0.1, 0]
				},
				"spike_torso_front_left": {
					"rotation": {
						"0.0": ["math.sin(q.anim_time*90*2-80)*-4", 0, 0],
						"2.5": ["math.sin(q.anim_time*90*2-80)*-4", 0, 0],
						"2.6667": ["-25-math.sin(q.anim_time*90*1-80)*-4", 0, 0]
					},
					"position": [0, 0.1, 0]
				},
				"tailfeather_middle": {
					"rotation": {
						"0.0": ["5+math.sin(q.anim_time*90*2-120)*-4", 0, 0],
						"2.5": ["5+math.sin(q.anim_time*90*2-120)*-4", "math.sin(q.anim_time*90*1-60)*-4", 0],
						"2.6667": ["5+math.sin(q.anim_time*90*1-120)*-4", "math.sin(q.anim_time*90*0.5-60)*-4", 0]
					}
				},
				"tailfeather_right": {
					"rotation": {
						"0.0": ["5+math.sin(q.anim_time*90*2-100)*-4", "math.sin(q.anim_time*90*1-40)*-4", 0],
						"2.5": ["5+math.sin(q.anim_time*90*2-100)*-4", "math.sin(q.anim_time*90*1-40)*-4", 0],
						"2.6667": ["5+math.sin(q.anim_time*90*1-100)*-4", "math.sin(q.anim_time*90*0.5-40)*-4", 0]
					}
				},
				"tailfeather_left": {
					"rotation": {
						"0.0": ["5+math.sin(q.anim_time*90*2-140)*-4", "math.sin(q.anim_time*90*1-80)*-4", 0],
						"2.5": ["5+math.sin(q.anim_time*90*2-140)*-4", "math.sin(q.anim_time*90*1-80)*-4", 0],
						"2.6667": ["5+math.sin(q.anim_time*90*1-140)*-4", "math.sin(q.anim_time*90*0.5-80)*-4", 0]
					}
				},
				"legs": {
					"scale": {
						"0.0": [1, 1, 1],
						"2.5": [1, 1, 1],
						"2.6667": [0, 0, 0]
					}
				},
				"leg_left": {
					"rotation": {
						"0.0": ["5+math.sin(q.anim_time*90*2+40)*-5+5", -7.5, 0],
						"2.5": ["5+math.sin(q.anim_time*90*2+40)*-5+5", -7.5, 0]
					},
					"position": {
						"0.0": [0, "math.sin(q.anim_time*90*2+40)*0.1-0.1", "math.sin(q.anim_time*90*2+40)*-0.03"],
						"2.5": [0, "math.sin(q.anim_time*90*2+40)*0.1-0.1", "math.sin(q.anim_time*90*2+40)*-0.03"],
						"2.6667": [0, 3.25, 0.5]
					}
				},
				"leg_left2": {
					"rotation": {
						"0.0": ["-5+math.sin(q.anim_time*90*2+40)*7-7", 0, 0],
						"2.5": ["-5+math.sin(q.anim_time*90*2+40)*7-7", 0, 0],
						"2.6667": [-45, 0, 0]
					},
					"position": [0, 0, -0.25]
				},
				"foot_left": {
					"rotation": {
						"0.0": ["math.sin(q.anim_time*90*2+40)*-2+2", 0, 0],
						"2.5": ["math.sin(q.anim_time*90*2+40)*-2+2", 0, 0],
						"2.6667": [57.5, 0, 0]
					},
					"position": {
						"0.0": ["-(math.sin(q.anim_time*90*2+40)*-0.02)", 0, 0],
						"2.5": ["-(math.sin(q.anim_time*90*2+40)*-0.02)", 0, 0],
						"2.6667": [0, 1.25, -0.25]
					}
				},
				"claw_back_left": {
					"rotation": {
						"0.0": [0, 0, 0],
						"2.5": [0, 0, 0]
					}
				},
				"claw_back_left2": {
					"rotation": {
						"0.0": [0, 0, 0],
						"2.5": [0, 0, 0],
						"2.6667": [-42.5, 0, 0]
					}
				},
				"claw_inner_left": {
					"rotation": {
						"0.0": [0, 0, 0],
						"2.5": [0, 0, 0],
						"2.6667": [0, 0, -45]
					}
				},
				"claw_inner_left2": {
					"rotation": {
						"0.0": [0, 0, 0],
						"2.5": [0, 0, 0],
						"2.6667": [47.5, 0, 0]
					}
				},
				"claw_outer_left": {
					"rotation": {
						"0.0": [0, 0, 0],
						"2.5": [0, 0, 0],
						"2.6667": [0, 0, 45]
					}
				},
				"claw_outer_left2": {
					"rotation": {
						"0.0": [0, 0, 0],
						"2.5": [0, 0, 0],
						"2.6667": [47.5, 0, 0]
					}
				},
				"leg_right": {
					"rotation": {
						"0.0": ["5+math.sin(q.anim_time*90*2+40)*-5+5", 7.5, 0],
						"2.5": ["5+math.sin(q.anim_time*90*2+40)*-5+5", 7.5, 0]
					},
					"position": {
						"0.0": [0, "math.sin(q.anim_time*90*2+40)*0.1-0.1", "math.sin(q.anim_time*90*2+40)*-0.03"],
						"2.5": [0, "math.sin(q.anim_time*90*2+40)*0.1-0.1", "math.sin(q.anim_time*90*2+40)*-0.03"],
						"2.6667": [0, 3.25, 0.5]
					}
				},
				"leg_right2": {
					"rotation": {
						"0.0": ["-5+math.sin(q.anim_time*90*2+40)*7-7", 0, 0],
						"2.5": ["-5+math.sin(q.anim_time*90*2+40)*7-7", 0, 0],
						"2.6667": [-45, 0, 0]
					},
					"position": [0, 0, -0.25]
				},
				"foot_right": {
					"rotation": {
						"0.0": ["math.sin(q.anim_time*90*2+40)*-2+2", 0, 0],
						"2.5": ["math.sin(q.anim_time*90*2+40)*-2+2", 0, 0],
						"2.6667": [57.5, 0, 0]
					},
					"position": {
						"0.0": ["math.sin(q.anim_time*90*2+40)*-0.02", 0, 0],
						"2.5": ["math.sin(q.anim_time*90*2+40)*-0.02", 0, 0],
						"2.6667": [0, 1.25, -0.25]
					}
				},
				"claw_back_right": {
					"rotation": {
						"0.0": [0, 0, 0],
						"2.5": [0, 0, 0]
					}
				},
				"claw_back_right2": {
					"rotation": {
						"0.0": [0, 0, 0],
						"2.5": [0, 0, 0],
						"2.6667": [-42.5, 0, 0]
					}
				},
				"claw_inner_right": {
					"rotation": {
						"0.0": [0, 0, 0],
						"2.5": [0, 0, 0]
					}
				},
				"claw_inner_right2": {
					"rotation": {
						"0.0": [0, 0, 0],
						"2.5": [0, 0, 0],
						"2.6667": [47.5, 0, 0]
					}
				},
				"claw_outer_right": {
					"rotation": {
						"0.0": [0, 0, 0],
						"2.5": [0, 0, 0]
					}
				},
				"claw_outer_right2": {
					"rotation": {
						"0.0": [0, 0, 0],
						"2.5": [0, 0, 0],
						"2.6667": [47.5, 0, 0]
					}
				}
			}
		},
		"animation.keenai.cry": {
			"animation_length": 1.0833,
			"bones": {
				"jaw": {
					"rotation": {
						"0.0": {
							"post": [0, 0, 0],
							"lerp_mode": "catmullrom"
						},
						"0.1667": {
							"post": [17.5, 0, 0],
							"lerp_mode": "catmullrom"
						},
						"0.2083": [57.5, 0, 0],
						"0.25": [25, 0, 0],
						"0.2917": {
							"pre": [42.5, 0, 0],
							"post": [42.5, 0, 0],
							"lerp_mode": "catmullrom"
						},
						"0.3333": [32.5, 0, 0],
						"0.4167": {
							"pre": [52.5, 0, 0],
							"post": [52.5, 0, 0],
							"lerp_mode": "catmullrom"
						},
						"0.4583": [32.5, 0, 0],
						"0.5417": {
							"pre": [52.5, 0, 0],
							"post": [52.5, 0, 0],
							"lerp_mode": "catmullrom"
						},
						"0.625": {
							"post": [75.28, 0, 0],
							"lerp_mode": "catmullrom"
						},
						"0.8333": {
							"post": [42.5, 0, 0],
							"lerp_mode": "catmullrom"
						},
						"1.0833": {
							"post": [0, 0, 0],
							"lerp_mode": "catmullrom"
						}
					}
				},
				"torso": {
					"rotation": {
						"0.0": {
							"post": [0, 0, 0],
							"lerp_mode": "catmullrom"
						},
						"0.1667": {
							"post": [5, 0, 0],
							"lerp_mode": "catmullrom"
						},
						"0.4167": {
							"post": [-3.15, 0, 0],
							"lerp_mode": "catmullrom"
						},
						"0.625": {
							"post": [-25, 0, 0],
							"lerp_mode": "catmullrom"
						},
						"0.9167": {
							"post": [0, 0, 0],
							"lerp_mode": "catmullrom"
						}
					}
				},
				"neck": {
					"rotation": {
						"0.0": {
							"post": [0, 0, 0],
							"lerp_mode": "catmullrom"
						},
						"0.1667": {
							"post": [10, 0, 0],
							"lerp_mode": "catmullrom"
						},
						"0.4167": {
							"post": [11.2, 0, 0],
							"lerp_mode": "catmullrom"
						},
						"0.625": {
							"post": [2.5, 0, 0],
							"lerp_mode": "catmullrom"
						},
						"0.9167": {
							"post": [0, 0, 0],
							"lerp_mode": "catmullrom"
						}
					}
				},
				"head": {
					"rotation": {
						"0.0": {
							"post": [0, 0, 0],
							"lerp_mode": "catmullrom"
						},
						"0.1667": {
							"post": [10, 0, 0],
							"lerp_mode": "catmullrom"
						},
						"0.4167": {
							"post": [-16.8, 0, 0],
							"lerp_mode": "catmullrom"
						},
						"0.625": {
							"post": [12.5, 0, 0],
							"lerp_mode": "catmullrom"
						},
						"0.9167": {
							"post": [0, 0, 0],
							"lerp_mode": "catmullrom"
						}
					}
				}
			},
			"sound_effects": {
				"0.1667": {
					"effect": "pokemon.keenai.cry"
				}
			}
		}
	}
}