{
  "implemented": true,
  "name": "Slowbro",
  "nationalPokedexNumber": 80,
  "primaryType": "water",
  "secondaryType": "psychic",
  "abilities": [
    "oblivious",
    "owntempo",
    "h:regenerator"
  ],
  "drops": {
    "amount": 2,
    "entries": [
      {
        "item": "cobblemon:chesto_berry",
        "percentage": 5.0
      },
      {
        "item": "cobblemon:kings_rock",
        "percentage": 2.0
      }
    ]
  },
  "baseStats": {
    "hp": 95,
    "attack": 75,
    "defence": 110,
    "special_attack": 100,
    "special_defence": 80,
    "speed": 30
  },
  "features": [
    "galarian"
  ],
  "catchRate": 75,
  "maleRatio": 0.5,
  "shoulderMountable": false,
  "forms": [
    {
      "name": "Mega",
      "primaryType": "water",
      "secondaryType": "psychic",
      "abilities": [
        "shellarmor"
      ],
      "baseStats": {
        "hp": 95,
        "attack": 75,
        "defence": 180,
        "special_attack": 130,
        "special_defence": 80,
        "speed": 30
      },
      "catchRate": 75,
      "maleRatio": 0.5,
      "baseExperienceYield": 172,
      "baseFriendship": 50,
      "evYield": {
        "hp": 0,
        "attack": 0,
        "defence": 2,
        "special_attack": 0,
        "special_defence": 0,
        "speed": 0
      },
      "experienceGroup": "medium_fast",
      "eggCycles": 20,
      "eggGroups": [
        "monster",
        "water_1"
      ],
      "labels": [
        "gen6",
        "mega"
      ],
      "aspects": [
        "mega"
      ],
      "height": 20,
      "weight": 1200,
      "evolutions": [],
      "cannotDynamax": false,
      "battleOnly": true
    },
    {
      "name": "Galar",
      "primaryType": "poison",
      "secondaryType": "psychic",
      "abilities": [
        "quickdraw",
        "owntempo",
        "h:regenerator"
      ],
      "baseStats": {
        "hp": 95,
        "attack": 100,
        "defence": 95,
        "special_attack": 100,
        "special_defence": 70,
        "speed": 30
      },
      "catchRate": 75,
      "maleRatio": 0.5,
      "baseExperienceYield": 172,
      "baseFriendship": 50,
      "evYield": {
        "hp": 0,
        "attack": 2,
        "defence": 0,
        "special_attack": 0,
        "special_defence": 0,
        "speed": 0
      },
      "experienceGroup": "medium_fast",
      "eggCycles": 20,
      "eggGroups": [
        "monster",
        "water_1"
      ],
      "moves": [
        "1:acid",
        "1:curse",
        "1:growl",
        "1:tackle",
        "1:withdraw",
        "9:yawn",
        "12:confusion",
        "15:disable",
        "18:waterpulse",
        "21:headbutt",
        "24:zenheadbutt",
        "27:amnesia",
        "30:surf",
        "33:slackoff",
        "36:psychic",
        "39:psychup",
        "42:raindance",
        "45:healpulse",
        "tm:acidspray",
        "tm:amnesia",
        "tm:attract",
        "tm:avalanche",
        "tm:blizzard",
        "tm:bodypress",
        "tm:bodyslam",
        "tm:brickbreak",
        "tm:brine",
        "tm:brutalswing",
        "tm:bulldoze",
        "tm:calmmind",
        "tm:chillingwater",
        "tm:dig",
        "tm:dive",
        "tm:drainpunch",
        "tm:earthquake",
        "tm:endure",
        "tm:facade",
        "tm:fireblast",
        "tm:flamethrower",
        "tm:fling",
        "tm:focusblast",
        "tm:foulplay",
        "tm:futuresight",
        "tm:gigaimpact",
        "tm:grassknot",
        "tm:gunkshot",
        "tm:hail",
        "tm:helpinghand",
        "tm:hydropump",
        "tm:hyperbeam",
        "tm:icebeam",
        "tm:icefang",
        "tm:icepunch",
        "tm:icywind",
        "tm:imprison",
        "tm:irondefense",
        "tm:irontail",
        "tm:lightscreen",
        "tm:liquidation",
        "tm:megakick",
        "tm:megapunch",
        "tm:metronome",
        "tm:muddywater",
        "tm:mudshot",
        "tm:nastyplot",
        "tm:payday",
        "tm:poisonjab",
        "tm:powergem",
        "tm:protect",
        "tm:psybeam",
        "tm:psychic",
        "tm:psychicterrain",
        "tm:psyshock",
        "tm:raindance",
        "tm:razorshell",
        "tm:rest",
        "tm:rockblast",
        "tm:round",
        "tm:safeguard",
        "tm:sandstorm",
        "tm:scald",
        "tm:scaryface",
        "tm:shadowball",
        "tm:skillswap",
        "tm:sleeptalk",
        "tm:sludgebomb",
        "tm:sludgewave",
        "tm:snore",
        "tm:snowscape",
        "tm:storedpower",
        "tm:substitute",
        "tm:sunnyday",
        "tm:surf",
        "tm:swift",
        "tm:takedown",
        "tm:terablast",
        "tm:thunderwave",
        "tm:triattack",
        "tm:trick",
        "tm:trickroom",
        "tm:venoshock",
        "tm:waterfall",
        "tm:waterpulse",
        "tm:weatherball",
        "tm:whirlpool",
        "tm:wonderroom",
        "tm:zenheadbutt",
        "tutor:expandingforce"
      ],
      "labels": [
        "gen8",
        "galar_regional"
      ],
      "aspects": [
        "galarian"
      ],
      "height": 16,
      "weight": 705,
	  "pokedex": [
		"cobblemon.species.slowbro_galar.desc"
	  ],
      "preEvolution": "slowpoke form=galar",
      "evolutions": [],
      "cannotDynamax": false,
      "battleOnly": false
    }
  ],
  "baseExperienceYield": 172,
  "experienceGroup": "medium_fast",
  "eggCycles": 20,
  "eggGroups": [
    "monster",
    "water_1"
  ],
  "behaviour": {
    "moving": {
      "swim": {
        "swimSpeed": 0.08,
        "canSwimInWater": true,
        "canBreatheUnderwater": true
      },
      "walk": {
        "walkSpeed": 0.15
      }
    }
  },
  "moves": [
    "1:curse",
    "1:futuresight",
    "1:growl",
    "1:tackle",
    "1:watergun",
    "1:withdraw",
    "9:yawn",
    "12:confusion",
    "15:disable",
    "18:waterpulse",
    "21:headbutt",
    "24:zenheadbutt",
    "27:amnesia",
    "30:surf",
    "33:slackoff",
    "36:psychic",
    "41:psychup",
    "46:raindance",
    "51:healpulse",
    "tm:aerialace",
    "tm:amnesia",
    "tm:attract",
    "tm:avalanche",
    "tm:blizzard",
    "tm:bodypress",
    "tm:bodyslam",
    "tm:brickbreak",
    "tm:brine",
    "tm:bulldoze",
    "tm:calmmind",
    "tm:captivate",
    "tm:chillingwater",
    "tm:confide",
    "tm:dig",
    "tm:dive",
    "tm:doubleteam",
    "tm:drainpunch",
    "tm:dreameater",
    "tm:earthquake",
    "tm:echoedvoice",
    "tm:endure",
    "tm:facade",
    "tm:fireblast",
    "tm:flamethrower",
    "tm:flash",
    "tm:fling",
    "tm:focusblast",
    "tm:focuspunch",
    "tm:foulplay",
    "tm:frustration",
    "tm:futuresight",
    "tm:gigaimpact",
    "tm:grassknot",
    "tm:hail",
    "tm:helpinghand",
    "tm:hiddenpower",
    "tm:hydropump",
    "tm:hyperbeam",
    "tm:icebeam",
    "tm:icepunch",
    "tm:icywind",
    "tm:imprison",
    "tm:incinerate",
    "tm:irondefense",
    "tm:irontail",
    "tm:lightscreen",
    "tm:liquidation",
    "tm:megakick",
    "tm:megapunch",
    "tm:metronome",
    "tm:muddywater",
    "tm:mudshot",
    "tm:nastyplot",
    "tm:naturalgift",
    "tm:payday",
    "tm:protect",
    "tm:psybeam",
    "tm:psychic",
    "tm:psychicterrain",
    "tm:psychup",
    "tm:psyshock",
    "tm:raindance",
    "tm:razorshell",
    "tm:recycle",
    "tm:rest",
    "tm:return",
    "tm:rocksmash",
    "tm:round",
    "tm:safeguard",
    "tm:scald",
    "tm:secretpower",
    "tm:shadowball",
    "tm:skillswap",
    "tm:sleeptalk",
    "tm:snore",
    "tm:snowscape",
    "tm:storedpower",
    "tm:strength",
    "tm:substitute",
    "tm:sunnyday",
    "tm:surf",
    "tm:swagger",
    "tm:swift",
    "tm:takedown",
    "tm:telekinesis",
    "tm:terablast",
    "tm:thunderwave",
    "tm:toxic",
    "tm:triattack",
    "tm:trick",
    "tm:trickroom",
    "tm:waterfall",
    "tm:waterpulse",
    "tm:weatherball",
    "tm:whirlpool",
    "tm:wonderroom",
    "tm:zenheadbutt",
    "tutor:afteryou",
    "tutor:amnesia",
    "tutor:aquatail",
    "tutor:attract",
    "tutor:bide",
    "tutor:blizzard",
    "tutor:block",
    "tutor:bodyslam",
    "tutor:brickbreak",
    "tutor:bubblebeam",
    "tutor:calmmind",
    "tutor:confusion",
    "tutor:counter",
    "tutor:curse",
    "tutor:dig",
    "tutor:disable",
    "tutor:dive",
    "tutor:doubleedge",
    "tutor:doubleteam",
    "tutor:drainpunch",
    "tutor:dreameater",
    "tutor:dynamicpunch",
    "tutor:earthquake",
    "tutor:endure",
    "tutor:expandingforce",
    "tutor:facade",
    "tutor:fireblast",
    "tutor:fissure",
    "tutor:flamethrower",
    "tutor:flash",
    "tutor:focuspunch",
    "tutor:foulplay",
    "tutor:frustration",
    "tutor:furycutter",
    "tutor:growl",
    "tutor:headbutt",
    "tutor:hiddenpower",
    "tutor:hyperbeam",
    "tutor:icebeam",
    "tutor:icepunch",
    "tutor:icywind",
    "tutor:irondefense",
    "tutor:irontail",
    "tutor:lightscreen",
    "tutor:magiccoat",
    "tutor:megakick",
    "tutor:megapunch",
    "tutor:mimic",
    "tutor:mudslap",
    "tutor:nightmare",
    "tutor:payday",
    "tutor:protect",
    "tutor:psychic",
    "tutor:psychup",
    "tutor:psywave",
    "tutor:rage",
    "tutor:raindance",
    "tutor:recycle",
    "tutor:reflect",
    "tutor:rest",
    "tutor:return",
    "tutor:rocksmash",
    "tutor:scald",
    "tutor:seismictoss",
    "tutor:shadowball",
    "tutor:signalbeam",
    "tutor:skillswap",
    "tutor:skullbash",
    "tutor:slackoff",
    "tutor:sleeptalk",
    "tutor:snore",
    "tutor:stomp",
    "tutor:strength",
    "tutor:submission",
    "tutor:substitute",
    "tutor:sunnyday",
    "tutor:surf",
    "tutor:swagger",
    "tutor:swift",
    "tutor:tackle",
    "tutor:takedown",
    "tutor:telekinesis",
    "tutor:teleport",
    "tutor:thunderwave",
    "tutor:toxic",
    "tutor:triattack",
    "tutor:trick",
    "tutor:trickroom",
    "tutor:watergun",
    "tutor:waterpulse",
    "tutor:withdraw",
    "tutor:wonderroom",
    "tutor:yawn",
    "tutor:zapcannon",
    "tutor:zenheadbutt"
  ],
  "labels": [
    "gen1",
    "kanto_regional"
  ],
  "pokedex": [
    "cobblemon.species.slowbro.desc"
  ],
  "preEvolution": "slowpoke",
  "evolutions": [
    {
      "id": "slowbro_megaslowbro",
      "variant": "item_interact",
      "result": "megaslowbro",
      "consumeHeldItem": false,
      "requirements": [
        {
          "variant": "held_item",
          "itemCondition": "megamons:slowbronite"
        }
      ],
      "requiredContext": "megamons:mega_cuff"
    }
  ],
  "baseScale": 1.3,
  "hitbox": {
    "width": 0.8,
    "height": 1.3,
    "fixed": false
  },
  "baseFriendship": 50,
  "evYield": {
    "hp": 0,
    "attack": 0,
    "defence": 2,
    "special_attack": 0,
    "special_defence": 0,
    "speed": 0
  },
  "height": 16,
  "weight": 785,
  "aspects": [],
  "cannotDynamax": false
}