{
	"format_version": "1.12.0",
	"minecraft:geometry": [
		{
			"description": {
				"identifier": "geometry.sinbul",
				"texture_width": 64,
				"texture_height": 64,
				"visible_bounds_width": 5,
				"visible_bounds_height": 3.5,
				"visible_bounds_offset": [0, 1.25, 0]
			},
			"bones": [
				{
					"name": "sinbul",
					"pivot": [0, 0, 0]
				},
				{
					"name": "head",
					"parent": "sinbul",
					"pivot": [0, 3, 0],
					"cubes": [
						{"origin": [-5, 3, -5], "size": [10, 10, 10], "uv": [0, 0]},
						{"origin": [-4, 13, -4], "size": [8, 2, 8], "uv": [32, 22]}
					]
				},
				{
					"name": "bone3",
					"parent": "head",
					"pivot": [0, 15, 0.5],
					"cubes": [
						{"origin": [-3, 15, -2], "size": [6, 11, 5], "uv": [39, 36]}
					]
				},
				{
					"name": "arm",
					"parent": "head",
					"pivot": [5.16667, 8, 0],
					"cubes": [
						{"origin": [5, 5, -3], "size": [11, 6, 6], "uv": [1, 29], "mirror": true}
					]
				},
				{
					"name": "bone",
					"parent": "arm",
					"pivot": [16, 7.5, 0],
					"cubes": [
						{"origin": [16, 5, -3], "size": [11, 6, 6], "uv": [1, 29]},
						{"origin": [27, 11, -2.5], "size": [3, 0, 5], "uv": [43, 13]}
					]
				},
				{
					"name": "arm2",
					"parent": "head",
					"pivot": [-5.16667, 8, 0],
					"cubes": [
						{"origin": [-16, 5, -3], "size": [11, 6, 6], "uv": [1, 29]}
					]
				},
				{
					"name": "bone2",
					"parent": "arm2",
					"pivot": [-16, 7.5, 0],
					"cubes": [
						{"origin": [-27, 5, -3], "size": [11, 6, 6], "uv": [1, 29], "mirror": true},
						{"origin": [-30, 11, -2.5], "size": [3, 0, 5], "uv": [43, 13]}
					]
				},
				{
					"name": "leg",
					"parent": "sinbul",
					"pivot": [2.5, 2, 0],
					"cubes": [
						{"origin": [1, 0, -1.5], "size": [3, 4, 3], "uv": [34, 1]}
					]
				},
				{
					"name": "leg2",
					"parent": "sinbul",
					"pivot": [-2.5, 2, 0],
					"cubes": [
						{"origin": [-4, 0, -1.5], "size": [3, 4, 3], "uv": [34, 1], "mirror": true}
					]
				}
			]
		}
	]
}