{
  "implemented": true,
  "nationalPokedexNumber": 1220,
  "name": "magmortarfurnance",
  "primaryType": "fire",
  "maleRatio": 0.75,
  "height": 16,
  "weight": 780,
  "pokedex": [
    "cobblemon.species.magmortarfurnance.desc1"
  ],
  "labels": [
    "custom"
  ],
  "aspects": [],
  "abilities": [
    "flashfire",
    "h:eartheater"
  ],
  "eggGroups": [
    "human_like"
  ],
  "baseStats": {
    "hp": 91,
    "attack": 40,
    "defence": 106,
    "special_attack": 130,
    "special_defence": 106,
    "speed": 67
  },
  "evYield": {
    "hp": 0,
    "attack": 0,
    "defence": 0,
    "special_attack": 3,
    "special_defence": 0,
    "speed": 0
  },
  "baseExperienceYield": 270,
  "experienceGroup": "medium_fast",
  "catchRate": 30,
  "eggCycles": 25,
  "baseFriendship": 50,
  "baseScale": 1.175,
  "hitbox": {
    "width": 1.3,
    "height": 2.1,
    "fixed": false
  },
  "drops": {
    "amount": 3,
    "entries": [
      {
        "item": "minecraft:blaze_powder",
        "percentage": 10.0
      },
      {
        "item": "cobblemon:magmarizer",
        "percentage": 10.0
      },
      {
        "item": "cobblemon:rawst_berry",
        "percentage": 10.0
      }
    ]
  },
  "moves": [
    "1:smog",
    "1:leer",
    "1:ember",
    "1:smokescreen",
    "1:feintattack",
    "1:flameburst",
    "12:clearsmog",
    "16:flamewheel",
    "20:confuseray",
    "24:scaryface",
    "28:firepunch",
    "34:lavaplume",
    "40:lowkick",
    "46:flamethrower",
    "52:sunnyday",
    "58:fireblast",
    "64:hyperbeam",
	
    "30:tarshot",
    "48:metalsound",
    "54:earthpower",
    "59:flashcannon",
    "60:heatwave",
    "80:magmastorm ",
	
    "egg:barrier",
    "egg:belch",
    "egg:bellydrum",
    "egg:crosschop",
    "egg:dynamicpunch",
    "egg:flameburst",
    "egg:focuspunch",
    "egg:followme",
    "egg:karatechop",
    "egg:machpunch",
    "tm:acidspray",
    "tm:bodyslam",
    "tm:brickbreak",
    "tm:bulldoze",
    "tm:burningjealousy",
    "tm:confuseray",
    "tm:covet",
    "tm:curse",
    "tm:doubleedge",
    "tm:dualchop",
    "tm:earthquake",
    "tm:endure",
    "tm:facade",
    "tm:fireblast",
    "tm:firepunch",
    "tm:firespin",
    "tm:flamecharge",
    "tm:flamethrower",
    "tm:flareblitz",
    "tm:fling",
    "tm:focusblast",
    "tm:focusenergy",
    "tm:focuspunch",
    "tm:gigaimpact",
    "tm:headbutt",
    "tm:heatcrash",
    "tm:heatwave",
    "tm:helpinghand",
    "tm:hyperbeam",
    "tm:hypervoice",
    "tm:incinerate",
    "tm:irontail",
    "tm:knockoff",
    "tm:lowkick",
    "tm:lowsweep",
    "tm:megakick",
    "tm:megapunch",
    "tm:metronome",
    "tm:mysticalfire",
    "tm:overheat",
    "tm:poisonjab",
    "tm:powerswap",
    "tm:poweruppunch",
    "tm:protect",
    "tm:psychic",
    "tm:rest",
    "tm:roar",
    "tm:rockclimb",
    "tm:rockslide",
    "tm:rocksmash",
    "tm:rocktomb",
    "tm:scaryface",
    "tm:scorchingsands",
    "tm:screech",
    "tm:sleeptalk",
    "tm:solarbeam",
    "tm:stompingtantrum",
    "tm:strength",
    "tm:substitute",
    "tm:sunnyday",
    "tm:takedown",
    "tm:taunt",
    "tm:temperflare",
    "tm:terablast",
    "tm:thief",
    "tm:thunderbolt",
    "tm:thunderpunch",
    "tm:torment",
    "tm:uproar",
    "tm:weatherball",
    "tm:willowisp",
	
    "tm:metalsound",
    "tm:earthpower",
    "tm:flashcannon",
    "tm:heatwave",
	
    "tutor:bulldoze",
    "tutor:burningjealousy",
    "tutor:covet",
    "tutor:dualchop",
    "tutor:firepunch",
    "tutor:flamethrower",
    "tutor:focusenergy",
    "tutor:focuspunch",
    "tutor:gigaimpact",
    "tutor:heatwave",
    "tutor:helpinghand",
    "tutor:hyperbeam",
    "tutor:hypervoice",
    "tutor:irontail",
    "tutor:knockoff",
    "tutor:lowkick",
    "tutor:mysticalfire",
    "tutor:poisonjab",
    "tutor:psychic",
    "tutor:rest",
    "tutor:rockslide",
    "tutor:rocksmash",
    "tutor:scorchingsands",
    "tutor:sleeptalk",
    "tutor:stompingtantrum",
    "tutor:thunderbolt",
    "tutor:thunderpunch",
    "tutor:uproar",
	
    "tutor:metalsound",
    "tutor:earthpower",
    "tutor:flashcannon",
    "tutor:heatwave"
  ],
  "preEvolution": "magmar",
  "evolutions": []
}