{
	"format_version": "1.8.0",
	"animations": {
		"animation.xuehu_pup.ground_idle": {
			"loop": true,
			"animation_length": 4,
			"bones": {
				"leftleg": {
					"rotation": ["0+math.sin(query.anim_time*90*1)*2", 0, 0],
					"position": [0, "0-math.sin(query.anim_time*90*1)*0.2", 0]
				},
				"legright2": {
					"rotation": ["0+math.sin(query.anim_time*90*1)*2", 12.5, 0],
					"position": [0, "0-math.sin(query.anim_time*90*1)*0.2", 0]
				},
				"torso": {
					"rotation": [-5, 0, 0],
					"position": [0, "0+math.sin(query.anim_time*90*1)*0.2", 0]
				},
				"neck": {
					"rotation": [-10, 0, 0]
				},
				"head": {
					"rotation": ["20-math.sin(query.anim_time*90*1-60)*2", 0, 0]
				},
				"tail": {
					"rotation": ["-22.5+math.sin(query.anim_time*90*2)*10", "0+math.sin(query.anim_time*90*1)*10", 0]
				},
				"tail2": {
					"rotation": ["-10+math.sin(query.anim_time*90*2-60)*10", 0, 0]
				},
				"tail3": {
					"rotation": ["12.5+math.sin(query.anim_time*90*2-120)*10", 0, 0]
				},
				"tail4": {
					"rotation": ["22.5+math.sin(query.anim_time*90*2-180)*10", "0+math.sin(query.anim_time*90*1-120)*10", 0]
				},
				"tail5": {
					"rotation": ["30+math.sin(query.anim_time*90*2+120)*10", "0+math.sin(query.anim_time*90*1-180)*15", 0]
				},
				"leftelbow2": {
					"rotation": ["0-math.sin(query.anim_time*90*1)*2", 0, 0]
				},
				"rightelbow": {
					"rotation": ["0-math.sin(query.anim_time*90*1)*2", 0, 0]
				}
			}
		},
		"animation.xuehu_pup.ground_walk": {
			"loop": true,
			"animation_length": 2,
			"bones": {
				"body": {
					"rotation": ["0-math.sin(query.anim_time*90*4-30)*5", 0, 0],
					"position": [0, "0+math.clamp((Math.sin(query.anim_time * 360*1-180)*2),0,4)", 0]
				},
				"leftleg": {
					"rotation": ["0+math.sin(query.anim_time*90*4)*30", 0, 0]
				},
				"legright": {
					"rotation": ["0-math.sin(query.anim_time*90*4-30)*30", 0, 15]
				},
				"leftleg2": {
					"rotation": ["0-math.sin(query.anim_time*90*4)*30", 0, -12.5]
				},
				"legright2": {
					"rotation": ["0+math.sin(query.anim_time*90*4-30)*30", 0, 0]
				},
				"torso": {
					"rotation": ["0-math.sin(query.anim_time*90*4-60)*5", 0, 0]
				},
				"head": {
					"rotation": ["-5+math.sin(query.anim_time*90*4-120)*5", 0, 0]
				},
				"tail": {
					"rotation": ["0+math.sin(query.anim_time*90*4)*20", "0+math.sin(query.anim_time*90*8)*2", 0]
				},
				"tail2": {
					"rotation": ["0+math.sin(query.anim_time*90*4-60)*10", 0, 0]
				},
				"tail3": {
					"rotation": ["-2.5+math.sin(query.anim_time*90*4-120)*10", 0, 0]
				},
				"tail4": {
					"rotation": ["-2.5+math.sin(query.anim_time*90*4-180)*30", 0, 0]
				},
				"tail5": {
					"rotation": ["-2.5+math.sin(query.anim_time*90*4-200)*30", 0, 0]
				},
				"leftelbow": {
					"rotation": ["0+math.sin(query.anim_time*90*4+60)*20", 0, 0]
				},
				"leftelbow2": {
					"rotation": ["0+math.sin(query.anim_time*90*4+60)*20", 0, 0]
				},
				"rightelbow": {
					"rotation": ["0+math.sin(query.anim_time*90*4+60)*20", 0, 0]
				},
				"rightelbow2": {
					"rotation": ["0+math.sin(query.anim_time*90*4+60)*20", 0, 0]
				},
				"jaw": {
					"rotation": [5, 0, 0]
				}
			}
		},
		"animation.xuehu_pup.battle_idle": {
			"loop": true,
			"animation_length": 2,
			"bones": {
				"body": {
					"position": [0, -2, 0]
				},
				"leftleg": {
					"rotation": ["-40+math.sin(query.anim_time*90*2)*2", 0, 0]
				},
				"legright": {
					"position": [0, 2, 0]
				},
				"leftleg2": {
					"position": [0, 2, 0]
				},
				"legright2": {
					"rotation": ["-37.5+math.sin(query.anim_time*90*2)*2", 0, 0]
				},
				"torso": {
					"rotation": [10, 0, 0],
					"position": [0, "1+math.sin(query.anim_time*90*2)*0.2", 0]
				},
				"head": {
					"rotation": ["-12.5+math.sin(query.anim_time*90*2-60)*2", 0, 0]
				},
				"tail": {
					"rotation": [22.5, "0+math.sin(query.anim_time*90*6)*2", 0]
				},
				"tail2": {
					"rotation": ["7.5+math.sin(query.anim_time*90*6-60)*4", 0, 0]
				},
				"tail3": {
					"rotation": [25.90034, 6.04633, -5.84241]
				},
				"tail4": {
					"rotation": [30, "0+math.sin(query.anim_time*90*6-120)*6", 0]
				},
				"tail5": {
					"rotation": ["32.5+math.sin(query.anim_time*90*6-180)*8", 0, 0]
				},
				"leftelbow2": {
					"rotation": ["-17.5-math.sin(query.anim_time*90*2)*2", 0, 0]
				},
				"rightelbow": {
					"rotation": ["-17.5-math.sin(query.anim_time*90*2)*2", 0, 0]
				},
				"ear": {
					"rotation": [0, -62.5, 27.5]
				},
				"ear2": {
					"rotation": [0, 67.5, -40]
				},
				"jaw": {
					"rotation": [7.5, 0, 0]
				}
			}
		},
		"animation.xuehu_pup.physical": {
			"animation_length": 2.2917,
			"bones": {
				"body": {
					"rotation": {
						"0.0": {
							"post": [0, 0, 0],
							"lerp_mode": "catmullrom"
						},
						"1.0833": {
							"post": [0, 0, 0],
							"lerp_mode": "catmullrom"
						},
						"1.25": {
							"post": [-20, 0, 0],
							"lerp_mode": "catmullrom"
						},
						"1.4167": {
							"post": [25, 0, 0],
							"lerp_mode": "catmullrom"
						},
						"1.5833": {
							"post": [-2.5, 0, 0],
							"lerp_mode": "catmullrom"
						},
						"1.875": {
							"post": [0, 0, 0],
							"lerp_mode": "catmullrom"
						},
						"2.0833": {
							"post": [0, 0, 0],
							"lerp_mode": "catmullrom"
						}
					},
					"position": {
						"0.0": {
							"post": [0, -2, 0],
							"lerp_mode": "catmullrom"
						},
						"1.0833": {
							"post": [0, -2, 0],
							"lerp_mode": "catmullrom"
						},
						"1.25": {
							"post": [0, 3, 0],
							"lerp_mode": "catmullrom"
						},
						"1.4167": {
							"post": [0, 1, -7],
							"lerp_mode": "catmullrom"
						},
						"1.5833": {
							"post": [0, -2, -7],
							"lerp_mode": "catmullrom"
						},
						"2.0833": {
							"post": [0, -2, 0],
							"lerp_mode": "catmullrom"
						}
					}
				},
				"leftleg": {
					"rotation": {
						"0.0": {
							"post": [-40, 0, 0],
							"lerp_mode": "catmullrom"
						},
						"0.3333": {
							"post": [-5, 0, 0],
							"lerp_mode": "catmullrom"
						},
						"1.1667": {
							"post": [-7.5, 0, 0],
							"lerp_mode": "catmullrom"
						},
						"1.3333": {
							"post": [-57.5, 0, 0],
							"lerp_mode": "catmullrom"
						},
						"1.5417": {
							"post": [-7.5, 0, 0],
							"lerp_mode": "catmullrom"
						},
						"2.0833": {
							"post": [-40, 0, 0],
							"lerp_mode": "catmullrom"
						}
					},
					"position": {
						"0.0": {
							"post": [0, 0, 0],
							"lerp_mode": "catmullrom"
						},
						"0.3333": {
							"post": [0, 2, 0],
							"lerp_mode": "catmullrom"
						},
						"2.0833": {
							"post": [0, 0, 0],
							"lerp_mode": "catmullrom"
						}
					}
				},
				"legright": {
					"rotation": {
						"1.0417": {
							"pre": [0, 0, 0],
							"post": [0, 0, 0],
							"lerp_mode": "catmullrom"
						},
						"1.3333": {
							"post": [37.5, 0, 0],
							"lerp_mode": "catmullrom"
						},
						"1.5833": {
							"post": [0, 0, 0],
							"lerp_mode": "catmullrom"
						}
					},
					"position": {
						"0.0": {
							"post": [0, 2, 0],
							"lerp_mode": "catmullrom"
						},
						"2.0833": {
							"post": [0, 2, 0],
							"lerp_mode": "catmullrom"
						}
					}
				},
				"leftleg2": {
					"rotation": {
						"0.0": {
							"post": [0, 0, 0],
							"lerp_mode": "catmullrom"
						},
						"1.0417": {
							"post": [0, 0, 0],
							"lerp_mode": "catmullrom"
						},
						"1.3333": {
							"post": [37.5, 0, 0],
							"lerp_mode": "catmullrom"
						},
						"1.5833": {
							"post": [0, 0, 0],
							"lerp_mode": "catmullrom"
						},
						"2.0833": {
							"post": [0, 0, 0],
							"lerp_mode": "catmullrom"
						}
					},
					"position": {
						"0.0": {
							"post": [0, 2, 0],
							"lerp_mode": "catmullrom"
						},
						"2.0833": {
							"post": [0, 2, 0],
							"lerp_mode": "catmullrom"
						}
					}
				},
				"legright2": {
					"rotation": {
						"0.0": {
							"post": [-37.5, 0, 0],
							"lerp_mode": "catmullrom"
						},
						"0.3333": {
							"post": [-7.5, 0, 0],
							"lerp_mode": "catmullrom"
						},
						"1.1667": {
							"post": [-7.5, 0, 0],
							"lerp_mode": "catmullrom"
						},
						"1.3333": {
							"post": [-57.5, 0, 0],
							"lerp_mode": "catmullrom"
						},
						"1.5417": {
							"post": [-7.5, 0, 0],
							"lerp_mode": "catmullrom"
						},
						"2.0833": {
							"post": [-37.5, 0, 0],
							"lerp_mode": "catmullrom"
						}
					},
					"position": {
						"0.0": {
							"post": [0, 0, 0],
							"lerp_mode": "catmullrom"
						},
						"0.3333": {
							"post": [0, 2, 0],
							"lerp_mode": "catmullrom"
						},
						"2.0833": {
							"post": [0, 0, 0],
							"lerp_mode": "catmullrom"
						}
					}
				},
				"torso": {
					"rotation": {
						"0.0": {
							"post": [10, 0, 0],
							"lerp_mode": "catmullrom"
						},
						"0.1667": {
							"post": [-7.5, 0, 0],
							"lerp_mode": "catmullrom"
						},
						"0.9167": {
							"post": [-10, 0, 0],
							"lerp_mode": "catmullrom"
						},
						"2.0833": {
							"post": [10, 0, 0],
							"lerp_mode": "catmullrom"
						}
					},
					"position": {
						"0.0": {
							"post": [0, 1, 0],
							"lerp_mode": "catmullrom"
						},
						"0.1667": {
							"post": [0, 0, 0],
							"lerp_mode": "catmullrom"
						},
						"2.0833": {
							"post": [0, 1, 0],
							"lerp_mode": "catmullrom"
						}
					}
				},
				"head": {
					"rotation": {
						"0.0": {
							"post": [-12.5, 0, 0],
							"lerp_mode": "catmullrom"
						},
						"0.375": {
							"post": [10, 0, 0],
							"lerp_mode": "catmullrom"
						},
						"1.25": {
							"post": [40, 0, 0],
							"lerp_mode": "catmullrom"
						},
						"1.4167": {
							"post": [-10, 0, 0],
							"lerp_mode": "catmullrom"
						},
						"1.5833": {
							"post": [17.5, 0, 0],
							"lerp_mode": "catmullrom"
						},
						"2.0833": {
							"post": [-12.5, 0, 0],
							"lerp_mode": "catmullrom"
						}
					}
				},
				"tail": {
					"rotation": {
						"0.0": {
							"post": [22.5, 0, 0],
							"lerp_mode": "catmullrom"
						},
						"0.7083": {
							"post": [-22.5, 0, 0],
							"lerp_mode": "catmullrom"
						},
						"1.1667": {
							"post": [-25, 0, 0],
							"lerp_mode": "catmullrom"
						},
						"2.0833": {
							"post": [22.5, 0, 0],
							"lerp_mode": "catmullrom"
						}
					}
				},
				"tail2": {
					"rotation": {
						"0.0": {
							"post": [7.5, 0, 0],
							"lerp_mode": "catmullrom"
						},
						"0.1667": {
							"post": [22.5, 0, 0],
							"lerp_mode": "catmullrom"
						},
						"0.3333": {
							"post": [10, 0, 0],
							"lerp_mode": "catmullrom"
						},
						"0.7917": {
							"post": [-7.5, 0, 0],
							"lerp_mode": "catmullrom"
						},
						"1.1667": {
							"post": [7.5, 0, 0],
							"lerp_mode": "catmullrom"
						},
						"2.0833": {
							"post": [7.5, 0, 0],
							"lerp_mode": "catmullrom"
						}
					}
				},
				"tail3": {
					"rotation": {
						"0.0": {
							"post": [25.90034, 6.04633, -5.84241],
							"lerp_mode": "catmullrom"
						},
						"0.25": {
							"post": [33.40034, 6.04633, -5.84241],
							"lerp_mode": "catmullrom"
						},
						"0.4583": {
							"post": [20.90034, 6.04633, -5.84241],
							"lerp_mode": "catmullrom"
						},
						"0.75": {
							"post": [15.90034, 6.04633, -5.84241],
							"lerp_mode": "catmullrom"
						},
						"1.25": {
							"post": [-7.13993, 6.04633, -5.84241],
							"lerp_mode": "catmullrom"
						},
						"1.4583": {
							"post": [-14.48501, 6.04633, -5.84241],
							"lerp_mode": "catmullrom"
						},
						"1.5833": {
							"post": [31.1174, 6.04633, -5.84241],
							"lerp_mode": "catmullrom"
						},
						"1.7917": {
							"post": [21.1174, 6.04633, -5.84241],
							"lerp_mode": "catmullrom"
						},
						"2.0833": {
							"post": [25.90034, 6.04633, -5.84241],
							"lerp_mode": "catmullrom"
						},
						"2.1667": {
							"post": [25.90034, 6.04633, -5.84241],
							"lerp_mode": "catmullrom"
						}
					}
				},
				"tail4": {
					"rotation": {
						"0.0": {
							"post": [30, 0, 0],
							"lerp_mode": "catmullrom"
						},
						"0.1667": {
							"post": [47.5, 0, 0],
							"lerp_mode": "catmullrom"
						},
						"0.4167": {
							"post": [40, 0, 0],
							"lerp_mode": "catmullrom"
						},
						"0.7917": {
							"post": [17.5, 0, 0],
							"lerp_mode": "catmullrom"
						},
						"1.0417": {
							"post": [12.5, 0, 0],
							"lerp_mode": "catmullrom"
						},
						"1.2917": {
							"post": [-2.5, 0, 0],
							"lerp_mode": "catmullrom"
						},
						"1.5": {
							"post": [35, 0, 0],
							"lerp_mode": "catmullrom"
						},
						"1.7083": {
							"post": [42.5, 0, 0],
							"lerp_mode": "catmullrom"
						},
						"1.875": {
							"post": [37.5, 0, 0],
							"lerp_mode": "catmullrom"
						},
						"2.0833": {
							"post": [30, 0, 0],
							"lerp_mode": "catmullrom"
						},
						"2.2917": {
							"post": [30, 0, 0],
							"lerp_mode": "catmullrom"
						}
					}
				},
				"tail5": {
					"rotation": {
						"0.0": {
							"post": [32.5, 0, 0],
							"lerp_mode": "catmullrom"
						},
						"0.1667": {
							"post": [45, 0, 0],
							"lerp_mode": "catmullrom"
						},
						"0.375": {
							"post": [47.5, 0, 0],
							"lerp_mode": "catmullrom"
						},
						"0.5833": {
							"post": [55, 0, 0],
							"lerp_mode": "catmullrom"
						},
						"0.7917": {
							"post": [17.5, 0, 0],
							"lerp_mode": "catmullrom"
						},
						"1.0417": {
							"post": [5, 0, 0],
							"lerp_mode": "catmullrom"
						},
						"1.2917": {
							"post": [-12.5, 0, 0],
							"lerp_mode": "catmullrom"
						},
						"1.4167": {
							"post": [-17.5, 0, 0],
							"lerp_mode": "catmullrom"
						},
						"1.5417": {
							"post": [-22.5, 0, 0],
							"lerp_mode": "catmullrom"
						},
						"1.8333": {
							"post": [25, 0, 0],
							"lerp_mode": "catmullrom"
						},
						"2.0833": {
							"post": [32.5, 0, 0],
							"lerp_mode": "catmullrom"
						}
					}
				},
				"leftelbow2": {
					"rotation": {
						"0.0": {
							"post": [-17.5, 0, 0],
							"lerp_mode": "catmullrom"
						},
						"0.2917": {
							"post": [-42.5, 0, 0],
							"lerp_mode": "catmullrom"
						},
						"0.4583": {
							"post": [5, 0, 0],
							"lerp_mode": "catmullrom"
						},
						"2.0833": {
							"post": [-17.5, 0, 0],
							"lerp_mode": "catmullrom"
						}
					}
				},
				"rightelbow": {
					"rotation": {
						"0.0": {
							"post": [-17.5, 0, 0],
							"lerp_mode": "catmullrom"
						},
						"0.25": {
							"post": [-47.5, 0, 0],
							"lerp_mode": "catmullrom"
						},
						"0.4583": {
							"post": [-2.5, 0, 0],
							"lerp_mode": "catmullrom"
						},
						"2.0833": {
							"post": [-17.5, 0, 0],
							"lerp_mode": "catmullrom"
						}
					}
				},
				"ear": {
					"rotation": {
						"0.0": {
							"post": [0, -62.5, 27.5],
							"lerp_mode": "catmullrom"
						},
						"2.0833": {
							"post": [0, -62.5, 27.5],
							"lerp_mode": "catmullrom"
						}
					}
				},
				"ear2": {
					"rotation": {
						"0.0": {
							"post": [0, 67.5, -40],
							"lerp_mode": "catmullrom"
						},
						"2.0833": {
							"post": [0, 67.5, -40],
							"lerp_mode": "catmullrom"
						}
					}
				},
				"jaw": {
					"rotation": {
						"0.0": {
							"post": [7.5, 0, 0],
							"lerp_mode": "catmullrom"
						},
						"2.0833": {
							"post": [7.5, 0, 0],
							"lerp_mode": "catmullrom"
						}
					}
				}
			}
		},
		"animation.xuehu_pup.special": {
			"animation_length": 2.125,
			"bones": {
				"body": {
					"rotation": {
						"0.0": {
							"post": [0, 0, 0],
							"lerp_mode": "catmullrom"
						},
						"1.9583": {
							"post": [0, 0, 0],
							"lerp_mode": "catmullrom"
						}
					},
					"position": {
						"0.0": {
							"post": [0, -2, 0],
							"lerp_mode": "catmullrom"
						},
						"1.9583": {
							"post": [0, -2, 0],
							"lerp_mode": "catmullrom"
						}
					}
				},
				"leftleg": {
					"rotation": {
						"0.0": {
							"post": [-40, 0, 0],
							"lerp_mode": "catmullrom"
						},
						"0.7083": {
							"post": [-40, 0, 0],
							"lerp_mode": "catmullrom"
						},
						"1.2917": {
							"post": [7.5, 0, 0],
							"lerp_mode": "catmullrom"
						},
						"1.75": {
							"post": [7.5, 0, 0],
							"lerp_mode": "catmullrom"
						},
						"1.9583": {
							"post": [-40, 0, 0],
							"lerp_mode": "catmullrom"
						}
					},
					"position": {
						"0.0": {
							"post": [0, 0, 0],
							"lerp_mode": "catmullrom"
						},
						"0.7083": {
							"post": [0, 0, 0],
							"lerp_mode": "catmullrom"
						},
						"1.2917": {
							"post": [0, 2, 0],
							"lerp_mode": "catmullrom"
						},
						"1.75": {
							"post": [0, 2, 0],
							"lerp_mode": "catmullrom"
						},
						"1.9583": {
							"post": [0, 0, 0],
							"lerp_mode": "catmullrom"
						}
					}
				},
				"legright": {
					"position": {
						"0.0": {
							"post": [0, 2, 0],
							"lerp_mode": "catmullrom"
						},
						"1.9583": {
							"post": [0, 2, 0],
							"lerp_mode": "catmullrom"
						}
					}
				},
				"leftleg2": {
					"rotation": {
						"0.0": {
							"post": [0, 0, 0],
							"lerp_mode": "catmullrom"
						},
						"1.9583": {
							"post": [0, 0, 0],
							"lerp_mode": "catmullrom"
						}
					},
					"position": {
						"0.0": {
							"post": [0, 2, 0],
							"lerp_mode": "catmullrom"
						},
						"1.9583": {
							"post": [0, 2, 0],
							"lerp_mode": "catmullrom"
						}
					}
				},
				"legright2": {
					"rotation": {
						"0.0": {
							"post": [-40, 0, 0],
							"lerp_mode": "catmullrom"
						},
						"0.7083": {
							"post": [-40, 0, 0],
							"lerp_mode": "catmullrom"
						},
						"1.2917": {
							"post": [7.5, 0, 0],
							"lerp_mode": "catmullrom"
						},
						"1.75": {
							"post": [7.5, 0, 0],
							"lerp_mode": "catmullrom"
						},
						"1.9583": {
							"post": [-40, 0, 0],
							"lerp_mode": "catmullrom"
						}
					},
					"position": {
						"0.0": {
							"post": [0, 0, 0],
							"lerp_mode": "catmullrom"
						},
						"0.7083": {
							"post": [0, 0, 0],
							"lerp_mode": "catmullrom"
						},
						"1.2917": {
							"post": [0, 2, 0],
							"lerp_mode": "catmullrom"
						},
						"1.75": {
							"post": [0, 2, 0],
							"lerp_mode": "catmullrom"
						},
						"1.9583": {
							"post": [0, 0, 0],
							"lerp_mode": "catmullrom"
						}
					}
				},
				"torso": {
					"rotation": {
						"0.0": {
							"post": [10, 0, 0],
							"lerp_mode": "catmullrom"
						},
						"0.25": {
							"post": [12.5, 0, 0],
							"lerp_mode": "catmullrom"
						},
						"1.0": {
							"post": [15, 0, 0],
							"lerp_mode": "catmullrom"
						},
						"1.25": {
							"post": [-5, 0, 0],
							"lerp_mode": "catmullrom"
						},
						"1.4167": {
							"post": [-7.5, 0, 0],
							"lerp_mode": "catmullrom"
						},
						"1.7917": {
							"post": [-5.38, 0, 0],
							"lerp_mode": "catmullrom"
						},
						"1.9583": {
							"post": [10, 0, 0],
							"lerp_mode": "catmullrom"
						}
					},
					"position": {
						"0.0": {
							"post": [0, 1, 0],
							"lerp_mode": "catmullrom"
						},
						"1.9583": {
							"post": [0, 1, 0],
							"lerp_mode": "catmullrom"
						}
					}
				},
				"head": {
					"rotation": {
						"0.0": {
							"post": [-12.5, 0, 0],
							"lerp_mode": "catmullrom"
						},
						"0.25": {
							"post": [-17.5, 0, 0],
							"lerp_mode": "catmullrom"
						},
						"0.6667": {
							"post": [-15, 0, 0],
							"lerp_mode": "catmullrom"
						},
						"1.125": {
							"post": [-12.5, 0, 0],
							"lerp_mode": "catmullrom"
						},
						"1.25": {
							"post": [-5, 0, 0],
							"lerp_mode": "catmullrom"
						},
						"1.375": {
							"post": [-22.5, 0, 0],
							"lerp_mode": "catmullrom"
						},
						"1.7917": {
							"post": [-27.86, 0, 0],
							"lerp_mode": "catmullrom"
						},
						"1.9583": {
							"post": [-12.5, 0, 0],
							"lerp_mode": "catmullrom"
						},
						"2.0417": {
							"post": [-7.5, 0, 0],
							"lerp_mode": "catmullrom"
						},
						"2.125": {
							"post": [-12.5, 0, 0],
							"lerp_mode": "catmullrom"
						}
					}
				},
				"tail": {
					"rotation": {
						"0.0": {
							"post": [22.5, 0, 0],
							"lerp_mode": "catmullrom"
						},
						"0.25": {
							"post": [24.51607, -22.61684, -9.94948],
							"lerp_mode": "catmullrom"
						},
						"0.5417": {
							"post": [24.08112, 18.06588, 7.85227],
							"lerp_mode": "catmullrom"
						},
						"0.875": {
							"post": [25.95541, -10.04316, -1.41187],
							"lerp_mode": "catmullrom"
						},
						"1.375": {
							"post": [24.24473, 1.44532, 2.32486],
							"lerp_mode": "catmullrom"
						},
						"1.9583": {
							"post": [22.5, 0, 0],
							"lerp_mode": "catmullrom"
						}
					}
				},
				"tail2": {
					"rotation": {
						"0.0": {
							"post": [7.5, 0, 0],
							"lerp_mode": "catmullrom"
						},
						"0.25": {
							"post": [25, 0, 0],
							"lerp_mode": "catmullrom"
						},
						"0.625": {
							"post": [1.03, 0, 0],
							"lerp_mode": "catmullrom"
						},
						"0.9167": {
							"post": [17.46, 0, 0],
							"lerp_mode": "catmullrom"
						},
						"1.5417": {
							"post": [-5.92, 0, 0],
							"lerp_mode": "catmullrom"
						},
						"1.9583": {
							"post": [7.5, 0, 0],
							"lerp_mode": "catmullrom"
						}
					}
				},
				"tail3": {
					"rotation": {
						"0.0": {
							"post": [25.90034, 6.04633, -5.84241],
							"lerp_mode": "catmullrom"
						},
						"0.2917": {
							"post": [41.25402, 6.04633, -5.84241],
							"lerp_mode": "catmullrom"
						},
						"0.6667": {
							"post": [29.86374, 6.04633, -5.84241],
							"lerp_mode": "catmullrom"
						},
						"1.0417": {
							"post": [40.76047, 6.04633, -5.84241],
							"lerp_mode": "catmullrom"
						},
						"1.2917": {
							"post": [25.90034, 6.04633, -5.84241],
							"lerp_mode": "catmullrom"
						},
						"1.9583": {
							"post": [25.90034, 6.04633, -5.84241],
							"lerp_mode": "catmullrom"
						}
					}
				},
				"tail4": {
					"rotation": {
						"0.0": {
							"post": [30, 0, 0],
							"lerp_mode": "catmullrom"
						},
						"1.9583": {
							"post": [30, 0, 0],
							"lerp_mode": "catmullrom"
						}
					}
				},
				"tail5": {
					"rotation": {
						"0.0": {
							"post": [32.5, 0, 0],
							"lerp_mode": "catmullrom"
						},
						"0.125": {
							"post": [44.82137, 20.91893, 18.24262],
							"lerp_mode": "catmullrom"
						},
						"0.2083": {
							"post": [47.57844, -11.49393, -12.2789],
							"lerp_mode": "catmullrom"
						},
						"0.625": {
							"post": [45.31822, 8.00823, 7.16306],
							"lerp_mode": "catmullrom"
						},
						"0.875": {
							"post": [43.44435, 11.41183, 9.03351],
							"lerp_mode": "catmullrom"
						},
						"1.0417": {
							"post": [40.00417, -5.67001, -6.20248],
							"lerp_mode": "catmullrom"
						},
						"1.5": {
							"post": [32.5, 0, 0],
							"lerp_mode": "catmullrom"
						}
					}
				},
				"leftelbow2": {
					"rotation": {
						"0.0": {
							"post": [-17.5, 0, 0],
							"lerp_mode": "catmullrom"
						},
						"1.9583": {
							"post": [-17.5, 0, 0],
							"lerp_mode": "catmullrom"
						}
					}
				},
				"rightelbow": {
					"rotation": {
						"0.0": {
							"post": [-17.5, 0, 0],
							"lerp_mode": "catmullrom"
						},
						"1.9583": {
							"post": [-17.5, 0, 0],
							"lerp_mode": "catmullrom"
						}
					}
				},
				"ear": {
					"rotation": {
						"0.0": {
							"post": [0, -62.5, 27.5],
							"lerp_mode": "catmullrom"
						},
						"1.9583": {
							"post": [0, -62.5, 27.5],
							"lerp_mode": "catmullrom"
						}
					}
				},
				"ear2": {
					"rotation": {
						"0.0": {
							"post": [0, 67.5, -40],
							"lerp_mode": "catmullrom"
						},
						"1.9583": {
							"post": [0, 67.5, -40],
							"lerp_mode": "catmullrom"
						}
					}
				},
				"jaw": {
					"rotation": {
						"0.0": {
							"post": [7.5, 0, 0],
							"lerp_mode": "catmullrom"
						},
						"1.1667": {
							"post": [7.5, 0, 0],
							"lerp_mode": "catmullrom"
						},
						"1.4167": {
							"post": [82.5, 0, 0],
							"lerp_mode": "catmullrom"
						},
						"1.9583": {
							"post": [7.5, 0, 0],
							"lerp_mode": "catmullrom"
						}
					}
				}
			}
		},
		"animation.xuehu_pup.blink": {
			"animation_length": 0.25,
			"bones": {
				"eyes": {
					"position": {
						"0.0": [0, 0, 0],
						"0.0417": [0, 0, 1],
						"0.2083": [0, 0, 2],
						"0.25": [0, 0, 0]
					}
				}
			}
		},
		"animation.xuehu_pup.sleep": {
			"loop": true,
			"bones": {
				"xuehu": {
					"rotation": [-45, 0, 0]
				},
				"rightelbow2": {
					"rotation": [-25, 0, 0]
				},
				"leftelbow": {
					"rotation": [-22.5, 0, 0]
				},
				"neck": {
					"rotation": [35, 0, 0]
				},
				"head": {
					"rotation": [27.5, 0, 0]
				},
				"tail": {
					"rotation": [7.5, 0, 0]
				},
				"tail2": {
					"rotation": [8.11003, -22.29711, -3.09472]
				},
				"tail3": {
					"rotation": [65.97607, -48.20277, -59.12537]
				},
				"tail4": {
					"rotation": [-11.80868, -31.94715, 6.31274]
				},
				"tail5": {
					"rotation": [0, -40, 0]
				},
				"eyes": {
					"position": [0, 0, 1]
				}
			}
		}
	}
}