{
	"format_version": "1.8.0",
	"animations": {
		"animation.vexace.ground_idle": {
			"loop": true,
			"animation_length": 2,
			"bones": {
				"torso": {
					"rotation": {
						"0.0": [-12.5, 0, 0],
						"2.0": [-12.5, 0, 0]
					},
					"position": {
						"0.0": [0, 0, 0],
						"1.0": [0, 1, 0],
						"2.0": [0, 0, 0]
					}
				},
				"head": {
					"rotation": {
						"0.0": [25, 0, 0],
						"0.5": [32.5, 0, 0],
						"1.5": [25, 0, 0]
					}
				},
				"arm": {
					"rotation": {
						"0.0": [35, 0, 0],
						"1.0": [35, 0, 10],
						"2.0": [35, 0, 0]
					}
				}
			}
		},
		"animation.vexace.ground_walk": {
			"loop": true,
			"animation_length": 0.5,
			"bones": {
				"vexace": {
					"position": {
						"0.0": [0, 0, 0],
						"0.25": [0, 1, 0],
						"0.5": [0, 0, 0]
					}
				},
				"torso": {
					"rotation": {
						"0.0": [20, 0, 0],
						"0.5": [20, 0, 0]
					}
				},
				"head": {
					"rotation": {
						"0.0": [-15, 0, 0],
						"0.1667": [-12.5, 0, 0],
						"0.3333": [-15, 0, 0]
					}
				},
				"arm": {
					"rotation": {
						"0.0": [0, 0, -30],
						"0.25": [0, 0, -25],
						"0.5": [0, 0, -30]
					}
				},
				"sword": {
					"rotation": {
						"0.0": [25, 0, 0],
						"0.5": [25, 0, 0]
					}
				}
			}
		},
		"animation.vexace.faint": {
			"animation_length": 3.5,
			"bones": {
				"vexace": {
					"position": {
						"0.0": [0, 0, 0],
						"0.25": [0, -3, 4],
						"0.5": [0, -6, 7],
						"0.75": [0, -8, 7],
						"1.0": [0, -6, 3],
						"1.25": [0, -6, 1],
						"3.25": [0, -6, 1]
					},
					"scale": {
						"0.0": [1, 1, 1],
						"0.25": [0.8, 0.8, 0.8],
						"0.5": [0.8, 0.8, 0.8],
						"0.75": [0.6, 0.6, 0.6],
						"1.0": [0.4, 0.4, 0.4],
						"1.25": [0, 0, 0],
						"3.25": [0, 0, 0]
					}
				},
				"torso": {
					"rotation": {
						"0.0": [-17, 0, 0],
						"0.5": [15, 0, 0],
						"0.75": [15, 0, 0],
						"1.0": [50, 0, 0]
					},
					"position": {
						"0.0": [0, 0, 0],
						"1.0": [0, -1, -2]
					}
				},
				"head": {
					"rotation": {
						"0.0": [-45, 0, 0],
						"0.7083": [-45, 0, 0],
						"0.8333": [40, 0, 0],
						"1.25": [10, 0, 0]
					},
					"position": {
						"0.0": [0, 0, 0],
						"0.75": [0, 0, 0]
					}
				},
				"arm": {
					"rotation": {
						"0.0": [0, 0, -40],
						"0.25": [-100, 0, -40],
						"0.375": [-100, 0, -40],
						"0.5": [37.5, 0, -40],
						"0.5833": [45, 0, -40]
					},
					"position": {
						"0.0": [0, 0, 0],
						"0.25": [0, 0, 0],
						"0.375": [0, 0, 0]
					}
				},
				"sword": {
					"rotation": {
						"0.0": [0, 0, 0],
						"0.5": [0, 0, 0],
						"0.5833": [45, 0, 0],
						"0.75": [217.5, 0, 0]
					}
				}
			}
		}
	}
}