{
	"format_version": "1.12.0",
	"minecraft:geometry": [
		{
			"description": {
				"identifier": "geometry.unknown",
				"texture_width": 64,
				"texture_height": 64,
				"visible_bounds_width": 4,
				"visible_bounds_height": 2.5,
				"visible_bounds_offset": [0, 0.75, 0]
			},
			"bones": [
				{
					"name": "larvern",
					"pivot": [0, 0, 0]
				},
				{
					"name": "body",
					"parent": "larvern",
					"pivot": [0, 3, -3],
					"cubes": [
						{"origin": [-3, 1.875, -5], "size": [6, 5, 4], "uv": [23, 0]},
						{"origin": [0.95, 6.8, -3.275], "size": [3, 0, 11], "pivot": [1.45, 6.8, -3.275], "rotation": [59.52385, 1.26855, 2.15443], "uv": [6, 0]},
						{"origin": [-3.95, 6.8, -3.275], "size": [3, 0, 11], "pivot": [-1.45, 6.8, -3.275], "rotation": [59.52385, -1.26855, -2.15443], "uv": [0, 0]},
						{"origin": [3.025, 3.375, -4], "size": [0, 2, 2], "uv": [0, 20]},
						{"origin": [3.05, 3.875, -3.5], "size": [0, 1, 1], "uv": [6, 12]},
						{"origin": [-3.025, 3.375, -4], "size": [0, 2, 2], "uv": [0, 20], "mirror": true},
						{"origin": [-3.05, 3.875, -3.5], "size": [0, 1, 1], "uv": [6, 12], "mirror": true},
						{"origin": [3.05, 3.875, -3.5], "size": [0, 1, 1], "uv": [9, 2]},
						{"origin": [3.025, 3.375, -4], "size": [0, 2, 2], "uv": [0, 0]}
					]
				},
				{
					"name": "head",
					"parent": "body",
					"pivot": [0, 3.05325, -4.87136],
					"cubes": [
						{"origin": [-2.5, 1, -10], "size": [5, 5, 5], "uv": [0, 20]},
						{"origin": [-2.505, 2.875, -9.8], "size": [0, 3, 3], "uv": [0, 10]},
						{"origin": [-2.51, 3.625, -9.05], "size": [0, 1.5, 1.5], "uv": [9, 0]},
						{"origin": [2.505, 2.875, -9.8], "size": [0, 3, 3], "uv": [0, 13]},
						{"origin": [2.51, 3.625, -9.05], "size": [0, 1.5, 1.5], "uv": [9, 1]},
						{"origin": [-2.515, 4.85, -9.9], "size": [0, 1.5, 4.5], "pivot": [-2.575, 5.575, -8.3], "rotation": [12, 0, 0], "uv": [0, 7]},
						{"origin": [2.56, 4.85, -9.9], "size": [0, 1.5, 4.5], "pivot": [-2.575, 5.575, -8.3], "rotation": [12, 0, 0], "uv": [0, 7]},
						{"origin": [-2.5, 6, -10], "size": [5, 0, 5], "pivot": [0, 6, -10], "rotation": [12, 0, 0], "uv": [27, 30]},
						{"origin": [-6.5, 6, -10], "size": [4, 0, 5], "pivot": [0, 6, -10], "rotation": [12, 0, 0], "uv": [0, 31]},
						{"origin": [2.5, 6, -10], "size": [4, 0, 5], "pivot": [0, 6, -10], "rotation": [12, 0, 0], "uv": [31, 18]},
						{"origin": [-2.5, 6, -13], "size": [5, 0, 3], "pivot": [0, 6, -10], "rotation": [75, 0, 0], "uv": [29, 35]},
						{"origin": [-2.5, 3.1, -11.775], "size": [5, 0, 1], "pivot": [0, 3.1, -10.775], "rotation": [10, 0, 0], "uv": [35, 23]},
						{"origin": [-2.5, 2.94, -15.75], "size": [5, 0, 4], "pivot": [0, 2.95, -11.775], "rotation": [-32.5, 0, 0], "uv": [35, 0]},
						{"origin": [0.95, 6.8, -6.275], "size": [4, 0, 9], "pivot": [2.45, 6.8, -6.275], "rotation": [59.52385, 1.26855, 2.15443], "uv": [8, 11]},
						{"origin": [-4.95, 6.8, -6.275], "size": [4, 0, 9], "pivot": [-2.45, 6.8, -6.275], "rotation": [59.52385, -1.26855, -2.15443], "uv": [0, 11]},
						{"origin": [1.9, 0, -6.5], "size": [1, 1, 1], "uv": [23, 9]},
						{"origin": [-2.9, 0, -6.5], "size": [1, 1, 1], "uv": [23, 9]}
					]
				},
				{
					"name": "body2",
					"parent": "body",
					"pivot": [0, 3.5, -1],
					"cubes": [
						{"origin": [-2.5, 1, -1], "size": [5, 5, 4], "uv": [14, 30]},
						{"origin": [1.9, 0, 0.5], "size": [1, 1, 1], "uv": [23, 9]},
						{"origin": [-2.9, 0, 0.5], "size": [1, 1, 1], "uv": [23, 9]},
						{"origin": [2.525, 2.6, 0], "size": [0, 2, 2], "uv": [0, 18]},
						{"origin": [2.55, 3.1, 0.5], "size": [0, 1, 1], "uv": [9, 7]},
						{"origin": [-2.525, 2.6, 0], "size": [0, 2, 2], "uv": [0, 18], "mirror": true},
						{"origin": [-2.55, 3.1, 0.5], "size": [0, 1, 1], "uv": [9, 7], "mirror": true},
						{"origin": [2.55, 3.1, 0.5], "size": [0, 1, 1], "uv": [9, 3]},
						{"origin": [2.525, 2.6, 0], "size": [0, 2, 2], "uv": [0, 2]}
					]
				},
				{
					"name": "body3",
					"parent": "body2",
					"pivot": [0, 4.25, 3],
					"cubes": [
						{"origin": [-3, 1.875, 3], "size": [6, 5, 4], "uv": [20, 20]},
						{"origin": [3.025, 3.375, 4], "size": [0, 2, 2], "uv": [19, 19]},
						{"origin": [3.05, 3.875, 4.5], "size": [0, 1, 1], "uv": [9, 8]},
						{"origin": [-3.025, 3.375, 4], "size": [0, 2, 2], "uv": [19, 19], "mirror": true},
						{"origin": [-3.05, 3.875, 4.5], "size": [0, 1, 1], "uv": [9, 8], "mirror": true},
						{"origin": [-2.95, 6.8, 4.725], "size": [2, 0, 5], "pivot": [-1.45, 6.8, 4.725], "rotation": [59.52385, -1.26855, -2.15443], "uv": [0, 0]},
						{"origin": [0.95, 6.8, 4.725], "size": [2, 0, 5], "pivot": [1.45, 6.8, 4.725], "rotation": [59.52385, 1.26855, 2.15443], "uv": [0, 5]},
						{"origin": [3.05, 3.875, 4.5], "size": [0, 1, 1], "uv": [9, 4]},
						{"origin": [3.025, 3.375, 4], "size": [0, 2, 2], "uv": [0, 4]}
					]
				},
				{
					"name": "body4",
					"parent": "body3",
					"pivot": [0.56389, 3.4, 7],
					"cubes": [
						{"origin": [-2.5, 1, 7], "size": [5, 5, 4], "uv": [25, 9]},
						{"origin": [-2.9, 0, 8.5], "size": [1, 1, 1], "uv": [23, 9]},
						{"origin": [1.9, 0, 8.5], "size": [1, 1, 1], "uv": [23, 9]},
						{"origin": [2.525, 2.6, 8], "size": [0, 2, 2], "uv": [15, 19]},
						{"origin": [2.55, 3.1, 8.5], "size": [0, 1, 1], "uv": [9, 6]},
						{"origin": [-2.525, 2.6, 8], "size": [0, 2, 2], "uv": [15, 19], "mirror": true},
						{"origin": [-2.55, 3.1, 8.5], "size": [0, 1, 1], "uv": [9, 6], "mirror": true},
						{"origin": [2.55, 3.1, 8.5], "size": [0, 1, 1], "uv": [9, 5]},
						{"origin": [2.525, 2.6, 8], "size": [0, 2, 2], "uv": [0, 6]}
					]
				},
				{
					"name": "body5",
					"parent": "body4",
					"pivot": [0, 2.5, 11],
					"cubes": [
						{"origin": [-1.5, 1, 11], "size": [3, 3, 3], "uv": [0, 36]}
					]
				},
				{
					"name": "tail",
					"parent": "body5",
					"pivot": [0, 3.32699, 12.87971],
					"cubes": [
						{"origin": [-2.27445, 8.09332, 7.61719], "size": [0, 1, 9], "pivot": [-2.34034, 11.27576, 15.03063], "rotation": [58.37116, -20.4519, -2.25297], "uv": [0, 21], "mirror": true},
						{"origin": [2.27445, 8.09332, 7.61719], "size": [0, 1, 9], "pivot": [2.34034, 11.27576, 15.03063], "rotation": [58.37116, 20.4519, 2.25297], "uv": [0, 21]},
						{"origin": [-2.29945, 8.01967, 13.60694], "size": [0, 1, 5], "pivot": [-2.34034, 11.27576, 15.03063], "rotation": [108.37116, -20.4519, -2.25297], "uv": [32, 33], "mirror": true},
						{"origin": [2.29945, 8.01967, 13.60694], "size": [0, 1, 5], "pivot": [2.34034, 11.27576, 15.03063], "rotation": [108.37116, 20.4519, 2.25297], "uv": [32, 33]},
						{"origin": [2.32445, 6.88062, 13.02858], "size": [0, 1, 5], "pivot": [2.34034, 11.27576, 15.03063], "rotation": [-179.12884, 20.4519, 2.25297], "uv": [25, 14]},
						{"origin": [-2.32445, 6.88062, 13.02858], "size": [0, 1, 5], "pivot": [-2.34034, 11.27576, 15.03063], "rotation": [-179.12884, -20.4519, -2.25297], "uv": [25, 14], "mirror": true},
						{"origin": [2.34945, 12.80562, 15.79428], "size": [0, 1, 3], "pivot": [2.34034, 11.27576, 15.03063], "rotation": [98.37116, 20.4519, 2.25297], "uv": [15, 17]},
						{"origin": [-2.34945, 12.80562, 15.79428], "size": [0, 1, 3], "pivot": [-2.34034, 11.27576, 15.03063], "rotation": [98.37116, -20.4519, -2.25297], "uv": [15, 17], "mirror": true},
						{"origin": [-2.37445, 9.0809, 14.28968], "size": [0, 1, 2], "pivot": [-2.34034, 11.27576, 15.03063], "rotation": [-154.12884, -20.4519, -2.25297], "uv": [19, 21], "mirror": true},
						{"origin": [2.37445, 9.0809, 14.28968], "size": [0, 1, 2], "pivot": [2.34034, 11.27576, 15.03063], "rotation": [-154.12884, 20.4519, 2.25297], "uv": [19, 21]}
					]
				}
			]
		}
	]
}