{
	"format_version": "1.12.0",
	"minecraft:geometry": [
		{
			"description": {
				"identifier": "geometry.rakonso",
				"texture_width": 128,
				"texture_height": 128,
				"visible_bounds_width": 4,
				"visible_bounds_height": 4.5,
				"visible_bounds_offset": [0, 1.75, 0]
			},
			"bones": [
				{
					"name": "rakonso",
					"pivot": [0, 0, 0]
				},
				{
					"name": "bone",
					"parent": "rakonso",
					"pivot": [0, 8, 0]
				},
				{
					"name": "bone2",
					"parent": "bone",
					"pivot": [0, 8, 0],
					"cubes": [
						{"origin": [-4.5, 8, -9], "size": [9, 7, 20], "uv": [1, 1]}
					]
				},
				{
					"name": "tail",
					"parent": "bone2",
					"pivot": [0, 9, 11],
					"cubes": [
						{"origin": [-3, 9, 11], "size": [6, 0, 10], "uv": [31, 39]},
						{"origin": [-14, 9, 21], "size": [28, 33, 0], "uv": [22, 60]}
					]
				},
				{
					"name": "head",
					"parent": "bone2",
					"pivot": [0, 11.5, -8],
					"cubes": [
						{"origin": [-5, 7, -19], "size": [10, 9, 11], "uv": [76, 6]}
					]
				},
				{
					"name": "horn",
					"parent": "head",
					"pivot": [0, 7, 2],
					"cubes": [
						{"origin": [4, 13, -15], "size": [7, 2, 2], "uv": [47, 11]},
						{"origin": [9, 15, -15], "size": [2, 4, 2], "uv": [71, 5]}
					]
				},
				{
					"name": "horn2",
					"parent": "head",
					"pivot": [0, 7, 2],
					"cubes": [
						{"origin": [-11, 15, -15], "size": [2, 4, 2], "uv": [71, 5], "mirror": true},
						{"origin": [-11, 13, -15], "size": [7, 2, 2], "uv": [47, 11], "mirror": true}
					]
				},
				{
					"name": "leg",
					"parent": "bone",
					"pivot": [2.5, 8, 7.5],
					"cubes": [
						{"origin": [1, 0, 6], "size": [3, 8, 3], "uv": [12, 36]}
					]
				},
				{
					"name": "leg2",
					"parent": "bone",
					"pivot": [-2.5, 8, -5.5],
					"cubes": [
						{"origin": [-4, 0, -7], "size": [3, 8, 3], "uv": [12, 36], "mirror": true}
					]
				},
				{
					"name": "leg3",
					"parent": "bone",
					"pivot": [-2.5, 8, 7.5],
					"cubes": [
						{"origin": [-4, 0, 6], "size": [3, 8, 3], "uv": [12, 36], "mirror": true}
					]
				},
				{
					"name": "leg4",
					"parent": "bone",
					"pivot": [2.5, 8, -5.5],
					"cubes": [
						{"origin": [1, 0, -7], "size": [3, 8, 3], "uv": [12, 36]}
					]
				}
			]
		}
	]
}