{
    "species": "cobblemon:equelpi",
    "order": 0,
    "variations": [
      {
        "aspects": [],
        "poser": "cobblemon:equelpi",
        "model": "cobblemon:equelpi.geo",
        "texture": "cobblemon:textures/pokemon/equelpi/equelpi.png",
        "layers": [
          {
                "name": "emissive",
                "emissive": true,
                "texture": "cobblemon:textures/pokemon/equelpi/equelpi_emissive.png",
                "translucent": true
          }
        ]
      },
      {
        "aspects": [
          "shiny"
        ],
        "texture": "cobblemon:textures/pokemon/equelpi/equelpi_shiny.png",
        "layers": [
          {
                "name": "emissive",
                "emissive": true,
                "texture": "cobblemon:textures/pokemon/equelpi/equelpi_emissive.png",
                "translucent": true
          }
        ]
      }
    ]
  }
  