{
  "species": "cobblemon:stellotl",
  "order": 0,
  "variations": [
    {
      "aspects": [],
      "poser": "cobblemon:stellotl",
      "model": "cobblemon:stellotl.geo",
      "texture": "cobblemon:textures/pokemon/stellotl/stellotl.png",
      "layers": [
        {
          "name": "animation",
          "texture": {
            "frames": [
              "cobblemon:textures/pokemon/stellotl/animation/frame1.png",
              "cobblemon:textures/pokemon/stellotl/animation/frame2.png"
              ],
            "fps": 6,
            "loop": true
          },
          "emissive": true
        },
        {
          "name": "glow",
          "texture": "cobblemon:textures/pokemon/stellotl/stellotl_emissive.png",
          "emissive": true,
          "translucent": true
        }
      ]
    },
    {
      "aspects": [
        "shiny"
      ],
      "texture": "cobblemon:textures/pokemon/stellotl/stellotl_shiny.png",
      "layers": [
        {
          "name": "glow",
          "texture": "cobblemon:textures/pokemon/stellotl/stellotl_emissive.png",
          "emissive": true,
          "translucent": true
        }
      ]
    }
  ]
 }