{
	"format_version": "1.12.0",
	"minecraft:geometry": [
		{
			"description": {
				"identifier": "geometry.tarblin",
				"texture_width": 128,
				"texture_height": 128,
				"visible_bounds_width": 4,
				"visible_bounds_height": 3.5,
				"visible_bounds_offset": [0, 1.25, 0]
			},
			"bones": [
				{
					"name": "tarblin",
					"pivot": [0, 0, 0]
				},
				{
					"name": "body",
					"parent": "tarblin",
					"pivot": [0, 0, 0],
					"cubes": [
						{"origin": [-6.3, 0.3, -6.5], "size": [13, 1, 13], "uv": [0, 0]},
						{"origin": [-3.8, 0.3, -4], "size": [8, 3, 8], "uv": [26, 22]}
					]
				},
				{
					"name": "strand",
					"parent": "body",
					"pivot": [0.2, 2.9, -0.4],
					"cubes": [
						{"origin": [-1.4, 1.5, -1.9], "size": [3.2, 10, 3], "uv": [53, 52]}
					]
				},
				{
					"name": "chest",
					"parent": "strand",
					"pivot": [-0.02322, 9.87678, 0],
					"cubes": [
						{"origin": [-4, 12.5, -3], "size": [8, 6, 6], "uv": [0, 30]},
						{"origin": [-3.4, 10.5, -2], "size": [6, 5, 4], "pivot": [-0.4, 12.5, 0], "rotation": [0, 0, 45], "uv": [0, 42]}
					]
				},
				{
					"name": "head",
					"parent": "chest",
					"pivot": [0.20245, 18.64782, -0.14167],
					"cubes": [
						{"origin": [-104.74474, -22.12691, 0.1], "size": [11, 11, 0], "pivot": [-41.94474, -16.62691, 0.1], "rotation": [0, 0, 127], "uv": [39, 0]},
						{"origin": [-5.5, 15.5, -4.1], "size": [1, 11, 4], "pivot": [-4.5, 26.4, -2.1], "rotation": [0, 0, 3], "uv": [14, 51]},
						{"origin": [-4.5, 18.5, -4], "size": [9, 8, 8], "uv": [0, 14]}
					]
				},
				{
					"name": "ears",
					"parent": "head",
					"pivot": [0, 0, 0]
				},
				{
					"name": "leftear",
					"parent": "ears",
					"pivot": [5, 22.5, 0],
					"cubes": [
						{"origin": [4.5, 17.5, 0], "size": [11, 10, 0], "uv": [67, 101]}
					]
				},
				{
					"name": "rightear",
					"parent": "ears",
					"pivot": [-5, 22.5, 0],
					"cubes": [
						{"origin": [-15.5, 17.5, 0], "size": [11, 10, 0], "uv": [20, 101]}
					]
				},
				{
					"name": "bang",
					"parent": "head",
					"pivot": [3, 26.3, -2.1],
					"cubes": [
						{"origin": [0.5, 21.5, -4.1], "size": [5, 5, 4], "uv": [48, 11]}
					]
				},
				{
					"name": "lower",
					"parent": "bang",
					"pivot": [4, 21.4, -2.1],
					"cubes": [
						{"origin": [2.5, 13.5, -4.1], "size": [3, 8, 4], "uv": [0, 51]}
					]
				},
				{
					"name": "skull",
					"parent": "head",
					"pivot": [0, 26.5, -1.1],
					"rotation": [0, -45, 0],
					"cubes": [
						{"origin": [-1.96066, 25.68418, -6.54455], "size": [0, 1, 2], "inflate": 0.02, "pivot": [0, 28, -5.1], "rotation": [10, 0, 0], "uv": [22, 28]},
						{"origin": [-2, 26.5, -6.6], "size": [4, 3, 3], "pivot": [1, 28, -5.1], "rotation": [10, 0, 0], "uv": [26, 14]},
						{"origin": [2, 25.5, -5.6], "size": [0, 1, 2], "inflate": 0.02, "pivot": [1, 28, -5.1], "rotation": [10, 0, 0], "uv": [9, 0]},
						{"origin": [-4.52401, 26.37939, 0.7424], "size": [2, 4, 0], "inflate": 0.02, "pivot": [-3.52401, 28.37939, 0.7424], "rotation": [-20, 30, 0], "uv": [40, 14]},
						{"origin": [-5.75, 30.75, 1.65], "size": [4, 2, 0], "inflate": 0.02, "pivot": [-3.75, 31.75, 1.65], "rotation": [0, 30, 35], "uv": [22, 33]},
						{"origin": [1.75, 30.75, 1.65], "size": [4, 2, 0], "inflate": 0.02, "pivot": [3.75, 31.75, 1.65], "rotation": [0, -30, -35], "uv": [26, 20]},
						{"origin": [2.52401, 26.37939, 0.7424], "size": [2, 4, 0], "inflate": 0.02, "pivot": [3.52401, 28.37939, 0.7424], "rotation": [-20, -30, 0], "uv": [30, 33]},
						{"origin": [-3, 26.5, -4.1], "size": [6, 5, 6], "uv": [28, 33]}
					]
				},
				{
					"name": "eye",
					"parent": "head",
					"pivot": [0, 0, 0],
					"cubes": [
						{"origin": [-4.1, 21.8, -4.1], "size": [3, 3, 0], "uv": [68, 5]}
					]
				},
				{
					"name": "leftarm",
					"parent": "chest",
					"pivot": [4.25752, 16.62571, -0.4],
					"cubes": [
						{"origin": [4.2, 12.7, -1.9], "size": [3, 6, 3], "pivot": [5.8, 13.6, 0], "rotation": [0, 0, -27], "uv": [50, 20]}
					]
				},
				{
					"name": "hand",
					"parent": "leftarm",
					"pivot": [5.26543, 14.62789, -1.18],
					"cubes": [
						{"origin": [4.2, 7.4, -1.9], "size": [3, 3, 3], "pivot": [5.8, 13.6, 0], "rotation": [0, 0, -27], "uv": [46, 33]},
						{"origin": [8.27993, 9.27117, -1.7], "size": [1, 1, 0], "pivot": [7.27993, 7.17117, -1.7], "rotation": [0, 0, 34], "uv": [0, 1]},
						{"origin": [7.67993, 7.87117, -1.7], "size": [1, 1, 0], "pivot": [7.27993, 7.17117, -1.7], "rotation": [0, 0, 34], "uv": [0, 0]},
						{"origin": [3.7, 6.7, -1.7], "size": [1, 1, 0], "pivot": [5.8, 13.6, 0], "rotation": [0, 0, -27], "uv": [0, 2]},
						{"origin": [4.2, 9.8, -0.4], "size": [3, 4, 0], "pivot": [5.8, 13.6, 0], "rotation": [0, 0, -27], "uv": [87, 54]}
					]
				},
				{
					"name": "rightarm",
					"parent": "chest",
					"pivot": [-3.22089, 16.23837, 0.31802],
					"cubes": [
						{"origin": [-5.98198, 8.6, -1.18198], "size": [3, 10, 3], "pivot": [-4.58198, 13.6, 0.71802], "rotation": [0, 0, 45], "uv": [0, 0]},
						{"origin": [-1.48198, 6.5, 0.31802], "size": [3, 9, 0], "pivot": [-4.58198, 13.6, 0.71802], "rotation": [0, 0, 130], "uv": [78, 43]}
					]
				},
				{
					"name": "bubbles",
					"parent": "body",
					"pivot": [0, 0, 0]
				},
				{
					"name": "bubble3",
					"parent": "bubbles",
					"pivot": [-4.2, 1.7, -5.1],
					"cubes": [
						{"origin": [-5.2, 0.7, -6.1], "size": [2, 2, 2], "uv": [0, 18]}
					]
				},
				{
					"name": "bubble1",
					"parent": "bubbles",
					"pivot": [5.1, 1.7, 0.5],
					"cubes": [
						{"origin": [4.1, 0.7, -0.5], "size": [2, 2, 2], "uv": [0, 14]}
					]
				},
				{
					"name": "bubble2",
					"parent": "bubbles",
					"pivot": [2.8, 3.5, -2.6],
					"cubes": [
						{"origin": [1.8, 2.5, -3.6], "size": [2, 2, 2], "uv": [38, 18]}
					]
				}
			]
		}
	]
}