{
	"format_version": "1.12.0",
	"minecraft:geometry": [
		{
			"description": {
				"identifier": "geometry.slagua",
				"texture_width": 128,
				"texture_height": 128,
				"visible_bounds_width": 3,
				"visible_bounds_height": 3.5,
				"visible_bounds_offset": [0, 1.25, 0]
			},
			"bones": [
				{
					"name": "slagua",
					"pivot": [0, 0, 0]
				},
				{
					"name": "bone",
					"parent": "slagua",
					"pivot": [0, 0, 0]
				},
				{
					"name": "bone3",
					"parent": "bone",
					"pivot": [0, 0, 0],
					"cubes": [
						{"origin": [-4, 0, -4], "size": [8, 16, 8], "uv": [0, 0]}
					]
				},
				{
					"name": "head",
					"parent": "bone3",
					"pivot": [0, 16.25, 0],
					"cubes": [
						{"origin": [-5, 16, -5], "size": [10, 10, 10], "uv": [0, 26]},
						{"origin": [-3, 26, -3], "size": [6, 7, 6], "uv": [56, 33]}
					]
				},
				{
					"name": "bone2",
					"parent": "bone",
					"pivot": [0, 0, -4],
					"cubes": [
						{"origin": [-9, 0.1, -9], "size": [18, 0, 18], "uv": [28, 7]}
					]
				}
			]
		}
	]
}