{
	"format_version": "1.12.0",
	"minecraft:geometry": [
		{
			"description": {
				"identifier": "geometry.hopine",
				"texture_width": 64,
				"texture_height": 64,
				"visible_bounds_width": 3,
				"visible_bounds_height": 2.5,
				"visible_bounds_offset": [0, 0.75, 0]
			},
			"bones": [
				{
					"name": "hopine",
					"pivot": [0, 0, 0]
				},
				{
					"name": "bone",
					"parent": "hopine",
					"pivot": [0, 0, 0]
				},
				{
					"name": "head",
					"parent": "bone",
					"pivot": [0, 7, 0],
					"cubes": [
						{"origin": [-3.5, 7, -3.5], "size": [7, 7, 7], "uv": [36, 0]}
					]
				},
				{
					"name": "bone3",
					"parent": "head",
					"pivot": [-0.33205, 14.27679, -0.005],
					"cubes": [
						{"origin": [-1.4, 13.4, -1], "size": [2, 7, 2], "uv": [0, 14]},
						{"origin": [-2.4, 20, -1.01], "size": [2, 8, 2], "pivot": [-1, 20, 0], "rotation": [0, 0, -120], "uv": [13, 15]}
					]
				},
				{
					"name": "bone4",
					"parent": "bone3",
					"pivot": [-7.46025, 15.65359, -0.01],
					"cubes": [
						{"origin": [-1.4, 26, -3.01], "size": [0, 8, 6], "pivot": [-1, 20, 0], "rotation": [0, 0, -120], "uv": [33, 15]}
					]
				},
				{
					"name": "bone2",
					"parent": "bone",
					"pivot": [0.5, 0, 0],
					"cubes": [
						{"origin": [-3, 0, 0], "size": [6, 7, 0], "uv": [5, 4]}
					]
				}
			]
		}
	]
}