{
    "implemented": true,
    "name": "buckid",
    "labels": [ "custom" ],
    "pokedex": [
      "cobblemon.species.buckid.desc1"
    ],
    "height": 1.9,
    "weight": 45,
    "shoulderMountable": true,
 "primaryType": "water",
  "baseStats": {
    "hp": 60,
    "attack": 30,
    "defence": 85,
    "special_attack": 20,
    "special_defence": 90,
    "speed": 30
  },
  "catchRate": 45,
  "maleRatio": 0.5,
  "baseExperienceYield": 64,
  "experienceGroup": "medium_slow",
  "eggCycles": 20,
  "eggGroups": [
    "water_3",
    "mineral"
  ],
  "baseFriendship": 70,
  "evYield": {
    "defence": 1
  },
  "moves": [
    "1:tackle",
    "1:defencecurl",
    "3:watergun",
    "6:bubble",
    "9:screech",
    "12:aquajet",
    "15:bind"
  ],
  "abilities": [
    "h:damp",
    "angershell",
    "battlearmor"
  ],
  
  "evolutions": [
    {
      "id": "buckid_vikink_lvl",
      "variant": "level_up",
      "result": "vikink",
      "consumeHeldItem": false,
      "learnableMoves": ["bulletpunch"],
      "requirements": [
        {
          "variant": "level",
          "minLevel": 16
        }
      ]
    }
  ],
  
  "baseScale": 1,
  "hitbox": {
    "width": 1,
    "height": 1,
    "fixed": false
  },
  "drops": {
  "amount": "2",
    "entries": [
      {
        "item": "minecraft:ink_sac",
        "quantityRange": "1-3",
        "percentage": 75
      },
      {
        "item": "minecraft:bucket",
        "quantityRange": "1",
        "percentage": 10
      }
    ]
  },
  "behaviour": {
    "moving": {
      "canLook": false,
      "fly": {
        "canFly": false
      },          
      "swim": {
        "swimSpeed": 0.3,
        "canSwimInWater": true,
        "canBreatheUnderwater": true
      },
      "walk":{
        "walkSpeed":0.2,
        "avoidsLand":true
      }
    }
  }

  
  }
