{
    
"implemented": true,
"name": "chickatrice",
"labels": [ "custom" ],
"pokedex": [
  "cobblemon.species.chickatrice.desc1"
],
"height": 5,
"weight": 17,
"preEvolution": "egglet",
"shoulderMountable": false,
"shoulderEffects": [ "slow_fall" ],
"primaryType": "flying",
"secondaryType": "dragon",
"baseStats": {
  "hp": 70,
  "attack": 110,
  "defence": 40,
  "special_attack": 140,
  "special_defence": 30,
  "speed": 90
},
"catchRate": 45,
"maleRatio": 1,
"baseExperienceYield": 155,
"experienceGroup": "medium_slow",
"eggCycles": 15,
"eggGroups": [
  "flying",
  "field"
],
"baseFriendship": 35,
"evYield": {
  "hp": 1,
  "special_attack":1
},

"moves": [
    "28:dragonclaw",
    "34:jumpkick",
    "42:shadowclaw",
    "48:dragonbreath",
    "52:assurance",
    "56:aerialace",
    "68:blazekick",
    "74:dragonrush",
    "87:oblivionwing",
    "95:lashout"
  ],
  "abilities": [
    "earlybird",
    "bigpecks",
    "h:shellarmor"
  ],
  
  "baseScale": 1.4,
  "hitbox": {
    "width": 1.3,
    "height": 1.5,
    "fixed": false
  },
  "drops": {
  "amount": "1",
    "entries": [
      {
        "item": "minecraft:chicken",
        "quantityRange": "1-2",
        "percentage": 75
      },
      {
        "item": "minecraft:feather",
        "quantityRange": "1-3",
        "percentage": 50
      },
      {
        "item": "minecraft:dragon_breath",
        "quantityRange": "1",
        "percentage": 1
      }
    ]
  },
  "behaviour": {
    "moving": {
      "canLook": true,
      "fly": {
        "canFly": false
      },          
      "swim": {
        "swimSpeed": 0.2,
        "canSwimInWater": true,
        "canBreatheUnderwater": false
      }
    }
  }

}