{
    
"implemented": true,
"name": "copptomaton",
"labels": [ "custom" ],
"pokedex": [
  "cobblemon.species.copptomaton.desc1"
],
"height": 3,
"weight": 70,
"shoulderMountable": false,
"shoulderEffects": [ "slow_fall" ],
"primaryType": "steel",
"baseStats": {
  "hp": 50,
  "attack": 90,
  "defence": 75,
  "special_attack": 35,
  "special_defence": 60,
  "speed": 20
},
"catchRate": 190,
"maleRatio": -1,
"baseExperienceYield": 60,
"experienceGroup": "medium_fast",
"eggCycles": 25,
"eggGroups": [
  "mineral"
],
"baseFriendship": 35,
"evYield": {
  "attack": 1
},

"moves": [
    "1:smackdown",
    "5:focusenergy",
    "8:charge",
    "10:automatize",
    "12:machpunch",
    "15:spark",
    "19:ancientpower",
    "22:electroball",
    "26:quickguard",
    "28:bulletpunch",
    "34:flashcannon",
    "36:rockblast",
    "39:closecombat",
    "60:electrify"
  ],
  "abilities": [
    "bulletproof",
    "h:bigpecks",
    "sturdy"
  ],
  
  "evolutions": [
    {
      "id": "copptomaton_profector",
      "variant": "level_up",
      "result": "profector",
      "consumeHeldItem": false,
      "learnableMoves": [ "irondefense" ],
      "requirements": [
        {
          "variant": "damage_taken",
          "amount": 100
        },
        {
          "variant": "held_item",
          "itemCondition": "minecraft:iron_block"
        }
      ]
    }
  ],
  
  "baseScale": 0.8,
  "hitbox": {
    "width": 1,
    "height": 1,
    "fixed": false
  },
  "drops": {
  "amount": "1",
    "entries": [
      {
        "item": "minecraft:copper_ingot",
        "quantityRange": "1-3",
        "percentage": 75
      }
    ]
  },
  "behaviour": {
    "moving": {
      "canLook": true,
      "fly": {
        "canFly": false
      },          
      "swim": {
        "swimSpeed": 0.2,
        "canSwimInWater": false,
        "canBreatheUnderwater": true
      }
    }
  }

}