{

    "implemented": true,
    "name": "creeplant",
    "labels": [ "custom" ],
    "pokedex": [
      "cobblemon.species.creeplant.desc1"
    ],
    "height": 5,
    "weight": 56,
    "preEvolution":"peakaboom",
    "shoulderMountable": false,
    "shoulderEffects": [ "slow_fall" ],
    
  "primaryType": "grass",
  "baseStats": {
    "hp": 75,
    "attack": 60,
    "defence": 60,
    "special_attack": 90,
    "special_defence": 90,
    "speed": 40
  },
  "catchRate": 45,
  "maleRatio": 0.5,
  "baseExperienceYield": 128,
  "experienceGroup": "medium_slow",
  "eggCycles": 20,
  "eggGroups": [
    "grass",
    "amorphous"
  ],
  "baseFriendship": 70,
  "evYield": {
    "special_defence": 1,
    "special_attack":1
  },

  "moves": [
    "19:absorb",
    "21:bide",
    "22:faketears",
    "24:ampclaw",
    "25:rapidgrowth",
    "28:seedbomb",
    "30:shadowclaw",
    "31:baddybad",
    "tm:bite",
    "tm:bulletseed",
    "tm:chloroblast",
    "tm:discharge",
    "tm:energyball",
    "tm:gigadrain",
    "tm:highjumpkick",
    "tm:leaftornado:",
    "tm:lowkick",
    "tm:metalclaw",
    "tm:overdrive",
    "tm:petalblizzard",
    "tm:risingvoltage",
    "tm:shockwave",
    "tm:thunder"
  ],
  "abilities": [
    "chlorophyll",
    "stormbringer",
    "h:lightningrod"
  ],
  
  "evolutions": [
    {
      "id": "creeplant_miscreepant_lvl",
      "variant": "level_up",
      "result": "miscreepant",
      "consumeHeldItem": false,
      "learnableMoves": [ "electricterrain" ],
      "requirements": [
        {
          "variant": "level",
          "minLevel": "32"
        }
      ]
    }
  ],
  
  "baseScale": 1,
  "hitbox": {
    "width": 0.8,
    "height": 1.4,
    "fixed": false
  },
  "drops": {
  "amount": "2",
    "entries": [
      {
        "item": "minecraft:gunpowder",
        "quantityRange": "1-2",
        "percentage": 50
      },
      {
        "item": "minecraft:tnt",
        "quantityRange": "1",
        "percentage": 10
      }
    ]
  },
  "behaviour": {
    "moving": {
      "canLook": true,
      "fly": {
        "canFly": false
      },          
      "swim": {
        "swimSpeed": 0.2,
        "canSwimInWater": true,
        "canBreatheUnderwater": false
      }
    }
  }

}