{  
"implemented": true,
"name": "egglet",
"labels": [ "custom" ],
"pokedex": [
  "cobblemon.species.egglet.desc1"
],
"height": 2,
"weight": 3,
"shoulderMountable": true,
"primaryType": "flying",
"baseStats": {
  "hp": 60,
  "attack": 25,
  "defence": 50,
  "special_attack": 20,
  "special_defence": 30,
  "speed": 10
},
"catchRate": 255,
"maleRatio": 0.2,
"baseExperienceYield": 50,
"experienceGroup": "medium_slow",
"eggCycles": 15,
"eggGroups": [
  "flying",
  "field"
],
"baseFriendship": 35,
"evYield": {
  "hp": 1
},

"moves": [
  "egg:disable",
  "1:peck",
  "3:babydolleyes",
  "6:bite",
  "11:aircutter",
  "14:charm",
  "17:featherdance",
  "19:furyswipes",
  "21:pluck",
  "24:dragonrage",
  "25:doublekick"
],
"abilities": [
  "earlybird",
  "bigpecks",
  "h:shellarmor"
],

"evolutions": [
  {
    "id": "egglet_nesten",
    "variant": "level_up",
    "result": "nesten",
    "consumeHeldItem": false,
    "learnableMoves": ["drainingkiss"],
    "requirements": [
      {
        "variant": "level",
        "minLevel": 26
      },
      {
        "variant": "properties",
        "target":"gender=female"
      }
    ]
  },{
    "id": "egglet_chickatrice",
    "variant": "level_up",
    "result": "chickatrice",
    "consumeHeldItem": false,
    "learnableMoves": ["dragontail"],
    "requirements": [
      {
        "variant": "level",
        "minLevel": 26
      },
      {
        "variant": "properties",
        "target":"gender=male"
      }
    ]
  }
],

"baseScale": 0.75,
"hitbox": {
  "width": 0.5,
  "height": 0.6,
  "fixed": false
},
"drops": {
"amount": "1",
  "entries": [
    {
      "item": "minecraft:chicken",
      "quantityRange": "1",
      "percentage": 75
    },
    {
      "item": "minecraft:feather",
      "quantityRange": "1-3",
      "percentage": 50
    }
  ]
},
"behaviour": {
  "moving": {
    "canLook": true,
    "fly": {
      "canFly": false
    },          
    "swim": {
      "swimSpeed": 0.2,
      "canSwimInWater": true,
      "canBreatheUnderwater": false
    }
  }
}


}