{
    "implemented": true,
"name": "hivee",
"labels": [ "custom" ],
"pokedex": [
  "cobblemon.species.hivee.desc1"
],
"height": 2,
"weight": 8,
"preEvolution": "beelder",
"shoulderMountable": false,
"shoulderEffects": [ "slow_fall" ],
"primaryType": "bug",
"baseStats": {
  "hp": 50,
  "attack": 25,
  "defence": 50,
  "special_attack": 45,
  "special_defence": 80,
  "speed": 25
},
"catchRate": 120,
"maleRatio": 0.1,
"baseExperienceYield": 76,
"experienceGroup": "medium_fast",
"eggCycles": 15,
"eggGroups": [
  "bug"
],
"baseFriendship": 35,
"evYield": {
  "special_defence": 2
},

"moves": [
    "14:charm",
    "16:fairywind",
    "17:infestation",
    "20:poisonpowder",
    "21:playrough",
    "23:drainingkiss"
  ],
  "abilities": [
    "cutecharm",
    "honeygather",
    "h:friendguard"
  ],
  "evolutions": [
    {
      "id": "hivee_queebee",
      "variant": "level_up",
      "result": "queebee",
      "consumeHeldItem": false,
      "learnableMoves": [ "agility" ],
      "requirements": [
        {
          "variant": "level",
          "minLevel": "24"
        }
      ]
    }
  ], 
  "baseScale": 1,
  "hitbox": {
    "width": 1,
    "height": 2,
    "fixed": false
  },
  "drops": {
  "amount": "1",
    "entries": [
      {
        "item": "minecraft:honey_bottle",
        "quantityRange": "2-5",
        "percentage": 30
      }
    ]
  },
  "behaviour": {
    "moving": {
      "canLook": false,
      "fly": {
        "canFly": false
      },          
      "swim": {
        "swimSpeed": 0.2,
        "canSwimInWater": false,
        "canBreatheUnderwater": false
      }
    }
  }


}