{

    "implemented": true,
    "name": "miscreepant",
    "labels": [ "custom" ],
    "pokedex": [
      "cobblemon.species.miscreepant.desc1"
    ],
    "height": 14,
    "weight": 126,
    "preEvolution":"creeplant",
    "shoulderMountable": false,
    "shoulderEffects": [ "slow_fall" ],
    
  "primaryType": "grass",
  "secondaryType":"electric",
  "baseStats":  {
    "hp": 80,
    "attack": 80,
    "defence": 90,
    "special_attack": 110,
    "special_defence": 110,
    "speed": 55
  },
  "catchRate": 45,
  "maleRatio": 0.5,
  "baseExperienceYield": 250,
  "experienceGroup": "medium_slow",
  "eggCycles": 20,
  "eggGroups": [
    "grass",
    "amorphous"
  ],
  "baseFriendship": 70,
  "evYield": {
    "special_defence": 2,
    "special_attack":1
  },

  "moves": [
    "35:brutalswing",
    "38:paraboliccharge",
    "42:metalclaw",
    "47:smog",
    "53:charge",
    "64:thunderstorm",
    "72:solarbeam",
    "78:leafstorm",
    "82:ingrain",
    "90:chargebeam",
    "100:explosion",
    "tm:bite",
    "tm:bulletseed",
    "tm:chloroblast",
    "tm:discharge",
    "tm:energyball",
    "tm:gigadrain",
    "tm:highjumpkick",
    "tm:leaftornado:",
    "tm:lowkick",
    "tm:metalclaw",
    "tm:overdrive",
    "tm:petalblizzard",
    "tm:risingvoltage",
    "tm:shockwave",
    "tm:thunder"
  ],
  "abilities": [
    "chlorophyll",
    "stormbringer",
    "h:lightningrod"
  ],
  "baseScale": 1.4,
  "hitbox": {
    "width": 2,
    "height": 1.5,
    "fixed": false
  },
  "drops": {
  "amount": "2",
    "entries": [
      {
        "item": "minecraft:gunpowder",
        "quantityRange": "1-3",
        "percentage": 75
      },
      {
        "item": "minecraft:tnt",
        "quantityRange": "1-2",
        "percentage": 40
      }
    ]
  },
  "behaviour": {
    "moving": {
      "canLook": true,
      "fly": {
        "canFly": false
      },          
      "swim": {
        "swimSpeed": 0.2,
        "canSwimInWater": true,
        "canBreatheUnderwater": false
      }
    }
  }

}