{
    
"implemented": true,
"name": "moobloom",
"labels": [ "custom" ],
"pokedex": [
  "cobblemon.species.moobloom.desc1"
],
"height": 4,
"weight": 36,
"shoulderMountable": false,
"primaryType": "grass",
"secondaryType": "fairy",
"baseStats": {
  "hp": 50,
  "attack": 40,
  "defence": 70,
  "special_attack": 30,
  "special_defence": 80,
  "speed": 50
},
"catchRate": 190,
"maleRatio": 0.5,
"baseExperienceYield": 100,
"experienceGroup": "medium_slow",
"eggCycles": 20,
"eggGroups": [
  "field",
  "fairy"
],
"baseFriendship": 35,
"evYield": {
  "special_defence": 1
},
"moves": [
    "1:tackle",
    "4:babydolleyes",
    "6:milkdrink",
    "9:absorb",
    "13:leafage",
    "18:razorleaf",
    "21:ingrain",
    "23:fairywing",
    "26:magicalleaf",
    "40:grassyterrain"
  ],
  "abilities": [
    "harvest",
    "aromaveil",
    "h:flowergift"
  ],
  
  "evolutions": [
    {
      "id": "moobloom_moontain",
      "variant": "item_interact",
      "result": "moontain",
      "consumeHeldItem": false,
      "learnableMoves": [],
      "requirements": [],
      "requiredContext": "cobblemon:moon_stone"
    }
  ],
  
  "baseScale": 1,
  "hitbox": {
    "width": 0.5,
    "height": 1,
    "fixed": false
  },
  "drops": {
  "amount": "1",
    "entries": [
      {
        "item": "minecraft:beef",
        "quantityRange": "1-2",
        "percentage": 75
      },
      {
        "item": "minecraft:leather",
        "quantityRange": "1-4",
        "percentage": 25
      },
      {
        "item": "minecraft:dandelion",
        "quantityRange": "1-3",
        "percentage": 10
      }
    ]
  },
  "behaviour": {
    "moving": {
      "canLook": true,
      "fly": {
        "canFly": false
      },          
      "swim": {
        "swimSpeed": 0.2,
        "canSwimInWater": true,
        "canBreatheUnderwater": false
      }
    }
  }

}