{
"implemented": true,
"name": "moontain",
"labels": [ "custom" ],
"pokedex": [
  "cobblemon.species.moontain.desc1"
],
"height": 9,
"weight": 347,
"preEvolution": "moobloom",
"shoulderMountable": false,
"shoulderEffects": [ "slow_fall" ],
"primaryType": "grass",
"secondaryType": "fairy",
"baseStats": {
  "hp": 80,
  "attack": 70,
  "defence": 90,
  "special_attack": 75,
  "special_defence": 140,
  "speed": 40
},
"catchRate": 75,
"maleRatio": 0.5,
"baseExperienceYield": 170,
"experienceGroup": "medium_slow",
"eggCycles": 20,
"eggGroups": [
  "field",
  "fairy"
],
"baseFriendship": 35,
"evYield": {
  "special_defence": 2
},
"moves": [
    "30:aromatherapy",
    "32:accelerock",
    "36:aromaticmist",
    "42:fairylock",
    "48:hornleech",
    "56:earthquake",
    "62:chloroblast",
    "63:moonblast",
    "72:geomancy",
    "76:gigadrain",
    "82:floralhealing",
    "92:solarbeam",
    "100:bulldoze"
  ],
  "abilities": [
    "aromaveil",
    "harvest",
    "h:flowergift"
  ],
  "baseScale": 1.6,
  "hitbox": {
    "width": 2,
    "height": 2,
    "fixed": false
  },
  "drops": {
  "amount": "1",
    "entries": [
      {
        "item": "minecraft:beef",
        "quantityRange": "3-6",
        "percentage": 75
      },
      {
        "item": "minecraft:leather",
        "quantityRange": "2-7",
        "percentage": 25
      },
      {
        "item": "minecraft:dandelion",
        "quantityRange": "1-5",
        "percentage": 10
      }
    ]
  },
  "behaviour": {
    "moving": {
      "canLook": true,
      "fly": {
        "canFly": false
      },          
      "swim": {
        "swimSpeed": 0.2,
        "canSwimInWater": true,
        "canBreatheUnderwater": false
      }
    }
  }

}