{
    
"implemented": true,
"name": "nesten",
"labels": [ "custom" ],
"pokedex": [
  "cobblemon.species.nesten.desc1"
],
"height": 6,
"weight": 32,
"preEvolution": "egglet",
"shoulderMountable": false,
"shoulderEffects": [ "slow_fall" ],
"primaryType": "flying",
"secondaryType": "fairy",
"baseStats": {
  "hp": 130,
  "attack": 45,
  "defence": 110,
  "special_attack": 30,
  "special_defence": 60,
  "speed": 40
},
"catchRate": 90,
"maleRatio": 0,
"baseExperienceYield": 155,
"experienceGroup": "medium_slow",
"eggCycles": 15,
"eggGroups": [
  "flying",
  "field"
],
"baseFriendship": 35,
"evYield": {
  "hp": 2
},

"moves": [
    "28:eggbomb",
    "34:fairywind",
    "42:moonlight",
    "48:alluringvoice",
    "52:aeroblast",
    "56:sweetkiss",
    "68:disarmingvoice",
    "74:dazzlinggleam",
    "87:drillpeck",
    "95:echoedvoice"
  ],
  "abilities": [
    "earlybird",
    "bigpecks",
    "h:shellarmor"
  ],
  
  "baseScale": 1.45,
  "hitbox": {
    "width": 1.3,
    "height": 1.5,
    "fixed": false
  },
  "drops": {
  "amount": "2",
    "entries": [
      {
        "item": "minecraft:chicken",
        "quantityRange": "1-2",
        "percentage": 75
      },
      {
        "item": "minecraft:feather",
        "quantityRange": "1-4",
        "percentage": 50
      }
    ]
  },
  "behaviour": {
    "moving": {
      "canLook": true,
      "fly": {
        "canFly": false
      },          
      "swim": {
        "swimSpeed": 0.2,
        "canSwimInWater": true,
        "canBreatheUnderwater": false
      }
    }
  }

}