{

    "implemented": true,
    "name": "peakaboom",
    "labels": [ "custom" ],
    "pokedex": [
      "cobblemon.species.peakaboom.desc1"
    ],
    "height": 2,
    "weight": 32,
    "shoulderMountable": true,
    
  "primaryType": "grass",
  "baseStats": {
    "hp": 55,
    "attack": 55,
    "defence": 45,
    "special_attack": 65,
    "special_defence": 65,
    "speed": 30
  },
  "catchRate": 45,
  "maleRatio": 0.5,
  "baseExperienceYield": 64,
  "experienceGroup": "medium_slow",
  "eggCycles": 20,
  "eggGroups": [
    "grass",
    "amorphous"
  ],
  "baseFriendship": 70,
  "evYield": {
    "special_defence": 1
  },

  "moves": [
    "1:scratch",
    "1:growth",
    "3:leechseed",
    "6:leafage",
    "9:worryseed",
    "12:razorleaf",
    "15:headbutt",
    "tm:bite",
    "tm:bulletseed",
    "tm:chloroblast",
    "tm:discharge",
    "tm:energyball",
    "tm:gigadrain",
    "tm:highjumpkick",
    "tm:leaftornado:",
    "tm:lowkick",
    "tm:metalclaw",
    "tm:overdrive",
    "tm:petalblizzard",
    "tm:risingvoltage",
    "tm:shockwave",
    "tm:thunder"
  ],
  "abilities": [
    "chlorophyll",
    "stormbringer",
    "h:lightningrod"
  ],
  
  "evolutions": [
    {
      "id": "peakaboom_creeplant_lvl",
      "variant": "level_up",
      "result": "creeplant",
      "consumeHeldItem": false,
      "learnableMoves": [ "selfdestruct" ],
      "requirements": [
        {
          "variant": "level",
          "minLevel": "16"
        }
      ]
    }
  ],
  
  "baseScale": 0.8,
  "hitbox": {
    "width": 0.8,
    "height": 0.8,
    "fixed": false
  },
  "drops": {
  "amount": "2",
    "entries": [
      {
        "item": "minecraft:gunpowder",
        "quantityRange": "1-2",
        "percentage": 50
      }
    ]
  },
  "behaviour": {
    "moving": {
      "canLook": false,
      "fly": {
        "canFly": false
      },          
      "swim": {
        "swimSpeed": 0.2,
        "canSwimInWater": false,
        "canBreatheUnderwater": false
      },
      "walk":{
        "walkSpeed":0.2
      },
      "resting":{
        "canSleep":true,
        "times":"day",
        "sleepChance":1,
        "depth":"normal",
        "willSleepOnBed":true
      }
    }
  }

}