{  
"implemented": true,
"name": "queebee",
"labels": [ "custom" ],
"pokedex": [
  "cobblemon.species.queebee.desc1"
],
"height": 4,
"weight": 9,
"preEvolution": "hivee",
"shoulderMountable": false,
"shoulderEffects": [ "slow_fall" ],
"primaryType": "bug",
"secondaryType": "fairy",
"baseStats": {
  "hp": 70,
  "attack": 35,
  "defence": 70,
  "special_attack": 105,
  "special_defence": 105,
  "speed": 55
},
"catchRate": 45,
"maleRatio": 0.1,
"baseExperienceYield": 180,
"experienceGroup": "medium_fast",
"eggCycles": 15,
"eggGroups": [
  "bug"
],
"baseFriendship": 35,
"evYield": {
  "special_defence": 2,
  "special_attack": 1
},
"moves": [
    "28:acrobatics",
    "29:attackorder",
    "34:powder",
    "37:fellstinger",
    "41:defendorder",
    "44:flowershield",
    "56:razorwind",
    "58:pollenpuff",
    "60:aromaticmist",
    "69:floralhealing",
    "72:mistyterrain",
    "80:ragepowder",
    "86:aerialace"
  ],
  "abilities": [
    "honeygather",
    "cutecharm",
    "h:friendguard"
  ],
  "baseScale": 1.4,
  "hitbox": {
    "width": 2,
    "height": 2,
    "fixed": false
  },
  "drops": {
  "amount": "2",
    "entries": [
      {
        "item": "minecraft:honey_block",
        "quantityRange": "1-2",
        "percentage": 35
      }
    ]
  },
  "behaviour": {
    "moving": {
      "canLook": true,
      "fly": {
        "canFly": true
      },          
      "swim": {
        "swimSpeed": 0.2,
        "canSwimInWater": false,
        "canBreatheUnderwater": false
      }
    }
  }

}