{
   
"implemented": true,
"name": "stringlett",
"labels": [ "custom" ],
"pokedex": [
  "cobblemon.species.tentaquil.desc1"
],
"height": 0.7,
"weight": 2.5,
"shoulderMountable": true,
"primaryType": "bug",
"baseStats": {
  "hp": 25,
  "attack": 50,
  "defence": 55,
  "special_attack": 30,
  "special_defence": 70,
  "speed": 60
},
"catchRate": 250,
"maleRatio": 0.5,
"baseExperienceYield": 36,
"experienceGroup": "medium_fast",
"eggCycles": 15,
"eggGroups": [
  "bug"
],
"baseFriendship": 35,
"evYield": {
  "special_defence": 1
},
"moves": [
    "1:stringshot",
    "1:furycutter",
    "6:meanlook",
    "10:astonish",
    "12:poisonsting",
    "16:bugbite",
    "19:quiverdance",
    "21:silktrap",
    "23:lunge",
    "26:bite",
    "28:bugbuzz",
    "30:fellstinger"
  ],
  "abilities": [
    "compoundeyes",
    "intimidate",
    "h:merciless"
  ],
  
  "evolutions": [
    {
      "id": "stringlett_macabrula",
      "variant": "level_up",
      "result": "macabrula",
      "consumeHeldItem": false,
      "learnableMoves": ["darkpulse"],
      "requirements": [
        {
          "variant": "level",
          "minLevel": 30
        },
        {
          "variant": "time_range",
          "range": "night"
        }
      ]
    },
    {
      "id": "stringlett_venachnid",
      "variant": "level_up",
      "result": "venachnid",
      "consumeHeldItem": false,
      "learnableMoves": ["poisonfang"],
      "requirements": [
        {
          "variant": "level",
          "minLevel": 30
        },
        {
          "variant": "biome",
          "biomeCondition": "#cobblemon:is_cave"
        }
      ]
    }
  ],
   "baseScale": 0.5,
  "hitbox": {
    "width": 0.5,
    "height": 0.5,
    "fixed": false
  },
  "drops": {
  "amount": "4",
    "entries": [
      {
        "item": "minecraft:spider_eye",
        "quantityRange": "1-2",
        "percentage": 40
      },
      {
        "item": "minecraft:string",
        "quantityRange": "1-2",
        "percentage": 60
      }
    ]
  },
  "behaviour": {
    "moving": {
      "canLook": false,
      "fly": {
        "canFly": false
      },          
      "swim": {
        "swimSpeed": 0,
        "canSwimInWater": true,
        "canBreatheUnderwater": false
      }
    }
  }

  
 
}