{

    "implemented": true,
    "name": "stroddler",
    "labels": [ "custom" ],
    "pokedex": [
      "cobblemon.species.stroddler.desc1"
    ],
    "height": 1.6,
    "weight": 27,
    "shoulderMountable": true,
    
  "primaryType": "fire",
  "baseStats": {
    "hp": 60,
    "attack": 30,
    "defence": 80,
    "special_attack": 40,
    "special_defence": 60,
    "speed": 45
  },
  "catchRate": 45,
  "maleRatio": 0.5,
  "baseExperienceYield": 64,
  "experienceGroup": "medium_slow",
  "eggCycles": 20,
  "eggGroups": [
    "water_1",
    "monster"
  ],
  "baseFriendship": 70,
  "evYield": {
    "hp": 1
  },

  "moves": [
    "1:defencecurl",
    "1:tackle",
    "3:ember",
    "6:incinerate",
    "9:rollout",
    "12:rockblast",
    "15:searingshot",
    "tm:cavein",
    "tm:blastburn",
    "tm:bodypress",
    "tm:bulldoze",
    "tm:coaching",
    "tm:doublekick",
    "tm:earthquake",
    "tm:fierywrath",
    "tm:flamecharge",
    "tm:flamethrower",
    "tm:heatcrash",
    "tm:inferno",
    "tm:lowkick",
    "tm:lowsweep",
    "tm:protect",
    "tm:rockslide",
    "tm:rockthrow",
    "tm:rocktomb",
    "tm:rollout",
    "tm:scorchingsands",
    "tm:sunnyday",
    "tm:thunderouskick"
  ],
  "abilities": [
    "desolateland",
    "h:heavymetal",
    "magmaarmor"
  ],
  
  "evolutions": [
    {
      "id": "stroddler_stryder_lvl",
      "variant": "level_up",
      "result": "stryder",
      "consumeHeldItem": false,
      "learnableMoves": ["triplekick"],
      "requirements": [
        {
          "variant": "level",
          "minLevel": 16
        }
      ]
    }
  ],
  
  "baseScale": 0.8,
  "hitbox": {
    "width": 0.5,
    "height": 0.5,
    "fixed": false
  },
  "drops": {
  "amount": "2",
    "entries": [
      {
        "item": "minecraft:string",
        "quantityRange": "1-2",
        "percentage": 75
      }
    ]
  },
  "behaviour": {
    "moving": {
      "canLook": false,
      "fly": {
        "canFly": false
      },          
      "swim": {
        "swimSpeed": 0.3,
        "canSwimInWater": true,
        "canBreatheUnderwater": true,
        "avoidsWater":true,
        "canSwimInLava":true,
        "canBreatheUnderlava":true,
        "hurtByLava":false
      },
      "walk":{
        "walkSpeed":0.2,
        "avoidsLand":true
      }
    }
  }

}