{

    "implemented": true,
    "name": "stryder",
    "labels": [ "custom" ],
    "pokedex": [
      "cobblemon.species.stryder.desc1"
    ],
    "height": 5.2,
    "weight": 250,
    "shoulderMountable": false,
    "shoulderEffects": [ "slow_fall" ],
    
  "primaryType": "fire",
  "secondaryType":"rock",
  "baseStats": {
    "hp": 75,
    "attack": 55,
    "defence": 100,
    "special_attack": 55,
    "special_defence": 75,
    "speed": 55
  },
  "catchRate": 45,
  "maleRatio": 0.5,
  "baseExperienceYield": 128,
  "experienceGroup": "medium_slow",
  "eggCycles": 20,
  "eggGroups": [
    "water_1",
    "monster"
  ],
  "baseFriendship": 70,
  "evYield": {
    "hp": 1,
    "defence": 1
  },

  "moves": [
    "19:ironhead",
    "21:batteringram",
    "22:pressurize",
    "24:fireblast",
    "25:headbutt",
    "28:blazekick",
    "30:highjumpkick",
    "31:brace",
    "tm:cavein",
    "tm:blastburn",
    "tm:bodypress",
    "tm:bulldoze",
    "tm:coaching",
    "tm:doublekick",
    "tm:earthquake",
    "tm:fierywrath",
    "tm:flamecharge",
    "tm:flamethrower",
    "tm:heatcrash",
    "tm:inferno",
    "tm:lowkick",
    "tm:lowsweep",
    "tm:protect",
    "tm:rockslide",
    "tm:rockthrow",
    "tm:rocktomb",
    "tm:rollout",
    "tm:scorchingsands",
    "tm:sunnyday",
    "tm:thunderouskick"
  ],
  "abilities": [
    "desolateland",
    "h:heavymetal",
    "magmaarmor"
  ],
  
  "evolutions": [
    {
      "id": "stryder_stritan_lvl",
      "variant": "level_up",
      "result": "stritan",
      "consumeHeldItem": false,
      "learnableMoves": ["stompingtantrum"],
      "requirements": [
        {
          "variant": "level",
          "minLevel": 32
        }
      ]
    }
  ],
  
  "baseScale": 1,
  "hitbox": {
    "width": 1,
    "height": 1.5,
    "fixed": false
  },
  "drops": {
  "amount": "2",
    "entries": [
      {
        "item": "minecraft:string",
        "quantityRange": "1-4",
        "percentage": 75
      },
      {
        "item": "minecraft:basalt",
        "quantityRange": "1-2",
        "percentage": 30
      }
    ]
  },
  "behaviour": {
    "moving": {
      "canLook": true,
      "fly": {
        "canFly": false
      },          
      "swim": {
        "swimSpeed": 0.2,
        "canSwimInWater": false,
        "canBreatheUnderwater": false,
        "canWalkOnLava":true,
        "hurtByLava":false
      }
    }
  }

}