{
"implemented": true,
"name": "tunnaboar",
"labels": [ "custom" ],
"pokedex": [
  "cobblemon.species.tunnaboar.desc1"
],
"height": 4,
"weight": 140,
"preEvolution": "pigtato",
"shoulderMountable": false,
"shoulderEffects": [ "slow_fall" ],

"primaryType": "ground",
"secondaryType": "fighting",
"baseStats": {
  "hp": 75,
  "attack": 80,
  "defence": 120,
  "special_attack": 30,
  "special_defence": 80,
  "speed": 35
},
"catchRate": 90,
"maleRatio": 0.5,
"baseExperienceYield": 150,
"experienceGroup": "medium_fast",
"eggCycles": 20,
"eggGroups": [
  "field"
],
"baseFriendship": 35,
"evYield": {
  "defence": 2
},

"moves": [
    "45:bulldoze",
    "52:closecombat",
    "57:assurance",
    "62:gunkshot",
    "68:drillrun",
    "73:metalburst",
    "75:coaching",
    "81:crunch",
    "85:collisioncourse",
    "87:mudbomb",
    "90:rockblast",
    "96:earthquake"
  ],
  "abilities": [
    "stench",
    "thickfat",
    "h:heavymetal"
  ],
  
  "baseScale": 1.3,
  "hitbox": {
    "width": 2,
    "height": 1.7,
    "fixed": false
  },
  "drops": {
  "amount": "1",
    "entries": [
      {
        "item": "minecraft:porkchop",
        "quantityRange": "2-5",
        "percentage": 75
      },
      {
        "item": "minecraft:mud",
        "quantityRange": "1-4",
        "percentage": 20
      }
    ]
  },
  "behaviour": {
    "moving": {
      "canLook": true,
      "fly": {
        "canFly": false
      },          
      "swim": {
        "swimSpeed": 0.2,
        "canSwimInWater": false,
        "canBreatheUnderwater": true
      }
    }
  }


}