{
"implemented": true,
"name": "venachnid",
"labels": [ "custom" ],
"pokedex": [
  "cobblemon.species.venachnid.desc1"
],
"height": 3,
"weight": 60,
"preEvolution": "stringlett",
"shoulderMountable": false,
"shoulderEffects": [ "slow_fall" ],
"primaryType": "bug",
"secondaryType": "poison",
"baseStats": {
  "hp": 45,
  "attack": 105,
  "defence": 85,
  "special_attack": 125,
  "special_defence": 40,
  "speed": 90
},
"catchRate": 100,
"maleRatio": 0.5,
"baseExperienceYield": 150,
"experienceGroup": "medium_fast",
"eggCycles": 15,
"eggGroups": [
  "bug"
],
"baseFriendship": 35,
"evYield": {
  "special_attack": 2
},
"moves": [
    "32:stickyweb",
    "34:acid",
    "36:lightscreen",
    "40:acidarmor",
    "41:clearsmog",
    "46:barbbarrage",
    "52:rockblast",
    "60:hypnosis",
    "67:acidspray",
    "77:crosspoison",
    "80:gunkshot",
    "89:venoshock",
    "95:psychicfangs",
    "100:gastroacid"
],
"abilities": [
    "compoundeyes",
    "intimidate",
    "h:merciless"
],
"baseScale": 1.3,
"hitbox": {
  "width": 1.5,
  "height": 1.2,
  "fixed": false
},
"drops": {
"amount": "2",
  "entries": [
    {
      "item": "minecraft:spider_eye",
      "quantityRange": "1-4",
      "percentage": 50
    },
    {
        "item": "minecraft:cobweb",
        "quantityRange": "1-3",
        "percentage": 25
      },
      {
        "item": "minecraft:potion.effect.poison",
        "quantityRange": "1",
        "percentage": 5
      }
  ]
},
"behaviour": {
  "moving": {
    "canLook": true,
    "fly": {
      "canFly": false
    },          
    "swim": {
      "swimSpeed": 0,
      "canSwimInWater": true,
      "canBreatheUnderwater": false
    }
  }
}




}