{
    "implemented": true,
    "name": "vikink",
    "labels": [ "custom" ],
    "pokedex": [
      "cobblemon.species.vikink.desc1"
    ],
    "height": 2.7,
    "weight": 106,
    "preEvolution":"buckid",
    "shoulderMountable": false,
    "shoulderEffects": [ "slow_fall" ],
 "primaryType": "water",
 "secondaryType":"steel",
  "baseStats": {
    "hp": 80,
    "attack": 90,
    "defence": 110,
    "special_attack": 30,
    "special_defence": 90,
    "speed": 40
  },
  "catchRate": 45,
  "maleRatio": 0.5,
  "baseExperienceYield": 128,
  "experienceGroup": "medium_slow",
  "eggCycles": 20,
  "eggGroups": [
    "water_3",
    "mineral"
  ],
  "baseFriendship": 70,
  "evYield": {
    "defence": 1,
    "special_defence":1
  },
  "moves": [
    "19:irondefence",
    "21:jetpunch",
    "22:doubleironbash",
    "24:aquacutter",
    "25:anchorshot",
    "28:watershuriken",
    "30:crushgrip",
    "31:metalburst"
  ],
  "abilities": [
    "h:damp",
    "angershell",
    "battlearmor"
  ],
  
  "evolutions": [
    {
      "id": "vikink_squimpale_lvl",
      "variant": "level_up",
      "result": "squimpale",
      "consumeHeldItem": false,
      "learnableMoves": ["depthcharge"],
      "requirements": [
        {
          "variant": "level",
          "minLevel": 32
        }
      ]
    }
  ],
  
  "baseScale": 1.5,
  "hitbox": {
    "width": 1,
    "height": 1,
    "fixed": false
  },
  "drops": {
  "amount": "2",
    "entries": [
      {
        "item": "minecraft:ink_sac",
        "quantityRange": "2-5",
        "percentage": 75
      },
      {
        "item": "minecraft:iron_ingot",
        "quantityRange": "1-3",
        "percentage": 20
      }
    ]
  },
  "behaviour": {
    "moving": {
      "canLook": false,
      "fly": {
        "canFly": false
      },          
      "swim": {
        "swimSpeed": 0.5,
        "canSwimInWater": true,
        "canBreatheUnderwater": true
      },
      "walk":{
        "avoidsLand":true
      }
    }
  }

  
  }
