{
	"format_version": "1.12.0",
	"minecraft:geometry": [
		{
			"description": {
				"identifier": "geometry.cieer",
				"texture_width": 64,
				"texture_height": 64,
				"visible_bounds_width": 3,
				"visible_bounds_height": 3.5,
				"visible_bounds_offset": [0, 1.25, 0]
			},
			"bones": [
				{
					"name": "cieer",
					"pivot": [0, 0, 0]
				},
				{
					"name": "bone",
					"parent": "cieer",
					"pivot": [0, 7, -2]
				},
				{
					"name": "body",
					"parent": "bone",
					"pivot": [0, 7, -2],
					"cubes": [
						{"origin": [-4, 7, -7], "size": [8, 8, 13], "uv": [0, 0]}
					]
				},
				{
					"name": "tail",
					"parent": "body",
					"pivot": [0, 13.5, 6],
					"cubes": [
						{"origin": [0, 12, 6], "size": [0, 3, 5], "uv": [21, 35]}
					]
				},
				{
					"name": "neck",
					"parent": "bone",
					"pivot": [0, 16, -5],
					"cubes": [
						{"origin": [-2.5, 11, -7.5], "size": [5, 10, 5], "uv": [44, 3]}
					]
				},
				{
					"name": "head",
					"parent": "neck",
					"pivot": [0, 20, -5],
					"cubes": [
						{"origin": [-3, 19, -9.4], "size": [6, 6, 7], "uv": [0, 22]},
						{"origin": [1.5, 24, -8], "size": [1, 3, 1], "uv": [7, 39]},
						{"origin": [-2.5, 19, -11.4], "size": [5, 3, 2], "uv": [33, 24]},
						{"origin": [-2.5, 24, -8], "size": [1, 3, 1], "uv": [7, 39], "mirror": true}
					]
				},
				{
					"name": "ear",
					"parent": "head",
					"pivot": [2.5, 24.5, -5.9],
					"cubes": [
						{"origin": [1, 24, -5.4], "size": [3, 5, 1], "pivot": [2.5, 24.5, -5.9], "rotation": [-35, 0, 35], "uv": [49, 30]}
					]
				},
				{
					"name": "ear2",
					"parent": "head",
					"pivot": [-2.5, 24.5, -5.9],
					"cubes": [
						{"origin": [-4, 24, -5.4], "size": [3, 5, 1], "pivot": [-2.5, 24.5, -5.9], "rotation": [-35, 0, -35], "uv": [49, 30], "mirror": true}
					]
				},
				{
					"name": "leg",
					"parent": "bone",
					"pivot": [4.00333, 8.78651, -5],
					"rotation": [10, 0, 0],
					"cubes": [
						{"origin": [3, 5.13521, -6.12579], "size": [2, 4, 2], "pivot": [4, 10.13521, -5.12579], "rotation": [15, 0, 0], "uv": [1, 4]},
						{"origin": [3.01, 0.63521, -4.87579], "size": [2, 5, 2], "uv": [31, 2]},
						{"origin": [2.5, -0.36479, -5.62579], "size": [3, 2, 3], "pivot": [4.01, 1.63521, -3.87579], "rotation": [-10, 0, 0], "uv": [31, 31]}
					]
				},
				{
					"name": "leg3",
					"parent": "bone",
					"pivot": [4.00333, 8.78651, 3],
					"rotation": [10, 0, 0],
					"cubes": [
						{"origin": [3, 5.13521, 1.87421], "size": [2, 4, 2], "pivot": [4, 10.13521, 2.87421], "rotation": [15, 0, 0], "uv": [1, 4]},
						{"origin": [3.01, 0.63521, 3.12421], "size": [2, 5, 2], "uv": [31, 2]},
						{"origin": [2.5, -0.36479, 2.37421], "size": [3, 2, 3], "pivot": [4.01, 1.63521, 4.12421], "rotation": [-10, 0, 0], "uv": [31, 31]}
					]
				},
				{
					"name": "leg2",
					"parent": "bone",
					"pivot": [-4.00333, 8.78651, -5],
					"rotation": [10, 0, 0],
					"cubes": [
						{"origin": [-5, 5.30886, -6.1106], "size": [2, 4, 2], "pivot": [-4, 10.30886, -5.1106], "rotation": [15, 0, 0], "uv": [1, 4], "mirror": true},
						{"origin": [-5.01, 0.80886, -4.8606], "size": [2, 5, 2], "uv": [31, 2], "mirror": true},
						{"origin": [-5.5, -0.19114, -5.6106], "size": [3, 2, 3], "pivot": [-4.01, 1.80886, -3.8606], "rotation": [-10, 0, 0], "uv": [31, 31], "mirror": true}
					]
				},
				{
					"name": "leg4",
					"parent": "bone",
					"pivot": [-4.00333, 8.78651, 3],
					"rotation": [10, 0, 0],
					"cubes": [
						{"origin": [-5, 5.30886, 1.8894], "size": [2, 4, 2], "pivot": [-4, 10.30886, 2.8894], "rotation": [15, 0, 0], "uv": [1, 4], "mirror": true},
						{"origin": [-5.01, 0.80886, 3.1394], "size": [2, 5, 2], "uv": [31, 2], "mirror": true},
						{"origin": [-5.5, -0.19114, 2.3894], "size": [3, 2, 3], "pivot": [-4.01, 1.80886, 4.1394], "rotation": [-10, 0, 0], "uv": [31, 31], "mirror": true}
					]
				}
			]
		}
	]
}