{
	"format_version": "1.8.0",
	"animations": {
		"animation.squinton.ground_idle": {
			"loop": true,
			"animation_length": 2.4,
			"bones": {
				"head": {
					"rotation": {
						"0.0": [0, 0, 0],
						"1.2": [-2.5, 0, 0],
						"2.4": [0, 0, 0]
					},
					"position": {
						"0.0": [0, 3, 0],
						"2.4": [0, 3, 0]
					}
				},
				"tentacle": {
					"rotation": {
						"0.0": [12.5, -22.5, 0],
						"1.2": [2.5, -22.5, 0],
						"2.4": [12.5, -22.5, 0]
					}
				},
				"bone": {
					"rotation": {
						"0.0": [62.5, 0, 0],
						"1.2": [85, 0, 0],
						"2.4": [62.5, 0, 0]
					},
					"position": [0.01, 1, 0]
				},
				"tentacle2": {
					"rotation": {
						"0.0": [12.5, 22.5, 0],
						"1.2": [2.5, 22.5, 0],
						"2.4": [12.5, 22.5, 0]
					}
				},
				"bone3": {
					"rotation": {
						"0.0": [62.5, 0, 0],
						"1.2": [85, 0, 0],
						"2.4": [62.5, 0, 0]
					},
					"position": [0.01, 1, 0]
				},
				"tentacle3": {
					"rotation": {
						"0.0": [0, 0, 0],
						"1.2": [10, 0, 0],
						"2.4": [0, 0, 0]
					}
				},
				"bone4": {
					"rotation": {
						"0.0": [62.5, 0, 0],
						"1.2": [85, 0, 0],
						"2.4": [62.5, 0, 0]
					},
					"position": [0.01, 1, 0]
				},
				"tentacle4": {
					"rotation": {
						"0.0": [-52.5, 0, 0],
						"1.2": [-52.07555, 7.9185, 6.12673],
						"2.4": [-52.5, 0, 0]
					}
				},
				"bone5": {
					"rotation": [0, 0, 60],
					"position": [0.5, 1, 0.01]
				},
				"tentacle5": {
					"rotation": {
						"0.0": [-52.5, 0, 0],
						"1.2": [-52.07555, -7.9185, -6.12673],
						"2.4": [-52.5, 0, 0]
					}
				},
				"bone6": {
					"rotation": [0, 0, -60],
					"position": [-0.5, 1, 0.01]
				},
				"bone7": {
					"position": {
						"0.0": [0, 3, 0],
						"2.4": [0, 3, 0]
					}
				}
			}
		},
		"animation.squinton.ground_walk": {
			"loop": true,
			"animation_length": 0.48,
			"bones": {
				"head": {
					"rotation": {
						"0.0": [-7.5, 0, 0],
						"0.24": [2.5, 0, 0],
						"0.48": [-7.5, 0, 0]
					},
					"position": [0, -2, 0]
				},
				"tentacle": {
					"rotation": {
						"0.0": [52.27926, -9.65594, 2.61298],
						"0.24": [87.48635, -2.41476, 0.64743],
						"0.48": [52.27926, -9.65594, 2.61298]
					}
				},
				"bone": {
					"rotation": {
						"0.0": [30, 0, 0],
						"0.48": [30, 0, 0]
					},
					"position": {
						"0.0": [0.01, 1, 0],
						"0.48": [0.01, 1, 0]
					}
				},
				"tentacle2": {
					"rotation": {
						"0.0": [52.27926, 9.65594, -2.61298],
						"0.24": [87.31592, 2.16425, -2.25773],
						"0.48": [52.27926, 9.65594, -2.61298]
					}
				},
				"bone3": {
					"rotation": {
						"0.0": [30, 0, 0],
						"0.48": [30, 0, 0]
					},
					"position": {
						"0.0": [0.01, 1, 0],
						"0.48": [0.01, 1, 0]
					}
				},
				"tentacle3": {
					"rotation": {
						"0.0": [52.5, 0, 0],
						"0.24": [85, 0, 0],
						"0.48": [52.5, 0, 0]
					}
				},
				"bone4": {
					"rotation": {
						"0.0": [30, 0, 0],
						"0.48": [30, 0, 0]
					},
					"position": {
						"0.0": [0.01, 1, 0],
						"0.48": [0, 1, 0]
					}
				},
				"tentacle4": {
					"rotation": {
						"0.0": [47.5, 0, 0],
						"0.24": [92.5, 0, 0],
						"0.48": [47.5, 0, 0]
					}
				},
				"bone5": {
					"rotation": {
						"0.0": [30, 0, 0],
						"0.48": [30, 0, 0]
					},
					"position": {
						"0.0": [0.01, 1, 0],
						"0.48": [0.01, 1, 0]
					}
				},
				"tentacle5": {
					"rotation": {
						"0.0": [47.5, 0, 0],
						"0.24": [92.5, 0, 0],
						"0.48": [47.5, 0, 0]
					}
				},
				"bone6": {
					"rotation": {
						"0.0": [30, 0, 0],
						"0.48": [30, 0, 0]
					},
					"position": {
						"0.0": [0.01, 1, 0],
						"0.48": [0.01, 1, 0]
					}
				},
				"bone7": {
					"position": [0, -2, 0]
				}
			}
		}
	}
}