{
	"format_version": "1.12.0",
	"minecraft:geometry": [
		{
			"description": {
				"identifier": "geometry.unknown",
				"texture_width": 64,
				"texture_height": 64,
				"visible_bounds_width": 4,
				"visible_bounds_height": 2.5,
				"visible_bounds_offset": [0, 0.75, 0]
			},
			"bones": [
				{
					"name": "mosaga",
					"pivot": [0, 0, 0]
				},
				{
					"name": "body",
					"parent": "mosaga",
					"pivot": [0, 7.9, 2]
				},
				{
					"name": "left_leg",
					"parent": "body",
					"pivot": [3.5, 5.5, 5],
					"cubes": [
						{"origin": [3, 5, 5], "size": [4, 1, 3], "uv": [40, 17]}
					]
				},
				{
					"name": "right_leg",
					"parent": "body",
					"pivot": [-3.5, 5.5, 5],
					"cubes": [
						{"origin": [-7, 5, 5], "size": [4, 1, 3], "uv": [41, 13]}
					]
				},
				{
					"name": "torso",
					"parent": "body",
					"pivot": [0, 7.9, 2],
					"cubes": [
						{"origin": [-3, 4.5, 3], "size": [6, 6, 6], "uv": [0, 32]},
						{"origin": [-3, 4.5, -3], "size": [6, 6, 6], "uv": [1, 2]}
					]
				},
				{
					"name": "head",
					"parent": "torso",
					"pivot": [0, 7.6, -3.2],
					"cubes": [
						{"origin": [-3, 5.7, -8], "size": [6, 5, 5], "uv": [0, 22]},
						{"origin": [-2.5, 7, -14], "size": [5, 3, 6], "uv": [19, 10]},
						{"origin": [0, 9.2, -11], "size": [0, 2, 2], "uv": [1, 1]}
					]
				},
				{
					"name": "eyes",
					"parent": "head",
					"pivot": [0, 7.05, -14.2]
				},
				{
					"name": "eye_right",
					"parent": "eyes",
					"pivot": [-3.52, 9, -3.5],
					"rotation": [7.5, 0, 0],
					"cubes": [
						{"origin": [-3.01, 8.5, -7], "size": [0, 2, 3], "uv": [22, 24]}
					]
				},
				{
					"name": "eyelid_right",
					"parent": "eye_right",
					"pivot": [-2.91, 9.5, -3.5],
					"cubes": [
						{"origin": [-2.97, 8.5, -7], "size": [1, 2, 3], "inflate": 0.025, "uv": [30, 20]}
					]
				},
				{
					"name": "eye_left",
					"parent": "eyes",
					"pivot": [3.52, 9, -3.5],
					"rotation": [7.5, 0, 0],
					"cubes": [
						{"origin": [3.01, 8.5, -7], "size": [0, 2, 3], "uv": [22, 24], "mirror": true}
					]
				},
				{
					"name": "eyelid_left",
					"parent": "eye_left",
					"pivot": [2.91, 9.5, -3.5],
					"cubes": [
						{"origin": [1.97, 8.5, -7], "size": [1, 2, 3], "inflate": 0.025, "uv": [30, 25], "mirror": true}
					]
				},
				{
					"name": "jaw",
					"parent": "head",
					"pivot": [0, 6.75, -4],
					"cubes": [
						{"origin": [-2, 5.5, -13.5], "size": [4, 2, 7], "inflate": 0.1, "uv": [35, 4]}
					]
				},
				{
					"name": "tail",
					"parent": "torso",
					"pivot": [0, 9.2, 9],
					"cubes": [
						{"origin": [-1.5, 5.2, 9], "size": [3, 5, 5], "uv": [25, 0]}
					]
				},
				{
					"name": "tail2",
					"parent": "tail",
					"pivot": [0, 8.7, 14],
					"cubes": [
						{"origin": [-1, 5.7, 14], "size": [2, 4, 4], "uv": [18, 19]}
					]
				},
				{
					"name": "tail3",
					"parent": "tail2",
					"pivot": [0, 8.2, 18],
					"cubes": [
						{"origin": [0, 8.2, 15], "size": [0, 3, 2], "pivot": [0, 9.2, 16], "rotation": [-40, 0, 0], "uv": [1, 3]}
					]
				},
				{
					"name": "left_arm",
					"parent": "body",
					"pivot": [3, 5, -1],
					"cubes": [
						{"origin": [3, 5, -2], "size": [5, 1, 3], "uv": [0, 18]}
					]
				},
				{
					"name": "right_arm",
					"parent": "body",
					"pivot": [-4, 5.5, -1],
					"cubes": [
						{"origin": [-8, 5, -2], "size": [5, 1, 3], "uv": [0, 14]}
					]
				}
			]
		}
	]
}