{
	"format_version": "1.12.0",
	"minecraft:geometry": [
		{
			"description": {
				"identifier": "geometry.googaloothwomp",
				"texture_width": 64,
				"texture_height": 64,
				"visible_bounds_width": 2,
				"visible_bounds_height": 2.5,
				"visible_bounds_offset": [0, 0.75, 0]
			},
			"bones": [
				{
					"name": "googaloothwomp",
					"pivot": [0, 0, 0]
				},
				{
					"name": "body2",
					"parent": "googaloothwomp",
					"pivot": [4.5, 0.775, -1.1],
					"rotation": [0, -8, 0],
					"cubes": [
						{"origin": [0.4964, 1, -5.64546], "size": [6, 5, 5], "uv": [23, 11]},
						{"origin": [2.47686, 3.21475, -5.57213], "size": [1, 1, 0], "pivot": [4.46997, 1.66723, -3.9998], "rotation": [9.99859, 9.84972, -44.13627], "uv": [0, 1]},
						{"origin": [4.59818, 1.09343, -5.57213], "size": [1, 1, 0], "pivot": [4.46997, 1.66723, -3.9998], "rotation": [9.99859, 9.84972, -44.13627], "uv": [0, 0]}
					]
				},
				{
					"name": "eyes2",
					"parent": "body2",
					"pivot": [4.5, 4.65, -4.05],
					"cubes": [
						{"origin": [3.82201, 3.11497, -5.67046], "size": [2, 3, 0], "pivot": [5.825, 4.65, -4.05], "rotation": [0, 0, 2], "uv": [28, 21]},
						{"origin": [1.17201, 3.18503, -5.67046], "size": [2, 3, 0], "pivot": [3.175, 4.65, -4.05], "rotation": [0, 0, -2], "uv": [21, 0]}
					]
				},
				{
					"name": "leftleg2",
					"parent": "body2",
					"pivot": [7.77556, 1, -1.30589],
					"cubes": [
						{"origin": [5.77195, 0, -4.42635], "size": [2, 2, 3], "uv": [42, 18]}
					]
				},
				{
					"name": "rightleg2",
					"parent": "body2",
					"pivot": [1.22444, 0.975, -1.69411],
					"cubes": [
						{"origin": [-0.77916, 0, -4.81458], "size": [2, 2, 3], "uv": [0, 42]}
					]
				},
				{
					"name": "body",
					"parent": "googaloothwomp",
					"pivot": [-3.175, 2.275, -1.125],
					"rotation": [0, 5, 0],
					"cubes": [
						{"origin": [-5.06385, 0.775, -4.49099], "size": [3, 3, 3], "uv": [11, 34]}
					]
				},
				{
					"name": "head",
					"parent": "body",
					"pivot": [-1.475, -1.55, -3.175],
					"cubes": [
						{"origin": [-6.56385, 2.825, -5.99099], "size": [6, 2, 6], "uv": [22, 26]},
						{"origin": [-7.06237, 4.39111, -6.04099], "size": [3, 2, 0], "pivot": [-2.675, 2.425, -1.175], "rotation": [0, 0, 5], "uv": [40, 23]},
						{"origin": [-3.06237, 4.45889, -6.04099], "size": [3, 2, 0], "pivot": [-3.675, 2.425, -1.175], "rotation": [0, 0, -5], "uv": [14, 32]},
						{"origin": [-6.06385, 4, -5.49099], "size": [5, 2, 5], "uv": [21, 0]},
						{"origin": [-5.56385, 5.775, -4.99099], "size": [4, 1, 4], "uv": [28, 21]}
					]
				},
				{
					"name": "lefteyebrow",
					"parent": "head",
					"pivot": [-1.875, 0.525, -3],
					"cubes": [
						{"origin": [-3.49585, 6.11693, -6.06599], "size": [3, 1, 0], "pivot": [-1.625, 6.5, -4.2], "rotation": [0, 0, -17.5], "uv": [22, 21]}
					]
				},
				{
					"name": "righteyebrow",
					"parent": "head",
					"pivot": [-4.475, 0.525, -3],
					"cubes": [
						{"origin": [-6.59585, 5.88307, -6.06599], "size": [3, 1, 0], "pivot": [-4.725, 6.5, -4.2], "rotation": [0, 0, 17.5], "uv": [0, 6]}
					]
				},
				{
					"name": "jaw",
					"parent": "head",
					"pivot": [-3.175, -2.55, -2.775],
					"rotation": [-7.5, 0, 0],
					"cubes": [
						{"origin": [2.06053, 2.58544, -4.12944], "size": [1, 1, 0], "pivot": [-1.475, -1.525, -3.175], "rotation": [20.60502, 19.38818, -41.44282], "uv": [4, 1]},
						{"origin": [-9.96044, 2.03553, -4.12944], "size": [1, 1, 0], "pivot": [-4.875, -1.525, -3.175], "rotation": [20.60502, -19.38818, 41.44282], "uv": [4, 0]},
						{"origin": [-6.06385, 3.65201, -3.89444], "size": [5, 1, 1], "pivot": [-3.175, -2.55, -2.775], "rotation": [28, 0, 0], "uv": [40, 14]}
					]
				},
				{
					"name": "rightleg",
					"parent": "body",
					"pivot": [-4.65, 1.325, -1.125],
					"cubes": [
						{"origin": [-6.53885, 0, -3.99099], "size": [1, 2, 2], "uv": [0, 16]}
					]
				},
				{
					"name": "rightfoot",
					"parent": "rightleg",
					"pivot": [-4.65, -4.15, 0.075],
					"cubes": [
						{"origin": [-5.87288, 0.91732, -3.51575], "size": [2, 1, 1], "pivot": [-4.65, 1.325, -1.125], "rotation": [-1.7251, 4.15683, -22.56261], "uv": [0, 20]}
					]
				},
				{
					"name": "leftleg",
					"parent": "body",
					"pivot": [-1.7, 1.325, -1.125],
					"cubes": [
						{"origin": [-3.1934, 0.62063, -3.45473], "size": [2, 1, 1], "pivot": [-1.7, 1.325, -1.125], "rotation": [-1.7251, -4.15683, 22.56261], "uv": [0, 4]}
					]
				},
				{
					"name": "leftfoot",
					"parent": "leftleg",
					"pivot": [-0.2, -9.15, 0.075],
					"cubes": [
						{"origin": [-1.58885, 0, -3.99099], "size": [1, 2, 2], "uv": [0, 0]}
					]
				},
				{
					"name": "body3",
					"parent": "googaloothwomp",
					"pivot": [0.075, 7, -2.8],
					"cubes": [
						{"origin": [-3.925, 1.625, 0.6], "size": [8, 10, 6], "uv": [0, 16]},
						{"origin": [-3.425, 2.125, 0.325], "size": [7, 9, 7], "uv": [0, 0]},
						{"origin": [0.45, 9.625, 2.825], "size": [3, 3, 2], "pivot": [1.95, 11.125, 3.825], "rotation": [0, 0, 45], "uv": [41, 37]},
						{"origin": [-3.3, 9.625, 2.825], "size": [3, 3, 2], "pivot": [-1.8, 11.125, 3.825], "rotation": [0, 0, 45], "uv": [40, 26]},
						{"origin": [0.45, 0.625, 2.825], "size": [3, 3, 2], "pivot": [1.95, 2.125, 3.825], "rotation": [0, 0, 45], "uv": [8, 40]},
						{"origin": [-3.425, 6.925, 0.25], "size": [7, 5, 0], "uv": [0, 32]},
						{"origin": [-3.275, 7.225, 0.275], "size": [3, 3, 0], "uv": [0, 51]},
						{"origin": [0.4, 7.225, 0.275], "size": [3, 3, 0], "uv": [6, 51]},
						{"origin": [-3.3, 0.625, 2.825], "size": [3, 3, 2], "pivot": [-1.8, 2.125, 3.825], "rotation": [0, 0, 45], "uv": [40, 9]}
					]
				},
				{
					"name": "leftspikes",
					"parent": "body3",
					"pivot": [-4.425, 3.9, 3.825],
					"cubes": [
						{"origin": [2.075, 7.875, 2.825], "size": [3, 3, 2], "pivot": [3.575, 9.375, 3.825], "rotation": [0, 0, 45], "uv": [36, 0]},
						{"origin": [2.075, 5.2, 2.825], "size": [3, 3, 2], "pivot": [3.575, 6.7, 3.825], "rotation": [0, 0, 45], "uv": [33, 34]},
						{"origin": [2.075, 2.4, 2.825], "size": [3, 3, 2], "pivot": [3.575, 3.9, 3.825], "rotation": [0, 0, 45], "uv": [23, 34]}
					]
				},
				{
					"name": "rightspikes",
					"parent": "body3",
					"pivot": [-3.425, 3.9, 3.825],
					"cubes": [
						{"origin": [-4.925, 7.85, 2.825], "size": [3, 3, 2], "pivot": [-3.425, 9.35, 3.825], "rotation": [0, 0, 45], "uv": [21, 39]},
						{"origin": [-4.925, 5.2, 2.825], "size": [3, 3, 2], "pivot": [-3.425, 6.7, 3.825], "rotation": [0, 0, 45], "uv": [0, 37]},
						{"origin": [-4.925, 2.4, 2.825], "size": [3, 3, 2], "pivot": [-3.425, 3.9, 3.825], "rotation": [0, 0, 45], "uv": [31, 39]}
					]
				},
				{
					"name": "mouth",
					"parent": "body3",
					"pivot": [0.075, 1.85, -2.725],
					"cubes": [
						{"origin": [-3.425, 3.35, 0.275], "size": [7, 4, 0], "uv": [28, 7]},
						{"origin": [1.575, 3.1, 0.275], "size": [2, 4, 0], "uv": [28, 7]},
						{"origin": [-3.425, 3.1, 0.275], "size": [2, 4, 0], "uv": [33, 7]}
					]
				}
			]
		}
	]
}