{
	"format_version": "1.12.0",
	"minecraft:geometry": [
		{
			"description": {
				"identifier": "geometry.ranabyss",
				"texture_width": 128,
				"texture_height": 128,
				"visible_bounds_width": 4,
				"visible_bounds_height": 3.5,
				"visible_bounds_offset": [0, 1.25, 0]
			},
			"bones": [
				{
					"name": "ranabyss",
					"pivot": [0, 0, 0]
				},
				{
					"name": "body",
					"parent": "ranabyss",
					"pivot": [0, 20, 0]
				},
				{
					"name": "torso",
					"parent": "body",
					"pivot": [0, 15, 0],
					"cubes": [
						{"origin": [-4.5, 15, -3], "size": [9, 10, 6], "uv": [36, 66]}
					]
				},
				{
					"name": "neck",
					"parent": "torso",
					"pivot": [0, 25, -0.5],
					"cubes": [
						{"origin": [-1.5, 26, -2], "size": [3, 3, 3], "uv": [0, 8]},
						{"origin": [-2.5, 25, -3], "size": [5, 3, 5], "uv": [0, 81]}
					]
				},
				{
					"name": "head",
					"parent": "neck",
					"pivot": [0, 29.26667, -0.56667],
					"cubes": [
						{"origin": [-5, 29, -5], "size": [10, 3, 9], "uv": [53, 54]},
						{"origin": [-6, 27, -6], "size": [2, 5, 2], "uv": [0, 21]},
						{"origin": [-9, 27, 3], "size": [5, 5, 5], "uv": [21, 77]},
						{"origin": [-6, 32, -6], "size": [12, 5, 11], "uv": [47, 0]},
						{"origin": [-8, 31.9, -8], "size": [16, 1, 15], "uv": [0, 39]},
						{"origin": [3, 35, -3], "size": [5, 5, 5], "uv": [76, 16]},
						{"origin": [4, 27, 3], "size": [5, 5, 5], "uv": [61, 78]},
						{"origin": [4, 27, -6], "size": [2, 5, 2], "uv": [10, 12]},
						{"origin": [-8, 35, -3], "size": [5, 5, 5], "uv": [75, 34]}
					]
				},
				{
					"name": "eyes",
					"parent": "head",
					"pivot": [0, 30, -5.2],
					"cubes": [
						{"origin": [-3, 30, -5.2], "size": [2, 2, 0], "uv": [12, 34]},
						{"origin": [1, 30, -5.2], "size": [2, 2, 0], "uv": [12, 34], "mirror": true}
					]
				},
				{
					"name": "arm1",
					"parent": "torso",
					"pivot": [4.5, 23.5, 0],
					"cubes": [
						{"origin": [4.5, 22, -1.5], "size": [10, 3, 3], "uv": [0, 75]}
					]
				},
				{
					"name": "hand1",
					"parent": "arm1",
					"pivot": [14.6, 23.5, 0],
					"cubes": [
						{"origin": [14.5, 21, -2.5], "size": [13, 5, 5], "uv": [0, 55]}
					]
				},
				{
					"name": "arm2",
					"parent": "torso",
					"pivot": [-4.5, 23.5, 0],
					"cubes": [
						{"origin": [-14.5, 22, -1.5], "size": [10, 3, 3], "uv": [36, 55]}
					]
				},
				{
					"name": "hand2",
					"parent": "arm2",
					"pivot": [-14.6, 23.5, 0],
					"cubes": [
						{"origin": [-27.5, 21, -2.5], "size": [13, 5, 5], "uv": [0, 65]}
					]
				},
				{
					"name": "lowertorso",
					"parent": "body",
					"pivot": [0, 15, 0],
					"cubes": [
						{"origin": [-2.5, 11, -2], "size": [5, 4, 4], "uv": [0, 0]}
					]
				},
				{
					"name": "goop1",
					"parent": "lowertorso",
					"pivot": [0, 11, 0],
					"cubes": [
						{"origin": [-3.5, 5, -3], "size": [7, 6, 6], "uv": [66, 66]}
					]
				},
				{
					"name": "goop2",
					"parent": "lowertorso",
					"pivot": [0, 6, 0],
					"cubes": [
						{"origin": [-4.5, 1, -6], "size": [9, 5, 10], "uv": [47, 39]}
					]
				},
				{
					"name": "goop3",
					"parent": "lowertorso",
					"pivot": [-2, 4.5, 1],
					"cubes": [
						{"origin": [-7.5, 2, -4], "size": [9, 3, 10], "uv": [48, 21]}
					]
				},
				{
					"name": "goop4",
					"parent": "lowertorso",
					"pivot": [-2.5, 1.55, 0],
					"cubes": [
						{"origin": [-10.5, -0.2, -8], "size": [16, 3, 16], "uv": [0, 20]}
					]
				},
				{
					"name": "goop5",
					"parent": "lowertorso",
					"pivot": [1.5, 1, -2.5],
					"cubes": [
						{"origin": [-5.5, 0, -12], "size": [14, 2, 19], "uv": [0, 0]}
					]
				}
			]
		}
	]
}