{
	"format_version": "1.12.0",
	"minecraft:geometry": [
		{
			"description": {
				"identifier": "geometry.crantis",
				"texture_width": 64,
				"texture_height": 64,
				"visible_bounds_width": 2,
				"visible_bounds_height": 2.5,
				"visible_bounds_offset": [0, 0.75, 0]
			},
			"bones": [
				{
					"name": "crantis",
					"pivot": [0, 0, 0]
				},
				{
					"name": "bone",
					"parent": "crantis",
					"pivot": [0, 2, -2]
				},
				{
					"name": "head",
					"parent": "bone",
					"pivot": [0, 4, -1],
					"cubes": [
						{"origin": [-3, 2, -7], "size": [6, 5, 6], "uv": [3, 3]}
					]
				},
				{
					"name": "bone2",
					"parent": "head",
					"pivot": [2, 7, -5.5],
					"cubes": [
						{"origin": [2, 5, -6], "size": [0, 6, 9], "pivot": [2, 8, -1.5], "rotation": [0, 180, 0], "uv": [43, -1]}
					]
				},
				{
					"name": "bone3",
					"parent": "head",
					"pivot": [-2, 7, -5.5],
					"cubes": [
						{"origin": [-2, 5, -6], "size": [0, 6, 9], "pivot": [-2, 8, -1.5], "rotation": [0, 180, 0], "uv": [43, -1], "mirror": true}
					]
				},
				{
					"name": "bone4",
					"parent": "bone",
					"pivot": [0, 0, -2],
					"cubes": [
						{"origin": [-2.5, 1, -2], "size": [5, 4, 8], "uv": [3, 18]}
					]
				},
				{
					"name": "leg",
					"parent": "bone4",
					"pivot": [2, 3, 0],
					"rotation": [0, 22.5, 0],
					"cubes": [
						{"origin": [2, 0, 0], "size": [6, 4, 0], "uv": [40, 28]}
					]
				},
				{
					"name": "leg3",
					"parent": "bone4",
					"pivot": [2, 3, 3],
					"cubes": [
						{"origin": [2, 0, 2.5], "size": [6, 4, 0], "uv": [40, 28]}
					]
				},
				{
					"name": "leg5",
					"parent": "bone4",
					"pivot": [2, 3, 5],
					"rotation": [0, -22.5, 0],
					"cubes": [
						{"origin": [2, 0, 5], "size": [6, 4, 0], "uv": [40, 28]}
					]
				},
				{
					"name": "leg2",
					"parent": "bone4",
					"pivot": [-2, 3, 5],
					"rotation": [0, 22.5, 0],
					"cubes": [
						{"origin": [-8, 0, 5], "size": [6, 4, 0], "uv": [40, 28], "mirror": true}
					]
				},
				{
					"name": "leg4",
					"parent": "bone4",
					"pivot": [-2, 3, 0],
					"rotation": [0, -22.5, 0],
					"cubes": [
						{"origin": [-8, 0, 0], "size": [6, 4, 0], "uv": [40, 28], "mirror": true}
					]
				},
				{
					"name": "leg6",
					"parent": "bone4",
					"pivot": [-2, 3, 3],
					"cubes": [
						{"origin": [-8, 0, 2.5], "size": [6, 4, 0], "uv": [40, 28], "mirror": true}
					]
				}
			]
		}
	]
}