{
	"format_version": "1.8.0",
	"animations": {
		"animation.lycoalpod.ground_idle": {
			"loop": true,
			"animation_length": 4,
			"bones": {
				"tail": {
					"rotation": {
						"0.0": [0, 0, 0],
						"1.0": [0, 25, 0],
						"2.0": [0, 0, 0],
						"3.0": [0, -25, 0],
						"4.0": [0, 0, 0]
					},
					"position": {
						"0.0": [0, 0, 0],
						"1.0": [0.5, 0, 0],
						"2.0": [0, 0, 0],
						"3.0": [-0.5, 0, 0],
						"4.0": [0, 0, 0]
					}
				},
				"neck": {
					"rotation": {
						"0.0": [0, 0, 0],
						"1.0": [0, 0, -10],
						"2.0": [0, 0, 0],
						"3.0": [0, 0, 10],
						"4.0": [0, 0, 0]
					},
					"position": {
						"0.0": [0, 0, 0],
						"1.0": [0, -0.1, 0],
						"2.0": [0, 0, 0],
						"3.0": [0, -0.1, 0],
						"4.0": [0, 0, 0]
					}
				},
				"neck2": {
					"rotation": {
						"0.0": [0, 0, 0],
						"1.0": [0, 0, -10],
						"2.0": [0, 0, 0],
						"3.0": [0, 0, 10],
						"4.0": [0, 0, 0]
					},
					"position": {
						"0.0": [0, 0, 0],
						"1.0": [-0.1, -0.1, 0],
						"2.0": [0, 0, 0],
						"3.0": [0.1, -0.1, 0],
						"4.0": [0, 0, 0]
					}
				},
				"neck3": {
					"rotation": {
						"0.0": [0, 0, 0],
						"1.0": [0, 0, -10],
						"2.0": [0, 0, 0],
						"3.0": [0, 0, 10],
						"4.0": [0, 0, 0]
					},
					"position": {
						"0.0": [0, 0, 0],
						"1.0": [0, -0.1, 0],
						"2.0": [0, 0, 0],
						"3.0": [0, -0.1, 0],
						"4.0": [0, 0, 0]
					}
				},
				"neck4": {
					"rotation": {
						"0.0": [0, 0, 0],
						"1.0": [0, 0, -10],
						"2.0": [0, 0, 0],
						"3.0": [0, 0, 10],
						"4.0": [0, 0, 0]
					},
					"position": {
						"0.0": [0, 0, 0],
						"1.0": [0, -0.1, 0],
						"2.0": [0, 0, 0],
						"3.0": [0, -0.1, 0],
						"4.0": [0, 0, 0]
					}
				},
				"back_leg_right": {
					"rotation": [0, -40, 0]
				},
				"back_leg_left": {
					"rotation": [0, 40, 0]
				},
				"leg_left": {
					"rotation": [0, -40, 0]
				},
				"leg_right": {
					"rotation": [0, 40, 0]
				}
			}
		},
		"animation.lycoalpod.ground_walk": {
			"loop": true,
			"animation_length": 2,
			"bones": {
				"tail": {
					"rotation": {
						"0.0": [0, 0, 0],
						"0.5": [0, 15, 0],
						"1.0": [0, 0, 0],
						"1.5": [0, -15, 0],
						"2.0": [0, 0, 0]
					},
					"position": {
						"0.0": [0, 0, 0],
						"0.5": [0.5, 0, 0],
						"1.0": [0, 0, 0],
						"1.5": [-0.5, 0, 0],
						"2.0": [0, 0, 0]
					}
				},
				"neck": {
					"rotation": {
						"0.0": [0, 0, 0],
						"0.5": [2.5, 0, 0],
						"1.0": [0, 0, 0],
						"1.5": [-2.5, 0, 0],
						"2.0": [0, 0, 0]
					}
				},
				"neck3": {
					"rotation": {
						"0.0": [0, 0, 0],
						"0.5": [2.5, 0, 0],
						"1.0": [0, 0, 0],
						"1.5": [-2.5, 0, 0],
						"2.0": [0, 0, 0]
					}
				},
				"back_leg_right": {
					"rotation": {
						"0.0": [0, -45, 0],
						"1.0": [0, -10, 0],
						"2.0": [0, -45, 0]
					},
					"position": {
						"0.0": [-1, 0, -0.5],
						"1.0": [0, 0, -0.5],
						"2.0": [-1, 0, -0.5]
					}
				},
				"back_leg_left": {
					"rotation": {
						"0.0": [0, 45, 0],
						"1.0": [0, 10, 0],
						"2.0": [0, 45, 0]
					},
					"position": {
						"0.0": [1, 0, -0.5],
						"1.0": [0, 0, -0.5],
						"2.0": [1, 0, -0.5]
					}
				},
				"leg_left": {
					"rotation": {
						"0.0": [0, -45, 0],
						"1.0": [0, -110, 0],
						"2.0": [0, -45, 0]
					},
					"position": {
						"0.0": [1, 0, 0.5],
						"1.0": [1.5, 0, 2],
						"2.0": [1, 0, 0.5]
					}
				},
				"leg_right": {
					"rotation": {
						"0.0": [0, 45, 0],
						"1.0": [0, 110, 0],
						"2.0": [0, 45, 0]
					},
					"position": {
						"0.0": [-1, 0, 0.5],
						"1.0": [-1.5, 0, 2],
						"2.0": [-1, 0, 0.5]
					}
				}
			}
		},
		"animation.lycoalpod.battle_idle": {
			"loop": true,
			"animation_length": 4,
			"bones": {
				"tail": {
					"rotation": {
						"0.0": [0, 0, 0],
						"1.0": [0, -20, 0],
						"2.0": [0, 0, 0],
						"3.0": [0, 20, 0],
						"4.0": [0, 0, 0]
					},
					"position": {
						"0.0": [0, 0, 0],
						"1.0": [-0.5, 0, 0],
						"2.0": [0, 0, 0],
						"3.0": [0.5, 0, 0],
						"4.0": [0, 0, 0]
					}
				},
				"neck": {
					"rotation": {
						"0.0": [0, 0, 0],
						"1.0": [10, 0, 0],
						"2.0": [0, 0, 0],
						"3.0": [-10, 0, 0],
						"4.0": [0, 0, 0]
					}
				},
				"neck2": {
					"rotation": {
						"0.0": [0, 0, 0],
						"1.0": [10, 0, 0],
						"2.0": [0, 0, 0],
						"3.0": [-10, 0, 0],
						"4.0": [0, 0, 0]
					},
					"position": {
						"0.0": [0, 0, 0],
						"1.0": [0, -0.3, -0.1],
						"2.0": [0, 0, 0],
						"3.0": [0, -0.3, 0.1],
						"4.0": [0, 0, 0]
					}
				},
				"neck3": {
					"rotation": {
						"0.0": [0, 0, 0],
						"1.0": [-15, 0, 0],
						"2.0": [0, 0, 0],
						"3.0": [15, 0, 0],
						"4.0": [0, 0, 0]
					},
					"position": {
						"0.0": [0, 0, 0],
						"1.0": [0, -0.5, -0.1],
						"2.0": [0, 0, 0],
						"3.0": [0, -0.5, 0.1],
						"4.0": [0, 0, 0]
					}
				},
				"neck4": {
					"rotation": {
						"0.0": [0, 0, 0],
						"1.0": [-10, 0, 0],
						"2.0": [0, 0, 0],
						"3.0": [10, 0, 0],
						"4.0": [0, 0, 0]
					},
					"position": {
						"0.0": [0, 0, 0],
						"1.0": [0, -0.1, 0.2],
						"2.0": [0, 0, 0],
						"3.0": [0, -0.1, -0.2],
						"4.0": [0, 0, 0]
					}
				},
				"head": {
					"rotation": {
						"0.0": [0, 0, 0],
						"1.0": [5, 0, 0],
						"2.0": [0, 0, 0],
						"3.0": [-5, 0, 0],
						"4.0": [0, 0, 0]
					},
					"position": {
						"0.0": [0, 0, 0],
						"1.0": [0, 0, -0.5],
						"2.0": [0, 0, 0],
						"3.0": [0, 0, 0.5],
						"4.0": [0, 0, 0]
					}
				},
				"back_leg_right": {
					"rotation": {
						"0.0": [0, -40, 0],
						"1.0": [10, -40, 0],
						"2.0": [0, -40, 0],
						"3.0": [10, -40, 0],
						"4.0": [0, -40, 0]
					},
					"position": {
						"0.0": [-1, 0, -0.5],
						"1.0": [-1, 0.5, -0.5],
						"2.0": [-1, 0, -0.5],
						"3.0": [-1, 0.5, -0.5],
						"4.0": [-1, 0, -0.5]
					}
				},
				"back_leg_left": {
					"rotation": {
						"0.0": [0, 40, 0],
						"1.0": [10, 40, 0],
						"2.0": [0, 40, 0],
						"3.0": [10, 40, 0],
						"4.0": [0, 40, 0]
					},
					"position": {
						"0.0": [1, 0, -0.5],
						"1.0": [1, 0.5, -0.5],
						"2.0": [1, 0, -0.5],
						"3.0": [1, 0.5, -0.5],
						"4.0": [1, 0, -0.5]
					}
				},
				"leg_left": {
					"rotation": {
						"0.0": [0, -40, 0],
						"1.0": [-10, -40, 0],
						"2.0": [0, -40, 0],
						"3.0": [-10, -40, 0],
						"4.0": [0, -40, 0]
					},
					"position": {
						"0.0": [1, 0, 0.5],
						"1.0": [1, 0.5, 0.5],
						"2.0": [1, 0, 0.5],
						"3.0": [1, 0.5, 0.5],
						"4.0": [1, 0, 0.5]
					}
				},
				"leg_right": {
					"rotation": {
						"0.0": [0, 40, 0],
						"1.0": [-10, 40, 0],
						"2.0": [0, 40, 0],
						"3.0": [-10, 40, 0],
						"4.0": [0, 40, 0]
					},
					"position": {
						"0.0": [-1, 0, 0.5],
						"1.0": [-1, 0.5, 0.5],
						"2.0": [-1, 0, 0.5],
						"3.0": [-1, 0.5, 0.5],
						"4.0": [-1, 0, 0.5]
					}
				}
			}
		},
		"animation.lycoalpod.sleep": {
			"loop": true,
			"animation_length": 4,
			"bones": {
				"tail": {
					"rotation": {
						"0.0": [0, 0, 0],
						"1.0": [0, 15, 0],
						"2.0": [0, 0, 0],
						"3.0": [0, -15, 0],
						"4.0": [0, 0, 0]
					},
					"position": {
						"0.0": [0, 0, 0],
						"1.0": [0.2, 0, 0],
						"2.0": [0, 0, 0],
						"3.0": [-0.2, 0, 0],
						"4.0": [0, 0, 0]
					}
				},
				"neck": {
					"rotation": {
						"0.0": [15, 0, 0],
						"1.0": [10, 0, 0],
						"2.0": [15, 0, 0],
						"3.0": [10, 0, 0],
						"4.0": [15, 0, 0]
					},
					"position": {
						"0.0": [0, 0, 0],
						"2.0": [0, 0, 0],
						"4.0": [0, 0, 0]
					}
				},
				"neck2": {
					"rotation": {
						"0.0": [10, 0, 0],
						"2.0": [10, 0, 0],
						"4.0": [10, 0, 0]
					},
					"position": {
						"0.0": [0, -0.2, -0.1],
						"2.0": [0, -0.2, -0.1],
						"4.0": [0, -0.2, -0.1]
					}
				},
				"neck3": {
					"rotation": {
						"0.0": [10, 0, 0],
						"2.0": [10, 0, 0],
						"4.0": [10, 0, 0]
					},
					"position": {
						"0.0": [0, -0.1, -0.2],
						"2.0": [0, -0.1, -0.2],
						"4.0": [0, -0.1, -0.2]
					}
				},
				"neck4": {
					"rotation": {
						"0.0": [7.5, 0, 0],
						"2.0": [7.5, 0, 0],
						"4.0": [7.5, 0, 0]
					},
					"position": {
						"0.0": [0, -0.1, -0.1],
						"2.0": [0, -0.1, -0.1],
						"4.0": [0, -0.1, -0.1]
					}
				},
				"head": {
					"rotation": {
						"0.0": [7.5, 0, 0],
						"1.0": [2.5, 0, 0],
						"2.0": [7.5, 0, 0],
						"3.0": [2.5, 0, 0],
						"4.0": [7.5, 0, 0]
					},
					"position": {
						"0.0": [0, -0.1, -0.5],
						"1.0": [0, -0.1, 0],
						"2.0": [0, -0.1, -0.5],
						"3.0": [0, -0.1, 0],
						"4.0": [0, -0.1, -0.5]
					}
				},
				"eyelid_right": {
					"position": [0, 0, -0.1]
				},
				"eyelid_left": {
					"position": [0, 0, -0.1]
				},
				"back_leg_right": {
					"rotation": [0, -40, 0],
					"position": [-1, 0, -0.5]
				},
				"back_leg_left": {
					"rotation": [0, 40, 0],
					"position": [1, 0, -0.5]
				},
				"leg_left": {
					"rotation": [0, -40, 0],
					"position": [1, 0, 0.5]
				},
				"leg_right": {
					"rotation": [0, 40, 0],
					"position": [-1, 0, 0.5]
				}
			}
		},
		"animation.lycoalpod.blink": {
			"animation_length": 0.1667,
			"bones": {
				"eyelid_right": {
					"position": {
						"0.0": [0, 0, -0.1],
						"0.125": [0, 0, -0.1],
						"0.1667": [0, 0, 0]
					}
				},
				"eyelid_left": {
					"position": {
						"0.0": [0, 0, -0.1],
						"0.125": [0, 0, -0.1],
						"0.1667": [0, 0, 0]
					}
				}
			}
		}
	}
}