{
	"format_version": "1.8.0",
	"animations": {
		"animation.dragidian.ground_idle": {
			"loop": true,
			"animation_length": 1.76,
			"bones": {
				"bone": {
					"position": {
						"0.0": [0, 0, 0],
						"0.88": [0, 2, 0],
						"1.76": [0, 0, 0]
					}
				},
				"wing2": {
					"rotation": {
						"0.0": [0, 45, 0],
						"0.88": [0, -45, 0],
						"1.76": [0, 45, 0]
					}
				},
				"wing": {
					"rotation": {
						"0.0": [0, -45, 0],
						"0.88": [0, 45, 0],
						"1.76": [0, -45, 0]
					}
				},
				"tail": {
					"rotation": {
						"0.0": [0, 0, 0],
						"0.88": [-15, 0, 0],
						"1.76": [0, 0, 0]
					}
				},
				"tail2": {
					"rotation": {
						"0.0": [0, 0, 0],
						"0.88": [-30, 0, 0],
						"1.76": [0, 0, 0]
					}
				},
				"tail3": {
					"rotation": {
						"0.0": [0, 0, 0],
						"0.88": [-25, 0, 0],
						"1.76": [0, 0, 0]
					}
				},
				"head": {
					"rotation": {
						"0.0": [0, 0, 0],
						"0.88": [12.5, 0, 0],
						"1.76": [0, 0, 0]
					}
				},
				"ear": {
					"rotation": {
						"0.0": [0, 0, 0],
						"0.88": [-22.5, 0, 0],
						"1.76": [0, 0, 0]
					}
				},
				"ear2": {
					"rotation": {
						"0.0": [0, 0, 0],
						"0.88": [-22.5, 0, 0],
						"1.76": [0, 0, 0]
					}
				},
				"left_leg": {
					"rotation": {
						"0.0": [-22.5, 0, 0],
						"0.88": [0, 0, 0],
						"1.76": [-22.5, 0, 0]
					},
					"position": {
						"0.0": [0, 0, 0],
						"0.88": [0, 1, 0],
						"1.76": [0, 0, 0]
					}
				},
				"right_leg": {
					"rotation": {
						"0.0": [-22.5, 0, 0],
						"0.88": [0, 0, 0],
						"1.76": [-22.5, 0, 0]
					},
					"position": {
						"0.0": [0, 0, 0],
						"0.88": [0, 1, 0],
						"1.76": [0, 0, 0]
					}
				}
			}
		},
		"animation.dragidian.ground_walk": {
			"loop": true,
			"animation_length": 0.96,
			"bones": {
				"bone": {
					"rotation": {
						"0.0": [32.5, 0, 0],
						"0.96": [32.5, 0, 0]
					},
					"position": {
						"0.0": [0, 3, 0],
						"0.48": [0, 5, 0],
						"0.96": [0, 3, 0]
					}
				},
				"wing2": {
					"rotation": {
						"0.0": [0, 45, 0],
						"0.48": [0, -45, 0],
						"0.96": [0, 45, 0]
					}
				},
				"wing": {
					"rotation": {
						"0.0": [0, -45, 0],
						"0.48": [0, 45, 0],
						"0.96": [0, -45, 0]
					}
				},
				"tail": {
					"rotation": {
						"0.0": [0, 0, 0],
						"0.48": [-22.5, 0, 0],
						"0.96": [0, 0, 0]
					}
				},
				"tail2": {
					"rotation": {
						"0.0": [0, 0, 0],
						"0.48": [-10, 0, 0],
						"0.96": [0, 0, 0]
					}
				},
				"tail3": {
					"rotation": {
						"0.0": [0, 0, 0],
						"0.48": [-7.5, 0, 0],
						"0.96": [0, 0, 0]
					}
				},
				"head": {
					"rotation": {
						"0.0": [-22.5, 0, 0],
						"0.48": [-12.5, 0, 0],
						"0.96": [-22.5, 0, 0]
					}
				},
				"ear": {
					"rotation": {
						"0.0": [0, 0, 0],
						"0.48": [-12.5, 0, 0],
						"0.96": [0, 0, 0]
					}
				},
				"ear2": {
					"rotation": {
						"0.0": [0, 0, 0],
						"0.48": [-12.5, 0, 0],
						"0.96": [0, 0, 0]
					}
				},
				"left_leg": {
					"rotation": {
						"0.0": [22.5, 0, 0],
						"0.48": [0, 0, 0],
						"0.96": [22.5, 0, 0]
					},
					"position": {
						"0.0": [0, 2, -1],
						"0.48": [0, 4, -1],
						"0.96": [0, 2, -1]
					}
				},
				"right_leg": {
					"rotation": {
						"0.0": [22.5, 0, 0],
						"0.48": [0, 0, 0],
						"0.96": [22.5, 0, 0]
					},
					"position": {
						"0.0": [0, 2, -1],
						"0.48": [0, 4, -1],
						"0.96": [0, 2, -1]
					}
				}
			}
		}
	}
}