{
	"format_version": "1.12.0",
	"minecraft:geometry": [
		{
			"description": {
				"identifier": "geometry.unknown",
				"texture_width": 256,
				"texture_height": 256,
				"visible_bounds_width": 6,
				"visible_bounds_height": 5.5,
				"visible_bounds_offset": [0, 2.25, 0]
			},
			"bones": [
				{
					"name": "crimsonshroud",
					"pivot": [0, 0, 0]
				},
				{
					"name": "body",
					"parent": "crimsonshroud",
					"pivot": [0, 0, 0]
				},
				{
					"name": "torso",
					"parent": "body",
					"pivot": [0, 35.5, 0],
					"cubes": [
						{"origin": [-6, 34.5, -9], "size": [12, 10, 14], "uv": [0, 0]},
						{"origin": [-5, 37.5, 5], "size": [10, 7, 4], "uv": [20, 74]},
						{"origin": [0, 40.75, -9.5], "size": [3, 4, 3], "pivot": [0, 43.75, -6.5], "rotation": [33.4032, 39.85571, 22.90981], "uv": [106, 106]},
						{"origin": [0, 44.75, -9.5], "size": [3, 5, 0], "pivot": [0, 43.75, -6.5], "rotation": [33.4032, 39.85571, 22.90981], "uv": [114, 63]},
						{"origin": [3, 44.75, -9.5], "size": [0, 5, 3], "pivot": [0, 43.75, -6.5], "rotation": [33.4032, 39.85571, 22.90981], "uv": [14, 106]},
						{"origin": [-3, 40.75, -9.5], "size": [3, 6, 0], "pivot": [0, 43.75, -6.5], "rotation": [33.4032, 39.85571, 22.90981], "uv": [12, 114]},
						{"origin": [3, 40.75, -6.5], "size": [0, 6, 3], "pivot": [0, 43.75, -6.5], "rotation": [33.4032, 39.85571, 22.90981], "uv": [38, 50]},
						{"origin": [2.38909, 41.79593, -5.257], "size": [3, 6, 0], "pivot": [3.88909, 44.79593, -4.257], "rotation": [65.10133, -62.22995, -62.31965], "uv": [36, 114]},
						{"origin": [-5.38909, 41.79593, -5.257], "size": [3, 6, 0], "pivot": [-3.88909, 44.79593, -4.257], "rotation": [65.10133, 62.22995, 62.31965], "uv": [114, 57]},
						{"origin": [-5, 44.5, -2], "size": [0, 4, 3], "pivot": [-5, 43.5, -0.5], "rotation": [0, 0, -2.5], "uv": [90, 111]},
						{"origin": [-4.13181, 43.54076, 2], "size": [0, 4, 3], "pivot": [-4.13181, 46.54076, 3.5], "rotation": [-19.8836, 25.89635, -7.80171], "uv": [96, 111]},
						{"origin": [5, 44.5, -2], "size": [0, 4, 3], "pivot": [5, 43.5, -0.5], "rotation": [0, 0, 2.5], "uv": [0, 112]},
						{"origin": [4.13181, 43.54076, 2], "size": [0, 4, 3], "pivot": [4.13181, 46.54076, 3.5], "rotation": [-19.8836, -25.89635, 7.80171], "uv": [6, 112]},
						{"origin": [1.83902, 42.46407, 4.57787], "size": [0, 4, 3], "pivot": [1.83902, 44.46407, 6.07787], "rotation": [-25.35812, -44.40615, 17.17285], "uv": [102, 113]},
						{"origin": [-1.83902, 42.46407, 4.57787], "size": [0, 4, 3], "pivot": [-1.83902, 44.46407, 6.07787], "rotation": [-25.35812, 44.40615, -17.17285], "uv": [108, 113]}
					]
				},
				{
					"name": "torso_eye_closed",
					"parent": "torso",
					"pivot": [0, 35.5, 0],
					"cubes": [
						{"origin": [-6, 34.5, -9], "size": [12, 10, 1], "inflate": 0.05, "uv": [124, 53]}
					]
				},
				{
					"name": "torso_eye_open",
					"parent": "torso",
					"pivot": [0.5, 36.425, 0],
					"cubes": [
						{"origin": [-6, 34.5, -9], "size": [12, 10, 1], "inflate": 0.05, "uv": [124, 65]}
					]
				},
				{
					"name": "torso_wisp",
					"parent": "torso",
					"pivot": [0.5, 41.5, 12]
				},
				{
					"name": "torso_wisp_1",
					"parent": "torso_wisp",
					"pivot": [0, 39.5, 9],
					"cubes": [
						{"origin": [-3, 37.5, 9], "size": [6, 10, 5], "uv": [74, 74]}
					]
				},
				{
					"name": "torso_wisp_2",
					"parent": "torso_wisp_1",
					"pivot": [0, 45.5, 14],
					"cubes": [
						{"origin": [-2, 43.5, 14], "size": [4, 8, 4], "uv": [60, 99]}
					]
				},
				{
					"name": "torso_wisp_3",
					"parent": "torso_wisp_2",
					"pivot": [0, 49, 18],
					"cubes": [
						{"origin": [0, 45.5, 15], "size": [0, 10, 10], "uv": [0, 64]}
					]
				},
				{
					"name": "head",
					"parent": "torso",
					"pivot": [0.67543, 44.45, -1.14356],
					"cubes": [
						{"origin": [-2.5, 44.5, -6.086], "size": [5, 6, 5], "inflate": 0.025, "pivot": [0, 46, -3.575], "rotation": [0, 45, 0], "uv": [0, 95]},
						{"origin": [-3.5, 44.5, -3.5], "size": [7, 6, 6], "inflate": 0.05, "uv": [48, 74]},
						{"origin": [3.5, 44.5, -2.5], "size": [0, 6, 2], "pivot": [3.5, 47.5, -2.5], "rotation": [0, 27.5, 0], "uv": [52, 51]},
						{"origin": [3.5, 44.5, 0.5], "size": [0, 6, 3], "pivot": [3.5, 47.5, 0.5], "rotation": [0, 27.5, 0], "uv": [51, 42]},
						{"origin": [-3.5, 44.5, 0.5], "size": [0, 6, 3], "pivot": [-3.5, 47.5, 0.5], "rotation": [0, -27.5, 0], "uv": [51, 42]},
						{"origin": [-3.5, 45.5, -2.5], "size": [0, 4, 3], "pivot": [-3.5, 46.5, -2.5], "rotation": [0, -27.5, 0], "uv": [51, 42]},
						{"origin": [-2.5, 44.5, -6.086], "size": [5, 6, 5], "inflate": -0.025, "pivot": [0, 46, -3.575], "rotation": [0, -45, 0], "uv": [90, 89]}
					]
				},
				{
					"name": "eye",
					"parent": "head",
					"pivot": [1.78969, 47.75, -4.19796],
					"rotation": [0, -45, 0]
				},
				{
					"name": "eyelid",
					"parent": "eye",
					"pivot": [1.78969, 47.75, -4.17296],
					"cubes": [
						{"origin": [1.46759, 46.5, -4.93451], "size": [2, 2, 1], "inflate": 0.05, "pivot": [3.54259, 49.5, -4.93451], "rotation": [0, 45, 0], "uv": [21, 118]},
						{"origin": [0.44101, 45.5, -4.9621], "size": [3, 3, 2], "inflate": 0.01, "uv": [19, 122]}
					]
				},
				{
					"name": "eye_main",
					"parent": "eye",
					"pivot": [1.78969, 47.75, -4.19796],
					"cubes": [
						{"origin": [0.44101, 45.5, -4.9871], "size": [3, 3, 2], "uv": [61, 120]},
						{"origin": [1.53969, 46.75, -4.9121], "size": [1, 2, 2], "inflate": 0.1, "uv": [0, 70]}
					]
				},
				{
					"name": "head_wisp_1",
					"parent": "head",
					"pivot": [0.00389, 51, -1.40389],
					"cubes": [
						{"origin": [-2.5, 49.5, -4.811], "size": [5, 7, 5], "inflate": -0.2, "pivot": [0, 51, -2.3], "rotation": [0, -45, 0], "uv": [88, 24]},
						{"origin": [-3.5, 49.5, -2.5], "size": [7, 7, 4], "inflate": -0.2, "uv": [82, 46]},
						{"origin": [-6.5, 51.5, -0.5], "size": [13, 4, 0], "uv": [0, 149]}
					]
				},
				{
					"name": "head_wisp_2",
					"parent": "head_wisp_1",
					"pivot": [0.00778, 56, -1.76488],
					"cubes": [
						{"origin": [-1.5, 55.5, -3.811], "size": [4, 7, 4], "pivot": [0, 57, -2.3], "rotation": [0, -45, 0], "uv": [148, 40]}
					]
				},
				{
					"name": "head_wisp_3",
					"parent": "head_wisp_2",
					"pivot": [0.00778, 62.5, -1.60067],
					"cubes": [
						{"origin": [-0.5, 62.5, -2.811], "size": [2, 7, 2], "pivot": [0, 64, -2.3], "rotation": [0, -45, 0], "uv": [149, 30]}
					]
				},
				{
					"name": "head_wisp_4",
					"parent": "head_wisp_3",
					"pivot": [0.00778, 68, -2.10067],
					"cubes": [
						{"origin": [-0.99222, 66.5, -1.60067], "size": [4, 7, 0], "pivot": [0.00778, 70, -1.60067], "rotation": [0, -90, 0], "uv": [151, 22]}
					]
				},
				{
					"name": "arms",
					"parent": "torso",
					"pivot": [-1, 35, 0]
				},
				{
					"name": "shoulder_left",
					"parent": "arms",
					"pivot": [5, 43.25, -1.5],
					"cubes": [
						{"origin": [5, 40.25, -4.5], "size": [6, 6, 6], "uv": [80, 12]}
					]
				},
				{
					"name": "upper_arm_left",
					"parent": "shoulder_left",
					"pivot": [10.75, 41.5, -1.5],
					"rotation": [0, 0, 90],
					"cubes": [
						{"origin": [11, 40.5, -2.5], "size": [5, 2, 2], "uv": [110, 40]},
						{"origin": [12, 41.5, -0.5], "size": [4, 0, 2], "uv": [104, 55]}
					]
				},
				{
					"name": "lower_arm_left",
					"parent": "upper_arm_left",
					"pivot": [16, 41.5, -1.5],
					"cubes": [
						{"origin": [16, 40.5, -2.5], "size": [4, 2, 2], "uv": [60, 111]}
					]
				},
				{
					"name": "hand_left",
					"parent": "lower_arm_left",
					"pivot": [20, 41.5, -1.5],
					"cubes": [
						{"origin": [20, 39.5, -4.5], "size": [5, 4, 6], "uv": [68, 89]},
						{"origin": [27, 43, -1.5], "size": [3, 5, 0], "pivot": [27.5, 43.5, -1.5], "rotation": [0, 0, 25], "uv": [54, 3], "mirror": true},
						{"origin": [25, 39.5, -5.5], "size": [6, 4, 8], "uv": [52, 12]}
					]
				},
				{
					"name": "hand_wisp_left_1",
					"parent": "hand_left",
					"pivot": [22, 42.5, -1.5],
					"cubes": [
						{"origin": [17, 41.5, -3.5], "size": [6, 4, 4], "uv": [127, 32]}
					]
				},
				{
					"name": "hand_wisp_left_2",
					"parent": "hand_wisp_left_1",
					"pivot": [18, 44.25, -1.5],
					"cubes": [
						{"origin": [13, 43.75, -2.5], "size": [6, 3, 2], "uv": [151, 0]}
					]
				},
				{
					"name": "hand_wisp_left_3",
					"parent": "hand_wisp_left_2",
					"pivot": [14, 45.75, -1.5],
					"cubes": [
						{"origin": [8, 44.75, -1.5], "size": [7, 4, 0], "uv": [151, 6]}
					]
				},
				{
					"name": "fingers_left",
					"parent": "hand_left",
					"pivot": [31, 42.5, -1.5],
					"cubes": [
						{"origin": [31, 39.5, -5], "size": [4, 3, 7], "uv": [46, 86], "mirror": true}
					]
				},
				{
					"name": "finger_left1",
					"parent": "fingers_left",
					"pivot": [35, 42, -3.5],
					"cubes": [
						{"origin": [35, 39.5, -3.5], "size": [4, 3, 0], "uv": [61, 86], "mirror": true}
					]
				},
				{
					"name": "finger_left2",
					"parent": "fingers_left",
					"pivot": [35, 42, -1.5],
					"cubes": [
						{"origin": [35, 39.5, -1.5], "size": [4, 3, 0], "uv": [61, 89], "mirror": true}
					]
				},
				{
					"name": "finger_left3",
					"parent": "fingers_left",
					"pivot": [35, 42, 0.5],
					"cubes": [
						{"origin": [35, 39.5, 0.5], "size": [4, 3, 0], "uv": [23, 93], "mirror": true}
					]
				},
				{
					"name": "shoulder_wisp_left",
					"parent": "shoulder_left",
					"pivot": [11, 40.25, -1.5]
				},
				{
					"name": "wisp_left_1",
					"parent": "shoulder_wisp_left",
					"pivot": [11, 40.25, -1.5],
					"cubes": [
						{"origin": [4, 40.25, -4.5], "size": [7, 8, 6], "inflate": -0.01, "uv": [64, 60]}
					]
				},
				{
					"name": "wisp_left_2",
					"parent": "wisp_left_1",
					"pivot": [9.5, 47.25, -1.5],
					"cubes": [
						{"origin": [8, 46, -3.5], "size": [5, 8, 4], "inflate": -0.01, "uv": [96, 65]}
					]
				},
				{
					"name": "wisp_left_3",
					"parent": "wisp_left_2",
					"pivot": [9, 53, -1.5],
					"cubes": [
						{"origin": [6, 52, -3], "size": [4, 8, 3], "inflate": -0.01, "uv": [104, 0]}
					]
				},
				{
					"name": "wisp_left_4",
					"parent": "wisp_left_3",
					"pivot": [8.5, 58.5, -1.5],
					"cubes": [
						{"origin": [7, 57, -1.5], "size": [4, 8, 0], "uv": [110, 90]}
					]
				},
				{
					"name": "shoulder_right",
					"parent": "arms",
					"pivot": [-5, 43.25, -1.5],
					"cubes": [
						{"origin": [-11, 40.25, -4.5], "size": [6, 6, 6], "uv": [80, 0]}
					]
				},
				{
					"name": "shoulder_wisp_right",
					"parent": "shoulder_right",
					"pivot": [-11, 40.25, -1.5]
				},
				{
					"name": "wisp_right_1",
					"parent": "shoulder_wisp_right",
					"pivot": [-11, 40.25, -1.5],
					"cubes": [
						{"origin": [-11, 40.25, -4.5], "size": [7, 8, 6], "inflate": -0.01, "uv": [38, 60]}
					]
				},
				{
					"name": "wisp_right_2",
					"parent": "wisp_right_1",
					"pivot": [-9.5, 47.25, -1.5],
					"cubes": [
						{"origin": [-13, 46, -3.5], "size": [5, 8, 4], "inflate": -0.01, "uv": [42, 96]}
					]
				},
				{
					"name": "wisp_right_3",
					"parent": "wisp_right_2",
					"pivot": [-9, 53, -1.5],
					"cubes": [
						{"origin": [-10, 52, -3], "size": [4, 8, 3], "inflate": -0.01, "uv": [92, 100]}
					]
				},
				{
					"name": "wisp_right_4",
					"parent": "wisp_right_3",
					"pivot": [-8.5, 58.5, -1.5],
					"cubes": [
						{"origin": [-11, 57, -1.5], "size": [4, 8, 0], "uv": [52, 108]}
					]
				},
				{
					"name": "upper_arm_right",
					"parent": "shoulder_right",
					"pivot": [-10.75, 41.5, -1.5],
					"rotation": [0, 0, -90],
					"cubes": [
						{"origin": [-16, 40.5, -2.5], "size": [5, 2, 2], "uv": [110, 36]},
						{"origin": [-16, 41.5, -0.5], "size": [4, 0, 2], "uv": [96, 86]}
					]
				},
				{
					"name": "lower_arm_right",
					"parent": "upper_arm_right",
					"pivot": [-16, 41.5, -1.5],
					"cubes": [
						{"origin": [-20, 40.5, -2.5], "size": [4, 2, 2], "uv": [110, 86]}
					]
				},
				{
					"name": "hand_right",
					"parent": "lower_arm_right",
					"pivot": [-20, 41.5, -1.5],
					"cubes": [
						{"origin": [-25, 39.5, -4.5], "size": [5, 4, 6], "uv": [0, 85]},
						{"origin": [-31, 39.5, -5.5], "size": [6, 4, 8], "uv": [52, 0]},
						{"origin": [-30, 43, -1.5], "size": [3, 5, 0], "pivot": [-27.5, 43.5, -1.5], "rotation": [0, 0, -25], "uv": [48, 3]}
					]
				},
				{
					"name": "hand_wisp_right_1",
					"parent": "hand_right",
					"pivot": [-22, 42.5, -1.5],
					"cubes": [
						{"origin": [-23, 41.5, -3.5], "size": [6, 4, 4], "uv": [127, 43]}
					]
				},
				{
					"name": "hand_wisp_right_2",
					"parent": "hand_wisp_right_1",
					"pivot": [-18, 44.25, -1.5],
					"cubes": [
						{"origin": [-19, 43.75, -2.5], "size": [6, 3, 2], "uv": [151, 11]}
					]
				},
				{
					"name": "hand_wisp_right_3",
					"parent": "hand_wisp_right_2",
					"pivot": [-14, 45.75, -1.5],
					"cubes": [
						{"origin": [-15, 44.75, -1.5], "size": [7, 4, 0], "uv": [151, 17]}
					]
				},
				{
					"name": "fingers_right",
					"parent": "hand_right",
					"pivot": [-31, 42.5, -1.5],
					"cubes": [
						{"origin": [-35, 39.5, -5], "size": [4, 3, 7], "uv": [46, 86]}
					]
				},
				{
					"name": "finger_right1",
					"parent": "fingers_right",
					"pivot": [-35, 42, -3.5],
					"cubes": [
						{"origin": [-39, 39.5, -3.5], "size": [4, 3, 0], "uv": [61, 86]}
					]
				},
				{
					"name": "finger_right2",
					"parent": "fingers_right",
					"pivot": [-35, 42, -1.5],
					"cubes": [
						{"origin": [-39, 39.5, -1.5], "size": [4, 3, 0], "uv": [61, 89]}
					]
				},
				{
					"name": "finger_right3",
					"parent": "fingers_right",
					"pivot": [-35, 42, 0.5],
					"cubes": [
						{"origin": [-39, 39.5, 0.5], "size": [4, 3, 0], "uv": [23, 93]}
					]
				},
				{
					"name": "waist",
					"parent": "body",
					"pivot": [0, 35.5, 0],
					"cubes": [
						{"origin": [-1.5, 31, -4], "size": [5, 4, 5], "pivot": [0, 32.5, -0.5], "rotation": [0, 45, 0], "uv": [96, 77]},
						{"origin": [-5.5, 27, -7.4], "size": [11, 4, 11], "uv": [0, 24]}
					]
				},
				{
					"name": "legs",
					"parent": "waist",
					"pivot": [-0.5, 28, -0.7]
				},
				{
					"name": "leg_right",
					"parent": "legs",
					"pivot": [-2, 27, -1.9],
					"cubes": [
						{"origin": [-4, 21, -3.4], "size": [4, 6, 3], "uv": [104, 46]}
					]
				},
				{
					"name": "leg_right_2",
					"parent": "leg_right",
					"pivot": [-2, 21, -1.9],
					"cubes": [
						{"origin": [-3.5, 14, -2.9], "size": [3, 7, 2], "inflate": -0.01, "uv": [42, 108]}
					]
				},
				{
					"name": "leg_right_3",
					"parent": "leg_right_2",
					"pivot": [-1.75, 14, -2],
					"cubes": [
						{"origin": [-2.75, 7, -2.4], "size": [2, 7, 1], "uv": [84, 111]},
						{"origin": [-2, 0, -1.9], "size": [1, 7, 0], "uv": [18, 114]}
					]
				},
				{
					"name": "leg_left",
					"parent": "legs",
					"pivot": [2, 27, -1.9],
					"cubes": [
						{"origin": [0, 21, -3.4], "size": [4, 6, 3], "uv": [104, 11]}
					]
				},
				{
					"name": "leg_left_2",
					"parent": "leg_left",
					"pivot": [2, 21, -1.9],
					"cubes": [
						{"origin": [0.5, 14, -2.9], "size": [3, 7, 2], "inflate": -0.01, "uv": [108, 20]}
					]
				},
				{
					"name": "leg_left_3",
					"parent": "leg_left_2",
					"pivot": [1.75, 14, -2],
					"cubes": [
						{"origin": [0.75, 7, -2.4], "size": [2, 7, 1], "uv": [78, 111]},
						{"origin": [1, 0, -1.9], "size": [1, 7, 0], "uv": [20, 95]}
					]
				},
				{
					"name": "tail",
					"parent": "waist",
					"pivot": [-0.5, 28, -0.7]
				},
				{
					"name": "tail1",
					"parent": "tail",
					"pivot": [0, 29, 3.6],
					"cubes": [
						{"origin": [-2.5, 27, 3.6], "size": [5, 4, 8], "uv": [0, 121]},
						{"origin": [0, 31, 4.35], "size": [0, 5, 8], "uv": [64, 123]}
					]
				},
				{
					"name": "tail2",
					"parent": "tail1",
					"pivot": [0, 29, 11.6],
					"cubes": [
						{"origin": [-2.5, 27, 11.6], "size": [5, 4, 8], "uv": [0, 135]},
						{"origin": [0, 31, 10.85], "size": [0, 5, 8], "uv": [65, 129]}
					]
				},
				{
					"name": "tail3",
					"parent": "tail2",
					"pivot": [0, 29, 19.6],
					"cubes": [
						{"origin": [-2.5, 27, 19.6], "size": [5, 4, 8], "uv": [27, 121]},
						{"origin": [0, 31, 19.6], "size": [0, 5, 8], "uv": [82, 129]}
					]
				},
				{
					"name": "tail4",
					"parent": "tail3",
					"pivot": [0, 29, 27.6],
					"cubes": [
						{"origin": [-1.5, 27.5, 27.6], "size": [3, 3, 8], "uv": [27, 136]},
						{"origin": [0, 30.5, 27.6], "size": [0, 4, 8], "uv": [73, 135]}
					]
				},
				{
					"name": "tail5",
					"parent": "tail4",
					"pivot": [0, 29, 35.6],
					"cubes": [
						{"origin": [-1.5, 27.5, 35.6], "size": [3, 3, 8], "uv": [50, 136]},
						{"origin": [0, 30.5, 35.6], "size": [0, 4, 8], "uv": [98, 124]}
					]
				},
				{
					"name": "tail6",
					"parent": "tail5",
					"pivot": [0, 29, 43.6],
					"cubes": [
						{"origin": [-1, 28, 43.6], "size": [2, 2, 8], "uv": [64, 120]},
						{"origin": [0, 30, 43.6], "size": [0, 3, 8], "uv": [81, 124]}
					]
				},
				{
					"name": "tail7",
					"parent": "tail6",
					"pivot": [0, 29, 51.6],
					"cubes": [
						{"origin": [-1, 28, 51.6], "size": [2, 2, 8], "uv": [85, 120]}
					]
				},
				{
					"name": "tail8",
					"parent": "tail7",
					"pivot": [0, 29, 57.35],
					"cubes": [
						{"origin": [0, 5, 55.6], "size": [0, 29, 15], "uv": [120, -15]}
					]
				},
				{
					"name": "skirt",
					"parent": "waist",
					"pivot": [5, 27, -1.9]
				},
				{
					"name": "skirt_right",
					"parent": "skirt",
					"pivot": [-5, 27, -1.9],
					"cubes": [
						{"origin": [-18.5, 27, -9.4], "size": [14, 0, 15], "uv": [-7, 43]}
					]
				},
				{
					"name": "skirt_left",
					"parent": "skirt",
					"pivot": [5, 27, -1.9],
					"cubes": [
						{"origin": [4.5, 27, -9.4], "size": [14, 0, 15], "uv": [30, 25]}
					]
				},
				{
					"name": "skirt_back",
					"parent": "skirt",
					"pivot": [0, 27, 3.1],
					"cubes": [
						{"origin": [1.5, 27, 2.6], "size": [5, 0, 14], "pivot": [4, 27, 9.6], "rotation": [0, 0, 17.5], "uv": [104, 114]},
						{"origin": [-6.5, 27, 2.6], "size": [5, 0, 14], "pivot": [-4, 27, 9.6], "rotation": [0, 0, -17.5], "uv": [44, 46]}
					]
				},
				{
					"name": "skirt_front",
					"parent": "skirt",
					"pivot": [0, 27, -6.9],
					"cubes": [
						{"origin": [-7.5, 27, -20.4], "size": [15, 0, 14], "uv": [-7, 59]}
					]
				}
			]
		}
	]
}