{
	"format_version": "1.8.0",
	"animations": {
		"animation.xuehu_colt.ground_idle": {
			"loop": true,
			"animation_length": 4,
			"bones": {
				"torso": {
					"rotation": ["-7.5+math.sin(query.anim_time*90*1-60)*2", 0, 0],
					"position": [0, "0+math.sin(query.anim_time*90*1)*0.4", "0+math.sin(query.anim_time*90*1-60)*0.2"]
				},
				"neck": {
					"rotation": ["-10-math.sin(query.anim_time*90*1-120)*2", 0, 0]
				},
				"head": {
					"rotation": [22.5, 0, "0+math.sin(query.anim_time*90*1)*2"]
				},
				"leg": {
					"rotation": [0, 5, 0]
				},
				"tail": {
					"rotation": ["0+math.sin(query.anim_time*90*2)*5", "0+math.sin(query.anim_time*90*2-60)*5", 0]
				},
				"tail2": {
					"rotation": ["0+math.sin(query.anim_time*90*2-60)*10", "0+math.sin(query.anim_time*90*2-120)*10", 0]
				},
				"tail3": {
					"rotation": ["0+math.sin(query.anim_time*90*2-120)*15", "0+math.sin(query.anim_time*90*2-180)*15", 0]
				},
				"tail4": {
					"rotation": ["0+math.sin(query.anim_time*90*2-180)*20", "0-math.sin(query.anim_time*90*2-80)*20", 0]
				},
				"tail5": {
					"rotation": ["0-math.sin(query.anim_time*90*2-80)*25", "0-math.sin(query.anim_time*90*2-100)*25", 0]
				}
			}
		},
		"animation.xuehu_colt.ground_walk": {
			"loop": true,
			"animation_length": 1,
			"bones": {
				"leg3": {
					"rotation": {
						"0.0": {
							"post": [20, 0, 0],
							"lerp_mode": "catmullrom"
						},
						"0.5": {
							"post": [-12.26836, 1.31829, -0.78238],
							"lerp_mode": "catmullrom"
						},
						"1.0": {
							"post": [20, 0, 0],
							"lerp_mode": "catmullrom"
						}
					},
					"position": {
						"0.0": {
							"post": [0, 0, 2],
							"lerp_mode": "catmullrom"
						},
						"0.25": {
							"post": [0, 2, 0],
							"lerp_mode": "catmullrom"
						},
						"0.5": {
							"post": [0, 0, -2],
							"lerp_mode": "catmullrom"
						},
						"1.0": {
							"post": [0, 0, 2],
							"lerp_mode": "catmullrom"
						}
					}
				},
				"leg": {
					"rotation": {
						"0.0": {
							"post": [17.5, 0, 0],
							"lerp_mode": "catmullrom"
						},
						"0.5": {
							"post": [-2.5, 0, 0],
							"lerp_mode": "catmullrom"
						},
						"1.0": {
							"post": [17.5, 0, 0],
							"lerp_mode": "catmullrom"
						}
					},
					"position": {
						"0.0": {
							"post": [0, -1, 1],
							"lerp_mode": "catmullrom"
						},
						"0.25": {
							"post": [0, 1.5, -1],
							"lerp_mode": "catmullrom"
						},
						"0.5": {
							"post": [0, 0, -3],
							"lerp_mode": "catmullrom"
						},
						"1.0": {
							"post": [0, -1, 1],
							"lerp_mode": "catmullrom"
						}
					}
				},
				"leg4": {
					"rotation": {
						"0.0": {
							"post": [-10, 0, 0],
							"lerp_mode": "catmullrom"
						},
						"0.5": {
							"post": [7.20153, -1.05538, -3.21706],
							"lerp_mode": "catmullrom"
						},
						"1.0": {
							"post": [-10, 0, 0],
							"lerp_mode": "catmullrom"
						}
					},
					"position": {
						"0.0": {
							"post": [0, 0, -2],
							"lerp_mode": "catmullrom"
						},
						"0.5": {
							"post": [0, 0, 2],
							"lerp_mode": "catmullrom"
						},
						"0.75": {
							"post": [0, 2, 0],
							"lerp_mode": "catmullrom"
						},
						"1.0": {
							"post": [0, 0, -2],
							"lerp_mode": "catmullrom"
						}
					}
				},
				"leg2": {
					"rotation": {
						"0.0": {
							"post": [-15, 0, 0],
							"lerp_mode": "catmullrom"
						},
						"0.5": {
							"post": [22.5, 0, 0],
							"lerp_mode": "catmullrom"
						},
						"1.0": {
							"post": [-15, 0, 0],
							"lerp_mode": "catmullrom"
						}
					},
					"position": {
						"0.0": {
							"post": [0, 0, -2],
							"lerp_mode": "catmullrom"
						},
						"0.5": {
							"post": [0, -1, 0],
							"lerp_mode": "catmullrom"
						},
						"0.75": {
							"post": [0, 2.5, -2],
							"lerp_mode": "catmullrom"
						},
						"1.0": {
							"post": [0, 0, -2],
							"lerp_mode": "catmullrom"
						}
					}
				},
				"torso": {
					"rotation": [0, 0, "0+math.sin(query.anim_time*90*4-120)*5"],
					"position": [0, "0+math.sin(query.anim_time*90*8)*0.5", "0+math.sin(query.anim_time*90*8-60)*0.5"]
				},
				"tail": {
					"rotation": ["0+math.sin(query.anim_time*90*8)*5", "0+math.sin(query.anim_time*90*4-60)*5", 0]
				},
				"tail2": {
					"rotation": ["0+math.sin(query.anim_time*90*8-60)*10", "0+math.sin(query.anim_time*90*4-120)*10", 0]
				},
				"tail3": {
					"rotation": ["0+math.sin(query.anim_time*90*8-120)*15", "0+math.sin(query.anim_time*90*4-180)*15", 0]
				},
				"tail4": {
					"rotation": ["0+math.sin(query.anim_time*90*8-180)*20", "0+math.sin(query.anim_time*90*4+80)*20", 0]
				},
				"tail5": {
					"rotation": ["0+math.sin(query.anim_time*90*8+80)*25", "0+math.sin(query.anim_time*90*4+100)*25", 0]
				},
				"neck": {
					"rotation": ["0+math.sin(query.anim_time*90*8)*2", 0, "0-math.sin(query.anim_time*90*4-120)*5"]
				},
				"knee": {
					"rotation": {
						"0.0": {
							"post": [-17.5, 0, 0],
							"lerp_mode": "catmullrom"
						},
						"0.1667": {
							"post": [-53.11, 0, 0],
							"lerp_mode": "catmullrom"
						},
						"0.5": {
							"post": [2.5, 0, 0],
							"lerp_mode": "catmullrom"
						},
						"1.0": {
							"post": [-17.5, 0, 0],
							"lerp_mode": "catmullrom"
						}
					}
				},
				"knee2": {
					"rotation": {
						"0.0": {
							"post": [12.5, 0, 0],
							"lerp_mode": "catmullrom"
						},
						"0.5": {
							"post": [-22.5, 0, 0],
							"lerp_mode": "catmullrom"
						},
						"0.875": {
							"post": [-26.25, 0, 0],
							"lerp_mode": "catmullrom"
						},
						"1.0": {
							"post": [12.5, 0, 0],
							"lerp_mode": "catmullrom"
						}
					}
				}
			}
		},
		"animation.xuehu_colt.battle_idle": {
			"loop": true,
			"animation_length": 2,
			"bones": {
				"body": {
					"position": [0, -2, 0]
				},
				"leg3": {
					"rotation": [0, -17.5, 0],
					"position": [0, 2, 0]
				},
				"leg": {
					"rotation": ["-35+math.sin(query.anim_time*90*4)*2", 0, 0],
					"position": [0, -1, 0]
				},
				"leg4": {
					"rotation": [35, 0, 0],
					"position": [0, -1, 0]
				},
				"leg2": {
					"rotation": ["17.5+math.sin(query.anim_time*90*4)*2", 0, 0]
				},
				"knee2": {
					"rotation": ["-20-math.sin(query.anim_time*90*4)*4", 0, 0],
					"position": [0, 1, 0]
				},
				"torso": {
					"rotation": ["7.5+math.sin(query.anim_time*90*4)", 0, "0+math.sin(query.anim_time*90*2)*2"],
					"position": [0, "0+math.sin(query.anim_time*90*4)*0.2", 0]
				},
				"tail": {
					"rotation": ["30+math.sin(query.anim_time*90*4-60)*10", "0+math.sin(query.anim_time*90*4)*10", 0]
				},
				"tail2": {
					"rotation": ["0+math.sin(query.anim_time*90*4-120)*15", "0+math.sin(query.anim_time*90*4-60)*15", 0]
				},
				"tail3": {
					"rotation": ["0+math.sin(query.anim_time*90*4-180)*20", "0+math.sin(query.anim_time*90*4-120)*20", 0]
				},
				"tail4": {
					"rotation": ["0-math.sin(query.anim_time*90*4-80)*25", "0+math.sin(query.anim_time*90*4-180)*25", 0]
				},
				"tail5": {
					"rotation": ["0-math.sin(query.anim_time*90*4-110)*30", "0-math.sin(query.anim_time*90*4-80)*30", 0]
				},
				"head": {
					"rotation": ["-10+math.sin(query.anim_time*90*4-60)*2", 0, "0+math.sin(query.anim_time*90*2-60)*2"]
				},
				"jaw": {
					"rotation": [10, 0, 0]
				},
				"paw": {
					"rotation": [35, 0, 0]
				},
				"knee": {
					"rotation": ["0-math.sin(query.anim_time*90*4)*4", 0, 0]
				}
			}
		},
		"animation.xuehu_colt.physical": {
			"animation_length": 2,
			"bones": {
				"body": {
					"rotation": {
						"0.0": {
							"post": [0, 0, 0],
							"lerp_mode": "catmullrom"
						},
						"0.5": {
							"post": [2.5, 0, 0],
							"lerp_mode": "catmullrom"
						},
						"0.9583": {
							"post": [2.5, 0, 0],
							"lerp_mode": "catmullrom"
						},
						"1.2917": {
							"post": [-55, 0, 0],
							"lerp_mode": "catmullrom"
						},
						"1.6667": {
							"post": [-55, 0, 0],
							"lerp_mode": "catmullrom"
						},
						"2.0": {
							"post": [0, 0, 0],
							"lerp_mode": "catmullrom"
						}
					},
					"position": {
						"0.0": {
							"post": [0, -2, 0],
							"lerp_mode": "catmullrom"
						},
						"0.5": {
							"post": [0, -1.46, 1.24],
							"lerp_mode": "catmullrom"
						},
						"0.9583": {
							"post": [0, -2, 0],
							"lerp_mode": "catmullrom"
						},
						"1.2917": {
							"post": [0, 11, -11],
							"lerp_mode": "catmullrom"
						},
						"1.6667": {
							"post": [0, 11, -11],
							"lerp_mode": "catmullrom"
						},
						"2.0": {
							"post": [0, -2, 0],
							"lerp_mode": "catmullrom"
						}
					}
				},
				"leg3": {
					"rotation": {
						"0.0": {
							"post": [0, -17.5, 0],
							"lerp_mode": "catmullrom"
						},
						"0.9583": {
							"post": [0, -17.5, 0],
							"lerp_mode": "catmullrom"
						},
						"1.2917": {
							"post": [53.81246, -6.59273, -6.25423],
							"lerp_mode": "catmullrom"
						},
						"1.6667": {
							"post": [53.81246, -6.59273, -6.25423],
							"lerp_mode": "catmullrom"
						},
						"2.0": {
							"post": [0, -17.5, 0],
							"lerp_mode": "catmullrom"
						}
					},
					"position": {
						"0.0": [0, 2, 0],
						"0.6667": [0, 1, 0],
						"0.9583": [0, 2, 0],
						"1.2917": [0, 0, 1],
						"1.6667": [0, 0, 1],
						"2.0": [0, 2, 0]
					}
				},
				"leg": {
					"rotation": {
						"0.0": {
							"post": [-35, 0, 0],
							"lerp_mode": "catmullrom"
						},
						"0.875": {
							"post": [-35, 0, 0],
							"lerp_mode": "catmullrom"
						},
						"1.2083": {
							"post": [-19.29534, 29.78401, 54.82326],
							"lerp_mode": "catmullrom"
						},
						"1.625": {
							"post": [-35.03809, 40.06472, -69.9802],
							"lerp_mode": "catmullrom"
						},
						"1.75": {
							"post": [-35.03809, 40.06472, -69.9802],
							"lerp_mode": "catmullrom"
						},
						"2.0": {
							"post": [-35, 0, 0],
							"lerp_mode": "catmullrom"
						}
					},
					"position": {
						"0.0": {
							"post": [0, -1, 0],
							"lerp_mode": "catmullrom"
						},
						"0.875": {
							"post": [0, -1, 0],
							"lerp_mode": "catmullrom"
						},
						"1.2083": {
							"post": [-2, -7, 0],
							"lerp_mode": "catmullrom"
						},
						"1.625": {
							"post": [1, -7, 0],
							"lerp_mode": "catmullrom"
						},
						"1.75": {
							"post": [1, -7, 0],
							"lerp_mode": "catmullrom"
						},
						"2.0": {
							"post": [0, -1, 0],
							"lerp_mode": "catmullrom"
						}
					}
				},
				"knee": {
					"rotation": {
						"0.0": {
							"post": [0, 0, 0],
							"lerp_mode": "catmullrom"
						},
						"0.5417": {
							"post": [-2.5, 0, 0],
							"lerp_mode": "catmullrom"
						},
						"1.0833": {
							"post": [-27.5, 0, 0],
							"lerp_mode": "catmullrom"
						},
						"1.3333": {
							"post": [-32.5, 0, 0],
							"lerp_mode": "catmullrom"
						},
						"1.6667": {
							"post": [10, 0, 0],
							"lerp_mode": "catmullrom"
						},
						"2.0": {
							"post": [0, 0, 0],
							"lerp_mode": "catmullrom"
						}
					}
				},
				"paw": {
					"rotation": {
						"0.0": [35, 0, 0],
						"1.4583": [30, 0, 0],
						"1.6667": [42.5, 0, 0],
						"1.875": [42.5, 0, 0],
						"2.0": [35, 0, 0]
					}
				},
				"leg4": {
					"rotation": {
						"0.0": {
							"post": [35, 0, 0],
							"lerp_mode": "catmullrom"
						},
						"0.9583": {
							"post": [35, 0, 0],
							"lerp_mode": "catmullrom"
						},
						"1.2917": {
							"post": [70, 0, 0],
							"lerp_mode": "catmullrom"
						},
						"1.6667": {
							"post": [70, 0, 0],
							"lerp_mode": "catmullrom"
						},
						"2.0": {
							"post": [35, 0, 0],
							"lerp_mode": "catmullrom"
						}
					},
					"position": {
						"0.0": {
							"post": [0, -1, 0],
							"lerp_mode": "catmullrom"
						},
						"0.9583": {
							"post": [0, -1, 0],
							"lerp_mode": "catmullrom"
						},
						"1.6667": {
							"post": [0, -1, 0],
							"lerp_mode": "catmullrom"
						},
						"2.0": {
							"post": [0, -1, 0],
							"lerp_mode": "catmullrom"
						}
					}
				},
				"leg2": {
					"rotation": {
						"0.0": {
							"post": [17.5, 0, 0],
							"lerp_mode": "catmullrom"
						},
						"0.9583": {
							"post": [17.5, 0, 0],
							"lerp_mode": "catmullrom"
						},
						"1.2917": {
							"post": [65, 0, 0],
							"lerp_mode": "catmullrom"
						},
						"1.7083": {
							"post": [65, 0, 0],
							"lerp_mode": "catmullrom"
						},
						"2.0": {
							"post": [17.5, 0, 0],
							"lerp_mode": "catmullrom"
						}
					},
					"position": {
						"0.0": {
							"post": [0, 0, 0],
							"lerp_mode": "catmullrom"
						},
						"0.9583": {
							"post": [0, 0, 0],
							"lerp_mode": "catmullrom"
						},
						"1.125": {
							"post": [0, -5.5, 0],
							"lerp_mode": "catmullrom"
						},
						"1.2917": {
							"post": [0, -9, 2],
							"lerp_mode": "catmullrom"
						},
						"1.7083": {
							"post": [2, -3, -1],
							"lerp_mode": "catmullrom"
						},
						"2.0": {
							"post": [0, 0, 0],
							"lerp_mode": "catmullrom"
						}
					}
				},
				"knee2": {
					"rotation": {
						"0.0": {
							"post": [-20, 0, 0],
							"lerp_mode": "catmullrom"
						},
						"2.0": {
							"post": [-20, 0, 0],
							"lerp_mode": "catmullrom"
						}
					},
					"position": {
						"0.0": {
							"post": [0, 1, 0],
							"lerp_mode": "catmullrom"
						},
						"2.0": {
							"post": [0, 1, 0],
							"lerp_mode": "catmullrom"
						}
					}
				},
				"torso": {
					"rotation": {
						"0.0": {
							"post": [7.5, 0, 0],
							"lerp_mode": "catmullrom"
						},
						"0.2083": {
							"post": [12.5, 0, 0],
							"lerp_mode": "catmullrom"
						},
						"0.75": {
							"post": [15, 0, 0],
							"lerp_mode": "catmullrom"
						},
						"1.0417": {
							"post": [15.19546, 0.4578, 7.89025],
							"lerp_mode": "catmullrom"
						},
						"1.25": {
							"post": [30.21552, 2.94882, 10.39971],
							"lerp_mode": "catmullrom"
						},
						"1.4167": {
							"post": [23.09774, -2.40198, -4.08886],
							"lerp_mode": "catmullrom"
						},
						"1.5833": {
							"post": [10.94102, -0.23241, -18.93596],
							"lerp_mode": "catmullrom"
						},
						"2.0": {
							"post": [7.5, 0, 0],
							"lerp_mode": "catmullrom"
						}
					},
					"position": {
						"0.0": {
							"post": [0, 0, 0],
							"lerp_mode": "catmullrom"
						},
						"2.0": {
							"post": [0, 0, 0],
							"lerp_mode": "catmullrom"
						}
					}
				},
				"tail": {
					"rotation": ["30+math.sin(query.anim_time*90*4-60)*10", "0+math.sin(query.anim_time*90*4)*10", 0]
				},
				"tail2": {
					"rotation": ["0+math.sin(query.anim_time*90*4-120)*15", "0+math.sin(query.anim_time*90*4-60)*15", 0]
				},
				"tail3": {
					"rotation": ["0+math.sin(query.anim_time*90*4-180)*20", "0+math.sin(query.anim_time*90*4-120)*20", 0]
				},
				"tail4": {
					"rotation": ["0-math.sin(query.anim_time*90*4-80)*25", "0+math.sin(query.anim_time*90*4-180)*25", 0]
				},
				"tail5": {
					"rotation": ["0-math.sin(query.anim_time*90*4-110)*30", "0-math.sin(query.anim_time*90*4-80)*30", 0]
				},
				"neck": {
					"rotation": {
						"0.0": {
							"post": [0, 0, 0],
							"lerp_mode": "catmullrom"
						},
						"0.2083": {
							"post": [-10, 0, 0],
							"lerp_mode": "catmullrom"
						},
						"0.4167": {
							"post": [-7.5, 0, 0],
							"lerp_mode": "catmullrom"
						},
						"1.125": {
							"post": [12.5, 0, 0],
							"lerp_mode": "catmullrom"
						},
						"1.5": {
							"post": [0, 0, 0],
							"lerp_mode": "catmullrom"
						}
					}
				},
				"head": {
					"rotation": {
						"0.0": {
							"post": [-10, 0, 0],
							"lerp_mode": "catmullrom"
						},
						"1.0": {
							"post": [-2.5, 0, 0],
							"lerp_mode": "catmullrom"
						},
						"1.25": {
							"post": [37.5, 0, 0],
							"lerp_mode": "catmullrom"
						},
						"1.7083": {
							"post": [37.5, 0, 0],
							"lerp_mode": "catmullrom"
						},
						"2.0": {
							"post": [-10, 0, 0],
							"lerp_mode": "catmullrom"
						}
					}
				},
				"eyes": {
					"position": {
						"0.0": [0, 0, 0],
						"0.2083": [0, 0, 0],
						"0.25": [0, 0, 1],
						"1.2083": [0, 0, 1],
						"1.25": [0, 0, 0]
					}
				},
				"ear": {
					"rotation": {
						"0.0": [0, 0, 0],
						"0.375": [0, 36.39963, -26.07135],
						"1.5": [0, 36.39963, -26.07135],
						"2.0": [0, 0, 0]
					}
				},
				"ear2": {
					"rotation": {
						"0.0": [0, 0, 0],
						"0.375": [0, -39.06771, 41.90801],
						"1.5": [0, -39.06771, 41.90801],
						"2.0": [0, 0, 0]
					}
				},
				"jaw": {
					"rotation": [10, 0, 0]
				},
				"paw2": {
					"rotation": {
						"0.0": [0, 0, 0],
						"1.0": [0, 0, 0],
						"1.1667": [32.5, 0, 0],
						"1.75": [32.5, 0, 0],
						"2.0": [0, 0, 0]
					}
				}
			}
		},
		"animation.xuehu_colt.special": {
			"animation_length": 2,
			"bones": {
				"body": {
					"rotation": {
						"0.0": {
							"post": [0, 0, 0],
							"lerp_mode": "catmullrom"
						}
					},
					"position": {
						"0.0": {
							"post": [0, -2, 0],
							"lerp_mode": "catmullrom"
						}
					}
				},
				"leg3": {
					"rotation": {
						"0.0": {
							"post": [0, -17.5, 0],
							"lerp_mode": "catmullrom"
						}
					},
					"position": [0, 2, 0]
				},
				"leg": {
					"rotation": {
						"0.0": {
							"post": [-35, 0, 0],
							"lerp_mode": "catmullrom"
						},
						"0.125": {
							"post": [-27.5, 0, 0],
							"lerp_mode": "catmullrom"
						},
						"0.25": {
							"post": [-10, 0, 0],
							"lerp_mode": "catmullrom"
						},
						"0.8333": {
							"post": [-10, 0, 0],
							"lerp_mode": "catmullrom"
						},
						"1.0": {
							"post": [-27.5, 0, 0],
							"lerp_mode": "catmullrom"
						},
						"1.125": {
							"post": [-35, 0, 0],
							"lerp_mode": "catmullrom"
						}
					},
					"position": {
						"0.0": {
							"post": [0, -1, 0],
							"lerp_mode": "catmullrom"
						},
						"0.125": {
							"post": [0, 1, 0],
							"lerp_mode": "catmullrom"
						},
						"0.25": {
							"post": [0, 1, 1],
							"lerp_mode": "catmullrom"
						},
						"0.8333": {
							"post": [0, 1, 1],
							"lerp_mode": "catmullrom"
						},
						"1.0": {
							"post": [0, 1, 0],
							"lerp_mode": "catmullrom"
						},
						"1.125": {
							"post": [0, -1, 0],
							"lerp_mode": "catmullrom"
						}
					}
				},
				"knee": {
					"rotation": {
						"0.0": {
							"post": [0, 0, 0],
							"lerp_mode": "catmullrom"
						},
						"0.25": {
							"post": [-17.5, 0, 0],
							"lerp_mode": "catmullrom"
						},
						"0.4167": {
							"post": [2.5, 0, 0],
							"lerp_mode": "catmullrom"
						},
						"0.875": {
							"post": [0, 0, 0],
							"lerp_mode": "catmullrom"
						}
					}
				},
				"paw": {
					"rotation": {
						"0.0": {
							"post": [35, 0, 0],
							"lerp_mode": "catmullrom"
						},
						"0.2083": {
							"post": [15, 0, 0],
							"lerp_mode": "catmullrom"
						},
						"0.75": {
							"post": [15, 0, 0],
							"lerp_mode": "catmullrom"
						},
						"1.0": {
							"post": [35, 0, 0],
							"lerp_mode": "catmullrom"
						}
					}
				},
				"leg4": {
					"rotation": {
						"0.0": {
							"post": [35, 0, 0],
							"lerp_mode": "catmullrom"
						},
						"0.5417": {
							"post": [10, 0, 0],
							"lerp_mode": "catmullrom"
						},
						"1.0": {
							"post": [35, 0, 0],
							"lerp_mode": "catmullrom"
						}
					},
					"position": {
						"0.0": {
							"post": [0, -1, 0],
							"lerp_mode": "catmullrom"
						},
						"0.5417": {
							"post": [0, 0.91, 3.91],
							"lerp_mode": "catmullrom"
						},
						"1.0": {
							"post": [0, -1, 0],
							"lerp_mode": "catmullrom"
						}
					}
				},
				"leg2": {
					"rotation": {
						"0.0": {
							"post": [17.5, 0, 0],
							"lerp_mode": "catmullrom"
						}
					},
					"position": {
						"0.0": {
							"post": [0, 0, 0],
							"lerp_mode": "catmullrom"
						}
					}
				},
				"knee2": {
					"rotation": {
						"0.0": {
							"post": [-20, 0, 0],
							"lerp_mode": "catmullrom"
						}
					},
					"position": {
						"0.0": {
							"post": [0, 1, 0],
							"lerp_mode": "catmullrom"
						}
					}
				},
				"torso": {
					"rotation": {
						"0.0": {
							"post": [7.5, 0, 0],
							"lerp_mode": "catmullrom"
						},
						"0.375": {
							"post": [12.5, 0, 0],
							"lerp_mode": "catmullrom"
						},
						"0.9583": {
							"post": [5, 0, 0],
							"lerp_mode": "catmullrom"
						},
						"1.0417": {
							"post": [4.98107, 0.43523, -4.98107],
							"lerp_mode": "catmullrom"
						},
						"1.125": {
							"post": [5, 0, 0],
							"lerp_mode": "catmullrom"
						},
						"1.2083": {
							"post": [4.98107, 0.43523, -4.98107],
							"lerp_mode": "catmullrom"
						},
						"1.2917": {
							"post": [5, 0, 0],
							"lerp_mode": "catmullrom"
						},
						"1.375": {
							"post": [4.98107, 0.43523, -4.98107],
							"lerp_mode": "catmullrom"
						},
						"1.4583": {
							"post": [5, 0, 0],
							"lerp_mode": "catmullrom"
						},
						"1.5417": {
							"post": [4.98107, 0.43523, -4.98107],
							"lerp_mode": "catmullrom"
						},
						"1.625": {
							"post": [5, 0, 0],
							"lerp_mode": "catmullrom"
						},
						"2.0": {
							"post": [7.5, 0, 0],
							"lerp_mode": "catmullrom"
						}
					},
					"position": {
						"0.0": {
							"post": [0, 0, 0],
							"lerp_mode": "catmullrom"
						},
						"0.125": {
							"post": [0, 1, 2],
							"lerp_mode": "catmullrom"
						},
						"0.5": {
							"post": [0, 3, 3],
							"lerp_mode": "catmullrom"
						},
						"0.8333": {
							"post": [0, 1, -1],
							"lerp_mode": "catmullrom"
						},
						"1.375": {
							"post": [0, 2, -1],
							"lerp_mode": "catmullrom"
						},
						"2.0": {
							"post": [0, 0, 0],
							"lerp_mode": "catmullrom"
						}
					}
				},
				"tail": {
					"rotation": ["30+math.sin(query.anim_time*90*4-60)*10", "0+math.sin(query.anim_time*90*4)*10", 0]
				},
				"tail2": {
					"rotation": ["0+math.sin(query.anim_time*90*4-120)*15", "0+math.sin(query.anim_time*90*4-60)*15", 0]
				},
				"tail3": {
					"rotation": ["0+math.sin(query.anim_time*90*4-180)*20", "0+math.sin(query.anim_time*90*4-120)*20", 0]
				},
				"tail4": {
					"rotation": ["0-math.sin(query.anim_time*90*4-80)*25", "0+math.sin(query.anim_time*90*4-180)*25", 0]
				},
				"tail5": {
					"rotation": ["0-math.sin(query.anim_time*90*4-110)*30", "0-math.sin(query.anim_time*90*4-80)*30", 0]
				},
				"neck": {
					"rotation": {
						"0.0": {
							"post": [0, 0, 0],
							"lerp_mode": "catmullrom"
						}
					}
				},
				"head": {
					"rotation": {
						"0.0": {
							"post": [-10, 0, 0],
							"lerp_mode": "catmullrom"
						},
						"0.2083": {
							"post": [17.5, 0, 0],
							"lerp_mode": "catmullrom"
						},
						"0.5": {
							"post": [12.5, 0, 0],
							"lerp_mode": "catmullrom"
						},
						"0.875": {
							"post": [-15, 0, 0],
							"lerp_mode": "catmullrom"
						},
						"1.75": {
							"post": [-17.5, 0, 0],
							"lerp_mode": "catmullrom"
						},
						"2.0": {
							"post": [-10, 0, 0],
							"lerp_mode": "catmullrom"
						}
					}
				},
				"eyes": {
					"position": {
						"0.0": [0, 0, 0],
						"0.125": [0, 0, 0],
						"0.1667": [0, 0, 1],
						"0.6667": [0, 0, 1],
						"0.7083": [0, 0, 0]
					}
				},
				"ear": {
					"rotation": {
						"0.0": [0, 0, 0],
						"0.3333": [-45.64462, 53.40635, -51.55178],
						"1.1667": [-45.64462, 53.40635, -51.55178],
						"1.75": [0, 0, 0]
					}
				},
				"ear2": {
					"rotation": {
						"0.0": [0, 0, 0],
						"0.3333": [-18.05876, -33.3381, 29.92014],
						"1.1667": [-18.05876, -33.3381, 29.92014],
						"1.75": [0, 0, 0]
					}
				},
				"jaw": {
					"rotation": {
						"0.0": [10, 0, 0],
						"0.25": [7.5, 0, 0],
						"0.7917": [60, 0, 0],
						"1.7083": [60, 0, 0],
						"2.0": [10, 0, 0]
					}
				},
				"paw2": {
					"rotation": [0, 0, 0]
				}
			}
		},
		"animation.xuehu_colt.status": {
			"animation_length": 2,
			"bones": {
				"body": {
					"rotation": {
						"0.0": {
							"post": [0, 0, 0],
							"lerp_mode": "catmullrom"
						}
					},
					"position": {
						"0.0": {
							"post": [0, -2, 0],
							"lerp_mode": "catmullrom"
						}
					}
				},
				"leg3": {
					"rotation": {
						"0.0": {
							"post": [0, -17.5, 0],
							"lerp_mode": "catmullrom"
						}
					},
					"position": [0, 2, 0]
				},
				"leg": {
					"rotation": {
						"0.0": {
							"post": [-35, 0, 0],
							"lerp_mode": "catmullrom"
						},
						"0.125": {
							"post": [-27.5, 0, 0],
							"lerp_mode": "catmullrom"
						},
						"0.25": {
							"post": [-10, 0, 0],
							"lerp_mode": "catmullrom"
						},
						"0.8333": {
							"post": [-10, 0, 0],
							"lerp_mode": "catmullrom"
						},
						"1.0": {
							"post": [-27.5, 0, 0],
							"lerp_mode": "catmullrom"
						},
						"1.125": {
							"post": [-35, 0, 0],
							"lerp_mode": "catmullrom"
						}
					},
					"position": {
						"0.0": {
							"post": [0, -1, 0],
							"lerp_mode": "catmullrom"
						},
						"0.125": {
							"post": [0, 1, 0],
							"lerp_mode": "catmullrom"
						},
						"0.25": {
							"post": [0, 1, 1],
							"lerp_mode": "catmullrom"
						},
						"0.8333": {
							"post": [0, 1, 1],
							"lerp_mode": "catmullrom"
						},
						"1.0": {
							"post": [0, 1, 0],
							"lerp_mode": "catmullrom"
						},
						"1.125": {
							"post": [0, -1, 0],
							"lerp_mode": "catmullrom"
						}
					}
				},
				"knee": {
					"rotation": {
						"0.0": {
							"post": [0, 0, 0],
							"lerp_mode": "catmullrom"
						},
						"0.25": {
							"post": [-17.5, 0, 0],
							"lerp_mode": "catmullrom"
						},
						"0.4167": {
							"post": [2.5, 0, 0],
							"lerp_mode": "catmullrom"
						},
						"0.875": {
							"post": [0, 0, 0],
							"lerp_mode": "catmullrom"
						}
					}
				},
				"paw": {
					"rotation": {
						"0.0": {
							"post": [35, 0, 0],
							"lerp_mode": "catmullrom"
						},
						"0.2083": {
							"post": [15, 0, 0],
							"lerp_mode": "catmullrom"
						},
						"0.75": {
							"post": [15, 0, 0],
							"lerp_mode": "catmullrom"
						},
						"1.0": {
							"post": [35, 0, 0],
							"lerp_mode": "catmullrom"
						}
					}
				},
				"leg4": {
					"rotation": {
						"0.0": {
							"post": [35, 0, 0],
							"lerp_mode": "catmullrom"
						},
						"0.5417": {
							"post": [10, 0, 0],
							"lerp_mode": "catmullrom"
						},
						"1.0": {
							"post": [35, 0, 0],
							"lerp_mode": "catmullrom"
						}
					},
					"position": {
						"0.0": {
							"post": [0, -1, 0],
							"lerp_mode": "catmullrom"
						},
						"0.5417": {
							"post": [0, 0.91, 3.91],
							"lerp_mode": "catmullrom"
						},
						"1.0": {
							"post": [0, -1, 0],
							"lerp_mode": "catmullrom"
						}
					}
				},
				"leg2": {
					"rotation": {
						"0.0": {
							"post": [17.5, 0, 0],
							"lerp_mode": "catmullrom"
						}
					},
					"position": {
						"0.0": {
							"post": [0, 0, 0],
							"lerp_mode": "catmullrom"
						}
					}
				},
				"knee2": {
					"rotation": {
						"0.0": {
							"post": [-20, 0, 0],
							"lerp_mode": "catmullrom"
						}
					},
					"position": {
						"0.0": {
							"post": [0, 1, 0],
							"lerp_mode": "catmullrom"
						}
					}
				},
				"torso": {
					"rotation": {
						"0.0": {
							"post": [7.5, 0, 0],
							"lerp_mode": "catmullrom"
						},
						"0.375": {
							"post": [12.5, 0, 0],
							"lerp_mode": "catmullrom"
						},
						"0.75": {
							"post": [-2.36103, -0.03212, 0.36759],
							"lerp_mode": "catmullrom"
						},
						"0.9583": {
							"post": [5, 0, 0],
							"lerp_mode": "catmullrom"
						},
						"1.0417": {
							"post": [4.98107, 0.43523, -4.98107],
							"lerp_mode": "catmullrom"
						},
						"1.125": {
							"post": [5, 0, 0],
							"lerp_mode": "catmullrom"
						},
						"1.2083": {
							"post": [4.98107, 0.43523, -4.98107],
							"lerp_mode": "catmullrom"
						},
						"1.2917": {
							"post": [5, 0, 0],
							"lerp_mode": "catmullrom"
						},
						"1.375": {
							"post": [4.98107, 0.43523, -4.98107],
							"lerp_mode": "catmullrom"
						},
						"1.4583": {
							"post": [5, 0, 0],
							"lerp_mode": "catmullrom"
						},
						"1.5417": {
							"post": [4.98107, 0.43523, -4.98107],
							"lerp_mode": "catmullrom"
						},
						"1.625": {
							"post": [5, 0, 0],
							"lerp_mode": "catmullrom"
						},
						"2.0": {
							"post": [7.5, 0, 0],
							"lerp_mode": "catmullrom"
						}
					},
					"position": {
						"0.0": {
							"post": [0, 0, 0],
							"lerp_mode": "catmullrom"
						},
						"0.125": {
							"post": [0, 1, 2],
							"lerp_mode": "catmullrom"
						},
						"0.5": {
							"post": [0, 3, 3],
							"lerp_mode": "catmullrom"
						},
						"0.8333": {
							"post": [0, 1, -1],
							"lerp_mode": "catmullrom"
						},
						"1.375": {
							"post": [0, 2, -1],
							"lerp_mode": "catmullrom"
						},
						"2.0": {
							"post": [0, 0, 0],
							"lerp_mode": "catmullrom"
						}
					}
				},
				"tail": {
					"rotation": ["30+math.sin(query.anim_time*90*4-60)*10", "0+math.sin(query.anim_time*90*4)*10", 0]
				},
				"tail2": {
					"rotation": ["0+math.sin(query.anim_time*90*4-120)*15", "0+math.sin(query.anim_time*90*4-60)*15", 0]
				},
				"tail3": {
					"rotation": ["0+math.sin(query.anim_time*90*4-180)*20", "0+math.sin(query.anim_time*90*4-120)*20", 0]
				},
				"tail4": {
					"rotation": ["0-math.sin(query.anim_time*90*4-80)*25", "0+math.sin(query.anim_time*90*4-180)*25", 0]
				},
				"tail5": {
					"rotation": ["0-math.sin(query.anim_time*90*4-110)*30", "0-math.sin(query.anim_time*90*4-80)*30", 0]
				},
				"neck": {
					"rotation": {
						"0.0": {
							"post": [0, 0, 0],
							"lerp_mode": "catmullrom"
						},
						"0.75": {
							"post": [-26.65594, -3.14641, -2.94458],
							"lerp_mode": "catmullrom"
						},
						"1.5833": {
							"post": [-24.15594, -3.14641, -2.94458],
							"lerp_mode": "catmullrom"
						},
						"2.0": {
							"post": [0, 0, 0],
							"lerp_mode": "catmullrom"
						}
					}
				},
				"head": {
					"rotation": {
						"0.0": {
							"post": [-10, 0, 0],
							"lerp_mode": "catmullrom"
						},
						"0.2083": {
							"post": [17.5, 0, 0],
							"lerp_mode": "catmullrom"
						},
						"0.5": {
							"post": [12.5, 0, 0],
							"lerp_mode": "catmullrom"
						},
						"0.875": {
							"post": [-15, 0, 0],
							"lerp_mode": "catmullrom"
						},
						"1.75": {
							"post": [-17.5, 0, 0],
							"lerp_mode": "catmullrom"
						},
						"2.0": {
							"post": [-10, 0, 0],
							"lerp_mode": "catmullrom"
						}
					}
				},
				"eyes": {
					"position": {
						"0.0": [0, 0, 0],
						"0.125": [0, 0, 0],
						"0.1667": [0, 0, 1],
						"0.6667": [0, 0, 1],
						"0.7083": [0, 0, 0]
					}
				},
				"ear": {
					"rotation": {
						"0.0": [0, 0, 0],
						"0.3333": [-45.64462, 53.40635, -51.55178],
						"1.1667": [-45.64462, 53.40635, -51.55178],
						"1.75": [0, 0, 0]
					}
				},
				"ear2": {
					"rotation": {
						"0.0": [0, 0, 0],
						"0.3333": [-18.05876, -33.3381, 29.92014],
						"1.1667": [-18.05876, -33.3381, 29.92014],
						"1.75": [0, 0, 0]
					}
				},
				"jaw": {
					"rotation": {
						"0.0": [10, 0, 0],
						"0.25": [7.5, 0, 0],
						"0.7917": [60, 0, 0],
						"1.7083": [60, 0, 0],
						"2.0": [10, 0, 0]
					}
				},
				"paw2": {
					"rotation": [0, 0, 0]
				},
				"uppertorso": {
					"rotation": {
						"0.0": [0, 0, 0],
						"0.75": [0, 0, 0]
					}
				}
			}
		},
		"animation.xuehu_colt.recoil": {
			"animation_length": 0.5,
			"bones": {
				"uppertorso": {
					"rotation": {
						"0.0": [0, 0, 0],
						"0.0833": [7.5, 0, 0],
						"0.25": [-2.5, 0, 0],
						"0.375": [0, 0, 0]
					}
				},
				"head": {
					"rotation": {
						"0.0": [0, 0, 0],
						"0.125": [-10.49592, -3.60205, 10.78426],
						"0.2083": [12.9096, -3.60205, 10.78426],
						"0.3333": [3.35474, -3.19166, 3.28228],
						"0.5": [0, 0, 0]
					}
				},
				"eyes": {
					"position": {
						"0.0": [0, 0, 0],
						"0.0417": [0, 0, 1],
						"0.3333": [0, 0, 1],
						"0.375": [0, 0, 0]
					}
				},
				"ear": {
					"rotation": {
						"0.0": [0, 0, 0],
						"0.125": [-42.5, 0, -60],
						"0.3333": [-42.5, 0, -60],
						"0.4167": [0, 0, 0]
					}
				},
				"ear2": {
					"rotation": {
						"0.0": [0, 0, 0],
						"0.125": [-25, 0, 57.5],
						"0.2917": [-25, 0, 57.5],
						"0.4167": [0, 0, 0]
					}
				}
			}
		},
		"animation.xuehu_colt.sleep": {
			"loop": true,
			"bones": {
				"leg3": {
					"rotation": [75, 0, 0],
					"position": [0, -9, 0]
				},
				"leg": {
					"rotation": [-40.86212, 21.48944, -2.58347],
					"position": [0, -11, 0]
				},
				"knee": {
					"rotation": [-75, 0, 0]
				},
				"leg4": {
					"rotation": [72.5, 0, 0],
					"position": [0, -10, 0]
				},
				"leg2": {
					"rotation": [-34.7996, -30.3038, -1.96696],
					"position": [0, -11, 0]
				},
				"knee2": {
					"rotation": [-85, 0, 0]
				},
				"torso": {
					"position": [0, -12, 0]
				},
				"tail": {
					"rotation": [-27.58957, -4.43385, 2.31336]
				},
				"tail2": {
					"rotation": [0, -10, 0]
				},
				"tail3": {
					"rotation": [-11.17023, 28.02432, -22.79588]
				},
				"tail4": {
					"rotation": [0, 42.5, 0]
				},
				"tail5": {
					"rotation": [11.87626, 19.90349, 45.93148]
				},
				"head": {
					"rotation": [2.5, 0, 0]
				},
				"eyes": {
					"position": [0, 0, 2]
				}
			}
		},
		"animation.xuehu_colt.blink": {
			"animation_length": 0.25,
			"bones": {
				"eyes": {
					"position": {
						"0.0": [0, 0, 0],
						"0.2083": [0, 0, 1],
						"0.25": [0, 0, 0]
					}
				}
			}
		}
	}
}