{
	"format_version": "1.8.0",
	"animations": {
		"animation.crantis.ground_idle": {
			"loop": true,
			"animation_length": 1.92,
			"bones": {
				"head": {
					"rotation": {
						"0.0": [0, 0, 0],
						"0.96": [7.5, 0, 0],
						"1.92": [0, 0, 0]
					}
				},
				"bone4": {
					"scale": {
						"0.0": [1, 1, 1],
						"0.96": [1, 0.9, 1],
						"1.92": [1, 1, 1]
					}
				}
			}
		},
		"animation.crantis.ground_walk": {
			"loop": true,
			"animation_length": 0.96,
			"bones": {
				"head": {
					"rotation": {
						"0.0": [0, 0, 0],
						"0.48": [5, 0, 0],
						"0.96": [0, 0, 0]
					}
				},
				"leg": {
					"rotation": {
						"0.0": [0, 0, 0],
						"0.24": [0, 22.5, 0],
						"0.48": [0, 0, 0],
						"0.72": [0, -22.5, 0],
						"0.96": [0, 0, 0]
					}
				},
				"leg3": {
					"rotation": {
						"0.0": [0, 0, 0],
						"0.24": [0, -22.5, 0],
						"0.48": [0, 0, 0],
						"0.72": [0, 22.5, 0],
						"0.96": [0, 0, 0]
					}
				},
				"leg5": {
					"rotation": {
						"0.0": [0, 0, 0],
						"0.24": [0, 22.5, 0],
						"0.48": [0, 0, 0],
						"0.72": [0, -22.5, 0],
						"0.96": [0, 0, 0]
					}
				},
				"leg2": {
					"rotation": {
						"0.0": [0, 0, 0],
						"0.24": [0, 22.5, 0],
						"0.48": [0, 0, 0],
						"0.72": [0, -22.5, 0],
						"0.96": [0, 0, 0]
					}
				},
				"leg4": {
					"rotation": {
						"0.0": [0, 0, 0],
						"0.24": [0, 22.5, 0],
						"0.48": [0, 0, 0],
						"0.72": [0, -22.5, 0],
						"0.96": [0, 0, 0]
					}
				},
				"leg6": {
					"rotation": {
						"0.0": [0, 0, 0],
						"0.24": [0, -22.5, 0],
						"0.48": [0, 0, 0],
						"0.72": [0, 22.5, 0],
						"0.96": [0, 0, 0]
					}
				}
			}
		}
	}
}