{
    "portraitScale": 1.86,
    "portraitTranslation": [-0.25, -0.4, 0],
    "profileScale": 1.0,
    "profileTranslation": [0, 0.31, 0],
    "animations": {
      "faint": "q.bedrock_primary('keenai', 'faint', q.curve('one'))",
      "cry": "q.bedrock_stateful('keenai', 'cry')",
      "recoil": "q.bedrock_stateful('keenai', 'recoil')"
    },
    "poses": {
      "battle-standing": {
        "poseTypes": ["STAND"],
        "isBattle": true,
        "namedAnimations": {
        },
        "animations": ["q.look('head')", "q.bedrock('keenai', 'battle_idle')"],
        "quirks": [
          "q.bedrock_quirk('keenai', 'blink')",
          "q.bedrock_quirk('keenai', 'quirk')",
          "q.bedrock_quirk('keenai', 'quirk2')",
          "q.bedrock_quirk('keenai', 'quirk3')"
        ]
      },
      "standing": {
        "poseTypes": ["STAND", "NONE", "PORTRAIT", "PROFILE"],
        "isBattle": false,
        "animations": ["q.look('head')", "q.bedrock('keenai', 'ground_idle')"],
        "quirks": [
          "q.bedrock_quirk('keenai', 'blink')",
          "q.bedrock_quirk('keenai', 'quirk')",
          "q.bedrock_quirk('keenai', 'quirk2')",
          "q.bedrock_quirk('keenai', 'quirk3')"
        ]
      },
      "walking": {
        "poseTypes": ["WALK"],
        "animations": ["q.look('head')", "q.bedrock('keenai', 'ground_walk')"],
        "quirks": [
          "q.bedrock_quirk('keenai', 'blink')",
          "q.bedrock_quirk('keenai', 'quirk')",
          "q.bedrock_quirk('keenai', 'quirk2')"
        ]
      },
      "sleep": {
        "poseTypes": ["SLEEP"],
        "animations": ["q.bedrock('keenai', 'sleep')"],
        "quirks": [
        ]
      }
    }
  }  