{
    "head": "head",
      "portraitScale": 1.7,
      "portraitTranslation": [-1.1, -0.4, 0],
      "profileScale": 0.55,
      "profileTranslation": [0, 0.9, 0],
      "animations": {
        "cry": "q.bedrock_stateful('lupayena', 'cry')",
        "faint": "q.bedrock_primary('lupayena', 'faint', q.curve('one'))",
        "recoil": "q.bedrock_stateful('lupayena', 'recoil')"
      },
      "poses":{
        "battle-idle": {
          "poseName": "battle-idle",
          "transformTicks": 10,
          "poseTypes": [
          "STAND",
          "PORTRAIT",
          "PROFILE"
        ],
          "isBattle": true,
          "isTouchingWater": false,
          "animations": [
            "look",
            "bedrock(lupayena, battle_idle)"],
          "quirks": [
            {
              "name": "blink",
              "loopTimes": 1,
              "minSecondsBetweenOccurrences": 8,
              "maxSecondsBetweenOccurrences": 20,
              "animations": ["bedrock(lupayena, blink)"]
            },
            {
                "name": "quirk",
                "loopTimes": 1,
                "minSecondsBetweenOccurrences": 9,
                "maxSecondsBetweenOccurrences": 24,
                "animations": ["bedrock(lupayena, quirk)"]
              }
          ]
        },
        "standing": {
            "poseName": "standing",
            "transformTicks": 10,
            "poseTypes": [
            "STAND",
            "NONE"
            ],
            "animations": [
              "look",
            "bedrock(lupayena, ground_idle)"
            ],
            "quirks": [
              {
                "name": "blink",
                "loopTimes": 1,
                "minSecondsBetweenOccurrences": 8,
                "maxSecondsBetweenOccurrences": 20,
                "animations": ["bedrock(lupayena, blink)"]
              },
              {
                "name": "quirk",
                "loopTimes": 1,
                "minSecondsBetweenOccurrences": 9,
                "maxSecondsBetweenOccurrences": 24,
                "animations": ["bedrock(lupayena, quirk)"]
              }
                  ]
        },
        "walking": {
            "poseName": "walking",
            "transformTicks": 10,
            "poseTypes": [ "WALK" ],
            "animations": [
              "look",
               "bedrock(lupayena, ground_walk)" ]
        },
        "sleeping": {
            "poseName": "sleeping",
            "transformTicks": 10,
            "poseTypes": [ "SLEEP" ],
            "animations": [
              "bedrock(lupayena, sleep)"]
        }
      }
    }