{
    "portraitScale": 0.65,
    "portraitTranslation": [-0.65, 1.48, 0],
    "profileScale": 0.33,
    "profileTranslation": [-0.05, 1.16, 0],
    "animations": {
      "faint": "q.bedrock_primary('mamolint', 'faint', q.curve('one'))",
      "cry": "q.bedrock_stateful('mamolint', 'cry')",
      "recoil": "q.bedrock_stateful('mamolint', 'recoil')",
      "physical": "q.bedrock_primary('mamolint', 'physical', q.curve('symmetrical_wide'))",
      "special": "q.bedrock_primary('mamolint', 'special', q.curve('symmetrical_wide'))",
      "status": "q.bedrock_primary('mamolint', 'status', q.curve('symmetrical_wide'))"
    },
    "poses": {
      "battle-standing": {
        "poseTypes": ["STAND"],
        "isBattle": true,
        "namedAnimations": {
          "cry": "q.bedrock_stateful('mamolint', 'battle_cry')"
        },
        "animations": ["q.look('head')", "q.bedrock('mamolint', 'ground_idle')"]
      },
      "standing": {
        "poseTypes": ["STAND", "NONE", "PORTRAIT", "PROFILE"],
        "isBattle": false,
        "animations": ["q.look('head')", "q.bedrock('mamolint', 'ground_idle')"]
      },
      "walking": {
        "poseTypes": ["WALK"],
        "animations": ["q.look('head')", "q.bedrock('mamolint', 'ground_walk')"]
      },
      "sleep": {
        "poseTypes": ["SLEEP"],
        "animations": ["q.bedrock('mamolint', 'sleep')"]
      }
    }
  }  