{
      "portraitScale": 1.8,
      "portraitTranslation": [ -0.6, -0.9, 0],
      "profileScale": 0.7,
      "profileTranslation": [ 0, 0.7, 0 ],
      "animations": {
        "cry": "q.bedrock_stateful('orbiclad', 'cry')",
        "faint": "q.bedrock_primary('orbiclad', 'faint', q.curve('one'))",
        "recoil": "q.bedrock_stateful('orbiclad', 'recoil')"
      },
      "poses": {
        "battle-idle": {
            "poseName": "battle-idle",
            "transformTicks": 10,
            "poseTypes": ["STAND"],
            "isBattle": true,
            "isTouchingWater": false,
            "animations": [
              "bedrock(orbiclad, air_idle)"],
              "quirks": [
                {
                  "name": "blink1",
                  "loopTimes": 1,
                  "minSecondsBetweenOccurrences": 8,
                  "maxSecondsBetweenOccurrences": 20,
                  "animations": ["bedrock(orbiclad, blink1)"]
                },
                {
                  "name": "blink2",
                  "loopTimes": 1,
                  "minSecondsBetweenOccurrences": 8,
                  "maxSecondsBetweenOccurrences": 20,
                  "animations": ["bedrock(orbiclad, blink2)"]
                },
                {
                    "name": "blink3",
                    "loopTimes": 1,
                    "minSecondsBetweenOccurrences": 8,
                    "maxSecondsBetweenOccurrences": 20,
                    "animations": ["bedrock(orbiclad, blink3)"]
                  }
              ]
            },
      "standing": {
          "poseName": "standing",
          "transformTicks": 10,
          "isBattle": false,
          "poseTypes": [
          "STAND",
          "NONE",
          "PORTRAIT",
          "PROFILE"
          ],
          "animations": [
          "bedrock(orbiclad, ground_idle)"
          ],
          "quirks": [
            {
              "name": "blink1",
              "loopTimes": 1,
              "minSecondsBetweenOccurrences": 8,
              "maxSecondsBetweenOccurrences": 20,
              "animations": ["bedrock(orbiclad, blink1)"]
            },
            {
              "name": "blink2",
              "loopTimes": 1,
              "minSecondsBetweenOccurrences": 8,
              "maxSecondsBetweenOccurrences": 20,
              "animations": ["bedrock(orbiclad, blink2)"]
            },
            {
                "name": "blink3",
                "loopTimes": 1,
                "minSecondsBetweenOccurrences": 8,
                "maxSecondsBetweenOccurrences": 20,
                "animations": ["bedrock(orbiclad, blink3)"]
              }
          ]
        },
      "walking": {
          "poseName": "walking",
          "transformTicks": 10,
          "poseTypes": [ "WALK" ],
          "animations": [ "bedrock(orbiclad, air_fly)" ],

          "quirks": [
            {
              "name": "blink1",
              "loopTimes": 1,
              "minSecondsBetweenOccurrences": 8,
              "maxSecondsBetweenOccurrences": 20,
              "animations": ["bedrock(orbiclad, blink1)"]
            },
            {
              "name": "blink2",
              "loopTimes": 1,
              "minSecondsBetweenOccurrences": 8,
              "maxSecondsBetweenOccurrences": 20,
              "animations": ["bedrock(orbiclad, blink2)"]
            },
            {
                "name": "blink3",
                "loopTimes": 1,
                "minSecondsBetweenOccurrences": 8,
                "maxSecondsBetweenOccurrences": 20,
                "animations": ["bedrock(orbiclad, blink3)"]
              }
    ]
      },
    "floating": {
        "poseName": "floating",
        "transformTicks": 10,
        "poseTypes": [ "FLOAT" ],
        "animations": [ "bedrock(orbiclad, air_idle)" ],

        "quirks": [
          {
            "name": "blink1",
            "loopTimes": 1,
            "minSecondsBetweenOccurrences": 8,
            "maxSecondsBetweenOccurrences": 20,
            "animations": ["bedrock(orbiclad, blink1)"]
          },
          {
            "name": "blink2",
            "loopTimes": 1,
            "minSecondsBetweenOccurrences": 8,
            "maxSecondsBetweenOccurrences": 20,
            "animations": ["bedrock(orbiclad, blink2)"]
          },
          {
              "name": "blink3",
              "loopTimes": 1,
              "minSecondsBetweenOccurrences": 8,
              "maxSecondsBetweenOccurrences": 20,
              "animations": ["bedrock(orbiclad, blink3)"]
            }
  ]
    },
    "swimming": {
        "poseName": "swimming",
        "transformTicks": 10,
        "poseTypes": [ "SWIM" ],
        "animations": [ "bedrock(orbiclad, air_fly)" ],

        "quirks": [
          {
            "name": "blink1",
            "loopTimes": 1,
            "minSecondsBetweenOccurrences": 8,
            "maxSecondsBetweenOccurrences": 20,
            "animations": ["bedrock(orbiclad, blink1)"]
          },
          {
            "name": "blink2",
            "loopTimes": 1,
            "minSecondsBetweenOccurrences": 8,
            "maxSecondsBetweenOccurrences": 20,
            "animations": ["bedrock(orbiclad, blink2)"]
          },
          {
              "name": "blink3",
              "loopTimes": 1,
              "minSecondsBetweenOccurrences": 8,
              "maxSecondsBetweenOccurrences": 20,
              "animations": ["bedrock(orbiclad, blink3)"]
            }
  ]
        },
        "hovering": {
            "poseName": "hovering",
            "transformTicks": 10,
            "poseTypes": [ "HOVER" ],
            "animations": [ "bedrock(orbiclad, air_idle)" ],

            "quirks": [
              {
                "name": "blink1",
                "loopTimes": 1,
                "minSecondsBetweenOccurrences": 8,
                "maxSecondsBetweenOccurrences": 20,
                "animations": ["bedrock(orbiclad, blink1)"]
              },
              {
                "name": "blink2",
                "loopTimes": 1,
                "minSecondsBetweenOccurrences": 8,
                "maxSecondsBetweenOccurrences": 20,
                "animations": ["bedrock(orbiclad, blink2)"]
              },
              {
                  "name": "blink3",
                  "loopTimes": 1,
                  "minSecondsBetweenOccurrences": 8,
                  "maxSecondsBetweenOccurrences": 20,
                  "animations": ["bedrock(orbiclad, blink3)"]
                }
      ]
        },
        "flying": {
            "poseName": "flying",
            "transformTicks": 10,
            "poseTypes": [ "FLY" ],
            "animations": [ "bedrock(orbiclad, air_fly)" ],

            "quirks": [
              {
                "name": "blink1",
                "loopTimes": 1,
                "minSecondsBetweenOccurrences": 8,
                "maxSecondsBetweenOccurrences": 20,
                "animations": ["bedrock(orbiclad, blink1)"]
              },
              {
                "name": "blink2",
                "loopTimes": 1,
                "minSecondsBetweenOccurrences": 8,
                "maxSecondsBetweenOccurrences": 20,
                "animations": ["bedrock(orbiclad, blink2)"]
              },
              {
                  "name": "blink3",
                  "loopTimes": 1,
                  "minSecondsBetweenOccurrences": 8,
                  "maxSecondsBetweenOccurrences": 20,
                  "animations": ["bedrock(orbiclad, blink3)"]
                }
      ]
            },
      "sleeping": {
          "poseName": "sleeping",
          "transformTicks": 10,
          "poseTypes": [ "SLEEP" ],
          "animations": [ "bedrock(orbiclad, sleep)"]
      }
    }
  }

  