{
    "portraitScale": 1.9,
    "portraitTranslation": [-0.04, -0.7, 0],
    "profileScale": 1,
    "profileTranslation": [0, 0.27, 0],
    "rootBone": "pokokari",
    "animations": {
      "faint": "q.bedrock_primary('pokokari', 'faint', q.curve('one'))",
      "cry": "q.bedrock_stateful('pokokari', 'cry')",
      "recoil": "q.bedrock_stateful('pokokari', 'recoil')"
    },
    "poses": {
      "battle-standing": {
        "poseTypes": ["STAND"],
        "isBattle": true,
        "animations": ["q.look('head')", "q.bedrock('pokokari', 'battle_idle')"],
        "quirks": ["q.bedrock_quirk('pokokari', 'blink')"]
      },
      "standing": {
        "poseTypes": ["STAND", "NONE", "PORTRAIT", "PROFILE"],
        "isBattle": false,
        "animations": ["q.look('head')", "q.bedrock('pokokari', 'ground_idle')"],
        "quirks": ["q.bedrock_quirk('pokokari', 'blink')"]
      },
      "walking": {
        "poseTypes": ["WALK"],
        "animations": ["q.look('head')", "q.bedrock('pokokari', 'ground_walk')"],
        "quirks": ["q.bedrock_quirk('pokokari', 'blink')"]
      },
      "sleep": {
        "poseTypes": ["SLEEP"],
        "animations": ["q.bedrock('pokokari', 'sleep')"]
      }
    }
  }  