{
  "head": "head",
    "portraitScale": 2.4,
    "portraitTranslation": [ 0.1, 8, 0],
    "profileScale": 0.3,
    "profileTranslation": [ 0, 1.325, 0 ],
    "animations": {
      "cry": "q.bedrock_stateful('xenoster', 'cry')",
      "faint": "q.bedrock_primary('xenoster', 'faint', q.curve('one'))",
      "recoil": "q.bedrock_stateful('xenoster', 'recoil')"
    },
    "poses": {
      "battle-idle": {
          "poseName": "battle-idle",
          "transformTicks": 10,
          "poseTypes": ["STAND"],
          "isBattle": true,
          "isTouchingWater": false,
          "animations": [
            "look",
            "bedrock(xenoster, air_idle)"],
            "quirks": [
              {
                "name": "blink",
                "loopTimes": 1,
                "minSecondsBetweenOccurrences": 8,
                "maxSecondsBetweenOccurrences": 20,
                "animations": ["bedrock(xenoster, blink)"]
              },
              {
                "name": "blink2",
                "loopTimes": 1,
                "minSecondsBetweenOccurrences": 8,
                "maxSecondsBetweenOccurrences": 20,
                "animations": ["bedrock(xenoster, blink2)"]
              },
              {
                  "name": "blink3",
                  "loopTimes": 1,
                  "minSecondsBetweenOccurrences": 8,
                  "maxSecondsBetweenOccurrences": 20,
                  "animations": ["bedrock(xenoster, blink3)"]
                },
                {
                    "name": "blink4",
                    "loopTimes": 1,
                    "minSecondsBetweenOccurrences": 8,
                    "maxSecondsBetweenOccurrences": 20,
                    "animations": ["bedrock(xenoster, blink4)"]
                  },
                  {
                      "name": "blink5",
                      "loopTimes": 1,
                      "minSecondsBetweenOccurrences": 8,
                      "maxSecondsBetweenOccurrences": 20,
                      "animations": ["bedrock(xenoster, blink5)"]
                    },
                    {
                      "name": "leg_spin",
                      "loopTimes": 3,
                      "minSecondsBetweenOccurrences": 0,
                      "maxSecondsBetweenOccurrences": 0,
                      "animations": ["bedrock(xenoster, leg_spin)"]
                    }
            ]
          },
    "standing": {
        "poseName": "standing",
        "transformTicks": 10,
        "isBattle": false,
        "poseTypes": [
        "STAND",
        "NONE",
        "PORTRAIT",
        "PROFILE"
        ],
        "animations": [
          "look",
        "bedrock(xenoster, ground_idle)"
        ],
        "quirks": [
          {
            "name": "blink",
            "loopTimes": 1,
            "minSecondsBetweenOccurrences": 8,
            "maxSecondsBetweenOccurrences": 20,
            "animations": ["bedrock(xenoster, blink)"]
          },
          {
            "name": "blink2",
            "loopTimes": 1,
            "minSecondsBetweenOccurrences": 8,
            "maxSecondsBetweenOccurrences": 20,
            "animations": ["bedrock(xenoster, blink2)"]
          },
          {
              "name": "blink3",
              "loopTimes": 1,
              "minSecondsBetweenOccurrences": 8,
              "maxSecondsBetweenOccurrences": 20,
                  "animations": ["bedrock(xenoster, blink3)"]
                },
                {
                    "name": "blink4",
                    "loopTimes": 1,
                    "minSecondsBetweenOccurrences": 8,
                    "maxSecondsBetweenOccurrences": 20,
                    "animations": ["bedrock(xenoster, blink4)"]
                  },
                  {
                      "name": "blink5",
                      "loopTimes": 1,
                      "minSecondsBetweenOccurrences": 8,
                      "maxSecondsBetweenOccurrences": 20,
                      "animations": ["bedrock(xenoster, blink5)"]
                    }   
        ]
      },
    "walking": {
        "poseName": "walking",
        "transformTicks": 10,
        "poseTypes": [ "WALK" ],
        "animations": [
          "look",
           "bedrock(xenoster, air_fly)" ],

        "quirks": [
          {
            "name": "blink",
            "loopTimes": 1,
            "minSecondsBetweenOccurrences": 8,
            "maxSecondsBetweenOccurrences": 20,
            "animations": ["bedrock(xenoster, blink)"]
          },
          {
            "name": "blink2",
            "loopTimes": 1,
            "minSecondsBetweenOccurrences": 8,
            "maxSecondsBetweenOccurrences": 20,
            "animations": ["bedrock(xenoster, blink2)"]
          },
          {
              "name": "blink3",
              "loopTimes": 1,
              "minSecondsBetweenOccurrences": 8,
              "maxSecondsBetweenOccurrences": 20,
                  "animations": ["bedrock(xenoster, blink3)"]
                },
                {
                    "name": "blink4",
                    "loopTimes": 1,
                    "minSecondsBetweenOccurrences": 8,
                    "maxSecondsBetweenOccurrences": 20,
                    "animations": ["bedrock(xenoster, blink4)"]
                  },
                  {
                      "name": "blink5",
                      "loopTimes": 1,
                      "minSecondsBetweenOccurrences": 8,
                      "maxSecondsBetweenOccurrences": 20,
                      "animations": ["bedrock(xenoster, blink5)"]
                    },
                    {
                      "name": "leg_spin",
                      "loopTimes": 3,
                      "minSecondsBetweenOccurrences": 0,
                      "maxSecondsBetweenOccurrences": 0,
                      "animations": ["bedrock(xenoster, leg_spin)"]
                    }
  ]
    },
  "floating": {
      "poseName": "floating",
      "transformTicks": 10,
      "poseTypes": [ "FLOAT" ],
      "animations": [
        "look", "bedrock(xenoster, air_idle)" ],

      "quirks": [
        {
          "name": "blink",
          "loopTimes": 1,
          "minSecondsBetweenOccurrences": 8,
          "maxSecondsBetweenOccurrences": 20,
          "animations": ["bedrock(xenoster, blink)"]
        },
        {
          "name": "blink2",
          "loopTimes": 1,
          "minSecondsBetweenOccurrences": 8,
          "maxSecondsBetweenOccurrences": 20,
          "animations": ["bedrock(xenoster, blink2)"]
        },
        {
            "name": "blink3",
            "loopTimes": 1,
            "minSecondsBetweenOccurrences": 8,
            "maxSecondsBetweenOccurrences": 20,
                "animations": ["bedrock(xenoster, blink3)"]
              },
              {
                  "name": "blink4",
                  "loopTimes": 1,
                  "minSecondsBetweenOccurrences": 8,
                  "maxSecondsBetweenOccurrences": 20,
                  "animations": ["bedrock(xenoster, blink4)"]
                },
                {
                    "name": "blink5",
                    "loopTimes": 1,
                    "minSecondsBetweenOccurrences": 8,
                    "maxSecondsBetweenOccurrences": 20,
                    "animations": ["bedrock(xenoster, blink5)"]
                  },
                  {
                    "name": "leg_spin",
                    "loopTimes": 3,
                    "minSecondsBetweenOccurrences": 0,
                    "maxSecondsBetweenOccurrences": 0,
                    "animations": ["bedrock(xenoster, leg_spin)"]
                  }
]
  },
  "swimming": {
      "poseName": "swimming",
      "transformTicks": 10,
      "poseTypes": [ "SWIM" ],
      "animations": [
        "look", "bedrock(xenoster, air_fly)" ],

      "quirks": [
        {
          "name": "blink",
          "loopTimes": 1,
          "minSecondsBetweenOccurrences": 8,
          "maxSecondsBetweenOccurrences": 20,
          "animations": ["bedrock(xenoster, blink)"]
        },
        {
          "name": "blink2",
          "loopTimes": 1,
          "minSecondsBetweenOccurrences": 8,
          "maxSecondsBetweenOccurrences": 20,
          "animations": ["bedrock(xenoster, blink2)"]
        },
        {
            "name": "blink3",
            "loopTimes": 1,
            "minSecondsBetweenOccurrences": 8,
            "maxSecondsBetweenOccurrences": 20,
                "animations": ["bedrock(xenoster, blink3)"]
              },
              {
                  "name": "blink4",
                  "loopTimes": 1,
                  "minSecondsBetweenOccurrences": 8,
                  "maxSecondsBetweenOccurrences": 20,
                  "animations": ["bedrock(xenoster, blink4)"]
                },
                {
                    "name": "blink5",
                    "loopTimes": 1,
                    "minSecondsBetweenOccurrences": 8,
                    "maxSecondsBetweenOccurrences": 20,
                    "animations": ["bedrock(xenoster, blink5)"]
                  },
                  {
                    "name": "leg_spin",
                    "loopTimes": 3,
                    "minSecondsBetweenOccurrences": 0,
                    "maxSecondsBetweenOccurrences": 0,
                    "animations": ["bedrock(xenoster, leg_spin)"]
                  }
]
      },
      "hovering": {
          "poseName": "hovering",
          "transformTicks": 10,
          "poseTypes": [ "HOVER" ],
          "animations": [
            "look", "bedrock(xenoster, air_idle)" ],

          "quirks": [
            {
              "name": "blink",
              "loopTimes": 1,
              "minSecondsBetweenOccurrences": 8,
              "maxSecondsBetweenOccurrences": 20,
              "animations": ["bedrock(xenoster, blink)"]
            },
            {
              "name": "blink2",
              "loopTimes": 1,
              "minSecondsBetweenOccurrences": 8,
              "maxSecondsBetweenOccurrences": 20,
              "animations": ["bedrock(xenoster, blink2)"]
            },
            {
                "name": "blink3",
                "loopTimes": 1,
                "minSecondsBetweenOccurrences": 8,
                "maxSecondsBetweenOccurrences": 20,
                    "animations": ["bedrock(xenoster, blink3)"]
                  },
                  {
                      "name": "blink4",
                      "loopTimes": 1,
                      "minSecondsBetweenOccurrences": 8,
                      "maxSecondsBetweenOccurrences": 20,
                      "animations": ["bedrock(xenoster, blink4)"]
                    },
                    {
                        "name": "blink5",
                        "loopTimes": 1,
                        "minSecondsBetweenOccurrences": 8,
                        "maxSecondsBetweenOccurrences": 20,
                        "animations": ["bedrock(xenoster, blink5)"]
                      },
                      {
                        "name": "leg_spin",
                        "loopTimes": 3,
                        "minSecondsBetweenOccurrences": 0,
                        "maxSecondsBetweenOccurrences": 0,
                        "animations": ["bedrock(xenoster, leg_spin)"]
                      }
    ]
      },
      "flying": {
          "poseName": "flying",
          "transformTicks": 10,
          "poseTypes": [ "FLY" ],
          "animations": [
            "look", "bedrock(xenoster, air_fly)" ],

          "quirks": [
            {
              "name": "blink",
              "loopTimes": 1,
              "minSecondsBetweenOccurrences": 8,
              "maxSecondsBetweenOccurrences": 20,
              "animations": ["bedrock(xenoster, blink)"]
            },
            {
              "name": "blink2",
              "loopTimes": 1,
              "minSecondsBetweenOccurrences": 8,
              "maxSecondsBetweenOccurrences": 20,
              "animations": ["bedrock(xenoster, blink2)"]
            },
            {
                "name": "blink3",
                "loopTimes": 1,
                "minSecondsBetweenOccurrences": 8,
                "maxSecondsBetweenOccurrences": 20,
                    "animations": ["bedrock(xenoster, blink3)"]
                },
                {
                    "name": "blink4",
                    "loopTimes": 1,
                    "minSecondsBetweenOccurrences": 8,
                    "maxSecondsBetweenOccurrences": 20,
                    "animations": ["bedrock(xenoster, blink4)"]
                  },
                  {
                      "name": "blink5",
                      "loopTimes": 1,
                      "minSecondsBetweenOccurrences": 8,
                      "maxSecondsBetweenOccurrences": 20,
                      "animations": ["bedrock(xenoster, blink5)"]
                    },
                    {
                      "name": "leg_spin",
                      "loopTimes": 3,
                      "minSecondsBetweenOccurrences": 0,
                      "maxSecondsBetweenOccurrences": 0,
                      "animations": ["bedrock(xenoster, leg_spin)"]
                    }
    ]
          },
    "sleeping": {
        "poseName": "sleeping",
        "transformTicks": 10,
        "poseTypes": [ "SLEEP" ],
        "animations": [ "bedrock(xenoster, sleep)"]
    }
  }
}