{
	"format_version": "1.12.0",
	"minecraft:geometry": [
		{
			"description": {
				"identifier": "geometry.omnicog",
				"texture_width": 64,
				"texture_height": 64,
				"visible_bounds_width": 2,
				"visible_bounds_height": 2.5,
				"visible_bounds_offset": [0, 0.75, 0]
			},
			"bones": [
				{
					"name": "omnicog",
					"pivot": [0, 0, 0]
				},
				{
					"name": "body",
					"parent": "omnicog",
					"pivot": [0, 9, -1.66333],
					"cubes": [
						{"origin": [-3, 6, 1], "size": [6, 6, 3], "pivot": [0, 9, -3], "rotation": [0, 0, -45], "uv": [0, 10]},
						{"origin": [-1.5, 7.5, 4.01], "size": [3, 3, 0], "uv": [35, 6]},
						{"origin": [-3.5, 5.5, -4], "size": [7, 7, 3], "pivot": [0, 9, -3], "rotation": [0, 0, -45], "uv": [0, 0]}
					]
				},
				{
					"name": "frontcog",
					"parent": "body",
					"pivot": [0, 8.9996, -5.34791],
					"cubes": [
						{"origin": [-1.5, 7.49402, -7.25], "size": [3, 3, 1], "pivot": [0, 8.99402, -7.5], "rotation": [0, 0, 45], "uv": [34, 16]},
						{"origin": [-0.5, 7.99402, -7.35], "size": [1, 2, 0], "uv": [0, 0]},
						{"origin": [0, 8, -7], "size": [8, 2, 1], "pivot": [0, 9, -6.95], "rotation": [-8.95891, -15.09492, 31.18939], "uv": [28, 0]},
						{"origin": [0, 8, -7], "size": [8, 2, 1], "pivot": [0, 9, -6.95], "rotation": [8.95891, -15.09492, -31.18939], "uv": [28, 3]},
						{"origin": [4.93028, 7.74877, -7], "size": [2, 3, 1], "inflate": -0.001, "pivot": [0, 9, -6.95], "rotation": [4.6653, -16.88547, -15.69284], "uv": [36, 33]},
						{"origin": [5, 8, -7], "size": [3, 2, 1], "pivot": [0, 9, -6.95], "rotation": [0, -17.5, 0], "uv": [34, 23]},
						{"origin": [4.93028, 7.25123, -7], "size": [2, 3, 1], "inflate": -0.001, "pivot": [0, 9, -6.95], "rotation": [-4.6653, -16.88547, 15.69284], "uv": [36, 29]},
						{"origin": [1.94838, 8.2113, -7], "size": [1, 1, 1], "inflate": -0.001, "pivot": [0, 9, -6.95], "rotation": [4.6653, -16.88547, -15.69284], "uv": [28, 11]},
						{"origin": [1.94838, 8.7887, -7], "size": [1, 1, 1], "inflate": -0.001, "pivot": [0, 9, -6.95], "rotation": [-4.6653, -16.88547, 15.69284], "uv": [6, 19]},
						{"origin": [-8, 8, -7], "size": [8, 2, 1], "pivot": [0, 9, -6.95], "rotation": [-8.95891, 15.09492, -31.18939], "uv": [18, 13]},
						{"origin": [-8, 8, -7], "size": [8, 2, 1], "pivot": [0, 9, -6.95], "rotation": [8.95891, 15.09492, 31.18939], "uv": [24, 26]},
						{"origin": [-6.93028, 7.74877, -7], "size": [2, 3, 1], "inflate": -0.001, "pivot": [0, 9, -6.95], "rotation": [4.6653, 16.88547, 15.69284], "uv": [6, 36]},
						{"origin": [-8, 8, -7], "size": [3, 2, 1], "pivot": [0, 9, -6.95], "rotation": [0, 17.5, 0], "uv": [34, 20]},
						{"origin": [-6.93028, 7.25123, -7], "size": [2, 3, 1], "inflate": -0.001, "pivot": [0, 9, -6.95], "rotation": [-4.6653, 16.88547, -15.69284], "uv": [36, 11]},
						{"origin": [-2.94838, 8.2113, -7], "size": [1, 1, 1], "inflate": -0.001, "pivot": [0, 9, -6.95], "rotation": [4.6653, 16.88547, 15.69284], "uv": [15, 10]},
						{"origin": [-2.94838, 8.7887, -7], "size": [1, 1, 1], "inflate": -0.001, "pivot": [0, 9, -6.95], "rotation": [-4.6653, 16.88547, -15.69284], "uv": [17, 0]}
					]
				},
				{
					"name": "backcog",
					"parent": "body",
					"pivot": [0, 8.99402, -4.725],
					"cubes": [
						{"origin": [-1, 4, -5], "size": [2, 10, 1], "inflate": -0.0001, "pivot": [0, 9, -4.5], "rotation": [0, 0, 30], "uv": [0, 32]},
						{"origin": [-1, 4, -5], "size": [2, 10, 1], "pivot": [0, 9, -4.5], "rotation": [0, 0, -30], "uv": [30, 29]},
						{"origin": [0.61603, 7.08494, -5], "size": [2, 2, 1], "inflate": -0.001, "pivot": [2.11603, 8.33494, -4.5], "rotation": [0, 0, -60], "uv": [29, 40]},
						{"origin": [0.61603, 8.91506, -5], "size": [2, 2, 1], "inflate": -0.001, "pivot": [2.11603, 9.66506, -4.5], "rotation": [0, 0, 60], "uv": [23, 40]},
						{"origin": [-1, 10.47308, -5], "size": [2, 2, 1], "inflate": -0.001, "uv": [11, 39]},
						{"origin": [-1, 5.47308, -5], "size": [2, 2, 1], "inflate": -0.001, "uv": [36, 37]},
						{"origin": [-2.61603, 8.91506, -5], "size": [2, 2, 1], "inflate": -0.001, "pivot": [-2.11603, 9.66506, -4.5], "rotation": [0, 0, -60], "uv": [17, 39]},
						{"origin": [-2.61603, 7.08494, -5], "size": [2, 2, 1], "inflate": -0.001, "pivot": [-2.11603, 8.33494, -4.5], "rotation": [0, 0, 60], "uv": [40, 8]},
						{"origin": [-1, 4, -5], "size": [2, 10, 1], "inflate": -0.0002, "pivot": [0, 9, -4.5], "rotation": [0, 0, 90], "uv": [24, 29]}
					]
				},
				{
					"name": "bodycog",
					"parent": "body",
					"pivot": [0, 9, 0.5],
					"cubes": [
						{"origin": [-3.5, 5.5, -1], "size": [7, 7, 2], "inflate": 0.001, "uv": [16, 17]},
						{"origin": [-1, 8, 4], "size": [2, 2, 3], "inflate": 0.001, "uv": [28, 6]},
						{"origin": [-1, 8, -6], "size": [2, 2, 2], "inflate": 0.001, "uv": [6, 32]},
						{"origin": [-1, 3.5, -1], "size": [2, 11, 2], "pivot": [0, 9, 0.5], "rotation": [0, 0, 45], "uv": [8, 19]},
						{"origin": [-1, 3.5, -1], "size": [2, 11, 2], "uv": [16, 26]},
						{"origin": [-1, 3.5, -1], "size": [2, 11, 2], "pivot": [0, 9, 0.5], "rotation": [0, 0, -45], "uv": [0, 19]},
						{"origin": [-1, 3.5, -1], "size": [2, 11, 2], "pivot": [0, 9, 0.5], "rotation": [0, 0, 90], "uv": [20, 0]}
					]
				}
			]
		}
	]
}