{
	"format_version": "1.8.0",
	"animations": {
		"animation.cozard.ground_idle": {
			"loop": true,
			"animation_length": 3.96,
			"bones": {
				"head": {
					"rotation": {
						"0.0": [0, 0, 0],
						"1.0": [-2.5, 0, 0],
						"2.0": [0, 0, 0],
						"3.0": [2.5, 0, 0],
						"3.96": [0, 0, 0]
					}
				},
				"tail": {
					"rotation": {
						"0.0": [0, 0, 0],
						"1.0": [0, -25, 0],
						"2.0": [0, 0, 0],
						"3.0": [0, 25, 0],
						"3.96": [0, 0, 0]
					}
				}
			}
		},
		"animation.cozard.ground_walk": {
			"loop": true,
			"animation_length": 1,
			"bones": {
				"head": {
					"rotation": {
						"0.0": [0, 0, 2.5],
						"0.52": [0, 0, -2.5],
						"1.0": [0, 0, 2.5]
					}
				},
				"tail": {
					"rotation": {
						"0.0": [0, 30, 0],
						"0.52": [0, -30, 0],
						"1.0": [0, 30, 0]
					}
				},
				"leg": {
					"rotation": {
						"0.0": [-20, 0, 0],
						"0.52": [30, 0, 0],
						"1.0": [-20, 0, 0]
					}
				},
				"leg2": {
					"rotation": {
						"0.0": [-20, 0, 0],
						"0.52": [30, 0, 0],
						"1.0": [-20, 0, 0]
					}
				},
				"leg3": {
					"rotation": {
						"0.0": [20, 0, 0],
						"0.52": [-30, 0, 0],
						"1.0": [20, 0, 0]
					}
				},
				"leg4": {
					"rotation": {
						"0.0": [20, 0, 0],
						"0.52": [-30, 0, 0],
						"1.0": [20, 0, 0]
					}
				}
			}
		}
	}
}