{
	"format_version": "1.12.0",
	"minecraft:geometry": [
		{
			"description": {
				"identifier": "geometry.watchog",
				"texture_width": 128,
				"texture_height": 128,
				"visible_bounds_width": 7,
				"visible_bounds_height": 4.5,
				"visible_bounds_offset": [0, 1.75, 0]
			},
			"bones": [
				{
					"name": "watchog",
					"pivot": [0, 0, 0]
				},
				{
					"name": "body",
					"parent": "watchog",
					"pivot": [0, 5.25, 0]
				},
				{
					"name": "torso",
					"parent": "body",
					"pivot": [0, 8.75, 0],
					"cubes": [
						{"origin": [-5.5, 12.75, -5], "size": [11, 5, 10], "inflate": 0.01, "uv": [0, 0]},
						{"origin": [-5.5, 8.75, -5], "size": [11, 4, 10], "inflate": 0.01, "uv": [0, 5]}
					]
				},
				{
					"name": "upper_torso",
					"parent": "torso",
					"pivot": [0, 17.75, 0],
					"cubes": [
						{"origin": [-4.5, 17.25, -4.5], "size": [9, 9, 9], "uv": [30, 29]}
					]
				},
				{
					"name": "76",
					"parent": "upper_torso",
					"pivot": [1, 22.75, 4.1],
					"cubes": [
						{"origin": [0, 23.85, 3.55], "size": [2.3, 1, 1], "uv": [49, 103]},
						{"origin": [0.5, 21.25, 3.55], "size": [1, 2, 1], "pivot": [1, 22.75, 4.1], "rotation": [0, 0, -22], "uv": [49, 103]},
						{"origin": [0.5, 23.15, 3.55], "size": [1, 1, 1], "pivot": [1, 22.75, 4.1], "rotation": [0, 0, -22], "uv": [49, 103]},
						{"origin": [-2.23076, 24.15844, 3.55], "size": [1, 1.8, 1], "pivot": [-1.23076, 24.80844, 4.1], "rotation": [0, 0, -86], "uv": [49, 103]},
						{"origin": [-0.9, 23.15, 3.55], "size": [1, 1.5, 1], "pivot": [-0.6, 22.9, 4.1], "rotation": [0, 0, -22], "uv": [49, 103]},
						{"origin": [-2.5, 21.25, 3.55], "size": [1, 2.3, 1], "uv": [49, 103]},
						{"origin": [-2.2, 21.25, 3.55], "size": [2, 0.8, 1], "uv": [49, 103]},
						{"origin": [-2.2, 22.75, 3.55], "size": [2, 0.8, 1], "uv": [49, 103]},
						{"origin": [-1.1, 21.25, 3.55], "size": [1, 2.3, 1], "uv": [49, 103]}
					]
				},
				{
					"name": "left_upper_arm",
					"parent": "upper_torso",
					"pivot": [4.5, 24.75, 0],
					"cubes": [
						{"origin": [3.5, 21.75, -1.5], "size": [7, 3, 3], "inflate": 0.01, "uv": [68, 42]},
						{"origin": [6.8, 24.65, -1.1], "size": [3, 1, 1], "inflate": 0.01, "uv": [13, 121]},
						{"origin": [6.8, 24.65, 0], "size": [3, 1, 1], "inflate": 0.01, "uv": [13, 121]}
					]
				},
				{
					"name": "left_lower_arm",
					"parent": "left_upper_arm",
					"pivot": [10.5, 23.25, 1.5],
					"cubes": [
						{"origin": [10.5, 21.75, -1.5], "size": [6, 3, 3], "uv": [0, 75]}
					]
				},
				{
					"name": "left_hand",
					"parent": "left_lower_arm",
					"pivot": [16.5, 23.25, 0],
					"cubes": [
						{"origin": [16.5, 22.25, -1.5], "size": [2, 2, 3], "inflate": 0.02, "uv": [59, 0]}
					]
				},
				{
					"name": "left_thumb",
					"parent": "left_hand",
					"pivot": [17.5, 23.25, -1.5],
					"cubes": [
						{"origin": [17.25, 22.25, -1.5], "size": [3, 2, 0], "inflate": 0.01, "uv": [26, 63]}
					]
				},
				{
					"name": "left_pointer_finger",
					"parent": "left_hand",
					"pivot": [18.5, 24.25, -0.75],
					"cubes": [
						{"origin": [18.5, 22.25, -0.75], "size": [3, 2, 0], "inflate": 0.015, "uv": [59, 6]}
					]
				},
				{
					"name": "left_pinky_finger",
					"parent": "left_hand",
					"pivot": [18.5, 24.25, 0.75],
					"cubes": [
						{"origin": [18.5, 22.25, 0.75], "size": [3, 2, 0], "inflate": 0.015, "uv": [58, 35]}
					]
				},
				{
					"name": "right_upper_arm",
					"parent": "upper_torso",
					"pivot": [-4.5, 24.75, 0],
					"cubes": [
						{"origin": [-10.5, 21.75, -1.5], "size": [7, 3, 3], "inflate": 0.01, "uv": [67, 35]}
					]
				},
				{
					"name": "right_lower_arm",
					"parent": "right_upper_arm",
					"pivot": [-10.5, 23.25, 1.5],
					"cubes": [
						{"origin": [-16.5, 21.75, -1.5], "size": [6, 3, 3], "uv": [68, 49]}
					]
				},
				{
					"name": "right_hand",
					"parent": "right_lower_arm",
					"pivot": [-16.5, 23.25, 0],
					"cubes": [
						{"origin": [-18.5, 22.25, -1.5], "size": [2, 2, 3], "inflate": 0.02, "uv": [44, 48]}
					]
				},
				{
					"name": "group",
					"parent": "right_hand",
					"pivot": [-16.59706, 22.0716, 0.43913],
					"rotation": [90, 0, 90],
					"cubes": [
						{"origin": [-17.7, 21, -18.3], "size": [2, 2, 7], "uv": [106, 86]},
						{"origin": [-17.2, 21.5, -18.34], "size": [1, 1, 1], "uv": [114, 20]},
						{"origin": [-17.7, 24, -20.3], "size": [2, 1.25, 14], "uv": [96, 35]},
						{"origin": [-17.95, 23.75, -6.3], "size": [2.5, 1, 3], "uv": [96, 72]},
						{"origin": [-17.45, 23.25, -6.3], "size": [1.5, 0.5, 2], "uv": [95, 103]},
						{"origin": [-17.45, 23.25, -4.3], "size": [1.5, 0.5, 1], "uv": [107, 90]},
						{"origin": [-17.7, 24.25, -3.3], "size": [2, 3, 2], "uv": [119, 102]},
						{"origin": [-17.7, 21.75, 2.7], "size": [2, 6, 1], "uv": [96, 15]},
						{"origin": [-17.7, 26.75, 1.7], "size": [2, 1, 1], "uv": [101, 4]},
						{"origin": [-17.45, 24.25, -1.3], "size": [1.5, 3, 4], "uv": [105, 69]},
						{"origin": [-17.2, 24, -3.3], "size": [1, 0.25, 3], "uv": [117, 80]},
						{"origin": [-16.95, 23.25, -1.3], "size": [0.5, 0.75, 1], "uv": [101, 69]},
						{"origin": [-17.2, 22.5, -3.3], "size": [1, 1.5, 0.25], "uv": [100, 69]},
						{"origin": [-17.45, 27.25, -3.3], "size": [1.5, 0.5, 3], "uv": [112, 76]},
						{"origin": [-17.45, 27.75, -5.3], "size": [1.5, 1, 3], "uv": [113, 15]},
						{"origin": [-17.45, 28, -7.3], "size": [1.5, 0.75, 2], "uv": [116, 10]},
						{"origin": [-17.95, 25.25, -3.8], "size": [2.5, 1, 1], "uv": [65, 105]},
						{"origin": [-17.7, 25.75, -6.3], "size": [2, 1.5, 2], "uv": [80, 101]},
						{"origin": [-17.7, 27.75, -5.8], "size": [2, 0.75, 2], "uv": [112, 20]},
						{"origin": [-17.95, 27.25, -6.3], "size": [2.5, 0.5, 3], "uv": [65, 102]},
						{"origin": [-17.95, 27.75, -6.3], "size": [2.5, 0.5, 0.5], "uv": [66, 104]},
						{"origin": [-15.95, 27.5, -2.8], "size": [0.5, 0.5, 1], "uv": [98, 104]},
						{"origin": [-15.95, 26.75, -0.8], "size": [0.5, 0.5, 0.5], "uv": [98, 104]},
						{"origin": [-15.95, 27.25, -1.8], "size": [0.5, 0.5, 0.5], "uv": [98, 104]},
						{"origin": [-15.95, 27, -1.3], "size": [0.5, 0.5, 0.5], "uv": [98, 104]},
						{"origin": [-15.95, 26.5, -0.3], "size": [0.5, 0.5, 1], "uv": [98, 104]},
						{"origin": [-17.95, 27.75, -3.8], "size": [2.5, 0.5, 0.5], "uv": [66, 104]},
						{"origin": [-17.7, 25.25, -20.05], "size": [2, 1, 0.75], "uv": [105, 37]},
						{"origin": [-17.7, 25.25, -18.3], "size": [2, 1, 0.75], "uv": [105, 49]},
						{"origin": [-17.7, 26.25, -20.3], "size": [2, 1.25, 14], "uv": [96, 35]},
						{"origin": [-17.95, 20.75, -13.3], "size": [2.5, 2.5, 1], "uv": [110, 47]},
						{"origin": [-17.45, 23.5, -21.3], "size": [1.5, 0.75, 15], "uv": [90, 71]},
						{"origin": [-17.45, 27.25, -21.3], "size": [1.5, 0.75, 15], "uv": [89, 6]},
						{"origin": [-17.45, 24.75, -20.8], "size": [1.5, 0.5, 0.5], "uv": [101, 69]},
						{"origin": [-17.45, 24.25, -21.05], "size": [1.5, 0.5, 0.75], "uv": [101, 69]},
						{"origin": [-17.45, 26.25, -20.8], "size": [1.5, 0.5, 0.5], "uv": [101, 69]},
						{"origin": [-17.45, 26.75, -21.05], "size": [1.5, 0.5, 0.75], "uv": [101, 69]},
						{"origin": [-17.2, 25.25, -20.65], "size": [1, 1, 1], "uv": [123, 88]},
						{"origin": [-17.2, 25.25, -20.3], "size": [1, 1, 14], "uv": [96, 4]},
						{"origin": [-17.7, 23.25, -17.3], "size": [2, 0.75, 1], "uv": [116, 20]},
						{"origin": [-17.7, 27.5, -17.3], "size": [2, 0.75, 1], "uv": [107, 76]},
						{"origin": [-17.7, 23.25, -8.3], "size": [2, 0.75, 1], "uv": [98, 58]},
						{"origin": [-17.7, 27.5, -8.3], "size": [2, 0.75, 1], "uv": [104, 77]},
						{"origin": [-17.45, 25.5, -7.3], "size": [1.5, 0.5, 1], "uv": [101, 75]},
						{"origin": [-17.45, 25.5, -10.3], "size": [1.5, 0.5, 1], "uv": [108, 104]},
						{"origin": [-17.45, 25.5, -13.3], "size": [1.5, 0.5, 1], "uv": [108, 101]},
						{"origin": [-17.45, 25.5, -16.3], "size": [1.5, 0.5, 1], "uv": [108, 100]},
						{"origin": [-17.7, 23.25, -13.3], "size": [2, 0.75, 1], "uv": [103, 21]},
						{"origin": [-17.2, 23, -17.3], "size": [1, 0.25, 1], "uv": [101, 69]},
						{"origin": [-17.2, 23, -16.3], "size": [1, 0.5, 5], "uv": [105, 14]},
						{"origin": [-17.2, 22.5, -11.3], "size": [1, 1, 8], "uv": [108, 12]},
						{"origin": [-17.45, 19.37868, -2.67868], "size": [1.5, 1, 1], "uv": [121, 105]},
						{"origin": [-17.45, 19.37868, -1.67868], "size": [1.5, 0.5, 4], "uv": [121, 102]},
						{"origin": [-17.2, 19.87868, -1.67868], "size": [1, 0.5, 3], "uv": [101, 8]},
						{"origin": [-17.2, 21.29289, -4.38579], "size": [1, 1, 4], "pivot": [-16.7, 21.79289, -2.88579], "rotation": [-45, 0, 0], "uv": [111, 14]},
						{"origin": [-17.2, 22.29289, -4.38579], "size": [1, 0.5, 2.25], "pivot": [-16.7, 21.79289, -2.88579], "rotation": [-45, 0, 0], "uv": [101, 11]},
						{"origin": [-17.2, 22.79289, -1.38579], "size": [1, 1, 4], "pivot": [-16.7, 23.29289, 0.11421], "rotation": [-45, 0, 0], "uv": [101, 16]},
						{"origin": [-17.2, 20.54289, -0.38579], "size": [1, 2.25, 0.5], "pivot": [-16.7, 23.29289, 0.11421], "rotation": [-45, 0, 0], "uv": [101, 11]},
						{"origin": [-17.2, 21.29289, 2.61421], "size": [1, 3.5, 1], "pivot": [-16.7, 23.29289, 0.11421], "rotation": [-45, 0, 0], "uv": [101, 15]},
						{"origin": [-17.2, 21.5, -11.3], "size": [1, 1, 1], "uv": [102, 73]},
						{"origin": [-15.7, 25.95, -8.3], "size": [0.5, 1, 3], "uv": [64, 99]},
						{"origin": [-15.7, 24.65, -8.3], "size": [0.5, 1, 3], "uv": [64, 101]},
						{"origin": [-18.2, 24.65, -8.3], "size": [0.5, 1, 3], "uv": [112, 69]},
						{"origin": [-18.2, 25.95, -8.3], "size": [0.5, 1, 3], "uv": [101, 76]},
						{"origin": [-17.7, 24.75, -6.3], "size": [2, 1, 2], "uv": [115, 73]},
						{"origin": [-17.7, 24.75, -4.3], "size": [2, 2.5, 1], "uv": [108, 16]},
						{"origin": [-15.95, 26.5, 0.7], "size": [0.5, 0.5, 0.5], "uv": [112, 102]},
						{"origin": [-15.95, 27.5, -3.3], "size": [0.5, 0.5, 0.5], "uv": [112, 102]}
					]
				},
				{
					"name": "right_thumb",
					"parent": "right_hand",
					"pivot": [-17.5, 23.25, -1.5],
					"cubes": [
						{"origin": [-20.25, 22.25, -1.5], "size": [3, 2, 0], "inflate": 0.01, "uv": [51, 54]}
					]
				},
				{
					"name": "right_pointer_finger",
					"parent": "right_hand",
					"pivot": [-18.5, 24.25, -0.75],
					"cubes": [
						{"origin": [-21.5, 22.25, -0.75], "size": [3, 2, 0], "inflate": 0.015, "uv": [0, 54]}
					]
				},
				{
					"name": "right_pinky_finger",
					"parent": "right_hand",
					"pivot": [-18.5, 24.25, 0.75],
					"cubes": [
						{"origin": [-21.5, 22.25, 0.75], "size": [3, 2, 0], "inflate": 0.015, "uv": [52, 48]}
					]
				},
				{
					"name": "neck",
					"parent": "upper_torso",
					"pivot": [0, 26.25, 0],
					"cubes": [
						{"origin": [-3.5, 25.25, -3.5], "size": [7, 7, 7], "uv": [22, 48]}
					]
				},
				{
					"name": "head",
					"parent": "neck",
					"pivot": [0, 30.75, 0],
					"cubes": [
						{"origin": [-5, 30.75, -4.5], "size": [10, 8, 9], "uv": [0, 20]},
						{"origin": [-5, 34.25, -5.5], "size": [10, 0.6, 1], "uv": [92, 12]},
						{"origin": [-4.4, 34.85, -5.4], "size": [8.8, 2.6, 1], "uv": [65, 120]},
						{"origin": [-4.3, 35.75, -5.42], "size": [8.5, 0.6, 1], "uv": [91, 118]},
						{"origin": [-4.3, 35.55, -5.41], "size": [8.5, 1, 1], "uv": [91, 124]},
						{"origin": [4.4, 34.75, -5.5], "size": [0.6, 2.6, 1], "uv": [92, 12]},
						{"origin": [-5, 34.75, -5.5], "size": [0.6, 2.6, 1], "uv": [92, 12]},
						{"origin": [1, 37.15, -5.5], "size": [4, 0.6, 1], "uv": [92, 12]},
						{"origin": [-5, 37.15, -5.5], "size": [4, 0.6, 1], "uv": [92, 12]},
						{"origin": [-1, 36.95, -5.5], "size": [2, 0.6, 1], "uv": [92, 12]},
						{"origin": [4, 33.5, -4.5], "size": [1, 1, 1], "inflate": 0.015, "uv": [69, 2]},
						{"origin": [-5, 33.5, -4.5], "size": [1, 1, 1], "inflate": 0.015, "uv": [69, 0], "mirror": true},
						{"origin": [-0.5, 34.25, -4.5], "size": [1, 2, 0], "inflate": 0.01, "uv": [7, 0]},
						{"origin": [-1, 34.25, -4.5], "size": [2, 2, 0], "inflate": 0.005, "uv": [55, 51]}
					]
				},
				{
					"name": "snout",
					"parent": "head",
					"pivot": [0, 30.75, -4.45],
					"rotation": [-10, 0, 0],
					"cubes": [
						{"origin": [-2.5, 31.25, -6.5], "size": [5, 3, 4], "uv": [33, 0]},
						{"origin": [-2.5, 30.25, -4.5], "size": [5, 1, 2], "inflate": 0.005, "uv": [8, 84]},
						{"origin": [-1, 30.25, -6.5], "size": [2, 2, 0], "inflate": 0.01, "pivot": [0, 31.25, -6.47819], "rotation": [0, 0, 45], "uv": [43, 63]},
						{"origin": [-1, 33.25, -6.5], "size": [2, 1, 1], "inflate": 0.01, "uv": [33, 63]}
					]
				},
				{
					"name": "jaw",
					"parent": "snout",
					"pivot": [0, 31.25, -4.7],
					"cubes": [
						{"origin": [-2.5, 30.25, -6.5], "size": [5, 1, 2], "uv": [0, 89]}
					]
				},
				{
					"name": "left_cheek",
					"parent": "head",
					"pivot": [4, 32.75048, -1.72819],
					"rotation": [0, 0, 12.5],
					"cubes": [
						{"origin": [2.5, 30.45, -4], "size": [5, 5, 7], "inflate": 0.01, "uv": [61, 6]}
					]
				},
				{
					"name": "right_cheek",
					"parent": "head",
					"pivot": [-4, 32.75048, -1.72819],
					"rotation": [0, 0, -12.5],
					"cubes": [
						{"origin": [-7.5, 30.45, -4], "size": [5, 5, 7], "inflate": 0.01, "uv": [58, 22]}
					]
				},
				{
					"name": "left_ear",
					"parent": "head",
					"pivot": [3.5, 38.75048, -0.47819],
					"rotation": [-20, 0, 32.5],
					"cubes": [
						{"origin": [2, 37.25, -0.5], "size": [3, 4, 0], "uv": [0, 5]}
					]
				},
				{
					"name": "right_ear",
					"parent": "head",
					"pivot": [-3.5, 38.75048, -0.47819],
					"rotation": [-20, 0, -32.5],
					"cubes": [
						{"origin": [-5, 37.25, -0.5], "size": [3, 4, 0], "uv": [0, 0]}
					]
				},
				{
					"name": "tail_1",
					"parent": "torso",
					"pivot": [0, 10.75, 5],
					"cubes": [
						{"origin": [-1.5, 9.25, 4], "size": [3, 3, 10], "inflate": 0.02, "uv": [51, 48]}
					]
				},
				{
					"name": "tail_2",
					"parent": "tail_1",
					"pivot": [0, 10.75, 13.75],
					"cubes": [
						{"origin": [-1.5, 9.25, 13.75], "size": [3, 3, 9], "inflate": 0.01, "uv": [0, 54]}
					]
				},
				{
					"name": "tail_3",
					"parent": "tail_2",
					"pivot": [0, 10.75, 22.5],
					"cubes": [
						{"origin": [-1.5, 9.25, 22.5], "size": [3, 3, 9], "inflate": 0.005, "uv": [43, 0]}
					]
				},
				{
					"name": "tail_4",
					"parent": "tail_3",
					"pivot": [0, 10.75, 31.25],
					"cubes": [
						{"origin": [-1.5, 9.25, 31.25], "size": [3, 3, 6], "uv": [64, 65]}
					]
				},
				{
					"name": "middle_tail_fluff",
					"parent": "tail_4",
					"pivot": [0, 11.75, 36.25],
					"cubes": [
						{"origin": [-2.5, 11.75, 36.25], "size": [5, 0, 8], "uv": [43, 62]}
					]
				},
				{
					"name": "left_tail_fluff",
					"parent": "tail_4",
					"pivot": [1.5, 11.25, 34.75],
					"cubes": [
						{"origin": [1.5, 8.25, 34.75], "size": [0, 6, 8], "uv": [34, 63]}
					]
				},
				{
					"name": "right_tail_fluff",
					"parent": "tail_4",
					"pivot": [-1.5, 11.25, 34.75],
					"cubes": [
						{"origin": [-1.5, 8.25, 34.75], "size": [0, 6, 8], "uv": [17, 63]}
					]
				},
				{
					"name": "left_upper_leg",
					"parent": "body",
					"pivot": [5, 12.25, 0],
					"rotation": [5, 0, 0],
					"cubes": [
						{"origin": [0.5, 5.75, -3.5], "size": [7, 7, 7], "uv": [0, 38]}
					]
				},
				{
					"name": "left_lower_leg",
					"parent": "left_upper_leg",
					"pivot": [4, 6.75, -1.5],
					"rotation": [-10, 0, 0],
					"cubes": [
						{"origin": [2.5, 1.75, -1.5], "size": [3, 6, 3], "uv": [76, 19]}
					]
				},
				{
					"name": "left_foot",
					"parent": "left_lower_leg",
					"pivot": [4, 2.25, 0],
					"rotation": [5, 0, 0],
					"cubes": [
						{"origin": [2.5, 0.27179, -3.34905], "size": [3, 2, 5], "inflate": 0.01, "uv": [51, 71]}
					]
				},
				{
					"name": "left_toes",
					"parent": "left_foot",
					"pivot": [4, 2.27179, -3.34905],
					"cubes": [
						{"origin": [3, 0.27179, -5.34905], "size": [0, 2, 2], "pivot": [3, 1.77179, -3.34905], "rotation": [0, 10, 0], "uv": [62, 62]},
						{"origin": [4, 0.27179, -5.34905], "size": [0, 2, 2], "uv": [0, 57]},
						{"origin": [5, 0.27179, -5.34905], "size": [0, 2, 2], "pivot": [5, 1.77179, -3.34905], "rotation": [0, -10, 0], "uv": [16, 54]}
					]
				},
				{
					"name": "right_upper_leg",
					"parent": "body",
					"pivot": [-5, 12.25, 0],
					"rotation": [5, 0, 0],
					"cubes": [
						{"origin": [-7.5, 5.75, -3.5], "size": [7, 7, 7], "uv": [36, 13]}
					]
				},
				{
					"name": "right_lower_leg",
					"parent": "right_upper_leg",
					"pivot": [-4, 6.75, -1.5],
					"rotation": [-10, 0, 0],
					"cubes": [
						{"origin": [-5.5, 1.75, -1.5], "size": [3, 6, 3], "uv": [68, 75]}
					]
				},
				{
					"name": "right_foot",
					"parent": "right_lower_leg",
					"pivot": [-4, 2.25, 0],
					"rotation": [5, 0, 0],
					"cubes": [
						{"origin": [-5.5, 0.27179, -3.34905], "size": [3, 2, 5], "inflate": 0.01, "uv": [0, 67]}
					]
				},
				{
					"name": "right_toes",
					"parent": "right_foot",
					"pivot": [-4, 2.27179, -3.34905],
					"cubes": [
						{"origin": [-3, 0.27179, -5.34905], "size": [0, 2, 2], "pivot": [-3, 1.77179, -3.34905], "rotation": [0, -10, 0], "uv": [22, 38]},
						{"origin": [-4, 0.27179, -5.34905], "size": [0, 2, 2], "uv": [0, 38]},
						{"origin": [-5, 0.27179, -5.34905], "size": [0, 2, 2], "pivot": [-5, 1.77179, -3.34905], "rotation": [0, 10, 0], "uv": [30, 20]}
					]
				}
			]
		}
	]
}