{
	"format_version": "1.8.0",
	"animations": {
		"animation.broomsed.ground_idle": {
			"loop": true,
			"animation_length": 4.8,
			"bones": {
				"head": {
					"rotation": {
						"0.0": [0, 0, 0],
						"1.2": [-7.5, 0, 0],
						"2.4": [0, 0, 0],
						"3.6": [7.5, 0, 0],
						"4.8": [0, 0, 0]
					}
				},
				"arm": {
					"rotation": {
						"0.0": [105.62489, 7.98133, -26.40319],
						"1.2": [107.5, 0, 0],
						"2.4": [105.62489, 7.98133, -26.40319],
						"3.6": [107.60404, -9.67751, -10.91269],
						"4.8": [105.62489, 7.98133, -26.40319]
					}
				},
				"bone3": {
					"rotation": {
						"0.0": [32.5, 0, 0],
						"1.2": [0, 0, 0],
						"2.4": [17.5, 0, 0],
						"3.6": [25, 0, 0],
						"4.8": [32.5, 0, 0]
					}
				}
			}
		},
		"animation.broomsed.ground_walk": {
			"loop": true,
			"animation_length": 2.28,
			"bones": {
				"head": {
					"rotation": {
						"0.0": [-12.5, 0, 0],
						"0.52": [-7.5, 0, 0],
						"1.08": [-12.5, 0, 0],
						"1.68": [-7.5, 0, 0],
						"2.28": [-12.5, 0, 0]
					},
					"position": {
						"0.0": [0, -1, -1],
						"1.08": [0, -1, -1],
						"2.28": [0, -1, -1]
					}
				},
				"bone2": {
					"rotation": {
						"0.0": [-20, 0, 0],
						"0.52": [-27.5, 0, 0],
						"1.08": [-20, 0, 0],
						"1.68": [-27.5, 0, 0],
						"2.28": [-20, 0, 0]
					},
					"position": [0, -1, 0]
				},
				"arm": {
					"rotation": {
						"0.0": [-55, 0, 0],
						"0.52": [-65, 0, 0],
						"1.08": [-55, 0, 0],
						"1.68": [-67.5, 0, 0],
						"2.28": [-55, 0, 0]
					}
				},
				"bone3": {
					"rotation": {
						"0.0": [0, 0, 0],
						"0.52": [-7.5, 0, 0],
						"1.08": [0, 0, 0],
						"1.68": [22.5, 0, 0],
						"2.28": [0, 0, 0]
					}
				}
			}
		}
	}
}