{
	"format_version": "1.12.0",
	"minecraft:geometry": [
		{
			"description": {
				"identifier": "geometry.galamount",
				"texture_width": 128,
				"texture_height": 128,
				"visible_bounds_width": 3,
				"visible_bounds_height": 4.5,
				"visible_bounds_offset": [0, 1.75, 0]
			},
			"bones": [
				{
					"name": "galamount",
					"pivot": [0, 0, 0]
				},
				{
					"name": "head",
					"parent": "galamount",
					"pivot": [0, 33.66667, -22.5],
					"cubes": [
						{"origin": [-6, 30, -28], "size": [12, 9, 7], "uv": [90, 80]},
						{"origin": [-4, 28, -28], "size": [8, 2, 7], "uv": [4, 92]},
						{"origin": [-7, 39, -28], "size": [14, 3, 7], "uv": [7, 105]}
					]
				},
				{
					"name": "bone",
					"parent": "galamount",
					"pivot": [0, 12, 0],
					"cubes": [
						{"origin": [-14, 12, -14], "size": [28, 18, 28], "uv": [0, 0]},
						{"origin": [-11, 30, -11], "size": [22, 4, 22], "uv": [40, 48]},
						{"origin": [-2, 30, -13], "size": [4, 17, 4], "uv": [112, 45]},
						{"origin": [9, 30, -10], "size": [4, 8, 4], "uv": [72, 78]},
						{"origin": [-13, 30, 3], "size": [4, 8, 4], "uv": [72, 78]},
						{"origin": [-2, 30, 9], "size": [4, 17, 4], "uv": [112, 45]},
						{"origin": [-2, 34, -2], "size": [4, 17, 4], "uv": [112, 45]},
						{"origin": [-9, 34, -9], "size": [18, 3, 18], "uv": [51, 100]}
					]
				},
				{
					"name": "neck",
					"parent": "galamount",
					"pivot": [0, 19.5, -13],
					"cubes": [
						{"origin": [-3.99, 15, -30], "size": [8, 7, 23], "pivot": [0, 18.5, -9.5], "rotation": [-47.5, 0, 0], "uv": [0, 55]}
					]
				},
				{
					"name": "leg",
					"parent": "galamount",
					"pivot": [9.5, 14, -9.5],
					"cubes": [
						{"origin": [6, 0, -13], "size": [7, 14, 7], "uv": [100, 2], "mirror": true}
					]
				},
				{
					"name": "leg2",
					"parent": "galamount",
					"pivot": [-9.5, 14, -9.5],
					"cubes": [
						{"origin": [-13, 0, -13], "size": [7, 14, 7], "uv": [100, 2]}
					]
				},
				{
					"name": "leg3",
					"parent": "galamount",
					"pivot": [-9.5, 14, 9.5],
					"cubes": [
						{"origin": [-13, 0, 6], "size": [7, 14, 7], "uv": [100, 2], "mirror": true}
					]
				},
				{
					"name": "leg4",
					"parent": "galamount",
					"pivot": [9.5, 14, 9.5],
					"cubes": [
						{"origin": [6, 0, 6], "size": [7, 14, 7], "uv": [100, 2]}
					]
				}
			]
		}
	]
}