{
	"format_version": "1.12.0",
	"minecraft:geometry": [
		{
			"description": {
				"identifier": "geometry.hombone",
				"texture_width": 64,
				"texture_height": 64,
				"visible_bounds_width": 3,
				"visible_bounds_height": 2.5,
				"visible_bounds_offset": [0, 0.75, 0]
			},
			"bones": [
				{
					"name": "hombone",
					"pivot": [0, 0, 0]
				},
				{
					"name": "body",
					"parent": "hombone",
					"pivot": [0, 2, 0]
				},
				{
					"name": "torso",
					"parent": "body",
					"pivot": [0, 4.82, 0],
					"cubes": [
						{"origin": [-7, 0, -4], "size": [6, 6, 7], "uv": [21, 18]},
						{"origin": [0, 0, -4], "size": [7, 5, 7], "uv": [0, 13]},
						{"origin": [-5, 0.1, -2], "size": [10, 7, 6], "uv": [0, 0]},
						{"origin": [-6, 6, -3], "size": [6, 4, 6], "uv": [0, 25]},
						{"origin": [1, 5, -3], "size": [5, 4, 6], "uv": [18, 31]}
					]
				},
				{
					"name": "eye",
					"parent": "torso",
					"pivot": [3.5, 7, -3.1],
					"cubes": [
						{"origin": [1, 5, -3.1], "size": [5, 4, 0], "pivot": [3.5, 7, -3.1], "rotation": [0, 0, -10], "uv": [0, 39]}
					]
				},
				{
					"name": "claw1",
					"parent": "body",
					"pivot": [7.04904, 2.25, 0],
					"cubes": [
						{"origin": [10.79904, 0, -2.25], "size": [4, 2, 0], "pivot": [12.79904, 2.25, 0], "rotation": [0, -90, 0], "uv": [21, 16]},
						{"origin": [10.79904, 2, -2.25], "size": [4, 3, 8], "pivot": [12.79904, 2.25, 0], "rotation": [0, -90, 0], "uv": [24, 5]}
					]
				},
				{
					"name": "lowerclaw",
					"parent": "claw1",
					"pivot": [7.04904, 2, 0],
					"cubes": [
						{"origin": [11.29904, 0, -1.25], "size": [3, 2, 7], "pivot": [12.79904, 2.25, 0], "rotation": [0, -90, 0], "uv": [33, 34]}
					]
				},
				{
					"name": "claw2",
					"parent": "body",
					"pivot": [-6.75, 2, 2.25],
					"cubes": [
						{"origin": [-10.75, 1, 0.75], "size": [4, 2, 3], "uv": [26, 0]}
					]
				},
				{
					"name": "lowerclaw2",
					"parent": "claw2",
					"pivot": [-6.75, 1, 2.25],
					"cubes": [
						{"origin": [-9.75, 0, 0.75], "size": [3, 1, 3], "uv": [0, 35]}
					]
				}
			]
		}
	]
}