{
	"format_version": "1.12.0",
	"minecraft:geometry": [
		{
			"description": {
				"identifier": "geometry.auoro",
				"texture_width": 64,
				"texture_height": 64,
				"visible_bounds_width": 2,
				"visible_bounds_height": 2.5,
				"visible_bounds_offset": [0, 0.75, 0]
			},
			"bones": [
				{
					"name": "auoro",
					"pivot": [0, 0, 0]
				},
				{
					"name": "head",
					"parent": "auoro",
					"pivot": [0, 3, 0],
					"cubes": [
						{"origin": [-4, 3, -4], "size": [8, 8, 8], "uv": [0, 0]},
						{"origin": [-2.5, 11, -2.5], "size": [5, 8, 5], "uv": [5, 23]}
					]
				},
				{
					"name": "leg",
					"parent": "auoro",
					"pivot": [3, 4, 0],
					"cubes": [
						{"origin": [2, 0, -5], "size": [3, 2, 6], "uv": [36, 3]},
						{"origin": [2.01, 2, -1], "size": [2, 2, 2], "uv": [39, 13]}
					]
				},
				{
					"name": "leg2",
					"parent": "auoro",
					"pivot": [-3, 4, 0],
					"cubes": [
						{"origin": [-5, 0, -5], "size": [3, 2, 6], "uv": [36, 3], "mirror": true},
						{"origin": [-4.01, 2, -1], "size": [2, 2, 2], "uv": [39, 13]}
					]
				}
			]
		}
	]
}