{
	"format_version": "1.12.0",
	"minecraft:geometry": [
		{
			"description": {
				"identifier": "geometry.unknown",
				"texture_width": 128,
				"texture_height": 128,
				"visible_bounds_width": 5,
				"visible_bounds_height": 4.5,
				"visible_bounds_offset": [0, 1.75, 0]
			},
			"bones": [
				{
					"name": "greatgenesis",
					"pivot": [0, 0, 0]
				},
				{
					"name": "body",
					"parent": "greatgenesis",
					"pivot": [0, 0, 0]
				},
				{
					"name": "torso",
					"parent": "body",
					"pivot": [1.5, 5.7, 13]
				},
				{
					"name": "thorax",
					"parent": "torso",
					"pivot": [0, 14.45, 0],
					"cubes": [
						{"origin": [-2.5, 9.7, -2.5], "size": [5, 7, 5], "pivot": [0, 10.7, 0], "rotation": [0, -45, 0], "uv": [0, 76]},
						{"origin": [-2, 7.2, -2], "size": [4, 4, 4], "pivot": [0, 7.7, 0], "rotation": [0, 45, 0], "uv": [90, 89]},
						{"origin": [-1, 17.2, -1], "size": [2, 5, 2], "pivot": [0, 7.7, 0], "rotation": [0, 45, 0], "uv": [104, 0]},
						{"origin": [-2, 14.2, -2], "size": [4, 4, 4], "pivot": [0, 7.7, 0], "rotation": [0, 45, 0], "uv": [40, 91]},
						{"origin": [-2.5, 9.7, -2.5], "size": [5, 7, 5], "pivot": [0, 10.7, 0], "rotation": [0, 45, 0], "uv": [0, 76], "mirror": true},
						{"origin": [-2, 7.2, -2], "size": [4, 4, 4], "pivot": [0, 7.7, 0], "rotation": [0, -45, 0], "uv": [90, 89], "mirror": true},
						{"origin": [-1, 17.2, -1], "size": [2, 5, 2], "pivot": [0, 7.7, 0], "rotation": [0, -45, 0], "uv": [104, 0], "mirror": true},
						{"origin": [-2, 14.2, -2], "size": [4, 4, 4], "pivot": [0, 7.7, 0], "rotation": [0, -45, 0], "uv": [40, 91], "mirror": true}
					]
				},
				{
					"name": "tail",
					"parent": "thorax",
					"pivot": [0, 13.2, 2],
					"cubes": [
						{"origin": [-1.325, 11.7, 1.5], "size": [3, 3, 4], "pivot": [0.175, 13.45, 13.5], "rotation": [0, 0, 45], "uv": [88, 10]},
						{"origin": [-1.675, 11.7, 1.5], "size": [3, 3, 4], "pivot": [-0.175, 13.45, 13.5], "rotation": [0, 0, -45], "uv": [88, 10], "mirror": true}
					]
				},
				{
					"name": "tail1",
					"parent": "tail",
					"pivot": [0, 13.2, 5.5],
					"cubes": [
						{"origin": [-1.325, 11.7, 5.5], "size": [3, 3, 4], "pivot": [0.175, 13.45, 13.5], "rotation": [0, 0, 45], "uv": [94, 36]},
						{"origin": [-0.00178, 15.39454, 5.5], "size": [0, 3, 4], "uv": [115, 10]},
						{"origin": [-1.675, 11.7, 5.5], "size": [3, 3, 4], "pivot": [-0.175, 13.45, 13.5], "rotation": [0, 0, -45], "uv": [94, 36], "mirror": true}
					]
				},
				{
					"name": "tail2",
					"parent": "tail1",
					"pivot": [0, 13.2, 9.5],
					"cubes": [
						{"origin": [-0.825, 12.2, 9.5], "size": [2, 2, 4], "pivot": [0.175, 13.45, 13.5], "rotation": [0, 0, 45], "uv": [54, 99]},
						{"origin": [-0.00178, 14.68744, 9.5], "size": [0, 2, 4], "uv": [55, 70]},
						{"origin": [-1.175, 12.2, 9.5], "size": [2, 2, 4], "pivot": [-0.175, 13.45, 13.5], "rotation": [0, 0, -45], "uv": [54, 99], "mirror": true}
					]
				},
				{
					"name": "tail3",
					"parent": "tail2",
					"pivot": [0, 13.2, 13.5],
					"cubes": [
						{"origin": [-0.825, 12.2, 13.5], "size": [2, 2, 4], "pivot": [0.175, 13.45, 13.5], "rotation": [0, 0, 45], "uv": [66, 99]},
						{"origin": [-0.00178, 14.68744, 13.5], "size": [0, 2, 4], "uv": [73, 75]},
						{"origin": [-1.175, 12.2, 13.5], "size": [2, 2, 4], "pivot": [-0.175, 13.45, 13.5], "rotation": [0, 0, -45], "uv": [66, 99], "mirror": true}
					]
				},
				{
					"name": "tail4",
					"parent": "tail3",
					"pivot": [0, 13.2, 17.5],
					"cubes": [
						{"origin": [-0.67855, 13.05355, 17.5], "size": [1, 1, 4], "pivot": [-0.17855, 13.30355, 13.5], "rotation": [0, 0, 45], "uv": [40, 103]},
						{"origin": [-0.32145, 13.05355, 17.5], "size": [1, 1, 4], "pivot": [0.17855, 13.30355, 13.5], "rotation": [0, 0, -45], "uv": [40, 103], "mirror": true}
					]
				},
				{
					"name": "tail5",
					"parent": "tail4",
					"pivot": [0, 13.7, 21.5],
					"cubes": [
						{"origin": [-0.67855, 13.05355, 21.5], "size": [1, 1, 4], "pivot": [-0.17855, 13.30355, 13.5], "rotation": [0, 0, 45], "uv": [104, 15]},
						{"origin": [-4.70888, 13.47933, 21.5], "size": [4, 0, 8], "uv": [74, 50]},
						{"origin": [0.70888, 13.47933, 21.5], "size": [4, 0, 8], "uv": [78, 28]},
						{"origin": [-0.32145, 13.05355, 21.5], "size": [1, 1, 4], "pivot": [0.17855, 13.30355, 13.5], "rotation": [0, 0, -45], "uv": [104, 15], "mirror": true}
					]
				},
				{
					"name": "chest",
					"parent": "thorax",
					"pivot": [0, 21.2, 0],
					"cubes": [
						{"origin": [-2.5, 21.2, -2], "size": [5, 4, 4], "uv": [0, 88]},
						{"origin": [2.25, 20.7, -2.5], "size": [2, 5, 5], "uv": [76, 89]},
						{"origin": [-4.25, 20.7, -2.5], "size": [2, 5, 5], "uv": [90, 58]},
						{"origin": [-2.5, 21.2, -2], "size": [5, 4, 4], "uv": [0, 88], "mirror": true}
					]
				},
				{
					"name": "wings",
					"parent": "chest",
					"pivot": [-1.75, 21.2, 2]
				},
				{
					"name": "wing_left",
					"parent": "wings",
					"pivot": [1.75, 21.7, 2],
					"cubes": [
						{"origin": [1.7, 16.2, 2], "size": [0, 5, 3], "inflate": 0.01, "pivot": [1.7, 20.7, 2.5], "rotation": [-17.5, 0, 0], "uv": [118, 104]},
						{"origin": [1.75, 11.2, 2], "size": [0, 12, 7], "uv": [114, 105]}
					]
				},
				{
					"name": "wing_right",
					"parent": "wings",
					"pivot": [-1.75, 21.7, 2],
					"cubes": [
						{"origin": [-1.75, 11.2, 2], "size": [0, 12, 7], "uv": [114, 105]},
						{"origin": [-1.7, 16.2, 2], "size": [0, 5, 3], "inflate": 0.01, "pivot": [-1.7, 20.7, 2.5], "rotation": [-17.5, 0, 0], "uv": [118, 104]}
					]
				},
				{
					"name": "shell",
					"parent": "chest",
					"pivot": [0, 23.80556, 2.22222],
					"cubes": [
						{"origin": [-1.5, 22.2, 1], "size": [3, 3, 4], "uv": [30, 51]}
					]
				},
				{
					"name": "shell_connector",
					"parent": "shell",
					"pivot": [0, 23.7, 5],
					"cubes": [
						{"origin": [-0.5, 22.2, 5], "size": [1, 3, 5], "uv": [64, 113]}
					]
				},
				{
					"name": "shell_plate",
					"parent": "shell_connector",
					"pivot": [0, 23.7, 10],
					"cubes": [
						{"origin": [-1, 22.2, 10], "size": [2, 3, 3], "uv": [16, 103]},
						{"origin": [-1, 25.2, 10], "size": [0, 5, 3], "pivot": [-1, 25.2, 11.5], "rotation": [0, 0, -25], "uv": [43, 108]},
						{"origin": [-7, 16.2, 13], "size": [14, 14, 1], "uv": [44, 43]},
						{"origin": [-6.5, 30.2, 13.5], "size": [13, 7, 0], "uv": [74, 43]},
						{"origin": [-6.5, 30.2, 9.5], "size": [0, 7, 4], "uv": [90, 97]},
						{"origin": [6.5, 30.2, 9.5], "size": [0, 7, 4], "uv": [98, 97]},
						{"origin": [-6, 16.2, 9], "size": [12, 1, 4], "uv": [60, 73]},
						{"origin": [6, 16.2, 9], "size": [1, 14, 4], "uv": [20, 76]},
						{"origin": [-7, 16.2, 9], "size": [1, 14, 4], "uv": [30, 83]},
						{"origin": [1, 25.2, 10], "size": [0, 5, 3], "pivot": [1, 25.2, 11.5], "rotation": [0, 0, 25], "uv": [49, 108], "mirror": true}
					]
				},
				{
					"name": "vice",
					"parent": "shell_plate",
					"pivot": [2.5, 23.7, 13]
				},
				{
					"name": "vice_left",
					"parent": "vice",
					"pivot": [3, 32.86667, 11],
					"cubes": [
						{"origin": [0, 28.2, 9], "size": [6, 7, 4], "uv": [33, 16]},
						{"origin": [1, 35.2, 9.5], "size": [5, 4, 3], "uv": [58, 4]},
						{"origin": [-1, 39.2, 11], "size": [7, 5, 0], "inflate": 0.01, "uv": [1, 37]}
					]
				},
				{
					"name": "vice_right",
					"parent": "vice",
					"pivot": [-3, 32.86667, 11],
					"cubes": [
						{"origin": [-6, 28.2, 9], "size": [6, 7, 4], "uv": [93, 113]},
						{"origin": [-6, 35.2, 9.5], "size": [5, 4, 3], "uv": [47, 63]},
						{"origin": [-6, 39.2, 11], "size": [7, 5, 0], "uv": [1, 31]}
					]
				},
				{
					"name": "neck",
					"parent": "chest",
					"pivot": [0, 25.2, -1.25],
					"cubes": [
						{"origin": [-1, 24.7, -2.25], "size": [2, 4, 2], "uv": [50, 105]}
					]
				},
				{
					"name": "head",
					"parent": "neck",
					"pivot": [0, 27.2, -1.25],
					"cubes": [
						{"origin": [-5.5, 27.2, -2], "size": [11, 5, 6], "inflate": 0.01, "uv": [44, 32]},
						{"origin": [-2, 31.7, 0], "size": [4, 2, 4], "uv": [78, 36]},
						{"origin": [-2, 31.7, -6], "size": [4, 2, 6], "inflate": -0.01, "pivot": [0, 33.7, 0], "rotation": [19.5, 0, 0], "uv": [40, 83]},
						{"origin": [-5.85014, 28.40482, -2.39072], "size": [0, 3, 2], "pivot": [-5.85014, 29.90482, -2.39072], "rotation": [4.52992, -18.04276, 1.1368], "uv": [26, 103]},
						{"origin": [-5.08493, 28.2, -6.42342], "size": [3, 3, 5], "pivot": [-3.58493, 29.7, -3.77342], "rotation": [5, -30.5, 0], "uv": [0, 96]},
						{"origin": [-3.32211, 27.96904, -8.68247], "size": [0, 3, 2], "pivot": [-3.32211, 29.46904, -6.68247], "rotation": [7.59178, -55.36008, -3.71539], "uv": [1, 96]},
						{"origin": [-2.5, 27.2, -7.175], "size": [5, 5, 6], "uv": [74, 17]},
						{"origin": [-5.08493, 29.2, -3.17342], "size": [1, 1, 1], "inflate": 0.02, "pivot": [-3.58493, 29.7, -3.77342], "rotation": [5, -30.5, 0], "uv": [38, 109]},
						{"origin": [-5.08493, 28.7, -6.17342], "size": [1, 2, 2], "inflate": 0.01, "pivot": [-3.58493, 29.7, -3.77342], "rotation": [5, -30.5, 0], "uv": [108, 67]},
						{"origin": [-5.08493, 29.2, -5.67342], "size": [1, 1, 1], "inflate": 0.02, "pivot": [-3.58493, 29.7, -3.77342], "rotation": [5, -30.5, 0], "uv": [74, 105]},
						{"origin": [-5.08493, 28.7, -3.67342], "size": [1, 2, 2], "inflate": 0.01, "pivot": [-3.58493, 29.7, -3.77342], "rotation": [5, -30.5, 0], "uv": [108, 71]},
						{"origin": [2.08493, 28.2, -6.42342], "size": [3, 3, 5], "pivot": [3.58493, 29.7, -3.77342], "rotation": [5, 30.5, 0], "uv": [92, 68]},
						{"origin": [3.32211, 27.96904, -8.68247], "size": [0, 3, 2], "pivot": [3.32211, 29.46904, -6.68247], "rotation": [7.59178, 55.36008, 3.71539], "uv": [103, 68]},
						{"origin": [4.08493, 28.7, -3.67342], "size": [1, 2, 2], "inflate": 0.01, "pivot": [3.58493, 29.7, -3.77342], "rotation": [5, 30.5, 0], "uv": [108, 50]},
						{"origin": [4.08493, 29.2, -3.17342], "size": [1, 1, 1], "inflate": 0.02, "pivot": [3.58493, 29.7, -3.77342], "rotation": [5, 30.5, 0], "uv": [22, 109]},
						{"origin": [4.08493, 28.7, -6.17342], "size": [1, 2, 2], "inflate": 0.01, "pivot": [3.58493, 29.7, -3.77342], "rotation": [5, 30.5, 0], "uv": [108, 54]},
						{"origin": [4.08493, 29.2, -5.67342], "size": [1, 1, 1], "inflate": 0.02, "pivot": [3.58493, 29.7, -3.77342], "rotation": [5, 30.5, 0], "uv": [50, 103]},
						{"origin": [5.85014, 28.40482, -2.39072], "size": [0, 3, 2], "pivot": [5.85014, 29.90482, -2.39072], "rotation": [4.52992, 18.04276, -1.1368], "uv": [56, 91]},
						{"origin": [-0.5, 30.15, -10], "size": [1, 4, 5], "pivot": [0, 29.9, -7], "rotation": [-40, 0, 0], "uv": [18, 94]},
						{"origin": [0, 32.4029, -13.81604], "size": [0, 3, 5], "pivot": [0, 32.4029, -8.81604], "rotation": [-57.5, 0, 0], "uv": [98, 50]},
						{"origin": [-4.18494, 27.2, -6.82358], "size": [3, 5, 6], "inflate": -0.01, "pivot": [-2.68494, 29.7, -3.82358], "rotation": [0, -30.5, 0], "uv": [60, 78]},
						{"origin": [2.4423, 27.2, -7.71164], "size": [3, 5, 6], "inflate": -0.01, "pivot": [4.9423, 29.2, -1.96164], "rotation": [0, 30.5, 0], "uv": [78, 78]},
						{"origin": [3.97738, 27.95, -9.58489], "size": [5, 0, 10], "pivot": [3.97738, 27.95, -4.58489], "rotation": [16.41089, 26.07461, 33.82478], "uv": [0, 66]},
						{"origin": [-8.97738, 27.95, -9.58489], "size": [5, 0, 10], "pivot": [-3.97738, 27.95, -4.58489], "rotation": [16.41089, -26.07461, -33.82478], "uv": [30, 73]},
						{"origin": [1.18494, 27.2, -6.82358], "size": [3, 5, 6], "inflate": -0.01, "pivot": [2.68494, 29.7, -3.82358], "rotation": [0, 30.5, 0], "uv": [60, 78], "mirror": true},
						{"origin": [-5.4423, 27.2, -7.71164], "size": [3, 5, 6], "inflate": -0.01, "pivot": [-4.9423, 29.2, -1.96164], "rotation": [0, -30.5, 0], "uv": [78, 78], "mirror": true}
					]
				},
				{
					"name": "arms",
					"parent": "chest",
					"pivot": [1.5, 5.7, 13]
				},
				{
					"name": "arm_main_right",
					"parent": "arms",
					"pivot": [1.5, 5.7, 13]
				},
				{
					"name": "arm_main_connection_right",
					"parent": "arm_main_right",
					"pivot": [-4.2, 23.2, -1],
					"cubes": [
						{"origin": [-7.25, 22.7, -1.5], "size": [5, 1, 1], "uv": [106, 91]},
						{"origin": [-11.25, 22.7, -2], "size": [4, 1, 2], "inflate": 0.01, "uv": [104, 25]},
						{"origin": [-9.25, 23.7, -1], "size": [5, 2, 0], "inflate": 0.01, "uv": [110, 86]}
					]
				},
				{
					"name": "arm_main_blade_right",
					"parent": "arm_main_connection_right",
					"pivot": [-10.65, 23.14381, -0.87678],
					"cubes": [
						{"origin": [-13.25, 20.7, -11], "size": [3, 4, 7], "uv": [29, 27]},
						{"origin": [-11.75, 24.7, -11], "size": [0, 4, 7], "uv": [21, 22]},
						{"origin": [-17.75, 23.2, -11], "size": [5, 0, 17], "uv": [98, 50]},
						{"origin": [-12.75, 22.2, 2], "size": [2, 2, 3], "uv": [104, 76]},
						{"origin": [-12.75, 22.2, -4.15], "size": [2, 2, 6], "inflate": 0.2, "uv": [111, 5]},
						{"origin": [-11.75, 22.2, 5], "size": [0, 2, 3], "uv": [32, 108]}
					]
				},
				{
					"name": "claw_main_right",
					"parent": "arm_main_blade_right",
					"pivot": [-11.75, 23.08763, -10.95355],
					"cubes": [
						{"origin": [-12.75, 22.2, -13], "size": [2, 2, 2], "uv": [74, 107]},
						{"origin": [-11.75, 22.75171, -14.89778], "size": [0, 2, 2], "pivot": [-11.75, 24.08763, -10.85355], "rotation": [15, 0, 0], "uv": [102, 108]}
					]
				},
				{
					"name": "arm_back_right",
					"parent": "arms",
					"pivot": [1.5, 5.7, 15]
				},
				{
					"name": "arm_back_connection_right",
					"parent": "arm_back_right",
					"pivot": [-4.2, 23.2, 1],
					"cubes": [
						{"origin": [-7.25, 22.7, 0.5], "size": [5, 1, 1], "uv": [106, 93]},
						{"origin": [-11.25, 22.7, 0], "size": [4, 1, 2], "inflate": 0.01, "uv": [78, 104]},
						{"origin": [-9.25, 23.7, 1], "size": [5, 2, 0], "inflate": 0.01, "uv": [32, 68]}
					]
				},
				{
					"name": "arm_back_blade_right",
					"parent": "arm_back_connection_right",
					"pivot": [-10.65, 23.14381, 1.12322],
					"cubes": [
						{"origin": [-12.75, 22.2, -2], "size": [2, 2, 6], "inflate": 0.2, "uv": [28, 43]},
						{"origin": [-13.25, 20.7, -9], "size": [3, 4, 7], "uv": [9, 36]},
						{"origin": [-11.75, 24.7, -9], "size": [0, 4, 7], "uv": [22, 32]},
						{"origin": [-17.75, 23.2, -9], "size": [5, 0, 17], "uv": [46, 12]},
						{"origin": [-12.75, 22.2, 4], "size": [2, 2, 3], "uv": [104, 81]},
						{"origin": [-11.75, 22.2, 7], "size": [0, 2, 3], "uv": [108, 36]}
					]
				},
				{
					"name": "claw_back_right",
					"parent": "arm_back_blade_right",
					"pivot": [-11.75, 23.08763, -8.95355],
					"cubes": [
						{"origin": [-12.75, 22.2, -11], "size": [2, 2, 2], "uv": [82, 107]},
						{"origin": [-11.75, 22.2, -13], "size": [0, 2, 2], "pivot": [-11.75, 24.2, -11], "rotation": [15, 0, 0], "uv": [0, 109]}
					]
				},
				{
					"name": "arm_main_left",
					"parent": "arms",
					"pivot": [-1.5, 5.7, 13]
				},
				{
					"name": "arm_main_connection_left",
					"parent": "arm_main_left",
					"pivot": [4.2, 23.2, -1],
					"cubes": [
						{"origin": [2.25, 22.7, -1.5], "size": [5, 1, 1], "uv": [96, 87]},
						{"origin": [7.25, 22.7, -2], "size": [4, 1, 2], "inflate": 0.01, "uv": [100, 47]},
						{"origin": [4.25, 23.7, -1], "size": [5, 2, 0], "inflate": 0.01, "uv": [81, 59]}
					]
				},
				{
					"name": "arm_main_blade_left",
					"parent": "arm_main_connection_left",
					"pivot": [10.65, 23.14381, -0.87678],
					"cubes": [
						{"origin": [12.75, 23.2, -11], "size": [5, 0, 17], "uv": [98, 68]},
						{"origin": [10.75, 22.2, 2], "size": [2, 2, 3], "uv": [0, 104]},
						{"origin": [10.75, 22.2, -4.15], "size": [2, 2, 6], "inflate": 0.2, "uv": [111, 23]},
						{"origin": [10.25, 20.7, -11], "size": [3, 4, 7], "uv": [41, 4]},
						{"origin": [11.75, 24.7, -11], "size": [0, 4, 7], "uv": [34, -1]},
						{"origin": [11.75, 22.2, 5], "size": [0, 2, 3], "uv": [106, 107]}
					]
				},
				{
					"name": "claw_main_left",
					"parent": "arm_main_blade_left",
					"pivot": [11.75, 23.08763, -10.95355],
					"cubes": [
						{"origin": [11.75, 22.2, -15], "size": [0, 2, 2], "pivot": [11.75, 24.2, -13], "rotation": [15, 0, 0], "uv": [74, 28]},
						{"origin": [10.75, 22.2, -13], "size": [2, 2, 2], "uv": [106, 97]}
					]
				},
				{
					"name": "arm_back_left",
					"parent": "arms",
					"pivot": [-1.5, 5.7, 15]
				},
				{
					"name": "arm_back_connection_left",
					"parent": "arm_back_left",
					"pivot": [4.2, 23.2, 1],
					"cubes": [
						{"origin": [2.25, 22.7, 0.5], "size": [5, 1, 1], "uv": [106, 89]},
						{"origin": [7.25, 22.7, 0], "size": [4, 1, 2], "inflate": 0.01, "uv": [104, 7]},
						{"origin": [4.25, 23.7, 1], "size": [5, 2, 0], "inflate": 0.01, "uv": [32, 65]}
					]
				},
				{
					"name": "arm_back_blade_left",
					"parent": "arm_back_connection_left",
					"pivot": [10.65, 23.14381, 1.12322],
					"cubes": [
						{"origin": [12.75, 23.2, -9], "size": [5, 0, 17], "uv": [98, 32]},
						{"origin": [10.75, 22.2, 4], "size": [2, 2, 3], "uv": [104, 20]},
						{"origin": [10.25, 20.7, -9], "size": [3, 4, 7], "uv": [12, 16]},
						{"origin": [11.75, 24.7, -9], "size": [0, 4, 7], "uv": [19, 44]},
						{"origin": [10.75, 22.2, -2], "size": [2, 2, 6], "inflate": 0.2, "uv": [24, 7]},
						{"origin": [11.75, 22.2, 7], "size": [0, 2, 3], "uv": [26, 108]}
					]
				},
				{
					"name": "claw_back_left",
					"parent": "arm_back_blade_left",
					"pivot": [11.75, 23.08763, -8.95355],
					"cubes": [
						{"origin": [10.75, 22.2, -11], "size": [2, 2, 2], "uv": [106, 103]},
						{"origin": [11.75, 22.2, -13], "size": [0, 2, 2], "pivot": [11.75, 24.2, -11], "rotation": [15, 0, 0], "uv": [98, 108]}
					]
				},
				{
					"name": "legs",
					"parent": "body",
					"pivot": [1.5, 5.7, 13]
				},
				{
					"name": "leg_right",
					"parent": "legs",
					"pivot": [-6.16712, 8.665, 1.08718]
				},
				{
					"name": "leg_joint_right",
					"parent": "leg_right",
					"pivot": [-2.25, 14.7, 1],
					"cubes": [
						{"origin": [-5.75, 14.2, 0.5], "size": [4, 1, 1], "uv": [106, 101]}
					]
				},
				{
					"name": "leg_thigh_right",
					"parent": "leg_joint_right",
					"pivot": [-6, 14.7, 1],
					"cubes": [
						{"origin": [-6, 7.7, -0.47487], "size": [1, 8, 3], "pivot": [-6.5, 11.7, -0.97487], "rotation": [0, -45, 0], "uv": [96, 76]},
						{"origin": [-4.79289, 15.7, 0.42513], "size": [0, 2, 2], "pivot": [-5.79289, 13.7, -1.57487], "rotation": [0, -45, 0], "uv": [94, 108]},
						{"origin": [-6.5, 7.7, -3.26776], "size": [0, 8, 3], "uv": [82, -1]},
						{"origin": [-6.9564, 15.7, 0.14929], "size": [2, 2, 0], "pivot": [-7.2064, 13.2, 0.89929], "rotation": [0, -45, 0], "uv": [56, 96]},
						{"origin": [-6.75, 7.7, 0.25], "size": [2, 8, 1], "pivot": [-6.5, 13.2, 1.5], "rotation": [0, -45, 0], "uv": [104, 58]}
					]
				},
				{
					"name": "leg_shin_right",
					"parent": "leg_thigh_right",
					"pivot": [-6.45, 9.95, 2.31863],
					"cubes": [
						{"origin": [-7.45, 6.95, 1.27574], "size": [2, 4, 2], "pivot": [-6.45, 8.45, 2.27574], "rotation": [0, -135, 0], "uv": [66, 105]},
						{"origin": [-8.75, 4.95, 2], "size": [3, 2, 3], "pivot": [-6.45, 4.75, 2.7], "rotation": [0, -135, 0], "uv": [102, 10]},
						{"origin": [-9.75, -1.05, 2], "size": [4, 6, 4], "pivot": [-6.45, 4.75, 2.7], "rotation": [0, -135, 0], "uv": [60, 89]},
						{"origin": [-6.45, 1.45, -4.9669], "size": [0, 6, 5], "uv": [63, 60]}
					]
				},
				{
					"name": "foot_right",
					"parent": "leg_shin_right",
					"pivot": [-6.46273, -0.85, -0.24348],
					"cubes": [
						{"origin": [-8.45, -1.3, -1.98848], "size": [4, 1, 3], "inflate": 0.01, "uv": [100, 43]},
						{"origin": [-8.18257, -1.4, -3.99848], "size": [3, 1, 3], "inflate": -0.1, "pivot": [-7.18257, -0.9, -1.99848], "rotation": [0, -45, 0], "uv": [102, 32]}
					]
				},
				{
					"name": "leg_left",
					"parent": "legs",
					"pivot": [6.16712, 8.665, 1.08718]
				},
				{
					"name": "leg_joint_left",
					"parent": "leg_left",
					"pivot": [2.25, 14.7, 1],
					"cubes": [
						{"origin": [1.75, 14.2, 0.5], "size": [4, 1, 1], "uv": [106, 95]}
					]
				},
				{
					"name": "leg_thigh_left",
					"parent": "leg_joint_left",
					"pivot": [6, 14.7, 1],
					"cubes": [
						{"origin": [5, 7.7, -0.47487], "size": [1, 8, 3], "pivot": [6.5, 11.7, -0.97487], "rotation": [0, 45, 0], "uv": [96, 17]},
						{"origin": [6.5, 7.7, -3.26776], "size": [0, 8, 3], "uv": [75, -1]},
						{"origin": [4.79289, 15.7, 0.42513], "size": [0, 2, 2], "pivot": [5.79289, 13.7, -1.57487], "rotation": [0, 45, 0], "uv": [90, 108]},
						{"origin": [4.9564, 15.7, 0.14929], "size": [2, 2, 0], "pivot": [7.2064, 13.2, 0.89929], "rotation": [0, 45, 0], "uv": [92, 76]},
						{"origin": [4.75, 7.7, 0.25], "size": [2, 8, 1], "pivot": [6.5, 13.2, 1.5], "rotation": [0, 45, 0], "uv": [10, 104]}
					]
				},
				{
					"name": "leg_shin_left",
					"parent": "leg_thigh_left",
					"pivot": [6.45, 9.95, 2.31863],
					"cubes": [
						{"origin": [5.45, 6.95, 1.27574], "size": [2, 4, 2], "pivot": [6.45, 8.45, 2.27574], "rotation": [0, 135, 0], "uv": [58, 105]},
						{"origin": [6.45, 1.45, -4.9669], "size": [0, 6, 5], "uv": [63, 54]},
						{"origin": [5.75, 4.95, 2], "size": [3, 2, 3], "pivot": [6.45, 4.75, 2.7], "rotation": [0, 135, 0], "uv": [78, 99]},
						{"origin": [5.75, -1.05, 2], "size": [4, 6, 4], "pivot": [6.45, 4.75, 2.7], "rotation": [0, 135, 0], "uv": [88, 0]}
					]
				},
				{
					"name": "foot_left",
					"parent": "leg_shin_left",
					"pivot": [6.46273, -0.85, -0.24348],
					"cubes": [
						{"origin": [4.45, -1.3, -1.98848], "size": [4, 1, 3], "inflate": 0.01, "uv": [40, 99]},
						{"origin": [5.18257, -1.4, -3.99848], "size": [3, 1, 3], "inflate": -0.1, "pivot": [7.18257, -0.9, -1.99848], "rotation": [0, 45, 0], "uv": [102, 28]}
					]
				}
			]
		}
	]
}