{
	"format_version": "1.8.0",
	"animations": {
		"animation.cafe_delphox.ground_idle": {
			"loop": true,
			"animation_length": 0.9583,
			"bones": {
				"head": {
					"rotation": ["10+math.sin(q.anim_time*90*1-15)*2", 0, 0]
				},
				"ear_ruff_top_right": {
					"rotation": [0, 7.5, -10],
					"position": [-0.3, 0, 0.5]
				},
				"ear_ruff_top_right2": {
					"rotation": [0, 15, "-math.sin(q.anim_time*90*1-180)*3"]
				},
				"ear_ruff_top_right3": {
					"rotation": [0, 7.5, "10-math.sin(q.anim_time*90*1-215)*3"]
				},
				"ear_ruff_middle_right": {
					"rotation": [0, -2.5, -12.5]
				},
				"ear_ruff_middle_right2": {
					"rotation": [0, 20, "5-math.sin(q.anim_time*90*1-180)*3"]
				},
				"ear_ruff_middle_right3": {
					"rotation": [0, 15, "7.5-math.sin(q.anim_time*90*1-215)*3"]
				},
				"ear_ruff_bottom_right": {
					"rotation": [0, 10, -17.5],
					"position": [-0.1, 0, 0.25]
				},
				"ear_ruff_bottom_right2": {
					"rotation": [0, 10, "12.5-math.sin(q.anim_time*90*1-180)*3"]
				},
				"ear_ruff_bottom_right3": {
					"rotation": [0, 17.5, "12.5-math.sin(q.anim_time*90*1-215)*3"]
				},
				"ear_ruff_top_left": {
					"rotation": [0, -7.5, 10],
					"position": [0.3, 0, 0.5]
				},
				"ear_ruff_top_left2": {
					"rotation": [0, -15, "math.sin(q.anim_time*90*1-180)*3"]
				},
				"ear_ruff_top_left3": {
					"rotation": [0, -7.5, "-10+math.sin(q.anim_time*90*1-215)*3"]
				},
				"ear_ruff_middle_left": {
					"rotation": [0, 2.5, 12.5]
				},
				"ear_ruff_middle_left2": {
					"rotation": [0, -20, "-5+math.sin(q.anim_time*90*1-180)*3"]
				},
				"ear_ruff_middle_left3": {
					"rotation": [0, -15, "-7.5+math.sin(q.anim_time*90*1-215)*3"]
				},
				"ear_ruff_bottom_left": {
					"rotation": [0, -10, 17.5],
					"position": [0.1, 0, 0.25]
				},
				"ear_ruff_bottom_left2": {
					"rotation": [0, -10, "-12.5+math.sin(q.anim_time*90*1-180)*3"]
				},
				"ear_ruff_bottom_left3": {
					"rotation": [0, -17.5, "-12.5+math.sin(q.anim_time*90*1-215)*3"]
				},
				"arm_right": {
					"rotation": [0, "-12.5+math.sin(q.anim_time*90*1+30)*2", -52.5]
				},
				"arm_right2": {
					"rotation": [3.31914, "-14.6364+math.sin(q.anim_time*90*1+90)*2", -12.92638]
				},
				"hand_right": {
					"rotation": [0, 0, -12.5]
				},
				"finger_index_right": {
					"rotation": [0, 0, -50]
				},
				"finger_middle_right": {
					"rotation": [0, 0, -52.5]
				},
				"finger_ring_right": {
					"rotation": [0, 0, -60]
				},
				"arm_left": {
					"rotation": [1.36797, "-32.4703+math.sin(q.anim_time*90*1-15)*2", "57.0477+math.sin(q.anim_time*90*1-60)*3"]
				},
				"arm_left2": {
					"rotation": [-0.82097, "60.3299+math.sin(q.anim_time*90*1-95)*4", "3.238+math.sin(q.anim_time*90*1-180)*4"]
				},
				"hand_left": {
					"rotation": [0, 0, 20]
				},
				"finger_index_left": {
					"rotation": [0, 0, 15]
				},
				"finger_middle_left": {
					"rotation": [0, 0, 10]
				},
				"finger_ring_left": {
					"rotation": [0, 0, 5]
				},
				"tail": {
					"rotation": ["-12.5+math.sin(q.anim_time*90*2)*4", "math.sin(q.anim_time*90*1-90)*8", "math.sin(q.anim_time*90*1-90)*2"]
				},
				"tail2": {
					"rotation": [-15, "math.sin(q.anim_time*90*1-90-45)*8", 0]
				},
				"tail3": {
					"rotation": [-12.5, "math.sin(q.anim_time*90*1-90-90)*8", 0]
				},
				"tail4": {
					"rotation": [15, "math.sin(q.anim_time*90*1-90-135)*8", 0]
				},
				"tail5": {
					"rotation": [12.5, "math.sin(q.anim_time*90*1-90-180)*8", 0]
				},
				"leg_right": {
					"rotation": [0, 15, 0]
				},
				"leg_left": {
					"rotation": [0, -17.5, 0]
				},
				"body": {
					"rotation": [0, -12.5, 0]
				},
				"torso": {
					"rotation": ["math.sin(q.anim_time*90*1-135)*1", 3.5, 0],
					"position": [0, 0, 0]
				},
				"chest": {
					"rotation": ["-2.5+math.sin(q.anim_time*90*1-90)*2", 8, 0]
				},
				"neck": {
					"rotation": [0, 0, 0],
					"position": [0, 0, -0.25]
				},
				"head_ruff_right": {
					"rotation": [0, "7.5+math.sin(q.anim_time*90*1-90)*2", 0]
				},
				"head_ruff_left": {
					"rotation": [0, "-7.5-math.sin(q.anim_time*90*1-90)*2", 0]
				},
				"ear_right_main": {
					"rotation": ["-10+math.sin(q.anim_time*90*1-150)*3", 0, 0]
				},
				"ear_right": {
					"rotation": [0, 0, "2.55+math.sin(q.anim_time*90*1-150)*1"]
				},
				"ear_right_ruff_main": {
					"rotation": [0, "2.5+math.sin(q.anim_time*90*1-45)*3", "4-math.sin(q.anim_time*90*1-135)*1.5"],
					"position": [-0.2, 0, 0]
				},
				"ear_left_main": {
					"rotation": ["-10+math.sin(q.anim_time*90*1-150)*3", 0, 0]
				},
				"ear_left": {
					"rotation": [0, 0, "-2.55-math.sin(q.anim_time*90*1-150)*1"]
				},
				"ear_left_ruff_main": {
					"rotation": [0, "-2.5-math.sin(q.anim_time*90*1-45)*3", "-4+math.sin(q.anim_time*90*1-135)*1.5"],
					"position": [0.2, 0, 0]
				},
				"hand_stick": {
					"position": [4.9, -1, 0]
				},
				"finger_index_right2": {
					"rotation": [0, 0, -60]
				},
				"finger_middle_right2": {
					"rotation": [0, 0, -57.5]
				},
				"finger_ring_right2": {
					"rotation": [0, 0, -42.5]
				},
				"arm_left_ruff": {
					"rotation": ["-15+math.sin(q.anim_time*90*1+45)*10", 0, 0]
				},
				"chest_ruff_top_right": {
					"rotation": [0, 0, -40]
				},
				"chest_ruff_top_left": {
					"rotation": [0, 0, 40]
				},
				"chest_ruff_right_top": {
					"rotation": [0, 0, "7.5+math.sin(q.anim_time*90*1)*2"]
				},
				"chest_ruff_right_bottom": {
					"rotation": [0, 0, "-2.5+math.sin(q.anim_time*90*1-45)*2"]
				},
				"chest_ruff_right_bottom2": {
					"rotation": [0, 0, "-20+math.sin(q.anim_time*90*1-90)*2"]
				},
				"chest_ruff_left_top": {
					"rotation": [0, 0, "-12.5-math.sin(q.anim_time*90*1)*2"]
				},
				"chest_ruff_left_bottom": {
					"rotation": [0, 0, "5-math.sin(q.anim_time*90*1-45)*2"]
				},
				"chest_ruff_left_bottom2": {
					"rotation": [0, 0, "15-math.sin(q.anim_time*90*1-90)*2"]
				},
				"leg_right_outer2": {
					"rotation": [0, 0, "-0.35+math.sin(q.anim_time*90*1-45)*0.5"]
				},
				"leg_right_outer4": {
					"rotation": [0, 0, "0+math.sin(q.anim_time*90*1-90)*2"]
				},
				"leg_right_outer5": {
					"rotation": [0, 0, "0+math.sin(q.anim_time*90*1-135)*2"]
				},
				"leg_right_outer6": {
					"rotation": [0, 0, "0+math.sin(q.anim_time*90*1-180)*2"]
				},
				"leg_right_outer7": {
					"rotation": [0, 0, "0+math.sin(q.anim_time*90*1-215)*2"]
				},
				"leg_left_outer": {
					"rotation": [0, 0, 0]
				},
				"leg_left_outer2": {
					"rotation": [0, 0, "0.35-math.sin(q.anim_time*90*1-45)*0.5"]
				},
				"leg_left_outer4": {
					"rotation": [0, 0, "0-math.sin(q.anim_time*90*1-90)*2"]
				},
				"leg_left_outer5": {
					"rotation": [0, 0, "0-math.sin(q.anim_time*90*1-135)*2"]
				},
				"leg_left_outer6": {
					"rotation": [0, 0, "0-math.sin(q.anim_time*90*1-180)*2"]
				},
				"leg_left_outer7": {
					"rotation": [0, 0, "0-math.sin(q.anim_time*90*1-215)*2"]
				},
				"flame": {
					"rotation": [
						"-40+3*(math.sin(q.anim_time*90*3*2-90)*1-1)+6*(math.sin(q.anim_time*90*3/2-90)*1-1)",
						"-35+5*(math.sin(q.anim_time*90*3-150)*1-1)+6*(math.sin(q.anim_time*90*3/2-90)*1-1)",
						35
					]
				},
				"torso_cloak": {
					"rotation": [-5, 0, 0]
				},
				"shoulder_left_ruff": {
					"rotation": [-12.5, 0, 0]
				},
				"arm_left_ruff2": {
					"rotation": [-10, 0, 0]
				},
				"finger_front_left": {
					"rotation": [0, 0, 12.5]
				},
				"finger_back_left": {
					"rotation": [0, 0, 35]
				},
				"arm_right_ruff": {
					"rotation": [-5, 0, 0]
				},
				"arm_right_ruff2": {
					"rotation": [-10, 0, 0]
				},
				"finger_front_right": {
					"rotation": [0, 0, -40]
				},
				"finger_back_right": {
					"rotation": [0, 0, -60]
				},
				"stick_hand": {
					"scale": 0
				},
				"ear_ruff_shock_left": {
					"scale": 0
				},
				"ear_ruff_top_left4": {
					"rotation": [0, -12.5, 0]
				},
				"ear_ruff_middle_left4": {
					"rotation": [0, -10, 0]
				},
				"ear_ruff_shock_right": {
					"scale": 0
				},
				"ear_ruff_top_right4": {
					"rotation": [0, 12.5, 0]
				},
				"ear_ruff_middle_right4": {
					"rotation": [0, 10, 0]
				}
			}
		},
		"animation.cafe_delphox.battle_idle": {
			"loop": true,
			"bones": {
				"robe_left": {
					"rotation": [28.44706, -2.60661, -11.92606],
					"position": [1, 0, 0]
				},
				"robe_left2_rotation": {
					"rotation": [-17.10967, 3.73172, 11.93845],
					"position": [0, -1, 0]
				},
				"robe_left3_rotation": {
					"rotation": [-7.5, 0, 0]
				},
				"body": {
					"position": [0, -4, 0]
				},
				"torso": {
					"rotation": [7.5, 0, 0],
					"position": [0, 0, -0.5]
				},
				"waist": {
					"rotation": [10, 0, 0]
				},
				"chest": {
					"rotation": [7.5, 0, 0]
				},
				"arm_left": {
					"rotation": [-22.98431, -46.52795, 43.07189]
				},
				"arm_left2": {
					"rotation": [0, 102.5, 0]
				},
				"arm_left_ruff": {
					"rotation": [22.5, 0, 0]
				},
				"arm_left_ruff2": {
					"rotation": [12.5, 0, 0]
				},
				"finger_front_left": {
					"rotation": [7.24677, 10.21235, 35.6484]
				},
				"finger_middle_left": {
					"rotation": [0, 0, 32.5]
				},
				"finger_back_left": {
					"rotation": [-0.95723, -2.30959, 67.5193]
				},
				"arm_right": {
					"rotation": [-12.02654, -6.06267, -39.90871]
				},
				"arm_right2": {
					"rotation": [0, -75, 0]
				},
				"arm_right_ruff": {
					"rotation": [10, 0, 0]
				},
				"arm_right_ruff2": {
					"rotation": [15, 0, 0]
				},
				"hand_right": {
					"rotation": [-66.84879, -8.30424, 0.07837]
				},
				"finger_front_right": {
					"rotation": [4.58217, -5.94383, -37.73802]
				},
				"finger_middle_right": {
					"rotation": [0, 0, -72.5]
				},
				"finger_back_right": {
					"rotation": [0, 0, -102.5]
				},
				"neck": {
					"rotation": [12.39141, 0.17576, -1.61889]
				},
				"head": {
					"rotation": [-22.48072, 0.95645, 2.30991]
				},
				"ear_left_ruff_main": {
					"rotation": [0.18349, -15.01207, 0.11941]
				},
				"ear_ruff_top_left": {
					"rotation": [0, -5, 0]
				},
				"ear_ruff_top_left2": {
					"rotation": [0, -12.5, 12.5]
				},
				"ear_ruff_top_left3": {
					"rotation": [0, -12.5, -15]
				},
				"ear_ruff_top_left4": {
					"rotation": [1.6575, -12.39135, -7.67995]
				},
				"ear_ruff_middle_left": {
					"rotation": [-5, 10, 0]
				},
				"ear_ruff_middle_left2": {
					"rotation": [-4.19074, -27.0475, 13.8468]
				},
				"ear_ruff_middle_left3": {
					"rotation": [-3.48264, -23.99186, -7.64423]
				},
				"ear_ruff_middle_left4": {
					"rotation": [0, -17.5, -22.5]
				},
				"ear_ruff_bottom_left": {
					"rotation": [0, -2.5, 15]
				},
				"ear_ruff_bottom_left2": {
					"rotation": [-1.6575, -12.39135, 7.67995]
				},
				"ear_ruff_bottom_left3": {
					"rotation": [2.20462, -12.3071, -10.23772]
				},
				"ear_right_ruff_main": {
					"rotation": [0.18349, 15.01207, -0.11941]
				},
				"ear_ruff_top_right": {
					"rotation": [0, 5, 0]
				},
				"ear_ruff_top_right2": {
					"rotation": [0, 12.5, -12.5]
				},
				"ear_ruff_top_right3": {
					"rotation": [0, 12.5, 15]
				},
				"ear_ruff_top_right4": {
					"rotation": [1.6575, 12.39135, 7.67995]
				},
				"ear_ruff_middle_right": {
					"rotation": [-5, -10, 0]
				},
				"ear_ruff_middle_right2": {
					"rotation": [-4.19074, 27.0475, -13.8468]
				},
				"ear_ruff_middle_right3": {
					"rotation": [-3.48264, 23.99186, 7.64423]
				},
				"ear_ruff_middle_right4": {
					"rotation": [0, 17.5, 22.5]
				},
				"ear_ruff_bottom_right": {
					"rotation": [0, 2.5, -15]
				},
				"ear_ruff_bottom_right2": {
					"rotation": [-1.6575, 12.39135, -7.67995]
				},
				"ear_ruff_bottom_right3": {
					"rotation": [2.20462, 12.3071, 10.23772]
				},
				"torso_fur_left2": {
					"rotation": [10, 0, 0]
				},
				"torso_fur_left3": {
					"rotation": [0, 0, -5]
				},
				"torso_fur_right2": {
					"rotation": [0, 0, 0]
				},
				"tail": {
					"rotation": [0, -5, 0]
				},
				"leg_left": {
					"rotation": [0, 0, -2.5],
					"position": [0, 0, 2]
				},
				"leg_left2": {
					"rotation": [27.47282, 1.84293, -1.68956]
				},
				"leg_left3": {
					"rotation": [-27.5, 0, 0]
				},
				"foot_left": {
					"rotation": [-0.52095, -0.47356, 5.04797]
				},
				"leg_right": {
					"rotation": [-37.47365, 1.5216, 1.98385]
				},
				"leg_right2": {
					"rotation": [30, 0, 0]
				},
				"leg_right3": {
					"rotation": [-16.47272, 1.76749, 1.76833]
				},
				"foot_right": {
					"rotation": [24.89748, 3.11641, -4.51656]
				},
				"foot_right2": {
					"rotation": [0, 0, 0]
				},
				"robe_right": {
					"rotation": [-34.35188, 12.84924, 4.16618],
					"position": [0, 0, -1]
				},
				"robe_right2": {
					"rotation": [32.62765, -10.18372, 3.05577],
					"position": [0, -1, 0]
				},
				"robe_right2_rotation": {
					"rotation": [2.41492, 0.64686, -14.98637]
				},
				"robe_right3_rotation": {
					"rotation": [0, 0, 5]
				},
				"tail2": {
					"rotation": [-17.56274, -4.76804, 1.50701]
				},
				"tail3": {
					"rotation": [-22.5, 0, 0]
				},
				"tail4": {
					"rotation": [25.18908, 6.79382, 3.18458]
				},
				"tail5": {
					"rotation": [25.18908, 6.79382, 3.18458]
				},
				"tail6": {
					"rotation": [30, 0, 0]
				},
				"tail7": {
					"rotation": [-27.5, 0, 0]
				},
				"stick_hand": {
					"rotation": [115.18907, -6.79382, 69.31542],
					"position": [7.5, -2, -2]
				},
				"fire": {
					"rotation": [-24.24769, 6.27967, 13.64973]
				},
				"torso_cloak": {
					"rotation": [0, 0, 0]
				},
				"ear_ruff_shock_left": {
					"rotation": [0, -5, 0],
					"scale": 0
				},
				"ear_ruff_shock_right": {
					"rotation": [0, 5, 0],
					"scale": 0
				},
				"bib": {
					"rotation": [-20, 0, 0],
					"position": [0, 1, -1]
				},
				"bib2": {
					"rotation": [-10.06397, -7.43547, 0.98448],
					"position": [0, 0, 1]
				}
			}
		},
		"animation.cafe_delphox.ground_walk": {
			"loop": true,
			"animation_length": 2.0833,
			"bones": {
				"head": {
					"rotation": ["-32.5-math.sin(q.anim_time*90*8-100)*2", 0, "-math.sin(q.anim_time*90*4-100)*6"]
				},
				"ear_ruff_top_right": {
					"rotation": [0.98931, 14.8078, 12.73359],
					"position": [-0.7, 0, 0.5]
				},
				"ear_ruff_top_right2": {
					"rotation": [0, 12.5, "-math.sin(q.anim_time*90*1-180)*3"]
				},
				"ear_ruff_top_right3": {
					"rotation": [0, 5, "10-math.sin(q.anim_time*90*2-215)*3"]
				},
				"ear_ruff_middle_right": {
					"rotation": [0, 0, 7.5],
					"position": [-1, 0, 0]
				},
				"ear_ruff_middle_right2": {
					"rotation": [0, 12.5, "5-math.sin(q.anim_time*90*1-180)*3"]
				},
				"ear_ruff_middle_right3": {
					"rotation": [0, 0, "7.5-math.sin(q.anim_time*90*2-215)*3"]
				},
				"ear_ruff_bottom_right": {
					"rotation": [2.61298, 9.65594, -2.27926],
					"position": [-0.1, 1, 0.25]
				},
				"ear_ruff_bottom_right2": {
					"rotation": [0, 5, "-22.5-math.sin(q.anim_time*90*1-180)*3"]
				},
				"ear_ruff_bottom_right3": {
					"rotation": [0, 12.5, "12.5-math.sin(q.anim_time*90*2-215)*3"]
				},
				"ear_ruff_top_left": {
					"rotation": [1.19323, -14.71478, -17.78079],
					"position": [0.7, 0, 0.5]
				},
				"ear_ruff_top_left2": {
					"rotation": [0, -12.5, "math.sin(q.anim_time*90*1-180)*3"]
				},
				"ear_ruff_top_left3": {
					"rotation": [0, -5, "-10+math.sin(q.anim_time*90*2-215)*3"]
				},
				"ear_ruff_middle_left": {
					"rotation": [0, 0, -12.5],
					"position": [1, 0, 0]
				},
				"ear_ruff_middle_left2": {
					"rotation": [0, -12.5, "-5+math.sin(q.anim_time*90*1-180)*3"]
				},
				"ear_ruff_middle_left3": {
					"rotation": [0, 0, "-7.5+math.sin(q.anim_time*90*2-215)*3"]
				},
				"ear_ruff_bottom_left": {
					"rotation": [2.61298, -9.65594, 2.27926],
					"position": [-0.1, 1, 0.25]
				},
				"ear_ruff_bottom_left2": {
					"rotation": [0, -5, "22.5+math.sin(q.anim_time*90*1-180)*3"]
				},
				"ear_ruff_bottom_left3": {
					"rotation": [0, -12.5, "-12.5+math.sin(q.anim_time*90*2-215)*3"]
				},
				"arm_right": {
					"rotation": [3.07076, "15+math.sin(q.anim_time*90*4-90)*20", "-45+math.sin(q.anim_time*90*2-60)*3"]
				},
				"arm_right2": {
					"rotation": [-15, "-55-math.sin(q.anim_time*90*4+45)*20", "25-math.sin(q.anim_time*90*2+180)*4"],
					"position": [-1.2, 0, 0]
				},
				"hand_right": {
					"rotation": [0, 0, -20],
					"position": [-1, 0, -1.5]
				},
				"finger_index_right": {
					"rotation": [0, 0, -50]
				},
				"finger_middle_right": {
					"rotation": [0, 0, -35]
				},
				"finger_ring_right": {
					"rotation": [0, 0, -60]
				},
				"arm_left": {
					"rotation": [3.07076, "-15+math.sin(q.anim_time*90*4-90)*20", "45+math.sin(q.anim_time*90*2-60)*3"]
				},
				"arm_left2": {
					"rotation": [-15, "55-math.sin(q.anim_time*90*4+45)*20", "-25-math.sin(q.anim_time*90*2+180)*4"]
				},
				"hand_left": {
					"rotation": [0, 0, 20]
				},
				"finger_index_left": {
					"rotation": [0, 0, 60]
				},
				"finger_middle_left": {
					"rotation": [0, 0, 35]
				},
				"finger_ring_left": {
					"rotation": [0, 0, 62.5]
				},
				"tail": {
					"rotation": ["-22.5+math.sin(q.anim_time*90*8)*8", "math.sin(q.anim_time*90*4-45)*16", "math.sin(q.anim_time*90*4-45)*2"],
					"position": ["math.sin(q.anim_time*90*4-45)*0.5", 0, -0.2]
				},
				"tail2": {
					"rotation": [0, "math.sin(q.anim_time*90*4-90-45)*12", 0]
				},
				"tail3": {
					"rotation": [0, "math.sin(q.anim_time*90*4-90-90)*16", 0]
				},
				"tail4": {
					"rotation": [5, "math.sin(q.anim_time*90*4-90-135)*8", 0]
				},
				"tail5": {
					"rotation": [5, "math.sin(q.anim_time*90*4-90-180)*6", 0]
				},
				"leg_right": {
					"rotation": ["15-math.sin(q.anim_time*90*4-100)*15", 0, 0],
					"position": [0, "math.clamp(math.sin(q.anim_time*90*4+135*0)*3,-1,180)", "-0.5+math.sin(q.anim_time*90*4+45)*2.75"]
				},
				"leg_left": {
					"rotation": ["15+math.sin(q.anim_time*90*4-100)*15", 0, 0],
					"position": [0, "math.clamp(-math.sin(q.anim_time*90*4+135*0)*3,-1,180)", "-0.5-math.sin(q.anim_time*90*4+45)*2.75"]
				},
				"body": {
					"rotation": ["15-math.sin(q.anim_time*90*8+90)*2", "math.sin(q.anim_time*90*4+90)*11", 0],
					"position": [0, "1.5+math.abs(math.sin(q.anim_time*90*4)*1.5)", 1]
				},
				"torso": {
					"rotation": ["15+math.sin(q.anim_time*90*4-135)*2", "-math.sin(q.anim_time*90*4+90)*5", 0],
					"position": [0, 0, 0]
				},
				"chest": {
					"rotation": ["2.5+math.sin(q.anim_time*90*4-90)*2", "-math.sin(q.anim_time*90*4-90)*6", 0],
					"position": [0, -0.2, 0]
				},
				"neck": {
					"rotation": [15, "math.sin(q.anim_time*90*4-90)*11", 0],
					"position": [0, 0, -0.25]
				},
				"head_ruff_right": {
					"rotation": [0, "37.5+math.sin(q.anim_time*90*2-90)*4", 0]
				},
				"head_ruff_left": {
					"rotation": [0, "-37.5-math.sin(q.anim_time*90*2-90)*4", 0]
				},
				"ear_right_main": {
					"rotation": ["-22.5+math.sin(q.anim_time*90*8-150)*6", 0, 0],
					"position": [0, -1, 0]
				},
				"ear_right": {
					"rotation": [10, 15, "2.55+math.sin(q.anim_time*90*2-150)*1"]
				},
				"ear_right_ruff_main": {
					"rotation": [0, "19.9609+math.sin(q.anim_time*90*8-45)*6", "-0.0024-math.sin(q.anim_time*90*8-135)*1.5"]
				},
				"ear_left_main": {
					"rotation": ["-22.5+math.sin(q.anim_time*90*8-150)*6", 0, 0],
					"position": [0, -1, 0]
				},
				"ear_left": {
					"rotation": [10, -15, "-2.55-math.sin(q.anim_time*90*2-150)*1"]
				},
				"ear_left_ruff_main": {
					"rotation": [0, "-19.9609-math.sin(q.anim_time*90*8-45)*6", "0.0024+math.sin(q.anim_time*90*8-135)*1.5"]
				},
				"hand_stick": {
					"position": [4.9, -1, 0]
				},
				"finger_index_right2": {
					"rotation": [0, 0, -60]
				},
				"finger_middle_right2": {
					"rotation": [0, 0, -57.5]
				},
				"finger_ring_right2": {
					"rotation": [0, 0, -42.5]
				},
				"arm_left_ruff": {
					"rotation": ["-10+math.sin(q.anim_time*90*8-45)*15", 0, 0]
				},
				"chest_ruff_top_right": {
					"rotation": [0, 0, -40]
				},
				"chest_ruff_top_left": {
					"rotation": [0, 0, 40]
				},
				"chest_ruff_right_top": {
					"rotation": [0, 0, "7.5+math.sin(q.anim_time*90*2)*2"]
				},
				"chest_ruff_right_bottom": {
					"rotation": [0, 0, "-2.5+math.sin(q.anim_time*90*2-45)*2"]
				},
				"chest_ruff_right_bottom2": {
					"rotation": [0, 0, "-20+math.sin(q.anim_time*90*2-90)*2"]
				},
				"chest_ruff_left_top": {
					"rotation": [0, 0, "-12.5-math.sin(q.anim_time*90*2)*2"]
				},
				"chest_ruff_left_bottom": {
					"rotation": [0, 0, "5-math.sin(q.anim_time*90*2-45)*2"]
				},
				"chest_ruff_left_bottom2": {
					"rotation": [0, 0, "15-math.sin(q.anim_time*90*2-90)*2"]
				},
				"leg_right_outer2": {
					"rotation": [0, "math.sin(q.anim_time*90*4)*22", "-0.35-math.sin(q.anim_time*90*8+90)*2"],
					"position": [0.2, 0, "math.sin(q.anim_time*90*4)*1.5"]
				},
				"leg_right_outer4": {
					"rotation": [0, "math.sin(q.anim_time*90*4-90)*18", "0-math.sin(q.anim_time*90*2-90)*2"]
				},
				"leg_right_outer5": {
					"rotation": [0, "math.sin(q.anim_time*90*4-180)*12", "0-math.sin(q.anim_time*90*2-135)*2"]
				},
				"leg_right_outer6": {
					"rotation": [0, "math.sin(q.anim_time*90*4-90)*18", "0-math.sin(q.anim_time*90*2-180)*2"]
				},
				"leg_right_outer7": {
					"rotation": [0, 0, "0-math.sin(q.anim_time*90*2-215)*2"]
				},
				"leg_left_outer": {
					"rotation": [0, 0, 0]
				},
				"leg_left_outer2": {
					"rotation": [0, "math.sin(q.anim_time*90*4)*22", "0.35-math.sin(q.anim_time*90*8+90)*2"],
					"position": [-0.2, 0, "-math.sin(q.anim_time*90*4)*1.5"]
				},
				"leg_left_outer4": {
					"rotation": [0, "math.sin(q.anim_time*90*4-90)*18", "0-math.sin(q.anim_time*90*2-90)*2"]
				},
				"leg_left_outer5": {
					"rotation": [0, "math.sin(q.anim_time*90*4-180)*18", "0-math.sin(q.anim_time*90*2-135)*2"]
				},
				"leg_left_outer6": {
					"rotation": [0, "math.sin(q.anim_time*90*4-90)*18", "0-math.sin(q.anim_time*90*2-180)*2"]
				},
				"leg_left_outer7": {
					"rotation": [0, 0, "0-math.sin(q.anim_time*90*2-215)*2"]
				},
				"flame": {
					"rotation": ["-270+6*(math.sin(q.anim_time*90*8-90)*1-1)", "25-20*(math.sin(q.anim_time*90*8-150)*1-1)", -80],
					"position": [0, 0, 0]
				},
				"arm_right_ruff": {
					"rotation": ["-10+math.sin(q.anim_time*90*8-45)*15", 0, 0]
				},
				"finger_index_left2": {
					"rotation": [0, 0, 50]
				},
				"finger_middle_left2": {
					"rotation": [0, 0, 40]
				},
				"finger_ring_left2": {
					"rotation": [0, 0, 47.5]
				},
				"foot_right": {
					"rotation": ["22.5-math.clamp(-math.sin(q.anim_time*90*4-90)*20,0,90)", 0, 0]
				},
				"foot_right2": {
					"rotation": ["-25-math.clamp(-math.sin(q.anim_time*90*4-70)*30,0,90)", 0, 0]
				},
				"foot_left": {
					"rotation": ["22.5-math.clamp(math.sin(q.anim_time*90*4-90)*20,0,90)", 0, 0]
				},
				"foot_left2": {
					"rotation": ["-22.5-math.clamp(math.sin(q.anim_time*90*4-70)*30,0,90)", 0, 0]
				},
				"finger_front_left": {
					"rotation": [0, 0, 30]
				},
				"finger_back_left": {
					"rotation": [0, 0, 45]
				},
				"finger_front_right": {
					"rotation": [0, 0, -30]
				},
				"finger_back_right": {
					"rotation": [0, 0, -45]
				},
				"stick_hand": {
					"scale": 0
				},
				"ear_ruff_shock_left": {
					"scale": 0
				},
				"ear_ruff_top_left4": {
					"rotation": [0, -15, 0]
				},
				"ear_ruff_shock_right": {
					"scale": 0
				},
				"ear_ruff_top_right4": {
					"rotation": [0, 15, 0]
				},
				"leg_left3": {
					"rotation": [-15, 0, 0]
				},
				"leg_right3": {
					"rotation": [-15, 0, 0]
				},
				"robe_left": {
					"rotation": [0, 0, -7.5],
					"position": [0, "math.clamp(-math.sin(q.anim_time*90*4+135*0)*3,-1,180)", "-0.5-math.sin(q.anim_time*90*4+45)*2"]
				},
				"robe_left2": {
					"rotation": [4.95744, -0.65182, 7.47178]
				},
				"robe_left3": {
					"rotation": [2.5, 0, 0]
				},
				"robe_left_outer": {
					"rotation": [5, 0, 0]
				},
				"robe_right": {
					"rotation": [0, 0, 7.5],
					"position": [0, "math.clamp(math.sin(q.anim_time*90*4+135*0)*3,-1,180)", "-0.5+math.sin(q.anim_time*90*4+45)*2"]
				},
				"robe_right2": {
					"rotation": [4.95744, 0.65182, -7.47178]
				},
				"robe_right3": {
					"rotation": [2.5, 0, 0]
				},
				"robe_right_outer": {
					"rotation": [5, 0, 0]
				},
				"bib": {
					"rotation": [-10, 0, 0],
					"position": [0, 0, -1]
				},
				"bib2": {
					"rotation": {
						"0.0": [0, 0, 0],
						"2.0833": [-2.5, 0, 0]
					}
				},
				"sleeve2": {
					"rotation": [0, 0, 17.5]
				}
			}
		},
		"animation.cafe_delphox.blink": {
			"animation_length": 0.1667,
			"bones": {
				"eyelid_left": {
					"position": {
						"0.0": [0.1, 0, -0.1],
						"0.125": [0.1, 0, -0.1],
						"0.1667": [0, 0, 0]
					}
				},
				"eyelid_right": {
					"position": {
						"0.0": [-0.1, 0, -0.1],
						"0.125": [-0.1, 0, -0.1],
						"0.1667": [0, 0, 0]
					}
				}
			}
		},
		"animation.cafe_delphox.cry": {
			"animation_length": 1.75,
			"bones": {
				"head": {
					"rotation": {
						"0.0": [0, 0, 0],
						"0.0833": [-2.5, 0, 0],
						"0.125": [-2.24, 0, 0],
						"0.2083": [-0.23, 0, 0],
						"0.25": [0, 0, 0],
						"0.3333": [-3.67, 0, 0],
						"0.375": [-4, 0, 0],
						"0.4167": [-3.7, 0, 0],
						"0.5833": [0, 0, 0],
						"0.625": [-0.21, 0, 0],
						"0.7917": [-4.57, 0, 0],
						"0.8333": [-5, 0, 0],
						"0.9167": [-4.8, 0, 0],
						"1.3333": [-0.2, 0, 0],
						"1.4583": [0, 0, 0]
					}
				},
				"jaw": {
					"rotation": {
						"0.0": [0, 0, 0],
						"0.0417": [34.6, 0, 0],
						"0.0833": [38, 0, 0],
						"0.125": [20, 0, 0],
						"0.1667": [15.4, 0, 0],
						"0.2083": [20, 0, 0],
						"0.2917": [49.07, 0, 0],
						"0.3333": [54, 0, 0],
						"0.375": [47.9, 0, 0],
						"0.5": [15, 0, 0],
						"0.5417": [11.9, 0, 0],
						"0.5833": [15, 0, 0],
						"0.7083": [62.35, 0, 0],
						"0.75": [67.3, 0, 0],
						"0.8333": [70.1, 0, 0],
						"0.9167": [67.3, 0, 0],
						"0.9583": [61.7, 0, 0],
						"1.4167": [4.77, 0, 0],
						"1.5417": [0, 0, 0]
					}
				},
				"fangs": {
					"position": {
						"0.0": [0, 0, 0],
						"0.0417": [0, -0.6, 0],
						"0.125": [0, -0.6, 0],
						"0.1667": [0, 0, 0],
						"0.2083": [0, 0, 0],
						"0.25": [0, -0.6, 0],
						"0.4583": [0, -0.6, 0],
						"0.5": [0, 0, 0],
						"0.5833": [0, 0, 0],
						"0.625": [0, -0.6, 0],
						"1.25": [0, -0.6, 0],
						"1.2917": [0, 0, 0]
					}
				}
			},
			"sound_effects": {
				"0.0": {
					"effect": "pokemon.delphox.cry"
				}
			}
		},
		"animation.cafe_delphox.surprise_hair": {
			"animation_length": 0.0417,
			"bones": {
				"ear_ruff_top_left": {
					"rotation": [0.86996, -0.48705, -9.93723]
				},
				"ear_ruff_top_left2": {
					"rotation": [0, 0, 0]
				},
				"ear_ruff_top_left3": {
					"rotation": [0, 0, -10]
				},
				"ear_ruff_top_left4": {
					"rotation": [0, 0, -25]
				},
				"ear_ruff_middle_left": {
					"rotation": [0, 0, 7.5]
				},
				"ear_ruff_middle_left2": {
					"rotation": [0, 0, -12.5]
				},
				"ear_ruff_middle_left3": {
					"rotation": [-1.63786, -2.36303, 19.89762]
				},
				"ear_ruff_middle_left4": {
					"rotation": [0, 0, -25]
				},
				"ear_ruff_bottom_left": {
					"rotation": {
						"0.0": [0.1467, 0.51916, 9.98614],
						"0.0417": [0.23463, 0.48579, 19.98647]
					}
				},
				"ear_ruff_bottom_left2": {
					"rotation": [-0.08929, 0.02949, 17.49954]
				},
				"ear_ruff_bottom_left3": {
					"rotation": [0, 0, 2.5]
				},
				"ear_ruff_top_right": {
					"rotation": [0.86996, 0.48705, 9.93723]
				},
				"ear_ruff_top_right2": {
					"rotation": [0, 0, 0]
				},
				"ear_ruff_top_right3": {
					"rotation": [0, 0, 10]
				},
				"ear_ruff_top_right4": {
					"rotation": [0, 0, 25]
				},
				"ear_ruff_middle_right2": {
					"rotation": [0, 0, 12.5]
				},
				"ear_ruff_middle_right3": {
					"rotation": [-1.63786, 2.36303, -19.89762]
				},
				"ear_ruff_middle_right4": {
					"rotation": [0, 0, 25]
				},
				"ear_ruff_middle_right": {
					"rotation": [0, 0, -7.5]
				},
				"ear_ruff_bottom_right": {
					"rotation": [0.1467, -0.51916, -9.98614]
				},
				"ear_ruff_bottom_right2": {
					"rotation": [-0.08929, -0.02949, -17.49954]
				},
				"ear_ruff_bottom_right3": {
					"rotation": [0, 0, -2.5]
				},
				"ear_ruff_shock_left_top": {
					"rotation": [0, 0, -22.5]
				},
				"ear_ruff_shock_left_middle": {
					"rotation": [0, 0, 7.5]
				},
				"ear_ruff_shock_left_bottom": {
					"rotation": [0, 0, 25]
				},
				"ear_ruff_shock_right_top": {
					"rotation": [0, 0, 22.5]
				},
				"ear_ruff_shock_right_middle": {
					"rotation": [0, 0, -7.5]
				},
				"ear_ruff_shock_right_bottom": {
					"rotation": [0, 0, -25]
				}
			}
		},
		"animation.cafe_delphox.shock": {
			"loop": true,
			"bones": {
				"jaw": {
					"rotation": [62.5, 0, 0]
				},
				"pupil_left": {
					"scale": [0.6, 0.6, 1]
				},
				"pupil_right": {
					"scale": [0.6, 0.6, 1]
				}
			}
		},
		"animation.delphox.angry": {
			"loop": true,
			"bones": {
				"eye_angry_left": {
					"position": [0.1, 0, -0.1]
				},
				"eye_angry_right": {
					"position": [-0.1, 0, -0.1]
				}
			}
		},
		"animation.cafe_delphox.sad": {
			"loop": true,
			"bones": {
				"eye_sad_left": {
					"position": [0.1, 0, -0.1]
				},
				"eye_sad_right": {
					"position": [-0.1, 0, -0.1]
				}
			}
		},
		"animation.cafe_delphox.happy": {
			"loop": true,
			"bones": {
				"eyelid_happy_left": {
					"position": [0.1, 0, -0.1]
				},
				"eyelid_happy_right": {
					"position": [-0.1, 0, -0.1]
				},
				"jaw": {
					"rotation": [62.5, 0, 0]
				}
			}
		},
		"animation.cafe_delphox.blush": {
			"loop": true,
			"bones": {
				"blush_left": {
					"position": [0.1, 0, 0]
				},
				"blush_right": {
					"position": [-0.1, 0, 0]
				}
			}
		},
		"animation.cafe_delphox.hurt": {
			"loop": true,
			"bones": {
				"eyelid_recoil_left": {
					"position": [0.1, 0, -0.1]
				},
				"eyelid_recoil_right": {
					"position": [-0.1, 0, -0.1]
				}
			}
		}
	}
}