{
	"format_version": "1.12.0",
	"minecraft:geometry": [
		{
			"description": {
				"identifier": "geometry.terrasilisk",
				"texture_width": 128,
				"texture_height": 128,
				"visible_bounds_width": 4,
				"visible_bounds_height": 2.5,
				"visible_bounds_offset": [0, 0.75, 0]
			},
			"bones": [
				{
					"name": "terrasilisk",
					"pivot": [0, 0, 0]
				},
				{
					"name": "body",
					"parent": "terrasilisk",
					"pivot": [5.48408, 7.29185, -7.20893],
					"cubes": [
						{"origin": [-4, 4.00305, -6.25029], "size": [8, 6, 14], "uv": [0, 0]},
						{"origin": [0, 9.00305, -3.47529], "size": [0, 6, 13], "pivot": [0, 12.00305, 3.52471], "rotation": [-7.5, 0, 0], "uv": [0, 7]},
						{"origin": [-3.975, 9.15305, 1.74971], "size": [0, 4, 3], "pivot": [-3.975, 11.15305, 3.24971], "rotation": [-10, 0, 0], "uv": [0, 23]},
						{"origin": [3.975, 9.15305, 1.74971], "size": [0, 4, 3], "pivot": [3.975, 11.15305, 3.24971], "rotation": [-10, 0, 0], "uv": [18, 35]}
					]
				},
				{
					"name": "head",
					"parent": "body",
					"pivot": [0, 7.20317, -6.30264],
					"cubes": [
						{"origin": [2.03126, 4.61024, -11.03246], "size": [0, 6, 7], "pivot": [1.975, 7.71182, -10.98259], "rotation": [61.92445, 11.0311, 19.7339], "uv": [36, 35]},
						{"origin": [-2.03126, 4.61024, -11.03246], "size": [0, 6, 7], "pivot": [-1.975, 7.71182, -10.98259], "rotation": [61.92445, -11.0311, -19.7339], "uv": [22, 35]},
						{"origin": [-5.48408, 4.29185, -10.70893], "size": [0, 6, 7], "pivot": [-5.48408, 7.29185, -7.20893], "rotation": [11.50839, -29.4987, -5.72511], "uv": [0, 0], "mirror": true},
						{"origin": [5.48408, 4.29185, -10.70893], "size": [0, 6, 7], "pivot": [5.48408, 7.29185, -7.20893], "rotation": [11.50839, 29.4987, 5.72511], "uv": [0, 0]},
						{"origin": [-1, 6.64447, -16.24383], "size": [2, 3, 3], "pivot": [0, 9.14447, -14.74383], "rotation": [32.5, 0, 0], "uv": [54, 14]},
						{"origin": [-0.5, 10.03456, -16.09978], "size": [1, 2, 2], "pivot": [0, 10.53456, -15.59978], "rotation": [8, 0, 0], "uv": [42, 22]},
						{"origin": [-0.5, 8.03456, -16.09978], "size": [1, 2, 2], "pivot": [0, 10.53456, -15.59978], "rotation": [8, 0, 0], "uv": [42, 22]},
						{"origin": [-0.5, 12.03456, -16.09978], "size": [1, 1, 1], "pivot": [0, 10.53456, -15.59978], "rotation": [8, 0, 0], "uv": [0, 0]},
						{"origin": [-4, 3.21858, -14.68163], "size": [8, 6, 6], "pivot": [1, 6.21858, -13.18163], "rotation": [10, 0, 0], "uv": [20, 20]},
						{"origin": [4.025, 6.49358, -14.73163], "size": [0, 2, 3], "uv": [30, 0]},
						{"origin": [-4.025, 6.49358, -14.73163], "size": [0, 2, 3], "uv": [0, 27]},
						{"origin": [-3.5, 2.97335, -16.6705], "size": [7, 5, 4], "pivot": [0, 5.47335, -14.6705], "rotation": [10, 0, 0], "uv": [0, 38]},
						{"origin": [-3.5, 4.02805, -9.25029], "size": [7, 5, 5], "uv": [26, 32]}
					]
				},
				{
					"name": "leg_left_front",
					"parent": "body",
					"pivot": [5.48408, 7.29185, -7.20893],
					"cubes": [
						{"origin": [3.3, 1.64785, -4.11594], "size": [3, 4, 4], "pivot": [4.775, 3.13127, -4.20235], "rotation": [42.5, 12.5, 0], "uv": [28, 48]},
						{"origin": [3.25, 0.58739, -5.90215], "size": [3, 2, 6], "pivot": [4.775, 3.13127, -4.20235], "rotation": [30, 12.5, 0], "uv": [42, 14]},
						{"origin": [3.3, 0.00305, -8.10029], "size": [3, 2, 4], "pivot": [4.775, 3.13127, -4.20235], "rotation": [0, 12.5, 0], "uv": [50, 8]}
					]
				},
				{
					"name": "leg_left_back",
					"parent": "body",
					"pivot": [4.775, 3.19786, 4.52474],
					"cubes": [
						{"origin": [3.3, 3.62169, 1.48691], "size": [3, 4, 4], "pivot": [4.8, 5.62169, 3.48691], "rotation": [0, 0, 0], "uv": [14, 48]},
						{"origin": [3.25, 0.46239, 3.09785], "size": [3, 4, 3], "pivot": [4.775, 3.25627, 3.79765], "rotation": [30, 0, 0], "uv": [53, 55]},
						{"origin": [3.275, 0.00305, 3.19971], "size": [3, 2, 4], "uv": [0, 0]}
					]
				},
				{
					"name": "leg_right_front",
					"parent": "body",
					"pivot": [4.775, 3.13127, -4.20235],
					"cubes": [
						{"origin": [-6.3, 1.64785, -4.11594], "size": [3, 4, 4], "pivot": [-4.775, 3.13127, -4.20235], "rotation": [42.5, -12.5, 0], "uv": [42, 50]},
						{"origin": [-6.25, 0.58739, -5.90215], "size": [3, 2, 6], "pivot": [-4.775, 3.13127, -4.20235], "rotation": [30, -12.5, 0], "uv": [44, 42]},
						{"origin": [-6.3, 0.00305, -8.10029], "size": [3, 2, 4], "pivot": [-4.775, 3.13127, -4.20235], "rotation": [0, -12.5, 0], "uv": [0, 53]}
					]
				},
				{
					"name": "leg_right_back",
					"parent": "body",
					"pivot": [-4.775, 3.19786, 4.52474],
					"cubes": [
						{"origin": [-6.3, 3.62169, 1.48691], "size": [3, 4, 4], "pivot": [-4.8, 5.62169, 3.48691], "rotation": [0, 0, 0], "uv": [48, 22]},
						{"origin": [-6.25, 0.46239, 3.09785], "size": [3, 4, 3], "pivot": [-4.775, 3.25627, 3.79765], "rotation": [30, 0, 0], "uv": [11, 56]},
						{"origin": [-6.275, 0.00305, 3.19971], "size": [3, 2, 4], "uv": [48, 0]}
					]
				},
				{
					"name": "tail",
					"parent": "body",
					"pivot": [0, 0, 0],
					"cubes": [
						{"origin": [-3, 3.45305, 5.09971], "size": [6, 6, 6], "pivot": [0, 6.45305, 7.09971], "rotation": [-44, 0, 0], "uv": [30, 0]}
					]
				},
				{
					"name": "tail2",
					"parent": "tail",
					"pivot": [0, 6.45305, 7.09971],
					"cubes": [
						{"origin": [-3.00335, 1.52936, 7.90689], "size": [6.006, 5.005, 7.007], "uv": [0, 26]}
					]
				},
				{
					"name": "tail3",
					"parent": "tail2",
					"pivot": [0, 4.53206, 12.91139],
					"cubes": [
						{"origin": [-3.00035, 1.72783, 13.82399], "size": [6, 5, 2], "pivot": [-0.00035, 4.22783, 14.82399], "rotation": [-20, 0, 0], "uv": [46, 30]}
					]
				},
				{
					"name": "tail4",
					"parent": "tail3",
					"pivot": [-0.00035, 4.22783, 14.82399],
					"cubes": [
						{"origin": [-3.00035, 6.52783, 14.82399], "size": [6, 2, 2], "pivot": [-0.00035, 7.02783, 15.82399], "rotation": [-20, 0, 0], "uv": [50, 37]}
					]
				}
			]
		}
	]
}