{
	"format_version": "1.12.0",
	"minecraft:geometry": [
		{
			"description": {
				"identifier": "geometry.tyrantrum",
				"texture_width": 256,
				"texture_height": 256,
				"visible_bounds_width": 13,
				"visible_bounds_height": 6.5,
				"visible_bounds_offset": [0, 2.75, 0]
			},
			"bones": [
				{
					"name": "yutyrantrum",
					"pivot": [0, 0, 0]
				},
				{
					"name": "body",
					"parent": "yutyrantrum",
					"pivot": [0, 0, 0]
				},
				{
					"name": "torso",
					"parent": "body",
					"pivot": [0, 30.5, 1.5],
					"rotation": [-38, 0, 0],
					"cubes": [
						{"origin": [-13, 18, -10], "size": [26, 30, 23], "inflate": 0.01, "uv": [0, 51]},
						{"origin": [-13, 46, -10], "size": [26, 2, 9], "pivot": [0, 48, -10], "rotation": [12, 0, 0], "uv": [74, 11]},
						{"origin": [-13, 46, 1], "size": [26, 2, 9], "pivot": [0, 48, 1], "rotation": [12, 0, 0], "uv": [74, 0]}
					]
				},
				{
					"name": "tail",
					"parent": "torso",
					"pivot": [0, 18, 13],
					"rotation": [38, 0, 0],
					"cubes": [
						{"origin": [-11, 18, 13], "size": [22, 23, 26], "uv": [76, 25]}
					]
				},
				{
					"name": "tail2",
					"parent": "tail",
					"pivot": [0, 30, 39],
					"cubes": [
						{"origin": [-8, 21, 34], "size": [16, 18, 20], "uv": [146, 0]}
					]
				},
				{
					"name": "tail3",
					"parent": "tail2",
					"pivot": [0, 30.5, 54],
					"cubes": [
						{"origin": [-6, 24, 51], "size": [12, 13, 17], "uv": [173, 38]}
					]
				},
				{
					"name": "tail4",
					"parent": "tail3",
					"pivot": [0, 30, 68],
					"cubes": [
						{"origin": [-4, 26, 65], "size": [8, 8, 18], "uv": [192, 102]}
					]
				},
				{
					"name": "tail5",
					"parent": "tail4",
					"pivot": [0, 30, 82.9],
					"cubes": [
						{"origin": [-2, 28, 80], "size": [4, 4, 15], "uv": [118, 174]},
						{"origin": [-4, 30, 91.9], "size": [8, 0, 10], "uv": [229, 146]}
					]
				},
				{
					"name": "torso2",
					"parent": "torso",
					"pivot": [0, 18, -10],
					"rotation": [-40, 0, 0],
					"cubes": [
						{"origin": [-11.5, 18, -38], "size": [23, 23, 28], "uv": [0, 0]}
					]
				},
				{
					"name": "arm_right",
					"parent": "torso2",
					"pivot": [-11, 22, -23],
					"cubes": [
						{"origin": [-17.5, 19, -25.5], "size": [9, 5, 5], "uv": [208, 128]}
					]
				},
				{
					"name": "arm_right2",
					"parent": "arm_right",
					"pivot": [-17.5, 24, -25.5],
					"cubes": [
						{"origin": [-24.5, 19, -25.5], "size": [7, 5, 5], "inflate": 0.01, "uv": [203, 68]}
					]
				},
				{
					"name": "hand_right",
					"parent": "arm_right2",
					"pivot": [-24.5, 21, -25.5],
					"cubes": [
						{"origin": [-26.5, 19, -25.5], "size": [2, 5, 4], "inflate": 0.02, "uv": [174, 134]}
					]
				},
				{
					"name": "finger_back_right",
					"parent": "hand_right",
					"pivot": [-26.5, 21.2, -25.5],
					"rotation": [0, 0, 15],
					"cubes": [
						{"origin": [-31.5, 21.2, -25.5], "size": [5, 3, 4], "uv": [174, 120]}
					]
				},
				{
					"name": "finger_back_right2",
					"parent": "finger_back_right",
					"pivot": [-31.5, 22.2, -25.5],
					"cubes": [
						{"origin": [-37.5, 22.7, -25.5], "size": [6, 0, 4], "uv": [73, 202]}
					]
				},
				{
					"name": "finger_front_right",
					"parent": "hand_right",
					"pivot": [-26.5, 21.8, -25.5],
					"rotation": [0, 0, -15],
					"cubes": [
						{"origin": [-31.5, 18.8, -25.5], "size": [5, 3, 4], "inflate": 0.01, "uv": [174, 127]}
					]
				},
				{
					"name": "finger_front_right2",
					"parent": "finger_front_right",
					"pivot": [-31.5, 19.8, -25.5],
					"cubes": [
						{"origin": [-37.5, 20.3, -25.5], "size": [6, 0, 4], "uv": [61, 202]}
					]
				},
				{
					"name": "arm_left",
					"parent": "torso2",
					"pivot": [11, 22, -23],
					"cubes": [
						{"origin": [8.5, 19, -25.5], "size": [9, 5, 5], "uv": [208, 138]}
					]
				},
				{
					"name": "arm_left2",
					"parent": "arm_left",
					"pivot": [17.5, 24, -25.5],
					"cubes": [
						{"origin": [17.5, 19, -25.5], "size": [7, 5, 5], "inflate": 0.01, "uv": [203, 78]}
					]
				},
				{
					"name": "hand_left",
					"parent": "arm_left2",
					"pivot": [24.5, 21, -25.5],
					"cubes": [
						{"origin": [24.5, 19, -25.5], "size": [2, 5, 4], "inflate": 0.02, "uv": [0, 109]}
					]
				},
				{
					"name": "finger_back_left",
					"parent": "hand_left",
					"pivot": [26.5, 21.2, -25.5],
					"rotation": [0, 0, -15],
					"cubes": [
						{"origin": [26.5, 21.2, -25.5], "size": [5, 3, 4], "uv": [0, 185]}
					]
				},
				{
					"name": "finger_back_left2",
					"parent": "finger_back_left",
					"pivot": [31.5, 22.2, -25.5],
					"cubes": [
						{"origin": [31.5, 22.7, -25.5], "size": [6, 0, 4], "uv": [8, 24]}
					]
				},
				{
					"name": "finger_front_left",
					"parent": "hand_left",
					"pivot": [26.5, 21.8, -25.5],
					"rotation": [0, 0, 15],
					"cubes": [
						{"origin": [26.5, 18.8, -25.5], "size": [5, 3, 4], "inflate": 0.01, "uv": [0, 192]}
					]
				},
				{
					"name": "finger_front_left2",
					"parent": "finger_front_left",
					"pivot": [31.5, 19.8, -25.5],
					"cubes": [
						{"origin": [31.5, 20.3, -25.5], "size": [6, 0, 4], "uv": [-4, 24]}
					]
				},
				{
					"name": "neck",
					"parent": "torso2",
					"pivot": [0, 28, -33],
					"rotation": [50, 0, 0],
					"cubes": [
						{"origin": [-9.5, 19, -54], "size": [19, 21, 24], "uv": [74, 80]}
					]
				},
				{
					"name": "head",
					"parent": "neck",
					"pivot": [0, 31.5, -47],
					"rotation": [40, 0, 0],
					"cubes": [
						{"origin": [0, 41.5, -54], "size": [0, 8, 11], "uv": [206, 198]},
						{"origin": [-12.5, 21.5, -63], "size": [25, 22, 16], "inflate": 0.01, "uv": [0, 109]},
						{"origin": [-12.5, 23.5, -47], "size": [0, 7, 4], "uv": [203, 84]},
						{"origin": [12.5, 23.5, -47], "size": [0, 7, 4], "uv": [211, 84], "mirror": true},
						{"origin": [-5, 41.5, -68], "size": [10, 0, 10], "pivot": [0, 41.5, -63], "rotation": [0, -45, 0], "uv": [35, 147]},
						{"origin": [-13, 19.5, -66], "size": [26, 14, 11], "inflate": 0.01, "uv": [86, 195]}
					]
				},
				{
					"name": "jaw",
					"parent": "head",
					"pivot": [0, 24.5, -59.5],
					"cubes": [
						{"origin": [-11, 19.5, -82], "size": [22, 10, 21], "uv": [0, 185]},
						{"origin": [0, 14.5, -80.5], "size": [0, 5, 6], "uv": [134, 218]},
						{"origin": [-10, 29.5, -81], "size": [0, 4, 18], "uv": [98, 56]},
						{"origin": [-10, 29.5, -81], "size": [20, 4, 0], "uv": [0, 216]},
						{"origin": [10, 29.5, -81], "size": [0, 4, 18], "uv": [172, 50]}
					]
				},
				{
					"name": "tongue",
					"parent": "jaw",
					"pivot": [0, 30, -62],
					"cubes": [
						{"origin": [-8, 28.5, -79], "size": [16, 3, 18], "uv": [149, 183]}
					]
				},
				{
					"name": "snout",
					"parent": "head",
					"pivot": [0, 36.5, -64],
					"rotation": [5, 0, 0],
					"cubes": [
						{"origin": [-11.5, 29.5, -84], "size": [23, 7, 21], "uv": [136, 74]},
						{"origin": [-11, 36.5, -66.3], "size": [0, 5, 4], "uv": [0, 52]},
						{"origin": [-11, 41.5, -66.3], "size": [4, 0, 4], "uv": [4, 55]},
						{"origin": [11, 36.5, -66.3], "size": [0, 5, 4], "uv": [0, 47]},
						{"origin": [7, 41.5, -66.3], "size": [4, 0, 4], "uv": [4, 51]},
						{"origin": [-11.5, 25.51, -84], "size": [0, 4, 10], "uv": [0, 60]},
						{"origin": [11.5, 25.51, -84], "size": [0, 4, 10], "uv": [0, 56]},
						{"origin": [-11.5, 25.51, -84], "size": [23, 4, 0], "uv": [160, 204]},
						{"origin": [-5.5, 34.5, -77], "size": [11, 2, 4], "pivot": [0, 36.5, -77], "rotation": [25, 0, 0], "uv": [214, 40]},
						{"origin": [-6.5, 32.5, -84], "size": [1, 4, 7], "pivot": [0, 36.5, -84], "rotation": [20, 0, 0], "uv": [223, 21]},
						{"origin": [5.5, 32.5, -84], "size": [1, 4, 7], "pivot": [12, 36.5, -84], "rotation": [20, 0, 0], "uv": [223, 21]}
					]
				},
				{
					"name": "crest",
					"parent": "snout",
					"pivot": [0, 36.5, -74.5]
				},
				{
					"name": "head_spike_middle",
					"parent": "crest",
					"pivot": [0, 36.5, -74.5],
					"rotation": [-40, 0, 0],
					"cubes": [
						{"origin": [-4, 36.5, -74.5], "size": [4, 19, 0], "pivot": [0, 36.5, -74.5], "rotation": [0, 42, 0], "uv": [240, 71]},
						{"origin": [0, 36.5, -74.5], "size": [4, 19, 0], "pivot": [0, 36.5, -74.5], "rotation": [0, -42, 0], "uv": [248, 71]}
					]
				},
				{
					"name": "head_spike_inner_right",
					"parent": "crest",
					"pivot": [-2, 36.5, -74],
					"rotation": [-38, 0, -35],
					"cubes": [
						{"origin": [-2, 36.5, -74], "size": [4, 18, 0], "pivot": [-2, 36.5, -74], "rotation": [0, -45, 0], "uv": [248, 53]},
						{"origin": [-5, 36.5, -74], "size": [3, 18, 0], "pivot": [-2, 36.5, -74], "rotation": [0, 45, 0], "uv": [242, 53]},
						{"origin": [-2, 44.4, -74], "size": [4, 0, 8], "pivot": [-2, 44.4, -74], "rotation": [48, -45, 0], "uv": [66, 0]}
					]
				},
				{
					"name": "head_spike_inner_left",
					"parent": "crest",
					"pivot": [2, 36.5, -74],
					"rotation": [-38, 0, 35],
					"cubes": [
						{"origin": [-2, 36.5, -74], "size": [4, 18, 0], "pivot": [2, 36.5, -74], "rotation": [0, 45, 0], "uv": [242, 90]},
						{"origin": [2, 36.5, -74], "size": [3, 18, 0], "pivot": [2, 36.5, -74], "rotation": [0, -45, 0], "uv": [250, 90]},
						{"origin": [-2, 44.4, -74], "size": [4, 0, 8], "pivot": [2, 44.4, -74], "rotation": [48, 45, 0], "uv": [66, 11]}
					]
				},
				{
					"name": "head_spike_outer_right",
					"parent": "crest",
					"pivot": [-4.5, 36.5, -74],
					"rotation": [-48, -25, -26],
					"cubes": [
						{"origin": [-4.5, 35.5, -74], "size": [3, 19, 0], "pivot": [-4.5, 36.5, -74], "rotation": [0, -10, 0], "uv": [250, 34]}
					]
				},
				{
					"name": "head_spike_outer_right_outer",
					"parent": "head_spike_outer_right",
					"pivot": [-4.5, 36.5, -74],
					"rotation": [0, 64, 0],
					"cubes": [
						{"origin": [-9.5, 36.5, -74], "size": [5, 18, 0], "uv": [246, 16]}
					]
				},
				{
					"name": "eyes_right",
					"parent": "head_spike_outer_right_outer",
					"pivot": [-7, 41, -74.01]
				},
				{
					"name": "eye_right",
					"parent": "eyes_right",
					"pivot": [-7, 41, -74.01],
					"cubes": [
						{"origin": [-9.5, 36.5, -74.01], "size": [5, 9, 0], "uv": [10, 0]}
					]
				},
				{
					"name": "eye_wide_right",
					"parent": "eyes_right",
					"pivot": [-7.5, 40.5, -73.91],
					"cubes": [
						{"origin": [-10.5, 36.5, -73.91], "size": [6, 8, 0], "uv": [147, 0]}
					]
				},
				{
					"name": "eye_sad_right",
					"parent": "eyes_right",
					"pivot": [-7.5, 40.5, -73.91],
					"cubes": [
						{"origin": [-10.5, 36.5, -73.91], "size": [6, 8, 0], "uv": [147, 11]}
					]
				},
				{
					"name": "pupils_right",
					"parent": "eyes_right",
					"pivot": [-6, 40, -74.02]
				},
				{
					"name": "pupil_right",
					"parent": "pupils_right",
					"pivot": [-6, 40, -74.02],
					"cubes": [
						{"origin": [-7.5, 38.5, -74.02], "size": [3, 3, 0], "uv": [74, 22]}
					]
				},
				{
					"name": "pupil_wide_right",
					"parent": "pupils_right",
					"pivot": [-6, 40, -73.92],
					"cubes": [
						{"origin": [-7.5, 38.5, -73.92], "size": [3, 3, 0], "uv": [74, 25]}
					]
				},
				{
					"name": "pupil_sad_right",
					"parent": "pupils_right",
					"pivot": [-6, 40, -73.92],
					"cubes": [
						{"origin": [-7.5, 38.5, -73.92], "size": [3, 3, 0], "uv": [86, 25]}
					]
				},
				{
					"name": "eyelid_right",
					"parent": "eyes_right",
					"pivot": [-6.5, 40, -73.92],
					"cubes": [
						{"origin": [-7.5, 38.5, -73.92], "size": [2, 3, 0], "uv": [86, 22]}
					]
				},
				{
					"name": "head_spike_outer_left",
					"parent": "crest",
					"pivot": [4.5, 36.5, -74],
					"rotation": [-48, 25, 26],
					"cubes": [
						{"origin": [1.5, 35.5, -74], "size": [3, 19, 0], "pivot": [4.5, 36.5, -74], "rotation": [0, 10, 0], "uv": [250, 108]}
					]
				},
				{
					"name": "head_spike_outer_left_outer",
					"parent": "head_spike_outer_left",
					"pivot": [4.5, 36.5, -74],
					"rotation": [0, -64, 0],
					"cubes": [
						{"origin": [4.5, 36.5, -74], "size": [5, 18, 0], "uv": [246, 127]}
					]
				},
				{
					"name": "eyes_left",
					"parent": "head_spike_outer_left_outer",
					"pivot": [7, 41, -74.01]
				},
				{
					"name": "eye_left",
					"parent": "eyes_left",
					"pivot": [7, 41, -74.01],
					"cubes": [
						{"origin": [4.5, 36.5, -74.01], "size": [5, 9, 0], "uv": [0, 0]}
					]
				},
				{
					"name": "eye_wide_left",
					"parent": "eyes_left",
					"pivot": [7.5, 40.5, -73.91],
					"cubes": [
						{"origin": [4.5, 36.5, -73.91], "size": [6, 8, 0], "uv": [135, 0]}
					]
				},
				{
					"name": "eye_sad_left",
					"parent": "eyes_left",
					"pivot": [7.5, 40.5, -73.91],
					"cubes": [
						{"origin": [4.5, 36.5, -73.91], "size": [6, 8, 0], "uv": [135, 11]}
					]
				},
				{
					"name": "pupils_left",
					"parent": "eyes_left",
					"pivot": [6, 40, -74.02]
				},
				{
					"name": "pupil_left",
					"parent": "pupils_left",
					"pivot": [6, 40, -74.02],
					"cubes": [
						{"origin": [4.5, 38.5, -74.02], "size": [3, 3, 0], "uv": [80, 22]}
					]
				},
				{
					"name": "pupil_wide_left",
					"parent": "pupils_left",
					"pivot": [6, 40, -73.92],
					"cubes": [
						{"origin": [4.5, 38.5, -73.92], "size": [3, 3, 0], "uv": [80, 25]}
					]
				},
				{
					"name": "pupil_sad_left",
					"parent": "pupils_left",
					"pivot": [6, 40, -73.92],
					"cubes": [
						{"origin": [4.5, 38.5, -73.92], "size": [3, 3, 0], "uv": [92, 25]}
					]
				},
				{
					"name": "eyelid_left",
					"parent": "eyes_left",
					"pivot": [6.5, 40, -73.92],
					"cubes": [
						{"origin": [5.5, 38.5, -73.92], "size": [2, 3, 0], "uv": [90, 22]}
					]
				},
				{
					"name": "fluff",
					"parent": "torso2",
					"pivot": [0, 29.5, -34],
					"rotation": [28, 0, 0],
					"cubes": [
						{"origin": [-12.5, 14, -39], "size": [25, 29, 7], "uv": [0, 220]}
					]
				},
				{
					"name": "fluff_side_bottom_right",
					"parent": "fluff",
					"pivot": [-11, 15.5, -34],
					"rotation": [10, 10, -35],
					"cubes": [
						{"origin": [-18.5, 12.5, -34], "size": [9, 6, 0], "uv": [238, 244]}
					]
				},
				{
					"name": "fluff_side_bottom_left",
					"parent": "fluff",
					"pivot": [11, 15.5, -34],
					"rotation": [10, -10, 35],
					"cubes": [
						{"origin": [9.5, 12.5, -34], "size": [9, 6, 0], "uv": [238, 250]}
					]
				},
				{
					"name": "fluff_back_middle",
					"parent": "fluff",
					"pivot": [0, 43.5, -33.5],
					"rotation": [-30, 0, 0],
					"cubes": [
						{"origin": [-3.5, 42.5, -35], "size": [7, 2, 7], "inflate": 0.01, "uv": [228, 215]}
					]
				},
				{
					"name": "fluff_back_middle2",
					"parent": "fluff_back_middle",
					"pivot": [0, 43.5, -28],
					"rotation": [5, 0, 0],
					"cubes": [
						{"origin": [-2.5, 43.5, -28], "size": [5, 0, 5], "uv": [204, 241]}
					]
				},
				{
					"name": "fluff_back_right",
					"parent": "fluff",
					"pivot": [-8, 42.8, -33.5],
					"rotation": [-30, 0, 0],
					"cubes": [
						{"origin": [-11.5, 41.8, -36], "size": [7, 2, 6], "inflate": 0.01, "uv": [230, 207]}
					]
				},
				{
					"name": "fluff_back_right2",
					"parent": "fluff_back_right",
					"pivot": [-8, 42.8, -30],
					"rotation": [5, 0, 0],
					"cubes": [
						{"origin": [-10.5, 42.8, -30], "size": [5, 0, 5], "uv": [176, 241]}
					]
				},
				{
					"name": "fluff_back_left",
					"parent": "fluff",
					"pivot": [8, 42.8, -33.5],
					"rotation": [-30, 0, 0],
					"cubes": [
						{"origin": [4.5, 41.8, -36], "size": [7, 2, 6], "inflate": 0.01, "uv": [208, 218]}
					]
				},
				{
					"name": "fluff_back_left2",
					"parent": "fluff_back_left",
					"pivot": [8, 42.8, -30],
					"rotation": [5, 0, 0],
					"cubes": [
						{"origin": [5.5, 42.8, -30], "size": [5, 0, 5], "uv": [148, 241]}
					]
				},
				{
					"name": "fluff_front_middle",
					"parent": "fluff",
					"pivot": [0, 14, -33],
					"rotation": [45, 0, 0],
					"cubes": [
						{"origin": [-10.5, 8, -33], "size": [21, 9, 0], "uv": [162, 222]}
					]
				},
				{
					"name": "fluff_side_top_right",
					"parent": "fluff",
					"pivot": [-12, 35, -35.5],
					"rotation": [5, 3, 40],
					"cubes": [
						{"origin": [-17, 30, -38], "size": [9, 10, 5], "uv": [158, 241]}
					]
				},
				{
					"name": "fluff_side_top_right2",
					"parent": "fluff_side_top_right",
					"pivot": [-17, 35, -35.5],
					"rotation": [0, 12, 0],
					"cubes": [
						{"origin": [-29, 30, -35.5], "size": [13, 10, 0], "uv": [136, 231]}
					]
				},
				{
					"name": "fluff_side_top_left",
					"parent": "fluff",
					"pivot": [12, 35, -35.5],
					"rotation": [5, -3, -40],
					"cubes": [
						{"origin": [8, 30, -38], "size": [9, 10, 5], "uv": [186, 241]}
					]
				},
				{
					"name": "fluff_side_top_left2",
					"parent": "fluff_side_top_left",
					"pivot": [17, 35, -35.5],
					"rotation": [0, -12, 0],
					"cubes": [
						{"origin": [16, 30, -35.5], "size": [13, 10, 0], "uv": [162, 231]}
					]
				},
				{
					"name": "fluff_side_middle_right",
					"parent": "fluff",
					"pivot": [-12.5, 24, -35],
					"rotation": [5, 15, 14],
					"cubes": [
						{"origin": [-16.5, 19, -37.5], "size": [7, 10, 5], "uv": [214, 241]}
					]
				},
				{
					"name": "fluff_side_middle_right2",
					"parent": "fluff_side_middle_right",
					"pivot": [-16.5, 24, -35],
					"rotation": [0, 12, 0],
					"cubes": [
						{"origin": [-25.5, 19, -35], "size": [10, 10, 0], "uv": [236, 234]}
					]
				},
				{
					"name": "fluff_side_middle_left",
					"parent": "fluff",
					"pivot": [12.5, 24, -35],
					"rotation": [5, -15, -14],
					"cubes": [
						{"origin": [9.5, 19, -37.5], "size": [7, 10, 5], "uv": [212, 226]}
					]
				},
				{
					"name": "fluff_side_middle_left2",
					"parent": "fluff_side_middle_left",
					"pivot": [16.5, 24, -35],
					"rotation": [0, -12, 0],
					"cubes": [
						{"origin": [15.5, 19, -35], "size": [10, 10, 0], "uv": [236, 224]}
					]
				},
				{
					"name": "fluff_top_middle",
					"parent": "fluff",
					"pivot": [0, 39.5, -35.5],
					"rotation": [15, 0, 0],
					"cubes": [
						{"origin": [-5.5, 39, -38.5], "size": [11, 11, 6], "uv": [64, 239]}
					]
				},
				{
					"name": "fluff_top_middle2",
					"parent": "fluff_top_middle",
					"pivot": [0, 51, -35.5],
					"rotation": [-8, 0, 0],
					"cubes": [
						{"origin": [-4.5, 49, -37.5], "size": [9, 7, 4], "uv": [64, 228]}
					]
				},
				{
					"name": "fluff_top_middle3",
					"parent": "fluff_top_middle2",
					"pivot": [0, 56, -35.5],
					"rotation": [-6, 0, 0],
					"cubes": [
						{"origin": [-4, 55, -35.5], "size": [8, 12, 0], "uv": [64, 216]}
					]
				},
				{
					"name": "fluff_top_right",
					"parent": "fluff",
					"pivot": [-6, 37.5, -36],
					"rotation": [12, 5, -20],
					"cubes": [
						{"origin": [-10.5, 37, -38], "size": [10, 10, 5], "uv": [98, 241]}
					]
				},
				{
					"name": "fluff_top_right2",
					"parent": "fluff_top_right",
					"pivot": [-5.5, 47, -36],
					"rotation": [-10, 0, 0],
					"cubes": [
						{"origin": [-9.5, 45, -37], "size": [8, 7, 3], "uv": [92, 231]}
					]
				},
				{
					"name": "fluff_top_right3",
					"parent": "fluff_top_right2",
					"pivot": [-5.5, 52, -35.5],
					"rotation": [-8, 0, 0],
					"cubes": [
						{"origin": [-9.5, 51, -35.5], "size": [8, 11, 0], "uv": [86, 220]}
					]
				},
				{
					"name": "fluff_top_left",
					"parent": "fluff",
					"pivot": [6, 37.5, -36],
					"rotation": [12, -5, 20],
					"cubes": [
						{"origin": [0.5, 37, -38], "size": [10, 10, 5], "uv": [128, 241]}
					]
				},
				{
					"name": "fluff_top_left2",
					"parent": "fluff_top_left",
					"pivot": [5.5, 47, -36],
					"rotation": [-10, 0, 0],
					"cubes": [
						{"origin": [1.5, 45, -37], "size": [8, 7, 3], "uv": [114, 231]}
					]
				},
				{
					"name": "fluff_top_left3",
					"parent": "fluff_top_left2",
					"pivot": [5.5, 52, -35.5],
					"rotation": [-8, 0, 0],
					"cubes": [
						{"origin": [1.5, 51, -35.5], "size": [8, 11, 0], "uv": [102, 220]}
					]
				},
				{
					"name": "leg_right",
					"parent": "body",
					"pivot": [-13.5, 29.2, 1.5],
					"rotation": [-25, 20, 15],
					"cubes": [
						{"origin": [-21.5, 16.7, -7], "size": [14, 21, 17], "uv": [0, 147]},
						{"origin": [-20.5, 11.7, -5], "size": [12, 5, 13], "pivot": [-14, 17.7, -5], "rotation": [15, 0, 0], "uv": [110, 125]}
					]
				},
				{
					"name": "leg_right2",
					"parent": "leg_right",
					"pivot": [-14, 14.8, 2.5],
					"rotation": [7, 0, -16],
					"cubes": [
						{"origin": [-18, 11.3, -1], "size": [7, 7, 20], "uv": [140, 123]}
					]
				},
				{
					"name": "leg_right3",
					"parent": "leg_right2",
					"pivot": [-14, 18.3, 19],
					"rotation": [12, 0, 0],
					"cubes": [
						{"origin": [-19.5, 4.3, 12], "size": [10, 14, 7], "inflate": 0.01, "uv": [65, 168]}
					]
				},
				{
					"name": "foot_right",
					"parent": "leg_right3",
					"pivot": [-13.5, 4.3, 19],
					"rotation": [10, 0, 0],
					"cubes": [
						{"origin": [-21.5, 4.3, 14], "size": [14, 6, 5], "inflate": 0.01, "uv": [127, 150]}
					]
				},
				{
					"name": "toes_right",
					"parent": "foot_right",
					"pivot": [-14.5, 4.3, 14],
					"cubes": [
						{"origin": [-21.5, 4.3, 11], "size": [14, 6, 3], "inflate": 0.01, "uv": [198, 0]}
					]
				},
				{
					"name": "toe_middle_right",
					"parent": "toes_right",
					"pivot": [-14.5, 10.3, 11],
					"cubes": [
						{"origin": [-18, 4.3, 5], "size": [7, 6, 6], "inflate": 0.02, "uv": [187, 169]}
					]
				},
				{
					"name": "toe_middle_right2",
					"parent": "toe_middle_right",
					"pivot": [-14.5, 4.3, 5],
					"cubes": [
						{"origin": [-16, 4.3, -2], "size": [3, 3, 3], "uv": [228, 92]},
						{"origin": [-17, 4.3, 1], "size": [5, 5, 4], "uv": [217, 192]}
					]
				},
				{
					"name": "toe_outer_right",
					"parent": "toes_right",
					"pivot": [-14.5, 4.3, 12],
					"rotation": [0, 30, 0]
				},
				{
					"name": "toe_outer_right_rotation",
					"parent": "toe_outer_right",
					"pivot": [-18.5, 10.3, 12],
					"cubes": [
						{"origin": [-21.5, 4.3, 5], "size": [7, 6, 7], "uv": [158, 170]}
					]
				},
				{
					"name": "toe_outer_right2",
					"parent": "toe_outer_right_rotation",
					"pivot": [-18, 4.3, 5],
					"cubes": [
						{"origin": [-19.5, 4.3, -2], "size": [3, 3, 3], "uv": [228, 86]},
						{"origin": [-20.5, 4.3, 1], "size": [5, 5, 4], "uv": [199, 190]}
					]
				},
				{
					"name": "toe_inner_right",
					"parent": "toes_right",
					"pivot": [-14.5, 4.3, 12],
					"rotation": [0, -30, 0]
				},
				{
					"name": "toe_inner_right_rotation",
					"parent": "toe_inner_right",
					"pivot": [-11.5, 10.3, 12],
					"cubes": [
						{"origin": [-14.5, 4.3, 5], "size": [7, 6, 7], "uv": [213, 170]}
					]
				},
				{
					"name": "toe_inner_right2",
					"parent": "toe_inner_right_rotation",
					"pivot": [-11, 4.3, 5],
					"cubes": [
						{"origin": [-12.5, 4.3, -2], "size": [3, 3, 3], "uv": [228, 98]},
						{"origin": [-13.5, 4.3, 1], "size": [5, 5, 4], "uv": [235, 192]}
					]
				},
				{
					"name": "leg_left",
					"parent": "body",
					"pivot": [13.5, 29.2, 1.5],
					"rotation": [-25, -20, -15],
					"cubes": [
						{"origin": [7.5, 16.7, -7], "size": [14, 21, 17], "uv": [65, 130]},
						{"origin": [8.5, 11.7, -5], "size": [12, 5, 13], "pivot": [14, 17.7, -5], "rotation": [15, 0, 0], "uv": [160, 102]}
					]
				},
				{
					"name": "leg_left2",
					"parent": "leg_left",
					"pivot": [14, 14.8, 2.5],
					"rotation": [7, 0, 16],
					"cubes": [
						{"origin": [11, 11.3, -1], "size": [7, 7, 20], "uv": [174, 130]}
					]
				},
				{
					"name": "leg_left3",
					"parent": "leg_left2",
					"pivot": [14, 18.3, 19],
					"rotation": [12, 0, 0],
					"cubes": [
						{"origin": [9.5, 4.3, 12], "size": [10, 14, 7], "inflate": 0.01, "uv": [99, 168]}
					]
				},
				{
					"name": "foot_left",
					"parent": "leg_left3",
					"pivot": [13.5, 4.3, 19],
					"rotation": [10, 0, 0],
					"cubes": [
						{"origin": [7.5, 4.3, 14], "size": [14, 6, 5], "inflate": 0.01, "uv": [127, 161]}
					]
				},
				{
					"name": "toes_left",
					"parent": "foot_left",
					"pivot": [14.5, 4.3, 14],
					"cubes": [
						{"origin": [7.5, 4.3, 11], "size": [14, 6, 3], "inflate": 0.01, "uv": [198, 9]}
					]
				},
				{
					"name": "toe_middle_left",
					"parent": "toes_left",
					"pivot": [14.5, 10.3, 11],
					"cubes": [
						{"origin": [11, 4.3, 5], "size": [7, 6, 6], "inflate": 0.02, "uv": [193, 157]}
					]
				},
				{
					"name": "toe_middle_left2",
					"parent": "toe_middle_left",
					"pivot": [14.5, 4.3, 5],
					"cubes": [
						{"origin": [13, 4.3, -2], "size": [3, 3, 3], "uv": [228, 74]},
						{"origin": [12, 4.3, 1], "size": [5, 5, 4], "uv": [217, 183]}
					]
				},
				{
					"name": "toe_outer_left",
					"parent": "toes_left",
					"pivot": [14.5, 4.3, 12],
					"rotation": [0, -30, 0]
				},
				{
					"name": "toe_outer_left_rotation",
					"parent": "toe_outer_left",
					"pivot": [18.5, 10.3, 12],
					"cubes": [
						{"origin": [14.5, 4.3, 5], "size": [7, 6, 7], "uv": [165, 157]}
					]
				},
				{
					"name": "toe_outer_left2",
					"parent": "toe_outer_left_rotation",
					"pivot": [18, 4.3, 5],
					"cubes": [
						{"origin": [16.5, 4.3, -2], "size": [3, 3, 3], "uv": [228, 68]},
						{"origin": [15.5, 4.3, 1], "size": [5, 5, 4], "uv": [199, 181]}
					]
				},
				{
					"name": "toe_inner_left",
					"parent": "toes_left",
					"pivot": [14.5, 4.3, 12],
					"rotation": [0, 30, 0]
				},
				{
					"name": "toe_inner_left_rotation",
					"parent": "toe_inner_left",
					"pivot": [11.5, 10.3, 12],
					"cubes": [
						{"origin": [7.5, 4.3, 5], "size": [7, 6, 7], "uv": [219, 157]}
					]
				},
				{
					"name": "toe_inner_left2",
					"parent": "toe_inner_left_rotation",
					"pivot": [11, 4.3, 5],
					"cubes": [
						{"origin": [9.5, 4.3, -2], "size": [3, 3, 3], "uv": [228, 80]},
						{"origin": [8.5, 4.3, 1], "size": [5, 5, 4], "uv": [235, 183]}
					]
				}
			]
		}
	]
}