{
    "implemented": true,
    "name": "Chialeef",
    "nationalPokedexNumber": 6006,
    "primaryType": "grass",
    "secondaryType": "fairy",
    "abilities": [
      "overgrow",
      "h:analytic"
    ],
    "baseStats": {
      "hp": 109,
      "attack": 91,
      "defence": 96,
      "special_attack": 121,
      "special_defence": 74,
      "speed": 46
    },
    "behaviour": {
      "resting": {
        "canSleep": true,
        "willSleepOnBed": false,
        "depth": "normal",
        "light": "0-4"
      },
      "moving": {
        "canLook": true,
          "fly": {
            "canFly": false
          },          
          "swim": {
            "swimSpeed": 0.2,
            "canSwimInWater": false,
            "canBreatheUnderwater": false
    }
  }
},
    "catchRate": 45,
    "maleRatio": 0.875,
    "shoulderMountable": false,
    "baseExperienceYield": 272,
    "experienceGroup": "medium_slow",
    "eggCycles": 20,
    "eggGroups": [
      "grass",
      "fairy"
    ],
    "moves": 
[ "1:tailwhip",
 "1:astonish",
 "3:endure",
 "6:absorb",
 "8:charm",
 "11:sleeppowder",
 "11:stunspore",
 "14:snaptrap",
 "16:fairywind",
 "20:substitute",
 "24:magicalleaf",
 "27:ingrain",
 "28:gigadrain",
 "30:reflect",
 "31:dazzlinggleam",
 "32:stockpile",
 "35:quiverdance",
 "37:selfdestruct",
 "41:swallow",
 "44:eggbomb",
 "46:airslash",
 "50:mistyterrain",
 "56:strengthsap",
 "69:strangesteam",
 "82:chloroblast",
 "90:mistyexplosion",
 "egg:moonblast",
 "egg:cosmicpower",
 "egg:energyball",
 "egg:megadrain",
 "egg:lightscreen",
 "egg:reflect",
 "egg:grasswhistle",
 "egg:stockpile",
 "egg:swallow",
 "egg:spitup",
 "egg:peck",
 "tm:grassknot",
 "tm:solarbeam",
 "tm:attract",
 "tm:playnice",
 "tm:bodyslam",
 "tm:captivate",
 "tm:confide",
 "tm:fakeout",
 "tm:cut",
 "tm:doubleteam",
 "tm:falseswipe",
 "tm:leafblade",
 "tm:seedbomb",
 "tm:echoedvoice",
 "tm:endure",
 "tm:facade",
 "tm:energyball",
 "tm:frustration",
 "tm:glare",
 "tm:grasspledge",
 "tm:leaftornado",
 "tm:trailblaze",
 "tm:gigadrain",
 "tm:chloroblast",
 "tm:fling",
 "tm:rocksmash",
 "tm:frustration",
 "tm:sunnyday",
 "tm:hiddenpower",
 "tm:stomp",
 "tm:bulldoze",
 "tm:toxic",
 "tm:acid",
 "tm:bugbuzz",
 "tm:dazzlinggleam",
 "tm:protect",
 "tm:rest",
 "tm:return",
 "tm:round",
 "tm:scaryface",
 "tm:secretpower",
 "tm:slash",
 "tm:sleeptalk",
 "tm:snore",
 "tm:substitute",
 "tm:sunnyday",
 "tm:infestation",
 "tm:firstimpression",
 "tm:nastyplot",
 "tm:stompingtantrum",
 "tm:terablast",
 "tm:cottonguard",
 "tm:weatherball",
 "tm:yawn",
 "tm:flash",
 "tm:dig",
 "tutor:discharge",
 "tutor:charge",
 "tutor:attract",
 "tutor:cosmicpower",
 "tutor:bide",
 "tutor:hyperfang",
 "tutor:frenzyplant",
 "tutor:block",
 "tutor:bodyslam",
 "tutor:aurasphere",
 "tutor:celebrate",
 "tutor:counter",
 "tutor:mudsport",
 "tutor:cut",
 "tutor:defensecurl",
 "tutor:dig",
 "tutor:doubleedge",
 "tutor:doubleteam",
 "tutor:watersport",
 "tutor:lifedew",
 "tutor:sonicboom",
 "tutor:absorb",
 "tutor:endure",
 "tutor:facade",
 "tutor:falseswipe",
 "tutor:solarbeam",
 "tutor:grasspledge",
 "tutor:peck",
 "tutor:energyball",
 "tutor:frustration",
 "tutor:furycutter",
 "tutor:grassknot",
 "tutor:growl",
 "tutor:headbutt",
 "tutor:leaftornado",
 "tutor:hiddenpower",
 "tutor:howl",
 "tutor:leer",
 "tutor:metronome",
 "tutor:mudslap",
 "tutor:seedbomb",
 "tutor:protect",
 "tutor:quickattack",
 "tutor:extremespeed",
 "tutor:reflect",
 "tutor:rest",
 "tutor:return",
 "tutor:wish",
 "tutor:rocksmash",
 "tutor:scaryface",
 "tutor:pound",
 "tutor:seismictoss",
 "tutor:faketears",
 "tutor:slash",
 "tutor:sleeptalk",
 "tutor:amnesia",
 "tutor:snore",
 "tutor:strength",
 "tutor:endeavor",
 "tutor:substitute",
 "tutor:sunnyday",
 "tutor:doublehit",
 "tutor:swift",
 "tutor:nastyplot",
 "tutor:takedown",
 "tutor:toxic",
 "tutor:sweetkiss" ],
    "preEvolution": "florion",
    "pokedex": [
      "cobblemon.species.chialeef.desc"
    ],
    "baseScale": 0.9,
    "hitbox": {
      "width": 1.3,
      "height": 1.3,
      "fixed": false
    },
    "baseFriendship": 50,
    "evYield": {
      "hp": 0,
      "attack": 0,
      "defence": 0,
      "special_attack": 3,
      "special_defence": 0,
      "speed": 0
    },
    "height": 18,
    "weight": 505,
    "aspects": [],
    "cannotDynamax": false
  }
  