{
    "implemented": true,
    "name": "Cindrloon",
    "nationalPokedexNumber": 6001,
    "primaryType": "fire",
    "abilities": [
      "blaze",
      "h:aerilate"
    ],
    "baseStats": {
      "hp": 64,
      "attack": 72,
      "defence": 45,
      "special_attack": 37,
      "special_defence": 30,
      "speed": 65
    },
    "behaviour": {
      "resting": {
        "canSleep": true,
        "willSleepOnBed": true,
        "depth": "normal",
        "light": "0-4"
      },
      "moving": {
        "canLook": true,
          "fly": {
            "canFly": true
          },          
          "swim": {
            "swimSpeed": 0.2,
            "canSwimInWater": false,
            "canBreatheUnderwater": false
    }
  }
},
    "catchRate": 45,
    "maleRatio": 0.875,
    "shoulderMountable": true,
    "baseExperienceYield": 62,
    "experienceGroup": "medium_slow",
    "eggCycles": 20,
    "eggGroups": [
      "monster",
      "flying"
    ],
    "moves": [
      "1:growl",
      "1:scratch",
      "4:ember",
      "5:honeclaws",
      "7:lick",
      "8:smokescreen",
      "13:metalclaw",
      "15:wingattack",
      "17:firefang",
      "19:rage",
      "20:slash",
      "24:flamethrower",
      "28:flameburst",
      "28:scaryface",
      "29:swift",
      "30:aerialace",
      "32:firespin",
      "36:inferno",
      "40:flareblitz",
      "45:airslash",
      "46:defog",
      "60:dragondance",
      "65:sunnyday",
      "80:heatwave",
      "82:roost",
      "90:outrage",
      "egg:aircutter",
      "egg:ancientpower",
      "egg:bite",
      "egg:crunch",
      "egg:dragondance",
      "egg:dragonpulse",
      "egg:dragonrush",
      "egg:flareblitz",
      "egg:outrage",
      "egg:wingattack",
      "tm:acrobatics",
      "tm:aerialace",
      "tm:attract",
      "tm:beatup",
      "tm:bodyslam",
      "tm:captivate",
      "tm:confide",
      "tm:crunch",
      "tm:cut",
      "tm:doubleteam",
      "tm:dragonclaw",
      "tm:dragondance",
      "tm:dragonpulse",
      "tm:echoedvoice",
      "tm:endure",
      "tm:facade",
      "tm:falseswipe",
      "tm:fireblast",
      "tm:firefang",
      "tm:firepledge",
      "tm:firespin",
      "tm:flamecharge",
      "tm:flamethrower",
      "tm:flareblitz",
      "tm:fling",
      "tm:focusblast",
      "tm:frustration",
      "tm:heatwave",
      "tm:hiddenpower",
      "tm:honeclaws",
      "tm:incinerate",
      "tm:metalclaw",
      "tm:naturalgift",
      "tm:outrage",
      "tm:overheat",
      "tm:protect",
      "tm:rest",
      "tm:return",
      "tm:round",
      "tm:scaryface",
      "tm:secretpower",
      "tm:shadowclaw",
      "tm:sleeptalk",
      "tm:snore",
      "tm:substitute",
      "tm:sunnyday",
      "tm:swagger",
      "tm:swift",
      "tm:swordsdance",
      "tm:takedown",
      "tm:terablast",
      "tm:toxic",
      "tm:weatherball",
      "tm:willowisp",
      "tm:workup",
      "tm:fly",
      "tutor:acrobatics",
      "tutor:ancientpower",
      "tutor:attract",
      "tutor:beatup",
      "tutor:bide",
      "tutor:bite",
      "tutor:blastburn",
      "tutor:block",
      "tutor:bodyslam",
      "tutor:brickbreak",
      "tutor:celebrate",
      "tutor:counter",
      "tutor:curse",
      "tutor:cut",
      "tutor:defensecurl",
      "tutor:dig",
      "tutor:doubleedge",
      "tutor:doubleteam",
      "tutor:dragonbreath",
      "tutor:dragonpulse",
      "tutor:dragonrage",
      "tutor:ember",
      "tutor:endure",
      "tutor:facade",
      "tutor:falseswipe",
      "tutor:fireblast",
      "tutor:firepledge",
      "tutor:firespin",
      "tutor:flamethrower",
      "tutor:frustration",
      "tutor:furycutter",
      "tutor:furyswipes",
      "tutor:growl",
      "tutor:headbutt",
      "tutor:heatwave",
      "tutor:hiddenpower",
      "tutor:howl",
      "tutor:leer",
      "tutor:mimic",
      "tutor:mudslap",
      "tutor:outrage",
      "tutor:protect",
      "tutor:quickattack",
      "tutor:rage",
      "tutor:reflect",
      "tutor:rest",
      "tutor:return",
      "tutor:rockslide",
      "tutor:rocksmash",
      "tutor:scaryface",
      "tutor:scratch",
      "tutor:seismictoss",
      "tutor:skullbash",
      "tutor:slash",
      "tutor:sleeptalk",
      "tutor:smokescreen",
      "tutor:snore",
      "tutor:strength",
      "tutor:submission",
      "tutor:substitute",
      "tutor:sunnyday",
      "tutor:swagger",
      "tutor:swift",
      "tutor:swordsdance",
      "tutor:takedown",
      "tutor:toxic",
      "tutor:willowisp"
    ],
    "evolutions": [
        {
            "id": "cindrloon_pyrodactyl",
            "variant": "level_up",
            "result": "pyrodactyl",
            "consumeHeldItem": false,
            "learnableMoves": [],
            "requirements": [
                {
                    "variant": "level",
                    "minLevel": 16
                }
            ]
        }
      ],
    "pokedex": [
      "cobblemon.species.cindrloon.desc"
    ],
    "baseScale": 0.7,
    "hitbox": {
      "width": 1,
      "height": 1,
      "fixed": false
    },
    "baseFriendship": 50,
    "evYield": {
      "hp": 0,
      "attack": 1,
      "defence": 0,
      "special_attack": 0,
      "special_defence": 0,
      "speed": 0
    },
    "height": 8,
    "weight": 85,
    "aspects": [],
    "cannotDynamax": false
  }
  