{
    "implemented": true,
    "name": "Dandefluff",
    "nationalPokedexNumber": 6004,
    "primaryType": "grass",
    "abilities": [
      "overgrow",
      "h:fluffy"
    ],
    "baseStats": {
      "hp": 77,
      "attack": 37,
      "defence": 56,
      "special_attack": 86,
      "special_defence": 18,
      "speed": 39
    },
    "behaviour": {
      "resting": {
        "canSleep": true,
        "willSleepOnBed": true,
        "depth": "normal",
        "light": "0-4"
      },
      "moving": {
        "canLook": true,
          "fly": {
            "canFly": false
          },          
          "swim": {
            "swimSpeed": 0.2,
            "canSwimInWater": false,
            "canBreatheUnderwater": false
    }
  }
},
    "catchRate": 45,
    "maleRatio": 0.875,
    "shoulderMountable": true,
    "baseExperienceYield": 62,
    "experienceGroup": "medium_slow",
    "eggCycles": 20,
    "eggGroups": [
      "grass",
      "fairy"
    ],
    "moves": 
    [
     "1:tailwhip",
     "1:astonish",
     "3:endure",
     "6:absorb",
     "8:charm",
     "11:sleeppowder",
     "11:stunspore",
     "14:snaptrap",
     "16:fairywind",
     "20:substitute",
     "24:magicalleaf",
     "27:ingrain",
     "28:gigadrain",
     "30:reflect",
     "31:dazzlinggleam",
     "32:stockpile",
     "35:quiverdance",
     "37:selfdestruct",
     "41:swallow",
     "44:eggbomb",
     "46:airslash",
     "56:strengthsap",
     "69:strangesteam",
     "egg:cosmicpower",
     "egg:megadrain",
     "egg:lightscreen",
     "egg:reflect",
     "egg:grasswhistle",
     "egg:stockpile",
     "egg:swallow",
     "egg:spitup",
     "egg:peck",
     "tm:grassknot",
     "tm:solarbeam",
     "tm:attract",
     "tm:playnice",
     "tm:bodyslam",
     "tm:captivate",
     "tm:confide",
     "tm:fakeout",
     "tm:cut",
     "tm:doubleteam",
     "tm:falseswipe",
     "tm:leafblade",
     "tm:seedbomb",
     "tm:echoedvoice",
     "tm:endure",
     "tm:facade",
     "tm:frustration",
     "tm:glare",
     "tm:grasspledge",
     "tm:leaftornado",
     "tm:trailblaze",
     "tm:gigadrain",
     "tm:fling",
     "tm:rocksmash",
     "tm:frustration",
     "tm:sunnyday",
     "tm:hiddenpower",
     "tm:stomp",
     "tm:bulldoze",
     "tm:toxic",
     "tm:acid",
     "tm:bugbuzz",
     "tm:dazzlinggleam",
     "tm:protect",
     "tm:rest",
     "tm:return",
     "tm:round",
     "tm:scaryface",
     "tm:secretpower",
     "tm:slash",
     "tm:sleeptalk",
     "tm:snore",
     "tm:substitute",
     "tm:sunnyday",
     "tm:infestation",
     "tm:firstimpression",
     "tm:nastyplot",
     "tm:stompingtantrum",
     "tm:terablast",
     "tm:cottonguard",
     "tm:weatherball",
     "tm:yawn",
     "tm:flash",
     "tm:dig",
     "tutor:discharge",
     "tutor:charge",
     "tutor:attract",
     "tutor:cosmicpower",
     "tutor:bide",
     "tutor:hyperfang",
     "tutor:frenzyplant",
     "tutor:block",
     "tutor:bodyslam",
     "tutor:aurasphere",
     "tutor:celebrate",
     "tutor:counter",
     "tutor:mudsport",
     "tutor:cut",
     "tutor:defensecurl",
     "tutor:dig",
     "tutor:doubleedge",
     "tutor:doubleteam",
     "tutor:watersport",
     "tutor:lifedew",
     "tutor:sonicboom",
     "tutor:absorb",
     "tutor:endure",
     "tutor:facade",
     "tutor:falseswipe",
     "tutor:solarbeam",
     "tutor:grasspledge",
     "tutor:peck",
     "tutor:energyball",
     "tutor:frustration",
     "tutor:furycutter",
     "tutor:grassknot",
     "tutor:growl",
     "tutor:headbutt",
     "tutor:leaftornado",
     "tutor:hiddenpower",
     "tutor:howl",
     "tutor:leer",
     "tutor:metronome",
     "tutor:mudslap",
     "tutor:seedbomb",
     "tutor:protect",
     "tutor:quickattack",
     "tutor:extremespeed",
     "tutor:reflect",
     "tutor:rest",
     "tutor:return",
     "tutor:wish",
     "tutor:rocksmash",
     "tutor:scaryface",
     "tutor:pound",
     "tutor:seismictoss",
     "tutor:faketears",
     "tutor:slash",
     "tutor:sleeptalk",
     "tutor:amnesia",
     "tutor:snore",
     "tutor:strength",
     "tutor:endeavor",
     "tutor:substitute",
     "tutor:sunnyday",
     "tutor:doublehit",
     "tutor:swift",
     "tutor:nastyplot",
     "tutor:takedown",
     "tutor:toxic",
     "tutor:sweetkiss" 
    ],
    "evolutions": [
        {
            "id": "dandefluff_florion",
            "variant": "level_up",
            "result": "florion",
            "consumeHeldItem": false,
            "learnableMoves": [],
            "requirements": [
                {
                    "variant": "level",
                    "minLevel": 16
                }
            ]
        }
      ],
    "pokedex": [
      "cobblemon.species.dandefluff.desc"
    ],
    "baseScale": 0.7,
    "hitbox": {
      "width": 1,
      "height": 1,
      "fixed": false
    },
    "baseFriendship": 50,
    "evYield": {
      "hp": 0,
      "attack": 0,
      "defence": 0,
      "special_attack": 1,
      "special_defence": 0,
      "speed": 0
    },
    "height": 8,
    "weight": 95,
    "aspects": [],
    "cannotDynamax": false
  }
  