{
    "implemented": true,
    "name": "Sealifaux",
    "nationalPokedexNumber": 6008,
    "primaryType": "water",
    "abilities": [
      "torrent",
      "h:slushrush"
    ],
    "baseStats": {
      "hp": 92,
      "attack": 104,
      "defence": 33,
      "special_attack": 14,
      "special_defence": 87,
      "speed": 65
    },
    "behaviour": {
      "resting": {
        "canSleep": true,
        "willSleepOnBed": false,
        "depth": "normal",
        "light": "0-4"
      },
      "moving": {
        "canLook": true,
          "fly": {
            "canFly": false
          },          
          "swim": {
            "swimSpeed": 0.2,
            "canSwimInWater": true,
            "canBreatheUnderwater": false
    }
  }
},
    "catchRate": 45,
    "maleRatio": 0.875,
    "shoulderMountable": false,
    "baseExperienceYield": 162,
    "experienceGroup": "medium_slow",
    "eggCycles": 20,
    "eggGroups": [
      "water_1",
      "water_2"
    ],
    "moves": 
[ "1:block",
 "1:tackle",
 "3:bubble",
 "6:withdraw",
 "7:leer",
 "10:mist",
 "12:watersport",
 "14:iceball",
 "15:detect",
 "18:machpunch",
 "22:courtchange",
 "24:icepunch",
 "26:aquajet",
 "28:wakeupslap",
 "31:dive",
 "32:raindance",
 "35:drainpunch",
 "37:nobleroar",
 "41:liquidation",
 "45:avalanche",
 "49:hail",
 "56:icehammer",
 "62:surgingstrikes",
 "72:dynamicpunch",
 "82:waterspout",
 "90:bellydrum",
 "egg:defensecurl",
 "egg:recover",
 "egg:whirpool",
 "egg:aquaring",
 "egg:counter",
 "egg:iceshard",
 "egg:hail",
 "egg:bulletpunch",
 "egg:waterpulse",
 "egg:jetpunch",
 "egg:flail",
 "Tm:waterpulse",
 "tm:attract",
 "tm:bodyslam",
 "tm:captivate",
 "tm:confide",
 "tm:fakeout",
 "tm:cut",
 "tm:doubleteam",
 "tm:falseswipe",
 "tm:grasknot",
 "tm:liquidation",
 "tm:scald",
 "tm:endure",
 "tm:facade",
 "tm:detect",
 "tm:frustration",
 "tm:glare",
 "tm:waterpledge",
 "tm:razorshell",
 "tm:chillingwater",
 "tm:drainpunch",
 "tm:fling",
 "tm:rocksmash",
 "tm:frustration",
 "tm:raindance",
 "tm:hiddenpower",
 "tm:dizzypunch",
 "tm:doubleslap",
 "tm:haze",
 "tm:powdersnow",
 "tm:iciclecrash",
 "tm:protect",
 "tm:rest",
 "tm:return",
 "tm:icepunch",
 "tm:scaryface",
 "tm:secretpower",
 "tm:sleeptalk",
 "tm:snore",
 "tm:substitute",
 "tm:infestation",
 "tm:trickroom",
 "tm:psychup",
 "tm:vacuumwave",
 "tm:terablast",
 "tm:hail",
 "tm:weatherball",
 "tm:yawn",
 "tm:flash",
 "tm:dive",
 "tutor:beatup",
 "tutor:focusenergy",
 "tutor:attract",
 "tutor:ancientpower",
 "tutor:bide",
 "tutor:icefang",
 "tutor:block",
 "tutor:bodyslam",
 "tutor:stormthrow",
 "tutor:celebrate",
 "tutor:counter",
 "tutor:watersport",
 "tutor:cut",
 "tutor:defensecurl",
 "tutor:dive",
 "tutor:doubleedge",
 "tutor:doubleteam",
 "tutor:skullbash",
 "tutor:lifedew",
 "tutor:outrage",
 "tutor:drainpunch",
 "tutor:endure",
 "tutor:facade",
 "tutor:holdback",
 "tutor:hydropump",
 "tutor:waterpledge",
 "tutor:acrobatics",
 "tutor:grassknot",
 "tutor:frustration",
 "tutor:furycutter",
 "tutor:icehammer",
 "tutor:growl",
 "tutor:headbutt",
 "tutor:waterpulse",
 "tutor:hiddenpower",
 "tutor:howl",
 "tutor:leer",
 "tutor:metronome",
 "tutor:mudslap",
 "tutor:jetpunch",
 "tutor:protect",
 "tutor:quickattack",
 "tutor:lunge",
 "tutor:barrier",
 "tutor:rest",
 "tutor:return",
 "tutor:wish",
 "tutor:rocksmash",
 "tutor:scaryface",
 "tutor:pound",
 "tutor:seismictoss",
 "tutor:soak",
 "tutor:slash",
 "tutor:sleeptalk",
 "tutor:amnesia",
 "tutor:snore",
 "tutor:strength",
 "tutor:belch",
 "tutor:substitute",
 "tutor:blizzard",
 "tutor:doublehit",
 "tutor:swift",
 "tutor:workup",
 "tutor:takedown",
 "tutor:shadowpunch",
 "tutor:doubleslap" ],

    "preEvolution": "selkuddle",
    "evolutions": [
        {
            "id": "sealifaux_sealost",
            "variant": "level_up",
            "result": "sealost",
            "consumeHeldItem": false,
            "learnableMoves": [],
            "requirements": [
                {
                    "variant": "level",
                    "minLevel": 37
                }
            ]
        }
      ],
    "pokedex": [
      "cobblemon.species.sealifaux.desc"
    ],
    "baseScale": 0.8,
    "hitbox": {
      "width": 1.2,
      "height": 1.2,
      "fixed": false
    },
    "baseFriendship": 50,
    "evYield": {
      "hp": 0,
      "attack": 0,
      "defence": 0,
      "special_attack": 2,
      "special_defence": 0,
      "speed": 0
    },
    "height": 10,
    "weight": 245,
    "aspects": [],
    "cannotDynamax": false
  }
  