{
 "species": "cobblemon:maskylium",
 "order": 0,
 "variations": [
   {
     "aspects": [],
     "poser": "cobblemon:maskylium",
     "model": "cobblemon:maskylium.geo",
     "texture": "cobblemon:textures/pokemon/maskylium/maskylium.png",
     "layers": [
	         {
			}
		]
   },
   {
     "aspects": [
       "shiny"
     ],
     "texture": "cobblemon:textures/pokemon/maskylium/maskylium_shiny.png",
	 "layers": [
	 	         {
              "name": "emissive",
              "emissive": true,
              "texture": "cobblemon:textures/pokemon/maskylium/maskylium_shiny_emissive.png",
              "translucent": true
			}
		]
	}
 ]
}