{
	"format_version": "1.12.0",
	"minecraft:geometry": [
		{
			"description": {
				"identifier": "geometry.sahaquiel",
				"texture_width": 32,
				"texture_height": 32,
				"visible_bounds_width": 3,
				"visible_bounds_height": 2.5,
				"visible_bounds_offset": [0, 0.75, 0]
			},
			"bones": [
				{
					"name": "sahaquiel",
					"pivot": [0, 0, 0]
				},
				{
					"name": "body",
					"parent": "sahaquiel",
					"pivot": [0, 1, 0],
					"cubes": [
						{"origin": [-3, 0, -2], "size": [6, 2, 1], "uv": [0, 16]},
						{"origin": [-5, 0, -1], "size": [10, 2, 2], "uv": [0, 0]},
						{"origin": [-0.5, -0.01, -0.5], "size": [1, 0, 1], "uv": [-1, 26]},
						{"origin": [-3, 0, 1], "size": [6, 2, 1], "uv": [16, 4]}
					]
				},
				{
					"name": "eyeLashTop1",
					"parent": "body",
					"pivot": [2.5, 0, -2],
					"cubes": [
						{"origin": [2, 0, -4], "size": [1, 0, 2], "uv": [22, 16]}
					]
				},
				{
					"name": "eyeLashTop2",
					"parent": "body",
					"pivot": [0, 0, -2],
					"cubes": [
						{"origin": [-0.5, 0, -4], "size": [1, 0, 2], "uv": [12, 23]}
					]
				},
				{
					"name": "eyeLashTop3",
					"parent": "body",
					"pivot": [-2.5, 0, -2],
					"cubes": [
						{"origin": [-3, 0, -4], "size": [1, 0, 2], "uv": [18, 23]}
					]
				},
				{
					"name": "eyeLashBot1",
					"parent": "body",
					"pivot": [0, 0, 2],
					"cubes": [
						{"origin": [-0.5, 0, 2], "size": [1, 0, 2], "uv": [24, 7]}
					]
				},
				{
					"name": "eyeLashBot2",
					"parent": "body",
					"pivot": [2.5, 0, 2],
					"cubes": [
						{"origin": [2, 0, 2], "size": [1, 0, 2], "uv": [24, 2]}
					]
				},
				{
					"name": "eyeLashBot3",
					"parent": "body",
					"pivot": [-2.5, 0, 2],
					"cubes": [
						{"origin": [-3, 0, 2], "size": [1, 0, 2], "uv": [24, 0]}
					]
				},
				{
					"name": "leftArm",
					"parent": "body",
					"pivot": [5, 1, 0],
					"cubes": [
						{"origin": [5, 0.5, -0.5], "size": [3, 1, 1], "uv": [16, 21]}
					]
				},
				{
					"name": "leftHand",
					"parent": "leftArm",
					"pivot": [8, 1, 0],
					"cubes": [
						{"origin": [9, 0, -2], "size": [4, 2, 4], "uv": [0, 10]},
						{"origin": [7, 0, -2], "size": [1, 1, 1], "uv": [24, 11]},
						{"origin": [10.5, -0.01, -0.5], "size": [1, 0, 1], "uv": [-1, 27]},
						{"origin": [7, 0, 1], "size": [1, 1, 1], "uv": [24, 24]},
						{"origin": [8, 0, -1], "size": [1, 2, 2], "uv": [0, 22]}
					]
				},
				{
					"name": "leftFinger1",
					"parent": "leftHand",
					"pivot": [13, 1, -2],
					"cubes": [
						{"origin": [13, 0.5, -3], "size": [1, 1, 1], "uv": [24, 20]},
						{"origin": [13.5, 0.5, -4.5], "size": [2, 1, 2], "uv": [16, 7]}
					]
				},
				{
					"name": "leftFinger2",
					"parent": "leftHand",
					"pivot": [13, 1, 0],
					"cubes": [
						{"origin": [13, 0.5, -0.5], "size": [1, 1, 1], "uv": [16, 25]},
						{"origin": [13.5, 0.5, -1], "size": [2, 1, 2], "uv": [16, 13]}
					]
				},
				{
					"name": "leftFinger3",
					"parent": "leftHand",
					"pivot": [13, 1, 2],
					"cubes": [
						{"origin": [13, 0.5, 2], "size": [1, 1, 1], "uv": [24, 24]},
						{"origin": [13.5, 0.5, 2.5], "size": [2, 1, 2], "uv": [16, 10]}
					]
				},
				{
					"name": "rightArm",
					"parent": "body",
					"pivot": [-5, 1, 0],
					"cubes": [
						{"origin": [-8, 0.5, -0.5], "size": [3, 1, 1], "uv": [16, 21]}
					]
				},
				{
					"name": "rightHand",
					"parent": "rightArm",
					"pivot": [-8, 1, 0],
					"cubes": [
						{"origin": [-13, 0, -2], "size": [4, 2, 4], "uv": [0, 10]},
						{"origin": [-11.5, -0.01, -0.5], "size": [1, 0, 1], "uv": [-1, 27]},
						{"origin": [-9, 0, -1], "size": [1, 2, 2], "uv": [0, 22]},
						{"origin": [-8, 0, -2], "size": [1, 1, 1], "uv": [24, 11]},
						{"origin": [-8, 0, 1], "size": [1, 1, 1], "uv": [24, 13]}
					]
				},
				{
					"name": "rightFinger1",
					"parent": "rightHand",
					"pivot": [-13, 1, -2],
					"cubes": [
						{"origin": [-14, 0.5, -3], "size": [1, 1, 1], "uv": [24, 20]},
						{"origin": [-15.5, 0.5, -4.5], "size": [2, 1, 2], "uv": [16, 7]}
					]
				},
				{
					"name": "rightFinger2",
					"parent": "rightHand",
					"pivot": [-13, 1, 0],
					"cubes": [
						{"origin": [-14, 0.5, -0.5], "size": [1, 1, 1], "uv": [24, 22]},
						{"origin": [-15.5, 0.5, -1], "size": [2, 1, 2], "uv": [16, 10]}
					]
				},
				{
					"name": "rightFinger3",
					"parent": "rightHand",
					"pivot": [-13, 1, 2],
					"cubes": [
						{"origin": [-14, 0.5, 2], "size": [1, 1, 1], "uv": [24, 24]},
						{"origin": [-15.5, 0.5, 2.5], "size": [2, 1, 2], "uv": [16, 13]}
					]
				}
			]
		}
	]
}