{
	"format_version": "1.12.0",
	"minecraft:geometry": [
		{
			"description": {
				"identifier": "geometry.gible_male",
				"texture_width": 72,
				"texture_height": 72,
				"visible_bounds_width": 3,
				"visible_bounds_height": 3.5,
				"visible_bounds_offset": [0, 1.25, 0]
			},
			"bones": [
				{
					"name": "gible",
					"pivot": [0, 0, 0]
				},
				{
					"name": "body",
					"parent": "gible",
					"pivot": [0, 7.5, 1.5]
				},
				{
					"name": "torso",
					"parent": "body",
					"pivot": [0, 4, 2],
					"cubes": [
						{"origin": [0, 15, -7], "size": [0, 9, 15], "uv": [0, 46]},
						{"origin": [7, 11, -4], "size": [4, 4, 10], "uv": [40, 0]},
						{"origin": [-5, 9, -4], "size": [10, 6, 10], "uv": [0, 0]},
						{"origin": [-4, 3, 2], "size": [8, 5, 8], "inflate": 0.01, "uv": [0, 33]},
						{"origin": [-5, 7, -2], "size": [10, 8, 8], "inflate": 0.01, "pivot": [0, 15, 6], "rotation": [30, 0, 0], "uv": [22, 17]},
						{"origin": [-3.49, 9, -7.5], "size": [7, 6, 7], "inflate": 0.02, "pivot": [0, 12.5, -4], "rotation": [0, -45, 0], "uv": [28, 47]},
						{"origin": [3.86409, 8.5, -5.56066], "size": [0, 1, 1], "pivot": [3.88909, 9, -5.06066], "rotation": [-45, 45, 0], "uv": [0, 4]},
						{"origin": [2.44987, 8.5, -6.97487], "size": [0, 1, 1], "pivot": [2.47487, 9, -6.47487], "rotation": [-45, 45, 0], "uv": [4, 0]},
						{"origin": [-3.86409, 8.5, -5.56066], "size": [0, 1, 1], "pivot": [-3.88909, 9, -5.06066], "rotation": [-45, -45, 0], "uv": [4, 4]},
						{"origin": [-2.44987, 8.5, -6.97487], "size": [0, 1, 1], "pivot": [-2.47487, 9, -6.47487], "rotation": [-45, -45, 0], "uv": [0, 5]},
						{"origin": [5, 13, -2], "size": [2, 0, 6], "uv": [32, 33]},
						{"origin": [-7, 13, -2], "size": [2, 0, 6], "uv": [0, 0]},
						{"origin": [-11, 11, -4], "size": [4, 4, 10], "uv": [32, 33]}
					]
				},
				{
					"name": "jaw",
					"parent": "torso",
					"pivot": [0, 9, -1],
					"rotation": [52.5, 0, 0],
					"cubes": [
						{"origin": [-0.05025, 3, -3], "size": [5, 6, 3], "inflate": 0.001, "uv": [0, 16]},
						{"origin": [-4.94975, 3, -3], "size": [5, 6, 3], "inflate": 0.001, "uv": [50, 33]},
						{"origin": [-3.5, 3, -6.5], "size": [7, 6, 7], "pivot": [0, 7.5, -3], "rotation": [0, -45, 0], "uv": [0, 46]},
						{"origin": [-3.15698, 8.5, -5.26777], "size": [0, 1, 1], "pivot": [-3.18198, 9, -4.76777], "rotation": [-45, -45, 0], "uv": [0, 26]},
						{"origin": [3.15698, 8.5, -5.26777], "size": [0, 1, 1], "pivot": [3.18198, 9, -4.76777], "rotation": [-45, 45, 0], "uv": [0, 0]}
					]
				},
				{
					"name": "eye_left",
					"parent": "torso",
					"pivot": [2.85696, 11.375, -5.41775],
					"cubes": [
						{"origin": [2.345, 9.5, -3.25], "size": [1, 3, 2], "inflate": 0.2, "pivot": [0.025, 13, -4], "rotation": [0, 45, 0], "uv": [0, 46]},
						{"origin": [2.65, 9.8, -3.25], "size": [1, 3, 2], "inflate": -0.1, "pivot": [0.025, 13, -4], "rotation": [0, 45, 0], "uv": [0, 35]},
						{"origin": [2.56, 11.3, -2.75], "size": [1, 1, 1], "pivot": [0.025, 13, -4], "rotation": [0, 45, 0], "uv": [30, 2]}
					]
				},
				{
					"name": "eyelid_left",
					"parent": "eye_left",
					"pivot": [2.85696, 11.375, -5.31775],
					"cubes": [
						{"origin": [2.36, 9.5, -3.15], "size": [1, 3, 2], "inflate": 0.201, "pivot": [0.025, 13, -3.9], "rotation": [0, 45, 0], "uv": [43, 0]}
					]
				},
				{
					"name": "eye_right",
					"parent": "torso",
					"pivot": [-2.85696, 11.375, -5.41775],
					"cubes": [
						{"origin": [-3.345, 9.5, -3.25], "size": [1, 3, 2], "inflate": 0.2, "pivot": [-0.025, 13, -4], "rotation": [0, -45, 0], "uv": [0, 30]},
						{"origin": [-3.65, 9.8, -3.25], "size": [1, 3, 2], "inflate": -0.1, "pivot": [-0.025, 13, -4], "rotation": [0, -45, 0], "uv": [0, 5]},
						{"origin": [-3.56, 11.3, -2.75], "size": [1, 1, 1], "pivot": [-0.025, 13, -4], "rotation": [0, -45, 0], "uv": [30, 0]}
					]
				},
				{
					"name": "eyelid_right",
					"parent": "eye_right",
					"pivot": [-2.85696, 11.375, -5.31775],
					"cubes": [
						{"origin": [-3.36, 9.5, -3.15], "size": [1, 3, 2], "inflate": 0.201, "pivot": [-0.025, 13, -3.9], "rotation": [0, -45, 0], "uv": [0, 0]}
					]
				},
				{
					"name": "arm_left",
					"parent": "torso",
					"pivot": [4.5, 8.15, 2.25],
					"cubes": [
						{"origin": [3, 6.65, 0.75], "size": [7, 2, 3], "uv": [49, 47]}
					]
				},
				{
					"name": "finger_left",
					"parent": "arm_left",
					"pivot": [10, 7.4, 1.75],
					"rotation": [0, 15, 0],
					"cubes": [
						{"origin": [9, 7.4, 0.75], "size": [2, 0, 1], "uv": [16, 27]}
					]
				},
				{
					"name": "finger_left2",
					"parent": "arm_left",
					"pivot": [9.5, 7.9, 2.25],
					"cubes": [
						{"origin": [9, 7.4, 1.75], "size": [2, 0, 1], "uv": [16, 26]}
					]
				},
				{
					"name": "finger_left3",
					"parent": "arm_left",
					"pivot": [10, 7.4, 2.75],
					"rotation": [0, -15, 0],
					"cubes": [
						{"origin": [9, 7.4, 2.75], "size": [2, 0, 1], "uv": [16, 25]}
					]
				},
				{
					"name": "arm_right",
					"parent": "torso",
					"pivot": [-4.5, 8.15, 2.25],
					"cubes": [
						{"origin": [-10, 6.65, 0.75], "size": [7, 2, 3], "uv": [0, 25]}
					]
				},
				{
					"name": "finger_right",
					"parent": "arm_right",
					"pivot": [-10, 7.4, 1.75],
					"rotation": [0, -15, 0],
					"cubes": [
						{"origin": [-11, 7.4, 0.75], "size": [2, 0, 1], "uv": [5, 9]}
					]
				},
				{
					"name": "finger_right2",
					"parent": "arm_right",
					"pivot": [-9.5, 7.9, 2.25],
					"cubes": [
						{"origin": [-11, 7.4, 1.75], "size": [2, 0, 1], "uv": [5, 8]}
					]
				},
				{
					"name": "finger_right3",
					"parent": "arm_right",
					"pivot": [-10, 7.4, 2.75],
					"rotation": [0, 15, 0],
					"cubes": [
						{"origin": [-11, 7.4, 2.75], "size": [2, 0, 1], "uv": [5, 7]}
					]
				},
				{
					"name": "tail",
					"parent": "torso",
					"pivot": [0, 3, 9],
					"cubes": [
						{"origin": [-1.5, 3, 8], "size": [3, 4, 4], "uv": [24, 33]}
					]
				},
				{
					"name": "tail2",
					"parent": "tail",
					"pivot": [0, 5, 11.5],
					"cubes": [
						{"origin": [-1, 3.5, 11], "size": [2, 3, 4], "uv": [17, 17]}
					]
				},
				{
					"name": "leg_left",
					"parent": "body",
					"pivot": [4.5, 3.5, 4],
					"cubes": [
						{"origin": [3, 1, 1.5], "size": [4, 5, 5], "inflate": 0.001, "uv": [50, 14]}
					]
				},
				{
					"name": "foot_left",
					"parent": "leg_left",
					"pivot": [5, 1, 4],
					"cubes": [
						{"origin": [3.5, 0, 2], "size": [3, 2, 4], "uv": [58, 0]},
						{"origin": [3.5, 0, 1], "size": [3, 0, 1], "uv": [29, 16]}
					]
				},
				{
					"name": "leg_right",
					"parent": "body",
					"pivot": [-4.5, 3.5, 4],
					"cubes": [
						{"origin": [-7, 1, 1.5], "size": [4, 5, 5], "inflate": 0.001, "uv": [30, 0]}
					]
				},
				{
					"name": "foot_right",
					"parent": "leg_right",
					"pivot": [-5, 1, 4],
					"cubes": [
						{"origin": [-6.5, 0, 2], "size": [3, 2, 4], "uv": [21, 46]},
						{"origin": [-6.5, 0, 1], "size": [3, 0, 1], "uv": [3, 6]}
					]
				}
			]
		}
	]
}