{
  "species": "cobblemon:xuehu_max",
  "order": 0,
  "variations": [
    {
      "aspects": [],
      "poser": "cobblemon:xuehu_max",
      "model": "cobblemon:xuehu_max.geo",
      "texture": "cobblemon:textures/pokemon/xuehu_max/xuehu_max.png",
      "layers": [
        {
              "name": "emissive",
              "emissive": true,
              "texture": "cobblemon:textures/pokemon/xuehu_max/xuehu_max_emissive.png",
              "translucent": false
        }
      ]
    },
    {
      "aspects": [
        "shiny"
      ],
      "texture": "cobblemon:textures/pokemon/xuehu_max/xuehu_max_shiny.png",
      "layers": [
        {
              "name": "emissive",
              "emissive": true,
              "texture": "cobblemon:textures/pokemon/xuehu_max/xuehu_max_shiny_emissive.png",
              "translucent": false
        }
      ]
    }
  ]
}