{
	"format_version": "1.12.0",
	"minecraft:geometry": [
		{
			"description": {
				"identifier": "geometry.vegonk",
				"texture_width": 64,
				"texture_height": 64,
				"visible_bounds_width": 4,
				"visible_bounds_height": 3.5,
				"visible_bounds_offset": [0, 1.25, 0]
			},
			"bones": [
				{
					"name": "lechonk",
					"pivot": [0, 0, 0]
				},
				{
					"name": "body",
					"parent": "lechonk",
					"pivot": [0, 0, 0]
				},
				{
					"name": "torso",
					"parent": "body",
					"pivot": [0, 2, 3],
					"cubes": [
						{"origin": [-4, 1.5, -4.5], "size": [8, 8, 9], "uv": [0, 0]}
					]
				},
				{
					"name": "eye_right",
					"parent": "torso",
					"pivot": [0.25, -1.5, 0.5],
					"cubes": [
						{"origin": [-4, 3.25, -4.51], "size": [2, 3, 0], "uv": [18, 32]}
					]
				},
				{
					"name": "eye_big_right",
					"parent": "eye_right",
					"pivot": [0.25, -1.5, 0.5],
					"cubes": [
						{"origin": [-4, 6.25, -4.41], "size": [2, 1, 0], "uv": [22, 32]}
					]
				},
				{
					"name": "pupil_right",
					"parent": "eye_right",
					"pivot": [0.25, -1.5, 0.5],
					"cubes": [
						{"origin": [-3.5, 5.25, -4.52], "size": [1, 1, 0], "uv": [26, 32]}
					]
				},
				{
					"name": "eyelid_right",
					"parent": "eye_right",
					"pivot": [-2.9, 5.25, -3.92],
					"cubes": [
						{"origin": [-3.9, 4.25, -4.42], "size": [2, 2, 1], "inflate": 0.01, "uv": [12, 32]}
					]
				},
				{
					"name": "eye_left",
					"parent": "torso",
					"pivot": [-0.25, -1.5, 0.5],
					"cubes": [
						{"origin": [2, 3.25, -4.51], "size": [2, 3, 0], "uv": [32, 20]}
					]
				},
				{
					"name": "eye_big_left",
					"parent": "eye_left",
					"pivot": [-0.25, -1.5, 0.5],
					"cubes": [
						{"origin": [2, 6.25, -4.41], "size": [2, 1, 0], "uv": [12, 31]}
					]
				},
				{
					"name": "pupil_left",
					"parent": "eye_left",
					"pivot": [-0.25, -1.5, 0.5],
					"cubes": [
						{"origin": [2.5, 5.25, -4.52], "size": [1, 1, 0], "uv": [32, 27]}
					]
				},
				{
					"name": "eyelid_left",
					"parent": "eye_left",
					"pivot": [2.9, 5.25, -3.92],
					"cubes": [
						{"origin": [1.9, 4.25, -4.42], "size": [2, 2, 1], "inflate": 0.01, "uv": [32, 17]}
					]
				},
				{
					"name": "nose",
					"parent": "torso",
					"pivot": [0, 4.5, -5],
					"cubes": [
						{"origin": [-2.5, 2, -6], "size": [5, 2, 2], "uv": [0, 17]},
						{"origin": [-1.5, 3, -6.01], "size": [1, 2, 0], "pivot": [-0.75, 4.5, -6], "rotation": [0, 0, 5], "uv": [32, 23]},
						{"origin": [0.5, 3, -6.01], "size": [1, 2, 0], "pivot": [0.75, 4.5, -6], "rotation": [0, 0, -5], "uv": [32, 25]},
						{"origin": [-2, 4, -5.99], "size": [4, 2, 2], "uv": [14, 17]}
					]
				},
				{
					"name": "ear_right",
					"parent": "torso",
					"pivot": [-3, 9, -4.5],
					"rotation": [0, 75, 60],
					"cubes": [
						{"origin": [-3, 6.5, -6.5], "size": [0, 4, 2], "uv": [24, 26]}
					]
				},
				{
					"name": "ear_right2",
					"parent": "ear_right",
					"pivot": [-3, 9, -6.5],
					"rotation": [0, -30, 0],
					"cubes": [
						{"origin": [-3, 6.5, -8.5], "size": [0, 4, 2], "uv": [28, 26]}
					]
				},
				{
					"name": "ear_left",
					"parent": "torso",
					"pivot": [3, 9, -4.5],
					"rotation": [0, -70, -60],
					"cubes": [
						{"origin": [3, 6.5, -6.5], "size": [0, 4, 2], "uv": [16, 26]}
					]
				},
				{
					"name": "ear_left2",
					"parent": "ear_left",
					"pivot": [3, 9, -6.5],
					"rotation": [0, 30, 0],
					"cubes": [
						{"origin": [3, 6.5, -8.5], "size": [0, 4, 2], "uv": [20, 26]}
					]
				},
				{
					"name": "tail",
					"parent": "torso",
					"pivot": [0, 9.5, 0],
					"rotation": [90, -65, 0],
					"cubes": [
						{"origin": [0, 9, 0], "size": [0, 1, 4], "inflate": 0.01, "uv": [0, 26]}
					]
				},
				{
					"name": "tail2",
					"parent": "tail",
					"pivot": [0, 9, 4],
					"cubes": [
						{"origin": [0, 9, 4], "size": [0, 1, 3], "uv": [26, 17]}
					]
				},
				{
					"name": "tail3",
					"parent": "tail2",
					"pivot": [0, 9, 7],
					"cubes": [
						{"origin": [0, 9, 7], "size": [0, 1, 3], "inflate": 0.01, "uv": [0, 31]}
					]
				},
				{
					"name": "tail4",
					"parent": "tail3",
					"pivot": [0, 9, 10],
					"cubes": [
						{"origin": [0, 9, 10], "size": [0, 1, 3], "uv": [6, 31]}
					]
				},
				{
					"name": "tail5",
					"parent": "tail4",
					"pivot": [0, 9, 13],
					"cubes": [
						{"origin": [0, 9, 13], "size": [0, 1, 4], "inflate": 0.01, "uv": [8, 26]}
					]
				},
				{
					"name": "leg_back_right",
					"parent": "body",
					"pivot": [-2.75, 2, 2.5],
					"cubes": [
						{"origin": [-3.75, 0, 1.5], "size": [2, 3, 2], "uv": [24, 21]}
					]
				},
				{
					"name": "leg_back_left",
					"parent": "body",
					"pivot": [2.75, 2, 2.5],
					"cubes": [
						{"origin": [1.75, 0, 1.5], "size": [2, 3, 2], "uv": [16, 21]}
					]
				},
				{
					"name": "leg_front_left",
					"parent": "body",
					"pivot": [2.75, 2, -2.75],
					"cubes": [
						{"origin": [1.75, 0, -3.75], "size": [2, 3, 2], "uv": [0, 21]}
					]
				},
				{
					"name": "leg_front_right",
					"parent": "body",
					"pivot": [-2.75, 2, -2.75],
					"cubes": [
						{"origin": [-3.75, 0, -3.75], "size": [2, 3, 2], "uv": [8, 21]}
					]
				}
			]
		}
	]
}