{
	"format_version": "1.8.0",
	"animations": {
		"animation.scuta.new": {
			"loop": true,
			"bones": {
				"body": {
					"rotation": [7.89033, -3.73171, -11.93845]
				},
				"middleleg_L": {
					"rotation": [0, 32.5, 35]
				},
				"middleleg_R": {
					"rotation": [0, 25, -30]
				},
				"tail": {
					"rotation": [32.5, 0, 0]
				},
				"finL": {
					"rotation": [45, 0, 0]
				},
				"finR": {
					"rotation": [37.5, 0, 0]
				},
				"clawL": {
					"rotation": [4.83045, 1.29256, -14.94548]
				},
				"clawR": {
					"rotation": [-12.5, 0, 12.5]
				}
			}
		},
		"animation.scuta.ground_idle": {
			"loop": true,
			"animation_length": 2,
			"bones": {
				"body": {
					"rotation": ["-5+math.sin(q.anim_time*90*2+90)*1", 0, 0],
					"position": [0, -1.5, 0]
				},
				"elytra_R": {
					"position": [0, 0, 0]
				},
				"wing_R": {
					"rotation": [0, 0, 90],
					"position": [0, 1, 0]
				},
				"elytra_L": {
					"position": [0, 0, 0]
				},
				"wing_L": {
					"rotation": [0, 0, -90],
					"position": [0, 1, 0]
				},
				"tail": {
					"rotation": ["0-math.sin(q.anim_time*90*2+90)*3", 0, 0]
				},
				"finL": {
					"rotation": ["0+math.sin(q.anim_time*90*2)*5", 0, 0]
				},
				"finR": {
					"rotation": ["0-math.sin(q.anim_time*90*2)*5", 0, 0]
				},
				"clawL": {
					"rotation": ["-61.0686-math.sin(q.anim_time*90*2+90)*2", -29.91193, -23.75529],
					"position": [0, -0.5, 1]
				},
				"clawR": {
					"rotation": ["-61.0686-math.sin(q.anim_time*90*2+90)*2", 29.91193, 23.75529],
					"position": [0, -0.5, 1]
				},
				"head": {
					"rotation": ["10+math.sin(q.anim_time*90*2)*2", 0, 0]
				},
				"eye_R": {
					"rotation": ["0+math.sin(q.anim_time*90*2-90)*2", 0, 0]
				},
				"eye_L": {
					"rotation": ["0+math.sin(q.anim_time*90*2-90)*2", 0, 0]
				}
			}
		},
		"animation.scuta.ground_walk": {
			"loop": true,
			"animation_length": 2,
			"bones": {
				"body": {
					"rotation": [-5, "math.sin(q.anim_time*90*2)*2", "math.sin(q.anim_time*90*4)*3"],
					"position": ["0+math.sin(q.anim_time*90*2+90)*0.5", -1.5, 0]
				},
				"wing_R": {
					"rotation": [0, 0, 90],
					"position": [0, 1, 0]
				},
				"wing_L": {
					"rotation": [0, 0, -90],
					"position": [0, 1, 0]
				},
				"middleleg_L": {
					"rotation": [5, "-math.sin(q.anim_time*90*4)*10", "-math.sin(q.anim_time*90*4)*6"],
					"position": [1, 0.25, 0]
				},
				"middleleg_R": {
					"rotation": [5, "NaN-math.sin(q.anim_time*90*4)*10", "NaN-math.sin(q.anim_time*90*4)*6"],
					"position": [-1, 0.25, 0]
				},
				"tail": {
					"rotation": [0, "0-math.sin(q.anim_time*90*4)*5", 0]
				},
				"finL": {
					"rotation": ["0+math.sin(q.anim_time*90*8)*3", 0, 0]
				},
				"finR": {
					"rotation": ["0-math.sin(q.anim_time*90*8)*3", 0, 0]
				},
				"clawL": {
					"rotation": [-95, -15, 0],
					"position": [1.25, "-1+math.clamp(math.sin(q.anim_time*90*4+180)*1,0,1)", "1.5+math.sin(q.anim_time*90*4+90+180)*1"]
				},
				"clawR": {
					"rotation": [-95, 15, 0],
					"position": [-1.25, "-1+math.clamp(math.sin(q.anim_time*90*4)*1,0,1)", "1.5+math.sin(q.anim_time*90*4+90)*1"]
				},
				"head": {
					"rotation": ["5+math.sin(q.anim_time*90*8-90)*2", 0, "math.sin(q.anim_time*90*4+90)*3"]
				},
				"eye_R": {
					"rotation": ["0+math.sin(q.anim_time*90*4)*2", 0, 0]
				},
				"eye_L": {
					"rotation": ["0-math.sin(q.anim_time*90*4)*2", 0, 0]
				}
			}
		},
		"animation.scuta.water_idle": {
			"loop": true,
			"animation_length": 2,
			"bones": {
				"body": {
					"rotation": ["-5+math.sin(q.anim_time*90*2+90)*2", 0, 0],
					"position": [0, "0+math.sin(q.anim_time*90*2)*0.3", 0]
				},
				"tail": {
					"rotation": ["0-math.sin(q.anim_time*90*2)*10", 0, 0]
				},
				"finL": {
					"rotation": ["0+math.sin(q.anim_time*90*8)*10", 0, 0]
				},
				"finR": {
					"rotation": ["0-math.sin(q.anim_time*90*8)*10", 0, 0]
				},
				"clawL": {
					"rotation": ["-40+math.sin(q.anim_time*90*2)*6", -45, 0],
					"position": [0, 0, 0.5]
				},
				"clawR": {
					"rotation": ["-40+math.sin(q.anim_time*90*2)*6", 45, 0],
					"position": [0, 0, 0.5]
				},
				"head": {
					"rotation": ["10+math.sin(q.anim_time*90*2)*3", 0, 0]
				},
				"eye_R": {
					"rotation": ["0+math.sin(q.anim_time*90*2-90)*3", 0, 0]
				},
				"eye_L": {
					"rotation": ["0+math.sin(q.anim_time*90*2-90)*3", 0, 0]
				}
			}
		},
		"animation.scuta.water_swim": {
			"loop": true,
			"animation_length": 2,
			"bones": {
				"body": {
					"rotation": ["0+math.sin(q.anim_time*90*4-90)*4", "0+math.sin(q.anim_time*90*8)*10", 0],
					"position": ["0+math.sin(q.anim_time*90*8+90)*2", "0+math.sin(q.anim_time*90*4)*0.5", 0]
				},
				"elytra_R": {
					"rotation": [30, "30+math.sin(q.anim_time*90*8-90)*10", 0]
				},
				"wing_R": {
					"rotation": [-17.5, "-10+math.sin(q.anim_time*90*32)*10-math.sin(q.anim_time*90*8-90)*10", 0],
					"position": [2, 0, 0]
				},
				"elytra_L": {
					"rotation": [30, "-30+math.sin(q.anim_time*90*8-90)*10", 0]
				},
				"wing_L": {
					"rotation": [-17.5, "10-math.sin(q.anim_time*90*32)*10-math.sin(q.anim_time*90*8-90)*10", 0],
					"position": [-2, 0, 0]
				},
				"finL": {
					"rotation": ["0+math.sin(q.anim_time*90*32-90)*30", "0+math.sin(q.anim_time*90*32)*20", 0]
				},
				"finR": {
					"rotation": ["0-math.sin(q.anim_time*90*32-90)*30", "0+math.sin(q.anim_time*90*32)*20", 0]
				},
				"clawL": {
					"rotation": [41.57337, -19.05681, 20.20848],
					"position": [0.5, -0.25, -0.25]
				},
				"clawR": {
					"rotation": [41.57337, 19.05681, -20.20848],
					"position": [-0.5, -0.25, -0.25]
				},
				"head": {
					"rotation": [5, 0, 0]
				}
			}
		},
		"animation.scuta.battle_idle": {
			"loop": true,
			"animation_length": 1,
			"bones": {
				"body": {
					"rotation": ["5+math.sin(q.anim_time*90*4+90)*1", 0, 0],
					"position": [0, -1.25, 0]
				},
				"elytra_R": {
					"rotation": ["20+math.sin(q.anim_time*90*4)*5", 30, 0],
					"position": [0, 0, 0]
				},
				"wing_R": {
					"rotation": ["math.sin(q.anim_time*90*64)*20*math.sin(q.anim_time*90*2)*1", 2.5, 90],
					"position": [0, 1, 0]
				},
				"elytra_L": {
					"rotation": ["20+math.sin(q.anim_time*90*4)*5", -30, 0],
					"position": [0, 0, 0]
				},
				"wing_L": {
					"rotation": ["math.sin(q.anim_time*90*64)*20*math.sin(q.anim_time*90*2+90)*1", -2.5, -90],
					"position": [0, 1, 0]
				},
				"middleleg_L": {
					"rotation": [0, 0, "10+math.sin(q.anim_time*90*4+90)*1"]
				},
				"middleleg_R": {
					"rotation": [0, 0, "-10-math.sin(q.anim_time*90*4+90)*1"]
				},
				"tail": {
					"rotation": ["-25-math.sin(q.anim_time*90*4+90)*3", 0, 0]
				},
				"finL": {
					"rotation": ["-10+math.sin(q.anim_time*90*4)*5", 0, 0]
				},
				"finR": {
					"rotation": ["-10-math.sin(q.anim_time*90*4)*5", 0, 0]
				},
				"clawL": {
					"rotation": ["-66.4553-math.sin(q.anim_time*90*4+90)*2", -31.81666, -20.98998],
					"position": [0, -0.5, 1]
				},
				"clawR": {
					"rotation": ["-66.4553-math.sin(q.anim_time*90*4+90)*2", 31.81666, 20.98998],
					"position": [0, -0.5, 1]
				},
				"head": {
					"rotation": ["-5+math.sin(q.anim_time*90*4)*2", 0, 0]
				},
				"eye_R": {
					"rotation": ["-37.5+math.sin(q.anim_time*90*4-90)*2", 0, 0],
					"position": [-0.25, -0.25, 0]
				},
				"eye_L": {
					"rotation": ["-37.5+math.sin(q.anim_time*90*4-90)*2", 0, 0],
					"position": [0.25, -0.25, 0]
				}
			}
		},
		"animation.scuta.physical_attack": {
			"animation_length": 1.75,
			"bones": {
				"body": {
					"rotation": {
						"0.0": [6, 0, 0],
						"0.125": {
							"pre": [-31.5, 0, 0],
							"post": [-31.5, 0, 0],
							"lerp_mode": "catmullrom"
						},
						"0.25": [6, 0, 0],
						"0.5417": [18.5, 0, 0],
						"0.6667": [6, 0, 0],
						"0.75": {
							"pre": ["-16.5+math.sin(q.anim_time*90*16+90)*5", 0, "0+math.sin(q.anim_time*90*8)*15"],
							"post": ["-16.5+math.sin(q.anim_time*90*16+90)*5", 0, "0+math.sin(q.anim_time*90*8)*15"],
							"lerp_mode": "catmullrom"
						},
						"1.5417": {
							"post": ["16+math.sin(q.anim_time*90*16+90)*5", 0, "0+math.sin(q.anim_time*90*8)*15"],
							"lerp_mode": "catmullrom"
						},
						"1.6667": [6, 0, 0]
					},
					"position": {
						"0.0": [0, -1.25, 0],
						"0.125": {
							"pre": [0, 2.75, 4.5],
							"post": [0, 2.75, 4.5],
							"lerp_mode": "catmullrom"
						},
						"0.25": [0, -1.25, 9],
						"0.5417": [0, -1.25, 10],
						"0.6667": {
							"pre": [0, 3.25, 0],
							"post": [0, 3.25, 0],
							"lerp_mode": "catmullrom"
						},
						"0.75": {
							"post": [0, 3.25, -1],
							"lerp_mode": "catmullrom"
						},
						"1.5417": {
							"post": [0, 0.25, 0],
							"lerp_mode": "catmullrom"
						},
						"1.6667": [0, -1.25, 0]
					}
				},
				"elytra_R": {
					"rotation": {
						"0.0": [20, 30, 0],
						"0.6667": [20, 30, 0],
						"0.75": {
							"pre": [58.95658, 24.1782, 18.32252],
							"post": [58.95658, 24.1782, 18.32252],
							"lerp_mode": "catmullrom"
						},
						"1.5417": {
							"post": [58.95658, 24.1782, 18.32252],
							"lerp_mode": "catmullrom"
						},
						"1.6667": [20, 30, 0]
					},
					"position": {
						"0.0": [0, 0, 0],
						"0.6667": [0, 0, 0],
						"0.75": {
							"pre": [0, 0, 0],
							"post": [0, 0, 0],
							"lerp_mode": "catmullrom"
						},
						"1.5417": {
							"post": [0, 0, 0],
							"lerp_mode": "catmullrom"
						},
						"1.6667": [0, 0, 0]
					}
				},
				"wing_R": {
					"rotation": {
						"0.0": ["math.sin(q.anim_time*90*64)*40*math.sin(q.anim_time*90*2)*1", 2.5, 90],
						"0.6667": ["math.sin(q.anim_time*90*64)*40*math.sin(q.anim_time*90*2)*1", 2.5, 90],
						"1.6667": ["math.sin(q.anim_time*90*64)*40*math.sin(q.anim_time*90*2)*1", 2.5, 90],
						"1.75": [0, 2.5, 90]
					},
					"position": {
						"0.0": [0, 1, 0],
						"0.6667": [0, 1, 0],
						"1.6667": [0, 1, 0],
						"1.75": [0, 1, 0]
					}
				},
				"elytra_L": {
					"rotation": {
						"0.0": [20, -30, 0],
						"0.6667": [20, -30, 0],
						"0.75": {
							"pre": [58.95658, -24.1782, -18.32252],
							"post": [58.95658, -24.1782, -18.32252],
							"lerp_mode": "catmullrom"
						},
						"1.5417": {
							"post": [58.95658, -24.1782, -18.32252],
							"lerp_mode": "catmullrom"
						},
						"1.6667": [20, -30, 0]
					},
					"position": {
						"0.0": [0, 0, 0],
						"0.6667": [0, 0, 0],
						"0.75": {
							"pre": [0, 0, 0],
							"post": [0, 0, 0],
							"lerp_mode": "catmullrom"
						},
						"1.5417": {
							"post": [0, 0, 0],
							"lerp_mode": "catmullrom"
						},
						"1.6667": [0, 0, 0]
					}
				},
				"wing_L": {
					"rotation": {
						"0.0": ["math.sin(q.anim_time*90*64)*40*math.sin(q.anim_time*90*2)*1", -2.5, -90],
						"0.6667": ["math.sin(q.anim_time*90*64)*40*math.sin(q.anim_time*90*2)*1", -2.5, -90],
						"1.6667": ["math.sin(q.anim_time*90*64)*40*math.sin(q.anim_time*90*2)*1", -2.5, -90],
						"1.75": [0, -2.5, -90]
					},
					"position": {
						"0.0": [0, 1, 0],
						"0.6667": [0, 1, 0],
						"1.6667": [0, 1, 0],
						"1.75": [0, 1, 0]
					}
				},
				"middleleg_L": {
					"rotation": {
						"0.0": [0, 0, 11],
						"0.125": [0, 0, 46],
						"0.25": [0, 0, 46],
						"0.5417": [0, 0, 11],
						"0.6667": [0, 0, 11],
						"0.75": [14.78217, -2.57594, 20.6658]
					}
				},
				"middleleg_R": {
					"rotation": {
						"0.0": [0, 0, -11],
						"0.125": [0, 0, -46],
						"0.25": [0, 0, -46],
						"0.5417": [0, 0, -11],
						"0.6667": [0, 0, -11],
						"0.75": [14.78217, 2.57594, -20.6658]
					}
				},
				"tail": {
					"rotation": {
						"0.0": [-28, 0, 0],
						"0.1667": {
							"pre": [24.5, 0, 0],
							"post": [24.5, 0, 0],
							"lerp_mode": "catmullrom"
						},
						"0.6667": [-28, 0, 0]
					}
				},
				"finL": {
					"rotation": {
						"0.0": [0, 0, 0],
						"0.7917": ["0+math.sin(q.anim_time*90*32-90)*30", "0+math.sin(q.anim_time*90*32)*20", 0],
						"1.5": ["0+math.sin(q.anim_time*90*32-90)*30", "0+math.sin(q.anim_time*90*32)*20", 0],
						"1.6667": [0, 0, 0]
					}
				},
				"finR": {
					"rotation": {
						"0.0": [0, 0, 0],
						"0.7917": ["0-math.sin(q.anim_time*90*32-90)*30", "0+math.sin(q.anim_time*90*32)*20", 0],
						"1.5": ["0-math.sin(q.anim_time*90*32-90)*30", "0+math.sin(q.anim_time*90*32)*20", 0],
						"1.6667": [0, 0, 0]
					}
				},
				"clawL": {
					"rotation": {
						"0.0": [-68.4553, -31.81666, -20.98998],
						"0.6667": [-68.4553, -31.81666, -20.98998],
						"0.75": {
							"pre": [-135, -30, 90],
							"post": [-135, -30, 90],
							"lerp_mode": "catmullrom"
						},
						"0.8333": ["-135-math.sin(q.anim_time*90*16-90)*30", -30, 90],
						"1.5417": ["-135-math.sin(q.anim_time*90*16-90)*30", -30, 90],
						"1.5833": {
							"pre": [-135, -30, 90],
							"post": [-135, -30, 90],
							"lerp_mode": "catmullrom"
						},
						"1.6667": [-68.4553, -31.81666, -20.98998]
					},
					"position": {
						"0.0": [0, -0.5, 1],
						"0.6667": [0, -0.5, 1],
						"0.75": {
							"pre": [0, 0, 0],
							"post": [0, 0, 0],
							"lerp_mode": "catmullrom"
						},
						"0.8333": [0, 0, 0],
						"1.5417": [0, 0, 0],
						"1.5833": {
							"pre": [0, 0, 0],
							"post": [0, 0, 0],
							"lerp_mode": "catmullrom"
						},
						"1.6667": [0, -0.5, 1]
					}
				},
				"clawR": {
					"rotation": {
						"0.0": [-68.4553, 31.81666, 20.98998],
						"0.6667": [-68.4553, 31.81666, 20.98998],
						"0.75": {
							"pre": [-135, 30, -90],
							"post": [-135, 30, -90],
							"lerp_mode": "catmullrom"
						},
						"0.8333": ["-135-math.sin(q.anim_time*90*16-90)*30", 30, -90],
						"1.5417": ["-135-math.sin(q.anim_time*90*16-90)*30", 30, -90],
						"1.5833": {
							"pre": [-135, 30, -90],
							"post": [-135, 30, -90],
							"lerp_mode": "catmullrom"
						},
						"1.6667": [-68.4553, 31.81666, 20.98998]
					},
					"position": {
						"0.0": [0, -0.5, 1],
						"0.6667": [0, -0.5, 1],
						"0.75": {
							"pre": [0, 0, 0],
							"post": [0, 0, 0],
							"lerp_mode": "catmullrom"
						},
						"0.8333": [0, 0, 0],
						"1.5417": [0, 0, 0],
						"1.5833": {
							"pre": [0, 0, 0],
							"post": [0, 0, 0],
							"lerp_mode": "catmullrom"
						},
						"1.6667": [0, -0.5, 1]
					}
				},
				"head": {
					"rotation": {
						"0.0": [-5, 0, 0],
						"0.1667": {
							"pre": [22.5, 0, 0],
							"post": [22.5, 0, 0],
							"lerp_mode": "catmullrom"
						},
						"0.2917": {
							"post": [-5.83, 0, 0],
							"lerp_mode": "catmullrom"
						},
						"0.5417": [-17.91, 0, 0],
						"0.6667": {
							"pre": [5, 0, 0],
							"post": [5, 0, 0],
							"lerp_mode": "catmullrom"
						},
						"0.75": {
							"post": [5, 0, 0],
							"lerp_mode": "catmullrom"
						},
						"0.8333": ["5-math.sin(q.anim_time*90*16)*15", 0, 0],
						"1.5417": ["-25-math.sin(q.anim_time*90*16)*15", 0, 0],
						"1.5833": {
							"pre": [-20, 0, 0],
							"post": [-20, 0, 0],
							"lerp_mode": "catmullrom"
						},
						"1.6667": [-5, 0, 0]
					},
					"position": {
						"0.0": [0, 0, 0],
						"0.6667": {
							"pre": [0, 0, 0],
							"post": [0, 0, 0],
							"lerp_mode": "catmullrom"
						},
						"0.75": {
							"post": [0, 0, 0],
							"lerp_mode": "catmullrom"
						},
						"0.8333": [0, 0, 0],
						"1.5417": [0, 0, 0],
						"1.5833": {
							"pre": [0, 0, 0],
							"post": [0, 0, 0],
							"lerp_mode": "catmullrom"
						},
						"1.6667": [0, 0, 0]
					}
				},
				"lowerjaw": {
					"rotation": {
						"0.0": [0, 0, 0],
						"0.125": [45, 0, 0],
						"0.25": [0, 0, 0],
						"0.6667": [0, 0, 0],
						"0.75": {
							"pre": [35, 0, 0],
							"post": [35, 0, 0],
							"lerp_mode": "catmullrom"
						},
						"0.8333": ["35+math.sin(q.anim_time*90*16)*25", 0, 0],
						"1.5417": ["35+math.sin(q.anim_time*90*16)*25", 0, 0],
						"1.5833": {
							"pre": [35, 0, 0],
							"post": [35, 0, 0],
							"lerp_mode": "catmullrom"
						},
						"1.6667": [0, 0, 0]
					},
					"position": {
						"0.0": [0, 0, 0],
						"0.6667": [0, 0, 0],
						"0.75": {
							"pre": [0, 0, 0],
							"post": [0, 0, 0],
							"lerp_mode": "catmullrom"
						},
						"0.8333": [0, 0, 0],
						"1.5417": [0, 0, 0],
						"1.5833": {
							"pre": [0, 0, 0],
							"post": [0, 0, 0],
							"lerp_mode": "catmullrom"
						},
						"1.6667": [0, 0, 0]
					}
				},
				"eye_R": {
					"rotation": {
						"0.0": [-39.5, 0, 0],
						"0.6667": [-39.5, 0, 0]
					},
					"position": {
						"0.0": [-0.25, -0.25, 0],
						"0.6667": [-0.25, -0.25, 0]
					}
				},
				"pupil_R": {
					"scale": {
						"0.0": [1, 1, 1],
						"0.375": [1, 1, 1],
						"0.4167": [1, 1, 0.5],
						"1.5417": [1, 1, 0.5],
						"1.6667": [1, 1, 1]
					}
				},
				"eye_L": {
					"rotation": {
						"0.0": [-39.5, 0, 0],
						"0.6667": [-39.5, 0, 0]
					},
					"position": {
						"0.0": [0.25, -0.25, 0],
						"0.6667": [0.25, -0.25, 0]
					}
				},
				"pupil_L": {
					"scale": {
						"0.0": [1, 1, 1],
						"0.375": [1, 1, 1],
						"0.4167": [1, 1, 0.5],
						"1.5417": [1, 1, 0.5],
						"1.6667": [1, 1, 1]
					}
				},
				"eyelid_R": {
					"scale": 0
				},
				"eyelid_L": {
					"scale": 0
				}
			}
		},
		"animation.scuta.special_attack": {
			"animation_length": 2.5,
			"bones": {
				"body": {
					"rotation": {
						"0.0": [6, 0, 0],
						"0.2083": {
							"pre": [-36.5, 0, 0],
							"post": [-36.5, 0, 0],
							"lerp_mode": "catmullrom"
						},
						"0.7917": [-41.5, 0, 0],
						"0.9167": {
							"pre": [-49, 0, 0],
							"post": [-49, 0, 0],
							"lerp_mode": "catmullrom"
						},
						"1.1667": [-36.5, 0, 0],
						"1.25": [-36.5, 0, 0],
						"1.375": {
							"pre": [-49, 0, 0],
							"post": [-49, 0, 0],
							"lerp_mode": "catmullrom"
						},
						"1.6667": [-36.5, 0, 0],
						"1.75": [-36.5, 0, 0],
						"1.875": {
							"pre": [-49, 0, 0],
							"post": [-49, 0, 0],
							"lerp_mode": "catmullrom"
						},
						"2.0": [-36.5, 0, 0],
						"2.1667": [-36.5, 0, 0],
						"2.375": [6, 0, 0]
					},
					"position": {
						"0.0": [0, -1.25, 0],
						"0.2083": {
							"pre": [0, 1.75, 1],
							"post": [0, 1.75, 1],
							"lerp_mode": "catmullrom"
						},
						"0.7917": [0, 1.75, 1],
						"0.9167": {
							"pre": [0, 1.75, 2],
							"post": [0, 1.75, 2],
							"lerp_mode": "catmullrom"
						},
						"1.1667": [0, 1.75, 1],
						"1.25": [0, 1.75, 1],
						"1.375": {
							"pre": [0, 1.75, 2],
							"post": [0, 1.75, 2],
							"lerp_mode": "catmullrom"
						},
						"1.6667": [0, 1.75, 1],
						"1.75": [0, 1.75, 1],
						"1.875": {
							"pre": [0, 1.75, 2],
							"post": [0, 1.75, 2],
							"lerp_mode": "catmullrom"
						},
						"2.0": [0, 1.75, 1],
						"2.1667": [0, 1.75, 1],
						"2.375": [0, -1.25, 0]
					}
				},
				"elytra_R": {
					"rotation": {
						"0.125": [20, 30, 0],
						"0.2917": [0, 0, 0],
						"2.1667": [0, 0, 0],
						"2.375": [20, 30, 0]
					},
					"position": {
						"0.125": [0, 0, 0],
						"0.2917": [0, 0, 0],
						"2.1667": [0, 0, 0],
						"2.375": [0, 0, 0]
					}
				},
				"wing_R": {
					"rotation": {
						"0.125": [0, 2.5, 90],
						"0.2917": {
							"pre": [0, 0, -90],
							"post": [0, 0, -90],
							"lerp_mode": "catmullrom"
						},
						"2.1667": {
							"post": [0, 0, -90],
							"lerp_mode": "catmullrom"
						},
						"2.375": [0, 2.5, 90]
					},
					"position": {
						"0.125": [0, 1, 0],
						"0.2917": {
							"pre": [0, 1, 0],
							"post": [0, 1, 0],
							"lerp_mode": "catmullrom"
						},
						"2.1667": {
							"post": [0, 1, 0],
							"lerp_mode": "catmullrom"
						},
						"2.375": [0, 1, 0]
					}
				},
				"elytra_L": {
					"rotation": {
						"0.125": [20, -30, 0],
						"0.2917": [0, 0, 0],
						"2.1667": [0, 0, 0],
						"2.375": [20, -30, 0]
					},
					"position": {
						"0.125": [0, 0, 0],
						"0.2917": [0, 0, 0],
						"2.1667": [0, 0, 0],
						"2.375": [0, 0, 0]
					}
				},
				"wing_L": {
					"rotation": {
						"0.125": [0, -2.5, -90],
						"0.2917": {
							"pre": [0, 0, -90],
							"post": [0, 0, -90],
							"lerp_mode": "catmullrom"
						},
						"2.1667": {
							"post": [0, 0, -90],
							"lerp_mode": "catmullrom"
						},
						"2.375": [0, -2.5, -90]
					},
					"position": {
						"0.125": [0, 1, 0],
						"0.2917": {
							"pre": [0, 1, 0],
							"post": [0, 1, 0],
							"lerp_mode": "catmullrom"
						},
						"2.1667": {
							"post": [0, 1, 0],
							"lerp_mode": "catmullrom"
						},
						"2.375": [0, 1, 0]
					}
				},
				"middleleg_L": {
					"rotation": {
						"0.0": [0, 0, 11],
						"0.25": [26.341, -23.92746, 39.32269],
						"2.2917": [26.34, -23.93, 39.32],
						"2.5": [0, 0, 11]
					}
				},
				"middleleg_R": {
					"rotation": {
						"0.0": [0, 0, -11],
						"0.25": [26.341, 23.92746, -39.32269],
						"2.2917": [26.34, 23.93, -39.32],
						"2.5": [0, 0, -11]
					}
				},
				"tail": {
					"rotation": {
						"0.0": [-28, 0, 0],
						"2.2917": [-28, 0, 0],
						"2.5": [-28, 0, 0]
					}
				},
				"finL": {
					"rotation": {
						"0.0": [-10, 0, 0],
						"0.2083": {
							"pre": [40.87898, -3.60449, 12.43707],
							"post": [40.87898, -3.60449, 12.43707],
							"lerp_mode": "catmullrom"
						},
						"2.1667": {
							"post": [40.87898, -3.60449, 12.43707],
							"lerp_mode": "catmullrom"
						},
						"2.4167": [-10, 0, 0]
					}
				},
				"finR": {
					"rotation": {
						"0.0": [-10, 0, 0],
						"0.2083": {
							"pre": [40.87898, 3.60449, -12.43707],
							"post": [40.87898, 3.60449, -12.43707],
							"lerp_mode": "catmullrom"
						},
						"2.1667": {
							"post": [40.87898, 3.60449, -12.43707],
							"lerp_mode": "catmullrom"
						},
						"2.4167": [-10, 0, 0]
					}
				},
				"clawL": {
					"rotation": {
						"0.0": [-68.4553, -31.81666, -20.98998],
						"0.1667": {
							"pre": [-48.59747, -25.10691, 13.89097],
							"post": [-48.59747, -25.10691, 13.89097],
							"lerp_mode": "catmullrom"
						},
						"0.4167": [28.83144, -21.75204, 31.33144],
						"2.1667": [28.83, -21.75, 31.33],
						"2.375": [-68.4553, -31.81666, -20.98998]
					},
					"position": {
						"0.0": [0, -0.5, 1],
						"0.4167": [1, 0, 0],
						"2.1667": [1, 0, 0],
						"2.375": [0, -0.5, 1]
					}
				},
				"clawR": {
					"rotation": {
						"0.0": [-68.4553, 31.81666, 20.98998],
						"0.1667": {
							"pre": [-48.59747, 25.10691, -13.89097],
							"post": [-48.59747, 25.10691, -13.89097],
							"lerp_mode": "catmullrom"
						},
						"0.4167": [28.83144, 21.75204, -31.33144],
						"2.1667": [28.83, 21.75, -31.33],
						"2.375": [-68.4553, 31.81666, 20.98998]
					},
					"position": {
						"0.0": [0, -0.5, 1],
						"0.4167": [-1, 0, 0],
						"2.1667": [-1, 0, 0],
						"2.375": [0, -0.5, 1]
					}
				},
				"head": {
					"rotation": {
						"0.0": [-5, 0, 0],
						"0.25": {
							"pre": [35, 0, 0],
							"post": [35, 0, 0],
							"lerp_mode": "catmullrom"
						},
						"0.5833": {
							"post": ["-12.5+math.sin(q.anim_time*90*64)*4", 0, 0],
							"lerp_mode": "catmullrom"
						},
						"0.7083": {
							"post": [35, 0, 0],
							"lerp_mode": "catmullrom"
						},
						"1.0": {
							"post": [2.5, 0, 0],
							"lerp_mode": "catmullrom"
						},
						"1.25": {
							"post": [45, 0, 0],
							"lerp_mode": "catmullrom"
						},
						"1.5": {
							"post": [2.5, 0, 0],
							"lerp_mode": "catmullrom"
						},
						"1.75": {
							"post": [45, 0, 0],
							"lerp_mode": "catmullrom"
						},
						"2.0": {
							"post": [2.5, 0, 0],
							"lerp_mode": "catmullrom"
						},
						"2.1667": {
							"post": [45, 0, 0],
							"lerp_mode": "catmullrom"
						},
						"2.375": [-5, 0, 0]
					}
				},
				"lowerjaw": {
					"rotation": {
						"0.0": [0, 0, 0],
						"0.25": {
							"pre": [35, 0, 0],
							"post": [35, 0, 0],
							"lerp_mode": "catmullrom"
						},
						"0.4167": {
							"post": [0, 0, 0],
							"lerp_mode": "catmullrom"
						},
						"0.7083": {
							"post": [0, 0, 0],
							"lerp_mode": "catmullrom"
						},
						"0.7917": {
							"post": [50, 0, 0],
							"lerp_mode": "catmullrom"
						},
						"1.0": {
							"post": [35, 0, 0],
							"lerp_mode": "catmullrom"
						},
						"1.25": {
							"post": [0, 0, 0],
							"lerp_mode": "catmullrom"
						},
						"1.3333": {
							"post": [50, 0, 0],
							"lerp_mode": "catmullrom"
						},
						"1.5": {
							"post": [35, 0, 0],
							"lerp_mode": "catmullrom"
						},
						"1.75": {
							"post": [0, 0, 0],
							"lerp_mode": "catmullrom"
						},
						"1.8333": {
							"post": [50, 0, 0],
							"lerp_mode": "catmullrom"
						},
						"2.0417": {
							"post": [35, 0, 0],
							"lerp_mode": "catmullrom"
						},
						"2.5": [0, 0, 0]
					},
					"position": {
						"0.0": [0, 0, 0],
						"0.25": {
							"pre": [0, 0, 0],
							"post": [0, 0, 0],
							"lerp_mode": "catmullrom"
						},
						"0.4167": {
							"post": [0, 0, 0],
							"lerp_mode": "catmullrom"
						},
						"0.7083": {
							"post": [0, 0, 0],
							"lerp_mode": "catmullrom"
						},
						"0.7917": {
							"post": [0, 0, 0],
							"lerp_mode": "catmullrom"
						},
						"1.0": {
							"post": [0, 0, 0],
							"lerp_mode": "catmullrom"
						},
						"1.25": {
							"post": [0, 0, 0],
							"lerp_mode": "catmullrom"
						},
						"1.3333": {
							"post": [0, 0, 0],
							"lerp_mode": "catmullrom"
						},
						"1.5": {
							"post": [0, 0, 0],
							"lerp_mode": "catmullrom"
						},
						"1.75": {
							"post": [0, 0, 0],
							"lerp_mode": "catmullrom"
						},
						"1.8333": {
							"post": [0, 0, 0],
							"lerp_mode": "catmullrom"
						},
						"2.0417": {
							"post": [0, 0, 0],
							"lerp_mode": "catmullrom"
						},
						"2.5": [0, 0, 0]
					}
				},
				"eye_R": {
					"rotation": {
						"0.0": [-39.5, 0, 0],
						"2.2917": [-39.5, 0, 0],
						"2.5": [-39.5, 0, 0]
					},
					"position": {
						"0.0": [-0.25, -0.25, 0],
						"2.2917": [-0.25, -0.25, 0],
						"2.5": [-0.25, -0.25, 0]
					}
				},
				"eyelid_R": {
					"scale": {
						"0.0": [0, 0, 0],
						"2.2917": [0, 0, 0],
						"2.5": [0, 0, 0]
					}
				},
				"pupil_R": {
					"scale": {
						"0.0": [1, 1, 1],
						"0.25": [1, 1, 1],
						"0.3333": [1, 1, 0.5],
						"0.75": [1, 1, 0.5],
						"0.8333": [1, 1, 1],
						"2.2917": [1, 1, 1],
						"2.5": [1, 1, 1]
					}
				},
				"eye_L": {
					"rotation": {
						"0.0": [-39.5, 0, 0],
						"2.2917": [-39.5, 0, 0],
						"2.5": [-39.5, 0, 0]
					},
					"position": {
						"0.0": [0.25, -0.25, 0],
						"2.2917": [0.25, -0.25, 0],
						"2.5": [0.25, -0.25, 0]
					}
				},
				"eyelid_L": {
					"scale": {
						"0.0": [0, 0, 0],
						"2.2917": [0, 0, 0],
						"2.5": [0, 0, 0]
					}
				},
				"pupil_L": {
					"scale": {
						"0.0": [1, 1, 1],
						"0.25": [1, 1, 1],
						"0.3333": [1, 1, 0.5],
						"0.75": [1, 1, 0.5],
						"0.8333": [1, 1, 1],
						"2.2917": [1, 1, 1],
						"2.5": [1, 1, 1]
					}
				}
			}
		},
		"animation.scuta.status_attack": {
			"animation_length": 1.4583,
			"bones": {
				"body": {
					"rotation": {
						"0.0": {
							"post": [6, 0, 0],
							"lerp_mode": "catmullrom"
						},
						"0.25": {
							"post": [6, 0, 0],
							"lerp_mode": "catmullrom"
						},
						"0.4583": {
							"post": ["45+math.sin(q.anim_time*90*32)*1", 0, 0],
							"lerp_mode": "catmullrom"
						},
						"1.0833": {
							"post": ["45+math.sin(q.anim_time*90*32)*1", 0, 0],
							"lerp_mode": "catmullrom"
						},
						"1.3333": {
							"post": [6, 0, 0],
							"lerp_mode": "catmullrom"
						}
					},
					"position": {
						"0.0": {
							"post": [0, -1.25, 0],
							"lerp_mode": "catmullrom"
						},
						"0.25": {
							"post": [0, -1.25, 0],
							"lerp_mode": "catmullrom"
						},
						"0.4583": {
							"post": [0, -0.25, -2],
							"lerp_mode": "catmullrom"
						},
						"1.0833": {
							"post": [0, -0.25, -2],
							"lerp_mode": "catmullrom"
						},
						"1.3333": {
							"post": [0, -1.25, 0],
							"lerp_mode": "catmullrom"
						}
					}
				},
				"elytra_R": {
					"rotation": {
						"0.0": {
							"post": [20, 30, 0],
							"lerp_mode": "catmullrom"
						},
						"0.25": {
							"post": [20, 30, 0],
							"lerp_mode": "catmullrom"
						},
						"0.4583": {
							"post": [45, 30, 0],
							"lerp_mode": "catmullrom"
						},
						"1.0833": {
							"post": [45, 30, 0],
							"lerp_mode": "catmullrom"
						},
						"1.3333": {
							"post": [20, 30, 0],
							"lerp_mode": "catmullrom"
						}
					},
					"position": {
						"0.0": {
							"post": [0, 0, 0],
							"lerp_mode": "catmullrom"
						},
						"0.25": {
							"post": [0, 0, 0],
							"lerp_mode": "catmullrom"
						},
						"0.4583": {
							"post": [0, 0, 0],
							"lerp_mode": "catmullrom"
						},
						"1.0833": {
							"post": [0, 0, 0],
							"lerp_mode": "catmullrom"
						},
						"1.3333": {
							"post": [0, 0, 0],
							"lerp_mode": "catmullrom"
						}
					}
				},
				"wing_R": {
					"rotation": {
						"0.0": {
							"post": [0, 0, 90],
							"lerp_mode": "catmullrom"
						},
						"0.25": {
							"post": [0, 0, 90],
							"lerp_mode": "catmullrom"
						},
						"0.4583": {
							"post": ["0+math.sin(q.anim_time*90*64)*40", 0, 90],
							"lerp_mode": "catmullrom"
						},
						"1.0833": {
							"post": ["0+math.sin(q.anim_time*90*64)*40", 0, 90],
							"lerp_mode": "catmullrom"
						},
						"1.3333": {
							"post": [0, 0, 90],
							"lerp_mode": "catmullrom"
						}
					},
					"position": {
						"0.0": {
							"post": [0, 1, 0],
							"lerp_mode": "catmullrom"
						},
						"0.25": {
							"post": [0, 1, 0],
							"lerp_mode": "catmullrom"
						},
						"0.4583": {
							"post": [0, 1, 0],
							"lerp_mode": "catmullrom"
						},
						"1.0833": {
							"post": [0, 1, 0],
							"lerp_mode": "catmullrom"
						},
						"1.3333": {
							"post": [0, 1, 0],
							"lerp_mode": "catmullrom"
						}
					}
				},
				"elytra_L": {
					"rotation": {
						"0.0": {
							"post": [20, -30, 0],
							"lerp_mode": "catmullrom"
						},
						"0.25": {
							"post": [20, -30, 0],
							"lerp_mode": "catmullrom"
						},
						"0.4583": {
							"post": [45, -30, 0],
							"lerp_mode": "catmullrom"
						},
						"1.0833": {
							"post": [45, -30, 0],
							"lerp_mode": "catmullrom"
						},
						"1.3333": {
							"post": [20, -30, 0],
							"lerp_mode": "catmullrom"
						}
					},
					"position": {
						"0.0": {
							"post": [0, 0, 0],
							"lerp_mode": "catmullrom"
						},
						"0.25": {
							"post": [0, 0, 0],
							"lerp_mode": "catmullrom"
						},
						"0.4583": {
							"post": [0, 0, 0],
							"lerp_mode": "catmullrom"
						},
						"1.0833": {
							"post": [0, 0, 0],
							"lerp_mode": "catmullrom"
						},
						"1.3333": {
							"post": [0, 0, 0],
							"lerp_mode": "catmullrom"
						}
					}
				},
				"wing_L": {
					"rotation": {
						"0.0": {
							"post": [0, 0, -90],
							"lerp_mode": "catmullrom"
						},
						"0.25": {
							"post": [0, 0, -90],
							"lerp_mode": "catmullrom"
						},
						"0.4583": {
							"post": ["0+math.sin(q.anim_time*90*64)*40", 0, -90],
							"lerp_mode": "catmullrom"
						},
						"1.0833": {
							"post": ["0+math.sin(q.anim_time*90*64)*40", 0, -90],
							"lerp_mode": "catmullrom"
						},
						"1.3333": {
							"post": [0, 0, -90],
							"lerp_mode": "catmullrom"
						}
					},
					"position": {
						"0.0": {
							"post": [0, 1, 0],
							"lerp_mode": "catmullrom"
						},
						"0.25": {
							"post": [0, 1, 0],
							"lerp_mode": "catmullrom"
						},
						"0.4583": {
							"post": [0, 1, 0],
							"lerp_mode": "catmullrom"
						},
						"1.0833": {
							"post": [0, 1, 0],
							"lerp_mode": "catmullrom"
						},
						"1.3333": {
							"post": [0, 1, 0],
							"lerp_mode": "catmullrom"
						}
					}
				},
				"middleleg_L": {
					"rotation": {
						"0.0": {
							"post": [0, 0, 11],
							"lerp_mode": "catmullrom"
						},
						"0.25": {
							"post": [0, 0, 11],
							"lerp_mode": "catmullrom"
						},
						"0.4583": {
							"post": [-26.341, 23.92746, 39.32269],
							"lerp_mode": "catmullrom"
						},
						"1.0833": {
							"post": [-26.341, 23.92746, 39.32269],
							"lerp_mode": "catmullrom"
						},
						"1.3333": {
							"post": [0, 0, 11],
							"lerp_mode": "catmullrom"
						}
					},
					"position": {
						"0.0": {
							"post": [0, 0, 0],
							"lerp_mode": "catmullrom"
						},
						"0.25": {
							"post": [0, 0, 0],
							"lerp_mode": "catmullrom"
						},
						"0.4583": {
							"post": [0, 0, -1],
							"lerp_mode": "catmullrom"
						},
						"1.0833": {
							"post": [0, 0, -1],
							"lerp_mode": "catmullrom"
						},
						"1.3333": {
							"post": [0, 0, 0],
							"lerp_mode": "catmullrom"
						}
					}
				},
				"middleleg_R": {
					"rotation": {
						"0.0": {
							"post": [0, 0, -11],
							"lerp_mode": "catmullrom"
						},
						"0.25": {
							"post": [0, 0, -11],
							"lerp_mode": "catmullrom"
						},
						"0.4583": {
							"post": [-26.341, -23.92746, -39.32269],
							"lerp_mode": "catmullrom"
						},
						"1.0833": {
							"post": [-26.341, -23.92746, -39.32269],
							"lerp_mode": "catmullrom"
						},
						"1.3333": {
							"post": [0, 0, -11],
							"lerp_mode": "catmullrom"
						}
					},
					"position": {
						"0.0": {
							"post": [0, 0, 0],
							"lerp_mode": "catmullrom"
						},
						"0.25": {
							"post": [0, 0, 0],
							"lerp_mode": "catmullrom"
						},
						"0.4583": {
							"post": [0, 0, -1],
							"lerp_mode": "catmullrom"
						},
						"1.0833": {
							"post": [0, 0, -1],
							"lerp_mode": "catmullrom"
						},
						"1.3333": {
							"post": [0, 0, 0],
							"lerp_mode": "catmullrom"
						}
					}
				},
				"tail": {
					"rotation": {
						"0.0": {
							"post": [-28, 0, 0],
							"lerp_mode": "catmullrom"
						},
						"0.25": {
							"post": [-28, 0, 0],
							"lerp_mode": "catmullrom"
						},
						"0.4167": {
							"post": [-73, 0, 0],
							"lerp_mode": "catmullrom"
						},
						"0.7083": {
							"post": [-0.5, 0, 0],
							"lerp_mode": "catmullrom"
						},
						"1.3333": {
							"post": [-28, 0, 0],
							"lerp_mode": "catmullrom"
						}
					}
				},
				"finL": {
					"rotation": {
						"0.0": {
							"post": [-10, 0, 0],
							"lerp_mode": "catmullrom"
						},
						"0.25": {
							"post": [-10, 0, 0],
							"lerp_mode": "catmullrom"
						},
						"0.4583": {
							"post": ["-10+math.sin(q.anim_time*90*32)*40", 0, 0],
							"lerp_mode": "catmullrom"
						},
						"1.0833": {
							"post": ["-10+math.sin(q.anim_time*90*32)*40", 0, 0],
							"lerp_mode": "catmullrom"
						},
						"1.3333": {
							"post": [-10, 0, 0],
							"lerp_mode": "catmullrom"
						}
					}
				},
				"finR": {
					"rotation": {
						"0.0": {
							"post": [-10, 0, 0],
							"lerp_mode": "catmullrom"
						},
						"0.25": {
							"post": [-10, 0, 0],
							"lerp_mode": "catmullrom"
						},
						"0.4583": {
							"post": ["-10-math.sin(q.anim_time*90*32)*40", 0, 0],
							"lerp_mode": "catmullrom"
						},
						"1.0833": {
							"post": ["-10-math.sin(q.anim_time*90*32)*40", 0, 0],
							"lerp_mode": "catmullrom"
						},
						"1.3333": {
							"post": [-10, 0, 0],
							"lerp_mode": "catmullrom"
						}
					}
				},
				"clawL": {
					"rotation": {
						"0.0": {
							"post": [-68.4553, -31.81666, -20.98998],
							"lerp_mode": "catmullrom"
						},
						"0.25": {
							"post": [-68.4553, -31.81666, -20.98998],
							"lerp_mode": "catmullrom"
						},
						"0.4583": {
							"post": [-127.15846, -18.26883, 13.36473],
							"lerp_mode": "catmullrom"
						},
						"1.0833": {
							"post": [-127.15846, -18.26883, 13.36473],
							"lerp_mode": "catmullrom"
						},
						"1.3333": {
							"post": [-68.4553, -31.81666, -20.98998],
							"lerp_mode": "catmullrom"
						}
					},
					"position": {
						"0.0": {
							"post": [0, -0.5, 1],
							"lerp_mode": "catmullrom"
						},
						"0.25": {
							"post": [0, -0.5, 1],
							"lerp_mode": "catmullrom"
						},
						"0.4583": {
							"post": [1, -0.25, 0.25],
							"lerp_mode": "catmullrom"
						},
						"1.0833": {
							"post": [1, -0.25, 0.25],
							"lerp_mode": "catmullrom"
						},
						"1.3333": {
							"post": [0, -0.5, 1],
							"lerp_mode": "catmullrom"
						}
					}
				},
				"clawR": {
					"rotation": {
						"0.0": {
							"post": [-68.4553, 31.81666, 20.98998],
							"lerp_mode": "catmullrom"
						},
						"0.25": {
							"post": [-68.4553, 31.81666, 20.98998],
							"lerp_mode": "catmullrom"
						},
						"0.4583": {
							"post": [-127.15846, 18.26883, -13.36473],
							"lerp_mode": "catmullrom"
						},
						"1.0833": {
							"post": [-127.15846, 18.26883, -13.36473],
							"lerp_mode": "catmullrom"
						},
						"1.3333": {
							"post": [-68.4553, 31.81666, 20.98998],
							"lerp_mode": "catmullrom"
						}
					},
					"position": {
						"0.0": {
							"post": [0, -0.5, 1],
							"lerp_mode": "catmullrom"
						},
						"0.25": {
							"post": [0, -0.5, 1],
							"lerp_mode": "catmullrom"
						},
						"0.4583": {
							"post": [-1, -0.25, 0.25],
							"lerp_mode": "catmullrom"
						},
						"1.0833": {
							"post": [-1, -0.25, 0.25],
							"lerp_mode": "catmullrom"
						},
						"1.3333": {
							"post": [0, -0.5, 1],
							"lerp_mode": "catmullrom"
						}
					}
				},
				"head": {
					"rotation": {
						"0.0": {
							"post": [-5, 0, 0],
							"lerp_mode": "catmullrom"
						},
						"0.25": {
							"post": [-32.5, 0, 0],
							"lerp_mode": "catmullrom"
						},
						"0.4583": {
							"post": ["-40-math.sin(q.anim_time*90*32)*1", 0, 0],
							"lerp_mode": "catmullrom"
						},
						"1.0833": {
							"post": ["-40-math.sin(q.anim_time*90*32)*1", 0, 0],
							"lerp_mode": "catmullrom"
						},
						"1.3333": {
							"post": [-5, 0, 0],
							"lerp_mode": "catmullrom"
						}
					},
					"position": {
						"0.25": {
							"pre": [0, 0, 0],
							"post": [0, 0, 0],
							"lerp_mode": "catmullrom"
						},
						"0.4583": {
							"post": [0, 1, 0.25],
							"lerp_mode": "catmullrom"
						},
						"1.0833": {
							"post": [0, 1, 0.25],
							"lerp_mode": "catmullrom"
						},
						"1.3333": {
							"post": [0, 0, 0],
							"lerp_mode": "catmullrom"
						}
					}
				},
				"lowerjaw": {
					"rotation": {
						"0.0": {
							"post": [0, 0, 0],
							"lerp_mode": "catmullrom"
						},
						"0.2083": {
							"post": ["32.5+math.sin(q.anim_time*90*16)*3", 0, 0],
							"lerp_mode": "catmullrom"
						},
						"1.0833": {
							"post": ["32.5+math.sin(q.anim_time*90*16)*3", 0, 0],
							"lerp_mode": "catmullrom"
						},
						"1.4583": {
							"post": [0, 0, 0],
							"lerp_mode": "catmullrom"
						}
					}
				},
				"eye_R": {
					"rotation": {
						"0.0": {
							"post": [-39.5, 0, 0],
							"lerp_mode": "catmullrom"
						},
						"0.25": {
							"post": [7.98126, -0.86916, -42.09476],
							"lerp_mode": "catmullrom"
						},
						"0.4583": {
							"post": [-60.62886, -12.65938, 20.90478],
							"lerp_mode": "catmullrom"
						},
						"1.0833": {
							"post": [-60.62886, -12.65938, 20.90478],
							"lerp_mode": "catmullrom"
						},
						"1.4583": {
							"post": [-39.5, 0, 0],
							"lerp_mode": "catmullrom"
						}
					},
					"position": {
						"0.0": {
							"post": [-0.25, -0.25, 0],
							"lerp_mode": "catmullrom"
						},
						"0.25": {
							"post": [-0.25, -0.25, -0.5],
							"lerp_mode": "catmullrom"
						},
						"0.4583": {
							"post": [-0.25, -0.25, -0.5],
							"lerp_mode": "catmullrom"
						},
						"1.0833": {
							"post": [-0.25, -0.25, -0.5],
							"lerp_mode": "catmullrom"
						},
						"1.4583": {
							"post": [-0.25, -0.25, 0],
							"lerp_mode": "catmullrom"
						}
					}
				},
				"eyelid_R": {
					"scale": {
						"0.0": {
							"post": [0, 0, 0],
							"lerp_mode": "catmullrom"
						},
						"0.25": {
							"post": [0, 0, 0],
							"lerp_mode": "catmullrom"
						},
						"1.4583": {
							"post": [0, 0, 0],
							"lerp_mode": "catmullrom"
						}
					}
				},
				"pupil_R": {
					"scale": {
						"0.0": {
							"post": [1, 1, 1],
							"lerp_mode": "catmullrom"
						},
						"0.25": {
							"post": [1, 1, 1],
							"lerp_mode": "catmullrom"
						},
						"0.4583": {
							"post": [1, 1, 0.5],
							"lerp_mode": "catmullrom"
						},
						"1.0833": {
							"post": [1, 1, 0.5],
							"lerp_mode": "catmullrom"
						},
						"1.4583": {
							"post": [1, 1, 1],
							"lerp_mode": "catmullrom"
						}
					}
				},
				"eye_L": {
					"rotation": {
						"0.0": {
							"post": [-39.5, 0, 0],
							"lerp_mode": "catmullrom"
						},
						"0.25": {
							"post": [7.98126, 0.86916, 42.09476],
							"lerp_mode": "catmullrom"
						},
						"0.4583": {
							"post": [-60.62886, 12.65938, -20.90478],
							"lerp_mode": "catmullrom"
						},
						"1.0833": {
							"post": [-60.62886, 12.65938, -20.90478],
							"lerp_mode": "catmullrom"
						},
						"1.4583": {
							"post": [-39.5, 0, 0],
							"lerp_mode": "catmullrom"
						}
					},
					"position": {
						"0.0": {
							"post": [0.25, -0.25, 0],
							"lerp_mode": "catmullrom"
						},
						"0.25": {
							"post": [0.25, -0.25, -0.5],
							"lerp_mode": "catmullrom"
						},
						"0.4583": {
							"post": [0.25, -0.25, -0.5],
							"lerp_mode": "catmullrom"
						},
						"1.0833": {
							"post": [0.25, -0.25, -0.5],
							"lerp_mode": "catmullrom"
						},
						"1.4583": {
							"post": [0.25, -0.25, 0],
							"lerp_mode": "catmullrom"
						}
					}
				},
				"eyelid_L": {
					"scale": {
						"0.0": {
							"post": [0, 0, 0],
							"lerp_mode": "catmullrom"
						},
						"0.25": {
							"post": [0, 0, 0],
							"lerp_mode": "catmullrom"
						},
						"1.4583": {
							"post": [0, 0, 0],
							"lerp_mode": "catmullrom"
						}
					}
				},
				"pupil_L": {
					"scale": {
						"0.0": {
							"post": [1, 1, 1],
							"lerp_mode": "catmullrom"
						},
						"0.25": {
							"post": [1, 1, 1],
							"lerp_mode": "catmullrom"
						},
						"0.4583": {
							"post": [1, 1, 0.5],
							"lerp_mode": "catmullrom"
						},
						"1.0833": {
							"post": [1, 1, 0.5],
							"lerp_mode": "catmullrom"
						},
						"1.4583": {
							"post": [1, 1, 1],
							"lerp_mode": "catmullrom"
						}
					}
				}
			}
		},
		"animation.scuta.recoil": {
			"animation_length": 0.7083,
			"bones": {
				"body": {
					"rotation": {
						"0.0": [0, 0, 0],
						"0.0833": {
							"pre": [-48.75031, 9.71428, 22.12688],
							"post": [-48.75031, 9.71428, 22.12688],
							"lerp_mode": "catmullrom"
						},
						"0.1667": {
							"post": [-49.60488, -0.72147, 11.30351],
							"lerp_mode": "catmullrom"
						},
						"0.4167": [0, 0, 0]
					},
					"position": {
						"0.0": [0, 0, 0],
						"0.0833": {
							"pre": [0, 3, 1],
							"post": [0, 3, 1],
							"lerp_mode": "catmullrom"
						},
						"0.1667": {
							"post": [0, 3, 1],
							"lerp_mode": "catmullrom"
						},
						"0.4167": [0, 0, 0]
					}
				},
				"elytra_R": {
					"rotation": {
						"0.0833": [0, 0, 0],
						"0.125": [56.98221, 21.47638, 50.08501],
						"0.2083": [56.98221, 21.47638, 50.08501],
						"0.4583": [0, 0, 0]
					},
					"position": {
						"0.0833": [0, 0, 0],
						"0.125": [-1.25, -2, -1.25],
						"0.2083": [-1.25, -2, -1.25],
						"0.4583": [0, 0, 0]
					}
				},
				"elytra_L": {
					"rotation": {
						"0.125": [0, 0, 0],
						"0.2083": [42.5, 0, 0],
						"0.2917": [42.5, 0, 0],
						"0.5417": [0, 0, 0]
					},
					"position": {
						"0.125": [0, 0, 0],
						"0.2083": [0, 0, 0],
						"0.2917": [0, 0, 0],
						"0.5417": [0, 0, 0]
					}
				},
				"head": {
					"rotation": {
						"0.0833": [0, 0, 0],
						"0.125": [-24.88488, 1.80954, 7.27964],
						"0.2083": [-24.88488, 1.80954, 7.27964],
						"0.4583": {
							"pre": [17.5, 0, 0],
							"post": [17.5, 0, 0],
							"lerp_mode": "catmullrom"
						},
						"0.7083": [0, 0, 0]
					},
					"position": {
						"0.0833": [0, 0, 0],
						"0.4583": {
							"pre": [0, 0, 0],
							"post": [0, 0, 0],
							"lerp_mode": "catmullrom"
						},
						"0.7083": [0, 0, 0]
					}
				},
				"lowerjaw": {
					"rotation": {
						"0.0833": [0, 0, 0],
						"0.125": [55, 0, 0],
						"0.2083": [55, 0, 0],
						"0.4583": [0, 0, 0]
					},
					"position": {
						"0.0833": [0, 0, 0],
						"0.4583": [0, 0, 0]
					}
				},
				"eyelid_R": {
					"position": {
						"0.0": [0, 0, 0],
						"0.125": {
							"pre": [0, 0, 0],
							"post": [-5, 0.5, 0]
						},
						"0.5": {
							"pre": [-5, 0.5, 0],
							"post": [0, 0, 0]
						}
					}
				},
				"eyelid_L": {
					"position": {
						"0.0": [0, 0, 0],
						"0.125": {
							"pre": [0, 0, 0],
							"post": [5, 0.5, 0]
						},
						"0.5": {
							"pre": [5, 0.5, 0],
							"post": [0, 0, 0]
						}
					}
				}
			}
		},
		"animation.scuta.shoulder_left": {
			"loop": true,
			"animation_length": 2,
			"bones": {
				"body": {
					"rotation": ["2.5+math.sin(q.anim_time*90*2+90)*1", 0, 10],
					"position": [4, -2.5, 0],
					"scale": 0.8
				},
				"elytra_R": {
					"position": [0, 0, 0]
				},
				"wing_R": {
					"rotation": [0, 0, 90],
					"position": [0, 1, 0]
				},
				"elytra_L": {
					"position": [0, 0, 0]
				},
				"wing_L": {
					"rotation": [0, 0, -90],
					"position": [0, 1, 0]
				},
				"tail": {
					"rotation": ["0-math.sin(q.anim_time*90*2+90)*3", 0, 0]
				},
				"finL": {
					"rotation": ["0+math.sin(q.anim_time*90*2)*5", 0, 0]
				},
				"finR": {
					"rotation": ["0-math.sin(q.anim_time*90*2)*5", 0, 0]
				},
				"clawL": {
					"rotation": ["-61.0686-math.sin(q.anim_time*90*2+90)*2", -29.91193, -23.75529],
					"position": [0, -0.5, 1]
				},
				"clawR": {
					"rotation": ["-61.0686-math.sin(q.anim_time*90*2+90)*2", 29.91193, 23.75529],
					"position": [0, -0.5, 1]
				},
				"head": {
					"rotation": ["10+math.sin(q.anim_time*90*2)*2", 0, 0]
				},
				"eye_R": {
					"rotation": ["0+math.sin(q.anim_time*90*2-90)*2", 0, 0]
				},
				"eye_L": {
					"rotation": ["0+math.sin(q.anim_time*90*2-90)*2", 0, 0]
				}
			}
		},
		"animation.scuta.shoulder_right": {
			"loop": true,
			"bones": {
				"body": {
					"rotation": ["2.5+math.sin(q.anim_time*90*2+90)*1", 0, -10],
					"position": [-4, -2.5, 0],
					"scale": 0.8
				},
				"elytra_R": {
					"position": [0, 0, 0]
				},
				"wing_R": {
					"rotation": [0, 0, 90],
					"position": [0, 1, 0]
				},
				"elytra_L": {
					"position": [0, 0, 0]
				},
				"wing_L": {
					"rotation": [0, 0, -90],
					"position": [0, 1, 0]
				},
				"tail": {
					"rotation": ["0-math.sin(q.anim_time*90*2+90)*3", 0, 0]
				},
				"finL": {
					"rotation": ["0+math.sin(q.anim_time*90*2)*5", 0, 0]
				},
				"finR": {
					"rotation": ["0-math.sin(q.anim_time*90*2)*5", 0, 0]
				},
				"clawL": {
					"rotation": ["-61.0686-math.sin(q.anim_time*90*2+90)*2", -29.91193, -23.75529],
					"position": [0, -0.5, 1]
				},
				"clawR": {
					"rotation": ["-61.0686-math.sin(q.anim_time*90*2+90)*2", 29.91193, 23.75529],
					"position": [0, -0.5, 1]
				},
				"head": {
					"rotation": ["10+math.sin(q.anim_time*90*2)*2", 0, 0]
				},
				"eye_R": {
					"rotation": ["0+math.sin(q.anim_time*90*2-90)*2", 0, 0]
				},
				"eye_L": {
					"rotation": ["0+math.sin(q.anim_time*90*2-90)*2", 0, 0]
				}
			}
		},
		"animation.scuta.sleep": {
			"loop": true,
			"animation_length": 4,
			"bones": {
				"eyelid_R": {
					"position": [-5, 0.5, 0]
				},
				"eyelid_L": {
					"position": [5, 0.5, 0]
				},
				"body": {
					"rotation": ["math.sin(q.anim_time*90*1+90)*1", 0, 0],
					"position": [0, -1.5, 0]
				},
				"elytra_R": {
					"position": [0, 0, 0]
				},
				"wing_R": {
					"rotation": [0, 0, 90],
					"position": [0, 1, 0]
				},
				"elytra_L": {
					"position": [0, 0, 0]
				},
				"wing_L": {
					"rotation": [0, 0, -90],
					"position": [0, 1, 0]
				},
				"tail": {
					"rotation": ["-5-math.sin(q.anim_time*90*1+90)*3", 0, 0]
				},
				"finL": {
					"rotation": [-17.5, 0, 0]
				},
				"finR": {
					"rotation": [-17.5, 0, 0]
				},
				"clawL": {
					"rotation": ["-121.899-math.sin(q.anim_time*90*1+90)*2", -9.99703, 87.03581],
					"position": [0, -0.5, 1]
				},
				"clawR": {
					"rotation": ["-121.899-math.sin(q.anim_time*90*1+90)*2", 9.99703, -87.03581],
					"position": [0, -0.5, 1]
				},
				"head": {
					"rotation": ["10+math.sin(q.anim_time*90*1)*2", 0, 0]
				},
				"eye_R": {
					"rotation": ["17.5+math.sin(q.anim_time*90*1-90)*2", 0, 0]
				},
				"eye_L": {
					"rotation": ["17.5+math.sin(q.anim_time*90*1-90)*2", 0, 0]
				}
			}
		},
		"animation.scuta.faint": {
			"animation_length": 3,
			"bones": {
				"body": {
					"rotation": {
						"0.0": [-4, 0, 0],
						"0.125": ["-26.5+math.sin(q.anim_time*90*8-90)*10", 0, "0+math.sin(q.anim_time*90*8)*10"],
						"0.7083": ["-36.5+math.sin(q.anim_time*90*8-90)*20", 0, "math.sin(q.anim_time*90*8)*20"],
						"1.0417": ["-4+math.sin(q.anim_time*90*8-90)*40", 0, "32.5+math.sin(q.anim_time*90*8)*40"],
						"1.2083": [0, 0, 180],
						"1.3333": [12.5, 0, 180],
						"1.4167": [0, 0, 180],
						"1.5417": [7.5, 0, 180],
						"1.625": [0, 0, 180]
					},
					"position": {
						"0.0": [0, -1.5, 0],
						"0.125": ["0+math.sin(q.anim_time*90*8-90)*2", 1.5, 2],
						"0.7083": ["0+math.sin(q.anim_time*90*8-90)*4", 10.5, 2],
						"1.0417": ["0+math.sin(q.anim_time*90*8-90)*4", 11.5, 2],
						"1.2083": [-2, -2.5, 0],
						"1.2917": [-2, -1.5, 0],
						"1.4167": [-2, -2.5, 0],
						"1.5": [-2, -2, 0],
						"1.625": [-2, -2.5, 0]
					}
				},
				"elytra_R": {
					"rotation": {
						"0.0": [0, 0, 0],
						"0.2083": [20, 42.5, 0],
						"1.0": [20, 42.5, 0],
						"1.2083": [0, 42.5, 0]
					},
					"position": {
						"0.0": [0, 0, 0],
						"1.0": [0, 0, 0],
						"1.2083": [0, 0, 0]
					}
				},
				"wing_R": {
					"rotation": {
						"0.0": [0, 0, 90],
						"0.2083": ["0+math.sin(q.anim_time*90*64)*10", 0, 90],
						"1.0": ["0+math.sin(q.anim_time*90*64)*30", 0, 90],
						"1.2083": [25.98076, 0, 90]
					},
					"position": {
						"0.0": [0, 1, 0],
						"1.0": [0, 1, 0],
						"1.2083": [0, 1, 0]
					}
				},
				"elytra_L": {
					"rotation": {
						"0.0": [0, 0, 0],
						"0.2083": [20, -42.5, 0],
						"1.0": [20, -42.5, 0],
						"1.2083": [0, -42.5, 0]
					},
					"position": {
						"0.0": [0, 0, 0],
						"1.0": [0, 0, 0],
						"1.2083": [0, 0, 0]
					}
				},
				"wing_L": {
					"rotation": {
						"0.0": [0, 0, -90],
						"0.2083": ["0+math.sin(q.anim_time*90*64)*10", 0, -90],
						"1.0": ["0+math.sin(q.anim_time*90*64)*30", 0, -90],
						"1.2083": [25.98076, 0, -90]
					},
					"position": {
						"0.0": [0, 1, 0],
						"1.0": [0, 1, 0],
						"1.2083": [0, 1, 0]
					}
				},
				"tail": {
					"rotation": {
						"0.0": [-3, 0, 0],
						"1.1667": [-3, 0, 0],
						"1.3333": [27, 0, 0]
					},
					"position": [0, 0, 0]
				},
				"finL": {
					"rotation": {
						"0.0": [0, 0, 0],
						"0.2083": ["0+math.sin(q.anim_time*90*16)*20", 0, 0],
						"1.5": ["0+math.sin(q.anim_time*90*16)*20", 0, 0],
						"1.6667": [32.5, 0, 0]
					}
				},
				"finR": {
					"rotation": {
						"0.0": [0, 0, 0],
						"0.2083": ["0-math.sin(q.anim_time*90*16)*20", 0, 0],
						"1.5": ["0-math.sin(q.anim_time*90*16)*20", 0, 0],
						"1.6667": [32.5, 0, 0]
					}
				},
				"clawL": {
					"rotation": {
						"0.0": [-63.0686, -29.91193, -23.75529],
						"0.125": ["-63.0686+math.sin(q.anim_time*90*16)*20", -29.91193, -23.75529],
						"1.5": ["-63.0686+math.sin(q.anim_time*90*16)*20", -29.91193, -23.75529],
						"1.8333": [-63.0686, -29.91193, -23.75529]
					},
					"position": {
						"0.0": [0, -0.5, 1],
						"0.125": [0, -0.5, 1],
						"1.5": [0, -0.5, 1],
						"1.8333": [0, -0.5, 1]
					}
				},
				"clawR": {
					"rotation": {
						"0.0": [-63.0686, 29.91193, 23.75529],
						"0.125": ["-63.0686-math.sin(q.anim_time*90*16)*20", 29.91193, 23.75529],
						"1.5": ["-63.0686-math.sin(q.anim_time*90*16)*20", 29.91193, 23.75529],
						"1.8333": [-63.0686, 29.91193, 23.75529]
					},
					"position": {
						"0.0": [0, -0.5, 1],
						"0.125": [0, -0.5, 1],
						"1.5": [0, -0.5, 1],
						"1.8333": [0, -0.5, 1]
					}
				},
				"head": {
					"rotation": {
						"0.0": [10, 0, 0],
						"1.0": [10, 0, 0],
						"1.1667": [32.5, 0, 0],
						"1.25": [-2.5, 0, 0],
						"1.375": [32.5, 0, 0],
						"1.5": [-2.5, 0, 0],
						"1.625": [15, 0, 0],
						"1.75": [-2.5, 0, 0]
					},
					"position": {
						"1.0": [0, 0, 0],
						"1.25": [0, 0, 0],
						"1.5": [0, 0, 0],
						"1.75": [0, 0, 0]
					}
				},
				"lowerjaw": {
					"rotation": {
						"0.0": [0, 0, 0],
						"0.25": ["32.5+math.sin(q.anim_time*90*16)*15", 0, 0],
						"1.2083": ["32.5+math.sin(q.anim_time*90*16)*15", 0, 0],
						"1.3333": [14.51082, -3.84097, 14.51082]
					},
					"position": {
						"0.0": [0, 0, 0],
						"1.3333": [0, 0, 0]
					}
				},
				"eye_R": {
					"rotation": [-2, 0, 0]
				},
				"eyelid_R": {
					"position": {
						"0.0": [0, 0, 0],
						"0.125": {
							"pre": [0, 0, 0],
							"post": [-5, 0.5, 0]
						}
					}
				},
				"eye_L": {
					"rotation": [-2, 0, 0]
				},
				"eyelid_L": {
					"position": {
						"0.0": [0, 0, 0],
						"0.125": {
							"pre": [0, 0, 0],
							"post": [5, 0.5, 0]
						}
					}
				}
			}
		},
		"animation.scuta.ground_quirk_idle": {
			"animation_length": 1,
			"bones": {
				"elytra_R": {
					"rotation": {
						"0.0": [0, 0, 0],
						"0.125": {
							"pre": [31.10219, 30.29689, 9.25415],
							"post": [31.10219, 30.29689, 9.25415],
							"lerp_mode": "catmullrom"
						},
						"0.75": {
							"post": [31.10219, 30.29689, 9.25415],
							"lerp_mode": "catmullrom"
						},
						"1.0": [0, 0, 0]
					},
					"position": {
						"0.0": [0, 0, 0],
						"0.125": {
							"pre": [0, -0.5, -0.5],
							"post": [0, -0.5, -0.5],
							"lerp_mode": "catmullrom"
						},
						"0.75": {
							"post": [0, -0.5, -0.5],
							"lerp_mode": "catmullrom"
						},
						"1.0": [0, 0, 0]
					}
				},
				"wing_R": {
					"rotation": {
						"0.0": [0, 20, 0],
						"0.125": ["-17.9436+math.sin(q.anim_time*90*64)*10", "8.9145+math.sin(q.anim_time*90*64-90)*10", 6.13929],
						"0.75": ["0+math.sin(q.anim_time*90*64)*10", "20+math.sin(q.anim_time*90*64-90)*10", 0],
						"1.0": [0, 20, 0]
					},
					"position": {
						"0.0": [0, 0, 0],
						"0.125": [0, 0.25, 0],
						"0.75": [0, 0.25, 0],
						"1.0": [0, 0, 0]
					}
				},
				"elytra_L": {
					"rotation": {
						"0.0": [0, 0, 0],
						"0.125": {
							"pre": [31.10219, -30.29689, -9.25415],
							"post": [31.10219, -30.29689, -9.25415],
							"lerp_mode": "catmullrom"
						},
						"0.75": {
							"post": [31.10219, -30.29689, -9.25415],
							"lerp_mode": "catmullrom"
						},
						"1.0": [0, 0, 0]
					},
					"position": {
						"0.0": [0, 0, 0],
						"0.125": {
							"pre": [0, -0.5, -0.5],
							"post": [0, -0.5, -0.5],
							"lerp_mode": "catmullrom"
						},
						"0.75": {
							"post": [0, -0.5, -0.5],
							"lerp_mode": "catmullrom"
						},
						"1.0": [0, 0, 0]
					}
				},
				"wing_L": {
					"rotation": {
						"0.0": [0, -20, 0],
						"0.125": ["-17.9436+math.sin(q.anim_time*90*64)*10", "-8.9145-math.sin(q.anim_time*90*64-90)*10", -6.13929],
						"0.75": ["0+math.sin(q.anim_time*90*64)*10", "-20-math.sin(q.anim_time*90*64-90)*10", 0],
						"1.0": [0, -20, 0]
					},
					"position": {
						"0.0": [0, 0, 0],
						"0.125": [0, 0.25, 0],
						"0.75": [0, 0.25, 0],
						"1.0": [0, 0, 0]
					}
				}
			}
		},
		"animation.scuta.blink": {
			"animation_length": 0.1667,
			"bones": {
				"eyelid_R": {
					"position": {
						"0.0": [-5, 0.5, 0],
						"0.1667": {
							"pre": [-5, 0.5, 0],
							"post": [0, 0, 0]
						}
					}
				},
				"eyelid_L": {
					"position": {
						"0.0": [5, 0.5, 0],
						"0.1667": {
							"pre": [5, 0.5, 0],
							"post": [0, 0, 0]
						}
					}
				}
			}
		},
		"animation.scuta.cry": {
			"animation_length": 0.75,
			"bones": {
				"lowerjaw": {
					"rotation": {
						"0.0": [0, 0, 0],
						"0.0833": ["15+math.sin(q.anim_time*90*32)*10", 0, 0],
						"0.4167": ["15+math.sin(q.anim_time*90*32)*5", 0, 0],
						"0.5": [0, 0, 0]
					},
					"position": {
						"0.0": [0, 0, 0],
						"0.0833": [0, 0, 0],
						"0.4167": [0, 0, 0],
						"0.5": [0, 0, 0]
					}
				}
			},
			"sound_effects": {
				"0.0": {
					"effect": "pokemon.scuta.cry"
				}
			}
		}
	}
}