{
	"format_version": "1.12.0",
	"minecraft:geometry": [
		{
			"description": {
				"identifier": "geometry.unknown",
				"texture_width": 32,
				"texture_height": 32,
				"visible_bounds_width": 3,
				"visible_bounds_height": 2.5,
				"visible_bounds_offset": [0, 0.75, 0]
			},
			"bones": [
				{
					"name": "lizkul",
					"pivot": [0, 0, 0]
				},
				{
					"name": "body",
					"parent": "lizkul",
					"pivot": [0, 7.11791, -1.16692]
				},
				{
					"name": "torso",
					"parent": "body",
					"pivot": [0, 4, 0.5],
					"cubes": [
						{"origin": [-2, 2, -1], "size": [4, 4, 3], "pivot": [0, 4, 0.5], "rotation": [20, 0, 0], "uv": [11, 10]}
					]
				},
				{
					"name": "tail",
					"parent": "torso",
					"pivot": [0, 2.73891, 2.84352],
					"cubes": [
						{"origin": [0, 0.73891, 1.34352], "size": [0, 6, 7], "uv": [0, 0]}
					]
				},
				{
					"name": "head",
					"parent": "torso",
					"pivot": [0, 5.61791, -1.16692],
					"cubes": [
						{"origin": [-3, 5.61791, -3.16692], "size": [6, 3, 4], "pivot": [0, 7.11791, -1.16692], "rotation": [2.5, 0, 0], "uv": [0, 0]}
					]
				},
				{
					"name": "arm1",
					"parent": "torso",
					"pivot": [2, 3.62061, 0.18404],
					"cubes": [
						{"origin": [2, 0.12061, -0.31596], "size": [1, 4, 1], "uv": [4, 13]}
					]
				},
				{
					"name": "arm2",
					"parent": "torso",
					"pivot": [-2, 3.62061, 0.18404],
					"cubes": [
						{"origin": [-3, 0.12061, -0.31596], "size": [1, 4, 1], "uv": [0, 13]}
					]
				}
			]
		}
	]
}