{
	"format_version": "1.12.0",
	"minecraft:geometry": [
		{
			"description": {
				"identifier": "geometry.taplatter",
				"texture_width": 64,
				"texture_height": 64,
				"visible_bounds_width": 4,
				"visible_bounds_height": 2.5,
				"visible_bounds_offset": [0, 0.75, 0]
			},
			"bones": [
				{
					"name": "taplatter",
					"pivot": [0, 0, 0]
				},
				{
					"name": "body",
					"parent": "taplatter",
					"pivot": [0, 3, 0]
				},
				{
					"name": "waist",
					"parent": "body",
					"pivot": [0, 3, 0],
					"cubes": [
						{"origin": [-3.5, 2, 1.5], "size": [7, 7, 3], "uv": [24, 16]}
					]
				},
				{
					"name": "torso",
					"parent": "waist",
					"pivot": [0, 2, 1.75],
					"cubes": [
						{"origin": [-4, 1.5, -6.25], "size": [8, 8, 8], "uv": [0, 0]},
						{"origin": [-2.25, 8.5, -3.75], "size": [4, 4, 4], "pivot": [-0.25, 11, -1.75], "rotation": [-7.5, -45, -30], "uv": [0, 28]},
						{"origin": [0.15, 8.5, -4], "size": [3, 3, 3], "pivot": [1.65, 9.5, -2.5], "rotation": [27.5, 10, 30], "uv": [14, 41]},
						{"origin": [-1.65, 8, -5.5], "size": [3, 3, 3], "pivot": [-0.15, 9.5, -4], "rotation": [-15, -15, -27.5], "uv": [26, 41]},
						{"origin": [-2.5, 9, -1.25], "size": [2, 2, 2], "pivot": [-1.5, 10, -0.25], "rotation": [15, 75, -17.5], "uv": [38, 46]}
					]
				},
				{
					"name": "ear_right",
					"parent": "torso",
					"pivot": [-4, 9.5, -1.25],
					"rotation": [35, -5, -37.5],
					"cubes": [
						{"origin": [-9, 8.5, -1.25], "size": [6, 6, 0], "uv": [16, 34]}
					]
				},
				{
					"name": "ear_left",
					"parent": "torso",
					"pivot": [4, 9.5, -1.25],
					"rotation": [35, 5, 37.5],
					"cubes": [
						{"origin": [3, 8.5, -1.25], "size": [6, 6, 0], "uv": [31, 34]}
					]
				},
				{
					"name": "snout",
					"parent": "torso",
					"pivot": [0, 1.9215, -6.15],
					"cubes": [
						{"origin": [-2, 2.75, -9.15], "size": [4, 4, 3], "pivot": [0, 4.75, -8.15], "rotation": [0, 0, 45], "uv": [32, 0]}
					]
				},
				{
					"name": "snout_end",
					"parent": "snout",
					"pivot": [0, 4.75, -10.15],
					"cubes": [
						{"origin": [-2, 3.75, -11.16], "size": [2, 2, 0], "pivot": [-1, 4.75, -11.16], "rotation": [0, 0, 45], "uv": [2, 52]},
						{"origin": [0, 3.75, -11.16], "size": [2, 2, 0], "pivot": [1, 4.75, -11.16], "rotation": [0, 0, -135], "uv": [2, 52]},
						{"origin": [-2.5, 2.25, -11.15], "size": [5, 5, 2], "pivot": [0, 4.75, -10.65], "rotation": [0, 0, 45], "uv": [32, 7]}
					]
				},
				{
					"name": "eye_right",
					"parent": "torso",
					"pivot": [-4.0125, 5.5, -4.25],
					"cubes": [
						{"origin": [-4.01, 4.5, -6.25], "size": [0, 2, 4], "uv": [16, 28]},
						{"origin": [-4.01, 3.5, -5.25], "size": [0, 1, 2], "uv": [46, 46]},
						{"origin": [-4.01, 6.5, -5.25], "size": [0, 1, 2], "uv": [14, 47]}
					]
				},
				{
					"name": "pupil_right",
					"parent": "eye_right",
					"pivot": [-4.02, 5.5, -4.25],
					"cubes": [
						{"origin": [-4.02, 5, -4.75], "size": [0, 1, 1], "uv": [14, 36]}
					]
				},
				{
					"name": "eyelid_right",
					"parent": "torso",
					"pivot": [-3.76, 5.5, -4.25],
					"cubes": [
						{"origin": [-3.99, 3.5, -6.25], "size": [0, 4, 4], "uv": [28, 45], "mirror": true}
					]
				},
				{
					"name": "eyelid_left",
					"parent": "torso",
					"pivot": [3.01, 5.5, -4.25],
					"cubes": [
						{"origin": [3.99, 3.5, -6.25], "size": [0, 4, 4], "uv": [28, 45]}
					]
				},
				{
					"name": "eyebrow_left",
					"parent": "torso",
					"pivot": [-4.5, 7.4, -3],
					"cubes": [
						{"origin": [-5, 6.4, -4.5], "size": [1, 2, 3], "pivot": [-4.5, 7.4, -3], "rotation": [-25, 0, 0], "uv": [44, 14]}
					]
				},
				{
					"name": "eye_left",
					"parent": "torso",
					"pivot": [4.0125, 5.5, -4.25],
					"cubes": [
						{"origin": [4.01, 3.5, -5.25], "size": [0, 1, 2], "uv": [22, 47]},
						{"origin": [4.01, 4.5, -6.25], "size": [0, 2, 4], "uv": [0, 43]},
						{"origin": [4.01, 6.5, -5.25], "size": [0, 1, 2], "uv": [18, 47]}
					]
				},
				{
					"name": "pupil_left",
					"parent": "eye_left",
					"pivot": [4.02, 5.5, -4.25],
					"cubes": [
						{"origin": [4.02, 5, -4.75], "size": [0, 1, 1], "uv": [14, 38]}
					]
				},
				{
					"name": "eyebrow_right",
					"parent": "torso",
					"pivot": [4.5, 7.4, -3],
					"cubes": [
						{"origin": [4, 6.4, -4.5], "size": [1, 2, 3], "pivot": [4.5, 7.4, -3], "rotation": [-25, 0, 0], "uv": [44, 19]}
					]
				},
				{
					"name": "tail",
					"parent": "waist",
					"pivot": [0, 4.5, 4.25]
				},
				{
					"name": "tail_middle",
					"parent": "tail",
					"pivot": [0, 4.5, 4.25],
					"cubes": [
						{"origin": [-1, 4.5, 4.25], "size": [2, 2, 2], "uv": [46, 8]}
					]
				},
				{
					"name": "tail_middle2",
					"parent": "tail_middle",
					"pivot": [0, 4.5, 6.25],
					"cubes": [
						{"origin": [-2, 3.5, 6.25], "size": [4, 4, 4], "uv": [24, 26]}
					]
				},
				{
					"name": "tail_middle3",
					"parent": "tail_middle2",
					"pivot": [0, 3.5, 10.25],
					"cubes": [
						{"origin": [-3, 2.5, 10.25], "size": [6, 6, 6], "uv": [0, 16]}
					]
				},
				{
					"name": "tail_middle4",
					"parent": "tail_middle3",
					"pivot": [0, 3.5, 16.25],
					"cubes": [
						{"origin": [-2, 3.5, 16.25], "size": [4, 4, 2], "uv": [40, 26]}
					]
				},
				{
					"name": "tail_left",
					"parent": "tail",
					"pivot": [1, 6, 4.25],
					"rotation": [-7.5, 22.5, 0],
					"cubes": [
						{"origin": [1, 5, 4.25], "size": [1, 1, 2], "uv": [50, 25], "mirror": true}
					]
				},
				{
					"name": "tail_left2",
					"parent": "tail_left",
					"pivot": [1.5, 5, 6.25],
					"cubes": [
						{"origin": [0.5, 4.5, 6.25], "size": [2, 2, 3], "uv": [38, 41], "mirror": true}
					]
				},
				{
					"name": "tail_left3",
					"parent": "tail_left2",
					"pivot": [1.5, 4.5, 9.25],
					"cubes": [
						{"origin": [0, 4, 9.25], "size": [3, 3, 4], "uv": [0, 36], "mirror": true}
					]
				},
				{
					"name": "tail_left4",
					"parent": "tail_left3",
					"pivot": [1.5, 4.5, 13.25],
					"cubes": [
						{"origin": [0.5, 4.5, 13.25], "size": [2, 2, 1], "uv": [8, 46], "mirror": true}
					]
				},
				{
					"name": "tail_right",
					"parent": "tail",
					"pivot": [-1, 6, 4.25],
					"rotation": [-7.5, -22.5, 0],
					"cubes": [
						{"origin": [-2, 5, 4.25], "size": [1, 1, 2], "uv": [50, 25]}
					]
				},
				{
					"name": "tail_right2",
					"parent": "tail_right",
					"pivot": [-1.5, 5, 6.25],
					"cubes": [
						{"origin": [-2.5, 4.5, 6.25], "size": [2, 2, 3], "uv": [38, 41]}
					]
				},
				{
					"name": "tail_right3",
					"parent": "tail_right2",
					"pivot": [-1.5, 4.5, 9.25],
					"cubes": [
						{"origin": [-3, 4, 9.25], "size": [3, 3, 4], "uv": [0, 36]}
					]
				},
				{
					"name": "tail_right4",
					"parent": "tail_right3",
					"pivot": [-1.5, 4.5, 13.25],
					"cubes": [
						{"origin": [-2.5, 4.5, 13.25], "size": [2, 2, 1], "uv": [8, 46]}
					]
				},
				{
					"name": "legs",
					"parent": "body",
					"pivot": [2, 4.75, -5]
				},
				{
					"name": "leg_back_left",
					"parent": "legs",
					"pivot": [2, 2, 1.75],
					"cubes": [
						{"origin": [1, 0, 0.75], "size": [2, 2, 2], "uv": [44, 36]},
						{"origin": [1, 2, 0.75], "size": [2, 1, 2], "uv": [44, 36]},
						{"origin": [1.5, 0, 0], "size": [1, 1, 1], "inflate": 0.01, "uv": [36, 14]}
					]
				},
				{
					"name": "leg_front_right",
					"parent": "legs",
					"pivot": [-2.5, 2, -3.25],
					"cubes": [
						{"origin": [-3.5, 0, -4.25], "size": [2, 2, 2], "uv": [46, 0]},
						{"origin": [-3.5, 2, -4.25], "size": [2, 1, 2], "uv": [46, 0]},
						{"origin": [-3, 0, -5], "size": [1, 1, 1], "inflate": 0.01, "uv": [40, 14]}
					]
				},
				{
					"name": "leg_front_left",
					"parent": "legs",
					"pivot": [2.5, 2, -3.25],
					"cubes": [
						{"origin": [2, 0, -5], "size": [1, 1, 1], "inflate": 0.01, "uv": [40, 32]},
						{"origin": [1.5, 0, -4.25], "size": [2, 2, 2], "uv": [46, 4]},
						{"origin": [1.5, 2, -4.25], "size": [2, 1, 2], "uv": [46, 4]}
					]
				},
				{
					"name": "leg_back_right",
					"parent": "legs",
					"pivot": [-2, 2, 1.75],
					"cubes": [
						{"origin": [-3, 0, 0.75], "size": [2, 2, 2], "uv": [44, 32]},
						{"origin": [-3, 2, 0.75], "size": [2, 1, 2], "uv": [44, 32]},
						{"origin": [-2.5, 0, 0], "size": [1, 1, 1], "inflate": 0.01, "uv": [32, 14]}
					]
				}
			]
		}
	]
}