{
	"format_version": "1.12.0",
	"minecraft:geometry": [
		{
			"description": {
				"identifier": "geometry.milotic_female",
				"texture_width": 128,
				"texture_height": 128,
				"visible_bounds_width": 8,
				"visible_bounds_height": 9,
				"visible_bounds_offset": [0, -0.5, 0]
			},
			"bones": [
				{
					"name": "milotic",
					"pivot": [0, 0, 0]
				},
				{
					"name": "body",
					"parent": "milotic",
					"pivot": [0, 6, -0.5]
				},
				{
					"name": "neck",
					"parent": "body",
					"pivot": [0, 11, -0.25],
					"cubes": [
						{"origin": [-4, 10, -4.25], "size": [8, 8, 8], "uv": [36, 41]}
					]
				},
				{
					"name": "neck2",
					"parent": "neck",
					"pivot": [0, 17, -0.25],
					"cubes": [
						{"origin": [-3, 16, -3], "size": [6, 7, 6], "uv": [0, 67]}
					]
				},
				{
					"name": "neck3",
					"parent": "neck2",
					"pivot": [0, 22, 0],
					"cubes": [
						{"origin": [-2.5, 22, -2.5], "size": [5, 6, 5], "uv": [48, 70]}
					]
				},
				{
					"name": "neck4",
					"parent": "neck3",
					"pivot": [0, 27, 0],
					"cubes": [
						{"origin": [-2, 27, -2], "size": [4, 5, 4], "inflate": 0.01, "uv": [40, 81]}
					]
				},
				{
					"name": "neck5",
					"parent": "neck4",
					"pivot": [0, 31, 0],
					"cubes": [
						{"origin": [-2, 31, -2], "size": [4, 6, 4], "uv": [68, 76]}
					]
				},
				{
					"name": "head",
					"parent": "neck5",
					"pivot": [0, 36.75, -1]
				},
				{
					"name": "head_correction",
					"parent": "head",
					"pivot": [0, 36.75, -1]
				},
				{
					"name": "head_ai",
					"parent": "head_correction",
					"pivot": [0, 36.75, -1]
				},
				{
					"name": "head_angle",
					"parent": "head_ai",
					"pivot": [0, 36.75, -1],
					"cubes": [
						{"origin": [-3, 34.5, -4.75], "size": [6, 6, 7], "uv": [48, 57]},
						{"origin": [-2, 34.5, -6.75], "size": [4, 4, 2], "uv": [64, 86]}
					]
				},
				{
					"name": "head_spike",
					"parent": "head_angle",
					"pivot": [0, 40.5, -0.75],
					"rotation": [67.5, 0, 0],
					"cubes": [
						{"origin": [-1.5, 37.5, -1.25], "size": [3, 3, 4], "uv": [84, 85]},
						{"origin": [-1, 53, -7.25], "size": [2, 2, 3], "pivot": [-4.5, 42.5, -11.25], "rotation": [-92.5, 0, 0], "uv": [88, 6]},
						{"origin": [-0.5, 45.5, -6.25], "size": [1, 1, 2], "pivot": [-3.5, 34.5, -14.25], "rotation": [-50, 0, 0], "uv": [24, 53]},
						{"origin": [-1, 37.5, 2.25], "size": [2, 2, 3], "pivot": [0, 37.5, 3.25], "rotation": [-17.5, 0, 0], "uv": [88, 11]},
						{"origin": [-0.5, 35.5, 3.25], "size": [1, 2, 1], "pivot": [0, 35.5, 4.25], "rotation": [-20, 0, 0], "uv": [22, 94]}
					]
				},
				{
					"name": "eyes",
					"parent": "head_angle",
					"pivot": [0, 38.75, -3.25],
					"rotation": [5, 0, 0]
				},
				{
					"name": "eye_left",
					"parent": "eyes",
					"pivot": [3.01, 38, -2.75],
					"cubes": [
						{"origin": [3.01, 36.5, -4.25], "size": [0, 3, 3], "uv": [90, 92]}
					]
				},
				{
					"name": "eye_angry_left",
					"parent": "eye_left",
					"pivot": [2.92, 38.5, -3.25],
					"cubes": [
						{"origin": [2.92, 38.25, -4.25], "size": [0, 1, 2], "inflate": 0.01, "uv": [64, 81]},
						{"origin": [2.92, 38.6, -2.25], "size": [0, 1, 1], "inflate": 0.01, "uv": [30, 53]}
					]
				},
				{
					"name": "eye_sad_left",
					"parent": "eye_left",
					"pivot": [2.92, 39, -1.75],
					"cubes": [
						{"origin": [2.92, 38.5, -2.75], "size": [0, 1, 2], "inflate": 0.01, "uv": [20, 84]}
					]
				},
				{
					"name": "pupil_left",
					"parent": "eye_left",
					"pivot": [3.02, 38, -2.75],
					"cubes": [
						{"origin": [3.02, 37, -3.75], "size": [0, 2, 2], "uv": [32, 53]}
					]
				},
				{
					"name": "eyelid_left",
					"parent": "eye_left",
					"pivot": [2.42, 38, -2.75],
					"cubes": [
						{"origin": [1.92, 36.5, -4.25], "size": [1, 3, 3], "inflate": 0.01, "uv": [40, 75]}
					]
				},
				{
					"name": "eyelid_happy_left",
					"parent": "eye_left",
					"pivot": [2.42, 38, -2.75],
					"cubes": [
						{"origin": [1.92, 36.25, -4.25], "size": [1, 3, 3], "inflate": 0.01, "uv": [76, 86]}
					]
				},
				{
					"name": "eyelid_recoil_left",
					"parent": "eye_left",
					"pivot": [2.42, 38, -2.75],
					"cubes": [
						{"origin": [1.92, 36.25, -4.25], "size": [1, 3, 3], "inflate": 0.01, "uv": [18, 88]}
					]
				},
				{
					"name": "eye_right",
					"parent": "eyes",
					"pivot": [-3.01, 38, -2.75],
					"cubes": [
						{"origin": [-3.01, 36.5, -4.25], "size": [0, 3, 3], "uv": [16, 94]}
					]
				},
				{
					"name": "eye_angry_right",
					"parent": "eye_right",
					"pivot": [-2.92, 38.5, -3.25],
					"cubes": [
						{"origin": [-2.92, 38.25, -4.25], "size": [0, 1, 2], "inflate": 0.01, "uv": [94, 16]},
						{"origin": [-2.92, 38.6, -2.25], "size": [0, 1, 1], "inflate": 0.01, "uv": [64, 20]}
					]
				},
				{
					"name": "eye_sad_right",
					"parent": "eye_right",
					"pivot": [-2.92, 39, -1.75],
					"cubes": [
						{"origin": [-2.92, 38.5, -2.75], "size": [0, 1, 2], "inflate": 0.01, "uv": [94, 19]}
					]
				},
				{
					"name": "pupil_right",
					"parent": "eye_right",
					"pivot": [-3.02, 38, -2.75],
					"cubes": [
						{"origin": [-3.02, 37, -3.75], "size": [0, 2, 2], "uv": [20, 80]}
					]
				},
				{
					"name": "eyelid_right",
					"parent": "eye_right",
					"pivot": [-2.42, 38, -2.75],
					"cubes": [
						{"origin": [-2.92, 36.5, -4.25], "size": [1, 3, 3], "inflate": 0.01, "uv": [26, 88]}
					]
				},
				{
					"name": "eyelid_happy_right",
					"parent": "eye_right",
					"pivot": [-2.42, 38, -2.75],
					"cubes": [
						{"origin": [-2.92, 36.25, -4.25], "size": [1, 3, 3], "inflate": 0.01, "uv": [0, 89]}
					]
				},
				{
					"name": "eyelid_recoil_right",
					"parent": "eye_right",
					"pivot": [-2.42, 38, -2.75],
					"cubes": [
						{"origin": [-2.92, 36.25, -4.25], "size": [1, 3, 3], "inflate": 0.01, "uv": [8, 89]}
					]
				},
				{
					"name": "mouth",
					"parent": "head_angle",
					"pivot": [0, 34.5, -4.75]
				},
				{
					"name": "mouth_closed",
					"parent": "mouth",
					"pivot": [0, 34.49, -4.75],
					"cubes": [
						{"origin": [-1.5, 34.49, -5.25], "size": [3, 0, 1], "uv": [50, 20]}
					]
				},
				{
					"name": "mouth_open",
					"parent": "mouth",
					"pivot": [0, 34.59, -4.75],
					"cubes": [
						{"origin": [-1.5, 34.59, -5.75], "size": [3, 0, 2], "uv": [40, 20]}
					]
				},
				{
					"name": "mouth_happy",
					"parent": "mouth",
					"pivot": [0, 34.59, -4.75],
					"cubes": [
						{"origin": [-1.5, 34.59, -5.75], "size": [3, 0, 1], "uv": [50, 21]},
						{"origin": [-1, 34.59, -4.75], "size": [2, 0, 1], "uv": [58, 20]}
					]
				},
				{
					"name": "mouth_sad",
					"parent": "mouth",
					"pivot": [0, 34.59, -4.75],
					"cubes": [
						{"origin": [-1.5, 34.59, -5], "size": [3, 0, 1], "inflate": 0.01, "uv": [24, 56]},
						{"origin": [-1, 34.59, -5.5], "size": [2, 0, 1], "uv": [58, 21]}
					]
				},
				{
					"name": "eyelashes",
					"parent": "head_angle",
					"pivot": [0, 36.5, -3.5],
					"rotation": [-80, 0, 0]
				},
				{
					"name": "eyelash_left",
					"parent": "eyelashes",
					"pivot": [3, 35.75, -3.5],
					"rotation": [0, 2.5, 0],
					"cubes": [
						{"origin": [3.01, 35.75, -3.5], "size": [0, 1, 4], "inflate": 0.01, "uv": [34, 90]}
					]
				},
				{
					"name": "eyelash_left2",
					"parent": "eyelash_left",
					"pivot": [3, 36.75, 0.5],
					"cubes": [
						{"origin": [3.01, 35.75, 0.5], "size": [0, 1, 4], "inflate": 0.005, "uv": [42, 90]}
					]
				},
				{
					"name": "eyelash_left3",
					"parent": "eyelash_left2",
					"pivot": [3, 35.75, 4.5],
					"cubes": [
						{"origin": [3.01, 35.75, 4.5], "size": [0, 1, 4], "uv": [50, 91]}
					]
				},
				{
					"name": "eyelash_left4",
					"parent": "eyelash_left3",
					"pivot": [3, 35.75, 8.5],
					"cubes": [
						{"origin": [3.01, 35.75, 8.5], "size": [0, 1, 4], "uv": [92, 34]}
					]
				},
				{
					"name": "eyelash_left5",
					"parent": "eyelash_left4",
					"pivot": [3, 35.75, 12.5],
					"cubes": [
						{"origin": [3.01, 35.75, 12.5], "size": [0, 1, 4], "uv": [92, 39]}
					]
				},
				{
					"name": "eyelash_left6",
					"parent": "eyelash_left5",
					"pivot": [3, 35.75, 16.5],
					"cubes": [
						{"origin": [3.01, 35.75, 16.5], "size": [0, 1, 4], "uv": [66, 92]}
					]
				},
				{
					"name": "eyelash_right",
					"parent": "eyelashes",
					"pivot": [-3, 35.75, -3.5],
					"rotation": [0, -2.5, 0],
					"cubes": [
						{"origin": [-3.01, 35.75, -3.5], "size": [0, 1, 4], "inflate": 0.01, "uv": [92, 44]}
					]
				},
				{
					"name": "eyelash_right2",
					"parent": "eyelash_right",
					"pivot": [-3, 36.75, 0.5],
					"cubes": [
						{"origin": [-3.01, 35.75, 0.5], "size": [0, 1, 4], "inflate": 0.005, "uv": [92, 49]}
					]
				},
				{
					"name": "eyelash_right3",
					"parent": "eyelash_right2",
					"pivot": [-3, 35.75, 4.5],
					"cubes": [
						{"origin": [-3.01, 35.75, 4.5], "size": [0, 1, 4], "uv": [58, 92]}
					]
				},
				{
					"name": "eyelash_right4",
					"parent": "eyelash_right3",
					"pivot": [-3, 35.75, 8.5],
					"cubes": [
						{"origin": [-3.01, 35.75, 8.5], "size": [0, 1, 4], "uv": [92, 70]}
					]
				},
				{
					"name": "eyelash_right5",
					"parent": "eyelash_right4",
					"pivot": [-3, 35.75, 12.5],
					"cubes": [
						{"origin": [-3.01, 35.75, 12.5], "size": [0, 1, 4], "uv": [74, 92]}
					]
				},
				{
					"name": "eyelash_right6",
					"parent": "eyelash_right5",
					"pivot": [-3, 35.75, 16.5],
					"cubes": [
						{"origin": [-3.01, 35.75, 16.5], "size": [0, 1, 4], "uv": [82, 92]}
					]
				},
				{
					"name": "hair",
					"parent": "head_angle",
					"pivot": [0, 39.5, 0.25],
					"rotation": [37.5, 0, 0]
				},
				{
					"name": "hair_left1",
					"parent": "hair",
					"pivot": [3, 40, 0.75],
					"cubes": [
						{"origin": [3, 40, -0.75], "size": [4, 0, 3], "uv": [88, 0]}
					]
				},
				{
					"name": "hair_left2",
					"parent": "hair_left1",
					"pivot": [7, 40, 0.75],
					"cubes": [
						{"origin": [7, 40, -1.25], "size": [5, 0, 4], "uv": [84, 81]}
					]
				},
				{
					"name": "hair_left3",
					"parent": "hair_left2",
					"pivot": [12, 40, 0.75],
					"rotation": [0, 0, -5],
					"cubes": [
						{"origin": [12, 40, -1.75], "size": [5, 0, 5], "uv": [0, 80]}
					]
				},
				{
					"name": "hair_left4",
					"parent": "hair_left3",
					"pivot": [17, 40, 0.75],
					"rotation": [0, 0, -2.5],
					"cubes": [
						{"origin": [17, 40, -2.25], "size": [6, 0, 6], "uv": [68, 50]}
					]
				},
				{
					"name": "hair_left5",
					"parent": "hair_left4",
					"pivot": [23, 40, 0.75],
					"rotation": [0, 0, -2.5],
					"cubes": [
						{"origin": [23, 40, -2.75], "size": [4, 0, 7], "uv": [74, 56]}
					]
				},
				{
					"name": "hair_left6",
					"parent": "hair_left5",
					"pivot": [27, 40, 0.75],
					"cubes": [
						{"origin": [27, 40, -3.25], "size": [4, 0, 8], "uv": [68, 34]}
					]
				},
				{
					"name": "hair_left7",
					"parent": "hair_left6",
					"pivot": [31, 40, 0.75],
					"cubes": [
						{"origin": [31, 40, -3.75], "size": [4, 0, 9], "uv": [68, 16]}
					]
				},
				{
					"name": "hair_right1",
					"parent": "hair",
					"pivot": [-3, 40, 0.75],
					"cubes": [
						{"origin": [-7, 40, -0.75], "size": [4, 0, 3], "uv": [88, 3]}
					]
				},
				{
					"name": "hair_right2",
					"parent": "hair_right1",
					"pivot": [-7, 40, 0.75],
					"cubes": [
						{"origin": [-12, 40, -1.25], "size": [5, 0, 4], "uv": [0, 85]}
					]
				},
				{
					"name": "hair_right3",
					"parent": "hair_right2",
					"pivot": [-12, 40, 0.75],
					"rotation": [0, 0, 5],
					"cubes": [
						{"origin": [-17, 40, -1.75], "size": [5, 0, 5], "uv": [84, 76]}
					]
				},
				{
					"name": "hair_right4",
					"parent": "hair_right3",
					"pivot": [-17, 40, 0.75],
					"rotation": [0, 0, 2.5],
					"cubes": [
						{"origin": [-23, 40, -2.25], "size": [6, 0, 6], "uv": [68, 70]}
					]
				},
				{
					"name": "hair_right5",
					"parent": "hair_right4",
					"pivot": [-23, 40, 0.75],
					"rotation": [0, 0, 2.5],
					"cubes": [
						{"origin": [-27, 40, -2.75], "size": [4, 0, 7], "uv": [74, 63]}
					]
				},
				{
					"name": "hair_right6",
					"parent": "hair_right5",
					"pivot": [-27, 40, 0.75],
					"cubes": [
						{"origin": [-31, 40, -3.25], "size": [4, 0, 8], "uv": [68, 42]}
					]
				},
				{
					"name": "hair_right7",
					"parent": "hair_right6",
					"pivot": [-31, 40, 0.75],
					"cubes": [
						{"origin": [-35, 40, -3.75], "size": [4, 0, 9], "uv": [68, 25]}
					]
				},
				{
					"name": "torso",
					"parent": "body",
					"pivot": [0, 12, -0.5],
					"cubes": [
						{"origin": [-5, 0, -5.5], "size": [10, 12, 10], "uv": [0, 0]}
					]
				},
				{
					"name": "tail1",
					"parent": "torso",
					"pivot": [0, 1, -0.5],
					"cubes": [
						{"origin": [-4.5, -10, -5], "size": [9, 12, 9], "uv": [0, 22]}
					]
				},
				{
					"name": "tail2",
					"parent": "tail1",
					"pivot": [0, -9, -0.5],
					"cubes": [
						{"origin": [-4, -19, -4.5], "size": [8, 11, 8], "uv": [36, 22]}
					]
				},
				{
					"name": "tail3",
					"parent": "tail2",
					"pivot": [0, -18, -0.5],
					"cubes": [
						{"origin": [-3.5, -30, -4], "size": [7, 13, 7], "uv": [40, 0]}
					]
				},
				{
					"name": "tail4",
					"parent": "tail3",
					"pivot": [0, -29, -0.5],
					"cubes": [
						{"origin": [-3, -40, -3.5], "size": [6, 12, 6], "uv": [24, 57]}
					]
				},
				{
					"name": "tail5",
					"parent": "tail4",
					"pivot": [0, -39, -0.5],
					"cubes": [
						{"origin": [-2.5, -49, -3], "size": [5, 11, 5], "uv": [68, 0]}
					]
				},
				{
					"name": "tail6",
					"parent": "tail5",
					"pivot": [0, -48, -0.25],
					"cubes": [
						{"origin": [-2, -56, -2.5], "size": [4, 9, 4], "uv": [24, 75]}
					]
				},
				{
					"name": "tail7",
					"parent": "tail6",
					"pivot": [0, -55, -0.5],
					"cubes": [
						{"origin": [-1.5, -62, -1.95], "size": [3, 7, 3], "uv": [24, 43]}
					]
				},
				{
					"name": "tail8",
					"parent": "tail7",
					"pivot": [0, -61, -0.5],
					"cubes": [
						{"origin": [-1, -69, -1.5], "size": [2, 8, 2], "uv": [56, 81]},
						{"origin": [0, -84, -9.5], "size": [0, 12, 12], "pivot": [0, -74, -3.5], "rotation": [45, 0, 0], "uv": [0, 43]}
					]
				}
			]
		}
	]
}