{
  "implemented": true,
  "name": "gammaduskit",
  "nationalPokedexNumber": 9999,
  "primaryType": "ghost",
  "secondaryType": "psychic",
  "abilities": [
    "synchronize",
    "h:guts"
  ],
  "baseStats": {
    "hp": 74,
    "attack": 100,
    "defence": 81,
    "special_attack": 132,
    "special_defence": 104,
    "speed": 109
  },
  "behaviour": {
    "resting": {
      "canSleep": true,
      "depth": "normal",
      "light": "4-15",
      "willSleepOnBed": true,
      "times": "day"
    },
    "moving": {
      "canLook": true,
      "walk": {
        "canWalk": true,
        "avoidsLand": false
      },
      "swim": {
        "swimSpeed": 0.3,
        "canSwimInWater": true,
        "canBreatheUnderwater": false
      },
      "fly": {
        "canFly": true,
        "flySpeedHorizontal": 0.3
      },
      "wanderChance": 1
    }
  },
  "catchRate": 10,
  "maleRatio": -1,
  "shoulderMountable": true,
  "baseExperienceYield": 270,
  "experienceGroup": "medium_slow",
  "eggCycles": 25,
  "eggGroups": [
    "monster",
    "undiscovered"
  ],
  "drops": {
    "amount": 1,
    "entries": [
      {
        "item": "minecraft:bone",
        "quantityRange": "1-2",
        "percentage": 50
      }
    ]
  },
  "moves": [
    "1:copycat",
    "1:astonish",
    "1:destinybond",
    "2:confuseray",
    "3:pursuit",
    "4:confusion",
    "6:teleport",
    "8:lick",
    "10:nightshade",
    "12:sirrorcoat",
    "15:shadowsneak",
    "19:hex",
    "20:falseswipe",
    "22:psychocut",
    "24:shadowball",
    "24:shadowclaw",
    "27:hypnosis",
    "28:psychicfangs",
    "29:calmmind",
    "33:willowisp",
    "35:memento",
    "36:darkpulse",
    "36:psychic",
    "37:shadowpunch",
    "45:encore",
    "50:outrage",
    "52:psychoboost",
    "56:storedpower"
  
  ],
  "labels": [
    "custom"
  ],
  "pokedex": [
    "cobblemon.species.duskit.desc1"
  ],
  "baseScale": 0.5,
  "hitbox": {
    "width": 1,
    "height": 2.5,
    "fixed": true
  },
  "baseFriendship": 50,
  "evYield": {
    "hp": 0,
    "attack": 0,
    "defence": 0,
    "special_attack": 1,
    "special_defence": 0,
    "speed": 0
  },
  "height": 9,
  "weight": 168,
  "evolutions": [
    {
      "id": "gammaduskit-duskit-item_interact",
      "variant": "item_interact",
      "result": "duskit",
      "consumeHeldItem": false,
      "learnableMoves": [],
      "requirements": [],
      "requiredContext": "minecraft:bone"
    }
  ]
}