{
	"format_version": "1.8.0",
	"animations": {
		"animation.mosaga.ground_idle": {
			"loop": true,
			"animation_length": 4,
			"bones": {
				"mosaduskrus": {
					"position": {
						"0.0": [0, 0, 0],
						"1.0": [0, -1, 0],
						"2.0": [0, 0, 0],
						"3.0": [0, -1, 0],
						"4.0": [0, 0, 0]
					}
				},
				"neck": {
					"rotation": {
						"0.0": [0, 0, 0],
						"1.0": [-5, 0, 0],
						"2.0": [0, 0, 0],
						"3.0": [-5, 0, 0],
						"4.0": [0, 0, 0]
					}
				},
				"left_leg": {
					"rotation": [0, -30, 85]
				},
				"right_leg": {
					"rotation": [0, 30, -90]
				},
				"head": {
					"position": {
						"0.0": [0, 0, 0],
						"1.0": [0, -0.5, 0],
						"2.0": [0, 0, 0],
						"3.0": [0, -0.5, 0],
						"4.0": [0, 0, 0]
					}
				},
				"tail": {
					"rotation": {
						"0.0": [0, 0, 0],
						"1.0": [0, -2.5, 0],
						"2.0": [0, 0, 0],
						"3.0": [0, 2.5, 0],
						"4.0": [0, 0, 0]
					},
					"position": {
						"0.0": [0, 0, 0],
						"1.0": [0, 0, 0],
						"2.0": [0, 0, 0],
						"3.0": [0, 0, 0],
						"4.0": [0, 0, 0]
					}
				},
				"left_arm": {
					"rotation": [0, -45, 90]
				},
				"right_arm": {
					"rotation": [0, 45, -90],
					"position": [1, -1, 0.7]
				}
			}
		},
		"animation.mosaga.ground_walk": {
			"loop": true,
			"animation_length": 4,
			"bones": {
				"neck": {
					"rotation": {
						"0.0": [0, 0, 0],
						"1.0": [0, -15, 0],
						"2.0": [0, 0, 0],
						"3.0": [0, 15, 0],
						"4.0": [0, 0, 0]
					},
					"position": {
						"0.0": [0, 0, 0],
						"1.0": [0, 0, 1],
						"2.0": [0, 0, 0],
						"3.0": [0, 0, 1],
						"4.0": [0, 0, 0]
					}
				},
				"neck2": {
					"rotation": {
						"0.0": [0, 0, 0],
						"1.0": [0, -7.5, 0],
						"2.0": [0, 0, 0],
						"3.0": [0, 15, 0],
						"4.0": [0, 0, 0]
					},
					"position": {
						"0.0": [0, 0, 0],
						"1.0": [0, 0, 1],
						"2.0": [0, 0, 0],
						"3.0": [0, 0, 1],
						"4.0": [0, 0, 0]
					}
				},
				"left_leg": {
					"rotation": {
						"0.0": [0, -30, 85],
						"1.0": [0, -15, 85],
						"2.0": [0, -30, 85],
						"3.0": [0, -15, 85],
						"4.0": [0, -30, 85]
					}
				},
				"right_leg": {
					"rotation": {
						"0.0": [0, 30, -90],
						"1.0": [0, 15, -90],
						"2.0": [0, 30, -90],
						"3.0": [0, 15, -90],
						"4.0": [0, 30, -90]
					}
				},
				"head": {
					"rotation": {
						"0.0": [0, 0, 0],
						"2.0": [0, 0, 0],
						"4.0": [0, 0, 0]
					},
					"position": {
						"0.0": [0, 0, 0],
						"2.0": [0, 0, 0],
						"4.0": [0, 0, 0]
					}
				},
				"tail": {
					"rotation": {
						"0.0": [0, 0, 0],
						"1.0": [0, -17.5, 0],
						"2.0": [0, 0, 0],
						"3.0": [0, 17.5, 0],
						"4.0": [0, 0, 0]
					},
					"position": {
						"0.0": [0, 0, 0],
						"1.0": [0, 0, -1],
						"2.0": [0, 0, 0],
						"3.0": [0, 0, -1],
						"4.0": [0, 0, 0]
					}
				},
				"tail2": {
					"rotation": {
						"0.0": [0, 0, 0],
						"1.0": [0, -25, 0],
						"2.0": [0, 0, 0],
						"3.0": [0, 25, 0],
						"4.0": [0, 0, 0]
					},
					"position": {
						"0.0": [0, 0, 0],
						"1.0": [0, 0, 0],
						"2.0": [0, 0, 0],
						"3.0": [0, 0, 0],
						"4.0": [0, 0, 0]
					}
				},
				"tail3": {
					"rotation": {
						"0.0": [0, 0, 0],
						"1.0": [0, -5, 0],
						"2.0": [0, 0, 0],
						"3.0": [0, 5, 0],
						"4.0": [0, 0, 0]
					},
					"position": {
						"0.0": [0, 0, 0],
						"1.0": [0, 0, -1],
						"2.0": [0, 0, 0],
						"3.0": [0, 0, -1],
						"4.0": [0, 0, 0]
					}
				},
				"left_arm": {
					"rotation": {
						"0.0": [0, -45, 90],
						"1.0": [0, -30, 90],
						"2.0": [0, -45, 90],
						"3.0": [0, -30, 90],
						"4.0": [0, -45, 90]
					}
				},
				"right_arm": {
					"rotation": {
						"0.0": [0, 45, -90],
						"1.0": [0, 30, -90],
						"2.0": [0, 45, -90],
						"3.0": [0, 30, -90],
						"4.0": [0, 45, -90]
					},
					"position": [1, -1, 0.7]
				}
			}
		},
		"animation.mosaga.battle_idle": {
			"loop": true,
			"animation_length": 4,
			"bones": {
				"neck": {
					"rotation": {
						"0.0": [0, 0, 0],
						"1.0": [-7.5, 0, 0],
						"2.0": [0, 0, 0],
						"3.0": [-7.5, 0, 0],
						"4.0": [0, 0, 0]
					}
				},
				"neck2": {
					"rotation": {
						"0.0": [0, 0, 0],
						"1.0": [-5, 0, 0],
						"2.0": [0, 0, 0],
						"3.0": [-5, 0, 0],
						"4.0": [0, 0, 0]
					},
					"position": {
						"0.0": [0, 0, 0],
						"1.0": [0, 0, 1],
						"2.0": [0, 0, 0],
						"3.0": [0, 0, 1],
						"4.0": [0, 0, 0]
					}
				},
				"left_leg": {
					"rotation": [0, -30, 85]
				},
				"right_leg": {
					"rotation": [0, 30, -90]
				},
				"jaw": {
					"rotation": {
						"0.0": [12.5, 0, 0],
						"1.0": [22.5, 0, 0],
						"2.0": [12.5, 0, 0],
						"3.0": [22.5, 0, 0],
						"4.0": [12.5, 0, 0]
					}
				},
				"tail": {
					"rotation": {
						"0.0": [0, 0, 0],
						"1.0": [0, -17.5, 0],
						"2.0": [0, 0, 0],
						"3.0": [0, 17.5, 0],
						"4.0": [0, 0, 0]
					},
					"position": {
						"0.0": [0, 0, 0],
						"1.0": [0, 0, -1],
						"2.0": [0, 0, 0],
						"3.0": [0, 0, -1],
						"4.0": [0, 0, 0]
					}
				},
				"tail2": {
					"rotation": {
						"0.0": [0, 0, 0],
						"1.0": [0, -25, 0],
						"2.0": [0, 0, 0],
						"3.0": [0, 25, 0],
						"4.0": [0, 0, 0]
					},
					"position": {
						"0.0": [0, 0, 0],
						"1.0": [0, 0, 0],
						"2.0": [0, 0, 0],
						"3.0": [0, 0, 0],
						"4.0": [0, 0, 0]
					}
				},
				"tail3": {
					"rotation": {
						"0.0": [0, 0, 0],
						"1.0": [0, -5, 0],
						"2.0": [0, 0, 0],
						"3.0": [0, 5, 0],
						"4.0": [0, 0, 0]
					},
					"position": {
						"0.0": [0, 0, 0],
						"1.0": [0, 0, -1],
						"2.0": [0, 0, 0],
						"3.0": [0, 0, -1],
						"4.0": [0, 0, 0]
					}
				},
				"left_arm": {
					"rotation": [0, -45, 90]
				},
				"right_arm": {
					"rotation": [0, 45, -90],
					"position": [1, -1, 0.7]
				}
			}
		},
		"animation.mosaga.sleep": {
			"loop": true,
			"animation_length": 4,
			"bones": {
				"mosaduskrus": {
					"position": {
						"0.0": [0, 0, 0],
						"2.0": [0, 2, 0],
						"4.0": [0, 0, 0]
					}
				},
				"neck": {
					"rotation": {
						"0.0": [5, 0, 0],
						"2.0": [15, 0, 0],
						"4.0": [5, 0, 0]
					},
					"position": {
						"0.0": [0, 0, 0],
						"2.0": [0, 0, 1],
						"4.0": [0, 0, 0]
					}
				},
				"left_leg": {
					"rotation": [0, -30, 85]
				},
				"right_leg": {
					"rotation": [0, 30, -90]
				},
				"head": {
					"position": {
						"0.0": [0, 0, 0],
						"2.0": [0, -0.5, 0],
						"4.0": [0, 0, 0]
					}
				},
				"tail": {
					"rotation": {
						"0.0": [-7.5, 0, 0],
						"2.0": [-15, 0, 0],
						"4.0": [-7.5, 0, 0]
					}
				},
				"tail2": {
					"rotation": {
						"0.0": [0, 0, 0],
						"2.0": [-10, 0, 0],
						"4.0": [0, 0, 0]
					}
				},
				"left_arm": {
					"rotation": [0, -45, 90]
				},
				"right_arm": {
					"rotation": [0, 45, -90],
					"position": [1, -1, 0.7]
				},
				"eyelid_right": {
					"position": [-0.1, 0, 0]
				},
				"eyelid_left": {
					"position": [0.1, 0, 0]
				}
			}
		},
		"animation.mosaga.blink": {
			"animation_length": 0.1667,
			"bones": {
				"eyelid_right": {
					"position": {
						"0.0": [-0.1, 0, 0],
						"0.125": [-0.1, 0, 0],
						"0.1667": [0, 0, 0]
					}
				},
				"eyelid_left": {
					"position": {
						"0.0": [0.1, 0, 0],
						"0.125": [0.1, 0, 0],
						"0.1667": [0, 0, 0]
					}
				}
			}
		},
		"animation.mosaga.water_idle": {
			"loop": true,
			"animation_length": 4,
			"bones": {
				"mosaduskrus": {
					"position": {
						"0.0": [0, 0, 0],
						"1.0": [0, -1, 0],
						"2.0": [0, 0, 0],
						"3.0": [0, -1, 0],
						"4.0": [0, 0, 0]
					}
				},
				"neck": {
					"rotation": {
						"0.0": [0, 0, 0],
						"1.0": [-5, 0, 0],
						"2.0": [0, 0, 0],
						"3.0": [-5, 0, 0],
						"4.0": [0, 0, 0]
					}
				},
				"left_leg": {
					"rotation": [0, -30, 85]
				},
				"right_leg": {
					"rotation": [0, 30, -90]
				},
				"head": {
					"position": {
						"0.0": [0, 0, 0],
						"1.0": [0, -0.5, 0],
						"2.0": [0, 0, 0],
						"3.0": [0, -0.5, 0],
						"4.0": [0, 0, 0]
					}
				},
				"tail": {
					"rotation": {
						"0.0": [0, 0, 0],
						"1.0": [0, -2.5, 0],
						"2.0": [0, 0, 0],
						"3.0": [0, 2.5, 0],
						"4.0": [0, 0, 0]
					},
					"position": {
						"0.0": [0, 0, 0],
						"1.0": [0, 0, 0],
						"2.0": [0, 0, 0],
						"3.0": [0, 0, 0],
						"4.0": [0, 0, 0]
					}
				},
				"left_arm": {
					"rotation": [0, -45, 90]
				},
				"right_arm": {
					"rotation": [0, 45, -90],
					"position": [1, -1, 0.7]
				}
			}
		},
		"animation.mosaga.water_walk": {
			"loop": true,
			"animation_length": 4,
			"bones": {
				"neck": {
					"rotation": {
						"0.0": [0, 0, 0],
						"1.0": [0, -15, 0],
						"2.0": [0, 0, 0],
						"3.0": [0, 15, 0],
						"4.0": [0, 0, 0]
					},
					"position": {
						"0.0": [0, 0, 0],
						"1.0": [0, 0, 1],
						"2.0": [0, 0, 0],
						"3.0": [0, 0, 1],
						"4.0": [0, 0, 0]
					}
				},
				"neck2": {
					"rotation": {
						"0.0": [0, 0, 0],
						"1.0": [0, -7.5, 0],
						"2.0": [0, 0, 0],
						"3.0": [0, 15, 0],
						"4.0": [0, 0, 0]
					},
					"position": {
						"0.0": [0, 0, 0],
						"1.0": [0, 0, 1],
						"2.0": [0, 0, 0],
						"3.0": [0, 0, 1],
						"4.0": [0, 0, 0]
					}
				},
				"left_leg": {
					"rotation": {
						"0.0": [0, -30, 85],
						"1.0": [0, -15, 85],
						"2.0": [0, -30, 85],
						"3.0": [0, -15, 85],
						"4.0": [0, -30, 85]
					}
				},
				"right_leg": {
					"rotation": {
						"0.0": [0, 30, -90],
						"1.0": [0, 15, -90],
						"2.0": [0, 30, -90],
						"3.0": [0, 15, -90],
						"4.0": [0, 30, -90]
					}
				},
				"head": {
					"rotation": {
						"0.0": [0, 0, 0],
						"2.0": [0, 0, 0],
						"4.0": [0, 0, 0]
					},
					"position": {
						"0.0": [0, 0, 0],
						"2.0": [0, 0, 0],
						"4.0": [0, 0, 0]
					}
				},
				"tail": {
					"rotation": {
						"0.0": [0, 0, 0],
						"1.0": [0, -17.5, 0],
						"2.0": [0, 0, 0],
						"3.0": [0, 17.5, 0],
						"4.0": [0, 0, 0]
					},
					"position": {
						"0.0": [0, 0, 0],
						"1.0": [0, 0, -1],
						"2.0": [0, 0, 0],
						"3.0": [0, 0, -1],
						"4.0": [0, 0, 0]
					}
				},
				"tail2": {
					"rotation": {
						"0.0": [0, 0, 0],
						"1.0": [0, -25, 0],
						"2.0": [0, 0, 0],
						"3.0": [0, 25, 0],
						"4.0": [0, 0, 0]
					},
					"position": {
						"0.0": [0, 0, 0],
						"1.0": [0, 0, 0],
						"2.0": [0, 0, 0],
						"3.0": [0, 0, 0],
						"4.0": [0, 0, 0]
					}
				},
				"tail3": {
					"rotation": {
						"0.0": [0, 0, 0],
						"1.0": [0, -5, 0],
						"2.0": [0, 0, 0],
						"3.0": [0, 5, 0],
						"4.0": [0, 0, 0]
					},
					"position": {
						"0.0": [0, 0, 0],
						"1.0": [0, 0, -1],
						"2.0": [0, 0, 0],
						"3.0": [0, 0, -1],
						"4.0": [0, 0, 0]
					}
				},
				"left_arm": {
					"rotation": {
						"0.0": [0, -45, 90],
						"1.0": [0, -30, 90],
						"2.0": [0, -45, 90],
						"3.0": [0, -30, 90],
						"4.0": [0, -45, 90]
					}
				},
				"right_arm": {
					"rotation": {
						"0.0": [0, 45, -90],
						"1.0": [0, 30, -90],
						"2.0": [0, 45, -90],
						"3.0": [0, 30, -90],
						"4.0": [0, 45, -90]
					},
					"position": [1, -1, 0.7]
				}
			}
		}
	}
}