{
	"format_version": "1.8.0",
	"animations": {
		"animation.tigershark_pup.ground_idle": {
			"loop": true,
			"animation_length": 4,
			"bones": {
				"body": {
					"position": [0, -2, 0]
				},
				"torso": {
					"rotation": [5, 0, 0],
					"position": [0, "0+math.sin(query.anim_time*90*2)*0.2", 0]
				},
				"head": {
					"rotation": ["-17.5+math.sin(query.anim_time*90*2-60)*2", 0, 0]
				},
				"jaw": {
					"rotation": ["-25+math.sin(query.anim_time*90*2-120)", 0, 0]
				},
				"leftfrontleg": {
					"rotation": ["25+math.sin(query.anim_time*90*2)*2", 0, 0],
					"position": [0, 1, 0]
				},
				"leftfrontknee": {
					"rotation": ["-25-math.sin(query.anim_time*90*2)*2", 0, 0]
				},
				"rightfrontleg": {
					"rotation": ["27.5+math.sin(query.anim_time*90*2)*2", 0, 0],
					"position": [0, 1, 0]
				},
				"rightfrontknee": {
					"rotation": ["-27.5-math.sin(query.anim_time*90*2)*2", 0, 0]
				},
				"rightbackleg": {
					"rotation": ["0-math.sin(query.anim_time*90*2)*2", 0, 0],
					"position": [0, 2, 0]
				},
				"rightbackknee": {
					"rotation": ["0+math.sin(query.anim_time*90*2)*2", 0, 0]
				},
				"rightbackancle": {
					"rotation": ["0+math.sin(query.anim_time*90*2)*2", 0, 0]
				},
				"leftbackleg": {
					"rotation": ["0-math.sin(query.anim_time*90*2)*2", 0, 0],
					"position": [0, 2, 0]
				},
				"leftbackknee": {
					"rotation": ["0+math.sin(query.anim_time*90*2)*2", 0, 0]
				},
				"leftbackankle": {
					"rotation": ["0+math.sin(query.anim_time*90*2)*2", 0, 0]
				},
				"tail": {
					"rotation": ["0+math.sin(query.anim_time*90*2-60)*5", "0+math.sin(query.anim_time*90*4)*5", 0]
				},
				"tail2": {
					"rotation": [0, "0+math.sin(query.anim_time*90*4-90)*10", 0]
				},
				"tail3": {
					"rotation": [0, "0+math.sin(query.anim_time*90*4-120)*15", 0]
				},
				"eyelids": {
					"scale": [0.9, 1, 1]
				}
			}
		},
		"animation.tigershark_pup.ground_walk": {
			"loop": true,
			"animation_length": 0.5,
			"bones": {
				"body": {
					"rotation": ["0+math.sin(query.anim_time*90*8-120)", 0, 0],
					"position": [0, "0+math.sin(query.anim_time*90*8)", 0]
				},
				"torso": {
					"rotation": ["0+math.sin(query.anim_time*90*8-90)", 0, 0],
					"position": [0, "0+math.sin(query.anim_time*90*8)*0.5", 0]
				},
				"head": {
					"rotation": ["0+math.sin(query.anim_time*90*8-120)*5", 0, 0]
				},
				"jaw": {
					"rotation": ["-20+math.sin(query.anim_time*90*8-180)*5", 0, 0]
				},
				"leftfrontleg": {
					"rotation": {
						"0.0": [2.5, 0, 0],
						"0.125": [-22.5, 0, 0],
						"0.25": [2.5, 0, 0]
					},
					"position": {
						"0.0": [0, 0, 3],
						"0.125": [0, 3, 1],
						"0.25": [0, 0, -1],
						"0.5": [0, 0, 3]
					}
				},
				"leftfrontknee": {
					"rotation": {
						"0.0": [0, 0, 0],
						"0.2083": [-27.5, 0, 0],
						"0.4167": [-2.5, 0, 0]
					}
				},
				"rightfrontleg": {
					"rotation": {
						"0.0": [0, 0, 0],
						"0.125": [-20, 0, 0],
						"0.25": [0, 0, 0]
					},
					"position": {
						"0.0": [0, 0, 3],
						"0.125": [0, 3, 1],
						"0.25": [0, 0, -1],
						"0.5": [0, 0, 3]
					}
				},
				"rightfrontknee": {
					"rotation": {
						"0.0": [0, 0, 0],
						"0.2083": [-27.5, 0, 0],
						"0.4167": [-2.5, 0, 0]
					}
				},
				"rightbackleg": {
					"rotation": {
						"0.0": [0, 0, 0],
						"0.25": [20, 0, 0],
						"0.375": [-20, 0, 0],
						"0.5": [0, 0, 0]
					},
					"position": {
						"0.0": [0, 0, 0],
						"0.25": [0, 0, 4],
						"0.4167": [0, 2, 1.33],
						"0.5": [0, 0, 0]
					}
				},
				"rightbackknee": {
					"rotation": {
						"0.0": [0, 0, 0],
						"0.25": [10, 0, 0],
						"0.375": [25, 0, 0],
						"0.5": [0, 0, 0]
					}
				},
				"leftbackleg": {
					"rotation": {
						"0.0": [0, 0, 0],
						"0.25": [25, 0, 0],
						"0.375": [-20, 0, 0],
						"0.5": [0, 0, 0]
					},
					"position": {
						"0.0": [0, 0, 0],
						"0.25": [0, 0, 4],
						"0.4167": [0, 2, 1.33],
						"0.5": [0, 0, 0]
					}
				},
				"leftbackknee": {
					"rotation": {
						"0.0": [0, 0, 0],
						"0.25": [7.5, 0, 0],
						"0.4167": [25, 0, 0],
						"0.5": [0, 0, 0]
					}
				},
				"tail": {
					"rotation": ["-2.5+math.sin(query.anim_time*90*8-120)*5", "0+math.sin(query.anim_time*90*8-120)*5", 0]
				},
				"tail2": {
					"rotation": ["0+math.sin(query.anim_time*90*8-180)*10", 0, 0]
				},
				"tail3": {
					"rotation": ["0+math.sin(query.anim_time*90*8-240)*15", 0, 0]
				},
				"fin": {
					"rotation": [0, 0, 0]
				},
				"eyelids": {
					"scale": [0.9, 1, 1]
				}
			}
		},
		"animation.tigershark_pup.battle_idle": {
			"loop": true,
			"animation_length": 4,
			"bones": {
				"torso": {
					"rotation": [17.5, 0, 0],
					"position": [0, "-1+math.sin(query.anim_time*90*3)*0.2", 0]
				},
				"torso2": {
					"rotation": [0, 0, 0]
				},
				"head": {
					"rotation": ["-30+math.sin(query.anim_time*90*3-90)*2", 0, 0]
				},
				"jaw": {
					"rotation": ["0+math.sin(query.anim_time*90*7)*2", 0, 0]
				},
				"leftfrontleg": {
					"rotation": ["-40+math.sin(query.anim_time*90*3)*2", 0, 0],
					"position": [0, -4, 0]
				},
				"leftfrontknee": {
					"rotation": ["-2.5-math.sin(query.anim_time*90*3)*2", 0, 0]
				},
				"leftrontpaw": {
					"rotation": [42.5, 0, 0]
				},
				"rightfrontleg": {
					"rotation": ["40+math.sin(query.anim_time*90*3)*2", 0, 0],
					"position": [0, -2, 0]
				},
				"rightfrontknee": {
					"rotation": ["-40-math.sin(query.anim_time*90*3)*2", 0, 0]
				},
				"rightbackleg": {
					"rotation": ["30-math.sin(query.anim_time*90*3)*2", 0, 0]
				},
				"rightbackknee": {
					"rotation": ["0+math.sin(query.anim_time*90*3)*3", 0, 0]
				},
				"rightbackancle": {
					"rotation": [7.5, 0, 0]
				},
				"leftbackleg": {
					"rotation": ["0-math.sin(query.anim_time*90*3)*2", 0, 0]
				},
				"leftbackknee": {
					"rotation": ["0+math.sin(query.anim_time*90*3)*3", 0, 0]
				},
				"tail": {
					"rotation": ["10+math.sin(query.anim_time*90*3-90)*5", "0+math.sin(query.anim_time*90*9)*2", 0]
				},
				"tail2": {
					"rotation": [7.5, "0+math.sin(query.anim_time*90*9-90)*5", 0]
				},
				"tail3": {
					"rotation": [10, "0+math.sin(query.anim_time*90*9-120)*10", 0]
				},
				"fin": {
					"rotation": {
						"0.0": [0, 0, 0],
						"0.3333": [0, 0, "0+math.sin(query.anim_time*90*18)*5"]
					}
				},
				"eyelids": {
					"scale": [0.9, 1, 1]
				}
			}
		},
		"animation.tigershark_pup.cry": {
			"animation_length": 0.625,
			"bones": {
				"head": {
					"rotation": {
						"0.0": {
							"post": [0, 0, 0],
							"lerp_mode": "catmullrom"
						},
						"0.125": {
							"post": [-10, 0, 0],
							"lerp_mode": "catmullrom"
						},
						"0.3333": {
							"post": [-12.5, 0, 0],
							"lerp_mode": "catmullrom"
						},
						"0.625": {
							"post": [0, 0, 0],
							"lerp_mode": "catmullrom"
						}
					}
				},
				"jaw": {
					"rotation": {
						"0.0": {
							"post": [0, 0, 0],
							"lerp_mode": "catmullrom"
						},
						"0.25": {
							"post": [-5, 0, 0],
							"lerp_mode": "catmullrom"
						},
						"0.375": {
							"post": [-2.5, 0, 0],
							"lerp_mode": "catmullrom"
						},
						"0.625": {
							"post": [0, 0, 0],
							"lerp_mode": "catmullrom"
						}
					}
				}
			},
			"sound_effects": {
				"0.0": {
					"effect": "pokemon.tigershark_pup.cry"
				}
			}
		},
		"animation.tigershark_pup.physical": {
			"animation_length": 1.75,
			"bones": {
				"body": {
					"rotation": {
						"0.0": {
							"post": [0, 0, 0],
							"lerp_mode": "catmullrom"
						},
						"1.4583": {
							"post": [0, 0, 0],
							"lerp_mode": "catmullrom"
						},
						"1.75": {
							"post": [0, 0, 0],
							"lerp_mode": "catmullrom"
						}
					},
					"position": {
						"0.0": {
							"post": [0, 0, 0],
							"lerp_mode": "catmullrom"
						},
						"0.2083": {
							"post": [0, -3, 0],
							"lerp_mode": "catmullrom"
						},
						"0.9167": {
							"post": [0, -4, 0],
							"lerp_mode": "catmullrom"
						},
						"1.0": {
							"post": [0, 10, -6],
							"lerp_mode": "catmullrom"
						},
						"1.125": {
							"post": [0, 0, -14],
							"lerp_mode": "catmullrom"
						},
						"1.4583": {
							"post": [0, 0, 0],
							"lerp_mode": "catmullrom"
						},
						"1.75": {
							"post": [0, 0, 0],
							"lerp_mode": "catmullrom"
						}
					}
				},
				"head": {
					"rotation": {
						"0.0": {
							"post": [0, 0, 0],
							"lerp_mode": "catmullrom"
						},
						"0.1667": {
							"post": [-17.5, 0, 0],
							"lerp_mode": "catmullrom"
						},
						"0.7083": {
							"post": [-20, 0, 0],
							"lerp_mode": "catmullrom"
						},
						"0.875": {
							"post": [-20, 0, 0],
							"lerp_mode": "catmullrom"
						},
						"1.0417": {
							"post": [-40, 0, 32.5],
							"lerp_mode": "catmullrom"
						},
						"1.1667": {
							"post": [20, 0, 32.5],
							"lerp_mode": "catmullrom"
						},
						"1.375": {
							"post": [-30, 0, 10],
							"lerp_mode": "catmullrom"
						},
						"1.75": {
							"post": [0, 0, 0],
							"lerp_mode": "catmullrom"
						}
					}
				},
				"jaw": {
					"rotation": {
						"0.0": {
							"post": [0, 0, 0],
							"lerp_mode": "catmullrom"
						},
						"0.1667": {
							"post": [-27.5, 0, 0],
							"lerp_mode": "catmullrom"
						},
						"0.5": {
							"post": [-25, 0, 0],
							"lerp_mode": "catmullrom"
						},
						"0.625": {
							"post": [-27.5, 0, 0],
							"lerp_mode": "catmullrom"
						},
						"0.8333": {
							"post": [-20, 0, 0],
							"lerp_mode": "catmullrom"
						},
						"0.9583": {
							"post": [40, 0, 0],
							"lerp_mode": "catmullrom"
						},
						"1.125": {
							"post": [47.5, 0, 0],
							"lerp_mode": "catmullrom"
						},
						"1.25": {
							"post": [-25, 0, 0],
							"lerp_mode": "catmullrom"
						},
						"1.75": {
							"post": [0, 0, 0],
							"lerp_mode": "catmullrom"
						}
					}
				},
				"leftfrontleg": {
					"rotation": {
						"0.0": {
							"post": [0, 0, 0],
							"lerp_mode": "catmullrom"
						},
						"0.2917": {
							"post": [47.5, 0, 0],
							"lerp_mode": "catmullrom"
						},
						"0.9167": {
							"post": [47.5, 0, 0],
							"lerp_mode": "catmullrom"
						},
						"1.0": {
							"post": [-2.5, 0, 0],
							"lerp_mode": "catmullrom"
						},
						"1.1667": {
							"post": [0, 0, 0],
							"lerp_mode": "catmullrom"
						},
						"1.3333": {
							"post": [47.5, 0, 0],
							"lerp_mode": "catmullrom"
						},
						"1.75": {
							"post": [0, 0, 0],
							"lerp_mode": "catmullrom"
						}
					}
				},
				"leftfrontknee": {
					"rotation": {
						"0.0": {
							"post": [0, 0, 0],
							"lerp_mode": "catmullrom"
						},
						"0.2917": {
							"post": [-50, 0, 0],
							"lerp_mode": "catmullrom"
						},
						"0.9167": {
							"post": [-50, 0, 0],
							"lerp_mode": "catmullrom"
						},
						"1.0": {
							"post": [-20, 0, 0],
							"lerp_mode": "catmullrom"
						},
						"1.75": {
							"post": [0, 0, 0],
							"lerp_mode": "catmullrom"
						}
					}
				},
				"rightfrontleg": {
					"rotation": {
						"0.0": {
							"post": [0, 0, 0],
							"lerp_mode": "catmullrom"
						},
						"0.2083": {
							"post": [42.5, 0, 0],
							"lerp_mode": "catmullrom"
						},
						"0.875": {
							"post": [42.5, 0, 0],
							"lerp_mode": "catmullrom"
						},
						"1.0417": {
							"post": [-15, 0, 0],
							"lerp_mode": "catmullrom"
						},
						"1.1667": {
							"post": [15, 0, 0],
							"lerp_mode": "catmullrom"
						},
						"1.3333": {
							"post": [-15, 0, 0],
							"lerp_mode": "catmullrom"
						},
						"1.75": {
							"post": [0, 0, 0],
							"lerp_mode": "catmullrom"
						}
					}
				},
				"rightfrontknee": {
					"rotation": {
						"0.0": {
							"post": [0, 0, 0],
							"lerp_mode": "catmullrom"
						},
						"0.2083": {
							"post": [-42.5, 0, 0],
							"lerp_mode": "catmullrom"
						},
						"0.875": {
							"post": [-42.5, 0, 0],
							"lerp_mode": "catmullrom"
						},
						"1.0417": {
							"post": [-15, 0, 0],
							"lerp_mode": "catmullrom"
						},
						"1.75": {
							"post": [0, 0, 0],
							"lerp_mode": "catmullrom"
						}
					}
				},
				"rightbackleg": {
					"rotation": {
						"0.0": {
							"post": [0, 0, 0],
							"lerp_mode": "catmullrom"
						},
						"0.875": {
							"post": [0, 0, 0],
							"lerp_mode": "catmullrom"
						},
						"1.0833": {
							"post": [30, 0, 0],
							"lerp_mode": "catmullrom"
						},
						"1.2083": {
							"post": [27.5, 0, 0],
							"lerp_mode": "catmullrom"
						},
						"1.3333": {
							"post": [25, 0, 0],
							"lerp_mode": "catmullrom"
						},
						"1.4583": {
							"post": [-12.5, 0, 0],
							"lerp_mode": "catmullrom"
						},
						"1.75": {
							"post": [0, 0, 0],
							"lerp_mode": "catmullrom"
						}
					},
					"position": {
						"0.0": {
							"post": [0, 0, 0],
							"lerp_mode": "catmullrom"
						},
						"0.5": {
							"post": [0, 3, 0],
							"lerp_mode": "catmullrom"
						},
						"0.9167": {
							"post": [0, 3, 0],
							"lerp_mode": "catmullrom"
						},
						"1.0833": {
							"post": [0, -1, 0],
							"lerp_mode": "catmullrom"
						},
						"1.2083": {
							"post": [0, 0, 0],
							"lerp_mode": "catmullrom"
						},
						"1.75": {
							"post": [0, 0, 0],
							"lerp_mode": "catmullrom"
						}
					}
				},
				"leftbackleg": {
					"rotation": {
						"0.0": {
							"post": [0, 0, 0],
							"lerp_mode": "catmullrom"
						},
						"0.875": {
							"post": [0, 0, 0],
							"lerp_mode": "catmullrom"
						},
						"1.0833": {
							"post": [37.5, 0, 0],
							"lerp_mode": "catmullrom"
						},
						"1.2083": {
							"post": [-2.5, 0, 0],
							"lerp_mode": "catmullrom"
						},
						"1.3333": {
							"post": [0, 0, 0],
							"lerp_mode": "catmullrom"
						},
						"1.4583": {
							"post": [30, 0, 0],
							"lerp_mode": "catmullrom"
						},
						"1.75": {
							"post": [0, 0, 0],
							"lerp_mode": "catmullrom"
						}
					},
					"position": {
						"0.0": {
							"post": [0, 0, 0],
							"lerp_mode": "catmullrom"
						},
						"0.5": {
							"post": [0, 3, 0],
							"lerp_mode": "catmullrom"
						},
						"0.9167": {
							"post": [0, 3, 0],
							"lerp_mode": "catmullrom"
						},
						"1.0833": {
							"post": [0, -1, 0],
							"lerp_mode": "catmullrom"
						},
						"1.2083": {
							"post": [0, 0, 0],
							"lerp_mode": "catmullrom"
						},
						"1.75": {
							"post": [0, 0, 0],
							"lerp_mode": "catmullrom"
						}
					}
				},
				"tail": {
					"rotation": {
						"0.0": {
							"post": [0, 0, 0],
							"lerp_mode": "catmullrom"
						},
						"0.125": {
							"post": [7.5, 0, 0],
							"lerp_mode": "catmullrom"
						},
						"0.25": {
							"post": [2.5, 10, 0],
							"lerp_mode": "catmullrom"
						},
						"0.4167": {
							"post": [2.5, -7.5, 0],
							"lerp_mode": "catmullrom"
						},
						"0.5417": {
							"post": [2.5, 10, 0],
							"lerp_mode": "catmullrom"
						},
						"0.7083": {
							"post": [2.5, -7.5, 0],
							"lerp_mode": "catmullrom"
						},
						"0.875": {
							"post": [2.5, 10, 0],
							"lerp_mode": "catmullrom"
						},
						"1.0417": {
							"post": [-17.5, 10, 0],
							"lerp_mode": "catmullrom"
						},
						"1.1667": {
							"post": [5, 10, 0],
							"lerp_mode": "catmullrom"
						},
						"1.3333": {
							"post": [-7.5, 30, 0],
							"lerp_mode": "catmullrom"
						},
						"1.75": {
							"post": [0, 0, 0],
							"lerp_mode": "catmullrom"
						}
					}
				},
				"tail2": {
					"rotation": {
						"0.0": {
							"post": [0, 0, 0],
							"lerp_mode": "catmullrom"
						},
						"0.1667": {
							"post": [17.5, 0, 0],
							"lerp_mode": "catmullrom"
						},
						"0.4167": {
							"post": [7.5, 0, 0],
							"lerp_mode": "catmullrom"
						},
						"0.5833": {
							"post": [12.5, 0, 0],
							"lerp_mode": "catmullrom"
						},
						"0.8333": {
							"post": [15, 0, 0],
							"lerp_mode": "catmullrom"
						},
						"1.0833": {
							"post": [-20, 0, 0],
							"lerp_mode": "catmullrom"
						},
						"1.25": {
							"post": [15, 0, 0],
							"lerp_mode": "catmullrom"
						},
						"1.75": {
							"post": [0, 0, 0],
							"lerp_mode": "catmullrom"
						}
					}
				},
				"tail3": {
					"rotation": {
						"0.0": {
							"post": [0, 0, 0],
							"lerp_mode": "catmullrom"
						},
						"0.2083": {
							"post": [7.5, 0, 0],
							"lerp_mode": "catmullrom"
						},
						"0.375": {
							"post": [7.5, 22.5, 0],
							"lerp_mode": "catmullrom"
						},
						"0.5417": {
							"post": [7.5, -35, 0],
							"lerp_mode": "catmullrom"
						},
						"0.6667": {
							"post": [7.5, 22.5, 0],
							"lerp_mode": "catmullrom"
						},
						"0.7917": {
							"post": [7.5, -15, 0],
							"lerp_mode": "catmullrom"
						},
						"0.9583": {
							"post": [-42.5, -15, 0],
							"lerp_mode": "catmullrom"
						},
						"1.125": {
							"post": [20, -15, 0],
							"lerp_mode": "catmullrom"
						},
						"1.2917": {
							"post": [-5, -15, 0],
							"lerp_mode": "catmullrom"
						},
						"1.4583": {
							"post": [-5, 35, 0],
							"lerp_mode": "catmullrom"
						},
						"1.75": {
							"post": [0, 0, 0],
							"lerp_mode": "catmullrom"
						}
					}
				},
				"eyelids": {
					"scale": {
						"0.0": {
							"post": [0.8, 1, 1],
							"lerp_mode": "catmullrom"
						},
						"1.75": {
							"post": [0.8, 1, 1],
							"lerp_mode": "catmullrom"
						}
					}
				}
			}
		},
		"animation.tigershark_pup.special": {
			"animation_length": 1.6667,
			"bones": {
				"head": {
					"rotation": {
						"0.0": {
							"post": [0, 0, 0],
							"lerp_mode": "catmullrom"
						},
						"0.1667": {
							"post": [17.5, 0, 0],
							"lerp_mode": "catmullrom"
						},
						"0.4583": {
							"post": [20, 0, 0],
							"lerp_mode": "catmullrom"
						},
						"0.5417": {
							"post": [13.75, 0, -5],
							"lerp_mode": "catmullrom"
						},
						"0.625": {
							"post": [1.25, 0, 1.43],
							"lerp_mode": "catmullrom"
						},
						"0.7083": {
							"post": [-14.38, 0, -4.29],
							"lerp_mode": "catmullrom"
						},
						"0.7917": {
							"post": [-19.59, 0, 2.14],
							"lerp_mode": "catmullrom"
						},
						"0.875": {
							"post": [-24.79, 0, -3.93],
							"lerp_mode": "catmullrom"
						},
						"0.9583": {
							"post": [-30, 0, 0],
							"lerp_mode": "catmullrom"
						},
						"1.2083": {
							"post": [13.75, 0, -5],
							"lerp_mode": "catmullrom"
						},
						"1.6667": {
							"post": [0, 0, 0],
							"lerp_mode": "catmullrom"
						}
					}
				},
				"jaw": {
					"rotation": {
						"0.0": {
							"post": [0, 0, 0],
							"lerp_mode": "catmullrom"
						},
						"0.1667": {
							"post": [-25, 0, 0],
							"lerp_mode": "catmullrom"
						},
						"0.4167": {
							"post": [-27.5, 0, 0],
							"lerp_mode": "catmullrom"
						},
						"0.75": {
							"post": [25, 0, 0],
							"lerp_mode": "catmullrom"
						},
						"1.1667": {
							"post": [25, 0, 0],
							"lerp_mode": "catmullrom"
						},
						"1.6667": {
							"post": [0, 0, 0],
							"lerp_mode": "catmullrom"
						}
					}
				}
			}
		},
		"animation.tigershark_pup.recoil": {
			"animation_length": 0.8333,
			"bones": {
				"torso": {
					"rotation": {
						"0.0": [0, 0, 0],
						"0.1667": [-5, 0, 0],
						"0.2917": [2.5, 0, 0],
						"0.8333": [0, 0, 0]
					}
				},
				"head": {
					"rotation": {
						"0.0": {
							"post": [0, 0, 0],
							"lerp_mode": "catmullrom"
						},
						"0.0833": {
							"post": [0, -17.5, 0],
							"lerp_mode": "catmullrom"
						},
						"0.1667": {
							"post": [-12.5, -17.5, 0],
							"lerp_mode": "catmullrom"
						},
						"0.2917": {
							"post": [2.5, 17.5, 0],
							"lerp_mode": "catmullrom"
						},
						"0.8333": {
							"post": [0, 0, 0],
							"lerp_mode": "catmullrom"
						}
					}
				},
				"jaw": {
					"rotation": {
						"0.0": {
							"post": [0, 0, 0],
							"lerp_mode": "catmullrom"
						},
						"0.1667": {
							"post": [-27.5, 0, 0],
							"lerp_mode": "catmullrom"
						},
						"0.6667": {
							"post": [-27.5, 0, 0],
							"lerp_mode": "catmullrom"
						},
						"0.8333": {
							"post": [0, 0, 0],
							"lerp_mode": "catmullrom"
						}
					}
				},
				"eyelids": {
					"scale": {
						"0.0": [0.7, 1, 1],
						"0.125": [1, 1, 1],
						"0.5417": [1, 1, 1],
						"0.7917": [1, 1, 1],
						"0.8333": [0.9, 1, 1]
					}
				}
			}
		},
		"animation.tigershark_pup.status": {
			"animation_length": 1.0417,
			"bones": {
				"head": {
					"rotation": {
						"0.0": {
							"post": [0, 0, 0],
							"lerp_mode": "catmullrom"
						},
						"0.125": {
							"post": [0, -20, 0],
							"lerp_mode": "catmullrom"
						},
						"0.25": {
							"post": [0, 2.5, 0],
							"lerp_mode": "catmullrom"
						},
						"0.5417": {
							"post": [-25, 5, 0],
							"lerp_mode": "catmullrom"
						},
						"0.875": {
							"post": [0, 0, 0],
							"lerp_mode": "catmullrom"
						}
					}
				},
				"jaw": {
					"rotation": {
						"0.0": [0, 0, 0],
						"0.0833": [-27.5, 0, 0],
						"0.2917": [0, 0, 0],
						"0.5": [2.5, 0, 0],
						"0.8333": [0, 0, 0]
					}
				},
				"tail": {
					"rotation": {
						"0.0": {
							"post": [0, 0, 0],
							"lerp_mode": "catmullrom"
						},
						"0.1667": {
							"post": [25, 0, 0],
							"lerp_mode": "catmullrom"
						},
						"0.3333": {
							"post": [15, 0, 0],
							"lerp_mode": "catmullrom"
						},
						"0.5": {
							"post": [17.5, 0, 0],
							"lerp_mode": "catmullrom"
						},
						"0.5833": {
							"post": [17.5, 0, 0],
							"lerp_mode": "catmullrom"
						},
						"1.0": {
							"post": [0, 0, 0],
							"lerp_mode": "catmullrom"
						}
					}
				},
				"tail2": {
					"rotation": {
						"0.0": {
							"post": [0, 0, 0],
							"lerp_mode": "catmullrom"
						},
						"0.125": {
							"post": [-5, 0, 0],
							"lerp_mode": "catmullrom"
						},
						"0.25": {
							"post": [12.5, 0, 0],
							"lerp_mode": "catmullrom"
						},
						"0.375": {
							"post": [0, 0, 0],
							"lerp_mode": "catmullrom"
						},
						"0.5833": {
							"post": [0, 0, 0],
							"lerp_mode": "catmullrom"
						},
						"1.0": {
							"post": [0, 0, 0],
							"lerp_mode": "catmullrom"
						}
					}
				},
				"tail3": {
					"rotation": {
						"0.0": {
							"post": [0, 0, 0],
							"lerp_mode": "catmullrom"
						},
						"0.125": {
							"post": [-15, 0, 0],
							"lerp_mode": "catmullrom"
						},
						"0.25": {
							"post": [12.5, 0, 0],
							"lerp_mode": "catmullrom"
						},
						"0.4167": {
							"post": [-5, 0, 0],
							"lerp_mode": "catmullrom"
						},
						"0.5417": {
							"post": [10, 0, 0],
							"lerp_mode": "catmullrom"
						},
						"0.625": {
							"post": [5, 0, 0],
							"lerp_mode": "catmullrom"
						},
						"1.0": {
							"post": [0, 0, 0],
							"lerp_mode": "catmullrom"
						}
					}
				}
			}
		},
		"animation.tigershark_pup.sleep": {
			"loop": true,
			"animation_length": 4,
			"bones": {
				"tigershark": {
					"position": [0, -8, 0]
				},
				"head": {
					"rotation": ["0+math.sin(query.anim_time*90*1)*4", 0, 0]
				},
				"jaw": {
					"rotation": [-22.5, 0, 0]
				},
				"leftfrontleg": {
					"rotation": [47.5, -47.5, 0]
				},
				"leftfrontknee": {
					"rotation": [-95, 0, 0]
				},
				"rightfrontleg": {
					"rotation": [67.5, 45, 0]
				},
				"rightfrontknee": {
					"rotation": [-105, 0, 0]
				},
				"rightbackleg": {
					"rotation": [-45, 0, 22.5]
				},
				"rightbackknee": {
					"rotation": [72.5, 0, 0]
				},
				"leftbackleg": {
					"rotation": [-50, -10, -20]
				},
				"leftbackknee": {
					"rotation": [52.5, 0, 0]
				},
				"tail": {
					"rotation": ["-32.5+math.sin(query.anim_time*90*1)*4", 0, 0]
				},
				"tail2": {
					"rotation": [0, "0+math.sin(query.anim_time*90*2)*4", 0]
				},
				"tail3": {
					"rotation": [0, "-2.5+math.sin(query.anim_time*90*2-60)*8", 0]
				}
			}
		},
		"animation.tigershark_pup.water_idle": {
			"loop": true,
			"animation_length": 4,
			"bones": {
				"body": {
					"rotation": [-10, 0, 0],
					"position": [0, "0+math.sin(query.anim_time*90*1)", 0]
				},
				"head": {
					"rotation": ["2.5-math.sin(query.anim_time*90*1-60)*5", 0, 0]
				},
				"jaw": {
					"rotation": [-25, 0, 0]
				},
				"leftfrontleg": {
					"rotation": ["25+math.sin(query.anim_time*90*1-60)*4", 0, 0]
				},
				"leftrontpaw": {
					"rotation": [32.5, 0, 0]
				},
				"rightfrontleg": {
					"rotation": ["20+math.sin(query.anim_time*90*1-60)*4", 0, 0]
				},
				"rightfrontpaw": {
					"rotation": [35, 0, 0]
				},
				"rightbackleg": {
					"rotation": ["30+math.sin(query.anim_time*90*1)*4", 0, 0]
				},
				"leftbackleg": {
					"rotation": ["37.5+math.sin(query.anim_time*90*1)*4", 0, 0]
				},
				"tail": {
					"rotation": [-15, "0+math.sin(query.anim_time*90*2)*2", 0]
				},
				"tail2": {
					"rotation": [-12.5, "0+math.sin(query.anim_time*90*2-60)*10", 0]
				},
				"tail3": {
					"rotation": [-25, 0, "0+math.sin(query.anim_time*90*2-120)*15"]
				},
				"eyelids": {
					"scale": [0.9, 1, 1]
				}
			}
		},
		"animation.tigershark_pup.water_swim": {
			"loop": true,
			"animation_length": 4,
			"bones": {
				"body": {
					"rotation": [0, "0+math.sin(query.anim_time*90*2-60)*5", 0],
					"position": ["0+math.sin(query.anim_time*90*2)", 0, 0]
				},
				"torso": {
					"rotation": [0, 0, 0]
				},
				"head": {
					"rotation": [0, "0-math.sin(query.anim_time*90*2-90)*5", 0]
				},
				"jaw": {
					"rotation": [-22.5, 0, 0]
				},
				"leftfrontleg": {
					"rotation": [55, 0, 0]
				},
				"rightfrontleg": {
					"rotation": [52.5, 0, 0]
				},
				"rightbackleg": {
					"rotation": [67.5, 0, 0]
				},
				"leftbackleg": {
					"rotation": [72.5, 0, 0]
				},
				"tail": {
					"rotation": [-7.5, "0+math.sin(query.anim_time*90*2-120)*10", 0]
				},
				"tail2": {
					"rotation": [-15, "0+math.sin(query.anim_time*90*2-180)*15", 0]
				},
				"tail3": {
					"rotation": [-12.5, "0+math.sin(query.anim_time*90*2-240)*20", 0]
				},
				"eyelids": {
					"scale": [0.8, 1, 1]
				}
			}
		},
		"animation.tigershark_pup.blink": {
			"animation_length": 0.25,
			"bones": {
				"eyelids": {
					"scale": {
						"0.0": [1, 1, 1],
						"0.0417": [0.5, 1, 1],
						"0.2083": [0.5, 1, 1],
						"0.25": [1, 1, 1]
					}
				},
				"head": {
					"rotation": [0, 0, 0]
				}
			}
		}
	}
}