{
	"format_version": "1.12.0",
	"minecraft:geometry": [
		{
			"description": {
				"identifier": "geometry.hadrosong",
				"texture_width": 128,
				"texture_height": 64,
				"visible_bounds_width": 4,
				"visible_bounds_height": 2.5,
				"visible_bounds_offset": [0, 0.75, 0]
			},
			"bones": [
				{
					"name": "hadrosong",
					"pivot": [0, 0, 0]
				},
				{
					"name": "body",
					"parent": "hadrosong",
					"pivot": [0, 0, 0]
				},
				{
					"name": "waist",
					"parent": "body",
					"pivot": [0, -2, 0],
					"cubes": [
						{"origin": [-5, 5, -1], "size": [9, 8, 6], "uv": [0, 33]}
					]
				},
				{
					"name": "torso",
					"parent": "waist",
					"pivot": [0, -2, 0],
					"cubes": [
						{"origin": [-5, 5, -8], "size": [9, 8, 7], "uv": [0, 16]}
					]
				},
				{
					"name": "neck",
					"parent": "torso",
					"pivot": [0, 10, -8],
					"cubes": [
						{"origin": [-3, 8, -14], "size": [5, 4, 10], "pivot": [0, 10, -8], "rotation": [-22.5, 0, 0], "uv": [25, 6]}
					]
				},
				{
					"name": "collar",
					"parent": "neck",
					"pivot": [0, 12, -14],
					"cubes": [
						{"origin": [-4, 7, -9], "size": [7, 6, 2], "pivot": [0, 10, -8], "rotation": [-7.5, 0, 0], "uv": [45, 0]}
					]
				},
				{
					"name": "head",
					"parent": "neck",
					"pivot": [0, 10, -8],
					"cubes": [
						{"origin": [-4, 9.44834, -21.69136], "size": [7, 6, 10], "uv": [0, 0]}
					]
				},
				{
					"name": "mouth",
					"parent": "head",
					"pivot": [-1, 5.25, -11.75],
					"cubes": [
						{"origin": [-1.5, 10, -21.75], "size": [2, 1, 0], "inflate": 0.01, "uv": [5, 0]},
						{"origin": [-2.5, 10.5, -21.75], "size": [4, 1, 0], "inflate": 0.01, "uv": [0, 8]}
					]
				},
				{
					"name": "mouth_open",
					"parent": "head",
					"pivot": [-1, 18.25, -2.75],
					"cubes": [
						{"origin": [-1.5, 10, -21.65], "size": [2, 1, 0], "inflate": 0.02, "uv": [0, 22]},
						{"origin": [-2.5, 10.5, -21.65], "size": [4, 1, 0], "inflate": 0.01, "uv": [0, 9]}
					]
				},
				{
					"name": "eyes",
					"parent": "head",
					"pivot": [-0.5, 16.5, -17]
				},
				{
					"name": "eye_right",
					"parent": "eyes",
					"pivot": [-5.52, 14, -19.5],
					"cubes": [
						{"origin": [-4.1, 11.5, -18], "size": [0, 3, 5], "uv": [24, 0]}
					]
				},
				{
					"name": "eyelid_right",
					"parent": "eye_right",
					"pivot": [-4.91, 14.5, -19.5],
					"cubes": [
						{"origin": [-3.9, 12.5, -17], "size": [1, 2, 3], "inflate": 0.025, "uv": [34, 0]}
					]
				},
				{
					"name": "eye_left",
					"parent": "eyes",
					"pivot": [3.52, 14, -14.5],
					"cubes": [
						{"origin": [3.05, 11.5, -18], "size": [0, 3, 5], "uv": [0, 0]}
					]
				},
				{
					"name": "eyelid_left",
					"parent": "eye_left",
					"pivot": [2.91, 14.5, -14.5],
					"cubes": [
						{"origin": [2, 12.5, -17], "size": [1, 2, 3], "inflate": 0.025, "uv": [0, 0]}
					]
				},
				{
					"name": "crest",
					"parent": "head",
					"pivot": [-0.5, 15, -20],
					"cubes": [
						{"origin": [-3, 14, -21], "size": [5, 2, 11], "pivot": [-0.5, 15, -20], "rotation": [10, 0, 0], "uv": [21, 20]}
					]
				},
				{
					"name": "tail1",
					"parent": "waist",
					"pivot": [0, 9, 6],
					"cubes": [
						{"origin": [-4, 6.5, 4], "size": [7, 6, 6], "inflate": 0.02, "uv": [30, 33]}
					]
				},
				{
					"name": "tail2",
					"parent": "tail1",
					"pivot": [0, 10, 10],
					"cubes": [
						{"origin": [-3, 8.5, 9], "size": [5, 4, 5], "inflate": 0.01, "uv": [42, 20]}
					]
				},
				{
					"name": "tail3",
					"parent": "tail2",
					"pivot": [0, 11.5, 14],
					"cubes": [
						{"origin": [-2, 10.5, 13], "size": [3, 2, 5], "uv": [45, 8]},
						{"origin": [-0.5, 12, 13], "size": [0, 5, 4], "uv": [24, 29]}
					]
				},
				{
					"name": "leg_front_left1",
					"parent": "body",
					"pivot": [-3.35, 7.5, -4],
					"cubes": [
						{"origin": [2.15, 3, -7], "size": [3, 6, 4], "uv": [0, 47]}
					]
				},
				{
					"name": "leg_front_left2",
					"parent": "leg_front_left1",
					"pivot": [-3.35, 3, -6],
					"cubes": [
						{"origin": [2.15, 0, -7], "size": [3, 3, 4], "inflate": 0.01, "uv": [52, 41]},
						{"origin": [1.65, 0, -5], "size": [2, 1, 1], "uv": [0, 18]}
					]
				},
				{
					"name": "leg_front_right1",
					"parent": "body",
					"pivot": [-4.65, 7.5, -5],
					"cubes": [
						{"origin": [-6.15, 3, -7], "size": [3, 6, 4], "uv": [50, 29]}
					]
				},
				{
					"name": "leg_front_right2",
					"parent": "leg_front_right1",
					"pivot": [-4.65, 3, -7],
					"cubes": [
						{"origin": [-6.15, 0, -7], "size": [3, 3, 4], "inflate": 0.01, "uv": [24, 55]},
						{"origin": [-4.6, 0, -5], "size": [2, 1, 1], "uv": [0, 16]}
					]
				},
				{
					"name": "leg_back_left1",
					"parent": "body",
					"pivot": [-4.35, 7.5, 2.75],
					"cubes": [
						{"origin": [-5.85, 3, 0.75], "size": [3, 6, 4], "uv": [26, 45]}
					]
				},
				{
					"name": "leg_back_left2",
					"parent": "leg_back_left1",
					"pivot": [-4.35, 3, 0.75],
					"cubes": [
						{"origin": [-5.85, 0, 0.75], "size": [3, 3, 4], "inflate": 0.01, "uv": [14, 51]},
						{"origin": [-5.35, 0, 0.1], "size": [2, 1, 1], "uv": [0, 20]}
					]
				},
				{
					"name": "leg_back_right1",
					"parent": "body",
					"pivot": [3.35, 7.5, 2.75],
					"cubes": [
						{"origin": [1.85, 3, 0.75], "size": [3, 6, 4], "uv": [40, 45]}
					]
				},
				{
					"name": "leg_back_right2",
					"parent": "leg_back_right1",
					"pivot": [3.35, 3, 0.75],
					"cubes": [
						{"origin": [1.85, 0, 0.75], "size": [3, 3, 4], "inflate": 0.01, "uv": [50, 51]},
						{"origin": [2.35, 0, 0.1], "size": [2, 1, 1], "uv": [24, 0]}
					]
				}
			]
		}
	]
}