{
  "implemented": true,
  "name": "Tropius",
  "nationalPokedexNumber": 357,
  "primaryType": "grass",
  "secondaryType": "flying",
  "abilities": [
    "chlorophyll",
    "solarpower",
    "h:harvest"
  ],
  "baseStats": {
    "hp": 99,
    "attack": 68,
    "defence": 83,
    "special_attack": 72,
    "special_defence": 87,
    "speed": 51
  },
  "catchRate": 200,
  "maleRatio": 0.5,
  "shoulderMountable": false,
  "baseExperienceYield": 161,
  "experienceGroup": "slow",
  "eggCycles": 25,
  "eggGroups": [
    "monster",
    "grass"
  ],
  "moves": [
    "1:growth",
    "1:gust",
    "1:leafstorm",
    "1:leer",
    "1:razorleaf",
    "6:sweetscent",
    "10:stomp",
    "16:magicalleaf",
    "21:whirlwind",
    "26:leaftornado",
    "30:naturalgift",
    "30:wideguard",
    "36:airslash",
    "41:bodyslam",
    "46:bestow",
    "46:outrage",
    "50:synthesis",
    "56:solarbeam",
    "egg:bulletseed",
    "egg:curse",
    "egg:dragondance",
    "egg:dragonhammer",
    "egg:headbutt",
    "egg:leafblade",
    "egg:leafstorm",
    "egg:leechseed",
    "egg:naturalgift",
    "egg:naturepower",
    "egg:razorwind",
    "egg:slam",
    "egg:synthesis",
    "tm:aerialace",
    "tm:aircutter",
    "tm:airslash",
    "tm:attract",
    "tm:bodypress",
    "tm:bodyslam",
    "tm:brutalswing",
    "tm:bulldoze",
    "tm:bulletseed",
    "tm:calmmind",
    "tm:captivate",
    "tm:confide",
    "tm:curse",
    "tm:cut",
    "tm:defog",
    "tm:doubleedge",
    "tm:doubleteam",
    "tm:dragondance",
    "tm:dragonpulse",
    "tm:dragontail",
    "tm:dualwingbeat",
    "tm:earthquake",
    "tm:endure",
    "tm:energyball",
    "tm:facade",
    "tm:flash",
    "tm:fly",
    "tm:frustration",
    "tm:gigadrain",
    "tm:gigaimpact",
    "tm:grassknot",
    "tm:grassyterrain",
    "tm:helpinghand",
    "tm:hiddenpower",
    "tm:hurricane",
    "tm:hyperbeam",
    "tm:leafstorm",
    "tm:magicalleaf",
    "tm:naturalgift",
    "tm:naturepower",
    "tm:outrage",
    "tm:petalblizzard",
    "tm:protect",
    "tm:raindance",
    "tm:rest",
    "tm:return",
    "tm:roar",
    "tm:rocksmash",
    "tm:roost",
    "tm:round",
    "tm:safeguard",
    "tm:secretpower",
    "tm:seedbomb",
    "tm:silverwind",
    "tm:sleeptalk",
    "tm:solarbeam",
    "tm:solarblade",
    "tm:spite",
    "tm:steelwing",
    "tm:stompingtantrum",
    "tm:strength",
    "tm:substitute",
    "tm:sunnyday",
    "tm:swagger",
    "tm:swordsdance",
    "tm:tailwind",
    "tm:takedown",
    "tm:terablast",
    "tm:toxic",
    "tm:trailblaze",
    "tm:uturn",
    "tm:zenheadbutt",
    "tutor:aircutter",
    "tutor:airslash",
    "tutor:bodyslam",
    "tutor:defog",
    "tutor:doubleedge",
    "tutor:dragonpulse",
    "tutor:endure",
    "tutor:furycutter",
    "tutor:gigadrain",
    "tutor:gust",
    "tutor:headbutt",
    "tutor:leechseed",
    "tutor:mimic",
    "tutor:mudslap",
    "tutor:ominouswind",
    "tutor:outrage",
    "tutor:roost",
    "tutor:seedbomb",
    "tutor:silverwind",
    "tutor:sleeptalk",
    "tutor:snore",
    "tutor:solarbeam",
    "tutor:stompingtantrum",
    "tutor:substitute",
    "tutor:sunnyday",
    "tutor:swagger",
    "tutor:swordsdance",
    "tutor:synthesis",
    "tutor:tailwind",
    "tutor:twister",
    "tutor:worryseed"
  ],
  "labels": ["gen3"],
  "pokedex": ["cobblemon.species.tropius.desc"],
  "evolutions": [
{
      "id": "cafe_tropius_tropius",
      "variant": "item_interact",
      "result": "tropius",
      "consumeHeldItem": false,
      "learnableMoves": [],
      "requirements": [],
      "requiredContext": "minecraft:shears"
    }
      
  ],
  "baseScale": 1,
  "hitbox": {
    "width": 2.2,
    "height": 5,
    "fixed": false
  },
  "baseFriendship": 70,
  "evYield": {
    "hp": 2,
    "attack": 0,
    "defence": 0,
    "special_attack": 0,
    "special_defence": 0,
    "speed": 0
  },
  "height": 20,
  "weight": 1000,
  "aspects": [],
  "cannotDynamax": false,
  "drops": {
    "amount": 2,
    "entries": [
      {
        "item": "cobblemon:nanab_berry",
        "quantityRange": "0-2"
      }
    ]
  }
}
