{
  "implemented": true,
  "name": "Vulpix",
  "nationalPokedexNumber": 37,
  "primaryType": "fire",
  "abilities": [
    "flashfire",
    "h:drought"
  ],
  "baseStats": {
    "hp": 38,
    "attack": 41,
    "defence": 40,
    "special_attack": 50,
    "special_defence": 65,
    "speed": 65
  },
  "behaviour": {
    "resting": {
      "canSleep": true,
      "willSleepOnBed": true,
      "depth": "normal",
      "light": "0-4"
    }
  },
  "catchRate": 190,
  "maleRatio": 0.25,
  "shoulderMountable": false,
  "forms": [
    {
      "name": "Alola",
      "primaryType": "ice",
      "abilities": [
        "snowcloak",
        "h:snowwarning"
      ],
      "baseStats": {
        "hp": 38,
        "attack": 41,
        "defence": 40,
        "special_attack": 50,
        "special_defence": 65,
        "speed": 65
      },
      "catchRate": 190,
      "maleRatio": 0.25,
      "baseExperienceYield": 60,
      "baseFriendship": 50,
      "evYield": {
        "hp": 0,
        "attack": 0,
        "defence": 0,
        "special_attack": 0,
        "special_defence": 0,
        "speed": 1
      },
      "experienceGroup": "medium_fast",
      "eggCycles": 20,
      "eggGroups": [
        "field"
      ],
      "moves": [
        "1:powdersnow",
        "1:tailwhip",
        "4:disable",
        "7:roar",
        "8:iceshard",
        "9:babydolleyes",
        "12:spite",
        "16:icywind",
        "18:payback",
        "20:confuseray",
        "23:feintattack",
        "24:aurorabeam",
        "26:hex",
        "28:extrasensory",
        "32:icebeam",
        "34:safeguard",
        "36:imprison",
        "40:mist",
        "44:auroraveil",
        "47:captivate",
        "48:freezedry",
        "48:sheercold",
        "52:grudge",
        "52:blizzard",
        "egg:agility",
        "egg:babydolleyes",
        "egg:charm",
        "egg:disable",
        "egg:encore",
        "egg:extrasensory",
        "egg:flail",
        "egg:freezedry",
        "egg:howl",
        "egg:hypnosis",
        "egg:moonblast",
        "egg:powerswap",
        "egg:roar",
        "egg:secretpower",
        "egg:spite",
        "egg:tailslap",
        "tm:agility",
        "tm:attract",
        "tm:auroraveil",
        "tm:batonpass",
        "tm:blizzard",
        "tm:bodyslam",
        "tm:charm",
        "tm:chillingwater",
        "tm:confide",
        "tm:confuseray",
        "tm:darkpulse",
        "tm:dazzlinggleam",
        "tm:dig",
        "tm:disarmingvoice",
        "tm:doubleedge",
        "tm:doubleteam",
        "tm:drainingkiss",
        "tm:encore",
        "tm:endure",
        "tm:facade",
        "tm:faketears",
        "tm:foulplay",
        "tm:frostbreath",
        "tm:frustration",
        "tm:hail",
        "tm:helpinghand",
        "tm:hex",
        "tm:hiddenpower",
        "tm:icebeam",
        "tm:iciclespear",
        "tm:icywind",
        "tm:imprison",
        "tm:irontail",
        "tm:mistyterrain",
        "tm:nastyplot",
        "tm:painsplit",
        "tm:payback",
        "tm:playrough",
        "tm:powerswap",
        "tm:protect",
        "tm:psychup",
        "tm:raindance",
        "tm:rest",
        "tm:return",
        "tm:roar",
        "tm:round",
        "tm:safeguard",
        "tm:sleeptalk",
        "tm:snore",
        "tm:snowscape",
        "tm:spite",
        "tm:storedpower",
        "tm:substitute",
        "tm:swagger",
        "tm:swift",
        "tm:tailslap",
        "tm:takedown",
        "tm:terablast",
        "tm:toxic",
        "tm:weatherball",
        "tm:zenheadbutt",
        "tutor:aquatail",
        "tutor:aurorabeam",
        "tutor:babydolleyes",
        "tutor:blizzard",
        "tutor:celebrate",
        "tutor:confuseray",
        "tutor:covet",
        "tutor:darkpulse",
        "tutor:dazzlinggleam",
        "tutor:dig",
        "tutor:facade",
        "tutor:foulplay",
        "tutor:headbutt",
        "tutor:healbell",
        "tutor:icebeam",
        "tutor:iceshard",
        "tutor:icywind",
        "tutor:irontail",
        "tutor:mist",
        "tutor:painsplit",
        "tutor:powdersnow",
        "tutor:protect",
        "tutor:reflect",
        "tutor:rest",
        "tutor:roar",
        "tutor:roleplay",
        "tutor:snore",
        "tutor:spite",
        "tutor:substitute",
        "tutor:tackle",
        "tutor:tailwhip",
        "tutor:toxic",
        "tutor:zenheadbutt"
      ],
      "labels": [
        "gen7",
        "alola_regional"
      ],
      "aspects": [
        "alolan"
      ],
      "height": 6,
      "weight": 99,
      "evolutions": [
        {
          "id": "cafe_vulpix_alolan_ninetales",
          "variant": "item_interact",
          "result": "ninetales alolan",
          "consumeHeldItem": false,
          "learnableMoves": [
            "dazzlinggleam"
          ],
          "requirements": [],
          "requiredContext": "cobblemon:ice_stone"
        },
{
      "id": "cafe_vulpix_alolan_alolan_vulpix",
      "variant": "item_interact",
      "result": "vulpix alolan",
      "consumeHeldItem": false,
      "learnableMoves": [],
      "requirements": [],
      "requiredContext": "minecraft:shears"
    }
      
      ],
      "cannotDynamax": false,
      "battleOnly": false,
      "pokedex": [
        "cobblemon.species.vulpix-alola.desc"
      ],
      "drops": {
        "amount": 5,
        "entries": [
          {
            "item": "minecraft:sweet_berries",
            "quantityRange": "1-3"
          },
          {
            "item": "minecraft:snowball",
            "quantityRange": "0-1"
          },
          {
            "item": "cobblemon:babiri_berry",
            "percentage": 2.5
          }
        ]
      }
    }
  ],
  "features": [
    "alolan"
  ],
  "baseExperienceYield": 60,
  "experienceGroup": "medium_fast",
  "eggCycles": 20,
  "eggGroups": [
    "field"
  ],
  "drops": {
    "amount": 5,
    "entries": [
      {
        "item": "minecraft:sweet_berries",
        "quantityRange": "1-3"
      },
      {
        "item": "minecraft:charcoal",
        "percentage": 2.5
      },
      {
        "item": "cobblemon:rawst_berry",
        "percentage": 2.5
      }
    ]
  },
  "moves": [
    "1:ember",
    "1:tailwhip",
    "4:disable",
    "7:roar",
    "8:quickattack",
    "9:babydolleyes",
    "12:spite",
    "16:incinerate",
    "18:payback",
    "20:confuseray",
    "23:feintattack",
    "24:willowisp",
    "26:hex",
    "28:extrasensory",
    "28:flameburst",
    "32:flamethrower",
    "36:imprison",
    "40:firespin",
    "44:safeguard",
    "47:captivate",
    "48:inferno",
    "52:grudge",
    "52:fireblast",
    "egg:babydolleyes",
    "egg:captivate",
    "egg:disable",
    "egg:energyball",
    "egg:extrasensory",
    "egg:feintattack",
    "egg:flail",
    "egg:flamecharge",
    "egg:flareblitz",
    "egg:healingwish",
    "egg:heatwave",
    "egg:hex",
    "egg:howl",
    "egg:hypnosis",
    "egg:memento",
    "egg:powerswap",
    "egg:psychup",
    "egg:roar",
    "egg:secretpower",
    "egg:spite",
    "egg:tailslap",
    "tm:agility",
    "tm:attract",
    "tm:batonpass",
    "tm:bodyslam",
    "tm:burningjealousy",
    "tm:captivate",
    "tm:charm",
    "tm:confide",
    "tm:confuseray",
    "tm:darkpulse",
    "tm:dig",
    "tm:doubleedge",
    "tm:doubleteam",
    "tm:encore",
    "tm:endure",
    "tm:energyball",
    "tm:facade",
    "tm:fireblast",
    "tm:firespin",
    "tm:flamecharge",
    "tm:flamethrower",
    "tm:flareblitz",
    "tm:foulplay",
    "tm:frustration",
    "tm:heatwave",
    "tm:helpinghand",
    "tm:hex",
    "tm:hiddenpower",
    "tm:imprison",
    "tm:incinerate",
    "tm:irontail",
    "tm:mysticalfire",
    "tm:naturalgift",
    "tm:nastyplot",
    "tm:overheat",
    "tm:painsplit",
    "tm:payback",
    "tm:powerswap",
    "tm:protect",
    "tm:psychup",
    "tm:rest",
    "tm:return",
    "tm:roar",
    "tm:round",
    "tm:safeguard",
    "tm:secretpower",
    "tm:sleeptalk",
    "tm:snarl",
    "tm:snore",
    "tm:spite",
    "tm:substitute",
    "tm:sunnyday",
    "tm:swagger",
    "tm:swift",
    "tm:tailslap",
    "tm:takedown",
    "tm:terablast",
    "tm:toxic",
    "tm:weatherball",
    "tm:willowisp",
    "tm:zenheadbutt",
    "tutor:attract",
    "tutor:bide",
    "tutor:bodyslam",
    "tutor:burningjealousy",
    "tutor:charm",
    "tutor:confuseray",
    "tutor:covet",
    "tutor:curse",
    "tutor:darkpulse",
    "tutor:dig",
    "tutor:disable",
    "tutor:doubleedge",
    "tutor:doubleteam",
    "tutor:ember",
    "tutor:endure",
    "tutor:facade",
    "tutor:feintattack",
    "tutor:fireblast",
    "tutor:firespin",
    "tutor:flail",
    "tutor:flamethrower",
    "tutor:foulplay",
    "tutor:frustration",
    "tutor:headbutt",
    "tutor:heatwave",
    "tutor:hiddenpower",
    "tutor:hypnosis",
    "tutor:irontail",
    "tutor:mimic",
    "tutor:ominouswind",
    "tutor:painsplit",
    "tutor:protect",
    "tutor:quickattack",
    "tutor:rage",
    "tutor:reflect",
    "tutor:rest",
    "tutor:return",
    "tutor:roar",
    "tutor:roleplay",
    "tutor:safeguard",
    "tutor:skullbash",
    "tutor:sleeptalk",
    "tutor:snore",
    "tutor:spite",
    "tutor:substitute",
    "tutor:sunnyday",
    "tutor:swagger",
    "tutor:swift",
    "tutor:tackle",
    "tutor:tailwhip",
    "tutor:takedown",
    "tutor:toxic",
    "tutor:willowisp",
    "tutor:zenheadbutt"
  ],
  "labels": [
    "gen1",
    "kanto_regional"
  ],
  "pokedex": [
    "cobblemon.species.vulpix.desc"
  ],
  "evolutions": [
    {
      "id": "cafe_vulpix_ninetales",
      "variant": "item_interact",
      "result": "ninetales",
      "consumeHeldItem": false,
      "learnableMoves": [],
      "requirements": [],
      "requiredContext": "cobblemon:fire_stone"
    }
  ],
  "baseScale": 0.7,
  "hitbox": {
    "width": 0.9,
    "height": 1.1,
    "fixed": false
  },
  "baseFriendship": 50,
  "evYield": {
    "hp": 0,
    "attack": 0,
    "defence": 0,
    "special_attack": 0,
    "special_defence": 0,
    "speed": 1
  },
  "height": 6,
  "weight": 99,
  "aspects": [],
  "cannotDynamax": false
}
