{
	"format_version": "1.12.0",
	"minecraft:geometry": [
		{
			"description": {
				"identifier": "geometry.pengimo",
				"texture_width": 64,
				"texture_height": 64,
				"visible_bounds_width": 2,
				"visible_bounds_height": 2.5,
				"visible_bounds_offset": [0, 0.75, 0]
			},
			"bones": [
				{
					"name": "pengimo",
					"pivot": [0, 0, 0]
				},
				{
					"name": "head",
					"parent": "pengimo",
					"pivot": [0, 2, 0],
					"cubes": [
						{"origin": [-4, 2, -4], "size": [8, 9, 8], "uv": [0, 0]},
						{"origin": [-1, 6, -6], "size": [2, 2, 3], "uv": [26, 20]}
					]
				},
				{
					"name": "arm",
					"parent": "head",
					"pivot": [4, 8, 0],
					"cubes": [
						{"origin": [3, 3, -2], "size": [2, 5, 4], "uv": [36, 4]}
					]
				},
				{
					"name": "arm2",
					"parent": "head",
					"pivot": [-4, 8, 0],
					"cubes": [
						{"origin": [-5, 3, -2], "size": [2, 5, 4], "uv": [36, 4], "mirror": true}
					]
				},
				{
					"name": "leg",
					"parent": "pengimo",
					"pivot": [2, 2, 0],
					"cubes": [
						{"origin": [0.5, 0, -2], "size": [3, 3, 4], "uv": [5, 25]}
					]
				},
				{
					"name": "leg2",
					"parent": "pengimo",
					"pivot": [-2, 2, 0],
					"cubes": [
						{"origin": [-3.5, 0, -2], "size": [3, 3, 4], "uv": [5, 25], "mirror": true}
					]
				}
			]
		}
	]
}