{
  "species": "cobblemon:rotom",
  "order": 1,
  "variations": [
    {
      "aspects": [],
      "poser": "cobblemon:rotom",
      "model": "cobblemon:rotom.geo",
      "texture": "cobblemon:textures/pokemon/rotom/rotom.png",
      "layers": [
	  {
			"name": "glow",
			"texture": "cobblemon:textures/pokemon/rotom/rotom_emissive.png",
			"emissive": true
	  }
	  ]
    },
    {
      "aspects": [
        "shiny"
      ],
      "texture": "cobblemon:textures/pokemon/rotom/rotom_shiny.png",
	  "layers": [
	  {
			"name": "glow",
			"texture": "cobblemon:textures/pokemon/rotom/rotom_shiny_emissive.png",
			"emissive": true
	  }
	  ]
    }
  ]
}