{
	"format_version": "1.8.0",
	"animations": {
		"animation.ranabyss.ground_idle": {
			"loop": true,
			"animation_length": 4,
			"bones": {
				"torso": {
					"rotation": {
						"0.0": [20, 0, 0],
						"2.0": [25, 0, 0],
						"4.0": [20, 0, 0]
					}
				},
				"neck": {
					"rotation": {
						"0.0": [15, 0, 0],
						"4.0": [15, 0, 0]
					}
				},
				"head": {
					"rotation": {
						"0.0": [-20, 0, 0],
						"2.0": [-25, 0, 0],
						"4.0": [-20, 0, 0]
					}
				},
				"arm1": {
					"rotation": {
						"0.0": [0, 45, 80],
						"4.0": [0, 45, 80]
					}
				},
				"hand1": {
					"rotation": {
						"0.0": [0, 140, 0],
						"4.0": [0, 140, 0]
					}
				},
				"arm2": {
					"rotation": {
						"0.0": [0, -20, -80],
						"4.0": [0, -20, -80]
					}
				},
				"hand2": {
					"rotation": {
						"0.0": [0, -50, -20],
						"2.0": [0, -60, -20],
						"4.0": [0, -50, -20]
					}
				},
				"goop2": {
					"scale": {
						"0.0": [1, 1, 1],
						"1.0": [1.2, 1, 1.2],
						"4.0": [1, 1, 1]
					}
				},
				"goop4": {
					"scale": {
						"0.0": [1, 1, 1],
						"2.0": [1.3, 1, 1.3],
						"4.0": [1, 1, 1]
					}
				},
				"goop5": {
					"scale": {
						"0.0": [1, 1, 1],
						"2.0": [1.4, 1, 1.2],
						"4.0": [1, 1, 1]
					}
				}
			}
		},
		"animation.ranabyss.ground_walk": {
			"loop": true,
			"animation_length": 2,
			"bones": {
				"body": {
					"position": {
						"0.0": [0, 0, 0],
						"1.0": [0, 0, -1.5],
						"2.0": [0, 0, 0]
					}
				},
				"torso": {
					"rotation": {
						"0.0": [40, 0, 0],
						"2.0": [40, 0, 0]
					}
				},
				"neck": {
					"rotation": {
						"0.0": [-20, 0, 0],
						"2.0": [-20, 0, 0]
					}
				},
				"head": {
					"rotation": {
						"0.0": [-15, 0, 0],
						"1.0": [-20, 0, 0],
						"2.0": [-15, 0, 0]
					}
				},
				"arm1": {
					"rotation": {
						"0.0": [0, 0, 75],
						"1.0": [0, -5, 75],
						"2.0": [0, 0, 75]
					}
				},
				"hand1": {
					"rotation": {
						"0.0": [0, 80, 0],
						"2.0": [0, 80, 0]
					}
				},
				"arm2": {
					"rotation": {
						"0.0": [0, 0, -75],
						"1.0": [0, 5, -75],
						"2.0": [0, 0, -75]
					}
				},
				"hand2": {
					"rotation": {
						"0.0": [0, -80, 0],
						"2.0": [0, -80, 0]
					}
				},
				"goop1": {
					"position": {
						"0.0": [0, 0, 0.5],
						"2.0": [0, 0, 0.5]
					}
				},
				"goop2": {
					"position": {
						"0.0": [0, 0, 2],
						"2.0": [0, 0, 2]
					}
				},
				"goop3": {
					"position": {
						"0.0": [0, 0, 1],
						"1.0": [0, 0, 4],
						"2.0": [0, 0, 1]
					},
					"scale": {
						"0.0": [1, 1, 1],
						"1.0": [1, 1, 1.2],
						"2.0": [1, 1, 1]
					}
				},
				"goop4": {
					"position": {
						"0.0": [2, 0, 3],
						"1.0": [2, 0, 4],
						"2.0": [2, 0, 3]
					}
				},
				"goop5": {
					"position": {
						"0.0": [-2, 0, 11],
						"1.0": [-2, 0, 13],
						"2.0": [-2, 0, 11]
					},
					"scale": {
						"0.0": [1, 1, 1],
						"1.0": [1, 1, 1.3],
						"2.0": [1, 1, 1]
					}
				}
			}
		},
		"animation.ranabyss.faint": {
			"loop": true,
			"animation_length": 3,
			"bones": {
				"body": {
					"position": {
						"0.0": [0, 0, 0],
						"0.75": [0, -10.5, 0]
					}
				},
				"torso": {
					"rotation": {
						"0.0": [10, 0, 0],
						"0.75": [-50, 0, 0],
						"1.0417": [-55, 0, 0]
					}
				},
				"neck": {
					"rotation": {
						"0.0": [0, 0, 0],
						"0.75": [5, 0, 0],
						"1.0": [-15, 0, 0]
					}
				},
				"head": {
					"rotation": {
						"0.0": [0, 0, 0],
						"1.0": [35, 0, 0],
						"1.1667": [-25, 0, 0],
						"1.2083": [-20, 0, 0],
						"1.3333": [-30, 0, 0]
					}
				},
				"eyes": {
					"scale": {
						"0.0": [1, 1, 1],
						"0.8333": [1, 1, 1],
						"1.0": [1, 1, 1],
						"1.125": [1, 0, 1]
					}
				},
				"arm1": {
					"rotation": {
						"0.0": [0, 35, 65],
						"0.5": [0, 40, 65],
						"0.75": [0, -25, 65]
					}
				},
				"hand1": {
					"rotation": {
						"0.0": [0, 120, 0],
						"0.5": [0, 30, 0],
						"0.8333": [0, 60, 0]
					}
				},
				"arm2": {
					"rotation": {
						"0.0": [0, 0, -65],
						"0.8333": [0, -70, -65],
						"1.25": [0, 25, -65]
					}
				},
				"hand2": {
					"rotation": {
						"0.0": [0, -50, 0],
						"0.5": [0, -25, 0],
						"0.8333": [0, -15, 0],
						"1.125": [0, -87.5, 0],
						"1.25": [0, -65, 0],
						"3.0": [0, -65, 0]
					}
				},
				"lowertorso": {
					"scale": {
						"0.0": [1, 1, 1],
						"0.75": [2, 0.3, 2]
					}
				}
			}
		},
		"animation.ranabyss.sleep": {
			"loop": true,
			"animation_length": 4,
			"bones": {
				"body": {
					"position": {
						"0.0": [0, -3, 0],
						"4.0": [0, -3, 0]
					}
				},
				"torso": {
					"rotation": {
						"0.0": [15, 0, 0],
						"2.0": [15.5, 0, 0],
						"4.0": [15, 0, 0]
					}
				},
				"neck": {
					"rotation": {
						"0.0": [40, 0, 0],
						"4.0": [40, 0, 0]
					}
				},
				"head": {
					"rotation": {
						"0.0": [-35, 0, 0],
						"4.0": [-35, 0, 0]
					}
				},
				"eyes": {
					"scale": {
						"0.0": [1, 0.1, 1],
						"4.0": [1, 0.1, 1]
					}
				},
				"arm1": {
					"rotation": {
						"0.0": [0, 30, 75],
						"4.0": [0, 30, 75]
					}
				},
				"hand1": {
					"rotation": {
						"0.0": [0, 140, -10],
						"4.0": [0, 140, -10]
					}
				},
				"arm2": {
					"rotation": {
						"0.0": [0, -30, -75],
						"4.0": [0, -30, -75]
					}
				},
				"hand2": {
					"rotation": {
						"0.0": [0, -140, 10],
						"4.0": [0, -140, 10]
					}
				},
				"lowertorso": {
					"scale": {
						"0.0": [1.5, 0.8, 1.5],
						"4.0": [1.5, 0.8, 1.5]
					}
				}
			}
		},
		"animation.ranabyss.water_idle": {
			"loop": true,
			"animation_length": 2,
			"bones": {
				"body": {
					"position": {
						"0.0": [0, 0, 0],
						"1.0": [0, 1, 0],
						"2.0": [0, 0, 0]
					}
				},
				"torso": {
					"rotation": [10, 0, 0]
				},
				"head": {
					"rotation": [-10, 0, 0]
				},
				"arm1": {
					"rotation": {
						"0.0": [0, 0, 50],
						"1.0": [0, 0, 70],
						"2.0": [0, 0, 50]
					}
				},
				"hand1": {
					"rotation": {
						"0.0": [0, 0, 10],
						"0.25": [0, 0, -10],
						"2.0": [0, 0, 10]
					}
				},
				"arm2": {
					"rotation": {
						"0.0": [0, 0, -50],
						"1.0": [0, 0, -70],
						"2.0": [0, 0, -50]
					}
				},
				"hand2": {
					"rotation": {
						"0.0": [0, 0, -10],
						"0.25": [0, 0, 10],
						"2.0": [0, 0, -10]
					}
				},
				"goop1": {
					"position": {
						"0.0": [0, 1, 0],
						"2.0": [0, 1, 0]
					},
					"scale": {
						"0.0": [1, 1.3, 1],
						"1.0": [0.9, 1.3, 0.9],
						"2.0": [1, 1.3, 1]
					}
				},
				"goop2": {
					"position": {
						"0.0": [0, 1, 2],
						"2.0": [0, 1, 2]
					},
					"scale": {
						"0.0": [1, 1, 0.6],
						"1.0": [0.9, 1, 0.6],
						"2.0": [1, 1, 0.6]
					}
				},
				"goop3": {
					"scale": 0
				},
				"goop4": {
					"position": [0, 6, 0],
					"scale": 0
				},
				"goop5": {
					"position": [0, 5, 0],
					"scale": 0
				}
			}
		},
		"animation.ranabyss.water_swim": {
			"loop": true,
			"animation_length": 1.25,
			"bones": {
				"body": {
					"rotation": {
						"0.0": [90, 0, 0],
						"1.25": [90, 0, 0]
					},
					"position": {
						"0.0": [0, 0, 0],
						"0.5": [0, 0, -1],
						"1.25": [0, 0, 0]
					}
				},
				"torso": {
					"rotation": {
						"0.0": [-5, 0, 0],
						"1.25": [-5, 0, 0]
					}
				},
				"neck": {
					"rotation": {
						"0.0": [-20, 0, 0],
						"1.25": [-20, 0, 0]
					}
				},
				"head": {
					"rotation": {
						"0.0": [-40, 0, 0],
						"0.5": [-50, 0, 0],
						"1.25": [-40, 0, 0]
					}
				},
				"arm1": {
					"rotation": {
						"0.0": [0, 0, -15],
						"0.5": [0, 0, 65],
						"1.25": [0, 0, -15]
					}
				},
				"hand1": {
					"rotation": {
						"0.0": [0, 0, 0],
						"0.25": [0, 0, -15],
						"0.75": [0, 0, 15],
						"1.25": [0, 0, 0]
					}
				},
				"arm2": {
					"rotation": {
						"0.0": [0, 0, 15],
						"0.5": [0, 0, -65],
						"1.25": [0, 0, 15]
					}
				},
				"hand2": {
					"rotation": {
						"0.0": [0, 0, 0],
						"0.25": [0, 0, 15],
						"0.75": [0, 0, -15],
						"1.25": [0, 0, 0]
					}
				},
				"goop1": {
					"scale": {
						"0.0": [1, 1.3, 0.7],
						"0.75": [1, 1.7, 0.7],
						"1.25": [1, 1.3, 0.7]
					}
				},
				"goop2": {
					"scale": {
						"0.0": [0.5, 1.8, 0.3],
						"0.5": [0.5, 3, 0.3],
						"1.25": [0.5, 1.8, 0.3]
					}
				},
				"goop3": {
					"scale": 0
				},
				"goop4": {
					"scale": 0
				},
				"goop5": {
					"scale": 0
				}
			}
		}
	}
}