{
	"format_version": "1.8.0",
	"animations": {
		"animation.tabris.all": {
			"loop": true,
			"animation_length": 1,
			"bones": {
				"leftRing": {
					"rotation": {
						"0.0": [0, 0, 0],
						"1.0": [0, 0, -360]
					}
				},
				"rightRing": {
					"rotation": {
						"0.0": [0, 0, 0],
						"1.0": [-360, 0, 0]
					}
				}
			}
		},
		"animation.tabris.faint": {
			"loop": "hold_on_last_frame",
			"animation_length": 0.5,
			"bones": {
				"head": {
					"rotation": {
						"0.0": [0, 0, 0],
						"0.1667": [0, 0, 0],
						"0.25": [-17.5, 15, 0],
						"0.3333": [-17.5, -15, 0],
						"0.4167": [17.5, 15, 0],
						"0.5": [17.5, -15, 0]
					},
					"scale": {
						"0.0": [1, 1, 1],
						"0.1667": [1, 1, 1],
						"0.25": [0.5, 1, 1],
						"0.3333": [0.5, 0.4, 1],
						"0.4167": [0.5, 0.1, 1],
						"0.5": [0, 0.1, 1]
					}
				},
				"leftRing": {
					"position": {
						"0.0": [0, 0, 0],
						"0.25": [0, 0, 0],
						"0.5": [0, -16, 0]
					}
				},
				"rightRing": {
					"position": {
						"0.0": [0, 0, 0],
						"0.25": [0, 0, 0],
						"0.5": [0, -13, 0]
					}
				}
			}
		}
	}
}