{
	"format_version": "1.12.0",
	"minecraft:geometry": [
		{
			"description": {
				"identifier": "geometry.ramiel_legend",
				"texture_width": 160,
				"texture_height": 160,
				"visible_bounds_width": 4,
				"visible_bounds_height": 4.5,
				"visible_bounds_offset": [0, 1.75, 0]
			},
			"bones": [
				{
					"name": "ramiel",
					"pivot": [0, 0, 0],
					"rotation": [0, 45, 0]
				},
				{
					"name": "body",
					"parent": "ramiel",
					"pivot": [1, 22, 0],
					"cubes": [
						{"origin": [-2, 19, -3], "size": [6, 6, 6], "uv": [84, 0]}
					]
				},
				{
					"name": "upperDome",
					"parent": "body",
					"pivot": [0, 22, 0],
					"cubes": [
						{"origin": [-12, 22, -13], "size": [26, 0, 26], "pivot": [1, 22, -13], "rotation": [58.5, 0, 0], "uv": [82, 134]},
						{"origin": [-12, 22, 13], "size": [26, 0, 26], "pivot": [1, 22, 13], "rotation": [121.5, 0, 0], "uv": [82, 108]},
						{"origin": [-12, 22, -13], "size": [26, 0, 26], "uv": [82, 0]},
						{"origin": [1, 22, 0], "size": [26, 0, 26], "pivot": [14, 22, 0], "rotation": [0, -90, 58.5], "uv": [82, 108]},
						{"origin": [-25, 22, 0], "size": [26, 0, 26], "pivot": [-12, 22, 0], "rotation": [0, -90, 121.5], "uv": [82, 134]}
					]
				},
				{
					"name": "lowerDome",
					"parent": "body",
					"pivot": [0, 0, 0],
					"rotation": [0, 0, -180],
					"cubes": [
						{"origin": [-14, -22, -13], "size": [26, 0, 26], "pivot": [-1, -22, -13], "rotation": [58.5, 0, 0], "uv": [82, 108]},
						{"origin": [-14, -22, 13], "size": [26, 0, 26], "pivot": [-1, -22, 13], "rotation": [121.5, 0, 0], "uv": [82, 134]},
						{"origin": [-1, -22, 0], "size": [26, 0, 26], "pivot": [12, -22, 0], "rotation": [0, -90, 58.5], "uv": [82, 134]},
						{"origin": [-14, -22, -13], "size": [26, 0, 26], "uv": [82, 0]},
						{"origin": [-27, -22, 0], "size": [26, 0, 26], "pivot": [-14, -22, 0], "rotation": [0, -90, 121.5], "uv": [82, 108]}
					]
				}
			]
		}
	]
}