{
	"format_version": "1.8.0",
	"animations": {
		"animation.hadderfly.ground_idle": {
			"loop": true,
			"animation_length": 0.92,
			"bones": {
				"head": {
					"rotation": {
						"0.0": [0, 0, 0],
						"0.92": [0, 0, 0]
					}
				},
				"bone": {
					"rotation": {
						"0.0": [20, 0, 0],
						"0.92": [20, 0, 0]
					},
					"position": {
						"0.0": [0, 1, 0],
						"0.92": [0, 1, 0]
					}
				},
				"wing": {
					"rotation": {
						"0.0": [0, 0, 0],
						"0.48": [0, -45, 0],
						"0.92": [0, 0, 0]
					}
				},
				"wing2": {
					"rotation": {
						"0.0": [0, 0, 0],
						"0.48": [0, 45, 0],
						"0.92": [0, 0, 0]
					}
				},
				"antenna": {
					"rotation": {
						"0.0": [-42.5, 0, 0],
						"0.48": [-35, 0, 0],
						"0.92": [-42.5, 0, 0]
					}
				},
				"antenna2": {
					"rotation": {
						"0.0": [-42.5, 0, 0],
						"0.48": [-35, 0, 0],
						"0.92": [-42.5, 0, 0]
					}
				},
				"bone2": {
					"position": {
						"0.0": [0, 1, 0],
						"0.48": [0, 0, 0],
						"0.92": [0, 1, 0]
					}
				}
			}
		},
		"animation.hadderfly.ground_walk": {
			"loop": true,
			"animation_length": 0.48,
			"bones": {
				"head": {
					"rotation": {
						"0.0": [0, 0, 0],
						"0.48": [0, 0, 0]
					}
				},
				"bone": {
					"rotation": {
						"0.0": [32.5, 0, 0],
						"0.48": [32.5, 0, 0]
					},
					"position": {
						"0.0": [0, 1, 0],
						"0.48": [0, 1, 0]
					}
				},
				"wing": {
					"rotation": {
						"0.0": [0, 0, 0],
						"0.24": [0, -45, 0],
						"0.48": [0, 0, 0]
					}
				},
				"wing2": {
					"rotation": {
						"0.0": [0, 0, 0],
						"0.24": [0, 45, 0],
						"0.48": [0, 0, 0]
					}
				},
				"antenna": {
					"rotation": {
						"0.0": [-52.5, 0, 0],
						"0.24": [-45, 0, 0],
						"0.48": [-52.5, 0, 0]
					}
				},
				"antenna2": {
					"rotation": {
						"0.0": [-52.5, 0, 0],
						"0.24": [-45, 0, 0],
						"0.48": [-52.5, 0, 0]
					}
				},
				"bone2": {
					"position": {
						"0.0": [0, 1, 0],
						"0.24": [0, 0, 0],
						"0.48": [0, 1, 0]
					}
				}
			}
		}
	}
}