{
	"format_version": "1.12.0",
	"minecraft:geometry": [
		{
			"description": {
				"identifier": "geometry.dandefluff",
				"texture_width": 128,
				"texture_height": 128,
				"visible_bounds_width": 3,
				"visible_bounds_height": 3.5,
				"visible_bounds_offset": [0, 1.25, 0]
			},
			"bones": [
				{
					"name": "dandefluff",
					"pivot": [0, 0, 0]
				},
				{
					"name": "body",
					"parent": "dandefluff",
					"pivot": [0, 12, 0],
					"cubes": [
						{"origin": [-4, 6, -6], "size": [8, 8, 12], "uv": [0, 0]}
					]
				},
				{
					"name": "tail",
					"parent": "body",
					"pivot": [0, 13, 5],
					"rotation": [-27.5, 0, 0],
					"cubes": [
						{"origin": [-1, 12, 5], "size": [2, 2, 3], "uv": [34, 36]}
					]
				},
				{
					"name": "tailleavesupper",
					"parent": "tail",
					"pivot": [0, 14, 6],
					"rotation": [95, 0, 0],
					"cubes": [
						{"origin": [-3, 14.02, 5], "size": [6, 0, 11], "uv": [60, 36]}
					]
				},
				{
					"name": "tailleaveslower",
					"parent": "tail",
					"pivot": [0, 12, 6.75],
					"rotation": [-35, 0, 0],
					"cubes": [
						{"origin": [-3, 12.02, 5.75], "size": [6, 0, 11], "uv": [59, 59]}
					]
				},
				{
					"name": "tailleavesrightmain",
					"parent": "tail",
					"pivot": [0, 12, 6.75],
					"rotation": [-75, -30, 90],
					"cubes": [
						{"origin": [-3, 12.02, 5.75], "size": [6, 0, 13], "uv": [0, 49]}
					]
				},
				{
					"name": "tailleavesleftmain",
					"parent": "tail",
					"pivot": [0, 12, 6.75],
					"rotation": [-75, 30, -90],
					"cubes": [
						{"origin": [-3, 12.02, 5.75], "size": [6, 0, 13], "uv": [0, 49], "mirror": true}
					]
				},
				{
					"name": "tailleavesrightmain2",
					"parent": "tail",
					"pivot": [0, 12, 6.75],
					"rotation": [-96.87644, -18.59365, 139.69826],
					"cubes": [
						{"origin": [-5, 12.02, 5.75], "size": [10, 0, 13], "uv": [0, 35]}
					]
				},
				{
					"name": "tailleavesleftmain2",
					"parent": "tail",
					"pivot": [0, 12, 6.75],
					"rotation": [-96.87644, 18.59365, -139.69826],
					"cubes": [
						{"origin": [-5, 12.02, 5.75], "size": [10, 0, 13], "uv": [0, 35], "mirror": true}
					]
				},
				{
					"name": "tailleavesrightmain3",
					"parent": "tail",
					"pivot": [0, 12, 6.75],
					"rotation": [-45.568, -26.40989, 37.17615],
					"cubes": [
						{"origin": [-5, 12.02, 5.75], "size": [10, 0, 13], "uv": [34, 8]}
					]
				},
				{
					"name": "tailleavesleftmain3",
					"parent": "tail",
					"pivot": [0, 12, 6.75],
					"rotation": [-45.568, 26.40989, -37.17615],
					"cubes": [
						{"origin": [-5, 12.02, 5.75], "size": [10, 0, 13], "uv": [34, 8], "mirror": true}
					]
				},
				{
					"name": "neckp1",
					"parent": "body",
					"pivot": [0, 12, -5],
					"cubes": [
						{"origin": [-3.5, 10, -7], "size": [7, 11, 6], "uv": [0, 63]},
						{"origin": [-4, 9.5, -7.5], "size": [8, 12, 7], "uv": [39, 50]}
					]
				},
				{
					"name": "head",
					"parent": "neckp1",
					"pivot": [0, 19, -4],
					"cubes": [
						{"origin": [-3.5, 19, -8], "size": [7, 7, 7], "uv": [68, 0]}
					]
				},
				{
					"name": "rightear",
					"parent": "head",
					"pivot": [-2.75, 24, -4.5],
					"rotation": [-23.47603, -16.1299, 6.88003],
					"cubes": [
						{"origin": [-3.58726, 22.30656, -4.98385], "size": [2, 3, 6], "uv": [76, 71]}
					]
				},
				{
					"name": "leftear",
					"parent": "head",
					"pivot": [2.75, 24, -4.5],
					"rotation": [-23.47603, 16.1299, -6.88003],
					"cubes": [
						{"origin": [1.58726, 22.30656, -4.98385], "size": [2, 3, 6], "uv": [29, 0]}
					]
				},
				{
					"name": "face",
					"parent": "head",
					"pivot": [0, 24, -8]
				},
				{
					"name": "righteye",
					"parent": "face",
					"pivot": [-2, 23.75, -8],
					"cubes": [
						{"origin": [-2.5, 22.25, -8.01], "size": [1, 1, 1], "uv": [29, 3]}
					]
				},
				{
					"name": "lefteye",
					"parent": "face",
					"pivot": [2, 23.75, -8],
					"cubes": [
						{"origin": [1.5, 22.25, -8.01], "size": [1, 1, 1], "uv": [29, 0]}
					]
				},
				{
					"name": "mouth",
					"parent": "face",
					"pivot": [0, 21, -8],
					"cubes": [
						{"origin": [-1.5, 20.75, -8.01], "size": [2, 1, 0], "pivot": [0, 21, -8], "rotation": [0, 0, -37.5], "uv": [34, 10]},
						{"origin": [-0.5, 20.75, -8.02], "size": [2, 1, 0], "pivot": [0, 21, -8], "rotation": [0, 0, 37.5], "uv": [5, 32]},
						{"origin": [-2, 19.5, -8.02], "size": [2, 1, 0], "pivot": [0, 21, -8], "rotation": [0, 0, 37.5], "uv": [0, 32]},
						{"origin": [0, 19.5, -8.01], "size": [2, 1, 0], "pivot": [0, 21, -8], "rotation": [0, 0, -37.5], "uv": [29, 10]}
					]
				},
				{
					"name": "flower",
					"parent": "head",
					"pivot": [0, 26.25, -4],
					"rotation": [2.5, 0, 0],
					"cubes": [
						{"origin": [-1, 25.25, -5.5], "size": [2, 2, 2], "uv": [40, 0]},
						{"origin": [-4, 26.3, -8.5], "size": [8, 0, 8], "uv": [65, 48]}
					]
				},
				{
					"name": "rightarm",
					"parent": "body",
					"pivot": [-3, 10, -5],
					"cubes": [
						{"origin": [-4.75, 5, -6.25], "size": [3, 8, 4], "uv": [61, 71]}
					]
				},
				{
					"name": "rightarmp2",
					"parent": "rightarm",
					"pivot": [-3, 5, -4],
					"rotation": [-17.5, 0, 0],
					"cubes": [
						{"origin": [-4.25, 0, -5], "size": [2, 8, 3], "uv": [0, 35]}
					]
				},
				{
					"name": "righthoof",
					"parent": "rightarmp2",
					"pivot": [-3, 1, -4],
					"rotation": [20, 0, 0],
					"cubes": [
						{"origin": [-4.28, -0.5, -5.25], "size": [2, 1, 2], "uv": [46, 4]}
					]
				},
				{
					"name": "leftarm",
					"parent": "body",
					"pivot": [3, 10, -5],
					"cubes": [
						{"origin": [1.75, 5, -6.25], "size": [3, 8, 4], "uv": [68, 22]}
					]
				},
				{
					"name": "leftarmp2",
					"parent": "leftarm",
					"pivot": [3, 5, -4],
					"rotation": [-17.5, 0, 0],
					"cubes": [
						{"origin": [2.25, 0, -5], "size": [2, 8, 3], "uv": [0, 0]}
					]
				},
				{
					"name": "lefthoof",
					"parent": "leftarmp2",
					"pivot": [3, 1, -4],
					"rotation": [20, 0, 0],
					"cubes": [
						{"origin": [2.28, -0.5, -5.25], "size": [2, 1, 2], "uv": [34, 42]}
					]
				},
				{
					"name": "rightleg",
					"parent": "body",
					"pivot": [-3, 11, 4],
					"rotation": [7.5, 0, 0],
					"cubes": [
						{"origin": [-4.5, 4, 1.5], "size": [4, 9, 4], "uv": [44, 70]}
					]
				},
				{
					"name": "rightlegp2",
					"parent": "rightleg",
					"pivot": [-3, 5, 4],
					"rotation": [-15, 0, 0],
					"cubes": [
						{"origin": [-4, 0, 3.5], "size": [3, 7, 3], "uv": [34, 22]}
					]
				},
				{
					"name": "leftleg",
					"parent": "body",
					"pivot": [3, 11, 4],
					"rotation": [7.5, 0, 0],
					"cubes": [
						{"origin": [0.5, 4, 1.5], "size": [4, 9, 4], "uv": [27, 70]}
					]
				},
				{
					"name": "leftlegp2",
					"parent": "leftleg",
					"pivot": [3, 5, 4],
					"rotation": [-15, 0, 0],
					"cubes": [
						{"origin": [1, 0, 3.5], "size": [3, 7, 3], "uv": [0, 21]}
					]
				}
			]
		}
	]
}