{
  "species": "cobblemon:lordhelix",
  "order": 0,
  "variations": [
    {
      "aspects": [],
      "poser": "cobblemon:lordhelix",
      "model": "cobblemon:lordhelix.geo",
      "texture": "cobblemon:textures/pokemon/lordhelix/lordhelix.png",
      "layers": [
        {
          "name": "emissive",
          "emissive": true,
          "texture": "cobblemon:textures/pokemon/lordhelix/lordhelix_emissive.png",
          "translucent": true
        }
      ]
    },
    {
      "aspects": [
        "shiny"
      ],
      "texture": "cobblemon:textures/pokemon/lordhelix/lordhelix_shiny.png",
      "layers": [
        {
          "name": "emissive",
          "emissive": true,
          "texture": "cobblemon:textures/pokemon/lordhelix/lordhelix_emissive.png",
          "translucent": true
        }
      ]
    }
  ]
}