{
  "head": "head",
  "portraitScale": 1.98,
  "portraitTranslation": [
    0.07,
    -1.4,
    0
  ],
  "profileScale": 1.12,
  "profileTranslation": [
    0.02,
    -0.1,
    0
  ],
  "faint": "q.bedrock_primary('hunterror', 'faint')",
  "poses": {
    "gui": {
      "poseName": "gui",
      "poseTypes": [
        "PORTRAIT"
      ],
      "animations": [
        "q.look('head')",
        "q.bedrock('hunterror', 'pose')"
      ]
    },
    "standing": {
      "poseName": "standing",
      "poseTypes": [
        "STAND",
        "NONE",
        "PROFILE"
      ],
      "animations": [
        "q.look('head')",
        "q.bedrock('hunterror', 'ground_idle')"
      ],
      "quirks": [
        "q.bedrock_quirk('hunterror', 'blink')"
      ]
    },
    "floating": {
      "poseName": "floating",
      "poseTypes": [
        "FLOAT"
      ],
      "animations": [
        "q.look('head')",
        "q.bedrock('hunterror', 'water_idle')"
      ],
      "quirks": [
        "q.bedrock_quirk('hunterror', 'blink')"
      ]
    },
    "swimming": {
      "poseName": "swimming",
      "poseTypes": [
        "SWIM"
      ],
      "animations": [
        "q.look('head')",
        "q.bedrock('hunterror', 'water_swim')"
      ],
      "quirks": [
        "q.bedrock_quirk('hunterror', 'blink')"
      ]
    },
    "sleep": {
      "poseName": "sleep",
      "poseTypes": [
        "SLEEP"
      ],
      "animations": [
        "q.bedrock('hunterror', 'sleep')"
      ]
    }
  }
}