{
	"format_version": "1.12.0",
	"minecraft:geometry": [
		{
			"description": {
				"identifier": "geometry.stingwing_colt",
				"texture_width": 128,
				"texture_height": 128,
				"visible_bounds_width": 6,
				"visible_bounds_height": 4.5,
				"visible_bounds_offset": [0, 1.75, 0]
			},
			"bones": [
				{
					"name": "stingwing",
					"pivot": [0, 0, 0]
				},
				{
					"name": "body",
					"parent": "stingwing",
					"pivot": [0, 0, 0]
				},
				{
					"name": "leftleg",
					"parent": "body",
					"pivot": [2.6, 24.3, 2.5],
					"cubes": [
						{"origin": [0.1, 17.3, 0], "size": [5, 8, 5], "uv": [46, 54]}
					]
				},
				{
					"name": "leftknee",
					"parent": "leftleg",
					"pivot": [2.75, 17.3, 1.2],
					"cubes": [
						{"origin": [0.3, 12.3, 0], "size": [5, 8, 0], "inflate": 0.02, "pivot": [2.8, 16.3, 0], "rotation": [2.4905, -0.21782, 4.99527], "uv": [118, 30]},
						{"origin": [1.2, 10.3, 1], "size": [3, 8, 4], "inflate": 0.1, "uv": [68, 0]}
					]
				},
				{
					"name": "leftankle",
					"parent": "leftknee",
					"pivot": [2.7, 11.2, 4.5],
					"cubes": [
						{"origin": [1.2, 3.8, 1], "size": [3, 7, 4], "inflate": 0.4, "uv": [56, 78]}
					]
				},
				{
					"name": "leftfoot",
					"parent": "leftankle",
					"pivot": [2.53333, 2.16667, 3.33841],
					"cubes": [
						{"origin": [0.6, -0.5, -1], "size": [4, 4, 6], "inflate": 0.01, "uv": [66, 25]},
						{"origin": [3.6, -0.5, -3], "size": [3, 3, 3], "pivot": [5.6, 1, -4.5], "rotation": [0, -25, 0], "uv": [86, 53]},
						{"origin": [-1.6, -0.5, -3], "size": [3, 3, 3], "pivot": [-0.6, 1, -4.5], "rotation": [0, 25, 0], "uv": [86, 59]}
					]
				},
				{
					"name": "rightleg",
					"parent": "body",
					"pivot": [-2.6, 24.3, 2.5],
					"cubes": [
						{"origin": [-5.1, 17.3, 0], "size": [5, 8, 5], "uv": [46, 54], "mirror": true}
					]
				},
				{
					"name": "rightknee",
					"parent": "rightleg",
					"pivot": [-2.75, 17.8, 1.5],
					"cubes": [
						{"origin": [-4.2, 10.3, 1], "size": [3, 8, 4], "inflate": 0.1, "uv": [42, 67]},
						{"origin": [-5.3, 12.3, 0], "size": [5, 8, 0], "inflate": 0.02, "pivot": [-2.8, 16.3, 0], "rotation": [2.4905, 0.21782, -4.99527], "uv": [118, 48]}
					]
				},
				{
					"name": "rightankle",
					"parent": "rightknee",
					"pivot": [-2.7, 11.3, 4.6],
					"cubes": [
						{"origin": [-4.2, 3.8, 1], "size": [3, 7, 4], "inflate": 0.4, "uv": [34, 79]}
					]
				},
				{
					"name": "rightfoot",
					"parent": "rightankle",
					"pivot": [-2.53333, 2.16667, 3.33841],
					"cubes": [
						{"origin": [-4.6, -0.5, -1], "size": [4, 4, 6], "inflate": 0.01, "uv": [62, 15]},
						{"origin": [-6.6, -0.5, -3], "size": [3, 3, 3], "pivot": [-5.6, 1, -4.5], "rotation": [0, 25, 0], "uv": [86, 84]},
						{"origin": [-1.4, -0.5, -3], "size": [3, 3, 3], "pivot": [0.6, 1, -4.5], "rotation": [0, -25, 0], "uv": [86, 65]}
					]
				},
				{
					"name": "torso",
					"parent": "body",
					"pivot": [0, 25.3, 2.5],
					"cubes": [
						{"origin": [-4.5, 23.3, -1], "size": [9, 4, 7], "inflate": 0.02, "uv": [34, 30]}
					]
				},
				{
					"name": "tails",
					"parent": "torso",
					"pivot": [0, 25, 5]
				},
				{
					"name": "tail",
					"parent": "tails",
					"pivot": [-1.1, 24.6, 5.7],
					"cubes": [
						{"origin": [-1.1, 24.6, 5.4], "size": [2, 2, 6], "inflate": 0.02, "pivot": [-0.1, 25.6, 4.9], "rotation": [0, -40, 0], "uv": [82, 0]}
					]
				},
				{
					"name": "tail3",
					"parent": "tail",
					"pivot": [-3.41718, 25.1, 8.70882],
					"cubes": [
						{"origin": [-5.1, 21.6, 11.2], "size": [8, 7, 9], "inflate": 0.02, "pivot": [0.9, 24.6, 6.7], "rotation": [0, -40, 0], "uv": [0, 16]}
					]
				},
				{
					"name": "tail4",
					"parent": "tail3",
					"pivot": [-9.72808, 24.35, 15.64788],
					"cubes": [
						{"origin": [-4.1, 21.6, 20.2], "size": [6, 6, 5], "inflate": 0.02, "pivot": [0.9, 24.6, 6.7], "rotation": [0, -40, 0], "uv": [60, 41]},
						{"origin": [-1.1, 21.6, 25.2], "size": [0, 5, 7], "inflate": 0.02, "pivot": [1.9, 24.6, 6.7], "rotation": [0, -40, 0], "uv": [20, 76]}
					]
				},
				{
					"name": "tail2",
					"parent": "tails",
					"pivot": [1.1, 24.6, 5.7],
					"cubes": [
						{"origin": [-0.9, 24.6, 5.4], "size": [2, 2, 6], "inflate": 0.02, "pivot": [0.1, 25.6, 4.9], "rotation": [0, 40, 0], "uv": [0, 82]}
					]
				},
				{
					"name": "tail5",
					"parent": "tail2",
					"pivot": [3.71718, 25.1, 9.20882],
					"cubes": [
						{"origin": [-2.9, 21.6, 11.2], "size": [8, 7, 9], "inflate": 0.02, "pivot": [-0.9, 24.6, 6.7], "rotation": [0, 40, 0], "uv": [0, 0]}
					]
				},
				{
					"name": "tail6",
					"parent": "tail5",
					"pivot": [9.12808, 24.35, 16.14788],
					"cubes": [
						{"origin": [-1.9, 21.6, 20.2], "size": [6, 6, 5], "inflate": 0.02, "pivot": [-0.9, 24.6, 6.7], "rotation": [0, 40, 0], "uv": [0, 59]},
						{"origin": [1.1, 21.6, 25.2], "size": [0, 5, 7], "inflate": 0.02, "pivot": [-1.9, 24.6, 6.7], "rotation": [0, 40, 0], "uv": [76, 72]}
					]
				},
				{
					"name": "uppertorso",
					"parent": "torso",
					"pivot": [0, 27.4, 2.6],
					"cubes": [
						{"origin": [-3.5, 26.9, -0.4], "size": [7, 7, 6], "uv": [34, 41]}
					]
				},
				{
					"name": "chest",
					"parent": "uppertorso",
					"pivot": [-0.10079, 33.97886, 3.125],
					"cubes": [
						{"origin": [-4.5, 33.3, -2], "size": [9, 7, 8], "uv": [34, 0]},
						{"origin": [-4, 34.1, -2], "size": [4, 7, 0], "inflate": 0.03, "pivot": [-2, 37.6, -2], "rotation": [0, 0, -60], "uv": [0, 121]},
						{"origin": [0, 34.1, -2], "size": [4, 7, 0], "inflate": 0.02, "pivot": [2, 37.6, -2], "rotation": [0, 0, 60], "uv": [0, 121], "mirror": true},
						{"origin": [-4, 34.1, 6], "size": [4, 7, 0], "inflate": 0.03, "pivot": [-2, 37.6, 6], "rotation": [0, 0, -60], "uv": [0, 121]},
						{"origin": [0, 34.1, 6], "size": [4, 7, 0], "inflate": 0.02, "pivot": [2, 37.6, 6], "rotation": [0, 0, 60], "uv": [0, 121], "mirror": true}
					]
				},
				{
					"name": "leftarm",
					"parent": "chest",
					"pivot": [3.84329, 37.78889, 2.1],
					"cubes": [
						{"origin": [4.5, 36.3, 1], "size": [5, 3, 3], "inflate": 0.21, "uv": [82, 14]}
					]
				},
				{
					"name": "leftelbow",
					"parent": "leftarm",
					"pivot": [9, 37.8, 2.5],
					"cubes": [
						{"origin": [9.5, 36.3, 1], "size": [5, 3, 3], "uv": [82, 41]}
					]
				},
				{
					"name": "leftelbow2",
					"parent": "leftelbow",
					"pivot": [14, 37.8, 2.5],
					"cubes": [
						{"origin": [14.5, 36.3, 1], "size": [7, 3, 3], "inflate": 0.3, "uv": [66, 35]}
					]
				},
				{
					"name": "lefthand",
					"parent": "leftelbow2",
					"pivot": [21.76708, 37.79259, 2.6],
					"cubes": [
						{"origin": [21.5, 36.3, 1.6], "size": [3, 3, 2], "inflate": 0.1, "uv": [48, 123]},
						{"origin": [24.12932, 34.92229, 1.6], "size": [3, 2, 2], "pivot": [3.84329, 37.78889, 2.1], "rotation": [0, 0, -7.5], "uv": [66, 111]},
						{"origin": [23.40563, 42.38861, 1.6], "size": [3, 2, 2], "pivot": [3.84329, 37.78889, 2.1], "rotation": [0, 0, 17.5], "uv": [118, 73]}
					]
				},
				{
					"name": "rightarm2",
					"parent": "chest",
					"pivot": [-3.84329, 34.98889, 2],
					"cubes": [
						{"origin": [-9.5, 33.3, 1], "size": [5, 3, 3], "inflate": 0.2, "pivot": [-4.84329, 34.88889, 2.5], "rotation": [0, 0, -15], "uv": [82, 8]}
					]
				},
				{
					"name": "rightelbow3",
					"parent": "rightarm2",
					"pivot": [-9.53313, 33.45074, 2.5],
					"cubes": [
						{"origin": [-14.5, 33.3, 1], "size": [5, 3, 3], "pivot": [-4.84329, 34.88889, 2.5], "rotation": [0, 0, -15], "uv": [70, 84]}
					]
				},
				{
					"name": "rightelbow4",
					"parent": "rightelbow3",
					"pivot": [-14.02869, 32.29782, 2.5],
					"cubes": [
						{"origin": [-21.5, 33.3, 1], "size": [7, 3, 3], "inflate": 0.3, "pivot": [-4.84329, 34.88889, 2.5], "rotation": [0, 0, -15], "uv": [0, 70]}
					]
				},
				{
					"name": "righthand2",
					"parent": "rightelbow4",
					"pivot": [-21.44645, 30.27813, 2.5],
					"cubes": [
						{"origin": [-24.5, 33.5, 1.5], "size": [3, 3, 2], "inflate": 0.1, "pivot": [-3.84329, 35.08889, 2], "rotation": [0, 0, -15], "uv": [24, 96]},
						{"origin": [-27.12932, 32.12229, 1.5], "size": [3, 2, 2], "pivot": [-3.84329, 34.98889, 2], "rotation": [0, 0, -7.5], "uv": [0, 98]},
						{"origin": [-26.40563, 39.58861, 1.5], "size": [3, 2, 2], "pivot": [-3.84329, 34.98889, 2], "rotation": [0, 0, -32.5], "uv": [98, 0]}
					]
				},
				{
					"name": "leftarm2",
					"parent": "chest",
					"pivot": [3.84329, 34.98889, 2],
					"cubes": [
						{"origin": [4.5, 33.3, 1], "size": [5, 3, 3], "inflate": 0.2, "pivot": [4.84329, 34.88889, 2.5], "rotation": [0, 0, 15], "uv": [86, 20]}
					]
				},
				{
					"name": "leftelbow3",
					"parent": "leftarm2",
					"pivot": [9.33313, 33.45074, 2.5],
					"cubes": [
						{"origin": [9.5, 33.3, 1], "size": [5, 3, 3], "pivot": [4.84329, 34.88889, 2.5], "rotation": [0, 0, 15], "uv": [86, 26]}
					]
				},
				{
					"name": "leftelbow4",
					"parent": "leftelbow3",
					"pivot": [14.02869, 32.19782, 2.5],
					"cubes": [
						{"origin": [14.5, 33.3, 1], "size": [7, 3, 3], "inflate": 0.3, "pivot": [4.84329, 34.88889, 2.5], "rotation": [0, 0, 15], "uv": [56, 72]}
					]
				},
				{
					"name": "lefthand2",
					"parent": "leftelbow4",
					"pivot": [21.44645, 30.27813, 2.5],
					"cubes": [
						{"origin": [21.5, 33.5, 1.5], "size": [3, 3, 2], "inflate": 0.1, "pivot": [3.84329, 35.08889, 2], "rotation": [0, 0, 15], "uv": [40, 97]},
						{"origin": [24.12932, 32.12229, 1.5], "size": [3, 2, 2], "pivot": [3.84329, 34.98889, 2], "rotation": [0, 0, 7.5], "uv": [0, 98]},
						{"origin": [23.40563, 39.58861, 1.5], "size": [3, 2, 2], "pivot": [3.84329, 34.98889, 2], "rotation": [0, 0, 32.5], "uv": [24, 98]}
					]
				},
				{
					"name": "rightarm",
					"parent": "chest",
					"pivot": [-3.84329, 37.78889, 2.1],
					"cubes": [
						{"origin": [-9.5, 36.3, 1], "size": [5, 3, 3], "inflate": 0.21, "uv": [86, 32]}
					]
				},
				{
					"name": "rightelbow",
					"parent": "rightarm",
					"pivot": [-10, 37.8, 2.5],
					"cubes": [
						{"origin": [-14.5, 36.3, 1], "size": [5, 3, 3], "uv": [86, 47]}
					]
				},
				{
					"name": "rightelbow2",
					"parent": "rightelbow",
					"pivot": [-14, 37.8, 2.5],
					"cubes": [
						{"origin": [-21.5, 36.3, 1], "size": [7, 3, 3], "inflate": 0.3, "uv": [0, 76]}
					]
				},
				{
					"name": "righthand",
					"parent": "rightelbow2",
					"pivot": [-21.76708, 37.79259, 2.6],
					"cubes": [
						{"origin": [-24.5, 36.3, 1.6], "size": [3, 3, 2], "inflate": 0.1, "uv": [56, 89]},
						{"origin": [-26.40563, 42.38861, 1.6], "size": [3, 2, 2], "pivot": [-3.84329, 37.78889, 2.1], "rotation": [0, 0, -17.5], "uv": [64, 90]},
						{"origin": [-27.12932, 34.92229, 1.6], "size": [3, 2, 2], "pivot": [-3.84329, 37.78889, 2.1], "rotation": [0, 0, 7.5], "uv": [40, 98]}
					]
				},
				{
					"name": "wing",
					"parent": "chest",
					"pivot": [-4.5005, 37.92864, 5.81016],
					"cubes": [
						{"origin": [-4.5, 35.3, 6], "size": [0, 7, 22], "uv": [84, 72], "mirror": true},
						{"origin": [-4.501, 36.99029, 25.87031], "size": [0, 6, 5], "pivot": [-4.501, 40.49029, 28.37031], "rotation": [30, 0, 0], "uv": [102, 98], "mirror": true}
					]
				},
				{
					"name": "wing2",
					"parent": "chest",
					"pivot": [4.5005, 37.42864, 5.81015],
					"cubes": [
						{"origin": [4.5, 35.3, 6], "size": [0, 7, 22], "uv": [84, 72]},
						{"origin": [4.501, 25.92061, 24.06262], "size": [0, 6, 5], "pivot": [4.5005, 38.32864, 6.81016], "rotation": [30, 0, 0], "uv": [102, 98]}
					]
				},
				{
					"name": "wing3",
					"parent": "chest",
					"pivot": [3.5005, 34.6143, 5.78493],
					"cubes": [
						{"origin": [3.5, 32.3, 6], "size": [0, 7, 22], "pivot": [3.5005, 36.42864, 5.81015], "rotation": [-20, 0, 0], "uv": [84, 72]},
						{"origin": [3.501, 22.56798, 23.37864], "size": [0, 6, 5], "pivot": [3.5005, 36.42864, 5.81015], "rotation": [10, 0, 0], "uv": [102, 98]}
					]
				},
				{
					"name": "wing4",
					"parent": "chest",
					"pivot": [-3.5005, 34.6143, 5.78493],
					"cubes": [
						{"origin": [-3.5, 32.3, 6], "size": [0, 7, 22], "pivot": [-3.5005, 36.42864, 5.81015], "rotation": [-20, 0, 0], "uv": [84, 72], "mirror": true},
						{"origin": [-3.501, 22.56798, 23.37864], "size": [0, 6, 5], "pivot": [-3.5005, 36.42864, 5.81015], "rotation": [10, 0, 0], "uv": [102, 98], "mirror": true}
					]
				},
				{
					"name": "neck",
					"parent": "chest",
					"pivot": [0, 40.3, 2.5],
					"cubes": [
						{"origin": [-2.5, 39.3, 0], "size": [5, 4, 5], "uv": [22, 67]}
					]
				},
				{
					"name": "head",
					"parent": "neck",
					"pivot": [0, 45.92171, 2.20913],
					"cubes": [
						{"origin": [-5, 43.3, -1], "size": [10, 8, 7], "inflate": 0.01, "uv": [0, 32]},
						{"origin": [-2, 51.9, -1.6], "size": [4, 3, 9], "pivot": [0, 46.9, 9.4], "rotation": [17.5, 0, 0], "uv": [0, 47]},
						{"origin": [-5, 48.3, 0], "size": [3, 3, 7], "pivot": [-3.5, 51.3, 3.5], "rotation": [20, -35, 0], "uv": [66, 52]},
						{"origin": [2, 48.3, 0], "size": [3, 3, 7], "pivot": [3.5, 51.3, 3.5], "rotation": [20, 35, 0], "uv": [66, 62]},
						{"origin": [0, 43.7, -4.7], "size": [3, 1, 3], "inflate": 0.01, "pivot": [0, 48.7, -1.7], "rotation": [0, 45, 0], "uv": [116, 0], "mirror": true},
						{"origin": [-2.41421, 43.4, -4.52843], "size": [1, 2, 0], "inflate": 0.01, "pivot": [-1.41421, 44.4, -4.52843], "rotation": [-20, 45, 0], "uv": [124, 11], "mirror": true},
						{"origin": [1.41421, 43.4, -4.52843], "size": [1, 2, 0], "inflate": 0.01, "pivot": [1.41421, 44.4, -4.52843], "rotation": [-20, -45, 0], "uv": [125, 11]},
						{"origin": [-4.82843, 48.7, -3.11421], "size": [4, 1, 0], "inflate": 0.05, "pivot": [-2.82843, 49.2, -3.11421], "rotation": [9.85108, 44.13603, 14.00194], "uv": [29, 16], "mirror": true},
						{"origin": [-1, 47.1, -4.7], "size": [4, 1, 0], "inflate": 0.05, "pivot": [0, 48.1, -1.7], "rotation": [0, -45, 0], "uv": [120, 21]},
						{"origin": [-2.1, 45.9, -3.7], "size": [1, 1, 0], "inflate": 0.01, "pivot": [-1.1, 48.9, -0.7], "rotation": [0, 45, 0], "uv": [45, 19], "mirror": true},
						{"origin": [-1, 45.3, -4.7], "size": [4, 2, 0], "inflate": 0.02, "pivot": [0, 48.3, -1.7], "rotation": [0, -45, 0], "uv": [0, 0]},
						{"origin": [-0.3, 45.3, -4], "size": [2, 1, 0], "inflate": 0.03, "pivot": [0.7, 48.3, -1], "rotation": [0, -45, 0], "uv": [36, 1]},
						{"origin": [-3, 45.3, -4.7], "size": [4, 2, 0], "inflate": 0.02, "pivot": [0, 48.3, -1.7], "rotation": [0, 45, 0], "uv": [0, 0], "mirror": true},
						{"origin": [0.4, 45.6, -4.4], "size": [1, 1, 0], "inflate": 0.01, "pivot": [0.4, 48.6, -1.4], "rotation": [0, -45, 0], "uv": [28, 0]},
						{"origin": [-1.7, 45.3, -4], "size": [2, 1, 0], "inflate": 0.03, "pivot": [-0.7, 48.3, -1], "rotation": [0, 45, 0], "uv": [36, 1], "mirror": true},
						{"origin": [0.82843, 48.7, -3.11421], "size": [4, 1, 0], "inflate": 0.05, "pivot": [2.82843, 49.2, -3.11421], "rotation": [9.85108, -44.13603, -14.00194], "uv": [24, 78]},
						{"origin": [-3, 47.1, -4.7], "size": [4, 1, 0], "inflate": 0.05, "pivot": [0, 48.1, -1.7], "rotation": [0, 45, 0], "uv": [120, 21], "mirror": true},
						{"origin": [1.1, 45.9, -3.7], "size": [1, 1, 0], "inflate": 0.01, "pivot": [1.1, 48.9, -0.7], "rotation": [0, -45, 0], "uv": [44, 18]},
						{"origin": [-1.4, 45.6, -4.4], "size": [1, 1, 0], "inflate": 0.01, "pivot": [-0.4, 48.6, -1.4], "rotation": [0, 45, 0], "uv": [28, 0], "mirror": true},
						{"origin": [-4.29619, 45.7, -2.14645], "size": [0, 1, 2], "pivot": [-4.29619, 46.2, -1.64645], "rotation": [57.98378, -57.07071, -6.12498], "uv": [0, 3]},
						{"origin": [4.29619, 45.7, -2.14645], "size": [0, 1, 2], "pivot": [4.29619, 46.2, -1.64645], "rotation": [57.98378, 57.07071, 6.12498], "uv": [0, 2], "mirror": true},
						{"origin": [4.8, 45.3, -1.1], "size": [1, 1, 0], "inflate": 0.01, "uv": [0, 5]},
						{"origin": [-5.8, 45.3, -1.1], "size": [1, 1, 0], "inflate": 0.01, "uv": [0, 5], "mirror": true},
						{"origin": [-3, 43.3, -4.7], "size": [7, 8, 7], "pivot": [0, 48.3, -1.7], "rotation": [0, -45, 0], "uv": [34, 15]}
					]
				},
				{
					"name": "eyelids",
					"parent": "head",
					"pivot": [0, 46.3, -2.11421],
					"cubes": [
						{"origin": [-3, 45.3, -3.7], "size": [4, 2, 0], "inflate": 0.1, "pivot": [0, 48.3, -0.7], "rotation": [0, 45, 0], "uv": [103, 12], "mirror": true},
						{"origin": [-1, 45.3, -3.7], "size": [4, 2, 0], "inflate": 0.1, "pivot": [0, 48.3, -0.7], "rotation": [0, -45, 0], "uv": [103, 12]}
					]
				}
			]
		}
	]
}