{
	"format_version": "1.12.0",
	"minecraft:geometry": [
		{
			"description": {
				"identifier": "geometry.hadrosong",
				"texture_width": 124,
				"texture_height": 64,
				"visible_bounds_width": 4,
				"visible_bounds_height": 2.5,
				"visible_bounds_offset": [0, 0.75, 0]
			},
			"bones": [
				{
					"name": "thagolt",
					"pivot": [0, 0, 0]
				},
				{
					"name": "body",
					"parent": "thagolt",
					"pivot": [0, 0, 0]
				},
				{
					"name": "waist",
					"parent": "body",
					"pivot": [0, 9, 4],
					"cubes": [
						{"origin": [-7, 5, -1], "size": [13, 8, 6], "uv": [1, 15]}
					]
				},
				{
					"name": "torso",
					"parent": "waist",
					"pivot": [0, -2, 0],
					"cubes": [
						{"origin": [-7, 5, -8], "size": [13, 8, 7], "uv": [0, 0]}
					]
				},
				{
					"name": "neck",
					"parent": "torso",
					"pivot": [0, 10, -8],
					"cubes": [
						{"origin": [-3, 7, -11], "size": [5, 5, 7], "uv": [71, 5]}
					]
				},
				{
					"name": "head",
					"parent": "neck",
					"pivot": [0, 11, -11],
					"cubes": [
						{"origin": [-4, 8.44834, -18.69136], "size": [7, 5, 8], "uv": [67, 17]},
						{"origin": [3, 12, -14], "size": [1, 4, 2], "pivot": [4, 12, -13], "rotation": [-47.5, 0, 0], "uv": [76, 30]},
						{"origin": [-5, 12, -14], "size": [1, 4, 2], "pivot": [-4, 12, -13], "rotation": [-47.5, 0, 0], "uv": [76, 30]},
						{"origin": [-3, 7.44834, -20.69136], "size": [5, 5, 2], "uv": [97, 24]}
					]
				},
				{
					"name": "eyes",
					"parent": "head",
					"pivot": [-0.5, 15.5, -16]
				},
				{
					"name": "eye_right",
					"parent": "eyes",
					"pivot": [-5.52, 12, -18.5],
					"cubes": [
						{"origin": [-4.01, 9.5, -17], "size": [0, 3, 5], "uv": [65, 31]}
					]
				},
				{
					"name": "eyelid_right",
					"parent": "eye_right",
					"pivot": [-4.91, 12.5, -18.5],
					"cubes": [
						{"origin": [-3.9, 9.5, -16], "size": [1, 2, 3], "inflate": 0.025, "uv": [100, 18]}
					]
				},
				{
					"name": "eye_left",
					"parent": "eyes",
					"pivot": [3.52, 12, -13.5],
					"cubes": [
						{"origin": [3.05, 9.5, -17], "size": [0, 3, 5], "uv": [65, 28]}
					]
				},
				{
					"name": "eyelid_left",
					"parent": "eye_left",
					"pivot": [2.91, 11.5, -13.5],
					"cubes": [
						{"origin": [2, 9.5, -16], "size": [1, 2, 3], "inflate": 0.025, "uv": [100, 18]}
					]
				},
				{
					"name": "jaw",
					"parent": "head",
					"pivot": [0, 7, -11],
					"cubes": [
						{"origin": [-4, 6.44834, -18.69136], "size": [7, 2, 8], "uv": [45, 22]}
					]
				},
				{
					"name": "tail1",
					"parent": "waist",
					"pivot": [0, 9, 6],
					"cubes": [
						{"origin": [-3, 7.5, 4], "size": [5, 5, 6], "inflate": 0.02, "uv": [52, 0]}
					]
				},
				{
					"name": "tail2",
					"parent": "tail1",
					"pivot": [0, 10, 10],
					"cubes": [
						{"origin": [-2, 9.5, 9], "size": [3, 3, 7], "inflate": 0.01, "uv": [13, 29]}
					]
				},
				{
					"name": "club",
					"parent": "tail2",
					"pivot": [0, -6, 6],
					"cubes": [
						{"origin": [-4, 9.5, 16], "size": [7, 3, 3], "inflate": 0.01, "uv": [0, 29]}
					]
				},
				{
					"name": "leg_front_left1",
					"parent": "body",
					"pivot": [-3.35, 7.5, -4],
					"cubes": [
						{"origin": [2.15, 3, -7], "size": [3, 6, 4], "uv": [40, 9]}
					]
				},
				{
					"name": "leg_front_left2",
					"parent": "leg_front_left1",
					"pivot": [-3.35, 3, -6],
					"cubes": [
						{"origin": [2.15, 0, -7], "size": [3, 3, 4], "inflate": 0.01, "uv": [103, 4]},
						{"origin": [2.65, 0, -7.9], "size": [2, 1, 1], "uv": [90, 22]}
					]
				},
				{
					"name": "leg_front_right1",
					"parent": "body",
					"pivot": [-4.65, 7.5, -5],
					"cubes": [
						{"origin": [-6.15, 3, -7], "size": [3, 6, 4], "uv": [39, 19]}
					]
				},
				{
					"name": "leg_front_right2",
					"parent": "leg_front_right1",
					"pivot": [-4.65, 3, -7],
					"cubes": [
						{"origin": [-6.15, 0, -7], "size": [3, 3, 4], "inflate": 0.01, "uv": [98, 11]},
						{"origin": [-5.65, 0, -7.9], "size": [2, 1, 1], "uv": [90, 22]}
					]
				},
				{
					"name": "leg_back_left1",
					"parent": "body",
					"pivot": [-4.35, 7.5, 2.75],
					"cubes": [
						{"origin": [-5.85, 3, 0.75], "size": [3, 6, 4], "uv": [33, 29]}
					]
				},
				{
					"name": "leg_back_left2",
					"parent": "leg_back_left1",
					"pivot": [-4.35, 3, 0.75],
					"cubes": [
						{"origin": [-5.85, 0, 0.75], "size": [3, 3, 4], "inflate": 0.01, "uv": [89, 4]},
						{"origin": [-5.35, 0, 0.1], "size": [2, 1, 1], "uv": [90, 22]}
					]
				},
				{
					"name": "leg_back_right1",
					"parent": "body",
					"pivot": [3.35, 7.5, 2.75],
					"cubes": [
						{"origin": [1.85, 3, 0.75], "size": [3, 6, 4], "uv": [55, 11]}
					]
				},
				{
					"name": "leg_back_right2",
					"parent": "leg_back_right1",
					"pivot": [3.35, 3, 0.75],
					"cubes": [
						{"origin": [1.85, 0, 0.75], "size": [3, 3, 4], "inflate": 0.01, "uv": [49, 32]},
						{"origin": [2.35, 0, 0.1], "size": [2, 1, 1], "uv": [90, 22]}
					]
				}
			]
		}
	]
}