{
	"format_version": "1.8.0",
	"animations": {
		"animation.icelion_max.pose": {
			"loop": true,
			"bones": {
				"body": {
					"rotation": [0, -27.5, 0]
				},
				"rightleg": {
					"rotation": [0, 32.5, 0],
					"position": [-3, 1, 1]
				},
				"leftleg": {
					"rotation": [-15, 0, 0],
					"position": [0, 1, 0]
				},
				"leftknee": {
					"rotation": [22.5, 0, 0]
				},
				"tail": {
					"rotation": [-12.5, -27.5, 0]
				},
				"tail2": {
					"rotation": [20, 0, 0]
				},
				"tail3": {
					"rotation": [-25, 0, 0]
				},
				"tail4": {
					"rotation": [-30, 0, 0]
				},
				"head": {
					"rotation": [-7.5, 35, 0]
				},
				"leftarm": {
					"rotation": [-32.522, -9.31451, 30.47184]
				},
				"leftelbow": {
					"rotation": [0, 37.5, 0]
				},
				"leftpalm": {
					"rotation": [0, 42.5, 0]
				},
				"rightarm": {
					"rotation": [-72.41653, 21.48944, -31.63788]
				},
				"rightelbow": {
					"rotation": [0, -60, 0]
				},
				"rightpalm": {
					"rotation": [20.20421, -20.84956, 5.08489]
				},
				"thumb5": {
					"rotation": [20.94102, 40.78947, 30.36119]
				},
				"finger": {
					"rotation": [0, -60, 20]
				},
				"finger2": {
					"rotation": [0, -47.5, 0]
				},
				"finger3": {
					"rotation": [0, -35, -35]
				},
				"thumb": {
					"rotation": [60, 0, 0]
				},
				"thumb2": {
					"rotation": [35, 0, 0]
				},
				"thumb3": {
					"rotation": [-6.93255, 34.39275, -12.14787]
				},
				"thumb4": {
					"rotation": [0, 42.5, 0]
				},
				"jaw": {
					"rotation": [37.5, 0, 0]
				}
			}
		},
		"animation.icelion_max.ground_idle": {
			"loop": true,
			"animation_length": 4,
			"bones": {
				"rightleg": {
					"rotation": [0, 17.5, 0]
				},
				"torso": {
					"rotation": [2.5, 0, 0],
					"position": [0, "0+math.sin(query.anim_time*90*1)*0.2", 0]
				},
				"tail": {
					"rotation": ["0+math.sin(query.anim_time*90*1-60)*5", "0+math.sin(query.anim_time*90*1)*10", 0]
				},
				"tail2": {
					"rotation": ["22.5+math.sin(query.anim_time*90*1-120)*5", "0+math.sin(query.anim_time*90*1-60)*15", 0]
				},
				"tail3": {
					"rotation": ["31.5175+math.sin(query.anim_time*90*1-180)*15", "-3.2855+math.sin(query.anim_time*90*1-120)*20", 3.84162]
				},
				"tail4": {
					"rotation": ["-32.5+math.sin(query.anim_time*90*1+60)*20", "0+math.sin(query.anim_time*90*1-180)*25", 0]
				},
				"torso2": {
					"rotation": [7.5, 0, 0]
				},
				"head": {
					"rotation": ["-10+math.sin(query.anim_time*90*1-60)*2", 0, 0]
				},
				"jaw": {
					"rotation": ["2.5+math.sin(query.anim_time*90*1)*5", 0, 0]
				},
				"leftarm": {
					"rotation": [21.38782, "9.8462-math.sin(query.anim_time*90*1)*5", 54.6512]
				},
				"leftelbow": {
					"rotation": [0, 25, 0]
				},
				"leftpalm": {
					"rotation": [112.5, 0, "0-math.sin(query.anim_time*90*1-60)*10"]
				},
				"thumb3": {
					"rotation": [-7.43108, "47.0139+math.sin(query.anim_time*90*1)*10", -10.99418]
				},
				"thumb4": {
					"rotation": [0, "32.5+math.sin(query.anim_time*90*1)*10", 0]
				},
				"thumb5": {
					"rotation": [2.3273, "24.8984+math.sin(query.anim_time*90*1)*10", 5.51385]
				},
				"thumb2": {
					"rotation": [67.00992, -11.53486, 4.8493]
				},
				"rightarm": {
					"rotation": [61.93319, "-11.0686+math.sin(query.anim_time*90*1)*5", -51.65515]
				},
				"rightelbow": {
					"rotation": [0, -22.5, 2.5]
				},
				"rightpalm": {
					"rotation": [20, 0, "math.sin(query.anim_time*90*1-60)*10"]
				},
				"finger3": {
					"rotation": [4.11405, "-22.1399+math.sin(query.anim_time*90*1)*10", -10.80524]
				},
				"thumb": {
					"rotation": [0, 0, "-45+math.sin(query.anim_time*90*1)*10"]
				},
				"finger": {
					"rotation": [-5.71946, -37.12482, 9.42205]
				},
				"finger2": {
					"rotation": [0, "-17.5+math.sin(query.anim_time*90*1)*10", 0]
				}
			}
		},
		"animation.icelion_max.ground_walk": {
			"loop": true,
			"animation_length": 4,
			"bones": {
				"rightleg": {
					"rotation": ["2.5+math.sin(query.anim_time*90*2)*30", 0, 0],
					"position": [0, "0+math.clamp((Math.sin(query.anim_time * 360*0.5-80)*1),0,8)", 0]
				},
				"rightknee": {
					"rotation": ["0+math.clamp((Math.sin(query.anim_time * 360*0.5-80)*20),0,8)", 0, 0]
				},
				"leftleg": {
					"rotation": ["0-math.sin(query.anim_time*90*2)*30", 0, 0],
					"position": [0, "0+math.clamp((Math.sin(query.anim_time * 360*0.5+80)*1),0,8)", 0]
				},
				"leftknee": {
					"rotation": ["0+math.clamp((Math.sin(query.anim_time * 360*0.5+80)*20),0,8)", 0, 0]
				},
				"torso": {
					"rotation": [12.5, "0+math.sin(query.anim_time*90*2)*5", 0],
					"position": [0, "0+math.sin(query.anim_time*90*4)*0.5", 0]
				},
				"tail": {
					"rotation": ["-17.5+math.sin(query.anim_time*90*4)*5", "0+math.sin(query.anim_time*90*2)*5", 0]
				},
				"tail2": {
					"rotation": ["15+math.sin(query.anim_time*90*4-60)*10", 0, 0]
				},
				"tail3": {
					"rotation": ["22.5+math.sin(query.anim_time*90*4-120)*15", 0, 0]
				},
				"tail4": {
					"rotation": ["-42.5+math.sin(query.anim_time*90*4-180)*25", 0, 0]
				},
				"head": {
					"rotation": [-5, "0-math.sin(query.anim_time*90*2)*5", 0]
				},
				"leftarm": {
					"rotation": [87.69009, "0.9564-math.sin(query.anim_time*90*4-60)*2", 57.48072]
				},
				"leftelbow": {
					"rotation": [0, 15, -25]
				},
				"leftpalm": {
					"rotation": [61.84916, 9.55258, -11.31833]
				},
				"thumb3": {
					"rotation": [0, 52.5, 0]
				},
				"thumb4": {
					"rotation": [0, 37.5, 0]
				},
				"thumb5": {
					"rotation": [0, 42.5, 0]
				},
				"thumb2": {
					"rotation": [65, 0, 0]
				},
				"rightarm": {
					"rotation": [69.29234, 0.9287, "-66.9997+math.sin(query.anim_time*90*4-60)*2"]
				},
				"rightelbow": {
					"rotation": [0, -15, 12.5]
				},
				"rightpalm": {
					"rotation": [80, 0, 0]
				},
				"finger3": {
					"rotation": [0, -25, 0]
				},
				"thumb": {
					"rotation": [29.49826, 24.28484, -36.01619],
					"position": [0, 0, -1]
				},
				"finger": {
					"rotation": [0, -47.5, 0]
				},
				"finger2": {
					"rotation": [0, -40, 0]
				}
			}
		},
		"animation.icelion_max.battle_idle": {
			"loop": true,
			"animation_length": 2,
			"bones": {
				"body": {
					"rotation": [15, 37.5, 0]
				},
				"rightleg": {
					"rotation": [-21.17283, -18.74724, 7.09597],
					"position": [-3, 0, 0]
				},
				"leftleg": {
					"rotation": [17.5, -32.5, 0]
				},
				"leftknee": {
					"rotation": [35, 0, 0]
				},
				"torso": {
					"rotation": ["0+math.sin(query.anim_time*90*2)", 0, 0]
				},
				"tail": {
					"rotation": ["0+math.sin(query.anim_time*90*2)*5", "30+math.sin(query.anim_time*90*2)*5", 0]
				},
				"tail2": {
					"rotation": ["-10+math.sin(query.anim_time*90*2-60)*10", 27.5, 0]
				},
				"tail3": {
					"rotation": ["-7.5+math.sin(query.anim_time*90*2-120)*15", 22.5, 0]
				},
				"tail4": {
					"rotation": ["-15+math.sin(query.anim_time*90*2-180)*20", 0, 0]
				},
				"torso2": {
					"rotation": [0, -20, 0]
				},
				"head": {
					"rotation": ["10-20+math.sin(query.anim_time*90*2-60)", -10, 7.5]
				},
				"jaw": {
					"rotation": [67.5, 0, 0]
				},
				"leftarm": {
					"rotation": [0, 0, "32.5+math.sin(query.anim_time*90*2-60)*5"]
				},
				"leftelbow": {
					"rotation": [0, 35, 0]
				},
				"leftpalm": {
					"rotation": [0, "35-20+math.sin(query.anim_time*90*2-120)*5", -40]
				},
				"thumb3": {
					"rotation": [0, "0+math.sin(query.anim_time*90*2-180)*5", -15]
				},
				"thumb4": {
					"rotation": [0, "5+math.sin(query.anim_time*90*2-180)*5", 0]
				},
				"thumb5": {
					"rotation": ["0+math.sin(query.anim_time*90*2-180)*5", "0+math.sin(query.anim_time*90*2-180)*5", 7.5]
				},
				"thumb2": {
					"rotation": [26.40319, -7.98133, 15.62489]
				},
				"rightarm": {
					"rotation": [0, 0, "-47.5-math.sin(query.anim_time*90*2-60)*5"]
				},
				"rightelbow": {
					"rotation": [0, -37.5, 45]
				},
				"rightpalm": {
					"rotation": [0, "-20+math.sin(query.anim_time*90*2-120)*5", 22.5]
				},
				"finger3": {
					"rotation": [0, "0+math.sin(query.anim_time*90*2-180)*5", -17.5]
				},
				"thumb": {
					"rotation": [42.5, 0, 0]
				},
				"finger": {
					"rotation": [0, "-20+math.sin(query.anim_time*90*2-180)*5", 12.5]
				},
				"finger2": {
					"rotation": [0, "0+math.sin(query.anim_time*90*2-180)*5", 2.5]
				}
			}
		},
		"animation.icelion_max.physical": {
			"animation_length": 2.5833,
			"bones": {
				"body": {
					"rotation": {
						"0.0": [15, 37.5, 0],
						"1.125": {
							"pre": [19.41326, 51.84633, 6.22503],
							"post": [19.41326, 51.84633, 6.22503],
							"lerp_mode": "catmullrom"
						},
						"1.25": {
							"post": [29.90685, -11.44589, -1.08026],
							"lerp_mode": "catmullrom"
						},
						"1.5": {
							"post": [32.68504, -13.61004, -2.36245],
							"lerp_mode": "catmullrom"
						},
						"2.0": {
							"post": [15, 37.5, 0],
							"lerp_mode": "catmullrom"
						}
					},
					"position": {
						"0.0": [0, 0, 0],
						"1.125": {
							"pre": [0, 0, 2],
							"post": [0, 0, 2],
							"lerp_mode": "catmullrom"
						},
						"1.25": {
							"post": [0, 0, -3],
							"lerp_mode": "catmullrom"
						},
						"2.0": {
							"post": [0, 0, 0],
							"lerp_mode": "catmullrom"
						}
					}
				},
				"rightleg": {
					"rotation": {
						"0.0": [-21.17283, -18.74724, 7.09597],
						"0.9583": {
							"pre": [-11.17283, -18.74724, 7.09597],
							"post": [-11.17283, -18.74724, 7.09597],
							"lerp_mode": "catmullrom"
						},
						"1.2083": {
							"post": [11.32717, -18.74724, 7.09597],
							"lerp_mode": "catmullrom"
						},
						"2.0": {
							"post": [-21.17283, -18.74724, 7.09597],
							"lerp_mode": "catmullrom"
						}
					},
					"position": {
						"0.0": [-3, 0, 0],
						"1.2083": {
							"pre": [-2, 0, 0],
							"post": [-2, 0, 0],
							"lerp_mode": "catmullrom"
						},
						"2.0": {
							"post": [-3, 0, 0],
							"lerp_mode": "catmullrom"
						}
					}
				},
				"leftleg": {
					"rotation": {
						"0.0": [17.5, -32.5, 0],
						"1.0833": {
							"pre": [15, -32.5, 0],
							"post": [15, -32.5, 0],
							"lerp_mode": "catmullrom"
						},
						"1.25": {
							"post": [9.71815, 1.99859, -4.86111],
							"lerp_mode": "catmullrom"
						},
						"1.625": {
							"post": [9.71815, 1.99859, -4.86111],
							"lerp_mode": "catmullrom"
						},
						"1.9583": {
							"post": [17.5, -32.5, 0],
							"lerp_mode": "catmullrom"
						}
					}
				},
				"leftknee": {
					"rotation": [35, 0, 0]
				},
				"torso": {
					"rotation": {
						"0.0": [0, 0, 0],
						"0.2917": {
							"pre": [-2.5, 0, 0],
							"post": [-2.5, 0, 0],
							"lerp_mode": "catmullrom"
						},
						"1.0417": {
							"post": [-2.50238, 2.49762, -0.10912],
							"lerp_mode": "catmullrom"
						},
						"1.125": {
							"post": [-12.50238, 2.49762, -0.10912],
							"lerp_mode": "catmullrom"
						},
						"1.5833": {
							"post": [6.74703, -12.40198, -1.85327],
							"lerp_mode": "catmullrom"
						},
						"2.2917": {
							"post": [0, 0, 0],
							"lerp_mode": "catmullrom"
						}
					}
				},
				"tail": {
					"rotation": {
						"0.0": [0, 30, 0],
						"0.6667": {
							"pre": [-24.00323, 30, 0],
							"post": [-24.00323, 30, 0],
							"lerp_mode": "catmullrom"
						},
						"1.1667": {
							"post": [-29.00323, 30, 0],
							"lerp_mode": "catmullrom"
						},
						"1.4583": {
							"post": [-31.56707, -33.78181, 34.09222],
							"lerp_mode": "catmullrom"
						},
						"1.7083": {
							"post": [-21.75546, -33.78181, 34.09222],
							"lerp_mode": "catmullrom"
						},
						"2.2917": {
							"post": [0, 30, 0],
							"lerp_mode": "catmullrom"
						},
						"2.4583": {
							"post": [0, 35, 0],
							"lerp_mode": "catmullrom"
						},
						"2.5833": {
							"post": [0, 30, 0],
							"lerp_mode": "catmullrom"
						}
					}
				},
				"tail2": {
					"rotation": {
						"0.0": [-10, 27.5, 0],
						"0.125": {
							"pre": [2.5, 27.5, 0],
							"post": [2.5, 27.5, 0],
							"lerp_mode": "catmullrom"
						},
						"0.625": {
							"post": [-14.40717, 27.5, 0],
							"lerp_mode": "catmullrom"
						},
						"1.2917": {
							"post": [-21.68507, 53.21773, -10.90975],
							"lerp_mode": "catmullrom"
						},
						"1.5": {
							"post": [-16.78885, -30.8694, 15.16295],
							"lerp_mode": "catmullrom"
						},
						"1.5833": {
							"post": [-13.53622, -15.72139, 10.38878],
							"lerp_mode": "catmullrom"
						},
						"1.8333": {
							"post": [-14.14235, -22.73564, 12.2191],
							"lerp_mode": "catmullrom"
						},
						"1.9167": {
							"post": [-13.54323, -16.03318, 10.59961],
							"lerp_mode": "catmullrom"
						},
						"2.2917": {
							"post": [-10, 27.5, 0],
							"lerp_mode": "catmullrom"
						}
					}
				},
				"tail3": {
					"rotation": {
						"0.0": [-7.5, 22.5, 0],
						"0.3333": {
							"pre": [0, 22.5, 0],
							"post": [0, 22.5, 0],
							"lerp_mode": "catmullrom"
						},
						"0.5": {
							"post": [-25, 22.5, 0],
							"lerp_mode": "catmullrom"
						},
						"0.8333": {
							"post": [-30, 22.5, 0],
							"lerp_mode": "catmullrom"
						},
						"1.3333": {
							"post": [-33.48509, 33.14682, -7.42642],
							"lerp_mode": "catmullrom"
						},
						"1.5417": {
							"post": [-30.88198, -25.84308, 27.07065],
							"lerp_mode": "catmullrom"
						},
						"2.0": {
							"post": [-30.88198, -25.84308, 27.07065],
							"lerp_mode": "catmullrom"
						},
						"2.25": {
							"post": [-7.5, 22.5, 0],
							"lerp_mode": "catmullrom"
						}
					}
				},
				"tail4": {
					"rotation": {
						"0.0": [-15, 0, 0],
						"0.3333": {
							"pre": [-2.5, 0, 0],
							"post": [-2.5, 0, 0],
							"lerp_mode": "catmullrom"
						},
						"0.5": {
							"post": [-10, 0, 0],
							"lerp_mode": "catmullrom"
						},
						"0.9167": {
							"post": [-10.62758, 19.6835, -3.61644],
							"lerp_mode": "catmullrom"
						},
						"1.2917": {
							"post": [-12.14787, 34.39275, -6.93255],
							"lerp_mode": "catmullrom"
						},
						"1.5417": {
							"post": [-14.00194, 44.13603, -9.85108],
							"lerp_mode": "catmullrom"
						},
						"1.6667": {
							"post": [-10.23772, -12.3071, 2.20462],
							"lerp_mode": "catmullrom"
						},
						"2.125": {
							"post": [-10.23772, -12.3071, 2.20462],
							"lerp_mode": "catmullrom"
						},
						"2.2917": {
							"post": [-10.23772, -12.3071, 2.20462],
							"lerp_mode": "catmullrom"
						},
						"2.5417": {
							"post": [-15, 0, 0],
							"lerp_mode": "catmullrom"
						}
					}
				},
				"torso2": {
					"rotation": [0, -20, 0]
				},
				"head": {
					"rotation": {
						"0.0": [10, -10, 7.5],
						"1.0417": {
							"pre": [11.22156, -27.90498, 3.94499],
							"post": [11.22156, -27.90498, 3.94499],
							"lerp_mode": "catmullrom"
						},
						"1.1667": {
							"post": [9.88122, 4.77732, 10.08492],
							"lerp_mode": "catmullrom"
						},
						"1.3333": {
							"post": [-17.69069, 31.20428, 1.99052],
							"lerp_mode": "catmullrom"
						},
						"2.125": {
							"post": [10, -10, 7.5],
							"lerp_mode": "catmullrom"
						}
					}
				},
				"jaw": {
					"rotation": [67.5, 0, 0]
				},
				"leftarm": {
					"rotation": {
						"0.0": [0, 0, 32.5],
						"0.7917": {
							"pre": [0, -32.5, 32.5],
							"post": [0, -32.5, 32.5],
							"lerp_mode": "catmullrom"
						},
						"1.3333": {
							"post": [17.4324, -32.5, 32.5],
							"lerp_mode": "catmullrom"
						},
						"2.0": {
							"post": [0, 0, 32.5],
							"lerp_mode": "catmullrom"
						}
					}
				},
				"leftelbow": {
					"rotation": [0, 35, 0]
				},
				"leftpalm": {
					"rotation": {
						"0.0": [0, 35, -40],
						"0.7083": {
							"pre": [16.19921, 31.4019, -10.86796],
							"post": [16.19921, 31.4019, -10.86796],
							"lerp_mode": "catmullrom"
						},
						"1.75": {
							"post": [0, 35, -40],
							"lerp_mode": "catmullrom"
						},
						"2.0833": {
							"post": [0, 35, -40],
							"lerp_mode": "catmullrom"
						}
					}
				},
				"thumb3": {
					"rotation": {
						"0.0": [0, 0, -15],
						"0.5833": {
							"pre": [0, 54.17501, -15],
							"post": [0, 54.17501, -15],
							"lerp_mode": "catmullrom"
						},
						"1.1667": {
							"post": [0, 54.17501, -15],
							"lerp_mode": "catmullrom"
						},
						"1.5833": {
							"post": [0, 54.17501, -15],
							"lerp_mode": "catmullrom"
						},
						"1.9583": {
							"post": [0, 0, -15],
							"lerp_mode": "catmullrom"
						}
					}
				},
				"thumb4": {
					"rotation": {
						"0.0": [0, 5, 0],
						"0.5833": {
							"pre": [0, 65, 0],
							"post": [0, 65, 0],
							"lerp_mode": "catmullrom"
						},
						"1.1667": {
							"post": [0, 65, 0],
							"lerp_mode": "catmullrom"
						},
						"1.5833": {
							"post": [0, 65, 0],
							"lerp_mode": "catmullrom"
						},
						"1.9583": {
							"post": [0, 5, 0],
							"lerp_mode": "catmullrom"
						}
					}
				},
				"thumb5": {
					"rotation": {
						"0.0": [0, 0, 7.5],
						"0.5833": {
							"pre": [0, 77.61461, 7.5],
							"post": [0, 77.61461, 7.5],
							"lerp_mode": "catmullrom"
						},
						"1.1667": {
							"post": [0, 77.61461, 7.5],
							"lerp_mode": "catmullrom"
						},
						"1.5833": {
							"post": [0, 77.61461, 7.5],
							"lerp_mode": "catmullrom"
						},
						"1.9583": {
							"post": [0, 0, 7.5],
							"lerp_mode": "catmullrom"
						}
					}
				},
				"thumb2": {
					"rotation": {
						"0.0": [26.40319, -7.98133, 15.62489],
						"0.5833": {
							"pre": [113.90319, -7.98133, 15.62489],
							"post": [113.90319, -7.98133, 15.62489],
							"lerp_mode": "catmullrom"
						},
						"1.1667": {
							"post": [113.90319, -7.98133, 15.62489],
							"lerp_mode": "catmullrom"
						},
						"1.5833": {
							"post": [113.90319, -7.98133, 15.62489],
							"lerp_mode": "catmullrom"
						},
						"1.9583": {
							"post": [26.40319, -7.98133, 15.62489],
							"lerp_mode": "catmullrom"
						}
					},
					"position": {
						"0.0": [0, 0, 0],
						"0.5833": {
							"pre": [0, 0, -2],
							"post": [0, 0, -2],
							"lerp_mode": "catmullrom"
						},
						"1.1667": {
							"post": [0, 0, -2],
							"lerp_mode": "catmullrom"
						},
						"1.5833": {
							"post": [0, 0, -2],
							"lerp_mode": "catmullrom"
						},
						"1.75": {
							"post": [0, 0, 0],
							"lerp_mode": "catmullrom"
						}
					}
				},
				"rightarm": {
					"rotation": {
						"0.0": [0, 0, -47.5],
						"0.7083": {
							"pre": [0, 0, -25],
							"post": [0, 0, -25],
							"lerp_mode": "catmullrom"
						},
						"1.0833": {
							"post": [-27.40214, -31.86686, -24.69372],
							"lerp_mode": "catmullrom"
						},
						"1.2083": {
							"post": [6.8531, -30.84125, -14.71914],
							"lerp_mode": "catmullrom"
						},
						"1.3333": {
							"post": [3.58309, -67.72571, -13.62354],
							"lerp_mode": "catmullrom"
						},
						"1.875": {
							"post": [0, 0, -47.5],
							"lerp_mode": "catmullrom"
						}
					}
				},
				"rightelbow": {
					"rotation": {
						"0.0": [0, -37.5, 45],
						"0.875": {
							"pre": [9.42961, -36.46498, 29.38751],
							"post": [9.42961, -36.46498, 29.38751],
							"lerp_mode": "catmullrom"
						},
						"1.2917": {
							"post": [23.04893, 1.88897, 12.15172],
							"lerp_mode": "catmullrom"
						},
						"2.0": {
							"post": [0, -37.5, 45],
							"lerp_mode": "catmullrom"
						}
					}
				},
				"rightpalm": {
					"rotation": [0, -20, 22.5]
				},
				"finger3": {
					"rotation": {
						"0.0": [0, 0, -17.5],
						"0.75": {
							"pre": [0, -24.68544, -17.5],
							"post": [0, -24.68544, -17.5],
							"lerp_mode": "catmullrom"
						},
						"1.1667": {
							"post": [0, 17.07939, -17.5],
							"lerp_mode": "catmullrom"
						},
						"1.3333": {
							"post": [0, -75.42061, -17.5],
							"lerp_mode": "catmullrom"
						},
						"2.0": {
							"post": [0, 0, -17.5],
							"lerp_mode": "catmullrom"
						}
					}
				},
				"thumb": {
					"rotation": [42.5, 0, 0]
				},
				"finger": {
					"rotation": {
						"0.0": [0, -20, 12.5],
						"0.75": {
							"pre": [0, -39.35698, 12.5],
							"post": [0, -39.35698, 12.5],
							"lerp_mode": "catmullrom"
						},
						"1.0": {
							"post": [0, 10.64302, 12.5],
							"lerp_mode": "catmullrom"
						},
						"1.2917": {
							"post": [0, -74.35698, 12.5],
							"lerp_mode": "catmullrom"
						},
						"2.0833": {
							"post": [0, -20, 12.5],
							"lerp_mode": "catmullrom"
						}
					}
				},
				"finger2": {
					"rotation": {
						"0.0": [0, 0, 2.5],
						"0.8333": {
							"pre": [0, -32.311, 2.5],
							"post": [0, -32.311, 2.5],
							"lerp_mode": "catmullrom"
						},
						"1.1667": {
							"post": [0, -5.97554, 2.5],
							"lerp_mode": "catmullrom"
						},
						"1.2917": {
							"post": [0, -63.47554, 2.5],
							"lerp_mode": "catmullrom"
						},
						"2.0": {
							"post": [0, 0, 2.5],
							"lerp_mode": "catmullrom"
						}
					}
				}
			}
		},
		"animation.icelion_max.status": {
			"animation_length": 3.25,
			"bones": {
				"body": {
					"rotation": {
						"0.0": {
							"post": [15, 37.5, 0],
							"lerp_mode": "catmullrom"
						},
						"0.25": {
							"post": [21.78571, 37.5, 0],
							"lerp_mode": "catmullrom"
						},
						"1.1667": {
							"post": [25, 37.5, 0],
							"lerp_mode": "catmullrom"
						},
						"1.4167": {
							"post": [15, 37.5, 0],
							"lerp_mode": "catmullrom"
						},
						"1.5833": {
							"post": [10, 37.5, 0],
							"lerp_mode": "catmullrom"
						},
						"2.3333": {
							"post": [15, 37.5, 0],
							"lerp_mode": "catmullrom"
						}
					},
					"position": {
						"0.0": {
							"post": [0, 0, 0],
							"lerp_mode": "catmullrom"
						},
						"0.2917": {
							"post": [0, 0, 4.14],
							"lerp_mode": "catmullrom"
						},
						"1.1667": {
							"post": [0, 0, 5],
							"lerp_mode": "catmullrom"
						},
						"1.4167": {
							"post": [0, 0, 0],
							"lerp_mode": "catmullrom"
						},
						"2.3333": {
							"post": [0, 0, 0],
							"lerp_mode": "catmullrom"
						}
					}
				},
				"rightleg": {
					"rotation": {
						"0.0": {
							"post": [-21.17283, -18.74724, 7.09597],
							"lerp_mode": "catmullrom"
						}
					},
					"position": {
						"0.0": {
							"post": [-3, 0, 0],
							"lerp_mode": "catmullrom"
						}
					}
				},
				"leftleg": {
					"rotation": {
						"0.0": {
							"post": [17.5, -32.5, 0],
							"lerp_mode": "catmullrom"
						}
					}
				},
				"leftknee": {
					"rotation": {
						"0.0": {
							"post": [35, 0, 0],
							"lerp_mode": "catmullrom"
						}
					}
				},
				"torso": {
					"rotation": {
						"0.0": {
							"post": [0, 0, 0],
							"lerp_mode": "catmullrom"
						},
						"0.75": {
							"post": [5, 0, 0],
							"lerp_mode": "catmullrom"
						},
						"1.25": {
							"post": [7.5, 0, 0],
							"lerp_mode": "catmullrom"
						},
						"1.4167": {
							"post": [-2.5, 0, 0],
							"lerp_mode": "catmullrom"
						},
						"1.5833": {
							"post": [20, 0, 0],
							"lerp_mode": "catmullrom"
						},
						"2.7917": {
							"post": [0, 0, 0],
							"lerp_mode": "catmullrom"
						},
						"3.0417": {
							"post": [0, 0, 0],
							"lerp_mode": "catmullrom"
						}
					}
				},
				"tail": {
					"rotation": {
						"0.0": {
							"post": [0, 30, 0],
							"lerp_mode": "catmullrom"
						},
						"0.3333": {
							"post": [7.4225, 30, 0],
							"lerp_mode": "catmullrom"
						},
						"0.7083": {
							"post": [6.64176, -14.69584, -5.41892],
							"lerp_mode": "catmullrom"
						},
						"1.2917": {
							"post": [-0.37273, -21.28346, -6.24442],
							"lerp_mode": "catmullrom"
						},
						"1.5417": {
							"post": [-0.37954, -23.78341, -6.22666],
							"lerp_mode": "catmullrom"
						},
						"2.0": {
							"post": [0, 30, 0],
							"lerp_mode": "catmullrom"
						}
					}
				},
				"tail2": {
					"rotation": {
						"0.0": {
							"post": [-10, 27.5, 0],
							"lerp_mode": "catmullrom"
						},
						"0.375": {
							"post": [8.98288, 27.5, 0],
							"lerp_mode": "catmullrom"
						},
						"0.625": {
							"post": [-3.51712, 27.5, 0],
							"lerp_mode": "catmullrom"
						},
						"0.9583": {
							"post": [-3.13141, 5.03677, 1.35044],
							"lerp_mode": "catmullrom"
						},
						"1.375": {
							"post": [-3.22845, -14.93306, 2.4584],
							"lerp_mode": "catmullrom"
						},
						"1.7083": {
							"post": [-3.31575, -19.80262, 2.7501],
							"lerp_mode": "catmullrom"
						},
						"2.3333": {
							"post": [-10, 27.5, 0],
							"lerp_mode": "catmullrom"
						}
					}
				},
				"tail3": {
					"rotation": {
						"0.0": {
							"post": [-7.5, 22.5, 0],
							"lerp_mode": "catmullrom"
						},
						"0.2083": {
							"post": [-22.18908, 22.5, 0],
							"lerp_mode": "catmullrom"
						},
						"0.375": {
							"post": [-4.68908, 22.5, 0],
							"lerp_mode": "catmullrom"
						},
						"0.5833": {
							"post": [20.65138, 22.5, 0],
							"lerp_mode": "catmullrom"
						},
						"1.1667": {
							"post": [19.01954, -1.06179, -8.57333],
							"lerp_mode": "catmullrom"
						},
						"1.5833": {
							"post": [19.21771, -8.1492, -11.03615],
							"lerp_mode": "catmullrom"
						},
						"1.9167": {
							"post": [19.68709, -14.64422, -13.37707],
							"lerp_mode": "catmullrom"
						},
						"2.3333": {
							"post": [-7.5, 22.5, 0],
							"lerp_mode": "catmullrom"
						}
					}
				},
				"tail4": {
					"rotation": {
						"0.0": {
							"post": [-15, 0, 0],
							"lerp_mode": "catmullrom"
						},
						"0.2917": {
							"post": [-25, 0, 0],
							"lerp_mode": "catmullrom"
						},
						"0.4583": {
							"post": [0, 0, 0],
							"lerp_mode": "catmullrom"
						},
						"0.75": {
							"post": [12.5, 0, 0],
							"lerp_mode": "catmullrom"
						},
						"1.0833": {
							"post": [12.67564, 9.35833, 2.09468],
							"lerp_mode": "catmullrom"
						},
						"1.5": {
							"post": [13.11963, -17.47344, -4.00299],
							"lerp_mode": "catmullrom"
						},
						"1.9167": {
							"post": [13.79482, -24.76821, -5.87283],
							"lerp_mode": "catmullrom"
						},
						"2.2917": {
							"post": [14.42138, -29.61766, -7.24264],
							"lerp_mode": "catmullrom"
						},
						"2.5833": {
							"post": [-15, 0, 0],
							"lerp_mode": "catmullrom"
						}
					}
				},
				"torso2": {
					"rotation": {
						"0.0": {
							"post": [0, -20, 0],
							"lerp_mode": "catmullrom"
						}
					}
				},
				"head": {
					"rotation": {
						"0.0": {
							"post": [10, -10, 7.5],
							"lerp_mode": "catmullrom"
						},
						"0.4583": {
							"post": [21.67842, -10, 7.5],
							"lerp_mode": "catmullrom"
						},
						"1.125": {
							"post": [24.17842, -10, 7.5],
							"lerp_mode": "catmullrom"
						},
						"1.5": {
							"post": [-0.82158, -10, 7.5],
							"lerp_mode": "catmullrom"
						},
						"2.2917": {
							"post": [-0.82158, -10, 7.5],
							"lerp_mode": "catmullrom"
						},
						"2.5833": {
							"post": [10, -10, 7.5],
							"lerp_mode": "catmullrom"
						},
						"2.9583": {
							"post": [10, -10, 7.5],
							"lerp_mode": "catmullrom"
						}
					}
				},
				"jaw": {
					"rotation": {
						"0.0": {
							"post": [67.5, 0, 0],
							"lerp_mode": "catmullrom"
						}
					}
				},
				"leftarm": {
					"rotation": {
						"0.0": {
							"post": [0, 0, 32.5],
							"lerp_mode": "catmullrom"
						},
						"0.5833": {
							"post": [32.5, 0, 55],
							"lerp_mode": "catmullrom"
						},
						"1.2083": {
							"post": [37.59907, 4.21541, 57.69136],
							"lerp_mode": "catmullrom"
						},
						"1.5417": {
							"post": [-4.86414, -5.50506, 22.96897],
							"lerp_mode": "catmullrom"
						},
						"2.25": {
							"post": [-4.36581, -5.90762, 17.96036],
							"lerp_mode": "catmullrom"
						},
						"2.4583": {
							"post": [0, 0, 32.5],
							"lerp_mode": "catmullrom"
						}
					}
				},
				"leftelbow": {
					"rotation": {
						"0.0": {
							"post": [0, 35, 0],
							"lerp_mode": "catmullrom"
						},
						"0.5833": {
							"post": [20, 35, 0],
							"lerp_mode": "catmullrom"
						},
						"1.2083": {
							"post": [20.63478, 37.34454, 1.07525],
							"lerp_mode": "catmullrom"
						},
						"1.625": {
							"post": [9.83839, 14.61509, -44.56969],
							"lerp_mode": "catmullrom"
						},
						"2.375": {
							"post": [9.83839, 14.61509, -44.56969],
							"lerp_mode": "catmullrom"
						},
						"2.7083": {
							"post": [0, 35, 0],
							"lerp_mode": "catmullrom"
						}
					}
				},
				"leftpalm": {
					"rotation": {
						"0.0": {
							"post": [0, 35, -40],
							"lerp_mode": "catmullrom"
						},
						"2.6667": {
							"post": [0, 35, -40],
							"lerp_mode": "catmullrom"
						}
					}
				},
				"thumb3": {
					"rotation": {
						"0.0": {
							"post": [0, 0, -15],
							"lerp_mode": "catmullrom"
						},
						"0.9167": {
							"post": [0, 41.50282, -15],
							"lerp_mode": "catmullrom"
						},
						"1.1667": {
							"post": [0, 41.50282, -15],
							"lerp_mode": "catmullrom"
						},
						"1.5833": {
							"post": [0, 0, -15],
							"lerp_mode": "catmullrom"
						}
					}
				},
				"thumb4": {
					"rotation": {
						"0.0": {
							"post": [0, 5, 0],
							"lerp_mode": "catmullrom"
						},
						"0.9167": {
							"post": [0, 40, 0],
							"lerp_mode": "catmullrom"
						},
						"1.1667": {
							"post": [0, 40, 0],
							"lerp_mode": "catmullrom"
						},
						"1.375": {
							"post": [0, 5, 0],
							"lerp_mode": "catmullrom"
						}
					}
				},
				"thumb5": {
					"rotation": {
						"0.0": {
							"post": [0, 0, 7.5],
							"lerp_mode": "catmullrom"
						},
						"0.9583": {
							"post": [0, 39.5326, 7.5],
							"lerp_mode": "catmullrom"
						},
						"1.0833": {
							"post": [0, 39.5326, 7.5],
							"lerp_mode": "catmullrom"
						},
						"1.5833": {
							"post": [0, 0, 7.5],
							"lerp_mode": "catmullrom"
						}
					}
				},
				"thumb2": {
					"rotation": {
						"0.0": {
							"post": [26.40319, -7.98133, 15.62489],
							"lerp_mode": "catmullrom"
						},
						"0.8333": {
							"post": [74.72228, -7.98133, 15.62489],
							"lerp_mode": "catmullrom"
						},
						"1.125": {
							"post": [74.72228, -7.98133, 15.62489],
							"lerp_mode": "catmullrom"
						},
						"1.5417": {
							"post": [26.40319, -7.98133, 15.62489],
							"lerp_mode": "catmullrom"
						}
					},
					"position": {
						"0.0": {
							"post": [0, 0, 0],
							"lerp_mode": "catmullrom"
						},
						"2.0": {
							"post": [0, 0, 0],
							"lerp_mode": "catmullrom"
						}
					}
				},
				"rightarm": {
					"rotation": {
						"0.0": [0, 0, -47.5],
						"0.5417": [30.99179, 0, -47.5],
						"1.0417": [35.99179, 0, -47.5],
						"1.4167": {
							"pre": [21.35291, 0, -47.5],
							"post": [21.35291, 0, -47.5],
							"lerp_mode": "catmullrom"
						},
						"1.7917": {
							"post": [-1.99455, -11.53681, -15.19044],
							"lerp_mode": "catmullrom"
						},
						"2.4583": {
							"post": [-1.99455, -11.53681, -15.19044],
							"lerp_mode": "catmullrom"
						},
						"2.6667": {
							"post": [0, 0, -47.5],
							"lerp_mode": "catmullrom"
						}
					}
				},
				"rightelbow": {
					"rotation": {
						"0.0": {
							"post": [0, -37.5, 45],
							"lerp_mode": "catmullrom"
						},
						"0.4167": [0, -50, 45],
						"1.0417": [-2.97576, -49.93505, 48.88581],
						"2.375": {
							"pre": [0, -37.5, 45],
							"post": [0, -37.5, 45],
							"lerp_mode": "catmullrom"
						}
					}
				},
				"rightpalm": {
					"rotation": {
						"0.0": {
							"post": [0, -20, 22.5],
							"lerp_mode": "catmullrom"
						},
						"2.125": {
							"post": [0, -20, 22.5],
							"lerp_mode": "catmullrom"
						}
					}
				},
				"finger3": {
					"rotation": {
						"0.0": {
							"post": [0, 0, -17.5],
							"lerp_mode": "catmullrom"
						},
						"0.8333": {
							"post": [0, -65, -17.5],
							"lerp_mode": "catmullrom"
						},
						"1.2917": {
							"post": [0, -65, -17.5],
							"lerp_mode": "catmullrom"
						},
						"2.125": {
							"post": [0, 0, -17.5],
							"lerp_mode": "catmullrom"
						}
					}
				},
				"thumb": {
					"rotation": {
						"0.0": {
							"post": [42.5, 0, 0],
							"lerp_mode": "catmullrom"
						},
						"0.8333": {
							"post": [80, 0, 0],
							"lerp_mode": "catmullrom"
						},
						"1.2917": {
							"post": [80, 0, 0],
							"lerp_mode": "catmullrom"
						},
						"2.125": {
							"post": [42.5, 0, 0],
							"lerp_mode": "catmullrom"
						}
					}
				},
				"finger": {
					"rotation": {
						"0.0": {
							"post": [0, -20, 12.5],
							"lerp_mode": "catmullrom"
						},
						"0.8333": {
							"post": [0, -57.5, 12.5],
							"lerp_mode": "catmullrom"
						},
						"1.2917": {
							"post": [0, -57.5, 12.5],
							"lerp_mode": "catmullrom"
						},
						"2.125": {
							"post": [0, -20, 12.5],
							"lerp_mode": "catmullrom"
						}
					}
				},
				"finger2": {
					"rotation": {
						"0.0": {
							"post": [0, 0, 2.5],
							"lerp_mode": "catmullrom"
						},
						"0.8333": {
							"post": [0, -62.5, 2.5],
							"lerp_mode": "catmullrom"
						},
						"1.2917": {
							"post": [0, -62.5, 2.5],
							"lerp_mode": "catmullrom"
						},
						"2.125": {
							"post": [0, 0, 2.5],
							"lerp_mode": "catmullrom"
						}
					}
				}
			}
		},
		"animation.icelion_max.special": {
			"animation_length": 2.4583,
			"bones": {
				"body": {
					"rotation": {
						"0.0": [15, 37.5, 0],
						"1.0": {
							"pre": [12.64582, 50.82288, -2.57492],
							"post": [12.64582, 50.82288, -2.57492],
							"lerp_mode": "catmullrom"
						},
						"1.25": {
							"post": [8.01112, -35.97795, -15.13247],
							"lerp_mode": "catmullrom"
						},
						"1.8333": {
							"post": [5.9685, -41.21661, -12.73424],
							"lerp_mode": "catmullrom"
						},
						"2.375": {
							"post": [15, 37.5, 0],
							"lerp_mode": "catmullrom"
						}
					},
					"position": [0, 0, 0]
				},
				"rightleg": {
					"rotation": {
						"0.0": [-21.17283, -18.74724, 7.09597],
						"0.9583": {
							"pre": [-28.3133, -43.85328, 20.46806],
							"post": [-28.3133, -43.85328, 20.46806],
							"lerp_mode": "catmullrom"
						},
						"1.3333": {
							"post": [-4.54637, 35.58565, 13.16011],
							"lerp_mode": "catmullrom"
						},
						"1.9583": {
							"post": [-4.54637, 35.58565, 13.16011],
							"lerp_mode": "catmullrom"
						},
						"2.4583": {
							"post": [-21.17283, -18.74724, 7.09597],
							"lerp_mode": "catmullrom"
						}
					},
					"position": [-3, 0, 0]
				},
				"leftleg": {
					"rotation": {
						"0.0": [17.5, -32.5, 0],
						"1.625": {
							"pre": [10.19664, 13.54276, -12.88074],
							"post": [10.19664, 13.54276, -12.88074],
							"lerp_mode": "catmullrom"
						},
						"2.0833": {
							"post": [17.5, -32.5, 0],
							"lerp_mode": "catmullrom"
						}
					}
				},
				"leftknee": {
					"rotation": [35, 0, 0]
				},
				"torso": {
					"rotation": {
						"0.0": [0, 0, 0],
						"0.8333": {
							"pre": [10, 0, 0],
							"post": [10, 0, 0],
							"lerp_mode": "catmullrom"
						},
						"1.25": {
							"post": [0, 0, 0],
							"lerp_mode": "catmullrom"
						},
						"1.75": {
							"post": [0, 0, 0],
							"lerp_mode": "catmullrom"
						},
						"2.25": {
							"post": [0, 0, 0],
							"lerp_mode": "catmullrom"
						}
					}
				},
				"tail": {
					"rotation": {
						"0.0": [0, 30, 0],
						"0.5": {
							"pre": [-53.98223, 30, 0],
							"post": [-53.98223, 30, 0],
							"lerp_mode": "catmullrom"
						},
						"0.9167": {
							"post": [-46.00136, -12.36293, -2.27945],
							"lerp_mode": "catmullrom"
						},
						"1.2917": {
							"post": [-12.40825, -5.48105, -9.34096],
							"lerp_mode": "catmullrom"
						},
						"1.625": {
							"post": [-17.51328, -17.64349, 3.53078],
							"lerp_mode": "catmullrom"
						},
						"2.125": {
							"post": [0, 30, 0],
							"lerp_mode": "catmullrom"
						}
					}
				},
				"tail2": {
					"rotation": {
						"0.0": [-10, 27.5, 0],
						"0.2917": {
							"pre": [14.36334, 27.5, 0],
							"post": [14.36334, 27.5, 0],
							"lerp_mode": "catmullrom"
						},
						"0.4167": {
							"post": [-5.63666, 27.5, 0],
							"lerp_mode": "catmullrom"
						},
						"0.6667": {
							"post": [-10.56999, 27.5, 0],
							"lerp_mode": "catmullrom"
						},
						"0.9583": {
							"post": [-11.38872, 34.48267, -1.58244],
							"lerp_mode": "catmullrom"
						},
						"1.2083": {
							"post": [-12.60944, 41.78704, -3.55493],
							"lerp_mode": "catmullrom"
						},
						"1.4583": {
							"post": [-9.37655, 2.44982, 4.51905],
							"lerp_mode": "catmullrom"
						},
						"1.7917": {
							"post": [-9.56482, -11.14285, 6.78895],
							"lerp_mode": "catmullrom"
						},
						"2.0833": {
							"post": [-9.89594, 18.44474, 1.76451],
							"lerp_mode": "catmullrom"
						},
						"2.25": {
							"post": [-10, 27.5, 0],
							"lerp_mode": "catmullrom"
						}
					}
				},
				"tail3": {
					"rotation": {
						"0.0": [-7.5, 22.5, 0],
						"0.4583": {
							"pre": [25, 22.5, 0],
							"post": [25, 22.5, 0],
							"lerp_mode": "catmullrom"
						},
						"0.625": {
							"post": [-1.24254, 22.5, 0],
							"lerp_mode": "catmullrom"
						},
						"0.9583": {
							"post": [-13.36704, 22.5, 0],
							"lerp_mode": "catmullrom"
						},
						"1.2917": {
							"post": [-19.9921, 51.33745, -10.66287],
							"lerp_mode": "catmullrom"
						},
						"1.5": {
							"post": [-13.28994, 19.53589, 0.60058],
							"lerp_mode": "catmullrom"
						},
						"1.7917": {
							"post": [-13.7552, -24.33675, 10.87726],
							"lerp_mode": "catmullrom"
						},
						"2.125": {
							"post": [-14.68311, -31.24289, 12.85746],
							"lerp_mode": "catmullrom"
						},
						"2.4583": {
							"post": [-7.5, 22.5, 0],
							"lerp_mode": "catmullrom"
						}
					}
				},
				"tail4": {
					"rotation": {
						"0.0": [-15, 0, 0],
						"0.0833": {
							"pre": [-32.5, 0, 0],
							"post": [-32.5, 0, 0],
							"lerp_mode": "catmullrom"
						},
						"0.4583": {
							"post": [27.5, 0, 0],
							"lerp_mode": "catmullrom"
						},
						"0.625": {
							"post": [-5, 0, 0],
							"lerp_mode": "catmullrom"
						},
						"0.9583": {
							"post": [-15, 0, 0],
							"lerp_mode": "catmullrom"
						},
						"1.25": {
							"post": [-16.47027, 24.09293, -6.8817],
							"lerp_mode": "catmullrom"
						},
						"1.4583": {
							"post": [-17.51222, 30.62058, -9.13274],
							"lerp_mode": "catmullrom"
						},
						"1.75": {
							"post": [-15.07832, -5.4801, 1.47144],
							"lerp_mode": "catmullrom"
						},
						"2.0": {
							"post": [-17.76028, -31.90571, 9.60587],
							"lerp_mode": "catmullrom"
						},
						"2.2083": {
							"post": [-18.2642, -34.28324, 10.52856],
							"lerp_mode": "catmullrom"
						},
						"2.4583": {
							"post": [-15, 0, 0],
							"lerp_mode": "catmullrom"
						}
					}
				},
				"torso2": {
					"rotation": [0, -20, 0]
				},
				"head": {
					"rotation": {
						"0.0": [10, -10, 7.5],
						"0.5": {
							"pre": [-2.5, -10, 7.5],
							"post": [-2.5, -10, 7.5],
							"lerp_mode": "catmullrom"
						},
						"1.0": {
							"post": [-2.61994, -19.99008, 7.96181],
							"lerp_mode": "catmullrom"
						},
						"1.2917": {
							"post": [-5.48805, 39.72657, 2.83424],
							"lerp_mode": "catmullrom"
						},
						"1.9167": {
							"post": [-7.78587, 57.11453, -0.20196],
							"lerp_mode": "catmullrom"
						},
						"2.2917": {
							"post": [10, -10, 7.5],
							"lerp_mode": "catmullrom"
						}
					}
				},
				"jaw": {
					"rotation": [67.5, 0, 0]
				},
				"leftarm": {
					"rotation": {
						"0.0": [0, 0, 32.5],
						"0.5417": {
							"pre": [-0.64351, -1.97925, 31.12589],
							"post": [-0.64351, -1.97925, 31.12589],
							"lerp_mode": "catmullrom"
						},
						"1.0833": {
							"post": [-1.77355, -1.06583, 72.06295],
							"lerp_mode": "catmullrom"
						},
						"1.375": {
							"post": [10.26428, -45.1889, 56.003],
							"lerp_mode": "catmullrom"
						},
						"1.8333": {
							"post": [9.14447, -37.79557, 57.68965],
							"lerp_mode": "catmullrom"
						},
						"2.25": {
							"post": [0, 0, 32.5],
							"lerp_mode": "catmullrom"
						}
					}
				},
				"leftelbow": {
					"rotation": [0, 35, 0]
				},
				"leftpalm": {
					"rotation": [0, 35, -40]
				},
				"thumb3": {
					"rotation": [0, 0, -15]
				},
				"thumb4": {
					"rotation": [0, 5, 0]
				},
				"thumb5": {
					"rotation": [0, 0, 7.5]
				},
				"thumb2": {
					"rotation": [26.40319, -7.98133, 15.62489],
					"position": [0, 0, 0]
				},
				"rightarm": {
					"rotation": {
						"0.0": [0, 0, -47.5],
						"0.7083": {
							"pre": [0, 7.5, -47.5],
							"post": [0, 7.5, -47.5],
							"lerp_mode": "catmullrom"
						},
						"1.625": {
							"post": [-11.03076, 2.3106, -15.09715],
							"lerp_mode": "catmullrom"
						},
						"2.4583": {
							"post": [0, 0, -47.5],
							"lerp_mode": "catmullrom"
						}
					}
				},
				"rightelbow": {
					"rotation": {
						"0.0": [0, -37.5, 45],
						"1.25": {
							"pre": [26.76968, -25.88603, -3.83877],
							"post": [26.76968, -25.88603, -3.83877],
							"lerp_mode": "catmullrom"
						},
						"1.5417": {
							"post": [26.76968, -25.88603, -3.83877],
							"lerp_mode": "catmullrom"
						},
						"1.8333": {
							"post": [0, -37.5, 45],
							"lerp_mode": "catmullrom"
						}
					}
				},
				"rightpalm": {
					"rotation": {
						"0.0": [0, -20, 22.5],
						"1.0": {
							"pre": [5.37086, -19.29292, 6.61646],
							"post": [5.37086, -19.29292, 6.61646],
							"lerp_mode": "catmullrom"
						},
						"1.4167": {
							"post": [-77.12914, -19.29292, 6.61646],
							"lerp_mode": "catmullrom"
						},
						"1.9583": {
							"post": [-77.12914, -19.29292, 6.61646],
							"lerp_mode": "catmullrom"
						},
						"2.125": {
							"post": [0, -20, 22.5],
							"lerp_mode": "catmullrom"
						},
						"2.25": {
							"post": [0, -20, 22.5],
							"lerp_mode": "catmullrom"
						}
					}
				},
				"finger3": {
					"rotation": [0, 0, -17.5]
				},
				"thumb": {
					"rotation": [42.5, 0, 0]
				},
				"finger": {
					"rotation": [0, -20, 12.5]
				},
				"finger2": {
					"rotation": [0, 0, 2.5]
				}
			}
		},
		"animation.icelion_max.recoil": {
			"animation_length": 0.4167,
			"bones": {
				"torso": {
					"rotation": {
						"0.0": [0, 0, 0],
						"0.125": [-5, 0, 0],
						"0.25": [0, 0, 0]
					}
				},
				"head": {
					"rotation": {
						"0.0": [0, 0, 0],
						"0.125": [5, 0, 0],
						"0.2083": [-5, 0, 0],
						"0.3333": [2.5, 0, 0],
						"0.4167": [0, 0, 0]
					}
				},
				"eyes": {
					"position": {
						"0.0": [0, 0, 0],
						"0.0417": [0, 0, 1],
						"0.1667": [0, 0, 1],
						"0.25": [0, 0, 0]
					}
				}
			}
		},
		"animation.icelion_max.blink": {
			"animation_length": 0.3333,
			"bones": {
				"eyes": {
					"position": {
						"0.0": [0, 0, 0],
						"0.0833": [0, 0, 1],
						"0.2083": [0, 0, 1],
						"0.2917": [0, 0, 0]
					}
				}
			}
		},
		"animation.icelion_max.sleep": {
			"loop": true,
			"bones": {
				"body": {
					"position": [0, -18, 0]
				},
				"rightleg": {
					"rotation": [-80, 0, 0],
					"position": [0, 3, 0]
				},
				"leftleg": {
					"rotation": [-85, 0, 0],
					"position": [0, 3, 0]
				},
				"tail": {
					"rotation": [0, 55, 0]
				},
				"tail2": {
					"rotation": [0, 47.5, 0]
				},
				"tail3": {
					"rotation": [0, 25, 0]
				},
				"tail4": {
					"rotation": [0, 35, 0]
				},
				"head": {
					"rotation": [12.5, 0, 0]
				},
				"leftarm": {
					"rotation": [84.78473, 52.01256, 47.87167]
				},
				"leftelbow": {
					"rotation": [0, 47.5, 0]
				},
				"leftpalm": {
					"rotation": [0, -25, 0]
				},
				"thumb3": {
					"rotation": [0, 55, 0]
				},
				"thumb4": {
					"rotation": [0, 60, 0]
				},
				"thumb5": {
					"rotation": [0, 52.5, 0]
				},
				"rightarm": {
					"rotation": [44.85385, -24.30509, -67.26914]
				},
				"rightelbow": {
					"rotation": [0, -47.5, 0]
				},
				"rightpalm": {
					"rotation": [45.43855, 7.05302, 7.10708]
				},
				"finger3": {
					"rotation": [0, -20, 0]
				},
				"thumb": {
					"rotation": [72.5, 0, 0]
				},
				"finger": {
					"rotation": [0, -35, 0]
				},
				"finger2": {
					"rotation": [0, -20, 0]
				},
				"eyes": {
					"position": [0, 0, 2]
				}
			}
		}
	}
}