{
	"format_version": "1.12.0",
	"minecraft:geometry": [
		{
			"description": {
				"identifier": "geometry.gliscor",
				"texture_width": 128,
				"texture_height": 128,
				"visible_bounds_width": 5,
				"visible_bounds_height": 4,
				"visible_bounds_offset": [0, 1, 0]
			},
			"bones": [
				{
					"name": "gliscor",
					"pivot": [0, 0, 0]
				},
				{
					"name": "body",
					"parent": "gliscor",
					"pivot": [0, 0, 0]
				},
				{
					"name": "torso",
					"parent": "body",
					"pivot": [0, 5, 0],
					"cubes": [
						{"origin": [-3.5, 3, -3.5], "size": [7, 6, 7], "uv": [0, 22]}
					]
				},
				{
					"name": "lower_spine",
					"parent": "torso",
					"pivot": [0, 9, 0],
					"cubes": [
						{"origin": [-2, 8.5, -2], "size": [4, 4, 4], "inflate": 0.01, "uv": [52, 24]}
					]
				},
				{
					"name": "lower_spine2",
					"parent": "lower_spine",
					"pivot": [0, 12.5, 1.5],
					"cubes": [
						{"origin": [-2, 12.5, -2], "size": [4, 4, 4], "uv": [16, 51]}
					]
				},
				{
					"name": "upper_torso",
					"parent": "lower_spine2",
					"pivot": [0, 16, 0],
					"cubes": [
						{"origin": [-4, 14.95, -2.95], "size": [8, 6, 6], "inflate": 0.01, "pivot": [0, 18, 0], "rotation": [-45, 0, 0], "uv": [28, 16]}
					]
				},
				{
					"name": "head",
					"parent": "upper_torso",
					"pivot": [0, 21.25, -0.5],
					"cubes": [
						{"origin": [-4.5, 20.25, -5.25], "size": [9, 7, 7], "uv": [0, 0]}
					]
				},
				{
					"name": "mouth_open",
					"parent": "head",
					"pivot": [0, 20.75, -5.75],
					"cubes": [
						{"origin": [-4.5, 20.25, -5.15], "size": [9, 2, 0], "inflate": 0.005, "uv": [50, 20]}
					]
				},
				{
					"name": "face",
					"parent": "head",
					"pivot": [0, 7.25, -1.75],
					"cubes": [
						{"origin": [-1, 24, -5.27], "size": [2, 1, 0], "inflate": 0.01, "uv": [25, 6]},
						{"origin": [-0.5, 24, -5.275], "size": [1, 1, 0], "inflate": 0.01, "uv": [5, 22]},
						{"origin": [-4.5, 21.65, -5.251], "size": [9, 1, 0], "inflate": 0.015, "uv": [56, 10]},
						{"origin": [1.55, 22.1, -5.25], "size": [1, 1, 0], "inflate": 0.01, "pivot": [1.1, 22.45, -5.25], "rotation": [0, 0, 45], "uv": [4, 28]},
						{"origin": [0.45, 22.1, -5.25], "size": [1, 1, 0], "inflate": 0.01, "pivot": [0, 22.45, -5.25], "rotation": [0, 0, 45], "uv": [4, 27]},
						{"origin": [-1.45, 22.1, -5.25], "size": [1, 1, 0], "inflate": 0.01, "pivot": [0, 22.45, -5.25], "rotation": [0, 0, -45], "uv": [4, 27], "mirror": true},
						{"origin": [-2.55, 22.1, -5.25], "size": [1, 1, 0], "inflate": 0.01, "pivot": [-1.1, 22.45, -5.25], "rotation": [0, 0, -45], "uv": [4, 28], "mirror": true},
						{"origin": [-3.85, 21.8, -5.25], "size": [1, 1, 0], "inflate": 0.01, "pivot": [-2.5, 22.25, -5.25], "rotation": [0, 0, -45], "uv": [0, 2]},
						{"origin": [2.85, 21.8, -5.25], "size": [1, 1, 0], "inflate": 0.01, "pivot": [2.5, 22.25, -5.25], "rotation": [0, 0, 45], "uv": [0, 2], "mirror": true}
					]
				},
				{
					"name": "eyes",
					"parent": "face",
					"pivot": [0, 21.25, -1.5]
				},
				{
					"name": "left_eye",
					"parent": "eyes",
					"pivot": [2.2, 23.75, -5.25],
					"rotation": [0, 0, -2.5],
					"cubes": [
						{"origin": [0.95, 22.25, -5.257], "size": [3, 3, 0], "inflate": 0.01, "uv": [21, 35]}
					]
				},
				{
					"name": "left_pupil",
					"parent": "left_eye",
					"pivot": [2.2, 23.75, -5.25],
					"cubes": [
						{"origin": [1.65, 22.6, -5.053], "size": [1, 2, 0], "inflate": 0.215, "uv": [25, 0]},
						{"origin": [1.65, 22.6, -5.25], "size": [1, 2, 0], "inflate": 0.02, "uv": [0, 0]}
					]
				},
				{
					"name": "left_eyebrow",
					"parent": "left_eye",
					"pivot": [2.2, 23.75, -5.25],
					"cubes": [
						{"origin": [1.745, 23.65, -5.265], "size": [1, 3, 1], "inflate": 0.01, "pivot": [1.95, 25.45, -5.75], "rotation": [0, 0, 55.0215], "uv": [0, 14]}
					]
				},
				{
					"name": "left_eyelid",
					"parent": "left_eye",
					"pivot": [2.2, 23.75, -5.25],
					"cubes": [
						{"origin": [0.95, 22.25, -5.14], "size": [3, 3, 0], "inflate": 0.03, "uv": [21, 26]}
					]
				},
				{
					"name": "right_eye",
					"parent": "eyes",
					"pivot": [-2.2, 23.75, -5.25],
					"rotation": [0, 0, 2.5],
					"cubes": [
						{"origin": [-3.95, 22.25, -5.257], "size": [3, 3, 0], "inflate": 0.01, "uv": [21, 35], "mirror": true}
					]
				},
				{
					"name": "right_pupil",
					"parent": "right_eye",
					"pivot": [-2.2, 23.75, -5.25],
					"cubes": [
						{"origin": [-2.65, 22.6, -5.053], "size": [1, 2, 0], "inflate": 0.215, "uv": [25, 0], "mirror": true},
						{"origin": [-2.65, 22.6, -5.25], "size": [1, 2, 0], "inflate": 0.02, "uv": [0, 0], "mirror": true}
					]
				},
				{
					"name": "right_eyebrow",
					"parent": "right_eye",
					"pivot": [-2.2, 23.75, -5.25],
					"cubes": [
						{"origin": [-2.745, 23.65, -5.265], "size": [1, 3, 1], "inflate": 0.01, "pivot": [-1.95, 25.45, -5.75], "rotation": [0, 0, -55.0215], "uv": [0, 14], "mirror": true}
					]
				},
				{
					"name": "right_eyelid",
					"parent": "right_eye",
					"pivot": [-2.2, 23.75, -5.35],
					"cubes": [
						{"origin": [-3.95, 22.25, -5.14], "size": [3, 3, 0], "inflate": 0.03, "uv": [21, 26], "mirror": true}
					]
				},
				{
					"name": "left_ear",
					"parent": "head",
					"pivot": [0.75, 24.05, -5.35],
					"rotation": [6.27528, -15.63901, 53.7387],
					"cubes": [
						{"origin": [1.25, 27.55, -4.35], "size": [0, 7, 4], "inflate": 0.01, "uv": [14, 55]}
					]
				},
				{
					"name": "left_ear_back",
					"parent": "left_ear",
					"pivot": [0.75, 28.45, 0.65],
					"rotation": [0, -80, 0],
					"cubes": [
						{"origin": [-0.11138, 24.55, -5.01859], "size": [0, 10, 5], "inflate": 0.01, "pivot": [0.13862, 36.55, 0.73141], "rotation": [0, 5, 0], "uv": [28, 40]}
					]
				},
				{
					"name": "right_ear",
					"parent": "head",
					"pivot": [-0.75, 24.05, -5.35],
					"rotation": [6.27528, 15.63901, -53.7387],
					"cubes": [
						{"origin": [-1.25, 27.55, -4.35], "size": [0, 7, 4], "inflate": 0.01, "uv": [14, 55], "mirror": true}
					]
				},
				{
					"name": "right_ear_back",
					"parent": "right_ear",
					"pivot": [-0.75, 28.45, 0.65],
					"rotation": [0, 80, 0],
					"cubes": [
						{"origin": [0.11138, 24.55, -5.01859], "size": [0, 10, 5], "inflate": 0.01, "pivot": [-0.13862, 36.55, 0.73141], "rotation": [0, -5, 0], "uv": [28, 40], "mirror": true}
					]
				},
				{
					"name": "tongue",
					"parent": "head",
					"pivot": [0, 22.25, -1.15],
					"cubes": [
						{"origin": [-2, 21.25, -5.15], "size": [4, 1, 4], "uv": [56, 32]},
						{"origin": [-0.5, 22.25, -5.15], "size": [1, 0, 4], "inflate": 0.015, "uv": [63, 53]}
					]
				},
				{
					"name": "tongue_tip",
					"parent": "tongue",
					"pivot": [0, 21.75, -2.15],
					"cubes": [
						{"origin": [-2, 21.25, -5.15], "size": [4, 1, 3], "inflate": 0.01, "uv": [60, 57]},
						{"origin": [-0.5, 22.25, -4.15], "size": [1, 0, 2], "inflate": 0.015, "uv": [64, 55]}
					]
				},
				{
					"name": "chest_armor",
					"parent": "upper_torso",
					"pivot": [0, 15.5, 0]
				},
				{
					"name": "top_front_chest_armor",
					"parent": "chest_armor",
					"pivot": [0, 21.75, -0.8],
					"rotation": [30, 0, 0],
					"cubes": [
						{"origin": [-7.5, 21.75, -3.8], "size": [15, 0, 4], "inflate": 0.02, "uv": [0, 18]}
					]
				},
				{
					"name": "front_chest_armor",
					"parent": "top_front_chest_armor",
					"pivot": [0, 21.75, -3.8],
					"rotation": [-50.5, 0, 0],
					"cubes": [
						{"origin": [-7, 15.75, -3.8], "size": [14, 6, 0], "inflate": 0.02, "uv": [0, 45]}
					]
				},
				{
					"name": "left_front_spike",
					"parent": "front_chest_armor",
					"pivot": [3.9, 19.9, -3.8],
					"rotation": [-2.49762, 0.10901, -25.00238],
					"cubes": [
						{"origin": [2.4, 14.85, -3.8], "size": [3, 4, 0], "inflate": 0.03, "pivot": [4.4, 19.6, -3.8], "rotation": [0, 0, 0], "uv": [0, 3]}
					]
				},
				{
					"name": "right_front_spike",
					"parent": "front_chest_armor",
					"pivot": [-3.9, 19.9, -3.8],
					"rotation": [-2.49762, -0.10901, 25.00238],
					"cubes": [
						{"origin": [-5.4, 14.85, -3.8], "size": [3, 4, 0], "inflate": 0.03, "pivot": [-4.4, 19.6, -3.8], "rotation": [0, 0, 0], "uv": [0, 3], "mirror": true}
					]
				},
				{
					"name": "top_back_chest_armor",
					"parent": "chest_armor",
					"pivot": [0, 21.75, 0.95],
					"rotation": [-30, 0, 0],
					"cubes": [
						{"origin": [-7.5, 21.75, -0.05], "size": [15, 0, 4], "inflate": 0.02, "uv": [0, 14]},
						{"origin": [-2.5, 21.25, 0.95], "size": [5, 3, 3], "inflate": 0.02, "uv": [56, 4]}
					]
				},
				{
					"name": "back_chest_armor",
					"parent": "top_back_chest_armor",
					"pivot": [0, 21.75, 3.95],
					"rotation": [47.5, 0, 0],
					"cubes": [
						{"origin": [-7, 15.75, 3.95], "size": [14, 6, 0], "inflate": 0.02, "uv": [24, 39]},
						{"origin": [-2, 14.78355, 3.11184], "size": [4, 8, 2], "inflate": 0.02, "uv": [48, 57]},
						{"origin": [-1, 12.1, 3.45], "size": [2, 4, 1], "inflate": 0.03, "pivot": [0, 14.6, 3.95], "rotation": [0, 180, 0], "uv": [0, 22]},
						{"origin": [-1, 12.1, 3.45], "size": [2, 4, 1], "inflate": 0.03, "pivot": [0, 14.6, 3.95], "rotation": [0, -180, 0], "uv": [0, 22], "mirror": true}
					]
				},
				{
					"name": "left_back_spike",
					"parent": "back_chest_armor",
					"pivot": [3.9, 20.15, 3.95],
					"rotation": [2.49762, -0.10901, -25.00238],
					"cubes": [
						{"origin": [2.8, 14.6, 3.95], "size": [2, 4, 0], "inflate": 0.03, "pivot": [3.9, 18.1, 3.95], "rotation": [0, 180, 0], "uv": [0, 18]}
					]
				},
				{
					"name": "right_back_spike",
					"parent": "back_chest_armor",
					"pivot": [-3.9, 20.15, 3.95],
					"rotation": [2.49762, 0.10901, 25.00238],
					"cubes": [
						{"origin": [-4.8, 14.6, 3.95], "size": [2, 4, 0], "inflate": 0.03, "pivot": [-3.9, 18.1, 3.95], "rotation": [0, -180, 0], "uv": [0, 18], "mirror": true}
					]
				},
				{
					"name": "left_upper_arm",
					"parent": "upper_torso",
					"pivot": [4, 20.75, 0],
					"cubes": [
						{"origin": [3.5, 18.75, -1], "size": [8, 2, 2], "inflate": 0.01, "uv": [34, 12]}
					]
				},
				{
					"name": "left_lower_arm",
					"parent": "left_upper_arm",
					"pivot": [11.5, 19.75, 1],
					"cubes": [
						{"origin": [11.5, 18.75, -1], "size": [7, 2, 2], "uv": [54, 37]}
					]
				},
				{
					"name": "left_arm_nub",
					"parent": "left_lower_arm",
					"pivot": [17, 19.75, 0],
					"rotation": [-90, 0, 0],
					"cubes": [
						{"origin": [17, 17.75, -2], "size": [3, 4, 4], "uv": [34, 53]}
					]
				},
				{
					"name": "left_claw",
					"parent": "left_arm_nub",
					"pivot": [19, 19.75, -0.5]
				},
				{
					"name": "left_claw_top",
					"parent": "left_claw",
					"pivot": [19.5, 19.75, -0.5],
					"cubes": [
						{"origin": [19.5, 16.25, -3.5], "size": [9, 7, 3], "inflate": 0.02, "uv": [0, 35]},
						{"origin": [20, 23.25, -0.5], "size": [8, 0, 2], "uv": [48, 2]},
						{"origin": [20, 16.24, -0.5], "size": [8, 0, 2], "uv": [48, 0]}
					]
				},
				{
					"name": "left_claw_bottom",
					"parent": "left_claw",
					"pivot": [19.5, 19.75, -0.5],
					"cubes": [
						{"origin": [19, 16.25, -0.5], "size": [10, 7, 4], "uv": [28, 28]},
						{"origin": [29, 16.75, -4.5], "size": [0, 6, 4], "uv": [22, 55]}
					]
				},
				{
					"name": "right_upper_arm",
					"parent": "upper_torso",
					"pivot": [-4, 20.75, 0],
					"cubes": [
						{"origin": [-11.5, 18.75, -1], "size": [8, 2, 2], "inflate": 0.01, "uv": [34, 12], "mirror": true}
					]
				},
				{
					"name": "right_lower_arm",
					"parent": "right_upper_arm",
					"pivot": [-11.5, 19.75, 1],
					"cubes": [
						{"origin": [-18.5, 18.75, -1], "size": [7, 2, 2], "uv": [54, 37], "mirror": true}
					]
				},
				{
					"name": "right_arm_nub",
					"parent": "right_lower_arm",
					"pivot": [-17, 19.75, 0],
					"rotation": [-90, 0, 0],
					"cubes": [
						{"origin": [-20, 17.75, -2], "size": [3, 4, 4], "uv": [34, 53], "mirror": true}
					]
				},
				{
					"name": "right_claw",
					"parent": "right_arm_nub",
					"pivot": [-19, 19.75, -0.5]
				},
				{
					"name": "right_claw_top",
					"parent": "right_claw",
					"pivot": [-19.5, 19.75, -0.5],
					"cubes": [
						{"origin": [-28.5, 16.25, -3.5], "size": [9, 7, 3], "inflate": 0.02, "uv": [0, 35], "mirror": true},
						{"origin": [-28, 23.25, -0.5], "size": [8, 0, 2], "uv": [48, 2], "mirror": true},
						{"origin": [-28, 16.24, -0.5], "size": [8, 0, 2], "uv": [48, 0], "mirror": true}
					]
				},
				{
					"name": "right_claw_bottom",
					"parent": "right_claw",
					"pivot": [-19.5, 19.75, -0.5],
					"cubes": [
						{"origin": [-29, 16.25, -0.5], "size": [10, 7, 4], "uv": [28, 28], "mirror": true},
						{"origin": [-29, 16.75, -4.5], "size": [0, 6, 4], "uv": [22, 55], "mirror": true}
					]
				},
				{
					"name": "flying_membrane",
					"parent": "upper_torso",
					"pivot": [0, 20, 3.25]
				},
				{
					"name": "top_left_membrane",
					"parent": "flying_membrane",
					"pivot": [2, 17, 3.45],
					"rotation": [2.5, 0, 0],
					"cubes": [
						{"origin": [-1, 12, 3.45], "size": [23, 9, 0], "uv": [82, 0]}
					]
				},
				{
					"name": "top_right_membrane",
					"parent": "flying_membrane",
					"pivot": [-2, 17, 3.45],
					"rotation": [2.5, 0, 0],
					"cubes": [
						{"origin": [-22, 12, 3.45], "size": [23, 9, 0], "uv": [82, 10], "mirror": true}
					]
				},
				{
					"name": "middle_left_membrane",
					"parent": "flying_membrane",
					"pivot": [1, 17, 3.35],
					"rotation": [0, 0, 30],
					"cubes": [
						{"origin": [-0.92388, 10.61732, 3.35], "size": [21, 9, 0], "uv": [86, 20]}
					]
				},
				{
					"name": "middle_right_membrane",
					"parent": "flying_membrane",
					"pivot": [-1, 17, 3.35],
					"rotation": [0, 0, -30],
					"cubes": [
						{"origin": [-20.07612, 10.61732, 3.35], "size": [21, 9, 0], "uv": [86, 30], "mirror": true}
					]
				},
				{
					"name": "bottom_left_membrane",
					"parent": "flying_membrane",
					"pivot": [0.5, 17, 3.25],
					"rotation": [0, 0, 60],
					"cubes": [
						{"origin": [-0.85355, 10.64645, 3.25], "size": [19, 9, 0], "uv": [90, 40]}
					]
				},
				{
					"name": "bottom_right_membrane",
					"parent": "flying_membrane",
					"pivot": [-0.5, 17, 3.25],
					"rotation": [0, 0, -60],
					"cubes": [
						{"origin": [-18.14645, 10.64645, 3.25], "size": [19, 9, 0], "uv": [90, 50], "mirror": true}
					]
				},
				{
					"name": "bottom_membrane",
					"parent": "flying_membrane",
					"pivot": [0, 17, 3.05],
					"rotation": [0, 0, 90],
					"cubes": [
						{"origin": [-1, 12.5, 3.05], "size": [18, 9, 0], "uv": [92, 60]}
					]
				},
				{
					"name": "tail_segment_1",
					"parent": "torso",
					"pivot": [0, 5, 2],
					"rotation": [-45, 0, 0],
					"cubes": [
						{"origin": [-2, 1, 2], "size": [4, 4, 4], "inflate": 0.015, "uv": [0, 51]}
					]
				},
				{
					"name": "tail_segment_2",
					"parent": "tail_segment_1",
					"pivot": [0, 2.25, 4.75],
					"cubes": [
						{"origin": [-2, -1.75, 4.75], "size": [4, 4, 4], "inflate": 0.01, "uv": [50, 49]}
					]
				},
				{
					"name": "tail_segment_3",
					"parent": "tail_segment_2",
					"pivot": [0, -0.5, 7.5],
					"cubes": [
						{"origin": [-2, -4.5, 7.5], "size": [4, 4, 4], "inflate": 0.005, "uv": [50, 41]}
					]
				},
				{
					"name": "tail_segment_4",
					"parent": "tail_segment_3",
					"pivot": [0, -3.25, 10.25],
					"cubes": [
						{"origin": [-2, -7.25, 10.25], "size": [4, 4, 4], "uv": [50, 12]}
					]
				},
				{
					"name": "tail_segment_end",
					"parent": "tail_segment_4",
					"pivot": [0, -6.4, 13.5],
					"rotation": [45, 0, 0],
					"cubes": [
						{"origin": [-3, -12.39749, 10.35607], "size": [6, 6, 6], "uv": [32, 0]}
					]
				},
				{
					"name": "tail_left_stinger",
					"parent": "tail_segment_end",
					"pivot": [2, -12.25, 13.5],
					"rotation": [0, 0, -5],
					"cubes": [
						{"origin": [0.5, -16, 13.5], "size": [3, 4, 0], "uv": [21, 22]}
					]
				},
				{
					"name": "tail_right_stinger",
					"parent": "tail_segment_end",
					"pivot": [-2, -12.25, 13.5],
					"rotation": [0, 0, 5],
					"cubes": [
						{"origin": [-3.5, -16, 13.5], "size": [3, 4, 0], "uv": [21, 22], "mirror": true}
					]
				},
				{
					"name": "left_thigh",
					"parent": "body",
					"pivot": [3, 6, 0],
					"rotation": [-22.5, 0, 0],
					"cubes": [
						{"origin": [2.5, 3.5, -2], "size": [4, 4, 4], "uv": [38, 45]}
					]
				},
				{
					"name": "left_calf",
					"parent": "left_thigh",
					"pivot": [4.5, 3.5, -2],
					"rotation": [45, 0, 0],
					"cubes": [
						{"origin": [3.5, -0.5, -2], "size": [2, 4, 2], "uv": [25, 0]}
					]
				},
				{
					"name": "left_foot",
					"parent": "left_calf",
					"pivot": [4.5, 0.5, -1],
					"rotation": [-22.5, 0, 0],
					"cubes": [
						{"origin": [3, -1.5, -3.5], "size": [3, 2, 4], "uv": [0, 59]},
						{"origin": [3.5, -1.5, -3], "size": [2, 0, 3], "inflate": 0.01, "uv": [0, 0]}
					]
				},
				{
					"name": "left_inner_toe",
					"parent": "left_foot",
					"pivot": [3.75, -0.75, -3.5],
					"rotation": [5, 0, 0],
					"cubes": [
						{"origin": [3.75, -1.54886, -5.02615], "size": [0, 2, 2], "uv": [28, 26]}
					]
				},
				{
					"name": "left_outer_toe",
					"parent": "left_foot",
					"pivot": [5.25, -0.75, -3.5],
					"rotation": [5, 0, 0],
					"cubes": [
						{"origin": [5.25, -1.54886, -5.02615], "size": [0, 2, 2], "uv": [0, 25]}
					]
				},
				{
					"name": "right_thigh",
					"parent": "body",
					"pivot": [-3, 6, 0],
					"rotation": [-22.5, 0, 0],
					"cubes": [
						{"origin": [-6.5, 3.5, -2], "size": [4, 4, 4], "uv": [38, 45], "mirror": true}
					]
				},
				{
					"name": "right_calf",
					"parent": "right_thigh",
					"pivot": [-4.5, 3.5, -2],
					"rotation": [45, 0, 0],
					"cubes": [
						{"origin": [-5.5, -0.5, -2], "size": [2, 4, 2], "uv": [25, 0], "mirror": true}
					]
				},
				{
					"name": "right_foot",
					"parent": "right_calf",
					"pivot": [-4.5, 0.5, -1],
					"rotation": [-22.5, 0, 0],
					"cubes": [
						{"origin": [-6, -1.5, -3.5], "size": [3, 2, 4], "uv": [0, 59], "mirror": true},
						{"origin": [-5.5, -1.5, -3], "size": [2, 0, 3], "inflate": 0.01, "uv": [0, 0], "mirror": true}
					]
				},
				{
					"name": "right_inner_toe",
					"parent": "right_foot",
					"pivot": [-3.75, -0.75, -3.5],
					"rotation": [5, 0, 0],
					"cubes": [
						{"origin": [-3.75, -1.54886, -5.02615], "size": [0, 2, 2], "uv": [28, 26], "mirror": true}
					]
				},
				{
					"name": "right_outer_toe",
					"parent": "right_foot",
					"pivot": [-5.25, -0.75, -3.5],
					"rotation": [5, 0, 0],
					"cubes": [
						{"origin": [-5.25, -1.54886, -5.02615], "size": [0, 2, 2], "uv": [0, 25], "mirror": true}
					]
				}
			]
		}
	]
}