{
	"format_version": "1.12.0",
	"minecraft:geometry": [
		{
			"description": {
				"identifier": "geometry.emboar",
				"texture_width": 128,
				"texture_height": 128,
				"visible_bounds_width": 5,
				"visible_bounds_height": 3.5,
				"visible_bounds_offset": [0, 1.25, 0]
			},
			"bones": [
				{
					"name": "emboar",
					"pivot": [0, 0, 0]
				},
				{
					"name": "body",
					"parent": "emboar",
					"pivot": [0, 18, 0]
				},
				{
					"name": "torso",
					"parent": "body",
					"pivot": [0, 8, 1],
					"cubes": [
						{"origin": [-8.5, 21, -5.5], "size": [17, 4, 14], "uv": [0, 30]},
						{"origin": [-8.2, 22.7, -2.2], "size": [3, 6, 9], "uv": [104, 10]},
						{"origin": [-7.2, 28.1, -1.1], "size": [1, 2, 1], "uv": [45, 116]},
						{"origin": [-7.2, 27.4, 1.8], "size": [1, 3, 1], "uv": [45, 116]},
						{"origin": [-7.2, 28.1, 4.5], "size": [1, 2, 1], "uv": [45, 116]},
						{"origin": [-9, 7, -7], "size": [18, 14, 16], "uv": [0, 0]},
						{"origin": [-2.5, 10, -7.03], "size": [5, 4, 1], "uv": [23, 110]},
						{"origin": [-3, 8.1, -7.06], "size": [6, 2, 1], "uv": [48, 106]},
						{"origin": [-2.5, 8.2, -7.07], "size": [5, 1.4, 1], "uv": [7, 124]},
						{"origin": [-1, 9.5, -7.072], "size": [2, 0.4, 1], "uv": [44, 120]},
						{"origin": [-2.1, 8.4, -7.075], "size": [0.2, 1, 1], "uv": [26, 122]},
						{"origin": [-1.5, 8.4, -7.075], "size": [0.2, 1, 1], "uv": [26, 122]},
						{"origin": [-1, 8.4, -7.075], "size": [0.2, 1, 1], "uv": [26, 122]},
						{"origin": [0, 8.4, -7.075], "size": [0.2, 1, 1], "uv": [26, 122]},
						{"origin": [0.4, 8.4, -7.075], "size": [0.2, 1, 1], "uv": [26, 122]},
						{"origin": [-0.7, 8.4, -7.075], "size": [0.2, 1, 1], "uv": [26, 122]},
						{"origin": [-0.3, 8.6, -7.075], "size": [0.2, 0.6, 1], "uv": [26, 122]},
						{"origin": [-1.25, 9, -7.075], "size": [0.2, 0.2, 1], "uv": [26, 122]},
						{"origin": [0.2, 9.2, -7.075], "size": [0.2, 0.2, 1], "uv": [26, 122]},
						{"origin": [0.7, 8.4, -7.075], "size": [0.2, 1, 1], "uv": [26, 122]},
						{"origin": [0.9, 9.2, -7.075], "size": [0.2, 0.2, 1], "uv": [26, 122]},
						{"origin": [0.9, 8.8, -7.075], "size": [0.2, 0.2, 1], "uv": [26, 122]},
						{"origin": [1.1, 8.4, -7.075], "size": [0.2, 1, 1], "uv": [26, 122]},
						{"origin": [1.8, 8.9, -7.075], "size": [0.2, 0.5, 1], "uv": [26, 122]},
						{"origin": [1.8, 8.4, -7.075], "size": [0.2, 0.4, 1], "uv": [26, 122]},
						{"origin": [1.6, 9.2, -7.075], "size": [0.2, 0.2, 1], "uv": [26, 122]},
						{"origin": [1.4, 8.4, -7.075], "size": [0.2, 1, 1], "uv": [26, 122]},
						{"origin": [1.6, 8.8, -7.075], "size": [0.2, 0.2, 1], "uv": [26, 122]},
						{"origin": [0.2, 8.4, -7.075], "size": [0.2, 0.2, 1], "uv": [26, 122]},
						{"origin": [-1.9, 8.4, -7.075], "size": [0.3, 0.2, 1], "uv": [26, 122]},
						{"origin": [-1.9, 9.2, -7.075], "size": [0.3, 0.2, 1], "uv": [26, 122]},
						{"origin": [-0.5, 9.2, -7.075], "size": [0.3, 0.2, 1], "uv": [26, 122]},
						{"origin": [-0.5, 8.8, -7.075], "size": [0.3, 0.2, 1], "uv": [26, 122]},
						{"origin": [-0.5, 8.4, -7.075], "size": [0.3, 0.2, 1], "uv": [26, 122]},
						{"origin": [-1.34, 9.1, -7.075], "size": [0.24, 0.2, 1], "pivot": [-1.15, 9.3, -6.575], "rotation": [0, 0, 32], "uv": [26, 122]},
						{"origin": [-1.24, 9, -7.075], "size": [0.24, 0.2, 1], "pivot": [-1.35, 9.3, -6.575], "rotation": [0, 0, -32], "uv": [26, 122]},
						{"origin": [-1.9, 8.8, -7.075], "size": [0.3, 0.2, 1], "uv": [26, 122]},
						{"origin": [1, 13.6, -7.03], "size": [1, 1, 1], "uv": [23, 110]},
						{"origin": [-2, 13.6, -7.03], "size": [1, 1, 1], "uv": [23, 110], "mirror": true},
						{"origin": [-1, 10.2, -7.04], "size": [2, 2, 1], "uv": [22, 119]},
						{"origin": [1.2, 12, -7.04], "size": [1, 1, 1], "uv": [18, 123]},
						{"origin": [1.4, 12.1, -7.046], "size": [0.6, 0.6, 1], "uv": [27, 122]},
						{"origin": [-2, 12.1, -7.046], "size": [0.6, 0.6, 1], "uv": [27, 122], "mirror": true},
						{"origin": [-2.2, 12, -7.04], "size": [1, 1, 1], "uv": [18, 123], "mirror": true},
						{"origin": [-0.8, 10.6, -7.046], "size": [0.6, 1.2, 1], "uv": [28, 122], "mirror": true},
						{"origin": [0.2, 10.6, -7.046], "size": [0.6, 1.2, 1], "uv": [28, 122]},
						{"origin": [4, 21, -6], "size": [5, 6, 0], "pivot": [4, 21, -6], "rotation": [0, 0, 47.5], "uv": [80, 48]},
						{"origin": [-0.5, 21, 8.99], "size": [4, 7, 0], "pivot": [-0.5, 21, 9], "rotation": [0, 0, 52.5], "uv": [86, 70]},
						{"origin": [-3.5, 21, 8.99], "size": [4, 7, 0], "pivot": [0.5, 21, 9], "rotation": [0, 0, -52.5], "uv": [86, 12]},
						{"origin": [9, 10, -6], "size": [5, 0, 12], "pivot": [9, 10, 0.5], "rotation": [0, 0, 47.5], "uv": [40, 0]},
						{"origin": [7.5, 10, -8], "size": [4, 0, 3], "pivot": [8.5, 10, -6.5], "rotation": [32.73241, 32.79775, 49.87926], "uv": [0, 39]},
						{"origin": [-11.5, 10, -8], "size": [4, 0, 3], "pivot": [-8.5, 10, -6.5], "rotation": [32.73241, -32.79775, -49.87926], "uv": [0, 36]},
						{"origin": [-14, 10, -6], "size": [5, 0, 12], "pivot": [-9, 10, 0.5], "rotation": [0, 0, -47.5], "uv": [36, 30]},
						{"origin": [-9, 21, -6], "size": [5, 6, 0], "pivot": [-4, 21, -6], "rotation": [0, 0, -47.5], "uv": [17, 76]}
					]
				},
				{
					"name": "tattoo",
					"parent": "torso",
					"pivot": [3.67562, 14.28881, -6.526],
					"rotation": [0, 0, -12],
					"cubes": [
						{"origin": [3.5, 11.9, -7.03], "size": [2, 2, 0], "uv": [11, 107], "mirror": true},
						{"origin": [2.9, 14, -7.03], "size": [1, 1, 0], "uv": [6, 115], "mirror": true},
						{"origin": [3.2, 14.3, -7.04], "size": [0.4, 0.4, 0], "uv": [29, 123], "mirror": true},
						{"origin": [0.8, 13.4, -7.01], "size": [3, 4, 0], "pivot": [2.4, 16.4, -7], "rotation": [0, 0, -26], "uv": [13, 97], "mirror": true},
						{"origin": [2.4, 12.5, -7.02], "size": [4, 3, 0], "uv": [12, 111], "mirror": true}
					]
				},
				{
					"name": "tattoo2",
					"parent": "torso",
					"pivot": [-3.67562, 14.28881, -6.526],
					"rotation": [0, 0, 12],
					"cubes": [
						{"origin": [-5.5, 11.9, -7.03], "size": [2, 2, 0], "uv": [11, 107]},
						{"origin": [-4.2, 11.2, -7.03], "size": [2, 0.2, 0], "uv": [26, 123]},
						{"origin": [-3.5, 11, -7.03], "size": [0.6, 0.6, 0], "uv": [26, 123]},
						{"origin": [-4.2, 10.3, -7.02], "size": [2, 1, 0], "uv": [6, 122]},
						{"origin": [-4.2, 11.3, -7.02], "size": [2, 1, 0], "uv": [24, 107]},
						{"origin": [-3.9, 14, -7.03], "size": [1, 1, 0], "uv": [6, 115]},
						{"origin": [-3.6, 14.3, -7.04], "size": [0.4, 0.4, 0], "uv": [29, 123]},
						{"origin": [-3.8, 13.4, -7.01], "size": [3, 4, 0], "pivot": [-2.4, 16.4, -7], "rotation": [0, 0, 26], "uv": [13, 97]},
						{"origin": [-6.4, 12.5, -7.02], "size": [4, 3, 0], "uv": [12, 111]}
					]
				},
				{
					"name": "bone",
					"parent": "tattoo2",
					"pivot": [-3.2, 11.3, -7.025],
					"cubes": [
						{"origin": [-4.2, 10.3, -7.02], "size": [2, 1, 0], "uv": [6, 122]},
						{"origin": [-4.2, 11.2, -7.03], "size": [2, 0.2, 0], "uv": [26, 123]},
						{"origin": [-3.5, 11, -7.03], "size": [0.6, 0.6, 0], "uv": [26, 123]},
						{"origin": [-4.2, 11.3, -7.02], "size": [2, 1, 0], "uv": [24, 107]}
					]
				},
				{
					"name": "bone2",
					"parent": "tattoo2",
					"pivot": [4.3, 12.9, -7.025],
					"rotation": [0, 0, -24.5],
					"cubes": [
						{"origin": [3.3, 11.9, -7.02], "size": [2, 1, 0], "uv": [6, 122], "mirror": true},
						{"origin": [3.3, 12.8, -7.03], "size": [2, 0.2, 0], "uv": [26, 123], "mirror": true},
						{"origin": [3.4, 12.9, -7.025], "size": [0.3, 1, 0], "pivot": [3.65, 13.7, -7.03], "rotation": [0, 0, -42], "uv": [37, 98], "mirror": true},
						{"origin": [4.55, 13.7, -7.025], "size": [0.3, 1, 0], "pivot": [3.65, 13.7, -7.03], "rotation": [0, 0, 42], "uv": [37, 98], "mirror": true},
						{"origin": [4, 12.6, -7.03], "size": [0.6, 0.6, 0], "uv": [26, 123], "mirror": true},
						{"origin": [3.3, 13.6, -7.03], "size": [0.3, 0.3, 0], "uv": [37, 98], "mirror": true},
						{"origin": [4.05, 13.4, -7.03], "size": [0.1, 0.3, 0], "uv": [27, 107], "mirror": true},
						{"origin": [4.4, 13.4, -7.03], "size": [0.1, 0.3, 0], "uv": [27, 107], "mirror": true},
						{"origin": [3.3, 12.9, -7.02], "size": [2, 1, 0], "uv": [24, 100], "mirror": true}
					]
				},
				{
					"name": "tail",
					"parent": "torso",
					"pivot": [0, 8.5, 9],
					"cubes": [
						{"origin": [-1, 7.5, 8], "size": [2, 2, 8], "uv": [78, 56]}
					]
				},
				{
					"name": "tail2",
					"parent": "tail",
					"pivot": [0, 7.5, 16],
					"cubes": [
						{"origin": [-1, 7.5, 16], "size": [2, 2, 8], "inflate": 0.01, "uv": [77, 77]}
					]
				},
				{
					"name": "tail3",
					"parent": "tail2",
					"pivot": [0, 8.5, 23],
					"cubes": [
						{"origin": [-2, 6.5, 23], "size": [4, 4, 4], "uv": [0, 0]},
						{"origin": [-1.5, 10.5, 24], "size": [3, 0, 3], "pivot": [0, 10.5, 24], "rotation": [25, 0, 0], "uv": [55, 12]},
						{"origin": [-1.5, 6.5, 24], "size": [3, 0, 3], "pivot": [0, 6.5, 24], "rotation": [-25, 0, 0], "uv": [49, 12]},
						{"origin": [2, 7, 24], "size": [0, 3, 3], "pivot": [2, 8.5, 24], "rotation": [0, 25, 0], "uv": [60, 61]},
						{"origin": [-2, 7, 24], "size": [0, 3, 3], "pivot": [-2, 8.5, 24], "rotation": [0, -25, 0], "uv": [0, 61]},
						{"origin": [-1.5, 8.5, 26.5], "size": [3, 0, 3], "pivot": [0, 8.5, 28], "rotation": [0, 0, 45], "uv": [55, 38]},
						{"origin": [-1.5, 8.5, 26.5], "size": [3, 0, 3], "pivot": [0, 8.5, 28], "rotation": [0, 0, -45], "uv": [59, 0]}
					]
				},
				{
					"name": "head",
					"parent": "torso",
					"pivot": [0, 25.25, 1],
					"cubes": [
						{"origin": [-5, 23.5, -4], "size": [10, 8, 10], "uv": [58, 20]},
						{"origin": [2.02, 29, -4.05], "size": [3, 2, 2], "inflate": 0.01, "uv": [86, 0]},
						{"origin": [-5.02, 29, -4.05], "size": [3, 2, 2], "inflate": 0.01, "uv": [83, 38]}
					]
				},
				{
					"name": "hair",
					"parent": "head",
					"pivot": [0, 31.51445, 5.1381],
					"cubes": [
						{"origin": [-1, 30.72163, 6.12702], "size": [2, 2, 3], "pivot": [0, 31.21445, 7.4381], "rotation": [-26, 0, 0], "uv": [112, 31]},
						{"origin": [-0.5, 31.7708, 4.77267], "size": [1, 1, 3], "pivot": [0, 31.21445, 7.4381], "rotation": [35, 0, 0], "uv": [112, 31]},
						{"origin": [-0.5, 31.22163, 7.92702], "size": [1, 1, 2], "pivot": [0, 31.21445, 7.4381], "rotation": [-26, 0, 0], "uv": [113, 32]}
					]
				},
				{
					"name": "bone3",
					"parent": "head",
					"pivot": [4.5205, 25.85, -3.72079],
					"cubes": [
						{"origin": [2.9205, 24.35, -6.3408], "size": [2, 2, 2], "pivot": [4.5205, 25.85, -3.72079], "rotation": [0, -23, 0], "uv": [97, 106]},
						{"origin": [2.4205, 23.85, -6.32079], "size": [3, 3, 2], "pivot": [4.5205, 25.85, -3.72079], "rotation": [0, -23, 0], "uv": [92, 121]},
						{"origin": [2.6205, 24.05, -4.32079], "size": [2.6, 2.6, 2], "pivot": [4.5205, 25.85, -3.72079], "rotation": [0, -23, 0], "uv": [93, 105]}
					]
				},
				{
					"name": "bone4",
					"parent": "head",
					"pivot": [-4.5205, 25.85, -3.72079],
					"cubes": [
						{"origin": [-4.9205, 24.35, -6.3408], "size": [2, 2, 2], "pivot": [-4.5205, 25.85, -3.72079], "rotation": [0, 23, 0], "uv": [97, 106], "mirror": true},
						{"origin": [-5.4205, 23.85, -6.32079], "size": [3, 3, 2], "pivot": [-4.5205, 25.85, -3.72079], "rotation": [0, 23, 0], "uv": [92, 121], "mirror": true},
						{"origin": [-5.2205, 24.05, -4.32079], "size": [2.6, 2.6, 2], "pivot": [-4.5205, 25.85, -3.72079], "rotation": [0, 23, 0], "uv": [93, 105], "mirror": true}
					]
				},
				{
					"name": "eyebrow_left",
					"parent": "head",
					"pivot": [5.025, 29.75, -3.51],
					"rotation": [15, 0, 0],
					"cubes": [
						{"origin": [5.031, 29.25, -4.01], "size": [0, 5, 9], "uv": [67, 68]}
					]
				},
				{
					"name": "eyebrow_right",
					"parent": "head",
					"pivot": [-5.025, 29.75, -3.51],
					"rotation": [15, 0, 0],
					"cubes": [
						{"origin": [-5.031, 29.25, -4.01], "size": [0, 5, 9], "uv": [68, 3]}
					]
				},
				{
					"name": "nose",
					"parent": "head",
					"pivot": [0, 29.25, -4.01],
					"cubes": [
						{"origin": [-1.25, 26.75, -5.51], "size": [1, 2, 1], "uv": [10, 41]},
						{"origin": [-1.5, 26.25, -5.5], "size": [3, 3, 2], "uv": [45, 77]},
						{"origin": [0.25, 26.75, -5.51], "size": [1, 2, 1], "uv": [0, 41]}
					]
				},
				{
					"name": "eye_left",
					"parent": "head",
					"pivot": [3.51, 28, -3.51]
				},
				{
					"name": "goggle",
					"parent": "eye_left",
					"pivot": [0, 25.25, 0.5],
					"cubes": [
						{"origin": [4.2, 27.95, -4.12], "size": [1, 2.4, 1.6], "uv": [72, 107]},
						{"origin": [2.4, 27.95, -4.12], "size": [2.4, 2.4, 2], "uv": [71, 107]},
						{"origin": [4.5, 29.75, -4.13], "size": [0.4, 0.4, 2], "uv": [8, 123]},
						{"origin": [2.6, 28.15, -4.13], "size": [0.4, 0.4, 2], "uv": [8, 123]},
						{"origin": [2.1, 27.65, -4.1], "size": [3, 3, 2], "uv": [66, 119]}
					]
				},
				{
					"name": "eye_right",
					"parent": "head",
					"pivot": [-3.51, 28, -3.51]
				},
				{
					"name": "goggle2",
					"parent": "eye_right",
					"pivot": [0, 25.25, 0.5],
					"cubes": [
						{"origin": [-5.2, 27.95, -4.12], "size": [1, 2.4, 1.6], "uv": [72, 107], "mirror": true},
						{"origin": [-4.8, 27.95, -4.12], "size": [2.4, 2.4, 2], "uv": [71, 107], "mirror": true},
						{"origin": [-3, 29.75, -4.13], "size": [0.4, 0.4, 2], "uv": [8, 123], "mirror": true},
						{"origin": [-5, 28.15, -4.13], "size": [0.4, 0.4, 2], "uv": [8, 123], "mirror": true},
						{"origin": [-5.1, 27.65, -4.1], "size": [3, 3, 2], "uv": [66, 119], "mirror": true}
					]
				},
				{
					"name": "arm_left",
					"parent": "torso",
					"pivot": [8.5, 22, 1.5],
					"cubes": [
						{"origin": [7, 19.5, -1], "size": [8, 5, 5], "uv": [24, 77]}
					]
				},
				{
					"name": "arm_left2",
					"parent": "arm_left",
					"pivot": [15, 22, 4],
					"cubes": [
						{"origin": [15, 19, -1.5], "size": [9, 6, 6], "uv": [0, 64]},
						{"origin": [11, 24.99, 1.5], "size": [4, 0, 3], "pivot": [15, 24.99, 1.5], "rotation": [7.09597, 18.74724, 21.17283], "uv": [0, 33]},
						{"origin": [11, 19.01, 1.5], "size": [4, 0, 3], "pivot": [15, 19.01, 1.5], "rotation": [-7.09597, 18.74724, -21.17283], "uv": [0, 30]}
					]
				},
				{
					"name": "hook",
					"parent": "arm_left2",
					"pivot": [24.1, 19.29231, 2.8981],
					"rotation": [90.21803, -2.49048, -95.00474],
					"cubes": [
						{"origin": [23.35, 16.3, 2.25], "size": [1.5, 2, 1.5], "uv": [120, 52]},
						{"origin": [23.35, 23.3, 2.25], "size": [1.5, 1, 1.5], "uv": [120, 53]},
						{"origin": [23.1, 24.3, 2], "size": [2, 1, 2], "uv": [108, 47]},
						{"origin": [23.35, 25.55, 2.75], "size": [1.5, 0.5, 0.5], "uv": [104, 57]},
						{"origin": [23.6, 25.3, 2.5], "size": [1, 1, 1], "uv": [113, 56]},
						{"origin": [23.6, 25.8, 1.29289], "size": [1, 1, 2], "pivot": [24.1, 26.3, 1.79289], "rotation": [-45, 0, 0], "uv": [111, 58]},
						{"origin": [23.6, 24.8, 3.70711], "size": [1, 2, 1], "pivot": [24.1, 26.3, 4.20711], "rotation": [-45, 0, 0], "uv": [101, 60]},
						{"origin": [23.6, 26.22492, 5.29167], "size": [1, 6, 1], "pivot": [24.1, 29.72492, 5.79167], "rotation": [-22.5, 0, 0], "uv": [109, 53]},
						{"origin": [23.6, 31.84328, 6.21031], "size": [1, 1, 1], "uv": [108, 50]},
						{"origin": [23.6, 31.4646, 3.88189], "size": [1, 5, 1], "pivot": [24.1, 34.9646, 4.38189], "rotation": [45, 0, 0], "uv": [113, 50]},
						{"origin": [23.6, 36.12881, -0.44654], "size": [1, 0.5, 1], "pivot": [24.1, 36.37881, 1.55346], "rotation": [45, 0, 0], "uv": [103, 51]},
						{"origin": [23.6, 36.12881, -2.19654], "size": [1, 0.5, 1], "pivot": [24.1, 36.37881, 1.55346], "rotation": [45, 0, 0], "uv": [101, 49]},
						{"origin": [23.85, 33.62881, -0.19654], "size": [0.5, 2.5, 0.5], "pivot": [24.1, 36.37881, 1.55346], "rotation": [45, 0, 0], "uv": [110, 56]},
						{"origin": [23.85, 33.87881, -1.94654], "size": [0.5, 2.25, 0.5], "pivot": [24.1, 36.37881, 1.55346], "rotation": [45, 0, 0], "uv": [110, 56]},
						{"origin": [23.6, 34.87881, -1.94654], "size": [1, 1, 5], "pivot": [24.1, 36.37881, 1.55346], "rotation": [45, 0, 0], "uv": [101, 47]},
						{"origin": [23.6, 31.22322, -1.92995], "size": [1, 1, 0.5], "pivot": [24.1, 31.97322, -0.67995], "rotation": [-22.5, 0, 0], "uv": [107, 53]},
						{"origin": [23.85, 31.47322, -1.42995], "size": [0.5, 0.5, 2], "pivot": [24.1, 31.97322, -0.67995], "rotation": [-22.5, 0, 0], "uv": [110, 56]},
						{"origin": [23.6, 30.47322, -1.17995], "size": [1, 3, 1], "pivot": [24.1, 31.97322, -0.67995], "rotation": [-22.5, 0, 0], "uv": [101, 47]},
						{"origin": [23.1, 18.3, 2], "size": [2, 5, 2], "uv": [101, 53]},
						{"origin": [24.85, 15.3, 2.5], "size": [0, 1, 1], "uv": [101, 53]},
						{"origin": [23.35, 15.3, 2.5], "size": [0, 1, 1], "uv": [101, 52]},
						{"origin": [23.35, 15.3, 2.5], "size": [1.5, 0, 1], "uv": [103, 47]}
					]
				},
				{
					"name": "chains",
					"parent": "hook",
					"pivot": [16.1, 24.05, 10.5]
				},
				{
					"name": "chain",
					"parent": "chains",
					"pivot": [24.2, 15.3, 3],
					"cubes": [
						{"origin": [23.95, 14.8, 2.5], "size": [0.5, 0.6, 1], "uv": [120, 51]},
						{"origin": [23.55, 14.1, 2.5], "size": [0.5, 1, 1], "uv": [120, 51]},
						{"origin": [23.95, 13.8, 2.5], "size": [0.5, 0.6, 1], "uv": [120, 51]},
						{"origin": [24.35, 14.1, 2.5], "size": [0.5, 1, 1], "uv": [120, 51]}
					]
				},
				{
					"name": "chain2",
					"parent": "chain",
					"pivot": [24.2, 13.8, 3],
					"cubes": [
						{"origin": [23.95, 13.2, 2.5], "size": [0.5, 0.6, 1], "uv": [120, 51]},
						{"origin": [23.55, 12.5, 2.5], "size": [0.5, 1, 1], "uv": [120, 51]},
						{"origin": [23.95, 12.2, 2.5], "size": [0.5, 0.6, 1], "uv": [120, 51]},
						{"origin": [24.35, 12.5, 2.5], "size": [0.5, 1, 1], "uv": [120, 51]}
					]
				},
				{
					"name": "chain3",
					"parent": "chain2",
					"pivot": [24.2, 12.2, 3],
					"cubes": [
						{"origin": [23.95, 11.6, 2.5], "size": [0.5, 0.6, 1], "uv": [120, 51]},
						{"origin": [23.55, 10.9, 2.5], "size": [0.5, 1, 1], "uv": [120, 51]},
						{"origin": [23.95, 10.6, 2.5], "size": [0.5, 0.6, 1], "uv": [120, 51]},
						{"origin": [24.35, 10.9, 2.5], "size": [0.5, 1, 1], "uv": [120, 51]}
					]
				},
				{
					"name": "chain4",
					"parent": "chain3",
					"pivot": [24.2, 10.6, 3],
					"cubes": [
						{"origin": [23.95, 10, 2.5], "size": [0.5, 0.6, 1], "uv": [120, 51]},
						{"origin": [23.55, 9.3, 2.5], "size": [0.5, 1, 1], "uv": [120, 51]},
						{"origin": [23.95, 9, 2.5], "size": [0.5, 0.6, 1], "uv": [120, 51]},
						{"origin": [24.35, 9.3, 2.5], "size": [0.5, 1, 1], "uv": [120, 51]}
					]
				},
				{
					"name": "chain5",
					"parent": "chain4",
					"pivot": [24.2, 8.9, 3],
					"cubes": [
						{"origin": [23.95, 8.4, 2.5], "size": [0.5, 0.6, 1], "uv": [120, 51]},
						{"origin": [23.55, 7.7, 2.5], "size": [0.5, 1, 1], "uv": [120, 51]},
						{"origin": [23.95, 7.4, 2.5], "size": [0.5, 0.6, 1], "uv": [120, 51]},
						{"origin": [24.35, 7.7, 2.5], "size": [0.5, 1, 1], "uv": [120, 51]}
					]
				},
				{
					"name": "chain6",
					"parent": "chain5",
					"pivot": [24.2, 7.3, 3],
					"cubes": [
						{"origin": [23.95, 6.8, 2.5], "size": [0.5, 0.6, 1], "uv": [120, 51]},
						{"origin": [23.55, 6.1, 2.5], "size": [0.5, 1, 1], "uv": [120, 51]},
						{"origin": [23.95, 5.8, 2.5], "size": [0.5, 0.6, 1], "uv": [120, 51]},
						{"origin": [24.35, 6.1, 2.5], "size": [0.5, 1, 1], "uv": [120, 51]}
					]
				},
				{
					"name": "chain7",
					"parent": "chain6",
					"pivot": [24.2, 5.7, 3],
					"cubes": [
						{"origin": [23.95, 5.2, 2.5], "size": [0.5, 0.6, 1], "uv": [120, 51]},
						{"origin": [23.55, 4.5, 2.5], "size": [0.5, 1, 1], "uv": [120, 51]},
						{"origin": [23.95, 4.2, 2.5], "size": [0.5, 0.6, 1], "uv": [120, 51]},
						{"origin": [24.35, 4.5, 2.5], "size": [0.5, 1, 1], "uv": [120, 51]}
					]
				},
				{
					"name": "bone5",
					"parent": "arm_left2",
					"pivot": [15, 21, 0.5],
					"cubes": [
						{"origin": [20.5, 18.5, -2], "size": [2, 7, 7], "uv": [36, 113]},
						{"origin": [21, 26.5, 1], "size": [1, 1, 1], "pivot": [21.5, 22, 1.5], "rotation": [45, 0, 0], "uv": [36, 106]},
						{"origin": [21, 25.5, 1], "size": [1, 1, 1], "uv": [36, 106]},
						{"origin": [21, 21.5, 6], "size": [1, 1, 1], "pivot": [21.5, 22, 1.5], "rotation": [45, 0, 0], "uv": [36, 106]},
						{"origin": [21, 21.5, -3], "size": [1, 1, 1], "uv": [36, 106]},
						{"origin": [21, 21.5, -4], "size": [1, 1, 1], "pivot": [21.5, 22, 1.5], "rotation": [45, 0, 0], "uv": [36, 106]},
						{"origin": [21, 16.5, 1], "size": [1, 1, 1], "pivot": [21.5, 22, 1.5], "rotation": [45, 0, 0], "uv": [36, 106]},
						{"origin": [21, 17.5, 1], "size": [1, 1, 1], "uv": [36, 106]},
						{"origin": [21, 21.5, 5], "size": [1, 1, 1], "uv": [36, 106]}
					]
				},
				{
					"name": "claw_left3",
					"parent": "arm_left2",
					"pivot": [24, 23, 3.5],
					"cubes": [
						{"origin": [24, 20, 3.5], "size": [4, 3, 0], "uv": [0, 88]}
					]
				},
				{
					"name": "claw_left2",
					"parent": "arm_left2",
					"pivot": [24, 24, 1.5],
					"cubes": [
						{"origin": [24, 21, 1.5], "size": [4, 3, 0], "uv": [8, 88]}
					]
				},
				{
					"name": "claw_left",
					"parent": "arm_left2",
					"pivot": [24, 23, -0.5],
					"cubes": [
						{"origin": [24, 20, -0.5], "size": [4, 3, 0], "uv": [16, 88]}
					]
				},
				{
					"name": "arm_right",
					"parent": "torso",
					"pivot": [-8.5, 22, 1.5],
					"cubes": [
						{"origin": [-15, 19.5, -1], "size": [8, 5, 5], "uv": [62, 38]},
						{"origin": [-9.3, 22.5, -1.5], "size": [3, 4, 6], "uv": [107, 90]},
						{"origin": [-6.4, 24.1, 0.5], "size": [1, 2, 2], "uv": [118, 68]},
						{"origin": [-9.4, 22.5, -1.6], "size": [1, 4.1, 6.2], "uv": [41, 114]},
						{"origin": [-14.2, 23.5, -0.5], "size": [4, 2, 4], "uv": [107, 89]}
					]
				},
				{
					"name": "arm_right2",
					"parent": "arm_right",
					"pivot": [-15, 22, 4],
					"cubes": [
						{"origin": [-24, 19, -1.5], "size": [9, 6, 6], "uv": [62, 0]},
						{"origin": [-15, 24.99, 1.5], "size": [4, 0, 3], "pivot": [-15, 24.99, 1.5], "rotation": [7.09597, -18.74724, -21.17283], "uv": [0, 11]},
						{"origin": [-15, 19.01, 1.5], "size": [4, 0, 3], "pivot": [-15, 19.01, 1.5], "rotation": [-7.09597, -18.74724, 21.17283], "uv": [0, 8]}
					]
				},
				{
					"name": "bone6",
					"parent": "arm_right2",
					"pivot": [-15, 21, 0.5],
					"cubes": [
						{"origin": [-20.4, 18.5, -2], "size": [2, 7, 7], "uv": [102, 103], "mirror": true},
						{"origin": [-23.2, 24.8, -2], "size": [6, 1, 7], "uv": [102, 103], "mirror": true},
						{"origin": [-22.8, 25.5, 2.3], "size": [2, 1, 2], "uv": [41, 120], "mirror": true},
						{"origin": [-20, 25.5, 2.3], "size": [2, 1, 2], "uv": [41, 120], "mirror": true},
						{"origin": [-20, 25.5, -1.3], "size": [2, 1, 2], "uv": [41, 120], "mirror": true},
						{"origin": [-22.8, 25.5, -1.3], "size": [2, 1, 2], "uv": [41, 120], "mirror": true}
					]
				},
				{
					"name": "claw_right3",
					"parent": "arm_right2",
					"pivot": [-24, 23, 3.5],
					"cubes": [
						{"origin": [-28, 20, 3.5], "size": [4, 3, 0], "uv": [32, 87]}
					]
				},
				{
					"name": "claw_right2",
					"parent": "arm_right2",
					"pivot": [-24, 24, 1.5],
					"cubes": [
						{"origin": [-28, 21, 1.5], "size": [4, 3, 0], "uv": [24, 87]}
					]
				},
				{
					"name": "claw_right",
					"parent": "arm_right2",
					"pivot": [-24, 23, -0.5],
					"cubes": [
						{"origin": [-28, 20, -0.5], "size": [4, 3, 0], "uv": [78, 17]}
					]
				},
				{
					"name": "fire_right",
					"parent": "torso",
					"pivot": [0, 24.5, -5.5],
					"rotation": [-25, 0, 20],
					"cubes": [
						{"origin": [-4, 18.5, -5.5], "size": [5, 6, 0], "uv": [50, 64]}
					]
				},
				{
					"name": "fire_left",
					"parent": "torso",
					"pivot": [0, 24.5, -5.5],
					"rotation": [-25, 0, -20],
					"cubes": [
						{"origin": [-1, 18.5, -5.5], "size": [5, 6, 0], "uv": [50, 64], "mirror": true}
					]
				},
				{
					"name": "fire_right2",
					"parent": "torso",
					"pivot": [-3, 24.5, -5.75],
					"rotation": [0, 2.5, 10]
				},
				{
					"name": "fire_right3",
					"parent": "fire_right2",
					"pivot": [-7, 24, -5.75],
					"rotation": [0, -10, -22.5],
					"cubes": [
						{"origin": [-4.9, 21.4, -5.45], "size": [0, 16, 13], "uv": [47, 35]}
					]
				},
				{
					"name": "fire_left2",
					"parent": "torso",
					"pivot": [3, 24.5, -5.75],
					"rotation": [0, -2.5, -10]
				},
				{
					"name": "fire_left3",
					"parent": "fire_left2",
					"pivot": [7, 24, -5.75],
					"rotation": [0, 10, 22.5],
					"cubes": [
						{"origin": [6, 21.5, -5.75], "size": [0, 16, 20], "uv": [0, 28]}
					]
				},
				{
					"name": "leg_left",
					"parent": "body",
					"pivot": [6.5, 7.5, 1],
					"cubes": [
						{"origin": [3.5, 3.5, -3], "size": [6, 5, 8], "uv": [58, 64]}
					]
				},
				{
					"name": "leg_left2",
					"parent": "leg_left",
					"pivot": [6.5, 3.5, -1],
					"cubes": [
						{"origin": [4, 0, -2.5], "size": [5, 5, 7], "uv": [50, 77]},
						{"origin": [4.5, 0, -2.6], "size": [4, 2, 1], "uv": [113, 33]}
					]
				},
				{
					"name": "toe_left",
					"parent": "leg_left2",
					"pivot": [7.5, 2, -2.5],
					"cubes": [
						{"origin": [7.5, 0, -3.3], "size": [0, 2, 2], "uv": [4, 12]},
						{"origin": [5.9, -1.3, -6.3], "size": [1, 1, 4], "pivot": [0.5, -2, 1.5], "rotation": [-26, 0, 0], "uv": [110, 33]}
					]
				},
				{
					"name": "toe_left2",
					"parent": "leg_left2",
					"pivot": [5.5, 2, -2.5],
					"cubes": [
						{"origin": [5.5, 0, -3.3], "size": [0, 2, 2], "uv": [12, 0]}
					]
				},
				{
					"name": "leg_right",
					"parent": "body",
					"pivot": [-6.5, 7.5, 1],
					"cubes": [
						{"origin": [-9.5, 3.5, -3], "size": [6, 5, 8], "uv": [30, 64]}
					]
				},
				{
					"name": "leg_right2",
					"parent": "leg_right",
					"pivot": [-6.5, 3.5, -1],
					"cubes": [
						{"origin": [-9, 0, -2.5], "size": [5, 5, 7], "uv": [0, 76]}
					]
				},
				{
					"name": "toe_right",
					"parent": "leg_right2",
					"pivot": [-7.5, 2, -2.5],
					"cubes": [
						{"origin": [-7.5, 0, -4.5], "size": [0, 2, 2], "uv": [0, 12]},
						{"origin": [-8.5, 0, -2.6], "size": [4, 2, 1], "uv": [113, 33]}
					]
				},
				{
					"name": "toe_right2",
					"parent": "leg_right2",
					"pivot": [-5.5, 2, -2.5],
					"cubes": [
						{"origin": [-5.5, 0, -4.5], "size": [0, 2, 2], "uv": [0, 0]}
					]
				}
			]
		}
	]
}