{
	"format_version": "1.8.0",
	"animations": {
		"animation.pteropix.ground_idle": {
			"loop": true,
			"bones": {
				"hairstrand": {
					"rotation": [7.5, 0, 12.5]
				},
				"hairstrand2": {
					"rotation": [-17.5, 0, 0]
				},
				"tail": {
					"rotation": ["40+math.sin(q.anim_time*90*4+10)*2+math.sin(q.anim_time*90*4/2+40)*4", 0, 0]
				},
				"beard2": {
					"rotation": [10, 0, 0]
				},
				"scruff": {
					"rotation": [12.5, 0, 0]
				},
				"scruff2": {
					"rotation": [22.5, 0, 0]
				},
				"beard3": {
					"rotation": [10, 0, 0]
				},
				"wing_left": {
					"rotation": [-226.23177, -86.10579, -43.99098],
					"position": [0, -1, -3]
				},
				"wing_left2": {
					"rotation": [0, "-((-25-math.cos(q.anim_time*90*4-30)/2))", 0]
				},
				"wing_left3": {
					"rotation": [0, "-((45+math.sin(q.anim_time*90*4-60)/2))", 0]
				},
				"armor_left": {
					"rotation": [-15.51887, 37.24557, -18.93907],
					"position": [0, 0, 3]
				},
				"armor_left2": {
					"rotation": [0, 0, -32.5]
				},
				"wing_right": {
					"rotation": [-226.23177, 86.10579, 43.99098],
					"position": [0, -1, -3]
				},
				"wing_right2": {
					"rotation": [0, "(-25-math.cos(q.anim_time*90*4-30)/2)", 0]
				},
				"wing_right3": {
					"rotation": [0, "(45+math.sin(q.anim_time*90*4-60)/2)", 0]
				},
				"armor_right": {
					"rotation": [-15.51887, -37.24557, 18.93907],
					"position": [0, 0, 3]
				},
				"armor_right2": {
					"rotation": [0, 0, 32.5]
				},
				"torso": {
					"rotation": ["math.sin(q.anim_time*90*4)", 0, 0]
				},
				"neck": {
					"rotation": ["-math.sin(q.anim_time*90*4-30)*2", 0, 0]
				},
				"head": {
					"rotation": ["math.sin(q.anim_time*90*4-30)*2-math.sin(q.anim_time*90*4)", 0, 0],
					"position": [0, 0.2, "(1-math.sin(q.anim_time*90*4-30)*2+math.sin(q.anim_time*90*4))/10"]
				}
			}
		},
		"animation.pteropix.ground_walk": {
			"loop": true,
			"animation_length": 1,
			"bones": {
				"wing_left": {
					"rotation": [-226.23177, -86.10579, -43.99098],
					"position": [0, -1, -3]
				},
				"wing_left2": {
					"rotation": [0, "-((-25-math.cos(q.anim_time*90*4-30)/2))", 0]
				},
				"wing_left3": {
					"rotation": [0, "-((45+math.sin(q.anim_time*90*4-60)/2))", 0]
				},
				"wing_right": {
					"rotation": [-226.23177, 86.10579, 43.99098],
					"position": [0, -1, -3]
				},
				"wing_right2": {
					"rotation": [0, "(-25-math.cos(q.anim_time*90*4-30)/2)", 0]
				},
				"wing_right3": {
					"rotation": [0, "(45+math.sin(q.anim_time*90*4-60)/2)", 0]
				},
				"tail": {
					"rotation": {
						"0.0": [-17.5, 0, 0],
						"0.25": [15, 0, 0],
						"0.5": [-17.5, 0, 0],
						"0.75": [15, 0, 0],
						"1.0": [-17.5, 0, 0]
					},
					"position": {
						"0.0": [0, 0, -1],
						"0.25": [0, 0, 0],
						"0.5": [0, 0, -1],
						"0.75": [0, 0, 0],
						"1.0": [0, 0, -1]
					}
				},
				"neck": {
					"rotation": {
						"0.0": [0, 0, 0],
						"0.25": [-7.5, 0, 0],
						"0.5": [0, 0, 0],
						"0.75": [-7.5, 0, 0],
						"1.0": [0, 0, 0]
					}
				},
				"leg_left": {
					"rotation": {
						"0.0": [32.5, 0, 0],
						"0.25": [-23.75, 0, 0],
						"0.5": [-25, 0, 0],
						"1.0": [32.5, 0, 0]
					},
					"position": {
						"0.0": [0, -0.5, 1],
						"0.5": [0, -0.7, -1],
						"1.0": [0, -0.5, 1]
					}
				},
				"leg_left2": {
					"rotation": {
						"0.0": [-32.5, 0, 0],
						"0.25": [-13.75, 0, 0],
						"0.5": [25, 0, 0],
						"1.0": [-32.5, 0, 0]
					},
					"position": {
						"0.0": [0, 0, 0],
						"0.5": [0, 1, 0],
						"1.0": [0, 0, 0]
					}
				},
				"foot_left": {
					"rotation": {
						"0.0": [0, 0, 0],
						"0.25": [32.5, 0, 0],
						"0.5": [0, 0, 0],
						"1.0": [0, 0, 0]
					},
					"position": {
						"0.0": [0, 0, 0],
						"0.25": [0, 1, 0],
						"0.5": [0, 0, 0],
						"1.0": [0, 0, 0]
					}
				},
				"leg_right": {
					"rotation": {
						"0.0": [-25, 0, 0],
						"0.5": [32.5, 0, 0],
						"0.75": [-23.75, 0, 0],
						"1.0": [-25, 0, 0]
					},
					"position": {
						"0.0": [0, -0.7, -1],
						"0.5": [0, -0.5, 1],
						"1.0": [0, -0.7, -1]
					}
				},
				"leg_right2": {
					"rotation": {
						"0.0": [25, 0, 0],
						"0.5": [-32.5, 0, 0],
						"0.75": [-13.75, 0, 0],
						"1.0": [25, 0, 0]
					},
					"position": {
						"0.0": [0, 1, 0],
						"0.5": [0, 0, 0],
						"1.0": [0, 1, 0]
					}
				},
				"foot_right": {
					"rotation": {
						"0.0": [0, 0, 0],
						"0.5": [0, 0, 0],
						"0.75": [32.5, 0, 0],
						"1.0": [0, 0, 0]
					},
					"position": {
						"0.0": [0, 0, 0],
						"0.5": [0, 0, 0],
						"0.75": [0, 1, 0],
						"1.0": [0, 0, 0]
					}
				}
			}
		},
		"animation.pteropix.blink": {
			"animation_length": 0.1667,
			"bones": {
				"eyelid_left": {
					"position": {
						"0.0": [0.1, 0, -0.1],
						"0.125": [0.1, 0, -0.1],
						"0.1667": [0, 0, 0]
					}
				},
				"eyelid_right": {
					"position": {
						"0.0": [-0.1, 0, 0],
						"0.125": [-0.1, 0, 0],
						"0.1667": [0, 0, 0]
					}
				}
			}
		},
		"animation.pteropix.air_idle": {
			"loop": true,
			"bones": {
				"body": {
					"rotation": [-7.5, 0, 0],
					"position": [
						0,
						"4+math.sin(q.anim_time*90*4-60)*3+math.sin(q.anim_time*90*4*2-40)/8",
						"math.cos(q.anim_time*90*4-90-60)/2+math.cos(q.anim_time*90*4*2-60)/8"
					]
				},
				"wing_left": {
					"rotation": [
						"12.5-math.sin(q.anim_time*90*4+120+90)*10 ",
						"0-math.sin(q.anim_time*90*4+100)*5+math.clamp(math.sin(q.anim_time*90*4+100-90)*2,0,2)",
						"-(-math.sin(q.anim_time*90*4)*45+math.clamp(-math.sin(q.anim_time*90*4-50)*10,0,15)-math.clamp(math.sin(q.anim_time*90*4+50)*15,0,15))"
					],
					"position": [0, 0, 0]
				},
				"wing_left2": {
					"rotation": [0, 0, "10+math.sin(q.anim_time*90*4-30)*20+math.clamp(-math.sin(q.anim_time*90*4-30)*-20,0,20)"]
				},
				"wing_left3": {
					"rotation": [0, 0, "10+math.sin(q.anim_time*90*4-60)*20+math.clamp(-math.sin(q.anim_time*90*4-60)*-20,0,20)"]
				},
				"wing_right": {
					"rotation": [
						"12.5-math.sin(q.anim_time*90*4+120+90)*10 ",
						"math.sin(q.anim_time*90*4+100)*5+math.clamp(math.sin(q.anim_time*90*4+100-90)*2,0,2)",
						"-math.sin(q.anim_time*90*4)*45+math.clamp(-math.sin(q.anim_time*90*4-50)*10,0,15)-math.clamp(math.sin(q.anim_time*90*4+50)*15,0,15)"
					],
					"position": [0, 0, 0]
				},
				"wing_right2": {
					"rotation": [0, 0, "-10-math.sin(q.anim_time*90*4-30)*20-math.clamp(-math.sin(q.anim_time*90*4-30)*-20,0,20)"]
				},
				"wing_right3": {
					"rotation": [0, 0, "-10-math.sin(q.anim_time*90*4-60)*20-math.clamp(-math.sin(q.anim_time*90*4-60)*-20,0,20)"]
				},
				"tail": {
					"rotation": ["-20+math.sin(q.anim_time*90*4-180-90)*20+math.clamp(math.sin(q.anim_time*90*4-180-90)*20, -0, 20)", 0, 0]
				},
				"neck": {
					"rotation": ["10+math.sin(q.anim_time*90*4-30)*6  ", 0, 0]
				},
				"jaw": {
					"rotation": ["35+math.sin(q.anim_time*90*4-60)*10", 0, 0]
				},
				"leg_left": {
					"rotation": ["-7.5+math.sin(q.anim_time*90*4-60)*5", -10, -20]
				},
				"leg_left2": {
					"rotation": ["-50-math.sin(q.anim_time*90*4+120+90)*5", 0, "-math.sin(q.anim_time*90*4+120)*2"]
				},
				"foot_left": {
					"rotation": [35, 0, "20-math.sin(q.anim_time*90*4+120+90)*4"],
					"position": [0, 0, -0.6]
				},
				"toe_inner_left": {
					"rotation": ["45+math.sin(q.anim_time*90*4-60)*10", 5, 20]
				},
				"toe_outer_left": {
					"rotation": ["45+math.sin(q.anim_time*90*4-60)*10", 0, 0]
				},
				"leg_right": {
					"rotation": ["-7.5+math.sin(q.anim_time*90*4-60)*5", 10, 20]
				},
				"leg_right2": {
					"rotation": ["-50-math.sin(q.anim_time*90*4+120+90)*5", 0, "-math.sin(q.anim_time*90*4+120)*2"]
				},
				"foot_right": {
					"rotation": [37.5, 0, "-20-math.sin(q.anim_time*90*4+120+90)*4"],
					"position": [0, 0, -0.6]
				},
				"toe_inner_right": {
					"rotation": ["45+math.sin(q.anim_time*90*4-60)*10", -5, -20]
				},
				"toe_outer_right": {
					"rotation": ["45+math.sin(q.anim_time*90*4-60)*10", 0, 0]
				},
				"torso": {
					"rotation": ["-4-math.sin(q.anim_time*90*4-60)*2-math.sin(q.anim_time*90*4*2-40)/4", 0, 0]
				},
				"head": {
					"rotation": ["-math.sin(q.anim_time*90*4-30)*5", 0, 0],
					"position": [0, "0.4+math.sin(q.anim_time*90*4-30-180)*0.5", "-0.1+math.sin(q.anim_time*90*4-30-180)*0.1"]
				}
			}
		},
		"animation.pteropix.air_fly": {
			"loop": true,
			"bones": {
				"body": {
					"rotation": ["-(-1+math.cos(q.anim_time*90*6-120)*5+math.cos(q.anim_time*90*6*2-120+180)*1)/2", 0, 0],
					"position": [0, "3+math.sin(q.anim_time*90*6-60)*2", "math.cos(q.anim_time*90*6+30)*1"]
				},
				"torso": {
					"rotation": [12.5, 0, 0],
					"position": [0, "0.3+math.sin(q.anim_time*90*6-50)*0.3", 0]
				},
				"wing_left": {
					"rotation": [
						"(-10+math.sin(q.anim_time*90*6)*10)",
						"(-10-math.sin(q.anim_time*90*6-90)*20-math.clamp(math.sin(q.anim_time*90*6-120)*20,0,10))",
						"(-15+math.sin(q.anim_time*90*6)*50+math.clamp(math.sin(q.anim_time*90*6+70)*35,0,25))"
					],
					"position": [0, 0.5, 0]
				},
				"wing_left2": {
					"rotation": [0, 0, "(15+math.sin(q.anim_time*90*6-60)*50)"]
				},
				"wing_left3": {
					"rotation": [0, 0, "(15+math.sin(q.anim_time*90*6-60)*40)"]
				},
				"wing_right": {
					"rotation": [
						"(-10+math.sin(q.anim_time*90*6)*10)",
						"-((-10-math.sin(q.anim_time*90*6-90)*20-math.clamp(math.sin(q.anim_time*90*6-120)*20,0,10)))",
						"-(-15+math.sin(q.anim_time*90*6)*50+math.clamp(math.sin(q.anim_time*90*6+70)*35,0,25))"
					],
					"position": [0, 0.5, 0]
				},
				"wing_right2": {
					"rotation": [0, 0, "-((15+math.sin(q.anim_time*90*6-60)*50))"]
				},
				"wing_right3": {
					"rotation": [0, 0, "-((15+math.sin(q.anim_time*90*6-60)*40))"]
				},
				"tail": {
					"rotation": ["math.cos(q.anim_time*90*6-120-180)*15+math.cos(q.anim_time*90*6*3-120-180)*2", 0, 0]
				},
				"neck": {
					"rotation": ["(50+math.cos(q.anim_time*90*6-150)*5+math.cos(q.anim_time*90*6*2-150+180)*1)", 0, 0],
					"position": [0, 0, -0.5]
				},
				"head": {
					"rotation": ["-(55+math.cos(q.anim_time*90*6-180)*5+math.cos(q.anim_time*90*6*2-180+180)*1)", 0, 0],
					"position": [0, "0.1+math.cos(q.anim_time*90*6-50-180)*0.1", "0.3+math.cos(q.anim_time*90*6-260)*0.3"]
				},
				"leg_left": {
					"rotation": ["(131+math.sin(q.anim_time*90*6-60-180-60)*2)", 0, 0]
				},
				"leg_left2": {
					"rotation": ["(-105.5+math.sin(q.anim_time*90*6-60-180-90)*3)", 0, 0],
					"position": [0, 0, "(-0.2+math.sin(q.anim_time*90*6-60-180-30)*0.2)"]
				},
				"foot_left": {
					"rotation": ["(-5-math.sin(q.anim_time*90*6-60-180-150)*5)", 0, 0]
				},
				"toe_inner_left": {
					"rotation": ["(45+math.sin(q.anim_time*90*6-60)*8)", 0, 0]
				},
				"toe_outer_left": {
					"rotation": ["(35+math.sin(q.anim_time*90*6-60)*18)", 0, 0]
				},
				"leg_right": {
					"rotation": ["(131+math.sin(q.anim_time*90*6-60-180-30)*3)", 0, 0],
					"position": [0, 0, 0]
				},
				"leg_right2": {
					"rotation": ["(-100+math.sin(q.anim_time*90*6-60-180-60)*5)", 0, 0],
					"position": [0, 0, "(-0.2+math.sin(q.anim_time*90*6-60-180)*0.2)"]
				},
				"foot_right": {
					"rotation": ["(-5-math.sin(q.anim_time*90*6-60-180-120)*2)", 0, 0]
				},
				"toe_inner_right": {
					"rotation": ["(55+math.sin(q.anim_time*90*6-30)*10)", 0, 0]
				},
				"toe_outer_right": {
					"rotation": ["(45+math.sin(q.anim_time*90*6-30)*20)", 0, 0]
				},
				"jaw": {
					"rotation": ["10+math.sin(q.anim_time*90*6-60)*3", 0, 0]
				}
			}
		},
		"animation.pteropix.sleep": {
			"loop": true,
			"bones": {
				"body": {
					"position": [0, -2.1, 0]
				},
				"torso": {
					"rotation": [7.5, 0, 0],
					"position": [0, -1.7, 0]
				},
				"wing_left": {
					"rotation": [-263.73177, -86.10579, -43.99098],
					"position": [2, -0.1, -4.9]
				},
				"wing_left2": {
					"rotation": [0, 32.5, 0]
				},
				"wing_left3": {
					"rotation": [0, -30, 0]
				},
				"wing_right": {
					"rotation": [-263.73177, 86.10579, 43.99098],
					"position": [-2, -1.4, -4]
				},
				"wing_right2": {
					"rotation": [0, -10, 0]
				},
				"wing_right3": {
					"rotation": [0, 30, 0]
				},
				"tail": {
					"rotation": [-20, 0, 0]
				},
				"neck": {
					"rotation": [64.7895, -17.38841, -35.14424],
					"position": [0, -0.4, 0]
				},
				"head": {
					"rotation": [25.26132, -12.22097, 12.33898],
					"position": [-0.5, 0, 0.2]
				},
				"eyelid_left": {
					"position": [0.1, 0, -0.1]
				},
				"eyelid_right": {
					"position": [-0.1, 0, 0]
				},
				"leg_left": {
					"rotation": [65, 0, 0],
					"position": [0.5, 0, 0]
				},
				"leg_left2": {
					"rotation": [-65, 0, 0],
					"position": [0, 0.5, 0.7]
				},
				"leg_right": {
					"rotation": [65, 0, 0],
					"position": [-0.5, 0, 0]
				},
				"leg_right2": {
					"rotation": [-65, 0, 0],
					"position": [0, 0.5, 0.7]
				}
			}
		}
	}
}