{
	"format_version": "1.12.0",
	"minecraft:geometry": [
		{
			"description": {
				"identifier": "geometry.sorchip",
				"texture_width": 64,
				"texture_height": 64,
				"visible_bounds_width": 3,
				"visible_bounds_height": 2.5,
				"visible_bounds_offset": [0, 0.75, 0]
			},
			"bones": [
				{
					"name": "waist",
					"pivot": [0, 0, 0]
				},
				{
					"name": "leg_left",
					"parent": "waist",
					"pivot": [3.5, 6.5, 0],
					"cubes": [
						{"origin": [2, 5, -1.5], "size": [3, 3, 3], "uv": [33, 38]},
						{"origin": [2.5, 2, -1], "size": [2, 3, 2], "uv": [22, 44]}
					]
				},
				{
					"name": "foot_left",
					"parent": "leg_left",
					"pivot": [3.5, 2, 0],
					"cubes": [
						{"origin": [2, 0, -1.5], "size": [3, 2, 3], "uv": [12, 41]}
					]
				},
				{
					"name": "leg_right",
					"parent": "waist",
					"pivot": [-3.5, 6.5, 0],
					"cubes": [
						{"origin": [-5, 5, -1.5], "size": [3, 3, 3], "uv": [12, 35]},
						{"origin": [-4.5, 2, -1], "size": [2, 3, 2], "uv": [0, 11]}
					]
				},
				{
					"name": "foot_right",
					"parent": "leg_right",
					"pivot": [-3.5, 2, 0],
					"cubes": [
						{"origin": [-5, 0, -1.5], "size": [3, 2, 3], "uv": [24, 0]}
					]
				},
				{
					"name": "torso",
					"parent": "waist",
					"pivot": [0, 7, 0],
					"cubes": [
						{"origin": [-4, 9.5, -4], "size": [8, 3, 8], "uv": [0, 0]},
						{"origin": [-4, 6.5, -4], "size": [8, 1, 8], "uv": [0, 11]},
						{"origin": [-3, 5.5, -3], "size": [6, 5, 6], "uv": [22, 27]}
					]
				},
				{
					"name": "cape",
					"parent": "torso",
					"pivot": [0, 12.5, 4],
					"cubes": [
						{"origin": [-4, 4.5, 4.35], "size": [8, 8, 0], "pivot": [0, 11, 4], "rotation": [12.5, 0, 0], "uv": [32, 17]}
					]
				},
				{
					"name": "head",
					"parent": "torso",
					"pivot": [0, 11.4, 0.1],
					"cubes": [
						{"origin": [-9.5, 12.5, 0], "size": [6, 6, 0], "uv": [0, 39]},
						{"origin": [-3, 11.5, -3], "size": [6, 6, 6], "uv": [26, 5]},
						{"origin": [-1.5, 10.5, -1], "size": [3, 1, 3], "uv": [42, 41]},
						{"origin": [-3.5, 12.5, -3.5], "size": [7, 6, 7], "uv": [0, 20]},
						{"origin": [3.5, 12.5, 0], "size": [6, 6, 0], "uv": [40, 25]}
					]
				},
				{
					"name": "arm_left",
					"parent": "torso",
					"pivot": [4.75, 10.75, 0],
					"cubes": [
						{"origin": [5, 5, -1.5], "size": [3, 3, 3], "pivot": [3.5, 7.75, 0], "rotation": [0, 0, -90], "uv": [21, 38]},
						{"origin": [6.75, 9.25, -1], "size": [2, 3, 2], "pivot": [7.75, 10.75, 0], "rotation": [0, 0, -90], "uv": [44, 5]}
					]
				},
				{
					"name": "hand_left",
					"parent": "arm_left",
					"pivot": [9.25, 10.75, 0],
					"cubes": [
						{"origin": [5, 0, -1.5], "size": [3, 2, 3], "pivot": [3.5, 7.75, 0], "rotation": [0, 0, -90], "uv": [36, 0]}
					]
				},
				{
					"name": "arm_right",
					"parent": "torso",
					"pivot": [-4.75, 10.75, 0],
					"cubes": [
						{"origin": [-8, 5, -1.5], "size": [3, 3, 3], "pivot": [-3.5, 7.75, 0], "rotation": [0, 0, 90], "uv": [0, 33]},
						{"origin": [-8.75, 9.25, -1], "size": [2, 3, 2], "pivot": [-7.75, 10.75, 0], "rotation": [0, 0, 90], "uv": [0, 0]}
					]
				},
				{
					"name": "hand_right",
					"parent": "arm_right",
					"pivot": [-9.25, 10.75, 0],
					"cubes": [
						{"origin": [-8, 0, -1.5], "size": [3, 2, 3], "pivot": [-3.5, 7.75, 0], "rotation": [0, 0, 90], "uv": [21, 22]}
					]
				}
			]
		}
	]
}