{
	"format_version": "1.12.0",
	"minecraft:geometry": [
		{
			"description": {
				"identifier": "geometry.chamying",
				"texture_width": 128,
				"texture_height": 128,
				"visible_bounds_width": 4,
				"visible_bounds_height": 3.5,
				"visible_bounds_offset": [0, 1.25, 0]
			},
			"bones": [
				{
					"name": "chamying",
					"pivot": [0, 0, 0]
				},
				{
					"name": "bone2",
					"parent": "chamying",
					"pivot": [0, 0, 0],
					"cubes": [
						{"origin": [-6, 6, -3], "size": [12, 12, 12], "uv": [0, 59]}
					]
				},
				{
					"name": "bone",
					"parent": "bone2",
					"pivot": [0, 14, -5],
					"rotation": [-22.5, 0, 0],
					"cubes": [
						{"origin": [-5, 14, -11], "size": [10, 6, 13], "uv": [48, 12]}
					]
				},
				{
					"name": "head",
					"parent": "bone",
					"pivot": [0, 19, -11],
					"rotation": [20, 0, 0],
					"cubes": [
						{"origin": [-4, 13.93969, -18.65798], "size": [8, 8, 8], "uv": [0, 0]},
						{"origin": [1, 15.93969, -19.65798], "size": [4, 4, 4], "uv": [0, 28]},
						{"origin": [-1, 21.93969, -16.65798], "size": [2, 2, 6], "uv": [0, 18]},
						{"origin": [-1, 23.93969, -14.65798], "size": [2, 2, 4], "uv": [18, 19]},
						{"origin": [-5, 15.93969, -19.65798], "size": [4, 4, 4], "uv": [0, 28], "mirror": true}
					]
				},
				{
					"name": "spin",
					"parent": "bone",
					"pivot": [0, 17, -6.5],
					"cubes": [
						{"origin": [-12.5, 5.5, -9], "size": [25, 23, 5], "uv": [57, 65]}
					]
				},
				{
					"name": "tail",
					"parent": "bone",
					"pivot": [0, 22.05728, 6.39731],
					"rotation": [22.5, 0, 0],
					"cubes": [
						{"origin": [-2, 18.29818, 6.24088], "size": [4, 10, 10], "uv": [36, 37]}
					]
				},
				{
					"name": "leg",
					"parent": "bone",
					"pivot": [3, 16, -9],
					"rotation": [22.5, 0, 0],
					"cubes": [
						{"origin": [0.9, 9, -11], "size": [4, 6, 4], "uv": [0, 39]}
					]
				},
				{
					"name": "leg2",
					"parent": "bone",
					"pivot": [-3, 16, -9],
					"rotation": [22.5, 0, 0],
					"cubes": [
						{"origin": [-4.9, 9, -11], "size": [4, 6, 4], "uv": [0, 39], "mirror": true}
					]
				}
			]
		}
	]
}