{
	"format_version": "1.8.0",
	"animations": {
		"animation.icelion_colt.ground_idle": {
			"loop": true,
			"animation_length": 4,
			"bones": {
				"torso": {
					"rotation": ["-2.5+math.sin(query.anim_time*90*1)", 0, 0]
				},
				"neck": {
					"rotation": ["-2.5+math.sin(query.anim_time*90*1-60)*2", 0, 0]
				},
				"head": {
					"rotation": [10, 0, 0]
				},
				"leftleg": {
					"rotation": ["0+math.sin(query.anim_time*90*1)*2", -10, 0],
					"position": [0, "0-math.sin(query.anim_time*90*1)*0.2", "0-math.sin(query.anim_time*90*1)*0.2"]
				},
				"legright": {
					"rotation": ["0+math.sin(query.anim_time*90*1)*2", 10, 0],
					"position": ["0-math.sin(query.anim_time*90*1)*0.2", 0, "0-math.sin(query.anim_time*90*1)*0.2"]
				},
				"legright2": {
					"rotation": [0, 10, 0]
				},
				"legleft": {
					"rotation": [0, -15, 0]
				},
				"tail": {
					"rotation": ["-12.1079+math.sin(query.anim_time*90*1-60)*2", "2.9944+math.sin(query.anim_time*90*2)*5", 0.58783]
				},
				"tail2": {
					"rotation": ["7.5+math.sin(query.anim_time*90*1-60)*5", "0+math.sin(query.anim_time*90*2-60)*10", 0]
				},
				"tail3": {
					"rotation": ["10+math.sin(query.anim_time*90*1-120)*10", "0+math.sin(query.anim_time*90*2-120)*10", 0]
				},
				"tail4": {
					"rotation": ["27.5+math.sin(query.anim_time*90*1-180)*10", "0+math.sin(query.anim_time*90*2-180)*20", 0]
				},
				"kneeright": {
					"rotation": ["0-math.sin(query.anim_time*90*1)*2", 0, 0]
				},
				"kneeleft2": {
					"rotation": ["0-math.sin(query.anim_time*90*1)*2", 0, 0]
				}
			}
		},
		"animation.icelion_colt.ground_walk": {
			"loop": true,
			"animation_length": 0.75,
			"bones": {
				"body": {
					"rotation": {
						"0.0": {
							"post": [0, 0, 0],
							"lerp_mode": "catmullrom"
						},
						"0.1667": {
							"post": [-5, 0, 0],
							"lerp_mode": "catmullrom"
						},
						"0.5": {
							"post": [10, 0, 0],
							"lerp_mode": "catmullrom"
						},
						"0.75": {
							"post": [0, 0, 0],
							"lerp_mode": "catmullrom"
						}
					},
					"position": {
						"0.0": {
							"post": [0, -3, 0],
							"lerp_mode": "catmullrom"
						},
						"0.375": {
							"post": [0, 4, 0],
							"lerp_mode": "catmullrom"
						},
						"0.75": {
							"post": [0, -3, 0],
							"lerp_mode": "catmullrom"
						}
					}
				},
				"head": {
					"rotation": {
						"0.0": {
							"post": [0, 0, 0],
							"lerp_mode": "catmullrom"
						},
						"0.1667": {
							"post": [7.5, 0, 0],
							"lerp_mode": "catmullrom"
						},
						"0.5": {
							"post": [-7.5, 0, 0],
							"lerp_mode": "catmullrom"
						},
						"0.75": {
							"post": [0, 0, 0],
							"lerp_mode": "catmullrom"
						}
					}
				},
				"tail": {
					"rotation": {
						"0.0": {
							"post": [0, 0, 0],
							"lerp_mode": "catmullrom"
						},
						"0.1667": {
							"post": [-15, 0, 0],
							"lerp_mode": "catmullrom"
						},
						"0.375": {
							"post": [-17.5, 0, 0],
							"lerp_mode": "catmullrom"
						},
						"0.5833": {
							"post": [17.5, 0, 0],
							"lerp_mode": "catmullrom"
						},
						"0.75": {
							"post": [0, 0, 0],
							"lerp_mode": "catmullrom"
						}
					}
				},
				"tail2": {
					"rotation": {
						"0.0": {
							"post": [10, 0, 0],
							"lerp_mode": "catmullrom"
						},
						"0.125": {
							"post": [20, 0, 0],
							"lerp_mode": "catmullrom"
						},
						"0.375": {
							"post": [-7.5, 0, 0],
							"lerp_mode": "catmullrom"
						},
						"0.625": {
							"post": [7.5, 0, 0],
							"lerp_mode": "catmullrom"
						},
						"0.75": {
							"post": [10, 0, 0],
							"lerp_mode": "catmullrom"
						}
					}
				},
				"tail3": {
					"rotation": {
						"0.0": {
							"post": [32.5, 0, 0],
							"lerp_mode": "catmullrom"
						},
						"0.1667": {
							"post": [25, 0, 0],
							"lerp_mode": "catmullrom"
						},
						"0.3333": {
							"post": [17.5, 0, 0],
							"lerp_mode": "catmullrom"
						},
						"0.5417": {
							"post": [-17.5, 0, 0],
							"lerp_mode": "catmullrom"
						},
						"0.75": {
							"post": [32.5, 0, 0],
							"lerp_mode": "catmullrom"
						}
					}
				},
				"tail4": {
					"rotation": {
						"0.0": {
							"post": [-10, 0, 0],
							"lerp_mode": "catmullrom"
						},
						"0.1667": {
							"post": [47.5, 0, 0],
							"lerp_mode": "catmullrom"
						},
						"0.4583": {
							"post": [-35, 0, 0],
							"lerp_mode": "catmullrom"
						},
						"0.6667": {
							"post": [-37.5, 0, 0],
							"lerp_mode": "catmullrom"
						},
						"0.75": {
							"post": [-10, 0, 0],
							"lerp_mode": "catmullrom"
						}
					}
				},
				"leftleg": {
					"rotation": {
						"0.0": {
							"post": [30, 0, 0],
							"lerp_mode": "catmullrom"
						},
						"0.25": {
							"post": [-9.96271, -0.86717, -4.92442],
							"lerp_mode": "catmullrom"
						},
						"0.5": {
							"post": [-17.5, 0, 0],
							"lerp_mode": "catmullrom"
						},
						"0.75": {
							"post": [30, 0, 0],
							"lerp_mode": "catmullrom"
						}
					}
				},
				"kneeleft2": {
					"rotation": {
						"0.0": {
							"post": [-40, 0, 0],
							"lerp_mode": "catmullrom"
						},
						"0.1667": {
							"post": [-32.5, 0, 0],
							"lerp_mode": "catmullrom"
						},
						"0.5": {
							"post": [-20, 0, 0],
							"lerp_mode": "catmullrom"
						},
						"0.75": {
							"post": [-40, 0, 0],
							"lerp_mode": "catmullrom"
						}
					}
				},
				"foot2": {
					"rotation": {
						"0.0": {
							"post": [15, 0, 0],
							"lerp_mode": "catmullrom"
						},
						"0.25": {
							"post": [-22.5, 0, 0],
							"lerp_mode": "catmullrom"
						},
						"0.625": {
							"post": [2.5, 0, 0],
							"lerp_mode": "catmullrom"
						},
						"0.75": {
							"post": [15, 0, 0],
							"lerp_mode": "catmullrom"
						}
					}
				},
				"legright2": {
					"rotation": {
						"0.125": {
							"pre": [-10, 0, 0],
							"post": [-10, 0, 0],
							"lerp_mode": "catmullrom"
						},
						"0.3333": {
							"post": [17.5, 0, 0],
							"lerp_mode": "catmullrom"
						},
						"0.5833": {
							"post": [42.25, 0, 0],
							"lerp_mode": "catmullrom"
						},
						"0.75": {
							"post": [-10, 0, 0],
							"lerp_mode": "catmullrom"
						}
					},
					"position": [0, 3, 0]
				},
				"legleft": {
					"rotation": {
						"0.0": {
							"post": [-10, 0, 0],
							"lerp_mode": "catmullrom"
						},
						"0.2083": {
							"post": [17.5, 0, 0],
							"lerp_mode": "catmullrom"
						},
						"0.4167": {
							"post": [37.25, 0, 0],
							"lerp_mode": "catmullrom"
						},
						"0.625": {
							"post": [-10, 0, 0],
							"lerp_mode": "catmullrom"
						}
					},
					"position": [0, 2, 0]
				},
				"legright": {
					"rotation": {
						"0.0": {
							"post": [27.5, 0, 0],
							"lerp_mode": "catmullrom"
						},
						"0.25": {
							"post": [-9.91615, 1.29876, 7.38733],
							"lerp_mode": "catmullrom"
						},
						"0.5": {
							"post": [-17.5, 0, 0],
							"lerp_mode": "catmullrom"
						},
						"0.75": {
							"post": [27.5, 0, 0],
							"lerp_mode": "catmullrom"
						}
					}
				},
				"kneeright": {
					"rotation": {
						"0.0": {
							"post": [-32.5, 0, 0],
							"lerp_mode": "catmullrom"
						},
						"0.1667": {
							"post": [-32.5, 0, 0],
							"lerp_mode": "catmullrom"
						},
						"0.5": {
							"post": [-20, 0, 0],
							"lerp_mode": "catmullrom"
						},
						"0.75": {
							"post": [-32.5, 0, 0],
							"lerp_mode": "catmullrom"
						}
					}
				},
				"foot": {
					"rotation": {
						"0.0": {
							"post": [10, 0, 0],
							"lerp_mode": "catmullrom"
						},
						"0.2083": {
							"post": [-25, 0, 0],
							"lerp_mode": "catmullrom"
						},
						"0.4583": {
							"post": [-17.5, 0, 0],
							"lerp_mode": "catmullrom"
						},
						"0.75": {
							"post": [10, 0, 0],
							"lerp_mode": "catmullrom"
						}
					}
				}
			}
		},
		"animation.icelion_colt.battle_idle": {
			"loop": true,
			"animation_length": 4,
			"bones": {
				"torso": {
					"rotation": [10, 0, 0],
					"position": [0, "0+math.sin(query.anim_time*90*2)*0.5", 0]
				},
				"neck": {
					"rotation": [17.5, 0, 0]
				},
				"head": {
					"rotation": ["-22.5+math.sin(query.anim_time*90*2-60)*5", "0+math.sin(query.anim_time*90*16)", 0],
					"position": [0, 1, 0]
				},
				"jaw": {
					"rotation": [20, 0, 0]
				},
				"ear": {
					"rotation": [0, 0, 50]
				},
				"ear2": {
					"rotation": [0, 0, -47.5]
				},
				"tail": {
					"rotation": [15, "0+math.sin(query.anim_time*90*2)*5", 0]
				},
				"tail2": {
					"rotation": [22.5, "0+math.sin(query.anim_time*90*2-60)*10", 0]
				},
				"tail3": {
					"rotation": [22.5, "0+math.sin(query.anim_time*90*2-120)*15", 0]
				},
				"tail4": {
					"rotation": [25, "0+math.sin(query.anim_time*90*2-180)*25", 0]
				},
				"leftleg": {
					"rotation": [20.88852, -16.41371, -6.15491],
					"position": [0, -2, 0]
				},
				"kneeleft2": {
					"rotation": [-12.5, 0, 0]
				},
				"foot2": {
					"rotation": [-7.36028, 1.1522, -0.27994]
				},
				"legright": {
					"rotation": [18.29388, 16.66577, 5.41615],
					"position": [0, -2, 0]
				},
				"kneeright": {
					"rotation": [-17.5, 0, 0]
				}
			}
		},
		"animation.icelion_colt.physical": {
			"animation_length": 1.875,
			"bones": {
				"body": {
					"rotation": {
						"0.0": {
							"post": [0, 0, 0],
							"lerp_mode": "catmullrom"
						},
						"0.2083": {
							"post": [0, 0, 0],
							"lerp_mode": "catmullrom"
						},
						"0.5": {
							"post": [-32.5, 0, 0],
							"lerp_mode": "catmullrom"
						},
						"0.75": {
							"post": [-32.5, 0, 0],
							"lerp_mode": "catmullrom"
						},
						"1.125": {
							"post": [7.5, 0, 0],
							"lerp_mode": "catmullrom"
						},
						"1.4167": {
							"post": [0, 0, 0],
							"lerp_mode": "catmullrom"
						}
					},
					"position": {
						"0.0": {
							"post": [0, 0, 0],
							"lerp_mode": "catmullrom"
						},
						"0.2083": {
							"post": [0, 0, 0],
							"lerp_mode": "catmullrom"
						},
						"0.5": {
							"post": [0, 5, -4],
							"lerp_mode": "catmullrom"
						},
						"0.75": {
							"post": [0, 6, -6],
							"lerp_mode": "catmullrom"
						},
						"0.9583": {
							"post": [0, 14, -19],
							"lerp_mode": "catmullrom"
						},
						"1.125": {
							"post": [0, 1, -19],
							"lerp_mode": "catmullrom"
						},
						"1.3333": {
							"post": [0, 2.29, -5.58],
							"lerp_mode": "catmullrom"
						},
						"1.4167": {
							"post": [0, 0, 0],
							"lerp_mode": "catmullrom"
						}
					}
				},
				"torso": {
					"rotation": {
						"0.0": {
							"post": [10, 0, 0],
							"lerp_mode": "catmullrom"
						},
						"1.375": {
							"post": [7.5, 0, 0],
							"lerp_mode": "catmullrom"
						},
						"1.4167": {
							"post": [10, 0, 0],
							"lerp_mode": "catmullrom"
						},
						"1.5833": {
							"post": [12.5, 0, 0],
							"lerp_mode": "catmullrom"
						},
						"1.7917": {
							"post": [10, 0, 0],
							"lerp_mode": "catmullrom"
						}
					},
					"position": {
						"0.0": {
							"post": [0, 0, 0],
							"lerp_mode": "catmullrom"
						},
						"0.0833": {
							"post": [0, -1, 0],
							"lerp_mode": "catmullrom"
						},
						"0.4167": {
							"post": [0, 1, 0],
							"lerp_mode": "catmullrom"
						},
						"1.4167": {
							"post": [0, 0, 0],
							"lerp_mode": "catmullrom"
						}
					}
				},
				"neck": {
					"rotation": {
						"0.0": {
							"post": [17.5, 0, 0],
							"lerp_mode": "catmullrom"
						},
						"1.4167": {
							"post": [17.5, 0, 0],
							"lerp_mode": "catmullrom"
						}
					}
				},
				"head": {
					"rotation": {
						"0.0": {
							"post": [-22.5, 0, 0],
							"lerp_mode": "catmullrom"
						},
						"0.2083": {
							"post": [-17.5, 0, 0],
							"lerp_mode": "catmullrom"
						},
						"0.5": {
							"post": [13.88, 0, 0],
							"lerp_mode": "catmullrom"
						},
						"0.9167": {
							"post": [-17.87, 0, 0],
							"lerp_mode": "catmullrom"
						},
						"1.1667": {
							"post": [7.23, 0, 0],
							"lerp_mode": "catmullrom"
						},
						"1.4167": {
							"post": [-22.5, 0, 0],
							"lerp_mode": "catmullrom"
						}
					},
					"position": {
						"0.0": {
							"post": [0, 1, 0],
							"lerp_mode": "catmullrom"
						},
						"1.4167": {
							"post": [0, 1, 0],
							"lerp_mode": "catmullrom"
						}
					}
				},
				"jaw": {
					"rotation": {
						"0.0": {
							"post": [20, 0, 0],
							"lerp_mode": "catmullrom"
						},
						"0.25": {
							"post": [7.5, 0, 0],
							"lerp_mode": "catmullrom"
						},
						"0.5833": {
							"post": [2.08, 0, 0],
							"lerp_mode": "catmullrom"
						},
						"0.875": {
							"post": [70.3, 0, 0],
							"lerp_mode": "catmullrom"
						},
						"1.25": {
							"post": [-9.73, 0, 0],
							"lerp_mode": "catmullrom"
						},
						"1.4167": {
							"post": [20, 0, 0],
							"lerp_mode": "catmullrom"
						}
					}
				},
				"ear": {
					"rotation": {
						"0.0": {
							"post": [0, 0, 50],
							"lerp_mode": "catmullrom"
						},
						"1.4167": {
							"post": [0, 0, 50],
							"lerp_mode": "catmullrom"
						}
					}
				},
				"ear2": {
					"rotation": {
						"0.0": {
							"post": [0, 0, -47.5],
							"lerp_mode": "catmullrom"
						},
						"1.4167": {
							"post": [0, 0, -47.5],
							"lerp_mode": "catmullrom"
						}
					}
				},
				"tail": {
					"rotation": {
						"0.0": {
							"post": [15, 0, 0],
							"lerp_mode": "catmullrom"
						},
						"0.2083": {
							"post": [2.5, 0, 0],
							"lerp_mode": "catmullrom"
						},
						"0.6667": {
							"post": [-5.4, 0, 0],
							"lerp_mode": "catmullrom"
						},
						"1.0417": {
							"post": [27.23, 0, 0],
							"lerp_mode": "catmullrom"
						},
						"1.3333": {
							"post": [30.52, 0, 0],
							"lerp_mode": "catmullrom"
						},
						"1.4167": {
							"post": [15, 0, 0],
							"lerp_mode": "catmullrom"
						},
						"1.5833": {
							"post": [7.5, 0, 0],
							"lerp_mode": "catmullrom"
						},
						"1.75": {
							"post": [15, 0, 0],
							"lerp_mode": "catmullrom"
						}
					}
				},
				"tail2": {
					"rotation": {
						"0.0": {
							"post": [22.5, 0, 0],
							"lerp_mode": "catmullrom"
						},
						"0.2083": {
							"post": [35, 0, 0],
							"lerp_mode": "catmullrom"
						},
						"0.4583": {
							"post": [43.39821, 0.94022, -2.96772],
							"lerp_mode": "catmullrom"
						},
						"0.7917": {
							"post": [3.64381, 0.61384, -1.93754],
							"lerp_mode": "catmullrom"
						},
						"1.0": {
							"post": [-30.36067, 0.45276, -1.42911],
							"lerp_mode": "catmullrom"
						},
						"1.2917": {
							"post": [32.39767, 0.14726, -0.46482],
							"lerp_mode": "catmullrom"
						},
						"1.4167": {
							"post": [22.5, 0, 0],
							"lerp_mode": "catmullrom"
						},
						"1.625": {
							"post": [25, 0, 0],
							"lerp_mode": "catmullrom"
						},
						"1.75": {
							"post": [22.5, 0, 0],
							"lerp_mode": "catmullrom"
						}
					}
				},
				"tail3": {
					"rotation": {
						"0.0": {
							"post": [22.5, 0, 0],
							"lerp_mode": "catmullrom"
						},
						"0.375": {
							"post": [50, 0, 0],
							"lerp_mode": "catmullrom"
						},
						"0.6667": {
							"post": [24.63, 0, 0],
							"lerp_mode": "catmullrom"
						},
						"0.9583": {
							"post": [-26.2, 0, 0],
							"lerp_mode": "catmullrom"
						},
						"1.2083": {
							"post": [-20.05, 0, 0],
							"lerp_mode": "catmullrom"
						},
						"1.4167": {
							"post": [22.5, 0, 0],
							"lerp_mode": "catmullrom"
						},
						"1.6667": {
							"post": [22.5, 0, 0],
							"lerp_mode": "catmullrom"
						}
					}
				},
				"tail4": {
					"rotation": {
						"0.0": {
							"post": [25, 0, 0],
							"lerp_mode": "catmullrom"
						},
						"0.1667": {
							"post": [5, 0, 0],
							"lerp_mode": "catmullrom"
						},
						"0.375": {
							"post": [35.82, 0, 0],
							"lerp_mode": "catmullrom"
						},
						"0.7083": {
							"post": [49.69, 0, 0],
							"lerp_mode": "catmullrom"
						},
						"0.9583": {
							"post": [-23.84, 0, 0],
							"lerp_mode": "catmullrom"
						},
						"1.2917": {
							"post": [-20.46, 0, 0],
							"lerp_mode": "catmullrom"
						},
						"1.4167": {
							"post": [25, 0, 0],
							"lerp_mode": "catmullrom"
						},
						"1.5417": {
							"post": [2.5, 0, 0],
							"lerp_mode": "catmullrom"
						},
						"1.875": {
							"post": [25, 0, 0],
							"lerp_mode": "catmullrom"
						}
					}
				},
				"leftleg": {
					"rotation": {
						"0.0": [20.88852, -16.41371, -6.15491],
						"0.2917": {
							"pre": [-46.81472, -9.18229, -8.51814],
							"post": [-46.81472, -9.18229, -8.51814],
							"lerp_mode": "catmullrom"
						},
						"0.4583": {
							"post": [-29.73446, -6.27483, -10.83269],
							"lerp_mode": "catmullrom"
						},
						"0.625": {
							"post": [-33.17405, -8.34114, -12.51145],
							"lerp_mode": "catmullrom"
						},
						"0.8333": {
							"post": [-46.52423, -9.13922, -8.56439],
							"lerp_mode": "catmullrom"
						},
						"1.125": {
							"post": [-7.66, 0, 0],
							"lerp_mode": "catmullrom"
						},
						"1.5": [20.88852, -16.41371, -6.15491]
					},
					"position": {
						"0.0": [0, -2, 0],
						"1.5": [0, -2, 0]
					}
				},
				"kneeleft2": {
					"rotation": [-12.5, 0, 0]
				},
				"foot2": {
					"rotation": {
						"0.0": {
							"post": [-7.36028, 1.1522, -0.27994],
							"lerp_mode": "catmullrom"
						},
						"1.4167": {
							"post": [-7.36028, 1.1522, -0.27994],
							"lerp_mode": "catmullrom"
						},
						"1.6667": {
							"post": [-7.36028, 1.1522, -0.27994],
							"lerp_mode": "catmullrom"
						}
					}
				},
				"legright2": {
					"rotation": {
						"0.0": {
							"post": [0, 0, 0],
							"lerp_mode": "catmullrom"
						},
						"0.25": {
							"post": [0, 0, 0],
							"lerp_mode": "catmullrom"
						},
						"0.75": {
							"post": [32.5, 0, 0],
							"lerp_mode": "catmullrom"
						},
						"1.0": {
							"post": [54.47, 0, 0],
							"lerp_mode": "catmullrom"
						},
						"1.2083": {
							"post": [-10.26, 0, 0],
							"lerp_mode": "catmullrom"
						},
						"1.4167": {
							"post": [0, 0, 0],
							"lerp_mode": "catmullrom"
						}
					}
				},
				"legleft": {
					"rotation": {
						"0.0": {
							"post": [0, 0, 0],
							"lerp_mode": "catmullrom"
						},
						"0.25": {
							"post": [0, 0, 0],
							"lerp_mode": "catmullrom"
						},
						"0.75": {
							"post": [32.5, 0, 0],
							"lerp_mode": "catmullrom"
						},
						"1.0": {
							"post": [60.46, 0, 0],
							"lerp_mode": "catmullrom"
						},
						"1.2083": {
							"post": [-10.34, 0, 0],
							"lerp_mode": "catmullrom"
						},
						"1.4167": {
							"post": [0, 0, 0],
							"lerp_mode": "catmullrom"
						}
					}
				},
				"legright": {
					"rotation": {
						"0.0": {
							"post": [18.29388, 16.66577, 5.41615],
							"lerp_mode": "catmullrom"
						},
						"0.5833": {
							"post": [-8.10416, 16.66577, 5.41615],
							"lerp_mode": "catmullrom"
						},
						"1.0": {
							"post": [-22.3819, 16.66577, 5.41615],
							"lerp_mode": "catmullrom"
						},
						"1.4167": {
							"post": [18.29388, 16.66577, 5.41615],
							"lerp_mode": "catmullrom"
						},
						"1.6667": {
							"post": [18.29388, 16.66577, 5.41615],
							"lerp_mode": "catmullrom"
						}
					},
					"position": {
						"0.0": {
							"post": [0, -2, 0],
							"lerp_mode": "catmullrom"
						},
						"1.4167": {
							"post": [0, -2, 0],
							"lerp_mode": "catmullrom"
						},
						"1.6667": {
							"post": [0, -2, 0],
							"lerp_mode": "catmullrom"
						}
					}
				},
				"kneeright": {
					"rotation": {
						"0.0": {
							"post": [-17.5, 0, 0],
							"lerp_mode": "catmullrom"
						},
						"0.2917": {
							"post": [-47.5, 0, 0],
							"lerp_mode": "catmullrom"
						},
						"0.625": {
							"post": [-34.09, 0, 0],
							"lerp_mode": "catmullrom"
						},
						"0.8333": {
							"post": [-47.21, 0, 0],
							"lerp_mode": "catmullrom"
						},
						"1.125": {
							"post": [-7.66, 0, 0],
							"lerp_mode": "catmullrom"
						},
						"1.4167": {
							"post": [-17.5, 0, 0],
							"lerp_mode": "catmullrom"
						},
						"1.6667": {
							"post": [-17.5, 0, 0],
							"lerp_mode": "catmullrom"
						}
					}
				}
			}
		},
		"animation.icelion_colt.special": {
			"animation_length": 2.375,
			"bones": {
				"body": {
					"rotation": {
						"0.0": {
							"post": [0, 0, 0],
							"lerp_mode": "catmullrom"
						},
						"2.375": {
							"post": [0, 0, 0],
							"lerp_mode": "catmullrom"
						}
					},
					"position": {
						"0.0": {
							"post": [0, 0, 0],
							"lerp_mode": "catmullrom"
						},
						"2.375": {
							"post": [0, 0, 0],
							"lerp_mode": "catmullrom"
						}
					}
				},
				"torso": {
					"rotation": {
						"0.0": {
							"post": [10, 0, 0],
							"lerp_mode": "catmullrom"
						},
						"1.0": {
							"post": [12.5, 0, 0],
							"lerp_mode": "catmullrom"
						},
						"1.0833": {
							"post": [5, 0, 0],
							"lerp_mode": "catmullrom"
						},
						"1.4167": {
							"post": [2.5, 0, 0],
							"lerp_mode": "catmullrom"
						},
						"1.5833": {
							"post": [12.5, 0, 0],
							"lerp_mode": "catmullrom"
						},
						"1.7917": {
							"post": [10, 0, 0],
							"lerp_mode": "catmullrom"
						},
						"2.375": {
							"post": [10, 0, 0],
							"lerp_mode": "catmullrom"
						}
					},
					"position": {
						"0.0": {
							"post": [0, 0, 0],
							"lerp_mode": "catmullrom"
						},
						"2.375": {
							"post": [0, 0, 0],
							"lerp_mode": "catmullrom"
						}
					}
				},
				"neck": {
					"rotation": {
						"0.0": {
							"post": [17.5, 0, 0],
							"lerp_mode": "catmullrom"
						},
						"0.375": {
							"post": [22.5, 0, 0],
							"lerp_mode": "catmullrom"
						},
						"0.75": {
							"post": [32.5, 0, 0],
							"lerp_mode": "catmullrom"
						},
						"1.2083": {
							"post": [25, 0, 0],
							"lerp_mode": "catmullrom"
						},
						"1.5417": {
							"post": [20, 0, 0],
							"lerp_mode": "catmullrom"
						},
						"1.7083": {
							"post": [27.5, 0, 0],
							"lerp_mode": "catmullrom"
						},
						"1.8333": {
							"post": [25, 0, 0],
							"lerp_mode": "catmullrom"
						},
						"2.0833": {
							"post": [17.5, 0, 0],
							"lerp_mode": "catmullrom"
						},
						"2.375": {
							"post": [17.5, 0, 0],
							"lerp_mode": "catmullrom"
						}
					}
				},
				"head": {
					"rotation": {
						"0.0": {
							"post": [-22.5, 0, 0],
							"lerp_mode": "catmullrom"
						},
						"0.2083": {
							"post": [-35, 0, 0],
							"lerp_mode": "catmullrom"
						},
						"0.375": {
							"post": [-30, 0, 0],
							"lerp_mode": "catmullrom"
						},
						"0.75": {
							"post": [-17.5, 0, 0],
							"lerp_mode": "catmullrom"
						},
						"1.0": {
							"post": [-17.5, 0, 0],
							"lerp_mode": "catmullrom"
						},
						"1.1667": {
							"post": [-35, 0, 0],
							"lerp_mode": "catmullrom"
						},
						"1.375": {
							"post": [-37.5, 0, 0],
							"lerp_mode": "catmullrom"
						},
						"1.75": {
							"post": [-20, 0, 0],
							"lerp_mode": "catmullrom"
						},
						"2.0417": {
							"post": [-22.5, 0, 0],
							"lerp_mode": "catmullrom"
						},
						"2.375": {
							"post": [-22.5, 0, 0],
							"lerp_mode": "catmullrom"
						}
					},
					"position": {
						"0.0": {
							"post": [0, 1, 0],
							"lerp_mode": "catmullrom"
						},
						"2.375": {
							"post": [0, 1, 0],
							"lerp_mode": "catmullrom"
						}
					}
				},
				"jaw": {
					"rotation": {
						"0.0": {
							"post": [20, 0, 0],
							"lerp_mode": "catmullrom"
						},
						"1.0": {
							"post": [2.5, 0, 0],
							"lerp_mode": "catmullrom"
						},
						"1.375": {
							"post": [60, 0, 0],
							"lerp_mode": "catmullrom"
						},
						"1.75": {
							"post": [57.5, 0, 0],
							"lerp_mode": "catmullrom"
						},
						"2.0833": {
							"post": [20, 0, 0],
							"lerp_mode": "catmullrom"
						},
						"2.375": {
							"post": [20, 0, 0],
							"lerp_mode": "catmullrom"
						}
					}
				},
				"ear": {
					"rotation": {
						"0.0": {
							"post": [0, 0, 50],
							"lerp_mode": "catmullrom"
						},
						"2.375": {
							"post": [0, 0, 50],
							"lerp_mode": "catmullrom"
						}
					}
				},
				"ear2": {
					"rotation": {
						"0.0": {
							"post": [0, 0, -47.5],
							"lerp_mode": "catmullrom"
						},
						"2.375": {
							"post": [0, 0, -47.5],
							"lerp_mode": "catmullrom"
						}
					}
				},
				"tail": {
					"rotation": {
						"0.0": {
							"post": [15, 0, 0],
							"lerp_mode": "catmullrom"
						},
						"0.2083": {
							"post": [7.52832, -4.95712, -0.65426],
							"lerp_mode": "catmullrom"
						},
						"0.5833": {
							"post": [22.5, 0, 0],
							"lerp_mode": "catmullrom"
						},
						"1.0417": {
							"post": [40.98084, 11.43563, 9.77243],
							"lerp_mode": "catmullrom"
						},
						"1.2917": {
							"post": [-5, 0, 0],
							"lerp_mode": "catmullrom"
						},
						"1.5": {
							"post": [17.5, 0, 0],
							"lerp_mode": "catmullrom"
						},
						"1.7083": {
							"post": [7.5, 0, 0],
							"lerp_mode": "catmullrom"
						},
						"2.0417": {
							"post": [15, 0, 0],
							"lerp_mode": "catmullrom"
						},
						"2.375": {
							"post": [15, 0, 0],
							"lerp_mode": "catmullrom"
						}
					}
				},
				"tail2": {
					"rotation": {
						"0.0": {
							"post": [22.5, 0, 0],
							"lerp_mode": "catmullrom"
						},
						"0.2083": {
							"post": [32.5, 0, 0],
							"lerp_mode": "catmullrom"
						},
						"0.4167": {
							"post": [7.5, 0, 0],
							"lerp_mode": "catmullrom"
						},
						"0.7083": {
							"post": [2.5, 0, 0],
							"lerp_mode": "catmullrom"
						},
						"0.875": {
							"post": [22.5, 0, 0],
							"lerp_mode": "catmullrom"
						},
						"1.25": {
							"post": [40, 0, 0],
							"lerp_mode": "catmullrom"
						},
						"1.4167": {
							"post": [2.5, 0, 0],
							"lerp_mode": "catmullrom"
						},
						"1.5417": {
							"post": [20, 0, 0],
							"lerp_mode": "catmullrom"
						},
						"1.8333": {
							"post": [10, 0, 0],
							"lerp_mode": "catmullrom"
						},
						"1.9583": {
							"post": [22.5, 0, 0],
							"lerp_mode": "catmullrom"
						},
						"2.375": {
							"post": [22.5, 0, 0],
							"lerp_mode": "catmullrom"
						}
					}
				},
				"tail3": {
					"rotation": {
						"0.0": {
							"post": [22.5, 0, 0],
							"lerp_mode": "catmullrom"
						},
						"0.3333": {
							"post": [35, 0, 0],
							"lerp_mode": "catmullrom"
						},
						"0.5417": {
							"post": [17.5, 0, 0],
							"lerp_mode": "catmullrom"
						},
						"0.9583": {
							"post": [0, 0, 0],
							"lerp_mode": "catmullrom"
						},
						"1.125": {
							"post": [32.5, 0, 0],
							"lerp_mode": "catmullrom"
						},
						"1.5": {
							"post": [-7.5, 0, 0],
							"lerp_mode": "catmullrom"
						},
						"1.7083": {
							"post": [35, 0, 0],
							"lerp_mode": "catmullrom"
						},
						"2.0": {
							"post": [15, 0, 0],
							"lerp_mode": "catmullrom"
						},
						"2.3333": {
							"post": [22.5, 0, 0],
							"lerp_mode": "catmullrom"
						},
						"2.375": {
							"post": [22.5, 0, 0],
							"lerp_mode": "catmullrom"
						}
					}
				},
				"tail4": {
					"rotation": {
						"0.0": {
							"post": [25, 0, 0],
							"lerp_mode": "catmullrom"
						},
						"0.3333": {
							"post": [10, 0, 0],
							"lerp_mode": "catmullrom"
						},
						"0.4583": {
							"post": [40, 0, 0],
							"lerp_mode": "catmullrom"
						},
						"0.6667": {
							"post": [27.5, 0, 0],
							"lerp_mode": "catmullrom"
						},
						"0.9167": {
							"post": [-25, 0, 0],
							"lerp_mode": "catmullrom"
						},
						"1.1667": {
							"post": [55, 0, 0],
							"lerp_mode": "catmullrom"
						},
						"1.4583": {
							"post": [-12.5, 0, 0],
							"lerp_mode": "catmullrom"
						},
						"1.7083": {
							"post": [40, 0, 0],
							"lerp_mode": "catmullrom"
						},
						"2.0": {
							"post": [22.5, 0, 0],
							"lerp_mode": "catmullrom"
						},
						"2.1667": {
							"post": [35, 0, 0],
							"lerp_mode": "catmullrom"
						},
						"2.3333": {
							"post": [25, 0, 0],
							"lerp_mode": "catmullrom"
						},
						"2.375": {
							"post": [25, 0, 0],
							"lerp_mode": "catmullrom"
						}
					}
				},
				"leftleg": {
					"rotation": {
						"0.0": [20.88852, -16.41371, -6.15491],
						"2.375": [20.88852, -16.41371, -6.15491]
					},
					"position": {
						"0.0": [0, -2, 0],
						"2.375": [0, -2, 0]
					}
				},
				"kneeleft2": {
					"rotation": {
						"0.0": [-12.5, 0, 0],
						"2.375": [-12.5, 0, 0]
					}
				},
				"foot2": {
					"rotation": {
						"0.0": {
							"post": [-7.36028, 1.1522, -0.27994],
							"lerp_mode": "catmullrom"
						},
						"2.375": {
							"post": [-7.36028, 1.1522, -0.27994],
							"lerp_mode": "catmullrom"
						}
					}
				},
				"legright2": {
					"rotation": {
						"0.0": {
							"post": [0, 0, 0],
							"lerp_mode": "catmullrom"
						},
						"2.375": {
							"post": [0, 0, 0],
							"lerp_mode": "catmullrom"
						}
					}
				},
				"legleft": {
					"rotation": {
						"0.0": {
							"post": [0, 0, 0],
							"lerp_mode": "catmullrom"
						},
						"2.375": {
							"post": [0, 0, 0],
							"lerp_mode": "catmullrom"
						}
					}
				},
				"legright": {
					"rotation": {
						"0.0": {
							"post": [18.29388, 16.66577, 5.41615],
							"lerp_mode": "catmullrom"
						},
						"2.375": {
							"post": [18.29388, 16.66577, 5.41615],
							"lerp_mode": "catmullrom"
						}
					},
					"position": {
						"0.0": {
							"post": [0, -2, 0],
							"lerp_mode": "catmullrom"
						},
						"2.375": {
							"post": [0, -2, 0],
							"lerp_mode": "catmullrom"
						}
					}
				},
				"kneeright": {
					"rotation": {
						"0.0": {
							"post": [-17.5, 0, 0],
							"lerp_mode": "catmullrom"
						},
						"2.375": {
							"post": [-17.5, 0, 0],
							"lerp_mode": "catmullrom"
						}
					}
				}
			}
		},
		"animation.icelion_colt.status": {
			"animation_length": 2.4583,
			"bones": {
				"body": {
					"rotation": {
						"0.0": {
							"post": [0, 0, 0],
							"lerp_mode": "catmullrom"
						}
					},
					"position": {
						"0.0": {
							"post": [0, 0, 0],
							"lerp_mode": "catmullrom"
						}
					}
				},
				"torso": {
					"rotation": {
						"0.0": {
							"post": [10, 0, 0],
							"lerp_mode": "catmullrom"
						},
						"0.9583": {
							"post": [15, 0, 0],
							"lerp_mode": "catmullrom"
						},
						"1.25": {
							"post": [-2.5, 0, 0],
							"lerp_mode": "catmullrom"
						},
						"1.5417": {
							"post": [-5, 0, 0],
							"lerp_mode": "catmullrom"
						},
						"1.9167": {
							"post": [10, 0, 0],
							"lerp_mode": "catmullrom"
						}
					},
					"position": {
						"0.0": {
							"post": [0, 0, 0],
							"lerp_mode": "catmullrom"
						},
						"0.1667": {
							"post": [0, 1, 0],
							"lerp_mode": "catmullrom"
						},
						"0.8333": {
							"post": [0, 2, 0],
							"lerp_mode": "catmullrom"
						},
						"1.9167": {
							"post": [0, 0, 0],
							"lerp_mode": "catmullrom"
						}
					}
				},
				"neck": {
					"rotation": {
						"0.0": {
							"post": [17.5, 0, 0],
							"lerp_mode": "catmullrom"
						},
						"0.2083": {
							"post": [22.5, 0, 0],
							"lerp_mode": "catmullrom"
						},
						"0.5": {
							"post": [31.66, 0, 0],
							"lerp_mode": "catmullrom"
						},
						"1.0417": {
							"post": [8.9, 0, 0],
							"lerp_mode": "catmullrom"
						},
						"1.3333": {
							"post": [-0.93, 0, 0],
							"lerp_mode": "catmullrom"
						},
						"1.9167": {
							"post": [17.5, 0, 0],
							"lerp_mode": "catmullrom"
						},
						"2.0417": {
							"post": [25, 0, 0],
							"lerp_mode": "catmullrom"
						},
						"2.4583": {
							"post": [17.5, 0, 0],
							"lerp_mode": "catmullrom"
						}
					}
				},
				"head": {
					"rotation": {
						"0.0": {
							"post": [-22.5, 0, 0],
							"lerp_mode": "catmullrom"
						},
						"0.375": {
							"post": [-5, 0, 0],
							"lerp_mode": "catmullrom"
						},
						"0.75": {
							"post": [-6.93, 0, 0],
							"lerp_mode": "catmullrom"
						},
						"1.1667": {
							"post": [-25.01, 0, 0],
							"lerp_mode": "catmullrom"
						},
						"1.2083": {
							"post": [-26.16508, -1.10296, -2.24368],
							"lerp_mode": "catmullrom"
						},
						"1.25": {
							"post": [-26.57142, 1.17476, 2.30891],
							"lerp_mode": "catmullrom"
						},
						"1.2917": {
							"post": [-26.98885, -1.09225, -2.1363],
							"lerp_mode": "catmullrom"
						},
						"1.3333": {
							"post": [-27.45402, 1.21455, 2.30011],
							"lerp_mode": "catmullrom"
						},
						"1.375": {
							"post": [-28.0039, -1.17124, -2.17985],
							"lerp_mode": "catmullrom"
						},
						"1.4167": {
							"post": [-28.65914, 1.29837, 2.33491],
							"lerp_mode": "catmullrom"
						},
						"1.4583": {
							"post": [-29.47069, -1.36486, -2.37499],
							"lerp_mode": "catmullrom"
						},
						"1.5": {
							"post": [-30.38904, 1.68284, 2.83026],
							"lerp_mode": "catmullrom"
						},
						"1.5417": {
							"post": [-28.77, 0, 0],
							"lerp_mode": "catmullrom"
						},
						"1.8333": {
							"post": [-8.78, 0, 0],
							"lerp_mode": "catmullrom"
						},
						"2.3333": {
							"post": [-22.5, 0, 0],
							"lerp_mode": "catmullrom"
						}
					},
					"position": {
						"0.0": {
							"post": [0, 1, 0],
							"lerp_mode": "catmullrom"
						},
						"1.9167": {
							"post": [0, 1, 0],
							"lerp_mode": "catmullrom"
						}
					}
				},
				"jaw": {
					"rotation": {
						"0.0": {
							"post": [20, 0, 0],
							"lerp_mode": "catmullrom"
						},
						"0.375": {
							"post": [0, 0, 0],
							"lerp_mode": "catmullrom"
						},
						"1.25": {
							"post": [82.82, 0, 0],
							"lerp_mode": "catmullrom"
						},
						"1.9167": {
							"post": [20, 0, 0],
							"lerp_mode": "catmullrom"
						}
					}
				},
				"ear": {
					"rotation": {
						"0.0": {
							"post": [0, 0, 50],
							"lerp_mode": "catmullrom"
						},
						"1.9167": {
							"post": [0, 0, 50],
							"lerp_mode": "catmullrom"
						}
					}
				},
				"ear2": {
					"rotation": {
						"0.0": {
							"post": [0, 0, -47.5],
							"lerp_mode": "catmullrom"
						},
						"1.9167": {
							"post": [0, 0, -47.5],
							"lerp_mode": "catmullrom"
						}
					}
				},
				"tail": {
					"rotation": {
						"0.0": {
							"post": [15, 0, 0],
							"lerp_mode": "catmullrom"
						},
						"0.3333": {
							"post": [-15, 0, 0],
							"lerp_mode": "catmullrom"
						},
						"0.75": {
							"post": [-12.14, 0, 0],
							"lerp_mode": "catmullrom"
						},
						"1.5833": {
							"post": [39.48, 0, 0],
							"lerp_mode": "catmullrom"
						},
						"1.75": {
							"post": [27.8, 0, 0],
							"lerp_mode": "catmullrom"
						},
						"1.9167": {
							"post": [7.5, 0, 0],
							"lerp_mode": "catmullrom"
						},
						"2.1667": {
							"post": [15, 0, 0],
							"lerp_mode": "catmullrom"
						}
					}
				},
				"tail2": {
					"rotation": {
						"0.0": {
							"post": [22.5, 0, 0],
							"lerp_mode": "catmullrom"
						},
						"0.25": {
							"post": [35, 0, 0],
							"lerp_mode": "catmullrom"
						},
						"0.5417": {
							"post": [-14.7, 0, 0],
							"lerp_mode": "catmullrom"
						},
						"0.9583": {
							"post": [-8.68, 0, 0],
							"lerp_mode": "catmullrom"
						},
						"1.25": {
							"post": [36.43, 0, 0],
							"lerp_mode": "catmullrom"
						},
						"1.6667": {
							"post": [30.17, 0, 0],
							"lerp_mode": "catmullrom"
						},
						"1.9167": {
							"post": [22.5, 0, 0],
							"lerp_mode": "catmullrom"
						},
						"2.2917": {
							"post": [22.5, 0, 0],
							"lerp_mode": "catmullrom"
						}
					}
				},
				"tail3": {
					"rotation": {
						"0.0": {
							"post": [22.5, 0, 0],
							"lerp_mode": "catmullrom"
						},
						"0.25": {
							"post": [37.5, 0, 0],
							"lerp_mode": "catmullrom"
						},
						"0.5417": {
							"post": [5, 0, 0],
							"lerp_mode": "catmullrom"
						},
						"0.8333": {
							"post": [-22.5, 0, 0],
							"lerp_mode": "catmullrom"
						},
						"1.2083": {
							"post": [-25, 0, 0],
							"lerp_mode": "catmullrom"
						},
						"1.4167": {
							"post": [42.5, 0, 0],
							"lerp_mode": "catmullrom"
						},
						"1.8333": {
							"post": [52.5, 0, 0],
							"lerp_mode": "catmullrom"
						},
						"2.1667": {
							"post": [10, 0, 0],
							"lerp_mode": "catmullrom"
						},
						"2.4583": {
							"post": [22.5, 0, 0],
							"lerp_mode": "catmullrom"
						}
					}
				},
				"tail4": {
					"rotation": {
						"0.0": {
							"post": [25, 0, 0],
							"lerp_mode": "catmullrom"
						}
					}
				},
				"leftleg": {
					"rotation": {
						"0.0": {
							"post": [20.88852, -16.41371, -6.15491],
							"lerp_mode": "catmullrom"
						}
					},
					"position": {
						"0.0": {
							"post": [0, -2, 0],
							"lerp_mode": "catmullrom"
						}
					}
				},
				"kneeleft2": {
					"rotation": {
						"0.0": {
							"post": [-12.5, 0, 0],
							"lerp_mode": "catmullrom"
						}
					}
				},
				"foot2": {
					"rotation": {
						"0.0": {
							"post": [-7.36028, 1.1522, -0.27994],
							"lerp_mode": "catmullrom"
						}
					}
				},
				"legright2": {
					"rotation": {
						"0.0": {
							"post": [0, 0, 0],
							"lerp_mode": "catmullrom"
						}
					}
				},
				"legleft": {
					"rotation": {
						"0.0": {
							"post": [0, 0, 0],
							"lerp_mode": "catmullrom"
						}
					}
				},
				"legright": {
					"rotation": {
						"0.0": {
							"post": [18.29388, 16.66577, 5.41615],
							"lerp_mode": "catmullrom"
						}
					},
					"position": {
						"0.0": {
							"post": [0, -2, 0],
							"lerp_mode": "catmullrom"
						}
					}
				},
				"kneeright": {
					"rotation": {
						"0.0": {
							"post": [-17.5, 0, 0],
							"lerp_mode": "catmullrom"
						}
					}
				},
				"eyes": {
					"scale": {
						"0.0": [1, 1, 1],
						"0.125": [1, 1, 1],
						"0.1667": [0.9, 1, 0.9],
						"1.125": [0.9, 1, 0.9],
						"1.1667": [1, 1, 1]
					}
				}
			}
		},
		"animation.icelion_colt.recoil": {
			"animation_length": 0.375,
			"bones": {
				"head": {
					"rotation": {
						"0.0": {
							"post": [0, 0, 0],
							"lerp_mode": "catmullrom"
						},
						"0.0833": {
							"post": [-28.91222, 0, -12.44692],
							"lerp_mode": "catmullrom"
						},
						"0.1667": {
							"post": [21.08778, 0, -12.44692],
							"lerp_mode": "catmullrom"
						},
						"0.2917": {
							"post": [0, 0, 0],
							"lerp_mode": "catmullrom"
						}
					}
				},
				"eyes": {
					"scale": {
						"0.0": [1, 1, 1],
						"0.0417": [0.9, 1, 0.9],
						"0.25": [0.9, 1, 0.9],
						"0.2917": [1, 1, 1]
					}
				}
			}
		},
		"animation.icelion_colt.blink": {
			"animation_length": 0.2083,
			"bones": {
				"eyes": {
					"scale": {
						"0.0": [1, 1, 1],
						"0.0417": [0.7, 1, 0.9],
						"0.1667": [0.7, 1, 0.9],
						"0.2083": [0.7, 1, 0.9]
					}
				}
			}
		},
		"animation.icelion_colt.sleep": {
			"loop": true,
			"bones": {
				"body": {
					"position": [0, -12, 0]
				},
				"head": {
					"rotation": [12.5, 0, 0]
				},
				"tail": {
					"rotation": [-17.38656, 1.99153, 0.03425]
				},
				"tail2": {
					"rotation": [-5, 0, 0]
				},
				"tail3": {
					"rotation": [7.5, 0, 0]
				},
				"tail4": {
					"rotation": [12.5, 0, 0]
				},
				"leftleg": {
					"rotation": [-81.88997, -22.29711, -3.09472]
				},
				"legright2": {
					"rotation": [87.5, 0, 0]
				},
				"legleft": {
					"rotation": [87.5, 0, 0]
				},
				"foot3": {
					"rotation": [22.5, 0, 0]
				},
				"legright": {
					"rotation": [-76.72537, 19.50645, 4.50432]
				},
				"eyes": {
					"scale": [0.9, 1, 0.9]
				}
			}
		},
		"animation.icelion_colt.cry": {
			"animation_length": 1.25,
			"bones": {
				"head": {
					"rotation": {
						"0.0": {
							"post": [0, 0, 0],
							"lerp_mode": "catmullrom"
						},
						"0.2083": {
							"post": [15, 0, 0],
							"lerp_mode": "catmullrom"
						},
						"0.5833": {
							"post": [10.63, 0, 0],
							"lerp_mode": "catmullrom"
						},
						"0.875": {
							"post": [-15, 0, 0],
							"lerp_mode": "catmullrom"
						},
						"1.0417": {
							"post": [-17.5, 0, 0],
							"lerp_mode": "catmullrom"
						},
						"1.1667": {
							"post": [0.5, 0, 0],
							"lerp_mode": "catmullrom"
						},
						"1.25": {
							"post": [0, 0, 0],
							"lerp_mode": "catmullrom"
						}
					}
				},
				"jaw": {
					"rotation": {
						"0.0": [0, 0, 0],
						"0.2083": [20, 0, 0],
						"0.625": [47.5, 0, 0],
						"0.9583": [32.5, 0, 0],
						"1.25": [0, 0, 0]
					}
				}
			},
			"sound_effects": {
				"0.0": {
					"effect": "icelion_colt.cry"
				}
			}
		}
	}
}