{
	"format_version": "1.12.0",
	"minecraft:geometry": [
		{
			"description": {
				"identifier": "geometry.tigershark_pup",
				"texture_width": 128,
				"texture_height": 128,
				"visible_bounds_width": 7,
				"visible_bounds_height": 4.5,
				"visible_bounds_offset": [0, 1.75, 0]
			},
			"bones": [
				{
					"name": "tigershark",
					"pivot": [0, 0, 0]
				},
				{
					"name": "body",
					"parent": "tigershark",
					"pivot": [0, 0, 0]
				},
				{
					"name": "leftbackleg",
					"parent": "body",
					"pivot": [3.77019, 14.46409, 7.18946],
					"cubes": [
						{"origin": [-3.86054, 5.67898, 0.67205], "size": [8, 4, 5], "pivot": [3.63946, 7.36207, 5.29437], "rotation": [5, 30, 90], "uv": [102, 0]}
					]
				},
				{
					"name": "leftbackknee",
					"parent": "leftbackleg",
					"pivot": [3.68304, 8.70657, 1.44713],
					"cubes": [
						{"origin": [1.13946, 6.67898, 1.67205], "size": [7, 4, 5], "pivot": [3.63946, 8.36207, 7.29437], "rotation": [5, -12.5, 90], "uv": [0, 38]}
					]
				},
				{
					"name": "leftbackankle",
					"parent": "leftbackknee",
					"pivot": [3.68304, 3.30183, 7.04073],
					"cubes": [
						{"origin": [1.13946, -0.65096, 2.45738], "size": [3, 4, 5], "inflate": 0.01, "pivot": [3.63946, 1.03213, 8.07969], "rotation": [5, 5, 90], "uv": [47, 77]}
					]
				},
				{
					"name": "leftbackpaw",
					"parent": "leftbackankle",
					"pivot": [3.52623, 0.6501, 3.25956],
					"cubes": [
						{"origin": [8.13946, 4.67898, 3.27205], "size": [2, 4, 4], "pivot": [3.63946, 6.36207, 7.89437], "rotation": [5, -2.5, 90], "uv": [78, 54]},
						{"origin": [8.13946, 7.67898, 1.27205], "size": [2, 1, 2], "pivot": [3.63946, 6.36207, 7.89437], "rotation": [5, -2.5, 90], "uv": [16, 14]},
						{"origin": [5.13946, 7.67898, 1.47205], "size": [2, 1, 2], "pivot": [0.63946, 6.36207, 8.09437], "rotation": [5, -2.5, 90], "uv": [8, 14]},
						{"origin": [6.63946, 7.67898, 1.47205], "size": [2, 1, 2], "pivot": [2.13946, 6.36207, 8.09437], "rotation": [5, -2.5, 90], "uv": [24, 14]}
					]
				},
				{
					"name": "rightfrontleg",
					"parent": "body",
					"pivot": [-3.77019, 10.86207, -3.8475],
					"cubes": [
						{"origin": [-2.13946, 4.67898, -6.32795], "size": [4, 4, 5], "pivot": [-3.63946, 6.36207, -1.70563], "rotation": [5, 0, -90], "uv": [18, 73]}
					]
				},
				{
					"name": "rightfrontknee",
					"parent": "rightfrontleg",
					"pivot": [-3.77019, 7.86207, -1.8475],
					"cubes": [
						{"origin": [-4.13946, 0.67898, -6.32795], "size": [6, 4, 5], "pivot": [-3.63946, 2.36207, -1.70563], "rotation": [5, 0, -90], "uv": [69, 45], "mirror": true}
					]
				},
				{
					"name": "rightfrontpaw",
					"parent": "rightfrontknee",
					"pivot": [-3.56981, 1.86207, -6.06199],
					"cubes": [
						{"origin": [-10.13946, 4.67898, -6.32795], "size": [2, 4, 5], "pivot": [-3.63946, 6.36207, -1.70563], "rotation": [5, 0, -90], "uv": [77, 80]},
						{"origin": [-7.13946, 7.67898, -7.02795], "size": [2, 1, 1], "pivot": [-0.63946, 6.36207, -1.40563], "rotation": [5, 0, -90], "uv": [34, 6]},
						{"origin": [-8.63946, 7.67898, -7.12795], "size": [2, 1, 1], "pivot": [-2.13946, 6.36207, -1.50563], "rotation": [5, 0, -90], "uv": [34, 4]},
						{"origin": [-10.13946, 7.67898, -7.32795], "size": [2, 1, 1], "pivot": [-3.63946, 6.36207, -1.70563], "rotation": [5, 0, -90], "uv": [19, 38]}
					]
				},
				{
					"name": "rightbackleg",
					"parent": "body",
					"pivot": [-3.77019, 15.46409, 6.18946],
					"cubes": [
						{"origin": [-4.13946, 5.67898, 0.67205], "size": [8, 4, 5], "pivot": [-3.63946, 7.36207, 5.29437], "rotation": [5, -30, -90], "uv": [102, 0], "mirror": true}
					]
				},
				{
					"name": "rightbackknee",
					"parent": "rightbackleg",
					"pivot": [-3.68304, 9.70657, 1.44713],
					"cubes": [
						{"origin": [-8.13946, 6.67898, 1.67205], "size": [7, 4, 5], "pivot": [-3.63946, 8.36207, 7.29437], "rotation": [5, 12.5, -90], "uv": [64, 0]}
					]
				},
				{
					"name": "rightbackancle",
					"parent": "rightbackknee",
					"pivot": [-3.68304, 3.30183, 7.04073],
					"cubes": [
						{"origin": [-4.13946, -0.65096, 2.45738], "size": [3, 4, 5], "inflate": 0.01, "pivot": [-3.63946, 1.03213, 8.07969], "rotation": [5, -5, -90], "uv": [31, 77]}
					]
				},
				{
					"name": "rightbackpaw",
					"parent": "rightbackancle",
					"pivot": [-3.52623, 1.6501, 3.25956],
					"cubes": [
						{"origin": [-10.13946, 7.67898, 1.27205], "size": [2, 1, 2], "pivot": [-3.63946, 6.36207, 7.89437], "rotation": [5, 2.5, -90], "uv": [0, 3]},
						{"origin": [-10.13946, 4.67898, 3.27205], "size": [2, 4, 4], "pivot": [-3.63946, 6.36207, 7.89437], "rotation": [5, 2.5, -90], "uv": [26, 57]},
						{"origin": [-8.63946, 7.67898, 1.47205], "size": [2, 1, 2], "pivot": [-2.13946, 6.36207, 8.09437], "rotation": [5, 2.5, -90], "uv": [0, 14]},
						{"origin": [-7.13946, 7.67898, 1.47205], "size": [2, 1, 2], "pivot": [-0.63946, 6.36207, 8.09437], "rotation": [5, 2.5, -90], "uv": [0, 0]}
					]
				},
				{
					"name": "leftfrontleg",
					"parent": "body",
					"pivot": [3.77019, 10.86207, -3.8475],
					"cubes": [
						{"origin": [-1.86054, 4.67898, -6.32795], "size": [4, 4, 5], "pivot": [3.63946, 6.36207, -1.70563], "rotation": [5, 0, 90], "uv": [0, 73]}
					]
				},
				{
					"name": "leftfrontknee",
					"parent": "leftfrontleg",
					"pivot": [3.77019, 7.86207, -1.8475],
					"cubes": [
						{"origin": [-1.86054, 0.67898, -6.32795], "size": [6, 4, 5], "pivot": [3.63946, 2.36207, -1.70563], "rotation": [5, 0, 90], "uv": [69, 45]}
					]
				},
				{
					"name": "leftrontpaw",
					"parent": "leftfrontknee",
					"pivot": [3.56981, 1.86207, -6.06199],
					"cubes": [
						{"origin": [8.13946, 4.67898, -6.32795], "size": [2, 4, 5], "pivot": [3.63946, 6.36207, -1.70563], "rotation": [5, 0, 90], "uv": [77, 80], "mirror": true},
						{"origin": [5.13946, 7.67898, -7.02795], "size": [2, 1, 1], "pivot": [0.63946, 6.36207, -1.40563], "rotation": [5, 0, 90], "uv": [0, 6]},
						{"origin": [6.63946, 7.67898, -7.12795], "size": [2, 1, 1], "pivot": [2.13946, 6.36207, -1.50563], "rotation": [5, 0, 90], "uv": [34, 2]},
						{"origin": [8.13946, 7.67898, -7.32795], "size": [2, 1, 1], "pivot": [3.63946, 6.36207, -1.70563], "rotation": [5, 0, 90], "uv": [34, 0]}
					]
				},
				{
					"name": "torso",
					"parent": "body",
					"pivot": [-0.03604, 14.39239, -0.17595],
					"cubes": [
						{"origin": [-5.53604, 9.68076, -0.70102], "size": [11, 9, 8], "pivot": [-0.03604, 14.36384, -0.32334], "rotation": [-5, 0, 0], "uv": [26, 30]},
						{"origin": [-0.03604, 17.68076, -2.94565], "size": [0, 6, 6], "pivot": [0.46396, 13.36384, 5.67666], "rotation": [-2.5, 0, 0], "uv": [34, 17]}
					]
				},
				{
					"name": "tail",
					"parent": "torso",
					"pivot": [-0.03604, 14.68632, 6.4995],
					"cubes": [
						{"origin": [-4.53604, 8.65469, 6.33806], "size": [9, 8, 8], "pivot": [-0.03604, 12.33778, -1.28426], "rotation": [10, 0, 0], "uv": [0, 57]},
						{"origin": [-0.03604, 18.68076, 7.05435], "size": [0, 5, 5], "pivot": [0.46396, 13.36384, 14.67666], "rotation": [5, 0, 0], "uv": [46, 18]}
					]
				},
				{
					"name": "tail2",
					"parent": "tail",
					"pivot": [-0.01201, 15.72446, 14.55311],
					"cubes": [
						{"origin": [-3.53604, 9.37838, 14.67641], "size": [7, 7, 8], "pivot": [0.96396, 11.06147, 7.05409], "rotation": [22.5, 0, 0], "uv": [34, 62]},
						{"origin": [-6.00541, 6.29825, 19.52417], "size": [0, 3, 2], "pivot": [-1.50541, 10.98133, 7.90185], "rotation": [22.5, 0, 32.5], "uv": [55, 39]},
						{"origin": [6.00541, 6.29825, 19.52417], "size": [0, 3, 2], "pivot": [1.50541, 10.98133, 7.90185], "rotation": [22.5, 0, -32.5], "uv": [55, 39], "mirror": true}
					]
				},
				{
					"name": "tail3",
					"parent": "tail2",
					"pivot": [-0.03604, 19.29457, 20.38948],
					"cubes": [
						{"origin": [-2.53604, 11.91022, 23.29937], "size": [5, 5, 6], "pivot": [0.96396, 11.5933, 15.67705], "rotation": [37.5, 0, 0], "uv": [64, 34]}
					]
				},
				{
					"name": "fin",
					"parent": "tail3",
					"pivot": [-0.03604, 22.01194, 23.94869],
					"cubes": [
						{"origin": [-0.03604, 8.91022, 25.29937], "size": [0, 21, 17], "pivot": [0.46396, 14.5933, 19.67705], "rotation": [37.5, 0, 0], "uv": [0, 0]}
					]
				},
				{
					"name": "torso2",
					"parent": "torso",
					"pivot": [-0.03604, 14.97265, 0.30654],
					"cubes": [
						{"origin": [-5.53604, 9.68076, -7.94565], "size": [11, 9, 8], "inflate": 0.01, "pivot": [-0.03604, 14.36384, -0.32334], "rotation": [5, 0, 0], "uv": [34, 6]},
						{"origin": [-0.03604, 18.68076, -9.94565], "size": [0, 4, 6], "pivot": [0.46396, 14.36384, -0.32334], "rotation": [5, 0, 0], "uv": [34, 41]}
					]
				},
				{
					"name": "head",
					"parent": "torso2",
					"pivot": [-0.00901, 14.52323, -8.29581],
					"cubes": [
						{"origin": [-6.53604, 11.5, -14.69289], "size": [13, 6, 8], "inflate": 0.02, "pivot": [-0.01802, 12.5, -12.69289], "rotation": [5, 0, 0], "uv": [0, 0]},
						{"origin": [-5.91949, 11.5, -18.61985], "size": [9, 6, 9], "pivot": [-0.01802, 12.5, -12.69289], "rotation": [7.05323, -44.78238, -4.98107], "uv": [42, 47]},
						{"origin": [-5.91949, 10.5, -18.61985], "size": [0, 1, 9], "pivot": [-0.01802, 12.5, -12.69289], "rotation": [7.05323, -44.78238, -4.98107], "uv": [0, 117]},
						{"origin": [5.91949, 10.5, -18.61985], "size": [0, 1, 9], "pivot": [0.01802, 12.5, -12.69289], "rotation": [7.05323, 44.78238, 4.98107], "uv": [0, 117], "mirror": true}
					]
				},
				{
					"name": "eyelids",
					"parent": "head",
					"pivot": [-0.025, 13.81734, -14.84623],
					"cubes": [
						{"origin": [-6.56396, 12.5, -14.69289], "size": [0, 3, 2], "inflate": 0.03, "pivot": [-0.08198, 12.5, -12.69289], "rotation": [5, 0, 0], "uv": [93, -2], "mirror": true},
						{"origin": [-5.91949, 12.5, -12.61985], "size": [0, 3, 3], "inflate": 0.2, "pivot": [-0.01802, 12.5, -12.69289], "rotation": [7.05323, -44.78238, -4.98107], "uv": [122, 12]},
						{"origin": [5.91949, 12.5, -12.61985], "size": [0, 3, 3], "inflate": 0.2, "pivot": [0.01802, 12.5, -12.69289], "rotation": [7.05323, 44.78238, 4.98107], "uv": [122, 12], "mirror": true},
						{"origin": [6.46396, 12.5, -14.69289], "size": [0, 3, 2], "inflate": 0.03, "pivot": [-0.01802, 12.5, -12.69289], "rotation": [5, 0, 0], "uv": [93, -2]}
					]
				},
				{
					"name": "jaw",
					"parent": "head",
					"pivot": [-0.00901, 11.55226, -8.08008],
					"cubes": [
						{"origin": [-9.5032, 9.94719, -17.02925], "size": [9, 2, 9], "pivot": [-0.01802, 11.50761, -7.51858], "rotation": [42.01738, -36.6102, -28.24912], "uv": [56, 23]},
						{"origin": [-9.5032, 11.94719, -17.02925], "size": [0, 1, 9], "pivot": [-0.01802, 11.50761, -7.51858], "rotation": [42.01738, -36.6102, -28.24912], "uv": [0, 117]},
						{"origin": [9.5032, 11.94719, -17.02925], "size": [0, 1, 9], "pivot": [0.01802, 11.50761, -7.51858], "rotation": [42.01738, 36.6102, 28.24912], "uv": [0, 117], "mirror": true},
						{"origin": [-6.53604, 9.94719, -14.58671], "size": [13, 2, 8], "inflate": 0.01, "pivot": [-0.01802, 11.50761, -7.51858], "rotation": [32.5, 0, 0], "uv": [0, 47]}
					]
				}
			]
		}
	]
}