{
	"format_version": "1.8.0",
	"animations": {
		"animation.silestone.ground_idle": {
			"loop": true,
			"animation_length": 4,
			"bones": {
				"waist": {
					"rotation": {
						"0.0": [0, 0, 0],
						"1.0": [2.5, 0, 0],
						"2.0": [0, 0, 0],
						"3.0": [2.5, 0, 0],
						"4.0": [0, 0, 0]
					}
				},
				"tail1": {
					"rotation": {
						"0.0": [0, 0, 0],
						"1.0": [0, 5, 0],
						"2.0": [0, 0, 0],
						"3.0": [0, -5, 0],
						"4.0": [0, 0, 0]
					}
				},
				"tail2": {
					"rotation": {
						"0.0": [0, 0, 0],
						"1.0": [0, 5, 0],
						"2.0": [0, 0, 0],
						"3.0": [0, -5, 0],
						"4.0": [0, 0, 0]
					},
					"position": {
						"0.0": [0, 0, 0],
						"1.0": [0, 0, -0.1],
						"2.0": [0, 0, 0],
						"3.0": [0, 0, -0.1],
						"4.0": [0, 0, 0]
					}
				},
				"tail3": {
					"rotation": {
						"0.0": [0, 0, 0],
						"1.0": [0, 5, 0],
						"2.0": [0, 0, 0],
						"3.0": [0, -5, 0],
						"4.0": [0, 0, 0]
					},
					"position": {
						"0.0": [0, 0, 0],
						"2.0": [0, 0, 0],
						"4.0": [0, 0, 0]
					}
				},
				"neck": {
					"rotation": {
						"0.0": [0, 0, 0],
						"1.0": [-5, 0, 0],
						"2.0": [0, 0, 0],
						"3.0": [-5, 0, 0],
						"4.0": [0, 0, 0]
					}
				},
				"head": {
					"rotation": {
						"0.0": [0, 0, 0],
						"1.0": [5, 0, 0],
						"2.0": [0, 0, 0],
						"3.0": [5, 0, 0],
						"4.0": [0, 0, 0]
					}
				}
			}
		},
		"animation.silestone.ground_walk": {
			"loop": true,
			"animation_length": 2,
			"bones": {
				"waist": {
					"rotation": {
						"0.0": [0, 0, 0],
						"0.5": [-2.5, 0, 0],
						"1.0": [0, 0, 0],
						"1.5": [-2.5, 0, 0],
						"2.0": [0, 0, 0]
					}
				},
				"tail1": {
					"rotation": {
						"0.0": [0, 0, 0],
						"0.5": [0, 5, 0],
						"1.0": [0, 0, 0],
						"1.5": [0, -5, 0],
						"2.0": [0, 0, 0]
					}
				},
				"tail2": {
					"rotation": {
						"0.0": [0, 0, 0],
						"0.5": [0, 5, 0],
						"1.0": [0, 0, 0],
						"1.5": [0, -5, 0],
						"2.0": [0, 0, 0]
					},
					"position": {
						"0.0": [0, 0, 0],
						"0.5": [0, 0, -0.1],
						"1.0": [0, 0, 0],
						"1.5": [0, 0, -0.1],
						"2.0": [0, 0, 0]
					}
				},
				"tail3": {
					"rotation": {
						"0.0": [0, 0, 0],
						"0.5": [0, 5, 0],
						"1.0": [0, 0, 0],
						"1.5": [0, -5, 0],
						"2.0": [0, 0, 0]
					},
					"position": {
						"0.0": [0, 0, 0],
						"1.0": [0, 0, 0],
						"2.0": [0, 0, 0]
					}
				},
				"neck": {
					"rotation": {
						"0.0": [0, 0, 0],
						"0.5": [-2.5, 0, 0],
						"1.0": [0, 0, 0],
						"1.5": [-2.5, 0, 0],
						"2.0": [0, 0, 0]
					}
				},
				"head": {
					"rotation": {
						"0.0": [0, 0, 0],
						"0.5": [5, 0, 0],
						"1.0": [0, 0, 0],
						"1.5": [5, 0, 0],
						"2.0": [0, 0, 0]
					}
				},
				"leg_front_left1": {
					"rotation": {
						"0.0": [10, 0, 0],
						"1.0": [-10, 0, 0],
						"2.0": [10, 0, 0]
					},
					"position": {
						"0.0": [0, -1, 0],
						"0.5": [0, 0, 0],
						"1.0": [0, -1, 0],
						"2.0": [0, -1, 0]
					}
				},
				"leg_front_left2": {
					"rotation": {
						"0.0": [-10, 0, 0],
						"1.0": [10, 0, 0],
						"2.0": [-10, 0, 0]
					},
					"position": {
						"0.0": [0, 1, 0],
						"1.0": [0, 1, 0],
						"2.0": [0, 1, 0]
					}
				},
				"leg_front_right1": {
					"rotation": {
						"0.0": [-10, 0, 0],
						"1.0": [10, 0, 0],
						"2.0": [-10, 0, 0]
					},
					"position": {
						"0.0": [0, -1, 0],
						"1.0": [0, -1, 0],
						"1.5": [0, 0, 0],
						"2.0": [0, -1, 0]
					}
				},
				"leg_front_right2": {
					"rotation": {
						"0.0": [10, 0, 0],
						"1.0": [-10, 0, 0],
						"2.0": [10, 0, 0]
					},
					"position": {
						"0.0": [0, 1, 0],
						"1.0": [0, 1, 0],
						"2.0": [0, 1, 0]
					}
				},
				"leg_back_right1": {
					"rotation": {
						"0.0": [10, 0, 0],
						"1.0": [-10, 0, 0],
						"2.0": [10, 0, 0]
					},
					"position": {
						"0.0": [0, -1, 0],
						"0.5": [0, 0, 0],
						"1.0": [0, -1, 0],
						"2.0": [0, -1, 0]
					}
				},
				"leg_back_right2": {
					"rotation": {
						"0.0": [-10, 0, 0],
						"1.0": [10, 0, 0],
						"2.0": [-10, 0, 0]
					},
					"position": {
						"0.0": [0, 0.3, 0],
						"1.0": [0, 0, 0],
						"2.0": [0, 0.3, 0]
					}
				},
				"leg_back_left1": {
					"rotation": {
						"0.0": [-10, 0, 0],
						"1.0": [10, 0, 0],
						"2.0": [-10, 0, 0]
					},
					"position": {
						"0.0": [0, -1, 0],
						"1.0": [0, -1, 0],
						"1.5": [0, 0, 0],
						"2.0": [0, -1, 0]
					}
				},
				"leg_back_left2": {
					"rotation": {
						"0.0": [10, 0, 0],
						"1.0": [-10, 0, 0],
						"2.0": [10, 0, 0]
					},
					"position": {
						"0.0": [0, 1, 0],
						"1.0": [0, 1, 0],
						"2.0": [0, 1, 0]
					}
				}
			}
		},
		"animation.silestone.battle_idle": {
			"loop": true,
			"animation_length": 4,
			"bones": {
				"waist": {
					"rotation": [2.5, 0, 0]
				},
				"tail1": {
					"rotation": {
						"0.0": [0, 0, 0],
						"1.0": [0, 15, 0],
						"2.0": [0, 0, 0],
						"3.0": [0, -15, 0],
						"4.0": [0, 0, 0]
					}
				},
				"tail2": {
					"rotation": {
						"0.0": [0, 0, 0],
						"1.0": [0, 10, 0],
						"2.0": [0, 0, 0],
						"3.0": [0, -10, 0],
						"4.0": [0, 0, 0]
					},
					"position": {
						"0.0": [0, 0, 0],
						"1.0": [0, 0, -0.5],
						"2.0": [0, 0, 0],
						"3.0": [0, 0, -0.5],
						"4.0": [0, 0, 0]
					}
				},
				"tail3": {
					"rotation": {
						"0.0": [0, 0, 0],
						"1.0": [0, 15, 0],
						"2.0": [0, 0, 0],
						"3.0": [0, -15, 0],
						"4.0": [0, 0, 0]
					},
					"position": {
						"0.0": [0, 0, 0],
						"1.0": [1, 0, -0.5],
						"2.0": [0, 0, 0],
						"3.0": [-1, 0, -0.5],
						"4.0": [0, 0, 0]
					}
				},
				"neck": {
					"rotation": [-2.5, 0, 0]
				},
				"head": {
					"rotation": {
						"0.0": [-5, 0, 0],
						"1.0": [-4.98107, -0.43523, -4.98107],
						"2.0": [-5, 0, 0],
						"3.0": [-4.98107, 0.43523, 4.98107],
						"4.0": [-5, 0, 0]
					}
				},
				"jaw": {
					"rotation": {
						"0.0": [0, 0, 0],
						"1.0": [15, 0, 0],
						"2.0": [0, 0, 0],
						"3.0": [15, 0, 0],
						"4.0": [0, 0, 0]
					},
					"position": {
						"0.0": [0, 0, 0],
						"1.0": [0, -1, 1],
						"2.0": [0, 0, 0],
						"3.0": [0, -1, 1],
						"4.0": [0, 0, 0]
					}
				}
			}
		},
		"animation.silestone.sleep": {
			"loop": true,
			"animation_length": 4,
			"bones": {
				"waist": {
					"position": [0, -3, 0]
				},
				"tail1": {
					"rotation": {
						"0.0": [-10, 0, 0],
						"1.0": [-10.03742, 4.92385, -0.87038],
						"2.0": [-10, 0, 0],
						"3.0": [-10.03742, -4.92385, 0.87038],
						"4.0": [-10, 0, 0]
					}
				},
				"tail2": {
					"rotation": {
						"0.0": [7.5, 0, 0],
						"1.0": [7.52832, 4.95712, 0.65426],
						"2.0": [7.5, 0, 0],
						"3.0": [7.52832, -4.95712, -0.65426],
						"4.0": [7.5, 0, 0]
					},
					"position": {
						"0.0": [0, 0, -1],
						"2.0": [0, 0, -1],
						"4.0": [0, 0, -1]
					}
				},
				"tail3": {
					"rotation": {
						"0.0": [5, 0, 0],
						"1.0": [5.019, 4.98093, 0.43688],
						"2.0": [5, 0, 0],
						"3.0417": [5.04292, -7.4713, -0.6574],
						"4.0": [5, 0, 0]
					},
					"position": {
						"0.0": [0, 0, -1],
						"2.0": [0, 0, -1],
						"4.0": [0, 0, -1]
					}
				},
				"neck": {
					"rotation": [37.5, 0, 0],
					"position": [0, -1, -1]
				},
				"head": {
					"rotation": {
						"0.0": [-35, 0, 0],
						"1.0": [-40, 0, 0],
						"2.0": [-35, 0, 0],
						"3.0": [-40, 0, 0],
						"4.0": [-35, 0, 0]
					},
					"position": {
						"0.0": [0, -1, 0],
						"2.0": [0, -1, 0],
						"4.0": [0, -1, 0]
					}
				},
				"jaw": {
					"rotation": {
						"0.0": [0, 0, 0],
						"1.0": [10, 0, 0],
						"2.0": [0, 0, 0],
						"3.0": [10, 0, 0],
						"4.0": [0, 0, 0]
					},
					"position": {
						"0.0": [0, 0, 0],
						"1.0": [0, 0, 0],
						"2.0": [0, 0, 0],
						"3.0": [0, 0, 0],
						"4.0": [0, 0, 0]
					}
				},
				"eyelid_right": {
					"position": [-0.1, 0, 0]
				},
				"eyelid_left": {
					"position": [0.1, 0, 0]
				}
			}
		},
		"animation.silestone.blink": {
			"animation_length": 0.1667,
			"bones": {
				"eyelid_right": {
					"position": {
						"0.0": [-0.1, 0, 0],
						"0.125": [-0.1, 0, 0],
						"0.1667": [0, 0, 0]
					}
				},
				"eyelid_left": {
					"position": {
						"0.0": [0.1, 0, 0],
						"0.125": [0.1, 0, 0],
						"0.1667": [0, 0, 0]
					}
				}
			}
		}
	}
}