{
  "implemented": true,
  "name": "cassowrath",
  "nationalPokedexNumber": 6607,
  "primaryType": "rock",
  "secondaryType": "fire",
  "abilities": [
    "flashfire",
    "rockhead",
    "h:speedboost"
  ],
  "baseStats": {
    "hp": 85,
    "attack": 120,
    "defence": 70,
    "special_attack": 90,
    "special_defence": 70,
    "speed": 145
  },
  "behaviour": {
    "resting": {
      "canSleep": true,
      "depth": "normal",
      "light": "0-4",
      "willSleepOnBed": false,
      "times": "night"
    },
    "moving": {
      "canLook": true,
      "walk": {
        "walkSpeed": 0.25,
        "canWalk": true,
        "avoidsLand": false
      },
      "swim": {
        "swimSpeed": 0.3,
        "canSwimInWater": true,
        "canBreatheUnderwater": false
      },
      "fly": {
        "canFly": false,
        "flySpeedHorizontal": 0.3
      }
    }
  },
  "catchRate": 45,
  "maleRatio": 0.5,
  "shoulderMountable": false,
  "baseExperienceYield": 140,
  "experienceGroup": "medium_fast",
  "eggCycles": 30,
  "eggGroups": [
    "field",
    "flying"
  ],
  "drops": {
    "amount": 4,
    "entries": [
      {
        "item": "minecraft:feather",
        "quantityRange": "1-2",
        "percentage": 100
      },
      {
        "item": "minecraft:bone",
        "quantityRange": "1-1",
        "percentage": 50
      },
      {
        "item": "cobblemon:charcoal_stick",
        "quantityRange": "1-1",
        "percentage": 5
      },
      {
        "item": "minecraft:fire_charge",
        "quantityRange": "1-1",
        "percentage": 33
      }
    ]
  },
  "moves": [
    "1:scratch",
    "1:leer",
    "1:peck",
    "1:ember",
    "1:headbutt",
    "1:scaryface",
    "1:tripleaxel",
    "1:highjumpkick",
    "1:megakick",
    "1:agility",
    "12:rockthrow",
    "15:pursuit",
    "20:flamecharge",
    "24:brickbreak",
    "27:aerialace",
    "29:takedown",
    "31:screech",
    "33:headsmash",
    "36:blazekick",
    "39:closecombat",
    "48:throatchop",
    "52:flareblitz",
    "55:tropkick",
    "59:stoneedge",
    "62:foulplay",
    "72:roost",
    "80:ragingfury",
    "tm:attract",
    "tm:bide",
    "tm:captivate",
    "tm:confide",
    "tm:curse",
    "tm:doubleteam",
    "tm:doubleedge",
    "tm:endure",
    "tm:facade",
    "tm:frustration",
    "tm:headbutt",
    "tm:helpinghand",
    "tm:hiddenpower",
    "tm:naturalgift",
    "tm:protect",
    "tm:rage",
    "tm:rest",
    "tm:return",
    "tm:round",
    "tm:sleeptalk",
    "tm:snore",
    "tm:substitute",
    "tm:swagger",
    "tm:takedown",
    "tm:terablast",
    "tm:acrobatics",
    "tm:aerialace",
    "tm:breakingswipe",
    "tm:brutalswing",
    "tm:bulldoze",
    "tm:darkpulse",
    "tm:dig",
    "tm:drainpunch",
    "tm:drillrun",
    "tm:falseswipe",
    "tm:firepunch",
    "tm:wildcharge",
    "tm:lowsweep",
    "tm:rocksmash",
    "tm:rocktomb",
    "tm:seismictoss",
    "tm:zenheadbutt",
    "tm:smackdown",
    "tm:stealthrock",
    "tm:steelwing",
    "tm:swordsdance",
    "tm:thief",
    "tm:workup",
    "egg:bravebird",
    "egg:dragonrush",
    "egg:dragondance",
    "egg:ancientpower",
    "egg:shadowclaw",
    "egg:thrash",
    "egg:metalclaw",
    "egg:featherdance"
  ],
  "labels": [
    "scrappedmons"
  ],
  "pokedex": [
    "cobblemon.species.cassowrath.desc1"
  ],
  "baseScale": 1,
  "hitbox": {
    "width": 1.3,
    "height": 3.0,
    "fixed": false
  },
  "baseFriendship": 50,
  "evYield": {
    "hp": 0,
    "attack": 1,
    "defence": 0,
    "special_attack": 0,
    "special_defence": 0,
    "speed": 1
  },
  "height": 17,
  "weight": 1200,
  "evolutions": []
}