{
  "implemented": true,
  "name": "gorochu_scrappedmons",
  "nationalPokedexNumber": 6601,
  "primaryType": "electric",
  "secondaryType": "fire",
  "abilities": [
    "flamebody",
    "h:voltabsorb"
  ],
  "baseStats": {
    "hp": 60,
    "attack": 110,
    "defence": 85,
    "special_attack": 50,
    "special_defence": 85,
    "speed": 95
  },
  "behaviour": {
    "moving": {
      "walk": {
        "walkSpeed": 0.2
      }
    },
    "resting": {
      "canSleep": true,
      "willSleepOnBed": true,
      "depth": "normal",
      "light": "0-4"
    }
  },
  "catchRate": 75,
  "maleRatio": 0.5,
  "shoulderMountable": false,
  "baseExperienceYield": 243,
  "experienceGroup": "medium_fast",
  "eggCycles": 10,
  "eggGroups": [
    "field",
    "monster"
  ],
  "drops": {
    "amount": 3,
    "entries": [
      {
        "item": "cobblemon:cheri_berry",
        "percentage": 10.0
      },
      {
        "item": "cobblemon:fire_stone",
        "percentage": 10.0
      }
    ]
  },
  "moves": [
    "1:playnice",
    "1:sweetkiss",
    "1:nuzzle",
    "1:nastyplot",
    "1:charm",
    "1:thunderwave",
    "1:doubleteam",
    "1:electroball",
    "1:feint",
    "1:spark",
    "1:agility",
    "1:irontail",
    "1:discharge",
    "1:lightscreen",
    "1:thunder",
    "1:thundershock",
    "1:tailwhip",
    "1:growl",
    "1:quickattack",
    "5:thunderbolt",
    "tm:takedown",
    "tm:charm",
    "tm:faketears",
    "tm:agility",
    "tm:protect",
    "tm:thief",
    "tm:suckerpunch",
    "tm:trailblaze",
    "tm:flamecharge",
    "tm:facade",
    "tm:swift",
    "tm:drainpunch",
    "tm:fling",
    "tm:endure",
    "tm:voltswitch",
    "tm:sunnyday",
    "tm:dig",
    "tm:brickbreak",
    "tm:bodyslam",
    "tm:thunderpunch",
    "tm:sleeptalk",
    "tm:electroball",
    "tm:reflect",
    "tm:lightscreen",
    "tm:firelash",
    "tm:thunderwave",
    "tm:rest",
    "tm:eerieimpulse",
    "tm:substitute",
    "tm:encore",
    "tm:surf",
    "tm:thunderbolt",
    "tm:playrough",
    "tm:helpinghand",
    "tm:reversal",
    "tm:electricterrain",
    "tm:swordsdance",
    "tm:wildcharge",
    "tm:gigaimpact",
    "tm:closecombat",
    "tm:flareblitz",
    "tm:supercellslam",
    "tm:terablast",
    "tm:charge",
    "tm:knockoff",
    "tm:ragingfury",
    "tm:endeavor",
    "tm:volttackle",
    "tm:alluringvoice",
    "tm:upperhand",
    "tm:temperflare",
    "egg:present",
    "egg:flail",
    "egg:fakeout",
    "egg:wish",
    "egg:dragonclaw",
    "egg:dragondance",
    "egg:pyroball",
    "egg:tickle"
  ],
  "labels": [
    "scrappedmons"
  ],
  "pokedex": [
    "cobblemon.species.gorochu_scrappedmons.desc1"
  ],
  "preEvolution": "pikachu",
  "evolutions": [
],
  "baseScale": 0.8,
  "hitbox": {
    "width": 0.8,
    "height": 1.6,
    "fixed": false
  },
  "baseFriendship": 50,
  "evYield": {
    "hp": 0,
    "attack": 3,
    "defence": 0,
    "special_attack": 0,
    "special_defence": 0,
    "speed": 0
  },
  "height": 8,
  "weight": 410,
  "aspects": [],
  "cannotDynamax": false
}
