{
  "implemented": true,
  "name": "scuta",
  "nationalPokedexNumber": 6602,
  "primaryType": "bug",
  "secondaryType": "water",
  "abilities": [
    "swiftswim",
    "compoundeyes",
    "h:noguard"
  ],
  "baseStats": {
    "hp": 60,
    "attack": 60,
    "defence": 50,
    "special_attack": 60,
    "special_defence": 45,
    "speed": 85
  },
  "behaviour": {
    "resting": {
      "canSleep": true,
      "depth": "normal",
      "light": "0-4",
      "willSleepOnBed": true,
      "times": "night"
    },
    "moving": {
      "canLook": true,
      "walk": {
        "canWalk": true,
        "avoidsLand": true,
        "walkSpeed": 0.2
      },
      "swim": {
        "swimSpeed": 0.3,
        "canSwimInWater": true,
        "canBreatheUnderwater": true
      },
      "fly": {
        "canFly": false,
        "flySpeedHorizontal": 0.3
      }
    }
  },
  "catchRate": 90,
  "maleRatio": 0.5,
  "shoulderMountable": true,
  "baseExperienceYield": 50,
  "experienceGroup": "medium_fast",
  "eggCycles": 20,
  "eggGroups": [
    "bug",
    "water_3"
  ],
  "drops": {
    "amount": 2,
    "entries": [
      {
        "item": "minecraft:spider_eye",
        "quantityRange": "1-1",
        "percentage": 100
      },
      {
        "item": "cobblemon:razor_claw",
        "quantityRange": "1-1",
        "percentage": 5
      }
    ]
  },
  "moves": [
    "1:watergun",
    "1:leer",
    "5:bugbite",
    "12:furycutter",
    "18:dive",
    "24:agility",
    "30:leechlife",
    "42:flipturn",
    "45:takedown",
    "56:aquajet",
    "60:xscissor",
    "60:surf",
    "tm:screech",
    "tm:bugbuzz",
    "tm:doubleedge",
    "tm:takedown",
    "tm:acrobatics",
    "tm:pounce",
    "tm:trailblaze",
    "tm:facade",
    "tm:endure",
    "tm:raindance",
    "tm:uturn",
    "tm:substitute",
    "tm:terablast",
    "tm:protect",
    "tm:bugbite",
    "tm:skittersmack",
    "50:metalclaw",
    "tm:brine",
    "tm:slash",
    "tm:crushclaw",
    "tm:xscissor",
    "tm:falseswipe",
    "tm:swordsdance",
    "tm:waterfall",
    "tm:waterpulse",
    "tm:aquacutter",
    "tm:workup",
    "egg:knockoff",
    "egg:rapidspin",
    "egg:crosspoison",
    "egg:poweruppunch"
  ],
  "labels": [
    "scrappedmons"
  ],
  "pokedex": [
    "cobblemon.species.scuta.desc1"
  ],
  "baseScale": 1,
  "hitbox": {
    "width": 0.8,
    "height": 0.3,
    "fixed": false
  },
  "baseFriendship": 50,
  "evYield": {
    "hp": 0,
    "attack": 0,
    "defence": 0,
    "special_attack": 0,
    "special_defence": 0,
    "speed": 1
  },
  "height": 7,
  "weight": 125,
  "evolutions": [
    {
      "id": "scuta-mantiverous -level_up",
      "variant": "level_up",
      "result": "mantiverous ",
      "consumeHeldItem": false,
      "learnableMoves": [],
      "requirements": [
        {
          "variant": "level",
          "minLevel": 34
        }
      ],
      "requiredContext": ""
    }
  ]
}