{
  "implemented": true,
  "name": "sproutopod",
  "nationalPokedexNumber": 6605,
  "primaryType": "ground",
  "secondaryType": "grass",
  "abilities": [
    "runaway",
    "shedskin",
    "h:seedsower"
  ],
  "baseStats": {
    "hp": 90,
    "attack": 60,
    "defence": 135,
    "special_attack": 67,
    "special_defence": 88,
    "speed": 95
  },
  "behaviour": {
    "resting": {
      "canSleep": true,
      "depth": "normal",
      "light": "0-4",
      "willSleepOnBed": false,
      "times": "night"
    },
    "moving": {
      "canLook": true,
      "walk": {
        "walkSpeed": 0.2,
        "canWalk": true,
        "avoidsLand": false
      },
      "swim": {
        "swimSpeed": 0.3,
        "canSwimInWater": true,
        "canBreatheUnderwater": false
      },
      "fly": {
        "canFly": false,
        "flySpeedHorizontal": 0.3
      }
    }
  },
  "catchRate": 75,
  "maleRatio": 0.5,
  "shoulderMountable": false,
  "baseExperienceYield": 120,
  "experienceGroup": "medium_slow",
  "eggCycles": 20,
  "eggGroups": [
    "grass",
    "dragon"
  ],
  "drops": {
    "amount": 1,
    "entries": [
      {
        "item": "cobblemon:miracle_seed",
        "quantityRange": "1-1",
        "percentage": 25
      }
    ]
  },
  "moves": [
    "1:tackle",
    "1:harden",
    "1:absorb",
    "1:rollout",
    "8:bulletseed",
    "10:ingrain",
    "12:megadrain",
    "15:dig",
    "20:leechseed",
    "22:babydolleyes",
    "26:gigadrain",
    "30:shellsmash",
    "32:mudbomb",
    "35:takedown",
    "38:growth",
    "40:spikes",
    "42:stealthrock",
    "45:seedbomb",
    "48:irondefense",
    "50:synthesis",
    "52:grassyterrain",
    "55:incinerate",
    "60:amnesia",
    "62:flamethrower",
    "68:solarbeam",
    "70:earthpower",
    "72:petaldance",
    "tm:takedown",
    "tm:dig",
    "tm:charm",
    "tm:faketears",
    "tm:protect",
    "tm:facade",
    "tm:swift",
    "tm:magicalleaf",
    "tm:endure",
    "tm:sunnyday",
    "tm:bulletseed",
    "tm:zenheadbutt",
    "tm:bodyslam",
    "tm:sleeptalk",
    "tm:seedbomb",
    "tm:grassknot",
    "tm:rest",
    "tm:substitute",
    "tm:gigadrain",
    "tm:energyball",
    "tm:helpinghand",
    "tm:grassyterrain",
    "tm:solarbeam",
    "tm:terablast",
    "tm:toxic",
    "tm:willowisp",
    "tm:stealthrock",
    "tm:bulldoze",
    "tm:earthpower",
    "tm:mudshot",
    "tm:rocktomb",
    "tm:stompingtantrum",
    "tm:spikes",
    "tm:ironhead",
    "tm:curse",
    "tm:encore",
    "tm:uturn",
    "tm:smackdown",
    "tm:substitute",
    "tm:drainingkiss",
    "tm:taunt",
    "tm:partingshot",
    "tm:roar",
    "tm:heatwave",
    "tm:rockslide",
    "tm:earthquake",
    "tm:weatherball",
    "tm:dragonpulse",
    "egg:curse",
    "egg:knockoff",
    "egg:spikes",
    "egg:synthesis",
    "egg:wideguard",
    "egg:dragoncheer",
    "egg:worryseed",
    "egg:cottonguard"
  ],
  "labels": [
    "scrappedmons"
  ],
  "pokedex": [
    "cobblemon.species.sproutopod.desc1"
  ],
  "baseScale": 1,
  "hitbox": {
    "width": 1.1,
    "height": 2.5,
    "fixed": false
  },
  "baseFriendship": 50,
  "evYield": {
    "hp": 0,
    "attack": 0,
    "defence": 1,
    "special_attack": 0,
    "special_defence": 0,
    "speed": 1
  },
  "height": 152,
  "weight": 800,
  "evolutions": []
}