{
  "implemented": true,
  "name": "umamirage",
  "nationalPokedexNumber": 6609,
  "primaryType": "water",
  "secondaryType": "fairy",
  "abilities": [
    "pickup",
    "suctioncups",
    "h:gluttony"
  ],
  "baseStats": {
    "hp": 95,
    "attack": 70,
    "defence": 100,
    "special_attack": 75,
    "special_defence": 140,
    "speed": 30
  },
  "standingEyeHeight": 0.4,
  "behaviour": {
    "resting": {
      "canSleep": true,
      "depth": "normal",
      "light": "0-4",
      "willSleepOnBed": false,
      "times": "night"
    },
    "moving": {
      "canLook": true,
      "walk": {
        "walkSpeed": 0.3,
        "canWalk": true,
        "avoidsLand": false
      },
      "swim": {
        "swimSpeed": 0.3,
        "canSwimInWater": true,
        "canBreatheUnderwater": true
      },
      "fly": {
        "canFly": false,
        "flySpeedHorizontal": 0.3
      }
    }
  },
  "catchRate": 75,
  "maleRatio": 0.5,
  "shoulderMountable": false,
  "baseExperienceYield": 140,
  "experienceGroup": "medium_fast",
  "eggCycles": 20,
  "eggGroups": [
    "water_2",
    "fairy"
  ],
  "drops": {
    "amount": 10,
    "entries": [
      {
        "item": "minecraft:ink_sac",
        "quantityRange": "1-2",
        "percentage": 100
      },
      {
        "item": "cobblemon:oran_berry",
        "quantityRange": "1-2",
        "percentage": 33
      },
      {
        "item": "cobblemon:pecha_berry",
        "quantityRange": "1",
        "percentage": 33
      },
      {
        "item": "cobblemon:cheri_berry",
        "quantityRange": "1",
        "percentage": 33
      },
      {
        "item": "cobblemon:rawst_berry",
        "quantityRange": "1",
        "percentage": 33
      },
      {
        "item": "cobblemon:aspear_berry",
        "quantityRange": "1",
        "percentage": 33
      },
      {
        "item": "cobblemon:leppa_berry",
        "quantityRange": "1-2",
        "percentage": 33
      },
      {
        "item": "cobblemon:persim_berry",
        "quantityRange": "1",
        "percentage": 33
      },
      {
        "item": "cobblemon:lum_berry",
        "quantityRange": "1",
        "percentage": 33
      },
      {
        "item": "cobblemon:sitrus_berry",
        "quantityRange": "1",
        "percentage": 33
      }
    ]
  },
  "moves": [
    "1:pound",
    "1:bubble",
    "1:charm",
    "1:wrap",
    "1:drainingkiss",
    "1:aromaticmist",
    "1:pluck",
    "1:substitute",
    "1:curse",
    "1:rest",
    "1:bubblebeam",
    "1:camouflage",
    "1:dazzlinggleam",
    "1:stockpile",
    "1:swallow",
    "1:spitup",
    "1:recycle",
    "35:moonblast",
    "37:reflect",
    "37:lightscreen",
    "38:craftyshield",
    "40:batonpass",
    "46:softboiled",
    "50:topsyturvy",
    "60:hydropump",
    "36:hammerarm",
    "42:playrough",
    "45:razorshell",
    "48:aquajet",
    "55:thrash",
    "tm:faketears",
    "tm:protect",
    "tm:psybeam",
    "tm:thief",
    "tm:facade",
    "tm:toxic",
    "tm:swift",
    "tm:storedpower",
    "tm:fling",
    "tm:endure",
    "tm:hypnosis",
    "tm:raindance",
    "tm:dazzlinggleam",
    "tm:surf",
    "tm:sleeptalk",
    "tm:reflect",
    "tm:lightscreen",
    "tm:rest",
    "tm:venoshock",
    "tm:taunt",
    "tm:snore",
    "tm:skillswap",
    "tm:substitute",
    "tm:trick",
    "tm:scald",
    "tm:psychic",
    "tm:gigadrain",
    "tm:darkpulse",
    "tm:calmmind",
    "tm:helpinghand",
    "tm:batonpass",
    "tm:nastyplot",
    "tm:trickroom",
    "tm:terablast",
    "tm:alluringvoice",
    "tm:thunderwave",
    "tm:knockoff",
    "tm:triattack",
    "tm:rapidspin",
    "tm:healbell",
    "tm:hydropump",
    "tm:leechseed",
    "tm:liquidation",
    "tm:dive",
    "tm:dragontail",
    "tm:darkestlariat",
    "tm:throatchop"
  ],
  "labels": [
    "scrappedmons"
  ],
  "pokedex": [
    "cobblemon.species.umamirage.desc1"
  ],
  "baseScale": 1,
  "hitbox": {
    "width": 2,
    "height": 3,
    "fixed": false
  },
  "baseFriendship": 50,
  "evYield": {
    "hp": 0,
    "attack": 0,
    "defence": 0,
    "special_attack": 0,
    "special_defence": 2,
    "speed": 0
  },
  "height": 28,
  "weight": 800,
  "evolutions": []
}