{
	"format_version": "1.12.0",
	"minecraft:geometry": [
		{
			"description": {
				"identifier": "geometry.polporos",
				"texture_width": 64,
				"texture_height": 64,
				"visible_bounds_width": 5,
				"visible_bounds_height": 3,
				"visible_bounds_offset": [0, 0.5, 0]
			},
			"bones": [
				{
					"name": "polporos",
					"pivot": [0, 0, 0]
				},
				{
					"name": "body",
					"parent": "polporos",
					"pivot": [0, -0.1, 0]
				},
				{
					"name": "torso",
					"parent": "body",
					"pivot": [0, 11.15, 1.5],
					"cubes": [
						{"origin": [-2, 4.15, -1.5], "size": [4, 6, 7], "uv": [0, 12]},
						{"origin": [-1, 15.15, 0], "size": [2, 4, 3], "uv": [12, 36]},
						{"origin": [-1, 12.15, 0.5], "size": [2, 3, 2], "uv": [16, 44]},
						{"origin": [-0.5, 11.15, 1], "size": [1, 1, 1], "uv": [50, 28]},
						{"origin": [-0.5, 13.7694, -3.91342], "size": [1, 3, 3], "pivot": [-0.5, 15.7694, -1.91342], "rotation": [22.5, 0, 0], "uv": [8, 43]},
						{"origin": [-0.5, 11.7303, -2.60999], "size": [1, 2, 2], "pivot": [-0.5, 13.7303, -1.60999], "rotation": [22.5, 0, 0], "uv": [46, 41]},
						{"origin": [-0.5, 11.07388, -1.38268], "size": [1, 1, 1], "pivot": [-0.5, 12.07388, -0.38268], "rotation": [22.5, 0, 0], "uv": [50, 32]},
						{"origin": [-0.5, 13.38671, 3.8373], "size": [1, 3, 3], "pivot": [-0.5, 15.38671, 5.8373], "rotation": [-22.5, 0, 0], "uv": [42, 29]},
						{"origin": [-0.5, 11.7303, 3.60999], "size": [1, 2, 2], "pivot": [-0.5, 13.7303, 4.60999], "rotation": [-22.5, 0, 0], "uv": [32, 44]},
						{"origin": [-0.5, 10.6912, 3.30656], "size": [1, 1, 1], "pivot": [-0.5, 11.6912, 4.30656], "rotation": [-22.5, 0, 0], "uv": [50, 30]},
						{"origin": [-1, 10.15, -1.5], "size": [2, 1, 6], "uv": [22, 22]}
					]
				},
				{
					"name": "arm_right",
					"parent": "torso",
					"pivot": [-1.75, 4.65, 0],
					"rotation": [50, 0, 0],
					"cubes": [
						{"origin": [-2.75, 3.65, -1], "size": [1, 2, 2], "inflate": 0.01, "uv": [48, 4]}
					]
				},
				{
					"name": "arm_right2",
					"parent": "arm_right",
					"pivot": [-2.75, 3.65, -1],
					"rotation": [-27.5, 0, 0],
					"cubes": [
						{"origin": [-2.75, 3.65, -3], "size": [1, 1, 2], "uv": [30, 48]}
					]
				},
				{
					"name": "finger_right_inner",
					"parent": "arm_right2",
					"pivot": [-2.25, 4.65, -3],
					"rotation": [22.5193, -2.30959, -0.95723],
					"cubes": [
						{"origin": [-2.25, 3.65, -4], "size": [1, 1, 1], "inflate": 0.01, "uv": [18, 52]}
					]
				},
				{
					"name": "finger_right_inner2",
					"parent": "finger_right_inner",
					"pivot": [-1.75, 4.65, -4],
					"rotation": [45, 0, 0],
					"cubes": [
						{"origin": [-2.25, 3.65, -5], "size": [1, 1, 1], "uv": [52, 41]}
					]
				},
				{
					"name": "claw_right_inner",
					"parent": "finger_right_inner2",
					"pivot": [-1.75, 4.65, -5],
					"rotation": [37.5, 0, 0],
					"cubes": [
						{"origin": [-1.75, 3.65, -6], "size": [0, 1, 1], "uv": [46, 52]}
					]
				},
				{
					"name": "finger_right_outer",
					"parent": "arm_right2",
					"pivot": [-2.25, 4.65, -3],
					"rotation": [22.5193, 2.30959, 0.95723],
					"cubes": [
						{"origin": [-3.25, 3.65, -4], "size": [1, 1, 1], "inflate": 0.01, "uv": [0, 52]}
					]
				},
				{
					"name": "finger_right_outer2",
					"parent": "finger_right_outer",
					"pivot": [-2.75, 4.65, -4],
					"rotation": [45, 0, 0],
					"cubes": [
						{"origin": [-3.25, 3.65, -5], "size": [1, 1, 1], "uv": [42, 52]}
					]
				},
				{
					"name": "claw_right_outer",
					"parent": "finger_right_outer2",
					"pivot": [-2.75, 4.65, -5],
					"rotation": [37.5, 0, 0],
					"cubes": [
						{"origin": [-2.75, 3.65, -6], "size": [0, 1, 1], "uv": [52, 51]}
					]
				},
				{
					"name": "arm_left",
					"parent": "torso",
					"pivot": [1.75, 4.65, 0],
					"rotation": [50, 0, 0],
					"cubes": [
						{"origin": [1.75, 3.65, -1], "size": [1, 2, 2], "inflate": 0.01, "uv": [48, 8]}
					]
				},
				{
					"name": "arm_left2",
					"parent": "arm_left",
					"pivot": [2.75, 3.65, -1],
					"rotation": [-27.5, 0, 0],
					"cubes": [
						{"origin": [1.75, 3.65, -3], "size": [1, 1, 2], "uv": [48, 35]}
					]
				},
				{
					"name": "finger_left_outer",
					"parent": "arm_left2",
					"pivot": [2.25, 4.65, -3],
					"rotation": [22.5193, -2.30959, -0.95723],
					"cubes": [
						{"origin": [2.25, 3.65, -4], "size": [1, 1, 1], "inflate": 0.01, "uv": [52, 43]}
					]
				},
				{
					"name": "finger_left_outer2",
					"parent": "finger_left_outer",
					"pivot": [2.75, 4.65, -4],
					"rotation": [45, 0, 0],
					"cubes": [
						{"origin": [2.25, 3.65, -5], "size": [1, 1, 1], "uv": [52, 45]}
					]
				},
				{
					"name": "claw_left_outer",
					"parent": "finger_left_outer2",
					"pivot": [2.75, 4.65, -5],
					"rotation": [37.5, 0, 0],
					"cubes": [
						{"origin": [2.75, 3.65, -6], "size": [0, 1, 1], "uv": [6, 53]}
					]
				},
				{
					"name": "finger_left_inner",
					"parent": "arm_left2",
					"pivot": [2.25, 4.65, -3],
					"rotation": [22.5193, 2.30959, 0.95723],
					"cubes": [
						{"origin": [1.25, 3.65, -4], "size": [1, 1, 1], "inflate": 0.01, "uv": [52, 47]}
					]
				},
				{
					"name": "finger_left_inner2",
					"parent": "finger_left_inner",
					"pivot": [1.75, 4.65, -4],
					"rotation": [45, 0, 0],
					"cubes": [
						{"origin": [1.25, 3.65, -5], "size": [1, 1, 1], "uv": [52, 49]}
					]
				},
				{
					"name": "claw_left_inner",
					"parent": "finger_left_inner2",
					"pivot": [1.75, 4.65, -5],
					"rotation": [37.5, 0, 0],
					"cubes": [
						{"origin": [1.75, 3.65, -6], "size": [0, 1, 1], "uv": [8, 53]}
					]
				},
				{
					"name": "tail",
					"parent": "torso",
					"pivot": [0, 10.15, 5.4],
					"cubes": [
						{"origin": [-1.5, 6.15, 5.5], "size": [3, 4, 6], "uv": [22, 12]},
						{"origin": [-0.5, 10.7303, 8.60999], "size": [1, 2, 2], "pivot": [-0.5, 12.7303, 9.60999], "rotation": [-22.5, 0, 0], "uv": [46, 45]},
						{"origin": [-0.5, 9.6912, 8.30656], "size": [1, 1, 1], "pivot": [-0.5, 10.6912, 9.30656], "rotation": [-22.5, 0, 0], "uv": [26, 51]},
						{"origin": [-0.5, 3.49358, 8.22731], "size": [1, 2, 2], "pivot": [-0.5, 4.49358, 9.22731], "rotation": [22.5, 0, 0], "uv": [38, 47]},
						{"origin": [-0.5, 5.53268, 7.92388], "size": [1, 1, 1], "pivot": [-0.5, 6.53268, 8.92388], "rotation": [22.5, 0, 0], "uv": [34, 51]}
					]
				},
				{
					"name": "tail2",
					"parent": "tail",
					"pivot": [0, 7.65, 11.5],
					"cubes": [
						{"origin": [-1, 7.65, 11.5], "size": [2, 2, 5], "uv": [28, 29]},
						{"origin": [-0.5, 9.65, 13.5], "size": [1, 1, 1], "pivot": [-0.5, 9.65, 13.5], "rotation": [-22.5, 0, 0], "uv": [22, 51]},
						{"origin": [-0.5, 6.65, 13.5], "size": [1, 1, 1], "pivot": [-0.5, 7.65, 13.5], "rotation": [22.5, 0, 0], "uv": [30, 51]}
					]
				},
				{
					"name": "tail3",
					"parent": "tail2",
					"pivot": [0, 8.15, 16.4],
					"cubes": [
						{"origin": [-0.5, 8.15, 16.4], "size": [1, 1, 4], "inflate": -0.05, "uv": [38, 36]}
					]
				},
				{
					"name": "tail_end",
					"parent": "tail3",
					"pivot": [0, 8.15, 20.3],
					"rotation": [-90, 0, 0],
					"cubes": [
						{"origin": [-0.5, 8.15, 19.3], "size": [1, 1, 1], "uv": [50, 30]},
						{"origin": [-0.5, 9.15, 18.8], "size": [1, 2, 2], "uv": [32, 44]},
						{"origin": [-0.5, 14.15, 18.8], "size": [1, 2, 2], "uv": [32, 54]},
						{"origin": [-0.5, 11.15, 18.3], "size": [1, 3, 3], "uv": [42, 29]}
					]
				},
				{
					"name": "neck",
					"parent": "torso",
					"pivot": [0, 4.9, -1.5],
					"rotation": [-22.5, 0, 0],
					"cubes": [
						{"origin": [-1.5, 4.9, -4.5], "size": [3, 4, 3], "uv": [0, 32]}
					]
				},
				{
					"name": "neck2",
					"parent": "neck",
					"pivot": [0, 4.9, -4.5],
					"rotation": [-25, 0, 0],
					"cubes": [
						{"origin": [-1, 4.9, -9.5], "size": [2, 3, 5], "uv": [24, 0]}
					]
				},
				{
					"name": "head",
					"parent": "neck2",
					"pivot": [0, 3.35, -7.5],
					"rotation": [45, 0, 0],
					"cubes": [
						{"origin": [-1.5, 4.35, -14.5], "size": [3, 3, 4], "uv": [0, 25]},
						{"origin": [-2, 4.35, -17.5], "size": [4, 4, 3], "uv": [14, 29]},
						{"origin": [-1, 9.35, -8.5], "size": [2, 5, 2], "uv": [38, 22]},
						{"origin": [-0.5, 9.19776, -8.73463], "size": [1, 3, 1], "inflate": 0.25, "pivot": [0, 7.35, -8.25], "rotation": [22.5, 0, 0], "uv": [14, 49]},
						{"origin": [-0.5, 9.19776, -7.26537], "size": [1, 2, 1], "inflate": 0.25, "pivot": [0, 7.35, -6.75], "rotation": [-22.5, 0, 0], "uv": [18, 49]},
						{"origin": [-0.5, 1.19776, -10.26537], "size": [1, 2, 1], "inflate": 0.25, "pivot": [0, 1.35, -8.25], "rotation": [-22.5, 0, 0], "uv": [44, 49]},
						{"origin": [-1, -0.65, -8.5], "size": [2, 4, 2], "inflate": 0.01, "pivot": [-1, 1.35, -7.5], "rotation": [180, 0, 0], "uv": [0, 39]},
						{"origin": [-3.75, 3.35, -7.15], "size": [1, 1, 2], "pivot": [-2.75, 4.35, -5.15], "rotation": [-165, -22.5, 0], "uv": [48, 38]},
						{"origin": [-3.75, 4.35, -8.15], "size": [1, 1, 3], "pivot": [-2.75, 4.35, -5.15], "rotation": [165, -22.5, 0], "uv": [24, 44]},
						{"origin": [2.67388, 3.35, -7.53268], "size": [1, 1, 2], "pivot": [3.67388, 4.35, -5.53268], "rotation": [-165, 22.5, 0], "uv": [0, 49]},
						{"origin": [2.67388, 4.35, -8.53268], "size": [1, 1, 3], "pivot": [3.67388, 4.35, -5.53268], "rotation": [165, 22.5, 0], "uv": [0, 45]},
						{"origin": [-3, 3.35, -10.5], "size": [6, 6, 6], "uv": [0, 0]},
						{"origin": [-0.5, 7.9303, -12.89001], "size": [1, 2, 2], "pivot": [-0.5, 9.9303, -11.89001], "rotation": [-22.5, 0, 0], "uv": [48, 0]},
						{"origin": [-0.5, 6.8912, -13.19344], "size": [1, 1, 1], "pivot": [-0.5, 7.8912, -12.19344], "rotation": [-22.5, 0, 0], "uv": [38, 51]},
						{"origin": [-0.5, 8.35, -16.5], "size": [1, 1, 1], "pivot": [-0.5, 8.35, -16.5], "rotation": [-22.5, 0, 0], "uv": [48, 51]}
					]
				},
				{
					"name": "eye_right",
					"parent": "head",
					"pivot": [-3.02, 7.1, -8],
					"cubes": [
						{"origin": [-3.03, 7.35, -9.25], "size": [0, 1, 1], "uv": [12, 32]},
						{"origin": [-3.01, 4.35, -9.25], "size": [0, 4, 4], "uv": [22, 36]}
					]
				},
				{
					"name": "pupil_right",
					"parent": "eye_right",
					"pivot": [-3.02, 6.475, -7.375],
					"cubes": [
						{"origin": [-3.02, 5.1, -8], "size": [0, 2, 2], "inflate": 0.01, "uv": [8, 39]},
						{"origin": [-3.02, 5.85, -8.75], "size": [0, 2, 2], "uv": [34, 8]}
					]
				},
				{
					"name": "eyelid_right",
					"parent": "head",
					"pivot": [-2.11, 6.35, -7],
					"cubes": [
						{"origin": [-2, 4.35, -9.5], "size": [0, 4, 5], "uv": [50, 54]}
					]
				},
				{
					"name": "eyelid_left",
					"parent": "head",
					"pivot": [2.09, 6.35, -7],
					"cubes": [
						{"origin": [2, 4.35, -9.5], "size": [0, 4, 5], "uv": [50, 54], "mirror": true}
					]
				},
				{
					"name": "eye_left",
					"parent": "head",
					"pivot": [3.02, 7.1, -8],
					"cubes": [
						{"origin": [3.03, 7.35, -9.25], "size": [0, 1, 1], "uv": [12, 34]},
						{"origin": [3.01, 4.35, -9.25], "size": [0, 4, 4], "uv": [30, 36]}
					]
				},
				{
					"name": "pupil_left",
					"parent": "eye_left",
					"pivot": [3.02, 6.475, -7.375],
					"cubes": [
						{"origin": [3.02, 5.1, -8], "size": [0, 2, 2], "inflate": 0.01, "uv": [6, 49]},
						{"origin": [3.02, 5.85, -8.75], "size": [0, 2, 2], "uv": [10, 49]}
					]
				},
				{
					"name": "jaw",
					"parent": "head",
					"pivot": [0, 4.35, -10.5],
					"cubes": [
						{"origin": [-1, 3.35, -13.5], "size": [2, 1, 3], "uv": [24, 8]}
					]
				},
				{
					"name": "tongue",
					"parent": "jaw",
					"pivot": [0, 4.35, -10.5],
					"cubes": [
						{"origin": [-0.5, 4.35, -11.25], "size": [1, 0, 1], "uv": [-1, 63]}
					]
				},
				{
					"name": "tongue2",
					"parent": "tongue",
					"pivot": [0, 4.35, -11.25],
					"cubes": [
						{"origin": [-0.5, 4.35, -12.25], "size": [1, 0, 1], "uv": [1, 63]}
					]
				},
				{
					"name": "tongue3",
					"parent": "tongue2",
					"pivot": [0, 4.35, -12.25],
					"cubes": [
						{"origin": [-0.5, 4.35, -13.25], "size": [1, 0, 1], "uv": [3, 63]}
					]
				},
				{
					"name": "legs",
					"parent": "body",
					"pivot": [0, -0.1, 0]
				},
				{
					"name": "leg_right",
					"parent": "legs",
					"pivot": [-2, 4.75, 3.25],
					"cubes": [
						{"origin": [-3, 3.25, 1.75], "size": [2, 3, 3], "inflate": 0.25, "uv": [38, 6]}
					]
				},
				{
					"name": "leg_right2",
					"parent": "leg_right",
					"pivot": [-2, 3.25, 1.75],
					"rotation": [60, 0, 0],
					"cubes": [
						{"origin": [-3, -0.75, 1.75], "size": [2, 4, 2], "inflate": 0.02, "uv": [38, 41]}
					]
				},
				{
					"name": "leg_right3",
					"parent": "leg_right2",
					"pivot": [-1, -0.75, 3.75],
					"rotation": [-60, 0, 0],
					"cubes": [
						{"origin": [-3, -2.75, 1.75], "size": [2, 2, 2], "uv": [40, 18]}
					]
				},
				{
					"name": "foot_right",
					"parent": "leg_right3",
					"pivot": [-2, -2.75, 1.75],
					"cubes": [
						{"origin": [-3, -3.75, 1.75], "size": [2, 1, 2], "inflate": 0.01, "uv": [46, 25]}
					]
				},
				{
					"name": "toe_right_outer",
					"parent": "foot_right",
					"pivot": [-2, -2.75, 1.75],
					"rotation": [0, 22.5, 0],
					"cubes": [
						{"origin": [-3, -3.75, -0.25], "size": [1, 1, 2], "uv": [48, 18]},
						{"origin": [-2.5, -3.75, -1.25], "size": [0, 1, 1], "uv": [22, 49]}
					]
				},
				{
					"name": "toe_right_inner",
					"parent": "foot_right",
					"pivot": [-2, -2.75, 1.75],
					"rotation": [0, -22.5, 0],
					"cubes": [
						{"origin": [-2, -3.75, -0.25], "size": [1, 1, 2], "uv": [24, 48]},
						{"origin": [-1.5, -3.75, -1.25], "size": [0, 1, 1], "uv": [4, 52]}
					]
				},
				{
					"name": "leg_left",
					"parent": "legs",
					"pivot": [2, 4.75, 3.25],
					"cubes": [
						{"origin": [1, 3.25, 1.75], "size": [2, 3, 3], "inflate": 0.25, "uv": [38, 0]}
					]
				},
				{
					"name": "leg_left2",
					"parent": "leg_left",
					"pivot": [2, 3.25, 1.75],
					"rotation": [60, 0, 0],
					"cubes": [
						{"origin": [1, -0.75, 1.75], "size": [2, 4, 2], "inflate": 0.02, "uv": [40, 12]}
					]
				},
				{
					"name": "leg_left3",
					"parent": "leg_left2",
					"pivot": [3, -0.75, 3.75],
					"rotation": [-60, 0, 0],
					"cubes": [
						{"origin": [1, -2.75, 1.75], "size": [2, 2, 2], "uv": [14, 25]}
					]
				},
				{
					"name": "foot_left",
					"parent": "leg_left3",
					"pivot": [2, -2.75, 1.75],
					"cubes": [
						{"origin": [1, -3.75, 1.75], "size": [2, 1, 2], "inflate": 0.01, "uv": [46, 22]}
					]
				},
				{
					"name": "toe_left_inner",
					"parent": "foot_left",
					"pivot": [2, -2.75, 1.75],
					"rotation": [0, 22.5, 0],
					"cubes": [
						{"origin": [1, -3.75, -0.25], "size": [1, 1, 2], "uv": [48, 12]},
						{"origin": [1.5, -3.75, -1.25], "size": [0, 1, 1], "uv": [44, 47]}
					]
				},
				{
					"name": "toe_left_outer",
					"parent": "foot_left",
					"pivot": [2, -2.75, 1.75],
					"rotation": [0, -22.5, 0],
					"cubes": [
						{"origin": [2, -3.75, -0.25], "size": [1, 1, 2], "uv": [48, 15]},
						{"origin": [2.5, -3.75, -1.25], "size": [0, 1, 1], "uv": [36, 48]}
					]
				}
			]
		}
	]
}