{
	"format_version": "1.12.0",
	"minecraft:geometry": [
		{
			"description": {
				"identifier": "geometry.archeops",
				"texture_width": 128,
				"texture_height": 128,
				"visible_bounds_width": 9,
				"visible_bounds_height": 3.5,
				"visible_bounds_offset": [0, 1.25, 0]
			},
			"bones": [
				{
					"name": "velocigaletor",
					"pivot": [0, 0, 0]
				},
				{
					"name": "body",
					"parent": "velocigaletor",
					"pivot": [0, 20.2, 5]
				},
				{
					"name": "torso",
					"parent": "body",
					"pivot": [0, 18.2, 4],
					"cubes": [
						{"origin": [-5.5, 12.2, -3.5], "size": [11, 12, 13], "inflate": 0.01, "uv": [34, 35]}
					]
				},
				{
					"name": "chest",
					"parent": "torso",
					"pivot": [0, 24.2, -3.5],
					"cubes": [
						{"origin": [-5, 13.2, -10], "size": [10, 11, 7], "uv": [0, 47]}
					]
				},
				{
					"name": "arms",
					"parent": "chest",
					"pivot": [0, 21.2, -5.5]
				},
				{
					"name": "arm_left",
					"parent": "arms",
					"pivot": [5.5, 21.2, -5.5],
					"cubes": [
						{"origin": [4.5, 19.7, -7.5], "size": [10, 3, 4], "inflate": 0.01, "uv": [67, 0]}
					]
				},
				{
					"name": "arm_left2",
					"parent": "arm_left",
					"pivot": [14.5, 21.2, -5.5],
					"cubes": [
						{"origin": [13.5, 19.7, -7.5], "size": [10, 3, 5], "uv": [70, 13]}
					]
				},
				{
					"name": "arm_left3",
					"parent": "arm_left2",
					"pivot": [23.5, 21.2, -5.5],
					"cubes": [
						{"origin": [22.5, 19.7, -8], "size": [10, 3, 6], "inflate": 0.01, "uv": [59, 21]}
					]
				},
				{
					"name": "arm_wing_left1",
					"parent": "arm_left3",
					"pivot": [27.5, 21.7, -2.5],
					"rotation": [0, 5, 0],
					"cubes": [
						{"origin": [25.50761, 21.7, -2.67431], "size": [4, 0, 16], "inflate": 0.01, "uv": [50, 60]}
					]
				},
				{
					"name": "arm_wing_left2",
					"parent": "arm_left3",
					"pivot": [31, 20.7, -2.5],
					"rotation": [0, 8, 0],
					"cubes": [
						{"origin": [29.0146, 21.7, -2.70876], "size": [4, 0, 16], "inflate": 0.02, "uv": [58, 60]}
					]
				},
				{
					"name": "arm_wing_left3",
					"parent": "arm_left3",
					"pivot": [32, 21.7, -4],
					"rotation": [0, 40, 0],
					"cubes": [
						{"origin": [29.50373, 21.7, -4.13651], "size": [4, 0, 14], "uv": [92, 64]}
					]
				},
				{
					"name": "hand_left",
					"parent": "arm_left3",
					"pivot": [30.5, 20.7, -5],
					"rotation": [0, 0, 5],
					"cubes": [
						{"origin": [30.5, 19.7, -7], "size": [4, 2, 4], "inflate": 0.02, "uv": [109, 24]}
					]
				},
				{
					"name": "finger_front_left",
					"parent": "hand_left",
					"pivot": [34.5, 21.7, -6.5],
					"cubes": [
						{"origin": [34.5, 19.7, -7], "size": [3, 2, 1], "inflate": 0.01, "uv": [117, 36]}
					]
				},
				{
					"name": "finger_front_left2",
					"parent": "finger_front_left",
					"pivot": [37.5, 21.7, -6.5],
					"cubes": [
						{"origin": [37.5, 19.7, -6.5], "size": [2, 2, 0], "uv": [109, 30]}
					]
				},
				{
					"name": "finger_middle_left",
					"parent": "hand_left",
					"pivot": [34.5, 21.7, -5],
					"cubes": [
						{"origin": [34.5, 19.7, -5.5], "size": [3, 2, 1], "inflate": 0.01, "uv": [109, 36]}
					]
				},
				{
					"name": "finger_middle_left2",
					"parent": "finger_middle_left",
					"pivot": [37.5, 21.7, -5],
					"cubes": [
						{"origin": [37.5, 19.7, -5], "size": [2, 2, 0], "uv": [121, 24]}
					]
				},
				{
					"name": "finger_back_left",
					"parent": "hand_left",
					"pivot": [34.5, 21.7, -3.5],
					"cubes": [
						{"origin": [34.5, 19.7, -4], "size": [3, 2, 1], "inflate": 0.01, "uv": [120, 15]}
					]
				},
				{
					"name": "finger_back_left2",
					"parent": "finger_back_left",
					"pivot": [37.5, 21.7, -3.5],
					"cubes": [
						{"origin": [37.5, 19.7, -3.5], "size": [2, 2, 0], "uv": [109, 24]}
					]
				},
				{
					"name": "arm_right",
					"parent": "arms",
					"pivot": [-5.5, 21.2, -5.5],
					"cubes": [
						{"origin": [-14.5, 19.7, -7.5], "size": [10, 3, 4], "inflate": 0.01, "uv": [95, 0], "mirror": true}
					]
				},
				{
					"name": "arm_right2",
					"parent": "arm_right",
					"pivot": [-14.5, 21.2, -5.5],
					"cubes": [
						{"origin": [-23.5, 19.7, -7.5], "size": [10, 3, 5], "uv": [95, 7], "mirror": true}
					]
				},
				{
					"name": "arm_right3",
					"parent": "arm_right2",
					"pivot": [-23.5, 21.2, -5.5],
					"cubes": [
						{"origin": [-32.5, 19.7, -8], "size": [10, 3, 6], "inflate": 0.01, "uv": [94, 15], "mirror": true}
					]
				},
				{
					"name": "arm_wing_right1",
					"parent": "arm_right3",
					"pivot": [-27.5, 21.7, -2.5],
					"rotation": [0, -5, 0],
					"cubes": [
						{"origin": [-29.50761, 21.7, -2.67431], "size": [4, 0, 16], "inflate": 0.01, "uv": [74, 63], "mirror": true}
					]
				},
				{
					"name": "arm_wing_right2",
					"parent": "arm_right3",
					"pivot": [-31.5, 20.7, -2.5],
					"rotation": [0, -8, 0],
					"cubes": [
						{"origin": [-33.01946, 21.7, -2.77835], "size": [4, 0, 16], "inflate": 0.02, "uv": [82, 63], "mirror": true}
					]
				},
				{
					"name": "arm_wing_right3",
					"parent": "arm_right3",
					"pivot": [-32.5, 21.7, -2.5],
					"rotation": [0, -40, 0],
					"cubes": [
						{"origin": [-34.58489, 21.7, -4.10697], "size": [4, 0, 14], "uv": [100, 64], "mirror": true}
					]
				},
				{
					"name": "hand_right",
					"parent": "arm_right3",
					"pivot": [-30.5, 20.7, -5],
					"rotation": [0, 0, -5],
					"cubes": [
						{"origin": [-34.5, 19.7, -7], "size": [4, 2, 4], "inflate": 0.02, "uv": [109, 30], "mirror": true}
					]
				},
				{
					"name": "finger_front_right",
					"parent": "hand_right",
					"pivot": [-34.5, 21.7, -6.5],
					"cubes": [
						{"origin": [-37.5, 19.7, -7], "size": [3, 2, 1], "inflate": 0.01, "uv": [117, 39], "mirror": true}
					]
				},
				{
					"name": "finger_front_right2",
					"parent": "finger_front_right",
					"pivot": [-37.5, 21.7, -6.5],
					"cubes": [
						{"origin": [-39.5, 19.7, -6.5], "size": [2, 2, 0], "uv": [109, 32], "mirror": true}
					]
				},
				{
					"name": "finger_middle_right",
					"parent": "hand_right",
					"pivot": [-34.5, 21.7, -5],
					"cubes": [
						{"origin": [-37.5, 19.7, -5.5], "size": [3, 2, 1], "inflate": 0.01, "uv": [109, 39], "mirror": true}
					]
				},
				{
					"name": "finger_middle_right2",
					"parent": "finger_middle_right",
					"pivot": [-37.5, 21.7, -5],
					"cubes": [
						{"origin": [-39.5, 19.7, -5], "size": [2, 2, 0], "uv": [121, 26], "mirror": true}
					]
				},
				{
					"name": "finger_back_right",
					"parent": "hand_right",
					"pivot": [-34.5, 21.7, -3.5],
					"cubes": [
						{"origin": [-37.5, 19.7, -4], "size": [3, 2, 1], "inflate": 0.01, "uv": [120, 18], "mirror": true}
					]
				},
				{
					"name": "finger_back_right2",
					"parent": "finger_back_right",
					"pivot": [-37.5, 21.7, -3.5],
					"cubes": [
						{"origin": [-39.5, 19.7, -3.5], "size": [2, 2, 0], "uv": [109, 26], "mirror": true}
					]
				},
				{
					"name": "chest_fur",
					"parent": "chest",
					"pivot": [0, 20.2, -9.5],
					"rotation": [-5, 0, 0],
					"cubes": [
						{"origin": [-4.5, 16.7, -10.5], "size": [9, 8, 2], "inflate": 0.01, "uv": [6, 23]},
						{"origin": [-1, 15.2, -11.5], "size": [2, 3, 3], "uv": [72, 31]}
					]
				},
				{
					"name": "neck",
					"parent": "chest_fur",
					"pivot": [0, 21, -11.5],
					"rotation": [5, 0, 0],
					"cubes": [
						{"origin": [-3, 18, -16], "size": [6, 6, 6], "uv": [29, 13]}
					]
				},
				{
					"name": "neck2",
					"parent": "neck",
					"pivot": [0, 21, -16],
					"cubes": [
						{"origin": [-3, 18, -23], "size": [6, 6, 8], "inflate": 0.01, "uv": [47, 4]}
					]
				},
				{
					"name": "head",
					"parent": "neck2",
					"pivot": [0, 21, -21],
					"cubes": [
						{"origin": [-4, 17.5, -26], "size": [8, 7, 5], "inflate": 0.01, "uv": [-1, -1]},
						{"origin": [0, 24, -24], "size": [0, 5, 7], "pivot": [0, 24, -21], "rotation": [32.5, 0, 0], "uv": [93, 23]}
					]
				},
				{
					"name": "eyes",
					"parent": "head",
					"pivot": [0, 22, -23.5]
				},
				{
					"name": "eye_left",
					"parent": "eyes",
					"pivot": [4, 22, -23.5],
					"cubes": [
						{"origin": [4.03, 20.5, -24.5], "size": [0, 3, 3], "uv": [0, 44]},
						{"origin": [4.03, 21, -25.5], "size": [0, 2, 1], "uv": [4, 49]},
						{"origin": [4.02, 22.5, -22], "size": [0, 1, 2], "pivot": [4.03, 23, -21.5], "rotation": [17.5, 0, 0], "uv": [0, 48]}
					]
				},
				{
					"name": "pupil_left",
					"parent": "eye_left",
					"pivot": [4.02, 22, -23.5],
					"cubes": [
						{"origin": [4.04, 21, -24], "size": [0, 2, 1], "uv": [0, 51]}
					]
				},
				{
					"name": "pupil_closed_left",
					"parent": "eye_left",
					"pivot": [3.92, 22, -23.5],
					"cubes": [
						{"origin": [3.94, 21.5, -24.5], "size": [0, 1, 2], "uv": [2, 50]}
					]
				},
				{
					"name": "eyelid_left",
					"parent": "eye_left",
					"pivot": [3.44, 22, -23.5],
					"cubes": [
						{"origin": [2.94, 20.5, -25.5], "size": [1, 3, 4], "inflate": 0.01, "uv": [45, 85]}
					]
				},
				{
					"name": "eye_right",
					"parent": "eyes",
					"pivot": [-4, 22, -23.5],
					"cubes": [
						{"origin": [-4.03, 20.5, -24.5], "size": [0, 3, 3], "uv": [27, 44], "mirror": true},
						{"origin": [-4.03, 21, -25.5], "size": [0, 2, 1], "uv": [31, 49], "mirror": true},
						{"origin": [-4.02, 22.5, -22], "size": [0, 1, 2], "pivot": [-4.03, 23, -21.5], "rotation": [17.5, 0, 0], "uv": [27, 48], "mirror": true}
					]
				},
				{
					"name": "pupil_right",
					"parent": "eye_right",
					"pivot": [-4.02, 22, -23.5],
					"cubes": [
						{"origin": [-4.04, 21, -24], "size": [0, 2, 1], "uv": [27, 51], "mirror": true}
					]
				},
				{
					"name": "pupil_closed_right",
					"parent": "eye_right",
					"pivot": [-3.92, 22, -23.5],
					"cubes": [
						{"origin": [-3.94, 21.5, -24.5], "size": [0, 1, 2], "uv": [29, 50], "mirror": true}
					]
				},
				{
					"name": "eyelid_right",
					"parent": "eye_right",
					"pivot": [-3.44, 22, -23.5],
					"cubes": [
						{"origin": [-3.94, 20.5, -25.5], "size": [1, 3, 4], "inflate": 0.01, "uv": [94, 35], "mirror": true}
					]
				},
				{
					"name": "muzzle",
					"parent": "head",
					"pivot": [0, 24.5, -26],
					"cubes": [
						{"origin": [-3, 19.5, -33], "size": [6, 4, 7], "inflate": 0.01, "uv": [25, 0]}
					]
				},
				{
					"name": "jaw",
					"parent": "head",
					"pivot": [0, 19.5, -26],
					"cubes": [
						{"origin": [-2, 17.5, -32.5], "size": [4, 2, 2], "uv": [20, 12]},
						{"origin": [-2.5, 17.5, -30.5], "size": [5, 2, 5], "uv": [1, 11]}
					]
				},
				{
					"name": "tongue",
					"parent": "jaw",
					"pivot": [0, 19.5, -27.25],
					"cubes": [
						{"origin": [-1.5, 18.75, -32.25], "size": [3, 1, 5], "uv": [71, 40]}
					]
				},
				{
					"name": "tail_fur",
					"parent": "torso",
					"pivot": [0, 20.7, 11],
					"rotation": [5, 0, 0],
					"cubes": [
						{"origin": [-4, 16.7, 8.5], "size": [8, 8, 4], "inflate": 0.01, "uv": [34, 60]}
					]
				},
				{
					"name": "tail",
					"parent": "tail_fur",
					"pivot": [0, 21.2, 12.5],
					"rotation": [-5, 0, 0],
					"cubes": [
						{"origin": [-2.5, 18.7, 11], "size": [5, 5, 10], "inflate": 0.02, "uv": [12, 77]}
					]
				},
				{
					"name": "tail2",
					"parent": "tail",
					"pivot": [0, 21.2, 21],
					"cubes": [
						{"origin": [-2.5, 19.2, 20], "size": [5, 4, 9], "inflate": 0.01, "uv": [32, 72]}
					]
				},
				{
					"name": "tail3",
					"parent": "tail2",
					"pivot": [0, 21.2, 29],
					"cubes": [
						{"origin": [-2, 19.2, 28], "size": [4, 4, 9], "uv": [51, 76]}
					]
				},
				{
					"name": "tail4",
					"parent": "tail3",
					"pivot": [0, 21.2, 37],
					"cubes": [
						{"origin": [-1.5, 19.7, 36], "size": [3, 3, 9], "inflate": 0.01, "uv": [68, 80]}
					]
				},
				{
					"name": "tail5",
					"parent": "tail4",
					"pivot": [0, 21.2, 45],
					"cubes": [
						{"origin": [-1, 20.2, 44], "size": [2, 2, 8], "inflate": 0.01, "uv": [83, 79]}
					]
				},
				{
					"name": "tail_end",
					"parent": "tail5",
					"pivot": [0, 21.2, 49]
				},
				{
					"name": "tail_end_back",
					"parent": "tail_end",
					"pivot": [0, 21.2, 50.5],
					"cubes": [
						{"origin": [-2, 21.2, 52], "size": [4, 0, 9], "uv": [80, 42]}
					]
				},
				{
					"name": "tail_end_left",
					"parent": "tail_end",
					"pivot": [1, 21.2, 49.5],
					"rotation": [0, 15, 0],
					"cubes": [
						{"origin": [0.4353, 21.2, 46.74148], "size": [5, 0, 3], "uv": [89, 89]}
					]
				},
				{
					"name": "tail_end_left2",
					"parent": "tail_end",
					"pivot": [1, 21.2, 48],
					"rotation": [0, -22.5, 0],
					"cubes": [
						{"origin": [0.5, 21.2, 48], "size": [8, 0, 4], "inflate": 0.01, "uv": [91, 79]}
					]
				},
				{
					"name": "tail_end_right",
					"parent": "tail_end",
					"pivot": [-1, 21.2, 49.5],
					"rotation": [0, -15, 0],
					"cubes": [
						{"origin": [-5.4353, 21.2, 46.74148], "size": [5, 0, 3], "uv": [99, 89], "mirror": true}
					]
				},
				{
					"name": "tail_end_right2",
					"parent": "tail_end",
					"pivot": [-1, 21.2, 48],
					"rotation": [0, 22.5, 0],
					"cubes": [
						{"origin": [-8.5, 21.2, 48], "size": [8, 0, 4], "inflate": 0.01, "uv": [91, 83], "mirror": true}
					]
				},
				{
					"name": "legs",
					"parent": "body",
					"pivot": [0, 20.2, 5]
				},
				{
					"name": "leg_left",
					"parent": "legs",
					"pivot": [4.75, 20.2, 4.5],
					"rotation": [-25, 0, 0],
					"cubes": [
						{"origin": [2.75, 7.2, 1], "size": [4, 14, 8], "inflate": 0.02, "uv": [0, 92]}
					]
				},
				{
					"name": "leg_left2",
					"parent": "leg_left",
					"pivot": [4.85, 7.2, 1.5],
					"rotation": [-10, 0, 0],
					"cubes": [
						{"origin": [3.35, 7.2, 1.5], "size": [3, 4, 11], "inflate": 0.01, "uv": [51, 89]}
					]
				},
				{
					"name": "leg_left3",
					"parent": "leg_left2",
					"pivot": [4.85, 11.2, 12.5],
					"rotation": [25, 0, 0],
					"cubes": [
						{"origin": [3.35, 4.2, 8.5], "size": [3, 7, 4], "uv": [99, 43]}
					]
				},
				{
					"name": "leg_fur_left",
					"parent": "leg_left3",
					"pivot": [4.85, 6.7, 10.5],
					"rotation": [-2.5, 0, 0],
					"cubes": [
						{"origin": [2.85, 5.7, 7.5], "size": [4, 2, 6], "inflate": 0.01, "uv": [26, 37]}
					]
				},
				{
					"name": "leg_fur_end_left",
					"parent": "leg_fur_left",
					"pivot": [4.85, 4.7, 14.5],
					"rotation": [12.5, 0, 0],
					"cubes": [
						{"origin": [4.85, 4.7, 12.5], "size": [0, 3, 10], "uv": [68, 82]}
					]
				},
				{
					"name": "leg_fur_end_left2",
					"parent": "leg_fur_left",
					"pivot": [4.85, 6.2, 14.5],
					"rotation": [30, 0, 0],
					"cubes": [
						{"origin": [4.85, 6.80141, 12.59257], "size": [0, 3, 11], "inflate": 0.01, "uv": [40, 81]}
					]
				},
				{
					"name": "leg_fur_end_left3",
					"parent": "leg_fur_left",
					"pivot": [4.85, 6.7, 14],
					"rotation": [55, 0, 0],
					"cubes": [
						{"origin": [4.85, 8.05118, 13.02545], "size": [0, 3, 10], "uv": [92, 82]}
					]
				},
				{
					"name": "foot_left",
					"parent": "leg_left3",
					"pivot": [4.85, 4.2, 12.5],
					"rotation": [10, 0, 0],
					"cubes": [
						{"origin": [2.85, 4.2, 6.5], "size": [4, 2, 6], "uv": [5, 37]}
					]
				},
				{
					"name": "toes_left",
					"parent": "foot_left",
					"pivot": [4.85, 6.2, 6.5]
				},
				{
					"name": "toe_inner_left",
					"parent": "toes_left",
					"pivot": [2, 5, 6],
					"cubes": [
						{"origin": [2.5, 5, 5.37], "size": [1, 2, 2], "uv": [102, 26]}
					]
				},
				{
					"name": "toe_inner_left2",
					"parent": "toe_inner_left",
					"pivot": [3, 5, 6],
					"cubes": [
						{"origin": [3, 6, 3.37], "size": [0, 3, 4], "uv": [83, 30]}
					]
				},
				{
					"name": "toe_middle_left",
					"parent": "toes_left",
					"pivot": [4.85, 6.2, 6.5],
					"cubes": [
						{"origin": [4.35, 4.2, 3.5], "size": [1, 2, 3], "uv": [12, 82]}
					]
				},
				{
					"name": "toe_middle_left2",
					"parent": "toe_middle_left",
					"pivot": [4.85, 6.2, 3.5],
					"cubes": [
						{"origin": [4.85, 4.2, 1.5], "size": [0, 2, 2], "uv": [0, 94]}
					]
				},
				{
					"name": "toe_outer_left",
					"parent": "toes_left",
					"pivot": [6.35, 6.2, 6.5],
					"cubes": [
						{"origin": [5.85, 4.2, 4.5], "size": [1, 2, 2], "uv": [22, 92]}
					]
				},
				{
					"name": "toe_outer_left2",
					"parent": "toe_outer_left",
					"pivot": [6.35, 6.2, 4.5],
					"cubes": [
						{"origin": [6.35, 4.2, 2.5], "size": [0, 2, 2], "uv": [28, 94]}
					]
				},
				{
					"name": "leg_right",
					"parent": "legs",
					"pivot": [-4.75, 20.2, 4.5],
					"rotation": [-25, 0, 0],
					"cubes": [
						{"origin": [-6.75, 7.2, 1], "size": [4, 14, 8], "inflate": 0.02, "uv": [24, 92], "mirror": true}
					]
				},
				{
					"name": "leg_right2",
					"parent": "leg_right",
					"pivot": [-4.75, 7.2, 1.5],
					"rotation": [-10, 0, 0],
					"cubes": [
						{"origin": [-6.25, 7.2, 1.5], "size": [3, 4, 11], "inflate": 0.01, "uv": [91, 99], "mirror": true}
					]
				},
				{
					"name": "leg_right3",
					"parent": "leg_right2",
					"pivot": [-4.75, 11.2, 12.5],
					"rotation": [25, 0, 0],
					"cubes": [
						{"origin": [-6.25, 4.2, 8.5], "size": [3, 7, 4], "uv": [113, 43], "mirror": true}
					]
				},
				{
					"name": "leg_fur_right",
					"parent": "leg_right3",
					"pivot": [-4.75, 6.7, 10.5],
					"rotation": [-2.5, 0, 0],
					"cubes": [
						{"origin": [-6.75, 5.7, 7.5], "size": [4, 2, 6], "inflate": 0.01, "uv": [74, 100], "mirror": true}
					]
				},
				{
					"name": "leg_fur_end_right",
					"parent": "leg_fur_right",
					"pivot": [-4.75, 6.45, 14.5],
					"rotation": [12.5, 0, 0],
					"cubes": [
						{"origin": [-4.75, 4.74148, 12.12123], "size": [0, 3, 10], "uv": [68, 85], "mirror": true}
					]
				},
				{
					"name": "leg_fur_end_right2",
					"parent": "leg_fur_right",
					"pivot": [-4.75, 7.7, 14],
					"rotation": [30, 0, 0],
					"cubes": [
						{"origin": [-4.75, 6.75237, 11.77558], "size": [0, 3, 11], "inflate": 0.01, "uv": [40, 84], "mirror": true}
					]
				},
				{
					"name": "leg_fur_end_right3",
					"parent": "leg_fur_right",
					"pivot": [-4.75, 8.2, 13.25],
					"rotation": [55, 0, 0],
					"cubes": [
						{"origin": [-4.75, 8.07645, 11.4769], "size": [0, 3, 10], "uv": [92, 85], "mirror": true}
					]
				},
				{
					"name": "foot_right",
					"parent": "leg_right3",
					"pivot": [-4.75, 4.2, 12.5],
					"rotation": [10, 0, 0],
					"cubes": [
						{"origin": [-6.75, 4.2, 6.5], "size": [4, 2, 6], "uv": [48, 104], "mirror": true}
					]
				},
				{
					"name": "toes_right",
					"parent": "foot_right",
					"pivot": [-4.75, 6.2, 6.5]
				},
				{
					"name": "toe_inner_right",
					"parent": "toes_right",
					"pivot": [-4.75, 5.2, 7.5],
					"cubes": [
						{"origin": [-3, 5, 5.37], "size": [1, 2, 2], "uv": [96, 26]}
					]
				},
				{
					"name": "toe_inner_right2",
					"parent": "toe_inner_right",
					"pivot": [-4.75, 11.2, 13.5],
					"cubes": [
						{"origin": [-2.5, 6, 3.37], "size": [0, 3, 4], "uv": [83, 27]}
					]
				},
				{
					"name": "toe_middle_right",
					"parent": "toes_right",
					"pivot": [-4.75, 6.2, 6.5],
					"cubes": [
						{"origin": [-5.25, 4.2, 3.5], "size": [1, 2, 3], "uv": [0, 91], "mirror": true}
					]
				},
				{
					"name": "toe_middle_right2",
					"parent": "toe_middle_right",
					"pivot": [-4.75, 6.2, 3.5],
					"cubes": [
						{"origin": [-4.75, 4.2, 1.5], "size": [0, 2, 2], "uv": [0, 96], "mirror": true}
					]
				},
				{
					"name": "toe_outer_right",
					"parent": "toes_right",
					"pivot": [-6.25, 6.2, 6.5],
					"cubes": [
						{"origin": [-6.75, 4.2, 4.5], "size": [1, 2, 2], "uv": [22, 96], "mirror": true}
					]
				},
				{
					"name": "toe_outer_right2",
					"parent": "toe_outer_right",
					"pivot": [-6.25, 6.2, 4.5],
					"cubes": [
						{"origin": [-6.25, 4.2, 2.5], "size": [0, 2, 2], "uv": [28, 96], "mirror": true}
					]
				}
			]
		}
	]
}