{
	"format_version": "1.12.0",
	"minecraft:geometry": [
		{
			"description": {
				"identifier": "geometry.tepig_jetian",
				"texture_width": 64,
				"texture_height": 64,
				"visible_bounds_width": 3,
				"visible_bounds_height": 2.5,
				"visible_bounds_offset": [0, 0.75, 0]
			},
			"bones": [
				{
					"name": "tepig",
					"pivot": [0, 0, 0]
				},
				{
					"name": "body",
					"parent": "tepig",
					"pivot": [0, 6, 0]
				},
				{
					"name": "torso",
					"parent": "body",
					"pivot": [0, 4.6981, 1.54358],
					"cubes": [
						{"origin": [-3.5, 2.2, -4.5], "size": [7, 7, 9], "inflate": -0.05, "uv": [0, 0]}
					]
				},
				{
					"name": "tail",
					"parent": "torso",
					"pivot": [0, 6.32088, 4.40914],
					"cubes": [
						{"origin": [0, 5.7, 4.5], "size": [0, 4, 6], "uv": [30, 16]}
					]
				},
				{
					"name": "tail_orb",
					"parent": "tail",
					"pivot": [0, 6.92488, 9.47917]
				},
				{
					"name": "tail_orb_active",
					"parent": "tail_orb",
					"pivot": [0, 6.92488, 9.47917]
				},
				{
					"name": "head",
					"parent": "torso",
					"pivot": [0, 6.93346, -4.15588],
					"cubes": [
						{"origin": [-4, 3.97894, -10.69755], "size": [8, 8, 7], "uv": [0, 16]}
					]
				},
				{
					"name": "mouths",
					"parent": "head",
					"pivot": [0.6, 4.93346, -4.85588]
				},
				{
					"name": "mouth_smile",
					"parent": "mouths",
					"pivot": [0.6, 4.93346, -4.85588],
					"cubes": [
						{"origin": [-1, 3.97894, -9.89755], "size": [2, 0, 1], "inflate": 0.005, "uv": [44, 13]},
						{"origin": [-2, 3.97894, -10.39755], "size": [4, 0, 1], "inflate": 0.005, "uv": [32, 14]}
					]
				},
				{
					"name": "mouth_frown",
					"parent": "mouths",
					"pivot": [0.6, 5.03346, -4.85588],
					"cubes": [
						{"origin": [-1, 4.07894, -10.39755], "size": [2, 0, 1], "inflate": 0.005, "uv": [44, 30]},
						{"origin": [-2, 4.07894, -9.89755], "size": [4, 0, 1], "inflate": 0.005, "uv": [32, 15]}
					]
				},
				{
					"name": "mouth_neutral",
					"parent": "mouths",
					"pivot": [0.6, 5.03346, -4.85588],
					"cubes": [
						{"origin": [-2, 4.07894, -9.89755], "size": [4, 0, 1], "inflate": 0.005, "uv": [16, 42]}
					]
				},
				{
					"name": "mouth_open_curve_up",
					"parent": "mouths",
					"pivot": [0.6, 4.93346, -4.85588],
					"cubes": [
						{"origin": [-2, 4.07894, -10.49755], "size": [4, 0, 3], "inflate": 0.005, "uv": [28, 39]}
					]
				},
				{
					"name": "mouth_open_curve_down",
					"parent": "mouths",
					"pivot": [0.6, 4.93346, -4.85588],
					"cubes": [
						{"origin": [-2, 4.07894, -10.49755], "size": [4, 0, 3], "inflate": 0.005, "uv": [40, 32]}
					]
				},
				{
					"name": "mouth_open_o",
					"parent": "mouths",
					"pivot": [0.6, 4.83346, -4.85588],
					"cubes": [
						{"origin": [-1, 4.07894, -10.49755], "size": [2, 0, 3], "inflate": 0.005, "uv": [8, 38]}
					]
				},
				{
					"name": "ear_right",
					"parent": "head",
					"pivot": [-0.25, 11.47894, -7.94755],
					"rotation": [-20, 0, -17.5],
					"cubes": [
						{"origin": [-4.25, 12.47894, -7.94755], "size": [0, 7, 4], "pivot": [-2.25, 13.43346, -6.90588], "rotation": [74.30521, -20.05486, -96.34406], "uv": [0, 31]}
					]
				},
				{
					"name": "ear_left",
					"parent": "head",
					"pivot": [0.25, 11.47894, -7.94755],
					"rotation": [-20, 0, 17.5],
					"cubes": [
						{"origin": [2.25, 10.47894, -8.94755], "size": [0, 7, 4], "pivot": [2.25, 11.43346, -7.90588], "rotation": [75.72963, 31.89518, 98.74363], "uv": [20, 31]}
					]
				},
				{
					"name": "snout",
					"parent": "head",
					"pivot": [0, 6.08434, -10.8784],
					"rotation": [17.5, 0, 0],
					"cubes": [
						{"origin": [-2, 4.12982, -12.42008], "size": [4, 3, 3], "inflate": 0.01, "uv": [30, 26]},
						{"origin": [-1.5, 5.12982, -12.43008], "size": [3, 1, 0], "inflate": 0.005, "uv": [44, 12]}
					]
				},
				{
					"name": "eyes",
					"parent": "head",
					"pivot": [0, 7.93346, -8.10588]
				},
				{
					"name": "eye_left",
					"parent": "eyes",
					"pivot": [-1, 7.93346, -8.10588],
					"cubes": [
						{"origin": [2.01, 5.98894, -10.70755], "size": [2, 3, 1], "uv": [42, 18]}
					]
				},
				{
					"name": "pupil_left",
					"parent": "eye_left",
					"pivot": [2.4, 9.23346, -9.15588],
					"cubes": [
						{"origin": [2.21, 6.38894, -10.70755], "size": [1, 2, 1], "inflate": 0.005, "uv": [22, 43]}
					]
				},
				{
					"name": "eyelid_left",
					"parent": "eye_left",
					"pivot": [2.41, 8.48894, -9.10755],
					"cubes": [
						{"origin": [1.91, 5.98894, -10.60755], "size": [2, 3, 1], "inflate": 0.01, "uv": [42, 22]}
					]
				},
				{
					"name": "eyelid_unamused_left",
					"parent": "eye_left",
					"pivot": [2.41, 8.48894, -9.10755],
					"cubes": [
						{"origin": [1.91, 5.98894, -10.60755], "size": [2, 3, 1], "inflate": 0.01, "uv": [26, 42]}
					]
				},
				{
					"name": "eyelid_sad_left",
					"parent": "eye_left",
					"pivot": [2.41, 8.48894, -9.10755],
					"cubes": [
						{"origin": [1.91, 5.98894, -10.60755], "size": [2, 3, 1], "inflate": 0.01, "uv": [32, 42]}
					]
				},
				{
					"name": "eyelid_angry_left",
					"parent": "eye_left",
					"pivot": [2.41, 8.48894, -9.10755],
					"cubes": [
						{"origin": [1.91, 5.98894, -10.60755], "size": [2, 3, 1], "inflate": 0.01, "uv": [38, 42]}
					]
				},
				{
					"name": "eyelid_happy_left",
					"parent": "eye_left",
					"pivot": [2.41, 8.48894, -9.10755],
					"cubes": [
						{"origin": [1.91, 5.98894, -10.60755], "size": [2, 3, 1], "inflate": 0.01, "uv": [16, 43]},
						{"origin": [2.91, 6.78894, -10.60755], "size": [1, 1, 1], "inflate": 0.015, "uv": [26, 46]},
						{"origin": [2.16, 7.38894, -10.60755], "size": [1, 1, 0], "inflate": 0.02, "uv": [18, 38]},
						{"origin": [1.41, 6.78894, -10.60755], "size": [1, 1, 0], "inflate": 0.015, "uv": [28, 31]}
					]
				},
				{
					"name": "eyelid_recoil_left",
					"parent": "eye_left",
					"pivot": [2.41, 8.48894, -9.10755],
					"cubes": [
						{"origin": [1.91, 5.98894, -10.60755], "size": [2, 3, 1], "inflate": 0.01, "uv": [44, 0]},
						{"origin": [1.91, 6.78894, -10.60755], "size": [1, 1, 0], "inflate": 0.015, "uv": [18, 39]},
						{"origin": [2.91, 7.5389, -10.60755], "size": [1, 1, 1], "inflate": 0.015, "uv": [30, 46]},
						{"origin": [2.91, 6.0389, -10.60755], "size": [1, 1, 1], "inflate": 0.015, "uv": [34, 46]}
					]
				},
				{
					"name": "eye_right",
					"parent": "eyes",
					"pivot": [1, 7.93346, -8.10588],
					"cubes": [
						{"origin": [-4.01, 5.98894, -10.70755], "size": [2, 3, 1], "uv": [44, 4]}
					]
				},
				{
					"name": "pupil_right",
					"parent": "eye_right",
					"pivot": [-2.4, 9.23346, -9.15588],
					"cubes": [
						{"origin": [-3.21, 6.38894, -10.70755], "size": [1, 2, 1], "inflate": 0.005, "uv": [22, 46]}
					]
				},
				{
					"name": "eyelid_right",
					"parent": "eye_right",
					"pivot": [-2.41, 8.48894, -9.10755],
					"cubes": [
						{"origin": [-3.91, 5.98894, -10.60755], "size": [2, 3, 1], "inflate": 0.01, "uv": [44, 8]}
					]
				},
				{
					"name": "eyelid_unamused_right",
					"parent": "eye_right",
					"pivot": [-2.41, 8.48894, -9.10755],
					"cubes": [
						{"origin": [-3.91, 5.98894, -10.60755], "size": [2, 3, 1], "inflate": 0.01, "uv": [44, 26]}
					]
				},
				{
					"name": "eyelid_sad_right",
					"parent": "eye_right",
					"pivot": [-2.41, 8.48894, -9.10755],
					"cubes": [
						{"origin": [-3.91, 5.98894, -10.60755], "size": [2, 3, 1], "inflate": 0.01, "uv": [44, 39]}
					]
				},
				{
					"name": "eyelid_angry_right",
					"parent": "eye_right",
					"pivot": [-2.41, 8.48894, -9.10755],
					"cubes": [
						{"origin": [-3.91, 5.98894, -10.60755], "size": [2, 3, 1], "inflate": 0.01, "uv": [44, 43]}
					]
				},
				{
					"name": "eyelid_happy_right",
					"parent": "eye_right",
					"pivot": [-2.41, 8.48894, -9.10755],
					"cubes": [
						{"origin": [-3.91, 5.98894, -10.60755], "size": [2, 3, 1], "inflate": 0.01, "uv": [8, 45]},
						{"origin": [-3.91, 6.78894, -10.60755], "size": [1, 1, 1], "inflate": 0.015, "uv": [38, 46]},
						{"origin": [-3.16, 7.38894, -10.60755], "size": [1, 1, 0], "inflate": 0.02, "uv": [18, 40]},
						{"origin": [-2.41, 6.78894, -10.60755], "size": [1, 1, 0], "inflate": 0.015, "uv": [16, 41]}
					]
				},
				{
					"name": "eyelid_recoil_right",
					"parent": "eye_right",
					"pivot": [-2.41, 8.48894, -9.10755],
					"cubes": [
						{"origin": [-3.91, 5.98894, -10.60755], "size": [2, 3, 1], "inflate": 0.01, "uv": [0, 46]},
						{"origin": [-2.91, 6.78894, -10.60755], "size": [1, 1, 0], "inflate": 0.015, "uv": [18, 41]},
						{"origin": [-3.91, 7.5389, -10.60755], "size": [1, 1, 1], "inflate": 0.015, "uv": [14, 47]},
						{"origin": [-3.91, 6.0389, -10.60755], "size": [1, 1, 1], "inflate": 0.015, "uv": [18, 47]}
					]
				},
				{
					"name": "leg_front_left",
					"parent": "body",
					"pivot": [2.85, 5, -3],
					"cubes": [
						{"origin": [1.35, 1.5, -4.5], "size": [3, 4, 3], "uv": [8, 31]}
					]
				},
				{
					"name": "knee_front_left",
					"parent": "leg_front_left",
					"pivot": [3.35, 1.5, -4],
					"cubes": [
						{"origin": [1.85, 0, -4], "size": [2, 2, 2], "uv": [8, 41]}
					]
				},
				{
					"name": "leg_front_right",
					"parent": "body",
					"pivot": [-2.85, 5, -3],
					"cubes": [
						{"origin": [-4.35, 1.5, -4.5], "size": [3, 4, 3], "uv": [32, 7]}
					]
				},
				{
					"name": "knee_front_right",
					"parent": "leg_front_right",
					"pivot": [-3.35, 1.5, -4],
					"cubes": [
						{"origin": [-3.85, 0, -4], "size": [2, 2, 2], "uv": [0, 42]}
					]
				},
				{
					"name": "leg_back_left",
					"parent": "body",
					"pivot": [2.85, 5, 3.3],
					"cubes": [
						{"origin": [1.35, 1.5, 1.8], "size": [3, 4, 3], "uv": [32, 0]}
					]
				},
				{
					"name": "knee_back_left",
					"parent": "leg_back_left",
					"pivot": [3.35, 1.5, 2.3],
					"cubes": [
						{"origin": [1.85, 0, 2.3], "size": [2, 2, 2], "uv": [40, 35]}
					]
				},
				{
					"name": "leg_back_right",
					"parent": "body",
					"pivot": [-2.85, 5, 3.3],
					"cubes": [
						{"origin": [-4.35, 1.5, 1.8], "size": [3, 4, 3], "uv": [28, 32]}
					]
				},
				{
					"name": "knee_back_right",
					"parent": "leg_back_right",
					"pivot": [-3.35, 1.5, 2.3],
					"cubes": [
						{"origin": [-3.85, 0, 2.3], "size": [2, 2, 2], "uv": [42, 14]}
					]
				}
			]
		}
	]
}