{
	"format_version": "1.12.0",
	"minecraft:geometry": [
		{
			"description": {
				"identifier": "geometry.energarus",
				"texture_width": 128,
				"texture_height": 128,
				"visible_bounds_width": 5,
				"visible_bounds_height": 5.5,
				"visible_bounds_offset": [0, 2.25, 0]
			},
			"bones": [
				{
					"name": "energarus",
					"pivot": [0, 0, 0]
				},
				{
					"name": "bone",
					"parent": "energarus",
					"pivot": [0, 12, 0]
				},
				{
					"name": "bone2",
					"parent": "bone",
					"pivot": [0, 12, 0],
					"cubes": [
						{"origin": [-4, 12, -4], "size": [8, 7, 8], "uv": [0, 0]},
						{"origin": [-7, 19, -6], "size": [14, 12, 12], "uv": [36, 0]}
					]
				},
				{
					"name": "tail",
					"parent": "bone2",
					"pivot": [0, 15.5, 4],
					"cubes": [
						{"origin": [-2.5, 13, 3], "size": [5, 5, 18], "uv": [11, 87]},
						{"origin": [0, 13, 15], "size": [0, 9, 16], "uv": [73, 78]}
					]
				},
				{
					"name": "neck",
					"parent": "bone2",
					"pivot": [0, 31, 0],
					"rotation": [12.5, 0, 0],
					"cubes": [
						{"origin": [-4, 30, -4], "size": [8, 12, 8], "uv": [0, 27]}
					]
				},
				{
					"name": "head",
					"parent": "neck",
					"pivot": [0, 41, 0],
					"rotation": [-12.5, 0, 0],
					"cubes": [
						{"origin": [-5, 41, -5], "size": [10, 10, 10], "uv": [40, 30]},
						{"origin": [-2, 41, -8], "size": [4, 3, 3], "uv": [78, 61]},
						{"origin": [-12, 38, 0], "size": [24, 20, 0], "uv": [22, 56]}
					]
				},
				{
					"name": "arm",
					"parent": "bone2",
					"pivot": [8, 30, 0],
					"cubes": [
						{"origin": [7, 12, -2], "size": [4, 18, 4], "uv": [98, 41]},
						{"origin": [7, 28, -3], "size": [6, 4, 6], "uv": [80, 77]}
					]
				},
				{
					"name": "arm2",
					"parent": "bone2",
					"pivot": [-8, 30, 0],
					"cubes": [
						{"origin": [-13, 28, -3], "size": [6, 4, 6], "uv": [80, 77]},
						{"origin": [-11, 12, -2], "size": [4, 18, 4], "uv": [98, 41], "mirror": true}
					]
				},
				{
					"name": "left_leg",
					"parent": "bone",
					"pivot": [4, 16.05, -0.5],
					"cubes": [
						{"origin": [2, 0, -2], "size": [4, 16, 4], "uv": [98, 13]},
						{"origin": [2, 0.1, -5], "size": [4, 0, 4], "uv": [92, 5]}
					]
				},
				{
					"name": "right_leg",
					"parent": "bone",
					"pivot": [-4, 16.05, -0.5],
					"cubes": [
						{"origin": [-6, 0.1, -5], "size": [4, 0, 4], "uv": [92, 5], "mirror": true},
						{"origin": [-6, 0, -2], "size": [4, 16, 4], "uv": [98, 13], "mirror": true}
					]
				}
			]
		}
	]
}