{
	"format_version": "1.8.0",
	"animations": {
		"animation.irontorpedo.water_idle": {
			"loop": true,
			"bones": {
				"torso": {
					"rotation": ["math.sin(q.anim_time*90*2-60)*-2", "math.sin(q.anim_time*90*1-30)*2", 0],
					"position": ["math.sin(q.anim_time*90*1+30)*0.3", "math.sin(q.anim_time*90*2)*0.2", "math.sin(q.anim_time*90*2-90)*1.2"]
				},
				"fin_left": {
					"rotation": [0, "-4+math.sin(q.anim_time*90*2)*4", "60+math.sin(q.anim_time*90*2-60)*-4"]
				},
				"fin_right": {
					"rotation": [0, "4+math.sin(q.anim_time*90*2)*-4", "-60+math.sin(q.anim_time*90*2-60)*4"]
				},
				"tail": {
					"rotation": ["math.sin(q.anim_time*90*2-30)*-1", "math.sin(q.anim_time*90*1)*-2", 0]
				},
				"fin_left2": {
					"rotation": [0, "-25+math.sin(q.anim_time*90*2-30)*4", "62.5+math.sin(q.anim_time*90*2-90)*-8"]
				},
				"tail2": {
					"rotation": ["math.sin(q.anim_time*90*2)*-2", "math.sin(q.anim_time*90*1+30)*-4", 0]
				},
				"tail3": {
					"rotation": ["math.sin(q.anim_time*90*2+30)*4", "math.sin(q.anim_time*90*1+60)*8", "math.sin(q.anim_time*90*2-40)*220"]
				},
				"head": {
					"rotation": ["math.sin(q.anim_time*90*2-60)*2", "math.sin(q.anim_time*90*1-30)*-1", 0]
				},
				"jaw": {
					"rotation": ["4+math.sin(q.anim_time*90*2+30)*1", 0, 0]
				},
				"fin_right2": {
					"rotation": [0, "25+math.sin(q.anim_time*90*2-30)*-8", "-62.5+math.sin(q.anim_time*90*2-90)*8"]
				}
			}
		},
		"animation.irontorpedo.water_swim": {
			"loop": true,
			"bones": {
				"torso": {
					"rotation": ["math.sin(q.anim_time*90*4-30)*4", "math.sin(q.anim_time*90*2)*1", 0],
					"position": ["math.sin(q.anim_time*90*2+60)*2.4", "math.sin(q.anim_time*90*4+30)*2", 0]
				},
				"fin_left": {
					"rotation": [0, "-4+math.sin(q.anim_time*90*4-90)*-3", "60+math.sin(q.anim_time*90*4-60)*-12"]
				},
				"fin_right": {
					"rotation": [0, "4+math.sin(q.anim_time*90*4-90)*3", "-60+math.sin(q.anim_time*90*4-60)*12"]
				},
				"tail": {
					"rotation": ["math.sin(q.anim_time*90*4-60)*3", "math.sin(q.anim_time*90*2-30)*2", 0]
				},
				"fin_left2": {
					"rotation": [0, "-25+math.sin(q.anim_time*90*4-120)*-6", "62.5+math.sin(q.anim_time*90*4-90)*-18"]
				},
				"tail2": {
					"rotation": ["math.sin(q.anim_time*90*4-90)*5", "math.sin(q.anim_time*90*2-60)*4", 0]
				},
				"tail3": {
					"rotation": ["math.sin(q.anim_time*90*4-120)*8", "math.sin(q.anim_time*90*2-90)*5", "(q.anim_time*90*2-40)*3 "]
				},
				"head": {
					"rotation": ["math.sin(q.anim_time*90*4)*4", "math.sin(q.anim_time*90*2+30)*2", 0]
				},
				"jaw": {
					"rotation": ["6+math.sin(q.anim_time*90*4+60)*2", 0, 0]
				},
				"fin_right2": {
					"rotation": [0, "25+math.sin(q.anim_time*90*4-120)*6", "-62.5+math.sin(q.anim_time*90*4-90)*18"]
				}
			}
		},
		"animation.irontorpedo.ground_idle": {
			"loop": true,
			"bones": {
				"torso": {
					"rotation": ["-4+math.sin(q.anim_time*90*1)*-1", 0, 0],
					"position": [0, "0.3+math.sin(q.anim_time*90*1)*0.1", 0]
				},
				"fin_left": {
					"rotation": [3, -20, "math.sin(q.anim_time*90*1-30)*2"]
				},
				"fin_right": {
					"rotation": [3, 20, "math.sin(q.anim_time*90*1-30)*-2"]
				},
				"tail": {
					"rotation": ["4+math.sin(q.anim_time*90*1)*1", 0, 0]
				},
				"fin_left2": {
					"rotation": [5, -15, "-2+math.sin(q.anim_time*90*1-90)*2"]
				},
				"fin_right2": {
					"rotation": [5, 15, "2+math.sin(q.anim_time*90*1-90)*-2"]
				},
				"tail2": {
					"rotation": ["10+math.sin(q.anim_time*90*1)*1", 0, 0]
				},
				"tail3": {
					"rotation": ["10+math.sin(q.anim_time*90*1)*1", "-10+math.sin(q.anim_time*90*1)*-1", "45+math.sin(q.anim_time*90*0.5)*-90"]
				},
				"head": {
					"rotation": ["-5+math.sin(q.anim_time*90*1-60)*-2", 0, 0]
				},
				"jaw": {
					"rotation": ["3+math.sin(q.anim_time*90*1-90)*2", 0, 0]
				}
			}
		},
		"animation.irontorpedo.battle_idle": {
			"loop": true,
			"bones": {
				"torso": {
					"rotation": ["-8+math.sin(q.anim_time*90*1)*-1", 0, 0],
					"position": [0, "0.4+math.sin(q.anim_time*90*1)*0.1", 0]
				},
				"fin_left": {
					"rotation": [6, -10, "-10+math.sin(q.anim_time*90*1-30)*-2"]
				},
				"fin_right": {
					"rotation": [6, 10, "10+math.sin(q.anim_time*90*1-30)*2"]
				},
				"tail": {
					"rotation": ["12+math.sin(q.anim_time*90*1)*1", 0, 0]
				},
				"fin_left2": {
					"rotation": [5, -15, "-20+math.sin(q.anim_time*90*1-90)*-2"]
				},
				"fin_right2": {
					"rotation": [5, 15, "20+math.sin(q.anim_time*90*1-90)*2"]
				},
				"tail2": {
					"rotation": ["18+math.sin(q.anim_time*90*1)*1", 0, 0]
				},
				"tail3": {
					"rotation": [-5, 0, "math.sin(q.anim_time*90*1)*-180"]
				},
				"head": {
					"rotation": ["-20+math.sin(q.anim_time*90*1-60)*-2", 0, 0]
				},
				"jaw": {
					"rotation": ["30.5+math.sin(q.anim_time*90*2-90)*2", 0, 0]
				}
			}
		},
		"animation.irontorpedo.ground_walk": {
			"loop": true,
			"bones": {
				"torso": {
					"rotation": ["-1+math.sin(q.anim_time*90*8)*-13", 0, "math.sin(q.anim_time*90*4-30)*-5"],
					"position": [
						0,
						"math.clamp(math.sin(q.anim_time*90*4)*8,0,10)+math.clamp(math.sin(q.anim_time*90*4-180)*6,0,5)",
						"math.clamp(math.sin(q.anim_time*90*4)*-1,-5,0)+math.clamp(math.sin(q.anim_time*90*4-180)*-0.8,-5,0)"
					]
				},
				"fin_left": {
					"rotation": [0, "-20+math.sin(q.anim_time*90*8-60)*-20", "math.sin(q.anim_time*90*8-30)*30"]
				},
				"fin_right": {
					"rotation": [0, "20+math.sin(q.anim_time*90*8-60)*20", "-(math.sin(q.anim_time*90*8-30)*30)"]
				},
				"tail": {
					"rotation": ["-4+math.sin(q.anim_time*90*8-30)*-8", 0, 0]
				},
				"fin_left2": {
					"rotation": [5, "-15+math.sin(q.anim_time*90*8-90)*-20", "math.sin(q.anim_time*90*8-60)*30"]
				},
				"fin_right2": {
					"rotation": [5, "15+math.sin(q.anim_time*90*8-90)*20", "-(math.sin(q.anim_time*90*8-60)*30)"]
				},
				"tail2": {
					"rotation": ["16+math.sin(q.anim_time*90*8-90)*-8", 0, 0]
				},
				"tail3": {
					"rotation": ["math.sin(q.anim_time*90*8-90)*-2", 0, "(q.anim_time*90*2-40)*3 "]
				},
				"head": {
					"rotation": ["math.sin(q.anim_time*90*8+40)*-8", 0, 0]
				},
				"jaw": {
					"rotation": ["3+math.sin(q.anim_time*90*8)*3", 0, 0]
				}
			}
		},
		"animation.irontorpedo.sleep": {
			"loop": true,
			"bones": {
				"torso": {
					"rotation": ["-2+math.sin(q.anim_time*90*0.5)*-1", 0, 0],
					"position": [0, "0.3+math.sin(q.anim_time*90*0.5)*0.1", 0]
				},
				"fin_left": {
					"rotation": [3, -20, "math.sin(q.anim_time*90*0.5-30)*2"]
				},
				"fin_right": {
					"rotation": [3, 20, "math.sin(q.anim_time*90*0.5-30)*-2"]
				},
				"tail": {
					"rotation": ["2+math.sin(q.anim_time*90*0.5)*1", 0, 0]
				},
				"fin_left2": {
					"rotation": [5, -15, "-2+math.sin(q.anim_time*90*0.5-90)*2"]
				},
				"fin_right2": {
					"rotation": [5, 15, "2+math.sin(q.anim_time*90*0.5-90)*-2"]
				},
				"tail2": {
					"rotation": ["6+math.sin(q.anim_time*90*0.5)*1", 0, 0]
				},
				"tail3": {
					"rotation": ["5+math.sin(q.anim_time*90*0.5)*1", "-5+math.sin(q.anim_time*90*0.5)*-1", "45+math.sin(q.anim_time*90*0.25)*-45"]
				},
				"head": {
					"rotation": ["0+math.sin(q.anim_time*90*0.5-60)*-1", 0, 0]
				},
				"jaw": {
					"rotation": ["2+math.sin(q.anim_time*90*0.5-90)*1", 0, 0]
				},
				"eyelid_left": {
					"position": [0.1, 0, 0]
				},
				"eyelid_right": {
					"position": [-0.1, 0, 0]
				}
			}
		},
		"animation.irontorpedo.cry": {
			"animation_length": 2.0833,
			"bones": {
				"head": {
					"rotation": {
						"0.0": [0, 0, 0],
						"0.0833": [2.5, 0, 0],
						"0.25": ["-11+math.sin(q.anim_time*90*20)*-0.5", 0, 0],
						"1.1667": [-14, 0, 0],
						"1.25": [-12, 0, 0],
						"1.4167": [-3, 0, 0],
						"1.5833": [-0.8, 0, 0],
						"1.8333": [0, 0, 0]
					}
				},
				"jaw": {
					"rotation": {
						"0.0": [0, 0, 0],
						"0.0833": [0, 0, 0],
						"0.1667": [6.49, 0, 0],
						"0.25": ["15+math.sin(q.anim_time*90*20-90)*1", 0, 0],
						"1.0833": [20, 0, 0],
						"1.25": [18.33, 0, 0],
						"1.5": [6, 0, 0],
						"1.6667": [2, 0, 0],
						"2.0": [0, 0, 0]
					}
				},
				"torso": {
					"rotation": {
						"0.1667": [0, 0, 0],
						"0.5": ["math.sin(q.anim_time*90*20-40)*-0.3 ", 0, 0],
						"1.3333": [0, 0, 0]
					}
				}
			},
			"sound_effects": {
				"0.0": {
					"effect": "barraskewda_ambient"
				}
			}
		},
		"animation.irontorpedo.blink": {
			"animation_length": 0.1667,
			"bones": {
				"eyelid_left": {
					"position": {
						"0.0": [0.1, 0, 0],
						"0.125": [0.1, 0, 0],
						"0.1667": [0, 0, 0]
					}
				},
				"eyelid_right": {
					"position": {
						"0.0": [-0.1, 0, 0],
						"0.125": [-0.1, 0, 0],
						"0.1667": [0, 0, 0]
					}
				}
			}
		}
	}
}