{
	"format_version": "1.12.0",
	"minecraft:geometry": [
		{
			"description": {
				"identifier": "geometry.desmotel",
				"texture_width": 128,
				"texture_height": 128,
				"visible_bounds_width": 4,
				"visible_bounds_height": 3.5,
				"visible_bounds_offset": [0, 1.25, 0]
			},
			"bones": [
				{
					"name": "swordbat",
					"pivot": [0, 0, 0]
				},
				{
					"name": "body",
					"parent": "swordbat",
					"pivot": [0, 14.05, 3.075]
				},
				{
					"name": "leg_left",
					"parent": "body",
					"pivot": [3, 9.55, 4.075],
					"cubes": [
						{"origin": [1.5, 5.05, 2.575], "size": [3, 5, 3], "uv": [13, 70]}
					]
				},
				{
					"name": "leg2_left",
					"parent": "leg_left",
					"pivot": [3.25, 5.05, 2.825],
					"cubes": [
						{"origin": [2.25, 1.05, 2.825], "size": [2, 4, 2], "uv": [79, 21]}
					]
				},
				{
					"name": "foot_left",
					"parent": "leg2_left",
					"pivot": [3.25, 1.05, 4.075],
					"cubes": [
						{"origin": [1.75, 0.05, 1.825], "size": [3, 1, 3], "uv": [75, 0]}
					]
				},
				{
					"name": "toe1_left1",
					"parent": "foot_left",
					"pivot": [2.25, 1.05, 1.825],
					"cubes": [
						{"origin": [1.75, 0.05, -0.175], "size": [1, 1, 2], "uv": [48, 72]}
					]
				},
				{
					"name": "toe1_left2",
					"parent": "toe1_left1",
					"pivot": [2.25, 1.05, -0.175],
					"cubes": [
						{"origin": [1.75, 0.05, -2.175], "size": [1, 1, 2], "inflate": 0.0001, "uv": [40, 50]},
						{"origin": [2.25, 0.05, -3.175], "size": [0, 1, 1], "uv": [2, 10]}
					]
				},
				{
					"name": "toe2_left1",
					"parent": "foot_left",
					"pivot": [3.25, 1.05, 1.825],
					"cubes": [
						{"origin": [2.75, 0.05, -0.175], "size": [1, 1, 2], "uv": [0, 47]}
					]
				},
				{
					"name": "toe2_left2",
					"parent": "toe2_left1",
					"pivot": [3.25, 1.05, -0.175],
					"cubes": [
						{"origin": [2.75, 0.05, -2.175], "size": [1, 1, 2], "inflate": 0.0001, "uv": [0, 44]},
						{"origin": [3.25, 0.05, -3.175], "size": [0, 1, 1], "uv": [0, 10]}
					]
				},
				{
					"name": "toe3_left1",
					"parent": "foot_left",
					"pivot": [4.25, 1.05, 1.825],
					"cubes": [
						{"origin": [3.75, 0.05, -0.175], "size": [1, 1, 2], "uv": [18, 30]}
					]
				},
				{
					"name": "toe3_left2",
					"parent": "toe3_left1",
					"pivot": [4.25, 1.05, -0.175],
					"cubes": [
						{"origin": [3.75, 0.05, -2.175], "size": [1, 1, 2], "inflate": 0.0001, "uv": [0, 30]},
						{"origin": [4.25, 0.05, -3.175], "size": [0, 1, 1], "uv": [2, 3]}
					]
				},
				{
					"name": "leg_right",
					"parent": "body",
					"pivot": [-3, 9.55, 4.075],
					"cubes": [
						{"origin": [-4.5, 5.05, 2.575], "size": [3, 5, 3], "uv": [69, 69]}
					]
				},
				{
					"name": "leg2_right",
					"parent": "leg_right",
					"pivot": [-3.25, 5.05, 2.825],
					"cubes": [
						{"origin": [-4.25, 1.05, 2.825], "size": [2, 4, 2], "uv": [45, 78]}
					]
				},
				{
					"name": "foot_right",
					"parent": "leg2_right",
					"pivot": [-3.25, 1.05, 4.075],
					"cubes": [
						{"origin": [-4.75, 0.05, 1.825], "size": [3, 1, 3], "uv": [73, 64]}
					]
				},
				{
					"name": "toe1_right1",
					"parent": "foot_right",
					"pivot": [-2.25, 1.05, 1.825],
					"cubes": [
						{"origin": [-2.75, 0.05, -0.175], "size": [1, 1, 2], "uv": [18, 27]}
					]
				},
				{
					"name": "toe1_right2",
					"parent": "toe1_right1",
					"pivot": [-2.25, 1.05, -0.175],
					"cubes": [
						{"origin": [-2.75, 0.05, -2.175], "size": [1, 1, 2], "inflate": 0.0001, "uv": [0, 27]},
						{"origin": [-2.25, 0.05, -3.175], "size": [0, 1, 1], "uv": [0, 3]}
					]
				},
				{
					"name": "toe2_right1",
					"parent": "foot_right",
					"pivot": [-3.25, 1.05, 1.825],
					"cubes": [
						{"origin": [-3.75, 0.05, -0.175], "size": [1, 1, 2], "uv": [18, 23]}
					]
				},
				{
					"name": "toe2_right2",
					"parent": "toe2_right1",
					"pivot": [-3.25, 1.05, -0.175],
					"cubes": [
						{"origin": [-3.75, 0.05, -2.175], "size": [1, 1, 2], "inflate": 0.0001, "uv": [0, 23]},
						{"origin": [-3.25, 0.05, -3.175], "size": [0, 1, 1], "uv": [2, 2]}
					]
				},
				{
					"name": "toe3_right1",
					"parent": "foot_right",
					"pivot": [-4.25, 1.05, 1.825],
					"cubes": [
						{"origin": [-4.75, 0.05, -0.175], "size": [1, 1, 2], "uv": [18, 20]}
					]
				},
				{
					"name": "toe3_right2",
					"parent": "toe3_right1",
					"pivot": [-4.25, 1.05, -0.175],
					"cubes": [
						{"origin": [-4.75, 0.05, -2.175], "size": [1, 1, 2], "inflate": 0.0001, "uv": [0, 20]},
						{"origin": [-4.25, 0.05, -3.175], "size": [0, 1, 1], "uv": [0, 2]}
					]
				},
				{
					"name": "torso1",
					"parent": "body",
					"pivot": [0, 10.74166, 5.27598],
					"cubes": [
						{"origin": [-3.5, 9.80856, 1.39534], "size": [7, 4, 5], "pivot": [0, 11.74166, 3.27598], "rotation": [15, 0, 0], "uv": [0, 11]},
						{"origin": [-2.5, 6.05, 1.025], "size": [5, 5, 0], "uv": [9, 58]},
						{"origin": [-4, 9.05, 1.075], "size": [8, 2, 6], "uv": [0, 44]}
					]
				},
				{
					"name": "torso2",
					"parent": "torso1",
					"pivot": [0, 14.64641, 5.61276],
					"cubes": [
						{"origin": [-3.5, 12.78029, -1.00335], "size": [7, 6, 5], "inflate": 0.001, "pivot": [0, 15.78029, 2.74665], "rotation": [45, 0, 0], "uv": [0, 0]}
					]
				},
				{
					"name": "uppertorso",
					"parent": "torso2",
					"pivot": [0, 16.76566, 1.53382],
					"cubes": [
						{"origin": [-4.5, 9.6735, 5.37469], "size": [9, 6, 0], "inflate": 0.001, "pivot": [0, 15.28125, 0.64959], "rotation": [42.5, 0, 0], "uv": [55, 36]},
						{"origin": [-5, 10.85957, -5.89334], "size": [10, 9, 8], "pivot": [0, 15.28125, 0.64959], "rotation": [-25, 0, 0], "uv": [47, 42]},
						{"origin": [-5, 10.85957, -5.89334], "size": [10, 9, 8], "inflate": 0.25, "pivot": [0, 15.28125, 0.64959], "rotation": [-25, 0, 0], "uv": [86, 4]},
						{"origin": [-5, 12.51284, -6.62816], "size": [10, 5, 0], "pivot": [0, 15.28125, 0.64959], "rotation": [27.5, 0, 0], "uv": [55, 23]},
						{"origin": [-5, 13.04967, -6.62816], "size": [10, 5, 0], "pivot": [0, 15.28125, 0.64959], "rotation": [-77.5, 0, 0], "uv": [55, 18]},
						{"origin": [-5, 13.35405, -7.02483], "size": [10, 6, 0], "pivot": [0, 15.28125, 0.64959], "rotation": [-52.5, 25, 90], "uv": [55, 6], "mirror": true},
						{"origin": [-5, 13.35405, -7.02483], "size": [10, 6, 0], "pivot": [0, 15.28125, 0.64959], "rotation": [-52.5, -25, -90], "uv": [55, 12]}
					]
				},
				{
					"name": "arm_left",
					"parent": "uppertorso",
					"pivot": [5.00491, 17.11669, 0.66476],
					"cubes": [
						{"origin": [5, 15.08315, -1.47618], "size": [4, 3, 3], "uv": [73, 36]},
						{"origin": [6.5, 14.58315, -1.97618], "size": [2, 4, 4], "pivot": [7.5, 16.58315, 0.02382], "rotation": [0, 0, 7.5], "uv": [51, 72]},
						{"origin": [4.91645, 17.44851, -1.94014], "size": [6, 1, 6], "pivot": [7.91645, 17.94851, 1.05986], "rotation": [-30.61882, 41.41316, -13.63885], "uv": [0, 27]},
						{"origin": [6.04093, 18.39407, -0.63943], "size": [4, 2, 4], "pivot": [8.04093, 18.89407, 1.36057], "rotation": [-30.61882, 41.41316, -13.63885], "uv": [24, 67]},
						{"origin": [5.54093, 20.39407, 1.36057], "size": [5, 5, 0], "pivot": [8.04093, 18.89407, 1.36057], "rotation": [-22.45744, 0.65182, 7.47178], "uv": [75, 16]},
						{"origin": [9, 15.58315, -0.97618], "size": [6, 2, 2], "uv": [71, 32]}
					]
				},
				{
					"name": "arm2_left",
					"parent": "arm_left",
					"pivot": [15, 15.58315, 1.02382],
					"cubes": [
						{"origin": [22, 14.08315, -2.47618], "size": [2, 5, 5], "uv": [14, 58]},
						{"origin": [15, 15.08315, -1.47618], "size": [9, 3, 3], "uv": [0, 52]}
					]
				},
				{
					"name": "hand_left",
					"parent": "arm2_left",
					"pivot": [23.5, 17.08315, 0.02382],
					"cubes": [
						{"origin": [23, 14.58315, -1.97618], "size": [4, 4, 4], "uv": [28, 59]},
						{"origin": [23.5, 15.33315, 2.02382], "size": [3, 3, 1], "uv": [23, 59]}
					]
				},
				{
					"name": "finger_sword",
					"parent": "hand_left",
					"pivot": [25, 16.83315, 3.02382],
					"cubes": [
						{"origin": [17, 16.83315, 4.02382], "size": [15, 0, 25], "uv": [0, 25]},
						{"origin": [24, 15.83315, 2.02382], "size": [2, 2, 3], "uv": [76, 59]}
					]
				},
				{
					"name": "finger1_left1",
					"parent": "hand_left",
					"pivot": [27, 18.58315, -0.97618],
					"cubes": [
						{"origin": [27, 16.58315, -1.47618], "size": [3, 2, 1], "uv": [69, 82]}
					]
				},
				{
					"name": "finger1_left2",
					"parent": "finger1_left1",
					"pivot": [30, 18.58315, -0.97618],
					"cubes": [
						{"origin": [30, 16.58315, -1.47618], "size": [3, 2, 1], "inflate": 0.001, "uv": [82, 64]}
					]
				},
				{
					"name": "finger1_left3",
					"parent": "finger1_left2",
					"pivot": [33, 18.58315, -0.97618],
					"cubes": [
						{"origin": [33, 16.58315, -0.97618], "size": [3, 2, 0], "uv": [75, 21]}
					]
				},
				{
					"name": "finger2_left1",
					"parent": "hand_left",
					"pivot": [27, 18.58315, 1.02382],
					"cubes": [
						{"origin": [27, 16.58315, 0.52382], "size": [3, 2, 1], "uv": [61, 82]}
					]
				},
				{
					"name": "finger2_left2",
					"parent": "finger2_left1",
					"pivot": [30, 18.58315, 1.02382],
					"cubes": [
						{"origin": [30, 16.58315, 0.52382], "size": [3, 2, 1], "inflate": 0.001, "uv": [82, 42]}
					]
				},
				{
					"name": "finger2_left3",
					"parent": "finger2_left2",
					"pivot": [33, 18.58315, 1.02382],
					"cubes": [
						{"origin": [33, 16.58315, 1.02382], "size": [3, 2, 0], "uv": [33, 73]}
					]
				},
				{
					"name": "arm_right",
					"parent": "uppertorso",
					"pivot": [-5.00491, 17.11669, 0.66476],
					"cubes": [
						{"origin": [-10.54093, 20.39407, 1.36057], "size": [5, 5, 0], "pivot": [-8.04093, 18.89407, 1.36057], "rotation": [-22.45744, -0.65182, -7.47178], "uv": [75, 11]},
						{"origin": [-9, 15.08315, -1.47618], "size": [4, 3, 3], "uv": [37, 72]},
						{"origin": [-8.5, 14.58315, -1.97618], "size": [2, 4, 4], "pivot": [-7.5, 16.58315, 0.02382], "rotation": [0, 0, -7.5], "uv": [71, 24]},
						{"origin": [-10.91645, 17.44851, -1.94014], "size": [6, 1, 6], "pivot": [-7.91645, 17.94851, 1.05986], "rotation": [-30.61882, -41.41316, 13.63885], "uv": [0, 20]},
						{"origin": [-10.04093, 18.39407, -0.63943], "size": [4, 2, 4], "pivot": [-8.04093, 18.89407, 1.36057], "rotation": [-30.61882, -41.41316, 13.63885], "uv": [63, 0]},
						{"origin": [-15, 15.58315, -0.97618], "size": [6, 2, 2], "uv": [0, 40]}
					]
				},
				{
					"name": "arm2_right",
					"parent": "arm_right",
					"pivot": [-15, 15.58315, 1.02382],
					"cubes": [
						{"origin": [-24, 14.08315, -2.47618], "size": [2, 5, 5], "uv": [0, 58]},
						{"origin": [-24, 15.08315, -1.47618], "size": [9, 3, 3], "uv": [0, 34]}
					]
				},
				{
					"name": "hand_right",
					"parent": "arm2_right",
					"pivot": [-23.5, 17.08315, 0.02382],
					"cubes": [
						{"origin": [-27, 14.58315, -1.97618], "size": [4, 4, 4], "uv": [55, 28]},
						{"origin": [-26.5, 15.33315, 2.02382], "size": [3, 3, 1], "uv": [16, 40]}
					]
				},
				{
					"name": "finger_sword2",
					"parent": "hand_right",
					"pivot": [-25, 16.83315, 3.02382],
					"cubes": [
						{"origin": [-32, 16.83315, 4.02382], "size": [15, 0, 25], "uv": [0, 0]},
						{"origin": [-26, 15.83315, 2.02382], "size": [2, 2, 3], "uv": [75, 42]}
					]
				},
				{
					"name": "finger1_right1",
					"parent": "hand_right",
					"pivot": [-27, 18.58315, -0.97618],
					"cubes": [
						{"origin": [-30, 16.58315, -1.47618], "size": [3, 2, 1], "uv": [28, 82]}
					]
				},
				{
					"name": "finger1_right2",
					"parent": "finger1_right1",
					"pivot": [-30, 18.58315, -0.97618],
					"cubes": [
						{"origin": [-33, 16.58315, -1.47618], "size": [3, 2, 1], "inflate": 0.001, "uv": [81, 72]}
					]
				},
				{
					"name": "finger1_right3",
					"parent": "finger1_right2",
					"pivot": [-33, 18.58315, -0.97618],
					"cubes": [
						{"origin": [-36, 16.58315, -0.97618], "size": [3, 2, 0], "uv": [22, 69]}
					]
				},
				{
					"name": "finger2_right1",
					"parent": "hand_right",
					"pivot": [-27, 18.58315, 1.02382],
					"cubes": [
						{"origin": [-30, 16.58315, 0.52382], "size": [3, 2, 1], "uv": [20, 81]}
					]
				},
				{
					"name": "finger2_right2",
					"parent": "finger2_right1",
					"pivot": [-30, 18.58315, 1.02382],
					"cubes": [
						{"origin": [-33, 16.58315, 0.52382], "size": [3, 2, 1], "inflate": 0.001, "uv": [75, 47]}
					]
				},
				{
					"name": "finger2_right3",
					"parent": "finger2_right2",
					"pivot": [-33, 18.58315, 1.02382],
					"cubes": [
						{"origin": [-36, 16.58315, 1.02382], "size": [3, 2, 0], "uv": [21, 52]}
					]
				},
				{
					"name": "head",
					"parent": "uppertorso",
					"pivot": [0, 19.33024, -4.96998],
					"cubes": [
						{"origin": [-18.82863, 21.67086, -0.03512], "size": [5, 5, 0], "pivot": [-11.57863, 22.17086, -2.03512], "rotation": [41.37373, 43.21029, 59.19755], "uv": [63, 77]},
						{"origin": [-13.82863, 20.67086, -0.03512], "size": [7, 7, 1], "pivot": [-11.57863, 22.17086, -2.03512], "rotation": [41.37373, 43.21029, 59.19755], "uv": [44, 59]},
						{"origin": [-6.82863, 21.17086, -0.03512], "size": [3, 6, 2], "pivot": [-11.57863, 22.17086, -2.03512], "rotation": [41.37373, 43.21029, 59.19755], "uv": [0, 73]},
						{"origin": [-9.87424, 17.29042, -6.12393], "size": [4, 4, 0], "pivot": [-8.37424, 18.56542, -7.07393], "rotation": [7.60584, 41.55487, 18.96607], "uv": [53, 80]},
						{"origin": [-7.10987, 16.31542, -9.14037], "size": [5, 5, 0], "pivot": [-3.85987, 19.06542, -9.14037], "rotation": [7.09999, 21.40584, 18.84359], "uv": [73, 77]},
						{"origin": [-6.15, 12.56542, -10.46027], "size": [5, 4, 0], "pivot": [0, 1.56542, -9.46027], "rotation": [0, 22.5, 0], "uv": [59, 72]},
						{"origin": [-6.6, 16.56542, -10.46027], "size": [7, 4, 1], "pivot": [0.05, 1.56542, -9.46027], "rotation": [0, 22.5, 0], "uv": [56, 67]},
						{"origin": [-0.4, 16.56542, -10.46027], "size": [7, 4, 1], "pivot": [-0.05, 1.56542, -9.46027], "rotation": [0, -22.5, 0], "uv": [0, 68]},
						{"origin": [1.15, 12.56542, -10.46027], "size": [5, 4, 0], "pivot": [0, 1.56542, -9.46027], "rotation": [0, -22.5, 0], "uv": [78, 68]},
						{"origin": [2.10987, 16.31542, -9.14037], "size": [5, 5, 0], "pivot": [3.85987, 19.06542, -9.14037], "rotation": [7.09999, -21.40584, -18.84359], "uv": [10, 78]},
						{"origin": [-0.425, 18.81542, -10.63527], "size": [3, 4, 0], "pivot": [0.025, -1.18458, -9.63527], "rotation": [0, -22.5, 0], "uv": [19, 0]},
						{"origin": [5.87424, 17.29042, -6.12393], "size": [4, 4, 0], "pivot": [8.37424, 18.56542, -7.07393], "rotation": [7.60584, -41.55487, -18.96607], "uv": [0, 81]},
						{"origin": [3.82863, 21.17086, -0.03512], "size": [3, 6, 2], "pivot": [11.57863, 22.17086, -2.03512], "rotation": [41.37373, -43.21029, -59.19755], "uv": [25, 73]},
						{"origin": [6.82863, 20.67086, -0.03512], "size": [7, 7, 1], "pivot": [11.57863, 22.17086, -2.03512], "rotation": [41.37373, -43.21029, -59.19755], "uv": [60, 59]},
						{"origin": [13.82863, 21.67086, -0.03512], "size": [5, 5, 0], "pivot": [11.57863, 22.17086, -2.03512], "rotation": [41.37373, -43.21029, -59.19755], "uv": [35, 78]},
						{"origin": [-2.575, 18.81542, -10.63527], "size": [3, 4, 0], "pivot": [-0.025, -1.18458, -9.63527], "rotation": [0, 22.5, 0], "uv": [19, 11]},
						{"origin": [-1.40038, 18.06542, -10.37177], "size": [1, 3, 0], "pivot": [-0.90038, 19.81542, -10.37177], "rotation": [3.09472, 22.29711, 8.11003], "uv": [2, 0]},
						{"origin": [0.40038, 18.06542, -10.37177], "size": [1, 3, 0], "pivot": [0.90038, 19.81542, -10.37177], "rotation": [3.09472, -22.29711, -8.11003], "uv": [0, 0]},
						{"origin": [-3, 14.95553, -8.82964], "size": [6, 5, 4], "pivot": [0, 17.95553, -7.82964], "rotation": [-5, 0, 0], "uv": [24, 50]},
						{"origin": [-4, 18.70553, -9.57964], "size": [8, 5, 0], "pivot": [0, 17.95553, -7.82964], "rotation": [-45, 0, 0], "uv": [40, 67]},
						{"origin": [1, 14.67413, -9.39446], "size": [1, 2, 0], "pivot": [1.5, 15.67413, -9.39446], "rotation": [2.41492, -0.64686, 14.98637], "uv": [0, 12]},
						{"origin": [-2, 14.67413, -9.39446], "size": [1, 2, 0], "pivot": [-1.5, 15.67413, -9.39446], "rotation": [2.41492, 0.64686, -14.98637], "uv": [2, 12]},
						{"origin": [-2.5, 12.59048, -9.29803], "size": [5, 1, 0], "pivot": [0, 14.37377, -8.84012], "rotation": [25, 0, 0], "uv": [15, 68]},
						{"origin": [-2.5, 12.53158, -8.94501], "size": [5, 4, 1], "pivot": [0, 14.37377, -8.84012], "rotation": [12.5, 0, 0], "uv": [75, 6]}
					]
				},
				{
					"name": "tail",
					"parent": "torso1",
					"pivot": [0, 10.05, 7.075],
					"cubes": [
						{"origin": [-2, 10.05, 6.075], "size": [4, 0, 6], "uv": [49, 0]}
					]
				}
			]
		}
	]
}