{
	"format_version": "1.12.0",
	"minecraft:geometry": [
		{
			"description": {
				"identifier": "geometry.jibanyan",
				"texture_width": 128,
				"texture_height": 64,
				"visible_bounds_width": 3,
				"visible_bounds_height": 2.5,
				"visible_bounds_offset": [0, 0.75, 0]
			},
			"bones": [
				{
					"name": "jibanyan",
					"pivot": [0, 0, 0]
				},
				{
					"name": "body",
					"parent": "jibanyan",
					"pivot": [0, 2.85, 0.1]
				},
				{
					"name": "torso",
					"parent": "body",
					"pivot": [0, 3.4, 0],
					"cubes": [
						{"origin": [-3.5, 7.4, -3], "size": [7, 3, 6], "uv": [38, 1]},
						{"origin": [-4, 2, -3.4], "size": [8, 6, 7], "uv": [0, 35]},
						{"origin": [-4.5, 3.2, -3.4], "size": [9, 3, 7], "inflate": 0.01, "uv": [31, 38]}
					]
				},
				{
					"name": "head",
					"parent": "torso",
					"pivot": [0, 10.45, -3.3],
					"cubes": [
						{"origin": [-6.5, 10.4, -6], "size": [13, 9, 11], "uv": [0, 0]},
						{"origin": [-1, 13.9, -6.1], "size": [2, 1, 0], "uv": [44, 21]}
					]
				},
				{
					"name": "right_eyelid",
					"parent": "head",
					"pivot": [-3.4, 15.3, -5.01],
					"cubes": [
						{"origin": [-4.9, 14.3, -5.01], "size": [3, 2, 0], "uv": [58, 22], "mirror": true}
					]
				},
				{
					"name": "left_eyelid",
					"parent": "head",
					"pivot": [3.4, 15.3, -5.01],
					"cubes": [
						{"origin": [1.9, 14.3, -5.01], "size": [3, 2, 0], "uv": [58, 22]}
					]
				},
				{
					"name": "left_eye",
					"parent": "head",
					"pivot": [3.4, 14.8, -6.015],
					"cubes": [
						{"origin": [1.9, 13.3, -6.01], "size": [3, 3, 0], "uv": [7, 21]},
						{"origin": [2.4, 13.8, -6.02], "size": [2, 2, 0], "uv": [8, 25]}
					]
				},
				{
					"name": "right_eye",
					"parent": "head",
					"pivot": [-3.4, 14.8, -6.015],
					"cubes": [
						{"origin": [-4.9, 13.3, -6.01], "size": [3, 3, 0], "uv": [0, 21], "mirror": true},
						{"origin": [-4.4, 13.8, -6.02], "size": [2, 2, 0], "uv": [1, 25], "mirror": true}
					]
				},
				{
					"name": "mouth",
					"parent": "head",
					"pivot": [0, 12.8, -6],
					"cubes": [
						{"origin": [-6.5, 11, -6.01], "size": [13, 3, 0], "uv": [14, 21]}
					]
				},
				{
					"name": "right_ear",
					"parent": "head",
					"pivot": [-3.765, 18.5847, -1],
					"cubes": [
						{"origin": [-6.7, 18.6, -1], "size": [5, 5, 0], "pivot": [-3.4, 22.4, -1], "rotation": [0, 0, -9], "uv": [0, 6]}
					]
				},
				{
					"name": "left_ear",
					"parent": "head",
					"pivot": [3.765, 18.4847, -1],
					"cubes": [
						{"origin": [1.7, 18.6, -1], "size": [5, 5, 0], "pivot": [3.4, 22.4, -1], "rotation": [0, 0, 9], "uv": [0, 1], "mirror": true}
					]
				},
				{
					"name": "left_arm",
					"parent": "torso",
					"pivot": [2.5, 9, 0],
					"cubes": [
						{"origin": [2.5, 8, -1], "size": [4, 2, 2], "uv": [62, 12]}
					]
				},
				{
					"name": "left_paw",
					"parent": "left_arm",
					"pivot": [6.5, 9, 0],
					"cubes": [
						{"origin": [6.5, 8, -1], "size": [2, 2, 2], "uv": [58, 17]}
					]
				},
				{
					"name": "right_arm",
					"parent": "torso",
					"pivot": [-2.5, 9, 0],
					"cubes": [
						{"origin": [-6.5, 8, -1], "size": [4, 2, 2], "uv": [49, 12], "mirror": true}
					]
				},
				{
					"name": "right_paw",
					"parent": "right_arm",
					"pivot": [-6.5, 9, 0],
					"cubes": [
						{"origin": [-8.5, 8, -1], "size": [2, 2, 2], "uv": [67, 17], "mirror": true}
					]
				},
				{
					"name": "perle",
					"parent": "torso",
					"pivot": [0, 9.72825, -2.6813],
					"cubes": [
						{"origin": [-1, 8.7093, -4.71069], "size": [2, 2, 2], "pivot": [0, 9.72825, -2.6813], "rotation": [28, 0, 0], "uv": [49, 17]}
					]
				},
				{
					"name": "right_tail",
					"parent": "torso",
					"pivot": [-1, 2, 3.625],
					"cubes": [
						{"origin": [-1.5, 2, 2.6], "size": [1, 1, 6], "uv": [42, 27]}
					]
				},
				{
					"name": "right_tail2",
					"parent": "right_tail",
					"pivot": [-1, 2.03333, 8.63333],
					"cubes": [
						{"origin": [-1.5, 2, 8.6], "size": [1, 1, 4], "uv": [37, 28]}
					]
				},
				{
					"name": "right_flame",
					"parent": "right_tail2",
					"pivot": [-1, 2, 12.6],
					"cubes": [
						{"origin": [-2, 1.5, 12.6], "size": [2, 3, 3], "uv": [56, 28]},
						{"origin": [-1, 4.5, 12.6], "size": [0, 3, 3], "uv": [67, 28]}
					]
				},
				{
					"name": "left_tail",
					"parent": "torso",
					"pivot": [1, 2, 3.625],
					"cubes": [
						{"origin": [0.5, 2, 2.6], "size": [1, 1, 6], "uv": [5, 27]}
					]
				},
				{
					"name": "left_tail2",
					"parent": "left_tail",
					"pivot": [1, 2.03333, 8.63333],
					"cubes": [
						{"origin": [0.5, 2, 8.6], "size": [1, 1, 4], "uv": [0, 28]}
					]
				},
				{
					"name": "left_flame",
					"parent": "left_tail2",
					"pivot": [1, 2, 12.6],
					"cubes": [
						{"origin": [0, 1.5, 12.6], "size": [2, 3, 3], "uv": [19, 28]},
						{"origin": [1, 4.5, 12.6], "size": [0, 3, 3], "uv": [30, 28]}
					]
				},
				{
					"name": "left_leg",
					"parent": "body",
					"pivot": [2.4, 3, 0],
					"cubes": [
						{"origin": [1.4, 0, -1], "size": [2, 3, 2], "uv": [64, 36]}
					]
				},
				{
					"name": "right_leg",
					"parent": "body",
					"pivot": [-2.4, 3, 0],
					"cubes": [
						{"origin": [-3.4, 0, -1], "size": [2, 3, 2], "uv": [64, 43]}
					]
				}
			]
		}
	]
}