{
	"format_version": "1.8.0",
	"animations": {
		"animation.solarica.ground_idle": {
			"loop": true,
			"bones": {
				"body": {
					"position": [0, -1.35, 0]
				},
				"torso": {
					"rotation": ["2.5+Math.cos((query.anim_time) * 90 * 2 - 90) * -2", 0, 0],
					"position": [0, "-0.25+Math.cos((query.anim_time) * 90 * 2) * 0.2", 0]
				},
				"neck": {
					"rotation": ["12.5+Math.cos((query.anim_time) * 90 * 2 - 60) * 3", 0, 0]
				},
				"head": {
					"rotation": ["Math.cos((query.anim_time) * 90 * 2 - 120) * 3", 0, 0]
				},
				"hair": {
					"rotation": [
						"0+Math.cos((query.anim_time) * 90 * 12) * 2",
						"0+Math.cos((query.anim_time) * 90 * 12-60) * 2",
						"0+Math.cos((query.anim_time) * 90 * 12-120) * 2"
					],
					"scale": [1, "1+math.sin(q.anim_time*90*12)*0.1", "1+math.sin(q.anim_time*90*12-90)*0.1"]
				},
				"mandible_left": {
					"rotation": [0, "2*(math.sin(q.anim_time*90*4)*1)", 0]
				},
				"mandible_left2": {
					"rotation": [0, "2*(math.sin(q.anim_time*90*4-60)*1)", 0]
				},
				"mandible_left3": {
					"rotation": [0, "2*(math.sin(q.anim_time*90*4-120)*1)", 0]
				},
				"mandible_right": {
					"rotation": [0, "-2*(math.sin(q.anim_time*90*4)*1)", 0]
				},
				"mandible_right2": {
					"rotation": [0, "-2*(math.sin(q.anim_time*90*4-60)*1)", 0]
				},
				"mandible_right3": {
					"rotation": [0, "-2*(math.sin(q.anim_time*90*4-120)*1)", 0]
				},
				"arm_right": {
					"rotation": [22.48839, "-71.0069-Math.cos((query.anim_time) * 90 * 2 - 30) * 1", -23.64436]
				},
				"arm_left": {
					"rotation": [53.62912, "60.7934+Math.cos((query.anim_time) * 90 * 2 - 30) * 1", 41.70432]
				},
				"wing": {
					"rotation": [3.7709, "28.9553-20*2+1*(math.sin(q.anim_time*90*3)*1+1)", -8.78312]
				},
				"wing2": {
					"rotation": [-32.08534, "15.2283+10*2+2*(math.sin(q.anim_time*90*3-90)*1+1)", -9.78669]
				},
				"wing3": {
					"rotation": [37.5, "25*2+2*(math.sin(q.anim_time*90*3-90)*1+1)", 0],
					"position": [0.25, 0.3, -0.25]
				},
				"feather6": {
					"rotation": [
						"-2.9848+Math.cos((query.anim_time) * 90 * 12-216) * 2",
						"15.257+Math.cos((query.anim_time) * 90 * 12-60-216) * 2",
						"19.2765+Math.cos((query.anim_time) * 90 * 12-120-216) * 2"
					],
					"position": [0, 0, 0.2],
					"scale": ["1+math.sin(q.anim_time*90*12-90-216)*0.1", "1+math.sin(q.anim_time*90*12-216)*0.1", 1]
				},
				"feather5": {
					"rotation": [
						"-0.2968+Math.cos((query.anim_time) * 90 * 12-180) * 2",
						"15.7326+Math.cos((query.anim_time) * 90 * 12-60-180) * 2",
						"19.3933+Math.cos((query.anim_time) * 90 * 12-120-180) * 2"
					],
					"position": [0, 0, 0.2],
					"scale": ["1+math.sin(q.anim_time*90*12-90-180)*0.1", "1+math.sin(q.anim_time*90*12-180)*0.1", 1]
				},
				"feather4": {
					"rotation": [
						"-46.9275+Math.cos((query.anim_time) * 90 * 12-144) * 2",
						"17.0303+Math.cos((query.anim_time) * 90 * 12-60-144) * 2",
						"19.5735+Math.cos((query.anim_time) * 90 * 12-120-144) * 2"
					],
					"position": [0, 0, 1.25],
					"scale": ["1+math.sin(q.anim_time*90*12-90-144)*0.1", "1+math.sin(q.anim_time*90*12-144)*0.1", 1]
				},
				"feather3": {
					"rotation": [
						"-0.3006+Math.cos((query.anim_time) * 90 * 12-108) * 2",
						"-2.3789+Math.cos((query.anim_time) * 90 * 12-60-108) * 2",
						"9.0442+Math.cos((query.anim_time) * 90 * 12-120-108) * 2"
					],
					"scale": ["1+math.sin(q.anim_time*90*12-90-108)*0.1", "1+math.sin(q.anim_time*90*12-108)*0.1", 1]
				},
				"feather2": {
					"rotation": [
						"-0.266+Math.cos((query.anim_time) * 90 * 12-72) * 2",
						"-2.5932+Math.cos((query.anim_time) * 90 * 12-60-72) * 2",
						"10.9875+Math.cos((query.anim_time) * 90 * 12-120-72) * 2"
					],
					"scale": ["1+math.sin(q.anim_time*90*12-90-72)*0.1", "1+math.sin(q.anim_time*90*12-72)*0.1", 1]
				},
				"feather": {
					"rotation": [
						"-0.1958+Math.cos((query.anim_time) * 90 * 12-36) * 2",
						"-2.75+Math.cos((query.anim_time) * 90 * 12-60-36) * 2",
						"12.4027+Math.cos((query.anim_time) * 90 * 12-120-36) * 2"
					],
					"position": [-0.2, -1.7, -0.1],
					"scale": ["1+math.sin(q.anim_time*90*12-90-36)*0.1", "1+math.sin(q.anim_time*90*12-36)*0.1", 1]
				},
				"leg_left": {
					"rotation": [-2.5, 0, -10]
				},
				"leg_left2": {
					"rotation": [10, 0, 0]
				},
				"foot_left": {
					"rotation": [-7.49804, 0.02205, 10.16879],
					"position": [0, 0.75, 0]
				},
				"leg_right": {
					"rotation": [-2.5, 0, 10]
				},
				"leg_right2": {
					"rotation": [10, 0, 0]
				},
				"foot_right": {
					"rotation": [-7.49804, -0.02205, -10.16879],
					"position": [0, 0.75, 0]
				},
				"arm_right2": {
					"rotation": [258.0438, "-77.5462-Math.cos((query.anim_time) * 90 * 2 - 60) * 1", -261.00148]
				},
				"hand_right": {
					"rotation": [0, "7.5-Math.cos((query.anim_time) * 90 * 2 - 90) * 1", -15]
				},
				"arm_left2": {
					"rotation": [-89.53867, "80.3812+Math.cos((query.anim_time) * 90 * 2 - 60) * 1", -91.4565]
				},
				"hand_left": {
					"rotation": [11.26653, "25.252+Math.cos((query.anim_time) * 90 * 2 - 90) * 1", 25.03149]
				},
				"waist": {
					"rotation": [-12.5, 0, 0]
				},
				"claw_back_left": {
					"rotation": [0, 0, "10-Math.cos((query.anim_time) * 90 * 2) * 3"]
				},
				"claw_back_left2": {
					"rotation": [0, 0, "37.5-Math.cos((query.anim_time) * 90 * 2-60) * 3"]
				},
				"claw_back_left3": {
					"rotation": [0, 0, "15-Math.cos((query.anim_time) * 90 * 2-120) * 3"]
				},
				"claw_front_left": {
					"rotation": [0, 0, "10-Math.cos((query.anim_time) * 90 * 2) * 3"]
				},
				"claw_front_left2": {
					"rotation": [0, 0, "37.5-Math.cos((query.anim_time) * 90 * 2-60) * 3"]
				},
				"claw_front_left3": {
					"rotation": [0, 0, "15-Math.cos((query.anim_time) * 90 * 2-120) * 3"]
				},
				"claw_front_right": {
					"rotation": [0, 0, "-12.5-Math.cos((query.anim_time) * 90 * 2) * 3"]
				},
				"claw_front_right2": {
					"rotation": [0, 0, "-32.5-Math.cos((query.anim_time) * 90 * 2-60) * 3"]
				},
				"claw_front_right3": {
					"rotation": [0, 0, "-30-Math.cos((query.anim_time) * 90 * 2-120) * 3"]
				},
				"claw_back_right": {
					"rotation": [0, 0, "-20-Math.cos((query.anim_time) * 90 * 2) * 3"],
					"position": [0, -0.1, 0]
				},
				"claw_back_right2": {
					"rotation": [0, 0, "-37.5-Math.cos((query.anim_time) * 90 * 2-60) *3"]
				},
				"claw_back_right3": {
					"rotation": [0, 0, "-27.5-Math.cos((query.anim_time) * 90 * 2-120) * 3"]
				}
			}
		},
		"animation.solarica.battle_idle": {
			"loop": true,
			"bones": {
				"body": {
					"position": [0, -1.35, 0]
				},
				"torso": {
					"rotation": ["2.5+Math.cos((query.anim_time) * 90 * 2 - 90) * -2", 0, 0],
					"position": [0, "-0.25+Math.cos((query.anim_time) * 90 * 2) * 0.2", 0]
				},
				"neck": {
					"rotation": ["12.5+Math.cos((query.anim_time) * 90 * 2 - 60) * 3", 0, 0]
				},
				"head": {
					"rotation": ["7.5+Math.cos((query.anim_time) * 90 * 2 - 120) * 3", 0, 0]
				},
				"hair": {
					"rotation": [
						"0+Math.cos((query.anim_time) * 90 * 12) * 2",
						"0+Math.cos((query.anim_time) * 90 * 12-60) * 2",
						"0+Math.cos((query.anim_time) * 90 * 12-120) * 2"
					],
					"scale": [1, "1+math.sin(q.anim_time*90*12)*0.1", "1+math.sin(q.anim_time*90*12-90)*0.1"]
				},
				"mandible_left": {
					"rotation": [-10.58678, "15.4636+2*(math.sin(q.anim_time*90*4)*1)", 11.69592]
				},
				"mandible_left2": {
					"rotation": [0, "20+2*(math.sin(q.anim_time*90*4-60)*1)", 0]
				},
				"mandible_left3": {
					"rotation": [0, "2*(math.sin(q.anim_time*90*4-120)*1)", 0]
				},
				"mandible_right": {
					"rotation": [-10.58678, "-15.4636-2*(math.sin(q.anim_time*90*4)*1)", -11.69592]
				},
				"mandible_right2": {
					"rotation": [0, "-20-2*(math.sin(q.anim_time*90*4-60)*1)", 0]
				},
				"mandible_right3": {
					"rotation": [0, "-2*(math.sin(q.anim_time*90*4-120)*1)", 0]
				},
				"arm_right": {
					"rotation": [22.48839, "-71.0069-Math.cos((query.anim_time) * 90 * 2 - 30) * 1", -23.64436]
				},
				"arm_left": {
					"rotation": [53.62912, "60.7934+Math.cos((query.anim_time) * 90 * 2 - 30) * 1", 41.70432]
				},
				"wing": {
					"rotation": [12.7655, "22.7018-20*2+1*(math.sin(q.anim_time*90*3)*1+1)", -46.81706]
				},
				"wing2": {
					"rotation": [-5.61699, "-13.9032+10*2+2*(math.sin(q.anim_time*90*3-90)*1+1)", 11.53042]
				},
				"wing3": {
					"rotation": [40.05155, "-35.5366+25*2+2*(math.sin(q.anim_time*90*3-90)*1+1)", 15.00312],
					"position": [0.1, 0.2, -1]
				},
				"feather6": {
					"rotation": [
						"-2.9847+Math.cos((query.anim_time) * 90 * 12-216) * 2",
						"15.257+Math.cos((query.anim_time) * 90 * 12-60-216) * 2",
						"19.2766+Math.cos((query.anim_time) * 90 * 12-120-216) * 2"
					],
					"position": [0, -2, 0.2],
					"scale": ["1+math.sin(q.anim_time*90*12-90-216)*0.1", "1+math.sin(q.anim_time*90*12-216)*0.1", 1]
				},
				"feather5": {
					"rotation": [
						"-0.2966+Math.cos((query.anim_time) * 90 * 12-180) * 2",
						"15.7327+Math.cos((query.anim_time) * 90 * 12-60-180) * 2",
						"19.3933+Math.cos((query.anim_time) * 90 * 12-120-180) * 2"
					],
					"position": [0, -1, 0.2],
					"scale": ["1+math.sin(q.anim_time*90*12-90-180)*0.1", "1+math.sin(q.anim_time*90*12-180)*0.1", 1]
				},
				"feather4": {
					"rotation": [
						"-30.8078+Math.cos((query.anim_time) * 90 * 12-144) * 2",
						"17.1172+Math.cos((query.anim_time) * 90 * 12-60-144) * 2",
						"17.4593+Math.cos((query.anim_time) * 90 * 12-120-144) * 2"
					],
					"position": [3, -1, 1.65],
					"scale": ["1+math.sin(q.anim_time*90*12-90-144)*0.1", "1+math.sin(q.anim_time*90*12-144)*0.1", 1]
				},
				"feather3": {
					"rotation": [
						"-1.7297+Math.cos((query.anim_time) * 90 * 12-108) * 2",
						"-1.8029+Math.cos((query.anim_time) * 90 * 12-60-108) * 2",
						"29.0865+Math.cos((query.anim_time) * 90 * 12-120-108) * 2"
					],
					"scale": ["1+math.sin(q.anim_time*90*12-90-108)*0.1", "1+math.sin(q.anim_time*90*12-108)*0.1", 1]
				},
				"feather2": {
					"rotation": [
						"-1.6339+Math.cos((query.anim_time) * 90 * 12-72) * 2",
						"-2.4761+Math.cos((query.anim_time) * 90 * 12-60-72) * 2",
						"31.0334+Math.cos((query.anim_time) * 90 * 12-120-72) * 2"
					],
					"position": [-1.9, -0.5, 0],
					"scale": ["1+math.sin(q.anim_time*90*12-90-72)*0.1", "1+math.sin(q.anim_time*90*12-72)*0.1", 1]
				},
				"feather": {
					"rotation": [
						"-1.4376+Math.cos((query.anim_time) * 90 * 12-36) * 2",
						"-3.0688+Math.cos((query.anim_time) * 90 * 12-60-36) * 2",
						"34.9344+Math.cos((query.anim_time) * 90 * 12-120-36) * 2"
					],
					"position": [-2.4, -1.7, -0.1],
					"scale": ["1+math.sin(q.anim_time*90*12-90-36)*0.1", "1+math.sin(q.anim_time*90*12-36)*0.1", 1]
				},
				"leg_left": {
					"rotation": [-2.5, 0, -10]
				},
				"leg_left2": {
					"rotation": [10, 0, 0]
				},
				"foot_left": {
					"rotation": [-7.49804, 0.02205, 10.16879],
					"position": [0, 0.75, 0]
				},
				"leg_right": {
					"rotation": [-15, 0, 10],
					"position": [0, -0.75, 0]
				},
				"leg_right2": {
					"rotation": [22.5, 0, 0]
				},
				"foot_right": {
					"rotation": [-7.49804, -0.02205, -10.16879],
					"position": [0, 0.75, 0]
				},
				"arm_right2": {
					"rotation": [258.0438, "-77.5462-Math.cos((query.anim_time) * 90 * 2 - 60) * 1", -261.00148]
				},
				"hand_right": {
					"rotation": [0, "7.5-Math.cos((query.anim_time) * 90 * 2 - 90) * 1", -15]
				},
				"arm_left2": {
					"rotation": [-89.53867, "80.3812+Math.cos((query.anim_time) * 90 * 2 - 60) * 1", -91.4565]
				},
				"hand_left": {
					"rotation": [11.26653, "25.252+Math.cos((query.anim_time) * 90 * 2 - 90) * 1", 25.03149]
				},
				"waist": {
					"rotation": [-12.5, 0, 0],
					"position": [0, -0.25, 0]
				},
				"claw_back_left": {
					"rotation": [0, 0, "10-Math.cos((query.anim_time) * 90 * 2) * 3"]
				},
				"claw_back_left2": {
					"rotation": [0, 0, "37.5-Math.cos((query.anim_time) * 90 * 2-60) * 3"]
				},
				"claw_back_left3": {
					"rotation": [0, 0, "15-Math.cos((query.anim_time) * 90 * 2-120) * 3"]
				},
				"claw_front_left": {
					"rotation": [0, 0, "10-Math.cos((query.anim_time) * 90 * 2) * 3"]
				},
				"claw_front_left2": {
					"rotation": [0, 0, "37.5-Math.cos((query.anim_time) * 90 * 2-60) * 3"]
				},
				"claw_front_left3": {
					"rotation": [0, 0, "15-Math.cos((query.anim_time) * 90 * 2-120) * 3"]
				},
				"claw_front_right": {
					"rotation": [0, 0, "-12.5-Math.cos((query.anim_time) * 90 * 2) * 3"]
				},
				"claw_front_right2": {
					"rotation": [0, 0, "-32.5-Math.cos((query.anim_time) * 90 * 2-60) * 3"]
				},
				"claw_front_right3": {
					"rotation": [0, 0, "-30-Math.cos((query.anim_time) * 90 * 2-120) * 3"]
				},
				"claw_back_right": {
					"rotation": [0, 0, "-20-Math.cos((query.anim_time) * 90 * 2) * 3"],
					"position": [0, -0.1, 0]
				},
				"claw_back_right2": {
					"rotation": [0, 0, "-37.5-Math.cos((query.anim_time) * 90 * 2-60) *3"]
				},
				"claw_back_right3": {
					"rotation": [0, 0, "-27.5-Math.cos((query.anim_time) * 90 * 2-120) * 3"]
				}
			}
		},
		"animation.solarica.ground_walk": {
			"loop": true,
			"animation_length": 6,
			"bones": {
				"body": {
					"position": [0, -1.35, 0]
				},
				"torso": {
					"rotation": ["2.5+Math.cos((query.anim_time) * 90 * 4- 90) * -4", 0, 0],
					"position": [0, "-0.25+Math.cos((query.anim_time) * 90 * 2) * 0.2", 0]
				},
				"neck": {
					"rotation": ["12.5+Math.cos((query.anim_time) * 90 * 2 - 60) * 3", 0, 0]
				},
				"head": {
					"rotation": ["Math.cos((query.anim_time) * 90 * 2 - 120) * 3", 0, 0]
				},
				"hair": {
					"rotation": [
						"0+Math.cos((query.anim_time) * 90 * 12) * 2",
						"0+Math.cos((query.anim_time) * 90 * 12-60) * 2",
						"0+Math.cos((query.anim_time) * 90 * 12-120) * 2"
					],
					"scale": [1, "1+math.sin(q.anim_time*90*12)*0.1", "1+math.sin(q.anim_time*90*12-90)*0.1"]
				},
				"mandible_left": {
					"rotation": [0, "2*(math.sin(q.anim_time*90*4)*1)", 0]
				},
				"mandible_left2": {
					"rotation": [0, "2*(math.sin(q.anim_time*90*4-60)*1)", 0]
				},
				"mandible_left3": {
					"rotation": [0, "2*(math.sin(q.anim_time*90*4-120)*1)", 0]
				},
				"mandible_right": {
					"rotation": [0, "-2*(math.sin(q.anim_time*90*4)*1)", 0]
				},
				"mandible_right2": {
					"rotation": [0, "-2*(math.sin(q.anim_time*90*4-60)*1)", 0]
				},
				"mandible_right3": {
					"rotation": [0, "-2*(math.sin(q.anim_time*90*4-120)*1)", 0]
				},
				"arm_right": {
					"rotation": [22.48839, "-71.0069-Math.cos((query.anim_time) * 90 * 2 - 30) * 1", -23.64436]
				},
				"arm_left": {
					"rotation": [53.62912, "60.7934+Math.cos((query.anim_time) * 90 * 2 - 30) * 1", 41.70432]
				},
				"wing": {
					"rotation": [3.7709, "28.9553-20*2+1*(math.sin(q.anim_time*90*3)*1+1)", -8.78312]
				},
				"wing2": {
					"rotation": [-32.08534, "15.2283+10*2+2*(math.sin(q.anim_time*90*3)*1+1)", -9.78669]
				},
				"wing3": {
					"rotation": [37.5, "25*2+2*(math.sin(q.anim_time*90*3)*1+1)", 0],
					"position": [0.25, 0.3, -0.25]
				},
				"feather6": {
					"rotation": [
						"-2.9848+Math.cos((query.anim_time) * 90 * 12-216) * 2",
						"15.257+Math.cos((query.anim_time) * 90 * 12-60-216) * 2",
						"19.2765+Math.cos((query.anim_time) * 90 * 12-120-216) * 2"
					],
					"position": [0, 0, 0.2],
					"scale": ["1+math.sin(q.anim_time*90*12-90-216)*0.1", "1+math.sin(q.anim_time*90*12-216)*0.1", 1]
				},
				"feather5": {
					"rotation": [
						"-0.2968+Math.cos((query.anim_time) * 90 * 12-180) * 2",
						"15.7326+Math.cos((query.anim_time) * 90 * 12-60-180) * 2",
						"19.3933+Math.cos((query.anim_time) * 90 * 12-120-180) * 2"
					],
					"position": [0, 0, 0.2],
					"scale": ["1+math.sin(q.anim_time*90*12-90-180)*0.1", "1+math.sin(q.anim_time*90*12-180)*0.1", 1]
				},
				"feather4": {
					"rotation": [
						"-46.9275+Math.cos((query.anim_time) * 90 * 12-144) * 2",
						"17.0303+Math.cos((query.anim_time) * 90 * 12-60-144) * 2",
						"19.5735+Math.cos((query.anim_time) * 90 * 12-120-144) * 2"
					],
					"position": [0, 0, 1.25],
					"scale": ["1+math.sin(q.anim_time*90*12-90-144)*0.1", "1+math.sin(q.anim_time*90*12-144)*0.1", 1]
				},
				"feather3": {
					"rotation": [
						"-0.3006+Math.cos((query.anim_time) * 90 * 12-108) * 2",
						"-2.3789+Math.cos((query.anim_time) * 90 * 12-60-108) * 2",
						"9.0442+Math.cos((query.anim_time) * 90 * 12-120-108) * 2"
					],
					"scale": ["1+math.sin(q.anim_time*90*12-90-108)*0.1", "1+math.sin(q.anim_time*90*12-108)*0.1", 1]
				},
				"feather2": {
					"rotation": [
						"-0.266+Math.cos((query.anim_time) * 90 * 12-72) * 2",
						"-2.5932+Math.cos((query.anim_time) * 90 * 12-60-72) * 2",
						"10.9875+Math.cos((query.anim_time) * 90 * 12-120-72) * 2"
					],
					"scale": ["1+math.sin(q.anim_time*90*12-90-72)*0.1", "1+math.sin(q.anim_time*90*12-72)*0.1", 1]
				},
				"feather": {
					"rotation": [
						"-0.1958+Math.cos((query.anim_time) * 90 * 12-36) * 2",
						"-2.75+Math.cos((query.anim_time) * 90 * 12-60-36) * 2",
						"12.4027+Math.cos((query.anim_time) * 90 * 12-120-36) * 2"
					],
					"position": [-0.2, -1.7, -0.1],
					"scale": ["1+math.sin(q.anim_time*90*12-90-36)*0.1", "1+math.sin(q.anim_time*90*12-36)*0.1", 1]
				},
				"leg_left": {
					"rotation": {
						"0.0": {
							"post": [-30, 0, 0],
							"lerp_mode": "catmullrom"
						},
						"0.2083": {
							"post": [-23.75, 0, 0],
							"lerp_mode": "catmullrom"
						},
						"0.375": {
							"post": [-7.5, 0, 0],
							"lerp_mode": "catmullrom"
						},
						"0.5833": {
							"post": [4, 0, 0],
							"lerp_mode": "catmullrom"
						},
						"0.75": {
							"post": [7.5, 0, 0],
							"lerp_mode": "catmullrom"
						},
						"0.9583": {
							"post": [0, 0, 0],
							"lerp_mode": "catmullrom"
						},
						"1.2083": {
							"post": [-23.5, 0, 0],
							"lerp_mode": "catmullrom"
						},
						"1.3333": {
							"post": [-28.55, 0, 0],
							"lerp_mode": "catmullrom"
						},
						"1.5": {
							"post": [-30, 0, 0],
							"lerp_mode": "catmullrom"
						},
						"1.7083": {
							"post": [-23.75, 0, 0],
							"lerp_mode": "catmullrom"
						},
						"1.875": {
							"post": [-7.5, 0, 0],
							"lerp_mode": "catmullrom"
						},
						"2.0833": {
							"post": [4, 0, 0],
							"lerp_mode": "catmullrom"
						},
						"2.25": {
							"post": [7.5, 0, 0],
							"lerp_mode": "catmullrom"
						},
						"2.4583": {
							"post": [0, 0, 0],
							"lerp_mode": "catmullrom"
						},
						"2.7083": {
							"post": [-23.5, 0, 0],
							"lerp_mode": "catmullrom"
						},
						"2.8333": {
							"post": [-28.55, 0, 0],
							"lerp_mode": "catmullrom"
						},
						"3.0": {
							"post": [-30, 0, 0],
							"lerp_mode": "catmullrom"
						},
						"3.2083": {
							"post": [-23.75, 0, 0],
							"lerp_mode": "catmullrom"
						},
						"3.375": {
							"post": [-7.5, 0, 0],
							"lerp_mode": "catmullrom"
						},
						"3.5833": {
							"post": [4, 0, 0],
							"lerp_mode": "catmullrom"
						},
						"3.75": {
							"post": [7.5, 0, 0],
							"lerp_mode": "catmullrom"
						},
						"3.9583": {
							"post": [0, 0, 0],
							"lerp_mode": "catmullrom"
						},
						"4.2083": {
							"post": [-23.5, 0, 0],
							"lerp_mode": "catmullrom"
						},
						"4.3333": {
							"post": [-28.55, 0, 0],
							"lerp_mode": "catmullrom"
						},
						"4.5": {
							"post": [-30, 0, 0],
							"lerp_mode": "catmullrom"
						},
						"4.7083": {
							"post": [-23.75, 0, 0],
							"lerp_mode": "catmullrom"
						},
						"4.875": {
							"post": [-7.5, 0, 0],
							"lerp_mode": "catmullrom"
						},
						"5.0833": {
							"post": [4, 0, 0],
							"lerp_mode": "catmullrom"
						},
						"5.25": {
							"post": [7.5, 0, 0],
							"lerp_mode": "catmullrom"
						},
						"5.4583": {
							"post": [0, 0, 0],
							"lerp_mode": "catmullrom"
						},
						"5.7083": {
							"post": [-23.5, 0, 0],
							"lerp_mode": "catmullrom"
						},
						"5.8333": {
							"post": [-28.55, 0, 0],
							"lerp_mode": "catmullrom"
						},
						"6.0": {
							"post": [-30, 0, 0],
							"lerp_mode": "catmullrom"
						}
					}
				},
				"leg_left2": {
					"rotation": {
						"0.0": [24.75, 0, 0],
						"0.2083": [9.25, 0, 0],
						"0.375": [3.75, 0, 0],
						"0.75": [10, 0, 0],
						"0.9583": [25.25, 0, 0],
						"1.125": [55, 0, 0],
						"1.3333": [46.33, 0, 0],
						"1.5": [24.75, 0, 0],
						"1.7083": [9.25, 0, 0],
						"1.875": [3.75, 0, 0],
						"2.25": [10, 0, 0],
						"2.4583": [25.25, 0, 0],
						"2.625": [55, 0, 0],
						"2.8333": [46.33, 0, 0],
						"3.0": [24.75, 0, 0],
						"3.2083": [9.25, 0, 0],
						"3.375": [3.75, 0, 0],
						"3.75": [10, 0, 0],
						"3.9583": [25.25, 0, 0],
						"4.125": [55, 0, 0],
						"4.3333": [46.33, 0, 0],
						"4.5": [24.75, 0, 0],
						"4.7083": [9.25, 0, 0],
						"4.875": [3.75, 0, 0],
						"5.25": [10, 0, 0],
						"5.4583": [25.25, 0, 0],
						"5.625": [55, 0, 0],
						"5.8333": [46.33, 0, 0],
						"6.0": [24.75, 0, 0]
					}
				},
				"foot_left": {
					"rotation": {
						"0.0": [15, 0, 0],
						"1.0": [-17.5, 0, 0],
						"1.5": [15, 0, 0],
						"2.5": [-17.5, 0, 0],
						"3.0": [15, 0, 0],
						"4.0": [-17.5, 0, 0],
						"4.5": [15, 0, 0],
						"5.5": [-17.5, 0, 0],
						"6.0": [15, 0, 0]
					},
					"position": {
						"0.0": [0, 0.75, 0.75],
						"1.0": [0, 0.5, 0.75],
						"1.5": [0, 0.75, 0.75],
						"2.5": [0, 0.5, 0.75],
						"3.0": [0, 0.75, 0.75],
						"4.0": [0, 0.5, 0.75],
						"4.5": [0, 0.75, 0.75],
						"5.5": [0, 0.5, 0.75],
						"6.0": [0, 0.75, 0.75]
					}
				},
				"leg_right": {
					"rotation": {
						"0.0": {
							"post": [7.5, 0, 0],
							"lerp_mode": "catmullrom"
						},
						"0.2083": {
							"post": [0, 0, 0],
							"lerp_mode": "catmullrom"
						},
						"0.4583": {
							"post": [-23.5, 0, 0],
							"lerp_mode": "catmullrom"
						},
						"0.5833": {
							"post": [-28.55, 0, 0],
							"lerp_mode": "catmullrom"
						},
						"0.75": {
							"post": [-30, 0, 0],
							"lerp_mode": "catmullrom"
						},
						"0.9583": {
							"post": [-23.75, 0, 0],
							"lerp_mode": "catmullrom"
						},
						"1.125": {
							"post": [-7.5, 0, 0],
							"lerp_mode": "catmullrom"
						},
						"1.3333": {
							"post": [4, 0, 0],
							"lerp_mode": "catmullrom"
						},
						"1.5": {
							"post": [7.5, 0, 0],
							"lerp_mode": "catmullrom"
						},
						"1.7083": {
							"post": [0, 0, 0],
							"lerp_mode": "catmullrom"
						},
						"1.9583": {
							"post": [-23.5, 0, 0],
							"lerp_mode": "catmullrom"
						},
						"2.0833": {
							"post": [-28.55, 0, 0],
							"lerp_mode": "catmullrom"
						},
						"2.25": {
							"post": [-30, 0, 0],
							"lerp_mode": "catmullrom"
						},
						"2.4583": {
							"post": [-23.75, 0, 0],
							"lerp_mode": "catmullrom"
						},
						"2.625": {
							"post": [-7.5, 0, 0],
							"lerp_mode": "catmullrom"
						},
						"2.8333": {
							"post": [4, 0, 0],
							"lerp_mode": "catmullrom"
						},
						"3.0": {
							"post": [7.5, 0, 0],
							"lerp_mode": "catmullrom"
						},
						"3.2083": {
							"post": [0, 0, 0],
							"lerp_mode": "catmullrom"
						},
						"3.4583": {
							"post": [-23.5, 0, 0],
							"lerp_mode": "catmullrom"
						},
						"3.5833": {
							"post": [-28.55, 0, 0],
							"lerp_mode": "catmullrom"
						},
						"3.75": {
							"post": [-30, 0, 0],
							"lerp_mode": "catmullrom"
						},
						"3.9583": {
							"post": [-23.75, 0, 0],
							"lerp_mode": "catmullrom"
						},
						"4.125": {
							"post": [-7.5, 0, 0],
							"lerp_mode": "catmullrom"
						},
						"4.3333": {
							"post": [4, 0, 0],
							"lerp_mode": "catmullrom"
						},
						"4.5": {
							"post": [7.5, 0, 0],
							"lerp_mode": "catmullrom"
						},
						"4.7083": {
							"post": [0, 0, 0],
							"lerp_mode": "catmullrom"
						},
						"4.9583": {
							"post": [-23.5, 0, 0],
							"lerp_mode": "catmullrom"
						},
						"5.0833": {
							"post": [-28.55, 0, 0],
							"lerp_mode": "catmullrom"
						},
						"5.25": {
							"post": [-30, 0, 0],
							"lerp_mode": "catmullrom"
						},
						"5.4583": {
							"post": [-23.75, 0, 0],
							"lerp_mode": "catmullrom"
						},
						"5.625": {
							"post": [-7.5, 0, 0],
							"lerp_mode": "catmullrom"
						},
						"5.8333": {
							"post": [4, 0, 0],
							"lerp_mode": "catmullrom"
						},
						"6.0": {
							"post": [7.5, 0, 0],
							"lerp_mode": "catmullrom"
						}
					}
				},
				"leg_right2": {
					"rotation": {
						"0.0": [10, 0, 0],
						"0.2083": [25.25, 0, 0],
						"0.375": [55, 0, 0],
						"0.5833": [46.33, 0, 0],
						"0.75": [24.75, 0, 0],
						"0.9583": [9.25, 0, 0],
						"1.125": [3.75, 0, 0],
						"1.5": [10, 0, 0],
						"1.7083": [25.25, 0, 0],
						"1.875": [55, 0, 0],
						"2.0833": [46.33, 0, 0],
						"2.25": [24.75, 0, 0],
						"2.4583": [9.25, 0, 0],
						"2.625": [3.75, 0, 0],
						"3.0": [10, 0, 0],
						"3.2083": [25.25, 0, 0],
						"3.375": [55, 0, 0],
						"3.5833": [46.33, 0, 0],
						"3.75": [24.75, 0, 0],
						"3.9583": [9.25, 0, 0],
						"4.125": [3.75, 0, 0],
						"4.5": [10, 0, 0],
						"4.7083": [25.25, 0, 0],
						"4.875": [55, 0, 0],
						"5.0833": [46.33, 0, 0],
						"5.25": [24.75, 0, 0],
						"5.4583": [9.25, 0, 0],
						"5.625": [3.75, 0, 0],
						"6.0": [10, 0, 0]
					}
				},
				"foot_right": {
					"rotation": {
						"0.0": [-17.5, 0, 0],
						"1.0": [15, 0, 0],
						"1.5": [-17.5, 0, 0],
						"2.5": [15, 0, 0],
						"3.0": [-17.5, 0, 0],
						"4.0": [15, 0, 0],
						"4.5": [-17.5, 0, 0],
						"5.5": [15, 0, 0],
						"6.0": [-17.5, 0, 0]
					},
					"position": {
						"0.0": [0, 0.5, 0.75],
						"1.0": [0, 0.75, 0.75],
						"1.5": [0, 0.5, 0.75],
						"2.5": [0, 0.75, 0.75],
						"3.0": [0, 0.5, 0.75],
						"4.0": [0, 0.75, 0.75],
						"4.5": [0, 0.5, 0.75],
						"5.5": [0, 0.75, 0.75],
						"6.0": [0, 0.5, 0.75]
					}
				},
				"arm_right2": {
					"rotation": [258.0438, "-77.5462-Math.cos((query.anim_time) * 90 * 2 - 60) * 1", -261.00148]
				},
				"hand_right": {
					"rotation": [0, "7.5-Math.cos((query.anim_time) * 90 * 2 - 90) * 1", -15]
				},
				"arm_left2": {
					"rotation": [-89.53867, "80.3812+Math.cos((query.anim_time) * 90 * 2 - 60) * 1", -91.4565]
				},
				"hand_left": {
					"rotation": [11.26653, "25.252+Math.cos((query.anim_time) * 90 * 2 - 90) * 1", 25.03149]
				},
				"waist": {
					"rotation": [-12.5, 0, 0]
				},
				"claw_back_left": {
					"rotation": [0, 0, "10-Math.cos((query.anim_time) * 90 * 2) * 3"]
				},
				"claw_back_left2": {
					"rotation": [0, 0, "37.5-Math.cos((query.anim_time) * 90 * 2-60) * 3"]
				},
				"claw_back_left3": {
					"rotation": [0, 0, "15-Math.cos((query.anim_time) * 90 * 2-120) * 3"]
				},
				"claw_front_left": {
					"rotation": [0, 0, "10-Math.cos((query.anim_time) * 90 * 2) * 3"]
				},
				"claw_front_left2": {
					"rotation": [0, 0, "37.5-Math.cos((query.anim_time) * 90 * 2-60) * 3"]
				},
				"claw_front_left3": {
					"rotation": [0, 0, "15-Math.cos((query.anim_time) * 90 * 2-120) * 3"]
				},
				"claw_front_right": {
					"rotation": [0, 0, "-12.5-Math.cos((query.anim_time) * 90 * 2) * 3"]
				},
				"claw_front_right2": {
					"rotation": [0, 0, "-32.5-Math.cos((query.anim_time) * 90 * 2-60) * 3"]
				},
				"claw_front_right3": {
					"rotation": [0, 0, "-30-Math.cos((query.anim_time) * 90 * 2-120) * 3"]
				},
				"claw_back_right": {
					"rotation": [0, 0, "-20-Math.cos((query.anim_time) * 90 * 2) * 3"],
					"position": [0, -0.1, 0]
				},
				"claw_back_right2": {
					"rotation": [0, 0, "-37.5-Math.cos((query.anim_time) * 90 * 2-60) *3"]
				},
				"claw_back_right3": {
					"rotation": [0, 0, "-27.5-Math.cos((query.anim_time) * 90 * 2-120) * 3"]
				}
			}
		},
		"animation.solarica.blink": {
			"animation_length": 0.4583,
			"bones": {
				"eyelid_left": {
					"position": {
						"0.0": [0, 0, 0],
						"0.0417": {
							"pre": [0, 0, 0],
							"post": [2, 0, -2]
						},
						"0.1667": {
							"pre": [2, 0, -2],
							"post": [2, 0, -2]
						},
						"0.2083": {
							"pre": [2, 0, -2],
							"post": [0, 0, 0]
						}
					}
				},
				"eyelid_right": {
					"position": {
						"0.0": [0, 0, 0],
						"0.0417": {
							"pre": [0, 0, 0],
							"post": [-2, 0, -2]
						},
						"0.1667": {
							"pre": [-2, 0, -2],
							"post": [-2, 0, -2]
						},
						"0.2083": {
							"pre": [-2, 0, -2],
							"post": [0, 0, 0]
						}
					}
				}
			}
		},
		"animation.solarica.recoil": {
			"animation_length": 1.5,
			"bones": {
				"torso": {
					"rotation": {
						"0.0": [0, 0, 0],
						"0.0417": [-13, 0, 0],
						"0.5833": {
							"pre": [8.66, 0, 0],
							"post": [8.66, 0, 0],
							"lerp_mode": "catmullrom"
						},
						"1.0833": {
							"post": [-2, 0, 0],
							"lerp_mode": "catmullrom"
						},
						"1.5": [0, 0, 0]
					}
				},
				"head": {
					"rotation": {
						"0.0": [0, 0, 0],
						"0.0417": {
							"pre": [11, 0, 0],
							"post": [11, 0, 0],
							"lerp_mode": "catmullrom"
						},
						"0.1667": {
							"post": [-9.58, 0, 0],
							"lerp_mode": "catmullrom"
						},
						"0.375": {
							"post": [-7, 0, 0],
							"lerp_mode": "catmullrom"
						},
						"0.7083": {
							"post": [-3.3, 0, 0],
							"lerp_mode": "catmullrom"
						},
						"1.0417": {
							"post": [0.7, 0, 0],
							"lerp_mode": "catmullrom"
						},
						"1.4583": [0, 0, 0]
					}
				},
				"eyelid_left": {
					"position": {
						"0.0": [0, 0, 0],
						"0.0417": {
							"pre": [0, 0, 0],
							"post": [2, 0, -2]
						},
						"0.1667": {
							"pre": [2, 0, -2],
							"post": [2, 0, -2]
						},
						"0.2083": {
							"pre": [2, 0, -2],
							"post": [0, 0, 0]
						}
					}
				},
				"eyelid_right": {
					"position": {
						"0.0": [0, 0, 0],
						"0.0417": {
							"pre": [0, 0, 0],
							"post": [-2, 0, -2]
						},
						"0.1667": {
							"pre": [-2, 0, -2],
							"post": [-2, 0, -2]
						},
						"0.2083": {
							"pre": [-2, 0, -2],
							"post": [0, 0, 0]
						}
					}
				},
				"arm_right": {
					"rotation": {
						"0.0": [0, 0, 0],
						"0.1667": {
							"pre": [0, -20, 0],
							"post": [0, -20, 0],
							"lerp_mode": "catmullrom"
						},
						"0.625": {
							"post": [0, 6.21, 0],
							"lerp_mode": "catmullrom"
						},
						"1.5": [0, 0, 0]
					}
				},
				"hand_right": {
					"rotation": {
						"0.0": [0, 0, 0],
						"0.2083": {
							"pre": [0, -10, 0],
							"post": [0, -10, 0],
							"lerp_mode": "catmullrom"
						},
						"0.9167": {
							"post": [0, 0, 0],
							"lerp_mode": "catmullrom"
						},
						"1.4583": [0, 0, 0]
					}
				},
				"arm_left": {
					"rotation": {
						"0.0": [0, 0, 0],
						"0.1667": {
							"pre": [0, 20, 0],
							"post": [0, 20, 0],
							"lerp_mode": "catmullrom"
						},
						"0.625": {
							"post": [0, -6.21, 0],
							"lerp_mode": "catmullrom"
						},
						"1.5": [0, 0, 0]
					}
				},
				"hand_left": {
					"rotation": {
						"0.0": [0, 0, 0],
						"0.2083": {
							"pre": [0, 10, 0],
							"post": [0, 10, 0],
							"lerp_mode": "catmullrom"
						},
						"0.9167": {
							"post": [0, 0, 0],
							"lerp_mode": "catmullrom"
						},
						"1.4583": [0, 0, 0]
					}
				},
				"wing": {
					"rotation": {
						"0.0": [0, 0, 0],
						"0.1667": {
							"pre": [0, -40, 0],
							"post": [0, -40, 0],
							"lerp_mode": "catmullrom"
						},
						"0.625": {
							"post": [0, -6.21, 0],
							"lerp_mode": "catmullrom"
						},
						"1.5": [0, 0, 0]
					}
				}
			}
		},
		"animation.solarica.cry": {
			"animation_length": 2.7083,
			"bones": {
				"torso": {
					"rotation": {
						"0.0": {
							"post": [0, 0, 0],
							"lerp_mode": "catmullrom"
						},
						"0.1667": {
							"post": [5, 0, 0],
							"lerp_mode": "catmullrom"
						},
						"0.875": {
							"post": [-2.5, 0, 0],
							"lerp_mode": "catmullrom"
						},
						"1.7083": {
							"post": [3, 0, 0],
							"lerp_mode": "catmullrom"
						},
						"2.4583": {
							"post": [0, 0, 0],
							"lerp_mode": "catmullrom"
						}
					}
				},
				"head": {
					"rotation": {
						"0.0": {
							"post": [0, 0, 0],
							"lerp_mode": "catmullrom"
						},
						"0.1667": {
							"post": [10.44, 0, 0],
							"lerp_mode": "catmullrom"
						},
						"0.2917": {
							"post": [-12.5, 0, 0],
							"lerp_mode": "catmullrom"
						},
						"0.5417": {
							"post": [-10.83, 0, 0],
							"lerp_mode": "catmullrom"
						},
						"0.7083": {
							"post": [-2.9, 0, 0],
							"lerp_mode": "catmullrom"
						},
						"0.9167": {
							"post": [-8.71, 0, 0],
							"lerp_mode": "catmullrom"
						},
						"1.375": {
							"post": [5, 0, 0],
							"lerp_mode": "catmullrom"
						},
						"2.25": {
							"post": [0, 0, 0],
							"lerp_mode": "catmullrom"
						},
						"2.7083": {
							"post": [0, 0, 0],
							"lerp_mode": "catmullrom"
						}
					}
				},
				"mandible_left": {
					"rotation": {
						"0.0": {
							"post": [0, 0, 0],
							"lerp_mode": "catmullrom"
						},
						"0.2917": {
							"post": [0, 42.5, 0],
							"lerp_mode": "catmullrom"
						},
						"0.4583": {
							"post": [0, -15, 0],
							"lerp_mode": "catmullrom"
						},
						"2.7083": {
							"post": [0, 0, 0],
							"lerp_mode": "catmullrom"
						}
					},
					"position": {
						"0.0": [0, 0, -0.2],
						"2.7083": [0, 0, -0.2]
					}
				},
				"mandible_left2": {
					"rotation": {
						"0.0": {
							"post": [0, 0, 0],
							"lerp_mode": "catmullrom"
						},
						"2.7083": {
							"post": [0, 0, 0],
							"lerp_mode": "catmullrom"
						}
					}
				},
				"mandible_left3": {
					"rotation": {
						"0.0": {
							"post": [0, 0, 0],
							"lerp_mode": "catmullrom"
						},
						"2.7083": {
							"post": [0, 0, 0],
							"lerp_mode": "catmullrom"
						}
					}
				},
				"mandible_right": {
					"rotation": {
						"0.0": {
							"post": [0, 0, 0],
							"lerp_mode": "catmullrom"
						},
						"0.2917": {
							"post": [0, -42.5, 0],
							"lerp_mode": "catmullrom"
						},
						"0.4583": {
							"post": [0, 15, 0],
							"lerp_mode": "catmullrom"
						},
						"2.7083": {
							"post": [0, 0, 0],
							"lerp_mode": "catmullrom"
						}
					},
					"position": {
						"0.0": [0, 0, -0.2],
						"2.7083": [0, 0, -0.2]
					}
				},
				"mandible_right2": {
					"rotation": {
						"0.0": {
							"post": [0, 0, 0],
							"lerp_mode": "catmullrom"
						},
						"2.7083": {
							"post": [0, 0, 0],
							"lerp_mode": "catmullrom"
						}
					}
				},
				"mandible_right3": {
					"rotation": {
						"0.0": {
							"post": [0, 0, 0],
							"lerp_mode": "catmullrom"
						},
						"2.7083": {
							"post": [0, 0, 0],
							"lerp_mode": "catmullrom"
						}
					}
				},
				"hair": {
					"scale": {
						"0.0": {
							"post": [1, 1, 1],
							"lerp_mode": "catmullrom"
						},
						"0.4167": {
							"post": [1, 1, 1],
							"lerp_mode": "catmullrom"
						},
						"0.5417": {
							"post": [1, 1.4, 1.2],
							"lerp_mode": "catmullrom"
						},
						"1.3333": {
							"post": [1, 1, 1],
							"lerp_mode": "catmullrom"
						}
					}
				}
			},
			"sound_effects": {
				"0.2083": {
					"effect": "pokemon.solarica.cry"
				}
			}
		},
		"animation.solarica.sleep": {
			"loop": true,
			"bones": {
				"body": {
					"rotation": [-82.52822, 0.65182, -4.95744],
					"position": [0, 0, -23]
				},
				"waist": {
					"rotation": [0, 15, 0]
				},
				"chest": {
					"rotation": ["Math.cos((query.anim_time) * 90 * 1) * 1", 15, 0]
				},
				"neck": {
					"rotation": [0, 25, 0]
				},
				"head": {
					"rotation": ["2.5+Math.cos((query.anim_time) * 90 * 1 - 120) * -1", 17.5, 0]
				},
				"eyelid_left": {
					"position": [2, 0, -2]
				},
				"eyelid_right": {
					"position": [-2, 0, -2]
				},
				"hair": {
					"scale": 0
				},
				"mandible_left": {
					"rotation": [1.16524, 55.02543, -2.75806]
				},
				"mandible_left2": {
					"rotation": [0, 15, 0]
				},
				"mandible_right2": {
					"rotation": [0, -5, 0]
				},
				"mandible_right3": {
					"rotation": [0, -25, 0]
				},
				"arm_right": {
					"rotation": [15.00046, -31.99975, -26.82396]
				},
				"arm_right2": {
					"rotation": [0, -15, -45]
				},
				"hand_right": {
					"rotation": [0, 0, -27.5]
				},
				"claw_back_right": {
					"rotation": [-2.88419, -15.57382, -22.67458]
				},
				"claw_back_right2": {
					"rotation": [0, 0, -52.5]
				},
				"claw_back_right3": {
					"rotation": [0, 0, -15]
				},
				"claw_front_right": {
					"rotation": [5.31847, 17.20429, -45.24614]
				},
				"claw_front_right2": {
					"rotation": [0, 0, -52.5]
				},
				"claw_front_right3": {
					"rotation": [0, 0, -15]
				},
				"arm_left": {
					"rotation": [67.62826, 37.80946, 75.8386],
					"position": [0.25, 0, 0]
				},
				"arm_left2": {
					"rotation": [9.20194, 67.16892, 37.19551],
					"position": [0.7, 0, 0]
				},
				"hand_left": {
					"rotation": [-8.0634, 21.07593, -21.50238]
				},
				"claw_back_left": {
					"rotation": [0, 0, 2.5]
				},
				"claw_back_left2": {
					"rotation": [0, 0, 7.5]
				},
				"claw_back_left3": {
					"rotation": [0, 0, 32.5]
				},
				"claw_front_left": {
					"rotation": [0, 0, 22.5]
				},
				"claw_front_left2": {
					"rotation": [0, 0, 10]
				},
				"claw_front_left3": {
					"rotation": [0, 0, 5]
				},
				"wing": {
					"rotation": [-15.0877, "-10.4559+Math.cos((query.anim_time) * 90 * 1) * 1", -40.78308],
					"position": [-1, -1.2, 0.3]
				},
				"wing2": {
					"rotation": [98.84608, "55.3838+Math.cos((query.anim_time) * 90 * 1-60) * 1", 106.71319],
					"position": [0.2, 1.3, 1.3]
				},
				"wing3": {
					"rotation": [-101.72674, "77.0821+Math.cos((query.anim_time) * 90 * 1-120) * 1", -102.60872],
					"position": [1.25, -1.55, 0.4]
				},
				"feather6": {
					"rotation": [43.18468, -19.0162, 15.41393],
					"position": [0, -1.25, -0.9],
					"scale": [0, 1, 0]
				},
				"feather5": {
					"rotation": [16.29432, -25.32253, 2.48869],
					"scale": [0, 1, 0]
				},
				"feather4": {
					"rotation": [0, -22.5, 0],
					"scale": [0, 1, 0]
				},
				"feather3": {
					"scale": [0, 1, 0]
				},
				"feather2": {
					"scale": [0, 1, 0]
				},
				"feather": {
					"scale": [0, 1, 0]
				},
				"leg_left": {
					"rotation": ["-26.841+Math.cos((query.anim_time) * 90 * 1) * 0.3", 65.38908, -33.9159]
				},
				"leg_left2": {
					"rotation": ["54.9125+Math.cos((query.anim_time) * 90 * 1-60) * 0.3", 8.39378, 3.27541],
					"position": [-0.3, 0, 0]
				},
				"foot_left": {
					"rotation": ["Math.cos((query.anim_time) * 90 * 1-120) * 0.3", 5, 0]
				},
				"leg_right": {
					"rotation": ["-30.1174-Math.cos((query.anim_time) * 90 * 1) * 0.3", 66.90404, -10.78966]
				},
				"leg_right2": {
					"rotation": ["54.3794-Math.cos((query.anim_time) * 90 * 1-60) * 0.3", 12.47265, 0.33424]
				},
				"foot_right": {
					"rotation": ["-Math.cos((query.anim_time) * 90 * 1-120) * 0.3", 0, 0]
				},
				"claws_front_right3": {
					"rotation": [32.5, 0, 0]
				},
				"claws_front_right2": {
					"rotation": [47.5, 0, 0]
				},
				"claws_front_right": {
					"rotation": [27.5, 0, 0]
				},
				"claws_front_left": {
					"rotation": [27.5, 0, 0]
				},
				"claws_front_left2": {
					"rotation": [47.5, 0, 0]
				},
				"claws_front_left3": {
					"rotation": [32.5, 0, 0]
				},
				"claws_back_left": {
					"rotation": [-35, 0, 0]
				},
				"claws_back_left2": {
					"rotation": [-47.5, 0, 0]
				},
				"claws_back_left3": {
					"rotation": [-30, 0, 0]
				},
				"claws_back_right": {
					"rotation": [-35, 0, 0]
				},
				"claws_back_right2": {
					"rotation": [-47.5, 0, 0]
				},
				"claws_back_right3": {
					"rotation": [-30, 0, 0]
				}
			}
		},
		"animation.solarica.faint": {
			"animation_length": 6.5,
			"bones": {
				"torso": {
					"rotation": {
						"0.0": {
							"post": [0, 0, 0],
							"lerp_mode": "catmullrom"
						},
						"0.0417": {
							"post": [-13, 0, 0],
							"lerp_mode": "catmullrom"
						},
						"0.5833": {
							"post": [8.66, 0, 0],
							"lerp_mode": "catmullrom"
						}
					}
				},
				"head": {
					"rotation": {
						"0.0": {
							"post": [0, 0, 0],
							"lerp_mode": "catmullrom"
						},
						"0.0417": {
							"post": [11, 0, 0],
							"lerp_mode": "catmullrom"
						},
						"0.1667": {
							"post": [-9.58, 0, 0],
							"lerp_mode": "catmullrom"
						},
						"0.375": {
							"post": [-7, 0, 0],
							"lerp_mode": "catmullrom"
						},
						"0.7083": {
							"post": [-3.3, 0, 0],
							"lerp_mode": "catmullrom"
						},
						"1.125": {
							"post": [0, 17.5, 0],
							"lerp_mode": "catmullrom"
						}
					},
					"position": {
						"0.0": {
							"post": [0, 0, 0],
							"lerp_mode": "catmullrom"
						},
						"0.7083": {
							"post": [0, 0, 0],
							"lerp_mode": "catmullrom"
						}
					}
				},
				"eyelid_left": {
					"position": {
						"0.0": {
							"post": [0, 0, 0],
							"lerp_mode": "catmullrom"
						},
						"0.0417": {
							"post": [2, 0, -2],
							"lerp_mode": "catmullrom"
						},
						"0.1667": {
							"post": [2, 0, -2],
							"lerp_mode": "catmullrom"
						},
						"0.2083": {
							"post": [0, 0, 0],
							"lerp_mode": "catmullrom"
						},
						"1.125": {
							"post": [2, 0, -2],
							"lerp_mode": "catmullrom"
						}
					}
				},
				"eyelid_right": {
					"position": {
						"0.0": {
							"post": [0, 0, 0],
							"lerp_mode": "catmullrom"
						},
						"0.0417": {
							"post": [-2, 0, -2],
							"lerp_mode": "catmullrom"
						},
						"0.1667": {
							"post": [-2, 0, -2],
							"lerp_mode": "catmullrom"
						},
						"0.2083": {
							"post": [0, 0, 0],
							"lerp_mode": "catmullrom"
						},
						"1.125": {
							"post": [-2, 0, -2],
							"lerp_mode": "catmullrom"
						}
					}
				},
				"arm_right": {
					"rotation": {
						"0.0": {
							"post": [0, -27.5, 0],
							"lerp_mode": "catmullrom"
						},
						"0.2083": {
							"post": [-0.06781, -37.6217, 0.1251],
							"lerp_mode": "catmullrom"
						},
						"0.7083": {
							"post": [11.57, -33.55, -20.69],
							"lerp_mode": "catmullrom"
						},
						"1.125": {
							"post": [15.00046, -31.99975, -26.82396],
							"lerp_mode": "catmullrom"
						}
					},
					"position": {
						"0.0": [0, 0, 0],
						"0.7083": [0, 0, 0]
					}
				},
				"hand_right": {
					"rotation": {
						"0.0": {
							"post": [0, -42.5, 0],
							"lerp_mode": "catmullrom"
						},
						"0.2083": {
							"post": [0, -22.5, 0],
							"lerp_mode": "catmullrom"
						},
						"0.7083": {
							"post": [0, -4.58, -21.24],
							"lerp_mode": "catmullrom"
						},
						"1.125": {
							"post": [0, 0, -27.5],
							"lerp_mode": "catmullrom"
						}
					},
					"position": {
						"0.0": [0, 0, 0],
						"0.7083": [0, 0, 0]
					}
				},
				"arm_left": {
					"rotation": {
						"0.0": {
							"post": [0, 27.5, 0],
							"lerp_mode": "catmullrom"
						},
						"0.2083": {
							"post": [-0.2872, 32.44758, -0.36281],
							"lerp_mode": "catmullrom"
						},
						"0.7083": {
							"post": [52.16, 36.72, 58.48],
							"lerp_mode": "catmullrom"
						},
						"1.125": {
							"post": [67.62826, 37.80946, 75.8386],
							"lerp_mode": "catmullrom"
						}
					},
					"position": {
						"0.0": {
							"post": [0, 0, 0],
							"lerp_mode": "catmullrom"
						},
						"0.7083": {
							"post": [0.21, 0, 0],
							"lerp_mode": "catmullrom"
						},
						"1.125": {
							"post": [0.25, 0, 0],
							"lerp_mode": "catmullrom"
						}
					}
				},
				"hand_left": {
					"rotation": {
						"0.0": {
							"post": [0, 42.5, 0],
							"lerp_mode": "catmullrom"
						},
						"0.2083": {
							"post": [0, 22.5, 0],
							"lerp_mode": "catmullrom"
						},
						"0.7083": {
							"post": [-6.23, 20.86, -16.61],
							"lerp_mode": "catmullrom"
						},
						"1.125": {
							"post": [-8.0634, 21.07593, -21.50238],
							"lerp_mode": "catmullrom"
						}
					},
					"position": {
						"0.0": [0, 0, 0],
						"0.7083": [0, 0, 0]
					}
				},
				"wing": {
					"rotation": {
						"0.0": {
							"post": [0, 0, 0],
							"lerp_mode": "catmullrom"
						},
						"0.1667": {
							"post": [0, -40, 0],
							"lerp_mode": "catmullrom"
						},
						"0.625": {
							"post": [0, -6.21, 0],
							"lerp_mode": "catmullrom"
						},
						"1.125": {
							"post": [-16.2424, -14.6914, 9.61518],
							"lerp_mode": "catmullrom"
						}
					}
				},
				"body": {
					"rotation": {
						"0.0": {
							"post": [0, 0, 0],
							"lerp_mode": "catmullrom"
						},
						"0.7083": {
							"post": [0, 0, 0],
							"lerp_mode": "catmullrom"
						},
						"1.125": {
							"post": [-82.52822, 0.65182, -4.95744],
							"lerp_mode": "catmullrom"
						}
					},
					"position": {
						"0.0": {
							"post": [0, -1.4, 0],
							"lerp_mode": "catmullrom"
						},
						"0.7083": {
							"post": [0, -1.4, 0],
							"lerp_mode": "catmullrom"
						}
					}
				},
				"waist": {
					"rotation": {
						"0.0": {
							"post": [0, 0, 0],
							"lerp_mode": "catmullrom"
						},
						"0.2917": {
							"post": [-30, 0, 0],
							"lerp_mode": "catmullrom"
						},
						"0.7083": {
							"post": [40, 0, 0],
							"lerp_mode": "catmullrom"
						},
						"1.125": {
							"post": [0, 15, 0],
							"lerp_mode": "catmullrom"
						}
					},
					"position": {
						"0.0": {
							"post": [0, 0, 0],
							"lerp_mode": "catmullrom"
						},
						"0.7083": {
							"post": [0, 0, 0],
							"lerp_mode": "catmullrom"
						}
					}
				},
				"chest": {
					"rotation": {
						"0.0": {
							"post": [0, 0, 0],
							"lerp_mode": "catmullrom"
						},
						"0.7083": {
							"post": [0, 0, 0],
							"lerp_mode": "catmullrom"
						},
						"1.125": {
							"post": [0, 15, 0],
							"lerp_mode": "catmullrom"
						}
					},
					"position": {
						"0.0": {
							"post": [0, 0, 0],
							"lerp_mode": "catmullrom"
						},
						"0.7083": {
							"post": [0, 0, 0],
							"lerp_mode": "catmullrom"
						}
					}
				},
				"neck": {
					"rotation": {
						"0.0": {
							"post": [0, 0, 0],
							"lerp_mode": "catmullrom"
						},
						"0.7083": {
							"post": [30, 0, 0],
							"lerp_mode": "catmullrom"
						},
						"1.125": {
							"post": [0, 25, 0],
							"lerp_mode": "catmullrom"
						}
					},
					"position": {
						"0.0": {
							"post": [0, 0, 0],
							"lerp_mode": "catmullrom"
						},
						"0.7083": {
							"post": [0, -0.6, 0],
							"lerp_mode": "catmullrom"
						}
					}
				},
				"hair": {
					"scale": {
						"0.0": {
							"post": [1, 1, 1],
							"lerp_mode": "catmullrom"
						},
						"0.7083": {
							"post": [1, 1, 1],
							"lerp_mode": "catmullrom"
						},
						"1.125": {
							"post": [0, 0, 0],
							"lerp_mode": "catmullrom"
						}
					}
				},
				"mandible_left": {
					"rotation": {
						"0.0": {
							"post": [0, 0, 0],
							"lerp_mode": "catmullrom"
						},
						"0.7083": {
							"post": [0, 0, 0],
							"lerp_mode": "catmullrom"
						},
						"1.125": {
							"post": [1.16524, 55.02543, -2.75806],
							"lerp_mode": "catmullrom"
						}
					}
				},
				"mandible_left2": {
					"rotation": {
						"0.0": {
							"post": [0, 0, 0],
							"lerp_mode": "catmullrom"
						},
						"0.7083": {
							"post": [0, 0, 0],
							"lerp_mode": "catmullrom"
						},
						"1.125": {
							"post": [0, 15, 0],
							"lerp_mode": "catmullrom"
						}
					}
				},
				"mandible_right2": {
					"rotation": {
						"0.0": {
							"post": [0, 0, 0],
							"lerp_mode": "catmullrom"
						},
						"0.7083": {
							"post": [0, 0, 0],
							"lerp_mode": "catmullrom"
						},
						"1.125": {
							"post": [0, -5, 0],
							"lerp_mode": "catmullrom"
						}
					}
				},
				"mandible_right3": {
					"rotation": {
						"0.0": {
							"post": [0, 0, 0],
							"lerp_mode": "catmullrom"
						},
						"0.7083": {
							"post": [0, 0, 0],
							"lerp_mode": "catmullrom"
						},
						"1.125": {
							"post": [0, -25, 0],
							"lerp_mode": "catmullrom"
						}
					}
				},
				"arm_right2": {
					"rotation": {
						"0.0": {
							"post": [0, -40, 0],
							"lerp_mode": "catmullrom"
						},
						"0.2083": {
							"post": [0, -43.95858, 0.68695],
							"lerp_mode": "catmullrom"
						},
						"0.7083": {
							"post": [0, -2.47, -16.97],
							"lerp_mode": "catmullrom"
						},
						"1.125": {
							"post": [0, -15, -45],
							"lerp_mode": "catmullrom"
						}
					},
					"position": [0, 0, 0]
				},
				"claw_back_right": {
					"rotation": {
						"0.0": {
							"post": [0, 0, 0],
							"lerp_mode": "catmullrom"
						},
						"0.7083": {
							"post": [0, 0, 0],
							"lerp_mode": "catmullrom"
						},
						"1.125": {
							"post": [-2.88419, -15.57382, -22.67458],
							"lerp_mode": "catmullrom"
						}
					}
				},
				"claw_back_right2": {
					"rotation": {
						"0.0": {
							"post": [0, 0, 0],
							"lerp_mode": "catmullrom"
						},
						"0.7083": {
							"post": [0, 0, 0],
							"lerp_mode": "catmullrom"
						},
						"1.125": {
							"post": [0, 0, -52.5],
							"lerp_mode": "catmullrom"
						}
					}
				},
				"claw_back_right3": {
					"rotation": {
						"0.0": {
							"post": [0, 0, 0],
							"lerp_mode": "catmullrom"
						},
						"0.7083": {
							"post": [0, 0, 0],
							"lerp_mode": "catmullrom"
						},
						"1.125": {
							"post": [0, 0, -15],
							"lerp_mode": "catmullrom"
						}
					}
				},
				"claw_front_right": {
					"rotation": {
						"0.0": {
							"post": [0, 0, 0],
							"lerp_mode": "catmullrom"
						},
						"0.7083": {
							"post": [0, 0, 0],
							"lerp_mode": "catmullrom"
						},
						"1.125": {
							"post": [5.31847, 17.20429, -45.24614],
							"lerp_mode": "catmullrom"
						}
					}
				},
				"claw_front_right2": {
					"rotation": {
						"0.0": {
							"post": [0, 0, 0],
							"lerp_mode": "catmullrom"
						},
						"0.7083": {
							"post": [0, 0, 0],
							"lerp_mode": "catmullrom"
						},
						"1.125": {
							"post": [0, 0, -52.5],
							"lerp_mode": "catmullrom"
						}
					}
				},
				"claw_front_right3": {
					"rotation": {
						"0.0": {
							"post": [0, 0, 0],
							"lerp_mode": "catmullrom"
						},
						"0.7083": {
							"post": [0, 0, 0],
							"lerp_mode": "catmullrom"
						},
						"1.125": {
							"post": [0, 0, -15],
							"lerp_mode": "catmullrom"
						}
					}
				},
				"arm_left2": {
					"rotation": {
						"0.0": {
							"post": [0, 40, 0],
							"lerp_mode": "catmullrom"
						},
						"0.2083": {
							"post": [-0.14921, 29.82893, -0.55738],
							"lerp_mode": "catmullrom"
						},
						"0.7083": {
							"post": [3.47, 23.11, 14.03],
							"lerp_mode": "catmullrom"
						},
						"1.125": {
							"post": [9.20194, 67.16892, 37.19551],
							"lerp_mode": "catmullrom"
						}
					},
					"position": {
						"0.0": {
							"post": [0, 0, 0],
							"lerp_mode": "catmullrom"
						},
						"0.7083": {
							"post": [0.26, 0, 0],
							"lerp_mode": "catmullrom"
						},
						"1.125": {
							"post": [0.7, 0, 0],
							"lerp_mode": "catmullrom"
						}
					}
				},
				"claw_back_left": {
					"rotation": {
						"0.0": {
							"post": [0, 0, 0],
							"lerp_mode": "catmullrom"
						},
						"0.7083": {
							"post": [0, 0, 0],
							"lerp_mode": "catmullrom"
						},
						"1.125": {
							"post": [0, 0, 2.5],
							"lerp_mode": "catmullrom"
						}
					}
				},
				"claw_back_left2": {
					"rotation": {
						"0.0": {
							"post": [0, 0, 0],
							"lerp_mode": "catmullrom"
						},
						"0.7083": {
							"post": [0, 0, 0],
							"lerp_mode": "catmullrom"
						},
						"1.125": {
							"post": [0, 0, 7.5],
							"lerp_mode": "catmullrom"
						}
					}
				},
				"claw_back_left3": {
					"rotation": {
						"0.0": {
							"post": [0, 0, 0],
							"lerp_mode": "catmullrom"
						},
						"0.7083": {
							"post": [0, 0, 0],
							"lerp_mode": "catmullrom"
						},
						"1.125": {
							"post": [0, 0, 32.5],
							"lerp_mode": "catmullrom"
						}
					}
				},
				"claw_front_left": {
					"rotation": {
						"0.0": {
							"post": [0, 0, 0],
							"lerp_mode": "catmullrom"
						},
						"0.7083": {
							"post": [0, 0, 0],
							"lerp_mode": "catmullrom"
						},
						"1.125": {
							"post": [0, 0, 22.5],
							"lerp_mode": "catmullrom"
						}
					}
				},
				"claw_front_left2": {
					"rotation": {
						"0.0": {
							"post": [0, 0, 0],
							"lerp_mode": "catmullrom"
						},
						"0.7083": {
							"post": [0, 0, 0],
							"lerp_mode": "catmullrom"
						},
						"1.125": {
							"post": [0, 0, 10],
							"lerp_mode": "catmullrom"
						}
					}
				},
				"claw_front_left3": {
					"rotation": {
						"0.0": {
							"post": [0, 0, 0],
							"lerp_mode": "catmullrom"
						},
						"0.7083": {
							"post": [0, 0, 0],
							"lerp_mode": "catmullrom"
						},
						"1.125": {
							"post": [0, 0, 5],
							"lerp_mode": "catmullrom"
						}
					}
				},
				"wing2": {
					"rotation": {
						"0.0": {
							"post": [0, 0, 0],
							"lerp_mode": "catmullrom"
						},
						"0.7083": {
							"post": [0, 0, 0],
							"lerp_mode": "catmullrom"
						},
						"1.125": {
							"post": [-0.13246, -2.49378, 0.11929],
							"lerp_mode": "catmullrom"
						}
					}
				},
				"wing3": {
					"rotation": {
						"0.0": {
							"post": [0, 0, 0],
							"lerp_mode": "catmullrom"
						},
						"0.7083": {
							"post": [0, 0, 0],
							"lerp_mode": "catmullrom"
						},
						"1.125": {
							"post": [0, 1, 0],
							"lerp_mode": "catmullrom"
						}
					}
				},
				"feather6": {
					"rotation": {
						"0.0": {
							"post": [0, 0, 0],
							"lerp_mode": "catmullrom"
						},
						"0.7083": {
							"post": [0, 0, 0],
							"lerp_mode": "catmullrom"
						},
						"1.125": {
							"post": [43.18468, -19.0162, 15.41393],
							"lerp_mode": "catmullrom"
						}
					},
					"position": {
						"0.0": {
							"post": [0, 0, 0],
							"lerp_mode": "catmullrom"
						},
						"0.7083": {
							"post": [0, 0, 0],
							"lerp_mode": "catmullrom"
						},
						"1.125": {
							"post": [0, -1.25, -0.9],
							"lerp_mode": "catmullrom"
						}
					},
					"scale": {
						"0.0": {
							"post": [1, 1, 1],
							"lerp_mode": "catmullrom"
						},
						"0.7083": {
							"post": [1, 1, 1],
							"lerp_mode": "catmullrom"
						},
						"1.125": {
							"post": [0, 1, 0],
							"lerp_mode": "catmullrom"
						}
					}
				},
				"feather5": {
					"rotation": {
						"0.0": {
							"post": [0, 0, 0],
							"lerp_mode": "catmullrom"
						},
						"0.7083": {
							"post": [0, 0, 0],
							"lerp_mode": "catmullrom"
						},
						"1.125": {
							"post": [16.29432, -25.32253, 2.48869],
							"lerp_mode": "catmullrom"
						}
					},
					"position": {
						"0.0": {
							"post": [0, 0, 0],
							"lerp_mode": "catmullrom"
						},
						"0.7083": {
							"post": [0, 0, 0],
							"lerp_mode": "catmullrom"
						}
					},
					"scale": {
						"0.0": {
							"post": [1, 1, 1],
							"lerp_mode": "catmullrom"
						},
						"0.7083": {
							"post": [1, 1, 1],
							"lerp_mode": "catmullrom"
						},
						"1.125": {
							"post": [0, 1, 0],
							"lerp_mode": "catmullrom"
						}
					}
				},
				"feather4": {
					"rotation": {
						"0.0": {
							"post": [0, 0, 0],
							"lerp_mode": "catmullrom"
						},
						"0.7083": {
							"post": [0, 0, 0],
							"lerp_mode": "catmullrom"
						},
						"1.125": {
							"post": [0, -22.5, 0],
							"lerp_mode": "catmullrom"
						}
					},
					"position": {
						"0.0": {
							"post": [0, 0, 0],
							"lerp_mode": "catmullrom"
						},
						"0.7083": {
							"post": [0, 0, 0],
							"lerp_mode": "catmullrom"
						}
					},
					"scale": {
						"0.0": {
							"post": [1, 1, 1],
							"lerp_mode": "catmullrom"
						},
						"0.7083": {
							"post": [1, 1, 1],
							"lerp_mode": "catmullrom"
						},
						"1.125": {
							"post": [0, 1, 0],
							"lerp_mode": "catmullrom"
						}
					}
				},
				"feather3": {
					"rotation": {
						"0.0": {
							"post": [0, 0, 0],
							"lerp_mode": "catmullrom"
						},
						"0.7083": {
							"post": [0, 0, 0],
							"lerp_mode": "catmullrom"
						}
					},
					"position": {
						"0.0": {
							"post": [0, 0, 0],
							"lerp_mode": "catmullrom"
						},
						"0.7083": {
							"post": [0, 0, 0],
							"lerp_mode": "catmullrom"
						}
					},
					"scale": {
						"0.0": {
							"post": [1, 1, 1],
							"lerp_mode": "catmullrom"
						},
						"0.7083": {
							"post": [1, 1, 1],
							"lerp_mode": "catmullrom"
						},
						"1.125": {
							"post": [0, 1, 0],
							"lerp_mode": "catmullrom"
						}
					}
				},
				"feather2": {
					"rotation": {
						"0.0": {
							"post": [0, 0, 0],
							"lerp_mode": "catmullrom"
						},
						"0.7083": {
							"post": [0, 0, 0],
							"lerp_mode": "catmullrom"
						}
					},
					"position": {
						"0.0": {
							"post": [0, 0, 0],
							"lerp_mode": "catmullrom"
						},
						"0.7083": {
							"post": [0, 0, 0],
							"lerp_mode": "catmullrom"
						}
					},
					"scale": {
						"0.0": {
							"post": [1, 1, 1],
							"lerp_mode": "catmullrom"
						},
						"0.7083": {
							"post": [1, 1, 1],
							"lerp_mode": "catmullrom"
						},
						"1.125": {
							"post": [0, 1, 0],
							"lerp_mode": "catmullrom"
						}
					}
				},
				"feather": {
					"rotation": {
						"0.0": {
							"post": [0, 0, 0],
							"lerp_mode": "catmullrom"
						},
						"0.7083": {
							"post": [0, 0, 0],
							"lerp_mode": "catmullrom"
						}
					},
					"position": {
						"0.0": {
							"post": [0, 0, 0],
							"lerp_mode": "catmullrom"
						},
						"0.7083": {
							"post": [0, 0, 0],
							"lerp_mode": "catmullrom"
						}
					},
					"scale": {
						"0.0": {
							"post": [1, 1, 1],
							"lerp_mode": "catmullrom"
						},
						"0.7083": {
							"post": [1, 1, 1],
							"lerp_mode": "catmullrom"
						},
						"1.125": {
							"post": [0, 1, 0],
							"lerp_mode": "catmullrom"
						}
					}
				},
				"leg_left": {
					"rotation": {
						"0.0": {
							"post": [-2.5, 0, -10],
							"lerp_mode": "catmullrom"
						},
						"0.7083": {
							"post": [-2.5, 0, -10],
							"lerp_mode": "catmullrom"
						},
						"1.125": {
							"post": [-26.84105, 65.38908, -33.9159],
							"lerp_mode": "catmullrom"
						}
					}
				},
				"leg_left2": {
					"rotation": {
						"0.0": {
							"post": [10, 0, 0],
							"lerp_mode": "catmullrom"
						},
						"0.7083": {
							"post": [10, 0, 0],
							"lerp_mode": "catmullrom"
						},
						"1.125": {
							"post": [54.91249, 8.39378, 3.27541],
							"lerp_mode": "catmullrom"
						}
					},
					"position": {
						"1.125": {
							"pre": [-0.3, 0, 0],
							"post": [-0.3, 0, 0],
							"lerp_mode": "catmullrom"
						}
					}
				},
				"foot_left": {
					"rotation": {
						"0.0": {
							"post": [-7.49804, 0.02205, 10.16879],
							"lerp_mode": "catmullrom"
						},
						"0.7083": {
							"post": [-7.49804, 0.02205, 10.16879],
							"lerp_mode": "catmullrom"
						},
						"1.125": {
							"post": [0, 5, 0],
							"lerp_mode": "catmullrom"
						}
					},
					"position": {
						"0.0": {
							"post": [0, 0.75, 0],
							"lerp_mode": "catmullrom"
						},
						"0.7083": {
							"post": [0, 0.75, 0],
							"lerp_mode": "catmullrom"
						}
					}
				},
				"claws_front_left": {
					"rotation": {
						"0.0": {
							"post": [0, 0, 0],
							"lerp_mode": "catmullrom"
						},
						"0.7083": {
							"post": [0, 0, 0],
							"lerp_mode": "catmullrom"
						},
						"1.125": {
							"post": [27.5, 0, 0],
							"lerp_mode": "catmullrom"
						}
					}
				},
				"claws_front_left2": {
					"rotation": {
						"0.0": {
							"post": [0, 0, 0],
							"lerp_mode": "catmullrom"
						},
						"0.7083": {
							"post": [0, 0, 0],
							"lerp_mode": "catmullrom"
						},
						"1.125": {
							"post": [47.5, 0, 0],
							"lerp_mode": "catmullrom"
						}
					}
				},
				"claws_front_left3": {
					"rotation": {
						"0.0": {
							"post": [0, 0, 0],
							"lerp_mode": "catmullrom"
						},
						"0.7083": {
							"post": [0, 0, 0],
							"lerp_mode": "catmullrom"
						},
						"1.125": {
							"post": [32.5, 0, 0],
							"lerp_mode": "catmullrom"
						}
					}
				},
				"claws_back_left": {
					"rotation": {
						"0.0": {
							"post": [0, 0, 0],
							"lerp_mode": "catmullrom"
						},
						"0.7083": {
							"post": [0, 0, 0],
							"lerp_mode": "catmullrom"
						},
						"1.125": {
							"post": [-35, 0, 0],
							"lerp_mode": "catmullrom"
						}
					}
				},
				"claws_back_left2": {
					"rotation": {
						"0.0": {
							"post": [0, 0, 0],
							"lerp_mode": "catmullrom"
						},
						"0.7083": {
							"post": [0, 0, 0],
							"lerp_mode": "catmullrom"
						},
						"1.125": {
							"post": [-47.5, 0, 0],
							"lerp_mode": "catmullrom"
						}
					}
				},
				"claws_back_left3": {
					"rotation": {
						"0.0": {
							"post": [0, 0, 0],
							"lerp_mode": "catmullrom"
						},
						"0.7083": {
							"post": [0, 0, 0],
							"lerp_mode": "catmullrom"
						},
						"1.125": {
							"post": [-30, 0, 0],
							"lerp_mode": "catmullrom"
						}
					}
				},
				"leg_right": {
					"rotation": {
						"0.0": [-2.5, 0, 10],
						"0.7083": [-2.5, 0, 10],
						"1.125": [-30.11736, 66.90404, -10.78966]
					}
				},
				"leg_right2": {
					"rotation": {
						"0.0": [10, 0, 0],
						"0.7083": [10, 0, 0],
						"1.125": [54.37943, 12.47265, 0.33424]
					}
				},
				"foot_right": {
					"rotation": {
						"0.0": [-7.49804, -0.02205, -10.16879],
						"0.7083": [-7.49804, -0.02205, -10.16879]
					},
					"position": {
						"0.0": [0, 0.75, 0],
						"0.7083": [0, 0.75, 0]
					}
				},
				"claws_back_right": {
					"rotation": {
						"0.0": {
							"post": [0, 0, 0],
							"lerp_mode": "catmullrom"
						},
						"0.7083": {
							"post": [0, 0, 0],
							"lerp_mode": "catmullrom"
						},
						"1.125": {
							"post": [-35, 0, 0],
							"lerp_mode": "catmullrom"
						}
					}
				},
				"claws_back_right2": {
					"rotation": {
						"0.0": {
							"post": [0, 0, 0],
							"lerp_mode": "catmullrom"
						},
						"0.7083": {
							"post": [0, 0, 0],
							"lerp_mode": "catmullrom"
						},
						"1.125": {
							"post": [-47.5, 0, 0],
							"lerp_mode": "catmullrom"
						}
					}
				},
				"claws_back_right3": {
					"rotation": {
						"0.0": {
							"post": [0, 0, 0],
							"lerp_mode": "catmullrom"
						},
						"0.7083": {
							"post": [0, 0, 0],
							"lerp_mode": "catmullrom"
						},
						"1.125": {
							"post": [-30, 0, 0],
							"lerp_mode": "catmullrom"
						}
					}
				},
				"claws_front_right": {
					"rotation": {
						"0.0": {
							"post": [0, 0, 0],
							"lerp_mode": "catmullrom"
						},
						"0.7083": {
							"post": [0, 0, 0],
							"lerp_mode": "catmullrom"
						},
						"1.125": {
							"post": [27.5, 0, 0],
							"lerp_mode": "catmullrom"
						}
					}
				},
				"claws_front_right2": {
					"rotation": {
						"0.0": {
							"post": [0, 0, 0],
							"lerp_mode": "catmullrom"
						},
						"0.7083": {
							"post": [0, 0, 0],
							"lerp_mode": "catmullrom"
						},
						"1.125": {
							"post": [47.5, 0, 0],
							"lerp_mode": "catmullrom"
						}
					}
				},
				"claws_front_right3": {
					"rotation": {
						"0.0": {
							"post": [0, 0, 0],
							"lerp_mode": "catmullrom"
						},
						"0.7083": {
							"post": [0, 0, 0],
							"lerp_mode": "catmullrom"
						},
						"1.125": {
							"post": [32.5, 0, 0],
							"lerp_mode": "catmullrom"
						}
					}
				}
			}
		}
	}
}