{
	"format_version": "1.8.0",
	"animations": {
		"animation.sajonin.ground_idle": {
			"loop": true,
			"bones": {
				"body": {
					"position": [0, "-1.035+math.cos(q.anim_time*90*3)*0.3", 0]
				},
				"torso": {
					"rotation": ["math.sin(q.anim_time*90*2-60)*-2", "math.sin(q.anim_time*90*1)*-2", 0],
					"position": [0, "math.sin(q.anim_time*90*3)*0.2", "math.sin(q.anim_time*90*3)*0.1"]
				},
				"neck": {
					"rotation": ["math.sin(q.anim_time*90*2-100)*-1", 0, 0]
				},
				"neck2": {
					"rotation": ["math.sin(q.anim_time*90*2-120)*-1", 0, 0]
				},
				"neck3": {
					"rotation": ["math.sin(q.anim_time*90*2-140)*-1", 0, 0]
				},
				"head": {
					"rotation": ["-math.sin(q.anim_time*90*2-160)*-2", 0, 0]
				},
				"tail": {
					"rotation": ["math.sin(q.anim_time*90*2-100)*-4", "math.sin(q.anim_time*90*1-40)*-4", 0]
				},
				"tail2": {
					"rotation": ["math.sin(q.anim_time*90*2-130)*-4", "math.sin(q.anim_time*90*1-80)*-4", 0]
				},
				"tailfeather_left2": {
					"rotation": [0, "math.sin(q.anim_time*90*1-120)*-6", "45+math.sin(q.anim_time*90*2-160)*-6"]
				},
				"tailfeather_right2": {
					"rotation": [0, "-math.sin(q.anim_time*90*1-120)*-6", "-45-math.sin(q.anim_time*90*2-160)*-6"]
				},
				"tailfeather_top2": {
					"rotation": ["5+math.sin(q.anim_time*90*2-190)*-6", "math.sin(q.anim_time*90*1-160)*-6", 0]
				},
				"tailfeather_bottom2": {
					"rotation": ["-5+math.sin(q.anim_time*90*2-190)*-6", "math.sin(q.anim_time*90*1-160)*-6", 0]
				},
				"tail3": {
					"rotation": ["math.sin(q.anim_time*90*2-160)*-4", "math.sin(q.anim_time*90*1-120)*-4", 0]
				},
				"tailfeather_bottom3": {
					"rotation": ["-5+math.sin(q.anim_time*90*2-220)*-4", "math.sin(q.anim_time*90*1-200)*-6", 0]
				},
				"tailfeather_top3": {
					"rotation": ["5+math.sin(q.anim_time*90*2-220)*-6", "math.sin(q.anim_time*90*1-200)*-6", 0]
				},
				"tailfeather_right3": {
					"rotation": [0, "-math.sin(q.anim_time*90*1-160)*-6", "-45-math.sin(q.anim_time*90*2-190)*-6"]
				},
				"tailfeather_left3": {
					"rotation": [0, "math.sin(q.anim_time*90*1-160)*-6", "45+math.sin(q.anim_time*90*2-190)*-6"]
				},
				"tail4": {
					"rotation": ["math.sin(q.anim_time*90*2-190)*-4", "math.sin(q.anim_time*90*1-160)*-4", 0]
				},
				"tailfeather_top4": {
					"rotation": ["5+math.sin(q.anim_time*90*2-250)*-6", "math.sin(q.anim_time*90*1-240)*-6", 0]
				},
				"tailfeather_bottom4": {
					"rotation": ["-5+math.sin(q.anim_time*90*2-250)*-6", "math.sin(q.anim_time*90*1-240)*-6", 0]
				},
				"tailfeather_left4": {
					"rotation": [0, "math.sin(q.anim_time*90*1-200)*-6", "45+math.sin(q.anim_time*90*2-220)*-6"]
				},
				"tailfeather_right4": {
					"rotation": [0, "-math.sin(q.anim_time*90*1-200)*-6", "-45-math.sin(q.anim_time*90*2-220)*-6"]
				},
				"tail5": {
					"rotation": ["math.sin(q.anim_time*90*2-220)*-4", "math.sin(q.anim_time*90*1-200)*-4", 0]
				},
				"tailfeather_left5": {
					"rotation": [0, "math.sin(q.anim_time*90*1-240)*-6", "45+math.sin(q.anim_time*90*2-250)*-6"]
				},
				"tailfeather_right5": {
					"rotation": [0, "-math.sin(q.anim_time*90*1-240)*-6", "-45-math.sin(q.anim_time*90*2-250)*-6"]
				},
				"tailfeather_top5": {
					"rotation": ["5+math.sin(q.anim_time*90*2-280)*-6", "math.sin(q.anim_time*90*1-280)*-6", 0]
				},
				"tailfeather_bottom5": {
					"rotation": ["-5+math.sin(q.anim_time*90*2-280)*-6", "math.sin(q.anim_time*90*1-280)*-6", 0]
				},
				"tail6": {
					"rotation": ["math.sin(q.anim_time*90*2-250)*-4", "math.sin(q.anim_time*90*1-240)*-4", 0]
				},
				"tailfeather_left6": {
					"rotation": [0, "math.sin(q.anim_time*90*1-280)*-6", "45+math.sin(q.anim_time*90*2-280)*-6"]
				},
				"tailfeather_top6": {
					"rotation": ["5+math.sin(q.anim_time*90*2-310)*-6", "math.sin(q.anim_time*90*1-320)*-6", 0]
				},
				"tailfeather_bottom6": {
					"rotation": ["-5+math.sin(q.anim_time*90*2-310)*-6", "math.sin(q.anim_time*90*1-320)*-6", 0]
				},
				"tailfeather_right6": {
					"rotation": [0, "-math.sin(q.anim_time*90*1-280)*-6", "-45-math.sin(q.anim_time*90*2-280)*-6"]
				},
				"tail7": {
					"rotation": ["math.sin(q.anim_time*90*2-280)*-4", "math.sin(q.anim_time*90*1-280)*-4", 0]
				},
				"tailfeather_right7": {
					"rotation": [0, "-math.sin(q.anim_time*90*1-320)*-6", "-45-math.sin(q.anim_time*90*2-310)*-6"]
				},
				"tailfeather_left7": {
					"rotation": [0, "math.sin(q.anim_time*90*1-320)*-6", "45+math.sin(q.anim_time*90*2-310)*-6"]
				},
				"tailfeather_bottom": {
					"rotation": ["-5+math.sin(q.anim_time*90*2-160)*-6", "math.sin(q.anim_time*90*1-120)*-6", 0]
				},
				"tailfeather_top": {
					"rotation": ["5+math.sin(q.anim_time*90*2-160)*-6", "math.sin(q.anim_time*90*1-120)*-6", 0]
				},
				"leg_left": {
					"rotation": ["20+math.cos(q.anim_time*90*3)*-2.5", -15.5, 0],
					"position": ["0.5-math.cos(q.anim_time*90*3)*-0.05", "math.cos(q.anim_time*90*6)*-0.0139", "-0.25-math.cos(q.anim_time*90*3)*0.255"]
				},
				"leg_left2": {
					"rotation": ["-35+math.cos(q.anim_time*90*3)*5", 0, 0]
				},
				"foot_left": {
					"rotation": ["15+math.cos(q.anim_time*90*3)*-2.5", 0, 0]
				},
				"leg_right": {
					"rotation": ["20+math.cos(q.anim_time*90*3)*-2.5", 15.5, 0],
					"position": ["-0.5+math.cos(q.anim_time*90*3)*-0.05", "math.cos(q.anim_time*90*6)*-0.0139", "-0.25-math.cos(q.anim_time*90*3)*0.255"]
				},
				"leg_right2": {
					"rotation": ["-35+math.cos(q.anim_time*90*3)*5", 0, 0]
				},
				"foot_right": {
					"rotation": ["15+math.cos(q.anim_time*90*3)*-2.5", 0, 0]
				},
				"headfeathers": {
					"rotation": ["-math.sin(q.anim_time*90*2-180)*-4", 0, 0]
				},
				"headfeather_bottom": {
					"rotation": ["math.sin(q.anim_time*90*2-290)*-4", 0, 0]
				},
				"headfeather_right": {
					"rotation": ["math.sin(q.anim_time*90*2-270)*-4", 0, 0]
				},
				"headfeather_left": {
					"rotation": ["math.sin(q.anim_time*90*2-280)*-4", 0, 0]
				},
				"heafeather_inner_bottom_left": {
					"rotation": ["math.sin(q.anim_time*90*2-330)*-4", 0, 0]
				},
				"headfeather_inner_top_right": {
					"rotation": ["math.sin(q.anim_time*90*2-300)*-4", 0, 0]
				},
				"headfeather_inner_bottom_right": {
					"rotation": ["math.sin(q.anim_time*90*2-320)*-4", 0, 0]
				},
				"headfeather_inner_top_left": {
					"rotation": ["math.sin(q.anim_time*90*2-310)*-4", 0, 0]
				},
				"headfeather_top": {
					"rotation": ["math.sin(q.anim_time*90*2-260)*-4", 0, 0]
				},
				"headfeather_top_right": {
					"rotation": ["math.sin(q.anim_time*90*2-220)*-4", 0, 0]
				},
				"headfeather_top_left": {
					"rotation": ["math.sin(q.anim_time*90*2-210)*-4", 0, 0]
				},
				"headfeather_bottom_right": {
					"rotation": ["math.sin(q.anim_time*90*2-240)*-4", 0, 0]
				},
				"headfeather_bottom_left": {
					"rotation": ["math.sin(q.anim_time*90*2-250)*-4", 0, 0]
				},
				"headfeather_top2": {
					"rotation": ["-10+math.sin(q.anim_time*90*2-270)*-4", 0, 0]
				},
				"headfeather_top_left2": {
					"rotation": ["-10+math.sin(q.anim_time*90*2-220)*-4", 0, 0]
				},
				"headfeather_inner_top_left2": {
					"rotation": ["math.sin(q.anim_time*90*2-320)*-4", 0, 0]
				},
				"headfeather_inner_top_right2": {
					"rotation": ["math.sin(q.anim_time*90*2-310)*-4", 0, 0]
				},
				"headfeather_top_right2": {
					"rotation": ["-10+math.sin(q.anim_time*90*2-230)*-4", 0, 0]
				},
				"headfeather_left2": {
					"rotation": [0, 0, "-10+math.sin(q.anim_time*90*2-290)*-4"]
				},
				"headfeather_right2": {
					"rotation": [0, 0, "10-math.sin(q.anim_time*90*2-280)*-4"]
				},
				"heafeather_inner_bottom_left2": {
					"rotation": ["math.sin(q.anim_time*90*2-340)*-4", 0, 0]
				},
				"headfeather_inner_bottom_right2": {
					"rotation": ["math.sin(q.anim_time*90*2-330)*-4", 0, 0]
				},
				"headfeather_bottom2": {
					"rotation": ["10+math.sin(q.anim_time*90*2-310)*-4", 0, 0]
				},
				"headfeather_bottom_left2": {
					"rotation": ["10+math.sin(q.anim_time*90*2-260)*-4", 0, 0]
				},
				"headfeather_bottom_right2": {
					"rotation": ["10+math.sin(q.anim_time*90*2-250)*-4", 0, 0]
				}
			}
		},
		"animation.sajonin.battle_idle": {
			"loop": true,
			"bones": {
				"body": {
					"rotation": [0, -102.5, 0],
					"position": [0, "-1.035+math.cos(q.anim_time*90*3)*0.3", 0]
				},
				"torso": {
					"rotation": ["math.sin(q.anim_time*90*2-60)*-2", "math.sin(q.anim_time*90*1)*-2", 0],
					"position": [0, "math.sin(q.anim_time*90*3)*0.2", "math.sin(q.anim_time*90*3)*0.1"]
				},
				"neck": {
					"rotation": ["math.sin(q.anim_time*90*2-100)*-1", 0, -4]
				},
				"neck2": {
					"rotation": ["5+math.sin(q.anim_time*90*2-120)*-1", 0, -4]
				},
				"neck3": {
					"rotation": ["10+math.sin(q.anim_time*90*2-140)*-1", 0, 4]
				},
				"head": {
					"rotation": ["-25-math.sin(q.anim_time*90*2-160)*-2", 0, 102],
					"position": [0, 0.85, 0]
				},
				"tail": {
					"rotation": ["math.sin(q.anim_time*90*2-100)*-4", "-20+math.sin(q.anim_time*90*1-40)*-4", 0]
				},
				"tail2": {
					"rotation": ["math.sin(q.anim_time*90*2-130)*-4", "-20+math.sin(q.anim_time*90*1-80)*-4", 0]
				},
				"tailfeather_left2": {
					"rotation": [0, "math.sin(q.anim_time*90*1-120)*-6", "45+math.sin(q.anim_time*90*2-160)*-6"]
				},
				"tailfeather_right2": {
					"rotation": [0, "-math.sin(q.anim_time*90*1-120)*-6", "-45-math.sin(q.anim_time*90*2-160)*-6"]
				},
				"tailfeather_top2": {
					"rotation": ["5+math.sin(q.anim_time*90*2-190)*-6", "math.sin(q.anim_time*90*1-160)*-6", 0]
				},
				"tailfeather_bottom2": {
					"rotation": ["-5+math.sin(q.anim_time*90*2-190)*-6", "math.sin(q.anim_time*90*1-160)*-6", 0]
				},
				"tail3": {
					"rotation": ["math.sin(q.anim_time*90*2-160)*-4", "-20+math.sin(q.anim_time*90*1-120)*-4", 0]
				},
				"tailfeather_bottom3": {
					"rotation": ["-5+math.sin(q.anim_time*90*2-220)*-4", "math.sin(q.anim_time*90*1-200)*-6", 0]
				},
				"tailfeather_top3": {
					"rotation": ["5+math.sin(q.anim_time*90*2-220)*-6", "math.sin(q.anim_time*90*1-200)*-6", 0]
				},
				"tailfeather_right3": {
					"rotation": [0, "-math.sin(q.anim_time*90*1-160)*-6", "-45-math.sin(q.anim_time*90*2-190)*-6"]
				},
				"tailfeather_left3": {
					"rotation": [0, "math.sin(q.anim_time*90*1-160)*-6", "45+math.sin(q.anim_time*90*2-190)*-6"]
				},
				"tail4": {
					"rotation": ["math.sin(q.anim_time*90*2-190)*-4", "-20+math.sin(q.anim_time*90*1-160)*-4", 0]
				},
				"tailfeather_top4": {
					"rotation": ["5+math.sin(q.anim_time*90*2-250)*-6", "math.sin(q.anim_time*90*1-240)*-6", 0]
				},
				"tailfeather_bottom4": {
					"rotation": ["-5+math.sin(q.anim_time*90*2-250)*-6", "math.sin(q.anim_time*90*1-240)*-6", 0]
				},
				"tailfeather_left4": {
					"rotation": [0, "math.sin(q.anim_time*90*1-200)*-6", "45+math.sin(q.anim_time*90*2-220)*-6"]
				},
				"tailfeather_right4": {
					"rotation": [0, "-math.sin(q.anim_time*90*1-200)*-6", "-45-math.sin(q.anim_time*90*2-220)*-6"]
				},
				"tail5": {
					"rotation": ["math.sin(q.anim_time*90*2-220)*-4", "-20+math.sin(q.anim_time*90*1-200)*-4", 0]
				},
				"tailfeather_left5": {
					"rotation": [0, "math.sin(q.anim_time*90*1-240)*-6", "45+math.sin(q.anim_time*90*2-250)*-6"]
				},
				"tailfeather_right5": {
					"rotation": [0, "-math.sin(q.anim_time*90*1-240)*-6", "-45-math.sin(q.anim_time*90*2-250)*-6"]
				},
				"tailfeather_top5": {
					"rotation": ["5+math.sin(q.anim_time*90*2-280)*-6", "math.sin(q.anim_time*90*1-280)*-6", 0]
				},
				"tailfeather_bottom5": {
					"rotation": ["-5+math.sin(q.anim_time*90*2-280)*-6", "math.sin(q.anim_time*90*1-280)*-6", 0]
				},
				"tail6": {
					"rotation": ["math.sin(q.anim_time*90*2-250)*-4", "-20+math.sin(q.anim_time*90*1-240)*-4", 0]
				},
				"tailfeather_left6": {
					"rotation": [0, "math.sin(q.anim_time*90*1-280)*-6", "45+math.sin(q.anim_time*90*2-280)*-6"]
				},
				"tailfeather_top6": {
					"rotation": ["5+math.sin(q.anim_time*90*2-310)*-6", "math.sin(q.anim_time*90*1-320)*-6", 0]
				},
				"tailfeather_bottom6": {
					"rotation": ["-5+math.sin(q.anim_time*90*2-310)*-6", "math.sin(q.anim_time*90*1-320)*-6", 0]
				},
				"tailfeather_right6": {
					"rotation": [0, "-math.sin(q.anim_time*90*1-280)*-6", "-45-math.sin(q.anim_time*90*2-280)*-6"]
				},
				"tail7": {
					"rotation": ["math.sin(q.anim_time*90*2-280)*-4", "-20+math.sin(q.anim_time*90*1-280)*-4", 0]
				},
				"tailfeather_right7": {
					"rotation": [0, "-math.sin(q.anim_time*90*1-320)*-6", "-45-math.sin(q.anim_time*90*2-310)*-6"]
				},
				"tailfeather_left7": {
					"rotation": [0, "math.sin(q.anim_time*90*1-320)*-6", "45+math.sin(q.anim_time*90*2-310)*-6"]
				},
				"tailfeather_bottom": {
					"rotation": ["-5+math.sin(q.anim_time*90*2-160)*-6", "math.sin(q.anim_time*90*1-120)*-6", 0]
				},
				"tailfeather_top": {
					"rotation": ["5+math.sin(q.anim_time*90*2-160)*-6", "math.sin(q.anim_time*90*1-120)*-6", 0]
				},
				"leg_left": {
					"rotation": ["20+math.cos(q.anim_time*90*3)*-2.5", -15.5, 0],
					"position": ["0.5-math.cos(q.anim_time*90*3)*-0.05", "math.cos(q.anim_time*90*6)*-0.0139", "-0.25-math.cos(q.anim_time*90*3)*0.255"]
				},
				"leg_left2": {
					"rotation": ["-35+math.cos(q.anim_time*90*3)*5", 0, 0]
				},
				"foot_left": {
					"rotation": ["15+math.cos(q.anim_time*90*3)*-2.5", 0, 0]
				},
				"leg_right": {
					"rotation": ["20+math.cos(q.anim_time*90*3)*-2.5", 15.5, 0],
					"position": ["-0.5+math.cos(q.anim_time*90*3)*-0.05", "math.cos(q.anim_time*90*6)*-0.0139", "-0.25-math.cos(q.anim_time*90*3)*0.255"]
				},
				"leg_right2": {
					"rotation": ["-35+math.cos(q.anim_time*90*3)*5", 0, 0]
				},
				"foot_right": {
					"rotation": ["15+math.cos(q.anim_time*90*3)*-2.5", 0, 0]
				},
				"headfeathers": {
					"rotation": ["-math.sin(q.anim_time*90*2-180)*-4", 0, 0]
				},
				"headfeather_bottom": {
					"rotation": ["math.sin(q.anim_time*90*2-290)*-4", 0, 0]
				},
				"headfeather_right": {
					"rotation": ["math.sin(q.anim_time*90*2-270)*-4", 0, 0]
				},
				"headfeather_left": {
					"rotation": ["math.sin(q.anim_time*90*2-280)*-4", 0, 0]
				},
				"heafeather_inner_bottom_left": {
					"rotation": ["math.sin(q.anim_time*90*2-330)*-4", 0, 0]
				},
				"headfeather_inner_top_right": {
					"rotation": ["math.sin(q.anim_time*90*2-300)*-4", 0, 0]
				},
				"headfeather_inner_bottom_right": {
					"rotation": ["math.sin(q.anim_time*90*2-320)*-4", 0, 0]
				},
				"headfeather_inner_top_left": {
					"rotation": ["math.sin(q.anim_time*90*2-310)*-4", 0, 0]
				},
				"headfeather_top": {
					"rotation": ["math.sin(q.anim_time*90*2-260)*-4", 0, 0]
				},
				"headfeather_top_right": {
					"rotation": ["math.sin(q.anim_time*90*2-220)*-4", 0, 0]
				},
				"headfeather_top_left": {
					"rotation": ["math.sin(q.anim_time*90*2-210)*-4", 0, 0]
				},
				"headfeather_bottom_right": {
					"rotation": ["math.sin(q.anim_time*90*2-240)*-4", 0, 0]
				},
				"headfeather_bottom_left": {
					"rotation": ["math.sin(q.anim_time*90*2-250)*-4", 0, 0]
				},
				"headfeather_top2": {
					"rotation": ["-10+math.sin(q.anim_time*90*2-270)*-4", 0, 0]
				},
				"headfeather_top_left2": {
					"rotation": ["-10+math.sin(q.anim_time*90*2-220)*-4", 0, 0]
				},
				"headfeather_inner_top_left2": {
					"rotation": ["math.sin(q.anim_time*90*2-320)*-4", 0, 0]
				},
				"headfeather_inner_top_right2": {
					"rotation": ["math.sin(q.anim_time*90*2-310)*-4", 0, 0]
				},
				"headfeather_top_right2": {
					"rotation": ["-10+math.sin(q.anim_time*90*2-230)*-4", 0, 0]
				},
				"headfeather_left2": {
					"rotation": [0, 0, "-10+math.sin(q.anim_time*90*2-290)*-4"]
				},
				"headfeather_right2": {
					"rotation": [0, 0, "10-math.sin(q.anim_time*90*2-280)*-4"]
				},
				"heafeather_inner_bottom_left2": {
					"rotation": ["math.sin(q.anim_time*90*2-340)*-4", 0, 0]
				},
				"headfeather_inner_bottom_right2": {
					"rotation": ["math.sin(q.anim_time*90*2-330)*-4", 0, 0]
				},
				"headfeather_bottom2": {
					"rotation": ["10+math.sin(q.anim_time*90*2-310)*-4", 0, 0]
				},
				"headfeather_bottom_left2": {
					"rotation": ["10+math.sin(q.anim_time*90*2-260)*-4", 0, 0]
				},
				"headfeather_bottom_right2": {
					"rotation": ["10+math.sin(q.anim_time*90*2-250)*-4", 0, 0]
				}
			}
		},
		"animation.sajonin.ground_walk": {
			"loop": true,
			"animation_length": 1.3333,
			"bones": {
				"neck_right": {
					"rotation": ["62+math.sin(q.anim_time*90*3*2-50)*2", 52, "-18+math.cos(q.anim_time*90*3-30)*1"]
				},
				"neck_right2": {
					"rotation": ["-62.5+math.sin(q.anim_time*90*3*2-100)*2", 0, 0]
				},
				"head2": {
					"rotation": ["-17.7929-math.sin(q.anim_time*90*3*2-180)*4", -26.6729, 8.5109]
				},
				"tuff_front": {
					"rotation": ["-12.5-math.cos(q.anim_time*90*3*2-60)*5", 0, 0]
				},
				"tuff_left": {
					"rotation": [0, 0, "-15-math.cos(q.anim_time*90*3*2-60)*5"]
				},
				"tuff_right": {
					"rotation": [0, 0, "15+math.cos(q.anim_time*90*3*2-60)*5"]
				},
				"tail_middle": {
					"rotation": ["-20-math.cos(q.anim_time*90*3*2-30)*4", 0, 0]
				},
				"tail_right": {
					"rotation": ["-25-math.cos(q.anim_time*90*3*2-60)*5", 0, 0]
				},
				"tail_left": {
					"rotation": ["-25-math.cos(q.anim_time*90*3*2-60)*5", 0, 0]
				},
				"neck_left": {
					"rotation": ["63.5-math.cos(q.anim_time*90*3*2+70)*3", -50, "9.6+math.cos(q.anim_time*90*3)*1"]
				},
				"neck_left2": {
					"rotation": ["-59.5509-math.cos(q.anim_time*90*3*2-60)*6", 13.3543, "6.8612-math.cos(q.anim_time*90*3-60)*6"]
				},
				"toe_right2": {
					"rotation": {
						"0.0": ["27.5-math.cos(q.anim_time*90*3+30)*30", 0, 0],
						"0.7917": [40.31, 0, 0],
						"1.0417": [0, 0, 0],
						"1.1667": [0, 0, 0],
						"1.25": [-18.62, 0, 0],
						"1.3333": ["17.5-math.cos(q.anim_time*90*3+30)*30", 0, 0]
					}
				},
				"toe_left2": {
					"rotation": {
						"0.0": ["17.5-math.cos(q.anim_time*90*3-150)*30", 0, 0],
						"0.4167": ["27.5-math.cos(q.anim_time*90*3-150)*30", 0, 0],
						"0.5": ["20-math.cos(q.anim_time*90*3-150)*30", 0, 0],
						"1.3333": ["17.5-math.cos(q.anim_time*90*3-150)*30", 0, 0]
					}
				},
				"head3": {
					"rotation": ["-12.7476+math.sin(q.anim_time*90*3*2+30)*1", 15.831, "-19.0167+math.cos(q.anim_time*90*3-60)*6"]
				},
				"head4": {
					"rotation": ["5+math.sin(q.anim_time*90*3*2-60)*6", 0, "0+math.sin(q.anim_time*90*3-30)*3"]
				},
				"hair_left": {
					"rotation": ["-52.5-math.sin(q.anim_time*90*3*2-210)*5", 0, 15]
				},
				"hair_left2": {
					"rotation": ["-30-math.sin(q.anim_time*90*3*2-240)*5", 0, 0]
				},
				"hair_right": {
					"rotation": ["-52.5-math.sin(q.anim_time*90*3*2-210)*6", 0, -15]
				},
				"hair_right2": {
					"rotation": ["-40-math.sin(q.anim_time*90*3*2-240)*5", 0, 0]
				},
				"hair_left3": {
					"rotation": ["-40-math.sin(q.anim_time*90*3*2)*5", 0, -15]
				},
				"hair_left4": {
					"rotation": ["-40-math.sin(q.anim_time*90*3*2-30)*5", 0, 0]
				},
				"hair_right3": {
					"rotation": ["-47.5-math.sin(q.anim_time*90*3*2)*5", 0, 17.5]
				},
				"hair_right4": {
					"rotation": ["-30-math.sin(q.anim_time*90*3*2-30)*5", 0, 0]
				},
				"hair_left5": {
					"rotation": ["-40-math.sin(q.anim_time*90*3*2-90)*5", 0, -15]
				},
				"hair_left6": {
					"rotation": ["-32.5-math.sin(q.anim_time*90*3*2-120)*5", 0, 0]
				},
				"hair_right5": {
					"rotation": ["-40-math.sin(q.anim_time*90*3*2-90)*5", 0, 15]
				},
				"hair_right6": {
					"rotation": ["-32.5-math.sin(q.anim_time*90*3*2-120)*5", 0, 0]
				},
				"body": {
					"rotation": ["0+math.cos(q.anim_time*90*3*2+30)*1", 0, 0],
					"position": [
						0,
						"-0.75+math.clamp(math.cos(q.anim_time*90*3*2+30)*0.5,0,1)",
						"0-math.clamp(math.cos(q.anim_time*90*3)*0.3,0,1)-math.clamp(math.cos(q.anim_time*90*3+180)*0.3,0,1)"
					]
				},
				"torso": {
					"rotation": ["5+math.sin(q.anim_time*90*3*2-60)*-2", "math.sin(q.anim_time*90*3)*-2", 0],
					"position": [0, "-1.25+math.sin(q.anim_time*90*3)*0.2", "math.sin(q.anim_time*90*3)*0.1"]
				},
				"neck": {
					"rotation": ["math.sin(q.anim_time*90*3*2-100)*-1", 0, 0]
				},
				"neck2": {
					"rotation": ["math.sin(q.anim_time*90*3*2-120)*-1", 0, 0]
				},
				"neck3": {
					"rotation": ["math.sin(q.anim_time*90*3*2-140)*-1", 0, 0]
				},
				"head": {
					"rotation": ["-math.sin(q.anim_time*90*3*2-160)*-2", 0, 0],
					"position": [0, 0.75, 0]
				},
				"headfeathers": {
					"rotation": ["-math.sin(q.anim_time*90*2*3-180)*-4", 0, 0]
				},
				"headfeather_bottom": {
					"rotation": ["math.sin(q.anim_time*90*3*2-290)*-4", 0, 0]
				},
				"headfeather_bottom2": {
					"rotation": ["10+math.sin(q.anim_time*90*3*2-310)*-4", 0, 0]
				},
				"headfeather_right": {
					"rotation": ["math.sin(q.anim_time*90*3*2-270)*-4", 0, 0]
				},
				"headfeather_right2": {
					"rotation": [0, 0, "10-math.sin(q.anim_time*90*3*2-280)*-4"]
				},
				"headfeather_left": {
					"rotation": ["math.sin(q.anim_time*90*3*2-280)*-4", 0, 0]
				},
				"headfeather_left2": {
					"rotation": [0, 0, "-10+math.sin(q.anim_time*90*3*2-290)*-4"]
				},
				"heafeather_inner_bottom_left": {
					"rotation": ["math.sin(q.anim_time*90*3*2-330)*-4", 0, 0]
				},
				"heafeather_inner_bottom_left2": {
					"rotation": ["math.sin(q.anim_time*90*3*2-340)*-4", 0, 0]
				},
				"headfeather_inner_top_right": {
					"rotation": ["math.sin(q.anim_time*90*3*2-300)*-4", 0, 0]
				},
				"headfeather_inner_top_right2": {
					"rotation": ["math.sin(q.anim_time*90*3*2-310)*-4", 0, 0]
				},
				"headfeather_inner_bottom_right": {
					"rotation": ["math.sin(q.anim_time*90*3*2-320)*-4", 0, 0]
				},
				"headfeather_inner_bottom_right2": {
					"rotation": ["math.sin(q.anim_time*90*3*2-330)*-4", 0, 0]
				},
				"headfeather_inner_top_left": {
					"rotation": ["math.sin(q.anim_time*90*3*2-310)*-4", 0, 0]
				},
				"headfeather_inner_top_left2": {
					"rotation": ["math.sin(q.anim_time*90*3*2-320)*-4", 0, 0]
				},
				"headfeather_top": {
					"rotation": ["math.sin(q.anim_time*90*3*2-260)*-4", 0, 0]
				},
				"headfeather_top2": {
					"rotation": ["-10+math.sin(q.anim_time*90*3*2-270)*-4", 0, 0]
				},
				"headfeather_top_right": {
					"rotation": ["math.sin(q.anim_time*90*2*3-220)*-4", 0, 0]
				},
				"headfeather_top_right2": {
					"rotation": ["-10+math.sin(q.anim_time*90*2*3-230)*-4", 0, 0]
				},
				"headfeather_top_left2": {
					"rotation": ["-10+math.sin(q.anim_time*90*3*2-220)*-4", 0, 0]
				},
				"headfeather_bottom_right": {
					"rotation": ["math.sin(q.anim_time*90*3*2-240)*-4", 0, 0]
				},
				"headfeather_bottom_right2": {
					"rotation": ["10+math.sin(q.anim_time*90*3*2-250)*-4", 0, 0]
				},
				"headfeather_bottom_left": {
					"rotation": ["math.sin(q.anim_time*90*3*2-250)*-4", 0, 0]
				},
				"headfeather_bottom_left2": {
					"rotation": ["10+math.sin(q.anim_time*90*3*2-260)*-4", 0, 0]
				},
				"tail": {
					"rotation": ["math.sin(q.anim_time*90*3*2-100)*-2", "math.sin(q.anim_time*90*3-40)*-1", 0]
				},
				"tail2": {
					"rotation": ["math.sin(q.anim_time*90*3*2-130)*-2", "math.sin(q.anim_time*90*3-80)*-1", 0]
				},
				"tailfeather_left2": {
					"rotation": [0, "math.sin(q.anim_time*90*3-120)*-6", "45+math.sin(q.anim_time*90*3*2-160)*-6"]
				},
				"tailfeather_right2": {
					"rotation": [0, "-math.sin(q.anim_time*90*3-120)*-6", "-45-math.sin(q.anim_time*90*3*2-160)*-6"]
				},
				"tailfeather_top2": {
					"rotation": ["5+math.sin(q.anim_time*90*3*2-190)*-6", "math.sin(q.anim_time*90*3-160)*-6", 0]
				},
				"tailfeather_bottom2": {
					"rotation": ["-5+math.sin(q.anim_time*90*3*2-190)*-6", "math.sin(q.anim_time*90*3-160)*-6", 0]
				},
				"tail3": {
					"rotation": ["math.sin(q.anim_time*90*3*2-160)*-2", "math.sin(q.anim_time*90*3-120)*-1", 0]
				},
				"tailfeather_bottom3": {
					"rotation": ["-5+math.sin(q.anim_time*90*3*2-220)*-4", "math.sin(q.anim_time*90*3-200)*-6", 0]
				},
				"tailfeather_top3": {
					"rotation": ["5+math.sin(q.anim_time*90*3*2-220)*-6", "math.sin(q.anim_time*90*3-200)*-6", 0]
				},
				"tailfeather_right3": {
					"rotation": [0, "-math.sin(q.anim_time*90*3-160)*-6", "-45-math.sin(q.anim_time*90*3*2-190)*-6"]
				},
				"tailfeather_left3": {
					"rotation": [0, "math.sin(q.anim_time*90*3-160)*-6", "45+math.sin(q.anim_time*90*3*2-190)*-6"]
				},
				"tail4": {
					"rotation": ["math.sin(q.anim_time*90*3*2-190)*-2", "math.sin(q.anim_time*90*3-160)*-1", 0]
				},
				"tailfeather_top4": {
					"rotation": ["5+math.sin(q.anim_time*90*3*2-250)*-6", "math.sin(q.anim_time*90*3-240)*-6", 0]
				},
				"tailfeather_bottom4": {
					"rotation": ["-5+math.sin(q.anim_time*90*3*2-250)*-6", "math.sin(q.anim_time*90*3-240)*-6", 0]
				},
				"tailfeather_left4": {
					"rotation": [0, "math.sin(q.anim_time*90*3-200)*-6", "45+math.sin(q.anim_time*90*3*2-220)*-6"]
				},
				"tailfeather_right4": {
					"rotation": [0, "-math.sin(q.anim_time*90*3-200)*-6", "-45-math.sin(q.anim_time*90*3*2-220)*-6"]
				},
				"tail5": {
					"rotation": ["math.sin(q.anim_time*90*3*2-220)*-2", "math.sin(q.anim_time*90*3-200)*-1", 0]
				},
				"tailfeather_left5": {
					"rotation": [0, "math.sin(q.anim_time*90*3-240)*-6", "45+math.sin(q.anim_time*90*3*2-250)*-6"]
				},
				"tailfeather_right5": {
					"rotation": [0, "-math.sin(q.anim_time*90*3-240)*-6", "-45-math.sin(q.anim_time*90*3*2-250)*-6"]
				},
				"tailfeather_top5": {
					"rotation": ["5+math.sin(q.anim_time*90*3*2-280)*-6", "math.sin(q.anim_time*90*3-280)*-6", 0]
				},
				"tailfeather_bottom5": {
					"rotation": ["-5+math.sin(q.anim_time*90*3*2-280)*-6", "math.sin(q.anim_time*90*3-280)*-6", 0]
				},
				"tail6": {
					"rotation": ["math.sin(q.anim_time*90*3*2-250)*-2", "math.sin(q.anim_time*90*3-240)*-1", 0]
				},
				"tailfeather_left6": {
					"rotation": [0, "math.sin(q.anim_time*90*3-280)*-6", "45+math.sin(q.anim_time*90*3*2-280)*-6"]
				},
				"tailfeather_top6": {
					"rotation": ["5+math.sin(q.anim_time*90*3*2-310)*-6", "math.sin(q.anim_time*90*3-320)*-6", 0]
				},
				"tailfeather_bottom6": {
					"rotation": ["-5+math.sin(q.anim_time*90*3*2-310)*-6", "math.sin(q.anim_time*90*3-320)*-6", 0]
				},
				"tailfeather_right6": {
					"rotation": [0, "-math.sin(q.anim_time*90*3-280)*-6", "-45-math.sin(q.anim_time*90*3*2-280)*-6"]
				},
				"tail7": {
					"rotation": ["math.sin(q.anim_time*90*3*2-280)*-2", "math.sin(q.anim_time*90*3-280)*-1", 0]
				},
				"tailfeather_right7": {
					"rotation": [0, "-math.sin(q.anim_time*90*3-320)*-6", "-45-math.sin(q.anim_time*90*3*2-310)*-6"]
				},
				"tailfeather_left7": {
					"rotation": [0, "math.sin(q.anim_time*90*3-320)*-6", "45+math.sin(q.anim_time*90*3*2-310)*-6"]
				},
				"tailfeather_bottom": {
					"rotation": ["-5+math.sin(q.anim_time*90*3*2-160)*-6", "math.sin(q.anim_time*90*3-120)*-6", 0]
				},
				"tailfeather_top": {
					"rotation": ["5+math.sin(q.anim_time*90*3*2-160)*-6", "math.sin(q.anim_time*90*3-120)*-6", 0]
				},
				"leg_left": {
					"rotation": {
						"0.0": ["40+math.sin(q.anim_time*90*3-150)*50", 0, 0],
						"0.1667": ["40+math.sin(q.anim_time*90*3-150)*50", 0, 0],
						"0.2917": ["52.5+math.sin(q.anim_time*90*3-150)*50", 0, 0],
						"1.3333": ["40+math.sin(q.anim_time*90*3-150)*50", 0, 0]
					},
					"position": {
						"0.0": [0, "-1.25+math.clamp(math.sin(q.anim_time*90*3-180)*1/2,0,2)", "math.cos(q.anim_time*90*3-180)*0.5"],
						"0.4167": [0, "-1.25+math.clamp(math.sin(q.anim_time*90*3-180)*1/2,0,2)", "math.cos(q.anim_time*90*3-180)*0.5"],
						"0.6667": [0, "-2.5+math.clamp(math.sin(q.anim_time*90*3-180)*1/2,0,2)", "math.cos(q.anim_time*90*3-180)*0.5"],
						"1.3333": [0, "-1.25+math.clamp(math.sin(q.anim_time*90*3-180)*1/2,0,2)", "math.cos(q.anim_time*90*3-180)*0.5"]
					}
				},
				"leg_left2": {
					"rotation": {
						"0.0": ["-82.5-math.sin(q.anim_time*90*3-180)*50", 0, 0],
						"0.1667": ["-82.5-math.sin(q.anim_time*90*3-180)*50", 0, 0],
						"0.4583": ["-99-math.sin(q.anim_time*90*3-180)*50", 0, 0],
						"1.3333": ["-82.5-math.sin(q.anim_time*90*3-180)*50", 0, 0]
					}
				},
				"foot_left": {
					"rotation": {
						"0.0": ["45+math.clamp(math.sin(q.anim_time*90*3-170)*90,0,90)-math.clamp(math.sin(q.anim_time*90*3-20)*20,0,90)", 0, 0],
						"0.25": [39.27, 0, 0],
						"0.4583": [28.45, 0, 0],
						"0.5833": ["55+math.clamp(math.sin(q.anim_time*90*3-170)*90,0,90)-math.clamp(math.sin(q.anim_time*90*3-20)*20,0,90)", 0, 0],
						"1.3333": ["45+math.clamp(math.sin(q.anim_time*90*3-170)*90,0,90)-math.clamp(math.sin(q.anim_time*90*3-20)*20,0,90)", 0, 0]
					}
				},
				"toe_left": {
					"rotation": {
						"0.0": ["17.5-math.cos(q.anim_time*90*3-150)*30", "7.5+math.cos(q.anim_time*90*3-150)*10", 0],
						"0.4167": ["27.5-math.cos(q.anim_time*90*3-150)*30", "7.5+math.cos(q.anim_time*90*3-150)*10", 0],
						"0.5": ["20-math.cos(q.anim_time*90*3-150)*30", "7.5+math.cos(q.anim_time*90*3-150)*10", 0],
						"1.3333": ["17.5-math.cos(q.anim_time*90*3-150)*30", "7.5+math.cos(q.anim_time*90*3-150)*10", 0]
					}
				},
				"toe_left3": {
					"rotation": {
						"0.0": ["-25+math.cos(q.anim_time*90*3-110)*30", 0, 0],
						"0.375": ["-27.5+math.cos(q.anim_time*90*3-110)*30", 0, 0],
						"0.5": ["-35+math.cos(q.anim_time*90*3-110)*30", 0, 0],
						"1.3333": ["-25+math.cos(q.anim_time*90*3-110)*30", 0, 0]
					}
				},
				"toe_left4": {
					"rotation": {
						"0.0": ["17.5-math.cos(q.anim_time*90*3-150)*30", "-7.5-math.cos(q.anim_time*90*3-150)*10", 0],
						"0.4167": ["27.5-math.cos(q.anim_time*90*3-150)*30", "-7.5-math.cos(q.anim_time*90*3-150)*10", 0],
						"0.4583": [0.14, "-7.5-math.cos(q.anim_time*90*3-150)*10", 0],
						"0.5": [-5.41, "-7.5-math.cos(q.anim_time*90*3-150)*10", 0],
						"0.7917": ["17.5-math.cos(q.anim_time*90*3-150)*30", "-7.5-math.cos(q.anim_time*90*3-150)*10", 0],
						"1.3333": ["17.5-math.cos(q.anim_time*90*3-150)*30", "-7.5-math.cos(q.anim_time*90*3-150)*10", 0]
					}
				},
				"leg_right": {
					"rotation": {
						"0.0": ["40+math.sin(q.anim_time*90*3+30)*50", 0, 0],
						"0.9583": ["48.7+math.sin(q.anim_time*90*3+30)*50", 0, 0],
						"1.0417": ["48.5+math.sin(q.anim_time*90*3+30)*50", 0, 0],
						"1.3333": ["40+math.sin(q.anim_time*90*3+30)*50", 0, 0]
					},
					"position": {
						"0.0": [0, "-1.25+math.clamp(math.sin(q.anim_time*90*3)*1/2,0,2)", "math.cos(q.anim_time*90*3)*1"],
						"0.25": [0, "-2.5+math.clamp(math.sin(q.anim_time*90*3-180)*1/2,0,2)", "math.cos(q.anim_time*90*3-180)*0.5"],
						"0.75": [0, "-1.25+math.clamp(math.sin(q.anim_time*90*3-180)*1/2,0,2)", "math.cos(q.anim_time*90*3-180)*0.5"],
						"1.3333": [0, "-1.25+math.clamp(math.sin(q.anim_time*90*3)*1/2,0,2)", "math.cos(q.anim_time*90*3)*1"]
					}
				},
				"leg_right2": {
					"rotation": {
						"0.0": ["-82.5-math.sin(q.anim_time*90*3)*50", 0, 0],
						"0.875": ["-92.5-math.sin(q.anim_time*90*3)*50", 0, 0],
						"0.9583": ["-85-math.sin(q.anim_time*90*3)*50", 0, 0],
						"1.1667": ["-95-math.sin(q.anim_time*90*3)*50", 0, 0],
						"1.3333": ["-82.5-math.sin(q.anim_time*90*3)*50", 0, 0]
					}
				},
				"foot_right": {
					"rotation": {
						"0.0": ["45+math.clamp(math.sin(q.anim_time*90*3+10)*90,0,90)-math.clamp(math.sin(q.anim_time*90*3+160)*20,0,90)", 0, 0],
						"1.0417": ["50+math.clamp(math.sin(q.anim_time*90*3)*90,0,90)-math.clamp(math.sin(q.anim_time*90*3+160)*20,0,90)", 0, 0],
						"1.0833": [30.85, 0, 0],
						"1.1667": [27.5, 0, 0],
						"1.25": [42, 0, 0],
						"1.3333": ["61.5+math.clamp(math.sin(q.anim_time*90*3)*90,0,90)-math.clamp(math.sin(q.anim_time*90*3+160)*20,0,90)", 0, 0]
					}
				},
				"toe_right": {
					"rotation": {
						"0.0": ["27.5-math.cos(q.anim_time*90*3+30)*30", "-7.5-math.cos(q.anim_time*90*3+30)*10", 0],
						"0.7917": [41.31, "-7.5-math.cos(q.anim_time*90*3+30)*10", 0],
						"1.0417": [0, "-7.5-math.cos(q.anim_time*90*3+30)*10", 0],
						"1.1667": [0, "-7.5-math.cos(q.anim_time*90*3+30)*10", 0],
						"1.25": [-16.12167, "-7.5-math.cos(q.anim_time*90*3+30)*10", 0],
						"1.3333": ["17.5-math.cos(q.anim_time*90*3+30)*30", "-7.5-math.cos(q.anim_time*90*3+30)*10", 0]
					}
				},
				"toe_right3": {
					"rotation": {
						"0.0": ["-25+math.cos(q.anim_time*90*3+70)*30", 0, 0],
						"0.75": ["-44.79+math.cos(q.anim_time*90*3+70)*30", 0, 0],
						"1.0417": ["-30+math.cos(q.anim_time*90*3+70)*30", 0, 0],
						"1.1667": ["-25+math.cos(q.anim_time*90*3+70)*30", 0, 0],
						"1.25": ["-27.75+math.cos(q.anim_time*90*3+70)*30", 0, 0],
						"1.3333": ["-25+math.cos(q.anim_time*90*3+70)*30", 0, 0]
					}
				},
				"toe_right4": {
					"rotation": {
						"0.0": ["27.5-math.cos(q.anim_time*90*3+30)*30", "7.5+math.cos(q.anim_time*90*3+30)*10", 0],
						"0.7917": [43.31, "7.5+math.cos(q.anim_time*90*3+30)*10", 0],
						"1.0417": [0, "7.5+math.cos(q.anim_time*90*3+30)*10", 0],
						"1.1667": [0, "7.5+math.cos(q.anim_time*90*3+30)*10", 0],
						"1.25": [-13.62167, "7.5+math.cos(q.anim_time*90*3+30)*10", 0],
						"1.3333": ["17.5-math.cos(q.anim_time*90*3+30)*30", "7.5+math.cos(q.anim_time*90*3+30)*10", 0]
					}
				}
			}
		},
		"animation.sajonin.blink": {
			"animation_length": 0.2083,
			"bones": {
				"eyelid_right": {
					"position": {
						"0.0": [0, 0, 0],
						"0.0417": {
							"pre": [0, 0, 0],
							"post": [-1, 0, 0]
						},
						"0.2083": {
							"pre": [-1, 0, 0],
							"post": [0, 0, 0]
						}
					}
				},
				"eyelid_left": {
					"position": {
						"0.0": [0, 0, 0],
						"0.0417": {
							"pre": [0, 0, 0],
							"post": [1, 0, 0]
						},
						"0.2083": {
							"pre": [1, 0, 0],
							"post": [0, 0, 0]
						}
					}
				}
			}
		},
		"animation.sajonin.quirk": {
			"animation_length": 1.3333,
			"bones": {
				"torso": {
					"rotation": {
						"0.0": {
							"post": [0, 0, 0],
							"lerp_mode": "catmullrom"
						},
						"0.25": {
							"post": [0, -17.5, 0],
							"lerp_mode": "catmullrom"
						},
						"0.8333": {
							"post": [0, -17.5, 0],
							"lerp_mode": "catmullrom"
						},
						"1.3333": {
							"post": [0, 0, 0],
							"lerp_mode": "catmullrom"
						}
					}
				},
				"neck": {
					"rotation": {
						"0.0": {
							"post": [0, 0, 0],
							"lerp_mode": "catmullrom"
						},
						"0.25": {
							"post": [0, -7.5, 0],
							"lerp_mode": "catmullrom"
						},
						"0.8333": {
							"post": [0, -7.5, 0],
							"lerp_mode": "catmullrom"
						},
						"1.3333": {
							"post": [0, 0, 0],
							"lerp_mode": "catmullrom"
						}
					}
				},
				"neck2": {
					"rotation": {
						"0.0": {
							"post": [0, 0, 0],
							"lerp_mode": "catmullrom"
						},
						"0.25": {
							"post": [0, 0, -12.5],
							"lerp_mode": "catmullrom"
						},
						"0.8333": {
							"post": [0, 0, -12.5],
							"lerp_mode": "catmullrom"
						},
						"1.3333": {
							"post": [0, 0, 0],
							"lerp_mode": "catmullrom"
						}
					}
				},
				"head": {
					"rotation": {
						"0.0": {
							"post": [0, 0, 0],
							"lerp_mode": "catmullrom"
						},
						"0.25": {
							"post": [0, 0, -42.5],
							"lerp_mode": "catmullrom"
						},
						"0.8333": {
							"post": [0, 0, -42.5],
							"lerp_mode": "catmullrom"
						},
						"1.3333": {
							"post": [0, 0, 0],
							"lerp_mode": "catmullrom"
						}
					}
				}
			}
		},
		"animation.sajonin.quirk2": {
			"animation_length": 1.3333,
			"bones": {
				"torso": {
					"rotation": {
						"0.0": {
							"post": [0, 0, 0],
							"lerp_mode": "catmullrom"
						},
						"0.25": {
							"post": [0, 17.5, 0],
							"lerp_mode": "catmullrom"
						},
						"0.8333": {
							"post": [0, 17.5, 0],
							"lerp_mode": "catmullrom"
						},
						"1.3333": {
							"post": [0, 0, 0],
							"lerp_mode": "catmullrom"
						}
					}
				},
				"neck": {
					"rotation": {
						"0.0": {
							"post": [0, 0, 0],
							"lerp_mode": "catmullrom"
						},
						"0.25": {
							"post": [0, 7.5, 0],
							"lerp_mode": "catmullrom"
						},
						"0.8333": {
							"post": [0, 7.5, 0],
							"lerp_mode": "catmullrom"
						},
						"1.3333": {
							"post": [0, 0, 0],
							"lerp_mode": "catmullrom"
						}
					}
				},
				"neck2": {
					"rotation": {
						"0.0": {
							"post": [0, 0, 0],
							"lerp_mode": "catmullrom"
						},
						"0.25": {
							"post": [0, 0, 12.5],
							"lerp_mode": "catmullrom"
						},
						"0.8333": {
							"post": [0, 0, 12.5],
							"lerp_mode": "catmullrom"
						},
						"1.3333": {
							"post": [0, 0, 0],
							"lerp_mode": "catmullrom"
						}
					}
				},
				"head": {
					"rotation": {
						"0.0": {
							"post": [0, 0, 0],
							"lerp_mode": "catmullrom"
						},
						"0.25": {
							"post": [0, 0, 42.5],
							"lerp_mode": "catmullrom"
						},
						"0.8333": {
							"post": [0, 0, 42.5],
							"lerp_mode": "catmullrom"
						},
						"1.3333": {
							"post": [0, 0, 0],
							"lerp_mode": "catmullrom"
						}
					}
				}
			}
		},
		"animation.sajonin.quirk3": {
			"loop": "hold_on_last_frame",
			"animation_length": 2.2083,
			"bones": {
				"body": {
					"scale": {
						"0.4583": [1, 1, 1],
						"0.5": [0, 0, 0],
						"1.4167": [0, 0, 0],
						"1.4583": [1, 1, 1],
						"1.7083": [1, 1, 1]
					}
				},
				"torso": {
					"rotation": {
						"0.4583": {
							"pre": [0, 0, 0],
							"post": [0, 0, 0],
							"lerp_mode": "catmullrom"
						},
						"1.4583": {
							"post": [20, 12.5, 0],
							"lerp_mode": "catmullrom"
						},
						"1.7083": {
							"post": [0, 0, 0],
							"lerp_mode": "catmullrom"
						},
						"1.9583": {
							"post": [0, 0, 0],
							"lerp_mode": "catmullrom"
						}
					},
					"position": {
						"0.0": {
							"post": [0, 0, 0],
							"lerp_mode": "catmullrom"
						},
						"0.4167": {
							"post": [0, -1, -0.75],
							"lerp_mode": "catmullrom"
						},
						"2.2083": {
							"post": [0, 0, 0],
							"lerp_mode": "catmullrom"
						}
					}
				},
				"neck": {
					"rotation": {
						"0.0": [0, 0, 0],
						"0.4167": {
							"pre": [-7.5, 0, 0],
							"post": [-7.5, 0, 0],
							"lerp_mode": "catmullrom"
						},
						"0.5417": {
							"post": [0, 0, 0],
							"lerp_mode": "catmullrom"
						},
						"1.4583": {
							"post": [15, 7.5, 0],
							"lerp_mode": "catmullrom"
						},
						"1.7083": {
							"post": [0, 0, 0],
							"lerp_mode": "catmullrom"
						},
						"1.9583": {
							"post": [0, 0, 0],
							"lerp_mode": "catmullrom"
						}
					}
				},
				"neck2": {
					"rotation": {
						"0.0": [0, 0, 0],
						"0.4167": {
							"pre": [-5, 0, 0],
							"post": [-5, 0, 0],
							"lerp_mode": "catmullrom"
						},
						"0.5417": {
							"post": [0, 0, 0],
							"lerp_mode": "catmullrom"
						},
						"1.4583": {
							"post": [7.5, 5, 0],
							"lerp_mode": "catmullrom"
						},
						"1.7083": {
							"post": [0, 0, 0],
							"lerp_mode": "catmullrom"
						},
						"1.9583": {
							"post": [0, 0, 0],
							"lerp_mode": "catmullrom"
						}
					}
				},
				"head": {
					"rotation": {
						"0.0": [0, 0, 0],
						"0.4167": {
							"pre": [5, 0, 0],
							"post": [5, 0, 0],
							"lerp_mode": "catmullrom"
						},
						"0.5417": {
							"post": [0, 0, 0],
							"lerp_mode": "catmullrom"
						},
						"1.4583": {
							"post": [25, 0, 42.5],
							"lerp_mode": "catmullrom"
						},
						"1.7083": {
							"post": [0, 0, 0],
							"lerp_mode": "catmullrom"
						},
						"1.9583": {
							"post": [0, 0, 0],
							"lerp_mode": "catmullrom"
						}
					}
				},
				"jaw": {
					"rotation": {
						"0.4583": {
							"pre": [0, 0, 0],
							"post": [0, 0, 0],
							"lerp_mode": "catmullrom"
						},
						"1.7083": {
							"post": [0, 0, 0],
							"lerp_mode": "catmullrom"
						},
						"1.9583": {
							"post": [0, 0, 0],
							"lerp_mode": "catmullrom"
						}
					}
				},
				"neck3": {
					"rotation": {
						"0.0": {
							"post": [0, 0, 0],
							"lerp_mode": "catmullrom"
						},
						"0.4167": {
							"post": [12.5, 0, 0],
							"lerp_mode": "catmullrom"
						},
						"2.2083": {
							"post": [0, 0, 0],
							"lerp_mode": "catmullrom"
						}
					}
				},
				"eyelid_right": {
					"position": {
						"0.2083": [0, 0, 0],
						"0.25": {
							"pre": [0, 0, 0],
							"post": [-1, 0, 0]
						},
						"1.6667": {
							"pre": [-1, 0, 0],
							"post": [0, 0, 0]
						}
					}
				},
				"eyelid_left": {
					"position": {
						"0.2083": [0, 0, 0],
						"0.25": {
							"pre": [0, 0, 0],
							"post": [1, 0, 0]
						},
						"1.6667": {
							"pre": [1, 0, 0],
							"post": [0, 0, 0]
						}
					}
				},
				"tail2": {
					"rotation": {
						"0.0": {
							"post": [0, 0, 0],
							"lerp_mode": "catmullrom"
						},
						"0.4167": {
							"post": [7.5, 0, 0],
							"lerp_mode": "catmullrom"
						},
						"2.2083": {
							"post": [0, 0, 0],
							"lerp_mode": "catmullrom"
						}
					}
				},
				"tail3": {
					"rotation": {
						"0.0": {
							"post": [0, 0, 0],
							"lerp_mode": "catmullrom"
						},
						"0.4167": {
							"post": [7.5, 0, 0],
							"lerp_mode": "catmullrom"
						},
						"2.2083": {
							"post": [0, 0, 0],
							"lerp_mode": "catmullrom"
						}
					}
				},
				"tail4": {
					"rotation": {
						"0.0": {
							"post": [0, 0, 0],
							"lerp_mode": "catmullrom"
						},
						"0.4167": {
							"post": [5, 0, 0],
							"lerp_mode": "catmullrom"
						},
						"2.2083": {
							"post": [0, 0, 0],
							"lerp_mode": "catmullrom"
						}
					}
				},
				"tail5": {
					"rotation": {
						"0.0": {
							"post": [0, 0, 0],
							"lerp_mode": "catmullrom"
						},
						"0.4167": {
							"post": [5, 0, 0],
							"lerp_mode": "catmullrom"
						},
						"2.2083": {
							"post": [0, 0, 0],
							"lerp_mode": "catmullrom"
						}
					}
				},
				"tail6": {
					"rotation": {
						"0.0": {
							"post": [0, 0, 0],
							"lerp_mode": "catmullrom"
						},
						"0.4167": {
							"post": [2.5, 0, 0],
							"lerp_mode": "catmullrom"
						},
						"2.2083": {
							"post": [0, 0, 0],
							"lerp_mode": "catmullrom"
						}
					}
				},
				"tail7": {
					"rotation": {
						"0.0": {
							"post": [0, 0, 0],
							"lerp_mode": "catmullrom"
						},
						"0.4167": {
							"post": [2.5, 0, 0],
							"lerp_mode": "catmullrom"
						},
						"2.2083": {
							"post": [0, 0, 0],
							"lerp_mode": "catmullrom"
						}
					}
				}
			},
			"particle_effects": {
				"0.4583": {
					"effect": "smokebomb_big"
				},
				"1.4167": {
					"effect": "smokebomb_big"
				}
			}
		},
		"animation.sajonin.sleep": {
			"loop": true,
			"bones": {
				"tail_middle": {
					"rotation": ["-17.5+math.cos(q.anim_time*90*2-50)*3", 0, 0]
				},
				"tail_right": {
					"rotation": ["-27.5+math.cos(q.anim_time*90*2-30)*3", 0, 0]
				},
				"tail_left": {
					"rotation": ["-27.5+math.cos(q.anim_time*90*2-30)*3", 0, 0]
				},
				"neck_right": {
					"rotation": ["73.5848-math.sin(q.anim_time*90*2-50)*2", 51.87082, -23.82659],
					"position": [0, -0.75, 0]
				},
				"neck_right2": {
					"rotation": ["-110-math.sin(q.anim_time*90*2-100)*2", 0, 0],
					"position": [0, 0.25, 0.5]
				},
				"head2": {
					"rotation": ["53.291-math.sin(q.anim_time*90*2-150)*2", -21.57439, -9.5091]
				},
				"hair_left": {
					"rotation": ["-67.5-math.sin(q.anim_time*90*2-200)*5", 0, 15]
				},
				"hair_left2": {
					"rotation": ["-30-math.sin(q.anim_time*90*2-250)*5", 0, 0]
				},
				"hair_right": {
					"rotation": ["-67.5-math.sin(q.anim_time*90*2-200)*5", 0, -15]
				},
				"hair_right2": {
					"rotation": ["-30-math.sin(q.anim_time*90*2-250)*5", 0, 0]
				},
				"neck_left": {
					"rotation": ["97.3123-math.sin(q.anim_time*90*2+70)*2", -49.42026, -1.07259],
					"position": [0, -0.75, 0]
				},
				"neck_left2": {
					"rotation": ["-99.0022-math.sin(q.anim_time*90*2)*2", 9.77896, 7.80801],
					"position": [0, 0.25, 0.5]
				},
				"head3": {
					"rotation": ["50.9273-math.sin(q.anim_time*90*2-60)*4", 28.95959, 6.65502]
				},
				"hair_left3": {
					"rotation": ["-65-math.sin(q.anim_time*90*2-90)*6", 0, -15]
				},
				"hair_left4": {
					"rotation": ["-32.5-math.sin(q.anim_time*90*2-160)*5", 0, 0]
				},
				"hair_right3": {
					"rotation": ["-65-math.sin(q.anim_time*90*2-90)*6", 0, 15]
				},
				"hair_right4": {
					"rotation": ["-40-math.sin(q.anim_time*90*2-120)*6", 0, 0]
				},
				"head4": {
					"rotation": ["52.5-math.sin(q.anim_time*90*2-90)*2", 0, 0]
				},
				"hair_left5": {
					"rotation": ["-57.5-math.sin(q.anim_time*90*2-120)*3", 0, -15]
				},
				"hair_left6": {
					"rotation": ["-32.5-math.sin(q.anim_time*90*2-160)*5", 0, 0]
				},
				"hair_right5": {
					"rotation": ["-57.5-math.sin(q.anim_time*90*2-120)*3", 0, 15]
				},
				"hair_right6": {
					"rotation": ["-32.5-math.sin(q.anim_time*90*2-160)*5", 0, 0]
				},
				"tuff_right": {
					"rotation": [0, 0, "8.5+math.sin(q.anim_time*90*2-30)*3"]
				},
				"tuff_front": {
					"rotation": ["-10-3.5-math.sin(q.anim_time*90*2-30)*3", 0, 0]
				},
				"tuff_left": {
					"rotation": [0, 0, "-13.5-math.sin(q.anim_time*90*2-30)*3"]
				},
				"toe_left2": {
					"rotation": [32.5, 0, 0]
				},
				"eyelid_right2": {
					"position": [0.1, 0, -0.1]
				},
				"eyelid_left2": {
					"position": [-0.1, 0, -0.1]
				},
				"eyelid_right3": {
					"position": [0.1, 0, -0.1]
				},
				"eyelid_left3": {
					"position": [-0.1, 0, -0.1]
				},
				"body": {
					"position": [0, "-1.035+math.cos(q.anim_time*90*3/2)*0.3", 0]
				},
				"torso": {
					"rotation": ["2.5012-math.sin(q.anim_time*90*2/2)*2", 0, -1],
					"position": [0, "0+math.cos(q.anim_time*90*2/2)*0.2", 0]
				},
				"neck": {
					"rotation": ["-10+math.sin(q.anim_time*90*2/2-100)*-1", 0, 0]
				},
				"neck2": {
					"rotation": ["-5+math.sin(q.anim_time*90*2/2-120)*-1", 0, 0]
				},
				"neck3": {
					"rotation": ["-2.5+math.sin(q.anim_time*90*2/2-140)*-1", 0, 0]
				},
				"head": {
					"rotation": ["17.5-math.sin(q.anim_time*90*2/2-160)*-2", 0, 0]
				},
				"headfeathers": {
					"rotation": ["-math.sin(q.anim_time*90*2/2-180)*-4", 0, 0]
				},
				"headfeather_bottom": {
					"rotation": ["math.sin(q.anim_time*90*2/2-290)*-4", 0, 0]
				},
				"headfeather_bottom2": {
					"rotation": ["10+math.sin(q.anim_time*90*2/2-310)*-4", 0, 0]
				},
				"headfeather_right": {
					"rotation": ["math.sin(q.anim_time*90*2/2-270)*-4", 0, 0]
				},
				"headfeather_right2": {
					"rotation": [0, 0, "10-math.sin(q.anim_time*90*2/2-280)*-4"]
				},
				"headfeather_left": {
					"rotation": ["math.sin(q.anim_time*90*2/2-280)*-4", 0, 0]
				},
				"headfeather_left2": {
					"rotation": [0, 0, "-10+math.sin(q.anim_time*90*2/2-290)*-4"]
				},
				"heafeather_inner_bottom_left": {
					"rotation": ["math.sin(q.anim_time*90*2/2-330)*-4", 0, 0]
				},
				"heafeather_inner_bottom_left2": {
					"rotation": ["math.sin(q.anim_time*90*2/2-340)*-4", 0, 0]
				},
				"headfeather_inner_top_right": {
					"rotation": ["math.sin(q.anim_time*90*2/2-300)*-4", 0, 0]
				},
				"headfeather_inner_top_right2": {
					"rotation": ["math.sin(q.anim_time*90*2/2-310)*-4", 0, 0]
				},
				"headfeather_inner_bottom_right": {
					"rotation": ["math.sin(q.anim_time*90*2/2-320)*-4", 0, 0]
				},
				"headfeather_inner_bottom_right2": {
					"rotation": ["math.sin(q.anim_time*90*2/2-330)*-4", 0, 0]
				},
				"headfeather_inner_top_left": {
					"rotation": ["math.sin(q.anim_time*90*2/2-310)*-4", 0, 0]
				},
				"headfeather_inner_top_left2": {
					"rotation": ["math.sin(q.anim_time*90*2/2-320)*-4", 0, 0]
				},
				"headfeather_top": {
					"rotation": ["math.sin(q.anim_time*90*2/2-260)*-4", 0, 0]
				},
				"headfeather_top2": {
					"rotation": ["-10+math.sin(q.anim_time*90*2/2-270)*-4", 0, 0]
				},
				"headfeather_top_right": {
					"rotation": ["math.sin(q.anim_time*90*2/2-220)*-4", 0, 0]
				},
				"headfeather_top_right2": {
					"rotation": ["-10+math.sin(q.anim_time*90*2/2-230)*-4", 0, 0]
				},
				"headfeather_top_left": {
					"rotation": ["math.sin(q.anim_time*90*2/2-210)*-4", 0, 0]
				},
				"headfeather_top_left2": {
					"rotation": ["-10+math.sin(q.anim_time*90*2/2-220)*-4", 0, 0]
				},
				"headfeather_bottom_right": {
					"rotation": ["math.sin(q.anim_time*90*2/2-240)*-4", 0, 0]
				},
				"headfeather_bottom_right2": {
					"rotation": ["10+math.sin(q.anim_time*90*2/2-250)*-4", 0, 0]
				},
				"headfeather_bottom_left": {
					"rotation": ["math.sin(q.anim_time*90*2/2-250)*-4", 0, 0]
				},
				"headfeather_bottom_left2": {
					"rotation": ["10+math.sin(q.anim_time*90*2/2-260)*-4", 0, 0]
				},
				"eyelid_right": {
					"position": [-1, 0, 0]
				},
				"eyelid_left": {
					"position": [1, 0, 0]
				},
				"tail": {
					"rotation": ["-5+math.sin(q.anim_time*90*2/2-100)*-4", "10+math.sin(q.anim_time*90*1/2-40)*-4", 0]
				},
				"tail2": {
					"rotation": ["-5+math.sin(q.anim_time*90*2/2-130)*-4", "10+math.sin(q.anim_time*90*1/2-80)*-4", 0]
				},
				"tailfeather_left2": {
					"rotation": [0, "math.sin(q.anim_time*90*1/2-120)*-6", "45+math.sin(q.anim_time*90*2/2-160)*-6"]
				},
				"tailfeather_right2": {
					"rotation": [0, "-math.sin(q.anim_time*90*1/2-120)*-6", "-45-math.sin(q.anim_time*90*2/2-160)*-6"]
				},
				"tailfeather_top2": {
					"rotation": ["5+math.sin(q.anim_time*90*2/2-190)*-6", "math.sin(q.anim_time*90*1/2-160)*-6", 0]
				},
				"tailfeather_bottom2": {
					"rotation": ["-15+math.sin(q.anim_time*90*2/2-190)*-6", "math.sin(q.anim_time*90*1/2-160)*-6", 0]
				},
				"tail3": {
					"rotation": ["-5+math.sin(q.anim_time*90*2/2-160)*-4", "10+math.sin(q.anim_time*90*1/2-120)*-4", 0]
				},
				"tailfeather_bottom3": {
					"rotation": ["-15+math.sin(q.anim_time*90*2/2-220)*-4", "math.sin(q.anim_time*90*1/2-200)*-6", 0]
				},
				"tailfeather_top3": {
					"rotation": ["5+math.sin(q.anim_time*90*2/2-220)*-6", "math.sin(q.anim_time*90*1/2-200)*-6", 0]
				},
				"tailfeather_right3": {
					"rotation": [0, "-math.sin(q.anim_time*90*1/2-160)*-6", "-45-math.sin(q.anim_time*90*2/2-190)*-6"]
				},
				"tailfeather_left3": {
					"rotation": [0, "math.sin(q.anim_time*90*1/2-160)*-6", "45+math.sin(q.anim_time*90*2/2-190)*-6"]
				},
				"tail4": {
					"rotation": ["-5+math.sin(q.anim_time*90*2/2-190)*-4", "10+math.sin(q.anim_time*90*1/2-160)*-4", 0]
				},
				"tailfeather_top4": {
					"rotation": ["5+math.sin(q.anim_time*90*2/2-250)*-6", "math.sin(q.anim_time*90*1/2-240)*-6", 0]
				},
				"tailfeather_bottom4": {
					"rotation": ["-15+math.sin(q.anim_time*90*2/2-250)*-6", "math.sin(q.anim_time*90*1/2-240)*-6", 0]
				},
				"tailfeather_left4": {
					"rotation": [0, "math.sin(q.anim_time*90*1/2-200)*-6", "45+math.sin(q.anim_time*90*2/2-220)*-6"]
				},
				"tailfeather_right4": {
					"rotation": [0, "-math.sin(q.anim_time*90*1/2-200)*-6", "-45-math.sin(q.anim_time*90*2/2-220)*-6"]
				},
				"tail5": {
					"rotation": ["-5+math.sin(q.anim_time*90*2/2-220)*-4", "10+math.sin(q.anim_time*90*1/2-200)*-4", 0]
				},
				"tailfeather_left5": {
					"rotation": [0, "math.sin(q.anim_time*90*1/2-240)*-6", "45+math.sin(q.anim_time*90*2/2-250)*-6"]
				},
				"tailfeather_right5": {
					"rotation": [0, "-math.sin(q.anim_time*90*1/2-240)*-6", "-45-math.sin(q.anim_time*90*2/2-250)*-6"]
				},
				"tailfeather_top5": {
					"rotation": ["5+math.sin(q.anim_time*90*2/2-280)*-6", "math.sin(q.anim_time*90*1/2-280)*-6", 0]
				},
				"tailfeather_bottom5": {
					"rotation": ["-15+math.sin(q.anim_time*90*2/2-280)*-6", "math.sin(q.anim_time*90*1/2-280)*-6", 0]
				},
				"tail6": {
					"rotation": ["-5+math.sin(q.anim_time*90*2/2-250)*-4", "10+math.sin(q.anim_time*90*1/2-240)*-4", 0]
				},
				"tailfeather_left6": {
					"rotation": [0, "math.sin(q.anim_time*90*1/2-280)*-6", "45+math.sin(q.anim_time*90*2/2-280)*-6"]
				},
				"tailfeather_top6": {
					"rotation": ["5+math.sin(q.anim_time*90*2/2-310)*-6", "math.sin(q.anim_time*90*1/2-320)*-6", 0]
				},
				"tailfeather_bottom6": {
					"rotation": ["-15+math.sin(q.anim_time*90*2/2-310)*-6", "math.sin(q.anim_time*90*1/2-320)*-6", 0]
				},
				"tailfeather_right6": {
					"rotation": [0, "-math.sin(q.anim_time*90*1/2-280)*-6", "-45-math.sin(q.anim_time*90*2/2-280)*-6"]
				},
				"tail7": {
					"rotation": ["-5+math.sin(q.anim_time*90*2/2-280)*-4", "10+math.sin(q.anim_time*90*1/2-280)*-4", 0]
				},
				"tailfeather_right7": {
					"rotation": [0, "-math.sin(q.anim_time*90*1/2-320)*-6", "-45-math.sin(q.anim_time*90*2/2-310)*-6"]
				},
				"tailfeather_left7": {
					"rotation": [0, "math.sin(q.anim_time*90*1/2-320)*-6", "45+math.sin(q.anim_time*90*2/2-310)*-6"]
				},
				"tailfeather_bottom": {
					"rotation": ["-15+math.sin(q.anim_time*90*2/2-160)*-6", "math.sin(q.anim_time*90*1/2-120)*-6", 0]
				},
				"tailfeather_top": {
					"rotation": ["5+math.sin(q.anim_time*90*2/2-160)*-6", "math.sin(q.anim_time*90*1/2-120)*-6", 0]
				},
				"leg_left": {
					"rotation": ["50.5528-math.cos(q.anim_time*90*2/2-60)*3", -7.41871, 8.4806],
					"position": [0.5, "0.5-math.clamp(math.sin(q.anim_time*90*2/2+180)*0.04,0,2)", "0-math.clamp(math.sin(q.anim_time*90*2/2+180)*0.05,0,2)"]
				},
				"leg_left2": {
					"rotation": ["-137.5+math.cos(q.anim_time*90*2/2-120)*3", 0, 0],
					"position": [0, 0, -1]
				},
				"foot_left": {
					"rotation": [122.5, 0, 0],
					"position": [0, 0.75, 0]
				},
				"toe_left": {
					"rotation": [52.5, 17.5, 0]
				},
				"toe_left3": {
					"rotation": [-67.5, 0, 0]
				},
				"toe_left4": {
					"rotation": [52.5, -17.5, 0]
				},
				"leg_right": {
					"rotation": ["20+math.cos(q.anim_time*90*3/2)*-2.5", 15.5, 0],
					"position": ["-0.5+math.cos(q.anim_time*90*3/2)*-0.05", "math.cos(q.anim_time*90*6/2)*-0.0139", "-0.25-math.cos(q.anim_time*90*3/2)*0.255"]
				},
				"leg_right2": {
					"rotation": ["-35+math.cos(q.anim_time*90*3/2)*5", 0, 0]
				},
				"foot_right": {
					"rotation": ["15+math.cos(q.anim_time*90*3/2)*-2.5", 0, 0]
				},
				"toe_right": {
					"rotation": [0, -37.5, 0]
				},
				"toe_right3": {
					"rotation": [0, 0, 0]
				},
				"toe_right4": {
					"rotation": [0, 25, 0]
				}
			}
		},
		"animation.sajonin.recoil": {
			"animation_length": 1.5,
			"bones": {
				"torso": {
					"rotation": {
						"0.0": [0, 0, 0],
						"0.0417": [-13, 0, 0],
						"0.1667": [-23, 0, 0],
						"0.5833": {
							"pre": [8.66, 0, 0],
							"post": [8.66, 0, 0],
							"lerp_mode": "catmullrom"
						},
						"1.0833": {
							"post": [-2, 0, 0],
							"lerp_mode": "catmullrom"
						},
						"1.5": [0, 0, 0]
					}
				},
				"neck": {
					"rotation": {
						"0.0": [0, 0, 0],
						"0.0417": {
							"pre": [5.5, 0, 0],
							"post": [5.5, 0, 0],
							"lerp_mode": "catmullrom"
						},
						"0.1667": {
							"post": [-4.79, 0, 0],
							"lerp_mode": "catmullrom"
						},
						"0.375": {
							"post": [-3.5, 0, 0],
							"lerp_mode": "catmullrom"
						},
						"0.7083": {
							"post": [-1.65, 0, 0],
							"lerp_mode": "catmullrom"
						},
						"1.0417": {
							"post": [0.35, 0, 0],
							"lerp_mode": "catmullrom"
						},
						"1.4583": [0, 0, 0]
					}
				},
				"neck2": {
					"rotation": {
						"0.0": [0, 0, 0],
						"0.0417": {
							"pre": [5.5, 0, 0],
							"post": [5.5, 0, 0],
							"lerp_mode": "catmullrom"
						},
						"0.2083": {
							"post": [-4.79, 0, 0],
							"lerp_mode": "catmullrom"
						},
						"0.4167": {
							"post": [-3.5, 0, 0],
							"lerp_mode": "catmullrom"
						},
						"0.75": {
							"post": [-1.65, 0, 0],
							"lerp_mode": "catmullrom"
						},
						"1.0833": {
							"post": [0.35, 0, 0],
							"lerp_mode": "catmullrom"
						},
						"1.5": [0, 0, 0]
					}
				},
				"neck3": {
					"rotation": {
						"0.0": [0, 0, 0],
						"0.0417": {
							"pre": [5.5, 0, 0],
							"post": [5.5, 0, 0],
							"lerp_mode": "catmullrom"
						},
						"0.25": {
							"post": [-4.79, 0, 0],
							"lerp_mode": "catmullrom"
						},
						"0.4583": {
							"post": [-3.5, 0, 0],
							"lerp_mode": "catmullrom"
						},
						"0.7917": {
							"post": [-1.65, 0, 0],
							"lerp_mode": "catmullrom"
						},
						"1.125": {
							"post": [0.35, 0, 0],
							"lerp_mode": "catmullrom"
						},
						"1.5": [0, 0, 0]
					}
				},
				"head": {
					"rotation": {
						"0.0": {
							"post": [0, 0, 0],
							"lerp_mode": "catmullrom"
						},
						"0.0417": {
							"post": [7.5, 0, 0],
							"lerp_mode": "catmullrom"
						},
						"1.4583": {
							"post": [0, 0, 0],
							"lerp_mode": "catmullrom"
						}
					}
				},
				"eyelid_right": {
					"position": {
						"0.0": [0, 0, 0],
						"0.0417": {
							"pre": [0, 0, 0],
							"post": [-1, 0, 0]
						},
						"0.1667": {
							"pre": [-1, 0, 0],
							"post": [0, 0, 0]
						}
					}
				},
				"eyelid_left": {
					"position": {
						"0.0": [0, 0, 0],
						"0.0417": {
							"pre": [0, 0, 0],
							"post": [1, 0, 0]
						},
						"0.1667": {
							"pre": [1, 0, 0],
							"post": [0, 0, 0]
						}
					}
				},
				"headfeathers": {
					"rotation": {
						"0.0": [0, 0, 0],
						"0.0417": {
							"pre": [-27, 0, 0],
							"post": [-27, 0, 0],
							"lerp_mode": "catmullrom"
						},
						"0.4583": {
							"post": [6.5, 0, 0],
							"lerp_mode": "catmullrom"
						},
						"0.7917": {
							"post": [-1.65, 0, 0],
							"lerp_mode": "catmullrom"
						},
						"1.125": {
							"post": [0.35, 0, 0],
							"lerp_mode": "catmullrom"
						},
						"1.5": [0, 0, 0]
					}
				}
			}
		},
		"animation.sajonin.faint": {
			"animation_length": 3.25,
			"bones": {
				"torso": {
					"rotation": {
						"0.0": ["math.sin(q.anim_time*90*2-60)*-2", "math.sin(q.anim_time*90*1)*-2", 0],
						"0.0417": [-13, 0, 0],
						"0.1667": {
							"pre": [-23, 0, 0],
							"post": [-23, 0, 0],
							"lerp_mode": "catmullrom"
						},
						"0.5833": {
							"post": [8.66, 0, 0],
							"lerp_mode": "catmullrom"
						},
						"1.375": {
							"post": [11.16, 0, 0],
							"lerp_mode": "catmullrom"
						},
						"1.625": {
							"post": [13.66, 0, 0],
							"lerp_mode": "catmullrom"
						},
						"2.0": {
							"post": [11.16, 0, 0],
							"lerp_mode": "catmullrom"
						},
						"2.2083": {
							"post": [3.66, 0, 0],
							"lerp_mode": "catmullrom"
						},
						"2.4583": {
							"post": [3.81136, -0.6187, -27.49358],
							"lerp_mode": "catmullrom"
						}
					},
					"position": {
						"0.0": [0, "math.sin(q.anim_time*90*3)*0.2", "math.sin(q.anim_time*90*3)*0.1"],
						"2.0": [0, -0.75, 0],
						"2.3333": {
							"pre": [0, -17.25, -9],
							"post": [0, -17.25, -9],
							"lerp_mode": "catmullrom"
						}
					}
				},
				"neck": {
					"rotation": {
						"0.0": ["math.sin(q.anim_time*90*2-100)*-1", 0, 0],
						"0.0417": [5.5, 0, 0],
						"0.1667": {
							"pre": [-4.79, 0, 0],
							"post": [-4.79, 0, 0],
							"lerp_mode": "catmullrom"
						},
						"0.375": {
							"post": [-3.5, 0, 0],
							"lerp_mode": "catmullrom"
						},
						"0.7083": {
							"post": [-1.65, 0, 0],
							"lerp_mode": "catmullrom"
						},
						"1.375": {
							"post": [10.85, 0, 0],
							"lerp_mode": "catmullrom"
						},
						"1.625": {
							"post": [23.35, 0, 0],
							"lerp_mode": "catmullrom"
						},
						"2.0": {
							"post": [10.85, 0, 0],
							"lerp_mode": "catmullrom"
						},
						"2.2083": {
							"post": [15.47, 0, 0],
							"lerp_mode": "catmullrom"
						},
						"2.375": {
							"post": [60.53038, -17.3785, 2.0911],
							"lerp_mode": "catmullrom"
						}
					},
					"position": {
						"0.0": {
							"post": [0, 0, 0],
							"lerp_mode": "catmullrom"
						},
						"2.0": {
							"post": [0, 0, 0],
							"lerp_mode": "catmullrom"
						},
						"2.375": {
							"post": [-0.75, -0.5, 2.5],
							"lerp_mode": "catmullrom"
						}
					}
				},
				"neck2": {
					"rotation": {
						"0.0": ["math.sin(q.anim_time*90*2-120)*-1", 0, 0],
						"0.0417": [5.5, 0, 0],
						"0.2083": {
							"pre": [-4.79, 0, 0],
							"post": [-4.79, 0, 0],
							"lerp_mode": "catmullrom"
						},
						"0.4167": {
							"post": [-3.5, 0, 0],
							"lerp_mode": "catmullrom"
						},
						"0.75": {
							"post": [-1.65, 0, 0],
							"lerp_mode": "catmullrom"
						},
						"1.375": {
							"post": [5.85, 0, 0],
							"lerp_mode": "catmullrom"
						},
						"1.625": {
							"post": [13.35, 0, 0],
							"lerp_mode": "catmullrom"
						},
						"2.0": {
							"post": [5.85, 0, 0],
							"lerp_mode": "catmullrom"
						},
						"2.2083": {
							"post": [15.38, 0, 0],
							"lerp_mode": "catmullrom"
						},
						"2.4167": {
							"post": [35.79982, -34.78811, 8.5483],
							"lerp_mode": "catmullrom"
						}
					},
					"position": {
						"0.0": {
							"post": [0, 0, 0],
							"lerp_mode": "catmullrom"
						},
						"2.0": {
							"post": [0, 0, 0],
							"lerp_mode": "catmullrom"
						},
						"2.4167": {
							"post": [-0.75, 0.75, 1.5],
							"lerp_mode": "catmullrom"
						}
					}
				},
				"neck3": {
					"rotation": {
						"0.0": ["math.sin(q.anim_time*90*2-140)*-1", 0, 0],
						"0.0417": [5.5, 0, 0],
						"0.25": {
							"pre": [-4.79, 0, 0],
							"post": [-4.79, 0, 0],
							"lerp_mode": "catmullrom"
						},
						"0.4583": {
							"post": [-3.5, 0, 0],
							"lerp_mode": "catmullrom"
						},
						"0.7917": {
							"post": [-1.65, 0, 0],
							"lerp_mode": "catmullrom"
						},
						"1.375": {
							"post": [3.35, 0, 0],
							"lerp_mode": "catmullrom"
						},
						"1.625": {
							"post": [5.85, 0, 0],
							"lerp_mode": "catmullrom"
						},
						"2.0": {
							"post": [3.35, 0, 0],
							"lerp_mode": "catmullrom"
						},
						"2.2083": {
							"post": [-5.74, 0, 0],
							"lerp_mode": "catmullrom"
						},
						"2.4583": {
							"post": [36.24396, -19.52309, 8.9192],
							"lerp_mode": "catmullrom"
						}
					},
					"position": {
						"0.0": {
							"post": [0, 0, 0],
							"lerp_mode": "catmullrom"
						},
						"2.0": {
							"post": [0, 0, 0],
							"lerp_mode": "catmullrom"
						},
						"2.4583": {
							"post": [-0.25, 0.25, 0.75],
							"lerp_mode": "catmullrom"
						}
					}
				},
				"head": {
					"rotation": {
						"0.0": ["-math.sin(q.anim_time*90*2-160)*-2", 0, 0],
						"0.0417": [7.5, 0, 0],
						"1.375": {
							"pre": [17.5, 0, 0],
							"post": [17.5, 0, 0],
							"lerp_mode": "catmullrom"
						},
						"1.625": {
							"post": [15, 0, 0],
							"lerp_mode": "catmullrom"
						},
						"2.0": {
							"post": [17.5, 0, 0],
							"lerp_mode": "catmullrom"
						},
						"2.2083": {
							"post": [-27.09852, 0, -31.71296],
							"lerp_mode": "catmullrom"
						},
						"2.5": {
							"post": [-35, 0, -80],
							"lerp_mode": "catmullrom"
						}
					},
					"position": {
						"0.0": {
							"post": [0, 0, 0],
							"lerp_mode": "catmullrom"
						},
						"2.0": {
							"post": [0, 0, 0],
							"lerp_mode": "catmullrom"
						},
						"2.2083": {
							"post": [-0.31, 0.81, 0],
							"lerp_mode": "catmullrom"
						},
						"2.5": {
							"post": [-0.75, 0.75, 0],
							"lerp_mode": "catmullrom"
						}
					}
				},
				"eyelid_right": {
					"position": {
						"0.0": [0, 0, 0],
						"0.0417": {
							"pre": [0, 0, 0],
							"post": [-1, 0, 0]
						},
						"0.375": {
							"pre": [-1, 0, 0],
							"post": [0, 0, 0]
						},
						"1.2083": {
							"pre": [0, 0, 0],
							"post": [0, 0, 0]
						},
						"1.25": {
							"pre": [0, 0, 0],
							"post": [-1, 0, 0]
						},
						"1.375": {
							"pre": [-1, 0, 0],
							"post": [0, 0, 0]
						},
						"1.5": {
							"pre": [0, 0, 0],
							"post": [0, 0, 0]
						},
						"1.5417": {
							"pre": [0, 0, 0],
							"post": [-1, 0, 0]
						},
						"1.6667": {
							"pre": [-1, 0, 0],
							"post": [0, 0, 0]
						},
						"2.0": {
							"pre": [0, 0, 0],
							"post": [0, 0, 0]
						},
						"2.0417": {
							"pre": [0, 0, 0],
							"post": [-1, 0, 0]
						},
						"2.1667": {
							"pre": [-1, 0, 0],
							"post": [0, 0, 0]
						},
						"2.5": {
							"pre": [0, 0, 0],
							"post": [-1, 0, 0]
						}
					}
				},
				"eyelid_left": {
					"position": {
						"0.0": [0, 0, 0],
						"0.0417": {
							"pre": [0, 0, 0],
							"post": [1, 0, 0]
						},
						"0.375": {
							"pre": [1, 0, 0],
							"post": [0, 0, 0]
						},
						"1.2083": {
							"pre": [0, 0, 0],
							"post": [0, 0, 0]
						},
						"1.25": {
							"pre": [0, 0, 0],
							"post": [1, 0, 0]
						},
						"1.375": {
							"pre": [1, 0, 0],
							"post": [0, 0, 0]
						},
						"1.5": {
							"pre": [0, 0, 0],
							"post": [0, 0, 0]
						},
						"1.5417": {
							"pre": [0, 0, 0],
							"post": [1, 0, 0]
						},
						"1.6667": {
							"pre": [1, 0, 0],
							"post": [0, 0, 0]
						},
						"2.0": {
							"pre": [0, 0, 0],
							"post": [0, 0, 0]
						},
						"2.0417": {
							"pre": [0, 0, 0],
							"post": [1, 0, 0]
						},
						"2.1667": {
							"pre": [1, 0, 0],
							"post": [0, 0, 0]
						},
						"2.5": {
							"pre": [0, 0, 0],
							"post": [1, 0, 0]
						}
					}
				},
				"body": {
					"position": {
						"0.0": [0, "-1.035+math.cos(q.anim_time*90*3)*0.3", 0],
						"2.0": [0, "-3.535+math.cos(q.anim_time*90*3)*0.3", 0],
						"2.0417": [0, -0.71, 0],
						"2.125": [0, -0.46, 0],
						"2.3333": [0, 0, 0],
						"2.375": [0, -0.1, 0],
						"2.4167": [0, 0, 0]
					}
				},
				"headfeathers": {
					"rotation": {
						"0.0": ["-math.sin(q.anim_time*90*2-180)*-4", 0, 0],
						"0.0417": [-27, 0, 0],
						"0.4583": {
							"pre": [6.5, 0, 0],
							"post": [6.5, 0, 0],
							"lerp_mode": "catmullrom"
						},
						"0.7917": {
							"post": [-1.65, 0, 0],
							"lerp_mode": "catmullrom"
						},
						"1.5417": [-24.23, 0, 0],
						"2.0": ["-math.sin(q.anim_time*90*2-180)*-4", 0, 0],
						"2.5": [0, 0, 0]
					}
				},
				"headfeather_bottom": {
					"rotation": {
						"0.0": ["math.sin(q.anim_time*90*2-290)*-4", 0, 0],
						"2.0": ["math.sin(q.anim_time*90*2-290)*-4", 0, 0],
						"2.5": [7, 0, 0]
					}
				},
				"headfeather_bottom2": {
					"rotation": {
						"0.0": ["10+math.sin(q.anim_time*90*2-310)*-4", 0, 0],
						"2.0": ["10+math.sin(q.anim_time*90*2-310)*-4", 0, 0],
						"2.5": [31, 0, 0]
					}
				},
				"headfeather_right": {
					"rotation": {
						"0.0": ["math.sin(q.anim_time*90*2-270)*-4", 0, 0],
						"2.0": ["math.sin(q.anim_time*90*2-270)*-4", 0, 0],
						"2.5": [0, 0, 29.5]
					}
				},
				"headfeather_right2": {
					"rotation": {
						"0.0": [0, 0, "10-math.sin(q.anim_time*90*2-280)*-4"],
						"2.0": [0, 0, "10-math.sin(q.anim_time*90*2-280)*-4"],
						"2.5": [0, 0, 15]
					}
				},
				"headfeather_left": {
					"rotation": {
						"0.0": ["math.sin(q.anim_time*90*2-280)*-4", 0, 0],
						"2.0": ["math.sin(q.anim_time*90*2-280)*-4", 0, 0],
						"2.5": [0, 0, -5]
					}
				},
				"headfeather_left2": {
					"rotation": {
						"0.0": [0, 0, "-10+math.sin(q.anim_time*90*2-290)*-4"],
						"2.0": [0, 0, "-10+math.sin(q.anim_time*90*2-290)*-4"],
						"2.5": [0, 0, -55]
					}
				},
				"heafeather_inner_bottom_left": {
					"rotation": {
						"0.0": ["math.sin(q.anim_time*90*2-330)*-4", 0, 0],
						"2.0": ["math.sin(q.anim_time*90*2-330)*-4", 0, 0],
						"2.5": [3, 0, 0]
					}
				},
				"heafeather_inner_bottom_left2": {
					"rotation": {
						"0.0": ["math.sin(q.anim_time*90*2-340)*-4", 0, 0],
						"2.0": ["math.sin(q.anim_time*90*2-340)*-4", 0, 0],
						"2.5": [32, 0, 0]
					}
				},
				"headfeather_inner_top_right": {
					"rotation": {
						"0.0": ["math.sin(q.anim_time*90*2-300)*-4", 0, 0],
						"2.0": ["math.sin(q.anim_time*90*2-300)*-4", 0, 0],
						"2.5": [39.28104, 12.99903, 50.54201]
					}
				},
				"headfeather_inner_top_right2": {
					"rotation": {
						"0.0": ["math.sin(q.anim_time*90*2-310)*-4", 0, 0],
						"2.0": ["math.sin(q.anim_time*90*2-310)*-4", 0, 0],
						"2.5": [-7, 0, 0]
					}
				},
				"headfeather_inner_bottom_right": {
					"rotation": {
						"0.0": ["math.sin(q.anim_time*90*2-320)*-4", 0, 0],
						"2.0": ["math.sin(q.anim_time*90*2-320)*-4", 0, 0],
						"2.5": [-43.47836, -13.35753, 52.51563]
					}
				},
				"headfeather_inner_bottom_right2": {
					"rotation": {
						"0.0": ["math.sin(q.anim_time*90*2-330)*-4", 0, 0],
						"2.0": ["math.sin(q.anim_time*90*2-330)*-4", 0, 0],
						"2.5": [14, 0, 0]
					}
				},
				"headfeather_inner_top_left": {
					"rotation": {
						"0.0": ["math.sin(q.anim_time*90*2-310)*-4", 0, 0],
						"2.0": ["math.sin(q.anim_time*90*2-310)*-4", 0, 0],
						"2.5": [-22, 0, 0]
					}
				},
				"headfeather_inner_top_left2": {
					"rotation": {
						"0.0": ["math.sin(q.anim_time*90*2-320)*-4", 0, 0],
						"2.0": ["math.sin(q.anim_time*90*2-320)*-4", 0, 0],
						"2.5": [-30, 0, 0]
					}
				},
				"headfeather_top": {
					"rotation": {
						"0.0": ["math.sin(q.anim_time*90*2-260)*-4", 0, 0],
						"2.0": ["math.sin(q.anim_time*90*2-260)*-4", 0, 0],
						"2.5": [-2, 0, 0]
					}
				},
				"headfeather_top2": {
					"rotation": {
						"0.0": ["-10+math.sin(q.anim_time*90*2-270)*-4", 0, 0],
						"2.0": ["-10+math.sin(q.anim_time*90*2-270)*-4", 0, 0],
						"2.5": [-28, 0, 0]
					}
				},
				"headfeather_top_right": {
					"rotation": {
						"0.0": ["math.sin(q.anim_time*90*2-220)*-4", 0, 0],
						"2.0": ["math.sin(q.anim_time*90*2-220)*-4", 0, 0],
						"2.5": [15.85724, 34.44343, 69.68537]
					}
				},
				"headfeather_top_right2": {
					"rotation": {
						"0.0": ["-10+math.sin(q.anim_time*90*2-230)*-4", 0, 0],
						"2.0": ["-10+math.sin(q.anim_time*90*2-230)*-4", 0, 0],
						"2.5": [-9, 0, 0]
					}
				},
				"headfeather_top_left": {
					"rotation": {
						"0.0": ["math.sin(q.anim_time*90*2-210)*-4", 0, 0],
						"2.0": ["math.sin(q.anim_time*90*2-210)*-4", 0, 0],
						"2.5": [-27, 0, 0]
					}
				},
				"headfeather_top_left2": {
					"rotation": {
						"0.0": ["-10+math.sin(q.anim_time*90*2-220)*-4", 0, 0],
						"2.0": ["-10+math.sin(q.anim_time*90*2-220)*-4", 0, 0],
						"2.5": [-70, 0, 0]
					}
				},
				"headfeather_bottom_right": {
					"rotation": {
						"0.0": ["math.sin(q.anim_time*90*2-240)*-4", 0, 0],
						"2.0": ["math.sin(q.anim_time*90*2-240)*-4", 0, 0],
						"2.5": [-19.87543, -30.32091, 74.68516]
					}
				},
				"headfeather_bottom_right2": {
					"rotation": {
						"0.0": ["10+math.sin(q.anim_time*90*2-250)*-4", 0, 0],
						"2.0": ["10+math.sin(q.anim_time*90*2-250)*-4", 0, 0],
						"2.5": [11, 0, 0]
					}
				},
				"headfeather_bottom_left": {
					"rotation": {
						"0.0": ["math.sin(q.anim_time*90*2-250)*-4", 0, 0],
						"2.0": ["math.sin(q.anim_time*90*2-250)*-4", 0, 0],
						"2.5": [29, 0, 0]
					}
				},
				"headfeather_bottom_left2": {
					"rotation": {
						"0.0": ["10+math.sin(q.anim_time*90*2-260)*-4", 0, 0],
						"2.0": ["10+math.sin(q.anim_time*90*2-260)*-4", 0, 0],
						"2.5": [38, 0, 0]
					}
				},
				"tail": {
					"rotation": {
						"0.0": ["math.sin(q.anim_time*90*2-100)*-4", "math.sin(q.anim_time*90*1-40)*-4", 0],
						"2.0": ["math.sin(q.anim_time*90*2-100)*-4", "math.sin(q.anim_time*90*1-40)*-4", 0],
						"2.5": [-2.5, 0, 0]
					}
				},
				"tail2": {
					"rotation": {
						"0.0": ["math.sin(q.anim_time*90*2-130)*-4", "math.sin(q.anim_time*90*1-80)*-4", 0],
						"2.0": ["math.sin(q.anim_time*90*2-130)*-4", "math.sin(q.anim_time*90*1-80)*-4", 0],
						"2.5": [-2.5, 0, 0]
					},
					"position": {
						"0.0": [0, 0, 0],
						"2.0": [0, 0, 0],
						"2.5": [0, 0, -0.5]
					}
				},
				"tailfeather_left2": {
					"rotation": {
						"0.0": [0, "math.sin(q.anim_time*90*1-120)*-6", "45+math.sin(q.anim_time*90*2-160)*-6"],
						"2.0": [0, "math.sin(q.anim_time*90*1-120)*-6", "45+math.sin(q.anim_time*90*2-160)*-6"],
						"2.5": [0, 0, 52.5]
					}
				},
				"tailfeather_right2": {
					"rotation": {
						"0.0": [0, "-math.sin(q.anim_time*90*1-120)*-6", "-45-math.sin(q.anim_time*90*2-160)*-6"],
						"2.0": [0, "-math.sin(q.anim_time*90*1-120)*-6", "-45-math.sin(q.anim_time*90*2-160)*-6"],
						"2.5": [0, 0, 10]
					}
				},
				"tailfeather_top2": {
					"rotation": {
						"0.0": ["5+math.sin(q.anim_time*90*2-190)*-6", "math.sin(q.anim_time*90*1-160)*-6", 0],
						"2.0": ["5+math.sin(q.anim_time*90*2-190)*-6", "math.sin(q.anim_time*90*1-160)*-6", 0],
						"2.5": [0, 0, 0]
					}
				},
				"tailfeather_bottom2": {
					"rotation": {
						"0.0": ["-5+math.sin(q.anim_time*90*2-190)*-6", "math.sin(q.anim_time*90*1-160)*-6", 0],
						"2.0": ["-5+math.sin(q.anim_time*90*2-190)*-6", "math.sin(q.anim_time*90*1-160)*-6", 0],
						"2.5": [-5, 0, 0]
					}
				},
				"tail3": {
					"rotation": {
						"0.0": ["math.sin(q.anim_time*90*2-160)*-4", "math.sin(q.anim_time*90*1-120)*-4", 0],
						"2.0": ["math.sin(q.anim_time*90*2-160)*-4", "math.sin(q.anim_time*90*1-120)*-4", 0],
						"2.5": [-2.5, 0, 0]
					}
				},
				"tailfeather_bottom3": {
					"rotation": {
						"0.0": ["-5+math.sin(q.anim_time*90*2-220)*-4", "math.sin(q.anim_time*90*1-200)*-6", 0],
						"2.0": ["-5+math.sin(q.anim_time*90*2-220)*-4", "math.sin(q.anim_time*90*1-200)*-6", 0],
						"2.5": [-5, 0, 0]
					}
				},
				"tailfeather_top3": {
					"rotation": {
						"0.0": ["5+math.sin(q.anim_time*90*2-220)*-6", "math.sin(q.anim_time*90*1-200)*-6", 0],
						"2.0": ["5+math.sin(q.anim_time*90*2-220)*-6", "math.sin(q.anim_time*90*1-200)*-6", 0],
						"2.5": [0, 0, 0]
					}
				},
				"tailfeather_right3": {
					"rotation": {
						"0.0": [0, "-math.sin(q.anim_time*90*1-160)*-6", "-45-math.sin(q.anim_time*90*2-190)*-6"],
						"2.0": [0, "-math.sin(q.anim_time*90*1-160)*-6", "-45-math.sin(q.anim_time*90*2-190)*-6"],
						"2.5": [0, 0, 6]
					}
				},
				"tailfeather_left3": {
					"rotation": {
						"0.0": [0, "math.sin(q.anim_time*90*1-160)*-6", "45+math.sin(q.anim_time*90*2-190)*-6"],
						"2.0": [0, "math.sin(q.anim_time*90*1-160)*-6", "45+math.sin(q.anim_time*90*2-190)*-6"],
						"2.5": [0, 0, 47.5]
					}
				},
				"tail4": {
					"rotation": {
						"0.0": ["math.sin(q.anim_time*90*2-190)*-4", "math.sin(q.anim_time*90*1-160)*-4", 0],
						"2.0": ["math.sin(q.anim_time*90*2-190)*-4", "math.sin(q.anim_time*90*1-160)*-4", 0],
						"2.5": [-2.5, 0, 0]
					}
				},
				"tailfeather_top4": {
					"rotation": {
						"0.0": ["5+math.sin(q.anim_time*90*2-250)*-6", "math.sin(q.anim_time*90*1-240)*-6", 0],
						"2.0": ["5+math.sin(q.anim_time*90*2-250)*-6", "math.sin(q.anim_time*90*1-240)*-6", 0],
						"2.5": [0, 0, 0]
					}
				},
				"tailfeather_bottom4": {
					"rotation": {
						"0.0": ["-5+math.sin(q.anim_time*90*2-250)*-6", "math.sin(q.anim_time*90*1-240)*-6", 0],
						"2.0": ["-5+math.sin(q.anim_time*90*2-250)*-6", "math.sin(q.anim_time*90*1-240)*-6", 0],
						"2.5": [-5, 0, 0]
					}
				},
				"tailfeather_left4": {
					"rotation": {
						"0.0": [0, "math.sin(q.anim_time*90*1-200)*-6", "45+math.sin(q.anim_time*90*2-220)*-6"],
						"2.0": [0, "math.sin(q.anim_time*90*1-200)*-6", "45+math.sin(q.anim_time*90*2-220)*-6"],
						"2.5": [0, 0, 57.5]
					}
				},
				"tailfeather_right4": {
					"rotation": {
						"0.0": [0, "-math.sin(q.anim_time*90*1-200)*-6", "-45-math.sin(q.anim_time*90*2-220)*-6"],
						"2.0": [0, "-math.sin(q.anim_time*90*1-200)*-6", "-45-math.sin(q.anim_time*90*2-220)*-6"],
						"2.5": [0, 0, 25]
					}
				},
				"tail5": {
					"rotation": {
						"0.0": ["math.sin(q.anim_time*90*2-220)*-4", "math.sin(q.anim_time*90*1-200)*-4", 0],
						"2.0": ["math.sin(q.anim_time*90*2-220)*-4", "math.sin(q.anim_time*90*1-200)*-4", 0],
						"2.5": [-2.5, 0, 0]
					}
				},
				"tailfeather_left5": {
					"rotation": {
						"0.0": [0, "math.sin(q.anim_time*90*1-240)*-6", "45+math.sin(q.anim_time*90*2-250)*-6"],
						"2.0": [0, "math.sin(q.anim_time*90*1-240)*-6", "45+math.sin(q.anim_time*90*2-250)*-6"],
						"2.5": [0, 0, 57.5]
					}
				},
				"tailfeather_right5": {
					"rotation": {
						"0.0": [0, "-math.sin(q.anim_time*90*1-240)*-6", "-45-math.sin(q.anim_time*90*2-250)*-6"],
						"2.0": [0, "-math.sin(q.anim_time*90*1-240)*-6", "-45-math.sin(q.anim_time*90*2-250)*-6"],
						"2.5": [0, 0, 5]
					}
				},
				"tailfeather_top5": {
					"rotation": {
						"0.0": ["5+math.sin(q.anim_time*90*2-280)*-6", "math.sin(q.anim_time*90*1-280)*-6", 0],
						"2.0": ["5+math.sin(q.anim_time*90*2-280)*-6", "math.sin(q.anim_time*90*1-280)*-6", 0],
						"2.5": [0, 0, 0]
					}
				},
				"tailfeather_bottom5": {
					"rotation": {
						"0.0": ["-5+math.sin(q.anim_time*90*2-280)*-6", "math.sin(q.anim_time*90*1-280)*-6", 0],
						"2.0": ["-5+math.sin(q.anim_time*90*2-280)*-6", "math.sin(q.anim_time*90*1-280)*-6", 0],
						"2.5": [-5, 0, 0]
					}
				},
				"tail6": {
					"rotation": {
						"0.0": ["math.sin(q.anim_time*90*2-250)*-4", "math.sin(q.anim_time*90*1-240)*-4", 0],
						"2.0": ["math.sin(q.anim_time*90*2-250)*-4", "math.sin(q.anim_time*90*1-240)*-4", 0],
						"2.5": [-2.5, 0, 0]
					}
				},
				"tailfeather_left6": {
					"rotation": {
						"0.0": [0, "math.sin(q.anim_time*90*1-280)*-6", "45+math.sin(q.anim_time*90*2-280)*-6"],
						"2.0": [0, "math.sin(q.anim_time*90*1-280)*-6", "45+math.sin(q.anim_time*90*2-280)*-6"],
						"2.5": [0, 0, 57.5]
					}
				},
				"tailfeather_top6": {
					"rotation": {
						"0.0": ["5+math.sin(q.anim_time*90*2-310)*-6", "math.sin(q.anim_time*90*1-320)*-6", 0],
						"2.0": ["5+math.sin(q.anim_time*90*2-310)*-6", "math.sin(q.anim_time*90*1-320)*-6", 0],
						"2.5": [0, 0, 0]
					}
				},
				"tailfeather_bottom6": {
					"rotation": {
						"0.0": ["-5+math.sin(q.anim_time*90*2-310)*-6", "math.sin(q.anim_time*90*1-320)*-6", 0],
						"2.0": ["-5+math.sin(q.anim_time*90*2-310)*-6", "math.sin(q.anim_time*90*1-320)*-6", 0],
						"2.5": [-5, 0, 0]
					}
				},
				"tailfeather_right6": {
					"rotation": {
						"0.0": [0, "-math.sin(q.anim_time*90*1-280)*-6", "-45-math.sin(q.anim_time*90*2-280)*-6"],
						"2.0": [0, "-math.sin(q.anim_time*90*1-280)*-6", "-45-math.sin(q.anim_time*90*2-280)*-6"],
						"2.5": [0, 0, 5]
					}
				},
				"tail7": {
					"rotation": {
						"0.0": ["math.sin(q.anim_time*90*2-280)*-4", "math.sin(q.anim_time*90*1-280)*-4", 0],
						"2.0": ["math.sin(q.anim_time*90*2-280)*-4", "math.sin(q.anim_time*90*1-280)*-4", 0],
						"2.5": [-2.5, 0, 0]
					}
				},
				"tailfeather_right7": {
					"rotation": {
						"0.0": [0, "-math.sin(q.anim_time*90*1-320)*-6", "-45-math.sin(q.anim_time*90*2-310)*-6"],
						"2.0": [0, "-math.sin(q.anim_time*90*1-320)*-6", "-45-math.sin(q.anim_time*90*2-310)*-6"],
						"2.5": [0, 0, 20]
					}
				},
				"tailfeather_left7": {
					"rotation": {
						"0.0": [0, "math.sin(q.anim_time*90*1-320)*-6", "45+math.sin(q.anim_time*90*2-310)*-6"],
						"2.0": [0, "math.sin(q.anim_time*90*1-320)*-6", "45+math.sin(q.anim_time*90*2-310)*-6"],
						"2.5": [0, 0, 45]
					}
				},
				"tailfeather_bottom": {
					"rotation": {
						"0.0": ["-5+math.sin(q.anim_time*90*2-160)*-6", "math.sin(q.anim_time*90*1-120)*-6", 0],
						"2.0": ["-5+math.sin(q.anim_time*90*2-160)*-6", "math.sin(q.anim_time*90*1-120)*-6", 0],
						"2.5": [-5, 0, 0]
					}
				},
				"tailfeather_top": {
					"rotation": {
						"0.0": ["5+math.sin(q.anim_time*90*2-160)*-6", "math.sin(q.anim_time*90*1-120)*-6", 0],
						"2.0": ["5+math.sin(q.anim_time*90*2-160)*-6", "math.sin(q.anim_time*90*1-120)*-6", 0],
						"2.5": [0, 0, 0]
					}
				},
				"leg_left": {
					"rotation": {
						"0.0": ["20+math.cos(q.anim_time*90*3)*-2.5", -15.5, 0],
						"2.0": ["65+math.cos(q.anim_time*90*3)*-2.5", -15.5, 0],
						"2.3333": [75.6951, 9.53582, -12.4823]
					},
					"position": {
						"0.0": ["0.5-math.cos(q.anim_time*90*3)*-0.05", "math.cos(q.anim_time*90*6)*-0.0139", "-0.25-math.cos(q.anim_time*90*3)*0.255"],
						"2.0": ["0.5-math.cos(q.anim_time*90*3)*-0.05", "-1.25+math.cos(q.anim_time*90*6)*-0.0139", "-0.25-math.cos(q.anim_time*90*3)*0.255"],
						"2.3333": [1.25, -16.75, -8.75]
					}
				},
				"leg_left2": {
					"rotation": {
						"0.0": ["-35+math.cos(q.anim_time*90*3)*5", 0, 0],
						"2.0": ["-80+math.cos(q.anim_time*90*3)*5", 0, 0],
						"2.0833": [24.03921, 3.09713, 0.99282],
						"2.1667": [32.69783, 6.19426, 1.98565],
						"2.3333": [13.93119, 12.38852, 3.9713]
					},
					"position": {
						"0.0": [0, 0, 0],
						"2.0": [0, 0, 0],
						"2.0833": [0, 1.81, 0],
						"2.3333": [0, 0.25, 0]
					}
				},
				"foot_left": {
					"rotation": {
						"0.0": ["15+math.cos(q.anim_time*90*3)*-2.5", 0, 0],
						"2.0": ["15+math.cos(q.anim_time*90*3)*-2.5", 0, 0],
						"2.0417": [-9.1, 0, 0],
						"2.3333": [65, 0, 0]
					},
					"position": {
						"0.0": [0, 0, 0],
						"2.0": [0, 0, 0],
						"2.0417": [0, 1, 0],
						"2.3333": [0, 0, 0]
					}
				},
				"toe_left": {
					"rotation": {
						"0.0": [0, 0, 0],
						"2.0": [0, 0, 0],
						"2.3333": [57.5, 0, 0]
					}
				},
				"toe_left3": {
					"rotation": {
						"0.0": [0, 0, 0],
						"2.0": [0, 0, 0],
						"2.3333": [-25, 0, 0]
					}
				},
				"toe_left4": {
					"rotation": {
						"0.0": [0, 0, 0],
						"2.0": [0, 0, 0],
						"2.3333": [47.5, 0, 0]
					}
				},
				"leg_right": {
					"rotation": {
						"0.0": ["20+math.cos(q.anim_time*90*3)*-2.5", 15.5, 0],
						"2.0": ["65+math.cos(q.anim_time*90*3)*-2.5", 15.5, 0],
						"2.3333": [90.6858, 0.15203, -22.54816]
					},
					"position": {
						"0.0": ["-0.5+math.cos(q.anim_time*90*3)*-0.05", "math.cos(q.anim_time*90*6)*-0.0139", "-0.25-math.cos(q.anim_time*90*3)*0.255"],
						"2.0": ["-0.5+math.cos(q.anim_time*90*3)*-0.05", "-1.25+math.cos(q.anim_time*90*6)*-0.0139", "-0.25-math.cos(q.anim_time*90*3)*0.255"],
						"2.3333": [-0.75, -18, -7.75]
					}
				},
				"leg_right2": {
					"rotation": {
						"0.0": ["-35+math.cos(q.anim_time*90*3)*5", 0, 0],
						"2.0": ["-80+math.cos(q.anim_time*90*3)*5", 0, 0],
						"2.0417": [-4.76, 0, 0],
						"2.125": [5.53, 0, 0],
						"2.3333": [0, 0, 0]
					},
					"position": {
						"0.0": [0, 0, 0],
						"2.0": [0, 0, 0],
						"2.0417": [0, 2.58, 0],
						"2.125": [0, 1, 0],
						"2.3333": [0, 0, 0]
					}
				},
				"foot_right": {
					"rotation": {
						"0.0": ["15+math.cos(q.anim_time*90*3)*-2.5", 0, 0],
						"2.0": ["15+math.cos(q.anim_time*90*3)*-2.5", 0, 0],
						"2.125": [-60.89, 0, 0],
						"2.3333": [62.5, 0, 0]
					},
					"position": {
						"0.0": [0, 0, 0],
						"2.0": [0, 0, 0],
						"2.125": [0, -0.63, -0.56],
						"2.3333": [0, 1, 0.5]
					}
				},
				"toe_right": {
					"rotation": {
						"0.0": [0, 0, 0],
						"2.0": [0, 0, 0],
						"2.3333": [22.5, 0, 0]
					}
				},
				"toe_right4": {
					"rotation": {
						"0.0": [0, 0, 0],
						"2.0": [0, 0, 0],
						"2.3333": [40, 0, 0]
					}
				},
				"head_ai": {
					"rotation": [0, 0, 0]
				}
			}
		},
		"animation.sajonin.cry": {
			"animation_length": 1.375,
			"bones": {
				"torso": {
					"rotation": {
						"0.0": {
							"post": [0, 0, 0],
							"lerp_mode": "catmullrom"
						},
						"0.1667": {
							"post": [22.5, 0, 0],
							"lerp_mode": "catmullrom"
						},
						"0.3333": {
							"post": [-6.43, 0, 0],
							"lerp_mode": "catmullrom"
						},
						"0.5": {
							"post": [0, 0, 0],
							"lerp_mode": "catmullrom"
						},
						"0.7083": {
							"post": [-6.43, 0, 0],
							"lerp_mode": "catmullrom"
						},
						"0.9167": {
							"post": [-25, 0, 0],
							"lerp_mode": "catmullrom"
						},
						"1.2083": {
							"post": [0, 0, 0],
							"lerp_mode": "catmullrom"
						}
					}
				},
				"neck": {
					"rotation": {
						"0.0": {
							"post": [0, 0, 0],
							"lerp_mode": "catmullrom"
						},
						"0.1667": {
							"post": [-5, 0, 0],
							"lerp_mode": "catmullrom"
						},
						"0.3333": {
							"post": [-0.64, 0, 0],
							"lerp_mode": "catmullrom"
						},
						"0.5": {
							"post": [0, 0, 0],
							"lerp_mode": "catmullrom"
						},
						"0.7083": {
							"post": [-0.64, 0, 0],
							"lerp_mode": "catmullrom"
						},
						"0.9167": {
							"post": [2.5, 0, 0],
							"lerp_mode": "catmullrom"
						},
						"1.2083": {
							"post": [0, 0, 0],
							"lerp_mode": "catmullrom"
						}
					}
				},
				"neck2": {
					"rotation": {
						"0.0": {
							"post": [0, 0, 0],
							"lerp_mode": "catmullrom"
						},
						"0.1667": {
							"post": [-5, 0, 0],
							"lerp_mode": "catmullrom"
						},
						"0.3333": {
							"post": [-0.64, 0, 0],
							"lerp_mode": "catmullrom"
						},
						"0.5": {
							"post": [0, 0, 0],
							"lerp_mode": "catmullrom"
						},
						"0.7083": {
							"post": [-0.64, 0, 0],
							"lerp_mode": "catmullrom"
						},
						"0.9167": {
							"post": [2.5, 0, 0],
							"lerp_mode": "catmullrom"
						},
						"1.2083": {
							"post": [0, 0, 0],
							"lerp_mode": "catmullrom"
						}
					}
				},
				"neck3": {
					"rotation": {
						"0.0": {
							"post": [0, 0, 0],
							"lerp_mode": "catmullrom"
						},
						"0.1667": {
							"post": [-2.5, 0, 0],
							"lerp_mode": "catmullrom"
						},
						"0.3333": {
							"post": [-0.64, 0, 0],
							"lerp_mode": "catmullrom"
						},
						"0.5": {
							"post": [0, 0, 0],
							"lerp_mode": "catmullrom"
						},
						"0.7083": {
							"post": [-0.64, 0, 0],
							"lerp_mode": "catmullrom"
						},
						"0.9167": {
							"post": [2.5, 0, 0],
							"lerp_mode": "catmullrom"
						},
						"1.2083": {
							"post": [0, 0, 0],
							"lerp_mode": "catmullrom"
						}
					}
				},
				"head": {
					"rotation": {
						"0.0": {
							"post": [0, 0, 0],
							"lerp_mode": "catmullrom"
						},
						"0.1667": {
							"post": [10, 0, 0],
							"lerp_mode": "catmullrom"
						},
						"0.3333": {
							"post": [-5.65, 0, 0],
							"lerp_mode": "catmullrom"
						},
						"0.5": {
							"post": [0, 0, 0],
							"lerp_mode": "catmullrom"
						},
						"0.7083": {
							"post": [-5.65, 0, 0],
							"lerp_mode": "catmullrom"
						},
						"0.9167": {
							"post": [12.5, 0, 0],
							"lerp_mode": "catmullrom"
						},
						"1.2083": {
							"post": [0, 0, 0],
							"lerp_mode": "catmullrom"
						}
					}
				},
				"jaw": {
					"rotation": {
						"0.0": {
							"post": [0, 0, 0],
							"lerp_mode": "catmullrom"
						},
						"0.1667": {
							"post": [17.5, 0, 0],
							"lerp_mode": "catmullrom"
						},
						"0.2083": [57.5, 0, 0],
						"0.25": [25, 0, 0],
						"0.2917": {
							"pre": [42.5, 0, 0],
							"post": [42.5, 0, 0],
							"lerp_mode": "catmullrom"
						},
						"0.3333": {
							"post": [85.28, 0, 0],
							"lerp_mode": "catmullrom"
						},
						"0.4167": {
							"post": [52.5, 0, 0],
							"lerp_mode": "catmullrom"
						},
						"0.4583": [32.5, 0, 0],
						"0.5417": {
							"pre": [52.5, 0, 0],
							"post": [52.5, 0, 0],
							"lerp_mode": "catmullrom"
						},
						"0.625": {
							"post": [55.28, 0, 0],
							"lerp_mode": "catmullrom"
						},
						"0.7083": {
							"post": [85.28, 0, 0],
							"lerp_mode": "catmullrom"
						},
						"0.7917": {
							"post": [58.9, 0, 0],
							"lerp_mode": "catmullrom"
						},
						"0.875": {
							"post": [64.21, 0, 0],
							"lerp_mode": "catmullrom"
						},
						"0.9583": {
							"post": [42.5, 0, 0],
							"lerp_mode": "catmullrom"
						},
						"1.0417": {
							"post": [15.8, 0, 0],
							"lerp_mode": "catmullrom"
						},
						"1.125": {
							"post": [36.23, 0, 0],
							"lerp_mode": "catmullrom"
						},
						"1.2083": {
							"post": [0, 0, 0],
							"lerp_mode": "catmullrom"
						}
					}
				}
			},
			"sound_effects": {
				"0.1667": {
					"effect": "pokemon.sajonin.cry"
				}
			}
		}
	}
}