{
	"format_version": "1.8.0",
	"animations": {
		"animation.sapsaur.ground_idle": {
			"loop": true,
			"bones": {
				"tail1": {
					"rotation": ["-2*math.sin(q.anim_time*90*2)*1", "3*math.sin(q.anim_time*90*1)*1", "-2*math.sin(q.anim_time*90*1)*1"]
				},
				"tail2": {
					"rotation": ["12.5909-2*math.sin(q.anim_time*90*2-60)*1", "3*math.sin(q.anim_time*90*1-60)*1", "1.5223*math.sin(q.anim_time*90*1-40)*1"]
				},
				"tail3": {
					"rotation": ["20.7877-2*math.sin(q.anim_time*90*2-120)*1", "5*math.sin(q.anim_time*90*1-120)*1", "4*math.sin(q.anim_time*90*1-90)*1"]
				},
				"neck": {
					"rotation": ["1.25+0.25*math.cos(q.anim_time*90*2-30)*0.5", "3*math.cos(q.anim_time*90*1-90)*0.5", "0.5*math.cos(q.anim_time*90*1-60)*1"]
				},
				"neck2": {
					"rotation": ["2.25+1*math.cos(q.anim_time*90*2-60)*1", 0, "0.5*math.cos(q.anim_time*90*1-120)*1"]
				},
				"neck3": {
					"rotation": ["4.25+0.75*math.cos(q.anim_time*90*2-90)*1", 0, "0.5*math.cos(q.anim_time*90*1-120)*1"]
				},
				"head": {
					"rotation": ["-3.75+0.75*math.cos(q.anim_time*90*2-90)*1", 0, "0.25*math.cos(q.anim_time*90*1-120)*1"]
				},
				"neck4": {
					"rotation": ["3+0.75*math.cos(q.anim_time*90*2-120)*1", 0, "0.5*math.cos(q.anim_time*90*1-150)*1"]
				},
				"waist": {
					"rotation": ["1+1*math.cos(q.anim_time*90*2-30)*1", "-1*math.cos(q.anim_time*90*1-60)*0.5", "2*math.cos(q.anim_time*90*1-60)*0.5"]
				}
			}
		},
		"animation.sapsaur.battle_idle": {
			"loop": true,
			"bones": {
				"waist": {
					"rotation": ["6.5+1*math.cos(q.anim_time*90*2-30)*1", 0, "2*math.sin(q.anim_time*90*1+30)*0.5"]
				},
				"torso": {
					"rotation": ["-4.75-1*math.cos(q.anim_time*90*2-30)*0.5", 0, 0]
				},
				"neck": {
					"rotation": ["2.75+1*math.cos(q.anim_time*90*2-60)*0.5", 0, 0]
				},
				"neck2": {
					"rotation": ["4.25+1*math.cos(q.anim_time*90*2-90)*1", 0, 0]
				},
				"neck3": {
					"rotation": ["2.5+1*math.cos(q.anim_time*90*2-120)*1", 0, 0]
				},
				"neck4": {
					"rotation": ["7+1*math.cos(q.anim_time*90*2-150)*1", 0, 0]
				},
				"head": {
					"rotation": ["-8.5+1*math.sin(q.anim_time*90*2-140)*1", 0, 0]
				},
				"leg_front_right1": {
					"rotation": ["-8.1624-0.5*math.cos(q.anim_time*90*2-30)*1", -14.0815, -1.11792],
					"position": [0.575, "-0.375-0.03*math.cos(q.anim_time*90*2-30)*1", "0.1+0.03*math.cos(q.anim_time*90*2-30)*1"]
				},
				"leg_front_right2": {
					"rotation": ["8.5+0.6*math.cos(q.anim_time*90*2-30)*1", 0, 0]
				},
				"leg_front_left1": {
					"rotation": ["-8.1624-0.5*math.cos(q.anim_time*90*2-30)*1", 14.0815, 1.11792],
					"position": [-0.575, "-0.375-0.03*math.cos(q.anim_time*90*2-30)*1", "0.1+0.03*math.cos(q.anim_time*90*2-30)*1"]
				},
				"leg_front_left2": {
					"rotation": ["8.5+0.6*math.cos(q.anim_time*90*2-30)*1", 0, 0]
				},
				"leg_back_right1": {
					"rotation": ["-0.7116-0.5*math.cos(q.anim_time*90*2-30)*1", -15.31739, -0.92423],
					"position": [0.325, "-0.1-0.03*math.cos(q.anim_time*90*2-30)*1", "0.1+0.03*math.cos(q.anim_time*90*2-30)*1"]
				},
				"leg_back_right2": {
					"rotation": ["0.5+0.6*math.cos(q.anim_time*90*2-30)*1", 0, 0]
				},
				"leg_back_left1": {
					"rotation": ["-0.7116-0.5*math.cos(q.anim_time*90*2-30)*1", 15.31739, 0.92423],
					"position": [-0.325, "-0.1-0.03*math.cos(q.anim_time*90*2-30)*1", "0.1+0.03*math.cos(q.anim_time*90*2-30)*1"]
				},
				"leg_back_left2": {
					"rotation": ["0.5+0.6*math.cos(q.anim_time*90*2-30)*1", 0, 0]
				},
				"tail1": {
					"rotation": [0, "-3*math.cos(q.anim_time*90*2-60)*1", "1*math.cos(q.anim_time*90*2-40)*1"]
				},
				"tail2": {
					"rotation": [12.59089, "-5*math.cos(q.anim_time*90*2-90)*1", "1*math.cos(q.anim_time*90*2-70)*1"]
				},
				"tail3": {
					"rotation": [23.78773, "-10*math.cos(q.anim_time*90*2-120)*1", "2*math.cos(q.anim_time*90*2-100)*1"]
				}
			}
		},
		"animation.sapsaur.ground_walk": {
			"loop": true,
			"animation_length": 1.3333,
			"bones": {
				"tail1": {
					"rotation": ["1*math.cos(q.anim_time*90*6-30)*1", "-3*math.cos(q.anim_time*90*3-60)*1", "2*math.cos(q.anim_time*90*3-40)*1"]
				},
				"tail2": {
					"rotation": ["12+1*math.cos(q.anim_time*90*6-90)*1", "-5*math.cos(q.anim_time*90*3-90)*1", "1*math.cos(q.anim_time*90*3-70)*1"]
				},
				"tail3": {
					"rotation": ["13.7877+1*math.cos(q.anim_time*90*6-120)*1", "-10*math.cos(q.anim_time*90*3-120)*1", "3*math.cos(q.anim_time*90*3-100)*1"]
				},
				"neck": {
					"rotation": ["3+1*math.cos(q.anim_time*90*6-60)*0.25", "-1*math.cos(q.anim_time*90*3-220)*1", "1*math.cos(q.anim_time*90*3-60)*1"]
				},
				"neck2": {
					"rotation": ["3+1*math.cos(q.anim_time*90*6-100)*0.5", 0, "2*math.cos(q.anim_time*90*3-100)*1"]
				},
				"neck3": {
					"rotation": ["3+1*math.cos(q.anim_time*90*6-140)*0.75", 0, "1*math.cos(q.anim_time*90*3-140)*1"]
				},
				"head": {
					"rotation": ["-9.7239+1*math.cos(q.anim_time*90*6-220)*1", 0, "1*math.cos(q.anim_time*90*3-220)*1"]
				},
				"neck4": {
					"rotation": ["5+1*math.cos(q.anim_time*90*6-180)*1", 0, "1*math.cos(q.anim_time*90*3-180)*1"]
				},
				"waist": {
					"rotation": ["1*math.cos(q.anim_time*90*6-30)*1", "-1*math.cos(q.anim_time*90*3)*1", "-2*math.cos(q.anim_time*90*3-90)*1"],
					"position": [0, "-0.125*math.cos(q.anim_time*90*6-30)*1", 0]
				},
				"leg_front_right1": {
					"rotation": {
						"0.0": [0, 0, 0],
						"0.1667": {
							"pre": [4.92, 0, 0],
							"post": [4.92, 0, 0],
							"lerp_mode": "catmullrom"
						},
						"0.3333": {
							"post": [-3.7, 0, 0],
							"lerp_mode": "catmullrom"
						},
						"0.4167": {
							"post": [-11.42, 0, 0],
							"lerp_mode": "catmullrom"
						},
						"0.6667": [-5, 0, 0],
						"1.3333": [0, 0, 0]
					},
					"position": {
						"0.0": [0.2, 0, 0.7],
						"0.125": {
							"pre": [0.2, 0.27, 0.42],
							"post": [0.2, 0.27, 0.42],
							"lerp_mode": "catmullrom"
						},
						"0.25": {
							"post": [0.2, 0.56, 0.11],
							"lerp_mode": "catmullrom"
						},
						"0.4583": {
							"post": [0.2, 0.42, -0.52],
							"lerp_mode": "catmullrom"
						},
						"0.6667": [0.2, -0.2, -0.775],
						"1.3333": [0.2, 0, 0.7]
					}
				},
				"leg_front_right2": {
					"rotation": {
						"0.0": [0, 0, 0],
						"0.0833": {
							"pre": [6.15, 0, 0],
							"post": [6.15, 0, 0],
							"lerp_mode": "catmullrom"
						},
						"0.2083": {
							"post": [11.9, 0, 0],
							"lerp_mode": "catmullrom"
						},
						"0.375": {
							"post": [13.6, 0, 0],
							"lerp_mode": "catmullrom"
						},
						"0.5417": {
							"post": [3.7, 0, 0],
							"lerp_mode": "catmullrom"
						},
						"0.6667": [5, 0, 0],
						"1.3333": [0, 0, 0]
					}
				},
				"leg_front_left1": {
					"rotation": {
						"0.0": [-5, 0, 0],
						"0.6667": [0, 0, 0],
						"0.8333": {
							"pre": [4.92, 0, 0],
							"post": [4.92, 0, 0],
							"lerp_mode": "catmullrom"
						},
						"1.0": {
							"post": [-3.7, 0, 0],
							"lerp_mode": "catmullrom"
						},
						"1.0833": {
							"post": [-11.42, 0, 0],
							"lerp_mode": "catmullrom"
						},
						"1.3333": [-5, 0, 0]
					},
					"position": {
						"0.0": [-0.2, -0.2, -0.775],
						"0.6667": [-0.2, 0, 0.7],
						"0.7917": {
							"pre": [-0.2, 0.27, 0.42],
							"post": [-0.2, 0.27, 0.42],
							"lerp_mode": "catmullrom"
						},
						"0.9167": {
							"post": [-0.2, 0.56, 0.11],
							"lerp_mode": "catmullrom"
						},
						"1.125": {
							"post": [-0.2, 0.42, -0.52],
							"lerp_mode": "catmullrom"
						},
						"1.3333": [-0.2, -0.2, -0.775]
					}
				},
				"leg_front_left2": {
					"rotation": {
						"0.0": [5, 0, 0],
						"0.625": [0, 0, 0],
						"0.75": {
							"pre": [6.15, 0, 0],
							"post": [6.15, 0, 0],
							"lerp_mode": "catmullrom"
						},
						"0.875": {
							"post": [11.9, 0, 0],
							"lerp_mode": "catmullrom"
						},
						"1.0417": {
							"post": [13.6, 0, 0],
							"lerp_mode": "catmullrom"
						},
						"1.2083": {
							"post": [3.7, 0, 0],
							"lerp_mode": "catmullrom"
						},
						"1.3333": [5, 0, 0]
					}
				},
				"leg_back_right1": {
					"rotation": {
						"0.0": {
							"post": [-3.7, 0, 0],
							"lerp_mode": "catmullrom"
						},
						"0.0833": {
							"post": [-11.42, 0, 0],
							"lerp_mode": "catmullrom"
						},
						"0.3333": [-5, 0, 0],
						"1.0": [0, 0, 0],
						"1.1667": {
							"pre": [4.92, 0, 0],
							"post": [4.92, 0, 0],
							"lerp_mode": "catmullrom"
						},
						"1.3333": {
							"post": [-3.7, 0, 0],
							"lerp_mode": "catmullrom"
						}
					},
					"position": {
						"0.0": {
							"post": [-0.2, 0.57, -0.13],
							"lerp_mode": "catmullrom"
						},
						"0.125": {
							"post": [-0.2, 0.42, -0.52],
							"lerp_mode": "catmullrom"
						},
						"0.3333": [-0.2, -0.2, -0.875],
						"1.0": [-0.2, 0, 0.6],
						"1.125": {
							"pre": [-0.2, 0.27, 0.42],
							"post": [-0.2, 0.27, 0.42],
							"lerp_mode": "catmullrom"
						},
						"1.25": {
							"post": [-0.2, 0.56, 0.11],
							"lerp_mode": "catmullrom"
						},
						"1.3333": {
							"post": [-0.2, 0.57, -0.13],
							"lerp_mode": "catmullrom"
						}
					}
				},
				"leg_back_right2": {
					"rotation": {
						"0.0": {
							"post": [13.6, 0, 0],
							"lerp_mode": "catmullrom"
						},
						"0.2083": {
							"post": [3.7, 0, 0],
							"lerp_mode": "catmullrom"
						},
						"0.3333": [5, 0, 0],
						"0.9583": [0, 0, 0],
						"1.0833": {
							"pre": [6.15, 0, 0],
							"post": [6.15, 0, 0],
							"lerp_mode": "catmullrom"
						},
						"1.2083": {
							"post": [11.9, 0, 0],
							"lerp_mode": "catmullrom"
						},
						"1.3333": [13.6, 0, 0]
					}
				},
				"leg_back_left1": {
					"rotation": {
						"0.0": [-2.5, 0, 0],
						"0.3333": [0, 0, 0],
						"0.5": {
							"pre": [4.92, 0, 0],
							"post": [4.92, 0, 0],
							"lerp_mode": "catmullrom"
						},
						"0.6667": {
							"post": [-3.7, 0, 0],
							"lerp_mode": "catmullrom"
						},
						"0.75": {
							"post": [-11.42, 0, 0],
							"lerp_mode": "catmullrom"
						},
						"1.0": [-5, 0, 0],
						"1.3333": [-2.5, 0, 0]
					},
					"position": {
						"0.0": [0.2, -0.1, -0.14],
						"0.3333": [0.2, 0, 0.6],
						"0.4583": {
							"pre": [0.2, 0.27, 0.42],
							"post": [0.2, 0.27, 0.42],
							"lerp_mode": "catmullrom"
						},
						"0.5833": {
							"post": [0.2, 0.56, 0.11],
							"lerp_mode": "catmullrom"
						},
						"0.7917": {
							"post": [0.2, 0.42, -0.52],
							"lerp_mode": "catmullrom"
						},
						"1.0": [0.2, -0.2, -0.875],
						"1.3333": [0.2, -0.1, -0.14]
					}
				},
				"leg_back_left2": {
					"rotation": {
						"0.0": [2.5, 0, 0],
						"0.3333": [0, 0, 0],
						"0.4167": {
							"pre": [6.15, 0, 0],
							"post": [6.15, 0, 0],
							"lerp_mode": "catmullrom"
						},
						"0.5417": {
							"post": [11.9, 0, 0],
							"lerp_mode": "catmullrom"
						},
						"0.7083": {
							"post": [13.6, 0, 0],
							"lerp_mode": "catmullrom"
						},
						"0.875": {
							"post": [3.7, 0, 0],
							"lerp_mode": "catmullrom"
						},
						"1.0": [5, 0, 0],
						"1.3333": [2.5, 0, 0]
					},
					"position": [0, 0, 0]
				}
			}
		},
		"animation.sapsaur.sleep": {
			"loop": true,
			"bones": {
				"body": {
					"position": [0, -2.9, 0]
				},
				"waist": {
					"rotation": ["6.75+1*math.cos(q.anim_time*90*1-30)*0.5", 0, 0],
					"position": [0, "-0.7-0.1*math.cos(q.anim_time*90*1-30)*0.5", 0]
				},
				"torso": {
					"rotation": [-2.5, 0, 0]
				},
				"neck": {
					"rotation": ["6.0025+1*math.cos(q.anim_time*90*1-60)*1", 4.18819, 4.84358]
				},
				"neck2": {
					"rotation": ["12.7716+1*math.cos(q.anim_time*90*1-90)*1", 0, 0]
				},
				"neck3": {
					"rotation": ["13.5+1*math.cos(q.anim_time*90*1-120)*1", 0, 0]
				},
				"neck4": {
					"rotation": ["8.5+1*math.cos(q.anim_time*90*1-150)*1", 0, 0]
				},
				"head": {
					"rotation": ["17.2305+1*math.cos(q.anim_time*90*1-180)*1", 5.83687, 5.21671]
				},
				"tail1": {
					"rotation": ["-11-1*math.cos(q.anim_time*90*1-60)*1", "0-3*math.cos(q.anim_time*90*0.5-60)*1", "0+2*math.cos(q.anim_time*90*0.5-40)*1"]
				},
				"tail2": {
					"rotation": [-8.40911, "0-5*math.cos(q.anim_time*90*0.5-90)*1", "0-1.5223*math.cos(q.anim_time*90*0.5-70)*1"]
				},
				"tail3": {
					"rotation": [-3.21227, "-10*math.cos(q.anim_time*90*0.5-120)*1", "4*math.cos(q.anim_time*90*0.5-100)*1"]
				},
				"leg_front_right1": {
					"rotation": ["24.3461-0.5*math.cos(q.anim_time*90*1-30)*1", 0.85564, -2.6071],
					"position": [0.8, 0.775, "-0.375+0.05*math.cos(q.anim_time*90*1-30)*1"]
				},
				"leg_front_right2": {
					"rotation": ["47.25+0.1*math.cos(q.anim_time*90*1-30)*1", 0, 0]
				},
				"leg_front_left1": {
					"rotation": ["24.3461-0.5*math.cos(q.anim_time*90*1-30)*1", -0.85564, 2.6071],
					"position": [-0.8, 0.775, "-0.375+0.05*math.cos(q.anim_time*90*1-30)*1"]
				},
				"leg_front_left2": {
					"rotation": ["47.25+0.1*math.cos(q.anim_time*90*1-30)*1", 0, 0]
				},
				"leg_back_right1": {
					"rotation": [-32.0723, -0.67567, 2.7838],
					"position": [0.725, 1.125, 0.875]
				},
				"leg_back_right2": {
					"rotation": [32.25, 0, 0]
				},
				"leg_back_left1": {
					"rotation": [-32.0723, 0.67567, -2.7838],
					"position": [-0.725, 1.125, 0.875]
				},
				"leg_back_left2": {
					"rotation": [32.25, 0, 0]
				},
				"eyelid_right": {
					"position": [-0.1, 0, 0]
				},
				"eyelid_left": {
					"position": [0.1, 0, 0]
				}
			}
		},
		"animation.sapsaur.cry": {
			"animation_length": 3,
			"bones": {
				"waist": {
					"rotation": {
						"0.0": {
							"post": [0, 0, 0],
							"lerp_mode": "catmullrom"
						},
						"0.25": {
							"post": [0.95, 0, 0],
							"lerp_mode": "catmullrom"
						},
						"0.4167": {
							"post": [-1.4, 0, 0],
							"lerp_mode": "catmullrom"
						},
						"0.5833": {
							"post": [-1.4, 0, 0],
							"lerp_mode": "catmullrom"
						},
						"0.8333": {
							"post": [1.5, 0, 0],
							"lerp_mode": "catmullrom"
						},
						"1.125": {
							"post": [-2.25, 0, 0],
							"lerp_mode": "catmullrom"
						},
						"1.5": {
							"post": [-2.75, 0, 0],
							"lerp_mode": "catmullrom"
						},
						"2.0": {
							"post": [0.05, 0.3, 0.2],
							"lerp_mode": "catmullrom"
						},
						"2.5833": {
							"post": [0, 0, 0],
							"lerp_mode": "catmullrom"
						}
					}
				},
				"torso": {
					"rotation": [0, 0, 0]
				},
				"neck": {
					"rotation": {
						"0.0": {
							"post": [0, 0, 0],
							"lerp_mode": "catmullrom"
						},
						"0.3333": {
							"post": [2, 0, 0],
							"lerp_mode": "catmullrom"
						},
						"0.6667": {
							"post": [-0.85103, 0.03925, 0.00026],
							"lerp_mode": "catmullrom"
						},
						"0.9167": {
							"post": [1.69897, 0.03925, 0.00026],
							"lerp_mode": "catmullrom"
						},
						"1.4167": {
							"post": [-1.9757, -0.5982, -0.30747],
							"lerp_mode": "catmullrom"
						},
						"2.125": {
							"post": [-0.0757, -0.5982, -0.30747],
							"lerp_mode": "catmullrom"
						},
						"2.7083": {
							"post": [0, 0, 0],
							"lerp_mode": "catmullrom"
						}
					}
				},
				"neck3": {
					"rotation": {
						"0.0": {
							"post": [0, 0, 0],
							"lerp_mode": "catmullrom"
						},
						"0.2917": {
							"post": [4.75, 0, 0],
							"lerp_mode": "catmullrom"
						},
						"0.5833": {
							"post": [0.35, 0, 0],
							"lerp_mode": "catmullrom"
						},
						"1.0417": {
							"post": [7.5, 0, 0],
							"lerp_mode": "catmullrom"
						},
						"1.4583": {
							"post": [5.8, 0, 0],
							"lerp_mode": "catmullrom"
						},
						"2.3333": {
							"post": [-0.1, 0, 0],
							"lerp_mode": "catmullrom"
						},
						"3.0": {
							"post": [0, 0, 0],
							"lerp_mode": "catmullrom"
						}
					}
				},
				"neck2": {
					"rotation": {
						"0.0": {
							"post": [0, 0, 0],
							"lerp_mode": "catmullrom"
						},
						"0.2917": {
							"post": [2.75, 0, 0],
							"lerp_mode": "catmullrom"
						},
						"0.5833": {
							"post": [0.35, 0, 0],
							"lerp_mode": "catmullrom"
						},
						"1.0417": {
							"post": [8.5, 0, 0],
							"lerp_mode": "catmullrom"
						},
						"1.5": {
							"post": [0.8, 0, 0],
							"lerp_mode": "catmullrom"
						},
						"3.0": {
							"post": [0, 0, 0],
							"lerp_mode": "catmullrom"
						}
					}
				},
				"neck4": {
					"rotation": {
						"0.0": {
							"post": [0, 0, 0],
							"lerp_mode": "catmullrom"
						},
						"0.2083": {
							"post": [0.25, 0, 0],
							"lerp_mode": "catmullrom"
						},
						"0.5": {
							"post": [0.5, 0, 0],
							"lerp_mode": "catmullrom"
						},
						"0.7917": {
							"post": [6.75, 0, 0],
							"lerp_mode": "catmullrom"
						},
						"1.1667": {
							"post": [1.3, 0, 0],
							"lerp_mode": "catmullrom"
						},
						"1.375": {
							"post": [0.55, 0, 0],
							"lerp_mode": "catmullrom"
						},
						"1.7083": {
							"post": [1.3, 0, 0],
							"lerp_mode": "catmullrom"
						},
						"2.125": {
							"post": [3.15, 0, 0],
							"lerp_mode": "catmullrom"
						},
						"2.5": {
							"post": [0.5, 0, 0],
							"lerp_mode": "catmullrom"
						},
						"2.8333": {
							"post": [0, 0, 0],
							"lerp_mode": "catmullrom"
						}
					}
				},
				"head": {
					"rotation": {
						"0.0": {
							"post": [0, 0, 0],
							"lerp_mode": "catmullrom"
						},
						"0.2083": {
							"post": [1.75, 0, 0],
							"lerp_mode": "catmullrom"
						},
						"0.4167": {
							"post": [5.85, 0, -3],
							"lerp_mode": "catmullrom"
						},
						"0.7083": {
							"post": [-14.28227, -0.17521, -2.30045],
							"lerp_mode": "catmullrom"
						},
						"1.0833": {
							"post": [-6.3512, -0.04092, 2.83839],
							"lerp_mode": "catmullrom"
						},
						"1.8333": {
							"post": [-13.59034, -0.55309, -2.05122],
							"lerp_mode": "catmullrom"
						},
						"2.3333": {
							"post": [-0.656, -1.25303, 0.4301],
							"lerp_mode": "catmullrom"
						},
						"2.7917": {
							"post": [0, 0, 0],
							"lerp_mode": "catmullrom"
						}
					}
				},
				"mouth": {
					"position": {
						"0.0": [0, 0, 0],
						"0.2917": {"pre": [0, 0, 0], "post": [0, 0, 0.2]},
						"1.7083": {"pre": [0, 0, 0.2], "post": [0, 0, 0]}
					}
				},
				"mouth_open": {
					"position": {
						"0.0": [0, 0, 0],
						"0.2917": {"pre": [0, 0, 0], "post": [0, 0.5, -0.985]},
						"0.75": {"pre": [0, 0.5, -0.985], "post": [0, 0, -1.01]},
						"1.75": {"pre": [0, 0, -1.01], "post": [0, 0, 0]}
					}
				}
			},
			"sound_effects": {
				"0.25": {
					"effect": "pokemon.amaura.cry"
				}
			}
		},
		"animation.sapsaur.blink": {
			"animation_length": 0.1667,
			"bones": {
				"eyelid_right": {
					"position": {
						"0.0": [-0.1, 0, 0],
						"0.125": [-0.1, 0, 0],
						"0.1667": [0, 0, 0]
					}
				},
				"eyelid_left": {
					"position": {
						"0.0": [0.1, 0, 0],
						"0.125": [0.1, 0, 0],
						"0.1667": [0, 0, 0]
					}
				}
			}
		},
		"animation.sapsaur.scale": {
			"loop": true,
			"bones": {
				"sapsaur": {
					"scale": 1.2
				}
			}
		},
		"animation.sapsaur.walk speed test": {
			"loop": true,
			"bones": {
				"chansey": {
					"position": [0, 0, "-q.anim_time*90*0.12"]
				},
				"cranidos": {
					"position": [0, 0, "-q.anim_time*90*0.12"]
				},
				"sapsaur": {
					"position": [0, 0, "-q.anim_time*90*0.031"]
				}
			}
		}
	}
}