{
	"format_version": "1.12.0",
	"minecraft:geometry": [
		{
			"description": {
				"identifier": "geometry.chikorita_jetian",
				"texture_width": 64,
				"texture_height": 64,
				"visible_bounds_width": 6,
				"visible_bounds_height": 3.5,
				"visible_bounds_offset": [0, 1.25, 0]
			},
			"bones": [
				{
					"name": "chikorita",
					"pivot": [0, 0, 0]
				},
				{
					"name": "body",
					"parent": "chikorita",
					"pivot": [0, 0, 0]
				},
				{
					"name": "torso",
					"parent": "body",
					"pivot": [0, 5, 5.75],
					"cubes": [
						{"origin": [-5.5, 1.75, -6.5], "size": [11, 7, 9], "inflate": 0.01, "uv": [0, 0]}
					]
				},
				{
					"name": "head",
					"parent": "torso",
					"pivot": [0, 8.75, -2.5],
					"cubes": [
						{"origin": [-5, 7.75, -6], "size": [10, 7, 8], "inflate": -0.01, "uv": [0, 16]},
						{"origin": [-2, 14, -3.5], "size": [4, 2, 3], "uv": [40, 5]},
						{"origin": [4.65, 9.25, -0.8], "size": [1, 1, 1], "pivot": [4.9, 9.75, -0.3], "rotation": [0, -5, 0], "uv": [50, 17]},
						{"origin": [2.55, 9.5, 1.55], "size": [1, 1, 1], "pivot": [3.05, 10, 1.8], "rotation": [0, 15, 0], "uv": [50, 19]},
						{"origin": [-0.5, 9.75, 1.75], "size": [1, 1, 1], "uv": [22, 50]},
						{"origin": [-3.55, 9.5, 1.55], "size": [1, 1, 1], "pivot": [-3.05, 10, 1.8], "rotation": [0, -15, 0], "uv": [50, 21]},
						{"origin": [-5.65, 9.25, -0.8], "size": [1, 1, 1], "pivot": [-4.9, 9.75, -0.3], "rotation": [0, 5, 0], "uv": [50, 38]},
						{"origin": [-5.65, 9, -4.4], "size": [1, 1, 1], "pivot": [-4.9, 9.5, -3.9], "rotation": [0, -5, 0], "uv": [50, 27]},
						{"origin": [-4.55, 8.6, -6.55], "size": [1, 1, 1], "pivot": [-4.05, 9.1, -5.8], "rotation": [0, 15, 0], "uv": [50, 25]},
						{"origin": [-0.5, 8.25, -6.65], "size": [1, 1, 1], "uv": [26, 50]},
						{"origin": [3.55, 8.6, -6.55], "size": [1, 1, 1], "pivot": [4.05, 9.1, -5.8], "rotation": [0, -15, 0], "uv": [50, 23]},
						{"origin": [4.65, 9, -4.4], "size": [1, 1, 1], "pivot": [4.9, 9.5, -3.9], "rotation": [0, 5, 0], "uv": [18, 50]}
					]
				},
				{
					"name": "mouth_closed",
					"parent": "head",
					"pivot": [0, 10.25, -6],
					"cubes": [
						{"origin": [-0.5, 9.5, -5.99], "size": [1, 1, 0], "inflate": 0.01, "uv": [44, 50]},
						{"origin": [-1.5, 10, -6], "size": [3, 1, 0], "uv": [12, 50]}
					]
				},
				{
					"name": "mouth_open",
					"parent": "head",
					"pivot": [0, 10.15, -5.8],
					"cubes": [
						{"origin": [-1.5, 10, -5.9], "size": [3, 1, 0], "uv": [50, 16]},
						{"origin": [-1, 9, -5.9], "size": [2, 1, 0], "uv": [50, 29]}
					]
				},
				{
					"name": "eyes",
					"parent": "head",
					"pivot": [0, 0, 1]
				},
				{
					"name": "eye_left",
					"parent": "eyes",
					"pivot": [2.4, 11.75, -5.5]
				},
				{
					"name": "idle_leftpupil",
					"parent": "eye_left",
					"pivot": [2.5, 12, -5.75],
					"cubes": [
						{"origin": [1.6, 10.25, -6], "size": [2, 3, 1], "inflate": 0.01, "uv": [28, 45]},
						{"origin": [1.85, 11.85, -6.01], "size": [1, 1, 0], "inflate": 0.01, "uv": [46, 50]}
					]
				},
				{
					"name": "angry_leftpupil",
					"parent": "eye_left",
					"pivot": [2.5, 12, -5.65],
					"cubes": [
						{"origin": [1.6, 10.25, -5.9], "size": [2, 3, 1], "inflate": 0.01, "uv": [46, 45]},
						{"origin": [1.85, 11.85, -5.91], "size": [1, 1, 0], "inflate": 0.01, "uv": [46, 50]},
						{"origin": [1.95, 12.75, -5.9], "size": [1, 1, 0], "uv": [50, 49]}
					]
				},
				{
					"name": "eyelid_left",
					"parent": "eye_left",
					"pivot": [2.5, 9.75, -5.4],
					"cubes": [
						{"origin": [1.5, 8.25, -5.9], "size": [2, 3, 1], "inflate": 0.025, "uv": [16, 45]},
						{"origin": [1.9, 8.75, -5.9], "size": [2, 3, 1], "inflate": 0.02, "uv": [22, 45]}
					]
				},
				{
					"name": "eye_right",
					"parent": "eyes",
					"pivot": [-2.4, 11.75, -5.5]
				},
				{
					"name": "idle_rightpupil",
					"parent": "eye_right",
					"pivot": [-2.5, 12, -5.75],
					"cubes": [
						{"origin": [-3.6, 10.25, -6], "size": [2, 3, 1], "inflate": 0.01, "uv": [34, 45]},
						{"origin": [-2.85, 11.85, -6.01], "size": [1, 1, 0], "inflate": 0.01, "uv": [48, 50]}
					]
				},
				{
					"name": "angry_rightpupil",
					"parent": "eye_right",
					"pivot": [-2.5, 12, -5.65],
					"cubes": [
						{"origin": [-3.6, 10.25, -5.9], "size": [2, 3, 1], "inflate": 0.01, "uv": [40, 45]},
						{"origin": [-2.85, 11.85, -5.91], "size": [1, 1, 0], "inflate": 0.01, "uv": [48, 50]},
						{"origin": [-2.95, 12.75, -5.9], "size": [1, 1, 0], "uv": [50, 50]}
					]
				},
				{
					"name": "eyelid_right",
					"parent": "eye_right",
					"pivot": [-2.5, 8.75, -5.4],
					"cubes": [
						{"origin": [-3.5, 7.25, -5.9], "size": [2, 3, 1], "inflate": 0.025, "uv": [16, 45], "mirror": true},
						{"origin": [-3.9, 7.75, -5.9], "size": [2, 3, 1], "inflate": 0.02, "uv": [22, 45], "mirror": true}
					]
				},
				{
					"name": "leaf",
					"parent": "head",
					"pivot": [0, 15.25, -2],
					"cubes": [
						{"origin": [-0.5, 15.25, -2], "size": [1, 3, 0], "uv": [30, 50]}
					]
				},
				{
					"name": "leaf2",
					"parent": "leaf",
					"pivot": [0, 18.25, -2],
					"cubes": [
						{"origin": [-1.5, 18.25, -2], "size": [3, 3, 0], "uv": [43, 35]}
					]
				},
				{
					"name": "leaf3",
					"parent": "leaf2",
					"pivot": [0, 21.25, -2],
					"cubes": [
						{"origin": [-2.5, 21.25, -2], "size": [5, 5, 0], "uv": [37, 25]}
					]
				},
				{
					"name": "leaf4",
					"parent": "leaf3",
					"pivot": [0, 26.25, -2],
					"cubes": [
						{"origin": [-2.5, 26.25, -2], "size": [5, 5, 0], "uv": [41, 0]}
					]
				},
				{
					"name": "leaf5",
					"parent": "leaf4",
					"pivot": [0, 31.25, -2],
					"cubes": [
						{"origin": [-3.5, 31.25, -2], "size": [7, 4, 0], "uv": [40, 10]}
					]
				},
				{
					"name": "vines",
					"parent": "head",
					"pivot": [-3.15, 9.75, -1]
				},
				{
					"name": "vine_right",
					"parent": "vines",
					"pivot": [-3.15, 9.75, -1],
					"cubes": [
						{"origin": [-7.15, 9.25, -1], "size": [4, 1, 0], "uv": [40, 14]}
					]
				},
				{
					"name": "vine_right2",
					"parent": "vine_right",
					"pivot": [-7.15, 9.75, -1],
					"cubes": [
						{"origin": [-11.15, 9.25, -1], "size": [4, 1, 0], "uv": [40, 15]}
					]
				},
				{
					"name": "vine_right3",
					"parent": "vine_right2",
					"pivot": [-11.15, 9.75, -1],
					"cubes": [
						{"origin": [-15.15, 9.25, -1], "size": [4, 1, 0], "uv": [42, 38]}
					]
				},
				{
					"name": "vine_right4",
					"parent": "vine_right3",
					"pivot": [-15.15, 9.75, -1],
					"cubes": [
						{"origin": [-19.15, 9.25, -1], "size": [4, 1, 0], "uv": [42, 39]}
					]
				},
				{
					"name": "vine_right5",
					"parent": "vine_right4",
					"pivot": [-19.15, 9.75, -1],
					"cubes": [
						{"origin": [-23.15, 9.25, -1], "size": [4, 1, 0], "uv": [0, 47]}
					]
				},
				{
					"name": "vine_right6",
					"parent": "vine_right5",
					"pivot": [-23.15, 9.75, -1],
					"cubes": [
						{"origin": [-27.15, 9.25, -1], "size": [4, 1, 0], "uv": [8, 47]}
					]
				},
				{
					"name": "vine_right7",
					"parent": "vine_right6",
					"pivot": [-27.15, 9.75, -1],
					"cubes": [
						{"origin": [-31.15, 9.25, -1], "size": [4, 1, 0], "uv": [0, 48]}
					]
				},
				{
					"name": "vine_right_end",
					"parent": "vine_right7",
					"pivot": [-31.15, 9.75, -1],
					"cubes": [
						{"origin": [-34.15, 8.75, -1], "size": [3, 2, 0], "uv": [32, 49]}
					]
				},
				{
					"name": "vine_left",
					"parent": "vines",
					"pivot": [3.15, 9.75, -1],
					"cubes": [
						{"origin": [3.15, 9.25, -1], "size": [4, 1, 0], "uv": [8, 48]}
					]
				},
				{
					"name": "vine_left2",
					"parent": "vine_left",
					"pivot": [7.15, 9.75, -1],
					"cubes": [
						{"origin": [7.15, 9.25, -1], "size": [4, 1, 0], "uv": [48, 14]}
					]
				},
				{
					"name": "vine_left3",
					"parent": "vine_left2",
					"pivot": [11.15, 9.75, -1],
					"cubes": [
						{"origin": [11.15, 9.25, -1], "size": [4, 1, 0], "uv": [48, 15]}
					]
				},
				{
					"name": "vine_left4",
					"parent": "vine_left3",
					"pivot": [15.15, 9.75, -1],
					"cubes": [
						{"origin": [15.15, 9.25, -1], "size": [4, 1, 0], "uv": [0, 49]}
					]
				},
				{
					"name": "vine_left5",
					"parent": "vine_left4",
					"pivot": [19.15, 9.75, -1],
					"cubes": [
						{"origin": [19.15, 9.25, -1], "size": [4, 1, 0], "uv": [8, 49]}
					]
				},
				{
					"name": "vine_left6",
					"parent": "vine_left5",
					"pivot": [23.15, 9.75, -1],
					"cubes": [
						{"origin": [23.15, 9.25, -1], "size": [4, 1, 0], "uv": [16, 49]}
					]
				},
				{
					"name": "vine_left7",
					"parent": "vine_left6",
					"pivot": [27.15, 9.75, -1],
					"cubes": [
						{"origin": [27.15, 9.25, -1], "size": [4, 1, 0], "uv": [24, 49]}
					]
				},
				{
					"name": "vine_left_end",
					"parent": "vine_left7",
					"pivot": [31.15, 9.75, -1],
					"cubes": [
						{"origin": [31.15, 8.75, -1], "size": [3, 2, 0], "uv": [38, 49]}
					]
				},
				{
					"name": "tail",
					"parent": "torso",
					"pivot": [0, 8, 7.25],
					"rotation": [40, 0, 0],
					"cubes": [
						{"origin": [-2, 19, -3.75], "size": [4, 3, 4], "pivot": [0, 12, -8.75], "rotation": [-62.5, 0, 0], "uv": [0, 40]}
					]
				},
				{
					"name": "leg_front_right",
					"parent": "body",
					"pivot": [-5, 5, -5.5],
					"rotation": [0, 29, 0],
					"cubes": [
						{"origin": [-6.5, 1, -7.5], "size": [3, 5, 4], "inflate": 0.01, "pivot": [-2, 0, -1], "rotation": [-7.5, 0, 0], "uv": [14, 31]}
					]
				},
				{
					"name": "foot_front_right",
					"parent": "leg_front_right",
					"pivot": [-5, 1, -5.5],
					"cubes": [
						{"origin": [-6.5, 0, -7], "size": [3, 2, 3], "uv": [28, 40]},
						{"origin": [-6, 0.5, -7.75], "size": [2, 0, 1], "pivot": [-5, 0.5, -6.75], "rotation": [30, 0, 0], "uv": [44, 49]}
					]
				},
				{
					"name": "leg_front_left",
					"parent": "body",
					"pivot": [5, 5, -5.5],
					"rotation": [0, -29, 0],
					"cubes": [
						{"origin": [3.5, 1, -7.5], "size": [3, 5, 4], "inflate": 0.01, "pivot": [2, 0, -1], "rotation": [-7.5, 0, 0], "uv": [0, 31]}
					]
				},
				{
					"name": "foot_front_left",
					"parent": "leg_front_left",
					"pivot": [5, 1, -5.5],
					"cubes": [
						{"origin": [3.5, 0, -7], "size": [3, 2, 3], "uv": [16, 40]},
						{"origin": [4, 0.5, -7.75], "size": [2, 0, 1], "pivot": [5, 0.5, -6.75], "rotation": [30, 0, 0], "uv": [36, 30]}
					]
				},
				{
					"name": "leg_back_right",
					"parent": "body",
					"pivot": [-4, 5, 0.75],
					"cubes": [
						{"origin": [-5.75, 1, -1.25], "size": [3, 5, 4], "inflate": 0.01, "uv": [28, 31]}
					]
				},
				{
					"name": "foot_back_right",
					"parent": "leg_back_right",
					"pivot": [-4, 1, 0.75],
					"cubes": [
						{"origin": [-5.75, 0, -0.75], "size": [3, 2, 3], "uv": [40, 40]},
						{"origin": [-5.25, 0.5, -1.5], "size": [2, 0, 1], "pivot": [-5, 0.5, -0.5], "rotation": [30, 0, 0], "uv": [0, 50]}
					]
				},
				{
					"name": "leg_back_left",
					"parent": "body",
					"pivot": [4, 5, 0.75],
					"cubes": [
						{"origin": [2.75, 1, -1.25], "size": [3, 5, 4], "inflate": 0.01, "uv": [36, 16]}
					]
				},
				{
					"name": "foot_back_left",
					"parent": "leg_back_left",
					"pivot": [4, 1, 0.75],
					"cubes": [
						{"origin": [2.75, 0, -0.75], "size": [3, 2, 3], "uv": [42, 30]},
						{"origin": [3.25, 0.5, -1.5], "size": [2, 0, 1], "pivot": [4, 0.5, -0.5], "rotation": [30, 0, 0], "uv": [6, 50]}
					]
				}
			]
		}
	]
}