{
	"format_version": "1.12.0",
	"minecraft:geometry": [
		{
			"description": {
				"identifier": "geometry.mysteryegg",
				"texture_width": 64,
				"texture_height": 64,
				"visible_bounds_width": 2,
				"visible_bounds_height": 2.5,
				"visible_bounds_offset": [0, 0.75, 0]
			},
			"bones": [
				{
					"name": "mysteryegg",
					"pivot": [0, 0.1, 0]
				},
				{
					"name": "head",
					"parent": "mysteryegg",
					"pivot": [0, 3.6, 0.5],
					"cubes": [
						{"origin": [-3, 1.1, -2.5], "size": [6, 5, 6], "pivot": [0, 3.6, 0.5], "rotation": [0, -45, 0], "uv": [14, 40], "mirror": true}
					]
				},
				{
					"name": "eyes",
					"parent": "head",
					"pivot": [0, 2.21237, -2.88477],
					"cubes": [
						{"origin": [-5.25, 1.6, -2.1], "size": [5, 5, 0], "pivot": [-2.25, 3.6, -2.1], "rotation": [11.23272, 36.01651, 18.66201], "uv": [40, 0]},
						{"origin": [0.25, 1.6, -2.1], "size": [5, 5, 0], "pivot": [2.25, 3.6, -2.1], "rotation": [11.23272, -36.01651, -18.66201], "uv": [40, 0], "mirror": true}
					]
				},
				{
					"name": "egg",
					"parent": "mysteryegg",
					"pivot": [0, 0.28182, 0],
					"cubes": [
						{"origin": [-5, 0.1, -5], "size": [10, 0, 10], "uv": [0, 0]},
						{"origin": [-5, 7.1, -5], "size": [10, 0, 10], "uv": [0, 10]},
						{"origin": [-4, 11.1, -4], "size": [8, 0, 8], "uv": [0, 20]},
						{"origin": [4, 7.1, -4], "size": [0, 4, 8], "uv": [14, 43]},
						{"origin": [-5, 0.1, 5], "size": [10, 7, 0], "uv": [32, 20]},
						{"origin": [-5, 0.1, -5], "size": [10, 7, 0], "uv": [36, 27]},
						{"origin": [-4, 7.1, -4], "size": [8, 4, 0], "uv": [36, 34]},
						{"origin": [-4, 7.1, 4], "size": [8, 4, 0], "uv": [36, 38]},
						{"origin": [-5, 0.1, -5], "size": [0, 7, 10], "uv": [0, 28]},
						{"origin": [5, 0.1, -5], "size": [0, 7, 10], "uv": [0, 28], "mirror": true},
						{"origin": [-4, 7.1, -4], "size": [0, 4, 8], "uv": [14, 43], "mirror": true}
					]
				}
			]
		}
	]
}