{
	"format_version": "1.8.0",
	"animations": {
		"animation.nesten.ground_idle": {
			"loop": true,
			"animation_length": 6,
			"bones": {
				"head": {
					"position": {
						"0.0": {
							"post": [0, -1, -2],
							"lerp_mode": "catmullrom"
						},
						"3.0": {
							"post": [0, 0.5, 0],
							"lerp_mode": "catmullrom"
						},
						"6.0": {
							"post": [0, -1, -2],
							"lerp_mode": "catmullrom"
						}
					}
				},
				"headfeathers": {
					"rotation": {
						"0.0": {
							"post": [0, 0, 0],
							"lerp_mode": "catmullrom"
						},
						"3.0": {
							"post": [-20, 0, 0],
							"lerp_mode": "catmullrom"
						},
						"6.0": {
							"post": [0, 0, 0],
							"lerp_mode": "catmullrom"
						}
					}
				},
				"neck": {
					"rotation": {
						"0.0": {
							"post": [15, 0, 0],
							"lerp_mode": "catmullrom"
						},
						"3.0": {
							"post": [0, 0, 0],
							"lerp_mode": "catmullrom"
						},
						"6.0": {
							"post": [15, 0, 0],
							"lerp_mode": "catmullrom"
						}
					}
				},
				"lowerneck": {
					"position": {
						"0.0": {
							"post": [0, 0, 0],
							"lerp_mode": "catmullrom"
						}
					}
				},
				"tailfeather": {
					"rotation": {
						"0.0": {
							"post": [-12.5, 0, 0],
							"lerp_mode": "catmullrom"
						},
						"3.0": {
							"post": [2.5, 0, 0],
							"lerp_mode": "catmullrom"
						},
						"6.0": {
							"post": [-12.5, 0, 0],
							"lerp_mode": "catmullrom"
						}
					}
				},
				"leftwing": {
					"rotation": {
						"0.0": {
							"post": [0, 0, -7.5],
							"lerp_mode": "catmullrom"
						},
						"3.0": {
							"post": [0, 0, 0],
							"lerp_mode": "catmullrom"
						},
						"6.0": {
							"post": [0, 0, -7.5],
							"lerp_mode": "catmullrom"
						}
					}
				},
				"rightwing": {
					"rotation": {
						"0.0": {
							"post": [0, 0, 5],
							"lerp_mode": "catmullrom"
						},
						"3.0": {
							"post": [0, 0, 0],
							"lerp_mode": "catmullrom"
						},
						"6.0": {
							"post": [0, 0, 5],
							"lerp_mode": "catmullrom"
						}
					}
				}
			}
		},
		"animation.nesten.ground_walk": {
			"loop": true,
			"animation_length": 1.5,
			"bones": {
				"head": {
					"position": {
						"0.0": {
							"post": [0, -1.25, -2.75],
							"lerp_mode": "catmullrom"
						},
						"0.75": {
							"post": [0, 0, 0],
							"lerp_mode": "catmullrom"
						},
						"1.5": {
							"post": [0, -1.25, -2.75],
							"lerp_mode": "catmullrom"
						}
					}
				},
				"headfeathers": {
					"rotation": {
						"0.0": {
							"post": [-15, 0, 0],
							"lerp_mode": "catmullrom"
						},
						"0.75": {
							"post": [0, 0, 0],
							"lerp_mode": "catmullrom"
						},
						"1.5": {
							"post": [-15, 0, 0],
							"lerp_mode": "catmullrom"
						}
					}
				},
				"neck": {
					"rotation": {
						"0.0": {
							"post": [15, 0, 0],
							"lerp_mode": "catmullrom"
						},
						"0.75": {
							"post": [0, 0, 0],
							"lerp_mode": "catmullrom"
						},
						"1.5": {
							"post": [15, 0, 0],
							"lerp_mode": "catmullrom"
						}
					}
				},
				"body": {
					"rotation": {
						"0.0": {
							"post": [5, 0, 0],
							"lerp_mode": "catmullrom"
						}
					},
					"position": {
						"0.0": {
							"post": [0, -0.99, 0],
							"lerp_mode": "catmullrom"
						},
						"0.75": {
							"post": [0, -0.75, 0],
							"lerp_mode": "catmullrom"
						},
						"1.5": {
							"post": [0, -0.99, 0],
							"lerp_mode": "catmullrom"
						}
					}
				},
				"rightcoat": {
					"rotation": {
						"0.0": {
							"post": [-5, 0, 0],
							"lerp_mode": "catmullrom"
						}
					},
					"position": {
						"0.0": {
							"post": [0, 0.5, 0],
							"lerp_mode": "catmullrom"
						},
						"0.75": {
							"post": [0, 0.25, 0],
							"lerp_mode": "catmullrom"
						},
						"1.5": {
							"post": [0, 0.5, 0],
							"lerp_mode": "catmullrom"
						}
					}
				},
				"leftcoat": {
					"rotation": {
						"0.0": {
							"post": [-5, 0, 0],
							"lerp_mode": "catmullrom"
						}
					},
					"position": {
						"0.0": {
							"post": [0, 0.5, 0],
							"lerp_mode": "catmullrom"
						},
						"0.75": {
							"post": [0, 0.25, 0],
							"lerp_mode": "catmullrom"
						},
						"1.5": {
							"post": [0, 0.5, 0],
							"lerp_mode": "catmullrom"
						}
					}
				},
				"tailfeather": {
					"rotation": {
						"0.0": {
							"post": [-20, 0, 0],
							"lerp_mode": "catmullrom"
						},
						"0.75": {
							"post": [-32.5, 0, 0],
							"lerp_mode": "catmullrom"
						},
						"1.5": {
							"post": [-20, 0, 0],
							"lerp_mode": "catmullrom"
						}
					}
				},
				"wings": {
					"rotation": {
						"0.0": {
							"post": [15, 0, 0],
							"lerp_mode": "catmullrom"
						}
					},
					"position": {
						"0.0": {
							"post": [0, -1, 0],
							"lerp_mode": "catmullrom"
						}
					}
				},
				"leftwing": {
					"rotation": {
						"0.0": {
							"post": [0, 0, 0],
							"lerp_mode": "catmullrom"
						},
						"0.75": {
							"post": [0, 0, -20],
							"lerp_mode": "catmullrom"
						},
						"1.5": {
							"post": [0, 0, 0],
							"lerp_mode": "catmullrom"
						}
					}
				},
				"rightwing": {
					"rotation": {
						"0.0": {
							"post": [0, 0, 0],
							"lerp_mode": "catmullrom"
						},
						"0.75": {
							"post": [0, 0, 20],
							"lerp_mode": "catmullrom"
						},
						"1.5": {
							"post": [0, 0, 0],
							"lerp_mode": "catmullrom"
						}
					}
				}
			}
		},
		"animation.nesten.quirk_blink": {
			"loop": "hold_on_last_frame",
			"animation_length": 0.08333,
			"bones": {
				"leftlid": {
					"position": {
						"0.0": [0, -1.75, 0],
						"0.0833": [0, 0, 0]
					}
				},
				"rightlid": {
					"position": {
						"0.0": [0, -1.75, 0],
						"0.0833": [0, -0.25, 0]
					}
				}
			}
		},
		"animation.nesten.faint": {
			"loop": "hold_on_last_frame",
			"animation_length": 3,
			"bones": {
				"head": {
					"rotation": {
						"0.0": [0, 0, 0],
						"1.0": [152.5, 0, 0]
					},
					"position": {
						"0.0": [0, 0, 0],
						"0.4583": [0, -3.93, -4.31],
						"1.0": [0, -9, -3.5]
					}
				},
				"topbeak": {
					"rotation": {
						"0.0": [0, 0, 0],
						"1.0": [-42.5, 0, 0]
					}
				},
				"leftlid": {
					"position": {
						"0.0": [0, 0, 0],
						"1.0": [0, -1.725, 0]
					}
				},
				"rightlid": {
					"position": {
						"0.0": [0, 0, 0],
						"1.0": [0, -1.75, 0]
					}
				},
				"headfeathers": {
					"rotation": {
						"0.0": [0, 0, 0],
						"1.0": [65, 0, 0]
					}
				},
				"upperneck": {
					"rotation": {
						"0.0": [0, 0, 0],
						"1.0": [107.5, 0, 0]
					},
					"position": {
						"0.0": [0, 0, 0],
						"1.0": [0, 16, 6]
					}
				},
				"lowerneck": {
					"rotation": {
						"0.0": [0, 0, 0],
						"1.0": [85, 0, 0]
					}
				},
				"tailfeather": {
					"rotation": {
						"0.0": [0, 0, 0],
						"1.0": [-92.5, 0, 0]
					}
				},
				"neckbase": {
					"rotation": {
						"0.0": [0, 0, 0],
						"1.0": [17.5, 0, 0]
					}
				}
			}
		}
	}
}