{
	"format_version": "1.8.0",
	"animations": {
		"animation.weeplee.ground_idle": {
			"loop": true,
			"animation_length": 2,
			"bones": {
				"body": {
					"position": {
						"0.0": [0, 0, 0],
						"1.0": [0, 0.5, 0],
						"2.0": [0, 0, 0]
					}
				},
				"leg1": {
					"rotation": {
						"0.0": [0, 0, 0],
						"1.0": [-2.5, 0, 0],
						"2.0": [0, 0, 0]
					}
				},
				"leg2": {
					"rotation": {
						"0.0": [0, 0, 0],
						"1.0": [2.5, 0, 0],
						"2.0": [0, 0, 0]
					}
				},
				"leg3": {
					"rotation": {
						"0.0": [0, 0, 0],
						"1.0": [-2.5, 0, 0],
						"2.0": [0, 0, 0]
					}
				},
				"leg4": {
					"rotation": {
						"0.0": [0, 0, 0],
						"1.0": [2.5, 0, 0],
						"2.0": [0, 0, 0]
					}
				}
			}
		},
		"animation.weeplee.air_idle": {
			"loop": true,
			"animation_length": 2,
			"bones": {
				"body": {
					"position": {
						"0.0": [0, 0, 0],
						"1.0": [0, 0.5, 0],
						"2.0": [0, 0, 0]
					}
				},
				"leg1": {
					"rotation": {
						"0.0": [0, 0, 0],
						"1.0": [-2.5, 0, 0],
						"2.0": [0, 0, 0]
					}
				},
				"leg2": {
					"rotation": {
						"0.0": [0, 0, 0],
						"1.0": [2.5, 0, 0],
						"2.0": [0, 0, 0]
					}
				},
				"leg3": {
					"rotation": {
						"0.0": [0, 0, 0],
						"1.0": [-2.5, 0, 0],
						"2.0": [0, 0, 0]
					}
				},
				"leg4": {
					"rotation": {
						"0.0": [0, 0, 0],
						"1.0": [2.5, 0, 0],
						"2.0": [0, 0, 0]
					}
				}
			}
		},
		"animation.weeplee.ground_walk": {
			"loop": true,
			"animation_length": 1,
			"bones": {
				"body": {
					"rotation": {
						"0.0": [5, 0, 0],
						"0.25": [0, 0, 0],
						"0.75": [5, 0, 0],
						"1.0": [5, 0, 0]
					},
					"position": {
						"0.0": [0, 0, 0],
						"0.5": [0, 1, 0],
						"1.0": [0, 0, 0]
					}
				},
				"leg1": {
					"rotation": {
						"0.0": [50, 0, 0],
						"0.5": [45, 0, 0],
						"1.0": [50, 0, 0]
					}
				},
				"leg2": {
					"rotation": {
						"0.0": [45, 0, 0],
						"0.5": [50, 0, 0],
						"1.0": [45, 0, 0]
					}
				},
				"leg3": {
					"rotation": {
						"0.0": [50, 0, 0],
						"0.5": [45, 0, 0],
						"1.0": [50, 0, 0]
					}
				},
				"leg4": {
					"rotation": {
						"0.0": [45, 0, 0],
						"0.5": [50, 0, 0],
						"1.0": [45, 0, 0]
					}
				}
			}
		},
		"animation.weeplee.ground_air_fly": {
			"loop": true,
			"animation_length": 1,
			"bones": {
				"body": {
					"rotation": {
						"0.0": [5, 0, 0],
						"0.25": [0, 0, 0],
						"0.75": [5, 0, 0],
						"1.0": [5, 0, 0]
					},
					"position": {
						"0.0": [0, 0, 0],
						"0.5": [0, 1, 0],
						"1.0": [0, 0, 0]
					}
				},
				"leg1": {
					"rotation": {
						"0.0": [50, 0, 0],
						"0.5": [45, 0, 0],
						"1.0": [50, 0, 0]
					}
				},
				"leg2": {
					"rotation": {
						"0.0": [45, 0, 0],
						"0.5": [50, 0, 0],
						"1.0": [45, 0, 0]
					}
				},
				"leg3": {
					"rotation": {
						"0.0": [50, 0, 0],
						"0.5": [45, 0, 0],
						"1.0": [50, 0, 0]
					}
				},
				"leg4": {
					"rotation": {
						"0.0": [45, 0, 0],
						"0.5": [50, 0, 0],
						"1.0": [45, 0, 0]
					}
				}
			}
		},
		"animation.weeplee.air_fly": {
			"loop": true,
			"animation_length": 1,
			"bones": {
				"body": {
					"rotation": {
						"0.0": [5, 0, 0],
						"0.25": [0, 0, 0],
						"0.75": [5, 0, 0],
						"1.0": [5, 0, 0]
					},
					"position": {
						"0.0": [0, 0, 0],
						"0.5": [0, 1, 0],
						"1.0": [0, 0, 0]
					}
				},
				"leg1": {
					"rotation": {
						"0.0": [50, 0, 0],
						"0.5": [45, 0, 0],
						"1.0": [50, 0, 0]
					}
				},
				"leg2": {
					"rotation": {
						"0.0": [45, 0, 0],
						"0.5": [50, 0, 0],
						"1.0": [45, 0, 0]
					}
				},
				"leg3": {
					"rotation": {
						"0.0": [50, 0, 0],
						"0.5": [45, 0, 0],
						"1.0": [50, 0, 0]
					}
				},
				"leg4": {
					"rotation": {
						"0.0": [45, 0, 0],
						"0.5": [50, 0, 0],
						"1.0": [45, 0, 0]
					}
				}
			}
		},
		"animation.weeplee.faint": {
			"animation_length": 3,
			"bones": {
				"body": {
					"rotation": {
						"0.0": [0, 0, 0],
						"0.1667": [-7.5, 0, -5],
						"0.2917": [-2.49762, 0.10901, -2.50238],
						"0.4167": [7.47178, -0.65182, 4.95744],
						"0.8333": [5, 0, 0],
						"0.9167": [-5, 0, 7.5],
						"1.25": [0, 0, 2.5],
						"1.3333": [10, 0, -7.5],
						"1.5": [65, 0, -7.5],
						"1.75": [65, 0, 0],
						"1.875": [90, 0, 0],
						"3.0": [90, 0, 0]
					},
					"position": {
						"0.0": [0, 0, 0],
						"1.5": [-4, -2, -8],
						"1.75": [-4, -16, -14],
						"1.7917": [-4, -15, -16.5],
						"1.875": [-4, -15.75, -18.5],
						"3.0": [-4, -15.75, -18.5]
					}
				},
				"leg1": {
					"position": {
						"0.0": [0, 0, 0],
						"0.125": [0, 8, 0]
					},
					"scale": {
						"0.0833": [1, 1, 1],
						"0.125": [0, 0, 0]
					}
				},
				"leg2": {
					"position": {
						"1.1667": [0, 0, 0],
						"1.2917": [0, 8, 0]
					},
					"scale": {
						"1.25": [1, 1, 1],
						"1.2917": [0, 0, 0]
					}
				},
				"leg3": {
					"position": {
						"0.25": [0, 0, 0],
						"0.375": [0, 8, 0]
					},
					"scale": {
						"0.3333": [1, 1, 1],
						"0.375": [0, 0, 0]
					}
				},
				"leg4": {
					"position": {
						"0.75": [0, 0, 0],
						"0.875": [0, 8, 0]
					},
					"scale": {
						"0.8333": [1, 1, 1],
						"0.875": [0, 0, 0]
					}
				}
			}
		}
	}
}