{
	"format_version": "1.12.0",
	"minecraft:geometry": [
		{
			"description": {
				"identifier": "geometry.umabe",
				"texture_width": 200,
				"texture_height": 200,
				"visible_bounds_width": 9,
				"visible_bounds_height": 4.5,
				"visible_bounds_offset": [0, 1.75, 0]
			},
			"bones": [
				{
					"name": "umabe",
					"pivot": [0, 0, 0]
				},
				{
					"name": "head",
					"parent": "umabe",
					"pivot": [0, 43.16667, -0.33333],
					"cubes": [
						{"origin": [-9, 41, -9], "size": [18, 11, 18], "uv": [3, 62]},
						{"origin": [5, 50, -2], "size": [6, 6, 3], "uv": [103, 12]},
						{"origin": [-11, 50, -2], "size": [6, 6, 3], "uv": [103, 12], "mirror": true}
					]
				},
				{
					"name": "bone",
					"parent": "umabe",
					"pivot": [0, 15, 0],
					"cubes": [
						{"origin": [-14, 15, -14], "size": [28, 28, 28], "uv": [3, 3]}
					]
				},
				{
					"name": "arm",
					"parent": "umabe",
					"pivot": [14, 33, 0],
					"cubes": [
						{"origin": [12, 29, -4], "size": [24, 8, 8], "uv": [77, 98]}
					]
				},
				{
					"name": "bone2",
					"parent": "arm",
					"pivot": [36, 33, 0],
					"cubes": [
						{"origin": [36, 29, -4], "size": [24, 8, 8], "uv": [18, 120]}
					]
				},
				{
					"name": "arm2",
					"parent": "umabe",
					"pivot": [-14, 33, 0],
					"cubes": [
						{"origin": [-36, 29, -4], "size": [24, 8, 8], "uv": [77, 98], "mirror": true}
					]
				},
				{
					"name": "bone3",
					"parent": "arm2",
					"pivot": [-36, 33, 0],
					"cubes": [
						{"origin": [-60, 29, -4], "size": [24, 8, 8], "uv": [18, 120], "mirror": true}
					]
				},
				{
					"name": "leg",
					"parent": "umabe",
					"pivot": [8, 15, 0],
					"cubes": [
						{"origin": [4, 0, -4], "size": [8, 17, 8], "uv": [130, 51]}
					]
				},
				{
					"name": "leg2",
					"parent": "umabe",
					"pivot": [-8, 15, 0],
					"cubes": [
						{"origin": [-12, 0, -4], "size": [8, 17, 8], "uv": [130, 51], "mirror": true}
					]
				}
			]
		}
	]
}