{
    "type": "minecraft:archaeology",
    "pools": [
        {
            "bonus_rolls": 0.0,
            "entries": [
                {
                    "type": "minecraft:item",
                    "name": "minecraft:raw_copper",
                    "weight": 6
                },
                {
                    "type": "minecraft:item",
                    "name": "minecraft:raw_iron",
                    "weight": 5
                },
                {
                    "type": "minecraft:item",
                    "name": "minecraft:raw_gold",
                    "weight": 1
                },
                {
                    "type": "minecraft:item",
                    "name": "cobblemon:water_stone",
                    "weight": 1
                },
                {
                    "type": "minecraft:item",
                    "name": "minecraft:coal",
                    "weight": 6
                },
                {
                    "type": "minecraft:item",
                    "name": "minecraft:bone",
                    "weight": 6
                }
            ],
            "rolls": 1.0
        }
    ],
    "random_sequence": "cobblemon:fossils/common/prehistoric_sandy_den"
}