{
	"format_version": "1.8.0",
	"animations": {
		"animation.airaptor.ground_idle": {
			"loop": true,
			"animation_length": 4,
			"bones": {
				"arm_right": {
					"rotation": [1, "14.5+math.sin(q.anim_time*90*2+30)*-2", "-33+math.sin(q.anim_time*90*2-110)*2"]
				},
				"arm_right2": {
					"rotation": [0, "-32+math.sin(q.anim_time*90*2-30)*-4", 4]
				},
				"arm_right3": {
					"rotation": [-1.30784, "-72.4943+math.sin(q.anim_time*90*2-90)*-4", 7.35883],
					"position": [0.3, 0, 0]
				},
				"finger_right1": {
					"rotation": ["math.sin(q.anim_time*90*2-120)*-10+10", 0, -12.5]
				},
				"finger_right2": {
					"rotation": ["math.sin(q.anim_time*90*2-120)*-10+10", 0, 22.5]
				},
				"arm_left": {
					"rotation": [1, "-14.5+math.sin(q.anim_time*90*2+30)*2", "33+math.sin(q.anim_time*90*2-110)*-2"]
				},
				"arm_left2": {
					"rotation": [0, "32+math.sin(q.anim_time*90*2-30)*4", -4]
				},
				"arm_left3": {
					"rotation": [-1.98084, "79.9914+math.sin(q.anim_time*90*2-90)*4", -8.06399],
					"position": [-0.3, 0, 0]
				},
				"finger_left1": {
					"rotation": ["math.sin(q.anim_time*90*2-120)*-10+10", 0, 12.5]
				},
				"finger_left2": {
					"rotation": ["math.sin(q.anim_time*90*2-120)*-10+10", 0, -22.5]
				},
				"tail": {
					"rotation": ["5+math.sin(q.anim_time*90*2-100)*-4", "math.sin(q.anim_time*90*1-40)*-4", 0]
				},
				"tail2": {
					"rotation": ["-3+math.sin(q.anim_time*90*2-130)*-5", "math.sin(q.anim_time*90*1-80)*-6", 0],
					"position": {
						"0.0": [0, 0, -1],
						"3.4167": [0, 0, -1]
					}
				},
				"tail3": {
					"rotation": ["-5+math.sin(q.anim_time*90*2-160)*-6", "math.sin(q.anim_time*90*1-130)*-8", 0],
					"position": {
						"0.0": [0, 0, 0],
						"3.4167": [0, 0, -1]
					}
				},
				"neck": {
					"rotation": ["12.5+math.sin(q.anim_time*90*2-100)*-3", 0, 0]
				},
				"head": {
					"rotation": ["-10+math.sin(q.anim_time*90*2-120)*5", "math.sin(q.anim_time*90*1+30)*2", 0]
				},
				"leg_right": {
					"rotation": ["math.sin(q.anim_time*90*2+40)*-5+5", 30, 0],
					"position": [0, "math.sin(q.anim_time*90*2+40)*0.1-0.1", "math.sin(q.anim_time*90*2+40)*-0.03"]
				},
				"toe_outer_right_rotation": {
					"rotation": [0, -5, 0]
				},
				"leg_left": {
					"rotation": ["math.sin(q.anim_time*90*2+40)*-5+5", -30, 0],
					"position": [0, "math.sin(q.anim_time*90*2+40)*0.1-0.1", "math.sin(q.anim_time*90*2+40)*-0.03"]
				},
				"toe_outer_left_rotation": {
					"rotation": [0, 5, 0]
				},
				"torso": {
					"rotation": [0, 0, 0],
					"position": [0, "math.sin(q.anim_time*90*2-30)*0.1", 0]
				},
				"neck_fur": {
					"rotation": ["math.sin(q.anim_time*90*2-90)*-1", 0, 0]
				},
				"tail_feather": {
					"rotation": ["math.sin(q.anim_time*90*2-190)*-8", 0, 0]
				},
				"leg_left2": {
					"rotation": ["math.sin(q.anim_time*90*2+40)*7-7", 0, 0]
				},
				"foot_left": {
					"rotation": ["math.sin(q.anim_time*90*2+40)*-2+2", 0, 0],
					"position": ["-(math.sin(q.anim_time*90*2+40)*-0.02)", 0, 0]
				},
				"leg_right2": {
					"rotation": ["math.sin(q.anim_time*90*2+40)*7-7", 0, 0]
				},
				"foot_right": {
					"rotation": ["math.sin(q.anim_time*90*2+40)*-2+2", 0, 0],
					"position": ["math.sin(q.anim_time*90*2+40)*-0.02", 0, 0]
				},
				"torso2": {
					"rotation": ["math.sin(q.anim_time*90*2-60)*-2", "math.sin(q.anim_time*90*1)*-2", 0],
					"position": [0, 0, "math.sin(q.anim_time*90*2-40)*0.1"]
				},
				"tail_feather2": {
					"rotation": ["math.sin(q.anim_time*90*2-200)*-1", "math.sin(q.anim_time*90*1-160)*-10", 0]
				},
				"tail_feather3": {
					"rotation": ["math.sin(q.anim_time*90*2-240)*-8", "math.sin(q.anim_time*90*1-190)*-10", 0]
				},
				"toe_inner_right": {
					"rotation": {
						"0.0": [0, 0, 0],
						"1.0": [15, 0, 0],
						"2.0": [0, 0, 0],
						"3.0": [15, 0, 0],
						"4.0": [0, 0, 0]
					},
					"position": {
						"0.0": [0, 0, 0],
						"1.0": [0, 0, 0]
					}
				},
				"toe_inner_left": {
					"rotation": {
						"0.0": [0, 0, 0],
						"1.0": [40, 0, 0],
						"2.0": [0, 0, 0],
						"3.0": [40, 0, 0],
						"4.0": [0, 0, 0]
					},
					"position": {
						"0.0": [0, 0, 0],
						"1.0": [0, 0, 0]
					}
				}
			}
		},
		"animation.airaptor.ground_walk": {
			"loop": true,
			"animation_length": 2.6667,
			"bones": {
				"arm_right": {
					"rotation": [-15.35148, "35.3152-math.sin(q.anim_time*90*3-120)*-15", "-30.0756-math.sin(q.anim_time*90*3-120)*-8"]
				},
				"arm_right2": {
					"rotation": [0, "-41.5-math.sin(q.anim_time*90*3-180)*-8", 4]
				},
				"arm_right3": {
					"rotation": [-160.70579, "-91.113-math.sin(q.anim_time*90*3-240)*-3", 166.80804],
					"position": [0.3, 0, 0]
				},
				"finger_right1": {
					"rotation": [1.33975, 0, -12.5]
				},
				"finger_right2": {
					"rotation": [1.33975, 0, 22.5]
				},
				"arm_left": {
					"rotation": [-15.35148, "-35.3152-math.sin(q.anim_time*90*3-120)*-15", "30.0756-math.sin(q.anim_time*90*3-120)*-8"]
				},
				"arm_left2": {
					"rotation": [0, "41.5-math.sin(q.anim_time*90*3-180)*-8", -4]
				},
				"arm_left3": {
					"rotation": [-28.87045, "86.3718-math.sin(q.anim_time*90*3-240)*-3", -34.91795],
					"position": [-0.3, 0, 0]
				},
				"finger_left1": {
					"rotation": [1.33975, 0, 12.5]
				},
				"finger_left2": {
					"rotation": [1.33975, 0, -22.5]
				},
				"tail": {
					"rotation": ["5+math.sin(q.anim_time*90*6-100)*-4", "math.sin(q.anim_time*90*3-40)*-4", 0]
				},
				"tail2": {
					"rotation": ["-3+math.sin(q.anim_time*90*6-130)*-5", "math.sin(q.anim_time*90*3-80)*-6", 0]
				},
				"tail3": {
					"rotation": ["-5+math.sin(q.anim_time*90*6-160)*-6", "math.sin(q.anim_time*90*3-130)*-8", 0]
				},
				"neck": {
					"rotation": ["15.4544+math.cos(q.anim_time*90*6-60)*10", 0, "math.sin(q.anim_time*90*3-120)*-3"]
				},
				"head": {
					"rotation": [
						"-21+math.cos(q.anim_time*90*6-60)*-10",
						"math.cos(q.anim_time*90*3-30)*-4",
						"math.sin(q.anim_time*90*3-120)*8+math.sin(q.anim_time*90*3)*-3"
					]
				},
				"leg_right": {
					"rotation": {
						"0.0": {
							"post": [41.79, 7.5, 5],
							"lerp_mode": "catmullrom"
						},
						"0.2083": {
							"post": [67.32, 7.5, 20],
							"lerp_mode": "catmullrom"
						},
						"0.6667": {
							"post": [1.7861, 7.5, 0],
							"lerp_mode": "catmullrom"
						},
						"1.3333": {
							"post": [41.79, 7.5, 5],
							"lerp_mode": "catmullrom"
						},
						"1.5417": {
							"post": [67.32, 7.5, 20],
							"lerp_mode": "catmullrom"
						},
						"2.0": {
							"post": [1.7861, 7.5, 0],
							"lerp_mode": "catmullrom"
						},
						"2.6667": {
							"post": [41.79, 7.5, 5],
							"lerp_mode": "catmullrom"
						}
					},
					"position": {
						"0.0": [0, -0.14, 2.4807],
						"0.3333": [-1, 0.87, 2.93],
						"0.6667": [0, -0.53572, -0.7193],
						"1.0": [0, -0.03, -0.05],
						"1.1667": [0, 0.02, 0.63],
						"1.3333": [0, -0.14, 1.4807],
						"1.6667": [-1, 0.87, -0.07],
						"2.0": [0, -0.53572, -1.7193],
						"2.3333": [0, -0.03, -0.05],
						"2.5": [0, 0.02, 0.63],
						"2.6667": [0, -0.14, 1.4807]
					}
				},
				"leg_left": {
					"rotation": {
						"0.0": {
							"post": [1.7861, -7.5, 0],
							"lerp_mode": "catmullrom"
						},
						"0.6667": {
							"post": [41.79, -7.5, -5],
							"lerp_mode": "catmullrom"
						},
						"0.875": {
							"post": [67.32, -7.5, -20],
							"lerp_mode": "catmullrom"
						},
						"1.3333": {
							"post": [1.7861, -7.5, 0],
							"lerp_mode": "catmullrom"
						},
						"2.0": {
							"post": [41.79, -7.5, -5],
							"lerp_mode": "catmullrom"
						},
						"2.2083": {
							"post": [67.32, -7.5, -20],
							"lerp_mode": "catmullrom"
						},
						"2.6667": {
							"post": [1.7861, -7.5, 0],
							"lerp_mode": "catmullrom"
						}
					},
					"position": {
						"0.0": [0, -0.53572, -0.7193],
						"0.3333": [0, -0.03, 0.95],
						"0.5": [0, 0.02, 1.63],
						"0.6667": [0, -0.14, 2.4807],
						"1.0": [1, 0.87, 2.93],
						"1.3333": [0, -0.53572, -0.7193],
						"1.6667": [0, -0.03, 0.95],
						"1.8333": [0, 0.02, 1.63],
						"2.0": [0, -0.14, 2.4807],
						"2.3333": [1, 0.87, 2.93],
						"2.6667": [1, -0.53572, 0.2807]
					}
				},
				"toe_outer_left_rotation": {
					"rotation": {
						"0.0": {
							"post": [0, 0, 0],
							"lerp_mode": "catmullrom"
						},
						"0.6667": {
							"post": [0, 0, 0],
							"lerp_mode": "catmullrom"
						},
						"0.8333": {
							"post": [-10.5, 0, 0],
							"lerp_mode": "catmullrom"
						},
						"1.0": {
							"post": [18, 0, 0],
							"lerp_mode": "catmullrom"
						},
						"1.3333": {
							"post": [0, 0, 0],
							"lerp_mode": "catmullrom"
						},
						"2.0": {
							"post": [0, 0, 0],
							"lerp_mode": "catmullrom"
						},
						"2.1667": {
							"post": [-10.5, 0, 0],
							"lerp_mode": "catmullrom"
						},
						"2.3333": {
							"post": [18, 0, 0],
							"lerp_mode": "catmullrom"
						},
						"2.6667": {
							"post": [0, 0, 0],
							"lerp_mode": "catmullrom"
						}
					}
				},
				"torso": {
					"rotation": ["math.cos(q.anim_time*90*6)*-3", "math.cos(q.anim_time*90*3)*2", "math.sin(q.anim_time*90*3)*8"],
					"position": [0, "-0.05+math.sin(q.anim_time*90*6)*-0.4", 0]
				},
				"neck_fur": {
					"rotation": ["math.sin(q.anim_time*90*6-90)*1", 0, 0]
				},
				"tail_feather": {
					"rotation": ["math.sin(q.anim_time*90*6-190)*-8", 0, 0]
				},
				"leg_left2": {
					"rotation": {
						"0.0": {
							"post": [-17.50049, 0, 0],
							"lerp_mode": "catmullrom"
						},
						"0.6667": {
							"post": [-17.5, 0, 0],
							"lerp_mode": "catmullrom"
						},
						"1.0": {
							"post": [-60.28, 0, 0],
							"lerp_mode": "catmullrom"
						},
						"1.3333": {
							"post": [-17.50049, 0, 0],
							"lerp_mode": "catmullrom"
						},
						"2.0": {
							"post": [-17.5, 0, 0],
							"lerp_mode": "catmullrom"
						},
						"2.3333": {
							"post": [-60.28, 0, 0],
							"lerp_mode": "catmullrom"
						},
						"2.6667": {
							"post": [-17.50049, 0, 0],
							"lerp_mode": "catmullrom"
						}
					}
				},
				"foot_left": {
					"rotation": {
						"0.0": {
							"post": [15.71442, 0, 0],
							"lerp_mode": "catmullrom"
						},
						"0.6667": {
							"post": [-23.79, 3, 5],
							"lerp_mode": "catmullrom"
						},
						"0.8333": {
							"post": [3.72, 9, 10],
							"lerp_mode": "catmullrom"
						},
						"1.0": {
							"post": [12.09, 0, 11],
							"lerp_mode": "catmullrom"
						},
						"1.25": {
							"post": [2.2, 0, 0],
							"lerp_mode": "catmullrom"
						},
						"1.3333": {
							"post": [15.71442, 0, 0],
							"lerp_mode": "catmullrom"
						},
						"2.0": {
							"post": [-23.79, 3, 5],
							"lerp_mode": "catmullrom"
						},
						"2.1667": {
							"post": [3.72, 9, 10],
							"lerp_mode": "catmullrom"
						},
						"2.3333": {
							"post": [12.09, 0, 11],
							"lerp_mode": "catmullrom"
						},
						"2.5833": {
							"post": [2.2, 0, 0],
							"lerp_mode": "catmullrom"
						},
						"2.6667": {
							"post": [15.71442, 0, 0],
							"lerp_mode": "catmullrom"
						}
					},
					"position": {
						"0.0": [0.01286, 0, 0],
						"1.3333": [0.01286, 0, 0],
						"2.6667": [0.01286, 0, 0]
					}
				},
				"leg_right2": {
					"rotation": {
						"0.0": {
							"post": [-17.5, 0, 0],
							"lerp_mode": "catmullrom"
						},
						"0.3333": {
							"post": [-60.28, 0, 0],
							"lerp_mode": "catmullrom"
						},
						"0.6667": {
							"post": [-17.50049, 0, 0],
							"lerp_mode": "catmullrom"
						},
						"1.3333": {
							"post": [-17.5, 0, 0],
							"lerp_mode": "catmullrom"
						},
						"1.6667": {
							"post": [-60.28, 0, 0],
							"lerp_mode": "catmullrom"
						},
						"2.0": {
							"post": [-17.50049, 0, 0],
							"lerp_mode": "catmullrom"
						},
						"2.6667": {
							"post": [-17.5, 0, 0],
							"lerp_mode": "catmullrom"
						}
					}
				},
				"torso2": {
					"rotation": [11.7321, 0, 0],
					"position": [0, 0, -0.06428]
				},
				"foot_right": {
					"rotation": {
						"0.0": {
							"post": [-23.79, -3, -5],
							"lerp_mode": "catmullrom"
						},
						"0.1667": {
							"post": [3.72, -9, -10],
							"lerp_mode": "catmullrom"
						},
						"0.3333": {
							"post": [12.09, 0, -11],
							"lerp_mode": "catmullrom"
						},
						"0.5833": {
							"post": [2.2, 0, 0],
							"lerp_mode": "catmullrom"
						},
						"0.6667": {
							"post": [15.71442, 0, 0],
							"lerp_mode": "catmullrom"
						},
						"1.3333": {
							"post": [-23.79, -3, -5],
							"lerp_mode": "catmullrom"
						},
						"1.5": {
							"post": [3.72, -9, -10],
							"lerp_mode": "catmullrom"
						},
						"1.6667": {
							"post": [12.09, 0, -11],
							"lerp_mode": "catmullrom"
						},
						"1.9167": {
							"post": [2.2, 0, 0],
							"lerp_mode": "catmullrom"
						},
						"2.0": {
							"post": [15.71442, 0, 0],
							"lerp_mode": "catmullrom"
						},
						"2.6667": {
							"post": [-23.79, -3, -5],
							"lerp_mode": "catmullrom"
						}
					},
					"position": {
						"0.0": [-0.01, 0, 0],
						"0.6667": [-0.01286, 0, 0],
						"2.0": [-0.01286, 0, 0],
						"2.6667": [-0.01, 0, 0]
					}
				},
				"toe_middle_right": {
					"rotation": {
						"0.0": {
							"post": [0, 0, 0],
							"lerp_mode": "catmullrom"
						},
						"0.1667": {
							"post": [-23, 0, 0],
							"lerp_mode": "catmullrom"
						},
						"0.3333": {
							"post": [18, 0, 0],
							"lerp_mode": "catmullrom"
						},
						"0.6667": {
							"post": [0, 0, 0],
							"lerp_mode": "catmullrom"
						},
						"1.3333": {
							"post": [0, 0, 0],
							"lerp_mode": "catmullrom"
						},
						"1.5": {
							"post": [-23, 0, 0],
							"lerp_mode": "catmullrom"
						},
						"1.6667": {
							"post": [18, 0, 0],
							"lerp_mode": "catmullrom"
						},
						"2.0": {
							"post": [0, 0, 0],
							"lerp_mode": "catmullrom"
						},
						"2.6667": {
							"post": [0, 0, 0],
							"lerp_mode": "catmullrom"
						}
					}
				},
				"toe_middle_left": {
					"rotation": {
						"0.0": {
							"post": [0, 0, 0],
							"lerp_mode": "catmullrom"
						},
						"0.6667": {
							"post": [0, 0, 0],
							"lerp_mode": "catmullrom"
						},
						"0.8333": {
							"post": [-23, 0, 0],
							"lerp_mode": "catmullrom"
						},
						"1.0": {
							"post": [18, 0, 0],
							"lerp_mode": "catmullrom"
						},
						"1.3333": {
							"post": [0, 0, 0],
							"lerp_mode": "catmullrom"
						},
						"2.0": {
							"post": [0, 0, 0],
							"lerp_mode": "catmullrom"
						},
						"2.1667": {
							"post": [-23, 0, 0],
							"lerp_mode": "catmullrom"
						},
						"2.3333": {
							"post": [18, 0, 0],
							"lerp_mode": "catmullrom"
						},
						"2.6667": {
							"post": [0, 0, 0],
							"lerp_mode": "catmullrom"
						}
					}
				},
				"toe_middle_left2": {
					"rotation": {
						"0.0": [0, 0, 0],
						"0.6667": [0, 0, 0],
						"0.9167": [0, 0, 0],
						"1.1667": [23, 0, 0],
						"1.3333": [0, 0, 0],
						"2.0": [0, 0, 0],
						"2.25": [0, 0, 0],
						"2.5": [23, 0, 0],
						"2.6667": [0, 0, 0]
					}
				},
				"toe_outer_left2": {
					"rotation": {
						"0.0": [0, 0, 0],
						"0.6667": [0, 0, 0],
						"0.9167": [0, 0, 0],
						"1.1667": [23, 0, 0],
						"1.3333": [0, 0, 0],
						"2.0": [0, 0, 0],
						"2.25": [0, 0, 0],
						"2.5": [23, 0, 0],
						"2.6667": [0, 0, 0]
					}
				},
				"toe_middle_right2": {
					"rotation": {
						"0.0": [0, 0, 0],
						"0.25": [0, 0, 0],
						"0.5": [23, 0, 0],
						"0.6667": [0, 0, 0],
						"1.3333": [0, 0, 0],
						"1.5833": [0, 0, 0],
						"1.8333": [23, 0, 0],
						"2.0": [0, 0, 0],
						"2.6667": [0, 0, 0]
					}
				},
				"toe_outer_right_rotation": {
					"rotation": {
						"0.0": {
							"post": [0, 0, 0],
							"lerp_mode": "catmullrom"
						},
						"0.1667": {
							"post": [-10.5, 0, 0],
							"lerp_mode": "catmullrom"
						},
						"0.3333": {
							"post": [18, 0, 0],
							"lerp_mode": "catmullrom"
						},
						"0.6667": {
							"post": [0, 0, 0],
							"lerp_mode": "catmullrom"
						},
						"1.3333": {
							"post": [0, 0, 0],
							"lerp_mode": "catmullrom"
						},
						"1.5": {
							"post": [-10.5, 0, 0],
							"lerp_mode": "catmullrom"
						},
						"1.6667": {
							"post": [18, 0, 0],
							"lerp_mode": "catmullrom"
						},
						"2.0": {
							"post": [0, 0, 0],
							"lerp_mode": "catmullrom"
						},
						"2.6667": {
							"post": [0, 0, 0],
							"lerp_mode": "catmullrom"
						}
					}
				},
				"toe_outer_right2": {
					"rotation": {
						"0.0": [0, 0, 0],
						"0.25": [0, 0, 0],
						"0.5": [23, 0, 0],
						"0.6667": [0, 0, 0],
						"1.3333": [0, 0, 0],
						"1.5833": [0, 0, 0],
						"1.8333": [23, 0, 0],
						"2.0": [0, 0, 0],
						"2.6667": [0, 0, 0]
					}
				},
				"tail_feather2": {
					"rotation": ["math.sin(q.anim_time*90*6-200)*-1", "math.sin(q.anim_time*90*3-160)*-10", 0]
				},
				"tail_feather3": {
					"rotation": ["math.sin(q.anim_time*90*6-240)*-8", "math.sin(q.anim_time*90*3-190)*-10", 0]
				}
			}
		},
		"animation.airaptor.battle_idle": {
			"loop": true,
			"bones": {
				"arm_right": {
					"rotation": ["1.045+math.sin(q.anim_time*90*3)*-12", "12.5692+math.sin(q.anim_time*90*3+30)*-2", "1.0053+math.sin(q.anim_time*90*3-110)*12"]
				},
				"arm_right2": {
					"rotation": [0, "-32+math.sin(q.anim_time*90*3-60)*7", "4+math.sin(q.anim_time*90*3-100)*8"]
				},
				"arm_right3": {
					"rotation": [-15.93352, "-36.7742+math.sin(q.anim_time*90*3-100)*7", "10.6888+math.sin(q.anim_time*90*3-130)*16"],
					"position": [0.3, 0, 0]
				},
				"finger_right1": {
					"rotation": ["math.sin(q.anim_time*90*3-130)*-16", 0, -12.5]
				},
				"finger_right2": {
					"rotation": ["math.sin(q.anim_time*90*3-130)*-15", 0, 22.5]
				},
				"arm_left": {
					"rotation": ["1.045+math.sin(q.anim_time*90*3)*-12", "-12.5692+math.sin(q.anim_time*90*3+30)*2", "-1.0053+math.sin(q.anim_time*90*3-110)*-12"]
				},
				"arm_left2": {
					"rotation": [0, "32+math.sin(q.anim_time*90*3-60)*-7", "-4+math.sin(q.anim_time*90*3-100)*-8"]
				},
				"arm_left3": {
					"rotation": [-17.42375, "41.5644+math.sin(q.anim_time*90*3-100)*-7", "-12.7562+math.sin(q.anim_time*90*3-130)*-16"],
					"position": [-0.3, 0, 0]
				},
				"finger_left1": {
					"rotation": ["math.sin(q.anim_time*90*3-130)*-16", 0, 12.5]
				},
				"finger_left2": {
					"rotation": ["math.sin(q.anim_time*90*3-130)*-15", 0, -22.5]
				},
				"tail": {
					"rotation": ["10+math.sin(q.anim_time*90*3-100)*-6", "math.sin(q.anim_time*90*1.5-40)*-4", 0]
				},
				"tail2": {
					"rotation": ["10+math.sin(q.anim_time*90*3-130)*-9", "math.sin(q.anim_time*90*1.5-80)*-8", 0]
				},
				"tail3": {
					"rotation": ["10+math.sin(q.anim_time*90*3-160)*-12", "math.sin(q.anim_time*90*1.5-120)*-14", 0]
				},
				"neck": {
					"rotation": ["12.5+math.sin(q.anim_time*90*3-100)*-9", 0, 0]
				},
				"head": {
					"rotation": ["-5+math.sin(q.anim_time*90*3-120)*12", 0, 0]
				},
				"leg_right": {
					"rotation": ["math.sin(q.anim_time*90*3+40)*-5+5", 30, 0],
					"position": [-1, "math.sin(q.anim_time*90*3+40)*0.1-0.1", "math.sin(q.anim_time*90*3+40)*-0.03"]
				},
				"toe_outer_right_rotation": {
					"rotation": [0, -5, 0]
				},
				"leg_left": {
					"rotation": ["math.sin(q.anim_time*90*3+40)*-5+5", -30, 0],
					"position": [1, "math.sin(q.anim_time*90*3+40)*0.1-0.1", "math.sin(q.anim_time*90*3+40)*-0.03"]
				},
				"toe_outer_left_rotation": {
					"rotation": [0, 5, 0]
				},
				"torso": {
					"position": [0, "math.sin(q.anim_time*90*3-30)*0.1", 0]
				},
				"neck_fur": {
					"rotation": ["math.sin(q.anim_time*90*3-90)*-1", 0, 0]
				},
				"tail_feather": {
					"rotation": ["math.sin(q.anim_time*90*3-190)*-15", 0, 0]
				},
				"leg_left2": {
					"rotation": ["math.sin(q.anim_time*90*3+40)*7-7", 0, 0]
				},
				"foot_left": {
					"rotation": ["math.sin(q.anim_time*90*3+40)*-2+2", 0, 0],
					"position": ["-(math.sin(q.anim_time*90*3+40)*-0.02)", 0, 0]
				},
				"leg_right2": {
					"rotation": ["math.sin(q.anim_time*90*3+40)*7-7", 0, 0]
				},
				"foot_right": {
					"rotation": ["math.sin(q.anim_time*90*3+40)*-2+2", 0, 0],
					"position": ["math.sin(q.anim_time*90*3+40)*-0.02", 0, 0]
				},
				"torso2": {
					"rotation": ["-7.5+math.sin(q.anim_time*90*3-60)*-7", "math.sin(q.anim_time*90*1.5)*-2", 0],
					"position": [0, 0, "math.sin(q.anim_time*90*3-40)*0.2"]
				},
				"tail_feather2": {
					"rotation": ["math.sin(q.anim_time*90*3-220)*-2", "math.sin(q.anim_time*90*1.5-180)*-18", 0]
				},
				"tail_feather3": {
					"rotation": ["math.sin(q.anim_time*90*3-260)*-10", "math.sin(q.anim_time*90*1.5-210)*-22", 0]
				},
				"tongue": {
					"rotation": ["math.sin(q.anim_time*90*3+30)*-2-1", 0, 0]
				}
			}
		},
		"animation.airaptor.sleep": {
			"loop": true,
			"animation_length": 4,
			"bones": {
				"body": {
					"rotation": [0, -25, 0],
					"position": [0, -4, 0]
				},
				"torso2": {
					"rotation": ["-2.5+math.sin(q.anim_time*90*1)*-1", 0, -1],
					"position": [0, "math.sin(q.anim_time*90*1+90)*0.1", 0]
				},
				"arm_left": {
					"rotation": [-4, "-58+math.sin(q.anim_time*90*1-30)*-3", 69],
					"position": [0, 0.25, -0.75]
				},
				"arm_left2": {
					"rotation": [-170, "29+math.sin(q.anim_time*90*1-50)*-5", -171],
					"position": [1.25, 0.1, -1.45]
				},
				"arm_left3": {
					"rotation": [117, "-67+math.sin(q.anim_time*90*1-100)*8", -115],
					"position": [1.25, 0, -1.75]
				},
				"finger_left1": {
					"rotation": [57.5, 0, 0]
				},
				"finger_left2": {
					"rotation": [55, 0, 0]
				},
				"arm_right": {
					"rotation": [-4, "58+math.sin(q.anim_time*90*1-30)*3", -69],
					"position": [0, 0.25, -0.75]
				},
				"arm_right2": {
					"rotation": [-170, "-29+math.sin(q.anim_time*90*1-50)*5", 171],
					"position": [-1.25, 0.1, -1.45]
				},
				"arm_right3": {
					"rotation": [117, "67+math.sin(q.anim_time*90*1-100)*-8", 115],
					"position": [-1.25, 0, -1.75]
				},
				"finger_right1": {
					"rotation": [57.5, 0, 0]
				},
				"finger_right2": {
					"rotation": [55, 0, 0]
				},
				"neck_fur": {
					"rotation": ["math.sin(q.anim_time*90*1-90)*-1", 0, 0]
				},
				"neck": {
					"rotation": ["25+math.sin(q.anim_time*90*1-30)*-2", -9.5, -8.5]
				},
				"head": {
					"rotation": ["20+math.sin(q.anim_time*90*1-60)*-3", -2, 4]
				},
				"eyelid_left": {
					"position": [0.1, 0, 0]
				},
				"eyelid_right": {
					"position": [-0.1, 0, 0]
				},
				"jaw": {
					"rotation": ["9+math.sin(q.anim_time*90*1-10)*5", 0, 0]
				},
				"tongue": {
					"rotation": ["0+math.sin(q.anim_time*90*1-40)*2-1", 0, 0]
				},
				"tail": {
					"rotation": ["-14.8724+math.sin(q.anim_time*90*1-60)*3", "-12.034+math.cos(q.anim_time*90*1)*-2", 1.11599]
				},
				"tail2": {
					"rotation": ["-8+math.sin(q.anim_time*90*1-110)*4", "-15+math.cos(q.anim_time*90*1-80)*-6", 2]
				},
				"tail3": {
					"rotation": ["math.sin(q.anim_time*90*1-160)*5", "-37.5+math.cos(q.anim_time*90*1-100)*-9", 0]
				},
				"tail_feather": {
					"rotation": ["-2+math.sin(q.anim_time*90*1-200)*5", -5, "45+math.cos(q.anim_time*90*1)*8"]
				},
				"tail_feather2": {
					"rotation": ["math.sin(q.anim_time*90*1-250)*6", -10, 0]
				},
				"tail_feather3": {
					"rotation": ["math.sin(q.anim_time*90*1-250)*8", -10, 0]
				},
				"legs": {
					"position": [0, 0, -0.75]
				},
				"leg_left": {
					"rotation": [28.70336, -19.10653, 9.60933],
					"position": [0, -0.25, 0]
				},
				"leg_left2": {
					"rotation": [-115, 0, 0]
				},
				"foot_left": {
					"rotation": [78.72109, 1.37238, -0.47773],
					"position": [0, -0.75, -0.05]
				},
				"toe_middle_left": {
					"rotation": [14.36497, -0.2795, -0.67077]
				},
				"toe_middle_left2": {
					"rotation": [22.5, 0, 0]
				},
				"toe_outer_left_rotation": {
					"rotation": [15, 12.5, 0]
				},
				"toe_outer_left2": {
					"rotation": [12.5, 0, 0]
				},
				"leg_right": {
					"rotation": [28.70336, 19.10653, -9.60933],
					"position": [0, -0.25, 0]
				},
				"leg_right2": {
					"rotation": [-115, 0, 0]
				},
				"foot_right": {
					"rotation": [78.72109, -1.37238, 0.47773],
					"position": [0, -0.75, -0.05]
				},
				"toe_middle_right": {
					"rotation": [14.36497, 0.2795, 0.67077]
				},
				"toe_middle_right2": {
					"rotation": [22.5, 0, 0]
				},
				"toe_outer_right_rotation": {
					"rotation": [15, -12.5, 0]
				},
				"toe_outer_right2": {
					"rotation": [12.5, 0, 0]
				}
			}
		},
		"animation.airaptor.cry": {
			"animation_length": 1.5,
			"bones": {
				"torso2": {
					"rotation": {
						"0.0": {
							"post": [0, 0, 0],
							"lerp_mode": "catmullrom"
						},
						"0.125": {
							"post": [-8, 0, 0],
							"lerp_mode": "catmullrom"
						},
						"0.4167": {
							"post": [19, 0, 0],
							"lerp_mode": "catmullrom"
						},
						"1.0": {
							"post": [0, 0, 0],
							"lerp_mode": "catmullrom"
						}
					}
				},
				"arm_left": {
					"rotation": [0, 0, 30],
					"position": [-1, 0, 0]
				},
				"arm_left3": {
					"rotation": [0, 85, 0],
					"position": [-1, 0, 0]
				},
				"arm_right": {
					"rotation": [0, 0, -40],
					"position": [1, 0, 0]
				},
				"arm_right3": {
					"rotation": [0, -92.5, 0],
					"position": [1, 0, 1]
				},
				"neck": {
					"rotation": {
						"0.0": {
							"post": [0, 0, 0],
							"lerp_mode": "catmullrom"
						},
						"0.125": {
							"post": [-3, 0, 0],
							"lerp_mode": "catmullrom"
						},
						"0.375": {
							"post": [9.51, 0, 0],
							"lerp_mode": "catmullrom"
						},
						"0.6667": {
							"post": [9.51, 0, 0],
							"lerp_mode": "catmullrom"
						},
						"1.0": {
							"post": [0, 0, 0],
							"lerp_mode": "catmullrom"
						}
					}
				},
				"head": {
					"rotation": {
						"0.0": {
							"post": [0, 0, 0],
							"lerp_mode": "catmullrom"
						},
						"0.1667": {
							"post": [7.5, 0, 0],
							"lerp_mode": "catmullrom"
						},
						"0.4583": {
							"post": [-35, 0, 0],
							"lerp_mode": "catmullrom"
						},
						"0.7917": {
							"post": [-7.5, 0, 0],
							"lerp_mode": "catmullrom"
						},
						"1.0": {
							"post": [0, 0, 0],
							"lerp_mode": "catmullrom"
						}
					}
				},
				"jaw": {
					"rotation": {
						"0.125": {
							"pre": [0, 0, 0],
							"post": [0, 0, 0],
							"lerp_mode": "catmullrom"
						},
						"0.375": {
							"post": [52.5, 0, 0],
							"lerp_mode": "catmullrom"
						},
						"0.5833": {
							"post": [52.5, 0, 0],
							"lerp_mode": "catmullrom"
						},
						"0.875": {
							"post": [0, 0, 0],
							"lerp_mode": "catmullrom"
						}
					}
				},
				"tail": {
					"rotation": {
						"0.0": {
							"post": [0, 0, 0],
							"lerp_mode": "catmullrom"
						},
						"0.375": {
							"post": [-8, 0, 0],
							"lerp_mode": "catmullrom"
						},
						"0.625": {
							"post": [10, 0, 0],
							"lerp_mode": "catmullrom"
						},
						"1.0": {
							"post": [0, 0, 0],
							"lerp_mode": "catmullrom"
						}
					}
				},
				"tail2": {
					"rotation": {
						"0.0417": {
							"pre": [0, 0, 0],
							"post": [0, 0, 0],
							"lerp_mode": "catmullrom"
						},
						"0.3333": {
							"post": [-26.5, 0, 0],
							"lerp_mode": "catmullrom"
						},
						"0.7083": {
							"post": [10, 0, 0],
							"lerp_mode": "catmullrom"
						},
						"1.125": {
							"post": [0, 0, 0],
							"lerp_mode": "catmullrom"
						}
					}
				},
				"tail3": {
					"rotation": {
						"0.0833": {
							"pre": [0, 0, 0],
							"post": [0, 0, 0],
							"lerp_mode": "catmullrom"
						},
						"0.3333": {
							"post": [-25, 0, 0],
							"lerp_mode": "catmullrom"
						},
						"0.6667": {
							"post": [5, 0, 0],
							"lerp_mode": "catmullrom"
						},
						"1.1667": {
							"post": [0, 0, 0],
							"lerp_mode": "catmullrom"
						}
					}
				},
				"tail_feather": {
					"rotation": {
						"0.0": {
							"post": [0, 0, 0],
							"lerp_mode": "catmullrom"
						},
						"0.1667": {
							"post": [2.5, 0, 0],
							"lerp_mode": "catmullrom"
						},
						"0.375": {
							"post": [-15, 0, 0],
							"lerp_mode": "catmullrom"
						},
						"0.75": {
							"post": [2.5, 0, 0],
							"lerp_mode": "catmullrom"
						},
						"1.2083": {
							"post": [0, 0, 0],
							"lerp_mode": "catmullrom"
						}
					}
				},
				"tail_feather2": {
					"rotation": {
						"0.0": {
							"post": [0, 0, 0],
							"lerp_mode": "catmullrom"
						},
						"0.2083": {
							"post": [-5, 0, 0],
							"lerp_mode": "catmullrom"
						},
						"0.5": {
							"post": [-10, 0, 0],
							"lerp_mode": "catmullrom"
						},
						"0.7917": {
							"post": [7.5, 0, 0],
							"lerp_mode": "catmullrom"
						},
						"1.25": {
							"post": [0, 0, 0],
							"lerp_mode": "catmullrom"
						}
					}
				},
				"tail_feather3": {
					"rotation": {
						"0.0": {
							"post": [0, 0, 0],
							"lerp_mode": "catmullrom"
						},
						"0.25": {
							"post": [10, 0, 0],
							"lerp_mode": "catmullrom"
						},
						"0.5": {
							"post": [-18.73, 0, 0],
							"lerp_mode": "catmullrom"
						},
						"0.8333": {
							"post": [1.77, 0, 0],
							"lerp_mode": "catmullrom"
						},
						"1.2917": {
							"post": [0, 0, 0],
							"lerp_mode": "catmullrom"
						}
					}
				},
				"tongue": {
					"rotation": {
						"0.2083": [-10, 0, 0],
						"0.4167": {
							"pre": [0.5, 0, 0],
							"post": [0.5, 0, 0],
							"lerp_mode": "catmullrom"
						},
						"0.5417": {
							"post": [-2.5, 0, 0],
							"lerp_mode": "catmullrom"
						},
						"0.75": [2.5, 0, 0]
					}
				},
				"neck_fur": {
					"rotation": {
						"0.0": {
							"post": [0, 0, 0],
							"lerp_mode": "catmullrom"
						},
						"0.1667": {
							"post": [2, 0, 0],
							"lerp_mode": "catmullrom"
						},
						"0.5": {
							"post": [-10, 0, 0],
							"lerp_mode": "catmullrom"
						},
						"1.0": {
							"post": [0, 0, 0],
							"lerp_mode": "catmullrom"
						},
						"1.4167": [0, 0, 0]
					}
				}
			}
		},
		"animation.airaptor.blink": {
			"animation_length": 0.1667,
			"bones": {
				"eyelid_left": {
					"position": {
						"0.0": [0.1, 0, 0],
						"0.125": [0.1, 0, 0],
						"0.1667": [0, 0, 0]
					}
				},
				"eyelid_right": {
					"position": {
						"0.0": [-0.1, 0, 0],
						"0.125": [-0.1, 0, 0],
						"0.1667": [0, 0, 0]
					}
				}
			}
		},
		"animation.airaptor.shoulder_right": {
			"loop": true,
			"bones": {
				"body": {
					"rotation": [0, 0, -7.5],
					"position": [-2.4, -4, 0.3]
				},
				"torso": {
					"position": [0, "math.sin(q.anim_time*90*2-30)*0.05", 0]
				},
				"torso2": {
					"rotation": ["-5+math.sin(q.anim_time*90*2-60)*-2", "math.sin(q.anim_time*90*1)*-1", 0]
				},
				"arm_left": {
					"rotation": [0, 0, 45],
					"position": [-2, 1, 0]
				},
				"arm_left2": {
					"rotation": [0, -82.5, 0],
					"position": [-1, 0, -2]
				},
				"arm_left3": {
					"rotation": [0, 160, 0],
					"position": [0, 0, -1]
				},
				"arm_right": {
					"rotation": [0, 27.5, -27.5],
					"position": [2, 0, 0]
				},
				"arm_right2": {
					"rotation": [0, -85, 0],
					"position": [-2, 0, 1]
				},
				"arm_right3": {
					"rotation": [0, -42.5, 0],
					"position": [1, 0, 0]
				},
				"neck": {
					"rotation": ["7.5+math.sin(q.anim_time*90*2-100)*-3", 0, 0]
				},
				"head": {
					"rotation": ["math.sin(q.anim_time*90*2-120)*4", "math.sin(q.anim_time*90*1+30)*2", 7.5]
				},
				"tail": {
					"rotation": ["-25+math.sin(q.anim_time*90*2-100)*-4", "-(math.sin(q.anim_time*90*1-40)*-4)", 0]
				},
				"tail2": {
					"rotation": ["-15.5+math.sin(q.anim_time*90*2-130)*-5", "-(math.sin(q.anim_time*90*1-80)*-6)", 0]
				},
				"tail3": {
					"rotation": ["-7.5+math.sin(q.anim_time*90*2-160)*-6", "-(math.sin(q.anim_time*90*1-130)*-8)", 0]
				},
				"tail_feather": {
					"rotation": ["math.sin(q.anim_time*90*2-190)*-8", 0, 0]
				},
				"tail_feather2": {
					"rotation": ["math.sin(q.anim_time*90*2-200)*-1", "math.sin(q.anim_time*90*1-160)*-10", 0]
				},
				"tail_feather3": {
					"rotation": ["math.sin(q.anim_time*90*2-240)*-8", "math.sin(q.anim_time*90*1-190)*-10", 0]
				},
				"leg_left": {
					"rotation": [7.47546, -7.99234, 0.35124],
					"position": [0, 0.25, 0]
				},
				"leg_left2": {
					"rotation": [-85, 0, 0]
				},
				"foot_left": {
					"rotation": [101.50149, -6.79144, 16.70906],
					"position": [0, -1.25, 0.25]
				},
				"toe_middle_left": {
					"rotation": [32.5, 0, 0]
				},
				"toe_middle_left2": {
					"rotation": [22.5, 0, 0]
				},
				"toe_outer_left_rotation": {
					"rotation": [32.5, 0, 0]
				},
				"toe_outer_left2": {
					"rotation": [22.5, 0, 0]
				},
				"leg_right": {
					"rotation": [12.56062, 12.48791, 0.55404],
					"position": [0.5, 0.25, 0]
				},
				"leg_right2": {
					"rotation": [-85.56255, 2.30644, -27.41063]
				},
				"foot_right": {
					"rotation": [102.5, 0, 0],
					"position": [0, -1.25, 0.25]
				},
				"toe_middle_right": {
					"rotation": [32.5, 0, 0]
				},
				"toe_middle_right2": {
					"rotation": [22.5, 0, 0]
				},
				"toe_outer_right_rotation": {
					"rotation": [32.5, 0, 0]
				},
				"toe_outer_right2": {
					"rotation": [22.5, 0, 0]
				}
			}
		},
		"animation.airaptor.shoulder_left": {
			"loop": true,
			"animation_length": 2.4583,
			"bones": {
				"body": {
					"rotation": [0, 0, 7.5],
					"position": [2.4, -4, 0.3]
				},
				"torso": {
					"position": [0, "math.sin(q.anim_time*90*2-30)*0.05", 0]
				},
				"torso2": {
					"rotation": ["-5+math.sin(q.anim_time*90*2-60)*-2", "-(math.sin(q.anim_time*90*1)*-1)", 0]
				},
				"arm_left": {
					"rotation": [8.23722, "-24.1435+math.sin(q.anim_time*90*2+30)*1", "67.7518+math.sin(q.anim_time*90*2-110)*-1"]
				},
				"arm_left2": {
					"rotation": [-4.50912, "48.3633+math.sin(q.anim_time*90*2-30)*-2", 0.66733]
				},
				"arm_left3": {
					"rotation": [-0.24529, "88.2626+math.sin(q.anim_time*90*2-60)*5", "0.953+math.sin(q.anim_time*90*2-140)*3"],
					"position": [-1.25, 0, -0.7]
				},
				"arm_right": {
					"rotation": [0, 7.5, -57.5],
					"position": [1, 0, 0]
				},
				"arm_right2": {
					"rotation": [0, -82.5, 0],
					"position": [-1, 0, 1]
				},
				"arm_right3": {
					"rotation": [0, 137.5, 0],
					"position": [-1, 0, 0]
				},
				"neck": {
					"rotation": ["7.5+math.sin(q.anim_time*90*2-100)*-3", 0, 0]
				},
				"head": {
					"rotation": ["math.sin(q.anim_time*90*2-120)*4", "-(math.sin(q.anim_time*90*1+30)*2)", -7.5]
				},
				"tail": {
					"rotation": ["-25+math.sin(q.anim_time*90*2-100)*-4", "math.sin(q.anim_time*90*1-40)*-4", 0]
				},
				"tail2": {
					"rotation": ["-15.5+math.sin(q.anim_time*90*2-130)*-5", "math.sin(q.anim_time*90*1-80)*-6", 0]
				},
				"tail3": {
					"rotation": ["-7.5+math.sin(q.anim_time*90*2-160)*-6", "math.sin(q.anim_time*90*1-130)*-8", 0]
				},
				"tail_feather": {
					"rotation": ["math.sin(q.anim_time*90*2-190)*-8", 0, 0]
				},
				"tail_feather2": {
					"rotation": ["math.sin(q.anim_time*90*2-200)*-1", "math.sin(q.anim_time*90*1-160)*-10", 0]
				},
				"tail_feather3": {
					"rotation": ["math.sin(q.anim_time*90*2-240)*-8", "math.sin(q.anim_time*90*1-190)*-10", 0]
				},
				"leg_left": {
					"rotation": [12.56062, -12.48791, -0.55404],
					"position": [-0.5, 0.25, 0]
				},
				"leg_left2": {
					"rotation": [-85.56255, -2.30644, 27.41063]
				},
				"foot_left": {
					"rotation": [102.5, 0, 0],
					"position": [0, -1.25, 0.25]
				},
				"toe_middle_left": {
					"rotation": [32.5, 0, 0]
				},
				"toe_middle_left2": {
					"rotation": [22.5, 0, 0]
				},
				"toe_outer_left_rotation": {
					"rotation": [32.5, 0, 0]
				},
				"toe_outer_left2": {
					"rotation": [22.5, 0, 0]
				},
				"leg_right": {
					"rotation": [7.47546, 7.99234, -0.35124],
					"position": [0, 0.25, 0]
				},
				"leg_right2": {
					"rotation": [-85, 0, 0]
				},
				"foot_right": {
					"rotation": [101.50149, 6.79144, -16.70906],
					"position": [0, -1.25, 0.25]
				},
				"toe_middle_right": {
					"rotation": [32.5, 0, 0]
				},
				"toe_middle_right2": {
					"rotation": [22.5, 0, 0]
				},
				"toe_outer_right_rotation": {
					"rotation": [32.5, 0, 0]
				},
				"toe_outer_right2": {
					"rotation": [22.5, 0, 0]
				}
			}
		},
		"animation.airaptor.walkspeedtest": {
			"loop": true,
			"bones": {
				"airaptor": {
					"position": [0, 0, "-q.anim_time*90*0.1"]
				}
			}
		}
	}
}