{
	"format_version": "1.12.0",
	"minecraft:geometry": [
		{
			"description": {
				"identifier": "geometry.xuehu_max",
				"texture_width": 256,
				"texture_height": 256,
				"visible_bounds_width": 9,
				"visible_bounds_height": 4.5,
				"visible_bounds_offset": [0, 1.75, 0]
			},
			"bones": [
				{
					"name": "xue_hu",
					"pivot": [0, 0, 0]
				},
				{
					"name": "body",
					"parent": "xue_hu",
					"pivot": [0, 0, 0]
				},
				{
					"name": "leg",
					"parent": "body",
					"pivot": [-6.5, 23.5, -1],
					"cubes": [
						{"origin": [-10, 12, -6], "size": [7, 15, 10], "uv": [78, 67]}
					]
				},
				{
					"name": "knee",
					"parent": "leg",
					"pivot": [-6.5, 11.75, 1.25],
					"cubes": [
						{"origin": [-9.5, 4, -6], "size": [6, 8, 8], "uv": [112, 65]},
						{"origin": [-6.5, 4, 2], "size": [0, 7, 5], "uv": [30, 152]}
					]
				},
				{
					"name": "foot",
					"parent": "knee",
					"pivot": [-6.41429, 4.21429, -4.28571],
					"cubes": [
						{"origin": [-10, 0, -8], "size": [7, 4, 9], "uv": [104, 109]}
					]
				},
				{
					"name": "toes",
					"parent": "foot",
					"pivot": [-6.4, 1.08333, -8.25],
					"cubes": [
						{"origin": [-10, 0, -10], "size": [7, 3, 2], "uv": [144, 87]},
						{"origin": [-10, 0, -11], "size": [1, 2, 1], "uv": [140, 135]},
						{"origin": [-8.3, 0, -11], "size": [1, 2, 1], "uv": [140, 78]},
						{"origin": [-6.8, 0, -11], "size": [1, 2, 1], "uv": [130, 105]},
						{"origin": [-5.3, 0, -11], "size": [1, 2, 1], "uv": [142, 101]},
						{"origin": [-4, 0, -11], "size": [1, 2, 1], "uv": [144, 135]}
					]
				},
				{
					"name": "leg4",
					"parent": "body",
					"pivot": [-5, 19.8188, 14.01689],
					"cubes": [
						{"origin": [-9, 10.35764, 8.36099], "size": [8, 13, 10], "inflate": 0.01, "pivot": [-5.75, 9.32692, 13.24408], "rotation": [-5, 0, 0], "uv": [36, 92]}
					]
				},
				{
					"name": "knee4",
					"parent": "leg4",
					"pivot": [-5.75, 11.23975, 8.83764],
					"cubes": [
						{"origin": [-6.5, 5, 16], "size": [0, 7, 5], "uv": [40, 152]},
						{"origin": [-9, 4, 9], "size": [8, 8, 8], "pivot": [-5.75, 9.32692, 13.24408], "rotation": [7.5, 0, 0], "uv": [94, 20]}
					]
				},
				{
					"name": "foot4",
					"parent": "knee4",
					"pivot": [-5.41429, 4.1187, 13.10304],
					"cubes": [
						{"origin": [-9, 0, 7], "size": [7, 4, 9], "inflate": 0.01, "pivot": [-4.75, 9.32692, 13.24408], "rotation": [2.5, 0, 0], "uv": [72, 109], "mirror": true}
					]
				},
				{
					"name": "toes4",
					"parent": "foot4",
					"pivot": [-5.4, 0.98333, 7.15],
					"cubes": [
						{"origin": [-5.8, -0.1, 4.4], "size": [1, 2, 1], "uv": [122, 105], "mirror": true},
						{"origin": [-7.3, -0.1, 4.4], "size": [1, 2, 1], "uv": [126, 105], "mirror": true},
						{"origin": [-9, -0.1, 4.4], "size": [1, 2, 1], "uv": [40, 89], "mirror": true},
						{"origin": [-4.3, -0.1, 4.4], "size": [1, 2, 1], "uv": [30, 112], "mirror": true},
						{"origin": [-3, -0.1, 4.4], "size": [1, 2, 1], "uv": [36, 89], "mirror": true},
						{"origin": [-9, -0.1, 5.4], "size": [7, 3, 2], "uv": [90, 149], "mirror": true}
					]
				},
				{
					"name": "leg2",
					"parent": "body",
					"pivot": [6.5, 22.5, -1],
					"cubes": [
						{"origin": [3, 12, -6], "size": [7, 15, 10], "uv": [44, 67]}
					]
				},
				{
					"name": "knee2",
					"parent": "leg2",
					"pivot": [6.5, 11.75, 1.25],
					"cubes": [
						{"origin": [3.5, 4, -6], "size": [6, 8, 8], "uv": [30, 115]},
						{"origin": [6.5, 4, 2], "size": [0, 7, 5], "uv": [108, 152]}
					]
				},
				{
					"name": "foot2",
					"parent": "knee2",
					"pivot": [6.41429, 4.21429, -4.28571],
					"cubes": [
						{"origin": [3, 0, -8], "size": [7, 4, 9], "uv": [110, 92]}
					]
				},
				{
					"name": "toes2",
					"parent": "foot2",
					"pivot": [6.4, 1.08333, -8.25],
					"cubes": [
						{"origin": [3, 0, -10], "size": [7, 3, 2], "uv": [152, 16]},
						{"origin": [4.3, 0, -11], "size": [1, 2, 1], "uv": [154, 42]},
						{"origin": [3, 0, -11], "size": [1, 2, 1], "uv": [154, 45]},
						{"origin": [7.3, 0, -11], "size": [1, 2, 1], "uv": [154, 36]},
						{"origin": [5.8, 0, -11], "size": [1, 2, 1], "uv": [150, 101]},
						{"origin": [9, 0, -11], "size": [1, 2, 1], "uv": [154, 39]}
					]
				},
				{
					"name": "leg3",
					"parent": "body",
					"pivot": [5, 19.8188, 14.01689],
					"cubes": [
						{"origin": [1, 10.35764, 8.36099], "size": [8, 13, 10], "inflate": 0.01, "pivot": [5.75, 9.32692, 13.24408], "rotation": [-5, 0, 0], "uv": [0, 80]}
					]
				},
				{
					"name": "knee3",
					"parent": "leg3",
					"pivot": [5.75, 11.23975, 8.83764],
					"cubes": [
						{"origin": [1, 4, 9], "size": [8, 8, 8], "pivot": [5.75, 9.32692, 13.24408], "rotation": [7.5, 0, 0], "uv": [94, 36]},
						{"origin": [6.5, 5, 16], "size": [0, 7, 5], "uv": [20, 152]}
					]
				},
				{
					"name": "foot3",
					"parent": "knee3",
					"pivot": [5.41429, 4.1187, 13.10304],
					"cubes": [
						{"origin": [2, 0, 7], "size": [7, 4, 9], "inflate": 0.01, "pivot": [4.75, 9.32692, 13.24408], "rotation": [2.5, 0, 0], "uv": [72, 109]}
					]
				},
				{
					"name": "toes3",
					"parent": "foot3",
					"pivot": [5.4, 0.98333, 7.15],
					"cubes": [
						{"origin": [2, -0.1, 4.4], "size": [1, 2, 1], "uv": [36, 89]},
						{"origin": [8, -0.1, 4.4], "size": [1, 2, 1], "uv": [40, 89]},
						{"origin": [3.3, -0.1, 4.4], "size": [1, 2, 1], "uv": [30, 112]},
						{"origin": [4.8, -0.1, 4.4], "size": [1, 2, 1], "uv": [122, 105]},
						{"origin": [6.3, -0.1, 4.4], "size": [1, 2, 1], "uv": [126, 105]},
						{"origin": [2, -0.1, 5.4], "size": [7, 3, 2], "uv": [90, 149]}
					]
				},
				{
					"name": "torso",
					"parent": "body",
					"pivot": [0, 22.41439, 10.37484],
					"cubes": [
						{"origin": [-7, 20, 2], "size": [14, 13, 14], "pivot": [1, 16, -1], "rotation": [-12.5, 0, 0], "uv": [0, 31]},
						{"origin": [-3.5, 28.08551, -0.85358], "size": [7, 3, 10], "pivot": [0.5, 17.08551, 9.14642], "rotation": [-25, 0, 0], "uv": [94, 52]},
						{"origin": [-3.5, 38.24048, 19.76254], "size": [7, 0, 7], "pivot": [0.5, 21.24048, 20.76254], "rotation": [60, 0, 0], "uv": [126, 22]},
						{"origin": [-3.5, 37.24048, 22.76254], "size": [7, 0, 7], "pivot": [0.5, 20.24048, 23.76254], "rotation": [60, 0, 0], "uv": [126, 22]},
						{"origin": [-3.5, 35.24048, 24.76254], "size": [7, 0, 7], "pivot": [0.5, 18.24048, 25.76254], "rotation": [60, 0, 0], "uv": [126, 22]},
						{"origin": [13, 45.24048, 14.76254], "size": [7, 0, 7], "pivot": [17, 28.24048, 15.76254], "rotation": [0, 60, -90], "uv": [126, 22]}
					]
				},
				{
					"name": "tail",
					"parent": "torso",
					"pivot": [0, 27.26038, 18.7117],
					"cubes": [
						{"origin": [-2, 26.40272, 15.71555], "size": [4, 3, 6], "pivot": [1, 13.40272, 12.71555], "rotation": [-12.5, 0, 0], "uv": [92, 140]}
					]
				},
				{
					"name": "tail2",
					"parent": "tail",
					"pivot": [0, 25.96174, 24.56948],
					"cubes": [
						{"origin": [-2, 25.10409, 21.57333], "size": [4, 3, 6], "pivot": [1, 12.10409, 18.57333], "rotation": [-12.5, 0, 0], "uv": [24, 143]}
					]
				},
				{
					"name": "tail3",
					"parent": "tail2",
					"pivot": [0, 24.6631, 30.42725],
					"cubes": [
						{"origin": [-2, 23.80545, 27.4311], "size": [4, 3, 6], "pivot": [1, 10.80545, 24.4311], "rotation": [-12.5, 0, 0], "uv": [142, 92]}
					]
				},
				{
					"name": "tail4",
					"parent": "tail3",
					"pivot": [0, 23.36447, 36.28503],
					"cubes": [
						{"origin": [-2, 22.50681, 33.28888], "size": [4, 3, 6], "pivot": [1, 9.50681, 30.28888], "rotation": [-12.5, 0, 0], "uv": [144, 78]}
					]
				},
				{
					"name": "tail5",
					"parent": "tail4",
					"pivot": [0, 22.06583, 42.14281],
					"cubes": [
						{"origin": [-2, 21.20817, 39.14666], "size": [4, 3, 6], "pivot": [1, 8.20817, 36.14666], "rotation": [-12.5, 0, 0], "uv": [0, 147]}
					]
				},
				{
					"name": "tail6",
					"parent": "tail5",
					"pivot": [0, 21.14551, 47.95988],
					"cubes": [
						{"origin": [-1.5, 20.90954, 45.00443], "size": [3, 2, 9], "inflate": 0.01, "pivot": [0.5, 6.90954, 42.00443], "rotation": [-12.5, 0, 0], "uv": [87, 122]},
						{"origin": [0, 12.90954, 45.00443], "size": [0, 17, 19], "pivot": [1, 6.90954, 42.00443], "rotation": [-12.5, 0, 0], "uv": [56, 31]}
					]
				},
				{
					"name": "uppertorso",
					"parent": "torso",
					"pivot": [0, 29.93253, 5.99293],
					"cubes": [
						{"origin": [-8, 15, -8], "size": [16, 17, 14], "uv": [0, 0]},
						{"origin": [-3.5, 29, -9], "size": [7, 5, 15], "inflate": 0.01, "uv": [60, 0]},
						{"origin": [-3.5, 40.24048, 5.76254], "size": [7, 0, 7], "pivot": [0.5, 23.24048, 6.76254], "rotation": [60, 0, 0], "uv": [126, 22]},
						{"origin": [-3.5, 42.24048, 8.76254], "size": [7, 0, 7], "pivot": [0.5, 25.24048, 9.76254], "rotation": [60, 0, 0], "uv": [126, 22]},
						{"origin": [-3.5, 42.24048, 11.76254], "size": [7, 0, 7], "pivot": [0.5, 25.24048, 12.76254], "rotation": [60, 0, 0], "uv": [126, 22]},
						{"origin": [-3.5, 42.24048, 14.76254], "size": [7, 0, 7], "pivot": [0.5, 25.24048, 15.76254], "rotation": [60, 0, 0], "uv": [126, 22]},
						{"origin": [-3.5, 40.24048, 16.76254], "size": [7, 0, 7], "pivot": [0.5, 23.24048, 17.76254], "rotation": [60, 0, 0], "uv": [126, 22]}
					]
				},
				{
					"name": "wing",
					"parent": "uppertorso",
					"pivot": [-4.84128, 31.78911, -0.5],
					"cubes": [
						{"origin": [-7, 32, -3], "size": [4, 9, 5], "pivot": [1, 31, 7], "rotation": [0, 0, -15], "uv": [112, 138]},
						{"origin": [-18, 32, -0.5], "size": [11, 9, 0], "inflate": 0.01, "pivot": [1, 31, 8.5], "rotation": [0, 0, -15], "uv": [70, 140]}
					]
				},
				{
					"name": "wing2",
					"parent": "wing",
					"pivot": [-7.65362, 39.35303, -0.5],
					"cubes": [
						{"origin": [-9.32937, 40.69333, -3], "size": [4, 9, 5], "pivot": [-1.32937, 39.69333, 7], "rotation": [0, 0, -15], "uv": [130, 138]},
						{"origin": [-22.32937, 40.69333, -0.5], "size": [13, 9, 0], "pivot": [-1.32937, 39.69333, 8.5], "rotation": [0, 0, -15], "uv": [126, 13]}
					]
				},
				{
					"name": "wing3",
					"parent": "wing2",
					"pivot": [-9.64181, 47.31229, -0.6],
					"cubes": [
						{"origin": [-8.72937, 48.99333, -2.6], "size": [3, 11, 4], "pivot": [-1.72937, 38.99333, 6.4], "rotation": [0, 0, -15], "uv": [148, 130]},
						{"origin": [-24.72937, 48.99333, -0.6], "size": [16, 11, 0], "pivot": [-1.72937, 38.99333, 7.4], "rotation": [0, 0, -15], "uv": [112, 81]}
					]
				},
				{
					"name": "wing4",
					"parent": "wing3",
					"pivot": [-13.28141, 57.261, -0.85],
					"cubes": [
						{"origin": [-15.96894, 55.83072, -2.6], "size": [2, 11, 3], "inflate": 0.01, "pivot": [-18.36039, 63.90703, -0.85], "rotation": [0, 0, -15], "uv": [80, 149], "mirror": true},
						{"origin": [-29.96894, 55.83072, -0.6], "size": [14, 11, 0], "inflate": 0.01, "pivot": [-18.36039, 63.90703, -0.85], "rotation": [0, 0, -15], "uv": [58, 122], "mirror": true}
					]
				},
				{
					"name": "wing5",
					"parent": "wing4",
					"pivot": [-15.30307, 67.58833, -0.6],
					"cubes": [
						{"origin": [-30.22758, 63.73236, -0.6], "size": [14, 5, 0], "pivot": [-18.36039, 63.90703, -0.85], "rotation": [0, 0, 17.5], "uv": [136, 116], "mirror": true}
					]
				},
				{
					"name": "wing6",
					"parent": "uppertorso",
					"pivot": [4.84128, 30.78911, -0.5],
					"cubes": [
						{"origin": [7, 32, -0.5], "size": [11, 9, 0], "inflate": 0.01, "pivot": [-1, 31, 8.5], "rotation": [0, 0, 15], "uv": [138, 121]},
						{"origin": [3, 32, -3], "size": [4, 9, 5], "pivot": [-1, 31, 7], "rotation": [0, 0, 15], "uv": [52, 140]}
					]
				},
				{
					"name": "wing7",
					"parent": "wing6",
					"pivot": [7.65362, 39.35303, -0.5],
					"cubes": [
						{"origin": [9.32937, 40.69333, -0.5], "size": [13, 9, 0], "pivot": [1.32937, 39.69333, 8.5], "rotation": [0, 0, 15], "uv": [112, 122]},
						{"origin": [5.32937, 40.69333, -3], "size": [4, 9, 5], "pivot": [1.32937, 39.69333, 7], "rotation": [0, 0, 15], "uv": [140, 64]}
					]
				},
				{
					"name": "wing8",
					"parent": "wing7",
					"pivot": [9.64181, 47.31229, -0.6],
					"cubes": [
						{"origin": [8.72937, 48.99333, -0.6], "size": [16, 11, 0], "pivot": [1.72937, 38.99333, 7.4], "rotation": [0, 0, 15], "uv": [60, 20]},
						{"origin": [5.72937, 48.99333, -2.6], "size": [3, 11, 4], "pivot": [1.72937, 38.99333, 6.4], "rotation": [0, 0, 15], "uv": [148, 145]}
					]
				},
				{
					"name": "wing9",
					"parent": "wing8",
					"pivot": [13.28141, 57.261, -0.85],
					"cubes": [
						{"origin": [13.96894, 55.83072, -2.6], "size": [2, 11, 3], "inflate": 0.01, "pivot": [18.36039, 63.90703, -0.85], "rotation": [0, 0, 15], "uv": [80, 149]},
						{"origin": [15.96894, 55.83072, -0.6], "size": [14, 11, 0], "inflate": 0.01, "pivot": [18.36039, 63.90703, -0.85], "rotation": [0, 0, 15], "uv": [58, 122]}
					]
				},
				{
					"name": "wing10",
					"parent": "wing9",
					"pivot": [15.30307, 67.58833, -0.6],
					"cubes": [
						{"origin": [16.22758, 63.73236, -0.6], "size": [14, 5, 0], "pivot": [18.36039, 63.90703, -0.85], "rotation": [0, 0, -17.5], "uv": [136, 116]}
					]
				},
				{
					"name": "neck",
					"parent": "uppertorso",
					"pivot": [0, 26.5, -8],
					"cubes": [
						{"origin": [-6.5, 15, -10], "size": [13, 15, 2], "uv": [0, 103]}
					]
				},
				{
					"name": "head",
					"parent": "neck",
					"pivot": [0, 21.77415, -14.39336],
					"cubes": [
						{"origin": [-6, 16, -20], "size": [12, 12, 10], "uv": [0, 58]},
						{"origin": [-7, 16, -19], "size": [3, 9, 0], "pivot": [2, 16, -9], "rotation": [0, 10, 0], "uv": [36, 80]},
						{"origin": [4, 16, -19], "size": [3, 9, 0], "pivot": [-2, 16, -9], "rotation": [0, -10, 0], "uv": [30, 103]},
						{"origin": [2, 24.4, -20], "size": [2, 1, 10], "inflate": 0.06, "uv": [136, 0]},
						{"origin": [-4, 24.4, -20], "size": [2, 1, 10], "inflate": 0.06, "uv": [136, 0], "mirror": true}
					]
				},
				{
					"name": "jaw",
					"parent": "head",
					"pivot": [0, 17.90675, -19.13959],
					"cubes": [
						{"origin": [-3.5, 17, -22.6], "size": [7, 2, 3], "pivot": [-0.5, 17, -8.6], "rotation": [5, 0, 0], "uv": [104, 13]}
					]
				},
				{
					"name": "ear2",
					"parent": "head",
					"pivot": [-3.69824, 26.77643, -17],
					"cubes": [
						{"origin": [-3, 28, -17], "size": [5, 5, 0], "pivot": [3, 16, -9], "rotation": [0, 0, -17.5], "uv": [44, 58]}
					]
				},
				{
					"name": "ear",
					"parent": "head",
					"pivot": [3.69824, 26.77643, -17],
					"cubes": [
						{"origin": [-2, 28, -17], "size": [5, 5, 0], "pivot": [-3, 16, -9], "rotation": [0, 0, 17.5], "uv": [154, 31]}
					]
				},
				{
					"name": "eyes",
					"parent": "head",
					"pivot": [0, 23.95, -20],
					"cubes": [
						{"origin": [-6, 22.4, -20], "size": [4, 3, 0], "inflate": 0.02, "uv": [61, 118]},
						{"origin": [-6, 23, -20], "size": [4, 2, 0], "inflate": 0.03, "uv": [157, 24]},
						{"origin": [2, 22.4, -20], "size": [4, 3, 0], "inflate": 0.02, "uv": [61, 118], "mirror": true},
						{"origin": [2, 23, -20], "size": [4, 2, 0], "inflate": 0.03, "uv": [157, 24], "mirror": true}
					]
				},
				{
					"name": "iris",
					"parent": "eyes",
					"pivot": [-3.5, 23.9, -20],
					"cubes": [
						{"origin": [-4, 23.1, -20], "size": [1, 2, 0], "inflate": 0.05, "uv": [143, 133], "mirror": true},
						{"origin": [-4.5, 22.7, -20], "size": [2, 2, 0], "inflate": 0.04, "uv": [3, 7], "mirror": true}
					]
				},
				{
					"name": "iris2",
					"parent": "eyes",
					"pivot": [3.5, 23.9, -20],
					"cubes": [
						{"origin": [3, 23.1, -20], "size": [1, 2, 0], "inflate": 0.05, "uv": [143, 133]},
						{"origin": [2.5, 22.7, -20], "size": [2, 2, 0], "inflate": 0.04, "uv": [3, 7]}
					]
				},
				{
					"name": "snout",
					"parent": "head",
					"pivot": [0, 17.98831, -19.76844],
					"cubes": [
						{"origin": [-4, 19, -23.4], "size": [8, 4, 4], "pivot": [0, 16, -8.4], "rotation": [5, 0, 0], "uv": [0, 138]},
						{"origin": [-2, 23, -23.4], "size": [4, 1, 4], "pivot": [0, 16, -8.4], "rotation": [5, 0, 0], "uv": [118, 152]},
						{"origin": [-2, 18.7, -23.3], "size": [4, 2, 0], "pivot": [-1, 17.7, -8.3], "rotation": [5, 0, 0], "uv": [-3, 0], "mirror": true},
						{"origin": [2, 17.5, -23.2], "size": [1, 2, 0], "pivot": [0, 16.5, -8.2], "rotation": [5, 0, 0], "uv": [0, 0], "mirror": true},
						{"origin": [-3, 17.5, -23.2], "size": [1, 2, 0], "pivot": [0, 16.5, -8.2], "rotation": [5, 0, 0], "uv": [0, 0]}
					]
				},
				{
					"name": "crest",
					"parent": "uppertorso",
					"pivot": [0, 34.02017, -8.59197],
					"cubes": [
						{"origin": [-3.5, 28.24048, -11.23746], "size": [7, 5, 12], "pivot": [0.5, 19.24048, -5.23746], "rotation": [37.5, 0, 0], "uv": [72, 92]},
						{"origin": [-3.5, 24.27372, -8.19365], "size": [7, 5, 12], "pivot": [0.5, 15.27372, -2.19365], "rotation": [37.5, 0, 0], "uv": [72, 92]},
						{"origin": [-3.5, 37.24048, -2.23746], "size": [7, 0, 7], "pivot": [0.5, 20.24048, -1.23746], "rotation": [60, 0, 0], "uv": [126, 22]},
						{"origin": [-3.5, 38.24048, -0.23746], "size": [7, 0, 7], "pivot": [0.5, 21.24048, 0.76254], "rotation": [60, 0, 0], "uv": [126, 22]},
						{"origin": [-3.5, 39.24048, 1.76254], "size": [7, 0, 7], "pivot": [0.5, 22.24048, 2.76254], "rotation": [60, 0, 0], "uv": [126, 22]}
					]
				}
			]
		}
	]
}