{
	"format_version": "1.12.0",
	"minecraft:geometry": [
		{
			"description": {
				"identifier": "geometry.amaura",
				"texture_width": 128,
				"texture_height": 128,
				"visible_bounds_width": 3,
				"visible_bounds_height": 2.5,
				"visible_bounds_offset": [0, 0.75, 0]
			},
			"bones": [
				{
					"name": "amaura",
					"pivot": [0, 0, 0]
				},
				{
					"name": "body",
					"parent": "amaura",
					"pivot": [0, 9.5, 0]
				},
				{
					"name": "waist",
					"parent": "body",
					"pivot": [0, 6.5, 3.75],
					"cubes": [
						{"origin": [-4.5, 4.75, 0], "size": [9, 8, 6], "inflate": 0.02, "uv": [0, 30]}
					]
				},
				{
					"name": "torso",
					"parent": "waist",
					"pivot": [0, 4.75, 0],
					"cubes": [
						{"origin": [-4.5, 4.75, -7], "size": [9, 8, 7], "uv": [0, 0]}
					]
				},
				{
					"name": "neck",
					"parent": "torso",
					"pivot": [0, 7.25, -5.75]
				},
				{
					"name": "head",
					"parent": "neck",
					"pivot": [-0.5, 9.75, -5],
					"cubes": [
						{"origin": [-3.5, 8.25, -12.25], "size": [7, 6, 7], "uv": [2, 17]},
						{"origin": [-3.5, 8.25, -13], "size": [7, 3, 1], "uv": [54, 14]},
						{"origin": [-1, 12.25, -9.75], "size": [2, 7, 3], "pivot": [-0.5, 6.75, -4.75], "rotation": [22.5, 0, 0], "uv": [34, 19]},
						{"origin": [-0.5, 16.25, -12.85], "size": [1, 3, 2], "uv": [65, 19]},
						{"origin": [0, 6.75, -12], "size": [0, 2, 6], "uv": [62, 48]}
					]
				},
				{
					"name": "mouth",
					"parent": "head",
					"pivot": [-1, 3.25, -2.75],
					"cubes": [
						{"origin": [-1, 8.4, -13], "size": [2, 1, 0], "inflate": 0.01, "uv": [16, 46]},
						{"origin": [-2, 8.9, -13], "size": [4, 1, 0], "inflate": 0.01, "uv": [40, 29]}
					]
				},
				{
					"name": "mouth_open",
					"parent": "head",
					"pivot": [-1, 3.25, -2.75],
					"cubes": [
						{"origin": [-1, 8.4, -12], "size": [2, 1, 0], "inflate": 0.02, "uv": [20, 46]},
						{"origin": [-2, 8.9, -12], "size": [4, 1, 0], "inflate": 0.01, "uv": [32, 29]}
					]
				},
				{
					"name": "eyes",
					"parent": "head",
					"pivot": [0, 12.25, -9.75]
				},
				{
					"name": "eye_right",
					"parent": "eyes",
					"pivot": [-2.5, 12.25, -9.25],
					"cubes": [
						{"origin": [-3.5, 10.25, -12.25], "size": [2, 4, 6], "inflate": 0.02, "uv": [48, 18]}
					]
				},
				{
					"name": "eyelid_right",
					"parent": "eye_right",
					"pivot": [-2.4, 12.15, -9.15],
					"cubes": [
						{"origin": [-3.4, 10.15, -12.15], "size": [2, 4, 6], "inflate": 0.03, "uv": [32, 48]}
					]
				},
				{
					"name": "eye_left",
					"parent": "eyes",
					"pivot": [2.5, 12.25, -9.25],
					"cubes": [
						{"origin": [1.5, 10.25, -12.25], "size": [2, 4, 6], "inflate": 0.02, "uv": [0, 44]}
					]
				},
				{
					"name": "eyelid_left",
					"parent": "eye_left",
					"pivot": [2.4, 12.15, -9.15],
					"cubes": [
						{"origin": [1.4, 10.15, -12.15], "size": [2, 4, 6], "inflate": 0.03, "uv": [16, 48]}
					]
				},
				{
					"name": "fin_top_right1",
					"parent": "head",
					"pivot": [-4.25, 7.25, -3.05],
					"rotation": [0, -42.5, -13.5],
					"cubes": [
						{"origin": [-4.25, 7.25, -4.05], "size": [0, 7, 11], "inflate": 0.02, "uv": [30, 30]}
					]
				},
				{
					"name": "fin_top_right2",
					"parent": "fin_top_right1",
					"pivot": [-4.25, 14.25, -3.05],
					"rotation": [-20, 0, 0],
					"cubes": [
						{"origin": [-4.25, 14.25, -3.05], "size": [0, 8, 4], "uv": [56, 58]}
					]
				},
				{
					"name": "fin_top_right3",
					"parent": "fin_top_right1",
					"pivot": [-4.25, 14.25, 0.2],
					"rotation": [-40, 0, 0],
					"cubes": [
						{"origin": [-4.25, 14.25, 0.2], "size": [0, 5, 3], "inflate": 0.01, "uv": [8, 64]}
					]
				},
				{
					"name": "fin_top_right4",
					"parent": "fin_top_right1",
					"pivot": [-4.25, 13.25, 1.45],
					"rotation": [-70, 0, 0],
					"cubes": [
						{"origin": [-4.25, 13.25, 1.45], "size": [0, 5, 3], "uv": [64, 61]}
					]
				},
				{
					"name": "fin_top_left1",
					"parent": "head",
					"pivot": [4.25, 7.25, -3.05],
					"rotation": [0, 42.5, 13.5],
					"cubes": [
						{"origin": [4.25, 7.25, -4.05], "size": [0, 7, 11], "inflate": 0.02, "uv": [32, 0]}
					]
				},
				{
					"name": "fin_top_left2",
					"parent": "fin_top_left1",
					"pivot": [4.25, 14.25, -3.05],
					"rotation": [-20, 0, 0],
					"cubes": [
						{"origin": [4.25, 14.25, -3.05], "size": [0, 8, 4], "uv": [0, 64]}
					]
				},
				{
					"name": "fin_top_left3",
					"parent": "fin_top_left1",
					"pivot": [4.25, 14.25, 0.2],
					"rotation": [-40, 0, 0],
					"cubes": [
						{"origin": [4.25, 14.25, 0.2], "size": [0, 5, 3], "inflate": 0.01, "uv": [14, 65]}
					]
				},
				{
					"name": "fin_top_left4",
					"parent": "fin_top_left1",
					"pivot": [4.25, 13.25, 1.45],
					"rotation": [-70, 0, 0],
					"cubes": [
						{"origin": [4.25, 13.25, 1.45], "size": [0, 5, 3], "uv": [20, 65]}
					]
				},
				{
					"name": "neck2",
					"parent": "neck",
					"pivot": [0, 14.25, -3.75]
				},
				{
					"name": "neck3",
					"parent": "neck2",
					"pivot": [0, 19.25, -3.75]
				},
				{
					"name": "neck4",
					"parent": "neck3",
					"pivot": [0, 14.25, -3.75]
				},
				{
					"name": "tail1",
					"parent": "waist",
					"pivot": [0, 9.25, 6]
				},
				{
					"name": "tail2",
					"parent": "tail1",
					"pivot": [0, 9.25, 5],
					"rotation": [0, 0, -180],
					"cubes": [
						{"origin": [-1.5, 7.75, 3.75], "size": [3, 3, 4], "uv": [28, 58]}
					]
				},
				{
					"name": "tail3",
					"parent": "tail2",
					"pivot": [0, 9.4, 7.75],
					"cubes": [
						{"origin": [-1, 8.4, 6.75], "size": [2, 2, 3], "uv": [64, 56]}
					]
				},
				{
					"name": "leg_front_right1",
					"parent": "body",
					"pivot": [3.35, 7.5, -4],
					"cubes": [
						{"origin": [1.85, 3, -6], "size": [3, 6, 4], "uv": [48, 48]}
					]
				},
				{
					"name": "leg_front_right2",
					"parent": "leg_front_right1",
					"pivot": [3.35, 3, -6],
					"cubes": [
						{"origin": [1.85, 0, -6], "size": [3, 3, 4], "inflate": 0.01, "uv": [54, 0]}
					]
				},
				{
					"name": "leg_front_left1",
					"parent": "body",
					"pivot": [-3.35, 7.5, -4],
					"cubes": [
						{"origin": [-4.85, 3, -6], "size": [3, 6, 4], "uv": [52, 28]}
					]
				},
				{
					"name": "leg_front_left2",
					"parent": "leg_front_left1",
					"pivot": [-3.35, 3, -6],
					"cubes": [
						{"origin": [-4.85, 0, -6], "size": [3, 3, 4], "inflate": 0.01, "uv": [54, 7]}
					]
				},
				{
					"name": "leg_back_right1",
					"parent": "body",
					"pivot": [3.35, 7.5, 3.75],
					"cubes": [
						{"origin": [1.85, 3, 1.75], "size": [3, 6, 4], "uv": [52, 38]}
					]
				},
				{
					"name": "leg_back_right2",
					"parent": "leg_back_right1",
					"pivot": [3.35, 3, 1.75],
					"cubes": [
						{"origin": [1.85, 0, 1.75], "size": [3, 3, 4], "inflate": 0.01, "uv": [14, 58]}
					]
				},
				{
					"name": "leg_back_left1",
					"parent": "body",
					"pivot": [-3.35, 7.5, 3.75],
					"cubes": [
						{"origin": [-4.85, 3, 1.75], "size": [3, 6, 4], "uv": [0, 54]}
					]
				},
				{
					"name": "leg_back_left2",
					"parent": "leg_back_left1",
					"pivot": [-3.35, 3, 1.75],
					"cubes": [
						{"origin": [-4.85, 0, 1.75], "size": [3, 3, 4], "inflate": 0.01, "uv": [42, 58]}
					]
				}
			]
		}
	]
}