{
  "implemented": true,
  "nationalPokedexNumber": 1033,
  "name": "Dunecargo",
  "primaryType": "ground",
  "maleRatio": 0.5,
  "height": 8,
  "weight": 550,
  "pokedex": [
    "cobblemon.species.dunecargo.desc"
  ],
  "labels": [
    "custom"
  ],
  "aspects": [],
  "abilities": [
    "sandspit",
    "flamebody",
    "h:sandstream"
  ],
  "eggGroups": [
    "amorphous"
  ],
  "baseStats": {
    "hp": 60,
    "attack": 60,
    "defence": 120,
    "special_attack": 80,
    "special_defence": 80,
    "speed": 30
  },
  "evYield": {
    "hp": 0,
    "attack": 0,
    "defence": 2,
    "special_attack": 0,
    "special_defence": 0,
    "speed": 0
  },
  "baseExperienceYield": 151,
  "experienceGroup": "medium_fast",
  "catchRate": 75,
  "eggCycles": 20,
  "baseFriendship": 50,
  "baseScale": 0.9,
  "hitbox": {
    "width": 1,
    "height": 1.3,
    "fixed": false
  },
  "behaviour": {
    "resting": {
      "canSleep": true,
      "light": "0-4"
    },
    "moving": {
      "swim": {
        "canWalkOnLava": false,
        "canBreatheUnderlava": false,
        "avoidsWater": true,
        "canSwimInWater": false,
        "canSwimInLava": false
      },
      "walk": {
        "walkSpeed": 0.2
      }
    }
  },
  "drops": {
    "amount": 4,
    "entries": [
      {
        "item": "minecraft:sand",
        "quantityRange": "1-3"
      },
      {
        "item": "minecraft:pointed_dripstone",
        "quantityRange": "0-2"
      },
      {
        "item": "cobblemon:soft_sand",
        "percentage": 5.0
      },
      {
        "item": "cobblemon:passho_berry",
        "percentage": 5.0
      }
    ]
  },
  "moves": [
    "1:yawn",
    "1:sandattack",
    "1:mudslap",
    "1:rockthrow",
    "1:earthpower",
    "1:bulldoze",
    "1:shellsmash",
    "13:harden",
    "20:sandtomb",
    "22:ancientpower",
    "27:earthquake",
    "29:rockslide",
    "34:scorchingsands",
    "36:amnesia",
    "43:bodyslam",
    "47:shoreup",
    "50:uturn",
    "egg:acidarmor",
    "egg:curse",
    "egg:guardswap",
    "egg:powergem",
    "egg:memento",
    "egg:rollout",
    "egg:spikes",
    "egg:spitup",
    "egg:stockpile",
    "egg:swallow",
    "tm:afteryou",
    "tm:amnesia",
    "tm:ancientpower",
    "tm:bodyslam",
    "tm:bulldoze",
    "tm:curse",
    "tm:earthpower",
    "tm:earthquake",
    "tm:endure",
    "tm:explosion",
    "tm:facade",
    "tm:flamecharge",
    "tm:flamethrower",
    "tm:gigaimpact",
    "tm:guardswap",
    "tm:gyroball",
    "tm:heatcrash",
    "tm:heatwave",
    "tm:hyperbeam",
    "tm:highhorsepower",
    "tm:infestation",
    "tm:irondefense",
    "tm:lightscreen",
    "tm:mudshot",
    "tm:mudslap",
    "tm:naturepower",
    "tm:overheat",
    "tm:painsplit",
    "tm:powergem",
    "tm:protect",
    "tm:reflect",
    "tm:rest",
    "tm:rockblast",
    "tm:rockpolish",
    "tm:rockslide",
    "tm:rocksmash",
    "tm:rocktomb",
    "tm:rollout",
    "tm:sandstorm",
    "tm:sandtomb",
    "tm:scorchingsands",
    "tm:selfdestruct",
    "tm:sleeptalk",
    "tm:smackdown",
    "tm:solarbeam",
    "tm:stealthrock",
    "tm:stompingtantrum",
    "tm:stoneedge",
    "tm:strength",
    "tm:substitute",
    "tm:sunnyday",
    "tm:takedown",
    "tm:temperflare",
    "tm:terablast",
    "tm:willowisp",
    "tm:uturn",
    "tutor:afteryou",
    "tutor:ancientpower",
    "tutor:bulldoze",
    "tutor:earthpower",
    "tutor:flamethrower",
    "tutor:gigaimpact",
    "tutor:heatwave",
    "tutor:hyperbeam",
    "tutor:highhorsepower",
    "tutor:irondefense",
    "tutor:mudslap",
    "tutor:painsplit",
    "tutor:rest",
    "tutor:rockslide",
    "tutor:rocksmash",
    "tutor:rollout",
    "tutor:scorchingsands",
    "tutor:sleeptalk",
    "tutor:stealthrock",
    "tutor:stompingtantrum",
    "tutor:stoneedge",
    "tutor:uturn"
  ],
  "preEvolution": "slugrit",
  "evolutions": []
}