{
  "implemented": true,
  "nationalPokedexNumber": 1029,
  "name": "Pillowisp",
  "primaryType": "ghost",
  "secondaryType": "psychic",
  "maleRatio": 0.5,
  "height": 13,
  "weight": 1,
  "pokedex": [
    "cobblemon.species.pillowisp.desc"
  ],
  "labels": [
    "custom"
  ],
  "aspects": [],
  "abilities": [
    "comatose",
    "h:comatose"
  ],
  "eggGroups": [
    "amorphous"
  ],
  "baseStats": {
    "hp": 50,
    "attack": 40,
    "defence": 45,
    "special_attack": 40,
    "special_defence": 50,
    "speed": 20
  },
  "evYield": {
    "hp": 0,
    "attack": 0,
    "defence": 0,
    "special_attack": 0,
    "special_defence": 1,
    "speed": 0
  },
  "baseExperienceYield": 62,
  "experienceGroup": "medium_slow",
  "catchRate": 190,
  "eggCycles": 20,
  "baseFriendship": 50,
  "baseScale": 0.8,
  "hitbox": {
    "width": 0.75,
    "height": 1.1,
    "fixed": false
  },
  "behaviour": {
    "moving": {
      "fly": {
        "canFly": true
      },
      "walk": {
        "canWalk": false
      }
    },
    "resting": {
      "canSleep": true,
      "light": -1
    }
  },
  "drops": {
    "amount": 2,
    "entries": [
      {
        "item": "minecraft:sand",
        "quantityRange": "0-2"
      },
      {
        "item": "cobblemon:mental_herb",
        "percentage": 2.5
      },
      {
        "item": "cobblemon:chesto_berry",
        "percentage": 2.5
      }
    ]
  },
  "moves": [
    "1:snore",
    "1:defensecurl",
    "1:sleeptalk",
    "1:astonish",
    "1:confusion",
    "4:hypnosis",
    "4:entrainment",
    "8:psybeam",
    "12:calmmind",
    "16:yawn",
    "18:encore",
    "20:echoedvoice",
    "24:cottonguard",
    "26:hex",
    "28:dazzlinggleam",
    "32:psyshock",
    "36:futuresight",
    "40:shadowball",
    "44:healingwish",
    "48:dreameater",
    "50:psychic",
    "egg:drainingkiss",
    "egg:clearsmog",
    "egg:disable",
    "egg:destinybond",
    "egg:haze",
    "egg:nightmare",
    "egg:perishsong",
    "egg:psywave",
    "egg:followme",
    "tm:alluringvoice",
    "tm:allyswitch",
    "tm:confuseray",
    "tm:amnesia",
    "tm:curse",
    "tm:darkpulse",
    "tm:dazzlinggleam",
    "tm:dreameater",
    "tm:embargo",
    "tm:expandingforce",
    "tm:energyball",
    "tm:extrasensory",
    "tm:facade",
    "tm:gigadrain",
    "tm:haze",
    "tm:hex",
    "tm:icywind",
    "tm:imprison",
    "tm:infestation",
    "tm:nastyplot",
    "tm:nightshade",
    "tm:ominouswind",
    "tm:painsplit",
    "tm:payback",
    "tm:poltergeist",
    "tm:protect",
    "tm:psychic",
    "tm:psychup",
    "tm:raindance",
    "tm:rest",
    "tm:shadowball",
    "tm:skillswap",
    "tm:skittersmack",
    "tm:sleeptalk",
    "tm:spite",
    "tm:substitute",
    "tm:suckerpunch",
    "tm:sunnyday",
    "tm:taunt",
    "tm:telekinesis",
    "tm:terablast",
    "tm:thief",
    "tm:thunder",
    "tm:thunderbolt",
    "tm:torment",
    "tm:toxic",
    "tm:trick",
    "tm:trickroom",
    "tm:venoshock",
    "tm:willowisp",
    "tm:wonderroom",
    "tutor:allyswitch",
    "tutor:darkpulse",
    "tutor:dazzlinggleam",
    "tutor:energyball",
    "tutor:foulplay",
    "tutor:gigadrain",
    "tutor:icywind",
    "tutor:ominouswind",
    "tutor:painsplit",
    "tutor:poltergeist",
    "tutor:psychic",
    "tutor:rest",
    "tutor:shadowball",
    "tutor:skillswap",
    "tutor:skittersmack",
    "tutor:sleeptalk",
    "tutor:spite",
    "tutor:suckerpunch",
    "tutor:telekinesis",
    "tutor:thunderbolt",
    "tutor:trick",
    "tutor:wonderroom"
  ],
  "evolutions": [
    {
      "id": "pillowisp_dreaneuma",
      "variant": "level_up",
      "result": "dreaneuma",
      "consumeHeldItem": false,
      "learnableMoves": [
        "dreameater",
        "moonblast"
      ],
      "requirements": [
        {
          "variant": "friendship",
          "amount": 160
        },
        {
          "variant": "time_range",
          "range": "night"
        }
      ]
    }
  ],
  "forms": [
    {
      "name": "Bad_Dream",
      "primaryType": "ghost",
      "secondaryType": "psychic",
      "maleRatio": 0.5,
      "height": 13,
      "weight": 1,
      "pokedex": [
        "cobblemon.species.pillowisp_bad.desc"
      ],
      "labels": [
        "custom"
      ],
      "aspects": [
        "bad"
      ],
      "abilities": [
        "baddreams",
        "h:baddreams"
      ],
      "baseStats": {
        "hp": 50,
        "attack": 40,
        "defence": 50,
        "special_attack": 40,
        "special_defence": 45,
        "speed": 20
      },
      "evYield": {
        "hp": 0,
        "attack": 0,
        "defence": 1,
        "special_attack": 0,
        "special_defence": 0,
        "speed": 1
      },
      "baseScale": 0.8,
      "hitbox": {
        "width": 0.75,
        "height": 1.1,
        "fixed": false
      },
  	"behaviour": {
 	   "moving": {
 	     "fly": {
 	       "canFly": true
 	     },
 	     "walk": {
 	       "canWalk": false
 	     }
 	   },
 	   "resting": {
 	     "canSleep": true,
 	     "light": -1
	    }
      },
      "drops": {
        "amount": 2,
        "entries": [
          {
            "item": "minecraft:sand",
            "quantityRange": "0-2"
          },
          {
            "item": "cobblemon:mental_herb",
            "percentage": 2.5
          },
          {
            "item": "cobblemon:chesto_berry",
            "percentage": 2.5
          }
        ]
      },
      "moves": [
        "1:snore",
        "1:defensecurl",
        "1:sleeptalk",
        "1:astonish",
        "1:confusion",
        "4:hypnosis",
        "4:confuseray",
        "8:psybeam",
        "12:workup",
        "16:nightmare",
        "18:taunt",
        "20:bite",
        "24:cottonguard",
        "26:hex",
        "28:darkpulse",
        "32:leechlife",
        "36:futuresight",
        "40:shadowball",
        "44:memento",
        "48:dreameater",
        "50:zenheadbutt",
        "egg:drainingkiss",
        "egg:clearsmog",
        "egg:disable",
        "egg:destinybond",
        "egg:haze",
        "egg:nightmare",
        "egg:perishsong",
        "egg:psywave",
        "egg:followme",
        "tm:burningjealousy",
        "tm:allyswitch",
        "tm:confuseray",
        "tm:amnesia",
        "tm:curse",
        "tm:darkpulse",
        "tm:shadowclaw",
        "tm:dreameater",
        "tm:embargo",
        "tm:expandingforce",
        "tm:energyball",
        "tm:extrasensory",
        "tm:facade",
        "tm:gigadrain",
        "tm:leechlife",
        "tm:faketears",
        "tm:hex",
        "tm:icywind",
        "tm:imprison",
        "tm:infestation",
        "tm:nastyplot",
        "tm:nightshade",
        "tm:ominouswind",
        "tm:painsplit",
        "tm:payback",
        "tm:poltergeist",
        "tm:protect",
        "tm:psychic",
        "tm:psychup",
        "tm:raindance",
        "tm:rest",
        "tm:shadowball",
        "tm:skillswap",
        "tm:skittersmack",
        "tm:sleeptalk",
        "tm:spite",
        "tm:substitute",
        "tm:suckerpunch",
        "tm:sunnyday",
        "tm:taunt",
        "tm:telekinesis",
        "tm:terablast",
        "tm:thief",
        "tm:thunder",
        "tm:thunderbolt",
        "tm:torment",
        "tm:toxic",
        "tm:trick",
        "tm:trickroom",
        "tm:venoshock",
        "tm:willowisp",
        "tm:wonderroom",
        "tm:zenheadbutt",
        "tm:knockoff",
        "tutor:allyswitch",
        "tutor:darkpulse",
        "tutor:shadowclaw",
        "tutor:energyball",
        "tutor:foulplay",
        "tutor:gigadrain",
        "tutor:icywind",
        "tutor:ominouswind",
        "tutor:painsplit",
        "tutor:poltergeist",
        "tutor:psychic",
        "tutor:rest",
        "tutor:shadowball",
        "tutor:skillswap",
        "tutor:skittersmack",
        "tutor:sleeptalk",
        "tutor:spite",
        "tutor:suckerpunch",
        "tutor:telekinesis",
        "tutor:thunderbolt",
        "tutor:trick",
        "tutor:wonderroom",
        "tutor:zenheadbutt"
      ],
      "evolutions": [
        {
         "id": "pillowisp_phantasmare",
          "variant": "level_up",
          "result": "phantasmare",
          "consumeHeldItem": false,
          "learnableMoves": [
            "dreameater",
            "nightslash"
          ],
          "requirements": [
            {
              "variant": "friendship",
              "amount": 160
            },
            {
              "variant": "time_range",
              "range": "night"
            }
          ]
        }
      ],
      "battleOnly": false
    }
  ]
}