{
  "implemented": true,
  "nationalPokedexNumber": 1028,
  "name": "umbrelligant",
  "primaryType": "grass",
  "secondaryType": "normal",
  "maleRatio": 0,
  "height": 10,
  "weight": 15,
  "pokedex": [
    "cobblemon.species.umbrelligant.desc"
  ],
  "labels": [
    "custom"
  ],
  "aspects": [
    "umbrella-red"
  ],
  "abilities": [
    "swiftswim",
    "overcoat",
    "h:windrider"
  ],
  "eggGroups": [
    "fairy",
    "grass"
  ],
  "baseStats": {
    "hp": 75,
    "attack": 100,
    "defence": 60,
    "special_attack": 90,
    "special_defence": 60,
    "speed": 95
  },
  "evYield": {
    "hp": 0,
    "attack": 2,
    "defence": 0,
    "special_attack": 0,
    "special_defence": 0,
    "speed": 0
  },
  "baseExperienceYield": 168,
  "experienceGroup": "medium_fast",
  "catchRate": 75,
  "eggCycles": 20,
  "baseFriendship": 50,
  "shoulderMountable": false,
  "baseScale": 0.8,
  "hitbox": {
    "width": 1.1,
    "height": 2.3,
    "fixed": false
  },
  "behaviour": {
    "resting": {
      "canSleep": true,
      "willSleepOnBed": false,
      "light": "0-4"
    }
  },
  "drops": {
    "amount": 3,
    "entries": [
      {
        "item": "minecraft:paper",
        "quantityRange": "1-2"
      },
      {
        "item": "minecraft:stick",
        "quantityRange": "0-2"
      },
      {
        "item": "cobblemon:occa_berry",
        "percentage": 5.0
      },
      {
        "item": "cobblemon:utility_umbrella",
        "percentage": 5.0
      }
    ]
  },
  "moves": [
    "1:splash",
    "1:megadrain",
    "1:synthesis",
    "1:teeterdance",
    "1:cut",
    "1:petaldance",
    "1:gigadrain",
    "1:sunnyday",
    "1:helpinghand",
    "1:energyball",
    "1:afteryou",
    "1:petalblizzard",
    "1:doublekick",
    "1:fairywind",
    "1:tackle",
    "1:falseswipe",
    "1:charm",
    "1:raindance",
    "5:razorleaf",
    "5:rapidspin",
    "8:stomp",
    "12:jumpkick",
    "18:bodyslam",
    "21:acrobatics",
    "26:uturn",
    "28:swordsdance",
    "30:leafblade",
    "36:highjumpkick",
    "41:playrough",
    "50:aquastep",
    "egg:grasswhistle",
    "egg:healingwish",
    "egg:naturalgift",
    "egg:firstimpression",
    "egg:decorate",
    "egg:tailwind",
    "egg:airslash",
    "egg:nuzzle",
    "egg:ironhead",
    "tm:afteryou",
    "tm:lowkick",
    "tm:alluringvoice",
    "tm:charm",
    "tm:covet",
    "tm:cut",
    "tm:encore",
    "tm:endure",
    "tm:energyball",
    "tm:facade",
    "tm:gigadrain",
    "tm:gigaimpact",
    "tm:grassknot",
    "tm:grassyglide",
    "tm:grassyterrain",
    "tm:healbell",
    "tm:helpinghand",
    "tm:hyperbeam",
    "tm:leafblade",
    "tm:leafstorm",
    "tm:lightscreen",
    "tm:magicalleaf",
    "tm:naturalgift",
    "tm:naturepower",
    "tm:petalblizzard",
    "tm:pollenpuff",
    "tm:protect",
    "tm:psychup",
    "tm:rest",
    "tm:roleplay",
    "tm:safeguard",
    "tm:sleeptalk",
    "tm:solarbeam",
    "tm:solarblade",
    "tm:substitute",
    "tm:sunnyday",
    "tm:swordsdance",
    "tm:synthesis",
    "tm:terablast",
    "tm:trailblaze",
    "tm:weatherball",
    "tm:gyroball",
    "tm:icespinner",
    "tm:acrobatics",
    "tm:aerialace",
    "tm:swift",
    "tm:drainingkiss",
    "tm:lowsweep",
    "tm:aircutter",
    "tm:raindance",
    "tm:falseswipe",
    "tm:brickbreak",
    "tm:zenheadbutt",
    "tm:uturn",
    "tm:airslash",
    "tm:bodyslam",
    "tm:ironhead",
    "tm:tailwind",
    "tm:hypervoice",
    "tm:playrough",
    "tm:calmmind",
    "tm:tripleaxel",
    "tutor:afteryou",
    "tutor:covet",
    "tutor:energyball",
    "tutor:gigadrain",
    "tutor:gigaimpact",
    "tutor:grassyglide",
    "tutor:healbell",
    "tutor:helpinghand",
    "tutor:hyperbeam",
    "tutor:magicalleaf",
    "tutor:rest",
    "tutor:roleplay",
    "tutor:sleeptalk",
    "tutor:synthesis",
    "tutor:falseswipe",
    "tutor:aerialace",
    "tutor:swift",
    "tutor:calmmind",
    "tutor:psychocut",
    "tutor:zenheadbutt",
    "tutor:ironhead",
    "tutor:tripleaxel"
  ],
  "preEvolution": "papersol",
  "evolutions": [],
  "forms": [
    {
      "name": "Yellow",
      "primaryType": "grass",
      "secondaryType": "normal",
      "maleRatio": 0,
      "height": 10,
      "weight": 15,
      "pokedex": [
        "cobblemon.species.umbrelligant.desc"
      ],
      "labels": [
        "custom"
      ],
      "aspects": [
        "umbrella-yellow"
      ],
      "preEvolution": "papersol",
      "evolutions": [],
      "battleOnly": false
    },
    {
      "name": "Light_Blue",
      "primaryType": "grass",
      "secondaryType": "normal",
      "maleRatio": 0,
      "height": 10,
      "weight": 15,
      "pokedex": [
        "cobblemon.species.umbrelligant.desc"
      ],
      "labels": [
        "custom"
      ],
      "aspects": [
        "umbrella-light_blue"
      ],
      "preEvolution": "papersol",
      "evolutions": [],
      "battleOnly": false
    },
    {
      "name": "Blue",
      "primaryType": "grass",
      "secondaryType": "normal",
      "maleRatio": 0,
      "height": 10,
      "weight": 15,
      "pokedex": [
        "cobblemon.species.umbrelligant.desc"
      ],
      "labels": [
        "custom"
      ],
      "aspects": [
        "umbrella-blue"
      ],
      "preEvolution": "papersol",
      "evolutions": [],
      "battleOnly": false
    },
    {
      "name": "Pink",
      "primaryType": "grass",
      "secondaryType": "normal",
      "maleRatio": 0,
      "height": 10,
      "weight": 15,
      "pokedex": [
        "cobblemon.species.umbrelligant.desc"
      ],
      "labels": [
        "custom"
      ],
      "aspects": [
        "umbrella-pink"
      ],
      "preEvolution": "papersol",
      "evolutions": [],
      "battleOnly": false
    },
    {
      "name": "Green",
      "primaryType": "grass",
      "secondaryType": "normal",
      "maleRatio": 0,
      "height": 10,
      "weight": 15,
      "pokedex": [
        "cobblemon.species.umbrelligant.desc"
      ],
      "labels": [
        "custom"
      ],
      "aspects": [
        "umbrella-green"
      ],
      "preEvolution": "papersol",
      "evolutions": [],
      "battleOnly": false
    }
  ]
}