{
	"format_version": "1.8.0",
	"animations": {
		"animation.ostrike.ground_idle": {
			"loop": true,
			"bones": {
				"body": {
					"position": [0, "-0.7+math.cos(q.anim_time*90*3)*0.3", 0]
				},
				"wheel": {
					"scale": 0
				},
				"torso": {
					"rotation": ["10-math.sin(q.anim_time*90*3)*2", 0, 0],
					"position": [0, "0+math.cos(q.anim_time*90*3)*0.2", 1]
				},
				"tuff_front": {
					"rotation": ["-17.5-3.5-math.sin(q.anim_time*90*3-30)*3", 0, 0]
				},
				"tuff_left": {
					"rotation": [0, 0, "-18.5-math.sin(q.anim_time*90*3-30)*3"],
					"position": [0, 0.1, 0]
				},
				"tuff_right": {
					"rotation": [0, 0, "18.5+math.sin(q.anim_time*90*3-30)*3"],
					"position": [0, 0.1, 0]
				},
				"neck": {
					"rotation": ["35-math.sin(q.anim_time*90*3-30)*2", 0, 0],
					"position": [0, -1.25, 0.5]
				},
				"neck2": {
					"rotation": ["-45-math.sin(q.anim_time*90*3-60)*3", 0, 0]
				},
				"head": {
					"rotation": ["22.5+math.sin(q.anim_time*90*3-60)*5", 0, 0]
				},
				"hair_left5": {
					"rotation": ["-13-math.sin(q.anim_time*90*3)*5", -21.69, -8.88]
				},
				"hair_left6": {
					"rotation": ["-7.5-math.sin(q.anim_time*90*3-40)*5", 0, 0]
				},
				"hair_right5": {
					"rotation": ["-13-math.sin(q.anim_time*90*3)*5", 21.69, 8.88]
				},
				"hair_right6": {
					"rotation": ["-7.5-math.sin(q.anim_time*90*3-40)*5", 0, 0]
				},
				"wing_left": {
					"rotation": [0, "math.sin(q.anim_time*90*4+30)*10", "math.sin(q.anim_time*90*4+30)*10"],
					"position": [-0.25, 0.75, -1.25]
				},
				"wing_right": {
					"rotation": [0, "-math.sin(q.anim_time*90*4+30)*10", "-math.sin(q.anim_time*90*4+30)*10"],
					"position": [0.25, 0.75, -1.25]
				},
				"tail": {
					"rotation": ["27.5+math.cos(q.anim_time*90*3)*3", 0, 0]
				},
				"dust": {
					"scale": 0
				},
				"leg_left": {
					"rotation": ["10+math.cos(q.anim_time*90*3)*-5", -17.5, 0],
					"position": ["math.cos(q.anim_time*90*3)*-0.02", "math.cos(q.anim_time*90*6)*-0.02", "math.cos(q.anim_time*90*3)*0.07"]
				},
				"leg_left2": {
					"rotation": ["-35+math.cos(q.anim_time*90*3)*10", 0, 0]
				},
				"foot_left": {
					"rotation": ["25+math.cos(q.anim_time*90*3)*-5", 0, 0],
					"position": [0, 0, 0]
				},
				"toe_left": {
					"rotation": [0, 17.5, 0]
				},
				"toe_left4": {
					"rotation": [0, -10, 0],
					"position": [-0.25, 0, -0.25]
				},
				"leg_right": {
					"rotation": ["10+math.cos(q.anim_time*90*3)*-5", 17.5, 0],
					"position": ["-(math.cos(q.anim_time*90*3)*-0.02)", "math.cos(q.anim_time*90*6)*-0.02", "math.cos(q.anim_time*90*3)*0.07"]
				},
				"leg_right2": {
					"rotation": ["-35+math.cos(q.anim_time*90*3)*10", 0, 0]
				},
				"foot_right": {
					"rotation": ["25+math.cos(q.anim_time*90*3)*-5", 0, 0]
				},
				"toe_right": {
					"rotation": [0, -17.5, 0],
					"position": [-0.25, 0, 0.75]
				},
				"toe_right3": {
					"rotation": [0, 0, 0]
				},
				"toe_right4": {
					"rotation": [0, 10, 0],
					"position": [0.5, 0, 0]
				},
				"tail_left": {
					"rotation": ["-15+math.cos(q.anim_time*90*3-40)*9", 0, 0]
				},
				"tail_middle": {
					"rotation": ["-12.5+math.cos(q.anim_time*90*3-100)*9", 0, 0]
				},
				"tail_right": {
					"rotation": ["-15+math.cos(q.anim_time*90*3-60)*9", 0, 0]
				},
				"hair_left7": {
					"rotation": ["-15-math.sin(q.anim_time*90*3-80)*5", 0, 0]
				},
				"hair_left8": {
					"rotation": ["-25-math.sin(q.anim_time*90*3-120)*5", 0, 0]
				},
				"hair_right7": {
					"rotation": ["-15-math.sin(q.anim_time*90*3-80)*5", 0, 0]
				},
				"hair_right8": {
					"rotation": ["-25-math.sin(q.anim_time*90*3-120)*5", 0, 0]
				},
				"tail_left2": {
					"rotation": ["-65+math.cos(q.anim_time*90*3-80)*9", 0, 0]
				},
				"tail_left3": {
					"rotation": ["70+math.cos(q.anim_time*90*3-120)*9", 0, 0]
				},
				"tail_middle3": {
					"rotation": ["80+math.cos(q.anim_time*90*3-160)*9", 0, 0]
				},
				"tail_middle2": {
					"rotation": ["-57.5+math.cos(q.anim_time*90*3-120)*9", 0, 0]
				},
				"tail_right2": {
					"rotation": ["-65+math.cos(q.anim_time*90*3-100)*9", 0, 0]
				},
				"tail_right3": {
					"rotation": ["70+math.cos(q.anim_time*90*3-140)*9", 0, 0]
				}
			}
		},
		"animation.ostrike.battle_idle": {
			"loop": true,
			"bones": {
				"body": {
					"rotation": [0, -35, 0],
					"position": [0, "-2.2+math.cos(q.anim_time*90*3)*0.3", 0]
				},
				"torso": {
					"rotation": ["25-math.sin(q.anim_time*90*3)*2", 0, 0],
					"position": [0, "0+math.cos(q.anim_time*90*3)*0.2", 0]
				},
				"tuff_front": {
					"rotation": ["-17.5-3.5-math.sin(q.anim_time*90*3-30)*3", 0, 0]
				},
				"tuff_left": {
					"rotation": [0, 0, "-18.5-math.sin(q.anim_time*90*3-30)*3"]
				},
				"tuff_right": {
					"rotation": [0, 0, "18.5+math.sin(q.anim_time*90*3-30)*3"]
				},
				"neck": {
					"rotation": ["44.8421-math.sin(q.anim_time*90*3-60)*1", 11.82782, -14.05836],
					"position": [0, -2, 1.25]
				},
				"neck2": {
					"rotation": ["-47.5-math.sin(q.anim_time*90*3-120)*4", 0, 0]
				},
				"head": {
					"rotation": [-28.55573, 15.81499, -7.59001]
				},
				"hair_left5": {
					"rotation": ["-13-math.sin(q.anim_time*90*3)*5", -21.69, -8.88],
					"position": [0, 0, 0.75]
				},
				"hair_left6": {
					"rotation": ["-7.5-math.sin(q.anim_time*90*3-40)*5", 0, 0]
				},
				"hair_right5": {
					"rotation": ["-13-math.sin(q.anim_time*90*3)*5", 21.69, 8.88],
					"position": [0, 0, 1]
				},
				"hair_right6": {
					"rotation": ["-7.5-math.sin(q.anim_time*90*3-40)*5", 0, 0]
				},
				"wing_left": {
					"rotation": [21.40778, "-3.1075+math.sin(q.anim_time*90*4+30)*10", -357.91609],
					"position": [-0.25, 0.5, -1.25]
				},
				"wing_right": {
					"rotation": [24.93288, "-1.3611-math.sin(q.anim_time*90*4+30)*10", -1.72167],
					"position": [0.25, 0.5, -1.25]
				},
				"tail": {
					"rotation": ["27.5+math.cos(q.anim_time*90*3)*3", 0, 0]
				},
				"tail_left": {
					"rotation": ["-15+math.cos(q.anim_time*90*3-40)*9", 0, 0]
				},
				"tail_middle": {
					"rotation": ["-12.5+math.cos(q.anim_time*90*3-100)*9", 0, 0]
				},
				"tail_right": {
					"rotation": ["-15+math.cos(q.anim_time*90*3-60)*9", 0, 0]
				},
				"wheel": {
					"scale": 0
				},
				"leg_left": {
					"rotation": ["27.329+math.cos(q.anim_time*90*3)*-3", -18.58293, -8.32587],
					"position": ["0+math.cos(q.anim_time*90*3)*-0.04", 0, "math.cos(q.anim_time*90*3)*0.07"]
				},
				"leg_left2": {
					"rotation": ["-69.5+math.cos(q.anim_time*90*3)*6", 0, 0]
				},
				"foot_left": {
					"rotation": ["47.3792+math.cos(q.anim_time*90*3)*-3.5", "-6.0664+math.cos(q.anim_time*90*3)*1.2", 5.91828]
				},
				"toe_left": {
					"rotation": [0, 17.5, 0]
				},
				"toe_left4": {
					"rotation": [0, -10, 0]
				},
				"leg_right": {
					"rotation": ["-4.1814+math.cos(q.anim_time*90*3)*-3", 34.9237, 1.83175],
					"position": [0, 0, "-1.25+math.cos(q.anim_time*90*3)*0.07"]
				},
				"leg_right2": {
					"rotation": ["-50+math.cos(q.anim_time*90*3)*8", 0, 0]
				},
				"foot_right": {
					"rotation": ["55+math.cos(q.anim_time*90*3)*-5.9", 0, 0]
				},
				"toe_right": {
					"rotation": [0, -17.5, 0]
				},
				"toe_right3": {
					"rotation": [0, 0, 0]
				},
				"toe_right4": {
					"rotation": [0, 10, 0]
				},
				"dust": {
					"scale": 0
				},
				"hair_left7": {
					"rotation": ["-15-math.sin(q.anim_time*90*3-80)*5", 0, 0]
				},
				"hair_left8": {
					"rotation": ["-25-math.sin(q.anim_time*90*3-120)*5", 0, 0]
				},
				"hair_right7": {
					"rotation": ["-15-math.sin(q.anim_time*90*3-80)*5", 0, 0]
				},
				"hair_right8": {
					"rotation": ["-25-math.sin(q.anim_time*90*3-120)*5", 0, 0]
				},
				"tail_left2": {
					"rotation": ["-65+math.cos(q.anim_time*90*3-80)*9", 0, 0]
				},
				"tail_left3": {
					"rotation": ["70+math.cos(q.anim_time*90*3-120)*9", 0, 0]
				},
				"tail_right2": {
					"rotation": ["-65+math.cos(q.anim_time*90*3-100)*9", 0, 0]
				},
				"tail_right3": {
					"rotation": ["70+math.cos(q.anim_time*90*3-140)*9", 0, 0]
				},
				"tail_middle2": {
					"rotation": ["-57.5+math.cos(q.anim_time*90*3-120)*9", 0, 0]
				},
				"tail_middle3": {
					"rotation": ["80+math.cos(q.anim_time*90*3-160)*9", 0, 0]
				}
			}
		},
		"animation.ostrike.ground_walk": {
			"loop": true,
			"animation_length": 1.3333,
			"bones": {
				"body": {
					"rotation": ["0+math.cos(q.anim_time*90*3*2+30)*1", 0, 0],
					"position": [
						0,
						"-0.75+math.clamp(math.cos(q.anim_time*90*3*2+30)*0.5,0,1)",
						"0-math.clamp(math.cos(q.anim_time*90*3)*0.3,0,1)-math.clamp(math.cos(q.anim_time*90*3+180)*0.3,0,1)"
					]
				},
				"torso": {
					"rotation": ["15-math.sin(q.anim_time*90*3*2-30)*5", "0+math.sin(q.anim_time*90*3)*-3", "0-math.sin(q.anim_time*90*3)*-2"],
					"position": [0, "0.5+math.clamp(math.cos(q.anim_time*90*3*2)*0.6,0,1)-math.clamp(math.cos(q.anim_time*90*3*2-180)*0.6,0,1)", -1.25]
				},
				"tuff_front": {
					"rotation": ["-12.5-math.cos(q.anim_time*90*3*2-60)*5", 0, 0]
				},
				"tuff_left": {
					"rotation": [0, 0, "-15-math.cos(q.anim_time*90*3*2-60)*5"]
				},
				"tuff_right": {
					"rotation": [0, 0, "15+math.cos(q.anim_time*90*3*2-60)*5"]
				},
				"neck": {
					"rotation": ["47.5-math.sin(q.anim_time*90*3*2-30)*2", 0, "0-math.sin(q.anim_time*90*3-30)*-2"],
					"position": [0, -1.5, 0.5]
				},
				"neck2": {
					"rotation": ["-30-math.sin(q.anim_time*90*3*2-60)*3", 0, "0+math.sin(q.anim_time*90*3-30)*2"]
				},
				"head": {
					"rotation": ["-36.2367+math.sin(q.anim_time*90*4*2-30)*2", 1.91943, 1.7237]
				},
				"hair_left5": {
					"rotation": ["-13-math.sin(q.anim_time*90*3)*5", -21.69, -8.88],
					"position": [0, 0, 0.75]
				},
				"hair_left6": {
					"rotation": ["-7.5-math.sin(q.anim_time*90*3-40)*5", 0, 0]
				},
				"hair_right5": {
					"rotation": ["-13-math.sin(q.anim_time*90*3)*5", 21.69, 8.88],
					"position": [0, 0, 1]
				},
				"hair_right6": {
					"rotation": ["-7.5-math.sin(q.anim_time*90*3-40)*5", 0, 0]
				},
				"tail": {
					"rotation": ["27.5+math.cos(q.anim_time*90*3)*3", 0, 0]
				},
				"tail_left": {
					"rotation": ["-15+math.cos(q.anim_time*90*3-40)*9", 0, 0]
				},
				"tail_middle": {
					"rotation": ["-12.5+math.cos(q.anim_time*90*3-100)*9", 0, 0]
				},
				"tail_right": {
					"rotation": ["-15+math.cos(q.anim_time*90*3-60)*9", 0, 0]
				},
				"wheel": {
					"rotation": {
						"0.0": [0, 0, 0],
						"1.3333": [1080, 0, 0]
					},
					"position": [0, "0.8-math.clamp(math.cos(q.anim_time*90*3*2+30)*0.5,0,1)", 0]
				},
				"leg_left": {
					"rotation": {
						"0.0": ["17.5+math.sin(q.anim_time*90*3-150)*50", 0, 0],
						"0.1667": ["17.5+math.sin(q.anim_time*90*3-150)*50", 0, 0],
						"0.2917": ["30+math.sin(q.anim_time*90*3-150)*50", 0, 0],
						"1.3333": ["17.5+math.sin(q.anim_time*90*3-150)*50", 0, 0]
					},
					"position": [0, "0+math.clamp(math.sin(q.anim_time*90*3-180)*1/2,0,2)", "math.cos(q.anim_time*90*3-180)*0.5"],
					"scale": 0
				},
				"leg_left2": {
					"rotation": {
						"0.0": ["-60-math.sin(q.anim_time*90*3-180)*50", 0, 0],
						"0.1667": ["-60-math.sin(q.anim_time*90*3-180)*50", 0, 0],
						"0.4583": ["-76.5-math.sin(q.anim_time*90*3-180)*50", 0, 0],
						"1.3333": ["-60-math.sin(q.anim_time*90*3-180)*50", 0, 0]
					}
				},
				"foot_left": {
					"rotation": {
						"0.0": ["45+math.clamp(math.sin(q.anim_time*90*3-170)*90,0,90)-math.clamp(math.sin(q.anim_time*90*3-20)*20,0,90)", 0, 0],
						"0.25": [39.27, 0, 0],
						"0.4583": [28.45, 0, 0],
						"0.5833": ["55+math.clamp(math.sin(q.anim_time*90*3-170)*90,0,90)-math.clamp(math.sin(q.anim_time*90*3-20)*20,0,90)", 0, 0],
						"1.3333": ["45+math.clamp(math.sin(q.anim_time*90*3-170)*90,0,90)-math.clamp(math.sin(q.anim_time*90*3-20)*20,0,90)", 0, 0]
					}
				},
				"toe_left": {
					"rotation": {
						"0.0": ["17.5-math.cos(q.anim_time*90*3-150)*30", "7.5+math.cos(q.anim_time*90*3-150)*10", 0],
						"0.4167": ["27.5-math.cos(q.anim_time*90*3-150)*30", "7.5+math.cos(q.anim_time*90*3-150)*10", 0],
						"0.5": ["20-math.cos(q.anim_time*90*3-150)*30", "7.5+math.cos(q.anim_time*90*3-150)*10", 0],
						"1.3333": ["17.5-math.cos(q.anim_time*90*3-150)*30", "7.5+math.cos(q.anim_time*90*3-150)*10", 0]
					}
				},
				"toe_left2": {
					"rotation": {
						"0.0": ["17.5-math.cos(q.anim_time*90*3-150)*30", 0, 0],
						"0.4167": ["27.5-math.cos(q.anim_time*90*3-150)*30", 0, 0],
						"0.5": ["20-math.cos(q.anim_time*90*3-150)*30", 0, 0],
						"1.3333": ["17.5-math.cos(q.anim_time*90*3-150)*30", 0, 0]
					}
				},
				"toe_left3": {
					"rotation": {
						"0.0": ["-25+math.cos(q.anim_time*90*3-110)*30", 0, 0],
						"0.375": ["-27.5+math.cos(q.anim_time*90*3-110)*30", 0, 0],
						"0.5": ["-35+math.cos(q.anim_time*90*3-110)*30", 0, 0],
						"1.3333": ["-25+math.cos(q.anim_time*90*3-110)*30", 0, 0]
					}
				},
				"toe_left4": {
					"rotation": {
						"0.0": ["17.5-math.cos(q.anim_time*90*3-150)*30", "-7.5-math.cos(q.anim_time*90*3-150)*10", 0],
						"0.4167": ["27.5-math.cos(q.anim_time*90*3-150)*30", "-7.5-math.cos(q.anim_time*90*3-150)*10", 0],
						"0.4583": [0.14, "-7.5-math.cos(q.anim_time*90*3-150)*10", 0],
						"0.5": [-5.41, "-7.5-math.cos(q.anim_time*90*3-150)*10", 0],
						"0.7917": ["17.5-math.cos(q.anim_time*90*3-150)*30", "-7.5-math.cos(q.anim_time*90*3-150)*10", 0],
						"1.3333": ["17.5-math.cos(q.anim_time*90*3-150)*30", "-7.5-math.cos(q.anim_time*90*3-150)*10", 0]
					}
				},
				"leg_right": {
					"rotation": {
						"0.0": ["17.5+math.sin(q.anim_time*90*3+30)*50", 0, 0],
						"0.9583": ["26.2+math.sin(q.anim_time*90*3+30)*50", 0, 0],
						"1.0417": ["26+math.sin(q.anim_time*90*3+30)*50", 0, 0],
						"1.3333": ["17.5+math.sin(q.anim_time*90*3+30)*50", 0, 0]
					},
					"position": [0, "0+math.clamp(math.sin(q.anim_time*90*3)*1/2,0,2)", "math.cos(q.anim_time*90*3)*1"],
					"scale": 0
				},
				"leg_right2": {
					"rotation": {
						"0.0": ["-60-math.sin(q.anim_time*90*3)*50", 0, 0],
						"0.875": ["-70-math.sin(q.anim_time*90*3)*50", 0, 0],
						"0.9583": ["-62.5-math.sin(q.anim_time*90*3)*50", 0, 0],
						"1.1667": ["-72.5-math.sin(q.anim_time*90*3)*50", 0, 0],
						"1.3333": ["-60-math.sin(q.anim_time*90*3)*50", 0, 0]
					}
				},
				"foot_right": {
					"rotation": {
						"0.0": ["45+math.clamp(math.sin(q.anim_time*90*3+10)*90,0,90)-math.clamp(math.sin(q.anim_time*90*3+160)*20,0,90)", 0, 0],
						"1.0417": ["50+math.clamp(math.sin(q.anim_time*90*3)*90,0,90)-math.clamp(math.sin(q.anim_time*90*3+160)*20,0,90)", 0, 0],
						"1.0833": [30.85, 0, 0],
						"1.1667": [27.5, 0, 0],
						"1.25": [42, 0, 0],
						"1.3333": ["61.5+math.clamp(math.sin(q.anim_time*90*3)*90,0,90)-math.clamp(math.sin(q.anim_time*90*3+160)*20,0,90)", 0, 0]
					}
				},
				"toe_right": {
					"rotation": {
						"0.0": ["27.5-math.cos(q.anim_time*90*3+30)*30", "-7.5-math.cos(q.anim_time*90*3+30)*10", 0],
						"0.7917": [41.31, "-7.5-math.cos(q.anim_time*90*3+30)*10", 0],
						"1.0417": [0, "-7.5-math.cos(q.anim_time*90*3+30)*10", 0],
						"1.1667": [0, "-7.5-math.cos(q.anim_time*90*3+30)*10", 0],
						"1.25": [-16.12167, "-7.5-math.cos(q.anim_time*90*3+30)*10", 0],
						"1.3333": ["17.5-math.cos(q.anim_time*90*3+30)*30", "-7.5-math.cos(q.anim_time*90*3+30)*10", 0]
					}
				},
				"toe_right2": {
					"rotation": {
						"0.0": ["27.5-math.cos(q.anim_time*90*3+30)*30", 0, 0],
						"0.7917": [40.31, 0, 0],
						"1.0417": [0, 0, 0],
						"1.1667": [0, 0, 0],
						"1.25": [-18.62, 0, 0],
						"1.3333": ["17.5-math.cos(q.anim_time*90*3+30)*30", 0, 0]
					}
				},
				"toe_right3": {
					"rotation": {
						"0.0": ["-25+math.cos(q.anim_time*90*3+70)*30", 0, 0],
						"0.75": ["-44.79+math.cos(q.anim_time*90*3+70)*30", 0, 0],
						"1.0417": ["-30+math.cos(q.anim_time*90*3+70)*30", 0, 0],
						"1.1667": ["-25+math.cos(q.anim_time*90*3+70)*30", 0, 0],
						"1.25": ["-27.75+math.cos(q.anim_time*90*3+70)*30", 0, 0],
						"1.3333": ["-25+math.cos(q.anim_time*90*3+70)*30", 0, 0]
					}
				},
				"toe_right4": {
					"rotation": {
						"0.0": ["27.5-math.cos(q.anim_time*90*3+30)*30", "7.5+math.cos(q.anim_time*90*3+30)*10", 0],
						"0.7917": [43.31, "7.5+math.cos(q.anim_time*90*3+30)*10", 0],
						"1.0417": [0, "7.5+math.cos(q.anim_time*90*3+30)*10", 0],
						"1.1667": [0, "7.5+math.cos(q.anim_time*90*3+30)*10", 0],
						"1.25": [-13.62167, "7.5+math.cos(q.anim_time*90*3+30)*10", 0],
						"1.3333": ["17.5-math.cos(q.anim_time*90*3+30)*30", "7.5+math.cos(q.anim_time*90*3+30)*10", 0]
					}
				},
				"wing_left": {
					"rotation": [24.47761, -5.24826, 11.36081],
					"position": [0, 1, 0]
				},
				"wing_right": {
					"rotation": [24.47761, 5.24826, -11.36081],
					"position": [0, 1, 0]
				},
				"hair_left7": {
					"rotation": ["-15-math.sin(q.anim_time*90*3-80)*5", 0, 0]
				},
				"hair_left8": {
					"rotation": ["-25-math.sin(q.anim_time*90*3-120)*5", 0, 0]
				},
				"hair_right7": {
					"rotation": ["-15-math.sin(q.anim_time*90*3-80)*5", 0, 0]
				},
				"hair_right8": {
					"rotation": ["-25-math.sin(q.anim_time*90*3-120)*5", 0, 0]
				},
				"tail_left2": {
					"rotation": ["-65+math.cos(q.anim_time*90*3-80)*9", 0, 0]
				},
				"tail_left3": {
					"rotation": ["70+math.cos(q.anim_time*90*3-120)*9", 0, 0]
				},
				"tail_middle2": {
					"rotation": ["-57.5+math.cos(q.anim_time*90*3-120)*9", 0, 0]
				},
				"tail_middle3": {
					"rotation": ["80+math.cos(q.anim_time*90*3-160)*9", 0, 0]
				},
				"tail_right2": {
					"rotation": ["-65+math.cos(q.anim_time*90*3-100)*9", 0, 0]
				},
				"tail_right3": {
					"rotation": ["70+math.cos(q.anim_time*90*3-140)*9", 0, 0]
				}
			},
			"particle_effects": {
				"0.0": {
					"effect": "dust",
					"locator": "dust"
				}
			}
		},
		"animation.ostrike.blink": {
			"animation_length": 0.2917,
			"bones": {
				"eyelid_left": {
					"position": {
						"0.0": [0, 0, 0],
						"0.0417": {
							"pre": [0, 0, 0],
							"post": [1, 0, 0]
						},
						"0.2917": {
							"pre": [1, 0, 0],
							"post": [0, 0, 0]
						}
					}
				},
				"eyelid_right": {
					"position": {
						"0.0": [0, 0, 0],
						"0.0417": {
							"pre": [0, 0, 0],
							"post": [-1, 0, 0]
						},
						"0.2917": {
							"pre": [-1, 0, 0],
							"post": [0, 0, 0]
						}
					}
				}
			}
		},
		"animation.ostrike.sleep": {
			"loop": true,
			"bones": {
				"body": {
					"position": [0, "-0.7+math.cos(q.anim_time*90*3)*0.3", 0]
				},
				"torso": {
					"rotation": ["42.5012-math.sin(q.anim_time*90*2)*2", 0, -1],
					"position": [0, "-1+math.cos(q.anim_time*90*2)*0.2", -0.25]
				},
				"tuff_front": {
					"rotation": ["-10-3.5-math.sin(q.anim_time*90*2-30)*3", 0, 0]
				},
				"tuff_left": {
					"rotation": [0, 0, "-21-math.sin(q.anim_time*90*2-30)*3"]
				},
				"tuff_right": {
					"rotation": [0, 0, "21+math.sin(q.anim_time*90*2-30)*3"]
				},
				"neck": {
					"rotation": ["107.8274-math.sin(q.anim_time*90*2-30)*2", -2.45771, 1.12495],
					"position": [0, -3.25, -0.75]
				},
				"neck2": {
					"rotation": ["22.5-math.sin(q.anim_time*90*2-60)*2", 0, 0],
					"position": [0, -1.25, 0.25]
				},
				"head": {
					"rotation": [2.5, 0, 0],
					"position": [0, 0.75, 0.5]
				},
				"jaw4": {
					"position": [0, 0.25, 0]
				},
				"hair_left5": {
					"rotation": ["-13-math.sin(q.anim_time*90*3)*5", -21.69, -8.88]
				},
				"hair_left6": {
					"rotation": ["-7.5-math.sin(q.anim_time*90*3-40)*5", 0, 0]
				},
				"hair_right5": {
					"rotation": ["-13-math.sin(q.anim_time*90*3)*5", 21.69, 8.88]
				},
				"hair_right6": {
					"rotation": ["-7.5-math.sin(q.anim_time*90*3-40)*5", 0, 0]
				},
				"wing_left": {
					"rotation": [12.31307, "-20.5962+math.sin(q.anim_time*60*4+30)*1", -326.02422]
				},
				"wing_right": {
					"rotation": [22.33715, "10.9048+math.sin(q.anim_time*60*4+30)*1", -29.27241]
				},
				"tail": {
					"rotation": ["27.5+math.cos(q.anim_time*90*3)*3", 0, 0]
				},
				"tail_left": {
					"rotation": ["-15+math.cos(q.anim_time*90*3-40)*9", 0, 0]
				},
				"tail_middle": {
					"rotation": ["-12.5+math.cos(q.anim_time*90*3-100)*9", 0, 0]
				},
				"tail_right": {
					"rotation": ["-15+math.cos(q.anim_time*90*3-60)*9", 0, 0]
				},
				"wheel": {
					"scale": 0
				},
				"leg_left": {
					"rotation": ["10+math.cos(q.anim_time*90*3)*-5", -17.5, 0],
					"position": ["math.cos(q.anim_time*90*3)*-0.02", "math.cos(q.anim_time*90*6)*-0.02", "math.cos(q.anim_time*90*3)*0.07"]
				},
				"leg_left2": {
					"rotation": ["-35+math.cos(q.anim_time*90*3)*10", 0, 0]
				},
				"foot_left": {
					"rotation": ["25+math.cos(q.anim_time*90*3)*-5", 0, 0],
					"position": [0, 0, 0]
				},
				"toe_left": {
					"rotation": [0, 17.5, 0],
					"position": [0.5, 0, 1.75]
				},
				"toe_left4": {
					"rotation": [0, -10, 0],
					"position": [-0.25, 0, -0.25]
				},
				"leg_right": {
					"rotation": ["10+math.cos(q.anim_time*90*3)*-5", 17.5, 0],
					"position": ["-(math.cos(q.anim_time*90*3)*-0.02)", "math.cos(q.anim_time*90*6)*-0.02", "math.cos(q.anim_time*90*3)*0.07"]
				},
				"leg_right2": {
					"rotation": ["-35+math.cos(q.anim_time*90*3)*10", 0, 0]
				},
				"foot_right": {
					"rotation": ["25+math.cos(q.anim_time*90*3)*-5", 0, 0]
				},
				"toe_right": {
					"rotation": [0, -17.5, 0],
					"position": [-0.25, 0, 0.75]
				},
				"toe_right3": {
					"rotation": [0, 0, 0]
				},
				"toe_right4": {
					"rotation": [0, 10, 0],
					"position": [0.5, 0, 0]
				},
				"dust": {
					"scale": 0
				},
				"eyelid_left": {
					"position": [1, 0, 0]
				},
				"hair_left7": {
					"rotation": ["-15-math.sin(q.anim_time*90*3-80)*5", 0, 0]
				},
				"hair_left8": {
					"rotation": ["-25-math.sin(q.anim_time*90*3-120)*5", 0, 0]
				},
				"hair_right7": {
					"rotation": ["-15-math.sin(q.anim_time*90*3-80)*5", 0, 0]
				},
				"hair_right8": {
					"rotation": ["-25-math.sin(q.anim_time*90*3-120)*5", 0, 0]
				},
				"tail_left2": {
					"rotation": ["-65+math.cos(q.anim_time*90*3-80)*9", 0, 0]
				},
				"tail_left3": {
					"rotation": ["70+math.cos(q.anim_time*90*3-120)*9", 0, 0]
				},
				"tail_middle2": {
					"rotation": ["-57.5+math.cos(q.anim_time*90*3-120)*9", 0, 0]
				},
				"tail_middle3": {
					"rotation": ["80+math.cos(q.anim_time*90*3-160)*9", 0, 0]
				},
				"tail_right2": {
					"rotation": ["-65+math.cos(q.anim_time*90*3-100)*9", 0, 0]
				},
				"tail_right3": {
					"rotation": ["70+math.cos(q.anim_time*90*3-140)*9", 0, 0]
				},
				"eyelid_right": {
					"position": [-1, 0, 0]
				}
			}
		},
		"animation.ostrike.faint": {
			"animation_length": 14.125,
			"bones": {
				"body": {
					"rotation": [0, -35, 0],
					"position": {
						"0.0": [0, "-2.2+math.cos(q.anim_time*90*3)*0.3", 0],
						"1.5833": [0, "-0.7+math.cos(q.anim_time*90*3)*0.3", 0]
					}
				},
				"torso": {
					"rotation": {
						"0.0": ["25-math.sin(q.anim_time*90*3)*2", 0, 0],
						"1.5833": ["42.5012-math.sin(q.anim_time*90*2)*2", 0, -1]
					},
					"position": {
						"0.0": [0, "0+math.cos(q.anim_time*90*3)*0.2", 0],
						"1.5833": [0, "-1+math.cos(q.anim_time*90*2)*0.2", -0.25]
					}
				},
				"tuff_front": {
					"rotation": {
						"0.0": ["-17.5-3.5-math.sin(q.anim_time*90*3-30)*3", 0, 0],
						"1.5833": ["-10-3.5-math.sin(q.anim_time*90*2-30)*3", 0, 0]
					}
				},
				"tuff_left": {
					"rotation": {
						"0.0": [0, 0, "-18.5-math.sin(q.anim_time*90*3-30)*3"],
						"1.5833": [0, 0, "-36-math.sin(q.anim_time*90*2-30)*3"]
					}
				},
				"tuff_right": {
					"rotation": {
						"0.0": [0, 0, "18.5+math.sin(q.anim_time*90*3-30)*3"],
						"1.5833": [0, 0, "36+math.sin(q.anim_time*90*2-30)*3"]
					}
				},
				"neck": {
					"rotation": {
						"0.0": ["44.8421-math.sin(q.anim_time*90*3-60)*1", 11.82782, -14.05836],
						"0.0833": [0, 0, 0],
						"0.25": {
							"pre": [-2.04488, -0.1894, 0.22512],
							"post": [-2.04488, -0.1894, 0.22512],
							"lerp_mode": "catmullrom"
						},
						"0.2917": {
							"post": [10, 0, 0],
							"lerp_mode": "catmullrom"
						},
						"0.4583": {
							"post": [7, 0, 0],
							"lerp_mode": "catmullrom"
						},
						"0.625": {
							"post": [22, 0, 0],
							"lerp_mode": "catmullrom"
						},
						"0.9167": {
							"post": [-2.5, 0, 0],
							"lerp_mode": "catmullrom"
						},
						"1.3333": [0, 0, 0],
						"1.5833": ["107.8274-math.sin(q.anim_time*90*2-30)*2", -2.45771, 1.12495]
					},
					"position": {
						"0.0": [0, -2, 1.25],
						"1.3333": [0, -2.3, 0.31],
						"1.5833": [0, -3.25, -0.75]
					}
				},
				"neck2": {
					"rotation": {
						"0.0": ["-47.5-math.sin(q.anim_time*90*3-120)*4", 0, 0],
						"0.0833": [0, 0, 0],
						"0.25": {
							"pre": [-30, 11, 0],
							"post": [-30, 11, 0],
							"lerp_mode": "catmullrom"
						},
						"0.4167": {
							"post": [14, 0, 0],
							"lerp_mode": "catmullrom"
						},
						"0.625": [10, 0, 0],
						"1.2083": [0, 0, 0],
						"1.5833": ["22.5-math.sin(q.anim_time*90*2-60)*2", 0, 0]
					},
					"position": {
						"0.0": [0, 0, 0],
						"0.4583": [0, -0.58, 0.07],
						"1.5833": [0, -1.25, 0.25]
					}
				},
				"head": {
					"rotation": {
						"0.0": [-28.55573, 15.81499, -7.59001],
						"1.5833": [2.5, 0, 0]
					},
					"position": [0, 0.75, 0.5]
				},
				"jaw4": {
					"rotation": {
						"0.0833": [0, 0, 0],
						"0.25": {
							"pre": [35, 0, 0],
							"post": [35, 0, 0],
							"lerp_mode": "catmullrom"
						},
						"0.375": {
							"post": [33, 0, 0],
							"lerp_mode": "catmullrom"
						},
						"0.4583": [0, 0, 0],
						"0.8333": [0, 0, 0]
					},
					"position": [0, 0.25, 0]
				},
				"hair_left5": {
					"rotation": {
						"0.0": ["-13-math.sin(q.anim_time*90*3)*5", -21.69, -8.88],
						"1.5833": ["-15-math.sin(q.anim_time*90*2-120)*3", 0, -15]
					},
					"position": [0, 0, 0.75]
				},
				"hair_left6": {
					"rotation": {
						"0.0": ["-7.5-math.sin(q.anim_time*90*3-40)*5", 0, 0],
						"1.5833": ["-32.5-math.sin(q.anim_time*90*2-160)*5", 0, 0]
					}
				},
				"hair_right5": {
					"rotation": {
						"0.0": ["-13-math.sin(q.anim_time*90*3)*5", 21.69, 8.88],
						"1.5833": ["-15-math.sin(q.anim_time*90*2-120)*3", 0, 15]
					},
					"position": [0, 0, 1]
				},
				"hair_right6": {
					"rotation": {
						"0.0": ["-7.5-math.sin(q.anim_time*90*3-40)*5", 0, 0],
						"1.5833": ["-32.5-math.sin(q.anim_time*90*2-160)*5", 0, 0]
					}
				},
				"wing_left": {
					"rotation": {
						"0.0": [21.48442, "-10.0895-math.sin(q.anim_time*90*4+30)*10", 0],
						"1.5833": [23.28654, "-8.9504-math.sin(q.anim_time*60*4+30)*1", 24.5678]
					}
				},
				"wing_right": {
					"rotation": {
						"0.0": [24.93288, "-1.3611+math.sin(q.anim_time*90*4+30)*10", -1.72167],
						"1.5833": [23.28654, "8.9504+math.sin(q.anim_time*60*4+30)*1", -24.56783]
					}
				},
				"tail": {
					"rotation": ["27.5+math.cos(q.anim_time*90*3)*3", 0, 0]
				},
				"tail_left": {
					"rotation": {
						"0.0": ["-15+math.cos(q.anim_time*90*3-40)*9", 0, 0],
						"1.5833": ["-27.5+math.cos(q.anim_time*90*2-30)*3", 0, 0]
					}
				},
				"tail_middle": {
					"rotation": {
						"0.0": ["-12.5+math.cos(q.anim_time*90*3-100)*9", 0, 0],
						"1.5833": ["-17.5+math.cos(q.anim_time*90*2-50)*3", 0, 0]
					}
				},
				"tail_right": {
					"rotation": {
						"0.0": ["-15+math.cos(q.anim_time*90*3-60)*9", 0, 0],
						"1.5833": ["-27.5+math.cos(q.anim_time*90*2-30)*3", 0, 0]
					}
				},
				"wheel": {
					"scale": {
						"0.0": [0, 0, 0],
						"1.5833": [0, 0, 0]
					}
				},
				"leg_left": {
					"rotation": {
						"0.0": ["27.329+math.cos(q.anim_time*90*3)*-3", -18.58293, -8.32587],
						"1.5833": ["10+math.cos(q.anim_time*90*3)*-5", -17.5, 0]
					},
					"position": {
						"0.0": ["0+math.cos(q.anim_time*90*3)*-0.04", 0, "math.cos(q.anim_time*90*3)*0.07"],
						"1.5833": ["math.cos(q.anim_time*90*3)*-0.02", "math.cos(q.anim_time*90*6)*-0.02", "math.cos(q.anim_time*90*3)*0.07"]
					}
				},
				"leg_left2": {
					"rotation": {
						"0.0": ["-69.5+math.cos(q.anim_time*90*3)*6", 0, 0],
						"1.5833": ["-35+math.cos(q.anim_time*90*3)*10", 0, 0]
					}
				},
				"foot_left": {
					"rotation": {
						"0.0": ["47.3792+math.cos(q.anim_time*90*3)*-3.5", "-6.0664+math.cos(q.anim_time*90*3)*1.2", 5.91828],
						"1.5833": ["25+math.cos(q.anim_time*90*3)*-5", 0, 0]
					},
					"position": [0, 0, 0]
				},
				"toe_left": {
					"rotation": {
						"0.0": [0, 17.5, 0],
						"1.5833": [0, 17.5, 0]
					},
					"position": [0.5, 0, 1.75]
				},
				"toe_left4": {
					"rotation": {
						"0.0": [0, -10, 0],
						"1.5833": [0, -10, 0]
					},
					"position": [-0.25, 0, -0.25]
				},
				"leg_right": {
					"rotation": {
						"0.0": ["-4.1814+math.cos(q.anim_time*90*3)*-3", 34.9237, 1.83175],
						"1.5833": ["10+math.cos(q.anim_time*90*3)*-5", 17.5, 0]
					},
					"position": {
						"0.0": [0, 0, "-1.25+math.cos(q.anim_time*90*3)*0.07"],
						"1.5833": ["-(math.cos(q.anim_time*90*3)*-0.02)", "math.cos(q.anim_time*90*6)*-0.02", "math.cos(q.anim_time*90*3)*0.07"]
					}
				},
				"leg_right2": {
					"rotation": {
						"0.0": ["-50+math.cos(q.anim_time*90*3)*8", 0, 0],
						"1.5833": ["-35+math.cos(q.anim_time*90*3)*10", 0, 0]
					}
				},
				"foot_right": {
					"rotation": {
						"0.0": ["55+math.cos(q.anim_time*90*3)*-5.9", 0, 0],
						"1.5833": ["25+math.cos(q.anim_time*90*3)*-5", 0, 0]
					}
				},
				"toe_right": {
					"rotation": {
						"0.0": [0, -17.5, 0],
						"1.5833": [0, -17.5, 0]
					},
					"position": [-0.25, 0, 0.75]
				},
				"toe_right3": {
					"rotation": {
						"0.0": [0, 0, 0],
						"1.5833": [0, 0, 0]
					}
				},
				"toe_right4": {
					"rotation": {
						"0.0": [0, 10, 0],
						"1.5833": [0, 10, 0]
					},
					"position": [0.5, 0, 0]
				},
				"dust": {
					"scale": {
						"0.0": [0, 0, 0],
						"1.5833": [0, 0, 0]
					}
				},
				"eyelid_left": {
					"position": {
						"0.0": [0, 0, 0],
						"0.0833": {
							"pre": [0, 0, 0],
							"post": [1, 0, 0]
						},
						"0.3333": {
							"pre": [1, 0, 0],
							"post": [0, 0, 0]
						},
						"0.6667": {
							"pre": [0, 0, 0],
							"post": [0, 0, 0]
						},
						"0.75": {
							"pre": [0, 0, 0],
							"post": [1, 0, 0]
						},
						"1.0": {
							"pre": [1, 0, 0],
							"post": [0, 0, 0]
						},
						"1.4167": {
							"pre": [0, 0, 0],
							"post": [1, 0, 0]
						}
					}
				},
				"hair_left7": {
					"rotation": ["-15-math.sin(q.anim_time*90*3-80)*5", 0, 0]
				},
				"hair_left8": {
					"rotation": ["-25-math.sin(q.anim_time*90*3-120)*5", 0, 0]
				},
				"hair_right7": {
					"rotation": ["-15-math.sin(q.anim_time*90*3-80)*5", 0, 0]
				},
				"hair_right8": {
					"rotation": ["-25-math.sin(q.anim_time*90*3-120)*5", 0, 0]
				},
				"tail_left2": {
					"rotation": ["-65+math.cos(q.anim_time*90*3-80)*9", 0, 0]
				},
				"tail_left3": {
					"rotation": ["70+math.cos(q.anim_time*90*3-120)*9", 0, 0]
				},
				"tail_middle2": {
					"rotation": ["-57.5+math.cos(q.anim_time*90*3-120)*9", 0, 0]
				},
				"tail_middle3": {
					"rotation": ["80+math.cos(q.anim_time*90*3-160)*9", 0, 0]
				},
				"tail_right2": {
					"rotation": ["-65+math.cos(q.anim_time*90*3-100)*9", 0, 0]
				},
				"tail_right3": {
					"rotation": ["70+math.cos(q.anim_time*90*3-140)*9", 0, 0]
				},
				"eyelid_right": {
					"position": {
						"0.0": [0, 0, 0],
						"0.0833": {
							"pre": [0, 0, 0],
							"post": [-1, 0, 0]
						},
						"0.3333": {
							"pre": [-1, 0, 0],
							"post": [0, 0, 0]
						},
						"0.6667": {
							"pre": [0, 0, 0],
							"post": [0, 0, 0]
						},
						"0.75": {
							"pre": [0, 0, 0],
							"post": [-1, 0, 0]
						},
						"1.0": {
							"pre": [-1, 0, 0],
							"post": [0, 0, 0]
						},
						"1.4167": {
							"pre": [0, 0, 0],
							"post": [-1, 0, 0]
						}
					}
				}
			}
		},
		"animation.ostrike.cry": {
			"animation_length": 0.5,
			"bones": {
				"neck2": {
					"rotation": {
						"0.0": {
							"post": [0, 0, 0],
							"lerp_mode": "catmullrom"
						},
						"0.0833": {
							"post": [-15, 0, 0],
							"lerp_mode": "catmullrom"
						},
						"0.1667": {
							"post": [0, 0, 0],
							"lerp_mode": "catmullrom"
						},
						"0.25": {
							"post": [-15, 0, 0],
							"lerp_mode": "catmullrom"
						},
						"0.3333": {
							"post": [0, 0, 0],
							"lerp_mode": "catmullrom"
						},
						"0.4167": {
							"post": [-15, 0, 0],
							"lerp_mode": "catmullrom"
						},
						"0.5": {
							"post": [0, 0, 0],
							"lerp_mode": "catmullrom"
						}
					}
				},
				"jaw4": {
					"rotation": {
						"0.0": {
							"post": [0, 0, 0],
							"lerp_mode": "catmullrom"
						},
						"0.0833": {
							"post": [40, 0, 0],
							"lerp_mode": "catmullrom"
						},
						"0.1667": {
							"post": [0, 0, 0],
							"lerp_mode": "catmullrom"
						},
						"0.25": {
							"post": [40, 0, 0],
							"lerp_mode": "catmullrom"
						},
						"0.3333": {
							"post": [0, 0, 0],
							"lerp_mode": "catmullrom"
						},
						"0.4167": {
							"post": [40, 0, 0],
							"lerp_mode": "catmullrom"
						},
						"0.5": {
							"post": [0, 0, 0],
							"lerp_mode": "catmullrom"
						}
					}
				}
			},
			"sound_effects": {
				"0.0": {
					"effect": "pokemon.ostrike.cry"
				}
			}
		},
		"animation.ostrike.recoil": {
			"animation_length": 1.5417,
			"bones": {
				"torso": {
					"rotation": {
						"0.0": [0, 0, 0],
						"0.0417": [-13, 0, 0],
						"0.5833": {
							"pre": [8.66, 0, 0],
							"post": [8.66, 0, 0],
							"lerp_mode": "catmullrom"
						},
						"1.0833": {
							"post": [-2, 0, 0],
							"lerp_mode": "catmullrom"
						},
						"1.5": [0, 0, 0]
					}
				},
				"neck": {
					"rotation": {
						"0.0": [0, 0, 0],
						"0.0417": {
							"pre": [11, 0, 0],
							"post": [11, 0, 0],
							"lerp_mode": "catmullrom"
						},
						"0.1667": {
							"post": [-9.58, 0, 0],
							"lerp_mode": "catmullrom"
						},
						"0.375": {
							"post": [-7, 0, 0],
							"lerp_mode": "catmullrom"
						},
						"0.7083": {
							"post": [-3.3, 0, 0],
							"lerp_mode": "catmullrom"
						},
						"1.0417": {
							"post": [0.7, 0, 0],
							"lerp_mode": "catmullrom"
						},
						"1.4583": [0, 0, 0]
					}
				},
				"neck2": {
					"rotation": {
						"0.0": [0, 0, 0],
						"0.0417": {
							"pre": [11, 0, 0],
							"post": [11, 0, 0],
							"lerp_mode": "catmullrom"
						},
						"0.1667": {
							"post": [-9.58, 0, 0],
							"lerp_mode": "catmullrom"
						},
						"0.375": {
							"post": [-7, 0, 0],
							"lerp_mode": "catmullrom"
						},
						"0.7083": {
							"post": [-3.3, 0, 0],
							"lerp_mode": "catmullrom"
						},
						"1.0417": {
							"post": [0.7, 0, 0],
							"lerp_mode": "catmullrom"
						},
						"1.4583": [0, 0, 0]
					}
				},
				"eyelid_left": {
					"position": {
						"0.0": [0, 0, 0],
						"0.0833": {
							"pre": [0, 0, 0],
							"post": [1, 0, 0]
						},
						"0.3333": {
							"pre": [1, 0, 0],
							"post": [0, 0, 0]
						}
					}
				},
				"wing_left": {
					"rotation": {
						"0.0": [0, 0, 0],
						"0.1667": {
							"pre": [0, -20, 0],
							"post": [0, -20, 0],
							"lerp_mode": "catmullrom"
						},
						"0.625": {
							"post": [0, 6.21, 0],
							"lerp_mode": "catmullrom"
						},
						"1.5": [0, 0, 0]
					}
				},
				"wing_right": {
					"rotation": {
						"0.0": [0, 0, 0],
						"0.1667": {
							"pre": [0, 20, 0],
							"post": [0, 20, 0],
							"lerp_mode": "catmullrom"
						},
						"0.625": {
							"post": [0, -6.21, 0],
							"lerp_mode": "catmullrom"
						},
						"1.5": [0, 0, 0]
					}
				},
				"eyelid_right": {
					"position": {
						"0.0": [0, 0, 0],
						"0.0833": {
							"pre": [0, 0, 0],
							"post": [-1, 0, 0]
						},
						"0.3333": {
							"pre": [-1, 0, 0],
							"post": [0, 0, 0]
						}
					}
				}
			}
		}
	}
}