{
	"format_version": "1.12.0",
	"minecraft:geometry": [
		{
			"description": {
				"identifier": "geometry.gorochu_scrappedmons",
				"texture_width": 128,
				"texture_height": 128,
				"visible_bounds_width": 8,
				"visible_bounds_height": 4,
				"visible_bounds_offset": [0, 1, 0]
			},
			"bones": [
				{
					"name": "gorochu",
					"pivot": [0, -1, 0]
				},
				{
					"name": "body",
					"parent": "gorochu",
					"pivot": [0, 7, 0.5]
				},
				{
					"name": "torso",
					"parent": "body",
					"pivot": [0, 6.85, 0.5],
					"cubes": [
						{"origin": [-4.5, 12.65, -3], "size": [9, 3, 7], "uv": [55, 67]},
						{"origin": [-5.5, 3.85, -4], "size": [11, 9, 9], "uv": [44, 86], "mirror": true}
					]
				},
				{
					"name": "head",
					"parent": "torso",
					"pivot": [0, 15.75, 0.25],
					"cubes": [
						{"origin": [-4.5, 15.05, -3.75], "size": [9, 8, 8], "inflate": 0.01, "uv": [0, 1]},
						{"origin": [-0.5, 17.43, -4.33], "size": [1, 1, 1], "pivot": [0, 17.8, -3.3], "rotation": [12.5, 0, 0], "uv": [27, 0]},
						{"origin": [-4.5, 15.4, -4.3], "size": [9, 3, 2], "inflate": 0.02, "pivot": [-0.5, 17.8, -3.3], "rotation": [12.5, 0, 0], "uv": [22, 26]},
						{"origin": [-4.5, 17.9, -3.3], "size": [0, 1, 1], "inflate": 0.03, "pivot": [-0.5, 17.8, -3.3], "rotation": [12.5, 0, 0], "uv": [23, 31]},
						{"origin": [4.5, 15.9, -3.3], "size": [0, 1, 1], "inflate": 0.03, "pivot": [0.5, 17.8, -3.3], "rotation": [12.5, 0, 0], "uv": [23, 32], "mirror": true},
						{"origin": [-3.8, 22.05, -4.15], "size": [2, 3, 2], "pivot": [-2.8, 24.05, -3.85], "rotation": [12.31594, 2.15393, -9.76758], "uv": [78, 25]},
						{"origin": [-3.3, 25.05, -3.65], "size": [1, 3, 1], "inflate": 0.02, "pivot": [-2.8, 24.05, -3.85], "rotation": [12.31594, 2.15393, -9.76758], "uv": [79, 38]},
						{"origin": [2.3, 25.05, -3.65], "size": [1, 3, 1], "inflate": 0.02, "pivot": [2.8, 24.05, -3.85], "rotation": [12.31594, -2.15393, 9.76758], "uv": [79, 38], "mirror": true},
						{"origin": [1.8, 22.05, -4.15], "size": [2, 3, 2], "pivot": [2.8, 24.05, -3.85], "rotation": [12.31594, -2.15393, 9.76758], "uv": [78, 25], "mirror": true},
						{"origin": [3.97365, 26.16297, 1.02026], "size": [1, 4, 1], "inflate": 0.02, "pivot": [4.47365, 25.16297, 0.22026], "rotation": [-13.78051, -20.26038, 25.24503], "uv": [93, 46], "mirror": true},
						{"origin": [3.47365, 22.16297, 0.52026], "size": [2, 4, 2], "pivot": [4.47365, 25.16297, 0.22026], "rotation": [-13.78051, -20.26038, 25.24503], "uv": [92, 62], "mirror": true},
						{"origin": [4.40554, 21.46215, 1.39583], "size": [4, 7, 0], "pivot": [3.90554, 25.06215, 1.49583], "rotation": [-27.67816, -62.7041, 46.55776], "uv": [99, 90], "mirror": true},
						{"origin": [-8.40554, 21.46215, 1.39583], "size": [4, 7, 0], "pivot": [-3.90554, 25.06215, 1.49583], "rotation": [-27.67816, 62.7041, -46.55776], "uv": [99, 90]},
						{"origin": [-4.97365, 26.16297, 1.02026], "size": [1, 4, 1], "inflate": 0.02, "pivot": [-4.47365, 25.16297, 0.22026], "rotation": [-13.78051, 20.26038, -25.24503], "uv": [93, 46]},
						{"origin": [-5.47365, 22.16297, 0.52026], "size": [2, 4, 2], "pivot": [-4.47365, 25.16297, 0.22026], "rotation": [-13.78051, 20.26038, -25.24503], "uv": [92, 62]},
						{"origin": [-0.4, 21.6, -3.77], "size": [1, 1, 0], "pivot": [-0.3, 21.6, -3.77], "rotation": [0, 0, 45], "uv": [81, 10], "mirror": true},
						{"origin": [-1, 19.6, -3.77], "size": [2, 2, 0], "inflate": 0.02, "pivot": [0, 20.6, -3.77], "rotation": [0, 0, 45], "uv": [81, 13], "mirror": true},
						{"origin": [-1, 19.6, -3.77], "size": [2, 2, 0], "inflate": 0.02, "pivot": [0, 20.6, -3.77], "rotation": [0, 0, -45], "uv": [81, 13]}
					]
				},
				{
					"name": "mouth_open_shock",
					"parent": "head",
					"pivot": [0, 15.96618, -2.94846],
					"cubes": [
						{"origin": [-1, 15.25, -3.33], "size": [2, 2, 0], "inflate": 0.01, "pivot": [-0.5, 17.8, -2.3], "rotation": [12.5, 0, 0], "uv": [80, 59]},
						{"origin": [-0.5, 15.25, -3.33], "size": [1, 1, 0], "inflate": 0.02, "pivot": [-0.5, 17.8, -2.3], "rotation": [12.5, 0, 0], "uv": [83, 56]}
					]
				},
				{
					"name": "mouth_open1",
					"parent": "head",
					"pivot": [0, 16.60077, -3.08915],
					"cubes": [
						{"origin": [-1.5, 16.2, -3.33], "size": [3, 1, 0], "inflate": 0.02, "pivot": [0, 17.8, -2.3], "rotation": [12.5, 0, 0], "uv": [23, 88]},
						{"origin": [-2, 16.7, -3.33], "size": [1, 1, 0], "inflate": 0.01, "pivot": [0, 17.8, -2.3], "rotation": [12.5, 0, 0], "uv": [22, 81]},
						{"origin": [-1.5, 15.7, -3.33], "size": [3, 1, 0], "inflate": 0.03, "pivot": [0, 17.8, -2.3], "rotation": [12.5, 0, 0], "uv": [4, 96], "mirror": true},
						{"origin": [1, 16.7, -3.33], "size": [1, 1, 0], "inflate": 0.01, "pivot": [0, 17.8, -2.3], "rotation": [12.5, 0, 0], "uv": [22, 81], "mirror": true},
						{"origin": [-1, 16.2, -3.33], "size": [2, 1, 0], "inflate": 0.04, "pivot": [0, 17.8, -2.3], "rotation": [12.5, 0, 0], "uv": [9, 79], "mirror": true}
					]
				},
				{
					"name": "mouth_smile",
					"parent": "head",
					"pivot": [-1.66667, 16.63981, -3.06707],
					"cubes": [
						{"origin": [-2.5, 15.8, -3.3], "size": [2, 1, 0], "inflate": 0.05, "pivot": [0, 17.8, -2.3], "rotation": [12.5, 0, 0], "uv": [75, 117]},
						{"origin": [-2.5, 16.3, -3.3], "size": [3, 1, 0], "inflate": 0.04, "pivot": [0, 17.8, -2.3], "rotation": [12.5, 0, 0], "uv": [71, 109]},
						{"origin": [-3, 16.9, -3.3], "size": [1, 1, 0], "inflate": 0.03, "pivot": [0, 17.8, -2.3], "rotation": [12.5, 0, 0], "uv": [80, 111]}
					]
				},
				{
					"name": "mouth_closed",
					"parent": "head",
					"pivot": [0, 16.2, -3.5],
					"cubes": [
						{"origin": [-1.5, 16.15, -4.33], "size": [3, 1, 0], "inflate": 0.01, "pivot": [-1, 17.8, -3.3], "rotation": [12.5, 0, 0], "uv": [77, 51]},
						{"origin": [-2, 15.7, -4.33], "size": [1, 1, 0], "pivot": [-0.5, 17.8, -3.3], "rotation": [12.5, 0, 0], "uv": [28, 3], "mirror": true},
						{"origin": [1, 15.7, -4.33], "size": [1, 1, 0], "pivot": [0.5, 17.8, -3.3], "rotation": [12.5, 0, 0], "uv": [28, 3]}
					]
				},
				{
					"name": "mouth_upset",
					"parent": "head",
					"pivot": [0, 16.2, -2.5],
					"cubes": [
						{"origin": [-0.5, 16.15, -3.33], "size": [1, 1, 0], "inflate": 0.01, "pivot": [0, 17.8, -2.3], "rotation": [12.5, 0, 0], "uv": [77, 51]},
						{"origin": [-1.5, 15.7, -3.33], "size": [1, 1, 0], "pivot": [0, 17.8, -2.3], "rotation": [12.5, 0, 0], "uv": [28, 3], "mirror": true},
						{"origin": [0.5, 15.7, -3.33], "size": [1, 1, 0], "pivot": [0, 17.8, -2.3], "rotation": [12.5, 0, 0], "uv": [28, 3]}
					]
				},
				{
					"name": "mouth_open",
					"parent": "head",
					"pivot": [0, 16.2, -3.5],
					"cubes": [
						{"origin": [-1.5, 15.65, -4.13], "size": [3, 1, 0], "inflate": 0.01, "pivot": [0, 17.8, -3.1], "rotation": [12.5, 0, 0], "uv": [33, 0]},
						{"origin": [-1, 16.15, -4.13], "size": [2, 1, 0], "inflate": 0.01, "pivot": [0, 17.8, -3.1], "rotation": [12.5, 0, 0], "uv": [34, 0]}
					]
				},
				{
					"name": "eyes",
					"parent": "head",
					"pivot": [0, 19.5, -3.825]
				},
				{
					"name": "eye_right",
					"parent": "eyes",
					"pivot": [-3, 19, -3.825],
					"cubes": [
						{"origin": [-3.8, 18.3, -3.77], "size": [2, 2, 0], "pivot": [-2.8, 19.3, -3.77], "rotation": [0, 0, 13], "uv": [0, 0]}
					]
				},
				{
					"name": "eye_closed_right",
					"parent": "eye_right",
					"pivot": [-2.8, 19.3, -2.77],
					"cubes": [
						{"origin": [-3.8, 18.3, -2.77], "size": [2, 2, 0], "inflate": 0.01, "pivot": [-2.8, 19.3, -2.77], "rotation": [0, 0, 13], "uv": [0, 4]}
					]
				},
				{
					"name": "eye_unamused_right",
					"parent": "eye_right",
					"pivot": [-2.08786, 20.16189, -2.77],
					"cubes": [
						{"origin": [-2.8, 19.8, -2.77], "size": [1, 1, 0], "inflate": 0.01, "pivot": [-2.8, 19.3, -2.77], "rotation": [0, 0, 13], "uv": [62, 120]}
					]
				},
				{
					"name": "eye_left",
					"parent": "eyes",
					"pivot": [3, 19, -3.825],
					"cubes": [
						{"origin": [1.8, 18.3, -3.77], "size": [2, 2, 0], "pivot": [2.8, 19.3, -3.77], "rotation": [0, 0, -13], "uv": [0, 0], "mirror": true}
					]
				},
				{
					"name": "eye_unamused_left",
					"parent": "eye_left",
					"pivot": [2.08786, 20.16189, -2.77],
					"cubes": [
						{"origin": [1.8, 19.8, -2.77], "size": [1, 1, 0], "inflate": 0.01, "pivot": [2.8, 19.3, -1.77], "rotation": [0, 0, -13], "uv": [62, 120], "mirror": true}
					]
				},
				{
					"name": "eye_closed_left",
					"parent": "eye_left",
					"pivot": [2.8, 19.3, -2.77],
					"cubes": [
						{"origin": [1.8, 18.3, -2.77], "size": [2, 2, 0], "inflate": 0.01, "pivot": [2.8, 19.3, -2.77], "rotation": [0, 0, -13], "uv": [0, 4], "mirror": true}
					]
				},
				{
					"name": "fur_left",
					"parent": "head",
					"pivot": [4.5, 18.95, 1.55],
					"cubes": [
						{"origin": [3.5, 18.65, 3.25], "size": [3, 2, 0], "pivot": [5, 19.65, 3.25], "rotation": [23.71906, -32.74596, -31.11041], "uv": [23, 74]},
						{"origin": [3.5, 16.05, 0.35], "size": [3, 2, 0], "pivot": [5.4, 17.05, 0.35], "rotation": [18.97902, -35.48205, -22.67161], "uv": [33, 99]},
						{"origin": [3.4, 19.95, 0.55], "size": [3, 2, 0], "pivot": [5.1, 20.95, 0.55], "rotation": [28.66837, -36.92236, -44.00813], "uv": [33, 99]},
						{"origin": [1.3, 17.35, 4.65], "size": [3, 2, 0], "pivot": [2.8, 18.35, 4.65], "rotation": [23.71906, -32.74596, -31.11041], "uv": [23, 74]},
						{"origin": [1.8, 20.05, 4.75], "size": [3, 2, 0], "pivot": [3.3, 21.05, 4.75], "rotation": [18.97902, -35.48205, -22.67161], "uv": [33, 99]}
					]
				},
				{
					"name": "fur_right",
					"parent": "head",
					"pivot": [-4.5, 18.95, 1.55],
					"cubes": [
						{"origin": [-6.5, 18.65, 3.25], "size": [3, 2, 0], "pivot": [-5, 19.65, 3.25], "rotation": [23.71906, 32.74596, 31.11041], "uv": [23, 74], "mirror": true},
						{"origin": [-6.5, 16.05, 0.35], "size": [3, 2, 0], "pivot": [-5.4, 17.05, 0.35], "rotation": [18.97902, 35.48205, 22.67161], "uv": [33, 99], "mirror": true},
						{"origin": [-6.4, 19.95, 0.55], "size": [3, 2, 0], "pivot": [-5.1, 20.95, 0.55], "rotation": [28.66837, 36.92236, 44.00813], "uv": [33, 99], "mirror": true},
						{"origin": [-4.3, 17.35, 4.65], "size": [3, 2, 0], "pivot": [-2.8, 18.35, 4.65], "rotation": [23.71906, 32.74596, 31.11041], "uv": [23, 74], "mirror": true},
						{"origin": [-4.8, 20.05, 4.75], "size": [3, 2, 0], "pivot": [-3.3, 21.05, 4.75], "rotation": [18.97902, 35.48205, 22.67161], "uv": [33, 99], "mirror": true}
					]
				},
				{
					"name": "arm_right",
					"parent": "torso",
					"pivot": [-4.5, 13.1, -0.5],
					"cubes": [
						{"origin": [-11.5, 11.9, -2], "size": [7, 3, 3], "uv": [16, 49], "mirror": true}
					]
				},
				{
					"name": "arm_left",
					"parent": "torso",
					"pivot": [4.5, 13.1, -0.5],
					"cubes": [
						{"origin": [4.5, 11.9, -2], "size": [7, 3, 3], "uv": [16, 49]}
					]
				},
				{
					"name": "tail",
					"parent": "torso",
					"pivot": [0, 5.35, 4],
					"cubes": [
						{"origin": [0, 4.65, 4.5], "size": [0, 2, 9], "uv": [104, 51]}
					]
				},
				{
					"name": "tail_2",
					"parent": "tail",
					"pivot": [0, 4.85, 13.5],
					"cubes": [
						{"origin": [0, 5.15, 13.5], "size": [0, 1, 8], "uv": [26, 10]}
					]
				},
				{
					"name": "tail_3",
					"parent": "tail_2",
					"pivot": [0, 4.85, 21.5],
					"cubes": [
						{"origin": [0, 5.15, 21.5], "size": [0, 1, 8], "inflate": 0.01, "uv": [26, 9]}
					]
				},
				{
					"name": "tail_4",
					"parent": "tail_3",
					"pivot": [0, 4.85, 29.5],
					"cubes": [
						{"origin": [0, 2.15, 29.5], "size": [0, 10, 22], "uv": [1, 14]}
					]
				},
				{
					"name": "furbottomleft",
					"parent": "torso",
					"pivot": [3.5, 9.25, 1.95],
					"cubes": [
						{"origin": [4.3, 8.35, 0.15], "size": [3, 2, 0], "pivot": [5.8, 9.35, 0.15], "rotation": [18.97902, -35.48205, -22.67161], "uv": [33, 99]},
						{"origin": [4.5, 9.25, 2.45], "size": [3, 2, 0], "pivot": [6, 10.25, 2.45], "rotation": [18.97902, -35.48205, -22.67161], "uv": [23, 74]},
						{"origin": [4.8, 7.05, 3.35], "size": [3, 2, 0], "pivot": [6.3, 8.05, 3.35], "rotation": [18.97902, -35.48205, -22.67161], "uv": [33, 99]},
						{"origin": [3.5, 9.25, 5.45], "size": [3, 2, 0], "pivot": [5, 10.25, 5.45], "rotation": [18.97902, -35.48205, -22.67161], "uv": [23, 74]},
						{"origin": [2.5, 5.25, 5.75], "size": [3, 2, 0], "pivot": [4, 6.25, 5.75], "rotation": [18.97902, -35.48205, -22.67161], "uv": [23, 74]},
						{"origin": [1.5, 5.25, 5.45], "size": [3, 2, 0], "pivot": [3, 6.25, 5.45], "rotation": [26.51542, -30.62186, -36.43076], "uv": [23, 74]},
						{"origin": [1.5, 10.25, 5.45], "size": [3, 2, 0], "pivot": [3, 11.25, 5.45], "rotation": [26.51542, -30.62186, -36.43076], "uv": [23, 74]}
					]
				},
				{
					"name": "furbottomright",
					"parent": "torso",
					"pivot": [-3.5, 9.25, 1.95],
					"cubes": [
						{"origin": [-7.3, 8.35, 0.15], "size": [3, 2, 0], "pivot": [-5.8, 9.35, 0.15], "rotation": [18.97902, 35.48205, 22.67161], "uv": [33, 99], "mirror": true},
						{"origin": [-7.5, 9.25, 2.45], "size": [3, 2, 0], "pivot": [-6, 10.25, 2.45], "rotation": [18.97902, 35.48205, 22.67161], "uv": [23, 74], "mirror": true},
						{"origin": [-7.8, 7.05, 3.35], "size": [3, 2, 0], "pivot": [-6.3, 8.05, 3.35], "rotation": [18.97902, 35.48205, 22.67161], "uv": [33, 99], "mirror": true},
						{"origin": [-6.5, 9.25, 5.45], "size": [3, 2, 0], "pivot": [-5, 10.25, 5.45], "rotation": [18.97902, 35.48205, 22.67161], "uv": [23, 74], "mirror": true},
						{"origin": [-5.5, 5.25, 5.75], "size": [3, 2, 0], "pivot": [-4, 6.25, 5.75], "rotation": [18.97902, 35.48205, 22.67161], "uv": [23, 74], "mirror": true},
						{"origin": [-4.5, 5.25, 5.45], "size": [3, 2, 0], "pivot": [-3, 6.25, 5.45], "rotation": [26.51542, 30.62186, 36.43076], "uv": [23, 74], "mirror": true},
						{"origin": [-4.5, 10.25, 5.45], "size": [3, 2, 0], "pivot": [-3, 11.25, 5.45], "rotation": [26.51542, 30.62186, 36.43076], "uv": [23, 74], "mirror": true}
					]
				},
				{
					"name": "leg_right",
					"parent": "body",
					"pivot": [-4, 5.25, 0.5],
					"rotation": [0, 17.5, 0],
					"cubes": [
						{"origin": [-6, 2.1, -2.2], "size": [4, 6, 5], "pivot": [-4, 4.5, 0], "rotation": [-10.23772, -12.3071, 2.20462], "uv": [45, 10]}
					]
				},
				{
					"name": "foot_right",
					"parent": "leg_right",
					"pivot": [-3.75, 1.5, 1.75],
					"cubes": [
						{"origin": [-4.75, 1, -0.75], "size": [2, 2, 3], "uv": [0, 57]},
						{"origin": [-5.25, 0, -2.5], "size": [3, 1, 5], "uv": [5, 57], "mirror": true}
					]
				},
				{
					"name": "leg_left",
					"parent": "body",
					"pivot": [4, 5.25, 0.5],
					"rotation": [0, -17.5, 0],
					"cubes": [
						{"origin": [2, 2.1, -2.2], "size": [4, 6, 5], "pivot": [4, 4.5, 0], "rotation": [-10.23772, 12.3071, -2.20462], "uv": [45, 10], "mirror": true}
					]
				},
				{
					"name": "foot_left",
					"parent": "leg_left",
					"pivot": [3.75, 2.5, 1.75],
					"cubes": [
						{"origin": [2.75, 1, -0.75], "size": [2, 2, 3], "uv": [0, 50], "mirror": true},
						{"origin": [2.25, 0, -2.5], "size": [3, 1, 5], "uv": [5, 57]}
					]
				}
			]
		}
	]
}