{
    "target": "cobblemon:chesnaught",
    "forms": [
      {
        "implemented": true,
        "name": "Coterian",
        "nationalPokedexNumber": 652,
        "primaryType": "rock",
        "secondaryType": "steel",
        "abilities": [
          "rockhead",
          "h:steelyspirit"
        ],
        "baseStats": {
            "hp": 88,
            "attack": 107,
            "defence": 122,
            "special_attack": 74,
            "special_defence": 75,
            "speed": 64
          },
          "behaviour": {
            "resting": {
              "canSleep": false,
              "willSleepOnBed": false,
              "depth": "normal",
              "light": "0-4"
            }
          },
          "catchRate": 45,
          "maleRatio": 0.875,
          "shoulderMountable": false,
          "baseExperienceYield": 239,
          "experienceGroup": "medium_slow",
          "eggCycles": 20,
          "eggGroups": [
            "field"
          ],               
    "moves": [
    "1:shellsmash",
    "1:feint",
    "1:growl",
    "1:rubblerush",
    "1:metalclaw",
    "1:rollout",
    "1:spikyshield",
    "1:tackle",
    "1:defensecurl",
    "11:bite",
    "15:rockpolish",
    "19:rockblast",
    "29:takedown",
    "35:rockthrow",
    "41:rocksmash",
    "48:bulkup",
    "54:bodyslam",
    "60:ironhead",
    "66:stoneedge",
    "78:gigaimpact",
    "tm:aerialace",
    "tm:attract",
    "tm:bodypress",
    "tm:bodyslam",
    "tm:brickbreak",
    "tm:bulkup",
    "tm:bulldoze",
    "tm:bulletseed",
    "tm:closecombat",
    "tm:coaching",
    "tm:confide",
    "tm:crunch",
    "tm:curse",
    "tm:cut",
    "tm:dig",
    "tm:doubleedge",
    "tm:doubleteam",
    "tm:dragonclaw",
    "tm:drainpunch",
    "tm:earthquake",
    "tm:endeavor",
    "tm:endure",
    "tm:energyball",
    "tm:facade",
    "tm:flash",
    "tm:fling",
    "tm:focusblast",
    "tm:focuspunch",
    "tm:frenzyplant",
    "tm:frustration",
    "tm:gigadrain",
    "tm:gigaimpact",
    "tm:grassknot",
    "tm:grasspledge",
    "tm:grassyglide",
    "tm:grassyterrain",
    "tm:gyroball",
    "tm:helpinghand",
    "tm:hiddenpower",
    "tm:highhorsepower",
    "tm:honeclaws",
    "tm:hyperbeam",
    "tm:irondefense",
    "tm:ironhead",
    "tm:knockoff",
    "tm:leafstorm",
    "tm:lowkick",
    "tm:lowsweep",
    "tm:magicalleaf",
    "tm:metalclaw",
    "tm:mudshot",
    "tm:mudslap",
    "tm:naturepower",
    "tm:painsplit",
    "tm:payback",
    "tm:poisonjab",
    "tm:poweruppunch",
    "tm:protect",
    "tm:raindance",
    "tm:reflect",
    "tm:rest",
    "tm:retaliate",
    "tm:return",
    "tm:reversal",
    "tm:roar",
    "tm:rockslide",
    "tm:rocksmash",
    "tm:rocktomb",
    "tm:round",
    "tm:scaryface",
    "tm:secretpower",
    "tm:seedbomb",
    "tm:shadowclaw",
    "tm:sleeptalk",
    "tm:sludgebomb",
    "tm:smackdown",
    "tm:solarbeam",
    "tm:spikes",
    "tm:stompingtantrum",
    "tm:stoneedge",
    "tm:strength",
    "tm:substitute",
    "tm:sunnyday",
    "tm:superfang",
    "tm:swagger",
    "tm:swift",
    "tm:swordsdance",
    "tm:takedown",
    "tm:taunt",
    "tm:terablast",
    "tm:thunderpunch",
    "tm:toxic",
    "tm:trailblaze",
    "tm:workup",
    "tm:zenheadbutt",
    "tutor:block",
    "tutor:drainpunch",
    "tutor:dualchop",
    "tutor:endeavor",
    "tutor:focuspunch",
    "tutor:frenzyplant",
    "tutor:gigadrain",
    "tutor:grasspledge",
    "tutor:helpinghand",
    "tutor:irondefense",
    "tutor:ironhead",
    "tutor:irontail",
    "tutor:lowkick",
    "tutor:painsplit",
    "tutor:seedbomb",
    "tutor:snore",
    "tutor:stompingtantrum",
    "tutor:superfang",
    "tutor:superpower",
    "tutor:synthesis",
    "tutor:thunderpunch",
    "tutor:worryseed",
    "tutor:zenheadbutt"
  ],
        "labels": [
          "gen6",
          "coterian"
        ],
        "aspects": [
          "coterian"
        ],
        "pokedex": [
          "cobblemon.species.chesnaught.desc"
        ],
       "preEvolution": "quilladin",
       "evolutions": [],
        "baseScale": 1,
        "hitbox": {
          "width": 1,
          "height": 2.2,
          "fixed": false
        },
        "baseFriendship": 70,
        "evYield": {
          "hp": 0,
          "attack": 0,
          "defence": 3,
          "special_attack": 0,
          "special_defence": 0,
          "speed": 0
        },
        "height": 16,
        "weight": 900,
        "cannotDynamax": false
      }
  ]
  }