{
  "target": "cobblemon:chespin",
  "forms": [
    {
      "implemented": true,
      "name": "Coterian",
      "nationalPokedexNumber": 650,
      "primaryType": "rock",
      "abilities": [
        "rockhead",
        "h:sturdy"
      ],
      "baseStats": {
          "hp": 56,
          "attack": 61,
          "defence": 65,
          "special_attack": 48,
          "special_defence": 45,
          "speed": 38
        },
        "behaviour": {
          "resting": {
            "canSleep": true,
            "willSleepOnBed": true,
            "depth": "normal",
            "light": "0-4"
          }
      },
      "features": [
      ],
      "catchRate": 45,
      "maleRatio": 0.875,
      "shoulderMountable": false,
      "baseExperienceYield": 62,
      "experienceGroup": "medium_slow",
      "eggCycles": 20,
      "eggGroups": [
        "field"
      ],
      "moves": [
"1:growl",
"1:tackle",
"1:defensecurl",
"8:rollout",
"11:bite",
"15:rockpolish",
"18:rockblast",
"27:takedown",
"32:rockthrow",
"35:rocksmash",
"39:bulkup",
"42:bodyslam",
"45:ironhead",
"48:stoneedge",
"egg:bellydrum",
"egg:curse",
"egg:defensecurl",
"egg:poweruppunch",
"egg:quickguard",
"egg:rollout",
"egg:spikes",
"egg:superfang",
"egg:synthesis",
"egg:wideguard",
"tm:aerialace",
"tm:attract",
"tm:bodyslam",
"tm:brickbreak",
"tm:bulkup",
"tm:bulldoze",
"tm:bulletseed",
"tm:confide",
"tm:curse",
"tm:cut",
"tm:dig",
"tm:doubleteam",
"tm:drainpunch",
"tm:endeavor",
"tm:endure",
"tm:energyball",
"tm:facade",
"tm:flash",
"tm:fling",
"tm:focuspunch",
"tm:frustration",
"tm:grassknot",
"tm:sandstorm",
"tm:gyroball",
"tm:helpinghand",
"tm:hiddenpower",
"tm:ironhead",
"tm:lowkick",
"tm:lowsweep",
"tm:magicalleaf",
"tm:metalclaw",
"tm:mudshot",
"tm:naturepower",
"tm:painsplit",
"tm:payback",
"tm:poisonjab",
"tm:poweruppunch",
"tm:protect",
"tm:raindance",
"tm:reflect",
"tm:rest",
"tm:retaliate",
"tm:return",
"tm:roar",
"tm:rockslide",
"tm:rocksmash",
"tm:rocktomb",
"tm:round",
"tm:secretpower",
"tm:seedbomb",
"tm:shadowclaw",
"tm:sleeptalk",
"tm:sludgebomb",
"tm:smackdown",
"tm:batteringram",
"tm:spikes",
"tm:stompingtantrum",
"tm:stoneedge",
"tm:strength",
"tm:substitute",
"tm:sunnyday",
"tm:superfang",
"tm:swagger",
"tm:swift",
"tm:swordsdance",
"tm:takedown",
"tm:taunt",
"tm:terablast",
"tm:thunderpunch",
"tm:toxic",
"tm:trailblaze",
"tm:workup",
"tm:zenheadbutt",
"tutor:drainpunch",
"tutor:dualchop",
"tutor:endeavor",
"tutor:focuspunch",
"tutor:gigadrain",
"tutor:grasspledge",
"tutor:helpinghand",
"tutor:irondefense",
"tutor:ironhead",
"tutor:irontail",
"tutor:lowkick",
"tutor:painsplit",
"tutor:seedbomb",
"tutor:snore",
"tutor:stompingtantrum",
"tutor:superfang",
"tutor:superpower",
"tutor:synthesis",
"tutor:thunderpunch",
"tutor:worryseed",
"tutor:zenheadbutt"
],
      "labels": [
        "gen6",
        "coterian"
      ],
      "aspects": [
        "coterian"
      ],
      "pokedex": [
        "cobblemon.species.chespin.desc"
      ],
      "evolutions": [
        {
          "id": "chespin_quilladin_coterean",
          "variant": "level_up",
          "result": "quilladin form=coterian",
          "consumeHeldItem": false,
          "learnableMoves": [],
          "requirements": [
            {
              "variant": "level",
              "minLevel": 16
            }
          ]
        }
      ],
      "baseScale": 0.8,
      "hitbox": {
        "width": 0.7,
        "height": 1,
        "fixed": false
      },
      "baseFriendship": 70,
      "evYield": {
        "hp": 0,
        "attack": 0,
        "defence": 1,
        "special_attack": 0,
        "special_defence": 0,
        "speed": 0
      },
      "height": 4,
      "weight": 90,
      "cannotDynamax": false
    }
]
}