{
    "target": "cobblemon:quilladin",
    "forms": [
      {
        "implemented": true,
        "name": "Coterian",
        "nationalPokedexNumber": 651,
        "primaryType": "rock",
        "abilities": [
          "rockhead",
          "h:sturdy"
        ],
        "baseStats": {
            "hp": 61,
            "attack": 78,
            "defence": 95,
            "special_attack": 56,
            "special_defence": 58,
            "speed": 57
          },
          "behaviour": {
            "resting": {
              "canSleep": true,
              "willSleepOnBed": false,
              "depth": "normal",
              "light": "0-4"
            }
          },
          "catchRate": 45,
          "maleRatio": 0.875,
          "shoulderMountable": false,
          "baseExperienceYield": 142,
          "experienceGroup": "medium_slow",
          "eggCycles": 20,
          "eggGroups": [
            "field"
          ],        
    "moves": [
    "1:growl",
    "1:metalclaw",
    "1:tackle",
    "1:defensecurl",
    "8:rollout",
    "11:bite",
    "15:rockpolish",
    "20:rockblast",
    "24:takedown",
    "29:rockthrow",
    "34:rocksmash",
    "38:bulkup",
    "43:bodyslam",
    "47:ironhead",
    "53:stoneedge",
    "tm:aerialace",
    "tm:attract",
    "tm:bodyslam",
    "tm:brickbreak",
    "tm:bulkup",
    "tm:bulldoze",
    "tm:bulletseed",
    "tm:confide",
    "tm:curse",
    "tm:cut",
    "tm:dig",
    "tm:doubleteam",
    "tm:drainpunch",
    "tm:endeavor",
    "tm:endure",
    "tm:energyball",
    "tm:facade",
    "tm:flash",
    "tm:fling",
    "tm:focuspunch",
    "tm:frustration",
    "tm:grassknot",
    "tm:sandstorm",
    "tm:gyroball",
    "tm:helpinghand",
    "tm:hiddenpower",
"tm:ironhead",
"tm:lowkick",
"tm:lowsweep",
"tm:magicalleaf",
"tm:metalclaw",
"tm:mudshot",
"tm:naturepower",
"tm:painsplit",
"tm:payback",
"tm:poisonjab",
"tm:poweruppunch",
"tm:protect",
"tm:raindance",
"tm:reflect",
"tm:rest",
"tm:retaliate",
"tm:return",
"tm:roar",
"tm:rockslide",
"tm:rocksmash",
"tm:rocktomb",
"tm:round",
"tm:secretpower",
"tm:seedbomb",
"tm:shadowclaw",
"tm:sleeptalk",
"tm:sludgebomb",
"tm:smackdown",
"tm:batteringram",
"tm:spikes",
"tm:stompingtantrum",
"tm:stoneedge",
"tm:strength",
"tm:substitute",
"tm:sunnyday",
"tm:superfang",
"tm:swagger",
"tm:swift",
"tm:swordsdance",
"tm:takedown",
"tm:taunt",
"tm:terablast",
"tm:thunderpunch",
"tm:toxic",
"tm:trailblaze",
"tm:workup",
"tm:zenheadbutt",
"tutor:drainpunch",
"tutor:dualchop",
"tutor:endeavor",
"tutor:focuspunch",
"tutor:gigadrain",
"tutor:grasspledge",
"tutor:helpinghand",
"tutor:irondefense",
"tutor:ironhead",
"tutor:irontail",
"tutor:lowkick",
"tutor:painsplit",
"tutor:seedbomb",
"tutor:snore",
"tutor:stompingtantrum",
"tutor:superfang",
"tutor:superpower",
"tutor:synthesis",
"tutor:thunderpunch",
"tutor:worryseed",
"tutor:zenheadbutt"    
  ],
        "labels": [
          "gen6",
          "coterian"
        ],
        "aspects": [
          "coterian"
        ],
        "pokedex": [
          "cobblemon.species.quilladin.desc"
        ],
        "preEvolution": "chespin",
        "evolutions": [
          {
            "id": "quilladin_chesnaught_coterean",
            "variant": "level_up",
            "result": "chesnaught form=coterian",
            "consumeHeldItem": false,
            "learnableMoves": [
                "ironhead"
            ],
            "requirements": [
              {
                "variant": "level",
                "minLevel": 36
              }
            ]
          }
        ],
        "baseScale": 0.8,
        "hitbox": {
          "width": 1,
          "height": 1.4,
          "fixed": false
        },
        "baseFriendship": 70,
        "evYield": {
          "hp": 0,
          "attack": 0,
          "defence": 2,
          "special_attack": 0,
          "special_defence": 0,
          "speed": 0
        },
        "height": 7,
        "weight": 298,
        "cannotDynamax": false
      }
  ]
  }