{
	"format_version": "1.12.0",
	"minecraft:geometry": [
		{
			"description": {
				"identifier": "geometry.braixen",
				"texture_width": 128,
				"texture_height": 128,
				"visible_bounds_width": 5,
				"visible_bounds_height": 4.5,
				"visible_bounds_offset": [0, 1.75, 0]
			},
			"bones": [
				{
					"name": "braixen",
					"pivot": [0, 0, 0]
				},
				{
					"name": "body",
					"parent": "braixen",
					"pivot": [0, 18, 0]
				},
				{
					"name": "torso",
					"parent": "body",
					"pivot": [0, 15.5, 0],
					"cubes": [
						{"origin": [-4.5, 14.25, -2.5], "size": [9, 4, 5], "inflate": 0.01, "uv": [51, 28]},
						{"origin": [-2.5, 17.5, -2], "size": [5, 4, 4], "uv": [38, 45]}
					]
				},
				{
					"name": "waist",
					"parent": "torso",
					"pivot": [0, 21.5, 0],
					"cubes": [
						{"origin": [-2.5, 20.5, -2], "size": [5, 3, 4], "inflate": 0.01, "uv": [28, 57]}
					]
				},
				{
					"name": "chest",
					"parent": "waist",
					"pivot": [0, 23.5, -2],
					"cubes": [
						{"origin": [-3, 23.5, -2], "size": [6, 4, 4], "uv": [0, 52]}
					]
				},
				{
					"name": "chest_ruff",
					"parent": "chest",
					"pivot": [0, 25.75, 0]
				},
				{
					"name": "chest_ruff_front",
					"parent": "chest_ruff",
					"pivot": [0, 26.25, -2],
					"rotation": [-32.5, 0, 0]
				},
				{
					"name": "chest_ruff_front2",
					"parent": "chest_ruff_front",
					"pivot": [0, 23.25, -2.25],
					"rotation": [45, 0, 0]
				},
				{
					"name": "chest_ruff_back1",
					"parent": "chest_ruff",
					"pivot": [0, 26.25, 1.75],
					"rotation": [37.5, 0, 0],
					"cubes": [
						{"origin": [-1.5, 23.25, 0.5], "size": [3, 3, 2], "uv": [28, 52]}
					]
				},
				{
					"name": "chest_ruff_back2",
					"parent": "chest_ruff_back1",
					"pivot": [0, 23.25, 2],
					"rotation": [-52.5, 0, 0],
					"cubes": [
						{"origin": [-1, 21.25, 0], "size": [2, 2, 2], "uv": [38, 53]}
					]
				},
				{
					"name": "chest_ruff_left",
					"parent": "chest_ruff",
					"pivot": [0.25, 27.5, 0],
					"rotation": [0, 0, -7.5],
					"cubes": [
						{"origin": [0.25, 27.5, -2], "size": [4, 0, 4], "uv": [-4, 60]},
						{"origin": [-0.75, 23.5, 2], "size": [5, 4, 0], "pivot": [0.25, 27.5, 2], "rotation": [10, 0, 0], "uv": [18, 51]}
					]
				},
				{
					"name": "chest_ruff_left2",
					"parent": "chest_ruff_left",
					"pivot": [4.25, 27.5, 0],
					"rotation": [0, 0, -35],
					"cubes": [
						{"origin": [4.25, 27.5, -1.5], "size": [1, 0, 3], "uv": [25, 57]}
					]
				},
				{
					"name": "chest_ruff_right",
					"parent": "chest_ruff",
					"pivot": [-0.25, 27.5, 0],
					"rotation": [0, 0, 7.5],
					"cubes": [
						{"origin": [-4.25, 27.5, -2], "size": [4, 0, 4], "uv": [4, 60], "mirror": true},
						{"origin": [-4.25, 23.5, 2], "size": [5, 4, 0], "pivot": [-0.25, 27.5, 2], "rotation": [10, 0, 0], "uv": [33, 41], "mirror": true}
					]
				},
				{
					"name": "chest_ruff_right2",
					"parent": "chest_ruff_right",
					"pivot": [-4.25, 27.5, 0],
					"rotation": [0, 0, 35],
					"cubes": [
						{"origin": [-5.25, 27.5, -1.5], "size": [1, 0, 3], "uv": [27, 57], "mirror": true}
					]
				},
				{
					"name": "arms",
					"parent": "chest",
					"pivot": [0, 27.25, 0]
				},
				{
					"name": "arm_left",
					"parent": "arms",
					"pivot": [3, 26.75, 0],
					"cubes": [
						{"origin": [3, 20, -1], "size": [7, 7, 2], "uv": [27, 110]},
						{"origin": [2.5, 26.25, -1], "size": [6, 1, 2], "inflate": 0.01, "uv": [46, 37]}
					]
				},
				{
					"name": "arm_left2",
					"parent": "arm_left",
					"pivot": [8.5, 26.75, 1],
					"cubes": [
						{"origin": [10, 22, -1], "size": [4, 5, 2], "uv": [0, 80]},
						{"origin": [8.5, 26.25, -1], "size": [5, 1, 2], "uv": [62, 37]}
					]
				},
				{
					"name": "hand_left",
					"parent": "arm_left2",
					"pivot": [13.5, 26.75, 0],
					"cubes": [
						{"origin": [13.5, 26.25, -1.5], "size": [2, 1, 3], "inflate": 0.01, "uv": [105, 46]}
					]
				},
				{
					"name": "finger_front_left",
					"parent": "hand_left",
					"pivot": [15.5, 27.25, -0.5],
					"cubes": [
						{"origin": [15.5, 26.25, -1.5], "size": [2, 1, 1], "inflate": 0.005, "uv": [50, 40]}
					]
				},
				{
					"name": "finger_middle_left",
					"parent": "hand_left",
					"pivot": [15.5, 27.25, 0],
					"cubes": [
						{"origin": [15.5, 26.25, -0.5], "size": [2, 1, 1], "inflate": 0.01, "uv": [44, 33]}
					]
				},
				{
					"name": "finger_back_left",
					"parent": "hand_left",
					"pivot": [15.5, 27.25, 0.5],
					"cubes": [
						{"origin": [15.5, 26.25, 0.5], "size": [2, 1, 1], "inflate": 0.005, "uv": [63, 3]}
					]
				},
				{
					"name": "arm_right",
					"parent": "arms",
					"pivot": [-3, 26.75, 0],
					"cubes": [
						{"origin": [-8.5, 26.25, -1], "size": [6, 1, 2], "inflate": 0.01, "uv": [60, 40], "mirror": true}
					]
				},
				{
					"name": "sleeve",
					"parent": "arm_right",
					"pivot": [0, 0, 0],
					"cubes": [
						{"origin": [-10, 20, -1], "size": [7, 7, 2], "uv": [0, 95], "mirror": true}
					]
				},
				{
					"name": "arm_right2",
					"parent": "arm_right",
					"pivot": [-8.5, 26.75, 1],
					"cubes": [
						{"origin": [-13.5, 26.25, -1], "size": [5, 1, 2], "uv": [74, 39], "mirror": true}
					]
				},
				{
					"name": "sleeve2",
					"parent": "arm_right2",
					"pivot": [0, 0, 0],
					"cubes": [
						{"origin": [-14, 22, -1], "size": [4, 5, 2], "uv": [21, 80], "mirror": true}
					]
				},
				{
					"name": "hand_right",
					"parent": "arm_right2",
					"pivot": [-13.5, 26.75, 0],
					"cubes": [
						{"origin": [-15.5, 26.25, -1.5], "size": [2, 1, 3], "inflate": 0.01, "uv": [48, 11], "mirror": true}
					]
				},
				{
					"name": "finger_front_right",
					"parent": "hand_right",
					"pivot": [-15.5, 27.25, -0.5],
					"cubes": [
						{"origin": [-17.5, 26.25, -1.5], "size": [2, 1, 1], "inflate": 0.005, "uv": [56, 40], "mirror": true}
					]
				},
				{
					"name": "finger_middle_right",
					"parent": "hand_right",
					"pivot": [-15.5, 27.25, 0],
					"cubes": [
						{"origin": [-17.5, 26.25, -0.5], "size": [2, 1, 1], "inflate": 0.01, "uv": [44, 35], "mirror": true}
					]
				},
				{
					"name": "finger_back_right",
					"parent": "hand_right",
					"pivot": [-15.5, 27.25, 0.5],
					"cubes": [
						{"origin": [-17.5, 26.25, 0.5], "size": [2, 1, 1], "inflate": 0.005, "uv": [69, 3], "mirror": true}
					]
				},
				{
					"name": "stick_hand",
					"parent": "hand_right",
					"pivot": [-21, 26.75, 0.5],
					"cubes": [
						{"origin": [-23, 25, 0], "size": [0, 12, 6], "pivot": [-22, 35, 1], "rotation": [9.06159, 23.39896, 21.88023], "uv": [114, 70]},
						{"origin": [-22, 24, -3], "size": [0, 13, 5], "pivot": [-21, 35, 0], "rotation": [-17.29409, -0.89857, 17.31819], "uv": [113, 97]},
						{"origin": [-22, 36, -2], "size": [0, 4, 6], "pivot": [-23, 36, 1], "rotation": [0, 0, 22.5], "uv": [56, 110]},
						{"origin": [-21.5, 18.25, 0], "size": [1, 19, 1], "inflate": 0.01, "uv": [124, 44]},
						{"origin": [-21.5, 32.75, 0], "size": [1, 5, 1], "pivot": [-21, 32.75, 1], "rotation": [-30, 0, 0], "uv": [80, 8]}
					]
				},
				{
					"name": "fire",
					"parent": "stick_hand",
					"pivot": [-21, 34.25, 0.5]
				},
				{
					"name": "neck",
					"parent": "chest",
					"pivot": [0, 27.5, 0],
					"cubes": [
						{"origin": [-3, 22, -5], "size": [6, 6, 0], "pivot": [0, 22, -4], "rotation": [-25, 0, 0], "uv": [30, 98]},
						{"origin": [2, 25, 2], "size": [0, 4, 6], "pivot": [1, 27, 3], "rotation": [-22.1525, 32.27309, -23.26121], "uv": [45, 80]},
						{"origin": [-2, 25, 2], "size": [0, 4, 6], "pivot": [-1, 27, 3], "rotation": [-22.1525, -32.27309, 23.26121], "uv": [43, 69], "mirror": true},
						{"origin": [-1, 26.5, -1], "size": [2, 4, 2], "uv": [1, 3]}
					]
				},
				{
					"name": "head",
					"parent": "neck",
					"pivot": [0, 31, 0],
					"cubes": [
						{"origin": [-4, 29, -4.5], "size": [8, 8, 9], "uv": [0, 0]}
					]
				},
				{
					"name": "blush_left",
					"parent": "head",
					"pivot": [3.91, 31, -1.76],
					"cubes": [
						{"origin": [3.91, 30.5, -2.76], "size": [0, 1, 2], "uv": [25, -2]}
					]
				},
				{
					"name": "blush_right",
					"parent": "head",
					"pivot": [-3.91, 31, -1.76],
					"cubes": [
						{"origin": [-3.91, 30.5, -2.76], "size": [0, 1, 2], "uv": [25, -1], "mirror": true}
					]
				},
				{
					"name": "eyes",
					"parent": "head",
					"pivot": [0, 32, -2.5]
				},
				{
					"name": "eye_left",
					"parent": "eyes",
					"pivot": [2.52, 32.5, -3.52]
				},
				{
					"name": "eye_angry_left",
					"parent": "eye_left",
					"pivot": [2.92, 34, -4.44],
					"cubes": [
						{"origin": [0.92, 32.5, -4.44], "size": [2, 3, 0], "inflate": 0.01, "uv": [8, 41]},
						{"origin": [2.92, 33, -4.44], "size": [1, 1, 1], "inflate": 0.01, "uv": [0, 42]}
					]
				},
				{
					"name": "eye_sad_left",
					"parent": "eye_left",
					"pivot": [2.92, 34, -4.44],
					"cubes": [
						{"origin": [3.92, 32.5, -3.44], "size": [0, 2, 2], "inflate": 0.01, "uv": [42, 55]},
						{"origin": [2.92, 33, -4.44], "size": [1, 1, 1], "inflate": 0.01, "uv": [30, 39]},
						{"origin": [1.91, 33.5, -4.44], "size": [1, 1, 0], "inflate": 0.01, "uv": [74, 29]}
					]
				},
				{
					"name": "pupil_left",
					"parent": "eye_left",
					"pivot": [2.42, 32.5, -4.53]
				},
				{
					"name": "eyelid_left",
					"parent": "eye_left",
					"pivot": [2.42, 33, -3.44],
					"cubes": [
						{"origin": [0.92, 31.5, -4.44], "size": [3, 3, 2], "inflate": 0.01, "uv": [104, 28]}
					]
				},
				{
					"name": "eyelid_happy_left",
					"parent": "eye_left",
					"pivot": [2.42, 33, -3.44],
					"cubes": [
						{"origin": [0.92, 31.5, -4.44], "size": [3, 3, 2], "inflate": 0.01, "uv": [94, 9]}
					]
				},
				{
					"name": "eyelid_recoil_left",
					"parent": "eye_left",
					"pivot": [2.42, 33, -3.44],
					"cubes": [
						{"origin": [0.92, 31.5, -4.44], "size": [3, 3, 2], "inflate": 0.01, "uv": [100, 40]}
					]
				},
				{
					"name": "eye_right",
					"parent": "eyes",
					"pivot": [-2.52, 32.5, -3.52]
				},
				{
					"name": "eye_angry_right",
					"parent": "eye_right",
					"pivot": [-2.92, 34, -4.44],
					"cubes": [
						{"origin": [-2.92, 32.5, -4.44], "size": [2, 3, 0], "inflate": 0.01, "uv": [14, 39], "mirror": true},
						{"origin": [-3.92, 33, -4.44], "size": [1, 1, 1], "inflate": 0.01, "uv": [4, 42], "mirror": true}
					]
				},
				{
					"name": "eye_sad_right",
					"parent": "eye_right",
					"pivot": [-2.92, 34, -4.44],
					"cubes": [
						{"origin": [-3.92, 32.5, -3.44], "size": [0, 2, 2], "inflate": 0.01, "uv": [42, 57], "mirror": true},
						{"origin": [-3.92, 33, -4.44], "size": [1, 1, 1], "inflate": 0.01, "uv": [33, 45], "mirror": true},
						{"origin": [-2.91, 33.5, -4.44], "size": [1, 1, 0], "inflate": 0.01, "uv": [74, 28], "mirror": true}
					]
				},
				{
					"name": "pupil_right",
					"parent": "eye_right",
					"pivot": [-2.42, 32.5, -4.53]
				},
				{
					"name": "eyelid_right",
					"parent": "eye_right",
					"pivot": [-2.42, 33, -3.44],
					"cubes": [
						{"origin": [-3.92, 31.5, -4.44], "size": [3, 3, 2], "inflate": 0.01, "uv": [94, 29], "mirror": true}
					]
				},
				{
					"name": "eyelid_happy_right",
					"parent": "eye_right",
					"pivot": [-2.42, 33, -3.44],
					"cubes": [
						{"origin": [-3.92, 31.5, -4.44], "size": [3, 3, 2], "inflate": 0.01, "uv": [99, 34], "mirror": true}
					]
				},
				{
					"name": "eyelid_recoil_right",
					"parent": "eye_right",
					"pivot": [-2.42, 33, -3.44],
					"cubes": [
						{"origin": [-3.92, 31.5, -4.44], "size": [3, 3, 2], "inflate": 0.01, "uv": [112, 44], "mirror": true}
					]
				},
				{
					"name": "muzzle",
					"parent": "head",
					"pivot": [0, 32, -4.5],
					"rotation": [2.5, 0, 0],
					"cubes": [
						{"origin": [-1.5, 30, -7], "size": [3, 2, 3], "inflate": 0.01, "uv": [34, 8]},
						{"origin": [1.1, 29.39, -7], "size": [0, 1, 1], "pivot": [1.1, 29.79, -6.3], "rotation": [-45, 37.5, 0], "uv": [26, 1], "mirror": true},
						{"origin": [-1.1, 29.39, -7], "size": [0, 1, 1], "pivot": [-1.1, 29.79, -6.3], "rotation": [-45, -37.5, 0], "uv": [26, 2]}
					]
				},
				{
					"name": "jaw",
					"parent": "muzzle",
					"pivot": [0, 30, -4.6],
					"cubes": [
						{"origin": [-1.5, 29, -7], "size": [3, 1, 3], "inflate": 0.01, "uv": [107, 36]}
					]
				},
				{
					"name": "muzzle2",
					"parent": "muzzle",
					"pivot": [0, 29, -7],
					"rotation": [-5, 0, 0],
					"cubes": [
						{"origin": [-1, 30, -9], "size": [2, 2, 2], "uv": [49, 4]}
					]
				},
				{
					"name": "nose",
					"parent": "muzzle2",
					"pivot": [0, 31, -9],
					"rotation": [-5, 0, 0],
					"cubes": [
						{"origin": [-0.5, 30.9, -10], "size": [1, 1, 1], "inflate": 0.1, "uv": [35, 16]}
					]
				},
				{
					"name": "head_ruff_left",
					"parent": "head",
					"pivot": [4.5, 29.25, 1.05],
					"rotation": [-2.5, 2.5, -5],
					"cubes": [
						{"origin": [3.5, 29.25, -0.45], "size": [3, 4, 3], "uv": [25, 2]}
					]
				},
				{
					"name": "head_ruff_left2",
					"parent": "head_ruff_left",
					"pivot": [6.5, 29.25, 1.05],
					"rotation": [0, 0, -10],
					"cubes": [
						{"origin": [6.5, 29.25, 1.05], "size": [4, 4, 0], "uv": [48, 0]}
					]
				},
				{
					"name": "head_ruff_right",
					"parent": "head",
					"pivot": [-4.5, 29.25, 1.05],
					"rotation": [-2.5, -2.5, 5],
					"cubes": [
						{"origin": [-6.5, 29.25, -0.45], "size": [3, 4, 3], "uv": [37, 1], "mirror": true}
					]
				},
				{
					"name": "head_ruff_right2",
					"parent": "head_ruff_right",
					"pivot": [-6.5, 29.25, 1.05],
					"rotation": [0, 0, 10],
					"cubes": [
						{"origin": [-10.5, 29.25, 1.05], "size": [4, 4, 0], "uv": [56, 0], "mirror": true}
					]
				},
				{
					"name": "ear_left_main",
					"parent": "head",
					"pivot": [1.45, 37, 0.15]
				},
				{
					"name": "ear_left",
					"parent": "ear_left_main",
					"pivot": [1.2, 37, 0.15],
					"rotation": [-7.5, 30, 17.5],
					"cubes": [
						{"origin": [1.2, 36.5, -0.85], "size": [0, 12, 6], "uv": [0, 23]},
						{"origin": [1.2, 36.5, -0.85], "size": [3, 12, 0], "pivot": [1.2, 42.5, -0.85], "rotation": [0, 15, 0], "uv": [0, 17]}
					]
				},
				{
					"name": "ear_ruff_left",
					"parent": "ear_left_main",
					"pivot": [4.7, 36, -0.5],
					"rotation": [0, 0, -27.5],
					"cubes": [
						{"origin": [3.2, 34.5, -1.5], "size": [3, 4, 3], "uv": [24, 17]}
					]
				},
				{
					"name": "ear_ruff_left2",
					"parent": "ear_ruff_left",
					"pivot": [6.2, 38.5, -0.5],
					"rotation": [0, 0, 27.5],
					"cubes": [
						{"origin": [6.2, 34, -2], "size": [8, 6, 4], "uv": [12, 29]}
					]
				},
				{
					"name": "ear_ruff_shock_left",
					"parent": "ear_ruff_left2",
					"pivot": [6.7, 34, 0],
					"rotation": [0, 0, 25],
					"cubes": [
						{"origin": [6.7, 34, 0], "size": [8, 3, 0], "pivot": [6.7, 34, 0], "rotation": [0, 0, -5], "uv": [0, 64]}
					]
				},
				{
					"name": "ear_ruff_shock_left2",
					"parent": "ear_ruff_shock_left",
					"pivot": [7.2, 40, 0],
					"rotation": [0, 0, -80],
					"cubes": [
						{"origin": [7.2, 37, 0], "size": [5, 3, 0], "uv": [16, 66]}
					]
				},
				{
					"name": "ear_ruff_shock_left3",
					"parent": "ear_ruff_shock_left",
					"pivot": [13.2, 38, 0],
					"rotation": [0, 0, -27.5],
					"cubes": [
						{"origin": [13.2, 38, 0], "size": [6, 2, 0], "uv": [16, 64]}
					]
				},
				{
					"name": "ear_ruff_side_left",
					"parent": "ear_ruff_left2",
					"pivot": [6.7, 40, -2],
					"rotation": [0, 5, -17.5],
					"cubes": [
						{"origin": [6.7, 36, -2], "size": [5, 4, 0], "uv": [53, 21]}
					]
				},
				{
					"name": "ear_ruff_left3",
					"parent": "ear_ruff_left2",
					"pivot": [14.2, 34.5, 0.5],
					"rotation": [0, 0, -37.5],
					"cubes": [
						{"origin": [14.2, 34.5, -1.5], "size": [6, 5, 3], "uv": [0, 44]}
					]
				},
				{
					"name": "ear_ruff_left4",
					"parent": "ear_ruff_left3",
					"pivot": [20.2, 39, 0.5],
					"rotation": [0, 0, 17.5],
					"cubes": [
						{"origin": [20.2, 35, 0.5], "size": [4, 4, 0], "uv": [24, 25]}
					]
				},
				{
					"name": "ear_right_main",
					"parent": "head",
					"pivot": [-1.45, 37, 0.15]
				},
				{
					"name": "ear_right",
					"parent": "ear_right_main",
					"pivot": [-1.2, 37, 0.15],
					"rotation": [-7.5, -30, -17.5],
					"cubes": [
						{"origin": [-1.2, 36.5, -0.85], "size": [0, 12, 6], "uv": [12, 11], "mirror": true},
						{"origin": [-4.2, 36.5, -0.85], "size": [3, 12, 0], "pivot": [-1.2, 42.5, -0.85], "rotation": [0, -15, 0], "uv": [6, 17], "mirror": true}
					]
				},
				{
					"name": "ear_ruff_right",
					"parent": "ear_right_main",
					"pivot": [-4.7, 36, -0.5],
					"rotation": [0, 0, 27.5],
					"cubes": [
						{"origin": [-6.2, 34.5, -1.5], "size": [3, 4, 3], "uv": [36, 15], "mirror": true}
					]
				},
				{
					"name": "ear_ruff_right2",
					"parent": "ear_ruff_right",
					"pivot": [-6.2, 38.5, -0.5],
					"rotation": [0, 0, -27.5],
					"cubes": [
						{"origin": [-14.2, 34, -2], "size": [8, 6, 4], "uv": [32, 22], "mirror": true}
					]
				},
				{
					"name": "ear_ruff_shock_right",
					"parent": "ear_ruff_right2",
					"pivot": [-6.7, 34, 0],
					"rotation": [0, 0, -25],
					"cubes": [
						{"origin": [-14.7, 34, 0], "size": [8, 3, 0], "pivot": [-6.7, 34, 0], "rotation": [0, 0, 5], "uv": [0, 67], "mirror": true}
					]
				},
				{
					"name": "ear_ruff_shock_right2",
					"parent": "ear_ruff_shock_right",
					"pivot": [-7.2, 40, 0],
					"rotation": [0, 0, 80],
					"cubes": [
						{"origin": [-12.2, 37, 0], "size": [5, 3, 0], "uv": [26, 66], "mirror": true}
					]
				},
				{
					"name": "ear_ruff_shock_right3",
					"parent": "ear_ruff_shock_right",
					"pivot": [-13.2, 38, 0],
					"rotation": [0, 0, 27.5],
					"cubes": [
						{"origin": [-19.2, 38, 0], "size": [6, 2, 0], "uv": [28, 64], "mirror": true}
					]
				},
				{
					"name": "ear_ruff_side_right",
					"parent": "ear_ruff_right2",
					"pivot": [-6.7, 40, -2],
					"rotation": [0, -5, 17.5],
					"cubes": [
						{"origin": [-11.7, 36, -2], "size": [5, 4, 0], "uv": [28, 48], "mirror": true}
					]
				},
				{
					"name": "ear_ruff_right3",
					"parent": "ear_ruff_right2",
					"pivot": [-14.2, 34.5, 0.5],
					"rotation": [0, 0, 37.5],
					"cubes": [
						{"origin": [-20.2, 34.5, -1.5], "size": [6, 5, 3], "uv": [15, 39], "mirror": true}
					]
				},
				{
					"name": "ear_ruff_right4",
					"parent": "ear_ruff_right3",
					"pivot": [-20.2, 39, 0.5],
					"rotation": [0, 0, -17.5],
					"cubes": [
						{"origin": [-24.2, 35, 0.5], "size": [4, 4, 0], "uv": [36, 32], "mirror": true}
					]
				},
				{
					"name": "skirt",
					"parent": "torso",
					"pivot": [0, 21.25, 0]
				},
				{
					"name": "skirt_front",
					"parent": "skirt",
					"pivot": [0, 21.25, -2],
					"rotation": [62.5, 0, 0],
					"cubes": [
						{"origin": [-4.5, 21.25, -5], "size": [9, 0, 3], "uv": [61, 0]}
					]
				},
				{
					"name": "skirt_front2",
					"parent": "skirt_front",
					"pivot": [0, 21.25, -5],
					"rotation": [-7.5, 0, 0],
					"cubes": [
						{"origin": [-4.5, 21.25, -11], "size": [9, 0, 6], "uv": [52, 5]}
					]
				},
				{
					"name": "skirt_front_left",
					"parent": "skirt_front2",
					"pivot": [4.5, 21.25, -11],
					"cubes": [
						{"origin": [4.5, 21.25, -11], "size": [3, 0, 6], "uv": [42, 15]}
					]
				},
				{
					"name": "skirt_front_right",
					"parent": "skirt_front2",
					"pivot": [-4.5, 21.25, -11],
					"cubes": [
						{"origin": [-7.5, 21.25, -11], "size": [3, 0, 6], "uv": [48, 15], "mirror": true}
					]
				},
				{
					"name": "skirt_front_inner",
					"parent": "skirt",
					"pivot": [0, 14.75, -3],
					"rotation": [-22.5, 0, 0],
					"cubes": [
						{"origin": [-5, 14.75, -5], "size": [10, 2, 3], "uv": [102, 0]}
					]
				},
				{
					"name": "skirt_back",
					"parent": "skirt",
					"pivot": [0, 21.25, 2],
					"rotation": [-62.5, 0, 0],
					"cubes": [
						{"origin": [-4.5, 21.25, 2], "size": [9, 0, 3], "uv": [79, 0]}
					]
				},
				{
					"name": "skirt_back2",
					"parent": "skirt_back",
					"pivot": [0, 21.25, 5],
					"rotation": [7.5, 0, 0],
					"cubes": [
						{"origin": [-6.5, 21.25, 5], "size": [13, 0, 4], "uv": [72, 3]}
					]
				},
				{
					"name": "skirt_back_inner",
					"parent": "skirt",
					"pivot": [0, 14.75, 3],
					"rotation": [25, 0, 0],
					"cubes": [
						{"origin": [-5, 14.75, 2], "size": [10, 2, 3], "uv": [102, 5]}
					]
				},
				{
					"name": "skirt_left",
					"parent": "skirt",
					"pivot": [2.5, 21.25, 0],
					"rotation": [0, 0, 50],
					"cubes": [
						{"origin": [2, 21.25, -3.5], "size": [4, 0, 7], "uv": [53, 11]}
					]
				},
				{
					"name": "skirt_left2",
					"parent": "skirt_left",
					"pivot": [6, 21.25, 0],
					"rotation": [0, 0, -37.5],
					"cubes": [
						{"origin": [6, 18.25, -3.5], "size": [5, 3, 7], "uv": [56, 18]}
					]
				},
				{
					"name": "skirt_left3",
					"parent": "skirt_left2",
					"pivot": [11, 19, 0],
					"rotation": [0, 0, -50],
					"cubes": [
						{"origin": [11, 19, -2.5], "size": [3, 2, 5], "uv": [73, 17]}
					]
				},
				{
					"name": "skirt_right",
					"parent": "skirt",
					"pivot": [-2.5, 21.25, 0],
					"rotation": [0, 0, -50],
					"cubes": [
						{"origin": [-6, 21.25, -3.5], "size": [4, 0, 7], "uv": [61, 11], "mirror": true}
					]
				},
				{
					"name": "skirt_right2",
					"parent": "skirt_right",
					"pivot": [-6, 21.25, 0],
					"rotation": [0, 0, 37.5],
					"cubes": [
						{"origin": [-11, 18.25, -3.5], "size": [5, 3, 7], "uv": [77, 7], "mirror": true}
					]
				},
				{
					"name": "skirt_right3",
					"parent": "skirt_right2",
					"pivot": [-11, 19, 0],
					"rotation": [0, 0, 50],
					"cubes": [
						{"origin": [-14, 19, -2.5], "size": [3, 2, 5], "uv": [100, 12], "mirror": true}
					]
				},
				{
					"name": "tail",
					"parent": "torso",
					"pivot": [0, 18, 4],
					"rotation": [5, 0, 0],
					"cubes": [
						{"origin": [-5.5, 11.5, 3.5], "size": [11, 11, 10], "uv": [46, 43]}
					]
				},
				{
					"name": "tail_fluff",
					"parent": "tail",
					"pivot": [0, 22.5, 8]
				},
				{
					"name": "tail_fluff_front",
					"parent": "tail_fluff",
					"pivot": [0, 22.5, 8],
					"rotation": [17.5, 0, 0],
					"cubes": [
						{"origin": [-1.5, 22.5, 8], "size": [3, 3, 0], "uv": [88, 53]}
					]
				},
				{
					"name": "tail_fluff_left",
					"parent": "tail_fluff",
					"pivot": [1.5, 22.5, 8.25],
					"rotation": [0, -27.5, 0],
					"cubes": [
						{"origin": [1.5, 22.5, 8.25], "size": [0, 3, 3], "pivot": [1.5, 22.5, 8.25], "rotation": [0, 0, 25], "uv": [78, 39]}
					]
				},
				{
					"name": "tail_fluff_right",
					"parent": "tail_fluff",
					"pivot": [-1.5, 22.5, 8.25],
					"rotation": [0, 27.5, 0],
					"cubes": [
						{"origin": [-1.5, 22.5, 8.25], "size": [0, 3, 3], "pivot": [-1.5, 22.5, 8.25], "rotation": [0, 0, -25], "uv": [78, 42], "mirror": true}
					]
				},
				{
					"name": "stick_tail",
					"parent": "tail",
					"pivot": [0, 22.5, 9],
					"rotation": [-12.5, 0, 0],
					"cubes": [
						{"origin": [-1, 22, 6], "size": [0, 11, 5], "pivot": [0, 31, 9], "rotation": [-17.26695, 1.33221, -0.52075], "uv": [89, 108]},
						{"origin": [-2, 22, 9], "size": [0, 11, 6], "pivot": [-1, 31, 10], "rotation": [17.48614, 18.15489, 20.31509], "uv": [71, 65]},
						{"origin": [-1, 32, 7], "size": [0, 4, 6], "pivot": [-2, 32, 10], "rotation": [0, 0, -2.5], "uv": [69, 102]},
						{"origin": [-0.5, 20.5, 8.5], "size": [1, 14, 1], "inflate": 0.01, "uv": [120, 49]},
						{"origin": [-0.5, 30, 8.5], "size": [1, 5, 1], "pivot": [0, 30, 9.5], "rotation": [-30, 0, 0], "uv": [76, 8]}
					]
				},
				{
					"name": "tail2",
					"parent": "tail",
					"pivot": [0, 11.5, 4.25],
					"rotation": [10, 0, 0],
					"cubes": [
						{"origin": [-4, 7.5, 4.25], "size": [8, 4, 8], "uv": [88, 52]}
					]
				},
				{
					"name": "tail3",
					"parent": "tail2",
					"pivot": [0, 7.5, 5.5],
					"rotation": [10, 0, 0],
					"cubes": [
						{"origin": [-2, 4, 5.5], "size": [4, 4, 6], "uv": [78, 42]}
					]
				},
				{
					"name": "tail4",
					"parent": "tail3",
					"pivot": [0, 4, 6.75],
					"rotation": [17.5, 0, 0],
					"cubes": [
						{"origin": [0, 0, 6.75], "size": [0, 4, 4], "uv": [88, 52]}
					]
				},
				{
					"name": "legs",
					"parent": "body",
					"pivot": [0, 13, 0]
				},
				{
					"name": "leg_left",
					"parent": "legs",
					"pivot": [2.5, 16, 0],
					"rotation": [0, 0, -5],
					"cubes": [
						{"origin": [0, 11.5, -2.5], "size": [5, 5, 5], "uv": [84, 19]}
					]
				},
				{
					"name": "leg_left2",
					"parent": "leg_left",
					"pivot": [4, 11.5, -1.5],
					"rotation": [15, 0, 5],
					"cubes": [
						{"origin": [1, 6.5, -1.5], "size": [3, 6, 3], "uv": [104, 19]}
					]
				},
				{
					"name": "leg_left3",
					"parent": "leg_left2",
					"pivot": [2, 6.5, 1.25],
					"rotation": [-22.5, 0, 0],
					"cubes": [
						{"origin": [1.5, -0.5, -0.75], "size": [2, 7, 2], "uv": [92, 39]}
					]
				},
				{
					"name": "foot_left",
					"parent": "leg_left3",
					"pivot": [2.5, 1, 0.75],
					"rotation": [7.5, 0, 0],
					"cubes": [
						{"origin": [1.5, -1, -2.25], "size": [2, 2, 3], "inflate": 0.1, "uv": [43, 40]}
					]
				},
				{
					"name": "leg_right",
					"parent": "legs",
					"pivot": [-2.5, 16, 0],
					"rotation": [0, 0, 5],
					"cubes": [
						{"origin": [-5, 11.5, -2.5], "size": [5, 5, 5], "uv": [79, 29], "mirror": true}
					]
				},
				{
					"name": "leg_right2",
					"parent": "leg_right",
					"pivot": [-4, 11.5, -1.5],
					"rotation": [15, 0, -5],
					"cubes": [
						{"origin": [-4, 6.5, -1.5], "size": [3, 6, 3], "uv": [116, 20], "mirror": true}
					]
				},
				{
					"name": "leg_right3",
					"parent": "leg_right2",
					"pivot": [-2, 6.5, 1.25],
					"rotation": [-22.5, 0, 0],
					"cubes": [
						{"origin": [-3.5, -0.5, -0.75], "size": [2, 7, 2], "uv": [112, 51], "mirror": true}
					]
				},
				{
					"name": "foot_right",
					"parent": "leg_right3",
					"pivot": [-2.5, 1, 0.75],
					"rotation": [7.5, 0, 0],
					"cubes": [
						{"origin": [-3.5, -1, -2.25], "size": [2, 2, 3], "inflate": 0.1, "uv": [98, 47], "mirror": true}
					]
				}
			]
		}
	]
}