{
	"format_version": "1.8.0",
	"animations": {
		"animation.ralts_cloudian.ground_idle": {
			"loop": true,
			"bones": {
				"arm_left": {
					"rotation": [0, -10, 50]
				},
				"arm_left2": {
					"rotation": [0, 25, 0]
				},
				"arm_right": {
					"rotation": [0, 5, -50]
				},
				"arm_right2": {
					"rotation": [0, -10, 0]
				},
				"leg_left": {
					"rotation": [0, 2.5, 0]
				},
				"leg_right": {
					"rotation": [0, -2.5, 0]
				},
				"leg_robe_left": {
					"rotation": [0, 0, 0]
				},
				"leg_robe_right": {
					"rotation": [0, 0, 0]
				}
			}
		},
		"animation.ralts_cloudian.blink": {
			"animation_length": 0.16667,
			"bones": {
				"eyelid_left": {
					"position": {
						"0.0": [0.1, 0, -0.1],
						"0.125": [0.1, 0, -0.1],
						"0.1667": [0, 0, 0]
					}
				},
				"eyelid_right": {
					"position": {
						"0.0": [-0.1, 0, -0.1],
						"0.125": [-0.1, 0, -0.1],
						"0.1667": [0, 0, 0]
					}
				}
			}
		},
		"animation.ralts_cloudian.ground_walk": {
			"loop": true,
			"bones": {
				"arm_left": {
					"rotation": [0, -10, 50]
				},
				"arm_left2": {
					"rotation": [0, 25, 0]
				},
				"arm_right": {
					"rotation": [0, 5, -50]
				},
				"arm_right2": {
					"rotation": [0, -10, 0]
				},
				"leg_left": {
					"rotation": [0, 2.5, 0]
				},
				"leg_right": {
					"rotation": [0, -2.5, 0]
				},
				"leg_robe_left": {
					"rotation": [0, 0, 0]
				},
				"leg_robe_right": {
					"rotation": [0, 0, 0]
				}
			}
		}
	}
}