{
	"format_version": "1.12.0",
	"minecraft:geometry": [
		{
			"description": {
				"identifier": "geometry.angusk",
				"texture_width": 64,
				"texture_height": 64,
				"visible_bounds_width": 3,
				"visible_bounds_height": 3.5,
				"visible_bounds_offset": [0, 1.25, 0]
			},
			"bones": [
				{
					"name": "angusk",
					"pivot": [0, 0, 0]
				},
				{
					"name": "head",
					"parent": "angusk",
					"pivot": [0, 20.35714, 0],
					"cubes": [
						{"origin": [-5, 20, -4], "size": [10, 9, 8], "uv": [0, 0]},
						{"origin": [-5, 29, -4], "size": [2, 7, 2], "uv": [42, 8]},
						{"origin": [-5, 29, 2], "size": [2, 7, 2], "uv": [42, 8]},
						{"origin": [3, 29, 2], "size": [2, 7, 2], "uv": [42, 8], "mirror": true},
						{"origin": [-1, 29, 2], "size": [2, 7, 2], "uv": [42, 8]},
						{"origin": [3, 29, -4], "size": [2, 7, 2], "uv": [42, 8], "mirror": true},
						{"origin": [-1, 29, -4], "size": [2, 7, 2], "uv": [42, 8]}
					]
				},
				{
					"name": "bone",
					"parent": "angusk",
					"pivot": [0, 19.5, 0],
					"cubes": [
						{"origin": [-4, 8, -3], "size": [8, 12, 6], "uv": [0, 18]}
					]
				},
				{
					"name": "wing",
					"parent": "bone",
					"pivot": [4, 14.5, 0],
					"cubes": [
						{"origin": [3, 9, 0], "size": [13, 11, 0], "uv": [32, 20]}
					]
				},
				{
					"name": "wing2",
					"parent": "bone",
					"pivot": [-4, 14.5, 0],
					"cubes": [
						{"origin": [-16, 9, 0], "size": [13, 11, 0], "uv": [32, 20], "mirror": true}
					]
				},
				{
					"name": "tail",
					"parent": "bone",
					"pivot": [0, 8, 0],
					"cubes": [
						{"origin": [-2, 0, -2], "size": [4, 8, 4], "uv": [12, 40]}
					]
				}
			]
		}
	]
}