{
	"format_version": "1.12.0",
	"minecraft:geometry": [
		{
			"description": {
				"identifier": "geometry.mudkip",
				"texture_width": 64,
				"texture_height": 64,
				"visible_bounds_width": 3,
				"visible_bounds_height": 2.5,
				"visible_bounds_offset": [0, 0.75, 0]
			},
			"bones": [
				{
					"name": "mudkip",
					"pivot": [0, 0, 0]
				},
				{
					"name": "body",
					"parent": "mudkip",
					"pivot": [0, 4.5, 0.5]
				},
				{
					"name": "torso",
					"parent": "body",
					"pivot": [0, 4.5, 0.5],
					"cubes": [
						{"origin": [-3.5, 2, -4], "size": [7, 5, 9], "pivot": [0, 4.5, 0.5], "rotation": [-2.5, 0, 0], "uv": [0, 14]}
					]
				},
				{
					"name": "head",
					"parent": "torso",
					"pivot": [0, 6.5, -2],
					"cubes": [
						{"origin": [-4.5, 8, -7.25], "size": [9, 5, 8], "uv": [0, 0]},
						{"origin": [-4.5, 6, -3.25], "size": [9, 2, 4], "uv": [26, 0]},
						{"origin": [3.5, 6, -7.25], "size": [1, 6, 6], "inflate": 0.01, "uv": [26, 22]},
						{"origin": [-4.5, 6, -7.25], "size": [1, 6, 6], "inflate": 0.01, "uv": [39, 22]},
						{"origin": [-4.5, 6, 3.3], "size": [0, 6, 6], "pivot": [0, 0, 1], "rotation": [0, 180, 0], "uv": [33, 22]},
						{"origin": [4.5, 6, 3.3], "size": [0, 6, 6], "pivot": [0, 0, 1], "rotation": [0, 180, 0], "uv": [33, 22]}
					]
				},
				{
					"name": "fin",
					"parent": "head",
					"pivot": [0, 14, -3.45],
					"cubes": [
						{"origin": [0, 11.75, -6.25], "size": [0, 9, 5], "pivot": [0, 16.75, -3.25], "rotation": [5, 0, 0], "uv": [16, 23]}
					]
				},
				{
					"name": "jaw",
					"parent": "head",
					"pivot": [0, 8, -3.25],
					"cubes": [
						{"origin": [-4.5, 6, -7.25], "size": [9, 2, 4], "inflate": -0.01, "uv": [23, 14]}
					]
				},
				{
					"name": "eye_left",
					"parent": "head",
					"pivot": [1.75, 10.35, -7.3],
					"rotation": [0, 0, 2.5],
					"cubes": [
						{"origin": [2.05, 8.85, -7.16], "size": [1, 2, 0], "inflate": 0.1, "uv": [0, 5]}
					]
				},
				{
					"name": "eye_right",
					"parent": "head",
					"pivot": [-1.75, 10.35, -7.3],
					"rotation": [0, 0, -2.5],
					"cubes": [
						{"origin": [-3.05, 8.85, -7.16], "size": [1, 2, 0], "inflate": 0.1, "uv": [0, 5], "mirror": true}
					]
				},
				{
					"name": "eyelid_left",
					"parent": "head",
					"pivot": [1.75, 10.35, -6.3],
					"rotation": [0, 0, 2.5],
					"cubes": [
						{"origin": [2.05, 8.85, -6.16], "size": [1, 2, 1], "inflate": 0.11, "uv": [48, 0]}
					]
				},
				{
					"name": "eyelid_right",
					"parent": "head",
					"pivot": [-1.75, 10.35, -6.3],
					"rotation": [0, 0, -2.5],
					"cubes": [
						{"origin": [-3.05, 8.85, -6.16], "size": [1, 2, 1], "inflate": 0.11, "uv": [44, 6], "mirror": true}
					]
				},
				{
					"name": "atenna_left",
					"parent": "head",
					"pivot": [4.5, 8.25, -4.25],
					"cubes": [
						{"origin": [4.5, 6.5, -4.25], "size": [4, 5, 0], "uv": [0, 0]}
					]
				},
				{
					"name": "atenna_right",
					"parent": "head",
					"pivot": [-4.5, 8.25, -4.25],
					"cubes": [
						{"origin": [-8.5, 6.5, -4.25], "size": [4, 5, 0], "uv": [0, 14]}
					]
				},
				{
					"name": "tail",
					"parent": "torso",
					"pivot": [0, 4.5, 4.75],
					"cubes": [
						{"origin": [0, 0.5, 4.75], "size": [0, 11, 8], "uv": [0, 20]}
					]
				},
				{
					"name": "leg_front_left",
					"parent": "body",
					"pivot": [2.75, 4, -2],
					"cubes": [
						{"origin": [1.75, 0, -3.5], "size": [2, 5, 3], "uv": [34, 6]}
					]
				},
				{
					"name": "leg_front_right",
					"parent": "body",
					"pivot": [-2.75, 4, -2],
					"cubes": [
						{"origin": [-3.75, 0, -3.5], "size": [2, 5, 3], "uv": [33, 34]}
					]
				},
				{
					"name": "leg_back_left",
					"parent": "body",
					"pivot": [2.75, 4, 3.25],
					"cubes": [
						{"origin": [1.75, 0, 1.75], "size": [2, 5, 3], "uv": [34, 20]}
					]
				},
				{
					"name": "leg_back_right",
					"parent": "body",
					"pivot": [-2.75, 4, 3.25],
					"cubes": [
						{"origin": [-3.75, 0, 1.75], "size": [2, 5, 3], "uv": [23, 34]}
					]
				}
			]
		}
	]
}