{
	"format_version": "1.8.0",
	"animations": {
		"animation.flotone.ground_idle": {
			"loop": true,
			"animation_length": 2,
			"bones": {
				"bone": {
					"position": {
						"0.0": [0, 11, 0],
						"0.84": [0, 9, 0],
						"2.0": [0, 11, 0]
					}
				},
				"arm": {
					"rotation": {
						"0.0": [0, 0, 0],
						"0.84": [0, 0, -5],
						"2.0": [0, 0, 0]
					}
				},
				"arm2": {
					"rotation": {
						"0.0": [0, 0, 0],
						"0.84": [0, 0, 5],
						"2.0": [0, 0, 0]
					}
				}
			}
		},
		"animation.flotone.ground_walk": {
			"loop": true,
			"animation_length": 0.48,
			"bones": {
				"bone": {
					"rotation": [22.5, 0, 0],
					"position": {
						"0.0": [0, 11, 0],
						"0.24": [0, 10, 0],
						"0.48": [0, 11, 0]
					}
				},
				"head": {
					"rotation": {
						"0.0": [-22.5, 0, 0],
						"0.24": [-25, 0, 0],
						"0.48": [-22.5, 0, 0]
					},
					"position": [0, -1, -1]
				},
				"arm": {
					"rotation": {
						"0.0": [0, 0, 0],
						"0.24": [0, 0, -5],
						"0.48": [0, 0, 0]
					}
				},
				"arm2": {
					"rotation": {
						"0.0": [0, 0, 0],
						"0.24": [0, 0, 5],
						"0.48": [0, 0, 0]
					}
				}
			}
		}
	}
}