{
	"format_version": "1.8.0",
	"animations": {
		"animation.hadorm.ground_idle": {
			"loop": true,
			"animation_length": 4,
			"bones": {
				"head": {
					"rotation": {
						"0.0": [0, 0, 0],
						"1.0": [-0.43688, 4.98093, -5.019],
						"2.0": [0, 0, 0],
						"3.0": [-0.43688, -4.98093, 5.019],
						"4.0": [0, 0, 0]
					}
				},
				"bone": {
					"scale": {
						"0.0": [1, 1, 1],
						"1.0": [1, 1, 0.9],
						"2.0": [1, 1, 1],
						"3.0": [1, 1, 0.9],
						"4.0": [1, 1, 1]
					}
				},
				"tail": {
					"rotation": {
						"0.0": [0, 0, 0],
						"1.0": [0, 25, 0],
						"2.0": [0, 0, 0],
						"3.0": [0, -25, 0],
						"4.0": [0, 0, 0]
					}
				},
				"leg5": {
					"rotation": {
						"0.0": [0, 0, 0],
						"1.0": [-20, 0, 0],
						"2.0": [0, 0, 0],
						"3.0": [-20, 0, 0],
						"4.0": [0, 0, 0]
					}
				},
				"leg2": {
					"rotation": {
						"0.0": [0, 0, 0],
						"1.0": [-20, 0, 0],
						"2.0": [0, 0, 0],
						"3.0": [-20, 0, 0],
						"4.0": [0, 0, 0]
					}
				}
			}
		},
		"animation.hadorm.ground_walk": {
			"loop": true,
			"animation_length": 0.96,
			"bones": {
				"head": {
					"rotation": {
						"0.0": [0, 0, 0],
						"0.24": [12.45392, 1.08089, -4.88206],
						"0.48": [0, 0, 0],
						"0.72": [12.45392, -1.08089, 4.88206],
						"0.96": [0, 0, 0]
					},
					"position": [0, -0.3, -0.9]
				},
				"bone": {
					"scale": {
						"0.0": [1, 1, 1],
						"0.24": [1, 1, 0.9],
						"0.48": [1, 1, 1],
						"0.72": [1, 1, 0.9],
						"0.96": [1, 1, 1]
					}
				},
				"tail": {
					"rotation": {
						"0.0": [0, 0, 0],
						"0.24": [0, -12.5, 0],
						"0.48": [0, 0, 0],
						"0.72": [0, 12.5, 0],
						"0.96": [0, 0, 0]
					}
				},
				"leg5": {
					"position": {
						"0.0": [0, 0, 0],
						"0.24": [0, 0, 0.4],
						"0.48": [0, 0, 0],
						"0.72": [0, 0, 0.4],
						"0.96": [0, 0, 0]
					}
				},
				"leg2": {
					"position": {
						"0.0": [0, 0, 0],
						"0.24": [0, 0, 0.4],
						"0.48": [0, 0, 0],
						"0.72": [0, 0, 0.4],
						"0.96": [0, 0, 0]
					}
				}
			}
		}
	}
}