{
	"format_version": "1.12.0",
	"minecraft:geometry": [
		{
			"description": {
				"identifier": "geometry.druddigon",
				"texture_width": 128,
				"texture_height": 128,
				"visible_bounds_width": 6,
				"visible_bounds_height": 4.5,
				"visible_bounds_offset": [0, 1.75, 0]
			},
			"bones": [
				{
					"name": "druddigon",
					"pivot": [0, 0, 0]
				},
				{
					"name": "body",
					"parent": "druddigon",
					"pivot": [0, 0, 0]
				},
				{
					"name": "torso",
					"parent": "body",
					"pivot": [0, 10.3, 3.75],
					"rotation": [20, 0, 0],
					"cubes": [
						{"origin": [-4.475, 7.62473, 1.57247], "size": [9, 10, 10], "uv": [0, 0]},
						{"origin": [-1.5, 10.37473, 9.99747], "size": [3, 3, 2], "pivot": [0, 11.87473, 10.99747], "rotation": [0, 0, -45], "uv": [66, 80]},
						{"origin": [-3.75, 13.62473, 9.99747], "size": [3, 3, 2], "pivot": [-2.25, 15.12473, 10.99747], "rotation": [0, 0, -45], "uv": [14, 91]},
						{"origin": [0.75, 13.62473, 9.99747], "size": [3, 3, 2], "pivot": [2.25, 15.12473, 10.99747], "rotation": [0, 0, -45], "uv": [64, 91]},
						{"origin": [-2.475, 12.45774, -0.28555], "size": [5, 3, 3], "inflate": 0.025, "pivot": [0.025, 13.95774, 1.21445], "rotation": [35, 0, 0], "uv": [0, 81]},
						{"origin": [-2.475, 9.95774, -0.08555], "size": [5, 3, 3], "inflate": 0.03, "pivot": [0.025, 11.45774, 1.41445], "rotation": [47.5, 0, 0], "uv": [16, 85]},
						{"origin": [-2.45, 8.05774, 0.11445], "size": [5, 3, 3], "pivot": [0.05, 9.55774, 1.61445], "rotation": [70, 0, 0], "uv": [66, 85]},
						{"origin": [-2.475, 15.12136, 0.24254], "size": [5, 3, 3], "inflate": 0.02, "pivot": [0.025, 16.62136, 1.74254], "rotation": [32.5, 0, 0], "uv": [50, 80]}
					]
				},
				{
					"name": "torso_upper",
					"parent": "torso",
					"pivot": [-0.25, 17.27473, 8.19747],
					"rotation": [7.5, 0, 0],
					"cubes": [
						{"origin": [-2.45, 18.48641, 1.35214], "size": [5, 3, 3], "inflate": 0.025, "pivot": [0.05, 19.98641, 2.85214], "rotation": [32.5, 0, 0], "uv": [50, 80]},
						{"origin": [-3.45, 15.73266, 3.16408], "size": [7, 9, 7], "uv": [38, 0]},
						{"origin": [-2.4, 21.23094, 2.09822], "size": [5, 3, 3], "pivot": [0.1, 22.73094, 3.59822], "rotation": [32.5, 0, 0], "uv": [76, 79]}
					]
				},
				{
					"name": "bone4",
					"parent": "torso_upper",
					"pivot": [0.075, 23.93266, 9.46312],
					"rotation": [-37.5, 0, 0],
					"cubes": [
						{"origin": [-2.925, 20.9073, 3.16078], "size": [6, 6, 6], "pivot": [1.075, 24.9073, 5.16078], "rotation": [-30, 0, 0], "uv": [26, 48]},
						{"origin": [-1.9, 20.25315, 3.15963], "size": [4, 3, 3], "pivot": [0.1, 21.75315, 4.65963], "rotation": [-5, 0, 0], "uv": [0, 87]}
					]
				},
				{
					"name": "head",
					"parent": "bone4",
					"pivot": [-0.41667, 24.64063, 3.41078],
					"rotation": [12.5, 0, 0],
					"cubes": [
						{"origin": [-3.41667, 23.3073, -0.98088], "size": [7, 3, 3], "uv": [67, 1]},
						{"origin": [-3.41667, 26.3073, -2.00588], "size": [7, 3, 5], "uv": [0, 65]},
						{"origin": [-3.41667, 22.79409, 0.80177], "size": [7, 7, 4], "inflate": -0.01, "pivot": [0.08333, 26.29409, 0.70369], "rotation": [-35, 0, 0], "uv": [56, 61]},
						{"origin": [3.55833, 28.5573, -0.00588], "size": [0, 3, 3], "pivot": [3.55833, 30.0573, 1.49412], "rotation": [-17.5, 0, 0], "uv": [94, 21]},
						{"origin": [-3.39167, 28.5573, -0.00588], "size": [0, 3, 3], "pivot": [-3.39167, 30.0573, 1.49412], "rotation": [-17.5, 0, 0], "uv": [94, 66]},
						{"origin": [3.08333, 29.3073, -5.00588], "size": [0, 2, 3], "uv": [96, 47]},
						{"origin": [1.08333, 29.3073, -7.00588], "size": [1, 1, 0], "uv": [24, 46]},
						{"origin": [-2.91667, 29.3073, -5.00588], "size": [0, 2, 3], "uv": [50, 96]},
						{"origin": [-1.91667, 29.3073, -7.00588], "size": [1, 1, 0], "uv": [26, 46]},
						{"origin": [-2.91667, 26.3073, -6.00588], "size": [6, 3, 4], "uv": [76, 72]},
						{"origin": [3.05833, 25.2573, -3.75588], "size": [0, 2, 2], "pivot": [3.05833, 26.7573, -3.25588], "rotation": [45, 0, 0], "uv": [20, 73]},
						{"origin": [-2.36667, 25.9073, -6.39878], "size": [0, 2, 2], "pivot": [-2.36667, 26.9073, -5.39878], "rotation": [46.47331, -19.68349, 3.61646], "uv": [16, 81]},
						{"origin": [2.54167, 25.9073, -6.39878], "size": [0, 2, 2], "pivot": [2.54167, 26.9073, -5.39878], "rotation": [46.47331, 19.68349, -3.61646], "uv": [16, 81], "mirror": true},
						{"origin": [-2.89167, 25.2573, -3.75588], "size": [0, 2, 2], "pivot": [-2.89167, 26.7573, -3.25588], "rotation": [45, 0, 0], "uv": [6, 97]},
						{"origin": [-2.41667, 26.3073, -7.00588], "size": [5, 3, 1], "uv": [37, 124]},
						{"origin": [3.40833, 24.26563, 3.83578], "size": [0, 2, 2], "pivot": [3.40833, 25.26563, 4.83578], "rotation": [6.67752, 14.52675, -13.05005], "uv": [44, 98]},
						{"origin": [3.40833, 22.74063, 3.21078], "size": [0, 2, 2], "pivot": [3.40833, 23.74063, 4.21078], "rotation": [6.67752, 14.52675, -13.05005], "uv": [74, 99]},
						{"origin": [-2.82509, 26.87405, 4.81078], "size": [2, 0, 2], "pivot": [-1.82509, 26.87405, 5.81078], "rotation": [12.39449, 43.41895, 7.79082], "uv": [96, 76]},
						{"origin": [0.84991, 26.87405, 4.81078], "size": [2, 0, 2], "pivot": [1.84991, 26.87405, 5.81078], "rotation": [9.89449, 43.41895, 7.79082], "uv": [96, 85]},
						{"origin": [-1.12509, 26.94905, 5.41078], "size": [2, 0, 2], "pivot": [-0.12509, 26.94905, 6.41078], "rotation": [9.89449, 43.41895, 7.79082], "uv": [96, 87]},
						{"origin": [-3.15833, 22.64063, 3.23578], "size": [0, 2, 2], "pivot": [-3.15833, 23.64063, 4.23578], "rotation": [10.10619, -11.14726, 5.64077], "uv": [96, 98]},
						{"origin": [-3.15833, 21.76563, 2.16078], "size": [0, 2, 2], "pivot": [-3.15833, 22.76563, 3.16078], "rotation": [10.10619, -11.14726, 5.64077], "uv": [88, 99]},
						{"origin": [-3.15833, 24.26563, 3.91078], "size": [0, 2, 2], "pivot": [-3.15833, 25.26563, 4.91078], "rotation": [6.67752, -14.52675, 13.05005], "uv": [84, 98]},
						{"origin": [3.40833, 21.76563, 2.08578], "size": [0, 2, 2], "pivot": [3.40833, 22.76563, 3.08578], "rotation": [10.10619, 11.14726, -5.64077], "uv": [80, 98]},
						{"origin": [-3.04167, 21.69063, 0.91078], "size": [2, 0, 2], "pivot": [-2.04167, 21.69063, 1.91078], "rotation": [-92.50477, 4.32875, 59.90532], "uv": [74, 14]},
						{"origin": [-0.91667, 21.06563, 0.91078], "size": [2, 0, 2], "pivot": [0.08333, 21.06563, 1.91078], "rotation": [-93.69066, 3.37562, 42.39121], "uv": [86, 41]},
						{"origin": [1.20833, 21.71563, 0.91078], "size": [2, 0, 2], "pivot": [2.20833, 21.71563, 1.91078], "rotation": [-94.33287, 2.49762, 29.9055], "uv": [92, 83]}
					]
				},
				{
					"name": "bone2",
					"parent": "head",
					"pivot": [4.05833, 27.3073, -5.30588],
					"cubes": [
						{"origin": [3.099, 26.7823, -5.30588], "size": [0, 2, 3], "pivot": [3.10833, 27.7823, -3.30588], "rotation": [5, 0, 0], "uv": [96, 52]},
						{"origin": [2.12, 27.92874, -5.39351], "size": [1, 1, 3], "inflate": 0.03, "pivot": [3.132, 28.42874, -3.89351], "rotation": [10, 0, 0], "uv": [0, 124]}
					]
				},
				{
					"name": "bone",
					"parent": "bone2",
					"pivot": [3.10833, 27.80992, -4.54114],
					"cubes": [
						{"origin": [2.33333, 26.8073, -4.95588], "size": [1, 2, 1], "inflate": -0.2, "pivot": [2.33333, 26.8073, -3.95588], "rotation": [5, 0, 0], "uv": [124, 125]},
						{"origin": [3.10833, 26.8073, -4.95588], "size": [0, 2, 1], "pivot": [2.10833, 26.8073, -3.95588], "rotation": [5, 0, 0], "uv": [2, 0]}
					]
				},
				{
					"name": "bone41",
					"parent": "bone2",
					"pivot": [1.65833, 27.67408, -3.79403],
					"rotation": [-7.5, 0, 0],
					"cubes": [
						{"origin": [1.15833, 26.7823, -5.30588], "size": [1, 2, 3], "pivot": [2.15833, 27.7823, -3.30588], "rotation": [12.5, 0, 0], "uv": [95, 57]}
					]
				},
				{
					"name": "bone40",
					"parent": "head",
					"pivot": [-3.88333, 27.3073, -5.30588],
					"cubes": [
						{"origin": [-2.924, 26.7823, -5.30588], "size": [0, 2, 3], "pivot": [-2.93333, 27.7823, -3.30588], "rotation": [5, 0, 0], "uv": [96, 52], "mirror": true},
						{"origin": [-2.945, 27.92874, -5.36851], "size": [1, 1, 3], "inflate": 0.03, "pivot": [-2.957, 28.42874, -3.86851], "rotation": [10, 0, 0], "uv": [0, 124], "mirror": true}
					]
				},
				{
					"name": "bone42",
					"parent": "bone40",
					"pivot": [-2.93333, 27.80992, -4.54114],
					"cubes": [
						{"origin": [-3.15833, 26.8073, -4.95588], "size": [1, 2, 1], "inflate": -0.2, "pivot": [-2.15833, 26.8073, -3.95588], "rotation": [5, 0, 0], "uv": [124, 125], "mirror": true},
						{"origin": [-2.93333, 26.8073, -4.95588], "size": [0, 2, 1], "pivot": [-1.93333, 26.8073, -3.95588], "rotation": [5, 0, 0], "uv": [2, 0], "mirror": true}
					]
				},
				{
					"name": "bone43",
					"parent": "bone40",
					"pivot": [-1.48333, 27.67408, -3.79403],
					"rotation": [-7.5, 0, 0],
					"cubes": [
						{"origin": [-1.98333, 26.7823, -5.30588], "size": [1, 2, 3], "pivot": [-1.98333, 27.7823, -3.30588], "rotation": [12.5, 0, 0], "uv": [95, 57], "mirror": true}
					]
				},
				{
					"name": "jaw",
					"parent": "head",
					"pivot": [-0.5, 25.3073, -0.58922],
					"cubes": [
						{"origin": [-2.91667, 23.30801, -6.0386], "size": [6, 2, 5], "uv": [66, 7]},
						{"origin": [3.03333, 24.08034, -4.9315], "size": [0, 2, 2], "pivot": [3.03333, 25.08034, -3.9315], "rotation": [44.86759, 1.29876, 7.38733], "uv": [28, 97]},
						{"origin": [-2.86667, 24.08034, -4.9315], "size": [0, 2, 2], "pivot": [-2.86667, 25.08034, -3.9315], "rotation": [44.86759, -1.29876, -7.38733], "uv": [32, 97]},
						{"origin": [3.03333, 22.33301, -5.5386], "size": [0, 2, 2], "pivot": [3.03333, 23.83301, -5.0386], "rotation": [45, 0, 0], "uv": [36, 97]},
						{"origin": [-2.86667, 22.33301, -5.5386], "size": [0, 2, 2], "pivot": [-2.86667, 23.83301, -5.0386], "rotation": [45, 0, 0], "uv": [40, 97]},
						{"origin": [2.55833, 22.93168, -2.09352], "size": [1, 4, 2], "inflate": 0.01, "pivot": [3.05833, 24.93168, -1.09352], "rotation": [-35, 0, 0], "uv": [16, 96]},
						{"origin": [-3.39167, 22.93168, -2.09352], "size": [1, 4, 2], "inflate": 0.01, "pivot": [-2.89167, 24.93168, -1.09352], "rotation": [-35, 0, 0], "uv": [96, 41]},
						{"origin": [-1.9, 24.9073, -5.48922], "size": [4, 1, 5], "uv": [64, 122]}
					]
				},
				{
					"name": "bone44",
					"parent": "jaw",
					"pivot": [-0.16667, 25.30801, -6.0386],
					"cubes": [
						{"origin": [-0.41667, 24.30801, -7.0136], "size": [2, 2, 0], "pivot": [0.08333, 25.80801, -7.0136], "rotation": [0, 0, 45], "uv": [20, 77]},
						{"origin": [-1.91667, 23.30801, -7.0386], "size": [4, 2, 1], "uv": [94, 18]}
					]
				},
				{
					"name": "bone21",
					"parent": "bone4",
					"pivot": [-2.1, 22.50767, 8.86795],
					"rotation": [27.5, 0, 0],
					"cubes": [
						{"origin": [-2.175, 21.19607, 8.32637], "size": [0, 9, 4], "uv": [82, 85], "mirror": true}
					]
				},
				{
					"name": "bone22",
					"parent": "bone21",
					"pivot": [-2.175, 23.19607, 12.32637],
					"cubes": [
						{"origin": [-2.175, 17.19607, 12.32637], "size": [0, 15, 12], "uv": [36, 20], "mirror": true}
					]
				},
				{
					"name": "bone23",
					"parent": "bone22",
					"pivot": [-2.175, 23.19607, 24.32637],
					"cubes": [
						{"origin": [-2.175, 19.19607, 24.32637], "size": [0, 10, 8], "uv": [24, 61], "mirror": true}
					]
				},
				{
					"name": "bone18",
					"parent": "bone4",
					"pivot": [2.4, 22.50767, 8.86795],
					"rotation": [27.5, 0, 0],
					"cubes": [
						{"origin": [2.325, 21.19607, 8.32637], "size": [0, 9, 4], "uv": [82, 85]}
					]
				},
				{
					"name": "bone19",
					"parent": "bone18",
					"pivot": [2.325, 23.19607, 12.32637],
					"cubes": [
						{"origin": [2.325, 17.19607, 12.32637], "size": [0, 15, 12], "uv": [36, 20]}
					]
				},
				{
					"name": "bone20",
					"parent": "bone19",
					"pivot": [2.325, 23.19607, 24.32637],
					"cubes": [
						{"origin": [2.325, 19.19607, 24.32637], "size": [0, 10, 8], "uv": [24, 61]}
					]
				},
				{
					"name": "arm_right",
					"parent": "torso_upper",
					"pivot": [-2.75, 22.76035, 6.35984],
					"rotation": [0.21181, -2.53774, -19.95725],
					"cubes": [
						{"origin": [-5.75, 22.01035, 4.85984], "size": [4, 3, 3], "inflate": 0.03, "uv": [86, 27], "mirror": true},
						{"origin": [-5, 25.01035, 6.35984], "size": [3, 4, 0], "uv": [68, 96]},
						{"origin": [-11.75, 22.51035, 5.35984], "size": [6, 2, 2], "uv": [38, 16], "mirror": true}
					]
				},
				{
					"name": "bone24",
					"parent": "arm_right",
					"pivot": [-11.5, 23.43535, 7.18484],
					"rotation": [0, 2.5, 0],
					"cubes": [
						{"origin": [-17.25859, 21.51035, 4.1533], "size": [6, 4, 4], "uv": [56, 72], "mirror": true},
						{"origin": [-18.00859, 24.51035, 6.1533], "size": [3, 4, 0], "uv": [96, 72]},
						{"origin": [-14.25859, 24.51035, 6.1533], "size": [2, 3, 0], "uv": [100, 3]},
						{"origin": [-20.75859, 24.51035, 6.1533], "size": [2, 3, 0], "uv": [100, 6]},
						{"origin": [-21.23359, 22.51035, 4.6533], "size": [4, 2, 3], "inflate": -0.02, "uv": [79, 66], "mirror": true}
					]
				},
				{
					"name": "bone32",
					"parent": "bone24",
					"pivot": [-21.28359, 24.61035, 6.1533],
					"cubes": [
						{"origin": [-24.23359, 22.01035, 4.6533], "size": [3, 3, 3], "uv": [88, 0]}
					]
				},
				{
					"name": "bone33",
					"parent": "bone32",
					"pivot": [-22.98359, 24.01035, 5.4033],
					"rotation": [0, -50, 0],
					"cubes": [
						{"origin": [-25.98359, 22.51035, 4.1533], "size": [3, 2, 2], "uv": [32, 93]}
					]
				},
				{
					"name": "bone34",
					"parent": "bone33",
					"pivot": [-25.48359, 24.01035, 5.4033],
					"cubes": [
						{"origin": [-28.48359, 22.51035, 5.1533], "size": [3, 2, 0], "uv": [98, 35]}
					]
				},
				{
					"name": "bone35",
					"parent": "bone32",
					"pivot": [-22.48359, 24.01035, 7.1533],
					"rotation": [0, 50, 0],
					"cubes": [
						{"origin": [-25.48359, 22.51035, 5.9033], "size": [3, 2, 2], "uv": [94, 14]}
					]
				},
				{
					"name": "bone36",
					"parent": "bone35",
					"pivot": [-24.98359, 24.01035, 7.1533],
					"cubes": [
						{"origin": [-27.98359, 22.51035, 6.9033], "size": [3, 2, 0], "uv": [98, 37]}
					]
				},
				{
					"name": "bone37",
					"parent": "bone32",
					"pivot": [-23.73359, 24.01035, 6.0533],
					"cubes": [
						{"origin": [-27.23359, 22.51035, 5.1533], "size": [4, 2, 2], "uv": [88, 10]}
					]
				},
				{
					"name": "bone38",
					"parent": "bone37",
					"pivot": [-26.73359, 23.76035, 6.1533],
					"cubes": [
						{"origin": [-29.73359, 22.51035, 6.1533], "size": [3, 2, 0], "uv": [98, 39]}
					]
				},
				{
					"name": "arm_left",
					"parent": "torso_upper",
					"pivot": [2.75, 22.76035, 6.35984],
					"rotation": [0.21181, 2.53774, 19.95725],
					"cubes": [
						{"origin": [1.75, 22.01035, 4.85984], "size": [4, 3, 3], "inflate": 0.03, "uv": [86, 27]},
						{"origin": [2, 25.01035, 6.35984], "size": [3, 4, 0], "uv": [54, 16]},
						{"origin": [5.75, 22.51035, 5.35984], "size": [6, 2, 2], "uv": [38, 16]}
					]
				},
				{
					"name": "bone25",
					"parent": "arm_left",
					"pivot": [11.5, 23.43535, 7.18484],
					"rotation": [0, -2.5, 0],
					"cubes": [
						{"origin": [11.25859, 21.51035, 4.1533], "size": [6, 4, 4], "uv": [56, 72]},
						{"origin": [15.00859, 24.51035, 6.1533], "size": [3, 4, 0], "uv": [96, 72], "mirror": true},
						{"origin": [12.25859, 24.51035, 6.1533], "size": [2, 3, 0], "uv": [100, 3], "mirror": true},
						{"origin": [18.75859, 24.51035, 6.1533], "size": [2, 3, 0], "uv": [100, 6], "mirror": true},
						{"origin": [17.23359, 22.51035, 4.6533], "size": [4, 2, 3], "inflate": -0.02, "uv": [79, 66]}
					]
				},
				{
					"name": "bone26",
					"parent": "bone25",
					"pivot": [21.23359, 24.61035, 6.1533],
					"cubes": [
						{"origin": [21.18359, 22.01035, 4.6533], "size": [3, 3, 3], "uv": [88, 0], "mirror": true}
					]
				},
				{
					"name": "bone29",
					"parent": "bone26",
					"pivot": [22.93359, 24.01035, 5.4033],
					"rotation": [0, 50, 0],
					"cubes": [
						{"origin": [22.93359, 22.51035, 4.1533], "size": [3, 2, 2], "uv": [0, 93]}
					]
				},
				{
					"name": "bone31",
					"parent": "bone29",
					"pivot": [25.43359, 24.01035, 5.4033],
					"cubes": [
						{"origin": [25.43359, 22.51035, 5.1533], "size": [3, 2, 0], "uv": [98, 33]}
					]
				},
				{
					"name": "bone28",
					"parent": "bone26",
					"pivot": [22.43359, 24.01035, 7.1533],
					"rotation": [0, -50, 0],
					"cubes": [
						{"origin": [22.43359, 22.51035, 5.9033], "size": [3, 2, 2], "uv": [92, 79]}
					]
				},
				{
					"name": "bone8",
					"parent": "bone28",
					"pivot": [24.93359, 24.01035, 7.1533],
					"cubes": [
						{"origin": [24.93359, 22.51035, 6.9033], "size": [3, 2, 0], "uv": [74, 97]}
					]
				},
				{
					"name": "bone27",
					"parent": "bone26",
					"pivot": [23.68359, 24.01035, 6.1033],
					"cubes": [
						{"origin": [23.18359, 22.51035, 5.1533], "size": [4, 2, 2], "uv": [88, 6]}
					]
				},
				{
					"name": "bone30",
					"parent": "bone27",
					"pivot": [25.93359, 23.76035, 6.1533],
					"cubes": [
						{"origin": [25.68359, 22.51035, 6.1533], "size": [4, 2, 0], "uv": [66, 14]}
					]
				},
				{
					"name": "tail",
					"parent": "torso",
					"pivot": [0.025, 9.12473, 8.57247],
					"rotation": [-55, 0, 0],
					"cubes": [
						{"origin": [-3.975, 4.81881, 6.24277], "size": [8, 8, 10], "uv": [0, 20]},
						{"origin": [0.025, 7.81881, 13.24277], "size": [0, 8, 3], "uv": [44, 87]}
					]
				},
				{
					"name": "bone3",
					"parent": "tail",
					"pivot": [0.025, 8.81881, 15.74277],
					"rotation": [12.5, 0, 0],
					"cubes": [
						{"origin": [-2.975, 5.81881, 14.99277], "size": [6, 6, 7], "uv": [60, 30]},
						{"origin": [0.025, 7.81881, 18.24277], "size": [0, 8, 3], "pivot": [0.025, 11.31881, 19.74277], "rotation": [-5, 0, 0], "uv": [90, 85]}
					]
				},
				{
					"name": "bone5",
					"parent": "bone3",
					"pivot": [0.025, 8.81881, 20.74277],
					"rotation": [2.5, 0, 0],
					"cubes": [
						{"origin": [-1.975, 6.81881, 20.99277], "size": [4, 4, 5], "uv": [78, 43]},
						{"origin": [0.025, 9.81881, 22.99277], "size": [0, 4, 3], "uv": [10, 96]}
					]
				},
				{
					"name": "bone39",
					"parent": "bone5",
					"pivot": [0.025, 8.81881, 25.74277],
					"rotation": [10, 0, 0],
					"cubes": [
						{"origin": [-0.975, 7.31881, 24.99277], "size": [2, 3, 5], "uv": [36, 79]}
					]
				},
				{
					"name": "leg_right",
					"parent": "body",
					"pivot": [-4.25, 12.8, 5],
					"rotation": [60, 0, 0],
					"cubes": [
						{"origin": [-7.75, 9.8, -3], "size": [5, 6, 8], "uv": [60, 16]},
						{"origin": [-8.25, 11.8, -1], "size": [2, 3, 4], "uv": [0, 43], "mirror": true}
					]
				},
				{
					"name": "bone6",
					"parent": "leg_right",
					"pivot": [-5.25, 11.3, -1.5],
					"rotation": [-47.5, 0, 0],
					"cubes": [
						{"origin": [-6.75, 5.675, -3], "size": [3, 6, 3], "uv": [104, 0]}
					]
				},
				{
					"name": "bone7",
					"parent": "bone6",
					"pivot": [-5.25, 6.3, -0.5],
					"rotation": [-12.5, 0, 0],
					"cubes": [
						{"origin": [-7.25, 4.5263, -4.71644], "size": [4, 2, 5], "inflate": 0.025, "uv": [78, 52], "mirror": true},
						{"origin": [-5.25, 4.5263, -0.71644], "size": [0, 2, 4], "pivot": [-5.25, 5.5263, -0.71644], "rotation": [30, 0, 0], "uv": [24, 91], "mirror": true}
					]
				},
				{
					"name": "bone14",
					"parent": "bone7",
					"pivot": [-5, 4.5263, -4.71644]
				},
				{
					"name": "bone15",
					"parent": "bone14",
					"pivot": [-4, 4.5263, -4.46644],
					"rotation": [0, -22.5, 0],
					"cubes": [
						{"origin": [-5.2, 4.5263, -6.41644], "size": [2, 2, 2], "uv": [96, 92], "mirror": true},
						{"origin": [-4.2, 4.5763, -8.36644], "size": [0, 2, 2], "uv": [75, 41], "mirror": true}
					]
				},
				{
					"name": "bone16",
					"parent": "bone14",
					"pivot": [-6.5, 4.5263, -4.46644],
					"rotation": [0, 22.5, 0],
					"cubes": [
						{"origin": [-7.3, 4.5263, -6.39144], "size": [2, 2, 2], "uv": [89, 96], "mirror": true},
						{"origin": [-6.3, 4.6013, -8.36644], "size": [0, 2, 2], "uv": [75, 41], "mirror": true}
					]
				},
				{
					"name": "bone17",
					"parent": "bone14",
					"pivot": [-5.25, 4.5263, -4.71644],
					"cubes": [
						{"origin": [-6.25, 4.5263, -6.71644], "size": [2, 2, 2], "inflate": 0.025, "uv": [104, 89], "mirror": true},
						{"origin": [-5.225, 4.5763, -8.71644], "size": [0, 2, 2], "uv": [75, 41], "mirror": true}
					]
				},
				{
					"name": "leg_left",
					"parent": "body",
					"pivot": [4.25, 12.8, 5],
					"rotation": [60, 0, 0],
					"cubes": [
						{"origin": [2.75, 9.8, -3], "size": [5, 6, 8], "uv": [60, 16], "mirror": true},
						{"origin": [6.25, 11.8, -1], "size": [2, 3, 4], "uv": [0, 43]}
					]
				},
				{
					"name": "bone9",
					"parent": "leg_left",
					"pivot": [5.25, 11.3, -1.5],
					"rotation": [-47.5, 0, 0],
					"cubes": [
						{"origin": [3.75, 5.675, -3], "size": [3, 6, 3], "uv": [104, 0], "mirror": true}
					]
				},
				{
					"name": "bone10",
					"parent": "bone9",
					"pivot": [5.25, 6.3, -0.5],
					"rotation": [-12.5, 0, 0],
					"cubes": [
						{"origin": [3.25, 4.5263, -4.71644], "size": [4, 2, 5], "inflate": 0.025, "uv": [78, 52]},
						{"origin": [5.25, 4.5263, -0.71644], "size": [0, 2, 4], "pivot": [5.25, 5.5263, -0.71644], "rotation": [30, 0, 0], "uv": [24, 91]}
					]
				},
				{
					"name": "toes_left",
					"parent": "bone10",
					"pivot": [5.2, 4.5263, -4.76644]
				},
				{
					"name": "bone13",
					"parent": "toes_left",
					"pivot": [4, 5.5263, -4.46644],
					"rotation": [0, 22.5, 0],
					"cubes": [
						{"origin": [3.2, 4.5263, -6.41644], "size": [2, 2, 2], "uv": [96, 92]},
						{"origin": [4.2, 4.5763, -8.36644], "size": [0, 2, 2], "uv": [75, 41]}
					]
				},
				{
					"name": "bone12",
					"parent": "toes_left",
					"pivot": [6.5, 5.5763, -4.46644],
					"rotation": [0, -22.5, 0],
					"cubes": [
						{"origin": [5.3, 4.5263, -6.39144], "size": [2, 2, 2], "uv": [89, 96]},
						{"origin": [6.3, 4.6513, -8.36644], "size": [0, 2, 2], "uv": [75, 41]}
					]
				},
				{
					"name": "bone11",
					"parent": "toes_left",
					"pivot": [5.25, 5.5263, -4.71644],
					"cubes": [
						{"origin": [4.25, 4.5263, -6.71644], "size": [2, 2, 2], "inflate": 0.025, "uv": [104, 89]},
						{"origin": [5.225, 4.5763, -8.71644], "size": [0, 2, 2], "uv": [75, 41]}
					]
				}
			]
		}
	]
}