{
	"format_version": "1.12.0",
	"minecraft:geometry": [
		{
			"description": {
				"identifier": "geometry.unknown",
				"texture_width": 256,
				"texture_height": 256,
				"visible_bounds_width": 5,
				"visible_bounds_height": 5.5,
				"visible_bounds_offset": [0, 2.25, 0]
			},
			"bones": [
				{
					"name": "ironmight",
					"pivot": [0, 0, 0]
				},
				{
					"name": "body",
					"parent": "ironmight",
					"pivot": [0, 0, 0]
				},
				{
					"name": "cloud",
					"parent": "body",
					"pivot": [0, 11.5, 0],
					"mirror": true,
					"cubes": [
						{"origin": [-10.5, 0, -10.5], "size": [21, 13, 21], "inflate": -0.2, "uv": [155, 94], "mirror": false},
						{"origin": [-10.5, 0, -10.5], "size": [21, 13, 21], "inflate": 0.05, "uv": [166, 20], "mirror": false},
						{"origin": [-11, -0.5, -11], "size": [22, 14, 22], "uv": [153, 57], "mirror": false}
					]
				},
				{
					"name": "cloud_tail",
					"parent": "cloud",
					"pivot": [-0.5, 0.25, 0.5],
					"mirror": true,
					"cubes": [
						{"origin": [-2.5, -5.75, -3.5], "size": [5, 7, 10], "uv": [188, 2], "mirror": false},
						{"origin": [-3, -6.25, -4], "size": [6, 8, 11], "inflate": -0.1, "uv": [119, 110], "mirror": false}
					]
				},
				{
					"name": "cloud_tail1",
					"parent": "cloud_tail",
					"pivot": [-0.5, -5.75, 2.5],
					"cubes": [
						{"origin": [0, -11.75, 0.5], "size": [0, 6, 9], "uv": [148, 50]}
					]
				},
				{
					"name": "waist",
					"parent": "body",
					"pivot": [0, 13.33333, 0],
					"cubes": [
						{"origin": [-3, 11, -3], "size": [6, 6, 6], "uv": [84, 89]},
						{"origin": [-1.5, 16, -1.5], "size": [3, 6, 3], "uv": [112, 73]}
					]
				},
				{
					"name": "chest",
					"parent": "waist",
					"pivot": [0, 19, 0],
					"cubes": [
						{"origin": [-5.5, 22, -4.5], "size": [11, 8, 8], "uv": [84, 36]},
						{"origin": [-4, 19, -3], "size": [8, 6, 6], "uv": [84, 77]}
					]
				},
				{
					"name": "tail1",
					"parent": "chest",
					"pivot": [0, 24.5, 3.5],
					"cubes": [
						{"origin": [-1.5, 23, 2], "size": [3, 3, 7], "uv": [108, 109]}
					]
				},
				{
					"name": "tail2",
					"parent": "tail1",
					"pivot": [0, 24.5, 9],
					"cubes": [
						{"origin": [-2, 23, 9], "size": [4, 3, 7], "inflate": -0.001, "uv": [24, 104]}
					]
				},
				{
					"name": "tail3",
					"parent": "tail2",
					"pivot": [0, 24.5, 16],
					"cubes": [
						{"origin": [-2.5, 22.5, 16], "size": [5, 4, 7], "uv": [84, 101]}
					]
				},
				{
					"name": "tail4",
					"parent": "tail3",
					"pivot": [0, 24.5, 23],
					"cubes": [
						{"origin": [-3, 22, 23], "size": [6, 5, 7], "uv": [88, 22]},
						{"origin": [0, 22.5, 24], "size": [6, 4, 5], "pivot": [3, 24, 24], "rotation": [0, -5, 0], "uv": [46, 104]},
						{"origin": [-6, 22.5, 24], "size": [6, 4, 5], "pivot": [-3, 24, 24], "rotation": [0, 5, 0], "uv": [46, 104]}
					]
				},
				{
					"name": "tail5",
					"parent": "tail4",
					"pivot": [0, 24.5, 30],
					"cubes": [
						{"origin": [-3.5, 21.5, 30], "size": [7, 6, 7], "uv": [84, 64]}
					]
				},
				{
					"name": "tail_hammer",
					"parent": "tail5",
					"pivot": [-4.5, 25, 38],
					"cubes": [
						{"origin": [-4.5, 21, 37], "size": [9, 7, 9], "uv": [117, 1]},
						{"origin": [4.5, 23, 38], "size": [5, 4, 7], "pivot": [4.5, 25, 38], "rotation": [0, -10, 0], "uv": [0, 104]},
						{"origin": [-9.5, 23, 38], "size": [5, 4, 7], "pivot": [-4.5, 25, 38], "rotation": [0, 10, 0], "uv": [0, 104], "mirror": true}
					]
				},
				{
					"name": "head",
					"parent": "chest",
					"pivot": [0, 29.75, -0.5],
					"cubes": [
						{"origin": [-4.5, 30, -4.5], "size": [9, 4, 8], "uv": [84, 52]},
						{"origin": [-1, 32.5, -4.75], "size": [2, 2, 1], "inflate": 0.01, "pivot": [0, 33.5, -4.25], "rotation": [0, 0, -45], "uv": [111, 66]},
						{"origin": [-6.5, 31, -4.75], "size": [6, 4, 0], "pivot": [-0.5, 33.5, -4.75], "rotation": [0, 2.5, 0], "uv": [110, 55]},
						{"origin": [0.5, 31, -4.75], "size": [6, 4, 0], "pivot": [0.5, 33.5, -4.75], "rotation": [0, -2.5, 0], "uv": [116, 55]},
						{"origin": [-4, 34, -4], "size": [8, 3, 7], "uv": [88, 0]},
						{"origin": [1, 36, -4], "size": [0, 5, 3], "pivot": [1, 36, -2.5], "rotation": [30.25667, 16.56473, 26.6345], "uv": [102, 112]},
						{"origin": [-0.37168, 35.27062, -4], "size": [3, 1, 1], "inflate": 0.03, "pivot": [1.12832, 35.77062, -3.5], "rotation": [0, 0, -30], "uv": [88, 34]},
						{"origin": [-3.5, 33, -4], "size": [3, 3, 1], "inflate": 0.01, "uv": [114, 22]},
						{"origin": [-2.62832, 35.27062, -4], "size": [3, 1, 1], "inflate": 0.03, "pivot": [-1.12832, 35.77062, -3.5], "rotation": [0, 0, 30], "uv": [88, 34], "mirror": true},
						{"origin": [0.5, 33, -4], "size": [3, 3, 1], "inflate": 0.01, "uv": [114, 22], "mirror": true},
						{"origin": [-1, 36, -4], "size": [0, 5, 3], "pivot": [-1, 36, -2.5], "rotation": [30.25667, -16.56473, -26.6345], "uv": [102, 112]}
					]
				},
				{
					"name": "eyes",
					"parent": "head",
					"pivot": [3.6, 28.15, 0]
				},
				{
					"name": "pupil_right",
					"parent": "eyes",
					"pivot": [-1.9, 34.65, -3.5],
					"cubes": [
						{"origin": [-2.4, 34.15, -4], "size": [1, 1, 1], "inflate": 0.02, "uv": [100, 34]}
					]
				},
				{
					"name": "pupil_left",
					"parent": "eyes",
					"pivot": [-3.6, 28.15, 0],
					"cubes": [
						{"origin": [1.4, 34.15, -4], "size": [1, 1, 1], "inflate": 0.02, "uv": [100, 34]}
					]
				},
				{
					"name": "hair",
					"parent": "head",
					"pivot": [0, 36.35729, 2.21706],
					"cubes": [
						{"origin": [2.89628, 32.98894, -0.51404], "size": [5, 5, 5], "pivot": [0, 35.35729, 3.21706], "rotation": [-5.06429, -10.39703, -4.10275], "uv": [108, 99]},
						{"origin": [-4, 32.75, -0.5], "size": [8, 6, 6], "inflate": 0.01, "pivot": [0.5, 35.35729, 3.21706], "rotation": [-5, 0, 0], "uv": [88, 10]},
						{"origin": [-7.89628, 32.98894, -0.51404], "size": [5, 5, 5], "pivot": [0, 35.35729, 3.21706], "rotation": [-5.06429, 10.39703, 4.10275], "uv": [108, 99], "mirror": true}
					]
				},
				{
					"name": "arms",
					"parent": "chest",
					"pivot": [0, 0, -0.5]
				},
				{
					"name": "arm_left",
					"parent": "arms",
					"pivot": [4.6, 27.4, -0.5],
					"cubes": [
						{"origin": [4.5, 25, -3], "size": [5, 5, 5], "uv": [108, 89], "mirror": true}
					]
				},
				{
					"name": "arm_middle_left",
					"parent": "arm_left",
					"pivot": [7.5, 25, -0.5],
					"rotation": [0, 0, 90],
					"cubes": [
						{"origin": [7.5, 23, -3], "size": [5, 4, 5], "inflate": 0.01, "uv": [112, 64]},
						{"origin": [7.5, 23, -3], "size": [3, 4, 5], "inflate": 0.05, "uv": [115, 34]}
					]
				},
				{
					"name": "arm_lower_left",
					"parent": "arm_middle_left",
					"pivot": [12.5, 25, -0.5],
					"cubes": [
						{"origin": [16.5, 23.5, -2], "size": [3, 3, 3], "uv": [112, 82], "mirror": true},
						{"origin": [12.5, 23.5, -2.5], "size": [4, 3, 4], "uv": [68, 104], "mirror": true}
					]
				},
				{
					"name": "hand_left",
					"parent": "arm_lower_left",
					"pivot": [19.6, 24.9, -0.5],
					"cubes": [
						{"origin": [19.5, 24, -2], "size": [3, 2, 3], "inflate": 0.02, "uv": [90, 112]}
					]
				},
				{
					"name": "glove_left",
					"parent": "hand_left",
					"pivot": [22.6, 24.9, 1],
					"cubes": [
						{"origin": [22.5, 24.5, -2], "size": [2, 1, 3], "inflate": 0.01, "uv": [46, 113], "mirror": true}
					]
				},
				{
					"name": "glove_tip_left",
					"parent": "glove_left",
					"pivot": [24.5, 25.5, 1],
					"cubes": [
						{"origin": [24.5, 24.5, -2], "size": [1, 1, 3], "uv": [56, 113]}
					]
				},
				{
					"name": "thumb_left",
					"parent": "hand_left",
					"pivot": [21.1, 24.9, -2],
					"cubes": [
						{"origin": [20.5, 24.5, -4], "size": [1, 1, 2], "inflate": 0.01, "uv": [24, 114]}
					]
				},
				{
					"name": "thumb_tip_left",
					"parent": "thumb_left",
					"pivot": [21, 25.5, -4],
					"cubes": [
						{"origin": [20.5, 24.5, -5], "size": [1, 1, 1], "uv": [96, 34]}
					]
				},
				{
					"name": "arm_right",
					"parent": "arms",
					"pivot": [-4.6, 27.9, -0.5],
					"cubes": [
						{"origin": [-9.46445, 25.09123, -2.71009], "size": [5, 5, 5], "uv": [108, 89]}
					]
				},
				{
					"name": "arm_middle_right",
					"parent": "arm_right",
					"pivot": [-7.46445, 25.09123, -0.21009],
					"rotation": [0, 0, -90],
					"cubes": [
						{"origin": [-12.46445, 23.09123, -2.71009], "size": [5, 4, 5], "uv": [112, 64], "mirror": true},
						{"origin": [-10.46445, 23.09123, -2.71009], "size": [3, 4, 5], "inflate": 0.05, "uv": [115, 34], "mirror": true}
					]
				},
				{
					"name": "arm_lower_right",
					"parent": "arm_middle_right",
					"pivot": [-12.46445, 25.09123, -0.21009],
					"cubes": [
						{"origin": [-19.46445, 23.59123, -1.71009], "size": [3, 3, 3], "uv": [112, 82]},
						{"origin": [-16.46445, 23.59123, -2.21009], "size": [4, 3, 4], "uv": [68, 104]}
					]
				},
				{
					"name": "hand_right",
					"parent": "arm_lower_right",
					"pivot": [-19.56445, 24.99123, -0.21009],
					"cubes": [
						{"origin": [-22.46445, 24.09123, -1.71009], "size": [3, 2, 3], "inflate": 0.02, "uv": [90, 112]}
					]
				},
				{
					"name": "glove_right",
					"parent": "hand_right",
					"pivot": [-22.56445, 24.99123, 1.28991],
					"cubes": [
						{"origin": [-24.46445, 24.59123, -1.71009], "size": [2, 1, 3], "inflate": 0.01, "uv": [46, 113]}
					]
				},
				{
					"name": "glove_tip_right",
					"parent": "glove_right",
					"pivot": [-24.46445, 25.59123, 1.28991],
					"cubes": [
						{"origin": [-25.46445, 24.59123, -1.71009], "size": [1, 1, 3], "uv": [56, 113]}
					]
				},
				{
					"name": "thumb_right",
					"parent": "hand_right",
					"pivot": [-21.06445, 24.99123, -1.71009],
					"cubes": [
						{"origin": [-21.46445, 24.59123, -3.71009], "size": [1, 1, 2], "inflate": 0.01, "uv": [24, 114]}
					]
				},
				{
					"name": "thumb_tip_right",
					"parent": "thumb_right",
					"pivot": [-20.96445, 25.59123, -3.71009],
					"cubes": [
						{"origin": [-21.46445, 24.59123, -4.71009], "size": [1, 1, 1], "uv": [96, 34]}
					]
				}
			]
		}
	]
}