{
	"format_version": "1.12.0",
	"minecraft:geometry": [
		{
			"description": {
				"identifier": "geometry.unknown",
				"texture_width": 128,
				"texture_height": 128,
				"visible_bounds_width": 6,
				"visible_bounds_height": 4.5,
				"visible_bounds_offset": [0, 1.75, 0]
			},
			"bones": [
				{
					"name": "entire",
					"pivot": [0, 0.325, -1]
				},
				{
					"name": "whole",
					"parent": "entire",
					"pivot": [0, -0.675, -1],
					"rotation": [-17.5, 0, 0]
				},
				{
					"name": "torso",
					"parent": "whole",
					"pivot": [0, 6.9674, -13.90712],
					"rotation": [5, 0, 0]
				},
				{
					"name": "uppertorso",
					"parent": "torso",
					"pivot": [0, 10.7924, -10.10712],
					"cubes": [
						{"origin": [-5, 7.7924, -20.50712], "size": [10, 9, 8], "pivot": [0, 12.2924, -16.00712], "rotation": [-12.5, 0, 0], "uv": [44, 0]},
						{"origin": [-3, 8.7924, -13.50712], "size": [6, 7, 5], "inflate": 0.4, "pivot": [0, 12.2924, -16.00712], "rotation": [-12.5, 0, 0], "uv": [50, 84]}
					]
				},
				{
					"name": "uppertorsoleaf",
					"parent": "uppertorso",
					"pivot": [0, 16.96428, -15.87326],
					"cubes": [
						{"origin": [0, 16.5424, -20.25712], "size": [0, 6, 6], "pivot": [0, 12.0424, -15.75712], "rotation": [-12.5, 0, 0], "uv": [72, 94]}
					]
				},
				{
					"name": "uppershell",
					"parent": "uppertorso",
					"pivot": [0, 6.7924, -13.10712],
					"cubes": [
						{"origin": [3.1, 7.2924, -20.65712], "size": [2, 10, 10], "inflate": 0.001, "pivot": [0.1, 11.7924, -16.15712], "rotation": [-12.5, 0, 0], "uv": [68, 17]},
						{"origin": [-5.1, 7.2924, -20.65712], "size": [2, 10, 10], "inflate": 0.001, "pivot": [-0.1, 11.7924, -16.15712], "rotation": [-12.5, 0, 0], "uv": [68, 17], "mirror": true}
					]
				},
				{
					"name": "arms",
					"parent": "uppertorso",
					"pivot": [0, 10.0174, -17.38212]
				},
				{
					"name": "rightarm",
					"parent": "arms",
					"pivot": [0, 7.0174, -14.38212],
					"cubes": [
						{"origin": [-4.1, 7.41666, -17.13893], "size": [3, 3, 6], "pivot": [-2.6, 8.68887, -16.78827], "rotation": [-59.64808, -9.79168, 5.85725], "uv": [94, 37]}
					]
				},
				{
					"name": "leftarm",
					"parent": "arms",
					"pivot": [0, 7.0174, -14.38212],
					"cubes": [
						{"origin": [1.1, 7.41666, -17.13893], "size": [3, 3, 6], "pivot": [2.6, 8.68887, -16.78827], "rotation": [-59.64808, 9.79168, -5.85725], "uv": [94, 46]}
					]
				},
				{
					"name": "neck",
					"parent": "uppertorso",
					"pivot": [0, 13.84951, -18.87363],
					"rotation": [20, 0, 0],
					"cubes": [
						{"origin": [-2, 9.44108, -23.05513], "size": [4, 16, 4], "pivot": [0, 22.44108, -20.05513], "rotation": [15, 0, 0], "uv": [82, 65]}
					]
				},
				{
					"name": "head",
					"parent": "neck",
					"pivot": [0, 26.19108, -19.55513],
					"cubes": [
						{"origin": [-2.5, 26.19108, -28.55513], "size": [5, 4, 9], "uv": [80, 0]},
						{"origin": [-1.5, 25.19108, -28.55513], "size": [3, 1, 0], "uv": [44, 22]},
						{"origin": [-2.5, 24.19108, -22.55513], "size": [5, 2, 3], "uv": [44, 17]}
					]
				},
				{
					"name": "lowerjaw",
					"parent": "head",
					"pivot": [0, 25.19108, -22.05513],
					"rotation": [2.5, 0, 0],
					"cubes": [
						{"origin": [-2.5, 24.19108, -28.43013], "size": [5, 2, 7], "inflate": 0.01, "uv": [72, 85]}
					]
				},
				{
					"name": "petals",
					"parent": "head",
					"pivot": [0, 27.19108, -19.55513]
				},
				{
					"name": "leftpetal",
					"parent": "petals",
					"pivot": [-0.175, 27.19108, -19.55513],
					"cubes": [
						{"origin": [-0.13453, 18.25108, -17.92763], "size": [13, 19, 0], "pivot": [6.16148, 18.83381, -18.12793], "rotation": [4.51138, -14.88341, -1.34385], "uv": [56, 65], "mirror": true}
					]
				},
				{
					"name": "rightpetal",
					"parent": "petals",
					"pivot": [0.15, 27.19108, -19.55513],
					"cubes": [
						{"origin": [-12.86547, 18.25108, -17.92763], "size": [13, 19, 0], "pivot": [-6.16148, 18.83381, -18.12793], "rotation": [4.51138, 14.88341, 1.34385], "uv": [56, 65]}
					]
				},
				{
					"name": "posteriorpetal",
					"parent": "petals",
					"pivot": [0.25, 27.19108, -19.55513],
					"cubes": [
						{"origin": [-2.5, 18.62314, -19.53802], "size": [5, 8, 0], "pivot": [-0.5, 25.36608, -19.60513], "rotation": [23.25, 0, 0], "uv": [96, 85]}
					]
				},
				{
					"name": "eyes",
					"parent": "head",
					"pivot": [0, 26.19108, -19.55513]
				},
				{
					"name": "righteye",
					"parent": "eyes",
					"pivot": [0, 26.19108, -19.55513],
					"cubes": [
						{"origin": [-2.525, 26.44108, -23.05513], "size": [0, 3, 2], "uv": [60, 17]}
					]
				},
				{
					"name": "rightpupil",
					"parent": "righteye",
					"pivot": [-2.55, 27.94108, -22.05513],
					"cubes": [
						{"origin": [-2.55, 26.94108, -22.55513], "size": [0, 2, 1], "uv": [80, 13]}
					]
				},
				{
					"name": "lefteye",
					"parent": "eyes",
					"pivot": [0, 26.19108, -19.55513],
					"cubes": [
						{"origin": [2.525, 26.44108, -23.05513], "size": [0, 3, 2], "uv": [64, 17]}
					]
				},
				{
					"name": "leftpupil",
					"parent": "lefteye",
					"pivot": [0.025, 26.69108, -19.05513],
					"cubes": [
						{"origin": [2.55, 26.94108, -22.55513], "size": [0, 2, 1], "uv": [24, 81]}
					]
				},
				{
					"name": "bumbum",
					"parent": "torso",
					"pivot": [0, 11.68846, -6.18485],
					"cubes": [
						{"origin": [-4.5, 8.60072, -13.14589], "size": [9, 10, 13], "pivot": [0.5, 13.10072, -8.64589], "rotation": [7.5, 0, 0], "uv": [0, 0]}
					]
				},
				{
					"name": "bumleaf",
					"parent": "bumbum",
					"pivot": [0.5, 18.10072, -7.64589],
					"cubes": [
						{"origin": [0, 18.10072, -9.14589], "size": [0, 6, 6], "pivot": [0, 12.60072, -8.64589], "rotation": [7.5, 0, 0], "uv": [84, 94]}
					]
				},
				{
					"name": "bumbumshell",
					"parent": "bumbum",
					"pivot": [0, 12.75072, -4.74589],
					"cubes": [
						{"origin": [2.5, 7.60072, -13.14589], "size": [3, 12, 14], "inflate": 0.001, "pivot": [-0.5, 13.10072, -8.64589], "rotation": [7.5, 0, 0], "uv": [34, 23]},
						{"origin": [-5.5, 7.60072, -13.14589], "size": [3, 12, 14], "inflate": 0.001, "pivot": [0.5, 13.10072, -8.64589], "rotation": [7.5, 0, 0], "uv": [34, 23], "mirror": true}
					]
				},
				{
					"name": "tailbase",
					"parent": "bumbum",
					"pivot": [0, 16.79711, -0.38939],
					"cubes": [
						{"origin": [-2, 15.23268, -2.10371], "size": [4, 4, 12], "pivot": [0, 16.65919, -1.73962], "rotation": [-25, 0, 0], "uv": [0, 49]}
					]
				},
				{
					"name": "tailbaseleaf",
					"parent": "tailbase",
					"pivot": [-0.34816, 16.63373, 4.96555],
					"cubes": [
						{"origin": [-0.00087, 19.17183, 1.89629], "size": [0, 5, 5], "pivot": [-0.00087, 16.59835, -1.73962], "rotation": [-25, 0, 0], "uv": [40, 94]}
					]
				},
				{
					"name": "tail1",
					"parent": "tailbase",
					"pivot": [0, 11.95528, 8.58453],
					"rotation": [7.5, 0, 0],
					"cubes": [
						{"origin": [-1.5, 10.78173, 8.26658], "size": [3, 3, 13], "pivot": [0, 12.44968, 8.61969], "rotation": [-12.5, 0, 0], "uv": [32, 49]}
					]
				},
				{
					"name": "tailmidleaf",
					"parent": "tail1",
					"pivot": [0, 12.16047, 14.57529],
					"cubes": [
						{"origin": [0, 13.78173, 12.26658], "size": [0, 5, 5], "pivot": [-0.5, 12.44968, 8.61969], "rotation": [-12.5, 0, 0], "uv": [94, 55]}
					]
				},
				{
					"name": "tail2",
					"parent": "tail1",
					"pivot": [-0.5, 9.50072, 20.50411],
					"rotation": [20, 0, 0],
					"cubes": [
						{"origin": [-1, 8.51209, 20.23329], "size": [2, 2, 8], "pivot": [0, 9.2715, 20.37274], "rotation": [7.5, 0, 0], "uv": [92, 27]}
					]
				},
				{
					"name": "tailendleaves",
					"parent": "tail2",
					"pivot": [-0.5, 8.75072, -14.74589]
				},
				{
					"name": "tendleaftop",
					"parent": "tailendleaves",
					"pivot": [0, 11.05354, 24.273],
					"cubes": [
						{"origin": [0, 10.51209, 22.23329], "size": [0, 4, 5], "pivot": [0, 9.2715, 20.37274], "rotation": [7.5, 0, 0], "uv": [50, 96]}
					]
				},
				{
					"name": "tendleaftop2",
					"parent": "tailendleaves",
					"pivot": [0, 9.10487, 25.05616],
					"cubes": [
						{"origin": [0, 4.51209, 22.23329], "size": [0, 4, 5], "pivot": [0, 9.2715, 20.37274], "rotation": [7.5, 0, 0], "uv": [60, 96]}
					]
				},
				{
					"name": "legs",
					"parent": "whole",
					"pivot": [0, 11.58168, -7.20248],
					"rotation": [-5, 0, 0]
				},
				{
					"name": "rightleg2",
					"parent": "legs",
					"pivot": [0, 8.58168, -15.20248]
				},
				{
					"name": "rightthigh",
					"parent": "rightleg2",
					"pivot": [-4.18046, 11.62541, -7.26448],
					"cubes": [
						{"origin": [-7.75, 7.44879, -11.09142], "size": [7, 8, 8], "pivot": [-3.75, 10.94879, -7.59142], "rotation": [22.67458, 6.92618, 2.88419], "uv": [64, 49]}
					]
				},
				{
					"name": "rightleg",
					"parent": "rightthigh",
					"pivot": [-3.98396, 9.36053, -5.01186],
					"cubes": [
						{"origin": [-6.0402, 0.1002, -4.86234], "size": [4, 10, 4], "pivot": [-4.5402, 5.1002, -3.36234], "rotation": [32.40621, 7.78878, 0.78884], "uv": [92, 13]}
					]
				},
				{
					"name": "rightfoot",
					"parent": "rightleg",
					"pivot": [-4.0258, 1.93902, 0.47903],
					"cubes": [
						{"origin": [-6.53904, -0.11622, -6.77642], "size": [5, 2, 8], "inflate": 0.1, "pivot": [-3.53904, 1.38378, -2.77642], "rotation": [22.80588, 7.26087, 1.93174], "uv": [68, 37]}
					]
				},
				{
					"name": "leftleg2",
					"parent": "legs",
					"pivot": [0, 8.58168, -15.20248]
				},
				{
					"name": "leftthigh",
					"parent": "leftleg2",
					"pivot": [4.18046, 11.62541, -7.26448],
					"cubes": [
						{"origin": [0.75, 7.44879, -11.09142], "size": [7, 8, 8], "pivot": [3.75, 10.94879, -7.59142], "rotation": [22.67458, -6.92618, -2.88419], "uv": [64, 49], "mirror": true}
					]
				},
				{
					"name": "leftleg",
					"parent": "leftthigh",
					"pivot": [0, 8.58168, -15.20248],
					"cubes": [
						{"origin": [2.0402, 0.1002, -4.86234], "size": [4, 10, 4], "pivot": [4.5402, 5.1002, -3.36234], "rotation": [32.40621, -7.78878, -0.78884], "uv": [92, 13], "mirror": true}
					]
				},
				{
					"name": "leftfoot",
					"parent": "leftleg",
					"pivot": [4.0258, 0.93902, 0.47903],
					"cubes": [
						{"origin": [1.53904, -0.11622, -6.77642], "size": [5, 2, 8], "inflate": 0.1, "pivot": [3.53904, 1.38378, -2.77642], "rotation": [22.80588, -7.26087, -1.93174], "uv": [68, 37], "mirror": true}
					]
				}
			]
		}
	]
}