{
	"format_version": "1.12.0",
	"minecraft:geometry": [
		{
			"description": {
				"identifier": "geometry.snause",
				"texture_width": 256,
				"texture_height": 256,
				"visible_bounds_width": 6,
				"visible_bounds_height": 4.5,
				"visible_bounds_offset": [0, 1.75, 0]
			},
			"bones": [
				{
					"name": "snause",
					"pivot": [0, 0, 0]
				},
				{
					"name": "bone",
					"parent": "snause",
					"pivot": [0, 0, -8]
				},
				{
					"name": "bone2",
					"parent": "bone",
					"pivot": [0, 0, -33],
					"cubes": [
						{"origin": [-16, 0.1, -34], "size": [32, 14, 68], "uv": [0, 0]}
					]
				},
				{
					"name": "shell",
					"parent": "bone",
					"pivot": [0, 0, -8],
					"cubes": [
						{"origin": [-24, 0, -20], "size": [48, 34, 48], "uv": [0, 93]},
						{"origin": [-18, 34, -14], "size": [36, 14, 36], "uv": [0, 188]}
					]
				},
				{
					"name": "eye2",
					"parent": "bone",
					"pivot": [-8, 1.8, -34],
					"cubes": [
						{"origin": [-12, 1.8, -42], "size": [6, 0, 10], "uv": [209, 49]},
						{"origin": [-12, 1.8, -52], "size": [6, 0, 10], "pivot": [-8, 1.8, -42], "rotation": [-27.5, 0, 0], "uv": [209, 49]},
						{"origin": [-12, 6.38314, -60.87026], "size": [6, 0, 10], "pivot": [-8, 6.4, -50.8], "rotation": [-75, 0, 0], "uv": [209, 49]},
						{"origin": [-12, 3.78314, -78.47026], "size": [6, 0, 18], "pivot": [-8, 6.4, -50.8], "rotation": [-90, 0, 0], "uv": [203, 12]}
					]
				},
				{
					"name": "eye",
					"parent": "bone",
					"pivot": [8, 1.8, -34],
					"cubes": [
						{"origin": [6, 1.8, -52], "size": [6, 0, 10], "pivot": [8, 1.8, -42], "rotation": [-27.5, 0, 0], "uv": [209, 49], "mirror": true},
						{"origin": [6, 3.78314, -78.47026], "size": [6, 0, 18], "pivot": [8, 6.4, -50.8], "rotation": [-90, 0, 0], "uv": [203, 12], "mirror": true},
						{"origin": [6, 6.38314, -60.87026], "size": [6, 0, 10], "pivot": [8, 6.4, -50.8], "rotation": [-75, 0, 0], "uv": [209, 49], "mirror": true},
						{"origin": [6, 1.8, -42], "size": [6, 0, 10], "uv": [209, 49], "mirror": true}
					]
				}
			]
		}
	]
}