{
	"format_version": "1.12.0",
	"minecraft:geometry": [
		{
			"description": {
				"identifier": "geometry.spinarift",
				"texture_width": 256,
				"texture_height": 256,
				"visible_bounds_width": 21,
				"visible_bounds_height": 5.5,
				"visible_bounds_offset": [0, 2.25, 0]
			},
			"bones": [
				{
					"name": "spinarift",
					"pivot": [0, 0, 0]
				},
				{
					"name": "body",
					"parent": "spinarift",
					"pivot": [0, 0, 0]
				},
				{
					"name": "torso",
					"parent": "body",
					"pivot": [-0.5, 13.75, 3],
					"rotation": [-15, 0, 0],
					"cubes": [
						{"origin": [-6, 12.25, -5], "size": [12, 14, 13], "uv": [0, 0]},
						{"origin": [-4, 26.25, -3], "size": [8, 3, 14], "uv": [50, 0]},
						{"origin": [-1, 29.25, 3], "size": [2, 3, 2], "uv": [124, 163]},
						{"origin": [-2, 32.25, 2], "size": [4, 6, 4], "uv": [0, 147], "mirror": true},
						{"origin": [-3, 38.25, 1], "size": [6, 13, 6], "uv": [30, 109]},
						{"origin": [-4, 51.25, 0], "size": [8, 9, 8], "uv": [70, 77]},
						{"origin": [-3, 60.25, 1], "size": [6, 3, 6], "uv": [120, 43]},
						{"origin": [-0.5, 12.25, 4.5], "size": [1, 1, 1], "pivot": [-0.5, 12.25, 4.5], "rotation": [180, 0, 0], "uv": [90, 155]},
						{"origin": [-1, 12.25, 3], "size": [2, 2, 2], "pivot": [0, 9.25, 4], "rotation": [180, 0, 0], "uv": [164, 30]},
						{"origin": [-1, 17.25, 3], "size": [2, 2, 2], "pivot": [0, 14.25, 4], "rotation": [180, 0, 0], "uv": [164, 30]},
						{"origin": [-1.5, 27.25, 3.5], "size": [3, 3, 3], "pivot": [0.5, 18.25, 4.5], "rotation": [180, 0, 0], "uv": [158, 55]},
						{"origin": [-1, 16.25, 4], "size": [2, 2, 2], "pivot": [0, 12.25, 5.5], "rotation": [-157.5, 0, 0], "uv": [164, 30]},
						{"origin": [-1.5, 14.25, 3.5], "size": [3, 2, 3], "pivot": [0, 12.25, 5.5], "rotation": [-157.5, 0, 0], "uv": [160, 143]},
						{"origin": [-1, 13.25, 4], "size": [2, 1, 2], "pivot": [0, 12.25, 5.5], "rotation": [-157.5, 0, 0], "uv": [8, 165]},
						{"origin": [-0.5, 12.25, 4.5], "size": [1, 1, 1], "pivot": [0, 12.25, 5.5], "rotation": [-157.5, 0, 0], "uv": [152, 100]},
						{"origin": [-1.5, 14.25, 1.5], "size": [3, 2, 3], "pivot": [0, 12.25, 2.5], "rotation": [157.5, 0, 0], "uv": [160, 143]},
						{"origin": [-1, 13.25, 2], "size": [2, 1, 2], "pivot": [0, 12.25, 2.5], "rotation": [157.5, 0, 0], "uv": [8, 165]},
						{"origin": [-0.5, 12.25, 2.5], "size": [1, 1, 1], "pivot": [0, 12.25, 2.5], "rotation": [157.5, 0, 0], "uv": [136, 154]},
						{"origin": [-1, 16.25, 2], "size": [2, 2, 2], "pivot": [0, 12.25, 2.5], "rotation": [157.5, 0, 0], "uv": [164, 30]},
						{"origin": [-0.5, 29.25, 0], "size": [1, 2, 1], "pivot": [-0.5, 29.25, 1], "rotation": [22.5, 0, 0], "uv": [40, 142]},
						{"origin": [-1, 31.25, -0.5], "size": [2, 5, 2], "pivot": [-0.5, 29.25, 1], "rotation": [22.5, 0, 0], "uv": [124, 134]},
						{"origin": [-2, 36.25, -1.5], "size": [4, 12, 4], "pivot": [-0.5, 29.25, 1], "rotation": [22.5, 0, 0], "uv": [60, 135]},
						{"origin": [-3, 48.25, -2.5], "size": [6, 8, 6], "pivot": [-0.5, 29.25, 1], "rotation": [22.5, 0, 0], "uv": [120, 88]},
						{"origin": [-2, 56.25, -1.5], "size": [4, 2, 4], "pivot": [-0.5, 29.25, 1], "rotation": [22.5, 0, 0], "uv": [112, 66]},
						{"origin": [-0.5, 29.25, 7], "size": [1, 2, 1], "pivot": [-0.5, 29.25, 7], "rotation": [-22.5, 0, 0], "uv": [40, 142]},
						{"origin": [-1, 31.25, 6.5], "size": [2, 5, 2], "pivot": [-0.5, 29.25, 7], "rotation": [-22.5, 0, 0], "uv": [124, 134]},
						{"origin": [-2, 36.25, 5.5], "size": [4, 12, 4], "pivot": [-0.5, 29.25, 7], "rotation": [-22.5, 0, 0], "uv": [60, 135]},
						{"origin": [-3, 48.25, 4.5], "size": [6, 8, 6], "pivot": [-0.5, 29.25, 7], "rotation": [-22.5, 0, 0], "uv": [120, 88]},
						{"origin": [-2, 56.25, 5.5], "size": [4, 2, 4], "pivot": [-0.5, 29.25, 7], "rotation": [-22.5, 0, 0], "uv": [112, 66]},
						{"origin": [0.5, 1.39805, 0.22836], "size": [0, 0, 0], "pivot": [0, 0.25, 4], "rotation": [-157.5, 0, 0], "uv": [0, 0]},
						{"origin": [0.5, 1.39805, 6.77164], "size": [0, 0, 0], "pivot": [0, 0.25, 4], "rotation": [157.5, 0, 0], "uv": [0, 0]},
						{"origin": [-0.5, 29.25, 10], "size": [1, 1, 1], "pivot": [-0.5, 29.25, 10], "rotation": [-45, 0, 0], "uv": [30, 92]},
						{"origin": [-1, 30.25, 9.5], "size": [2, 3, 2], "pivot": [-0.5, 29.25, 10], "rotation": [-45, 0, 0], "uv": [0, 164]},
						{"origin": [-1.5, 33.25, 9], "size": [3, 6, 3], "pivot": [-0.5, 29.25, 10], "rotation": [-45, 0, 0], "uv": [154, 120]},
						{"origin": [-2, 39.25, 8.5], "size": [4, 6, 4], "pivot": [-0.5, 29.25, 10], "rotation": [-45, 0, 0], "uv": [148, 0]},
						{"origin": [-1, 45.25, 9.5], "size": [2, 1, 2], "pivot": [-0.5, 29.25, 10], "rotation": [-45, 0, 0], "uv": [8, 165]},
						{"origin": [-0.5, 29.25, -3], "size": [1, 1, 1], "pivot": [-0.5, 29.25, -2], "rotation": [45, 0, 0], "uv": [30, 92]},
						{"origin": [-1, 30.25, -3.5], "size": [2, 3, 2], "pivot": [-0.5, 29.25, -2], "rotation": [45, 0, 0], "uv": [0, 164]},
						{"origin": [-1.5, 33.25, -4], "size": [3, 6, 3], "pivot": [-0.5, 29.25, -2], "rotation": [45, 0, 0], "uv": [154, 120]},
						{"origin": [-2, 39.25, -4.5], "size": [4, 6, 4], "pivot": [-0.5, 29.25, -2], "rotation": [45, 0, 0], "uv": [148, 0]},
						{"origin": [-1, 45.25, -3.5], "size": [2, 1, 2], "pivot": [-0.5, 29.25, -2], "rotation": [45, 0, 0], "uv": [8, 165]},
						{"origin": [-5, 14.25, 8], "size": [10, 12, 8], "uv": [0, 72]}
					]
				},
				{
					"name": "arm_left",
					"parent": "torso",
					"pivot": [6, 13.75, -2.5],
					"cubes": [
						{"origin": [4, 9.25, -4], "size": [3, 6, 3], "uv": [112, 145]}
					]
				},
				{
					"name": "arm_left2",
					"parent": "arm_left",
					"pivot": [6.5, 9.25, -1.5],
					"cubes": [
						{"origin": [4.5, 5.25, -3.5], "size": [2, 4, 2], "uv": [32, 152]}
					]
				},
				{
					"name": "claw_left_front",
					"parent": "arm_left2",
					"pivot": [6.5, 5.25, -2.5],
					"rotation": [-22.5, 0, 0],
					"cubes": [
						{"origin": [5.5, 3.25, -3.5], "size": [1, 2, 1], "inflate": 0.1, "uv": [128, 66]}
					]
				},
				{
					"name": "claw_left_front2",
					"parent": "claw_left_front",
					"pivot": [6.5, 3.25, -3],
					"cubes": [
						{"origin": [5.5, 1.25, -3.5], "size": [1, 2, 1], "uv": [102, 131]}
					]
				},
				{
					"name": "claw_left_front3",
					"parent": "claw_left_front2",
					"pivot": [6.5, 1.25, -3],
					"cubes": [
						{"origin": [5.5, 0.25, -3], "size": [1, 1, 0], "uv": [36, 76]}
					]
				},
				{
					"name": "claw_left_back",
					"parent": "arm_left2",
					"pivot": [6.5, 5.25, -2.5],
					"rotation": [22.5, 0, 0],
					"cubes": [
						{"origin": [5.5, 3.25, -2.5], "size": [1, 2, 1], "inflate": 0.11, "uv": [128, 69]}
					]
				},
				{
					"name": "claw_left_back2",
					"parent": "claw_left_back",
					"pivot": [6.5, 3.25, -2],
					"cubes": [
						{"origin": [5.5, 1.25, -2.5], "size": [1, 2, 1], "uv": [102, 128]}
					]
				},
				{
					"name": "claw_left_back3",
					"parent": "claw_left_back2",
					"pivot": [6.5, 1.25, -2],
					"cubes": [
						{"origin": [5.5, 0.25, -2], "size": [1, 1, 0], "uv": [38, 76]}
					]
				},
				{
					"name": "arm_right",
					"parent": "torso",
					"pivot": [-6, 13.75, -2.5],
					"cubes": [
						{"origin": [-7, 9.25, -4], "size": [3, 6, 3], "uv": [112, 154]}
					]
				},
				{
					"name": "arm_right2",
					"parent": "arm_right",
					"pivot": [-6.5, 9.25, -1.5],
					"cubes": [
						{"origin": [-6.5, 5.25, -3.5], "size": [2, 4, 2], "uv": [46, 161]}
					]
				},
				{
					"name": "claw_right_front",
					"parent": "arm_right2",
					"pivot": [-6.5, 5.25, -2.5],
					"rotation": [-22.5, 0, 0],
					"cubes": [
						{"origin": [-6.5, 3.25, -3.5], "size": [1, 2, 1], "inflate": 0.1, "uv": [20, 136]}
					]
				},
				{
					"name": "claw_right_front2",
					"parent": "claw_right_front",
					"pivot": [-6.5, 3.25, -3],
					"cubes": [
						{"origin": [-6.5, 1.25, -3.5], "size": [1, 2, 1], "uv": [96, 136]}
					]
				},
				{
					"name": "claw_right_front3",
					"parent": "claw_right_front2",
					"pivot": [-6.5, 1.25, -3],
					"cubes": [
						{"origin": [-6.5, 0.25, -3], "size": [1, 1, 0], "uv": [94, 16]}
					]
				},
				{
					"name": "claw_right_back",
					"parent": "arm_right2",
					"pivot": [-6.5, 5.25, -2.5],
					"rotation": [22.5, 0, 0],
					"cubes": [
						{"origin": [-6.5, 3.25, -2.5], "size": [1, 2, 1], "inflate": 0.11, "uv": [20, 139]}
					]
				},
				{
					"name": "claw_right_back2",
					"parent": "claw_right_back",
					"pivot": [-6.5, 3.25, -2],
					"cubes": [
						{"origin": [-6.5, 1.25, -2.5], "size": [1, 2, 1], "uv": [96, 139]}
					]
				},
				{
					"name": "claw_right_back3",
					"parent": "claw_right_back2",
					"pivot": [-6.5, 1.25, -2],
					"cubes": [
						{"origin": [-6.5, 0.25, -2], "size": [1, 1, 0], "uv": [96, 16]}
					]
				},
				{
					"name": "tail",
					"parent": "torso",
					"pivot": [0, 17.25, 16],
					"rotation": [15, 0, 0],
					"cubes": [
						{"origin": [-4, 17.25, 16], "size": [8, 8, 8], "uv": [80, 57]},
						{"origin": [-1, 25.25, 20], "size": [2, 2, 2], "uv": [164, 30], "mirror": true},
						{"origin": [-1, 29.75, 20], "size": [2, 1, 2], "uv": [8, 165], "mirror": true},
						{"origin": [-1.5, 26.75, 19.5], "size": [3, 3, 3], "uv": [158, 55], "mirror": true},
						{"origin": [-1, 15.25, 20], "size": [2, 1, 2], "pivot": [0, 14.75, 6], "rotation": [0, 0, -180], "uv": [8, 165]},
						{"origin": [-1, 12.25, 20], "size": [2, 1, 2], "pivot": [0, 14.75, 6], "rotation": [0, 0, -180], "uv": [164, 163]},
						{"origin": [-1.5, 13.25, 19.5], "size": [3, 2, 3], "pivot": [0, 14.75, 6], "rotation": [0, 0, -180], "uv": [160, 143]}
					]
				},
				{
					"name": "tail2",
					"parent": "tail",
					"pivot": [0, 17.75, 24],
					"cubes": [
						{"origin": [-3.5, 17.75, 24], "size": [7, 7, 8], "uv": [30, 94]},
						{"origin": [-1, 28.75, 27], "size": [2, 1, 2], "uv": [8, 165]},
						{"origin": [-1.5, 25.75, 26.5], "size": [3, 3, 3], "uv": [158, 55]},
						{"origin": [-1, 24.75, 27], "size": [2, 1, 2], "uv": [164, 163]},
						{"origin": [-0.5, 18.75, 27.5], "size": [1, 1, 1], "pivot": [0, 18.25, 25], "rotation": [0, 0, -180], "uv": [86, 155]},
						{"origin": [-1, 19.75, 27], "size": [2, 2, 2], "pivot": [0, 18.25, 25], "rotation": [0, 0, -180], "uv": [164, 30]},
						{"origin": [-0.5, 21.75, 27.5], "size": [1, 1, 1], "pivot": [0, 18.25, 25], "rotation": [0, 0, -180], "uv": [140, 154]}
					]
				},
				{
					"name": "tail3",
					"parent": "tail2",
					"pivot": [0, 18.25, 32],
					"cubes": [
						{"origin": [-3, 18.25, 32], "size": [6, 6, 8], "uv": [54, 109]},
						{"origin": [-1.5, 25.25, 34.5], "size": [3, 2, 3], "uv": [160, 143]},
						{"origin": [-1, 24.25, 35], "size": [2, 1, 2], "uv": [164, 163]},
						{"origin": [-1, 27.25, 35], "size": [2, 1, 2], "uv": [8, 165]},
						{"origin": [-0.5, 18.25, 35.5], "size": [1, 1, 1], "pivot": [0, 18.25, 25], "rotation": [0, 0, -180], "uv": [90, 155]},
						{"origin": [-1, 19.25, 35], "size": [2, 2, 2], "pivot": [0, 18.25, 25], "rotation": [0, 0, -180], "uv": [164, 30]}
					]
				},
				{
					"name": "tail4",
					"parent": "tail3",
					"pivot": [0, 18.75, 40],
					"cubes": [
						{"origin": [-2.5, 18.75, 40], "size": [5, 5, 8], "uv": [108, 109]},
						{"origin": [-0.5, 26.75, 43.5], "size": [1, 1, 1], "uv": [140, 154]},
						{"origin": [-1, 24.75, 43], "size": [2, 2, 2], "uv": [164, 30]},
						{"origin": [-0.5, 23.75, 43.5], "size": [1, 1, 1], "uv": [86, 155]},
						{"origin": [-1, 17.75, 43], "size": [2, 2, 2], "pivot": [0, 18.25, 25], "rotation": [0, 0, -180], "uv": [164, 34]}
					]
				},
				{
					"name": "tail5",
					"parent": "tail4",
					"pivot": [0, 19.25, 48],
					"cubes": [
						{"origin": [-2, 19.25, 48], "size": [4, 4, 8], "uv": [108, 122]},
						{"origin": [-1, 24.25, 51], "size": [2, 2, 2], "uv": [164, 30]},
						{"origin": [-0.5, 23.25, 51.5], "size": [1, 1, 1], "uv": [90, 155]},
						{"origin": [-0.5, 17.5, 51.5], "size": [1, 2, 1], "inflate": 0.25, "pivot": [0, 18.25, 25], "rotation": [0, 0, -180], "uv": [62, 165]}
					]
				},
				{
					"name": "tail6",
					"parent": "tail5",
					"pivot": [0, 19.75, 56],
					"cubes": [
						{"origin": [-1.5, 19.75, 56], "size": [3, 3, 8], "uv": [132, 122]},
						{"origin": [-1, 22.75, 59], "size": [2, 2, 2], "uv": [164, 34]},
						{"origin": [-0.5, 16.75, 59.5], "size": [1, 2, 1], "pivot": [0, 18.25, 25], "rotation": [0, 0, -180], "uv": [40, 166]}
					]
				},
				{
					"name": "tail7",
					"parent": "tail6",
					"pivot": [0, 19.95, 64],
					"cubes": [
						{"origin": [-1, 20.25, 64], "size": [2, 2, 8], "inflate": 0.3, "uv": [20, 142]},
						{"origin": [-0.5, 22.5, 67.75], "size": [1, 2, 1], "inflate": 0.25, "uv": [36, 158]},
						{"origin": [-0.5, 15.9, 67.75], "size": [1, 2, 1], "pivot": [0, 18.25, 25], "rotation": [0, 0, -180], "uv": [92, 164]}
					]
				},
				{
					"name": "tail8",
					"parent": "tail7",
					"pivot": [0, 20.05, 72.3],
					"cubes": [
						{"origin": [-1, 20.25, 72], "size": [2, 2, 8], "inflate": 0.2, "uv": [20, 142], "mirror": true},
						{"origin": [-0.5, 22.25, 75.5], "size": [1, 2, 1], "uv": [68, 159]},
						{"origin": [-0.5, 16.45, 75.5], "size": [1, 1, 1], "pivot": [0, 18.25, 25], "rotation": [0, 0, -180], "uv": [166, 117]}
					]
				},
				{
					"name": "tail9",
					"parent": "tail8",
					"pivot": [0, 20.15, 80.2],
					"cubes": [
						{"origin": [-1, 20.25, 80], "size": [2, 2, 8], "inflate": 0.1, "uv": [20, 142]},
						{"origin": [-0.5, 21.75, 83.5], "size": [1, 2, 1], "uv": [108, 160]},
						{"origin": [-0.5, 16.25, 83.5], "size": [1, 1, 1], "inflate": -0.1, "pivot": [0, 18.25, 25], "rotation": [0, 0, -180], "uv": [100, 166]}
					]
				},
				{
					"name": "tail10",
					"parent": "tail9",
					"pivot": [0, 20.25, 88.1],
					"cubes": [
						{"origin": [-1, 20.25, 88], "size": [2, 2, 8], "uv": [20, 142], "mirror": true},
						{"origin": [-0.5, 22.1, 91.5], "size": [1, 1, 1], "uv": [160, 10]},
						{"origin": [-0.5, 16.05, 91.5], "size": [1, 1, 1], "inflate": -0.2, "pivot": [0, 18.25, 25], "rotation": [0, 0, -180], "uv": [96, 166]}
					]
				},
				{
					"name": "tail11",
					"parent": "tail10",
					"pivot": [0, 20.45, 96],
					"cubes": [
						{"origin": [-0.5, 20.75, 96], "size": [1, 1, 8], "inflate": 0.3, "uv": [134, 113]},
						{"origin": [-0.5, 21.95, 99.5], "size": [1, 1, 1], "inflate": -0.1, "uv": [156, 10]},
						{"origin": [-0.5, 15.75, 99.5], "size": [1, 1, 1], "inflate": -0.3, "pivot": [0, 18.25, 25], "rotation": [0, 0, -180], "uv": [160, 78]}
					]
				},
				{
					"name": "tail12",
					"parent": "tail11",
					"pivot": [0, 20.55, 104.3],
					"cubes": [
						{"origin": [-0.5, 20.75, 104], "size": [1, 1, 8], "inflate": 0.2, "uv": [134, 113]},
						{"origin": [-0.5, 21.7, 107.5], "size": [1, 1, 1], "inflate": -0.2, "uv": [156, 78]}
					]
				},
				{
					"name": "tail13",
					"parent": "tail12",
					"pivot": [0, 20.65, 112.2],
					"cubes": [
						{"origin": [-0.5, 20.75, 112], "size": [1, 1, 8], "inflate": 0.1, "uv": [134, 113]},
						{"origin": [-0.5, 21.55, 115.5], "size": [1, 1, 1], "inflate": -0.3, "uv": [32, 158]}
					]
				},
				{
					"name": "tail_end",
					"parent": "tail13",
					"pivot": [0, 20.65, 120],
					"cubes": [
						{"origin": [-1, 20.25, 131], "size": [2, 2, 23], "uv": [0, 27]},
						{"origin": [-41.56444, 20.25, 122.93123], "size": [2, 2, 18], "inflate": 0.01, "pivot": [0, 18.25, 25], "rotation": [0, 22.5, 0], "uv": [50, 17]},
						{"origin": [39.56444, 20.25, 122.93123], "size": [2, 2, 18], "inflate": 0.01, "pivot": [0, 18.25, 25], "rotation": [0, -22.5, 0], "uv": [50, 17], "mirror": true},
						{"origin": [-1, -20.54281, 124.07928], "size": [2, 2, 18], "inflate": 0.01, "pivot": [0, 18.25, 25], "rotation": [22.5, 0, 0], "uv": [50, 17], "mirror": true},
						{"origin": [-1, 60.58608, 121.78318], "size": [2, 2, 18], "inflate": 0.01, "pivot": [0, 18.25, 25], "rotation": [-22.5, 0, 0], "uv": [50, 17]},
						{"origin": [28.48386, 19.37132, 126.8391], "size": [2, 2, 13], "pivot": [0, 18.25, 25], "rotation": [0, -15, -45], "uv": [60, 94]},
						{"origin": [1.12132, -8.13578, 127.93718], "size": [2, 2, 13], "pivot": [0, 18.25, 25], "rotation": [15, 0, -45], "uv": [60, 94]},
						{"origin": [-26.38578, 19.37132, 127.93718], "size": [2, 2, 13], "pivot": [0, 18.25, 25], "rotation": [0, 15, -45], "uv": [60, 94]},
						{"origin": [1.12132, 46.73386, 126.8391], "size": [2, 2, 13], "pivot": [0, 18.25, 25], "rotation": [-15, 0, -45], "uv": [60, 94]},
						{"origin": [-43.09518, 14.25, -76.62675], "size": [2, 2, 10], "pivot": [0, 18.25, 25], "rotation": [-180, 22.5, 0], "uv": [54, 123]},
						{"origin": [-1, 56.57354, -77.7748], "size": [2, 2, 10], "pivot": [0, 18.25, 25], "rotation": [-157.5, 0, 0], "uv": [54, 123], "mirror": true},
						{"origin": [-3.12132, 43.67106, -81.80088], "size": [2, 2, 5], "pivot": [0, 18.25, 25], "rotation": [-165, 0, 45], "uv": [154, 129]},
						{"origin": [25.42106, 15.12868, -81.80088], "size": [2, 2, 5], "pivot": [0, 18.25, 25], "rotation": [180, -15, 45], "uv": [154, 129]},
						{"origin": [41.09518, 14.25, -76.62675], "size": [2, 2, 10], "pivot": [0, 18.25, 25], "rotation": [-180, -22.5, 0], "uv": [54, 123], "mirror": true},
						{"origin": [-1, 14.25, -85], "size": [2, 2, 15], "pivot": [0, 18.25, 25], "rotation": [-180, 0, 0], "uv": [36, 77]},
						{"origin": [-3.12132, -13.26913, -80.7028], "size": [2, 2, 5], "pivot": [0, 18.25, 25], "rotation": [165, 0, 45], "uv": [154, 129]},
						{"origin": [-31.51913, 15.12868, -80.7028], "size": [2, 2, 5], "pivot": [0, 18.25, 25], "rotation": [180, 15, 45], "uv": [154, 129]},
						{"origin": [-1, -27.61682, -75.4787], "size": [2, 2, 10], "pivot": [0, 18.25, 25], "rotation": [157.5, 0, 0], "uv": [54, 123]}
					]
				},
				{
					"name": "neck",
					"parent": "torso",
					"pivot": [-0.5, 15.25, -5],
					"rotation": [-5, 0, 0],
					"cubes": [
						{"origin": [-4, 15.25, -12], "size": [8, 10, 7], "uv": [0, 92]}
					]
				},
				{
					"name": "neck2",
					"parent": "neck",
					"pivot": [-0.5, 18.25, -12],
					"rotation": [-12.5, 0, 0],
					"cubes": [
						{"origin": [-2, 18.25, -21], "size": [4, 6, 9], "uv": [82, 109]}
					]
				},
				{
					"name": "head",
					"parent": "neck2",
					"pivot": [-0.5, 20.75, -21.25],
					"rotation": [35, 0, 0],
					"cubes": [
						{"origin": [-3.5, 16.75, -25.25], "size": [7, 8, 8], "uv": [94, 0]},
						{"origin": [3, 16.75, -20.25], "size": [2, 2, 8], "pivot": [3, 18.75, -20.25], "rotation": [-22.5, 22.5, 0], "uv": [144, 39]},
						{"origin": [3, 18.75, -20.25], "size": [2, 2, 8], "pivot": [3, 18.75, -20.25], "rotation": [22.5, 22.5, 0], "uv": [144, 39]},
						{"origin": [3, 17.75, -20.25], "size": [2, 2, 11], "inflate": 0.01, "pivot": [3, 18.75, -20.25], "rotation": [0, 22.5, 0], "uv": [112, 53], "mirror": true},
						{"origin": [-5, 16.75, -20.25], "size": [2, 2, 8], "pivot": [-3, 18.75, -20.25], "rotation": [-22.5, -22.5, 0], "uv": [124, 144]},
						{"origin": [-5, 17.75, -20.25], "size": [2, 2, 11], "inflate": 0.01, "pivot": [-3, 18.75, -20.25], "rotation": [0, -22.5, 0], "uv": [120, 16], "mirror": true},
						{"origin": [-5, 18.75, -20.25], "size": [2, 2, 8], "pivot": [-3, 18.75, -20.25], "rotation": [22.5, -22.5, 0], "uv": [124, 144]},
						{"origin": [-0.5, 24.75, -23.25], "size": [1, 2, 1], "pivot": [0.5, 24.75, -22.25], "rotation": [22.5, 0, 0], "uv": [146, 62]},
						{"origin": [-1, 26.75, -23.75], "size": [2, 2, 2], "pivot": [0.5, 24.75, -22.25], "rotation": [22.5, 0, 0], "uv": [92, 73]},
						{"origin": [-1.5, 28.75, -24.25], "size": [3, 4, 3], "pivot": [0.5, 24.75, -22.25], "rotation": [22.5, 0, 0], "uv": [0, 157]},
						{"origin": [-1, 32.75, -23.75], "size": [2, 1, 2], "pivot": [0.5, 24.75, -22.25], "rotation": [22.5, 0, 0], "uv": [84, 164]},
						{"origin": [-0.5, 24.75, -21.25], "size": [1, 2, 1], "uv": [40, 145]},
						{"origin": [-1, 26.75, -21.75], "size": [2, 3, 2], "uv": [0, 164]},
						{"origin": [-1.5, 29.75, -22.25], "size": [3, 5, 3], "uv": [132, 80]},
						{"origin": [-1, 34.75, -21.75], "size": [2, 1, 2], "uv": [164, 82]},
						{"origin": [-0.5, 24.75, -19.25], "size": [1, 2, 1], "pivot": [0.5, 24.75, -19.25], "rotation": [-22.5, 0, 0], "uv": [146, 62], "mirror": true},
						{"origin": [-1, 26.75, -19.75], "size": [2, 2, 2], "pivot": [0.5, 24.75, -19.25], "rotation": [-22.5, 0, 0], "uv": [92, 73], "mirror": true},
						{"origin": [-1.5, 28.75, -20.25], "size": [3, 4, 3], "pivot": [0.5, 24.75, -19.25], "rotation": [-22.5, 0, 0], "uv": [0, 157], "mirror": true},
						{"origin": [-1, 32.75, -19.75], "size": [2, 1, 2], "pivot": [0.5, 24.75, -19.25], "rotation": [-22.5, 0, 0], "uv": [84, 164], "mirror": true},
						{"origin": [-0.5, 16.75, -21.25], "size": [1, 2, 1], "pivot": [0.5, 16.75, -20.75], "rotation": [-180, 0, 0], "uv": [40, 145]},
						{"origin": [-1, 18.75, -21.75], "size": [2, 3, 2], "pivot": [0.5, 16.75, -20.75], "rotation": [-180, 0, 0], "uv": [0, 164]},
						{"origin": [-1.5, 21.75, -22.25], "size": [3, 5, 3], "pivot": [0.5, 16.75, -20.75], "rotation": [-180, 0, 0], "uv": [132, 80]},
						{"origin": [-1, 26.75, -21.75], "size": [2, 1, 2], "pivot": [0.5, 16.75, -20.75], "rotation": [-180, 0, 0], "uv": [164, 82]},
						{"origin": [-1, 25.32403, -19.86418], "size": [2, 1, 2], "pivot": [0.5, 16.75, -20.75], "rotation": [157.5, 0, 0], "uv": [84, 164]},
						{"origin": [-1.5, 21.32403, -20.36418], "size": [3, 4, 3], "pivot": [0.5, 16.75, -20.75], "rotation": [157.5, 0, 0], "uv": [0, 157]},
						{"origin": [-1, 19.32403, -19.86418], "size": [2, 2, 2], "pivot": [0.5, 16.75, -20.75], "rotation": [157.5, 0, 0], "uv": [92, 73]},
						{"origin": [-0.5, 17.32403, -19.36418], "size": [1, 2, 1], "pivot": [0.5, 16.75, -20.75], "rotation": [157.5, 0, 0], "uv": [146, 62]}
					]
				},
				{
					"name": "jaw",
					"parent": "head",
					"pivot": [0, 18.75, -25.25],
					"cubes": [
						{"origin": [-1.5, 16.75, -31.25], "size": [3, 2, 6], "uv": [146, 21]},
						{"origin": [-2, 16.75, -28.25], "size": [4, 0, 2], "pivot": [0, 16.75, -28.25], "rotation": [-22.5, 0, 0], "uv": [80, 75]},
						{"origin": [-2, 16.75, -31.25], "size": [4, 0, 2], "pivot": [0, 16.75, -31.25], "rotation": [-22.5, 0, 0], "uv": [80, 73]}
					]
				},
				{
					"name": "tongue",
					"parent": "jaw",
					"pivot": [0, 18.75, -25.25],
					"cubes": [
						{"origin": [-1, 18.75, -27.25], "size": [2, 0, 2], "uv": [146, 25]}
					]
				},
				{
					"name": "tongue2",
					"parent": "tongue",
					"pivot": [0, 18.75, -27.25],
					"cubes": [
						{"origin": [-1, 18.75, -29.25], "size": [2, 0, 2], "uv": [142, 25]}
					]
				},
				{
					"name": "tongue3",
					"parent": "tongue2",
					"pivot": [0, 18.75, -29.25],
					"cubes": [
						{"origin": [-1, 18.75, -31.25], "size": [2, 0, 2], "uv": [146, 23]}
					]
				},
				{
					"name": "snout",
					"parent": "head",
					"pivot": [0, 18.75, -25.25],
					"cubes": [
						{"origin": [-2, 17, -27.1], "size": [0, 1, 1], "inflate": 0.01, "uv": [110, 53]},
						{"origin": [-2, 17.75, -27.6], "size": [0, 1, 2], "uv": [152, 49]},
						{"origin": [-2, 16.75, -31.1], "size": [0, 1, 1], "uv": [34, 92]},
						{"origin": [-2, 17.75, -31.35], "size": [0, 1, 2], "uv": [72, 151]},
						{"origin": [-2, 18.75, -32.25], "size": [4, 4, 7], "uv": [132, 133]},
						{"origin": [-1, 23.75, -29.75], "size": [2, 2, 2], "uv": [124, 12]},
						{"origin": [-0.5, 22.75, -29.25], "size": [1, 1, 1], "uv": [148, 10]},
						{"origin": [-2.5, 18.25, -37.25], "size": [5, 6, 5], "uv": [0, 136]},
						{"origin": [-0.5, 24.25, -34], "size": [1, 1, 1], "pivot": [-0.25, 24.25, -34], "rotation": [-22.5, 0, 0], "uv": [148, 100]},
						{"origin": [-1, 25.25, -34.5], "size": [2, 3, 2], "pivot": [-0.25, 24.25, -34], "rotation": [-22.5, 0, 0], "uv": [164, 5]},
						{"origin": [-0.5, 28, -34], "size": [1, 1, 1], "pivot": [-0.25, 24.25, -34], "rotation": [-22.5, 0, 0], "uv": [16, 150]},
						{"origin": [-0.5, 24.25, -36.5], "size": [1, 1, 1], "pivot": [0, 24.25, -35.5], "rotation": [22.5, 0, 0], "uv": [148, 10]},
						{"origin": [-1, 25.25, -37], "size": [2, 2, 2], "pivot": [0, 24.25, -35.5], "rotation": [22.5, 0, 0], "uv": [124, 12]},
						{"origin": [2, 16.75, -31.1], "size": [0, 1, 1], "uv": [110, 55]},
						{"origin": [2, 17.75, -31.35], "size": [0, 1, 2], "uv": [12, 157]},
						{"origin": [2, 17, -27.35], "size": [0, 1, 1], "inflate": 0.01, "uv": [118, 88]},
						{"origin": [2, 17.75, -27.85], "size": [0, 1, 2], "uv": [108, 157]}
					]
				},
				{
					"name": "eyelid_right",
					"parent": "head",
					"pivot": [8.5, 20.75, -22.25],
					"rotation": [17.5, 0, 0],
					"cubes": [
						{"origin": [2.51, 18.75, -24.25], "size": [0, 4, 5], "pivot": [6.5, 20.75, -23.25], "rotation": [0, 0, 0], "uv": [98, 153]}
					]
				},
				{
					"name": "eyelid_left",
					"parent": "head",
					"pivot": [-0.5, 20.75, -22.25],
					"rotation": [17.5, 0, 0],
					"cubes": [
						{"origin": [-2.51, 18.75, -24.25], "size": [0, 4, 5], "pivot": [1.5, 20.75, -23.25], "rotation": [0, 0, 0], "uv": [98, 153]}
					]
				},
				{
					"name": "eye_left",
					"parent": "head",
					"pivot": [7.5, 20.75, -22.25],
					"rotation": [17.5, 0, 0],
					"cubes": [
						{"origin": [3.52, 20.25, -22.75], "size": [0, 2, 1], "pivot": [7.5, 21.25, -22.75], "rotation": [0, 0, 0], "uv": [100, 73]},
						{"origin": [3.53, 21.5, -23.25], "size": [0, 1, 1], "pivot": [7.7, 21.5, -23.25], "rotation": [0, 0, 0], "uv": [118, 90]},
						{"origin": [3.51, 18.75, -24.25], "size": [0, 4, 5], "pivot": [7.5, 20.75, -22.25], "rotation": [0, 0, 0], "uv": [98, 157]}
					]
				},
				{
					"name": "eye_right",
					"parent": "head",
					"pivot": [0.5, 20.75, -22.25],
					"rotation": [17.5, 0, 0],
					"cubes": [
						{"origin": [-3.52, 20.25, -22.75], "size": [0, 2, 1], "pivot": [0.5, 21.25, -22.75], "rotation": [0, 0, 0], "uv": [100, 73]},
						{"origin": [-3.53, 21.5, -23.25], "size": [0, 1, 1], "pivot": [0.7, 21.5, -23.25], "rotation": [0, 0, 0], "uv": [118, 90]},
						{"origin": [-3.51, 18.75, -24.25], "size": [0, 4, 5], "pivot": [0.5, 20.75, -22.25], "rotation": [0, 0, 0], "uv": [98, 157]}
					]
				},
				{
					"name": "leg_right",
					"parent": "body",
					"pivot": [-5.5, 14.25, 7.5],
					"rotation": [0, 5, 0],
					"cubes": [
						{"origin": [-8.5, 9, 1.75], "size": [6, 9, 9], "uv": [90, 17]},
						{"origin": [-9.5, 10.75, 9], "size": [2, 2, 6], "pivot": [-7.5, 12.75, 9], "rotation": [-22.5, -22.5, 0], "uv": [54, 170], "mirror": true},
						{"origin": [-9.5, 11.75, 9], "size": [2, 2, 9], "inflate": 0.01, "pivot": [-7.5, 12.75, 9], "rotation": [0, -22.5, 0], "uv": [102, 134]},
						{"origin": [-9.5, 12.75, 9], "size": [2, 2, 6], "pivot": [-7.5, 12.75, 9], "rotation": [22.5, -22.5, 0], "uv": [56, 151]}
					]
				},
				{
					"name": "leg_right2",
					"parent": "leg_right",
					"pivot": [-6, 9, 4.25],
					"rotation": [52.5, 0, 0],
					"cubes": [
						{"origin": [-8, 0, 4.25], "size": [5, 9, 5], "uv": [132, 66]}
					]
				},
				{
					"name": "leg_right3",
					"parent": "leg_right2",
					"pivot": [-5.5, 0, 9.2],
					"rotation": [-72.5, 0, 0],
					"cubes": [
						{"origin": [-7.5, -8, 5.2], "size": [4, 8, 4], "uv": [96, 145]},
						{"origin": [-8.5, -6, 9], "size": [2, 2, 3], "inflate": 0.01, "pivot": [-6.5, -5, 9], "rotation": [-22.5, -22.5, 0], "uv": [160, 153]},
						{"origin": [-8.5, -5, 9], "size": [2, 2, 3], "pivot": [-6.5, -5, 9], "rotation": [22.5, -22.5, 0], "uv": [40, 52]}
					]
				},
				{
					"name": "foot_right",
					"parent": "leg_right3",
					"pivot": [-5.5, -8, 9.25],
					"rotation": [-70, 0, 0],
					"cubes": [
						{"origin": [-7.5, -13, 6.25], "size": [4, 5, 3], "inflate": 0.01, "uv": [170, 121]}
					]
				},
				{
					"name": "toe_right_outer",
					"parent": "foot_right",
					"pivot": [-5.5, -13, 9.25],
					"rotation": [0, 0, 22.5],
					"cubes": [
						{"origin": [-7.5, -16, 7.25], "size": [2, 3, 2], "uv": [116, 163]}
					]
				},
				{
					"name": "claw_right_outer",
					"parent": "toe_right_outer",
					"pivot": [-6.5, -16, 9.25],
					"cubes": [
						{"origin": [-6.5, -18, 7.25], "size": [0, 2, 2], "uv": [102, 124]}
					]
				},
				{
					"name": "toe_right_inner",
					"parent": "foot_right",
					"pivot": [-5.5, -13, 9.25],
					"rotation": [0, 0, -22.5],
					"cubes": [
						{"origin": [-5.5, -16, 7.25], "size": [2, 3, 2], "uv": [108, 163]}
					]
				},
				{
					"name": "claw_right_inner",
					"parent": "toe_right_inner",
					"pivot": [-4.5, -16, 9.25],
					"cubes": [
						{"origin": [-4.5, -18, 7.25], "size": [0, 2, 2], "uv": [24, 124]}
					]
				},
				{
					"name": "leg_left",
					"parent": "body",
					"pivot": [5.5, 14.25, 7.5],
					"rotation": [0, -5, 0],
					"cubes": [
						{"origin": [2.5, 9, 1.75], "size": [6, 9, 9], "uv": [90, 35]},
						{"origin": [7.5, 10.75, 9], "size": [2, 2, 6], "pivot": [9.5, 12.75, 9], "rotation": [-22.5, 22.5, 0], "uv": [54, 170], "mirror": true},
						{"origin": [7.5, 11.75, 9], "size": [2, 2, 9], "inflate": 0.01, "pivot": [9.5, 12.75, 9], "rotation": [0, 22.5, 0], "uv": [102, 134], "mirror": true},
						{"origin": [7.5, 12.75, 9], "size": [2, 2, 6], "pivot": [9.5, 12.75, 9], "rotation": [22.5, 22.5, 0], "uv": [56, 151], "mirror": true}
					]
				},
				{
					"name": "leg_left2",
					"parent": "leg_left",
					"pivot": [5, 9, 4.25],
					"rotation": [52.5, 0, 0],
					"cubes": [
						{"origin": [3, 0, 4.25], "size": [5, 9, 5], "uv": [132, 66]}
					]
				},
				{
					"name": "leg_left3",
					"parent": "leg_left2",
					"pivot": [5.5, 0, 9.2],
					"rotation": [-72.5, 0, 0],
					"cubes": [
						{"origin": [3.5, -8, 5.2], "size": [4, 8, 4], "uv": [96, 145]},
						{"origin": [6.5, -6, 9.25], "size": [2, 2, 3], "inflate": 0.01, "pivot": [6.5, -5, 9.25], "rotation": [-22.5, 22.5, 0], "uv": [160, 153]},
						{"origin": [6.5, -5, 9.25], "size": [2, 2, 3], "pivot": [6.5, -5, 9.25], "rotation": [22.5, 22.5, 0], "uv": [40, 52]}
					]
				},
				{
					"name": "foot_left",
					"parent": "leg_left3",
					"pivot": [5.5, -8, 9.25],
					"rotation": [-70, 0, 0],
					"cubes": [
						{"origin": [3.5, -13, 6.25], "size": [4, 5, 3], "inflate": 0.01, "uv": [170, 121]}
					]
				},
				{
					"name": "toe_left_inner",
					"parent": "foot_left",
					"pivot": [5.5, -13, 9.25],
					"rotation": [0, 0, 22.5],
					"cubes": [
						{"origin": [3.5, -16, 7.25], "size": [2, 3, 2], "uv": [116, 163]}
					]
				},
				{
					"name": "claw_left_inner",
					"parent": "toe_left_inner",
					"pivot": [4.5, -16, 9.25],
					"cubes": [
						{"origin": [4.5, -18, 7.25], "size": [0, 2, 2], "uv": [102, 124]}
					]
				},
				{
					"name": "toe_left_outer",
					"parent": "foot_left",
					"pivot": [5.5, -13, 9.25],
					"rotation": [0, 0, -22.5],
					"cubes": [
						{"origin": [5.5, -16, 7.25], "size": [2, 3, 2], "uv": [108, 163]}
					]
				},
				{
					"name": "claw_left_outer",
					"parent": "toe_left_outer",
					"pivot": [6.5, -16, 9.25],
					"cubes": [
						{"origin": [6.5, -18, 7.25], "size": [0, 2, 2], "uv": [24, 124]}
					]
				}
			]
		}
	]
}