{
	"format_version": "1.12.0",
	"minecraft:geometry": [
		{
			"description": {
				"identifier": "geometry.saprentice",
				"texture_width": 128,
				"texture_height": 128,
				"visible_bounds_width": 3,
				"visible_bounds_height": 2.5,
				"visible_bounds_offset": [0, 0.75, 0]
			},
			"bones": [
				{
					"name": "root",
					"pivot": [0, 0, 0],
					"cubes": [
						{"origin": [-4.5, 0, -4.5], "size": [9, 6, 10], "uv": [0, 16]}
					]
				},
				{
					"name": "head",
					"parent": "root",
					"pivot": [0, 6.25, 0.125],
					"cubes": [
						{"origin": [-3, 7, -5], "size": [6, 6, 3], "uv": [0, 44]},
						{"origin": [-4, 6, -4], "size": [8, 8, 8], "uv": [30, 24]},
						{"origin": [-3.5, 9, -5.1], "size": [3, 3, 0], "pivot": [-2, 10.5, -5.1], "rotation": [0, 0, 10], "uv": [0, 22]},
						{"origin": [0.5, 9, -5.1], "size": [3, 3, 0], "pivot": [2, 10.5, -5.1], "rotation": [0, 0, -10], "uv": [0, 19]}
					]
				},
				{
					"name": "hat",
					"parent": "head",
					"pivot": [0, 13.33736, -0.24848],
					"cubes": [
						{"origin": [-7, 12.75, -6.5], "size": [14, 2, 14], "pivot": [0, 18.5, 0.5], "rotation": [-14.00194, 44.13603, -9.85108], "uv": [0, 0]},
						{"origin": [-4, 14.75, -3.5], "size": [8, 2, 8], "pivot": [0, 18.5, 0.5], "rotation": [-14.00194, 44.13603, -9.85108], "uv": [20, 40]},
						{"origin": [7.1, 8.75, -6.5], "size": [0, 6, 14], "pivot": [0, 18.5, 0.5], "rotation": [-14.00194, 44.13603, -9.85108], "uv": [0, 24]},
						{"origin": [-7.1, 8.75, -6.5], "size": [0, 6, 14], "pivot": [0, 18.5, 0.5], "rotation": [-14.00194, -44.13603, 9.85108], "uv": [0, 18]},
						{"origin": [-7, 8.75, 7.6], "size": [14, 6, 0], "pivot": [0, 18.5, 0.5], "rotation": [-14.00194, 44.13603, -9.85108], "uv": [42, 0]},
						{"origin": [-7, 8.75, 7.6], "size": [14, 6, 0], "pivot": [0, 18.5, 0.5], "rotation": [-14.00194, -44.13603, 9.85108], "uv": [42, 0]}
					]
				},
				{
					"name": "hatdeco",
					"parent": "hat",
					"pivot": [0, 16.73101, 0.21706],
					"cubes": [
						{"origin": [0, 16.73101, -2.28294], "size": [0, 6, 6], "pivot": [0, 19.73101, 0.71706], "rotation": [-10, 0, 0], "uv": [0, 0]},
						{"origin": [0, 16.76139, -2.63024], "size": [0, 6, 6], "pivot": [0, 17.76139, 0.36976], "rotation": [-90, 80, -90], "uv": [0, 0]}
					]
				},
				{
					"name": "arm_left",
					"parent": "root",
					"pivot": [5, 7, 0],
					"cubes": [
						{"origin": [4, 6, -1], "size": [2, 2, 2], "uv": [6, 2]}
					]
				},
				{
					"name": "forearm_left",
					"parent": "arm_left",
					"pivot": [6, 7, 0],
					"cubes": [
						{"origin": [6, 6.5, -0.5], "size": [3, 1, 1], "uv": [0, 12]}
					]
				},
				{
					"name": "hand_left",
					"parent": "forearm_left",
					"pivot": [9, 7, 0],
					"cubes": [
						{"origin": [9, 5.5, 0], "size": [3, 3, 0], "uv": [28, 22]}
					]
				},
				{
					"name": "arm_right",
					"parent": "root",
					"pivot": [-5, 7, 0],
					"cubes": [
						{"origin": [-6, 6, -1], "size": [2, 2, 2], "uv": [0, 0]}
					]
				},
				{
					"name": "forearm_right",
					"parent": "arm_right",
					"pivot": [-6, 7, 0],
					"cubes": [
						{"origin": [-9, 6.5, -0.5], "size": [3, 1, 1], "uv": [6, 0]}
					]
				},
				{
					"name": "hand_right",
					"parent": "forearm_right",
					"pivot": [-9, 7, 0],
					"cubes": [
						{"origin": [-12, 5.5, 0], "size": [3, 3, 0], "uv": [0, 16]}
					]
				}
			]
		}
	]
}