{
	"format_version": "1.12.0",
	"minecraft:geometry": [
		{
			"description": {
				"identifier": "geometry.sneaselhc",
				"texture_width": 64,
				"texture_height": 32,
				"visible_bounds_width": 6,
				"visible_bounds_height": 4,
				"visible_bounds_offset": [0, 1, 0]
			},
			"bones": [
				{
					"name": "sneaselhc",
					"pivot": [0, 0, 0]
				},
				{
					"name": "body",
					"parent": "sneaselhc",
					"pivot": [0, 0, 0]
				},
				{
					"name": "waist",
					"parent": "body",
					"pivot": [0, 4.6, 0],
					"cubes": [
						{"origin": [-2.5, 4.8, -2], "size": [5, 5, 4], "uv": [0, 15]},
						{"origin": [-1, 5.3, 1.4], "size": [2, 5, 1], "uv": [44, 13]}
					]
				},
				{
					"name": "feather12",
					"parent": "waist",
					"pivot": [0.45, 6.2, 2.5],
					"rotation": [-133.36758, -33.04507, 3.67706],
					"cubes": [
						{"origin": [-1.04748, 6.19165, 2.45053], "size": [3, 9, 0], "uv": [32, 18]}
					]
				},
				{
					"name": "feather13",
					"parent": "feather12",
					"pivot": [0.45, 12.2, 2.5],
					"rotation": [25, 0, 0],
					"cubes": [
						{"origin": [-1.04748, 12.19165, 2.45053], "size": [3, 7, 0], "uv": [32, 18]}
					]
				},
				{
					"name": "feather14",
					"parent": "feather13",
					"pivot": [0.45, 16.2, 2.5],
					"rotation": [25, 0, 0],
					"cubes": [
						{"origin": [-1.04748, 16.19165, 2.45053], "size": [3, 7, 0], "uv": [32, 18]}
					]
				},
				{
					"name": "feather15",
					"parent": "feather14",
					"pivot": [0.45, 20.2, 2.5],
					"rotation": [25, 0, 0],
					"cubes": [
						{"origin": [-1.04748, 20.19165, 2.45053], "size": [3, 7, 0], "uv": [32, 18]}
					]
				},
				{
					"name": "feather16",
					"parent": "feather15",
					"pivot": [0.45, 24.2, 2.5],
					"rotation": [25, 0, 0],
					"cubes": [
						{"origin": [-1.04748, 24.19165, 2.45053], "size": [3, 7, 0], "uv": [32, 18]}
					]
				},
				{
					"name": "feather17",
					"parent": "feather16",
					"pivot": [0.45, 28.2, 2.5],
					"rotation": [25, 0, 0],
					"cubes": [
						{"origin": [-1.04748, 28.19165, 2.45053], "size": [3, 7, 0], "uv": [32, 18]}
					]
				},
				{
					"name": "feather18",
					"parent": "feather17",
					"pivot": [0.45, 33.2, 2.5],
					"rotation": [-25, 0, 0],
					"cubes": [
						{"origin": [-1.04748, 33.19165, 2.45053], "size": [3, 7, 0], "uv": [32, 18]}
					]
				},
				{
					"name": "feather19",
					"parent": "feather18",
					"pivot": [0.45, 37.2, 2.5],
					"rotation": [-25, 0, 0],
					"cubes": [
						{"origin": [-1.04748, 37.19165, 2.45053], "size": [3, 7, 0], "uv": [32, 18]}
					]
				},
				{
					"name": "feather20",
					"parent": "feather19",
					"pivot": [0.45, 41.2, 2.5],
					"rotation": [-25, 0, 0],
					"cubes": [
						{"origin": [-1.04748, 41.19165, 2.45053], "size": [3, 7, 0], "uv": [32, 18]}
					]
				},
				{
					"name": "feather21",
					"parent": "feather20",
					"pivot": [0.45, 45.2, 2.5],
					"rotation": [25, 0, 0],
					"cubes": [
						{"origin": [-1.04748, 45.19165, 2.45053], "size": [3, 7, 0], "uv": [32, 18]}
					]
				},
				{
					"name": "feather22",
					"parent": "feather21",
					"pivot": [0.45, 49.2, 2.5],
					"rotation": [25, 0, 0],
					"cubes": [
						{"origin": [-1.04748, 49.19165, 2.45053], "size": [3, 7, 0], "uv": [32, 18]}
					]
				},
				{
					"name": "feather10",
					"parent": "waist",
					"pivot": [-0.45, 6.2, 2.5],
					"rotation": [-133.36758, 33.04507, -3.67706],
					"cubes": [
						{"origin": [-1.95252, 6.19165, 2.45053], "size": [3, 9, 0], "uv": [32, 18], "mirror": true}
					]
				},
				{
					"name": "feather11",
					"parent": "feather10",
					"pivot": [-0.45, 12.2, 2.5],
					"rotation": [25, 0, 0],
					"cubes": [
						{"origin": [-1.95252, 12.19165, 2.45053], "size": [3, 7, 0], "uv": [32, 18], "mirror": true}
					]
				},
				{
					"name": "feather23",
					"parent": "feather11",
					"pivot": [-0.45, 16.2, 2.5],
					"rotation": [25, 0, 0],
					"cubes": [
						{"origin": [-1.95252, 16.19165, 2.45053], "size": [3, 7, 0], "uv": [32, 18], "mirror": true}
					]
				},
				{
					"name": "feather24",
					"parent": "feather23",
					"pivot": [-0.45, 20.2, 2.5],
					"rotation": [25, 0, 0],
					"cubes": [
						{"origin": [-1.95252, 20.19165, 2.45053], "size": [3, 7, 0], "uv": [32, 18], "mirror": true}
					]
				},
				{
					"name": "feather25",
					"parent": "feather24",
					"pivot": [-0.45, 24.2, 2.5],
					"rotation": [25, 0, 0],
					"cubes": [
						{"origin": [-1.95252, 24.19165, 2.45053], "size": [3, 7, 0], "uv": [32, 18], "mirror": true}
					]
				},
				{
					"name": "feather26",
					"parent": "feather25",
					"pivot": [-0.45, 28.2, 2.5],
					"rotation": [25, 0, 0],
					"cubes": [
						{"origin": [-1.95252, 28.19165, 2.45053], "size": [3, 7, 0], "uv": [32, 18], "mirror": true}
					]
				},
				{
					"name": "feather27",
					"parent": "feather26",
					"pivot": [-0.45, 33.2, 2.5],
					"rotation": [-25, 0, 0],
					"cubes": [
						{"origin": [-1.95252, 33.19165, 2.45053], "size": [3, 7, 0], "uv": [32, 18], "mirror": true}
					]
				},
				{
					"name": "feather28",
					"parent": "feather27",
					"pivot": [-0.45, 37.2, 2.5],
					"rotation": [-25, 0, 0],
					"cubes": [
						{"origin": [-1.95252, 37.19165, 2.45053], "size": [3, 7, 0], "uv": [32, 18], "mirror": true}
					]
				},
				{
					"name": "feather29",
					"parent": "feather28",
					"pivot": [-0.45, 41.2, 2.5],
					"rotation": [-25, 0, 0],
					"cubes": [
						{"origin": [-1.95252, 41.19165, 2.45053], "size": [3, 7, 0], "uv": [32, 18], "mirror": true}
					]
				},
				{
					"name": "feather30",
					"parent": "feather29",
					"pivot": [-0.45, 45.2, 2.5],
					"rotation": [25, 0, 0],
					"cubes": [
						{"origin": [-1.95252, 45.19165, 2.45053], "size": [3, 7, 0], "uv": [32, 18], "mirror": true}
					]
				},
				{
					"name": "feather31",
					"parent": "feather30",
					"pivot": [-0.45, 49.2, 2.5],
					"rotation": [25, 0, 0],
					"cubes": [
						{"origin": [-1.95252, 49.19165, 2.45053], "size": [3, 7, 0], "uv": [32, 18], "mirror": true}
					]
				},
				{
					"name": "torso",
					"parent": "waist",
					"pivot": [0, 10, 1.6],
					"cubes": [
						{"origin": [-2, 9.7, -1.4], "size": [4, 5, 3], "inflate": 0.1, "uv": [50, 13]},
						{"origin": [-1, 10.8, -1.9], "size": [2, 4, 1], "inflate": 0.1, "uv": [44, 14]},
						{"origin": [-1, 9.8, 1.15], "size": [2, 5, 1], "inflate": 0.1, "uv": [44, 13]},
						{"origin": [0.5, 13, 0.65], "size": [2, 2, 1], "inflate": 0.1, "uv": [44, 16]},
						{"origin": [1.75, 14, 0.4], "size": [2, 1, 1], "pivot": [2.75, 1.3, 0], "rotation": [0, -90, 0], "uv": [44, 16]},
						{"origin": [-3.75, 14, -1.4], "size": [2, 1, 1], "pivot": [-2.75, 1.3, 0], "rotation": [0, -90, 0], "uv": [44, 16], "mirror": true},
						{"origin": [-2.5, 13, 0.65], "size": [2, 2, 1], "inflate": 0.1, "uv": [44, 16], "mirror": true},
						{"origin": [0.5, 12, -1.65], "size": [2, 3, 1], "inflate": 0.1, "uv": [44, 15]},
						{"origin": [-2.5, 12, -1.65], "size": [2, 3, 1], "inflate": 0.1, "uv": [44, 15], "mirror": true},
						{"origin": [-0.5, 12, -2.01], "size": [1, 2, 0], "uv": [2, 6]}
					]
				},
				{
					"name": "head",
					"parent": "torso",
					"pivot": [0, 14.55, 0],
					"cubes": [
						{"origin": [-4, 14.6, -4], "size": [8, 7, 8], "uv": [0, 0]},
						{"origin": [-0.5, 19.05, -4], "size": [1, 2, 0], "inflate": 0.01, "uv": [0, 6]},
						{"origin": [-2.5, 15.6, -5], "size": [5, 1, 1], "uv": [38, 9]}
					]
				},
				{
					"name": "jaw",
					"parent": "head",
					"pivot": [0, 15.6, -4],
					"cubes": [
						{"origin": [-2.5, 14.6, -5], "size": [5, 1, 1], "uv": [38, 11]}
					]
				},
				{
					"name": "eyes",
					"parent": "head",
					"pivot": [0, 17.3, -2.5]
				},
				{
					"name": "eye_right",
					"parent": "eyes",
					"pivot": [-3.5, 17.65, -2.5],
					"cubes": [
						{"origin": [-4, 16.6, -4], "size": [3, 2, 1], "inflate": 0.01, "uv": [0, 0]}
					]
				},
				{
					"name": "pupil_right",
					"parent": "eye_right",
					"pivot": [-2.1, 17.6, -3.5],
					"cubes": [
						{"origin": [-2.6, 16.6, -4], "size": [1, 2, 1], "inflate": 0.015, "uv": [50, 7]}
					]
				},
				{
					"name": "eyelid_right",
					"parent": "eye_right",
					"pivot": [-2.4, 17.6, -3.4],
					"cubes": [
						{"origin": [-3.9, 16.6, -3.9], "size": [3, 2, 1], "inflate": 0.02, "uv": [0, 29]}
					]
				},
				{
					"name": "eye_left",
					"parent": "eyes",
					"pivot": [3.5, 17.65, -2.5],
					"cubes": [
						{"origin": [1, 16.6, -4], "size": [3, 2, 1], "inflate": 0.01, "uv": [0, 3]}
					]
				},
				{
					"name": "pupil_left",
					"parent": "eye_left",
					"pivot": [2.1, 17.6, -3.5],
					"cubes": [
						{"origin": [1.6, 16.6, -4], "size": [1, 2, 1], "inflate": 0.015, "uv": [54, 7]}
					]
				},
				{
					"name": "eyelid_left",
					"parent": "eye_left",
					"pivot": [2.4, 17.6, -3.4],
					"cubes": [
						{"origin": [0.9, 16.6, -3.9], "size": [3, 2, 1], "inflate": 0.02, "uv": [8, 29]}
					]
				},
				{
					"name": "ear_right",
					"parent": "head",
					"pivot": [-2.05, 21.6, -1.5],
					"rotation": [-20, 15, -40],
					"cubes": [
						{"origin": [-5.05, 21.1, -1.5], "size": [3, 4, 0], "uv": [32, 9]}
					]
				},
				{
					"name": "ear_left",
					"parent": "head",
					"pivot": [2.05, 21.6, -1.5],
					"rotation": [-25, -15, 45],
					"cubes": [
						{"origin": [2.05, 21.4, -1.5], "size": [2, 3, 0], "uv": [0, 15]}
					]
				},
				{
					"name": "feather",
					"parent": "head",
					"pivot": [0.45, 17.2, -4.1],
					"rotation": [5.43397, 0, 30.01837],
					"cubes": [
						{"origin": [-1.04748, 17.19165, -4.05053], "size": [3, 9, 0], "uv": [32, 18]}
					]
				},
				{
					"name": "feather2",
					"parent": "feather",
					"pivot": [0.45, 23.2, -4.1],
					"rotation": [-25, 0, 0],
					"cubes": [
						{"origin": [-1.04748, 23.19165, -4.05053], "size": [3, 7, 0], "uv": [32, 18]}
					]
				},
				{
					"name": "feather3",
					"parent": "feather2",
					"pivot": [0.45, 27.2, -4.1],
					"rotation": [-25, 0, 0],
					"cubes": [
						{"origin": [-1.04748, 27.19165, -4.05053], "size": [3, 7, 0], "uv": [32, 18]}
					]
				},
				{
					"name": "feather4",
					"parent": "feather3",
					"pivot": [0.45, 31.2, -4.1],
					"rotation": [-25, 0, 0],
					"cubes": [
						{"origin": [-1.04748, 31.19165, -4.05053], "size": [3, 7, 0], "uv": [32, 18]}
					]
				},
				{
					"name": "feather5",
					"parent": "feather4",
					"pivot": [0.45, 35.2, -4.1],
					"rotation": [-25, 0, 0],
					"cubes": [
						{"origin": [-1.04748, 35.19165, -4.05053], "size": [3, 7, 0], "uv": [32, 18]}
					]
				},
				{
					"name": "feather6",
					"parent": "feather5",
					"pivot": [0.45, 39.2, -4.1],
					"rotation": [-25, 0, 0],
					"cubes": [
						{"origin": [-1.04748, 39.19165, -4.05053], "size": [3, 7, 0], "uv": [32, 18]}
					]
				},
				{
					"name": "feather7",
					"parent": "feather6",
					"pivot": [0.45, 44.2, -4.1],
					"rotation": [25, 0, 0],
					"cubes": [
						{"origin": [-1.04748, 44.19165, -4.05053], "size": [3, 7, 0], "uv": [32, 18]}
					]
				},
				{
					"name": "feather8",
					"parent": "feather7",
					"pivot": [0.45, 48.2, -4.1],
					"rotation": [25, 0, 0],
					"cubes": [
						{"origin": [-1.04748, 48.19165, -4.05053], "size": [3, 7, 0], "uv": [32, 18]}
					]
				},
				{
					"name": "feather9",
					"parent": "feather8",
					"pivot": [0.45, 52.2, -4.1],
					"rotation": [25, 0, 0],
					"cubes": [
						{"origin": [-1.04748, 52.19165, -4.05053], "size": [3, 7, 0], "uv": [32, 18]}
					]
				},
				{
					"name": "arm_right",
					"parent": "torso",
					"pivot": [-2, 13.8, 0],
					"cubes": [
						{"origin": [-8, 13.3, -1], "size": [6, 1, 2], "inflate": 0.1, "uv": [24, 0]}
					]
				},
				{
					"name": "arm_right2",
					"parent": "arm_right",
					"pivot": [-8, 14.3, 1],
					"cubes": [
						{"origin": [-12, 12.8, -1.5], "size": [4, 2, 3], "uv": [30, 27]},
						{"origin": [-11, 14.05, -1.8], "size": [2, 1, 1], "inflate": 0.01, "pivot": [-10, 14.55, -1.3], "rotation": [0, 25, -25], "uv": [40, 1], "mirror": true},
						{"origin": [-10.5, 14.2, -0.55], "size": [2, 1, 1], "inflate": 0.01, "pivot": [-9.5, 14.7, -0.05], "rotation": [0, 0, -25], "uv": [40, 0], "mirror": true},
						{"origin": [-11, 14.05, 0.8], "size": [2, 1, 1], "inflate": 0.01, "pivot": [-10, 14.55, 1.3], "rotation": [0, -25, -25], "uv": [34, 3], "mirror": true}
					]
				},
				{
					"name": "arm_claw_back_right",
					"parent": "arm_right2",
					"pivot": [-12, 14.8, 0.8],
					"cubes": [
						{"origin": [-15, 12.8, 0.3], "size": [3, 2, 1], "inflate": 0.01, "uv": [40, 0]},
						{"origin": [-16, 11.8, 0.3], "size": [2, 2, 1], "uv": [40, 0]},
						{"origin": [-16.5, 10.8, 0.8], "size": [1, 2, 0], "uv": [14, 17]}
					]
				},
				{
					"name": "arm_claw_front_right",
					"parent": "arm_right2",
					"pivot": [-12, 14.8, -0.8],
					"cubes": [
						{"origin": [-15, 12.8, -1.3], "size": [3, 2, 1], "inflate": 0.01, "uv": [48, 0]},
						{"origin": [-16, 11.8, -1.3], "size": [2, 2, 1], "uv": [48, 0]},
						{"origin": [-16.5, 10.8, -0.8], "size": [1, 2, 0], "uv": [16, 17]}
					]
				},
				{
					"name": "arm_left",
					"parent": "torso",
					"pivot": [2, 13.8, 0],
					"cubes": [
						{"origin": [2, 13.3, -1], "size": [6, 1, 2], "inflate": 0.1, "uv": [34, 6]}
					]
				},
				{
					"name": "arm_left2",
					"parent": "arm_left",
					"pivot": [8, 14.3, 1],
					"cubes": [
						{"origin": [8, 12.8, -1.5], "size": [4, 2, 3], "uv": [16, 27]},
						{"origin": [9, 14.05, 0.8], "size": [2, 1, 1], "inflate": 0.01, "pivot": [10, 14.55, 1.3], "rotation": [0, 25, 25], "uv": [34, 3]},
						{"origin": [9, 14.05, -1.8], "size": [2, 1, 1], "inflate": 0.01, "pivot": [10, 14.55, -1.3], "rotation": [0, -25, 25], "uv": [40, 1]},
						{"origin": [8.5, 14.2, -0.55], "size": [2, 1, 1], "inflate": 0.01, "pivot": [9.5, 14.7, -0.05], "rotation": [0, 0, 25], "uv": [40, 0]}
					]
				},
				{
					"name": "arm_claw_back_left",
					"parent": "arm_left2",
					"pivot": [12, 14.8, 0.8],
					"cubes": [
						{"origin": [12, 12.8, 0.3], "size": [3, 2, 1], "inflate": 0.01, "uv": [32, 3]},
						{"origin": [14, 11.8, 0.3], "size": [2, 2, 1], "uv": [33, 3]},
						{"origin": [15.5, 10.8, 0.8], "size": [1, 2, 0], "uv": [14, 15]}
					]
				},
				{
					"name": "arm_claw_front_left",
					"parent": "arm_left2",
					"pivot": [12, 14.8, -0.8],
					"cubes": [
						{"origin": [12, 12.8, -1.3], "size": [3, 2, 1], "inflate": 0.01, "uv": [40, 3]},
						{"origin": [14, 11.8, -1.3], "size": [2, 2, 1], "uv": [41, 3]},
						{"origin": [15.5, 10.8, -0.8], "size": [1, 2, 0], "uv": [16, 15]}
					]
				},
				{
					"name": "tail",
					"parent": "waist",
					"pivot": [0, 6.75, 2],
					"rotation": [0, -32.5, 0]
				},
				{
					"name": "tail1",
					"parent": "tail",
					"pivot": [0, 7.5, 1.75],
					"rotation": [20, 0, 0],
					"cubes": [
						{"origin": [0, 7, 1.75], "size": [0, 2, 5], "uv": [54, -2]}
					]
				},
				{
					"name": "tail2",
					"parent": "tail",
					"pivot": [0, 7, 1.75],
					"rotation": [-5, 0, 0],
					"cubes": [
						{"origin": [0, 5.75, 1.75], "size": [0, 2, 6], "inflate": 0.01, "pivot": [0, 0, 0], "rotation": [0, -10, 0], "uv": [52, -1]}
					]
				},
				{
					"name": "tail3",
					"parent": "tail",
					"pivot": [0, 6, 2],
					"rotation": [-30, 0, 0],
					"cubes": [
						{"origin": [0, 4.5, 2], "size": [0, 2, 4], "uv": [56, -3]}
					]
				},
				{
					"name": "tail4",
					"parent": "waist",
					"pivot": [0, 6.75, 2],
					"rotation": [0, 30, 0]
				},
				{
					"name": "tail5",
					"parent": "tail4",
					"pivot": [0, 7.5, 1.75],
					"rotation": [20, 0, 0],
					"cubes": [
						{"origin": [0, 7, 1.75], "size": [0, 2, 5], "uv": [54, -2]}
					]
				},
				{
					"name": "tail6",
					"parent": "tail4",
					"pivot": [0, 7, 1.75],
					"rotation": [-5, 0, 0],
					"cubes": [
						{"origin": [0, 5.75, 1.75], "size": [0, 2, 6], "inflate": 0.01, "pivot": [0, 0, 0], "rotation": [0, 10, 0], "uv": [52, -1]}
					]
				},
				{
					"name": "tail7",
					"parent": "tail4",
					"pivot": [0, 6, 2],
					"rotation": [-30, 0, 0],
					"cubes": [
						{"origin": [0, 4.5, 2], "size": [0, 2, 4], "uv": [56, -3]}
					]
				},
				{
					"name": "tail8",
					"parent": "waist",
					"pivot": [0, 6.75, 2],
					"rotation": [0, 30, 90]
				},
				{
					"name": "tail9",
					"parent": "tail8",
					"pivot": [0, 7.5, 1.75],
					"rotation": [20, 0, 0],
					"cubes": [
						{"origin": [0, 7, 1.75], "size": [0, 2, 5], "uv": [54, -2]}
					]
				},
				{
					"name": "tail10",
					"parent": "tail8",
					"pivot": [0, 7, 1.75],
					"rotation": [-5, 0, 0],
					"cubes": [
						{"origin": [0, 5.75, 1.75], "size": [0, 2, 6], "inflate": 0.01, "pivot": [0, 0, 0], "rotation": [0, 10, 0], "uv": [52, -1]}
					]
				},
				{
					"name": "tail11",
					"parent": "tail8",
					"pivot": [0, 6, 2],
					"rotation": [-30, 0, 0],
					"cubes": [
						{"origin": [0, 4.5, 2], "size": [0, 2, 4], "uv": [56, -3]}
					]
				},
				{
					"name": "tail12",
					"parent": "waist",
					"pivot": [0, 6.75, 2],
					"rotation": [0, 30, -90]
				},
				{
					"name": "tail13",
					"parent": "tail12",
					"pivot": [0, 7.5, 1.75],
					"rotation": [20, 0, 0],
					"cubes": [
						{"origin": [0, 7, 1.75], "size": [0, 2, 5], "uv": [54, -2]}
					]
				},
				{
					"name": "tail14",
					"parent": "tail12",
					"pivot": [0, 7, 1.75],
					"rotation": [-5, 0, 0],
					"cubes": [
						{"origin": [0, 5.75, 1.75], "size": [0, 2, 6], "inflate": 0.01, "pivot": [0, 0, 0], "rotation": [0, 10, 0], "uv": [52, -1]}
					]
				},
				{
					"name": "tail15",
					"parent": "tail12",
					"pivot": [0, 6, 2],
					"rotation": [-30, 0, 0],
					"cubes": [
						{"origin": [0, 4.5, 2], "size": [0, 2, 4], "uv": [56, -3]}
					]
				},
				{
					"name": "leg_right",
					"parent": "body",
					"pivot": [-1.5, 4.8, 0.2],
					"cubes": [
						{"origin": [-2.5, 2.8, -0.7], "size": [2, 3, 2], "inflate": -0.19, "uv": [0, 24]}
					]
				},
				{
					"name": "leg_right2",
					"parent": "leg_right",
					"pivot": [-1.5, 3, -0.5],
					"cubes": [
						{"origin": [-2.5, 0.2, -0.7], "size": [2, 3, 2], "inflate": -0.2, "uv": [8, 24]}
					]
				},
				{
					"name": "foot_right",
					"parent": "leg_right2",
					"pivot": [-1.5, 1, 1.25],
					"cubes": [
						{"origin": [-2.5, 0.1, -2.55], "size": [2, 1, 4], "inflate": 0.1, "uv": [24, 3]}
					]
				},
				{
					"name": "foot_right2",
					"parent": "foot_right",
					"pivot": [-1.5, 0, -2.65],
					"cubes": [
						{"origin": [-1.4, 0, -3.75], "size": [1, 1, 2], "inflate": -0.2, "pivot": [-0.4, 0.5, -1.75], "rotation": [5.04292, -7.4713, -0.6574], "uv": [41, 3]},
						{"origin": [-2.6, 0, -3.75], "size": [1, 1, 2], "inflate": -0.2, "pivot": [-2.6, 0.5, -1.75], "rotation": [5.04292, 7.4713, 0.6574], "uv": [41, 3], "mirror": true}
					]
				},
				{
					"name": "leg_left",
					"parent": "body",
					"pivot": [1.5, 4.8, 0.2],
					"cubes": [
						{"origin": [0.5, 2.8, -0.7], "size": [2, 3, 2], "inflate": -0.19, "uv": [16, 22], "mirror": true}
					]
				},
				{
					"name": "leg_left2",
					"parent": "leg_left",
					"pivot": [1.5, 3, -0.5],
					"cubes": [
						{"origin": [0.5, 0.2, -0.7], "size": [2, 3, 2], "inflate": -0.2, "uv": [24, 22], "mirror": true}
					]
				},
				{
					"name": "foot_left",
					"parent": "leg_left2",
					"pivot": [1.5, 1, 1.25],
					"cubes": [
						{"origin": [0.5, 0.1, -2.55], "size": [2, 1, 4], "inflate": 0.1, "uv": [29, 13], "mirror": true}
					]
				},
				{
					"name": "foot_left2",
					"parent": "foot_left",
					"pivot": [1.5, 0, -2.65],
					"cubes": [
						{"origin": [0.4, 0, -3.75], "size": [1, 1, 2], "inflate": -0.2, "pivot": [0.4, 0.5, -1.75], "rotation": [5.04292, 7.4713, 0.6574], "uv": [41, 3], "mirror": true},
						{"origin": [1.6, 0, -3.75], "size": [1, 1, 2], "inflate": -0.2, "pivot": [2.6, 0.5, -1.75], "rotation": [5.04292, -7.4713, -0.6574], "uv": [41, 3]}
					]
				}
			]
		}
	]
}