{
 "species": "cobblemon:enderdrake",
 "order": 0,
 "variations": [
   {
     "aspects": [],
     "poser": "cobblemon:enderdrake",
     "model": "cobblemon:enderdrake.geo",
     "texture": "cobblemon:textures/pokemon/enderdrake/enderdrake.png",
     "layers": [
		        {
              "name": "emissive",
              "emissive": true,
              "texture": "cobblemon:textures/pokemon/enderdrake/enderdrake_emissive.png",
              "translucent": true
			}
		]
   },
   {
     "aspects": [
       "shiny"
     ],
     "texture": "cobblemon:textures/pokemon/enderdrake/enderdrake_shiny.png",
	  "layers": [
		        {
              "name": "emissive",
              "emissive": true,
              "texture": "cobblemon:textures/pokemon/enderdrake/enderdrake_shiny_emissive.png",
              "translucent": true
			}
		]
   }
 ]
}