{
	"format_version": "1.12.0",
	"minecraft:geometry": [
		{
			"description": {
				"identifier": "geometry.unknown",
				"texture_width": 64,
				"texture_height": 64,
				"visible_bounds_width": 3,
				"visible_bounds_height": 2.5,
				"visible_bounds_offset": [0, 0.75, 0]
			},
			"bones": [
				{
					"name": "whole",
					"pivot": [0, 0, 0]
				},
				{
					"name": "head",
					"parent": "whole",
					"pivot": [0, 1, 0],
					"cubes": [
						{"origin": [-4, 0, -4], "size": [8, 10, 8], "pivot": [0, 1, 0], "rotation": [-12.5, 0, 0], "uv": [0, 19]}
					]
				},
				{
					"name": "bucket",
					"parent": "head",
					"pivot": [0, 8.81037, 1.73152],
					"cubes": [
						{"origin": [-4.5, 4, -4.5], "size": [9, 10, 9], "pivot": [0, 1, 0], "rotation": [-12.5, 0, 0], "uv": [0, 0]}
					]
				},
				{
					"name": "handle",
					"parent": "bucket",
					"pivot": [1, 5.16728, 1.17054],
					"rotation": [85, 0, 0],
					"cubes": [
						{"origin": [-5.5, 4.38663, 0.4799], "size": [1, 7, 1], "pivot": [-5, 5.41704, 1.00754], "rotation": [37.5, 0, 0], "uv": [4, 0]},
						{"origin": [4.5, 4.38663, 0.4799], "size": [1, 7, 1], "pivot": [-5, 5.41704, 1.00754], "rotation": [37.5, 0, 0], "uv": [0, 0]},
						{"origin": [-4.5, 10.88663, 0.4799], "size": [9, 1, 1], "pivot": [-5, 5.41704, 1.00754], "rotation": [37.5, 0, 0], "uv": [24, 19]}
					]
				},
				{
					"name": "eyes",
					"parent": "head",
					"pivot": [0, 1, 0]
				},
				{
					"name": "righteye",
					"parent": "eyes",
					"pivot": [0, 1, 0]
				},
				{
					"name": "eye",
					"parent": "righteye",
					"pivot": [0, 1, 0],
					"cubes": [
						{"origin": [-4, 1, -4.025], "size": [3, 4, 0], "pivot": [0, 1, 0], "rotation": [-12.5, 0, 0], "uv": [6, 37]}
					]
				},
				{
					"name": "lid",
					"parent": "righteye",
					"pivot": [0, 1, -0.025],
					"cubes": [
						{"origin": [-4, 1, -3.1], "size": [3, 4, 0], "pivot": [0, 1, -0.025], "rotation": [-12.5, 0, 0], "uv": [0, 37]}
					]
				},
				{
					"name": "pupil",
					"parent": "righteye",
					"pivot": [0, 1, -1],
					"cubes": [
						{"origin": [-3, 3, -4.075], "size": [2, 2, 0], "pivot": [0, 1, -1], "rotation": [-12.5, 0, 0], "uv": [28, 25]}
					]
				},
				{
					"name": "lefteye",
					"parent": "eyes",
					"pivot": [0, 1, 0]
				},
				{
					"name": "eye2",
					"parent": "lefteye",
					"pivot": [0, 1, 0],
					"cubes": [
						{"origin": [1, 1, -4.025], "size": [3, 4, 0], "pivot": [0, 1, 0], "rotation": [-12.5, 0, 0], "uv": [0, 23]}
					]
				},
				{
					"name": "lid2",
					"parent": "lefteye",
					"pivot": [0, 1, -1.025],
					"cubes": [
						{"origin": [1, 1, -3.1], "size": [3, 4, 0], "pivot": [0, 1, -1.025], "rotation": [-12.5, 0, 0], "uv": [0, 19]}
					]
				},
				{
					"name": "pupil2",
					"parent": "lefteye",
					"pivot": [0, 1, -2],
					"cubes": [
						{"origin": [1, 3.25, -4.075], "size": [2, 2, 0], "pivot": [0, 1, -2], "rotation": [-12.5, 0, 0], "uv": [24, 25]}
					]
				},
				{
					"name": "tentacles",
					"parent": "whole",
					"pivot": [0, 0, 0]
				},
				{
					"name": "right",
					"parent": "tentacles",
					"pivot": [0, 1, 0]
				},
				{
					"name": "front",
					"parent": "right",
					"pivot": [-3.55071, 1.04628, -2.75],
					"cubes": [
						{"origin": [-7.05071, 0.04628, -5], "size": [5, 2, 2], "pivot": [-5.80071, 1.04628, -4], "rotation": [0, -25, 0], "uv": [36, 12]}
					]
				},
				{
					"name": "back",
					"parent": "right",
					"pivot": [-2.55071, 1.04628, 2.75],
					"cubes": [
						{"origin": [-7.30071, 0.04628, 3], "size": [5, 2, 2], "pivot": [-4.80071, 1.04628, 4], "rotation": [0, 25, 0], "uv": [32, 29]}
					]
				},
				{
					"name": "frontmid",
					"parent": "right",
					"pivot": [-3.55071, 1.04628, -0.75],
					"rotation": [0, 20, 0],
					"cubes": [
						{"origin": [-8.30071, 0.04628, -3], "size": [5, 2, 2], "pivot": [-5.80071, 1.04628, -2], "rotation": [0, -25, 0], "uv": [36, 8]}
					]
				},
				{
					"name": "backmid",
					"parent": "right",
					"pivot": [-3.55071, 1.04628, 1],
					"rotation": [0, -12.5, 0],
					"cubes": [
						{"origin": [-8.30071, 0.04628, 1.25], "size": [5, 2, 2], "pivot": [-5.80071, 1.04628, 2.25], "rotation": [0, 25, 0], "uv": [32, 33]}
					]
				},
				{
					"name": "left",
					"parent": "tentacles",
					"pivot": [0, 1, 0]
				},
				{
					"name": "front2",
					"parent": "left",
					"pivot": [3.59202, 1.06031, -2.75],
					"cubes": [
						{"origin": [2.09202, 0.06031, -5], "size": [5, 2, 2], "pivot": [5.84202, 1.06031, -4], "rotation": [0, 25, 0], "uv": [32, 25]}
					]
				},
				{
					"name": "back2",
					"parent": "left",
					"pivot": [2.59202, 1.06031, 2.75],
					"cubes": [
						{"origin": [2.34202, 0.06031, 3], "size": [5, 2, 2], "pivot": [4.84202, 1.06031, 4], "rotation": [0, -25, 0], "uv": [27, 4]}
					]
				},
				{
					"name": "frontmid2",
					"parent": "left",
					"pivot": [3.59202, 1.06031, -0.75],
					"rotation": [0, -20, 0],
					"cubes": [
						{"origin": [3.34202, 0.06031, -3], "size": [5, 2, 2], "pivot": [5.84202, 1.06031, -2], "rotation": [0, 25, 0], "uv": [27, 0]}
					]
				},
				{
					"name": "backmid2",
					"parent": "left",
					"pivot": [3.59202, 1.06031, 1],
					"rotation": [0, 12.5, 0],
					"cubes": [
						{"origin": [3.34202, 0.06031, 1.25], "size": [5, 2, 2], "pivot": [5.84202, 1.06031, 2.25], "rotation": [0, -25, 0], "uv": [24, 21]}
					]
				}
			]
		}
	]
}