{
	"format_version": "1.12.0",
	"minecraft:geometry": [
		{
			"description": {
				"identifier": "geometry.valenpiu",
				"texture_width": 64,
				"texture_height": 64,
				"visible_bounds_width": 4,
				"visible_bounds_height": 2.5,
				"visible_bounds_offset": [0, 0.75, 0]
			},
			"bones": [
				{
					"name": "valenpiu",
					"pivot": [0, 0, 0]
				},
				{
					"name": "head",
					"parent": "valenpiu",
					"pivot": [0, 11, 0],
					"cubes": [
						{"origin": [-4, 11, -4], "size": [8, 6, 8], "uv": [1, 22]}
					]
				},
				{
					"name": "bone2",
					"parent": "head",
					"pivot": [4, 17, 0],
					"cubes": [
						{"origin": [1, 15, 0], "size": [8, 8, 0], "uv": [38, 21]}
					]
				},
				{
					"name": "bone3",
					"parent": "head",
					"pivot": [-4, 17, 0],
					"cubes": [
						{"origin": [-9, 15, 0], "size": [8, 8, 0], "uv": [38, 21], "mirror": true}
					]
				},
				{
					"name": "bone",
					"parent": "valenpiu",
					"pivot": [0, 3, 0],
					"cubes": [
						{"origin": [-5, 3, -5], "size": [10, 8, 10], "uv": [0, 0]}
					]
				},
				{
					"name": "bone4",
					"parent": "bone",
					"pivot": [5, 4, 4],
					"cubes": [
						{"origin": [2, 4, 4], "size": [6, 0, 6], "uv": [36, 34]}
					]
				},
				{
					"name": "bone5",
					"parent": "bone",
					"pivot": [-5, 4, 4],
					"cubes": [
						{"origin": [-8, 4, 4], "size": [6, 0, 6], "uv": [36, 34], "mirror": true}
					]
				},
				{
					"name": "arm",
					"parent": "bone",
					"pivot": [4, 10, -4],
					"cubes": [
						{"origin": [3, 5, -5], "size": [2, 5, 2], "pivot": [4, 10, -4], "rotation": [-22.5, 0, 32.5], "uv": [36, 1]}
					]
				},
				{
					"name": "arm2",
					"parent": "bone",
					"pivot": [-4, 10, -4],
					"cubes": [
						{"origin": [-5, 5, -5], "size": [2, 5, 2], "pivot": [-4, 10, -4], "rotation": [-22.5, 0, -32.5], "uv": [36, 1], "mirror": true}
					]
				},
				{
					"name": "leg",
					"parent": "bone",
					"pivot": [2.5, 3, -0.5],
					"cubes": [
						{"origin": [1, 0, -2], "size": [3, 4, 3], "uv": [47, 8]}
					]
				},
				{
					"name": "leg2",
					"parent": "bone",
					"pivot": [-2.5, 3, -0.5],
					"cubes": [
						{"origin": [-4, 0, -2], "size": [3, 4, 3], "uv": [47, 8], "mirror": true}
					]
				},
				{
					"name": "wings",
					"parent": "bone",
					"pivot": [3, 7, 5],
					"cubes": [
						{"origin": [3, 6, 5.05], "size": [10, 10, 0], "uv": [0, 38]}
					]
				},
				{
					"name": "wings2",
					"parent": "bone",
					"pivot": [-3, 7, 5],
					"cubes": [
						{"origin": [-13, 6, 5.05], "size": [10, 10, 0], "uv": [0, 38], "mirror": true}
					]
				},
				{
					"name": "tail",
					"parent": "bone",
					"pivot": [0, 5, 5],
					"cubes": [
						{"origin": [-1, 4, 3], "size": [2, 2, 15], "uv": [29, 46]}
					]
				},
				{
					"name": "bone6",
					"parent": "tail",
					"pivot": [0.01, 4.45078, 17.32991],
					"rotation": [-17.5, 0, 0],
					"cubes": [
						{"origin": [-0.99, 6, 3.1], "size": [2, 2, 15], "pivot": [0, 6, 16], "rotation": [-72.5, 0, 0], "uv": [29, 46]}
					]
				},
				{
					"name": "bone7",
					"parent": "bone6",
					"pivot": [0, 18, 13.5],
					"rotation": [17.5, 0, 0],
					"cubes": [
						{"origin": [-1, 17, -1], "size": [2, 2, 15], "uv": [29, 46]},
						{"origin": [-3, 15, -3], "size": [6, 6, 2], "uv": [21, 48]}
					]
				}
			]
		}
	]
}