{
  "implemented": true,
  "name": "Bronzombro",
  "nationalPokedexNumber": 4391,
  "primaryType": "steel",
  "secondaryType": "normal",
  "abilities": [
    "simple"
  ],
  "baseStats": {
    "hp": 97,
    "attack": 60,
    "defence": 75,
    "special_attack": 83,
    "special_defence": 71,
    "speed": 74
  },
  "catchRate": 45,
  "maleRatio": -1,
  "baseExperienceYield": 275,
  "baseFriendship": 50,
  "evYield": {
    "hp": 2,
    "attack": 0,
    "defence": 0,
    "special_attack": 0,
    "special_defence": 0,
    "speed": 0
  },
  "experienceGroup": "slow",
  "eggCycles": 50,
  "eggGroups": [
    "undiscovered"
  ],
  "behaviour": {
    "resting": {
      "canSleep": true,
      "willSleepOnBed": true,
      "depth": "normal",
      "light": "0-4"
    },
    "moving": {
      "swim": {
        "canWalkOnWater": false,
        "canSwimInWater": false,
        "canBreatheUnderwater": true,
        "swimSpeed": 0.05
      }
    }
  },
  "moves": [
    "1:astonish",
    "1:tackle",
    "1:rest",
    "1:swift",
    "6:snore",
    "12:yawn",
    "18:substitute",
    "24:irondefense",
    "30:payday",
    "36:slackoff",
    "42:powergem",
    "48:makeitrain",
    "54:calmmind",
    "60:hyperbeam",
    "66:explosion",
    "tm:chargebeam",
    "tm:confuseray",
    "tm:dazzlinggleam",
    "tm:electroball",
    "tm:endure",
    "tm:flashcannon",
    "tm:fling",
    "tm:focusblast",
    "tm:focuspunch",
    "tm:gigaimpact",
    "tm:heavyslam",
    "tm:hyperbeam",
    "tm:ironhead",
    "tm:lightscreen",
    "tm:metalsound",
    "tm:nastyplot",
    "tm:calmmind",
    "tm:powergem",
    "tm:protect",
    "tm:psychic",
    "tm:psyshock",
    "tm:reflect",
    "tm:rest",
    "tm:sandstorm",
    "tm:shadowball",
    "tm:sleeptalk",
    "tm:steelbeam",
    "tm:substitute",
    "tm:takedown",
    "tm:terablast",
    "tm:thief",
    "tm:thunder",
    "tm:thunderbolt",
    "tm:thunderpunch",
    "tm:thunderwave",
    "tm:trick"
  ],
  "labels": [
    "lumora"
  ],
  "aspects": [],
  "height": 5,
  "weight": 30,
  "preEvolution": "gimmighoul",
  "evolutions": [],
  "cannotDynamax": false,
  "pokedex": [
    "cobblemon.species.bronzombro.desc"
  ],
  "baseScale": 0.6,
  "hitbox": {
    "width": 0.85,
    "height": 0.9,
    "fixed": false
  },
  "drops": {
    "amount": 28,
    "entries": [
      {
        "item": "cobblemon:relic_coin",
        "quantityRange": "14-28"
      }
    ]
  }
}
