{
    "implemented": true,
    "name": "Equirin",
    "nationalPokedexNumber": 4009,
    "primaryType": "water",
    "secondaryType": "dragon",
    "abilities": [
        "torrent",
        "h:magicbounce"
    ],
    "baseStats": {
        "hp": 80,
        "attack": 68,
        "defence": 60,
        "special_attack": 122,
        "special_defence": 90,
        "speed": 115
    },
    "catchRate": 45,
    "maleRatio": 0.875,
    "shoulderMountable": false,
    "forms": [],
    "baseExperienceYield": 240,
    "experienceGroup": "medium_fast",
    "eggCycles": 20,
    "eggGroups": [
        "water_1",
        "dragon"
    ],
    "behaviour": {
        "resting": {
          "canSleep": true,
          "willSleepOnBed": false,
          "depth": "normal",
          "light": "0-4"
        },
        "moving": {
          "walk": {
            "walkSpeed": 0.35
          },
          "swim": {
            "swimSpeed": 0.6,
            "canWalkOnWater": true,
            "canSwimInWater": true,
            "canBreatheUnderwater": true
          }
        }
      },

    "drops": {
        "amount": "2",
        "entries": [
            {
                "item": "minecraft:kelp",
                "quantityRange": "1-2",
                "percentage": 33
            },
            {
                "item": "cobblemon:mystic_water",
                "percentage": 15.0
            },
            {
            "item": "cobblemon:dragon_scale",
            "percentage": 100
            }
        ]
    },
    "moves": [
        "1:stomp",
        "1:pound",
        "1:tailwhip",
        "1:watergun",
        "1:extremespeed",
        "1:dragondance",
        "6:twister",
        "10:aquajet",
        "12:mist",
        "15:bubblebeam",
        "20:dragontail",
        "26:aquatail",
        "29:highhorsepower",
        "36:agility",
        "41:hydropump",
        "46:lifedew",
        "52:futuresight",
        "59:aeroblast",
        "66:wavecrash",
        "egg:magnetrise",
        "egg:haze",
        "egg:extrasensory",
        "egg:dragonrage",
        "egg:extremespeed",
        "egg:dragonbreath",
        "egg:aquaring",
        "tm:takedown",
        "tm:agility",
        "tm:protect",
        "tm:waterpulse",
        "tm:acrobatics",
        "tm:psybeam",
        "tm:confuseray",
        "tm:disarmingvoice",
        "tm:trailblaze",
        "tm:chillingwater",
        "tm:facade",
        "tm:aerialace",
        "tm:bulldoze",
        "tm:swift",
        "tm:icywind",
        "tm:aircutter",
        "tm:storedpower",
        "tm:dragontail",
        "tm:sunnyday",
        "tm:raindance",
        "tm:smartstrike",
        "tm:psyshock",
        "tm:airslash",
        "tm:sleeptalk",
        "tm:reflect",
        "tm:lightscreen",
        "tm:waterfall",
        "tm:dragonclaw",
        "tm:dazzlinggleam",
        "tm:grassknot",
        "tm:thunderwave",
        "tm:stompingtantrum",
        "tm:rest",
        "tm:swordsdance",
        "tm:imprison",
        "tm:skillswap",
        "tm:dragondance",
        "tm:powergem",
        "tm:substitute",
        "tm:trick",
        "tm:liquidation",
        "tm:aurasphere",
        "tm:tailwind",
        "tm:dragonpulse",
        "tm:hypervoice",
        "tm:energyball",
        "tm:psychic",
        "tm:surf",
        "tm:flamethrower",
        "tm:thunderbolt",
        "tm:playrough",
        "tm:calmmind",
        "tm:helpinghand",
        "tm:icebeam",
        "tm:fireblast",
        "tm:hydropump",
        "tm:blizzard",
        "tm:waterpledge",
        "tm:wildcharge",
        "tm:gigaimpact",
        "tm:hydrocannon",
        "tm:focusblast",
        "tm:hurricane",
        "tm:hyperbeam",
        "tm:thunder",
        "tm:solarbeam",
        "tm:dracometeor",
        "tm:terablast",
        "tm:megakick",
        "tm:snore",
        "tm:attract",
        "tm:dive",
        "tm:weatherball",
        "tm:bounce",
        "tm:speedswap",
        "tm:wonderroom",
        "tm:round",
        "tm:tailslap",
        "tm:mysticalfire",
        "tm:breakingswipe",
        "tm:roar",
        "tm:toxic",
        "tm:hiddenpower",
        "tm:frustration",
        "tm:return",
        "tm:doubleteam",
        "tm:echoedvoice",
        "tm:scald",
        "tm:frostbreath",
        "tm:dreameater",
        "tm:naturepower",
        "tm:confide",
        "tm:megahorn",
        "tm:irontail",
        "tm:futuresight",
        "tm:allyswitch",
        "tm:highhorsepower",
        "tm:flipturn",
        "tm:expandingforce",
        "tm:rocksmash",
        "tm:defog",
        "tm:doubleedge",
        "tm:tripleaxel",
        "tutor:tripleaxel",
        "tutor:frostbreath",
        "tutor:waterfall",
        "tutor:telekinesis",
        "tutor:terrainpulse",
        "tutor:twister",
        "tutor:pound",
        "tutor:flipturn",
        "tm:dragoncheer"
    ],
    "labels": [ "lumora"
    ],
    "pokedex": [
        "cobblemon.species.equirin.desc1"
    ],
    "evolutions": [
  ],
    "baseScale": 1.0,
    "hitbox": {
        "width": 1.5,
        "height": 2.3,
        "fixed": false
    },
    "standingEyeHeight": 0.8,
    "baseFriendship": 70,
    "evYield": {
        "special_attack": 2,
        "speed": 1
    },
    "height": 18,
    "weight": 1150,
    "preEvolution": "equiross"
}