{
  "implemented": true,
  "name": "Fluffle",
  "nationalPokedexNumber": 4270,
  "primaryType": "normal",
  "abilities": [
    "fluffy",
    "cottondown",
    "h:cudchew"
  ],
  "baseStats": {
    "hp": 55,
    "attack": 80,
    "defence": 130,
    "special_attack": 80,
    "special_defence": 130,
    "speed": 30
  },
  "behaviour": {
    "resting": {
      "canSleep": true,
      "depth": "normal",
      "light": "0-4",
      "willSleepOnBed": false,
      "times": "night"
    },
    "moving": {
      "canLook": true,
      "walk": {
        "walkSpeed": 0.22
      },
      "swim": {
        "swimSpeed": 0.3,
        "canSwimInWater": false,
        "canBreatheUnderwater": false
      },
      "fly": {
        "canFly": false,
        "flySpeedHorizontal": 0.3
      }
    }
  },
  "catchRate": 190,
  "maleRatio": 0.5,
  "shoulderMountable": false,
  "baseExperienceYield": 177,
  "experienceGroup": "medium_slow",
  "eggCycles": 20,
  "eggGroups": [
    "field"
  ],
  "features": [
    "sheared"
  ],
  "drops": {
    "amount": 2,
    "entries": [
      {
        "item": "minecraft:white_wool",
        "quantityRange": "4-8",
        "percentage": 100
      },
      {
        "item": "cobblemon:sitrus_berry",
        "quantityRange": "3-6",
        "percentage": 25
      }
    ]
  },
  "moves": [
    "1:defensecurl",
    "1:tackle",
    "1:protect",
    "5:rollout",
    "10:swift",
    "15:bite",
    "20:substitute",
    "25:rest",
    "30:takedown",
    "35:powersplit",
    "35:guardsplit",
    "40:bodyslam",
    "45:yawn",
    "50:cottonguard",
    "55:powertrick",
    "60:doubleedge",
    "65:headsmash",
    "70:gigaimpact",
    "egg:stuffcheeks",
    "egg:spark",
    "egg:stomp",
    "tm:rest",
    "tm:snore",
    "tm:sleeptalk",
    "tm:gigaimpact",
    "tm:hyperbeam",
    "tm:megakick",
    "tm:takedown",
    "tm:substitute",
    "tm:protect",
    "tm:gyroball",
    "tm:trailblaze",
    "tm:bulldoze",
    "tm:highhorsepower",
    "tm:crunch",
    "tm:attract",
    "tm:endure",
    "tm:rocksmash",
    "tm:superfang",
    "tm:terablast",
    "tm:thunderwave",
    "tm:icespinner",
    "tm:snarl",
    "tm:shadowball",
    "tm:playrough",
    "tm:zenheadbutt",
    "tm:uturn",
    "tm:rocktomb",
    "tm:workup",
    "tm:return",
    "tm:frustration",
    "tm:headbutt",
    "tm:reversal",
    "tm:wildcharge",
    "tm:superpower",
    "tutor:steelroller"
  ],
  "labels": [
    "lumora","convergent"
  ],
  "pokedex": [
    "cobblemon.species.fluffle.desc"
  ],
  "baseScale": 0.9,
  "hitbox": {
    "width": 1,
    "height": 2.1,
    "fixed": false
  },
  "baseFriendship": 50,
  "evYield": {
    "hp": 0,
    "attack": 0,
    "defence": 1,
    "special_attack": 0,
    "special_defence": 1,
    "speed": 0
  },
  "height": 17,
  "weight": 825,
  "evolutions": []
}