{
  "implemented": false,
  "name": "Mariroyal",
  "nationalPokedexNumber": 4185,
  "primaryType": "water",
  "secondaryType": "fairy",
  "abilities": [
    "steadfast",
    "hugepower",
    "h:sapsipper"
  ],
  "drops": {
    "amount": 3,
    "entries": [
      {
        "item": "minecraft:kelp",
        "quantityRange": "0-3"
      },
      {
        "item": "cobblemon:kings_rock",
        "percentage": 10.0
      }
    ]
  },
  "baseStats": {
    "hp": 80,
    "attack": 55,
    "defence": 75,
    "special_attack": 55,
    "special_defence": 70,
    "speed": 85
  },
  "catchRate": 75,
  "maleRatio": 0.5,
  "shoulderMountable": false,
  "baseExperienceYield": 210,
  "experienceGroup": "fast",
  "eggCycles": 10,
  "eggGroups": [
    "water_1",
    "fairy"
  ],
  "behaviour": {
    "resting": {
      "canSleep": true,
      "willSleepOnBed": true,
      "depth": "normal",
      "light": "0-4"
    },
    "moving": {
      "walk": {
        "walkSpeed": 0.15
      },
      "swim": {
        "swimSpeed": 0.3,
        "canSwimInWater": true,
        "canBreatheUnderwater": true,
        "canWalkOnWater": true
      }
    }
  },
  "moves": [
    "1:superpower",
    "1:bulkup",
    "1:defensecurl",
    "1:helpinghand",
    "1:rollout",
    "1:tackle",
    "1:tailwhip",
    "1:watergun",
    "1:watersport",
    "6:bubblebeam",
    "7:bubble",
    "9:charm",
    "12:slam",
    "15:bounce",
    "21:aquatail",
    "23:armthrust",
    "25:playrough",
    "30:aquaring",
    "32:submission",
    "35:raindance",
    "40:hydropump",
    "45:doubleedge",
    "50:flyingpress",
    "55:counter",
    "60:wavecrash",
    "tm:alluringvoice",
    "tm:amnesia",
    "tm:attract",
    "tm:blizzard",
    "tm:bodyslam",
    "tm:bounce",
    "tm:brickbreak",
    "tm:brutalswing",
    "tm:bulldoze",
    "tm:bulkup",
    "tm:captivate",
    "tm:charm",
    "tm:chillingwater",
    "tm:confide",
    "tm:dig",
    "tm:disarmingvoice",
    "tm:dive",
    "tm:doubleedge",
    "tm:doubleteam",
    "tm:drainingkiss",
    "tm:encore",
    "tm:endure",
    "tm:facade",
    "tm:faketears",
    "tm:fling",
    "tm:focusblast",
    "tm:focuspunch",
    "tm:frustration",
    "tm:futuresight",
    "tm:gigaimpact",
    "tm:grassknot",
    "tm:hail",
    "tm:helpinghand",
    "tm:hiddenpower",
    "tm:hydropump",
    "tm:hyperbeam",
    "tm:hypervoice",
    "tm:icebeam",
    "tm:icepunch",
    "tm:icespinner",
    "tm:icywind",
    "tm:irontail",
    "tm:knockoff",
    "tm:lightscreen",
    "tm:liquidation",
    "tm:megakick",
    "tm:megapunch",
    "tm:metronome",
    "tm:mistyexplosion",
    "tm:mistyterrain",
    "tm:muddywater",
    "tm:mudshot",
    "tm:mudslap",
    "tm:naturalgift",
    "tm:playrough",
    "tm:poweruppunch",
    "tm:protect",
    "tm:raindance",
    "tm:rest",
    "tm:return",
    "tm:rocksmash",
    "tm:round",
    "tm:scald",
    "tm:secretpower",
    "tm:sleeptalk",
    "tm:snore",
    "tm:snowscape",
    "tm:strength",
    "tm:substitute",
    "tm:superpower",
    "tm:surf",
    "tm:swagger",
    "tm:swift",
    "tm:takedown",
    "tm:terablast",
    "tm:toxic",
    "tm:trailblaze",
    "tm:uproar",
    "tm:waterfall",
    "tm:waterpulse",
    "tm:whirlpool",
    "tm:workup",
    "tutor:aquatail",
    "tutor:attract",
    "tutor:blizzard",
    "tutor:bodyslam",
    "tutor:bounce",
    "tutor:bubblebeam",
    "tutor:covet",
    "tutor:curse",
    "tutor:defensecurl",
    "tutor:dive",
    "tutor:doubleedge",
    "tutor:doubleteam",
    "tutor:dynamicpunch",
    "tutor:endure",
    "tutor:focuspunch",
    "tutor:frustration",
    "tutor:headbutt",
    "tutor:helpinghand",
    "tutor:hiddenpower",
    "tutor:hyperbeam",
    "tutor:hypervoice",
    "tutor:icepunch",
    "tutor:icywind",
    "tutor:irontail",
    "tutor:knockoff",
    "tutor:liquidation",
    "tutor:megakick",
    "tutor:megapunch",
    "tutor:mimic",
    "tutor:mistyexplosion",
    "tutor:mudslap",
    "tutor:protect",
    "tutor:raindance",
    "tutor:rest",
    "tutor:return",
    "tutor:rocksmash",
    "tutor:rollout",
    "tutor:seismictoss",
    "tutor:sleeptalk",
    "tutor:snore",
    "tutor:steelroller",
    "tutor:strength",
    "tutor:substitute",
    "tutor:superpower",
    "tutor:surf",
    "tutor:swagger",
    "tutor:swift",
    "tutor:tackle",
    "tutor:tailwhip",
    "tutor:toxic",
    "tutor:waterfall",
    "tutor:watergun",
    "tutor:waterpulse",
    "tutor:whirlpool"
  ],
  "labels": [
    "lumora"
  ],
  "pokedex": [
    "cobblemon.species.mariroyal.desc"
  ],
  "preEvolution": "marill",
  "evolutions": [],
  "baseScale": 0.7,
  "hitbox": {
    "width": 1,
    "height": 1.3,
    "fixed": false
  },
  "baseFriendship": 50,
  "evYield": {
    "hp": 3,
    "attack": 0,
    "defence": 0,
    "special_attack": 0,
    "special_defence": 0,
    "speed": 0
  },
  "height": 8,
  "weight": 285,
  "aspects": [],
  "cannotDynamax": false
}
