{
  "implemented": true,
  "name": "Quantom",
  "nationalPokedexNumber": 4013,
  "primaryType": "normal",
  "abilities": [
    "frisk",
    "owntempo",
    "h:reckless"
  ],
  "baseStats": {
    "hp": 44,
    "attack": 56,
    "defence": 46,
    "special_attack": 44,
    "special_defence": 66,
    "speed": 58
  },
  "behaviour": {
    "resting": {
      "canSleep": true,
      "depth": "normal",
      "light": "0-2",
      "willSleepOnBed": true,
      "times": "night"
    },
    "moving": {
      "canLook": true,
      "walk": {
        "canWalk": true,
        "avoidsLand": false
      },
      "swim": {
        "swimSpeed": 0.3,
        "canSwimInWater": false,
        "canBreatheUnderwater": false
      },
      "fly": {
        "canFly": false,
        "flySpeedHorizontal": 0.3
      }
    }
  },
  "catchRate": 210,
  "maleRatio": 0.5,
  "shoulderMountable": true,
  "baseExperienceYield": 100,
  "experienceGroup": "medium_fast",
  "eggCycles": 15,
  "eggGroups": [
    "field"
  ],
  "drops": {
    "amount": 1,
    "entries": [
      {
        "item": "minecraft:string",
        "quantityRange": "3-5",
        "percentage": 100
      },
      {
        "item": "cobblemon:soothe_bell",
        "quantityRange": "1-1",
        "percentage": 19
      }
    ]
  },
  "moves": [
    "1:frustration",
    "1:scratch",
    "1:leer",
    "4:astonish",
    "8:quickattack",
    "12:bite",
    "16:endure",
    "20:takedown",
    "24:charm",
    "28:metronome",
    "32:slash",
    "36:healbell",
    "40:doubleedge",
    "44:destinybond",
    "egg:healingwish",
    "egg:spite",
    "egg:shadowsneak",
    "egg:fakeout",
    "egg:lastrespects",
    "tm:takedown",
    "tm:charm",
    "tm:rest",
    "tm:protect",
    "tm:sleeptalk",
    "tm:sleeptalk",
    "tm:facade",
    "tm:cut",
    "tm:thunderwave",
    "tm:wildcharge",
    "tm:trailblaze",
    "tm:firefang",
    "tm:icefang",
    "tm:thunderfang",
    "tm:metronome",
    "tm:playrough",
    "tm:workup",
    "tm:dig",
    "tm:frustration"
    
  ],
  "labels": [
    "lumora"
  ],
  "pokedex": [
    "cobblemon.species.quantom.desc1"
  ],
  "baseScale": 0.6,
  "hitbox": {
    "width": 1,
    "height": 1,
    "fixed": false
  },
  "baseFriendship": 0,
  "evYield": {
    "hp": 0,
    "attack": 1,
    "defence": 0,
    "special_attack": 0,
    "special_defence": 0,
    "speed": 0
  },
  "height": 3,
  "weight": 32,
  "evolutions": [
    {
      "id": "quantom-phantasmau",
      "variant": "level_up",
      "result": "Phantasmau",
      "consumeHeldItem": false,
      "learnableMoves": [
        "revivalblessing"
      ],
      "requirements": [
        {
          "variant": "friendship",
          "amount": 160
        }
      ],
      "requiredContext": ""
    }
  ]
}