{
  "implemented": false,
  "name": "Seraphiyon",
  "nationalPokedexNumber": 4401,
  "primaryType": "dragon",
  "secondaryType": "normal",
  "abilities": [
    "protean"
  ],
  "baseStats": {
    "hp": 100,
    "attack": 136,
    "defence": 118,
    "special_attack": 136,
    "special_defence": 118,
    "speed": 92
  },
  "behaviour": {
    "resting": {
      "canSleep": true,
      "depth": "normal",
      "light": "0-4",
      "willSleepOnBed": false,
      "times": "night"
    },
    "moving": {
      "canLook": true,
      "walk": {
        "canWalk": true,
        "walk": {
          "walkSpeed": 0.15
        },  
        "avoidsLand": false
      },
      "swim": {
        "swimSpeed": 0.3,
        "canSwimInWater": true,
        "canBreatheUnderwater": true
      },
      "fly": {
        "canFly": true,
        "flySpeedHorizontal": 0.3
      }
    }
  },
  "catchRate": 3,
  "maleRatio": -1,
  "shoulderMountable": false,
  "baseExperienceYield": 275,
  "experienceGroup": "slow",
  "eggCycles": 120,
  "eggGroups": [
    "undiscovered"
  ],
  "drops": {
    "amount": 2,
    "entries": [
      {
        "item": "minecraft:feather",
        "quantityRange": "2-6",
        "percentage": 100
      },
      {
        "item": "cobblemon:normal_gem",
        "quantityRange": "0-1",
        "percentage": 25
      }
    ]
  },
  "moves": [
    "1:featherdance",
    "1:seismictoss",
    "1:swift",
    "10:gravity",
    "20:ancientpower",
    "30:triattack",
    "40:dragonbreath",
    "50:dazzlinggleam",
    "60:cosmicpower",
    "70:hyperbeam",
    "80:recover",
    "90:meteorbeam",
    "100:judgment"
  ],
  "labels": [
    "lumora","legendary"
  ],
  "pokedex": [
    "cobblemon.species.seraphiyon.desc"
  ],
  "baseScale": 1.1,
  "hitbox": {
    "width": 1,
    "height": 1,
    "fixed": false
  },
  "baseFriendship": 0,
  "evYield": {
    "hp": 1,
    "attack": 1,
    "defence": 0,
    "special_attack": 1,
    "special_defence": 0,
    "speed": 0
  },
  "height": 50,
  "weight": 3305,
  "evolutions": []
}