
{"implemented": true,
"name": "stellotl",
"nationalPokedexNumber": 4399,
"labels": [ "lumora","legendary" ],
"pokedex": [
  "cobblemon.species.stellotl.desc1"
],
"height": 4,
"weight": 64,
"preEvolution": "infastella",
"shoulderMountable": true,
"shoulderEffects": [
  {
    "type": "potion_effect",
    "effect": "minecraft:slow_falling",
    "amplifier": 0,
    "ambient": true,
    "showParticles": false,
    "showIcon": false
  }
],
"forms": [
  {
    "name": "Awakened",
    "primaryType": "dragon",
    "secondaryType": "fairy",
    "abilities": [
      "neuroforce"
    ],
    "pokedex": [
  "cobblemon.species.stellotlawakened.desc"
    ],
    "shoulderMountable": false,
    "baseStats": {
      "hp": 100,
      "attack": 85,
      "defence": 85,
      "special_attack": 135,
      "special_defence": 100,
      "speed": 145
    },
    "catchRate": 3,
    "maleRatio": -1,
    "baseExperienceYield": 275,
    "baseFriendship": 0,
    "evYield": {
      "hp": 0,
      "attack": 0,
      "defence": 0,
      "special_attack": 2,
      "special_defence": 0,
      "speed": 1
    },
    "experienceGroup": "slow",
    "eggCycles": 120,
    "eggGroups": [
      "undiscovered"
    ],
    "labels": [
      "lumora",
      "legendary"
    ],
    "aspects": [
      "awakened"
    ],
    "baseScale": 1.2,
    "hitbox": {
      "width": 2.3,
      "height": 3.8,
      "fixed": false
    },
    "height": 38,
    "weight": 2640,
    "cannotDynamax": false,
    "battleOnly": true,
    "drops": {
      "amount": 1,
      "entries": [
        {
          "item": "minecraft:nether_star"
        }
      ]
    }
  }
],
"primaryType": "dragon",
"secondaryType": "fairy",
"baseStats": {
  "hp": 100,
  "attack": 75,
  "defence": 75,
  "special_attack": 110,
  "special_defence": 90,
  "speed": 120
},
"catchRate": 3,
"maleRatio": -1,
"baseExperienceYield": 275,
"experienceGroup": "slow",
"eggCycles": 120,
"eggGroups": [
  "undiscovered"
],
"baseFriendship": 180,
"evYield": {
  "special_attack": 2,
  "speed": 1
},
"moves": [
    "1:moonblast",
    "1:rest",
    "1:calmmind",
    "1:twister",
    "1:tailwhip",
    "1:swift",
    "1:cometpunch",
    "1:takeheart",
    "7:quickattack",
    "14:fairywind",
    "17:babydolleyes",
    "24:dragonbreath",
    "31:agility",
    "34:playrough",
    "41:slam",
    "48:yawn",
    "51:meteormash",
    "58:dragonpulse",
    "65:flamethrower",
    "65:icebeam",
    "65:thunderbolt",
    "68:dazzlinggleam",
    "75:cosmicpower",
    "82:recover",
    "85:fireblast",
    "85:blizzard",
    "85:thunder",
    "92:extremespeed",
    "99:meteorbeam",
    "100:blueflare",
    "tm:charm",
    "tm:faketears",
    "tm:agility",
    "tm:protect",
    "tm:waterpulse",
    "tm:acrobatics",
    "tm:psybeam",
    "tm:confuseray",
    "tm:disarmingvoice",
    "tm:chillingwater",
    "tm:chargebeam",
    "tm:facade",
    "tm:poisontail",
    "tm:aerialace",
    "tm:swift",
    "tm:magicalleaf",
    "tm:icywind",
    "tm:mudshot",
    "tm:drainingkiss",
    "tm:storedpower",
    "tm:fling",
    "tm:dragontail",
    "tm:voltswitch",
    "tm:sunnyday",
    "tm:raindance",
    "tm:sandstorm",
    "tm:snowscape",
    "tm:psyshock",
    "tm:uturn",
    "tm:shadowclaw",
    "tm:sleeptalk",
    "tm:reflect",
    "tm:lightscreen",
    "tm:waterfall",
    "tm:dragonclaw",
    "tm:dazzlinggleam",
    "tm:metronome",
    "tm:thunderwave",
    "tm:rest",
    "tm:imprison",
    "tm:flashcannon",
    "tm:eerieimpulse",
    "tm:skillswap",
    "tm:ironhead",
    "tm:dragondance",
    "tm:powergem",
    "tm:substitute",
    "tm:trick",
    "tm:liquidation",
    "tm:aurasphere",
    "tm:dragonpulse",
    "tm:hypervoice",
    "tm:energyball",
    "tm:psychic",
    "tm:encore",
    "tm:surf",
    "tm:flamethrower",
    "tm:thunderbolt",
    "tm:playrough",
    "tm:amnesia",
    "tm:calmmind",
    "tm:helpinghand",
    "tm:batonpass",
    "tm:icebeam",
    "tm:fireblast",
    "tm:hydropump",
    "tm:blizzard",
    "tm:sludgebomb",
    "tm:gigaimpact",
    "tm:focusblast",
    "tm:trickroom",
    "tm:hyperbeam",
    "tm:thunder",
    "tm:solarbeam",
    "tm:dracometeor",
    "tm:terablast",
    "tm:screech",
    "tm:safeguard",
    "tm:snore",
    "tm:whirlpool",
    "tm:dive",
    "tm:weatherball",
    "tm:powerswap",
    "tm:guardswap",
    "tm:speedswap",
    "tm:wonderroom",
    "tm:magicroom",
    "tm:round",
    "tm:tailslap",
    "tm:mysticalfire",
    "tm:breakingswipe",
    "tm:roar",
    "tm:toxic",
    "tm:hiddenpower",
    "tm:frustration",
    "tm:return",
    "tm:doubleteam",
    "tm:echoedvoice",
    "tm:scald",
    "tm:psychup",
    "tm:frostbreath",
    "tm:dreameater",
    "tm:naturepower",
    "tm:confide",
    "tm:triattack",
    "tm:irontail",
    "tm:futuresight",
    "tm:cosmicpower",
    "tm:muddywater",
    "tm:powerwhip",
    "tm:allyswitch",
    "tm:mistyexplosion",
    "tm:flipturn",
    "tm:scaleshot",
    "tm:defog",
    "tm:meteorbeam",
    "tm:skittersmack",
    "tm:signalbeam",
    "tm:seismictoss"
  ],
  "abilities": [ 
    "regenerator"
  ],

  "baseScale": 0.6,
  "hitbox": {
    "width": 0.9,
    "height": 1.4,
    "fixed": false
  },
  "drops": {
  "amount": "1",
    "entries": [
      {
        "item": "minecraft:nether_star",
        "quantityRange": "0-1",
        "percentage": 66
      }
    ]
  },
  "behaviour": {
    "resting": {
     "canSleep": true,
     "willSleepOnBed": true,
     "depth": "normal",
     "light": "0-4"
   },
    "moving": {  
      "canLook": true,
      "fly": {
        "canFly": true
      },          
      "swim": {
        "swimSpeed": 0.5,
        "canSwimInWater": true,
        "canWalkOnWater": true,
        "canBreatheUnderwater": true
      }
    }
  }

}
