{
	"format_version": "1.12.0",
	"minecraft:geometry": [
		{
			"description": {
				"identifier": "geometry.garchomp_female",
				"texture_width": 128,
				"texture_height": 128,
				"visible_bounds_width": 6,
				"visible_bounds_height": 5,
				"visible_bounds_offset": [0, 1.5, 0]
			},
			"bones": [
				{
					"name": "garchomp",
					"pivot": [0, 0, 0]
				},
				{
					"name": "body",
					"parent": "garchomp",
					"pivot": [0, 24.2, 0]
				},
				{
					"name": "torso",
					"parent": "body",
					"pivot": [0, 17, 0],
					"cubes": [
						{"origin": [-4.5, 15.7, -3], "size": [9, 11, 7], "uv": [38, 38]}
					]
				},
				{
					"name": "chest",
					"parent": "torso",
					"pivot": [0, 26.2, 0],
					"cubes": [
						{"origin": [-5.5, 24.2, -4], "size": [11, 8, 8], "inflate": 0.01, "uv": [0, 30]}
					]
				},
				{
					"name": "fin",
					"parent": "chest",
					"pivot": [0, 29.7, 2.5],
					"rotation": [-20, 0, 0],
					"cubes": [
						{"origin": [0, 24.2, 1], "size": [0, 9, 21], "uv": [43, 71]}
					]
				},
				{
					"name": "neck0",
					"parent": "chest",
					"pivot": [0, 31.95, -0.5]
				},
				{
					"name": "neck",
					"parent": "neck0",
					"pivot": [0, 30.7, 1.25],
					"cubes": [
						{"origin": [-3.5, 31.7, -3], "size": [7, 7, 7], "inflate": -0.01, "uv": [28, 56]}
					]
				},
				{
					"name": "head",
					"parent": "neck",
					"pivot": [0, 38.7, -0.5],
					"cubes": [
						{"origin": [-4, 38.7, -7.5], "size": [6, 2, 6], "inflate": 0.003, "pivot": [0, 37.7, -3.5], "rotation": [0, -45, 0], "uv": [70, 42]},
						{"origin": [-4, 40.7, -7.5], "size": [8, 2, 8], "inflate": 0.004, "pivot": [0, 37.7, -3.5], "rotation": [0, -45, 0], "uv": [0, 46]},
						{"origin": [3.5, 41.2, -4], "size": [4, 1, 3], "uv": [85, 80]},
						{"origin": [-4, 36.7, -7.5], "size": [0, 2, 3], "pivot": [0, 37.7, -3.5], "rotation": [0, -45, 0], "uv": [38, 4]},
						{"origin": [-4, 36.7, -7.5], "size": [3, 2, 0], "pivot": [0, 37.7, -3.5], "rotation": [0, -45, 0], "uv": [38, 38]},
						{"origin": [-4, 38.7, -5], "size": [8, 4, 9], "inflate": 0.002, "uv": [40, 0]},
						{"origin": [-9.5, 40.2, -6], "size": [3, 3, 7], "uv": [73, 66]},
						{"origin": [-7.5, 41.2, -4], "size": [4, 1, 3], "uv": [82, 84]},
						{"origin": [6.5, 40.2, -6], "size": [3, 3, 7], "uv": [51, 73]},
						{"origin": [-2.5, 36.9, -3], "size": [5, 3, 3], "inflate": 0.211, "uv": [0, 21]},
						{"origin": [3.22414, 38.2, -4.59534], "size": [0, 1, 1], "pivot": [3.22414, 38.7, -4.09534], "rotation": [-45, 15, 0], "uv": [6, 8]},
						{"origin": [2.70651, 38.2, -6.52719], "size": [0, 1, 1], "pivot": [2.70651, 38.7, -6.02719], "rotation": [-45, 15, 0], "uv": [8, 5]},
						{"origin": [-3.22414, 38.2, -4.59534], "size": [0, 1, 1], "pivot": [-3.22414, 38.7, -4.09534], "rotation": [-45, -15, 0], "uv": [8, 4]},
						{"origin": [-2.70651, 38.2, -6.52719], "size": [0, 1, 1], "pivot": [-2.70651, 38.7, -6.02719], "rotation": [-45, -15, 0], "uv": [4, 8]}
					]
				},
				{
					"name": "eye_right",
					"parent": "head",
					"pivot": [-2.8355, 39.95, -5.62839],
					"cubes": [
						{"origin": [-3.3355, 38.95, -6.12839], "size": [1, 2, 1], "inflate": 0.001, "pivot": [-2.8355, 39.95, -5.62839], "rotation": [0, -45, 0], "uv": [5, 0]},
						{"origin": [-2.37, 38.8, -6.7], "size": [1, 1, 1], "inflate": -0.09, "pivot": [-2.5, 39.5, -7], "rotation": [45, -45, 0], "uv": [40, 19]},
						{"origin": [-2.099, 38.8, -6.7], "size": [1, 1, 1], "inflate": 0.171, "pivot": [-2.5, 39.5, -7], "rotation": [45, -45, 0], "uv": [40, 15]},
						{"origin": [-2.098, 38.1, -6], "size": [1, 1, 1], "inflate": 0.17, "pivot": [-2.5, 39.5, -7], "rotation": [45, -45, 0], "uv": [40, 13]}
					]
				},
				{
					"name": "eyelid_right2",
					"parent": "eye_right",
					"pivot": [-2.8355, 39.95, -5.62839],
					"cubes": [
						{"origin": [-4.015, 39.95, -4.5], "size": [1, 1, 3], "inflate": 0.02, "pivot": [0, 37.7, -3.5], "rotation": [0, -45, 0], "uv": [0, 0]}
					]
				},
				{
					"name": "eyelid_right",
					"parent": "eye_right",
					"pivot": [-1.8355, 40.2, -5.62839],
					"cubes": [
						{"origin": [-3.01, 38.95, -4.5], "size": [1, 2, 3], "inflate": 0.02, "pivot": [1, 37.7, -3.5], "rotation": [0, -45, 0], "uv": [64, 73]}
					]
				},
				{
					"name": "eye_left",
					"parent": "head",
					"pivot": [2.8355, 39.95, -5.62839],
					"cubes": [
						{"origin": [2.3355, 38.95, -6.12839], "size": [1, 2, 1], "inflate": 0.001, "pivot": [2.8355, 39.95, -5.62839], "rotation": [0, 45, 0], "uv": [30, 0]},
						{"origin": [1.37, 38.8, -6.7], "size": [1, 1, 1], "inflate": -0.09, "pivot": [2.5, 39.5, -7], "rotation": [45, 45, 0], "uv": [44, 19]},
						{"origin": [1.099, 38.8, -6.7], "size": [1, 1, 1], "inflate": 0.171, "pivot": [2.5, 39.5, -7], "rotation": [45, 45, 0], "uv": [44, 0]},
						{"origin": [1.098, 38.1, -6], "size": [1, 1, 1], "inflate": 0.17, "pivot": [2.5, 39.5, -7], "rotation": [45, 45, 0], "uv": [41, 43]}
					]
				},
				{
					"name": "eyelid_left2",
					"parent": "eye_left",
					"pivot": [2.8355, 39.95, -5.62839],
					"cubes": [
						{"origin": [3.015, 39.95, -4.5], "size": [1, 1, 3], "inflate": 0.02, "pivot": [0, 37.7, -3.5], "rotation": [0, 45, 0], "uv": [64, 35]}
					]
				},
				{
					"name": "eyelid_left",
					"parent": "eye_left",
					"pivot": [1.8355, 40.2, -5.62839],
					"cubes": [
						{"origin": [2.01, 38.95, -4.5], "size": [1, 2, 3], "inflate": 0.02, "pivot": [-1, 37.7, -3.5], "rotation": [0, 45, 0], "uv": [0, 86]}
					]
				},
				{
					"name": "jaw",
					"parent": "head",
					"pivot": [0, 38.7, -2.25],
					"cubes": [
						{"origin": [-2.5, 36.7, -7.5], "size": [4, 2, 4], "inflate": -0.0265, "pivot": [0, 37.7, -5], "rotation": [0, -45, 0], "uv": [19, 56]},
						{"origin": [-2.75772, 37.7, -6.6364], "size": [0, 1, 1], "pivot": [-2.75772, 38.7, -5.6364], "rotation": [-45, -45, 0], "uv": [8, 3]},
						{"origin": [-1.3435, 37.7, -8.05061], "size": [0, 1, 1], "pivot": [-1.3435, 38.7, -7.05061], "rotation": [-45, -45, 0], "uv": [8, 2]},
						{"origin": [2.75772, 37.7, -6.6364], "size": [0, 1, 1], "pivot": [2.75772, 38.7, -5.6364], "rotation": [-45, 45, 0], "uv": [2, 8]},
						{"origin": [2.65772, 39, -5.2364], "size": [0, 1, 1], "pivot": [2.75772, 38.7, -5.6364], "rotation": [-45, 0, 0], "uv": [0, 1]},
						{"origin": [-2.65772, 39, -5.2364], "size": [0, 1, 1], "pivot": [-2.75772, 38.7, -5.6364], "rotation": [-45, 0, 0], "uv": [0, 0]},
						{"origin": [1.3435, 37.7, -8.05061], "size": [0, 1, 1], "pivot": [1.3435, 38.7, -7.05061], "rotation": [-45, 45, 0], "uv": [0, 8]},
						{"origin": [-2.5, 37.5, -5.5], "size": [5, 1, 5], "inflate": 0.2, "uv": [70, 50]},
						{"origin": [-2.5, 36.9, -5.5], "size": [5, 1, 5], "inflate": 0.21, "uv": [40, 13]},
						{"origin": [-2, 38.2, -6], "size": [4, 1, 4], "uv": [82, 17]}
					]
				},
				{
					"name": "arm_left",
					"parent": "chest",
					"pivot": [4.75, 29, -1],
					"rotation": [0, 0, -25],
					"cubes": [
						{"origin": [4.25, 27, -3], "size": [4, 4, 4], "uv": [80, 56]}
					]
				},
				{
					"name": "arm_left2",
					"parent": "arm_left",
					"pivot": [7.75, 28.5, -1],
					"rotation": [0, 0, 25],
					"cubes": [
						{"origin": [7.25, 27.5, -2], "size": [7, 2, 2], "uv": [81, 76]},
						{"origin": [11, 29.5, -1], "size": [2, 2, 0], "uv": [44, 7]},
						{"origin": [8.5, 29.5, -1], "size": [2, 2, 0], "uv": [44, 2]}
					]
				},
				{
					"name": "arm_left3",
					"parent": "arm_left2",
					"pivot": [13.75, 28.5, -1],
					"cubes": [
						{"origin": [13.25, 27, -2.5], "size": [10, 3, 3], "uv": [32, 70]},
						{"origin": [15.25, 11, -1], "size": [8, 16, 0], "uv": [16, 70]}
					]
				},
				{
					"name": "hand_left",
					"parent": "arm_left3",
					"pivot": [23.25, 28.5, -1],
					"cubes": [
						{"origin": [22.25, 27.5, -2], "size": [5, 2, 2], "uv": [85, 50]},
						{"origin": [26.25, 26.5, -1], "size": [4, 3, 0], "uv": [74, 56]}
					]
				},
				{
					"name": "arm_right",
					"parent": "chest",
					"pivot": [-4.75, 29, -1],
					"rotation": [0, 0, 25],
					"cubes": [
						{"origin": [-8.25, 27, -3], "size": [4, 4, 4], "uv": [78, 26]}
					]
				},
				{
					"name": "arm_right2",
					"parent": "arm_right",
					"pivot": [-7.75, 28.5, -1],
					"rotation": [0, 0, -25],
					"cubes": [
						{"origin": [-14.25, 27.5, -2], "size": [7, 2, 2], "uv": [78, 34]},
						{"origin": [-13, 29.5, -1], "size": [2, 2, 0], "uv": [38, 42]},
						{"origin": [-10.5, 29.5, -1], "size": [2, 2, 0], "uv": [38, 40]}
					]
				},
				{
					"name": "arm_right3",
					"parent": "arm_right2",
					"pivot": [-13.75, 28.5, -1],
					"cubes": [
						{"origin": [-23.25, 27, -2.5], "size": [10, 3, 3], "uv": [65, 0]},
						{"origin": [-23.25, 11, -1], "size": [8, 16, 0], "uv": [0, 70]}
					]
				},
				{
					"name": "hand_right",
					"parent": "arm_right3",
					"pivot": [-23.25, 28.5, -1],
					"cubes": [
						{"origin": [-27.25, 27.5, -2], "size": [5, 2, 2], "uv": [82, 22]},
						{"origin": [-30.25, 26.5, -1], "size": [4, 3, 0], "uv": [65, 6]}
					]
				},
				{
					"name": "tail",
					"parent": "torso",
					"pivot": [0, 16.7, 0],
					"rotation": [-45, 0, 0],
					"cubes": [
						{"origin": [-5, 10.9, -3], "size": [10, 11, 10], "uv": [0, 0]}
					]
				},
				{
					"name": "tail2",
					"parent": "tail",
					"pivot": [0, 16.3, 7.5],
					"cubes": [
						{"origin": [-4, 12.8, 6], "size": [8, 8, 9], "uv": [33, 21]}
					]
				},
				{
					"name": "tail3",
					"parent": "tail2",
					"pivot": [0, 16.3, 14.5],
					"cubes": [
						{"origin": [-2.5, 14.3, 13], "size": [5, 5, 9], "uv": [0, 56]}
					]
				},
				{
					"name": "tail4",
					"parent": "tail3",
					"pivot": [0, 16.3, 20.5],
					"cubes": [
						{"origin": [-1.5, 15.3, 19.75], "size": [3, 3, 9], "uv": [63, 30]},
						{"origin": [-1, 15.8, 28.75], "size": [2, 2, 3], "uv": [49, 56]},
						{"origin": [0, 10.3, 24.75], "size": [0, 5, 4], "uv": [0, 26]},
						{"origin": [0, 18.3, 24.75], "size": [0, 5, 4], "uv": [0, 0]}
					]
				},
				{
					"name": "leg_left0",
					"parent": "body",
					"pivot": [5, 16.2, 0.25],
					"rotation": [0, 0, -15]
				},
				{
					"name": "leg_left1",
					"parent": "leg_left0",
					"pivot": [5, 16.2, 0.25],
					"rotation": [-35, -15, 0],
					"cubes": [
						{"origin": [3, 7.7, -2.75], "size": [6, 11, 6], "uv": [58, 13]},
						{"origin": [6, 13.7, -6.25], "size": [0, 3, 4], "uv": [55, 9]},
						{"origin": [6, 10.2, -6.25], "size": [0, 3, 4], "uv": [0, 55]}
					]
				},
				{
					"name": "leg_left2",
					"parent": "leg_left1",
					"pivot": [6, 8.2, -0.25],
					"rotation": [50, 0, 15],
					"cubes": [
						{"origin": [4.5, 4.7, -0.75], "size": [3, 4, 3], "uv": [55, 83]},
						{"origin": [4.5, -2.3, -0.75], "size": [3, 7, 4], "uv": [71, 76]}
					]
				},
				{
					"name": "foot_left",
					"parent": "leg_left2",
					"pivot": [6, -2.3, 3.25],
					"rotation": [15, 0, 2.5],
					"cubes": [
						{"origin": [4, -2.3, 0.25], "size": [4, 3, 3], "uv": [29, 83]}
					]
				},
				{
					"name": "foot_left2",
					"parent": "foot_left",
					"pivot": [6, -2.3, 0.25],
					"rotation": [-30, 0, 0],
					"cubes": [
						{"origin": [3.5, -2.3, -3.75], "size": [5, 3, 4], "uv": [32, 76]},
						{"origin": [4.5, -2.3, -7.75], "size": [0, 3, 4], "pivot": [4.5, -0.8, -3.75], "rotation": [0, 10, 0], "uv": [63, 38]},
						{"origin": [6, -2.3, -7.75], "size": [0, 3, 4], "uv": [19, 58]},
						{"origin": [7.5, -2.3, -7.75], "size": [0, 3, 4], "pivot": [7.5, -0.8, -3.75], "rotation": [0, -10, 0], "uv": [0, 58]}
					]
				},
				{
					"name": "leg_right0",
					"parent": "body",
					"pivot": [-5, 16.2, 0.25],
					"rotation": [0, 0, 15]
				},
				{
					"name": "leg_right1",
					"parent": "leg_right0",
					"pivot": [-5, 16.2, 0.25],
					"rotation": [-35, 15, 0],
					"cubes": [
						{"origin": [-9, 7.7, -2.75], "size": [6, 11, 6], "uv": [56, 56]},
						{"origin": [-6, 14.7, -6.25], "size": [0, 3, 4], "uv": [0, 31]},
						{"origin": [-6, 11.2, -6.25], "size": [0, 3, 4], "uv": [30, 3]}
					]
				},
				{
					"name": "leg_right2",
					"parent": "leg_right1",
					"pivot": [-6, 8.2, -0.25],
					"rotation": [50, 0, -15],
					"cubes": [
						{"origin": [-7.5, 4.7, -0.75], "size": [3, 4, 3], "uv": [43, 83]},
						{"origin": [-7.5, -2.3, -0.75], "size": [3, 7, 4], "uv": [76, 6]}
					]
				},
				{
					"name": "foot_right",
					"parent": "leg_right2",
					"pivot": [-6, -2.3, 3.25],
					"rotation": [15, 0, -2.5],
					"cubes": [
						{"origin": [-8, -2.3, 0.25], "size": [4, 3, 3], "uv": [24, 46]}
					]
				},
				{
					"name": "foot_right2",
					"parent": "foot_right",
					"pivot": [-6, -2.3, 0.25],
					"rotation": [-30, 0, 0],
					"cubes": [
						{"origin": [-8.5, -2.3, -3.75], "size": [5, 3, 4], "uv": [30, 0]},
						{"origin": [-4.5, -2.3, -7.75], "size": [0, 3, 4], "pivot": [-4.5, -0.8, -3.75], "rotation": [0, -10, 0], "uv": [0, 52]},
						{"origin": [-6, -2.3, -7.75], "size": [0, 3, 4], "uv": [0, 45]},
						{"origin": [-7.5, -2.3, -7.75], "size": [0, 3, 4], "pivot": [-7.5, -0.8, -3.75], "rotation": [0, 10, 0], "uv": [0, 42]}
					]
				}
			]
		}
	]
}