{
	"format_version": "1.12.0",
	"minecraft:geometry": [
		{
			"description": {
				"identifier": "geometry.jestilaris",
				"texture_width": 128,
				"texture_height": 128,
				"visible_bounds_width": 4,
				"visible_bounds_height": 4.5,
				"visible_bounds_offset": [0, 1.75, 0]
			},
			"bones": [
				{
					"name": "misdreavus",
					"pivot": [0, 0, 0]
				},
				{
					"name": "body",
					"parent": "misdreavus",
					"pivot": [0, 15, 0]
				},
				{
					"name": "torso",
					"parent": "body",
					"pivot": [0, 15.7, -3],
					"cubes": [
						{"origin": [-3, 13.7, -3], "size": [6, 2, 6], "uv": [24, 15]},
						{"origin": [-4, 15.3, -4.6], "size": [8, 1, 8], "pivot": [0, 5.2, 0], "rotation": [-3, 0, 0], "uv": [0, 15]},
						{"origin": [0, 14.3, -3.1], "size": [1, 1, 0], "uv": [112, 46]},
						{"origin": [-0.1, 13.7, -3.1], "size": [0.1, 1.9, 0], "uv": [102, 112]}
					]
				},
				{
					"name": "flap_front",
					"parent": "torso",
					"pivot": [0, 13.7, -3],
					"cubes": [
						{"origin": [-3, 9.7, -3], "size": [6, 4, 0], "uv": [54, 4]},
						{"origin": [0, 10.7, -3.1], "size": [1, 1, 0], "uv": [112, 46]},
						{"origin": [0, 12.7, -3.1], "size": [1, 1, 0], "uv": [112, 46]},
						{"origin": [-0.1, 9.7, -3.1], "size": [0.1, 4, 0], "uv": [102, 112]}
					]
				},
				{
					"name": "flap_right",
					"parent": "torso",
					"pivot": [-3, 13.7, 0],
					"cubes": [
						{"origin": [-3, 9.7, -3], "size": [0, 4, 6], "uv": [12, 37]}
					]
				},
				{
					"name": "flap_right2",
					"parent": "flap_right",
					"pivot": [-3, 9.7, 0],
					"cubes": [
						{"origin": [-3, 8.7, -3], "size": [0, 1, 6], "uv": [12, 37]}
					]
				},
				{
					"name": "flap_left",
					"parent": "torso",
					"pivot": [3, 13.7, 0],
					"cubes": [
						{"origin": [3, 9.7, -3], "size": [0, 4, 6], "uv": [0, 36]}
					]
				},
				{
					"name": "flap_left2",
					"parent": "flap_left",
					"pivot": [3, 9.7, 0],
					"cubes": [
						{"origin": [3, 8.7, -3], "size": [0, 1, 6], "uv": [0, 36]}
					]
				},
				{
					"name": "flap_back",
					"parent": "torso",
					"pivot": [0, 13.7, 3],
					"cubes": [
						{"origin": [-3, 9.7, 3], "size": [6, 4, 0], "uv": [23, 53]}
					]
				},
				{
					"name": "left_flag",
					"parent": "torso",
					"pivot": [2, 15.6, 3.1],
					"cubes": [
						{"origin": [1, 11.7, 3.1], "size": [2, 4, 0], "uv": [42, 15]}
					]
				},
				{
					"name": "left_flag2",
					"parent": "left_flag",
					"pivot": [2, 11.7, 3.1],
					"cubes": [
						{"origin": [1, 7.7, 3.1], "size": [2, 4, 0], "uv": [37, 0]}
					]
				},
				{
					"name": "left_flag3",
					"parent": "left_flag2",
					"pivot": [2, 7.7, 3.1],
					"cubes": [
						{"origin": [1, 3.7, 3.1], "size": [2, 4, 0], "uv": [36, 9]}
					]
				},
				{
					"name": "left_flag4",
					"parent": "left_flag3",
					"pivot": [2, 3.7, 3.1],
					"cubes": [
						{"origin": [1, -0.3, 3.1], "size": [2, 4, 0], "uv": [0, 33]}
					]
				},
				{
					"name": "left_flag5",
					"parent": "torso",
					"pivot": [-2, 15.6, 3.1],
					"cubes": [
						{"origin": [-3, 11.7, 3.1], "size": [2, 4, 0], "uv": [29, 0]}
					]
				},
				{
					"name": "left_flag6",
					"parent": "left_flag5",
					"pivot": [-2, 11.7, 3.1],
					"cubes": [
						{"origin": [-3, 7.7, 3.1], "size": [2, 4, 0], "uv": [24, 24]}
					]
				},
				{
					"name": "left_flag7",
					"parent": "left_flag6",
					"pivot": [-2, 7.7, 3.1],
					"cubes": [
						{"origin": [-3, 3.7, 3.1], "size": [2, 4, 0], "uv": [24, 15]}
					]
				},
				{
					"name": "left_flag8",
					"parent": "left_flag7",
					"pivot": [-2, 3.7, 3.1],
					"cubes": [
						{"origin": [-3, -0.3, 3.1], "size": [2, 4, 0], "uv": [0, 0]}
					]
				},
				{
					"name": "head",
					"parent": "torso",
					"pivot": [0, 14.1, 0.2],
					"rotation": [-5, 0, 0],
					"cubes": [
						{"origin": [-5.5, 16.1, -3.7], "size": [11, 8, 7], "uv": [0, 0]},
						{"origin": [-2.2, 20.6, 3.3], "size": [0.1, 0.8, 0], "uv": [100, 114]},
						{"origin": [-1.6, 20.6, 3.3], "size": [0.1, 0.8, 0], "uv": [100, 114]},
						{"origin": [-0.6, 20.6, 3.3], "size": [0.1, 0.8, 0], "uv": [100, 114]},
						{"origin": [-1.1, 20.6, 3.3], "size": [0.1, 0.8, 0], "uv": [100, 114]},
						{"origin": [1.5, 20.6, 3.3], "size": [0.1, 0.8, 0], "uv": [100, 114]},
						{"origin": [1, 20.6, 3.3], "size": [0.1, 0.8, 0], "uv": [100, 114]},
						{"origin": [2.1, 20.6, 3.3], "size": [0.1, 0.8, 0], "uv": [100, 114]},
						{"origin": [0.5, 20.6, 3.3], "size": [0.1, 0.8, 0], "uv": [100, 114]},
						{"origin": [-0.1, 20.6, 3.3], "size": [0.1, 0.8, 0], "uv": [100, 114]},
						{"origin": [-2.9, 21.6, 3.3], "size": [0.6, 0.1, 0], "uv": [100, 114]},
						{"origin": [-2.9, 24.1, -3.8], "size": [0.6, 0.1, 0.1], "uv": [100, 114]},
						{"origin": [-2.9, 24.1, -4.2], "size": [0.6, 0.1, 0.1], "uv": [100, 114]},
						{"origin": [-2.9, 24.1, -4.6], "size": [0.6, 0.1, 0.1], "uv": [100, 114]},
						{"origin": [-2.9, 24.1, -3.3], "size": [0.6, 0.1, 0.1], "uv": [100, 114]},
						{"origin": [-2.9, 24.1, -2.8], "size": [0.6, 0.1, 0.1], "uv": [100, 114]},
						{"origin": [-2.9, 24.1, -1.8], "size": [0.6, 0.1, 0.1], "uv": [100, 114]},
						{"origin": [-2.9, 24.1, -2.3], "size": [0.6, 0.1, 0.1], "uv": [100, 114]},
						{"origin": [2.1, 24.1, -2.3], "size": [0.6, 0.1, 0.1], "uv": [100, 114]},
						{"origin": [2.1, 24.1, -1.8], "size": [0.6, 0.1, 0.1], "uv": [100, 114]},
						{"origin": [2.1, 24.1, -2.8], "size": [0.6, 0.1, 0.1], "uv": [100, 114]},
						{"origin": [2.1, 24.1, -3.3], "size": [0.6, 0.1, 0.1], "uv": [100, 114]},
						{"origin": [2.1, 24.1, -3.8], "size": [0.6, 0.1, 0.1], "uv": [100, 114]},
						{"origin": [2.1, 24.1, -4.2], "size": [0.6, 0.1, 0.1], "uv": [100, 114]},
						{"origin": [2.1, 24.1, -4.6], "size": [0.6, 0.1, 0.1], "uv": [100, 114]},
						{"origin": [-2.9, 22.1, 3.3], "size": [0.6, 0.1, 0], "uv": [100, 114]},
						{"origin": [-2.9, 22.6, 3.3], "size": [0.6, 0.1, 0], "uv": [100, 114]},
						{"origin": [2.2, 22.6, 3.3], "size": [0.6, 0.1, 0], "uv": [100, 114]},
						{"origin": [2.2, 22.1, 3.3], "size": [0.6, 0.1, 0], "uv": [100, 114]},
						{"origin": [2.2, 21.6, 3.3], "size": [0.6, 0.1, 0], "uv": [100, 114]},
						{"origin": [-5.5, 16.4, -3.3], "size": [11, 8, 1.3], "inflate": 0.001, "pivot": [0, 6.1, 0.2], "rotation": [5, 0, 0], "uv": [0, 24]}
					]
				},
				{
					"name": "mask",
					"parent": "head",
					"pivot": [0, 18.1, 0.6],
					"rotation": [0, 4, 0],
					"cubes": [
						{"origin": [-5.5, 16.44566, -4.94587], "size": [6, 8, 0.3], "inflate": 0.001, "pivot": [0, 18.1, 0.6], "rotation": [5, 0, 0], "uv": [112, 51]},
						{"origin": [-8.1, 20.44566, -4.94587], "size": [5, 3, 0.3], "pivot": [0, 18.1, 0.6], "rotation": [4.19651, -2.72076, 32.9003], "uv": [118, 48]},
						{"origin": [-0.5, 16.44566, -4.94587], "size": [6, 8, 0.3], "inflate": 0.001, "pivot": [0, 18.1, 0.6], "rotation": [5, -9, 0], "uv": [110, 36]},
						{"origin": [3, 20.64566, -4.84587], "size": [5, 3, 0.3], "pivot": [0, 18.1, 0.6], "rotation": [10.10951, -5.06259, -32.18999], "uv": [72, 76]}
					]
				},
				{
					"name": "mouth",
					"parent": "mask",
					"pivot": [0, 18.1, 0.4],
					"cubes": [
						{"origin": [-0.4, 16.44566, -5.14587], "size": [6, 4, 0], "inflate": 0.001, "pivot": [0.3, 18.1, 0.1], "rotation": [5, -9, 0], "uv": [114, 105]},
						{"origin": [4.2, 19.04566, -5.44587], "size": [1, 2, 0], "inflate": 0.001, "pivot": [-0.1, 20.7, -0.2], "rotation": [5, -9, 0], "uv": [114, 105]},
						{"origin": [-5.3, 16.44566, -5.14587], "size": [6, 4, 0], "inflate": 0.001, "pivot": [0, 18.1, 0.1], "rotation": [5, 0, 0], "uv": [116, 120]},
						{"origin": [-5.9, 17.14566, -5.14587], "size": [2, 4, 0], "inflate": 0.001, "pivot": [-0.6, 18.8, 0.1], "rotation": [5, 0, 0], "uv": [116, 120]}
					]
				},
				{
					"name": "eyes_happy",
					"parent": "mask",
					"pivot": [0, 21.4, 0.3],
					"cubes": [
						{"origin": [-0.3, 19.74566, -5.24587], "size": [6, 4, 0.3], "inflate": 0.001, "pivot": [0, 21.4, 0.3], "rotation": [5, -9, 0], "uv": [114, 78]},
						{"origin": [-0.3, 19.74566, -5.24587], "size": [6, 4, 0.3], "inflate": 0.001, "pivot": [0, 21.4, 0.3], "rotation": [5, -9, 0], "uv": [114, 78]},
						{"origin": [-0.1, 20.64566, -5.34587], "size": [1, 1.6, 1.3], "inflate": -0.1, "pivot": [0, 21.4, 0.3], "rotation": [5, -9, 0], "uv": [115, 71]},
						{"origin": [-0.1, 19.94566, -5.34587], "size": [1, 1.6, 1.3], "inflate": -0.1, "pivot": [0, 21.4, 0.3], "rotation": [3.00647, -9.84094, 12.13487], "uv": [115, 71]},
						{"origin": [-0.9, 20.64566, -5.34587], "size": [1, 1.6, 1.3], "inflate": -0.1, "pivot": [0, 21.4, 0.3], "rotation": [4.93899, -0.9626, -0.86729], "uv": [115, 71], "mirror": true},
						{"origin": [-0.9, 19.94566, -5.34587], "size": [1, 1.6, 1.3], "inflate": -0.1, "pivot": [0, 21.4, 0.3], "rotation": [5.02851, -0.17914, -9.83365], "uv": [115, 71], "mirror": true},
						{"origin": [-5.7, 19.74566, -5.24587], "size": [6, 4, 0.3], "inflate": 0.001, "pivot": [0, 21.4, 0.3], "rotation": [4.93899, -0.9626, -0.86729], "uv": [114, 78], "mirror": true},
						{"origin": [-0.6, 21.04566, -5.37], "size": [5, 1, 0.3], "inflate": 0.001, "pivot": [0, 22.7, 0.1], "rotation": [5, -9, 0], "uv": [83, 105]},
						{"origin": [-4.7, 21.04566, -5.359], "size": [4.4, 1, 0.4], "inflate": 0.001, "pivot": [0, 22.7, 0.1], "rotation": [4.93899, -0.9626, -0.86729], "uv": [84, 105], "mirror": true}
					]
				},
				{
					"name": "eyes_faint",
					"parent": "mask",
					"pivot": [0, 21.4, 0.9]
				},
				{
					"name": "bone2",
					"parent": "eyes_faint",
					"pivot": [4, 19.7, -4.1],
					"cubes": [
						{"origin": [-0.3, 16.74566, -4.64587], "size": [7, 7, 0.3], "inflate": 0.001, "pivot": [0, 21.4, 0.9], "rotation": [5, -9, 0], "uv": [84, 41]}
					]
				},
				{
					"name": "bone3",
					"parent": "eyes_faint",
					"pivot": [-2.1, 19.4, -4],
					"cubes": [
						{"origin": [-6.7, 16.74566, -4.64587], "size": [7, 7, 0.3], "inflate": 0.001, "pivot": [0, 21.4, 0.9], "rotation": [4.93899, -0.9626, -0.86729], "uv": [84, 41], "mirror": true}
					]
				},
				{
					"name": "eyes_goofy",
					"parent": "mask",
					"pivot": [0, 21.4, 3.4],
					"cubes": [
						{"origin": [-0.9, 19.64566, -2.14587], "size": [6.6, 4, 0.3], "inflate": 0.001, "pivot": [0, 21.4, 3.4], "rotation": [6.89988, -7.64649, -13.0679], "uv": [94, 78]},
						{"origin": [-4.2, 19.94566, -2.14587], "size": [4.5, 4, 0.3], "inflate": 0.001, "pivot": [0, 21.4, 3.4], "rotation": [4.75763, -1.63984, 7.10609], "uv": [93, 85], "mirror": true},
						{"origin": [-1.8, 13.44566, -0.14587], "size": [2, 3, 0], "inflate": 0.001, "pivot": [0, 21.4, 3.4], "rotation": [-22.24237, -1.63984, 7.10609], "uv": [97, 122], "mirror": true},
						{"origin": [-2.07783, 14.1, -2.9], "size": [1.4, 1.6, 0], "inflate": 0.001, "pivot": [-2, 15.4, -2.9], "rotation": [8.75763, -1.63984, 7.10609], "uv": [97, 122], "mirror": true},
						{"origin": [-1.47783, 14.05583, -2.9], "size": [0.1, 1.7, 0], "inflate": 0.001, "pivot": [-1.6, 15.3, -2.9], "rotation": [8.75763, -1.63984, 7.10609], "uv": [101, 113], "mirror": true},
						{"origin": [-0.9, 13.54566, -0.24587], "size": [0.1, 2.8, 0], "inflate": 0.001, "pivot": [0.4, 21.3, 3.4], "rotation": [-22.24237, -1.63984, 7.10609], "uv": [102, 113], "mirror": true}
					]
				},
				{
					"name": "hair_back",
					"parent": "head",
					"pivot": [0, 6.1, -3.1]
				},
				{
					"name": "hair_back_middle",
					"parent": "hair_back",
					"pivot": [0, 23.3, 0.1],
					"rotation": [43, 0, 0],
					"cubes": [
						{"origin": [-2, 20.3, -0.6], "size": [4, 5, 5], "inflate": 0.05, "uv": [24, 24]},
						{"origin": [-2, 20.3, -0.9], "size": [4, 5, 0.2], "inflate": 0.053, "uv": [29, 29]}
					]
				},
				{
					"name": "hair_back_middle2",
					"parent": "hair_back_middle",
					"pivot": [0, 23.4, 3.6],
					"rotation": [-13, 0, 0],
					"cubes": [
						{"origin": [-2, 21.21054, 3.60415], "size": [4, 4, 5], "inflate": 0.01, "uv": [36, 0]}
					]
				},
				{
					"name": "hair_back_middle3",
					"parent": "hair_back_middle2",
					"pivot": [-0.5, 23.3, 7.7],
					"rotation": [-30, 0, 0],
					"cubes": [
						{"origin": [-1.5, 22.11054, 7.70415], "size": [3, 3, 5], "inflate": 0.01, "uv": [31, 40]}
					]
				},
				{
					"name": "hair_back_middle4",
					"parent": "hair_back_middle3",
					"pivot": [-1, 24.3, 11.9],
					"rotation": [-30, 0, 0],
					"cubes": [
						{"origin": [-1, 23.11054, 11.90415], "size": [2, 2, 5], "uv": [9, 48]},
						{"origin": [-1, 23.11054, 16.90415], "size": [2, 2, 2], "inflate": 0.4, "uv": [120, 42]}
					]
				},
				{
					"name": "hair_left",
					"parent": "head",
					"pivot": [-0.6, 22.2, -2.3],
					"rotation": [0, -12, 0]
				},
				{
					"name": "hair_back_middle6",
					"parent": "hair_left",
					"pivot": [-2.14508, 22.5, -0.35528],
					"rotation": [41, 0, 0],
					"cubes": [
						{"origin": [-4.24508, 20.31054, -0.35113], "size": [4, 4, 5.2], "inflate": 0.01, "uv": [18, 34]}
					]
				},
				{
					"name": "hair_back_middle7",
					"parent": "hair_back_middle6",
					"pivot": [-2.24508, 22.9, 3.04472],
					"rotation": [-37.78736, -16.53056, 11.2429],
					"cubes": [
						{"origin": [-3.24508, 21.71054, 3.44887], "size": [3, 3, 4.6], "inflate": 0.01, "uv": [0, 46]}
					]
				},
				{
					"name": "hair_back_middle8",
					"parent": "hair_back_middle7",
					"pivot": [-2.74508, 23.9, 7.24472],
					"rotation": [-30, 0, 0],
					"cubes": [
						{"origin": [-2.74508, 22.71054, 7.24887], "size": [2, 2, 5], "uv": [42, 43]},
						{"origin": [-2.74508, 22.71054, 12.24887], "size": [2, 2, 2], "inflate": 0.4, "uv": [120, 44]}
					]
				},
				{
					"name": "hair_right",
					"parent": "head",
					"pivot": [0.6, 22.2, -2.3],
					"rotation": [0, 12, 0]
				},
				{
					"name": "hair_back_middle5",
					"parent": "hair_right",
					"pivot": [2.14508, 22.5, -0.35528],
					"rotation": [41, 0, 0],
					"cubes": [
						{"origin": [0.24508, 20.31054, -0.35113], "size": [4, 4, 5.2], "inflate": 0.01, "uv": [0, 33]}
					]
				},
				{
					"name": "hair_back_middle10",
					"parent": "hair_back_middle5",
					"pivot": [2.54508, 22.6, 3.34472],
					"rotation": [-27.58338, 15.81957, -10.51071],
					"cubes": [
						{"origin": [0.54508, 21.41054, 3.74887], "size": [3, 3, 4.6], "inflate": 0.01, "uv": [20, 44]}
					]
				},
				{
					"name": "hair_back_middle13",
					"parent": "hair_back_middle10",
					"pivot": [3.04508, 23.6, 7.54472],
					"rotation": [-30, 0, 0],
					"cubes": [
						{"origin": [1.04508, 22.41054, 7.54887], "size": [2, 2, 5], "uv": [42, 23]},
						{"origin": [1.04508, 22.41054, 12.54887], "size": [2, 2, 2], "inflate": 0.4, "uv": [120, 42]}
					]
				},
				{
					"name": "left_hand",
					"parent": "body",
					"pivot": [-10, 16.1, 0.5],
					"cubes": [
						{"origin": [-13, 15, -2], "size": [5, 2, 4], "inflate": 0.01, "uv": [36, 9]}
					]
				},
				{
					"name": "left_finger",
					"parent": "left_hand",
					"pivot": [-12.7, 16.1, -1],
					"cubes": [
						{"origin": [-16, 15, -2], "size": [3, 2, 2], "inflate": 0.001, "uv": [52, 52]}
					]
				},
				{
					"name": "left_finger2",
					"parent": "left_finger",
					"pivot": [-15.6, 16.1, -1],
					"rotation": [0, 0, -29],
					"cubes": [
						{"origin": [-19.45677, 15.10337, -2], "size": [4, 2, 2], "uv": [42, 50]}
					]
				},
				{
					"name": "left_finger3",
					"parent": "left_hand",
					"pivot": [-12.7, 16.1, 1],
					"cubes": [
						{"origin": [-16, 15, 0], "size": [3, 2, 2], "inflate": 0.001, "uv": [37, 23]}
					]
				},
				{
					"name": "left_finger4",
					"parent": "left_finger3",
					"pivot": [-15.6, 16.1, 1],
					"rotation": [0, 0, -29],
					"cubes": [
						{"origin": [-19.45677, 15.10337, 0], "size": [4, 2, 2], "uv": [50, 9]}
					]
				},
				{
					"name": "left_finger5",
					"parent": "left_hand",
					"pivot": [-10.6, 16.1, 1.3],
					"rotation": [0, 55, 0],
					"cubes": [
						{"origin": [-13.9, 15, 0.3], "size": [3, 2, 2], "inflate": 0.001, "uv": [13, 33]}
					]
				},
				{
					"name": "left_finger6",
					"parent": "left_finger5",
					"pivot": [-13.5, 16.1, 1.3],
					"rotation": [0, 0, -29],
					"cubes": [
						{"origin": [-17.35677, 15.10337, 0.3], "size": [4, 2, 2], "uv": [49, 0]}
					]
				},
				{
					"name": "right_hand",
					"parent": "body",
					"pivot": [10, 16.1, 0.5],
					"cubes": [
						{"origin": [8, 15, -2], "size": [5, 2, 4], "inflate": 0.01, "uv": [36, 34]}
					]
				},
				{
					"name": "right_finger",
					"parent": "right_hand",
					"pivot": [12.7, 16.1, -1],
					"cubes": [
						{"origin": [13, 15, -2], "size": [3, 2, 2], "inflate": 0.001, "uv": [54, 48]}
					]
				},
				{
					"name": "right_finger2",
					"parent": "right_finger",
					"pivot": [15.6, 16.1, -1],
					"rotation": [0, 0, 29],
					"cubes": [
						{"origin": [15.45677, 15.10337, -2], "size": [4, 2, 2], "uv": [51, 44]}
					]
				},
				{
					"name": "right_finger3",
					"parent": "right_hand",
					"pivot": [12.7, 16.1, 1],
					"cubes": [
						{"origin": [13, 15, 0], "size": [3, 2, 2], "inflate": 0.001, "uv": [35, 54]}
					]
				},
				{
					"name": "right_finger4",
					"parent": "right_finger3",
					"pivot": [15.6, 16.1, 1],
					"rotation": [0, 0, 29],
					"cubes": [
						{"origin": [15.45677, 15.10337, 0], "size": [4, 2, 2], "uv": [51, 40]}
					]
				},
				{
					"name": "right_finger5",
					"parent": "right_hand",
					"pivot": [10.6, 16.1, 1.3],
					"rotation": [0, -55, 0],
					"cubes": [
						{"origin": [10.9, 15, 0.3], "size": [3, 2, 2], "inflate": 0.001, "uv": [0, 53]}
					]
				},
				{
					"name": "right_finger6",
					"parent": "right_finger5",
					"pivot": [13.5, 16.1, 1.3],
					"rotation": [0, 0, 29],
					"cubes": [
						{"origin": [13.35677, 15.10337, 0.3], "size": [4, 2, 2], "uv": [51, 23]}
					]
				},
				{
					"name": "right_foot",
					"parent": "body",
					"pivot": [2, 4.1, 0.5],
					"cubes": [
						{"origin": [0.1, 3, -2.3], "size": [2.7, 1.8, 4.3], "inflate": 0.01, "uv": [30, 48]},
						{"origin": [0.2, 3, -4.1], "size": [2.5, 1, 2.1], "inflate": 0.011, "uv": [42, 30]},
						{"origin": [0.2, 3.9, -0.9], "size": [2.5, 1, 2.5], "inflate": 0.0111, "pivot": [-7.8, -6, 0], "rotation": [20, 0, 0], "uv": [31, 34]}
					]
				},
				{
					"name": "left_foot",
					"parent": "body",
					"pivot": [-1, 4.1, 0.5],
					"cubes": [
						{"origin": [-2.9, 3, -2.3], "size": [2.7, 1.8, 4.3], "inflate": 0.01, "uv": [29, 0]},
						{"origin": [-2.8, 3, -4.1], "size": [2.5, 1, 2.1], "inflate": 0.011, "uv": [0, 18]},
						{"origin": [-2.8, 3.9, -0.9], "size": [2.5, 1, 2.5], "inflate": 0.0111, "pivot": [-10.8, -6, 0], "rotation": [20, 0, 0], "uv": [0, 15]}
					]
				},
				{
					"name": "left_flag9",
					"parent": "misdreavus",
					"pivot": [10, 41.6, 21.1],
					"cubes": [
						{"origin": [9, 37.7, 21.1], "size": [2, 4, 0], "inflate": 0.01, "uv": [42, 106]}
					]
				},
				{
					"name": "left_flag10",
					"parent": "left_flag9",
					"pivot": [10, 37.7, 21.1],
					"cubes": [
						{"origin": [8.5, 33.7, 21.1], "size": [3, 4, 0], "inflate": 0.01, "uv": [37, 91]}
					]
				},
				{
					"name": "left_flag11",
					"parent": "left_flag10",
					"pivot": [10, 33.7, 21.1],
					"cubes": [
						{"origin": [8.5, 29.7, 21.1], "size": [3, 4, 0], "inflate": 0.01, "uv": [36, 100]}
					]
				},
				{
					"name": "left_flag12",
					"parent": "left_flag11",
					"pivot": [10, 29.7, 21.1],
					"cubes": [
						{"origin": [7.9, 25.7, 21.1], "size": [4, 4, 0], "inflate": 0.01, "uv": [0, 124]}
					]
				},
				{
					"name": "left_flag13",
					"parent": "left_flag12",
					"pivot": [10, 25.6, 21.1],
					"cubes": [
						{"origin": [7.9, 21.7, 21.1], "size": [4, 4, 0], "uv": [42, 106]}
					]
				},
				{
					"name": "eye",
					"parent": "left_flag13",
					"pivot": [7.9, 18.2, 18.1],
					"cubes": [
						{"origin": [6.9, 24.2, 21], "size": [6, 3, 0], "uv": [58, 103]},
						{"origin": [6.9, 23.5, 21.01], "size": [6, 3, 0], "uv": [74, 116]}
					]
				},
				{
					"name": "bone",
					"parent": "eye",
					"pivot": [5.3, 17.1, 17.9],
					"cubes": [
						{"origin": [9.3, 25.2, 20.8], "size": [1, 1, 0], "uv": [60, 97]}
					]
				},
				{
					"name": "left_flag14",
					"parent": "left_flag13",
					"pivot": [10, 21.7, 21.1],
					"cubes": [
						{"origin": [8.5, 17.7, 21.1], "size": [3, 4, 0], "uv": [37, 91]}
					]
				},
				{
					"name": "left_flag15",
					"parent": "left_flag14",
					"pivot": [10, 17.7, 21.1],
					"cubes": [
						{"origin": [8.5, 13.7, 21.1], "size": [3, 4, 0], "uv": [36, 100]}
					]
				},
				{
					"name": "left_flag16",
					"parent": "left_flag15",
					"pivot": [10, 13.7, 21.1],
					"cubes": [
						{"origin": [9, 9.7, 21.1], "size": [2, 4, 0], "uv": [0, 124]}
					]
				}
			]
		}
	]
}