{
	"format_version": "1.12.0",
	"minecraft:geometry": [
		{
			"description": {
				"identifier": "geometry.withrose",
				"texture_width": 32,
				"texture_height": 32,
				"visible_bounds_width": 2,
				"visible_bounds_height": 2.5,
				"visible_bounds_offset": [0, 0.75, 0]
			},
			"bones": [
				{
					"name": "withrose",
					"pivot": [0, 0, 0]
				},
				{
					"name": "body",
					"parent": "withrose",
					"pivot": [0, 0, 0]
				},
				{
					"name": "torso",
					"parent": "body",
					"pivot": [0, 3.46651, 0.05801],
					"cubes": [
						{"origin": [-0.5, 4, -0.5], "size": [1, 2, 1], "pivot": [0, 4.5, -1], "rotation": [30, 0, 0], "uv": [0, 0]},
						{"origin": [-1.5, 2, -1.5], "size": [3, 3, 3], "uv": [14, 7]}
					]
				},
				{
					"name": "head",
					"parent": "torso",
					"pivot": [0, 5.75, -0.75],
					"cubes": [
						{"origin": [-2, 5.75, -4], "size": [4, 3, 4], "uv": [0, 10]},
						{"origin": [-2, 8.75, -4], "size": [0, 2, 4], "uv": [16, 9]},
						{"origin": [2, 8.75, -4], "size": [0, 2, 4], "uv": [0, 16]},
						{"origin": [3, 8.75, -5], "size": [0, 2, 4], "pivot": [1, 9.75, -2], "rotation": [0, 90, 0], "uv": [8, 15]},
						{"origin": [-1, 8.75, -5], "size": [0, 2, 4], "pivot": [1, 9.75, -2], "rotation": [0, 90, 0], "uv": [8, 13]}
					]
				},
				{
					"name": "leg1",
					"parent": "torso",
					"pivot": [1, 2, 0],
					"cubes": [
						{"origin": [1, 0, -1.5], "size": [0, 2, 3], "uv": [16, 12]}
					]
				},
				{
					"name": "leg2",
					"parent": "torso",
					"pivot": [-1, 2, 0],
					"cubes": [
						{"origin": [-1, 0, -1.5], "size": [0, 2, 3], "uv": [16, 14]}
					]
				},
				{
					"name": "tail",
					"parent": "torso",
					"pivot": [0, 3, 1.5],
					"cubes": [
						{"origin": [0, 1, 0.5], "size": [0, 3, 4], "uv": [0, 13]}
					]
				},
				{
					"name": "arm1",
					"parent": "torso",
					"pivot": [1.5, 5, 0],
					"cubes": [
						{"origin": [1.5, 5, -2.5], "size": [6, 0, 5], "uv": [0, 5]}
					]
				},
				{
					"name": "arm2",
					"parent": "torso",
					"pivot": [-1.5, 5, 0],
					"cubes": [
						{"origin": [-7.5, 5, -2.5], "size": [6, 0, 5], "uv": [0, 0]}
					]
				}
			]
		}
	]
}