{
  "head": "head",
  "portraitScale": 1.8,
  "portraitTranslation": [ -0.25, 1.75, 0 ],
  "profileScale": 0.52,
  "profileTranslation": [ 0, 0.85, 0 ],
    "faint": "bedrock(viforcer, faint)",
    "cry":  "bedrock(viforcer, cry)",
    "poses": {
      "standing": {
        "poseName": "standing",
        "transformTicks": 10,
        "isBattle": false,
        "poseTypes": ["STAND", "NONE", "PORTRAIT", "PROFILE"],
        "animations": ["look", "bedrock(viforcer, ground_idle)"]
      ,
      "quirks": [
        {
          "name": "blink",
          "animations": ["bedrock(viforcer, blink)"]
        }
      ]
    },
      "walking": {
        "poseName": "walking",
        "transformTicks": 10,
        "poseTypes": ["WALK"],
        "animations": ["bedrock(viforcer, ground_walk)"],
        "quirks": [
          {
            "name": "blink",
            "animations": ["bedrock(viforcer, blink)"]
          }
        ]
      },
    "sleeping": {
        "poseName": "sleeping",
        "transformTicks": 10,
        "poseTypes": ["SLEEP"],
        "animations": [
          "bedrock(viforcer, sleep)"
        ]
       },
   "swimming": {
     "poseName": "swimming",
     "transformTicks": 10,
     "poseTypes": [
       "SWIM"
     ],
     "animations": [
       "bedrock(viforcer, ground_walk)"
     ],
     "quirks": [
       {
         "name": "blink",
         "animations": [
           "bedrock(viforcer, blink)"
         ]
       }
     ]
   },
   "floating": {
     "poseName": "floating",
     "transformTicks": 10,
     "poseTypes": [
       "FLOAT"
     ],
     "animations": [
       "bedrock(viforcer, ground_idle)"
     ],
     "quirks": [
       {
         "name": "blink",
         "animations": [
           "bedrock(viforcer, blink)"
         ]
       }
     ]
   },
   "battle-idle": {
     "poseName": "battle-idle",
     "transformTicks": 10,
     "poseTypes": ["STAND"],
     "isBattle": true,
     "animations": ["bedrock(viforcer, battle_idle)"],
     "quirks": [
       {
         "name": "blink",
         "animations": ["bedrock(viforcer, blink)"]
       }
     ]
   }
    }
  }