{
    "enabled": true,
    "neededInstalledMods": [],
    "neededUninstalledMods": [],
    "spawns": [
        {
            "id": "equelpi-1",
            "pokemon": "equelpi",
            "presets": [
                "freshwater"
            ],
            "type": "pokemon",
            "context": "submerged",
            "bucket": "ultra-rare",
            "level": "5-32",
            "weight": 9.0,
            "condition": {
                "canSeeSky": true
            }
        }
    ]
 }