{
  "enabled": true,
  "neededInstalledMods": [],
  "neededUninstalledMods": [],
  "spawns": [
      {
          "id": "infastella-1",
          "pokemon": "infastella",
          "presets": [
            "natural"
        ],
          "type": "pokemon",
          "context": "grounded",
          "bucket": "ultra-rare",
          "level": "2-20",
          "weight": 8.0,
          "condition": {
      "biomes": [
                  "#minecraft:is_end"
              ]
          }
      }
  ]
}