{
	"format_version": "1.8.0",
	"animations": {
		"animation.nyarlium.ground_idle": {
			"loop": true,
			"animation_length": 4,
			"bones": {
				"mask": {
					"rotation": {
						"2.1667": [0, -90, 0],
						"2.2083": [0, -105, 0],
						"2.25": [0, -85, 0],
						"2.2917": [0, -105, 0],
						"2.3333": [0, -105, 0],
						"2.375": [0, -85, 0],
						"2.4167": [0, -105, 0],
						"2.4583": [0, -105, 0],
						"2.5": [0, -85, 0],
						"2.5417": [0, -105, 0],
						"2.5833": [0, -105, 0],
						"2.625": [0, -85, 0],
						"2.6667": [0, -105, 0],
						"2.7083": [0, -105, 0],
						"2.75": [0, -85, 0],
						"2.7917": [0, -105, 0],
						"2.8333": [0, -105, 0],
						"2.875": [0, -85, 0],
						"2.9167": [0, -105, 0],
						"2.9583": [0, -90, 0]
					},
					"position": [0, 0, 0]
				},
				"torso": {
					"rotation": {
						"0.0": [0, 0, 0],
						"2.0": [1.5, 0, 0],
						"4.0": [0, 0, 0]
					}
				},
				"arm1": {
					"rotation": {
						"0.0": [0, 0, 0],
						"1.0": [0, 0, 0],
						"1.5": [-12.5, 0, 0],
						"4.0": [0, 0, 0]
					}
				},
				"lowerarm1": {
					"rotation": {
						"0.0": [0, 0, 0],
						"1.0": [-10, 0, 0],
						"1.5": [20, 0, 0],
						"2.0": [31, 0, 0],
						"2.25": [17.13, 0, 0],
						"2.5": [16.83, 0, 0],
						"4.0": [0, 0, 0]
					}
				},
				"lowestarm1": {
					"rotation": {
						"0.0": [0, 0, 0],
						"1.0": [7.5, 0, 0],
						"1.5": [27.5, 0, 0],
						"2.0": [19.5, 0, 0],
						"2.5": [-1.62, 0, 0],
						"4.0": [0, 0, 0]
					}
				},
				"arm2": {
					"rotation": {
						"0.0": [0, 0, 0],
						"2.0": [-1.5, 0, 0],
						"4.0": [0, 0, 0]
					}
				},
				"lowerarm2": {
					"rotation": {
						"0.0": [0, 0, 0],
						"2.0": [0, 0, 7.5],
						"4.0": [0, 0, 0]
					}
				},
				"lowestarm2": {
					"rotation": {
						"0.0": [0, 0, 0],
						"2.0": [0, 0, -10],
						"4.0": [0, 0, 0]
					}
				},
				"neck": {
					"rotation": [-10, 0, 0]
				},
				"hat": {
					"rotation": [10, 0, 0]
				},
				"hat2": {
					"rotation": [-25, 0, 0]
				},
				"hattip": {
					"rotation": [-20, 0, 0]
				},
				"middlearm": {
					"rotation": {
						"0.0": [0, 0, 0],
						"1.0": [10, 0, 0],
						"2.0": [-8.33, 0, 0],
						"4.0": [0, 0, 0]
					}
				}
			}
		},
		"animation.nyarlium.ground_walk": {
			"loop": true,
			"animation_length": 3,
			"bones": {
				"mask": {
					"rotation": [0, -90, 0]
				},
				"torso": {
					"rotation": {
						"0.0": [0, 0, 0],
						"1.5": [0.5, 0, 0],
						"3.0": [0, 0, 0]
					}
				},
				"arm1": {
					"rotation": [-52.5, 0, 0]
				},
				"lowerarm1": {
					"rotation": {
						"0.0": [77.5, 0, 0],
						"1.5": [92.5, 0, 0],
						"3.0": [77.5, 0, 0]
					}
				},
				"lowestarm1": {
					"rotation": {
						"0.0": [90, 0, 0],
						"1.5": [110, 0, 0],
						"3.0": [90, 0, 0]
					}
				},
				"arm2": {
					"rotation": {
						"0.0": [7.5, 0, 0],
						"1.25": [12.5, 0, 0],
						"3.0": [7.5, 0, 0]
					}
				},
				"lowerarm2": {
					"rotation": {
						"0.0": [7.5, 0, 0],
						"1.25": [17.5, 0, 0],
						"3.0": [7.5, 0, 0]
					}
				},
				"lowestarm2": {
					"rotation": {
						"0.0": [40.26495, 28.02107, -39.86509],
						"1.25": [35.71182, 12.18533, -52.93565],
						"3.0": [40.26495, 28.02107, -39.86509]
					}
				},
				"hat": {
					"rotation": [12.5, 0, 0]
				},
				"hat2": {
					"rotation": [-20, 0, 0]
				},
				"hattip": {
					"rotation": [-15, 0, 0]
				},
				"leg1": {
					"rotation": {
						"0.0": [-15, 0, 0],
						"1.5": [25, 0, 0],
						"2.5": [-15, 0, 0],
						"3.0": [-15, 0, 0]
					}
				},
				"lowerleg2": {
					"rotation": {
						"0.0": [20, 0, 0],
						"1.5": [-50, 0, 0],
						"2.5": [37.5, 0, 0],
						"3.0": [20, 0, 0]
					}
				},
				"leg2": {
					"rotation": {
						"0.0": [0, 27.5, 0],
						"1.0": [0, -10, 0],
						"1.75": [0, -10, 0],
						"3.0": [0, 27.5, 0]
					}
				},
				"lowerleg3": {
					"rotation": {
						"0.0": [0, -22.5, 0],
						"1.0": [0, 20, 0],
						"3.0": [0, -22.5, 0]
					}
				},
				"lowestleg2": {
					"rotation": {
						"0.0": [0, -27.5, 0],
						"1.625": [0, 27.5, 0],
						"3.0": [0, -27.5, 0]
					}
				},
				"leg3": {
					"rotation": {
						"0.0": [0, 0, 0],
						"1.25": [0, 12.5, 0],
						"3.0": [0, 0, 0]
					}
				},
				"lowerleg4": {
					"rotation": {
						"0.0": [0, 0, 0],
						"1.25": [0, -10, 0],
						"3.0": [0, 0, 0]
					}
				},
				"middlearm": {
					"rotation": {
						"0.0": [-30, 0, 0],
						"1.5": [-42.5, 0, 0],
						"3.0": [-30, 0, 0]
					}
				}
			}
		},
		"animation.nyarlium.faint": {
			"loop": true,
			"bones": {
				"mask": {
					"rotation": [0, -90, 0]
				}
			}
		},
		"animation.nyarlium.sleep": {
			"loop": true,
			"animation_length": 6,
			"bones": {
				"mask": {
					"rotation": [0, -90, 0]
				},
				"arm1": {
					"rotation": [-90, 0, 0]
				},
				"lowerarm1": {
					"rotation": [82.5, 0, 0]
				},
				"lowestarm1": {
					"rotation": [67.5, 0, 0]
				},
				"neck": {
					"rotation": {
						"0.0": [30, 0, 0],
						"3.0": [35, 0, 0],
						"6.0": [30, 0, 0]
					}
				},
				"head": {
					"rotation": [22.5, 0, 0]
				},
				"hat": {
					"rotation": [-22.5, 0, 0]
				},
				"hat2": {
					"rotation": [-37.5, 0, 0]
				},
				"hattip": {
					"rotation": [-35, 0, 0]
				},
				"lowerleg3": {
					"rotation": [0, 62.5, 0]
				},
				"lowestleg2": {
					"rotation": [0, -47.5, 0]
				},
				"middlearm": {
					"rotation": [2.5, 0, 0]
				}
			}
		}
	}
}