{
  "enabled": true,
  "neededInstalledMods": [],
  "neededUninstalledMods": [],
  "spawns": [
    {
      "id": "dissonitten-1",
      "pokemon": "dissonitten",
      "presets": [ "underground" ],
      "type": "pokemon",
      "context": "grounded",
      "bucket": "rare",
      "level": "15-30",
      "weight": 10.0,
      "condition": {
        "canSeeSky": false,
        "biomes": [
          "#cobblemon:is_cave",
          "#cobblemon:is_deep",
          "#minecraft:is_end",
          "#cobblemon:is_thermal",
          "#cobblemon:is_spooky",
          "#cobblemon:is_magical"
        ]
      }
    }

  ]
}