{
	"format_version": "1.12.0",
	"minecraft:geometry": [
		{
			"description": {
				"identifier": "geometry.puffoon",
				"texture_width": 64,
				"texture_height": 64,
				"visible_bounds_width": 4,
				"visible_bounds_height": 3.5,
				"visible_bounds_offset": [0, 1.25, 0]
			},
			"bones": [
				{
					"name": "puffoon",
					"pivot": [0, 0, 0]
				},
				{
					"name": "root",
					"parent": "puffoon",
					"pivot": [0, 10, 0]
				},
				{
					"name": "body",
					"parent": "root",
					"pivot": [0, 12.96863, -0.43151],
					"cubes": [
						{"origin": [-6, 4, -6], "size": [12, 12, 12], "pivot": [0, 10, 0], "rotation": [28.48347, -25.49671, 38.42684], "uv": [0, 0]},
						{"origin": [-4.90901, 15.46967, -2.45], "size": [3, 3, 3], "pivot": [-3.40901, 16.96967, 1], "rotation": [-24.25045, -22.32924, 49.856], "uv": [0, 0]},
						{"origin": [-3.31546, 17.10104, -2.2525], "size": [0, 2, 2], "pivot": [-3.31546, 18.10104, -1.2525], "rotation": [65.74955, -22.32924, 49.856], "uv": [24, 26]},
						{"origin": [1.90901, 15.46967, -2.45], "size": [3, 3, 3], "pivot": [3.40901, 16.96967, 1], "rotation": [-24.25045, 22.32924, -49.856], "uv": [0, 6]},
						{"origin": [3.31546, 17.10104, -2.2525], "size": [0, 2, 2], "pivot": [3.31546, 18.10104, -1.2525], "rotation": [-24.25045, 22.32924, -49.856], "uv": [0, 28]},
						{"origin": [2.5583, 18.96247, -0.65167], "size": [0, 2, 1], "pivot": [2.33597, 21.38519, 1.2951], "rotation": [6.10041, 49.1684, -27.38122], "uv": [6, 25]},
						{"origin": [2.4583, 20.0292, -0.20476], "size": [0, 3, 1], "pivot": [2.33597, 21.38519, 1.2951], "rotation": [-21.39959, 49.1684, -27.38122], "uv": [9, 5]},
						{"origin": [2.5583, 21.10589, -0.90789], "size": [0, 2, 1], "pivot": [2.33597, 21.38519, 1.2951], "rotation": [-73.89959, 49.1684, -27.38122], "uv": [6, 23]},
						{"origin": [2.4583, 22.57565, -0.25095], "size": [0, 1, 2], "pivot": [2.33597, 21.38519, 1.2951], "rotation": [-58.89959, 49.1684, -27.38122], "uv": [16, 28]},
						{"origin": [2.5583, 21.91396, 1.7959], "size": [0, 1, 1], "pivot": [2.33597, 21.38519, 1.2951], "rotation": [-26.39959, 49.1684, -27.38122], "uv": [6, 28]},
						{"origin": [-2.5583, 21.91396, 1.7959], "size": [0, 1, 1], "pivot": [-2.33597, 21.38519, 1.2951], "rotation": [-26.39959, -49.1684, 27.38122], "uv": [6, 27]},
						{"origin": [-2.5583, 21.10589, -0.90789], "size": [0, 2, 1], "pivot": [-2.33597, 21.38519, 1.2951], "rotation": [-73.89959, -49.1684, 27.38122], "uv": [9, 0]},
						{"origin": [-2.4583, 22.57565, -0.25095], "size": [0, 1, 2], "pivot": [-2.33597, 21.38519, 1.2951], "rotation": [-58.89959, -49.1684, 27.38122], "uv": [4, 28]},
						{"origin": [-2.4583, 20.0292, -0.20476], "size": [0, 3, 1], "pivot": [-2.33597, 21.38519, 1.2951], "rotation": [-21.39959, -49.1684, 27.38122], "uv": [0, 5]},
						{"origin": [-2.5583, 18.96247, -0.65167], "size": [0, 2, 1], "pivot": [-2.33597, 21.38519, 1.2951], "rotation": [6.10041, -49.1684, 27.38122], "uv": [0, 0]}
					]
				},
				{
					"name": "wing_left",
					"parent": "body",
					"pivot": [4.75, 14.65, 2.75],
					"rotation": [25.96295, -15.58394, -61.11364],
					"cubes": [
						{"origin": [4.06233, 13.69972, 2.60705], "size": [10, 4, 0], "uv": [36, 4]},
						{"origin": [4.06233, 10.94972, 2.70705], "size": [9, 4, 0], "pivot": [9.06233, 14.19972, 2.60705], "rotation": [0, 0, 17.5], "uv": [24, 36]},
						{"origin": [6.06233, 9.34972, 2.90705], "size": [7, 4, 0], "pivot": [9.06233, 14.19972, 2.60705], "rotation": [0, 0, 35], "uv": [0, 40]}
					]
				},
				{
					"name": "wing_right",
					"parent": "body",
					"pivot": [-4.75, 14.65, 2.75],
					"rotation": [25.96295, 15.58394, 61.11364],
					"cubes": [
						{"origin": [-14.06233, 13.69972, 2.60705], "size": [10, 4, 0], "uv": [36, 0]},
						{"origin": [-13.06233, 10.94972, 2.70705], "size": [9, 4, 0], "pivot": [-9.06233, 14.19972, 2.60705], "rotation": [0, 0, -17.5], "uv": [36, 8]},
						{"origin": [-13.06233, 9.34972, 2.90705], "size": [7, 4, 0], "pivot": [-9.06233, 14.19972, 2.60705], "rotation": [0, 0, -35], "uv": [16, 24]}
					]
				},
				{
					"name": "mouth",
					"parent": "body",
					"pivot": [0.10069, 16.55813, -4.97109],
					"cubes": [
						{"origin": [-0.25, 15.94583, -7.1], "size": [1, 1, 0], "pivot": [0.85069, 17.05813, -5.97109], "rotation": [-22.20765, 20.70481, 40.89339], "uv": [0, 0]},
						{"origin": [-0.92941, 15.94583, -7], "size": [2, 2, 1], "pivot": [0.10069, 17.05813, -5.97109], "rotation": [-22.20765, 20.70481, 40.89339], "uv": [20, 40]},
						{"origin": [-2.60092, 16.77616, -5.5], "size": [3, 3, 0], "pivot": [-1.10069, 17.05813, -5.97109], "rotation": [-22.20765, -20.70481, -40.89339], "uv": [0, 24]},
						{"origin": [-4.60092, 15.77616, -5.5], "size": [4, 1, 0], "pivot": [-1.10069, 17.05813, -5.97109], "rotation": [-22.20765, -20.70481, -40.89339], "uv": [16, 28]},
						{"origin": [-0.39142, 14.92503, -6.37], "size": [4, 1, 0], "pivot": [1.60858, 15.42503, -6.37], "rotation": [-22.20765, 20.70481, 40.89339], "uv": [16, 29]},
						{"origin": [-0.39908, 16.77616, -5.5], "size": [3, 3, 0], "pivot": [1.10069, 17.05813, -5.97109], "rotation": [-22.20765, 20.70481, 40.89339], "uv": [0, 27]},
						{"origin": [-0.39908, 16.47616, -6], "size": [1, 1, 2], "pivot": [0.10069, 17.05813, -5.97109], "rotation": [-22.20765, 20.70481, 40.89339], "uv": [14, 40]}
					]
				},
				{
					"name": "tail",
					"parent": "body",
					"pivot": [0, 7.75, 7.5],
					"cubes": [
						{"origin": [-3, 4.25, 8.5], "size": [6, 6, 6], "pivot": [0, 7.75, 10.5], "rotation": [45, 0, 0], "uv": [24, 24]},
						{"origin": [-2, 3.25, 7.5], "size": [4, 8, 8], "pivot": [0, 7.75, 10.5], "rotation": [45, 0, 0], "uv": [0, 24]}
					]
				}
			]
		}
	]
}