{
	"format_version": "1.12.0",
	"minecraft:geometry": [
		{
			"description": {
				"identifier": "geometry.unknown",
				"texture_width": 128,
				"texture_height": 64,
				"visible_bounds_width": 3,
				"visible_bounds_height": 3,
				"visible_bounds_offset": [0, 0.5, 0]
			},
			"bones": [
				{
					"name": "pariartz",
					"pivot": [0, 0, 0]
				},
				{
					"name": "body",
					"parent": "pariartz",
					"pivot": [0, 0, 0]
				},
				{
					"name": "waist",
					"parent": "body",
					"pivot": [0, 9, 4],
					"cubes": [
						{"origin": [-5, 5, -1], "size": [9, 8, 6], "uv": [0, 15]}
					]
				},
				{
					"name": "torso",
					"parent": "waist",
					"pivot": [0, -2, 0],
					"cubes": [
						{"origin": [-5, 5, -8], "size": [9, 8, 7], "uv": [0, 0]},
						{"origin": [-1, 13, -7], "size": [1, 3, 2], "uv": [16, 40]},
						{"origin": [-1, 13, -5], "size": [1, 2, 2], "uv": [22, 40]},
						{"origin": [-1, 13, -3], "size": [1, 1, 2], "uv": [28, 40]}
					]
				},
				{
					"name": "neck",
					"parent": "torso",
					"pivot": [0, 10, -8],
					"cubes": [
						{"origin": [-3, 7, -12], "size": [5, 5, 8], "pivot": [0, 10, -8], "rotation": [-22.5, 0, 0], "uv": [60, 0]}
					]
				},
				{
					"name": "head",
					"parent": "neck",
					"pivot": [0, 11, -10],
					"cubes": [
						{"origin": [-4, 7.44834, -16.69136], "size": [7, 7, 7], "uv": [86, 0]},
						{"origin": [-4, 8.44834, -20.69136], "size": [7, 5, 4], "uv": [89, 14]}
					]
				},
				{
					"name": "jaw",
					"parent": "head",
					"pivot": [-0.5, 7.33333, -18.33333],
					"cubes": [
						{"origin": [-3, 7.5, -20], "size": [5, 1, 4], "uv": [91, 23]},
						{"origin": [0, 6.5, -19], "size": [1, 1, 1], "uv": [98, 28]},
						{"origin": [-2, 6.5, -19], "size": [1, 1, 1], "uv": [98, 28]}
					]
				},
				{
					"name": "eyes",
					"parent": "head",
					"pivot": [-0.5, 15.5, -15]
				},
				{
					"name": "eye_right",
					"parent": "eyes",
					"pivot": [-5.52, 13, -17.5],
					"cubes": [
						{"origin": [-4.01, 10.5, -16], "size": [0, 3, 5], "uv": [68, 27]}
					]
				},
				{
					"name": "eyelid_right",
					"parent": "eye_right",
					"pivot": [-3.4, 12.5, -13.5],
					"cubes": [
						{"origin": [-3.9, 10.5, -16], "size": [1, 3, 5], "inflate": 0.025, "uv": [67, 21]}
					]
				},
				{
					"name": "eye_left",
					"parent": "eyes",
					"pivot": [3.52, 13, -12.5],
					"cubes": [
						{"origin": [3.01, 10.5, -16], "size": [0, 3, 5], "uv": [68, 24]}
					]
				},
				{
					"name": "eyelid_left",
					"parent": "eye_left",
					"pivot": [2.47, 12.5, -13.5],
					"cubes": [
						{"origin": [1.97, 10.5, -16], "size": [1, 3, 5], "inflate": 0.025, "uv": [67, 13]}
					]
				},
				{
					"name": "tail1",
					"parent": "waist",
					"pivot": [0, 9, 6],
					"cubes": [
						{"origin": [-4, 6.5, 4], "size": [7, 6, 5], "inflate": 0.02, "uv": [0, 29]}
					]
				},
				{
					"name": "tail2",
					"parent": "tail1",
					"pivot": [0, 10, 10],
					"cubes": [
						{"origin": [-3, 7.5, 9], "size": [5, 4, 3], "inflate": 0.01, "uv": [0, 40]}
					]
				},
				{
					"name": "tail3",
					"parent": "tail2",
					"pivot": [0, 11.5, 14],
					"cubes": [
						{"origin": [-2, 8.5, 12], "size": [3, 2, 3], "uv": [0, 47]}
					]
				},
				{
					"name": "leg_front_left1",
					"parent": "body",
					"pivot": [3.65, 4.73504, -4.85721],
					"cubes": [
						{"origin": [2.15, 2.44214, -5.63246], "size": [3, 6, 4], "uv": [32, 0]}
					]
				},
				{
					"name": "leg_front_left2",
					"parent": "leg_front_left1",
					"pivot": [3.65, 1.54204, -5.07364],
					"cubes": [
						{"origin": [2.15, -0.42388, -5.61482], "size": [3, 3, 4], "inflate": 0.01, "uv": [32, 10]},
						{"origin": [2.65, -0.42388, -6.51482], "size": [2, 1, 1], "uv": [35, 34]}
					]
				},
				{
					"name": "leg_front_right1",
					"parent": "body",
					"pivot": [-4.65, 7.5, -5],
					"cubes": [
						{"origin": [-6.15, 3, -7], "size": [3, 6, 4], "uv": [46, 0]}
					]
				},
				{
					"name": "leg_front_right2",
					"parent": "leg_front_right1",
					"pivot": [-4.65, 3, -7],
					"cubes": [
						{"origin": [-6.15, 0, -7], "size": [3, 3, 4], "inflate": 0.01, "uv": [46, 10]},
						{"origin": [-5.65, 0, -7.9], "size": [2, 1, 1], "uv": [49, 34]}
					]
				},
				{
					"name": "leg_back_left1",
					"parent": "body",
					"pivot": [-4.35, 7.5, 2.75],
					"cubes": [
						{"origin": [-5.85, 3, 0.75], "size": [3, 6, 4], "uv": [44, 17]}
					]
				},
				{
					"name": "leg_back_left2",
					"parent": "leg_back_left1",
					"pivot": [-4.35, 3, 0.75],
					"cubes": [
						{"origin": [-5.85, 0, 0.75], "size": [3, 3, 4], "inflate": 0.01, "uv": [45, 27]},
						{"origin": [-5.35, 0, 0.1], "size": [2, 1, 1], "uv": [49, 36]}
					]
				},
				{
					"name": "leg_back_right1",
					"parent": "body",
					"pivot": [3.35, 7.5, 2.75],
					"cubes": [
						{"origin": [1.85, 3, 0.75], "size": [3, 6, 4], "uv": [30, 17]}
					]
				},
				{
					"name": "leg_back_right2",
					"parent": "leg_back_right1",
					"pivot": [3.35, 3, 0.75],
					"cubes": [
						{"origin": [1.85, 0, 0.75], "size": [3, 3, 4], "inflate": 0.01, "uv": [31, 27]},
						{"origin": [2.35, 0, 0.1], "size": [2, 1, 1], "uv": [35, 36]}
					]
				}
			]
		}
	]
}