{
	"format_version": "1.12.0",
	"minecraft:geometry": [
		{
			"description": {
				"identifier": "geometry.dusknoirtesla",
				"texture_width": 256,
				"texture_height": 128,
				"visible_bounds_width": 8,
				"visible_bounds_height": 6.5,
				"visible_bounds_offset": [0, 2.75, 0]
			},
			"bones": [
				{
					"name": "dusknoir",
					"pivot": [0, 0, 0]
				},
				{
					"name": "body",
					"parent": "dusknoir",
					"pivot": [0, 0, 0]
				},
				{
					"name": "torso",
					"parent": "body",
					"pivot": [0, 20, 0]
				},
				{
					"name": "chest",
					"parent": "torso",
					"pivot": [0, 19.5, 5.5],
					"cubes": [
						{"origin": [-11, 21, -9.5], "size": [22, 9, 19], "inflate": 0.01, "uv": [0, 40]},
						{"origin": [-9, 30, -7.5], "size": [18, 3, 15], "uv": [0, 22]},
						{"origin": [-9, 23.75, -10], "size": [3, 2, 1], "pivot": [-5.5, 26, -10], "rotation": [0, 0, 12], "uv": [100, 11], "mirror": true},
						{"origin": [-10, 25.75, -9.9], "size": [3, 1, 1], "pivot": [-7.5, 28, -9.9], "rotation": [0, 0, 12], "uv": [101, 11], "mirror": true},
						{"origin": [-8, 23, -9.9], "size": [3, 1, 1], "pivot": [-5.5, 24.25, -9.9], "rotation": [0, 0, 12], "uv": [101, 11], "mirror": true},
						{"origin": [5, 23, -9.9], "size": [3, 1, 1], "pivot": [5.5, 24.25, -9.9], "rotation": [0, 0, -12], "uv": [101, 11]},
						{"origin": [6, 23.75, -10], "size": [3, 2, 1], "pivot": [5.5, 26, -10], "rotation": [0, 0, -12], "uv": [100, 11]},
						{"origin": [7, 25.75, -9.9], "size": [3, 1, 1], "pivot": [7.5, 28, -9.9], "rotation": [0, 0, -12], "uv": [101, 11]},
						{"origin": [3, 22.75, 9], "size": [5, 3, 1], "pivot": [5.5, 25, 10], "rotation": [0, 0, -27.5], "uv": [76, 14]},
						{"origin": [-8, 22.75, 9], "size": [5, 3, 1], "pivot": [-5.5, 25, 10], "rotation": [0, 0, 27.5], "uv": [88, 14], "mirror": true}
					]
				},
				{
					"name": "chest_jaw",
					"parent": "chest",
					"pivot": [0, 19.5, 9.5],
					"cubes": [
						{"origin": [-11, 18, -9.5], "size": [22, 3, 0], "inflate": 0.01, "uv": [51, 26]},
						{"origin": [-11, 18, 1.5], "size": [22, 3, 8], "inflate": 0.01, "uv": [63, 43]},
						{"origin": [11, 18, -9.5], "size": [0, 3, 11], "inflate": 0.01, "uv": [51, 18]},
						{"origin": [-11, 18, -9.5], "size": [0, 3, 11], "inflate": 0.01, "uv": [73, 18], "mirror": true}
					]
				},
				{
					"name": "arms",
					"parent": "chest",
					"pivot": [0, 32, 0]
				},
				{
					"name": "arm_left",
					"parent": "arms",
					"pivot": [9, 32, 0]
				},
				{
					"name": "arm_left2",
					"parent": "arm_left",
					"pivot": [22.5, 32, 4],
					"cubes": [
						{"origin": [32.5, 23, -5], "size": [4, 10, 10], "inflate": 0.01, "uv": [84, 108]}
					]
				},
				{
					"name": "hand_left",
					"parent": "arm_left2",
					"pivot": [36.5, 28.5, 0.5],
					"cubes": [
						{"origin": [36.5, 22.5, -1.5], "size": [9, 11, 3], "uv": [95, 18]}
					]
				},
				{
					"name": "fingers_left",
					"parent": "hand_left",
					"pivot": [45.5, 28, 1.5]
				},
				{
					"name": "finger1_left",
					"parent": "fingers_left",
					"pivot": [45.5, 23.5, 1.5],
					"cubes": [
						{"origin": [45.5, 22.5, -0.5], "size": [3, 2, 2], "inflate": 0.01, "uv": [0, 22]}
					]
				},
				{
					"name": "finger1_left2",
					"parent": "finger1_left",
					"pivot": [48.5, 23.5, 1.5],
					"cubes": [
						{"origin": [48.5, 22.5, -0.5], "size": [4, 2, 2], "uv": [0, 26]}
					]
				},
				{
					"name": "finger2_left",
					"parent": "fingers_left",
					"pivot": [45.5, 26, 1.5],
					"cubes": [
						{"origin": [45.5, 24.5, -0.5], "size": [4, 3, 2], "inflate": 0.01, "uv": [0, 30]}
					]
				},
				{
					"name": "finger2_left2",
					"parent": "finger2_left",
					"pivot": [49.5, 26, 1.5],
					"cubes": [
						{"origin": [49.5, 24.5, -0.5], "size": [4, 3, 2], "uv": [0, 40]}
					]
				},
				{
					"name": "finger3_left",
					"parent": "fingers_left",
					"pivot": [45.5, 29, 1.5],
					"cubes": [
						{"origin": [45.5, 27.5, -0.5], "size": [4, 3, 2], "inflate": 0.01, "uv": [0, 45]}
					]
				},
				{
					"name": "finger3_left2",
					"parent": "finger3_left",
					"pivot": [49.5, 29, 1.5],
					"cubes": [
						{"origin": [49.5, 27.5, -0.5], "size": [4, 3, 2], "uv": [0, 50]}
					]
				},
				{
					"name": "finger4_left",
					"parent": "fingers_left",
					"pivot": [45.5, 32, 1.5],
					"cubes": [
						{"origin": [45.5, 30.5, -0.5], "size": [4, 3, 2], "inflate": 0.01, "uv": [0, 68]}
					]
				},
				{
					"name": "finger4_left2",
					"parent": "finger4_left",
					"pivot": [49.5, 32, 1.5],
					"cubes": [
						{"origin": [49.5, 30.5, -0.5], "size": [4, 3, 2], "uv": [0, 73]}
					]
				},
				{
					"name": "thumb_left",
					"parent": "hand_left",
					"pivot": [40.5, 33, -1],
					"cubes": [
						{"origin": [40.5, 31.5, -2], "size": [4, 3, 2], "inflate": 0.01, "uv": [82, 84]}
					]
				},
				{
					"name": "thumb_left2",
					"parent": "thumb_left",
					"pivot": [44.5, 34.5, -1],
					"cubes": [
						{"origin": [44.5, 31.5, -2], "size": [4, 3, 2], "uv": [82, 89]}
					]
				},
				{
					"name": "top_bolt4",
					"parent": "hand_left",
					"pivot": [33.99338, 28.245, 0.31838],
					"rotation": [-174.44161, -48.76665, 97.57354],
					"cubes": [
						{"origin": [33.90499, 26.75, -0.01965], "size": [0, 8, 10], "pivot": [33.99338, 28.245, 0.31838], "rotation": [26.75, 45, 0], "uv": [150, 20]},
						{"origin": [33.90499, 31.74, 1.98035], "size": [0, 7, 14], "pivot": [33.99338, 25.245, 0.31838], "rotation": [26.75, 45, 0], "uv": [157, 26]}
					]
				},
				{
					"name": "arm_left3",
					"parent": "arm_left",
					"pivot": [8.5, 43, 9],
					"cubes": [
						{"origin": [18.5, 34, 0], "size": [4, 10, 10], "inflate": 0.01, "uv": [84, 108]}
					]
				},
				{
					"name": "top_bolt",
					"parent": "arm_left3",
					"pivot": [19.99338, 39.245, 5.31838],
					"rotation": [-174.44161, -48.76665, 97.57354],
					"cubes": [
						{"origin": [19.90499, 37.75, 4.98035], "size": [0, 8, 10], "pivot": [19.99338, 39.245, 5.31838], "rotation": [26.75, 45, 0], "uv": [150, 20]},
						{"origin": [19.90499, 42.74, 6.98035], "size": [0, 7, 14], "pivot": [19.99338, 36.245, 5.31838], "rotation": [26.75, 45, 0], "uv": [157, 26]}
					]
				},
				{
					"name": "hand_left2",
					"parent": "arm_left3",
					"pivot": [22.5, 39.5, 5.5],
					"cubes": [
						{"origin": [22.5, 33.5, 3.5], "size": [9, 11, 3], "uv": [95, 18]}
					]
				},
				{
					"name": "fingers_left2",
					"parent": "hand_left2",
					"pivot": [31.5, 39, 6.5]
				},
				{
					"name": "finger1_left3",
					"parent": "fingers_left2",
					"pivot": [31.5, 34.5, 6.5],
					"cubes": [
						{"origin": [31.5, 33.5, 4.5], "size": [3, 2, 2], "inflate": 0.01, "uv": [0, 22]}
					]
				},
				{
					"name": "finger1_left4",
					"parent": "finger1_left3",
					"pivot": [34.5, 34.5, 6.5],
					"cubes": [
						{"origin": [34.5, 33.5, 4.5], "size": [4, 2, 2], "uv": [0, 26]}
					]
				},
				{
					"name": "finger2_left3",
					"parent": "fingers_left2",
					"pivot": [31.5, 37, 6.5],
					"cubes": [
						{"origin": [31.5, 35.5, 4.5], "size": [4, 3, 2], "inflate": 0.01, "uv": [0, 30]}
					]
				},
				{
					"name": "finger2_left4",
					"parent": "finger2_left3",
					"pivot": [35.5, 37, 6.5],
					"cubes": [
						{"origin": [35.5, 35.5, 4.5], "size": [4, 3, 2], "uv": [0, 40]}
					]
				},
				{
					"name": "finger3_left3",
					"parent": "fingers_left2",
					"pivot": [31.5, 40, 6.5],
					"cubes": [
						{"origin": [31.5, 38.5, 4.5], "size": [4, 3, 2], "inflate": 0.01, "uv": [0, 45]}
					]
				},
				{
					"name": "finger3_left4",
					"parent": "finger3_left3",
					"pivot": [35.5, 40, 6.5],
					"cubes": [
						{"origin": [35.5, 38.5, 4.5], "size": [4, 3, 2], "uv": [0, 50]}
					]
				},
				{
					"name": "finger4_left3",
					"parent": "fingers_left2",
					"pivot": [31.5, 43, 6.5],
					"cubes": [
						{"origin": [31.5, 41.5, 4.5], "size": [4, 3, 2], "inflate": 0.01, "uv": [0, 68]}
					]
				},
				{
					"name": "finger4_left4",
					"parent": "finger4_left3",
					"pivot": [35.5, 43, 6.5],
					"cubes": [
						{"origin": [35.5, 41.5, 4.5], "size": [4, 3, 2], "uv": [0, 73]}
					]
				},
				{
					"name": "thumb_left3",
					"parent": "hand_left2",
					"pivot": [26.5, 44, 4],
					"cubes": [
						{"origin": [26.5, 42.5, 3], "size": [4, 3, 2], "inflate": 0.01, "uv": [82, 84]}
					]
				},
				{
					"name": "thumb_left4",
					"parent": "thumb_left3",
					"pivot": [30.5, 45.5, 4],
					"cubes": [
						{"origin": [30.5, 42.5, 3], "size": [4, 3, 2], "uv": [82, 89]}
					]
				},
				{
					"name": "arm_right",
					"parent": "arms",
					"pivot": [-9, 32, 0]
				},
				{
					"name": "arm_right2",
					"parent": "arm_right",
					"pivot": [-22.5, 32, 4],
					"cubes": [
						{"origin": [-36.5, 23, -5], "size": [4, 10, 10], "inflate": 0.01, "uv": [89, 84], "mirror": true}
					]
				},
				{
					"name": "hand_right",
					"parent": "arm_right2",
					"pivot": [-36.5, 28.5, 0.5],
					"cubes": [
						{"origin": [-45.5, 22.5, -1.5], "size": [9, 11, 3], "uv": [101, 62], "mirror": true}
					]
				},
				{
					"name": "top_bolt3",
					"parent": "hand_right",
					"pivot": [-33.99338, 28.245, 0.31838],
					"rotation": [-174.44161, 48.76665, -97.57354],
					"cubes": [
						{"origin": [-33.90499, 26.75, -0.01965], "size": [0, 8, 10], "pivot": [-33.99338, 28.245, 0.31838], "rotation": [26.75, -45, 0], "uv": [150, 20], "mirror": true},
						{"origin": [-33.90499, 31.74, 1.98035], "size": [0, 7, 14], "pivot": [-33.99338, 25.245, 0.31838], "rotation": [26.75, -45, 0], "uv": [157, 26], "mirror": true}
					]
				},
				{
					"name": "fingers_right",
					"parent": "hand_right",
					"pivot": [-45.5, 28, 1.5]
				},
				{
					"name": "finger1_right",
					"parent": "fingers_right",
					"pivot": [-45.5, 23.5, 1.5],
					"cubes": [
						{"origin": [-48.5, 22.5, -0.5], "size": [3, 2, 2], "inflate": 0.01, "uv": [112, 13], "mirror": true}
					]
				},
				{
					"name": "finger1_right2",
					"parent": "finger1_right",
					"pivot": [-48.5, 23.5, 1.5],
					"cubes": [
						{"origin": [-52.5, 22.5, -0.5], "size": [4, 2, 2], "uv": [100, 14], "mirror": true}
					]
				},
				{
					"name": "finger2_right",
					"parent": "fingers_right",
					"pivot": [-45.5, 26, 1.5],
					"cubes": [
						{"origin": [-49.5, 24.5, -0.5], "size": [4, 3, 2], "inflate": 0.01, "uv": [116, 0], "mirror": true}
					]
				},
				{
					"name": "finger2_right2",
					"parent": "finger2_right",
					"pivot": [-49.5, 26, 1.5],
					"cubes": [
						{"origin": [-53.5, 24.5, -0.5], "size": [4, 3, 2], "uv": [120, 10], "mirror": true}
					]
				},
				{
					"name": "finger3_right",
					"parent": "fingers_right",
					"pivot": [-45.5, 29, 1.5],
					"cubes": [
						{"origin": [-49.5, 27.5, -0.5], "size": [4, 3, 2], "inflate": 0.01, "uv": [82, 58], "mirror": true}
					]
				},
				{
					"name": "finger3_right2",
					"parent": "finger3_right",
					"pivot": [-49.5, 29, 1.5],
					"cubes": [
						{"origin": [-53.5, 27.5, -0.5], "size": [4, 3, 2], "uv": [82, 63], "mirror": true}
					]
				},
				{
					"name": "finger4_right",
					"parent": "fingers_right",
					"pivot": [-45.5, 32, 1.5],
					"cubes": [
						{"origin": [-49.5, 30.5, -0.5], "size": [4, 3, 2], "inflate": 0.01, "uv": [0, 93], "mirror": true}
					]
				},
				{
					"name": "finger4_right2",
					"parent": "finger4_right",
					"pivot": [-49.5, 32, 1.5],
					"cubes": [
						{"origin": [-53.5, 30.5, -0.5], "size": [4, 3, 2], "uv": [0, 98], "mirror": true}
					]
				},
				{
					"name": "thumb_right",
					"parent": "hand_right",
					"pivot": [-40.5, 33, -1],
					"cubes": [
						{"origin": [-44.5, 31.5, -2], "size": [4, 3, 2], "inflate": 0.01, "uv": [136, 21], "mirror": true}
					]
				},
				{
					"name": "thumb_right2",
					"parent": "thumb_right",
					"pivot": [-44.5, 34.5, -1],
					"cubes": [
						{"origin": [-48.5, 31.5, -2], "size": [4, 3, 2], "uv": [136, 26], "mirror": true}
					]
				},
				{
					"name": "arm_right3",
					"parent": "arm_right",
					"pivot": [-6.5, 43, 9],
					"cubes": [
						{"origin": [-20.5, 34, 0], "size": [4, 10, 10], "inflate": 0.01, "uv": [89, 84], "mirror": true}
					]
				},
				{
					"name": "top_bolt2",
					"parent": "arm_right3",
					"pivot": [-19.99338, 39.245, 5.31838],
					"rotation": [-174.44161, 48.76665, -97.57354],
					"cubes": [
						{"origin": [-19.90499, 37.75, 4.98035], "size": [0, 8, 10], "pivot": [-19.99338, 39.245, 5.31838], "rotation": [26.75, -45, 0], "uv": [150, 20], "mirror": true},
						{"origin": [-19.90499, 42.74, 6.98035], "size": [0, 7, 14], "pivot": [-19.99338, 36.245, 5.31838], "rotation": [26.75, -45, 0], "uv": [157, 26], "mirror": true}
					]
				},
				{
					"name": "hand_right2",
					"parent": "arm_right3",
					"pivot": [-20.5, 39.5, 5.5],
					"cubes": [
						{"origin": [-29.5, 33.5, 3.5], "size": [9, 11, 3], "uv": [101, 62], "mirror": true}
					]
				},
				{
					"name": "fingers_right2",
					"parent": "hand_right2",
					"pivot": [-29.5, 39, 6.5]
				},
				{
					"name": "finger1_right3",
					"parent": "fingers_right2",
					"pivot": [-29.5, 34.5, 6.5],
					"cubes": [
						{"origin": [-32.5, 33.5, 4.5], "size": [3, 2, 2], "inflate": 0.01, "uv": [112, 13], "mirror": true}
					]
				},
				{
					"name": "finger1_right4",
					"parent": "finger1_right3",
					"pivot": [-32.5, 34.5, 6.5],
					"cubes": [
						{"origin": [-36.5, 33.5, 4.5], "size": [4, 2, 2], "uv": [100, 14], "mirror": true}
					]
				},
				{
					"name": "finger2_right3",
					"parent": "fingers_right2",
					"pivot": [-29.5, 37, 6.5],
					"cubes": [
						{"origin": [-33.5, 35.5, 4.5], "size": [4, 3, 2], "inflate": 0.01, "uv": [116, 0], "mirror": true}
					]
				},
				{
					"name": "finger2_right4",
					"parent": "finger2_right3",
					"pivot": [-33.5, 37, 6.5],
					"cubes": [
						{"origin": [-37.5, 35.5, 4.5], "size": [4, 3, 2], "uv": [120, 10], "mirror": true}
					]
				},
				{
					"name": "finger3_right3",
					"parent": "fingers_right2",
					"pivot": [-29.5, 40, 6.5],
					"cubes": [
						{"origin": [-33.5, 38.5, 4.5], "size": [4, 3, 2], "inflate": 0.01, "uv": [82, 58], "mirror": true}
					]
				},
				{
					"name": "finger3_right4",
					"parent": "finger3_right3",
					"pivot": [-33.5, 40, 6.5],
					"cubes": [
						{"origin": [-37.5, 38.5, 4.5], "size": [4, 3, 2], "uv": [82, 63], "mirror": true}
					]
				},
				{
					"name": "finger4_right3",
					"parent": "fingers_right2",
					"pivot": [-29.5, 43, 6.5],
					"cubes": [
						{"origin": [-33.5, 41.5, 4.5], "size": [4, 3, 2], "inflate": 0.01, "uv": [0, 93], "mirror": true}
					]
				},
				{
					"name": "finger4_right4",
					"parent": "finger4_right3",
					"pivot": [-33.5, 43, 6.5],
					"cubes": [
						{"origin": [-37.5, 41.5, 4.5], "size": [4, 3, 2], "uv": [0, 98], "mirror": true}
					]
				},
				{
					"name": "thumb_right3",
					"parent": "hand_right2",
					"pivot": [-24.5, 44, 4],
					"cubes": [
						{"origin": [-28.5, 42.5, 3], "size": [4, 3, 2], "inflate": 0.01, "uv": [136, 21], "mirror": true}
					]
				},
				{
					"name": "thumb_right4",
					"parent": "thumb_right3",
					"pivot": [-28.5, 45.5, 4],
					"cubes": [
						{"origin": [-32.5, 42.5, 3], "size": [4, 3, 2], "uv": [136, 26], "mirror": true}
					]
				},
				{
					"name": "head",
					"parent": "chest",
					"pivot": [0, 29.5, -9.5],
					"cubes": [
						{"origin": [-4.5, 30, -9.5], "size": [9, 6, 9], "pivot": [0, 29.5, -5], "rotation": [0, 180, 0], "uv": [0, 0]}
					]
				},
				{
					"name": "eye",
					"parent": "head",
					"pivot": [0, 46.125, -5.695],
					"cubes": [
						{"origin": [-3, 42.75, -8.1], "size": [6, 6, 6], "uv": [186, 18]}
					]
				},
				{
					"name": "neck_ornaments",
					"parent": "head",
					"pivot": [0, 32, 1]
				},
				{
					"name": "neck_ornament_left",
					"parent": "neck_ornaments",
					"pivot": [4, 33.5, -8.55],
					"rotation": [20, 0, -12.5]
				},
				{
					"name": "neck_ornament_left1",
					"parent": "neck_ornament_left",
					"pivot": [4, 32.25, -9.05],
					"rotation": [0, -3, 0],
					"cubes": [
						{"origin": [4, 31.25, -9.05], "size": [8, 2, 4], "uv": [36, 12]}
					]
				},
				{
					"name": "neck_ornament_left2",
					"parent": "neck_ornament_left",
					"pivot": [4.3, 32.25, -5.8],
					"rotation": [0, -15, 0],
					"cubes": [
						{"origin": [4.5, 31.25, -5.8], "size": [10, 2, 4], "inflate": 0.01, "uv": [36, 6]}
					]
				},
				{
					"name": "neck_ornament_left3",
					"parent": "neck_ornament_left",
					"pivot": [4.4, 32.25, -3.05],
					"rotation": [0, -30, 0],
					"cubes": [
						{"origin": [2.9, 31.25, -3.05], "size": [10, 2, 4], "uv": [36, 0]}
					]
				},
				{
					"name": "neck_ornament_right",
					"parent": "neck_ornaments",
					"pivot": [-4, 33.5, -8.55],
					"rotation": [20, 0, 12.5]
				},
				{
					"name": "neck_ornament_right1",
					"parent": "neck_ornament_right",
					"pivot": [-4, 32.25, -9.05],
					"rotation": [0, 3, 0],
					"cubes": [
						{"origin": [-12, 31.25, -9.05], "size": [8, 2, 4], "uv": [56, 14], "mirror": true}
					]
				},
				{
					"name": "neck_ornament_right2",
					"parent": "neck_ornament_right",
					"pivot": [-4.5, 32.25, -5.8],
					"rotation": [0, 15, 0],
					"cubes": [
						{"origin": [-14.5, 31.25, -5.8], "size": [10, 2, 4], "inflate": 0.01, "uv": [60, 8], "mirror": true}
					]
				},
				{
					"name": "neck_ornament_right3",
					"parent": "neck_ornament_right",
					"pivot": [-4.4, 32.25, -3.05],
					"rotation": [0, 30, 0],
					"cubes": [
						{"origin": [-12.9, 31.25, -3.05], "size": [10, 2, 4], "uv": [60, 2], "mirror": true}
					]
				},
				{
					"name": "crown",
					"parent": "head",
					"pivot": [0, 35.875, -5],
					"cubes": [
						{"origin": [-2, 35.75, -7], "size": [4, 2, 4], "uv": [84, 0]},
						{"origin": [-2, 38, -7], "size": [4, 2, 4], "uv": [84, 0]},
						{"origin": [-3, 37.5, -8], "size": [6, 1, 6], "uv": [96, 3]},
						{"origin": [-4, 39.5, -9], "size": [8, 2, 8], "uv": [92, 0]}
					]
				},
				{
					"name": "bone",
					"parent": "crown",
					"pivot": [0.05582, 45.24, -4.49418],
					"cubes": [
						{"origin": [0.05582, 41.74, -6.49418], "size": [0, 7, 14], "pivot": [0.05582, 45.24, -4.49418], "rotation": [0, 92.5, 0], "uv": [157, 26]}
					]
				},
				{
					"name": "bone3",
					"parent": "crown",
					"pivot": [0.05582, 45.24, -4.49418],
					"rotation": [0, 0, 35],
					"cubes": [
						{"origin": [0.05582, 41.74, -6.49418], "size": [0, 7, 14], "pivot": [0.05582, 45.24, -4.49418], "rotation": [0, -87.5, 0], "uv": [157, 26]}
					]
				},
				{
					"name": "lower_torso",
					"parent": "torso",
					"pivot": [0, 18.5, 5.5],
					"cubes": [
						{"origin": [-9, 8.5, -7.5], "size": [18, 3, 15], "uv": [0, 94]},
						{"origin": [-11, 11, -9.5], "size": [22, 6, 19], "uv": [0, 68]}
					]
				},
				{
					"name": "bolt",
					"parent": "lower_torso",
					"pivot": [-10.00662, 18.245, -8.98162],
					"rotation": [-131.16548, -64.30709, 95.38873],
					"cubes": [
						{"origin": [-10.09501, 16.75, -9.31965], "size": [0, 8, 10], "pivot": [-10.00662, 18.245, -8.98162], "rotation": [26.75, 45, 0], "uv": [119, 100]},
						{"origin": [-10.09501, 24.74, -7.31965], "size": [0, 7, 14], "pivot": [-10.00662, 18.245, -8.98162], "rotation": [26.75, 45, 0], "uv": [119, 88]}
					]
				},
				{
					"name": "bolt2",
					"parent": "lower_torso",
					"pivot": [10.00662, 18.245, -8.98162],
					"rotation": [-131.16548, 64.30709, -95.38873],
					"cubes": [
						{"origin": [10.09501, 24.74, -7.31965], "size": [0, 7, 14], "pivot": [10.00662, 18.245, -8.98162], "rotation": [26.75, -45, 0], "uv": [119, 88], "mirror": true},
						{"origin": [10.09501, 16.75, -9.31965], "size": [0, 8, 10], "pivot": [10.00662, 18.245, -8.98162], "rotation": [26.75, -45, 0], "uv": [119, 100], "mirror": true}
					]
				},
				{
					"name": "torso_jaw",
					"parent": "lower_torso",
					"pivot": [0, 18.5, 9.5],
					"cubes": [
						{"origin": [-11, 17, -9.5], "size": [22, 3, 0], "inflate": 0.01, "uv": [51, 20]},
						{"origin": [-11, 17, 1.5], "size": [22, 3, 8], "uv": [63, 32]},
						{"origin": [11, 17, -9.5], "size": [0, 3, 11], "inflate": 0.01, "uv": [51, 12]},
						{"origin": [-11, 17, -9.5], "size": [0, 3, 11], "inflate": 0.01, "uv": [73, 12], "mirror": true}
					]
				},
				{
					"name": "tail",
					"parent": "lower_torso",
					"pivot": [0, 9, 0],
					"cubes": [
						{"origin": [-4, 5, -8.5], "size": [8, 4, 17], "uv": [116, 0]}
					]
				},
				{
					"name": "tail2",
					"parent": "tail",
					"pivot": [0, 5, 5.5],
					"rotation": [20, 0, 0],
					"cubes": [
						{"origin": [-2.5, 5, -5.5], "size": [5, 3, 11], "uv": [115, 21]}
					]
				},
				{
					"name": "tail3",
					"parent": "tail2",
					"pivot": [0, 5, -5.5],
					"rotation": [-30, 0, 0],
					"cubes": [
						{"origin": [-1, 5, -5.5], "size": [2, 3, 6], "uv": [0, 78]}
					]
				},
				{
					"name": "tail4",
					"parent": "tail3",
					"pivot": [0, 6.5, 0.5],
					"cubes": [
						{"origin": [0, 5, 0.5], "size": [0, 3, 5], "uv": [210, -4]}
					]
				}
			]
		}
	]
}