{
    "target": "cobblemon:piplup",
    "forms": [
    {
      "implemented": true,
      "name": "Coterian",
      "nationalPokedexNumber": 393,
      "primaryType": "ice",
      "abilities": [
        "slushrush",
        "h:icescales"
      ],
      "baseStats": {
        "hp": 53,
        "attack": 61,
        "defence": 40,
        "special_attack": 51,
        "special_defence": 56,
        "speed": 53
      },
      "behaviour": {
        "resting": {
          "canSleep": true,
          "willSleepOnBed": true,
          "depth": "normal",
          "light": "0-4"
        }
      },
      "features": [
      ],
      "catchRate": 45,
      "maleRatio": 0.875,
      "shoulderMountable": false,
      "baseExperienceYield": 58,
      "experienceGroup": "medium_slow",
      "eggCycles": 20,
      "eggGroups": [
        "water_1",
        "field"
      ],
      "moves": [
       "1:pound",
      "4:growl",
      "8:powdersnow",
      "8:watergun",
      "11:charm",
      "11:iceball",
      "15:peck",
      "18:bide",
      "18:icywind",
      "22:bide",
      "22:swagger",
      "25:furyattack",
      "29:avalanche",
      "32:whirlpool",
      "36:mist",
      "39:drillpeck",
      "43:icebeam",
      "50:icehammer",
      "egg:agility",
      "egg:aquaring",
      "egg:bide",
      "egg:doublehit",
      "egg:featherdance",
      "egg:flail",
      "egg:hydropump",
      "egg:icywind",
      "egg:mudslap",
      "egg:mudsport",
      "egg:powertrip",
      "egg:roost",
      "egg:snore",
      "egg:supersonic",
      "egg:yawn",
      "tm:aerialace",
      "tm:agility",
      "tm:attract",
      "tm:blizzard",
      "tm:brickbreak",
      "tm:brine",
      "tm:captivate",
      "tm:charm",
      "tm:chillingwater",
      "tm:confide",
      "tm:cut",
      "tm:defog",
      "tm:dig",
      "tm:disarmingvoice",
      "tm:dive",
      "tm:doubleteam",
      "tm:echoedvoice",
      "tm:endure",
      "tm:facade",
      "tm:featherdance",
      "tm:fling",
      "tm:flipturn",
      "tm:frustration",
      "tm:grassknot",
      "tm:hail",
      "tm:haze",
      "tm:helpinghand",
      "tm:hiddenpower",
      "tm:hydropump",
      "tm:icebeam",
      "tm:icespinner",
      "tm:icywind",
      "tm:liquidation",
      "tm:naturalgift",
      "tm:pluck",
      "tm:protect",
      "tm:psychup",
      "tm:quash",
      "tm:raindance",
      "tm:rest",
      "tm:return",
      "tm:rocktomb",
      "tm:round",
      "tm:scald",
      "tm:secretpower",
      "tm:sleeptalk",
      "tm:snowscape",
      "tm:stealthrock",
      "tm:substitute",
      "tm:surf",
      "tm:swagger",
      "tm:swift",
      "tm:terablast",
      "tm:toxic",
      "tm:tripleaxel",
      "tm:waterfall",
      "tm:waterpledge",
      "tm:waterpulse",
      "tm:weatherball",
      "tm:whirlpool",
      "tm:workup",
      "tutor:bubble",
      "tutor:bubblebeam",
      "tutor:covet",
      "tutor:defog",
      "tutor:dive",
      "tutor:drillpeck",
      "tutor:featherdance",
      "tutor:growl",
      "tutor:headbutt",
      "tutor:hydropump",
      "tutor:icywind",
      "tutor:mudslap",
      "tutor:peck",
      "tutor:return",
      "tutor:round",
      "tutor:signalbeam",
      "tutor:sing",
      "tutor:sleeptalk",
      "tutor:snore",
      "tutor:stealthrock",
      "tutor:waterpledge",
      "tutor:waterpulse",
      "tutor:watersport",
      "tutor:whirlpool",
      "tutor:knockoff",
      "tutor:suckerpunch"
      ],
      "labels": [
        "gen4",
        "coterian"
      ],
      "pokedex": [
        "cobblemon.species.piplup.desc"
      ],
      "aspects": [
        "coterian"
      ],
      "evolutions": [
        {
          "id": "piplup_prinplup_coterean",
          "variant": "level_up",
          "result": "prinplup form=coterian",
          "consumeHeldItem": false,
          "learnableMoves": [
            "feintattack"
          ],
          "requirements": [
            {
              "variant": "level",
              "minLevel": 16
            }
          ]
        }
      ],
      "baseScale": 0.6,
      "hitbox": {
        "width": 0.65,
        "height": 1.05,
        "fixed": false
      },
      "baseFriendship": 70,
      "evYield": {
        "hp": 0,
        "attack": 0,
        "defence": 0,
        "special_attack": 1,
        "special_defence": 0,
        "speed": 0
      },
      "height": 4,
      "weight": 52,
      "cannotDynamax": false
    }
  ]
}