{
	"format_version": "1.12.0",
	"minecraft:geometry": [
		{
			"description": {
				"identifier": "geometry.umamirage",
				"texture_width": 256,
				"texture_height": 256,
				"visible_bounds_width": 4,
				"visible_bounds_height": 4.5,
				"visible_bounds_offset": [0, 1.75, 0]
			},
			"bones": [
				{
					"name": "umamirage",
					"pivot": [0, 0, 0]
				},
				{
					"name": "bowl",
					"parent": "umamirage",
					"pivot": [0, 0, 0],
					"cubes": [
						{"origin": [-12.5, 4.5, -11.5], "size": [25, 7, 23], "uv": [0, 0]},
						{"origin": [-9.5, 0, -8.5], "size": [19, 5, 17], "uv": [0, 62]}
					]
				},
				{
					"name": "foodbits",
					"parent": "bowl",
					"pivot": [-0.06777, 10.81529, 1.78652],
					"cubes": [
						{"origin": [9.1, 9.8, 6.6], "size": [4, 4, 4], "pivot": [10.6, 12.3, 8.1], "rotation": [-7.59001, 15.81499, 123.94427], "uv": [0, 32]},
						{"origin": [8.9, 10, -7.4], "size": [3, 3, 3], "pivot": [10.4, 11.5, -5.9], "rotation": [-7.59001, 15.81499, 123.94427], "uv": [0, 9]},
						{"origin": [-0.1, 10, -10.4], "size": [3, 3, 3], "pivot": [1.4, 11.5, -8.9], "rotation": [-17.5, 0, 60], "uv": [0, 9]},
						{"origin": [-4.2, 10, -10.5], "size": [4, 4, 4], "pivot": [-1.7, 11.5, -8], "rotation": [20, 0, 60], "uv": [0, 0]},
						{"origin": [-11.9, 10, -7.4], "size": [3, 3, 3], "pivot": [-10.4, 11.5, -5.9], "rotation": [-7.59001, -15.81499, -123.94427], "uv": [0, 15], "mirror": true},
						{"origin": [-13.1, 9.8, 6.6], "size": [4, 4, 4], "pivot": [-10.6, 12.3, 8.1], "rotation": [-7.59001, -15.81499, -123.94427], "uv": [0, 32], "mirror": true},
						{"origin": [-1.8, 11.4, 7.5], "size": [4, 4, 4], "pivot": [0.7, 13.9, 9], "rotation": [-45.9477, 7.30111, -36.02406], "uv": [0, 0], "mirror": true},
						{"origin": [-2.6, 10.2, 7.7], "size": [3, 3, 3], "pivot": [-1.1, 11.7, 9.2], "rotation": [-7.59001, -15.81499, -123.94427], "uv": [0, 9], "mirror": true},
						{"origin": [-11.1, 9.8, 4.6], "size": [3, 3, 3], "pivot": [-9.6, 11.3, 6.1], "rotation": [-7.59001, -15.81499, -123.94427], "uv": [0, 15], "mirror": true},
						{"origin": [8.1, 9.8, 4.6], "size": [3, 3, 3], "pivot": [9.6, 11.3, 6.1], "rotation": [-7.59001, 15.81499, 123.94427], "uv": [0, 15]}
					]
				},
				{
					"name": "body",
					"parent": "bowl",
					"pivot": [0, 9.5, 0],
					"cubes": [
						{"origin": [-9, 9.5, -7], "size": [18, 8, 14], "uv": [73, 31]}
					]
				},
				{
					"name": "kelptacleright",
					"parent": "body",
					"pivot": [-3.5, 11.6, 7],
					"cubes": [
						{"origin": [-5, 11.6, 7], "size": [3, 0, 7], "uv": [126, 64]}
					]
				},
				{
					"name": "kelptacleright2",
					"parent": "kelptacleright",
					"pivot": [-3.5, 11.6, 14],
					"cubes": [
						{"origin": [-5, 11.6, 14], "size": [3, 0, 5], "inflate": 0.01, "uv": [47, 96]}
					]
				},
				{
					"name": "kelptacleright3",
					"parent": "kelptacleright2",
					"pivot": [-3.5, 11.6, 19],
					"cubes": [
						{"origin": [-5, 11.6, 19], "size": [3, 0, 4], "uv": [31, 105]}
					]
				},
				{
					"name": "kelptacleright4",
					"parent": "kelptacleright3",
					"pivot": [-3.5, 11.6, 23],
					"cubes": [
						{"origin": [-5, 11.6, 23], "size": [3, 0, 4], "inflate": 0.01, "uv": [31, 110]}
					]
				},
				{
					"name": "kelptacleright5",
					"parent": "kelptacleright4",
					"pivot": [-3.5, 11.6, 27],
					"cubes": [
						{"origin": [-5, 11.6, 27], "size": [3, 0, 3], "uv": [33, 115]}
					]
				},
				{
					"name": "kelptacleright6",
					"parent": "kelptacleright5",
					"pivot": [-3.5, 11.6, 30],
					"cubes": [
						{"origin": [-5, 11.6, 30], "size": [3, 0, 3], "inflate": 0.01, "uv": [125, 107]}
					]
				},
				{
					"name": "kelptacleright7",
					"parent": "body",
					"pivot": [-8.5, 11.6, -2],
					"rotation": [0, 90, 0],
					"cubes": [
						{"origin": [-10, 11.6, -9], "size": [3, 0, 7], "uv": [60, 130]}
					]
				},
				{
					"name": "kelptacleright8",
					"parent": "kelptacleright7",
					"pivot": [-8.5, 11.6, -9],
					"cubes": [
						{"origin": [-10, 11.6, -14], "size": [3, 0, 5], "inflate": 0.01, "uv": [128, 24]}
					]
				},
				{
					"name": "kelptacleright9",
					"parent": "kelptacleright8",
					"pivot": [-8.5, 11.6, -14],
					"cubes": [
						{"origin": [-10, 11.6, -18], "size": [3, 0, 4], "uv": [136, 16]}
					]
				},
				{
					"name": "kelptacleright10",
					"parent": "kelptacleright9",
					"pivot": [-8.5, 11.6, -18],
					"cubes": [
						{"origin": [-10, 11.6, -22], "size": [3, 0, 4], "inflate": 0.01, "uv": [81, 136]}
					]
				},
				{
					"name": "kelptacleright11",
					"parent": "kelptacleright10",
					"pivot": [-8.5, 11.6, -22],
					"cubes": [
						{"origin": [-10, 11.6, -25], "size": [3, 0, 3], "uv": [17, 141]}
					]
				},
				{
					"name": "kelptacleright12",
					"parent": "kelptacleright11",
					"pivot": [-8.5, 11.6, -25],
					"cubes": [
						{"origin": [-10, 11.6, -28], "size": [3, 0, 3], "inflate": 0.01, "uv": [74, 141]}
					]
				},
				{
					"name": "kelptacleleft7",
					"parent": "body",
					"pivot": [8.5, 11.6, -2],
					"rotation": [0, -90, 0],
					"cubes": [
						{"origin": [7, 11.6, -9], "size": [3, 0, 7], "uv": [60, 130], "mirror": true}
					]
				},
				{
					"name": "kelptacleleft8",
					"parent": "kelptacleleft7",
					"pivot": [8.5, 11.6, -9],
					"cubes": [
						{"origin": [7, 11.6, -14], "size": [3, 0, 5], "inflate": 0.01, "uv": [128, 24], "mirror": true}
					]
				},
				{
					"name": "kelptacleleft9",
					"parent": "kelptacleleft8",
					"pivot": [8.5, 11.6, -14],
					"cubes": [
						{"origin": [7, 11.6, -18], "size": [3, 0, 4], "uv": [136, 16], "mirror": true}
					]
				},
				{
					"name": "kelptacleleft10",
					"parent": "kelptacleleft9",
					"pivot": [8.5, 11.6, -18],
					"cubes": [
						{"origin": [7, 11.6, -22], "size": [3, 0, 4], "inflate": 0.01, "uv": [81, 136], "mirror": true}
					]
				},
				{
					"name": "kelptacleleft11",
					"parent": "kelptacleleft10",
					"pivot": [8.5, 11.6, -22],
					"cubes": [
						{"origin": [7, 11.6, -25], "size": [3, 0, 3], "uv": [17, 141], "mirror": true}
					]
				},
				{
					"name": "kelptacleleft12",
					"parent": "kelptacleleft11",
					"pivot": [8.5, 11.6, -25],
					"cubes": [
						{"origin": [7, 11.6, -28], "size": [3, 0, 3], "inflate": 0.01, "uv": [74, 141], "mirror": true}
					]
				},
				{
					"name": "kelptacleright13",
					"parent": "body",
					"pivot": [-8.5, 11.6, 3],
					"rotation": [0, 90, 0],
					"cubes": [
						{"origin": [-10, 11.6, -4], "size": [3, 0, 7], "uv": [21, 133]}
					]
				},
				{
					"name": "kelptacleright14",
					"parent": "kelptacleright13",
					"pivot": [-8.5, 11.6, -4],
					"cubes": [
						{"origin": [-10, 11.6, -9], "size": [3, 0, 5], "inflate": 0.01, "uv": [42, 133]}
					]
				},
				{
					"name": "kelptacleright15",
					"parent": "kelptacleright14",
					"pivot": [-8.5, 11.6, -9],
					"cubes": [
						{"origin": [-10, 11.6, -13], "size": [3, 0, 4], "uv": [138, 30]}
					]
				},
				{
					"name": "kelptacleright16",
					"parent": "kelptacleright15",
					"pivot": [-8.5, 11.6, -13],
					"cubes": [
						{"origin": [-10, 11.6, -17], "size": [3, 0, 4], "inflate": 0.01, "uv": [138, 35]}
					]
				},
				{
					"name": "kelptacleright17",
					"parent": "kelptacleright16",
					"pivot": [-8.5, 11.6, -17],
					"cubes": [
						{"origin": [-10, 11.6, -20], "size": [3, 0, 3], "uv": [87, 141]}
					]
				},
				{
					"name": "kelptacleright18",
					"parent": "kelptacleright17",
					"pivot": [-8.5, 11.6, -20],
					"cubes": [
						{"origin": [-10, 11.6, -23], "size": [3, 0, 3], "inflate": 0.01, "uv": [0, 142]}
					]
				},
				{
					"name": "kelptacleleft13",
					"parent": "body",
					"pivot": [8.5, 11.6, 3],
					"rotation": [0, -90, 0],
					"cubes": [
						{"origin": [7, 11.6, -4], "size": [3, 0, 7], "uv": [21, 133], "mirror": true}
					]
				},
				{
					"name": "kelptacleleft14",
					"parent": "kelptacleleft13",
					"pivot": [8.5, 11.6, -4],
					"cubes": [
						{"origin": [7, 11.6, -9], "size": [3, 0, 5], "inflate": 0.01, "uv": [42, 133], "mirror": true}
					]
				},
				{
					"name": "kelptacleleft15",
					"parent": "kelptacleleft14",
					"pivot": [8.5, 11.6, -9],
					"cubes": [
						{"origin": [7, 11.6, -13], "size": [3, 0, 4], "uv": [138, 30], "mirror": true}
					]
				},
				{
					"name": "kelptacleleft16",
					"parent": "kelptacleleft15",
					"pivot": [8.5, 11.6, -13],
					"cubes": [
						{"origin": [7, 11.6, -17], "size": [3, 0, 4], "inflate": 0.01, "uv": [138, 35], "mirror": true}
					]
				},
				{
					"name": "kelptacleleft17",
					"parent": "kelptacleleft16",
					"pivot": [8.5, 11.6, -17],
					"cubes": [
						{"origin": [7, 11.6, -20], "size": [3, 0, 3], "uv": [87, 141], "mirror": true}
					]
				},
				{
					"name": "kelptacleleft18",
					"parent": "kelptacleleft17",
					"pivot": [8.5, 11.6, -20],
					"cubes": [
						{"origin": [7, 11.6, -23], "size": [3, 0, 3], "inflate": 0.01, "uv": [0, 142], "mirror": true}
					]
				},
				{
					"name": "kelptacleleft",
					"parent": "body",
					"pivot": [3.5, 11.6, 7],
					"cubes": [
						{"origin": [2, 11.6, 7], "size": [3, 0, 7], "uv": [126, 64], "mirror": true}
					]
				},
				{
					"name": "kelptacleleft2",
					"parent": "kelptacleleft",
					"pivot": [3.5, 11.6, 14],
					"cubes": [
						{"origin": [2, 11.6, 14], "size": [3, 0, 5], "inflate": 0.01, "uv": [47, 96], "mirror": true}
					]
				},
				{
					"name": "kelptacleleft3",
					"parent": "kelptacleleft2",
					"pivot": [3.5, 11.6, 19],
					"cubes": [
						{"origin": [2, 11.6, 19], "size": [3, 0, 4], "uv": [31, 105], "mirror": true}
					]
				},
				{
					"name": "kelptacleleft4",
					"parent": "kelptacleleft3",
					"pivot": [3.5, 11.6, 23],
					"cubes": [
						{"origin": [2, 11.6, 23], "size": [3, 0, 4], "inflate": 0.01, "uv": [31, 110], "mirror": true}
					]
				},
				{
					"name": "kelptacleleft5",
					"parent": "kelptacleleft4",
					"pivot": [3.5, 11.6, 27],
					"cubes": [
						{"origin": [2, 11.6, 27], "size": [3, 0, 3], "uv": [33, 115], "mirror": true}
					]
				},
				{
					"name": "kelptacleleft6",
					"parent": "kelptacleleft5",
					"pivot": [3.5, 11.6, 30],
					"cubes": [
						{"origin": [2, 11.6, 30], "size": [3, 0, 3], "inflate": 0.01, "uv": [125, 107], "mirror": true}
					]
				},
				{
					"name": "head",
					"parent": "body",
					"pivot": [0, 16.5, 0],
					"cubes": [
						{"origin": [-10, 12.5, -8], "size": [20, 14, 16], "uv": [0, 31]}
					]
				},
				{
					"name": "eyes_swirl",
					"parent": "head",
					"pivot": [0, 18.5, -4.5],
					"cubes": [
						{"origin": [-10, 14.5, -8], "size": [20, 8, 7], "inflate": 0.01, "uv": [87, 160]}
					]
				},
				{
					"name": "eyes_closed",
					"parent": "head",
					"pivot": [0, 18.5, -4.5],
					"cubes": [
						{"origin": [-10, 14.5, -8], "size": [20, 8, 7], "inflate": 0.01, "uv": [125, 186]}
					]
				},
				{
					"name": "eyes_wince",
					"parent": "head",
					"pivot": [0, 18.5, -4.5],
					"cubes": [
						{"origin": [-10, 14.5, -8], "size": [20, 8, 7], "inflate": 0.01, "uv": [126, 208]}
					]
				},
				{
					"name": "eyes_happy",
					"parent": "head",
					"pivot": [0, 18.5, -4.5],
					"cubes": [
						{"origin": [-10, 14.5, -8], "size": [20, 8, 7], "inflate": 0.01, "uv": [132, 161]}
					]
				},
				{
					"name": "fin",
					"parent": "head",
					"pivot": [0, 26.5, 0],
					"cubes": [
						{"origin": [-7, 22.5, -6], "size": [14, 11, 12], "uv": [73, 54]},
						{"origin": [-12, 27.5, 0], "size": [24, 24, 0], "inflate": 0.01, "uv": [73, 78], "mirror": true},
						{"origin": [-4.70711, 24.5, -6], "size": [9, 9, 0], "inflate": 0.02, "pivot": [-0.70711, 28.5, -2.5], "rotation": [0, 0, 45], "uv": [105, 189]}
					]
				},
				{
					"name": "sidefin_left",
					"parent": "fin",
					"pivot": [8, 37.5, 0],
					"cubes": [
						{"origin": [6, 20.5, 0], "size": [24, 24, 0], "pivot": [18, 17.5, 0], "rotation": [0, 0, -32.5], "uv": [181, 98]}
					]
				},
				{
					"name": "sidefin_right",
					"parent": "fin",
					"pivot": [-8, 37.5, 0],
					"cubes": [
						{"origin": [-30, 20.5, 0], "size": [24, 24, 0], "pivot": [-18, 17.5, 0], "rotation": [0, 0, 32.5], "uv": [181, 98], "mirror": true}
					]
				},
				{
					"name": "fin_left",
					"parent": "fin",
					"pivot": [5, 44, 0],
					"cubes": [
						{"origin": [5, 40.5, 0], "size": [12, 7, 0], "inflate": 0.02, "uv": [176, 134]}
					]
				},
				{
					"name": "fin_right",
					"parent": "fin",
					"pivot": [-5, 44, 0],
					"cubes": [
						{"origin": [-17, 40.5, 0], "size": [12, 7, 0], "inflate": 0.02, "uv": [176, 134], "mirror": true}
					]
				},
				{
					"name": "tentacleleft",
					"parent": "body",
					"pivot": [4.5, 11, -5],
					"rotation": [0, -35, 0],
					"cubes": [
						{"origin": [3, 9.5, -15], "size": [3, 3, 10], "uv": [33, 119]}
					]
				},
				{
					"name": "tentacleleft2",
					"parent": "tentacleleft",
					"pivot": [4.5, 11, -15],
					"cubes": [
						{"origin": [3, 9.5, -21], "size": [3, 3, 6], "uv": [125, 97]}
					]
				},
				{
					"name": "tentacleleft3",
					"parent": "tentacleleft2",
					"pivot": [4.5, 11, -20],
					"cubes": [
						{"origin": [2.5, 9, -27], "size": [4, 4, 7], "uv": [122, 85]}
					]
				},
				{
					"name": "tentacleleft4",
					"parent": "tentacleleft3",
					"pivot": [4.4, 11, -26],
					"cubes": [
						{"origin": [0.2, 10.2765, -35], "size": [5, 0, 9], "pivot": [-0.8, 10.2765, -30.5], "rotation": [0, 0, -27.5], "uv": [87, 0]},
						{"origin": [4.06918, 11.2, -35], "size": [5, 0, 9], "pivot": [8.06918, 11.2, -30.5], "rotation": [0, 0, 27.5], "uv": [102, 0]}
					]
				},
				{
					"name": "tentacleleft5",
					"parent": "tentacleleft4",
					"pivot": [4.5, 13, -35],
					"cubes": [
						{"origin": [0.74333, 12.1109, -42.01], "size": [4, 0, 7], "inflate": 0.01, "pivot": [2.74333, 12.1109, -38.01], "rotation": [0, 0, -27.5], "uv": [-4, 106]},
						{"origin": [4.29988, 12.1109, -42.01], "size": [4, 0, 7], "inflate": 0.01, "pivot": [6.29988, 12.1109, -38.01], "rotation": [0, 0, 27.5], "uv": [4, 106]}
					]
				},
				{
					"name": "tentacleleft6",
					"parent": "tentacleleft5",
					"pivot": [4.5, 13, -42],
					"cubes": [
						{"origin": [4.0029, 12.92911, -48.02], "size": [3, 0, 6], "pivot": [4.5029, 11.92911, -42.52], "rotation": [0, 0, 27.5], "uv": [50, 86]},
						{"origin": [1.92732, 13.39086, -48.02], "size": [3, 0, 6], "pivot": [5.42732, 12.39086, -42.52], "rotation": [0, 0, -27.5], "uv": [44, 86]}
					]
				},
				{
					"name": "tentacleleft7",
					"parent": "tentacleleft6",
					"pivot": [4.5, 13, -48],
					"cubes": [
						{"origin": [4.46465, 12.81612, -57.02], "size": [4, 0, 9], "pivot": [4.96465, 12.81612, -42.52], "rotation": [0, 0, 27.5], "uv": [120, 111]},
						{"origin": [0.57856, 12.81612, -57.02], "size": [4, 0, 9], "pivot": [4.07856, 12.81612, -42.52], "rotation": [0, 0, -27.5], "uv": [144, 135]}
					]
				},
				{
					"name": "tentacleright",
					"parent": "body",
					"pivot": [-4.5, 11, -5],
					"rotation": [0, 35, 0],
					"cubes": [
						{"origin": [-6, 9.5, -15], "size": [3, 3, 10], "uv": [33, 119], "mirror": true}
					]
				},
				{
					"name": "tentacleright2",
					"parent": "tentacleright",
					"pivot": [-4.5, 11, -15],
					"cubes": [
						{"origin": [-6, 9.5, -21], "size": [3, 3, 6], "uv": [125, 97], "mirror": true}
					]
				},
				{
					"name": "tentacleright3",
					"parent": "tentacleright2",
					"pivot": [-4.5, 11, -20],
					"cubes": [
						{"origin": [-6.5, 9, -27], "size": [4, 4, 7], "uv": [122, 85], "mirror": true}
					]
				},
				{
					"name": "tentacleright4",
					"parent": "tentacleright3",
					"pivot": [-4.4, 11, -26],
					"cubes": [
						{"origin": [-5.2, 10.2765, -35], "size": [5, 0, 9], "pivot": [0.8, 10.2765, -30.5], "rotation": [0, 0, 27.5], "uv": [87, 0], "mirror": true},
						{"origin": [-9.06918, 11.2, -35], "size": [5, 0, 9], "pivot": [-8.06918, 11.2, -30.5], "rotation": [0, 0, -27.5], "uv": [102, 0], "mirror": true}
					]
				},
				{
					"name": "tentacleright5",
					"parent": "tentacleright4",
					"pivot": [-4.5, 13, -35],
					"cubes": [
						{"origin": [-4.74333, 12.1109, -42.01], "size": [4, 0, 7], "inflate": 0.01, "pivot": [-2.74333, 12.1109, -38.01], "rotation": [0, 0, 27.5], "uv": [-4, 106], "mirror": true},
						{"origin": [-8.29988, 12.1109, -42.01], "size": [4, 0, 7], "inflate": 0.01, "pivot": [-6.29988, 12.1109, -38.01], "rotation": [0, 0, -27.5], "uv": [4, 106], "mirror": true}
					]
				},
				{
					"name": "tentacleright6",
					"parent": "tentacleright5",
					"pivot": [-4.5, 13, -42],
					"cubes": [
						{"origin": [-7.0029, 12.92911, -48.02], "size": [3, 0, 6], "pivot": [-4.5029, 11.92911, -42.52], "rotation": [0, 0, -27.5], "uv": [50, 86], "mirror": true},
						{"origin": [-4.92732, 13.39086, -48.02], "size": [3, 0, 6], "pivot": [-5.42732, 12.39086, -42.52], "rotation": [0, 0, 27.5], "uv": [44, 86], "mirror": true}
					]
				},
				{
					"name": "tentacleright7",
					"parent": "tentacleright6",
					"pivot": [-4.5, 13, -48],
					"cubes": [
						{"origin": [-8.46465, 12.81612, -57.02], "size": [4, 0, 9], "pivot": [-4.96465, 12.81612, -42.52], "rotation": [0, 0, -27.5], "uv": [120, 111], "mirror": true},
						{"origin": [-4.57856, 12.81612, -57.02], "size": [4, 0, 9], "pivot": [-4.07856, 12.81612, -42.52], "rotation": [0, 0, 27.5], "uv": [144, 135], "mirror": true}
					]
				}
			]
		}
	]
}