{
	"format_version": "1.8.0",
	"animations": {
		"animation.limonzal.air_idle": {
			"loop": true,
			"bones": {
				"leaves_left": {
					"rotation": ["-Math.sin((query.anim_time-0.6) * 90 * 4*2) * 5", 0, 0]
				},
				"leaves_middle": {
					"rotation": ["-Math.sin((query.anim_time-0.6) * 90 * 4*2) * 5", 0, 0]
				},
				"leaves_right": {
					"rotation": ["-Math.sin((query.anim_time-0.6) * 90 * 4*2) * 5", 0, 0]
				},
				"neck": {
					"rotation": ["1+Math.cos((query.anim_time-0.6) * 90 * 4*2) * -2", 0, 0]
				},
				"torso_top": {
					"rotation": ["Math.cos((query.anim_time-0.55) * 90 * 4*2) * 3", 0, 0]
				},
				"belly": {
					"rotation": ["Math.cos((query.anim_time-0.4) * 90 * 4*2) * 2", 0, 0]
				},
				"tail": {
					"rotation": ["-6.5+Math.cos((query.anim_time-0.2) * 90 * 4*2-30) * -4", 0, 0]
				},
				"tail_end": {
					"rotation": ["13.5+Math.cos((query.anim_time-0.2) * 90 * 4*2-30) * -4", 0, 0]
				},
				"turbine": {
					"rotation": [0, 0, 0]
				},
				"leg_left": {
					"rotation": ["-7+Math.sin((query.anim_time-0.6) * 90 * 4*2) * 5", 0, 0]
				},
				"leg_left2": {
					"rotation": [40, 0, 0]
				},
				"talon_left_inner": {
					"rotation": [42.5, 0, 0]
				},
				"talon_left_outer": {
					"rotation": [42.5, 0, 0]
				},
				"talon_left_back": {
					"rotation": [-40, 0, 0]
				},
				"leg_right": {
					"rotation": ["-7+Math.sin((query.anim_time-0.6) * 90 * 4*2) * 5", 0, 0]
				},
				"leg_right2": {
					"rotation": [40, 0, 0]
				},
				"talon_right_outer": {
					"rotation": [42.5, 0, 0]
				},
				"talon_right_inner": {
					"rotation": [42.5, 0, 0]
				},
				"talon_right_back": {
					"rotation": [-42.5, 0, 0]
				},
				"head": {
					"rotation": ["11+Math.cos((query.anim_time-0.6) * 90 * 4*2) * 1", "Math.cos((query.anim_time-0.6) * 90 * 4*2) * 1", 0],
					"position": [0, -0.25, 0]
				},
				"leaf_small": {
					"rotation": ["Math.cos((query.anim_time-0.6) * 90 * 4*2) * 4", "-Math.cos((query.anim_time-0.6) * 90 * 4*2) * 8", 0]
				},
				"leaf_big": {
					"rotation": ["Math.cos((query.anim_time-0.6) * 90 * 4*2) * 4", "Math.cos((query.anim_time-0.6) * 90 * 4*2) * 4", 0]
				},
				"wing_top_left": {
					"rotation": [0, "-Math.sin((query.anim_time) * 90* 15) * 30", 0]
				},
				"wing_bottom_right": {
					"rotation": [0, "Math.sin((query.anim_time) * 90* 15) * 30", 0]
				},
				"wing_bottom_left": {
					"rotation": [0, "-Math.sin((query.anim_time) * 90* 15) * 30", 0]
				},
				"wing_top_right": {
					"rotation": [0, "Math.sin((query.anim_time) * 90* 15) * 30", 0]
				},
				"beak3": {
					"rotation": ["Math.cos((query.anim_time-0.2) * 90 * 4*2-30) * -4", "Math.cos((query.anim_time-0.2) * 90 * 4*2-30) * -1", 0]
				},
				"beak4": {
					"rotation": ["Math.cos((query.anim_time-0.2) * 90 * 4*2-30) * -4", "Math.cos((query.anim_time-0.2) * 90 * 4*2-30) * -1", 0]
				},
				"beak5": {
					"rotation": ["Math.cos((query.anim_time-0.2) * 90 * 4*2-30) * -4", "Math.cos((query.anim_time-0.2) * 90 * 4*2-30) * -1", 0]
				},
				"arm_left": {
					"rotation": ["75+Math.cos((query.anim_time-0.4) * 90 * 4*2) * 4", "3+Math.cos((query.anim_time-0.4) * 90 * 4*2) * 1", 0]
				},
				"arm_right": {
					"rotation": ["75+Math.cos((query.anim_time-0.4) * 90 * 4*2) * 4", "-3+Math.cos((query.anim_time-0.4) * 90 * 4*2) * 1", 0]
				},
				"body": {
					"rotation": ["Math.cos((query.anim_time-0.3) * 90 * 4*2+10) * 2", 0, "Math.cos((query.anim_time-0.5) * 90 * 4) * 2"],
					"position": [0, "1.5+Math.cos((query.anim_time) * 90 * 6*2) * 0.8", 0]
				},
				"wing_top_left2": {
					"rotation": ["Math.sin((query.anim_time) * 90* 15) * 30", "-Math.sin((query.anim_time) * 90* 15) * 30", 0]
				},
				"wing_top_right2": {
					"rotation": ["Math.sin((query.anim_time) * 90* 15) * 30", "Math.sin((query.anim_time) * 90* 15) * 30", 0]
				},
				"tail_base": {
					"rotation": [-2.5, 0, 0]
				}
			}
		},
		"animation.limonzal.air_fly": {
			"loop": true,
			"bones": {
				"body": {
					"rotation": [47.5, 0, 0],
					"position": [
						"Math.sin((query.anim_time) * 360* 2) * 0.1",
						"1+Math.sin((query.anim_time) * 180* 7.5) * 0.5",
						"6.75+Math.sin((query.anim_time) * 360* 2) * 0.1"
					]
				},
				"neck": {
					"rotation": ["15+Math.cos((query.anim_time-0.6) * 90 * 4*2) * -2", 0, 0]
				},
				"torso_top": {
					"rotation": ["-15+Math.cos((query.anim_time-0.55) * 90 * 4*2) * 3", 0, 0]
				},
				"belly": {
					"rotation": ["Math.cos((query.anim_time-0.4) * 90 * 4*2) * 2", 0, 0]
				},
				"tail_base": {
					"rotation": ["-45+Math.cos((query.anim_time-0.4) * 90 * 4*2) * 4", 0, 0]
				},
				"tail": {
					"rotation": ["Math.cos((query.anim_time-0.4) * 90 * 4*2-30) * 4", 0, 0]
				},
				"tail_end": {
					"rotation": ["Math.cos((query.anim_time-0.4) * 90 * 4*2-60) * 4", 0, 0]
				},
				"wing_top_left": {
					"rotation": [0, "-Math.sin((query.anim_time) * 90* 15) * 30", 0]
				},
				"wing_top_left2": {
					"rotation": ["Math.sin((query.anim_time) * 90* 15) * 30", "-Math.sin((query.anim_time) * 90* 15) * 30", 0]
				},
				"wing_bottom_right": {
					"rotation": [0, "Math.sin((query.anim_time) * 90* 15) * 30", 0]
				},
				"wing_bottom_left": {
					"rotation": [0, "-Math.sin((query.anim_time) * 90* 15) * 30", 0]
				},
				"wing_top_right": {
					"rotation": [0, "Math.sin((query.anim_time) * 90* 15) * 30", 0]
				},
				"wing_top_right2": {
					"rotation": ["Math.sin((query.anim_time) * 90* 15) * 30", "Math.sin((query.anim_time) * 90* 15) * 30", 0]
				},
				"head": {
					"rotation": [-25, 0, 0],
					"position": [0, 0.75, -0.5]
				},
				"leg_left2": {
					"rotation": [40, 0, 0]
				},
				"talon_left_inner": {
					"rotation": [42.5, 0, 0]
				},
				"talon_left_outer": {
					"rotation": [42.5, 0, 0]
				},
				"talon_left_back": {
					"rotation": [-42.5, 0, 0]
				},
				"leg_right2": {
					"rotation": [40, 0, 0]
				},
				"talon_right_outer": {
					"rotation": [42.5, 0, 0]
				},
				"talon_right_inner": {
					"rotation": [42.5, 0, 0]
				},
				"talon_right_back": {
					"rotation": [-42.5, 0, 0]
				},
				"leaf_big": {
					"rotation": ["Math.cos((query.anim_time-0.6) * 90 * 4*2) * 4", "Math.cos((query.anim_time-0.6) * 90 * 4*2) * 4", 0]
				},
				"leaf_small": {
					"rotation": ["Math.cos((query.anim_time-0.6) * 90 * 4*2) * 4", "-Math.cos((query.anim_time-0.6) * 90 * 4*2) * 8", 0]
				},
				"leaves_left": {
					"rotation": ["-Math.sin((query.anim_time-0.6) * 90 * 4*2) * 5", 0, 0]
				},
				"leaves_middle": {
					"rotation": ["-Math.sin((query.anim_time-0.6) * 90 * 4*2) * 5", 0, 0]
				},
				"leaves_right": {
					"rotation": ["-Math.sin((query.anim_time-0.6) * 90 * 4*2) * 5", 0, 0]
				},
				"beak3": {
					"rotation": ["Math.cos((query.anim_time-0.2) * 90 * 4*2-30) * -4", "Math.cos((query.anim_time-0.2) * 90 * 4*2-30) * -1", 0]
				},
				"beak4": {
					"rotation": ["Math.cos((query.anim_time-0.2) * 90 * 4*2-30) * -4", "Math.cos((query.anim_time-0.2) * 90 * 4*2-30) * -1", 0]
				},
				"beak5": {
					"rotation": ["Math.cos((query.anim_time-0.2) * 90 * 4*2-30) * -4", "Math.cos((query.anim_time-0.2) * 90 * 4*2-30) * -1", 0]
				},
				"leg_left": {
					"rotation": ["-7+Math.sin((query.anim_time-0.6) * 90 * 4*2) * 5", 0, 0]
				},
				"leg_right": {
					"rotation": ["-7+Math.sin((query.anim_time-0.6) * 90 * 4*2) * 5", 0, 0]
				},
				"arm_left": {
					"rotation": ["0+Math.cos((query.anim_time-0.4) * 90 * 4*2) * 8", "3+Math.cos((query.anim_time-0.4) * 90 * 4*2) * 4", 0]
				},
				"arm_right": {
					"rotation": ["0+Math.cos((query.anim_time-0.4) * 90 * 4*2) * 8", "-3+Math.cos((query.anim_time-0.4) * 90 * 4*2) * 4", 0]
				}
			}
		},
		"animation.limonzal.quirk": {
			"animation_length": 0.625,
			"bones": {
				"jaw": {
					"rotation": {
						"0.0": {
							"post": [0, 0, 0],
							"lerp_mode": "catmullrom"
						},
						"0.3333": {
							"post": [32.5, 0, 0],
							"lerp_mode": "catmullrom"
						},
						"0.625": {
							"post": [0, 0, 0],
							"lerp_mode": "catmullrom"
						}
					}
				},
				"beak2": {
					"rotation": {
						"0.0": {
							"post": [0, 0, 0],
							"lerp_mode": "catmullrom"
						},
						"0.25": {
							"post": [-10, 0, 0],
							"lerp_mode": "catmullrom"
						},
						"0.5": {
							"post": [0, 0, 0],
							"lerp_mode": "catmullrom"
						}
					}
				},
				"beak3": {
					"rotation": {
						"0.0": {
							"post": [0, 0, 0],
							"lerp_mode": "catmullrom"
						},
						"0.2917": {
							"post": [-7.5, 0, 0],
							"lerp_mode": "catmullrom"
						},
						"0.5417": {
							"post": [0, 0, 0],
							"lerp_mode": "catmullrom"
						}
					}
				},
				"beak4": {
					"rotation": {
						"0.0": {
							"post": [0, 0, 0],
							"lerp_mode": "catmullrom"
						},
						"0.3333": {
							"post": [-20, 0, 0],
							"lerp_mode": "catmullrom"
						},
						"0.5833": {
							"post": [0, 0, 0],
							"lerp_mode": "catmullrom"
						}
					}
				},
				"beak5": {
					"rotation": {
						"0.0": {
							"post": [0, 0, 0],
							"lerp_mode": "catmullrom"
						},
						"0.375": {
							"post": [-25, 0, 0],
							"lerp_mode": "catmullrom"
						},
						"0.625": {
							"post": [0, 0, 0],
							"lerp_mode": "catmullrom"
						}
					}
				}
			}
		},
		"animation.limonzal.sleep": {
			"loop": true,
			"bones": {
				"leaves_left": {
					"rotation": [7.5, "37.5+Math.cos((query.anim_time-0.9) * 90 * 2) * 0.8", 0]
				},
				"leaves_middle": {
					"rotation": [0, "37.5+Math.cos((query.anim_time-0.9) * 90 * 2) * 0.8", 0]
				},
				"leaves_right": {
					"rotation": ["Math.cos((query.anim_time-0.9) * 90 * 2) * 0.8", 12.5, 0]
				},
				"neck": {
					"rotation": ["Math.cos((query.anim_time-0.9) * 90 * 2) * 0.8", 0, 0]
				},
				"torso_top": {
					"rotation": ["-70+Math.cos((query.anim_time-0.9) * 90 * 2) * 0.08", 0, 0],
					"position": [0, 2.25, 0.25]
				},
				"belly": {
					"rotation": ["-57.4584+Math.cos((query.anim_time-0.9) * 90 * 2) * 0.09", -0.42525, 0.16838],
					"position": [0, 2.5, 0.5]
				},
				"tail": {
					"rotation": ["-55+Math.cos((query.anim_time-0.9) * 90 * 2) * 0.1", 0, 0],
					"position": [0, 2, 1]
				},
				"tail_end": {
					"rotation": ["-57.5+Math.cos((query.anim_time-0.9) * 90 * 2) * 0.1", 0, 0],
					"position": [0, 1.5, 0.25]
				},
				"leg_left": {
					"rotation": [0, 0, 17.5],
					"position": [0, 1, 0]
				},
				"talon_left_inner": {
					"rotation": [42.5, 0, 0]
				},
				"talon_left_outer": {
					"rotation": [42.5, 0, 0]
				},
				"talon_left_back": {
					"rotation": [-42.5, 0, 0]
				},
				"leg_right": {
					"position": [0, 1, 0]
				},
				"talon_right_outer": {
					"rotation": [42.5, 0, 0]
				},
				"talon_right_inner": {
					"rotation": [42.5, 0, 0]
				},
				"talon_right_back": {
					"rotation": [-42.5, 0, 0]
				},
				"head": {
					"rotation": [0, 0, 22.5],
					"position": [0.5, -0.25, 0]
				},
				"leaf_small": {
					"rotation": [0, -102.5, "Math.cos((query.anim_time-0.9) * 90 * 2) * 0.8"]
				},
				"leaf_big": {
					"rotation": [0, -22.5, "Math.cos((query.anim_time-0.9) * 90 * 2) * 0.8"]
				},
				"wing_top_left": {
					"scale": 0
				},
				"wing_bottom_right": {
					"scale": 0
				},
				"wing_bottom_left": {
					"scale": 0
				},
				"wing_top_right": {
					"scale": 0
				},
				"beak3": {
					"rotation": ["Math.cos((query.anim_time-0.9) * 90 * 2) * 0.8", 0, 0]
				},
				"beak4": {
					"rotation": ["Math.cos((query.anim_time-0.9) * 90 * 2) * 0.8", 0, 0]
				},
				"beak5": {
					"rotation": ["Math.cos((query.anim_time-0.9) * 90 * 2) * 0.8", 0, 0]
				},
				"arm_left": {
					"rotation": [30, 0, 0]
				},
				"arm_right": {
					"rotation": [30, 0, 0]
				},
				"body": {
					"rotation": [0, 0, -90],
					"position": [15, 2, 7]
				},
				"tail_base": {
					"rotation": ["-102.5+Math.cos((query.anim_time-0.9) * 90 * 2) * 0.09", 0, 0],
					"position": [0, 3.5, 1.75]
				},
				"blade": {
					"scale": 0
				},
				"blade2": {
					"scale": 0
				},
				"blade3": {
					"scale": 0
				},
				"leaves_head": {
					"position": [0, "0.05+Math.cos((query.anim_time-0.9) * 90 * 2) * 0.25", 0]
				},
				"beak2": {
					"rotation": [-27.5, 0, 0]
				},
				"jaw": {
					"rotation": [-32.5, 0, 0],
					"position": [0, -0.25, 0.75]
				},
				"eye_left": {
					"scale": [0, 0, 1]
				},
				"eye_right": {
					"scale": [0, 0, 1]
				},
				"legs": {
					"rotation": [-157.5, 0, 0],
					"position": [0, 17, -9]
				},
				"head_main": {
					"scale": [1, "1+Math.cos((query.anim_time-0.9) * 90 * 2) * 0.025", 1]
				}
			}
		},
		"animation.limonzal.cry": {
			"animation_length": 0.5417,
			"bones": {
				"head": {
					"rotation": {
						"0.0": {
							"post": [0, 0, 0],
							"lerp_mode": "catmullrom"
						},
						"0.0417": {
							"post": [7.5, 0, 0],
							"lerp_mode": "catmullrom"
						},
						"0.3333": {
							"post": [7.5, 0, 0],
							"lerp_mode": "catmullrom"
						},
						"0.5417": {
							"post": [0, 0, 0],
							"lerp_mode": "catmullrom"
						}
					}
				},
				"beak2": {
					"rotation": {
						"0.0": {
							"post": [0, 0, 0],
							"lerp_mode": "catmullrom"
						},
						"0.125": {
							"post": [-10, 0, 0],
							"lerp_mode": "catmullrom"
						},
						"0.3333": {
							"post": [-12.98, 0, 0],
							"lerp_mode": "catmullrom"
						},
						"0.4167": {
							"post": [-10, 0, 0],
							"lerp_mode": "catmullrom"
						},
						"0.5417": {
							"post": [0, 0, 0],
							"lerp_mode": "catmullrom"
						}
					}
				},
				"jaw": {
					"rotation": {
						"0.0": {
							"post": [0, 0, 0],
							"lerp_mode": "catmullrom"
						},
						"0.0417": {
							"post": [5, 0, 0],
							"lerp_mode": "catmullrom"
						},
						"0.125": {
							"post": [27.5, 0, 0],
							"lerp_mode": "catmullrom"
						},
						"0.3333": {
							"post": [10, 0, 0],
							"lerp_mode": "catmullrom"
						},
						"0.4167": {
							"post": [27.5, 0, 0],
							"lerp_mode": "catmullrom"
						},
						"0.5417": {
							"post": [0, 0, 0],
							"lerp_mode": "catmullrom"
						}
					}
				}
			},
			"sound_effects": {
				"0.0": {
					"effect": "pokemon.limonzal.cry"
				}
			}
		},
		"animation.limonzal.ground_idle": {
			"loop": true,
			"bones": {
				"torso": {
					"rotation": ["Math.cos((query.anim_time-0.3) * 90 * 4) * 1", 0, "Math.cos((query.anim_time-0.5) * 90 * 4) * 1"],
					"position": [0, "-0.5+Math.cos((query.anim_time) * 90 * 4*2) * 0.2", 0]
				},
				"leaves_left": {
					"rotation": ["-Math.sin((query.anim_time-0.6) * 90 * 4) * 5", 0, 0]
				},
				"leaves_middle": {
					"rotation": ["-Math.sin((query.anim_time-0.6) * 90 * 4) * 5", 0, 0]
				},
				"leaves_right": {
					"rotation": ["-Math.sin((query.anim_time-0.6) * 90 * 4) * 5", 0, 0]
				},
				"neck": {
					"rotation": ["1+Math.cos((query.anim_time-0.6) * 90*2) * -1", 0, 0]
				},
				"torso_top": {
					"rotation": ["Math.cos((query.anim_time-0.55) * 90 *2) * 1.5", 0, 0]
				},
				"belly": {
					"rotation": ["Math.cos((query.anim_time-0.4) * 90*2) * 1", 0, 0]
				},
				"tail": {
					"rotation": ["1+Math.cos((query.anim_time-0.4) * 90*2) * -2", 0, 0]
				},
				"tail_end": {
					"rotation": ["13.5+Math.cos((query.anim_time-0.2) * 90*2) * -2", 0, 0]
				},
				"turbine": {
					"rotation": [0, 0, 0]
				},
				"head": {
					"rotation": ["11+Math.cos((query.anim_time-0.6) * 90) * 1", "Math.cos((query.anim_time-0.6) * 90*2) * 1", 0],
					"position": [0, -0.25, 0]
				},
				"leaf_small": {
					"rotation": ["Math.cos((query.anim_time-0.6) * 90 * 4) * 4", "-Math.cos((query.anim_time-0.6) * 90 * 4) * 8", 0]
				},
				"leaf_big": {
					"rotation": ["Math.cos((query.anim_time-0.6) * 90 * 4) * 4", "Math.cos((query.anim_time-0.6) * 90 * 4) * 4", 0]
				},
				"wing_top_left": {
					"scale": 0
				},
				"wing_bottom_right": {
					"scale": 0
				},
				"wing_bottom_left": {
					"scale": 0
				},
				"wing_top_right": {
					"scale": 0
				},
				"beak3": {
					"rotation": ["Math.cos((query.anim_time-0.2) * 90 * 4) * -4", "Math.cos((query.anim_time-0.2) * 90 * 4) * -1", 0]
				},
				"beak4": {
					"rotation": ["Math.cos((query.anim_time-0.2) * 90 * 4) * -4", "Math.cos((query.anim_time-0.2) * 90 * 4) * -1", 0]
				},
				"beak5": {
					"rotation": ["Math.cos((query.anim_time-0.2) * 90 * 4) * -4", "Math.cos((query.anim_time-0.2) * 90 * 4) * -1", 0]
				},
				"arm_left": {
					"rotation": ["0+Math.cos((query.anim_time-0.4) * 90 * 4*2) * 4", "3+Math.cos((query.anim_time-0.4) * 90 * 4*2) * 2", 0]
				},
				"arm_right": {
					"rotation": ["0+Math.cos((query.anim_time-0.4) * 90 * 4*2) * 4", "-3+Math.cos((query.anim_time-0.4) * 90 * 4*2) * 2", 0]
				}
			}
		},
		"animation.limonzal.ground_walk": {
			"loop": true,
			"animation_length": 1,
			"bones": {
				"torso": {
					"rotation": ["Math.cos((query.anim_time-0.3) * 90 * 4*2+10) * 2", 0, "Math.cos((query.anim_time-0.5) * 90 * 4) * 2"],
					"position": [0, "-0.5+Math.cos((query.anim_time) * 90 * 4*2) * 0.3", 0]
				},
				"leaves_left": {
					"rotation": ["-Math.sin((query.anim_time-0.6) * 90 * 4*2) * 5", 0, 0]
				},
				"leaves_middle": {
					"rotation": ["-Math.sin((query.anim_time-0.6) * 90 * 4*2) * 5", 0, 0]
				},
				"leaves_right": {
					"rotation": ["-Math.sin((query.anim_time-0.6) * 90 * 4*2) * 5", 0, 0]
				},
				"neck": {
					"rotation": ["1+Math.cos((query.anim_time-0.6) * 90 * 4*2) * -2", 0, 0]
				},
				"torso_top": {
					"rotation": ["Math.cos((query.anim_time-0.55) * 90 * 4*2) * 3", 0, 0]
				},
				"belly": {
					"rotation": ["Math.cos((query.anim_time-0.4) * 90 * 4*2) * 2", 0, 0]
				},
				"tail": {
					"rotation": ["1+Math.cos((query.anim_time-0.2) * 90 * 4*2-30) * -4", 0, 0]
				},
				"tail_end": {
					"rotation": ["13.5+Math.cos((query.anim_time-0.2) * 90 * 4*2-30) * -4", 0, 0]
				},
				"turbine": {
					"rotation": [0, 0, 0]
				},
				"leg_left": {
					"rotation": {
						"0.0": [-52.5, 0, 0],
						"0.0833": [-47.14, 0, 0],
						"0.2917": [-7.5, 0, 0],
						"0.4583": [14.64, 0, 0],
						"0.5833": [22.5, 0, 0],
						"0.6667": [14.64, 0, 0],
						"0.7917": [-8, 0, 0],
						"0.875": [-45, 0, 0],
						"1.0": [-52.5, 0, 0]
					}
				},
				"leg_left2": {
					"rotation": {
						"0.0": [20, 0, 0],
						"0.125": [2.86, 0, 0],
						"0.2917": [-2.5, 0, 0],
						"0.5833": [7.5, 0, 0],
						"0.7083": [41.5, 0, 0],
						"0.7917": [47.5, 0, 0],
						"0.875": [44, 0, 0],
						"1.0": [20, 0, 0]
					}
				},
				"talon_left_inner": {
					"rotation": {
						"0.0": [12.5, 0, 0],
						"0.4167": [-5, 0, 0],
						"0.7917": [12.5, 0, 0],
						"1.0": [12.5, 0, 0]
					}
				},
				"talon_left_outer": {
					"rotation": {
						"0.0": [12.5, 0, 0],
						"0.4167": [-5, 0, 0],
						"0.7917": [12.5, 0, 0],
						"1.0": [12.5, 0, 0]
					}
				},
				"talon_left_back": {
					"rotation": {
						"0.0": [-1.11, 0, 0],
						"0.2917": [12.5, 0, 0],
						"0.5": [12.5, 0, 0],
						"0.9167": [-5, 0, 0],
						"1.0": [-1.11, 0, 0]
					}
				},
				"leg_right": {
					"rotation": {
						"0.0": [17.26, 0, 0],
						"0.0833": [22.5, 0, 0],
						"0.1667": [14.64, 0, 0],
						"0.2917": [-8, 0, 0],
						"0.375": [-45, 0, 0],
						"0.5": [-52.5, 0, 0],
						"0.5833": [-47.14, 0, 0],
						"0.7917": [-7.5, 0, 0],
						"0.9583": [14.64, 0, 0],
						"1.0": [17.26, 0, 0]
					}
				},
				"leg_right2": {
					"rotation": {
						"0.0": [4.64, 0, 0],
						"0.0833": [7.5, 0, 0],
						"0.2083": [41.5, 0, 0],
						"0.2917": [47.5, 0, 0],
						"0.375": [44, 0, 0],
						"0.5": [20, 0, 0],
						"0.625": [2.86, 0, 0],
						"0.7917": [-2.5, 0, 0],
						"1.0": [4.64, 0, 0]
					}
				},
				"talon_right_outer": {
					"rotation": {
						"0.0": [-1.11, 0, 0],
						"0.2917": [12.5, 0, 0],
						"0.5": [12.5, 0, 0],
						"0.9167": [-5, 0, 0],
						"1.0": [-1.11, 0, 0]
					}
				},
				"talon_right_inner": {
					"rotation": {
						"0.0": [-1.11, 0, 0],
						"0.2917": [12.5, 0, 0],
						"0.5": [12.5, 0, 0],
						"0.9167": [-5, 0, 0],
						"1.0": [-1.11, 0, 0]
					}
				},
				"talon_right_back": {
					"rotation": {
						"0.0": [12.5, 0, 0],
						"0.4167": [-5, 0, 0],
						"0.7917": [12.5, 0, 0],
						"1.0": [12.5, 0, 0]
					}
				},
				"head": {
					"rotation": ["11+Math.cos((query.anim_time-0.6) * 90 * 4*2) * 1", "Math.cos((query.anim_time-0.6) * 90 * 4*2) * 1", 0],
					"position": [0, -0.25, 0]
				},
				"leaf_small": {
					"rotation": ["Math.cos((query.anim_time-0.6) * 90 * 4*2) * 4", "-Math.cos((query.anim_time-0.6) * 90 * 4*2) * 8", 0]
				},
				"leaf_big": {
					"rotation": ["Math.cos((query.anim_time-0.6) * 90 * 4*2) * 4", "Math.cos((query.anim_time-0.6) * 90 * 4*2) * 4", 0]
				},
				"wing_top_left": {
					"scale": 0
				},
				"wing_bottom_right": {
					"scale": 0
				},
				"wing_bottom_left": {
					"scale": 0
				},
				"wing_top_right": {
					"scale": 0
				},
				"beak3": {
					"rotation": ["Math.cos((query.anim_time-0.2) * 90 * 4*2-30) * -4", "Math.cos((query.anim_time-0.2) * 90 * 4*2-30) * -1", 0]
				},
				"beak4": {
					"rotation": ["Math.cos((query.anim_time-0.2) * 90 * 4*2-30) * -4", "Math.cos((query.anim_time-0.2) * 90 * 4*2-30) * -1", 0]
				},
				"beak5": {
					"rotation": ["Math.cos((query.anim_time-0.2) * 90 * 4*2-30) * -4", "Math.cos((query.anim_time-0.2) * 90 * 4*2-30) * -1", 0]
				},
				"arm_left": {
					"rotation": ["0+Math.cos((query.anim_time-0.4) * 90 * 4*2) * 4", "3+Math.cos((query.anim_time-0.4) * 90 * 4*2) * 2", 0]
				},
				"arm_right": {
					"rotation": ["0+Math.cos((query.anim_time-0.4) * 90 * 4*2) * 4", "-3+Math.cos((query.anim_time-0.4) * 90 * 4*2) * 2", 0]
				}
			}
		},
		"animation.limonzal.turbine": {
			"animation_length": 1,
			"bones": {
				"turbine": {
					"rotation": {
						"0.0": [0, 0, 0],
						"1.0": [0, 360, 0]
					}
				}
			}
		},
		"animation.limonzal.blink": {
			"animation_length": 0.1667,
			"bones": {
				"eye_left": {
					"scale": {
						"0.0": [1, 1, 1],
						"0.0833": [1, 0, 1],
						"0.1667": [1, 1, 1]
					}
				},
				"eye_right": {
					"scale": {
						"0.0": [1, 1, 1],
						"0.0833": [1, 0, 1],
						"0.1667": [1, 1, 1]
					}
				}
			}
		},
		"animation.limonzal.battle_idle": {
			"loop": true,
			"bones": {
				"leaves_left": {
					"rotation": ["-Math.sin((query.anim_time-0.6) * 90 * 4*2) * 5", 0, 0]
				},
				"leaves_middle": {
					"rotation": ["-Math.sin((query.anim_time-0.6) * 90 * 4*2) * 5", 0, 0]
				},
				"leaves_right": {
					"rotation": ["-Math.sin((query.anim_time-0.6) * 90 * 4*2) * 5", 0, 0]
				},
				"neck": {
					"rotation": ["1+Math.cos((query.anim_time-0.6) * 90 * 4*2) * -2", 0, 0]
				},
				"torso_top": {
					"rotation": ["-12.5+Math.cos((query.anim_time-0.55) * 90 * 4*2) * 3", 0, 0]
				},
				"belly": {
					"rotation": ["-40+Math.cos((query.anim_time-0.4) * 90 * 4*2) * 2", 0, 0],
					"position": [0, 1.25, 0]
				},
				"tail": {
					"rotation": ["-79+Math.cos((query.anim_time-0.2) * 90 * 4*2-30) * -4", 0, 0],
					"position": [0, 3, 2.25]
				},
				"tail_end": {
					"rotation": ["-29-Math.cos((query.anim_time-0.2) * 90 * 4*2-30) * -4", 0, 0],
					"position": [0, 1.5, 0.25]
				},
				"leg_left": {
					"rotation": ["-90+Math.sin((query.anim_time-0.6) * 90 * 4*2) * 5", 0, 0],
					"position": [1, 0, -5.5]
				},
				"leg_left2": {
					"rotation": [40, 0, 0]
				},
				"talon_left_inner": {
					"rotation": [42.5, 0, 0]
				},
				"talon_left_outer": {
					"rotation": [42.5, 0, 0]
				},
				"talon_left_back": {
					"rotation": [-40, 0, 0]
				},
				"leg_right": {
					"rotation": ["-90+Math.sin((query.anim_time-0.6) * 90 * 4*2) * 5", 0, 0],
					"position": [-1, 0, -5.5]
				},
				"leg_right2": {
					"rotation": [40, 0, 0]
				},
				"talon_right_outer": {
					"rotation": [42.5, 0, 0]
				},
				"talon_right_inner": {
					"rotation": [42.5, 0, 0]
				},
				"talon_right_back": {
					"rotation": [-42.5, 0, 0]
				},
				"head": {
					"rotation": ["11+Math.cos((query.anim_time-0.6) * 90 * 4*2) * 1", "Math.cos((query.anim_time-0.6) * 90 * 4*2) * 1", 0],
					"position": [0, -0.25, 0]
				},
				"leaf_small": {
					"rotation": ["Math.cos((query.anim_time-0.6) * 90 * 4*2) * 4", "-Math.cos((query.anim_time-0.6) * 90 * 4*2) * 8", 0]
				},
				"leaf_big": {
					"rotation": ["Math.cos((query.anim_time-0.6) * 90 * 4*2) * 4", "Math.cos((query.anim_time-0.6) * 90 * 4*2) * 4", 0]
				},
				"wing_top_left": {
					"rotation": [0, "-Math.sin((query.anim_time) * 90* 15) * 30", 0]
				},
				"wing_bottom_right": {
					"rotation": [0, "Math.sin((query.anim_time) * 90* 15) * 30", 0]
				},
				"wing_bottom_left": {
					"rotation": [0, "-Math.sin((query.anim_time) * 90* 15) * 30", 0]
				},
				"wing_top_right": {
					"rotation": [0, "Math.sin((query.anim_time) * 90* 15) * 30", 0]
				},
				"beak3": {
					"rotation": ["Math.cos((query.anim_time-0.2) * 90 * 4*2-30) * -4", "Math.cos((query.anim_time-0.2) * 90 * 4*2-30) * -1", 0]
				},
				"beak4": {
					"rotation": ["Math.cos((query.anim_time-0.2) * 90 * 4*2-30) * -4", "Math.cos((query.anim_time-0.2) * 90 * 4*2-30) * -1", 0]
				},
				"beak5": {
					"rotation": ["Math.cos((query.anim_time-0.2) * 90 * 4*2-30) * -4", "Math.cos((query.anim_time-0.2) * 90 * 4*2-30) * -1", 0]
				},
				"arm_left": {
					"rotation": ["75+Math.cos((query.anim_time-0.4) * 90 * 4*2) * 4", "3+Math.cos((query.anim_time-0.4) * 90 * 4*2) * 1", 0]
				},
				"arm_right": {
					"rotation": ["75+Math.cos((query.anim_time-0.4) * 90 * 4*2) * 4", "-3+Math.cos((query.anim_time-0.4) * 90 * 4*2) * 1", 0]
				},
				"body": {
					"rotation": ["Math.cos((query.anim_time-0.3) * 90 * 4*2+10) * 2", 0, "Math.cos((query.anim_time-0.5) * 90 * 4) * 2"],
					"position": [0, "6.5+Math.cos((query.anim_time) * 90 * 4*2) * 0.3", 5]
				},
				"wing_top_left2": {
					"rotation": ["Math.sin((query.anim_time) * 90* 15) * 30", "-Math.sin((query.anim_time) * 90* 15) * 30", 0]
				},
				"wing_top_right2": {
					"rotation": ["Math.sin((query.anim_time) * 90* 15) * 30", "Math.sin((query.anim_time) * 90* 15) * 30", 0]
				},
				"tail_base": {
					"rotation": [-90, 0, 0],
					"position": [0, 2.75, 0.5]
				}
			}
		},
		"animation.limonzal.status": {
			"animation_length": 1.75,
			"bones": {
				"leaves_left": {
					"rotation": ["-Math.sin((query.anim_time-0.6) * 90 * 4*2) * 5", 0, 0]
				},
				"leaves_middle": {
					"rotation": ["-Math.sin((query.anim_time-0.6) * 90 * 4*2) * 5", 0, 0]
				},
				"leaves_right": {
					"rotation": ["-Math.sin((query.anim_time-0.6) * 90 * 4*2) * 5", 0, 0]
				},
				"neck": {
					"rotation": ["1+Math.cos((query.anim_time-0.6) * 90 * 4*2) * -2", 0, 0]
				},
				"torso_top": {
					"rotation": ["-12.5+Math.cos((query.anim_time-0.55) * 90 * 4*2) * 3", 0, 0]
				},
				"belly": {
					"rotation": ["-40+Math.cos((query.anim_time-0.4) * 90 * 4*2) * 2", 0, 0],
					"position": [0, 1.25, 0]
				},
				"tail": {
					"rotation": ["-79+Math.cos((query.anim_time-0.2) * 90 * 4*2-30) * -4", 0, 0],
					"position": [0, 3, 2.25]
				},
				"tail_end": {
					"rotation": ["-29-Math.cos((query.anim_time-0.2) * 90 * 4*2-30) * -4", 0, 0],
					"position": [0, 1.5, 0.25]
				},
				"leg_left": {
					"rotation": ["-90+Math.sin((query.anim_time-0.6) * 90 * 4*2) * 5", 0, 0],
					"position": [1, 0, -5.5]
				},
				"leg_left2": {
					"rotation": [40, 0, 0]
				},
				"talon_left_inner": {
					"rotation": [42.5, 0, 0]
				},
				"talon_left_outer": {
					"rotation": [42.5, 0, 0]
				},
				"talon_left_back": {
					"rotation": [-40, 0, 0]
				},
				"leg_right": {
					"rotation": ["-90+Math.sin((query.anim_time-0.6) * 90 * 4*2) * 5", 0, 0],
					"position": [-1, 0, -5.5]
				},
				"leg_right2": {
					"rotation": [40, 0, 0]
				},
				"talon_right_outer": {
					"rotation": [42.5, 0, 0]
				},
				"talon_right_inner": {
					"rotation": [42.5, 0, 0]
				},
				"talon_right_back": {
					"rotation": [-42.5, 0, 0]
				},
				"head": {
					"rotation": ["11+Math.cos((query.anim_time-0.6) * 90 * 4*2) * 1", "Math.cos((query.anim_time-0.6) * 90 * 4*2) * 1", 0],
					"position": [0, -0.25, 0]
				},
				"leaf_small": {
					"rotation": ["Math.cos((query.anim_time-0.6) * 90 * 4*2) * 4", "-Math.cos((query.anim_time-0.6) * 90 * 4*2) * 8", 0]
				},
				"leaf_big": {
					"rotation": ["Math.cos((query.anim_time-0.6) * 90 * 4*2) * 4", "Math.cos((query.anim_time-0.6) * 90 * 4*2) * 4", 0]
				},
				"wing_top_left": {
					"rotation": {
						"0.0": [0, "-Math.sin((query.anim_time) * 90* 15) * 30", 0],
						"0.75": [0, "-Math.sin((query.anim_time) * 90* 15) * 30", 0],
						"1.125": [0, "-Math.sin((query.anim_time) * 90* 30) * 90", 0],
						"1.375": [0, "-Math.sin((query.anim_time) * 90* 30) * 90", 0],
						"1.75": [0, "-Math.sin((query.anim_time) * 90* 15) * 30", 0]
					}
				},
				"wing_bottom_right": {
					"rotation": [0, "Math.sin((query.anim_time) * 90* 15) * 30", 0]
				},
				"wing_bottom_left": {
					"rotation": [0, "-Math.sin((query.anim_time) * 90* 15) * 30", 0]
				},
				"wing_top_right": {
					"rotation": {
						"0.0": [0, "Math.sin((query.anim_time) * 90* 15) * 30", 0],
						"0.75": [0, "Math.sin((query.anim_time) * 90* 15) * 30", 0],
						"1.125": [0, "Math.sin((query.anim_time) * 90* 30) * 90", 0],
						"1.375": [0, "Math.sin((query.anim_time) * 90* 30) * 90", 0],
						"1.75": [0, "Math.sin((query.anim_time) * 90* 15) * 30", 0]
					}
				},
				"beak3": {
					"rotation": ["Math.cos((query.anim_time-0.2) * 90 * 4*2-30) * -4", "Math.cos((query.anim_time-0.2) * 90 * 4*2-30) * -1", 0]
				},
				"beak4": {
					"rotation": ["Math.cos((query.anim_time-0.2) * 90 * 4*2-30) * -4", "Math.cos((query.anim_time-0.2) * 90 * 4*2-30) * -1", 0]
				},
				"beak5": {
					"rotation": ["Math.cos((query.anim_time-0.2) * 90 * 4*2-30) * -4", "Math.cos((query.anim_time-0.2) * 90 * 4*2-30) * -1", 0]
				},
				"arm_left": {
					"rotation": ["75+Math.cos((query.anim_time-0.4) * 90 * 4*2) * 4", "3+Math.cos((query.anim_time-0.4) * 90 * 4*2) * 1", 0]
				},
				"arm_right": {
					"rotation": ["75+Math.cos((query.anim_time-0.4) * 90 * 4*2) * 4", "-3+Math.cos((query.anim_time-0.4) * 90 * 4*2) * 1", 0]
				},
				"body": {
					"rotation": {
						"0.0": ["Math.cos((query.anim_time-0.3) * 90 * 4*2+10) * 2", 0, "Math.cos((query.anim_time-0.5) * 90 * 4) * 2"],
						"0.75": ["Math.cos((query.anim_time-0.3) * 90 * 4*2+10) * 2", 0, "Math.cos((query.anim_time-0.5) * 90 * 4) * 2"],
						"1.125": ["Math.cos((query.anim_time-0.3) * 90 * 8*2+10) * 2", 0, "Math.cos((query.anim_time-0.5) * 90 * 8) * 2"],
						"1.375": ["Math.cos((query.anim_time-0.3) * 90 * 8*2+10) * 2", 0, "Math.cos((query.anim_time-0.5) * 90 * 8) * 2"],
						"1.75": ["Math.cos((query.anim_time-0.3) * 90 * 4*2+10) * 2", 0, "Math.cos((query.anim_time-0.5) * 90 * 4) * 2"]
					},
					"position": {
						"0.0": [0, "6.5+Math.cos((query.anim_time) * 90 * 4*2) * 0.3", 5],
						"0.75": [0, "6.5+Math.cos((query.anim_time) * 90 * 4*2) * 0.3", 5],
						"1.125": [0, "6.5+Math.cos((query.anim_time) * 90 * 15*2) * 0.3", 5],
						"1.375": [0, "6.5+Math.cos((query.anim_time) * 90 * 15*2) * 0.3", 5],
						"1.75": [0, "6.5+Math.cos((query.anim_time) * 90 * 4*2) * 0.3", 5]
					}
				},
				"wing_top_left2": {
					"rotation": ["Math.sin((query.anim_time) * 90* 15) * 30", "-Math.sin((query.anim_time) * 90* 15) * 30", 0]
				},
				"wing_top_right2": {
					"rotation": ["Math.sin((query.anim_time) * 90* 15) * 30", "Math.sin((query.anim_time) * 90* 15) * 30", 0]
				},
				"tail_base": {
					"rotation": [-90, 0, 0],
					"position": [0, 2.75, 0.5]
				},
				"turbine": {
					"rotation": {
						"0.0": {
							"post": [0, 0, 0],
							"lerp_mode": "catmullrom"
						},
						"1.0": {
							"post": [0, 360, 0],
							"lerp_mode": "catmullrom"
						},
						"1.75": {
							"post": [0, 0, 0],
							"lerp_mode": "catmullrom"
						}
					}
				},
				"beak2": {
					"rotation": {
						"0.0": [0, 0, 0],
						"0.75": [0, 0, 0],
						"1.0": [-17.5, 0, 0],
						"1.125": [-10, 0, 0],
						"1.25": [-17.5, 0, 0],
						"1.375": [0, 0, 0]
					}
				},
				"jaw": {
					"rotation": {
						"0.0": [0, 0, 0],
						"0.75": [0, 0, 0],
						"1.0": [27.5, 0, 0],
						"1.125": [20, 0, 0],
						"1.25": [27.5, 0, 0],
						"1.375": [0, 0, 0]
					}
				}
			}
		},
		"animation.limonzal.physical": {
			"animation_length": 1.5,
			"bones": {
				"leaves_left": {
					"rotation": {
						"0.0": ["-Math.sin((query.anim_time-0.6) * 90 * 4*2) * 5", 0, 0],
						"0.2917": ["-Math.sin((query.anim_time-0.6) * 90 * 4*2) * 5", 0, 0],
						"1.5": ["-Math.sin((query.anim_time-0.6) * 90 * 4*2) * 5", 0, 0]
					}
				},
				"leaves_middle": {
					"rotation": {
						"0.0": ["-Math.sin((query.anim_time-0.6) * 90 * 4*2) * 5", 0, 0],
						"0.2917": ["-Math.sin((query.anim_time-0.6) * 90 * 4*2) * 5", 0, 0],
						"1.5": ["-Math.sin((query.anim_time-0.6) * 90 * 4*2) * 5", 0, 0]
					}
				},
				"leaves_right": {
					"rotation": {
						"0.0": ["-Math.sin((query.anim_time-0.6) * 90 * 4*2) * 5", 0, 0],
						"0.2917": ["-Math.sin((query.anim_time-0.6) * 90 * 4*2) * 5", 0, 0],
						"1.5": ["-Math.sin((query.anim_time-0.6) * 90 * 4*2) * 5", 0, 0]
					}
				},
				"neck": {
					"rotation": {
						"0.0": ["1+Math.cos((query.anim_time-0.6) * 90 * 4*2) * -2", 0, 0],
						"0.2917": ["1+Math.cos((query.anim_time-0.6) * 90 * 4*2) * -2", 0, 0],
						"0.5833": ["15+Math.cos((query.anim_time-0.6) * 90 * 4*2) * -2", 0, 0],
						"1.25": ["15+Math.cos((query.anim_time-0.6) * 90 * 4*2) * -2", 0, 0],
						"1.5": ["1+Math.cos((query.anim_time-0.6) * 90 * 4*2) * -2", 0, 0]
					}
				},
				"torso_top": {
					"rotation": {
						"0.0": ["-12.5+Math.cos((query.anim_time-0.55) * 90 * 4*2) * 3", 0, 0],
						"0.2917": ["-12.5+Math.cos((query.anim_time-0.55) * 90 * 4*2) * 3", 0, 0],
						"0.5833": ["-15+Math.cos((query.anim_time-0.55) * 90 * 4*2) * 3", 0, 0],
						"1.25": ["-15+Math.cos((query.anim_time-0.55) * 90 * 4*2) * 3", 0, 0],
						"1.5": ["-12.5+Math.cos((query.anim_time-0.55) * 90 * 4*2) * 3", 0, 0]
					}
				},
				"belly": {
					"rotation": {
						"0.0": ["-40+Math.cos((query.anim_time-0.4) * 90 * 4*2) * 2", 0, 0],
						"0.2917": ["-40+Math.cos((query.anim_time-0.4) * 90 * 4*2) * 2", 0, 0],
						"0.5833": ["Math.cos((query.anim_time-0.4) * 90 * 4*2) * 2", 0, 0],
						"1.25": ["Math.cos((query.anim_time-0.4) * 90 * 4*2) * 2", 0, 0],
						"1.5": ["-40+Math.cos((query.anim_time-0.4) * 90 * 4*2) * 2", 0, 0]
					},
					"position": {
						"0.0": [0, 1.25, 0],
						"0.2917": [0, 1.25, 0],
						"0.5833": [0, 0, 0],
						"1.25": [0, 0, 0],
						"1.5": [0, 1.25, 0]
					}
				},
				"tail": {
					"rotation": {
						"0.0": ["-79+Math.cos((query.anim_time-0.2) * 90 * 4*2-30) * -4", 0, 0],
						"0.2917": ["-79+Math.cos((query.anim_time-0.2) * 90 * 4*2-30) * -4", 0, 0],
						"0.5833": ["Math.cos((query.anim_time-0.2) * 90 * 4*2-30) * -4", 0, 0],
						"1.25": ["Math.cos((query.anim_time-0.2) * 90 * 4*2-30) * -4", 0, 0],
						"1.5": ["-79+Math.cos((query.anim_time-0.2) * 90 * 4*2-30) * -4", 0, 0]
					},
					"position": {
						"0.0": [0, 3, 2.25],
						"0.2917": [0, 3, 2.25],
						"0.5833": [0, 0, 0],
						"1.25": [0, 0, 0],
						"1.5": [0, 3, 2.25]
					}
				},
				"tail_end": {
					"rotation": {
						"0.0": ["-29-Math.cos((query.anim_time-0.2) * 90 * 4*2-30) * -4", 0, 0],
						"0.2917": ["-29-Math.cos((query.anim_time-0.2) * 90 * 4*2-30) * -4", 0, 0],
						"0.5833": ["Math.cos((query.anim_time-0.2) * 90 * 4*2-30) * -4", 0, 0],
						"1.25": ["Math.cos((query.anim_time-0.2) * 90 * 4*2-30) * -4", 0, 0],
						"1.5": ["-29-Math.cos((query.anim_time-0.2) * 90 * 4*2-30) * -4", 0, 0]
					},
					"position": {
						"0.0": [0, 1.5, 0.25],
						"0.2917": [0, 1.5, 0.25],
						"0.5833": [0, 0, 0],
						"1.25": [0, 0, 0],
						"1.5": [0, 1.5, 0.25]
					}
				},
				"leg_left": {
					"rotation": {
						"0.0": ["-90+Math.sin((query.anim_time-0.6) * 90 * 4*2) * 5", 0, 0],
						"0.2917": ["-90+Math.sin((query.anim_time-0.6) * 90 * 4*2) * 5", 0, 0],
						"1.5": ["-90+Math.sin((query.anim_time-0.6) * 90 * 4*2) * 5", 0, 0]
					},
					"position": {
						"0.0": [1, 0, -5.5],
						"0.2917": [1, 0, -5.5],
						"0.5833": [0, 0, 0],
						"1.25": [0, 0, 0],
						"1.5": [1, 0, -5.5]
					}
				},
				"leg_left2": {
					"rotation": {
						"0.0": [40, 0, 0],
						"0.2917": [40, 0, 0],
						"0.5833": [40, 0, 0],
						"1.25": [40, 0, 0],
						"1.5": [40, 0, 0]
					}
				},
				"talon_left_inner": {
					"rotation": {
						"0.0": [42.5, 0, 0],
						"0.2917": [42.5, 0, 0],
						"0.5833": [42.5, 0, 0],
						"1.25": [42.5, 0, 0],
						"1.5": [42.5, 0, 0]
					}
				},
				"talon_left_outer": {
					"rotation": {
						"0.0": [42.5, 0, 0],
						"0.2917": [42.5, 0, 0],
						"0.5833": [42.5, 0, 0],
						"1.25": [42.5, 0, 0],
						"1.5": [42.5, 0, 0]
					}
				},
				"talon_left_back": {
					"rotation": {
						"0.0": [-40, 0, 0],
						"0.2917": [-40, 0, 0],
						"0.5833": [-42.5, 0, 0],
						"1.25": [-42.5, 0, 0],
						"1.5": [-40, 0, 0]
					}
				},
				"leg_right": {
					"rotation": {
						"0.0": ["-90+Math.sin((query.anim_time-0.6) * 90 * 4*2) * 5", 0, 0],
						"0.2917": ["-90+Math.sin((query.anim_time-0.6) * 90 * 4*2) * 5", 0, 0],
						"1.5": ["-90+Math.sin((query.anim_time-0.6) * 90 * 4*2) * 5", 0, 0]
					},
					"position": {
						"0.0": [-1, 0, -5.5],
						"0.2917": [-1, 0, -5.5],
						"0.5833": [0, 0, 0],
						"1.25": [0, 0, 0],
						"1.5": [-1, 0, -5.5]
					}
				},
				"leg_right2": {
					"rotation": {
						"0.0": [40, 0, 0],
						"0.2917": [40, 0, 0],
						"0.5833": [40, 0, 0],
						"1.25": [40, 0, 0],
						"1.5": [40, 0, 0]
					}
				},
				"talon_right_outer": {
					"rotation": {
						"0.0": [42.5, 0, 0],
						"0.2917": [42.5, 0, 0],
						"0.5833": [42.5, 0, 0],
						"1.25": [42.5, 0, 0],
						"1.5": [42.5, 0, 0]
					}
				},
				"talon_right_inner": {
					"rotation": {
						"0.0": [42.5, 0, 0],
						"0.2917": [42.5, 0, 0],
						"0.5833": [42.5, 0, 0],
						"1.25": [42.5, 0, 0],
						"1.5": [42.5, 0, 0]
					}
				},
				"talon_right_back": {
					"rotation": {
						"0.0": [-42.5, 0, 0],
						"0.2917": [-42.5, 0, 0],
						"1.5": [-42.5, 0, 0]
					}
				},
				"head": {
					"rotation": {
						"0.0": ["11+Math.cos((query.anim_time-0.6) * 90 * 4*2) * 1", "Math.cos((query.anim_time-0.6) * 90 * 4*2) * 1", 0],
						"0.2917": ["11+Math.cos((query.anim_time-0.6) * 90 * 4*2) * 1", "Math.cos((query.anim_time-0.6) * 90 * 4*2) * 1", 0],
						"1.5": ["11+Math.cos((query.anim_time-0.6) * 90 * 4*2) * 1", "Math.cos((query.anim_time-0.6) * 90 * 4*2) * 1", 0]
					},
					"position": {
						"0.0": [0, -0.25, 0],
						"0.2917": [0, -0.25, 0],
						"1.5": [0, -0.25, 0]
					}
				},
				"leaf_small": {
					"rotation": {
						"0.0": ["Math.cos((query.anim_time-0.6) * 90 * 4*2) * 4", "-Math.cos((query.anim_time-0.6) * 90 * 4*2) * 8", 0],
						"0.2917": ["Math.cos((query.anim_time-0.6) * 90 * 4*2) * 4", "-Math.cos((query.anim_time-0.6) * 90 * 4*2) * 8", 0],
						"1.5": ["Math.cos((query.anim_time-0.6) * 90 * 4*2) * 4", "-Math.cos((query.anim_time-0.6) * 90 * 4*2) * 8", 0]
					}
				},
				"leaf_big": {
					"rotation": {
						"0.0": ["Math.cos((query.anim_time-0.6) * 90 * 4*2) * 4", "Math.cos((query.anim_time-0.6) * 90 * 4*2) * 4", 0],
						"0.2917": ["Math.cos((query.anim_time-0.6) * 90 * 4*2) * 4", "Math.cos((query.anim_time-0.6) * 90 * 4*2) * 4", 0],
						"1.5": ["Math.cos((query.anim_time-0.6) * 90 * 4*2) * 4", "Math.cos((query.anim_time-0.6) * 90 * 4*2) * 4", 0]
					}
				},
				"wing_top_left": {
					"rotation": {
						"0.0": [0, "-Math.sin((query.anim_time) * 90* 15) * 30", 0],
						"0.2917": [0, "-Math.sin((query.anim_time) * 90* 15) * 30", 0],
						"0.5833": [0, "-Math.sin((query.anim_time) * 90* 15) * 30", 0],
						"1.25": [0, "-Math.sin((query.anim_time) * 90* 15) * 30", 0],
						"1.5": [0, "-Math.sin((query.anim_time) * 90* 15) * 30", 0]
					}
				},
				"wing_bottom_right": {
					"rotation": {
						"0.0": [0, "Math.sin((query.anim_time) * 90* 15) * 30", 0],
						"0.2917": [0, "Math.sin((query.anim_time) * 90* 15) * 30", 0],
						"0.5833": [0, "Math.sin((query.anim_time) * 90* 15) * 30", 0],
						"1.25": [0, "Math.sin((query.anim_time) * 90* 15) * 30", 0],
						"1.5": [0, "Math.sin((query.anim_time) * 90* 15) * 30", 0]
					}
				},
				"wing_bottom_left": {
					"rotation": {
						"0.0": [0, "-Math.sin((query.anim_time) * 90* 15) * 30", 0],
						"0.2917": [0, "-Math.sin((query.anim_time) * 90* 15) * 30", 0],
						"0.5833": [0, "-Math.sin((query.anim_time) * 90* 15) * 30", 0],
						"1.25": [0, "-Math.sin((query.anim_time) * 90* 15) * 30", 0],
						"1.5": [0, "-Math.sin((query.anim_time) * 90* 15) * 30", 0]
					}
				},
				"wing_top_right": {
					"rotation": {
						"0.0": [0, "Math.sin((query.anim_time) * 90* 15) * 30", 0],
						"0.2917": [0, "Math.sin((query.anim_time) * 90* 15) * 30", 0],
						"0.5833": [0, "Math.sin((query.anim_time) * 90* 15) * 30", 0],
						"1.25": [0, "Math.sin((query.anim_time) * 90* 15) * 30", 0],
						"1.5": [0, "Math.sin((query.anim_time) * 90* 15) * 30", 0]
					}
				},
				"beak3": {
					"rotation": {
						"0.0": ["Math.cos((query.anim_time-0.2) * 90 * 4*2-30) * -4", "Math.cos((query.anim_time-0.2) * 90 * 4*2-30) * -1", 0],
						"0.2917": ["Math.cos((query.anim_time-0.2) * 90 * 4*2-30) * -4", "Math.cos((query.anim_time-0.2) * 90 * 4*2-30) * -1", 0],
						"1.5": ["Math.cos((query.anim_time-0.2) * 90 * 4*2-30) * -4", "Math.cos((query.anim_time-0.2) * 90 * 4*2-30) * -1", 0]
					}
				},
				"beak4": {
					"rotation": {
						"0.0": ["Math.cos((query.anim_time-0.2) * 90 * 4*2-30) * -4", "Math.cos((query.anim_time-0.2) * 90 * 4*2-30) * -1", 0],
						"0.2917": ["Math.cos((query.anim_time-0.2) * 90 * 4*2-30) * -4", "Math.cos((query.anim_time-0.2) * 90 * 4*2-30) * -1", 0],
						"1.5": ["Math.cos((query.anim_time-0.2) * 90 * 4*2-30) * -4", "Math.cos((query.anim_time-0.2) * 90 * 4*2-30) * -1", 0]
					}
				},
				"beak5": {
					"rotation": {
						"0.0": ["Math.cos((query.anim_time-0.2) * 90 * 4*2-30) * -4", "Math.cos((query.anim_time-0.2) * 90 * 4*2-30) * -1", 0],
						"0.2917": ["Math.cos((query.anim_time-0.2) * 90 * 4*2-30) * -4", "Math.cos((query.anim_time-0.2) * 90 * 4*2-30) * -1", 0],
						"1.5": ["Math.cos((query.anim_time-0.2) * 90 * 4*2-30) * -4", "Math.cos((query.anim_time-0.2) * 90 * 4*2-30) * -1", 0]
					}
				},
				"arm_left": {
					"rotation": {
						"0.0": ["75+Math.cos((query.anim_time-0.4) * 90 * 4*2) * 4", "3+Math.cos((query.anim_time-0.4) * 90 * 4*2) * 1", 0],
						"0.2917": ["75+Math.cos((query.anim_time-0.4) * 90 * 4*2) * 4", "3+Math.cos((query.anim_time-0.4) * 90 * 4*2) * 1", 0],
						"1.5": ["75+Math.cos((query.anim_time-0.4) * 90 * 4*2) * 4", "3+Math.cos((query.anim_time-0.4) * 90 * 4*2) * 1", 0]
					}
				},
				"arm_right": {
					"rotation": {
						"0.0": ["75+Math.cos((query.anim_time-0.4) * 90 * 4*2) * 4", "-3+Math.cos((query.anim_time-0.4) * 90 * 4*2) * 1", 0],
						"0.2917": ["75+Math.cos((query.anim_time-0.4) * 90 * 4*2) * 4", "-3+Math.cos((query.anim_time-0.4) * 90 * 4*2) * 1", 0],
						"1.5": ["75+Math.cos((query.anim_time-0.4) * 90 * 4*2) * 4", "-3+Math.cos((query.anim_time-0.4) * 90 * 4*2) * 1", 0]
					}
				},
				"body": {
					"rotation": {
						"0.0": ["Math.cos((query.anim_time-0.3) * 90 * 4*2+10) * 2", 0, "Math.cos((query.anim_time-0.5) * 90 * 4) * 2"],
						"0.2917": ["Math.cos((query.anim_time-0.3) * 90 * 4*2+10) * 2", 0, "Math.cos((query.anim_time-0.5) * 90 * 4) * 2"],
						"0.5833": [47.5, 0, 0],
						"1.25": [47.5, 0, 0],
						"1.5": ["Math.cos((query.anim_time-0.3) * 90 * 4*2+10) * 2", 0, "Math.cos((query.anim_time-0.5) * 90 * 4) * 2"]
					},
					"position": {
						"0.0": [0, "6.5+Math.cos((query.anim_time) * 90 * 4*2) * 0.3", 5],
						"0.2917": [0, "13.5+Math.cos((query.anim_time) * 90 * 4*2) * 0.3", 5],
						"0.375": [0, 16.64, 5],
						"0.5833": [0, "10.5+Math.cos((query.anim_time) * 90 * 4*2) * 0.3", 5],
						"1.25": [
							"Math.sin((query.anim_time) * 360* 2) * 0.1",
							"4+Math.sin((query.anim_time) * 180* 7.5) * 0.5",
							"6.75+Math.sin((query.anim_time) * 360* 2) * 0.1"
						],
						"1.375": [-0.05, 12.96, 5.83],
						"1.5": [0, "6.5+Math.cos((query.anim_time) * 90 * 4*2) * 0.3", 5]
					}
				},
				"wing_top_left2": {
					"rotation": {
						"0.0": ["Math.sin((query.anim_time) * 90* 15) * 30", "-Math.sin((query.anim_time) * 90* 15) * 30", 0],
						"0.2917": ["Math.sin((query.anim_time) * 90* 15) * 30", "-Math.sin((query.anim_time) * 90* 15) * 30", 0],
						"0.5833": ["Math.sin((query.anim_time) * 90* 15) * 30", "-Math.sin((query.anim_time) * 90* 15) * 30", 0],
						"1.25": ["Math.sin((query.anim_time) * 90* 15) * 30", "-Math.sin((query.anim_time) * 90* 15) * 30", 0],
						"1.5": ["Math.sin((query.anim_time) * 90* 15) * 30", "-Math.sin((query.anim_time) * 90* 15) * 30", 0]
					}
				},
				"wing_top_right2": {
					"rotation": {
						"0.0": ["Math.sin((query.anim_time) * 90* 15) * 30", "Math.sin((query.anim_time) * 90* 15) * 30", 0],
						"0.2917": ["Math.sin((query.anim_time) * 90* 15) * 30", "Math.sin((query.anim_time) * 90* 15) * 30", 0],
						"0.5833": ["Math.sin((query.anim_time) * 90* 15) * 30", "Math.sin((query.anim_time) * 90* 15) * 30", 0],
						"1.25": ["Math.sin((query.anim_time) * 90* 15) * 30", "Math.sin((query.anim_time) * 90* 15) * 30", 0],
						"1.5": ["Math.sin((query.anim_time) * 90* 15) * 30", "Math.sin((query.anim_time) * 90* 15) * 30", 0]
					}
				},
				"tail_base": {
					"rotation": {
						"0.0": [-90, 0, 0],
						"0.2917": [-90, 0, 0],
						"0.5833": ["-45+Math.cos((query.anim_time-0.4) * 90 * 4*2) * 2", 0, 0],
						"1.25": ["-45+Math.cos((query.anim_time-0.4) * 90 * 4*2) * 2", 0, 0],
						"1.5": [-90, 0, 0]
					},
					"position": {
						"0.0": [0, 2.75, 0.5],
						"0.2917": [0, 2.75, 0.5],
						"0.5833": [0, 0, 0],
						"1.25": [0, 0, 0],
						"1.5": [0, 2.75, 0.5]
					}
				},
				"turbine": {
					"rotation": {
						"0.0": [0, 0, 0],
						"1.0": [0, 360, 0],
						"1.5": [0, 0, 0]
					}
				},
				"dive": {
					"rotation": {
						"0.0": {
							"post": [0, 0, 0],
							"lerp_mode": "catmullrom"
						},
						"0.5833": {
							"post": [0, 0, 0],
							"lerp_mode": "catmullrom"
						},
						"1.0833": {
							"pre": [-360, 0, 0],
							"post": [0, 0, 0]
						}
					},
					"position": {
						"1.0833": {
							"pre": [0, 0, 0],
							"post": [0, 0, 0],
							"lerp_mode": "catmullrom"
						},
						"1.25": {
							"post": [0, 0, -30],
							"lerp_mode": "catmullrom"
						},
						"1.5": {
							"post": [0, 0, 0],
							"lerp_mode": "catmullrom"
						}
					}
				}
			}
		},
		"animation.limonzal.special": {
			"animation_length": 2,
			"bones": {
				"leaves_left": {
					"rotation": ["-Math.sin((query.anim_time-0.6) * 90 * 4*2) * 5", 0, 0]
				},
				"leaves_middle": {
					"rotation": ["-Math.sin((query.anim_time-0.6) * 90 * 4*2) * 5", 0, 0]
				},
				"leaves_right": {
					"rotation": ["-Math.sin((query.anim_time-0.6) * 90 * 4*2) * 5", 0, 0]
				},
				"neck": {
					"rotation": ["1+Math.cos((query.anim_time-0.6) * 90 * 4*2) * -2", 0, 0]
				},
				"torso_top": {
					"rotation": {
						"0.0": ["-12.5+Math.cos((query.anim_time-0.55) * 90 * 4*2) * 3", 0, 0],
						"1.0": ["-12.5+Math.cos((query.anim_time-0.55) * 90 * 4*2) * 3", 0, 0],
						"1.25": ["-35+Math.cos((query.anim_time-0.55) * 90 * 4*2) * 3", 0, 0],
						"2.0": ["-12.5+Math.cos((query.anim_time-0.55) * 90 * 4*2) * 3", 0, 0]
					},
					"position": {
						"0.0": [0, 0, 0],
						"1.0": [0, 0, 0],
						"1.25": [0, 0.75, 0],
						"2.0": [0, 0, 0]
					}
				},
				"belly": {
					"rotation": {
						"0.0": ["-40+Math.cos((query.anim_time-0.4) * 90 * 4*2) * 2", 0, 0],
						"1.0": ["-40+Math.cos((query.anim_time-0.4) * 90 * 4*2) * 2", 0, 0],
						"1.25": ["-57.5+Math.cos((query.anim_time-0.4) * 90 * 4*2) * 2", 0, 0],
						"2.0": ["-40+Math.cos((query.anim_time-0.4) * 90 * 4*2) * 2", 0, 0]
					},
					"position": {
						"0.0": [0, 1.25, 0],
						"1.0": [0, 1.25, 0],
						"1.25": [0, 2.25, 0.75],
						"2.0": [0, 1.25, 0]
					}
				},
				"tail": {
					"rotation": {
						"0.0": ["-79+Math.cos((query.anim_time-0.2) * 90 * 4*2-30) * -4", 0, 0],
						"1.0": ["-79+Math.cos((query.anim_time-0.2) * 90 * 4*2-30) * -4", 0, 0],
						"1.25": ["-9+Math.cos((query.anim_time-0.2) * 90 * 4*2-30) * -4", 0, 0],
						"2.0": ["-79+Math.cos((query.anim_time-0.2) * 90 * 4*2-30) * -4", 0, 0]
					},
					"position": {
						"0.0": [0, 3, 2.25],
						"1.0": [0, 3, 2.25],
						"1.25": [0, 1, -0.25],
						"2.0": [0, 3, 2.25]
					}
				},
				"tail_end": {
					"rotation": {
						"0.0": ["-29-Math.cos((query.anim_time-0.2) * 90 * 4*2-30) * -4", 0, 0],
						"2.0": ["-29-Math.cos((query.anim_time-0.2) * 90 * 4*2-30) * -4", 0, 0]
					},
					"position": {
						"0.0": [0, 1.5, 0.25],
						"2.0": [0, 1.5, 0.25]
					}
				},
				"leg_left": {
					"rotation": {
						"0.0": ["-90+Math.sin((query.anim_time-0.6) * 90 * 4*2) * 5", 0, 0],
						"1.0": ["-90+Math.sin((query.anim_time-0.6) * 90 * 4*2) * 5", 0, 0],
						"1.25": ["-127.5+Math.sin((query.anim_time-0.6) * 90 * 4*2) * 5", 0, 0],
						"2.0": ["-90+Math.sin((query.anim_time-0.6) * 90 * 4*2) * 5", 0, 0]
					},
					"position": {
						"0.0": [1, 0, -5.5],
						"1.0": [1, 0, -5.5],
						"1.25": [1, 0, -5.5],
						"2.0": [1, 0, -5.5]
					}
				},
				"leg_left2": {
					"rotation": [40, 0, 0]
				},
				"talon_left_inner": {
					"rotation": [42.5, 0, 0]
				},
				"talon_left_outer": {
					"rotation": [42.5, 0, 0]
				},
				"talon_left_back": {
					"rotation": [-40, 0, 0]
				},
				"leg_right": {
					"rotation": {
						"0.0": ["-90+Math.sin((query.anim_time-0.6) * 90 * 4*2) * 5", 0, 0],
						"1.0": ["-90+Math.sin((query.anim_time-0.6) * 90 * 4*2) * 5", 0, 0],
						"1.25": ["-127.5+Math.sin((query.anim_time-0.6) * 90 * 4*2) * 5", 0, 0],
						"2.0": ["-90+Math.sin((query.anim_time-0.6) * 90 * 4*2) * 5", 0, 0]
					},
					"position": {
						"0.0": [-1, 0, -5.5],
						"1.0": [-1, 0, -5.5],
						"1.25": [-1, 0, -5.5],
						"2.0": [-1, 0, -5.5]
					}
				},
				"leg_right2": {
					"rotation": [40, 0, 0]
				},
				"talon_right_outer": {
					"rotation": [42.5, 0, 0]
				},
				"talon_right_inner": {
					"rotation": [42.5, 0, 0]
				},
				"talon_right_back": {
					"rotation": [-42.5, 0, 0]
				},
				"head": {
					"rotation": {
						"0.0": ["11+Math.cos((query.anim_time-0.6) * 90 * 4*2) * 1", "Math.cos((query.anim_time-0.6) * 90 * 4*2) * 1", 0],
						"1.0": ["11+Math.cos((query.anim_time-0.6) * 90 * 4*2) * 1", "Math.cos((query.anim_time-0.6) * 90 * 4*2) * 1", 0],
						"1.25": ["21+Math.cos((query.anim_time-0.6) * 90 * 4*2) * 1", "Math.cos((query.anim_time-0.6) * 90 * 4*2) * 1", 0],
						"2.0": ["11+Math.cos((query.anim_time-0.6) * 90 * 4*2) * 1", "Math.cos((query.anim_time-0.6) * 90 * 4*2) * 1", 0]
					},
					"position": {
						"0.0": [0, -0.25, 0],
						"1.0": [0, -0.25, 0],
						"1.25": [0, -0.75, -0.75],
						"2.0": [0, -0.25, 0]
					}
				},
				"leaf_small": {
					"rotation": ["Math.cos((query.anim_time-0.6) * 90 * 4*2) * 4", "-Math.cos((query.anim_time-0.6) * 90 * 4*2) * 8", 0]
				},
				"leaf_big": {
					"rotation": ["Math.cos((query.anim_time-0.6) * 90 * 4*2) * 4", "Math.cos((query.anim_time-0.6) * 90 * 4*2) * 4", 0]
				},
				"wing_top_left": {
					"rotation": {
						"0.0": [0, "-Math.sin((query.anim_time) * 90* 15) * 30", 0],
						"2.0": [0, "-Math.sin((query.anim_time) * 90* 15) * 30", 0]
					}
				},
				"wing_bottom_right": {
					"rotation": [0, "Math.sin((query.anim_time) * 90* 15) * 30", 0]
				},
				"wing_bottom_left": {
					"rotation": [0, "-Math.sin((query.anim_time) * 90* 15) * 30", 0]
				},
				"wing_top_right": {
					"rotation": [0, "Math.sin((query.anim_time) * 90* 15) * 30", 0]
				},
				"beak3": {
					"rotation": ["Math.cos((query.anim_time-0.2) * 90 * 4*2-30) * -4", "Math.cos((query.anim_time-0.2) * 90 * 4*2-30) * -1", 0]
				},
				"beak4": {
					"rotation": ["Math.cos((query.anim_time-0.2) * 90 * 4*2-30) * -4", "Math.cos((query.anim_time-0.2) * 90 * 4*2-30) * -1", 0]
				},
				"beak5": {
					"rotation": ["Math.cos((query.anim_time-0.2) * 90 * 4*2-30) * -4", "Math.cos((query.anim_time-0.2) * 90 * 4*2-30) * -1", 0]
				},
				"arm_left": {
					"rotation": ["75+Math.cos((query.anim_time-0.4) * 90 * 4*2) * 4", "3+Math.cos((query.anim_time-0.4) * 90 * 4*2) * 1", 0]
				},
				"arm_right": {
					"rotation": ["75+Math.cos((query.anim_time-0.4) * 90 * 4*2) * 4", "-3+Math.cos((query.anim_time-0.4) * 90 * 4*2) * 1", 0]
				},
				"body": {
					"rotation": ["Math.cos((query.anim_time-0.3) * 90 * 4*2+10) * 2", 0, "Math.cos((query.anim_time-0.5) * 90 * 4) * 2"],
					"position": [0, "6.5+Math.cos((query.anim_time) * 90 * 4*2) * 0.3", 5]
				},
				"wing_top_left2": {
					"rotation": ["Math.sin((query.anim_time) * 90* 15) * 30", "-Math.sin((query.anim_time) * 90* 15) * 30", 0]
				},
				"wing_top_right2": {
					"rotation": ["Math.sin((query.anim_time) * 90* 15) * 30", "Math.sin((query.anim_time) * 90* 15) * 30", 0]
				},
				"tail_base": {
					"rotation": {
						"0.0": [-90, 0, 0],
						"1.0": [-90, 0, 0],
						"1.25": [-107.5, 0, 0],
						"2.0": [-90, 0, 0]
					},
					"position": {
						"0.0": [0, 2.75, 0.5],
						"1.0": [0, 2.75, 0.5],
						"1.25": [0, 3.75, 2.25],
						"2.0": [0, 2.75, 0.5]
					}
				},
				"turbine": {
					"rotation": {
						"0.0": {
							"post": [0, 0, 0],
							"lerp_mode": "catmullrom"
						},
						"1.0": {
							"post": [0, 360, 0],
							"lerp_mode": "catmullrom"
						},
						"1.5": {
							"post": [0, -600, 0],
							"lerp_mode": "catmullrom"
						},
						"2.0": {
							"post": [0, 0, 0],
							"lerp_mode": "catmullrom"
						}
					}
				},
				"legs": {
					"position": {
						"0.0": [0, 0, 0],
						"1.0": [0, 0, 0],
						"1.25": [0, 5, -3],
						"2.0": [0, 0, 0]
					}
				}
			}
		},
		"animation.limonzal.recoil": {
			"animation_length": 1.5,
			"bones": {
				"torso": {
					"rotation": {
						"0.0": [0, 0, 0],
						"0.0417": [-13, 0, 0],
						"0.5833": {
							"pre": [8.66, 0, 0],
							"post": [8.66, 0, 0],
							"lerp_mode": "catmullrom"
						},
						"1.0833": {
							"post": [-2, 0, 0],
							"lerp_mode": "catmullrom"
						},
						"1.5": [0, 0, 0]
					}
				},
				"wing_top_left": {
					"rotation": {
						"0.0": {
							"post": [0, 0, 0],
							"lerp_mode": "catmullrom"
						},
						"0.1667": {
							"post": [0, 17.5, 0],
							"lerp_mode": "catmullrom"
						},
						"0.7083": {
							"post": [0, -20, 0],
							"lerp_mode": "catmullrom"
						},
						"1.125": {
							"post": [0, -1.97, 0],
							"lerp_mode": "catmullrom"
						},
						"1.5": {
							"post": [0, 0, 0],
							"lerp_mode": "catmullrom"
						}
					}
				},
				"wing_bottom_right": {
					"rotation": {
						"0.0": {
							"post": [0, 0, 0],
							"lerp_mode": "catmullrom"
						},
						"0.1667": {
							"post": [0, -17.5, 0],
							"lerp_mode": "catmullrom"
						},
						"0.7083": {
							"post": [0, 20, 0],
							"lerp_mode": "catmullrom"
						},
						"1.125": {
							"post": [0, 1.97, 0],
							"lerp_mode": "catmullrom"
						},
						"1.5": {
							"post": [0, 0, 0],
							"lerp_mode": "catmullrom"
						}
					}
				},
				"wing_bottom_left": {
					"rotation": {
						"0.0": {
							"post": [0, 0, 0],
							"lerp_mode": "catmullrom"
						},
						"0.1667": {
							"post": [0, 17.5, 0],
							"lerp_mode": "catmullrom"
						},
						"0.7083": {
							"post": [0, -20, 0],
							"lerp_mode": "catmullrom"
						},
						"1.125": {
							"post": [0, -1.97, 0],
							"lerp_mode": "catmullrom"
						},
						"1.5": {
							"post": [0, 0, 0],
							"lerp_mode": "catmullrom"
						}
					}
				},
				"wing_top_right": {
					"rotation": {
						"0.0": {
							"post": [0, 0, 0],
							"lerp_mode": "catmullrom"
						},
						"0.1667": {
							"post": [0, -17.5, 0],
							"lerp_mode": "catmullrom"
						},
						"0.7083": {
							"post": [0, 20, 0],
							"lerp_mode": "catmullrom"
						},
						"1.125": {
							"post": [0, 1.97, 0],
							"lerp_mode": "catmullrom"
						},
						"1.5": {
							"post": [0, 0, 0],
							"lerp_mode": "catmullrom"
						}
					}
				},
				"head": {
					"rotation": {
						"0.0": [0, 0, 0],
						"0.0417": {
							"pre": [11, 0, 0],
							"post": [11, 0, 0],
							"lerp_mode": "catmullrom"
						},
						"0.1667": {
							"post": [-9.58, 0, 0],
							"lerp_mode": "catmullrom"
						},
						"0.375": {
							"post": [-7, 0, 0],
							"lerp_mode": "catmullrom"
						},
						"0.7083": {
							"post": [-3.3, 0, 0],
							"lerp_mode": "catmullrom"
						},
						"1.0417": {
							"post": [0.7, 0, 0],
							"lerp_mode": "catmullrom"
						},
						"1.5": [0, 0, 0]
					}
				},
				"eye_left": {
					"scale": {
						"0.0": [1, 1, 1],
						"0.0833": [1, 0, 1],
						"0.1667": [1, 1, 1]
					}
				},
				"eye_right": {
					"scale": {
						"0.0": [1, 1, 1],
						"0.0833": [1, 0, 1],
						"0.1667": [1, 1, 1]
					}
				},
				"arm_left": {
					"rotation": {
						"0.0": [0, 0, 0],
						"0.1667": {
							"pre": [0, 20, 0],
							"post": [0, 20, 0],
							"lerp_mode": "catmullrom"
						},
						"0.625": {
							"post": [0, -6.21, 0],
							"lerp_mode": "catmullrom"
						},
						"1.5": [0, 0, 0]
					}
				},
				"arm_right": {
					"rotation": {
						"0.0": [0, 0, 0],
						"0.1667": {
							"pre": [0, -20, 0],
							"post": [0, -20, 0],
							"lerp_mode": "catmullrom"
						},
						"0.625": {
							"post": [0, 6.21, 0],
							"lerp_mode": "catmullrom"
						},
						"1.5": [0, 0, 0]
					}
				}
			}
		},
		"animation.limonzal.faint": {
			"animation_length": 5,
			"bones": {
				"leaves_left": {
					"rotation": {
						"0.0": ["-Math.sin((query.anim_time-0.6) * 90 * 4*2) * 5", 0, 0],
						"0.2917": ["-Math.sin((query.anim_time-0.6) * 90 * 4*2) * 5", 0, 0],
						"1.25": [0, 0, 0]
					}
				},
				"leaves_middle": {
					"rotation": {
						"0.0": ["-Math.sin((query.anim_time-0.6) * 90 * 4*2) * 5", 0, 0],
						"0.2917": ["-Math.sin((query.anim_time-0.6) * 90 * 4*2) * 5", 0, 0],
						"1.25": [0, 0, 0]
					}
				},
				"leaves_right": {
					"rotation": {
						"0.0": ["-Math.sin((query.anim_time-0.6) * 90 * 4*2) * 5", 0, 0],
						"0.2917": ["-Math.sin((query.anim_time-0.6) * 90 * 4*2) * 5", 0, 0],
						"1.25": [0, 0, 0]
					}
				},
				"neck": {
					"rotation": {
						"0.0": ["1+Math.cos((query.anim_time-0.6) * 90 * 4*2) * -2", 0, 0],
						"0.2917": ["1+Math.cos((query.anim_time-0.6) * 90 * 4*2) * -2", 0, 0],
						"0.5833": ["15+Math.cos((query.anim_time-0.6) * 90 * 4*2) * -2", 0, 0],
						"1.25": [52.5, 0, 0]
					},
					"position": {
						"0.0": [0, 0, 0],
						"1.25": [0, -4, -1.5]
					}
				},
				"torso_top": {
					"rotation": {
						"0.0": ["-12.5+Math.cos((query.anim_time-0.55) * 90 * 4*2) * 3", 0, 0],
						"0.2917": ["-12.5+Math.cos((query.anim_time-0.55) * 90 * 4*2) * 3", 0, 0],
						"0.5833": ["-15+Math.cos((query.anim_time-0.55) * 90 * 4*2) * 3", 0, 0],
						"1.25": [-30, 0, 0]
					}
				},
				"belly": {
					"rotation": {
						"0.0": ["-40+Math.cos((query.anim_time-0.4) * 90 * 4*2) * 2", 0, 0],
						"0.2917": ["-40+Math.cos((query.anim_time-0.4) * 90 * 4*2) * 2", 0, 0],
						"0.5833": ["Math.cos((query.anim_time-0.4) * 90 * 4*2) * 2", 0, 0],
						"1.25": [-20.12707, -1.05357, 0.81934]
					},
					"position": {
						"0.0": [0, 1.25, 0],
						"0.2917": [0, 1.25, 0],
						"0.5833": [0, 0, 0],
						"1.25": [0, 0, 0]
					}
				},
				"tail": {
					"rotation": {
						"0.0": ["-79+Math.cos((query.anim_time-0.2) * 90 * 4*2-30) * -4", 0, 0],
						"0.2917": ["-79+Math.cos((query.anim_time-0.2) * 90 * 4*2-30) * -4", 0, 0],
						"0.5833": ["Math.cos((query.anim_time-0.2) * 90 * 4*2-30) * -4", 0, 0],
						"1.25": [-2.5, 0, 0]
					},
					"position": {
						"0.0": [0, 3, 2.25],
						"0.2917": [0, 3, 2.25],
						"0.5833": [0, 0, 0],
						"1.25": [0, 0.25, -0.25]
					}
				},
				"tail_end": {
					"rotation": {
						"0.0": ["-29-Math.cos((query.anim_time-0.2) * 90 * 4*2-30) * -4", 0, 0],
						"0.2917": ["-29-Math.cos((query.anim_time-0.2) * 90 * 4*2-30) * -4", 0, 0],
						"0.5833": ["Math.cos((query.anim_time-0.2) * 90 * 4*2-30) * -4", 0, 0],
						"1.25": [15, 0, 0]
					},
					"position": {
						"0.0": [0, 1.5, 0.25],
						"0.2917": [0, 1.5, 0.25],
						"0.5833": [0, 0, 0],
						"1.25": [0, 1, -0.5]
					}
				},
				"leg_left": {
					"rotation": {
						"0.0": ["-90+Math.sin((query.anim_time-0.6) * 90 * 4*2) * 5", 0, 0],
						"0.2917": ["-90+Math.sin((query.anim_time-0.6) * 90 * 4*2) * 5", 0, 0],
						"1.25": [-132.5, 0, 0]
					},
					"position": {
						"0.0": [1, 0, -5.5],
						"0.2917": [1, 0, -5.5],
						"0.5833": [0, 0, 0],
						"1.25": [0, 1.25, -2]
					}
				},
				"leg_left2": {
					"rotation": {
						"0.0": [40, 0, 0],
						"0.2917": [40, 0, 0],
						"0.5833": [40, 0, 0],
						"1.25": [40, 0, 0]
					}
				},
				"talon_left_inner": {
					"rotation": {
						"0.0": [42.5, 0, 0],
						"0.2917": [42.5, 0, 0],
						"0.5833": [42.5, 0, 0],
						"1.25": [42.5, 0, 0]
					}
				},
				"talon_left_outer": {
					"rotation": {
						"0.0": [42.5, 0, 0],
						"0.2917": [42.5, 0, 0],
						"0.5833": [42.5, 0, 0],
						"1.25": [42.5, 0, 0]
					}
				},
				"talon_left_back": {
					"rotation": {
						"0.0": [-40, 0, 0],
						"0.2917": [-40, 0, 0],
						"0.5833": [-42.5, 0, 0],
						"1.25": [-42.5, 0, 0]
					}
				},
				"leg_right": {
					"rotation": {
						"0.0": ["-90+Math.sin((query.anim_time-0.6) * 90 * 4*2) * 5", 0, 0],
						"0.2917": ["-90+Math.sin((query.anim_time-0.6) * 90 * 4*2) * 5", 0, 0],
						"1.25": [-132.5, 0, 0]
					},
					"position": {
						"0.0": [-1, 0, -5.5],
						"0.2917": [-1, 0, -5.5],
						"0.5833": [0, 0, 0],
						"1.25": [0, 1.25, -2]
					}
				},
				"leg_right2": {
					"rotation": {
						"0.0": [40, 0, 0],
						"0.2917": [40, 0, 0],
						"0.5833": [40, 0, 0],
						"1.25": [40, 0, 0]
					}
				},
				"talon_right_outer": {
					"rotation": {
						"0.0": [42.5, 0, 0],
						"0.2917": [42.5, 0, 0],
						"0.5833": [42.5, 0, 0],
						"1.25": [42.5, 0, 0]
					}
				},
				"talon_right_inner": {
					"rotation": {
						"0.0": [42.5, 0, 0],
						"0.2917": [42.5, 0, 0],
						"0.5833": [42.5, 0, 0],
						"1.25": [42.5, 0, 0]
					}
				},
				"talon_right_back": {
					"rotation": {
						"0.0": [-42.5, 0, 0],
						"0.2917": [-42.5, 0, 0]
					}
				},
				"head": {
					"rotation": {
						"0.0": ["11+Math.cos((query.anim_time-0.6) * 90 * 4*2) * 1", "Math.cos((query.anim_time-0.6) * 90 * 4*2) * 1", 0],
						"0.2917": ["11+Math.cos((query.anim_time-0.6) * 90 * 4*2) * 1", "Math.cos((query.anim_time-0.6) * 90 * 4*2) * 1", 0],
						"1.25": [-21.5, 0, 0]
					},
					"position": {
						"0.0": [0, -0.25, 0],
						"0.2917": [0, -0.25, 0],
						"1.25": [0, -2, -3]
					}
				},
				"leaf_small": {
					"rotation": {
						"0.0": ["Math.cos((query.anim_time-0.6) * 90 * 4*2) * 4", "-Math.cos((query.anim_time-0.6) * 90 * 4*2) * 8", 0],
						"0.2917": ["Math.cos((query.anim_time-0.6) * 90 * 4*2) * 4", "-Math.cos((query.anim_time-0.6) * 90 * 4*2) * 8", 0],
						"1.25": [-32.5, 0, 0]
					}
				},
				"leaf_big": {
					"rotation": {
						"0.0": ["Math.cos((query.anim_time-0.6) * 90 * 4*2) * 4", "Math.cos((query.anim_time-0.6) * 90 * 4*2) * 4", 0],
						"0.2917": ["Math.cos((query.anim_time-0.6) * 90 * 4*2) * 4", "Math.cos((query.anim_time-0.6) * 90 * 4*2) * 4", 0],
						"1.25": [-42.5, 0, 0]
					}
				},
				"wing_top_left": {
					"rotation": {
						"0.0": [0, "-Math.sin((query.anim_time) * 90* 15) * 30", 0],
						"0.2917": [0, "-Math.sin((query.anim_time) * 90* 15) * 30", 0],
						"0.5833": [0, "-Math.sin((query.anim_time) * 90* 15) * 30", 0],
						"1.25": [31.91181, 23.02471, -8.8911]
					}
				},
				"wing_bottom_right": {
					"rotation": {
						"0.0": [0, "Math.sin((query.anim_time) * 90* 15) * 30", 0],
						"0.2917": [0, "Math.sin((query.anim_time) * 90* 15) * 30", 0],
						"0.5833": [0, "Math.sin((query.anim_time) * 90* 15) * 30", 0],
						"1.25": [40, 0, 0]
					}
				},
				"wing_bottom_left": {
					"rotation": {
						"0.0": [0, "-Math.sin((query.anim_time) * 90* 15) * 30", 0],
						"0.2917": [0, "-Math.sin((query.anim_time) * 90* 15) * 30", 0],
						"0.5833": [0, "-Math.sin((query.anim_time) * 90* 15) * 30", 0],
						"1.25": [-40, 0, 0]
					}
				},
				"wing_top_right": {
					"rotation": {
						"0.0": [0, "Math.sin((query.anim_time) * 90* 15) * 30", 0],
						"0.2917": [0, "Math.sin((query.anim_time) * 90* 15) * 30", 0],
						"0.5833": [0, "Math.sin((query.anim_time) * 90* 15) * 30", 0],
						"1.25": [31.91181, -23.02471, 8.8911]
					}
				},
				"beak3": {
					"rotation": {
						"0.0": ["Math.cos((query.anim_time-0.2) * 90 * 4*2-30) * -4", "Math.cos((query.anim_time-0.2) * 90 * 4*2-30) * -1", 0],
						"0.2917": ["Math.cos((query.anim_time-0.2) * 90 * 4*2-30) * -4", "Math.cos((query.anim_time-0.2) * 90 * 4*2-30) * -1", 0],
						"1.25": [47.5, 0, 0]
					}
				},
				"beak4": {
					"rotation": {
						"0.0": ["Math.cos((query.anim_time-0.2) * 90 * 4*2-30) * -4", "Math.cos((query.anim_time-0.2) * 90 * 4*2-30) * -1", 0],
						"0.2917": ["Math.cos((query.anim_time-0.2) * 90 * 4*2-30) * -4", "Math.cos((query.anim_time-0.2) * 90 * 4*2-30) * -1", 0],
						"1.25": [50.10583, -0.49838, -1.3222]
					}
				},
				"beak5": {
					"rotation": {
						"0.0": ["Math.cos((query.anim_time-0.2) * 90 * 4*2-30) * -4", "Math.cos((query.anim_time-0.2) * 90 * 4*2-30) * -1", 0],
						"0.2917": ["Math.cos((query.anim_time-0.2) * 90 * 4*2-30) * -4", "Math.cos((query.anim_time-0.2) * 90 * 4*2-30) * -1", 0],
						"1.25": [42.5, 0, 0]
					}
				},
				"arm_left": {
					"rotation": {
						"0.0": ["75+Math.cos((query.anim_time-0.4) * 90 * 4*2) * 4", "3+Math.cos((query.anim_time-0.4) * 90 * 4*2) * 1", 0],
						"0.2917": ["75+Math.cos((query.anim_time-0.4) * 90 * 4*2) * 4", "3+Math.cos((query.anim_time-0.4) * 90 * 4*2) * 1", 0],
						"1.25": [75, 3, 0]
					}
				},
				"arm_right": {
					"rotation": {
						"0.0": ["75+Math.cos((query.anim_time-0.4) * 90 * 4*2) * 4", "-3+Math.cos((query.anim_time-0.4) * 90 * 4*2) * 1", 0],
						"0.2917": ["75+Math.cos((query.anim_time-0.4) * 90 * 4*2) * 4", "-3+Math.cos((query.anim_time-0.4) * 90 * 4*2) * 1", 0],
						"1.25": [75, -3, 0]
					}
				},
				"body": {
					"rotation": {
						"0.0": ["Math.cos((query.anim_time-0.3) * 90 * 4*2+10) * 2", 0, "Math.cos((query.anim_time-0.5) * 90 * 4) * 2"],
						"0.2917": ["Math.cos((query.anim_time-0.3) * 90 * 4*2+10) * 2", 0, "Math.cos((query.anim_time-0.5) * 90 * 4) * 2"],
						"0.5833": [47.5, 0, 0],
						"1.25": [47.5, 0, 0]
					},
					"position": {
						"0.0": [0, "6.5+Math.cos((query.anim_time) * 90 * 4*2) * 0.3", 5],
						"0.2917": [0, "13.5+Math.cos((query.anim_time) * 90 * 4*2) * 0.3", 5],
						"0.375": [0, 16.64, 5],
						"0.5833": [0, "10.5+Math.cos((query.anim_time) * 90 * 4*2) * 0.3", 5],
						"1.25": [0, "-3+Math.sin((query.anim_time) * 180* 7.5) * 0.5", 6.75],
						"1.7917": [0, -3, 3.75]
					}
				},
				"wing_top_left2": {
					"rotation": {
						"0.0": ["Math.sin((query.anim_time) * 90* 15) * 30", "-Math.sin((query.anim_time) * 90* 15) * 30", 0],
						"0.2917": ["Math.sin((query.anim_time) * 90* 15) * 30", "-Math.sin((query.anim_time) * 90* 15) * 30", 0],
						"0.5833": ["Math.sin((query.anim_time) * 90* 15) * 30", "-Math.sin((query.anim_time) * 90* 15) * 30", 0],
						"1.25": [0, 0, 0]
					}
				},
				"wing_top_right2": {
					"rotation": {
						"0.0": ["Math.sin((query.anim_time) * 90* 15) * 30", "Math.sin((query.anim_time) * 90* 15) * 30", 0],
						"0.2917": ["Math.sin((query.anim_time) * 90* 15) * 30", "Math.sin((query.anim_time) * 90* 15) * 30", 0],
						"0.5833": ["Math.sin((query.anim_time) * 90* 15) * 30", "Math.sin((query.anim_time) * 90* 15) * 30", 0],
						"1.25": [0, 0, 0]
					}
				},
				"tail_base": {
					"rotation": {
						"0.0": [-90, 0, 0],
						"0.2917": [-90, 0, 0],
						"0.5833": ["-45+Math.cos((query.anim_time-0.4) * 90 * 4*2) * 2", 0, 0],
						"1.25": [-47.5, 0, 0]
					},
					"position": {
						"0.0": [0, 2.75, 0.5],
						"0.2917": [0, 2.75, 0.5],
						"0.5833": [0, 0, 0],
						"1.25": [0, 0.5, 0]
					}
				},
				"turbine": {
					"rotation": {
						"0.0": [0, 0, 0],
						"1.0": [0, 360, 0],
						"1.25": [0, 0, 0]
					}
				},
				"dive": {
					"rotation": {
						"0.0": {
							"post": [0, 0, 0],
							"lerp_mode": "catmullrom"
						},
						"0.5833": {
							"post": [0, 0, 0],
							"lerp_mode": "catmullrom"
						},
						"1.0833": {
							"post": [-360, 0, 0],
							"lerp_mode": "catmullrom"
						},
						"1.25": {
							"post": [-360, 0, 0],
							"lerp_mode": "catmullrom"
						}
					},
					"position": {
						"1.0833": {
							"pre": [0, 0, 0],
							"post": [0, 0, 0],
							"lerp_mode": "catmullrom"
						},
						"1.25": {
							"post": [0, 0, -30],
							"lerp_mode": "catmullrom"
						}
					},
					"scale": {
						"1.25": {
							"pre": [1, 1, 1],
							"post": [1, 1, 1],
							"lerp_mode": "catmullrom"
						}
					}
				},
				"leaves_head": {
					"rotation": {
						"0.0": [0, 0, 0],
						"1.25": [37.5, 0, 0]
					},
					"position": {
						"0.0": [0, 0, 0],
						"1.25": [0, 0.75, 1.25]
					}
				},
				"beak": {
					"rotation": {
						"0.0": [0, 0, 0],
						"1.25": [-25, 0, 0]
					},
					"position": {
						"0.0": [0, 0, 0],
						"1.25": [0, -0.75, 0.5]
					}
				},
				"beak2": {
					"rotation": {
						"0.0": [0, 0, 0],
						"1.25": [2.5, 0, 0]
					}
				},
				"eye_left": {
					"scale": {
						"0.0": [1, 1, 1],
						"1.125": [1, 1, 1],
						"1.25": [0, 0, 1]
					}
				},
				"eye_right": {
					"scale": {
						"0.0": [1, 1, 1],
						"1.125": [1, 1, 1],
						"1.25": [0, 0, 1]
					}
				}
			}
		}
	}
}