{
	"format_version": "1.12.0",
	"minecraft:geometry": [
		{
			"description": {
				"identifier": "geometry.uneye",
				"texture_width": 64,
				"texture_height": 64,
				"visible_bounds_width": 4,
				"visible_bounds_height": 3.5,
				"visible_bounds_offset": [0, 1.25, 0]
			},
			"bones": [
				{
					"name": "uneye",
					"pivot": [0, 0, 0]
				},
				{
					"name": "head",
					"parent": "uneye",
					"pivot": [0, 19, 0],
					"cubes": [
						{"origin": [-7, 19, -2], "size": [14, 14, 4], "uv": [0, 0]},
						{"origin": [3, 29, -1], "size": [6, 6, 2], "uv": [43, 23]},
						{"origin": [-9, 29, -1], "size": [6, 6, 2], "uv": [43, 23], "mirror": true}
					]
				},
				{
					"name": "bone2",
					"parent": "uneye",
					"pivot": [0, 19, 0],
					"cubes": [
						{"origin": [-2, 5, -1], "size": [4, 16, 2], "uv": [41, 2]}
					]
				},
				{
					"name": "bone3",
					"parent": "bone2",
					"pivot": [1, 5, 1],
					"rotation": [74.65279, 12.06754, -13.28396],
					"cubes": [
						{"origin": [0, -7, 1], "size": [2, 12, 0], "uv": [9, 30]}
					]
				},
				{
					"name": "bone5",
					"parent": "bone3",
					"pivot": [1, -7, 1],
					"cubes": [
						{"origin": [-3, -15, 1], "size": [8, 8, 0], "uv": [20, 24]}
					]
				},
				{
					"name": "bone4",
					"parent": "bone2",
					"pivot": [-1, 5, 1],
					"rotation": [74.65279, -12.06754, 13.28396],
					"cubes": [
						{"origin": [-2, -7, 1], "size": [2, 12, 0], "uv": [9, 30], "mirror": true}
					]
				},
				{
					"name": "bone6",
					"parent": "bone4",
					"pivot": [-1, -7, 1],
					"cubes": [
						{"origin": [-5, -15, 1], "size": [8, 8, 0], "uv": [20, 24], "mirror": true}
					]
				}
			]
		}
	]
}