{
	"format_version": "1.12.0",
	"minecraft:geometry": [
		{
			"description": {
				"identifier": "geometry.unknown",
				"texture_width": 128,
				"texture_height": 128,
				"visible_bounds_width": 4,
				"visible_bounds_height": 3.5,
				"visible_bounds_offset": [0, 1.25, 0]
			},
			"bones": [
				{
					"name": "slowbro",
					"pivot": [0, 0, 0]
				},
				{
					"name": "body",
					"parent": "slowbro",
					"pivot": [0, 11, 1]
				},
				{
					"name": "torso",
					"parent": "body",
					"pivot": [-0.5, 6, 0.5],
					"rotation": [7.5, 0, 0],
					"cubes": [
						{"origin": [-5, 12, -4], "size": [10, 6, 9], "uv": [0, 20]},
						{"origin": [-5.5, 3, -4.5], "size": [11, 9, 11], "uv": [0, 0]}
					]
				},
				{
					"name": "head",
					"parent": "torso",
					"pivot": [0, 17.5, 0],
					"cubes": [
						{"origin": [-0.55, 18.2, -7], "size": [4, 2, 3], "pivot": [4.5, 18.2, -6.5], "rotation": [0, 0, 12.5], "uv": [59, 19]},
						{"origin": [-3.45, 18.2, -7], "size": [4, 2, 3], "pivot": [-4.5, 18.2, -6.5], "rotation": [0, 0, -12.5], "uv": [56, 55]},
						{"origin": [0.5, 19.7, -7.151], "size": [1, 1, 1], "inflate": -0.15, "pivot": [1.5, 20.2, -7.5], "rotation": [0, 0, -25], "uv": [45, 46]},
						{"origin": [-1.5, 19.7, -7.151], "size": [1, 1, 1], "inflate": -0.15, "pivot": [-1.5, 20.2, -7.5], "rotation": [0, 0, 25], "uv": [39, 6]},
						{"origin": [1.5, 18.45, -6.75], "size": [1, 1, 0], "pivot": [2, 18.45, -6.75], "rotation": [0, 0, 45], "uv": [0, 1]},
						{"origin": [-2.5, 18.45, -6.75], "size": [1, 1, 0], "pivot": [-2, 18.45, -6.75], "rotation": [0, 0, -45], "uv": [0, 0]},
						{"origin": [-4.5, 17.5, -4.5], "size": [9, 8, 8], "uv": [30, 27]}
					]
				},
				{
					"name": "ear_left",
					"parent": "head",
					"pivot": [4, 24.5, -1.5],
					"rotation": [0, 0, 45],
					"cubes": [
						{"origin": [2.5, 24.5, -2], "size": [3, 3, 1], "uv": [29, 20]}
					]
				},
				{
					"name": "ear_right",
					"parent": "head",
					"pivot": [-4, 24.5, -1.5],
					"rotation": [0, 0, -45],
					"cubes": [
						{"origin": [-5.5, 24.5, -2], "size": [3, 3, 1], "uv": [0, 4]}
					]
				},
				{
					"name": "eye_left",
					"parent": "head",
					"pivot": [3.135, 21.25, -4.0125],
					"cubes": [
						{"origin": [1.51, 20.45, -4.51], "size": [3, 3, 1], "uv": [0, 24]},
						{"origin": [2.96, 21.75, -4.615], "size": [1, 1, 1], "inflate": -0.1, "uv": [34, 27]}
					]
				},
				{
					"name": "eye_right",
					"parent": "head",
					"pivot": [-3.135, 21.25, -4.0125],
					"cubes": [
						{"origin": [-4.51, 20.55, -4.51], "size": [3, 3, 1], "uv": [0, 20]},
						{"origin": [-3.96, 21.85, -4.615], "size": [1, 1, 1], "inflate": -0.1, "uv": [7, 3]}
					]
				},
				{
					"name": "jaw",
					"parent": "head",
					"pivot": [0, 19.2, -4.5],
					"rotation": [25, 0, 0],
					"cubes": [
						{"origin": [-3, 18.2, -6.7], "size": [6, 1, 3], "uv": [56, 30]}
					]
				},
				{
					"name": "arm_left",
					"parent": "torso",
					"pivot": [5, 15.25, -1.75],
					"cubes": [
						{"origin": [2.5, 13.75, -3.25], "size": [6, 3, 3], "inflate": 0.001, "uv": [58, 0]}
					]
				},
				{
					"name": "shell",
					"parent": "arm_left",
					"pivot": [8.5, 15.25, -1.75],
					"cubes": [
						{"origin": [8.5, 12.75, -4.25], "size": [2, 5, 5], "uv": [47, 55]},
						{"origin": [8.5, 17.751, -3.75], "size": [2, 0, 4], "uv": [63, 47]},
						{"origin": [6.5, 17.75, -4.25], "size": [2, 0, 5], "uv": [37, 55]},
						{"origin": [6.5, 16.75, 0.75], "size": [2, 1, 0], "uv": [47, 56]},
						{"origin": [6.5, 16.75, -4.25], "size": [2, 1, 0], "uv": [47, 55]},
						{"origin": [7.5, 13.75, -3.75], "size": [1, 3, 0], "uv": [32, 55]},
						{"origin": [7.5, 13.25, -3.25], "size": [1, 0, 3], "uv": [25, 55]},
						{"origin": [7.5, 13.75, 0.25], "size": [1, 3, 0], "uv": [30, 55]},
						{"origin": [10.5, 11.75, -5.25], "size": [4, 7, 7], "uv": [37, 13]},
						{"origin": [11, 17.25, -1.75], "size": [3, 4, 0], "uv": [40, 43]},
						{"origin": [11, 17.65, -1.65], "size": [3, 4, 0], "pivot": [12, 15.25, -1.75], "rotation": [-72, 0, 0], "uv": [23, 35]},
						{"origin": [11, 17.95, -1.55], "size": [3, 4, 0], "pivot": [12, 15.25, -1.75], "rotation": [-144, 0, 0], "uv": [0, 35]},
						{"origin": [11, 17.95, -1.95], "size": [3, 4, 0], "pivot": [12, 15.25, -1.75], "rotation": [143, 0, 0], "uv": [33, 6]},
						{"origin": [11, 17.65, -1.85], "size": [3, 4, 0], "pivot": [12, 15.25, -1.75], "rotation": [72, 0, 0], "uv": [29, 24]},
						{"origin": [14.5, 12.75, -4.25], "size": [3, 5, 5], "uv": [13, 55]},
						{"origin": [15, 10.75, -1.75], "size": [2, 3, 0], "pivot": [16.5, 15.25, -1.75], "rotation": [0, 0, -10], "uv": [46, 43]},
						{"origin": [15, 10.75, -1.75], "size": [2, 3, 0], "pivot": [16.5, 15.25, -1.75], "rotation": [-120.38126, -8.64917, 5.03837], "uv": [46, 0]},
						{"origin": [15, 10.75, -1.75], "size": [2, 3, 0], "pivot": [16.5, 15.25, -1.75], "rotation": [120.38126, 8.64917, 5.03837], "uv": [6, 8]}
					]
				},
				{
					"name": "barrel",
					"parent": "shell",
					"pivot": [17.5, 15.25, -1.75],
					"cubes": [
						{"origin": [17.5, 14.25, -2.75], "size": [2, 2, 2], "uv": [0, 0]},
						{"origin": [18.5, 14.75, -2.25], "size": [1, 1, 1], "inflate": 0.01, "uv": [6, 0]}
					]
				},
				{
					"name": "arm_right",
					"parent": "torso",
					"pivot": [-5, 15.25, -1.75],
					"cubes": [
						{"origin": [-8.5, 13.75, -3.25], "size": [6, 3, 3], "inflate": 0.001, "uv": [56, 24]}
					]
				},
				{
					"name": "arm_right2",
					"parent": "arm_right",
					"pivot": [-8.5, 16.75, -1.75],
					"cubes": [
						{"origin": [-13.5, 13.75, -3.25], "size": [5, 3, 3], "uv": [33, 0]}
					]
				},
				{
					"name": "finger_right",
					"parent": "arm_right2",
					"pivot": [-13, 15.25, -3],
					"cubes": [
						{"origin": [-14.5, 14.75, -3], "size": [2, 1, 0], "uv": [29, 28]}
					]
				},
				{
					"name": "finger_right2",
					"parent": "arm_right2",
					"pivot": [-13, 15.25, -1.75],
					"cubes": [
						{"origin": [-14.5, 14.75, -1.75], "size": [2, 1, 0], "uv": [4, 28]}
					]
				},
				{
					"name": "finger_right3",
					"parent": "arm_right2",
					"pivot": [-13, 15.25, -0.5],
					"cubes": [
						{"origin": [-14.5, 14.75, -0.5], "size": [2, 1, 0], "uv": [0, 28]}
					]
				},
				{
					"name": "tail",
					"parent": "torso",
					"pivot": [0, 6.5, 6.5],
					"cubes": [
						{"origin": [-4, 3.5, 3.5], "size": [8, 7, 7], "uv": [0, 35]}
					]
				},
				{
					"name": "tail2",
					"parent": "tail",
					"pivot": [0, 6.5, 10.6],
					"cubes": [
						{"origin": [-2.5, 4.5, 8.5], "size": [5, 5, 7], "uv": [23, 43]}
					]
				},
				{
					"name": "tail3",
					"parent": "tail2",
					"pivot": [0, 7, 15.5],
					"cubes": [
						{"origin": [-1.5, 5.5, 13.5], "size": [3, 3, 6], "uv": [0, 49]}
					]
				},
				{
					"name": "leg_left",
					"parent": "body",
					"pivot": [6, 5, 0.5],
					"cubes": [
						{"origin": [4.5, 3.5, -3], "size": [4, 6, 6], "uv": [47, 43]}
					]
				},
				{
					"name": "leg_left2",
					"parent": "leg_left",
					"pivot": [6.5, 2.5, -0.5],
					"cubes": [
						{"origin": [5, 0.5, -1.5], "size": [3, 4, 4], "uv": [61, 39]}
					]
				},
				{
					"name": "foot_left",
					"parent": "leg_left2",
					"pivot": [6.5, 1.5, 2],
					"cubes": [
						{"origin": [4.5, 0, -2], "size": [4, 2, 5], "inflate": 0.001, "uv": [29, 55]},
						{"origin": [7, 0, -3.5], "size": [1, 1, 2], "uv": [23, 39]},
						{"origin": [5, 0, -3.5], "size": [1, 1, 2], "uv": [0, 39]}
					]
				},
				{
					"name": "leg_right",
					"parent": "body",
					"pivot": [-6, 5, 0.5],
					"cubes": [
						{"origin": [-8.5, 3.5, -3], "size": [4, 6, 6], "uv": [44, 0]}
					]
				},
				{
					"name": "leg_right2",
					"parent": "leg_right",
					"pivot": [-6.5, 2.5, -0.5],
					"cubes": [
						{"origin": [-8, 0.5, -1.5], "size": [3, 4, 4], "uv": [0, 61]}
					]
				},
				{
					"name": "foot_right",
					"parent": "leg_right2",
					"pivot": [-6.5, 1.5, 2],
					"cubes": [
						{"origin": [-8.5, 0, -2], "size": [4, 2, 5], "inflate": 0.001, "uv": [52, 12]},
						{"origin": [-8, 0, -3.5], "size": [1, 1, 2], "uv": [37, 8]},
						{"origin": [-6, 0, -3.5], "size": [1, 1, 2], "uv": [0, 8]}
					]
				}
			]
		}
	]
}