{
  "species":"cobblemon:polteageist",
  "order":5,
  "variations":[
    {
      "aspects":[
        "coterian"
      ],
      "poser":"cobblemon:polteageist_coterian",
      "model":"cobblemon:polteageist_coterian.geo",
      "texture":"cobblemon:textures/pokemon/0855_polteageist/polteageist_coterian.png",
      "layers":[
        {
          "name":"stick_fire",
          "texture":{
            "frames":[
              "cobblemon:textures/pokemon/0855_polteageist/stick_fire1.png",
              "cobblemon:textures/pokemon/0855_polteageist/stick_fire2.png",
              "cobblemon:textures/pokemon/0855_polteageist/stick_fire3.png",
              "cobblemon:textures/pokemon/0855_polteageist/stick_fire2.png"
            ],
            "fps":6,
            "loop":true
          },
          "emissive":true,
          "translucent":true
        },
        {
          "name":"glow",
          "texture":"cobblemon:textures/pokemon/0855_polteageist/polteageist_coterian_transparent.png",
          "emissive":false
        }
      ]
    },
    {
      "aspects":[
        "shiny",
        "coterian"
      ],
      "texture":"cobblemon:textures/pokemon/0855_polteageist/polteageist_coterian_shiny.png",
      "layers":[
        {
          "name":"stick_fire",
          "texture":{
            "frames":[
              "cobblemon:textures/pokemon/0855_polteageist/stick_fire1.png",
              "cobblemon:textures/pokemon/0855_polteageist/stick_fire2.png",
              "cobblemon:textures/pokemon/0855_polteageist/stick_fire3.png",
              "cobblemon:textures/pokemon/0855_polteageist/stick_fire2.png"
            ],
            "fps":6,
            "loop":true
          },
          "emissive":true,
          "translucent":true
        },
        {
          "name":"glow",
          "texture":"cobblemon:textures/pokemon/0855_polteageist/polteageist_coterian_transparent.png",
          "emissive":false
        }
      ]
    },
	{
      "aspects":[
        "coterian",
        "premium_roast"
      ],
      "layers":[
        {
          "texture":"cobblemon:textures/pokemon/0855_polteageist/polteageist_coterian_mark.png"
        }
      ]
    }
  ]
}