{
  "enabled": true,
  "neededInstalledMods": [],
  "neededUninstalledMods": [],
  "spawns": [
    {
      "id": "chiyu-1",
      "pokemon": "chiyu",
      "presets": ["natural"],
      "type": "pokemon",
      "context": "grounded",
      "bucket": "ultra-rare",
      "level": "60",
      "weight": 4.0,
      "condition": {
        "biomes": ["minecraft:basalt_deltas"]
      }
    },
    {
      "id": "chiyu-2",
      "pokemon": "chiyu",
      "presets": ["natural"],
      "type": "pokemon",
      "context": "grounded",
      "bucket": "ultra-rare",
      "level": "60",
      "weight": 4.0,
      "condition": {
        "biomes": ["#cobblemon:is_volcanic"]
      }
    }
  ]
}
