{
	"format_version": "1.8.0",
	"animations": {
		"animation.cinderling.ground_idle": {
			"loop": true,
			"animation_length": 3,
			"bones": {
				"body": {
					"rotation": ["-5-math.sin((q.anim_time-0.2)*240)*10", 0, "0+math.cos((q.anim_time)*120)*6"],
					"position": [0, "math.sin((q.anim_time-0.1)*240)*0.4", "math.sin((q.anim_time-0.2)*240)*0.5"]
				},
				"r_leg": {
					"rotation": ["-15+math.sin((q.anim_time-0.1)*240)*20", 0, 0],
					"position": [0, "-0.25+math.sin((q.anim_time-0.1)*240)*0.25", 0]
				},
				"r_foot": {
					"rotation": ["30-math.sin((q.anim_time-0.1)*240)*30", 0, 0]
				},
				"r_toe": {
					"rotation": ["-15+math.sin((q.anim_time-0.1)*240)*15", 0, 0]
				},
				"l_leg": {
					"rotation": ["-15+math.sin((q.anim_time-0.1)*240)*20", 0, 0],
					"position": [0, "-0.25+math.sin((q.anim_time-0.1)*240)*0.25", 0]
				},
				"l_foot": {
					"rotation": ["30-math.sin((q.anim_time-0.1)*240)*30", 0, 0]
				},
				"l_toe": {
					"rotation": ["-15+math.sin((q.anim_time-0.1)*240)*15", 0, 0]
				},
				"shield01": {
					"rotation": [0, -7.5, 0],
					"position": [0.75, 0, 0]
				},
				"r_arm": {
					"rotation": ["-72.41+math.sin((q.anim_time-0.3)*240)*10", -15.01, -17.46]
				},
				"l_arm": {
					"rotation": ["-88.6059+math.sin((q.anim_time-0.3)*240)*10", -8.89826, 24.56359]
				},
				"l_hand": {
					"rotation": [27.57825, "-1.2555+math.sin((q.anim_time-0.5)*240)*10", 87.8037]
				},
				"l_fingers": {
					"rotation": [0, 0, 90]
				},
				"r_hand": {
					"rotation": [5.7589, "-4.8128-math.sin((q.anim_time-0.5)*240)*10", -50.24222]
				},
				"r_fingers": {
					"rotation": [0, 0, -65]
				},
				"r_thumb": {
					"rotation": [70.01753, -0.85481, -2.34941]
				},
				"l_thumb": {
					"rotation": [64.74392, -12.1526, -11.24283]
				},
				"head": {
					"rotation": ["5-math.sin((q.anim_time-0.5)*240)*10", 0, "-math.sin((q.anim_time-0.2)*120)*3"]
				},
				"spear01": {
					"rotation": [0, 0, 45]
				},
				"ring": {
					"rotation": ["-math.sin((q.anim_time-0.7)*240)*20", "-math.sin((q.anim_time-0.6)*120)*20", 0]
				},
				"shield2": {
					"scale": 0
				},
				"spear02": {
					"position": {
						"0.0": [0, -30, 0],
						"3.0": [0, -30, 0]
					},
					"scale": {
						"0.0": [0, 0, 0],
						"3.0": {"pre": [0, 0, 0], "post": [0, 0, 0]}
					}
				},
				"fire": {
					"position": {
						"0.0": [0, -40, 0],
						"3.0": [0, -30, 0]
					},
					"scale": {
						"0.0": [0, 0, 0],
						"3.0": {"pre": [0, 0, 0], "post": [0, 0, 0]}
					}
				},
				"candle": {
					"rotation": ["5+math.sin((q.anim_time-0.3)*240)*10", 0, "0-math.cos((q.anim_time-0.1)*120)*6"],
					"position": [0, "-0.25+math.cos((q.anim_time)*1440)*0.25", 0]
				}
			}
		},
		"animation.cinderling.ground_walk": {
			"loop": true,
			"animation_length": 0.75,
			"bones": {
				"body": {
					"rotation": [10.04, "math.cos((q.anim_time)*480)*10", "math.sin((q.anim_time)*480)*15"],
					"position": ["-math.cos((q.anim_time)*480)*0.5", "0.25+math.sin((q.anim_time)*960)*0.5", 0]
				},
				"r_leg": {
					"rotation": {
						"0.0": ["-0.2127+math.cos((q.anim_time)*480)*30", 3.74196, -6.50446],
						"0.375": ["0.2125+math.cos((q.anim_time)*480)*30", 3.7373, 6.50713],
						"0.75": ["-0.2127+math.cos((q.anim_time)*480)*30", 3.74196, -6.50446]
					},
					"position": ["-math.cos((q.anim_time)*480)*0.5", "math.sin((q.anim_time)*480)*0.5", "math.cos((q.anim_time)*480)*1.5"]
				},
				"r_foot": {
					"rotation": {
						"0.0": [10, 0, 0],
						"0.1667": {
							"pre": [55, 0, 0],
							"post": [55, 0, 0],
							"lerp_mode": "catmullrom"
						},
						"0.4583": {
							"post": [0, 0, 0],
							"lerp_mode": "catmullrom"
						},
						"0.6667": [-3.5, 0, 0],
						"0.75": [10, 0, 0]
					}
				},
				"l_leg": {
					"rotation": {
						"0.0": ["-0.2127-math.cos((q.anim_time)*480)*30", -3.742, 6.5045],
						"0.375": ["0.2125-math.cos((q.anim_time)*480)*30", -3.7373, -6.5071],
						"0.75": ["-0.2127-math.cos((q.anim_time)*480)*30", -3.742, 6.5045]
					},
					"position": ["-math.cos((q.anim_time)*480)*0.5", "-math.sin((q.anim_time)*480)*0.5", "-math.cos((q.anim_time)*480)*1.5"]
				},
				"l_foot": {
					"rotation": {
						"0.0": [0, 0, 0],
						"0.2083": {
							"pre": [0, 0, 0],
							"post": [0, 0, 0],
							"lerp_mode": "catmullrom"
						},
						"0.5417": {
							"post": [47.5, 0, 0],
							"lerp_mode": "catmullrom"
						},
						"0.75": [0, 0, 0]
					}
				},
				"shield01": {
					"rotation": [0, 0, "12.5+math.cos((q.anim_time)*480)*20"],
					"position": [1, 0, 0],
					"scale": 1
				},
				"r_arm": {
					"rotation": [0, "math.cos((q.anim_time+0.2)*480)*30", 0]
				},
				"l_arm": {
					"rotation": [0, "math.cos((q.anim_time+0.2)*480)*30", 0]
				},
				"l_hand": {
					"rotation": [-76.75209, 51.7123, "-8.2289+math.cos((q.anim_time+0.2)*480)*10"]
				},
				"l_fingers": {
					"rotation": [0, 0, 80]
				},
				"r_hand": {
					"rotation": [-69.32828, -60.47283, "-19.2477+math.cos((q.anim_time+0.2)*480)*10"]
				},
				"r_fingers": {
					"rotation": [0, 0, -72.5]
				},
				"r_thumb": {
					"rotation": [47.5, 0, 0]
				},
				"l_thumb": {
					"rotation": [28.62702, -15.46973, -8.28342]
				},
				"head": {
					"rotation": ["-7.46+math.cos((q.anim_time-0.1)*960)*5", "0-math.cos((q.anim_time-0.1)*480)*10", "0-math.sin((q.anim_time-0.1)*480)*10"]
				},
				"spear01": {
					"rotation": [0, 7.5, 0],
					"scale": 1
				},
				"ring": {
					"rotation": ["30+math.cos((q.anim_time-0.2)*960)*10", 0, "math.sin((q.anim_time-0.2)*480)*15"]
				},
				"spear02": {
					"position": {
						"0.0": [0, -30, 0],
						"0.75": [0, -30, 0]
					},
					"scale": {
						"0.0": [0, 0, 0],
						"0.75": {
							"pre": [0, 0, 0],
							"post": [0, 0, 0]
						}
					}
				},
				"shield2": {
					"scale": 0
				},
				"fire": {
					"position": {
						"0.0": [0, -40, 0],
						"0.75": [0, -30, 0]
					},
					"scale": {
						"0.0": [0, 0, 0],
						"0.75": {
							"pre": [0, 0, 0],
							"post": [0, 0, 0]
						}
					}
				},
				"candle": {
					"rotation": [-10.04, "-math.cos((q.anim_time-0.1)*480)*10", "-math.sin((q.anim_time-0.1)*480)*15"],
					"position": [0, "-0.25+math.cos((q.anim_time)*1440)*0.25", 0]
				}
			}
		},
		"animation.cinderling.sleep": {
			"loop": true,
			"animation_length": 2.5,
			"bones": {
				"body": {
					"rotation": ["-20+math.sin((q.anim_time)*144)*3", 0, 0],
					"position": [0, -3, 0]
				},
				"r_leg": {
					"rotation": [-113.3208, -3.37994, -20.85883],
					"position": [0, -2.75, -2]
				},
				"r_foot": {
					"rotation": [95.03742, -4.92385, -0.87038]
				},
				"r_toe": {
					"rotation": [2.5, 0, 0]
				},
				"l_leg": {
					"rotation": [-95.66713, -2.49762, 29.9055],
					"position": [0, -3.5, -1.75]
				},
				"l_foot": {
					"rotation": [25, 0, 0]
				},
				"shield01": {
					"scale": 0
				},
				"r_arm": {
					"rotation": [15.05365, "-32.171-math.sin((q.anim_time)*144)*3", "-46.4052+math.sin((q.anim_time)*144)*3"]
				},
				"l_arm": {
					"rotation": [22.4665, "4.7635+math.sin((q.anim_time)*144)*3", "60.3716-math.sin((q.anim_time)*144)*3"]
				},
				"l_hand": {
					"rotation": [0, 55, 0]
				},
				"l_fingers": {
					"rotation": [0, 0, 22.5]
				},
				"r_hand": {
					"rotation": [38.45344, -56.17335, -48.38635]
				},
				"r_fingers": {
					"rotation": [0, 0, -25]
				},
				"r_thumb": {
					"rotation": [5, 52.5, 0]
				},
				"l_thumb": {
					"rotation": [20, -47.5, 0]
				},
				"head": {
					"rotation": ["32.5+math.sin((q.anim_time-0.3)*144)*6", 0, 0],
					"position": [0, 0, -1]
				},
				"spear01": {
					"scale": 0
				},
				"eye": {
					"position": [0, 0, 0.25]
				},
				"ring": {
					"rotation": ["math.sin((q.anim_time-0.5)*144)*10", 0, "math.cos((q.anim_time-0.5)*144)*5"]
				},
				"shield2": {
					"rotation": [0, 55, 90],
					"position": [-7.25, -1, 10.25]
				},
				"spear02": {
					"rotation": {
						"0.0": [106.22206, -71.82124, -15.45201],
						"2.5": [106.22206, -71.82124, -15.45201]
					},
					"position": {
						"0.0": [9.25, 14, -15.25],
						"2.5": [9.25, 14, -15.25]
					},
					"scale": {
						"0.0": [1, 1, 1],
						"2.5": {
							"pre": [1, 1, 1],
							"post": [1, 1, 1]
						}
					}
				},
				"fire": {
					"position": {
						"0.0": [0, -0.5, -7.5],
						"2.5": [0, -0.5, -7.5]
					},
					"scale": {
						"0.0": [1, 1, 1],
						"2.5": {
							"pre": [1, 1, 1],
							"post": [1, 1, 1]
						}
					}
				},
				"flame01": {
					"rotation": {
						"0.0": [0, 0, 0],
						"0.125": {
							"pre": [0, 0, 0],
							"post": [0, 180, 0]
						},
						"0.2083": {
							"pre": [0, 180, 0],
							"post": [0, 0, 0]
						},
						"0.3333": {
							"pre": [0, 0, 0],
							"post": [0, 180, 0]
						},
						"0.4167": {
							"pre": [0, 180, 0],
							"post": [0, 0, 0]
						},
						"0.5417": {
							"pre": [0, 0, 0],
							"post": [0, 180, 0]
						},
						"0.625": {
							"pre": [0, 180, 0],
							"post": [0, 0, 0]
						},
						"0.75": {
							"pre": [0, 0, 0],
							"post": [0, 180, 0]
						},
						"0.8333": {
							"pre": [0, 180, 0],
							"post": [0, 0, 0]
						},
						"0.9583": {
							"pre": [0, 0, 0],
							"post": [0, 180, 0]
						},
						"1.0417": {
							"pre": [0, 180, 0],
							"post": [0, 0, 0]
						},
						"1.1667": {
							"pre": [0, 0, 0],
							"post": [0, 180, 0]
						},
						"1.25": {
							"pre": [0, 180, 0],
							"post": [0, 0, 0]
						},
						"1.375": {
							"pre": [0, 0, 0],
							"post": [0, 180, 0]
						},
						"1.4583": {
							"pre": [0, 180, 0],
							"post": [0, 0, 0]
						},
						"1.5833": {
							"pre": [0, 0, 0],
							"post": [0, 180, 0]
						},
						"1.6667": {
							"pre": [0, 180, 0],
							"post": [0, 0, 0]
						},
						"1.7917": {
							"pre": [0, 0, 0],
							"post": [0, 180, 0]
						},
						"1.875": {
							"pre": [0, 180, 0],
							"post": [0, 0, 0]
						},
						"2.0": {
							"pre": [0, 0, 0],
							"post": [0, 180, 0]
						},
						"2.0833": {
							"pre": [0, 180, 0],
							"post": [0, 0, 0]
						},
						"2.2083": {
							"pre": [0, 0, 0],
							"post": [0, 180, 0]
						},
						"2.2917": {
							"pre": [0, 180, 0],
							"post": [0, 0, 0]
						},
						"2.4167": {
							"pre": [0, 0, 0],
							"post": [0, 180, 0]
						}
					},
					"position": [0, "math.cos((q.anim_time)*1440)*0.4", 0]
				},
				"flame02": {
					"rotation": {
						"0.0": [0, 0, 0],
						"0.125": {
							"pre": [0, 0, 0],
							"post": [0, 180, 0]
						},
						"0.2083": {
							"pre": [0, 180, 0],
							"post": [0, 0, 0]
						},
						"0.3333": {
							"pre": [0, 0, 0],
							"post": [0, 180, 0]
						},
						"0.4167": {
							"pre": [0, 180, 0],
							"post": [0, 0, 0]
						},
						"0.5417": {
							"pre": [0, 0, 0],
							"post": [0, 180, 0]
						},
						"0.625": {
							"pre": [0, 180, 0],
							"post": [0, 0, 0]
						},
						"0.75": {
							"pre": [0, 0, 0],
							"post": [0, 180, 0]
						},
						"0.8333": {
							"pre": [0, 180, 0],
							"post": [0, 0, 0]
						},
						"0.9583": {
							"pre": [0, 0, 0],
							"post": [0, 180, 0]
						},
						"1.0417": {
							"pre": [0, 180, 0],
							"post": [0, 0, 0]
						},
						"1.1667": {
							"pre": [0, 0, 0],
							"post": [0, 180, 0]
						},
						"1.25": {
							"pre": [0, 180, 0],
							"post": [0, 0, 0]
						},
						"1.375": {
							"pre": [0, 0, 0],
							"post": [0, 180, 0]
						},
						"1.4583": {
							"pre": [0, 180, 0],
							"post": [0, 0, 0]
						},
						"1.5833": {
							"pre": [0, 0, 0],
							"post": [0, 180, 0]
						},
						"1.6667": {
							"pre": [0, 180, 0],
							"post": [0, 0, 0]
						},
						"1.7917": {
							"pre": [0, 0, 0],
							"post": [0, 180, 0]
						},
						"1.875": {
							"pre": [0, 180, 0],
							"post": [0, 0, 0]
						},
						"2.0": {
							"pre": [0, 0, 0],
							"post": [0, 180, 0]
						},
						"2.0833": {
							"pre": [0, 180, 0],
							"post": [0, 0, 0]
						},
						"2.2083": {
							"pre": [0, 0, 0],
							"post": [0, 180, 0]
						},
						"2.2917": {
							"pre": [0, 180, 0],
							"post": [0, 0, 0]
						},
						"2.4167": {
							"pre": [0, 0, 0],
							"post": [0, 180, 0]
						}
					},
					"position": [0, "math.sin((q.anim_time)*1440)*0.4", 0]
				},
				"candle": {
					"rotation": ["math.cos((q.anim_time-0.3)*288)*3", 0, "math.sin((q.anim_time-0.3)*288)*3"],
					"position": [0, "-0.25+math.sin((q.anim_time-0.25)*1440)*0.25", 0]
				}
			},
			"particle_effects": {}
		},
		"animation.cinderling.faint": {
			"loop": true,
			"animation_length": 3.25,
			"bones": {
				"body": {
					"rotation": {
						"0.0": [-0.66, 7.54, 7.39],
						"0.1667": {
							"pre": [15.59, 7.54, 7.39],
							"post": [15.59, 7.54, 7.39],
							"lerp_mode": "catmullrom"
						},
						"0.4583": {
							"post": [-17.46466, 9.07041, 12.20066],
							"lerp_mode": "catmullrom"
						},
						"0.9583": {
							"post": [9.2953, 13.28336, -19.97516],
							"lerp_mode": "catmullrom"
						},
						"1.3333": {
							"post": [-0.7833, 12.89726, 6.70963],
							"lerp_mode": "catmullrom"
						},
						"1.6667": {
							"post": [-14.2183, 10.51942, 4.01689],
							"lerp_mode": "catmullrom"
						},
						"1.875": {
							"post": [1.79108, 10.61874, -2.96027],
							"lerp_mode": "catmullrom"
						},
						"2.0833": {
							"post": [30.14191, 10.38158, 1.01385],
							"lerp_mode": "catmullrom"
						},
						"2.375": [93.2817, 10.51942, 0.01689]
					},
					"position": {
						"0.0": [0, 0, 0],
						"0.1667": {
							"pre": [0, 0, -0.75],
							"post": [0, 0, -0.75],
							"lerp_mode": "catmullrom"
						},
						"0.4583": {
							"post": [0, 0, 0],
							"lerp_mode": "catmullrom"
						},
						"0.9583": {
							"post": [-0.75, -1, -1.31],
							"lerp_mode": "catmullrom"
						},
						"1.6667": {
							"post": [-0.25, -1.75, -1.31],
							"lerp_mode": "catmullrom"
						},
						"2.375": [-0.75, -2.25, -6.06]
					}
				},
				"r_arm": {
					"rotation": {
						"0.0": [7.5, -22.5, -37.5],
						"0.1667": {
							"pre": [6.98817, -7.61824, -35.54678],
							"post": [6.98817, -7.61824, -35.54678],
							"lerp_mode": "catmullrom"
						},
						"0.375": {
							"post": [19.88616, -25.10769, -37.2765],
							"lerp_mode": "catmullrom"
						},
						"0.6667": {
							"post": [-2.74813, 16.89519, -11.65868],
							"lerp_mode": "catmullrom"
						},
						"1.0833": {
							"post": [7.21488, -1.84611, -41.88777],
							"lerp_mode": "catmullrom"
						},
						"1.6667": {
							"post": [8.35041, 18.07645, -66.94689],
							"lerp_mode": "catmullrom"
						},
						"2.5833": [6.20083, -21.22573, -21.35364]
					}
				},
				"r_hand": {
					"rotation": {
						"0.0": [-58.67023, -35.63104, -19.52546],
						"0.1667": [-66.17105, -23.55851, -13.21338],
						"0.3333": {
							"pre": [-58.67023, -35.63104, -19.52546],
							"post": [-58.67023, -35.63104, -19.52546],
							"lerp_mode": "catmullrom"
						},
						"0.5": {
							"post": [-46.15738, -43.87482, -28.93946],
							"lerp_mode": "catmullrom"
						},
						"0.75": {
							"post": [-50.15777, -22.05808, 3.80047],
							"lerp_mode": "catmullrom"
						},
						"1.125": {
							"post": [-23.51312, -21.65445, -7.03805],
							"lerp_mode": "catmullrom"
						},
						"1.6667": {
							"post": [0, -12.26391, 0],
							"lerp_mode": "catmullrom"
						},
						"2.5833": [-86.84373, 1.68868, 42.47283]
					}
				},
				"r_thumb": {
					"rotation": [50, 0, 0]
				},
				"r_fingers": {
					"rotation": {
						"0.75": [0, 0, -72.5],
						"1.0833": [0, 0, -22.5]
					}
				},
				"spear01": {
					"rotation": {
						"0.0": [0, 7.5, 0],
						"0.3333": [0, 7.5, 0]
					},
					"scale": {
						"1.0417": [1, 1, 1],
						"1.0833": {
							"pre": [1, 1, 1],
							"post": [0, 0, 0]
						}
					}
				},
				"l_arm": {
					"rotation": {
						"0.0": [26.25382, 27.79687, 46.60518],
						"0.1667": {
							"pre": [22.30002, 7.71459, 23.77128],
							"post": [22.30002, 7.71459, 23.77128],
							"lerp_mode": "catmullrom"
						},
						"0.3333": {
							"post": [38.33407, 34.46496, 50.62091],
							"lerp_mode": "catmullrom"
						},
						"0.9583": {
							"post": [24.65722, 10.6177, 48.53875],
							"lerp_mode": "catmullrom"
						},
						"1.6667": {
							"post": [8.49706, -24.86549, 50.62042],
							"lerp_mode": "catmullrom"
						},
						"2.0417": {
							"post": [12.2695, -18.27616, 38.01513],
							"lerp_mode": "catmullrom"
						},
						"2.375": {
							"post": [16.33962, 2.95979, 34.70067],
							"lerp_mode": "catmullrom"
						},
						"2.5833": [20.52237, 23.88416, 3.73092]
					}
				},
				"l_hand": {
					"rotation": {
						"0.0": [-94.70045, 20.7264, -45.06052],
						"0.2083": {
							"pre": [-98.33845, 6.22558, -46.3724],
							"post": [-98.33845, 6.22558, -46.3724],
							"lerp_mode": "catmullrom"
						},
						"0.4167": {
							"post": [-94.70045, 20.7264, -45.06052],
							"lerp_mode": "catmullrom"
						},
						"0.9583": {
							"post": [-72.02205, 16.99617, -56.13856],
							"lerp_mode": "catmullrom"
						},
						"1.2083": {
							"post": [-83.68125, 34.2386, -66.33119],
							"lerp_mode": "catmullrom"
						},
						"1.75": {
							"post": [-27.71946, 15.41296, 12.81059],
							"lerp_mode": "catmullrom"
						},
						"2.5833": [-117.32002, -39.5833, 3.25809]
					}
				},
				"l_fingers": {
					"rotation": {
						"0.0": [0, 0, 60],
						"0.3333": [0, 0, 60],
						"1.2083": [0, 0, 60],
						"1.4167": [0, 0, 15],
						"1.625": [0, 0, 37.5]
					}
				},
				"l_thumb": {
					"rotation": [62.5, 0, 0]
				},
				"shield01": {
					"rotation": {
						"0.0": [5, 0, 2.5],
						"1.25": [5, 0, 2.5]
					},
					"position": [1, 0, 0],
					"scale": {
						"1.25": [1, 1, 1],
						"1.2917": {
							"pre": [1, 1, 1],
							"post": [0, 0, 0]
						}
					}
				},
				"head": {
					"rotation": {
						"0.0": [-0.54305, -5.05896, -7.44059],
						"0.3333": {
							"pre": [30.45695, -5.05896, -7.44059],
							"post": [30.45695, -5.05896, -7.44059],
							"lerp_mode": "catmullrom"
						},
						"0.5833": {
							"post": [-19.66373, -4.85303, -5.28913],
							"lerp_mode": "catmullrom"
						},
						"0.9583": {
							"post": [-1.09476, -4.54414, -2.06194],
							"lerp_mode": "catmullrom"
						},
						"1.5": {
							"post": [-9.63225, -7.69978, 10.18764],
							"lerp_mode": "catmullrom"
						},
						"1.75": {
							"post": [-13.12811, -10.43872, -9.20507],
							"lerp_mode": "catmullrom"
						},
						"2.0833": {
							"post": [-44.18348, 8.9226, -6.20202],
							"lerp_mode": "catmullrom"
						},
						"2.5": [-24.53236, 72.87182, -6.64063]
					}
				},
				"shield2": {
					"rotation": {
						"1.2917": [-46.36784, 53.10479, 17.17679],
						"1.4583": [-53.54282, 41.25151, 30.797],
						"1.6667": [-39.10127, -3.7702, 88.59897]
					},
					"position": {
						"1.2917": [-2.5, -3.5, -4],
						"1.4583": [-0.75, -2.63, -8.37],
						"1.6667": [5, -1.25, -12.75]
					},
					"scale": {
						"0.0": [0, 0, 0],
						"1.25": [0, 0, 0],
						"1.2917": {
							"pre": [0, 0, 0],
							"post": [1, 1, 1]
						}
					}
				},
				"spear02": {
					"rotation": {
						"1.0833": [-22.51754, -0.5, -69.14447],
						"1.25": [-11.2991, 0.62426, -79.42277]
					},
					"position": {
						"1.0833": [2.25, -5.75, -0.25],
						"1.25": [2.75, -7.25, 0]
					},
					"scale": {
						"0.0": [0, 0, 0],
						"1.0417": {
							"pre": [0, 0, 0],
							"post": [0, 0, 0]
						},
						"1.0833": {
							"pre": [0, 0, 0],
							"post": [1, 1, 1]
						}
					}
				},
				"r_leg": {
					"rotation": {
						"0.0": [-12.57, -0.57, 0.13],
						"0.3333": {
							"pre": [-12.57, -0.57, 0.13],
							"post": [-12.57, -0.57, 0.13],
							"lerp_mode": "catmullrom"
						},
						"0.875": {
							"post": [-10.66337, 19.11067, -3.49876],
							"lerp_mode": "catmullrom"
						},
						"1.6667": {
							"post": [-5.17801, 21.19175, 12.33203],
							"lerp_mode": "catmullrom"
						},
						"2.125": {
							"post": [48.30315, 5.69791, -1.08444],
							"lerp_mode": "catmullrom"
						},
						"2.5417": {
							"post": [102.42507, 1.89193, 0.69269],
							"lerp_mode": "catmullrom"
						},
						"2.9167": [67.42507, 1.89193, 0.69269]
					},
					"position": {
						"0.0": [0, 0, 0],
						"0.3333": {
							"pre": [0, 0, 0],
							"post": [0, 0, 0],
							"lerp_mode": "catmullrom"
						},
						"0.875": {
							"post": [-0.75, -2.25, -1.5],
							"lerp_mode": "catmullrom"
						},
						"1.6667": {
							"post": [-0.5, -2.25, -1.5],
							"lerp_mode": "catmullrom"
						},
						"2.375": [-0.75, -2.75, -5.25]
					}
				},
				"r_foot": {
					"rotation": {
						"0.0": [12.5, 0, 0],
						"0.3333": {
							"pre": [12.5, 0, 0],
							"post": [12.5, 0, 0],
							"lerp_mode": "catmullrom"
						},
						"0.875": {
							"post": [100, 0, 0],
							"lerp_mode": "catmullrom"
						},
						"1.6667": {
							"post": [100, 0, 0],
							"lerp_mode": "catmullrom"
						},
						"2.375": {
							"post": [0, 0, 0],
							"lerp_mode": "catmullrom"
						},
						"2.7083": {
							"post": [50, 0, 0],
							"lerp_mode": "catmullrom"
						},
						"3.0417": [22.5, 0, 0]
					}
				},
				"l_leg": {
					"rotation": {
						"0.0": [-12.5, 0, 0],
						"0.3333": {
							"pre": [-12.5, 0, 0],
							"post": [-12.5, 0, 0],
							"lerp_mode": "catmullrom"
						},
						"0.875": {
							"post": [12.2127, 2.68507, -12.2127],
							"lerp_mode": "catmullrom"
						},
						"1.0833": {
							"post": [12.2127, 2.68507, -12.2127],
							"lerp_mode": "catmullrom"
						},
						"1.6667": {
							"post": [-10.2873, 2.68507, -12.2127],
							"lerp_mode": "catmullrom"
						},
						"2.1667": {
							"post": [83.7127, 2.68507, -11.2127],
							"lerp_mode": "catmullrom"
						},
						"2.5417": {
							"post": [118.7127, 2.68507, -11.2127],
							"lerp_mode": "catmullrom"
						},
						"2.875": [42.2127, 2.68507, -11.2127]
					},
					"position": {
						"0.0": [0, 0, 0],
						"0.3333": {
							"pre": [0, 0, 0],
							"post": [0, 0, 0],
							"lerp_mode": "catmullrom"
						},
						"0.875": {
							"post": [-0.25, -0.25, -1.25],
							"lerp_mode": "catmullrom"
						},
						"1.6667": {
							"post": [-0.25, -2.5, -2.25],
							"lerp_mode": "catmullrom"
						},
						"2.375": [-0.25, -2.25, -5.25]
					}
				},
				"l_foot": {
					"rotation": {
						"0.0": [17.5, 0, 0],
						"0.3333": {
							"pre": [17.5, 0, 0],
							"post": [17.5, 0, 0],
							"lerp_mode": "catmullrom"
						},
						"0.875": {
							"post": [0, 0, 0],
							"lerp_mode": "catmullrom"
						},
						"1.6667": {
							"post": [97.5, 0, 0],
							"lerp_mode": "catmullrom"
						},
						"2.25": {
							"post": [-1, 0, 0],
							"lerp_mode": "catmullrom"
						},
						"2.625": {
							"post": [66.5, 0, 0],
							"lerp_mode": "catmullrom"
						},
						"3.0833": [54, 0, 0]
					}
				},
				"fire": {
					"position": {
						"0.0": [0, -40, 0],
						"3.25": [0, -30, 0]
					},
					"scale": {
						"0.0": [0, 0, 0],
						"3.25": {
							"pre": [0, 0, 0],
							"post": [0, 0, 0]
						}
					}
				},
				"candle": {
					"position": [0, "-0.25+math.cos((q.anim_time)*1440)*0.25", 0],
					"scale": {
						"1.625": [1, 1, 1],
						"2.2917": [0, 0, 0]
					}
				},
				"ring": {
					"rotation": {
						"0.0": [0, 0, 0],
						"0.1667": {
							"pre": [-7.5, 0, 0],
							"post": [-7.5, 0, 0],
							"lerp_mode": "catmullrom"
						},
						"0.4583": {
							"post": [37.5, 0, 0],
							"lerp_mode": "catmullrom"
						},
						"0.7917": {
							"post": [16.2764, 20.00883, 12.88603],
							"lerp_mode": "catmullrom"
						},
						"1.0833": {
							"post": [43.03006, 10.38954, 10.04989],
							"lerp_mode": "catmullrom"
						},
						"1.4583": {
							"post": [27.45772, -8.48489, -28.12331],
							"lerp_mode": "catmullrom"
						},
						"1.7917": {
							"post": [36.87301, 10.68393, 11.70666],
							"lerp_mode": "catmullrom"
						},
						"2.125": {
							"post": [9.48585, -11.4514, -4.71456],
							"lerp_mode": "catmullrom"
						},
						"2.375": {
							"post": [-5.31915, -22.68675, -14.22704],
							"lerp_mode": "catmullrom"
						},
						"2.625": [18.30526, 14.88028, 34.39172]
					}
				},
				"eye": {
					"rotation": [0, 0, 0],
					"position": {
						"0.125": [0, 0, 0],
						"0.1667": {
							"pre": [0, 0, 0],
							"post": [0, 0, 1]
						},
						"0.25": {
							"pre": [0, 0, 1],
							"post": [0, 0, 1]
						},
						"0.2917": {
							"pre": [0, 0, 1],
							"post": [0, 0, 0]
						},
						"0.4167": {
							"pre": [0, 0, 0],
							"post": [0, 0, 0]
						},
						"0.4583": {
							"pre": [0, 0, 0],
							"post": [0, 0, 1]
						},
						"0.5417": {
							"pre": [0, 0, 1],
							"post": [0, 0, 1]
						},
						"0.5833": {
							"pre": [0, 0, 1],
							"post": [0, 0, 0]
						},
						"1.0": {
							"pre": [0, 0, 0],
							"post": [0, 0, 0]
						},
						"1.0417": {
							"pre": [0, 0, 0],
							"post": [0, 0, 1]
						},
						"1.25": {
							"pre": [0, 0, 1],
							"post": [0, 0, 1]
						},
						"1.2917": {
							"pre": [0, 0, 1],
							"post": [0, 0, 0]
						},
						"1.9583": {
							"pre": [0, 0, 0],
							"post": [0, 0, 0]
						},
						"2.0": {
							"pre": [0, 0, 0],
							"post": [0, 0, 1]
						}
					}
				}
			}
		},
		"animation.cinderling.no_spear": {
			"loop": true,
			"animation_length": 1,
			"bones": {
				"spear02": {
					"position": [0, -30, 0],
					"scale": 0
				}
			}
		},
		"animation.cinderling.no_shield": {
			"loop": true,
			"animation_length": 1,
			"bones": {
				"shield2": {
					"position": [0, -30, 0],
					"scale": 0
				}
			}
		},
		"animation.cinderling.no_fire": {
			"loop": true,
			"animation_length": 1,
			"bones": {
				"fire": {
					"position": [0, -30, 0],
					"scale": 0
				}
			}
		}
	}
}