{
	"format_version": "1.8.0",
	"animations": {
		"animation.popora.ground_idle": {
			"loop": true,
			"animation_length": 1.5,
			"bones": {
				"head": {
					"rotation": ["math.sin((query.anim_time )*240)*5", 0, "math.cos((query.anim_time )*240)*5"],
					"position": [0, "0.25-math.sin((query.anim_time-0.1)*240)*0.25", 0]
				},
				"eyelid": {
					"position": {
						"0.0": [0, 0, 0],
						"0.5417": [0, 0, 0],
						"0.5833": [0, 0, -2],
						"0.75": [0, 0, -2],
						"0.7917": [0, 0, 0]
					}
				},
				"lower_eyes": {
					"position": {
						"0.0": [0, 0, 0],
						"0.8333": [0, 0, 0],
						"0.875": [0, 0, 0.25],
						"1.0417": [0, 0, 0.25],
						"1.0833": [0, 0, 0]
					}
				},
				"fl_leg01": {
					"rotation": ["10-math.sin((query.anim_time)*240)*10", 0, 0],
					"position": [0, 0, 0]
				},
				"fl_leg02": {
					"rotation": ["-10+math.sin((query.anim_time )*240)*11", 0, 0]
				},
				"bl_leg01": {
					"rotation": ["-10+math.sin((query.anim_time)*240)*10", 0, 0]
				},
				"bl_leg02": {
					"rotation": ["10-math.sin((query.anim_time )*240)*11", 0, 0]
				},
				"fr_leg_01": {
					"rotation": ["10-math.sin((query.anim_time)*240)*10", 0, 0]
				},
				"fr_leg_02": {
					"rotation": ["-10+math.sin((query.anim_time )*240)*11", 0, 0]
				},
				"br_leg_01": {
					"rotation": ["-10+math.sin((query.anim_time)*240)*10", 0, 0]
				},
				"br_leg_02": {
					"rotation": ["10-math.sin((query.anim_time )*240)*11", 0, 0]
				},
				"body": {
					"position": [0, "1-math.sin((query.anim_time)*240)", 0]
				}
			}
		},
		"animation.popora.shoulder_left": {
			"loop": true,
			"animation_length": 1.5,
			"bones": {
				"head": {
					"rotation": ["math.sin((query.anim_time )*240)*5", 0, "math.cos((query.anim_time )*240)*5"],
					"position": [0, "0.25-math.sin((query.anim_time-0.1)*240)*0.25", 0]
				},
				"eyelid": {
					"position": {
						"0.0": [0, 0, 0],
						"0.5417": [0, 0, 0],
						"0.5833": [0, 0, -2],
						"0.75": [0, 0, -2],
						"0.7917": [0, 0, 0]
					}
				},
				"lower_eyes": {
					"position": {
						"0.0": [0, 0, 0],
						"0.8333": [0, 0, 0],
						"0.875": [0, 0, 0.25],
						"1.0417": [0, 0, 0.25],
						"1.0833": [0, 0, 0]
					}
				},
				"fl_leg01": {
					"rotation": ["70-math.sin((query.anim_time)*240)*5", 0, 0],
					"position": [0, 0, 0]
				},
				"fl_leg02": {
					"rotation": ["7.4407+math.sin((query.anim_time )*240)*11", -0.54093, 12.48848]
				},
				"bl_leg01": {
					"rotation": ["-62.5+math.sin((query.anim_time)*240)*5", 0, 0]
				},
				"bl_leg02": {
					"rotation": ["-9.9245-math.sin((query.anim_time )*240)*11", 0.86718, 9.96271]
				},
				"fr_leg_01": {
					"rotation": ["57.5-math.sin((query.anim_time)*240)*10", 0, 0]
				},
				"fr_leg_02": {
					"rotation": ["-10+math.sin((query.anim_time )*240)*11", 0, 0]
				},
				"br_leg_01": {
					"rotation": ["-57.5+math.sin((query.anim_time)*240)*10", 0, 0]
				},
				"br_leg_02": {
					"rotation": ["10-math.sin((query.anim_time )*240)*11", 0, 0]
				},
				"body": {
					"rotation": [0, 0, 17.5],
					"position": [6, "1-math.sin((query.anim_time)*240)", 0]
				}
			}
		},
		"animation.popora.shoulder_right": {
			"loop": true,
			"animation_length": 1.5,
			"bones": {
				"head": {
					"rotation": ["math.sin((query.anim_time )*240)*5", 0, "math.cos((query.anim_time )*240)*5"],
					"position": [0, "0.25-math.sin((query.anim_time-0.1)*240)*0.25", 0]
				},
				"eyelid": {
					"position": {
						"0.0": [0, 0, 0],
						"0.5417": [0, 0, 0],
						"0.5833": [0, 0, -2],
						"0.75": [0, 0, -2],
						"0.7917": [0, 0, 0]
					}
				},
				"lower_eyes": {
					"position": {
						"0.0": [0, 0, 0],
						"0.8333": [0, 0, 0],
						"0.875": [0, 0, 0.25],
						"1.0417": [0, 0, 0.25],
						"1.0833": [0, 0, 0]
					}
				},
				"fl_leg01": {
					"rotation": ["60-math.sin((query.anim_time)*240)*10", 0, 0],
					"position": [0, 0, 0]
				},
				"fl_leg02": {
					"rotation": ["-10+math.sin((query.anim_time )*240)*11", 0, 0]
				},
				"bl_leg01": {
					"rotation": ["-70+math.sin((query.anim_time)*240)*10", 0, 0]
				},
				"bl_leg02": {
					"rotation": ["10-math.sin((query.anim_time )*240)*11", 0, 0]
				},
				"fr_leg_01": {
					"rotation": ["65-math.sin((query.anim_time)*240)*5", 0, 0]
				},
				"fr_leg_02": {
					"rotation": ["9.7697+math.sin((query.anim_time )*240)*11", 1.50181, -17.43745]
				},
				"br_leg_01": {
					"rotation": ["-67.5+math.sin((query.anim_time)*240)*5", 0, 0]
				},
				"br_leg_02": {
					"rotation": ["-12.0523-math.sin((query.anim_time )*240)*11", -2.55866, -19.84231]
				},
				"body": {
					"rotation": [0, 0, -17.5],
					"position": [-6, "1-math.sin((query.anim_time)*240)", 0]
				}
			}
		},
		"animation.popora.ground_walk": {
			"loop": true,
			"animation_length": 1.5,
			"bones": {
				"body": {
					"position": [0, "1-math.sin((query.anim_time)*480)", 0]
				},
				"fl_leg01": {
					"rotation": {
						"0.0": ["7-math.sin((query.anim_time)*480)*7", "10-math.sin((query.anim_time)*480)*20", 0],
						"0.2083": ["7-math.sin((query.anim_time)*480)*7", "10-math.sin((query.anim_time)*480)*20", 0],
						"0.375": ["-15-math.sin((query.anim_time)*480)*7", "10-math.sin((query.anim_time)*480)*20", 0],
						"0.5833": ["7-math.sin((query.anim_time)*480)*7", "10-math.sin((query.anim_time)*480)*20", 0],
						"0.9583": ["7-math.sin((query.anim_time)*480)*7", "10-math.sin((query.anim_time)*480)*20", 0],
						"1.1667": ["-15-math.sin((query.anim_time)*480)*7", "10-math.sin((query.anim_time)*480)*20", 0],
						"1.3333": ["7-math.sin((query.anim_time)*480)*7", "10-math.sin((query.anim_time)*480)*20", 0]
					}
				},
				"fl_leg02": {
					"rotation": ["math.sin((query.anim_time)*480)*20", 0, 0]
				},
				"fl_foot": {
					"rotation": {
						"0.0": [0, 0, -30],
						"0.2083": {
							"pre": [-20, 0, -30],
							"post": [-20, 0, -30],
							"lerp_mode": "catmullrom"
						},
						"0.3333": {
							"post": [45.27579, 13.27705, -30.37072],
							"lerp_mode": "catmullrom"
						},
						"0.4583": {
							"post": [5.28, 13.28, -30.37],
							"lerp_mode": "catmullrom"
						},
						"0.5833": {
							"post": [-34.72421, 13.27705, -30.37072],
							"lerp_mode": "catmullrom"
						},
						"0.6667": [0, 0, -30],
						"0.9167": [-17.5, 0, -30],
						"1.0": {
							"pre": [-17.5, 0, -30],
							"post": [-17.5, 0, -30],
							"lerp_mode": "catmullrom"
						},
						"1.0833": {
							"post": [45.27579, 13.27705, -30.37072],
							"lerp_mode": "catmullrom"
						},
						"1.2917": {
							"post": [-31.5, 0, -30],
							"lerp_mode": "catmullrom"
						},
						"1.375": {
							"post": [0, 0, -30],
							"lerp_mode": "catmullrom"
						},
						"1.5": [0, 0, -30]
					}
				},
				"bl_leg01": {
					"rotation": {
						"0.0": ["15+math.sin((query.anim_time)*480)*7", "-10+math.sin((query.anim_time)*480)*20", 0],
						"0.2083": ["-7+math.sin((query.anim_time)*480)*7", "-10+math.sin((query.anim_time)*480)*20", 0],
						"0.5417": ["-7+math.sin((query.anim_time)*480)*7", "-10+math.sin((query.anim_time)*480)*20", 0],
						"0.75": ["15+math.sin((query.anim_time)*480)*7", -10, 0],
						"0.9583": ["-7+math.sin((query.anim_time)*480)*7", "-10+math.sin((query.anim_time)*480)*20", 0],
						"1.3333": ["-7+math.sin((query.anim_time)*480)*7", "-10+math.sin((query.anim_time)*480)*20", 0],
						"1.5": ["16+math.sin((query.anim_time)*480)*7", "-10+math.sin((query.anim_time)*480)*20", 0]
					}
				},
				"bl_leg02": {
					"rotation": ["-math.sin((query.anim_time)*480)*20", 0, 0]
				},
				"bl_foot": {
					"rotation": {
						"0.0": [5.28, 13.28, -30.37],
						"0.125": {
							"pre": [-34.72421, 13.27705, -30.37072],
							"post": [-34.72421, 13.27705, -30.37072],
							"lerp_mode": "catmullrom"
						},
						"0.2083": {
							"post": [40, 0, -30],
							"lerp_mode": "catmullrom"
						},
						"0.4583": {
							"post": [-2.69344, 0.99896, -0.88772],
							"lerp_mode": "catmullrom"
						},
						"0.5417": {
							"post": [-19.41819, 7.27059, 2.51009],
							"lerp_mode": "catmullrom"
						},
						"0.625": {
							"post": [-29.10297, -4.63384, -9.35553],
							"lerp_mode": "catmullrom"
						},
						"0.8333": {
							"post": [-8.5, 0, -30],
							"lerp_mode": "catmullrom"
						},
						"0.9167": {
							"post": [45, 0, -30],
							"lerp_mode": "catmullrom"
						},
						"1.0417": [0, 0, -30]
					}
				},
				"fr_leg_01": {
					"rotation": {
						"0.0": ["7-math.sin((query.anim_time)*480)*7", "-10-math.cos((query.anim_time)*480)*20", 0],
						"0.375": ["7-math.sin((query.anim_time)*480)*7", "-10-math.cos((query.anim_time)*480)*20", 0],
						"0.5833": ["-15-math.sin((query.anim_time)*480)*7", "-10-math.cos((query.anim_time)*480)*20", 0],
						"0.75": ["7-math.sin((query.anim_time)*480)*7", "-10-math.cos((query.anim_time)*480)*20", 0],
						"1.125": ["7-math.sin((query.anim_time)*480)*7", "-10-math.cos((query.anim_time)*480)*20", 0],
						"1.3333": ["-15-math.sin((query.anim_time)*480)*7", "-10-math.cos((query.anim_time)*480)*20", 0],
						"1.5": ["7-math.sin((query.anim_time)*480)*7", "-10-math.cos((query.anim_time)*480)*20", 0]
					}
				},
				"fr_leg_02": {
					"rotation": ["-math.cos((query.anim_time)*480)*20", 0, 0]
				},
				"fr_foot": {
					"rotation": {
						"0.0": [-12.5, 0, 0],
						"0.0833": {
							"pre": [17.5, 0, 0],
							"post": [17.5, 0, 0],
							"lerp_mode": "catmullrom"
						},
						"0.125": {
							"post": [17.5, 0, 0],
							"lerp_mode": "catmullrom"
						},
						"0.3333": {
							"post": [-22.5, 0, 0],
							"lerp_mode": "catmullrom"
						},
						"0.4167": {
							"post": [-22.5, 0, 0],
							"lerp_mode": "catmullrom"
						},
						"0.5": {
							"post": [17.5, 0, 0],
							"lerp_mode": "catmullrom"
						},
						"0.6667": {
							"post": [-15, 0, 0],
							"lerp_mode": "catmullrom"
						},
						"0.75": {
							"post": [21.5, 0, 0],
							"lerp_mode": "catmullrom"
						},
						"0.875": {
							"post": [-17.5, 0, 0],
							"lerp_mode": "catmullrom"
						},
						"1.0": {
							"post": [-12.5, 0, 0],
							"lerp_mode": "catmullrom"
						},
						"1.1667": {
							"post": [-12.5, 0, 0],
							"lerp_mode": "catmullrom"
						},
						"1.2917": {
							"post": [15, 0, 0],
							"lerp_mode": "catmullrom"
						},
						"1.4167": {
							"post": [-10, 0, 0],
							"lerp_mode": "catmullrom"
						},
						"1.5": [-12.5, 0, 0]
					}
				},
				"br_leg_01": {
					"rotation": {
						"0.0": ["-7+math.sin((query.anim_time)*480)*7", "10+math.cos((query.anim_time)*480)*20", 0],
						"0.2083": ["15+math.sin((query.anim_time)*480)*7", "10+math.cos((query.anim_time)*480)*20", 0],
						"0.375": ["-7+math.sin((query.anim_time)*480)*7", "10+math.cos((query.anim_time)*480)*20", 0],
						"0.75": ["-7+math.sin((query.anim_time)*480)*7", "10+math.cos((query.anim_time)*480)*20", 0],
						"0.9583": ["15+math.sin((query.anim_time)*480)*7", "10+math.cos((query.anim_time)*480)*20", 0],
						"1.125": ["-7+math.sin((query.anim_time)*480)*7", "10+math.cos((query.anim_time)*480)*20", 0],
						"1.5": ["-7+math.sin((query.anim_time)*480)*7", "10+math.cos((query.anim_time)*480)*20", 0]
					}
				},
				"br_leg_02": {
					"rotation": ["math.cos((query.anim_time)*480)*20", 0, 0]
				},
				"br_foot": {
					"rotation": {
						"0.0": [-27.5, 0, 0],
						"0.1667": {
							"pre": [-35, 0, 0],
							"post": [-35, 0, 0],
							"lerp_mode": "catmullrom"
						},
						"0.2917": {
							"post": [25, 0, 0],
							"lerp_mode": "catmullrom"
						},
						"0.3333": {
							"post": [37.5, 0, 0],
							"lerp_mode": "catmullrom"
						},
						"0.4167": {
							"post": [27.5, 0, 0],
							"lerp_mode": "catmullrom"
						},
						"0.5417": {
							"post": [15, 0, 0],
							"lerp_mode": "catmullrom"
						},
						"0.6667": {
							"post": [-12.5, 0, 0],
							"lerp_mode": "catmullrom"
						},
						"0.875": {
							"post": [-32.5, 0, 0],
							"lerp_mode": "catmullrom"
						},
						"1.0417": {
							"post": [35, 0, 0],
							"lerp_mode": "catmullrom"
						},
						"1.1667": {
							"post": [22.5, 0, 0],
							"lerp_mode": "catmullrom"
						},
						"1.3333": {
							"post": [7.5, 0, 0],
							"lerp_mode": "catmullrom"
						},
						"1.5": [-27.5, 0, 0]
					}
				},
				"head": {
					"rotation": ["math.sin((query.anim_time )*480)*5", 0, "math.cos((query.anim_time )*480)*5"]
				},
				"top": {
					"rotation": ["math.sin((query.anim_time-0.2)*480)*5", 0, "math.cos((query.anim_time-0.2 )*480)*5"]
				},
				"iris": {
					"position": ["-math.sin((query.anim_time+ 0.2)*480)*0.15", "-math.cos((query.anim_time +0.2)*480)*0.15", 0]
				},
				"eyelid": {
					"position": {
						"0.9167": [0, 0, 0],
						"0.9583": [0, 0, -2],
						"1.125": [0, 0, -2],
						"1.1667": [0, 0, 0]
					}
				},
				"lower_eyes": {
					"position": {
						"1.1667": [0, 0, 0],
						"1.2083": [0, 0, 1],
						"1.4167": [0, 0, 1],
						"1.4583": [0, 0, 0]
					}
				}
			}
		},
		"animation.popora.sleep": {
			"loop": true,
			"animation_length": 2.5,
			"bones": {
				"body": {
					"rotation": ["math.sin((query.anim_time )*144)*2", 0, "math.cos((query.anim_time )*144 )*2"],
					"position": [0, -1, 0]
				},
				"fl_leg01": {
					"rotation": [-72.5, 0, 0],
					"position": [-2.75, 0, 2]
				},
				"fl_leg02": {
					"rotation": [95, 0, 0]
				},
				"fl_foot": {
					"rotation": [-110, 0, 0]
				},
				"bl_leg01": {
					"rotation": [70, 0, 0],
					"position": [-3.25, 0, -3]
				},
				"bl_leg02": {
					"rotation": [-92.5, 0, 0]
				},
				"bl_foot": {
					"rotation": [110, 0, 0]
				},
				"fr_leg_01": {
					"rotation": [-75, 0, 0],
					"position": [3, -2, 3]
				},
				"fr_leg_02": {
					"rotation": [92.5, 0, 0]
				},
				"fr_foot": {
					"rotation": [-90, 0, 0]
				},
				"br_leg_01": {
					"rotation": [70, 0, 0],
					"position": [3.25, 0, -2.75]
				},
				"br_leg_02": {
					"rotation": [-92.5, 0, 0]
				},
				"br_foot": {
					"rotation": [110, 0, 0]
				},
				"base": {
					"position": [0, 1, 0]
				},
				"top": {
					"position": [0, -1.25, 0]
				},
				"eyelid": {
					"position": [0, 0, -2]
				},
				"lower_eyes": {
					"position": [0, 0, 1]
				}
			}
		},
		"animation.popora.faint": {
			"loop": true,
			"animation_length": 3,
			"bones": {
				"body": {
					"rotation": {
						"0.0": [0, 0, 0],
						"0.1667": {
							"pre": [14.94548, -1.29256, 4.83045],
							"post": [14.94548, -1.29256, 4.83045],
							"lerp_mode": "catmullrom"
						},
						"0.3333": {
							"post": [17.44207, -1.37335, -5.55515],
							"lerp_mode": "catmullrom"
						},
						"0.5": {
							"post": [-12.55452, -1.29256, -14.16955],
							"lerp_mode": "catmullrom"
						},
						"0.625": {
							"post": [-6.06011, -1.28691, -6.96181],
							"lerp_mode": "catmullrom"
						},
						"0.875": {
							"post": [19.44548, -1.29256, 4.83045],
							"lerp_mode": "catmullrom"
						},
						"1.1667": {
							"post": [-10.05452, -1.29256, 4.83045],
							"lerp_mode": "catmullrom"
						},
						"1.375": {
							"post": [-5.05452, -1.29256, -11.16955],
							"lerp_mode": "catmullrom"
						},
						"1.5417": {
							"post": [33.86215, 8.35356, -19.64966],
							"lerp_mode": "catmullrom"
						},
						"1.7917": {
							"post": [98, 0, 0],
							"lerp_mode": "catmullrom"
						},
						"2.2083": {
							"post": [92.13292, -13.91532, 30.51945],
							"lerp_mode": "catmullrom"
						},
						"2.25": [91.76591, -14.02815, 30.96894],
						"2.2917": [91.03934, -14.22092, 31.73691],
						"2.5833": [84.73338, -15.95293, 38.63711],
						"2.8333": [80.47898, -17.48862, 44.75514],
						"2.9167": [79.42849, -17.94614, 46.57787],
						"2.9583": [78.97576, -18.1389, 47.34584],
						"3.0": [78.57186, -18.25173, 47.79533]
					},
					"position": {
						"0.0": [0, 0, 0],
						"0.1667": {
							"pre": [0, 0, 0],
							"post": [0, 0, 0],
							"lerp_mode": "catmullrom"
						},
						"0.3333": {
							"post": [0, 3, 5],
							"lerp_mode": "catmullrom"
						},
						"0.5": [0, 0, 10],
						"1.4167": [0, 0, 10.07],
						"1.4583": [0, 0.21435, 9.95907],
						"1.5": [0, 0.78075, 9.66596],
						"1.5417": [0, 1.5684, 9.25835],
						"1.5833": [0, 2.4316, 8.81165],
						"1.625": [0, 3.21925, 8.40404],
						"1.6667": [0, 3.78565, 8.11093],
						"1.7083": [0, 4, 8]
					}
				},
				"fl_leg01": {
					"rotation": {
						"0.0": [0, 0, 0],
						"0.1667": [-25, 0, 0],
						"0.2083": [-75, 0, 0]
					},
					"position": {
						"0.1667": [0, 0, 0],
						"0.2083": [-2.25, 0, 2],
						"0.7083": [-2.75, 0, 2.46],
						"0.75": [-2.75, 0, 2.5],
						"0.875": [-2.45, 0, 2.49],
						"1.375": [-2.5, 0, 2.44],
						"1.6667": [-2.38, 0, 2.74],
						"2.0": [-2.25, 0, 2],
						"2.1667": [-2.75, 0, 2]
					}
				},
				"fl_leg02": {
					"rotation": {
						"0.0": [0, 0, 0],
						"0.1667": [67.5, 0, 0],
						"0.2083": [97.5, 0, 0]
					}
				},
				"fl_foot": {
					"rotation": {
						"0.0": [0, 0, 0],
						"0.1667": [-22.5, 0, 0],
						"0.2083": [-107.5, 0, 0]
					}
				},
				"bl_leg01": {
					"rotation": {
						"0.0": [0, 0, 0],
						"0.1667": [37.5, 0, 0],
						"0.2083": [75, 0, 0]
					},
					"position": {
						"0.1667": [0, 0, 0],
						"0.2083": [-3, 0, -3],
						"0.375": [-3, 0, -3],
						"0.5": [-3, 0, -3],
						"0.5833": [-3, 0, -2.69],
						"0.875": [-3, 0, -2.75],
						"1.6667": [-3, 0, -2.25],
						"1.9583": [-3, 0, -2.75]
					}
				},
				"bl_leg02": {
					"rotation": {
						"0.0": [0, 0, 0],
						"0.1667": [-72.5, 0, 0],
						"0.2083": [-92.5, 0, 0]
					}
				},
				"bl_foot": {
					"rotation": {
						"0.0": [0, 0, 0],
						"0.1667": [12.5, 0, 0],
						"0.2083": [110, 0, 0]
					}
				},
				"fr_leg_01": {
					"rotation": {
						"0.0": [0, 0, 0],
						"0.1667": [-18.85, 0, 0],
						"0.2083": [-77, 0, 0],
						"0.5833": [-77, 0, 0]
					},
					"position": {
						"0.0": [0, 0, 0],
						"0.1667": {
							"pre": [0.92, 0, 0.85],
							"post": [0.92, 0, 0.85],
							"lerp_mode": "catmullrom"
						},
						"0.2083": {
							"post": [3, 0, 2.75],
							"lerp_mode": "catmullrom"
						},
						"0.5833": [3, 0, 3.25],
						"0.75": [3, 0, 3.5],
						"0.875": [3, 0, 3.21],
						"1.5417": [3, 0, 3.27],
						"1.625": [3, 0, 3.43],
						"2.0": [3, 0, 2.75]
					}
				},
				"fr_leg_02": {
					"rotation": {
						"0.0": [0, 0, 0],
						"0.1667": [59.23, 0, 0],
						"0.2083": [95, 0, 1]
					},
					"position": [0, 0, 0]
				},
				"fr_foot": {
					"rotation": {
						"0.0": [0, 0, 0],
						"0.1667": [13.46, 0, 0],
						"0.2083": [-102.5, 0, 2]
					},
					"position": [0, 0, 0]
				},
				"br_leg_01": {
					"rotation": {
						"0.0": [0, 0, 0],
						"0.1667": [35, 0, 0],
						"0.2083": [75, 0, 0]
					},
					"position": {
						"0.0": [0, 0, 0],
						"0.1667": [0, 0, 0],
						"0.2083": [3, 0, -3],
						"0.5": [3, 0, -2.25],
						"0.875": [3.25, 0, -2.25],
						"1.6667": [3.25, 0, -2],
						"1.9583": [3.25, 0, -2.25],
						"2.1667": [3.25, 0, -2.75]
					}
				},
				"br_leg_02": {
					"rotation": {
						"0.0": [0, 0, 0],
						"0.1667": [-67.5, 0, 0],
						"0.2083": [-95, 0, 0]
					}
				},
				"br_foot": {
					"rotation": {
						"0.0": [0, 0, 0],
						"0.2083": [107.5, 0, 0]
					}
				},
				"base": {
					"position": {
						"0.5": [0, 0, 0],
						"0.625": [0, 1, 0]
					}
				},
				"top": {
					"rotation": {
						"0.0": [0, 0, 0],
						"0.0417": [0.40192, 0, 0],
						"0.0833": [1.4639, 0, 0],
						"0.125": [2.94075, 0, 0],
						"0.1667": [4.55925, 0, 0],
						"0.2083": [6.0361, 0, 0],
						"0.25": [7.09808, 0, 0],
						"0.2917": [7.5, 0, 0],
						"0.3333": [6.8912, 0, 0],
						"0.375": [5.41521, 0, 0],
						"0.4167": [3.44567, 0, 0],
						"0.5": [-0.94567, 0, 0],
						"0.5417": [-2.91521, 0, 0],
						"0.5833": [-4.3912, 0, 0],
						"0.625": [-5, 0, 0],
						"0.6667": [-4.74301, 0, -0.29646],
						"0.7083": [-3.97704, 0, -1.18011],
						"0.7917": [-1.73265, 0, -3.76927],
						"0.8333": [-0.96667, 0, -4.65291],
						"0.875": ["math.sin((query.anim_time-0.2)*480)*5", 0, "math.cos((query.anim_time-0.2 )*480)*5"],
						"0.9167": [-0.91349, 0, -4.78794],
						"1.4583": [-6.83198, 0, -0.09986],
						"1.5833": [-8.03093, 0, 0.84984],
						"1.625": [-8.23473, 0, 1.01127],
						"1.6667": [-8.18833, 0, 0.9507],
						"1.7083": [-8.00385, 0, 0.77015],
						"1.75": [-7.60648, 0, 0.50564],
						"1.7917": [-6.95072, 0, 0.24112],
						"1.8333": [-6.05904, 0, 0.06057],
						"1.875": [-5, 0, 0],
						"1.9167": [-3.74146, 0, 0],
						"1.9583": [-2.2288, 0, 0],
						"2.0": [-0.87121, 0, 0],
						"2.0417": [-0.17322, 0, 0],
						"2.0833": [0, 0, 0]
					},
					"position": {
						"0.5417": [0, 0, 0],
						"0.6667": [0, -1.25, 0]
					}
				},
				"iris": {
					"position": {
						"0.0": [0, 0, 0],
						"0.1667": [0, -0.25, 0],
						"0.375": ["math.sin((query.anim_time+ 0.2)*720)*0.255", "math.cos((query.anim_time +0.2)*720)*0.25", 0]
					}
				},
				"eyelid": {
					"position": {
						"0.1667": [0, 0, 0],
						"0.2083": [0, 0, -2],
						"0.375": [0, 0, -2],
						"0.4167": [0, 0, 0],
						"1.375": [0, 0, 0],
						"1.4167": [0, 0, -2]
					}
				},
				"lower_eyes": {
					"position": {
						"0.375": [0, 0, 0],
						"0.4167": [0, 0, 1]
					}
				}
			}
		}
	}
}