{
	"format_version": "1.8.0",
	"animations": {
		"animation.slappelin.ground_idle": {
			"loop": true,
			"animation_length": 2,
			"bones": {
				"body": {
					"rotation": ["7.5-math.sin((q.anim_time-0.1)*180)*6", 0, "7.5-math.sin((q.anim_time)*180)*7"],
					"position": ["0.25-math.sin((q.anim_time-0.2)*180)*0.3", "-0.75+math.cos((q.anim_time)*180)*0.5", "0+math.sin((q.anim_time-0.1)*180)*0.3"]
				},
				"l_arm": {
					"rotation": [0, "0-math.sin((q.anim_time-0.3)*180)*20", "52.5+math.sin((q.anim_time-0.5)*180)*5"]
				},
				"l_elbow": {
					"rotation": [0, "5-math.sin((q.anim_time-0.4)*180)*15", 20]
				},
				"l_fingers": {
					"rotation": [0, 0, 82.5]
				},
				"l_thumb": {
					"rotation": [42.5, -65, 0]
				},
				"r_arm": {
					"rotation": [-47.77, "3.52+math.sin((q.anim_time-0.5)*180)*5", "-62.58-math.sin((q.anim_time-0.3)*180)*5"]
				},
				"r_elbow": {
					"rotation": [-180.38984, "-64.5531-math.sin((q.anim_time-0.6)*180)*5", 153.49475]
				},
				"r_hand": {
					"rotation": [-14.65993, "3.2113+math.sin((q.anim_time-0.6)*180)*6", "-12.9132+math.sin((q.anim_time-0.5)*180)*10"]
				},
				"r_fingers": {
					"rotation": [0, 0, -82.5]
				},
				"r_thumb": {
					"rotation": [64.74234, 11.2531, 22.47096]
				},
				"r_leg_01": {
					"rotation": ["20-math.sin((q.anim_time+0.1)*180)*5", 0, "10-math.sin((q.anim_time+0.1)*180)*5"],
					"position": ["0.75-math.sin((q.anim_time-0)*180)*0.5", "-0.3-math.sin((q.anim_time-0.1)*180)*0.5", "0+math.sin((q.anim_time-0.1)*180)*0.3"]
				},
				"r_leg_02": {
					"rotation": ["15+math.sin((q.anim_time+0.1)*180)*15", 0, 0]
				},
				"foot_01": {
					"rotation": ["-27.57-math.sin((q.anim_time)*180)*20", -2.4783, "-10+math.sin((q.anim_time)*180)*4"]
				},
				"l_leg_01": {
					"rotation": ["-7.5+math.sin((q.anim_time+0.1)*180)*5", 0, "0-math.sin((q.anim_time-0.1)*180)*3"],
					"position": ["-math.sin((q.anim_time-0.2)*180)*0.3", "-1+math.sin((q.anim_time+0.1)*180)*0.5", -0.75]
				},
				"l_leg_02": {
					"rotation": ["57.5-math.sin((q.anim_time+0.1)*180)*20", 0, 0]
				},
				"l_foot_01": {
					"rotation": ["-50+math.sin((q.anim_time+0.1)*180)*15", 0, "0+math.sin((q.anim_time-0.1)*180)*3"]
				},
				"lollipop_01_stick_01": {
					"position": {
						"0.0": [0, -30, 0],
						"2.0": [0, -30, 0]
					},
					"scale": {
						"0.0": [0, 0, 0],
						"2.0": {"pre": [0, 0, 0], "post": [0, 0, 0]}
					}
				},
				"hat_02": {
					"rotation": [-7.5, 0, 0]
				},
				"pompom": {
					"rotation": [-14.65993, 3.21132, 12.08681]
				},
				"lollipop_02_stick_01": {
					"rotation": [0, 0, 90],
					"position": [1, 0, 0],
					"scale": {
						"0.0": [1, 1, 1],
						"1.9583": {"pre": [1, 1, 1], "post": [1, 1, 1]}
					}
				},
				"l_hand": {
					"rotation": [0, "5-math.sin((q.anim_time-0.4)*180)*20", 0]
				},
				"lollipop_02_upper_teeth": {
					"position": [0, "0.3-math.sin((q.anim_time-0.2)*180)*0.5", 0]
				},
				"lollipop_02_lower_teeth": {
					"position": [0, "-0.3+math.sin((q.anim_time-0.2)*180)*0.5", 0]
				},
				"ll_shoelace_01": {
					"rotation": [19.36497, -23.37058, 10.958]
				},
				"ll_shoelace_02": {
					"rotation": [-10, 2.5, 55]
				},
				"lr_shoelace_01": {
					"rotation": [38.83883, 34.38752, -2.54888]
				},
				"lr_shoelace_02": {
					"rotation": [-10, 0, -80]
				},
				"rr_shoelace_01": {
					"rotation": [11.80169, 17.47474, -3.14378]
				},
				"rr_shoelace_02": {
					"rotation": [1.14461, 16.21702, -54.06729]
				},
				"rl_shoelace_01": {
					"rotation": [17.43048, -30.65439, 10.77568]
				},
				"rl_shoelace_02": {
					"rotation": [0, 0, 60]
				}
			}
		},
		"animation.slappelin.ground_walk": {
			"loop": true,
			"animation_length": 1.25,
			"bones": {
				"lollipop_01_stick_01": {
					"position": {
						"0.0": [0, -30, 0],
						"1.25": [0, -30, 0]
					},
					"scale": {
						"0.0": [0, 0, 0],
						"1.25": {
							"pre": [0, 0, 0],
							"post": [0, 0, 0]
						}
					}
				},
				"body": {
					"rotation": {
						"0.0": [7.7614, -14.8687, -9.50307],
						"0.25": {
							"pre": [17.69324, -3.3807, -1.01],
							"post": [17.69324, -3.3807, -1.01],
							"lerp_mode": "catmullrom"
						},
						"0.4583": {
							"post": [0.85179, 6.43492, 6.24668],
							"lerp_mode": "catmullrom"
						},
						"0.5833": {
							"post": [7.61435, 9.91358, 8.81845],
							"lerp_mode": "catmullrom"
						},
						"0.8333": {
							"post": [16.94396, 1.55263, 2.63721],
							"lerp_mode": "catmullrom"
						},
						"1.0417": {
							"post": [-0.27151, -8.25435, -4.61309],
							"lerp_mode": "catmullrom"
						},
						"1.2083": [7.7614, -14.8687, -9.50307]
					},
					"position": {
						"0.0": [0, -1, 0.5],
						"0.125": {
							"pre": [0, -2, 0.5],
							"post": [0, -2, 0.5],
							"lerp_mode": "catmullrom"
						},
						"0.4167": {
							"post": [0, 0.54, 0.5],
							"lerp_mode": "catmullrom"
						},
						"0.5833": {
							"post": [0, -1, 0.5],
							"lerp_mode": "catmullrom"
						},
						"0.7917": {
							"post": [0, -2.11, 0.5],
							"lerp_mode": "catmullrom"
						},
						"1.0417": {
							"post": [0, 0.43, 0.5],
							"lerp_mode": "catmullrom"
						},
						"1.2083": [0, -1, 0.5]
					}
				},
				"l_arm": {
					"rotation": {
						"0.0": [-13.3307, 37.09217, 40.21396],
						"0.3333": {
							"pre": [-33.57527, 44.88626, 23.0414],
							"post": [-33.57527, 44.88626, 23.0414],
							"lerp_mode": "catmullrom"
						},
						"0.625": {
							"post": [-13.3307, 37.09217, 40.21396],
							"lerp_mode": "catmullrom"
						},
						"1.0417": {
							"post": [-33.57527, 44.88626, 23.0414],
							"lerp_mode": "catmullrom"
						},
						"1.25": [-13.3307, 37.09217, 40.21396]
					}
				},
				"l_elbow": {
					"rotation": {
						"0.0": [0, 55, 0],
						"0.625": [0, 55, 0],
						"1.25": [0, 55, 0]
					}
				},
				"l_hand": {
					"rotation": [-107.25002, 2.99318, 9.54589]
				},
				"l_fingers": {
					"rotation": [0, 0, 70]
				},
				"r_arm": {
					"rotation": {
						"0.0": [24.1975, -47.15264, -25.2616],
						"0.3333": {
							"pre": [-1.64824, -53.16581, -5.22075],
							"post": [-1.64824, -53.16581, -5.22075],
							"lerp_mode": "catmullrom"
						},
						"0.625": {
							"post": [24.1975, -47.15264, -25.2616],
							"lerp_mode": "catmullrom"
						},
						"1.0417": {
							"post": [-1.64824, -53.16581, -5.22075],
							"lerp_mode": "catmullrom"
						},
						"1.25": [24.1975, -47.15264, -25.2616]
					}
				},
				"r_elbow": {
					"rotation": {
						"0.0": [0, -32.5, 0],
						"0.625": [0, -32.5, 0],
						"1.25": [0, -32.5, 0]
					}
				},
				"r_hand": {
					"rotation": [-15.34721, -12.06754, 3.28396]
				},
				"r_fingers": {
					"rotation": [0, 0, -65]
				},
				"r_thumb": {
					"rotation": [53.98381, 24.28484, 29.49826]
				},
				"lollipop_02_stick_01": {
					"rotation": [0, 0, 100],
					"position": [0, 0, -2],
					"scale": {
						"0.0": [1, 1, 1],
						"1.25": {
							"pre": [1, 1, 1],
							"post": [1, 1, 1]
						}
					}
				},
				"lollipop_02_upper_teeth": {
					"position": [0, "0.5-math.sin((q.anim_time-0.2)*576)*0.3", 0]
				},
				"lollipop_02_lower_teeth": {
					"position": [0, "-0.5+math.sin((q.anim_time-0.2)*576)*0.3", 0]
				},
				"hat_02": {
					"rotation": ["0+math.sin((q.anim_time-0.2)*576)*10", 0, "0+math.sin((q.anim_time-0.4)*288)*15"]
				},
				"pompom": {
					"rotation": ["0+math.sin((q.anim_time-0.3)*576)*20", 0, 0]
				},
				"r_leg_01": {
					"rotation": {
						"0.0": [-22.01816, 4.75113, 11.57518],
						"0.125": {
							"pre": [-39.62524, 3.69532, 9.00292],
							"post": [-39.62524, 3.69532, 9.00292],
							"lerp_mode": "catmullrom"
						},
						"0.5833": {
							"post": [67.5, 0, 0],
							"lerp_mode": "catmullrom"
						},
						"0.7917": {
							"post": [65.13384, 1.31976, 3.21533],
							"lerp_mode": "catmullrom"
						},
						"1.0833": {
							"post": [-55.20216, 3.69532, 9.00292],
							"lerp_mode": "catmullrom"
						},
						"1.2083": [-22.01816, 4.75113, 11.57518]
					},
					"position": {
						"0.0": [0, -1, -0.25],
						"0.125": {
							"pre": [0.11, -1.83, 0.14],
							"post": [0.11, -1.83, 0.14],
							"lerp_mode": "catmullrom"
						},
						"0.4167": {
							"post": [0.33, 1.07, 0.92],
							"lerp_mode": "catmullrom"
						},
						"0.5833": {
							"post": [0.5, -0.25, 1.5],
							"lerp_mode": "catmullrom"
						},
						"0.7917": {
							"post": [0.36, -1.46, 1.01],
							"lerp_mode": "catmullrom"
						},
						"0.9167": {
							"post": [0.17, 0.79, 0.33],
							"lerp_mode": "catmullrom"
						},
						"1.2083": [0, -1, -0.25]
					}
				},
				"r_leg_02": {
					"rotation": {
						"0.0": [-7.5, 0, 0],
						"0.125": {
							"pre": [81.39, 0, 0],
							"post": [81.39, 0, 0],
							"lerp_mode": "catmullrom"
						},
						"0.4167": {
							"post": [8.81, 0, 0],
							"lerp_mode": "catmullrom"
						},
						"0.5833": {
							"post": [55, 0, 0],
							"lerp_mode": "catmullrom"
						},
						"0.7917": {
							"post": [55.14, 0, 0],
							"lerp_mode": "catmullrom"
						},
						"0.9167": {
							"post": [46.41, 0, 0],
							"lerp_mode": "catmullrom"
						},
						"1.2083": [-7.5, 0, 0]
					}
				},
				"foot_01": {
					"rotation": {
						"0.0": [-12.89803, 2.32979, -11.65691],
						"0.125": {
							"pre": [-41.69847, 1.81206, -9.06649],
							"post": [-41.69847, 1.81206, -9.06649],
							"lerp_mode": "catmullrom"
						},
						"0.4167": {
							"post": [10.70066, 0.7766, -3.88564],
							"lerp_mode": "catmullrom"
						},
						"0.5833": {
							"post": [15, 0, 0],
							"lerp_mode": "catmullrom"
						},
						"0.625": {
							"post": [14.02, 0.07, -0.35],
							"lerp_mode": "catmullrom"
						},
						"1.2083": [-12.89803, 2.32979, -11.65691]
					},
					"position": [0, 0, 0]
				},
				"foot_02": {
					"rotation": {
						"0.0": [-17.5, 0, 0],
						"0.25": {
							"pre": [-20, 0, 0],
							"post": [-20, 0, 0],
							"lerp_mode": "catmullrom"
						},
						"0.4167": {
							"post": [5.36, 0, 0],
							"lerp_mode": "catmullrom"
						},
						"0.5833": {
							"post": [-25.98, 0, 0],
							"lerp_mode": "catmullrom"
						},
						"0.875": {
							"post": [25.57, 0, 0],
							"lerp_mode": "catmullrom"
						},
						"1.2083": [-17.5, 0, 0]
					}
				},
				"l_leg_01": {
					"rotation": {
						"0.0": [67.5, 0, 0],
						"0.2083": {
							"pre": [65.13384, -1.3198, -3.2153],
							"post": [65.13384, -1.3198, -3.2153],
							"lerp_mode": "catmullrom"
						},
						"0.5": {
							"post": [-55.20216, -3.6953, -9.0029],
							"lerp_mode": "catmullrom"
						},
						"0.625": {
							"post": [-22.01816, -4.7511, -11.5752],
							"lerp_mode": "catmullrom"
						},
						"0.75": {
							"post": [-39.62524, -3.6953, -9.0029],
							"lerp_mode": "catmullrom"
						},
						"1.25": [67.5, 0, 0]
					},
					"position": {
						"0.0": [-0.5, -0.25, 1.5],
						"0.2083": {
							"pre": [-0.36, -1.46, 1.01],
							"post": [-0.36, -1.46, 1.01],
							"lerp_mode": "catmullrom"
						},
						"0.3333": {
							"post": [-0.17, 0.79, 0.33],
							"lerp_mode": "catmullrom"
						},
						"0.625": {
							"post": [0, -1, -0.25],
							"lerp_mode": "catmullrom"
						},
						"0.75": {
							"post": [-0.11, -1.83, 0.14],
							"lerp_mode": "catmullrom"
						},
						"1.0417": {
							"post": [-0.33, 1.07, 0.92],
							"lerp_mode": "catmullrom"
						},
						"1.25": [-0.5, -0.25, 1.5]
					}
				},
				"l_leg_02": {
					"rotation": {
						"0.0": [55, 0, 0],
						"0.2083": {
							"pre": [55.14, 0, 0],
							"post": [55.14, 0, 0],
							"lerp_mode": "catmullrom"
						},
						"0.3333": {
							"post": [46.41, 0, 0],
							"lerp_mode": "catmullrom"
						},
						"0.625": {
							"post": [-7.5, 0, 0],
							"lerp_mode": "catmullrom"
						},
						"0.75": {
							"post": [81.39, 0, 0],
							"lerp_mode": "catmullrom"
						},
						"1.0417": {
							"post": [8.81, 0, 0],
							"lerp_mode": "catmullrom"
						},
						"1.25": [55, 0, 0]
					}
				},
				"l_foot_01": {
					"rotation": {
						"0.0": [15, 0, 0],
						"0.6667": {
							"pre": [-12.89803, -2.3298, 11.6569],
							"post": [-12.89803, -2.3298, 11.6569],
							"lerp_mode": "catmullrom"
						},
						"0.7917": {
							"post": [-41.69847, -1.8121, 9.0665],
							"lerp_mode": "catmullrom"
						},
						"1.0833": {
							"post": [10.70066, -0.7766, 3.8856],
							"lerp_mode": "catmullrom"
						},
						"1.25": [15, 0, 0]
					}
				},
				"l_foot_02": {
					"rotation": {
						"0.0": [-25.98, 0, 0],
						"0.2917": {
							"pre": [25.57, 0, 0],
							"post": [25.57, 0, 0],
							"lerp_mode": "catmullrom"
						},
						"0.625": {
							"post": [-17.5, 0, 0],
							"lerp_mode": "catmullrom"
						},
						"0.875": {
							"post": [-20, 0, 0],
							"lerp_mode": "catmullrom"
						},
						"1.0417": {
							"post": [5.36, 0, 0],
							"lerp_mode": "catmullrom"
						},
						"1.25": [-25.98, 0, 0]
					}
				},
				"rl_shoelace_01": {
					"rotation": {
						"0.0": [0, 0, -40],
						"0.2917": {
							"pre": [-48.20495, 25.01686, -2.81665],
							"post": [-48.20495, 25.01686, -2.81665],
							"lerp_mode": "catmullrom"
						},
						"0.6667": {
							"post": [-44.75326, 0.53725, -65.36511],
							"lerp_mode": "catmullrom"
						},
						"0.875": {
							"post": [6.65591, -27.77103, 20.754],
							"lerp_mode": "catmullrom"
						},
						"1.0": {
							"post": [-25, -36.8579, -15.9429],
							"lerp_mode": "catmullrom"
						},
						"1.25": [0, 0, -40]
					}
				},
				"ll_shoelace_01": {
					"rotation": {
						"0.0": [-54.45068, 4.7915, -64.4869],
						"0.2083": {
							"pre": [0.05386, -14.7827, 13.4516],
							"post": [0.05386, -14.7827, 13.4516],
							"lerp_mode": "catmullrom"
						},
						"0.3333": {
							"post": [-38.37588, -45.4229, -33.2742],
							"lerp_mode": "catmullrom"
						},
						"0.5833": {
							"post": [0, 0, -52.5],
							"lerp_mode": "catmullrom"
						},
						"0.875": {
							"post": [-45.93044, 34.9405, 7.8259],
							"lerp_mode": "catmullrom"
						},
						"1.25": [-54.45068, 4.7915, -64.4869]
					}
				},
				"ll_shoelace_02": {
					"rotation": {
						"0.0": [-14.83, 22.18, -19.3],
						"0.125": {
							"pre": [-19.85266, 16.9934, -35.9674],
							"post": [-19.85266, 16.9934, -35.9674],
							"lerp_mode": "catmullrom"
						},
						"0.3333": {
							"post": [11.12518, -16.6194, 12.7237],
							"lerp_mode": "catmullrom"
						},
						"0.5833": {
							"post": [-7.1859, -17.2294, -31.5667],
							"lerp_mode": "catmullrom"
						},
						"0.75": {
							"post": [-5.59558, 4.6531, -62.5402],
							"lerp_mode": "catmullrom"
						},
						"0.9583": {
							"post": [6.92654, 25.026, 31.0668],
							"lerp_mode": "catmullrom"
						},
						"1.25": [-14.83, 22.18, -19.3]
					}
				},
				"lr_shoelace_01": {
					"rotation": {
						"0.0": [-44.75326, -0.5373, 65.3651],
						"0.2083": {
							"pre": [6.65591, 27.771, -20.754],
							"post": [6.65591, 27.771, -20.754],
							"lerp_mode": "catmullrom"
						},
						"0.3333": {
							"post": [-25, 36.8579, 15.9429],
							"lerp_mode": "catmullrom"
						},
						"0.5833": {
							"post": [0, 0, 40],
							"lerp_mode": "catmullrom"
						},
						"0.875": {
							"post": [-48.20495, -25.0169, 2.8166],
							"lerp_mode": "catmullrom"
						},
						"1.25": [-44.75326, -0.5373, 65.3651]
					}
				},
				"lr_shoelace_02": {
					"rotation": {
						"0.0": [13.86, -37.9, -7.11],
						"0.125": {
							"pre": [16.68343, -39.3672, 13.7325],
							"post": [16.68343, -39.3672, 13.7325],
							"lerp_mode": "catmullrom"
						},
						"0.3333": {
							"post": [-21.99906, 39.3227, 2.2812],
							"lerp_mode": "catmullrom"
						},
						"0.5833": {
							"post": [0, 10, 25],
							"lerp_mode": "catmullrom"
						},
						"0.75": {
							"post": [8.00985, 23.2744, 66.505],
							"lerp_mode": "catmullrom"
						},
						"0.9583": {
							"post": [-3.81923, -7.4896, -55.4207],
							"lerp_mode": "catmullrom"
						},
						"1.25": [13.86, -37.9, -7.11]
					}
				},
				"rr_shoelace_01": {
					"rotation": {
						"0.0": [0, 0, 52.5],
						"0.2917": {
							"pre": [-45.93044, -34.94052, -7.82585],
							"post": [-45.93044, -34.94052, -7.82585],
							"lerp_mode": "catmullrom"
						},
						"0.6667": {
							"post": [-54.45068, -4.79153, 64.48687],
							"lerp_mode": "catmullrom"
						},
						"0.875": {
							"post": [0.05386, 14.78272, -13.45157],
							"lerp_mode": "catmullrom"
						},
						"1.0": {
							"post": [-38.37588, 45.42286, 33.27423],
							"lerp_mode": "catmullrom"
						},
						"1.25": [0, 0, 52.5]
					}
				},
				"rr_shoelace_02": {
					"rotation": {
						"0.0": [-7.1859, 17.2294, 31.5667],
						"0.1667": {
							"pre": [-5.59558, -4.65306, 62.54018],
							"post": [-5.59558, -4.65306, 62.54018],
							"lerp_mode": "catmullrom"
						},
						"0.375": {
							"post": [6.92654, -25.02604, -31.06681],
							"lerp_mode": "catmullrom"
						},
						"0.6667": {
							"post": [-14.83, -22.18, 19.3],
							"lerp_mode": "catmullrom"
						},
						"0.7917": {
							"post": [-19.85266, -16.99339, 35.96739],
							"lerp_mode": "catmullrom"
						},
						"1.0": {
							"post": [11.12518, 16.61942, -12.72374],
							"lerp_mode": "catmullrom"
						},
						"1.25": [-7.1859, 17.2294, 31.5667]
					}
				},
				"rl_shoelace_02": {
					"rotation": {
						"0.0": [0, -10, -25],
						"0.1667": {
							"pre": [8.00985, -23.2744, -66.50496],
							"post": [8.00985, -23.2744, -66.50496],
							"lerp_mode": "catmullrom"
						},
						"0.375": {
							"post": [-3.81923, 7.4896, 55.42073],
							"lerp_mode": "catmullrom"
						},
						"0.6667": {
							"post": [13.86, 37.9, 7.11],
							"lerp_mode": "catmullrom"
						},
						"0.7917": {
							"post": [16.68343, 39.36716, -13.73247],
							"lerp_mode": "catmullrom"
						},
						"1.0": {
							"post": [-21.99906, -39.32271, -2.2812],
							"lerp_mode": "catmullrom"
						},
						"1.25": [0, -10, -25]
					}
				}
			}
		},
		"animation.slappelin.sleep": {
			"loop": true,
			"animation_length": 3,
			"bones": {
				"body": {
					"rotation": ["2.5024+math.sin((q.anim_time-0.1)*120)*7", -2.49762, -0.10912],
					"position": [0, 5, -5]
				},
				"l_arm": {
					"rotation": [-8.35273, "-52.0907+math.sin((q.anim_time-0.1)*120)*7", 71.44289]
				},
				"l_elbow": {
					"rotation": [0, 32.5, 0]
				},
				"l_hand": {
					"rotation": [-26.28102, -38.36778, -9.83434]
				},
				"l_fingers": {
					"rotation": [-4.88206, -1.08089, 20.04608]
				},
				"l_thumb": {
					"rotation": [65, 0, 0]
				},
				"r_arm": {
					"rotation": [-9.74576, "-37.7309-math.sin((q.anim_time-0.1)*120)*7", "-49.5153+math.sin((q.anim_time-0.1)*120)*5"]
				},
				"r_elbow": {
					"rotation": [79.59935, -16.6634, -41.91773]
				},
				"r_hand": {
					"rotation": [-0.90956, -19.98015, 2.66022]
				},
				"r_fingers": {
					"rotation": [0, 0, -82.5]
				},
				"r_thumb": {
					"rotation": [72.5, 0, 0]
				},
				"lollipop_02_stick_01": {
					"scale": {
						"0.0": [0, 0, 0],
						"3.0": {
							"pre": [0, 0, 0],
							"post": [0, 0, 0]
						}
					}
				},
				"hat_02": {
					"rotation": ["5+math.sin((q.anim_time-0.3)*120)*20", 0, 0]
				},
				"pompom": {
					"rotation": ["25+math.sin((q.anim_time-0.5)*120)*20", 0, 0]
				},
				"r_leg_01": {
					"rotation": [-44.75386, 5.29571, 5.31847],
					"position": [0, 5.5, -5.75]
				},
				"r_leg_02": {
					"rotation": [52.5, 0, 0]
				},
				"l_leg_01": {
					"rotation": [-60.95243, -36.32574, -5.60985],
					"position": [0, 5, -6]
				},
				"l_leg_02": {
					"rotation": [47.5, 0, 0]
				},
				"lollipop_01_stick_01": {
					"rotation": [-347.5, 0, -180],
					"position": [14.75, -5.5, -1.25],
					"scale": {
						"0.0": [1, 1, 1],
						"2.0": {
							"pre": [1, 1, 1],
							"post": [1, 1, 1]
						}
					}
				},
				"lollipop_01_upper_teeth": {
					"position": {
						"0.0": [0, 1.75, 0],
						"0.8333": {
							"pre": [0, 0.75, 0],
							"post": [0, 0.75, 0],
							"lerp_mode": "catmullrom"
						},
						"1.375": {
							"post": [0, 0.75, 0],
							"lerp_mode": "catmullrom"
						},
						"3.0": [0, 1.75, 0]
					}
				},
				"lollipop_01_lower_teeth": {
					"position": {
						"0.0": [0, -1.75, 0],
						"0.8333": {
							"pre": [0, -0.75, 0],
							"post": [0, -0.75, 0],
							"lerp_mode": "catmullrom"
						},
						"1.375": {
							"post": [0, -0.75, 0],
							"lerp_mode": "catmullrom"
						},
						"3.0": [0, -1.75, 0]
					}
				},
				"ll_shoelace_01": {
					"rotation": [0, "0+math.sin((q.anim_time-0.3)*120)*10", 42.5]
				},
				"ll_shoelace_02": {
					"rotation": [24.66569, "-4.2085+math.sin((q.anim_time-0.5)*120)*15", 41.57947]
				},
				"lr_shoelace_01": {
					"rotation": [34.65466, "20.6487-math.cos((q.anim_time-0.5)*120)*10", "-32.13+math.sin((q.anim_time-0.3)*120)*10"]
				},
				"lr_shoelace_02": {
					"rotation": [40.79807, -29.39193, "-49.1589+math.sin((q.anim_time-0.6)*120)*15"]
				},
				"rr_shoelace_01": {
					"rotation": [27.20967, "-28.9661-math.sin((q.anim_time-0.3)*120)*10", -40.47065]
				},
				"rr_shoelace_02": {
					"rotation": [15.24823, -16.63062, "-33.4689+math.sin((q.anim_time-0.5)*120)*20"]
				},
				"rl_shoelace_01": {
					"rotation": [54.67047, "12.3085-math.cos((q.anim_time-0.1)*120)*10", "36.3491-math.sin((q.anim_time-0.3)*120)*10"]
				},
				"rl_shoelace_02": {
					"rotation": [-19.7186, 23.20899, "7.6497-math.sin((q.anim_time-0.5)*120)*15"]
				},
				"body_lean": {
					"rotation": ["-12.5+math.sin((q.anim_time)*120)*5", 0, 0],
					"position": [0, 0, 3]
				}
			}
		},
		"animation.slappelin.faint": {
			"loop": true,
			"animation_length": 3.08333,
			"bones": {
				"body": {
					"rotation": {
						"0.0": [7.5, 0, 7.5],
						"0.1667": {
							"pre": [47.5, 0, 7.5],
							"post": [47.5, 0, 7.5],
							"lerp_mode": "catmullrom"
						},
						"0.3333": {
							"post": [-12.31594, -2.15393, -2.26758],
							"lerp_mode": "catmullrom"
						},
						"0.5": {
							"post": [-17.67415, 2.3363, 13.76837],
							"lerp_mode": "catmullrom"
						},
						"0.5833": {
							"post": [-9.78217, -2.57594, -2.1658],
							"lerp_mode": "catmullrom"
						},
						"0.7083": {
							"post": [14.31594, 2.15393, -2.26758],
							"lerp_mode": "catmullrom"
						},
						"0.9583": {
							"post": [7.46315, 7.10619, 0.59191],
							"lerp_mode": "catmullrom"
						},
						"1.2083": {
							"post": [3.80465, 8.67594, -3.78402],
							"lerp_mode": "catmullrom"
						},
						"1.4167": {
							"post": [-38.76585, 8.86929, -5.83492],
							"lerp_mode": "catmullrom"
						},
						"1.5833": {
							"post": [-38.24009, 4.29746, 8.34892],
							"lerp_mode": "catmullrom"
						},
						"1.7083": [-83.54, 7.11, 0.59]
					},
					"position": {
						"0.0": [0.25, -0.75, 0],
						"0.1667": {
							"pre": [0.25, -1.5, 0],
							"post": [0.25, -1.5, 0],
							"lerp_mode": "catmullrom"
						},
						"0.3333": {
							"post": [0.25, 5, 0.5],
							"lerp_mode": "catmullrom"
						},
						"0.5": {
							"post": [0.25, 0, 1.5],
							"lerp_mode": "catmullrom"
						},
						"0.5833": {
							"post": [0.25, -1.25, 2],
							"lerp_mode": "catmullrom"
						},
						"0.875": {
							"post": [0.25, 0, 2.75],
							"lerp_mode": "catmullrom"
						},
						"1.5417": {
							"post": [0.25, 0, 1.5],
							"lerp_mode": "catmullrom"
						},
						"1.625": [0.25, -5, 0.75]
					}
				},
				"l_arm": {
					"rotation": {
						"0.0": [0, 0, 52.5],
						"0.1667": {
							"pre": [-37.45372, 35.93196, -0.04628],
							"post": [-37.45372, 35.93196, -0.04628],
							"lerp_mode": "catmullrom"
						},
						"0.375": {
							"post": [-134.41511, 61.47435, -3.64887],
							"lerp_mode": "catmullrom"
						},
						"0.5": {
							"post": [-165.30614, 29.72836, -51.83867],
							"lerp_mode": "catmullrom"
						},
						"0.7917": {
							"post": [0.82214, -32.82359, 64.12964],
							"lerp_mode": "catmullrom"
						},
						"1.2083": {
							"post": [0.73704, -0.20133, 54.57204],
							"lerp_mode": "catmullrom"
						},
						"1.375": {
							"post": [-26.88447, -24.32831, 54.87546],
							"lerp_mode": "catmullrom"
						},
						"1.7917": {
							"post": [-71.17445, 40.80433, -14.83077],
							"lerp_mode": "catmullrom"
						},
						"2.25": [-87.50259, -27.44977, -12.28662]
					},
					"position": [0, 0, 0]
				},
				"l_elbow": {
					"rotation": {
						"0.0": [0, 5, 20],
						"0.0833": {
							"pre": [0, 57.5, 20],
							"post": [0, 57.5, 20],
							"lerp_mode": "catmullrom"
						},
						"0.25": {
							"post": [0, 12.5, 20],
							"lerp_mode": "catmullrom"
						},
						"0.6667": {
							"post": [0, 60, 20],
							"lerp_mode": "catmullrom"
						},
						"1.0": {
							"post": [0, 10, 20],
							"lerp_mode": "catmullrom"
						},
						"1.3333": {
							"post": [0, 27.5, 20],
							"lerp_mode": "catmullrom"
						},
						"1.625": {
							"post": [0, 2.5, 20],
							"lerp_mode": "catmullrom"
						},
						"1.9583": {
							"post": [0, 10, 20],
							"lerp_mode": "catmullrom"
						},
						"2.375": [0, 5, 20]
					}
				},
				"l_fingers": {
					"rotation": {
						"0.0": [0, 0, 82.5],
						"0.2083": {
							"pre": [0, 0, 102.5],
							"post": [0, 0, 102.5],
							"lerp_mode": "catmullrom"
						},
						"0.5": {
							"post": [0, 0, 30],
							"lerp_mode": "catmullrom"
						},
						"0.9167": {
							"post": [0, 0, 72.5],
							"lerp_mode": "catmullrom"
						},
						"1.5": {
							"post": [0, 0, 70],
							"lerp_mode": "catmullrom"
						},
						"1.7917": {
							"post": [0, 0, 27.5],
							"lerp_mode": "catmullrom"
						},
						"2.0417": {
							"post": [0, 0, 55],
							"lerp_mode": "catmullrom"
						},
						"2.3333": [0, 0, 42.5]
					}
				},
				"l_thumb": {
					"rotation": [42.5, -65, 0]
				},
				"r_arm": {
					"rotation": {
						"0.0": [-47.77, 3.52, -62.58],
						"0.1667": {
							"pre": [-26.26437, 31.26107, -48.24224],
							"post": [-26.26437, 31.26107, -48.24224],
							"lerp_mode": "catmullrom"
						},
						"0.375": {
							"post": [-101.20568, -47.66605, 9.20725],
							"lerp_mode": "catmullrom"
						},
						"0.5": {
							"post": [-96.7205, -24.69787, 5.95776],
							"lerp_mode": "catmullrom"
						},
						"0.75": {
							"post": [-19.58144, 34.26298, -59.09208],
							"lerp_mode": "catmullrom"
						},
						"1.0833": {
							"post": [7.31337, 3.76802, -45.44719],
							"lerp_mode": "catmullrom"
						},
						"1.375": {
							"post": [-25.18663, 3.76802, -45.44719],
							"lerp_mode": "catmullrom"
						},
						"1.7917": {
							"post": [-32.00098, -37.44271, 12.78102],
							"lerp_mode": "catmullrom"
						},
						"2.2917": [-31.34991, 36.02898, -27.73564]
					}
				},
				"r_elbow": {
					"rotation": {
						"0.0": [-180.38984, -64.5531, 153.49475],
						"0.25": {
							"pre": [-359.59691, -65.44585, 332.7761],
							"post": [-359.59691, -65.44585, 332.7761],
							"lerp_mode": "catmullrom"
						},
						"0.5": {
							"post": [-359.7799, -40.44618, 332.99994],
							"lerp_mode": "catmullrom"
						},
						"0.7917": {
							"post": [-359.83174, -5.44636, 333.12676],
							"lerp_mode": "catmullrom"
						},
						"1.625": {
							"post": [-359.83, -5.45, 333.13],
							"lerp_mode": "catmullrom"
						},
						"1.9583": {
							"post": [-359.81939, -20.44993, 333.08304],
							"lerp_mode": "catmullrom"
						},
						"2.2083": [-359.82913, -7.94999, 333.12251]
					}
				},
				"r_hand": {
					"rotation": {
						"0.0": [-14.65993, 3.2113, -12.9132],
						"0.0833": {
							"pre": [-14.93223, -11.29674, -9.0832],
							"post": [-14.93223, -11.29674, -9.0832],
							"lerp_mode": "catmullrom"
						},
						"0.25": {
							"post": [-15.02291, 12.87934, -15.49704],
							"lerp_mode": "catmullrom"
						},
						"0.375": {
							"post": [-14.67376, -4.04497, -11.01543],
							"lerp_mode": "catmullrom"
						},
						"0.5417": {
							"post": [-31.12533, -43.38346, -19.03742],
							"lerp_mode": "catmullrom"
						},
						"0.75": {
							"post": [31.85706, 7.97952, -20.45536],
							"lerp_mode": "catmullrom"
						},
						"1.2083": {
							"post": [-9.41033, -22.34702, -5.62533],
							"lerp_mode": "catmullrom"
						},
						"1.4583": {
							"post": [-9.77505, 27.03795, -13.70907],
							"lerp_mode": "catmullrom"
						},
						"1.7917": {
							"post": [-9.79621, -27.27707, -4.70666],
							"lerp_mode": "catmullrom"
						},
						"2.125": {
							"post": [-10.93184, -37.1152, -2.58331],
							"lerp_mode": "catmullrom"
						},
						"2.4167": [-16.28255, -35.34641, 6.45643]
					}
				},
				"r_fingers": {
					"rotation": {
						"0.0": [0, 0, -82.5],
						"0.2083": {
							"pre": [0, 0, -82.5],
							"post": [0, 0, -82.5],
							"lerp_mode": "catmullrom"
						},
						"0.2917": {
							"post": [0, 0, -12.5],
							"lerp_mode": "catmullrom"
						},
						"0.5833": {
							"post": [0, 0, -7.5],
							"lerp_mode": "catmullrom"
						},
						"0.8333": {
							"post": [0, 0, -65],
							"lerp_mode": "catmullrom"
						},
						"1.5": {
							"post": [0, 0, -95],
							"lerp_mode": "catmullrom"
						},
						"1.8333": {
							"post": [0, 0, -12.5],
							"lerp_mode": "catmullrom"
						},
						"2.0833": {
							"post": [0, 0, -34.65],
							"lerp_mode": "catmullrom"
						},
						"2.375": [0, 0, -35]
					}
				},
				"r_thumb": {
					"rotation": [64.74234, 11.2531, 22.47096]
				},
				"r_leg_01": {
					"rotation": {
						"0.0": [20, 0, 10],
						"0.1667": {
							"pre": [-15, 0, 10],
							"post": [-15, 0, 10],
							"lerp_mode": "catmullrom"
						},
						"0.3333": {
							"post": [15, 0, 10],
							"lerp_mode": "catmullrom"
						},
						"0.4167": {
							"post": [-22.5, 0, 10],
							"lerp_mode": "catmullrom"
						},
						"0.5": {
							"post": [7.5, 0, 10],
							"lerp_mode": "catmullrom"
						},
						"0.5833": {
							"post": [-10, 0, 10],
							"lerp_mode": "catmullrom"
						},
						"0.875": [0, 0, 10],
						"1.5417": [0, 0, 10],
						"1.75": [-122.23231, 21.8935, -13.19646],
						"2.0": [-71.36519, 18.95323, 8.74668]
					},
					"position": {
						"0.0": [0.75, -0.3, 0],
						"0.1667": {
							"pre": [0.75, -1.3, 0],
							"post": [0.75, -1.3, 0],
							"lerp_mode": "catmullrom"
						},
						"0.3333": {
							"post": [0.75, 4.95, 0.25],
							"lerp_mode": "catmullrom"
						},
						"0.4167": {
							"post": [0.75, 3.2, 0.75],
							"lerp_mode": "catmullrom"
						},
						"0.5": {
							"post": [0.75, 0.2, 1.5],
							"lerp_mode": "catmullrom"
						},
						"0.5833": {
							"post": [0.75, -0.8, 1.5],
							"lerp_mode": "catmullrom"
						},
						"0.875": [0.75, -0.05, 2],
						"1.5417": [0.75, -0.05, 2],
						"1.75": [0.75, -4.3, 0.5]
					}
				},
				"r_leg_02": {
					"rotation": {
						"0.0": [15, 0, 0],
						"0.1667": {
							"pre": [92.5, 0, 0],
							"post": [92.5, 0, 0],
							"lerp_mode": "catmullrom"
						},
						"0.3333": {
							"post": [0, 0, 0],
							"lerp_mode": "catmullrom"
						},
						"0.4167": {
							"post": [50, 0, 0],
							"lerp_mode": "catmullrom"
						},
						"0.5": {
							"post": [25, 0, 0],
							"lerp_mode": "catmullrom"
						},
						"0.5833": {
							"post": [52.5, 0, 0],
							"lerp_mode": "catmullrom"
						},
						"0.875": [15, 0, 0],
						"1.5417": [15, 0, 0],
						"1.6667": [55, 0, 0],
						"1.875": [-17.5, 0, 0],
						"2.0833": [10, 0, 0]
					}
				},
				"foot_01": {
					"rotation": {
						"0.0": [-27.57, -2.4783, -10],
						"0.1667": {
							"pre": [-29.445, -2.4783, -10],
							"post": [-29.445, -2.4783, -10],
							"lerp_mode": "catmullrom"
						},
						"0.3333": {
							"post": [27.43, -2.4783, -10],
							"lerp_mode": "catmullrom"
						},
						"0.4167": {
							"post": [-32.57, -2.4783, -10],
							"lerp_mode": "catmullrom"
						},
						"0.5": {
							"post": [-42.57, -2.4783, -10],
							"lerp_mode": "catmullrom"
						},
						"0.875": [-17.57, -2.4783, -10],
						"1.5417": [-17.57, -2.48, -10],
						"1.625": {
							"pre": [-0.07, -2.48, -10],
							"post": [-0.07, -2.48, -10],
							"lerp_mode": "catmullrom"
						},
						"1.7083": {
							"post": [27.43, -2.48, -10],
							"lerp_mode": "catmullrom"
						},
						"1.9583": {
							"post": [-22.57, -2.48, -10],
							"lerp_mode": "catmullrom"
						},
						"2.2083": [4.93, -2.48, -10]
					}
				},
				"l_leg_01": {
					"rotation": {
						"0.0": [-7.5, 0, 0],
						"0.1667": {
							"pre": [-45, 0, 0],
							"post": [-45, 0, 0],
							"lerp_mode": "catmullrom"
						},
						"0.3333": {
							"post": [-10, 0, 0],
							"lerp_mode": "catmullrom"
						},
						"0.4167": {
							"post": [-35, 0, 0],
							"lerp_mode": "catmullrom"
						},
						"0.5": {
							"post": [0, 0, 0],
							"lerp_mode": "catmullrom"
						},
						"0.6667": {
							"post": [-15, 0, 0],
							"lerp_mode": "catmullrom"
						},
						"0.9583": [-5, 0, 0],
						"1.5417": [-5, 0, 0],
						"1.75": [-142.5, 0, 0],
						"2.1667": [-71.70612, -16.66577, -5.41615]
					},
					"position": {
						"0.0": [0, -1, -0.75],
						"0.1667": {
							"pre": [0, -2, -0.75],
							"post": [0, -2, -0.75],
							"lerp_mode": "catmullrom"
						},
						"0.3333": {
							"post": [0, 4.5, 0],
							"lerp_mode": "catmullrom"
						},
						"0.5": {
							"post": [0, -0.25, 1.25],
							"lerp_mode": "catmullrom"
						},
						"0.6667": {
							"post": [0, -0.75, 1.75],
							"lerp_mode": "catmullrom"
						},
						"0.9583": [0, -0.25, 2],
						"1.5417": [0, -0.25, 2],
						"1.75": [0, -3.5, 0.5],
						"2.1667": [0, -4.25, 0.5]
					}
				},
				"l_leg_02": {
					"rotation": {
						"0.0": [57.5, 0, 0],
						"0.1667": {
							"pre": [112.5, 0, 0],
							"post": [112.5, 0, 0],
							"lerp_mode": "catmullrom"
						},
						"0.3333": {
							"post": [0, 0, 0],
							"lerp_mode": "catmullrom"
						},
						"0.4167": {
							"post": [50, 0, 0],
							"lerp_mode": "catmullrom"
						},
						"0.5": {
							"post": [27.5, 0, 0],
							"lerp_mode": "catmullrom"
						},
						"0.6667": {
							"post": [52.5, 0, 0],
							"lerp_mode": "catmullrom"
						},
						"0.9583": [15, 0, 0],
						"1.5417": [15, 0, 0],
						"1.6667": {
							"pre": [57.5, 0, 0],
							"post": [57.5, 0, 0],
							"lerp_mode": "catmullrom"
						},
						"1.8333": {
							"post": [7.5, 0, 0],
							"lerp_mode": "catmullrom"
						},
						"2.1667": [15, 0, 0]
					}
				},
				"l_foot_01": {
					"rotation": {
						"0.0": [-50, 0, 0],
						"0.1667": {
							"pre": [-55, 0, 0],
							"post": [-55, 0, 0],
							"lerp_mode": "catmullrom"
						},
						"0.3333": {
							"post": [27.5, 0, 0],
							"lerp_mode": "catmullrom"
						},
						"0.4167": {
							"post": [-25, 0, 0],
							"lerp_mode": "catmullrom"
						},
						"0.5": {
							"post": [-40, 0, 0],
							"lerp_mode": "catmullrom"
						},
						"0.9583": [-12.5, 0, 0],
						"1.5417": [-12.5, 0, 0],
						"1.7083": {
							"pre": [35, 0, 0],
							"post": [35, 0, 0],
							"lerp_mode": "catmullrom"
						},
						"1.9167": {
							"post": [-22.5, 0, 0],
							"lerp_mode": "catmullrom"
						},
						"2.25": [-5, 0, 0]
					}
				},
				"lollipop_01_stick_01": {
					"rotation": {
						"0.0": [-50.13152, 19.30125, 0.63323],
						"0.2917": [-50.13152, 19.30125, 0.63323],
						"1.5417": [-875.13152, 19.30125, 0.63323],
						"1.7083": [-889.11373, 2.12987, -2.81654]
					},
					"position": {
						"0.0": [12, 6, 3],
						"0.2917": [12, 6, 3],
						"0.9583": {
							"pre": [13, 61, -1],
							"post": [13, 61, -1],
							"lerp_mode": "catmullrom"
						},
						"1.5417": {
							"post": [15, 7, -1],
							"lerp_mode": "catmullrom"
						},
						"1.7083": [14.5, -2, 2.5]
					},
					"scale": {
						"0.0": [0, 0, 0],
						"0.25": {
							"pre": [0, 0, 0],
							"post": [0, 0, 0]
						},
						"0.2917": {
							"pre": [0, 0, 0],
							"post": [1, 1, 1]
						},
						"3.0833": {
							"pre": [1, 1, 1],
							"post": [1, 1, 1]
						}
					}
				},
				"hat_02": {
					"rotation": {
						"0.0": [-7.5, 0, 0],
						"0.125": {
							"pre": [-25, 0, 0],
							"post": [-25, 0, 0],
							"lerp_mode": "catmullrom"
						},
						"0.3333": {
							"post": [27.5, 0, 0],
							"lerp_mode": "catmullrom"
						},
						"0.5833": {
							"post": [-20, 0, 0],
							"lerp_mode": "catmullrom"
						},
						"0.8333": {
							"post": [17.5, 0, 0],
							"lerp_mode": "catmullrom"
						},
						"1.0417": [-5, 0, 0],
						"1.2083": [-5, 0, 0],
						"1.3333": {
							"pre": [22.5, 0, 0],
							"post": [22.5, 0, 0],
							"lerp_mode": "catmullrom"
						},
						"1.5": {
							"post": [-27.5, 0, 0],
							"lerp_mode": "catmullrom"
						},
						"1.75": {
							"post": [22.5, 0, 0],
							"lerp_mode": "catmullrom"
						},
						"1.9167": [-25, 0, 0]
					}
				},
				"pompom": {
					"rotation": [-14.65993, 3.21132, 12.08681]
				},
				"lollipop_02_stick_01": {
					"rotation": {
						"0.0": [0, 0, 90],
						"0.25": [0, 0, 90]
					},
					"position": {
						"0.0": [1, 0, 0],
						"0.25": [1, 0, 0]
					},
					"scale": {
						"0.0": [1, 1, 1],
						"0.25": {
							"pre": [1, 1, 1],
							"post": [1, 1, 1]
						},
						"0.2917": {
							"pre": [1, 1, 1],
							"post": [0, 0, 0]
						}
					}
				},
				"l_hand": {
					"rotation": [0, 5, 0]
				},
				"lollipop_02_upper_teeth": {
					"position": {
						"0.0": [0, 0.3, 0],
						"0.0833": [0, 1.05, 0],
						"0.25": [0, 0, 0],
						"0.3333": [0, 0, 0]
					}
				},
				"lollipop_02_lower_teeth": {
					"position": {
						"0.0": [0, -0.3, 0],
						"0.0833": [0, -1.05, 0],
						"0.25": [0, 0, 0],
						"0.3333": [0, 0, 0]
					}
				},
				"ll_shoelace_01": {
					"rotation": {
						"0.0": [19.36497, -23.37058, 10.958],
						"0.2917": {
							"pre": [1.44261, -29.96852, 49.61386],
							"post": [1.44261, -29.96852, 49.61386],
							"lerp_mode": "catmullrom"
						},
						"0.5": {
							"post": [29.97638, 1.2497, -39.66541],
							"lerp_mode": "catmullrom"
						},
						"0.625": [17.23442, -24.94169, 16.16086],
						"1.5417": [17.23, -24.94, 16.16],
						"1.6667": {
							"pre": [-6.48584, -41.49705, 9.3301],
							"post": [-6.48584, -41.49705, 9.3301],
							"lerp_mode": "catmullrom"
						},
						"1.75": {
							"post": [-8.78671, -56.36848, 12.35593],
							"lerp_mode": "catmullrom"
						},
						"2.0": {
							"post": [-28.4562, 27.23061, -38.69356],
							"lerp_mode": "catmullrom"
						},
						"2.2917": [6.17305, -8.61813, 33.02479]
					}
				},
				"ll_shoelace_02": {
					"rotation": {
						"0.0": [-10, 2.5, 55],
						"0.3333": {
							"pre": [20.11683, 2.93168, 57.46522],
							"post": [20.11683, 2.93168, 57.46522],
							"lerp_mode": "catmullrom"
						},
						"0.5833": {
							"post": [-8.38959, 18.5749, -49.42925],
							"lerp_mode": "catmullrom"
						},
						"0.75": [17.16665, 11.04129, 33.61671],
						"1.5417": [17.17, 11.04, 33.62],
						"1.6667": {
							"pre": [19.00063, -27.13457, 21.30866],
							"post": [19.00063, -27.13457, 21.30866],
							"lerp_mode": "catmullrom"
						},
						"1.75": {
							"post": [31.09602, -10.6873, -14.54759],
							"lerp_mode": "catmullrom"
						},
						"2.0417": {
							"post": [36.61743, 31.69407, 13.16183],
							"lerp_mode": "catmullrom"
						},
						"2.2917": [34.82146, -4.17034, 11.41798]
					}
				},
				"lr_shoelace_01": {
					"rotation": {
						"0.0": [38.83883, 34.38752, -2.54888],
						"0.2917": {
							"pre": [18.099, 19.32708, -36.41723],
							"post": [18.099, 19.32708, -36.41723],
							"lerp_mode": "catmullrom"
						},
						"0.5": {
							"post": [19.51306, -17.89718, 49.87387],
							"lerp_mode": "catmullrom"
						},
						"0.7083": [22.91181, 13.14933, -19.34822],
						"1.5417": [22.91, 13.15, -19.35],
						"1.6667": {
							"pre": [-29.13441, 42.36187, -2.9064],
							"post": [-29.13441, 42.36187, -2.9064],
							"lerp_mode": "catmullrom"
						},
						"1.7917": {
							"post": [28.82917, 53.53272, 18.73803],
							"lerp_mode": "catmullrom"
						},
						"2.0417": {
							"post": [-16.52699, -32.98081, 47.33254],
							"lerp_mode": "catmullrom"
						},
						"2.3333": [-17.41002, 37.10546, 27.44481]
					}
				},
				"lr_shoelace_02": {
					"rotation": {
						"0.0": [-10, 0, -80],
						"0.2917": {
							"pre": [-10.71327, -28.62317, -54.53777],
							"post": [-10.71327, -28.62317, -54.53777],
							"lerp_mode": "catmullrom"
						},
						"0.5417": {
							"post": [-25.99069, 16.35586, 43.92258],
							"lerp_mode": "catmullrom"
						},
						"0.75": [-29.40092, -8.11174, -0.14686],
						"1.5417": [-29.4, -8.11, -0.15],
						"1.6667": {
							"pre": [-30.81619, -0.77861, -27.26566],
							"post": [-30.81619, -0.77861, -27.26566],
							"lerp_mode": "catmullrom"
						},
						"1.8333": {
							"post": [-21.11713, 31.12336, -12.18939],
							"lerp_mode": "catmullrom"
						},
						"2.125": {
							"post": [-23.59947, -39.61154, 14.66481],
							"lerp_mode": "catmullrom"
						},
						"2.4583": [-18.09312, -6.73949, 1.29569]
					}
				},
				"rr_shoelace_01": {
					"rotation": {
						"0.0": [11.80169, 17.47474, -3.14378],
						"0.25": {
							"pre": [-10.42012, 14.45741, -28.97737],
							"post": [-10.42012, 14.45741, -28.97737],
							"lerp_mode": "catmullrom"
						},
						"0.5417": {
							"post": [9.74929, 14.91267, 41.12689],
							"lerp_mode": "catmullrom"
						},
						"0.75": [-6.26498, 16.64747, -13.56961],
						"1.5417": [-6.26, 16.65, -13.57],
						"1.6667": {
							"pre": [4.5955, 46.86624, 0.12949],
							"post": [4.5955, 46.86624, 0.12949],
							"lerp_mode": "catmullrom"
						},
						"1.8333": {
							"post": [30.02292, 53.00692, 35.71854],
							"lerp_mode": "catmullrom"
						},
						"2.0": {
							"post": [20.76531, -37.55096, 50.34723],
							"lerp_mode": "catmullrom"
						},
						"2.2917": [15.43635, 22.32494, 12.69969]
					}
				},
				"rr_shoelace_02": {
					"rotation": {
						"0.0": [1.14461, 16.21702, -54.06729],
						"0.3333": {
							"pre": [-4.45729, -4.3342, -73.28163],
							"post": [-4.45729, -4.3342, -73.28163],
							"lerp_mode": "catmullrom"
						},
						"0.5833": {
							"post": [-3.0484, 5.41755, 31.40536],
							"lerp_mode": "catmullrom"
						},
						"0.8333": [26.63197, -2.04836, -48.34539],
						"1.5417": [26.63, -2.05, -48.35],
						"1.75": {
							"pre": [16.51071, -13.579, -1.26147],
							"post": [16.51071, -13.579, -1.26147],
							"lerp_mode": "catmullrom"
						},
						"1.9167": {
							"post": [21.24308, 0.77523, -41.63686],
							"lerp_mode": "catmullrom"
						},
						"2.125": {
							"post": [6.53962, -20.27007, 32.04752],
							"lerp_mode": "catmullrom"
						},
						"2.4167": [21.0744, -2.8423, -32.31104]
					}
				},
				"rl_shoelace_01": {
					"rotation": {
						"0.0": [17.43048, -30.65439, 10.77568],
						"0.3333": {
							"pre": [1.26125, -34.81947, 40.19187],
							"post": [1.26125, -34.81947, 40.19187],
							"lerp_mode": "catmullrom"
						},
						"0.5417": {
							"post": [1.87078, -6.08153, -38.79507],
							"lerp_mode": "catmullrom"
						},
						"0.7083": [-4.73377, -4.25491, 26.48027],
						"1.5417": [-4.73, -4.25, 26.48],
						"1.6667": {
							"pre": [-6.57272, -44.07564, 30.71107],
							"post": [-6.57272, -44.07564, 30.71107],
							"lerp_mode": "catmullrom"
						},
						"1.8333": {
							"post": [48.84516, -54.82743, -51.14742],
							"lerp_mode": "catmullrom"
						},
						"2.0833": {
							"post": [2.84902, 36.76499, -43.25588],
							"lerp_mode": "catmullrom"
						},
						"2.3333": [11.82147, 5.9395, -0.40367]
					}
				},
				"rl_shoelace_02": {
					"rotation": {
						"0.0": [0, 0, 60],
						"0.25": {
							"pre": [35.98732, 58.80173, 67.23794],
							"post": [35.98732, 58.80173, 67.23794],
							"lerp_mode": "catmullrom"
						},
						"0.5833": {
							"post": [-8.09596, 18.0903, -52.01136],
							"lerp_mode": "catmullrom"
						},
						"0.8333": [19.66971, 1.96564, 57.12034],
						"1.5417": [19.67, 1.97, 57.12],
						"1.6667": {
							"pre": [-18.43881, -17.78508, 10.47225],
							"post": [-18.43881, -17.78508, 10.47225],
							"lerp_mode": "catmullrom"
						},
						"1.8333": {
							"post": [-17.53174, -1.12739, 5.0135],
							"lerp_mode": "catmullrom"
						},
						"2.125": {
							"post": [-7.99656, 36.57138, -42.56708],
							"lerp_mode": "catmullrom"
						},
						"2.375": [24.53784, 4.91217, 54.22543]
					}
				},
				"foot_02": {
					"rotation": {
						"0.0": [0, 0, 0],
						"0.1667": {
							"pre": [-27.5, 0, 0],
							"post": [-27.5, 0, 0],
							"lerp_mode": "catmullrom"
						},
						"0.3333": {
							"post": [25, 0, 0],
							"lerp_mode": "catmullrom"
						},
						"0.4167": {
							"post": [0, 0, 0],
							"lerp_mode": "catmullrom"
						}
					}
				},
				"l_foot_02": {
					"rotation": {
						"0.0": [0, 0, 0],
						"0.1667": {
							"pre": [-12.5, 0, 0],
							"post": [-12.5, 0, 0],
							"lerp_mode": "catmullrom"
						},
						"0.3333": {
							"post": [32.5, 0, 0],
							"lerp_mode": "catmullrom"
						},
						"0.4167": {
							"post": [0, 0, 0],
							"lerp_mode": "catmullrom"
						}
					}
				},
				"lollipop_01_upper_teeth": {
					"position": {
						"0.3333": [0, 0, 0],
						"1.0": {
							"pre": [0, 1, 0],
							"post": [0, 1, 0],
							"lerp_mode": "catmullrom"
						},
						"1.5417": {
							"post": [0, 1, 0],
							"lerp_mode": "catmullrom"
						},
						"1.6667": [0, 0, 0]
					}
				},
				"lollipop_01_lower_teeth": {
					"position": {
						"0.3333": [0, 0, 0],
						"1.0": {
							"pre": [0, -1, 0],
							"post": [0, -1, 0],
							"lerp_mode": "catmullrom"
						},
						"1.5417": {
							"post": [0, -1, 0],
							"lerp_mode": "catmullrom"
						},
						"1.6667": [0, 0, 0]
					}
				}
			}
		}
	}
}