{
  "species": "cobblemon:tigershark_max",
  "order": 0,
  "variations": [
    {
      "aspects": [],
      "poser": "cobblemon:tigershark_max",
      "model": "cobblemon:tigershark_max.geo",
      "texture": "cobblemon:textures/pokemon/tigershark_max/tigershark_max.png",
      "layers": [
      ]
    },
    {
      "aspects": [
        "shiny"
      ],
      "texture": "cobblemon:textures/pokemon/tigershark_max/tigershark_max_shiny.png",
      "layers": [
      ]
    }
  ]
}