{
	"format_version": "1.8.0",
	"animations": {
		"animation.petrolisk.ground_idle": {
			"loop": true,
			"bones": {
				"tuft_jaw": {
					"rotation": [0, "-2*math.cos(q.anim_time*90*1.5)*2", 0]
				},
				"whisker_left": {
					"rotation": ["-2*math.cos(q.anim_time*90*2)*1", 0, "2*math.cos(q.anim_time*90*1.5)*1"]
				},
				"whisker_left2": {
					"rotation": [0, "2*math.cos(q.anim_time*90*2-30)*1", 0]
				},
				"whisker_left3": {
					"rotation": ["-2*math.cos(q.anim_time*90*2-60)*1", 0, 0]
				},
				"whisker_left4": {
					"rotation": [0, "2*math.cos(q.anim_time*90*2-90)*1", 0]
				},
				"whisker_left5": {
					"rotation": [0, "2*math.cos(q.anim_time*90*2-120)*1", 0]
				},
				"whisker_left6": {
					"rotation": [0, "2*math.cos(q.anim_time*90*2-150)*1", 0]
				},
				"whisker_left7": {
					"rotation": ["-2*math.cos(q.anim_time*90*2-180)*1", 0, 0]
				},
				"whisker_left8": {
					"rotation": [0, "2*math.cos(q.anim_time*90*2-210)*1", 0]
				},
				"whisker_left9": {
					"rotation": ["-2*math.cos(q.anim_time*90*2-230)*1", 0, "-2*math.cos(q.anim_time*90*1.5-230)*1"]
				},
				"whisker_right": {
					"rotation": ["-2*math.cos(q.anim_time*90*2)*1", 0, "-2*math.cos(q.anim_time*90*1.5)*1"]
				},
				"whisker_right2": {
					"rotation": [0, "-2*math.cos(q.anim_time*90*2-30)*1", 0]
				},
				"whisker_right3": {
					"rotation": ["-2*math.cos(q.anim_time*90*2-60)*1", 0, 0]
				},
				"whisker_right4": {
					"rotation": [0, "-2*math.cos(q.anim_time*90*2-90)*1", 0]
				},
				"whisker_right5": {
					"rotation": [0, "-2*math.cos(q.anim_time*90*2-120)*1", 0]
				},
				"whisker_right6": {
					"rotation": [0, "-2*math.cos(q.anim_time*90*2-150)*1", 0]
				},
				"whisker_right7": {
					"rotation": ["-2*math.cos(q.anim_time*90*2-180)*1", 0, 0]
				},
				"whisker_right8": {
					"rotation": [0, "-2*math.cos(q.anim_time*90*2-210)*1", 0]
				},
				"whisker_right9": {
					"rotation": ["-2*math.cos(q.anim_time*90*2-230)*1", 0, "-2*math.cos(q.anim_time*90*1.5-230)*1"]
				},
				"arm_front_left": {
					"rotation": ["-71.3723-2*math.cos(q.anim_time*90*2)*1", -33.9466, "-9.4763-2*math.cos(q.anim_time*90*2)*1"]
				},
				"arm_front_left2": {
					"rotation": [0, "30-2*math.cos(q.anim_time*90*2-30)*1", 0]
				},
				"arm_front_left3": {
					"rotation": [0, "32.5-2*math.cos(q.anim_time*90*2-60)*1", 0]
				},
				"hand_front_left": {
					"rotation": [0, "-22.5-2*math.cos(q.anim_time*90*2-90)*1", 0]
				},
				"arm_front_right": {
					"rotation": ["-75.2153-2*math.cos(q.anim_time*90*2)*1", 36.95432, "7.033+2*math.cos(q.anim_time*90*2)*1"]
				},
				"arm_front_right2": {
					"rotation": [0, "-10+2*math.cos(q.anim_time*90*2-30)*1", 0]
				},
				"arm_front_right3": {
					"rotation": [0, "-25+2*math.cos(q.anim_time*90*2-60)*1", 0]
				},
				"hand_front_right": {
					"rotation": [0, "0+2*math.cos(q.anim_time*90*2-90)*1", 0]
				},
				"arm_mid_left": {
					"rotation": ["-59.2915-2*math.cos(q.anim_time*90*2-30)*1", -36.45301, "-9.9262-2*math.cos(q.anim_time*90*2-30)*1"]
				},
				"hand_mid_left": {
					"rotation": [0, "0-2*math.cos(q.anim_time*90*2-30)*1", 0]
				},
				"arm_mid_right": {
					"rotation": ["-62.1989-2*math.cos(q.anim_time*90*2)*1", 27.29582, "14.476+2*math.cos(q.anim_time*90*2)*1"]
				},
				"hand_mid_right": {
					"rotation": [0, "0+2*math.cos(q.anim_time*90*2-30)*1", 0]
				},
				"arm_back_right": {
					"rotation": ["-71.7797-2*math.cos(q.anim_time*90*2)*1", 40.52177, "9.0922+2*math.cos(q.anim_time*90*2)*1"]
				},
				"hand_back_right": {
					"rotation": [0, "0+2*math.cos(q.anim_time*90*2-30)*1", 0]
				},
				"arm_back_left": {
					"rotation": ["-63.2528-2*math.cos(q.anim_time*90*2-30)*1", -32.10347, "-16.3519-2*math.cos(q.anim_time*90*2-30)*1"]
				},
				"hand_back_left": {
					"rotation": [0, "0-2*math.cos(q.anim_time*90*2-30)*1", 0]
				},
				"frill2": {
					"rotation": ["math.cos(q.anim_time*90*2)*2", 0, 0]
				},
				"frill": {
					"rotation": [0, "-15-math.cos(q.anim_time*90*2)*2", 0]
				},
				"frill3": {
					"rotation": [0, "-12.5+math.cos(q.anim_time*90*2)*2", 0]
				},
				"frill4": {
					"rotation": ["-math.cos(q.anim_time*90*2)*2", 0, 0]
				},
				"frill5": {
					"rotation": ["math.cos(q.anim_time*90*2)*2", 0, 0]
				},
				"frill6": {
					"rotation": [0, "-12.5+math.cos(q.anim_time*90*2)*2", 0]
				},
				"frill7": {
					"rotation": [0, "-20-math.cos(q.anim_time*90*2)*2", 0]
				},
				"frill8": {
					"rotation": ["-math.cos(q.anim_time*90*2)*2", 0, 0]
				},
				"frill9": {
					"rotation": ["math.cos(q.anim_time*90*2)*2", 0, 0]
				},
				"frill10": {
					"rotation": [0, "-10+math.cos(q.anim_time*90*2)*2", 0]
				},
				"frill11": {
					"rotation": ["-math.cos(q.anim_time*90*2)*2", 0, 0]
				},
				"frill12": {
					"rotation": [0, "-30-math.cos(q.anim_time*90*2)*2", 0]
				},
				"frill13": {
					"rotation": ["math.cos(q.anim_time*90*2)*2", 0, 0]
				},
				"frill14": {
					"rotation": [0, "-12.5+math.cos(q.anim_time*90*2)*2", 0]
				},
				"frill15": {
					"rotation": [0, "-22.5-math.cos(q.anim_time*90*2)*2", 0]
				},
				"frill16": {
					"rotation": ["-math.cos(q.anim_time*90*2)*2", 0, 0]
				},
				"frill17": {
					"rotation": [0, "-10+math.cos(q.anim_time*90*2)*2", 0]
				},
				"frill18": {
					"rotation": ["math.cos(q.anim_time*90*2)*2", 0, 0]
				},
				"frill19": {
					"rotation": [0, "-22.5-math.cos(q.anim_time*90*2)*2", 0]
				},
				"frill20": {
					"rotation": ["-math.cos(q.anim_time*90*2)*2", 0, 0]
				},
				"frill21": {
					"rotation": [0, "-10+math.cos(q.anim_time*90*2)*2", 0]
				},
				"frill22": {
					"rotation": ["math.cos(q.anim_time*90*2)*2", 0, 0]
				},
				"frill23": {
					"rotation": [0, "-17.5-math.cos(q.anim_time*90*2)*2", 0]
				},
				"frill24": {
					"rotation": ["-math.cos(q.anim_time*90*2)*2", 0, 0]
				},
				"frill25": {
					"rotation": [0, "0-math.cos(q.anim_time*90*2)*2", 0]
				},
				"frill26": {
					"rotation": ["math.cos(q.anim_time*90*2)*2", 0, 0]
				},
				"frill27": {
					"rotation": [0, "0+math.cos(q.anim_time*90*2)*2", 0]
				},
				"frill28": {
					"rotation": ["-math.cos(q.anim_time*90*2)*2", 0, 0]
				},
				"tuft_right": {
					"rotation": [0, "-2*math.cos(q.anim_time*90*2)*2", 0]
				},
				"tuft_chin": {
					"rotation": [0, "-2*math.cos(q.anim_time*90*2)*3", 0]
				},
				"tuft_snout": {
					"rotation": [0, 0, "-2*math.cos(q.anim_time*90*1.5)*2"]
				},
				"tuft_head": {
					"rotation": [0, 0, "-2*math.cos(q.anim_time*90*2)*3"]
				},
				"tuft_left": {
					"rotation": [0, "2*math.cos(q.anim_time*90*2)*2", 0]
				},
				"body": {
					"rotation": ["0+Math.cos((query.anim_time-0.3) * 90 *2) * 2", 0, "0+Math.cos((query.anim_time-0.5) * 90 * 2) * 2"],
					"position": [12, "17.5+Math.cos((query.anim_time) * 90 * 2) * 0.4, +Math.cos((query.anim_time) * 90 *2) * 1", 6]
				},
				"head": {
					"rotation": [15, 0, 0],
					"position": [0, -0.5, 0]
				},
				"jaw": {
					"rotation": ["-5.0485-2*math.cos(q.anim_time*90*1)*1", 0, 0]
				},
				"segment1": {
					"rotation": ["-5.0485-2*math.cos(q.anim_time*90*2)*1", -24, "0.4432-2*math.cos(q.anim_time*90*1.5)*1"]
				},
				"segment2": {
					"rotation": ["-5-2*math.cos(q.anim_time*90*2-30)*1", -24, "-2*math.cos(q.anim_time*90*1.5-30)*1"]
				},
				"segment3": {
					"rotation": ["-5-2*math.cos(q.anim_time*90*2-60)*1", -24, "-2*math.cos(q.anim_time*90*1.5-60)*1"]
				},
				"segment4": {
					"rotation": ["-5-2*math.cos(q.anim_time*90*2-90)*1", -24, "-2*math.cos(q.anim_time*90*1.5-90)*1"]
				},
				"segment5": {
					"rotation": ["-5-2*math.cos(q.anim_time*90*2-120)*1", -24, "-2*math.cos(q.anim_time*90*1.5-120)*1"]
				},
				"segment6": {
					"rotation": ["-5-2*math.cos(q.anim_time*90*2-150)*1", -24, "-2*math.cos(q.anim_time*90*1.5-150)*1"]
				},
				"segment7": {
					"rotation": ["-5-2*math.cos(q.anim_time*90*2-180)*1", -24, "-2*math.cos(q.anim_time*90*1.5-180)*1"]
				},
				"fin_back_left": {
					"rotation": ["-4*math.cos(q.anim_time*90*2-140)*1", "37.5+2*math.cos(q.anim_time*90*2-140)*1", "2*math.cos(q.anim_time*90*2-140)*1"]
				},
				"fin_front_left": {
					"rotation": ["-4*math.cos(q.anim_time*90*2-50)*1", "37.5+2*math.cos(q.anim_time*90*2-50)*1", "2*math.cos(q.anim_time*90*2-50)*1"]
				},
				"fin_back_right": {
					"rotation": ["13.4489-4*math.cos(q.anim_time*90*2-140)*1", "-29.709-2*math.cos(q.anim_time*90*2-140)*1", "-2.2771-2*math.cos(q.anim_time*90*2-140)*1"]
				},
				"fin_front_right": {
					"rotation": ["-4*math.cos(q.anim_time*90*2-50)*1", "-22.5-2*math.cos(q.anim_time*90*2-50)*1", "-2*math.cos(q.anim_time*90*2-50)*1"]
				}
			}
		},
		"animation.petrolisk.ground_walk": {
			"loop": true,
			"bones": {
				"tuft_jaw": {
					"rotation": [0, "-2*math.cos(q.anim_time*90*1.5)*2", 0]
				},
				"whisker_left": {
					"rotation": ["-2*math.cos(q.anim_time*90*2)*1", 0, "2*math.cos(q.anim_time*90*1.5)*1"]
				},
				"whisker_left2": {
					"rotation": [0, "2*math.cos(q.anim_time*90*2-30)*1", 0]
				},
				"whisker_left3": {
					"rotation": ["-2*math.cos(q.anim_time*90*2-60)*1", 0, 0]
				},
				"whisker_left4": {
					"rotation": [0, "2*math.cos(q.anim_time*90*2-90)*1", 0]
				},
				"whisker_left5": {
					"rotation": [0, "2*math.cos(q.anim_time*90*2-120)*1", 0]
				},
				"whisker_left6": {
					"rotation": [0, "2*math.cos(q.anim_time*90*2-150)*1", 0]
				},
				"whisker_left7": {
					"rotation": ["-2*math.cos(q.anim_time*90*2-180)*1", 0, 0]
				},
				"whisker_left8": {
					"rotation": [0, "2*math.cos(q.anim_time*90*2-210)*1", 0]
				},
				"whisker_left9": {
					"rotation": ["-2*math.cos(q.anim_time*90*2-230)*1", 0, "-2*math.cos(q.anim_time*90*1.5-230)*1"]
				},
				"whisker_right": {
					"rotation": ["-2*math.cos(q.anim_time*90*2)*1", 0, "-2*math.cos(q.anim_time*90*1.5)*1"]
				},
				"whisker_right2": {
					"rotation": [0, "-2*math.cos(q.anim_time*90*2-30)*1", 0]
				},
				"whisker_right3": {
					"rotation": ["-2*math.cos(q.anim_time*90*2-60)*1", 0, 0]
				},
				"whisker_right4": {
					"rotation": [0, "-2*math.cos(q.anim_time*90*2-90)*1", 0]
				},
				"whisker_right5": {
					"rotation": [0, "-2*math.cos(q.anim_time*90*2-120)*1", 0]
				},
				"whisker_right6": {
					"rotation": [0, "-2*math.cos(q.anim_time*90*2-150)*1", 0]
				},
				"whisker_right7": {
					"rotation": ["-2*math.cos(q.anim_time*90*2-180)*1", 0, 0]
				},
				"whisker_right8": {
					"rotation": [0, "-2*math.cos(q.anim_time*90*2-210)*1", 0]
				},
				"whisker_right9": {
					"rotation": ["-2*math.cos(q.anim_time*90*2-230)*1", 0, "-2*math.cos(q.anim_time*90*1.5-230)*1"]
				},
				"arm_front_left": {
					"rotation": ["-6.3723-2*math.cos(q.anim_time*90*2)*1", 0, "-9.4763-2*math.cos(q.anim_time*90*2)*1"]
				},
				"arm_front_left2": {
					"rotation": [0, "-2*math.cos(q.anim_time*90*2-30)*1", 0]
				},
				"arm_front_left3": {
					"rotation": [0, "-2*math.cos(q.anim_time*90*2-60)*1", 0]
				},
				"hand_front_left": {
					"rotation": [0, "-2*math.cos(q.anim_time*90*2-90)*1", 0]
				},
				"arm_front_right": {
					"rotation": ["-11.657-2*math.cos(q.anim_time*90*2)*1", 0, "13.6201+2*math.cos(q.anim_time*90*2)*1"]
				},
				"arm_front_right2": {
					"rotation": [0, "0+2*math.cos(q.anim_time*90*2-30)*1", 0]
				},
				"arm_front_right3": {
					"rotation": [0, "0+2*math.cos(q.anim_time*90*2-60)*1", 0]
				},
				"hand_front_right": {
					"rotation": [0, "0+2*math.cos(q.anim_time*90*2-90)*1", 0]
				},
				"arm_mid_left": {
					"rotation": ["-13.5534-2*math.cos(q.anim_time*90*2-30)*1", -8.81591, "-7.0017-2*math.cos(q.anim_time*90*2-30)*1"]
				},
				"hand_mid_left": {
					"rotation": [0, "0-2*math.cos(q.anim_time*90*2-30)*1", 0]
				},
				"arm_mid_right": {
					"rotation": ["-13.241-2*math.cos(q.anim_time*90*2)*1", 2.32919, "4.8712+2*math.cos(q.anim_time*90*2)*1"]
				},
				"hand_mid_right": {
					"rotation": [0, "0+2*math.cos(q.anim_time*90*2-30)*1", 0]
				},
				"arm_back_right": {
					"rotation": ["1.7746-2*math.cos(q.anim_time*90*2)*1", 11.15576, "-2.4021+2*math.cos(q.anim_time*90*2)*1"]
				},
				"hand_back_right": {
					"rotation": [0, "0+2*math.cos(q.anim_time*90*2-30)*1", 0]
				},
				"arm_back_left": {
					"rotation": ["8.3279-2*math.cos(q.anim_time*90*2-30)*1", -7.26796, "8.7944-2*math.cos(q.anim_time*90*2-30)*1"]
				},
				"hand_back_left": {
					"rotation": [0, "0-2*math.cos(q.anim_time*90*2-30)*1", 0]
				},
				"frill2": {
					"rotation": ["math.cos(q.anim_time*90*2)*2", 0, 0]
				},
				"frill": {
					"rotation": [0, "-math.cos(q.anim_time*90*2)*2", 0]
				},
				"frill3": {
					"rotation": [0, "math.cos(q.anim_time*90*2)*2", 0]
				},
				"frill4": {
					"rotation": ["-math.cos(q.anim_time*90*2)*2", 0, 0]
				},
				"frill5": {
					"rotation": ["math.cos(q.anim_time*90*2)*2", 0, 0]
				},
				"frill6": {
					"rotation": [0, "math.cos(q.anim_time*90*2)*2", 0]
				},
				"frill7": {
					"rotation": [0, "0-math.cos(q.anim_time*90*2)*2", 0]
				},
				"frill8": {
					"rotation": ["-math.cos(q.anim_time*90*2)*2", 0, 0]
				},
				"frill9": {
					"rotation": ["math.cos(q.anim_time*90*2)*2", 0, 0]
				},
				"frill10": {
					"rotation": [0, "math.cos(q.anim_time*90*2)*2", 0]
				},
				"frill11": {
					"rotation": ["-math.cos(q.anim_time*90*2)*2", 0, 0]
				},
				"frill12": {
					"rotation": [0, "0-math.cos(q.anim_time*90*2)*2", 0]
				},
				"frill13": {
					"rotation": ["math.cos(q.anim_time*90*2)*2", 0, 0]
				},
				"frill14": {
					"rotation": [0, "math.cos(q.anim_time*90*2)*2", 0]
				},
				"frill15": {
					"rotation": [0, "-math.cos(q.anim_time*90*2)*2", 0]
				},
				"frill16": {
					"rotation": ["-math.cos(q.anim_time*90*2)*2", 0, 0]
				},
				"frill17": {
					"rotation": [0, "math.cos(q.anim_time*90*2)*2", 0]
				},
				"frill18": {
					"rotation": ["math.cos(q.anim_time*90*2)*2", 0, 0]
				},
				"frill19": {
					"rotation": [0, "-math.cos(q.anim_time*90*2)*2", 0]
				},
				"frill20": {
					"rotation": ["-math.cos(q.anim_time*90*2)*2", 0, 0]
				},
				"frill21": {
					"rotation": [0, "math.cos(q.anim_time*90*2)*2", 0]
				},
				"frill22": {
					"rotation": ["math.cos(q.anim_time*90*2)*2", 0, 0]
				},
				"frill23": {
					"rotation": [0, "-math.cos(q.anim_time*90*2)*2", 0]
				},
				"frill24": {
					"rotation": ["-math.cos(q.anim_time*90*2)*2", 0, 0]
				},
				"frill25": {
					"rotation": [0, "0-math.cos(q.anim_time*90*2)*2", 0]
				},
				"frill26": {
					"rotation": ["math.cos(q.anim_time*90*2)*2", 0, 0]
				},
				"frill27": {
					"rotation": [0, "0+math.cos(q.anim_time*90*2)*2", 0]
				},
				"frill28": {
					"rotation": ["-math.cos(q.anim_time*90*2)*2", 0, 0]
				},
				"tuft_right": {
					"rotation": [0, "-2*math.cos(q.anim_time*90*2)*2", 0]
				},
				"tuft_chin": {
					"rotation": [0, "-2*math.cos(q.anim_time*90*2)*3", 0]
				},
				"tuft_snout": {
					"rotation": [0, 0, "-2*math.cos(q.anim_time*90*1.5)*2"]
				},
				"tuft_head": {
					"rotation": [0, 0, "-2*math.cos(q.anim_time*90*2)*3"]
				},
				"tuft_left": {
					"rotation": [0, "2*math.cos(q.anim_time*90*2)*2", 0]
				},
				"body": {
					"rotation": ["0+Math.cos((query.anim_time-0.3) * 90 * 2) * 2", 0, "0+Math.cos((query.anim_time-0.5) * 90 * 1.5) * 2"],
					"position": [0, "16.5+Math.cos((query.anim_time) * 90 * 2) * 0.4, +Math.cos((query.anim_time) * 90 *2) * 1", 0]
				},
				"head": {
					"rotation": ["2*math.cos(q.anim_time*90*2)*4", "-2*math.cos(q.anim_time*90*4)*5", "-2*math.cos(q.anim_time*90*1.5)*1"]
				},
				"jaw": {
					"rotation": ["-5.0485-2*math.cos(q.anim_time*90*1)*1", 0, 0]
				},
				"segment1": {
					"rotation": ["2*math.cos(q.anim_time*90*2-60)*4", "-2*math.cos(q.anim_time*90*4-60)*8", "-2*math.cos(q.anim_time*90*1.5)*1"]
				},
				"segment2": {
					"rotation": ["2*math.cos(q.anim_time*90*2-120)*4", "-2*math.cos(q.anim_time*90*4-120)*8", "-2*math.cos(q.anim_time*90*1.5-30)*1"]
				},
				"segment3": {
					"rotation": ["2*math.cos(q.anim_time*90*2-180)*4", "-2*math.cos(q.anim_time*90*4-180)*8", "-2*math.cos(q.anim_time*90*1.5-60)*1"]
				},
				"segment4": {
					"rotation": ["2*math.cos(q.anim_time*90*2-240)*4", "-2*math.cos(q.anim_time*90*4-240)*8", "-2*math.cos(q.anim_time*90*1.5-90)*1"]
				},
				"segment5": {
					"rotation": ["2*math.cos(q.anim_time*90*2-300)*4", "-2*math.cos(q.anim_time*90*4-300)*8", "-2*math.cos(q.anim_time*90*1.5-120)*1"]
				},
				"segment6": {
					"rotation": ["2*math.cos(q.anim_time*90*2-360)*4", "-2*math.cos(q.anim_time*90*4-360)*8", "-2*math.cos(q.anim_time*90*1.5-150)*1"]
				},
				"segment7": {
					"rotation": ["2*math.cos(q.anim_time*90*2-420)*4", "-2*math.cos(q.anim_time*90*4-420)*8", "-2*math.cos(q.anim_time*90*1.5-180)*1"]
				},
				"fin_front_right": {
					"rotation": ["2*math.cos(q.anim_time*90*2-110)*4", "-15+2*math.cos(q.anim_time*90*4-110)*4", "2*math.cos(q.anim_time*90*1.5-50)*1"]
				},
				"fin_front_left": {
					"rotation": ["2*math.cos(q.anim_time*90*2-110)*4", "15-2*math.cos(q.anim_time*90*4-110)*4", "-2*math.cos(q.anim_time*90*1.5-50)*1"]
				},
				"fin_back_left": {
					"rotation": ["15-2*math.cos(q.anim_time*90*2-290)*4", "15-2*math.cos(q.anim_time*90*4-290)*4", "-2*math.cos(q.anim_time*90*1.5-140)*1"]
				},
				"fin_back_right": {
					"rotation": ["15-2*math.cos(q.anim_time*90*2-290)*4", "-15+2*math.cos(q.anim_time*90*4-290)*4", "2*math.cos(q.anim_time*90*1.5-140)*1"]
				}
			}
		},
		"animation.petrolisk.water_idle": {
			"loop": true,
			"bones": {
				"tuft_jaw": {
					"rotation": [0, "-2*math.cos(q.anim_time*90*1.5)*2", 0]
				},
				"whisker_left": {
					"rotation": ["-2*math.cos(q.anim_time*90*2)*1", 0, "2*math.cos(q.anim_time*90*1.5)*1"]
				},
				"whisker_left2": {
					"rotation": [0, "2*math.cos(q.anim_time*90*2-30)*1", 0]
				},
				"whisker_left3": {
					"rotation": ["-2*math.cos(q.anim_time*90*2-60)*1", 0, 0]
				},
				"whisker_left4": {
					"rotation": [0, "2*math.cos(q.anim_time*90*2-90)*1", 0]
				},
				"whisker_left5": {
					"rotation": [0, "2*math.cos(q.anim_time*90*2-120)*1", 0]
				},
				"whisker_left6": {
					"rotation": [0, "2*math.cos(q.anim_time*90*2-150)*1", 0]
				},
				"whisker_left7": {
					"rotation": ["-2*math.cos(q.anim_time*90*2-180)*1", 0, 0]
				},
				"whisker_left8": {
					"rotation": [0, "2*math.cos(q.anim_time*90*2-210)*1", 0]
				},
				"whisker_left9": {
					"rotation": ["-2*math.cos(q.anim_time*90*2-230)*1", 0, "-2*math.cos(q.anim_time*90*1.5-230)*1"]
				},
				"whisker_right": {
					"rotation": ["-2*math.cos(q.anim_time*90*2)*1", 0, "-2*math.cos(q.anim_time*90*1.5)*1"]
				},
				"whisker_right2": {
					"rotation": [0, "-2*math.cos(q.anim_time*90*2-30)*1", 0]
				},
				"whisker_right3": {
					"rotation": ["-2*math.cos(q.anim_time*90*2-60)*1", 0, 0]
				},
				"whisker_right4": {
					"rotation": [0, "-2*math.cos(q.anim_time*90*2-90)*1", 0]
				},
				"whisker_right5": {
					"rotation": [0, "-2*math.cos(q.anim_time*90*2-120)*1", 0]
				},
				"whisker_right6": {
					"rotation": [0, "-2*math.cos(q.anim_time*90*2-150)*1", 0]
				},
				"whisker_right7": {
					"rotation": ["-2*math.cos(q.anim_time*90*2-180)*1", 0, 0]
				},
				"whisker_right8": {
					"rotation": [0, "-2*math.cos(q.anim_time*90*2-210)*1", 0]
				},
				"whisker_right9": {
					"rotation": ["-2*math.cos(q.anim_time*90*2-230)*1", 0, "-2*math.cos(q.anim_time*90*1.5-230)*1"]
				},
				"arm_front_left": {
					"rotation": ["-71.3723-2*math.cos(q.anim_time*90*2)*1", -33.9466, "-9.4763-2*math.cos(q.anim_time*90*2)*1"]
				},
				"arm_front_left2": {
					"rotation": [0, "30-2*math.cos(q.anim_time*90*2-30)*1", 0]
				},
				"arm_front_left3": {
					"rotation": [0, "32.5-2*math.cos(q.anim_time*90*2-60)*1", 0]
				},
				"hand_front_left": {
					"rotation": [0, "-22.5-2*math.cos(q.anim_time*90*2-90)*1", 0]
				},
				"arm_front_right": {
					"rotation": ["-75.2153-2*math.cos(q.anim_time*90*2)*1", 36.95432, "7.033+2*math.cos(q.anim_time*90*2)*1"]
				},
				"arm_front_right2": {
					"rotation": [0, "-10+2*math.cos(q.anim_time*90*2-30)*1", 0]
				},
				"arm_front_right3": {
					"rotation": [0, "-25+2*math.cos(q.anim_time*90*2-60)*1", 0]
				},
				"hand_front_right": {
					"rotation": [0, "0+2*math.cos(q.anim_time*90*2-90)*1", 0]
				},
				"arm_mid_left": {
					"rotation": ["-59.2915-2*math.cos(q.anim_time*90*2-30)*1", -36.45301, "-9.9262-2*math.cos(q.anim_time*90*2-30)*1"]
				},
				"hand_mid_left": {
					"rotation": [0, "0-2*math.cos(q.anim_time*90*2-30)*1", 0]
				},
				"arm_mid_right": {
					"rotation": ["-62.1989-2*math.cos(q.anim_time*90*2)*1", 27.29582, "14.476+2*math.cos(q.anim_time*90*2)*1"]
				},
				"hand_mid_right": {
					"rotation": [0, "0+2*math.cos(q.anim_time*90*2-30)*1", 0]
				},
				"arm_back_right": {
					"rotation": ["-71.7797-2*math.cos(q.anim_time*90*2)*1", 40.52177, "9.0922+2*math.cos(q.anim_time*90*2)*1"]
				},
				"hand_back_right": {
					"rotation": [0, "0+2*math.cos(q.anim_time*90*2-30)*1", 0]
				},
				"arm_back_left": {
					"rotation": ["-63.2528-2*math.cos(q.anim_time*90*2-30)*1", -32.10347, "-16.3519-2*math.cos(q.anim_time*90*2-30)*1"]
				},
				"hand_back_left": {
					"rotation": [0, "0-2*math.cos(q.anim_time*90*2-30)*1", 0]
				},
				"frill2": {
					"rotation": ["math.cos(q.anim_time*90*2)*2", 0, 0]
				},
				"frill": {
					"rotation": [0, "-15-math.cos(q.anim_time*90*2)*2", 0]
				},
				"frill3": {
					"rotation": [0, "-12.5+math.cos(q.anim_time*90*2)*2", 0]
				},
				"frill4": {
					"rotation": ["-math.cos(q.anim_time*90*2)*2", 0, 0]
				},
				"frill5": {
					"rotation": ["math.cos(q.anim_time*90*2)*2", 0, 0]
				},
				"frill6": {
					"rotation": [0, "-12.5+math.cos(q.anim_time*90*2)*2", 0]
				},
				"frill7": {
					"rotation": [0, "-20-math.cos(q.anim_time*90*2)*2", 0]
				},
				"frill8": {
					"rotation": ["-math.cos(q.anim_time*90*2)*2", 0, 0]
				},
				"frill9": {
					"rotation": ["math.cos(q.anim_time*90*2)*2", 0, 0]
				},
				"frill10": {
					"rotation": [0, "-10+math.cos(q.anim_time*90*2)*2", 0]
				},
				"frill11": {
					"rotation": ["-math.cos(q.anim_time*90*2)*2", 0, 0]
				},
				"frill12": {
					"rotation": [0, "-30-math.cos(q.anim_time*90*2)*2", 0]
				},
				"frill13": {
					"rotation": ["math.cos(q.anim_time*90*2)*2", 0, 0]
				},
				"frill14": {
					"rotation": [0, "-12.5+math.cos(q.anim_time*90*2)*2", 0]
				},
				"frill15": {
					"rotation": [0, "-22.5-math.cos(q.anim_time*90*2)*2", 0]
				},
				"frill16": {
					"rotation": ["-math.cos(q.anim_time*90*2)*2", 0, 0]
				},
				"frill17": {
					"rotation": [0, "-10+math.cos(q.anim_time*90*2)*2", 0]
				},
				"frill18": {
					"rotation": ["math.cos(q.anim_time*90*2)*2", 0, 0]
				},
				"frill19": {
					"rotation": [0, "-22.5-math.cos(q.anim_time*90*2)*2", 0]
				},
				"frill20": {
					"rotation": ["-math.cos(q.anim_time*90*2)*2", 0, 0]
				},
				"frill21": {
					"rotation": [0, "-10+math.cos(q.anim_time*90*2)*2", 0]
				},
				"frill22": {
					"rotation": ["math.cos(q.anim_time*90*2)*2", 0, 0]
				},
				"frill23": {
					"rotation": [0, "-17.5-math.cos(q.anim_time*90*2)*2", 0]
				},
				"frill24": {
					"rotation": ["-math.cos(q.anim_time*90*2)*2", 0, 0]
				},
				"frill25": {
					"rotation": [0, "0-math.cos(q.anim_time*90*2)*2", 0]
				},
				"frill26": {
					"rotation": ["math.cos(q.anim_time*90*2)*2", 0, 0]
				},
				"frill27": {
					"rotation": [0, "0+math.cos(q.anim_time*90*2)*2", 0]
				},
				"frill28": {
					"rotation": ["-math.cos(q.anim_time*90*2)*2", 0, 0]
				},
				"tuft_right": {
					"rotation": [0, "-2*math.cos(q.anim_time*90*2)*2", 0]
				},
				"tuft_chin": {
					"rotation": [0, "-2*math.cos(q.anim_time*90*2)*3", 0]
				},
				"tuft_snout": {
					"rotation": [0, 0, "-2*math.cos(q.anim_time*90*1.5)*2"]
				},
				"tuft_head": {
					"rotation": [0, 0, "-2*math.cos(q.anim_time*90*2)*3"]
				},
				"tuft_left": {
					"rotation": [0, "2*math.cos(q.anim_time*90*2)*2", 0]
				},
				"body": {
					"rotation": ["0+Math.cos((query.anim_time-0.3) * 90 *2) * 2", 0, "0+Math.cos((query.anim_time-0.5) * 90 * 2) * 2"],
					"position": [12, "1.75+Math.cos((query.anim_time) * 90 * 2) * 0.4, +Math.cos((query.anim_time) * 90 *2) * 1", 6]
				},
				"head": {
					"rotation": [15, 0, 0],
					"position": [0, -0.5, 0]
				},
				"jaw": {
					"rotation": ["-5.0485-2*math.cos(q.anim_time*90*1)*1", 0, 0]
				},
				"segment1": {
					"rotation": ["-5.0485-2*math.cos(q.anim_time*90*2)*1", -24, "0.4432-2*math.cos(q.anim_time*90*1.5)*1"]
				},
				"segment2": {
					"rotation": ["-5-2*math.cos(q.anim_time*90*2-30)*1", -24, "-2*math.cos(q.anim_time*90*1.5-30)*1"]
				},
				"segment3": {
					"rotation": ["-5-2*math.cos(q.anim_time*90*2-60)*1", -24, "-2*math.cos(q.anim_time*90*1.5-60)*1"]
				},
				"segment4": {
					"rotation": ["-5-2*math.cos(q.anim_time*90*2-90)*1", -24, "-2*math.cos(q.anim_time*90*1.5-90)*1"]
				},
				"segment5": {
					"rotation": ["-5-2*math.cos(q.anim_time*90*2-120)*1", -24, "-2*math.cos(q.anim_time*90*1.5-120)*1"]
				},
				"segment6": {
					"rotation": ["-5-2*math.cos(q.anim_time*90*2-150)*1", -24, "-2*math.cos(q.anim_time*90*1.5-150)*1"]
				},
				"segment7": {
					"rotation": ["-5-2*math.cos(q.anim_time*90*2-180)*1", -24, "-2*math.cos(q.anim_time*90*1.5-180)*1"]
				},
				"fin_back_left": {
					"rotation": ["-4*math.cos(q.anim_time*90*2-140)*1", "37.5+2*math.cos(q.anim_time*90*2-140)*1", "2*math.cos(q.anim_time*90*2-140)*1"]
				},
				"fin_front_left": {
					"rotation": ["-4*math.cos(q.anim_time*90*2-50)*1", "37.5+2*math.cos(q.anim_time*90*2-50)*1", "2*math.cos(q.anim_time*90*2-50)*1"]
				},
				"fin_back_right": {
					"rotation": ["13.4489-4*math.cos(q.anim_time*90*2-140)*1", "-29.709-2*math.cos(q.anim_time*90*2-140)*1", "-2.2771-2*math.cos(q.anim_time*90*2-140)*1"]
				},
				"fin_front_right": {
					"rotation": ["-4*math.cos(q.anim_time*90*2-50)*1", "-22.5-2*math.cos(q.anim_time*90*2-50)*1", "-2*math.cos(q.anim_time*90*2-50)*1"]
				}
			}
		},
		"animation.petrolisk.water_swim": {
			"loop": true,
			"bones": {
				"tuft_jaw": {
					"rotation": [0, "-2*math.cos(q.anim_time*90*1.5)*2", 0]
				},
				"whisker_left": {
					"rotation": ["-2*math.cos(q.anim_time*90*2)*1", 0, "2*math.cos(q.anim_time*90*1.5)*1"]
				},
				"whisker_left2": {
					"rotation": [0, "2*math.cos(q.anim_time*90*2-30)*1", 0]
				},
				"whisker_left3": {
					"rotation": ["-2*math.cos(q.anim_time*90*2-60)*1", 0, 0]
				},
				"whisker_left4": {
					"rotation": [0, "2*math.cos(q.anim_time*90*2-90)*1", 0]
				},
				"whisker_left5": {
					"rotation": [0, "2*math.cos(q.anim_time*90*2-120)*1", 0]
				},
				"whisker_left6": {
					"rotation": [0, "2*math.cos(q.anim_time*90*2-150)*1", 0]
				},
				"whisker_left7": {
					"rotation": ["-2*math.cos(q.anim_time*90*2-180)*1", 0, 0]
				},
				"whisker_left8": {
					"rotation": [0, "2*math.cos(q.anim_time*90*2-210)*1", 0]
				},
				"whisker_left9": {
					"rotation": ["-2*math.cos(q.anim_time*90*2-230)*1", 0, "-2*math.cos(q.anim_time*90*1.5-230)*1"]
				},
				"whisker_right": {
					"rotation": ["-2*math.cos(q.anim_time*90*2)*1", 0, "-2*math.cos(q.anim_time*90*1.5)*1"]
				},
				"whisker_right2": {
					"rotation": [0, "-2*math.cos(q.anim_time*90*2-30)*1", 0]
				},
				"whisker_right3": {
					"rotation": ["-2*math.cos(q.anim_time*90*2-60)*1", 0, 0]
				},
				"whisker_right4": {
					"rotation": [0, "-2*math.cos(q.anim_time*90*2-90)*1", 0]
				},
				"whisker_right5": {
					"rotation": [0, "-2*math.cos(q.anim_time*90*2-120)*1", 0]
				},
				"whisker_right6": {
					"rotation": [0, "-2*math.cos(q.anim_time*90*2-150)*1", 0]
				},
				"whisker_right7": {
					"rotation": ["-2*math.cos(q.anim_time*90*2-180)*1", 0, 0]
				},
				"whisker_right8": {
					"rotation": [0, "-2*math.cos(q.anim_time*90*2-210)*1", 0]
				},
				"whisker_right9": {
					"rotation": ["-2*math.cos(q.anim_time*90*2-230)*1", 0, "-2*math.cos(q.anim_time*90*1.5-230)*1"]
				},
				"arm_front_left": {
					"rotation": ["-6.3723-2*math.cos(q.anim_time*90*2)*1", 0, "-9.4763-2*math.cos(q.anim_time*90*2)*1"]
				},
				"arm_front_left2": {
					"rotation": [0, "-2*math.cos(q.anim_time*90*2-30)*1", 0]
				},
				"arm_front_left3": {
					"rotation": [0, "-2*math.cos(q.anim_time*90*2-60)*1", 0]
				},
				"hand_front_left": {
					"rotation": [0, "-2*math.cos(q.anim_time*90*2-90)*1", 0]
				},
				"arm_front_right": {
					"rotation": ["-11.657-2*math.cos(q.anim_time*90*2)*1", 0, "13.6201+2*math.cos(q.anim_time*90*2)*1"]
				},
				"arm_front_right2": {
					"rotation": [0, "0+2*math.cos(q.anim_time*90*2-30)*1", 0]
				},
				"arm_front_right3": {
					"rotation": [0, "0+2*math.cos(q.anim_time*90*2-60)*1", 0]
				},
				"hand_front_right": {
					"rotation": [0, "0+2*math.cos(q.anim_time*90*2-90)*1", 0]
				},
				"arm_mid_left": {
					"rotation": ["-13.5534-2*math.cos(q.anim_time*90*2-30)*1", -8.81591, "-7.0017-2*math.cos(q.anim_time*90*2-30)*1"]
				},
				"hand_mid_left": {
					"rotation": [0, "0-2*math.cos(q.anim_time*90*2-30)*1", 0]
				},
				"arm_mid_right": {
					"rotation": ["-13.241-2*math.cos(q.anim_time*90*2)*1", 2.32919, "4.8712+2*math.cos(q.anim_time*90*2)*1"]
				},
				"hand_mid_right": {
					"rotation": [0, "0+2*math.cos(q.anim_time*90*2-30)*1", 0]
				},
				"arm_back_right": {
					"rotation": ["1.7746-2*math.cos(q.anim_time*90*2)*1", 11.15576, "-2.4021+2*math.cos(q.anim_time*90*2)*1"]
				},
				"hand_back_right": {
					"rotation": [0, "0+2*math.cos(q.anim_time*90*2-30)*1", 0]
				},
				"arm_back_left": {
					"rotation": ["8.3279-2*math.cos(q.anim_time*90*2-30)*1", -7.26796, "8.7944-2*math.cos(q.anim_time*90*2-30)*1"]
				},
				"hand_back_left": {
					"rotation": [0, "0-2*math.cos(q.anim_time*90*2-30)*1", 0]
				},
				"frill2": {
					"rotation": ["math.cos(q.anim_time*90*2)*2", 0, 0]
				},
				"frill": {
					"rotation": [0, "-math.cos(q.anim_time*90*2)*2", 0]
				},
				"frill3": {
					"rotation": [0, "math.cos(q.anim_time*90*2)*2", 0]
				},
				"frill4": {
					"rotation": ["-math.cos(q.anim_time*90*2)*2", 0, 0]
				},
				"frill5": {
					"rotation": ["math.cos(q.anim_time*90*2)*2", 0, 0]
				},
				"frill6": {
					"rotation": [0, "math.cos(q.anim_time*90*2)*2", 0]
				},
				"frill7": {
					"rotation": [0, "0-math.cos(q.anim_time*90*2)*2", 0]
				},
				"frill8": {
					"rotation": ["-math.cos(q.anim_time*90*2)*2", 0, 0]
				},
				"frill9": {
					"rotation": ["math.cos(q.anim_time*90*2)*2", 0, 0]
				},
				"frill10": {
					"rotation": [0, "math.cos(q.anim_time*90*2)*2", 0]
				},
				"frill11": {
					"rotation": ["-math.cos(q.anim_time*90*2)*2", 0, 0]
				},
				"frill12": {
					"rotation": [0, "0-math.cos(q.anim_time*90*2)*2", 0]
				},
				"frill13": {
					"rotation": ["math.cos(q.anim_time*90*2)*2", 0, 0]
				},
				"frill14": {
					"rotation": [0, "math.cos(q.anim_time*90*2)*2", 0]
				},
				"frill15": {
					"rotation": [0, "-math.cos(q.anim_time*90*2)*2", 0]
				},
				"frill16": {
					"rotation": ["-math.cos(q.anim_time*90*2)*2", 0, 0]
				},
				"frill17": {
					"rotation": [0, "math.cos(q.anim_time*90*2)*2", 0]
				},
				"frill18": {
					"rotation": ["math.cos(q.anim_time*90*2)*2", 0, 0]
				},
				"frill19": {
					"rotation": [0, "-math.cos(q.anim_time*90*2)*2", 0]
				},
				"frill20": {
					"rotation": ["-math.cos(q.anim_time*90*2)*2", 0, 0]
				},
				"frill21": {
					"rotation": [0, "math.cos(q.anim_time*90*2)*2", 0]
				},
				"frill22": {
					"rotation": ["math.cos(q.anim_time*90*2)*2", 0, 0]
				},
				"frill23": {
					"rotation": [0, "-math.cos(q.anim_time*90*2)*2", 0]
				},
				"frill24": {
					"rotation": ["-math.cos(q.anim_time*90*2)*2", 0, 0]
				},
				"frill25": {
					"rotation": [0, "0-math.cos(q.anim_time*90*2)*2", 0]
				},
				"frill26": {
					"rotation": ["math.cos(q.anim_time*90*2)*2", 0, 0]
				},
				"frill27": {
					"rotation": [0, "0+math.cos(q.anim_time*90*2)*2", 0]
				},
				"frill28": {
					"rotation": ["-math.cos(q.anim_time*90*2)*2", 0, 0]
				},
				"tuft_right": {
					"rotation": [0, "-2*math.cos(q.anim_time*90*2)*2", 0]
				},
				"tuft_chin": {
					"rotation": [0, "-2*math.cos(q.anim_time*90*2)*3", 0]
				},
				"tuft_snout": {
					"rotation": [0, 0, "-2*math.cos(q.anim_time*90*1.5)*2"]
				},
				"tuft_head": {
					"rotation": [0, 0, "-2*math.cos(q.anim_time*90*2)*3"]
				},
				"tuft_left": {
					"rotation": [0, "2*math.cos(q.anim_time*90*2)*2", 0]
				},
				"body": {
					"rotation": ["0+Math.cos((query.anim_time-0.3) * 90 * 2) * 2", 0, "0+Math.cos((query.anim_time-0.5) * 90 * 1.5) * 2"],
					"position": [0, "1.75+Math.cos((query.anim_time) * 90 * 2) * 0.4, +Math.cos((query.anim_time) * 90 *2) * 1", 0]
				},
				"head": {
					"rotation": ["2*math.cos(q.anim_time*90*2)*4", "-2*math.cos(q.anim_time*90*4)*5", "-2*math.cos(q.anim_time*90*1.5)*1"]
				},
				"jaw": {
					"rotation": ["-5.0485-2*math.cos(q.anim_time*90*1)*1", 0, 0]
				},
				"segment1": {
					"rotation": ["2*math.cos(q.anim_time*90*2-60)*4", "-2*math.cos(q.anim_time*90*4-60)*8", "-2*math.cos(q.anim_time*90*1.5)*1"]
				},
				"segment2": {
					"rotation": ["2*math.cos(q.anim_time*90*2-120)*4", "-2*math.cos(q.anim_time*90*4-120)*8", "-2*math.cos(q.anim_time*90*1.5-30)*1"]
				},
				"segment3": {
					"rotation": ["2*math.cos(q.anim_time*90*2-180)*4", "-2*math.cos(q.anim_time*90*4-180)*8", "-2*math.cos(q.anim_time*90*1.5-60)*1"]
				},
				"segment4": {
					"rotation": ["2*math.cos(q.anim_time*90*2-240)*4", "-2*math.cos(q.anim_time*90*4-240)*8", "-2*math.cos(q.anim_time*90*1.5-90)*1"]
				},
				"segment5": {
					"rotation": ["2*math.cos(q.anim_time*90*2-300)*4", "-2*math.cos(q.anim_time*90*4-300)*8", "-2*math.cos(q.anim_time*90*1.5-120)*1"]
				},
				"segment6": {
					"rotation": ["2*math.cos(q.anim_time*90*2-360)*4", "-2*math.cos(q.anim_time*90*4-360)*8", "-2*math.cos(q.anim_time*90*1.5-150)*1"]
				},
				"segment7": {
					"rotation": ["2*math.cos(q.anim_time*90*2-420)*4", "-2*math.cos(q.anim_time*90*4-420)*8", "-2*math.cos(q.anim_time*90*1.5-180)*1"]
				},
				"fin_front_right": {
					"rotation": ["2*math.cos(q.anim_time*90*2-110)*4", "-15+2*math.cos(q.anim_time*90*4-110)*4", "2*math.cos(q.anim_time*90*1.5-50)*1"]
				},
				"fin_front_left": {
					"rotation": ["2*math.cos(q.anim_time*90*2-110)*4", "15-2*math.cos(q.anim_time*90*4-110)*4", "-2*math.cos(q.anim_time*90*1.5-50)*1"]
				},
				"fin_back_left": {
					"rotation": ["15-2*math.cos(q.anim_time*90*2-290)*4", "15-2*math.cos(q.anim_time*90*4-290)*4", "-2*math.cos(q.anim_time*90*1.5-140)*1"]
				},
				"fin_back_right": {
					"rotation": ["15-2*math.cos(q.anim_time*90*2-290)*4", "-15+2*math.cos(q.anim_time*90*4-290)*4", "2*math.cos(q.anim_time*90*1.5-140)*1"]
				}
			}
		},
		"animation.petrolisk.shifty": {
			"animation_length": 1,
			"bones": {
				"eye": {
					"position": {
						"0.0": {
							"post": [0, 0, 0],
							"lerp_mode": "catmullrom"
						},
						"0.25": {
							"post": [0, -0.25, 0.25],
							"lerp_mode": "catmullrom"
						},
						"0.5": {
							"post": [0, 0, -0.5],
							"lerp_mode": "catmullrom"
						},
						"0.75": {
							"post": [0, 0.25, 0.25],
							"lerp_mode": "catmullrom"
						},
						"1.0": {
							"post": [0, 0, 0],
							"lerp_mode": "catmullrom"
						}
					},
					"scale": {
						"0.0": {
							"post": [1, 1, 1],
							"lerp_mode": "catmullrom"
						},
						"0.25": {
							"post": [1, 0.9, 1],
							"lerp_mode": "catmullrom"
						},
						"0.3333": {
							"post": [1, 1, 1],
							"lerp_mode": "catmullrom"
						}
					}
				}
			}
		},
		"animation.petrolisk.sleep": {
			"loop": true,
			"bones": {
				"body": {
					"rotation": [0, 0, -90],
					"position": [0, 1.25, 0]
				},
				"head": {
					"position": [0.5, 0, 0]
				},
				"fin_back_left": {
					"rotation": [0, -15, 0],
					"position": [0.25, 7, -0.75]
				},
				"fin_front_left": {
					"rotation": [0, 5, 0],
					"position": [-1.75, 1.25, -2.25]
				},
				"fin_back_right": {
					"rotation": [-2.5, 0, 0],
					"position": [3.5, -4, 0.5]
				},
				"fin_front_right": {
					"rotation": [-20, 0, 0],
					"position": [3.5, -5.75, -0.75]
				},
				"bone2": {
					"position": [-0.5, 0, 0]
				},
				"bone4": {
					"position": [-0.5, 0, 0]
				},
				"bone6": {
					"position": [-0.5, 0, 0]
				},
				"segment7": {
					"position": [-0.5, 0, 0]
				},
				"eye": {
					"scale": 0
				},
				"jaw": {
					"rotation": [5, 0, 0],
					"position": [0, 1, 1]
				},
				"snout": {
					"rotation": [-15, 0, 0]
				}
			}
		},
		"animation.petrolisk.faint": {
			"loop": "hold_on_last_frame",
			"animation_length": 5,
			"bones": {
				"body": {
					"rotation": {
						"0.0": {
							"post": [0, 0, 0],
							"lerp_mode": "catmullrom"
						},
						"0.25": {
							"post": [0, 0, -45],
							"lerp_mode": "catmullrom"
						},
						"0.5": {
							"post": [0, 0, 91],
							"lerp_mode": "catmullrom"
						},
						"0.625": {
							"post": [0, 0, 90],
							"lerp_mode": "catmullrom"
						}
					},
					"position": {
						"0.0": {
							"post": [0, 15, 0],
							"lerp_mode": "catmullrom"
						}
					}
				},
				"eye": {
					"rotation": {
						"0.0": {
							"post": [0, 0, 0],
							"lerp_mode": "catmullrom"
						},
						"0.625": {
							"post": [0, 0, 0],
							"lerp_mode": "catmullrom"
						}
					},
					"position": {
						"0.0": {
							"post": [0, 0, 0],
							"lerp_mode": "catmullrom"
						},
						"0.625": {
							"post": [0, 0, 0],
							"lerp_mode": "catmullrom"
						}
					},
					"scale": {
						"0.0": {
							"post": [1, 1, 1],
							"lerp_mode": "catmullrom"
						},
						"0.0417": {
							"post": [0, 0, 0],
							"lerp_mode": "catmullrom"
						}
					}
				},
				"fin_back_left": {
					"position": {
						"0.75": {
							"pre": [0, 0, 0],
							"post": [0, 0, 0],
							"lerp_mode": "catmullrom"
						},
						"0.8333": {
							"post": [10, 0, 0],
							"lerp_mode": "catmullrom"
						}
					}
				},
				"fin_front_left": {
					"position": {
						"1.0": {
							"pre": [0, 0, 0],
							"post": [0, 0, 0],
							"lerp_mode": "catmullrom"
						},
						"1.0833": {
							"post": [10, 0, 0],
							"lerp_mode": "catmullrom"
						}
					}
				},
				"fin_back_right": {
					"rotation": {
						"0.0": {
							"post": [0, 0, 0],
							"lerp_mode": "catmullrom"
						},
						"0.875": {
							"post": [0, 0, 0],
							"lerp_mode": "catmullrom"
						},
						"0.9583": {
							"post": [-4.11853, 25.66214, -15.89978],
							"lerp_mode": "catmullrom"
						}
					},
					"position": {
						"0.875": {
							"pre": [0, 0, 0],
							"post": [0, 0, 0],
							"lerp_mode": "catmullrom"
						},
						"0.9583": {
							"post": [8.6, 0, 0],
							"lerp_mode": "catmullrom"
						}
					}
				},
				"fin_front_right": {
					"rotation": {
						"0.0": {
							"post": [0, 0, 0],
							"lerp_mode": "catmullrom"
						},
						"1.125": {
							"post": [0, 0, 0],
							"lerp_mode": "catmullrom"
						},
						"1.2083": {
							"post": [-3.13388, -17.22575, 10.47479],
							"lerp_mode": "catmullrom"
						}
					},
					"position": {
						"1.125": {
							"pre": [0, 0, 0],
							"post": [0, 0, 0],
							"lerp_mode": "catmullrom"
						},
						"1.2083": {
							"post": [14, 0, 0],
							"lerp_mode": "catmullrom"
						}
					}
				},
				"bone2": {
					"rotation": {
						"0.0": {
							"post": [0, 0, 0],
							"lerp_mode": "catmullrom"
						},
						"1.0417": {
							"post": [0, 0, 22.5],
							"lerp_mode": "catmullrom"
						},
						"1.125": {
							"post": [0, 0, 0],
							"lerp_mode": "catmullrom"
						},
						"1.2083": {
							"post": [-11.82696, -30.11203, 6.25046],
							"lerp_mode": "catmullrom"
						}
					},
					"position": {
						"1.125": {
							"pre": [0, 0, 0],
							"post": [0, 0, 0],
							"lerp_mode": "catmullrom"
						},
						"1.2083": {
							"post": [6, 0, -1.25],
							"lerp_mode": "catmullrom"
						}
					}
				},
				"bone3": {
					"rotation": {
						"0.0": {
							"post": [0, 0, 0],
							"lerp_mode": "catmullrom"
						},
						"0.9583": {
							"post": [0, 0, 22.5],
							"lerp_mode": "catmullrom"
						},
						"1.0417": {
							"post": [0, 0, 0],
							"lerp_mode": "catmullrom"
						},
						"1.125": {
							"post": [0, 0, 10],
							"lerp_mode": "catmullrom"
						}
					},
					"position": {
						"1.0417": {
							"pre": [0, 0, 0],
							"post": [0, 0, 0],
							"lerp_mode": "catmullrom"
						},
						"1.125": {
							"post": [11.5, 0, 0],
							"lerp_mode": "catmullrom"
						}
					}
				},
				"bone4": {
					"rotation": {
						"0.0": {
							"post": [0, 0, 0],
							"lerp_mode": "catmullrom"
						},
						"0.875": {
							"post": [0, 0, 22.5],
							"lerp_mode": "catmullrom"
						},
						"0.9583": {
							"post": [0, 0, 0],
							"lerp_mode": "catmullrom"
						}
					},
					"position": {
						"0.9583": {
							"pre": [0, 0, 0],
							"post": [0, 0, 0],
							"lerp_mode": "catmullrom"
						},
						"1.0417": {
							"post": [14, 0, 0],
							"lerp_mode": "catmullrom"
						}
					}
				},
				"bone5": {
					"rotation": {
						"0.0": {
							"post": [0, 0, 0],
							"lerp_mode": "catmullrom"
						},
						"0.7917": {
							"post": [0, 0, 22.11],
							"lerp_mode": "catmullrom"
						},
						"0.875": {
							"post": [0, 0, 0],
							"lerp_mode": "catmullrom"
						},
						"0.9583": {
							"post": [0, 0, 10],
							"lerp_mode": "catmullrom"
						}
					},
					"position": {
						"0.875": {
							"pre": [0, 0, 0],
							"post": [0, 0, 0],
							"lerp_mode": "catmullrom"
						},
						"0.9583": {
							"post": [11.25, 0, 0],
							"lerp_mode": "catmullrom"
						}
					}
				},
				"bone6": {
					"rotation": {
						"0.0": {
							"post": [0, 0, 0],
							"lerp_mode": "catmullrom"
						},
						"0.7083": {
							"post": [0, 0, 21.87],
							"lerp_mode": "catmullrom"
						},
						"0.7917": {
							"post": [0, 0, 0],
							"lerp_mode": "catmullrom"
						},
						"0.875": {
							"post": [0, 0, 15],
							"lerp_mode": "catmullrom"
						}
					},
					"position": {
						"0.7917": {
							"pre": [0, 0, 0],
							"post": [0, 0, 0],
							"lerp_mode": "catmullrom"
						},
						"0.875": {
							"post": [12.25, 0, 0],
							"lerp_mode": "catmullrom"
						}
					}
				},
				"segment7": {
					"rotation": {
						"0.0": {
							"post": [0, 0, 0],
							"lerp_mode": "catmullrom"
						},
						"0.25": {
							"post": [0, 0, 15],
							"lerp_mode": "catmullrom"
						},
						"0.5": {
							"post": [0, 0, 2.5],
							"lerp_mode": "catmullrom"
						},
						"0.625": {
							"post": [0, 0, 0],
							"lerp_mode": "catmullrom"
						}
					},
					"position": {
						"0.0": {
							"post": [0, 0, 0],
							"lerp_mode": "catmullrom"
						},
						"0.625": {
							"post": [0, 0, 0],
							"lerp_mode": "catmullrom"
						},
						"0.7083": {
							"post": [14, 0, 0],
							"lerp_mode": "catmullrom"
						}
					}
				},
				"bone7": {
					"rotation": {
						"0.0": {
							"post": [0, 0, 0],
							"lerp_mode": "catmullrom"
						},
						"0.625": {
							"post": [0, 0, 22.5],
							"lerp_mode": "catmullrom"
						}
					},
					"position": {
						"0.7083": {
							"pre": [0, 0, 0],
							"post": [0, 0, 0],
							"lerp_mode": "catmullrom"
						},
						"0.7917": {
							"post": [13.5, 0, 0],
							"lerp_mode": "catmullrom"
						}
					}
				},
				"jaw": {
					"position": {
						"1.25": {
							"pre": [0, 0, 0],
							"post": [0, 0, 0],
							"lerp_mode": "catmullrom"
						},
						"1.3333": {
							"post": [13, 0, 0],
							"lerp_mode": "catmullrom"
						}
					}
				},
				"snout": {
					"rotation": {
						"0.0": {
							"post": [0, 0, 0],
							"lerp_mode": "catmullrom"
						},
						"0.25": {
							"post": [0, 0, -10],
							"lerp_mode": "catmullrom"
						},
						"0.5": {
							"post": [0, 0, 2.5],
							"lerp_mode": "catmullrom"
						},
						"0.625": {
							"post": [0, 0, 0],
							"lerp_mode": "catmullrom"
						}
					},
					"position": {
						"1.2083": {
							"pre": [0, 0, 0],
							"post": [0, 0, 0],
							"lerp_mode": "catmullrom"
						},
						"1.2917": {
							"post": [13, 0, 0],
							"lerp_mode": "catmullrom"
						}
					}
				},
				"head": {
					"rotation": {
						"0.0": {
							"post": [0, 0, 0],
							"lerp_mode": "catmullrom"
						},
						"0.25": {
							"post": [0, 0, -10],
							"lerp_mode": "catmullrom"
						},
						"1.125": {
							"post": [0, 0, -22.5],
							"lerp_mode": "catmullrom"
						},
						"1.2083": {
							"post": [0, 20, 0],
							"lerp_mode": "catmullrom"
						},
						"1.2917": {
							"post": [0, 0, 0],
							"lerp_mode": "catmullrom"
						}
					}
				},
				"segment1": {
					"rotation": {
						"0.0": {
							"post": [0, 0, 0],
							"lerp_mode": "catmullrom"
						},
						"0.25": {
							"post": [0, 0, -15],
							"lerp_mode": "catmullrom"
						},
						"0.5": {
							"post": [0, 0, 2.5],
							"lerp_mode": "catmullrom"
						},
						"0.625": {
							"post": [0, 0, 0],
							"lerp_mode": "catmullrom"
						}
					}
				},
				"segment2": {
					"rotation": {
						"0.0": {
							"post": [0, 0, 0],
							"lerp_mode": "catmullrom"
						},
						"0.25": {
							"post": [0, 0, 7.5],
							"lerp_mode": "catmullrom"
						},
						"0.5": {
							"post": [0, 0, 2.5],
							"lerp_mode": "catmullrom"
						},
						"0.625": {
							"post": [0, 0, 0],
							"lerp_mode": "catmullrom"
						}
					}
				},
				"segment3": {
					"rotation": {
						"0.0": {
							"post": [0, 0, 0],
							"lerp_mode": "catmullrom"
						},
						"0.25": {
							"post": [0, 0, 12.5],
							"lerp_mode": "catmullrom"
						},
						"0.5": {
							"post": [0, 0, 2.5],
							"lerp_mode": "catmullrom"
						},
						"0.625": {
							"post": [0, 0, 0],
							"lerp_mode": "catmullrom"
						}
					}
				},
				"segment4": {
					"rotation": {
						"0.0": {
							"post": [0, 0, 0],
							"lerp_mode": "catmullrom"
						},
						"0.25": {
							"post": [0, 0, 15],
							"lerp_mode": "catmullrom"
						},
						"0.5": {
							"post": [0, 0, 2.5],
							"lerp_mode": "catmullrom"
						},
						"0.625": {
							"post": [0, 0, 0],
							"lerp_mode": "catmullrom"
						}
					}
				},
				"segment5": {
					"rotation": {
						"0.0": {
							"post": [0, 0, 0],
							"lerp_mode": "catmullrom"
						},
						"0.25": {
							"post": [0, 0, 10],
							"lerp_mode": "catmullrom"
						},
						"0.5": {
							"post": [0, 0, 2.5],
							"lerp_mode": "catmullrom"
						},
						"0.625": {
							"post": [0, 0, 0],
							"lerp_mode": "catmullrom"
						}
					}
				},
				"segment6": {
					"rotation": {
						"0.0": {
							"post": [0, 0, 0],
							"lerp_mode": "catmullrom"
						},
						"0.25": {
							"post": [0, 0, 20],
							"lerp_mode": "catmullrom"
						},
						"0.5": {
							"post": [0, 0, 2.5],
							"lerp_mode": "catmullrom"
						},
						"0.625": {
							"post": [0, 0, 0],
							"lerp_mode": "catmullrom"
						}
					}
				}
			}
		},
		"animation.petrolisk.cry": {
			"animation_length": 1.6667,
			"bones": {
				"body": {
					"rotation": {
						"0.0": {
							"post": [0, 0, 0],
							"lerp_mode": "catmullrom"
						},
						"0.1667": {
							"post": [2.5, 0, 0],
							"lerp_mode": "catmullrom"
						},
						"0.3333": {
							"post": [0, 0, 0],
							"lerp_mode": "catmullrom"
						},
						"0.4583": {
							"post": [-2.5, 0, 0],
							"lerp_mode": "catmullrom"
						},
						"1.4583": {
							"post": [-7.5, 0, 0],
							"lerp_mode": "catmullrom"
						},
						"1.6667": {
							"post": [0, 0, 0],
							"lerp_mode": "catmullrom"
						}
					}
				},
				"head": {
					"rotation": {
						"0.0": {
							"post": [0, 0, 0],
							"lerp_mode": "catmullrom"
						},
						"0.1667": {
							"post": [12.5, 0, 0],
							"lerp_mode": "catmullrom"
						},
						"0.3333": {
							"post": [0, 0, 0],
							"lerp_mode": "catmullrom"
						},
						"0.4583": {
							"post": [-22.5, 0, 0],
							"lerp_mode": "catmullrom"
						},
						"0.5": {
							"post": [-25, 0, 0],
							"lerp_mode": "catmullrom"
						},
						"0.5417": {
							"post": [-22.5, 0, 0],
							"lerp_mode": "catmullrom"
						},
						"0.5833": {
							"post": [-25, 0, 0],
							"lerp_mode": "catmullrom"
						},
						"0.625": {
							"post": [-22.5, 0, 0],
							"lerp_mode": "catmullrom"
						},
						"0.6667": {
							"post": [-25, 0, 0],
							"lerp_mode": "catmullrom"
						},
						"0.7083": {
							"post": [-22.5, 0, 0],
							"lerp_mode": "catmullrom"
						},
						"0.75": {
							"post": [-25, 0, 0],
							"lerp_mode": "catmullrom"
						},
						"0.7917": {
							"post": [-22.5, 0, 0],
							"lerp_mode": "catmullrom"
						},
						"0.8333": {
							"post": [-25, 0, 0],
							"lerp_mode": "catmullrom"
						},
						"0.875": {
							"post": [-22.5, 0, 0],
							"lerp_mode": "catmullrom"
						},
						"0.9167": {
							"post": [-25, 0, 0],
							"lerp_mode": "catmullrom"
						},
						"0.9583": {
							"post": [-22.5, 0, 0],
							"lerp_mode": "catmullrom"
						},
						"1.0": {
							"post": [-25, 0, 0],
							"lerp_mode": "catmullrom"
						},
						"1.0417": {
							"post": [-22.5, 0, 0],
							"lerp_mode": "catmullrom"
						},
						"1.0833": {
							"post": [-25, 0, 0],
							"lerp_mode": "catmullrom"
						},
						"1.125": {
							"post": [-22.5, 0, 0],
							"lerp_mode": "catmullrom"
						},
						"1.1667": {
							"post": [-25, 0, 0],
							"lerp_mode": "catmullrom"
						},
						"1.2083": {
							"post": [-22.5, 0, 0],
							"lerp_mode": "catmullrom"
						},
						"1.25": {
							"post": [-25, 0, 0],
							"lerp_mode": "catmullrom"
						},
						"1.2917": {
							"post": [-22.5, 0, 0],
							"lerp_mode": "catmullrom"
						},
						"1.3333": {
							"post": [-25, 0, 0],
							"lerp_mode": "catmullrom"
						},
						"1.375": {
							"post": [-22.5, 0, 0],
							"lerp_mode": "catmullrom"
						},
						"1.4167": {
							"post": [-25, 0, 0],
							"lerp_mode": "catmullrom"
						},
						"1.4583": {
							"post": [-22.5, 0, 0],
							"lerp_mode": "catmullrom"
						},
						"1.5": {
							"post": [-25, 0, 0],
							"lerp_mode": "catmullrom"
						},
						"1.6667": {
							"post": [0, 0, 0],
							"lerp_mode": "catmullrom"
						}
					}
				},
				"jaw": {
					"rotation": {
						"0.3333": {
							"pre": [0, 0, 0],
							"post": [0, 0, 0],
							"lerp_mode": "catmullrom"
						},
						"0.4583": {
							"post": [20, 0, 0],
							"lerp_mode": "catmullrom"
						},
						"0.5": {
							"post": [27.5, 0, 0],
							"lerp_mode": "catmullrom"
						},
						"0.5417": {
							"post": [20, 0, 0],
							"lerp_mode": "catmullrom"
						},
						"0.5833": {
							"post": [27.5, 0, 0],
							"lerp_mode": "catmullrom"
						},
						"0.625": {
							"post": [20, 0, 0],
							"lerp_mode": "catmullrom"
						},
						"0.6667": {
							"post": [27.5, 0, 0],
							"lerp_mode": "catmullrom"
						},
						"0.7083": {
							"post": [20, 0, 0],
							"lerp_mode": "catmullrom"
						},
						"0.75": {
							"post": [27.5, 0, 0],
							"lerp_mode": "catmullrom"
						},
						"0.7917": {
							"post": [20, 0, 0],
							"lerp_mode": "catmullrom"
						},
						"0.8333": {
							"post": [27.5, 0, 0],
							"lerp_mode": "catmullrom"
						},
						"0.875": {
							"post": [20, 0, 0],
							"lerp_mode": "catmullrom"
						},
						"0.9167": {
							"post": [27.5, 0, 0],
							"lerp_mode": "catmullrom"
						},
						"0.9583": {
							"post": [20, 0, 0],
							"lerp_mode": "catmullrom"
						},
						"1.0": {
							"post": [27.5, 0, 0],
							"lerp_mode": "catmullrom"
						},
						"1.0417": {
							"post": [20, 0, 0],
							"lerp_mode": "catmullrom"
						},
						"1.0833": {
							"post": [27.5, 0, 0],
							"lerp_mode": "catmullrom"
						},
						"1.125": {
							"post": [20, 0, 0],
							"lerp_mode": "catmullrom"
						},
						"1.1667": {
							"post": [27.5, 0, 0],
							"lerp_mode": "catmullrom"
						},
						"1.2083": {
							"post": [20, 0, 0],
							"lerp_mode": "catmullrom"
						},
						"1.25": {
							"post": [27.5, 0, 0],
							"lerp_mode": "catmullrom"
						},
						"1.2917": {
							"post": [20, 0, 0],
							"lerp_mode": "catmullrom"
						},
						"1.3333": {
							"post": [27.5, 0, 0],
							"lerp_mode": "catmullrom"
						},
						"1.375": {
							"post": [20, 0, 0],
							"lerp_mode": "catmullrom"
						},
						"1.4167": {
							"post": [27.5, 0, 0],
							"lerp_mode": "catmullrom"
						},
						"1.4583": {
							"post": [20, 0, 0],
							"lerp_mode": "catmullrom"
						},
						"1.5": {
							"post": [27.5, 0, 0],
							"lerp_mode": "catmullrom"
						},
						"1.6667": {
							"post": [0, 0, 0],
							"lerp_mode": "catmullrom"
						}
					}
				}
			},
			"sound_effects": {
				"0.3333": {
					"effect": "pokemon.petrolisk.cry"
				}
			}
		}
	}
}