{
  "implemented": true,
  "name": "Emboar",
  "nationalPokedexNumber": 500,
  "primaryType": "fire",
  "secondaryType": "fighting",
  "abilities": [
    "blaze",
    "h:reckless"
  ],
  "drops": {
    "amount": 5,
    "entries": [
      {
        "item": "minecraft:porkchop",
        "quantityRange": "2-4"
      },
      {
        "item": "cobblemon:charcoal_stick",
        "percentage": 25.0
      }
    ]
  },
  "baseStats": {
    "hp": 110,
    "attack": 123,
    "defence": 65,
    "special_attack": 100,
    "special_defence": 65,
    "speed": 65
  },
  "behaviour": {
    "resting": {
      "canSleep": true,
      "willSleepOnBed": false,
      "depth": "normal",
      "light": "0-4"
    }
  },
  "catchRate": 45,
  "maleRatio": 0.875,
  "shoulderMountable": false,
  "baseExperienceYield": 238,
  "experienceGroup": "medium_slow",
  "eggCycles": 20,
  "eggGroups": [
    "field"
  ],
  "moves": [
    "1:armthrust",
    "1:ember",
    "1:hammerarm",
    "1:odorsleuth",
    "1:tackle",
    "1:tailwhip",
    "13:defensecurl",
    "15:flamecharge",
    "20:smog",
    "23:rollout",
    "28:takedown",
    "31:heatcrash",
    "38:assurance",
    "43:flamethrower",
    "50:headsmash",
    "55:roar",
    "62:flareblitz",
    "tm:attract",
    "tm:brickbreak",
    "tm:bulkup",
    "tm:bulldoze",
    "tm:confide",
    "tm:doubleteam",
    "tm:earthquake",
    "tm:echoedvoice",
    "tm:facade",
    "tm:fireblast",
    "tm:flamecharge",
    "tm:flamethrower",
    "tm:fling",
    "tm:focusblast",
    "tm:frustration",
    "tm:gigaimpact",
    "tm:grassknot",
    "tm:gyroball",
    "tm:hiddenpower",
    "tm:hyperbeam",
    "tm:incinerate",
    "tm:lowsweep",
    "tm:overheat",
    "tm:poisonjab",
    "tm:poweruppunch",
    "tm:protect",
    "tm:rest",
    "tm:return",
    "tm:roar",
    "tm:rockslide",
    "tm:rocksmash",
    "tm:rocktomb",
    "tm:round",
    "tm:scald",
    "tm:secretpower",
    "tm:sleeptalk",
    "tm:smackdown",
    "tm:solarbeam",
    "tm:stoneedge",
    "tm:strength",
    "tm:substitute",
    "tm:sunnyday",
    "tm:swagger",
    "tm:taunt",
    "tm:toxic",
    "tm:wildcharge",
    "tm:willowisp",
    "tm:workup",
    "tutor:blastburn",
    "tutor:block",
    "tutor:covet",
    "tutor:endeavor",
    "tutor:firepledge",
    "tutor:firepunch",
    "tutor:flareblitz",
    "tutor:focuspunch",
    "tutor:hammerarm",
    "tutor:headsmash",
    "tutor:heatwave",
    "tutor:helpinghand",
    "tutor:holdback",
    "tutor:ironhead",
    "tutor:irontail",
    "tutor:lowkick",
    "tutor:sleeptalk",
    "tutor:snore",
    "tutor:stompingtantrum",
    "tutor:superpower",
    "tutor:takedown",
    "tutor:thunderpunch",
    "tutor:wildcharge",
    "tutor:zenheadbutt"
  ],
  "labels": [
    "gen5"
  ],
  "pokedex": [
    "cobblemon.species.emboar.desc"
  ],
  "preEvolution": "pignite",
  "evolutions": [
{
      "id": "emboar_ow_1",
      "variant": "item_interact",
      "result": "emboar_ow",
      "consumeHeldItem": true,
      "learnableMoves": [],
      "requirements": [ {
          "variant": "level",
          "minLevel": 50
        }],
      "requiredContext": "minecraft:gold_block"
    }
],
  "baseScale": 1.25,
  "hitbox": {
    "width": 1.35,
    "height": 2,
    "fixed": false
  },
  "baseFriendship": 70,
  "evYield": {
    "hp": 0,
    "attack": 3,
    "defence": 0,
    "special_attack": 0,
    "special_defence": 0,
    "speed": 0
  },
  "height": 16,
  "weight": 1500,
  "aspects": [],
  "cannotDynamax": false
}