{
  "implemented": true,
  "name": "Mismagius",
  "nationalPokedexNumber": 429,
  "primaryType": "ghost",
  "abilities": [
    "levitate"
  ],
  "drops": {
    "amount": 2,
    "entries": [
      {
        "item": "cobblemon:spell_tag",
        "percentage": 5.0
      },
      {
        "item": "cobblemon:kasib_berry",
        "percentage": 5.0
      }
    ]
  },
  "baseStats": {
    "hp": 60,
    "attack": 60,
    "defence": 60,
    "special_attack": 105,
    "special_defence": 105,
    "speed": 105
  },
  "catchRate": 45,
  "maleRatio": 0.5,
  "shoulderMountable": false,
  "baseExperienceYield": 173,
  "experienceGroup": "fast",
  "eggCycles": 25,
  "eggGroups": [
    "amorphous"
  ],
  "moves": [
    "1:astonish",
    "1:growl",
    "1:luckychant",
    "1:magicalleaf",
    "1:mysticalfire",
    "1:phantomforce",
    "1:powergem",
    "1:psywave",
    "1:spite",
    "tm:aerialace",
    "tm:attract",
    "tm:calmmind",
    "tm:captivate",
    "tm:chargebeam",
    "tm:charm",
    "tm:confide",
    "tm:confuseray",
    "tm:darkpulse",
    "tm:dazzlinggleam",
    "tm:doubleteam",
    "tm:drainingkiss",
    "tm:dreameater",
    "tm:echoedvoice",
    "tm:embargo",
    "tm:endure",
    "tm:energyball",
    "tm:facade",
    "tm:faketears",
    "tm:flash",
    "tm:foulplay",
    "tm:frustration",
    "tm:gigaimpact",
    "tm:grassknot",
    "tm:helpinghand",
    "tm:hex",
    "tm:hiddenpower",
    "tm:hyperbeam",
    "tm:hypervoice",
    "tm:icywind",
    "tm:imprison",
    "tm:magicalleaf",
    "tm:nastyplot",
    "tm:naturalgift",
    "tm:nightshade",
    "tm:payback",
    "tm:phantomforce",
    "tm:powergem",
    "tm:protect",
    "tm:psybeam",
    "tm:psychic",
    "tm:psychup",
    "tm:psyshock",
    "tm:raindance",
    "tm:rest",
    "tm:return",
    "tm:round",
    "tm:scaryface",
    "tm:secretpower",
    "tm:shadowball",
    "tm:shockwave",
    "tm:skillswap",
    "tm:sleeptalk",
    "tm:snatch",
    "tm:snowscape",
    "tm:storedpower",
    "tm:substitute",
    "tm:sunnyday",
    "tm:swagger",
    "tm:swift",
    "tm:taunt",
    "tm:telekinesis",
    "tm:terablast",
    "tm:thief",
    "tm:thunder",
    "tm:thunderbolt",
    "tm:thunderwave",
    "tm:torment",
    "tm:toxic",
    "tm:trick",
    "tm:trickroom",
    "tm:willowisp",
    "tutor:allyswitch",
    "tutor:darkpulse",
    "tutor:foulplay",
    "tutor:headbutt",
    "tutor:healbell",
    "tutor:hypervoice",
    "tutor:icywind",
    "tutor:laserfocus",
    "tutor:magiccoat",
    "tutor:magicroom",
    "tutor:ominouswind",
    "tutor:painsplit",
    "tutor:shockwave",
    "tutor:skillswap",
    "tutor:sleeptalk",
    "tutor:snatch",
    "tutor:snore",
    "tutor:spite",
    "tutor:suckerpunch",
    "tutor:swift",
    "tutor:telekinesis",
    "tutor:trick",
    "tutor:uproar",
    "tutor:wonderroom"
  ],
  "labels": [
    "gen4"
  ],
  "pokedex": [
    "cobblemon.species.mismagius.desc"
  ],
  "preEvolution": "misdreavus",
  "evolutions": [
{
      "id": "mismagius_ow_1",
      "variant": "item_interact",
      "result": "mismagius_ow",
      "consumeHeldItem": true,
      "learnableMoves": [],
      "requirements": [ {
          "variant": "level",
          "minLevel": 50
        }],
      "requiredContext": "minecraft:gold_block"
    }
],
  "baseScale": 0.8,
  "hitbox": {
    "width": 1,
    "height": 1.65,
    "fixed": false
  },
  "baseFriendship": 35,
  "evYield": {
    "hp": 0,
    "attack": 0,
    "defence": 0,
    "special_attack": 1,
    "special_defence": 1,
    "speed": 0
  },
  "height": 9,
  "weight": 44,
  "aspects": [],
  "cannotDynamax": false
}