{
  "implemented": true,
  "name": "Watchog",
  "nationalPokedexNumber": 505,
  "primaryType": "normal",
  "abilities": [
    "illuminate",
    "keeneye",
    "h:analytic"
  ],
  "drops": {
    "amount": 1,
    "entries": [
      {
        "item": "cobblemon:babiri_berry",
        "percentage": 5.0
      }
    ]
  },
  "baseStats": {
    "hp": 60,
    "attack": 85,
    "defence": 69,
    "special_attack": 60,
    "special_defence": 69,
    "speed": 77
  },
  "catchRate": 255,
  "maleRatio": 0.5,
  "shoulderMountable": false,
  "baseExperienceYield": 147,
  "experienceGroup": "medium_fast",
  "eggCycles": 20,
  "eggGroups": [
    "field"
  ],
  "behaviour": {
    "resting": {
      "canSleep": true,
      "willSleepOnBed": false,
      "depth": "normal",
      "light": "0-4"
    }
  },
  "moves": [
    "1:bite",
    "1:confuseray",
    "1:leer",
    "1:lowkick",
    "1:rototiller",
    "1:tackle",
    "8:bide",
    "11:detect",
    "13:sandattack",
    "16:crunch",
    "18:hypnosis",
    "22:superfang",
    "25:afteryou",
    "29:focusenergy",
    "32:psychup",
    "36:hyperfang",
    "39:nastyplot",
    "43:meanlook",
    "46:batonpass",
    "50:slam",
    "tm:attract",
    "tm:confide",
    "tm:cut",
    "tm:dig",
    "tm:doubleteam",
    "tm:dreameater",
    "tm:facade",
    "tm:flamethrower",
    "tm:flash",
    "tm:fling",
    "tm:focusblast",
    "tm:frustration",
    "tm:gigaimpact",
    "tm:grassknot",
    "tm:hiddenpower",
    "tm:hyperbeam",
    "tm:lightscreen",
    "tm:poweruppunch",
    "tm:protect",
    "tm:psychup",
    "tm:raindance",
    "tm:rest",
    "tm:retaliate",
    "tm:return",
    "tm:rocksmash",
    "tm:round",
    "tm:secretpower",
    "tm:shadowball",
    "tm:sleeptalk",
    "tm:strength",
    "tm:substitute",
    "tm:sunnyday",
    "tm:swagger",
    "tm:swordsdance",
    "tm:thunder",
    "tm:thunderbolt",
    "tm:thunderwave",
    "tm:toxic",
    "tm:workup",
    "tutor:afteryou",
    "tutor:aquatail",
    "tutor:covet",
    "tutor:endeavor",
    "tutor:firepunch",
    "tutor:focuspunch",
    "tutor:gunkshot",
    "tutor:helpinghand",
    "tutor:icepunch",
    "tutor:irontail",
    "tutor:knockoff",
    "tutor:laserfocus",
    "tutor:lastresort",
    "tutor:lowkick",
    "tutor:seedbomb",
    "tutor:shockwave",
    "tutor:signalbeam",
    "tutor:sleeptalk",
    "tutor:snore",
    "tutor:stompingtantrum",
    "tutor:superfang",
    "tutor:thunderpunch",
    "tutor:zenheadbutt"
  ],
  "labels": [
    "gen5"
  ],
  "pokedex": [
    "cobblemon.species.watchog.desc"
  ],
  "preEvolution": "patrat",
  "evolutions": [
{
      "id": "watchog_ow_1",
      "variant": "item_interact",
      "result": "watchog_ow",
      "consumeHeldItem": true,
      "learnableMoves": [],
     "requirements": [ {
          "variant": "level",
          "minLevel": 50
        }],
      "requiredContext": "minecraft:gold_block"
    }
],
  "baseScale": 0.5,
  "hitbox": {
    "width": 0.8,
    "height": 2.55,
    "fixed": false
  },
  "baseFriendship": 70,
  "evYield": {
    "hp": 0,
    "attack": 2,
    "defence": 0,
    "special_attack": 0,
    "special_defence": 0,
    "speed": 0
  },
  "height": 11,
  "weight": 270,
  "aspects": [],
  "cannotDynamax": false
}