{
  "implemented": true,
  "name": "Abelimight",
  "primaryType": "rock",
  "secondaryType": "fighting",
  "maleRatio": 0.875,
  "height": 9,
  "weight": 315,
  "pokedex": [
    "cobblemon.species.abelimight.desc"
  ],
  "aspects": [],
  "abilities": [
    "moldbreaker",
    "h:sheerforce"
  ],
  "eggGroups": [
    "monster"
  ],
  "baseStats": {
    "hp": 67,
    "attack": 125,
    "defence": 40,
    "special_attack": 30,
    "special_defence": 30,
    "speed": 58
  },
  "evYield": {
    "hp": 0,
    "attack": 1,
    "defence": 0,
    "special_attack": 0,
    "special_defence": 0,
    "speed": 0
  },
  "baseExperienceYield": 70,
  "experienceGroup": "erratic",
  "catchRate": 45,
  "eggCycles": 30,
  "baseFriendship": 50,
  "baseScale": 0.8,
  "hitbox": {
    "width": 0.7,
    "height": 1.15,
    "fixed": false
  },
  "behaviour": {
    "resting": {
      "canSleep": true,
      "light": "0-4"
    },
    "moving": {
      "walk": {
        "walkSpeed": 0.18
      }
    }
  },
  "drops": {
    "amount": 1,
    "entries": [
      {
        "item": "cobblemon:sun_stone",
        "quantityRange": "1-2"
      }
    ]
  },
  "moves": [
    "1:doublekick",
    "1:growl",
    "1:tackle",
    "6:focusenergy",
    "10:rocksmash",
    "15:bite",
    "19:scaryface",
    "24:ancientpower",
    "28:crunch",
    "33:bulkup",
    "37:zenheadbutt",
    "42:closecombat",
    "46:headsmash",
    "egg:bulkup",
    "egg:hammerarm",
    "egg:slam",
    "egg:stomp",
    "egg:thrash",
    "tm:ancientpower",
    "tm:aurasphere",
    "tm:avalanche",
    "tm:blizzard",
    "tm:bodypress",
    "tm:bodyslam",
    "tm:brickbreak",
    "tm:bulkup",
    "tm:bulldoze",
    "tm:calmmind",
    "tm:closecombat",
    "tm:coaching",
    "tm:counter",
    "tm:crunch",
    "tm:curse",
    "tm:detect",
    "tm:dig",
    "tm:doubleedge",
    "tm:earthpower",
    "tm:earthquake",
    "tm:endeavor",
    "tm:endure",
    "tm:facade",
    "tm:fireblast",
    "tm:flamethrower",
    "tm:focusblast",
    "tm:focusenergy",
    "tm:headbutt",
    "tm:icebeam",
    "tm:incinerate",
    "tm:ironhead",
    "tm:irontail",
    "tm:laserfocus",
    "tm:lowkick",
    "tm:lowsweep",
    "tm:megakick",
    "tm:mudslap",
    "tm:powershift",
    "tm:protect",
    "tm:raindance",
    "tm:rest",
    "tm:revenge",
    "tm:roar",
    "tm:rockblast",
    "tm:rockclimb",
    "tm:rockpolish",
    "tm:rockslide",
    "tm:rocksmash",
    "tm:rocktomb",
    "tm:sandstorm",
    "tm:scaryface",
    "tm:screech",
    "tm:seismictoss",
    "tm:shockwave",
    "tm:sleeptalk",
    "tm:smackdown",
    "tm:stealthrock",
    "tm:stompingtantrum",
    "tm:stoneedge",
    "tm:strength",
    "tm:submission",
    "tm:substitute",
    "tm:sunnyday",
    "tm:supercellslam",
    "tm:superpower",
    "tm:swordsdance",
    "tm:takedown",
    "tm:terablast",
    "tm:thunder",
    "tm:thunderbolt",
    "tm:trailblaze",
    "tm:uproar",
    "tm:vacuumwave",
    "tm:zenheadbutt",
    "tutor:ancientpower",
    "tutor:bodyslam",
    "tutor:bulkup",
    "tutor:bulldoze",
    "tutor:calmmind",
    "tutor:coaching",
    "tutor:counter",
    "tutor:earthpower",
    "tutor:endeavor",
    "tutor:flamethrower",
    "tutor:focusenergy",
    "tutor:icebeam",
    "tutor:ironhead",
    "tutor:irontail",
    "tutor:laserfocus",
    "tutor:lowkick",
    "tutor:megakick",
    "tutor:meteorbeam",
    "tutor:mudslap",
    "tutor:powershift",
    "tutor:rest",
    "tutor:rockslide",
    "tutor:rocksmash",
    "tutor:seismictoss",
    "tutor:shockwave",
    "tutor:sleeptalk",
    "tutor:stealthrock",
    "tutor:stompingtantrum",
    "tutor:stoneedge",
    "tutor:superpower",
    "tutor:thunderbolt",
    "tutor:uproar",
    "tutor:vacuumwave",
    "tutor:zenheadbutt"
  ],
  "evolutions": [
    {
      "id": "abelimight_carnobrawlrus",
      "variant": "level_up",
      "result": "carnobrawlrus",
      "consumeHeldItem": false,
      "learnableMoves": [],
      "requirements": [
        {
          "variant": "level",
          "minLevel": 30
        }
      ]
    }
  ]
}
