{
  "implemented": true,
  "name": "Airaptor",
  "primaryType": "rock",
  "secondaryType": "steel",
  "maleRatio": 0.125,
  "height": 5,
  "weight": 95,
  "pokedex": [
    "cobblemon.species.airaptor.desc"
  ],
  "aspects": [],
  "abilities": [
    "levitate",
    "h:moldbreaker"
  ],
  "eggGroups": [
    "monster",
    "flying"
  ],
  "baseStats": {
    "hp": 58,
    "attack": 89,
    "defence": 45,
    "special_attack": 48,
    "special_defence": 45,
    "speed": 77
  },
  "evYield": {
    "hp": 0,
    "attack": 0,
    "defence": 0,
    "special_attack": 0,
    "special_defence": 0,
    "speed": 1
  },
  "baseExperienceYield": 72,
  "experienceGroup": "medium_fast",
  "catchRate": 45,
  "eggCycles": 30,
  "baseFriendship": 50,
  "baseScale": 0.55,
  "hitbox": {
    "width": 0.65,
    "height": 1.2,
    "fixed": false
  },
  "behaviour": {
    "resting": {
      "canSleep": true,
      "light": "0-4"
    },
    "moving": {
      "walk": {
        "walkSpeed": 0.19
      }
    }
  },
  "drops": {
    "amount": 1,
    "entries": [
      {
        "item": "minecraft:iron_ingot",
        "quantityRange": "1-2"
      }
    ]
  },
  "moves": [
    "1:growl",
    "1:scratch",
    "1:bide",
    "4:wingattack",
    "8:ancientpower",
    "12:charm",
    "16:metalclaw",
    "20:aerialace",
    "24:slash",
    "28:rockslide",
    "32:steelwing",
    "36:featherdance",
    "40:thrash",
    "44:bravebird",
    "48:meteormash",
    "egg:curse",
    "egg:rockpolish",
    "egg:rockthrow",
    "egg:roost",
    "tm:acrobatics",
    "tm:aerialace",
    "tm:agility",
    "tm:aircutter",
    "tm:airslash",
    "tm:ancientpower",
    "tm:bounce",
    "tm:bravebird",
    "tm:brickbreak",
    "tm:bulkup",
    "tm:bulldoze",
    "tm:calmmind",
    "tm:charm",
    "tm:closecombat",
    "tm:curse",
    "tm:cut",
    "tm:dig",
    "tm:dragonclaw",
    "tm:dragondance",
    "tm:dragonpulse",
    "tm:dragontail",
    "tm:dualwingbeat",
    "tm:doubleteam",
    "tm:earthpower",
    "tm:earthquake",
    "tm:endure",
    "tm:facade",
    "tm:falseswipe",
    "tm:featherdance",
    "tm:flashcannon",
    "tm:furycutter",
    "tm:gyroball",
    "tm:honeclaws",
    "tm:hypervoice",
    "tm:icywind",
    "tm:irondefense",
    "tm:ironhead",
    "tm:irontail",
    "tm:lowkick",
    "tm:megakick",
    "tm:metalclaw",
    "tm:metalsound",
    "tm:meteorbeam",
    "tm:mimic",
    "tm:outrage",
    "tm:playrough",
    "tm:pluck",
    "tm:protect",
    "tm:razorwind",
    "tm:rest",
    "tm:roar",
    "tm:rockblast",
    "tm:rockpolish",
    "tm:rockslide",
    "tm:rocksmash",
    "tm:rocktomb",
    "tm:roost",
    "tm:sandstorm",
    "tm:scaryface",
    "tm:seismictoss",
    "tm:shadowclaw",
    "tm:silverwind",
    "tm:skyattack",
    "tm:skydrop",
    "tm:sleeptalk",
    "tm:smartstrike",
    "tm:solarblade",
    "tm:stealthrock",
    "tm:steelbeam",
    "tm:steelwing",
    "tm:stompingtantrum",
    "tm:stoneedge",
    "tm:strength",
    "tm:substitute",
    "tm:sunnyday",
    "tm:superpower",
    "tm:swift",
    "tm:swordsdance",
    "tm:tailwind",
    "tm:terablast",
    "tm:tripleaxel",
    "tm:uturn",
    "tm:xscissor",
    "tutor:aerialace",
    "tutor:aircutter",
    "tutor:ancientpower",
    "tutor:bounce",
    "tutor:bulkup",
    "tutor:bulldoze",
    "tutor:calmmind",
    "tutor:defog",
    "tutor:dragonpulse",
    "tutor:dualchop",
    "tutor:dualwingbeat",
    "tutor:earthpower",
    "tutor:flashcannon",
    "tutor:furycutter",
    "tutor:hypervoice",
    "tutor:icywind",
    "tutor:irondefense",
    "tutor:ironhead",
    "tutor:irontail",
    "tutor:lowkick",
    "tutor:megakick",
    "tutor:meteorbeam",
    "tutor:ominouswind",
    "tutor:outrage",
    "tutor:playrough",
    "tutor:psychic",
    "tutor:psychocut",
    "tutor:rest",
    "tutor:rockslide",
    "tutor:rocksmash",
    "tutor:roost",
    "tutor:seismictoss",
    "tutor:shadowclaw",
    "tutor:sleeptalk",
    "tutor:stealthrock",
    "tutor:steelbeam",
    "tutor:steelroller",
    "tutor:stompingtantrum",
    "tutor:stoneedge",
    "tutor:superpower",
    "tutor:swift",
    "tutor:swordsdance",
    "tutor:tailwind",
    "tutor:tripleaxel",
    "tutor:twister",
    "tutor:xscissor"
  ],
  "evolutions": [
    {
      "id": "airaptor_velocigaletor",
      "variant": "level_up",
      "result": "velocigaletor",
      "consumeHeldItem": false,
      "learnableMoves": [
        "metalclaw"
      ],
      "requirements": [
        {
          "variant": "level",
          "minLevel": 39
        }
      ]
    }
  ]
}
