{
  "implemented": true,
  "name": "Ankylub",
  "primaryType": "rock",
  "secondaryType": "electric",
  "maleRatio": 0.125,
  "height": 13,
  "weight": 252,
  "pokedex": [
    "cobblemon.species.ankylub.desc"
  ],
  "aspects": [],
  "abilities": [
    "lightningrod",
    "h:moldbreaker"
  ],
  "eggGroups": [
    "monster"
  ],
  "baseStats": {
    "hp": 77,
    "attack": 59,
    "defence": 67,
    "special_attack": 50,
    "special_defence": 63,
    "speed": 46
  },
  "evYield": {
    "hp": 0,
    "attack": 0,
    "defence": 1,
    "special_attack": 0,
    "special_defence": 0,
    "speed": 0
  },
  "baseExperienceYield": 72,
  "experienceGroup": "medium_fast",
  "catchRate": 45,
  "eggCycles": 30,
  "baseFriendship": 50,
  "baseScale": 1,
  "hitbox": {
    "width": 1,
    "height": 2.15,
    "fixed": false
  },
  "behaviour": {
    "resting": {
      "canSleep": true,
      "light": "0-4"
    },
    "moving": {
      "walk": {
        "walkSpeed": 0.12
      }
    }
  },
  "drops": {
    "amount": 1,
    "entries": [
      {
        "item": "minecraft:copper_ingot",
        "quantityRange": "1-2"
      }
    ]
  },
  "moves": [
    "1:tailwhip",
    "1:thundershock",
    "1:rockthrow",
    "4:tackle",
    "8:ancientpower",
    "12:electroball",
    "16:takedown",
    "20:protect",
    "24:spark",
    "28:thunderwave",
    "32:irondefense",
    "36:meteormash",
    "40:thunderbolt",
    "44:naturepower",
    "54:irontail",
    "52:thunder",
    "56:gigaimpact",
    "egg:curse",
    "egg:irontail",
    "egg:rockpolish",
    "egg:rockthrow",
    "tm:ancientpower",
    "tm:aquatail",
    "tm:bodyslam",
    "tm:bulldoze",
    "tm:calmmind",
    "tm:charge",
    "tm:chargebeam",
    "tm:dragontail",
    "tm:earthpower",
    "tm:echoedvoice",
    "tm:eerieimpulse",
    "tm:electricterrain",
    "tm:electroweb",
    "tm:encore",
    "tm:endure",
    "tm:facade",
    "tm:flash",
    "tm:flashcannon",
    "tm:hyperbeam",
    "tm:hypervoice",
    "tm:irondefense",
    "tm:ironhead",
    "tm:irontail",
    "tm:lightscreen",
    "tm:magnetrise",
    "tm:meteorbeam",
    "tm:mudshot",
    "tm:naturepower",
    "tm:outrage",
    "tm:poisontail",
    "tm:protect",
    "tm:psychup",
    "tm:raindance",
    "tm:reflect",
    "tm:rest",
    "tm:roar",
    "tm:rockblast",
    "tm:rockpolish",
    "tm:rockslide",
    "tm:rocksmash",
    "tm:rocktomb",
    "tm:safeguard",
    "tm:sandstorm",
    "tm:shockwave",
    "tm:sleeptalk",
    "tm:stealthrock",
    "tm:stoneedge",
    "tm:substitute",
    "tm:supercellslam",
    "tm:tailslap",
    "tm:takedown",
    "tm:terablast",
    "tm:thunder",
    "tm:thunderbolt",
    "tm:thunderwave",
    "tm:voltswitch",
    "tm:waterpulse",
    "tm:weatherball",
    "tm:wildcharge",
    "tm:zapcannon",
    "tm:zenheadbutt",

    "tutor:ancientpower",
    "tutor:aquatail",
    "tutor:bulldoze",
    "tutor:calmmind",
    "tutor:chargebeam",
    "tutor:earthpower",
    "tutor:electroweb",
    "tutor:flashcannon",
    "tutor:hyperbeam",
    "tutor:hypervoice",
    "tutor:irondefense",
    "tutor:ironhead",
    "tutor:irontail",
    "tutor:magnetrise",
    "tutor:meteorbeam",
    "tutor:outrage",
    "tutor:rest",
    "tutor:risingvoltage",
    "tutor:rockslide",
    "tutor:rocksmash",
    "tutor:shockwave",
    "tutor:sleeptalk",
    "tutor:stealthrock",
    "tutor:stoneedge",
    "tutor:thunderbolt",
    "tutor:thunderwave",
    "tutor:waterpulse",
    "tutor:wildcharge",
    "tutor:zenheadbutt"
  ],
  "evolutions": [
    {
      "id": "ankylub_ankylonorse",
      "variant": "level_up",
      "result": "ankylonorse",
      "consumeHeldItem": false,
      "learnableMoves": [
        "discharge"
      ],
      "requirements": [
        {
          "variant": "level",
          "minLevel": 39
        },
        {
          "variant": "weather",
          "isRaining": true
        }
      ]
    }
  ]
}
