{
  "implemented": true,
  "name": "Arthropeater",
  "primaryType": "rock",
  "secondaryType": "electric",
  "maleRatio": 0.125,
  "height": 7,
  "weight": 10,
  "pokedex": [
    "cobblemon.species.arthropeater.desc"
  ],
  "aspects": [],
  "abilities": [
    "swarm",
    "h:voltabsorb"
  ],
  "eggGroups": [
    "bug"
  ],
  "baseStats": {
    "hp": 45,
    "attack": 40,
    "defence": 50,
    "special_attack": 95,
    "special_defence": 50,
    "speed": 75
  },
  "evYield": {
    "hp": 0,
    "attack": 0,
    "defence": 0,
    "special_attack": 1,
    "special_defence": 0,
    "speed": 0
  },
  "baseExperienceYield": 71,
  "experienceGroup": "erratic",
  "catchRate": 45,
  "eggCycles": 30,
  "baseFriendship": 50,
  "shoulderMountable": true,
  "baseScale": 0.45,
  "hitbox": {
    "width": 1,
    "height": 0.2,
    "fixed": false
  },
  "behaviour": {
    "moving": {
      "walk": {
        "walkSpeed": 0.17
      }
    },
    "resting": {
      "canSleep": true,
      "light": "0-4"
    }
  },
  "drops": {
    "amount": 1,
    "entries": [
      {
        "item": "minecraft:redstone",
        "quantityRange": "1-2"
      }
    ]
  },
  "moves": [
    "1:furycutter",
    "1:harden",
    "1:tackle",
    "1:thunderwave",
    "4:thundershock",
    "8:smackdown",
    "12:bite",
    "16:ancientpower",
    "20:bugbite",
    "24:spark",
    "28:crunch",
    "32:protect",
    "36:stoneedge",
    "41:lunge",
    "44:thunderbolt",
    "egg:bugbite",
    "egg:curse",
    "egg:knockoff",
    "egg:rapidspin",
    "egg:sandattack",
    "egg:thunderbolt",
    "tm:acidspray",
    "tm:aerialace",
    "tm:ancientpower",
    "tm:bodyslam",
    "tm:brickbreak",
    "tm:bugbite",
    "tm:bugbuzz",
    "tm:charge",
    "tm:chargebeam",
    "tm:crosspoison",
    "tm:curse",
    "tm:dig",
    "tm:earthpower",
    "tm:eerieimpulse",
    "tm:electricterrain",
    "tm:electroball",
    "tm:electroweb",
    "tm:endure",
    "tm:facade",
    "tm:furycutter",
    "tm:gunkshot",
    "tm:headbutt",
    "tm:infestation",
    "tm:irondefense",
    "tm:knockoff",
    "tm:leechlife",
    "tm:lunge",
    "tm:meteorbeam",
    "tm:mudshot",
    "tm:mudslap",
    "tm:pinmissile",
    "tm:poisonjab",
    "tm:pollenpuff",
    "tm:pounce",
    "tm:protect",
    "tm:rest",
    "tm:rockblast",
    "tm:rockpolish",
    "tm:rockslide",
    "tm:rocksmash",
    "tm:rocktomb",
    "tm:sandstorm",
    "tm:screech",
    "tm:shockwave",
    "tm:silverwind",
    "tm:skittersmack",
    "tm:sleeptalk",
    "tm:sludgebomb",
    "tm:sludgewave",
    "tm:smackdown",
    "tm:stealthrock",
    "tm:stringshot",
    "tm:strugglebug",
    "tm:substitute",
    "tm:sunnyday",
    "tm:supercellslam",
    "tm:swordsdance",
    "tm:terablast",
    "tm:thunderbolt",
    "tm:thunderfang",
    "tm:thunderwave",
    "tm:toxic",
    "tm:toxicspikes",
    "tm:uturn",
    "tm:venoshock",
    "tm:voltswitch",
    "tm:wildcharge",
    "tm:xscissor",
    "tm:zapcannon",
    "tutor:aerialace",
    "tutor:ancientpower",
    "tutor:bugbite",
    "tutor:chargebeam",
    "tutor:corrosivegas",
    "tutor:earthpower",
    "tutor:electroweb",
    "tutor:furycutter",
    "tutor:gastroacid",
    "tutor:gunkshot",
    "tutor:irondefense",
    "tutor:knockoff",
    "tutor:leechlife",
    "tutor:magnetrise",
    "tutor:meteorbeam",
    "tutor:mudslap",
    "tutor:poisonjab",
    "tutor:rest",
    "tutor:risingvoltage",
    "tutor:rockslide",
    "tutor:rocksmash",
    "tutor:shockwave",
    "tutor:signalbeam",
    "tutor:skittersmack",
    "tutor:sleeptalk",
    "tutor:sludgebomb",
    "tutor:stealthrock",
    "tutor:stringshot",
    "tutor:thunderbolt",
    "tutor:thunderfang",
    "tutor:thunderwave",
    "tutor:volttackle",
    "tutor:wildcharge",
    "tutor:xscissor"
  ],
  "evolutions": [
    {
      "id": "arthropeater_comparapede",
      "variant": "level_up",
      "result": "comparapede",
      "consumeHeldItem": false,
      "learnableMoves": [],
      "requirements": [
        {
          "variant": "level",
          "minLevel": 40
        }
      ]
    }
  ]
}
