{
  "implemented": true,
  "name": "Brachioforest",
  "primaryType": "rock",
  "secondaryType": "grass",
  "maleRatio": 0.125,
  "height": 27,
  "weight": 2250,
  "pokedex": [
    "cobblemon.species.brachioforest.desc"
  ],
  "aspects": [],
  "abilities": [
    "overgrow",
    "h:sapsipper"
  ],
  "eggGroups": [
    "monster"
  ],
  "baseStats": {
    "hp": 123,
    "attack": 77,
    "defence": 72,
    "special_attack": 99,
    "special_defence": 92,
    "speed": 58
  },
  "evYield": {
    "hp": 2,
    "attack": 0,
    "defence": 0,
    "special_attack": 0,
    "special_defence": 0,
    "speed": 0
  },
  "baseExperienceYield": 104,
  "experienceGroup": "medium_fast",
  "catchRate": 45,
  "eggCycles": 30,
  "baseFriendship": 50,
  "baseScale": 1.25,
  "hitbox": {
    "width": 2.4,
    "height": 5.1,
    "fixed": false
  },
  "behaviour": {
    "resting": {
      "canSleep": true,
      "light": "0-4"
    },
    "moving": {
      "walk": {
        "walkSpeed": 0.2
      }
    }
  },
  "drops": {
    "amount": 1,
    "entries": [
      {
        "item": "minecraft:dark_oak_sapling",
        "quantityRange": "2-5"
      }
    ]
  },
  "moves": [
    "1:growl",
    "1:leafage",
    "1:rockthrow",
    "1:ancientpower",
    "1:absorb",
    "12:razorleaf",
    "16:round",
    "20:leechseed",
    "24:leaftornado",
    "28:synthesis",
    "32:naturepower",
    "36:energyball",
    "42:leafblade",
    "48:lightscreen",
    "54:floralhealing",
    "60:leafstorm",
    "66:hyperbeam",
    "egg:curse",
    "egg:floralhealing",
    "egg:rockpolish",
    "egg:rockthrow",
    "tm:alluringvoice",
    "tm:ancientpower",
    "tm:aquatail",
    "tm:bodyslam",
    "tm:bulldoze",
    "tm:bulletseed",
    "tm:calmmind",
    "tm:charm",
    "tm:darkpulse",
    "tm:dazzlinggleam",
    "tm:dragontail",
    "tm:drainingkiss",
    "tm:dreameater",
    "tm:earthpower",
    "tm:earthquake",
    "tm:echoedvoice",
    "tm:encore",
    "tm:endure",
    "tm:energyball",
    "tm:facade",
    "tm:flashcannon",
    "tm:gigadrain",
    "tm:gigaimpact",
    "tm:grassknot",
    "tm:grasspledge",
    "tm:grassyglide",
    "tm:grassyterrain",
    "tm:hyperbeam",
    "tm:hypervoice",
    "tm:irondefense",
    "tm:ironhead",
    "tm:irontail",
    "tm:leafstorm",
    "tm:lightscreen",
    "tm:magicalleaf",
    "tm:megadrain",
    "tm:meteorbeam",
    "tm:mistyexplosion",
    "tm:mudshot",
    "tm:naturepower",
    "tm:outrage",
    "tm:painsplit",
    "tm:petalblizzard",
    "tm:playrough",
    "tm:pollenpuff",
    "tm:protect",
    "tm:psychic",
    "tm:psychup",
    "tm:reflect",
    "tm:rest",
    "tm:roar",
    "tm:rockblast",
    "tm:rockpolish",
    "tm:rockslide",
    "tm:rocksmash",
    "tm:rocktomb",
    "tm:round",
    "tm:safeguard",
    "tm:sandstorm",
    "tm:seedbomb",
    "tm:sleeptalk",
    "tm:softboiled",
    "tm:solarbeam",
    "tm:solarblade",
    "tm:stealthrock",
    "tm:stoneedge",
    "tm:substitute",
    "tm:sunnyday",
    "tm:takedown",
    "tm:terablast",
    "tm:trailblaze",
    "tm:zenheadbutt",
    "tutor:ancientpower",
    "tutor:aquatail",
    "tutor:babydolleyes",
    "tutor:bulldoze",
    "tutor:calmmind",
    "tutor:darkpulse",
    "tutor:dazzlinggleam",
    "tutor:earthpower",
    "tutor:energyball",
    "tutor:flashcannon",
    "tutor:gigadrain",
    "tutor:gigaimpact",
    "tutor:grasspledge",
    "tutor:grassyglide",
    "tutor:hyperbeam",
    "tutor:hypervoice",
    "tutor:irondefense",
    "tutor:ironhead",
    "tutor:irontail",
    "tutor:magicalleaf",
    "tutor:meteorbeam",
    "tutor:mistyexplosion",
    "tutor:outrage",
    "tutor:playrough",
    "tutor:psychic",
    "tutor:rest",
    "tutor:rockslide",
    "tutor:rocksmash",
    "tutor:seedbomb",
    "tutor:sleeptalk",
    "tutor:softboiled",
    "tutor:stealthrock",
    "tutor:stoneedge",
    "tutor:synthesis",
    "tutor:worryseed",
    "tutor:zenheadbutt"
  ],
  "preEvolution": "sapsaur",
  "evolutions": []
}
