{
  "implemented": true,
  "name": "Coelosky",
  "primaryType": "rock",
  "secondaryType": "flying",
  "maleRatio": 0.5,
  "height": 14,
  "weight": 320,
  "pokedex": [
    "cobblemon.species.coelosky.desc"
  ],
  "aspects": [],
  "abilities": [
    "sturdy",
    "h:aerilate"
  ],
  "eggGroups": [
    "monster"
  ],
  "baseStats": {
    "hp": 130,
    "attack": 95,
    "defence": 65,
    "special_attack": 65,
    "special_defence": 60,
    "speed": 110
  },
  "evYield": {
    "hp": 2,
    "attack": 0,
    "defence": 0,
    "special_attack": 0,
    "special_defence": 0,
    "speed": 2
  },
  "baseExperienceYield": 72,
  "experienceGroup": "medium_fast",
  "catchRate": 45,
  "eggCycles": 30,
  "baseFriendship": 50,
  "baseScale": 0.7,
  "hitbox": {
    "width": 1.2,
    "height": 2,
    "fixed": false
  },
  "behaviour": {
    "resting": {
      "canSleep": true,
      "light": "0-4"
    },
    "moving": {
      "walk": {
        "walkSpeed": 0.15
      }
    }
  },
  "drops": {
    "amount": 1,
    "entries": [
      {
        "item": "cobblemon:sky_tumblestone",
        "quantityRange": "2-5"
      }
    ]
  },
  "moves": [
    "1:airslash",
    "1:growl",
    "1:scartch",
    "1:gust",
    "6:growl",
    "10:gust",
    "10:rocksmash",
    "15:swift",
    "19:scaryface",
    "24:aerialace",
    "28:ancientpower",
    "28:chipaway",
    "28:slash",
    "30:airslash",
    "36:ancientpower",
    "36:zenheadbutt",
    "43:roost",
    "43:hurricane",
    "51:roost",
    "52:meteorbeam",
    "58:meteorbeam",
    "egg:ancientpower",
    "egg:copycat",
    "egg:crunch",
    "egg:doubleedge",
    "egg:gigaimpact",
    "egg:growl",
    "egg:hyperbeam",
    "egg:leer",
    "egg:mimic",
    "egg:tailwhip",
    "egg:thrash",
    "tm:acrobatics",
    "tm:aerialace",
    "tm:aircutter",
    "tm:airslash",
    "tm:attract",
    "tm:avalanche",
    "tm:blizzard",
    "tm:bounce",
    "tm:bravebird",
    "tm:breakingswipe",
    "tm:brickbreak",
    "tm:captivate",
    "tm:confide",
    "tm:curse",
    "tm:cut",
    "tm:defog",
    "tm:doubleedge",
    "tm:doubleteam",
    "tm:dragoncheer",
    "tm:dragonclaw",
    "tm:dragonpulse",
    "tm:dragontail",
    "tm:dualwingbeat",
    "tm:endeavor",
    "tm:endure",
    "tm:facade",
    "tm:featherdance",
    "tm:fireblast",
    "tm:flamethrower",
    "tm:focusblast",
    "tm:frustration",
    "tm:gigaimpact",
    "tm:hiddenpower",
    "tm:hyperbeam",
    "tm:hurricane",
    "tm:icebeam",
    "tm:icywind",
    "tm:incinerate",
    "tm:irontail",
    "tm:naturalgift",
    "tm:outrage",
    "tm:pluck",
    "tm:protect",
    "tm:raindance",
    "tm:razorwind",
    "tm:rest",
    "tm:return",
    "tm:roar",
    "tm:rockblast",
    "tm:rockclimb",
    "tm:rockpolish",
    "tm:rockslide",
    "tm:rocksmash",
    "tm:rocktomb",
    "tm:roost",
    "tm:round",
    "tm:sandstorm",
    "tm:scaryface",
    "tm:secretpower",
    "tm:shadowclaw",
    "tm:shockwave",
    "tm:skyattack",
    "tm:skydrop",
    "tm:sleeptalk",
    "tm:smackdown",
    "tm:stealthrock",
    "tm:stoneedge",
    "tm:substitute",
    "tm:sunnyday",
    "tm:surf",
    "tm:swagger",
    "tm:swordsdance",
    "tm:tailwind",
    "tm:takedown",
    "tm:terablast",
    "tm:thunder",
    "tm:thunderbolt",
    "tm:toxic",
    "tm:trailblaze",
    "tm:uproar",
    "tm:whirlpool",
    "tm:whirlwind",
    "tutor:aerialace",
    "tutor:aircutter",
    "tutor:ancientpower",
    "tutor:bounce",
    "tutor:defog",
    "tutor:dragonpulse",
    "tutor:dualwingbeat",
    "tutor:endeavor",
    "tutor:icywind",
    "tutor:irontail",
    "tutor:laserfocus",
    "tutor:ominouswind",
    "tutor:outrage",
    "tutor:painsplit",
    "tutor:roost",
    "tutor:shockwave",
    "tutor:skyattack",
    "tutor:sleeptalk",
    "tutor:snore",
    "tutor:spite",
    "tutor:stealthrock",
    "tutor:tailwind",
    "tutor:uproar"
  ],
  "preEvolution": "silestone",
  "evolutions": []
}
