{
  "implemented": true,
  "name": "Comparapede",
  "primaryType": "rock",
  "secondaryType": "electric",
  "maleRatio": 0.125,
  "height": 30,
  "weight": 1200,
  "pokedex": [
    "cobblemon.species.comparapede.desc"
  ],
  "aspects": [],
  "abilities": [
    "swarm",
    "h:voltabsorb"
  ],
  "eggGroups": [
    "bug"
  ],
  "baseStats": {
    "hp": 75,
    "attack": 100,
    "defence": 80,
    "special_attack": 125,
    "special_defence": 70,
    "speed": 45
  },
  "evYield": {
    "hp": 0,
    "attack": 0,
    "defence": 0,
    "special_attack": 2,
    "special_defence": 0,
    "speed": 0
  },
  "baseExperienceYield": 173,
  "experienceGroup": "erratic",
  "catchRate": 45,
  "eggCycles": 30,
  "baseFriendship": 50,
  "baseScale": 1,
  "hitbox": {
    "width": 1.9,
    "height": 2.4,
    "fixed": false
  },
  "behaviour": {
    "moving": {
      "swim": {
        "swimSpeed": 0.3,
        "canBreatheUnderwater": true,
        "canWalkOnWater": true,
        "canSwimInWater": true,
        "canSwimInLava": false
      },
      "walk": {
        "walkSpeed": 0.16
      }
    },
    "resting": {
      "canSleep": true,
      "light": "0-4"
    }
  },
  "drops": {
    "amount": 1,
    "entries": [
      {
        "item": "minecraft:redstone",
        "quantityRange": "2-5"
      }
    ]
  },
  "moves": [
    "1:furycutter",
    "1:harden",
    "1:smackdown",
    "1:tackle",
    "1:thundershock",
    "1:thunderwave",
    "12:bite",
    "16:ancientpower",
    "20:bugbite",
    "24:spark",
    "28:crunch",
    "32:protect",
    "36:stoneedge",
    "43:lunge",
    "48:thunderbolt",
    "egg:bugbite",
    "egg:curse",
    "egg:knockoff",
    "egg:rapidspin",
    "egg:sandattack",
    "egg:thunderbolt",
    "tm:acidspray",
    "tm:aerialace",
    "tm:ancientpower",
    "tm:block",
    "tm:bodyslam",
    "tm:brickbreak",
    "tm:brutalswing",
    "tm:bugbite",
    "tm:bugbuzz",
    "tm:bulldoze",
    "tm:charge",
    "tm:chargebeam",
    "tm:crosspoison",
    "tm:curse",
    "tm:dig",
    "tm:earthpower",
    "tm:earthquake",
    "tm:eerieimpulse",
    "tm:electricterrain",
    "tm:electroball",
    "tm:electroweb",
    "tm:endure",
    "tm:facade",
    "tm:flashcannon",
    "tm:furycutter",
    "tm:gigaimpact",
    "tm:gunkshot",
    "tm:headbutt",
    "tm:hyperbeam",
    "tm:infestation",
    "tm:irondefense",
    "tm:knockoff",
    "tm:leechlife",
    "tm:lunge",
    "tm:meteorbeam",
    "tm:mudshot",
    "tm:mudslap",
    "tm:pinmissile",
    "tm:poisonjab",
    "tm:pollenpuff",
    "tm:pounce",
    "tm:protect",
    "tm:rest",
    "tm:rockblast",
    "tm:rockpolish",
    "tm:rockslide",
    "tm:rocksmash",
    "tm:rocktomb",
    "tm:sandstorm",
    "tm:screech",
    "tm:shockwave",
    "tm:silverwind",
    "tm:skittersmack",
    "tm:sleeptalk",
    "tm:sludgebomb",
    "tm:smackdown",
    "tm:stealthrock",
    "tm:stompingtantrum",
    "tm:stoneedge",
    "tm:strength",
    "tm:stringshot",
    "tm:strugglebug",
    "tm:sludgewave",
    "tm:substitute",
    "tm:sunnyday",
    "tm:supercellslam",
    "tm:superpower",
    "tm:swordsdance",
    "tm:terablast",
    "tm:thunder",
    "tm:thunderbolt",
    "tm:thunderfang",
    "tm:thunderwave",
    "tm:toxic",
    "tm:toxicspikes",
    "tm:uturn",
    "tm:venoshock",
    "tm:voltswitch",
    "tm:wildcharge",
    "tm:xscissor",
    "tm:zapcannon",
    "tutor:aerialace",
    "tutor:ancientpower",
    "tutor:aquatail",
    "tutor:block",
    "tutor:bugbite",
    "tutor:bulldoze",
    "tutor:chargebeam",
    "tutor:corrosivegas",
    "tutor:earthpower",
    "tutor:electroweb",
    "tutor:flashcannon",
    "tutor:furycutter",
    "tutor:gastroacid",
    "tutor:gigaimpact",
    "tutor:gunkshot",
    "tutor:hyperbeam",
    "tutor:irondefense",
    "tutor:knockoff",
    "tutor:leechlife",
    "tutor:magnetrise",
    "tutor:meteorbeam",
    "tutor:mudslap",
    "tutor:poisonjab",
    "tutor:rest",
    "tutor:risingvoltage",
    "tutor:rockslide",
    "tutor:rocksmash",
    "tutor:shockwave",
    "tutor:signalbeam",
    "tutor:skittersmack",
    "tutor:sleeptalk",
    "tutor:sludgebomb",
    "tutor:stealthrock",
    "tutor:stompingtantrum",
    "tutor:stoneedge",
    "tutor:stringshot",
    "tutor:superpower",
    "tutor:thunderbolt",
    "tutor:thunderfang",
    "tutor:thunderwave",
    "tutor:volttackle",
    "tutor:wildcharge",
    "tutor:xscissor"
  ],
  "preEvolution": "arthropeater",
  "evolutions": []
}
