{
  "implemented": true,
  "name": "Dimeazuli",
  "primaryType": "rock",
  "secondaryType": "fairy",
  "maleRatio": 0.875,
  "height": 5,
  "weight": 95,
  "pokedex": [
    "cobblemon.species.dimeazuli.desc"
  ],
  "aspects": [],
  "abilities": [
    "intimidate",
    "aurabreak",
    "h:pixilate"
  ],
  "eggGroups": [
    "monster",
    "amorphous"
  ],
  "baseStats": {
    "hp": 70,
    "attack": 112,
    "defence": 45,
    "special_attack": 74,
    "special_defence": 45,
    "speed": 55
  },
  "evYield": {
    "hp": 0,
    "attack": 1,
    "defence": 0,
    "special_attack": 0,
    "special_defence": 0,
    "speed": 0
  },
  "baseExperienceYield": 71,
  "experienceGroup": "medium_fast",
  "catchRate": 45,
  "eggCycles": 30,
  "baseFriendship": 50,
  "baseScale": 0.55,
  "hitbox": {
    "width": 0.5,
    "height": 0.4,
    "fixed": false
  },
  "behaviour": {
    "moving": {
      "moving" : {
        "walk": {
          "walkSpeed": 0.15
        }
      },
    "resting": {
      "canSleep": true,
      "light": "0-4"
    }
  }
},
  "drops": {
    "amount": 1,
    "entries": [
      {
        "item": "minecraft:lapis_lazuli",
        "quantityRange": "1-2"
      }
    ]
  },
  "moves": [
    "1:growl",
    "1:scratch",
    "5:tackle",
    "10:bite",
    "15:fairywind",
    "20:sandattack",
    "25:crunch",
    "30:ancientpower",
    "35:dazzlinggleam",
    "41:protect",
    "45:rockslide",
    "50:moonlight",
    "55:moonblast",
    "60:stoneedge",
    "egg:confuseray",
    "egg:fairywind",
    "egg:flail",
    "egg:foresight",
    "egg:knockoff",
    "egg:slash",
    "egg:takedown",
    "tm:aerialace",
    "tm:alluringvoice",
    "tm:ancientpower",
    "tm:bodyslam",
    "tm:calmmind",
    "tm:charm",
    "tm:confuseray",
    "tm:cut",
    "tm:dazzlinggleam",
    "tm:dig",
    "tm:disarmingvoice",
    "tm:dragonclaw",
    "tm:dragontail",
    "tm:drainingkiss",
    "tm:earthpower",
    "tm:earthquake",
    "tm:endure",
    "tm:facade",
    "tm:firefang",
    "tm:honeclaws",
    "tm:icefang",
    "tm:irondefense",
    "tm:irontail",
    "tm:knockoff",
    "tm:metalclaw",
    "tm:metalsound",
    "tm:meteorbeam",
    "tm:mistyterrain",
    "tm:mudshot",
    "tm:mudslap",
    "tm:playrough",
    "tm:poisontail",
    "tm:protect",
    "tm:psychicfangs",
    "tm:rest",
    "tm:rockblast",
    "tm:rockpolish",
    "tm:rockslide",
    "tm:rocksmash",
    "tm:rocktomb",
    "tm:rollout",
    "tm:sandstorm",
    "tm:screech",
    "tm:shadowclaw",
    "tm:sleeptalk",
    "tm:smackdown",
    "tm:stealthrock",
    "tm:stoneedge",
    "tm:substitute",
    "tm:superfang",
    "tm:swift",
    "tm:swordsdance",
    "tm:tailslap",
    "tm:takedown",
    "tm:terablast",
    "tm:thunderfang",
    "tutor:aerialace",
    "tutor:ancientpower",
    "tutor:aquatail",
    "tutor:babydolleyes",
    "tutor:calmmind",
    "tutor:earthpower",
    "tutor:firefang",
    "tutor:icefang",
    "tutor:irondefense",
    "tutor:irontail",
    "tutor:knockoff",
    "tutor:meteorbeam",
    "tutor:mistyexplosion",
    "tutor:mudslap",
    "tutor:rest",
    "tutor:rockslide",
    "tutor:rocksmash",
    "tutor:rollout",
    "tutor:shadowclaw",
    "tutor:sleeptalk",
    "tutor:stealthrock",
    "tutor:stoneedge",
    "tutor:superfang",
    "tutor:swift",
    "tutor:swordsdance",
    "tutor:thunderfang"
  ],
  "evolutions": [
    {
      "id": "dimeazuli_dimetrochant",
      "variant": "level_up",
      "result": "dimetrochant",
      "consumeHeldItem": false,
      "learnableMoves": [
        "slash"
      ],
      "requirements": [
        {
          "variant": "level",
          "minLevel": 40
        }
      ]
    }
  ]
}
