{
  "implemented": true,
  "name": "Dimetrochant",
  "primaryType": "rock",
  "secondaryType": "fairy",
  "maleRatio": 0.125,
  "height": 14,
  "weight": 320,
  "pokedex": [
    "cobblemon.species.dimetrochant.desc"
  ],
  "aspects": [],
  "abilities": [
    "intimidate",
    "aurabreak",
    "h:pixilate"
  ],
  "eggGroups": [
    "monster",
    "amorphous"
  ],
  "baseStats": {
    "hp": 110,
    "attack": 140,
    "defence": 65,
    "special_attack": 112,
    "special_defence": 65,
    "speed": 75
  },
  "evYield": {
    "hp": 0,
    "attack": 2,
    "defence": 0,
    "special_attack": 0,
    "special_defence": 0,
    "speed": 0
  },
  "baseExperienceYield": 173,
  "experienceGroup": "medium_fast",
  "catchRate": 45,
  "eggCycles": 30,
  "baseFriendship": 50,
  "baseScale": 1,
  "hitbox": {
    "width": 1.2,
    "height": 1.72,
    "fixed": false
  },
  "behaviour": {
    "moving": {
      "walk": {
        "walkSpeed": 0.35
      }
    },
    "resting": {
      "canSleep": true,
      "light": "0-4"
    }
  },
  "drops": {
    "amount": 1,
    "entries": [
      {
        "item": "minecraft:lapis_lazuli",
        "quantityRange": "2-5"
      }
    ]
  },
  "moves": [
    "1:bite",
    "1:feint",
    "1:growl",
    "1:sandattack",
    "1:scratch",
    "1:slash",
    "1:tackle",
    "15:fairywind",
    "20:sandattack",
    "25:crunch",
    "30:ancientpower",
    "35:dazzlinggleam",
    "43:protect",
    "49:rockslide",
    "56:moonlight",
    "63:moonblast",
    "70:stoneedge",
    "egg:confuseray",
    "egg:fairywind",
    "egg:flail",
    "egg:foresight",
    "egg:knockoff",
    "egg:slash",
    "egg:takedown",
    "tm:aerialace",
    "tm:alluringvoice",
    "tm:ancientpower",
    "tm:bodyslam",
    "tm:brickbreak",
    "tm:calmmind",
    "tm:charm",
    "tm:confuseray",
    "tm:cut",
    "tm:dazzlinggleam",
    "tm:dig",
    "tm:disarmingvoice",
    "tm:dragonclaw",
    "tm:dragontail",
    "tm:drainingkiss",
    "tm:earthpower",
    "tm:earthquake",
    "tm:endure",
    "tm:facade",
    "tm:firefang",
    "tm:gigaimpact",
    "tm:headbutt",
    "tm:honeclaws",
    "tm:hyperbeam",
    "tm:icefang",
    "tm:irondefense",
    "tm:irontail",
    "tm:knockoff",
    "tm:metalclaw",
    "tm:metalsound",
    "tm:meteorbeam",
    "tm:mistyterrain",
    "tm:mudshot",
    "tm:mudslap",
    "tm:naturepower",
    "tm:playrough",
    "tm:poisontail",
    "tm:protect",
    "tm:psychicfangs",
    "tm:rest",
    "tm:rockblast",
    "tm:rockclimb",
    "tm:rockpolish",
    "tm:rockslide",
    "tm:rocksmash",
    "tm:rocktomb",
    "tm:rollout",
    "tm:sandstorm",
    "tm:screech",
    "tm:shadowclaw",
    "tm:sleeptalk",
    "tm:smackdown",
    "tm:stealthrock",
    "tm:stoneedge",
    "tm:substitute",
    "tm:superfang",
    "tm:superpower",
    "tm:swift",
    "tm:swordsdance",
    "tm:tailslap",
    "tm:takedown",
    "tm:terablast",
    "tm:thunderfang",
    "tutor:aerialace",
    "tutor:ancientpower",
    "tutor:aquatail",
    "tutor:babydolleyes",
    "tutor:calmmind",
    "tutor:earthpower",
    "tutor:firefang",
    "tutor:gigaimpact",
    "tutor:hyperbeam",
    "tutor:icefang",
    "tutor:irondefense",
    "tutor:irontail",
    "tutor:knockoff",
    "tutor:meteorbeam",
    "tutor:mistyexplosion",
    "tutor:mudslap",
    "tutor:rest",
    "tutor:rockslide",
    "tutor:rocksmash",
    "tutor:rollout",
    "tutor:shadowclaw",
    "tutor:sleeptalk",
    "tutor:stealthrock",
    "tutor:stoneedge",
    "tutor:superfang",
    "tutor:superpower",
    "tutor:swift",
    "tutor:swordsdance",
    "tutor:thunderfang"
  ],
  "preEvolution": "dimeazuli",
  "evolutions": []
}
