{
  "implemented": true,
  "name": "Dirtops",
  "primaryType": "rock",
  "secondaryType": "psychic",
  "maleRatio": 0.875,
  "height": 5,
  "weight": 570,
  "pokedex": [
    "cobblemon.species.dirtops.desc"
  ],
  "aspects": [],
  "abilities": [
    "sturdy",
    "h:soundproof"
  ],
  "eggGroups": [
    "monster"
  ],
  "baseStats": {
    "hp": 77,
    "attack": 67,
    "defence": 63,
    "special_attack": 59,
    "special_defence": 50,
    "speed": 46
  },
  "evYield": {
    "hp": 0,
    "attack": 0,
    "defence": 1,
    "special_attack": 0,
    "special_defence": 0,
    "speed": 0
  },
  "baseExperienceYield": 72,
  "experienceGroup": "medium_fast",
  "catchRate": 45,
  "eggCycles": 30,
  "baseFriendship": 50,
  "baseScale": 1,
  "hitbox": {
    "width": 1.0,
    "height": 1.37,
    "fixed": false
  },
  "behaviour": {
    "resting": {
      "canSleep": true,
      "light": "0-4"
    },
    "moving": {
      "walk": {
        "walkSpeed": 0.16
      }
    }
  },
  "drops": {
    "amount": 1,
    "entries": [
      {
        "item": "minecraft:emerald",
        "quantityRange": "1-2"
      }
    ]
  },
  "moves": [
    "1:growl",
    "1:tackle",
    "1:rockthrow",
    "4:protect",
    "8:ancientpower",
    "12:confusion",
    "16:hornattack",
    "20:irondefense",
    "24:psyshieldbash",
    "28:lightscreen",
    "32:zenheadbutt",
    "36:calmmind",
    "40:psychic",
    "44:thrash",
    "48:horndrill",
    "52:futuresight",
    "56:gigaimpact",
    "egg:curse",
    "egg:headbutt",
    "egg:rockpolish",
    "egg:rockthrow",
    "tm:agility",
    "tm:allyswitch",
    "tm:amnesia",
    "tm:ancientpower",
    "tm:block",
    "tm:bodyslam",
    "tm:brickbreak",
    "tm:bulldoze",
    "tm:calmmind",
    "tm:charm",
    "tm:closecombat",
    "tm:curse",
    "tm:dig",
    "tm:dreameater",
    "tm:drillrun",
    "tm:earthpower",
    "tm:earthquake",
    "tm:endure",
    "tm:expandingforce",
    "tm:facade",
    "tm:fissure",
    "tm:gravity",
    "tm:guardswap",
    "tm:hypervoice",
    "tm:imprison",
    "tm:irondefense",
    "tm:ironhead",
    "tm:lightscreen",
    "tm:magicroom",
    "tm:meteorbeam",
    "tm:mudshot",
    "tm:mudslap",
    "tm:outrage",
    "tm:playrough",
    "tm:powerswap",
    "tm:protect",
    "tm:psybeam",
    "tm:psychic",
    "tm:psychicnoise",
    "tm:psychicterrain",
    "tm:psychocut",
    "tm:psyshock",
    "tm:psywave",
    "tm:reflect",
    "tm:rest",
    "tm:roar",
    "tm:rockblast",
    "tm:rockpolish",
    "tm:rockslide",
    "tm:rocksmash",
    "tm:rocktomb",
    "tm:sandstorm",
    "tm:sandtomb",
    "tm:scaryface",
    "tm:scorchingsands",
    "tm:skillswap",
    "tm:sleeptalk",
    "tm:speedswap",
    "tm:spikes",
    "tm:stealthrock",
    "tm:stompingtantrum",
    "tm:stoneedge",
    "tm:storedpower",
    "tm:strength",
    "tm:substitute",
    "tm:sunnyday",
    "tm:superpower",
    "tm:telekinesis",
    "tm:teleport",
    "tm:terablast",
    "tm:trick",
    "tm:trickroom",
    "tm:wonderroom",
    "tm:zenheadbutt",
    "tutor:allyswitch",
    "tutor:ancientpower",
    "tutor:block",
    "tutor:bulldoze",
    "tutor:calmmind",
    "tutor:dreameater",
    "tutor:drillrun",
    "tutor:earthpower",
    "tutor:expandingforce",
    "tutor:gravity",
    "tutor:hypervoice",
    "tutor:irondefense",
    "tutor:ironhead",
    "tutor:magiccoat",
    "tutor:magicroom",
    "tutor:meteorbeam",
    "tutor:mudslap",
    "tutor:outrage",
    "tutor:playrough",
    "tutor:psychic",
    "tutor:psychocut",
    "tutor:rest",
    "tutor:rockslide",
    "tutor:rocksmash",
    "tutor:roleplay",
    "tutor:scorchingsands",
    "tutor:skillswap",
    "tutor:sleeptalk",
    "tutor:spikes",
    "tutor:stealthrock",
    "tutor:stompingtantrum",
    "tutor:stoneedge",
    "tutor:superpower",
    "tutor:telekinesis",
    "tutor:trick",
    "tutor:wonderroom",
    "tutor:zenheadbutt"
  ],
  "evolutions": [
    {
      "id": "dirtops_triceraearth",
      "variant": "level_up",
      "result": "triceraearth",
      "consumeHeldItem": false,
      "learnableMoves": [
        "psyshieldbash"
      ],
      "requirements": [
        {
          "variant": "level",
          "minLevel": 39
        }
      ]
    }
  ]
}
