{
  "implemented": true,
  "name": "Edaphosedi",
  "primaryType": "rock",
  "secondaryType": "water",
  "maleRatio": 0.125,
  "height": 14,
  "weight": 320,
  "pokedex": [
    "cobblemon.species.edaphosedi.desc"
  ],
  "aspects": [],
  "abilities": [
    "waterabsorb",
    "h:sturdy"
  ],
  "eggGroups": [
    "monster",
    "water_1"
  ],
  "baseStats": {
    "hp": 138,
    "attack": 52,
    "defence": 168,
    "special_attack": 47,
    "special_defence": 30,
    "speed": 60
  },
  "evYield": {
    "hp": 0,
    "attack": 0,
    "defence": 2,
    "special_attack": 0,
    "special_defence": 0,
    "speed": 0
  },
  "baseExperienceYield": 173,
  "experienceGroup": "erratic",
  "catchRate": 45,
  "eggCycles": 30,
  "baseFriendship": 50,
  "baseScale": 1,
  "hitbox": {
    "width": 1.2,
    "height": 1.72,
    "fixed": false
  },
  "behaviour": {
    "resting": {
      "canSleep": true,
      "willSleepOnBed": true,
      "depth": "normal",
      "light": "0-4"
    },
    "moving": {
      "walk": {
        "walkSpeed": 0.35
      },
      "swim": {
        "canSwimInWater": true,
        "canBreatheUnderwater": true
      }
    }
  },
  "drops": {
    "amount": 1,
    "entries": [
      {
        "item": "cobblemon:water_stone",
        "quantityRange": "2-5"
      }
    ]
  },
  "moves": [
    "1:aquatail",
    "1:block",
    "1:protect",
    "1:tackle",
    "1:watergun",
    "1:withdraw",
    "15:takedown",
    "19:irondefense",
    "24:aquajet",
    "28:ancientpower",
    "36:aquaring",
    "43:waterpulse",
    "51:stoneedge",
    "58:hydropump",
    "egg:aquajet",
    "egg:counter",
    "egg:focusenergy",
    "egg:guardsplit",
    "egg:headbutt",
    "egg:screech",
    "egg:wideguard",
    "tm:ancientpower",
    "tm:avalanche",
    "tm:blizzard",
    "tm:block",
    "tm:bodypress",
    "tm:bodyslam",
    "tm:brine",
    "tm:bubblebeam",
    "tm:bulldoze",
    "tm:chillingwater",
    "tm:curse",
    "tm:dig",
    "tm:dive",
    "tm:doubleedge",
    "tm:earthpower",
    "tm:earthquake",
    "tm:endure",
    "tm:facade",
    "tm:focusenergy",
    "tm:frostbreath",
    "tm:gigaimpact",
    "tm:headbutt",
    "tm:hydropump",
    "tm:hyperbeam",
    "tm:icebeam",
    "tm:irondefense",
    "tm:ironhead",
    "tm:irontail",
    "tm:liquidation",
    "tm:magiccoat",
    "tm:meteorbeam",
    "tm:muddywater",
    "tm:mudslap",
    "tm:outrage",
    "tm:powergem",
    "tm:powershift",
    "tm:protect",
    "tm:raindance",
    "tm:razorshell",
    "tm:reflect",
    "tm:rest",
    "tm:reversal",
    "tm:roar",
    "tm:rockblast",
    "tm:rockpolish",
    "tm:rockslide",
    "tm:rocksmash",
    "tm:rocktomb",
    "tm:sandstorm",
    "tm:sandtomb",
    "tm:scald",
    "tm:scaryface",
    "tm:scorchingsands",
    "tm:screech",
    "tm:sleeptalk",
    "tm:smackdown",
    "tm:stealthrock",
    "tm:stompingtantrum",
    "tm:stoneedge",
    "tm:strength",
    "tm:substitute",
    "tm:surf",
    "tm:swagger",
    "tm:takedown",
    "tm:terablast",
    "tm:trailblaze",
    "tm:waterfall",
    "tm:watergun",
    "tm:waterpledge",
    "tm:waterpulse",
    "tm:whirlpool",
    "tm:zenheadbutt",
    "tutor:ancientpower",
    "tutor:aquatail",
    "tutor:block",
    "tutor:bulldoze",
    "tutor:dive",
    "tutor:earthpower",
    "tutor:focusenergy",
    "tutor:gigaimpact",
    "tutor:hyperbeam",
    "tutor:iceball",
    "tutor:icebeam",
    "tutor:irondefense",
    "tutor:ironhead",
    "tutor:irontail",
    "tutor:liquidation",
    "tutor:magiccoat",
    "tutor:meteorbeam",
    "tutor:mudslap",
    "tutor:outrage",
    "tutor:powershift",
    "tutor:rest",
    "tutor:rockslide",
    "tutor:rocksmash",
    "tutor:scorchingsands",
    "tutor:sleeptalk",
    "tutor:stealthrock",
    "tutor:stompingtantrum",
    "tutor:stoneedge",
    "tutor:waterpledge",
    "tutor:waterpulse",
    "tutor:zenheadbutt"
  ],
  "preEvolution": "edastone",
  "evolutions": []
}
