{
  "implemented": true,
  "name": "Edastone",
  "primaryType": "rock",
  "secondaryType": "Water",
  "maleRatio": 0.125,
  "height": 5,
  "weight": 95,
  "pokedex": [
    "cobblemon.species.edastone.desc"
  ],
  "aspects": [],
  "abilities": [
    "waterabsorb",
    "h:sturdy"
  ],
  "eggGroups": [
    "monster",
    "water_1"
  ],
  "baseStats": {
    "hp": 88,
    "attack": 42,
    "defence": 118,
    "special_attack": 30,
    "special_defence": 30,
    "speed": 42
  },
  "evYield": {
    "hp": 0,
    "attack": 0,
    "defence": 1,
    "special_attack": 0,
    "special_defence": 0,
    "speed": 0
  },
  "baseExperienceYield": 70,
  "experienceGroup": "erratic",
  "catchRate": 45,
  "eggCycles": 30,
  "baseFriendship": 50,
  "baseScale": 0.55,
  "hitbox": {
    "width": 0.5,
    "height": 0.4,
    "fixed": false
  },
  "behaviour": {
    "resting": {
      "canSleep": true,
      "willSleepOnBed": true,
      "depth": "normal",
      "light": "0-4"
    },
    "moving": {
      "walk": {
        "walkSpeed": 0.19
      },
      "swim": {
        "canSwimInWater": true,
        "canBreatheUnderwater": true
      }
    }
  },
  "drops": {
    "amount": 1,
    "entries": [
      {
        "item": "cobblemon:water_stone",
        "quantityRange": "1-2"
      }
    ]
  },
  "moves": [
    "1:tackle",
    "1:withdraw",
    "6:watergun",
    "10:protect",
    "15:takedown",
    "19:irondefense",
    "24:aquajet",
    "28:ancientpower",
    "33:aquaring",
    "37:waterpulse",
    "42:stoneedge",
    "46:hydropump",
    "egg:aquajet",
    "egg:counter",
    "egg:focusenergy",
    "egg:guardsplit",
    "egg:headbutt",
    "egg:screech",
    "egg:wideguard",
    "tm:ancientpower",
    "tm:avalanche",
    "tm:blizzard",
    "tm:block",
    "tm:bodyslam",
    "tm:brine",
    "tm:bubblebeam",
    "tm:bulldoze",
    "tm:chillingwater",
    "tm:curse",
    "tm:dig",
    "tm:dive",
    "tm:doubleedge",
    "tm:earthpower",
    "tm:earthquake",
    "tm:endure",
    "tm:facade",
    "tm:focusenergy",
    "tm:frostbreath",
    "tm:headbutt",
    "tm:hydropump",
    "tm:icebeam",
    "tm:irondefense",
    "tm:ironhead",
    "tm:irontail",
    "tm:liquidation",
    "tm:magiccoat",
    "tm:meteorbeam",
    "tm:muddywater",
    "tm:mudslap",
    "tm:powergem",
    "tm:powershift",
    "tm:protect",
    "tm:raindance",
    "tm:razorshell",
    "tm:reflect",
    "tm:rest",
    "tm:roar",
    "tm:rockblast",
    "tm:rockpolish",
    "tm:rockslide",
    "tm:rocksmash",
    "tm:rocktomb",
    "tm:sandstorm",
    "tm:sandtomb",
    "tm:scald",
    "tm:scaryface",
    "tm:scorchingsands",
    "tm:screech",
    "tm:sleeptalk",
    "tm:smackdown",
    "tm:stealthrock",
    "tm:stompingtantrum",
    "tm:stoneedge",
    "tm:strength",
    "tm:substitute",
    "tm:surf",
    "tm:swagger",
    "tm:takedown",
    "tm:terablast",
    "tm:trailblaze",
    "tm:waterfall",
    "tm:watergun",
    "tm:waterpledge",
    "tm:waterpulse",
    "tm:whirlpool",
    "tm:zenheadbutt",
    "tutor:ancientpower",
    "tutor:aquatail",
    "tutor:block",
    "tutor:bulldoze",
    "tutor:dive",
    "tutor:earthpower",
    "tutor:focusenergy",
    "tutor:iceball",
    "tutor:icebeam",
    "tutor:irondefense",
    "tutor:ironhead",
    "tutor:irontail",
    "tutor:liquidation",
    "tutor:magiccoat",
    "tutor:meteorbeam",
    "tutor:mudslap",
    "tutor:powershift",
    "tutor:rest",
    "tutor:rockslide",
    "tutor:rocksmash",
    "tutor:scorchingsands",
    "tutor:sleeptalk",
    "tutor:stealthrock",
    "tutor:stompingtantrum",
    "tutor:stoneedge",
    "tutor:waterpledge",
    "tutor:waterpulse",
    "tutor:zenheadbutt"
  ],
  "evolutions": [
    {
      "id": "edastone_edaphosedi",
      "variant": "level_up",
      "result": "edastone",
      "consumeHeldItem": false,
      "learnableMoves": [
        "aquatail"
      ],
      "requirements": [
        {
          "variant": "level",
          "minLevel": 30
        }
      ]
    }
  ]
}
