{
  "implemented": true,
  "name": "Giganotodread",
  "primaryType": "rock",
  "secondaryType": "dark",
  "maleRatio": 0.875,
  "height": 25,
  "weight": 2700,
  "pokedex": [
    "cobblemon.species.giganotodread.desc"
  ],
  "aspects": [],
  "abilities": [
    "strongjaw",
    "h:rockhead"
  ],
  "eggGroups": [
    "monster",
    "dragon"
  ],
  "baseStats": {
    "hp": 82,
    "attack": 119,
    "defence": 69,
    "special_attack": 121,
    "special_defence": 59,
    "speed": 71
  },
  "evYield": {
    "hp": 0,
    "attack": 0,
    "defence": 0,
    "special_attack": 2,
    "special_defence": 0,
    "speed": 0
  },
  "baseExperienceYield": 182,
  "experienceGroup": "medium_fast",
  "catchRate": 45,
  "eggCycles": 30,
  "baseFriendship": 50,
  "baseScale": 1,
  "hitbox": {
    "width": 3.05,
    "height": 4.65,
    "fixed": false
  },
  "behaviour": {
    "resting": {
      "canSleep": true,
      "light": "0-4"
    },
    "moving": {
      "walk": {
        "walkSpeed": 0.27
      },
      "swim": {
        "canSwimInLava": true
      }
    }
  },
  "drops": {
    "amount": 1,
    "entries": [
        {
            "item": "minecraft:gold_ingot",
            "quantityRange": "2-5"
          },
          {
            "item": "minecraft:blackstone",
            "quantityRange": "2-5"
          }
    ]
  },
  "moves": [
    "1:tailwhip",
    "1:tackle",
    "1:roar",
    "1:bide",
    "1:ancientpower",
    "12:charm",
    "16:bite",
    "20:assurance",
    "24:stomp",
    "28:rockslide",
    "32:crunch",
    "36:darkpulse",
    "42:thrash",
    "48:earthquake",
    "54:horndrill",
    "60:gigaimpact",
    "66:headsmash",
    "egg:curse",
    "egg:firefang",
    "egg:rockpolish",
    "egg:rockthrow",
    "tm:aerialace",
    "tm:ancientpower",
    "tm:assurance",
    "tm:beatup",
    "tm:block",
    "tm:bodyslam",
    "tm:brickbreak",
    "tm:brutalswing",
    "tm:bulldoze",
    "tm:burningjealousy",
    "tm:charm",
    "tm:closecombat",
    "tm:confuseray",
    "tm:crunch",
    "tm:curse",
    "tm:darkpulse",
    "tm:dig",
    "tm:dragonclaw",
    "tm:dragontail",
    "tm:earthpower",
    "tm:earthquake",
    "tm:embargo",
    "tm:endure",
    "tm:facade",
    "tm:faketears",
    "tm:fireblast",
    "tm:firefang",
    "tm:firepledge",
    "tm:firespin",
    "tm:flamecharge",
    "tm:flamethrower",
    "tm:flareblitz",
    "tm:fling",
    "tm:foulplay",
    "tm:gigaimpact",
    "tm:heatcrash",
    "tm:heatwave",
    "tm:hex",
    "tm:highhorsepower",
    "tm:honeclaws",
    "tm:hyperbeam",
    "tm:hypervoice",
    "tm:icefang",
    "tm:incinerate",
    "tm:irondefense",
    "tm:ironhead",
    "tm:irontail",
    "tm:knockoff",
    "tm:lashout",
    "tm:meteorbeam",
    "tm:mysticalfire",
    "tm:nastyplot",
    "tm:nightmare",
    "tm:nightshade",
    "tm:outrage",
    "tm:overheat",
    "tm:payback",
    "tm:phantomforce",
    "tm:playrough",
    "tm:poltergeist",
    "tm:protect",
    "tm:psychicfangs",
    "tm:quash",
    "tm:rest",
    "tm:roar",
    "tm:rockblast",
    "tm:rockpolish",
    "tm:rockslide",
    "tm:rocksmash",
    "tm:rocktomb",
    "tm:sandstorm",
    "tm:scaryface",
    "tm:shadowball",
    "tm:shadowclaw",
    "tm:sleeptalk",
    "tm:snarl",
    "tm:snatch",
    "tm:spite",
    "tm:stealthrock",
    "tm:stompingtantrum",
    "tm:stoneedge",
    "tm:strength",
    "tm:substitute",
    "tm:superpower",
    "tm:taunt",
    "tm:temperflare",
    "tm:terablast",
    "tm:thief",
    "tm:throatchop",
    "tm:thunderfang",
    "tm:torment",
    "tm:willowisp",
    "tm:zenheadbutt",
    "tutor:aerialace",
    "tutor:ancientpower",
    "tutor:block",
    "tutor:bulldoze",
    "tutor:burningjealousy",
    "tutor:darkpulse",
    "tutor:earthpower",
    "tutor:firefang",
    "tutor:firepledge",
    "tutor:flamethrower",
    "tutor:foulplay",
    "tutor:gigaimpact",
    "tutor:heatwave",
    "tutor:highhorsepower",
    "tutor:hyperbeam",
    "tutor:hypervoice",
    "tutor:icefang",
    "tutor:irondefense",
    "tutor:ironhead",
    "tutor:irontail",
    "tutor:knockoff",
    "tutor:lashout",
    "tutor:meteorbeam",
    "tutor:mysticalfire",
    "tutor:ominouswind",
    "tutor:outrage",
    "tutor:playrough",
    "tutor:poltergeist",
    "tutor:psychic",
    "tutor:rest",
    "tutor:rockslide",
    "tutor:rocksmash",
    "tutor:shadowball",
    "tutor:shadowclaw",
    "tutor:sleeptalk",
    "tutor:snarl",
    "tutor:snatch",
    "tutor:spite",
    "tutor:stealthrock",
    "tutor:stompingtantrum",
    "tutor:stoneedge",
    "tutor:suckerpunch",
    "tutor:superpower",
    "tutor:throatchop",
    "tutor:thunderfang",
    "tutor:zenheadbutt"
  ],
  "preEvolution": "gigant",
  "evolutions": []
}
