{
  "implemented": true,
  "name": "Gigant",
  "primaryType": "rock",
  "secondaryType": "dark",
  "maleRatio": 0.875,
  "height": 8,
  "weight": 260,
  "pokedex": [
    "cobblemon.species.gigant.desc"
  ],
  "aspects": [],
  "abilities": [
    "strongjaw",
    "h:sturdy"
  ],
  "eggGroups": [
    "monster",
    "dragon"
  ],
  "baseStats": {
    "hp": 58,
    "attack": 77,
    "defence": 45,
    "special_attack": 89,
    "special_defence": 45,
    "speed": 48
  },
  "evYield": {
    "hp": 0,
    "attack": 0,
    "defence": 0,
    "special_attack": 1,
    "special_defence": 0,
    "speed": 0
  },
  "baseExperienceYield": 72,
  "experienceGroup": "medium_fast",
  "catchRate": 45,
  "eggCycles": 30,
  "baseFriendship": 50,
  "baseScale": 1,
  "hitbox": {
    "width": 1.1,
    "height": 1.45,
    "fixed": false
  },
  "behaviour": {
    "resting": {
      "canSleep": true,
      "light": "0-4"
    },
    "moving": {
      "walk": {
        "walkSpeed": 0.19
      },
      "swim": {
        "canSwimInLava": true
      }
    }
  },
  "drops": {
    "amount": 1,
    "entries": [
        {
            "item": "minecraft:gold_ingot",
            "quantityRange": "1-2"
          },
          {
            "item": "minecraft:blackstone",
            "quantityRange": "1-2"
          }
    ]
  },
  "moves": [
    "1:tailwhip",
    "1:tackle",
    "1:bide",
    "4:roar",
    "8:ancientpower",
    "12:charm",
    "16:bite",
    "20:assurance",
    "24:stomp",
    "28:rockslide",
    "32:crunch",
    "36:darkpulse",
    "40:thrash",
    "44:earthquake",
    "48:horndrill",
    "egg:curse",
    "egg:firefang",
    "egg:rockpolish",
    "egg:rockthrow",
    "tm:aerialace",
    "tm:ancientpower",
    "tm:assurance",
    "tm:beatup",
    "tm:block",
    "tm:bodyslam",
    "tm:brickbreak",
    "tm:brutalswing",
    "tm:bulldoze",
    "tm:burningjealousy",
    "tm:charm",
    "tm:closecombat",
    "tm:confuseray",
    "tm:crunch",
    "tm:curse",
    "tm:darkpulse",
    "tm:dig",
    "tm:dragonclaw",
    "tm:dragontail",
    "tm:earthpower",
    "tm:earthquake",
    "tm:embargo",
    "tm:endure",
    "tm:facade",
    "tm:faketears",
    "tm:fireblast",
    "tm:firefang",
    "tm:firepledge",
    "tm:firespin",
    "tm:flamecharge",
    "tm:flamethrower",
    "tm:fling",
    "tm:foulplay",
    "tm:heatcrash",
    "tm:heatwave",
    "tm:hex",
    "tm:honeclaws",
    "tm:hypervoice",
    "tm:icefang",
    "tm:incinerate",
    "tm:irondefense",
    "tm:ironhead",
    "tm:irontail",
    "tm:knockoff",
    "tm:lashout",
    "tm:meteorbeam",
    "tm:mysticalfire",
    "tm:nastyplot",
    "tm:nightmare",
    "tm:nightshade",
    "tm:outrage",
    "tm:overheat",
    "tm:payback",
    "tm:phantomforce",
    "tm:playrough",
    "tm:poltergeist",
    "tm:protect",
    "tm:psychicfangs",
    "tm:quash",
    "tm:rest",
    "tm:roar",
    "tm:rockblast",
    "tm:rockpolish",
    "tm:rockslide",
    "tm:rocksmash",
    "tm:rocktomb",
    "tm:sandstorm",
    "tm:scaryface",
    "tm:shadowball",
    "tm:shadowclaw",
    "tm:sleeptalk",
    "tm:snarl",
    "tm:snatch",
    "tm:spite",
    "tm:stealthrock",
    "tm:stompingtantrum",
    "tm:stoneedge",
    "tm:strength",
    "tm:substitute",
    "tm:superpower",
    "tm:taunt",
    "tm:temperflare",
    "tm:terablast",
    "tm:thief",
    "tm:throatchop",
    "tm:thunderfang",
    "tm:torment",
    "tm:willowisp",
    "tm:zenheadbutt",
    "tutor:aerialace",
    "tutor:ancientpower",
    "tutor:block",
    "tutor:bulldoze",
    "tutor:burningjealousy",
    "tutor:darkpulse",
    "tutor:earthpower",
    "tutor:firefang",
    "tutor:firepledge",
    "tutor:flamethrower",
    "tutor:foulplay",
    "tutor:heatwave",
    "tutor:hypervoice",
    "tutor:icefang",
    "tutor:irondefense",
    "tutor:ironhead",
    "tutor:irontail",
    "tutor:knockoff",
    "tutor:lashout",
    "tutor:meteorbeam",
    "tutor:mysticalfire",
    "tutor:ominouswind",
    "tutor:outrage",
    "tutor:playrough",
    "tutor:poltergeist",
    "tutor:psychic",
    "tutor:rest",
    "tutor:rockslide",
    "tutor:rocksmash",
    "tutor:shadowball",
    "tutor:shadowclaw",
    "tutor:sleeptalk",
    "tutor:snarl",
    "tutor:snatch",
    "tutor:spite",
    "tutor:stealthrock",
    "tutor:stompingtantrum",
    "tutor:stoneedge",
    "tutor:suckerpunch",
    "tutor:superpower",
    "tutor:throatchop",
    "tutor:thunderfang",
    "tutor:zenheadbutt"
  ],
  "evolutions": [
    {
      "id": "gigant_giganotodread",
      "variant": "level_up",
      "result": "giganotodread",
      "consumeHeldItem": false,
      "learnableMoves": [
        "rockslide"
      ],
      "requirements": [
        {
          "variant": "level",
          "minLevel": 39
        },
        {
          "variant": "time_range",
          "range": "night"
        }
      ]
    }
  ]
}
