{
  "implemented": true,
  "name": "Gorgorok",
  "primaryType": "rock",
  "secondaryType": "fire",
  "maleRatio": 0.875,
  "height": 5,
  "weight": 115,
  "pokedex": [
    "cobblemon.species.gorgorok.desc"
  ],
  "aspects": [],
  "abilities": [
    "blaze",
    "flashfire",
    "h:wellbakedbody"
  ],
  "eggGroups": [
    "monster"
  ],
  "baseStats": {
    "hp": 67,
    "attack": 40,
    "defence": 30,
    "special_attack": 125,
    "special_defence": 30,
    "speed": 58
  },
  "evYield": {
    "hp": 0,
    "attack": 0,
    "defence": 0,
    "special_attack": 1,
    "special_defence": 0,
    "speed": 0
  },
  "baseExperienceYield": 70,
  "experienceGroup": "erratic",
  "catchRate": 45,
  "eggCycles": 30,
  "baseFriendship": 50,
  "baseScale": 0.75,
  "hitbox": {
    "width": 0.5,
    "height": 0.4,
    "fixed": false
  },
  "behaviour": {
    "resting": {
      "canSleep": true,
      "light": "0-4"
    },
    "moving": {
      "walk": {
        "walkSpeed": 0.19
      },
      "swim": {
        "canSwimInLava": true
      }
    }
  },
  "drops": {
    "amount": 1,
    "entries": [
      {
        "item": "cobblemon:fire_stone",
        "quantityRange": "1-2"
      }
    ]
  },
  "moves": [
    "1:headbutt",
    "1:leer",
    "1:ember",
    "6:focusenergy",
    "10:bite",
    "15:takedown",
    "19:scaryface",
    "24:flamewheal",
    "28:crunch",
    "33:ancientpower",
    "37:flamethrower",
    "42:willowisp",
    "46:flareblitz",
    "egg:firefang",
    "egg:hammerarm",
    "egg:psychicfangs",
    "egg:slam",
    "egg:thrash",
    "tm:aerialace",
    "tm:ancientpower",
    "tm:bodyslam",
    "tm:brickbreak",
    "tm:bulldoze",
    "tm:burningjealousy",
    "tm:crunch",
    "tm:curse",
    "tm:cut",
    "tm:dig",
    "tm:doubleedge",
    "tm:dragonclaw",
    "tm:earthpower",
    "tm:earthquake",
    "tm:endeavor",
    "tm:endure",
    "tm:facade",
    "tm:fireblast",
    "tm:firefang",
    "tm:firepledge",
    "tm:firespin",
    "tm:flamecharge",
    "tm:flamethrower",
    "tm:flareblitz",
    "tm:flash",
    "tm:flashcannon",
    "tm:focusblast",
    "tm:focusenergy",
    "tm:heatcrash",
    "tm:heatwave",
    "tm:honeclaws",
    "tm:icefang",
    "tm:incinerate",
    "tm:irondefense",
    "tm:ironhead",
    "tm:irontail",
    "tm:laserfocus",
    "tm:metalclaw",
    "tm:meteorbeam",
    "tm:mudslap",
    "tm:mysticalfire",
    "tm:overheat",
    "tm:playrough",
    "tm:powershift",
    "tm:protect",
    "tm:psychicfangs",
    "tm:rest",
    "tm:roar",
    "tm:rockblast",
    "tm:rockclimb",
    "tm:rockpolish",
    "tm:rockslide",
    "tm:rocksmash",
    "tm:rocktomb",
    "tm:sandstorm",
    "tm:scaryface",
    "tm:screech",
    "tm:shadowclaw",
    "tm:shockwave",
    "tm:sleeptalk",
    "tm:smackdown",
    "tm:stealthrock",
    "tm:stompingtantrum",
    "tm:stoneedge",
    "tm:strength",
    "tm:substitute",
    "tm:sunnyday",
    "tm:superfang",
    "tm:superpower",
    "tm:swordsdance",
    "tm:takedown",
    "tm:temperflare",
    "tm:terablast",
    "tm:thunder",
    "tm:thunderbolt",
    "tm:thunderfang",
    "tm:trailblaze",
    "tm:uproar",
    "tm:willowisp",
    "tutor:ancientpower",
    "tutor:bulldoze",
    "tutor:burningjealousy",
    "tutor:earthpower",
    "tutor:endeavor",
    "tutor:firefang",
    "tutor:firepledge",
    "tutor:flamethrower",
    "tutor:flashcannon",
    "tutor:focusenergy",
    "tutor:heatwave",
    "tutor:icefang",
    "tutor:ironhead",
    "tutor:irontail",
    "tutor:laserfocus",
    "tutor:meteorbeam",
    "tutor:mudslap",
    "tutor:mysticalfire",
    "tutor:powershift",
    "tutor:rest",
    "tutor:rockslide",
    "tutor:rocksmash",
    "tutor:shadowclaw",
    "tutor:shockwave",
    "tutor:sleeptalk",
    "tutor:stealthrock",
    "tutor:stompingtantrum",
    "tutor:stoneedge",
    "tutor:superfang",
    "tutor:superpower",
    "tutor:thunderbolt",
    "tutor:thunderfang",
    "tutor:uproar",
    "tutor:zenheadbutt"
  ],
  "evolutions": [
    {
      "id": "gorgorok_inostrasidian",
      "variant": "level_up",
      "result": "inostrasidian",
      "consumeHeldItem": false,
      "learnableMoves": [
        "firefang"
      ],
      "requirements": [
        {
          "variant": "level",
          "minLevel": 30
        }
      ]
    }
  ]
}
