{
  "implemented": true,
  "name": "Hadrosong",
  "primaryType": "rock",
  "secondaryType": "fairy",
  "maleRatio": 0.125,
  "height": 8,
  "weight": 260,
  "pokedex": [
    "cobblemon.species.hadrosong.desc"
  ],
  "aspects": [],
  "abilities": [
    "liquidvoice",
    "h:sturdy"
  ],
  "eggGroups": [
    "monster"
  ],
  "baseStats": {
    "hp": 58,
    "attack": 89,
    "defence": 77,
    "special_attack": 45,
    "special_defence": 45,
    "speed": 48
  },
  "evYield": {
    "hp": 0,
    "attack": 0,
    "defence": 0,
    "special_attack": 1,
    "special_defence": 0,
    "speed": 0
  },
  "baseExperienceYield": 72,
  "experienceGroup": "medium_fast",
  "catchRate": 45,
  "eggCycles": 30,
  "baseFriendship": 50,
  "baseScale": 1,
  "hitbox": {
    "width": 1.1,
    "height": 1.45,
    "fixed": false
  },
  "behaviour": {
    "resting": {
      "canSleep": true,
      "light": "0-4"
    },
    "moving": {
      "walk": {
        "walkSpeed": 0.2
      },
      "swim": {
        "canSwimInWater": true
      }
    }
  },
  "drops": {
    "amount": 1,
    "entries": [
      {
        "item": "minecraft:diamond",
        "quantityRange": "1-2"
      }
    ]
  },
  "moves": [
    "1:tailwhip",
    "1:tackle",
    "1:bide",
    "4:sing",
    "8:ancientpower",
    "12:charm",
    "16:round",
    "20:disarmingvoice",
    "24:stomp",
    "28:rockslide",
    "32:hypervoice",
    "36:alluringvoice",
    "40:thrash",
    "44:earthquake",
    "48:boomburst",
    "egg:curse",
    "egg:psychicnoise",
    "egg:rockpolish",
    "egg:rockthrow",
    "tm:aerialace",
    "tm:alluringvoice",
    "tm:ancientpower",
    "tm:block",
    "tm:bodyslam",
    "tm:brickbreak",
    "tm:brine",
    "tm:bubblebeam",
    "tm:bugbuzz",
    "tm:bulldoze",
    "tm:charm",
    "tm:chillingwater",
    "tm:closecombat",
    "tm:confide",
    "tm:curse",
    "tm:dazzlinggleam",
    "tm:dig",
    "tm:disarmingvoice",
    "tm:drainingkiss",
    "tm:earthpower",
    "tm:earthquake",
    "tm:echoedvoice",
    "tm:endure",
    "tm:facade",
    "tm:hypervoice",
    "tm:irondefense",
    "tm:ironhead",
    "tm:irontail",
    "tm:lashout",
    "tm:liquidation",
    "tm:metalsound",
    "tm:meteorbeam",
    "tm:mistyterrain",
    "tm:muddywater",
    "tm:outrage",
    "tm:playrough",
    "tm:protect",
    "tm:psychicnoise",
    "tm:raindance",
    "tm:razorshell",
    "tm:rest",
    "tm:roar",
    "tm:rockblast",
    "tm:rockpolish",
    "tm:rockslide",
    "tm:rocksmash",
    "tm:rocktomb",
    "tm:round",
    "tm:sandstorm",
    "tm:scald",
    "tm:scaryface",
    "tm:screech",
    "tm:sleeptalk",
    "tm:snarl",
    "tm:snore",
    "tm:stealthrock",
    "tm:stompingtantrum",
    "tm:stoneedge",
    "tm:strength",
    "tm:substitute",
    "tm:sunnyday",
    "tm:superpower",
    "tm:surf",
    "tm:terablast",
    "tm:uproar",
    "tm:waterfall",
    "tm:watergun",
    "tm:waterpulse",
    "tm:waterpledge",
    "tm:whirlpool",
    "tm:zenheadbutt",
    "tutor:aerialace",
    "tutor:ancientpower",
    "tutor:aquatail",
    "tutor:babydolleyes",
    "tutor:block",
    "tutor:bulldoze",
    "tutor:dazzlinggleam",
    "tutor:earthpower",
    "tutor:healbell",
    "tutor:hypervoice",
    "tutor:irondefense",
    "tutor:ironhead",
    "tutor:irontail",
    "tutor:lashout",
    "tutor:liquidation",
    "tutor:meteorbeam",
    "tutor:outrage",
    "tutor:playrough",
    "tutor:psychic",
    "tutor:rest",
    "tutor:rockslide",
    "tutor:rocksmash",
    "tutor:sleeptalk",
    "tutor:snarl",
    "tutor:snore",
    "tutor:stealthrock",
    "tutor:stompingtantrum",
    "tutor:stoneedge",
    "tutor:superpower",
    "tutor:waterpledge",
    "tutor:waterpulse",
    "tutor:zenheadbutt"
  ],
  "evolutions": [
    {
      "id": "hadrosong_parasonorous",
      "variant": "level_up",
      "result": "parasonorous",
      "consumeHeldItem": false,
      "learnableMoves": [
        "rockslide"
      ],
      "requirements": [
        {
          "variant": "level",
          "minLevel": 39
        },
        {
          "variant": "time_range",
          "range": "day"
        }
      ]
    }
  ]
}