{
  "implemented": true,
  "name": "Heterok",
  "primaryType": "rock",
  "secondaryType": "normal",
  "maleRatio": 0.5,
  "height": 14,
  "weight": 320,
  "pokedex": [
    "cobblemon.species.heterok.desc"
  ],
  "aspects": [],
  "abilities": [
    "sturdy",
    "h:roughskin"
  ],
  "eggGroups": [
    "monster"
  ],
  "baseStats": {
    "hp": 130,
    "attack": 110,
    "defence": 65,
    "special_attack": 95,
    "special_defence": 65,
    "speed": 60
  },
  "evYield": {
    "hp": 2,
    "attack": 2,
    "defence": 0,
    "special_attack": 2,
    "special_defence": 0,
    "speed": 0
  },
  "baseExperienceYield": 72,
  "experienceGroup": "medium_fast",
  "catchRate": 45,
  "eggCycles": 30,
  "baseFriendship": 50,
  "baseScale": 0.7,
  "hitbox": {
    "width": 1.2,
    "height": 2,
    "fixed": false
  },
  "behaviour": {
    "resting": {
      "canSleep": true,
      "light": "0-4"
    },
    "moving": {
      "walk": {
        "walkSpeed": 0.15
      }
    }
  },
  "drops": {
    "amount": 1,
    "entries": [
      {
        "item": "cobblemon:tumblestone",
        "quantityRange": "2-5"
      }
    ]
  },
  "moves": [
    "1:endeavor",
    "1:headbutt",
    "1:leer",
    "1:tackle",
    "6:leer",
    "10:headbutt",
    "10:rocksmash",
    "15:takedown",
    "19:scaryface",
    "24:round",
    "28:ancientpower",
    "28:chipaway",
    "28:slam",
    "30:endeavor",
    "36:ancientpower",
    "36:thrash",
    "43:swordsdance",
    "43:thrash",
    "51:swordsdance",
    "52:headsmash",
    "58:headsmash",
    "egg:ancientpower",
    "egg:copycat",
    "egg:crunch",
    "egg:doubleedge",
    "egg:gigaimpact",
    "egg:growl",
    "egg:hyperbeam",
    "egg:leer",
    "egg:mimic",
    "egg:tailwhip",
    "egg:thrash",
    "tm:attract",
    "tm:avalanche",
    "tm:batonpass",
    "tm:bide",
    "tm:blizzard",
    "tm:bodyslam",
    "tm:breakingswipe",
    "tm:brickbreak",
    "tm:captivate",
    "tm:confide",
    "tm:crunch",
    "tm:cut",
    "tm:doubleedge",
    "tm:doubleteam",
    "tm:dragoncheer",
    "tm:dragonclaw",
    "tm:dragonpulse",
    "tm:dragontail",
    "tm:echoedvoice",
    "tm:eggbomb",
    "tm:encore",
    "tm:endeavor",
    "tm:endure",
    "tm:facade",
    "tm:falseswipe",
    "tm:fireblast",
    "tm:flamethrower",
    "tm:flash",
    "tm:focusblast",
    "tm:frustration",
    "tm:gigaimpact",
    "tm:headbutt",
    "tm:heavyslam",
    "tm:helpinghand",
    "tm:hiddenpower",
    "tm:hyperbeam",
    "tm:hypervoice",
    "tm:icebeam",
    "tm:incinerate",
    "tm:ironhead",
    "tm:irontail",
    "tm:metronome",
    "tm:mimic",
    "tm:naturalgift",
    "tm:naturepower",
    "tm:outrage",
    "tm:painsplit",
    "tm:payday",
    "tm:protect",
    "tm:psychup",
    "tm:rage",
    "tm:raindance",
    "tm:retaliate",
    "tm:rest",
    "tm:return",
    "tm:roar",
    "tm:rockblast",
    "tm:rockclimb",
    "tm:rockpolish",
    "tm:rockslide",
    "tm:rocksmash",
    "tm:rocktomb",
    "tm:round",
    "tm:safeguard",
    "tm:sandstorm",
    "tm:scaryface",
    "tm:secretpower",
    "tm:shockwave",
    "tm:skullbash",
    "tm:sleeptalk",
    "tm:smackdown",
    "tm:snore",
    "tm:softboiled",
    "tm:stealthrock",
    "tm:stoneedge",
    "tm:substitute",
    "tm:sunnyday",
    "tm:superfang",
    "tm:surf",
    "tm:swagger",
    "tm:swift",
    "tm:swordsdance",
    "tm:tailslap",
    "tm:takedown",
    "tm:terablast",
    "tm:thunder",
    "tm:thunderbolt",
    "tm:toxic",
    "tm:trailblaze",
    "tm:uproar",
    "tm:whirlpool",
    "tm:workup",
    "tutor:afteryou",
    "tutor:ancientpower",
    "tutor:bind",
    "tutor:block",
    "tutor:bodyslam",
    "tutor:covet",
    "tutor:dragonpulse",
    "tutor:doubleedge",
    "tutor:endeavor",
    "tutor:endure",
    "tutor:fakeout",
    "tutor:falseswipe",
    "tutor:focusenergy",
    "tutor:gigaimpact",
    "tutor:headbutt",
    "tutor:healbell",
    "tutor:helpinghand",
    "tutor:hyperbeam",
    "tutor:hypervoice",
    "tutor:metronome",
    "tutor:ironhead",
    "tutor:irontail",
    "tutor:laserfocus",
    "tutor:lastresort",
    "tutor:outrage",
    "tutor:painsplit",
    "tutor:powershift",
    "tutor:relicsong",
    "tutor:shockwave",
    "tutor:sleeptalk",
    "tutor:snore",
    "tutor:stealthrock",
    "tutor:substitute",
    "tutor:superfang",
    "tutor:swagger",
    "tutor:swift",
    "tutor:swordsdance",
    "tutor:takedown",
    "tutor:terrainpulse",
    "tutor:triattack",
    "tutor:uproar"
  ],
  "preEvolution": "silestone",
  "evolutions": []
}
