{
"implemented": true,
"name": "Ichthyst",
"primaryType": "rock",
"secondaryType": "psychic",
"maleRatio": 0.125,
"height": 18,
"weight": 590,
"pokedex": [
  "cobblemon.species.ichthyst.desc"
],
"aspects": [],
"abilities": [
  "rockhead",
  "waterabsorb",
  "h:unnerve"
],
"eggGroups": [
  "water_1"
],
"baseStats": {
  "hp": 80,
  "attack": 75,
  "defence": 65,
  "special_attack": 105,
  "special_defence": 60,
  "speed": 130
},
"evYield": {
  "hp": 0,
  "attack": 0,
  "defence": 0,
  "special_attack": 0,
  "special_defence": 0,
  "speed": 2
},
"baseExperienceYield": 180,
"experienceGroup": "slow",
"catchRate": 45,
"eggCycles": 35,
"baseFriendship": 50,
"baseScale": 1.8,
"hitbox": {
  "width": 1,
  "height": 1,
  "fixed": false
},
"behaviour": {
  "moving": {
    "swim": {
      "swimSpeed": 0.1,
      "canSwimInWater": true,
      "canBreatheUnderwater": true,
      "canWalkOnWater": false
    },
    "walk": {
      "avoidsLand": false,
      "walkSpeed": 0.17
    },
  "resting": {
    "canSleep": true,
    "light": "0-4"
  }
}
},
"drops": {
  "amount": 4,
  "entries": [
    {
      "item": "minecraft:amethyst_shard",
      "quantityRange": "0-3"
    }
  ]
},
"moves": [
  "1:tackle",
  "1:ancientpower",
  "5:confusion",
  "10:aquajet",
  "15:scaryface",
  "20:rockslide",
  "25:psybeam",
  "30:takedown",
  "35:surf",
  "40:psychic",
  "45:stoneedge",
  "50:agility",
  "55:futuresight",
  "60:gigaimpact",
  "egg:allyswitch",
  "egg:aquaring",
  "egg:calmmind",
  "egg:curse",
  "egg:foresight",
  "egg:pursuit",
  "egg:waterpulse",
  "egg:wideguard",
  "tm:agility",
  "tm:allyswitch",
  "tm:amnesia",
  "tm:ancientpower",
  "tm:aquatail",
  "tm:brine",
  "tm:bubblebeam",
  "tm:bulldoze",
  "tm:calmmind",
  "tm:chillingwater",
  "tm:curse",
  "tm:dive",
  "tm:dreameater",
  "tm:earthpower",
  "tm:earthquake",
  "tm:endure",
  "tm:expandingforce",
  "tm:facade",
  "tm:flipturn",
  "tm:futuresight",
  "tm:gigaimpact",
  "tm:gravity",
  "tm:guardswap",
  "tm:headbutt",
  "tm:hydropump",
  "tm:hyperbeam",
  "tm:imprison",
  "tm:ironhead",
  "tm:irontail",
  "tm:laserfocus",
  "tm:lightscreen",
  "tm:liquidation",
  "tm:magicroom",
  "tm:meteorbeam",
  "tm:muddywater",
  "tm:powerswap",
  "tm:protect",
  "tm:psybeam",
  "tm:psychic",
  "tm:psychicnoise",
  "tm:psychicterrain",
  "tm:psychocut",
  "tm:psyshock",
  "tm:psywave",
  "tm:raindance",
  "tm:reflect",
  "tm:rest",
  "tm:roar",
  "tm:rockblast",
  "tm:rockpolish",
  "tm:rockslide",
  "tm:rocksmash",
  "tm:rocktomb",
  "tm:sandstorm",
  "tm:scald",
  "tm:scaryface",
  "tm:skillswap",
  "tm:sleeptalk",
  "tm:smackdown",
  "tm:speedswap",
  "tm:stealthrock",
  "tm:stoneedge",
  "tm:storedpower",
  "tm:strength",
  "tm:substitute",
  "tm:surf",
  "tm:swift",
  "tm:takedown",
  "tm:telekinesis",
  "tm:teleport",
  "tm:terablast",
  "tm:trick",
  "tm:trickroom",
  "tm:waterfall",
  "tm:watergun",
  "tm:waterpledge",
  "tm:waterpulse",
  "tm:whirlpool",
  "tm:wonderroom",
  "tm:zenheadbutt",
  "tutor:allyswitch",
  "tutor:ancientpower",
  "tutor:aquatail",
  "tutor:bulldoze",
  "tutor:calmmind",
  "tutor:dive",
  "tutor:dreameater",
  "tutor:earthpower",
  "tutor:expandingforce",
  "tutor:flipturn",
  "tutor:gigaimpact",
  "tutor:gravity",
  "tutor:hyperbeam",
  "tutor:ironhead",
  "tutor:irontail",
  "tutor:laserfocus",
  "tutor:liquidation",
  "tutor:magiccoat",
  "tutor:magicroom",
  "tutor:meteorbeam",
  "tutor:psychic",
  "tutor:psychocut",
  "tutor:rest",
  "tutor:rockslide",
  "tutor:rocksmash",
  "tutor:roleplay",
  "tutor:skillswap",
  "tutor:sleeptalk",
  "tutor:stealthrock",
  "tutor:stoneedge",
  "tutor:swift",
  "tutor:telekinesis",
  "tutor:trick",
  "tutor:waterpledge",
  "tutor:waterpulse",
  "tutor:wonderroom",
  "tutor:zenheadbutt"
],
"evolutions": []
}