{
  "implemented": true,
  "name": "Iguanopsionic",
  "primaryType": "rock",
  "secondaryType": "psychic",
  "maleRatio": 0.125,
  "height": 13,
  "weight": 1495,
  "pokedex": [
    "cobblemon.species.iguanopsionic.desc"
  ],
  "aspects": [],
  "abilities": [
    "sturdy",
    "h:soundproof"
  ],
  "eggGroups": [
    "monster"
  ],
  "baseStats": {
    "hp": 138,
    "attack": 52,
    "defence": 168,
    "special_attack": 47,
    "special_defence": 30,
    "speed": 60
  },
  "evYield": {
    "hp": 0,
    "attack": 0,
    "defence": 2,
    "special_attack": 0,
    "special_defence": 0,
    "speed": 0
  },
  "baseExperienceYield": 173,
  "experienceGroup": "erratic",
  "catchRate": 45,
  "eggCycles": 30,
  "baseFriendship": 50,
  "baseScale": 1,
  "hitbox": {
    "width": 1.75,
    "height": 1.95,
    "fixed": false
  },
  "behaviour": {
    "moving": {
      "walk": {
        "walkSpeed": 0.12
      }
    }
  },
  "drops": {
    "amount": 1,
    "entries": [
      {
        "item": "cobblemon:moon_stone",
        "quantityRange": "1-5"
      }
    ]
  },
  "moves": [
    "1:block",
    "1:confusion",
    "1:pound",
    "1:protect",
    "1:reflect",
    "1:wideguard",
    "15:takedown",
    "19:lightscreen",
    "24:calmmind",
    "28:ancientpower",
    "36:endure",
    "43:psychic",
    "51:stoneedge",
    "58:futuresight",
    "egg:calmmind",
    "egg:fissure",
    "egg:focusenergy",
    "egg:guardsplit",
    "egg:lightscreen",
    "egg:psychic",
    "egg:screech",
    "tm:agility",
    "tm:allyswitch",
    "tm:amnesia",
    "tm:ancientpower",
    "tm:avalanche",
    "tm:blizzard",
    "tm:bodyslam",
    "tm:bulldoze",
    "tm:calmmind",
    "tm:curse",
    "tm:charm",
    "tm:dazzlinggleam",
    "tm:dig",
    "tm:doubleedge",
    "tm:dreameater",
    "tm:dynamicpunch",
    "tm:earthpower",
    "tm:earthquake",
    "tm:endure",
    "tm:expandingforce",
    "tm:facade",
    "tm:fireblast",
    "tm:firepunch",
    "tm:flamethrower",
    "tm:focusenergy",
    "tm:focuspunch",
    "tm:futuresight",
    "tm:gigaimpact",
    "tm:gravity",
    "tm:guardswap",
    "tm:headbutt",
    "tm:hyperbeam",
    "tm:icebeam",
    "tm:icepunch",
    "tm:imprison",
    "tm:incinerate",
    "tm:irondefense",
    "tm:ironhead",
    "tm:irontail",
    "tm:lightscreen",
    "tm:magiccoat",
    "tm:magicroom",
    "tm:megapunch",
    "tm:meteorbeam",
    "tm:mudslap",
    "tm:outrage",
    "tm:playrough",
    "tm:poisonjab",
    "tm:powergem",
    "tm:powershift",
    "tm:powerswap",
    "tm:protect",
    "tm:psybeam",
    "tm:psychic",
    "tm:psychicnoise",
    "tm:psychicterrain",
    "tm:psychocut",
    "tm:psyshock",
    "tm:psywave",
    "tm:raindance",
    "tm:reflect",
    "tm:rest",
    "tm:reversal",
    "tm:roar",
    "tm:rockblast",
    "tm:rockpolish",
    "tm:rockslide",
    "tm:rocksmash",
    "tm:rocktomb",
    "tm:sandstorm",
    "tm:sandtomb",
    "tm:scaryface",
    "tm:scorchingsands",
    "tm:screech",
    "tm:shockwave",
    "tm:skillswap",
    "tm:sleeptalk",
    "tm:smackdown",
    "tm:speedswap",
    "tm:stealthrock",
    "tm:stompingtantrum",
    "tm:stoneedge",
    "tm:storedpower",
    "tm:strength",
    "tm:substitute",
    "tm:sunnyday",
    "tm:takedown",
    "tm:telekinesis",
    "tm:teleport",
    "tm:terablast",
    "tm:thunder",
    "tm:thunderbolt",
    "tm:thunderpunch",
    "tm:trailblaze",
    "tm:trick",
    "tm:trickroom",
    "tm:wonderroom",
    "tm:zenheadbutt",
    "tutor:allyswitch",
    "tutor:ancientpower",
    "tutor:bulldoze",
    "tutor:calmmind",
    "tutor:dazzlinggleam",
    "tutor:dreameater",
    "tutor:dynamicpunch",
    "tutor:earthpower",
    "tutor:expandingforce",
    "tutor:firepunch",
    "tutor:flamethrower",
    "tutor:focusenergy",
    "tutor:gigaimpact",
    "tutor:gravity",
    "tutor:hyperbeam",
    "tutor:icebeam",
    "tutor:icepunch",
    "tutor:irondefense",
    "tutor:ironhead",
    "tutor:irontail",
    "tutor:magiccoat",
    "tutor:magicroom",
    "tutor:megapunch",
    "tutor:meteorbeam",
    "tutor:mudslap",
    "tutor:outrage",
    "tutor:playrough",
    "tutor:powershift",
    "tutor:psychic",
    "tutor:psychocut",
    "tutor:rest",
    "tutor:rockslide",
    "tutor:rocksmash",
    "tutor:roleplay",
    "tutor:scorchingsands",
    "tutor:shockwave",
    "tutor:skillswap",
    "tutor:sleeptalk",
    "tutor:stealthrock",
    "tutor:stompingtantrum",
    "tutor:stoneedge",
    "tutor:telekinesis",
    "tutor:thunderbolt",
    "tutor:thunderpunch",
    "tutor:trick",
    "tutor:wonderroom",
    "tutor:zenheadbutt"
  ],
  "preEvolution": "dryopsi",
  "evolutions": []
}
