{
  "implemented": true,
  "name": "Inostrasidian",
  "primaryType": "rock",
  "secondaryType": "fire",
  "maleRatio": 0.875,
  "height": 16,
  "weight": 1025,
  "pokedex": [
    "cobblemon.species.inostrasidian.desc"
  ],
  "aspects": [],
  "abilities": [
    "blaze",
    "flashfire",
    "h:wellbakedbody"
  ],
  "eggGroups": [
    "monster"
  ],
  "baseStats": {
    "hp": 97,
    "attack": 65,
    "defence": 58,
    "special_attack": 165,
    "special_defence": 50,
    "speed": 60
  },
  "evYield": {
    "hp": 0,
    "attack": 0,
    "defence": 0,
    "special_attack": 2,
    "special_defence": 0,
    "speed": 0
  },
  "baseExperienceYield": 173,
  "experienceGroup": "erratic",
  "catchRate": 45,
  "eggCycles": 30,
  "baseFriendship": 50,
  "baseScale": 1,
  "hitbox": {
    "width": 1.2,
    "height": 1.72,
    "fixed": false
  },
  "behaviour": {
    "resting": {
      "canSleep": true,
      "light": "0-4"
    },
    "moving": {
      "walk": {
        "walkSpeed": 0.19
      },
      "swim": {
        "canSwimInLava": true
      }
    }
  },
  "drops": {
    "amount": 1,
    "entries": [
      {
        "item": "cobblemon:fire_stone",
        "quantityRange": "2-5"
      }
    ]
  },
  "moves": [
    "1:crunch",
    "1:ember",
    "1:endeavor",
    "1:focusenergy",
    "1:leer",
    "1:tackle",
    "10:bite",
    "15:takedown",
    "19:scaryface",
    "24:flamewheal",
    "28:slam",
    "36:ancientpower",
    "43:flamethrower",
    "51:willowisp",
    "58:flareblitz",
    "egg:firefang",
    "egg:hammerarm",
    "egg:psychicfangs",
    "egg:slam",
    "egg:thrash",
    "tm:aerialace",
    "tm:ancientpower",
    "tm:bodyslam",
    "tm:brickbreak",
    "tm:bulldoze",
    "tm:burningjealousy",
    "tm:crunch",
    "tm:curse",
    "tm:cut",
    "tm:dig",
    "tm:doubleedge",
    "tm:dragonclaw",
    "tm:earthpower",
    "tm:earthquake",
    "tm:endeavor",
    "tm:endure",
    "tm:facade",
    "tm:fireblast",
    "tm:firefang",
    "tm:firepledge",
    "tm:firespin",
    "tm:flamecharge",
    "tm:flamethrower",
    "tm:flareblitz",
    "tm:flash",
    "tm:flashcannon",
    "tm:focusblast",
    "tm:focusenergy",
    "tm:gigaimpact",
    "tm:heatcrash",
    "tm:heatwave",
    "tm:heavyslam",
    "tm:honeclaws",
    "tm:hyperbeam",
    "tm:icefang",
    "tm:incinerate",
    "tm:irondefense",
    "tm:ironhead",
    "tm:irontail",
    "tm:laserfocus",
    "tm:metalclaw",
    "tm:meteorbeam",
    "tm:mudslap",
    "tm:mysticalfire",
    "tm:outrage",
    "tm:overheat",
    "tm:playrough",
    "tm:powershift",
    "tm:protect",
    "tm:psychicfangs",
    "tm:rest",
    "tm:roar",
    "tm:rockblast",
    "tm:rockclimb",
    "tm:rockpolish",
    "tm:rockslide",
    "tm:rocksmash",
    "tm:rocktomb",
    "tm:sandstorm",
    "tm:scaryface",
    "tm:screech",
    "tm:shadowclaw",
    "tm:shockwave",
    "tm:sleeptalk",
    "tm:smackdown",
    "tm:stealthrock",
    "tm:stompingtantrum",
    "tm:stoneedge",
    "tm:strength",
    "tm:substitute",
    "tm:sunnyday",
    "tm:superfang",
    "tm:superpower",
    "tm:swordsdance",
    "tm:takedown",
    "tm:temperflare",
    "tm:terablast",
    "tm:thunder",
    "tm:thunderbolt",
    "tm:thunderfang",
    "tm:trailblaze",
    "tm:uproar",
    "tm:willowisp",
    "tutor:ancientpower",
    "tutor:bulldoze",
    "tutor:burningjealousy",
    "tutor:earthpower",
    "tutor:endeavor",
    "tutor:firefang",
    "tutor:firepledge",
    "tutor:flamethrower",
    "tutor:flashcannon",
    "tutor:focusenergy",
    "tutor:heatwave",
    "tutor:gigaimpact",
    "tutor:hyperbeam",
    "tutor:icefang",
    "tutor:ironhead",
    "tutor:irontail",
    "tutor:laserfocus",
    "tutor:meteorbeam",
    "tutor:mudslap",
    "tutor:mysticalfire",
    "tutor:outrage",
    "tutor:powershift",
    "tutor:rest",
    "tutor:rockslide",
    "tutor:rocksmash",
    "tutor:shadowclaw",
    "tutor:shockwave",
    "tutor:sleeptalk",
    "tutor:stealthrock",
    "tutor:stompingtantrum",
    "tutor:stoneedge",
    "tutor:superfang",
    "tutor:superpower",
    "tutor:thunderbolt",
    "tutor:thunderfang",
    "tutor:uproar",
    "tutor:zenheadbutt"
  ],
  "preEvolution": "gorgorok",
  "evolutions": []
}
