{
  "implemented": true,
  "name": "Kentrocano",
  "primaryType": "rock",
  "secondaryType": "fire",
  "maleRatio": 0.125,
  "height": 27,
  "weight": 2250,
  "pokedex": [
    "cobblemon.species.kentrocano.desc"
  ],
  "aspects": [],
  "abilities": [
    "blaze",
    "h:rockhead"
  ],
  "eggGroups": [
    "monster"
  ],
  "baseStats": {
    "hp": 82,
    "attack": 119,
    "defence": 69,
    "special_attack": 71,
    "special_defence": 121,
    "speed": 59
  },
  "evYield": {
    "hp": 0,
    "attack": 0,
    "defence": 0,
    "special_attack": 0,
    "special_defence": 2,
    "speed": 0
  },
  "baseExperienceYield": 182,
  "experienceGroup": "medium_fast",
  "catchRate": 45,
  "eggCycles": 30,
  "baseFriendship": 50,
  "baseScale": 1,
  "hitbox": {
    "width": 2.4,
    "height": 5.1,
    "fixed": false
  },
  "behaviour": {
    "resting": {
      "canSleep": true,
      "light": "0-4"
    },
    "moving": {
      "walk": {
        "walkSpeed": 0.2
      },
      "swim": {
        "canSwimInLava": true
      }
    }
  },
  "drops": {
    "amount": 1,
    "entries": [
        {
            "item": "minecraft:gold_ingot",
            "quantityRange": "2-5"
          },
          {
            "item": "minecraft:netherrack",
            "quantityRange": "2-5"
          }
    ]
  },
  "moves": [
    "1:tailwhip",
    "1:tackle",
    "1:ember",
    "1:bide",
    "1:ancientpower",
    "12:charm",
    "16:willowisp",
    "20:dragontail",
    "24:stomp",
    "28:rockslide",
    "32:sunnyday",
    "36:flamethrower",
    "42:thrash",
    "48:earthquake",
    "54:irontail",
    "60:gigaimpact",
    "66:fireblase",
    "egg:curse",
    "egg:irontail",
    "egg:rockpolish",
    "egg:rockthrow",
    "tm:ancientpower",
    "tm:aquatail",
    "tm:bodyslam",
    "tm:bulldoze",
    "tm:burningjealousy",
    "tm:calmmind",
    "tm:confuseray",
    "tm:curse",
    "tm:darkpulse",
    "tm:dragontail",
    "tm:earthpower",
    "tm:earthquake",
    "tm:echoedvoice",
    "tm:encore",
    "tm:endure",
    "tm:facade",
    "tm:fireblast",
    "tm:firepledge",
    "tm:firespin",
    "tm:flamecharge",
    "tm:flamethrower",
    "tm:flareblitz",
    "tm:flash",
    "tm:flashcannon",
    "tm:gigaimpact",
    "tm:heatcrash",
    "tm:heatwave",
    "tm:hex",
    "tm:hyperbeam",
    "tm:hypervoice",
    "tm:incinerate",
    "tm:irondefense",
    "tm:ironhead",
    "tm:irontail",
    "tm:lightscreen",
    "tm:meteorbeam",
    "tm:mudshot",
    "tm:nightmare",
    "tm:nightshade",
    "tm:outrage",
    "tm:overheat",
    "tm:phantomforce",
    "tm:poisontail",
    "tm:poltergeist",
    "tm:protect",
    "tm:psychic",
    "tm:psychup",
    "tm:reflect",
    "tm:rest",
    "tm:roar",
    "tm:rockblast",
    "tm:rockpolish",
    "tm:rockslide",
    "tm:rocksmash",
    "tm:rocktomb",
    "tm:round",
    "tm:safeguard",
    "tm:sandstorm",
    "tm:shadowball",
    "tm:sleeptalk",
    "tm:spikes",
    "tm:spite",
    "tm:stealthrock",
    "tm:stoneedge",
    "tm:substitute",
    "tm:sunnyday",
    "tm:tailslap",
    "tm:takedown",
    "tm:terablast",
    "tm:toxicspikes",
    "tm:willowisp",
    "tm:zenheadbutt",
    "tutor:ancientpower",
    "tutor:aquatail",
    "tutor:bulldoze",
    "tutor:burningjealousy",
    "tutor:calmmind",
    "tutor:darkpulse",
    "tutor:earthpower",
    "tutor:firepledge",
    "tutor:flamethrower",
    "tutor:flashcannon",
    "tutor:gigaimpact",
    "tutor:heatwave",
    "tutor:hyperbeam",
    "tutor:hypervoice",
    "tutor:irondefense",
    "tutor:ironhead",
    "tutor:irontail",
    "tutor:meteorbeam",
    "tutor:mysticalfire",
    "tutor:ominouswind",
    "tutor:outrage",
    "tutor:poltergeist",
    "tutor:psychic",
    "tutor:rest",
    "tutor:rockslide",
    "tutor:rocksmash",
    "tutor:shadowball",
    "tutor:sleeptalk",
    "tutor:spite",
    "tutor:stealthrock",
    "tutor:stoneedge",
    "tutor:zenheadbutt"
  ],
  "preEvolution": "thagma",
  "evolutions": []
}
