{
  "implemented": true,
  "name": "Lepidoniferous",
  "primaryType": "rock",
  "secondaryType": "fire",
  "maleRatio": 0.125,
  "height": 15,
  "weight": 604,
  "pokedex": [
    "cobblemon.species.lepidoniferous.desc"
  ],
  "aspects": [],
  "abilities": [
    "overgrow",
    "h:sapsipper"
  ],
  "eggGroups": [
    "grass"
  ],
  "baseStats": {
    "hp": 86,
    "attack": 97,
    "defence": 81,
    "special_attack": 107,
    "special_defence": 81,
    "speed": 43
  },
  "evYield": {
    "hp": 0,
    "attack": 0,
    "defence": 0,
    "special_attack": 2,
    "special_defence": 0,
    "speed": 0
  },
  "baseExperienceYield": 173,
  "experienceGroup": "erratic",
  "catchRate": 45,
  "eggCycles": 30,
  "baseFriendship": 50,
  "baseScale": 1,
  "hitbox": {
    "width": 0.9,
    "height": 2,
    "fixed": false
  },
  "behaviour": {
    "moving": {
      "walk": {
        "walkSpeed": 0.12
      }
    },
    "resting": {
      "canSleep": true,
      "light": "0-4"
    }
  },
  "drops": {
    "amount": 1,
    "entries": [
      {
        "item": "minecraft:coal",
        "quantityRange": "2-5"
      }
    ]
  },
  "moves": [
    "1:confuseray",
    "1:ember",
    "1:leechseed",
    "1:leer",
    "1:tackle",
    "1:vinewhip",
    "12:ingrain",
    "16:ancientpower",
    "20:megadrain",
    "24:mysticalfire",
    "28:amnesia",
    "32:gigadrain",
    "36:flamethrower",
    "43:energyball",
    "48:stoneedge",
    "egg:barrier",
    "egg:bind",
    "egg:curse",
    "egg:leechseed",
    "egg:mirrorcoat",
    "egg:mysticalfire",
    "egg:recover",
    "tm:amnesia",
    "tm:ancientpower",
    "tm:bind",
    "tm:block",
    "tm:bodyslam",
    "tm:bulldoze",
    "tm:bulletseed",
    "tm:burningjealousy",
    "tm:confuseray",
    "tm:curse",
    "tm:dig",
    "tm:earthpower",
    "tm:earthquake",
    "tm:endure",
    "tm:energyball",
    "tm:facade",
    "tm:fireblast",
    "tm:firepledge",
    "tm:firespin",
    "tm:flamecharge",
    "tm:flamethrower",
    "tm:flash",
    "tm:gigadrain",
    "tm:gigaimpact",
    "tm:grassknot",
    "tm:grasspledge",
    "tm:grassyglide",
    "tm:grassyterrain",
    "tm:headbutt",
    "tm:heatwave",
    "tm:hyperbeam",
    "tm:incinerate",
    "tm:leafstorm",
    "tm:magicalleaf",
    "tm:megadrain",
    "tm:meteorbeam",
    "tm:mudshot",
    "tm:mudslap",
    "tm:mysticalfire",
    "tm:overheat",
    "tm:painsplit",
    "tm:petalblizzard",
    "tm:powerwhip",
    "tm:protect",
    "tm:rest",
    "tm:rockblast",
    "tm:rockpolish",
    "tm:rockslide",
    "tm:rocksmash",
    "tm:rocktomb",
    "tm:sandstorm",
    "tm:seedbomb",
    "tm:sleeptalk",
    "tm:smackdown",
    "tm:solarbeam",
    "tm:solarblade",
    "tm:stealthrock",
    "tm:stoneedge",
    "tm:strength",
    "tm:substitute",
    "tm:sunnyday",
    "tm:swordsdance",
    "tm:synthesis",
    "tm:terablast",
    "tm:trailblaze",
    "tm:willowisp",
    "tm:worryseed",
    "tutor:ancientpower",
    "tutor:bind",
    "tutor:block",
    "tutor:bulldoze",
    "tutor:burningjealousy",
    "tutor:earthpower",
    "tutor:energyball",
    "tutor:firepledge",
    "tutor:flamethrower",
    "tutor:gigadrain",
    "tutor:gigaimpact",
    "tutor:grasspledge",
    "tutor:grassyglide",
    "tutor:heatwave",
    "tutor:hyperbeam",
    "tutor:magicalleaf",
    "tutor:meteorbeam",
    "tutor:mudslap",
    "tutor:mysticalfire",
    "tutor:painsplit",
    "tutor:rest",
    "tutor:rockslide",
    "tutor:rocksmash",
    "tutor:seedbomb",
    "tutor:sleeptalk",
    "tutor:stealthrock",
    "tutor:stoneedge",
    "tutor:synthesis",
    "tutor:worryseed"
  ],
  "preEvolution": "lycoalpod",
  "evolutions": []
}
