{
  "implemented": true,
  "name": "Lycoalpod",
  "primaryType": "rock",
  "secondaryType": "fire",
  "maleRatio": 0.125,
  "height": 10,
  "weight": 238,
  "pokedex": [
    "cobblemon.species.lycoalpod.desc"
  ],
  "aspects": [],
  "abilities": [
    "overgrow",
    "h:sapsipper"
  ],
  "eggGroups": [
    "grass"
  ],
  "baseStats": {
    "hp": 66,
    "attack": 77,
    "defence": 41,
    "special_attack": 87,
    "special_defence": 61,
    "speed": 23
  },
  "evYield": {
    "hp": 0,
    "attack": 0,
    "defence": 0,
    "special_attack": 1,
    "special_defence": 0,
    "speed": 0
  },
  "baseExperienceYield": 71,
  "experienceGroup": "erratic",
  "catchRate": 45,
  "eggCycles": 30,
  "baseFriendship": 50,
  "baseScale": 1,
  "hitbox": {
    "width": 0.6,
    "height": 1.1,
    "fixed": false
  },
  "behaviour": {
    "moving": {
      "walk": {
        "walkSpeed": 0.12
      }
    },
    "resting": {
      "canSleep": true,
      "light": "0-4"
    }
  },
  "drops": {
    "amount": 1,
    "entries": [
      {
        "item": "minecraft:coal",
        "quantityRange": "1-2"
      }
    ]
  },
  "moves": [
    "1:ember",
    "1:leer",
    "1:tackle",
    "4:vinewhip",
    "8:confuseray",
    "12:ingrain",
    "16:ancientpower",
    "20:megadrain",
    "24:mysticalfire",
    "28:amnesia",
    "32:gigadrain",
    "36:flamethrower",
    "41:energyball",
    "44:stoneedge",
    "egg:barrier",
    "egg:bind",
    "egg:curse",
    "egg:leechseed",
    "egg:mirrorcoat",
    "egg:mysticalfire",
    "egg:recover",
    "tm:amnesia",
    "tm:ancientpower",
    "tm:bind",
    "tm:bodyslam",
    "tm:bulletseed",
    "tm:burningjealousy",
    "tm:confuseray",
    "tm:curse",
    "tm:earthpower",
    "tm:endure",
    "tm:energyball",
    "tm:facade",
    "tm:fireblast",
    "tm:firepledge",
    "tm:firespin",
    "tm:flamecharge",
    "tm:flamethrower",
    "tm:flash",
    "tm:gigadrain",
    "tm:grassknot",
    "tm:grasspledge",
    "tm:grassyglide",
    "tm:headbutt",
    "tm:heatwave",
    "tm:incinerate",
    "tm:leafstorm",
    "tm:magicalleaf",
    "tm:megadrain",
    "tm:meteorbeam",
    "tm:mudshot",
    "tm:mudslap",
    "tm:mysticalfire",
    "tm:overheat",
    "tm:painsplit",
    "tm:petalblizzard",
    "tm:protect",
    "tm:rest",
    "tm:rockblast",
    "tm:rockpolish",
    "tm:rockslide",
    "tm:rocktomb",
    "tm:sandstorm",
    "tm:seedbomb",
    "tm:sleeptalk",
    "tm:smackdown",
    "tm:solarbeam",
    "tm:stealthrock",
    "tm:substitute",
    "tm:sunnyday",
    "tm:swordsdance",
    "tm:synthesis",
    "tm:terablast",
    "tm:trailblaze",
    "tm:willowisp",
    "tm:worryseed",
    "tutor:ancientpower",
    "tutor:bind",
    "tutor:bulldoze",
    "tutor:burningjealousy",
    "tutor:earthpower",
    "tutor:energyball",
    "tutor:firepledge",
    "tutor:flamethrower",
    "tutor:gigadrain",
    "tutor:grasspledge",
    "tutor:grassyglide",
    "tutor:heatwave",
    "tutor:magicalleaf",
    "tutor:meteorbeam",
    "tutor:mudslap",
    "tutor:mysticalfire",
    "tutor:painsplit",
    "tutor:rest",
    "tutor:rockslide",
    "tutor:seedbomb",
    "tutor:sleeptalk",
    "tutor:stealthrock",
    "tutor:synthesis",
    "tutor:worryseed"
  ],
  "evolutions": [
    {
      "id": "lycoalpod_lepidoniferous",
      "variant": "level_up",
      "result": "lepidoniferous",
      "consumeHeldItem": false,
      "learnableMoves": [],
      "requirements": [
        {
          "variant": "level",
          "minLevel": 40
        }
      ]
    }
  ]
}
