{
  "implemented": true,
  "name": "Lystrowatt",
  "primaryType": "rock",
  "secondaryType": "electric",
  "maleRatio": 0.875,
  "height": 10,
  "weight": 350,
  "pokedex": [
    "cobblemon.species.lystrowatt.desc"
  ],
  "aspects": [],
  "abilities": [
    "voltabsorb",
    "lightningrod",
    "h:eartheater"
  ],
  "eggGroups": [
    "monster"
  ],
  "baseStats": {
    "hp": 125,
    "attack": 70,
    "defence": 70,
    "special_attack": 60,
    "special_defence": 115,
    "speed": 55
  },
  "evYield": {
    "hp": 0,
    "attack": 0,
    "defence": 0,
    "special_attack": 0,
    "special_defence": 2,
    "speed": 0
  },
  "baseExperienceYield": 173,
  "experienceGroup": "medium_fast",
  "catchRate": 45,
  "eggCycles": 30,
  "baseFriendship": 50,
  "baseScale": 1,
  "hitbox": {
    "width": 0.6,
    "height": 0.7,
    "fixed": false
  },
  "behaviour": {
    "moving": {
      "walk": {
        "walkSpeed": 0.14
      }
    },
    "resting": {
      "canSleep": true,
      "light": "0-4"
    }
  },
  "drops": {
    "amount": 1,
    "entries": [
      {
        "item": "cobblemon:thunder_stone",
        "quantityRange": "2-5"
      }
    ]
  },
  "moves": [
    "1:protect",
    "1:tackle",
    "1:thundershock",
    "1:thunderwave",
    "1:withdraw",
    "9:smackdown",
    "12:ancientpower",
    "15:bite",
    "18:wideguard",
    "21:thunderbolt",
    "24:rockslide",
    "27:crunch",
    "30:curse",
    "33:irondefense",
    "36:dig",
    "41:raindance",
    "46:stoneedge",
    "51:thunder",
    "egg:bide",
    "egg:block",
    "egg:discharge",
    "egg:flail",
    "egg:knockoff",
    "egg:rockthrow",
    "egg:rollout",
    "egg:slam",

    "tm:ancientpower",
    "tm:block",
    "tm:bodyslam",
    "tm:bulldoze",
    "tm:charge",
    "tm:chargebeam",
    "tm:crunch",
    "tm:curse",
    "tm:dig",
    "tm:earthpower",
    "tm:earthquake",
    "tm:eerieimpulse",
    "tm:electricterrain",
    "tm:electroball",
    "tm:electroweb",
    "tm:endure",
    "tm:facade",
    "tm:firefang",
    "tm:focusblast",
    "tm:gigaimpact",
    "tm:guardswap",
    "tm:hyperbeam",
    "tm:icefang",
    "tm:icywind",
    "tm:irondefense",
    "tm:ironhead",
    "tm:knockoff",
    "tm:meteorbeam",
    "tm:mudshot",
    "tm:playrough",
    "tm:protect",
    "tm:psychicfangs",
    "tm:raindance",
    "tm:rest",
    "tm:rockblast",
    "tm:rockpolish",
    "tm:rockslide",
    "tm:rocksmash",
    "tm:rocktomb",
    "tm:rollout",
    "tm:sandstorm",
    "tm:shockwave",
    "tm:skullbash",
    "tm:sleeptalk",
    "tm:smackdown",
    "tm:stealthrock",
    "tm:stoneedge",
    "tm:strength",
    "tm:substitute",
    "tm:supercellslam",
    "tm:superfang",
    "tm:superpower",
    "tm:terablast",
    "tm:thunder",
    "tm:thunderbolt",
    "tm:thunderfang",
    "tm:thunderwave",
    "tm:voltswitch",
    "tm:wildcharge",
    "tm:zapcannon",
    "tm:zenheadbutt",
    "tutor:ancientpower",
    "tutor:block",
    "tutor:bulldoze",
    "tutor:chargebeam",
    "tutor:earthpower",
    "tutor:electroweb",
    "tutor:firefang",
    "tutor:gigaimpact",
    "tutor:hyperbeam",
    "tutor:icefang",
    "tutor:icywind",
    "tutor:irondefense",
    "tutor:ironhead",
    "tutor:knockoff",
    "tutor:magnetrise",
    "tutor:meteorbeam",
    "tutor:mudslap",
    "tutor:ominouswind",
    "tutor:rest",
    "tutor:risingvoltage",
    "tutor:rockslide",
    "tutor:rocksmash",
    "tutor:rollout",
    "tutor:shockwave",
    "tutor:sleeptalk",
    "tutor:stealthrock",
    "tutor:stoneedge",
    "tutor:superpower",
    "tutor:thunderbolt",
    "tutor:thunderfang",
    "tutor:thunderwave",
    "tutor:volttackle",
    "tutor:wildcharge",
    "tutor:zenheadbutt"
  ],
  "preEvolution": "diicbolt",
  "evolutions": []
}
