{
  "implemented": true,
  "name": "Mosaduskrus",
  "primaryType": "rock",
  "secondaryType": "dark",
  "maleRatio": 0.875,
  "height": 13,
  "weight": 405,
  "pokedex": [
    "cobblemon.species.mosaduskrus.desc"
  ],
  "aspects": [],
  "abilities": [
    "torrent",
    "h:darkaura"
  ],
  "eggGroups": [
    "monster",
    "water_1"
  ],
  "baseStats": {
    "hp": 82,
    "attack": 121,
    "defence": 69,
    "special_attack": 119,
    "special_defence": 59,
    "speed": 71
  },
  "evYield": {
    "hp": 0,
    "attack": 0,
    "defence": 0,
    "special_attack": 2,
    "special_defence": 0,
    "speed": 0
  },
  "baseExperienceYield": 182,
  "experienceGroup": "medium_fast",
  "catchRate": 45,
  "eggCycles": 30,
  "baseFriendship": 50,
  "baseScale": 2,
  "hitbox": {
    "width": 1.2,
    "height": 1.72,
    "fixed": false
  },
  "behaviour": {
    "resting": {
      "canSleep": true,
      "light": "0-4"
    },
    "moving": {
      "walk": {
        "walkSpeed": 0.35
      },
      "moving": {
        "swim": {
          "canSwimInWater": true,
          "canBreatheUnderwater": true
        }
      }
    }
  },
  "drops": {
    "amount": 1,
    "entries": [
      {
        "item": "cobblemon:dusk_stone",
        "quantityRange": "2-5"
      }
    ]
  },
  "moves": [
    "1:leer",
    "1:tackle",
    "1:roar",
    "1:bide",
    "1:ancientpower",
    "12:aquajet",
    "16:bite",
    "20:assurance",
    "24:aquaring",
    "28:rockslide",
    "32:crunch",
    "36:darkpulse",
    "42:thrash",
    "48:earthquake",
    "54:hydropump",
    "60:gigaimpact",
    "66:headsmash",
    "egg:aquajet",
    "egg:curse",
    "egg:rockpolish",
    "egg:rockthrow",
    "tm:ancientpower",
    "tm:assurance",
    "tm:beatup",
    "tm:block",
    "tm:bodyslam",
    "tm:breakingswipe",
    "tm:brickbreak",
    "tm:brine",
    "tm:brutalswing",
    "tm:bubblebeam",
    "tm:bulldoze",
    "tm:charm",
    "tm:chillingwater",
    "tm:closecombat",
    "tm:crunch",
    "tm:curse",
    "tm:darkpulse",
    "tm:dig",
    "tm:dive",
    "tm:dragontail",
    "tm:earthpower",
    "tm:earthquake",
    "tm:embargo",
    "tm:endure",
    "tm:facade",
    "tm:faketears",
    "tm:firefang",
    "tm:fling",
    "tm:flipturn",
    "tm:foulplay",
    "tm:gigaimpact",
    "tm:hydropump",
    "tm:hyperbeam",
    "tm:hypervoice",
    "tm:icefang",
    "tm:irondefense",
    "tm:ironhead",
    "tm:irontail",
    "tm:knockoff",
    "tm:lashout",
    "tm:liquidation",
    "tm:meteorbeam",
    "tm:muddywater",
    "tm:nastyplot",
    "tm:nightmare",
    "tm:nightshade",
    "tm:outrage",
    "tm:payback",
    "tm:playrough",
    "tm:protect",
    "tm:psychicfangs",
    "tm:quash",
    "tm:raindance",
    "tm:razorshell",
    "tm:rest",
    "tm:roar",
    "tm:rockblast",
    "tm:rockpolish",
    "tm:rockslide",
    "tm:rocksmash",
    "tm:rocktomb",
    "tm:sandstorm",
    "tm:scald",
    "tm:scaryface",
    "tm:shadowball",
    "tm:sleeptalk",
    "tm:snarl",
    "tm:snatch",
    "tm:stealthrock",
    "tm:stompingtantrum",
    "tm:stoneedge",
    "tm:strength",
    "tm:substitute",
    "tm:superpower",
    "tm:surf",
    "tm:taunt",
    "tm:terablast",
    "tm:thief",
    "tm:throatchop",
    "tm:thunderfang",
    "tm:torment",
    "tm:waterfall",
    "tm:watergun",
    "tm:waterpledge",
    "tm:waterpulse",
    "tm:whirlpool",
    "tm:zenheadbutt",
    "tutor:ancientpower",
    "tutor:aquatail",
    "tutor:block",
    "tutor:bulldoze",
    "tutor:darkpulse",
    "tutor:dive",
    "tutor:earthpower",
    "tutor:firefang",
    "tutor:flipturn",
    "tutor:foulplay",
    "tutor:gigaimpact",
    "tutor:hyperbeam",
    "tutor:hypervoice",
    "tutor:icefang",
    "tutor:irondefense",
    "tutor:ironhead",
    "tutor:irontail",
    "tutor:knockoff",
    "tutor:lashout",
    "tutor:liquidation",
    "tutor:meteorbeam",
    "tutor:outrage",
    "tutor:playrough",
    "tutor:psychic",
    "tutor:rest",
    "tutor:rockslide",
    "tutor:rocksmash",
    "tutor:shadowball",
    "tutor:sleeptalk",
    "tutor:snarl",
    "tutor:snatch",
    "tutor:stealthrock",
    "tutor:stompingtantrum",
    "tutor:stoneedge",
    "tutor:suckerpunch",
    "tutor:superpower",
    "tutor:throatchop",
    "tutor:thunderfang",
    "tutor:waterpledge",
    "tutor:waterpulse",
    "tutor:zenheadbutt"
  ],
  "preEvolution": "mosaga",
  "evolutions": []
}
