{
  "implemented": true,
  "name": "Mosaga",
  "primaryType": "rock",
  "secondaryType": "dark",
  "maleRatio": 0.875,
  "height": 5,
  "weight": 115,
  "pokedex": [
    "cobblemon.species.mosaga.desc"
  ],
  "aspects": [],
  "abilities": [
    "torrent",
    "h:darkaura"
  ],
  "eggGroups": [
    "monster",
    "water_1"
  ],
  "baseStats": {
    "hp": 58,
    "attack": 89,
    "defence": 45,
    "special_attack": 77,
    "special_defence": 45,
    "speed": 48
  },
  "evYield": {
    "hp": 0,
    "attack": 0,
    "defence": 0,
    "special_attack": 1,
    "special_defence": 0,
    "speed": 0
  },
  "baseExperienceYield": 72,
  "experienceGroup": "medium_fast",
  "catchRate": 45,
  "eggCycles": 30,
  "baseFriendship": 50,
  "baseScale": 1,
  "hitbox": {
    "width": 0.5,
    "height": 0.4,
    "fixed": false
  },
  "behaviour": {
    "resting": {
      "canSleep": true,
      "light": "0-4"
    },
    "moving": {
      "walk": {
        "walkSpeed": 0.19
      },
      "swim": {
        "swimSpeed": 0.2,
        "canSwimInWater": true,
        "canBreatheUnderwater": true
      }
    }
  },
  "drops": {
    "amount": 1,
    "entries": [
      {
        "item": "cobblemon:dusk_stone",
        "quantityRange": "1-2"
      }
    ]
  },
  "moves": [
    "1:leer",
    "1:tackle",
    "1:bide",
    "4:roar",
    "8:ancientpower",
    "12:aquajet",
    "16:bite",
    "20:assurance",
    "24:aquaring",
    "28:rockslide",
    "32:crunch",
    "36:darkpulse",
    "40:thrash",
    "44:earthquake",
    "48:hydropump",
    "egg:aquajet",
    "egg:curse",
    "egg:rockpolish",
    "egg:rockthrow",
    "tm:ancientpower",
    "tm:assurance",
    "tm:beatup",
    "tm:block",
    "tm:bodyslam",
    "tm:brickbreak",
    "tm:brine",
    "tm:bubblebeam",
    "tm:bulldoze",
    "tm:charm",
    "tm:chillingwater",
    "tm:closecombat",
    "tm:crunch",
    "tm:curse",
    "tm:darkpulse",
    "tm:dig",
    "tm:dive",
    "tm:dragontail",
    "tm:earthpower",
    "tm:earthquake",
    "tm:embargo",
    "tm:endure",
    "tm:facade",
    "tm:faketears",
    "tm:firefang",
    "tm:fling",
    "tm:flipturn",
    "tm:foulplay",
    "tm:hydropump",
    "tm:hypervoice",
    "tm:icefang",
    "tm:irondefense",
    "tm:ironhead",
    "tm:irontail",
    "tm:knockoff",
    "tm:lashout",
    "tm:liquidation",
    "tm:meteorbeam",
    "tm:muddywater",
    "tm:nastyplot",
    "tm:nightmare",
    "tm:nightshade",
    "tm:outrage",
    "tm:payback",
    "tm:playrough",
    "tm:protect",
    "tm:psychicfangs",
    "tm:quash",
    "tm:raindance",
    "tm:razorshell",
    "tm:rest",
    "tm:roar",
    "tm:rockblast",
    "tm:rockpolish",
    "tm:rockslide",
    "tm:rocksmash",
    "tm:rocktomb",
    "tm:sandstorm",
    "tm:scald",
    "tm:scaryface",
    "tm:shadowball",
    "tm:sleeptalk",
    "tm:snarl",
    "tm:snatch",
    "tm:stealthrock",
    "tm:stompingtantrum",
    "tm:stoneedge",
    "tm:strength",
    "tm:substitute",
    "tm:superpower",
    "tm:surf",
    "tm:taunt",
    "tm:terablast",
    "tm:thief",
    "tm:throatchop",
    "tm:thunderfang",
    "tm:torment",
    "tm:waterfall",
    "tm:watergun",
    "tm:waterpledge",
    "tm:waterpulse",
    "tm:whirlpool",
    "tm:zenheadbutt",
    "tutor:ancientpower",
    "tutor:aquatail",
    "tutor:block",
    "tutor:bulldoze",
    "tutor:darkpulse",
    "tutor:dive",
    "tutor:earthpower",
    "tutor:firefang",
    "tutor:flipturn",
    "tutor:foulplay",
    "tutor:hypervoice",
    "tutor:icefang",
    "tutor:irondefense",
    "tutor:ironhead",
    "tutor:irontail",
    "tutor:knockoff",
    "tutor:lashout",
    "tutor:liquidation",
    "tutor:meteorbeam",
    "tutor:outrage",
    "tutor:playrough",
    "tutor:psychic",
    "tutor:rest",
    "tutor:rockslide",
    "tutor:rocksmash",
    "tutor:shadowball",
    "tutor:sleeptalk",
    "tutor:snarl",
    "tutor:snatch",
    "tutor:stealthrock",
    "tutor:stompingtantrum",
    "tutor:stoneedge",
    "tutor:suckerpunch",
    "tutor:superpower",
    "tutor:throatchop",
    "tutor:thunderfang",
    "tutor:waterpledge",
    "tutor:waterpulse",
    "tutor:zenheadbutt"
  ],
  "evolutions": [
    {
      "id": "mosaga_mosaduskrus",
      "variant": "level_up",
      "result": "mosaduskrus",
      "consumeHeldItem": false,
      "learnableMoves": [
        "moonlight"
      ],
      "requirements": [
        {
          "variant": "level",
          "minLevel": 39
        },
        {
          "variant": "time_range",
          "range": "night"
        }
      ]
    }
  ]
}
