{
  "implemented": true,
  "name": "Parasonorous",
  "primaryType": "rock",
  "secondaryType": "fairy",
  "maleRatio": 0.125,
  "height": 25,
  "weight": 2700,
  "pokedex": [
    "cobblemon.species.parasonorous.desc"
  ],
  "aspects": [],
  "abilities": [
    "liquidvoice",
    "h:rockhead"
  ],
  "eggGroups": [
    "monster"
  ],
  "baseStats": {
    "hp": 82,
    "attack": 121,
    "defence": 119,
    "special_attack": 69,
    "special_defence": 59,
    "speed": 71
  },
  "evYield": {
    "hp": 0,
    "attack": 1,
    "defence": 0,
    "special_attack": 2,
    "special_defence": 0,
    "speed": 0
  },
  "baseExperienceYield": 182,
  "experienceGroup": "medium_fast",
  "catchRate": 45,
  "eggCycles": 30,
  "baseFriendship": 50,
  "baseScale": 1,
  "hitbox": {
    "width": 3.05,
    "height": 4.65,
    "fixed": false
  },
  "behaviour": {
    "resting": {
      "canSleep": true,
      "light": "0-4"
    },
    "moving": {
      "walk": {
        "walkSpeed": 0.27
      },
      "swim": {
        "canSwimInWater": true
      }
    }
  },
  "drops": {
    "amount": 1,
    "entries": [
      {
        "item": "minecraft:diamond",
        "quantityRange": "2-5"
      }
    ]
  },
  "moves": [
    "1:tailwhip",
    "1:tackle",
    "1:sing",
    "1:bide",
    "1:ancientpower",
    "12:charm",
    "16:round",
    "20:disarmingvoice",
    "24:stomp",
    "28:rockslide",
    "32:hypervoice",
    "36:alluringvoice",
    "42:thrash",
    "48:earthquake",
    "54:boomburst",
    "60:gigaimpact",
    "66:headsmash",
    "egg:curse",
    "egg:psychicnoise",
    "egg:rockpolish",
    "egg:rockthrow",
    "tm:aerialace",
    "tm:alluringvoice",
    "tm:ancientpower",
    "tm:block",
    "tm:bodyslam",
    "tm:breakingswipe",
    "tm:brickbreak",
    "tm:brine",
    "tm:bubblebeam",
    "tm:bugbuzz",
    "tm:bulldoze",
    "tm:charm",
    "tm:chillingwater",
    "tm:closecombat",
    "tm:confide",
    "tm:curse",
    "tm:dazzlinggleam",
    "tm:dig",
    "tm:disarmingvoice",
    "tm:drainingkiss",
    "tm:earthpower",
    "tm:earthquake",
    "tm:echoedvoice",
    "tm:endure",
    "tm:facade",
    "tm:gigaimpact",
    "tm:highhorsepower",
    "tm:hydropump",
    "tm:hyperbeam",
    "tm:hypervoice",
    "tm:irondefense",
    "tm:ironhead",
    "tm:irontail",
    "tm:lashout",
    "tm:liquidation",
    "tm:metalsound",
    "tm:meteorbeam",
    "tm:mistyexplosion",
    "tm:mistyterrain",
    "tm:muddywater",
    "tm:outrage",
    "tm:playrough",
    "tm:protect",
    "tm:psychicnoise",
    "tm:raindance",
    "tm:razorshell",
    "tm:rest",
    "tm:roar",
    "tm:rockblast",
    "tm:rockpolish",
    "tm:rockslide",
    "tm:rocksmash",
    "tm:rocktomb",
    "tm:round",
    "tm:sandstorm",
    "tm:scald",
    "tm:scaryface",
    "tm:screech",
    "tm:sleeptalk",
    "tm:snarl",
    "tm:snore",
    "tm:stealthrock",
    "tm:stompingtantrum",
    "tm:stoneedge",
    "tm:strength",
    "tm:substitute",
    "tm:sunnyday",
    "tm:superpower",
    "tm:surf",
    "tm:terablast",
    "tm:uproar",
    "tm:waterfall",
    "tm:watergun",
    "tm:waterpledge",
    "tm:waterpulse",
    "tm:whirlpool",
    "tm:zenheadbutt",
    "tutor:aerialace",
    "tutor:ancientpower",
    "tutor:aquatail",
    "tutor:babydolleyes",
    "tutor:block",
    "tutor:bulldoze",
    "tutor:dazzlinggleam",
    "tutor:earthpower",
    "tutor:gigaimpact",
    "tutor:healbell",
    "tutor:highhorsepower",
    "tutor:hyperbeam",
    "tutor:hypervoice",
    "tutor:irondefense",
    "tutor:ironhead",
    "tutor:irontail",
    "tutor:lashout",
    "tutor:liquidation",
    "tutor:meteorbeam",
    "tutor:mistyexplosion",
    "tutor:outrage",
    "tutor:playrough",
    "tutor:psychic",
    "tutor:rest",
    "tutor:rockslide",
    "tutor:rocksmash",
    "tutor:sleeptalk",
    "tutor:snarl",
    "tutor:snore",
    "tutor:stealthrock",
    "tutor:stompingtantrum",
    "tutor:stoneedge",
    "tutor:superpower",
    "tutor:waterpledge",
    "tutor:waterpulse",
    "tutor:zenheadbutt"
  ],
  "preEvolution": "hadrosong",
  "evolutions": []
}
