{
  "implemented": true,
  "name": "Pariartz",
  "primaryType": "rock",
  "secondaryType": "fire",
  "maleRatio": 0.125,
  "height": 7,
  "weight": 165,
  "pokedex": [
    "cobblemon.species.pariartz.desc"
  ],
  "aspects": [],
  "abilities": [
    "solidrock",
    "sturdy",
    "h:flashfire"
  ],
  "eggGroups": [
    "monster"
  ],
  "baseStats": {
    "hp": 55,
    "attack": 100,
    "defence": 90,
    "special_attack": 40,
    "special_defence": 35,
    "speed": 35
  },
  "evYield": {
    "hp": 0,
    "attack": 1,
    "defence": 0,
    "special_attack": 0,
    "special_defence": 0,
    "speed": 0
  },
  "baseExperienceYield": 71,
  "experienceGroup": "medium_fast",
  "catchRate": 45,
  "eggCycles": 30,
  "baseFriendship": 50,
  "baseScale": 1.1,
  "hitbox": {
    "width": 1.1,
    "height": 0.5,
    "fixed": false
  },
  "behaviour": {
    "resting": {
      "canSleep": true,
      "willSleepOnBed": true,
      "light": "0-4"
    },
    "moving": {
      "swim": {
        "canSwimInLava": true
      },
      "walk": {
        "walkSpeed": 0.12
      }
    }
  },
  "drops": {
    "amount": 1,
    "entries": [
      {
        "item": "minecraft:quartz",
        "quantityRange": "1-2"
      }
    ]
  },
  "moves": [
    "1:bind",
    "1:tackle",
    "1:withdraw",
    "5:rollout",
    "10:sandattack",
    "15:ember",
    "20:protect",
    "25:mudshot",
    "30:ancientpower",
    "35:flamecharge",
    "41:irondefense",
    "45:takedown",
    "50:flamethrower",
    "55:gigaimpact",
    "60:flareblitz",
    "egg:ancientpower",
    "egg:bide",
    "egg:flamecharge",
    "egg:knockoff",
    "egg:reflecttype",
    "egg:slam",
    "egg:willowisp",
    "tm:ancientpower",
    "tm:bind",
    "tm:bodyslam",
    "tm:brickbreak",
    "tm:bulldoze",
    "tm:burningjealousy",
    "tm:confuseray",
    "tm:curse",
    "tm:darkpulse",
    "tm:dig",
    "tm:earthpower",
    "tm:earthquake",
    "tm:endure",
    "tm:facade",
    "tm:fireblast",
    "tm:firepledge",
    "tm:firespin",
    "tm:flamecharge",
    "tm:flamethrower",
    "tm:flash",
    "tm:flashcannon",
    "tm:headbutt",
    "tm:heatcrash",
    "tm:heatwave",
    "tm:hex",
    "tm:incinerate",
    "tm:irondefense",
    "tm:ironhead",
    "tm:knockoff",
    "tm:meteorbeam",
    "tm:mudshot",
    "tm:nightmare",
    "tm:nightshade",
    "tm:overheat",
    "tm:phantomforce",
    "tm:playrough",
    "tm:poltergeist",
    "tm:protect",
    "tm:rest",
    "tm:rockblast",
    "tm:rockpolish",
    "tm:rockslide",
    "tm:rocksmash",
    "tm:rocktomb",
    "tm:rollout",
    "tm:sandstorm",
    "tm:shadowball",
    "tm:sleeptalk",
    "tm:smackdown",
    "tm:spite",
    "tm:stealthrock",
    "tm:stompingtantrum",
    "tm:substitute",
    "tm:sunnyday",
    "tm:takedown",
    "tm:temperflare",
    "tm:terablast",
    "tm:willowisp",
    "tm:zenheadbutt",
    "tutor:ancientpower",
    "tutor:bind",
    "tutor:bodyslam",
    "tutor:burningjealousy",
    "tutor:darkpulse",
    "tutor:earthpower",
    "tutor:firepledge",
    "tutor:flamethrower",
    "tutor:headbutt",
    "tutor:heatwave",
    "tutor:irondefense",
    "tutor:ironhead",
    "tutor:knockoff",
    "tutor:meteorbeam",
    "tutor:mudslap",
    "tutor:ominouswind",
    "tutor:poltergeist",
    "tutor:rest",
    "tutor:rockslide",
    "tutor:rocksmash",
    "tutor:rollout",
    "tutor:shadowball",
    "tutor:sleeptalk",
    "tutor:spite",
    "tutor:stealthrock",
    "tutor:stoneedge",
    "tutor:zenheadbutt"
  ],
  "evolutions": [
    {
      "id": "pariartz_scutoquartz",
      "variant": "level_up",
      "result": "scutoquartz",
      "consumeHeldItem": false,
      "learnableMoves": [],
      "requirements": [
        {
          "variant": "level",
          "minLevel": 40
        }
      ]
    }
  ]
}
