{
  "implemented": true,
  "name": "Plateonyx",
  "primaryType": "rock",
  "secondaryType": "ground",
  "maleRatio": 0.5,
  "height": 14,
  "weight": 320,
  "pokedex": [
    "cobblemon.species.plateonyx.desc"
  ],
  "aspects": [],
  "abilities": [
    "sturdy",
    "h:eartheater"
  ],
  "eggGroups": [
    "monster"
  ],
  "baseStats": {
    "hp": 130,
    "attack": 65,
    "defence": 110,
    "special_attack": 65,
    "special_defence": 95,
    "speed": 60
  },
  "evYield": {
    "hp": 2,
    "attack": 0,
    "defence": 2,
    "special_attack": 0,
    "special_defence": 2,
    "speed": 0
  },
  "baseExperienceYield": 72,
  "experienceGroup": "medium_fast",
  "catchRate": 45,
  "eggCycles": 30,
  "baseFriendship": 50,
  "baseScale": 0.7,
  "hitbox": {
    "width": 1.2,
    "height": 2,
    "fixed": false
  },
  "behaviour": {
    "resting": {
      "canSleep": true,
      "light": "0-4"
    },
    "moving": {
      "walk": {
        "walkSpeed": 0.15
      }
    }
  },
  "drops": {
    "amount": 1,
    "entries": [
      {
        "item": "cobblemon:black_tumblestone",
        "quantityRange": "2-5"
      }
    ]
  },
  "moves": [
    "1:earthpower",
    "1:quickattack",
    "1:tailwhip",
    "1:mudslap",
    "6:tailwhip",
    "10:mudslap",
    "10:rocksmash",
    "15:stomp",
    "19:scaryface",
    "24:bulldoze",
    "28:ancientpower",
    "28:chipaway",
    "28:bodyslam",
    "30:earthpower",
    "36:ancientpower",
    "36:earthquake",
    "43:mudsport",
    "43:earthquake",
    "51:mudsport",
    "52:stoneedge",
    "58:stoneedge",
    "egg:ancientpower",
    "egg:copycat",
    "egg:crunch",
    "egg:doubleedge",
    "egg:gigaimpact",
    "egg:growl",
    "egg:hyperbeam",
    "egg:leer",
    "egg:mimic",
    "egg:tailwhip",
    "egg:thrash",
    "tm:attract",
    "tm:avalanche",
    "tm:blizzard",
    "tm:breakingswipe",
    "tm:brickbreak",
    "tm:bulldoze",
    "tm:captivate",
    "tm:confide",
    "tm:dig",
    "tm:doubleedge",
    "tm:doubleteam",
    "tm:dragoncheer",
    "tm:dragonclaw",
    "tm:dragonpulse",
    "tm:dragontail",
    "tm:drillrun",
    "tm:earthpower",
    "tm:earthquake",
    "tm:endeavor",
    "tm:endure",
    "tm:facade",
    "tm:fireblast",
    "tm:fissure",
    "tm:flamethrower",
    "tm:focusblast",
    "tm:frustration",
    "tm:gigaimpact",
    "tm:hiddenpower",
    "tm:highhorsepower",
    "tm:hyperbeam",
    "tm:icebeam",
    "tm:incinerate",
    "tm:irontail",
    "tm:mudshot",
    "tm:mudslap",
    "tm:naturalgift",
    "tm:outrage",
    "tm:protect",
    "tm:raindance",
    "tm:rest",
    "tm:return",
    "tm:roar",
    "tm:rockblast",
    "tm:rockclimb",
    "tm:rockpolish",
    "tm:rockslide",
    "tm:rocksmash",
    "tm:rocktomb",
    "tm:round",
    "tm:sandstorm",
    "tm:sandtomb",
    "tm:scorchingsands",
    "tm:scaryface",
    "tm:secretpower",
    "tm:shockwave",
    "tm:sleeptalk",
    "tm:smackdown",
    "tm:spikes",
    "tm:stealthrock",
    "tm:stompingtantrum",
    "tm:stoneedge",
    "tm:substitute",
    "tm:sunnyday",
    "tm:surf",
    "tm:swagger",
    "tm:swordsdance",
    "tm:takedown",
    "tm:terablast",
    "tm:thunder",
    "tm:thunderbolt",
    "tm:toxic",
    "tm:trailblaze",
    "tm:uproar",
    "tm:whirlpool",
    "tutor:ancientpower",
    "tutor:bulldoze",
    "tutor:dragonpulse",
    "tutor:drillrun",
    "tutor:earthpower",
    "tutor:endeavor",
    "tutor:highhorsepower",
    "tutor:irontail",
    "tutor:laserfocus",
    "tutor:mudslap",
    "tutor:outrage",
    "tutor:painsplit",
    "tutor:scorchingsands",
    "tutor:shockwave",
    "tutor:sleeptalk",
    "tutor:snore",
    "tutor:spikes",
    "tutor:stealthrock",
    "tutor:stompingtantrum",
    "tutor:uproar"
  ],
  "preEvolution": "silestone",
  "evolutions": []
}
