{
  "implemented": true,
  "name": "Pteranodawn",
  "primaryType": "rock",
  "secondaryType": "fairy",
  "maleRatio": 0.125,
  "height": 10,
  "weight": 350,
  "pokedex": [
    "cobblemon.species.pteranodawn.desc"
  ],
  "aspects": [],
  "abilities": [
    "aerilate",
    "h:fairyaura"
  ],
  "eggGroups": [
    "monster"
  ],
  "baseStats": {
    "hp": 99,
    "attack": 77,
    "defence": 72,
    "special_attack": 123,
    "special_defence": 58,
    "speed": 92
  },
  "evYield": {
    "hp": 0,
    "attack": 0,
    "defence": 0,
    "special_attack": 2,
    "special_defence": 0,
    "speed": 0
  },
  "baseExperienceYield": 104,
  "experienceGroup": "medium_fast",
  "catchRate": 45,
  "eggCycles": 30,
  "baseFriendship": 50,
  "baseScale": 1.8,
  "hitbox": {
    "width": 0.6,
    "height": 0.7,
    "fixed": false
  },
  "behaviour": {
    "resting": {
      "canSleep": true,
      "light": "0-4"
    },
    "fly": {
        "canFly": true
      },
    "moving": {
      "walk": {
        "walkSpeed": 0.3
      }
    }
  },
  "drops": {
    "amount": 1,
    "entries": [
      {
        "item": "cobblemon:dawn_stone",
        "quantityRange": "2-5"
      }
    ]
  },
  "moves": [
    "1:leer",
    "1:quickattack",
    "1:rockthrow",
    "1:ancientpower",
    "1:wingattack",
    "12:fairywind",
    "16:takedown",
    "20:charm",
    "24:featherdance",
    "28:aerialace",
    "32:roost",
    "36:dazzlinggleam",
    "42:bravebird",
    "48:lightscreen",
    "54:moonlight",
    "60:moonblast",
    "66:hyperbeam",
    "egg:bravebird",
    "egg:curse",
    "egg:rockpolish",
    "egg:rockthrow",
    "tm:acrobatics",
    "tm:aerialace",
    "tm:aircutter",
    "tm:airslash",
    "tm:alluringvoice",
    "tm:ancientpower",
    "tm:bounce",
    "tm:bravebird",
    "tm:bubblebeam",
    "tm:bulldoze",
    "tm:calmmind",
    "tm:chargebeam",
    "tm:charm",
    "tm:darkpulse",
    "tm:dazzlinggleam",
    "tm:defog",
    "tm:drainingkiss",
    "tm:dreameater",
    "tm:dualwingbeat",
    "tm:earthpower",
    "tm:earthquake",
    "tm:echoedvoice",
    "tm:encore",
    "tm:endure",
    "tm:facade",
    "tm:featherdance",
    "tm:flash",
    "tm:flashcannon",
    "tm:fly",
    "tm:gigaimpact",
    "tm:hurricane",
    "tm:hyperbeam",
    "tm:hypervoice",
    "tm:icebeam",
    "tm:icywind",
    "tm:irondefense",
    "tm:ironhead",
    "tm:lightscreen",
    "tm:meteorbeam",
    "tm:mistyexplosion",
    "tm:mistyterrain",
    "tm:mudshot",
    "tm:naturepower",
    "tm:outrage",
    "tm:playrough",
    "tm:pluck",
    "tm:powergem",
    "tm:protect",
    "tm:psybeam",
    "tm:psychic",
    "tm:psychup",
    "tm:razorwind",
    "tm:reflect",
    "tm:rest",
    "tm:roar",
    "tm:rockblast",
    "tm:rockpolish",
    "tm:rockslide",
    "tm:rocksmash",
    "tm:rocktomb",
    "tm:roost",
    "tm:round",
    "tm:safeguard",
    "tm:sandstorm",
    "tm:silverwind",
    "tm:skyattack",
    "tm:skydrop",
    "tm:sleeptalk",
    "tm:solarbeam",
    "tm:solarblade",
    "tm:stealthrock",
    "tm:steelbeam",
    "tm:steelwing",
    "tm:stoneedge",
    "tm:substitute",
    "tm:swift",
    "tm:tailwind",
    "tm:takedown",
    "tm:terablast",
    "tm:zenheadbutt",
    "tutor:aerialace",
    "tutor:aircutter",
    "tutor:ancientpower",
    "tutor:babydolleyes",
    "tutor:bounce",
    "tutor:bulldoze",
    "tutor:calmmind",
    "tutor:chargebeam",
    "tutor:darkpulse",
    "tutor:dazzlinggleam",
    "tutor:defog",
    "tutor:dualwingbeat",
    "tutor:earthpower",
    "tutor:flashcannon",
    "tutor:gigaimpact",
    "tutor:hyperbeam",
    "tutor:hypervoice",
    "tutor:icywind",
    "tutor:irondefense",
    "tutor:ironhead",
    "tutor:meteorbeam",
    "tutor:mistyexplosion",
    "tutor:ominouswind",
    "tutor:outrage",
    "tutor:playrough",
    "tutor:psychic",
    "tutor:rest",
    "tutor:rockslide",
    "tutor:rocksmash",
    "tutor:roost",
    "tutor:signalbeam",
    "tutor:skyattack",
    "tutor:sleeptalk",
    "tutor:stealthrock",
    "tutor:steelbeam",
    "tutor:stoneedge",
    "tutor:swift",
    "tutor:tailwind",
    "tutor:zenheadbutt"
  ],
  "preEvolution": "pterae",
  "evolutions": []
}
