{
  "implemented": true,
  "name": "Pteropix",
  "primaryType": "rock",
  "secondaryType": "steel",
  "maleRatio": 0.5,
  "height": 7,
  "weight": 205,
  "pokedex": [
    "cobblemon.species.pteropix.desc"
  ],
  "aspects": [],
  "abilities": [
    "steelworker",
    "levitate",
    "h:fairyaura"
  ],
  "eggGroups": [
    "monster",
    "dragon"
  ],
  "baseStats": {
    "hp": 58,
    "attack": 70,
    "defence": 45,
    "special_attack": 40,
    "special_defence": 45,
    "speed": 42
  },
  "evYield": {
    "hp": 0,
    "attack": 1,
    "defence": 0,
    "special_attack": 0,
    "special_defence": 0,
    "speed": 0
  },
  "baseExperienceYield": 60,
  "experienceGroup": "slow",
  "catchRate": 45,
  "eggCycles": 40,
  "baseFriendship": 50,
  "baseScale": 0.75,
  "hitbox": {
    "width": 0.93,
    "height": 0.93,
    "fixed": false
  },
  "behaviour": {
    "moving": {
      "walk": {
        "walkSpeed": 0.55
      },
      "fly": {
        "canFly": true
    }
  }
  },
  "drops": {
    "amount": 1,
    "entries": [
      {
        "item": "cobblemon:shiny_stone",
        "quantityRange": "1-2"
      }
    ]
  },
  "moves": [
    "1:ancientpower",
    "1:scratch",
    "3:growl",
    "6:growl",
    "7:wingattack",
    "12:metalclaw",
    "13:sandstorm",
    "15:takedown",
    "18:airslash",
    "19:ancientpower",
    "25:irondefense",
    "25:slash",
    "27:ironhead",
    "30:slash",
    "31:bravebird",
    "36:ironhead",
    "37:moonblast",
    "42:bravebird",
    "48:moonlight",
    "54:moonblast",
    "60:stoneedge",
    "egg:ancientpower",
    "egg:bodyslam",
    "egg:doubleedge",
    "egg:fairywind",
    "egg:ironhead",
    "egg:irontail",
    "egg:metalclaw",
    "egg:moonlight",
    "egg:rockclimb",
    "egg:roost",
    "egg:scaryface",
    "egg:thrash",
    "egg:wingattack",
    "tm:acrobatics",
    "tm:aerialace",
    "tm:aircutter",
    "tm:airslash",
    "tm:alluringvoice",
    "tm:ancientpower",
    "tm:bodyslam",
    "tm:bravebird",
    "tm:brickbreak",
    "tm:bulldoze",
    "tm:charm",
    "tm:dazzlinggleam",
    "tm:defog",
    "tm:dig",
    "tm:disarmingvoice",
    "tm:doubleedge",
    "tm:dragonclaw",
    "tm:dragondance",
    "tm:dragonpulse",
    "tm:dragontail",
    "tm:drainingkiss",
    "tm:dualwingbeat",
    "tm:earthpower",
    "tm:earthquake",
    "tm:endure",
    "tm:facade",
    "tm:featherdance",
    "tm:fireblast",
    "tm:flamethrower",
    "tm:flash",
    "tm:flashcannon",
    "tm:fly",
    "tm:gyroball",
    "tm:hardpress",
    "tm:headbutt",
    "tm:heavyslam",
    "tm:honeclaws",
    "tm:hurricane",
    "tm:icywind",
    "tm:incinerate",
    "tm:irondefense",
    "tm:ironhead",
    "tm:irontail",
    "tm:laserfocus",
    "tm:metalclaw",
    "tm:metalsound",
    "tm:meteorbeam",
    "tm:mudshot",
    "tm:outrage",
    "tm:playrough",
    "tm:pluck",
    "tm:powergem",
    "tm:protect",
    "tm:raindance",
    "tm:razorwind",
    "tm:rest",
    "tm:rockclimb",
    "tm:rockslide",
    "tm:rocksmash",
    "tm:rocktomb",
    "tm:roost",
    "tm:sandstorm",
    "tm:sandtomb",
    "tm:scaryface",
    "tm:scorchingsands",
    "tm:skyattack",
    "tm:skydrop",
    "tm:sleeptalk",
    "tm:flash",
    "tm:smartstrike",
    "tm:stealthrock",
    "tm:steelbeam",
    "tm:steelwing",
    "tm:stompingtantrum",
    "tm:stoneedge",
    "tm:strength",
    "tm:substitute",
    "tm:sunnyday",
    "tm:swift",
    "tm:swordsdance",
    "tm:tailwind",
    "tm:takedown",
    "tm:terablast",
    "tm:twister",
    "tm:zenheadbutt",
    "tutor:aerialace",
    "tutor:aircutter",
    "tutor:ancientpower",
    "tutor:babydolleyes",
    "tutor:bulldoze",
    "tutor:dazzlinggleam",
    "tutor:defog",
    "tutor:dualwingbeat",
    "tutor:earthpower",
    "tutor:flamethrower",
    "tutor:flashcannon",
    "tutor:headbutt",
    "tutor:icywind",
    "tutor:irondefense",
    "tutor:ironhead",
    "tutor:irontail",
    "tutor:laserfocus",
    "tutor:meteorbeam",
    "tutor:ominouswind",
    "tutor:outrage",
    "tutor:playrough",
    "tutor:rest",
    "tutor:rockslide",
    "tutor:rocksmash",
    "tutor:roost",
    "tutor:scorchingsands",
    "tutor:skyattack",
    "tutor:sleeptalk",
    "tutor:stealthrock",
    "tutor:steelbeam",
    "tutor:steelroller",
    "tutor:stompingtantrum",
    "tutor:stoneedge",
    "tutor:swift",
    "tutor:swordsdance",
    "tutor:tailwind",
    "tutor:zenheadbutt"
  ],
  "evolutions": [
    {
      "id": "pteropix_azhfaegon",
      "variant": "level_up",
      "result": "azhfaegon",
      "consumeHeldItem": false,
      "learnableMoves": [],
      "requirements": [
        {
          "variant": "level",
          "minLevel": 24
        }
      ]
    }
  ]
}
