{
  "implemented": true,
  "name": "Quetzalazteclus",
  "primaryType": "fairy",
  "secondaryType": "steel",
  "maleRatio": 0.5,
  "height": 19,
  "weight": 950,
  "pokedex": [
    "cobblemon.species.quetzalazteclus.desc"
  ],
  "aspects": [],
  "abilities": [
    "steelworker",
    "levitate",
    "h:pixilate"
  ],
  "eggGroups": [
    "monster",
    "dragon"
  ],
  "baseStats": {
    "hp": 130,
    "attack": 108,
    "defence": 95,
    "special_attack": 80,
    "special_defence": 85,
    "speed": 102
  },
  "evYield": {
    "hp": 0,
    "attack": 3,
    "defence": 0,
    "special_attack": 0,
    "special_defence": 0,
    "speed": 0
  },
  "baseExperienceYield": 300,
  "experienceGroup": "slow",
  "catchRate": 45,
  "eggCycles": 40,
  "baseFriendship": 50,
  "baseScale": 2.0,
  "hitbox": {
    "width": 1.3,
    "height": 2.3,
    "fixed": false
  },
  "behaviour": {
    "moving": {
      "walk": {
        "walkSpeed": 0.55
      },
      "fly": {
        "canFly": true
      }
    }
  },
  "drops": {
    "amount": 2,
    "entries": [
      {
        "item": "cobblemon:shiny_stone",
        "quantityRange": "3-5"
      }
    ]
  },
  "moves": [
    "1:ancientpower",
    "1:fairywind",
    "1:growl",
    "1:metalclaw",
    "1:sandstorm",
    "1:scratch",
    "1:wingattack",
    "15:takedown",
    "18:airslash",
    "19:ancientpower",
    "24:fairywind",
    "27:irondefense",
    "28:slash",
    "33:ironhead",
    "34:slash",
    "40:bravebird",
    "42:ironhead",
    "48:playrough",
    "52:bravebird",
    "55:moonblast",
    "62:moonlight",
    "72:moonblast",
    "82:stoneedge",
    "egg:ancientpower",
    "egg:bodyslam",
    "egg:doubleedge",
    "egg:fairywind",
    "egg:ironhead",
    "egg:irontail",
    "egg:metalclaw",
    "egg:moonlight",
    "egg:rockclimb",
    "egg:roost",
    "egg:scaryface",
    "egg:thrash",
    "egg:wingattack",
    "tm:acrobatics",
    "tm:aerialace",
    "tm:aircutter",
    "tm:airslash",
    "tm:alluringvoice",
    "tm:ancientpower",
    "tm:bodyslam",
    "tm:bravebird",
    "tm:brickbreak",
    "tm:bulldoze",
    "tm:charm",
    "tm:dazzlinggleam",
    "tm:defog",
    "tm:dig",
    "tm:disarmingvoice",
    "tm:doubleedge",
    "tm:dragonclaw",
    "tm:dragondance",
    "tm:dragonpulse",
    "tm:dragontail",
    "tm:drainingkiss",
    "tm:dualwingbeat",
    "tm:earthpower",
    "tm:earthquake",
    "tm:endure",
    "tm:facade",
    "tm:featherdance",
    "tm:fireblast",
    "tm:flamethrower",
    "tm:flash",
    "tm:flashcannon",
    "tm:fly",
    "tm:gigaimpact",
    "tm:gyroball",
    "tm:hardpress",
    "tm:headbutt",
    "tm:heavyslam",
    "tm:honeclaws",
    "tm:hurricane",
    "tm:hyperbeam",
    "tm:icywind",
    "tm:incinerate",
    "tm:irondefense",
    "tm:ironhead",
    "tm:irontail",
    "tm:laserfocus",
    "tm:metalclaw",
    "tm:metalsound",
    "tm:meteorbeam",
    "tm:mistyterrain",
    "tm:mistyexplosion",
    "tm:mudshot",
    "tm:outrage",
    "tm:playrough",
    "tm:pluck",
    "tm:powergem",
    "tm:protect",
    "tm:raindance",
    "tm:razorwind",
    "tm:rest",
    "tm:rockclimb",
    "tm:rockslide",
    "tm:rocksmash",
    "tm:rocktomb",
    "tm:roost",
    "tm:sandstorm",
    "tm:sandtomb",
    "tm:scaryface",
    "tm:scorchingsands",
    "tm:skyattack",
    "tm:skydrop",
    "tm:sleeptalk",
    "tm:smartstrike",
    "tm:stealthrock",
    "tm:steelbeam",
    "tm:steelwing",
    "tm:stompingtantrum",
    "tm:stoneedge",
    "tm:strength",
    "tm:substitute",
    "tm:sunnyday",
    "tm:swift",
    "tm:swordsdance",
    "tm:tailwind",
    "tm:takedown",
    "tm:terablast",
    "tm:twister",
    "tm:zenheadbutt",
    "tutor:aerialace",
    "tutor:aircutter",
    "tutor:ancientpower",
    "tutor:babydolleyes",
    "tutor:bulldoze",
    "tutor:dazzlinggleam",
    "tutor:defog",
    "tutor:dualwingbeat",
    "tutor:earthpower",
    "tutor:flamethrower",
    "tutor:flashcannon",
    "tutor:gigaimpact",
    "tutor:headbutt",
    "tutor:hyperbeam",
    "tutor:icywind",
    "tutor:irondefense",
    "tutor:ironhead",
    "tutor:irontail",
    "tutor:laserfocus",
    "tutor:meteorbeam",
    "tutor:mistyexplosion",
    "tutor:ominouswind",
    "tutor:outrage",
    "tutor:playrough",
    "tutor:rest",
    "tutor:rockslide",
    "tutor:rocksmash",
    "tutor:roost",
    "tutor:scorchingsands",
    "tutor:skyattack",
    "tutor:sleeptalk",
    "tutor:stealthrock",
    "tutor:steelbeam",
    "tutor:steelroller",
    "tutor:stompingtantrum",
    "tutor:stoneedge",
    "tutor:swift",
    "tutor:swordsdance",
    "tutor:tailwind",
    "tutor:zenheadbutt"
  ],
  "preEvolution": "azhfaegon",
  "evolutions": []
}
