{
  "implemented": true,
  "name": "Sapsaur",
  "primaryType": "rock",
  "secondaryType": "grass",
  "maleRatio": 0.125,
  "height": 13,
  "weight": 252,
  "pokedex": [
    "cobblemon.species.sapsaur.desc"
  ],
  "aspects": [],
  "abilities": [
    "overgrow",
    "h:sapsipper"
  ],
  "eggGroups": [
    "monster"
  ],
  "baseStats": {
    "hp": 77,
    "attack": 59,
    "defence": 50,
    "special_attack": 67,
    "special_defence": 63,
    "speed": 46
  },
  "evYield": {
    "hp": 1,
    "attack": 0,
    "defence": 0,
    "special_attack": 0,
    "special_defence": 0,
    "speed": 0
  },
  "baseExperienceYield": 72,
  "experienceGroup": "medium_fast",
  "catchRate": 45,
  "eggCycles": 30,
  "baseFriendship": 50,
  "baseScale": 1,
  "hitbox": {
    "width": 1,
    "height": 2.15,
    "fixed": false
  },
  "behaviour": {
    "resting": {
      "canSleep": true,
      "light": "0-4"
    },
    "moving": {
      "walk": {
        "walkSpeed": 0.12
      }
    }
  },
  "drops": {
    "amount": 1,
    "entries": [
      {
        "item": "minecraft:dark_oak_sapling",
        "quantityRange": "1-2"
      }
    ]
  },
  "moves": [
    "1:growl",
    "1:leafage",
    "1:rockthrow",
    "4:absorb",
    "8:ancientpower",
    "12:razorleaf",
    "16:round",
    "20:leechseed",
    "24:leaftornado",
    "28:synthesis",
    "32:naturepower",
    "36:energyball",
    "40:leafblade",
    "44:lightscreen",
    "48:floralhealing",
    "52:leafstorm",
    "56:hyperbeam",
    "egg:curse",
    "egg:floralhealing",
    "egg:rockpolish",
    "egg:rockthrow",
    "tm:alluringvoice",
    "tm:ancientpower",
    "tm:aquatail",
    "tm:bodyslam",
    "tm:bulldoze",
    "tm:bulletseed",
    "tm:calmmind",
    "tm:charm",
    "tm:darkpulse",
    "tm:dazzlinggleam",
    "tm:dragontail",
    "tm:drainingkiss",
    "tm:dreameater",
    "tm:earthpower",
    "tm:echoedvoice",
    "tm:encore",
    "tm:endure",
    "tm:energyball",
    "tm:facade",
    "tm:flashcannon",
    "tm:gigadrain",
    "tm:grassknot",
    "tm:grasspledge",
    "tm:grassyglide",
    "tm:grassyterrain",
    "tm:hyperbeam",
    "tm:hypervoice",
    "tm:irondefense",
    "tm:ironhead",
    "tm:irontail",
    "tm:leafstorm",
    "tm:lightscreen",
    "tm:magicalleaf",
    "tm:megadrain",
    "tm:meteorbeam",
    "tm:mudshot",
    "tm:naturepower",
    "tm:outrage",
    "tm:painsplit",
    "tm:petalblizzard",
    "tm:playrough",
    "tm:pollenpuff",
    "tm:protect",
    "tm:psychup",
    "tm:reflect",
    "tm:rest",
    "tm:roar",
    "tm:rockblast",
    "tm:rockpolish",
    "tm:rockslide",
    "tm:rocksmash",
    "tm:rocktomb",
    "tm:round",
    "tm:safeguard",
    "tm:sandstorm",
    "tm:seedbomb",
    "tm:sleeptalk",
    "tm:softboiled",
    "tm:solarbeam",
    "tm:solarblade",
    "tm:stealthrock",
    "tm:stoneedge",
    "tm:substitute",
    "tm:sunnyday",
    "tm:takedown",
    "tm:terablast",
    "tm:trailblaze",
    "tm:zenheadbutt",
    "tutor:ancientpower",
    "tutor:aquatail",
    "tutor:babydolleyes",
    "tutor:bulldoze",
    "tutor:calmmind",
    "tutor:darkpulse",
    "tutor:dazzlinggleam",
    "tutor:earthpower",
    "tutor:energyball",
    "tutor:flashcannon",
    "tutor:gigadrain",
    "tutor:grasspledge",
    "tutor:grassyglide",
    "tutor:hyperbeam",
    "tutor:hypervoice",
    "tutor:irondefense",
    "tutor:ironhead",
    "tutor:irontail",
    "tutor:magicalleaf",
    "tutor:meteorbeam",
    "tutor:outrage",
    "tutor:playrough",
    "tutor:rest",
    "tutor:rockslide",
    "tutor:rocksmash",
    "tutor:seedbomb",
    "tutor:softboiled",
    "tutor:sleeptalk",
    "tutor:stealthrock",
    "tutor:stoneedge",
    "tutor:synthesis",
    "tutor:worryseed",
    "tutor:zenheadbutt"
  ],
  "evolutions": [
    {
      "id": "sapsaur_brachioforest",
      "variant": "level_up",
      "result": "brachioforest",
      "consumeHeldItem": false,
      "learnableMoves": [
        "synthesis"
      ],
      "requirements": [
        {
          "variant": "level",
          "minLevel": 39
        },
        {
          "variant": "time_range",
          "range": "day"
        }
      ]
    }
  ]
}
