{
  "implemented": true,
  "name": "Scutoquartz",
  "primaryType": "fire",
  "secondaryType": "rock",
  "maleRatio": 0.125,
  "height": 12,
  "weight": 810,
  "pokedex": [
    "cobblemon.species.scutoquartz.desc"
  ],
  "aspects": [],
  "abilities": [
    "solidrock",
    "sturdy",
    "h:flashfire"
  ],
  "eggGroups": [
    "monster"
  ],
  "baseStats": {
    "hp": 70,
    "attack": 125,
    "defence": 115,
    "special_attack": 70,
    "special_defence": 60,
    "speed": 55
  },
  "evYield": {
    "hp": 0,
    "attack": 2,
    "defence": 0,
    "special_attack": 0,
    "special_defence": 0,
    "speed": 0
  },
  "baseExperienceYield": 173,
  "experienceGroup": "medium_fast",
  "catchRate": 45,
  "eggCycles": 30,
  "baseFriendship": 50,
  "baseScale": 1,
  "hitbox": {
    "width": 1.1,
    "height": 1.9,
    "fixed": false
  },
  "behaviour": {
    "resting": {
      "canSleep": true,
      "light": "0-4"
    },
    "moving": {
      "swim": {
        "canSwimInLava": true
      },
      "walk": {
        "walkSpeed": 0.14
      }
    }
  },
  "drops": {
    "amount": 1,
    "entries": [
      {
        "item": "minecraft:quartz",
        "quantityRange": "2-5"
      }
    ]
  },
  "moves": [
    "1:bind",
    "1:rollout",
    "1:sandattack",
    "1:tackle",
    "1:withdraw",
    "15:ember",
    "20:protect",
    "25:mudshot",
    "30:ancientpower",
    "35:flamecharge",
    "43:irondefense",
    "49:takedown",
    "56:flamethrower",
    "63:gigaimpact",
    "70:flareblitz",
    "egg:ancientpower",
    "egg:bide",
    "egg:flamecharge",
    "egg:knockoff",
    "egg:reflecttype",
    "egg:slam",
    "egg:willowisp",
    "tm:ancientpower",
    "tm:bind",
    "tm:bodyslam",
    "tm:brickbreak",
    "tm:bulldoze",
    "tm:burningjealousy",
    "tm:confuseray",
    "tm:curse",
    "tm:darkpulse",
    "tm:dig",
    "tm:earthpower",
    "tm:earthquake",
    "tm:endure",
    "tm:facade",
    "tm:fireblast",
    "tm:firepledge",
    "tm:firespin",
    "tm:flamecharge",
    "tm:flamethrower",
    "tm:flareblitz",
    "tm:flash",
    "tm:flashcannon",
    "tm:gigaimpact",
    "tm:headbutt",
    "tm:heatcrash",
    "tm:heatwave",
    "tm:heavyslam",
    "tm:hex",
    "tm:highhorsepower",
    "tm:horndrill",
    "tm:hyperbeam",
    "tm:incinerate",
    "tm:irondefense",
    "tm:ironhead",
    "tm:knockoff",
    "tm:megahorn",
    "tm:meteorbeam",
    "tm:mudshot",
    "tm:nightmare",
    "tm:nightshade",
    "tm:outrage",
    "tm:overheat",
    "tm:phantomforce",
    "tm:playrough",
    "tm:poltergeist",
    "tm:protect",
    "tm:rest",
    "tm:rockblast",
    "tm:rockclimb",
    "tm:rockpolish",
    "tm:rockslide",
    "tm:rocksmash",
    "tm:rocktomb",
    "tm:rollout",
    "tm:sandstorm",
    "tm:shadowball",
    "tm:skullbash",
    "tm:sleeptalk",
    "tm:smackdown",
    "tm:spite",
    "tm:stealthrock",
    "tm:stompingtantrum",
    "tm:stoneedge",
    "tm:substitute",
    "tm:sunnyday",
    "tm:takedown",
    "tm:temperflare",
    "tm:terablast",
    "tm:willowisp",
    "tm:zenheadbutt",
    "tutor:ancientpower",
    "tutor:bind",
    "tutor:bodyslam",
    "tutor:burningjealousy",
    "tutor:darkpulse",
    "tutor:drillrun",
    "tutor:earthpower",
    "tutor:firepledge",
    "tutor:flamethrower",
    "tutor:gigaimpact",
    "tutor:headbutt",
    "tutor:heatwave",
    "tutor:hyperbeam",
    "tutor:irondefense",
    "tutor:ironhead",
    "tutor:knockoff",
    "tutor:meteorbeam",
    "tutor:mudslap",
    "tutor:ominouswind",
    "tutor:outrage",
    "tutor:poltergeist",
    "tutor:rest",
    "tutor:rockslide",
    "tutor:rocksmash",
    "tutor:rollout",
    "tutor:shadowball",
    "tutor:sleeptalk",
    "tutor:spite",
    "tutor:stealthrock",
    "tutor:stoneedge",
    "tutor:zenheadbutt"
  ],
  "preEvolution": "pariartz",
  "evolutions": []
}
