{
  "implemented": true,
  "name": "Silestone",
  "primaryType": "rock",
  "secondaryType": "normal",
  "maleRatio": 0.5,
  "height": 5,
  "weight": 95,
  "pokedex": [
    "cobblemon.species.silestone.desc"
  ],
  "aspects": [],
  "abilities": [
    "sturdy",
    "h:adaptability"
  ],
  "eggGroups": [
    "monster"
  ],
  "baseStats": {
    "hp": 85,
    "attack": 75,
    "defence": 75,
    "special_attack": 65,
    "special_defence": 65,
    "speed": 70
  },
  "evYield": {
    "hp": 1,
    "attack": 0,
    "defence": 0,
    "special_attack": 0,
    "special_defence": 0,
    "speed": 0
  },
  "baseExperienceYield": 72,
  "experienceGroup": "medium_fast",
  "catchRate": 45,
  "eggCycles": 30,
  "baseFriendship": 50,
  "baseScale": 0.55,
  "hitbox": {
    "width": 0.65,
    "height": 1.2,
    "fixed": false
  },
  "behaviour": {
    "resting": {
      "canSleep": true,
      "light": "0-4"
    },
    "moving": {
      "walk": {
        "walkSpeed": 0.15
      }
    }
  },
  "drops": {
    "amount": 1,
    "entries": [
      {
        "item": "cobblemon:tumblestone",
        "quantityRange": "1-2"
      }
    ]
  },
  "moves": [
    "1:tackle",
    "1:scratch",
    "1:quickattack",
    "6:growl",
    "6:leer",
    "6:tailwhip",
    "10:headbutt",
    "10:rocksmash",
    "15:takedown",
    "19:scaryface",
    "24:round",
    "28:ancientpower",
    "28:chipaway",
    "28:slam",
    "33:ancientpower",
    "33:thrash",
    "37:swordsdance",
    "37:thrash",
    "42:swordsdance",
    "43:headsmash",
    "46:headsmash",
    "egg:ancientpower",
    "egg:copycat",
    "egg:crunch",
    "egg:doubleedge",
    "egg:gigaimpact",
    "egg:growl",
    "egg:hyperbeam",
    "egg:leer",
    "egg:mimic",
    "egg:tailwhip",
    "egg:thrash",
    "tm:attract",
    "tm:batonpass",
    "tm:bide",
    "tm:blizzard",
    "tm:bodyslam",
    "tm:captivate",
    "tm:confide",
    "tm:cut",
    "tm:doubleedge",
    "tm:doubleteam",
    "tm:dragoncheer",
    "tm:dragonpulse",
    "tm:echoedvoice",
    "tm:eggbomb",
    "tm:encore",
    "tm:endeavor",
    "tm:endure",
    "tm:facade",
    "tm:falseswipe",
    "tm:fireblast",
    "tm:flamethrower",
    "tm:flash",
    "tm:frustration",
    "tm:headbutt",
    "tm:helpinghand",
    "tm:hiddenpower",
    "tm:hypervoice",
    "tm:icebeam",
    "tm:incinerate",
    "tm:irontail",
    "tm:metronome",
    "tm:mimic",
    "tm:naturalgift",
    "tm:naturepower",
    "tm:painsplit",
    "tm:payday",
    "tm:protect",
    "tm:psychup",
    "tm:rage",
    "tm:raindance",
    "tm:retaliate",
    "tm:rest",
    "tm:return",
    "tm:roar",
    "tm:rockblast",
    "tm:rockclimb",
    "tm:rockpolish",
    "tm:rockslide",
    "tm:rocksmash",
    "tm:rocktomb",
    "tm:round",
    "tm:safeguard",
    "tm:sandstorm",
    "tm:scaryface",
    "tm:secretpower",
    "tm:shockwave",
    "tm:sleeptalk",
    "tm:smackdown",
    "tm:snore",
    "tm:softboiled",
    "tm:stealthrock",
    "tm:stoneedge",
    "tm:substitute",
    "tm:sunnyday",
    "tm:superfang",
    "tm:swagger",
    "tm:swift",
    "tm:swordsdance",
    "tm:tailslap",
    "tm:takedown",
    "tm:terablast",
    "tm:thunder",
    "tm:thunderbolt",
    "tm:toxic",
    "tm:trailblaze",
    "tm:uproar",
    "tm:workup",
    "tutor:afteryou",
    "tutor:ancientpower",
    "tutor:bind",
    "tutor:block",
    "tutor:bodyslam",
    "tutor:covet",
    "tutor:defensecurl",
    "tutor:doubleedge",
    "tutor:dragonpulse",
    "tutor:fakeout",
    "tutor:falseswipe",
    "tutor:focusenergy",
    "tutor:endeavor",
    "tutor:endure",
    "tutor:headbutt",
    "tutor:healbell",
    "tutor:helpinghand",
    "tutor:hypervoice",
    "tutor:irontail",
    "tutor:metronome",
    "tutor:mimic",
    "tutor:relicsong",
    "tutor:shockwave",
    "tutor:sleeptalk",
    "tutor:snore",
    "tutor:stealthrock",
    "tutor:substitute",
    "tutor:superfang",
    "tutor:swagger",
    "tutor:swift",
    "tutor:swordsdance",
    "tutor:takedown",
    "tutor:triattack",
    "tutor:uproar"
  ],
  "evolutions": [
    {
      "id": "silestone_heterok",
      "variant": "item_interact",
      "result": "heterok",
      "consumeHeldItem": false,
      "learnableMoves": [
        "endeavor"
      ],
      "requirements": [],
      "requiredContext": "cobblemon:tumblestone"
    },
    {
      "id": "silestone_plateonyx",
      "variant": "item_interact",
      "result": "plateonyx",
      "consumeHeldItem": false,
      "learnableMoves": [
        "earthpower"
      ],
      "requirements": [],
      "requiredContext": "cobblemon:black_tumblestone"
    },
    {
      "id": "silestone_coelosky",
      "variant": "item_interact",
      "result": "coelosky",
      "consumeHeldItem": false,
      "learnableMoves": [
        "airslash"
      ],
      "requirements": [],
      "requiredContext": "cobblemon:sky_tumblestone"
    }
  ]
}
