{
  "implemented": true,
  "name": "Spinot",
  "primaryType": "rock",
  "secondaryType": "ghost",
  "maleRatio": 0.875,
  "height": 8,
  "weight": 260,
  "pokedex": [
    "cobblemon.species.spinot.desc"
  ],
  "aspects": [],
  "abilities": [
    "waterabsorb",
    "h:sturdy"
  ],
  "eggGroups": [
    "water_1",
    "dragon"
  ],
  "baseStats": {
    "hp": 58,
    "attack": 89,
    "defence": 45,
    "special_attack": 45,
    "special_defence": 77,
    "speed": 48
  },
  "evYield": {
    "hp": 0,
    "attack": 0,
    "defence": 0,
    "special_attack": 0,
    "special_defence": 1,
    "speed": 0
  },
  "baseExperienceYield": 72,
  "experienceGroup": "medium_fast",
  "catchRate": 45,
  "eggCycles": 30,
  "baseFriendship": 50,
  "baseScale": 1,
  "hitbox": {
    "width": 1.1,
    "height": 1.45,
    "fixed": false
  },
  "behaviour": {
    "resting": {
      "canSleep": true,
      "light": "0-4"
    },
    "moving": {
      "walk": {
        "walkSpeed": 0.19
      },
      "swim": {
        "swimSpeed": 0.1,
        "canSwimInWater": true,
        "canBreatheUnderwater": true,
        "canWalkOnWater": false
      }
    }  
  },
  "drops": {
    "amount": 1,
    "entries": [
      {
        "item": "minecraft:netherite_ingot",
        "quantityRange": "1-2"
      }
    ]
  },
  "moves": [
    "1:tailwhip",
    "1:scartch",
    "1:bide",
    "4:roar",
    "8:ancientpower",
    "12:hex",
    "16:charm",
    "20:shadowclaw",
    "24:stomp",
    "28:rockslide",
    "32:slash",
    "36:shadowball",
    "40:thrash",
    "44:earthquake",
    "48:phantomforce",
    "egg:aquacutter",
    "egg:curse",
    "egg:rockpolish",
    "egg:rockthrow",
    "tm:aerialace",
    "tm:ancientpower",
    "tm:assurance",
    "tm:block",
    "tm:bodyslam",
    "tm:brickbreak",
    "tm:brine",
    "tm:bubblebeam",
    "tm:bulldoze",
    "tm:burningjealousy",
    "tm:charm",
    "tm:chillingwater",
    "tm:closecombat",
    "tm:confuseray",
    "tm:crunch",
    "tm:curse",
    "tm:darkpulse",
    "tm:dig",
    "tm:dive",
    "tm:dragonclaw",
    "tm:dragontail",
    "tm:earthpower",
    "tm:earthquake",
    "tm:endure",
    "tm:facade",
    "tm:fireblast",
    "tm:firefang",
    "tm:firepledge",
    "tm:firepunch",
    "tm:firespin",
    "tm:flamecharge",
    "tm:flamethrower",
    "tm:flipturn",
    "tm:heatwave",
    "tm:hex",
    "tm:honeclaws",
    "tm:hydropump",
    "tm:hypervoice",
    "tm:incinerate",
    "tm:irondefense",
    "tm:ironhead",
    "tm:irontail",
    "tm:lashout",
    "tm:liquidation",
    "tm:meteorbeam",
    "tm:muddywater",
    "tm:mysticalfire",
    "tm:nightmare",
    "tm:nightshade",
    "tm:outrage",
    "tm:overheat",
    "tm:phantomforce",
    "tm:playrough",
    "tm:poltergeist",
    "tm:protect",
    "tm:raindance",
    "tm:razorshell",
    "tm:rest",
    "tm:roar",
    "tm:rockblast",
    "tm:rockpolish",
    "tm:rockslide",
    "tm:rocksmash",
    "tm:rocktomb",
    "tm:sandstorm",
    "tm:scald",
    "tm:scaleshot",
    "tm:scaryface",
    "tm:shadowball",
    "tm:shadowclaw",
    "tm:sleeptalk",
    "tm:spite",
    "tm:stealthrock",
    "tm:stompingtantrum",
    "tm:stoneedge",
    "tm:strength",
    "tm:substitute",
    "tm:sunnyday",
    "tm:superpower",
    "tm:surf",
    "tm:temperflare",
    "tm:terablast",
    "tm:waterfall",
    "tm:watergun",
    "tm:waterpledge",
    "tm:waterpulse",
    "tm:whirlpool",
    "tm:willowisp",
    "tm:zenheadbutt",
    "tutor:aerialace",
    "tutor:ancientpower",
    "tutor:aquatail",
    "tutor:block",
    "tutor:bulldoze",
    "tutor:burningjealousy",
    "tutor:darkpulse",
    "tutor:dive",
    "tutor:earthpower",
    "tutor:firefang",
    "tutor:firepledge",
    "tutor:firepunch",
    "tutor:flamethrower",
    "tutor:flipturn",
    "tutor:heatwave",
    "tutor:hypervoice",
    "tutor:irondefense",
    "tutor:ironhead",
    "tutor:irontail",
    "tutor:lashout",
    "tutor:liquidation",
    "tutor:meteorbeam",
    "tutor:mysticalfire",
    "tutor:ominouswind",
    "tutor:outrage",
    "tutor:playrough",
    "tutor:poltergiest",
    "tutor:psychic",
    "tutor:rest",
    "tutor:rockslide",
    "tutor:rocksmash",
    "tutor:shadowball",
    "tutor:shadowclaw",
    "tutor:sleeptalk",
    "tutor:spite",
    "tutor:stealthrock",
    "tutor:stompingtantrum",
    "tutor:stoneedge",
    "tutor:superpower",
    "tutor:surf",
    "tutor:waterpledge",
    "tutor:waterpulse",
    "tutor:zenheadbutt"
  ],
  "evolutions": [
    {
      "id": "spinot_spinospecter",
      "variant": "level_up",
      "result": "spinospecter",
      "consumeHeldItem": false,
      "learnableMoves": [
        "willowisp"
      ],
      "requirements": [
        {
          "variant": "level",
          "minLevel": 39
        },
        {
          "variant": "time_range",
          "range": "night"
        }
      ]
    }
  ]
}
