{
  "implemented": true,
  "name": "Spinospecter",
  "primaryType": "rock",
  "secondaryType": "ghost",
  "maleRatio": 0.875,
  "height": 25,
  "weight": 2700,
  "pokedex": [
    "cobblemon.species.spinospecter.desc"
  ],
  "aspects": [],
  "abilities": [
    "waterabsorb",
    "h:thermalexchange"
  ],
  "eggGroups": [
    "water_1",
    "dragon"
  ],
  "baseStats": {
    "hp": 82,
    "attack": 121,
    "defence": 69,
    "special_attack": 71,
    "special_defence": 119,
    "speed": 59
  },
  "evYield": {
    "hp": 0,
    "attack": 0,
    "defence": 0,
    "special_attack": 0,
    "special_defence": 2,
    "speed": 0
  },
  "baseExperienceYield": 182,
  "experienceGroup": "medium_fast",
  "catchRate": 45,
  "eggCycles": 30,
  "baseFriendship": 50,
  "baseScale": 1,
  "hitbox": {
    "width": 3.05,
    "height": 4.65,
    "fixed": false
  },
  "behaviour": {
    "resting": {
      "canSleep": true,
      "light": "0-4"
    },
    "moving": {
      "walk": {
        "walkSpeed": 0.27
      },
      "swim": {
        "swimSpeed": 0.1,
        "canSwimInWater": true,
        "canBreatheUnderwater": true,
        "canWalkOnWater": false
      }
    }
  },
  "drops": {
    "amount": 1,
    "entries": [
      {
        "item": "minecraft:netherite_ingot",
        "quantityRange": "2-5"
      }
    ]
  },
  "moves": [
    "1:tailwhip",
    "1:scartch",
    "1:roar",
    "1:bide",
    "1:ancientpower",
    "12:hex",
    "16:charm",
    "20:shadowclaw",
    "24:stomp",
    "28:rockslide",
    "32:slash",
    "36:shadowball",
    "42:thrash",
    "48:earthquake",
    "54:phantomforce",
    "60:gigaimpact",
    "66:stoneedge",
    "egg:aquacutter",
    "egg:curse",
    "egg:rockpolish",
    "egg:rockthrow",
    "tm:aerialace",
    "tm:ancientpower",
    "tm:assurance",
    "tm:block",
    "tm:bodyslam",
    "tm:breakingswipe",
    "tm:brickbreak",
    "tm:brine",
    "tm:brutalswing",
    "tm:bubblebeam",
    "tm:bulldoze",
    "tm:burningjealousy",
    "tm:charm",
    "tm:chillingwater",
    "tm:closecombat",
    "tm:confuseray",
    "tm:crunch",
    "tm:curse",
    "tm:darkpulse",
    "tm:dig",
    "tm:dive",
    "tm:dragonclaw",
    "tm:dragontail",
    "tm:earthpower",
    "tm:earthquake",
    "tm:endure",
    "tm:facade",
    "tm:fireblast",
    "tm:firefang",
    "tm:firepledge",
    "tm:firepunch",
    "tm:firespin",
    "tm:flamecharge",
    "tm:flamethrower",
    "tm:flareblitz",
    "tm:flipturn",
    "tm:gigaimpact",
    "tm:heatcrash",
    "tm:heatwave",
    "tm:hex",
    "tm:highhorsepower",
    "tm:honeclaws",
    "tm:hydropump",
    "tm:hyperbeam",
    "tm:hypervoice",
    "tm:incinerate",
    "tm:irondefense",
    "tm:ironhead",
    "tm:irontail",
    "tm:lashout",
    "tm:liquidation",
    "tm:meteorbeam",
    "tm:muddywater",
    "tm:mysticalfire",
    "tm:nightmare",
    "tm:nightshade",
    "tm:outrage",
    "tm:overheat",
    "tm:phantomforce",
    "tm:playrough",
    "tm:poltergeist",
    "tm:protect",
    "tm:raindance",
    "tm:razorshell",
    "tm:rest",
    "tm:roar",
    "tm:rockblast",
    "tm:rockpolish",
    "tm:rockslide",
    "tm:rocksmash",
    "tm:rocktomb",
    "tm:sandstorm",
    "tm:scald",
    "tm:scaleshot",
    "tm:scaryface",
    "tm:shadowball",
    "tm:shadowclaw",
    "tm:sleeptalk",
    "tm:spite",
    "tm:stealthrock",
    "tm:stompingtantrum",
    "tm:stoneedge",
    "tm:strength",
    "tm:substitute",
    "tm:sunnyday",
    "tm:superpower",
    "tm:surf",
    "tm:temperflare",
    "tm:terablast",
    "tm:waterfall",
    "tm:watergun",
    "tm:waterpledge",
    "tm:waterpulse",
    "tm:whirlpool",
    "tm:willowisp",
    "tm:zenheadbutt",
    "tutor:aerialace",
    "tutor:ancientpower",
    "tutor:aquatail",
    "tutor:block",
    "tutor:bulldoze",
    "tutor:burningjealousy",
    "tutor:darkpulse",
    "tutor:dive",
    "tutor:earthpower",
    "tutor:firefang",
    "tutor:firepledge",
    "tutor:firepunch",
    "tutor:flamethrower",
    "tutor:flipturn",
    "tutor:gigaimpact",
    "tutor:heatwave",
    "tutor:highhorsepower",
    "tutor:hyperbeam",
    "tutor:hypervoice",
    "tutor:irondefense",
    "tutor:ironhead",
    "tutor:irontail",
    "tutor:lashout",
    "tutor:liquidation",
    "tutor:meteorbeam",
    "tutor:mysticalfire",
    "tutor:ominouswind",
    "tutor:outrage",
    "tutor:playrough",
    "tutor:poltergiest",
    "tutor:psychic",
    "tutor:rest",
    "tutor:rockslide",
    "tutor:rocksmash",
    "tutor:shadowball",
    "tutor:shadowclaw",
    "tutor:spite",
    "tutor:sleeptalk",
    "tutor:stealthrock",
    "tutor:stompingtantrum",
    "tutor:stoneedge",
    "tutor:superpower",
    "tutor:surf",
    "tutor:waterpledge",
    "tutor:waterpulse",
    "tutor:zenheadbutt"
  ],
  "preEvolution": "spinot",
  "evolutions": []
}
