{
  "implemented": true,
  "name": "Stegostormus",
  "primaryType": "rock",
  "secondaryType": "electric",
  "maleRatio": 0.875,
  "height": 27,
  "weight": 2250,
  "pokedex": [
    "cobblemon.species.stegostormus.desc"
  ],
  "aspects": [],
  "abilities": [
    "static",
    "h:rockhead"
  ],
  "eggGroups": [
    "monster"
  ],
  "baseStats": {
    "hp": 82,
    "attack": 119,
    "defence": 69,
    "special_attack": 121,
    "special_defence": 71,
    "speed": 59
  },
  "evYield": {
    "hp": 0,
    "attack": 0,
    "defence": 0,
    "special_attack": 2,
    "special_defence": 0,
    "speed": 0
  },
  "baseExperienceYield": 182,
  "experienceGroup": "medium_fast",
  "catchRate": 45,
  "eggCycles": 30,
  "baseFriendship": 50,
  "baseScale": 1,
  "hitbox": {
    "width": 2.4,
    "height": 5.1,
    "fixed": false
  },
  "behaviour": {
    "resting": {
      "canSleep": true,
      "light": "0-4"
    },
    "moving": {
      "walk": {
        "walkSpeed": 0.2
      }
    }
  },
  "drops": {
    "amount": 1,
    "entries": [
      {
        "item": "minecraft:gold_ingot",
        "quantityRange": "2-5"
      }
    ]
  },
  "moves": [
    "1:tailwhip",
    "1:tackle",
    "1:thundershock",
    "1:bide",
    "1:ancientpower",
    "12:charm",
    "16:thunderwave",
    "20:dragontail",
    "24:stomp",
    "28:rockslide",
    "32:raindance",
    "36:thunderbolt",
    "42:thrash",
    "48:earthquake",
    "54:irontail",
    "60:gigaimpact",
    "66:thunder",
    "egg:aquatail",
    "egg:curse",
    "egg:rockpolish",
    "egg:rockthrow",

    "tm:ancientpower",
    "tm:aquatail",
    "tm:bodyslam",
    "tm:bulldoze",
    "tm:calmmind",
    "tm:charge",
    "tm:chargebeam",
    "tm:darkpulse",
    "tm:dragontail",
    "tm:earthpower",
    "tm:earthquake",
    "tm:echoedvoice",
    "tm:eerieimpulse",
    "tm:electricterrain",
    "tm:electroball",
    "tm:electroweb",
    "tm:encore",
    "tm:endure",
    "tm:facade",
    "tm:flash",
    "tm:flashcannon",
    "tm:gigaimpact",
    "tm:hyperbeam",
    "tm:hypervoice",
    "tm:irondefense",
    "tm:ironhead",
    "tm:irontail",
    "tm:lightscreen",
    "tm:magnetrise",
    "tm:meteorbeam",
    "tm:mudshot",
    "tm:naturepower",
    "tm:outrage",
    "tm:poisontail",
    "tm:protect",
    "tm:psychic",
    "tm:psychup",
    "tm:raindance",
    "tm:reflect",
    "tm:rest",
    "tm:roar",
    "tm:rockblast",
    "tm:rockpolish",
    "tm:rockslide",
    "tm:rocksmash",
    "tm:rocktomb",
    "tm:round",
    "tm:safeguard",
    "tm:sandstorm",
    "tm:sleeptalk",
    "tm:stealthrock",
    "tm:stoneedge",
    "tm:substitute",
    "tm:supercellslam",
    "tm:tailslap",
    "tm:takedown",
    "tm:terablast",
    "tm:thunder",
    "tm:thunderbolt",
    "tm:thunderwave",
    "tm:voltswitch",
    "tm:waterpulse",
    "tm:weatherball",
    "tm:wildcharge",
    "tm:zapcannon",
    "tm:zenheadbutt",
    "tutor:ancientpower",
    "tutor:aquatail",
    "tutor:bulldoze",
    "tutor:calmmind",
    "tutor:chargebeam",
    "tutor:darkpulse",
    "tutor:defog",
    "tutor:earthpower",
    "tutor:electroweb",
    "tutor:flashcannon",
    "tutor:gigaimpact",
    "tutor:hyperbeam",
    "tutor:hypervoice",
    "tutor:icywind",
    "tutor:irondefense",
    "tutor:ironhead",
    "tutor:irontail",
    "tutor:magnetrise",
    "tutor:meteorbeam",
    "tutor:ominouswind",
    "tutor:outrage",
    "tutor:psychic",
    "tutor:rest",
    "tutor:risingvoltage",
    "tutor:rockslide",
    "tutor:rocksmash",
    "tutor:shockwave",
    "tutor:sleeptalk",
    "tutor:stealthrock",
    "tutor:stoneedge",
    "tutor:thunderbolt",
    "tutor:thunderwave",
    "tutor:volttackle",
    "tutor:waterpulse",
    "tutor:wildcharge",
    "tutor:zenheadbutt"
  ],
  "preEvolution": "thagolt",
  "evolutions": []
}
