{
  "implemented": true,
  "name": "Thagma",
  "primaryType": "rock",
  "secondaryType": "fire",
  "maleRatio": 0.125,
  "height": 13,
  "weight": 252,
  "pokedex": [
    "cobblemon.species.thagma.desc"
  ],
  "aspects": [],
  "abilities": [
    "blaze",
    "h:sturdy"
  ],
  "eggGroups": [
    "monster"
  ],
  "baseStats": {
    "hp": 59,
    "attack": 77,
    "defence": 45,
    "special_attack": 48,
    "special_defence": 89,
    "speed": 45
  },
  "evYield": {
    "hp": 0,
    "attack": 0,
    "defence": 0,
    "special_attack": 0,
    "special_defence": 1,
    "speed": 0
  },
  "baseExperienceYield": 72,
  "experienceGroup": "medium_fast",
  "catchRate": 45,
  "eggCycles": 30,
  "baseFriendship": 50,
  "baseScale": 1,
  "hitbox": {
    "width": 1.1,
    "height": 1.45,
    "fixed": false
  },
  "behaviour": {
    "resting": {
      "canSleep": true,
      "light": "0-4"
    },
    "moving": {
      "walk": {
        "walkSpeed": 0.2
      },
      "swim": {
        "canSwimInLava": true
      }
    }
  },
  "drops": {
    "amount": 1,
    "entries": [
        {
            "item": "minecraft:gold_ingot",
            "quantityRange": "1-2"
          },
          {
            "item": "minecraft:netherrack",
            "quantityRange": "1-2"
          }
    ]
  },
  "moves": [
    "1:tailwhip",
    "1:tackle",
    "1:bide",
    "4:ember",
    "8:ancientpower",
    "12:charm",
    "16:willowisp",
    "20:dragontail",
    "24:stomp",
    "28:rockslide",
    "32:sunnyday",
    "36:flamethrower",
    "40:thrash",
    "44:earthquake",
    "48:irontail",
    "egg:curse",
    "egg:irontail",
    "egg:rockpolish",
    "egg:rockthrow",
    "tm:ancientpower",
    "tm:aquatail",
    "tm:bodyslam",
    "tm:bulldoze",
    "tm:burningjealousy",
    "tm:calmmind",
    "tm:confuseray",
    "tm:curse",
    "tm:darkpulse",
    "tm:dragontail",
    "tm:earthpower",
    "tm:echoedvoice",
    "tm:encore",
    "tm:endure",
    "tm:facade",
    "tm:fireblast",
    "tm:firepledge",
    "tm:firespin",
    "tm:flamecharge",
    "tm:flamethrower",
    "tm:flash",
    "tm:flashcannon",
    "tm:heatcrash",
    "tm:heatwave",
    "tm:hex",
    "tm:hyperbeam",
    "tm:hypervoice",
    "tm:incinerate",
    "tm:irondefense",
    "tm:ironhead",
    "tm:irontail",
    "tm:lightscreen",
    "tm:meteorbeam",
    "tm:mudshot",
    "tm:mysticalfire",
    "tm:nightmare",
    "tm:nightshade",
    "tm:outrage",
    "tm:overheat",
    "tm:phantomforce",
    "tm:poisontail",
    "tm:poltergeist",
    "tm:protect",
    "tm:psychup",
    "tm:reflect",
    "tm:rest",
    "tm:roar",
    "tm:rockblast",
    "tm:rockpolish",
    "tm:rockslide",
    "tm:rocksmash",
    "tm:rocktomb",
    "tm:round",
    "tm:safeguard",
    "tm:sandstorm",
    "tm:shadowball",
    "tm:sleeptalk",
    "tm:spikes",
    "tm:spite",
    "tm:stealthrock",
    "tm:stoneedge",
    "tm:substitute",
    "tm:sunnyday",
    "tm:tailslap",
    "tm:takedown",
    "tm:terablast",
    "tm:toxicspikes",
    "tm:willowisp",
    "tm:zenheadbutt",
    "tutor:ancientpower",
    "tutor:aquatail",
    "tutor:bulldoze",
    "tutor:burningjealousy",
    "tutor:calmmind",
    "tutor:darkpulse",
    "tutor:earthpower",
    "tutor:firepledge",
    "tutor:flamethrower",
    "tutor:flashcannon",
    "tutor:heatwave",
    "tutor:hyperbeam",
    "tutor:hypervoice",
    "tutor:irondefense",
    "tutor:ironhead",
    "tutor:irontail",
    "tutor:meteorbeam",
    "tutor:mysticalfire",
    "tutor:ominouswind",
    "tutor:outrage",
    "tutor:poltergeist",
    "tutor:rest",
    "tutor:rockslide",
    "tutor:rocksmash",
    "tutor:shadowball",
    "tutor:sleeptalk",
    "tutor:spite",
    "tutor:stealthrock",
    "tutor:stoneedge",
    "tutor:zenheadbutt"
  ],
  "evolutions": [
    {
      "id": "thagma_kentrocano",
      "variant": "level_up",
      "result": "kentrocano",
      "consumeHeldItem": false,
      "learnableMoves": [
        "sunnyday"
      ],
      "requirements": [
        {
          "variant": "level",
          "minLevel": 39
        },
        {
          "variant": "time_range",
          "range": "day"
        }
      ]
    }
  ]
}
