{
  "implemented": true,
  "name": "Therizinoscythe",
  "primaryType": "rock",
  "secondaryType": "grass",
  "maleRatio": 0.125,
  "height": 12,
  "weight": 810,
  "pokedex": [
    "cobblemon.species.therizinoscythe.desc"
  ],
  "aspects": [],
  "abilities": [
    "overgrow",
    "sturdy",
    "h:sapsipper"
  ],
  "eggGroups": [
    "monster"
  ],
  "baseStats": {
    "hp": 110,
    "attack": 140,
    "defence": 65,
    "special_attack": 112,
    "special_defence": 65,
    "speed": 75
  },
  "evYield": {
    "hp": 0,
    "attack": 2,
    "defence": 0,
    "special_attack": 0,
    "special_defence": 0,
    "speed": 0
  },
  "baseExperienceYield": 177,
  "experienceGroup": "medium_fast",
  "catchRate": 45,
  "eggCycles": 30,
  "baseFriendship": 50,
  "baseScale": 1,
  "hitbox": {
    "width": 1.1,
    "height": 1.9,
    "fixed": false
  },
  "behaviour": {
    "moving": {
      "walk": {
        "walkSpeed": 0.14
      }
    }
  },
  "drops": {
    "amount": 1,
    "entries": [
      {
        "item": "cobblemon:leaf_stone",
        "quantityRange": "2-5"
      }
    ]
  },
  "moves": [
    "1:leafage",
    "1:quickattack",
    "1:scratch",
    "1:tailwhip",
    "1:rockthrow",
    "9:metalclaw",
    "12:ancientpower",
    "15:razorleaf",
    "18:quickguard",
    "21:uturn",
    "24:rockslide",
    "27:slash",
    "30:magicalleaf",
    "33:synthesis",
    "36:swordsdance",
    "41:leafstorm",
    "46:thrash",
    "51:stoneedge",
    "egg:doubleteam",
    "egg:knockoff",
    "egg:petaldance",
    "egg:switcheroo",
    "egg:swordsdance",
    "egg:synthesis",
    "tm:aerialace",
    "tm:aircutter",
    "tm:airslash",
    "tm:allyswitch",
    "tm:ancientpower",
    "tm:bulldoze",
    "tm:bulletseed",
    "tm:cut",
    "tm:dig",
    "tm:doubleteam",
    "tm:dragonclaw",
    "tm:dragontail",
    "tm:earthpower",
    "tm:earthquake",
    "tm:endeavor",
    "tm:endure",
    "tm:energyball",
    "tm:facade",
    "tm:focusblast",
    "tm:furycutter",
    "tm:gigadrain",
    "tm:gigaimpact",
    "tm:grassknot",
    "tm:grasspledge",
    "tm:grassyglide",
    "tm:grassyterrain",
    "tm:honeclaws",
    "tm:hyperbeam",
    "tm:irondefense",
    "tm:irontail",
    "tm:knockoff",
    "tm:lashout",
    "tm:leafstorm",
    "tm:magicalleaf",
    "tm:megadrain",
    "tm:metalclaw",
    "tm:meteorbeam",
    "tm:outrage",
    "tm:petalblizzard",
    "tm:protect",
    "tm:psychocut",
    "tm:razorwind",
    "tm:rest",
    "tm:roar",
    "tm:rockblast",
    "tm:rockpolish",
    "tm:rockslide",
    "tm:rocksmash",
    "tm:rocktomb",
    "tm:sandstorm",
    "tm:scaryface",
    "tm:seedbomb",
    "tm:shadowclaw",
    "tm:sleeptalk",
    "tm:smackdown",
    "tm:solarbeam",
    "tm:solarblade",
    "tm:stealthrock",
    "tm:stoneedge",
    "tm:substitute",
    "tm:swift",
    "tm:swordsdance",
    "tm:terablast",
    "tm:trailblaze",
    "tm:uproar",
    "tm:uturn",
    "tutor:aerialace",
    "tutor:allyswitch",
    "tutor:ancientpower",
    "tutor:aquatail",
    "tutor:bulldoze",
    "tutor:dualchop",
    "tutor:earthpower",
    "tutor:endeavor",
    "tutor:energyball",
    "tutor:falseswipe",
    "tutor:furycutter",
    "tutor:gigadrain",
    "tutor:grasspledge",
    "tutor:grassyglide",
    "tutor:gigaimpact",
    "tutor:hyperbeam",
    "tutor:irondefense",
    "tutor:irontail",
    "tutor:knockoff",
    "tutor:lashout",
    "tutor:magicalleaf",
    "tutor:meteorbeam",
    "tutor:outrage",
    "tutor:psychocut",
    "tutor:rest",
    "tutor:rockslide",
    "tutor:rocksmash",
    "tutor:seedbomb",
    "tutor:shadowclaw",
    "tutor:sleeptalk",
    "tutor:stealthrock",
    "tutor:stoneedge",
    "tutor:swift",
    "tutor:synthesis",
    "tutor:tripleaxel",
    "tutor:worryseed"
  ],
  "preEvolution": "zinoblade",
  "evolutions": []
}
