{
  "implemented": true,
  "name": "Triceraearth",
  "primaryType": "rock",
  "secondaryType": "psychic",
  "maleRatio": 0.875,
  "height": 13,
  "weight": 1495,
  "pokedex": [
    "cobblemon.species.triceraearth.desc"
  ],
  "aspects": [],
  "abilities": [
    "sturdy",
    "h:soundproof"
  ],
  "eggGroups": [
    "monster"
  ],
  "baseStats": {
    "hp": 123,
    "attack": 99,
    "defence": 92,
    "special_attack": 77,
    "special_defence": 72,
    "speed": 58
  },
  "evYield": {
    "hp": 0,
    "attack": 0,
    "defence": 2,
    "special_attack": 0,
    "special_defence": 0,
    "speed": 0
  },
  "baseExperienceYield": 104,
  "experienceGroup": "medium_fast",
  "catchRate": 45,
  "eggCycles": 30,
  "baseFriendship": 50,
  "baseScale": 1,
  "hitbox": {
    "width": 1.75,
    "height": 1.95,
    "fixed": false
  },
  "behaviour": {
    "resting": {
      "canSleep": true,
      "light": "0-4"
    },
    "moving": {
      "walk": {
        "walkSpeed": 0.2
      }
    }
  },
  "drops": {
    "amount": 1,
    "entries": [
      {
        "item": "minecraft:emerald",
        "quantityRange": "2-3"
      }
    ]
  },
  "moves": [
    "1:growl",
    "1:tackle",
    "1:rockthrow",
    "1:ancientpower",
    "1:protect",
    "12:confusion",
    "16:hornattack",
    "20:irondefense",
    "24:psyshieldbash",
    "28:lightscreen",
    "32:zenheadbutt",
    "36:calmmind",
    "42:psychic",
    "48:thrash",
    "54:horndrill",
    "60:futuresight",
    "66:gigaimpact",
    "egg:curse",
    "egg:headbutt",
    "egg:rockpolish",
    "egg:rockthrow",
    "tm:agility",
    "tm:allyswitch",
    "tm:amnesia",
    "tm:ancientpower",
    "tm:block",
    "tm:bodyslam",
    "tm:brickbreak",
    "tm:bulldoze",
    "tm:calmmind",
    "tm:charm",
    "tm:closecombat",
    "tm:curse",
    "tm:dig",
    "tm:dreameater",
    "tm:drillrun",
    "tm:earthpower",
    "tm:earthquake",
    "tm:endure",
    "tm:expandingforce",
    "tm:facade",
    "tm:fissure",
    "tm:futuresight",
    "tm:gigaimpact",
    "tm:gravity",
    "tm:guardswap",
    "tm:highhorsepower",
    "tm:hyperbeam",
    "tm:hypervoice",
    "tm:imprison",
    "tm:irondefense",
    "tm:ironhead",
    "tm:lightscreen",
    "tm:magicroom",
    "tm:meteorbeam",
    "tm:mudshot",
    "tm:mudslap",
    "tm:outrage",
    "tm:playrough",
    "tm:powerswap",
    "tm:protect",
    "tm:psybeam",
    "tm:psychic",
    "tm:psychicnoise",
    "tm:psychicterrain",
    "tm:psychocut",
    "tm:psyshock",
    "tm:psywave",
    "tm:reflect",
    "tm:rest",
    "tm:roar",
    "tm:rockblast",
    "tm:rockpolish",
    "tm:rockslide",
    "tm:rocksmash",
    "tm:rocktomb",
    "tm:sandstorm",
    "tm:sandtomb",
    "tm:scaryface",
    "tm:scorchingsands",
    "tm:skillswap",
    "tm:sleeptalk",
    "tm:speedswap",
    "tm:spikes",
    "tm:stealthrock",
    "tm:stompingtantrum",
    "tm:stoneedge",
    "tm:storedpower",
    "tm:strength",
    "tm:substitute",
    "tm:sunnyday",
    "tm:superpower",
    "tm:telekinesis",
    "tm:teleport",
    "tm:terablast",
    "tm:trick",
    "tm:trickroom",
    "tm:wonderroom",
    "tm:zenheadbutt",
    "tutor:allyswitch",
    "tutor:ancientpower",
    "tutor:block",
    "tutor:bulldoze",
    "tutor:calmmind",
    "tutor:dreameater",
    "tutor:drillrun",
    "tutor:earthpower",
    "tutor:expandingforce",
    "tutor:gigaimpact",
    "tutor:gravity",
    "tutor:highhorsepower",
    "tutor:hyperbeam",
    "tutor:hypervoice",
    "tutor:irondefense",
    "tutor:ironhead",
    "tutor:magiccoat",
    "tutor:magicroom",
    "tutor:meteorbeam",
    "tutor:mudslap",
    "tutor:outrage",
    "tutor:playrough",
    "tutor:psychic",
    "tutor:psychocut",
    "tutor:rest",
    "tutor:rockslide",
    "tutor:rocksmash",
    "tutor:roleplay",
    "tutor:scorchingsands",
    "tutor:skillswap",
    "tutor:sleeptalk",
    "tutor:spikes",
    "tutor:stealthrock",
    "tutor:stompingtantrum",
    "tutor:stoneedge",
    "tutor:superpower",
    "tutor:telekinesis",
    "tutor:trick",
    "tutor:wonderroom",
    "tutor:zenheadbutt"
  ],
  "preEvolution": "dirtops",
  "evolutions": []
}
