{
  "implemented": true,
  "name": "Yutyrantrum",
  "primaryType": "rock",
  "secondaryType": "ice",
  "maleRatio": 0.125,
  "height": 25,
  "weight": 2700,
  "pokedex": [
    "cobblemon.species.yutyrantrum.desc"
  ],
  "aspects": [],
  "abilities": [
    "thickfat",
    "h:rockhead"
  ],
  "eggGroups": [
    "monster",
    "dragon"
  ],
  "baseStats": {
    "hp": 82,
    "attack": 121,
    "defence": 119,
    "special_attack": 69,
    "special_defence": 59,
    "speed": 71
  },
  "evYield": {
    "hp": 0,
    "attack": 2,
    "defence": 0,
    "special_attack": 0,
    "special_defence": 0,
    "speed": 0
  },
  "baseExperienceYield": 182,
  "experienceGroup": "medium_fast",
  "catchRate": 45,
  "eggCycles": 30,
  "baseFriendship": 50,
  "baseScale": 1,
  "hitbox": {
    "width": 3.05,
    "height": 4.65,
    "fixed": false
  },
  "behaviour": {
    "resting": {
      "canSleep": true,
      "light": "0-4"
    },
    "moving": {
      "walk": {
        "walkSpeed": 0.27
      }
    }
  },
  "drops": {
    "amount": 1,
    "entries": [
      {
        "item": "cobblemon:ice_stone",
        "quantityRange": "2-5"
      }
    ]
  },
  "moves": [
    "1:ancientpower",
    "1:powdersnow",
    "1:roar",
    "1:tackle",
    "1:tailwhip",
    "12:charm",
    "16:bite",
    "20:icywind",
    "24:stomp",
    "28:rockslide",
    "32:crunch",
    "36:icebeam",
    "42:thrash",
    "48:earthquake",
    "54:blizzard",
    "60:gigaimpact",
    "66:headsmash",
    "egg:curse",
    "egg:icefang",
    "egg:rockpolish",
    "egg:rockthrow",
    "tm:aerialace",
    "tm:ancientpower",
    "tm:auroraveil",
    "tm:avalanche",
    "tm:blizzard",
    "tm:block",
    "tm:bodyslam",
    "tm:brickbreak",
    "tm:brutalswing",
    "tm:bulldoze",
    "tm:charm",
    "tm:closecombat",
    "tm:crunch",
    "tm:curse",
    "tm:dig",
    "tm:dragontail",
    "tm:earthpower",
    "tm:earthquake",
    "tm:endure",
    "tm:facade",
    "tm:firefang",
    "tm:frostbreath",
    "tm:gigaimpact",
    "tm:hail",
    "tm:haze",
    "tm:highhorsepower",
    "tm:honeclaws",
    "tm:hyperbeam",
    "tm:hypervoice",
    "tm:icebeam",
    "tm:icefang",
    "tm:iciclespear",
    "tm:icywind",
    "tm:irondefense",
    "tm:ironhead",
    "tm:irontail",
    "tm:meteorbeam",
    "tm:outrage",
    "tm:playrough",
    "tm:protect",
    "tm:psychicfangs",
    "tm:rest",
    "tm:roar",
    "tm:rockblast",
    "tm:rockpolish",
    "tm:rockslide",
    "tm:rocksmash",
    "tm:rocktomb",
    "tm:sandstorm",
    "tm:scaryface",
    "tm:sleeptalk",
    "tm:snowscape",
    "tm:stealthrock",
    "tm:stompingtantrum",
    "tm:stoneedge",
    "tm:strength",
    "tm:substitute",
    "tm:superpower",
    "tm:terablast",
    "tm:thunderfang",
    "tm:tripleaxel",
    "tm:zenheadbutt",
    "tutor:aerialace",
    "tutor:ancientpower",
    "tutor:block",
    "tutor:bulldoze",
    "tutor:earthpower",
    "tutor:firefang",
    "tutor:gigaimpact",
    "tutor:highhorsepower",
    "tutor:hyperbeam",
    "tutor:hypervoice",
    "tutor:iceball",
    "tutor:icebeam",
    "tutor:icefang",
    "tutor:icywind",
    "tutor:irondefense",
    "tutor:ironhead",
    "tutor:irontail",
    "tutor:meteorbeam",
    "tutor:outrage",
    "tutor:playrough",
    "tutor:psychic",
    "tutor:rest",
    "tutor:rockslide",
    "tutor:rocksmash",
    "tutor:sleeptalk",
    "tutor:stealthrock",
    "tutor:stompingtantrum",
    "tutor:stoneedge",
    "tutor:superpower",
    "tutor:thunderfang",
    "tutor:tripleaxel",
    "tutor:zenheadbutt"
  ],
  "preEvolution": "yutyrunt",
  "evolutions": []
}