{
  "implemented": true,
  "name": "Yutyrunt",
  "primaryType": "rock",
  "secondaryType": "ice",
  "maleRatio": 0.125,
  "height": 8,
  "weight": 260,
  "pokedex": [
    "cobblemon.species.yutyrunt.desc"
  ],
  "aspects": [],
  "abilities": [
    "thickfat",
    "h:sturdy"
  ],
  "eggGroups": [
    "monster",
    "dragon"
  ],
  "baseStats": {
    "hp": 58,
    "attack": 89,
    "defence": 77,
    "special_attack": 45,
    "special_defence": 45,
    "speed": 48
  },
  "evYield": {
    "hp": 0,
    "attack": 1,
    "defence": 0,
    "special_attack": 0,
    "special_defence": 0,
    "speed": 0
  },
  "baseExperienceYield": 72,
  "experienceGroup": "medium_fast",
  "catchRate": 45,
  "eggCycles": 30,
  "baseFriendship": 50,
  "baseScale": 1,
  "hitbox": {
    "width": 1.1,
    "height": 1.45,
    "fixed": false
  },
  "behaviour": {
    "resting": {
      "canSleep": true,
      "light": "0-4"
    },
    "moving": {
      "walk": {
        "walkSpeed": 0.19
      }
    }
  },
  "drops": {
    "amount": 1,
    "entries": [
      {
        "item": "cobblemon:ice_stone",
        "quantityRange": "1-2"
      }
    ]
  },
  "moves": [
    "1:powdersnow",
    "1:tackle",
    "1:tailwhip",
    "4:roar",
    "8:ancientpower",
    "12:charm",
    "16:bite",
    "20:icywind",
    "24:stomp",
    "28:rockslide",
    "32:crunch",
    "36:icebeam",
    "40:thrash",
    "44:earthquake",
    "48:blizzard",
    "egg:curse",
    "egg:icefang",
    "egg:rockpolish",
    "egg:rockthrow",
    "tm:aerialace",
    "tm:ancientpower",
    "tm:auroraveil",
    "tm:avalanche",
    "tm:blizzard",
    "tm:block",
    "tm:bodyslam",
    "tm:brickbreak",
    "tm:bulldoze",
    "tm:charm",
    "tm:closecombat",
    "tm:crunch",
    "tm:curse",
    "tm:dig",
    "tm:dragontail",
    "tm:earthpower",
    "tm:earthquake",
    "tm:endure",
    "tm:facade",
    "tm:firefang",
    "tm:frostbreath",
    "tm:hail",
    "tm:haze",
    "tm:honeclaws",
    "tm:hypervoice",
    "tm:icebeam",
    "tm:icefang",
    "tm:iciclespear",
    "tm:icywind",
    "tm:irondefense",
    "tm:ironhead",
    "tm:irontail",
    "tm:meteorbeam",
    "tm:outrage",
    "tm:playrough",
    "tm:protect",
    "tm:psychicfangs",
    "tm:rest",
    "tm:roar",
    "tm:rockblast",
    "tm:rockpolish",
    "tm:rockslide",
    "tm:rocksmash",
    "tm:rocktomb",
    "tm:sandstorm",
    "tm:scaryface",
    "tm:sleeptalk",
    "tm:snowscape",
    "tm:stealthrock",
    "tm:stompingtantrum",
    "tm:stoneedge",
    "tm:strength",
    "tm:substitute",
    "tm:superpower",
    "tm:terablast",
    "tm:thunderfang",
    "tm:tripleaxel",
    "tm:zenheadbutt",
    "tutor:aerialace",
    "tutor:ancientpower",
    "tutor:block",
    "tutor:bulldoze",
    "tutor:earthpower",
    "tutor:firefang",
    "tutor:hypervoice",
    "tutor:iceball",
    "tutor:icebeam",
    "tutor:icefang",
    "tutor:icywind",
    "tutor:irondefense",
    "tutor:ironhead",
    "tutor:irontail",
    "tutor:meteorbeam",
    "tutor:outrage",
    "tutor:playrough",
    "tutor:psychic",
    "tutor:rest",
    "tutor:rockslide",
    "tutor:rocksmash",
    "tutor:sleeptalk",
    "tutor:stealthrock",
    "tutor:stompingtantrum",
    "tutor:stoneedge",
    "tutor:superpower",
    "tutor:thunderfang",
    "tutor:tripleaxel",
    "tutor:zenheadbutt"
  ],
  "evolutions": [
    {
      "id": "yutyrunt_yutyrantrum",
      "variant": "level_up",
      "result": "yutyrantrum",
      "consumeHeldItem": false,
      "learnableMoves": [
        "icefang"
      ],
      "requirements": [
        {
          "variant": "level",
          "minLevel": 39
        },
        {
          "variant": "time_range",
          "range": "night"
        }
      ]
    }
  ]
}
