{
  "implemented": true,
  "name": "Zinoblade",
  "primaryType": "rock",
  "secondaryType": "grass",
  "maleRatio": 0.125,
  "height": 7,
  "weight": 165,
  "pokedex": [
    "cobblemon.species.zinoblade.desc"
  ],
  "aspects": [],
  "abilities": [
    "overgrow",
    "sturdy",
    "h:sapsipper"
  ],
  "eggGroups": [
    "monster"
  ],
  "baseStats": {
    "hp": 70,
    "attack": 112,
    "defence": 74,
    "special_attack": 45,
    "special_defence": 45,
    "speed": 55
  },
  "evYield": {
    "hp": 0,
    "attack": 1,
    "defence": 0,
    "special_attack": 0,
    "special_defence": 0,
    "speed": 0
  },
  "baseExperienceYield": 71,
  "experienceGroup": "medium_fast",
  "catchRate": 45,
  "eggCycles": 30,
  "baseFriendship": 50,
  "shoulderMountable": true,
  "baseScale": 0.75,
  "hitbox": {
    "width": 1.1,
    "height": 0.5,
    "fixed": false
  },
  "behaviour": {
    "resting": {
      "canSleep": true,
      "light": "0-4"
    },
    "moving": {
      "walk": {
        "walkSpeed": 0.12
      }
    }
  },
  "drops": {
    "amount": 1,
    "entries": [
      {
        "item": "cobblemon:leaf_stone",
        "quantityRange": "1-2"
      }
    ]
  },
  "moves": [
    "1:quickattack",
    "1:scratch",
    "1:tailwhip",
    "3:rockthrow",
    "6:leafage",
    "9:metalclaw",
    "12:ancientpower",
    "15:razorleaf",
    "18:quickguard",
    "21:uturn",
    "24:rockslide",
    "27:slash",
    "30:magicalleaf",
    "33:synthesis",
    "36:swordsdance",
    "39:leafstorm",
    "42:thrash",
    "45:stoneedge",
    "egg:doubleteam",
    "egg:knockoff",
    "egg:petaldance",
    "egg:switcheroo",
    "egg:swordsdance",
    "egg:synthesis",
    "tm:aerialace",
    "tm:aircutter",
    "tm:airslash",
    "tm:allyswitch",
    "tm:ancientpower",
    "tm:bulldoze",
    "tm:bulletseed",
    "tm:cut",
    "tm:dig",
    "tm:doubleteam",
    "tm:dragonclaw",
    "tm:dragontail",
    "tm:earthpower",
    "tm:earthquake",
    "tm:endeavor",
    "tm:endure",
    "tm:facade",
    "tm:energyball",
    "tm:furycutter",
    "tm:gigadrain",
    "tm:grassknot",
    "tm:grasspledge",
    "tm:grassyglide",
    "tm:grassyterrain",
    "tm:honeclaws",
    "tm:irondefense",
    "tm:irontail",
    "tm:knockoff",
    "tm:lashout",
    "tm:leafstorm",
    "tm:magicalleaf",
    "tm:megadrain",
    "tm:metalclaw",
    "tm:meteorbeam",
    "tm:petalblizzard",
    "tm:protect",
    "tm:psychocut",
    "tm:razorwind",
    "tm:rest",
    "tm:roar",
    "tm:rockblast",
    "tm:rockpolish",
    "tm:rockslide",
    "tm:rocksmash",
    "tm:rocktomb",
    "tm:sandstorm",
    "tm:scaryface",
    "tm:seedbomb",
    "tm:shadowclaw",
    "tm:sleeptalk",
    "tm:smackdown",
    "tm:solarbeam",
    "tm:solarblade",
    "tm:stealthrock",
    "tm:stoneedge",
    "tm:substitute",
    "tm:swift",
    "tm:swordsdance",
    "tm:terablast",
    "tm:trailblaze",
    "tm:uproar",
    "tm:uturn",
    "tutor:aerialace",
    "tutor:allyswitch",
    "tutor:ancientpower",
    "tutor:aquatail",
    "tutor:bulldoze",
    "tutor:dualchop",
    "tutor:earthpower",
    "tutor:endeavor",
    "tutor:energyball",
    "tutor:falseswipe",
    "tutor:furycutter",
    "tutor:gigadrain",
    "tutor:grasspledge",
    "tutor:grassyglide",
    "tutor:irondefense",
    "tutor:irontail",
    "tutor:knockoff",
    "tutor:lashout",
    "tutor:magicalleaf",
    "tutor:meteorbeam",
    "tutor:psychocut",
    "tutor:rest",
    "tutor:rockslide",
    "tutor:rocksmash",
    "tutor:seedbomb",
    "tutor:shadowclaw",
    "tutor:sleeptalk",
    "tutor:stealthrock",
    "tutor:stoneedge",
    "tutor:swift",
    "tutor:synthesis",
    "tutor:tripleaxel",
    "tutor:worryseed"
  ],
  "evolutions": [
    {
      "id": "zinoblade_therizinoscythe",
      "variant": "level_up",
      "result": "therizinoscythe",
      "consumeHeldItem": false,
      "learnableMoves": [],
      "requirements": [
        {
          "variant": "level",
          "minLevel": 37
        }
      ]
    }
  ]
}
