{
	"format_version": "1.8.0",
	"animations": {
		"animation.uneye.ground_idle": {
			"loop": true,
			"animation_length": 2.8,
			"bones": {
				"head": {
					"position": {
						"0.0": [0, 17, 0],
						"1.2": [0, 15, 0],
						"2.8": [0, 17, 0]
					}
				},
				"bone2": {
					"rotation": {
						"0.0": [32.5, 0, 0],
						"2.8": [32.5, 0, 0]
					},
					"position": {
						"0.0": [0, 17, 0],
						"1.2": [0, 15, 0],
						"2.8": [0, 17, 0]
					}
				},
				"bone3": {
					"rotation": {
						"0.0": [0, 37.5, 0],
						"1.2": [-23.9218, 31.73952, -23.20551],
						"2.8": [0, 37.5, 0]
					}
				},
				"bone5": {
					"rotation": {
						"0.0": [0, 0, 0],
						"1.2": [-20, 0, 0],
						"2.8": [0, 0, 0]
					}
				},
				"bone4": {
					"rotation": {
						"0.0": [0, -37.5, 0],
						"1.2": [-23.9218, -31.73952, 23.20551],
						"2.8": [0, -37.5, 0]
					}
				},
				"bone6": {
					"rotation": {
						"0.0": [0, 0, 0],
						"1.2": [-20, 0, 0],
						"2.8": [0, 0, 0]
					}
				}
			}
		},
		"animation.uneye.ground_walk": {
			"loop": true,
			"animation_length": 1.04,
			"bones": {
				"head": {
					"position": {
						"0.0": [0, 16, -1],
						"0.52": [0, 14, -1],
						"1.04": [0, 16, -1]
					}
				},
				"bone2": {
					"rotation": {
						"0.0": [52.5, 0, 0],
						"1.04": [52.5, 0, 0]
					},
					"position": {
						"0.0": [0, 17, 0],
						"0.56": [0, 15, 0],
						"1.04": [0, 17, 0]
					}
				},
				"bone3": {
					"rotation": {
						"0.0": [3.90467, 18.02243, 6.0053],
						"0.52": [-13.59533, 18.02243, 6.0053],
						"1.04": [3.90467, 18.02243, 6.0053]
					}
				},
				"bone5": {
					"rotation": {
						"0.0": [-27.5, 0, 0],
						"0.52": [27.5, 0, 0],
						"1.04": [-27.5, 0, 0]
					}
				},
				"bone4": {
					"rotation": {
						"0.0": [4.17491, -15.57093, -6.56497],
						"0.52": [-13.32509, -15.57093, -6.56497],
						"1.04": [4.17491, -15.57093, -6.56497]
					}
				},
				"bone6": {
					"rotation": {
						"0.0": [-27.5, 0, 0],
						"0.52": [27.5, 0, 0],
						"1.04": [-27.5, 0, 0]
					}
				}
			}
		}
	}
}