{
	"format_version": "1.8.0",
	"animations": {
		"animation.stroddler.ground_idle": {
			"loop": true,
			"animation_length": 0.5,
			"bones": {
				"whole": {
					"rotation": [0, 0, 90],
					"position": {
						"0.0": [-3.5, 4, 1],
						"0.25": [-3.5, 11, 1],
						"0.5": [-3.5, 4, 1]
					}
				},
				"head": {
					"rotation": {
						"0.0": [0, 2.5, 0],
						"0.125": [0, -20, 0],
						"0.25": [0, 2.5, 0]
					}
				},
				"left": {
					"rotation": {
						"0.0": [0, 0, 27.5],
						"0.25": [0, 0, 10],
						"0.5": [0, 0, 27.5]
					}
				},
				"right": {
					"rotation": {
						"0.0": [0, 0, 0],
						"0.25": [0, 0, -25],
						"0.5": [0, 0, 0]
					}
				},
				"tail": {
					"rotation": {
						"0.0": [0, -47.5, 0],
						"0.25": [0, 45, 0],
						"0.5": [0, -47.5, 0]
					}
				}
			}
		},
		"animation.stroddler.ground_walk": {
			"loop": true,
			"animation_length": 0.5,
			"bones": {
				"whole": {
					"rotation": [0, 0, 90],
					"position": {
						"0.0": [-3.5, 4, 1],
						"0.25": [-3.5, 11, 1],
						"0.5": [-3.5, 4, 1]
					}
				},
				"head": {
					"rotation": {
						"0.0": [0, 2.5, 0],
						"0.125": [0, -20, 0],
						"0.25": [0, 2.5, 0]
					}
				},
				"left": {
					"rotation": {
						"0.0": [0, 0, 27.5],
						"0.25": [0, 0, 10],
						"0.5": [0, 0, 27.5]
					}
				},
				"right": {
					"rotation": {
						"0.0": [0, 0, 0],
						"0.25": [0, 0, -25],
						"0.5": [0, 0, 0]
					}
				},
				"tail": {
					"rotation": {
						"0.0": [0, -47.5, 0],
						"0.25": [0, 45, 0],
						"0.5": [0, -47.5, 0]
					}
				}
			}
		},
		"animation.stroddler.ground_sleep": {
			"loop": true,
			"animation_length": 4,
			"bones": {
				"whole": {
					"rotation": [0, 0, -270],
					"position": [-4, 4, 0]
				},
				"head": {
					"position": {
						"0.0": [0, 0, 0],
						"2.0": [0.25, 0, 0],
						"4.0": [0, 0, 0]
					}
				},
				"left": {
					"rotation": [0, 0, 32.5]
				},
				"right": {
					"rotation": [0, 0, -22.5]
				},
				"eyes": {
					"position": [0, 0, 0.25]
				},
				"tail": {
					"rotation": [0, 25, 0]
				}
			}
		},
		"animation.stroddler.water_idle": {
			"loop": true,
			"animation_length": 3,
			"bones": {
				"whole": {
					"rotation": {
						"0.0": [0, 0, -2.5],
						"0.75": [-2.49762, 0.10901, 2.49762],
						"1.5": [0, 0, -2.5],
						"2.25": [2.49762, -0.10901, 2.49762],
						"3.0": [0, 0, -2.5]
					},
					"position": {
						"0.0": [0, 4, 0],
						"0.75": [0, 4.5, 0],
						"1.5": [0, 4, 0],
						"2.25": [0, 3.5, 0],
						"3.0": [0, 4, 0]
					}
				},
				"left": {
					"rotation": {
						"0.0": [0, 0, 0],
						"0.75": [0, 0, 15],
						"1.5": [0, 0, 0],
						"2.25": [0, 0, -10],
						"3.0": [0, 0, 0]
					}
				},
				"right": {
					"rotation": {
						"0.0": [0, 0, 0],
						"0.75": [0, 0, -10],
						"1.5": [0, 0, 0],
						"2.25": [0, 0, 15],
						"3.0": [0, 0, 0]
					}
				},
				"tail": {
					"rotation": {
						"0.0": [0, 0, 0],
						"0.75": [0, 12.08, 0],
						"1.5": [0, 0, 0],
						"2.25": [0, -12.5, 0],
						"3.0": [0, 0, 0]
					}
				}
			}
		},
		"animation.stroddler.water_swim": {
			"loop": true,
			"animation_length": 0.5,
			"bones": {
				"whole": {
					"rotation": {
						"0.0": [0, 0, 0],
						"0.125": [-2.5, 0, 0],
						"0.25": [0, 0, 0],
						"0.375": [2.5, 0, 0],
						"0.5": [0, 0, 0]
					},
					"position": [0, 4, 0]
				},
				"head": {
					"rotation": {
						"0.0": [0, 10, 0],
						"0.125": [0, 0, 0],
						"0.25": [0, -10, 0],
						"0.375": [0, 0, 0],
						"0.5": [0, 10, 0]
					}
				},
				"right": {
					"rotation": {
						"0.0": [0, 0, -15],
						"0.125": [0, 0, 0],
						"0.25": [0, 0, 15],
						"0.375": [0, 0, 0],
						"0.5": [0, 0, -15]
					}
				},
				"tail": {
					"rotation": {
						"0.0": [0, -27.5, 0],
						"0.125": [0, 0, 0],
						"0.25": [0, 27.5, 0],
						"0.375": [0, 0, 0],
						"0.5": [0, -27.5, 0]
					}
				}
			}
		},
		"animation.stroddler.water_sleep": {
			"loop": true,
			"animation_length": 3,
			"bones": {
				"whole": {
					"rotation": {
						"0.0": [12.5, 0, 0],
						"1.5": [9.99067, -0.43399, 2.46207],
						"3.0": [12.5, 0, 0]
					},
					"position": [0, 4, 0]
				},
				"right": {
					"rotation": {
						"0.0": [0, 0, 0],
						"1.5": [0, 0, -10],
						"3.0": [0, 0, 0]
					}
				},
				"tail": {
					"rotation": {
						"0.0": [-25, 0, 0],
						"1.5": [-35, 0, 0],
						"3.0": [-25, 0, 0]
					},
					"position": [0, 0, -1]
				},
				"left": {
					"rotation": {
						"0.0": [0, 0, 0],
						"1.5": [0, 0, -10],
						"3.0": [0, 0, 0]
					}
				},
				"eyes": {
					"position": [0, 0, 1]
				}
			}
		},
		"animation.stroddler.surfacewater_idle": {
			"loop": true,
			"animation_length": 3,
			"bones": {
				"whole": {
					"rotation": {
						"0.0": [-12.5, 0, -2.5],
						"0.75": [-14.99762, 0.10901, 2.49762],
						"1.5": [-10, 0, -2.5],
						"2.25": [-15.00238, -0.10901, 2.49762],
						"3.0": [-12.5, 0, -2.5]
					},
					"position": {
						"0.0": [0, -4, 0],
						"0.75": [0, -4.5, 0],
						"1.5": [0, -4, 0],
						"2.25": [0, -4.5, 0],
						"3.0": [0, -4, 0]
					}
				},
				"left": {
					"rotation": {
						"0.0": [0, 0, 0],
						"0.75": [0, 0, 15],
						"1.5": [0, 0, 0],
						"2.25": [0, 0, -10],
						"3.0": [0, 0, 0]
					}
				},
				"right": {
					"rotation": {
						"0.0": [0, 0, 0],
						"0.75": [0, 0, -10],
						"1.5": [0, 0, 0],
						"2.25": [0, 0, 15],
						"3.0": [0, 0, 0]
					}
				},
				"tail": {
					"rotation": {
						"0.0": [0, 0, 0],
						"0.75": [0, 12.08, 0],
						"1.5": [0, 0, 0],
						"2.25": [0, -12.5, 0],
						"3.0": [0, 0, 0]
					}
				}
			}
		},
		"animation.stroddler.surfacewater_swim": {
			"loop": true,
			"animation_length": 0.5,
			"bones": {
				"whole": {
					"rotation": {
						"0.0": [-7.5, 0, 0],
						"0.125": [-2.5, 0, 0],
						"0.25": [0, 0, 0],
						"0.375": [2.5, 0, 0],
						"0.5": [-7.5, 0, 0]
					},
					"position": {
						"0.0": [0, -5, 0],
						"0.5": [0, -5, 0]
					}
				},
				"head": {
					"rotation": {
						"0.0": [0, 10, 0],
						"0.125": [0, 0, 0],
						"0.25": [0, -10, 0],
						"0.375": [0, 0, 0],
						"0.5": [0, 10, 0]
					},
					"position": [0, 0, 0]
				},
				"right": {
					"rotation": {
						"0.0": [0, 0, -15],
						"0.125": [0, 0, 0],
						"0.25": [0, 0, 15],
						"0.375": [0, 0, 0],
						"0.5": [0, 0, -15]
					}
				},
				"tail": {
					"rotation": {
						"0.0": [0, -27.5, 0],
						"0.125": [0, 0, 0],
						"0.25": [0, 27.5, 0],
						"0.375": [0, 0, 0],
						"0.5": [0, -27.5, 0]
					}
				}
			}
		},
		"animation.stroddler.ground_faint": {
			"loop": "hold_on_last_frame",
			"animation_length": 3,
			"bones": {
				"whole": {
					"rotation": {
						"0.0": [0, 0, 90],
						"0.25": [0, 67.5, 90],
						"0.5": [-124.19815, 34.76135, -21.17901],
						"0.6667": [-170.36082, 8.86042, -4.65468],
						"0.875": [-179.581, 8.85788, 0.40573]
					},
					"position": {
						"0.0": [-4, 4, 0],
						"0.25": [-3, 19, 0],
						"0.5": [-3, 24, 0],
						"0.6667": [-1, 16, 0],
						"0.875": [0, 8, 0]
					}
				},
				"left": {
					"rotation": {
						"0.0": [0, 0, 32.5],
						"0.1667": [0, 0, 15],
						"1.0": [0, 0, -50]
					}
				},
				"right": {
					"rotation": {
						"0.0": [0, 0, -27.5],
						"0.4583": [0, 0, -27.5],
						"1.0": [0, 0, 50]
					}
				},
				"tail": {
					"rotation": {
						"0.0": [0, 25, 0],
						"0.2083": [0, -37.5, 0],
						"0.5": [0, 57.5, 0],
						"0.7917": [0, 2.5, 0],
						"1.0": [12.5, 2.5, 0]
					}
				},
				"eyes": {
					"position": {
						"0.0": [0, 0, 0],
						"0.4583": [0, 0, 0],
						"0.5": [0, 0, 1]
					}
				},
				"mouth": {
					"position": {
						"0.0": [0, 0, 0],
						"0.0833": [0, 0, -0.05]
					}
				}
			}
		},
		"animation.stroddler.water_faint": {
			"loop": "hold_on_last_frame",
			"animation_length": 3,
			"bones": {
				"whole": {
					"rotation": {
						"0.0": [0, 0, 0],
						"0.5": [-25, 0, 0],
						"1.5": [-175, 0, 0],
						"1.75": [-185, 0, 0],
						"3.0": [-185.019, 4.98093, -0.43688]
					},
					"position": {
						"0.0": [0, 4, 0],
						"1.5": [0, 11, 0]
					}
				},
				"left": {
					"rotation": {
						"0.0": [0, 0, 0],
						"0.4167": [0, 0, 15],
						"1.5": [0, 0, -80]
					}
				},
				"right": {
					"rotation": {
						"0.0": [0, 0, 0],
						"0.4167": [0, 0, -15],
						"1.75": [0, 0, 80]
					}
				},
				"tail": {
					"rotation": {
						"0.0": [0, 0, 0],
						"0.5": [-27.5, 0, 0],
						"1.5": [22.5, 0, 0]
					}
				},
				"head": {
					"rotation": {
						"0.0": [0, 0, 0],
						"1.75": [-10, 0, 0]
					}
				},
				"eyes": {
					"position": {
						"0.0": [0, 0, 0],
						"0.25": [0, 0, 0],
						"0.2917": [0, 0, 1]
					}
				},
				"mouth": {
					"position": {
						"0.0": [0, 0, 0],
						"0.2917": [0, 0, 0],
						"0.3333": [0, 0, -0.05]
					}
				}
			}
		},
		"animation.stroddler.blink": {
			"animation_length": 0.16667,
			"bones": {
				"eyes": {
					"position": {
						"0.0": [0, 0, 1],
						"0.125": [0, 0, 0.25],
						"0.1667": [0, 0, 0]
					}
				}
			}
		},
		"animation.stroddler.cry": {
			"animation_length": 1.5,
			"bones": {
				"head": {
					"rotation": {
						"0.0": [0, 0, 0],
						"0.2917": [-7.5, 0, 0],
						"0.9583": [-7.5, 0, 0],
						"1.5": [0, 0, 0]
					}
				},
				"mouth": {
					"position": {
						"0.0": [0, 0, 0],
						"0.4583": [0, 0, 0],
						"0.5": [0, 0, -0.075],
						"1.0833": [0, 0, -0.075],
						"1.125": [0, 0, 0]
					}
				}
			}
		},
		"animation.stroddler.left_shoulder": {
			"loop": true,
			"animation_length": 2,
			"bones": {
				"whole": {
					"rotation": {
						"1.75": {
							"pre": [-19.57297, 4.14726, 11.49523],
							"post": [-19.57297, 4.14726, 11.49523],
							"lerp_mode": "catmullrom"
						}
					},
					"position": {
						"0.4167": {
							"pre": [-1.5, -2, 3],
							"post": [-1.5, -2, 3],
							"lerp_mode": "catmullrom"
						}
					}
				},
				"left": {
					"rotation": {
						"0.0": {
							"post": [0, 0, 10],
							"lerp_mode": "catmullrom"
						},
						"1.0": {
							"post": [0, 0, 17.5],
							"lerp_mode": "catmullrom"
						},
						"2.0": {
							"post": [0, 0, 10],
							"lerp_mode": "catmullrom"
						}
					}
				},
				"right": {
					"rotation": {
						"0.0": {
							"post": [0, 0, -5],
							"lerp_mode": "catmullrom"
						},
						"1.0": {
							"post": [0, 0, -12.5],
							"lerp_mode": "catmullrom"
						},
						"2.0": {
							"post": [0, 0, -5],
							"lerp_mode": "catmullrom"
						}
					}
				},
				"eyes": {
					"position": {
						"0.0": {
							"post": [0, 0, 0],
							"lerp_mode": "catmullrom"
						}
					}
				},
				"tail": {
					"rotation": {
						"0.0": {
							"post": [-32.59907, -4.21541, 2.69136],
							"lerp_mode": "catmullrom"
						},
						"1.0": {
							"post": [-32.5, 0, 0],
							"lerp_mode": "catmullrom"
						},
						"2.0": {
							"post": [-32.59907, -4.21541, 2.69136],
							"lerp_mode": "catmullrom"
						}
					},
					"position": {
						"0.0": {
							"post": [0, 0, -1],
							"lerp_mode": "catmullrom"
						}
					}
				}
			}
		},
		"animation.stroddler.right_shoulder": {
			"loop": true,
			"animation_length": 2,
			"bones": {
				"whole": {
					"rotation": {
						"0.0": {
							"post": [-17.03282, -4.33944, -12.04184],
							"lerp_mode": "catmullrom"
						}
					},
					"position": {
						"0.0": {
							"post": [1, -2, 3],
							"lerp_mode": "catmullrom"
						}
					}
				},
				"left": {
					"rotation": {
						"0.0": {
							"post": [0, 0, 10],
							"lerp_mode": "catmullrom"
						},
						"1.0": {
							"post": [0, 0, 17.5],
							"lerp_mode": "catmullrom"
						},
						"2.0": {
							"post": [0, 0, 10],
							"lerp_mode": "catmullrom"
						}
					}
				},
				"right": {
					"rotation": {
						"0.0": {
							"post": [0, 0, -5],
							"lerp_mode": "catmullrom"
						},
						"1.0": {
							"post": [0, 0, -12.5],
							"lerp_mode": "catmullrom"
						},
						"2.0": {
							"post": [0, 0, -5],
							"lerp_mode": "catmullrom"
						}
					}
				},
				"eyes": {
					"position": {
						"0.0": {
							"post": [0, 0, 0],
							"lerp_mode": "catmullrom"
						}
					}
				},
				"tail": {
					"rotation": {
						"0.0": {
							"post": [-32.59907, -4.21541, 2.69136],
							"lerp_mode": "catmullrom"
						},
						"1.0": {
							"post": [-32.5, 0, 0],
							"lerp_mode": "catmullrom"
						},
						"2.0": {
							"post": [-32.59907, -4.21541, 2.69136],
							"lerp_mode": "catmullrom"
						}
					},
					"position": {
						"0.0": {
							"post": [0, 0, -1],
							"lerp_mode": "catmullrom"
						}
					}
				}
			}
		}
	}
}