{
	"format_version": "1.8.0",
	"animations": {
		"animation.vinerus.ground_idle": {
			"loop": true,
			"animation_length": 6.72,
			"bones": {
				"bone2": {
					"rotation": {
						"0.0": [0, 0, 0],
						"1.68": [9.914, -6.65384, 8.9909],
						"3.36": [0, 0, 0],
						"5.04": [9.12962, 4.92385, -10.03742],
						"6.72": [0, 0, 0]
					}
				},
				"head": {
					"rotation": {
						"0.0": [0, 0, 0],
						"1.68": [-7.47512, 1.82695, -5.2826],
						"3.36": [0, 0, 0],
						"5.04": [-7.45356, -3.9817, 8.08446],
						"6.72": [0, 0, 0]
					}
				}
			}
		},
		"animation.vinerus.ground_walk": {
			"loop": true,
			"animation_length": 1,
			"bones": {
				"leg": {
					"rotation": {
						"0.0": [-22.5, 0, 0],
						"0.48": [22.5, 0, 0],
						"1.0": [-22.5, 0, 0]
					}
				},
				"leg2": {
					"rotation": {
						"0.0": [-22.5, 0, 0],
						"0.48": [22.5, 0, 0],
						"1.0": [-22.5, 0, 0]
					}
				},
				"leg3": {
					"rotation": {
						"0.0": [22.5, 0, 0],
						"0.48": [-22.5, 0, 0],
						"1.0": [22.5, 0, 0]
					}
				},
				"leg4": {
					"rotation": {
						"0.0": [22.5, 0, 0],
						"0.48": [-22.5, 0, 0],
						"1.0": [22.5, 0, 0]
					}
				},
				"bone2": {
					"rotation": {
						"0.0": [15, 0, 0],
						"0.48": [25, 0, 0],
						"1.0": [15, 0, 0]
					}
				},
				"head": {
					"rotation": {
						"0.0": [-10, 0, 0],
						"0.48": [-20, 0, 0],
						"1.0": [-10, 0, 0]
					}
				}
			}
		}
	}
}