{
	"format_version": "1.12.0",
	"minecraft:geometry": [
		{
			"description": {
				"identifier": "geometry.dokon",
				"texture_width": 64,
				"texture_height": 64,
				"visible_bounds_width": 2,
				"visible_bounds_height": 2.5,
				"visible_bounds_offset": [0, 0.75, 0]
			},
			"bones": [
				{
					"name": "dokon",
					"pivot": [0, 0, 0]
				},
				{
					"name": "head",
					"parent": "dokon",
					"pivot": [0, 3, 0],
					"cubes": [
						{"origin": [-4, 3, -3], "size": [8, 11, 6], "uv": [0, 0]},
						{"origin": [-1, 14, -3], "size": [2, 2, 6], "uv": [14, 30]}
					]
				},
				{
					"name": "arm",
					"parent": "head",
					"pivot": [4, 7, -1],
					"rotation": [20, 15, 0],
					"cubes": [
						{"origin": [3, 6, -4], "size": [2, 2, 3], "uv": [24, 19]}
					]
				},
				{
					"name": "arm2",
					"parent": "head",
					"pivot": [-4, 7, -1],
					"rotation": [20, -15, 0],
					"cubes": [
						{"origin": [-5, 6, -4], "size": [2, 2, 3], "uv": [24, 19], "mirror": true}
					]
				},
				{
					"name": "tail",
					"parent": "head",
					"pivot": [0, 4.5, 3],
					"cubes": [
						{"origin": [-1, 3.5, 2], "size": [2, 2, 5], "uv": [39, 14]}
					]
				},
				{
					"name": "leg",
					"parent": "dokon",
					"pivot": [-3, 4.75, 0],
					"cubes": [
						{"origin": [-4, 0, -1], "size": [2, 4, 2], "uv": [35, 5]},
						{"origin": [-4.5, 2, -1.5], "size": [3, 3, 3], "uv": [2, 19]}
					]
				},
				{
					"name": "leg2",
					"parent": "dokon",
					"pivot": [3, 4.75, 0],
					"cubes": [
						{"origin": [2, 0, -1], "size": [2, 4, 2], "uv": [35, 5], "mirror": true},
						{"origin": [1.5, 2, -1.5], "size": [3, 3, 3], "uv": [2, 19], "mirror": true}
					]
				}
			]
		}
	]
}