{
	"format_version": "1.8.0",
	"animations": {
		"animation.shulkle.ground_idle": {
			"loop": true,
			"animation_length": 2,
			"bones": {
				"neck": {
					"rotation": {
						"0.0": [-7.5, 0, 0],
						"1.0": [-12.5, 0, 0],
						"2.0": [-7.5, 0, 0]
					}
				},
				"neck2": {
					"rotation": {
						"0.0": [-55, 0, 0],
						"1.0": [-50, 0, 0],
						"2.0": [-55, 0, 0]
					}
				},
				"head": {
					"rotation": {
						"0.0": [60, 0, 0],
						"0.5": [65, 0, 0],
						"1.0": [65, 0, 0],
						"1.5": [60, 0, 0],
						"2.0": [60, 0, 0]
					}
				},
				"topshell": {
					"rotation": {
						"0.0": [0, 0, 0],
						"1.0": [0, -45, 0],
						"2.0": [0, -90, 0]
					}
				},
				"leg1": {
					"rotation": [0, 25, 0]
				},
				"foot1": {
					"rotation": [0, -20, 0]
				},
				"leg2": {
					"rotation": [0, -25, 0]
				},
				"foot2": {
					"rotation": [0, 20, 0]
				},
				"leg3": {
					"rotation": [0, -30, 0]
				},
				"foot3": {
					"rotation": [0, -20, 0]
				},
				"leg4": {
					"rotation": [0, 30, 0]
				},
				"foot4": {
					"rotation": [0, 20, 0]
				}
			}
		},
		"animation.shulkle.ground_walk": {
			"loop": true,
			"animation_length": 1.5,
			"bones": {
				"body": {
					"rotation": {
						"0.0": [0, 0, 0],
						"0.375": [0, -2.5, 0],
						"0.75": [0, 0, 0],
						"1.125": [0, 5, 0],
						"1.5": [0, 0, 0]
					}
				},
				"neck": {
					"rotation": {
						"0.0": [-10, 0, 0],
						"0.75": [-5, 0, 0],
						"1.5": [-10, 0, 0]
					}
				},
				"neck2": {
					"rotation": {
						"0.0": [-15, 0, 0],
						"1.5": [-15, 0, 0]
					}
				},
				"head": {
					"rotation": {
						"0.0": [25, 0, 0],
						"0.75": [15, 0, 0],
						"1.5": [25, 0, 0]
					}
				},
				"topshell": {
					"rotation": {
						"0.0": [0, 0, 0],
						"0.75": [0, -45, 0],
						"1.5": [0, -90, 0]
					}
				},
				"leg1": {
					"rotation": {
						"0.0": [0, 35, 0],
						"0.5": [0, 0, 0],
						"1.0": [0, -15, 0],
						"1.5": [0, 35, 0]
					}
				},
				"foot1": {
					"rotation": {
						"0.0": [0, -40, 0],
						"0.5": [0, -12.5, 0],
						"1.0": [0, 20, 0],
						"1.5": [0, -40, 0]
					}
				},
				"leg2": {
					"rotation": {
						"0.0": [0, 20, 0],
						"0.5": [0, -5, 0],
						"1.0": [0, -25, 0],
						"1.5": [0, 20, 0]
					}
				},
				"foot2": {
					"rotation": {
						"0.0": [0, -15, 0],
						"0.5": [0, 5, 0],
						"1.0": [0, 20, 0],
						"1.5": [0, -15, 0]
					}
				},
				"leg3": {
					"rotation": {
						"0.0": [0, -30, 0],
						"0.5": [0, 5, 0],
						"1.0": [0, 20, 0],
						"1.5": [0, -30, 0]
					}
				},
				"foot3": {
					"rotation": {
						"0.0": [0, 20, 0],
						"0.5": [0, -5, 0],
						"1.0": [0, -15, 0],
						"1.5": [0, 20, 0]
					}
				},
				"leg4": {
					"rotation": {
						"0.0": [0, -20, 0],
						"0.5": [0, 15, 0],
						"1.0": [0, 30, 0],
						"1.5": [0, -20, 0]
					}
				},
				"foot4": {
					"rotation": {
						"0.0": [0, 30, 0],
						"0.5": [0, -5, 0],
						"1.0": [0, -20, 0],
						"1.5": [0, 30, 0]
					}
				}
			}
		},
		"animation.shulkle.faint": {
			"animation_length": 3,
			"bones": {
				"neck": {
					"rotation": {
						"0.0": [-57.5, 0, 0],
						"0.125": [-20, 0, 0],
						"0.25": [-10, 0, 0]
					},
					"position": {
						"0.0": [0, 0.25, 0],
						"0.125": [0, 0, 2],
						"0.25": [0, 0, 5],
						"1.0833": [0, 0, 5.25]
					}
				},
				"neck2": {
					"rotation": {
						"0.0": [-25, 0, 0],
						"0.125": [-25, 0, 0],
						"0.25": [15, 0, 0],
						"0.375": [5, 0, 0]
					},
					"position": {
						"0.0": [0, 0, 0],
						"0.125": [0, 0, 0],
						"0.375": [0, 0, 4],
						"0.5": [0, 0, 6],
						"0.5833": [0, 0.25, 6]
					}
				},
				"head": {
					"rotation": {
						"0.0": [-25, 0, 0],
						"0.5": [35, 0, 0],
						"1.0": [12.5, 0, 0]
					},
					"position": {
						"0.0": [0, 0, 0],
						"0.5": [0, 0.25, 0],
						"1.0": [0, -0.25, 0],
						"1.125": [0, 0.25, 5]
					},
					"scale": {
						"0.4167": [1, 1, 1],
						"0.5": [1.6, 1, 0.6],
						"1.0": [1, 0.8, 1.1]
					}
				},
				"topshell": {
					"rotation": {
						"0.0": [0, -10, 0],
						"0.25": [0, -180, 0],
						"0.75": [0, 0, 0],
						"0.7917": [0, 2.5, 0],
						"0.8333": [0, -2.5, 0],
						"0.875": [0, 2.5, 0],
						"0.9167": [0, 0, 0]
					},
					"position": {
						"0.0": [0, 0, 0],
						"0.25": [0, 2, 0],
						"0.75": [0, -6, 0]
					}
				},
				"leg1": {
					"rotation": {
						"0.0": [0, 15, 0],
						"0.25": [0, 0, 0]
					},
					"position": {
						"0.0": [0, 0.25, 0],
						"0.25": [-4, 0.25, 0],
						"0.375": [-7, 0.25, 0]
					}
				},
				"foot1": {
					"position": [0, 0, 0]
				},
				"leg2": {
					"rotation": {
						"0.0": [0, -15, 0],
						"0.25": [0, 0, 0]
					},
					"position": {
						"0.0": [0, 0.25, 0],
						"0.25": [4, 0.25, 0],
						"0.5833": [7, 0.25, 0]
					}
				},
				"foot2": {
					"position": [0, 0, 0]
				},
				"leg3": {
					"rotation": {
						"0.0": [0, -25, 0],
						"0.25": [0, 0, 0]
					},
					"position": {
						"0.0": [0, 0.25, 0],
						"0.25": [-4, 0.25, 0],
						"0.4583": [-7, 0.25, 0]
					}
				},
				"foot3": {
					"position": [0, 0, 0]
				},
				"leg4": {
					"rotation": {
						"0.0": [0, 25, 0],
						"0.25": [0, 0, 0]
					},
					"position": {
						"0.0": [0, 0.25, 0],
						"0.25": [4, 0.25, 0],
						"0.2917": [7, 0.25, 0]
					}
				}
			}
		},
		"animation.shulkle.sleep": {
			"loop": true,
			"animation_length": 3,
			"bones": {
				"neck": {
					"position": [0, 0.25, 6]
				},
				"neck2": {
					"position": [0, 0, 5]
				},
				"head": {
					"position": [0, 0, 4]
				},
				"topshell": {
					"rotation": {
						"0.0": [0, 0, 0],
						"1.2083": [0, 0.08, 0],
						"1.25": [0, -2.5, 0],
						"1.2917": [0, 2.5, 0],
						"1.3333": [0, -2.5, 0],
						"1.375": [0, 0, 0]
					},
					"position": {
						"0.0": [0, -6, 0],
						"1.5": [0, -5.75, 0],
						"2.25": [0, -6, 0],
						"3.0": [0, -6, 0]
					}
				},
				"leg1": {
					"position": [-8, 0.25, 0]
				},
				"leg2": {
					"position": [7, 0.5, 0]
				},
				"leg3": {
					"position": [-8, 0.25, 0]
				},
				"leg4": {
					"position": [7, 0.25, 0]
				}
			}
		}
	}
}