{
	"format_version": "1.8.0",
	"animations": {
		"animation.grimkeak.ground_idle": {
			"loop": true,
			"animation_length": 2,
			"bones": {
				"head": {
					"rotation": {
						"0.0": [0, 0, 0],
						"1.0": [5, 0, 0],
						"2.0": [0, 0, 0]
					}
				},
				"arm": {
					"rotation": {
						"0.0": [0, 0, 0],
						"1.0": [0, 0, 7.5],
						"2.0": [0, 0, 0]
					}
				},
				"arm2": {
					"rotation": {
						"0.0": [0, 0, 0],
						"1.0": [0, 0, -7.5],
						"2.0": [0, 0, 0]
					}
				},
				"tail": {
					"rotation": {
						"0.0": [0, 0, 0],
						"0.48": [0, -22.5, 0],
						"1.56": [0, 22.5, 0],
						"2.0": [0, 0, 0]
					}
				}
			}
		},
		"animation.grimkeak.ground_walk": {
			"loop": true,
			"animation_length": 0.96,
			"bones": {
				"head": {
					"rotation": {
						"0.0": [0, 0, 0],
						"0.24": [5, 0, 0],
						"0.48": [0, 0, 0],
						"0.72": [5, 0, 0],
						"0.96": [0, 0, 0]
					}
				},
				"arm": {
					"rotation": {
						"0.0": [0, 0, 0],
						"0.24": [0, -22.5, 0],
						"0.48": [0, 0, 0],
						"0.72": [0, 22.5, 0],
						"0.96": [0, 0, 0]
					}
				},
				"arm2": {
					"rotation": {
						"0.0": [0, 0, 0],
						"0.24": [0, -22.5, 0],
						"0.48": [0, 0, 0],
						"0.72": [0, 22.5, 0],
						"0.96": [0, 0, 0]
					}
				},
				"leg": {
					"rotation": {
						"0.0": [0, 0, 0],
						"0.24": [-22.5, 0, 0],
						"0.48": [0, 0, 0],
						"0.72": [22.5, 0, 0],
						"0.96": [0, 0, 0]
					}
				},
				"leg2": {
					"rotation": {
						"0.0": [0, 0, 0],
						"0.24": [22.5, 0, 0],
						"0.48": [0, 0, 0],
						"0.72": [-22.5, 0, 0],
						"0.96": [0, 0, 0]
					}
				},
				"tail": {
					"rotation": {
						"0.0": [0, 0, 0],
						"0.24": [0, -22.5, 0],
						"0.48": [0, 0, 0],
						"0.72": [0, 22.5, 0],
						"0.96": [0, 0, 0]
					}
				}
			}
		}
	}
}