{
	"format_version": "1.8.0",
	"animations": {
		"animation.musclekarp.ground_idle": {
			"loop": true,
			"bones": {
				"body": {
					"position": [0, 0, "-0.09*(math.sin(q.anim_time*90*4-90)*1+1)"]
				},
				"torso": {
					"position": [0, "-0.05*(math.sin(q.anim_time*90*4-90)*1+1)", 0]
				},
				"arm_right": {
					"rotation": [15, 5, -45],
					"position": [0, "0.05*(math.sin(q.anim_time*90*4+45)*1+1)", 0]
				},
				"hand_right": {
					"rotation": [0, -7, -15]
				},
				"finger_index_right": {
					"rotation": [0, -7.5, "-12.5-(math.sin(q.anim_time*90*4-90)*1-1)"]
				},
				"finger_index_right2": {
					"rotation": [0, 0, "-80-(math.sin(q.anim_time*90*4-90)*1-1)"]
				},
				"finger_middle_right": {
					"rotation": [0, -2.25, "-17.5-(math.sin(q.anim_time*90*4-60)*1-1)"]
				},
				"finger_middle_right2": {
					"rotation": [0, 0, "-82.5-(math.sin(q.anim_time*90*4-60)*1-1)"]
				},
				"finger_ring_right": {
					"rotation": [0, 0, "-22.5-(math.sin(q.anim_time*90*4-45)*1-1)"]
				},
				"finger_ring_right2": {
					"rotation": [0, 0, "-82.5-(math.sin(q.anim_time*90*4-45)*1-1)"]
				},
				"finger_pinky_right": {
					"rotation": [0, 0, "-30-(math.sin(q.anim_time*90*4-30)*1-1)"]
				},
				"finger_pinky_right2": {
					"rotation": [0, 0, "-85-(math.sin(q.anim_time*90*4-30)*1-1)"]
				},
				"thumb_right": {
					"rotation": [0, "-10+(math.sin(q.anim_time*90*4-75)*1-1)", -17.5]
				},
				"thumb_right2": {
					"rotation": [0, "72.5+(math.sin(q.anim_time*90*4-75)*1-1)", 0]
				},
				"arm_left": {
					"rotation": [15, -5, 45],
					"position": [0, "0.05*(math.sin(q.anim_time*90*4+45)*1+1)", 0]
				},
				"hand_left": {
					"rotation": [0, 7, 15]
				},
				"finger_index_left": {
					"rotation": [0, 7.5, "12.5+(math.sin(q.anim_time*90*4-90)*1-1)"]
				},
				"finger_index_left2": {
					"rotation": [0, 0, "80+(math.sin(q.anim_time*90*4-90)*1-1)"]
				},
				"finger_middle_left": {
					"rotation": [0, 2.25, "17.5+(math.sin(q.anim_time*90*4-60)*1-1)"]
				},
				"finger_middle_left2": {
					"rotation": [0, 0, "82.5+(math.sin(q.anim_time*90*4-60)*1-1)"]
				},
				"finger_ring_left": {
					"rotation": [0, 0, "22.5+(math.sin(q.anim_time*90*4-45)*1-1)"]
				},
				"finger_ring_left2": {
					"rotation": [0, 0, "82.5+(math.sin(q.anim_time*90*4-45)*1-1)"]
				},
				"finger_pinky_left": {
					"rotation": [0, 0, "30+(math.sin(q.anim_time*90*4-30)*1-1)"]
				},
				"finger_pinky_left2": {
					"rotation": [0, 0, "85+(math.sin(q.anim_time*90*4-30)*1-1)"]
				},
				"thumb_left2": {
					"rotation": [0, "-72.5-(math.sin(q.anim_time*90*4-75)*1-1)", 0]
				},
				"foot_right": {
					"rotation": ["1-1*(math.sin(q.anim_time*90*4-90)*1+1)", 0, 0]
				},
				"chest": {
					"rotation": ["5+0.5*(math.sin(q.anim_time*90*4-180)*1+1)", 0, 0]
				},
				"thumb_left": {
					"rotation": [0, "10-(math.sin(q.anim_time*90*4-75)*1-1)", 17.5]
				},
				"leg_right": {
					"position": [0, "-0.07*(math.sin(q.anim_time*90*4-90)*1+1)", 0]
				},
				"leg_right2": {
					"rotation": ["1*(math.sin(q.anim_time*90*4-90)*1+1)", 0, 0]
				},
				"leg_left": {
					"position": [0, "-0.07*(math.sin(q.anim_time*90*4-90)*1+1)", 0]
				},
				"leg_left2": {
					"rotation": ["1*(math.sin(q.anim_time*90*4-90)*1+1)", 0, 0]
				},
				"foot_left": {
					"rotation": ["1-1*(math.sin(q.anim_time*90*4-90)*1+1)", 0, 0]
				},
				"head": {
					"rotation": [-10, 0, 0]
				},
				"head_correction": {
					"rotation": [5, 0, 0]
				},
				"forearm_right": {
					"rotation": [0, "-60+2*(math.sin(q.anim_time*90*4-90)*1+1)", 0]
				},
				"forearm_left": {
					"rotation": [0, "60-2*(math.sin(q.anim_time*90*4-90)*1+1)", 0]
				},
				"tail_back": {
					"rotation": ["0+(math.sin(q.anim_time*90*4-180)*1)", 0, 0]
				},
				"tail_back2": {
					"rotation": ["0+(math.sin(q.anim_time*90*4-180)*0.5)", 0, 0]
				},
				"tail_back3": {
					"rotation": ["0+(math.sin(q.anim_time*90*4-180)*0.3)", 0, 0]
				}
			}
		},
		"animation.musclekarp.ground_walk": {
			"loop": true,
			"bones": {
				"body": {
					"rotation": [
						"math.clamp(math.sin(query.anim_time*180*4/2+20)*1,0.2,2)+math.clamp(-math.sin(query.anim_time*180*4/2+20)*1,0.2,2)+10",
						"math.sin(query.anim_time*90*4+20)*10",
						"math.sin(query.anim_time*90*4+20)*2"
					],
					"position": [
						0,
						"9-math.clamp(math.sin(q.anim_time*90*4*2-90)*0.5,1,1)-math.clamp(math.sin(-query.anim_time*90*4+45/2)*1,0.02,1)-math.clamp(math.sin(-query.anim_time*90*4+45/2+180)*1,0.02,1)-math.clamp(math.sin(-query.anim_time*90*4-105)*1,1,1)*3-math.clamp(math.sin(-query.anim_time*90*4-105+180)*1,1,1)*3",
						"2.5-math.clamp(math.sin(query.anim_time*90*4)*1,0,1)-math.clamp(math.sin(-query.anim_time*90*4)*1,0,1)"
					]
				},
				"torso": {
					"rotation": ["-5-math.sin(q.anim_time*90*4*2)*1", "math.sin(q.anim_time*90*4*2+20)*2", 0]
				},
				"chest": {
					"rotation": [0, "-math.sin(q.anim_time*90*4*2+20)*1", 0]
				},
				"arm_right": {
					"rotation": ["10+math.sin(q.anim_time*90*4*2+20)*2", "5-math.sin(query.anim_time*90*4+60)*12+math.clamp(math.sin(-query.anim_time*90*4-20)*12,0,5)", -45]
				},
				"hand_right": {
					"rotation": [0, "-15-math.sin(query.anim_time*90*4+20+180*0)*4", -15]
				},
				"finger_index_right": {
					"rotation": [0, -7.5, "-12.5-(math.sin(q.anim_time*90*4-90)*1-1)"]
				},
				"finger_index_right2": {
					"rotation": [0, 0, "-80-(math.sin(q.anim_time*90*4-90)*1-1)"]
				},
				"finger_middle_right": {
					"rotation": [0, -2.25, "-17.5-(math.sin(q.anim_time*90*4-60)*1-1)"]
				},
				"finger_middle_right2": {
					"rotation": [0, 0, "-82.5-(math.sin(q.anim_time*90*4-60)*1-1)"]
				},
				"finger_ring_right": {
					"rotation": [0, 0, "-22.5-(math.sin(q.anim_time*90*4-45)*1-1)"]
				},
				"finger_ring_right2": {
					"rotation": [0, 0, "-82.5-(math.sin(q.anim_time*90*4-45)*1-1)"]
				},
				"finger_pinky_right": {
					"rotation": [0, 0, "-30-(math.sin(q.anim_time*90*4-30)*1-1)"]
				},
				"finger_pinky_right2": {
					"rotation": [0, 0, "-85-(math.sin(q.anim_time*90*4-30)*1-1)"]
				},
				"thumb_right": {
					"rotation": [0, "-10+(math.sin(q.anim_time*90*4-75)*1-1)", -17.5]
				},
				"thumb_right2": {
					"rotation": [0, "72.5+(math.sin(q.anim_time*90*4-75)*1-1)", 0]
				},
				"arm_left": {
					"rotation": [
						"10-math.sin(q.anim_time*90*4*2+20+180)*2",
						"-5+math.sin(query.anim_time*90*4+60+180)*12-math.clamp(math.sin(-query.anim_time*90*4-20+180)*12,0,5)",
						45
					]
				},
				"hand_left": {
					"rotation": [0, "15+math.sin(query.anim_time*90*4+20+180*1)*4", 15]
				},
				"finger_index_left": {
					"rotation": [0, 7.5, "12.5+(math.sin(q.anim_time*90*4-90+180)*1-1)"]
				},
				"finger_index_left2": {
					"rotation": [0, 0, "80+(math.sin(q.anim_time*90*4-90+180)*1-1)"]
				},
				"finger_middle_left": {
					"rotation": [0, 2.25, "17.5+(math.sin(q.anim_time*90*4-60+180)*1-1)"]
				},
				"finger_middle_left2": {
					"rotation": [0, 0, "82.5+(math.sin(q.anim_time*90*4-60+180)*1-1)"]
				},
				"finger_ring_left": {
					"rotation": [0, 0, "22.5+(math.sin(q.anim_time*90*4-45+180)*1-1)"]
				},
				"finger_ring_left2": {
					"rotation": [0, 0, "82.5+(math.sin(q.anim_time*90*4-45+180)*1-1)"]
				},
				"finger_pinky_left": {
					"rotation": [0, 0, "30+(math.sin(q.anim_time*90*4-30+180)*1-1)"]
				},
				"finger_pinky_left2": {
					"rotation": [0, 0, "85+(math.sin(q.anim_time*90*4-30+180)*1-1)"]
				},
				"thumb_left2": {
					"rotation": [0, "-72.5-(math.sin(q.anim_time*90*4-75+180)*1-1)", 0]
				},
				"leg_right2": {
					"rotation": ["10-math.clamp(math.sin(query.anim_time*90*4+60)*15,-1,15)-math.clamp(math.sin(query.anim_time*90*4+45+180)*30,5,30)", 0, 0]
				},
				"foot_right": {
					"rotation": [
						"-math.clamp(math.sin(query.anim_time*90*4+105)*3,0,3)*9+math.clamp(math.sin(query.anim_time*90*4+30)*4,2.75,4)*10",
						"(math.clamp(math.sin(query.anim_time*90*4-140)*1,0,1)*1-0)*2",
						0
					],
					"position": [0, "(math.clamp(math.sin(query.anim_time*90*4+75)*1,0.95,1)*1-0.95)*4", 0]
				},
				"leg_left2": {
					"rotation": ["10-math.clamp(math.sin(query.anim_time*90*4+60+180)*15,-1,15)-math.clamp(math.sin(query.anim_time*90*4+45)*30,5,30)", 0, 0]
				},
				"thumb_left": {
					"rotation": [0, "10-(math.sin(q.anim_time*90*4-75+180)*1-1)", 17.5]
				},
				"leg_right": {
					"rotation": [
						"-math.clamp(math.sin(query.anim_time*90*4+45+180)*14,-1,14)+math.clamp(-math.sin(query.anim_time*90*4+20)*12,5,12)-30+math.clamp(math.sin(query.anim_time*90*4+40)*2,0.5,2)*6+math.clamp(math.sin(query.anim_time*90*4)*1,0.5,1)*24+math.clamp(math.sin(query.anim_time*90*4+45)*14,-1,14)+math.clamp(math.sin(query.anim_time*90*4+45+180)*14,10,14)-15",
						"math.clamp(math.sin(query.anim_time*90*4+20)*2,0,30)-math.sin(query.anim_time*90*4+20)*10",
						0
					],
					"position": [
						0,
						"-math.clamp(-math.sin(query.anim_time*90*4+50+180)*0.1,0.5,1)*1.2-math.clamp(-math.sin(query.anim_time*90*4-75)*0.7,0.6,1)+1.6-math.clamp(-math.sin(query.anim_time*90*4-15)*0.6,0.5,1)+math.clamp(-math.sin(query.anim_time*90*4-35+180)*1.2,0,3)-0.5",
						0
					]
				},
				"leg_left": {
					"rotation": [
						"-math.clamp(math.sin(query.anim_time*90*4+45)*14,-1,14)+math.clamp(-math.sin(query.anim_time*90*4+180+20)*12,5,12)-30+math.clamp(math.sin(query.anim_time*90*4+40+180)*2,0.5,2)*6+math.clamp(math.sin(query.anim_time*90*4+180)*1,0.5,1)*24+math.clamp(math.sin(query.anim_time*90*4+45+180)*14,-1,14)+math.clamp(math.sin(query.anim_time*90*4+45)*14,10,14)-15",
						"-math.clamp(math.sin(query.anim_time*90*4+20+180)*2,0,30)+math.sin(query.anim_time*90*4+20+180)*10",
						0
					],
					"position": [
						0,
						"-math.clamp(-math.sin(query.anim_time*90*4+50)*0.1,0.5,1)*1.2-math.clamp(-math.sin(query.anim_time*90*4-75+180)*0.7,0.6,1)+1.6-math.clamp(-math.sin(query.anim_time*90*4-15+180)*0.6,0.5,1)+math.clamp(-math.sin(query.anim_time*90*4-35)*1.2,0,3)-0.5",
						0
					]
				},
				"foot_left": {
					"rotation": [
						"-math.clamp(math.sin(query.anim_time*90*4+105+180)*3,0,3)*9+math.clamp(math.sin(query.anim_time*90*4+30+180)*4,2.75,4)*10",
						"(math.clamp(math.sin(query.anim_time*90*4-140+180)*1,0,1)*1-0)*2",
						0
					],
					"position": [0, "-(math.clamp(math.sin(query.anim_time*90*4+75+180)*1,0.95,1)*1-0.95)*4", 0]
				},
				"head": {
					"rotation": [
						"-10-math.clamp(math.sin(query.anim_time*180*4/2+20)*1,0.2,2)-math.clamp(-math.sin(query.anim_time*180*4/2+20)*1,0.2,2)+math.sin(q.anim_time*90*4*2)*2",
						"-math.sin(query.anim_time*90*4+20)*8",
						"-math.sin(query.anim_time*90*4+20)*2"
					]
				},
				"head_correction": {
					"rotation": [5, 0, 0]
				},
				"forearm_right": {
					"rotation": [0, "-65+math.sin(q.anim_time*90*4+20+180)*4", 0]
				},
				"forearm_left": {
					"rotation": [0, "65-math.sin(q.anim_time*90*4+20)*4", 0]
				},
				"tail_back": {
					"rotation": ["+(math.sin(q.anim_time*90*4-180)*1)", 0, 0]
				},
				"tail_back2": {
					"rotation": ["+(math.sin(q.anim_time*90*4-180)*2)", 0, 0]
				},
				"tail_back3": {
					"rotation": ["+(math.sin(q.anim_time*90*4-180)*3)", 0, 0]
				}
			}
		},
		"animation.musclekarp.water_idle": {
			"loop": true,
			"animation_length": 3,
			"bones": {
				"torso": {
					"position": {
						"0.0": [0, 0, 0],
						"1.5": [0, -1, 0],
						"3.0": [0, 0, 0]
					}
				},
				"tail_back": {
					"rotation": {
						"0.0": [0, 12.5, 0],
						"1.5": [0, -12.5, 0],
						"3.0": [0, 12.5, 0]
					}
				},
				"tail_back2": {
					"rotation": {
						"0.0": [0, 12.5, 0],
						"1.5": [0, -12.5, 0],
						"3.0": [0, 12.5, 0]
					}
				},
				"tail_back3": {
					"rotation": {
						"0.0": [0, 12.5, 0],
						"1.5": [0, -12.5, 0],
						"3.0": [0, 12.5, 0]
					}
				},
				"arm_right": {
					"rotation": {
						"0.0": [0, 0, -40],
						"1.5": [0, 0, -15],
						"3.0": [0, 0, -40]
					},
					"position": {
						"0.0": [0, 1, 0],
						"1.5": [0, 0, 0],
						"3.0": [0, 1, 0]
					}
				},
				"forearm_right": {
					"rotation": {
						"0.0": [0, -10, -22.5],
						"1.5": [-1.3036, -4.9149, -15.001],
						"3.0": [0, -10, -22.5]
					}
				},
				"hand_right": {
					"rotation": {
						"0.0": [0, -12.5, 0],
						"1.5": [0, -2.5, 0],
						"3.0": [0, -12.5, 0]
					}
				},
				"finger_index_right": {
					"rotation": [0, -7.5, 0]
				},
				"finger_index_right2": {
					"rotation": [0, 0, -5]
				},
				"finger_middle_right": {
					"rotation": [0, -5, 0]
				},
				"finger_middle_right2": {
					"rotation": [0, 0, -2.5]
				},
				"thumb_right": {
					"rotation": [0, -12.5, 0]
				},
				"thumb_right2": {
					"rotation": [0, 5, 0]
				},
				"arm_left": {
					"rotation": {
						"0.0": [0, 0, 40],
						"1.5": [0, 0, 15],
						"3.0": [0, 0, 40]
					},
					"position": {
						"0.0": [0, 1, 0],
						"1.5": [0, 0, 0],
						"3.0": [0, 1, 0]
					}
				},
				"forearm_left": {
					"rotation": {
						"0.0": [0, 10, 22.5],
						"1.5": [-1.30355, 4.91489, 15.00097],
						"3.0": [0, 10, 22.5]
					}
				},
				"hand_left": {
					"rotation": {
						"0.0": [0, 12.5, 0],
						"1.5": [0, 2.5, 0],
						"3.0": [0, 12.5, 0]
					}
				},
				"finger_index_left": {
					"rotation": [0, 7.5, 0]
				},
				"finger_index_left2": {
					"rotation": [0, 0, 5]
				},
				"finger_middle_left": {
					"rotation": [0, 5, 0]
				},
				"finger_middle_left2": {
					"rotation": [0, 0, 2.5]
				},
				"finger_ring_left": {
					"rotation": [0, 2.5, 2.5]
				},
				"finger_ring_left2": {
					"rotation": [0, 0, 2.5]
				},
				"finger_pinky_left": {
					"rotation": [0, 0, 5]
				},
				"finger_pinky_left2": {
					"rotation": [0, 0, 5]
				},
				"thumb_left": {
					"rotation": [0, 12.5, 0]
				},
				"thumb_left2": {
					"rotation": [0, -5, 0]
				},
				"leg_right": {
					"rotation": {
						"0.0": [7.5, 0, 0],
						"1.5": [7.24721, -1.93597, 14.87739],
						"3.0": [7.5, 0, 0]
					}
				},
				"leg_right2": {
					"rotation": {
						"0.0": [7.5, 0, 0],
						"1.5": [7.43656, -0.9762, 7.43656],
						"3.0": [7.5, 0, 0]
					}
				},
				"foot_right": {
					"rotation": {
						"0.0": [7.5, 0, 0],
						"1.5": [7.47178, -0.65182, 4.95744],
						"3.0": [7.5, 0, 0]
					}
				},
				"leg_left": {
					"rotation": {
						"0.0": [7.5, 0, 0],
						"1.5": [7.24721, 1.93597, -14.87739],
						"3.0": [7.5, 0, 0]
					}
				},
				"leg_left2": {
					"rotation": {
						"0.0": [7.5, 0, 0],
						"1.5": [7.43656, 0.9762, -7.43656],
						"3.0": [7.5, 0, 0]
					}
				},
				"foot_left": {
					"rotation": {
						"0.0": [7.5, 0, 0],
						"1.5": [7.47178, 0.65182, -4.95744],
						"3.0": [7.5, 0, 0]
					}
				},
				"finger_ring_right": {
					"rotation": [0, -2.5, -2.5]
				},
				"finger_ring_right2": {
					"rotation": [0, 0, -2.5]
				},
				"finger_pinky_right": {
					"rotation": [0, 0, -5]
				},
				"finger_pinky_right2": {
					"rotation": [0, 0, -5]
				}
			}
		},
		"animation.musclekarp.water_swim": {
			"loop": true,
			"animation_length": 1.5,
			"bones": {
				"body": {
					"rotation": {
						"0.0": [75.21783, 2.57594, 9.6658],
						"0.75": [75.21783, -2.57594, -9.6658],
						"1.5": [75.21783, 2.57594, 9.6658]
					},
					"position": [0, 4, 19]
				},
				"tail_back": {
					"rotation": {
						"0.0": [-33.30542, 6.86379, -13.36965],
						"0.375": [-33.30542, -6.86379, 13.36965],
						"0.75": [-33.30542, 6.86379, -13.36965],
						"1.125": [-33.30542, -6.86379, 13.36965],
						"1.5": [-33.30542, 6.86379, -13.36965]
					}
				},
				"tail_back2": {
					"rotation": {
						"0.0": [-9.40129, 10.80355, 6.32526],
						"0.375": [-9.40129, -10.8036, -6.3253],
						"0.75": [-9.40129, 10.80355, 6.32526],
						"1.125": [-9.40129, -10.8036, -6.3253],
						"1.5": [-9.40129, 10.80355, 6.32526]
					}
				},
				"tail_back3": {
					"rotation": {
						"0.0": [0, 20, 0],
						"0.375": [0, -20, 0],
						"0.75": [0, 20, 0],
						"1.125": [0, -20, 0],
						"1.5": [0, 20, 0]
					}
				},
				"head_ai": {
					"rotation": [-62.5, 0, 0],
					"position": [0, 5, 0]
				},
				"arm_right": {
					"rotation": {
						"0.0": [-98.25413, 15.0251, 63.3179],
						"0.75": [-98.0023, -5.12506, 64.7521],
						"1.5": [-98.25413, 15.0251, 63.3179]
					},
					"position": [-1, -3, 3]
				},
				"forearm_right": {
					"rotation": {
						"0.0": [0, 0, -12.5],
						"0.75": [0, -10, -20],
						"1.5": [0, 0, -12.5]
					}
				},
				"hand_right": {
					"rotation": {
						"0.0": [0, 0, -7.5],
						"0.75": [0, 0, -15],
						"1.5": [0, 0, -7.5]
					}
				},
				"arm_left": {
					"rotation": {
						"0.0": [-98.00228, -5.12506, -64.75212],
						"0.75": [-98.25413, -15.02513, -63.31787],
						"1.5": [-98.00228, -5.12506, -64.75212]
					},
					"position": [1, -3, 3]
				},
				"forearm_left": {
					"rotation": {
						"0.0": [0, 10, 20],
						"0.75": [0, 0, 12.5],
						"1.5": [0, 10, 20]
					}
				},
				"hand_left": {
					"rotation": {
						"0.0": [0, 0, 15],
						"0.75": [0, 0, 7.5],
						"1.5": [0, 0, 15]
					}
				},
				"leg_right": {
					"rotation": {
						"0.0": [0, 0, 0],
						"0.75": [-27.5, 0, 0],
						"1.5": [0, 0, 0]
					},
					"position": {
						"0.0": [0, 1, 0],
						"1.5": [0, 1, 0]
					}
				},
				"leg_right2": {
					"rotation": {
						"0.0": [0, 0, 0],
						"0.75": [15, 0, 0],
						"1.5": [0, 0, 0]
					}
				},
				"foot_right": {
					"rotation": {
						"0.0": [0, 0, 0],
						"0.75": [22.5, 0, 0],
						"1.5": [0, 0, 0]
					}
				},
				"leg_left": {
					"rotation": {
						"0.0": [-27.5, 0, 0],
						"0.75": [0, 0, 0],
						"1.5": [-27.5, 0, 0]
					},
					"position": [0, 1, 0]
				},
				"leg_left2": {
					"rotation": {
						"0.0": [15, 0, 0],
						"0.75": [0, 0, 0],
						"1.5": [15, 0, 0]
					}
				},
				"foot_left": {
					"rotation": {
						"0.0": [22.5, 0, 0],
						"0.75": [0, 0, 0],
						"1.5": [22.5, 0, 0]
					}
				},
				"finger_index_right": {
					"rotation": [0, 0, -7.5]
				},
				"finger_middle_right": {
					"rotation": [0, 0, -7.5]
				},
				"finger_ring_right": {
					"rotation": [0, 0, -7.5]
				},
				"finger_pinky_right": {
					"rotation": [0, 0, -7.5]
				},
				"finger_index_left": {
					"rotation": [0, 0, 7.5]
				},
				"finger_middle_left": {
					"rotation": [0, 0, 7.5]
				},
				"finger_ring_left": {
					"rotation": [0, 0, 7.5]
				},
				"finger_pinky_left": {
					"rotation": [0, 0, 7.5]
				}
			}
		},
		"animation.musclekarp.battle_idle": {
			"loop": true,
			"bones": {
				"body": {
					"position": [0, 0, "-0.09*(math.sin(q.anim_time*90*4-90)*1+1)"]
				},
				"torso": {
					"position": [0, "-1-0.05*(math.sin(q.anim_time*90*4-90)*1+1)", 0]
				},
				"arm_right": {
					"rotation": [-80.07881, -9.12453, 18.65843],
					"position": [0, "0.05*(math.sin(q.anim_time*90*4+45)*1+1)", 2]
				},
				"hand_right": {
					"rotation": [5.17267, -4.72272, -62.71345]
				},
				"finger_index_right": {
					"rotation": [0, -7.5, "-12.5-(math.sin(q.anim_time*90*4-90)*1-1)"]
				},
				"finger_index_right2": {
					"rotation": [0, 0, "-80-(math.sin(q.anim_time*90*4-90)*1-1)"]
				},
				"finger_middle_right": {
					"rotation": [0, -2.25, "-17.5-(math.sin(q.anim_time*90*4-60)*1-1)"]
				},
				"finger_middle_right2": {
					"rotation": [0, 0, "-82.5-(math.sin(q.anim_time*90*4-60)*1-1)"]
				},
				"finger_ring_right": {
					"rotation": [0, 0, "-22.5-(math.sin(q.anim_time*90*4-45)*1-1)"]
				},
				"finger_ring_right2": {
					"rotation": [0, 0, "-82.5-(math.sin(q.anim_time*90*4-45)*1-1)"]
				},
				"finger_pinky_right": {
					"rotation": [0, 0, "-30-(math.sin(q.anim_time*90*4-30)*1-1)"]
				},
				"finger_pinky_right2": {
					"rotation": [0, 0, "-85-(math.sin(q.anim_time*90*4-30)*1-1)"]
				},
				"thumb_right": {
					"rotation": [0, "-10+(math.sin(q.anim_time*90*4-75)*1-1)", -17.5]
				},
				"thumb_right2": {
					"rotation": [0, "72.5+(math.sin(q.anim_time*90*4-75)*1-1)", 0]
				},
				"arm_left": {
					"rotation": [45.55072, 68.82746, 89.887],
					"position": [1, "0.05*(math.sin(q.anim_time*90*4+45)*1+1)", 0]
				},
				"hand_left": {
					"rotation": [7.6307, 35.50365, 81.77304]
				},
				"finger_index_left": {
					"rotation": [0, 7.5, "12.5+(math.sin(q.anim_time*90*4-90)*1-1)"]
				},
				"finger_index_left2": {
					"rotation": [0, 0, "80+(math.sin(q.anim_time*90*4-90)*1-1)"]
				},
				"finger_middle_left": {
					"rotation": [0, 2.25, "17.5+(math.sin(q.anim_time*90*4-60)*1-1)"]
				},
				"finger_middle_left2": {
					"rotation": [0, 0, "82.5+(math.sin(q.anim_time*90*4-60)*1-1)"]
				},
				"finger_ring_left": {
					"rotation": [0, 0, "22.5+(math.sin(q.anim_time*90*4-45)*1-1)"]
				},
				"finger_ring_left2": {
					"rotation": [0, 0, "82.5+(math.sin(q.anim_time*90*4-45)*1-1)"]
				},
				"finger_pinky_left": {
					"rotation": [0, 0, "30+(math.sin(q.anim_time*90*4-30)*1-1)"]
				},
				"finger_pinky_left2": {
					"rotation": [0, 0, "85+(math.sin(q.anim_time*90*4-30)*1-1)"]
				},
				"thumb_left2": {
					"rotation": [0, "-72.5-(math.sin(q.anim_time*90*4-75)*1-1)", 0]
				},
				"foot_right": {
					"rotation": ["1-1*(math.sin(q.anim_time*90*4-90)*1+1)", 0, 0]
				},
				"chest": {
					"rotation": ["5.5645+0.5*(math.sin(q.anim_time*90*4-180)*1+1)", -24.87706, -2.55906]
				},
				"thumb_left": {
					"rotation": [0, "10-(math.sin(q.anim_time*90*4-75)*1-1)", 17.5]
				},
				"leg_right": {
					"rotation": [-27.5, 0, 0],
					"position": [0, "-2-0.07*(math.sin(q.anim_time*90*4-90)*1+1)", -2]
				},
				"leg_right2": {
					"rotation": ["27.5+1*(math.sin(q.anim_time*90*4-90)*1+1)", 0, 0]
				},
				"leg_left": {
					"rotation": [27.5, 0, 0],
					"position": [0, "-1-0.07*(math.sin(q.anim_time*90*4-90)*1+1)", 0]
				},
				"leg_left2": {
					"rotation": ["7.5+1*(math.sin(q.anim_time*90*4-90)*1+1)", 0, 0]
				},
				"foot_left": {
					"rotation": ["1-1*(math.sin(q.anim_time*90*4-90)*1+1)", 0, 0]
				},
				"head": {
					"rotation": [-10, 0, 0]
				},
				"head_correction": {
					"rotation": [5, 0, 0]
				},
				"forearm_right": {
					"rotation": [-75, "-60+2*(math.sin(q.anim_time*90*4-90)*1+1)", 0],
					"position": [1, -2, -2]
				},
				"forearm_left": {
					"rotation": [-52.5, "60-2*(math.sin(q.anim_time*90*4-90)*1+1)", 0],
					"position": [0, -2, 0]
				},
				"toe_left1": {
					"rotation": [-32.5, 0, 0]
				},
				"toe_left2": {
					"rotation": [-30, 0, 0]
				},
				"whisker_left": {
					"rotation": [0, 0, -3]
				},
				"tail_back": {
					"rotation": ["+(math.sin(q.anim_time*90*4-180)*1)", 0, 0]
				},
				"tail_back2": {
					"rotation": ["0+(math.sin(q.anim_time*90*4-180)*0.5)", 0, 0]
				},
				"tail_back3": {
					"rotation": ["0+(math.sin(q.anim_time*90*4-180)*0.3)", 0, 0]
				},
				"toe_left3": {
					"rotation": [-30, 0, 0]
				}
			}
		}
	}
}