{
	"format_version": "1.8.0",
	"animations": {
		"animation.pathena.ground_idle": {
			"loop": true,
			"animation_length": 5.76,
			"bones": {
				"bone": {
					"rotation": {
						"0.0": [0, 0, 0],
						"1.44": [0, 0, 2.5],
						"2.88": [0, 0, 0],
						"4.32": [0, 0, -2.5],
						"5.76": [0, 0, 0]
					}
				},
				"head": {
					"rotation": {
						"0.0": [0, 0, 0],
						"1.44": [0, 0, -5],
						"2.88": [0, 0, 0],
						"4.32": [0, 0, 5],
						"5.76": [0, 0, 0]
					}
				}
			}
		},
		"animation.pathena.ground_walk": {
			"loop": true,
			"animation_length": 0.48,
			"bones": {
				"bone": {
					"rotation": {
						"0.0": [-7.5, 0, 0],
						"0.24": [0, 0, 0],
						"0.48": [-7.5, 0, 0]
					},
					"position": {
						"0.0": [0, 8, 0],
						"0.24": [0, 0, 0],
						"0.48": [0, 8, 0]
					}
				},
				"head": {
					"rotation": {
						"0.0": [22.5, 0, 0],
						"0.24": [0, 0, 0],
						"0.48": [22.5, 0, 0]
					},
					"position": {
						"0.0": [0, 8, 0],
						"0.24": [0, 0, 0],
						"0.48": [0, 8, 0]
					}
				}
			}
		}
	}
}