{
	"format_version": "1.8.0",
	"animations": {
		"animation.tunnaboar.ground_idle": {
			"loop": true,
			"animation_length": 6,
			"bones": {
				"head": {
					"position": {
						"0.0": {
							"post": [0, 0, 0],
							"lerp_mode": "catmullrom"
						},
						"3.0": {
							"post": [0, 2, 0],
							"lerp_mode": "catmullrom"
						},
						"6.0": [0, 0, 0]
					}
				},
				"snout": {
					"rotation": {
						"0.0": {
							"post": [0, 0, 0],
							"lerp_mode": "catmullrom"
						},
						"3.0": {
							"post": [12.5, 0, 0],
							"lerp_mode": "catmullrom"
						},
						"6.0": [0, 0, 0]
					},
					"position": {
						"0.0": {
							"post": [0, 1, 0],
							"lerp_mode": "catmullrom"
						}
					}
				},
				"lowerjaw": {
					"position": {
						"0.0": {
							"post": [0, 1, 0],
							"lerp_mode": "catmullrom"
						}
					}
				},
				"rightear": {
					"rotation": {
						"0.0": {
							"post": [0, 0, 0],
							"lerp_mode": "catmullrom"
						},
						"3.0": {
							"post": [0, 0, -12.5],
							"lerp_mode": "catmullrom"
						},
						"6.0": [0, 0, 0]
					}
				},
				"leftear": {
					"rotation": {
						"0.0": {
							"post": [0, 0, 0],
							"lerp_mode": "catmullrom"
						},
						"3.0": {
							"post": [0, 0, 12.5],
							"lerp_mode": "catmullrom"
						},
						"6.0": [0, 0, 0]
					}
				},
				"tail": {
					"rotation": {
						"0.0": {
							"post": [0, 0, 0],
							"lerp_mode": "catmullrom"
						},
						"3.0": {
							"post": [25, 0, 0],
							"lerp_mode": "catmullrom"
						},
						"6.0": [0, 0, 0]
					}
				}
			}
		},
		"animation.tunnaboar.ground_walk": {
			"loop": true,
			"animation_length": 2,
			"bones": {
				"head": {
					"rotation": {
						"0.0": {
							"post": [0, 7.5, 0],
							"lerp_mode": "catmullrom"
						},
						"1.0": {
							"post": [0, -7.5, 0],
							"lerp_mode": "catmullrom"
						},
						"2.0": [0, 7.5, 0]
					},
					"position": {
						"0.0": {
							"post": [2, 0, 0],
							"lerp_mode": "catmullrom"
						},
						"1.0": {
							"post": [-2, 0, 0],
							"lerp_mode": "catmullrom"
						},
						"2.0": [2, 0, 0]
					}
				},
				"snout": {
					"rotation": {
						"0.0": {
							"post": [0, 0, 0],
							"lerp_mode": "catmullrom"
						},
						"0.5": {
							"post": [7.5, 0, 0],
							"lerp_mode": "catmullrom"
						},
						"1.0": {
							"post": [0, 0, 0],
							"lerp_mode": "catmullrom"
						},
						"1.5": {
							"post": [7.5, 0, 0],
							"lerp_mode": "catmullrom"
						},
						"2.0": [0, 0, 0]
					}
				},
				"rightear": {
					"rotation": {
						"0.0": {
							"post": [0, -55, 0],
							"lerp_mode": "catmullrom"
						},
						"1.0": {
							"post": [0, 0, 0],
							"lerp_mode": "catmullrom"
						},
						"2.0": {
							"post": [0, -55, 0],
							"lerp_mode": "catmullrom"
						}
					}
				},
				"leftear": {
					"rotation": {
						"0.0": {
							"post": [0, 0, 0],
							"lerp_mode": "catmullrom"
						},
						"1.0": {
							"post": [0, 57.5, 0],
							"lerp_mode": "catmullrom"
						},
						"2.0": [0, 0, 0]
					}
				},
				"body": {
					"rotation": {
						"0.0": {
							"post": [0, -12.5, 0],
							"lerp_mode": "catmullrom"
						},
						"1.0": {
							"post": [0, 12.5, 0],
							"lerp_mode": "catmullrom"
						},
						"2.0": [0, -12.5, 0]
					}
				},
				"dirt": {
					"position": {
						"0.0": {
							"post": [0, 1, 0],
							"lerp_mode": "catmullrom"
						},
						"0.5": {
							"post": [0, 0, 0],
							"lerp_mode": "catmullrom"
						},
						"1.0": {
							"post": [0, 1, 0],
							"lerp_mode": "catmullrom"
						},
						"1.5": {
							"post": [0, 0, 0],
							"lerp_mode": "catmullrom"
						},
						"2.0": [0, 1, 0]
					}
				},
				"tail": {
					"rotation": {
						"0.0": {
							"post": [0, -40, 0],
							"lerp_mode": "catmullrom"
						},
						"1.0": {
							"post": [0, 40, 0],
							"lerp_mode": "catmullrom"
						},
						"2.0": [0, -40, 0]
					}
				}
			}
		},
		"animation.model.faint": {
			"loop": "hold_on_last_frame",
			"animation_length": 3,
			"bones": {
				"head": {
					"rotation": {
						"0.0": {
							"post": [0, 0, 0],
							"lerp_mode": "catmullrom"
						},
						"0.2917": {
							"post": [10, 0, 0],
							"lerp_mode": "catmullrom"
						}
					}
				},
				"snout": {
					"rotation": {
						"0.0": {
							"post": [0, 0, 0],
							"lerp_mode": "catmullrom"
						},
						"0.2917": {
							"post": [-12.5, 0, 0],
							"lerp_mode": "catmullrom"
						}
					}
				},
				"lowerjaw": {
					"rotation": {
						"0.0": {
							"post": [0, 0, 0],
							"lerp_mode": "catmullrom"
						},
						"0.2917": {
							"post": [-7.5, 0, 0],
							"lerp_mode": "catmullrom"
						}
					}
				},
				"rightbrow": {
					"position": {
						"0.0": {
							"post": [0, 0, 0],
							"lerp_mode": "catmullrom"
						},
						"0.2917": {
							"post": [0, -2, 0],
							"lerp_mode": "catmullrom"
						}
					}
				},
				"leftbrow": {
					"position": {
						"0.0": {
							"post": [0, 0, 0],
							"lerp_mode": "catmullrom"
						},
						"0.2917": {
							"post": [0, -2, 0],
							"lerp_mode": "catmullrom"
						}
					}
				},
				"tail": {
					"rotation": {
						"0.0": {
							"post": [0, 0, 0],
							"lerp_mode": "catmullrom"
						},
						"0.2917": {
							"post": [-52.5, 0, 0],
							"lerp_mode": "catmullrom"
						}
					}
				}
			}
		}
	}
}