{
	"format_version": "1.12.0",
	"minecraft:geometry": [
		{
			"description": {
				"identifier": "geometry.witherich",
				"texture_width": 64,
				"texture_height": 64,
				"visible_bounds_width": 3,
				"visible_bounds_height": 3.5,
				"visible_bounds_offset": [0, 1.25, 0]
			},
			"bones": [
				{
					"name": "witherich",
					"pivot": [0, 0, 0]
				},
				{
					"name": "body",
					"parent": "witherich",
					"pivot": [0, -5, 0]
				},
				{
					"name": "torso",
					"parent": "body",
					"pivot": [0, 17.61559, -0.39788],
					"cubes": [
						{"origin": [-7, 18, -5], "size": [14, 2, 4], "uv": [0, 16]},
						{"origin": [-1.5, 18.75, -1.75], "size": [3, 2, 4], "pivot": [-0.5, 19, -0.5], "rotation": [30, 0, 0], "uv": [32, 9]},
						{"origin": [-1, 11.75, -0.75], "size": [2, 7, 2], "pivot": [-0.5, 19, -0.5], "rotation": [30, 0, 0], "uv": [32, 34]},
						{"origin": [-3.5, 12.75, -3.75], "size": [7, 6, 3], "pivot": [-0.5, 19, -0.5], "rotation": [30, 0, 0], "uv": [32, 0]}
					]
				},
				{
					"name": "head",
					"parent": "torso",
					"pivot": [-0.33293, 19.875, -2.49898],
					"cubes": [
						{"origin": [-4, 20, -8], "size": [8, 8, 8], "uv": [0, 0]},
						{"origin": [3.75, 28, -8], "size": [0, 7, 8], "uv": [0, 26]},
						{"origin": [-6.45037, 21, -8.65813], "size": [6, 6, 6], "pivot": [-3.45037, 24, -5.65813], "rotation": [0, 17.5, 0], "uv": [0, 22]},
						{"origin": [1, 19.75, -7.5], "size": [6, 6, 6], "pivot": [4, 22, -4], "rotation": [0, -47.5, 0], "uv": [24, 22]}
					]
				},
				{
					"name": "arm1",
					"parent": "torso",
					"pivot": [-6.5, 18, -4],
					"cubes": [
						{"origin": [-7.5, 8, -5], "size": [2, 10, 2], "uv": [16, 34]},
						{"origin": [-7.5, 6, -5], "size": [2, 2, 0], "uv": [0, 5]},
						{"origin": [-7.5, 6, -3], "size": [2, 2, 0], "uv": [4, 5]}
					]
				},
				{
					"name": "arm2",
					"parent": "torso",
					"pivot": [6.5, 17.83333, -4],
					"cubes": [
						{"origin": [5.5, 15, -5], "size": [2, 3, 2], "uv": [0, 0]},
						{"origin": [5.5, 13, -5], "size": [2, 2, 0], "uv": [0, 18]},
						{"origin": [5.5, 13, -3], "size": [2, 2, 0], "uv": [0, 16]}
					]
				},
				{
					"name": "spine",
					"parent": "torso",
					"pivot": [0, 13.03943, 3.75923],
					"rotation": [10, 0, 0],
					"cubes": [
						{"origin": [-1, 6.27208, 3.91039], "size": [2, 7, 2], "pivot": [0, 9.92208, 4.91039], "rotation": [20, 0, 0], "uv": [24, 34]}
					]
				},
				{
					"name": "tail",
					"parent": "spine",
					"pivot": [0, 6.42088, 5.77691],
					"cubes": [
						{"origin": [-0.5, -0.57792, 4.16039], "size": [1, 7, 1], "pivot": [0, 9.92208, 4.91039], "rotation": [17.5, 0, 0], "uv": [24, 0]}
					]
				}
			]
		}
	]
}