{
	"format_version": "1.8.0",
	"animations": {
		"animation.penguki.ground_idle": {
			"loop": true,
			"animation_length": 4.8,
			"bones": {
				"chest": {
					"rotation": {
						"0.0": [0, 0, 0],
						"1.2": [2.5, 0, 0],
						"2.4": [0, 0, 0],
						"3.6": [-2.5, 0, 0],
						"4.8": [0, 0, 0]
					}
				},
				"arm_left": {
					"rotation": [0, 0, 52.5]
				},
				"arm_right": {
					"rotation": [0, 0, -52.5]
				}
			}
		},
		"animation.penguki.ground_walk": {
			"loop": true,
			"animation_length": 0.48,
			"bones": {
				"body": {
					"rotation": {
						"0.0": [90, 0, 0],
						"0.48": [90, 0, 0]
					},
					"position": {
						"0.0": [0, 0, 7],
						"0.48": [0, 0, 7]
					}
				},
				"chest": {
					"rotation": {
						"0.0": [-20, 0, 0],
						"0.24": [-22.5, 0, 0],
						"0.48": [-20, 0, 0]
					}
				},
				"head": {
					"rotation": {
						"0.0": [-37.5, 0, 0],
						"0.24": [-42.5, 0, 0],
						"0.48": [-37.5, 0, 0]
					}
				},
				"arm_left": {
					"rotation": {
						"0.0": [-75.10851, 9.29798, 38.71777],
						"0.24": [-75.29902, 2.046, 36.79427],
						"0.48": [-75.10851, 9.29798, 38.71777]
					}
				},
				"arm_right": {
					"rotation": {
						"0.0": [-75.10851, -9.29798, -38.71777],
						"0.24": [-75.29902, -2.046, -36.79427],
						"0.48": [-75.10851, -9.29798, -38.71777]
					}
				},
				"leg_left": {
					"rotation": {
						"0.0": [0, 0, 0],
						"0.24": [7.5, 0, 0],
						"0.48": [0, 0, 0]
					}
				},
				"leg_right": {
					"rotation": {
						"0.0": [0, 0, 0],
						"0.24": [7.5, 0, 0],
						"0.48": [0, 0, 0]
					}
				}
			}
		}
	}
}