{
	"format_version": "1.12.0",
	"minecraft:geometry": [
		{
			"description": {
				"identifier": "geometry.pungirit",
				"texture_width": 128,
				"texture_height": 128,
				"visible_bounds_width": 2,
				"visible_bounds_height": 3.5,
				"visible_bounds_offset": [0, 1.25, 0]
			},
			"bones": [
				{
					"name": "pungirit",
					"pivot": [0, 0, 0]
				},
				{
					"name": "bone",
					"parent": "pungirit",
					"pivot": [0, 1, 0],
					"cubes": [
						{"origin": [-7, 1, -7], "size": [14, 14, 14], "uv": [0, 0]}
					]
				},
				{
					"name": "bone5",
					"parent": "bone",
					"pivot": [0, 15, 0],
					"cubes": [
						{"origin": [-4, 15, 0], "size": [8, 14, 0], "uv": [60, 41]}
					]
				},
				{
					"name": "leg",
					"parent": "bone",
					"pivot": [5, 1, -5],
					"cubes": [
						{"origin": [4, 0, -8], "size": [2, 2, 5], "uv": [90, 37]}
					]
				},
				{
					"name": "leg2",
					"parent": "bone",
					"pivot": [-5, 1, -5],
					"cubes": [
						{"origin": [-6, 0, -8], "size": [2, 2, 5], "uv": [90, 37]}
					]
				},
				{
					"name": "leg3",
					"parent": "bone",
					"pivot": [-5, 1, 6],
					"cubes": [
						{"origin": [-6, 0, 3], "size": [2, 2, 5], "uv": [90, 37]}
					]
				},
				{
					"name": "leg4",
					"parent": "bone",
					"pivot": [5, 1, 6],
					"cubes": [
						{"origin": [4, 0, 3], "size": [2, 2, 5], "uv": [90, 37]}
					]
				},
				{
					"name": "head",
					"parent": "pungirit",
					"pivot": [0, 4, -7],
					"cubes": [
						{"origin": [-3, 2, -10], "size": [6, 6, 5], "uv": [72, 6]}
					]
				},
				{
					"name": "bone3",
					"parent": "head",
					"pivot": [0, 8, -9],
					"cubes": [
						{"origin": [-2.5, 7, -9], "size": [5, 7, 0], "uv": [76, 21]}
					]
				},
				{
					"name": "bone2",
					"parent": "head",
					"pivot": [4, 6, -8.5],
					"cubes": [
						{"origin": [3, -2, -9.5], "size": [2, 8, 2], "uv": [30, 41]},
						{"origin": [4, -4, -8.5], "size": [3, 6, 0], "uv": [9, 33]}
					]
				},
				{
					"name": "bone4",
					"parent": "head",
					"pivot": [-4, 6, -8.5],
					"cubes": [
						{"origin": [-7, -4, -8.5], "size": [3, 6, 0], "uv": [9, 33], "mirror": true},
						{"origin": [-5, -2, -9.5], "size": [2, 8, 2], "uv": [30, 41], "mirror": true}
					]
				}
			]
		}
	]
}