{
	"format_version": "1.12.0",
	"minecraft:geometry": [
		{
			"description": {
				"identifier": "geometry.blodge",
				"texture_width": 128,
				"texture_height": 128,
				"visible_bounds_width": 3,
				"visible_bounds_height": 4.5,
				"visible_bounds_offset": [0, 1.75, 0]
			},
			"bones": [
				{
					"name": "blodge",
					"pivot": [0, 0, 0]
				},
				{
					"name": "puddle",
					"parent": "blodge",
					"pivot": [0, 0.1, -7],
					"cubes": [
						{"origin": [-7, 0.1, -7], "size": [14, 0, 17], "uv": [41, 63]}
					]
				},
				{
					"name": "bone",
					"parent": "blodge",
					"pivot": [0, 0, 0],
					"cubes": [
						{"origin": [-5, 0, -5], "size": [10, 9, 10], "uv": [86, 40]}
					]
				},
				{
					"name": "bone2",
					"parent": "bone",
					"pivot": [0, 9, 0],
					"rotation": [10, 0, 0],
					"cubes": [
						{"origin": [-5, 9, -5], "size": [10, 14, 10], "uv": [0, 39]},
						{"origin": [-4, 23, -4], "size": [8, 3, 8], "uv": [48, 42]}
					]
				},
				{
					"name": "arm",
					"parent": "bone2",
					"pivot": [7, 21.5, -1],
					"rotation": [-12.5, 0, 0],
					"cubes": [
						{"origin": [5, 11, -3], "size": [4, 11, 4], "uv": [28, 89]}
					]
				},
				{
					"name": "arm2",
					"parent": "bone2",
					"pivot": [-7, 21.5, -1],
					"rotation": [-12.5, 0, 0],
					"cubes": [
						{"origin": [-9, 11, -3], "size": [4, 11, 4], "uv": [28, 89], "mirror": true}
					]
				},
				{
					"name": "head",
					"parent": "bone2",
					"pivot": [0, 25, 0],
					"rotation": [-7.5, 0, 0],
					"cubes": [
						{"origin": [-6, 25, -6], "size": [12, 12, 12], "uv": [6, 5]},
						{"origin": [1.5, 33, -3], "size": [5, 7, 7], "pivot": [5, 37.5, 0.5], "rotation": [0, 0, -45], "uv": [87, 16]},
						{"origin": [-6.5, 33, -3], "size": [5, 7, 7], "pivot": [-5, 37.5, 0.5], "rotation": [0, 0, 45], "uv": [87, 16], "mirror": true}
					]
				}
			]
		}
	]
}