{
	"format_version": "1.12.0",
	"minecraft:geometry": [
		{
			"description": {
				"identifier": "geometry.unknown",
				"texture_width": 64,
				"texture_height": 64,
				"visible_bounds_width": 3,
				"visible_bounds_height": 3.5,
				"visible_bounds_offset": [0, 1.25, 0]
			},
			"bones": [
				{
					"name": "phione",
					"pivot": [0, 0, 0]
				},
				{
					"name": "body",
					"parent": "phione",
					"pivot": [0, 0, 0]
				},
				{
					"name": "drift_point",
					"parent": "body",
					"pivot": [0, 13, -1.5]
				},
				{
					"name": "drone",
					"parent": "drift_point",
					"pivot": [0, 7, 0]
				},
				{
					"name": "head",
					"parent": "drone",
					"pivot": [0, 7.1, 0],
					"cubes": [
						{"origin": [-1.5, 12.2, -1.5], "size": [3, 2, 3], "uv": [30, 0]},
						{"origin": [-1.5, 12.7, -1.5], "size": [3, 1, 3], "inflate": 0.01, "uv": [30, 5]},
						{"origin": [-3.5, 7, -3], "size": [7, 6, 6], "uv": [0, 0]}
					]
				},
				{
					"name": "propeller",
					"parent": "head",
					"pivot": [0, 13.7, 0],
					"cubes": [
						{"origin": [-11.5, 13.45, -3.5], "size": [23, 0, 7], "uv": [-7, 31]}
					]
				},
				{
					"name": "eyes",
					"parent": "head",
					"pivot": [-1, 11.75, -2]
				},
				{
					"name": "eye_left",
					"parent": "eyes",
					"pivot": [1.75, 9.99167, -2.82133],
					"rotation": [0, 0, 5],
					"cubes": [
						{"origin": [1.05, 7.75, -3.026], "size": [2, 3, 0], "uv": [12, 25]},
						{"origin": [1.05, 8, -3.025], "size": [2, 2, 0], "uv": [26, 5]}
					]
				},
				{
					"name": "pupil_left",
					"parent": "eye_left",
					"pivot": [1.45, 7.35, -1.95],
					"cubes": [
						{"origin": [1.45, 8.35, -2.95], "size": [1, 1, 1], "inflate": 0.1, "uv": [26, 9]},
						{"origin": [1.45, 9.1, -2.952], "size": [1, 1, 1], "inflate": 0.1, "uv": [4, 28]}
					]
				},
				{
					"name": "eye_right",
					"parent": "eyes",
					"pivot": [-1.75, 9.99167, -2.82133],
					"rotation": [0, 0, -5],
					"cubes": [
						{"origin": [-3.05, 7.75, -3.026], "size": [2, 3, 0], "uv": [24, 25]},
						{"origin": [-3.05, 8, -3.025], "size": [2, 2, 0], "uv": [8, 28]}
					]
				},
				{
					"name": "pupil_right",
					"parent": "eye_right",
					"pivot": [-2.45, 8.1, -1.975],
					"cubes": [
						{"origin": [-2.45, 8.35, -2.95], "size": [1, 1, 1], "inflate": 0.1, "uv": [28, 18]},
						{"origin": [-2.45, 9.1, -2.952], "size": [1, 1, 1], "inflate": 0.1, "uv": [20, 28]}
					]
				},
				{
					"name": "torso",
					"parent": "drone",
					"pivot": [0, 7, 0],
					"cubes": [
						{"origin": [-1.5, 5, -1.5], "size": [3, 2, 3], "uv": [0, 12]},
						{"origin": [-1.5, 3.25, -1.5], "size": [3, 2, 3], "inflate": 0.2, "uv": [12, 12]},
						{"origin": [-0.5, 2.05, -0.5], "size": [1, 2, 1], "pivot": [0, 3.05, 0], "rotation": [5, 0, 0], "uv": [20, 3]},
						{"origin": [-0.5, 4.75, -1.75], "size": [1, 2, 1], "uv": [24, 18]}
					]
				},
				{
					"name": "arms",
					"parent": "torso",
					"pivot": [-0.5, 3, -1.5]
				},
				{
					"name": "right_arm",
					"parent": "arms",
					"pivot": [-4, 2.75, -2]
				},
				{
					"name": "right_joint1",
					"parent": "right_arm",
					"pivot": [-1, 6.25, 0],
					"cubes": [
						{"origin": [-2, 5.75, -0.5], "size": [1, 1, 1], "uv": [28, 22], "mirror": true}
					]
				},
				{
					"name": "right_joint2",
					"parent": "right_joint1",
					"pivot": [-2, 6.25, 0],
					"cubes": [
						{"origin": [-4, 5.75, -1], "size": [2, 1, 2], "inflate": 0.1, "uv": [24, 12], "mirror": true}
					]
				},
				{
					"name": "right_joint3",
					"parent": "right_joint2",
					"pivot": [-3.1, 6.25, 0],
					"cubes": [
						{"origin": [-6, 5.25, -1.5], "size": [3, 2, 3], "inflate": -0.1, "uv": [12, 17], "mirror": true}
					]
				},
				{
					"name": "right_joint4",
					"parent": "right_joint3",
					"pivot": [-5.9, 6.25, -0.25],
					"cubes": [
						{"origin": [-6.75, 5.75, -0.5], "size": [1, 1, 1], "inflate": 0.2, "uv": [24, 28], "mirror": true}
					]
				},
				{
					"name": "left_arm",
					"parent": "arms",
					"pivot": [4, 2.75, -2]
				},
				{
					"name": "left_joint1",
					"parent": "left_arm",
					"pivot": [1, 6.25, 0],
					"cubes": [
						{"origin": [1, 5.75, -0.5], "size": [1, 1, 1], "uv": [28, 22]}
					]
				},
				{
					"name": "left_joint2",
					"parent": "left_joint1",
					"pivot": [2, 6.25, 0],
					"cubes": [
						{"origin": [2, 5.75, -1], "size": [2, 1, 2], "inflate": 0.1, "uv": [24, 12]}
					]
				},
				{
					"name": "left_joint3",
					"parent": "left_joint2",
					"pivot": [3.1, 6.25, 0],
					"cubes": [
						{"origin": [3, 5.25, -1.5], "size": [3, 2, 3], "inflate": -0.1, "uv": [12, 17]}
					]
				},
				{
					"name": "left_joint4",
					"parent": "left_joint3",
					"pivot": [5.9, 6.25, -0.25],
					"cubes": [
						{"origin": [5.75, 5.75, -0.5], "size": [1, 1, 1], "inflate": 0.2, "uv": [24, 28]}
					]
				}
			]
		}
	]
}