{
	"format_version": "1.12.0",
	"minecraft:geometry": [
		{
			"description": {
				"identifier": "geometry.stellotl",
				"texture_width": 64,
				"texture_height": 64,
				"visible_bounds_width": 6,
				"visible_bounds_height": 5.5,
				"visible_bounds_offset": [0, 2.25, 0]
			},
			"bones": [
				{
					"name": "stellotl",
					"pivot": [0, 0, 0]
				},
				{
					"name": "stellotlbody",
					"parent": "stellotl",
					"pivot": [0.2, 13.25, 0]
				},
				{
					"name": "head",
					"parent": "stellotlbody",
					"pivot": [-0.05, 15.75, 0.5],
					"cubes": [
						{"origin": [-4.55, 15.75, -3], "size": [9, 7, 7], "uv": [0, 0]},
						{"origin": [-2.05, 21.75, -3.15], "size": [1, 2, 1], "pivot": [-1.05, 22.75, -3.15], "rotation": [0, 0, -22.5], "uv": [25, 1]},
						{"origin": [0.75, 21.35, -3.15], "size": [1, 2, 1], "pivot": [1.75, 22.35, -3.15], "rotation": [0, 0, 22.5], "uv": [23, 23]},
						{"origin": [-2.6, 18.35, -3.2], "size": [5, 5, 0], "uv": [12, 41]}
					]
				},
				{
					"name": "eye_left",
					"parent": "head",
					"pivot": [-3.55, 18, -1.975],
					"rotation": [0, 0, 3],
					"cubes": [
						{"origin": [-4.55, 18, -3.025], "size": [2, 3, 0], "uv": [21, 14]},
						{"origin": [-3.7, 19.9, -3.025], "size": [1, 1, 0], "inflate": 0.01, "uv": [23, 20]}
					]
				},
				{
					"name": "eye_right",
					"parent": "head",
					"pivot": [3.4, 18, -1.975],
					"rotation": [0, 0, -3],
					"cubes": [
						{"origin": [2.4, 18, -3.025], "size": [2, 3, 0], "uv": [21, 17]},
						{"origin": [2.55, 19.9, -3.025], "size": [1, 1, 0], "inflate": 0.01, "uv": [21, 20]}
					]
				},
				{
					"name": "eye_lid_left",
					"parent": "head",
					"pivot": [-2.3, 18.55, -2.9],
					"cubes": [
						{"origin": [-4.3, 18.05, -2.9], "size": [2, 3, 0], "inflate": 0.01, "uv": [1, 4]}
					]
				},
				{
					"name": "eye_lid_right",
					"parent": "head",
					"pivot": [2.2, 18.55, -3.1],
					"cubes": [
						{"origin": [2.2, 18.05, -2.9], "size": [2, 3, 0], "inflate": 0.01, "uv": [1, 1]}
					]
				},
				{
					"name": "eye_left_shock",
					"parent": "head",
					"pivot": [-3.55, 17.55, -1.9],
					"rotation": [0, 0, 3],
					"cubes": [
						{"origin": [-4.55, 18.3, -2.95], "size": [2, 2, 0], "uv": [21, 43]},
						{"origin": [-4.05, 18.8, -2.95], "size": [1, 1, 0], "inflate": 0.01, "uv": [23, 20]}
					]
				},
				{
					"name": "eye_right_shock",
					"parent": "head",
					"pivot": [3.4, 17.8, -1.9],
					"rotation": [0, 0, -3],
					"cubes": [
						{"origin": [2.4, 18.3, -2.95], "size": [2, 2, 0], "uv": [21, 43]},
						{"origin": [2.85, 18.85, -2.95], "size": [1, 1, 0], "inflate": 0.01, "uv": [21, 20]}
					]
				},
				{
					"name": "eye_angry_left",
					"parent": "head",
					"pivot": [-2.5, 20.9, -3.05],
					"cubes": [
						{"origin": [-3, 20.375, -2.95], "size": [1, 1, 0], "inflate": 0.011, "pivot": [-2.5, 20.875, -2.95], "rotation": [0, 0, 3], "uv": [23, 19]}
					]
				},
				{
					"name": "eye_angry_right",
					"parent": "head",
					"pivot": [2.3, 20.9, -3.05],
					"cubes": [
						{"origin": [1.9, 20.375, -2.95], "size": [1, 1, 0], "inflate": 0.011, "pivot": [2.4, 20.875, -2.95], "rotation": [0, 0, -3], "uv": [23, 19]}
					]
				},
				{
					"name": "mouth2",
					"parent": "head",
					"pivot": [1.85, 22.35, -3.15]
				},
				{
					"name": "mouth_open_small",
					"parent": "mouth2",
					"pivot": [0, 17, -2.95],
					"cubes": [
						{"origin": [-0.5, 16.5, -2.95], "size": [1, 1, 0], "inflate": 0.01, "uv": [44, 26]}
					]
				},
				{
					"name": "mouth_smile",
					"parent": "mouth2",
					"pivot": [0, 17.075, -2.95],
					"cubes": [
						{"origin": [-2.5, 16.2, -2.95], "size": [5, 1, 0], "inflate": 0.01, "uv": [53, 30]},
						{"origin": [-3, 16.95, -2.95], "size": [6, 1, 0], "uv": [53, 33]}
					]
				},
				{
					"name": "mouth",
					"parent": "mouth2",
					"pivot": [-0.025, 17.15, -2.95],
					"cubes": [
						{"origin": [-2.5, 16.45, -3.05], "size": [5, 1, 0], "uv": [41, 40]}
					]
				},
				{
					"name": "mouth_smile2",
					"parent": "mouth",
					"pivot": [-0.05, 17.35, -3.05],
					"cubes": [
						{"origin": [-3.05, 16.85, -3.05], "size": [6, 1, 0], "uv": [47, 30]}
					]
				},
				{
					"name": "mouth_open",
					"parent": "mouth2",
					"pivot": [0, 17.25, -2.9],
					"cubes": [
						{"origin": [-1, 15.75, -2.9], "size": [2, 2, 0], "inflate": 0.01, "uv": [33, 12]}
					]
				},
				{
					"name": "fins",
					"parent": "head",
					"pivot": [-0.8, 10.25, 0]
				},
				{
					"name": "fin_left",
					"parent": "fins",
					"pivot": [-4.6, 18, -0.05],
					"cubes": [
						{"origin": [-9.2656, 15.75, 0.85928], "size": [5, 7, 0], "pivot": [-6.7656, 19.25, 0.85928], "rotation": [0, 22.5, 0], "uv": [38, 49]},
						{"origin": [-12.57284, 15.75, 0.575], "size": [8, 10, 0], "pivot": [-5.57284, 19.75, -0.48519], "rotation": [0, 45, 0], "uv": [25, 36]}
					]
				},
				{
					"name": "fin_right",
					"parent": "fins",
					"pivot": [4.4, 18, -0.1],
					"cubes": [
						{"origin": [2.65, 15.75, 4.75], "size": [8, 10, 0], "pivot": [9.65, 19.75, 3.75], "rotation": [0, -45, 0], "uv": [25, 36], "mirror": true},
						{"origin": [4.18649, 15.75, 0.85699], "size": [5, 7, 0], "pivot": [6.68649, 19.25, 0.85699], "rotation": [0, -22.5, 0], "uv": [1, 49]}
					]
				},
				{
					"name": "antennas",
					"parent": "head",
					"pivot": [0.95, 21.25, -3]
				},
				{
					"name": "bone",
					"parent": "antennas",
					"pivot": [0.7, 21.65, -4.1],
					"cubes": [
						{"origin": [0.7, 21.65, -3.1], "size": [1, 2, 0], "pivot": [0.7, 21.65, -4.1], "rotation": [0, 0, 46.5], "uv": [1, 31]}
					]
				},
				{
					"name": "bone2",
					"parent": "bone",
					"pivot": [2.42071, 22.56335, -3.1],
					"cubes": [
						{"origin": [1.92177, 22.50937, -3.1], "size": [1, 3, 0], "inflate": 0.01, "pivot": [2.45, 22.59645, -3.1], "rotation": [0, 0, 1.5], "uv": [1, 41]}
					]
				},
				{
					"name": "bone3",
					"parent": "bone2",
					"pivot": [2.49142, 25.52328, -3.1],
					"cubes": [
						{"origin": [1.98593, 25.50842, -3.1], "size": [1, 3, 0], "pivot": [2.52071, 25.34558, -3.1], "rotation": [0, 0, 1.5], "uv": [21, 31]}
					]
				},
				{
					"name": "bone4",
					"parent": "bone3",
					"pivot": [2.66213, 28.51163, -3.1],
					"cubes": [
						{"origin": [2.05927, 28.50759, -3.1], "size": [1, 3, 0], "pivot": [2.595, 28.5, -3.1], "rotation": [0, 0, 1.5], "uv": [19, 31]}
					]
				},
				{
					"name": "bone5",
					"parent": "bone4",
					"pivot": [2.73284, 31.51076, -3.1],
					"cubes": [
						{"origin": [2.12736, 31.50669, -3.1], "size": [1, 3, 0], "pivot": [2.66213, 31.34386, -3.1], "rotation": [0, 0, 1.5], "uv": [17, 31]}
					]
				},
				{
					"name": "bone6",
					"parent": "bone5",
					"pivot": [2.72678, 34.48313, -3.1],
					"cubes": [
						{"origin": [2.19807, 34.50583, -3.1], "size": [1, 3, 0], "pivot": [2.73284, 34.343, -3.1], "rotation": [0, 0, 1.5], "uv": [29, 4]}
					]
				},
				{
					"name": "bone7",
					"parent": "bone6",
					"pivot": [2.77426, 37.50193, -3.1],
					"cubes": [
						{"origin": [2.27402, 37.50504, -3.1], "size": [1, 3, 0], "pivot": [2.80355, 37.5, -3.1], "rotation": [0, 0, 1.5], "uv": [29, 1]}
					]
				},
				{
					"name": "bone8",
					"parent": "bone7",
					"pivot": [2.87426, 40.5, -3.1],
					"cubes": [
						{"origin": [2.33949, 40.50411, -3.1], "size": [1, 2, 0], "pivot": [2.87426, 40.34127, -3.1], "rotation": [0, 0, 1.5], "uv": [25, 26]}
					]
				},
				{
					"name": "antennas2",
					"parent": "head",
					"pivot": [-2.15, 20.25, -3],
					"rotation": [0, 0, -90]
				},
				{
					"name": "bone9",
					"parent": "antennas2",
					"pivot": [-1.65, 19.65, -4.1],
					"cubes": [
						{"origin": [-1.4, 19.65, -3.1], "size": [1, 2, 0], "pivot": [-1.4, 19.65, -4.1], "rotation": [0, 0, 46.5], "uv": [23, 26]}
					]
				},
				{
					"name": "bone10",
					"parent": "bone9",
					"pivot": [0.29914, 20.6634, -3.1],
					"cubes": [
						{"origin": [-0.24245, 20.51292, -3.1], "size": [1, 3, 0], "inflate": 0.01, "pivot": [0.28579, 20.6, -3.1], "rotation": [0, 0, 91.5], "uv": [27, 4]}
					]
				},
				{
					"name": "bone11",
					"parent": "bone10",
					"pivot": [3.2, 20.55858, -3.1],
					"cubes": [
						{"origin": [2.45751, 20.69212, -3.08192], "size": [1, 3, 0], "pivot": [2.99228, 20.52929, -3.08192], "rotation": [0, 0, 91.5], "uv": [25, 17]}
					]
				},
				{
					"name": "bone12",
					"parent": "bone11",
					"pivot": [6.15832, 20.48787, -3.08192],
					"cubes": [
						{"origin": [5.45664, 20.62141, -3.08192], "size": [1, 3, 0], "pivot": [5.99142, 20.45858, -3.08192], "rotation": [0, 0, 91.5], "uv": [25, 14]}
					]
				},
				{
					"name": "bone13",
					"parent": "bone12",
					"pivot": [9.15746, 20.41716, -3.08192],
					"cubes": [
						{"origin": [8.45578, 20.5507, -3.08192], "size": [1, 3, 0], "pivot": [8.99056, 20.38787, -3.08192], "rotation": [0, 0, 91.5], "uv": [25, 4]}
					]
				},
				{
					"name": "bone14",
					"parent": "bone13",
					"pivot": [12.1566, 20.34645, -3.08192],
					"cubes": [
						{"origin": [11.45492, 20.47999, -3.08192], "size": [1, 3, 0], "pivot": [11.9897, 20.31716, -3.08192], "rotation": [0, 0, 91.5], "uv": [5, 4]}
					]
				},
				{
					"name": "bone15",
					"parent": "bone14",
					"pivot": [15.15, 20.275, -3.08192],
					"cubes": [
						{"origin": [14.45406, 20.40928, -3.08192], "size": [1, 3, 0], "pivot": [14.98883, 20.24645, -3.08192], "rotation": [0, 0, 91.5], "uv": [5, 1]}
					]
				},
				{
					"name": "bone16",
					"parent": "bone15",
					"pivot": [18.13797, 20.17574, -3.08192],
					"cubes": [
						{"origin": [17.4532, 20.33857, -3.08192], "size": [1, 2, 0], "pivot": [17.98797, 20.17574, -3.08192], "rotation": [0, 0, 91.5], "uv": [21, 23]}
					]
				},
				{
					"name": "body",
					"parent": "stellotlbody",
					"pivot": [-0.55, 15.5, 0.75],
					"cubes": [
						{"origin": [-3.55, 7.75, -2], "size": [7, 8, 5], "uv": [23, 23]},
						{"origin": [-2.05, 13.75, -3.65], "size": [4, 2, 8], "uv": [1, 31]},
						{"origin": [-4.05, 13.75, -3.05], "size": [8, 2, 7], "inflate": 0.01, "uv": [21, 14]},
						{"origin": [-4.8, 13.75, -1.5], "size": [2, 2, 4], "uv": [26, 48]},
						{"origin": [2.85, 13.75, -1.5], "size": [2, 2, 4], "uv": [47, 1]},
						{"origin": [-3.05, 8.75, -2.5], "size": [6, 6, 1], "uv": [47, 23]}
					]
				},
				{
					"name": "arms",
					"parent": "body",
					"pivot": [-0.55, 13.75, 0]
				},
				{
					"name": "arm_left",
					"parent": "arms",
					"pivot": [-4.3, 14, -0.5],
					"cubes": [
						{"origin": [-8.47678, 12.53806, -0.92678], "size": [5, 3, 3], "uv": [14, 46]},
						{"origin": [-7.95, 13.55, -1.4], "size": [1, 0, 1], "pivot": [-7.45, 13.55, -0.9], "rotation": [0, -90, 0], "uv": [2, 2]}
					]
				},
				{
					"name": "arm_right",
					"parent": "arms",
					"pivot": [4.3, 14, -0.5],
					"cubes": [
						{"origin": [3.37678, 12.53806, -0.92678], "size": [5, 3, 3], "uv": [44, 15]},
						{"origin": [6.85, 13.55, -1.4], "size": [1, 0, 1], "uv": [2, 2]}
					]
				},
				{
					"name": "legs",
					"parent": "body",
					"pivot": [-0.05, 7.75, 0.75]
				},
				{
					"name": "leg_left",
					"parent": "legs",
					"pivot": [-3.8, 9.25, 0.5],
					"cubes": [
						{"origin": [-4.33047, 6.5, -0.00186], "size": [3, 4, 4], "pivot": [-4.33047, 5.5, 1.99814], "rotation": [22.5, 0, 0], "uv": [44, 7]}
					]
				},
				{
					"name": "foot_left",
					"parent": "leg_left",
					"pivot": [-2.83047, 5.75, 1.24814],
					"cubes": [
						{"origin": [-3.83047, 2.93085, 0.82171], "size": [2, 4, 2], "pivot": [-2.83047, 5.75, 1.24814], "rotation": [-35, 0, 0], "uv": [48, 49]}
					]
				},
				{
					"name": "leg_right",
					"parent": "legs",
					"pivot": [3.2, 9.25, 0.75],
					"cubes": [
						{"origin": [1.2, 6.5, 0], "size": [3, 4, 4], "pivot": [1.2, 5.5, 2], "rotation": [22.5, 0, 0], "uv": [43, 32]}
					]
				},
				{
					"name": "foot_right",
					"parent": "leg_right",
					"pivot": [2.7, 6.25, 1.25],
					"cubes": [
						{"origin": [1.7, 2.93085, 0.82358], "size": [2, 4, 2], "pivot": [2.7, 5.75, 1.25], "rotation": [-35, 0, 0], "uv": [1, 31]}
					]
				},
				{
					"name": "tail",
					"parent": "body",
					"pivot": [-0.05, 9, 2.25]
				},
				{
					"name": "tail_1",
					"parent": "tail",
					"pivot": [-0.55, 7.5, 2],
					"cubes": [
						{"origin": [-1.55, 7.5, 1], "size": [3, 3, 5], "inflate": 0.01, "pivot": [-0.55, 7.5, 2], "rotation": [-22.5, 0, 0], "uv": [36, 41]}
					]
				},
				{
					"name": "tail_2",
					"parent": "tail_1",
					"pivot": [0.2, 7.5, 5.7],
					"cubes": [
						{"origin": [-1.55, 6, 5.7], "size": [3, 3, 5], "uv": [1, 41]}
					]
				},
				{
					"name": "tail_3",
					"parent": "tail_2",
					"pivot": [-0.05, 7.75, 10.7],
					"cubes": [
						{"origin": [-1.05, 6.75, 10.7], "size": [2, 2, 4], "pivot": [-0.05, 6.75, 11.7], "rotation": [15, 0, 0], "uv": [47, 40]}
					]
				},
				{
					"name": "tail_4",
					"parent": "tail_3",
					"pivot": [-0.05, 8.8, 14.6],
					"cubes": [
						{"origin": [-1.05, 9.05, 14.1], "size": [2, 1, 2], "pivot": [-0.05, 9.05, 15.1], "rotation": [42.5, 0, 0], "uv": [11, 52]}
					]
				},
				{
					"name": "tail_5",
					"parent": "tail_4",
					"pivot": [-0.05, 9.975, 15.25],
					"cubes": [
						{"origin": [-1.05, 9.85, 15.45], "size": [2, 1, 2], "inflate": 0.01, "pivot": [-0.05, 9.875, 16.45], "rotation": [20, 0, 0], "uv": [17, 34]}
					]
				},
				{
					"name": "fire",
					"parent": "tail",
					"pivot": [-0.05, 10.75, 2.9],
					"cubes": [
						{"origin": [-0.05, 7.75, 2.9], "size": [0, 6, 11], "uv": [1, 14]}
					]
				},
				{
					"name": "fire2",
					"parent": "fire",
					"pivot": [0, 11, 13.9],
					"cubes": [
						{"origin": [-0.05, 7.75, 13.9], "size": [0, 11, 10], "uv": [1, 4]}
					]
				}
			]
		}
	]
}