{
	"format_version": "1.8.0",
	"animations": {
		"animation.rotom_fan.ground_idle": {
			"loop": true,
			"bones": {
				"body": {
					"rotation": [2.5, 0, 0]
				},
				"fan_pivot": {
					"rotation": [0, 0, 30]
				},
				"arm_right": {
					"scale": [1, -1, 1]
				}
			}
		},
		"animation.rotom_fan.blink": {
			"animation_length": 0.1667,
			"bones": {
				"eyelid_left": {
					"position": {
						"0.0": [0, 0, -0.1],
						"0.125": [0, 0, -0.1],
						"0.1667": [0, 0, 0]
					}
				},
				"eyelid_right": {
					"position": {
						"0.0": [0, 0, -0.1],
						"0.125": [0, 0, -0.1],
						"0.1667": [0, 0, 0]
					}
				}
			}
		},
		"animation.rotom_fan.cry": {
			"animation_length": 3,
			"sound_effects": {
				"0.0": {
					"effect": "pokemon.rotom_fan.cry"
				}
			}
		}
	}
}