{
	"format_version": "1.8.0",
	"animations": {
		"animation.patterler.ground_walk": {
			"loop": true,
			"animation_length": 0.66667,
			"bones": {
				"torso": {
					"rotation": {
						"0.0": [0, 0, -5],
						"0.125": [0, 0, -2.5],
						"0.2083": [0, 0, 0],
						"0.3333": [0, 0, 5],
						"0.4583": [0, 0, 2.5],
						"0.5417": [0, 0, 0],
						"0.6667": [0, 0, -5]
					},
					"position": {
						"0.0": [0, 0.5, 0],
						"0.125": [0, 0, 0],
						"0.2083": [0, 0, 0],
						"0.3333": [0, 0.5, 0],
						"0.4583": [0, 0, 0],
						"0.5417": [0, 0, 0],
						"0.6667": [0, 0.5, 0]
					}
				},
				"hair1": {
					"rotation": {
						"0.0": [0, 0, 0],
						"0.1667": [0, 0, -10],
						"0.3333": [0, 0, 0],
						"0.5": [0, 0, -10],
						"0.6667": [0, 0, 0]
					}
				},
				"hair2": {
					"rotation": {
						"0.0": [0, 0, 0],
						"0.1667": [0, 0, 10],
						"0.3333": [0, 0, 0],
						"0.5": [0, 0, 10],
						"0.6667": [0, 0, 0]
					}
				},
				"leg1": {
					"rotation": {
						"0.0": [-25, 0, 0],
						"0.125": [5, 0, 0],
						"0.2083": [10, 0, 0],
						"0.3333": [25, 0, 0],
						"0.4583": [5, 0, 0],
						"0.5417": [-5, 0, 0],
						"0.6667": [-25, 0, 0]
					}
				},
				"leg2": {
					"rotation": {
						"0.0": [45, 0, 0],
						"0.125": [5, 0, 0],
						"0.2083": [-5, 0, 0],
						"0.3333": [-25, 0, 0],
						"0.4583": [-5, 0, 0],
						"0.5417": [5, 0, 0],
						"0.6667": [45, 0, 0]
					}
				}
			}
		},
		"animation.patterler.ground_idle": {
			"loop": true,
			"animation_length": 0.75,
			"bones": {
				"hair1": {
					"rotation": {
						"0.0": [0, 0, 0],
						"0.25": [0, 0, -5],
						"0.5417": [0, 0, 0]
					}
				},
				"hair2": {
					"rotation": {
						"0.0": [0, 0, 0],
						"0.25": [0, 0, 5],
						"0.5417": [0, 0, 0],
						"0.75": [0, 0, 0]
					}
				},
				"head": {
					"rotation": {
						"0.0": [0, 0, 0],
						"0.375": [2.5, 0, 0],
						"0.75": [0, 0, 0]
					},
					"position": {
						"0.0": [0, 0, 0],
						"0.375": [0, -0.25, 0],
						"0.75": [0, 0, 0]
					}
				}
			}
		},
		"animation.patterler.faint": {
			"animation_length": 2.75,
			"bones": {
				"torso": {
					"rotation": {
						"0.0": [-30, 0, 0],
						"0.375": [-90, 0, 0]
					},
					"position": {
						"0.0": [0, 0, 2],
						"0.0417": [0, 0, 4],
						"0.0833": [0, -1, 6],
						"0.125": [0, -2, 7],
						"0.1667": [0, -1.5, 8],
						"0.25": [0, -2, 9],
						"0.375": [0, -2, 12]
					}
				},
				"hair1": {
					"rotation": {
						"0.0": [0, 0, 35],
						"0.125": [0, 0, 25],
						"0.625": [0, 0, 0]
					}
				},
				"hair2": {
					"rotation": {
						"0.0": [0, 0, -40],
						"0.125": [0, 0, -30],
						"0.4167": [0, 0, -5]
					}
				},
				"leg1": {
					"rotation": {
						"0.0": [-20, 0, 0],
						"0.125": [-50, 0, 0],
						"0.1667": [-47.5, 0, 0],
						"0.25": [-30, 0, 0],
						"0.375": [30, 0, 0],
						"0.4583": [20, 0, 0],
						"0.5417": [30, 0, 0]
					}
				},
				"leg2": {
					"rotation": {
						"0.0": [-20, 0, 0],
						"0.125": [-50, 0, 0],
						"0.1667": [-47.5, 0, 0],
						"0.25": [-30, 0, 0],
						"0.375": [30, 0, 0],
						"0.4583": [20, 0, 0],
						"0.5417": [30, 0, 0]
					}
				},
				"eyelids": {
					"position": [0, 0, -1]
				}
			}
		},
		"animation.patterler.water_idle": {
			"loop": true,
			"animation_length": 2,
			"bones": {
				"torso": {
					"position": {
						"0.0": [0, 1, 0],
						"1.0": [0, 2, 0],
						"2.0": [0, 1, 0]
					}
				},
				"hair1": {
					"rotation": {
						"0.0": [0, 0, 0],
						"1.0": [0, 0, 10],
						"2.0": [0, 0, 0]
					}
				},
				"hair2": {
					"rotation": {
						"0.0": [0, 0, 0],
						"1.0": [0, 0, -10],
						"2.0": [0, 0, 0]
					}
				},
				"leg1": {
					"rotation": {
						"0.0": [20, 0, 0],
						"1.0": [-20, 0, 0],
						"2.0": [20, 0, 0]
					}
				},
				"leg2": {
					"rotation": {
						"0.0": [-20, 0, 0],
						"1.0": [25, 0, 0],
						"2.0": [-20, 0, 0]
					}
				}
			}
		},
		"animation.patterler.water_swim": {
			"loop": true,
			"animation_length": 0.5,
			"bones": {
				"torso": {
					"rotation": {
						"0.0": [25, 0, 0],
						"0.25": [27.5, 0, 0],
						"0.5": [25, 0, 0]
					},
					"position": {
						"0.0": [0, 0, 0],
						"0.25": [0, 0.25, -0.25],
						"0.375": [0, -0.12, -0.12],
						"0.5": [0, 0, 0]
					}
				},
				"hair1": {
					"rotation": {
						"0.0": [0, 0, 0],
						"0.25": [0, 0, 30],
						"0.5": [0, 0, 0]
					}
				},
				"hair2": {
					"rotation": {
						"0.0": [0, 0, 0],
						"0.25": [0, 0, -30],
						"0.5": [0, 0, 0]
					}
				},
				"leg1": {
					"rotation": {
						"0.0": [50, 0, 0],
						"0.25": [25, 0, 0],
						"0.5": [50, 0, 0]
					}
				},
				"leg2": {
					"rotation": {
						"0.0": [25, 0, 0],
						"0.25": [50, 0, 0],
						"0.5": [25, 0, 0]
					}
				}
			}
		},
		"animation.patterler.sleep": {
			"loop": true,
			"animation_length": 2,
			"bones": {
				"torso": {
					"rotation": [-25, 0, 0],
					"position": [0, -2, 0]
				},
				"hair1": {
					"rotation": [0, 0, 10]
				},
				"hair2": {
					"rotation": [0, 0, -10]
				},
				"leg1": {
					"rotation": [-50, 0, 0]
				},
				"leg2": {
					"rotation": [-50, 0, 0]
				},
				"head": {
					"rotation": {
						"0.0": [0, 0, 0],
						"1.0": [5, 0, 0],
						"2.0": [0, 0, 0]
					}
				},
				"eyelids": {
					"position": [0, 0, -1]
				}
			}
		},
		"animation.patterler.shoulder_left": {
			"loop": true,
			"animation_length": 2,
			"bones": {
				"torso": {
					"rotation": [0, -35, 0],
					"position": [0, -3, 0]
				},
				"leg1": {
					"rotation": {
						"0.0": [-60, 0, 0],
						"1.0": [-45, 0, 0],
						"2.0": [-60, 0, 0]
					}
				},
				"leg2": {
					"rotation": {
						"0.0": [-45, 0, 0],
						"1.0": [-60, 0, 0],
						"2.0": [-45, 0, 0]
					}
				}
			}
		},
		"animation.patterler.shoulder_right": {
			"loop": true,
			"animation_length": 2,
			"bones": {
				"torso": {
					"rotation": [0, 35, 0],
					"position": [0, -3, 0]
				},
				"leg1": {
					"rotation": {
						"0.0": [-60, 0, 0],
						"1.0": [-45, 0, 0],
						"2.0": [-60, 0, 0]
					}
				},
				"leg2": {
					"rotation": {
						"0.0": [-45, 0, 0],
						"1.0": [-60, 0, 0],
						"2.0": [-45, 0, 0]
					}
				}
			}
		}
	}
}