{
	"format_version": "1.8.0",
	"animations": {
		"animation.witherich.ground_idle": {
			"loop": true,
			"animation_length": 4,
			"bones": {
				"witherich": {
					"position": {
						"0.0": [0, 0, 0],
						"2.0": [0, 1, 0],
						"4.0": [0, 0, 0]
					}
				},
				"arm1": {
					"rotation": {
						"0.0": [0, 0, 0],
						"1.0": [0, 0, 7.5],
						"2.5": [0, 0, -11.25],
						"4.0": [0, 0, 0]
					},
					"position": {
						"0.0": [0, 0, 0],
						"1.0": [0, -2, 0],
						"2.5": [0, -4, 0],
						"4.0": [0, 0, 0]
					}
				},
				"arm2": {
					"position": {
						"0.0": [0, 0, 0],
						"1.0": [0, -0.5, 0],
						"3.0": [0, -1.25, 0],
						"4.0": [0, 0, 0]
					}
				},
				"spine": {
					"rotation": {
						"0.0": [0, 0, 0],
						"2.0": [-10, 0, 0],
						"4.0": [0, 0, 0]
					}
				},
				"tail": {
					"rotation": {
						"0.0": [0, 0, 0],
						"2.0": [-15, 0, 0],
						"4.0": [0, 0, 0]
					}
				}
			}
		},
		"animation.witherich.ground_walk": {
			"loop": true,
			"animation_length": 1,
			"bones": {
				"torso": {
					"rotation": {
						"0.0": [30, 0, 0],
						"0.25": [27.5, 0, 0],
						"0.75": [30, 0, 0],
						"1.0": [30, 0, 0]
					},
					"position": {
						"0.0": [0, 0, 0],
						"0.5": [0, 1, 0],
						"1.0": [0, 0, 0]
					}
				},
				"head": {
					"rotation": {
						"0.0": [-20, 0, 0],
						"0.5": [-15, 0, 0],
						"1.0": [-20, 0, 0]
					}
				},
				"arm1": {
					"rotation": {
						"0.0": [0, 0, 0],
						"0.5": [10, 0, 0],
						"1.0": [0, 0, 0]
					},
					"position": {
						"0.0": [0, 0, 0],
						"0.5": [0, -1, 1],
						"1.0": [0, 0, 0]
					}
				},
				"arm2": {
					"rotation": {
						"0.0": [0, 0, 0],
						"0.25": [10, 0, 0],
						"0.5": [0, 0, 0],
						"0.75": [10, 0, 0],
						"1.0": [0, 0, 0]
					}
				},
				"spine": {
					"rotation": {
						"0.0": [10, 0, 0],
						"0.5": [5, 0, 0],
						"1.0": [10, 0, 0]
					}
				},
				"tail": {
					"rotation": {
						"0.0": [15, 0, 0],
						"0.5": [5, 0, 0],
						"1.0": [15, 0, 0]
					}
				}
			}
		},
		"animation.witherich.faint": {
			"animation_length": 3.5,
			"bones": {
				"torso": {
					"rotation": {
						"0.0": [0, 0, 0],
						"0.1667": [30, 0, 0],
						"0.3333": [60, 0, 0]
					},
					"position": {
						"0.0": [0, 0, 0],
						"0.3333": [0, -15, -7],
						"0.4167": [0, -14, -8],
						"0.5417": [0, -15, -9]
					}
				},
				"head": {
					"rotation": {
						"0.0": [0, 0, 0],
						"0.3333": [-30, 0, 0],
						"0.4167": [-10, 0, 0],
						"0.5417": [-30, 0, 0],
						"0.6667": [-25, 0, 0]
					}
				},
				"arm1": {
					"rotation": {
						"0.0": [0, 0, 0],
						"0.1667": [27.5, 0, 0],
						"0.3333": [50, 0, 0],
						"0.4167": [30, 0, 0]
					},
					"position": {
						"0.0": [0, 0, 0],
						"0.3333": [0, 0, 1],
						"0.4167": [0, -3, 3],
						"0.5417": [0, -6, 5],
						"3.5": [0, -6, 5]
					}
				},
				"arm2": {
					"rotation": {
						"0.0": [0, 0, 0],
						"0.1667": [-90, 0, 0],
						"0.3333": [-155.73299, -13.34855, 27.11771]
					},
					"position": {
						"0.0": [0, 0, 0],
						"0.3333": [3, 0, 1],
						"0.5": [6, 0, 1],
						"0.75": [8, 0, 1]
					}
				},
				"spine": {
					"rotation": {
						"0.0": [0, 0, 0],
						"0.1667": [20, 0, 0],
						"0.3333": [30, 0, 0],
						"0.4167": [-5, 0, 0],
						"0.5417": [-27.5, 0, 0]
					}
				},
				"tail": {
					"rotation": {
						"0.0": [0, 0, 0],
						"0.1667": [-30, 0, 0],
						"0.3333": [25, 0, 0],
						"0.4167": [45, 0, 0],
						"0.5417": [27.5, 0, 0],
						"0.5833": [42, 0, 0],
						"0.6667": [29.5, 0, 0]
					}
				}
			}
		}
	}
}