{
  "id": "cobblemon:cephalange",
  "speciesId": "cobblemon:cephalange",
  "displayAspects": [],
  "conditionAspects": [],
  "forms": [
    {
      "displayForm": "magi",
      "unlockForms": [
          "magi",
        "woop",
        "pyuku"
      ]
    }
  ],
  "variations": [
      {
      "displayName": "cobblemon.pokedex.variation.puppet",
      "icon": "cobblemon:textures/gui/pokedex/variation/pattern.png",
      "aspects": [
        "magi",
        "woop",
        "pyuku"
      ]
    }
  ]
}