{
  "id": "cobblemon:flapestry",
  "speciesId": "cobblemon:flapestry",
  "displayAspects": [],
  "conditionAspects": [],
  "forms": [
    {
      "displayForm": "turtle",
      "unlockForms": [
          "turtle",
        "passion",
        "mummy",
        "ripple"
      ]
    }
  ],
  "variations": [
      {
      "displayName": "cobblemon.pokedex.variation.carpet",
      "icon": "cobblemon:textures/gui/pokedex/variation/pattern.png",
      "aspects": [
        "turtle",
        "passion",
        "mummy",
        "ripple"
      ]
    }
  ]
}