{
	"format_version": "1.12.0",
	"minecraft:geometry": [
		{
			"description": {
				"identifier": "geometry.sonorosian",
				"texture_width": 128,
				"texture_height": 128,
				"visible_bounds_width": 4,
				"visible_bounds_height": 4.5,
				"visible_bounds_offset": [0, 1.75, 0]
			},
			"bones": [
				{
					"name": "sonorosian",
					"pivot": [0, 0, 0]
				},
				{
					"name": "body",
					"parent": "sonorosian",
					"pivot": [0, 0, 0]
				},
				{
					"name": "torso",
					"parent": "body",
					"pivot": [0, 0, 0],
					"cubes": [
						{"origin": [-6, 14, -4], "size": [12, 8, 8], "uv": [0, 56]}
					]
				},
				{
					"name": "torso_top",
					"parent": "torso",
					"pivot": [0, 22, 0],
					"cubes": [
						{"origin": [-6, 22, -4], "size": [12, 8, 8], "uv": [60, 0]},
						{"origin": [-4, 22, 4], "size": [8, 6, 2], "uv": [60, 70]}
					]
				},
				{
					"name": "head",
					"parent": "torso_top",
					"pivot": [0, 30, 0],
					"cubes": [
						{"origin": [-10, 30, -10], "size": [20, 20, 20], "uv": [0, 0]},
						{"origin": [-12, 33, -3], "size": [24, 6, 6], "uv": [54, 50]},
						{"origin": [-11, 32, -4], "size": [22, 8, 8], "uv": [0, 40]}
					]
				},
				{
					"name": "arm_right",
					"parent": "torso_top",
					"pivot": [-6, 26, 0],
					"cubes": [
						{"origin": [-14, 24, -2], "size": [8, 4, 4], "uv": [36, 70]}
					]
				},
				{
					"name": "hand_right",
					"parent": "arm_right",
					"pivot": [-14, 26, 0],
					"cubes": [
						{"origin": [-22, 24, -2], "size": [8, 4, 4], "uv": [52, 40]},
						{"origin": [-17, 28, -1], "size": [2, 1, 2], "uv": [0, 43]}
					]
				},
				{
					"name": "arm_left",
					"parent": "torso_top",
					"pivot": [6, 26, 0],
					"cubes": [
						{"origin": [6, 24, -2], "size": [8, 4, 4], "uv": [64, 62]}
					]
				},
				{
					"name": "hand_left",
					"parent": "arm_left",
					"pivot": [14, 26, 0],
					"cubes": [
						{"origin": [14, 24, -2], "size": [8, 4, 4], "uv": [40, 62]},
						{"origin": [15, 28, -1], "size": [2, 1, 2], "uv": [0, 40]}
					]
				},
				{
					"name": "leg_right",
					"parent": "torso",
					"pivot": [-4, 14, 0],
					"cubes": [
						{"origin": [-6, 9, -2], "size": [4, 5, 4], "uv": [76, 74]}
					]
				},
				{
					"name": "lower_leg_right",
					"parent": "leg_right",
					"pivot": [-4, 9, 0],
					"cubes": [
						{"origin": [-7, 5, -1], "size": [1, 4, 2], "uv": [0, 10]},
						{"origin": [-6, 4, -2], "size": [4, 5, 4], "uv": [16, 72]}
					]
				},
				{
					"name": "foot_right",
					"parent": "lower_leg_right",
					"pivot": [-4, 4, 0],
					"cubes": [
						{"origin": [-6, 0, -4], "size": [4, 4, 6], "uv": [0, 10]}
					]
				},
				{
					"name": "leg_left",
					"parent": "torso",
					"pivot": [4, 14, 0],
					"cubes": [
						{"origin": [2, 9, -2], "size": [4, 5, 4], "uv": [76, 36]}
					]
				},
				{
					"name": "lower_leg_left",
					"parent": "leg_left",
					"pivot": [4, 9, 0],
					"cubes": [
						{"origin": [6, 5, -1], "size": [1, 4, 2], "uv": [0, 0]},
						{"origin": [2, 4, -2], "size": [4, 5, 4], "uv": [0, 72]}
					]
				},
				{
					"name": "foot_left",
					"parent": "lower_leg_left",
					"pivot": [4, 4, 0],
					"cubes": [
						{"origin": [2, 0, -4], "size": [4, 4, 6], "uv": [0, 0]}
					]
				}
			]
		}
	]
}