{
	"format_version": "1.12.0",
	"minecraft:geometry": [
		{
			"description": {
				"identifier": "geometry.terrorshell",
				"texture_width": 64,
				"texture_height": 64,
				"visible_bounds_width": 4,
				"visible_bounds_height": 2.5,
				"visible_bounds_offset": [0, 0.75, 0]
			},
			"bones": [
				{
					"name": "terrorshell",
					"pivot": [0, 0, 0]
				},
				{
					"name": "full_body",
					"parent": "terrorshell",
					"pivot": [0, 18, 0]
				},
				{
					"name": "body",
					"parent": "full_body",
					"pivot": [0, 20, 0],
					"cubes": [
						{"origin": [-4, 19, -4], "size": [8, 5, 8], "uv": [0, 17]}
					]
				},
				{
					"name": "eyes",
					"parent": "body",
					"pivot": [0, 24.25, 3]
				},
				{
					"name": "left_eyes",
					"parent": "eyes",
					"pivot": [4, 24.25, 3]
				},
				{
					"name": "left_eye",
					"parent": "left_eyes",
					"pivot": [-4, 21.75, 3],
					"cubes": [
						{"origin": [-4.02, 20.8, 1.5], "size": [0, 2, 2], "uv": [10, 45]}
					]
				},
				{
					"name": "left_eye_shine",
					"parent": "left_eye",
					"pivot": [-4, 21.75, 2.9],
					"cubes": [
						{"origin": [-4.03, 21.3, 2.4], "size": [0, 1, 1], "uv": [32, 27]}
					]
				},
				{
					"name": "left_eye_1",
					"parent": "left_eyes",
					"pivot": [-4, 24.25, 3],
					"cubes": [
						{"origin": [-4.02, 23.25, 1.5], "size": [0, 2, 2], "uv": [52, 27]}
					]
				},
				{
					"name": "left_eye_shine_1",
					"parent": "left_eye_1",
					"pivot": [-4, 24.25, 2.9],
					"cubes": [
						{"origin": [-4.03, 23.75, 2.4], "size": [0, 1, 1], "uv": [34, 27]}
					]
				},
				{
					"name": "left_eye_2",
					"parent": "left_eyes",
					"pivot": [-4, 26.55, 3],
					"cubes": [
						{"origin": [-4.02, 25.55, 1.5], "size": [0, 2, 2], "uv": [52, 31]}
					]
				},
				{
					"name": "left_eye_shine_2",
					"parent": "left_eye_2",
					"pivot": [-4, 26.55, 2.9],
					"cubes": [
						{"origin": [-4.03, 26.05, 2.4], "size": [0, 1, 1], "uv": [36, 27]}
					]
				},
				{
					"name": "right_eyes",
					"parent": "eyes",
					"pivot": [0, 4, 0]
				},
				{
					"name": "right_eye",
					"parent": "right_eyes",
					"pivot": [4, 21.75, 3],
					"cubes": [
						{"origin": [4.02, 20.8, 1.5], "size": [0, 2, 2], "uv": [56, 27]}
					]
				},
				{
					"name": "right_eye_shine",
					"parent": "right_eye",
					"pivot": [4, 21.75, 2.9],
					"cubes": [
						{"origin": [4.03, 21.3, 2.4], "size": [0, 1, 1], "uv": [38, 27]}
					]
				},
				{
					"name": "right_eye_1",
					"parent": "right_eyes",
					"pivot": [4, 24.25, 3],
					"cubes": [
						{"origin": [4.02, 23.25, 1.5], "size": [0, 2, 2], "uv": [56, 31]}
					]
				},
				{
					"name": "right_eye_shine_1",
					"parent": "right_eye_1",
					"pivot": [4, 24.25, 2.9],
					"cubes": [
						{"origin": [4.03, 23.75, 2.4], "size": [0, 1, 1], "uv": [40, 27]}
					]
				},
				{
					"name": "right_eye_2",
					"parent": "right_eyes",
					"pivot": [4, 26.55, 3],
					"cubes": [
						{"origin": [4.02, 25.55, 1.5], "size": [0, 2, 2], "uv": [58, 35]}
					]
				},
				{
					"name": "right_eye_shine_2",
					"parent": "right_eye_2",
					"pivot": [4, 26.55, 2.9],
					"cubes": [
						{"origin": [4.03, 26.05, 2.4], "size": [0, 1, 1], "uv": [42, 27]}
					]
				},
				{
					"name": "jaws",
					"parent": "body",
					"pivot": [0, 4, 0]
				},
				{
					"name": "bottom_jaw",
					"parent": "jaws",
					"pivot": [0, 23, -4],
					"cubes": [
						{"origin": [-4, 23, -4.01], "size": [8, 10, 0], "uv": [32, 17]},
						{"origin": [-4.01, 23, -4], "size": [0, 10, 5], "uv": [16, 35]},
						{"origin": [-4, 33.01, -4], "size": [8, 0, 5], "uv": [0, 30]},
						{"origin": [4.01, 23, -4], "size": [0, 10, 5], "uv": [26, 35]}
					]
				},
				{
					"name": "top_jaw",
					"parent": "jaws",
					"pivot": [0, 23, 4],
					"cubes": [
						{"origin": [-4, 23, 4.015], "size": [8, 10, 0], "uv": [0, 35]},
						{"origin": [4.015, 23, -1], "size": [0, 10, 5], "uv": [36, 35]},
						{"origin": [-4.015, 23, -1], "size": [0, 10, 5], "uv": [0, 45]},
						{"origin": [-4, 33.015, -1], "size": [8, 0, 5], "uv": [26, 30]}
					]
				},
				{
					"name": "shell",
					"parent": "full_body",
					"pivot": [0, 17.5, 0],
					"cubes": [
						{"origin": [-6, 15, -6], "size": [12, 5, 12], "uv": [0, 0]}
					]
				},
				{
					"name": "tentacles",
					"parent": "full_body",
					"pivot": [0, 15, 0]
				},
				{
					"name": "back_tentacle",
					"parent": "tentacles",
					"pivot": [0, 15, 3],
					"cubes": [
						{"origin": [-1.5, 10, 1.5], "size": [3, 6, 3], "inflate": 0.02, "uv": [46, 35]}
					]
				},
				{
					"name": "back_tentacle_1",
					"parent": "back_tentacle",
					"pivot": [0, 11, 3],
					"cubes": [
						{"origin": [-1.5, 5, 1.5], "size": [3, 6, 3], "inflate": 0.01, "uv": [46, 44]}
					]
				},
				{
					"name": "back_tentacle_2",
					"parent": "back_tentacle_1",
					"pivot": [0, 6, 3],
					"cubes": [
						{"origin": [-1.5, 0, 1.5], "size": [3, 6, 3], "uv": [48, 0]}
					]
				},
				{
					"name": "right_tentacle",
					"parent": "tentacles",
					"pivot": [-3, 15, -2.5],
					"cubes": [
						{"origin": [-4.5, 10, -4], "size": [3, 6, 3], "inflate": 0.02, "uv": [48, 9]}
					]
				},
				{
					"name": "right_tentacle_1",
					"parent": "right_tentacle",
					"pivot": [-3, 11, -2.5],
					"cubes": [
						{"origin": [-4.5, 5, -4], "size": [3, 6, 3], "inflate": 0.01, "uv": [48, 18]}
					]
				},
				{
					"name": "right_tentacle_2",
					"parent": "right_tentacle_1",
					"pivot": [-3, 6, -2.5],
					"cubes": [
						{"origin": [-4.5, 0, -4], "size": [3, 6, 3], "uv": [10, 50]}
					]
				},
				{
					"name": "left_tentacle",
					"parent": "tentacles",
					"pivot": [3, 15, -2.5],
					"cubes": [
						{"origin": [1.5, 10, -4], "size": [3, 6, 3], "inflate": 0.02, "uv": [22, 50]}
					]
				},
				{
					"name": "left_tentacle_1",
					"parent": "left_tentacle",
					"pivot": [3, 11, -2.5],
					"cubes": [
						{"origin": [1.5, 5, -4], "size": [3, 6, 3], "inflate": 0.01, "uv": [34, 50]}
					]
				},
				{
					"name": "left_tentacle_2",
					"parent": "left_tentacle_1",
					"pivot": [3, 6, -2.5],
					"cubes": [
						{"origin": [1.5, 0, -4], "size": [3, 6, 3], "uv": [46, 53]}
					]
				}
			]
		}
	]
}