{
	"format_version": "1.12.0",
	"minecraft:geometry": [
		{
			"description": {
				"identifier": "geometry.patterler",
				"texture_width": 64,
				"texture_height": 64,
				"visible_bounds_width": 3,
				"visible_bounds_height": 2.5,
				"visible_bounds_offset": [0, 0.75, 0]
			},
			"bones": [
				{
					"name": "patterler",
					"pivot": [0, 0, 0]
				},
				{
					"name": "body",
					"parent": "patterler",
					"pivot": [0, 5.5, 0]
				},
				{
					"name": "torso",
					"parent": "body",
					"pivot": [0, 5.5, 0]
				},
				{
					"name": "leg1",
					"parent": "torso",
					"pivot": [-2, 3, 0],
					"cubes": [
						{"origin": [-3, 0, -1], "size": [2, 3, 2], "uv": [8, 17]}
					]
				},
				{
					"name": "leg2",
					"parent": "torso",
					"pivot": [2, 3, 0],
					"cubes": [
						{"origin": [1, 0, -1], "size": [2, 3, 2], "uv": [0, 15]}
					]
				},
				{
					"name": "head",
					"parent": "torso",
					"pivot": [0, 5.5, 0],
					"cubes": [
						{"origin": [-4, 3, -3], "size": [8, 5, 6], "uv": [0, 0]}
					]
				},
				{
					"name": "hair2",
					"parent": "head",
					"pivot": [-3.90582, 8.0297, 0],
					"cubes": [
						{"origin": [-10.5, 6.25, -3], "size": [6, 0, 6], "pivot": [-7, 8, 0], "rotation": [0, 0, -35], "uv": [0, 11]}
					]
				},
				{
					"name": "hair1",
					"parent": "head",
					"pivot": [3.90582, 8.0297, 0],
					"cubes": [
						{"origin": [4.5, 6.25, -3], "size": [6, 0, 6], "pivot": [7, 8, 0], "rotation": [0, 0, 35], "uv": [12, 11]}
					]
				},
				{
					"name": "eyelids",
					"parent": "head",
					"pivot": [0, 5.5, 1.1],
					"cubes": [
						{"origin": [-3, 4, -2.05], "size": [2, 2, 0], "uv": [0, 2]},
						{"origin": [1, 4, -2.05], "size": [2, 2, 0], "uv": [0, 0]}
					]
				}
			]
		}
	]
}