{
	"format_version": "1.8.0",
	"animations": {
		"animation.parawasp.ground_idle": {
			"loop": true,
			"animation_length": 1,
			"bones": {
				"body": {
					"rotation": [-12.5, 0, 0],
					"position": {
						"0.0": [0, 3, 0],
						"0.25": [0, 4, 0],
						"0.5": [0, 3, 0],
						"0.75": [0, 4, 0],
						"1.0": [0, 3, 0]
					}
				},
				"frontwing1": {
					"rotation": {
						"0.0": [0, 0, 0],
						"0.0417": [0, 0, 90],
						"0.0833": [0, 0, 0],
						"0.125": [0, 0, 90],
						"0.1667": [0, 0, 0],
						"0.2083": [0, 0, 90],
						"0.25": [0, 0, 0],
						"0.3333": [0, 0, 0],
						"0.375": [0, 0, 90],
						"0.4167": [0, 0, 0],
						"0.4583": [0, 0, 90],
						"0.5": [0, 0, 0],
						"0.5417": [0, 0, 90],
						"0.5833": [0, 0, 0],
						"0.625": [0, 0, 90],
						"0.7083": [0, 0, 90],
						"0.75": [0, 0, 0],
						"0.7917": [0, 0, 90],
						"0.8333": [0, 0, 0],
						"0.875": [0, 0, 90],
						"0.9167": [0, 0, 0],
						"0.9583": [0, 0, 90],
						"1.0": [0, 0, 0]
					}
				},
				"frontwing2": {
					"rotation": {
						"0.0": [0, 0, 0],
						"0.0417": [0, 0, -90],
						"0.0833": [0, 0, 0],
						"0.125": [0, 0, -90],
						"0.1667": [0, 0, 0],
						"0.2083": [0, 0, -90],
						"0.25": [0, 0, 0],
						"0.3333": [0, 0, 0],
						"0.375": [0, 0, -90],
						"0.4167": [0, 0, 0],
						"0.4583": [0, 0, -90],
						"0.5": [0, 0, 0],
						"0.5417": [0, 0, -90],
						"0.5833": [0, 0, 0],
						"0.625": [0, 0, -90],
						"0.7083": [0, 0, -90],
						"0.75": [0, 0, 0],
						"0.7917": [0, 0, -90],
						"0.8333": [0, 0, 0],
						"0.875": [0, 0, -90],
						"0.9167": [0, 0, 0],
						"0.9583": [0, 0, -90],
						"1.0": [0, 0, 0]
					}
				},
				"arm1": {
					"rotation": [0, -70, 65]
				},
				"lowerarm1": {
					"rotation": {
						"0.0": [105, 50, 101],
						"0.25": [122.71736, 44.54811, 121.71694],
						"0.5": [105, 50, 101],
						"0.75": [122.71736, 44.54811, 121.71694],
						"1.0": [105, 50, 101]
					}
				},
				"stinger1": {
					"rotation": [0, -112.5, 0]
				},
				"arm2": {
					"rotation": [0, 70, -65]
				},
				"lowerarm2": {
					"rotation": {
						"0.0": [105, -50, -101],
						"0.25": [120.03429, -44.1775, -121.40082],
						"0.5": [105, -50, -101],
						"0.75": [120.03429, -44.1775, -121.40082],
						"1.0": [105, -50, -101]
					}
				},
				"stinger2": {
					"rotation": [0, 112.5, 0]
				},
				"head": {
					"rotation": {
						"0.0": [15, 0, 0],
						"0.25": [25, 0, 0],
						"0.5": [15, 0, 0],
						"0.75": [25, 0, 0],
						"1.0": [15, 0, 0]
					}
				},
				"jaw": {
					"rotation": [15, 0, 0]
				},
				"backwing1": {
					"rotation": {
						"0.0": [0, 0, 90],
						"0.0417": [0, 0, 0],
						"0.0833": [0, 0, 90],
						"0.125": [0, 0, 0],
						"0.1667": [0, 0, 90],
						"0.25": [0, 0, 90],
						"0.2917": [0, 0, 0],
						"0.3333": [0, 0, 90],
						"0.375": [0, 0, 0],
						"0.4167": [0, 0, 90],
						"0.4583": [0, 0, 0],
						"0.5": [0, 0, 90],
						"0.5417": [0, 0, 0],
						"0.625": [0, 0, 0],
						"0.6667": [0, 0, 90],
						"0.75": [0, 0, 90],
						"0.7917": [0, 0, 0],
						"0.8333": [0, 0, 90],
						"0.875": [0, 0, 0],
						"0.9167": [0, 0, 90],
						"0.9583": [0, 0, 0],
						"1.0": [0, 0, 90]
					}
				},
				"backwing2": {
					"rotation": {
						"0.0": [0, 0, -90],
						"0.0417": [0, 0, 0],
						"0.0833": [0, 0, -90],
						"0.125": [0, 0, 0],
						"0.1667": [0, 0, -90],
						"0.25": [0, 0, -90],
						"0.2917": [0, 0, 0],
						"0.3333": [0, 0, -90],
						"0.375": [0, 0, 0],
						"0.4167": [0, 0, -90],
						"0.4583": [0, 0, 0],
						"0.5": [0, 0, -90],
						"0.5417": [0, 0, 0],
						"0.625": [0, 0, 0],
						"0.6667": [0, 0, -90],
						"0.75": [0, 0, -90],
						"0.7917": [0, 0, 0],
						"0.8333": [0, 0, -90],
						"0.875": [0, 0, 0],
						"0.9167": [0, 0, -90],
						"0.9583": [0, 0, 0],
						"1.0": [0, 0, -90]
					}
				},
				"tailbase": {
					"rotation": {
						"0.0": [7.5, 0, 0],
						"0.125": [0, 0, 0],
						"0.375": [12.5, 0, 0],
						"0.625": [0, 0, 0],
						"0.875": [12.5, 0, 0],
						"1.0": [7.5, 0, 0]
					}
				},
				"tail1": {
					"rotation": [-37.5, 0, 0]
				},
				"tail2": {
					"rotation": {
						"0.0": [30, 0, 0],
						"0.5": [60, 0, 0],
						"1.0": [30, 0, 0]
					}
				},
				"tailtip": {
					"rotation": {
						"0.0": [55, 0, 0],
						"0.5": [70, 0, 0],
						"1.0": [55, 0, 0]
					}
				}
			}
		},
		"animation.parawasp.faint": {
			"loop": true,
			"animation_length": 1,
			"bones": {
				"body": {
					"rotation": [-12.5, 0, 0],
					"position": {
						"0.0": [0, 3, 0],
						"0.25": [0, 4, 0],
						"0.5": [0, 3, 0],
						"0.75": [0, 4, 0],
						"1.0": [0, 3, 0]
					}
				},
				"frontwing1": {
					"rotation": {
						"0.0": [0, 0, 0],
						"0.0417": [0, 0, 90],
						"0.0833": [0, 0, 0],
						"0.125": [0, 0, 90],
						"0.1667": [0, 0, 0],
						"0.2083": [0, 0, 90],
						"0.25": [0, 0, 0],
						"0.3333": [0, 0, 0],
						"0.375": [0, 0, 90],
						"0.4167": [0, 0, 0],
						"0.4583": [0, 0, 90],
						"0.5": [0, 0, 0],
						"0.5417": [0, 0, 90],
						"0.5833": [0, 0, 0],
						"0.625": [0, 0, 90],
						"0.7083": [0, 0, 90],
						"0.75": [0, 0, 0],
						"0.7917": [0, 0, 90],
						"0.8333": [0, 0, 0],
						"0.875": [0, 0, 90],
						"0.9167": [0, 0, 0],
						"0.9583": [0, 0, 90],
						"1.0": [0, 0, 0]
					}
				},
				"frontwing2": {
					"rotation": {
						"0.0": [0, 0, 0],
						"0.0417": [0, 0, -90],
						"0.0833": [0, 0, 0],
						"0.125": [0, 0, -90],
						"0.1667": [0, 0, 0],
						"0.2083": [0, 0, -90],
						"0.25": [0, 0, 0],
						"0.3333": [0, 0, 0],
						"0.375": [0, 0, -90],
						"0.4167": [0, 0, 0],
						"0.4583": [0, 0, -90],
						"0.5": [0, 0, 0],
						"0.5417": [0, 0, -90],
						"0.5833": [0, 0, 0],
						"0.625": [0, 0, -90],
						"0.7083": [0, 0, -90],
						"0.75": [0, 0, 0],
						"0.7917": [0, 0, -90],
						"0.8333": [0, 0, 0],
						"0.875": [0, 0, -90],
						"0.9167": [0, 0, 0],
						"0.9583": [0, 0, -90],
						"1.0": [0, 0, 0]
					}
				},
				"arm1": {
					"rotation": [0, -70, 65]
				},
				"lowerarm1": {
					"rotation": {
						"0.0": [105, 50, 101],
						"0.25": [122.71736, 44.54811, 121.71694],
						"0.5": [105, 50, 101],
						"0.75": [122.71736, 44.54811, 121.71694],
						"1.0": [105, 50, 101]
					}
				},
				"stinger1": {
					"rotation": [0, -112.5, 0]
				},
				"arm2": {
					"rotation": [0, 70, -65]
				},
				"lowerarm2": {
					"rotation": {
						"0.0": [105, -50, -101],
						"0.25": [120.03429, -44.1775, -121.40082],
						"0.5": [105, -50, -101],
						"0.75": [120.03429, -44.1775, -121.40082],
						"1.0": [105, -50, -101]
					}
				},
				"stinger2": {
					"rotation": [0, 112.5, 0]
				},
				"head": {
					"rotation": {
						"0.0": [15, 0, 0],
						"0.25": [25, 0, 0],
						"0.5": [15, 0, 0],
						"0.75": [25, 0, 0],
						"1.0": [15, 0, 0]
					}
				},
				"jaw": {
					"rotation": [15, 0, 0]
				},
				"backwing1": {
					"rotation": {
						"0.0": [0, 0, 90],
						"0.0417": [0, 0, 0],
						"0.0833": [0, 0, 90],
						"0.125": [0, 0, 0],
						"0.1667": [0, 0, 90],
						"0.25": [0, 0, 90],
						"0.2917": [0, 0, 0],
						"0.3333": [0, 0, 90],
						"0.375": [0, 0, 0],
						"0.4167": [0, 0, 90],
						"0.4583": [0, 0, 0],
						"0.5": [0, 0, 90],
						"0.5417": [0, 0, 0],
						"0.625": [0, 0, 0],
						"0.6667": [0, 0, 90],
						"0.75": [0, 0, 90],
						"0.7917": [0, 0, 0],
						"0.8333": [0, 0, 90],
						"0.875": [0, 0, 0],
						"0.9167": [0, 0, 90],
						"0.9583": [0, 0, 0],
						"1.0": [0, 0, 90]
					}
				},
				"backwing2": {
					"rotation": {
						"0.0": [0, 0, -90],
						"0.0417": [0, 0, 0],
						"0.0833": [0, 0, -90],
						"0.125": [0, 0, 0],
						"0.1667": [0, 0, -90],
						"0.25": [0, 0, -90],
						"0.2917": [0, 0, 0],
						"0.3333": [0, 0, -90],
						"0.375": [0, 0, 0],
						"0.4167": [0, 0, -90],
						"0.4583": [0, 0, 0],
						"0.5": [0, 0, -90],
						"0.5417": [0, 0, 0],
						"0.625": [0, 0, 0],
						"0.6667": [0, 0, -90],
						"0.75": [0, 0, -90],
						"0.7917": [0, 0, 0],
						"0.8333": [0, 0, -90],
						"0.875": [0, 0, 0],
						"0.9167": [0, 0, -90],
						"0.9583": [0, 0, 0],
						"1.0": [0, 0, -90]
					}
				},
				"tailbase": {
					"rotation": {
						"0.0": [7.5, 0, 0],
						"0.125": [0, 0, 0],
						"0.375": [12.5, 0, 0],
						"0.625": [0, 0, 0],
						"0.875": [12.5, 0, 0],
						"1.0": [7.5, 0, 0]
					}
				},
				"tail1": {
					"rotation": [-37.5, 0, 0]
				},
				"tail2": {
					"rotation": {
						"0.0": [30, 0, 0],
						"0.5": [60, 0, 0],
						"1.0": [30, 0, 0]
					}
				},
				"tailtip": {
					"rotation": {
						"0.0": [55, 0, 0],
						"0.5": [70, 0, 0],
						"1.0": [55, 0, 0]
					}
				}
			}
		},
		"animation.parawasp.ground_walk": {
			"loop": true,
			"animation_length": 1,
			"bones": {
				"body": {
					"position": {
						"0.0": [0, 0, 0],
						"0.25": [0, 0.2, 0],
						"0.5": [0, 0, 0],
						"0.75": [0, 0.2, 0],
						"1.0": [0, 0, 0]
					}
				},
				"frontwing1": {
					"rotation": {
						"0.0": [0, 0, 0],
						"0.0417": [0, 0, 90],
						"0.0833": [0, 0, 0],
						"0.125": [0, 0, 90],
						"0.1667": [0, 0, 0],
						"0.2083": [0, 0, 90],
						"0.25": [0, 0, 0],
						"0.3333": [0, 0, 0],
						"0.375": [0, 0, 90],
						"0.4167": [0, 0, 0],
						"0.4583": [0, 0, 90],
						"0.5": [0, 0, 0],
						"0.5417": [0, 0, 90],
						"0.5833": [0, 0, 0],
						"0.625": [0, 0, 90],
						"0.7083": [0, 0, 90],
						"0.75": [0, 0, 0],
						"0.7917": [0, 0, 90],
						"0.8333": [0, 0, 0],
						"0.875": [0, 0, 90],
						"0.9167": [0, 0, 0],
						"0.9583": [0, 0, 90],
						"1.0": [0, 0, 0]
					}
				},
				"frontwing2": {
					"rotation": {
						"0.0": [0, 0, 0],
						"0.0417": [0, 0, -90],
						"0.0833": [0, 0, 0],
						"0.125": [0, 0, -90],
						"0.1667": [0, 0, 0],
						"0.2083": [0, 0, -90],
						"0.25": [0, 0, 0],
						"0.3333": [0, 0, 0],
						"0.375": [0, 0, -90],
						"0.4167": [0, 0, 0],
						"0.4583": [0, 0, -90],
						"0.5": [0, 0, 0],
						"0.5417": [0, 0, -90],
						"0.5833": [0, 0, 0],
						"0.625": [0, 0, -90],
						"0.7083": [0, 0, -90],
						"0.75": [0, 0, 0],
						"0.7917": [0, 0, -90],
						"0.8333": [0, 0, 0],
						"0.875": [0, 0, -90],
						"0.9167": [0, 0, 0],
						"0.9583": [0, 0, -90],
						"1.0": [0, 0, 0]
					}
				},
				"arm1": {
					"rotation": {
						"0.0": [0, -70, 65],
						"0.25": [0, -67.5, 65],
						"0.5": [0, -70, 65],
						"0.75": [0, -67.5, 65],
						"1.0": [0, -70, 65]
					}
				},
				"lowerarm1": {
					"rotation": [0, -30, 0]
				},
				"stinger1": {
					"rotation": {
						"0.0": [0, 0, 0],
						"0.25": [0, -10, 0],
						"0.5": [0, 0, 0],
						"0.75": [0, -10, 0],
						"1.0": [0, 0, 0]
					}
				},
				"arm2": {
					"rotation": {
						"0.0": [0, 70, -65],
						"0.25": [0, 67.5, -65],
						"0.5": [0, 70, -65],
						"0.75": [0, 67.5, -65],
						"1.0": [0, 70, -65]
					}
				},
				"lowerarm2": {
					"rotation": [0, 30, 0]
				},
				"stinger2": {
					"rotation": {
						"0.0": [0, 0, 0],
						"0.25": [0, 10, 0],
						"0.5": [0, 0, 0],
						"0.75": [0, 10, 0],
						"1.0": [0, 0, 0]
					}
				},
				"jaw": {
					"rotation": {
						"0.0": [5, 0, 0],
						"0.25": [10, 0, 0],
						"0.5": [5, 0, 0],
						"0.75": [10, 0, 0],
						"1.0": [5, 0, 0]
					}
				},
				"antenna": {
					"rotation": {
						"0.0": [0, 0, 0],
						"0.25": [-10, 0, 0],
						"0.5": [0, 0, 0],
						"0.75": [-10, 0, 0],
						"1.0": [0, 0, 0]
					}
				},
				"backwing1": {
					"rotation": {
						"0.0": [0, 0, 90],
						"0.0417": [0, 0, 0],
						"0.0833": [0, 0, 90],
						"0.125": [0, 0, 0],
						"0.1667": [0, 0, 90],
						"0.25": [0, 0, 90],
						"0.2917": [0, 0, 0],
						"0.3333": [0, 0, 90],
						"0.375": [0, 0, 0],
						"0.4167": [0, 0, 90],
						"0.4583": [0, 0, 0],
						"0.5": [0, 0, 90],
						"0.5417": [0, 0, 0],
						"0.625": [0, 0, 0],
						"0.6667": [0, 0, 90],
						"0.75": [0, 0, 90],
						"0.7917": [0, 0, 0],
						"0.8333": [0, 0, 90],
						"0.875": [0, 0, 0],
						"0.9167": [0, 0, 90],
						"0.9583": [0, 0, 0],
						"1.0": [0, 0, 90]
					}
				},
				"backwing2": {
					"rotation": {
						"0.0": [0, 0, -90],
						"0.0417": [0, 0, 0],
						"0.0833": [0, 0, -90],
						"0.125": [0, 0, 0],
						"0.1667": [0, 0, -90],
						"0.25": [0, 0, -90],
						"0.2917": [0, 0, 0],
						"0.3333": [0, 0, -90],
						"0.375": [0, 0, 0],
						"0.4167": [0, 0, -90],
						"0.4583": [0, 0, 0],
						"0.5": [0, 0, -90],
						"0.5417": [0, 0, 0],
						"0.625": [0, 0, 0],
						"0.6667": [0, 0, -90],
						"0.75": [0, 0, -90],
						"0.7917": [0, 0, 0],
						"0.8333": [0, 0, -90],
						"0.875": [0, 0, 0],
						"0.9167": [0, 0, -90],
						"0.9583": [0, 0, 0],
						"1.0": [0, 0, -90]
					}
				},
				"tailbase": {
					"rotation": {
						"0.0": [0, 0, 0],
						"0.25": [-2.5, 0, 0],
						"0.5": [0, 0, 0],
						"0.75": [-2.5, 0, 0],
						"1.0": [0, 0, 0]
					}
				},
				"tail2": {
					"rotation": {
						"0.0": [0, 0, 0],
						"0.25": [2.5, 0, 0],
						"0.5": [0, 0, 0],
						"0.75": [2.5, 0, 0],
						"1.0": [0, 0, 0]
					}
				},
				"tailtip": {
					"rotation": {
						"0.0": [0, 0, 0],
						"0.25": [-2.5, 0, 0],
						"0.5": [0, 0, 0],
						"0.75": [-2.5, 0, 0],
						"1.0": [0, 0, 0]
					}
				},
				"eye1": {
					"rotation": [10, 0, 0]
				},
				"eye2": {
					"rotation": [10, 0, 0]
				}
			}
		},
		"animation.parawasp.sleep": {
			"loop": true,
			"animation_length": 4,
			"bones": {
				"body": {
					"rotation": [0, 0, -15],
					"position": [0, -7, 0]
				},
				"torso": {
					"scale": {
						"0.0": [1, 1, 1],
						"2.0": [1.005, 1.015, 1],
						"4.0": [1, 1, 1]
					}
				},
				"frontwing1": {
					"rotation": [0, 0, 122.5]
				},
				"frontwing2": {
					"rotation": [0, 0, -102.5]
				},
				"arm1": {
					"rotation": [-69.57519, 63.19404, 22.64713]
				},
				"lowerarm1": {
					"rotation": [0, -10, 0]
				},
				"stinger1": {
					"rotation": [0, 27.5, 0]
				},
				"arm2": {
					"rotation": [-540, -75, -525]
				},
				"lowerarm2": {
					"rotation": [0, -90, 0]
				},
				"head": {
					"rotation": [0, -35, 15]
				},
				"jaw": {
					"rotation": [2.5, 0, 0]
				},
				"antenna": {
					"rotation": [52.5, 0, 0]
				},
				"lowertorso": {
					"rotation": [-12.5, 0, -5]
				},
				"backwing1": {
					"rotation": [0, 0, 145]
				},
				"backwing2": {
					"rotation": [0, 0, -95]
				},
				"tailbase": {
					"rotation": [0, 0, -25]
				},
				"tail1": {
					"rotation": [-57.79235, 20.70481, -40.89339]
				},
				"tail2": {
					"rotation": [-57.5, 0, 0]
				},
				"tailtip": {
					"rotation": [-67.57713, 1.91134, -4.62111]
				},
				"eye1": {
					"scale": 0
				},
				"eye2": {
					"scale": 0
				}
			}
		}
	}
}