{
	"format_version": "1.12.0",
	"minecraft:geometry": [
		{
			"description": {
				"identifier": "geometry.chamectric",
				"texture_width": 64,
				"texture_height": 64,
				"visible_bounds_width": 4,
				"visible_bounds_height": 2.5,
				"visible_bounds_offset": [0, 0.75, 0]
			},
			"bones": [
				{
					"name": "chamectric",
					"pivot": [0, 0, 0]
				},
				{
					"name": "bone",
					"parent": "chamectric",
					"pivot": [0, 6, 0],
					"cubes": [
						{"origin": [-5, 6, -6], "size": [10, 6, 12], "uv": [20, 46]},
						{"origin": [0, 12, -2], "size": [0, 5, 8], "uv": [41, 30]}
					]
				},
				{
					"name": "head",
					"parent": "bone",
					"pivot": [0, 12, -6],
					"cubes": [
						{"origin": [-4, 6, -14], "size": [8, 8, 8], "uv": [0, 0]},
						{"origin": [0, 14, -14], "size": [0, 3, 7], "uv": [18, 32]},
						{"origin": [-4, 10.69552, -4.46927], "size": [8, 10, 0], "pivot": [0, 15.69552, -4.46927], "rotation": [0, -22.5, -90], "uv": [37, 6]},
						{"origin": [3, 6, -6.6], "size": [8, 10, 0], "pivot": [4, 13, -6], "rotation": [-22.5, -22.5, 0], "uv": [37, 6]},
						{"origin": [-11, 6, -6.6], "size": [8, 10, 0], "pivot": [-4, 13, -6], "rotation": [-22.5, 22.5, 0], "uv": [37, 6], "mirror": true},
						{"origin": [1, 8, -15], "size": [4, 4, 4], "uv": [0, 43]},
						{"origin": [-5, 8, -15], "size": [4, 4, 4], "uv": [0, 43], "mirror": true}
					]
				},
				{
					"name": "tail",
					"parent": "bone",
					"pivot": [0, 13, 6],
					"cubes": [
						{"origin": [-2, 7, 6], "size": [4, 4, 8], "uv": [4, 21]},
						{"origin": [-2, 14, 10], "size": [4, 4, 8], "uv": [40, 21]},
						{"origin": [-2, 11, 10], "size": [4, 3, 4], "uv": [27, 20]}
					]
				},
				{
					"name": "leg",
					"parent": "bone",
					"pivot": [3, 8, -4],
					"cubes": [
						{"origin": [1, 0, -6], "size": [4, 6, 4], "uv": [0, 53]}
					]
				},
				{
					"name": "leg2",
					"parent": "bone",
					"pivot": [3, 8, 4],
					"cubes": [
						{"origin": [1, 0, 2], "size": [4, 6, 4], "uv": [0, 53]}
					]
				},
				{
					"name": "leg3",
					"parent": "bone",
					"pivot": [-3, 8, 4],
					"cubes": [
						{"origin": [-5, 0, 2], "size": [4, 6, 4], "uv": [0, 53], "mirror": true}
					]
				},
				{
					"name": "leg4",
					"parent": "bone",
					"pivot": [-3, 8, -4],
					"cubes": [
						{"origin": [-5, 0, -6], "size": [4, 6, 4], "uv": [0, 53], "mirror": true}
					]
				}
			]
		}
	]
}