{
	"format_version": "1.12.0",
	"minecraft:geometry": [
		{
			"description": {
				"identifier": "geometry.cassowrath",
				"texture_width": 128,
				"texture_height": 128,
				"visible_bounds_width": 7,
				"visible_bounds_height": 4.5,
				"visible_bounds_offset": [0, 1.75, 0]
			},
			"bones": [
				{
					"name": "cassowrath",
					"pivot": [0, 0, 0]
				},
				{
					"name": "body",
					"parent": "cassowrath",
					"pivot": [0, 20, 0]
				},
				{
					"name": "torso",
					"parent": "body",
					"pivot": [0, 14, 0],
					"cubes": [
						{"origin": [5, 25.60639, 12.2549], "size": [0, 2, 4], "pivot": [5, 26.10639, 12.5049], "rotation": [30.34721, 12.06754, 3.28396], "uv": [0, 55]},
						{"origin": [-5, 17.75, 5], "size": [10, 9, 9], "pivot": [0, 20, 10], "rotation": [15, 0, 0], "uv": [47, 37]},
						{"origin": [2.5, 27.45528, 11.74167], "size": [2, 0, 4], "pivot": [4, 27.45528, 11.96667], "rotation": [35.6484, 10.21235, 7.24677], "uv": [44, 9]},
						{"origin": [-4.5, 27.45528, 11.74167], "size": [2, 0, 4], "pivot": [-4, 27.45528, 11.96667], "rotation": [35.6484, -10.21235, -7.24677], "uv": [44, 9], "mirror": true},
						{"origin": [-2.5, 27.55528, 12.11667], "size": [5, 0, 8], "pivot": [4, 27.55528, 12.11667], "rotation": [42.5, 0, 0], "uv": [64, 0]},
						{"origin": [5, 22.70861, 13.03136], "size": [0, 3, 6], "pivot": [5, 23.20861, 13.28136], "rotation": [20.69284, 16.88547, 4.6653], "uv": [70, 16]},
						{"origin": [5, 20.70861, 13.03136], "size": [0, 2, 5], "pivot": [5, 23.20861, 13.28136], "rotation": [15.34721, 12.06754, 3.28396], "uv": [13, 81]},
						{"origin": [5, 18.81083, 13.80782], "size": [0, 2, 4], "pivot": [5, 20.31083, 14.05782], "rotation": [5.12353, 7.24305, 1.95155], "uv": [32, 56]},
						{"origin": [-5, 25.60639, 12.2549], "size": [0, 2, 4], "pivot": [-5, 26.10639, 12.5049], "rotation": [30.34721, -12.06754, -3.28396], "uv": [0, 55], "mirror": true},
						{"origin": [-5, 22.70861, 13.03136], "size": [0, 3, 6], "pivot": [-5, 23.20861, 13.28136], "rotation": [20.69284, -16.88547, -4.6653], "uv": [70, 16], "mirror": true},
						{"origin": [-5, 20.70861, 13.03136], "size": [0, 2, 5], "pivot": [-5, 23.20861, 13.28136], "rotation": [15.34721, -12.06754, -3.28396], "uv": [13, 81], "mirror": true},
						{"origin": [-5, 18.81083, 13.80782], "size": [0, 2, 4], "pivot": [-5, 20.31083, 14.05782], "rotation": [5.12353, -7.24305, -1.95155], "uv": [32, 56], "mirror": true},
						{"origin": [-6, 14, -7], "size": [12, 12, 14], "pivot": [0, 14, 0], "rotation": [5, 0, 0], "uv": [0, 0]}
					]
				},
				{
					"name": "neck",
					"parent": "torso",
					"pivot": [0, 21.01597, -6.28245],
					"cubes": [
						{"origin": [-3, 16.5, -8.75], "size": [6, 11, 6], "pivot": [0, 21.5, -5.75], "rotation": [10, 0, 0], "uv": [0, 109]},
						{"origin": [-2, 27.5, -7.75], "size": [4, 3, 4], "inflate": 0.01, "pivot": [0, 21.5, -5.75], "rotation": [10, 0, 0], "uv": [25, 108]},
						{"origin": [-2, 30.01597, -9.28245], "size": [4, 6, 4], "pivot": [0, 30.01597, -9.28245], "rotation": [-7.5, 0, 0], "uv": [25, 116]}
					]
				},
				{
					"name": "head",
					"parent": "neck",
					"pivot": [0, 35, -6.5],
					"cubes": [
						{"origin": [-2.5, 36, -9.5], "size": [5, 4, 7], "inflate": 0.01, "pivot": [0, 35, -6.5], "rotation": [12.5, 0, 0], "uv": [42, 113]},
						{"origin": [-2.5, 35, -8.5], "size": [5, 1, 6], "inflate": 0.01, "pivot": [0, 35, -6.5], "rotation": [12.5, 0, 0], "uv": [60, 83]},
						{"origin": [-2, 35, -9.5], "size": [4, 1, 1], "inflate": 0.01, "pivot": [0, 35, -6.5], "rotation": [12.5, 0, 0], "uv": [53, 6]},
						{"origin": [2.26327, 36, -8.45903], "size": [1, 4, 7], "pivot": [-0.5, 35, -6.5], "rotation": [13.08619, 17.07228, 3.90399], "uv": [42, 101]},
						{"origin": [0.45607, 34.35384, -8.41464], "size": [1, 5, 6], "pivot": [1.45607, 34.35384, -9.41464], "rotation": [12.95613, 15.12369, 3.435], "uv": [46, 89]},
						{"origin": [1.4484, 35.03503, -9.34198], "size": [2, 1, 3], "inflate": -0.01, "pivot": [2.4484, 35.03503, -6.34198], "rotation": [-5.91381, 17.07228, 3.90399], "uv": [31, 55]},
						{"origin": [3.65143, 36.86994, -6.91288], "size": [1, 1, 4], "inflate": -0.01, "pivot": [3.65143, 36.74494, -2.81288], "rotation": [27.58619, 17.07228, 3.90399], "uv": [34, 49]},
						{"origin": [3.15186, 36.32084, -9.17538], "size": [0, 2, 3], "inflate": 0.01, "pivot": [3.15186, 37.12084, -7.92538], "rotation": [-4.41381, 17.07228, 3.90399], "uv": [51, -3]},
						{"origin": [0.95313, 36.08295, -10.70908], "size": [2, 3, 7], "inflate": 0.04, "pivot": [2.95313, 39.08295, -10.70908], "rotation": [27.75121, 14.86316, 2.68654], "uv": [12, 91]},
						{"origin": [-3.15186, 36.32084, -9.17538], "size": [0, 2, 3], "inflate": 0.01, "pivot": [-3.15186, 37.12084, -7.92538], "rotation": [-4.41381, -17.07228, -3.90399], "uv": [51, -3], "mirror": true},
						{"origin": [-1.45607, 34.35384, -8.41464], "size": [1, 5, 6], "pivot": [-1.45607, 34.35384, -9.41464], "rotation": [12.95613, -15.12369, -3.435], "uv": [46, 89], "mirror": true},
						{"origin": [-4.65143, 36.86994, -6.91288], "size": [1, 1, 4], "inflate": -0.01, "pivot": [-3.65143, 36.74494, -2.81288], "rotation": [27.58619, -17.07228, -3.90399], "uv": [34, 49], "mirror": true},
						{"origin": [-3.4484, 35.03503, -9.34198], "size": [2, 1, 3], "inflate": -0.01, "pivot": [-2.4484, 35.03503, -6.34198], "rotation": [-5.91381, -17.07228, -3.90399], "uv": [31, 55], "mirror": true},
						{"origin": [-3.26327, 36, -8.45903], "size": [1, 4, 7], "pivot": [0.5, 35, -6.5], "rotation": [13.08619, -17.07228, -3.90399], "uv": [42, 101], "mirror": true},
						{"origin": [-2.95313, 36.08295, -10.70908], "size": [1, 3, 1], "inflate": 0.04, "pivot": [-2.95313, 39.08295, -10.70908], "rotation": [12.46754, -12.64776, -1.4938], "uv": [48, 4], "mirror": true},
						{"origin": [-2.95313, 36.08295, -10.70908], "size": [2, 3, 7], "inflate": 0.04, "pivot": [-2.95313, 39.08295, -10.70908], "rotation": [27.75121, -14.86316, -2.68654], "uv": [12, 91], "mirror": true},
						{"origin": [1.95313, 36.08295, -10.70908], "size": [1, 3, 1], "inflate": 0.04, "pivot": [2.95313, 39.08295, -10.70908], "rotation": [12.46754, 12.64776, 1.4938], "uv": [48, 4]},
						{"origin": [-2, 36.72452, -13.60898], "size": [4, 3, 6], "inflate": 0.02, "pivot": [0, 35, -6.5], "rotation": [32.5, 0, 0], "uv": [55, 95]},
						{"origin": [-1, 32.21176, -18.98685], "size": [2, 3, 4], "inflate": 0.01, "pivot": [0, 35.15, -14.95], "rotation": [42.5, 0, 0], "uv": [72, 56]},
						{"origin": [-1.5, 37, -13.5], "size": [3, 8, 9], "inflate": 0.02, "pivot": [0, 35, -6.5], "rotation": [12.5, 0, 0], "uv": [82, 0]},
						{"origin": [-2, 43.95442, -12.97906], "size": [4, 3, 11], "inflate": 0.02, "pivot": [0, 35, -6.5], "rotation": [22.5, 0, 0], "uv": [50, 22]},
						{"origin": [-0.5, 30.48519, -20.96629], "size": [1, 2, 3], "inflate": 0.01, "pivot": [0, 32.475, -17.95], "rotation": [67.5, 0, 0], "uv": [33, 63]},
						{"origin": [-0.5, 28.97568, -20.56728], "size": [1, 2, 1], "pivot": [0, 32.475, -17.95], "rotation": [37.5, 0, 0], "uv": [46, 0]}
					]
				},
				{
					"name": "mouth",
					"parent": "head",
					"pivot": [0, 34.57698, -8.64533],
					"cubes": [
						{"origin": [-1.5, 34.30198, -11.64533], "size": [3, 1, 3], "pivot": [0, 35.30198, -9.64533], "rotation": [12.5, 0, 0], "uv": [25, 48]}
					]
				},
				{
					"name": "horn_heated",
					"parent": "head",
					"pivot": [0, 45, -10.5],
					"cubes": [
						{"origin": [-1.5, 37, -13.5], "size": [3, 8, 9], "pivot": [0, 35, -6.5], "rotation": [12.5, 0, 0], "uv": [86, 33]},
						{"origin": [-2, 43.95442, -12.97906], "size": [4, 3, 11], "pivot": [0, 35, -6.5], "rotation": [22.5, 0, 0], "uv": [72, 18]}
					]
				},
				{
					"name": "wattle_right",
					"parent": "head",
					"pivot": [0, 34.8482, -8.76471],
					"rotation": [-7.5, 0, 0],
					"cubes": [
						{"origin": [-6, 26.8482, -8.76471], "size": [6, 8, 0], "uv": [51, 63]}
					]
				},
				{
					"name": "wattle_right_2",
					"parent": "wattle_right",
					"pivot": [-1.5, 26.8482, -8.76471],
					"rotation": [7.5, 0, 0],
					"cubes": [
						{"origin": [-7, 18.8482, -8.76471], "size": [7, 8, 0], "uv": [50, 71]}
					]
				},
				{
					"name": "wattle_right_3",
					"parent": "wattle_right_2",
					"pivot": [-2.5, 18.8482, -8.76471],
					"cubes": [
						{"origin": [-8, 9.8482, -8.76471], "size": [8, 9, 0], "uv": [49, 79]}
					]
				},
				{
					"name": "wattle_left",
					"parent": "head",
					"pivot": [0, 34.8482, -8.76471],
					"rotation": [-7.5, 0, 0],
					"cubes": [
						{"origin": [0, 26.8482, -8.76471], "size": [6, 8, 0], "uv": [51, 63], "mirror": true}
					]
				},
				{
					"name": "wattle_left_2",
					"parent": "wattle_left",
					"pivot": [1.5, 26.8482, -8.76471],
					"rotation": [7.5, 0, 0],
					"cubes": [
						{"origin": [0, 18.8482, -8.76471], "size": [7, 8, 0], "uv": [50, 71], "mirror": true}
					]
				},
				{
					"name": "wattle_left_3",
					"parent": "wattle_left_2",
					"pivot": [2.5, 18.8482, -8.76471],
					"cubes": [
						{"origin": [0, 9.8482, -8.76471], "size": [8, 9, 0], "uv": [49, 79], "mirror": true}
					]
				},
				{
					"name": "feater_right_6",
					"parent": "head",
					"pivot": [-2.4972, 40.16651, -4.16507],
					"rotation": [62.59871, -38.71451, -5.95334],
					"cubes": [
						{"origin": [-2.4972, 39.16651, -6.16507], "size": [0, 4, 4], "inflate": 0.01, "uv": [39, 0], "mirror": true}
					]
				},
				{
					"name": "feater_right_6_2",
					"parent": "feater_right_6",
					"pivot": [-2.4972, 39.16651, -2.16507],
					"rotation": [15, 0, 0],
					"cubes": [
						{"origin": [-2.4972, 39.16651, -2.16507], "size": [0, 4, 6], "uv": [65, 66], "mirror": true}
					]
				},
				{
					"name": "feater_right_5",
					"parent": "head",
					"pivot": [-3.01583, 39.58985, -3.34146],
					"rotation": [28.82175, -38.70444, 3.65811],
					"cubes": [
						{"origin": [-3.01583, 38.58985, -5.34146], "size": [0, 3, 4], "inflate": 0.01, "uv": [0, 6], "mirror": true}
					]
				},
				{
					"name": "feater_right_5_2",
					"parent": "feater_right_5",
					"pivot": [-3.01583, 38.58985, -1.34146],
					"rotation": [15, 0, 0],
					"cubes": [
						{"origin": [-3.01583, 38.58985, -1.34146], "size": [0, 3, 3], "uv": [39, -3], "mirror": true}
					]
				},
				{
					"name": "feater_right_4",
					"parent": "head",
					"pivot": [-3.34932, 37.924, -3.26163],
					"rotation": [5.76566, -42.71135, 10.50498],
					"cubes": [
						{"origin": [-3.34932, 36.924, -4.26163], "size": [0, 2, 3], "inflate": 0.01, "uv": [0, 4], "mirror": true}
					]
				},
				{
					"name": "feater_right_4_2",
					"parent": "feater_right_4",
					"pivot": [-3.34932, 36.924, -1.26163],
					"rotation": [30, 0, 0],
					"cubes": [
						{"origin": [-3.34932, 36.924, -1.26163], "size": [0, 2, 2], "uv": [7, 5], "mirror": true}
					]
				},
				{
					"name": "feater_right_3",
					"parent": "head",
					"pivot": [-3.25374, 36.51878, -3.7148],
					"rotation": [-27.4492, -38.92908, 22.17187],
					"cubes": [
						{"origin": [-3.25374, 35.51878, -4.7148], "size": [0, 2, 3], "inflate": 0.01, "uv": [0, 1], "mirror": true}
					]
				},
				{
					"name": "feater_right_3_2",
					"parent": "feater_right_3",
					"pivot": [-3.25374, 35.51878, -1.7148],
					"rotation": [30, 0, 0],
					"cubes": [
						{"origin": [-3.25374, 35.51878, -1.7148], "size": [0, 2, 2], "uv": [7, 2], "mirror": true}
					]
				},
				{
					"name": "feater_right_2",
					"parent": "head",
					"pivot": [-2.41826, 36.41685, -5.03724],
					"rotation": [-37.31223, -37.75546, 21.16931],
					"cubes": [
						{"origin": [-2.41826, 35.41685, -6.03724], "size": [0, 1, 4], "inflate": 0.01, "uv": [0, -2], "mirror": true}
					]
				},
				{
					"name": "feater_right_1",
					"parent": "head",
					"pivot": [-2.89948, 35.98816, -4.6577],
					"rotation": [-64.81223, -37.75546, 21.16931],
					"cubes": [
						{"origin": [-2.89948, 34.73816, -5.6577], "size": [0, 1, 3], "uv": [0, -3], "mirror": true}
					]
				},
				{
					"name": "feater_left_6",
					"parent": "head",
					"pivot": [2.4972, 40.16651, -4.16507],
					"rotation": [62.59871, 38.71451, 5.95334],
					"cubes": [
						{"origin": [2.4972, 39.16651, -6.16507], "size": [0, 4, 4], "inflate": 0.01, "uv": [39, 0]}
					]
				},
				{
					"name": "feater_left_6_2",
					"parent": "feater_left_6",
					"pivot": [2.4972, 39.16651, -2.16507],
					"rotation": [15, 0, 0],
					"cubes": [
						{"origin": [2.4972, 39.16651, -2.16507], "size": [0, 4, 6], "uv": [65, 66]}
					]
				},
				{
					"name": "feater_left_5",
					"parent": "head",
					"pivot": [3.01583, 39.58985, -3.34146],
					"rotation": [28.82175, 38.70444, -3.65811],
					"cubes": [
						{"origin": [3.01583, 38.58985, -5.34146], "size": [0, 3, 4], "inflate": 0.01, "uv": [0, 6]}
					]
				},
				{
					"name": "feater_left_5_2",
					"parent": "feater_left_5",
					"pivot": [3.01583, 38.58985, -1.34146],
					"rotation": [15, 0, 0],
					"cubes": [
						{"origin": [3.01583, 38.58985, -1.34146], "size": [0, 3, 3], "uv": [39, -3]}
					]
				},
				{
					"name": "feater_left_4",
					"parent": "head",
					"pivot": [3.34932, 37.924, -3.26163],
					"rotation": [5.76566, 42.71135, -10.50498],
					"cubes": [
						{"origin": [3.34932, 36.924, -4.26163], "size": [0, 2, 3], "inflate": 0.01, "uv": [0, 4]}
					]
				},
				{
					"name": "feater_left_4_2",
					"parent": "feater_left_4",
					"pivot": [3.34932, 36.924, -1.26163],
					"rotation": [30, 0, 0],
					"cubes": [
						{"origin": [3.34932, 36.924, -1.26163], "size": [0, 2, 2], "uv": [7, 5]}
					]
				},
				{
					"name": "feater_left_3",
					"parent": "head",
					"pivot": [3.25374, 36.51878, -3.7148],
					"rotation": [-27.4492, 38.92908, -22.17187],
					"cubes": [
						{"origin": [3.25374, 35.51878, -4.7148], "size": [0, 2, 3], "inflate": 0.01, "uv": [0, 1]}
					]
				},
				{
					"name": "feater_left_3_2",
					"parent": "feater_left_3",
					"pivot": [3.25374, 35.51878, -1.7148],
					"rotation": [30, 0, 0],
					"cubes": [
						{"origin": [3.25374, 35.51878, -1.7148], "size": [0, 2, 2], "uv": [7, 2]}
					]
				},
				{
					"name": "feater_left_2",
					"parent": "head",
					"pivot": [2.41826, 36.41685, -5.03724],
					"rotation": [-37.31223, 37.75546, -21.16931],
					"cubes": [
						{"origin": [2.41826, 35.41685, -6.03724], "size": [0, 1, 4], "inflate": 0.01, "uv": [0, -2]}
					]
				},
				{
					"name": "feater_left_1",
					"parent": "head",
					"pivot": [2.89948, 35.98816, -4.6577],
					"rotation": [-64.81223, 37.75546, -21.16931],
					"cubes": [
						{"origin": [2.89948, 34.73816, -5.6577], "size": [0, 1, 3], "uv": [0, -3]}
					]
				},
				{
					"name": "eye_left",
					"parent": "head",
					"pivot": [3.08198, 37.2543, -8.18198],
					"cubes": [
						{"origin": [3.26327, 36.20206, -8.81202], "size": [0, 1, 1], "inflate": 0.03, "pivot": [-0.5, 35, -6.5], "rotation": [-31.91381, 17.07228, 3.90399], "uv": [9, 9]},
						{"origin": [3.15186, 36.32084, -9.17538], "size": [0, 2, 2], "inflate": 0.02, "pivot": [3.15186, 37.12084, -7.92538], "rotation": [-4.41381, 17.07228, 3.90399], "uv": [9, -2]}
					]
				},
				{
					"name": "eye_right",
					"parent": "head",
					"pivot": [-3.08198, 37.2543, -8.18198],
					"cubes": [
						{"origin": [-3.15186, 36.32084, -9.17538], "size": [0, 2, 2], "inflate": 0.02, "pivot": [-3.15186, 37.12084, -7.92538], "rotation": [-4.41381, -17.07228, -3.90399], "uv": [9, -2], "mirror": true},
						{"origin": [-3.26327, 36.20206, -8.81202], "size": [0, 1, 1], "inflate": 0.03, "pivot": [0.5, 35, -6.5], "rotation": [-31.91381, -17.07228, -3.90399], "uv": [9, 9], "mirror": true}
					]
				},
				{
					"name": "wing_open_right",
					"parent": "torso",
					"pivot": [-6, 23.5, -7],
					"cubes": [
						{"origin": [-18, 22, -7], "size": [12, 3, 3], "inflate": 0.01, "uv": [41, 56], "mirror": true},
						{"origin": [-18, 23.5, -4], "size": [12, 0, 13], "inflate": 0.01, "uv": [-13, 41], "mirror": true}
					]
				},
				{
					"name": "wing_open_right_2",
					"parent": "wing_open_right",
					"pivot": [-18, 23.5, -7],
					"rotation": [0, 25, 0],
					"cubes": [
						{"origin": [-32, 23.5, -4], "size": [14, 0, 13], "uv": [-13, 27], "mirror": true},
						{"origin": [-30, 22, -7], "size": [12, 3, 3], "uv": [64, 122], "mirror": true},
						{"origin": [-34, 22, -7], "size": [4, 3, 2], "inflate": 0.01, "pivot": [-30, 23.5, -7], "rotation": [0, 50, 0], "uv": [34, 43], "mirror": true}
					]
				},
				{
					"name": "wing_open_left",
					"parent": "torso",
					"pivot": [6, 23.5, -7],
					"cubes": [
						{"origin": [6, 22, -7], "size": [12, 3, 3], "inflate": 0.01, "uv": [41, 56]},
						{"origin": [6, 23.5, -4], "size": [12, 0, 13], "inflate": 0.01, "uv": [-13, 41]}
					]
				},
				{
					"name": "wing_open_left_2",
					"parent": "wing_open_left",
					"pivot": [18, 23.5, -7],
					"rotation": [0, -25, 0],
					"cubes": [
						{"origin": [18, 23.5, -4], "size": [14, 0, 13], "uv": [-13, 27]},
						{"origin": [18, 22, -7], "size": [12, 3, 3], "uv": [64, 122]},
						{"origin": [30, 22, -7], "size": [4, 3, 2], "inflate": 0.01, "pivot": [30, 23.5, -7], "rotation": [0, -50, 0], "uv": [34, 43]}
					]
				},
				{
					"name": "wing_closed_right",
					"parent": "torso",
					"pivot": [-6, 21.46386, -3.12807],
					"rotation": [10, 0, 0],
					"cubes": [
						{"origin": [-8.5, 24.46386, -0.12807], "size": [0, 3, 11], "pivot": [-8, 20.46386, 4.87193], "rotation": [20, 0, 0], "uv": [29, 16], "mirror": true},
						{"origin": [-8, 20.35162, 4.52466], "size": [0, 3, 10], "pivot": [-8, 21.10162, -0.47534], "rotation": [12.5, 0, 0], "uv": [29, 21], "mirror": true},
						{"origin": [-7.5, 18.35162, 4.52466], "size": [0, 3, 8], "pivot": [-8, 21.10162, -0.47534], "rotation": [2.5, 0, 0], "uv": [29, 27], "mirror": true},
						{"origin": [-7, 15.85162, 4.77466], "size": [0, 3, 6], "pivot": [-8, 21.10162, -0.47534], "rotation": [-2.5, 0, 0], "uv": [29, 33], "mirror": true},
						{"origin": [-9, 15.46386, -6.12807], "size": [3, 10, 11], "uv": [53, 0], "mirror": true}
					]
				},
				{
					"name": "wing_closed_left",
					"parent": "torso",
					"pivot": [6, 21.46386, -3.12807],
					"rotation": [10, 0, 0],
					"cubes": [
						{"origin": [8.5, 24.46386, -0.12807], "size": [0, 3, 11], "pivot": [8, 20.46386, 4.87193], "rotation": [20, 0, 0], "uv": [29, 16]},
						{"origin": [8, 20.35162, 4.52466], "size": [0, 3, 10], "pivot": [8, 21.10162, -0.47534], "rotation": [12.5, 0, 0], "uv": [29, 21]},
						{"origin": [7.5, 18.35162, 4.52466], "size": [0, 3, 8], "pivot": [8, 21.10162, -0.47534], "rotation": [2.5, 0, 0], "uv": [29, 27]},
						{"origin": [7, 15.85162, 4.77466], "size": [0, 3, 6], "pivot": [8, 21.10162, -0.47534], "rotation": [-2.5, 0, 0], "uv": [29, 33]},
						{"origin": [6, 15.46386, -6.12807], "size": [3, 10, 11], "uv": [53, 0]}
					]
				},
				{
					"name": "tail",
					"parent": "torso",
					"pivot": [0, 26, 13],
					"rotation": [17.5, 0, 0]
				},
				{
					"name": "tail_feather_right",
					"parent": "tail",
					"pivot": [0, 26, 19],
					"rotation": [0, 0, -50],
					"cubes": [
						{"origin": [-4, 22, 13], "size": [0, 8, 12], "pivot": [-4, 26, 19], "rotation": [0, 0, 90], "uv": [0, 63], "mirror": true}
					]
				},
				{
					"name": "tail_feather_left",
					"parent": "tail",
					"pivot": [0, 26, 19],
					"rotation": [0, 0, 50],
					"cubes": [
						{"origin": [4, 22, 13], "size": [0, 8, 12], "pivot": [4, 26, 19], "rotation": [0, 0, -90], "uv": [0, 63]}
					]
				},
				{
					"name": "tail_2",
					"parent": "tail",
					"pivot": [0, 26, 23]
				},
				{
					"name": "tail_2_feather_right",
					"parent": "tail_2",
					"pivot": [0, 26, 27],
					"rotation": [0, 0, -50],
					"cubes": [
						{"origin": [-3, 22, 23], "size": [0, 7, 9], "pivot": [-3, 26, 29], "rotation": [0, 0, 90], "uv": [0, 58], "mirror": true}
					]
				},
				{
					"name": "tail_2_feather_left",
					"parent": "tail_2",
					"pivot": [0, 26, 27],
					"rotation": [0, 0, 50],
					"cubes": [
						{"origin": [3, 22, 23], "size": [0, 7, 9], "pivot": [3, 26, 29], "rotation": [0, 0, -90], "uv": [0, 58]}
					]
				},
				{
					"name": "tail_3",
					"parent": "tail_2",
					"pivot": [0, 26, 31]
				},
				{
					"name": "tail_3_feather_right",
					"parent": "tail_3",
					"pivot": [0, 26, 34],
					"rotation": [0, 0, -50],
					"cubes": [
						{"origin": [-2, 22, 31], "size": [0, 6, 6], "pivot": [-2, 26, 37], "rotation": [0, 0, 90], "uv": [9, 54], "mirror": true}
					]
				},
				{
					"name": "tail_3_feather_left",
					"parent": "tail_3",
					"pivot": [0, 26, 34],
					"rotation": [0, 0, 50],
					"cubes": [
						{"origin": [2, 22, 31], "size": [0, 6, 6], "pivot": [2, 26, 37], "rotation": [0, 0, -90], "uv": [9, 54]}
					]
				},
				{
					"name": "tail_4",
					"parent": "tail_3",
					"pivot": [0, 26, 36]
				},
				{
					"name": "tail_4_feather_right",
					"parent": "tail_4",
					"pivot": [0, 26, 39],
					"rotation": [0, 0, -50],
					"cubes": [
						{"origin": [0, 22, 36], "size": [0, 4, 6], "pivot": [0, 26, 42], "rotation": [0, 0, 90], "uv": [9, 49], "mirror": true}
					]
				},
				{
					"name": "tail_4_feather_left",
					"parent": "tail_4",
					"pivot": [0, 26, 39],
					"rotation": [0, 0, 50],
					"cubes": [
						{"origin": [0, 22, 36], "size": [0, 4, 6], "pivot": [0, 26, 42], "rotation": [0, 0, -90], "uv": [9, 49]}
					]
				},
				{
					"name": "leg_left",
					"parent": "body",
					"pivot": [3.5, 14, -2],
					"cubes": [
						{"origin": [0.25, 11, -5], "size": [6.5, 6, 6], "uv": [24, 80]},
						{"origin": [2, 11, -3], "size": [3, 3, 7], "inflate": 0.02, "pivot": [3.5, 11, 4], "rotation": [15, 0, 0], "uv": [60, 105]}
					]
				},
				{
					"name": "leg_left_2",
					"parent": "leg_left",
					"pivot": [3.5, 11, 3],
					"cubes": [
						{"origin": [2, 7.5, 0.25], "size": [3, 4, 3], "inflate": 0.01, "pivot": [0, 11.5, 1.25], "rotation": [12.5, 0, 0], "uv": [28, 100]},
						{"origin": [2.88909, 7.5, -0.81066], "size": [2, 4, 2], "pivot": [0, 11.5, 1.25], "rotation": [17.40744, -43.65747, -12.2127], "uv": [39, 73]},
						{"origin": [2.5, 2, 1.5], "size": [2, 6, 2], "uv": [64, 63]}
					]
				},
				{
					"name": "foot_left",
					"parent": "leg_left_2",
					"pivot": [3.5, 4, 2.5],
					"cubes": [
						{"origin": [2, 2, 1], "size": [3, 2, 3], "uv": [15, 102]},
						{"origin": [2, 0, 0], "size": [3, 2, 4], "uv": [31, 93]},
						{"origin": [2.5, 1.5, 0.1], "size": [2, 3, 1], "pivot": [3.5, 4, 0.4], "rotation": [17.5, 0, 0], "uv": [25, 59]}
					]
				},
				{
					"name": "finger_mid_left",
					"parent": "foot_left",
					"pivot": [3.5, 1, 0],
					"cubes": [
						{"origin": [2.5, 0, -2], "size": [2, 2, 2], "inflate": 0.01, "uv": [40, 68]},
						{"origin": [2.5, 0.25, -3], "size": [2, 2, 1], "inflate": 0.01, "uv": [42, 39]},
						{"origin": [3.5, 0, -5], "size": [0, 2, 2], "inflate": 0.01, "uv": [53, 1]}
					]
				},
				{
					"name": "finger_left_left",
					"parent": "foot_left",
					"pivot": [5, 1, 2],
					"cubes": [
						{"origin": [2.5, 0, 0], "size": [2, 2, 2], "inflate": 0.01, "pivot": [3.5, 1, 2.5], "rotation": [0, -75, 0], "uv": [25, 43]},
						{"origin": [2.5, 0.25, -1], "size": [2, 2, 1], "inflate": 0.01, "pivot": [3.5, 0.75, 2.5], "rotation": [0, -75, 0], "uv": [0, 55]},
						{"origin": [3.5, 0, -3], "size": [0, 2, 2], "inflate": 0.01, "pivot": [3.5, 1, 2.5], "rotation": [0, -75, 0], "uv": [53, 1]}
					]
				},
				{
					"name": "finger_right_left",
					"parent": "foot_left",
					"pivot": [2, 1, 2],
					"cubes": [
						{"origin": [2.5, 0, 0], "size": [2, 2, 2], "inflate": 0.01, "pivot": [3.5, 1, 2.5], "rotation": [0, 75, 0], "uv": [25, 43], "mirror": true},
						{"origin": [2.5, 0.25, -1], "size": [2, 2, 1], "inflate": 0.01, "pivot": [3.5, 0.75, 2.5], "rotation": [0, 75, 0], "uv": [0, 55], "mirror": true},
						{"origin": [3.5, 0, -3], "size": [0, 2, 2], "inflate": 0.01, "pivot": [3.5, 1, 2.5], "rotation": [0, 75, 0], "uv": [53, 1], "mirror": true}
					]
				},
				{
					"name": "leg_right",
					"parent": "body",
					"pivot": [-3.5, 14, -2],
					"cubes": [
						{"origin": [-6.75, 11, -5], "size": [6.5, 6, 6], "uv": [24, 80], "mirror": true},
						{"origin": [-5, 11, -3], "size": [3, 3, 7], "inflate": 0.02, "pivot": [-3.5, 11, 4], "rotation": [15, 0, 0], "uv": [60, 105], "mirror": true}
					]
				},
				{
					"name": "leg_right_2",
					"parent": "leg_right",
					"pivot": [-3.5, 11, 3],
					"cubes": [
						{"origin": [-5, 7.5, 0.25], "size": [3, 4, 3], "inflate": 0.01, "pivot": [0, 11.5, 1.25], "rotation": [12.5, 0, 0], "uv": [28, 100], "mirror": true},
						{"origin": [-4.88909, 7.5, -0.81066], "size": [2, 4, 2], "pivot": [0, 11.5, 1.25], "rotation": [17.40744, 43.65747, 12.2127], "uv": [39, 73], "mirror": true},
						{"origin": [-4.5, 2, 1.5], "size": [2, 6, 2], "uv": [64, 63], "mirror": true}
					]
				},
				{
					"name": "foot_right",
					"parent": "leg_right_2",
					"pivot": [-3.5, 4, 2.5],
					"cubes": [
						{"origin": [-5, 2, 1], "size": [3, 2, 3], "uv": [15, 102], "mirror": true},
						{"origin": [-5, 0, 0], "size": [3, 2, 4], "uv": [31, 93], "mirror": true},
						{"origin": [-4.5, 1.5, 0.1], "size": [2, 3, 1], "pivot": [-3.5, 4, 0.4], "rotation": [17.5, 0, 0], "uv": [25, 59], "mirror": true}
					]
				},
				{
					"name": "finger_mid_right",
					"parent": "foot_right",
					"pivot": [-3.5, 1, 0],
					"cubes": [
						{"origin": [-4.5, 0, -2], "size": [2, 2, 2], "inflate": 0.01, "uv": [40, 68], "mirror": true},
						{"origin": [-4.5, 0.25, -3], "size": [2, 2, 1], "inflate": 0.01, "uv": [42, 39], "mirror": true},
						{"origin": [-3.5, 0, -5], "size": [0, 2, 2], "inflate": 0.01, "uv": [53, 1], "mirror": true}
					]
				},
				{
					"name": "finger_left_right",
					"parent": "foot_right",
					"pivot": [-2, 1, 2],
					"cubes": [
						{"origin": [-4.5, 0, 0], "size": [2, 2, 2], "inflate": 0.01, "pivot": [-3.5, 1, 2.5], "rotation": [0, -75, 0], "uv": [25, 43]},
						{"origin": [-4.5, 0.25, -1], "size": [2, 2, 1], "inflate": 0.01, "pivot": [-3.5, 0.75, 2.5], "rotation": [0, -75, 0], "uv": [0, 55]},
						{"origin": [-3.5, 0, -3], "size": [0, 2, 2], "inflate": 0.01, "pivot": [-3.5, 1, 2.5], "rotation": [0, -75, 0], "uv": [53, 1]}
					]
				},
				{
					"name": "finger_right_right",
					"parent": "foot_right",
					"pivot": [-5, 1, 2],
					"cubes": [
						{"origin": [-4.5, 0, 0], "size": [2, 2, 2], "inflate": 0.01, "pivot": [-3.5, 1, 2.5], "rotation": [0, 75, 0], "uv": [25, 43], "mirror": true},
						{"origin": [-4.5, 0.25, -1], "size": [2, 2, 1], "inflate": 0.01, "pivot": [-3.5, 0.75, 2.5], "rotation": [0, 75, 0], "uv": [0, 55], "mirror": true},
						{"origin": [-3.5, 0, -3], "size": [0, 2, 2], "inflate": 0.01, "pivot": [-3.5, 1, 2.5], "rotation": [0, 75, 0], "uv": [53, 1], "mirror": true}
					]
				}
			]
		}
	]
}