{
    "enabled": true,
    "neededInstalledMods": [],
    "neededUninstalledMods": [],
    "spawns": [
        {
            "id": "poipole",
            "pokemon": "poipole",
            "presets": ["natural"],
            "type": "pokemon",
            "context": "grounded",
            "bucket": "ultra-rare",
            "level": "30",
            "weight": 0.5,
            "condition": {
                "structures": [
                    "genomons:megalo_tower"
                ]
            }
        }
    ]
}