{
	"format_version": "1.8.0",
	"animations": {
		"animation.dirtops.ground_idle": {
			"loop": true,
			"bones": {
				"body": {
					"position": [0, -0.25, 0]
				},
				"tail_1": {
					"rotation": ["-10-math.cos(q.anim_time*90-120)*5", "-math.sin(q.anim_time*90/2-60)*5", 0]
				},
				"tail_2": {
					"rotation": ["15-math.cos(q.anim_time*90-180)*2", "-math.sin(q.anim_time*90/2-90)*10", 0]
				},
				"left_back_upper_leg": {
					"rotation": [-7.5, 0, 0]
				},
				"left_back_lower_leg": {
					"rotation": [7.5, 0, 0]
				},
				"right_back_upper_leg": {
					"rotation": [-7.5, 0, 0]
				},
				"right_back_lower_leg": {
					"rotation": [7.5, 0, 0]
				},
				"torso": {
					"rotation": ["-2-math.cos(q.anim_time*90)*1.5", 0, "-math.sin(q.anim_time*90/2)*1"]
				},
				"front_torso": {
					"rotation": ["math.cos(q.anim_time*90)*1", 0, 0],
					"position": [0, "-math.cos(q.anim_time*90)*0.05", 0]
				},
				"neck": {
					"rotation": ["-2-math.cos(q.anim_time*90)*1.5", 0, 0]
				},
				"head": {
					"rotation": ["-2-math.cos(q.anim_time*90)*1.5", 0, 0]
				}
			}
		},
		"animation.dirtops.battle_idle": {
			"loop": true,
			"bones": {
				"torso": {
					"rotation": ["10-math.cos(q.anim_time*90*2)*2", "0+math.cos(q.anim_time*90*2+120)*4", 0]
				},
				"tail_1": {
					"rotation": ["10-math.cos(q.anim_time*90*2-30)*1", "0+math.cos(q.anim_time*90*2+90)*10", 0]
				},
				"tail_2": {
					"rotation": ["0-math.cos(q.anim_time*90*2-60)*3", "0+math.cos(q.anim_time*90*2+60)*20", 0]
				},
				"front_torso": {
					"rotation": ["-7.5+math.cos(q.anim_time*90*2-30)*1", "0-math.cos(q.anim_time*90*2+140)*4", 0],
					"position": [0, 0.25, 0]
				},
				"left_front_upper_leg": {
					"rotation": [-15, -20, "-((2-math.cos(q.anim_time*90*2-45)*2+math.cos(q.anim_time*90*2*3-(45)*3)*0.2))"],
					"position": ["-((-0.5-math.cos(q.anim_time*90*2-45)*0.2+math.cos(q.anim_time*90*2*3-(45)*3)*0.02))", -0.5, 1.25]
				},
				"left_front_lower_leg": {
					"rotation": [15, 0, 0]
				},
				"right_front_upper_leg": {
					"rotation": [-15, 20, "(2+math.cos(q.anim_time*90*2-45)*2-math.cos(q.anim_time*90*2*3-(45)*3)*0.2)"],
					"position": ["(-0.5+math.cos(q.anim_time*90*2-45)*0.2-math.cos(q.anim_time*90*2*3-(45)*3)*0.02)", -0.5, 1.25]
				},
				"right_front_lower_leg": {
					"rotation": [15, 0, 0]
				},
				"left_back_upper_leg": {
					"rotation": ["(-2.5-math.cos(q.anim_time*90*2-30)*2)", -15, -2.5],
					"position": [0.5, "(-0.15+math.cos(q.anim_time*90*2-30)*-0.05)", "(0+math.cos(q.anim_time*90*2-30)*0.055)"]
				},
				"left_back_lower_leg": {
					"rotation": ["(2.5+math.cos(q.anim_time*90*2-30)*2)", 0, 0]
				},
				"right_back_upper_leg": {
					"rotation": ["(-2.5-math.cos(q.anim_time*90*2-30-180)*2)", 15, 2.5],
					"position": [-0.5, "(-0.15+math.cos(q.anim_time*90*2-30-180)*-0.05)", "(0+math.cos(q.anim_time*90*2-30-180)*0.055)"]
				},
				"right_back_lower_leg": {
					"rotation": ["(2.5+math.cos(q.anim_time*90*2-30-180)*2)", 0, 0]
				}
			}
		},
		"animation.dirtops.ground_walk": {
			"loop": true,
			"animation_length": 1.3333,
			"bones": {
				"torso": {
					"rotation": [
						"-math.sin(q.anim_time*90*3*2+90)*3-math.sin(q.anim_time*90*3*2*3+270)*0.2",
						"-math.sin(q.anim_time*90*3+70)*4",
						"math.sin(q.anim_time*90*3+70)*4"
					],
					"position": [0, "-0.12+math.clamp(math.sin(q.anim_time*90*3*2+20)*0.055, -0.1, 1)+math.clamp(math.sin(q.anim_time*90*3*2+40)*0.055, -0.1, 1)", 0]
				},
				"left_front_upper_leg": {
					"rotation": {
						"0.0": {
							"post": [16, 0, 0],
							"lerp_mode": "catmullrom"
						},
						"0.125": {
							"post": [7.42, 0, 0],
							"lerp_mode": "catmullrom"
						},
						"0.25": {
							"post": [-18.76853, 0, 0],
							"lerp_mode": "catmullrom"
						},
						"0.4167": {
							"post": [-27.9621, 0, 0],
							"lerp_mode": "catmullrom"
						},
						"0.5": {
							"post": [-21.20083, 0, 0],
							"lerp_mode": "catmullrom"
						},
						"0.625": {
							"post": [-2.61266, 0, 0],
							"lerp_mode": "catmullrom"
						},
						"0.6667": [0.29, 0, 0],
						"0.7083": [0, 0, 0],
						"1.0833": {
							"pre": [15.81622, 0, 0],
							"post": [15.81622, 0, 0],
							"lerp_mode": "catmullrom"
						},
						"1.25": {
							"post": [18.31622, 0, 0],
							"lerp_mode": "catmullrom"
						},
						"1.3333": {
							"post": [16, 0, 0],
							"lerp_mode": "catmullrom"
						}
					},
					"position": {
						"0.0": {
							"post": [0, 0.53748, 0.5],
							"lerp_mode": "catmullrom"
						},
						"0.25": {
							"post": [0, 0.46599, 0.31522],
							"lerp_mode": "catmullrom"
						},
						"0.5": {
							"post": [0, 0.00038, -0.06569],
							"lerp_mode": "catmullrom"
						},
						"0.625": {
							"post": [0, 0.00201, 0.14393],
							"lerp_mode": "catmullrom"
						},
						"0.7917": {
							"post": [0, 0, 0.74446],
							"lerp_mode": "catmullrom"
						},
						"0.875": {
							"post": [0, 0.1, 0.96518],
							"lerp_mode": "catmullrom"
						},
						"1.0": {
							"post": [0, 0.3766, 0.8],
							"lerp_mode": "catmullrom"
						},
						"1.25": [0, 0.57938, 0.57654]
					}
				},
				"left_front_lower_leg": {
					"rotation": {
						"0.0": [23.15257, 0, 0],
						"0.5": [0, 0, 0],
						"0.6667": [0, 0, 0],
						"0.7917": [0, 0, 0],
						"1.3333": [23.15257, 0, 0]
					}
				},
				"left_front_claw": {
					"rotation": ["(5+math.clamp(math.sin(q.anim_time*90*3+0)*10,-10,-5))*0.5", 0, 0]
				},
				"body": {
					"position": [0, 0, "math.sin(q.anim_time*90*3*2-30)*0.3"]
				},
				"tail_1": {
					"rotation": ["5-math.sin(q.anim_time*90*3*2+90+30)*1-math.clamp(math.sin(q.anim_time*90*3*2+90+30)*3,-3,0)", "-math.sin(q.anim_time*90*3+40)*3", 0]
				},
				"tail_2": {
					"rotation": ["5-math.sin(q.anim_time*90*3*2+90+60)*0.5-math.clamp(math.sin(q.anim_time*90*3*2+90+60)*2,-3,0)", "-math.sin(q.anim_time*90*3+10)*3", 0]
				},
				"front_torso": {
					"rotation": ["math.sin(q.anim_time*90*3*2+90)*3", "math.sin(q.anim_time*90*3+70)*4", 0],
					"position": [0, "0.05+math.sin(q.anim_time*90*3*2-60)*0.05", 0]
				},
				"right_front_upper_leg": {
					"rotation": {
						"0.0": [0.29, 0, 0],
						"0.0417": [0, 0, 0],
						"0.4167": {
							"pre": [15.81622, 0, 0],
							"post": [15.81622, 0, 0],
							"lerp_mode": "catmullrom"
						},
						"0.5833": {
							"post": [18.31622, 0, 0],
							"lerp_mode": "catmullrom"
						},
						"0.6667": {
							"post": [16, 0, 0],
							"lerp_mode": "catmullrom"
						},
						"0.7917": {
							"post": [7.42, 0, 0],
							"lerp_mode": "catmullrom"
						},
						"0.9167": {
							"post": [-18.76853, 0, 0],
							"lerp_mode": "catmullrom"
						},
						"1.0833": {
							"post": [-27.9621, 0, 0],
							"lerp_mode": "catmullrom"
						},
						"1.1667": {
							"post": [-21.20083, 0, 0],
							"lerp_mode": "catmullrom"
						},
						"1.2917": {
							"post": [-2.61266, 0, 0],
							"lerp_mode": "catmullrom"
						},
						"1.3333": [0.29, 0, 0]
					},
					"position": {
						"0.0": {
							"post": [0, 0, 0.28],
							"lerp_mode": "catmullrom"
						},
						"0.125": {
							"post": [0, 0, 0.74446],
							"lerp_mode": "catmullrom"
						},
						"0.2083": {
							"post": [0, 0.1, 0.96518],
							"lerp_mode": "catmullrom"
						},
						"0.3333": {
							"post": [0, 0.3766, 0.8],
							"lerp_mode": "catmullrom"
						},
						"0.5833": {
							"post": [0, 0.57938, 0.57654],
							"lerp_mode": "catmullrom"
						},
						"0.6667": {
							"post": [0, 0.53748, 0.5],
							"lerp_mode": "catmullrom"
						},
						"0.9167": {
							"post": [0, 0.46599, 0.31522],
							"lerp_mode": "catmullrom"
						},
						"1.1667": {
							"post": [0, 0.00038, -0.06569],
							"lerp_mode": "catmullrom"
						},
						"1.2917": {
							"post": [0, 0.00201, 0.14393],
							"lerp_mode": "catmullrom"
						},
						"1.3333": {
							"post": [0, 0, 0.28],
							"lerp_mode": "catmullrom"
						}
					}
				},
				"right_front_lower_leg": {
					"rotation": {
						"0.0": [0, 0, 0],
						"0.125": [0, 0, 0],
						"0.6667": [23.15257, 0, 0],
						"1.1667": [0, 0, 0],
						"1.3333": [0, 0, 0]
					}
				},
				"right_front_claw": {
					"rotation": ["(5+math.clamp(math.sin(q.anim_time*90*3+180)*10,-10,-5))*0.5", 0, 0]
				},
				"left_back_upper_leg": {
					"rotation": {
						"0.0": [0.29, 0, 0],
						"0.0417": [0, 0, 0],
						"0.2083": [0.9509, 0, 0],
						"0.4167": {
							"pre": [12.93258, 0, 0],
							"post": [12.93258, 0, 0],
							"lerp_mode": "catmullrom"
						},
						"0.5833": {
							"post": [14.91445, 0, 0],
							"lerp_mode": "catmullrom"
						},
						"0.6667": {
							"post": [13.66025, 0, 0],
							"lerp_mode": "catmullrom"
						},
						"1.1667": {
							"post": [-9.48889, 0, 0],
							"lerp_mode": "catmullrom"
						},
						"1.2917": {
							"post": [-2.61266, 0, 0],
							"lerp_mode": "catmullrom"
						},
						"1.3333": [0.29, 0, 0]
					},
					"position": [
						0,
						"(-0.05+math.sin(q.anim_time*90*3-180+65)*0.3+math.clamp(math.sin(q.anim_time*90*3+0+70)*0.3,0.2,1))",
						"-math.sin(q.anim_time*90*3-30-180)*0.75"
					]
				},
				"left_back_lower_leg": {
					"rotation": {
						"0.0": [0, 0, 0],
						"0.375": [0, 0, 0],
						"0.6667": {
							"pre": [26, 0, 0],
							"post": [26, 0, 0],
							"lerp_mode": "catmullrom"
						},
						"0.7917": {
							"post": [27, 0, 0],
							"lerp_mode": "catmullrom"
						},
						"0.9167": [16.08, 0, 0],
						"1.1667": [0, 0, 0],
						"1.3333": [0, 0, 0]
					}
				},
				"right_back_upper_leg": {
					"rotation": {
						"0.0": {
							"post": [13.66025, 0, 0],
							"lerp_mode": "catmullrom"
						},
						"0.5": {
							"post": [-9.48889, 0, 0],
							"lerp_mode": "catmullrom"
						},
						"0.625": {
							"post": [-2.61266, 0, 0],
							"lerp_mode": "catmullrom"
						},
						"0.6667": [0.29, 0, 0],
						"0.7083": [0, 0, 0],
						"0.875": [0.9509, 0, 0],
						"1.0833": {
							"pre": [12.93258, 0, 0],
							"post": [12.93258, 0, 0],
							"lerp_mode": "catmullrom"
						},
						"1.25": {
							"post": [14.91445, 0, 0],
							"lerp_mode": "catmullrom"
						},
						"1.3333": {
							"post": [13.66025, 0, 0],
							"lerp_mode": "catmullrom"
						}
					},
					"position": [
						0,
						"(-0.05+math.sin(q.anim_time*90*3+65)*0.3+math.clamp(math.sin(q.anim_time*90*3+180+70)*0.3,0.2,1))",
						"-math.sin(q.anim_time*90*3-30)*0.75"
					]
				},
				"right_back_lower_leg": {
					"rotation": {
						"0.0": {
							"post": [26, 0, 0],
							"lerp_mode": "catmullrom"
						},
						"0.125": {
							"post": [27, 0, 0],
							"lerp_mode": "catmullrom"
						},
						"0.25": [16.08, 0, 0],
						"0.5": [0, 0, 0],
						"0.6667": [0, 0, 0],
						"1.0417": [0, 0, 0],
						"1.3333": [26, 0, 0]
					}
				},
				"right_back_claw": {
					"rotation": ["(5+math.clamp(math.sin(q.anim_time*90*3+180+180)*10,-10,-5))*0.5", 0, 0]
				},
				"left_back_claw": {
					"rotation": {
						"0.0": ["(5+math.clamp(math.sin(q.anim_time*90*3+180+180)*10,-10,-5))*0.5", 0, 0],
						"0.6667": ["(5+math.clamp(math.sin(q.anim_time*90*3+180+180)*10,-10,-5))*0.5", 0, 0],
						"1.3333": ["(5+math.clamp(math.sin(q.anim_time*90*3+180+180)*10,-10,-5))*0.5", 0, 0]
					}
				},
				"neck": {
					"rotation": {
						"0.0": [0, 0, -2.5],
						"0.6667": [4.99527, -0.21782, 2.4905],
						"1.3333": [0, 0, -2.5]
					}
				},
				"head": {
					"rotation": {
						"0.0": [0, 0, 0],
						"0.6667": [7.5, 0, 0],
						"1.3333": [0, 0, 0]
					}
				}
			}
		},
		"animation.dirtops.cry": {
			"animation_length": 1.5,
			"bones": {
				"front_torso": {
					"rotation": {
						"0.0": {
							"post": [0, 0, 0],
							"lerp_mode": "catmullrom"
						},
						"0.0833": {
							"post": [5, 0, 0],
							"lerp_mode": "catmullrom"
						},
						"0.1667": {
							"post": [-3.66667, 0, 0],
							"lerp_mode": "catmullrom"
						},
						"0.25": {
							"post": [-10, 0, 0],
							"lerp_mode": "catmullrom"
						},
						"0.375": {
							"post": [-5.5, 0, 0],
							"lerp_mode": "catmullrom"
						},
						"1.0": {
							"post": [0, 0, 0],
							"lerp_mode": "catmullrom"
						},
						"1.25": {
							"post": [0, 0, 0],
							"lerp_mode": "catmullrom"
						}
					},
					"position": {
						"0.0": {
							"post": [0, 0, 0],
							"lerp_mode": "catmullrom"
						},
						"0.1667": {
							"post": [0, 0, 0.5],
							"lerp_mode": "catmullrom"
						},
						"0.375": {
							"post": [0, 0, -0.25],
							"lerp_mode": "catmullrom"
						},
						"0.75": {
							"post": [0, 0, 0],
							"lerp_mode": "catmullrom"
						},
						"1.25": {
							"post": [0, 0, 0],
							"lerp_mode": "catmullrom"
						}
					}
				},
				"torso": {
					"position": {
						"0.0": {
							"post": [0, 0, 0],
							"lerp_mode": "catmullrom"
						},
						"0.125": {
							"post": [0, 0, -0.025],
							"lerp_mode": "catmullrom"
						},
						"0.2083": {
							"post": [0, 0, -0.025],
							"lerp_mode": "catmullrom"
						},
						"0.375": {
							"post": [0, 0, -0.675],
							"lerp_mode": "catmullrom"
						},
						"0.5417": {
							"post": [0, 0, 0],
							"lerp_mode": "catmullrom"
						},
						"0.7083": {
							"post": [0, 0, 0],
							"lerp_mode": "catmullrom"
						},
						"1.25": {
							"post": [0, 0, 0],
							"lerp_mode": "catmullrom"
						}
					}
				},
				"left_front_upper_leg": {
					"rotation": {
						"0.0": [0, 0, 0],
						"0.0833": [-17.61, 0, 0],
						"0.2083": [-26.5, 0, 0],
						"0.2917": {
							"pre": [-9.69, 0, 0],
							"post": [-9.69, 0, 0],
							"lerp_mode": "catmullrom"
						},
						"0.375": {
							"post": [3.25, 0, 0],
							"lerp_mode": "catmullrom"
						},
						"0.4583": {
							"post": [5, 0, 0],
							"lerp_mode": "catmullrom"
						},
						"0.5417": {
							"post": [-2, 0, 0],
							"lerp_mode": "catmullrom"
						},
						"0.75": {
							"post": [0, 0, 0],
							"lerp_mode": "catmullrom"
						}
					},
					"position": {
						"0.0": [0, 0, 0],
						"0.0833": [0, -0.505, 0.61],
						"0.2083": [0, -0.425, 1.125],
						"0.2917": {
							"pre": [0, 0.005, 0.48],
							"post": [0, 0.005, 0.48],
							"lerp_mode": "catmullrom"
						},
						"0.375": {
							"post": [0, 0.13, -0.28],
							"lerp_mode": "catmullrom"
						},
						"0.4583": {
							"post": [0, 0.16, -0.47],
							"lerp_mode": "catmullrom"
						},
						"0.5417": {
							"post": [0, -0.05, 0.1],
							"lerp_mode": "catmullrom"
						},
						"0.75": {
							"post": [0, 0, 0],
							"lerp_mode": "catmullrom"
						}
					}
				},
				"left_front_lower_leg": {
					"rotation": {
						"0.0": [0, 0, 0],
						"0.0833": [16.25, 0, 0],
						"0.2083": [18.75, 0, 0],
						"0.2917": [5, 0, 0],
						"0.375": [0, 0, 0],
						"0.5417": [2.25, 0, 0],
						"0.75": [0, 0, 0]
					}
				},
				"right_front_upper_leg": {
					"rotation": {
						"0.0": [0, 0, 0],
						"0.0833": [-17.61, 0, 0],
						"0.2083": [-26.5, 0, 0],
						"0.2917": {
							"pre": [-9.69, 0, 0],
							"post": [-9.69, 0, 0],
							"lerp_mode": "catmullrom"
						},
						"0.375": {
							"post": [3.25, 0, 0],
							"lerp_mode": "catmullrom"
						},
						"0.4583": {
							"post": [5, 0, 0],
							"lerp_mode": "catmullrom"
						},
						"0.5417": {
							"post": [-2, 0, 0],
							"lerp_mode": "catmullrom"
						},
						"0.75": {
							"post": [0, 0, 0],
							"lerp_mode": "catmullrom"
						}
					},
					"position": {
						"0.0": [0, 0, 0],
						"0.0833": [0, -0.505, 0.61],
						"0.2083": [0, -0.425, 1.125],
						"0.2917": {
							"pre": [0, 0.005, 0.48],
							"post": [0, 0.005, 0.48],
							"lerp_mode": "catmullrom"
						},
						"0.375": {
							"post": [0, 0.13, -0.28],
							"lerp_mode": "catmullrom"
						},
						"0.4583": {
							"post": [0, 0.16, -0.47],
							"lerp_mode": "catmullrom"
						},
						"0.5417": {
							"post": [0, -0.05, 0.1],
							"lerp_mode": "catmullrom"
						},
						"0.75": {
							"post": [0, 0, 0],
							"lerp_mode": "catmullrom"
						}
					}
				},
				"right_front_lower_leg": {
					"rotation": {
						"0.0": [0, 0, 0],
						"0.0833": [16.25, 0, 0],
						"0.2083": [18.75, 0, 0],
						"0.2917": [5, 0, 0],
						"0.375": [0, 0, 0],
						"0.5417": [2.25, 0, 0],
						"0.75": [0, 0, 0]
					}
				},
				"jaw": {
					"rotation": {
						"0.0": [0, 0, 0],
						"0.25": [12.5, 0, 0],
						"0.75": [0, 0, 0]
					}
				}
			},
			"sound_effects": {
				"0.2083": {
					"effect": "pokemon.shieldon.cry"
				}
			}
		},
		"animation.dirtops.blink": {
			"animation_length": 0.1667,
			"bones": {
				"eyelid_right": {
					"rotation": [0, 0, 0],
					"position": {
						"0.0": [-0.1, 0, 0],
						"0.125": [-0.1, 0, 0],
						"0.1667": [0, 0, 0]
					}
				},
				"eyelid_left": {
					"position": {
						"0.0": [0.1, 0, 0],
						"0.125": [0.1, 0, 0],
						"0.1667": [0, 0, 0]
					}
				}
			}
		},
		"animation.dirtops.sleep": {
			"loop": true,
			"bones": {
				"body": {
					"position": [0, -3.25, 0]
				},
				"torso": {
					"rotation": [-17.5, 10, -5],
					"position": [0, "1.35+math.sin(q.anim_time*90*1)*0.1", 0]
				},
				"tail_1": {
					"rotation": ["-15-math.sin(q.anim_time*90*1-60)*2", "12.5-math.cos(q.anim_time*90*1/2-60-180)*5", 0],
					"position": [0, -0.2, "0.2-math.sin(q.anim_time*90*1)*0.2"]
				},
				"tail_2": {
					"rotation": ["15.5-math.sin(q.anim_time*90*1-90)*4", "17.5-math.cos(q.anim_time*90*1/2-90-180)*10", 0],
					"position": [0, 0, "0.1-math.sin(q.anim_time*90*1)*0.1"]
				},
				"front_torso": {
					"rotation": [5.56161, "-14.4638-math.sin(q.anim_time*90*1)*0.2", -10],
					"position": [0, -0.825, 0]
				},
				"left_front_upper_leg": {
					"rotation": [-81.74166, -63.41303, 2.04654],
					"position": [-0.275, 0.5, 0.625]
				},
				"left_front_lower_leg": {
					"rotation": [0, 0, 5],
					"position": [0, 0.2, 0]
				},
				"right_front_upper_leg": {
					"rotation": [-71.55273, 71.27627, 9.50322],
					"position": [-0.1, 0.5, 0.5]
				},
				"right_front_lower_leg": {
					"rotation": [0, 0, -10],
					"position": [0, 0.25, 0]
				},
				"left_back_upper_leg": {
					"rotation": [-45.50437, -44.54102, -0.3567],
					"position": [0, 1.525, 0]
				},
				"left_back_lower_leg": {
					"rotation": [45, 0, 0]
				},
				"right_back_upper_leg": {
					"rotation": [-45.50437, 44.54102, 0.3567],
					"position": [0, 1.525, 0]
				},
				"right_back_lower_leg": {
					"rotation": [45, 0, 0]
				},
				"neck": {
					"rotation": [15, 0, 0],
					"position": [0, -1, 0]
				},
				"head": {
					"rotation": [5, 0, 0]
				},
				"eyelid_right": {
					"position": [-0.1, 0, 0]
				},
				"eyelid_left": {
					"position": [0.1, 0, 0]
				}
			}
		},
		"animation.dirtops.movement_test_walk": {
			"loop": true,
			"bones": {
				"dirtops": {
					"position": [0, 0, "30-q.anim_time*6"]
				}
			}
		},
		"animation.dirtops.movement_test_run": {
			"loop": true,
			"bones": {
				"dirtops": {
					"position": [0, 0, "30-q.anim_time*24"]
				}
			}
		}
	}
}