{
	"format_version": "1.12.0",
	"minecraft:geometry": [
		{
			"description": {
				"identifier": "geometry.spoilerina",
				"texture_width": 128,
				"texture_height": 64,
				"visible_bounds_width": 3,
				"visible_bounds_height": 3.5,
				"visible_bounds_offset": [0, 1.25, 0]
			},
			"bones": [
				{
					"name": "spoilerina",
					"pivot": [0, 0, 0]
				},
				{
					"name": "body",
					"parent": "spoilerina",
					"pivot": [0, 10.44, -1.1]
				},
				{
					"name": "torso",
					"parent": "body",
					"pivot": [0, 8.76092, -1.17803],
					"cubes": [
						{"origin": [-1.5, 12.66092, -2.17803], "size": [3, 2, 2], "pivot": [0.5, 13.66092, -1.17803], "rotation": [-7.5, 0, 0], "uv": [37, 30]},
						{"origin": [-1, 10.8, -2.3], "size": [2, 2, 2], "uv": [37, 35]},
						{"origin": [-2, 10, -3.3], "size": [4, 1, 4], "inflate": 0.1, "pivot": [0, 10.5, -1.3], "rotation": [0, 45, 0], "uv": [47, 23]},
						{"origin": [-2, 10, -3.3], "size": [4, 1, 4], "uv": [48, 29]},
						{"origin": [-7, 9.7, -7.3], "size": [14, 1, 13], "uv": [16, 1]},
						{"origin": [-6, 8.7, -6.3], "size": [12, 1, 11], "uv": [0, 16]}
					]
				},
				{
					"name": "neck",
					"parent": "torso",
					"pivot": [0, 14.54703, -0.84988],
					"cubes": [
						{"origin": [-0.5, 14.44381, -1.41698], "size": [1, 1, 1], "pivot": [0.5, 15.64381, -0.91698], "rotation": [5.5, 0, 0], "uv": [37, 40]}
					]
				},
				{
					"name": "head",
					"parent": "neck",
					"pivot": [0, 15.02968, -1.53522],
					"cubes": [
						{"origin": [-4, 15.24243, -4.04573], "size": [8, 7, 6], "pivot": [1, 18.24243, -1.04573], "rotation": [5, 0, 0], "uv": [0, 0]},
						{"origin": [1.1, 19.14243, -4.04573], "size": [1, 1, 0], "pivot": [-1, 18.2324, -1.04573], "rotation": [5, 0, 0], "uv": [1, 36]},
						{"origin": [-2.1, 19.14243, -4.04573], "size": [1, 1, 0], "pivot": [1, 18.2324, -1.04573], "rotation": [5, 0, 0], "uv": [1, 36], "mirror": true},
						{"origin": [-1.5, 18.74243, 1.95427], "size": [3, 3, 3], "pivot": [0.5, 18.24243, -1.04573], "rotation": [5, 0, 0], "uv": [47, 16]}
					]
				},
				{
					"name": "right_eye",
					"parent": "head",
					"pivot": [-2.28, 17.98054, -4.04003],
					"cubes": [
						{"origin": [-3, 17.04243, -4.04573], "size": [2, 2, 0], "pivot": [1, 18.2224, -1.04573], "rotation": [5, 0, 0], "uv": [0, 29], "mirror": true},
						{"origin": [-2.9, 17.94243, -4.0557], "size": [1, 1, 0], "pivot": [1, 18.2124, -1.04573], "rotation": [5, 0, 0], "uv": [1, 34]},
						{"origin": [-3.8, 18.34243, -4.04573], "size": [1, 1, 0], "pivot": [1, 18.2324, -1.04573], "rotation": [5, 0, 0], "uv": [1, 38], "mirror": true},
						{"origin": [-3.3, 18.04243, -4.04573], "size": [2, 1, 0], "pivot": [1, 18.2324, -1.04573], "rotation": [5, 0, 0], "uv": [0, 32], "mirror": true},
						{"origin": [-1.55, 17.46531, -3.8165], "size": [0, 0, 0], "inflate": 0.25, "pivot": [-1.15, 18.18529, -0.78152], "rotation": [5, 0, 0], "uv": [2, 35], "mirror": true}
					]
				},
				{
					"name": "EyelidRight",
					"parent": "right_eye",
					"pivot": [-2.36, 17.98054, -4.04003],
					"cubes": [
						{"origin": [-2.925, 17.04243, -3.5707], "size": [2, 2, 0], "inflate": 0.1, "pivot": [-1, 18.24243, -1.04573], "rotation": [5, 0, 0], "uv": [0, 13], "mirror": true}
					]
				},
				{
					"name": "left_eye",
					"parent": "head",
					"pivot": [2.36, 17.98054, -4.04003],
					"cubes": [
						{"origin": [1, 17.04243, -4.04573], "size": [2, 2, 0], "pivot": [-1, 18.2224, -1.04573], "rotation": [5, 0, 0], "uv": [0, 29]},
						{"origin": [2.55, 17.46531, -3.8165], "size": [0, 0, 0], "inflate": 0.25, "pivot": [1.15, 18.18529, -0.78152], "rotation": [5, 0, 0], "uv": [2, 35]},
						{"origin": [1.1, 17.94243, -4.0557], "size": [1, 1, 0], "pivot": [1, 18.2124, -1.04573], "rotation": [5, 0, 0], "uv": [1, 34]},
						{"origin": [1.3, 18.04243, -4.04573], "size": [2, 1, 0], "pivot": [-1, 18.2324, -1.04573], "rotation": [5, 0, 0], "uv": [0, 32]},
						{"origin": [2.8, 18.34243, -4.04573], "size": [1, 1, 0], "pivot": [-1, 18.2324, -1.04573], "rotation": [5, 0, 0], "uv": [1, 38]}
					]
				},
				{
					"name": "EyelidLeft",
					"parent": "left_eye",
					"pivot": [2.36, 17.98054, -4.04003],
					"cubes": [
						{"origin": [0.925, 17.04243, -3.5707], "size": [2, 2, 0], "inflate": 0.1, "pivot": [1, 18.24243, -1.04573], "rotation": [5, 0, 0], "uv": [0, 13]}
					]
				},
				{
					"name": "mouth",
					"parent": "head",
					"pivot": [0.4, 17.0263, -4.00743],
					"cubes": [
						{"origin": [-0.6, 15.681, -3.93348], "size": [1, 1, 0], "pivot": [-0.1, 16.181, -3.93348], "rotation": [3.54002, -3.53329, 44.89078], "uv": [1, 43]},
						{"origin": [0.3, 15.6263, -4.0557], "size": [1, 2, 0], "pivot": [0.4, 17.0263, -4.00743], "rotation": [0, -5, 90], "uv": [1, 40]}
					]
				},
				{
					"name": "right_flower",
					"parent": "head",
					"pivot": [-4.6, 21.67803, 0.36019],
					"cubes": [
						{"origin": [-4.14848, 15.37762, -5.5161], "size": [0, 13, 13], "pivot": [-3.65095, 21.07803, 0.36019], "rotation": [39.98107, -0.43523, 4.98107], "uv": [102, 4]},
						{"origin": [-4.64848, 15.59076, -6.08752], "size": [0, 13, 13], "pivot": [-3.65095, 21.07803, 0.36019], "rotation": [4.98107, -0.43523, 4.98107], "uv": [102, -10]},
						{"origin": [-5.64848, 19.59076, -1.08752], "size": [2, 3, 3], "pivot": [-3.65095, 21.07803, 0.36019], "rotation": [4.98107, -0.43523, 4.98107], "uv": [36, 16]}
					]
				},
				{
					"name": "left_flower",
					"parent": "head",
					"pivot": [4.6, 21.67803, 0.36019],
					"cubes": [
						{"origin": [4.14848, 15.37762, -5.5161], "size": [0, 13, 13], "pivot": [3.65095, 21.07803, 0.36019], "rotation": [39.98107, 0.43523, -4.98107], "uv": [76, -10], "mirror": true},
						{"origin": [4.64848, 15.59076, -6.08752], "size": [0, 13, 13], "pivot": [3.65095, 21.07803, 0.36019], "rotation": [4.98107, 0.43523, -4.98107], "uv": [76, 4], "mirror": true},
						{"origin": [3.64848, 19.59076, -1.08752], "size": [2, 3, 3], "pivot": [3.65095, 21.07803, 0.36019], "rotation": [4.98107, 0.43523, -4.98107], "uv": [36, 16], "mirror": true}
					]
				},
				{
					"name": "right_arm",
					"parent": "torso",
					"pivot": [-1.5, 14.1, -1],
					"cubes": [
						{"origin": [-3.4, 13.6, -1.5], "size": [2, 1, 1], "inflate": -0.1, "uv": [60, 19]}
					]
				},
				{
					"name": "right_arm2",
					"parent": "right_arm",
					"pivot": [-3.3, 14.1, -0.6],
					"cubes": [
						{"origin": [-6.3, 13.6, -1.5], "size": [3, 1, 1], "uv": [60, 16]}
					]
				},
				{
					"name": "right_arm3",
					"parent": "right_arm2",
					"pivot": [-6.26667, 14.13333, -0.60833],
					"cubes": [
						{"origin": [-7.2, 13.6, -1.5], "size": [1, 1, 1], "inflate": -0.1, "uv": [63, 25]}
					]
				},
				{
					"name": "right_hand",
					"parent": "right_arm3",
					"pivot": [-7.15, 14.1, -0.6],
					"cubes": [
						{"origin": [-9.1, 13.6, -1.5], "size": [2, 1, 1], "uv": [60, 22]}
					]
				},
				{
					"name": "right_thumb",
					"parent": "right_hand",
					"pivot": [-7.1, 14.5, -1.5],
					"cubes": [
						{"origin": [-8.1, 14.5, -2.5], "size": [1, 0, 1], "uv": [59, 25]}
					]
				},
				{
					"name": "left_arm",
					"parent": "torso",
					"pivot": [1.5, 14.1, -1],
					"cubes": [
						{"origin": [1.4, 13.6, -1.5], "size": [2, 1, 1], "inflate": -0.1, "uv": [68, 3], "mirror": true}
					]
				},
				{
					"name": "left_arm2",
					"parent": "left_arm",
					"pivot": [3.3, 14.1, -0.75],
					"cubes": [
						{"origin": [3.3, 13.6, -1.5], "size": [3, 1, 1], "uv": [68, 0], "mirror": true}
					]
				},
				{
					"name": "left_arm3",
					"parent": "left_arm2",
					"pivot": [6.26667, 14.13333, -0.58333],
					"cubes": [
						{"origin": [6.2, 13.6, -1.5], "size": [1, 1, 1], "inflate": -0.1, "uv": [71, 9], "mirror": true}
					]
				},
				{
					"name": "left_hand",
					"parent": "left_arm3",
					"pivot": [7.15, 14.1, -0.6],
					"cubes": [
						{"origin": [7.1, 13.6, -1.5], "size": [2, 1, 1], "uv": [68, 6], "mirror": true}
					]
				},
				{
					"name": "left_thumb",
					"parent": "left_hand",
					"pivot": [7.1, 14.5, -1.5],
					"cubes": [
						{"origin": [7.1, 14.5, -2.5], "size": [1, 0, 1], "uv": [67, 9], "mirror": true}
					]
				},
				{
					"name": "left_ruban",
					"parent": "torso",
					"pivot": [1, 11.8, -0.3],
					"cubes": [
						{"origin": [1, 10.8, -0.3], "size": [4, 3, 0], "uv": [46, 36]}
					]
				},
				{
					"name": "right_ruban",
					"parent": "torso",
					"pivot": [-1, 11.8, -0.3],
					"cubes": [
						{"origin": [-5, 10.8, -0.3], "size": [4, 3, 0], "uv": [46, 36], "mirror": true}
					]
				},
				{
					"name": "right_leg",
					"parent": "body",
					"pivot": [-0.9, 8.7, -1.1],
					"cubes": [
						{"origin": [-1.4, 5.7, -1.6], "size": [1, 3, 1], "uv": [58, 4]}
					]
				},
				{
					"name": "right_leg2",
					"parent": "right_leg",
					"pivot": [-0.9, 5.7, -1.1],
					"cubes": [
						{"origin": [-1.4, 1.7, -1.6], "size": [1, 4, 1], "uv": [58, 8]}
					]
				},
				{
					"name": "right_feet",
					"parent": "right_leg2",
					"pivot": [-0.9, 2.2, -1.1],
					"cubes": [
						{"origin": [-1.4, 0.1, -1.6], "size": [1, 2, 1], "inflate": 0.1, "uv": [58, 0]}
					]
				},
				{
					"name": "left_leg",
					"parent": "body",
					"pivot": [0.9, 8.7, -1.1],
					"cubes": [
						{"origin": [0.4, 5.7, -1.6], "size": [1, 3, 1], "uv": [63, 4], "mirror": true}
					]
				},
				{
					"name": "left_leg2",
					"parent": "left_leg",
					"pivot": [0.9, 5.7, -1.1],
					"cubes": [
						{"origin": [0.4, 1.7, -1.6], "size": [1, 4, 1], "uv": [63, 8], "mirror": true}
					]
				},
				{
					"name": "left_feet",
					"parent": "left_leg2",
					"pivot": [0.9, 2.2, -1.1],
					"cubes": [
						{"origin": [0.4, 0.1, -1.6], "size": [1, 2, 1], "inflate": 0.1, "uv": [63, 0], "mirror": true}
					]
				}
			]
		}
	]
}