{
  "name": "gardevoir_ow",
  "nationalPokedexNumber": 10034,
  "primaryType": "fairy",
  "secondaryType": "flying",
  "abilities": [
    "synchronize",
    "trace",
    "h:telepathy"
  ],
  "drops": {
    "amount": 6,
    "entries": [
      {
        "item": "minecraft:ender_pearl",
        "quantityRange": "0-3"
      },
      {
        "item": "cobblemon:dawn_stone",
        "percentage": 10.0
      },
      {
        "item": "cobblemon:twisted_spoon",
        "percentage": 10.0
      },
      {
        "item": "cobblemon:kasib_berry",
        "percentage": 10.0
      }
    ]
  },
  "baseStats": {
    "hp": 70,
    "attack": 75,
    "defence": 105,
    "special_attack": 130,
    "special_defence": 155,
    "speed": 95
  },
  "catchRate": 45,
  "maleRatio": 0,
  "shoulderMountable": false,
  "baseExperienceYield": 259,
  "experienceGroup": "slow",
  "eggCycles": 20,
  "eggGroups": [
    "undiscovered"
  ],
  "moves": [
    "1:revivalblessing",
    "1:confusion",
    "1:disarmingvoice",
    "1:doubleteam",
    "1:growl",
    "1:healingwish",
    "1:healpulse",
    "1:mistyterrain",
    "1:mysticalfire",
    "1:storedpower",
    "1:hypnosis",
    "1:drainingkiss",
    "1:teleport",
    "1:magicalleaf",
    "1:psybeam",
    "1:lifedew",
    "1:wish",
    "1:calmmind",
    "1:imprison",
    "1:psychic",
    "1:captivate",
    "1:moonblast",
    "1:dreameater",
    "1:futuresight",
    "tm:allyswitch",
    "tm:attract",
    "tm:aurasphere",
    "tm:bodyslam",
    "tm:calmmind",
    "tm:captivate",
    "tm:chargebeam",
    "tm:charm",
    "tm:confide",
    "tm:confuseray",
    "tm:dazzlinggleam",
    "tm:disarmingvoice",
    "tm:doubleteam",
    "tm:drainingkiss",
    "tm:dreameater",
    "tm:echoedvoice",
    "tm:encore",
    "tm:endure",
    "tm:energyball",
    "tm:facade",
    "tm:firepunch",
    "tm:flash",
    "tm:fling",
    "tm:focusblast",
    "tm:frustration",
    "tm:futuresight",
    "tm:gigaimpact",
    "tm:grassknot",
    "tm:guardswap",
    "tm:helpinghand",
    "tm:hiddenpower",
    "tm:hyperbeam",
    "tm:hypervoice",
    "tm:icepunch",
    "tm:icywind",
    "tm:imprison",
    "tm:lightscreen",
    "tm:magicalleaf",
    "tm:magicroom",
    "tm:megakick",
    "tm:megapunch",
    "tm:metronome",
    "tm:mistyterrain",
    "tm:mysticalfire",
    "tm:naturalgift",
    "tm:nightshade",
    "tm:powerswap",
    "tm:protect",
    "tm:psybeam",
    "tm:psychic",
    "tm:psychicterrain",
    "tm:psychup",
    "tm:psyshock",
    "tm:raindance",
    "tm:recycle",
    "tm:reflect",
    "tm:rest",
    "tm:return",
    "tm:round",
    "tm:safeguard",
    "tm:secretpower",
    "tm:shadowball",
    "tm:shockwave",
    "tm:skillswap",
    "tm:sleeptalk",
    "tm:snatch",
    "tm:snore",
    "tm:storedpower",
    "tm:substitute",
    "tm:sunnyday",
    "tm:swagger",
    "tm:swift",
    "tm:taunt",
    "tm:telekinesis",
    "tm:terablast",
    "tm:thief",
    "tm:thunderbolt",
    "tm:thunderpunch",
    "tm:thunderwave",
    "tm:torment",
    "tm:toxic",
    "tm:trick",
    "tm:trickroom",
    "tm:willowisp",
    "tm:wonderroom",
    "tm:zenheadbutt",
    "tutor:allyswitch",
    "tutor:bodyslam",
    "tutor:calmmind",
    "tutor:dazzlinggleam",
    "tutor:defensecurl",
    "tutor:doubleedge",
    "tutor:dreameater",
    "tutor:endure",
    "tutor:expandingforce",
    "tutor:firepunch",
    "tutor:focusblast",
    "tutor:headbutt",
    "tutor:healbell",
    "tutor:helpinghand",
    "tutor:hypervoice",
    "tutor:hypnosis",
    "tutor:icepunch",
    "tutor:icywind",
    "tutor:laserfocus",
    "tutor:magiccoat",
    "tutor:magicroom",
    "tutor:mimic",
    "tutor:mistyexplosion",
    "tutor:moonblast",
    "tutor:mudslap",
    "tutor:nightmare",
    "tutor:painsplit",
    "tutor:psychic",
    "tutor:psychup",
    "tutor:recycle",
    "tutor:shockwave",
    "tutor:signalbeam",
    "tutor:skillswap",
    "tutor:sleeptalk",
    "tutor:snatch",
    "tutor:snore",
    "tutor:storedpower",
    "tutor:substitute",
    "tutor:swagger",
    "tutor:swift",
    "tutor:telekinesis",
    "tutor:thunderbolt",
    "tutor:thunderpunch",
    "tutor:thunderwave",
    "tutor:trick",
    "tutor:tripleaxel",
    "tutor:wonderroom",
    "tutor:zenheadbutt"
  ],
  "labels": [
    "gen3"
  ],
  "pokedex": [
    "cobblemon.species.gardevoir.desc"
  ],
"preEvolution": "gardevoir",
  "evolutions": [],
  "baseScale": 0.9,
  "hitbox": {
    "width": 0.6,
    "height": 1.9,
    "fixed": false
  },
  "baseFriendship": 35,
  "evYield": {
    "hp": 0,
    "attack": 0,
    "defence": 0,
    "special_attack": 3,
    "special_defence": 0,
    "speed": 0
  },
  "height": 16,
  "weight": 484,
  "aspects": [],
  "cannotDynamax": false
}