{
  "name": "pikachu_ow",
  "nationalPokedexNumber": 25,
  "primaryType": "electric",
  "abilities": [
    "static",
    "h:lightningrod"
  ],
  "drops": {
    "amount": 2,
    "entries": [
      {
        "item": "cobblemon:thunder_stone",
        "percentage": 5.0
      },
      {
        "item": "cobblemon:oran_berry",
        "percentage": 5.0
      }
    ]
  },
  "baseStats": {
    "hp": 55,
    "attack": 55,
    "defence": 40,
    "special_attack": 100,
    "special_defence": 50,
    "speed": 200
  },
  "behaviour": {
    "moving": {
      "walk": {
        "walkSpeed": 25.42
      }
    },
    "resting": {
      "canSleep": true,
      "willSleepOnBed": true,
      "depth": "normal",
      "light": "0-4"
    }
  },
  "catchRate": 190,
  "maleRatio": 0.5,
  "moves": [
    "1:charm",
    "1:growl",
    "1:magnetbomb",
    "1:nuzzle",
    "1:playnice",
    "1:quickattack",
    "1:barrage",
    "1:furyattack",
    "1:thundershock",
    "1:thunderwave",
    "1:doubleteam",
    "1:electroball",
    "1:feint",
    "1:foresight",
    "1:agility",
    "1:irontail",
    "1:slam",
    "1:discharge",
    "1:thunderbolt",
    "1:detect",
    "1:thunder",
    "1:wildcharge",
    "tm:agility",
    "tm:attract",
    "tm:bodyslam",
    "tm:brickbreak",
    "tm:captivate",
    "tm:chargebeam",
    "tm:charm",
    "tm:confide",
    "tm:dig",
    "tm:disarmingvoice",
    "tm:doubleteam",
    "tm:drainingkiss",
    "tm:echoedvoice",
    "tm:eerieimpulse",
    "tm:electricterrain",
    "tm:electroball",
    "tm:electroweb",
    "tm:encore",
    "tm:endure",
    "tm:facade",
    "tm:faketears",
    "tm:flash",
    "tm:fling",
    "tm:focuspunch",
    "tm:frustration",
    "tm:grassknot",
    "tm:helpinghand",
    "tm:hiddenpower",
    "tm:irontail",
    "tm:lightscreen",
    "tm:megakick",
    "tm:megapunch",
    "tm:nastyplot",
    "tm:naturalgift",
    "tm:payday",
    "tm:playrough",
    "tm:protect",
    "tm:raindance",
    "tm:reflect",
    "tm:rest",
    "tm:return",
    "tm:reversal",
    "tm:rocksmash",
    "tm:round",
    "tm:secretpower",
    "tm:shockwave",
    "tm:sleeptalk",
    "tm:snore",
    "tm:strength",
    "tm:substitute",
    "tm:surf",
    "tm:swagger",
    "tm:swift",
    "tm:takedown",
    "tm:terablast",
    "tm:thief",
    "tm:thunder",
    "tm:thunderbolt",
    "tm:thunderpunch",
    "tm:thunderwave",
    "tm:toxic",
    "tm:trailblaze",
    "tm:uproar",
    "tm:voltswitch",
    "tm:wildcharge",
    "tutor:agility",
    "tutor:attract",
    "tutor:bestow",
    "tutor:bide",
    "tutor:bodyslam",
    "tutor:brickbreak",
    "tutor:calmmind",
    "tutor:celebrate",
    "tutor:charm",
    "tutor:counter",
    "tutor:covet",
    "tutor:curse",
    "tutor:defensecurl",
    "tutor:detect",
    "tutor:dig",
    "tutor:discharge",
    "tutor:doubleedge",
    "tutor:doublekick",
    "tutor:doubleteam",
    "tutor:dynamicpunch",
    "tutor:electroball",
    "tutor:electroweb",
    "tutor:encore",
    "tutor:endeavor",
    "tutor:endure",
    "tutor:extremespeed",
    "tutor:facade",
    "tutor:fakeout",
    "tutor:feint",
    "tutor:flash",
    "tutor:fly",
    "tutor:focuspunch",
    "tutor:frustration",
    "tutor:grassknot",
    "tutor:growl",
    "tutor:happyhour",
    "tutor:headbutt",
    "tutor:heartstamp",
    "tutor:helpinghand",
    "tutor:hiddenpower",
    "tutor:holdhands",
    "tutor:irontail",
    "tutor:knockoff",
    "tutor:laserfocus",
    "tutor:lastresort",
    "tutor:lightscreen",
    "tutor:magnetrise",
    "tutor:megakick",
    "tutor:megapunch",
    "tutor:mimic",
    "tutor:mudslap",
    "tutor:nuzzle",
    "tutor:payday",
    "tutor:playnice",
    "tutor:present",
    "tutor:protect",
    "tutor:quickattack",
    "tutor:rage",
    "tutor:raindance",
    "tutor:reflect",
    "tutor:refresh",
    "tutor:rest",
    "tutor:return",
    "tutor:risingvoltage",
    "tutor:rollout",
    "tutor:seismictoss",
    "tutor:shockwave",
    "tutor:signalbeam",
    "tutor:sing",
    "tutor:skullbash",
    "tutor:slam",
    "tutor:sleeptalk",
    "tutor:snore",
    "tutor:strength",
    "tutor:submission",
    "tutor:substitute",
    "tutor:surf",
    "tutor:swagger",
    "tutor:sweetkiss",
    "tutor:sweetscent",
    "tutor:swift",
    "tutor:tailwhip",
    "tutor:takedown",
    "tutor:teeterdance",
    "tutor:thunder",
    "tutor:thunderbolt",
    "tutor:thunderpunch",
    "tutor:thundershock",
    "tutor:thunderwave",
    "tutor:toxic",
    "tutor:voltswitch",
    "tutor:volttackle",
    "tutor:wish",
    "tutor:yawn",
    "tutor:zapcannon"
  ],
  "labels": [
    "gen1",
    "kanto_regional"
  ],
  "pokedex": [
    "cobblemon.species.pikachu.desc"
  ],
"preEvolution": "pikachu",
  "evolutions": [
  ],
  "baseScale": 0.5,
  "hitbox": {
    "width": 0.7,
    "height": 1.3,
    "fixed": false
  },
  "baseFriendship": 50,
  "evYield": {
    "hp": 0,
    "attack": 0,
    "defence": 0,
    "special_attack": 0,
    "special_defence": 0,
    "speed": 2
  },
  "height": 4,
  "weight": 60,
  "aspects": [],
  "cannotDynamax": false
}