{
  "name": "watchog_ow",
  "nationalPokedexNumber": 505,
  "primaryType": "normal",
  "secondaryType": "steel",
  "abilities": [
    "illuminate",
    "keeneye",
    "h:analytic"
  ],
  "drops": {
    "amount": 1,
    "entries": [
      {
        "item": "minecraft:iron_ingot",
        "percentage": 20.0
      }
    ]
  },
  "baseStats": {
    "hp": 70,
    "attack": 105,
    "defence": 70,
    "special_attack": 135,
    "special_defence": 75,
    "speed": 120
  },
  "catchRate": 255,
  "maleRatio": 0.5,
  "shoulderMountable": false,
  "baseExperienceYield": 147,
  "experienceGroup": "medium_fast",
  "eggCycles": 20,
  "eggGroups": [
    "undiscovered"
  ],
  "behaviour": {
    "resting": {
      "canSleep": true,
      "willSleepOnBed": false,
      "depth": "normal",
      "light": "0-4"
    }
  },
  "moves": [
    "1:bite",
    "1:confuseray",
    "1:leer",
    "1:lowkick",
    "1:rototiller",
    "1:tackle",
    "1:healpulse",
    "1:pinmissle",
    "1:zapcannon",
    "1:bide",
    "1:detect",
    "1:zapcannon",
    "1:gyroball",
    "1:anchorshot",
    "1:hypnosis",
    "1:superfang",
    "1:extremespeed",
    "1:focusenergy",
    "1:psychup",
    "1:hyperfang",
    "1:flashcannon",
    "1:irondefense",
    "1:mirrorshot",
    "1:slam",
    "tm:attract",
    "tm:confide",
    "tm:cut",
    "tm:dig",
    "tm:doubleteam",
    "tm:dreameater",
    "tm:facade",
    "tm:flamethrower",
    "tm:flash",
    "tm:fling",
    "tm:focusblast",
    "tm:frustration",
    "tm:gigaimpact",
    "tm:grassknot",
    "tm:hiddenpower",
    "tm:hyperbeam",
    "tm:lightscreen",
    "tm:poweruppunch",
    "tm:protect",
    "tm:psychup",
    "tm:raindance",
    "tm:rest",
    "tm:retaliate",
    "tm:return",
    "tm:rocksmash",
    "tm:round",
    "tm:secretpower",
    "tm:shadowball",
    "tm:sleeptalk",
    "tm:strength",
    "tm:substitute",
    "tm:sunnyday",
    "tm:swagger",
    "tm:swordsdance",
    "tm:thunder",
    "tm:thunderbolt",
    "tm:thunderwave",
    "tm:toxic",
    "tm:workup",
    "tutor:afteryou",
    "tutor:aquatail",
    "tutor:covet",
    "tutor:endeavor",
    "tutor:firepunch",
    "tutor:focuspunch",
    "tutor:gunkshot",
    "tutor:helpinghand",
    "tutor:icepunch",
    "tutor:irontail",
    "tutor:knockoff",
    "tutor:laserfocus",
    "tutor:lastresort",
    "tutor:lowkick",
    "tutor:seedbomb",
    "tutor:shockwave",
    "tutor:signalbeam",
    "tutor:sleeptalk",
    "tutor:snore",
    "tutor:stompingtantrum",
    "tutor:superfang",
    "tutor:thunderpunch",
    "tutor:zenheadbutt"
  ],
  "labels": [
    "gen5"
  ],
  "pokedex": [
    "cobblemon.species.watchog.desc"
  ],
"preEvolution": "watchog",
  "evolutions": [],
  "baseScale": 0.5,
  "hitbox": {
    "width": 0.8,
    "height": 2.55,
    "fixed": false
  },
  "baseFriendship": 70,
  "evYield": {
    "hp": 0,
    "attack": 2,
    "defence": 0,
    "special_attack": 0,
    "special_defence": 0,
    "speed": 0
  },
  "height": 11,
  "weight": 270,
  "aspects": [],
  "cannotDynamax": false
}