{
	"format_version": "1.12.0",
	"minecraft:geometry": [
		{
			"description": {
				"identifier": "geometry.charcadet",
				"texture_width": 64,
				"texture_height": 64,
				"visible_bounds_width": 3,
				"visible_bounds_height": 3.5,
				"visible_bounds_offset": [0, 1.25, 0]
			},
			"bones": [
				{
					"name": "charcadet",
					"pivot": [0, 0, 0]
				},
				{
					"name": "body",
					"parent": "charcadet",
					"pivot": [0, 9, 0]
				},
				{
					"name": "torso",
					"parent": "body",
					"pivot": [0, 7.5, -0.45],
					"cubes": [
						{"origin": [-1.5, 6.5, -1.5], "size": [3, 2, 2], "inflate": 0.01, "uv": [41, 4]},
						{"origin": [-0.5, 7, -1.51], "size": [1, 1, 0], "inflate": 0.01, "uv": [31, 6]}
					]
				},
				{
					"name": "torso_flame_left",
					"parent": "torso",
					"pivot": [1.5, 8.5, 0.5],
					"rotation": [-5, 27.5, 0],
					"cubes": [
						{"origin": [0.5, 8.5, -0.25], "size": [0, 3, 3], "uv": [40, 5]}
					]
				},
				{
					"name": "torso_flame_right",
					"parent": "torso",
					"pivot": [-1.5, 8.5, 0.5],
					"rotation": [-5, -27.5, 0],
					"cubes": [
						{"origin": [-0.5, 8.5, -0.25], "size": [0, 3, 3], "uv": [46, 5], "mirror": true}
					]
				},
				{
					"name": "waist",
					"parent": "torso",
					"pivot": [0, 8.5, 0.5],
					"cubes": [
						{"origin": [-1.5, 8.5, -1.5], "size": [3, 1, 2], "uv": [52, 0]}
					]
				},
				{
					"name": "chest",
					"parent": "waist",
					"pivot": [0, 9.5, -1.5],
					"rotation": [-10, 0, 0],
					"cubes": [
						{"origin": [-1.5, 9.5, -1.5], "size": [3, 2, 2], "inflate": 0.01, "uv": [42, 0]}
					]
				},
				{
					"name": "chest_flame_left",
					"parent": "chest",
					"pivot": [1.5, 10.3, 0],
					"rotation": [17.5, 22.5, 12.5],
					"cubes": [
						{"origin": [1.5, 6.3, -0.75], "size": [0, 2, 3], "pivot": [1.5, 7.3, -0.25], "rotation": [5, 0, 0], "uv": [49, 1]}
					]
				},
				{
					"name": "chest_flame_right",
					"parent": "chest",
					"pivot": [-1.5, 10.3, 0],
					"rotation": [17.5, -22.5, -12.5],
					"cubes": [
						{"origin": [-1.5, 6.3, -0.75], "size": [0, 2, 3], "pivot": [-1.5, 7.3, -0.25], "rotation": [5, 0, 0], "uv": [55, 0], "mirror": true}
					]
				},
				{
					"name": "arms",
					"parent": "chest",
					"pivot": [0, 10.9, -0.25],
					"rotation": [10, 0, 0]
				},
				{
					"name": "arm_left",
					"parent": "arms",
					"pivot": [1.5, 11.15, -0.25],
					"cubes": [
						{"origin": [1, 10.15, -0.75], "size": [3, 1, 1], "uv": [40, 19]}
					]
				},
				{
					"name": "arm_left2",
					"parent": "arm_left",
					"pivot": [4, 10.65, 0.25],
					"cubes": [
						{"origin": [4, 9.65, -1.25], "size": [2, 2, 2], "inflate": 0.01, "uv": [29, 20]}
					]
				},
				{
					"name": "hand_left",
					"parent": "arm_left2",
					"pivot": [6, 11.65, -0.25],
					"cubes": [
						{"origin": [6, 9.65, -1.25], "size": [1, 2, 2], "uv": [35, 22]}
					]
				},
				{
					"name": "fingers_left",
					"parent": "arm_left2",
					"pivot": [5.2, 9.9, -1.25],
					"cubes": [
						{"origin": [5.2, 9.4, -1.75], "size": [1, 1, 1], "uv": [45, 21]}
					]
				},
				{
					"name": "arm_right",
					"parent": "arms",
					"pivot": [-1.5, 11.15, -0.25],
					"cubes": [
						{"origin": [-4, 10.15, -0.75], "size": [3, 1, 1], "uv": [48, 19], "mirror": true}
					]
				},
				{
					"name": "arm_right2",
					"parent": "arm_right",
					"pivot": [-4, 10.65, 0.25],
					"cubes": [
						{"origin": [-6, 9.65, -1.25], "size": [2, 2, 2], "inflate": 0.01, "uv": [29, 24], "mirror": true}
					]
				},
				{
					"name": "hand_right",
					"parent": "arm_right2",
					"pivot": [-6, 11.65, -0.25],
					"cubes": [
						{"origin": [-7, 9.65, -1.25], "size": [1, 2, 2], "uv": [36, 26], "mirror": true}
					]
				},
				{
					"name": "fingers_right",
					"parent": "arm_right2",
					"pivot": [-5.2, 9.9, -1.25],
					"cubes": [
						{"origin": [-6.2, 9.4, -1.75], "size": [1, 1, 1], "uv": [49, 21], "mirror": true}
					]
				},
				{
					"name": "neck",
					"parent": "chest",
					"pivot": [0, 11, -0.25],
					"rotation": [10, 0, 0],
					"cubes": [
						{"origin": [-0.5, 11, -0.75], "size": [1, 2, 1], "uv": [30, 7]}
					]
				},
				{
					"name": "head",
					"parent": "neck",
					"pivot": [0, 17.5, -0.25],
					"rotation": [5, 0, 0],
					"cubes": [
						{"origin": [-5, 12.51903, -5.43578], "size": [10, 10, 10], "uv": [0, 0]}
					]
				},
				{
					"name": "chest_flame",
					"parent": "head",
					"pivot": [0, 10.75, -1.5],
					"rotation": [10, 0, 0],
					"cubes": [
						{"origin": [-1, 13.75, -6.25], "size": [2, 2, 2], "inflate": 0.01, "pivot": [0, 14.75, -5.25], "rotation": [-14.69108, 43.55182, -10.28573], "uv": [56, 13]}
					]
				},
				{
					"name": "eyes",
					"parent": "head",
					"pivot": [1, 12.26903, -2.43578]
				},
				{
					"name": "eye_left",
					"parent": "eyes",
					"pivot": [3.51, 15.76903, -4.94578],
					"cubes": [
						{"origin": [2.01, 14.26903, -5.44578], "size": [3, 3, 1], "uv": [0, 0]}
					]
				},
				{
					"name": "eye_angry_left",
					"parent": "eye_left",
					"pivot": [3.41, 17.26903, -4.86578],
					"cubes": [
						{"origin": [1.91, 15.76903, -5.36578], "size": [2, 2, 0], "inflate": 0.01, "uv": [60, 34]},
						{"origin": [3.91, 16.51903, -5.36578], "size": [1, 1, 1], "inflate": 0.01, "uv": [60, 30]}
					]
				},
				{
					"name": "eye_sad_left",
					"parent": "eye_left",
					"pivot": [3.41, 17.01903, -4.86578],
					"cubes": [
						{"origin": [3.91, 16.26903, -5.36578], "size": [1, 1, 1], "inflate": 0.01, "uv": [60, 38]}
					]
				},
				{
					"name": "eye_unamused_left",
					"parent": "eye_left",
					"pivot": [3.41, 17.26903, -4.86578],
					"cubes": [
						{"origin": [1.91, 15.76903, -5.36578], "size": [3, 2, 1], "inflate": 0.01, "uv": [36, 38]}
					]
				},
				{
					"name": "pupil_left",
					"parent": "eye_left",
					"pivot": [3.76, 15.76903, -4.94578],
					"cubes": [
						{"origin": [2.26, 14.26903, -5.45578], "size": [2, 3, 0], "uv": [0, 20]}
					]
				},
				{
					"name": "pupil_left2",
					"parent": "pupil_left",
					"pivot": [4.01, 16.26903, -4.94578],
					"cubes": [
						{"origin": [2.51, 14.76903, -5.46578], "size": [1, 2, 0], "uv": [4, 20]}
					]
				},
				{
					"name": "eyelid_left",
					"parent": "eye_left",
					"pivot": [3.41, 15.76903, -4.86578],
					"cubes": [
						{"origin": [1.91, 14.26903, -5.36578], "size": [3, 3, 1], "inflate": 0.01, "uv": [36, 30]}
					]
				},
				{
					"name": "eyelid_happy_left",
					"parent": "eye_left",
					"pivot": [3.41, 15.76903, -4.86578],
					"cubes": [
						{"origin": [1.91, 14.26903, -5.36578], "size": [3, 3, 1], "inflate": 0.01, "uv": [36, 34]}
					]
				},
				{
					"name": "eyelid_recoil_left",
					"parent": "eye_left",
					"pivot": [3.41, 15.76903, -4.86578],
					"cubes": [
						{"origin": [1.91, 14.26903, -5.36578], "size": [3, 3, 1], "inflate": 0.01, "uv": [52, 30]}
					]
				},
				{
					"name": "eye_right",
					"parent": "eyes",
					"pivot": [-3.51, 15.76903, -4.94578],
					"cubes": [
						{"origin": [-5.01, 14.26903, -5.44578], "size": [3, 3, 1], "uv": [0, 4], "mirror": true}
					]
				},
				{
					"name": "eye_angry_right",
					"parent": "eye_right",
					"pivot": [-3.41, 17.26903, -4.86578],
					"cubes": [
						{"origin": [-3.91, 15.76903, -5.36578], "size": [2, 2, 0], "inflate": 0.01, "uv": [60, 36], "mirror": true},
						{"origin": [-4.91, 16.51903, -5.36578], "size": [1, 1, 1], "inflate": 0.01, "uv": [60, 32], "mirror": true}
					]
				},
				{
					"name": "eye_sad_right",
					"parent": "eye_right",
					"pivot": [-3.41, 17.01903, -4.86578],
					"cubes": [
						{"origin": [-4.91, 16.26903, -5.36578], "size": [1, 1, 1], "inflate": 0.01, "uv": [60, 40], "mirror": true}
					]
				},
				{
					"name": "eye_unamused_right",
					"parent": "eye_right",
					"pivot": [-3.41, 17.26903, -4.86578],
					"cubes": [
						{"origin": [-4.91, 15.76903, -5.36578], "size": [3, 2, 1], "inflate": 0.01, "uv": [44, 38], "mirror": true}
					]
				},
				{
					"name": "pupil_right",
					"parent": "eye_right",
					"pivot": [-3.76, 15.76903, -4.94578],
					"cubes": [
						{"origin": [-4.26, 14.26903, -5.45578], "size": [2, 3, 0], "uv": [0, 23], "mirror": true}
					]
				},
				{
					"name": "pupil_right2",
					"parent": "pupil_right",
					"pivot": [-4.01, 16.26903, -4.94578],
					"cubes": [
						{"origin": [-3.51, 14.76903, -5.46578], "size": [1, 2, 0], "uv": [4, 22], "mirror": true}
					]
				},
				{
					"name": "eyelid_right",
					"parent": "eye_right",
					"pivot": [-3.41, 15.76903, -4.86578],
					"cubes": [
						{"origin": [-4.91, 14.26903, -5.36578], "size": [3, 3, 1], "inflate": 0.01, "uv": [44, 30], "mirror": true}
					]
				},
				{
					"name": "eyelid_happy_right",
					"parent": "eye_right",
					"pivot": [-3.41, 15.76903, -4.86578],
					"cubes": [
						{"origin": [-4.91, 14.26903, -5.36578], "size": [3, 3, 1], "inflate": 0.01, "uv": [44, 34], "mirror": true}
					]
				},
				{
					"name": "eyelid_recoil_right",
					"parent": "eye_right",
					"pivot": [-3.41, 15.76903, -4.86578],
					"cubes": [
						{"origin": [-4.91, 14.26903, -5.36578], "size": [3, 3, 1], "inflate": 0.01, "uv": [52, 34], "mirror": true}
					]
				},
				{
					"name": "helmet",
					"parent": "head",
					"pivot": [0, 16.01903, 0.81422],
					"rotation": [10, 0, 0],
					"cubes": [
						{"origin": [-5.5, 16.01903, -6.18578], "size": [11, 8, 7], "inflate": 0.005, "uv": [0, 21]},
						{"origin": [-5.5, 18.01903, -6.18578], "size": [11, 0, 7], "uv": [35, 23]},
						{"origin": [-1, 18.01903, -6.19578], "size": [2, 2, 0], "inflate": 0.005, "uv": [3, 26]}
					]
				},
				{
					"name": "head_flame",
					"parent": "head",
					"pivot": [0, 22.26475, -7.87052],
					"rotation": [35, 0, 0],
					"cubes": [
						{"origin": [0, 21.26475, -10.37052], "size": [0, 1, 6], "uv": [30, -4]},
						{"origin": [-2, 22.06475, -10.37052], "size": [4, 3, 6], "pivot": [0, 23.56475, -7.37052], "rotation": [-92.5, 0, 0], "uv": [0, 36]}
					]
				},
				{
					"name": "head_flame2",
					"parent": "head_flame",
					"pivot": [0, 25.06475, -6.37052],
					"cubes": [
						{"origin": [0, 21.06475, -9.37052], "size": [0, 1, 6], "uv": [30, -2]},
						{"origin": [-1, 25.76475, -8.57052], "size": [2, 2, 4], "pivot": [0, 26.76475, -6.57052], "rotation": [15, 0, 0], "uv": [14, 36]}
					]
				},
				{
					"name": "head_flame3",
					"parent": "head_flame2",
					"pivot": [0, 27.56475, -5.37052],
					"cubes": [
						{"origin": [0, 27.56475, -7.37052], "size": [0, 2, 4], "uv": [33, 2]}
					]
				},
				{
					"name": "legs",
					"parent": "body",
					"pivot": [0, 6.4, -0.6]
				},
				{
					"name": "leg_left",
					"parent": "legs",
					"pivot": [1, 6.5, -0.5],
					"cubes": [
						{"origin": [0.5, 4.5, -1], "size": [1, 3, 1], "inflate": 0.15, "uv": [42, 11]}
					]
				},
				{
					"name": "leg_left2",
					"parent": "leg_left",
					"pivot": [1, 4.5, -1],
					"cubes": [
						{"origin": [0, 1.5, -1.35], "size": [2, 3, 2], "inflate": 0.01, "uv": [53, 5]}
					]
				},
				{
					"name": "foot_left",
					"parent": "leg_left2",
					"pivot": [1, 2, -0.35],
					"cubes": [
						{"origin": [0, 0, -1.35], "size": [2, 2, 2], "inflate": 0.1, "uv": [40, 15]}
					]
				},
				{
					"name": "leg_right",
					"parent": "legs",
					"pivot": [-1, 6.5, -0.5],
					"cubes": [
						{"origin": [-1.5, 4.5, -1], "size": [1, 3, 1], "inflate": 0.15, "uv": [46, 11], "mirror": true}
					]
				},
				{
					"name": "leg_right2",
					"parent": "leg_right",
					"pivot": [-1, 4.5, -1],
					"cubes": [
						{"origin": [-2, 1.5, -1.35], "size": [2, 3, 2], "inflate": 0.01, "uv": [50, 10], "mirror": true}
					]
				},
				{
					"name": "foot_right",
					"parent": "leg_right2",
					"pivot": [-1, 2, -0.35],
					"cubes": [
						{"origin": [-2, 0, -1.35], "size": [2, 2, 2], "inflate": 0.1, "uv": [48, 15], "mirror": true}
					]
				}
			]
		}
	]
}