{
  "portraitScale": 2.0,
  "portraitTranslation": [ -0.65, -0.5, 0.0 ],
  "profileScale": 0.9,
  "profileTranslation": [ 0.0, 0.35, 0.0 ],
  "rootBone": "cherrim",
  "animations": {
    "cry": "q.bedrock_stateful('cherrim_jetian', 'cry')"
  },
  "poses": {
    "standing": {
      "poseTypes": [
        "STAND",
        "NONE",
        "PORTRAIT",
        "PROFILE"
      ],
      "animations": [ "q.bedrock('cherrim_jetian', 'ground_idle')" ],
      "quirks": [
        "q.bedrock_quirk('cherrim_jetian', 'blink')"
      ]
    },
    "walk": {
      "poseTypes": [
        "STAND"
      ],
      "animations": [ "q.bedrock('cherrim_jetian', 'ground_walk')" ],
      "quirks": [
        "q.bedrock_quirk('cherrim_jetian', 'blink')"
      ]
    },
    "sleep": {
      "poseTypes": [
        "SLEEP"
      ],
      "animations": [ "q.bedrock('cherrim_jetian', 'sleep')" ],
      "quirks": [
        "q.bedrock_quirk('cherrim_jetian', 'blink')"
      ]
    }
  }
}