{
  "portraitScale": 1.4,
  "portraitTranslation": [ -0.2, 1.8, 0.0 ],
  "profileScale": 0.5,
  "profileTranslation": [ 0.0, 1.0, 0.0 ],
  "rootBone": "lickilicky",
  "animations": {},
  "poses": {
    "standing": {
      "poseName": "standing",
      "isBattle": false,
      "poseTypes": [
        "STAND",
        "NONE",
        "PORTRAIT",
        "PROFILE"
      ],
      "animations": [ "q.look('head')", "q.bedrock('lickilicky', 'ground_idle')" ],
      "quirks": [
        "q.bedrock_quirk('lickilicky', 'blink')"
      ]
    },
    "walk": {
      "poseName": "walk",
      "poseTypes": [
        "WALK"
      ],
      "animations": [ "q.look('head')", "q.bedrock('lickilicky', 'ground_walk')" ],
      "quirks": [
        "q.bedrock_quirk('lickilicky', 'blink')"
      ]
    },
    "battle": {
      "poseName": "battle",
      "isBattle": true,
      "poseTypes": [
        "STAND"
      ],
      "animations": [ "q.look('head')", "q.bedrock('lickilicky', 'battle_idle')" ],
      "quirks": [
        "q.bedrock_quirk('lickilicky', 'blink')"
      ]
    },
    "sleep": {
      "poseName": "sleep",
      "poseTypes": [
        "SLEEP"
      ],
      "animations": [ "q.bedrock('lickilicky', 'sleep')" ],
      "quirks": []
    }
  }
}