{
  "portraitScale": 2.0,
  "portraitTranslation": [ -0.65, -0.5, 0.0 ],
  "profileScale": 0.9,
  "profileTranslation": [ 0.0, 0.35, 0.0 ],
  "animations": {
    "cry": "q.bedrock_stateful('oinkologne_male', 'cry')"
  },
  "poses": {
    "standing": {
      "poseName": "standing",
      "transformTicks": 10,
      "poseTypes": [
        "STAND",
        "NONE",
        "PORTRAIT",
        "PROFILE"
      ],
      "animations": [ "q.look('head_rot')", "q.bedrock('oinkologne_male', 'ground_idle')" ],
      "quirks": [
        "q.bedrock_quirk('oinkologne_male', 'blink')"
      ]
    },
    "walk": {
      "poseName": "walk",
      "transformTicks": 10,
      "poseTypes": [
        "STAND"
      ],
      "animations": [ "q.look('head_rot')", "q.bedrock('oinkologne_male', 'ground_idle')", "q.quadruped_walk(0.75, 1, 'leg_front_left', 'leg_front_right', 'leg_back_left', 'leg_back_right')" ],
      "quirks": [
        "q.bedrock_quirk('oinkologne_male', 'blink')"
      ]
    }
  }
}