{
  "enabled": true,
  "neededInstalledMods": [],
  "neededUninstalledMods": [],
  "spawns": [
      {
          "id": "blok_lyoko-1",
          "pokemon": "blok_lyoko",
          "presets": ["natural"],
          "type": "pokemon",
          "context": "grounded",
          "bucket": "uncommon",
          "level": "15-35",
          "weight": 10.0,
          "condition": {
              "biomes": ["#cobblemon:is_badlands"]
          }
      },
      {
          "id": "blok_lyoko-2",
          "pokemon": "blok_lyoko",
          "presets": ["natural"],
          "type": "pokemon",
          "context": "grounded",
          "bucket": "uncommon",
          "level": "15-35",
          "weight": 10.0,
          "condition": {
              "biomes": ["#cobblemon:is_sky"]
          }
      },
      {
          "id": "blok_lyoko-3",
          "pokemon": "blok_lyoko",
          "presets": ["natural"],
          "type": "pokemon",
          "context": "grounded",
          "bucket": "uncommon",
          "level": "15-35",
          "weight": 10.0,
          "condition": {
              "biomes": ["#cobblemon:is_frozen_ocean"]
          }
      },
      {
          "id": "blok_lyoko-4",
          "pokemon": "blok_lyoko",
          "presets": ["natural"],
          "type": "pokemon",
          "context": "grounded",
          "bucket": "uncommon",
          "level": "15-35",
          "weight": 2.0,
          "condition": {
              "biomes": ["#cobblemon:is_forest"]
          }
      }
  ]
}