{
  "enabled": true,
  "neededInstalledMods": [],
  "neededUninstalledMods": [],
  "spawns": [
      {
          "id": "kankrelat_lyoko-1",
          "pokemon": "kankrelat_lyoko",
          "presets": ["natural"],
          "type": "pokemon",
          "context": "grounded",
          "bucket": "common",
          "level": "10-25",
          "weight": 9.0,
          "condition": {
              "biomes": ["#cobblemon:is_badlands"]
          }
      },
      {
          "id": "kankrelat_lyoko-2",
          "pokemon": "kankrelat_lyoko",
          "presets": ["natural"],
          "type": "pokemon",
          "context": "grounded",
          "bucket": "common",
          "level": "10-25",
          "weight": 9.0,
          "condition": {
              "biomes": ["#cobblemon:is_sky"]
          }
      },
      {
          "id": "kankrelat_lyoko-3",
          "pokemon": "kankrelat_lyoko",
          "presets": ["natural"],
          "type": "pokemon",
          "context": "grounded",
          "bucket": "common",
          "level": "10-25",
          "weight": 9.0,
          "condition": {
              "biomes": ["#cobblemon:is_frozen_ocean"]
          }
      },
      {
          "id": "kankrelat_lyoko-4",
          "pokemon": "kankrelat_lyoko",
          "presets": ["natural"],
          "type": "pokemon",
          "context": "grounded",
          "bucket": "common",
          "level": "10-25",
          "weight": 2.0,
          "condition": {
              "biomes": ["#cobblemon:is_forest"]
          }
      }
  ]
}