{
	"format_version": "1.8.0",
	"animations": {
		"animation.wickarus.ground_idle": {
			"loop": true,
			"bones": {
				"body": {
					"position": [0, -0.1, 0]
				},
				"torso": {
					"rotation": ["5+1*math.sin(q.anim_time*90*4)", "1*math.sin(q.anim_time*90*1)", "1*math.cos(q.anim_time*90*1)"],
					"position": [0, "-0.1*(math.sin(q.anim_time*90*4-90)*1+1)", 0]
				},
				"arm_right": {
					"rotation": [-11.65853, -55.37308, "6.7786+2*(math.sin(q.anim_time*90*4+40)*1)"]
				},
				"arm_left": {
					"rotation": [-8.39379, 38.12939, "-2.3481-2*(math.sin(q.anim_time*90*4+40)*1)"]
				},
				"leg_left": {
					"rotation": [-10, -17.5, 0]
				},
				"leg_right": {
					"rotation": [-10, 17.5, 0]
				},
				"mandible_left": {
					"rotation": [0, "2*(math.sin(q.anim_time*90*4+40)*1)", 0]
				},
				"mandible_right": {
					"rotation": [0, "-2*(math.sin(q.anim_time*90*4+40)*1)", 0]
				},
				"hair": {
					"rotation": [0, 0, "4*math.sin(q.anim_time*90*2)*0.2"],
					"scale": [1, "1+math.sin(q.anim_time*90*1)*0.05", 1]
				},
				"hand_right": {
					"rotation": [0, -42.5, 0],
					"position": [0.5, 0.25, 0]
				},
				"claws_top_right": {
					"rotation": [0, 0, -20]
				},
				"claws_bottom_right": {
					"rotation": [0, 0, 10]
				},
				"hand_left": {
					"rotation": [0, 60, 0],
					"position": [-0.75, 0.25, 0]
				},
				"claws_top_left": {
					"rotation": [0, 0, 20]
				},
				"claws_bottom_left": {
					"rotation": [0, 0, -10]
				},
				"wing_left": {
					"rotation": ["4*math.sin(q.anim_time*90*2)", "5+4*math.sin(q.anim_time*90*2)", 0],
					"scale": [1, "1+math.sin(q.anim_time*90*1)*0.1", 1]
				},
				"wing_left2": {
					"rotation": ["-17.8506+4*math.sin(q.anim_time*90*2-60)", "33.039+4*math.sin(q.anim_time*90*2-60)", -12.05623]
				},
				"wing_left3": {
					"rotation": ["-5.1596+4*math.sin(q.anim_time*90*2-120)", "42.9388+4*math.sin(q.anim_time*90*2-120)", 1.2098]
				},
				"wing_right": {
					"rotation": ["4*math.sin(q.anim_time*90*2)", "-5-4*math.sin(q.anim_time*90*2)", 0]
				},
				"wing_right2": {
					"rotation": ["-17.8506+4*math.sin(q.anim_time*90*2-60)", "-33.039-4*math.sin(q.anim_time*90*2-60)", 12.0562]
				},
				"wing_right3": {
					"rotation": ["-5.1596+4*math.sin(q.anim_time*90*2-120)", "-42.9388-4*math.sin(q.anim_time*90*2-120)", -1.2098]
				},
				"leg_left2": {
					"rotation": [10, 0, 0]
				},
				"leg_right2": {
					"rotation": [10, 0, 0]
				},
				"neck": {
					"rotation": ["-4+1*(math.sin(q.anim_time*90*4-60))", 0, 0],
					"position": [0, -0.2, 0]
				},
				"head": {
					"rotation": ["1+1*(math.sin(q.anim_time*90*4-120))", 0, 0],
					"position": [0, -0.1, 0]
				}
			}
		},
		"animation.wickarus.battle_idle": {
			"loop": true,
			"bones": {
				"body": {
					"rotation": [0, 22.5, 0],
					"position": [0, -0.1, 0]
				},
				"torso": {
					"rotation": ["5+1*math.sin(q.anim_time*90*4)", "1*math.sin(q.anim_time*90*1)", "1*math.cos(q.anim_time*90*1)"],
					"position": [0, "-0.1*(math.sin(q.anim_time*90*4-90)*1+1)", 0]
				},
				"arm_right": {
					"rotation": [-11.65853, -55.37308, "6.7786+2*(math.sin(q.anim_time*90*4+40)*1)"]
				},
				"arm_left": {
					"rotation": [-8.39379, 38.12939, "-2.3481-2*(math.sin(q.anim_time*90*4+40)*1)"]
				},
				"leg_left": {
					"rotation": [-10.74468, -27.3376, 1.94527]
				},
				"leg_right": {
					"rotation": [-10, 17.5, 0]
				},
				"mandible_left": {
					"rotation": [0, "2*(math.sin(q.anim_time*90*4+40)*1)", 0]
				},
				"mandible_right": {
					"rotation": [0, "-2*(math.sin(q.anim_time*90*4+40)*1)", 0]
				},
				"hair": {
					"rotation": [0, 0, "4*math.sin(q.anim_time*90*2)*0.2"],
					"scale": [1, "1+math.sin(q.anim_time*90*1)*0.05", 1]
				},
				"hand_right": {
					"rotation": [0, -42.5, 0],
					"position": [0.5, 0.25, 0]
				},
				"claws_top_right": {
					"rotation": [0, 0, -20]
				},
				"claws_bottom_right": {
					"rotation": [0, 0, 10]
				},
				"hand_left": {
					"rotation": [0, 60, 0],
					"position": [-0.75, 0.25, 0]
				},
				"claws_top_left": {
					"rotation": [0, 0, 20]
				},
				"claws_bottom_left": {
					"rotation": [0, 0, -10]
				},
				"wing_left": {
					"rotation": ["4*math.sin(q.anim_time*90*2)", "-17.5+4*math.sin(q.anim_time*90*2)", 0],
					"scale": [1, "1+math.sin(q.anim_time*90*1)*0.1", 1]
				},
				"wing_left2": {
					"rotation": ["-29.3236+4*math.sin(q.anim_time*90*2-60)", "57.7473+4*math.sin(q.anim_time*90*2-60)", -28.76509]
				},
				"wing_left3": {
					"rotation": ["-6.7683+4*math.sin(q.anim_time*90*2-120)", "52.8054+4*math.sin(q.anim_time*90*2-120)", -1.08049]
				},
				"wing_right": {
					"rotation": ["4*math.sin(q.anim_time*90*2)", "-5-4*math.sin(q.anim_time*90*2)", 0]
				},
				"wing_right2": {
					"rotation": ["-20.4713+4*math.sin(q.anim_time*90*2-60)", "-42.2753-4*math.sin(q.anim_time*90*2-60)", 16.70248]
				},
				"wing_right3": {
					"rotation": ["-6.2847+4*math.sin(q.anim_time*90*2-120)", "-50.3433-4*math.sin(q.anim_time*90*2-120)", 0.43097]
				},
				"leg_left2": {
					"rotation": [10, 0, 0]
				},
				"leg_right2": {
					"rotation": [10, 0, 0]
				},
				"neck": {
					"rotation": ["-4.0185+1*(math.sin(q.anim_time*90*4-60))", -4.98193, 0.4252],
					"position": [0, -0.2, 0]
				},
				"head": {
					"rotation": ["1.0905+1*(math.sin(q.anim_time*90*4-120))", -17.49042, -0.58824],
					"position": [0, -0.1, 0]
				},
				"brow_right": {
					"rotation": [0, 0, 20]
				},
				"brow_left": {
					"rotation": [0, 0, -20]
				}
			}
		},
		"animation.wickarus.ground_walk": {
			"loop": true,
			"animation_length": 1,
			"bones": {
				"body": {
					"rotation": [2.5, 0, 0],
					"position": [0, -0.25, 0]
				},
				"torso": {
					"rotation": ["0+Math.cos((query.anim_time) * 90 * 4*2-90) * 2", "-Math.cos((query.anim_time) * 90 * 2*2-150) * 2", 0],
					"position": [0, "0+Math.cos((query.anim_time) * 90 * 4*2) * 0.2", 0]
				},
				"neck": {
					"rotation": ["5+Math.cos((query.anim_time) * 90 * 4*2-60) * -2", 0, 0]
				},
				"mandible_left": {
					"rotation": [0, "2*(math.sin(q.anim_time*90*4+40)*1)", 0]
				},
				"mandible_right": {
					"rotation": [0, "-2*(math.sin(q.anim_time*90*4+40)*1)", 0]
				},
				"hair": {
					"rotation": ["2*math.sin(q.anim_time*90*2)*0.8", 0, "1*math.sin(q.anim_time*90*2)*0.8"],
					"scale": [1, "1+math.sin(q.anim_time*90*2)*0.1", 1]
				},
				"arm_right": {
					"rotation": [0, "-17.5+Math.cos((query.anim_time) * 90 * 4) * -20", -20],
					"position": [0, 0, "-0.5*math.cos((query.anim_time)*90*4-60)"]
				},
				"hand_right": {
					"rotation": [0, "0+Math.cos((query.anim_time) * 90 * 4) * -20", -20]
				},
				"claws_top_right": {
					"rotation": [0, 0, -20]
				},
				"claws_bottom_right": {
					"rotation": [0, 0, 10]
				},
				"arm_left": {
					"rotation": [0, "17.5+Math.cos((query.anim_time) * 90 * 4) * -20", 20],
					"position": [0, 0, "0.5*math.cos((query.anim_time)*90*4-60)"]
				},
				"hand_left": {
					"rotation": [0, "0+Math.cos((query.anim_time) * 90 * 4) * -20", 20]
				},
				"claws_top_left": {
					"rotation": [0, 0, 20]
				},
				"claws_bottom_left": {
					"rotation": [0, 0, -10]
				},
				"wing_left": {
					"rotation": ["4*math.sin(q.anim_time*90*2)", "5+4*math.sin(q.anim_time*90*2)", 0],
					"scale": [1, "1+math.sin(q.anim_time*90*2)*0.2", 1]
				},
				"wing_left2": {
					"rotation": ["-17.8506+4*math.sin(q.anim_time*90*2)", "33.039+4*math.sin(q.anim_time*90*2)", -12.05623]
				},
				"wing_left3": {
					"rotation": ["-5.1596+4*math.sin(q.anim_time*90*2)", "42.9388+4*math.sin(q.anim_time*90*2)", 1.2098]
				},
				"wing_right": {
					"rotation": ["4*math.sin(q.anim_time*90*2)", "-5-4*math.sin(q.anim_time*90*2)", 0]
				},
				"wing_right2": {
					"rotation": ["-17.8506+4*math.sin(q.anim_time*90*2)", "-33.039-4*math.sin(q.anim_time*90*2)", 12.0562]
				},
				"wing_right3": {
					"rotation": ["-5.1596+4*math.sin(q.anim_time*90*2)", "-42.9388-4*math.sin(q.anim_time*90*2)", -1.2098]
				},
				"leg_left": {
					"rotation": {
						"0.0": [-40, 0, 0],
						"0.1667": [-23.75, 0, 0],
						"0.375": [17.33, 0, 0],
						"0.5": [25, 0, 0],
						"0.625": [13.75, 0, 0],
						"0.7917": [-20.75, 0, 0],
						"0.9167": [-35.5, 0, 0],
						"1.0": [-40, 0, 0]
					}
				},
				"leg_left2": {
					"rotation": {
						"0.0": [30, 0, 0],
						"0.25": [5, 0, 0],
						"0.5": [2.5, 0, 0],
						"0.75": [60, 0, 0],
						"0.8333": [42.3, 0, 0],
						"1.0": [30, 0, 0]
					}
				},
				"claws_back_left": {
					"rotation": {
						"0.0": [-7.5, 0, 0],
						"0.25": [-15, 0, 0],
						"0.5": [-30, 0, 0],
						"0.75": [-15, 0, 0],
						"1.0": [-7.5, 0, 0]
					},
					"position": {
						"0.0": [0, 0, -0.25],
						"0.25": [0, 0, 0],
						"0.5": [0, 0, 0],
						"0.75": [0, 0, 0],
						"1.0": [0, 0, -0.25]
					}
				},
				"claws_front_left": {
					"rotation": {
						"0.0": [27.5, 0, 0],
						"0.25": [0, 0, 0],
						"0.5": [-22.5, 0, 0],
						"0.75": [-5, 0, 0],
						"1.0": [27.5, 0, 0]
					},
					"position": {
						"0.0": [0, 0, 0],
						"0.25": [0, 0, 0],
						"0.5": [0, 0, 0.5],
						"0.75": [0, 0, 0.5],
						"1.0": [0, 0, 0]
					}
				},
				"leg_right": {
					"rotation": {
						"0.0": [25, 0, 0],
						"0.125": [13.75, 0, 0],
						"0.2917": [-20.75, 0, 0],
						"0.4167": [-35.5, 0, 0],
						"0.5": [-40, 0, 0],
						"0.6667": [-23.75, 0, 0],
						"0.875": [17.33, 0, 0],
						"1.0": [25, 0, 0]
					}
				},
				"leg_right2": {
					"rotation": {
						"0.0": [2.5, 0, 0],
						"0.25": [60, 0, 0],
						"0.3333": [42.3, 0, 0],
						"0.5": [30, 0, 0],
						"0.75": [5, 0, 0],
						"1.0": [2.5, 0, 0]
					}
				},
				"claws_back_right": {
					"rotation": {
						"0.0": [-30, 0, 0],
						"0.25": [-15, 0, 0],
						"0.5": [-7.5, 0, 0],
						"0.75": [-15, 0, 0],
						"1.0": [-30, 0, 0]
					},
					"position": {
						"0.0": [0, 0, 0],
						"0.25": [0, 0, 0],
						"0.5": [0, 0, -0.25],
						"0.75": [0, 0, 0],
						"1.0": [0, 0, 0]
					}
				},
				"claws_front_right": {
					"rotation": {
						"0.0": [-22.5, 0, 0],
						"0.25": [-5, 0, 0],
						"0.5": [27.5, 0, 0],
						"0.75": [0, 0, 0],
						"1.0": [-22.5, 0, 0]
					},
					"position": {
						"0.0": [0, 0, 0.5],
						"0.25": [0, 0, 0.5],
						"0.5": [0, 0, 0],
						"0.75": [0, 0, 0],
						"1.0": [0, 0, 0.5]
					}
				},
				"head": {
					"rotation": ["-5+Math.cos((query.anim_time) * 90 * 4*2-120) * -2", 0, 0]
				}
			}
		},
		"animation.wickarus.air_idle": {
			"loop": true,
			"bones": {
				"body": {
					"rotation": [0, 0, -2.5],
					"position": [0, "4.9-4*math.sin(q.anim_time*90*4)*0.3", 0]
				},
				"torso": {
					"rotation": ["19.9825+1*math.sin(q.anim_time*90*4)", "-0.8548+1*math.sin(q.anim_time*90*1)", "2.3494+1*math.cos(q.anim_time*90*1)"],
					"position": [0, "-0.1*(math.sin(q.anim_time*90*4-90)*1+1)", 0]
				},
				"arm_right": {
					"rotation": [-11.65853, -55.37308, "6.7786+2*(math.sin(q.anim_time*90*4+40)*1)"]
				},
				"arm_left": {
					"rotation": [-8.39379, 38.12939, "-2.3481-2*(math.sin(q.anim_time*90*4+40)*1)"]
				},
				"leg_left": {
					"rotation": ["17.4017+math.sin(q.anim_time*90*3+150)*7.5", -9.08664, "-6.8906+math.sin(q.anim_time*90*3+130+180)*5"]
				},
				"leg_right": {
					"rotation": ["17.4017+math.sin(q.anim_time*90*3+150)*7.5", 9.0866, "6.8906-math.sin(q.anim_time*90*3+130+180)*5"]
				},
				"mandible_left": {
					"rotation": [0, "2*(math.sin(q.anim_time*90*4+40)*1)", 0]
				},
				"mandible_right": {
					"rotation": [0, "-2*(math.sin(q.anim_time*90*4+40)*1)", 0]
				},
				"hair": {
					"rotation": [0, 0, "4*math.sin(q.anim_time*90*2)*0.8"],
					"scale": [1, "1+math.sin(q.anim_time*90*1)*0.1", 1]
				},
				"hand_right": {
					"rotation": [0, -42.5, 0],
					"position": [0.5, 0.25, 0]
				},
				"claws_top_right": {
					"rotation": [0, 0, -20]
				},
				"claws_bottom_right": {
					"rotation": [0, 0, 10]
				},
				"hand_left": {
					"rotation": [0, 60, 0],
					"position": [-0.75, 0.25, 0]
				},
				"claws_top_left": {
					"rotation": [0, 0, 20]
				},
				"claws_bottom_left": {
					"rotation": [0, 0, -10]
				},
				"wing_left": {
					"rotation": ["-5+4*math.sin(q.anim_time*90*2)", "5+4*math.sin(q.anim_time*90*4)*8", 0],
					"scale": [1, "1+math.sin(q.anim_time*90*1)*0.1", 1]
				},
				"wing_left2": {
					"rotation": ["-17.8506+4*math.sin(q.anim_time*90*2-60)", "33.039+4*math.sin(q.anim_time*90*4-60)*8", -12.05623]
				},
				"wing_left3": {
					"rotation": ["-5.1596+4*math.sin(q.anim_time*90*2-120)", "42.9388+4*math.sin(q.anim_time*90*4-120)*8", 1.2098]
				},
				"wing_right": {
					"rotation": ["-7.5+4*math.sin(q.anim_time*90*2)", "-5-4*math.sin(q.anim_time*90*4)*8", 0]
				},
				"wing_right2": {
					"rotation": ["-17.8506+4*math.sin(q.anim_time*90*2-60)", "-33.039-4*math.sin(q.anim_time*90*4-60)*8", 12.0562]
				},
				"wing_right3": {
					"rotation": ["-5.1596+4*math.sin(q.anim_time*90*2-120)", "-42.9388-4*math.sin(q.anim_time*90*4-120)*8", -1.2098]
				},
				"leg_left2": {
					"rotation": ["-10+math.sin(q.anim_time*90*3+180)*5", 0, 5]
				},
				"leg_right2": {
					"rotation": ["-10+math.sin(q.anim_time*90*3+180)*5", 0, -5]
				},
				"neck": {
					"rotation": ["-4+1*(math.sin(q.anim_time*90*4-60))", 0, 0],
					"position": [0, -0.2, 0]
				},
				"head": {
					"rotation": ["1+1*(math.sin(q.anim_time*90*4-120))", 0, 0],
					"position": [0, -0.1, 0]
				},
				"foot_left": {
					"rotation": ["50+math.sin(q.anim_time*90*3+115)*10", 0, 0]
				},
				"claws_back_left": {
					"rotation": [-45, 0, 0]
				},
				"claws_front_left": {
					"rotation": [22.5, 0, 0]
				},
				"foot_right": {
					"rotation": ["50+math.sin(q.anim_time*90*3+115)*10", 0, 0]
				},
				"claws_back_right": {
					"rotation": [-45, 0, 0]
				},
				"claws_front_right": {
					"rotation": [22.5, 0, 0]
				}
			}
		},
		"animation.wickarus.air_fly": {
			"loop": true,
			"bones": {
				"body": {
					"rotation": [32.5, 0, -2.5],
					"position": [0, "4.9-4*math.sin(q.anim_time*90*4)*0.3", 0]
				},
				"torso": {
					"rotation": ["19.9825+1*math.sin(q.anim_time*90*4)", "-0.8548+1*math.sin(q.anim_time*90*1)", "2.3494+1*math.cos(q.anim_time*90*1)"],
					"position": [0, "-0.1*(math.sin(q.anim_time*90*4-90)*1+1)", 0]
				},
				"arm_right": {
					"rotation": [-21.6813, -53.21056, "19.1037+2*(math.sin(q.anim_time*90*4+40)*1)"]
				},
				"arm_left": {
					"rotation": [-0.43185, 38.90263, "10.4048-2*(math.sin(q.anim_time*90*4+40)*1)"],
					"position": [-0.25, 0, 0]
				},
				"leg_left": {
					"rotation": ["17.4017+math.sin(q.anim_time*90*3+150)*7.5", -9.08664, "-6.8906+math.sin(q.anim_time*90*3+130+180)*5"]
				},
				"leg_right": {
					"rotation": ["17.4017+math.sin(q.anim_time*90*3+150)*7.5", 9.0866, "6.8906-math.sin(q.anim_time*90*3+130+180)*5"]
				},
				"mandible_left": {
					"rotation": [0, "2*(math.sin(q.anim_time*90*4+40)*1)", 0]
				},
				"mandible_right": {
					"rotation": [0, "-2*(math.sin(q.anim_time*90*4+40)*1)", 0]
				},
				"hair": {
					"rotation": [0, 0, "4*math.sin(q.anim_time*90*2)*0.2"],
					"scale": [1, "1+math.sin(q.anim_time*90*1)*0.05", 1]
				},
				"hand_right": {
					"rotation": [0, -42.5, 0],
					"position": [0.5, 0.25, 0]
				},
				"claws_top_right": {
					"rotation": [0, 0, -20]
				},
				"claws_bottom_right": {
					"rotation": [0, 0, 10]
				},
				"hand_left": {
					"rotation": [0, 60, 0],
					"position": [-0.75, 0.25, 0]
				},
				"claws_top_left": {
					"rotation": [0, 0, 20]
				},
				"claws_bottom_left": {
					"rotation": [0, 0, -10]
				},
				"wing_left": {
					"rotation": ["-5+4*math.sin(q.anim_time*90*2)", "5+4*math.sin(q.anim_time*90*4)*8", 0],
					"scale": [1, "1+math.sin(q.anim_time*90*1)*0.1", 1]
				},
				"wing_left2": {
					"rotation": ["-17.8506+4*math.sin(q.anim_time*90*2-60)", "33.039+4*math.sin(q.anim_time*90*4-60)*8", -12.05623]
				},
				"wing_left3": {
					"rotation": ["-5.1596+4*math.sin(q.anim_time*90*2-120)", "42.9388+4*math.sin(q.anim_time*90*4-120)*8", 1.2098]
				},
				"wing_right": {
					"rotation": ["-7.5+4*math.sin(q.anim_time*90*2)", "-5-4*math.sin(q.anim_time*90*4)*8", 0]
				},
				"wing_right2": {
					"rotation": ["-17.8506+4*math.sin(q.anim_time*90*2-60)", "-33.039-4*math.sin(q.anim_time*90*4-60)*8", 12.0562]
				},
				"wing_right3": {
					"rotation": ["-5.1596+4*math.sin(q.anim_time*90*2-120)", "-42.9388-4*math.sin(q.anim_time*90*4-120)*8", -1.2098]
				},
				"leg_left2": {
					"rotation": ["-10+math.sin(q.anim_time*90*3+180)*5", 0, 5]
				},
				"leg_right2": {
					"rotation": ["-10+math.sin(q.anim_time*90*3+180)*5", 0, -5]
				},
				"neck": {
					"rotation": ["-16.5+1*(math.sin(q.anim_time*90*4-60))", 0, 0],
					"position": [0, -0.7, 0]
				},
				"head": {
					"rotation": ["-16.5+1*(math.sin(q.anim_time*90*4-120))", 0, 0],
					"position": [0, -0.35, 0]
				},
				"foot_left": {
					"rotation": ["50+math.sin(q.anim_time*90*3+115)*10", 0, 0]
				},
				"claws_back_left": {
					"rotation": [-45, 0, 0]
				},
				"claws_front_left": {
					"rotation": [22.5, 0, 0]
				},
				"foot_right": {
					"rotation": ["50+math.sin(q.anim_time*90*3+115)*10", 0, 0]
				},
				"claws_back_right": {
					"rotation": [-45, 0, 0]
				},
				"claws_front_right": {
					"rotation": [22.5, 0, 0]
				}
			}
		},
		"animation.wickarus.blink": {
			"animation_length": 0.3333,
			"bones": {
				"eyelid_left": {
					"position": {
						"0.0": [0, 0, 0],
						"0.0417": {
							"pre": [0, 0, 0],
							"post": [1.25, 0, -1.25]
						},
						"0.1667": {
							"pre": [1.25, 0, -1.25],
							"post": [1.25, 0, -1.25]
						},
						"0.2083": {
							"pre": [1.25, 0, -1.25],
							"post": [0, 0, 0]
						}
					}
				},
				"eyelid_right": {
					"position": {
						"0.0": [0, 0, 0],
						"0.0417": {
							"pre": [0, 0, 0],
							"post": [-1.25, 0, -1.25]
						},
						"0.1667": {
							"pre": [-1.25, 0, -1.25],
							"post": [-1.25, 0, -1.25]
						},
						"0.2083": {
							"pre": [-1.25, 0, -1.25],
							"post": [0, 0, 0]
						}
					}
				}
			}
		},
		"animation.wickarus.recoil": {
			"animation_length": 1.5,
			"bones": {
				"torso": {
					"rotation": {
						"0.0": [0, 0, 0],
						"0.0417": [-13, 0, 0],
						"0.5833": {
							"pre": [8.66, 0, 0],
							"post": [8.66, 0, 0],
							"lerp_mode": "catmullrom"
						},
						"1.0833": {
							"post": [-2, 0, 0],
							"lerp_mode": "catmullrom"
						},
						"1.5": [0, 0, 0]
					}
				},
				"head": {
					"rotation": {
						"0.0": [0, 0, 0],
						"0.0417": {
							"pre": [11, 0, 0],
							"post": [11, 0, 0],
							"lerp_mode": "catmullrom"
						},
						"0.1667": {
							"post": [-9.58, 0, 0],
							"lerp_mode": "catmullrom"
						},
						"0.375": {
							"post": [-7, 0, 0],
							"lerp_mode": "catmullrom"
						},
						"0.7083": {
							"post": [-3.3, 0, 0],
							"lerp_mode": "catmullrom"
						},
						"1.0417": {
							"post": [0.7, 0, 0],
							"lerp_mode": "catmullrom"
						},
						"1.4583": [0, 0, 0]
					}
				},
				"eyelid_left": {
					"position": {
						"0.0": [0, 0, 0],
						"0.0417": {
							"pre": [0, 0, 0],
							"post": [1.25, 0, -1.25]
						},
						"0.1667": {
							"pre": [1.25, 0, -1.25],
							"post": [1.25, 0, -1.25]
						},
						"0.2083": {
							"pre": [1.25, 0, -1.25],
							"post": [0, 0, 0]
						},
						"0.25": {
							"pre": [0, 0, 0],
							"post": [0.1, 0, -0.1]
						},
						"0.2917": {
							"pre": [0.1, 0, -0.1],
							"post": [0, 0, 0]
						}
					}
				},
				"eyelid_right": {
					"position": {
						"0.0": [0, 0, 0],
						"0.0417": {
							"pre": [0, 0, 0],
							"post": [-1.25, 0, -1.25]
						},
						"0.1667": {
							"pre": [-1.25, 0, -1.25],
							"post": [-1.25, 0, -1.25]
						},
						"0.2083": {
							"pre": [-1.25, 0, -1.25],
							"post": [0, 0, 0]
						},
						"0.25": {
							"pre": [0, 0, 0],
							"post": [-0.1, 0, -0.1]
						},
						"0.2917": {
							"pre": [-0.1, 0, -0.1],
							"post": [0, 0, 0]
						}
					}
				},
				"arm_right": {
					"rotation": {
						"0.0": [0, 0, 0],
						"0.1667": {
							"pre": [0, -20, 0],
							"post": [0, -20, 0],
							"lerp_mode": "catmullrom"
						},
						"0.625": {
							"post": [0, 6.21, 0],
							"lerp_mode": "catmullrom"
						},
						"1.5": [0, 0, 0]
					}
				},
				"hand_right": {
					"rotation": {
						"0.0": [0, 0, 0],
						"0.2083": {
							"pre": [0, -10, 0],
							"post": [0, -10, 0],
							"lerp_mode": "catmullrom"
						},
						"0.9167": {
							"post": [0, 0, 0],
							"lerp_mode": "catmullrom"
						},
						"1.4583": [0, 0, 0]
					}
				},
				"arm_left": {
					"rotation": {
						"0.0": [0, 0, 0],
						"0.1667": {
							"pre": [0, 20, 0],
							"post": [0, 20, 0],
							"lerp_mode": "catmullrom"
						},
						"0.625": {
							"post": [0, -6.21, 0],
							"lerp_mode": "catmullrom"
						},
						"1.5": [0, 0, 0]
					}
				},
				"hand_left": {
					"rotation": {
						"0.0": [0, 0, 0],
						"0.2083": {
							"pre": [0, 10, 0],
							"post": [0, 10, 0],
							"lerp_mode": "catmullrom"
						},
						"0.9167": {
							"post": [0, 0, 0],
							"lerp_mode": "catmullrom"
						},
						"1.4583": [0, 0, 0]
					}
				}
			}
		},
		"animation.wickarus.cry": {
			"animation_length": 2.7083,
			"bones": {
				"torso": {
					"rotation": {
						"0.0": [0, 0, 0],
						"0.1667": {
							"pre": [5, 0, 0],
							"post": [5, 0, 0],
							"lerp_mode": "catmullrom"
						},
						"0.875": {
							"post": [-2.5, 0, 0],
							"lerp_mode": "catmullrom"
						},
						"1.7083": {
							"post": [3, 0, 0],
							"lerp_mode": "catmullrom"
						},
						"2.4583": [0, 0, 0]
					}
				},
				"head": {
					"rotation": {
						"0.0": {
							"post": [0, 0, 0],
							"lerp_mode": "catmullrom"
						},
						"0.2083": {
							"post": [10.44, 0, 0],
							"lerp_mode": "catmullrom"
						},
						"0.3333": {
							"post": [-10.83, 0, 0],
							"lerp_mode": "catmullrom"
						},
						"0.5": {
							"post": [-2.9, 0, 0],
							"lerp_mode": "catmullrom"
						},
						"0.7083": {
							"post": [-8.71, 0, 0],
							"lerp_mode": "catmullrom"
						},
						"1.0833": {
							"post": [5, 0, 0],
							"lerp_mode": "catmullrom"
						},
						"2.25": {
							"post": [0, 0, 0],
							"lerp_mode": "catmullrom"
						},
						"2.7083": {
							"post": [0, 0, 0],
							"lerp_mode": "catmullrom"
						}
					}
				},
				"mandible_left": {
					"rotation": {
						"0.0": {
							"post": [0, 0, 0],
							"lerp_mode": "catmullrom"
						},
						"0.2917": {
							"post": [0, -15, 0],
							"lerp_mode": "catmullrom"
						},
						"0.3333": {
							"post": [0, 0, 0],
							"lerp_mode": "catmullrom"
						},
						"0.375": {
							"post": [0, -15, 0],
							"lerp_mode": "catmullrom"
						},
						"0.4167": {
							"post": [0, 0, 0],
							"lerp_mode": "catmullrom"
						},
						"0.4583": {
							"post": [0, -15, 0],
							"lerp_mode": "catmullrom"
						},
						"0.5": {
							"post": [0, 0, 0],
							"lerp_mode": "catmullrom"
						},
						"0.5417": {
							"post": [0, -15, 0],
							"lerp_mode": "catmullrom"
						},
						"0.5833": {
							"post": [0, 0, 0],
							"lerp_mode": "catmullrom"
						},
						"0.875": {
							"post": [0, -15, 0],
							"lerp_mode": "catmullrom"
						},
						"2.7083": {
							"post": [0, 0, 0],
							"lerp_mode": "catmullrom"
						}
					}
				},
				"mandible_right": {
					"rotation": {
						"0.0": {
							"post": [0, 0, 0],
							"lerp_mode": "catmullrom"
						},
						"0.2917": {
							"post": [0, 15, 0],
							"lerp_mode": "catmullrom"
						},
						"0.3333": {
							"post": [0, 0, 0],
							"lerp_mode": "catmullrom"
						},
						"0.375": {
							"post": [0, 15, 0],
							"lerp_mode": "catmullrom"
						},
						"0.4167": {
							"post": [0, 0, 0],
							"lerp_mode": "catmullrom"
						},
						"0.4583": {
							"post": [0, 15, 0],
							"lerp_mode": "catmullrom"
						},
						"0.5": {
							"post": [0, 0, 0],
							"lerp_mode": "catmullrom"
						},
						"0.5417": {
							"post": [0, 15, 0],
							"lerp_mode": "catmullrom"
						},
						"0.5833": {
							"post": [0, 0, 0],
							"lerp_mode": "catmullrom"
						},
						"0.875": {
							"post": [0, 15, 0],
							"lerp_mode": "catmullrom"
						},
						"2.7083": {
							"post": [0, 0, 0],
							"lerp_mode": "catmullrom"
						}
					}
				}
			},
			"sound_effects": {
				"0.2083": {
					"effect": "pokemon.wickarus.cry"
				}
			}
		},
		"animation.wickarus.sleep": {
			"loop": true,
			"bones": {
				"eyelid_left": {
					"position": [1.25, 0, -1.25]
				},
				"eyelid_right": {
					"position": [-1.25, 0, -1.25]
				},
				"body": {
					"rotation": [-27.5, 0, 0],
					"position": [0, -3.5, 0]
				},
				"torso": {
					"rotation": ["12.5+(math.sin(q.anim_time*90*1-60))*2", 0, 0],
					"position": [0, 0.25, 0.25]
				},
				"neck": {
					"rotation": ["27.5+(math.sin(q.anim_time*90*1-60))*2", 0, 0],
					"position": [0, -0.2, 0]
				},
				"head": {
					"rotation": ["1+(math.sin(q.anim_time*90*1-120))*2", 0, 0],
					"position": [0, -0.1, 0]
				},
				"brow_right": {
					"rotation": [0, 0, -22.5]
				},
				"brow_left": {
					"rotation": [0, 0, 22.5]
				},
				"hair": {
					"rotation": [0, 0, "4*math.sin(q.anim_time*90*2)*0.2"],
					"scale": [1, "1+math.sin(q.anim_time*90*1)*0.05", 1]
				},
				"arm_right": {
					"rotation": [0, -17.5, "-35-(math.sin(q.anim_time*90*1))*2"]
				},
				"hand_right": {
					"rotation": [0, -17.5, "-35-(math.sin(q.anim_time*90*1-60))*2"]
				},
				"claws_top_right": {
					"rotation": [0, 0, -22.5]
				},
				"claws_bottom_right": {
					"rotation": [0, 0, 20]
				},
				"arm_left": {
					"rotation": [0, 17.5, "35+(math.sin(q.anim_time*90*1))*2"]
				},
				"hand_left": {
					"rotation": [0, 17.5, "35+(math.sin(q.anim_time*90*1-60))*2"]
				},
				"claws_top_left": {
					"rotation": [0, 0, 22.5]
				},
				"claws_bottom_left": {
					"rotation": [0, 0, -25]
				},
				"stinger": {
					"rotation": [-50, 0, 0],
					"position": [0, -0.45, 0.6]
				},
				"wing_left": {
					"rotation": ["22.5+4*math.sin(q.anim_time*90*0.5)", "27.5+4*math.sin(q.anim_time*90*0.5)", 0],
					"scale": [1, "1+math.sin(q.anim_time*90*1)*0.1", 1]
				},
				"wing_left2": {
					"rotation": ["-17.8506+4*math.sin(q.anim_time*90*0.5-60)", "33.039+4*math.sin(q.anim_time*90*0.5-60)", -12.05623]
				},
				"wing_left3": {
					"rotation": ["-5.1596+4*math.sin(q.anim_time*90*0.5-120)", "42.9388+4*math.sin(q.anim_time*90*0.5-120)", 1.2098]
				},
				"wing_right": {
					"rotation": ["22.5+4*math.sin(q.anim_time*90*0.5)", "-27.5-4*math.sin(q.anim_time*90*0.5)", 0]
				},
				"wing_right2": {
					"rotation": ["-17.8506+4*math.sin(q.anim_time*90*0.5-60)", "-33.039-4*math.sin(q.anim_time*90*0.5-60)", 12.0562]
				},
				"wing_right3": {
					"rotation": ["-5.1596+4*math.sin(q.anim_time*90*0.5-120)", "-42.9388-4*math.sin(q.anim_time*90*0.5-120)", -1.2098]
				},
				"leg_left": {
					"rotation": [-82.5, 0, -10],
					"position": [0, -0.5, 0.75]
				},
				"leg_left2": {
					"rotation": [30, 0, 0]
				},
				"foot_left": {
					"rotation": [27.5, 0, 0]
				},
				"claws_back_left": {
					"rotation": [-62.5, 0, 0]
				},
				"claws_front_left": {
					"rotation": [57.5, 0, 0]
				},
				"leg_right": {
					"rotation": [-82.5, 0, 10],
					"position": [0, -0.5, 0.75]
				},
				"leg_right2": {
					"rotation": [30, 0, 0]
				},
				"foot_right": {
					"rotation": [27.5, 0, 0]
				},
				"claws_back_right": {
					"rotation": [-62.5, 0, 0]
				},
				"claws_front_right": {
					"rotation": [57.5, 0, 0]
				}
			}
		},
		"animation.wickarus.faint": {
			"animation_length": 6.5417,
			"bones": {
				"eyelid_left": {
					"position": {
						"0.0": [0, 0, 0],
						"0.0417": {
							"pre": [0, 0, 0],
							"post": [1.25, 0, -1.25]
						},
						"0.1667": {
							"pre": [1.25, 0, -1.25],
							"post": [1.25, 0, -1.25]
						},
						"0.2083": {
							"pre": [1.25, 0, -1.25],
							"post": [0, 0, 0]
						},
						"0.25": {
							"pre": [0, 0, 0],
							"post": [0.1, 0, -0.1]
						},
						"0.2917": {
							"pre": [0.1, 0, -0.1],
							"post": [0, 0, 0]
						},
						"0.5": {
							"pre": [0, 0, 0],
							"post": [0, 0, 0]
						},
						"0.8333": {
							"pre": [0, 0, 0],
							"post": [1.25, 0, -1.25]
						}
					}
				},
				"eyelid_right": {
					"position": {
						"0.0": [0, 0, 0],
						"0.0417": {
							"pre": [0, 0, 0],
							"post": [-1.25, 0, -1.25]
						},
						"0.1667": {
							"pre": [-1.25, 0, -1.25],
							"post": [-1.25, 0, -1.25]
						},
						"0.2083": {
							"pre": [-1.25, 0, -1.25],
							"post": [0, 0, 0]
						},
						"0.25": {
							"pre": [0, 0, 0],
							"post": [-0.1, 0, -0.1]
						},
						"0.2917": {
							"pre": [-0.1, 0, -0.1],
							"post": [0, 0, 0]
						},
						"0.5": {
							"pre": [0, 0, 0],
							"post": [0, 0, 0]
						},
						"0.8333": {
							"pre": [0, 0, 0],
							"post": [-1.25, 0, -1.25]
						}
					}
				},
				"body": {
					"rotation": {
						"0.0": {
							"post": [0, 22.5, 0],
							"lerp_mode": "catmullrom"
						},
						"0.5": {
							"post": [7.5, 22.5, 0],
							"lerp_mode": "catmullrom"
						},
						"0.875": {
							"post": [-27.5, 0, 0],
							"lerp_mode": "catmullrom"
						}
					},
					"position": {
						"0.0": {
							"post": [0, -0.1, 0],
							"lerp_mode": "catmullrom"
						},
						"0.5": {
							"post": [0, 0.15, 0],
							"lerp_mode": "catmullrom"
						},
						"0.875": {
							"post": [0, -3.5, 0],
							"lerp_mode": "catmullrom"
						}
					}
				},
				"torso": {
					"rotation": {
						"0.0": {
							"post": [0, 0, 0],
							"lerp_mode": "catmullrom"
						},
						"0.0417": {
							"post": [-13, 0, 0],
							"lerp_mode": "catmullrom"
						},
						"0.5": {
							"post": [28.66, 0, 0],
							"lerp_mode": "catmullrom"
						},
						"0.875": {
							"post": [-55, 0, 0],
							"lerp_mode": "catmullrom"
						}
					},
					"position": {
						"0.0": {
							"post": [0, 0, 0],
							"lerp_mode": "catmullrom"
						},
						"0.5": {
							"post": [0, 0, 0],
							"lerp_mode": "catmullrom"
						},
						"0.875": {
							"post": [0, 0.25, 0.25],
							"lerp_mode": "catmullrom"
						}
					}
				},
				"neck": {
					"rotation": {
						"0.0": ["-4.0185+1*(math.sin(q.anim_time*90*4-60))", -4.98193, 0.4252],
						"0.5": ["-4.0185+1*(math.sin(q.anim_time*90*4-60))", -4.98193, 0.4252],
						"0.875": [10, 0, 0]
					},
					"position": {
						"0.0": [0, -0.2, 0],
						"0.5": [0, -0.2, 0],
						"0.875": [0, 0, 0]
					}
				},
				"arm_right": {
					"rotation": {
						"0.0": [-11.65853, -55.37308, "6.7786+2*(math.sin(q.anim_time*90*4+40)*1)"],
						"0.1667": [0, -20, 0],
						"0.5": [-11.65853, -55.37308, "6.7786+2*(math.sin(q.anim_time*90*4+40)*1)"],
						"0.875": [0, 19, -35]
					}
				},
				"hand_right": {
					"rotation": {
						"0.0": [0, -42.5, 0],
						"0.2083": {
							"pre": [0, -10, 0],
							"post": [0, -10, 0],
							"lerp_mode": "catmullrom"
						},
						"0.5": [0, -42.5, 0],
						"0.7917": {
							"pre": [0, -27.5, -32.5],
							"post": [0, -27.5, -32.5],
							"lerp_mode": "catmullrom"
						}
					},
					"position": {
						"0.0": [0.5, 0.25, 0],
						"0.5": [0.5, 0.25, 0]
					}
				},
				"claws_top_right": {
					"rotation": {
						"0.0": [0, 0, -20],
						"0.5": [0, 0, -20],
						"0.7917": {
							"pre": [0, 0, -22.5],
							"post": [0, 0, -22.5],
							"lerp_mode": "catmullrom"
						}
					},
					"position": {
						"0.0": {
							"post": [0, 0, 0],
							"lerp_mode": "catmullrom"
						},
						"0.5": {
							"post": [0, 0, 0],
							"lerp_mode": "catmullrom"
						},
						"0.7917": {
							"post": [0, 0, 0],
							"lerp_mode": "catmullrom"
						}
					}
				},
				"claws_bottom_right": {
					"rotation": {
						"0.0": [0, 0, 10],
						"0.5": [0, 0, 10],
						"0.7917": {
							"pre": [0, 0, 20],
							"post": [0, 0, 20],
							"lerp_mode": "catmullrom"
						}
					},
					"position": {
						"0.0": {
							"post": [0, 0, 0],
							"lerp_mode": "catmullrom"
						},
						"0.5": {
							"post": [0, 0, 0],
							"lerp_mode": "catmullrom"
						},
						"0.7917": {
							"post": [0, 0, 0],
							"lerp_mode": "catmullrom"
						}
					}
				},
				"arm_left": {
					"rotation": {
						"0.0": [-8.39379, 38.12939, "-2.3481-2*(math.sin(q.anim_time*90*4+40)*1)"],
						"0.1667": [0, 20, 0],
						"0.5": [-8.39379, 38.12939, "-2.3481-2*(math.sin(q.anim_time*90*4+40)*1)"],
						"0.7917": [0, 17.5, 35],
						"0.875": [0, -19, 35]
					},
					"position": {
						"0.0": [0, 0, 0],
						"0.5": [0, 0, 0]
					}
				},
				"hand_left": {
					"rotation": {
						"0.0": [0, 60, 0],
						"0.2083": {
							"pre": [0, 10, 0],
							"post": [0, 10, 0],
							"lerp_mode": "catmullrom"
						},
						"0.5": [0, 60, 0],
						"0.7917": {
							"pre": [0, 27.5, 32.5],
							"post": [0, 27.5, 32.5],
							"lerp_mode": "catmullrom"
						}
					},
					"position": {
						"0.0": [-0.75, 0.25, 0],
						"0.5": [-0.75, 0.25, 0]
					}
				},
				"claws_top_left": {
					"rotation": {
						"0.0": [0, 0, 20],
						"0.5": [0, 0, 20],
						"0.7917": {
							"pre": [0, 0, 22.5],
							"post": [0, 0, 22.5],
							"lerp_mode": "catmullrom"
						}
					},
					"position": {
						"0.0": {
							"post": [0, 0, 0],
							"lerp_mode": "catmullrom"
						},
						"0.5": {
							"post": [0, 0, 0],
							"lerp_mode": "catmullrom"
						},
						"0.7917": {
							"post": [0, 0, 0],
							"lerp_mode": "catmullrom"
						}
					}
				},
				"claws_bottom_left": {
					"rotation": {
						"0.0": [0, 0, -10],
						"0.5": [0, 0, -10],
						"0.7917": {
							"pre": [0, 0, -25],
							"post": [0, 0, -25],
							"lerp_mode": "catmullrom"
						}
					},
					"position": {
						"0.0": {
							"post": [0, 0, 0],
							"lerp_mode": "catmullrom"
						},
						"0.5": {
							"post": [0, 0, 0],
							"lerp_mode": "catmullrom"
						},
						"0.7917": {
							"post": [0, 0, 0],
							"lerp_mode": "catmullrom"
						}
					}
				},
				"wing_left": {
					"rotation": {
						"0.0": ["4*math.sin(q.anim_time*90*2)", "-17.5+4*math.sin(q.anim_time*90*2)", 0],
						"0.5": ["4*math.sin(q.anim_time*90*2)", "-17.5+4*math.sin(q.anim_time*90*2)", 0],
						"0.7917": [22.5, 27.5, 0]
					},
					"position": {
						"0.0": [0, 0, 0],
						"0.5": [0, 0, 0],
						"0.7917": [0, 0, 0]
					},
					"scale": {
						"0.0": {
							"post": [1, 1, 1],
							"lerp_mode": "catmullrom"
						},
						"0.75": {
							"post": [1, 1, 1],
							"lerp_mode": "catmullrom"
						},
						"1.0833": {
							"post": [0, 0, 0],
							"lerp_mode": "catmullrom"
						}
					}
				},
				"wing_left2": {
					"rotation": {
						"0.0": ["-29.3236+4*math.sin(q.anim_time*90*2-60)", "57.7473+4*math.sin(q.anim_time*90*2-60)", -28.76509],
						"0.5": ["-29.3236+4*math.sin(q.anim_time*90*2-60)", "57.7473+4*math.sin(q.anim_time*90*2-60)", -28.76509],
						"0.7917": [-17.8506, 33.039, -12.05623]
					},
					"position": {
						"0.0": [0, 0, 0],
						"0.5": [0, 0, 0],
						"0.7917": [0, 0, 0]
					}
				},
				"wing_left3": {
					"rotation": {
						"0.0": ["-6.7683+4*math.sin(q.anim_time*90*2-120)", "52.8054+4*math.sin(q.anim_time*90*2-120)", -1.08049],
						"0.5": ["-6.7683+4*math.sin(q.anim_time*90*2-120)", "52.8054+4*math.sin(q.anim_time*90*2-120)", -1.08049],
						"0.7917": [-5.1596, 42.9388, 1.2098]
					},
					"position": {
						"0.0": [0, 0, 0],
						"0.5": [0, 0, 0],
						"0.7917": [0, 0, 0]
					}
				},
				"wing_right": {
					"rotation": {
						"0.0": ["4*math.sin(q.anim_time*90*2)", "-5-4*math.sin(q.anim_time*90*2)", 0],
						"0.5": ["4*math.sin(q.anim_time*90*2)", "-5-4*math.sin(q.anim_time*90*2)", 0],
						"0.7917": [22.5, -27.5, 0]
					},
					"position": {
						"0.0": [0, 0, 0],
						"0.5": [0, 0, 0],
						"0.7917": [0, 0, 0]
					},
					"scale": {
						"0.0": {
							"post": [1, 1, 1],
							"lerp_mode": "catmullrom"
						},
						"0.75": {
							"post": [1, 1, 1],
							"lerp_mode": "catmullrom"
						},
						"1.0833": {
							"post": [0, 0, 0],
							"lerp_mode": "catmullrom"
						}
					}
				},
				"wing_right2": {
					"rotation": {
						"0.0": ["-20.4713+4*math.sin(q.anim_time*90*2-60)", "-42.2753-4*math.sin(q.anim_time*90*2-60)", 16.70248],
						"0.5": ["-20.4713+4*math.sin(q.anim_time*90*2-60)", "-42.2753-4*math.sin(q.anim_time*90*2-60)", 16.70248],
						"0.7917": [-17.8506, -33.039, 12.0562]
					},
					"position": {
						"0.0": [0, 0, 0],
						"0.5": [0, 0, 0],
						"0.7917": [0, 0, 0]
					}
				},
				"wing_right3": {
					"rotation": {
						"0.0": ["-6.2847+4*math.sin(q.anim_time*90*2-120)", "-50.3433-4*math.sin(q.anim_time*90*2-120)", 0.43097],
						"0.5": ["-6.2847+4*math.sin(q.anim_time*90*2-120)", "-50.3433-4*math.sin(q.anim_time*90*2-120)", 0.43097],
						"0.7917": [-5.1596, -42.9388, -1.2098]
					},
					"position": {
						"0.0": [0, 0, 0],
						"0.5": [0, 0, 0],
						"0.7917": [0, 0, 0]
					}
				},
				"leg_left": {
					"rotation": {
						"0.0": [-10.74468, -27.3376, 1.94527],
						"0.5": [-10.74468, -27.3376, 1.94527],
						"0.875": [-82.5, 0, -10]
					},
					"position": {
						"0.0": [0, 0, 0],
						"0.5": [0, 0, 0],
						"0.875": [0, -0.5, 0.75]
					}
				},
				"leg_left2": {
					"rotation": {
						"0.0": [10, 0, 0],
						"0.5": [10, 0, 0],
						"0.7917": {
							"pre": [30, 0, 0],
							"post": [30, 0, 0],
							"lerp_mode": "catmullrom"
						}
					},
					"position": {
						"0.0": {
							"post": [0, 0, 0],
							"lerp_mode": "catmullrom"
						},
						"0.5": {
							"post": [0, 0, 0],
							"lerp_mode": "catmullrom"
						},
						"0.7917": {
							"post": [0, 0, 0],
							"lerp_mode": "catmullrom"
						}
					}
				},
				"foot_left": {
					"rotation": {
						"0.0": {
							"post": [0, 0, 0],
							"lerp_mode": "catmullrom"
						},
						"0.375": {
							"post": [0, 0, 0],
							"lerp_mode": "catmullrom"
						},
						"0.5": {
							"post": [0, 0, 0],
							"lerp_mode": "catmullrom"
						},
						"0.7917": {
							"post": [27.5, 0, 0],
							"lerp_mode": "catmullrom"
						}
					},
					"position": {
						"0.0": {
							"post": [0, 0, 0],
							"lerp_mode": "catmullrom"
						},
						"0.375": {
							"post": [0, 0, 0],
							"lerp_mode": "catmullrom"
						},
						"0.5": {
							"post": [0, 0, 0],
							"lerp_mode": "catmullrom"
						},
						"0.7917": {
							"post": [0, 0, 0],
							"lerp_mode": "catmullrom"
						}
					}
				},
				"claws_back_left": {
					"rotation": {
						"0.0": {
							"post": [0, 0, 0],
							"lerp_mode": "catmullrom"
						},
						"0.375": {
							"post": [0, 0, 0],
							"lerp_mode": "catmullrom"
						},
						"0.5": {
							"post": [0, 0, 0],
							"lerp_mode": "catmullrom"
						},
						"0.7917": {
							"post": [-62.5, 0, 0],
							"lerp_mode": "catmullrom"
						}
					},
					"position": {
						"0.0": {
							"post": [0, 0, 0],
							"lerp_mode": "catmullrom"
						},
						"0.375": {
							"post": [0, 0, 0],
							"lerp_mode": "catmullrom"
						},
						"0.5": {
							"post": [0, 0, 0],
							"lerp_mode": "catmullrom"
						},
						"0.7917": {
							"post": [0, 0, 0],
							"lerp_mode": "catmullrom"
						}
					}
				},
				"claws_front_left": {
					"rotation": {
						"0.0": {
							"post": [0, 0, 0],
							"lerp_mode": "catmullrom"
						},
						"0.375": {
							"post": [0, 0, 0],
							"lerp_mode": "catmullrom"
						},
						"0.5": {
							"post": [0, 0, 0],
							"lerp_mode": "catmullrom"
						},
						"0.7917": {
							"post": [57.5, 0, 0],
							"lerp_mode": "catmullrom"
						}
					},
					"position": {
						"0.0": {
							"post": [0, 0, 0],
							"lerp_mode": "catmullrom"
						},
						"0.375": {
							"post": [0, 0, 0],
							"lerp_mode": "catmullrom"
						},
						"0.5": {
							"post": [0, 0, 0],
							"lerp_mode": "catmullrom"
						},
						"0.7917": {
							"post": [0, 0, 0],
							"lerp_mode": "catmullrom"
						}
					}
				},
				"leg_right": {
					"rotation": {
						"0.0": [-10, 17.5, 0],
						"0.5": [-10, 17.5, 0],
						"0.875": {
							"pre": [-82.5, 0, 10],
							"post": [-82.5, 0, 10],
							"lerp_mode": "catmullrom"
						}
					},
					"position": {
						"0.0": {
							"post": [0, 0, 0],
							"lerp_mode": "catmullrom"
						},
						"0.5": {
							"post": [0, 0, 0],
							"lerp_mode": "catmullrom"
						},
						"0.875": {
							"post": [0, -0.5, 0.75],
							"lerp_mode": "catmullrom"
						}
					}
				},
				"leg_right2": {
					"rotation": {
						"0.0": [10, 0, 0],
						"0.5": [10, 0, 0],
						"0.7917": {
							"pre": [30, 0, 0],
							"post": [30, 0, 0],
							"lerp_mode": "catmullrom"
						}
					},
					"position": {
						"0.0": {
							"post": [0, 0, 0],
							"lerp_mode": "catmullrom"
						},
						"0.5": {
							"post": [0, 0, 0],
							"lerp_mode": "catmullrom"
						},
						"0.7917": {
							"post": [0, 0, 0],
							"lerp_mode": "catmullrom"
						}
					}
				},
				"foot_right": {
					"rotation": {
						"0.0": {
							"post": [0, 0, 0],
							"lerp_mode": "catmullrom"
						},
						"0.375": {
							"post": [0, 0, 0],
							"lerp_mode": "catmullrom"
						},
						"0.5": {
							"post": [0, 0, 0],
							"lerp_mode": "catmullrom"
						},
						"0.7917": {
							"post": [27.5, 0, 0],
							"lerp_mode": "catmullrom"
						}
					},
					"position": {
						"0.0": {
							"post": [0, 0, 0],
							"lerp_mode": "catmullrom"
						},
						"0.375": {
							"post": [0, 0, 0],
							"lerp_mode": "catmullrom"
						},
						"0.5": {
							"post": [0, 0, 0],
							"lerp_mode": "catmullrom"
						},
						"0.7917": {
							"post": [0, 0, 0],
							"lerp_mode": "catmullrom"
						}
					}
				},
				"claws_back_right": {
					"rotation": {
						"0.0": {
							"post": [0, 0, 0],
							"lerp_mode": "catmullrom"
						},
						"0.375": {
							"post": [0, 0, 0],
							"lerp_mode": "catmullrom"
						},
						"0.5": {
							"post": [0, 0, 0],
							"lerp_mode": "catmullrom"
						},
						"0.7917": {
							"post": [-62.5, 0, 0],
							"lerp_mode": "catmullrom"
						}
					},
					"position": {
						"0.0": {
							"post": [0, 0, 0],
							"lerp_mode": "catmullrom"
						},
						"0.375": {
							"post": [0, 0, 0],
							"lerp_mode": "catmullrom"
						},
						"0.5": {
							"post": [0, 0, 0],
							"lerp_mode": "catmullrom"
						},
						"0.7917": {
							"post": [0, 0, 0],
							"lerp_mode": "catmullrom"
						}
					}
				},
				"claws_front_right": {
					"rotation": {
						"0.0": {
							"post": [0, 0, 0],
							"lerp_mode": "catmullrom"
						},
						"0.375": {
							"post": [0, 0, 0],
							"lerp_mode": "catmullrom"
						},
						"0.5": {
							"post": [0, 0, 0],
							"lerp_mode": "catmullrom"
						},
						"0.7917": {
							"post": [57.5, 0, 0],
							"lerp_mode": "catmullrom"
						}
					},
					"position": {
						"0.0": {
							"post": [0, 0, 0],
							"lerp_mode": "catmullrom"
						},
						"0.375": {
							"post": [0, 0, 0],
							"lerp_mode": "catmullrom"
						},
						"0.5": {
							"post": [0, 0, 0],
							"lerp_mode": "catmullrom"
						},
						"0.7917": {
							"post": [0, 0, 0],
							"lerp_mode": "catmullrom"
						}
					}
				},
				"head": {
					"rotation": {
						"0.0": {
							"post": [1.0905, -17.49042, -0.58824],
							"lerp_mode": "catmullrom"
						},
						"0.0417": {
							"post": [11, 0, 0],
							"lerp_mode": "catmullrom"
						},
						"0.1667": {
							"post": [-9.58, 0, 0],
							"lerp_mode": "catmullrom"
						},
						"0.375": {
							"post": [-7, 0, 0],
							"lerp_mode": "catmullrom"
						},
						"0.5": {
							"post": [21.0905, -17.49042, -0.58824],
							"lerp_mode": "catmullrom"
						},
						"0.9167": {
							"post": [-9.3, 0, 0],
							"lerp_mode": "catmullrom"
						}
					},
					"position": {
						"0.0": {
							"post": [0, -0.1, 0],
							"lerp_mode": "catmullrom"
						},
						"0.5": {
							"post": [0, -0.1, 0],
							"lerp_mode": "catmullrom"
						},
						"0.9167": {
							"post": [0, -0.2, 0],
							"lerp_mode": "catmullrom"
						}
					}
				},
				"brow_right": {
					"rotation": {
						"0.0": [0, 0, 20],
						"0.5": [0, 0, 20]
					}
				},
				"brow_left": {
					"rotation": {
						"0.0": [0, 0, -20],
						"0.5": [0, 0, -20]
					}
				},
				"mandible_left": {
					"rotation": {
						"0.0": [0, "2*(math.sin(q.anim_time*90*4+40)*1)", 0],
						"0.5": [0, "2*(math.sin(q.anim_time*90*4+40)*1)", 0],
						"0.75": [0, 0, 0]
					}
				},
				"mandible_right": {
					"rotation": {
						"0.0": [0, "-2*(math.sin(q.anim_time*90*4+40)*1)", 0],
						"0.5": [0, "-2*(math.sin(q.anim_time*90*4+40)*1)", 0],
						"0.75": [0, 0, 0]
					}
				},
				"hair": {
					"rotation": {
						"0.0": {
							"post": [0, 0, 0],
							"lerp_mode": "catmullrom"
						},
						"0.5": {
							"post": [0, 0, -7.5],
							"lerp_mode": "catmullrom"
						},
						"0.75": {
							"post": [0, 0, 5],
							"lerp_mode": "catmullrom"
						}
					},
					"scale": {
						"0.0": {
							"post": [1, 1, 1],
							"lerp_mode": "catmullrom"
						},
						"0.75": {
							"post": [1, 1, 1],
							"lerp_mode": "catmullrom"
						},
						"1.0833": {
							"post": [0, 0, 0],
							"lerp_mode": "catmullrom"
						}
					}
				}
			}
		}
	}
}