{
    "enabled": "true",
    "neededInstalledMods": [],
    "neededUninstalledMods": [],
    "spawns": [
        {
            "id": "blitzle-1",
            "pokemon": "blitzle",
            "presets": [
                "natural"
            ],
            "type": "pokemon",
            "context": "grounded",
            "bucket": "common",
            "level": "5-12",
            "weight": 3.5,
            "condition": {
                "canSeeSky": true,
                "maxY": 120,
                "biomes": [
                    "#cobblemon:is_savannah"
                ]
            }
        },
		{
            "id": "blitzle-1",
            "pokemon": "blitzle",
            "presets": [
                "natural"
            ],
            "type": "pokemon",
            "context": "grounded",
            "bucket": "common",
            "level": "5-12",
            "weight": 15.0,
            "condition": {
                "canSeeSky": true,
                "maxY": 120,
				"isThundering": true,
                "biomes": [
                    "#cobblemon:is_savannah"
                ]
            }
        }
    ]
}