{
	"format_version": "1.12.0",
	"minecraft:geometry": [
		{
			"description": {
				"identifier": "geometry.manafreed",
				"texture_width": 256,
				"texture_height": 256,
				"visible_bounds_width": 7,
				"visible_bounds_height": 3.5,
				"visible_bounds_offset": [0, 1.25, 0]
			},
			"bones": [
				{
					"name": "manafreed",
					"pivot": [0, 0, 0]
				},
				{
					"name": "body",
					"parent": "manafreed",
					"pivot": [0, 12.125, -0.0625],
					"cubes": [
						{"origin": [-13, 2, -13], "size": [26, 21, 26], "uv": [0, 0]},
						{"origin": [-13.5, 15.5, -13.5], "size": [27, 8, 27], "uv": [0, 47]},
						{"origin": [-11.5, 22.5, 9], "size": [3, 8, 0], "pivot": [-10.5, 26.5, 9], "rotation": [-12.94724, -23.13532, -9.2299], "uv": [142, 0]},
						{"origin": [-11.54616, 22.57375, 9.19645], "size": [3, 8, 0], "pivot": [-10.04616, 26.57375, 9.19645], "rotation": [-27.67209, 63.66309, -39.56292], "uv": [154, 0]},
						{"origin": [-7.5, 22.5, 12], "size": [3, 6, 0], "pivot": [-6.5, 26.5, 12], "rotation": [-11.82763, -3.16471, 3.01146], "uv": [148, 0]},
						{"origin": [-7.54157, 22.49576, 11.82295], "size": [3, 6, 0], "pivot": [-6.04157, 25.49576, 11.82295], "rotation": [-74.90359, 77.76213, -72.22002], "uv": [160, 0]}
					]
				},
				{
					"name": "neck1",
					"parent": "body",
					"pivot": [0, 11.25, -13],
					"cubes": [
						{"origin": [-10, 3, -18], "size": [20, 17, 7], "uv": [62, 82]},
						{"origin": [-10.5, 13.5, -18.5], "size": [21, 7, 8], "uv": [0, 99]}
					]
				},
				{
					"name": "arm_right",
					"parent": "neck1",
					"pivot": [-10, 5, -15.5],
					"rotation": [0, -90, 0],
					"cubes": [
						{"origin": [-12, 4.5, -16.5], "size": [4, 1, 5], "uv": [0, 66]}
					]
				},
				{
					"name": "flipper_right",
					"parent": "arm_right",
					"pivot": [-12, 5, -11.5],
					"cubes": [
						{"origin": [-13, 4.5, -11.5], "size": [7, 1, 5], "uv": [0, 15]}
					]
				},
				{
					"name": "flipper_right2",
					"parent": "flipper_right",
					"pivot": [-12.5, 5.5, -6.5],
					"cubes": [
						{"origin": [-12.5, 4.5, -6.5], "size": [6, 1, 4], "uv": [0, 53]}
					]
				},
				{
					"name": "arm_left",
					"parent": "neck1",
					"pivot": [10, 5, -15.5],
					"rotation": [0, 90, 0],
					"cubes": [
						{"origin": [8, 4.5, -16.5], "size": [4, 1, 5], "uv": [9, 58]}
					]
				},
				{
					"name": "flipper_left",
					"parent": "arm_left",
					"pivot": [12, 5, -11.5],
					"cubes": [
						{"origin": [6, 4.5, -11.5], "size": [7, 1, 5], "uv": [0, 9]}
					]
				},
				{
					"name": "flipper_left2",
					"parent": "flipper_left",
					"pivot": [12.5, 5.5, -6.5],
					"cubes": [
						{"origin": [6.5, 4.5, -6.5], "size": [6, 1, 4], "uv": [0, 21]}
					]
				},
				{
					"name": "neck2",
					"parent": "neck1",
					"pivot": [0, 9.5, -18],
					"cubes": [
						{"origin": [-8, 4, -21], "size": [16, 12, 5], "uv": [58, 106]}
					]
				},
				{
					"name": "head",
					"parent": "neck2",
					"pivot": [0, 9.52115, -21.125],
					"cubes": [
						{"origin": [-4.5, 5.5, -28], "size": [9, 7, 9], "uv": [116, 87]},
						{"origin": [-6.5, 3.5, -21.75], "size": [13, 9, 2], "pivot": [0, 8, -21.75], "rotation": [-15, 0, 0], "uv": [118, 10]},
						{"origin": [-2.5, 8.1, -31.025], "size": [2, 1, 0], "pivot": [-1.5, 8.6, -31.025], "rotation": [0, 0, 15], "uv": [0, 10]},
						{"origin": [0.5, 8.1, -31.025], "size": [2, 1, 0], "pivot": [1.5, 8.6, -31.025], "rotation": [0, 0, -15], "uv": [0, 9]},
						{"origin": [-3.5, 6.5, -31], "size": [7, 3, 3], "uv": [0, 47]},
						{"origin": [-5.5, 6.5, -31], "size": [2, 3, 3], "pivot": [-3.5, 9.5, -30], "rotation": [0, 0, -15], "uv": [94, 20]},
						{"origin": [3.5, 6.5, -31], "size": [2, 3, 3], "pivot": [3.5, 9.5, -30], "rotation": [0, 0, 15], "uv": [17, 50]}
					]
				},
				{
					"name": "beard1",
					"parent": "head",
					"pivot": [0, 6, -24.5],
					"cubes": [
						{"origin": [-5, 2.5, -27], "size": [10, 4, 5], "uv": [118, 21]}
					]
				},
				{
					"name": "beard2",
					"parent": "beard1",
					"pivot": [0, 2.5, -24.5],
					"cubes": [
						{"origin": [-4, -2.5, -26], "size": [8, 6, 3], "uv": [0, 0]}
					]
				},
				{
					"name": "beard3",
					"parent": "beard2",
					"pivot": [0, -2.5, -24.5],
					"cubes": [
						{"origin": [-2, -7.5, -25], "size": [4, 6, 1], "uv": [16, 64]}
					]
				},
				{
					"name": "beard4",
					"parent": "beard3",
					"pivot": [0, -7.5, -24.5],
					"cubes": [
						{"origin": [-1.5, -13.5, -24.5], "size": [3, 6, 0], "uv": [0, 58]}
					]
				},
				{
					"name": "helmet",
					"parent": "head",
					"pivot": [0, 11.375, -23.5],
					"rotation": [-5, 0, 0],
					"cubes": [
						{"origin": [-4, 13.5, -27.5], "size": [8, 2, 8], "uv": [118, 0]},
						{"origin": [-8, 12.5, -23.5], "size": [5, 6, 0], "pivot": [-5.5, 15.5, -23.5], "rotation": [0, 0, -47.5], "uv": [52, 85]},
						{"origin": [3, 12.5, -23.5], "size": [5, 6, 0], "pivot": [5.5, 15.5, -23.5], "rotation": [0, 0, 47.5], "uv": [0, 82]},
						{"origin": [-5, 10.5, -28.5], "size": [10, 3, 10], "uv": [0, 114]},
						{"origin": [-2, 8.5, -28.5], "size": [4, 2, 1], "uv": [0, 88]}
					]
				},
				{
					"name": "eye_left",
					"parent": "head",
					"pivot": [-4.51, 9.25, -25],
					"cubes": [
						{"origin": [-4.51, 8.25, -27], "size": [0, 2, 4], "pivot": [-4.4625, 9.25, -25], "rotation": [-12.5, 0, 0], "uv": [18, 67]}
					]
				},
				{
					"name": "eye_right",
					"parent": "head",
					"pivot": [4.51, 9.25, -25],
					"cubes": [
						{"origin": [4.51, 8.25, -27], "size": [0, 2, 4], "pivot": [4.4625, 9.25, -25], "rotation": [-12.5, 0, 0], "uv": [16, 19]}
					]
				},
				{
					"name": "eyelid_left",
					"parent": "head",
					"pivot": [-4.415, 9.25, -25],
					"cubes": [
						{"origin": [-4.415, 8.25, -27], "size": [0, 2, 4], "pivot": [-4.4625, 9.25, -25], "rotation": [-12.5, 0, 0], "uv": [17, 43]}
					]
				},
				{
					"name": "eyelid_right",
					"parent": "head",
					"pivot": [4.415, 9.25, -25],
					"cubes": [
						{"origin": [4.415, 8.25, -27], "size": [0, 2, 4], "pivot": [4.4625, 9.25, -25], "rotation": [-12.5, 0, 0], "uv": [16, 17]}
					]
				},
				{
					"name": "jaw",
					"parent": "head",
					"pivot": [0, 6.5, -28],
					"cubes": [
						{"origin": [-2.5, 5.5, -29.5], "size": [5, 1, 2], "inflate": -0.001, "uv": [52, 82]}
					]
				},
				{
					"name": "tail1",
					"parent": "body",
					"pivot": [0, 11, 13],
					"cubes": [
						{"origin": [-10, 3, 11], "size": [20, 17, 9], "uv": [81, 47]},
						{"origin": [-10.5, 13.5, 10.5], "size": [21, 7, 10], "uv": [0, 82]}
					]
				},
				{
					"name": "tail2",
					"parent": "tail1",
					"pivot": [0, 8, 20],
					"cubes": [
						{"origin": [-8, 4, 18], "size": [16, 9, 5], "uv": [109, 73]},
						{"origin": [-8.5, 10.5, 17.5], "size": [17, 3, 6], "uv": [104, 37]}
					]
				},
				{
					"name": "tail3",
					"parent": "tail2",
					"pivot": [0, 8, 23],
					"cubes": [
						{"origin": [-6, 7, 21], "size": [12, 2, 7], "uv": [93, 117]}
					]
				},
				{
					"name": "tail4",
					"parent": "tail3",
					"pivot": [0, 8, 28],
					"cubes": [
						{"origin": [-10, 8, 28], "size": [20, 0, 20], "uv": [58, 0]}
					]
				},
				{
					"name": "sword_body",
					"parent": "manafreed",
					"pivot": [0, 12.125, -0.0625]
				},
				{
					"name": "sword_neck1",
					"parent": "sword_body",
					"pivot": [0, 11.25, -13]
				},
				{
					"name": "sword_arm_right",
					"parent": "sword_neck1",
					"pivot": [-10, 5, -15.5],
					"rotation": [0, -90, 0]
				},
				{
					"name": "sword_flipper_right",
					"parent": "sword_arm_right",
					"pivot": [-12, 5, -11.5]
				},
				{
					"name": "sword_flipper_right2",
					"parent": "sword_flipper_right",
					"pivot": [-12.5, 5.5, -6.5]
				},
				{
					"name": "sword",
					"parent": "sword_flipper_right2",
					"pivot": [-10, 4, -5.5],
					"rotation": [90, 0, -90],
					"cubes": [
						{"origin": [-10.5, 3.5, -9.5], "size": [1, 1, 7], "pivot": [-10, 4, 1], "rotation": [0, 0, 90], "uv": [0, 58]},
						{"origin": [-13, 3, -2.5], "size": [6, 2, 2], "pivot": [-10, 4, 1], "rotation": [0, 0, 90], "uv": [78, 20]},
						{"origin": [-13.5, 4, -0.5], "size": [7, 0, 17], "pivot": [-10, 4, 1], "rotation": [0, 0, 90], "uv": [87, 20]}
					]
				}
			]
		}
	]
}