{
	"format_version": "1.12.0",
	"minecraft:geometry": [
		{
			"description": {
				"identifier": "geometry.stingwing_pup",
				"texture_width": 128,
				"texture_height": 128,
				"visible_bounds_width": 4,
				"visible_bounds_height": 3.5,
				"visible_bounds_offset": [0, 1.25, 0]
			},
			"bones": [
				{
					"name": "stingwing",
					"pivot": [0, 0, 0]
				},
				{
					"name": "body",
					"parent": "stingwing",
					"pivot": [0, 0, 0]
				},
				{
					"name": "leftleg",
					"parent": "body",
					"pivot": [1.9, 10.9, 0],
					"cubes": [
						{"origin": [0.9, 6.9, -1.5], "size": [2, 4, 3], "inflate": 0.3, "uv": [52, 22]}
					]
				},
				{
					"name": "leftknee",
					"parent": "leftleg",
					"pivot": [1.9, 6.7, -0.8],
					"cubes": [
						{"origin": [0.9, 2.4, -0.8], "size": [2, 4, 2], "inflate": 0.3, "uv": [36, 53]}
					]
				},
				{
					"name": "leftfoot",
					"parent": "leftknee",
					"pivot": [1.9, 2.025, 0.175],
					"cubes": [
						{"origin": [0.9, -0.1, -2.5], "size": [2, 2, 4], "inflate": 0.31, "uv": [32, 47]},
						{"origin": [1.4, -0.1, 1.5], "size": [1, 1, 1], "inflate": 0.31, "uv": [28, 51]},
						{"origin": [2.1, -0.4, -3.5], "size": [1, 2, 1], "uv": [36, 59]},
						{"origin": [0.7, -0.4, -3.5], "size": [1, 2, 1], "uv": [28, 48]}
					]
				},
				{
					"name": "rightleg",
					"parent": "body",
					"pivot": [-1.9, 10.9, 0],
					"cubes": [
						{"origin": [-2.9, 6.9, -1.5], "size": [2, 4, 3], "inflate": 0.3, "uv": [50, 0]}
					]
				},
				{
					"name": "rightknee",
					"parent": "rightleg",
					"pivot": [-1.9, 6.7, -0.8],
					"cubes": [
						{"origin": [-2.9, 2.4, -0.8], "size": [2, 4, 2], "inflate": 0.3, "uv": [56, 16]}
					]
				},
				{
					"name": "rightfoot",
					"parent": "rightknee",
					"pivot": [-1.9, 2.025, 0.175],
					"cubes": [
						{"origin": [-2.9, -0.1, -2.5], "size": [2, 2, 4], "inflate": 0.31, "uv": [44, 16]},
						{"origin": [-3.1, -0.4, -3.5], "size": [1, 2, 1], "uv": [12, 49]},
						{"origin": [-1.7, -0.4, -3.5], "size": [1, 2, 1], "uv": [6, 59]},
						{"origin": [-2.4, -0.1, 1.5], "size": [1, 1, 1], "inflate": 0.31, "uv": [40, 59]}
					]
				},
				{
					"name": "torso",
					"parent": "body",
					"pivot": [0, 11.9, 0],
					"cubes": [
						{"origin": [-2.5, 10.9, -2.5], "size": [5, 2, 5], "inflate": 0.3, "uv": [20, 33]}
					]
				},
				{
					"name": "uppertorso",
					"parent": "torso",
					"pivot": [0, 12.5, 0],
					"cubes": [
						{"origin": [-2.5, 12.5, -2.5], "size": [5, 2, 5], "uv": [0, 33]}
					]
				},
				{
					"name": "chest",
					"parent": "uppertorso",
					"pivot": [0, 16.5, 0],
					"cubes": [
						{"origin": [-3.5, 14.5, -3], "size": [7, 4, 6], "inflate": 0.01, "uv": [0, 13]},
						{"origin": [-3.5, 14.5, -3], "size": [7, 4, 6], "inflate": 0.3, "uv": [73, 0]}
					]
				},
				{
					"name": "rightarm",
					"parent": "chest",
					"pivot": [-3, 17.3, 0.5],
					"cubes": [
						{"origin": [-6.5, 16.3, -1], "size": [3, 2, 3], "uv": [44, 47]}
					]
				},
				{
					"name": "rightelbow",
					"parent": "rightarm",
					"pivot": [-6.7, 17.3, 0.5],
					"cubes": [
						{"origin": [-9.5, 16.3, -1], "size": [3, 2, 3], "inflate": 0.2, "uv": [16, 48]}
					]
				},
				{
					"name": "righthand",
					"parent": "rightelbow",
					"pivot": [-9.92223, 17.33333, 0.63719],
					"cubes": [
						{"origin": [-12.5, 16.3, -0.5], "size": [3, 2, 2], "uv": [48, 43]},
						{"origin": [-13.5, 16.2, -0.8], "size": [2, 1, 2], "pivot": [-12, 17.2, 0.2], "rotation": [3.17805, -32.36121, -5.92236], "uv": [18, 75]},
						{"origin": [-13.5, 17.5, -0.8], "size": [2, 1, 2], "pivot": [-12, 17.5, 0.2], "rotation": [-3.17805, -32.36121, 5.92236], "uv": [0, 78]}
					]
				},
				{
					"name": "leftarm",
					"parent": "chest",
					"pivot": [3.5, 17.3, 0.5],
					"cubes": [
						{"origin": [3.5, 16.3, -1], "size": [3, 2, 3], "uv": [24, 53]}
					]
				},
				{
					"name": "leftelbow",
					"parent": "leftarm",
					"pivot": [7, 17.3, 0.5],
					"cubes": [
						{"origin": [6.5, 16.3, -1], "size": [3, 2, 3], "inflate": 0.2, "uv": [0, 54]}
					]
				},
				{
					"name": "lefthand",
					"parent": "leftelbow",
					"pivot": [9.62223, 17.33333, 0.13719],
					"cubes": [
						{"origin": [9.5, 16.3, -0.5], "size": [3, 2, 2], "uv": [56, 47]},
						{"origin": [11.5, 17.5, -0.8], "size": [2, 1, 2], "pivot": [12, 17.5, 0.2], "rotation": [-3.17805, 32.36121, -5.92236], "uv": [58, 10]},
						{"origin": [11.5, 16.2, -0.8], "size": [2, 1, 2], "pivot": [12, 17.2, 0.2], "rotation": [3.17805, 32.36121, 5.92236], "uv": [12, 58]}
					]
				},
				{
					"name": "neck",
					"parent": "chest",
					"pivot": [0, 18.5, 0],
					"cubes": [
						{"origin": [-2, 17.5, -2], "size": [4, 3, 4], "uv": [32, 40]}
					]
				},
				{
					"name": "head",
					"parent": "neck",
					"pivot": [0, 21.49424, 0.07193],
					"cubes": [
						{"origin": [-5, 25.31738, 0.4997], "size": [3, 2, 4], "inflate": 0.01, "pivot": [-3.5, 26.81738, 1.9997], "rotation": [17.89807, -11.91276, -3.81397], "uv": [40, 32]},
						{"origin": [2, 25.31738, 0.4997], "size": [3, 2, 4], "inflate": 0.01, "pivot": [3.5, 26.81738, 1.9997], "rotation": [17.89807, 11.91276, 3.81397], "uv": [44, 10]},
						{"origin": [-4.58397, 20, -4.26891], "size": [6, 7, 3], "pivot": [-1.58397, 23.5, -2.76891], "rotation": [0, 35, 0], "uv": [18, 23]},
						{"origin": [0.80814, 22.37161, -4.53208], "size": [3, 2, 0], "inflate": 0.02, "pivot": [1.30814, 23.12161, -3.03208], "rotation": [3.49226, -34.84748, -6.0963], "uv": [40, 38]},
						{"origin": [-0.80814, 22.37161, -4.53208], "size": [1, 1, 0], "inflate": 0.02, "pivot": [-1.30814, 23.12161, -3.03208], "rotation": [3.49226, 34.84748, 6.0963], "uv": [42, 10]},
						{"origin": [-0.19186, 22.37161, -4.53208], "size": [1, 1, 0], "inflate": 0.02, "pivot": [1.30814, 23.12161, -3.03208], "rotation": [3.49226, -34.84748, -6.0963], "uv": [42, 11]},
						{"origin": [-4.9041, 22.61954, -2.8544], "size": [1, 1, 0], "pivot": [-3.90538, 23.15524, -2.85351], "rotation": [2.86718, 0.02259, 1.59718], "uv": [42, 12]},
						{"origin": [-5, 20, -2.5], "size": [10, 7, 6], "inflate": 0.02, "uv": [0, 0]},
						{"origin": [-0.62003, 20.4, -4.26891], "size": [2, 1, 0], "inflate": 0.02, "pivot": [-1.62003, 23.9, -2.76891], "rotation": [0, 35, 0], "uv": [36, 32]},
						{"origin": [-0.41603, 19.8, -4.36891], "size": [1, 1, 0], "inflate": 0.03, "pivot": [1.58397, 23.3, -2.86891], "rotation": [0, -35, 0], "uv": [46, 38]},
						{"origin": [-1, 26.5, -0.5], "size": [2, 2, 6], "inflate": 0.02, "pivot": [0, 17.5, 4.5], "rotation": [15, 0, 0], "uv": [16, 40]},
						{"origin": [-0.58397, 19.8, -4.36891], "size": [1, 1, 0], "inflate": 0.03, "pivot": [-1.58397, 23.3, -2.86891], "rotation": [0, 35, 0], "uv": [46, 39]},
						{"origin": [-1.37997, 20.4, -4.26891], "size": [2, 1, 0], "inflate": 0.02, "pivot": [1.62003, 23.9, -2.76891], "rotation": [0, -35, 0], "uv": [12, 52]},
						{"origin": [3.1041, 23.51954, -2.8544], "size": [2, 1, 0], "pivot": [4.10538, 24.05524, -2.85351], "rotation": [2.74147, 0.8403, -19.07651], "uv": [58, 15]},
						{"origin": [-3.80814, 22.37161, -4.53208], "size": [3, 2, 0], "inflate": 0.02, "pivot": [-1.30814, 23.12161, -3.03208], "rotation": [3.49226, 34.84748, 6.0963], "uv": [58, 13]},
						{"origin": [3.9041, 22.61954, -2.8544], "size": [1, 1, 0], "pivot": [3.90538, 23.15524, -2.85351], "rotation": [2.86718, -0.02259, -1.59718], "uv": [50, 22]},
						{"origin": [-5.1041, 23.51954, -2.8544], "size": [2, 1, 0], "pivot": [-4.10538, 24.05524, -2.85351], "rotation": [2.74147, -0.8403, 19.07651], "uv": [60, 6]},
						{"origin": [0.08397, 24.7, -4.66891], "size": [3, 1, 0], "inflate": 0.02, "pivot": [1.08397, 25.2, -3.16891], "rotation": [8.61775, -34.05444, -15.14371], "uv": [44, 22]},
						{"origin": [-3.08397, 24.7, -4.66891], "size": [3, 1, 0], "inflate": 0.02, "pivot": [-1.08397, 25.2, -3.16891], "rotation": [8.61775, 34.05444, 15.14371], "uv": [54, 37]},
						{"origin": [1.50814, 22.97161, -4.13208], "size": [1, 1, 0], "inflate": 0.02, "pivot": [2.00814, 23.72161, -2.63208], "rotation": [3.49226, -34.84748, -6.0963], "uv": [59, 31]},
						{"origin": [-2.50814, 22.97161, -4.13208], "size": [1, 1, 0], "inflate": 0.02, "pivot": [-2.00814, 23.72161, -2.63208], "rotation": [3.49226, 34.84748, 6.0963], "uv": [58, 31], "mirror": true},
						{"origin": [-1.41603, 20, -4.26891], "size": [6, 7, 3], "inflate": 0.01, "pivot": [1.58397, 23.5, -2.76891], "rotation": [0, -35, 0], "uv": [18, 23], "mirror": true}
					]
				},
				{
					"name": "eyelids",
					"parent": "head",
					"pivot": [0, 23.1, -2.99764],
					"cubes": [
						{"origin": [-0.31603, 21.6, -3.26891], "size": [4, 3, 0], "inflate": 0.1, "pivot": [1.68397, 23.1, -1.76891], "rotation": [0, -35, 0], "uv": [26, 0], "mirror": true},
						{"origin": [-3.68397, 21.6, -3.26891], "size": [4, 3, 0], "inflate": 0.1, "pivot": [-1.68397, 23.1, -1.76891], "rotation": [0, 35, 0], "uv": [26, 0]}
					]
				},
				{
					"name": "leftwing",
					"parent": "chest",
					"pivot": [2.43353, 16.5, 3.08761],
					"cubes": [
						{"origin": [1.5, 14.5, 3], "size": [0, 4, 19], "pivot": [1.5, 16.5, 2.5], "rotation": [0, 52.5, 0], "uv": [90, -2]}
					]
				},
				{
					"name": "rightwing",
					"parent": "chest",
					"pivot": [-2.43353, 16.5, 3.08761],
					"cubes": [
						{"origin": [-1.5, 14.5, 3], "size": [0, 4, 19], "pivot": [-1.5, 16.5, 2.5], "rotation": [0, -52.5, 0], "uv": [90, -2], "mirror": true}
					]
				},
				{
					"name": "leftarm2",
					"parent": "chest",
					"pivot": [3.0326, 15.38803, 0.5],
					"cubes": [
						{"origin": [3.00278, 14.31876, -1], "size": [3, 2, 3], "pivot": [2.88185, 14.99013, 0.09408], "rotation": [0, 0, 15], "uv": [48, 38]}
					]
				},
				{
					"name": "leftelbow2",
					"parent": "leftarm2",
					"pivot": [6.36223, 14.39395, 0.5],
					"cubes": [
						{"origin": [5.94151, 14.28409, -1], "size": [3, 2, 3], "inflate": 0.2, "pivot": [2.88185, 14.99013, 0.09408], "rotation": [0, 0, 15], "uv": [0, 49]}
					]
				},
				{
					"name": "lefthand2",
					"parent": "leftelbow2",
					"pivot": [9.20257, 13.60532, 0.13719],
					"cubes": [
						{"origin": [8.94151, 14.28409, -0.5], "size": [3, 2, 2], "pivot": [2.88185, 14.49013, 0.09408], "rotation": [0, 0, 15], "uv": [54, 29]},
						{"origin": [9.5686, 14.8576, 3.78252], "size": [2, 1, 2], "pivot": [2.88185, 14.89013, 0.09408], "rotation": [-3.17805, 32.36121, 9.07764], "uv": [56, 51]},
						{"origin": [9.50864, 14.80796, 3.78252], "size": [2, 1, 2], "pivot": [2.88185, 15.09013, 0.09408], "rotation": [3.17805, 32.36121, 20.92236], "uv": [56, 54]}
					]
				},
				{
					"name": "rightarm2",
					"parent": "chest",
					"pivot": [-3.0326, 15.38803, 0.5],
					"cubes": [
						{"origin": [-6.00278, 14.31876, -1], "size": [3, 2, 3], "pivot": [-2.88185, 14.99013, 0.09408], "rotation": [0, 0, -15], "uv": [44, 52]}
					]
				},
				{
					"name": "rightelbow2",
					"parent": "rightarm2",
					"pivot": [-6.56223, 14.29395, 0.5],
					"cubes": [
						{"origin": [-8.94151, 14.28409, -1], "size": [3, 2, 3], "inflate": 0.2, "pivot": [-2.88185, 14.99013, 0.09408], "rotation": [0, 0, -15], "uv": [12, 53]}
					]
				},
				{
					"name": "righthand2",
					"parent": "rightelbow2",
					"pivot": [-9.20257, 13.60532, 0.13719],
					"cubes": [
						{"origin": [-11.50864, 14.80796, 3.78252], "size": [2, 1, 2], "pivot": [-2.88185, 15.09013, 0.09408], "rotation": [3.17805, -32.36121, -20.92236], "uv": [22, 125]},
						{"origin": [-11.5686, 14.8576, 3.78252], "size": [2, 1, 2], "pivot": [-2.88185, 14.89013, 0.09408], "rotation": [-3.17805, -32.36121, -9.07764], "uv": [12, 125]},
						{"origin": [-11.94151, 14.28409, -0.5], "size": [3, 2, 2], "pivot": [-2.88185, 14.49013, 0.09408], "rotation": [0, 0, -15], "uv": [54, 33]}
					]
				},
				{
					"name": "tail",
					"parent": "torso",
					"pivot": [0, 12, 2]
				},
				{
					"name": "lefttail",
					"parent": "tail",
					"pivot": [0.87548, 11.9, 2.49865],
					"cubes": [
						{"origin": [-1.2, 9.4, 4.5], "size": [4, 5, 5], "pivot": [0.3, 11.4, 2.5], "rotation": [0, 20, 0], "uv": [26, 13]},
						{"origin": [0.3, 10.9, 2.5], "size": [1, 2, 2], "pivot": [0.8, 11.9, 2.5], "rotation": [0, 20, 0], "uv": [30, 58]}
					]
				},
				{
					"name": "leftstinger",
					"parent": "lefttail",
					"pivot": [3.19454, 9.733, 8.50837],
					"cubes": [
						{"origin": [0.55972, 8.13205, 8.01056], "size": [3, 4, 5], "inflate": 0.04, "pivot": [2.05972, 10.13205, 6.01056], "rotation": [30, 20, 0], "uv": [36, 23]},
						{"origin": [2.98121, 13.58205, 9.71404], "size": [2, 2, 2], "pivot": [4.48121, 14.58205, 11.21404], "rotation": [85, 20, 0], "uv": [58, 43]}
					]
				},
				{
					"name": "righttail",
					"parent": "tail",
					"pivot": [-0.92548, 11.9, 2.49865],
					"cubes": [
						{"origin": [-1.3, 10.9, 2.5], "size": [1, 2, 2], "pivot": [-0.8, 11.9, 2.5], "rotation": [0, -20, 0], "uv": [0, 59]},
						{"origin": [-2.8, 9.4, 4.5], "size": [4, 5, 5], "pivot": [-0.3, 11.4, 2.5], "rotation": [0, -20, 0], "uv": [32, 0]}
					]
				},
				{
					"name": "rightstinger",
					"parent": "righttail",
					"pivot": [-3.19454, 9.733, 8.70837],
					"cubes": [
						{"origin": [-4.98121, 13.58205, 9.71404], "size": [2, 2, 2], "pivot": [-4.48121, 14.58205, 11.21404], "rotation": [85, -20, 0], "uv": [22, 58]},
						{"origin": [-3.55972, 8.13205, 8.01056], "size": [3, 4, 5], "inflate": 0.04, "pivot": [-2.05972, 10.13205, 6.01056], "rotation": [30, -20, 0], "uv": [0, 40]}
					]
				}
			]
		}
	]
}