{
	"format_version": "1.12.0",
	"minecraft:geometry": [
		{
			"description": {
				"identifier": "geometry.haghoula",
				"texture_width": 128,
				"texture_height": 128,
				"visible_bounds_width": 6,
				"visible_bounds_height": 3.5,
				"visible_bounds_offset": [0, 1.25, 0]
			},
			"bones": [
				{
					"name": "haghoula",
					"pivot": [0, 0, 0]
				},
				{
					"name": "body",
					"parent": "haghoula",
					"pivot": [0, 0, 0]
				},
				{
					"name": "tail",
					"parent": "body",
					"pivot": [-0.5, 0, -5],
					"cubes": [
						{"origin": [-2, 0, -5], "size": [4, 4, 10], "uv": [32, 28]}
					]
				},
				{
					"name": "tail2",
					"parent": "tail",
					"pivot": [0, 0, 5],
					"cubes": [
						{"origin": [-1.5, 0, 5], "size": [3, 4, 10], "inflate": 0.01, "uv": [30, 42]}
					]
				},
				{
					"name": "tail3",
					"parent": "tail2",
					"pivot": [0, 0, 15],
					"cubes": [
						{"origin": [-1, 0, 15], "size": [2, 3, 10], "uv": [56, 42]}
					]
				},
				{
					"name": "tail4",
					"parent": "tail3",
					"pivot": [0, 0, 25],
					"cubes": [
						{"origin": [-0.5, 0, 25], "size": [1, 2, 10], "inflate": 0.01, "uv": [60, 14]}
					]
				},
				{
					"name": "torso",
					"parent": "body",
					"pivot": [0, 0, -5],
					"rotation": [-67.5, 0, 0],
					"cubes": [
						{"origin": [-2.5, 0, -15], "size": [5, 5, 10], "inflate": 0.01, "uv": [0, 32]}
					]
				},
				{
					"name": "upper_torso",
					"parent": "torso",
					"pivot": [0, 0, -15],
					"rotation": [-17.5, 0, 0],
					"cubes": [
						{"origin": [-2, 0, -25], "size": [4, 4, 10], "uv": [32, 14]}
					]
				},
				{
					"name": "head",
					"parent": "upper_torso",
					"pivot": [0, 1.5, -25],
					"rotation": [-5, 0, 0],
					"cubes": [
						{"origin": [-4, -1.75, -31.75], "size": [8, 7, 7], "uv": [32, 0]},
						{"origin": [-4, -2.75, -36.25], "size": [7, 4, 7], "pivot": [0, 0.25, -32.25], "rotation": [0, -45, 0], "uv": [78, 30]},
						{"origin": [-2, 1.25, -34.25], "size": [5, 3, 5], "pivot": [0, 2.25, -32.25], "rotation": [0, -45, 0], "uv": [24, 69]},
						{"origin": [-3.1, -1.76, -26], "size": [2, 0, 1], "pivot": [-1.1, -1.76, -26], "rotation": [0, -15, 0], "uv": [56, 55]},
						{"origin": [1.1, -1.76, -26], "size": [2, 0, 1], "pivot": [1.1, -1.76, -26], "rotation": [0, 15, 0], "uv": [62, 55]},
						{"origin": [1.1, -1.76, -28], "size": [1, 0, 2], "inflate": 0.01, "uv": [60, 40]},
						{"origin": [-2.1, -1.76, -28], "size": [1, 0, 2], "inflate": 0.01, "uv": [62, 11]},
						{"origin": [-1.5, -1.76, -28], "size": [3, 0, 1], "uv": [61, 13]}
					]
				},
				{
					"name": "eyelid_right",
					"parent": "head",
					"pivot": [-2.75, -1, -27.25],
					"cubes": [
						{"origin": [-3.75, -1.5, -27.75], "size": [2, 1, 1], "inflate": 0.015, "uv": [56, 0], "mirror": true}
					]
				},
				{
					"name": "eyelid_left",
					"parent": "head",
					"pivot": [0, -1.25, -27.25],
					"cubes": [
						{"origin": [1.75, -1.5, -27.75], "size": [2, 1, 1], "inflate": 0.015, "uv": [56, 0]}
					]
				},
				{
					"name": "eye_left",
					"parent": "head",
					"pivot": [4, -1.76, -26.75],
					"cubes": [
						{"origin": [2, -1.76, -28.75], "size": [2, 0, 2], "uv": [60, 36]}
					]
				},
				{
					"name": "eye_right",
					"parent": "head",
					"pivot": [-4, -1.76, -26.75],
					"cubes": [
						{"origin": [-4, -1.76, -28.75], "size": [2, 0, 2], "uv": [60, 38]}
					]
				},
				{
					"name": "arm_left",
					"parent": "torso",
					"pivot": [2, 2, -12],
					"rotation": [90, 17.5, 90],
					"cubes": [
						{"origin": [0.5, 1.5, -12.5], "size": [3, 3, 8], "inflate": -0.49, "uv": [62, 0]}
					]
				},
				{
					"name": "arm_left2",
					"parent": "arm_left",
					"pivot": [2, 1.5, -5],
					"rotation": [40, 0, 0],
					"cubes": [
						{"origin": [0, 1, -5], "size": [4, 4, 8], "uv": [52, 56]}
					]
				},
				{
					"name": "arm_left3",
					"parent": "arm_left2",
					"pivot": [2, 5, 3],
					"rotation": [-40, 0, 0],
					"cubes": [
						{"origin": [-0.5, 0.5, 3.8], "size": [5, 5, 8], "inflate": 0.8, "uv": [0, 47]}
					]
				},
				{
					"name": "arm_left4",
					"parent": "arm_left3",
					"pivot": [2, 7, 13],
					"rotation": [-15, 0, 0],
					"cubes": [
						{"origin": [-2, -1, 13], "size": [8, 8, 8], "inflate": 0.4, "uv": [0, 0]}
					]
				},
				{
					"name": "arm_right",
					"parent": "torso",
					"pivot": [-2, 2, -12],
					"rotation": [90, -17.5, -90],
					"cubes": [
						{"origin": [-3.5, 1.5, -12.5], "size": [3, 3, 8], "inflate": -0.49, "uv": [52, 68]}
					]
				},
				{
					"name": "arm_right2",
					"parent": "arm_right",
					"pivot": [-2, 1.5, -5],
					"rotation": [40, 0, 0],
					"cubes": [
						{"origin": [-4, 1, -5], "size": [4, 4, 8], "uv": [0, 60]}
					]
				},
				{
					"name": "arm_right3",
					"parent": "arm_right2",
					"pivot": [-2, 5, 3],
					"rotation": [-40, 0, 0],
					"cubes": [
						{"origin": [-4.5, 0.5, 3.8], "size": [5, 5, 8], "inflate": 0.8, "uv": [26, 56]}
					]
				},
				{
					"name": "arm_right4",
					"parent": "arm_right3",
					"pivot": [-2, 7, 13],
					"rotation": [-15, 0, 0],
					"cubes": [
						{"origin": [-6, -1, 13], "size": [8, 8, 8], "inflate": 0.4, "uv": [0, 16]}
					]
				}
			]
		}
	]
}