{
	"format_version": "1.8.0",
	"animations": {
		"animation.regilu.ground_idle": {
			"loop": true,
			"animation_length": 7.12,
			"bones": {
				"head": {
					"rotation": {
						"0.0": [0, 0, 0],
						"1.44": [5, 0, 0],
						"2.52": [0, 0, 0],
						"3.96": [5, 0, 0],
						"5.04": [0, 0, 0],
						"6.72": [0, 0, 0],
						"7.12": [0, 0, 0]
					},
					"position": {
						"0.0": [0, 0, 0],
						"5.04": [0, 0, 0],
						"5.72": [0, -7, 0],
						"6.12": [0, -7, 0],
						"6.72": [0, 0, 0],
						"7.12": [0, 0, 0]
					}
				},
				"arm": {
					"rotation": {
						"0.0": [0, 0, 0],
						"1.2": [15, 0, 0],
						"2.52": [0, 0, 0],
						"3.72": [15, 0, 0],
						"5.04": [0, 0, 0],
						"5.72": [-32.5, 0, 0],
						"6.72": [-10, -7.5, 0],
						"7.12": [0, 0, 0]
					}
				},
				"arm2": {
					"rotation": {
						"0.0": [0, 0, 0],
						"1.2": [15, 0, 0],
						"2.52": [0, 0, 0],
						"3.72": [15, 0, 0],
						"5.04": [0, 0, 0],
						"5.72": [-32.5, 0, 0],
						"6.72": [-10, 7.5, 0],
						"7.12": [0, 0, 0]
					}
				},
				"bone3": {
					"rotation": {
						"0.0": [0, 0, 0],
						"0.96": [-15, 0, 0],
						"2.52": [0, 0, 0],
						"3.68": [-20, 0, 0],
						"5.04": [0, 0, 0],
						"5.68": [0, 0, 0],
						"5.76": [-5, 0, 0],
						"5.84": [0, 0, 0],
						"5.92": [5, 0, 0],
						"6.0": [0, 0, 0],
						"6.24": [0, 0, 0],
						"6.44": [-25, 0, 0],
						"6.84": [0, 0, 0]
					}
				},
				"bone4": {
					"rotation": {
						"0.0": [0, 0, 0],
						"2.52": [27.5, 0, 0],
						"3.96": [0, 0, 0],
						"5.28": [-17.5, 0, 0],
						"7.0": [0, 0, 0]
					}
				},
				"bone5": {
					"rotation": {
						"0.0": [0, 0, 0],
						"2.52": [27.5, 0, 0],
						"3.96": [0, 0, 0],
						"5.28": [-17.5, 0, 0],
						"7.0": [0, 0, 0]
					}
				},
				"regilu": {
					"position": [0, 0, 0]
				}
			}
		},
		"animation.regilu.ground_walk": {
			"loop": true,
			"animation_length": 0.8,
			"bones": {
				"bone": {
					"rotation": {
						"0.0": [0, 0, 0],
						"0.32": [-7.5, 0, 0],
						"0.56": [7.5, 0, 0],
						"0.8": [0, 0, 0]
					},
					"position": {
						"0.0": [0, 0, 0],
						"0.32": [0, 10, 0],
						"0.72": [0, 0, 0],
						"0.8": [0, 0, 0]
					}
				},
				"bone3": {
					"rotation": {
						"0.0": [0, 0, 0],
						"0.32": [22.5, 0, 0],
						"0.56": [-30, 0, 0],
						"0.72": [0, 0, 0]
					}
				},
				"arm": {
					"rotation": {
						"0.0": [20, 0, 0],
						"0.6": [-20, 0, 0],
						"0.8": [20, 0, 0]
					}
				},
				"bone4": {
					"rotation": {
						"0.0": [0, 0, 0],
						"0.6": [-15, 0, 0],
						"0.8": [0, 0, 0]
					}
				},
				"arm2": {
					"rotation": {
						"0.0": [20, 0, 0],
						"0.6": [-20, 0, 0],
						"0.8": [20, 0, 0]
					}
				},
				"bone5": {
					"rotation": {
						"0.0": [0, 0, 0],
						"0.6": [-15, 0, 0],
						"0.8": [0, 0, 0]
					}
				}
			}
		}
	}
}