{
	"format_version": "1.8.0",
	"animations": {
		"animation.copptomaton.ground_idle": {
			"loop": true,
			"animation_length": 2.125,
			"bones": {
				"head": {
					"position": {
						"0.125": {
							"pre": [0, 0.25, 0],
							"post": [0, 0.25, 0],
							"lerp_mode": "catmullrom"
						},
						"0.9167": {
							"post": [0, -0.75, 0],
							"lerp_mode": "catmullrom"
						},
						"1.0833": {
							"post": [0, -0.75, 0],
							"lerp_mode": "catmullrom"
						},
						"2.0": [0, 0.25, 0]
					}
				},
				"nose": {
					"rotation": {
						"0.1667": {
							"pre": [0, 0, 0],
							"post": [0, 0, 0],
							"lerp_mode": "catmullrom"
						},
						"0.9167": {
							"post": [0, 0, 0],
							"lerp_mode": "catmullrom"
						},
						"1.125": {
							"post": [0, 0, 0],
							"lerp_mode": "catmullrom"
						},
						"2.0": [0, 0, 0]
					},
					"position": {
						"0.1667": {
							"pre": [0, 0, 0],
							"post": [0, 0, 0],
							"lerp_mode": "catmullrom"
						},
						"0.9167": {
							"post": [0, 0.5, 0],
							"lerp_mode": "catmullrom"
						},
						"1.125": {
							"post": [0, 0.5, 0],
							"lerp_mode": "catmullrom"
						},
						"2.0": [0, 0, 0]
					}
				},
				"lefteye": {
					"position": {
						"0.2083": [0, 0, 0],
						"1.125": [0, 0.75, 0],
						"2.125": [0, 0, 0]
					}
				},
				"righteye": {
					"position": {
						"0.0": [0, 0, 0],
						"0.9167": [0, 0.75, 0],
						"1.9167": [0, 0, 0]
					}
				},
				"torso": {
					"position": {
						"0.0833": {
							"pre": [0, 0.25, 0],
							"post": [0, 0.25, 0],
							"lerp_mode": "catmullrom"
						},
						"0.9167": {
							"post": [0, -0.5, 0],
							"lerp_mode": "catmullrom"
						},
						"1.0833": {
							"post": [0, -0.5, 0],
							"lerp_mode": "catmullrom"
						},
						"2.0": [0, 0.25, 0]
					}
				},
				"rightarm": {
					"rotation": {
						"0.0833": {
							"pre": [0, 0, -22.5],
							"post": [0, 0, -22.5],
							"lerp_mode": "catmullrom"
						},
						"0.9167": {
							"post": [0, 0, -10],
							"lerp_mode": "catmullrom"
						},
						"1.0833": {
							"post": [0, 0, -10],
							"lerp_mode": "catmullrom"
						},
						"2.0": [0, 0, -22.5]
					},
					"position": {
						"0.0833": {
							"pre": [0, 0.5, 0],
							"post": [0, 0.5, 0],
							"lerp_mode": "catmullrom"
						},
						"0.9167": {
							"post": [0, -0.5, 0],
							"lerp_mode": "catmullrom"
						},
						"1.0833": {
							"post": [0, -0.5, 0],
							"lerp_mode": "catmullrom"
						},
						"2.0": [0, 0.5, 0]
					}
				},
				"leftarm": {
					"rotation": {
						"0.0": {
							"post": [0, 0, 22.5],
							"lerp_mode": "catmullrom"
						},
						"0.0833": {
							"post": [0, 0, 22.5],
							"lerp_mode": "catmullrom"
						},
						"0.9167": {
							"post": [0, 0, 10],
							"lerp_mode": "catmullrom"
						},
						"1.0833": {
							"post": [0, 0, 10],
							"lerp_mode": "catmullrom"
						},
						"2.0": [0, 0, 22.5]
					},
					"position": {
						"0.0833": {
							"pre": [0, 0.25, 0],
							"post": [0, 0.25, 0],
							"lerp_mode": "catmullrom"
						},
						"0.9167": {
							"post": [0, -0.5, 0],
							"lerp_mode": "catmullrom"
						},
						"1.0833": {
							"post": [0, -0.5, 0],
							"lerp_mode": "catmullrom"
						},
						"2.0": [0, 0.25, 0]
					}
				}
			}
		},
		"animation.copptomaton.ground_walk": {
			"loop": true,
			"animation_length": 2,
			"bones": {
				"whole": {
					"rotation": {
						"0.0": [0, 25, 0],
						"1.0": [0, -25, 0],
						"2.0": [0, 25, 0]
					}
				},
				"head": {
					"rotation": {
						"0.0": [0, 0, 0],
						"0.5": [0, 0, -7.5],
						"1.0": [0, 0, 0],
						"1.5": [0, 0, 7.5],
						"2.0": [0, 0, 0]
					}
				},
				"nose": {
					"rotation": {
						"0.0": [0, 0, 0],
						"0.5": [0, 0, -5],
						"1.0": [0, 0, 0],
						"1.5": [0, 0, 5],
						"2.0": [0, 0, 0]
					}
				},
				"lefteye": {
					"position": {
						"0.0": {
							"post": [0, 0, 0],
							"lerp_mode": "catmullrom"
						},
						"0.5": {
							"post": [0, -0.25, 0],
							"lerp_mode": "catmullrom"
						},
						"1.0": {
							"post": [0, 0, 0],
							"lerp_mode": "catmullrom"
						},
						"1.5": {
							"post": [0, 0.25, 0],
							"lerp_mode": "catmullrom"
						},
						"2.0": [0, 0, 0]
					}
				},
				"righteye": {
					"position": {
						"0.0": {
							"post": [0, 0, 0],
							"lerp_mode": "catmullrom"
						},
						"0.5": {
							"post": [0, 0.25, 0],
							"lerp_mode": "catmullrom"
						},
						"1.0": {
							"post": [0, 0, 0],
							"lerp_mode": "catmullrom"
						},
						"1.5": {
							"post": [0, -0.25, 0],
							"lerp_mode": "catmullrom"
						},
						"2.0": [0, 0, 0]
					}
				},
				"rightleg": {
					"rotation": {
						"0.0": [12.5, 0, 0],
						"0.5": [-30, 0, 30],
						"1.0": [0, 0, 0],
						"2.0": [12.5, 0, 0]
					}
				},
				"leftleg": {
					"rotation": {
						"0.0": [0, 0, 5],
						"1.0": [10, 0, 5],
						"1.5": [-12.5, 0, -42.5],
						"2.0": [0, 0, 5]
					}
				},
				"rightarm": {
					"rotation": {
						"0.0": {
							"post": [0, 0, -20],
							"lerp_mode": "catmullrom"
						},
						"0.5": {
							"post": [0, 0, 35],
							"lerp_mode": "catmullrom"
						},
						"1.0": {
							"post": [0, 0, -20],
							"lerp_mode": "catmullrom"
						},
						"2.0": [0, 0, -20]
					}
				},
				"leftarm": {
					"rotation": {
						"0.0": [0, 0, 20],
						"0.5": [0, 0, 20],
						"1.0": [0, 0, 20],
						"1.5": [0, 0, -35],
						"2.0": [0, 0, 20]
					}
				},
				"copptomaton": {
					"rotation": {
						"0.0": [0, 0, 0],
						"0.5": [0, 0, 12.5],
						"1.0": [0, 0, 0],
						"1.5": [0, 0, -12.5],
						"2.0": [0, 0, 0]
					}
				}
			}
		},
		"animation.copptomaton.faint": {
			"loop": "hold_on_last_frame",
			"animation_length": 3,
			"bones": {
				"head": {
					"rotation": {
						"0.0": {
							"post": [0, 0, 0],
							"lerp_mode": "catmullrom"
						},
						"0.5": [20, 0, 0]
					},
					"position": {
						"0.0": {
							"post": [0, 0, 0],
							"lerp_mode": "catmullrom"
						},
						"0.5": [0, -5.25, 0]
					}
				},
				"nose": {
					"rotation": {
						"0.0": {
							"post": [0, 0, 0],
							"lerp_mode": "catmullrom"
						},
						"0.25": {
							"post": [-20, 0, 0],
							"lerp_mode": "catmullrom"
						},
						"0.375": {
							"post": [-20, 0, 0],
							"lerp_mode": "catmullrom"
						},
						"0.5833": [-10, 0, 0]
					}
				},
				"eyes": {
					"position": {
						"0.0": {
							"post": [0, 0, 0],
							"lerp_mode": "catmullrom"
						},
						"0.0833": {
							"post": [0, 0.5, 0],
							"lerp_mode": "catmullrom"
						},
						"0.4167": {
							"post": [0, 0.75, 0],
							"lerp_mode": "catmullrom"
						},
						"0.5": {
							"post": [0, -0.06, -0.01],
							"lerp_mode": "catmullrom"
						},
						"2.7083": {
							"post": [0, 0, 0],
							"lerp_mode": "catmullrom"
						},
						"2.75": [0, 0, 1]
					}
				},
				"lefteye": {
					"rotation": {
						"0.0": {
							"post": [0, 0, 0],
							"lerp_mode": "catmullrom"
						},
						"0.5417": {
							"post": [0, 0, 0],
							"lerp_mode": "catmullrom"
						},
						"0.75": {
							"post": [0, 0, 90],
							"lerp_mode": "catmullrom"
						},
						"1.0": {
							"post": [0, 0, 180],
							"lerp_mode": "catmullrom"
						},
						"1.25": {
							"post": [0, 0, 270],
							"lerp_mode": "catmullrom"
						},
						"1.5": {
							"post": [0, 0, 360],
							"lerp_mode": "catmullrom"
						},
						"1.75": {
							"post": [0, 0, 447.5],
							"lerp_mode": "catmullrom"
						},
						"2.0": {
							"post": [0, 0, 537.5],
							"lerp_mode": "catmullrom"
						},
						"2.25": {
							"post": [0, 0, 627.5],
							"lerp_mode": "catmullrom"
						},
						"2.5": {
							"post": [0, 0, 717.5],
							"lerp_mode": "catmullrom"
						},
						"2.75": [0, 0, 807.5]
					}
				},
				"righteye": {
					"rotation": {
						"0.0": {
							"post": [0, 0, 0],
							"lerp_mode": "catmullrom"
						},
						"0.5417": {
							"post": [0, 0, 0],
							"lerp_mode": "catmullrom"
						},
						"0.75": {
							"post": [0, 0, 90],
							"lerp_mode": "catmullrom"
						},
						"1.0": {
							"post": [0, 0, 180],
							"lerp_mode": "catmullrom"
						},
						"1.25": {
							"post": [0, 0, 270],
							"lerp_mode": "catmullrom"
						},
						"1.5": {
							"post": [0, 0, 360],
							"lerp_mode": "catmullrom"
						},
						"1.75": {
							"post": [0, 0, 447.5],
							"lerp_mode": "catmullrom"
						},
						"2.0": {
							"post": [0, 0, 537.5],
							"lerp_mode": "catmullrom"
						},
						"2.25": {
							"post": [0, 0, 627.5],
							"lerp_mode": "catmullrom"
						},
						"2.5": {
							"post": [0, 0, 717.5],
							"lerp_mode": "catmullrom"
						},
						"2.75": [0, 0, 807.5]
					},
					"position": {
						"0.0": {
							"post": [0, 0, 0],
							"lerp_mode": "catmullrom"
						}
					}
				},
				"torso": {
					"position": {
						"0.0": {
							"post": [0, 0, 0],
							"lerp_mode": "catmullrom"
						},
						"0.5": [0, -7, 0]
					}
				},
				"rightleg": {
					"rotation": {
						"0.0": {
							"post": [0, 0, 0],
							"lerp_mode": "catmullrom"
						},
						"0.5": [-100.09719, 33.39833, -10.4157]
					},
					"position": {
						"0.0": {
							"post": [0, 0, 0],
							"lerp_mode": "catmullrom"
						},
						"0.5": [-2.25, -6, -2]
					}
				},
				"leftleg": {
					"rotation": {
						"0.0": {
							"post": [0, 0, 0],
							"lerp_mode": "catmullrom"
						},
						"0.5": [-100.09719, -33.3983, 10.4157]
					},
					"position": {
						"0.0": {
							"post": [0.75, 0, 0],
							"lerp_mode": "catmullrom"
						},
						"0.5": [1.75, -6, -2]
					}
				},
				"rightarm": {
					"rotation": {
						"0.0": {
							"post": [0, 0, -22.5],
							"lerp_mode": "catmullrom"
						},
						"0.5": [0, 0, 15]
					},
					"position": {
						"0.0": {
							"post": [0, 0, 0],
							"lerp_mode": "catmullrom"
						},
						"0.5": [0, -7, 0]
					}
				},
				"leftarm": {
					"rotation": {
						"0.0": {
							"post": [0, 0, 22.5],
							"lerp_mode": "catmullrom"
						},
						"0.5": [0, 0, -17.5]
					},
					"position": {
						"0.0": {
							"post": [0, 0, 0],
							"lerp_mode": "catmullrom"
						},
						"0.5": [0, -7, 0]
					}
				}
			}
		}
	}
}