{
	"format_version": "1.8.0",
	"animations": {
		"animation.cindrloon.ground_idle": {
			"loop": true,
			"animation_length": 1,
			"bones": {
				"body": {
					"rotation": {
						"0.0": [-2.5, 0, 0],
						"0.5": [2.5, 0, 0],
						"0.75": [0, 0, 0],
						"1.0": [-2.5, 0, 0]
					}
				},
				"rightwingopen": {
					"scale": 0
				},
				"leftwingopen": {
					"scale": 0
				},
				"rightwingclosed": {
					"rotation": {
						"0.0": [0, 0, 0],
						"0.5": [4.85108, -1.72794, 9.85108],
						"0.75": [9.40804, -3.40487, 19.71975],
						"1.0": [0, 0, 0]
					}
				},
				"leftwingclosed": {
					"rotation": {
						"0.0": [0, 0, 0],
						"0.5": [4.85108, 1.72794, -9.85108],
						"0.75": [9.40804, 3.40487, -19.71975],
						"1.0": [0, 0, 0]
					}
				},
				"neck": {
					"rotation": {
						"0.0": [-10, 0, 0],
						"0.5": [-2.5, 0, 0],
						"1.0": [-10, 0, 0]
					}
				},
				"head": {
					"rotation": {
						"0.0": [20, 0, 0],
						"0.5": [10, 0, 0],
						"0.75": [10, 0, 0],
						"1.0": [20, 0, 0]
					}
				},
				"tongue": {
					"rotation": {
						"0.0": [-45, 0, 0],
						"0.125": [7.5, 0, 0],
						"0.25": [-45, 0, 0],
						"0.375": [7.5, 0, 0],
						"0.5": [-45, 0, 0],
						"0.625": [7.5, 0, 0],
						"0.75": [-45, 0, 0],
						"0.875": [7.5, 0, 0],
						"1.0": [-45, 0, 0]
					}
				},
				"rightleg": {
					"rotation": {
						"0.0": [2.5, 0, 0],
						"0.5": [-5, 0, 0],
						"0.75": [0, 0, 0],
						"1.0": [2.5, 0, 0]
					}
				},
				"leftleg": {
					"rotation": {
						"0.0": [2.5, 0, 0],
						"0.5": [-5, 0, 0],
						"0.75": [0, 0, 0],
						"1.0": [2.5, 0, 0]
					}
				}
			}
		},
		"animation.cindrloon.ground_walk": {
			"loop": true,
			"animation_length": 1,
			"bones": {
				"body": {
					"rotation": {
						"0.0": [-0.57555, 11.0311, 19.7339],
						"0.25": [-0.21288, 4.68773, 8.84308],
						"0.5": [-0.57555, -11.0311, -19.7339],
						"0.75": [-0.21288, -4.68773, -8.84308],
						"1.0": [-0.57555, 11.0311, 19.7339]
					}
				},
				"rightwingopen": {
					"scale": 0
				},
				"leftwingopen": {
					"scale": 0
				},
				"rightwingclosed": {
					"rotation": {
						"0.0": [17.44031, -16.32555, 34.24027],
						"0.5": [4.85108, -1.72794, 9.85108],
						"0.75": [9.40804, -3.40487, 19.71975],
						"1.0": [17.44031, -16.32555, 34.24027]
					}
				},
				"leftwingclosed": {
					"rotation": {
						"0.0": [0, 0, 0],
						"0.5": [17.44031, 16.32555, -34.24027],
						"0.75": [9.40804, 3.40487, -19.71975],
						"1.0": [0, 0, 0]
					}
				},
				"neck": {
					"rotation": {
						"0.0": [-10.95806, -1.18536, -18.95744],
						"0.5": [-10.95806, 1.18536, 18.95744],
						"1.0": [-10.95806, -1.18536, -18.95744]
					}
				},
				"head": {
					"rotation": {
						"0.0": [20, 0, 0],
						"0.5": [10, 0, 0],
						"0.75": [10, 0, 0],
						"1.0": [20, 0, 0]
					}
				},
				"tongue": {
					"rotation": {
						"0.0": [-45, 0, 0],
						"0.125": [7.5, 0, 0],
						"0.25": [-45, 0, 0],
						"0.375": [7.5, 0, 0],
						"0.5": [-45, 0, 0],
						"0.625": [7.5, 0, 0],
						"0.75": [-45, 0, 0],
						"0.875": [7.5, 0, 0],
						"1.0": [-45, 0, 0]
					}
				},
				"rightleg": {
					"rotation": {
						"0.0": [-32.5, 0, 0],
						"0.25": [-27.5, 0, 0],
						"0.5": [0.98124, -9.84655, 17.49524],
						"0.75": [47.99062, -4.92328, 8.74762],
						"1.0": [-32.5, 0, 0]
					},
					"position": {
						"0.0": [0, -1, -1.33],
						"0.5": [0, 1, 0],
						"0.75": [0, 1, -2],
						"0.875": [0, 1, -1.66],
						"1.0": [0, -1, -1.33]
					}
				},
				"leftleg": {
					"rotation": {
						"0.0": [0.98124, 9.84655, -17.49524],
						"0.25": [47.99062, 4.92328, -8.74762],
						"0.5": [-32.5, 0, 0],
						"0.75": [-27.5, 0, 0],
						"1.0": [0.98124, 9.84655, -17.49524]
					},
					"position": {
						"0.0": [0, 1, 0],
						"0.25": [0, 1, -2],
						"0.375": [0, 1, -1.66],
						"0.5": [0, -1, -1.33],
						"1.0": [0, 1, 0]
					}
				},
				"tail": {
					"rotation": {
						"0.0": [0, 0, -17.5],
						"0.5": [0, 0, 17.5],
						"1.0": [0, 0, -17.5]
					}
				}
			}
		},
		"animation.cindrloon.air_idle": {
			"loop": true,
			"animation_length": 1,
			"bones": {
				"body": {
					"rotation": {
						"0.0": [-10, 0, 0],
						"0.25": [-22.5, 0, 0],
						"0.5": [-10, 0, 0],
						"0.75": [-22.5, 0, 0],
						"1.0": [-10, 0, 0]
					},
					"position": {
						"0.0": [0, 0, 0],
						"0.125": [0, 2, 0],
						"0.25": [0, 5, 0],
						"0.375": [0, 4, 0],
						"0.5": [0, 0, 0],
						"0.625": [0, 2, 0],
						"0.75": [0, 5, 0],
						"0.875": [0, 4, 0],
						"1.0": [0, 0, 0]
					}
				},
				"rightwingopen": {
					"rotation": {
						"0.0": [0, -25, 55],
						"0.125": [0, -22.5, -2.5],
						"0.25": [0, 0, -52.5],
						"0.375": [38.12185, 28.6427, 55.0775],
						"0.5": [0, -25, 55],
						"0.625": [0, -22.5, -2.5],
						"0.75": [0, 0, -52.5],
						"0.875": [38.12185, 28.6427, 55.0775],
						"1.0": [0, -25, 55]
					}
				},
				"rightwingopenp2": {
					"rotation": {
						"0.25": [0, 0, 0],
						"0.375": [60.12771, -4.51609, -77.84877],
						"0.5": [0, 0, 0],
						"0.75": [0, 0, 0],
						"0.875": [60.12771, -4.51609, -77.84877],
						"1.0": [0, 0, 0]
					}
				},
				"rightwingopenp3": {
					"rotation": {
						"0.25": [0, 0, 0],
						"0.375": [0, 57.5, 0],
						"0.5": [0, 0, 0],
						"0.75": [0, 0, 0],
						"0.875": [0, 57.5, 0],
						"1.0": [0, 0, 0]
					}
				},
				"leftwingopen": {
					"rotation": {
						"0.0": [0, 25, -55],
						"0.125": [0, 22.5, 2.5],
						"0.25": [0, 0, 52.5],
						"0.375": [38.12185, -28.6427, -55.0775],
						"0.5": [0, 25, -55],
						"0.625": [0, 22.5, 2.5],
						"0.75": [0, 0, 52.5],
						"0.875": [38.12185, -28.6427, -55.0775],
						"1.0": [0, 25, -55]
					}
				},
				"leftwingopenp2": {
					"rotation": {
						"0.25": [0, 0, 0],
						"0.375": [60.12771, 4.51609, 77.84877],
						"0.5": [0, 0, 0],
						"0.75": [0, 0, 0],
						"0.875": [60.12771, 4.51609, 77.84877],
						"1.0": [0, 0, 0]
					}
				},
				"leftwingopenp3": {
					"rotation": {
						"0.25": [0, 0, 0],
						"0.375": [0, -57.5, 0],
						"0.5": [0, 0, 0],
						"0.75": [0, 0, 0],
						"0.875": [0, -57.5, 0],
						"1.0": [0, 0, 0]
					}
				},
				"rightwingclosed": {
					"scale": 0
				},
				"leftwingclosed": {
					"scale": 0
				},
				"neck": {
					"rotation": {
						"0.0": [45, 0, 0],
						"0.25": [57.5, 0, 0],
						"0.5": [45, 0, 0],
						"0.75": [57.5, 0, 0],
						"1.0": [45, 0, 0]
					},
					"position": {
						"0.0": [0, 0, -1],
						"0.5": [0, 0, -1],
						"1.0": [0, 0, -1]
					}
				},
				"head": {
					"rotation": [-20, 0, 0]
				},
				"tongue": {
					"rotation": {
						"0.0": [0, 0, 0],
						"0.125": [12.5, 0, 0],
						"0.25": [12.5, 0, 0],
						"0.375": [0, 0, 0],
						"0.4583": [-52.5, 0, 0],
						"0.5": [0, 0, 0],
						"0.625": [12.5, 0, 0],
						"0.75": [12.5, 0, 0],
						"0.875": [0, 0, 0],
						"0.9583": [-52.5, 0, 0],
						"1.0": [0, 0, 0]
					}
				},
				"rightleg": {
					"rotation": [40, 0, 0]
				},
				"rightfoot": {
					"rotation": [57.5, 0, 0]
				},
				"leftleg": {
					"rotation": [40, 0, 0]
				},
				"leftfoot": {
					"rotation": [57.5, 0, 0]
				},
				"rightwingbit": {
					"rotation": {
						"0.25": [0, 0, 0],
						"0.375": [0, 0, 45],
						"0.5": [0, 0, 0],
						"0.75": [0, 0, 0],
						"0.875": [0, 0, 45],
						"1.0": [0, 0, 0]
					},
					"position": {
						"0.25": [0, 0, 0],
						"0.375": [4, 0, 0],
						"0.5": [0, 0, 0],
						"0.75": [0, 0, 0],
						"0.875": [4, 0, 0],
						"1.0": [0, 0, 0]
					}
				},
				"leftwingbit": {
					"rotation": {
						"0.25": [0, 0, 0],
						"0.375": [0, 0, -45],
						"0.5": [0, 0, 0],
						"0.75": [0, 0, 0],
						"0.875": [0, 0, -45],
						"1.0": [0, 0, 0]
					},
					"position": {
						"0.25": [0, 0, 0],
						"0.375": [-4, 0, 0],
						"0.5": [0, 0, 0],
						"0.75": [0, 0, 0],
						"0.875": [-4, 0, 0],
						"1.0": [0, 0, 0]
					}
				}
			}
		},
		"animation.cindrloon.air_fly": {
			"loop": true,
			"animation_length": 1.5,
			"bones": {
				"body": {
					"rotation": {
						"0.0": [27.5, 0, 0],
						"0.125": [27.5, 0, 0],
						"0.25": [27.5, 0, 0],
						"0.375": [27.5, 0, 0],
						"0.5": [27.5, 0, 0],
						"0.625": [27.5, 0, 0],
						"0.75": [27.5, 0, 0],
						"0.875": [27.5, 0, 0],
						"1.5": [27.5, 0, 0]
					},
					"position": {
						"0.0": [0, 0, 0],
						"0.125": [0, 2, 0],
						"0.25": [0, 5, 0],
						"0.375": [0, 4, 0],
						"0.5": [0, 0, 0],
						"0.625": [0, 2, 0],
						"0.75": [0, 5, 0],
						"0.875": [0, 4, 0],
						"1.5": [0, 0, 0]
					}
				},
				"rightwingopen": {
					"rotation": {
						"0.0": [0, -25, 55],
						"0.125": [0, -22.5, -2.5],
						"0.25": [0, 0, -52.5],
						"0.375": [38.12185, 28.6427, 55.0775],
						"0.5": [0, -25, 55],
						"0.625": [20.30179, -14.90835, -0.18392],
						"0.75": [-18.59733, 1.23988, 5.79367],
						"1.1667": [-18.60258, -1.15539, -1.31408],
						"1.25": [-18.59733, 1.23988, 5.79367],
						"1.5": [0, -25, 55]
					}
				},
				"rightwingopenp2": {
					"rotation": {
						"0.25": [0, 0, 0],
						"0.375": [60.12771, -4.51609, -77.84877],
						"0.5": [0, 0, 0]
					}
				},
				"rightwingopenp3": {
					"rotation": {
						"0.25": [0, 0, 0],
						"0.375": [0, 57.5, 0],
						"0.5": [0, 0, 0]
					}
				},
				"leftwingopen": {
					"rotation": {
						"0.0": [0, 25, -55],
						"0.125": [0, 22.5, 2.5],
						"0.25": [0, 0, 52.5],
						"0.375": [38.12185, -28.6427, -55.0775],
						"0.5": [0, 25, -55],
						"0.625": [20.30179, 14.90835, 0.18392],
						"0.75": [-18.59733, -1.23988, -5.79367],
						"1.1667": [-18.60258, 1.15539, 1.31408],
						"1.25": [-18.59733, -1.23988, -5.79367],
						"1.5": [0, 25, -55]
					}
				},
				"leftwingopenp2": {
					"rotation": {
						"0.25": [0, 0, 0],
						"0.375": [60.12771, 4.51609, 77.84877],
						"0.5": [0, 0, 0]
					}
				},
				"leftwingopenp3": {
					"rotation": {
						"0.25": [0, 0, 0],
						"0.375": [0, -57.5, 0],
						"0.5": [0, 0, 0]
					}
				},
				"rightwingclosed": {
					"scale": 0
				},
				"leftwingclosed": {
					"scale": 0
				},
				"neck": {
					"rotation": {
						"0.0": [45, 0, 0],
						"0.25": [57.5, 0, 0],
						"0.5": [45, 0, 0],
						"0.75": [57.5, 0, 0],
						"1.0": [45, 0, 0]
					},
					"position": {
						"0.0": [0, 0, -1],
						"0.5": [0, 0, -1],
						"1.0": [0, 0, -1]
					}
				},
				"head": {
					"rotation": [-65, 0, 0],
					"position": [0, -1, 0]
				},
				"rightleg": {
					"rotation": [40, 0, 0]
				},
				"rightfoot": {
					"rotation": [57.5, 0, 0]
				},
				"leftleg": {
					"rotation": [40, 0, 0]
				},
				"leftfoot": {
					"rotation": [57.5, 0, 0]
				},
				"rightwingbit": {
					"rotation": {
						"0.25": [0, 0, 0],
						"0.375": [0, 0, 45],
						"0.5": [0, 0, 0]
					},
					"position": {
						"0.25": [0, 0, 0],
						"0.375": [4, 0, 0],
						"0.5": [0, 0, 0]
					}
				},
				"leftwingbit": {
					"rotation": {
						"0.25": [0, 0, 0],
						"0.375": [0, 0, -45],
						"0.5": [0, 0, 0]
					},
					"position": {
						"0.25": [0, 0, 0],
						"0.375": [-4, 0, 0],
						"0.5": [0, 0, 0]
					}
				},
				"tail": {
					"rotation": [-47.5, 0, 0],
					"position": [0, -1, 0]
				},
				"tongue": {
					"rotation": {
						"0.0": [35, 0, 0],
						"0.375": [35, 0, 0],
						"0.4167": [-5, 0, 0],
						"0.5": [35, 0, 0],
						"1.25": [0, 0, 0],
						"1.5": [35, 0, 0]
					}
				}
			}
		},
		"animation.cindrloon.faint": {
			"animation_length": 0.75,
			"bones": {
				"body": {
					"rotation": {
						"0.0": [0, 0, 0],
						"0.125": [-15, 0, 0]
					}
				},
				"rightwingopen": {
					"scale": 0
				},
				"leftwingopen": {
					"scale": 0
				},
				"rightwingclosed": {
					"rotation": {
						"0.0": [0, 0, 0],
						"0.125": [2.05323, -44.78238, 67.51893]
					}
				},
				"leftwingclosed": {
					"rotation": {
						"0.0": [0, 0, 0],
						"0.125": [2.05323, 44.78238, -67.51893]
					}
				},
				"neck": {
					"rotation": {
						"0.1667": [-7.5, 0, 0],
						"0.25": [-7.5, 0, 0],
						"0.375": [32.5, 0, 0]
					},
					"position": [0, 0, -1]
				},
				"head": {
					"rotation": {
						"0.1667": [0, 0, 0],
						"0.25": [0, 0, 0],
						"0.375": [-25, 0, 0]
					},
					"position": [0, -1, 0]
				},
				"tongue": {
					"rotation": {
						"0.0": [15, 0, 0],
						"0.25": [35, 0, 0],
						"0.4167": [-60, 0, 0],
						"0.4583": [-35, 0, 0],
						"0.5": [-60, 0, 0],
						"0.5417": [-35, 0, 0],
						"0.5833": [-60, 0, 0],
						"0.625": [-35, 0, 0]
					}
				},
				"rightleg": {
					"rotation": {
						"0.0": [0, 0, 0],
						"0.125": [15, 0, 0]
					},
					"position": {
						"0.0": [0, 0, 0],
						"0.125": [0, 1, 1]
					}
				},
				"leftleg": {
					"rotation": {
						"0.0": [0, 0, 0],
						"0.125": [15, 0, 0]
					},
					"position": {
						"0.0": [0, 0, 0],
						"0.125": [0, 1, 1]
					}
				}
			}
		},
		"animation.cindrloon.sleep": {
			"loop": true,
			"animation_length": 1,
			"bones": {
				"body": {
					"rotation": {
						"0.0": [27.5, 0, 0],
						"1.0": [27.5, 0, 0]
					},
					"position": {
						"0.0": [0, -3, -2],
						"0.5": [0, -2.5, -2],
						"1.0": [0, -3, -2]
					}
				},
				"rightwingopen": {
					"scale": 0
				},
				"leftwingopen": {
					"scale": 0
				},
				"tail": {
					"rotation": [-50, 0, 0],
					"position": [0, -1, 0]
				},
				"neck": {
					"rotation": [-45, 0, 0],
					"position": [0, 0, 1]
				},
				"head": {
					"rotation": [32.5, 0, 0]
				},
				"righteyelid": {
					"position": [-1, 0.5, -0.5]
				},
				"lefteyelid": {
					"position": [1, 0.5, -0.5]
				},
				"tongue": {
					"rotation": [25, 0, 0]
				},
				"rightleg": {
					"rotation": {
						"0.0": [-27.5, 0, 0],
						"1.0": [-27.5, 0, 0]
					},
					"position": {
						"0.0": [0, 2.5, 0],
						"0.5": [0, 2, 0],
						"1.0": [0, 2.5, 0]
					}
				},
				"leftleg": {
					"rotation": {
						"0.0": [-27.5, 0, 0],
						"1.0": [-27.5, 0, 0]
					},
					"position": {
						"0.0": [0, 2.5, 0],
						"0.5": [0, 2, 0],
						"1.0": [0, 2.5, 0]
					}
				}
			}
		},
		"animation.cindrloon.blink": {
			"animation_length": 0.25,
			"bones": {
				"righteyelid": {
					"position": {
						"0.0": [1, -0.5, 0.5],
						"0.0417": [1, -0.5, 0.5],
						"0.0833": [-1, 0.5, -0.5],
						"0.125": [-1, 0.5, -0.5],
						"0.1667": [-1, 0.5, -0.5],
						"0.2083": [-1, 0.5, -0.5],
						"0.25": [1, -0.5, 0.5]
					}
				},
				"lefteyelid": {
					"position": {
						"0.0": [-1, -0.5, 0.5],
						"0.0417": [-1, -0.5, 0.5],
						"0.0833": [1, 0.5, -0.5],
						"0.125": [1, 0.5, -0.5],
						"0.1667": [1, 0.5, -0.5],
						"0.2083": [1, 0.5, -0.5],
						"0.25": [-1, -0.5, 0.5]
					}
				}
			}
		},
		"animation.cindrloon.cry": {
			"animation_length": 1,
			"bones": {
				"neck": {
					"rotation": {
						"0.0": [0, 0, 0],
						"0.25": [12.5, 0, 0],
						"0.5": [0, 0, 0]
					},
					"position": {
						"0.0": [0, 0, 0],
						"0.25": [0, 0, -0.5],
						"0.5": [0, 0, 0]
					}
				},
				"head": {
					"rotation": {
						"0.0": [0, 0, 0],
						"0.375": [-17.5, 0, 0],
						"0.5": [0, 0, 0]
					}
				},
				"tongue": {
					"rotation": {
						"0.0": [0, 0, 0],
						"0.25": [17.5, 0, 0],
						"0.375": [-67.5, 0, 0],
						"0.5": [-40, 0, 0],
						"0.5833": [-20, 0, 0],
						"0.6667": [-57.5, 0, 0],
						"0.75": [-20, 0, 0],
						"0.8333": [-57.5, 0, 0],
						"0.9167": [-20, 0, 0],
						"1.0": [0, 0, 0]
					}
				}
			}
		}
	}
}