{
	"format_version": "1.12.0",
	"minecraft:geometry": [
		{
			"description": {
				"identifier": "geometry.slinkalink",
				"texture_width": 64,
				"texture_height": 64,
				"visible_bounds_width": 4,
				"visible_bounds_height": 3.5,
				"visible_bounds_offset": [0, 1.25, 0]
			},
			"bones": [
				{
					"name": "slinkalink",
					"pivot": [0, 0, 0]
				},
				{
					"name": "middle",
					"parent": "slinkalink",
					"pivot": [0.02817, 16, 0.04163],
					"cubes": [
						{"origin": [-0.97183, 15, -0.95837], "size": [2, 2, 2], "uv": [26, 49]}
					]
				},
				{
					"name": "spring3",
					"parent": "middle",
					"pivot": [0.02817, 16, 0.04163],
					"cubes": [
						{"origin": [-1.75, 16, -4], "size": [5, 5, 5], "pivot": [2.25, 17, 0.14214], "rotation": [0, 45, 0], "uv": [30, 0]}
					]
				},
				{
					"name": "spring4",
					"parent": "spring3",
					"pivot": [0.02817, 21, 0.04163],
					"cubes": [
						{"origin": [-1.75, 21, -4], "size": [5, 5, 5], "pivot": [2.25, 22, 0.14214], "rotation": [0, 45, 0], "uv": [0, 46]}
					]
				},
				{
					"name": "sucker2",
					"parent": "spring4",
					"pivot": [0, 25.91667, 0],
					"cubes": [
						{"origin": [-0.01726, 27, -6.0368], "size": [0, 3, 5], "pivot": [-0.01726, 30, -6.01167], "rotation": [0, -55, 0], "uv": [52, 19]},
						{"origin": [0.01726, 27, -6.0368], "size": [0, 3, 5], "pivot": [0.01726, 30, -6.01167], "rotation": [0, 55, 0], "uv": [47, 26]},
						{"origin": [-3.5, 26, -5], "size": [8, 4, 8], "pivot": [1.5, 29, 0.14214], "rotation": [0, 45, 0], "uv": [0, 24]},
						{"origin": [-5, 30, -5], "size": [10, 2, 10], "pivot": [0, 31, 0.14214], "rotation": [0, 45, 0], "uv": [0, 0]},
						{"origin": [-8.5, 23.75, 0], "size": [5, 4, 0], "pivot": [-6, 25.75, 0], "rotation": [0, 0, 45], "uv": [14, 36]},
						{"origin": [3.5, 23.75, 0], "size": [5, 4, 0], "pivot": [6, 25.75, 0], "rotation": [0, 0, -45], "uv": [0, 36]}
					]
				},
				{
					"name": "spring1",
					"parent": "middle",
					"pivot": [0.02817, 16, 0.04163],
					"cubes": [
						{"origin": [-1.75, 11, -4], "size": [5, 5, 5], "pivot": [2.25, 12, 0.14214], "rotation": [0, 45, 0], "uv": [30, 12]}
					]
				},
				{
					"name": "spring2",
					"parent": "spring1",
					"pivot": [0.02817, 11, 0.04163],
					"cubes": [
						{"origin": [-1.75, 6, -4], "size": [5, 5, 5], "pivot": [2.25, 7, 0.14214], "rotation": [0, 45, 0], "uv": [0, 41]}
					]
				},
				{
					"name": "sucker1",
					"parent": "spring2",
					"pivot": [0, 6, 0],
					"cubes": [
						{"origin": [0.01726, 2, -6.0368], "size": [0, 3, 5], "pivot": [0.01726, 2, -6.01167], "rotation": [0, 55, 0], "uv": [0, 13]},
						{"origin": [-0.01726, 2, -6.0368], "size": [0, 3, 5], "pivot": [-0.01726, 2, -6.01167], "rotation": [0, -55, 0], "uv": [0, 10]},
						{"origin": [-3.5, 2, -5], "size": [8, 4, 8], "pivot": [1.5, 3, 0.14214], "rotation": [0, 45, 0], "uv": [24, 28]},
						{"origin": [-8.5, 4.25, 0], "size": [5, 4, 0], "pivot": [-6, 6.25, 0], "rotation": [0, 0, -45], "uv": [20, 41]},
						{"origin": [-5, 0, -5], "size": [10, 2, 10], "pivot": [0, 1, 0.14214], "rotation": [0, 45, 0], "uv": [0, 12]},
						{"origin": [3.5, 4.25, 0], "size": [5, 4, 0], "pivot": [6, 6.25, 0], "rotation": [0, 0, 45], "uv": [34, 40]}
					]
				}
			]
		}
	]
}