{
	"format_version": "1.8.0",
	"animations": {
		"animation.grasselina.ground_idle": {
			"loop": true,
			"animation_length": 2,
			"bones": {
				"bone2": {
					"rotation": {
						"0.0": [0, 0, 0],
						"1.0": [-5, 0, 0],
						"2.0": [0, 0, 0]
					}
				},
				"leg": {
					"rotation": {
						"0.0": [0, 0, 5],
						"2.0": [0, 0, 5]
					}
				},
				"leg2": {
					"rotation": [-1, 0, -5]
				},
				"arm": {
					"rotation": {
						"0.0": [0, 0, 0],
						"1.0": [0, 0, 7.5],
						"2.0": [0, 0, 0]
					}
				},
				"arm2": {
					"rotation": {
						"0.0": [0, 0, 0],
						"1.0": [0, 0, -7.5],
						"2.0": [0, 0, 0]
					}
				}
			}
		},
		"animation.grasselina.ground_walk": {
			"loop": true,
			"animation_length": 0.96,
			"bones": {
				"bone": {
					"rotation": {
						"0.0": [0, 0, 0],
						"0.48": [0, 180, 0],
						"0.96": [0, 360, 0]
					}
				},
				"leg": {
					"rotation": [0, 0, 5]
				},
				"leg2": {
					"rotation": [0, 0, -5]
				},
				"arm": {
					"rotation": [0, 0, -42.5]
				},
				"arm2": {
					"rotation": [0, 0, 45]
				}
			}
		}
	}
}