{
	"format_version": "1.8.0",
	"animations": {
		"animation.coelosky.ground_idle": {
			"loop": true,
			"animation_length": 4,
			"bones": {
				"body": {
					"position": [0, 0.5, 0]
				},
				"torso": {
					"rotation": ["-20+math.sin(q.anim_time*90*2-60)*-1", "math.sin(q.anim_time*90*1)*-1", 0],
					"position": [0, "math.sin(q.anim_time*90*2-30)*0.5", 0]
				},
				"chest": {
					"rotation": ["10+math.sin(q.anim_time*90*2-90)*-2", "math.sin(q.anim_time*90*1-30)*-1", 0]
				},
				"neck": {
					"rotation": ["-22.5+math.sin(q.anim_time*90*2-150)*-5", "math.sin(q.anim_time*90*1-90)*-2", 0]
				},
				"neck2": {
					"rotation": ["20+math.sin(q.anim_time*90*2-100)*6", "math.sin(q.anim_time*90*1-30)*4", 0]
				},
				"head": {
					"rotation": [
						"32.5+math.sin(q.anim_time*90*2-160)*-2+math.sin(q.anim_time*90*2-130)*6",
						"math.sin(q.anim_time*90*1-60)*3+math.sin(q.anim_time*90*1-150)*-2",
						0
					]
				},
				"arm_left": {
					"rotation": [12, "-54.5+math.sin(q.anim_time*90*2-120)*-3", 36],
					"position": [0, 0, 0.75]
				},
				"arm_left2": {
					"rotation": [189.5, "80.5+math.sin(q.anim_time*90*2-150)*-4", 188],
					"position": [-2.75, 0, 0.75]
				},
				"arm_left3": {
					"rotation": [-2.5, "-7+math.sin(q.anim_time*90*2-165)*2", 27]
				},
				"hand_left": {
					"rotation": [10, "-12.5+math.sin(q.anim_time*90*2-210)*5", 0]
				},
				"finger_front_left": {
					"rotation": [0, 0, 22.5]
				},
				"finger_front_left2": {
					"rotation": [0, 0, 15]
				},
				"finger_middle_left": {
					"rotation": [0.6574, -7.4713, 19.95708]
				},
				"finger_middle_left2": {
					"rotation": [0, 0, 20]
				},
				"finger_back_left": {
					"rotation": [-1.6575, -12.39135, 32.67995]
				},
				"finger_back_left2": {
					"rotation": [0, 0, 25]
				},
				"tail_fur": {
					"rotation": ["-12.5+math.sin(q.anim_time*90*2-80)*2", "math.sin(q.anim_time*90*1-40)*1", 0]
				},
				"tail": {
					"rotation": ["10+math.sin(q.anim_time*90*2-90)*3", "math.sin(q.anim_time*90*1-60)*3", 0]
				},
				"tail2": {
					"rotation": ["12.5+math.sin(q.anim_time*90*2-140)*4", "math.sin(q.anim_time*90*1-120)*5", 0]
				},
				"tail3": {
					"rotation": ["10+math.sin(q.anim_time*90*2-180)*5", "math.sin(q.anim_time*90*1-180)*8", 0]
				},
				"tail4": {
					"rotation": ["10+math.sin(q.anim_time*90*2-220)*13", "math.sin(q.anim_time*90*1-240)*12", 0]
				},
				"tail5": {
					"rotation": ["math.sin(q.anim_time*90*2-260)*15", "math.sin(q.anim_time*90*1-280)*15", 0]
				},
				"leg_left": {
					"rotation": ["-6+math.sin(q.anim_time*90*2)*2", -16.5, -6.5],
					"position": [0, "math.sin(q.anim_time*90*2)*0.6", 0]
				},
				"leg_left2": {
					"rotation": ["-1+math.sin(q.anim_time*90*2)*-3", 2.5, 0],
					"position": [-0.3, 0, 0]
				},
				"leg_left3": {
					"rotation": ["8+math.sin(q.anim_time*90*2)*-1", 0, 0]
				},
				"foot_left": {
					"rotation": ["1.2175+math.sin(q.anim_time*90*2)*3", 8.39394, 9.01894]
				},
				"leg_right": {
					"rotation": ["-6+math.sin(q.anim_time*90*2)*2", 16.5, 6.5],
					"position": [0, "math.sin(q.anim_time*90*2)*0.6", 0]
				},
				"leg_right2": {
					"rotation": ["-1+math.sin(q.anim_time*90*2)*-3", -2.5, 0],
					"position": [0.3, 0, 0]
				},
				"leg_right3": {
					"rotation": ["8+math.sin(q.anim_time*90*2)*-1", 0, 0]
				},
				"foot_right": {
					"rotation": ["1.2175+math.sin(q.anim_time*90*2)*3", -8.39394, -9.01894]
				},
				"arm_right": {
					"rotation": [12, "54.5+math.sin(q.anim_time*90*2-120)*3", -36],
					"position": [0, 0, 0.75]
				},
				"arm_right2": {
					"rotation": [189.5, "-80.5+math.sin(q.anim_time*90*2-150)*4", -188],
					"position": [2.75, 0, 0.75]
				},
				"arm_right3": {
					"rotation": [-2.5, "7+math.sin(q.anim_time*90*2-165)*-2", -27]
				},
				"hand_right": {
					"rotation": [10, "12.5+math.sin(q.anim_time*90*2-210)*-5", 0]
				},
				"finger_front_right": {
					"rotation": [0, 0, -22.5]
				},
				"finger_front_right2": {
					"rotation": [0, 0, -15]
				},
				"finger_middle_right": {
					"rotation": [0.6574, 7.4713, -19.95708]
				},
				"finger_middle_right2": {
					"rotation": [0, 0, -20]
				},
				"finger_back_right": {
					"rotation": [-1.6575, 12.39135, -32.67995]
				},
				"finger_back_right2": {
					"rotation": [0, 0, -25]
				},
				"tail_end": {
					"rotation": ["math.sin(q.anim_time*90*2-290)*3", "math.sin(q.anim_time*90*1-300)*2", 0]
				},
				"toes_left": {
					"rotation": ["math.sin(q.anim_time*90*2)*-1", 0, 0],
					"position": [0, 0, "math.sin(q.anim_time*90*2)*0.05+0.05"]
				},
				"toe_outer_left": {
					"rotation": [0, -20, 0]
				},
				"toes_right": {
					"rotation": ["math.sin(q.anim_time*90*2)*-1", 0, 0],
					"position": [0, 0, "math.sin(q.anim_time*90*2)*0.05+0.05"]
				},
				"toe_outer_right": {
					"rotation": [0, 20, 0]
				},
				"tail_end_back": {
					"rotation": ["math.sin(q.anim_time*90*2-320)*10", "math.sin(q.anim_time*90*1-340)*6", 0]
				},
				"tail_end_left2": {
					"rotation": [0, "math.sin(q.anim_time*90*1-330)*5", "math.sin(q.anim_time*90*2-310)*-8"]
				},
				"tail_end_right2": {
					"rotation": [0, "math.sin(q.anim_time*90*1-330)*5", "math.sin(q.anim_time*90*2-310)*8"]
				},
				"chest_fur": {
					"rotation": ["-10+math.sin(q.anim_time*90*2-120)*-2", "math.sin(q.anim_time*90*1-60)*-1", 0]
				}
			}
		},
		"animation.coelosky.ground_walk": {
			"loop": true,
			"animation_length": 2,
			"bones": {
				"body": {
					"position": [0, 0.5, 0]
				},
				"torso": {
					"rotation": ["-9+math.sin(q.anim_time*90*4-90)*3", "math.sin(q.anim_time*90*2-40)*2", "math.sin(q.anim_time*90*2)*-6"],
					"position": [0, "math.sin(q.anim_time*90*4)*0.5", 0]
				},
				"chest": {
					"rotation": ["4.5+math.sin(q.anim_time*90*4-120)*3", "0.5+math.sin(q.anim_time*90*2-70)*-4", 0]
				},
				"neck": {
					"rotation": ["-20+math.sin(q.anim_time*90*4-180)*-5", "math.sin(q.anim_time*90*2-100)*-4", 0]
				},
				"neck2": {
					"rotation": ["14+math.sin(q.anim_time*90*4-210)*2", "math.sin(q.anim_time*90*2-130)*7", "math.sin(q.anim_time*90*2-90)*3"]
				},
				"head": {
					"rotation": ["28+math.sin(q.anim_time*90*4-240)*6", "math.sin(q.anim_time*90*2-160)*-5", "math.sin(q.anim_time*90*2-90)*2"]
				},
				"arm_left": {
					"rotation": [12, "-50+math.sin(q.anim_time*90*4-90)*-5", "36+math.sin(q.anim_time*90*2-30)*-5"],
					"position": [0, 0, 0.75]
				},
				"arm_left2": {
					"rotation": [189.5, "82.5+math.sin(q.anim_time*90*4-120)*-8", 188],
					"position": [-2.75, 0, 0.75]
				},
				"arm_left3": {
					"rotation": [-2.5, "-7+math.sin(q.anim_time*90*4-150)*-5", "27+math.sin(q.anim_time*90*2-90)*-6"]
				},
				"hand_left": {
					"rotation": [10, "-10+math.sin(q.anim_time*90*4-200)*-5", "math.sin(q.anim_time*90*2-190)*-9"]
				},
				"finger_front_left": {
					"rotation": [0, 0, 22.5]
				},
				"finger_front_left2": {
					"rotation": [0, 0, 15]
				},
				"finger_middle_left": {
					"rotation": [0.6574, -7.4713, 19.95708]
				},
				"finger_middle_left2": {
					"rotation": [0, 0, 20]
				},
				"finger_back_left": {
					"rotation": [-1.6575, -12.39135, 32.67995]
				},
				"finger_back_left2": {
					"rotation": [0, 0, 25]
				},
				"tail_fur": {
					"rotation": ["-3+math.sin(q.anim_time*90*4-120)*2", "0+math.sin(q.anim_time*90*2-70)*4", 0]
				},
				"tail": {
					"rotation": ["7+math.sin(q.anim_time*90*4-150)*1", "math.sin(q.anim_time*90*2-110)*7", 0]
				},
				"tail2": {
					"rotation": ["5+math.sin(q.anim_time*90*4-190)*2", "math.sin(q.anim_time*90*2-140)*9", 0]
				},
				"tail3": {
					"rotation": ["5+math.sin(q.anim_time*90*4-220)*4", "math.sin(q.anim_time*90*2-180)*13", 0]
				},
				"tail4": {
					"rotation": ["2+math.sin(q.anim_time*90*4-270)*6", "0+math.sin(q.anim_time*90*2-250)*16", 0]
				},
				"tail5": {
					"rotation": ["2+math.sin(q.anim_time*90*4-320)*9", "math.sin(q.anim_time*90*2-290)*21", 0]
				},
				"leg_left": {
					"rotation": {
						"0.0": {
							"post": [41, -2.4, 0],
							"lerp_mode": "catmullrom"
						},
						"0.2083": {
							"post": [41.79, -3.1, -5.49],
							"lerp_mode": "catmullrom"
						},
						"0.5417": {
							"post": [20.5179, -3.52595, -6.32189],
							"lerp_mode": "catmullrom"
						},
						"1.0": {
							"post": [-16.5, -2.4, 0],
							"lerp_mode": "catmullrom"
						},
						"1.5": {
							"post": [16.0179, -2.4, 0],
							"lerp_mode": "catmullrom"
						},
						"1.75": {
							"post": [31.29, -2.4, 0],
							"lerp_mode": "catmullrom"
						},
						"2.0": {
							"post": [41, -2.4, 0],
							"lerp_mode": "catmullrom"
						}
					},
					"position": {
						"0.0": {
							"post": [0.3, 0, 0.4],
							"lerp_mode": "catmullrom"
						},
						"0.2083": {
							"post": [0, 1.07, 0.33],
							"lerp_mode": "catmullrom"
						},
						"0.4583": {
							"post": [0, 2.15, -0.1],
							"lerp_mode": "catmullrom"
						},
						"1.0": {
							"post": [0.3, 0, -0.7],
							"lerp_mode": "catmullrom"
						},
						"1.5": {
							"post": [0.3, 0.77, -0.19],
							"lerp_mode": "catmullrom"
						},
						"1.7917": {
							"post": [0.3, 0.26, 0.33],
							"lerp_mode": "catmullrom"
						},
						"2.0": {
							"post": [0.3, 0, 0.4],
							"lerp_mode": "catmullrom"
						}
					}
				},
				"leg_left2": {
					"rotation": {
						"0.0": {
							"post": [-13.5, 1.8, 0],
							"lerp_mode": "catmullrom"
						},
						"0.4583": {
							"post": [6.55, 1.8, 3],
							"lerp_mode": "catmullrom"
						},
						"1.0": [-3.5, 1.8, 0],
						"1.1667": [-1.96, 1.8, 0],
						"1.5": [-8.63, 1.8, 0],
						"1.8333": {
							"pre": [-12.92, 1.8, 0],
							"post": [-12.92, 1.8, 0],
							"lerp_mode": "catmullrom"
						},
						"2.0": {
							"post": [-13.5, 1.8, 0],
							"lerp_mode": "catmullrom"
						}
					},
					"position": [-0.1, 0, 0]
				},
				"leg_left3": {
					"rotation": {
						"0.0": {
							"post": [13, 0, 0],
							"lerp_mode": "catmullrom"
						},
						"0.25": {
							"post": [-4.32, 0, 0],
							"lerp_mode": "catmullrom"
						},
						"0.625": {
							"post": [-23.76, 0, 0],
							"lerp_mode": "catmullrom"
						},
						"1.0": [3, 0, 0],
						"1.0833": [4.13, 0, 0],
						"1.2917": [3.44, 0, 0],
						"1.5": {
							"pre": [9.88, 0, 0],
							"post": [9.88, 0, 0],
							"lerp_mode": "catmullrom"
						},
						"2.0": {
							"post": [13, 0, 0],
							"lerp_mode": "catmullrom"
						}
					},
					"position": {
						"0.0": {
							"post": [0, 0, 0],
							"lerp_mode": "catmullrom"
						},
						"1.0": {
							"post": [0, 0, 0],
							"lerp_mode": "catmullrom"
						},
						"2.0": {
							"post": [0, 0, 0],
							"lerp_mode": "catmullrom"
						}
					}
				},
				"foot_left": {
					"rotation": {
						"0.0": {
							"post": [0.5, 0, 0],
							"lerp_mode": "catmullrom"
						},
						"0.1667": {
							"post": [2.84, 0, 0],
							"lerp_mode": "catmullrom"
						},
						"0.4583": {
							"post": [10.67, 0, 0],
							"lerp_mode": "catmullrom"
						},
						"0.75": {
							"post": [6.88, 0, 0],
							"lerp_mode": "catmullrom"
						},
						"1.0": [17, 0, 0],
						"1.0417": [15.59, 0, 0],
						"1.1667": [6.99, 0, 0],
						"1.25": [1.32216, -0.0151, 0.00989],
						"1.375": [-6.6798, -0.01768, 0.02244],
						"1.5": {
							"pre": [-11.3, 0, 0],
							"post": [-11.3, 0, 0],
							"lerp_mode": "catmullrom"
						},
						"1.625": {
							"post": [-11.56, 0, 0],
							"lerp_mode": "catmullrom"
						},
						"1.75": {
							"post": [-8.93, 0, 0],
							"lerp_mode": "catmullrom"
						},
						"2.0": {
							"post": [0.5, 0, 0],
							"lerp_mode": "catmullrom"
						}
					},
					"position": [0, 0, 0]
				},
				"leg_right": {
					"rotation": {
						"0.0": {
							"post": [-16.5, 2.4, 1.4],
							"lerp_mode": "catmullrom"
						},
						"0.2083": {
							"post": [-4.38, 2.4, 0],
							"lerp_mode": "catmullrom"
						},
						"0.5": {
							"post": [16.0179, 2.4, 0],
							"lerp_mode": "catmullrom"
						},
						"0.75": {
							"post": [31.29, 2.4, 0],
							"lerp_mode": "catmullrom"
						},
						"1.0": {
							"post": [41, 2.4, 0],
							"lerp_mode": "catmullrom"
						},
						"1.2083": {
							"post": [41.79, 3.1, 5.49],
							"lerp_mode": "catmullrom"
						},
						"1.5417": {
							"post": [20.5179, 3.52595, 6.3219],
							"lerp_mode": "catmullrom"
						},
						"2.0": {
							"post": [-16.5, 2.4, 1.4],
							"lerp_mode": "catmullrom"
						}
					},
					"position": {
						"0.0": {
							"post": [-0.3, 0, -0.7],
							"lerp_mode": "catmullrom"
						},
						"0.5": {
							"post": [-0.3, 0.77, -0.19],
							"lerp_mode": "catmullrom"
						},
						"0.7917": {
							"post": [-0.3, 0.26, 0.33],
							"lerp_mode": "catmullrom"
						},
						"1.0": {
							"post": [-0.3, 0, 0.4],
							"lerp_mode": "catmullrom"
						},
						"1.2083": {
							"post": [0, 1.07, 0.33],
							"lerp_mode": "catmullrom"
						},
						"1.4583": {
							"post": [0, 2.15, -0.1],
							"lerp_mode": "catmullrom"
						},
						"2.0": {
							"post": [-0.3, 0, -0.7],
							"lerp_mode": "catmullrom"
						}
					}
				},
				"leg_right2": {
					"rotation": {
						"0.0": [-3.5, -1.8, 0],
						"0.1667": [-1.96, -1.8, 0],
						"0.5": [-8.63, -1.8, 0],
						"0.8333": {
							"pre": [-12.92, -1.8, 0],
							"post": [-12.92, -1.8, 0],
							"lerp_mode": "catmullrom"
						},
						"1.0": {
							"post": [-13.5, -1.8, 0],
							"lerp_mode": "catmullrom"
						},
						"1.4583": {
							"post": [6.55, -1.8, -3],
							"lerp_mode": "catmullrom"
						},
						"2.0": [-3.5, -1.8, 0]
					},
					"position": {
						"0.0": [0.1, 0, 0],
						"1.0": [0.1, 0, 0],
						"2.0": [0.1, 0, 0]
					}
				},
				"leg_right3": {
					"rotation": {
						"0.0": [3, 0, 0],
						"0.0833": [4.13, 0, 0],
						"0.2917": [3.44, 0, 0],
						"0.5": [9.88, 0, 0],
						"1.0": {
							"pre": [13, 0, 0],
							"post": [13, 0, 0],
							"lerp_mode": "catmullrom"
						},
						"1.25": {
							"post": [-4.32, 0, 0],
							"lerp_mode": "catmullrom"
						},
						"1.625": {
							"post": [-23.76, 0, 0],
							"lerp_mode": "catmullrom"
						},
						"2.0": [3, 0, 0]
					},
					"position": {
						"0.0": {
							"post": [0, 0, 0],
							"lerp_mode": "catmullrom"
						},
						"1.0": {
							"post": [0, 0, 0],
							"lerp_mode": "catmullrom"
						},
						"2.0": {
							"post": [0, 0, 0],
							"lerp_mode": "catmullrom"
						}
					}
				},
				"foot_right": {
					"rotation": {
						"0.0": [17, 0, 0],
						"0.0417": [15.59, 0, 0],
						"0.1667": [6.99, 0, 0],
						"0.25": [1.32216, 0.0151, -0.00989],
						"0.375": [-6.6798, 0.01768, -0.02244],
						"0.5": {
							"pre": [-11.3, 0, 0],
							"post": [-11.3, 0, 0],
							"lerp_mode": "catmullrom"
						},
						"0.625": {
							"post": [-11.56, 0, 0],
							"lerp_mode": "catmullrom"
						},
						"0.75": {
							"post": [-8.93, 0, 0],
							"lerp_mode": "catmullrom"
						},
						"1.0": {
							"post": [0.5, 0, 0],
							"lerp_mode": "catmullrom"
						},
						"1.1667": {
							"post": [2.84, 0, 0],
							"lerp_mode": "catmullrom"
						},
						"1.4583": {
							"post": [10.67, 0, 0],
							"lerp_mode": "catmullrom"
						},
						"1.75": {
							"post": [6.88, 0, 0],
							"lerp_mode": "catmullrom"
						},
						"2.0": [17, 0, 0]
					},
					"position": {
						"0.0": [0, 0, 0],
						"1.0": [0, 0, 0],
						"2.0": [0, 0, 0]
					}
				},
				"arm_right": {
					"rotation": [12, "50+math.sin(q.anim_time*90*4-90)*5", "-36+math.sin(q.anim_time*90*2-30)*-5"],
					"position": [0, 0, 0.75]
				},
				"arm_right2": {
					"rotation": [189.5, "-82.5+math.sin(q.anim_time*90*4-120)*8", -188],
					"position": [2.75, 0, 0.75]
				},
				"arm_right3": {
					"rotation": [-2.5, "7+math.sin(q.anim_time*90*4-150)*5", "-27+math.sin(q.anim_time*90*2-90)*-6"]
				},
				"hand_right": {
					"rotation": [10, "10+math.sin(q.anim_time*90*4-200)*5", "math.sin(q.anim_time*90*2-190)*-9"]
				},
				"finger_front_right": {
					"rotation": [0, 0, -22.5]
				},
				"finger_front_right2": {
					"rotation": [0, 0, -15]
				},
				"finger_middle_right": {
					"rotation": [0.6574, 7.4713, -19.95708]
				},
				"finger_middle_right2": {
					"rotation": [0, 0, -20]
				},
				"finger_back_right": {
					"rotation": [-1.6575, 12.39135, -32.67995]
				},
				"finger_back_right2": {
					"rotation": [0, 0, -25]
				},
				"tail_end": {
					"rotation": ["math.sin(q.anim_time*90*4-290)*3", "math.sin(q.anim_time*90*2-300)*2", 0]
				},
				"toe_outer_left": {
					"rotation": {
						"0.0": [-41, -22.7, 10.7],
						"0.375": {
							"pre": [25, -3.1, 13.3],
							"post": [25, -3.1, 13.3],
							"lerp_mode": "catmullrom"
						},
						"0.5833": {
							"post": [50.27778, 1.3, 10.65556],
							"lerp_mode": "catmullrom"
						},
						"0.7917": {
							"post": [30, -4.4, 8.2],
							"lerp_mode": "catmullrom"
						},
						"1.0": [0, -9, 0],
						"1.1667": [1, -9, 0],
						"1.2917": [2.25, -9, 0],
						"1.3333": [0, -9.3, 0],
						"1.5": [-5.62, -10, 0],
						"1.6667": [-16.25, -15.7, 3.1],
						"2.0": [-41, -22.7, 10.7]
					},
					"position": {
						"0.0": [0, -0.5, 1.25],
						"0.25": [0, 0, 0],
						"1.4167": [0, 0, 0],
						"1.75": [0, -0.09, 0.71],
						"1.875": [0, -0.09, 0.98],
						"1.9167": [0, -0.13, 1.07],
						"2.0": [0, -0.5, 1.25]
					}
				},
				"toe_outer_right": {
					"rotation": {
						"0.0": [0, 9, 0],
						"0.1667": [1, 9, 0],
						"0.2917": [2.25, 9, 0],
						"0.3333": [0, 9.3, 0],
						"0.5": [-5.62, 10, 0],
						"0.6667": [-16.25, 15.7, -3.1],
						"1.0": [-41, 22.7, -10.7],
						"1.375": {
							"pre": [25, 3.1, -13.3],
							"post": [25, 3.1, -13.3],
							"lerp_mode": "catmullrom"
						},
						"1.5833": {
							"post": [50.27778, -1.3, -10.65556],
							"lerp_mode": "catmullrom"
						},
						"1.7917": {
							"post": [30, 4.4, -8.2],
							"lerp_mode": "catmullrom"
						},
						"2.0": [0, 9, 0]
					},
					"position": {
						"0.0": [0, 0, 0],
						"0.4167": [0, 0, 0],
						"0.75": [0, -0.09, 0.71],
						"0.875": [0, -0.09, 0.98],
						"0.9167": [0, -0.13, 1.07],
						"1.0": [0, -0.5, 1.25],
						"1.25": [0, 0, 0],
						"2.0": [0, 0, 0]
					}
				},
				"tail_end_back": {
					"rotation": ["math.sin(q.anim_time*90*4-320)*7", "math.sin(q.anim_time*90*2-340)*6", 0]
				},
				"tail_end_left2": {
					"rotation": [0, "math.sin(q.anim_time*90*2-330)*5", "math.sin(q.anim_time*90*4-310)*-8"]
				},
				"tail_end_right2": {
					"rotation": [0, "math.sin(q.anim_time*90*2-330)*5", "math.sin(q.anim_time*90*4-310)*8"]
				},
				"toe_middle_left": {
					"rotation": {
						"0.0": [-41, 0, 0],
						"0.375": {
							"pre": [25, 0, 0],
							"post": [25, 0, 0],
							"lerp_mode": "catmullrom"
						},
						"0.5833": {
							"post": [50.27778, 0, 0.55556],
							"lerp_mode": "catmullrom"
						},
						"0.7917": {
							"post": [30, 0, 0],
							"lerp_mode": "catmullrom"
						},
						"1.0": [0, 0, 0],
						"1.1667": [1, 0, 0],
						"1.2917": [2.25, 0, 0],
						"1.3333": [0, 0, 0],
						"1.5": [-5.62, 0, 0],
						"1.6667": [-16.25, 0, 0],
						"2.0": [-41, 0, 0]
					},
					"position": {
						"0.0": [0, -0.5, 1.25],
						"0.25": [0, 0, 0],
						"1.4167": [0, 0, 0],
						"1.75": [0, -0.09, 0.71],
						"1.875": [0, -0.09, 0.98],
						"1.9167": [0, -0.13, 1.07],
						"2.0": [0, -0.5, 1.25]
					}
				},
				"toe_middle_left2": {
					"rotation": {
						"0.0": [0, 0, 0],
						"0.2083": [-11.25, 0, 0],
						"0.4167": [17.5, 0, 0],
						"0.7083": [27.5, 0, 0],
						"0.8333": [10.71, 0, 0],
						"1.0": [0, 0, 0]
					},
					"position": {
						"0.0": [0, 0, 0],
						"0.125": [0, 0, 0.2],
						"0.2083": [0, 0, 0.4],
						"0.2917": [0, 0, 0],
						"2.0": [0, 0, 0]
					}
				},
				"toe_outer_left2": {
					"rotation": {
						"0.0": [0, 0, 0],
						"0.2083": [-11.25, 0, 0],
						"0.4167": [17.5, 0, 0],
						"0.7083": [27.5, 0, 0],
						"0.8333": [10.71, 0, 0],
						"1.0": [0, 0, 0]
					},
					"position": {
						"0.0": [0, 0, 0],
						"0.125": [0, 0, 0.2],
						"0.2083": [0, 0, 0.4],
						"0.2917": [0, 0, 0],
						"2.0": [0, 0, 0]
					}
				},
				"toe_middle_right": {
					"rotation": {
						"0.0": [0, 0, 0],
						"0.1667": [1, 0, 0],
						"0.2917": [2.25, 0, 0],
						"0.3333": [0, 0, 0],
						"0.5": [-5.62, 0, 0],
						"0.6667": [-16.25, 0, 0],
						"1.0": [-41, 0, 0],
						"1.375": {
							"pre": [25, 0, 0],
							"post": [25, 0, 0],
							"lerp_mode": "catmullrom"
						},
						"1.5833": {
							"post": [50.27778, 0, -0.55556],
							"lerp_mode": "catmullrom"
						},
						"1.7917": {
							"post": [30, 0, 0],
							"lerp_mode": "catmullrom"
						},
						"2.0": [0, 0, 0]
					},
					"position": {
						"0.0": [0, 0, 0],
						"0.4167": [0, 0, 0],
						"0.75": [0, -0.09, 0.71],
						"0.875": [0, -0.09, 0.98],
						"0.9167": [0, -0.13, 1.07],
						"1.0": [0, -0.5, 1.25],
						"1.25": [0, 0, 0],
						"2.0": [0, 0, 0]
					}
				},
				"toe_middle_right2": {
					"rotation": {
						"0.0": [0, 0, 0],
						"1.0": [0, 0, 0],
						"1.2083": [-11.25, 0, 0],
						"1.4167": [17.5, 0, 0],
						"1.7083": [27.5, 0, 0],
						"1.8333": [10.71, 0, 0],
						"2.0": [0, 0, 0]
					},
					"position": {
						"0.0": [0, 0, 0],
						"1.0": [0, 0, 0],
						"1.125": [0, 0, 0.2],
						"1.2083": [0, 0, 0.4],
						"1.2917": [0, 0, 0],
						"2.0": [0, 0, 0]
					}
				},
				"toe_outer_right2": {
					"rotation": {
						"0.0": [0, 0, 0],
						"1.0": [0, 0, 0],
						"1.2083": [-11.25, 0, 0],
						"1.4167": [17.5, 0, 0],
						"1.7083": [27.5, 0, 0],
						"1.8333": [10.71, 0, 0],
						"2.0": [0, 0, 0]
					},
					"position": {
						"0.0": [0, 0, 0],
						"1.0": [0, 0, 0],
						"1.125": [0, 0, 0.2],
						"1.2083": [0, 0, 0.4],
						"1.2917": [0, 0, 0],
						"2.0": [0, 0, 0]
					}
				},
				"chest_fur": {
					"rotation": ["-8+math.sin(q.anim_time*90*4-150)*-2", "math.sin(q.anim_time*90*2-100)*2", 0]
				},
				"toe_inner_right": {
					"rotation": {
						"0.0": [0, -9, 0],
						"0.1667": [1, -9, 0],
						"0.2917": [2.25, -9, 0],
						"0.3333": [0, -9.3, 0],
						"0.5": [-5.62, -10, 0],
						"0.6667": [-16.25, -15.7, 3.1],
						"1.0": [-41, -22.7, 10.7],
						"1.375": {
							"pre": [25, -3.1, 13.3],
							"post": [25, -3.1, 13.3],
							"lerp_mode": "catmullrom"
						},
						"1.5833": {
							"post": [50.27778, 1.3, 10.6556],
							"lerp_mode": "catmullrom"
						},
						"1.7917": {
							"post": [30, -4.4, 8.2],
							"lerp_mode": "catmullrom"
						},
						"2.0": [0, -9, 0]
					},
					"position": {
						"0.0": [0, 0, 0],
						"0.4167": [0, 0, 0],
						"0.75": [0, 0.09, 0],
						"0.875": [0, -0.09, 0.98],
						"0.9167": [0, -0.13, 1.07],
						"1.0": [0, -0.5, 1.25],
						"1.25": [0, 0, 0],
						"2.0": [0, 0, 0]
					}
				},
				"toe_inner_left": {
					"rotation": {
						"0.0": [-41, 22.7, -10.7],
						"0.375": {
							"pre": [25, 3.1, -13.3],
							"post": [25, 3.1, -13.3],
							"lerp_mode": "catmullrom"
						},
						"0.5833": {
							"post": [50.27778, -1.3, -10.6556],
							"lerp_mode": "catmullrom"
						},
						"0.7917": {
							"post": [30, 4.4, -8.2],
							"lerp_mode": "catmullrom"
						},
						"1.0": [0, 9, 0],
						"1.1667": [1, 9, 0],
						"1.2917": [2.25, 9, 0],
						"1.3333": [0, 9.3, 0],
						"1.5": [-5.62, 10, 0],
						"1.6667": [-16.25, 15.7, -3.1],
						"2.0": [-41, 22.7, -10.7]
					},
					"position": {
						"0.0": [0, -0.5, 1.25],
						"0.25": [0, 0, 0],
						"1.4167": [0, 0, 0],
						"1.75": [0, -0.09, 0.71],
						"1.875": [0, -0.09, 0.98],
						"1.9167": [0, -0.13, 1.07],
						"2.0": [0, -0.5, 1.25]
					}
				}
			}
		},
		"animation.coelosky.battle_idle": {
			"loop": true,
			"bones": {
				"body": {
					"position": [0, 0.5, 0]
				},
				"torso": {
					"rotation": ["-35+math.sin(q.anim_time*90*2-60)*-1", "math.sin(q.anim_time*90*1)*-1", 0],
					"position": [0, "math.sin(q.anim_time*90*3-30)*0.7", 0]
				},
				"chest": {
					"rotation": ["math.sin(q.anim_time*90*2-90)*-2", "math.sin(q.anim_time*90*1-30)*-1", 0]
				},
				"neck": {
					"rotation": ["-47.5+math.sin(q.anim_time*90*2-150)*-5", "math.sin(q.anim_time*90*1-90)*-2", 0]
				},
				"neck2": {
					"rotation": ["37.5+math.sin(q.anim_time*90*2-100)*6", "0+math.sin(q.anim_time*90*1-30)*4", 0]
				},
				"head": {
					"rotation": [
						"69+math.sin(q.anim_time*90*3-160)*-2+math.sin(q.anim_time*90*3-130)*6",
						"math.sin(q.anim_time*90*1.5-60)*3+math.sin(q.anim_time*90*1.5-150)*-2",
						0
					]
				},
				"arm_left": {
					"rotation": [0, 0, 42.5],
					"position": [-2, 0, 0]
				},
				"arm_left2": {
					"rotation": [0, 82.5, 0]
				},
				"arm_left3": {
					"rotation": [0, 0, 30]
				},
				"hand_left": {
					"rotation": [0.62868, "19.5024+math.sin(q.anim_time*90*3-210)*7", 5.77546]
				},
				"finger_front_left": {
					"rotation": [0, "math.sin(q.anim_time*90*3-230)*5", 22.5]
				},
				"finger_front_left2": {
					"rotation": [0, 0, 15]
				},
				"finger_middle_left": {
					"rotation": [0.6574, "-7.5+math.sin(q.anim_time*90*3-250)*5", 19.95708]
				},
				"finger_middle_left2": {
					"rotation": [0, 0, 20]
				},
				"finger_back_left": {
					"rotation": [-1.6575, "-12+math.sin(q.anim_time*90*3-270)*5", 32.67995]
				},
				"finger_back_left2": {
					"rotation": [0, 0, 25]
				},
				"tail_fur": {
					"rotation": ["2.5+math.sin(q.anim_time*90*3-80)*2", "math.sin(q.anim_time*90*1.5-40)*1", 0]
				},
				"tail": {
					"rotation": ["10+math.sin(q.anim_time*90*3-90)*3", "math.sin(q.anim_time*90*1.5-60)*3", 0]
				},
				"tail2": {
					"rotation": ["12.5+math.sin(q.anim_time*90*3-140)*4", "math.sin(q.anim_time*90*1.5-120)*5", 0]
				},
				"tail3": {
					"rotation": ["10+math.sin(q.anim_time*90*3-180)*5", "math.sin(q.anim_time*90*1.5-180)*8", 0]
				},
				"tail4": {
					"rotation": ["10+math.sin(q.anim_time*90*3-220)*13", "math.sin(q.anim_time*90*1.5-240)*12", 0]
				},
				"tail5": {
					"rotation": ["math.sin(q.anim_time*90*3-260)*15", "math.sin(q.anim_time*90*1.5-280)*15", 0]
				},
				"leg_left": {
					"rotation": ["-4.0329+math.sin(q.anim_time*90*3)*2", -31.39287, -7.30522],
					"position": [0, "math.sin(q.anim_time*90*3)*0.6", 0]
				},
				"leg_left2": {
					"rotation": ["-1+math.sin(q.anim_time*90*3)*-3", 2.5, 0],
					"position": [-0.3, 0, 0]
				},
				"leg_left3": {
					"rotation": ["8+math.sin(q.anim_time*90*3)*-1", 0, 0]
				},
				"foot_left": {
					"rotation": ["1.2175+math.sin(q.anim_time*90*3)*3", 8.39394, 9.01894]
				},
				"leg_right": {
					"rotation": ["-4.0329+math.sin(q.anim_time*90*3)*2", 31.39287, 7.30522],
					"position": [0, "math.sin(q.anim_time*90*3)*0.6", 0]
				},
				"leg_right2": {
					"rotation": ["-1+math.sin(q.anim_time*90*3)*-3", -2.5, 0],
					"position": [0.3, 0, 0]
				},
				"leg_right3": {
					"rotation": ["8+math.sin(q.anim_time*90*3)*-1", 0, 0]
				},
				"foot_right": {
					"rotation": ["1.2175+math.sin(q.anim_time*90*3)*3", -8.39394, -9.01894]
				},
				"arm_right": {
					"rotation": [0, 0, -45],
					"position": [1, 0, 0]
				},
				"arm_right2": {
					"rotation": [0, -75, 0]
				},
				"arm_right3": {
					"rotation": [0, 0, -32.5]
				},
				"hand_right": {
					"rotation": [0.62868, "-19.5024+math.sin(q.anim_time*90*3-210)*-7", -5.77546]
				},
				"finger_front_right": {
					"rotation": [0, "math.sin(q.anim_time*90*3-230)*-5", -22.5]
				},
				"finger_front_right2": {
					"rotation": [0, 0, -15]
				},
				"finger_middle_right": {
					"rotation": [0.6574, "7.5+math.sin(q.anim_time*90*3-250)*-5", -19.95708]
				},
				"finger_middle_right2": {
					"rotation": [0, 0, -20]
				},
				"finger_back_right": {
					"rotation": [-1.6575, "12+math.sin(q.anim_time*90*3-270)*-5", -32.67995]
				},
				"finger_back_right2": {
					"rotation": [0, 0, -25]
				},
				"tail_end": {
					"rotation": ["math.sin(q.anim_time*90*3-290)*5", "math.sin(q.anim_time*90*1.5-300)*2", 0]
				},
				"toes_left": {
					"rotation": ["math.sin(q.anim_time*90*3)*-1", 0, 0],
					"position": [0, 0, "math.sin(q.anim_time*90*3)*0.05+0.05"]
				},
				"toes_right": {
					"rotation": ["math.sin(q.anim_time*90*3)*-1", 0, 0],
					"position": [0, 0, "math.sin(q.anim_time*90*2)*0.05+0.05"]
				},
				"jaw": {
					"rotation": ["5+math.sin(q.anim_time*90*3-190)*-2+math.sin(q.anim_time*90*3-160)*6", 0, 0]
				},
				"tongue": {
					"rotation": ["math.sin(q.anim_time*90*3-210)*-1+math.sin(q.anim_time*90*3-190)*2", 0, 0]
				},
				"toe_outer_left": {
					"rotation": [0, -35, 0]
				},
				"toe_outer_right": {
					"rotation": [0, 35, 0]
				},
				"tail_end_back": {
					"rotation": ["math.sin(q.anim_time*90*3-330)*9", "math.sin(q.anim_time*90*1.5-340)*6", 0]
				},
				"tail_end_left2": {
					"rotation": [0, "math.sin(q.anim_time*90*1.5-330)*5", "math.sin(q.anim_time*90*3-320)*-7"]
				},
				"tail_end_right2": {
					"rotation": [0, "math.sin(q.anim_time*90*1.5-330)*5", "math.sin(q.anim_time*90*3-320)*7"]
				},
				"chest_fur": {
					"rotation": ["-17.5+math.sin(q.anim_time*90*3-120)*-2", "math.sin(q.anim_time*90*1.5-60)*-1", 0]
				}
			}
		},
		"animation.coelosky.sleep": {
			"loop": true,
			"animation_length": 8,
			"bones": {
				"body": {
					"rotation": [0, 37.5, 0],
					"position": [0, "-11.5+math.sin(q.anim_time*90*0.5+30)*-0.1", 0]
				},
				"torso": {
					"rotation": ["-22.5+math.sin(q.anim_time*90*0.5-80)*1", 0, 0],
					"position": [0, "math.sin(q.anim_time*90*0.5)*-0.2", 0]
				},
				"chest": {
					"rotation": ["-12.5+math.sin(q.anim_time*90*0.5-130)*2", 0, 0],
					"position": [0, 0, 2.75]
				},
				"arm_left": {
					"rotation": [75.1106, "-58.5859+math.sin(q.anim_time*90*0.5-130)*2", 3.45493],
					"position": [0, 0.5, 0]
				},
				"arm_left2": {
					"rotation": [-180, "50+math.sin(q.anim_time*90*0.5-160)*4", -180],
					"position": [0, 0, 1]
				},
				"arm_left3": {
					"rotation": [-165.22923, "-77+math.sin(q.anim_time*90*0.5-190)*-5", -184.93636],
					"position": [0, 0.2, -1]
				},
				"hand_left": {
					"rotation": [0, "-(math.sin(q.anim_time*90*0.5-170)*-10)", "17.5+math.sin(q.anim_time*90*0.5-170)*7"]
				},
				"finger_front_left": {
					"rotation": [0, 0, "82.5+math.sin(q.anim_time*90*0.5-180)*3"]
				},
				"finger_front_left2": {
					"rotation": [0, 0, 32.5]
				},
				"finger_middle_left": {
					"rotation": [0, 0, "67.5+math.sin(q.anim_time*90*0.5-180)*3"]
				},
				"finger_middle_left2": {
					"rotation": [0, 0, 27.5]
				},
				"finger_back_left": {
					"rotation": [0, 0, "60+math.sin(q.anim_time*90*0.5-180)*3"]
				},
				"finger_back_left2": {
					"rotation": [0, 0, 22.5]
				},
				"arm_right": {
					"rotation": [75.1106, "58.5859+math.sin(q.anim_time*90*0.5-130)*2", -3.45493],
					"position": [0, 0.5, 0]
				},
				"arm_right2": {
					"rotation": [-180, "-50+math.sin(q.anim_time*90*0.5-160)*4", 180],
					"position": [0, 0, 1]
				},
				"arm_right3": {
					"rotation": [-165.22923, "77+math.sin(q.anim_time*90*0.5-190)*-5", 184.93636],
					"position": [0, 0.2, -1]
				},
				"hand_right": {
					"rotation": [0, "math.sin(q.anim_time*90*0.5-170)*-10", "-17.5+math.sin(q.anim_time*90*0.5-170)*7"]
				},
				"finger_front_right": {
					"rotation": [0, 0, "-82.5+math.sin(q.anim_time*90*0.5-180)*3"]
				},
				"finger_front_right2": {
					"rotation": [0, 0, -32.5]
				},
				"finger_middle_right": {
					"rotation": [0, 0, "-67.5+math.sin(q.anim_time*90*0.5-180)*3"]
				},
				"finger_middle_right2": {
					"rotation": [0, 0, -27.5]
				},
				"finger_back_right": {
					"rotation": [0, 0, "-60+math.sin(q.anim_time*90*0.5-180)*3"]
				},
				"finger_back_right2": {
					"rotation": [0, 0, -22.5]
				},
				"neck": {
					"rotation": ["-26+math.sin(q.anim_time*90*0.5-180)*3", -3, -23],
					"position": [0, -1, 0]
				},
				"neck2": {
					"rotation": ["55+math.sin(q.anim_time*90*0.5-220)*5", 0, 0],
					"position": [0, 0.5, 1.25]
				},
				"head": {
					"rotation": ["87.5+math.sin(q.anim_time*90*0.5-160)*-8", 1.07962, 1.26394],
					"position": [0, 1.25, 0]
				},
				"eyelid_left": {
					"position": [0.1, 0, 0]
				},
				"eyelid_right": {
					"position": [-0.1, 0, 0]
				},
				"tail_fur": {
					"rotation": ["math.sin(q.anim_time*90*0.5-120)*1", 12, 3]
				},
				"tail": {
					"rotation": ["math.sin(q.anim_time*90*0.5-150)*1+1", 41, 10]
				},
				"tail2": {
					"rotation": ["20+math.sin(q.anim_time*90*0.5-190)*3", 33, 11]
				},
				"tail3": {
					"rotation": ["6+math.sin(q.anim_time*90*0.5-240)*5", 38, 10]
				},
				"tail4": {
					"rotation": ["5+math.sin(q.anim_time*90*0.5-270)*9", 35, 0]
				},
				"tail5": {
					"rotation": ["math.sin(q.anim_time*90*0.5-310)*13+4", 37.5, "math.sin(q.anim_time*90*0.5-260)*-6"]
				},
				"tail_end_back": {
					"rotation": ["math.sin(q.anim_time*90*0.5-360)*13", 0, 0]
				},
				"tail_end_left2": {
					"rotation": [0, -15, "7.5+math.sin(q.anim_time*90*0.5-350)*-11"]
				},
				"tail_end_right2": {
					"rotation": [0, 12.5, "-5+math.sin(q.anim_time*90*0.5-350)*11"]
				},
				"leg_left": {
					"rotation": [-135.66171, -7.57131, 9.97528],
					"position": [0, -7.75, 3]
				},
				"leg_left2": {
					"rotation": [82.5, 0, 0],
					"position": [0, 0, 7.25]
				},
				"leg_left3": {
					"rotation": [-20.04256, -0.65182, 7.47178]
				},
				"foot_left": {
					"rotation": [90.09385, -53.89407, 18.18778],
					"position": [0, 1, -2]
				},
				"toe_middle_left": {
					"rotation": [25.46621, -3.18878, 6.76025]
				},
				"toe_middle_left2": {
					"rotation": [30, 0, 0]
				},
				"toe_outer_left": {
					"rotation": [31.05202, 2.90543, 18.58298]
				},
				"toe_outer_left2": {
					"rotation": [27.5, 0, 0]
				},
				"leg_right": {
					"rotation": [-135.66171, 7.57131, -9.97528],
					"position": [0, -7.75, 3]
				},
				"leg_right2": {
					"rotation": [82.5, 0, 0],
					"position": [0, 0, 7.25]
				},
				"leg_right3": {
					"rotation": [-20.11794, 1.08089, -12.45392]
				},
				"foot_right": {
					"rotation": [94.05056, 48.96339, -19.52094],
					"position": [0, 1, -2]
				},
				"toe_middle_right": {
					"rotation": [25.46621, 3.18878, -6.76025]
				},
				"toe_middle_right2": {
					"rotation": [30, 0, 0]
				},
				"toe_outer_right": {
					"rotation": [31.05202, -2.90543, -18.58298]
				},
				"toe_outer_right2": {
					"rotation": [27.5, 0, 0]
				},
				"tail_end": {
					"rotation": ["math.clamp(math.cos(q.anim_time*90*0.5-20)*-14,0,20)", 0, 0]
				},
				"chest_fur": {
					"rotation": ["-27+math.sin(q.anim_time*90*0.5-160)*4", -8, -5]
				}
			}
		},
		"animation.coelosky.blink": {
			"animation_length": 0.1667,
			"bones": {
				"eyelid_left": {
					"position": {
						"0.0": [0.1, 0, 0],
						"0.125": [0.1, 0, 0],
						"0.1667": [0, 0, 0]
					}
				},
				"eyelid_right": {
					"position": {
						"0.0": [-0.1, 0, 0],
						"0.125": [-0.1, 0, 0],
						"0.1667": [0, 0, 0]
					}
				}
			}
		},
		"animation.coelosky.walkspeedtest": {
			"loop": true,
			"bones": {
				"coelosky": {
					"position": [0, 0, "-q.anim_time*90*0.11"]
				}
			}
		}
	}
}