{
	"format_version": "1.12.0",
	"minecraft:geometry": [
		{
			"description": {
				"identifier": "geometry.puada",
				"texture_width": 64,
				"texture_height": 64,
				"visible_bounds_width": 2,
				"visible_bounds_height": 2.5,
				"visible_bounds_offset": [0, 0.75, 0]
			},
			"bones": [
				{
					"name": "puada",
					"pivot": [0, 0, 0]
				},
				{
					"name": "head",
					"parent": "puada",
					"pivot": [0, 3, -2],
					"cubes": [
						{"origin": [-5, 3, -5], "size": [10, 10, 10], "uv": [0, 0]}
					]
				},
				{
					"name": "bone",
					"parent": "head",
					"pivot": [-2, 13, 0],
					"rotation": [0, -27.5, 0],
					"cubes": [
						{"origin": [-2, 13, 0], "size": [10, 4, 0], "uv": [27, 29]}
					]
				},
				{
					"name": "leg",
					"parent": "puada",
					"pivot": [3, 3, -3],
					"cubes": [
						{"origin": [2, 0, -4], "size": [2, 4, 2], "uv": [9, 29]}
					]
				},
				{
					"name": "leg3",
					"parent": "puada",
					"pivot": [3, 3, 3],
					"cubes": [
						{"origin": [2, 0, 2], "size": [2, 4, 2], "uv": [9, 29]}
					]
				},
				{
					"name": "leg2",
					"parent": "puada",
					"pivot": [-3, 3, 3],
					"cubes": [
						{"origin": [-4, 0, 2], "size": [2, 4, 2], "uv": [9, 29], "mirror": true}
					]
				},
				{
					"name": "leg4",
					"parent": "puada",
					"pivot": [-3, 3, -3],
					"cubes": [
						{"origin": [-4, 0, -4], "size": [2, 4, 2], "uv": [9, 29], "mirror": true}
					]
				}
			]
		}
	]
}