{
  "implemented": true,
  "name": "Floragato",
  "nationalPokedexNumber": 907,
  "primaryType": "grass",
  "abilities": [
    "overgrow",
    "h:protean"
  ],
  "drops": {
    "amount": 1,
    "entries": [
      {
        "item": "cobblemon:miracle_seed",
        "percentage": 10.0
      }
    ]
  },
  "baseStats": {
    "hp": 61,
    "attack": 80,
    "defence": 63,
    "special_attack": 60,
    "special_defence": 63,
    "speed": 83
  },
  "catchRate": 45,
  "maleRatio": 0.875,
  "baseExperienceYield": 144,
  "baseFriendship": 50,
  "evYield": {
    "hp": 0,
    "attack": 0,
    "defence": 0,
    "special_attack": 0,
    "special_defence": 0,
    "speed": 2
  },
  "experienceGroup": "medium_slow",
  "eggCycles": 20,
  "eggGroups": [
    "field",
    "grass"
  ],
  "behaviour": {
    "resting": {
      "canSleep": true,
      "willSleepOnBed": true,
      "depth": "normal",
      "light": "0-4"
    },
    "moving": {
      "walk": {
        "walkSpeed": 0.25
      }
    }
  },
  "moves": [
    "1:leafage",
    "1:scratch",
    "1:tailwhip",
    "7:bite",
    "10:honeclaws",
    "13:magicalleaf",
    "15:quickattack",
    "20:seedbomb",
    "24:uturn",
    "28:worryseed",
    "33:slash",
    "38:energyball",
    "42:playrough",
    "46:leafstorm",
    "tm:acrobatics",
    "tm:aerialace",
    "tm:agility",
    "tm:bulletseed",
    "tm:charm",
    "tm:disarmingvoice",
    "tm:endure",
    "tm:energyball",
    "tm:facade",
    "tm:faketears",
    "tm:fling",
    "tm:gigadrain",
    "tm:grassknot",
    "tm:grasspledge",
    "tm:grassyglide",
    "tm:grassyterrain",
    "tm:helpinghand",
    "tm:leafstorm",
    "tm:lowkick",
    "tm:lowsweep",
    "tm:magicalleaf",
    "tm:mudslap",
    "tm:nastyplot",
    "tm:petalblizzard",
    "tm:playrough",
    "tm:protect",
    "tm:rest",
    "tm:seedbomb",
    "tm:shadowclaw",
    "tm:sleeptalk",
    "tm:solarbeam",
    "tm:substitute",
    "tm:swift",
    "tm:takedown",
    "tm:taunt",
    "tm:terablast",
    "tm:thunderpunch",
    "tm:trailblaze",
    "tm:uturn"
  ],
  "labels": [
    "gen9"
  ],
  "aspects": [],
  "height": 9,
  "weight": 122,
  "preEvolution": "sprigatito",
  "evolutions": [
    {
      "id": "floragato_meowscarada",
      "variant": "level_up",
      "result": "meowscarada",
      "consumeHeldItem": false,
      "learnableMoves": [
        "flowertrick"
      ],
      "requirements": [
        {
          "variant": "level",
          "minLevel": 36
        }
      ]
    },
    {
      "id": "floragato_cafe_floragato",
      "variant": "item_interact",
      "result": "cafe_floragato",
      "consumeHeldItem": true,
      "learnableMoves": [],
      "requirements": [],
      "requiredContext": "minecraft:blue_wool"
    }
  ],
  "baseScale": 0.6,
  "hitbox": {
    "width": 1,
    "height": 1.9,
    "fixed": false
  },
  "cannotDynamax": false,
  "pokedex": [
    "cobblemon.species.floragato.desc"
  ]
}
