{
    "implemented": true,
    "name": "Meowscarada",
    "nationalPokedexNumber": 908,
    "primaryType": "grass",
    "secondaryType": "dark",
    "abilities": [
        "overgrow",
        "h:protean"
    ],
    "drops": {
        "amount": 1,
        "entries": [
            {
                "item": "cobblemon:miracle_seed",
                "percentage": 25
            }
        ]
    },
    "baseStats": {
        "hp": 76,
        "attack": 110,
        "defence": 70,
        "special_attack": 81,
        "special_defence": 70,
        "speed": 123
    },
    "catchRate": 45,
    "maleRatio": 0.875,
    "baseExperienceYield": 265,
    "baseFriendship": 50,
    "evYield": {
        "hp": 0,
        "attack": 0,
        "defence": 0,
        "special_attack": 0,
        "special_defence": 0,
        "speed": 3
    },
    "experienceGroup": "medium_slow",
    "eggCycles": 20,
    "eggGroups": [
        "field",
        "grass"
    ],
    "behaviour": {
        "resting": {
            "canSleep": true,
            "willSleepOnBed": true,
            "depth": "normal",
            "light": "0-4"
        },
        "moving": {
            "walk": {
                "walkSpeed": 0.3
            }
        }
    },
    "moves": [
        "1:doubleteam",
        "1:flowertrick",
        "1:leafage",
        "1:scratch",
        "1:tailwhip",
        "1:trick",
        "7:bite",
        "10:honeclaws",
        "13:magicalleaf",
        "15:quickattack",
        "20:seedbomb",
        "24:uturn",
        "29:worryseed",
        "33:slash",
        "38:nightslash",
        "42:energyball",
        "47:playrough",
        "52:knockoff",
        "58:grassyterrain",
        "64:leafstorm",
        "tm:acrobatics",
        "tm:aerialace",
        "tm:agility",
        "tm:aurasphere",
        "tm:brickbreak",
        "tm:bulletseed",
        "tm:charm",
        "tm:chillingwater",
        "tm:darkpulse",
        "tm:disarmingvoice",
        "tm:doubleteam",
        "tm:endure",
        "tm:energyball",
        "tm:facade",
        "tm:faketears",
        "tm:fling",
        "tm:foulplay",
        "tm:frenzyplant",
        "tm:gigadrain",
        "tm:gigaimpact",
        "tm:grassknot",
        "tm:grasspledge",
        "tm:grassyglide",
        "tm:grassyterrain",
        "tm:helpinghand",
        "tm:hyperbeam",
        "tm:knockoff",
        "tm:lashout",
        "tm:leafstorm",
        "tm:lowkick",
        "tm:lowsweep",
        "tm:magicalleaf",
        "tm:mudslap",
        "tm:nastyplot",
        "tm:petalblizzard",
        "tm:playrough",
        "tm:pollenpuff",
        "tm:powergem",
        "tm:protect",
        "tm:psychup",
        "tm:rest",
        "tm:seedbomb",
        "tm:shadowball",
        "tm:shadowclaw",
        "tm:skillswap",
        "tm:sleeptalk",
        "tm:solarbeam",
        "tm:spikes",
        "tm:substitute",
        "tm:swift",
        "tm:takedown",
        "tm:taunt",
        "tm:terablast",
        "tm:thief",
        "tm:throatchop",
        "tm:thunderpunch",
        "tm:toxicspikes",
        "tm:trailblaze",
        "tm:trick",
        "tm:trickroom",
        "tm:tripleaxel",
        "tm:uturn"
    ],
    "labels": [
        "gen9"
    ],
    "aspects": [],
    "height": 15,
    "weight": 312,
    "preEvolution": "floragato",
    "evolutions": [
        {
            "id": "meowscarada_cafe_meowscarada",
            "variant": "item_interact",
            "result": "cafe_meowscarada",
            "consumeHeldItem": true,
            "learnableMoves": [],
            "requirements": [],
            "requiredContext": "minecraft:white_wool"
        },
        {
            "id": "meowscarada_mephy_meowscarada",
            "variant": "item_interact",
            "result": "mephy_meowscarada",
            "consumeHeldItem": true,
            "learnableMoves": [],
            "requirements": [],
            "requiredContext": "minecraft:cherry_sapling"
        }
    ],
    "baseScale": 0.67,
    "hitbox": {
        "width": 1,
        "height": 3,
        "fixed": false
    },
    "cannotDynamax": false,
    "pokedex": [
        "cobblemon.species.meowscarada.desc"
    ]
}