{
	"format_version": "1.12.0",
	"minecraft:geometry": [
		{
			"description": {
				"identifier": "geometry.regisecto",
				"texture_width": 128,
				"texture_height": 128,
				"visible_bounds_width": 6,
				"visible_bounds_height": 4.5,
				"visible_bounds_offset": [0, 1.75, 0]
			},
			"bones": [
				{
					"name": "lickilicky",
					"pivot": [0, 0, 0]
				},
				{
					"name": "body",
					"parent": "lickilicky",
					"pivot": [0, 0, 0]
				},
				{
					"name": "torso",
					"parent": "body",
					"pivot": [0, 26, 0],
					"rotation": [0, 0, -180],
					"cubes": [
						{"origin": [-12.5, 23, -11.5], "size": [25, 16, 23], "inflate": 0.02, "uv": [0, 0]},
						{"origin": [-1, 31.5, -11.6], "size": [2, 2, 0], "uv": [96, 30]},
						{"origin": [8, 15, -12], "size": [0, 9, 2], "pivot": [7, 22, -11], "rotation": [-25, 0, 0], "uv": [96, 11]},
						{"origin": [-8, 15.25, -14.5], "size": [0, 9, 2], "pivot": [-16, 16, -13], "rotation": [-25, 0, 0], "uv": [96, 11]}
					]
				},
				{
					"name": "upper_torso",
					"parent": "torso",
					"pivot": [0, 39, 0],
					"cubes": [
						{"origin": [-11.5, 36, -10.5], "size": [23, 10, 21], "uv": [0, 39]}
					]
				},
				{
					"name": "left_upper_arm",
					"parent": "upper_torso",
					"pivot": [11.5, 36, -1],
					"cubes": [
						{"origin": [11.5, 31, -4], "size": [6, 5, 6], "uv": [26, 93]}
					]
				},
				{
					"name": "left_lower_arm",
					"parent": "left_upper_arm",
					"pivot": [17.5, 33.5, 2],
					"cubes": [
						{"origin": [17.5, 31, -4], "size": [7, 5, 6], "inflate": 0.01, "uv": [88, 59]}
					]
				},
				{
					"name": "left_thumb",
					"parent": "left_lower_arm",
					"pivot": [22, 33.5, -4],
					"rotation": [15, 0, 0],
					"cubes": [
						{"origin": [21.5, 33.5, -5], "size": [1, 0, 2], "uv": [96, 26]}
					]
				},
				{
					"name": "right_upper_arm",
					"parent": "upper_torso",
					"pivot": [-11.5, 36, -1],
					"cubes": [
						{"origin": [-17.5, 31, -4], "size": [6, 5, 6], "uv": [96, 0]}
					]
				},
				{
					"name": "right_lower_arm",
					"parent": "right_upper_arm",
					"pivot": [-17.5, 33.5, 2],
					"cubes": [
						{"origin": [-24.5, 31, -4], "size": [7, 5, 6], "inflate": 0.01, "uv": [0, 93]}
					]
				},
				{
					"name": "right_thumb",
					"parent": "right_lower_arm",
					"pivot": [-22, 33.5, -4],
					"rotation": [15, 0, 0],
					"cubes": [
						{"origin": [-22.5, 33.5, -5], "size": [1, 0, 2], "uv": [96, 28]}
					]
				},
				{
					"name": "tail_1",
					"parent": "torso",
					"pivot": [0, 41, 7],
					"rotation": [-67.5, 0, 180],
					"cubes": [
						{"origin": [-4, 41, 7], "size": [8, 6, 7], "uv": [80, 85]}
					]
				},
				{
					"name": "tail_2",
					"parent": "tail_1",
					"pivot": [0, 41, 14],
					"rotation": [50, 0, 0],
					"cubes": [
						{"origin": [-5.5, 41, 14], "size": [11, 9, 14], "uv": [0, 70]}
					]
				},
				{
					"name": "tail_3",
					"parent": "tail_2",
					"pivot": [0, 50, 28],
					"rotation": [-37.5, 0, 0],
					"cubes": [
						{"origin": [-3.5, 44, 28], "size": [7, 6, 8], "uv": [50, 85]}
					]
				},
				{
					"name": "left_leg",
					"parent": "body",
					"pivot": [7.5, 6, 0],
					"cubes": [
						{"origin": [3.5, 2, -4], "size": [8, 7, 8], "uv": [50, 70]}
					]
				},
				{
					"name": "left_foot",
					"parent": "left_leg",
					"pivot": [7.5, 2, 0],
					"cubes": [
						{"origin": [4, 0, -3.5], "size": [7, 3, 7], "uv": [88, 39]}
					]
				},
				{
					"name": "left_toe",
					"parent": "left_foot",
					"pivot": [7.5, 1, -3.5],
					"cubes": [
						{"origin": [5.5, 0, -4.5], "size": [4, 1, 1], "uv": [96, 22]}
					]
				},
				{
					"name": "right_leg",
					"parent": "body",
					"pivot": [-7.5, 6, 0],
					"cubes": [
						{"origin": [-11.5, 2, -4], "size": [8, 7, 8], "uv": [82, 70]}
					]
				},
				{
					"name": "right_foot",
					"parent": "right_leg",
					"pivot": [-7.5, 2, 0],
					"cubes": [
						{"origin": [-11, 0, -3.5], "size": [7, 3, 7], "uv": [88, 49]}
					]
				},
				{
					"name": "right_toe",
					"parent": "right_foot",
					"pivot": [-7.5, 1, -3.5],
					"cubes": [
						{"origin": [-9.5, 0, -4.5], "size": [4, 1, 1], "uv": [96, 24]}
					]
				}
			]
		}
	]
}