{
	"format_version": "1.12.0",
	"minecraft:geometry": [
		{
			"description": {
				"identifier": "geometry.squikeak",
				"texture_width": 64,
				"texture_height": 64,
				"visible_bounds_width": 3,
				"visible_bounds_height": 2.5,
				"visible_bounds_offset": [0, 0.75, 0]
			},
			"bones": [
				{
					"name": "squikeak",
					"pivot": [0, 0, 0]
				},
				{
					"name": "bone",
					"parent": "squikeak",
					"pivot": [0, 0, 0]
				},
				{
					"name": "head",
					"parent": "bone",
					"pivot": [0, 10, 0],
					"cubes": [
						{"origin": [-4, 10, -4], "size": [8, 8, 8], "uv": [32, 0]}
					]
				},
				{
					"name": "ear",
					"parent": "head",
					"pivot": [1, 18, 0],
					"cubes": [
						{"origin": [1, 16, -1], "size": [6, 6, 2], "uv": [3, 3]}
					]
				},
				{
					"name": "ear2",
					"parent": "head",
					"pivot": [-1, 18, 0],
					"cubes": [
						{"origin": [-7, 16, -1], "size": [6, 6, 2], "uv": [3, 3], "mirror": true}
					]
				},
				{
					"name": "bone2",
					"parent": "bone",
					"pivot": [0, 0, 0],
					"cubes": [
						{"origin": [-3, 3, -3], "size": [6, 8, 6], "uv": [0, 14]}
					]
				},
				{
					"name": "tail",
					"parent": "bone2",
					"pivot": [0, 5.1, 3],
					"cubes": [
						{"origin": [-1.5, 3.6, 2], "size": [3, 3, 7], "uv": [30, 33]}
					]
				},
				{
					"name": "arm",
					"parent": "bone2",
					"pivot": [2.5, 7.5, 0],
					"rotation": [2.5, 0, 0],
					"cubes": [
						{"origin": [1, 6, -4], "size": [3, 3, 4], "uv": [27, 18]}
					]
				},
				{
					"name": "arm2",
					"parent": "bone2",
					"pivot": [-2.5, 7.5, 0],
					"rotation": [2.5, 0, 0],
					"cubes": [
						{"origin": [-4, 6, -4], "size": [3, 3, 4], "uv": [27, 18], "mirror": true}
					]
				},
				{
					"name": "leg",
					"parent": "bone2",
					"pivot": [1.6, 3, 0],
					"cubes": [
						{"origin": [0.6, 0, -1], "size": [2, 4, 2], "uv": [13, 38]}
					]
				},
				{
					"name": "leg2",
					"parent": "bone2",
					"pivot": [-1.6, 3, 0],
					"cubes": [
						{"origin": [-2.6, 0, -1], "size": [2, 4, 2], "uv": [13, 38], "mirror": true}
					]
				}
			]
		}
	]
}