{
	"format_version": "1.12.0",
	"minecraft:geometry": [
		{
			"description": {
				"identifier": "geometry.unknown",
				"texture_width": 64,
				"texture_height": 64,
				"visible_bounds_width": 5,
				"visible_bounds_height": 3.5,
				"visible_bounds_offset": [0, 1.25, 0]
			},
			"bones": [
				{
					"name": "Serabetta",
					"pivot": [0, 0, 0]
				},
				{
					"name": "body",
					"parent": "Serabetta",
					"pivot": [0, 6.5, -1.5],
					"cubes": [
						{"origin": [-3, 2.25, -5.5], "size": [6, 9, 7], "uv": [0, 0]},
						{"origin": [-3.5, 5.75, -2.5], "size": [7, 6, 2], "uv": [18, 16]},
						{"origin": [-1, 8.5, -5.75], "size": [2, 3, 2], "uv": [36, 14]},
						{"origin": [-3.25, 5, -5.75], "size": [2, 3, 2], "uv": [34, 35], "mirror": true},
						{"origin": [1.25, 5, -5.75], "size": [2, 3, 2], "uv": [36, 19], "mirror": true},
						{"origin": [2, 5, -3.5], "size": [2, 4, 4], "uv": [26, 8]},
						{"origin": [-4, 5, -3.5], "size": [2, 4, 4], "uv": [26, 0]},
						{"origin": [1.26, 6, -5.76], "size": [2, 1, 1], "uv": [36, 33]},
						{"origin": [-1, 9.25, -5.76], "size": [2, 1, 0], "uv": [0, 19]},
						{"origin": [-3.26, 6, -5.76], "size": [2, 1, 1], "uv": [0, 0]},
						{"origin": [-2.5, 6.5, -5.77], "size": [1, 1, 0], "uv": [14, 19]},
						{"origin": [1.5, 6.5, -5.77], "size": [1, 1, 0], "uv": [5, 2]},
						{"origin": [-0.5, 10, -5.77], "size": [1, 1, 0], "uv": [5, 0]}
					]
				},
				{
					"name": "m_eyelid",
					"parent": "body",
					"pivot": [0, 9, -3.75],
					"cubes": [
						{"origin": [-1, 7.5, -4.75], "size": [2, 3, 2], "inflate": 0.1, "uv": [44, 14]}
					]
				},
				{
					"name": "r_eyelid",
					"parent": "body",
					"pivot": [-1.25, 6.5, -3.5],
					"cubes": [
						{"origin": [-2.25, 5, -4.75], "size": [2, 3, 2], "inflate": 0.1, "uv": [44, 19]}
					]
				},
				{
					"name": "l_eyelid",
					"parent": "body",
					"pivot": [1.25, 6.5, -3.75],
					"cubes": [
						{"origin": [0.25, 5, -4.75], "size": [2, 3, 2], "inflate": 0.1, "uv": [42, 35]}
					]
				},
				{
					"name": "mouth_close",
					"parent": "body",
					"pivot": [0, 3.75, -4.5],
					"cubes": [
						{"origin": [-1, 3.25, -4.51], "size": [2, 1, 0], "uv": [38, 12]}
					]
				},
				{
					"name": "mouth_open",
					"parent": "body",
					"pivot": [0, 3.75, -5.5],
					"cubes": [
						{"origin": [-1, 2.75, -5.51], "size": [2, 2, 0], "uv": [38, 12]}
					]
				},
				{
					"name": "spine_01",
					"parent": "body",
					"pivot": [0, 7, 1],
					"rotation": [7.5, 0, 0],
					"cubes": [
						{"origin": [-2.5, 2.75, 0.25], "size": [5, 8, 4], "uv": [0, 16]},
						{"origin": [-3.03, 8.75, 3.23], "size": [1, 1, 0], "pivot": [-2.53, 9.25, 3.23], "rotation": [90, 45, 90], "uv": [0, 42]},
						{"origin": [0.22, 6.25, 8.27], "size": [1, 1, 0], "pivot": [-2.53, 9.25, 3.23], "rotation": [90, 45, 90], "uv": [0, 42]}
					]
				},
				{
					"name": "spine_02",
					"parent": "spine_01",
					"pivot": [0, 7.5, 4],
					"rotation": [7.5, 0, 0],
					"cubes": [
						{"origin": [-2, 4.25, 3.75], "size": [4, 6, 3], "uv": [18, 24]},
						{"origin": [-1.53, 4.25, 3.73], "size": [1, 1, 0], "pivot": [-2.53, 9.25, 3.23], "rotation": [90, 45, 90], "uv": [0, 42]},
						{"origin": [-4.28, 6.75, 7.77], "size": [1, 1, 0], "pivot": [-2.53, 9.25, 3.23], "rotation": [90, 45, 90], "uv": [0, 42]}
					]
				},
				{
					"name": "spine_03",
					"parent": "spine_02",
					"pivot": [0, 8, 6.5],
					"rotation": [-7.5, 0, 0],
					"cubes": [
						{"origin": [-1.5, 6.5, 6.25], "size": [3, 3, 3], "uv": [0, 28]},
						{"origin": [-5.53, 4.5, 4.23], "size": [1, 1, 0], "pivot": [-2.53, 9.25, 3.23], "rotation": [90, 45, 90], "uv": [0, 42]},
						{"origin": [-5.53, 4.5, 7.27], "size": [1, 1, 0], "pivot": [-2.53, 9.25, 3.23], "rotation": [90, 45, 90], "uv": [0, 42]}
					]
				},
				{
					"name": "tail_base",
					"parent": "spine_03",
					"pivot": [0, 8, 8.5]
				},
				{
					"name": "tfin05_01",
					"parent": "tail_base",
					"pivot": [0, 7, 8.5],
					"cubes": [
						{"origin": [0, 4, 8], "size": [0, 3, 1], "uv": [0, 27]}
					]
				},
				{
					"name": "tfin05_02",
					"parent": "tfin05_01",
					"pivot": [0, 4, 8.5],
					"cubes": [
						{"origin": [0, 1, 8], "size": [0, 3, 1], "uv": [18, 23]}
					]
				},
				{
					"name": "tfin05_03",
					"parent": "tfin05_02",
					"pivot": [0, 1, 8.5],
					"cubes": [
						{"origin": [0, -2, 7.5], "size": [0, 3, 2], "uv": [26, 6]}
					]
				},
				{
					"name": "tfin05_04",
					"parent": "tfin05_03",
					"pivot": [0, -2, 8.5],
					"cubes": [
						{"origin": [0, -5, 7.5], "size": [0, 3, 2], "uv": [0, 14]}
					]
				},
				{
					"name": "tfin04_01",
					"parent": "tail_base",
					"pivot": [0, 7, 8.75],
					"rotation": [-45, 0, 0],
					"cubes": [
						{"origin": [0, 9, -7.25], "size": [0, 3, 1], "pivot": [0, 0.25, 0], "rotation": [-90, 0, 0], "uv": [38, 26]}
					]
				},
				{
					"name": "tfin04_02",
					"parent": "tfin04_01",
					"pivot": [0, 7, 11.75],
					"cubes": [
						{"origin": [0, 12, -7.25], "size": [0, 3, 1], "pivot": [0, 0.25, 0], "rotation": [-90, 0, 0], "uv": [9, 27]}
					]
				},
				{
					"name": "tfin04_03",
					"parent": "tfin04_02",
					"pivot": [0, 7, 14.75],
					"cubes": [
						{"origin": [0, 15, -7.75], "size": [0, 3, 2], "pivot": [0, 0.25, 0], "rotation": [-90, 0, 0], "uv": [22, 35]}
					]
				},
				{
					"name": "tfin04_04",
					"parent": "tfin04_03",
					"pivot": [0, 7, 17.75],
					"cubes": [
						{"origin": [0, 18, -7.75], "size": [0, 3, 2], "pivot": [0, 0.25, 0], "rotation": [-90, 0, 0], "uv": [18, 35]}
					]
				},
				{
					"name": "tfin04_05",
					"parent": "tfin04_04",
					"pivot": [0, 7, 20.75],
					"cubes": [
						{"origin": [0, 21, -8.25], "size": [0, 4, 3], "pivot": [0, 0.25, 0], "rotation": [-90, 0, 0], "uv": [0, 0]}
					]
				},
				{
					"name": "tfin03_01",
					"parent": "tail_base",
					"pivot": [0, 7.75, 9.25],
					"cubes": [
						{"origin": [0, 9, -8], "size": [0, 3, 1], "pivot": [0, 0.25, 0], "rotation": [-90, 0, 0], "uv": [38, 29]}
					]
				},
				{
					"name": "tfin03_02",
					"parent": "tfin03_01",
					"pivot": [0, 7.75, 11.75],
					"cubes": [
						{"origin": [0, 12, -8.5], "size": [0, 3, 2], "pivot": [0, 0.25, 0], "rotation": [-90, 0, 0], "uv": [26, 35]}
					]
				},
				{
					"name": "tfin03_03",
					"parent": "tfin03_02",
					"pivot": [0, 7.75, 14.75],
					"cubes": [
						{"origin": [0, 15, -8.5], "size": [0, 3, 2], "pivot": [0, 0.25, 0], "rotation": [-90, 0, 0], "uv": [30, 35]}
					]
				},
				{
					"name": "tfin03_04",
					"parent": "tfin03_03",
					"pivot": [0, 7.75, 17.75],
					"cubes": [
						{"origin": [0, 18, -9], "size": [0, 4, 3], "pivot": [0, 0.25, 0], "rotation": [-90, 0, 0], "uv": [12, 29]}
					]
				},
				{
					"name": "tfin03_05",
					"parent": "tfin03_04",
					"pivot": [0, 7.75, 21.75],
					"cubes": [
						{"origin": [0, 22, -9], "size": [0, 4, 3], "pivot": [0, 0.25, 0], "rotation": [-90, 0, 0], "uv": [19, 0]}
					]
				},
				{
					"name": "tfin02_01",
					"parent": "tail_base",
					"pivot": [0, 8.5, 8.75],
					"rotation": [45, 0, 0],
					"cubes": [
						{"origin": [0, 9, -8.75], "size": [0, 3, 1], "pivot": [0, 0.25, 0], "rotation": [-90, 0, 0], "uv": [20, 39]}
					]
				},
				{
					"name": "tfin02_02",
					"parent": "tfin02_01",
					"pivot": [0, 8.5, 11.75],
					"cubes": [
						{"origin": [0, 12, -9.25], "size": [0, 3, 2], "pivot": [0, 0.25, 0], "rotation": [-90, 0, 0], "uv": [0, 36]}
					]
				},
				{
					"name": "tfin02_03",
					"parent": "tfin02_02",
					"pivot": [0, 8.5, 14.75],
					"cubes": [
						{"origin": [0, 15, -9.75], "size": [0, 4, 3], "pivot": [0, 0.25, 0], "rotation": [-90, 0, 0], "uv": [18, 30]}
					]
				},
				{
					"name": "tfin_02_04",
					"parent": "tfin02_03",
					"pivot": [0, 8.5, 18.75],
					"cubes": [
						{"origin": [0, 19, -9.75], "size": [0, 4, 3], "pivot": [0, 0.25, 0], "rotation": [-90, 0, 0], "uv": [24, 30]}
					]
				},
				{
					"name": "tfin02_05",
					"parent": "tfin_02_04",
					"pivot": [0, 8.5, 22.75],
					"cubes": [
						{"origin": [0, 23, -9.75], "size": [0, 4, 3], "pivot": [0, 0.25, 0], "rotation": [-90, 0, 0], "uv": [12, 25]}
					]
				},
				{
					"name": "tfin01_01",
					"parent": "tail_base",
					"pivot": [0, 8.75, 8.5],
					"cubes": [
						{"origin": [0, 8.75, 8], "size": [0, 3, 1], "uv": [22, 39]}
					]
				},
				{
					"name": "tfin01_02",
					"parent": "tfin01_01",
					"pivot": [0, 11.75, 8.5],
					"cubes": [
						{"origin": [0, 11.75, 7.5], "size": [0, 3, 2], "uv": [4, 36]}
					]
				},
				{
					"name": "tfin01_03",
					"parent": "tfin01_02",
					"pivot": [0, 14.75, 8.5],
					"cubes": [
						{"origin": [0, 14.75, 7], "size": [0, 4, 3], "uv": [30, 30]}
					]
				},
				{
					"name": "tfin01_04",
					"parent": "tfin01_03",
					"pivot": [0, 18.75, 8.5],
					"cubes": [
						{"origin": [0, 18.75, 7], "size": [0, 4, 3], "uv": [0, 31]}
					]
				},
				{
					"name": "tfin01_05",
					"parent": "tfin01_04",
					"pivot": [0, 22.75, 8.5],
					"cubes": [
						{"origin": [0, 22.75, 7], "size": [0, 4, 3], "uv": [6, 31]}
					]
				},
				{
					"name": "r_flipper_01",
					"parent": "body",
					"pivot": [-4, 6.75, -1.5],
					"cubes": [
						{"origin": [-5.25, 6.75, -2], "size": [2, 0, 1], "uv": [0, 2]}
					]
				},
				{
					"name": "r_flipper_02",
					"parent": "r_flipper_01",
					"pivot": [-5.25, 6.75, -1.5],
					"cubes": [
						{"origin": [-8.25, 6.75, -2.5], "size": [3, 0, 2], "uv": [30, 31]}
					]
				},
				{
					"name": "r_flipper_03",
					"parent": "r_flipper_02",
					"pivot": [-8.25, 6.75, -1.5],
					"cubes": [
						{"origin": [-11.25, 6.75, -2.5], "size": [3, 0, 2], "uv": [12, 16]}
					]
				},
				{
					"name": "r_flipper_04",
					"parent": "r_flipper_03",
					"pivot": [-11.25, 6.75, -1.5],
					"cubes": [
						{"origin": [-16.25, 6.75, -3], "size": [5, 0, 3], "uv": [26, 24]}
					]
				},
				{
					"name": "l_flipper_01",
					"parent": "body",
					"pivot": [4, 6.75, -1.5],
					"cubes": [
						{"origin": [3.25, 6.75, -2], "size": [2, 0, 1], "uv": [13, 18]}
					]
				},
				{
					"name": "l_flipper_02",
					"parent": "l_flipper_01",
					"pivot": [5.25, 6.75, -1.5],
					"cubes": [
						{"origin": [5.25, 6.75, -2.5], "size": [3, 0, 2], "uv": [32, 2]}
					]
				},
				{
					"name": "l_flipper_03",
					"parent": "l_flipper_02",
					"pivot": [8.25, 6.75, -1.5],
					"cubes": [
						{"origin": [8.25, 6.75, -2.5], "size": [3, 0, 2], "uv": [32, 0]}
					]
				},
				{
					"name": "l_flipper_04",
					"parent": "l_flipper_03",
					"pivot": [11.25, 6.75, -1.5],
					"cubes": [
						{"origin": [11.25, 6.75, -3], "size": [5, 0, 3], "uv": [16, 0]}
					]
				},
				{
					"name": "hfin01_01",
					"parent": "body",
					"pivot": [0, 11.75, -1.5],
					"cubes": [
						{"origin": [0, 11.5, -2], "size": [0, 3, 1], "uv": [26, 39]}
					]
				},
				{
					"name": "hfin01_02",
					"parent": "hfin01_01",
					"pivot": [0, 14.5, -1.5],
					"cubes": [
						{"origin": [0, 14.5, -2.5], "size": [0, 3, 2], "uv": [16, 38]}
					]
				},
				{
					"name": "hfin01_03",
					"parent": "hfin01_02",
					"pivot": [0, 17.5, -1.5],
					"cubes": [
						{"origin": [0, 17.5, -3], "size": [0, 4, 3], "uv": [34, 5]}
					]
				},
				{
					"name": "hfin01_04",
					"parent": "hfin01_03",
					"pivot": [0, 21.5, -1.5],
					"cubes": [
						{"origin": [0, 21.5, -3], "size": [0, 4, 3], "uv": [12, 33]}
					]
				},
				{
					"name": "hfin01_05",
					"parent": "hfin01_04",
					"pivot": [0, 25.5, -1.5],
					"cubes": [
						{"origin": [0, 25.5, -3], "size": [0, 4, 3], "uv": [32, 24]}
					]
				},
				{
					"name": "hfin02_01",
					"parent": "body",
					"pivot": [0, 11.75, -1],
					"rotation": [-20, 0, 0],
					"cubes": [
						{"origin": [0, 11.5, -1.5], "size": [0, 3, 1], "uv": [24, 39]}
					]
				},
				{
					"name": "hfin02_02",
					"parent": "hfin02_01",
					"pivot": [0, 14.5, -1],
					"cubes": [
						{"origin": [0, 14.5, -1.5], "size": [0, 3, 1], "uv": [39, 23]}
					]
				},
				{
					"name": "hfin02_03",
					"parent": "hfin02_02",
					"pivot": [0, 17.5, -1],
					"cubes": [
						{"origin": [0, 17.5, -2], "size": [0, 3, 2], "uv": [12, 38]}
					]
				},
				{
					"name": "hfin02_04",
					"parent": "hfin02_03",
					"pivot": [0, 20.5, -1],
					"cubes": [
						{"origin": [0, 20.5, -2], "size": [0, 3, 2], "uv": [38, 2]}
					]
				},
				{
					"name": "hfin02_05",
					"parent": "hfin02_04",
					"pivot": [0, 23.5, -1],
					"cubes": [
						{"origin": [0, 23.5, -2], "size": [0, 3, 2], "uv": [8, 36]}
					]
				}
			]
		}
	]
}