{
	"format_version": "1.12.0",
	"minecraft:geometry": [
		{
			"description": {
				"identifier": "geometry.leliel",
				"texture_width": 128,
				"texture_height": 128,
				"visible_bounds_width": 3,
				"visible_bounds_height": 2.5,
				"visible_bounds_offset": [0, 0.75, 0]
			},
			"bones": [
				{
					"name": "leliel",
					"pivot": [0, 0, 0]
				},
				{
					"name": "body",
					"parent": "leliel",
					"pivot": [0, 9, 0],
					"cubes": [
						{"origin": [-3, 0, -3], "size": [6, 0, 6], "uv": [72, 30]},
						{"origin": [-3, 22.829, -3], "size": [6, 0, 6], "uv": [52, 72]},
						{"origin": [-13.415, 10.71, -9.292], "size": [10, 0, 2], "pivot": [-8, 11, -9], "rotation": [-45, 0, 90], "uv": [76, 72]},
						{"origin": [0.585, 15.535, 4.708], "size": [10, 0, 2], "pivot": [6, 11, 5], "rotation": [-45, 0, 90], "uv": [76, 74]},
						{"origin": [2.585, 11.29, -9.292], "size": [10, 0, 2], "pivot": [8, 11, -9], "rotation": [45, 0, 90], "uv": [76, 76]},
						{"origin": [-11.415, 6.465, 4.708], "size": [10, 0, 2], "pivot": [-6, 11, 5], "rotation": [45, 0, 90], "uv": [52, 78]},
						{"origin": [-8, 10, -13], "size": [16, 0, 10], "pivot": [0, 10.415, -9], "rotation": [-90, 0, 180], "uv": [0, 72]},
						{"origin": [-8, 10, 5], "size": [16, 0, 10], "pivot": [0, 10.415, 9], "rotation": [90, 0, 0], "uv": [72, 0]},
						{"origin": [-17, 10, -4], "size": [16, 0, 10], "pivot": [-9, 10.415, 0], "rotation": [0, -90, 90], "uv": [72, 10]},
						{"origin": [1, 10, -4], "size": [16, 0, 10], "pivot": [9, 10.415, 0], "rotation": [0, 90, -90], "uv": [72, 20]}
					]
				},
				{
					"name": "bottom",
					"parent": "body",
					"pivot": [0, 11.41, 0],
					"rotation": [0, 0, -180],
					"cubes": [
						{"origin": [-9.41, 16.41, -9.41], "size": [18.82, 0, 18.82], "uv": [0, 0]},
						{"origin": [-9.41, 17.12, -17.293], "size": [18.82, 0, 9], "pivot": [0, 17, -9], "rotation": [45, 180, 180], "uv": [0, 36]},
						{"origin": [-0.41, 17.12, -8.293], "size": [18.82, 0, 9], "pivot": [9, 17, 0], "rotation": [45, -90, 180], "uv": [0, 45]},
						{"origin": [-9.41, 17.12, 0.707], "size": [18.82, 0, 9], "pivot": [0, 17, 9], "rotation": [45, 0, 180], "uv": [0, 54]},
						{"origin": [-18.41, 17.12, -8.293], "size": [18.82, 0, 9], "pivot": [-9, 17, 0], "rotation": [45, 90, 180], "uv": [54, 36]}
					]
				},
				{
					"name": "top",
					"parent": "bottom",
					"pivot": [0, 14.41, 0],
					"rotation": [0, 0, -180],
					"cubes": [
						{"origin": [-9.41, 22.41, -9.41], "size": [18.82, 0, 18.82], "uv": [0, 18]},
						{"origin": [-9.41, 23.12, -17.293], "size": [18.82, 0, 9], "pivot": [0, 23, -9], "rotation": [45, 180, 180], "uv": [54, 45]},
						{"origin": [-0.41, 23.12, -8.293], "size": [18.82, 0, 9], "pivot": [9, 23, 0], "rotation": [45, -90, 180], "uv": [54, 54]},
						{"origin": [-9.41, 23.12, 0.707], "size": [18.82, 0, 9], "pivot": [0, 23, 9], "rotation": [45, 0, 180], "uv": [0, 63]},
						{"origin": [-18.41, 23.12, -8.293], "size": [18.82, 0, 9], "pivot": [-9, 23, 0], "rotation": [45, 90, 180], "uv": [54, 63]}
					]
				}
			]
		}
	]
}