{
	"format_version": "1.8.0",
	"animations": {
		"animation.clovour.ground_idle": {
			"loop": true,
			"animation_length": 5.76,
			"bones": {
				"head": {
					"rotation": {
						"0.0": [0, 0, 0],
						"1.44": [2.73417, 4.86634, -2.0565],
						"2.88": [0, 0, 0],
						"4.32": [2.73417, -4.86634, 2.0565],
						"5.76": [0, 0, 0]
					},
					"position": {
						"0.0": [0, 0, 0],
						"1.44": [0, -1, 0],
						"2.88": [0, 0, 0],
						"4.32": [0, -1, 0],
						"5.76": [0, 0, 0]
					}
				},
				"bone2": {
					"rotation": {
						"0.0": [0, 0, 0],
						"1.0": [5, 0, 0],
						"2.48": [0, 0, 0],
						"4.0": [5, 0, 0],
						"5.76": [0, 0, 0]
					}
				},
				"bone3": {
					"rotation": {
						"0.0": [0, 0, 0],
						"1.0": [0, -5, 0],
						"2.48": [0, 0, 0],
						"4.0": [0, -5, 0],
						"5.76": [0, 0, 0]
					}
				},
				"bone4": {
					"rotation": {
						"0.0": [0, 0, 0],
						"1.0": [0, 5, 0],
						"2.48": [0, 0, 0],
						"4.0": [0, 5, 0],
						"5.76": [0, 0, 0]
					}
				}
			}
		},
		"animation.clovour.ground_walk": {
			"loop": true,
			"animation_length": 0.96,
			"bones": {
				"head": {
					"rotation": {
						"0.0": [15, 0, 0],
						"0.96": [15, 0, 0]
					},
					"position": {
						"0.0": [0, 0, 0],
						"0.48": [0, -1, 0],
						"0.96": [0, 0, 0]
					}
				},
				"bone2": {
					"rotation": {
						"0.0": [0, 0, 0],
						"0.48": [22.5, 0, 0],
						"0.96": [0, 0, 0]
					}
				},
				"bone3": {
					"rotation": {
						"0.0": [0, 0, 0],
						"0.48": [0, -22.5, 0],
						"0.96": [0, 0, 0]
					}
				},
				"bone4": {
					"rotation": {
						"0.0": [0, 0, 0],
						"0.48": [0, 22.5, 0],
						"0.96": [0, 0, 0]
					}
				}
			}
		}
	}
}