{
	"format_version": "1.8.0",
	"animations": {
		"animation.heterok.ground_idle": {
			"loop": true,
			"bones": {
				"heterok": {
					"position": [0, 0, 0]
				},
				"torso": {
					"rotation": ["7.5-1*math.cos(q.anim_time*90*2-60)*0.5", "-1*math.cos(q.anim_time*90*1-90)*0.5", "1*math.cos(q.anim_time*90*1-60)*0.5"],
					"position": [0, "0.2*math.cos(q.anim_time*90*2-60)*1", 0]
				},
				"neck1": {
					"rotation": ["5-1*math.cos(q.anim_time*90*2-120)*1", "-1*math.cos(q.anim_time*90*1-30)*0.5", 0]
				},
				"neck2": {
					"rotation": ["-15-1*math.cos(q.anim_time*90*2-150)*1", 0, 0]
				},
				"tail": {
					"rotation": [-5.09271, 1.9637, "-3.4054*math.sin(q.anim_time*90*1-60)*1"]
				},
				"tail2": {
					"rotation": [17.4548, 1.27693, "-4.054*math.sin(q.anim_time*90*1-90)*1"]
				},
				"tail3": {
					"rotation": [24.87966, 2.5319, "-5.4414*math.sin(q.anim_time*90*1-120)*1"]
				},
				"left_upper_leg": {
					"rotation": ["2-1.9*math.cos(q.anim_time*90*2-60)*1", -15, 0],
					"position": [0, "-0.3+0.025*math.cos(q.anim_time*90*2-60)*1", 0]
				},
				"leftleg_left_toe": {
					"rotation": [0, 0, -30]
				},
				"leftleg_right_toe": {
					"rotation": [0, 0, 30]
				},
				"right_arm": {
					"rotation": [66.5941, "-45.9406-2*math.sin(q.anim_time*90*2-30)*1", "-75.4352-1*math.sin(q.anim_time*90*2-30)*1"]
				},
				"right_arm2": {
					"rotation": [16.4599, "-22.3801-1*math.sin(q.anim_time*90*2-40)*1", "37.9138+2*math.sin(q.anim_time*90*2-40)*1"]
				},
				"right_arm3": {
					"rotation": [0, "-40.3801-1*math.sin(q.anim_time*90*2-50)*1", "22.5+2*math.sin(q.anim_time*90*2-50)*1"]
				},
				"right_thumb": {
					"rotation": [-3.81397, "-11.9128-5*math.sin(q.anim_time*90*2-90)*1", 17.89807]
				},
				"right_finger1": {
					"rotation": [0, "-27.5-5*math.sin(q.anim_time*90*2-90)*1", 0]
				},
				"right_finger2": {
					"rotation": [15, "-12.5-5*math.sin(q.anim_time*90*2-90)*1", -50]
				},
				"right_upper_leg": {
					"rotation": ["2-1.9*math.cos(q.anim_time*90*2-60)*1", 15, 0],
					"position": [0, "-0.3+0.025*math.cos(q.anim_time*90*2-60)*1", 0]
				},
				"rightleg_right_toe": {
					"rotation": [0, 0, 30]
				},
				"rightleg_left_toe": {
					"rotation": [0, 0, -30]
				},
				"left_arm": {
					"rotation": [66.5941, "45.9406+2*math.sin(q.anim_time*90*2-50)*1", "75.4352+1*math.sin(q.anim_time*90*2-50)*1"]
				},
				"left_arm2": {
					"rotation": [16.4599, "22.3801+1*math.sin(q.anim_time*90*2-60)*1", "-37.9138-2*math.sin(q.anim_time*90*2-60)*1"]
				},
				"left_arm3": {
					"rotation": [0, "40.3801+1*math.sin(q.anim_time*90*2-70)*1", "-22.5-2*math.sin(q.anim_time*90*2-70)*1"]
				},
				"left_finger1": {
					"rotation": [-3.81397, "11.9128+5*math.sin(q.anim_time*90*2-120)*1", -17.8981]
				},
				"left_finger2": {
					"rotation": [0, "27.5+5*math.sin(q.anim_time*90*2-120)*1", 0]
				},
				"left_thumb": {
					"rotation": [15, "12.5+5*math.sin(q.anim_time*90*2-120)*1", 50]
				},
				"head": {
					"rotation": ["-1*math.cos(q.anim_time*90*2-150)*0.5", 0, 0]
				},
				"left_leg1": {
					"rotation": ["2*math.cos(q.anim_time*90*2-60)*1", 0, 0]
				},
				"left_leg2": {
					"rotation": ["1*math.cos(q.anim_time*90*2-60)*1", 0, 0]
				},
				"left_foot": {
					"rotation": ["-1.75-1*math.cos(q.anim_time*90*2-60)*1", 0, 0]
				},
				"right_leg1": {
					"rotation": ["2*math.cos(q.anim_time*90*2-60)*1", 0, 0]
				},
				"right_leg2": {
					"rotation": ["1*math.cos(q.anim_time*90*2-60)*1", 0, 0]
				},
				"right_foot": {
					"rotation": ["-1.75-1*math.cos(q.anim_time*90*2-60)*1", 0, 0]
				},
				"collar_chain": {
					"rotation": ["47.5+5*math.cos(q.anim_time*90*2-120)*1", "5*math.cos(q.anim_time*90*1-90)*0.5", "10*math.cos(q.anim_time*90*1-90)*0.5"]
				},
				"collar_chain2": {
					"rotation": ["5*math.cos(q.anim_time*90*2-150)*1", "-5*math.cos(q.anim_time*90*1-120)*0.5", 0]
				},
				"collar_chain3": {
					"rotation": ["3*math.cos(q.anim_time*90*2-180)*1", 0, 0]
				},
				"ravager_horn_left2": {
					"rotation": ["-15+10*math.cos(q.anim_time*90*2-150)*0.5", 0, 29.5]
				},
				"ravager_horn_left3": {
					"rotation": ["10*math.cos(q.anim_time*90*2-210)*0.5", 0, 0]
				},
				"ravager_horn_right2": {
					"rotation": ["-15+10*math.cos(q.anim_time*90*2-150)*0.5", 0, -29.5]
				},
				"ravager_horn_right3": {
					"rotation": ["10*math.cos(q.anim_time*90*2-210)*0.5", 0, 0]
				},
				"left_arm_chain": {
					"rotation": ["10.1164+5*math.sin(q.anim_time*90*2-120)*1", 23.2905, "-54.8616-5*math.sin(q.anim_time*90*2-120)*1"]
				},
				"left_arm_chain2": {
					"rotation": ["5*math.sin(q.anim_time*90*2-150)*1", 0, 0]
				},
				"right_arm_chain": {
					"rotation": ["10.1164+5*math.sin(q.anim_time*90*2-120)*1", -23.2905, "54.8616+5*math.sin(q.anim_time*90*2-120)*1"]
				},
				"right_arm_chain2": {
					"rotation": ["5*math.sin(q.anim_time*90*2-150)*1", 0, 0]
				}
			}
		},
		"animation.heterok.battle_idle": {
			"loop": true,
			"animation_length": 2.66,
			"bones": {
				"heterok": {
					"position": [0, 0, 0]
				},
				"torso": {
					"rotation": ["17.2378+1*math.cos(q.anim_time*90*3-90)*0.5", "-1*math.cos(q.anim_time*90*1.5-90)*0.25", "-1*math.sin(q.anim_time*90*1.5-30)*0.5"],
					"position": [0, "-0.2-0.3*math.cos(q.anim_time*90*3-30)*1", 0]
				},
				"neck1": {
					"rotation": ["2.4982*math.cos(q.anim_time*90*3-120)*0.5", "-1.2393*math.cos(q.anim_time*90*1.5-90)*0.5", -0.16318]
				},
				"neck2": {
					"rotation": ["-16.5603+3*math.cos(q.anim_time*90*3-90)*0.5", 0, -1.36236]
				},
				"tail": {
					"rotation": ["2.2484-2*math.sin(q.anim_time*90*3)", "-1.6726*math.sin(q.anim_time*90*1.5)", "-2.2809*math.sin(q.anim_time*90*1.5)"]
				},
				"tail2": {
					"rotation": ["11.75-2*math.sin(q.anim_time*90*3-60)", "-2*math.sin(q.anim_time*90*1.5-60)", "-3*math.sin(q.anim_time*90*1.5-60)"]
				},
				"tail3": {
					"rotation": ["14-2*math.sin(q.anim_time*90*3-120)", "-3*math.sin(q.anim_time*90*1.5-120)", "-3*math.sin(q.anim_time*90*1.5-120)"]
				},
				"left_upper_leg": {
					"rotation": ["24.7081+2*math.cos(q.anim_time*90*3-40)*1", -21.55414, -0.28383],
					"position": ["0.1*math.cos(q.anim_time*90*3-40)*1", "-0.05-0.165*math.cos(q.anim_time*90*3-40)*1", "0.9-0.23*math.cos(q.anim_time*90*3-40)*1"]
				},
				"leftleg_left_toe": {
					"rotation": [0, 0, -30]
				},
				"leftleg_right_toe": {
					"rotation": [0, 0, 30]
				},
				"right_arm": {
					"rotation": [41.9063, "-73.2391-3*math.sin(q.anim_time*90*3)*1", "-63.99835+2*math.sin(q.anim_time*90*3)*1"]
				},
				"right_arm2": {
					"rotation": [23.25949, -6.8286, "17.9348+2*math.sin(q.anim_time*90*3-30)*1"]
				},
				"right_arm3": {
					"rotation": [0, "-21.53-2*math.sin(q.anim_time*90*3-50)*1", 22.555]
				},
				"right_thumb": {
					"rotation": [-3.81397, "-11.9128-5*math.sin(q.anim_time*90*3-90)*1", 17.89807]
				},
				"right_finger1": {
					"rotation": [0, "-16.5-5*math.sin(q.anim_time*90*3-90)*1", 0]
				},
				"right_finger2": {
					"rotation": [15, "-12.5-5*math.sin(q.anim_time*90*3-90)*1", -50]
				},
				"right_upper_leg": {
					"rotation": ["-11.7919+2*math.cos(q.anim_time*90*3-40)*1", 21.55414, 0.28383],
					"position": ["-0.1*math.cos(q.anim_time*90*3-40)*1", "0.375-0.03*math.cos(q.anim_time*90*3-40)*1", "-2.35-0.25*math.cos(q.anim_time*90*3-40)*1"]
				},
				"rightleg_right_toe": {
					"rotation": [0, 0, 30]
				},
				"rightleg_left_toe": {
					"rotation": [0, 0, -30]
				},
				"left_arm": {
					"rotation": [41.90633, "73.2391+2*math.sin(q.anim_time*90*3)*1", "63.9983-2*math.sin(q.anim_time*90*3)*1"]
				},
				"left_arm2": {
					"rotation": [23.25952, 6.82852, "-17.9347-2*math.sin(q.anim_time*90*3-30)*1"]
				},
				"left_arm3": {
					"rotation": [0, "21.5+2*math.sin(q.anim_time*90*3-50)*1", -22.5]
				},
				"left_finger1": {
					"rotation": [0, "16.5+5*math.sin(q.anim_time*90*3-90)*1", 0]
				},
				"left_finger2": {
					"rotation": [0, "27.5+5*math.sin(q.anim_time*90*3-120)*1", 0]
				},
				"left_thumb": {
					"rotation": [15, "12.5+5*math.sin(q.anim_time*90*3-120)*1", 50]
				},
				"head": {
					"rotation": ["0.75-3*math.cos(q.anim_time*90*3-90)*0.5", "-1*math.cos(q.anim_time*90*1.5-90)*0.5", 0]
				},
				"jaw": {
					"rotation": ["14-2*math.sin(q.anim_time*90*1.5-70)*1", 0, 0]
				},
				"left_leg1": {
					"rotation": ["-24.75-1*math.cos(q.anim_time*90*3-40)*1", 0, 0]
				},
				"left_leg2": {
					"rotation": ["8.7434-0.95*math.cos(q.anim_time*90*3-40)*1", -0.05463, -0.05984]
				},
				"left_foot": {
					"rotation": ["-8-0.1*math.cos(q.anim_time*90*3-40)*1", 0, 0]
				},
				"left_toes": {
					"rotation": [0, 0, 0]
				},
				"right_leg1": {
					"rotation": ["-9.75-1*math.cos(q.anim_time*90*3-40)*1", 0, 0]
				},
				"right_leg2": {
					"rotation": ["1.4934-1*math.cos(q.anim_time*90*3-40)*1", 0.05463, 0.05984]
				},
				"right_foot": {
					"rotation": ["20-0.1*math.cos(q.anim_time*90*3-40)*1", 0, 0]
				}
			}
		},
		"animation.heterok.ground_walk": {
			"loop": true,
			"animation_length": 2,
			"bones": {
				"heterok": {
					"position": [0, 0, 0]
				},
				"torso": {
					"rotation": ["1.3059+3.25*math.cos(q.anim_time*90*4-90)*1", "5*math.cos(q.anim_time*90*2-30)*1", "-2*math.cos(q.anim_time*90*2-30)*1"],
					"position": [0, "-0.5*math.cos(q.anim_time*90*4-90)*1", 0]
				},
				"neck1": {
					"rotation": ["3.5*math.cos(q.anim_time*90*4-180)*1", "-3*math.cos(q.anim_time*90*2-30)*1", 0]
				},
				"neck2": {
					"rotation": ["-10.5+2*math.cos(q.anim_time*90*4-150)*1", "0-2*math.cos(q.anim_time*90*2-90)*1", 0]
				},
				"tail": {
					"rotation": ["5.3059-6*math.cos(q.anim_time*90*4-120)*1", "-5*math.sin(q.anim_time*90*2-180)*1", "5.0924*math.sin(q.anim_time*90*2-90)*1"]
				},
				"tail2": {
					"rotation": ["5.3059-2*math.cos(q.anim_time*90*4-180)*1", "-1*math.sin(q.anim_time*90*2-90)*1", "10.0924*math.sin(q.anim_time*90*2-210)*1"]
				},
				"tail3": {
					"rotation": ["15-5*math.cos(q.anim_time*90*4-240)*1", 0, "3*math.sin(q.anim_time*90*2-250)*1"]
				},
				"left_upper_leg": {
					"rotation": {
						"0.0": [-8.5, -9, 0],
						"1.0": [18.75, -9, 0],
						"1.1667": {
							"pre": [30.49382, -9, 0],
							"post": [30.49382, -9, 0],
							"lerp_mode": "catmullrom"
						},
						"1.2917": {
							"post": [35.95809, -9, 0],
							"lerp_mode": "catmullrom"
						},
						"1.375": {
							"post": [32.4547, -9, 0],
							"lerp_mode": "catmullrom"
						},
						"1.5": {
							"post": [21.72084, -9, 0],
							"lerp_mode": "catmullrom"
						},
						"1.9167": {
							"post": [-23.29208, -9, 0],
							"lerp_mode": "catmullrom"
						},
						"2.0": [-8.5, -9, 0]
					},
					"position": {
						"0.0": [-1.25, 0.25, -4.65],
						"1.0": [0, -0.67, -0.04],
						"1.2083": {
							"pre": [0, 0.12, 0.01],
							"post": [0, 0.12, 0.01],
							"lerp_mode": "catmullrom"
						},
						"1.4167": {
							"post": [0, 0.985, -0.635],
							"lerp_mode": "catmullrom"
						},
						"1.625": {
							"post": [0, 2.91, -1.155],
							"lerp_mode": "catmullrom"
						},
						"1.9167": {
							"post": [-1.25, 3.22, -1.675],
							"lerp_mode": "catmullrom"
						},
						"2.0": [-1.25, 0.25, -4.65]
					}
				},
				"leftleg_left_toe": {
					"rotation": [0, 0, -30]
				},
				"leftleg_right_toe": {
					"rotation": [0, 0, 30]
				},
				"right_arm": {
					"rotation": ["107.8904-5*math.sin(q.anim_time*90*2-30)*1", "-58.5704-5*math.sin(q.anim_time*90*2-30)*1", "-98.9788-5*math.sin(q.anim_time*90*2-30)*1"]
				},
				"right_arm2": {
					"rotation": [-1.50773, "-6.0354+5*math.sin(q.anim_time*90*2-60)*1", "10.9556+5*math.sin(q.anim_time*90*2-60)*1"]
				},
				"right_arm3": {
					"rotation": [6.84491, "-29.2798+10*math.sin(q.anim_time*90*2-90)*1", "8.71+5*math.sin(q.anim_time*90*2-90)*1"]
				},
				"right_thumb": {
					"rotation": [-3.81397, "-11.9128-7*math.sin(q.anim_time*90*2-90)*1", 17.89807]
				},
				"right_finger1": {
					"rotation": [0, "-27.5-7*math.sin(q.anim_time*90*2-90)*1", 0]
				},
				"right_finger2": {
					"rotation": [15, "-12.5-5*math.sin(q.anim_time*90*2-90)*1", -50]
				},
				"right_upper_leg": {
					"rotation": {
						"0.0": [18.75, 9, 0],
						"0.1667": {
							"pre": [30.49382, 9, 0],
							"post": [30.49382, 9, 0],
							"lerp_mode": "catmullrom"
						},
						"0.2917": {
							"post": [35.95809, 9, 0],
							"lerp_mode": "catmullrom"
						},
						"0.375": {
							"post": [32.4547, 9, 0],
							"lerp_mode": "catmullrom"
						},
						"0.5": {
							"post": [21.72084, 9, 0],
							"lerp_mode": "catmullrom"
						},
						"0.9167": {
							"post": [-23.29208, 9, 0],
							"lerp_mode": "catmullrom"
						},
						"1.0": [-8.5, 9, 0],
						"2.0": [18.75, 9, 0]
					},
					"position": {
						"0.0": [0, -0.67, -0.04],
						"0.2083": {
							"pre": [0, 0.12, 0.01],
							"post": [0, 0.12, 0.01],
							"lerp_mode": "catmullrom"
						},
						"0.4167": {
							"post": [0, 0.985, -0.635],
							"lerp_mode": "catmullrom"
						},
						"0.625": {
							"post": [0, 2.91, -1.155],
							"lerp_mode": "catmullrom"
						},
						"0.9167": {
							"post": [1.25, 3.22, -1.675],
							"lerp_mode": "catmullrom"
						},
						"1.0": [1.25, 0.25, -4.65],
						"2.0": [0, -0.67, -0.04]
					}
				},
				"rightleg_right_toe": {
					"rotation": {
						"0.0": [0, 0, 30],
						"1.0": [0, 0, 30],
						"2.0": [0, 0, 30]
					}
				},
				"rightleg_left_toe": {
					"rotation": [0, 0, -30]
				},
				"left_arm": {
					"rotation": ["107.8904-5*math.sin(q.anim_time*90*2-30)*1", "58.5704+5*math.sin(q.anim_time*90*2-30)*1", "98.9788+5*math.sin(q.anim_time*90*2-30)*1"]
				},
				"left_arm2": {
					"rotation": [-1.50773, "6.0354-5*math.sin(q.anim_time*90*2-60)*1", "-10.9556-5*math.sin(q.anim_time*90*2-60)*1"]
				},
				"left_arm3": {
					"rotation": [6.84491, "29.2798-10*math.sin(q.anim_time*90*2-90)*1", "-8.71-5*math.sin(q.anim_time*90*2-90)*1"]
				},
				"left_finger1": {
					"rotation": [-3.81397, "11.9128-7*math.sin(q.anim_time*90*2-120)*1", -17.8981]
				},
				"left_finger2": {
					"rotation": [0, "27.5-7*math.sin(q.anim_time*90*2-120)*1", 0]
				},
				"left_thumb": {
					"rotation": [15, "12.5-7*math.sin(q.anim_time*90*2-120)*1", 50]
				},
				"body": {
					"rotation": [0, 0, 0],
					"position": {
						"0.0": [0, 0, 0],
						"0.0417": [0, -0.5, 0],
						"0.0833": [0, 0.15, 0],
						"0.125": [0, -0.225, 0],
						"0.1667": [0, 0.125, 0],
						"0.2083": [0, -0.125, 0],
						"0.25": [0, 0.125, 0],
						"0.2917": [0, -0.075, 0],
						"0.3333": [0, 0, 0],
						"1.0": [0, 0, 0],
						"1.0417": [0, -0.5, 0],
						"1.0833": [0, 0.15, 0],
						"1.125": [0, -0.225, 0],
						"1.1667": [0, 0.125, 0],
						"1.2083": [0, -0.125, 0],
						"1.25": [0, 0.125, 0],
						"1.2917": [0, -0.075, 0],
						"1.3333": [0, 0, 0]
					}
				},
				"head": {
					"rotation": ["-5*math.cos(q.anim_time*90*4-90)*1", "-3.2773*math.cos(q.anim_time*90*2-30)*1", 0]
				},
				"jaw": {
					"position": {
						"0.0": [0, 0, 0],
						"0.0833": [0, -0.2, 0],
						"0.1667": [0, 0, 0],
						"0.25": [0, -0.1, 0],
						"0.3333": [0, 0, 0],
						"1.0": [0, 0, 0],
						"1.0833": [0, -0.2, 0],
						"1.1667": [0, 0, 0],
						"1.25": [0, -0.1, 0],
						"1.3333": [0, 0, 0]
					}
				},
				"left_leg1": {
					"rotation": {
						"0.0": [-8, 0, 0],
						"1.0": [-2.5, 0, 0],
						"1.1667": {
							"pre": [0.89, 0, 0],
							"post": [0.89, 0, 0],
							"lerp_mode": "catmullrom"
						},
						"1.3333": {
							"post": [1.72, 0, 0],
							"lerp_mode": "catmullrom"
						},
						"1.5417": {
							"post": [-12.23, 0, 0],
							"lerp_mode": "catmullrom"
						},
						"1.875": {
							"post": [-2.43, 0, 0],
							"lerp_mode": "catmullrom"
						},
						"2.0": [-8, 0, 0]
					}
				},
				"left_leg2": {
					"rotation": {
						"0.0": [0, 0, 0],
						"0.5833": [-8.32, 0, 0],
						"1.0": [-7.25, 0, 0],
						"1.2083": {
							"pre": [-10.67, 0, 0],
							"post": [-10.67, 0, 0],
							"lerp_mode": "catmullrom"
						},
						"1.375": {
							"post": [-16.31, 0, 0],
							"lerp_mode": "catmullrom"
						},
						"1.6667": {
							"post": [-1.39, 0, 0],
							"lerp_mode": "catmullrom"
						},
						"1.875": {
							"post": [10.95, 0, 0],
							"lerp_mode": "catmullrom"
						},
						"2.0": [0, 0, 0]
					}
				},
				"left_foot": {
					"rotation": {
						"0.0": [16.25, 0, 0],
						"1.0": [3, 0, 0],
						"1.125": {
							"pre": [14.08, 0, 0],
							"post": [14.08, 0, 0],
							"lerp_mode": "catmullrom"
						},
						"1.25": {
							"post": [17.41, 0, 0],
							"lerp_mode": "catmullrom"
						},
						"1.4167": {
							"post": [19.88, 0, 0],
							"lerp_mode": "catmullrom"
						},
						"1.6667": {
							"post": [11.87, 0, 0],
							"lerp_mode": "catmullrom"
						},
						"1.7917": {
							"post": [4.2, 0, 0],
							"lerp_mode": "catmullrom"
						},
						"1.875": {
							"post": [7.42, 0, 0],
							"lerp_mode": "catmullrom"
						},
						"2.0": [16.25, 0, 0]
					}
				},
				"left_toes": {
					"rotation": {
						"0.0": [0, 0, 0],
						"0.5": [-3.66, 0, 0],
						"1.0": [-13.5, 0, 0],
						"1.125": {
							"pre": [-24.94, 0, 0],
							"post": [-24.94, 0, 0],
							"lerp_mode": "catmullrom"
						},
						"1.2917": {
							"post": [0, 0, 0],
							"lerp_mode": "catmullrom"
						},
						"1.5417": {
							"post": [4.75, 0, 0],
							"lerp_mode": "catmullrom"
						},
						"1.7083": {
							"post": [9.07, 0, 0],
							"lerp_mode": "catmullrom"
						},
						"1.875": {
							"post": [-7, 0, 0],
							"lerp_mode": "catmullrom"
						},
						"2.0": [0, 0, 0]
					}
				},
				"right_leg1": {
					"rotation": {
						"0.0": [-2.5, 0, 0],
						"0.1667": {
							"pre": [0.89, 0, 0],
							"post": [0.89, 0, 0],
							"lerp_mode": "catmullrom"
						},
						"0.3333": {
							"post": [1.72, 0, 0],
							"lerp_mode": "catmullrom"
						},
						"0.5417": {
							"post": [-12.23, 0, 0],
							"lerp_mode": "catmullrom"
						},
						"0.875": {
							"post": [-2.43, 0, 0],
							"lerp_mode": "catmullrom"
						},
						"1.0": [-8, 0, 0],
						"2.0": [-2.5, 0, 0]
					}
				},
				"right_leg2": {
					"rotation": {
						"0.0": [-7.25, 0, 0],
						"0.2083": {
							"pre": [-10.67, 0, 0],
							"post": [-10.67, 0, 0],
							"lerp_mode": "catmullrom"
						},
						"0.375": {
							"post": [-16.31, 0, 0],
							"lerp_mode": "catmullrom"
						},
						"0.6667": {
							"post": [-1.39, 0, 0],
							"lerp_mode": "catmullrom"
						},
						"0.875": {
							"post": [10.95, 0, 0],
							"lerp_mode": "catmullrom"
						},
						"1.0": [0, 0, 0],
						"1.5833": [-8.32, 0, 0],
						"2.0": [-7.25, 0, 0]
					}
				},
				"right_foot": {
					"rotation": {
						"0.0": [3, 0, 0],
						"0.125": {
							"pre": [14.08, 0, 0],
							"post": [14.08, 0, 0],
							"lerp_mode": "catmullrom"
						},
						"0.25": {
							"post": [17.41, 0, 0],
							"lerp_mode": "catmullrom"
						},
						"0.4167": {
							"post": [19.88, 0, 0],
							"lerp_mode": "catmullrom"
						},
						"0.6667": {
							"post": [11.87, 0, 0],
							"lerp_mode": "catmullrom"
						},
						"0.7917": {
							"post": [4.2, 0, 0],
							"lerp_mode": "catmullrom"
						},
						"0.875": {
							"post": [7.42, 0, 0],
							"lerp_mode": "catmullrom"
						},
						"1.0": [16.25, 0, 0],
						"2.0": [3, 0, 0]
					}
				},
				"right_toes": {
					"rotation": {
						"0.0": [-13.5, 0, 0],
						"0.125": {
							"pre": [-24.94, 0, 0],
							"post": [-24.94, 0, 0],
							"lerp_mode": "catmullrom"
						},
						"0.2917": {
							"post": [0, 0, 0],
							"lerp_mode": "catmullrom"
						},
						"0.5417": {
							"post": [4.75, 0, 0],
							"lerp_mode": "catmullrom"
						},
						"0.7083": {
							"post": [9.07, 0, 0],
							"lerp_mode": "catmullrom"
						},
						"0.875": {
							"post": [-7, 0, 0],
							"lerp_mode": "catmullrom"
						},
						"1.0": [0, 0, 0],
						"1.5": [-3.66, 0, 0],
						"2.0": [-13.5, 0, 0]
					}
				},
				"collar_chain": {
					"rotation": ["53.4087-15.5*math.cos(q.anim_time*90*4-150)*1", "5*math.cos(q.anim_time*90*2-90)*1", "10*math.cos(q.anim_time*90*2-90)*1"]
				},
				"collar_chain2": {
					"rotation": ["-5*math.cos(q.anim_time*90*4-180)*1", 0, 0]
				},
				"collar_chain3": {
					"rotation": ["-5*math.cos(q.anim_time*90*4-210)*1", 0, 0]
				}
			}
		},
		"animation.heterok.sleep": {
			"loop": true,
			"animation_length": 8,
			"bones": {
				"heterok": {
					"position": [0, 0, 0]
				},
				"torso": {
					"rotation": ["10.0269+1*math.cos(q.anim_time*90*1)*1", "1.6067+1*math.cos(q.anim_time*90*0.5-30)*1", "-1*math.cos(q.anim_time*90*0.5-30)*1"]
				},
				"neck1": {
					"rotation": ["12.25+1*math.cos(q.anim_time*90*1-30)*1", 0, "-1*math.cos(q.anim_time*90*0.5-30)*1"]
				},
				"neck2": {
					"rotation": ["10.2606+2*math.cos(q.anim_time*90*1-60)*1", -3.08785, "-4.8516-3*math.cos(q.anim_time*90*0.5-30)*1"]
				},
				"tail": {
					"rotation": ["19.3411-2*math.cos(q.anim_time*90*1)*1", "10.7995+3*math.cos(q.anim_time*90*0.5-30)*1", "-12.2152-4*math.cos(q.anim_time*90*0.5-30)*1"]
				},
				"tail2": {
					"rotation": [-4, 4.49196, "-34.7472-10*math.cos(q.anim_time*90*0.5-90)*1"]
				},
				"tail3": {
					"rotation": [7, 1.53408, "-21.949-5*math.cos(q.anim_time*90*0.5-180)*1"]
				},
				"left_upper_leg": {
					"rotation": [-67.35665, -19.74129, -4.66068],
					"position": [0, -3.975, 0]
				},
				"leftleg_left_toe": {
					"rotation": [0, 0, -30]
				},
				"leftleg_right_toe": {
					"rotation": [0, 0, 30]
				},
				"right_arm": {
					"rotation": [49.53958, "-41.9056-1*math.cos(q.anim_time*90*1-30)*1", "-76.3517+2*math.cos(q.anim_time*90*1-30)*1"]
				},
				"right_arm2": {
					"rotation": [25.15319, "-11.5694+2*math.cos(q.anim_time*90*1-60)*1", "8.8522+1*math.cos(q.anim_time*90*1-60)*1"]
				},
				"right_arm3": {
					"rotation": [18.43414, "-29.8753+3*math.cos(q.anim_time*90*1-90)*1", -6.79112]
				},
				"right_thumb": {
					"rotation": [-3.81397, "-11.9128+5*math.cos(q.anim_time*90*1-120)*1", 17.89807]
				},
				"right_finger1": {
					"rotation": [0, "-27.5+5*math.cos(q.anim_time*90*1-120)*1", 0]
				},
				"right_finger2": {
					"rotation": [15, "-12.5+5*math.cos(q.anim_time*90*1-120)*1", -50]
				},
				"right_upper_leg": {
					"rotation": [-67.35665, 19.74129, 4.66068],
					"position": [0, -3.975, 0]
				},
				"rightleg_right_toe": {
					"rotation": [0, 0, 30]
				},
				"rightleg_left_toe": {
					"rotation": [0, 0, -30]
				},
				"left_arm": {
					"rotation": [49.53958, "41.9056+1*math.cos(q.anim_time*90*1-30)*1", "76.3517-2*math.cos(q.anim_time*90*1-30)*1"]
				},
				"left_arm2": {
					"rotation": [25.15319, "11.5694-2*math.cos(q.anim_time*90*1-60)*1", "-8.8522-1*math.cos(q.anim_time*90*1-60)*1"]
				},
				"left_arm3": {
					"rotation": [18.43414, "29.8753-3*math.cos(q.anim_time*90*1-90)*1", 6.79112]
				},
				"left_finger1": {
					"rotation": [-3.81397, "11.9128-5*math.cos(q.anim_time*90*1-120)*1", -17.8981]
				},
				"left_finger2": {
					"rotation": [0, "27.5-5*math.cos(q.anim_time*90*1-120)*1", 0]
				},
				"left_thumb": {
					"rotation": [15, "12.5-5*math.cos(q.anim_time*90*1-120)*1", 50]
				},
				"body": {
					"rotation": [-16.5, 0, 0],
					"position": [0, -5.95, 0]
				},
				"head": {
					"rotation": {
						"0.0": [7.1, 0, 0],
						"1.0": ["11.5+1*math.sin(q.anim_time*90*25)*0.2", 1.65954, 0.55544],
						"1.5": ["13.2+2*math.sin(q.anim_time*90*22.5)*0.1", 1.65954, 0.55544],
						"3.0": [7.1, 0, 0],
						"4.0": [7.1, 0, 0],
						"5.0": ["11.5+1*math.sin(q.anim_time*90*25)*0.2", 1.65954, 0.55544],
						"5.5": ["13.2+2*math.sin(q.anim_time*90*22.5)*0.1", 1.65954, 0.55544],
						"7.0": [7.1, 0, 0]
					}
				},
				"eyelid_right": {
					"position": [-0.1, 0, -0.1]
				},
				"eyelid_left": {
					"position": [0.1, 0, -0.1]
				},
				"jaw": {
					"rotation": {
						"0.0": [6.5, 0, 0],
						"1.0": ["13.425+3*math.sin(q.anim_time*90*35)*0.2", 1.65954, 0.55544],
						"1.5": ["12.35+2*math.sin(q.anim_time*90*30)*0.1", 1.65954, 0.55544],
						"3.0": [6.5, 0, 0],
						"4.0": [6.5, 0, 0],
						"5.0": ["13.425+3*math.sin(q.anim_time*90*35)*0.2", 1.65954, 0.55544],
						"5.5": ["12.35+2*math.sin(q.anim_time*90*30)*0.1", 1.65954, 0.55544],
						"7.0": [6.5, 0, 0]
					}
				},
				"left_leg2": {
					"rotation": [9, 0, 0]
				},
				"right_leg2": {
					"rotation": [9, 0, 0]
				}
			}
		},
		"animation.heterok.blink": {
			"animation_length": 0.1667,
			"bones": {
				"eyelid_right": {
					"position": {
						"0.0": [-0.1, 0, -0.1],
						"0.125": [-0.1, 0, -0.1],
						"0.1667": [0, 0, 0]
					}
				},
				"eyelid_left": {
					"position": {
						"0.0": [0.1, 0, -0.1],
						"0.125": [0.1, 0, -0.1],
						"0.1667": [0, 0, 0]
					}
				}
			}
		},
		"animation.heterok.walk speed test": {
			"loop": true,
			"bones": {
				"chansey": {
					"position": [0, 0, "-q.anim_time*90*0.12"]
				},
				"cranidos": {
					"position": [0, 0, "-q.anim_time*90*0.12"]
				},
				"heterok": {
					"position": [0, 0, "-q.anim_time*90*0.13"]
				}
			}
		}
	}
}