{
    "battle.pvw.default":{
      "sounds":[
        {
          "name":"cobblemon:battle/wild/wild_fight",
          "stream":true,
          "volume":0.5
        },
        {
          "name":"cobblemon:battle/wild/wild_fight_2",
          "stream":true,
          "volume":0.5
        },
        {
          "name":"cobblemon:battle/wild/wild_fight_3",
          "stream":true,
          "volume":0.5
        },
        {
          "name":"cobblemon:battle/wild/wild_fight_4",
          "stream":true,
          "volume":0.5
        }
      ]
    }
  }