{
	"format_version": "1.8.0",
	"animations": {
		"animation.geowel.ground_idle": {
			"loop": true,
			"animation_length": 2.4,
			"bones": {
				"head": {
					"rotation": {
						"0.0": [0, 0, 0],
						"1.2": [-2.5, 0, 0],
						"2.4": [0, 0, 0]
					}
				},
				"arm": {
					"rotation": {
						"0.0": [0, 0, 42.5],
						"1.2": [0, 0, 37.5],
						"2.4": [0, 0, 42.5]
					}
				},
				"arm2": {
					"rotation": {
						"0.0": [0, 0, -42.5],
						"1.2": [0, 0, -37.5],
						"2.4": [0, 0, -42.5]
					}
				},
				"tail": {
					"rotation": {
						"0.0": [0, 0, 0],
						"1.2": [2.5, 0, 0],
						"2.4": [0, 0, 0]
					}
				}
			}
		},
		"animation.geowel.ground_walk": {
			"loop": true,
			"animation_length": 1.92,
			"bones": {
				"head": {
					"rotation": {
						"0.0": [0, 7.5, 0],
						"0.48": [0, 0, 0],
						"0.96": [0, -7.5, 0],
						"1.44": [0, 0, 0],
						"1.92": [0, 7.5, 0]
					}
				},
				"leg": {
					"rotation": {
						"0.0": [-25, 0, 0],
						"0.48": [0, 0, 0],
						"0.96": [0, 0, 0],
						"1.44": [0, 0, 0],
						"1.92": [-25, 0, 0]
					}
				},
				"leg2": {
					"rotation": {
						"0.0": [0, 0, 0],
						"0.48": [0, 0, 0],
						"0.96": [-25, 0, 0],
						"1.44": [0, 0, 0],
						"1.92": [0, 0, 0]
					}
				},
				"arm": {
					"rotation": {
						"0.0": [0, 0, 50],
						"0.48": [0, 0, 42.5],
						"0.96": [0, 0, 52.5],
						"1.44": [0, 0, 43.75],
						"1.92": [0, 0, 50]
					}
				},
				"arm2": {
					"rotation": {
						"0.0": [0, 0, -50],
						"0.48": [0, 0, -42.5],
						"0.96": [0, 0, -52.5],
						"1.44": [0, 0, -43.75],
						"1.92": [0, 0, -50]
					}
				},
				"tail": {
					"rotation": {
						"0.0": [-5, 0, 0],
						"0.48": [0, 0, 0],
						"0.96": [5, 0, 0],
						"1.44": [0, 0, 0],
						"1.92": [-5, 0, 0]
					}
				}
			}
		}
	}
}