{
	"format_version": "1.8.0",
	"animations": {
		"animation.ectomancer.ground_idle": {
			"loop": true,
			"bones": {
				"arm_right": {
					"rotation": [
						0,
						"-7.5-4*(math.sin(q.anim_time*90*3)*0.5)+4*(math.sin(q.anim_time*90*3/2)*0.25)",
						"7.5+4*(math.sin(q.anim_time*90*3)*1.5)-4*(math.sin(q.anim_time*90*3/2)*1.25)"
					]
				},
				"arm_right2": {
					"rotation": [
						0,
						"-7.5-4*(math.sin(q.anim_time*90*3-30)*0.5)+4*(math.sin(q.anim_time*90*3/2-30)*0.25)",
						"4*(math.sin(q.anim_time*90*3-30)*1.5)-4*(math.sin(q.anim_time*90*3/2-30)*1.25)"
					]
				},
				"arm_right3": {
					"rotation": [
						0,
						"-10-4*(math.sin(q.anim_time*90*3-60)*0.5)+4*(math.sin(q.anim_time*90*3/2-60)*0.25)",
						"4*(math.sin(q.anim_time*90*3-60)*1.5)-4*(math.sin(q.anim_time*90*3/2-60)*1.25)"
					]
				},
				"arm_right4": {
					"rotation": [
						0,
						"-4*(math.sin(q.anim_time*90*3-90)*0.5)+4*(math.sin(q.anim_time*90*3/2-90)*0.25)",
						"-4*(math.sin(q.anim_time*90*3-90)*1.5)-4*(math.sin(q.anim_time*90*3/2-90)*1.25)"
					]
				},
				"arm_left": {
					"rotation": [
						0,
						"7.5-4*(math.sin(q.anim_time*90*3)*0.5)+4*(math.sin(q.anim_time*90*3/2)*0.25)",
						"-7.5-4*(math.sin(q.anim_time*90*3)*1.5)+4*(math.sin(q.anim_time*90*3/2)*1.25)"
					]
				},
				"arm_left2": {
					"rotation": [
						0,
						"7.5-4*(math.sin(q.anim_time*90*3-30)*0.5)+4*(math.sin(q.anim_time*90*3/2-30)*0.25)",
						"-4*(math.sin(q.anim_time*90*3-30)*1.5)+4*(math.sin(q.anim_time*90*3/2-30)*1.25)"
					]
				},
				"arm_left3": {
					"rotation": [
						0,
						"10-4*(math.sin(q.anim_time*90*3-60)*0.5)+4*(math.sin(q.anim_time*90*3/2-60)*0.25)",
						"-4*(math.sin(q.anim_time*90*3-60)*1.5)+4*(math.sin(q.anim_time*90*3/2-60)*1.25)"
					]
				},
				"arm_left4": {
					"rotation": [
						0,
						"-4*(math.sin(q.anim_time*90*3-90)*0.5)+4*(math.sin(q.anim_time*90*3/2-90)*0.25)",
						"4*(math.sin(q.anim_time*90*3-90)*1.5)+4*(math.sin(q.anim_time*90*3/2-90)*1.25)"
					]
				},
				"brim_left_upper": {
					"rotation": [
						"4*(math.sin(q.anim_time*90*3)*1.5)+4*(math.sin(q.anim_time*90*3/2)*1.25)",
						"4*(math.sin(q.anim_time*90*3)*1.5)+4*(math.sin(q.anim_time*90*3/2)*1.25)",
						"4*(math.sin(q.anim_time*90*3)*1.5)+4*(math.sin(q.anim_time*90*3/2)*1.25)"
					]
				},
				"brim_left_upper2": {
					"rotation": [
						"4*(math.sin(q.anim_time*90*3-30)*1.5)+4*(math.sin(q.anim_time*90*3/2-30)*1.25)",
						"4*(math.sin(q.anim_time*90*3-30)*1.5)+4*(math.sin(q.anim_time*90*3/2-30)*1.25)",
						"4*(math.sin(q.anim_time*90*3-30)*1.5)+4*(math.sin(q.anim_time*90*3/2-30)*1.25)"
					]
				},
				"brim_left_middle": {
					"rotation": [
						"-4*(math.sin(q.anim_time*90*3)*1.5)+4*(math.sin(q.anim_time*90*3/2)*1.25)",
						"-4*(math.sin(q.anim_time*90*3)*1.5)+4*(math.sin(q.anim_time*90*3/2)*1.25)",
						"-4*(math.sin(q.anim_time*90*3)*1.5)+4*(math.sin(q.anim_time*90*3/2)*1.25)"
					]
				},
				"brim_left_middle2": {
					"rotation": [
						"-4*(math.sin(q.anim_time*90*3-30)*1.5)+4*(math.sin(q.anim_time*90*3/2-30)*1.25)",
						"-4*(math.sin(q.anim_time*90*3-30)*1.5)+4*(math.sin(q.anim_time*90*3/2-30)*1.25)",
						"-4*(math.sin(q.anim_time*90*3-30)*1.5)+4*(math.sin(q.anim_time*90*3/2-30)*1.25)"
					]
				},
				"brim_left_lower": {
					"rotation": [
						"4*(math.sin(q.anim_time*90*3)*1.5)+4*(math.sin(q.anim_time*90*3/2)*1.25)",
						"4*(math.sin(q.anim_time*90*3)*1.5)+4*(math.sin(q.anim_time*90*3/2)*1.25)",
						"4*(math.sin(q.anim_time*90*3)*1.5)+4*(math.sin(q.anim_time*90*3/2)*1.25)"
					]
				},
				"brim_left_lower2": {
					"rotation": [
						"4*(math.sin(q.anim_time*90*3-30)*1.5)+4*(math.sin(q.anim_time*90*3/2-30)*1.25)",
						"4*(math.sin(q.anim_time*90*3-30)*1.5)+4*(math.sin(q.anim_time*90*3/2-30)*1.25)",
						"4*(math.sin(q.anim_time*90*3-30)*1.5)+4*(math.sin(q.anim_time*90*3/2-30)*1.25)"
					]
				},
				"brim_right_upper": {
					"rotation": [
						"-4*(math.sin(q.anim_time*90*3)*1.5)+4*(math.sin(q.anim_time*90*3/2)*1.25)",
						"-4*(math.sin(q.anim_time*90*3)*1.5)+4*(math.sin(q.anim_time*90*3/2)*1.25)",
						"-4*(math.sin(q.anim_time*90*3)*1.5)+4*(math.sin(q.anim_time*90*3/2)*1.25)"
					]
				},
				"brim_right_upper2": {
					"rotation": [
						"-4*(math.sin(q.anim_time*90*3-30)*1.5)+4*(math.sin(q.anim_time*90*3/2-30)*1.25)",
						"-4*(math.sin(q.anim_time*90*3-30)*1.5)+4*(math.sin(q.anim_time*90*3/2-30)*1.25)",
						"-4*(math.sin(q.anim_time*90*3-30)*1.5)+4*(math.sin(q.anim_time*90*3/2-30)*1.25)"
					]
				},
				"brim_right_lower": {
					"rotation": [
						"-4*(math.sin(q.anim_time*90*3)*1.5)+4*(math.sin(q.anim_time*90*3/2)*1.25)",
						"-4*(math.sin(q.anim_time*90*3)*1.5)+4*(math.sin(q.anim_time*90*3/2)*1.25)",
						"-4*(math.sin(q.anim_time*90*3)*1.5)+4*(math.sin(q.anim_time*90*3/2)*1.25)"
					]
				},
				"brim_right_lower2": {
					"rotation": [
						"-4*(math.sin(q.anim_time*90*3-30)*1.5)+4*(math.sin(q.anim_time*90*3/2-30)*1.25)",
						"-4*(math.sin(q.anim_time*90*3-30)*1.5)+4*(math.sin(q.anim_time*90*3/2-30)*1.25)",
						"-4*(math.sin(q.anim_time*90*3-30)*1.5)+4*(math.sin(q.anim_time*90*3/2-30)*1.25)"
					]
				},
				"brim_right_middle": {
					"rotation": [
						"4*(math.sin(q.anim_time*90*3)*1.5)+4*(math.sin(q.anim_time*90*3/2)*1.25)",
						"4*(math.sin(q.anim_time*90*3)*1.5)+4*(math.sin(q.anim_time*90*3/2)*1.25)",
						"4*(math.sin(q.anim_time*90*3)*1.5)+4*(math.sin(q.anim_time*90*3/2)*1.25)"
					]
				},
				"brim_right_middle2": {
					"rotation": [
						"4*(math.sin(q.anim_time*90*3-30)*1.5)+4*(math.sin(q.anim_time*90*3/2-30)*1.25)",
						"4*(math.sin(q.anim_time*90*3-30)*1.5)+4*(math.sin(q.anim_time*90*3/2-30)*1.25)",
						"4*(math.sin(q.anim_time*90*3-30)*1.5)+4*(math.sin(q.anim_time*90*3/2-30)*1.25)"
					]
				},
				"appirition_right_lower2": {
					"rotation": ["2.5-4*(math.sin(q.anim_time*90*3-60+240)*0.5)+4*(math.sin(q.anim_time*90*3/2-60+240)*0.25)", 0, 0]
				},
				"appirition_right_lower3": {
					"rotation": ["-4*(math.sin(q.anim_time*90*3-90+240)*0.5)+4*(math.sin(q.anim_time*90*3/2-90+240)*0.25)", 0, 0]
				},
				"appirition_right_lower4": {
					"rotation": ["-4*(math.sin(q.anim_time*90*3-120+240)*0.5)+4*(math.sin(q.anim_time*90*3/2-120+240)*0.25)", 0, 0]
				},
				"appirition_right_lower5": {
					"rotation": ["-4*(math.sin(q.anim_time*90*3-150+240)*0.5)+4*(math.sin(q.anim_time*90*3/2-150+240)*0.25)", 0, 0]
				},
				"appirition_right_middle2": {
					"rotation": ["2.5-4*(math.sin(q.anim_time*90*3-60+300)*0.5)+4*(math.sin(q.anim_time*90*3/2-60+300)*0.25)", 0, 0]
				},
				"appirition_right_middle3": {
					"rotation": ["-4*(math.sin(q.anim_time*90*3-90+300)*0.5)+4*(math.sin(q.anim_time*90*3/2-90+300)*0.25)", 0, 0]
				},
				"appirition_right_middle4": {
					"rotation": ["-4*(math.sin(q.anim_time*90*3-120+300)*0.5)+4*(math.sin(q.anim_time*90*3/2-120+300)*0.25)", 0, 0]
				},
				"appirition_right_middle5": {
					"rotation": ["-4*(math.sin(q.anim_time*90*3-150+300)*0.5)+4*(math.sin(q.anim_time*90*3/2-150+300)*0.25)", 0, 0]
				},
				"appirition_left_lower2": {
					"rotation": ["2.5-4*(math.sin(q.anim_time*90*3-60+180)*0.5)+4*(math.sin(q.anim_time*90*3/2-60+180)*0.25)", 0, 0]
				},
				"appirition_left_lower3": {
					"rotation": ["-4*(math.sin(q.anim_time*90*3-90+180)*0.5)+4*(math.sin(q.anim_time*90*3/2-90+180)*0.25)", 0, 0]
				},
				"appirition_left_lower4": {
					"rotation": ["-4*(math.sin(q.anim_time*90*3-120+180)*0.5)+4*(math.sin(q.anim_time*90*3/2-120+180)*0.25)", 0, 0]
				},
				"appirition_left_lower5": {
					"rotation": ["-4*(math.sin(q.anim_time*90*3-150+180)*0.5)+4*(math.sin(q.anim_time*90*3/2-150+180)*0.25)", 0, 0]
				},
				"appirition_left_middle2": {
					"rotation": ["2.5-4*(math.sin(q.anim_time*90*3-60+120)*0.5)+4*(math.sin(q.anim_time*90*3/2-60+120)*0.25)", 0, 0]
				},
				"appirition_left_middle3": {
					"rotation": ["-4*(math.sin(q.anim_time*90*3-90+120)*0.5)+4*(math.sin(q.anim_time*90*3/2-90+120)*0.25)", 0, 0]
				},
				"appirition_left_middle4": {
					"rotation": ["-4*(math.sin(q.anim_time*90*3-120+120)*0.5)+4*(math.sin(q.anim_time*90*3/2-120+120)*0.25)", 0, 0]
				},
				"appirition_left_middle5": {
					"rotation": ["-4*(math.sin(q.anim_time*90*3-150+120)*0.5)+4*(math.sin(q.anim_time*90*3/2-150+120)*0.25)", 0, 0]
				},
				"appirition_right_upper2": {
					"rotation": ["2.5-4*(math.sin(q.anim_time*90*3-60)*0.5)+4*(math.sin(q.anim_time*90*3/2-60)*0.25)", 0, 0]
				},
				"appirition_right_upper3": {
					"rotation": ["-4*(math.sin(q.anim_time*90*3-90)*0.5)+4*(math.sin(q.anim_time*90*3/2-90)*0.25)", 0, 0]
				},
				"appirition_right_upper4": {
					"rotation": ["-4*(math.sin(q.anim_time*90*3-120)*0.5)+4*(math.sin(q.anim_time*90*3/2-120)*0.25)", 0, 0]
				},
				"appirition_right_upper5": {
					"rotation": ["-4*(math.sin(q.anim_time*90*3-150)*0.5)+4*(math.sin(q.anim_time*90*3/2-150)*0.25)", 0, 0]
				},
				"appirition_left_upper2": {
					"rotation": ["2.5-4*(math.sin(q.anim_time*90*3-60+60)*0.5)+4*(math.sin(q.anim_time*90*3/2-60+60)*0.25)", 0, 0]
				},
				"appirition_left_upper3": {
					"rotation": ["-4*(math.sin(q.anim_time*90*3-90+60)*0.5)+4*(math.sin(q.anim_time*90*3/2-90+60)*0.25)", 0, 0]
				},
				"appirition_left_upper4": {
					"rotation": ["-4*(math.sin(q.anim_time*90*3-120+60)*0.5)+4*(math.sin(q.anim_time*90*3/2-120+60)*0.25)", 0, 0]
				},
				"appirition_left_upper5": {
					"rotation": ["-4*(math.sin(q.anim_time*90*3-150+60)*0.5)+4*(math.sin(q.anim_time*90*3/2-150+60)*0.25)", 0, 0]
				},
				"torso": {
					"rotation": [
						"-4*(math.sin(q.anim_time*90*3)*0.5)+4*(math.sin(q.anim_time*90*3/2)*0.25)",
						"-4*(math.sin(q.anim_time*90*3)*0.5)+4*(math.sin(q.anim_time*90*3/2)*0.25)",
						"-4*(math.sin(q.anim_time*90*3)*0.5)+4*(math.sin(q.anim_time*90*3/2)*0.25)"
					]
				},
				"upper_torso": {
					"rotation": [
						"-4*(math.sin(q.anim_time*90*3-30)*0.5)+4*(math.sin(q.anim_time*90*3/2-30)*0.25)",
						"-4*(math.sin(q.anim_time*90*3-30)*0.5)+4*(math.sin(q.anim_time*90*3/2-30)*0.25)",
						"-4*(math.sin(q.anim_time*90*3-30)*0.5)+4*(math.sin(q.anim_time*90*3/2-30)*0.25)"
					]
				},
				"head": {
					"rotation": [
						"7.5-4*(math.sin(q.anim_time*90*3-60)*0.5)+4*(math.sin(q.anim_time*90*3/2-60)*0.25)",
						"-4*(math.sin(q.anim_time*90*3-60)*0.5)+4*(math.sin(q.anim_time*90*3/2-60)*0.25)",
						"-4*(math.sin(q.anim_time*90*3-60)*0.5)+4*(math.sin(q.anim_time*90*3/2-60)*0.25)"
					]
				},
				"hat1": {
					"rotation": [
						"6.5-4*(math.sin(q.anim_time*90*2)*1.5)+4*(math.sin(q.anim_time*90*2/2)*1.25)",
						0,
						"6.5-4*(math.sin(q.anim_time*90*2)*1.5)+4*(math.sin(q.anim_time*90*2/2)*1.25)"
					]
				},
				"hat2": {
					"rotation": [
						"-20+4*(math.sin(q.anim_time*90*2-30)*1.5)-4*(math.sin(q.anim_time*90*2/2-30)*1.25)",
						0,
						"-20+4*(math.sin(q.anim_time*90*2-30)*1.5)-4*(math.sin(q.anim_time*90*2/2-30)*1.25)"
					]
				},
				"hat3": {
					"rotation": [
						"20-4*(math.sin(q.anim_time*90*2-60)*1.5)+4*(math.sin(q.anim_time*90*2/2-60)*1.25)",
						0,
						"20-4*(math.sin(q.anim_time*90*2-60)*1.5)+4*(math.sin(q.anim_time*90*2/2-60)*1.25)"
					],
					"position": [0, -1, 0]
				},
				"hat4": {
					"rotation": [
						"-20+4*(math.sin(q.anim_time*90*2-90)*1.5)-4*(math.sin(q.anim_time*90*2/2-90)*1.25)",
						0,
						"-20+4*(math.sin(q.anim_time*90*2-90)*1.5)-4*(math.sin(q.anim_time*90*2/2-90)*1.25)"
					]
				}
			}
		},
		"animation.ectomancer.ground_walk": {
			"loop": true,
			"bones": {
				"arm_right": {
					"rotation": [
						0,
						"-7.5-4*(math.sin(q.anim_time*90*3)*0.5)+4*(math.sin(q.anim_time*90*3/2)*0.25)",
						"7.5+4*(math.sin(q.anim_time*90*3)*1.5)-4*(math.sin(q.anim_time*90*3/2)*1.25)"
					]
				},
				"arm_right2": {
					"rotation": [
						0,
						"-7.5-4*(math.sin(q.anim_time*90*3-30)*0.5)+4*(math.sin(q.anim_time*90*3/2-30)*0.25)",
						"4*(math.sin(q.anim_time*90*3-30)*1.5)-4*(math.sin(q.anim_time*90*3/2-30)*1.25)"
					]
				},
				"arm_right3": {
					"rotation": [
						0,
						"-10-4*(math.sin(q.anim_time*90*3-60)*0.5)+4*(math.sin(q.anim_time*90*3/2-60)*0.25)",
						"4*(math.sin(q.anim_time*90*3-60)*1.5)-4*(math.sin(q.anim_time*90*3/2-60)*1.25)"
					]
				},
				"arm_right4": {
					"rotation": [
						0,
						"-4*(math.sin(q.anim_time*90*3-90)*0.5)+4*(math.sin(q.anim_time*90*3/2-90)*0.25)",
						"-4*(math.sin(q.anim_time*90*3-90)*1.5)-4*(math.sin(q.anim_time*90*3/2-90)*1.25)"
					]
				},
				"arm_left": {
					"rotation": [
						0,
						"7.5-4*(math.sin(q.anim_time*90*3)*0.5)+4*(math.sin(q.anim_time*90*3/2)*0.25)",
						"-7.5-4*(math.sin(q.anim_time*90*3)*1.5)+4*(math.sin(q.anim_time*90*3/2)*1.25)"
					]
				},
				"arm_left2": {
					"rotation": [
						0,
						"7.5-4*(math.sin(q.anim_time*90*3-30)*0.5)+4*(math.sin(q.anim_time*90*3/2-30)*0.25)",
						"-4*(math.sin(q.anim_time*90*3-30)*1.5)+4*(math.sin(q.anim_time*90*3/2-30)*1.25)"
					]
				},
				"arm_left3": {
					"rotation": [
						0,
						"10-4*(math.sin(q.anim_time*90*3-60)*0.5)+4*(math.sin(q.anim_time*90*3/2-60)*0.25)",
						"-4*(math.sin(q.anim_time*90*3-60)*1.5)+4*(math.sin(q.anim_time*90*3/2-60)*1.25)"
					]
				},
				"arm_left4": {
					"rotation": [
						0,
						"-4*(math.sin(q.anim_time*90*3-90)*0.5)+4*(math.sin(q.anim_time*90*3/2-90)*0.25)",
						"4*(math.sin(q.anim_time*90*3-90)*1.5)+4*(math.sin(q.anim_time*90*3/2-90)*1.25)"
					]
				},
				"brim_left_upper": {
					"rotation": [
						"4*(math.sin(q.anim_time*90*3)*1.5)+4*(math.sin(q.anim_time*90*3/2)*1.25)",
						"4*(math.sin(q.anim_time*90*3)*1.5)+4*(math.sin(q.anim_time*90*3/2)*1.25)",
						"4*(math.sin(q.anim_time*90*3)*1.5)+4*(math.sin(q.anim_time*90*3/2)*1.25)"
					]
				},
				"brim_left_upper2": {
					"rotation": [
						"4*(math.sin(q.anim_time*90*3-30)*1.5)+4*(math.sin(q.anim_time*90*3/2-30)*1.25)",
						"4*(math.sin(q.anim_time*90*3-30)*1.5)+4*(math.sin(q.anim_time*90*3/2-30)*1.25)",
						"4*(math.sin(q.anim_time*90*3-30)*1.5)+4*(math.sin(q.anim_time*90*3/2-30)*1.25)"
					]
				},
				"brim_left_middle": {
					"rotation": [
						"-4*(math.sin(q.anim_time*90*3)*1.5)+4*(math.sin(q.anim_time*90*3/2)*1.25)",
						"-4*(math.sin(q.anim_time*90*3)*1.5)+4*(math.sin(q.anim_time*90*3/2)*1.25)",
						"-4*(math.sin(q.anim_time*90*3)*1.5)+4*(math.sin(q.anim_time*90*3/2)*1.25)"
					]
				},
				"brim_left_middle2": {
					"rotation": [
						"-4*(math.sin(q.anim_time*90*3-30)*1.5)+4*(math.sin(q.anim_time*90*3/2-30)*1.25)",
						"-4*(math.sin(q.anim_time*90*3-30)*1.5)+4*(math.sin(q.anim_time*90*3/2-30)*1.25)",
						"-4*(math.sin(q.anim_time*90*3-30)*1.5)+4*(math.sin(q.anim_time*90*3/2-30)*1.25)"
					]
				},
				"brim_left_lower": {
					"rotation": [
						"4*(math.sin(q.anim_time*90*3)*1.5)+4*(math.sin(q.anim_time*90*3/2)*1.25)",
						"4*(math.sin(q.anim_time*90*3)*1.5)+4*(math.sin(q.anim_time*90*3/2)*1.25)",
						"4*(math.sin(q.anim_time*90*3)*1.5)+4*(math.sin(q.anim_time*90*3/2)*1.25)"
					]
				},
				"brim_left_lower2": {
					"rotation": [
						"4*(math.sin(q.anim_time*90*3-30)*1.5)+4*(math.sin(q.anim_time*90*3/2-30)*1.25)",
						"4*(math.sin(q.anim_time*90*3-30)*1.5)+4*(math.sin(q.anim_time*90*3/2-30)*1.25)",
						"4*(math.sin(q.anim_time*90*3-30)*1.5)+4*(math.sin(q.anim_time*90*3/2-30)*1.25)"
					]
				},
				"brim_right_upper": {
					"rotation": [
						"-4*(math.sin(q.anim_time*90*3)*1.5)+4*(math.sin(q.anim_time*90*3/2)*1.25)",
						"-4*(math.sin(q.anim_time*90*3)*1.5)+4*(math.sin(q.anim_time*90*3/2)*1.25)",
						"-4*(math.sin(q.anim_time*90*3)*1.5)+4*(math.sin(q.anim_time*90*3/2)*1.25)"
					]
				},
				"brim_right_upper2": {
					"rotation": [
						"-4*(math.sin(q.anim_time*90*3-30)*1.5)+4*(math.sin(q.anim_time*90*3/2-30)*1.25)",
						"-4*(math.sin(q.anim_time*90*3-30)*1.5)+4*(math.sin(q.anim_time*90*3/2-30)*1.25)",
						"-4*(math.sin(q.anim_time*90*3-30)*1.5)+4*(math.sin(q.anim_time*90*3/2-30)*1.25)"
					]
				},
				"brim_right_lower": {
					"rotation": [
						"-4*(math.sin(q.anim_time*90*3)*1.5)+4*(math.sin(q.anim_time*90*3/2)*1.25)",
						"-4*(math.sin(q.anim_time*90*3)*1.5)+4*(math.sin(q.anim_time*90*3/2)*1.25)",
						"-4*(math.sin(q.anim_time*90*3)*1.5)+4*(math.sin(q.anim_time*90*3/2)*1.25)"
					]
				},
				"brim_right_lower2": {
					"rotation": [
						"-4*(math.sin(q.anim_time*90*3-30)*1.5)+4*(math.sin(q.anim_time*90*3/2-30)*1.25)",
						"-4*(math.sin(q.anim_time*90*3-30)*1.5)+4*(math.sin(q.anim_time*90*3/2-30)*1.25)",
						"-4*(math.sin(q.anim_time*90*3-30)*1.5)+4*(math.sin(q.anim_time*90*3/2-30)*1.25)"
					]
				},
				"brim_right_middle": {
					"rotation": [
						"4*(math.sin(q.anim_time*90*3)*1.5)+4*(math.sin(q.anim_time*90*3/2)*1.25)",
						"4*(math.sin(q.anim_time*90*3)*1.5)+4*(math.sin(q.anim_time*90*3/2)*1.25)",
						"4*(math.sin(q.anim_time*90*3)*1.5)+4*(math.sin(q.anim_time*90*3/2)*1.25)"
					]
				},
				"brim_right_middle2": {
					"rotation": [
						"4*(math.sin(q.anim_time*90*3-30)*1.5)+4*(math.sin(q.anim_time*90*3/2-30)*1.25)",
						"4*(math.sin(q.anim_time*90*3-30)*1.5)+4*(math.sin(q.anim_time*90*3/2-30)*1.25)",
						"4*(math.sin(q.anim_time*90*3-30)*1.5)+4*(math.sin(q.anim_time*90*3/2-30)*1.25)"
					]
				},
				"appirition_right_lower2": {
					"rotation": ["2.5-4*(math.sin(q.anim_time*90*3-60+240)*1.5)+4*(math.sin(q.anim_time*90*3/2-60+240)*1.25)", 0, 0]
				},
				"appirition_right_lower3": {
					"rotation": ["-4*(math.sin(q.anim_time*90*3-90+240)*1.5)+4*(math.sin(q.anim_time*90*3/2-90+240)*1.25)", 0, 0]
				},
				"appirition_right_lower4": {
					"rotation": ["-4*(math.sin(q.anim_time*90*3-120+240)*1.5)+4*(math.sin(q.anim_time*90*3/2-120+240)*1.25)", 0, 0]
				},
				"appirition_right_lower5": {
					"rotation": ["-4*(math.sin(q.anim_time*90*3-150+240)*1.5)+4*(math.sin(q.anim_time*90*3/2-150+240)*1.25)", 0, 0]
				},
				"appirition_right_middle2": {
					"rotation": ["2.5-4*(math.sin(q.anim_time*90*3-60+300)*1.5)+4*(math.sin(q.anim_time*90*3/2-60+300)*1.25)", 0, 0]
				},
				"appirition_right_middle3": {
					"rotation": ["-4*(math.sin(q.anim_time*90*3-90+300)*1.5)+4*(math.sin(q.anim_time*90*3/2-90+300)*1.25)", 0, 0]
				},
				"appirition_right_middle4": {
					"rotation": ["-4*(math.sin(q.anim_time*90*3-120+300)*1.5)+4*(math.sin(q.anim_time*90*3/2-120+300)*1.25)", 0, 0]
				},
				"appirition_right_middle5": {
					"rotation": ["-4*(math.sin(q.anim_time*90*3-150+300)*1.5)+4*(math.sin(q.anim_time*90*3/2-150+300)*1.25)", 0, 0]
				},
				"appirition_left_lower2": {
					"rotation": ["2.5-4*(math.sin(q.anim_time*90*3-60+180)*1.5)+4*(math.sin(q.anim_time*90*3/2-60+180)*1.25)", 0, 0]
				},
				"appirition_left_lower3": {
					"rotation": ["-4*(math.sin(q.anim_time*90*3-90+180)*1.5)+4*(math.sin(q.anim_time*90*3/2-90+180)*1.25)", 0, 0]
				},
				"appirition_left_lower4": {
					"rotation": ["-4*(math.sin(q.anim_time*90*3-120+180)*1.5)+4*(math.sin(q.anim_time*90*3/2-120+180)*1.25)", 0, 0]
				},
				"appirition_left_lower5": {
					"rotation": ["-4*(math.sin(q.anim_time*90*3-150+180)*1.5)+4*(math.sin(q.anim_time*90*3/2-150+180)*1.25)", 0, 0]
				},
				"appirition_left_middle2": {
					"rotation": ["2.5-4*(math.sin(q.anim_time*90*3-60+120)*1.5)+4*(math.sin(q.anim_time*90*3/2-60+120)*1.25)", 0, 0]
				},
				"appirition_left_middle3": {
					"rotation": ["-4*(math.sin(q.anim_time*90*3-90+120)*1.5)+4*(math.sin(q.anim_time*90*3/2-90+120)*1.25)", 0, 0]
				},
				"appirition_left_middle4": {
					"rotation": ["-4*(math.sin(q.anim_time*90*3-120+120)*1.5)+4*(math.sin(q.anim_time*90*3/2-120+120)*1.25)", 0, 0]
				},
				"appirition_left_middle5": {
					"rotation": ["-4*(math.sin(q.anim_time*90*3-150+120)*1.5)+4*(math.sin(q.anim_time*90*3/2-150+120)*1.25)", 0, 0]
				},
				"appirition_right_upper2": {
					"rotation": ["2.5-4*(math.sin(q.anim_time*90*3-60)*1.5)+4*(math.sin(q.anim_time*90*3/2-60)*1.25)", 0, 0]
				},
				"appirition_right_upper3": {
					"rotation": ["-4*(math.sin(q.anim_time*90*3-90)*1.5)+4*(math.sin(q.anim_time*90*3/2-90)*1.25)", 0, 0]
				},
				"appirition_right_upper4": {
					"rotation": ["-4*(math.sin(q.anim_time*90*3-120)*1.5)+4*(math.sin(q.anim_time*90*3/2-120)*1.25)", 0, 0]
				},
				"appirition_right_upper5": {
					"rotation": ["-4*(math.sin(q.anim_time*90*3-150)*1.5)+4*(math.sin(q.anim_time*90*3/2-150)*1.25)", 0, 0]
				},
				"appirition_left_upper2": {
					"rotation": ["2.5-4*(math.sin(q.anim_time*90*3-60+60)*1.5)+4*(math.sin(q.anim_time*90*3/2-60+60)*1.25)", 0, 0]
				},
				"appirition_left_upper3": {
					"rotation": ["-4*(math.sin(q.anim_time*90*3-90+60)*1.5)+4*(math.sin(q.anim_time*90*3/2-90+60)*1.25)", 0, 0]
				},
				"appirition_left_upper4": {
					"rotation": ["-4*(math.sin(q.anim_time*90*3-120+60)*1.5)+4*(math.sin(q.anim_time*90*3/2-120+60)*1.25)", 0, 0]
				},
				"appirition_left_upper5": {
					"rotation": ["-4*(math.sin(q.anim_time*90*3-150+60)*1.5)+4*(math.sin(q.anim_time*90*3/2-150+60)*1.25)", 0, 0]
				},
				"torso": {
					"rotation": [
						"12.5-4*(math.sin(q.anim_time*90*3)*0.5)+4*(math.sin(q.anim_time*90*3/2)*0.25)",
						"-4*(math.sin(q.anim_time*90*3)*0.5)+4*(math.sin(q.anim_time*90*3/2)*0.25)",
						"-4*(math.sin(q.anim_time*90*3)*0.5)+4*(math.sin(q.anim_time*90*3/2)*0.25)"
					]
				},
				"upper_torso": {
					"rotation": [
						"5-4*(math.sin(q.anim_time*90*3-30)*0.5)+4*(math.sin(q.anim_time*90*3/2-30)*0.25)",
						"-4*(math.sin(q.anim_time*90*3-30)*0.5)+4*(math.sin(q.anim_time*90*3/2-30)*0.25)",
						"-4*(math.sin(q.anim_time*90*3-30)*0.5)+4*(math.sin(q.anim_time*90*3/2-30)*0.25)"
					]
				},
				"head": {
					"rotation": [
						"-30-4*(math.sin(q.anim_time*90*3-60)*0.5)+4*(math.sin(q.anim_time*90*3/2-60)*0.25)",
						"-4*(math.sin(q.anim_time*90*3-60)*0.5)+4*(math.sin(q.anim_time*90*3/2-60)*0.25)",
						"-4*(math.sin(q.anim_time*90*3-60)*0.5)+4*(math.sin(q.anim_time*90*3/2-60)*0.25)"
					],
					"position": [0, -1, 0]
				},
				"hat1": {
					"rotation": [
						"6.5-4*(math.sin(q.anim_time*90*2)*1.5)+4*(math.sin(q.anim_time*90*2/2)*1.25)",
						0,
						"6.5-4*(math.sin(q.anim_time*90*2)*1.5)+4*(math.sin(q.anim_time*90*2/2)*1.25)"
					]
				},
				"hat2": {
					"rotation": [
						"-20+4*(math.sin(q.anim_time*90*2-30)*1.5)-4*(math.sin(q.anim_time*90*2/2-30)*1.25)",
						0,
						"-20+4*(math.sin(q.anim_time*90*2-30)*1.5)-4*(math.sin(q.anim_time*90*2/2-30)*1.25)"
					]
				},
				"hat3": {
					"rotation": [
						"20-4*(math.sin(q.anim_time*90*2-60)*1.5)+4*(math.sin(q.anim_time*90*2/2-60)*1.25)",
						0,
						"20-4*(math.sin(q.anim_time*90*2-60)*1.5)+4*(math.sin(q.anim_time*90*2/2-60)*1.25)"
					],
					"position": [0, -1, 0]
				},
				"hat4": {
					"rotation": [
						"-20+4*(math.sin(q.anim_time*90*2-90)*1.5)-4*(math.sin(q.anim_time*90*2/2-90)*1.25)",
						0,
						"-20+4*(math.sin(q.anim_time*90*2-90)*1.5)-4*(math.sin(q.anim_time*90*2/2-90)*1.25)"
					]
				},
				"body": {
					"rotation": [
						"7.5-4*(math.sin(q.anim_time*90*3)*0.5)+4*(math.sin(q.anim_time*90*3/2)*0.25)",
						"-4*(math.sin(q.anim_time*90*3)*3.5)",
						"-4*(math.sin(q.anim_time*90*3)*0.5)+4*(math.sin(q.anim_time*90*3/2)*0.25)"
					],
					"position": [0, "13-4*(math.sin(q.anim_time*90*3)*1)", 0]
				}
			}
		},
		"animation.ectomancer.battle_idle": {
			"loop": true,
			"bones": {
				"arm_right": {
					"rotation": [
						0,
						"-7.5-4*(math.sin(q.anim_time*90*3)*0.5)+4*(math.sin(q.anim_time*90*3/2)*0.25)",
						"7.5+4*(math.sin(q.anim_time*90*3)*1.5)-4*(math.sin(q.anim_time*90*3/2)*1.25)"
					]
				},
				"arm_right2": {
					"rotation": [
						0,
						"-7.5-4*(math.sin(q.anim_time*90*3-30)*0.5)+4*(math.sin(q.anim_time*90*3/2-30)*0.25)",
						"4*(math.sin(q.anim_time*90*3-30)*1.5)-4*(math.sin(q.anim_time*90*3/2-30)*1.25)"
					]
				},
				"arm_right3": {
					"rotation": [
						0,
						"-10-4*(math.sin(q.anim_time*90*3-60)*0.5)+4*(math.sin(q.anim_time*90*3/2-60)*0.25)",
						"4*(math.sin(q.anim_time*90*3-60)*1.5)-4*(math.sin(q.anim_time*90*3/2-60)*1.25)"
					]
				},
				"arm_right4": {
					"rotation": [
						0,
						"-4*(math.sin(q.anim_time*90*3-90)*0.5)+4*(math.sin(q.anim_time*90*3/2-90)*0.25)",
						"-4*(math.sin(q.anim_time*90*3-90)*1.5)-4*(math.sin(q.anim_time*90*3/2-90)*1.25)"
					]
				},
				"arm_left": {
					"rotation": [
						0,
						"7.5-4*(math.sin(q.anim_time*90*3)*0.5)+4*(math.sin(q.anim_time*90*3/2)*0.25)",
						"-7.5-4*(math.sin(q.anim_time*90*3)*1.5)+4*(math.sin(q.anim_time*90*3/2)*1.25)"
					]
				},
				"arm_left2": {
					"rotation": [
						0,
						"7.5-4*(math.sin(q.anim_time*90*3-30)*0.5)+4*(math.sin(q.anim_time*90*3/2-30)*0.25)",
						"-4*(math.sin(q.anim_time*90*3-30)*1.5)+4*(math.sin(q.anim_time*90*3/2-30)*1.25)"
					]
				},
				"arm_left3": {
					"rotation": [
						0,
						"10-4*(math.sin(q.anim_time*90*3-60)*0.5)+4*(math.sin(q.anim_time*90*3/2-60)*0.25)",
						"-4*(math.sin(q.anim_time*90*3-60)*1.5)+4*(math.sin(q.anim_time*90*3/2-60)*1.25)"
					]
				},
				"arm_left4": {
					"rotation": [
						0,
						"-4*(math.sin(q.anim_time*90*3-90)*0.5)+4*(math.sin(q.anim_time*90*3/2-90)*0.25)",
						"4*(math.sin(q.anim_time*90*3-90)*1.5)+4*(math.sin(q.anim_time*90*3/2-90)*1.25)"
					]
				},
				"brim_left_upper": {
					"rotation": [
						"4*(math.sin(q.anim_time*90*3)*1.5)+4*(math.sin(q.anim_time*90*3/2)*1.25)",
						"4*(math.sin(q.anim_time*90*3)*1.5)+4*(math.sin(q.anim_time*90*3/2)*1.25)",
						"4*(math.sin(q.anim_time*90*3)*1.5)+4*(math.sin(q.anim_time*90*3/2)*1.25)"
					]
				},
				"brim_left_upper2": {
					"rotation": [
						"4*(math.sin(q.anim_time*90*3-30)*1.5)+4*(math.sin(q.anim_time*90*3/2-30)*1.25)",
						"4*(math.sin(q.anim_time*90*3-30)*1.5)+4*(math.sin(q.anim_time*90*3/2-30)*1.25)",
						"4*(math.sin(q.anim_time*90*3-30)*1.5)+4*(math.sin(q.anim_time*90*3/2-30)*1.25)"
					]
				},
				"brim_left_middle": {
					"rotation": [
						"-4*(math.sin(q.anim_time*90*3)*1.5)+4*(math.sin(q.anim_time*90*3/2)*1.25)",
						"-4*(math.sin(q.anim_time*90*3)*1.5)+4*(math.sin(q.anim_time*90*3/2)*1.25)",
						"-4*(math.sin(q.anim_time*90*3)*1.5)+4*(math.sin(q.anim_time*90*3/2)*1.25)"
					]
				},
				"brim_left_middle2": {
					"rotation": [
						"-4*(math.sin(q.anim_time*90*3-30)*1.5)+4*(math.sin(q.anim_time*90*3/2-30)*1.25)",
						"-4*(math.sin(q.anim_time*90*3-30)*1.5)+4*(math.sin(q.anim_time*90*3/2-30)*1.25)",
						"-4*(math.sin(q.anim_time*90*3-30)*1.5)+4*(math.sin(q.anim_time*90*3/2-30)*1.25)"
					]
				},
				"brim_left_lower": {
					"rotation": [
						"4*(math.sin(q.anim_time*90*3)*1.5)+4*(math.sin(q.anim_time*90*3/2)*1.25)",
						"4*(math.sin(q.anim_time*90*3)*1.5)+4*(math.sin(q.anim_time*90*3/2)*1.25)",
						"4*(math.sin(q.anim_time*90*3)*1.5)+4*(math.sin(q.anim_time*90*3/2)*1.25)"
					]
				},
				"brim_left_lower2": {
					"rotation": [
						"4*(math.sin(q.anim_time*90*3-30)*1.5)+4*(math.sin(q.anim_time*90*3/2-30)*1.25)",
						"4*(math.sin(q.anim_time*90*3-30)*1.5)+4*(math.sin(q.anim_time*90*3/2-30)*1.25)",
						"4*(math.sin(q.anim_time*90*3-30)*1.5)+4*(math.sin(q.anim_time*90*3/2-30)*1.25)"
					]
				},
				"brim_right_upper": {
					"rotation": [
						"-4*(math.sin(q.anim_time*90*3)*1.5)+4*(math.sin(q.anim_time*90*3/2)*1.25)",
						"-4*(math.sin(q.anim_time*90*3)*1.5)+4*(math.sin(q.anim_time*90*3/2)*1.25)",
						"-4*(math.sin(q.anim_time*90*3)*1.5)+4*(math.sin(q.anim_time*90*3/2)*1.25)"
					]
				},
				"brim_right_upper2": {
					"rotation": [
						"-4*(math.sin(q.anim_time*90*3-30)*1.5)+4*(math.sin(q.anim_time*90*3/2-30)*1.25)",
						"-4*(math.sin(q.anim_time*90*3-30)*1.5)+4*(math.sin(q.anim_time*90*3/2-30)*1.25)",
						"-4*(math.sin(q.anim_time*90*3-30)*1.5)+4*(math.sin(q.anim_time*90*3/2-30)*1.25)"
					]
				},
				"brim_right_lower": {
					"rotation": [
						"-4*(math.sin(q.anim_time*90*3)*1.5)+4*(math.sin(q.anim_time*90*3/2)*1.25)",
						"-4*(math.sin(q.anim_time*90*3)*1.5)+4*(math.sin(q.anim_time*90*3/2)*1.25)",
						"-4*(math.sin(q.anim_time*90*3)*1.5)+4*(math.sin(q.anim_time*90*3/2)*1.25)"
					]
				},
				"brim_right_lower2": {
					"rotation": [
						"-4*(math.sin(q.anim_time*90*3-30)*1.5)+4*(math.sin(q.anim_time*90*3/2-30)*1.25)",
						"-4*(math.sin(q.anim_time*90*3-30)*1.5)+4*(math.sin(q.anim_time*90*3/2-30)*1.25)",
						"-4*(math.sin(q.anim_time*90*3-30)*1.5)+4*(math.sin(q.anim_time*90*3/2-30)*1.25)"
					]
				},
				"brim_right_middle": {
					"rotation": [
						"4*(math.sin(q.anim_time*90*3)*1.5)+4*(math.sin(q.anim_time*90*3/2)*1.25)",
						"4*(math.sin(q.anim_time*90*3)*1.5)+4*(math.sin(q.anim_time*90*3/2)*1.25)",
						"4*(math.sin(q.anim_time*90*3)*1.5)+4*(math.sin(q.anim_time*90*3/2)*1.25)"
					]
				},
				"brim_right_middle2": {
					"rotation": [
						"4*(math.sin(q.anim_time*90*3-30)*1.5)+4*(math.sin(q.anim_time*90*3/2-30)*1.25)",
						"4*(math.sin(q.anim_time*90*3-30)*1.5)+4*(math.sin(q.anim_time*90*3/2-30)*1.25)",
						"4*(math.sin(q.anim_time*90*3-30)*1.5)+4*(math.sin(q.anim_time*90*3/2-30)*1.25)"
					]
				},
				"appirition_right_lower2": {
					"rotation": ["2.5-4*(math.sin(q.anim_time*90*3-60+240)*1.5)+4*(math.sin(q.anim_time*90*3/2-60+240)*1.25)", 0, 0]
				},
				"appirition_right_lower3": {
					"rotation": ["-4*(math.sin(q.anim_time*90*3-90+240)*1.5)+4*(math.sin(q.anim_time*90*3/2-90+240)*1.25)", 0, 0]
				},
				"appirition_right_lower4": {
					"rotation": ["-4*(math.sin(q.anim_time*90*3-120+240)*1.5)+4*(math.sin(q.anim_time*90*3/2-120+240)*1.25)", 0, 0]
				},
				"appirition_right_lower5": {
					"rotation": ["-4*(math.sin(q.anim_time*90*3-150+240)*1.5)+4*(math.sin(q.anim_time*90*3/2-150+240)*1.25)", 0, 0]
				},
				"appirition_right_middle2": {
					"rotation": ["2.5-4*(math.sin(q.anim_time*90*3-60+300)*1.5)+4*(math.sin(q.anim_time*90*3/2-60+300)*1.25)", 0, 0]
				},
				"appirition_right_middle3": {
					"rotation": ["-4*(math.sin(q.anim_time*90*3-90+300)*1.5)+4*(math.sin(q.anim_time*90*3/2-90+300)*1.25)", 0, 0]
				},
				"appirition_right_middle4": {
					"rotation": ["-4*(math.sin(q.anim_time*90*3-120+300)*1.5)+4*(math.sin(q.anim_time*90*3/2-120+300)*1.25)", 0, 0]
				},
				"appirition_right_middle5": {
					"rotation": ["-4*(math.sin(q.anim_time*90*3-150+300)*1.5)+4*(math.sin(q.anim_time*90*3/2-150+300)*1.25)", 0, 0]
				},
				"appirition_left_lower2": {
					"rotation": ["2.5-4*(math.sin(q.anim_time*90*3-60+180)*1.5)+4*(math.sin(q.anim_time*90*3/2-60+180)*1.25)", 0, 0]
				},
				"appirition_left_lower3": {
					"rotation": ["-4*(math.sin(q.anim_time*90*3-90+180)*1.5)+4*(math.sin(q.anim_time*90*3/2-90+180)*1.25)", 0, 0]
				},
				"appirition_left_lower4": {
					"rotation": ["-4*(math.sin(q.anim_time*90*3-120+180)*1.5)+4*(math.sin(q.anim_time*90*3/2-120+180)*1.25)", 0, 0]
				},
				"appirition_left_lower5": {
					"rotation": ["-4*(math.sin(q.anim_time*90*3-150+180)*1.5)+4*(math.sin(q.anim_time*90*3/2-150+180)*1.25)", 0, 0]
				},
				"appirition_left_middle2": {
					"rotation": ["2.5-4*(math.sin(q.anim_time*90*3-60+120)*1.5)+4*(math.sin(q.anim_time*90*3/2-60+120)*1.25)", 0, 0]
				},
				"appirition_left_middle3": {
					"rotation": ["-4*(math.sin(q.anim_time*90*3-90+120)*1.5)+4*(math.sin(q.anim_time*90*3/2-90+120)*1.25)", 0, 0]
				},
				"appirition_left_middle4": {
					"rotation": ["-4*(math.sin(q.anim_time*90*3-120+120)*1.5)+4*(math.sin(q.anim_time*90*3/2-120+120)*1.25)", 0, 0]
				},
				"appirition_left_middle5": {
					"rotation": ["-4*(math.sin(q.anim_time*90*3-150+120)*1.5)+4*(math.sin(q.anim_time*90*3/2-150+120)*1.25)", 0, 0]
				},
				"appirition_right_upper2": {
					"rotation": ["2.5-4*(math.sin(q.anim_time*90*3-60)*1.5)+4*(math.sin(q.anim_time*90*3/2-60)*1.25)", 0, 0]
				},
				"appirition_right_upper3": {
					"rotation": ["-4*(math.sin(q.anim_time*90*3-90)*1.5)+4*(math.sin(q.anim_time*90*3/2-90)*1.25)", 0, 0]
				},
				"appirition_right_upper4": {
					"rotation": ["-4*(math.sin(q.anim_time*90*3-120)*1.5)+4*(math.sin(q.anim_time*90*3/2-120)*1.25)", 0, 0]
				},
				"appirition_right_upper5": {
					"rotation": ["-4*(math.sin(q.anim_time*90*3-150)*1.5)+4*(math.sin(q.anim_time*90*3/2-150)*1.25)", 0, 0]
				},
				"appirition_left_upper2": {
					"rotation": ["2.5-4*(math.sin(q.anim_time*90*3-60+60)*1.5)+4*(math.sin(q.anim_time*90*3/2-60+60)*1.25)", 0, 0]
				},
				"appirition_left_upper3": {
					"rotation": ["-4*(math.sin(q.anim_time*90*3-90+60)*1.5)+4*(math.sin(q.anim_time*90*3/2-90+60)*1.25)", 0, 0]
				},
				"appirition_left_upper4": {
					"rotation": ["-4*(math.sin(q.anim_time*90*3-120+60)*1.5)+4*(math.sin(q.anim_time*90*3/2-120+60)*1.25)", 0, 0]
				},
				"appirition_left_upper5": {
					"rotation": ["-4*(math.sin(q.anim_time*90*3-150+60)*1.5)+4*(math.sin(q.anim_time*90*3/2-150+60)*1.25)", 0, 0]
				},
				"torso": {
					"rotation": [
						"12.5-4*(math.sin(q.anim_time*90*3)*0.5)+4*(math.sin(q.anim_time*90*3/2)*0.25)",
						"-4*(math.sin(q.anim_time*90*3)*0.5)+4*(math.sin(q.anim_time*90*3/2)*0.25)",
						"-4*(math.sin(q.anim_time*90*3)*0.5)+4*(math.sin(q.anim_time*90*3/2)*0.25)"
					]
				},
				"upper_torso": {
					"rotation": [
						"5-4*(math.sin(q.anim_time*90*3-30)*0.5)+4*(math.sin(q.anim_time*90*3/2-30)*0.25)",
						"-4*(math.sin(q.anim_time*90*3-30)*0.5)+4*(math.sin(q.anim_time*90*3/2-30)*0.25)",
						"-4*(math.sin(q.anim_time*90*3-30)*0.5)+4*(math.sin(q.anim_time*90*3/2-30)*0.25)"
					]
				},
				"head": {
					"rotation": [
						"-15-4*(math.sin(q.anim_time*90*3-60)*0.5)+4*(math.sin(q.anim_time*90*3/2-60)*0.25)",
						"-4*(math.sin(q.anim_time*90*3-60)*0.5)+4*(math.sin(q.anim_time*90*3/2-60)*0.25)",
						"-4*(math.sin(q.anim_time*90*3-60)*0.5)+4*(math.sin(q.anim_time*90*3/2-60)*0.25)"
					],
					"position": [0, -1, 0]
				},
				"hat1": {
					"rotation": [
						"6.5-4*(math.sin(q.anim_time*90*2)*1.5)+4*(math.sin(q.anim_time*90*2/2)*1.25)",
						0,
						"6.5-4*(math.sin(q.anim_time*90*2)*1.5)+4*(math.sin(q.anim_time*90*2/2)*1.25)"
					]
				},
				"hat2": {
					"rotation": [
						"-20+4*(math.sin(q.anim_time*90*2-30)*1.5)-4*(math.sin(q.anim_time*90*2/2-30)*1.25)",
						0,
						"-20+4*(math.sin(q.anim_time*90*2-30)*1.5)-4*(math.sin(q.anim_time*90*2/2-30)*1.25)"
					]
				},
				"hat3": {
					"rotation": [
						"20-4*(math.sin(q.anim_time*90*2-60)*1.5)+4*(math.sin(q.anim_time*90*2/2-60)*1.25)",
						0,
						"20-4*(math.sin(q.anim_time*90*2-60)*1.5)+4*(math.sin(q.anim_time*90*2/2-60)*1.25)"
					],
					"position": [0, -1, 0]
				},
				"hat4": {
					"rotation": [
						"-20+4*(math.sin(q.anim_time*90*2-90)*1.5)-4*(math.sin(q.anim_time*90*2/2-90)*1.25)",
						0,
						"-20+4*(math.sin(q.anim_time*90*2-90)*1.5)-4*(math.sin(q.anim_time*90*2/2-90)*1.25)"
					]
				},
				"body": {
					"position": [0, "13-4*(math.sin(q.anim_time*90*3)*1)", 0]
				}
			}
		},
		"animation.ectomancer.blink": {
			"animation_length": 0.2917,
			"bones": {
				"eye_left": {
					"rotation": {
						"0.0": [0, 0, 0],
						"0.0833": {
							"pre": [0, 0, 0],
							"post": [-180, 0, 160]
						},
						"0.2083": {
							"pre": [-180, 0, 160],
							"post": [-180, 0, 160]
						},
						"0.2917": {
							"pre": [-180, 0, 160],
							"post": [0, 0, 0]
						}
					}
				},
				"eye_right": {
					"rotation": {
						"0.0": [0, 0, 0],
						"0.0833": {
							"pre": [0, 0, 0],
							"post": [-180, 0, -160]
						},
						"0.2083": {
							"pre": [-180, 0, -160],
							"post": [-180, 0, -160]
						},
						"0.2917": {
							"pre": [-180, 0, -160],
							"post": [0, 0, 0]
						}
					}
				}
			}
		},
		"animation.ectomancer.sleep": {
			"loop": true,
			"bones": {
				"arm_right": {
					"rotation": [
						0,
						"-7.5-4*(math.sin(q.anim_time*90*1)*0.5)+4*(math.sin(q.anim_time*90*1/2)*0.25)",
						"7.5+4*(math.sin(q.anim_time*90*1)*1.5)-4*(math.sin(q.anim_time*90*1/2)*1.25)"
					]
				},
				"arm_right2": {
					"rotation": [
						0,
						"-7.5-4*(math.sin(q.anim_time*90*3-30)*0.5)+4*(math.sin(q.anim_time*90*1/2-30)*0.25)",
						"4*(math.sin(q.anim_time*90*3-30)*1.5)-4*(math.sin(q.anim_time*90*1/2-30)*1.25)"
					]
				},
				"arm_right3": {
					"rotation": [
						0,
						"-10-4*(math.sin(q.anim_time*90*1-60)*0.5)+4*(math.sin(q.anim_time*90*1/2-60)*0.25)",
						"4*(math.sin(q.anim_time*90*1-60)*1.5)-4*(math.sin(q.anim_time*90*1/2-60)*1.25)"
					]
				},
				"arm_right4": {
					"rotation": [
						0,
						"-4*(math.sin(q.anim_time*90*1-90)*0.5)+4*(math.sin(q.anim_time*90*1/2-90)*0.25)",
						"-4*(math.sin(q.anim_time*90*1-90)*1.5)-4*(math.sin(q.anim_time*90*1/2-90)*1.25)"
					]
				},
				"arm_left": {
					"rotation": [
						0.6574,
						"7.4713-4*(math.sin(q.anim_time*90*1)*0.5)+4*(math.sin(q.anim_time*90*1/2)*0.25)",
						"-2.4571-4*(math.sin(q.anim_time*90*1)*1.5)+4*(math.sin(q.anim_time*90*1/2)*1.25)"
					]
				},
				"arm_left2": {
					"rotation": [
						0,
						"7.5-4*(math.sin(q.anim_time*90*1-30)*0.5)+4*(math.sin(q.anim_time*90*1/2-30)*0.25)",
						"-4*(math.sin(q.anim_time*90*1-30)*1.5)+4*(math.sin(q.anim_time*90*1/2-30)*1.25)"
					]
				},
				"arm_left3": {
					"rotation": [
						0,
						"10-4*(math.sin(q.anim_time*90*1-60)*0.5)+4*(math.sin(q.anim_time*90*1/2-60)*0.25)",
						"-4*(math.sin(q.anim_time*90*1-60)*1.5)+4*(math.sin(q.anim_time*90*1/2-60)*1.25)"
					]
				},
				"arm_left4": {
					"rotation": [
						0,
						"-4*(math.sin(q.anim_time*90*1-90)*0.5)+4*(math.sin(q.anim_time*90*1/2-90)*0.25)",
						"4*(math.sin(q.anim_time*90*1-90)*1.5)+4*(math.sin(q.anim_time*90*1/2-90)*1.25)"
					]
				},
				"brim_left_upper": {
					"rotation": [
						"4*(math.sin(q.anim_time*90*3)*1.5)+4*(math.sin(q.anim_time*90*3/2)*1.25)",
						"4*(math.sin(q.anim_time*90*3)*1.5)+4*(math.sin(q.anim_time*90*3/2)*1.25)",
						"4*(math.sin(q.anim_time*90*3)*1.5)+4*(math.sin(q.anim_time*90*3/2)*1.25)"
					]
				},
				"brim_left_upper2": {
					"rotation": [
						"4*(math.sin(q.anim_time*90*3-30)*1.5)+4*(math.sin(q.anim_time*90*3/2-30)*1.25)",
						"4*(math.sin(q.anim_time*90*3-30)*1.5)+4*(math.sin(q.anim_time*90*3/2-30)*1.25)",
						"4*(math.sin(q.anim_time*90*3-30)*1.5)+4*(math.sin(q.anim_time*90*3/2-30)*1.25)"
					]
				},
				"brim_left_middle": {
					"rotation": [
						"-4*(math.sin(q.anim_time*90*3)*1.5)+4*(math.sin(q.anim_time*90*3/2)*1.25)",
						"-4*(math.sin(q.anim_time*90*3)*1.5)+4*(math.sin(q.anim_time*90*3/2)*1.25)",
						"-4*(math.sin(q.anim_time*90*3)*1.5)+4*(math.sin(q.anim_time*90*3/2)*1.25)"
					]
				},
				"brim_left_middle2": {
					"rotation": [
						"-4*(math.sin(q.anim_time*90*3-30)*1.5)+4*(math.sin(q.anim_time*90*3/2-30)*1.25)",
						"-4*(math.sin(q.anim_time*90*3-30)*1.5)+4*(math.sin(q.anim_time*90*3/2-30)*1.25)",
						"-4*(math.sin(q.anim_time*90*3-30)*1.5)+4*(math.sin(q.anim_time*90*3/2-30)*1.25)"
					]
				},
				"brim_left_lower": {
					"rotation": [
						"4*(math.sin(q.anim_time*90*3)*1.5)+4*(math.sin(q.anim_time*90*3/2)*1.25)",
						"4*(math.sin(q.anim_time*90*3)*1.5)+4*(math.sin(q.anim_time*90*3/2)*1.25)",
						"4*(math.sin(q.anim_time*90*3)*1.5)+4*(math.sin(q.anim_time*90*3/2)*1.25)"
					]
				},
				"brim_left_lower2": {
					"rotation": [
						"4*(math.sin(q.anim_time*90*3-30)*1.5)+4*(math.sin(q.anim_time*90*3/2-30)*1.25)",
						"4*(math.sin(q.anim_time*90*3-30)*1.5)+4*(math.sin(q.anim_time*90*3/2-30)*1.25)",
						"4*(math.sin(q.anim_time*90*3-30)*1.5)+4*(math.sin(q.anim_time*90*3/2-30)*1.25)"
					]
				},
				"brim_right_upper": {
					"rotation": [
						"-4*(math.sin(q.anim_time*90*3)*1.5)+4*(math.sin(q.anim_time*90*3/2)*1.25)",
						"-4*(math.sin(q.anim_time*90*3)*1.5)+4*(math.sin(q.anim_time*90*3/2)*1.25)",
						"-4*(math.sin(q.anim_time*90*3)*1.5)+4*(math.sin(q.anim_time*90*3/2)*1.25)"
					]
				},
				"brim_right_upper2": {
					"rotation": [
						"-4*(math.sin(q.anim_time*90*3-30)*1.5)+4*(math.sin(q.anim_time*90*3/2-30)*1.25)",
						"-4*(math.sin(q.anim_time*90*3-30)*1.5)+4*(math.sin(q.anim_time*90*3/2-30)*1.25)",
						"-4*(math.sin(q.anim_time*90*3-30)*1.5)+4*(math.sin(q.anim_time*90*3/2-30)*1.25)"
					]
				},
				"brim_right_lower": {
					"rotation": [
						"-4*(math.sin(q.anim_time*90*3)*1.5)+4*(math.sin(q.anim_time*90*3/2)*1.25)",
						"-4*(math.sin(q.anim_time*90*3)*1.5)+4*(math.sin(q.anim_time*90*3/2)*1.25)",
						"-4*(math.sin(q.anim_time*90*3)*1.5)+4*(math.sin(q.anim_time*90*3/2)*1.25)"
					]
				},
				"brim_right_lower2": {
					"rotation": [
						"-4*(math.sin(q.anim_time*90*3-30)*1.5)+4*(math.sin(q.anim_time*90*3/2-30)*1.25)",
						"-4*(math.sin(q.anim_time*90*3-30)*1.5)+4*(math.sin(q.anim_time*90*3/2-30)*1.25)",
						"-4*(math.sin(q.anim_time*90*3-30)*1.5)+4*(math.sin(q.anim_time*90*3/2-30)*1.25)"
					]
				},
				"brim_right_middle": {
					"rotation": [
						"4*(math.sin(q.anim_time*90*3)*1.5)+4*(math.sin(q.anim_time*90*3/2)*1.25)",
						"4*(math.sin(q.anim_time*90*3)*1.5)+4*(math.sin(q.anim_time*90*3/2)*1.25)",
						"4*(math.sin(q.anim_time*90*3)*1.5)+4*(math.sin(q.anim_time*90*3/2)*1.25)"
					]
				},
				"brim_right_middle2": {
					"rotation": [
						"4*(math.sin(q.anim_time*90*3-30)*1.5)+4*(math.sin(q.anim_time*90*3/2-30)*1.25)",
						"4*(math.sin(q.anim_time*90*3-30)*1.5)+4*(math.sin(q.anim_time*90*3/2-30)*1.25)",
						"4*(math.sin(q.anim_time*90*3-30)*1.5)+4*(math.sin(q.anim_time*90*3/2-30)*1.25)"
					]
				},
				"appirition_right_lower2": {
					"rotation": ["2.5-4*(math.sin(q.anim_time*90*3-60+240)*0.5)+4*(math.sin(q.anim_time*90*3/2-60+240)*0.25)", 0, 0]
				},
				"appirition_right_lower3": {
					"rotation": ["-4*(math.sin(q.anim_time*90*3-90+240)*0.5)+4*(math.sin(q.anim_time*90*3/2-90+240)*0.25)", 0, 0]
				},
				"appirition_right_lower4": {
					"rotation": ["-4*(math.sin(q.anim_time*90*3-120+240)*0.5)+4*(math.sin(q.anim_time*90*3/2-120+240)*0.25)", 0, 0]
				},
				"appirition_right_lower5": {
					"rotation": ["-4*(math.sin(q.anim_time*90*3-150+240)*0.5)+4*(math.sin(q.anim_time*90*3/2-150+240)*0.25)", 0, 0]
				},
				"appirition_right_middle2": {
					"rotation": ["2.5-4*(math.sin(q.anim_time*90*3-60+300)*0.5)+4*(math.sin(q.anim_time*90*3/2-60+300)*0.25)", 0, 0]
				},
				"appirition_right_middle3": {
					"rotation": ["-4*(math.sin(q.anim_time*90*3-90+300)*0.5)+4*(math.sin(q.anim_time*90*3/2-90+300)*0.25)", 0, 0]
				},
				"appirition_right_middle4": {
					"rotation": ["-4*(math.sin(q.anim_time*90*3-120+300)*0.5)+4*(math.sin(q.anim_time*90*3/2-120+300)*0.25)", 0, 0]
				},
				"appirition_right_middle5": {
					"rotation": ["-4*(math.sin(q.anim_time*90*3-150+300)*0.5)+4*(math.sin(q.anim_time*90*3/2-150+300)*0.25)", 0, 0]
				},
				"appirition_left_lower2": {
					"rotation": ["2.5-4*(math.sin(q.anim_time*90*3-60+180)*0.5)+4*(math.sin(q.anim_time*90*3/2-60+180)*0.25)", 0, 0]
				},
				"appirition_left_lower3": {
					"rotation": ["-4*(math.sin(q.anim_time*90*3-90+180)*0.5)+4*(math.sin(q.anim_time*90*3/2-90+180)*0.25)", 0, 0]
				},
				"appirition_left_lower4": {
					"rotation": ["-4*(math.sin(q.anim_time*90*3-120+180)*0.5)+4*(math.sin(q.anim_time*90*3/2-120+180)*0.25)", 0, 0]
				},
				"appirition_left_lower5": {
					"rotation": ["-4*(math.sin(q.anim_time*90*3-150+180)*0.5)+4*(math.sin(q.anim_time*90*3/2-150+180)*0.25)", 0, 0]
				},
				"appirition_left_middle2": {
					"rotation": ["2.5-4*(math.sin(q.anim_time*90*3-60+120)*0.5)+4*(math.sin(q.anim_time*90*3/2-60+120)*0.25)", 0, 0]
				},
				"appirition_left_middle3": {
					"rotation": ["-4*(math.sin(q.anim_time*90*3-90+120)*0.5)+4*(math.sin(q.anim_time*90*3/2-90+120)*0.25)", 0, 0]
				},
				"appirition_left_middle4": {
					"rotation": ["-4*(math.sin(q.anim_time*90*3-120+120)*0.5)+4*(math.sin(q.anim_time*90*3/2-120+120)*0.25)", 0, 0]
				},
				"appirition_left_middle5": {
					"rotation": ["-4*(math.sin(q.anim_time*90*3-150+120)*0.5)+4*(math.sin(q.anim_time*90*3/2-150+120)*0.25)", 0, 0]
				},
				"appirition_right_upper2": {
					"rotation": ["2.5-4*(math.sin(q.anim_time*90*3-60)*0.5)+4*(math.sin(q.anim_time*90*3/2-60)*0.25)", 0, 0]
				},
				"appirition_right_upper3": {
					"rotation": ["-4*(math.sin(q.anim_time*90*3-90)*0.5)+4*(math.sin(q.anim_time*90*3/2-90)*0.25)", 0, 0]
				},
				"appirition_right_upper4": {
					"rotation": ["-4*(math.sin(q.anim_time*90*3-120)*0.5)+4*(math.sin(q.anim_time*90*3/2-120)*0.25)", 0, 0]
				},
				"appirition_right_upper5": {
					"rotation": ["-4*(math.sin(q.anim_time*90*3-150)*0.5)+4*(math.sin(q.anim_time*90*3/2-150)*0.25)", 0, 0]
				},
				"appirition_left_upper2": {
					"rotation": ["2.5-4*(math.sin(q.anim_time*90*3-60+60)*0.5)+4*(math.sin(q.anim_time*90*3/2-60+60)*0.25)", 0, 0]
				},
				"appirition_left_upper3": {
					"rotation": ["-4*(math.sin(q.anim_time*90*3-90+60)*0.5)+4*(math.sin(q.anim_time*90*3/2-90+60)*0.25)", 0, 0]
				},
				"appirition_left_upper4": {
					"rotation": ["-4*(math.sin(q.anim_time*90*3-120+60)*0.5)+4*(math.sin(q.anim_time*90*3/2-120+60)*0.25)", 0, 0]
				},
				"appirition_left_upper5": {
					"rotation": ["-4*(math.sin(q.anim_time*90*3-150+60)*0.5)+4*(math.sin(q.anim_time*90*3/2-150+60)*0.25)", 0, 0]
				},
				"torso": {
					"rotation": [
						"-22.5-4*(math.sin(q.anim_time*90*1)*0.5)+4*(math.sin(q.anim_time*90*1/2)*0.25)",
						"-4*(math.sin(q.anim_time*90*1)*0.5)+4*(math.sin(q.anim_time*90*1/2)*0.25)",
						"-4*(math.sin(q.anim_time*90*1)*0.5)+4*(math.sin(q.anim_time*90*1/2)*0.25)"
					]
				},
				"upper_torso": {
					"rotation": [
						"39.0749-4*(math.sin(q.anim_time*90*1-30)*0.5)+4*(math.sin(q.anim_time*90*1/2-30)*0.25)",
						"0.7656-4*(math.sin(q.anim_time*90*1-30)*0.5)+4*(math.sin(q.anim_time*90*1/2-30)*0.25)",
						"-8.088-4*(math.sin(q.anim_time*90*1-30)*0.5)+4*(math.sin(q.anim_time*90*1/2-30)*0.25)"
					],
					"position": [0, -1.5, 0.25]
				},
				"head": {
					"rotation": [
						"20-4*(math.sin(q.anim_time*90*1-60)*0.5)+4*(math.sin(q.anim_time*90*1/2-60)*0.25)",
						"-4*(math.sin(q.anim_time*90*1-60)*0.5)+4*(math.sin(q.anim_time*90*1/2-60)*0.25)",
						"-4*(math.sin(q.anim_time*90*1-60)*0.5)+4*(math.sin(q.anim_time*90*1/2-60)*0.25)"
					]
				},
				"hat1": {
					"rotation": [
						"6.5-4*(math.sin(q.anim_time*90*2)*1.5)+4*(math.sin(q.anim_time*90*2/2)*1.25)",
						0,
						"6.5-4*(math.sin(q.anim_time*90*2)*1.5)+4*(math.sin(q.anim_time*90*2/2)*1.25)"
					]
				},
				"hat2": {
					"rotation": [
						"-20+4*(math.sin(q.anim_time*90*2-30)*1.5)-4*(math.sin(q.anim_time*90*2/2-30)*1.25)",
						0,
						"-20+4*(math.sin(q.anim_time*90*2-30)*1.5)-4*(math.sin(q.anim_time*90*2/2-30)*1.25)"
					]
				},
				"hat3": {
					"rotation": [
						"20-4*(math.sin(q.anim_time*90*2-60)*1.5)+4*(math.sin(q.anim_time*90*2/2-60)*1.25)",
						0,
						"20-4*(math.sin(q.anim_time*90*2-60)*1.5)+4*(math.sin(q.anim_time*90*2/2-60)*1.25)"
					],
					"position": [0, -1, 0]
				},
				"hat4": {
					"rotation": [
						"-20+4*(math.sin(q.anim_time*90*2-90)*1.5)-4*(math.sin(q.anim_time*90*2/2-90)*1.25)",
						0,
						"-20+4*(math.sin(q.anim_time*90*2-90)*1.5)-4*(math.sin(q.anim_time*90*2/2-90)*1.25)"
					]
				},
				"eye_left": {
					"rotation": [0, -180, 0]
				},
				"eye_right": {
					"rotation": [0, -180, 0]
				},
				"hat": {
					"rotation": [-10, 0, 0],
					"position": [0, 0, 0.5]
				}
			}
		},
		"animation.ectomancer.cry": {
			"animation_length": 1.5,
			"bones": {
				"torso": {
					"rotation": {
						"0.0": {
							"post": [0, 0, 0],
							"lerp_mode": "catmullrom"
						},
						"0.1667": {
							"post": [-9.99656, 0.05703, -0.11934],
							"lerp_mode": "catmullrom"
						},
						"1.1667": {
							"post": [-12.5, 0, 0],
							"lerp_mode": "catmullrom"
						},
						"1.5": {
							"post": [0, 0, 0],
							"lerp_mode": "catmullrom"
						}
					}
				},
				"upper_torso": {
					"rotation": {
						"0.0": {
							"post": [0, 0, 0],
							"lerp_mode": "catmullrom"
						},
						"0.1667": {
							"post": [-1.79, 0, 0],
							"lerp_mode": "catmullrom"
						},
						"1.1667": {
							"post": [-12.5, 0, 0],
							"lerp_mode": "catmullrom"
						},
						"1.5": {
							"post": [0, 0, 0],
							"lerp_mode": "catmullrom"
						}
					}
				},
				"head": {
					"rotation": {
						"0.0": [0, 0, 0],
						"0.1667": ["7.5+(math.sin(q.anim_time*90*16)*7)", 0, 0],
						"1.1667": [2.5, 0, 0],
						"1.5": [0, 0, 0]
					},
					"position": {
						"0.0": [0, 0, 0],
						"0.1667": [0, 0, 0],
						"1.1667": [0, 0, 0.75],
						"1.5": [0, 0, 0]
					}
				}
			},
			"sound_effects": {
				"0.0": {
					"effect": "pokemon.ectomancer.cry"
				}
			}
		},
		"animation.ectomancer.recoil": {
			"animation_length": 1.4167,
			"bones": {
				"torso": {
					"rotation": {
						"0.0": [0, 0, 0],
						"0.125": [-12, 0, 0],
						"0.4167": {
							"pre": [2.24067, 0, 0],
							"post": [2.24067, 0, 0],
							"lerp_mode": "catmullrom"
						},
						"0.625": {
							"post": [2.24067, 0, 0],
							"lerp_mode": "catmullrom"
						},
						"1.0833": [0, 0, 0]
					}
				},
				"upper_torso": {
					"rotation": {
						"0.0": [0, 0, 0],
						"0.0833": {
							"pre": [-10, 0, 0],
							"post": [-10, 0, 0],
							"lerp_mode": "catmullrom"
						},
						"0.5": {
							"post": [-12.5, 0, 0],
							"lerp_mode": "catmullrom"
						},
						"0.9167": {
							"post": [0, 0, 0],
							"lerp_mode": "catmullrom"
						},
						"1.3333": [0, 0, 0]
					}
				},
				"head": {
					"rotation": {
						"0.0": [0, 0, 0],
						"0.125": {
							"pre": [10, 0, 0],
							"post": [10, 0, 0],
							"lerp_mode": "catmullrom"
						},
						"0.25": {
							"post": [-10, 0, 0],
							"lerp_mode": "catmullrom"
						},
						"0.75": {
							"post": [0, 0, 0],
							"lerp_mode": "catmullrom"
						},
						"1.125": [0, 0, 0]
					}
				},
				"eye_left": {
					"rotation": {
						"0.0": [0, 0, 0],
						"0.0833": {
							"pre": [0, 0, 0],
							"post": [-180, 0, 160]
						},
						"0.2083": {
							"pre": [-180, 0, 160],
							"post": [-180, 0, 160]
						},
						"0.2917": {
							"pre": [-180, 0, 160],
							"post": [0, 0, 0]
						}
					}
				},
				"eye_right": {
					"rotation": {
						"0.0": [0, 0, 0],
						"0.0833": {
							"pre": [0, 0, 0],
							"post": [-180, 0, -160]
						},
						"0.2083": {
							"pre": [-180, 0, -160],
							"post": [-180, 0, -160]
						},
						"0.2917": {
							"pre": [-180, 0, -160],
							"post": [0, 0, 0]
						}
					}
				}
			}
		},
		"animation.ectomancer.faint": {
			"animation_length": 5.4167,
			"bones": {
				"torso": {
					"rotation": {
						"0.0": [0, 0, 0],
						"0.125": [-12, 0, 0],
						"0.4167": {
							"pre": [2.24067, 0, 0],
							"post": [2.24067, 0, 0],
							"lerp_mode": "catmullrom"
						},
						"0.625": {
							"post": [2.24067, 0, 0],
							"lerp_mode": "catmullrom"
						},
						"1.0833": [0, 0, 0],
						"1.7083": [
							"-22.5-4*(math.sin(q.anim_time*90*1)*0.5)+4*(math.sin(q.anim_time*90*1/2)*0.25)",
							"-4*(math.sin(q.anim_time*90*1)*0.5)+4*(math.sin(q.anim_time*90*1/2)*0.25)",
							"-4*(math.sin(q.anim_time*90*1)*0.5)+4*(math.sin(q.anim_time*90*1/2)*0.25)"
						]
					}
				},
				"upper_torso": {
					"rotation": {
						"0.0": [0, 0, 0],
						"0.0833": {
							"pre": [-10, 0, 0],
							"post": [-10, 0, 0],
							"lerp_mode": "catmullrom"
						},
						"0.5": {
							"post": [-12.5, 0, 0],
							"lerp_mode": "catmullrom"
						},
						"0.9167": {
							"post": [0, 0, 0],
							"lerp_mode": "catmullrom"
						},
						"1.3333": [0, 0, 0],
						"1.7083": [
							"39.0749-4*(math.sin(q.anim_time*90*1-30)*0.5)+4*(math.sin(q.anim_time*90*1/2-30)*0.25)",
							"0.7656-4*(math.sin(q.anim_time*90*1-30)*0.5)+4*(math.sin(q.anim_time*90*1/2-30)*0.25)",
							"-8.088-4*(math.sin(q.anim_time*90*1-30)*0.5)+4*(math.sin(q.anim_time*90*1/2-30)*0.25)"
						]
					},
					"position": [0, -1.5, 0.25]
				},
				"head": {
					"rotation": {
						"0.0": [0, 0, 0],
						"0.125": {
							"pre": [10, 0, 0],
							"post": [10, 0, 0],
							"lerp_mode": "catmullrom"
						},
						"0.25": {
							"post": [-10, 0, 0],
							"lerp_mode": "catmullrom"
						},
						"0.75": {
							"post": [0, 0, 0],
							"lerp_mode": "catmullrom"
						},
						"1.125": [0, 0, 0],
						"1.7083": [
							"20-4*(math.sin(q.anim_time*90*1-60)*0.5)+4*(math.sin(q.anim_time*90*1/2-60)*0.25)",
							"-4*(math.sin(q.anim_time*90*1-60)*0.5)+4*(math.sin(q.anim_time*90*1/2-60)*0.25)",
							"-4*(math.sin(q.anim_time*90*1-60)*0.5)+4*(math.sin(q.anim_time*90*1/2-60)*0.25)"
						]
					}
				},
				"eye_left": {
					"rotation": {
						"0.0": [0, 0, 0],
						"0.0833": {"pre": [0, 0, 0], "post": [-180, 0, 160]},
						"0.2083": {"pre": [-180, 0, 160], "post": [-180, 0, 160]},
						"0.2917": {"pre": [-180, 0, 160], "post": [0, 0, 0]},
						"1.7083": {"pre": [0, 0, 0], "post": [0, -180, 0]}
					}
				},
				"eye_right": {
					"rotation": {
						"0.0": [0, 0, 0],
						"0.0833": {"pre": [0, 0, 0], "post": [-180, 0, -160]},
						"0.2083": {"pre": [-180, 0, -160], "post": [-180, 0, -160]},
						"0.2917": {"pre": [-180, 0, -160], "post": [0, 0, 0]},
						"1.7083": {"pre": [0, 0, 0], "post": [0, -180, 0]}
					}
				},
				"hat": {
					"rotation": [-10, 0, 0],
					"position": [0, 0, 0.5]
				},
				"hat1": {
					"rotation": [
						"6.5-4*(math.sin(q.anim_time*90*2)*1.5)+4*(math.sin(q.anim_time*90*2/2)*1.25)",
						0,
						"6.5-4*(math.sin(q.anim_time*90*2)*1.5)+4*(math.sin(q.anim_time*90*2/2)*1.25)"
					]
				},
				"hat2": {
					"rotation": [
						"-20+4*(math.sin(q.anim_time*90*2-30)*1.5)-4*(math.sin(q.anim_time*90*2/2-30)*1.25)",
						0,
						"-20+4*(math.sin(q.anim_time*90*2-30)*1.5)-4*(math.sin(q.anim_time*90*2/2-30)*1.25)"
					]
				},
				"hat3": {
					"rotation": [
						"20-4*(math.sin(q.anim_time*90*2-60)*1.5)+4*(math.sin(q.anim_time*90*2/2-60)*1.25)",
						0,
						"20-4*(math.sin(q.anim_time*90*2-60)*1.5)+4*(math.sin(q.anim_time*90*2/2-60)*1.25)"
					],
					"position": [0, -1, 0]
				},
				"hat4": {
					"rotation": [
						"-20+4*(math.sin(q.anim_time*90*2-90)*1.5)-4*(math.sin(q.anim_time*90*2/2-90)*1.25)",
						0,
						"-20+4*(math.sin(q.anim_time*90*2-90)*1.5)-4*(math.sin(q.anim_time*90*2/2-90)*1.25)"
					]
				},
				"brim_left_upper": {
					"rotation": [
						"4*(math.sin(q.anim_time*90*3)*1.5)+4*(math.sin(q.anim_time*90*3/2)*1.25)",
						"4*(math.sin(q.anim_time*90*3)*1.5)+4*(math.sin(q.anim_time*90*3/2)*1.25)",
						"4*(math.sin(q.anim_time*90*3)*1.5)+4*(math.sin(q.anim_time*90*3/2)*1.25)"
					]
				},
				"brim_left_upper2": {
					"rotation": [
						"4*(math.sin(q.anim_time*90*3-30)*1.5)+4*(math.sin(q.anim_time*90*3/2-30)*1.25)",
						"4*(math.sin(q.anim_time*90*3-30)*1.5)+4*(math.sin(q.anim_time*90*3/2-30)*1.25)",
						"4*(math.sin(q.anim_time*90*3-30)*1.5)+4*(math.sin(q.anim_time*90*3/2-30)*1.25)"
					]
				},
				"brim_left_middle": {
					"rotation": [
						"-4*(math.sin(q.anim_time*90*3)*1.5)+4*(math.sin(q.anim_time*90*3/2)*1.25)",
						"-4*(math.sin(q.anim_time*90*3)*1.5)+4*(math.sin(q.anim_time*90*3/2)*1.25)",
						"-4*(math.sin(q.anim_time*90*3)*1.5)+4*(math.sin(q.anim_time*90*3/2)*1.25)"
					]
				},
				"brim_left_middle2": {
					"rotation": [
						"-4*(math.sin(q.anim_time*90*3-30)*1.5)+4*(math.sin(q.anim_time*90*3/2-30)*1.25)",
						"-4*(math.sin(q.anim_time*90*3-30)*1.5)+4*(math.sin(q.anim_time*90*3/2-30)*1.25)",
						"-4*(math.sin(q.anim_time*90*3-30)*1.5)+4*(math.sin(q.anim_time*90*3/2-30)*1.25)"
					]
				},
				"brim_left_lower": {
					"rotation": [
						"4*(math.sin(q.anim_time*90*3)*1.5)+4*(math.sin(q.anim_time*90*3/2)*1.25)",
						"4*(math.sin(q.anim_time*90*3)*1.5)+4*(math.sin(q.anim_time*90*3/2)*1.25)",
						"4*(math.sin(q.anim_time*90*3)*1.5)+4*(math.sin(q.anim_time*90*3/2)*1.25)"
					]
				},
				"brim_left_lower2": {
					"rotation": [
						"4*(math.sin(q.anim_time*90*3-30)*1.5)+4*(math.sin(q.anim_time*90*3/2-30)*1.25)",
						"4*(math.sin(q.anim_time*90*3-30)*1.5)+4*(math.sin(q.anim_time*90*3/2-30)*1.25)",
						"4*(math.sin(q.anim_time*90*3-30)*1.5)+4*(math.sin(q.anim_time*90*3/2-30)*1.25)"
					]
				},
				"brim_right_upper": {
					"rotation": [
						"-4*(math.sin(q.anim_time*90*3)*1.5)+4*(math.sin(q.anim_time*90*3/2)*1.25)",
						"-4*(math.sin(q.anim_time*90*3)*1.5)+4*(math.sin(q.anim_time*90*3/2)*1.25)",
						"-4*(math.sin(q.anim_time*90*3)*1.5)+4*(math.sin(q.anim_time*90*3/2)*1.25)"
					]
				},
				"brim_right_upper2": {
					"rotation": [
						"-4*(math.sin(q.anim_time*90*3-30)*1.5)+4*(math.sin(q.anim_time*90*3/2-30)*1.25)",
						"-4*(math.sin(q.anim_time*90*3-30)*1.5)+4*(math.sin(q.anim_time*90*3/2-30)*1.25)",
						"-4*(math.sin(q.anim_time*90*3-30)*1.5)+4*(math.sin(q.anim_time*90*3/2-30)*1.25)"
					]
				},
				"brim_right_lower": {
					"rotation": [
						"-4*(math.sin(q.anim_time*90*3)*1.5)+4*(math.sin(q.anim_time*90*3/2)*1.25)",
						"-4*(math.sin(q.anim_time*90*3)*1.5)+4*(math.sin(q.anim_time*90*3/2)*1.25)",
						"-4*(math.sin(q.anim_time*90*3)*1.5)+4*(math.sin(q.anim_time*90*3/2)*1.25)"
					]
				},
				"brim_right_lower2": {
					"rotation": [
						"-4*(math.sin(q.anim_time*90*3-30)*1.5)+4*(math.sin(q.anim_time*90*3/2-30)*1.25)",
						"-4*(math.sin(q.anim_time*90*3-30)*1.5)+4*(math.sin(q.anim_time*90*3/2-30)*1.25)",
						"-4*(math.sin(q.anim_time*90*3-30)*1.5)+4*(math.sin(q.anim_time*90*3/2-30)*1.25)"
					]
				},
				"brim_right_middle": {
					"rotation": [
						"4*(math.sin(q.anim_time*90*3)*1.5)+4*(math.sin(q.anim_time*90*3/2)*1.25)",
						"4*(math.sin(q.anim_time*90*3)*1.5)+4*(math.sin(q.anim_time*90*3/2)*1.25)",
						"4*(math.sin(q.anim_time*90*3)*1.5)+4*(math.sin(q.anim_time*90*3/2)*1.25)"
					]
				},
				"brim_right_middle2": {
					"rotation": [
						"4*(math.sin(q.anim_time*90*3-30)*1.5)+4*(math.sin(q.anim_time*90*3/2-30)*1.25)",
						"4*(math.sin(q.anim_time*90*3-30)*1.5)+4*(math.sin(q.anim_time*90*3/2-30)*1.25)",
						"4*(math.sin(q.anim_time*90*3-30)*1.5)+4*(math.sin(q.anim_time*90*3/2-30)*1.25)"
					]
				},
				"arm_right": {
					"rotation": [
						0,
						"-7.5-4*(math.sin(q.anim_time*90*1)*0.5)+4*(math.sin(q.anim_time*90*1/2)*0.25)",
						"7.5+4*(math.sin(q.anim_time*90*1)*1.5)-4*(math.sin(q.anim_time*90*1/2)*1.25)"
					]
				},
				"arm_right2": {
					"rotation": [
						0,
						"-7.5-4*(math.sin(q.anim_time*90*3-30)*0.5)+4*(math.sin(q.anim_time*90*1/2-30)*0.25)",
						"4*(math.sin(q.anim_time*90*3-30)*1.5)-4*(math.sin(q.anim_time*90*1/2-30)*1.25)"
					]
				},
				"arm_right3": {
					"rotation": [
						0,
						"-10-4*(math.sin(q.anim_time*90*1-60)*0.5)+4*(math.sin(q.anim_time*90*1/2-60)*0.25)",
						"4*(math.sin(q.anim_time*90*1-60)*1.5)-4*(math.sin(q.anim_time*90*1/2-60)*1.25)"
					]
				},
				"arm_right4": {
					"rotation": [
						0,
						"-4*(math.sin(q.anim_time*90*1-90)*0.5)+4*(math.sin(q.anim_time*90*1/2-90)*0.25)",
						"-4*(math.sin(q.anim_time*90*1-90)*1.5)-4*(math.sin(q.anim_time*90*1/2-90)*1.25)"
					]
				},
				"arm_left": {
					"rotation": [
						0.6574,
						"7.4713-4*(math.sin(q.anim_time*90*1)*0.5)+4*(math.sin(q.anim_time*90*1/2)*0.25)",
						"-2.4571-4*(math.sin(q.anim_time*90*1)*1.5)+4*(math.sin(q.anim_time*90*1/2)*1.25)"
					]
				},
				"arm_left2": {
					"rotation": [
						0,
						"7.5-4*(math.sin(q.anim_time*90*1-30)*0.5)+4*(math.sin(q.anim_time*90*1/2-30)*0.25)",
						"-4*(math.sin(q.anim_time*90*1-30)*1.5)+4*(math.sin(q.anim_time*90*1/2-30)*1.25)"
					]
				},
				"arm_left3": {
					"rotation": [
						0,
						"10-4*(math.sin(q.anim_time*90*1-60)*0.5)+4*(math.sin(q.anim_time*90*1/2-60)*0.25)",
						"-4*(math.sin(q.anim_time*90*1-60)*1.5)+4*(math.sin(q.anim_time*90*1/2-60)*1.25)"
					]
				},
				"arm_left4": {
					"rotation": [
						0,
						"-4*(math.sin(q.anim_time*90*1-90)*0.5)+4*(math.sin(q.anim_time*90*1/2-90)*0.25)",
						"4*(math.sin(q.anim_time*90*1-90)*1.5)+4*(math.sin(q.anim_time*90*1/2-90)*1.25)"
					]
				},
				"appirition_right_lower2": {
					"rotation": ["2.5-4*(math.sin(q.anim_time*90*3-60+240)*0.5)+4*(math.sin(q.anim_time*90*3/2-60+240)*0.25)", 0, 0]
				},
				"appirition_right_lower3": {
					"rotation": ["-4*(math.sin(q.anim_time*90*3-90+240)*0.5)+4*(math.sin(q.anim_time*90*3/2-90+240)*0.25)", 0, 0]
				},
				"appirition_right_lower4": {
					"rotation": ["-4*(math.sin(q.anim_time*90*3-120+240)*0.5)+4*(math.sin(q.anim_time*90*3/2-120+240)*0.25)", 0, 0]
				},
				"appirition_right_lower5": {
					"rotation": ["-4*(math.sin(q.anim_time*90*3-150+240)*0.5)+4*(math.sin(q.anim_time*90*3/2-150+240)*0.25)", 0, 0]
				},
				"appirition_right_middle2": {
					"rotation": ["2.5-4*(math.sin(q.anim_time*90*3-60+300)*0.5)+4*(math.sin(q.anim_time*90*3/2-60+300)*0.25)", 0, 0]
				},
				"appirition_right_middle3": {
					"rotation": ["-4*(math.sin(q.anim_time*90*3-90+300)*0.5)+4*(math.sin(q.anim_time*90*3/2-90+300)*0.25)", 0, 0]
				},
				"appirition_right_middle4": {
					"rotation": ["-4*(math.sin(q.anim_time*90*3-120+300)*0.5)+4*(math.sin(q.anim_time*90*3/2-120+300)*0.25)", 0, 0]
				},
				"appirition_right_middle5": {
					"rotation": ["-4*(math.sin(q.anim_time*90*3-150+300)*0.5)+4*(math.sin(q.anim_time*90*3/2-150+300)*0.25)", 0, 0]
				},
				"appirition_left_lower2": {
					"rotation": ["2.5-4*(math.sin(q.anim_time*90*3-60+180)*0.5)+4*(math.sin(q.anim_time*90*3/2-60+180)*0.25)", 0, 0]
				},
				"appirition_left_lower3": {
					"rotation": ["-4*(math.sin(q.anim_time*90*3-90+180)*0.5)+4*(math.sin(q.anim_time*90*3/2-90+180)*0.25)", 0, 0]
				},
				"appirition_left_lower4": {
					"rotation": ["-4*(math.sin(q.anim_time*90*3-120+180)*0.5)+4*(math.sin(q.anim_time*90*3/2-120+180)*0.25)", 0, 0]
				},
				"appirition_left_lower5": {
					"rotation": ["-4*(math.sin(q.anim_time*90*3-150+180)*0.5)+4*(math.sin(q.anim_time*90*3/2-150+180)*0.25)", 0, 0]
				},
				"appirition_left_middle2": {
					"rotation": ["2.5-4*(math.sin(q.anim_time*90*3-60+120)*0.5)+4*(math.sin(q.anim_time*90*3/2-60+120)*0.25)", 0, 0]
				},
				"appirition_left_middle3": {
					"rotation": ["-4*(math.sin(q.anim_time*90*3-90+120)*0.5)+4*(math.sin(q.anim_time*90*3/2-90+120)*0.25)", 0, 0]
				},
				"appirition_left_middle4": {
					"rotation": ["-4*(math.sin(q.anim_time*90*3-120+120)*0.5)+4*(math.sin(q.anim_time*90*3/2-120+120)*0.25)", 0, 0]
				},
				"appirition_left_middle5": {
					"rotation": ["-4*(math.sin(q.anim_time*90*3-150+120)*0.5)+4*(math.sin(q.anim_time*90*3/2-150+120)*0.25)", 0, 0]
				},
				"appirition_right_upper2": {
					"rotation": ["2.5-4*(math.sin(q.anim_time*90*3-60)*0.5)+4*(math.sin(q.anim_time*90*3/2-60)*0.25)", 0, 0]
				},
				"appirition_right_upper3": {
					"rotation": ["-4*(math.sin(q.anim_time*90*3-90)*0.5)+4*(math.sin(q.anim_time*90*3/2-90)*0.25)", 0, 0]
				},
				"appirition_right_upper4": {
					"rotation": ["-4*(math.sin(q.anim_time*90*3-120)*0.5)+4*(math.sin(q.anim_time*90*3/2-120)*0.25)", 0, 0]
				},
				"appirition_right_upper5": {
					"rotation": ["-4*(math.sin(q.anim_time*90*3-150)*0.5)+4*(math.sin(q.anim_time*90*3/2-150)*0.25)", 0, 0]
				},
				"appirition_left_upper2": {
					"rotation": ["2.5-4*(math.sin(q.anim_time*90*3-60+60)*0.5)+4*(math.sin(q.anim_time*90*3/2-60+60)*0.25)", 0, 0]
				},
				"appirition_left_upper3": {
					"rotation": ["-4*(math.sin(q.anim_time*90*3-90+60)*0.5)+4*(math.sin(q.anim_time*90*3/2-90+60)*0.25)", 0, 0]
				},
				"appirition_left_upper4": {
					"rotation": ["-4*(math.sin(q.anim_time*90*3-120+60)*0.5)+4*(math.sin(q.anim_time*90*3/2-120+60)*0.25)", 0, 0]
				},
				"appirition_left_upper5": {
					"rotation": ["-4*(math.sin(q.anim_time*90*3-150+60)*0.5)+4*(math.sin(q.anim_time*90*3/2-150+60)*0.25)", 0, 0]
				}
			}
		}
	}
}