{
  "implemented": true,
  "name": "cariolus",
  "nationalPokedexNumber": 5000,
  "primaryType":"Fairy",
  "secondaryType":"Fighting",
  "abilities": [
    "ToughClaws",
    "h:PurePower"
  ],
  "drops": {
    "amount": 2,
    "entries": [
      {
        "item": "cobblemon:muscle_band",
        "percentage": 10.0
      },
      {
        "item": "cobblemon:payapa_berry",
        "percentage": 10.0
      }
    ]
  },
  "baseStats": {
    "hp": 110,
    "attack": 150,
    "defence": 100,
    "special_attack": 30,
    "special_defence": 100,
    "speed": 170
  },
  "catchRate": 45,
  "maleRatio": 0.5,
  "baseExperienceYield": 268,
  "baseFriendship": 50,
  "evYield": {
    "hp": 0,
    "attack": 3,
    "defence": 0,
    "special_attack": 0,
    "special_defence": 0,
    "speed": 0
  },
  "experienceGroup": "medium_fast",
  "eggCycles": 20,
  "eggGroups": [
      "field",
      "human_like"
  ],
  "behaviour": {
    "resting": {
      "canSleep": true,
      "willSleepOnBed": false,
      "depth": "normal",
      "light": "0-4"
    },
    "moving": {
      "walk": {
        "walkSpeed": 0.22
      }
    }
  },
  "moves": [
"1:dragonclaw ",
"1:blazekick",
"1:brutalswing",
"1:ragefist",
"1:breakingswipe",
"1:wickedblow",
"1:spiritbreak",
"14:revenge",
"18:suckerpunch",
"20:poweruppunch",
"22:meteormash",
"26:stompingtantrum",
"31:nightslash",
"37:psychocut",
"43:crunch",
"45:xscissor",
"49:extremespeed",
"50:closecombat",
"56:playrough",
"59:boltbeak",
"62:bitterblade",
"65:direclaw",
"67:kowtowcleave",
"72:lastrespects",
"78:headlongrush",
"80:smartstrike",
"82:lunarblessing",
"tm:aerialace",
"tm:agility",
"tm:attract",
"tm:aurasphere",
"tm:blazekick",
"tm:bodyslam",
"tm:brickbreak",
"tm:bulkup",
"tm:bulldoze",
"tm:calmmind",
"tm:captivate",
"tm:closecombat",
"tm:confide",
"tm:crunch",
"tm:darkpulse",
"tm:dig",
"tm:doubleteam",
"tm:dragonpulse",
"tm:drainpunch",
"tm:earthquake",
"tm:endure",
"tm:facade",
"tm:flashcannon",
"tm:fling",
"tm:focusblast",
"tm:focusenergy",
"tm:frustration",
"tm:gigaimpact",
"tm:helpinghand",
"tm:hiddenpower",
"tm:honeclaws",
"tm:hyperbeam",
"tm:icepunch",
"tm:irondefense",
"tm:irontail",
"tm:lowkick",
"tm:lowsweep",
"tm:megakick",
"tm:megapunch",
"tm:metalclaw",
"tm:metronome",
"tm:nastyplot",
"tm:naturalgift",
"tm:payback",
"tm:poisonjab",
"tm:protect",
"tm:psychic",
"tm:raindance",
"tm:rest",
"tm:retaliate",
"tm:return",
"tm:revenge",
"tm:reversal",
"tm:roar",
"tm:rockclimb",
"tm:rockslide",
"tm:rocktomb",
"tm:round",
"tm:scaryface",
"tm:secretpower",
"tm:shadowball",
"tm:shadowclaw",
"tm:sleeptalk",
"tm:snore",
"tm:steelbeam",
"tm:stoneedge",
"tm:strength",
"tm:substitute",
"tm:sunnyday",
"tm:swagger",
"tm:swift",
"tm:swordsdance",
"tm:takedown",
"tm:terablast",
"tm:thunderpunch",
"tm:toxic",
"tm:trailblaze",
"tm:waterpulse",
"tm:zenheadbutt",
"tutor:bulletpunch",
"tutor:coaching",
"tutor:dualchop",
"tutor:focuspunch",
"tutor:furycutter",
"tutor:headbutt",
"tutor:highjumpkick",
"tutor:magnetrise",
"tutor:mudslap",
"tutor:roleplay",
"tutor:terrainpulse"
  ],
  "labels": [
    "custom"
  ],
  "aspects": [],
  "height": 12,
  "weight": 560,
  "preEvolution": "lucario",
  "evolutions": [],
  "baseScale": 1.2,
  "hitbox": {
    "width": 0.8,
    "height": 2,
    "fixed": false
  },
  "cannotDynamax": false,
  "pokedex": [
    "cobblemon.species.cariolus.desc"
  ]
}