{
  "implemented": true,
  "name": "cariolus",
  "nationalPokedexNumber": 9999,
  "primaryType": "fighting",
  "secondaryType": "steel",
  "abilities": [
    "steadfast",
    "innerfocus",
    "h:justified"
  ],
  "drops": {
    "amount": 2,
    "entries": [
      {
        "item": "cobblemon:muscle_band",
        "percentage": 10.0
      },
      {
        "item": "cobblemon:payapa_berry",
        "percentage": 10.0
      }
    ]
  },
  "baseStats": {
    "hp": 70,
    "attack": 110,
    "defence": 70,
    "special_attack": 115,
    "special_defence": 70,
    "speed": 90
  },
  "catchRate": 45,
  "maleRatio": 0.5,
  "baseExperienceYield": 268,
  "baseFriendship": 50,
  "evYield": {
    "hp": 0,
    "attack": 3,
    "defence": 0,
    "special_attack": 0,
    "special_defence": 0,
    "speed": 0
  },
  "experienceGroup": "medium_fast",
  "eggCycles": 20,
  "eggGroups": [
      "field",
      "human_like"
  ],
  "behaviour": {
    "resting": {
      "canSleep": true,
      "willSleepOnBed": false,
      "depth": "normal",
      "light": "0-4"
    },
    "moving": {
      "walk": {
        "walkSpeed": 0.22
      }
    }
  },
  "moves": [
    "1:copycat",
    "1:detect",
    "1:feint",
    "1:finalgambit",
    "1:foresight",
    "1:helpinghand",
    "1:lifedew",
    "1:metalclaw",
    "1:quickattack",
    "1:reversal",
    "1:rocksmash",
    "1:screech",
    "1:vacuumwave",
    "12:counter",
    "16:laserfocus",
    "16:workup",
    "20:forcepalm",
    "20:poweruppunch",
    "24:calmmind",
    "28:metalsound",
    "32:quickguard",
    "36:bonerush",
    "37:mefirst",
    "40:swordsdance",
    "44:healpulse",
    "48:meteormash",
    "52:dragonpulse",
    "56:extremespeed",
    "60:closecombat",
    "tm:aerialace",
    "tm:agility",
    "tm:attract",
    "tm:aurasphere",
    "tm:blazekick",
    "tm:bodyslam",
    "tm:brickbreak",
    "tm:bulkup",
    "tm:bulldoze",
    "tm:calmmind",
    "tm:captivate",
    "tm:closecombat",
    "tm:confide",
    "tm:crunch",
    "tm:darkpulse",
    "tm:dig",
    "tm:doubleteam",
    "tm:dragonpulse",
    "tm:drainpunch",
    "tm:earthquake",
    "tm:endure",
    "tm:facade",
    "tm:flashcannon",
    "tm:fling",
    "tm:focusblast",
    "tm:focusenergy",
    "tm:frustration",
    "tm:gigaimpact",
    "tm:helpinghand",
    "tm:hiddenpower",
    "tm:honeclaws",
    "tm:hyperbeam",
    "tm:icepunch",
    "tm:irondefense",
    "tm:irontail",
    "tm:lowkick",
    "tm:lowsweep",
    "tm:megakick",
    "tm:megapunch",
    "tm:metalclaw",
    "tm:metronome",
    "tm:nastyplot",
    "tm:naturalgift",
    "tm:payback",
    "tm:poisonjab",
    "tm:protect",
    "tm:psychic",
    "tm:raindance",
    "tm:rest",
    "tm:retaliate",
    "tm:return",
    "tm:revenge",
    "tm:reversal",
    "tm:roar",
    "tm:rockclimb",
    "tm:rockslide",
    "tm:rocktomb",
    "tm:round",
    "tm:scaryface",
    "tm:secretpower",
    "tm:shadowball",
    "tm:shadowclaw",
    "tm:sleeptalk",
    "tm:snore",
    "tm:steelbeam",
    "tm:stoneedge",
    "tm:strength",
    "tm:substitute",
    "tm:sunnyday",
    "tm:swagger",
    "tm:swift",
    "tm:swordsdance",
    "tm:takedown",
    "tm:terablast",
    "tm:thunderpunch",
    "tm:toxic",
    "tm:trailblaze",
    "tm:waterpulse",
    "tm:zenheadbutt",
    "tutor:bulletpunch",
    "tutor:coaching",
    "tutor:dualchop",
    "tutor:focuspunch",
    "tutor:furycutter",
    "tutor:headbutt",
    "tutor:highjumpkick",
    "tutor:magnetrise",
    "tutor:mudslap",
    "tutor:roleplay",
    "tutor:terrainpulse"
  ],
  "labels": [
    "gen4"
  ],
  "aspects": [],
  "height": 12,
  "weight": 560,
  "preEvolution": "lucario",
  "evolutions": [],
  "baseScale": 1.0,
  "hitbox": {
    "width": 0.8,
    "height": 1.2,
    "fixed": false
  },
  "cannotDynamax": false,
  "pokedex": [
    "cobblemon.species.chalcumbra.desc"
  ]
}