{
  "name": "irontorpedo",
  "nationalPokedexNumber": 3057,
  "primaryType": "water",
  "secondaryType": "Steel",
  "abilities": [
    "QuarkDrive"
  ],
  "baseStats": {
    "hp": 65,
    "attack": 130,
    "defence": 60,
    "special_attack": 130,
    "special_defence": 65,
    "speed": 120
  },
  "catchRate": 10,
  "maleRatio": -1,
  "baseExperienceYield": 295,
  "baseFriendship": 0,
  "evYield": {
    "hp": 0,
    "attack": 3,
    "defence": 0,
    "special_attack": 0,
    "special_defence": 0,
    "speed": 0
  },
  "experienceGroup": "slow",
  "eggCycles": 50,
  "eggGroups": [
    "undiscovered"
  ],
  "moves": [
    "1:aquajet",
    "1:bite",
    "1:furyattack",
    "1:peck",
    "1:throatchop",
    "18:agility",
    "24:dive",
    "32:focusenergy",
    "32:laserfocus",
    "40:crunch",
    "48:liquidation",
    "56:doubleedge",
    "100:agility",
    "100:assurance",
    "100:attract",
    "100:blizzard",
    "100:bounce",
    "100:brickbreak",
    "100:chillingwater",
    "100:closecombat",
    "100:crunch",
    "100:dive",
    "100:drillrun",
    "100:endure",
    "100:facade",
    "100:focusenergy",
    "100:gigaimpact",
    "100:hydropump",
    "100:hyperbeam",
    "100:icebeam",
    "100:icefang",
    "100:liquidation",
    "100:poisonjab",
    "100:protect",
    "100:psychicfangs",
    "100:raindance",
    "100:rest",
    "100:round",
    "100:scald",
    "100:IronTail",
    "100:scaryface",
    "100:sleeptalk",
    "100:snore",
    "100:IronHead",
    "100:TeraBlast",
    "100:substitute",
    "100:surf",
    "100:swift",
    "100:takedown",
    "100:terablast",
    "100:throatchop",
    "100:waterfall",
    "100:waterpulse",
    "100:whirlpool",
    "100:flipturn",
    "100:scaleshot"
  ],
  "labels": [
    "Paradox"
  ],
  "pokedex": [
    "cobblemon.species.barraskewda.desc"
  ],
  "baseFriendship": 50,
  "evYield": {
    "hp": 0,
    "attack": 0,
    "defence": 0,
    "special_attack": 0,
    "special_defence": 0,
    "speed": 3
  },
  "height": 13,
  "weight": 300,
  "aspects": [],
  "cannotDynamax": false
}