{
  "implemented": true,
  "name": "medutox",
  "nationalPokedexNumber": 6666,
  "primaryType": "water",
  "secondaryType": "Poison",
  "abilities": [
    "Torrent",
    "h:LightningRod"
  ],
  "drops": {
    "amount": 2,
    "entries": [
      {
        "item": "minecraft:glwo_ink_sac",
        "percentage": 5.0
      },
      {
        "item": "cobblemon:prism_scale",
        "percentage": 3.0
      }
    ]
  },
  "baseStats": {
    "hp": 65,
    "attack": 65,
    "defence": 65,
    "special_attack": 50,
    "special_defence": 50,
    "speed": 90
  },
  "behaviour": {
    "moving": {
      "swim": {
        "canSwimInWater": true,
        "canBreatheUnderwater": true
      }
    }
  },
  "catchRate": 45,
  "maleRatio": 0.875,
  "shoulderMountable": false,
  "baseExperienceYield": 61,
  "experienceGroup": "medium_slow",
  "eggCycles": 20,
  "eggGroups": [
    "water_1"
  ],
 "moves": [
    "1:WaterGun",
    "1:TailWhip",
    "1:WaterSpout",
    "1:Mist",
    "1:Tackle",
    "5:AquaJet",
    "8:BubbleBeam",
    "11:IronHead",
    "15:FlipTurn",
    "20:WaterSport",
    "25:PoisonFang",
    "30:TakeDown",
    "35:Surf",
    "39:ThunderWave",
    "42:Liquidation",
    "egg:DragonDance",
    "egg:Outrage",
    "egg:ScaleShot",
    "egg:Venoshock",
    "tm:GunkShot",
    "tm:TeraBlast",
    "tm:Waterfall",
    "tm:Dive",
    "tm:Rest",
    "tm:SleepTalk",
    "tm:HydroPump",
    "tm:Thunder",
    "tm:GigaImpact",
    "tm:IceBeam",
    "tm:ThunderFang",
    "tm:FakeTears",
    "tm:Crunch",
    "tm:Snowscape",
    "tm:IcyWind",
    "tm:Endure",
    "tm:Charm",
    "tm:BodySlam",
    "tm:SmartStrike",
    "tm:Encore",
    "tm:Uproar",
    "tm:IcicleSpear",
    "tm:IceSpinner",
    "tm:MuddyWater"
  ],
  "labels": [
    "custom"
  ],
  "pokedex": [
    "cobblemon.species.medutox.desc"
  ],
  "evolutions": [
    {
      "id": "medutox_abyssringe",
      "variant": "level_up",
      "result": "abyssringe",
      "consumeHeldItem": false,
      "learnableMoves": [],
      "requirements": [
        {
          "variant": "level",
          "minLevel": 36
        }
      ]
    }
  ],
  "baseScale": 0.9,
  "hitbox": {
    "width": 1,
    "height": 1.9,
    "fixed": false
  },
  "baseFriendship": 50,
  "evYield": {
    "hp": 0,
    "attack": 0,
    "defence": 0,
    "special_attack": 0,
    "special_defence": 0,
    "speed": 2
  },
  "height": 10,
  "weight": 200,
  "aspects": [],
  "cannotDynamax": false
}