{
  "name": "snijumrat",
  "nationalPokedexNumber": 3024,
  "primaryType": "Electric",
  "secondaryType": "Ground",
  "abilities": [
    "RunAway",
    "h:Unaware"
  ],
  "baseStats": {
    "hp": 45,
    "attack": 40,
    "defence": 60,
    "special_attack": 70,
    "special_defence": 65,
    "speed": 120
  },
  "catchRate": 3,
  "maleRatio": 1,
  "baseExperienceYield": 0,
  "baseFriendship": 50,
  "evYield": {
    "hp": 0,
    "attack": 0,
    "defence": 0,
    "special_attack": 3,
    "special_defence": 0,
    "speed": 0
  },
  "experienceGroup": "slow",
  "eggCycles": 50,
  "eggGroups": [
    "Field"
  ],
  "moves": [
    "1:ThunderShock",
    "1:Tackle",
   "1:SandAttack",
    "1:Cry",
    "5:Screech",
    "10:Dig",
    "15:Metronome",
    "17:Charge",
    "17:Electroweb",
    "20:MudShot",
    "23:Swift",
    "28:ThunderWave",
    "35:Spikes",
    "tm:Thunderbolt",
    "tm:VoltSwitch",
    "tm:Substitute",
    "tm:SandTomb",
    "tm:TailWhip",
    "tm:Minimize",
    "tm:DefenseCurl",
    "tm:Bide",
    "tm:Bite",
    "tm:HoneClaws",
    "tm:StealthRock",
    "tm:Moonblast",
    "egg:Earthquake",
    "egg:Bounce"
  ],
  "labels": [
    "custom"
  ],
  "baseScale": 0.5,
  "hitbox": {
    "width": 1.2,
    "height": 1.6,
    "fixed": false
  },
  "aspects": [],
  "height": 7,
  "weight": 202,
  "evolutions": [],
  "cannotDynamax": false
}