{
	"implemented": true,
	"name": "mewtwokq",
	"nationalPokedexNumber": 150,
	"labels": [ "custom" ],
	"primaryType": "psychic",
	"secondaryType": "dark",
	"abilities": [
		"aftermath"
	],
	"baseStats": {
		"hp": 100,
		"attack": 150,
		"defence": 74,
		"special_attack": 150,
		"special_defence": 66,
		"speed": 140
	},
	"catchRate": 3,
	"maleRatio": 1,
	"shoulderMountable": false,
	"forms": [],
	"baseExperienceYield": 306,
	"experienceGroup": "slow",
	"eggCycles": 25,
	"eggGroups": [
		"undiscovered"
	],
	"behaviour": {
		"moving": {
			"canLook": true
		},
  		  "fly": {
  		    "canFly": true
  		  }, 
		"swim": {
			"swimSpeed": 0.8,
			"canSwimInWater": true,
			"canBreatheUnderwater": false
		}
	},
	
	"moves": [
		"1:disable",
		"1:bubble",
		"1:confusion",
		"1:pursuit",
		"3:screech",
		"5:bubblebeam",
		"6:assurance",
		"8:ancientpower",
		"11:crunch",
		"14:faketears",
		"16:psychocut",
		"17:nightslash",
		"18:darkpulse",
		"20:selfdestruct",
		"24:honeclaws",
		"25:foulplay",
		"28:suckerpunch",
		"30:nastyplot",
		"32:amnesia",
		"33:calmmind",
		"37:hydrocannon",
		"40:closecombat",
		"43:explosion",
		"48:knockoff",
		"50:mistyexplosion",
		"50:psychic",
		"54:gravity",
		"60:aeroblast",
		"64:mist",
		"69:mirrorcoat",
		"72:psystrike",
		"80:recover",
		"85:substitute",
		"88:futuresight",
		"90:uturn",
		"100:roaroftime",
		"tm:firepunch",
		"tm:icepunch",
		"tm:thunderpunch",
		"tm:outrage",
		"tm:psychic",
		"tm:splash",
		"tm:thief",
		"tm:substitute",
		"tm:trick",
		"tm:willowisp",
		"tm:energyball",
		"tm:earthquake",
		"tm:calmmind",
		"tm:rest"
	],
	"baseScale": 1,
	"hitbox": {
		"width": 1.0,
		"height": 2.0,
		"fixed": false
	},
	"baseFriendship": 0,
	"evYield": {
		"special_attack": 3
	},
	"height": 7,
	"weight": 220



}