{
	"format_version": "1.12.0",
	"minecraft:geometry": [
		{
			"description": {
				"identifier": "geometry.shamrour",
				"texture_width": 128,
				"texture_height": 128,
				"visible_bounds_width": 4,
				"visible_bounds_height": 3.5,
				"visible_bounds_offset": [0, 1.25, 0]
			},
			"bones": [
				{
					"name": "shamrour",
					"pivot": [0, 0, 0]
				},
				{
					"name": "bone",
					"parent": "shamrour",
					"pivot": [0, 5.4, -0.8],
					"cubes": [
						{"origin": [-2, 12, -1.5], "size": [4, 8, 4], "uv": [78, 14]},
						{"origin": [-3, 5, -2.5], "size": [6, 7, 6], "uv": [48, 2]},
						{"origin": [-1, 6, -3.5], "size": [2, 3, 1], "uv": [100, 20]},
						{"origin": [3, 6, -2], "size": [1, 3, 2], "uv": [98, 10]},
						{"origin": [-4, 6, -2], "size": [1, 3, 2], "uv": [98, 10], "mirror": true}
					]
				},
				{
					"name": "arm",
					"parent": "bone",
					"pivot": [2, 16, 0],
					"rotation": [0, 0, 42.5],
					"cubes": [
						{"origin": [1, 15, -1], "size": [8, 2, 2], "uv": [15, 65]},
						{"origin": [8, 14, -2], "size": [5, 4, 4], "uv": [48, 64]},
						{"origin": [11, 15, -3], "size": [3, 2, 2], "uv": [77, 69]},
						{"origin": [11, 15, 1], "size": [3, 2, 2], "uv": [77, 69]},
						{"origin": [11, 17.5, -1], "size": [3, 2, 2], "uv": [77, 69]}
					]
				},
				{
					"name": "arm2",
					"parent": "bone",
					"pivot": [-2, 16, 0],
					"rotation": [0, 0, -42.5],
					"cubes": [
						{"origin": [-13, 14, -2], "size": [5, 4, 4], "uv": [48, 64], "mirror": true},
						{"origin": [-14, 17.5, -1], "size": [3, 2, 2], "uv": [77, 69], "mirror": true},
						{"origin": [-14, 15, -3], "size": [3, 2, 2], "uv": [77, 69], "mirror": true},
						{"origin": [-14, 15, 1], "size": [3, 2, 2], "uv": [77, 69], "mirror": true},
						{"origin": [-9, 15, -1], "size": [8, 2, 2], "uv": [15, 65], "mirror": true}
					]
				},
				{
					"name": "head",
					"parent": "bone",
					"pivot": [0, 20.25, 0.505],
					"cubes": [
						{"origin": [-4.5, 20, -3.5], "size": [9, 9, 8], "uv": [0, 0]},
						{"origin": [-16.5, 7, 4.51], "size": [33, 33, 0], "uv": [5, 25]}
					]
				},
				{
					"name": "leg",
					"parent": "shamrour",
					"pivot": [-1.5, 4, 0],
					"cubes": [
						{"origin": [-2.5, 0, -1], "size": [2, 6, 2], "uv": [88, 38]},
						{"origin": [-2.5, 0, -3], "size": [2, 2, 2], "uv": [88, 54]}
					]
				},
				{
					"name": "leg2",
					"parent": "shamrour",
					"pivot": [1.5, 4, 0],
					"cubes": [
						{"origin": [0.5, 0, -1], "size": [2, 6, 2], "uv": [88, 38], "mirror": true},
						{"origin": [0.5, 0, -3], "size": [2, 2, 2], "uv": [88, 54], "mirror": true}
					]
				}
			]
		}
	]
}