{
	"format_version": "1.8.0",
	"animations": {
		"animation.puada.ground_idle": {
			"loop": true,
			"animation_length": 4,
			"bones": {
				"head": {
					"rotation": {
						"0.0": [0, 0, 0],
						"1.0": [2.06312, 4.98093, -5.019],
						"2.0": [0, 0, 0],
						"3.0": [2.06312, -4.98093, 5.019],
						"4.0": [0, 0, 0]
					}
				},
				"bone": {
					"rotation": {
						"0.0": [0, 0, 0],
						"1.0": [-5, 0, 0],
						"2.0": [0, 0, 0],
						"3.0": [-5, 0, 0],
						"4.0": [0, 0, 0]
					}
				}
			}
		},
		"animation.puada.ground_walk": {
			"loop": true,
			"animation_length": 0.92,
			"bones": {
				"head": {
					"rotation": {
						"0.0": [0, 0, 0],
						"0.24": [4.56615, -5.39894, 4.56615],
						"0.48": [0, 0, 0],
						"0.72": [4.56615, 5.39894, -4.56615],
						"0.92": [0, 0, 0]
					}
				},
				"leg": {
					"rotation": {
						"0.0": [0, 0, 0],
						"0.24": [20, 0, 0],
						"0.48": [0, 0, 0],
						"0.72": [-20, 0, 0],
						"0.92": [0, 0, 0]
					}
				},
				"leg2": {
					"rotation": {
						"0.0": [0, 0, 0],
						"0.24": [20, 0, 0],
						"0.48": [0, 0, 0],
						"0.72": [-20, 0, 0],
						"0.92": [0, 0, 0]
					}
				},
				"leg3": {
					"rotation": {
						"0.0": [0, 0, 0],
						"0.24": [-20, 0, 0],
						"0.48": [0, 0, 0],
						"0.72": [20, 0, 0],
						"0.92": [0, 0, 0]
					}
				},
				"leg4": {
					"rotation": {
						"0.0": [0, 0, 0],
						"0.24": [-20, 0, 0],
						"0.48": [0, 0, 0],
						"0.72": [20, 0, 0],
						"0.92": [0, 0, 0]
					}
				}
			}
		}
	}
}