{
  "species": "cobblemon:minior",
  "order": 0,
  "variations": [
    {
      "aspects": ["meteor-form"],
      "poser": "cobblemon:minior",
      "model": "cobblemon:minior.geo",
      "texture": "cobblemon:textures/pokemon/0774_minior/minior.png",
      "layers": [
        {
          "name": "glow",
          "texture": "cobblemon:textures/pokemon/0774_minior/minior_emissive.png",
          "emissive": true
        }
      ]
    },
    {
      "aspects": ["shiny", "meteor-form"],
      "model": "cobblemon:minior_shiny.geo",
      "texture": "cobblemon:textures/pokemon/0774_minior/minior_shiny.png",
      "layers": [
        {
          "name": "glow",
          "texture": "cobblemon:textures/pokemon/0774_minior/minior_shiny.png",
          "emissive": true
        }
      ]
    },
    {
      "aspects": ["red-core", "core-form"],
      "model": "cobblemon:minior_red.geo",
      "texture": "cobblemon:textures/pokemon/0774_minior/minior_red.png",
      "layers": [
        {
          "name": "glow",
          "texture": "cobblemon:textures/pokemon/0774_minior/minior_red.png",
          "emissive": true
        }
      ]
    },
    {
      "aspects": ["shiny", "red-core", "core-form"],
      "model": "cobblemon:minior_shiny.geo",
      "texture": "cobblemon:textures/pokemon/0774_minior/minior_shiny.png",
      "layers": [
        {
          "name": "glow",
          "texture": "cobblemon:textures/pokemon/0774_minior/minior_shiny.png",
          "emissive": true
        }
      ]
    },
    {
      "aspects": ["orange-core", "core-form"],
      "model": "cobblemon:minior_orange.geo",
      "texture": "cobblemon:textures/pokemon/0774_minior/minior_orange.png",
      "layers": [
        {
          "name": "glow",
          "texture": "cobblemon:textures/pokemon/0774_minior/minior_orange.png",
          "emissive": true
        }
      ]
    },
    {
      "aspects": ["shiny", "orange-core", "core-form"],
      "model": "cobblemon:minior_shiny.geo",
      "texture": "cobblemon:textures/pokemon/0774_minior/minior_shiny.png",
      "layers": [
        {
          "name": "glow",
          "texture": "cobblemon:textures/pokemon/0774_minior/minior_shiny.png",
          "emissive": true
        }
      ]
    },
    {
      "aspects": ["yellow-core", "core-form"],
      "model": "cobblemon:minior_yellow.geo",
      "texture": "cobblemon:textures/pokemon/0774_minior/minior_yellow.png",
      "layers": [
        {
          "name": "glow",
          "texture": "cobblemon:textures/pokemon/0774_minior/minior_yellow.png",
          "emissive": true
        }
      ]
    },
    {
      "aspects": ["shiny", "yellow-core", "core-form"],
      "model": "cobblemon:minior_shiny.geo",
      "texture": "cobblemon:textures/pokemon/0774_minior/minior_shiny.png",
      "layers": [
        {
          "name": "glow",
          "texture": "cobblemon:textures/pokemon/0774_minior/minior_shiny.png",
          "emissive": true
        }
      ]
    },
    {
      "aspects": ["green-core", "core-form"],
      "model": "cobblemon:minior_green.geo",
      "texture": "cobblemon:textures/pokemon/0774_minior/minior_green.png",
      "layers": [
        {
          "name": "glow",
          "texture": "cobblemon:textures/pokemon/0774_minior/minior_green.png",
          "emissive": true
        }
      ]
    },
    {
      "aspects": ["shiny", "green-core", "core-form"],
      "model": "cobblemon:minior_shiny.geo",
      "texture": "cobblemon:textures/pokemon/0774_minior/minior_shiny.png",
      "layers": [
        {
          "name": "glow",
          "texture": "cobblemon:textures/pokemon/0774_minior/minior_shiny.png",
          "emissive": true
        }
      ]
    },
    {
      "aspects": ["blue-core", "core-form"],
      "model": "cobblemon:minior_blue.geo",
      "texture": "cobblemon:textures/pokemon/0774_minior/minior_blue.png",
      "layers": [
        {
          "name": "glow",
          "texture": "cobblemon:textures/pokemon/0774_minior/minior_blue.png",
          "emissive": true
        }
      ]
    },
    {
      "aspects": ["shiny", "blue-core", "core-form"],
      "model": "cobblemon:minior_shiny.geo",
      "texture": "cobblemon:textures/pokemon/0774_minior/minior_shiny.png",
      "layers": [
        {
          "name": "glow",
          "texture": "cobblemon:textures/pokemon/0774_minior/minior_shiny.png",
          "emissive": true
        }
      ]
    },
    {
      "aspects": ["indigo-core", "core-form"],
      "model": "cobblemon:minior_indigo.geo",
      "texture": "cobblemon:textures/pokemon/0774_minior/minior_indigo.png",
      "layers": [
        {
          "name": "glow",
          "texture": "cobblemon:textures/pokemon/0774_minior/minior_indigo.png",
          "emissive": true
        }
      ]
    },
    {
      "aspects": ["shiny", "indigo-core", "core-form"],
      "model": "cobblemon:minior_shiny.geo",
      "texture": "cobblemon:textures/pokemon/0774_minior/minior_shiny.png",
      "layers": [
        {
          "name": "glow",
          "texture": "cobblemon:textures/pokemon/0774_minior/minior_shiny.png",
          "emissive": true
        }
      ]
    },
    {
      "aspects": ["violet-core", "core-form"],
      "model": "cobblemon:minior_violet.geo",
      "texture": "cobblemon:textures/pokemon/0774_minior/minior_violet.png",
      "layers": [
        {
          "name": "glow",
          "texture": "cobblemon:textures/pokemon/0774_minior/minior_violet.png",
          "emissive": true
        }
      ]
    },
    {
      "aspects": ["shiny", "violet-core", "core-form"],
      "model": "cobblemon:minior_shiny.geo",
      "texture": "cobblemon:textures/pokemon/0774_minior/minior_shiny.png",
      "layers": [
        {
          "name": "glow",
          "texture": "cobblemon:textures/pokemon/0774_minior/minior_shiny.png",
          "emissive": true
        }
      ]
    }
  ]
}