{
	"format_version": "1.8.0",
	"animations": {
		"animation.amalgawn.ground_idle": {
			"loop": true,
			"animation_length": 2,
			"bones": {
				"amalgawn": {
					"position": [0, 1, 0]
				},
				"body": {
					"position": {
						"0.0": [0, 0, 0],
						"1.0": [0, 0.5, 0],
						"2.0": [0, 0, 0]
					}
				},
				"uppertorso": {
					"rotation": [10, 0, 0]
				},
				"head": {
					"rotation": {
						"0.0": [5, 0, 0],
						"1.0": [7.5, 0, 0],
						"2.0": [5, 0, 0]
					}
				},
				"whisker1": {
					"rotation": {
						"0.0": [0, 0, -40],
						"1.0": [0, 0, -45],
						"2.0": [0, 0, -40]
					}
				},
				"lowerwhisker": {
					"rotation": {
						"0.0": [0, 0, 20],
						"0.4583": [0, 0, 25],
						"1.5": [0, 0, 20]
					}
				},
				"whisker2": {
					"rotation": {
						"0.0": [0, 0, 40],
						"1.0": [0, 0, 45],
						"2.0": [0, 0, 40]
					}
				},
				"lowerwhisker2": {
					"rotation": {
						"0.0": [0, 0, -20],
						"0.5": [0, 0, -22.5],
						"1.5": [0, 0, -20]
					}
				},
				"upperarm1": {
					"rotation": [0, 0, 15]
				},
				"lowerarm1": {
					"rotation": [15, 60, 0]
				},
				"topclaw1": {
					"rotation": {
						"0.5": [0, 0, 0],
						"1.0": [0, 0, -20],
						"1.25": [0, 0, 0]
					}
				},
				"bottomclaw1": {
					"rotation": {
						"0.0": [0, 0, 0],
						"0.5": [0, 0, 0],
						"1.0": [0, 0, 20],
						"1.25": [0, 0, 0]
					}
				},
				"lowertorso": {
					"rotation": {
						"0.0": [10, 0, 0],
						"1.0": [5, 0, 0],
						"2.0": [10, 0, 0]
					}
				},
				"tail": {
					"rotation": {
						"0.0": [-12.5, 0, 0],
						"1.0": [-7.5, 0, 0],
						"2.0": [-12.5, 0, 0]
					}
				},
				"tailfin": {
					"rotation": {
						"0.0": [-20, 0, 0],
						"1.0": [-10, 0, 0],
						"2.0": [-20, 0, 0]
					}
				},
				"upperarm2": {
					"rotation": [0, 0, -15]
				},
				"lowerarm2": {
					"rotation": [15, -60, 0]
				},
				"topclaw2": {
					"rotation": {
						"0.0": [0, 0, 0],
						"0.5": [0, 0, 20],
						"0.75": [0, 0, 0]
					}
				},
				"bottomclaw2": {
					"rotation": {
						"0.0": [0, 0, 0],
						"0.5": [0, 0, -20],
						"0.75": [0, 0, 0]
					}
				}
			}
		},
		"animation.amalgawn.ground_walk": {
			"loop": true,
			"animation_length": 2,
			"bones": {
				"amalgawn": {
					"position": [0, 1, 0]
				},
				"body": {
					"rotation": {
						"0.0": [-5, 0, 0],
						"1.0": [-10, 0, 0],
						"2.0": [-5, 0, 0]
					},
					"position": {
						"0.0": [0, 0, 0],
						"1.0": [0, 0.5, 0],
						"2.0": [0, 0, 0]
					}
				},
				"uppertorso": {
					"rotation": [10, 0, 0]
				},
				"head": {
					"rotation": {
						"0.0": [-5, 0, 0],
						"1.0": [2.5, 0, 0],
						"2.0": [-5, 0, 0]
					}
				},
				"whisker1": {
					"rotation": {
						"0.0": [0, -25, -40],
						"1.0": [0, -35, -40],
						"2.0": [0, -25, -40]
					}
				},
				"lowerwhisker": {
					"rotation": {
						"0.0": [0, -40, 20],
						"0.5": [0, -35, 20],
						"1.5": [0, -40, 20],
						"2.0": [0, -40, 20]
					}
				},
				"whisker2": {
					"rotation": {
						"0.0": [0, 25, 40],
						"1.0": [0, 35, 40],
						"2.0": [0, 25, 40]
					}
				},
				"lowerwhisker2": {
					"rotation": {
						"0.0": [0, 40, -20],
						"0.5": [0, 35, -20],
						"1.5": [0, 40, -20],
						"2.0": [0, 40, -20]
					}
				},
				"upperarm1": {
					"rotation": [0, 0, 15]
				},
				"lowerarm1": {
					"rotation": [0, 80, 0]
				},
				"topclaw1": {
					"rotation": {
						"0.5": [0, 0, 0],
						"1.0": [0, 0, -20],
						"1.25": [0, 0, 0]
					}
				},
				"bottomclaw1": {
					"rotation": {
						"0.0": [0, 0, 0],
						"0.5": [0, 0, 0],
						"1.0": [0, 0, 20],
						"1.25": [0, 0, 0]
					}
				},
				"lowertorso": {
					"rotation": {
						"0.0": [-5, 0, 0],
						"1.0": [10, 0, 0],
						"2.0": [-5, 0, 0]
					}
				},
				"tail": {
					"rotation": {
						"0.0": [-17.5, 0, 0],
						"1.0": [0, 0, 0],
						"2.0": [-17.5, 0, 0]
					}
				},
				"tailfin": {
					"rotation": {
						"0.0": [25, 0, 0],
						"0.5": [-25, 0, 0],
						"1.5": [25, 0, 0]
					}
				},
				"upperarm2": {
					"rotation": [0, 0, -15]
				},
				"lowerarm2": {
					"rotation": [0, -80, 0]
				},
				"topclaw2": {
					"rotation": {
						"0.0": [0, 0, 0],
						"0.5": [0, 0, 20],
						"0.75": [0, 0, 0]
					}
				},
				"bottomclaw2": {
					"rotation": {
						"0.0": [0, 0, 0],
						"0.5": [0, 0, -20],
						"0.75": [0, 0, 0]
					}
				}
			}
		},
		"animation.amalgawn.sleep": {
			"animation_length": 4,
			"bones": {
				"body": {
					"position": {
						"0.0": [0, -3, 0],
						"4.0": [0, -3, 0]
					}
				},
				"uppertorso": {
					"scale": {
						"0.0": [1, 1, 1],
						"2.0": [1.0125, 1.015, 1],
						"4.0": [1, 1, 1]
					}
				},
				"head": {
					"rotation": {
						"0.0": [-5, 0, 5],
						"4.0": [-5, 0, 5]
					}
				},
				"whisker1": {
					"rotation": {
						"0.0": [0, 0, -30],
						"4.0": [0, 0, -30]
					}
				},
				"lowerwhisker": {
					"rotation": {
						"0.0": [-10.25103, -14.26008, 36.28567],
						"4.0": [-10.25103, -14.26008, 36.28567]
					}
				},
				"whisker2": {
					"rotation": {
						"0.0": [0.65063, 27.4929, -3.59083],
						"4.0": [0.65063, 27.4929, -3.59083]
					}
				},
				"lowerwhisker2": {
					"rotation": {
						"0.0": [0, 42.5, 0],
						"4.0": [0, 42.5, 0]
					}
				},
				"eyes": {
					"scale": {
						"0.0": [1, 0, 1],
						"4.0": [1, 0, 1]
					}
				},
				"upperarm1": {
					"rotation": {
						"0.0": [7.12284, 29.21893, 14.35885],
						"4.0": [7.12284, 29.21893, 14.35885]
					}
				},
				"lowerarm1": {
					"rotation": {
						"0.0": [0, 0, -15],
						"4.0": [0, 0, -15]
					}
				},
				"lowertorso": {
					"rotation": {
						"0.0": [-2.66546, 22.79389, -1.36193],
						"4.0": [-2.66546, 22.79389, -1.36193]
					}
				},
				"tail": {
					"rotation": {
						"0.0": [2.66022, 19.98015, 0.90956],
						"4.0": [2.66022, 19.98015, 0.90956]
					}
				},
				"tailfin": {
					"rotation": {
						"0.0": [-7.5, 0, 0],
						"4.0": [-7.5, 0, 0]
					}
				},
				"upperarm2": {
					"rotation": {
						"0.0": [25.50555, -67.73126, -27.27317],
						"4.0": [25.50555, -67.73126, -27.27317]
					}
				},
				"lowerarm2": {
					"rotation": {
						"0.0": [0, 0, 10],
						"4.0": [0, 0, 10]
					}
				},
				"claw2": {
					"rotation": {
						"0.0": [0, -42.5, 0],
						"4.0": [0, -42.5, 0]
					}
				}
			}
		},
		"animation.amalgawn.faint": {
			"loop": true,
			"animation_length": 3,
			"bones": {
				"amalgawn": {
					"position": [0, 1, 0]
				},
				"body": {
					"position": {
						"0.0": [0, 0, 0],
						"1.5": [0, 0.5, 0],
						"3.0": [0, 0, 0]
					}
				},
				"uppertorso": {
					"rotation": [10, 0, 0]
				},
				"head": {
					"rotation": {
						"0.0": [5, 0, 0],
						"1.5": [7.5, 0, 0],
						"3.0": [5, 0, 0]
					}
				},
				"whisker1": {
					"rotation": {
						"0.0": [0, 0, -40],
						"1.5": [0, 0, -45],
						"3.0": [0, 0, -40]
					}
				},
				"lowerwhisker": {
					"rotation": {
						"0.0": [0, 0, 20],
						"0.9583": [0, 0, 25],
						"2.5": [0, 0, 20]
					}
				},
				"whisker2": {
					"rotation": {
						"0.0": [0, 0, 40],
						"1.5": [0, 0, 45],
						"3.0": [0, 0, 40]
					}
				},
				"lowerwhisker2": {
					"rotation": {
						"0.0": [0, 0, -20],
						"1.0": [0, 0, -22.5],
						"2.5": [0, 0, -20]
					}
				},
				"upperarm1": {
					"rotation": [0, 0, 15]
				},
				"lowerarm1": {
					"rotation": [15, 60, 0]
				},
				"topclaw1": {
					"rotation": {
						"1.0": [0, 0, 0],
						"1.5": [0, 0, -20],
						"2.25": [0, 0, 0]
					}
				},
				"bottomclaw1": {
					"rotation": {
						"0.0": [0, 0, 0],
						"1.0": [0, 0, 0],
						"1.5": [0, 0, 20],
						"2.25": [0, 0, 0]
					}
				},
				"lowertorso": {
					"rotation": {
						"0.0": [10, 0, 0],
						"1.5": [5, 0, 0],
						"3.0": [10, 0, 0]
					}
				},
				"tail": {
					"rotation": {
						"0.0": [-12.5, 0, 0],
						"1.5": [-7.5, 0, 0],
						"3.0": [-12.5, 0, 0]
					}
				},
				"tailfin": {
					"rotation": {
						"0.0": [-20, 0, 0],
						"1.5": [-10, 0, 0],
						"3.0": [-20, 0, 0]
					}
				},
				"upperarm2": {
					"rotation": [0, 0, -15]
				},
				"lowerarm2": {
					"rotation": [15, -60, 0]
				},
				"topclaw2": {
					"rotation": {
						"0.0": [0, 0, 0],
						"1.0": [0, 0, 20],
						"1.25": [0, 0, 0]
					}
				},
				"bottomclaw2": {
					"rotation": {
						"0.0": [0, 0, 0],
						"1.0": [0, 0, -20],
						"1.25": [0, 0, 0]
					}
				}
			}
		}
	}
}