{
	"format_version": "1.12.0",
	"minecraft:geometry": [
		{
			"description": {
				"identifier": "geometry.sealost",
				"texture_width": 256,
				"texture_height": 256,
				"visible_bounds_width": 10,
				"visible_bounds_height": 4,
				"visible_bounds_offset": [0, 1, 0]
			},
			"bones": [
				{
					"name": "sealost",
					"pivot": [0, 0, 0]
				},
				{
					"name": "bone",
					"parent": "sealost",
					"pivot": [0, 13, -6],
					"rotation": [-35, 0, 0],
					"cubes": [
						{"origin": [-6, 2, -16], "size": [12, 13, 19], "uv": [0, 36]}
					]
				},
				{
					"name": "rightspine1",
					"parent": "bone",
					"pivot": [-4, 15, -6],
					"rotation": [0, 0, -42.5],
					"cubes": [
						{"origin": [-4, 15, -16], "size": [0, 6, 19], "uv": [86, 0]}
					]
				},
				{
					"name": "leftspine1",
					"parent": "bone",
					"pivot": [4, 15, -6],
					"rotation": [0, 0, 42.5],
					"cubes": [
						{"origin": [4, 15, -16], "size": [0, 6, 19], "uv": [83, 83]}
					]
				},
				{
					"name": "tailp1",
					"parent": "bone",
					"pivot": [0, 10, 1],
					"rotation": [35, 0, 0],
					"cubes": [
						{"origin": [-5, 3, -2], "size": [10, 11, 24], "uv": [0, 0]}
					]
				},
				{
					"name": "rightspine2",
					"parent": "tailp1",
					"pivot": [-4, 14, 13],
					"rotation": [0, 0, -42.5],
					"cubes": [
						{"origin": [-4, 14, 3], "size": [0, 4, 19], "uv": [88, 27]}
					]
				},
				{
					"name": "leftspine2",
					"parent": "tailp1",
					"pivot": [4, 14, 13],
					"rotation": [0, 0, 42.5],
					"cubes": [
						{"origin": [4, 14, 3], "size": [0, 4, 19], "uv": [87, 58]}
					]
				},
				{
					"name": "tailp2",
					"parent": "tailp1",
					"pivot": [0, 10, 21],
					"rotation": [-2.5, 0, 0],
					"cubes": [
						{"origin": [-4, 4, 18], "size": [8, 9, 21], "uv": [48, 15]}
					]
				},
				{
					"name": "leftspine3",
					"parent": "tailp2",
					"pivot": [3, 13, 31],
					"rotation": [0, 0, 42.5],
					"cubes": [
						{"origin": [3, 13, 21], "size": [0, 3, 19], "uv": [20, 100]}
					]
				},
				{
					"name": "rightspine3",
					"parent": "tailp2",
					"pivot": [-3, 13, 31],
					"rotation": [0, 0, -42.5],
					"cubes": [
						{"origin": [-3, 13, 21], "size": [0, 3, 19], "uv": [0, 96]}
					]
				},
				{
					"name": "tailp3",
					"parent": "tailp2",
					"pivot": [0, 10, 39],
					"rotation": [2.5, 0, 0],
					"cubes": [
						{"origin": [-3, 5, 36], "size": [6, 7, 21], "uv": [42, 48]}
					]
				},
				{
					"name": "rightspine4",
					"parent": "tailp3",
					"pivot": [-2, 12, 48],
					"rotation": [0, 0, -42.5],
					"cubes": [
						{"origin": [-2, 12, 38], "size": [0, 2, 19], "uv": [108, 7]}
					]
				},
				{
					"name": "leftspine4",
					"parent": "tailp3",
					"pivot": [2, 12, 48],
					"rotation": [0, 0, 42.5],
					"cubes": [
						{"origin": [2, 12, 38], "size": [0, 2, 19], "uv": [107, 51]}
					]
				},
				{
					"name": "tailp4",
					"parent": "tailp3",
					"pivot": [0, 10, 57],
					"cubes": [
						{"origin": [-2, 6, 54], "size": [4, 5, 21], "uv": [0, 69]}
					]
				},
				{
					"name": "rightspine5",
					"parent": "tailp4",
					"pivot": [-1, 11, 66],
					"rotation": [-5.08269, 5.52235, -42.74529],
					"cubes": [
						{"origin": [-1, 11, 56], "size": [0, 2, 19], "uv": [103, 90]}
					]
				},
				{
					"name": "leftspine5",
					"parent": "tailp4",
					"pivot": [1, 11, 66],
					"rotation": [-5.08269, -5.52235, 42.74529],
					"cubes": [
						{"origin": [1, 11, 56], "size": [0, 2, 19], "uv": [59, 102]}
					]
				},
				{
					"name": "tailp5",
					"parent": "tailp4",
					"pivot": [0, 9, 73],
					"cubes": [
						{"origin": [-3, 7, 72], "size": [4, 3, 12], "pivot": [0, 9, 73], "rotation": [0, -35, 0], "uv": [114, 73]},
						{"origin": [-1, 7, 72], "size": [4, 3, 12], "pivot": [0, 9, 73], "rotation": [0, 35, 0], "uv": [40, 102]}
					]
				},
				{
					"name": "rightarm",
					"parent": "bone",
					"pivot": [-6, 10, -13],
					"rotation": [30.02363, -2.16489, 21.2494],
					"cubes": [
						{"origin": [-7, -3, -14], "size": [5, 15, 7], "uv": [25, 123]}
					]
				},
				{
					"name": "rightarmp2",
					"parent": "rightarm",
					"pivot": [-4, -1, -13],
					"rotation": [5, 0, -22.5],
					"cubes": [
						{"origin": [-13, -4, -15], "size": [10, 5, 9], "uv": [108, 29]}
					]
				},
				{
					"name": "rightpaw",
					"parent": "rightarmp2",
					"pivot": [-13, -1, -10],
					"cubes": [
						{"origin": [-17, -4, -12], "size": [5, 4, 4], "uv": [0, 9]},
						{"origin": [-17, -4.05, -12], "size": [5, 0, 4], "uv": [116, 161]},
						{"origin": [-16, -4.05, -14.75], "size": [5, 0, 4], "uv": [116, 161]},
						{"origin": [-16, -4.05, -9.75], "size": [5, 0, 4], "uv": [116, 161]},
						{"origin": [-12, -4.05, -13], "size": [5, 0, 5], "uv": [113, 182]},
						{"origin": [-16, -4, -14.75], "size": [5, 3, 3], "uv": [75, 0]},
						{"origin": [-16, -4, -8.75], "size": [5, 3, 3], "uv": [0, 48]}
					]
				},
				{
					"name": "leftarm",
					"parent": "bone",
					"pivot": [6, 10, -13],
					"rotation": [30.02363, 2.16489, -21.2494],
					"cubes": [
						{"origin": [2, -3, -14], "size": [5, 15, 7], "uv": [25, 123], "mirror": true}
					]
				},
				{
					"name": "leftarmp2",
					"parent": "leftarm",
					"pivot": [4, -1, -13],
					"rotation": [5, 0, 22.5],
					"cubes": [
						{"origin": [3, -4, -15], "size": [10, 5, 9], "uv": [108, 29], "mirror": true}
					]
				},
				{
					"name": "leftpaw",
					"parent": "leftarmp2",
					"pivot": [13, -1, -10],
					"cubes": [
						{"origin": [12, -4, -12], "size": [5, 4, 4], "uv": [0, 9], "mirror": true},
						{"origin": [12, -4.05, -12], "size": [5, 0, 4], "uv": [116, 161], "mirror": true},
						{"origin": [11, -4.05, -14.75], "size": [5, 0, 4], "uv": [116, 161], "mirror": true},
						{"origin": [11, -4.05, -9.75], "size": [5, 0, 4], "uv": [116, 161], "mirror": true},
						{"origin": [7, -4.05, -13], "size": [5, 0, 5], "uv": [113, 182], "mirror": true},
						{"origin": [11, -4, -14.75], "size": [5, 3, 3], "uv": [75, 0], "mirror": true},
						{"origin": [11, -4, -8.75], "size": [5, 3, 3], "uv": [0, 48], "mirror": true}
					]
				},
				{
					"name": "neck",
					"parent": "bone",
					"pivot": [0, 8, -15],
					"rotation": [-32.5, 0, 0],
					"cubes": [
						{"origin": [-5, 4, -27], "size": [10, 9, 15], "uv": [51, 77]}
					]
				},
				{
					"name": "head",
					"parent": "neck",
					"pivot": [0, 6, -25],
					"rotation": [-20, 0, 0],
					"cubes": [
						{"origin": [-4.5, 2.5, -33], "size": [9, 9, 9], "uv": [98, 112]},
						{"origin": [-3.75, 2.45, -32.25], "size": [2, 0, 1], "pivot": [-2, 2.5, -29], "rotation": [-0.31797, -27.47162, 1.30078], "uv": [0, 22]},
						{"origin": [1.75, 2.45, -32.25], "size": [2, 0, 1], "pivot": [2, 2.5, -29], "rotation": [-0.31797, 27.47162, -1.30078], "uv": [14, 21]},
						{"origin": [-1, 1.95, -28.1], "size": [2, 1, 1], "uv": [15, 0]},
						{"origin": [-1.5, 2, -28], "size": [3, 1, 3], "uv": [76, 60]}
					]
				},
				{
					"name": "headicespikeright",
					"parent": "head",
					"pivot": [-3, 5, -32],
					"rotation": [37.58508, 0.64686, 14.98637],
					"cubes": [
						{"origin": [-3, 4, -37], "size": [0, 3, 6], "uv": [7, 75]}
					]
				},
				{
					"name": "headicespikeleft",
					"parent": "head",
					"pivot": [3, 5, -32],
					"rotation": [37.58508, -0.64686, -14.98637],
					"cubes": [
						{"origin": [3, 4, -37], "size": [0, 3, 6], "uv": [30, 71]}
					]
				},
				{
					"name": "rightear",
					"parent": "head",
					"pivot": [0, 6, -25],
					"cubes": [
						{"origin": [-5, 7.5, -32.5], "size": [3, 8, 3], "uv": [0, 69]}
					]
				},
				{
					"name": "leftear",
					"parent": "head",
					"pivot": [0, 6, -25],
					"cubes": [
						{"origin": [2, 7.5, -32.5], "size": [3, 8, 3], "uv": [0, 36]}
					]
				},
				{
					"name": "righteye",
					"parent": "head",
					"pivot": [-2, 2.5, -29],
					"cubes": [
						{"origin": [-4.5, 2.45, -31], "size": [4, 0, 3], "uv": [76, 56]},
						{"origin": [-1.5, 2.43, -31], "size": [1, 0, 1], "uv": [65, 170]},
						{"origin": [-4, 2.44, -30.5], "size": [3, 0, 2], "uv": [13, 165]}
					]
				},
				{
					"name": "righteyelid",
					"parent": "head",
					"pivot": [-2, 2.5, -29],
					"cubes": [
						{"origin": [-4.5, 2.49, -31], "size": [4, 0, 3], "uv": [76, 48]}
					]
				},
				{
					"name": "lefteyelid",
					"parent": "head",
					"pivot": [2, 2.5, -29],
					"cubes": [
						{"origin": [0.5, 2.49, -31], "size": [4, 0, 3], "uv": [0, 18]}
					]
				},
				{
					"name": "lefteye",
					"parent": "head",
					"pivot": [2, 2.5, -29],
					"cubes": [
						{"origin": [0.5, 2.45, -31], "size": [4, 0, 3], "uv": [76, 52]},
						{"origin": [1, 2.44, -30.5], "size": [3, 0, 2], "uv": [13, 165], "mirror": true},
						{"origin": [3.5, 2.43, -31], "size": [1, 0, 1], "uv": [65, 170], "mirror": true}
					]
				},
				{
					"name": "mouth",
					"parent": "head",
					"pivot": [0, 6, -25],
					"cubes": [
						{"origin": [-1.25, 1.7, -26.5], "size": [2, 1, 1], "inflate": -0.25, "pivot": [0, 6, -25], "rotation": [-0.38614, 29.96852, -1.44261], "uv": [12, 18]},
						{"origin": [0.75, 1.7, -26.5], "size": [1, 1, 1], "inflate": -0.25, "pivot": [0, 6, -25], "rotation": [-172.50948, 59.90568, -175.67945], "uv": [19, 6]},
						{"origin": [-1.75, 1.7, -26.5], "size": [1, 1, 1], "inflate": -0.25, "pivot": [0, 6, -25], "rotation": [-172.50948, -59.90568, 175.67945], "uv": [19, 3]},
						{"origin": [-0.75, 1.7, -26.5], "size": [2, 1, 1], "inflate": -0.25, "pivot": [0, 6, -25], "rotation": [-0.38614, -29.96852, 1.44261], "uv": [15, 9]}
					]
				}
			]
		}
	]
}