{
	"format_version": "1.12.0",
	"minecraft:geometry": [
		{
			"description": {
				"identifier": "geometry.looreo",
				"texture_width": 64,
				"texture_height": 64,
				"visible_bounds_width": 3,
				"visible_bounds_height": 4.5,
				"visible_bounds_offset": [0, 1.75, 0]
			},
			"bones": [
				{
					"name": "looreo",
					"pivot": [0, 0, 0]
				},
				{
					"name": "bone",
					"parent": "looreo",
					"pivot": [0, 25, 0]
				},
				{
					"name": "bone2",
					"parent": "bone",
					"pivot": [0, 10, 0],
					"cubes": [
						{"origin": [-4, 23, -3], "size": [8, 2, 6], "uv": [0, 23]},
						{"origin": [-6, 10, -4], "size": [12, 14, 8], "uv": [0, 33]}
					]
				},
				{
					"name": "head",
					"parent": "bone2",
					"pivot": [0, 25, 0],
					"cubes": [
						{"origin": [-5, 25, -4], "size": [10, 13, 8], "uv": [0, 0], "mirror": true}
					]
				},
				{
					"name": "ear",
					"parent": "head",
					"pivot": [3, 37, 0],
					"rotation": [0, 0, 32.5],
					"cubes": [
						{"origin": [1, 37, 0], "size": [4, 8, 0], "uv": [47, 39]}
					]
				},
				{
					"name": "ear2",
					"parent": "head",
					"pivot": [-3, 37, 0],
					"rotation": [0, 0, -32.5],
					"cubes": [
						{"origin": [-5, 37, 0], "size": [4, 8, 0], "uv": [47, 39], "mirror": true}
					]
				},
				{
					"name": "arm",
					"parent": "bone2",
					"pivot": [6, 23, 0],
					"cubes": [
						{"origin": [6, 13, -2], "size": [4, 10, 4], "uv": [45, 1]}
					]
				},
				{
					"name": "arm2",
					"parent": "bone2",
					"pivot": [-6, 23, 0],
					"cubes": [
						{"origin": [-10, 13, -2], "size": [4, 10, 4], "uv": [45, 1], "mirror": true}
					]
				},
				{
					"name": "leg",
					"parent": "bone",
					"pivot": [-1, 10, 0],
					"cubes": [
						{"origin": [-5, 0, -2], "size": [4, 10, 4], "uv": [44, 21], "mirror": true}
					]
				},
				{
					"name": "leg2",
					"parent": "bone",
					"pivot": [1, 10, 0],
					"cubes": [
						{"origin": [1, 0, -2], "size": [4, 10, 4], "uv": [44, 21]}
					]
				}
			]
		}
	]
}