{
	"format_version": "1.12.0",
	"minecraft:geometry": [
		{
			"description": {
				"identifier": "geometry.sapsaur",
				"texture_width": 128,
				"texture_height": 64,
				"visible_bounds_width": 3,
				"visible_bounds_height": 3.5,
				"visible_bounds_offset": [0, 1.25, 0]
			},
			"bones": [
				{
					"name": "sapsaur",
					"pivot": [0, 0, 0]
				},
				{
					"name": "body",
					"parent": "sapsaur",
					"pivot": [0, 9.5, 0]
				},
				{
					"name": "waist",
					"parent": "body",
					"pivot": [0, 6.5, 3.75],
					"cubes": [
						{"origin": [-4.5, 4.75, 0], "size": [9, 8, 6], "inflate": 0.02, "uv": [26, 25]}
					]
				},
				{
					"name": "torso",
					"parent": "waist",
					"pivot": [0, 4.75, 0],
					"cubes": [
						{"origin": [-4.5, 4.75, -7], "size": [9, 8, 7], "uv": [0, 16]},
						{"origin": [-1, 12.75, -1], "size": [2, 2, 4], "uv": [91, 20]}
					]
				},
				{
					"name": "neck",
					"parent": "torso",
					"pivot": [0, 7.25, -5.75],
					"cubes": [
						{"origin": [-2.5, 6.25, -7.75], "size": [5, 8, 4], "uv": [0, 38]}
					]
				},
				{
					"name": "neck2",
					"parent": "neck",
					"pivot": [0, 14.25, -3.75],
					"cubes": [
						{"origin": [-2, 14.25, -7.75], "size": [4, 5, 4], "inflate": 0.01, "uv": [36, 39]}
					]
				},
				{
					"name": "neck3",
					"parent": "neck2",
					"pivot": [0, 19.25, -3.75],
					"cubes": [
						{"origin": [-2, 19.25, -7.75], "size": [4, 4, 4], "uv": [94, 0]}
					]
				},
				{
					"name": "neck4",
					"parent": "neck3",
					"pivot": [0, 23.25, -3.75],
					"cubes": [
						{"origin": [-2, 23.25, -7.75], "size": [4, 4, 4], "inflate": 0.01, "uv": [78, 0]}
					]
				},
				{
					"name": "head",
					"parent": "neck4",
					"pivot": [-0.5, 26.75, -6],
					"cubes": [
						{"origin": [-3.5, 25.25, -13.25], "size": [7, 6, 9], "uv": [0, 0]},
						{"origin": [-1.09, 30.76161, -9.50856], "size": [2, 3, 4], "uv": [82, 23]}
					]
				},
				{
					"name": "eyes",
					"parent": "head",
					"pivot": [-0.5, 31.76161, -9.00856]
				},
				{
					"name": "eye_right",
					"parent": "eyes",
					"pivot": [-5.52, 29.26161, -11.50856],
					"cubes": [
						{"origin": [-3.51, 26.76161, -10.00856], "size": [0, 3, 5], "uv": [87, 37]}
					]
				},
				{
					"name": "eyelid_right",
					"parent": "eye_right",
					"pivot": [-4.91, 29.76161, -11.50856],
					"cubes": [
						{"origin": [-3.45, 26.76161, -10.00856], "size": [1, 3, 5], "inflate": 0.025, "uv": [75, 40]}
					]
				},
				{
					"name": "eye_left",
					"parent": "eyes",
					"pivot": [4.52, 29.26161, -6.50856],
					"cubes": [
						{"origin": [3.51, 26.76161, -10.00856], "size": [0, 3, 5], "uv": [87, 34]}
					]
				},
				{
					"name": "eyelid_left",
					"parent": "eye_left",
					"pivot": [3.91, 29.76161, -6.50856],
					"cubes": [
						{"origin": [2.45, 26.76161, -10.00856], "size": [1, 3, 5], "inflate": 0.025, "uv": [75, 32]}
					]
				},
				{
					"name": "mouth",
					"parent": "head",
					"pivot": [-1, 20.25, -2.75],
					"cubes": [
						{"origin": [-1, 25.4, -13.25], "size": [2, 1, 0], "inflate": 0.01, "uv": [0, 8]},
						{"origin": [-2, 25.9, -13.25], "size": [4, 1, 0], "inflate": 0.01, "uv": [69, 33]}
					]
				},
				{
					"name": "mouth_open",
					"parent": "head",
					"pivot": [-1, 20.25, -2.75],
					"cubes": [
						{"origin": [-1, 25.4, -12.25], "size": [2, 1, 0], "inflate": 0.02, "uv": [69, 35]},
						{"origin": [-2, 25.9, -12.25], "size": [4, 1, 0], "inflate": 0.01, "uv": [69, 34]}
					]
				},
				{
					"name": "tail1",
					"parent": "waist",
					"pivot": [0, 9.25, 6],
					"cubes": [
						{"origin": [-3.5, 6.25, 4], "size": [7, 6, 5], "uv": [32, 0]}
					]
				},
				{
					"name": "tail2",
					"parent": "tail1",
					"pivot": [0, 10.25, 9],
					"cubes": [
						{"origin": [-2.5, 7.75, 7.75], "size": [5, 4, 4], "uv": [18, 39]}
					]
				},
				{
					"name": "tail3",
					"parent": "tail2",
					"pivot": [0, 10.4, 11.75],
					"cubes": [
						{"origin": [-1, 9.4, 10.75], "size": [2, 2, 3], "uv": [23, 0]}
					]
				},
				{
					"name": "leg_front_right1",
					"parent": "body",
					"pivot": [3.35, 7.5, -4],
					"cubes": [
						{"origin": [1.85, 3, -6], "size": [3, 6, 4], "uv": [50, 21]}
					]
				},
				{
					"name": "leg_front_right2",
					"parent": "leg_front_right1",
					"pivot": [3.35, 3, -6],
					"cubes": [
						{"origin": [1.85, 0, -6], "size": [3, 3, 4], "inflate": 0.01, "uv": [74, 8]},
						{"origin": [1.35, 0, -5], "size": [1, 1, 1], "uv": [69, 38]}
					]
				},
				{
					"name": "leg_front_left1",
					"parent": "body",
					"pivot": [-3.35, 7.5, -4],
					"cubes": [
						{"origin": [-4.85, 3, -6], "size": [3, 6, 4], "uv": [64, 0]}
					]
				},
				{
					"name": "leg_front_left2",
					"parent": "leg_front_left1",
					"pivot": [-3.35, 3, -6],
					"cubes": [
						{"origin": [-4.85, 0, -6], "size": [3, 3, 4], "inflate": 0.01, "uv": [88, 8]},
						{"origin": [-2.35, 0, -5], "size": [1, 1, 1], "uv": [69, 38]}
					]
				},
				{
					"name": "leg_back_right1",
					"parent": "body",
					"pivot": [3.35, 7.5, 3.75],
					"cubes": [
						{"origin": [1.85, 3, 1.75], "size": [3, 6, 4], "uv": [68, 22]}
					]
				},
				{
					"name": "leg_back_right2",
					"parent": "leg_back_right1",
					"pivot": [3.35, 3, 1.75],
					"cubes": [
						{"origin": [1.85, 0, 1.75], "size": [3, 3, 4], "inflate": 0.01, "uv": [78, 15]},
						{"origin": [2.35, 0, 1.1], "size": [2, 1, 1], "uv": [0, 21]}
					]
				},
				{
					"name": "leg_back_left1",
					"parent": "body",
					"pivot": [-3.35, 7.5, 3.75],
					"cubes": [
						{"origin": [-4.85, 3, 1.75], "size": [3, 6, 4], "uv": [48, 11]}
					]
				},
				{
					"name": "leg_back_left2",
					"parent": "leg_back_left1",
					"pivot": [-3.35, 3, 1.75],
					"cubes": [
						{"origin": [-4.85, 0, 1.75], "size": [3, 3, 4], "inflate": 0.01, "uv": [52, 35]},
						{"origin": [-4.35, 0, 1.1], "size": [2, 1, 1], "uv": [0, 0]}
					]
				}
			]
		}
	]
}