{
	"format_version": "1.12.0",
	"minecraft:geometry": [
		{
			"description": {
				"identifier": "geometry.cirtele",
				"texture_width": 64,
				"texture_height": 64,
				"visible_bounds_width": 3,
				"visible_bounds_height": 2.5,
				"visible_bounds_offset": [0, 0.75, 0]
			},
			"bones": [
				{
					"name": "cirtele",
					"pivot": [0, 0, 0]
				},
				{
					"name": "head",
					"parent": "cirtele",
					"pivot": [0, 8, 0],
					"cubes": [
						{"origin": [-3.5, 8, -3.5], "size": [7, 7, 7], "uv": [0, 0]},
						{"origin": [-1.5, 15, -1.5], "size": [3, 3, 3], "uv": [36, 7]}
					]
				},
				{
					"name": "bone",
					"parent": "cirtele",
					"pivot": [0, 8, 0],
					"cubes": [
						{"origin": [-1, 4, -1], "size": [2, 4, 2], "uv": [50, 11]},
						{"origin": [-2, 3, -1.5], "size": [4, 1, 3], "uv": [12, 18]},
						{"origin": [-1, 0, -1], "size": [2, 3, 2], "uv": [37, 21]}
					]
				},
				{
					"name": "wing",
					"parent": "bone",
					"pivot": [1, 6, 0],
					"cubes": [
						{"origin": [1, 4, 0], "size": [9, 5, 0], "uv": [9, 29]}
					]
				},
				{
					"name": "wing2",
					"parent": "bone",
					"pivot": [-1, 6, 0],
					"cubes": [
						{"origin": [-10, 4, 0], "size": [9, 5, 0], "uv": [9, 29], "mirror": true}
					]
				}
			]
		}
	]
}