{
    "enabled": true,
    "neededInstalledMods": [],
    "neededUninstalledMods": [],
    "spawns": [
        {
            "id": "aurnaram-1",
            "pokemon": "aurnaram",
            "presets": [
                "natural"
            ],
            "type": "pokemon",
            "context": "grounded",
            "bucket": "ultra-rare",
            "level": "16-40",
            "weight": 0.9,
            "condition": {
                "canSeeSky": true,
                "biomes": [
                    "#cobblemon:is_hills"
                ]
            }
        }
    ]
 }