{
    "enabled": true,
    "neededInstalledMods": [],
    "neededUninstalledMods": [],
    "spawns": [
        {
            "id": "equiross-1",
            "pokemon": "equiross",
            "presets": [
                "freshwater"
            ],
            "type": "pokemon",
            "context": "submerged",
            "bucket": "ultra-rare",
            "level": "16-40",
            "weight": 0.9,
            "condition": {
                "canSeeSky": true
            }
        }
    ]
 }