{
    "enabled": true,
    "neededInstalledMods": [],
    "neededUninstalledMods": [],
    "spawns": [
        {
            "id": "magikarp-starstruck-25",
            "pokemon": "magikarp magikarp_jump=starstruck",
            "type": "pokemon",
            "context": "fishing",
            "bucket": "uncommon",
            "level": "1-20",
            "weight": 2.0,
            "weightMultipliers": [
                {
                    "multiplier": 5.0,
                    "condition": {
                        "timeRange": "night",
                        "moonPhase": 1
                    }
                }
            ],
            "condition": {
                "biomes": [
                    "#cobblemon:is_overworld"
                ],
                "minLureLevel": 1
            }
        }
    ]
}
