{
	"format_version": "1.8.0",
	"animations": {
		"animation.weenut.idle": {
			"loop": true,
			"animation_length": 5,
			"bones": {
				"head": {
					"position": {
						"0.0": {
							"post": [0, 0, 0],
							"lerp_mode": "catmullrom"
						},
						"2.5": {
							"post": [0, -0.275, 0],
							"lerp_mode": "catmullrom"
						},
						"5.0": {
							"post": [0, 0, 0],
							"lerp_mode": "catmullrom"
						}
					}
				},
				"mouth": {
					"position": {
						"0.0": {
							"post": [0, -0.45, 0],
							"lerp_mode": "catmullrom"
						}
					}
				},
				"topmouth": {
					"position": {
						"0.0": {
							"post": [0, 0.25, 0],
							"lerp_mode": "catmullrom"
						}
					}
				},
				"bottommouth": {
					"position": {
						"0.0": {
							"post": [0, 0.25, 0],
							"lerp_mode": "catmullrom"
						}
					}
				},
				"eyes": {
					"position": [0, -0.375, 0]
				},
				"righteye": {
					"scale": [1, 1.3, 1]
				},
				"lefteye": {
					"scale": [1, 1.3, 1]
				},
				"leftleaf": {
					"rotation": {
						"0.0": {
							"post": [0, 0, 0],
							"lerp_mode": "catmullrom"
						},
						"1.25": {
							"post": [0, 0, -10],
							"lerp_mode": "catmullrom"
						},
						"2.5": {
							"post": [0, 0, 0],
							"lerp_mode": "catmullrom"
						},
						"3.75": {
							"post": [0, 0, 10],
							"lerp_mode": "catmullrom"
						},
						"5.0": {
							"post": [0, 0, 0],
							"lerp_mode": "catmullrom"
						}
					}
				},
				"rightleaf": {
					"rotation": {
						"0.0": {
							"post": [0, 0, 0],
							"lerp_mode": "catmullrom"
						},
						"1.25": {
							"post": [0, 0, 10],
							"lerp_mode": "catmullrom"
						},
						"2.5": {
							"post": [0, 0, 0],
							"lerp_mode": "catmullrom"
						},
						"3.75": {
							"post": [0, 0, -10],
							"lerp_mode": "catmullrom"
						},
						"5.0": {
							"post": [0, 0, 0],
							"lerp_mode": "catmullrom"
						}
					}
				},
				"body": {
					"position": {
						"0.0": {
							"post": [0, 0, 0],
							"lerp_mode": "catmullrom"
						},
						"2.5": {
							"post": [0, 0.25, 0],
							"lerp_mode": "catmullrom"
						},
						"5.0": {
							"post": [0, 0, 0],
							"lerp_mode": "catmullrom"
						}
					},
					"scale": [0.9, 1, 0.96]
				},
				"feet": {
					"position": {
						"0.0": [0, 0, 0],
						"2.5": [0, -0.225, 0],
						"5.0": [0, 0, 0]
					}
				}
			}
		},
		"animation.weenut.walk": {
			"loop": true,
			"animation_length": 1.5,
			"bones": {
				"whole": {
					"rotation": {
						"0.0": {
							"post": [0, 0, 0],
							"lerp_mode": "catmullrom"
						},
						"0.375": {
							"post": [0, 0, -7.5],
							"lerp_mode": "catmullrom"
						},
						"0.75": {
							"post": [0, 0, 0],
							"lerp_mode": "catmullrom"
						},
						"1.125": {
							"post": [0, 0, 7.5],
							"lerp_mode": "catmullrom"
						},
						"1.5": {
							"post": [0, 0, 0],
							"lerp_mode": "catmullrom"
						}
					},
					"position": {
						"0.0": {
							"post": [0, 0, 0],
							"lerp_mode": "catmullrom"
						},
						"0.375": {
							"post": [-0.75, 1, 0],
							"lerp_mode": "catmullrom"
						},
						"0.75": {
							"post": [0, 0, 0],
							"lerp_mode": "catmullrom"
						},
						"1.125": {
							"post": [0.775, 1, 0],
							"lerp_mode": "catmullrom"
						},
						"1.5": {
							"post": [0, 0, 0],
							"lerp_mode": "catmullrom"
						}
					}
				},
				"head": {
					"rotation": [-7.5, 0, 0]
				},
				"eyes": {
					"position": {
						"0.0": {
							"post": [0, -0.375, 0],
							"lerp_mode": "catmullrom"
						}
					}
				},
				"righteye": {
					"scale": {
						"0.0": {
							"post": [1, 1.3, 1],
							"lerp_mode": "catmullrom"
						}
					}
				},
				"lefteye": {
					"scale": {
						"0.0": {
							"post": [1, 1.3, 1],
							"lerp_mode": "catmullrom"
						}
					}
				},
				"leftleaf": {
					"rotation": {
						"0.0": {
							"post": [0, 0, 0],
							"lerp_mode": "catmullrom"
						},
						"0.375": {
							"post": [0, 0, 20],
							"lerp_mode": "catmullrom"
						},
						"0.75": {
							"post": [0, 0, 0],
							"lerp_mode": "catmullrom"
						},
						"1.1667": {
							"post": [0, 0, 20],
							"lerp_mode": "catmullrom"
						},
						"1.5": {
							"post": [0, 0, 0],
							"lerp_mode": "catmullrom"
						}
					}
				},
				"rightleaf": {
					"rotation": {
						"0.0": {
							"post": [0, 0, 0],
							"lerp_mode": "catmullrom"
						},
						"0.375": {
							"post": [0, 0, -20],
							"lerp_mode": "catmullrom"
						},
						"0.75": {
							"post": [0, 0, 0],
							"lerp_mode": "catmullrom"
						},
						"1.1667": {
							"post": [0, 0, -20],
							"lerp_mode": "catmullrom"
						},
						"1.5": {
							"post": [0, 0, 0],
							"lerp_mode": "catmullrom"
						}
					}
				},
				"body": {
					"rotation": {
						"0.0": {
							"post": [0, 2.5, 0],
							"lerp_mode": "catmullrom"
						},
						"0.3333": {
							"post": [0, 12.5, 0],
							"lerp_mode": "catmullrom"
						},
						"0.75": {
							"post": [0, 2.5, 0],
							"lerp_mode": "catmullrom"
						},
						"1.0833": {
							"post": [0, -12.5, 0],
							"lerp_mode": "catmullrom"
						},
						"1.5": {
							"post": [0, 2.5, 0],
							"lerp_mode": "catmullrom"
						}
					},
					"scale": [0.9, 1, 0.96]
				},
				"feet": {
					"rotation": {
						"0.0": {
							"post": [0, 0, 0],
							"lerp_mode": "catmullrom"
						},
						"0.375": {
							"post": [0, 0, 7.5],
							"lerp_mode": "catmullrom"
						},
						"0.75": {
							"post": [0, 0, 0],
							"lerp_mode": "catmullrom"
						},
						"1.125": {
							"post": [0, 0, -7.5],
							"lerp_mode": "catmullrom"
						},
						"1.5": {
							"post": [0, 0, 0],
							"lerp_mode": "catmullrom"
						}
					}
				},
				"leftfoot": {
					"position": {
						"0.0": {
							"post": [0, 0, 2],
							"lerp_mode": "catmullrom"
						},
						"0.375": {
							"post": [0, 0.05, -1],
							"lerp_mode": "catmullrom"
						},
						"0.75": {
							"post": [0, 0, -2],
							"lerp_mode": "catmullrom"
						},
						"1.125": {
							"post": [0, -0.95, 0],
							"lerp_mode": "catmullrom"
						},
						"1.5": {
							"post": [0, 0, 2],
							"lerp_mode": "catmullrom"
						}
					}
				},
				"rightfoot": {
					"position": {
						"0.0": {
							"post": [0, 0, -2],
							"lerp_mode": "catmullrom"
						},
						"0.375": {
							"post": [0, -0.95, 0],
							"lerp_mode": "catmullrom"
						},
						"0.75": {
							"post": [0, 0, 2],
							"lerp_mode": "catmullrom"
						},
						"1.125": {
							"post": [0, 0.05, 0],
							"lerp_mode": "catmullrom"
						},
						"1.5": {
							"post": [0, 0, -2],
							"lerp_mode": "catmullrom"
						}
					}
				}
			}
		},
		"animation.weenut.call": {
			"animation_length": 1,
			"override_previous_animation": true,
			"bones": {
				"head": {
					"position": {
						"0.0": {
							"post": [0, 0, 0],
							"lerp_mode": "catmullrom"
						}
					},
					"scale": {
						"0.0": {
							"post": [1, 1, 1],
							"lerp_mode": "catmullrom"
						},
						"0.25": {
							"post": [0.9, 1.1, 1],
							"lerp_mode": "catmullrom"
						},
						"0.75": {
							"post": [0.9, 1.1, 1],
							"lerp_mode": "catmullrom"
						},
						"1.0": {
							"post": [1, 1, 1],
							"lerp_mode": "catmullrom"
						}
					}
				},
				"mouth": {
					"position": {
						"0.0": {
							"post": [0, -0.45, 0],
							"lerp_mode": "catmullrom"
						},
						"0.25": {
							"post": [0, 0.55, 0],
							"lerp_mode": "catmullrom"
						},
						"0.75": {
							"post": [0, 0.55, 0],
							"lerp_mode": "catmullrom"
						},
						"1.0": {
							"post": [0, -0.45, 0],
							"lerp_mode": "catmullrom"
						}
					}
				},
				"topmouth": {
					"position": {
						"0.0": {
							"post": [0, 0.25, 0],
							"lerp_mode": "catmullrom"
						},
						"0.25": {
							"post": [0, 0.025, 0],
							"lerp_mode": "catmullrom"
						},
						"0.75": {
							"post": [0, 0.025, 0],
							"lerp_mode": "catmullrom"
						},
						"1.0": {
							"post": [0, 0.25, 0],
							"lerp_mode": "catmullrom"
						}
					},
					"scale": {
						"0.0": {
							"post": [1, 1, 1],
							"lerp_mode": "catmullrom"
						},
						"0.25": {
							"post": [1, 1.51, 1],
							"lerp_mode": "catmullrom"
						},
						"0.75": {
							"post": [1, 1.51, 1],
							"lerp_mode": "catmullrom"
						},
						"1.0": {
							"post": [1, 1, 1],
							"lerp_mode": "catmullrom"
						}
					}
				},
				"bottommouth": {
					"position": {
						"0.0": {
							"post": [0, 0.25, 0],
							"lerp_mode": "catmullrom"
						},
						"0.25": {
							"post": [0, -0.475, 0],
							"lerp_mode": "catmullrom"
						},
						"0.75": {
							"post": [0, -0.475, 0],
							"lerp_mode": "catmullrom"
						},
						"1.0": {
							"post": [0, 0.25, 0],
							"lerp_mode": "catmullrom"
						}
					}
				},
				"eyes": {
					"position": [0, -0.375, 0]
				},
				"righteye": {
					"scale": [1, 1.3, 1]
				},
				"rightpupil": {
					"scale": {
						"0.0": {
							"post": [1, 1, 1],
							"lerp_mode": "catmullrom"
						},
						"0.1667": {
							"post": [1, 0.3, 1],
							"lerp_mode": "catmullrom"
						},
						"0.875": {
							"post": [1, 0.3, 1],
							"lerp_mode": "catmullrom"
						},
						"1.0": {
							"post": [1, 1, 1],
							"lerp_mode": "catmullrom"
						}
					}
				},
				"lefteye": {
					"scale": [1, 1.3, 1]
				},
				"leftpupil": {
					"scale": {
						"0.0": {
							"post": [1, 1, 1],
							"lerp_mode": "catmullrom"
						},
						"0.1667": {
							"post": [1, 0.3, 1],
							"lerp_mode": "catmullrom"
						},
						"0.875": {
							"post": [1, 0.3, 1],
							"lerp_mode": "catmullrom"
						},
						"1.0": {
							"post": [1, 1, 1],
							"lerp_mode": "catmullrom"
						}
					}
				},
				"leftleaf": {
					"rotation": {
						"0.0": {
							"post": [0, 0, 0],
							"lerp_mode": "catmullrom"
						},
						"0.25": {
							"post": [0, 0, 10],
							"lerp_mode": "catmullrom"
						},
						"0.6667": {
							"post": [0, 0, -13.06],
							"lerp_mode": "catmullrom"
						},
						"1.0": {
							"post": [0, 0, 0],
							"lerp_mode": "catmullrom"
						}
					}
				},
				"rightleaf": {
					"rotation": {
						"0.0": {
							"post": [0, 0, 0],
							"lerp_mode": "catmullrom"
						},
						"0.25": {
							"post": [0, 0, -10],
							"lerp_mode": "catmullrom"
						},
						"0.6667": {
							"post": [0, 0, 13.06],
							"lerp_mode": "catmullrom"
						},
						"1.0": {
							"post": [0, 0, 0],
							"lerp_mode": "catmullrom"
						}
					}
				},
				"body": {
					"position": {
						"0.0": {
							"post": [0, 0, 0],
							"lerp_mode": "catmullrom"
						}
					},
					"scale": [0.9, 1, 0.96]
				},
				"feet": {
					"position": {
						"0.0": {
							"post": [0, 0, 0],
							"lerp_mode": "catmullrom"
						}
					}
				}
			}
		},
		"animation.weenut.faint": {
			"loop": "hold_on_last_frame",
			"animation_length": 3.3333,
			"bones": {
				"whole": {
					"rotation": {
						"0.0": {
							"post": [0, 0, 0],
							"lerp_mode": "catmullrom"
						},
						"0.5": {
							"post": [-27.5, 0, 0],
							"lerp_mode": "catmullrom"
						},
						"0.7083": {
							"post": [-27.58687, -3.13728, -5.97961],
							"lerp_mode": "catmullrom"
						},
						"1.0833": {
							"post": [-27.85905, 2.1033, 3.95383],
							"lerp_mode": "catmullrom"
						},
						"1.25": {
							"post": [-27.5, 0, 0],
							"lerp_mode": "catmullrom"
						},
						"1.4583": {
							"post": [-90, 0, 0],
							"lerp_mode": "catmullrom"
						}
					},
					"position": {
						"0.0": {
							"post": [0, 0, 0],
							"lerp_mode": "catmullrom"
						},
						"0.5": {
							"post": [0, 1.475, -0.5],
							"lerp_mode": "catmullrom"
						},
						"0.7083": {
							"post": [0, 1.475, -0.5],
							"lerp_mode": "catmullrom"
						},
						"1.0833": {
							"post": [0, 1.475, -0.5],
							"lerp_mode": "catmullrom"
						},
						"1.25": {
							"post": [0, 1.475, -0.5],
							"lerp_mode": "catmullrom"
						},
						"1.4583": {
							"post": [0, 4.58, 0.5],
							"lerp_mode": "catmullrom"
						}
					}
				},
				"head": {
					"rotation": {
						"0.0": {
							"post": [0, 0, 0],
							"lerp_mode": "catmullrom"
						},
						"0.5": {
							"post": [5, 0, 0],
							"lerp_mode": "catmullrom"
						},
						"0.7917": {
							"post": [22.32648, 2.86313, -6.93488],
							"lerp_mode": "catmullrom"
						},
						"1.0417": {
							"post": [22.19157, -3.81024, 9.25249],
							"lerp_mode": "catmullrom"
						},
						"1.375": {
							"post": [22.19157, -3.81024, 9.25249],
							"lerp_mode": "catmullrom"
						},
						"1.4583": {
							"post": [0.34109, 0.33128, -3.14175],
							"lerp_mode": "catmullrom"
						},
						"1.5833": {
							"post": [0.20722, 0.42796, -23.14196],
							"lerp_mode": "catmullrom"
						},
						"1.8333": {
							"post": [0.45552, 0.13635, 24.35781],
							"lerp_mode": "catmullrom"
						},
						"2.0833": {
							"post": [0.20722, 0.42796, -23.14196],
							"lerp_mode": "catmullrom"
						},
						"2.3333": {
							"post": [0.45552, 0.13635, 24.35781],
							"lerp_mode": "catmullrom"
						},
						"2.5833": {
							"post": [0.20722, 0.42796, -23.14196],
							"lerp_mode": "catmullrom"
						},
						"2.8333": {
							"post": [0.45552, 0.13635, 24.35781],
							"lerp_mode": "catmullrom"
						},
						"3.0833": {
							"post": [0.20722, 0.42796, -23.14196],
							"lerp_mode": "catmullrom"
						},
						"3.3333": {
							"post": [0.45552, 0.13635, 24.35781],
							"lerp_mode": "catmullrom"
						}
					},
					"position": {
						"0.0": {
							"post": [0, 0, 0],
							"lerp_mode": "catmullrom"
						}
					}
				},
				"mouth": {
					"position": {
						"0.0": {
							"post": [0, -0.45, 0],
							"lerp_mode": "catmullrom"
						}
					}
				},
				"topmouth": {
					"position": {
						"0.0": {
							"post": [0, 0.25, 0],
							"lerp_mode": "catmullrom"
						}
					},
					"scale": {
						"0.0": {
							"post": [1, 1, 1],
							"lerp_mode": "catmullrom"
						},
						"0.1667": {
							"post": [1, 2.2, 1],
							"lerp_mode": "catmullrom"
						},
						"1.25": {
							"post": [1, 2.2, 1],
							"lerp_mode": "catmullrom"
						},
						"1.4583": {
							"post": [1, 1, 1],
							"lerp_mode": "catmullrom"
						}
					}
				},
				"bottommouth": {
					"position": {
						"0.0": {
							"post": [0, 0.25, 0],
							"lerp_mode": "catmullrom"
						},
						"1.5833": {
							"post": [0, 0.95, 0],
							"lerp_mode": "catmullrom"
						}
					},
					"scale": {
						"0.0": [1, 0, 1],
						"1.5833": [1, 1, 1]
					}
				},
				"eyes": {
					"position": {
						"0.0": {
							"post": [0, -0.375, 0],
							"lerp_mode": "catmullrom"
						}
					}
				},
				"righteye": {
					"scale": {
						"0.0": {
							"post": [1, 1.3, 1],
							"lerp_mode": "catmullrom"
						}
					}
				},
				"rightpupil": {
					"rotation": {
						"0.0": [0, 0, -22.5],
						"1.375": [0, 0, -22.5]
					},
					"scale": {
						"0.0": [1, 1, 1],
						"1.375": [1, 1, 1],
						"1.4583": [1, 0.5, 1]
					}
				},
				"lefteye": {
					"scale": {
						"0.0": {
							"post": [1, 1.3, 1],
							"lerp_mode": "catmullrom"
						}
					}
				},
				"leftpupil": {
					"rotation": {
						"0.0": [0, 0, 25],
						"1.375": [0, 0, 25]
					},
					"scale": {
						"0.0": [1, 1, 1],
						"1.375": [1, 1, 1],
						"1.4583": [1, 0.5, 1]
					}
				},
				"sprout": {
					"rotation": {
						"0.0": [0, 0, 0],
						"0.75": [57.5, 0, 0],
						"1.375": [57.5, 0, 0],
						"1.4583": [-5, 0, 0],
						"1.5833": [-4.83045, -1.29256, -14.94548],
						"1.8333": [-4.83045, 1.29256, 14.94548],
						"2.0833": [-4.83045, -1.29256, -14.94548],
						"2.3333": [-4.83045, 1.29256, 14.94548],
						"2.5833": [-4.83045, -1.29256, -14.94548],
						"2.8333": [-4.83045, 1.29256, 14.94548],
						"3.0833": [-4.83045, -1.29256, -14.94548],
						"3.3333": [-4.83045, 1.29256, 14.94548]
					}
				},
				"leftleaf": {
					"rotation": {
						"0.0": {
							"post": [0, 0, 0],
							"lerp_mode": "catmullrom"
						},
						"1.4583": {
							"post": [0, 0, 0],
							"lerp_mode": "catmullrom"
						},
						"1.5833": {
							"post": [0, 0, 12.5],
							"lerp_mode": "catmullrom"
						},
						"1.8333": {
							"post": [0, 0, -80],
							"lerp_mode": "catmullrom"
						},
						"2.0833": {
							"post": [0, 0, 12.5],
							"lerp_mode": "catmullrom"
						},
						"2.3333": {
							"post": [0, 0, -80],
							"lerp_mode": "catmullrom"
						},
						"2.5833": {
							"post": [0, 0, 12.5],
							"lerp_mode": "catmullrom"
						},
						"2.8333": {
							"post": [0, 0, -80],
							"lerp_mode": "catmullrom"
						},
						"3.0833": {
							"post": [0, 0, 12.5],
							"lerp_mode": "catmullrom"
						},
						"3.3333": {
							"post": [0, 0, -80],
							"lerp_mode": "catmullrom"
						}
					}
				},
				"rightleaf": {
					"rotation": {
						"0.0": {
							"post": [0, 0, 0],
							"lerp_mode": "catmullrom"
						},
						"1.4583": {
							"post": [0, 0, 0],
							"lerp_mode": "catmullrom"
						},
						"1.5833": {
							"post": [0, 0, 65],
							"lerp_mode": "catmullrom"
						},
						"1.8333": {
							"post": [0, 0, -7.5],
							"lerp_mode": "catmullrom"
						},
						"2.0833": {
							"post": [0, 0, 65],
							"lerp_mode": "catmullrom"
						},
						"2.3333": {
							"post": [0, 0, -7.5],
							"lerp_mode": "catmullrom"
						},
						"2.5833": {
							"post": [0, 0, 65],
							"lerp_mode": "catmullrom"
						},
						"2.8333": {
							"post": [0, 0, -7.5],
							"lerp_mode": "catmullrom"
						},
						"3.0833": {
							"post": [0, 0, 65],
							"lerp_mode": "catmullrom"
						},
						"3.3333": {
							"post": [0, 0, -7.5],
							"lerp_mode": "catmullrom"
						}
					}
				},
				"body": {
					"rotation": {
						"0.0": [0, 0, 0],
						"1.4583": [0, 0, 0]
					},
					"position": {
						"0.0": {
							"post": [0, 0, 0],
							"lerp_mode": "catmullrom"
						}
					},
					"scale": {
						"0.0": {
							"post": [0.9, 1, 0.96],
							"lerp_mode": "catmullrom"
						}
					}
				},
				"feet": {
					"position": {
						"0.0": {
							"post": [0, 0, 0],
							"lerp_mode": "catmullrom"
						},
						"0.5": {
							"post": [0, 0.1, 1.1],
							"lerp_mode": "catmullrom"
						},
						"1.25": {
							"post": [0, 0.1, 1.1],
							"lerp_mode": "catmullrom"
						}
					}
				},
				"leftfoot": {
					"rotation": {
						"0.0": {
							"post": [0, 0, 0],
							"lerp_mode": "catmullrom"
						},
						"0.5": {
							"post": [0, 0, 0],
							"lerp_mode": "catmullrom"
						},
						"0.7917": {
							"post": [12.69497, 2.78923, -12.18967],
							"lerp_mode": "catmullrom"
						},
						"1.125": {
							"post": [-17.28661, 3.1902, 5.19595],
							"lerp_mode": "catmullrom"
						},
						"1.4583": {
							"post": [26.75, 0, 0],
							"lerp_mode": "catmullrom"
						},
						"1.5833": {
							"post": [12.25, 0, 0],
							"lerp_mode": "catmullrom"
						},
						"1.8333": {
							"post": [-15.25, 0, 0],
							"lerp_mode": "catmullrom"
						},
						"2.0833": {
							"post": [12.25, 0, 0],
							"lerp_mode": "catmullrom"
						},
						"2.3333": {
							"post": [-15.25, 0, 0],
							"lerp_mode": "catmullrom"
						},
						"2.5833": {
							"post": [12.25, 0, 0],
							"lerp_mode": "catmullrom"
						},
						"2.8333": {
							"post": [-15.25, 0, 0],
							"lerp_mode": "catmullrom"
						},
						"3.0833": {
							"post": [12.25, 0, 0],
							"lerp_mode": "catmullrom"
						},
						"3.3333": {
							"post": [-15.25, 0, 0],
							"lerp_mode": "catmullrom"
						}
					},
					"position": {
						"0.0": {
							"post": [0, 0, 0],
							"lerp_mode": "catmullrom"
						},
						"0.5": {
							"post": [0, 0, -2.07],
							"lerp_mode": "catmullrom"
						},
						"0.7917": {
							"post": [0.25, -0.2, -2.07],
							"lerp_mode": "catmullrom"
						},
						"1.125": {
							"post": [-0.13, -0.315, -3.17],
							"lerp_mode": "catmullrom"
						},
						"1.25": {
							"post": [0, 0, -2.07],
							"lerp_mode": "catmullrom"
						},
						"1.4583": {
							"post": [0, 0, 1.305],
							"lerp_mode": "catmullrom"
						},
						"1.5833": {
							"post": [0, -0.625, 1.36],
							"lerp_mode": "catmullrom"
						},
						"1.8333": {
							"post": [0, -0.62, -3.865],
							"lerp_mode": "catmullrom"
						},
						"2.0833": {
							"post": [0, -0.625, 1.36],
							"lerp_mode": "catmullrom"
						},
						"2.3333": {
							"post": [0, -0.62, -3.865],
							"lerp_mode": "catmullrom"
						},
						"2.5833": {
							"post": [0, -0.625, 1.36],
							"lerp_mode": "catmullrom"
						},
						"2.8333": {
							"post": [0, -0.62, -3.865],
							"lerp_mode": "catmullrom"
						},
						"3.0833": {
							"post": [0, -0.625, 1.36],
							"lerp_mode": "catmullrom"
						},
						"3.3333": {
							"post": [0, -0.62, -3.865],
							"lerp_mode": "catmullrom"
						}
					}
				},
				"rightfoot": {
					"rotation": {
						"0.0": {
							"post": [0, 0, 0],
							"lerp_mode": "catmullrom"
						},
						"0.5": {
							"post": [25, 0, 0],
							"lerp_mode": "catmullrom"
						},
						"0.75": {
							"post": [26.76392, -2.25614, 4.4632],
							"lerp_mode": "catmullrom"
						},
						"1.0": {
							"post": [26.01469, 0.59492, -1.30911],
							"lerp_mode": "catmullrom"
						},
						"1.25": {
							"post": [25, 0, 0],
							"lerp_mode": "catmullrom"
						},
						"1.4583": {
							"post": [25, 0, 0],
							"lerp_mode": "catmullrom"
						},
						"1.5833": {
							"post": [-7.5, 0, 0],
							"lerp_mode": "catmullrom"
						},
						"1.8333": {
							"post": [20, 0, 0],
							"lerp_mode": "catmullrom"
						},
						"2.0833": {
							"post": [-7.5, 0, 0],
							"lerp_mode": "catmullrom"
						},
						"2.3333": {
							"post": [20, 0, 0],
							"lerp_mode": "catmullrom"
						},
						"2.5833": {
							"post": [-7.5, 0, 0],
							"lerp_mode": "catmullrom"
						},
						"2.8333": {
							"post": [20, 0, 0],
							"lerp_mode": "catmullrom"
						},
						"3.0833": {
							"post": [-7.5, 0, 0],
							"lerp_mode": "catmullrom"
						},
						"3.3333": {
							"post": [20, 0, 0],
							"lerp_mode": "catmullrom"
						}
					},
					"position": {
						"0.0": {
							"post": [0, 0, 0],
							"lerp_mode": "catmullrom"
						},
						"0.5": {
							"post": [-0.1, -0.3, 1.15],
							"lerp_mode": "catmullrom"
						},
						"0.75": {
							"post": [-1.025, -0.12, 1.24],
							"lerp_mode": "catmullrom"
						},
						"1.0": {
							"post": [0.35, -0.685, 1.2],
							"lerp_mode": "catmullrom"
						},
						"1.25": {
							"post": [-0.125, -0.3, 1.15],
							"lerp_mode": "catmullrom"
						},
						"1.4583": {
							"post": [-0.125, -0.3, 1.15],
							"lerp_mode": "catmullrom"
						},
						"1.5833": {
							"post": [-0.12, -0.825, -3.675],
							"lerp_mode": "catmullrom"
						},
						"1.8333": {
							"post": [-0.12, -0.495, 1.045],
							"lerp_mode": "catmullrom"
						},
						"2.0833": {
							"post": [-0.12, -0.825, -3.675],
							"lerp_mode": "catmullrom"
						},
						"2.3333": {
							"post": [-0.12, -0.495, 1.045],
							"lerp_mode": "catmullrom"
						},
						"2.5833": {
							"post": [-0.12, -0.825, -3.675],
							"lerp_mode": "catmullrom"
						},
						"2.8333": {
							"post": [-0.12, -0.495, 1.045],
							"lerp_mode": "catmullrom"
						},
						"3.0833": {
							"post": [-0.12, -0.825, -3.675],
							"lerp_mode": "catmullrom"
						},
						"3.3333": {
							"post": [-0.12, -0.495, 1.045],
							"lerp_mode": "catmullrom"
						}
					}
				}
			}
		}
	}
}