{
	"format_version": "1.12.0",
	"minecraft:geometry": [
		{
			"description": {
				"identifier": "geometry.upsigenia",
				"texture_width": 64,
				"texture_height": 64,
				"visible_bounds_width": 3,
				"visible_bounds_height": 3.5,
				"visible_bounds_offset": [0, 1.25, 0]
			},
			"bones": [
				{
					"name": "upsigenia",
					"pivot": [0, 0, 0]
				},
				{
					"name": "body",
					"parent": "upsigenia",
					"pivot": [0, 12, 0]
				},
				{
					"name": "torso",
					"parent": "body",
					"pivot": [0, 11, -0.25],
					"cubes": [
						{"origin": [-4.5, 8.5, -5], "size": [9, 9, 9], "uv": [0, 0]},
						{"origin": [4.6, 9.25, -3.5], "size": [0, 7, 6], "pivot": [4.6, 13, -0.5], "rotation": [-7.5, 0, 0], "uv": [36, 3]},
						{"origin": [-5.5, 9.5, -3], "size": [5, 8, 8], "pivot": [-1.5, 15, -3], "rotation": [6.93488, -2.86313, 22.32648], "uv": [0, 18]},
						{"origin": [-5.79454, 12.16578, -2.05314], "size": [0, 7, 6], "pivot": [-5.76954, 15.66578, 0.94686], "rotation": [1.93488, -2.86313, 22.32648], "uv": [36, 3]}
					]
				},
				{
					"name": "arm_left_front",
					"parent": "torso",
					"pivot": [4, 17, -4],
					"cubes": [
						{"origin": [4, 17.5, -4.5], "size": [0, 3, 1], "uv": [22, 22]}
					]
				},
				{
					"name": "arm_left_front2",
					"parent": "arm_left_front",
					"pivot": [4.025, 20.5, -4.5],
					"cubes": [
						{"origin": [4.025, 20.5, -4.5], "size": [0, 3, 1], "uv": [20, 22]},
						{"origin": [4.025, 22.5, -4.5], "size": [0, 1, 1], "uv": [4, 7]}
					]
				},
				{
					"name": "arm_left_front3",
					"parent": "arm_left_front2",
					"pivot": [4.05, 23.5, -4.5],
					"cubes": [
						{"origin": [4.05, 23.5, -4.5], "size": [0, 4, 2], "uv": [13, 32]}
					]
				},
				{
					"name": "arm_right_front",
					"parent": "torso",
					"pivot": [-4, 17, -4],
					"cubes": [
						{"origin": [-4, 17.5, -4.5], "size": [0, 3, 1], "uv": [18, 22]}
					]
				},
				{
					"name": "arm_right_front2",
					"parent": "arm_right_front",
					"pivot": [-4.025, 20.5, -4.5],
					"cubes": [
						{"origin": [-4.025, 20.5, -4.5], "size": [0, 3, 1], "uv": [6, 5]}
					]
				},
				{
					"name": "arm_right_front3",
					"parent": "arm_right_front2",
					"pivot": [-4.075, 23.5, -4.5],
					"cubes": [
						{"origin": [-4.075, 23.5, -4.5], "size": [0, 4, 2], "uv": [0, 32]}
					]
				},
				{
					"name": "arm_right_back",
					"parent": "torso",
					"pivot": [-4, 17, 3],
					"cubes": [
						{"origin": [-4, 17.5, 2.5], "size": [0, 3, 1], "uv": [6, 0]}
					]
				},
				{
					"name": "arm_right_back2",
					"parent": "arm_right_back",
					"pivot": [-4.025, 20.5, 2.5],
					"cubes": [
						{"origin": [-4.025, 20.5, 2.5], "size": [0, 3, 1], "uv": [4, 0]}
					]
				},
				{
					"name": "arm_right_back3",
					"parent": "arm_right_back2",
					"pivot": [-4.05, 23.5, 2.5],
					"cubes": [
						{"origin": [-4.05, 23.5, 2.5], "size": [0, 4, 2], "uv": [4, 18]}
					]
				},
				{
					"name": "arm_left_back",
					"parent": "torso",
					"pivot": [4, 17, 3],
					"cubes": [
						{"origin": [4, 17.5, 2.5], "size": [0, 3, 1], "uv": [2, 0]}
					]
				},
				{
					"name": "arm_left_back2",
					"parent": "arm_left_back",
					"pivot": [4.025, 20.5, 2.5],
					"cubes": [
						{"origin": [4.025, 20.5, 2.5], "size": [0, 3, 1], "uv": [0, 0]}
					]
				},
				{
					"name": "arm_left_back3",
					"parent": "arm_left_back2",
					"pivot": [4.075, 23.5, 2.5],
					"cubes": [
						{"origin": [4.075, 23.5, 2.5], "size": [0, 4, 2], "uv": [0, 18]}
					]
				},
				{
					"name": "neck",
					"parent": "torso",
					"pivot": [0, 15, -5],
					"cubes": [
						{"origin": [-1.5, 13.5, -11], "size": [3, 3, 7], "uv": [0, 34]}
					]
				},
				{
					"name": "head",
					"parent": "neck",
					"pivot": [0, 16.2538, -10.5],
					"cubes": [
						{"origin": [-2.5, 13, -15.5], "size": [5, 4, 5], "uv": [27, 0]},
						{"origin": [-2.19411, 14.27556, -15.6], "size": [2, 1, 0], "pivot": [-1.19411, 14.77556, -15.6], "rotation": [0, 0, 7.5], "uv": [0, 24]},
						{"origin": [0.19411, 14.27556, -15.6], "size": [2, 1, 0], "pivot": [1.19411, 14.77556, -15.6], "rotation": [0, 0, -7.5], "uv": [0, 8]},
						{"origin": [-2, 15.5, -15.6], "size": [2, 1, 0], "pivot": [-1, 16.75, -15.6], "rotation": [0, 0, 15], "uv": [0, 0]},
						{"origin": [0, 15.5, -15.6], "size": [2, 1, 0], "pivot": [1, 16.75, -15.6], "rotation": [0, 0, -15], "uv": [4, 0]},
						{"origin": [-4.5, 7, -16.5], "size": [8, 7, 7], "uv": [20, 38]},
						{"origin": [0.68141, 4.79016, -16.75], "size": [6, 4, 6], "pivot": [1.43141, 7.29016, -13], "rotation": [-9.85108, 1.72794, -55.14892], "uv": [21, 28]}
					]
				},
				{
					"name": "arm_left",
					"parent": "neck",
					"pivot": [1.6, 16.5, -7.5],
					"rotation": [-90, 0, 0],
					"cubes": [
						{"origin": [1.6, 16, -10.5], "size": [0, 1, 4], "uv": [0, 1]}
					]
				},
				{
					"name": "arm_left2",
					"parent": "arm_left",
					"pivot": [1.5, 16, -10.5],
					"cubes": [
						{"origin": [1.625, 16, -13.5], "size": [0, 2, 3], "uv": [0, 15]}
					]
				},
				{
					"name": "arm_right",
					"parent": "neck",
					"pivot": [-1.6, 16.5, -7.5],
					"rotation": [-90, 0, 0],
					"cubes": [
						{"origin": [-1.6, 16, -10.5], "size": [0, 1, 4], "uv": [0, 0]}
					]
				},
				{
					"name": "arm_right2",
					"parent": "arm_right",
					"pivot": [-1.5, 16, -10.5],
					"cubes": [
						{"origin": [-1.625, 16, -13.5], "size": [0, 2, 3], "uv": [0, 3]}
					]
				},
				{
					"name": "tail",
					"parent": "torso",
					"pivot": [0, 16.5, 4],
					"cubes": [
						{"origin": [-1.5, 13.5, 3], "size": [3, 3, 6], "uv": [0, 44]}
					]
				},
				{
					"name": "tail2",
					"parent": "tail",
					"pivot": [0, 16, 9],
					"cubes": [
						{"origin": [-1, 14, 9], "size": [2, 2, 4], "uv": [47, 0]}
					]
				},
				{
					"name": "leg_left_front",
					"parent": "body",
					"pivot": [4, 8.5, -3],
					"cubes": [
						{"origin": [4, 0.5, -4.5], "size": [0, 9, 3], "uv": [0, 50]}
					]
				},
				{
					"name": "leg_right_front",
					"parent": "body",
					"pivot": [-4, 8.5, -3],
					"cubes": [
						{"origin": [-4, 0.5, -4.5], "size": [0, 9, 3], "uv": [12, 50]}
					]
				},
				{
					"name": "leg_right_back",
					"parent": "body",
					"pivot": [-4, 8.5, 2],
					"cubes": [
						{"origin": [-4, 0.5, 0.5], "size": [0, 9, 3], "uv": [6, 50]}
					]
				},
				{
					"name": "leg_left_back",
					"parent": "body",
					"pivot": [4, 8.5, 2],
					"cubes": [
						{"origin": [4, 0.5, 0.5], "size": [0, 9, 3], "uv": [18, 50]}
					]
				}
			]
		}
	]
}