{
	"format_version": "1.8.0",
	"animations": {
		"animation.abyssoak.ground_walk": {
			"loop": true,
			"animation_length": 1,
			"bones": {
				"body": {
					"rotation": {
						"0.0": [20, 0, 0],
						"1.0": [20, 0, 0]
					},
					"position": {
						"0.0": [0, 0, 0],
						"0.5": [0, 1, 0],
						"1.0": [0, 0, 0]
					}
				},
				"bottom": {
					"rotation": {
						"0.0": [15, 0, 0],
						"0.5": [7.5, 0, 0],
						"1.0": [15, 0, 0]
					}
				},
				"arm1": {
					"rotation": {
						"0.0": [0, 0, 75],
						"1.0": [0, 0, 75]
					}
				},
				"lowerarm1": {
					"rotation": {
						"0.0": [0, 25, 0],
						"1.0": [0, 25, 0]
					}
				},
				"arm2": {
					"rotation": {
						"0.0": [0, 0, -75],
						"1.0": [0, 0, -75]
					}
				},
				"lowerarm2": {
					"rotation": {
						"0.0": [0, -25, 0],
						"1.0": [0, -25, 0]
					}
				},
				"head": {
					"rotation": {
						"0.0": [-15, 0, 0],
						"0.5833": [-10, 0, 0],
						"1.0": [-15, 0, 0]
					}
				}
			}
		},
		"animation.abyssoak.ground_idle": {
			"loop": true,
			"animation_length": 4,
			"bones": {
				"body": {
					"position": {
						"0.0": [0, 0, 0],
						"2.0": [0, -1, 0],
						"4.0": [0, 0, 0]
					}
				},
				"botflap1": {
					"rotation": {
						"0.0": [0, 0, 0],
						"2.0": [-10, 0, 0],
						"4.0": [0, 0, 0]
					}
				},
				"botflap2": {
					"rotation": {
						"0.0": [0, 0, 0],
						"2.0": [0, 0, 10],
						"4.0": [0, 0, 0]
					}
				},
				"botflap3": {
					"rotation": {
						"0.0": [0, 0, 0],
						"2.0": [0, 0, -10],
						"4.0": [0, 0, 0]
					}
				},
				"botflap4": {
					"rotation": {
						"0.0": [0, 0, 0],
						"2.0": [10, 0, 0],
						"4.0": [0, 0, 0]
					}
				},
				"arm1": {
					"rotation": {
						"0.0": [-8.29012, 39.27345, 72.03752],
						"4.0": [-8.29012, 39.27345, 72.03752]
					}
				},
				"lowerarm1": {
					"rotation": {
						"0.0": [1.75378, 9.84655, 115.15108],
						"0.1667": [1.83703, 19.84167, 115.47479],
						"0.3333": [1.75378, 9.84655, 115.15108],
						"0.5": [1.83703, 19.84167, 115.47479],
						"0.6667": [1.75378, 9.84655, 115.15108],
						"4.0": [1.75378, 9.84655, 115.15108]
					}
				},
				"arm2": {
					"rotation": {
						"0.0": [-8.29012, -39.27345, -72.03752],
						"4.0": [-8.29012, -39.27345, -72.03752]
					}
				},
				"lowerarm2": {
					"rotation": {
						"0.0": [0, 0, -100],
						"4.0": [0, 0, -100]
					}
				},
				"head": {
					"rotation": {
						"0.0": [5, 0, 0],
						"0.5": [5.07178, -22.42064, -1.93872],
						"0.8333": [5.07178, -22.42064, -1.93872],
						"1.2917": [4.65334, 26.36629, 1.88406],
						"1.6667": [4.65334, 26.36629, 1.88406],
						"2.0": [2.5, 0, 0],
						"4.0": [5, 0, 0]
					}
				}
			}
		},
		"animation.abyssoak.faint": {
			"loop": true,
			"animation_length": 4,
			"bones": {
				"body": {
					"position": [0, 0, 0]
				},
				"botflap1": {
					"rotation": [0, 0, 0]
				},
				"botflap2": {
					"rotation": [0, 0, 0]
				},
				"botflap3": {
					"rotation": [0, 0, 0]
				},
				"botflap4": {
					"rotation": {
						"0.0": [0, 0, 0],
						"4.0": [0, 0, 0]
					}
				},
				"arm1": {
					"rotation": [-8.29012, 39.27345, 72.03752]
				},
				"lowerarm1": {
					"rotation": [1.75378, 9.84655, 115.15108]
				},
				"arm2": {
					"rotation": [-8.29012, -39.27345, -72.03752]
				},
				"lowerarm2": {
					"rotation": [0, 0, -100]
				},
				"head": {
					"rotation": [5, 0, 0]
				}
			}
		},
		"animation.abyssoak.sleep": {
			"loop": true,
			"animation_length": 4,
			"bones": {
				"body": {
					"position": {
						"0.0": [0, -3, 0],
						"4.0": [0, -3, 0]
					}
				},
				"torso": {
					"rotation": {
						"0.0": [15, 0, 0],
						"4.0": [15, 0, 0]
					},
					"scale": {
						"0.0": [1, 1, 1],
						"2.0": [1.025, 1, 1.025],
						"4.0": [1, 1, 1]
					}
				},
				"botflap1": {
					"rotation": {
						"0.0": [-75, 0, 0],
						"4.0": [-75, 0, 0]
					}
				},
				"botflap2": {
					"rotation": {
						"0.0": [0, 0, 75],
						"4.0": [0, 0, 75]
					}
				},
				"botflap3": {
					"rotation": {
						"0.0": [0, 0, -75],
						"4.0": [0, 0, -75]
					}
				},
				"botflap4": {
					"rotation": {
						"0.0": [75, 0, 0],
						"4.0": [75, 0, 0]
					}
				},
				"arm1": {
					"rotation": {
						"0.0": [0, 15, 90],
						"4.0": [0, 15, 90]
					}
				},
				"arm2": {
					"rotation": {
						"0.0": [0, -15, -90],
						"4.0": [0, -15, -90]
					}
				},
				"head": {
					"rotation": {
						"0.0": [19.14314, -5.90316, 16.50371],
						"2.0": [24.14314, -5.90316, 16.50371],
						"4.0": [19.14314, -5.90316, 16.50371]
					}
				},
				"eyes": {
					"scale": {
						"0.0": [0, 0, 0],
						"4.0": [0, 0, 0]
					}
				}
			}
		}
	}
}