{
	"format_version": "1.8.0",
	"animations": {
		"animation.tsareena.ground_idle": {
			"loop": true,
			"bones": {
				"hair_middle3": {
					"rotation": ["-7.5+math.sin(q.anim_time*120*1-5)*3", 0, 0]
				},
				"hair_middle4": {
					"rotation": [-7.5, 0, 0]
				},
				"hair_middle5": {
					"rotation": ["7.5+math.sin(q.anim_time*120*1-45)*5", 0, 0]
				},
				"hair_middle6": {
					"rotation": ["8+math.sin(q.anim_time*120*1-45)*8", 0, 0]
				},
				"hair_right3": {
					"rotation": ["-7.5+math.sin(q.anim_time*120*1-5)*5", 0, 0]
				},
				"hair_right4": {
					"rotation": [-7.5, 0, 0]
				},
				"hair_right5": {
					"rotation": ["7.5+math.sin(q.anim_time*120*1-45)*5", 0, 0]
				},
				"hair_right6": {
					"rotation": ["10+math.sin(q.anim_time*120*1-140)*8", 0, 0]
				},
				"hair_left3": {
					"rotation": ["-7.5+math.sin(q.anim_time*120*1-5)*5", 0, 0]
				},
				"hair_left4": {
					"rotation": [-7.5, 0, 0]
				},
				"hair_left5": {
					"rotation": ["7.5+math.sin(q.anim_time*120*1-45)*5", 0, 0]
				},
				"hair_left6": {
					"rotation": ["10+math.sin(q.anim_time*120*1-140)*8", 0, 0]
				},
				"arm_right": {
					"rotation": ["30-math.sin(q.anim_time*120*1)*2", -35, -35]
				},
				"arm_right2": {
					"rotation": [0, -80, 0]
				},
				"hand_right": {
					"rotation": [0, 0, -40]
				},
				"arm_left": {
					"rotation": ["20-math.sin(q.anim_time*120*1)*2", 35, 45]
				},
				"arm_left2": {
					"rotation": [0, 75, 0]
				},
				"hand_left": {
					"rotation": [0, 0, 40]
				},
				"body": {
					"rotation": [0, 0, 0],
					"position": [0, -1.3, 0]
				},
				"leg_right": {
					"rotation": ["-12.49-math.sin(q.anim_time*120*1)*3", -0.54, -7.44],
					"position": [0, 0.8, -0.9]
				},
				"leg_right2": {
					"rotation": ["7.5+math.sin(q.anim_time*120*1)*1", 0, 0]
				},
				"leg_left": {
					"rotation": ["1.8016-math.sin(q.anim_time*120*1)*3", -37.78346, "4.3834+math.sin(q.anim_time*120*1)*2"],
					"position": [0, 0, 1]
				},
				"leg_left2": {
					"rotation": ["17.5-math.sin(q.anim_time*120*1)*1", 0, 0]
				},
				"torso_top": {
					"rotation": ["0+math.sin(q.anim_time*120*1)*2", 0, 0]
				},
				"head": {
					"rotation": ["0+math.sin(q.anim_time*120*1)*2", 0, 0]
				},
				"torso_bottom": {
					"rotation": ["0+math.sin(q.anim_time*120*1)*2", 0, 0]
				}
			}
		},
		"animation.tsareena.battle_idle": {
			"loop": true,
			"bones": {
				"hair_middle3": {
					"rotation": [-7.5, 0, 0]
				},
				"hair_middle4": {
					"rotation": [-7.5, 0, 0]
				},
				"hair_middle5": {
					"rotation": ["7.5+math.sin(q.anim_time*120*1)*3", 0, 0]
				},
				"hair_middle6": {
					"rotation": ["15+math.sin(q.anim_time*120*1-90)*4", 0, 0]
				},
				"hair_right3": {
					"rotation": [-7.5, 0, 0]
				},
				"hair_right4": {
					"rotation": [-7.5, 0, 0]
				},
				"hair_right5": {
					"rotation": ["7.5+math.sin(q.anim_time*120*1)*3", 0, 0]
				},
				"hair_right6": {
					"rotation": ["15+math.sin(q.anim_time*120*1-90)*4", 0, 0]
				},
				"hair_left3": {
					"rotation": [-7.5, 0, 0]
				},
				"hair_left4": {
					"rotation": [-7.5, 0, 0]
				},
				"hair_left5": {
					"rotation": ["7.5+math.sin(q.anim_time*120*1)*3", 0, 0]
				},
				"hair_left6": {
					"rotation": ["15+math.sin(q.anim_time*120*1-90)*4", 0, 0]
				},
				"arm_right": {
					"rotation": ["31.8199-math.sin(q.anim_time*120*1)*2", 7.12951, -1.89444]
				},
				"arm_right2": {
					"rotation": [-44.56145, -75.89396, 45.43855]
				},
				"hand_right": {
					"rotation": [0, 0, -40]
				},
				"arm_left": {
					"rotation": ["15.5599-math.sin(q.anim_time*120*1)*2", 16.2286, 37.07919]
				},
				"arm_left2": {
					"rotation": [0, 22.5, 0]
				},
				"hand_left": {
					"rotation": [0, 0, 17.5]
				},
				"body": {
					"rotation": [0, 22.5, 0],
					"position": [0, -1.3, 0]
				},
				"leg_right": {
					"rotation": ["5.5-math.sin(q.anim_time*120*1)*3", 24.30255, "-9.233-math.sin(q.anim_time*120*1)*1"],
					"position": [0, 0.8, -0.9]
				},
				"leg_right2": {
					"rotation": [1, 0, 0]
				},
				"leg_left": {
					"rotation": ["-3.8676-math.sin(q.anim_time*120*1)*3", -44.45512, "-17.1404+math.sin(q.anim_time*120*1)*2.5"],
					"position": [0, 1.5, 1]
				},
				"leg_left2": {
					"rotation": ["2-math.sin(q.anim_time*120*1)*1", 0, 0]
				},
				"torso_top": {
					"rotation": ["0+math.sin(q.anim_time*120*1)*2", 0, 0]
				},
				"head": {
					"rotation": ["math.sin(q.anim_time*120*1)*2", -21, 0]
				},
				"torso_bottom": {
					"rotation": ["math.sin(q.anim_time*120*1)*2", 0, 12.5]
				}
			}
		},
		"animation.tsareena.ground_walk": {
			"loop": true,
			"animation_length": 3,
			"bones": {
				"hair_middle3": {
					"rotation": [-7.5, 0, 0]
				},
				"hair_middle4": {
					"rotation": [-7.5, 0, 0]
				},
				"hair_middle5": {
					"rotation": ["7.5+math.sin(q.anim_time*120*1)*3", 0, 0]
				},
				"hair_middle6": {
					"rotation": ["15+math.sin(q.anim_time*120*1-90)*4", 0, 0]
				},
				"hair_right3": {
					"rotation": [-7.5, 0, 0]
				},
				"hair_right4": {
					"rotation": [-7.5, 0, 0]
				},
				"hair_right5": {
					"rotation": ["7.5+math.sin(q.anim_time*120*1)*3", 0, 0]
				},
				"hair_right6": {
					"rotation": ["15+math.sin(q.anim_time*120*1-90)*4", 0, 0]
				},
				"hair_left3": {
					"rotation": [-7.5, 0, 0]
				},
				"hair_left4": {
					"rotation": [-7.5, 0, 0]
				},
				"hair_left5": {
					"rotation": ["7.5+math.sin(q.anim_time*120*1)*3", 0, 0]
				},
				"hair_left6": {
					"rotation": ["15+math.sin(q.anim_time*120*1-90)*4", 0, 0]
				},
				"arm_right": {
					"rotation": ["16.6431-math.sin(q.anim_time*120*4)*3", 5.9032, "-16.5037+math.sin(q.anim_time*120*4)*1"]
				},
				"arm_right2": {
					"rotation": [0, -75, 0]
				},
				"hand_right": {
					"rotation": [0, 0, "-12.5-math.sin(q.anim_time*120*4)*5"]
				},
				"arm_left": {
					"rotation": ["16.6431-math.sin(q.anim_time*120*4)*3", -5.90316, "16.5037-math.sin(q.anim_time*120*4)*1"]
				},
				"arm_left2": {
					"rotation": [0, 75, 0]
				},
				"hand_left": {
					"rotation": [0, 0, "12.5+math.sin(q.anim_time*120*4)*5"]
				},
				"body": {
					"position": {
						"0.0": [0, -1.3, 0],
						"0.375": [0, -0.3, 0],
						"0.75": [0, -1.3, 0],
						"1.125": [0, -0.3, 0],
						"1.5": [0, -1.3, 0],
						"1.8333": [0, -0.3, 0],
						"2.2083": [0, -1.3, 0],
						"2.5833": [0, -0.3, 0],
						"2.9583": [0, -1.3, 0]
					}
				},
				"leg_right": {
					"rotation": {
						"0.0": {
							"post": [22.5, 0, 0],
							"lerp_mode": "catmullrom"
						},
						"0.75": {
							"post": [-22.5, 0, 0],
							"lerp_mode": "catmullrom"
						},
						"1.5": {
							"post": [22.5, 0, 0],
							"lerp_mode": "catmullrom"
						},
						"2.25": {
							"post": [-22.5, 0, 0],
							"lerp_mode": "catmullrom"
						},
						"3.0": [22.5, 0, 0]
					}
				},
				"leg_right2": {
					"rotation": {
						"0.0": {
							"post": [0, 0, 0],
							"lerp_mode": "catmullrom"
						},
						"0.375": {
							"post": [40, 0, 0],
							"lerp_mode": "catmullrom"
						},
						"0.75": {
							"post": [0, 0, 0],
							"lerp_mode": "catmullrom"
						},
						"1.5": {
							"post": [0, 0, 0],
							"lerp_mode": "catmullrom"
						},
						"1.875": {
							"post": [40, 0, 0],
							"lerp_mode": "catmullrom"
						},
						"2.25": {
							"post": [0, 0, 0],
							"lerp_mode": "catmullrom"
						},
						"3.0": [0, 0, 0]
					}
				},
				"leg_left": {
					"rotation": {
						"0.0": {
							"post": [-22.5, 0, 0],
							"lerp_mode": "catmullrom"
						},
						"0.75": {
							"post": [22.5, 0, 0],
							"lerp_mode": "catmullrom"
						},
						"1.5": {
							"post": [-22.5, 0, 0],
							"lerp_mode": "catmullrom"
						},
						"2.25": {
							"post": [22.5, 0, 0],
							"lerp_mode": "catmullrom"
						},
						"3.0": [-22.5, 0, 0]
					}
				},
				"leg_left2": {
					"rotation": {
						"0.0": {
							"post": [0, 0, 0],
							"lerp_mode": "catmullrom"
						},
						"0.375": {
							"post": [0, 0, 0],
							"lerp_mode": "catmullrom"
						},
						"0.75": {
							"post": [0, 0, 0],
							"lerp_mode": "catmullrom"
						},
						"1.125": {
							"post": [40, 0, 0],
							"lerp_mode": "catmullrom"
						},
						"1.5": {
							"post": [0, 0, 0],
							"lerp_mode": "catmullrom"
						},
						"2.25": {
							"post": [0, 0, 0],
							"lerp_mode": "catmullrom"
						},
						"2.625": {
							"post": [40, 0, 0],
							"lerp_mode": "catmullrom"
						},
						"3.0": {
							"post": [0, 0, 0],
							"lerp_mode": "catmullrom"
						}
					}
				},
				"torso_top": {
					"rotation": ["0+math.sin(q.anim_time*120*4)*2", 0, 0]
				},
				"head": {
					"rotation": ["0+math.sin(q.anim_time*120*3)*1.5", 0, 0]
				}
			}
		},
		"animation.tsareena.physical": {
			"animation_length": 2.0833,
			"bones": {
				"hair_middle3": {
					"rotation": [-7.5, 0, 0]
				},
				"hair_middle4": {
					"rotation": [-7.5, 0, 0]
				},
				"hair_middle5": {
					"rotation": ["7.5+math.sin(q.anim_time*120*1)*3", 0, 0]
				},
				"hair_middle6": {
					"rotation": ["15+math.sin(q.anim_time*120*1-90)*4", 0, 0]
				},
				"hair_right3": {
					"rotation": [-7.5, 0, 0]
				},
				"hair_right4": {
					"rotation": [-7.5, 0, 0]
				},
				"hair_right5": {
					"rotation": ["7.5+math.sin(q.anim_time*120*1)*3", 0, 0]
				},
				"hair_right6": {
					"rotation": ["15+math.sin(q.anim_time*120*1-90)*4", 0, 0]
				},
				"hair_left3": {
					"rotation": [-7.5, 0, 0]
				},
				"hair_left4": {
					"rotation": [-7.5, 0, 0]
				},
				"hair_left5": {
					"rotation": ["7.5+math.sin(q.anim_time*120*1)*3", 0, 0]
				},
				"hair_left6": {
					"rotation": ["15+math.sin(q.anim_time*120*1-90)*4", 0, 0]
				},
				"arm_right": {
					"rotation": {
						"0.0": ["30-math.sin(q.anim_time*120*1)*2", -35, -35],
						"0.4167": ["30-math.sin(q.anim_time*120*1)*2", -35, -35],
						"1.0417": {
							"pre": [41.2424, -51.23472, -51.22665],
							"post": [41.2424, -51.23472, -51.22665],
							"lerp_mode": "catmullrom"
						},
						"1.3333": {
							"post": [18.71217, -15.54038, 8.96532],
							"lerp_mode": "catmullrom"
						},
						"1.7083": {
							"post": [14.95087, -19.6952, 21.34052],
							"lerp_mode": "catmullrom"
						},
						"2.0833": ["30-math.sin(q.anim_time*120*1)*2", -35, -35]
					}
				},
				"arm_right2": {
					"rotation": {
						"0.0": [0, -80, 0],
						"0.4167": [0, -80, 0],
						"1.0417": {
							"pre": [0, -80, 0],
							"post": [0, -80, 0],
							"lerp_mode": "catmullrom"
						},
						"1.3333": {
							"post": [0, -17.5, 0],
							"lerp_mode": "catmullrom"
						},
						"1.7917": {
							"post": [0, -17.5, 0],
							"lerp_mode": "catmullrom"
						},
						"2.0833": [0, -80, 0]
					}
				},
				"hand_right": {
					"rotation": {
						"0.0": [0, 0, -40],
						"1.0417": [0, 0, -40],
						"1.3333": [0, 0, 32.5],
						"2.0833": [0, 0, -40]
					}
				},
				"arm_left": {
					"rotation": {
						"0.0": ["20-math.sin(q.anim_time*120*1)*2", 35, 45],
						"0.4167": ["20-math.sin(q.anim_time*120*1)*2", 35, 45],
						"1.0417": {
							"pre": [28.2524, 53.22072, 56.68625],
							"post": [28.2524, 53.22072, 56.68625],
							"lerp_mode": "catmullrom"
						},
						"1.3333": {
							"post": [31.38353, -24.89153, -5.11981],
							"lerp_mode": "catmullrom"
						},
						"1.7083": {
							"post": [34.677, -19.06801, -13.89321],
							"lerp_mode": "catmullrom"
						},
						"2.0833": ["20-math.sin(q.anim_time*120*1)*2", 35, 45]
					}
				},
				"arm_left2": {
					"rotation": {
						"0.0": [0, 75, 0],
						"1.0417": {
							"pre": [0, 75, 0],
							"post": [0, 75, 0],
							"lerp_mode": "catmullrom"
						},
						"1.3333": {
							"post": [0, 12.5, 0],
							"lerp_mode": "catmullrom"
						},
						"1.7917": {
							"post": [0, 12.5, 0],
							"lerp_mode": "catmullrom"
						},
						"2.0833": [0, 75, 0]
					}
				},
				"hand_left": {
					"rotation": {
						"0.0": [0, 0, 40],
						"1.0417": [0, 0, 40],
						"1.3333": [0, 0, -32.5],
						"2.0833": [0, 0, 40]
					}
				},
				"body": {
					"rotation": {
						"0.4167": [0, 0, 0],
						"0.5": [0, 0, 0],
						"1.0417": [10, 0, -5],
						"1.3333": [8.68475, 32.83747, -4.51485],
						"2.0833": [0, 0, 0]
					},
					"position": {
						"0.4167": [0, -1.3, 0],
						"0.5": [0, -1.3, 0],
						"0.8333": [3.4, -0.87, 1],
						"1.0417": [3.4, -0.6, 1.9],
						"1.0833": [4.03, -0.49, 1.63],
						"1.2083": [2.62, 0.06, 1.41],
						"1.2917": [2.34, 0.09, 1.27],
						"1.3333": [3, 0.2, 0.5],
						"1.5833": [1, -0.3, 1.33],
						"2.0833": [0, -1.3, 0]
					}
				},
				"leg_right": {
					"rotation": {
						"0.4167": ["-12.49-math.sin(q.anim_time*120*1)*3", -0.54, -7.44],
						"0.5": ["-12.49-math.sin(q.anim_time*120*1)*3", -0.54, -7.44],
						"1.0417": [-12.49, -0.54, -7.44],
						"1.2083": [-7.34153, 3.62002, 13.77082],
						"1.3333": [-3.42797, 6.41145, 28.464],
						"2.0833": ["-12.49-math.sin(q.anim_time*120*1)*3", -0.54, -7.44]
					},
					"position": [0, 0.8, -0.9]
				},
				"leg_right2": {
					"rotation": {
						"0.4167": ["7.5+math.sin(q.anim_time*120*1)*1", 0, 0],
						"0.5": ["7.5+math.sin(q.anim_time*120*1)*1", 0, 0],
						"1.0417": {
							"pre": [0, 0, 0],
							"post": [0, 0, 0],
							"lerp_mode": "catmullrom"
						},
						"2.0833": ["7.5+math.sin(q.anim_time*120*1)*1", 0, 0]
					}
				},
				"leg_left": {
					"rotation": {
						"0.4167": ["1.8016-math.sin(q.anim_time*120*1)*3", -37.78346, "4.3834+math.sin(q.anim_time*120*1)*2"],
						"0.5": ["1.8016-math.sin(q.anim_time*120*1)*3", -37.78, "4.3834+math.sin(q.anim_time*120*1)*2"],
						"1.2083": {
							"pre": [17.3067, -37.78, 4.0467],
							"post": [17.3067, -37.78, 4.0467],
							"lerp_mode": "catmullrom"
						},
						"1.25": {
							"post": [-90.1933, -37.78, 4.0467],
							"lerp_mode": "catmullrom"
						},
						"1.6667": {
							"post": [-92.6933, -37.78, 4.0467],
							"lerp_mode": "catmullrom"
						},
						"2.0833": ["1.8016-math.sin(q.anim_time*120*1)*3", -37.78, "4.3834+math.sin(q.anim_time*120*1)*2"]
					},
					"position": [0, 0, 1]
				},
				"leg_left2": {
					"rotation": {
						"0.5": ["17.5-math.sin(q.anim_time*120*1)*1", 0, 0],
						"1.2083": {
							"pre": [72.5, 0, 0],
							"post": [72.5, 0, 0],
							"lerp_mode": "catmullrom"
						},
						"1.2917": ["5-math.sin(q.anim_time*120*1)*1", 0, 0],
						"2.0833": ["17.5-math.sin(q.anim_time*120*1)*1", 0, 0]
					}
				},
				"torso_top": {
					"rotation": ["0+math.sin(q.anim_time*120*1)*2", 0, 0]
				},
				"head": {
					"rotation": {
						"0.0": ["0+math.sin(q.anim_time*120*1)*2", 0, 0],
						"0.5": ["0+math.sin(q.anim_time*120*1)*2", 0, 0],
						"0.875": {
							"pre": [12.5, 0, 0],
							"post": [12.5, 0, 0],
							"lerp_mode": "catmullrom"
						},
						"1.3333": {
							"post": [-27.5, -22.5, 0],
							"lerp_mode": "catmullrom"
						},
						"2.0833": ["0+math.sin(q.anim_time*120*1)*2", 0, 0]
					}
				},
				"torso_bottom": {
					"rotation": {
						"0.4167": ["0+math.sin(q.anim_time*120*1)*2", 0, 0],
						"0.5": ["0+math.sin(q.anim_time*120*1)*2", 0, 0],
						"1.0417": {
							"pre": [0.11267, 1.29876, 9.91615],
							"post": [0.11267, 1.29876, 9.91615],
							"lerp_mode": "catmullrom"
						},
						"1.3333": {
							"post": [-6.80423, -3.1622, -24.81197],
							"lerp_mode": "catmullrom"
						},
						"2.0833": ["0+math.sin(q.anim_time*120*1)*2", 0, 0]
					}
				}
			}
		},
		"animation.tsareena.blink": {
			"animation_length": 0.1667,
			"bones": {
				"eyelid_right": {
					"position": {
						"0.0": [0, 0, -0.1],
						"0.125": [0, 0, -0.1],
						"0.1667": [0, 0, 0]
					}
				},
				"eyelid_left": {
					"position": {
						"0.0": [0, 0, -0.1],
						"0.125": [0, 0, -0.1],
						"0.1667": [0, 0, 0]
					}
				}
			}
		},
		"animation.tsareena.cry": {
			"animation_length": 1.875,
			"bones": {
				"head": {
					"rotation": {
						"0.0": [0, 0, 0],
						"0.125": {
							"pre": [17.5, 0, 0],
							"post": [17.5, 0, 0],
							"lerp_mode": "catmullrom"
						},
						"0.5417": {
							"post": [-17.5, 0, 0],
							"lerp_mode": "catmullrom"
						},
						"1.875": [0, 0, 0]
					}
				},
				"eyelid_right": {
					"position": {
						"0.0": [0, 0, 0],
						"0.0417": [0, 0, 0],
						"0.0833": [0, 0, -0.1],
						"1.125": [0, 0, -0.1],
						"1.1667": [0, 0, 0]
					}
				},
				"eyelid_left": {
					"position": {
						"0.0": [0, 0, 0],
						"0.0417": [0, 0, 0],
						"0.0833": [0, 0, -0.1],
						"1.125": [0, 0, -0.1],
						"1.1667": [0, 0, 0]
					}
				}
			},
			"sound_effects": {
				"0.2083": {
					"effect": "pokemon.tsareena.cry"
				}
			}
		}
	}
}