{
	"format_version": "1.8.0",
	"animations": {
		"animation.mewtwokq.ground_idle": {
			"loop": true,
			"animation_length": 4,
			"bones": {
				"tail": {
					"rotation": {
						"0.0": [10, 0, 0],
						"2.0": [22.5, 0, 0],
						"4.0": [10, 0, 0]
					}
				},
				"tail2": {
					"rotation": [15, 0, 0]
				},
				"tail3": {
					"rotation": [45, 0, 0]
				},
				"tail4": {
					"rotation": [15, 0, 0]
				},
				"tail5": {
					"rotation": [-52.5, 0, 0]
				},
				"tail6": {
					"rotation": [-45, 0, 0]
				},
				"leftarm": {
					"rotation": [15, -10, 50]
				},
				"leftforearm": {
					"rotation": [0, 45, 0]
				},
				"lefthand": {
					"rotation": [0, 0, 15]
				},
				"finger4": {
					"rotation": [0, 0, 27.5]
				},
				"finger5": {
					"rotation": [0, 0, 30]
				},
				"finger6": {
					"rotation": [0, 0, 25]
				},
				"rightarm": {
					"rotation": [15, 10, -50]
				},
				"rightforearm": {
					"rotation": [0, -45, 0]
				},
				"righthand": {
					"rotation": [0, 0, -15]
				},
				"finger": {
					"rotation": [0, 0, -27.5]
				},
				"finger2": {
					"rotation": [0, 0, -30]
				},
				"finger3": {
					"rotation": [0, 0, -25]
				},
				"arm_left": {
					"rotation": [22.15427, 47.4751, 69.36699],
					"position": [0, 0, 1]
				},
				"arm_left2": {
					"rotation": {
						"0.0": [41.67363, 71.48302, -254.37909],
						"2.0": [33.32942, 67.51009, -263.04765],
						"4.0": [41.67363, 71.48302, -254.37909]
					},
					"position": [1, 0, 0]
				},
				"hand_left": {
					"rotation": [0, 0, 15]
				},
				"finger_left": {
					"rotation": [0, 0, 67.5]
				},
				"finger_left2": {
					"rotation": [0, -12.5, 67.5]
				},
				"finger_left3": {
					"rotation": [0, 12.5, 67.5]
				},
				"arm_right": {
					"rotation": [22.1543, "-47.4751", "-69.367"]
				},
				"arm_right2": {
					"rotation": {
						"0.0": [-12.75447, -73.8786, -56.09903],
						"2.0": [-48.66145, -65.79555, -18.0965],
						"4.0": [-12.75447, -73.8786, -56.09903]
					},
					"position": [-1, -1, 0]
				},
				"hand_right": {
					"rotation": [0, -7.5, -30]
				},
				"finger_right": {
					"rotation": [0, 0, "-67.5"]
				},
				"finger_right2": {
					"rotation": [0, 12.5, "-67.5"]
				},
				"finger_right3": {
					"rotation": [0, -12.5, "-67.5"]
				},
				"tail8": {
					"rotation": [-42.5, 0, 0]
				},
				"tail9": {
					"rotation": [-42.5, 0, 0]
				}
			}
		},
		"animation.mewtwokq.air_idle": {
			"loop": true,
			"bones": {
				"tail": {
					"rotation": [5, 0, 0]
				},
				"tail2": {
					"rotation": [15, 0, 0]
				},
				"tail3": {
					"rotation": [30, 0, 0]
				},
				"tail4": {
					"rotation": [15, 0, 0]
				},
				"tail5": {
					"rotation": [-30, 0, 0]
				},
				"tail6": {
					"rotation": [-30, 0, 0]
				},
				"leftarm": {
					"rotation": [30, -5, 47.5]
				},
				"leftforearm": {
					"rotation": [0, 30, 0]
				},
				"lefthand": {
					"rotation": [0, 0, 15]
				},
				"finger4": {
					"rotation": [0, 0, 27.5]
				},
				"finger5": {
					"rotation": [0, 0, 30]
				},
				"finger6": {
					"rotation": [0, 0, 25]
				},
				"rightarm": {
					"rotation": [30, 5, -47.5]
				},
				"rightforearm": {
					"rotation": [0, -30, 0]
				},
				"righthand": {
					"rotation": [0, 0, -15]
				},
				"finger": {
					"rotation": [0, 0, -27.5]
				},
				"finger2": {
					"rotation": [0, 0, -30]
				},
				"finger3": {
					"rotation": [0, 0, -25]
				},
				"body": {
					"rotation": [5, 0, 0],
					"position": [0, 2, 0]
				},
				"rightleg": {
					"rotation": [5, 0, 0]
				},
				"rightknee": {
					"rotation": [5, 0, 0]
				},
				"rightfoot": {
					"rotation": [25, 0, 0]
				},
				"neck": {
					"rotation": [0, 47.5, 0]
				},
				"head": {
					"rotation": [-2.5, 0, 0]
				},
				"leftleg": {
					"rotation": [5, 0, 0]
				},
				"leftknee": {
					"rotation": [5, 0, 0]
				},
				"leftfoot": {
					"rotation": [25, 0, 0]
				},
				"arm_left": {
					"rotation": [100.5932, -3.56011, 5.10757]
				},
				"arm_left2": {
					"rotation": [-75.65143, 69.40933, -76.53361]
				},
				"hand_left": {
					"rotation": [0, 0, 15]
				},
				"finger_left": {
					"rotation": [0, 0, 117.5]
				},
				"finger_left2": {
					"rotation": [6.32526, -10.80355, -8.09871]
				},
				"finger_left3": {
					"rotation": [-4.3361, 11.73507, 2.05418]
				},
				"arm_right": {
					"rotation": [49.85516, -70.52232, -100.84773],
					"position": [-1, 0, 0]
				},
				"arm_right2": {
					"rotation": [-92.89876, -56.25887, 53.60573]
				},
				"hand_right": {
					"rotation": [0, 0, -15]
				},
				"finger_right": {
					"rotation": [0, 0, -107.5]
				},
				"finger_right2": {
					"rotation": [1.6575, 12.39135, -14.82005]
				},
				"finger_right3": {
					"rotation": [-2.20462, -12.3071, -12.26228]
				},
				"torso2": {
					"rotation": [0, -40, 0]
				}
			}
		},
		"animation.mewtwokq.air_fly": {
			"loop": true,
			"animation_length": 8.25,
			"bones": {
				"tail": {
					"rotation": {
						"0.0": [-10, 0, 0],
						"8.25": [7.5, 0, 0]
					}
				},
				"tail2": {
					"rotation": {
						"0.0": [-7.5, 0, 0],
						"8.25": [-20, 0, 0]
					}
				},
				"tail3": {
					"rotation": {
						"0.0": [-7.5, 0, 0],
						"8.25": [-12.5, 0, 0]
					}
				},
				"tail4": {
					"rotation": {
						"0.0": [-7.5, 0, 0],
						"8.25": [-5, 0, 0]
					}
				},
				"tail5": {
					"rotation": [7.5, 0, 0]
				},
				"tail6": {
					"rotation": [7.5, 0, 0]
				},
				"leftarm": {
					"rotation": [45, -15, 47.5]
				},
				"leftforearm": {
					"rotation": [0, 30, 0]
				},
				"lefthand": {
					"rotation": [0, 0, 15]
				},
				"finger4": {
					"rotation": [0, 0, 27.5]
				},
				"finger5": {
					"rotation": [0, 0, 30]
				},
				"finger6": {
					"rotation": [0, 0, 25]
				},
				"rightarm": {
					"rotation": [45, 15, -47.5]
				},
				"rightforearm": {
					"rotation": [0, -30, 0]
				},
				"righthand": {
					"rotation": [0, 0, -15]
				},
				"finger": {
					"rotation": [0, 0, -27.5]
				},
				"finger2": {
					"rotation": [0, 0, -30]
				},
				"finger3": {
					"rotation": [0, 0, -25]
				},
				"body": {
					"rotation": [30, 0, 0],
					"position": [0, 2, 0]
				},
				"rightleg": {
					"rotation": [10, 0, 0]
				},
				"rightknee": {
					"rotation": [10, 0, 0]
				},
				"rightfoot": {
					"rotation": [25, 0, 0]
				},
				"neck": {
					"rotation": [-12.5, 0, 0]
				},
				"head": {
					"rotation": [-12.5, 0, 0]
				},
				"leftleg": {
					"rotation": [10, 0, 0]
				},
				"leftknee": {
					"rotation": [10, 0, 0]
				},
				"leftfoot": {
					"rotation": [25, 0, 0]
				},
				"arm_left": {
					"rotation": [48.52384, 24.2701, 86.9485],
					"position": [1, 0, 0]
				},
				"arm_left2": {
					"rotation": {
						"0.0": [112.34974, 65.58318, 115.3356],
						"4.9167": [100.31469, 65.25512, 121.26442]
					},
					"position": {
						"0.0": [0, 1, 0],
						"4.9167": [0, 1, -1]
					}
				},
				"hand_left": {
					"rotation": [0, 0, 15]
				},
				"finger_left": {
					"rotation": [0, 0, 145]
				},
				"finger_left2": {
					"rotation": [0, -12.5, 145]
				},
				"finger_left3": {
					"rotation": [0, 10, 145]
				},
				"arm_right": {
					"rotation": [48.52384, -24.2701, -86.94852],
					"position": [-1, 0, 0]
				},
				"arm_right2": {
					"rotation": {
						"0.0": [75.88649, -79.69532, -76.10524],
						"4.9167": [86.61244, -73.89973, -114.79623]
					},
					"position": {
						"0.0": [0, 1, 0],
						"4.9167": [0, 1, -1]
					}
				},
				"hand_right": {
					"rotation": [0, 0, -15]
				},
				"finger_right": {
					"rotation": [0, 0, -137.5]
				},
				"finger_right2": {
					"rotation": [0, 12.5, -137.5]
				},
				"finger_right3": {
					"rotation": [0, -10, -137.5]
				},
				"tail8": {
					"rotation": [10, 0, 0]
				},
				"tail9": {
					"rotation": [15, 0, 0]
				},
				"leg_right": {
					"rotation": [7.5, 0, 0]
				},
				"foot_right": {
					"rotation": [17.5, 0, 0]
				},
				"leg_left": {
					"rotation": [7.5, 0, 0]
				},
				"foot_left": {
					"rotation": [17.5, 0, 0]
				}
			}
		},
		"animation.mewtwokq.blink": {
			"animation_length": 0.16667,
			"bones": {
				"eyelid_right": {
					"position": {
						"0.0": [-0.1, 0, 0],
						"0.125": [-0.1, 0, 0],
						"0.1667": [0, 0, 0]
					}
				},
				"eyelid_left": {
					"position": {
						"0.0": [0.1, 0, 0],
						"0.125": [0.1, 0, 0],
						"0.1667": [0, 0, 0]
					}
				}
			}
		}
	}
}