{
	"enabled": true,
	"neededInstalledMods": [],
	"neededUninstalledMods": [],
	
	"spawns": [
		{
			"id": "learva-1",
			"pokemon": "learva",
			"presets": ["natural", "treetop"],
			"type": "pokemon",
			"context": "grounded",
			"bucket": "ultra-rare",
			"level": "5-32",
			"weight": 6.0,
			"condition": {
				"minSkyLight": 8,
                "maxSkyLight": 15,
				"timeRange": "day",
				"biomes": [
					"#cobblemon:is_jungle",
					"#cobblemon:is_forest"
				]
			},
			"anticondition": {
				"biomes": [
					"#cobblemon:is_magical",
					"#cobblemon:is_snowy"
				]
			}
		}
	]
}