{
	"format_version": "1.8.0",
	"animations": {
		"animation.sinbul.ground_idle": {
			"loop": true,
			"animation_length": 4,
			"bones": {
				"head": {
					"rotation": {
						"0.0": [0, 0, 0],
						"1.0": [-5.019, 4.98093, -0.43688],
						"2.0": [0, 0, 0],
						"3.0": [-5, -5, 0],
						"4.0": [0, 0, 0]
					}
				},
				"arm": {
					"rotation": {
						"0.0": [0, 32.5, 0],
						"1.0": [17.5, 32.5, 0],
						"2.0": [0, 32.5, 0],
						"3.0": [17.5, 32.5, 0],
						"4.0": [0, 32.5, 0]
					}
				},
				"arm2": {
					"rotation": {
						"0.0": [0, -32.5, 0],
						"1.0": [17.5, -32.5, 0],
						"2.0": [0, -32.5, 0],
						"3.0": [17.5, -32.5, 0],
						"4.0": [0, -32.5, 0]
					}
				},
				"bone": {
					"rotation": {
						"0.0": [36.25873, 58.39167, 40.73592],
						"2.0": [36.25873, 58.39167, 40.73592],
						"4.0": [36.25873, 58.39167, 40.73592]
					},
					"position": {
						"0.0": [-2, 1, 2],
						"2.0": [-2, 1, 2],
						"4.0": [-2, 1, 2]
					}
				},
				"bone2": {
					"rotation": {
						"0.0": [36.25873, -58.39167, -40.73592],
						"2.0": [36.25873, -58.39167, -40.73592],
						"4.0": [36.25873, -58.39167, -40.73592]
					},
					"position": {
						"0.0": [2, 1, 2],
						"2.0": [2, 1, 2],
						"4.0": [2, 1, 2]
					}
				},
				"bone3": {
					"rotation": {
						"0.0": [-47.5, 0, 0],
						"1.0": [-35, 0, 0],
						"2.0": [-47.5, 0, 0],
						"3.0": [-35, 0, 0],
						"4.0": [-47.5, 0, 0]
					},
					"position": {
						"0.0": [0, -2, -1],
						"2.0": [0, -2, -1],
						"4.0": [0, -2, -1]
					}
				}
			}
		},
		"animation.sinbul.ground_walk": {
			"loop": true,
			"animation_length": 0.96,
			"bones": {
				"head": {
					"rotation": {
						"0.0": [0, 0, 0],
						"0.24": [-2.29661, 15.04157, 0.67494],
						"0.48": [0, 0, 0],
						"0.72": [-2.29661, -15.04157, -0.67494],
						"0.96": [0, 0, 0]
					}
				},
				"leg": {
					"rotation": {
						"0.0": [0, 0, 0],
						"0.24": [-25, 0, 0],
						"0.48": [0, 0, 0],
						"0.72": [25, 0, 0],
						"0.96": [0, 0, 0]
					}
				},
				"leg2": {
					"rotation": {
						"0.0": [0, 0, 0],
						"0.24": [25, 0, 0],
						"0.48": [0, 0, 0],
						"0.72": [-25, 0, 0],
						"0.96": [0, 0, 0]
					}
				},
				"arm": {
					"rotation": {
						"0.0": [0, -50, 0],
						"0.48": [0, -50, 0],
						"0.72": [0, -40, 0],
						"0.96": [0, -50, 0]
					},
					"position": [-1, 0, 0]
				},
				"arm2": {
					"rotation": {
						"0.0": [0, 50, 0],
						"0.24": [0, 40, 0],
						"0.48": [0, 50, 0],
						"0.96": [0, 50, 0]
					},
					"position": [1, 0, 0]
				},
				"bone": {
					"rotation": {
						"0.0": [0, -25, 0],
						"0.48": [0, -25, 0],
						"0.96": [0, -25, 0]
					},
					"position": {
						"0.0": [-1, 0.01, 0],
						"0.48": [-1, 0, 0],
						"0.96": [-1, 0, 0]
					}
				},
				"bone2": {
					"rotation": {
						"0.0": [0, 25, 0],
						"0.48": [0, 25, 0],
						"0.96": [0, 25, 0]
					},
					"position": {
						"0.0": [1, 0.01, 0],
						"0.48": [1, 0, 0],
						"0.96": [1, 0, 0]
					}
				},
				"bone3": {
					"rotation": {
						"0.0": [-60, 0, 0],
						"0.24": [-69.76596, 5.42814, 0.15652],
						"0.48": [-60, 0, 0],
						"0.72": [-69.76596, -5.42814, -0.15652],
						"0.96": [-60, 0, 0]
					},
					"position": {
						"0.0": [0, -2, -1],
						"0.48": [0, -2, -1],
						"0.96": [0, -2, -1]
					}
				}
			}
		}
	}
}