{
	"format_version": "1.8.0",
	"animations": {
		"animation.oilug.ground_idle": {
			"loop": true,
			"animation_length": 2.4,
			"bones": {
				"bone": {
					"scale": {
						"0.0": [1, 1, 1],
						"1.2": [1, 0.9, 1],
						"2.4": [1, 1, 1]
					}
				},
				"head": {
					"rotation": {
						"0.0": [0, 0, 0],
						"1.2": [7.5, 0, 0],
						"2.4": [0, 0, 0]
					}
				},
				"arm": {
					"rotation": {
						"0.0": [0, 0, 0],
						"1.2": [0, -17.5, 0],
						"2.4": [0, 0, 0]
					}
				},
				"arm2": {
					"rotation": {
						"0.0": [0, 0, 0],
						"1.2": [0, 17.5, 0],
						"2.4": [0, 0, 0]
					}
				}
			}
		},
		"animation.oilug.ground_walk": {
			"loop": true,
			"animation_length": 0.44,
			"bones": {
				"bone": {
					"scale": {
						"0.0": [1, 1, 1],
						"0.24": [1, 1, 0.7],
						"0.44": [1, 1, 1]
					}
				},
				"head": {
					"rotation": {
						"0.0": [0, 0, 0],
						"0.24": [15, 0, 0],
						"0.44": [0, 0, 0]
					}
				},
				"arm": {
					"rotation": {
						"0.0": [0, 0, 0],
						"0.24": [0, -35, 0],
						"0.44": [0, 0, 0]
					},
					"position": {
						"0.0": [0, 0, 0],
						"0.24": [0, 0, 3],
						"0.44": [0, 0, 0]
					}
				},
				"arm2": {
					"rotation": {
						"0.0": [0, 0, 0],
						"0.24": [0, 35, 0],
						"0.44": [0, 0, 0]
					},
					"position": {
						"0.0": [0, 0, 0],
						"0.24": [0, 0, 3],
						"0.44": [0, 0, 0]
					}
				}
			}
		}
	}
}