{
	"format_version": "1.8.0",
	"animations": {
		"animation.pengimo.ground_idle": {
			"loop": true,
			"animation_length": 9.6,
			"bones": {
				"head": {
					"rotation": {
						"0.0": [0, 0, 0],
						"1.2": [2.5, 0, 0],
						"2.4": [0, 0, 0],
						"3.6": [-2.5, 0, 0],
						"4.8": [0, 0, 0],
						"6.0": [7.5, 0, 0],
						"6.52": [2.5, 0, 0],
						"7.2": [-10, 0, 0],
						"9.6": [0, 0, 0]
					}
				},
				"arm": {
					"rotation": {
						"0.0": [0, 0, 0],
						"6.0": [0, 0, 0],
						"6.68": [0, 0, 0],
						"7.2": [0, 0, -20],
						"7.36": [0, 0, -10],
						"7.52": [0, 0, -20],
						"7.68": [0, 0, -10],
						"9.6": [0, 0, 0]
					}
				},
				"arm2": {
					"rotation": {
						"0.0": [0, 0, 0],
						"6.0": [0, 0, 0],
						"6.68": [0, 0, 0],
						"7.2": [0, 0, 20],
						"7.36": [0, 0, 10],
						"7.52": [0, 0, 20],
						"7.68": [0, 0, 10],
						"9.6": [0, 0, 0]
					}
				}
			}
		},
		"animation.pengimo.ground_walk": {
			"loop": true,
			"animation_length": 0.96,
			"bones": {
				"head": {
					"rotation": {
						"0.0": [0, 0, 0],
						"0.24": [-5.019, 4.98093, -0.43688],
						"0.48": [0, 0, 0],
						"0.72": [-5.019, -4.98093, 0.43688],
						"0.96": [0, 0, 0]
					}
				},
				"arm": {
					"rotation": {
						"0.0": [0, 0, -20],
						"0.24": [0, 0, -32.5],
						"0.48": [0, 0, -20],
						"0.72": [0, 0, -32.5],
						"0.96": [0, 0, -20]
					}
				},
				"arm2": {
					"rotation": {
						"0.0": [0, 0, 20],
						"0.24": [0, 0, 32.5],
						"0.48": [0, 0, 20],
						"0.72": [0, 0, 32.5],
						"0.96": [0, 0, 20]
					}
				},
				"leg": {
					"rotation": {
						"0.0": [0, 0, 0],
						"0.24": [-15, 0, 0],
						"0.48": [0, 0, 0],
						"0.72": [15, 0, 0],
						"0.96": [0, 0, 0]
					}
				},
				"leg2": {
					"rotation": {
						"0.0": [0, 0, 0],
						"0.24": [15, 0, 0],
						"0.48": [0, 0, 0],
						"0.72": [-15, 0, 0],
						"0.96": [0, 0, 0]
					}
				}
			}
		}
	}
}