{
	"format_version": "1.12.0",
	"minecraft:geometry": [
		{
			"description": {
				"identifier": "geometry.enderdrake",
				"texture_width": 128,
				"texture_height": 128,
				"visible_bounds_width": 7,
				"visible_bounds_height": 4.5,
				"visible_bounds_offset": [0, 1.75, 0]
			},
			"bones": [
				{
					"name": "enderdrake",
					"pivot": [0, 0, 0]
				},
				{
					"name": "body",
					"parent": "enderdrake",
					"pivot": [0, 12, 0]
				},
				{
					"name": "torso",
					"parent": "body",
					"pivot": [0, 12.74747, -0.07473],
					"cubes": [
						{"origin": [-4, 7.87939, -9.31596], "size": [8, 7, 8], "pivot": [0, 11.37939, -1.31596], "rotation": [-20, 0, 0], "uv": [36, 0]}
					]
				},
				{
					"name": "wing1",
					"parent": "torso",
					"pivot": [3.75, 16.42185, -7.72458],
					"rotation": [17.5, 0, 0],
					"cubes": [
						{"origin": [3.75, 13.87939, -9.56596], "size": [0, 23, 9], "pivot": [-0.25, 10.37939, -1.56596], "rotation": [-20, 0, 0], "uv": [18, 0]}
					]
				},
				{
					"name": "wingsegment1",
					"parent": "wing1",
					"pivot": [3.75, 26.35243, 5.35073],
					"cubes": [
						{"origin": [3.75, 21.87939, -0.56596], "size": [0, 15, 9], "pivot": [-0.25, 10.37939, -1.56596], "rotation": [-20, 0, 0], "uv": [0, 39]}
					]
				},
				{
					"name": "wingend1",
					"parent": "wingsegment1",
					"pivot": [3.75, 24.52269, 14.23463],
					"cubes": [
						{"origin": [3.75, 13.52269, 13.48463], "size": [0, 16, 11], "pivot": [3.75, 21.52269, 18.98463], "rotation": [-20, 0, 0], "uv": [0, 21]}
					]
				},
				{
					"name": "wing2",
					"parent": "torso",
					"pivot": [-3.75, 16.42185, -7.72458],
					"rotation": [17.5, 0, 0],
					"cubes": [
						{"origin": [-3.75, 13.87939, -9.56596], "size": [0, 23, 9], "pivot": [0.25, 10.37939, -1.56596], "rotation": [-20, 0, 0], "uv": [18, 0], "mirror": true}
					]
				},
				{
					"name": "wingsegment2",
					"parent": "wing2",
					"pivot": [-3.75, 26.35243, 5.35073],
					"cubes": [
						{"origin": [-3.75, 21.87939, -0.56596], "size": [0, 15, 9], "pivot": [0.25, 10.37939, -1.56596], "rotation": [-20, 0, 0], "uv": [0, 39], "mirror": true}
					]
				},
				{
					"name": "wingend2",
					"parent": "wingsegment2",
					"pivot": [-3.75, 24.52269, 14.23463],
					"cubes": [
						{"origin": [-3.75, 13.52269, 13.48463], "size": [0, 16, 11], "pivot": [-3.75, 21.52269, 18.98463], "rotation": [-20, 0, 0], "uv": [0, 21], "mirror": true}
					]
				},
				{
					"name": "neck",
					"parent": "torso",
					"pivot": [0, 12.17082, -7.88361],
					"cubes": [
						{"origin": [-2.5, 12.45812, -12.54022], "size": [5, 5, 8], "pivot": [0, 15.95812, -8.54022], "rotation": [-57.5, 0, 0], "uv": [18, 48]}
					]
				},
				{
					"name": "neck2",
					"parent": "neck",
					"pivot": [0, 17.84647, -12.2503],
					"cubes": [
						{"origin": [-2, 22.7418, -15.82794], "size": [4, 4, 8], "pivot": [-0.25, 21.9918, -12.57794], "rotation": [-110, 0, 0], "uv": [58, 36]}
					]
				},
				{
					"name": "head",
					"parent": "neck2",
					"pivot": [0, 22.86259, -9.41093],
					"cubes": [
						{"origin": [-2.5, 17.86401, -5.51414], "size": [5, 4, 3], "pivot": [0, 27.86401, -7.51414], "rotation": [-90, 0, 0], "uv": [70, 23]},
						{"origin": [-1.5, 19.18112, -8.30905], "size": [3, 4, 1], "pivot": [0, 27.86401, -7.51414], "rotation": [-70, 0, 0], "uv": [32, 0]},
						{"origin": [-2, 16.86401, -4.51414], "size": [4, 1, 2], "pivot": [0, 27.86401, -7.51414], "rotation": [-90, 0, 0], "uv": [14, 0]},
						{"origin": [1, 25.86401, -10.51414], "size": [2, 2, 2], "pivot": [0.5, 27.86401, -7.51414], "rotation": [-90, 0, 0], "uv": [18, 48]},
						{"origin": [-3, 25.86401, -10.51414], "size": [2, 2, 2], "pivot": [-0.5, 27.86401, -7.51414], "rotation": [-90, 0, 0], "uv": [18, 48], "mirror": true},
						{"origin": [-3, 21.86401, -8.51414], "size": [6, 7, 6], "pivot": [0, 27.86401, -7.51414], "rotation": [-90, 0, 0], "uv": [44, 54]}
					]
				},
				{
					"name": "jaw",
					"parent": "head",
					"pivot": [0, 22.86401, -10.51414],
					"cubes": [
						{"origin": [-2.5, 17.86401, -2.51414], "size": [5, 7, 1], "pivot": [0, 27.86401, -7.51414], "rotation": [-90, 0, 0], "uv": [14, 76]}
					]
				},
				{
					"name": "leg1",
					"parent": "torso",
					"pivot": [5.5, 12.6559, -4.39706],
					"cubes": [
						{"origin": [4, 7.10661, -6.27589], "size": [3, 7, 4], "pivot": [5.5, 12.10661, -4.77589], "rotation": [5, 0, 0], "uv": [29, 75]}
					]
				},
				{
					"name": "shin1",
					"parent": "leg1",
					"pivot": [5.5, 7.18253, -3.78697],
					"cubes": [
						{"origin": [4, 0.18253, -5.78697], "size": [3, 7, 4], "uv": [74, 32]}
					]
				},
				{
					"name": "leg2",
					"parent": "torso",
					"pivot": [-5.5, 12.6559, -4.39706],
					"cubes": [
						{"origin": [-7, 7.10661, -6.27589], "size": [3, 7, 4], "pivot": [-5.5, 12.10661, -4.77589], "rotation": [5, 0, 0], "uv": [29, 75], "mirror": true}
					]
				},
				{
					"name": "shin2",
					"parent": "leg2",
					"pivot": [-5.5, 7.18253, -3.78697],
					"cubes": [
						{"origin": [-7, 0.18253, -5.78697], "size": [3, 7, 4], "uv": [74, 32], "mirror": true}
					]
				},
				{
					"name": "lowertorso",
					"parent": "body",
					"pivot": [0, 14.68048, -2.50774],
					"cubes": [
						{"origin": [-3.5, 9.24747, -3.07473], "size": [7, 6, 7], "uv": [37, 41]},
						{"origin": [-4, 10.24747, 1.92527], "size": [8, 6, 6], "pivot": [0, 12.24747, 5.92527], "rotation": [30, 0, 0], "uv": [48, 24]}
					]
				},
				{
					"name": "tail",
					"parent": "lowertorso",
					"pivot": [0, 14.0465, 5.7554],
					"cubes": [
						{"origin": [-3, 11.5465, 5.7554], "size": [6, 5, 6], "uv": [62, 48]}
					]
				},
				{
					"name": "tail2",
					"parent": "tail",
					"pivot": [0, 11.5465, 11.7554],
					"cubes": [
						{"origin": [-2.5, 11.5465, 11.7554], "size": [5, 4, 6], "uv": [62, 61]}
					]
				},
				{
					"name": "tail3",
					"parent": "tail2",
					"pivot": [0, 11.5465, 17.7554],
					"cubes": [
						{"origin": [-2, 11.5465, 17.7554], "size": [4, 3, 6], "uv": [0, 0]}
					]
				},
				{
					"name": "tail4",
					"parent": "tail3",
					"pivot": [0, 11.5465, 23.7554],
					"cubes": [
						{"origin": [-1.5, 11.5465, 23.7554], "size": [3, 2, 6], "uv": [20, 0]}
					]
				},
				{
					"name": "tail5",
					"parent": "tail4",
					"pivot": [0, 11.5465, 29.7554],
					"cubes": [
						{"origin": [-1, 11.5465, 29.7554], "size": [2, 2, 6], "uv": [60, 0]},
						{"origin": [0, 8.5465, 32.7554], "size": [0, 8, 9], "uv": [33, 58]}
					]
				},
				{
					"name": "backleg2",
					"parent": "lowertorso",
					"pivot": [-6, 12.22166, 6.36992],
					"cubes": [
						{"origin": [-8, 7.24747, 1.92527], "size": [4, 8, 7], "pivot": [0, 12.24747, 5.92527], "rotation": [50, 0, 0], "uv": [11, 61], "mirror": true}
					]
				},
				{
					"name": "backshin2",
					"parent": "backleg2",
					"pivot": [-5.75, 8.55131, 8.92527],
					"cubes": [
						{"origin": [-7.25, 0.05131, 6.92527], "size": [3, 11, 4], "uv": [51, 67], "mirror": true}
					]
				},
				{
					"name": "backleg1",
					"parent": "lowertorso",
					"pivot": [6, 12.22166, 6.36992],
					"cubes": [
						{"origin": [4, 7.24747, 1.92527], "size": [4, 8, 7], "pivot": [0, 12.24747, 5.92527], "rotation": [50, 0, 0], "uv": [11, 61]}
					]
				},
				{
					"name": "backshin1",
					"parent": "backleg1",
					"pivot": [5.75, 8.55131, 8.92527],
					"cubes": [
						{"origin": [4.25, 0.05131, 6.92527], "size": [3, 11, 4], "uv": [51, 67]}
					]
				}
			]
		}
	]
}