{
	"format_version": "1.12.0",
	"minecraft:geometry": [
		{
			"description": {
				"identifier": "geometry.unknown",
				"texture_width": 128,
				"texture_height": 128,
				"visible_bounds_width": 4,
				"visible_bounds_height": 6.5,
				"visible_bounds_offset": [0, 2.75, 0]
			},
			"bones": [
				{
					"name": "ironmirage",
					"pivot": [0, 0, 0]
				},
				{
					"name": "body",
					"parent": "ironmirage",
					"pivot": [0, 0, 0]
				},
				{
					"name": "cloud",
					"parent": "body",
					"pivot": [0, 11.5, 0],
					"cubes": [
						{"origin": [-10.5, 0, -10.5], "size": [21, 13, 21], "inflate": -0.2, "uv": [0, 0]},
						{"origin": [-10.5, 0, -10.5], "size": [21, 13, 21], "inflate": 0.05, "uv": [0, 34]},
						{"origin": [-11, -0.5, -11], "size": [22, 14, 22], "uv": [36, 89]}
					]
				},
				{
					"name": "cloud_tail",
					"parent": "cloud",
					"pivot": [-0.5, 0.25, 0.5],
					"cubes": [
						{"origin": [-2.5, -5.75, -3.5], "size": [5, 7, 10], "uv": [21, 70]},
						{"origin": [-3, -6.25, -4], "size": [6, 8, 11], "inflate": -0.1, "uv": [1, 106]}
					]
				},
				{
					"name": "cloud_tail1",
					"parent": "cloud_tail",
					"pivot": [-0.5, -5.75, 2.5],
					"cubes": [
						{"origin": [0, -11.75, 0.5], "size": [0, 6, 9], "uv": [2, 40]}
					]
				},
				{
					"name": "waist",
					"parent": "body",
					"pivot": [0, 0, 0],
					"cubes": [
						{"origin": [-3, 11, -2.5], "size": [6, 6, 5], "uv": [84, 54]},
						{"origin": [-1.5, 16, -1.5], "size": [3, 6, 3], "uv": [69, 0]}
					]
				},
				{
					"name": "chest",
					"parent": "waist",
					"pivot": [0, 21, 0],
					"cubes": [
						{"origin": [-3.5, 21, -3], "size": [7, 9, 6], "uv": [84, 15]},
						{"origin": [-5, 26.5, -4], "size": [10, 4, 8], "uv": [1, 87]},
						{"origin": [-5.5, 28.5, -4.45], "size": [11, 3, 9], "inflate": 0.01, "pivot": [0, 30, 0.05], "rotation": [5, 0, 0], "uv": [44, 68]},
						{"origin": [-5.5, 30.62927, -4.4887], "size": [11, 4, 0], "pivot": [0, 30.62927, -4.4637], "rotation": [-2.5, 0, 0], "uv": [83, 46]},
						{"origin": [5.5, 30.62927, -4.4887], "size": [0, 4, 5], "pivot": [0, 30.62927, -4.4637], "rotation": [-2.5, 0, 0], "uv": [106, 51]},
						{"origin": [-5.5, 30.62927, -4.4887], "size": [0, 4, 5], "pivot": [0, 30.62927, -4.4637], "rotation": [-2.5, 0, 0], "uv": [81, -5]}
					]
				},
				{
					"name": "snake",
					"parent": "chest",
					"pivot": [0, 24.5, 3],
					"cubes": [
						{"origin": [-1.5, 23, 2], "size": [3, 3, 7], "uv": [1, 37]}
					]
				},
				{
					"name": "snake1",
					"parent": "snake",
					"pivot": [0, 24.5, 9],
					"cubes": [
						{"origin": [-1.5, 23, 9], "size": [3, 3, 7], "inflate": -0.001, "uv": [0, 0]}
					]
				},
				{
					"name": "snake2",
					"parent": "snake1",
					"pivot": [0, 24.5, 16],
					"cubes": [
						{"origin": [-1.5, 23, 16], "size": [3, 3, 7], "uv": [11, 69]}
					]
				},
				{
					"name": "snake3",
					"parent": "snake2",
					"pivot": [0, 24.5, 23],
					"cubes": [
						{"origin": [-1.5, 23, 23], "size": [3, 3, 7], "uv": [99, 66]}
					]
				},
				{
					"name": "snake4",
					"parent": "snake3",
					"pivot": [0, 24.5, 30],
					"cubes": [
						{"origin": [-1.5, 23, 30], "size": [3, 3, 7], "uv": [78, 66]}
					]
				},
				{
					"name": "snake5",
					"parent": "snake4",
					"pivot": [0, 24.5, 37],
					"cubes": [
						{"origin": [-1.5, 23, 37], "size": [3, 3, 7], "uv": [69, 9]}
					]
				},
				{
					"name": "snake_head",
					"parent": "snake5",
					"pivot": [0.0065, 24.95393, 44.14131],
					"cubes": [
						{"origin": [-2.5, 23.25, 44], "size": [5, 4, 7], "uv": [102, 76]},
						{"origin": [2.475, 23.48523, 40.93893], "size": [0, 4, 4], "pivot": [2.475, 25.48523, 43.93893], "rotation": [-25, 0, 0], "uv": [96, 74]},
						{"origin": [-2.449, 23.48523, 40.93893], "size": [0, 4, 4], "pivot": [-2.449, 25.48523, 43.93893], "rotation": [-25, 0, 0], "uv": [96, 74]},
						{"origin": [-1.5, 22.25, 51], "size": [3, 1, 0], "uv": [119, 82]}
					]
				},
				{
					"name": "jaw",
					"parent": "snake_head",
					"pivot": [0, 23.66667, 44.83333],
					"cubes": [
						{"origin": [-2, 21.75, 44.5], "size": [4, 2, 6], "uv": [79, 78]},
						{"origin": [-2.75, 22.25, 43.5], "size": [2, 3, 3], "uv": [103, 87]},
						{"origin": [0.75, 22.25, 43.5], "size": [2, 3, 3], "uv": [103, 87]}
					]
				},
				{
					"name": "arms",
					"parent": "chest",
					"pivot": [0, 0, 0]
				},
				{
					"name": "arm_left",
					"parent": "arms",
					"pivot": [4.68333, 28.9, -0.08333],
					"cubes": [
						{"origin": [3.6, 27.9, -1], "size": [9, 2, 2], "inflate": 0.1, "uv": [81, 50]}
					]
				},
				{
					"name": "arm_lower_left",
					"parent": "arm_left",
					"pivot": [11.7, 28.9, 0],
					"cubes": [
						{"origin": [11.6, 27.9, -1], "size": [9, 2, 2], "uv": [98, 42]}
					]
				},
				{
					"name": "hand_left",
					"parent": "arm_lower_left",
					"pivot": [20.6, 28.9, 0],
					"cubes": [
						{"origin": [20.6, 28.4, -1.5], "size": [3, 1, 3], "inflate": 0.02, "uv": [108, 38]}
					]
				},
				{
					"name": "thumb_left",
					"parent": "hand_left",
					"pivot": [22.1, 28.9, -1.5],
					"cubes": [
						{"origin": [21.6, 28.4, -3.5], "size": [1, 1, 2], "inflate": 0.01, "uv": [77, 35]}
					]
				},
				{
					"name": "thumb_tip_left",
					"parent": "thumb_left",
					"pivot": [22.1, 28.9, -3.5],
					"cubes": [
						{"origin": [21.6, 28.4, -4.5], "size": [1, 1, 1], "uv": [72, 14]}
					]
				},
				{
					"name": "glove_left",
					"parent": "hand_left",
					"pivot": [23.6, 28.9, 0],
					"cubes": [
						{"origin": [23.6, 28.4, -1.5], "size": [2, 1, 3], "inflate": 0.01, "uv": [76, 40]}
					]
				},
				{
					"name": "glove_tip_left",
					"parent": "glove_left",
					"pivot": [25.6, 28.9, 0],
					"cubes": [
						{"origin": [25.6, 28.4, -1.5], "size": [1, 1, 3], "uv": [110, 20]}
					]
				},
				{
					"name": "arm_right",
					"parent": "arms",
					"pivot": [-4.68333, 28.9, -0.08333],
					"cubes": [
						{"origin": [-12.6, 27.9, -1], "size": [9, 2, 2], "inflate": 0.1, "uv": [81, 50], "mirror": true}
					]
				},
				{
					"name": "arm_lower_right",
					"parent": "arm_right",
					"pivot": [-11.7, 28.9, 0],
					"cubes": [
						{"origin": [-20.6, 27.9, -1], "size": [9, 2, 2], "uv": [98, 42], "mirror": true}
					]
				},
				{
					"name": "hand_right",
					"parent": "arm_lower_right",
					"pivot": [-20.6, 28.9, 0],
					"cubes": [
						{"origin": [-23.6, 28.4, -1.5], "size": [3, 1, 3], "inflate": 0.02, "uv": [108, 38], "mirror": true}
					]
				},
				{
					"name": "glove_right",
					"parent": "hand_right",
					"pivot": [-23.6, 28.9, 0],
					"cubes": [
						{"origin": [-25.6, 28.4, -1.5], "size": [2, 1, 3], "inflate": 0.01, "uv": [76, 40], "mirror": true}
					]
				},
				{
					"name": "glove_tip_right",
					"parent": "glove_right",
					"pivot": [-25.6, 28.9, 0],
					"cubes": [
						{"origin": [-26.6, 28.4, -1.5], "size": [1, 1, 3], "uv": [110, 20], "mirror": true}
					]
				},
				{
					"name": "thumb_right",
					"parent": "hand_right",
					"pivot": [-22.1, 28.9, -1.5],
					"cubes": [
						{"origin": [-22.6, 28.4, -3.5], "size": [1, 1, 2], "inflate": 0.01, "uv": [77, 35], "mirror": true}
					]
				},
				{
					"name": "thumb_tip_right",
					"parent": "thumb_right",
					"pivot": [-22.1, 28.9, -3.5],
					"cubes": [
						{"origin": [-22.6, 28.4, -4.5], "size": [1, 1, 1], "uv": [72, 14], "mirror": true}
					]
				},
				{
					"name": "neck",
					"parent": "chest",
					"pivot": [0, 0, 0],
					"cubes": [
						{"origin": [-1, 29, -0.5], "size": [2, 5, 2], "uv": [64, 35]}
					]
				},
				{
					"name": "head",
					"parent": "neck",
					"pivot": [0, 32, 0.5],
					"cubes": [
						{"origin": [-3.5, 32, -3.5], "size": [7, 8, 7], "uv": [84, 0]},
						{"origin": [1.5, 36, -7.5], "size": [0, 3, 5], "pivot": [1.5, 37.5, -3.5], "rotation": [-31.01572, -1.35394, 24.18539], "uv": [117, 0]},
						{"origin": [3.5, 34.25, -0.5], "size": [0, 3, 6], "pivot": [3.5, 35.75, -0.5], "rotation": [21.63707, 29.35105, 3.90704], "uv": [64, 4]},
						{"origin": [-1.5, 40, -1.5], "size": [3, 2, 3], "uv": [106, 60]},
						{"origin": [-1, 32.5, -3.5], "size": [2, 1, 1], "inflate": 0.01, "uv": [63, 8]},
						{"origin": [-3.5, 34.25, -0.5], "size": [0, 3, 6], "pivot": [-3.5, 35.75, -0.5], "rotation": [21.63707, -29.35105, -3.90704], "uv": [116, 3]},
						{"origin": [-1.5, 36, -7.5], "size": [0, 3, 5], "pivot": [-1.5, 37.5, -3.5], "rotation": [-31.01572, 1.35394, -24.18539], "uv": [108, 30]}
					]
				},
				{
					"name": "eyes",
					"parent": "head",
					"pivot": [0, 0, 0]
				},
				{
					"name": "eye_left",
					"parent": "eyes",
					"pivot": [0, 0, 0],
					"cubes": [
						{"origin": [2.37, 35.02, -3.5], "size": [1, 2, 1], "inflate": 0.01, "uv": [112, 0]},
						{"origin": [0.85, 34, -3.5], "size": [2, 1, 1], "inflate": 0.01, "uv": [87, 42]}
					]
				},
				{
					"name": "pupil_left",
					"parent": "eye_left",
					"pivot": [-1, 27, -0.5],
					"cubes": [
						{"origin": [1.35, 34, -3.5], "size": [1, 2, 1], "inflate": 0.02, "uv": [112, 3]}
					]
				},
				{
					"name": "eyelid_left",
					"parent": "eye_left",
					"pivot": [-1, 27, -0.475],
					"cubes": [
						{"origin": [1.35, 34, -3.475], "size": [1, 2, 1], "inflate": 0.02, "uv": [108, 3]}
					]
				},
				{
					"name": "eye_right",
					"parent": "eyes",
					"pivot": [0, 0, 0],
					"cubes": [
						{"origin": [-3.37, 35.02, -3.5], "size": [1, 2, 1], "inflate": 0.01, "uv": [112, 9]},
						{"origin": [-2.85, 34, -3.5], "size": [2, 1, 1], "inflate": 0.01, "uv": [93, 42]}
					]
				},
				{
					"name": "pupil_right",
					"parent": "eye_right",
					"pivot": [1, 27, -0.5],
					"cubes": [
						{"origin": [-2.35, 34, -3.5], "size": [1, 2, 1], "inflate": 0.02, "uv": [112, 6]}
					]
				},
				{
					"name": "eyelid_right",
					"parent": "eye_right",
					"pivot": [1, 27, -0.45],
					"cubes": [
						{"origin": [-2.35, 34, -3.475], "size": [1, 2, 1], "inflate": 0.02, "uv": [108, 3]}
					]
				},
				{
					"name": "hair",
					"parent": "head",
					"pivot": [0, 42, -0.01667],
					"cubes": [
						{"origin": [0, 41, -1], "size": [0, 3, 2], "uv": [72, 33]}
					]
				},
				{
					"name": "hair1",
					"parent": "hair",
					"pivot": [0, 44, 0],
					"cubes": [
						{"origin": [-1, 44, -1], "size": [2, 3, 2], "uv": [110, 15]}
					]
				},
				{
					"name": "hair2",
					"parent": "hair1",
					"pivot": [0, 46, 0],
					"cubes": [
						{"origin": [-2, 46, -2], "size": [4, 5, 4], "uv": [110, 25]}
					]
				},
				{
					"name": "hair3",
					"parent": "hair2",
					"pivot": [0, 50, 0],
					"cubes": [
						{"origin": [-3, 50, -3], "size": [6, 6, 6], "uv": [84, 30]}
					]
				},
				{
					"name": "hair4",
					"parent": "hair3",
					"pivot": [0, 56, 0],
					"cubes": [
						{"origin": [-2, 55, -2], "size": [4, 5, 4], "uv": [4, 11]}
					]
				},
				{
					"name": "hair5",
					"parent": "hair4",
					"pivot": [0, 60, 0],
					"cubes": [
						{"origin": [0, 60, -3], "size": [0, 5, 6], "uv": [116, -6]}
					]
				}
			]
		}
	]
}