{
	"format_version": "1.12.0",
	"minecraft:geometry": [
		{
			"description": {
				"identifier": "geometry.sealifaux",
				"texture_width": 128,
				"texture_height": 128,
				"visible_bounds_width": 6,
				"visible_bounds_height": 3.5,
				"visible_bounds_offset": [0, 1.25, 0]
			},
			"bones": [
				{
					"name": "sealifaux",
					"pivot": [0, 0, 0]
				},
				{
					"name": "body",
					"parent": "sealifaux",
					"pivot": [0, 11, -6],
					"rotation": [-42.5, 0, 0],
					"cubes": [
						{"origin": [-5, 3, -12], "size": [10, 10, 15], "uv": [0, 0]},
						{"origin": [-5, 13, -12], "size": [10, 0, 2], "pivot": [0, 13, -12], "rotation": [30, 0, 0], "uv": [31, 37]},
						{"origin": [-5, 1, -20], "size": [10, 0, 2], "pivot": [0, -13, -12], "rotation": [-30, 0, 0], "uv": [31, 34]},
						{"origin": [-5, 3, -12], "size": [0, 10, 2], "pivot": [-5, 8, -12], "rotation": [0, -45, 0], "uv": [45, 71]},
						{"origin": [5, 3, -12], "size": [0, 10, 2], "pivot": [5, 8, -12], "rotation": [0, 45, 0], "uv": [17, 71]}
					]
				},
				{
					"name": "head",
					"parent": "body",
					"pivot": [0, 9, -10],
					"rotation": [-45, 0, 0],
					"cubes": [
						{"origin": [-4, 3.5, -16], "size": [8, 8, 9], "uv": [36, 40]}
					]
				},
				{
					"name": "actuallythehead",
					"parent": "head",
					"pivot": [0, 9, -15],
					"rotation": [-2.5, 0, 0],
					"cubes": [
						{"origin": [-3.5, 4.5, -20.5], "size": [7, 6, 6], "uv": [47, 58]},
						{"origin": [-1.5, 2.5, -18.25], "size": [3, 2, 3], "uv": [19, 49]},
						{"origin": [-1, 2.4, -18.26], "size": [2, 1, 1], "uv": [0, 49]}
					]
				},
				{
					"name": "face",
					"parent": "actuallythehead",
					"pivot": [0, 9, -15]
				},
				{
					"name": "righteye",
					"parent": "face",
					"pivot": [0, 9, -15],
					"cubes": [
						{"origin": [-1.75, 4.35, -19.25], "size": [3, 0, 1], "pivot": [0, 9, -15], "rotation": [0, 22.5, 0], "uv": [31, 32]},
						{"origin": [-0.75, 4.35, -20.25], "size": [2, 0, 1], "pivot": [0, 9, -15], "rotation": [0, 22.5, 0], "uv": [29, 49]}
					]
				},
				{
					"name": "lefteye",
					"parent": "face",
					"pivot": [0, 9, -15],
					"cubes": [
						{"origin": [-1.25, 4.35, -19.25], "size": [3, 0, 1], "pivot": [0, 9, -15], "rotation": [0, -22.5, 0], "uv": [31, 30]},
						{"origin": [-1.25, 4.35, -20.25], "size": [2, 0, 1], "pivot": [0, 9, -15], "rotation": [0, -22.5, 0], "uv": [43, 13]}
					]
				},
				{
					"name": "righteyelid",
					"parent": "face",
					"pivot": [0, 10, -15],
					"cubes": [
						{"origin": [-0.75, 5.4, -20.25], "size": [2, 0, 1], "inflate": 0.25, "pivot": [0, 10, -15], "rotation": [0, 22.5, 0], "uv": [0, 54]},
						{"origin": [-1.75, 5.4, -19.25], "size": [3, 0, 1], "inflate": 0.25, "pivot": [0, 10, -15], "rotation": [0, 22.5, 0], "uv": [31, 28]}
					]
				},
				{
					"name": "lefteyelid",
					"parent": "face",
					"pivot": [0, 10, -15],
					"cubes": [
						{"origin": [-1.25, 5.4, -20.25], "size": [2, 0, 1], "inflate": 0.25, "pivot": [0, 10, -15], "rotation": [0, -22.5, 0], "uv": [36, 13]},
						{"origin": [-1.25, 5.4, -19.25], "size": [3, 0, 1], "inflate": 0.25, "pivot": [0, 10, -15], "rotation": [0, -22.5, 0], "uv": [31, 26]}
					]
				},
				{
					"name": "bone",
					"parent": "face",
					"pivot": [0, 9, -15],
					"cubes": [
						{"origin": [-0.75, 4.66, -20.25], "size": [2, 0, 1], "inflate": 0.25, "pivot": [0, 9, -15], "rotation": [0, 22.5, 0], "uv": [0, 52]},
						{"origin": [-1.75, 4.66, -19.25], "size": [3, 0, 1], "inflate": 0.25, "pivot": [0, 9, -15], "rotation": [0, 22.5, 0], "uv": [36, 2]}
					]
				},
				{
					"name": "bone2",
					"parent": "face",
					"pivot": [0, 9, -15],
					"cubes": [
						{"origin": [-1.25, 4.66, -20.25], "size": [2, 0, 1], "inflate": 0.25, "pivot": [0, 9, -15], "rotation": [0, -22.5, 0], "uv": [50, 13]},
						{"origin": [-1.25, 4.66, -19.25], "size": [3, 0, 1], "inflate": 0.25, "pivot": [0, 9, -15], "rotation": [0, -22.5, 0], "uv": [36, 0]}
					]
				},
				{
					"name": "mouth",
					"parent": "face",
					"pivot": [0, 2.5, -16.5],
					"cubes": [
						{"origin": [-1.25, 2.24, -17.25], "size": [2, 1, 1], "inflate": -0.25, "pivot": [0, 2.5, -16.5], "rotation": [0, 47.5, 0], "uv": [36, 7]},
						{"origin": [-0.75, 2.24, -17.25], "size": [2, 1, 1], "inflate": -0.25, "pivot": [0, 2.5, -16.5], "rotation": [0, -47.5, 0], "uv": [36, 4]}
					]
				},
				{
					"name": "rightear",
					"parent": "actuallythehead",
					"pivot": [-2.25, 9.5, -20],
					"cubes": [
						{"origin": [-1.75, 9.25, -23.5], "size": [2, 1, 4], "pivot": [0, 9, -15], "rotation": [0, 17.5, 0], "uv": [56, 34]},
						{"origin": [-1.25, 9.24, -23], "size": [1, 1, 3], "pivot": [0, 9, -15], "rotation": [0, 17.5, 0], "uv": [68, 79]}
					]
				},
				{
					"name": "leftear",
					"parent": "actuallythehead",
					"pivot": [2.25, 9.5, -20],
					"cubes": [
						{"origin": [-0.25, 9.25, -23.5], "size": [2, 1, 4], "pivot": [0, 9, -15], "rotation": [0, -17.5, 0], "uv": [55, 0]},
						{"origin": [0.25, 9.24, -23], "size": [1, 1, 3], "pivot": [0, 9, -15], "rotation": [0, -17.5, 0], "uv": [68, 79], "mirror": true}
					]
				},
				{
					"name": "rightflipper",
					"parent": "body",
					"pivot": [-5, 9.25, -9],
					"rotation": [35, 0, 42.5],
					"cubes": [
						{"origin": [-6, 2.25, -10], "size": [2, 9, 4], "uv": [0, 26]}
					]
				},
				{
					"name": "rightflipperp2",
					"parent": "rightflipper",
					"pivot": [-5, 2.75, -8],
					"rotation": [0, 0, 15],
					"cubes": [
						{"origin": [-6, -5.25, -11], "size": [2, 8, 6], "uv": [64, 7]},
						{"origin": [-6, -6.25, -10], "size": [2, 1, 4], "uv": [68, 0]}
					]
				},
				{
					"name": "leftflipper",
					"parent": "body",
					"pivot": [5, 9.25, -9],
					"rotation": [35, 0, -42.5],
					"cubes": [
						{"origin": [4, 2.25, -10], "size": [2, 9, 4], "uv": [0, 0]}
					]
				},
				{
					"name": "leftflipperp2",
					"parent": "leftflipper",
					"pivot": [5, 2.75, -8],
					"rotation": [0, 0, -15],
					"cubes": [
						{"origin": [4, -5.25, -11], "size": [2, 8, 6], "uv": [0, 62]},
						{"origin": [4, -6.25, -10], "size": [2, 1, 4], "uv": [38, 58]}
					]
				},
				{
					"name": "tailp1",
					"parent": "body",
					"pivot": [0, 9, 2],
					"rotation": [42.5, 0, 0],
					"cubes": [
						{"origin": [-4, 4, -1.25], "size": [8, 8, 14], "uv": [0, 26]}
					]
				},
				{
					"name": "tailp2",
					"parent": "tailp1",
					"pivot": [0, 9, 12],
					"cubes": [
						{"origin": [-3, 4.5, 10.75], "size": [6, 7, 10], "uv": [41, 16]}
					]
				},
				{
					"name": "tailp3",
					"parent": "tailp2",
					"pivot": [0, 9, 20],
					"rotation": [-5, 0, 0],
					"cubes": [
						{"origin": [-2, 5.5, 18.75], "size": [4, 5, 9], "uv": [20, 58]}
					]
				},
				{
					"name": "tailp4",
					"parent": "tailp3",
					"pivot": [0, 9, 27],
					"rotation": [2.5, 0, 0],
					"cubes": [
						{"origin": [-1.5, 6.25, 25.75], "size": [3, 3, 9], "uv": [62, 34]},
						{"origin": [-1.75, 6.75, 27.75], "size": [4, 2, 10], "pivot": [0, 9, 27], "rotation": [0, 22.5, 0], "uv": [0, 49]},
						{"origin": [-2.25, 6.75, 27.75], "size": [4, 2, 10], "pivot": [0, 9, 27], "rotation": [0, -22.5, 0], "uv": [36, 0]}
					]
				}
			]
		}
	]
}