{
  "target": "cobblemon:klink",
  "forms": [
    {
      "implemented": true,
      "name": "Cheseian",
      "nationalPokedexNumber": 599,
      "primaryType": "grass",
      "secondaryType": "steel",
      "abilities": [
        "leafguard",
        "clearbody",
        "h:solarpower"
      ],
      "baseStats": {
        "hp": 55,
        "attack": 50,
        "defence": 60,
        "special_attack": 75,
        "special_defence": 70,
        "speed": 30
      },
      "catchRate": 130,
      "maleRatio": -1,
      "shoulderMountable": false,
      "baseExperienceYield": 60,
      "experienceGroup": "medium_slow",
      "eggCycles": 20,
      "eggGroups": [
        "field",
        "mineral"
      ],
      "behaviour": {
        "moving": {
          "walk": {
            "walkSpeed": 0.2
          }
        },
        "resting": {
          "canSleep": true,
          "willSleepOnBed": false,
          "depth": "normal",
          "light": "10-15"
        }
      },
      "moves": [
        "1:bind",
        "1:geargrind",
        "1:growth",
        "1:magnetbomb",
        "1:wrap",
        "3:magnetrise",
        "5:grasswhistle",
        "7:metalclaw",
        "9:charge",
        "10:thundershock",
        "12:leafstorm",
        "14:geargrind",
        "16:irondefense",
        "19:flashcannon",
        "20:thunderbolt",
        "21:steelbeam",
        "25:gyroball",
        "28:explosion",
        "30:petalblizzard",
        "32:autotomize",
        "35:ironhead",
        "37:grassyglide",
        "39:bulletseed",
        "41:magnetbomb",
        "43:leechseed",
        "45:energyball",
        "47:irondefense",
        "49:magnetrise",
        "51:solarbeam",
        "53:flashcannon",
        "57:grassyglide",
        "59:leechseed",
        "61:ironhead",
        "tm:irondefense",
        "tm:metalclaw",
        "tm:flashcannon",
        "tm:solarbeam",
        "tm:grassknot",
        "tm:magnetrise",
        "tm:autotomize",
        "tm:solarbeam",
        "tm:protect",
        "tutor:ironhead",
        "tutor:grassyglide",
        "tutor:energyball",
        "tutor:leechseed"
      ],
      "labels": [
        "gen5",
        "cheseian"
      ],
      "pokedex": [
        "cobblemon.species.klink_cheseian.desc"
      ],
      "aspects": [
        "cheseian"
      ],
      "evolutions": [
        {
          "id": "klink_klang_cheseian",
          "variant": "level_up",
          "result": "klang form=cheseian",
          "consumeHeldItem": false,
          "learnableMoves": [
            "chloroblast"
          ],
          "requirements": [
            {
              "variant": "level",
              "minLevel": 38
            }
          ]
        }
      ],
      "baseScale": 1,
      "hitbox": {
        "width": 1,
        "height": 1,
        "fixed": false
      },
      "baseFriendship": 50,
      "evYield": {
        "hp": 0,
        "attack": 0,
        "defence": 0,
        "special_attack": 1,
        "special_defence": 0,
        "speed": 0
      },
      "height": 3,
      "weight": 210,
      "cannotDynamax": false
    }
  ]
}