{
	"format_version": "1.12.0",
	"minecraft:geometry": [
		{
			"description": {
				"identifier": "geometry.karstory",
				"texture_width": 128,
				"texture_height": 128,
				"visible_bounds_width": 3,
				"visible_bounds_height": 4.5,
				"visible_bounds_offset": [0, 1.75, 0]
			},
			"bones": [
				{
					"name": "karstory",
					"pivot": [0, 0, 0]
				},
				{
					"name": "waist",
					"parent": "karstory",
					"pivot": [-0.11052, 5.06198, -0.29381],
					"cubes": [
						{"origin": [-7.0566, 4.11803, -5], "size": [10, 7, 10], "pivot": [-0.12792, 22.74786, -0.26305], "rotation": [90, -82.5, -90], "uv": [0, 29]},
						{"origin": [-4.15654, 8.80567, -5.5], "size": [11, 4, 11], "pivot": [-0.12792, 22.74786, -0.26305], "rotation": [-90, -82.5, 90], "uv": [0, 0]},
						{"origin": [-5.89097, 10.69867, -5.60198], "size": [11, 3, 11], "inflate": 0.25, "pivot": [-0.39097, 12.69867, -0.10198], "rotation": [-90, -82.5, 90], "uv": [0, 15]},
						{"origin": [-5.11468, 10.9607, -5.69607], "size": [9, 9, 9], "pivot": [-0.12792, 22.74786, -0.26305], "rotation": [27.68131, -79.22819, -22.2454], "uv": [35, 6]},
						{"origin": [-5.11468, 16.9607, -5.69607], "size": [9, 3, 9], "inflate": 0.25, "pivot": [-0.12792, 22.74786, -0.26305], "rotation": [27.68131, -79.22819, -22.2454], "uv": [0, 46]},
						{"origin": [-3.03089, 17.77801, -4.02489], "size": [7, 5, 7], "pivot": [-0.12792, 22.74786, -0.26305], "rotation": [-74.83453, -76.70833, 75.74879], "uv": [23, 61]}
					]
				},
				{
					"name": "tophalf",
					"parent": "waist",
					"pivot": [-0.03429, 21.10237, -0.19987],
					"cubes": [
						{"origin": [-4.0116, 21, -4.49467], "size": [8, 3, 8], "pivot": [-0.12792, 22.74786, -0.26305], "rotation": [0, -87.5, 0], "uv": [28, 50]},
						{"origin": [-4.50425, 22.91932, -5.23725], "size": [9, 5, 9], "pivot": [-0.12792, 22.74786, -0.26305], "rotation": [-90, -82.5, 82.5], "uv": [35, 24]},
						{"origin": [-4.50425, 24.91932, -5.23725], "size": [9, 3, 9], "inflate": 0.25, "pivot": [-0.12792, 22.74786, -0.2631], "rotation": [-90, -82.5, 82.5], "uv": [31, 38]},
						{"origin": [-3, 26.16218, -3.43618], "size": [7, 4, 8], "pivot": [-0.12792, 22.74786, -0.26305], "rotation": [0, -90, 7.5], "uv": [52, 53]},
						{"origin": [-3, 28.16218, -3.43618], "size": [7, 2, 8], "inflate": 0.25, "pivot": [-0.12792, 22.74786, -0.26305], "rotation": [0, -90, 7.5], "uv": [0, 58]},
						{"origin": [-1.27723, 28.72709, -4.74091], "size": [6, 4, 7], "pivot": [-0.12792, 22.74786, -0.26305], "rotation": [90.6522, -82.4433, -95.64166], "uv": [62, 0]},
						{"origin": [-1.60903, 32, -2.40749], "size": [5, 4, 5], "pivot": [0.26305, 22.74786, -0.17055], "rotation": [0, -90, 0], "uv": [51, 65]}
					]
				},
				{
					"name": "head",
					"parent": "tophalf",
					"pivot": [0, 36, 0.45737],
					"cubes": [
						{"origin": [-1.10903, 36, -1.90749], "size": [4, 4, 4], "pivot": [0.26305, 22.74786, -0.17055], "rotation": [0, -90, 0], "uv": [27, 73]}
					]
				},
				{
					"name": "jaw",
					"parent": "head",
					"pivot": [0, 38.54738, 0.04263],
					"cubes": [
						{"origin": [-0.7745, 36.06155, -2.40749], "size": [3, 3, 5], "inflate": -0.01, "pivot": [0.26305, 22.74786, -0.17055], "rotation": [90, -85, -90], "uv": [43, 74]}
					]
				},
				{
					"name": "eye_right",
					"parent": "head",
					"pivot": [-1.7, 39.99259, -1.52352],
					"rotation": [0, -90, 0],
					"cubes": [
						{"origin": [-2, 39.79259, -1.82352], "size": [0, 2, 1], "pivot": [-2, 40.79259, -1.32352], "rotation": [-14.13272, -5.07855, -19.37006], "uv": [2, 2]}
					]
				},
				{
					"name": "stalk_left",
					"parent": "eye_right",
					"pivot": [-2.27608, 41.71444, -1.05769],
					"cubes": [
						{"origin": [-2.95216, 41.39063, -1.39533], "size": [0, 2, 1], "pivot": [-2.95216, 42.39063, -0.89533], "rotation": [-11.59948, -9.57658, -39.02504], "uv": [2, 0]},
						{"origin": [-3.6, 42.73825, -1.22004], "size": [0, 1, 1], "pivot": [-3.6, 43.23825, -0.72004], "rotation": [-42.5, 0, 0], "uv": [4, 0]}
					]
				},
				{
					"name": "eye_left",
					"parent": "head",
					"pivot": [1.7, 39.99259, -1.52352],
					"rotation": [0, 90, 0],
					"cubes": [
						{"origin": [2, 39.79259, -1.82352], "size": [0, 2, 1], "pivot": [2, 40.79259, -1.32352], "rotation": [-14.13272, 5.07855, 19.37006], "uv": [0, 2]}
					]
				},
				{
					"name": "stalk_right",
					"parent": "eye_left",
					"pivot": [2.27608, 41.71444, -1.05769],
					"cubes": [
						{"origin": [2.95216, 41.39063, -1.39533], "size": [0, 2, 1], "pivot": [2.95216, 42.39063, -0.89533], "rotation": [-11.59948, 9.57658, 39.02504], "uv": [0, 0]},
						{"origin": [3.6, 42.73825, -1.22004], "size": [0, 1, 1], "pivot": [3.6, 43.23825, -0.72004], "rotation": [-42.5, 0, 0], "uv": [0, 4]}
					]
				},
				{
					"name": "hair_left",
					"parent": "head",
					"pivot": [1.27659, 38.09594, 2.25],
					"cubes": [
						{"origin": [1.02659, 36.59594, 3.5], "size": [7, 5, 0], "pivot": [4.52659, 39.09594, 3.5], "rotation": [5, -15, -15], "uv": [47, 0]}
					]
				},
				{
					"name": "hair_right",
					"parent": "head",
					"pivot": [-1.27659, 38.09594, 2.25],
					"cubes": [
						{"origin": [-8.02659, 36.59594, 3.5], "size": [7, 5, 0], "pivot": [-4.52659, 39.09594, 3.5], "rotation": [5, 15, 15], "uv": [33, 0]}
					]
				},
				{
					"name": "leg_left",
					"parent": "waist",
					"pivot": [2.29289, 4.25, 0.75],
					"cubes": [
						{"origin": [1, 2.5, -0.25], "size": [3, 3, 3], "pivot": [3, 3.5, 0.75], "rotation": [0, -45, 0], "uv": [71, 11]}
					]
				},
				{
					"name": "foot_left",
					"parent": "leg_left",
					"pivot": [2.39936, 3, 0.87436],
					"cubes": [
						{"origin": [1, 0, -3.5], "size": [5, 3, 7], "pivot": [3.125, 1.5, -2.75], "rotation": [0, -7.5, 0], "uv": [64, 17]},
						{"origin": [1.28416, 0, -8.20629], "size": [3, 3, 5], "inflate": -0.01, "pivot": [4.125, 1.5, -2.5], "rotation": [0, 7.5, 0], "uv": [11, 71]},
						{"origin": [2.96584, 0, -8.45629], "size": [3, 3, 5], "inflate": -0.01, "pivot": [3.125, 1.5, -2.75], "rotation": [0, -22.5, 0], "uv": [66, 69]}
					]
				},
				{
					"name": "leg_right",
					"parent": "waist",
					"pivot": [-2.29289, 4.25, 0.75],
					"cubes": [
						{"origin": [-4, 2.5, -0.25], "size": [3, 3, 3], "pivot": [-3, 3.5, 0.75], "rotation": [0, 45, 0], "uv": [62, 27]}
					]
				},
				{
					"name": "foot_right",
					"parent": "leg_right",
					"pivot": [-2.39936, 3, 0.87436],
					"cubes": [
						{"origin": [-6, 0, -3.5], "size": [5, 3, 7], "pivot": [-3.125, 1.5, -2.75], "rotation": [0, 7.5, 0], "uv": [60, 43]},
						{"origin": [-4.28416, 0, -8.20629], "size": [3, 3, 5], "inflate": -0.01, "pivot": [-4.125, 1.5, -2.5], "rotation": [0, -7.5, 0], "uv": [0, 68]},
						{"origin": [-5.96584, 0, -8.45629], "size": [3, 3, 5], "inflate": -0.01, "pivot": [-3.125, 1.5, -2.75], "rotation": [0, 22.5, 0], "uv": [66, 33]}
					]
				}
			]
		}
	]
}