{
    "enabled": true,
    "neededInstalledMods": [],
    "neededUninstalledMods": [],
    "spawns": [
        {
            "id": "azhfaegon-1",
            "pokemon": "azhfaegon",
            "presets": [
                "natural",
                "wild"
            ],
            "type": "pokemon",
            "context": "grounded",
            "bucket": "rare",
            "level": "24-47",
            "weight": 0.54,
            "condition": {
                "biomes": [
                    "#cobblemon:is_lush"
                ]
            }
        }
    ]
}