{
    "enabled": true,
    "neededInstalledMods": [],
    "neededUninstalledMods": [],
    "spawns": [
        {
            "id": "pteropix-1",
            "pokemon": "pteropix",
            "presets": [
                "natural",
                "wild"
            ],
            "type": "pokemon",
            "context": "grounded",
            "bucket": "rare",
            "level": "5-30",
            "weight": 5.4,
            "condition": {
                "biomes": [
                    "#cobblemon:is_lush"
                ]
            }
        }
    ]
}