{
    "enabled": true,
    "neededInstalledMods": [],
    "neededUninstalledMods": [],
    "spawns": [
        {
            "id": "quetzalazteclus-1",
            "pokemon": "quetzalazteclus",
            "presets": [
                "natural",
                "wild"
            ],
            "type": "pokemon",
            "context": "grounded",
            "bucket": "rare",
            "level": "48-60",
            "weight": 0.06,
            "condition": {
                "biomes": [
                    "#cobblemon:is_lush"
                ]
            }
        }
    ]
}