{
	"format_version": "1.12.0",
	"minecraft:geometry": [
		{
			"description": {
				"identifier": "geometry.cigarat",
				"texture_width": 64,
				"texture_height": 64,
				"visible_bounds_width": 4,
				"visible_bounds_height": 2.5,
				"visible_bounds_offset": [0, 0.75, 0]
			},
			"bones": [
				{
					"name": "cigarat",
					"pivot": [0, 0, 0]
				},
				{
					"name": "body",
					"parent": "cigarat",
					"pivot": [-0.00612, 0.81971, -0.01277],
					"cubes": [
						{"origin": [-4.5, 4.5, -3.5], "size": [9, 2, 7], "uv": [0, 14]},
						{"origin": [-2, 4, -3.75], "size": [4, 3, 0], "uv": [0, 52]},
						{"origin": [-4, 1, -3], "size": [8, 5, 6], "uv": [0, 23]},
						{"origin": [-4.25, 5.5, -3.25], "size": [1, 4, 5], "pivot": [-4.25, 8, -0.75], "rotation": [169.27142, 0, 136.50703], "uv": [9, 41]},
						{"origin": [4.25, 5.5, -3.25], "size": [1, 4, 5], "pivot": [4.25, 8, -0.75], "rotation": [10.72858, 0, 45.99297], "uv": [28, 34]}
					]
				},
				{
					"name": "foot_R",
					"parent": "body",
					"pivot": [-3.01309, 0.5, 0.42059],
					"rotation": [0, -25, 0],
					"cubes": [
						{"origin": [-5.09419, 0, -3.82558], "size": [3, 1, 6], "pivot": [-3.59419, 0.5, -0.82558], "rotation": [0, 25, 0], "uv": [28, 0]},
						{"origin": [-3.94047, 0, -5.02593], "size": [0, 1, 1], "pivot": [-3.94047, 0.5, -4.52593], "rotation": [0, 12.5, 0], "uv": [2, 2]},
						{"origin": [-3.59419, 0, -4.82558], "size": [0, 1, 1], "pivot": [-3.59419, 0.5, -0.82558], "rotation": [0, 25, 0], "uv": [2, 1]},
						{"origin": [-6.20624, 0, -3.96939], "size": [0, 1, 1], "pivot": [-6.20624, 0.5, -3.46939], "rotation": [0, 37.5, 0], "uv": [0, 3]}
					]
				},
				{
					"name": "foot_L",
					"parent": "body",
					"pivot": [3.05499, 0.5, 0.46673],
					"rotation": [0, 25, 0],
					"cubes": [
						{"origin": [2.10484, 0, -3.77945], "size": [3, 1, 6], "pivot": [3.60484, 0.5, -0.77945], "rotation": [0, -25, 0], "uv": [26, 19]},
						{"origin": [6.34605, 0, -4.72207], "size": [0, 1, 1], "pivot": [5.12568, 0.5, -3.95152], "rotation": [0, -37.5, 0], "uv": [0, 2]},
						{"origin": [5.12568, 0, -4.45152], "size": [0, 1, 1], "pivot": [5.12568, 0.5, -3.95152], "rotation": [0, -25, 0], "uv": [0, 1]},
						{"origin": [3.90531, 0, -4.72207], "size": [0, 1, 1], "pivot": [5.12568, 0.5, -3.95152], "rotation": [0, -12.5, 0], "uv": [0, 0]}
					]
				},
				{
					"name": "tail",
					"parent": "body",
					"pivot": [0, 3.5, 2.5],
					"cubes": [
						{"origin": [-1.5, 2, 2], "size": [3, 3, 5], "uv": [28, 26]}
					]
				},
				{
					"name": "tail2",
					"parent": "tail",
					"pivot": [0, 3.5, 6.75],
					"cubes": [
						{"origin": [-1, 2.5, 7], "size": [2, 2, 2], "uv": [28, 45]}
					]
				},
				{
					"name": "tail3",
					"parent": "tail2",
					"pivot": [0, 3.5, 9.25],
					"cubes": [
						{"origin": [-2, 1.5, 9], "size": [4, 4, 3], "uv": [14, 34]}
					]
				},
				{
					"name": "tail4",
					"parent": "tail3",
					"pivot": [0, 3.5, 12.75],
					"cubes": [
						{"origin": [-2.5, 1, 12], "size": [5, 5, 5], "uv": [25, 9]}
					]
				},
				{
					"name": "torso",
					"parent": "body",
					"pivot": [0, 6, 0],
					"cubes": [
						{"origin": [-4, 6, -3], "size": [8, 8, 6], "uv": [0, 0]}
					]
				},
				{
					"name": "head",
					"parent": "torso",
					"pivot": [0, 13.4251, -1.98531],
					"cubes": [
						{"origin": [-1, 8.54093, -6.6534], "size": [2, 2, 1], "pivot": [0, 9.54093, -6.6534], "rotation": [-12.5, 0, 0], "uv": [0, 60]},
						{"origin": [-2.5, 12, -3], "size": [5, 3, 2], "pivot": [-0.5, 13, -3], "rotation": [-20, 0, 0], "uv": [42, 37]},
						{"origin": [-2.5, 8, -5], "size": [5, 7, 2], "pivot": [-0.5, 13, -3], "rotation": [-20, 0, 0], "uv": [0, 34]},
						{"origin": [-1, 8.4342, -5.48183], "size": [2, 0, 2], "pivot": [0, 8.17468, -4.64574], "rotation": [-10, 0, 0], "uv": [0, 0]}
					]
				},
				{
					"name": "jaw",
					"parent": "head",
					"pivot": [-0.5, 13, -3],
					"cubes": [
						{"origin": [-2, 9, -3], "size": [4, 4, 1], "pivot": [-0.5, 13, -3], "rotation": [-20, 0, 0], "uv": [22, 0]},
						{"origin": [-1, 9.41224, -5.33793], "size": [2, 0, 1], "pivot": [0, 9.41224, -4.83793], "rotation": [-15, 0, 0], "uv": [58, 0]}
					]
				},
				{
					"name": "ear_L",
					"parent": "head",
					"pivot": [2.25, 13.94125, -3.58464],
					"cubes": [
						{"origin": [1.5, 13.297, -3.98492], "size": [4, 5, 0], "pivot": [1.5, 13.19125, -3.83464], "rotation": [-20, 0, 15], "uv": [0, 46]}
					]
				},
				{
					"name": "ear_R",
					"parent": "head",
					"pivot": [-2.26419, 13.84695, -3.58464],
					"cubes": [
						{"origin": [-5.5, 13.31208, -3.89942], "size": [4, 5, 0], "pivot": [-1.5, 13.44125, -3.83464], "rotation": [-20, 0, -15], "uv": [45, 14]}
					]
				},
				{
					"name": "eyelid_R",
					"parent": "head",
					"pivot": [-2.79429, 13.08083, -6.01594],
					"cubes": [
						{"origin": [-5.08508, 11.43169, -5.51034], "size": [5, 3, 0], "pivot": [-2.5, 13.2997, -5.28532], "rotation": [-7.25092, 12.14688, 11.59467], "uv": [20, 55]}
					]
				},
				{
					"name": "eyelid_L",
					"parent": "head",
					"pivot": [2.79429, 13.08083, -6.01594],
					"cubes": [
						{"origin": [0.08508, 11.43169, -5.51034], "size": [5, 3, 0], "pivot": [2.5, 13.2997, -5.28532], "rotation": [-7.25092, -12.14688, -11.59467], "uv": [20, 60]}
					]
				},
				{
					"name": "eye_L",
					"parent": "head",
					"pivot": [2.5, 13.2997, -5.28532],
					"cubes": [
						{"origin": [0.08508, 11.43169, -5.76034], "size": [5, 3, 0], "pivot": [2.5, 13.2997, -5.28532], "rotation": [-7.25092, -12.14688, -11.59467], "uv": [0, 43]}
					]
				},
				{
					"name": "eye_R",
					"parent": "head",
					"pivot": [-2.5, 13.2997, -5.28532],
					"cubes": [
						{"origin": [-5.08508, 11.43169, -5.76034], "size": [5, 3, 0], "pivot": [-2.5, 13.2997, -5.28532], "rotation": [-7.25092, 12.14688, 11.59467], "uv": [22, 26]}
					]
				},
				{
					"name": "whisker_L",
					"parent": "head",
					"pivot": [2.5, 10.39512, -6.07646],
					"cubes": [
						{"origin": [2.58312, 9.05666, -5.61063], "size": [4, 3, 0], "pivot": [4.5, 10.39512, -6.07646], "rotation": [-19.12584, -9.56973, -4.55984], "uv": [56, 10]}
					]
				},
				{
					"name": "whisker_R",
					"parent": "head",
					"pivot": [-2.5, 10.39512, -5.57646],
					"cubes": [
						{"origin": [-6.58312, 9.05666, -5.61063], "size": [4, 3, 0], "pivot": [-4.5, 10.39512, -6.07646], "rotation": [-19.12584, 9.56973, 4.55984], "uv": [56, 6]}
					]
				},
				{
					"name": "smoke_L",
					"parent": "head",
					"pivot": [0, 12, -3.75],
					"cubes": [
						{"origin": [1.55238, 11.54977, -3.76147], "size": [6, 13, 0], "pivot": [0.08592, 12.16091, -2.79479], "rotation": [-21.12761, 2.81616, 28.29899], "uv": [52, 51]}
					]
				},
				{
					"name": "smoke_R",
					"parent": "head",
					"pivot": [-0.08476, 11.43994, -3.79726],
					"cubes": [
						{"origin": [-9.29136, 9.57036, -2.07261], "size": [6, 13, 0], "pivot": [-5.16786, 15.18937, -1.87682], "rotation": [-21.12764, -2.81614, -28.29903], "uv": [39, 51]}
					]
				},
				{
					"name": "shoulder_L",
					"parent": "torso",
					"pivot": [3.5, 12.75, 0.5],
					"cubes": [
						{"origin": [2.75, 10.75, -1.5], "size": [3, 3, 4], "uv": [40, 30]},
						{"origin": [5.75, 10.25, -2], "size": [1, 4, 5], "uv": [39, 21]}
					]
				},
				{
					"name": "arm_L",
					"parent": "shoulder_L",
					"pivot": [6.22998, 12.60318, 0.5],
					"cubes": [
						{"origin": [5.72998, 11.60318, -1], "size": [4, 2, 3], "uv": [16, 41]}
					]
				},
				{
					"name": "hand_L",
					"parent": "arm_L",
					"pivot": [9.72998, 13.60318, 0.5],
					"cubes": [
						{"origin": [10.72998, 12.60318, -0.5], "size": [1, 1, 0], "uv": [4, 2]},
						{"origin": [10.72998, 12.60318, 0.5], "size": [1, 1, 0], "uv": [2, 4]},
						{"origin": [10.72998, 12.60318, 1.5], "size": [1, 1, 0], "uv": [0, 0]},
						{"origin": [9.72998, 12.60318, -1], "size": [1, 1, 3], "uv": [44, 44]}
					]
				},
				{
					"name": "shoulder_R",
					"parent": "torso",
					"pivot": [-3.5, 12.75, 0.5],
					"cubes": [
						{"origin": [-5.75, 10.75, -1.5], "size": [3, 3, 4], "uv": [40, 7]},
						{"origin": [-6.75, 10.25, -2], "size": [1, 4, 5], "uv": [35, 38]}
					]
				},
				{
					"name": "arm_R",
					"parent": "shoulder_R",
					"pivot": [-6.27002, 12.60318, 0.5],
					"cubes": [
						{"origin": [-9.77002, 11.60318, -1], "size": [4, 2, 3], "uv": [40, 0]}
					]
				},
				{
					"name": "hand_R",
					"parent": "arm_R",
					"pivot": [-9.77002, 13.60318, 0.5],
					"cubes": [
						{"origin": [-10.77002, 12.60318, -1], "size": [1, 1, 3], "uv": [35, 34]},
						{"origin": [-11.77002, 12.60318, -0.5], "size": [1, 1, 0], "uv": [0, 5]},
						{"origin": [-11.77002, 12.60318, 1.5], "size": [1, 1, 0], "uv": [4, 3]},
						{"origin": [-11.77002, 12.60318, 0.5], "size": [1, 1, 0], "uv": [4, 4]}
					]
				}
			]
		}
	]
}