{
	"format_version": "1.8.0",
	"animations": {
		"animation.selkuddle.facefix": {
			"loop": true,
			"bones": {
				"mouth": {
					"scale": [1, 1, 0.35]
				},
				"nose": {
					"scale": [1, 1, 0.525]
				}
			}
		},
		"animation.selkuddle.water_idle": {
			"loop": true,
			"animation_length": 1,
			"bones": {
				"mouth": {
					"scale": [1, 1, 0.35]
				},
				"nose": {
					"scale": [1, 1, 0.525]
				},
				"body": {
					"rotation": {
						"0.0": [0, 0, 0],
						"0.5": [-12.5, 0, 0],
						"1.0": [0, 0, 0]
					},
					"position": {
						"0.0": [0, 0, 0],
						"0.0833": [0, 0.15, 0],
						"0.4167": [0, 0.95, 0],
						"0.5": [0, 1, 0],
						"0.5833": [0, 0.95, 0],
						"0.9167": [0, 0.15, 0],
						"1.0": [0, 0, 0]
					}
				},
				"tailp1": {
					"rotation": {
						"0.0": [-45, 0, 0],
						"0.25": [-55, 0, 0],
						"0.5": [-55, 0, 0],
						"0.75": [-45, 0, 0],
						"1.0": [-45, 0, 0]
					}
				},
				"tailp2": {
					"rotation": {
						"0.0": [-7.5, 0, 0],
						"0.25": [-7.5, 0, 0],
						"0.5": [-35, 0, 0],
						"0.75": [-35, 0, 0],
						"1.0": [-7.5, 0, 0]
					}
				},
				"tailp3": {
					"rotation": {
						"0.0": [0, 0, 0],
						"0.25": [0, 0, 0],
						"0.5": [-47.5, 0, 0],
						"0.75": [-47.5, 0, 0],
						"1.0": [0, 0, 0]
					}
				},
				"neck": {
					"rotation": {
						"0.0": [10, 0, 0],
						"0.25": [10, 0, 0],
						"0.5": [20, 0, 0],
						"0.75": [20, 0, 0],
						"1.0": [10, 0, 0]
					}
				},
				"rightarm": {
					"rotation": {
						"0.0": [37.2324, -16.83625, -31.65646],
						"0.5": [33.8849, -31.64744, -21.72938],
						"1.0": [37.2324, -16.83625, -31.65646]
					},
					"position": {
						"0.0": [0.25, 0, 0],
						"1.0": [0.25, 0, 0]
					}
				},
				"rightarmp2": {
					"rotation": [0, 0, -27.5]
				},
				"rightarmp3": {
					"rotation": [0, 0, -22.5]
				},
				"leftarm": {
					"rotation": {
						"0.0": [37.2324, 16.83625, 31.65646],
						"0.5": [33.8849, 31.64744, 21.72938],
						"1.0": [37.2324, 16.83625, 31.65646]
					},
					"position": {
						"0.0": [-0.25, 0, 0],
						"1.0": [-0.25, 0, 0]
					}
				},
				"leftarmp2": {
					"rotation": [0, 0, 27.5]
				},
				"leftarmp3": {
					"rotation": [0, 0, 27.5]
				}
			}
		},
		"animation.selkuddle.water_swim": {
			"loop": true,
			"animation_length": 1,
			"bones": {
				"mouth": {
					"scale": [1, 1, 0.35]
				},
				"nose": {
					"scale": [1, 1, 0.525]
				},
				"body": {
					"rotation": {
						"0.0": [22.5, 0, 0],
						"0.5": [52.5, 0, 0],
						"1.0": [22.5, 0, 0]
					}
				},
				"tailp1": {
					"rotation": [-45, 0, 0]
				},
				"tailp2": {
					"rotation": {
						"0.0": [-2.5, 0, 0],
						"0.25": [-27.5, 0, 0],
						"0.5": [-27.5, 0, 0],
						"0.75": [2.5, 0, 0],
						"1.0": [-2.5, 0, 0]
					}
				},
				"tailp3": {
					"rotation": {
						"0.0": [2.5, 0, 0],
						"0.25": [-50, 0, 0],
						"0.75": [-50, 0, 0],
						"1.0": [2.5, 0, 0]
					}
				},
				"neck": {
					"rotation": {
						"0.0": [10, 0, 0],
						"0.25": [10, 0, 0],
						"0.5": [20, 0, 0],
						"0.75": [20, 0, 0],
						"1.0": [10, 0, 0]
					}
				},
				"rightarm": {
					"rotation": {
						"0.0": [37.2324, -16.83625, -31.65646],
						"0.5": [33.8849, -31.64744, -21.72938],
						"1.0": [37.2324, -16.83625, -31.65646]
					},
					"position": {
						"0.0": [0.25, 0, 0],
						"1.0": [0.25, 0, 0]
					}
				},
				"rightarmp2": {
					"rotation": [0, 0, -27.5]
				},
				"rightarmp3": {
					"rotation": [0, 0, -22.5]
				},
				"leftarm": {
					"rotation": {
						"0.0": [37.2324, 16.83625, 31.65646],
						"0.5": [33.8849, 31.64744, 21.72938],
						"1.0": [37.2324, 16.83625, 31.65646]
					},
					"position": {
						"0.0": [-0.25, 0, 0],
						"1.0": [-0.25, 0, 0]
					}
				},
				"leftarmp2": {
					"rotation": [0, 0, 27.5]
				},
				"leftarmp3": {
					"rotation": [0, 0, 27.5]
				},
				"head": {
					"rotation": {
						"0.0": [-27.5, 0, 0],
						"0.5": [-70, 0, 0],
						"1.0": [-27.5, 0, 0]
					},
					"position": {
						"0.0": [0, -1.98289, 0.26105],
						"0.5": [0, -1.59177, -1.18889],
						"1.0": [0, -1.98289, 0.26105]
					}
				}
			}
		},
		"animation.selkuddle.ground_idle": {
			"loop": true,
			"animation_length": 1,
			"bones": {
				"mouth": {
					"scale": [1, 1, 0.35]
				},
				"nose": {
					"scale": [1, 1, 0.525]
				},
				"body": {
					"rotation": {
						"0.0": [0, 0, 0],
						"0.5": [2.5, 0, 0],
						"1.0": [0, 0, 0]
					},
					"position": {
						"0.0": [0, 0, 0],
						"0.5": [0, 0, -0.25],
						"1.0": [0, 0, 0]
					}
				},
				"tailp1": {
					"rotation": {
						"0.0": [0, 0, 0],
						"0.5": [2.5, 0, 0],
						"0.625": [2.5, 0, 0],
						"1.0": [0, 0, 0]
					}
				},
				"tailp2": {
					"rotation": {
						"0.0": [0, 0, 0],
						"0.5": [2.5, 0, 0],
						"0.625": [2.5, 0, 0],
						"1.0": [0, 0, 0]
					}
				},
				"tailp3": {
					"rotation": {
						"0.0": [0, 0, 0],
						"0.5": [2.5, 0, 0],
						"0.625": [2.5, 0, 0],
						"1.0": [0, 0, 0]
					}
				},
				"neck": {
					"rotation": [-1.18649, 5.28135, -8.8985],
					"position": [0, 0.43301, -0.25]
				},
				"rightarm": {
					"rotation": {
						"0.0": [5, 0, -12.5],
						"0.5": [0, 0, -12.5],
						"1.0": [5, 0, -12.5]
					}
				},
				"leftarm": {
					"rotation": {
						"0.0": [5, 0, 12.5],
						"0.5": [0, 0, 12.5],
						"1.0": [5, 0, 12.5]
					}
				}
			}
		},
		"animation.selkuddle.ground_walk": {
			"loop": true,
			"animation_length": 1,
			"bones": {
				"mouth": {
					"scale": [1, 1, 0.35]
				},
				"nose": {
					"scale": [1, 1, 0.525]
				},
				"body": {
					"rotation": {
						"0.0": [22.5, 0, 0],
						"0.125": [45, 0, 0],
						"0.25": [37.53906, -0.76575, 0.01302],
						"0.375": [25.03906, -0.76575, 0.01302],
						"0.5": [7.53906, -0.76575, 0.01302],
						"0.625": [1.2793, -0.57432, 0.00977],
						"0.75": [-13.7207, -0.57432, 0.00977],
						"1.0": [22.5, 0, 0]
					},
					"position": {
						"0.0": [0, 2, 0],
						"0.125": [0, 2, -2],
						"0.25": [0, -1, -3],
						"0.375": [0, -1, 1],
						"0.5": [0, -2, 5],
						"0.625": [0, -1.5, 5.75],
						"0.75": [0, -0.5, 4.75],
						"1.0": [0, 2, 0]
					}
				},
				"tailp1": {
					"rotation": {
						"0.0": [-17.5, 0, 0],
						"0.25": [-2.5, 0, 0],
						"0.2917": [-10.83, 0, 0],
						"0.375": [-12.5, 0, 0],
						"0.75": [-12.5, 0, 0],
						"1.0": [-17.5, 0, 0]
					}
				},
				"tailp2": {
					"rotation": {
						"0.0": [-35, 0, 0],
						"0.25": [-35, 0, 0],
						"0.375": [-7.5, 0, 0],
						"0.75": [-7.5, 0, 0],
						"1.0": [-35, 0, 0]
					}
				},
				"tailp3": {
					"rotation": {
						"0.0": [-37.5, 0, 0],
						"0.25": [-37.50933, 2.462, -0.43439],
						"0.375": [5, 0, 0],
						"0.75": [5, 0, 0],
						"1.0": [-37.5, 0, 0]
					}
				},
				"neck": {
					"rotation": {
						"0.0": [-10, 0, 0],
						"0.25": [-2.5, 0, 0],
						"0.5": [5, 0, 0],
						"0.75": [17.5, 0, 0],
						"1.0": [-10, 0, 0]
					}
				},
				"head": {
					"rotation": {
						"0.0": [-10, 0, 0],
						"0.25": [-22.5, 0, 0],
						"0.5": [-10, 0, 0],
						"0.75": [2.5, 0, 0],
						"1.0": [-10, 0, 0]
					}
				},
				"rightarm": {
					"rotation": {
						"0.0": [54.16043, -28.55496, -5.74316],
						"0.2917": [-22.51674, -12.17769, 27.97793],
						"0.5": [0, 0, 17.5],
						"0.6667": [-5.83957, -28.55496, -5.74316],
						"0.8333": [55.2666, -11.51437, -9.89161],
						"1.0": [54.16043, -28.55496, -5.74316]
					}
				},
				"rightarmp2": {
					"rotation": {
						"0.0": [15, 0, -12.5],
						"0.4167": [0, 0, 0],
						"0.75": [0, 0, 0],
						"0.8333": [15, 0, -12.5]
					}
				},
				"rightarmp3": {
					"rotation": {
						"0.0": [22.5, 0, -27.5],
						"0.4167": [0, 0, 0],
						"0.75": [0, 0, 0],
						"0.8333": [22.5, 0, -27.5]
					}
				},
				"leftarm": {
					"rotation": {
						"0.0": [54.16043, 28.55496, 5.74316],
						"0.2917": [-22.51674, 12.17769, -27.97793],
						"0.5": [0, 0, -17.5],
						"0.6667": [-5.83957, 28.55496, 5.74316],
						"0.8333": [55.2666, 11.51437, 9.89161],
						"1.0": [54.16043, 28.55496, 5.74316]
					}
				},
				"leftarmp2": {
					"rotation": {
						"0.0": [15, 0, 12.5],
						"0.4167": [0, 0, 0],
						"0.75": [0, 0, 0],
						"0.8333": [15, 0, 12.5]
					}
				},
				"leftarmp3": {
					"rotation": {
						"0.0": [22.5, 0, 27.5],
						"0.4167": [0, 0, 0],
						"0.75": [0, 0, 0],
						"0.8333": [22.5, 0, 27.5]
					}
				}
			}
		},
		"animation.selkuddle.blink": {
			"animation_length": 0.41667,
			"bones": {
				"righteyelid": {
					"position": {
						"0.0": [0, 0, 0],
						"0.0833": [0, 0, 0],
						"0.1667": [0, 0, 0],
						"0.2083": [0, -0.84339, -0.5373],
						"0.25": [0, -0.84339, -0.5373],
						"0.375": [0, -0.84339, -0.5373],
						"0.4167": [0, 0, 0]
					}
				},
				"lefteyelid": {
					"position": {
						"0.0": [0, 0, 0],
						"0.0833": [0, 0, 0],
						"0.1667": [0, 0, 0],
						"0.2083": [0, -0.84339, -0.5373],
						"0.25": [0, -0.84339, -0.5373],
						"0.375": [0, -0.84339, -0.5373],
						"0.4167": [0, 0, 0]
					}
				}
			}
		},
		"animation.selkuddle.cry": {
			"animation_length": 0.25,
			"bones": {
				"head": {
					"rotation": {
						"0.0": [0, 0, 0],
						"0.125": [-7.5, 0, 0],
						"0.1667": [-12.5, 0, 0],
						"0.2083": [-7.5, 0, 0],
						"0.25": [0, 0, 0]
					}
				},
				"mouth": {
					"scale": {
						"0.0417": [1, 1, 0.6],
						"0.1667": [1, 1, 1.2],
						"0.25": [1, 1, 0.6]
					}
				}
			}
		},
		"animation.selkuddle.faint": {
			"animation_length": 1,
			"bones": {
				"mouth": {
					"scale": [1, 1, 0.35]
				},
				"nose": {
					"scale": [1, 1, 0.525]
				},
				"body": {
					"rotation": {
						"0.0": [0, 0, 0],
						"0.5": [30, 0, 0]
					},
					"position": {
						"0.0": [0, 0, 0],
						"0.5": [0, -1, -2]
					}
				},
				"tailp1": {
					"rotation": {
						"0.0": [0, 0, 0],
						"0.5": [-40, 0, 0]
					},
					"position": [0, 0, 0]
				},
				"tailp2": {
					"rotation": {
						"0.0": [0, 0, 0],
						"0.5": [-25, 0, 0]
					},
					"position": [0, 0, 0]
				},
				"tailp3": {
					"rotation": {
						"0.0": [0, 0, 0],
						"0.5": [-20, 0, 0]
					},
					"position": [0, 0, 0]
				},
				"neck": {
					"rotation": {
						"0.0": [0, 0, 0],
						"0.5": [30, 0, 0]
					},
					"position": {
						"0.0": [0, 0, 0],
						"0.5": [0, -1, -1]
					}
				},
				"head": {
					"rotation": {
						"0.0": [0, 0, 0],
						"0.5": [0, 0, 0],
						"0.625": [32.5, 0, 0]
					},
					"position": [0, 0, 0]
				},
				"righteyelid": {
					"position": {
						"0.2083": [0, -0.3027, 0.30339],
						"0.25": [0, -0.84339, -0.5373]
					}
				},
				"lefteyelid": {
					"position": {
						"0.2083": [0, -0.3027, 0.30339],
						"0.25": [0, -0.84339, -0.5373]
					}
				},
				"rightarm": {
					"rotation": {
						"0.0": [0, 0, 0],
						"0.5": [39.56705, -15.44989, 8.25533]
					},
					"position": [0, 0, 0]
				},
				"rightarmp2": {
					"rotation": {
						"0.0": [0, 0, 0],
						"0.5": [0, 0, -17.5]
					},
					"position": [0, 0, 0]
				},
				"rightarmp3": {
					"rotation": {
						"0.0": [0, 0, 0],
						"0.5": [0, 0, -32.5]
					},
					"position": [0, 0, 0]
				},
				"leftarm": {
					"rotation": {
						"0.0": [0, 0, 0],
						"0.5": [39.56705, 15.44989, -8.25533]
					},
					"position": [0, 0, 0]
				},
				"leftarmp2": {
					"rotation": {
						"0.0": [0, 0, 0],
						"0.5": [0, 0, 17.5]
					},
					"position": [0, 0, 0]
				},
				"leftarmp3": {
					"rotation": {
						"0.0": [0, 0, 0],
						"0.5": [0, 0, 32.5]
					},
					"position": [0, 0, 0]
				}
			}
		},
		"animation.selkuddle.sleep": {
			"loop": true,
			"animation_length": 1,
			"bones": {
				"body": {
					"rotation": {
						"0.0": [30, 0, 0],
						"0.5": [32.5, 0, 0],
						"1.0": [30, 0, 0]
					},
					"position": {
						"0.0": [0, -1, -1],
						"0.5": [0, -0.75, -1],
						"1.0": [0, -1, -1]
					}
				},
				"tailp1": {
					"rotation": {
						"0.0": [-32.67544, -14.94159, 1.3378],
						"0.5": [-40.17544, -14.94159, 1.3378],
						"1.0": [-32.67544, -14.94159, 1.3378]
					}
				},
				"tailp2": {
					"rotation": [-30.31797, -27.47162, 1.30078]
				},
				"tailp3": {
					"rotation": {
						"0.0": [-33.70702, -37.33289, -3.82607],
						"0.5": [-28.70702, -37.33289, -3.82607],
						"1.0": [-33.70702, -37.33289, -3.82607]
					}
				},
				"neck": {
					"rotation": [-17.5, 0, 0],
					"position": [0, 0, 1]
				},
				"nose": {
					"scale": [1, 1, 0.525]
				},
				"righteyelid": {
					"position": [0, -0.84339, -0.5373]
				},
				"lefteyelid": {
					"position": [0, -0.84339, -0.5373]
				},
				"mouth": {
					"scale": [1, 1, 0.35]
				},
				"rightarm": {
					"rotation": [4.13132, -36.78419, -29.01478]
				},
				"rightarmp2": {
					"rotation": [1.73314, 0.37745, -5.73246]
				},
				"rightarmp3": {
					"rotation": [0, 0, -145],
					"position": [1.25, 0, 0]
				},
				"leftarm": {
					"rotation": [4.13132, 36.78419, 29.01478]
				},
				"leftarmp3": {
					"rotation": [0, 0, 145],
					"position": [-1.25, 0, 0]
				}
			}
		}
	}
}