{
	"format_version": "1.8.0",
	"animations": {
		"animation.swaggot.ground_idle": {
			"loop": true,
			"animation_length": 2.4,
			"bones": {
				"head": {
					"rotation": {
						"0.0": [0, 0, 0],
						"1.2": [10, 0, 0],
						"2.4": [0, 0, 0]
					},
					"position": {
						"0.0": [0, 0, 0],
						"2.4": [0, 0, 0]
					}
				},
				"bone": {
					"rotation": {
						"0.0": [0, 0, 0],
						"1.2": [-7.5, 0, 0],
						"2.4": [0, 0, 0]
					},
					"scale": {
						"0.0": [1, 1, 1],
						"2.4": [1, 1, 1]
					}
				},
				"bone2": {
					"rotation": {
						"0.0": [0, 0, 0],
						"1.2": [-45, 0, 0],
						"2.4": [0, 0, 0]
					},
					"position": {
						"0.0": [0, 0, 0],
						"1.2": [0, 0, -1],
						"2.4": [0, 0, 0]
					}
				},
				"antenna": {
					"rotation": {
						"0.0": [0, 0, 0],
						"1.2": [-12.5, 0, 0],
						"2.4": [0, 0, 0]
					}
				},
				"antenna2": {
					"rotation": {
						"0.0": [0, 0, 0],
						"1.2": [-12.5, 0, 0],
						"2.4": [0, 0, 0]
					}
				}
			}
		},
		"animation.swaggot.ground_walk": {
			"loop": true,
			"animation_length": 0.72,
			"bones": {
				"head": {
					"rotation": {
						"0.0": [0, 0, 0],
						"0.36": [0, -5, 0],
						"0.72": [0, 0, 0]
					}
				},
				"bone": {
					"rotation": {
						"0.0": [0, 0, 0],
						"0.36": [0, 5, 0],
						"0.72": [0, 0, 0]
					}
				},
				"bone2": {
					"rotation": [0, 0, 0]
				},
				"leg": {
					"rotation": {
						"0.0": [-20, 0, 0],
						"0.16": [0, 0, 0],
						"0.36": [20, 0, 0],
						"0.56": [0, 0, 0],
						"0.72": [-20, 0, 0]
					}
				},
				"leg2": {
					"rotation": {
						"0.0": [20, 0, 0],
						"0.16": [0, 0, 0],
						"0.36": [-20, 0, 0],
						"0.56": [0, 0, 0],
						"0.72": [20, 0, 0]
					}
				},
				"leg3": {
					"rotation": {
						"0.0": [20, 0, 0],
						"0.16": [0, 0, 0],
						"0.36": [-20, 0, 0],
						"0.56": [0, 0, 0],
						"0.72": [20, 0, 0]
					}
				},
				"leg4": {
					"rotation": {
						"0.0": [20, 0, 0],
						"0.16": [0, 0, 0],
						"0.36": [-20, 0, 0],
						"0.56": [0, 0, 0],
						"0.72": [20, 0, 0]
					}
				},
				"leg5": {
					"rotation": {
						"0.0": [-20, 0, 0],
						"0.16": [0, 0, 0],
						"0.36": [20, 0, 0],
						"0.56": [0, 0, 0],
						"0.72": [-20, 0, 0]
					}
				},
				"leg6": {
					"rotation": {
						"0.0": [-20, 0, 0],
						"0.16": [0, 0, 0],
						"0.36": [20, 0, 0],
						"0.56": [0, 0, 0],
						"0.72": [-20, 0, 0]
					}
				},
				"antenna": {
					"rotation": {
						"0.0": [-22.5, 0, 0],
						"0.36": [-27.5, 0, 0],
						"0.72": [-22.5, 0, 0]
					}
				},
				"antenna2": {
					"rotation": {
						"0.0": [-22.5, 0, 0],
						"0.36": [-27.5, 0, 0],
						"0.72": [-22.5, 0, 0]
					}
				}
			}
		}
	}
}