{
	"format_version": "1.8.0",
	"animations": {
		"enderran.animation.ground_idle": {
			"loop": true,
			"animation_length": 4,
			"bones": {
				"torso": {
					"rotation": {
						"0.0": [20, 0, 0],
						"2.0": [30, 0, 0],
						"4.0": [20, 0, 0]
					}
				},
				"head": {
					"rotation": {
						"0.0": [-15, 0, 0],
						"1.0": [-20, 0, 0],
						"2.0": [-30, 0, 0],
						"3.0": [-20, 0, 0],
						"4.0": [-15, 0, 0]
					}
				},
				"leg1": {
					"rotation": [-10, 0, 0]
				},
				"leg2": {
					"rotation": [-10, 0, 0]
				},
				"arm1": {
					"rotation": {
						"0.0": [-20, 0, 0],
						"2.0": [-30, 0, 0],
						"4.0": [-20, 0, 0]
					}
				},
				"leg3": {
					"rotation": [10, 0, 0]
				},
				"leg4": {
					"rotation": [10, 0, 0]
				},
				"arm2": {
					"rotation": {
						"0.0": [-20, 0, 0],
						"2.0": [-30, 0, 0],
						"4.0": [-20, 0, 0]
					}
				}
			}
		},
		"enderran.animation.ground_walk": {
			"loop": true,
			"animation_length": 1.75,
			"bones": {
				"torso": {
					"rotation": {
						"0.0": [20, 0, 0],
						"0.25": [25, 0, 0],
						"0.75": [20, 0, 0],
						"1.25": [25, 0, 0],
						"1.75": [20, 0, 0]
					}
				},
				"head": {
					"rotation": {
						"0.0": [0, 0, 0],
						"0.25": [-10, 0, 0],
						"0.75": [0, 0, 0],
						"1.25": [-10, 0, 0],
						"1.75": [0, 0, 0]
					}
				},
				"leg1": {
					"rotation": {
						"0.0": [10, 0, 0],
						"0.25": [-2.5, 0, 0],
						"0.5": [-20, 0, 0],
						"0.75": [-40, 0, 0],
						"1.0": [-30, 0, 0],
						"1.25": [-15, 0, 0],
						"1.5": [-2.5, 0, 0],
						"1.75": [10, 0, 0]
					}
				},
				"leg2": {
					"rotation": {
						"0.0": [-30, 0, 0],
						"0.25": [-20, 0, 0],
						"0.5": [-5, 0, 0],
						"0.75": [15, 0, 0],
						"1.0": [10, 0, 0],
						"1.25": [0, 0, 0],
						"1.5": [-20, 0, 0],
						"1.75": [-30, 0, 0]
					}
				},
				"arm1": {
					"rotation": {
						"0.0": [-15, 0, 0],
						"0.75": [-17.5, 0, 0],
						"1.25": [-20, 0, 0],
						"1.75": [-15, 0, 0]
					}
				},
				"leg3": {
					"rotation": {
						"0.0": [17.5, 0, 0],
						"0.5": [45, 0, 0],
						"0.75": [15, 0, 0],
						"1.5": [5, 0, 0],
						"1.75": [17.5, 0, 0]
					}
				},
				"leg4": {
					"rotation": {
						"0.0": [10, 0, 0],
						"0.25": [20, 0, 0],
						"0.5": [5, 0, 0],
						"0.75": [-5, 0, 0],
						"1.0": [10, 0, 0],
						"1.25": [30, 0, 0],
						"1.5": [50, 0, 0],
						"1.75": [10, 0, 0]
					}
				},
				"arm2": {
					"rotation": {
						"0.0": [-15, 0, 0],
						"0.75": [-17.5, 0, 0],
						"1.25": [-20, 0, 0],
						"1.75": [-15, 0, 0]
					}
				}
			}
		},
		"enderran.animation.faint": {
			"animation_length": 3.25,
			"bones": {
				"torso": {
					"rotation": {
						"0.0": [0, 0, 0],
						"1.0": [-20, 0, 0],
						"1.25": [-70, 0, 0],
						"1.375": [-90, 0, 0],
						"1.5417": [-90, 0, 0],
						"3.25": [-90, 0, 0]
					},
					"position": {
						"0.0": [0, 0, 0],
						"1.0": [0, 0, 6],
						"1.25": [0, -7, 14],
						"1.375": [0, -14, 17],
						"1.5": [0, -13, 18],
						"1.5417": [0, -14, 19],
						"3.25": [0, -14, 19]
					}
				},
				"head": {
					"rotation": {
						"0.0": [0, 0, 0],
						"1.0": [0, 0, 0],
						"1.25": [60, 0, 0],
						"1.5": [-45, 0, 0],
						"1.625": [-20, 0, 0],
						"1.7917": [-52.5, 0, 0]
					}
				},
				"leg1": {
					"rotation": {
						"0.0": [0, 0, 0],
						"1.0": [-20, 0, 0],
						"1.25": [-97.5, 0, 0],
						"1.375": [-135, 0, 0],
						"1.5417": [-90, 0, 0]
					},
					"position": {
						"0.0": [0, 0, 0],
						"1.0": [0, -0.25, 5.5],
						"1.25": [0, -6.25, 13.5],
						"1.375": [0, -14, 17],
						"1.5417": [0, -14, 19]
					}
				},
				"leg2": {
					"rotation": {
						"0.0": [0, 0, 0],
						"1.0": [-20, 0, 0],
						"1.25": [-97.5, 0, 0],
						"1.375": [-135, 0, 0],
						"1.5417": [-90, 0, 0]
					},
					"position": {
						"0.0": [0, 0, 0],
						"1.0": [0, -0.25, 5.5],
						"1.25": [0, -6.25, 13.5],
						"1.375": [0, -14, 17],
						"1.5417": [0, -14, 19]
					}
				},
				"arm1": {
					"rotation": {
						"1.0": [0, 0, 0],
						"1.25": [-45, 0, 0],
						"1.5": [-27.5, 0, 0],
						"1.6667": [2.5, 0, 0]
					},
					"position": [0, 0, 0]
				},
				"lowerarm1": {
					"rotation": {
						"0.0": [0, 0, 0],
						"1.0": [0, 0, 0],
						"1.6667": [-30, 0, 0],
						"1.7917": [0, 0, 0]
					}
				},
				"arm2": {
					"rotation": {
						"1.0": [0, 0, 0],
						"1.25": [-45, 0, 0],
						"1.5": [-27.5, 0, 0],
						"1.6667": [2.5, 0, 0]
					},
					"position": [0, 0, 0]
				},
				"lowerarm2": {
					"rotation": {
						"0.0": [0, 0, 0],
						"1.0": [0, 0, 0],
						"1.6667": [-30, 0, 0],
						"1.7917": [0, 0, 0]
					}
				}
			}
		},
		"animation.enderran.ground_idle": {
			"loop": true,
			"animation_length": 4,
			"bones": {
				"torso": {
					"rotation": {
						"0.0": [20, 0, 0],
						"2.0": [30, 0, 0],
						"4.0": [20, 0, 0]
					}
				},
				"head": {
					"rotation": {
						"0.0": [-15, 0, 0],
						"1.0": [-20, 0, 0],
						"2.0": [-30, 0, 0],
						"3.0": [-20, 0, 0],
						"4.0": [-15, 0, 0]
					}
				},
				"leg1": {
					"rotation": [-10, 0, 0]
				},
				"leg2": {
					"rotation": [-10, 0, 0]
				},
				"arm1": {
					"rotation": {
						"0.0": [-20, 0, 0],
						"2.0": [-30, 0, 0],
						"4.0": [-20, 0, 0]
					}
				},
				"leg3": {
					"rotation": [10, 0, 0]
				},
				"leg4": {
					"rotation": [10, 0, 0]
				},
				"arm2": {
					"rotation": {
						"0.0": [-20, 0, 0],
						"2.0": [-30, 0, 0],
						"4.0": [-20, 0, 0]
					}
				}
			}
		},
		"animation.enderran.ground_walk": {
			"loop": true,
			"animation_length": 1.75,
			"bones": {
				"torso": {
					"rotation": {
						"0.0": [20, 0, 0],
						"0.25": [25, 0, 0],
						"0.75": [20, 0, 0],
						"1.25": [25, 0, 0],
						"1.75": [20, 0, 0]
					}
				},
				"head": {
					"rotation": {
						"0.0": [0, 0, 0],
						"0.25": [-10, 0, 0],
						"0.75": [0, 0, 0],
						"1.25": [-10, 0, 0],
						"1.75": [0, 0, 0]
					}
				},
				"leg1": {
					"rotation": {
						"0.0": [10, 0, 0],
						"0.25": [-2.5, 0, 0],
						"0.5": [-20, 0, 0],
						"0.75": [-40, 0, 0],
						"1.0": [-30, 0, 0],
						"1.25": [-15, 0, 0],
						"1.5": [-2.5, 0, 0],
						"1.75": [10, 0, 0]
					}
				},
				"leg2": {
					"rotation": {
						"0.0": [-30, 0, 0],
						"0.25": [-20, 0, 0],
						"0.5": [-5, 0, 0],
						"0.75": [15, 0, 0],
						"1.0": [10, 0, 0],
						"1.25": [0, 0, 0],
						"1.5": [-20, 0, 0],
						"1.75": [-30, 0, 0]
					}
				},
				"arm1": {
					"rotation": {
						"0.0": [-15, 0, 0],
						"0.75": [-17.5, 0, 0],
						"1.25": [-20, 0, 0],
						"1.75": [-15, 0, 0]
					}
				},
				"leg3": {
					"rotation": {
						"0.0": [17.5, 0, 0],
						"0.5": [45, 0, 0],
						"0.75": [15, 0, 0],
						"1.5": [5, 0, 0],
						"1.75": [17.5, 0, 0]
					}
				},
				"leg4": {
					"rotation": {
						"0.0": [10, 0, 0],
						"0.25": [20, 0, 0],
						"0.5": [5, 0, 0],
						"0.75": [-5, 0, 0],
						"1.0": [10, 0, 0],
						"1.25": [30, 0, 0],
						"1.5": [50, 0, 0],
						"1.75": [10, 0, 0]
					}
				},
				"arm2": {
					"rotation": {
						"0.0": [-15, 0, 0],
						"0.75": [-17.5, 0, 0],
						"1.25": [-20, 0, 0],
						"1.75": [-15, 0, 0]
					}
				}
			}
		},
		"animation.enderran.faint": {
			"animation_length": 3.25,
			"bones": {
				"torso": {
					"rotation": {
						"0.0": [0, 0, 0],
						"1.0": [-20, 0, 0],
						"1.25": [-70, 0, 0],
						"1.375": [-90, 0, 0],
						"1.5417": [-90, 0, 0],
						"3.25": [-90, 0, 0]
					},
					"position": {
						"0.0": [0, 0, 0],
						"1.0": [0, 0, 6],
						"1.25": [0, -7, 14],
						"1.375": [0, -14, 17],
						"1.5": [0, -13, 18],
						"1.5417": [0, -14, 19],
						"3.25": [0, -14, 19]
					}
				},
				"head": {
					"rotation": {
						"0.0": [0, 0, 0],
						"1.0": [0, 0, 0],
						"1.25": [60, 0, 0],
						"1.5": [-45, 0, 0],
						"1.625": [-20, 0, 0],
						"1.7917": [-52.5, 0, 0]
					}
				},
				"leg1": {
					"rotation": {
						"0.0": [0, 0, 0],
						"1.0": [-20, 0, 0],
						"1.25": [-97.5, 0, 0],
						"1.375": [-135, 0, 0],
						"1.5417": [-90, 0, 0]
					},
					"position": {
						"0.0": [0, 0, 0],
						"1.0": [0, -0.25, 5.5],
						"1.25": [0, -6.25, 13.5],
						"1.375": [0, -14, 17],
						"1.5417": [0, -14, 19]
					}
				},
				"leg2": {
					"rotation": {
						"0.0": [0, 0, 0],
						"1.0": [-20, 0, 0],
						"1.25": [-97.5, 0, 0],
						"1.375": [-135, 0, 0],
						"1.5417": [-90, 0, 0]
					},
					"position": {
						"0.0": [0, 0, 0],
						"1.0": [0, -0.25, 5.5],
						"1.25": [0, -6.25, 13.5],
						"1.375": [0, -14, 17],
						"1.5417": [0, -14, 19]
					}
				},
				"arm1": {
					"rotation": {
						"1.0": [0, 0, 0],
						"1.25": [-45, 0, 0],
						"1.5": [-27.5, 0, 0],
						"1.6667": [2.5, 0, 0]
					},
					"position": [0, 0, 0]
				},
				"lowerarm1": {
					"rotation": {
						"0.0": [0, 0, 0],
						"1.0": [0, 0, 0],
						"1.6667": [-30, 0, 0],
						"1.7917": [0, 0, 0]
					}
				},
				"arm2": {
					"rotation": {
						"1.0": [0, 0, 0],
						"1.25": [-45, 0, 0],
						"1.5": [-27.5, 0, 0],
						"1.6667": [2.5, 0, 0]
					},
					"position": [0, 0, 0]
				},
				"lowerarm2": {
					"rotation": {
						"0.0": [0, 0, 0],
						"1.0": [0, 0, 0],
						"1.6667": [-30, 0, 0],
						"1.7917": [0, 0, 0]
					}
				}
			}
		}
	}
}