{
	"format_version": "1.12.0",
	"minecraft:geometry": [
		{
			"description": {
				"identifier": "geometry.unknown",
				"texture_width": 128,
				"texture_height": 128,
				"visible_bounds_width": 4,
				"visible_bounds_height": 3.5,
				"visible_bounds_offset": [0, 1.25, 0]
			},
			"bones": [
				{
					"name": "slowking",
					"pivot": [0, 0, 0]
				},
				{
					"name": "body",
					"parent": "slowking",
					"pivot": [0, 11, 1]
				},
				{
					"name": "torso",
					"parent": "body",
					"pivot": [-0.5, 5.5, 0.5],
					"cubes": [
						{"origin": [-5, 11, -4], "size": [10, 6, 9], "uv": [35, 10]},
						{"origin": [-5.5, 3, -4.5], "size": [11, 8, 11], "uv": [0, 0]},
						{"origin": [-4, 17, -3.5], "size": [8, 1, 8], "inflate": 0.01, "uv": [49, 0]}
					]
				},
				{
					"name": "frills",
					"parent": "torso",
					"pivot": [0, 18.3, 0.5]
				},
				{
					"name": "front_frill",
					"parent": "frills",
					"pivot": [0, 18.3, -1.5],
					"cubes": [
						{"origin": [-6, 18.3, -9.5], "size": [12, 0, 7], "pivot": [0, 18.3, -1.5], "rotation": [22.5, 0, 0], "uv": [26, 0]}
					]
				},
				{
					"name": "right_frill",
					"parent": "frills",
					"pivot": [-2, 18.3, 0.25],
					"cubes": [
						{"origin": [-10, 18.3, -5.5], "size": [7, 0, 12], "pivot": [-2, 18.3, 0.5], "rotation": [0, 0, -22.5], "uv": [32, 25]}
					]
				},
				{
					"name": "left_frill",
					"parent": "frills",
					"pivot": [2, 18.3, 0.5],
					"cubes": [
						{"origin": [3, 18.3, -5.5], "size": [7, 0, 12], "pivot": [2, 18.3, 0.5], "rotation": [0, 0, 22.5], "uv": [73, 12]}
					]
				},
				{
					"name": "back_frill",
					"parent": "frills",
					"pivot": [0, 18.3, 2.5],
					"cubes": [
						{"origin": [-6, 18.3, 3.5], "size": [12, 0, 7], "pivot": [0, 18.3, 2.5], "rotation": [-22.5, 0, 0], "uv": [79, 0]}
					]
				},
				{
					"name": "neck",
					"parent": "torso",
					"pivot": [0, 17, 0.5],
					"cubes": [
						{"origin": [-3.5, 16.5, -3], "size": [7, 5, 7], "uv": [53, 49]}
					]
				},
				{
					"name": "head",
					"parent": "neck",
					"pivot": [0, 17.8, 0.5],
					"cubes": [
						{"origin": [-0.55, 18.5, -6.5], "size": [4, 2, 3], "pivot": [4.5, 18.5, -6], "rotation": [0, 0, 12.5], "uv": [70, 22]},
						{"origin": [-3.45, 18.5, -6.5], "size": [4, 2, 3], "pivot": [-4.5, 18.5, -6], "rotation": [0, 0, -12.5], "uv": [22, 51]},
						{"origin": [0.5, 20, -6.651], "size": [1, 1, 1], "inflate": -0.15, "pivot": [1.5, 20.5, -7], "rotation": [0, 0, -25], "uv": [41, 41]},
						{"origin": [-1.5, 20, -6.651], "size": [1, 1, 1], "inflate": -0.15, "pivot": [-1.5, 20.5, -7], "rotation": [0, 0, 25], "uv": [40, 36]},
						{"origin": [1.5, 18.75, -6.25], "size": [1, 1, 0], "uv": [8, 8]},
						{"origin": [-2.5, 18.75, -6.25], "size": [1, 1, 0], "uv": [0, 8]},
						{"origin": [-4.5, 17.8, -4], "size": [9, 8, 9], "uv": [0, 34]}
					]
				},
				{
					"name": "crown",
					"parent": "head",
					"pivot": [0, 26.25, 1],
					"rotation": [-15, 0, 0],
					"cubes": [
						{"origin": [-5.5, 23.75, -4.25], "size": [11, 4, 11], "uv": [0, 19]},
						{"origin": [-5, 22.75, -3.75], "size": [10, 1, 0], "uv": [33, 7]},
						{"origin": [5.5, 24.25, -2.25], "size": [5, 8, 0], "pivot": [5.5, 26.25, -2.25], "rotation": [0, 45, 0], "uv": [0, 19]},
						{"origin": [-10.5, 24.25, -2.25], "size": [5, 8, 0], "pivot": [-5.5, 26.25, -2.25], "rotation": [0, -45, 0], "uv": [0, 0]},
						{"origin": [-4.5, 27.75, -3.25], "size": [9, 3, 9], "uv": [36, 37]},
						{"origin": [-7, 30.75, 3.25], "size": [5, 2, 0], "pivot": [-2, 30.75, 3.25], "rotation": [38.42684, 25.49671, 61.51653], "uv": [15, 64]},
						{"origin": [2, 30.75, 3.25], "size": [5, 2, 0], "pivot": [2, 30.75, 3.25], "rotation": [38.42684, -25.49671, -61.51653], "uv": [63, 44]},
						{"origin": [-2.5, 30.75, -1.25], "size": [5, 3, 5], "uv": [0, 64]},
						{"origin": [2, 30.75, -0.75], "size": [5, 2, 0], "pivot": [2, 30.75, -0.75], "rotation": [-38.42684, 25.49671, -61.51653], "uv": [27, 41]},
						{"origin": [-7, 30.75, -0.75], "size": [5, 2, 0], "pivot": [-2, 30.75, -0.75], "rotation": [-38.42684, -25.49671, 61.51653], "uv": [33, 8]},
						{"origin": [-1, 30.75, -2.75], "size": [2, 2, 2], "pivot": [0, 30.75, -1.75], "rotation": [-12.5, 0, 0], "uv": [0, 34]},
						{"origin": [-1.5, 32.75, 1.25], "size": [3, 5, 0], "pivot": [0, 32.75, 1.25], "rotation": [0, -45, 0], "uv": [46, 55]},
						{"origin": [-1.5, 32.75, 1.25], "size": [3, 5, 0], "pivot": [0, 32.75, 1.25], "rotation": [0, 45, 0], "uv": [0, 51]}
					]
				},
				{
					"name": "crown_eye_left",
					"parent": "crown",
					"pivot": [2, 25.75, 6.26],
					"rotation": [0, 0, -10],
					"cubes": [
						{"origin": [0.5, 24.25, 5.76], "size": [4, 3, 1], "uv": [74, 49]},
						{"origin": [2.1, 24.25, 5.76], "size": [1, 2, 1], "inflate": 0.01, "uv": [27, 34]}
					]
				},
				{
					"name": "crown_eyelid_left",
					"parent": "crown_eye_left",
					"pivot": [2.00449, 25.77549, 6.15659],
					"cubes": [
						{"origin": [0.5, 24.25, 5.66], "size": [4, 3, 1], "inflate": 0.015, "uv": [14, 74]}
					]
				},
				{
					"name": "crown_eye_right",
					"parent": "crown",
					"pivot": [-2, 25.75, 6.26],
					"rotation": [0, 0, 10],
					"cubes": [
						{"origin": [-4.5, 24.25, 5.76], "size": [4, 3, 1], "uv": [73, 16]},
						{"origin": [-3.1, 24.25, 5.76], "size": [1, 2, 1], "inflate": 0.01, "uv": [5, 38]}
					]
				},
				{
					"name": "crown_eyelid_right",
					"parent": "crown_eye_right",
					"pivot": [-2, 25.75, 6.06],
					"cubes": [
						{"origin": [-4.5, 24.25, 5.66], "size": [4, 3, 1], "inflate": 0.015, "uv": [33, 25]}
					]
				},
				{
					"name": "eye_left",
					"parent": "head",
					"pivot": [3.135, 21.65, -3.5125],
					"cubes": [
						{"origin": [1.51, 20.85, -4.01], "size": [2, 3, 1], "uv": [39, 68]}
					]
				},
				{
					"name": "pupil_left",
					"parent": "eye_left",
					"pivot": [0, 15.5, 8],
					"cubes": [
						{"origin": [1.96, 21.75, -4.115], "size": [1, 1, 1], "inflate": -0.1, "uv": [40, 34]}
					]
				},
				{
					"name": "eye_right",
					"parent": "head",
					"pivot": [-3.135, 21.55, -3.5125],
					"cubes": [
						{"origin": [-3.51, 20.85, -4.01], "size": [2, 3, 1], "uv": [28, 56]}
					]
				},
				{
					"name": "pupil_right",
					"parent": "eye_right",
					"pivot": [0, 15.5, 8],
					"cubes": [
						{"origin": [-2.96, 21.75, -4.115], "size": [1, 1, 1], "inflate": -0.1, "uv": [27, 37]}
					]
				},
				{
					"name": "jaw",
					"parent": "head",
					"pivot": [0, 19.5, -4],
					"cubes": [
						{"origin": [-3, 18.5, -6.2], "size": [6, 1, 3], "uv": [69, 68]}
					]
				},
				{
					"name": "arm_left",
					"parent": "torso",
					"pivot": [4, 14.5, -0.75],
					"cubes": [
						{"origin": [3.5, 13.5, -2.25], "size": [6, 3, 4], "inflate": 0.001, "uv": [64, 9]}
					]
				},
				{
					"name": "arm_left2",
					"parent": "arm_left",
					"pivot": [9.5, 16.5, 1.75],
					"cubes": [
						{"origin": [9.5, 14, -1.75], "size": [4, 2, 3], "uv": [72, 44]}
					]
				},
				{
					"name": "finger_left",
					"parent": "arm_left2",
					"pivot": [13.5, 16, -0.25],
					"cubes": [
						{"origin": [13.5, 15, -1.25], "size": [1, 1, 2], "uv": [37, 42]}
					]
				},
				{
					"name": "thumb_left",
					"parent": "arm_left2",
					"pivot": [12.75, 15, -1.25],
					"cubes": [
						{"origin": [12.25, 14.5, -2.75], "size": [1, 1, 2], "uv": [46, 60]}
					]
				},
				{
					"name": "arm_right",
					"parent": "torso",
					"pivot": [-4, 14.5, -0.75],
					"cubes": [
						{"origin": [-9.5, 13.5, -2.25], "size": [6, 3, 4], "inflate": 0.001, "uv": [62, 61]}
					]
				},
				{
					"name": "arm_right2",
					"parent": "arm_right",
					"pivot": [-9.5, 16.5, 1.75],
					"cubes": [
						{"origin": [-13.5, 14, -1.75], "size": [4, 2, 3], "uv": [0, 72]}
					]
				},
				{
					"name": "finger_right",
					"parent": "arm_right2",
					"pivot": [-13.5, 16, -0.25],
					"cubes": [
						{"origin": [-14.5, 15, -1.25], "size": [1, 1, 2], "uv": [1, 39]}
					]
				},
				{
					"name": "thumb_right",
					"parent": "arm_right2",
					"pivot": [-12.75, 15, -1.25],
					"cubes": [
						{"origin": [-13.25, 14.5, -2.75], "size": [1, 1, 2], "uv": [28, 60]}
					]
				},
				{
					"name": "tail",
					"parent": "torso",
					"pivot": [0, 6.5, 5.5],
					"cubes": [
						{"origin": [-4, 3.5, 4.5], "size": [8, 7, 6], "uv": [0, 51]}
					]
				},
				{
					"name": "tail2",
					"parent": "tail",
					"pivot": [0, 6.5, 7.6],
					"cubes": [
						{"origin": [-2.5, 4.5, 6.5], "size": [5, 5, 8], "uv": [28, 55]}
					]
				},
				{
					"name": "tail3",
					"parent": "tail2",
					"pivot": [0, 7, 13.5],
					"cubes": [
						{"origin": [-1.5, 5.5, 12.5], "size": [3, 3, 5], "uv": [28, 69]}
					]
				},
				{
					"name": "leg_left",
					"parent": "body",
					"pivot": [6, 6, -0.5],
					"cubes": [
						{"origin": [4, 2.5, -3.5], "size": [4, 7, 7], "uv": [47, 61]}
					]
				},
				{
					"name": "leg_left2",
					"parent": "leg_left",
					"pivot": [6, 2.5, -0.5],
					"cubes": [
						{"origin": [4.5, 0.5, -0.5], "size": [3, 3, 3], "uv": [66, 72]}
					]
				},
				{
					"name": "foot_left",
					"parent": "leg_left2",
					"pivot": [6, 1.5, 2],
					"cubes": [
						{"origin": [4, 0, -2], "size": [4, 2, 5], "inflate": 0.001, "uv": [27, 34]},
						{"origin": [4.5, 0, -3], "size": [3, 1, 2], "uv": [0, 8]}
					]
				},
				{
					"name": "leg_right",
					"parent": "body",
					"pivot": [-6, 6, -0.5],
					"cubes": [
						{"origin": [-8, 2.5, -3.5], "size": [4, 7, 7], "uv": [63, 30]}
					]
				},
				{
					"name": "leg_right2",
					"parent": "leg_right",
					"pivot": [-6, 2.5, -0.5],
					"cubes": [
						{"origin": [-7.5, 0.5, -0.5], "size": [3, 3, 3], "uv": [73, 0]}
					]
				},
				{
					"name": "foot_right",
					"parent": "leg_right2",
					"pivot": [-6, 1.5, 2],
					"cubes": [
						{"origin": [-8, 0, -2], "size": [4, 2, 5], "inflate": 0.001, "uv": [15, 67]},
						{"origin": [-7.5, 0, -3], "size": [3, 1, 2], "uv": [0, 27]}
					]
				}
			]
		}
	]
}