{
	"format_version": "1.8.0",
	"animations": {
		"animation.vespamiel.ground_idle": {
			"loop": true,
			"animation_length": 1.92,
			"bones": {
				"bone": {
					"position": {
						"0.0": [0, 0, 0],
						"1.0": [0, 5, 0],
						"1.92": [0, 0, 0]
					}
				},
				"body": {
					"rotation": [0, 0, 0]
				},
				"wing": {
					"rotation": {
						"0.0": [0, 0, 0],
						"0.12": [0, -35, 0],
						"0.24": [0, 0, 0],
						"0.36": [0, -35, 0],
						"0.48": [0, 0, 0],
						"0.6": [0, -35, 0],
						"0.72": [0, 0, 0],
						"0.84": [0, -35, 0],
						"0.96": [0, 0, 0],
						"1.08": [0, -35, 0],
						"1.2": [0, 0, 0],
						"1.32": [0, -35, 0],
						"1.44": [0, 0, 0],
						"1.56": [0, -35, 0],
						"1.68": [0, 0, 0],
						"1.8": [0, -35, 0],
						"1.92": [0, 0, 0]
					}
				},
				"wing3": {
					"rotation": {
						"0.0": [0, 0, 0],
						"0.12": [0, -35, 0],
						"0.24": [0, 0, 0],
						"0.36": [0, -35, 0],
						"0.48": [0, 0, 0],
						"0.6": [0, -35, 0],
						"0.72": [0, 0, 0],
						"0.84": [0, -35, 0],
						"0.96": [0, 0, 0],
						"1.08": [0, -35, 0],
						"1.2": [0, 0, 0],
						"1.32": [0, -35, 0],
						"1.44": [0, 0, 0],
						"1.56": [0, -35, 0],
						"1.68": [0, 0, 0],
						"1.8": [0, -35, 0],
						"1.92": [0, 0, 0]
					}
				},
				"wing2": {
					"rotation": {
						"0.0": [0, 0, 0],
						"0.12": [0, 35, 0],
						"0.24": [0, 0, 0],
						"0.36": [0, 35, 0],
						"0.48": [0, 0, 0],
						"0.6": [0, 35, 0],
						"0.72": [0, 0, 0],
						"0.84": [0, 35, 0],
						"0.96": [0, 0, 0],
						"1.08": [0, 35, 0],
						"1.2": [0, 0, 0],
						"1.32": [0, 35, 0],
						"1.44": [0, 0, 0],
						"1.56": [0, 35, 0],
						"1.68": [0, 0, 0],
						"1.8": [0, 35, 0],
						"1.92": [0, 0, 0]
					}
				},
				"wing4": {
					"rotation": {
						"0.0": [0, 0, 0],
						"0.12": [0, 35, 0],
						"0.24": [0, 0, 0],
						"0.36": [0, 35, 0],
						"0.48": [0, 0, 0],
						"0.6": [0, 35, 0],
						"0.72": [0, 0, 0],
						"0.84": [0, 35, 0],
						"0.96": [0, 0, 0],
						"1.08": [0, 35, 0],
						"1.2": [0, 0, 0],
						"1.32": [0, 35, 0],
						"1.44": [0, 0, 0],
						"1.56": [0, 35, 0],
						"1.68": [0, 0, 0],
						"1.8": [0, 35, 0],
						"1.92": [0, 0, 0]
					}
				},
				"arm": {
					"rotation": {
						"0.0": [0, 0, 0],
						"1.0": [20, 0, 0],
						"1.92": [0, 0, 0]
					}
				},
				"arm2": {
					"rotation": {
						"0.0": [0, 0, 0],
						"1.0": [20, 0, 0],
						"1.92": [0, 0, 0]
					}
				},
				"butt": {
					"rotation": {
						"0.0": [0, 0, 0],
						"1.0": [5, 0, 0],
						"1.92": [0, 0, 0]
					}
				},
				"head": {
					"rotation": {
						"0.0": [0, 0, 0],
						"1.0": [-2.5, 0, 0],
						"1.92": [0, 0, 0]
					}
				},
				"antenna": {
					"rotation": {
						"0.0": [0, 0, 0],
						"1.0": [0, -10, 0],
						"1.92": [0, 0, 0]
					}
				},
				"antenna2": {
					"rotation": {
						"0.0": [0, 0, 0],
						"1.0": [0, 10, 0],
						"1.92": [0, 0, 0]
					}
				}
			}
		},
		"animation.vespamiel.ground_walk": {
			"loop": true,
			"animation_length": 0.48,
			"bones": {
				"bone": {
					"rotation": [22.5, 0, 0],
					"position": {
						"0.0": [0, 0, 0],
						"0.24": [0, 3, 0],
						"0.48": [0, 0, 0]
					}
				},
				"wing": {
					"rotation": {
						"0.0": [0, 0, 0],
						"0.08": [0, -35, 0],
						"0.16": [0, 0, 0],
						"0.24": [0, -35, 0],
						"0.32": [0, 0, 0],
						"0.4": [0, -35, 0],
						"0.48": [0, 0, 0]
					}
				},
				"wing3": {
					"rotation": {
						"0.0": [0, 0, 0],
						"0.08": [0, -35, 0],
						"0.16": [0, 0, 0],
						"0.24": [0, -35, 0],
						"0.32": [0, 0, 0],
						"0.4": [0, -35, 0]
					}
				},
				"wing2": {
					"rotation": {
						"0.0": [0, 0, 0],
						"0.08": [0, 35, 0],
						"0.16": [0, 0, 0],
						"0.24": [0, 35, 0],
						"0.32": [0, 0, 0],
						"0.4": [0, 35, 0]
					}
				},
				"wing4": {
					"rotation": {
						"0.0": [0, 0, 0],
						"0.08": [0, 35, 0],
						"0.16": [0, 0, 0],
						"0.24": [0, 35, 0],
						"0.32": [0, 0, 0],
						"0.4": [0, 35, 0]
					}
				},
				"arm": {
					"rotation": {
						"0.0": [25, 0, 0],
						"0.24": [30.08377, -4.53051, -2.11751],
						"0.48": [24.98032, -0.20109, 0.38645]
					}
				},
				"arm2": {
					"rotation": {
						"0.0": [25, 0, 0],
						"0.24": [30.08377, 4.53051, 2.11751],
						"0.48": [25, 0, 0]
					}
				},
				"butt": {
					"rotation": {
						"0.0": [22.5, 0, 0],
						"0.24": [27.5, 0, 0],
						"0.48": [22.5, 0, 0]
					}
				},
				"head": {
					"rotation": [-12.5, 0, 0],
					"position": [0, 0, -2]
				}
			}
		}
	}
}