{
	"format_version": "1.8.0",
	"animations": {
		"animation.wailevi.blink": {
			"animation_length": 0.1667,
			"bones": {
				"eyelid_right": {
					"position": {
						"0.0": [0, 0, -0.1],
						"0.125": [0, 0, -0.1],
						"0.1667": [0, 0, 0]
					}
				},
				"eyelid_left": {
					"position": {
						"0.0": [0, 0, -0.1],
						"0.125": [0, 0, -0.1],
						"0.1667": [0, 0, 0]
					}
				}
			}
		},
		"animation.wailevi.air_idle": {
			"loop": true,
			"bones": {
				"body": {
					"rotation": ["math.sin(q.anim_time*90*5)*1", 0, 0],
					"position": [0, "11+math.sin(q.anim_time*90*1)*0.5+math.sin(q.anim_time*90*2)*1", 0],
					"scale": "1+math.sin(q.anim_time*90*1)*0.05"
				},
				"fin_right": {
					"rotation": [0, 0, "-math.sin(q.anim_time*90*5)*3"]
				},
				"fin_left": {
					"rotation": [0, 0, "math.sin(q.anim_time*90*5)*3"]
				},
				"jaw": {
					"rotation": ["7.5+math.sin(q.anim_time*70*4)*1", 0, 0]
				}
			}
		},
		"animation.wailevi.air_fly": {
			"loop": true,
			"bones": {
				"body": {
					"rotation": ["17.5+math.sin(q.anim_time*90*5)*1", 0, 0],
					"position": [0, "11+math.sin(q.anim_time*90*1)*0.5+math.sin(q.anim_time*90*2)*1", 0],
					"scale": "1+math.sin(q.anim_time*90*1)*0.05"
				},
				"fin_right": {
					"rotation": [5, 0, "-math.sin(q.anim_time*90*5)*3"]
				},
				"fin_left": {
					"rotation": [5, 0, "math.sin(q.anim_time*90*5)*3"]
				},
				"jaw": {
					"rotation": ["7.5+math.sin(q.anim_time*90*4)*1", 0, 0]
				}
			}
		},
		"animation.wailevi.battle_idle": {
			"loop": true,
			"bones": {
				"body": {
					"rotation": ["math.sin(q.anim_time*90*5)*1", 0, 0],
					"position": [0, "11+math.sin(q.anim_time*90*1)*0.5+math.sin(q.anim_time*90*2)*1", 0],
					"scale": "1+math.sin(q.anim_time*90*1)*0.05"
				},
				"fin_right": {
					"rotation": [0, 0, "-math.sin(q.anim_time*90*5)*3"]
				},
				"fin_left": {
					"rotation": [0, 0, "math.sin(q.anim_time*90*5)*3"]
				},
				"brow_left": {
					"rotation": [0, 0, -10],
					"position": [0.75, -1, 0]
				},
				"brow_right": {
					"rotation": [0, 0, 10],
					"position": [-0.75, -1, 0]
				},
				"jaw": {
					"rotation": ["7.5+math.sin(q.anim_time*70*4)*1", 0, 0]
				}
			}
		},
		"animation.wailevi.brow_raise": {
			"animation_length": 1,
			"bones": {
				"brow_left": {
					"position": {
						"0.0": {
							"post": [0, 0, 0],
							"lerp_mode": "catmullrom"
						},
						"0.25": {
							"post": [0, 0.4, 0],
							"lerp_mode": "catmullrom"
						},
						"0.75": {
							"post": [0, 0.4, 0],
							"lerp_mode": "catmullrom"
						},
						"0.9583": {
							"post": [0, 0, 0],
							"lerp_mode": "catmullrom"
						}
					}
				},
				"brow_right": {
					"position": {
						"0.0": {
							"post": [0, 0, 0],
							"lerp_mode": "catmullrom"
						},
						"0.25": {
							"post": [0, -0.25, 0],
							"lerp_mode": "catmullrom"
						},
						"0.75": {
							"post": [0, -0.25, 0],
							"lerp_mode": "catmullrom"
						},
						"0.9583": {
							"post": [0, 0, 0],
							"lerp_mode": "catmullrom"
						}
					}
				}
			}
		},
		"animation.wailevi.sleep": {
			"loop": true,
			"bones": {
				"body": {
					"rotation": [-15, 0, 0],
					"position": [0, 4, 0],
					"scale": "1+math.sin(q.anim_time*90*1)*0.05"
				},
				"head": {
					"rotation": ["-5+math.sin(q.anim_time*30*4)*1", 0, 0]
				},
				"eyelid_right": {
					"position": [0, 0, -0.1]
				},
				"eyelid_left": {
					"position": [0, 0, -0.1]
				},
				"fin_right": {
					"rotation": [0, 0, "45-math.sin(q.anim_time*40*4)*3"]
				},
				"fin_left": {
					"rotation": [0, 0, "-45+math.sin(q.anim_time*40*4)*3"]
				}
			}
		},
		"animation.wailevi.faint": {
			"animation_length": 13.1667,
			"bones": {
				"body": {
					"rotation": {
						"0.0": ["math.sin(q.anim_time*90*5)*1", 0, 0],
						"0.5": ["math.sin(q.anim_time*90*5)*1", 0, 0],
						"1.5": ["-60+math.sin(q.anim_time*90*5)*1", 0, 0]
					},
					"position": [0, "11+math.sin(q.anim_time*90*1)*0.5+math.sin(q.anim_time*90*2)*1", 0],
					"scale": {
						"0.0": ["1+math.sin(q.anim_time*90*1)*0.05", "1+math.sin(q.anim_time*90*1)*0.05", "1+math.sin(q.anim_time*90*1)*0.05"],
						"1.0": ["1+math.sin(q.anim_time*90*1)*0.05", "1+math.sin(q.anim_time*90*1)*0.05", "1+math.sin(q.anim_time*90*1)*0.05"],
						"1.5": [0, 0, 0]
					}
				},
				"head": {
					"rotation": {
						"0.0": [0, 0, 0],
						"0.5": [-42.5, 0, 0],
						"1.5": [-87.5, 0, 0]
					}
				},
				"fin_right": {
					"rotation": [0, 0, "-math.sin(q.anim_time*90*5)*3"]
				},
				"fin_left": {
					"rotation": [0, 0, "math.sin(q.anim_time*90*5)*3"]
				},
				"jaw": {
					"rotation": ["7.5+math.sin(q.anim_time*70*4)*1", 0, 0]
				}
			}
		},
		"animation.wailevi.cry": {
			"animation_length": 1.3333,
			"bones": {
				"body": {
					"rotation": {
						"0.0": {
							"post": [0, 0, 0],
							"lerp_mode": "catmullrom"
						},
						"0.625": {
							"post": [-7.5, 0, 0],
							"lerp_mode": "catmullrom"
						},
						"1.3333": {
							"post": [0, 0, 0],
							"lerp_mode": "catmullrom"
						}
					},
					"position": {
						"0.0": {
							"post": [0, 0, 0],
							"lerp_mode": "catmullrom"
						},
						"0.625": {
							"post": [0, 1, 0],
							"lerp_mode": "catmullrom"
						},
						"1.3333": {
							"post": [0, 0, 0],
							"lerp_mode": "catmullrom"
						}
					}
				},
				"jaw": {
					"rotation": {
						"0.0": {
							"post": [0, 0, 0],
							"lerp_mode": "catmullrom"
						},
						"0.1667": {
							"post": [17.5, 0, 0],
							"lerp_mode": "catmullrom"
						},
						"0.625": {
							"post": [30, 0, 0],
							"lerp_mode": "catmullrom"
						},
						"1.0833": {
							"post": [17.5, 0, 0],
							"lerp_mode": "catmullrom"
						},
						"1.3333": {
							"post": [0, 0, 0],
							"lerp_mode": "catmullrom"
						}
					}
				}
			},
			"sound_effects": {
				"0.0": {
					"effect": "pokemon.wailevi.cry"
				}
			}
		}
	}
}