{
	"format_version": "1.8.0",
	"animations": {
		"animation.gauntlet.ground_idle": {
			"loop": true,
			"animation_length": 3,
			"bones": {
				"neck": {
					"rotation": {
						"0.0": [0, 0, 0],
						"1.5": [-5, 0, 0],
						"3.0": [0, 0, 0]
					}
				},
				"head": {
					"rotation": {
						"0.0": [0, 0, 0],
						"1.5": [7.5, 0, 0],
						"3.0": [0, 0, 0]
					}
				},
				"lowertial": {
					"rotation": {
						"0.0": [0, 0, 0],
						"0.75": [0, -7.5, 0],
						"2.25": [0, 7.5, 0],
						"3.0": [0, 0, 0]
					}
				}
			}
		},
		"animation.gauntlet.ground_walk": {
			"loop": true,
			"animation_length": 1,
			"bones": {
				"body": {
					"rotation": {
						"0.0": [5, 0, 0],
						"0.25": [15, 0, 0],
						"0.5": [5, 0, 0],
						"0.75": [15, 0, 0],
						"1.0": [5, 0, 0]
					},
					"position": {
						"0.0": [0, 0, 0],
						"0.25": [0, -0.5, 0],
						"0.5": [0, 0, 0],
						"0.75": [0, -0.5, 0],
						"1.0": [0, 0, 0]
					}
				},
				"neck": {
					"rotation": {
						"0.0": [25, 0, 0],
						"0.25": [35, 0, 0],
						"0.5": [25, 0, 0],
						"0.75": [35, 0, 0],
						"1.0": [25, 0, 0]
					}
				},
				"head": {
					"rotation": {
						"0.0": [-40, 0, 0],
						"0.25": [-40, 0, 0],
						"0.375": [-30, 0, 0],
						"0.5": [-40, 0, 0],
						"0.75": [-40, 0, 0],
						"0.875": [-30, 0, 0],
						"1.0": [-40, 0, 0]
					}
				},
				"tail": {
					"rotation": {
						"0.0": [20, 0, 0],
						"0.25": [-15, 0, 0],
						"0.5": [20, 0, 0],
						"0.75": [-15, 0, 0],
						"1.0": [20, 0, 0]
					}
				},
				"lowertial": {
					"rotation": {
						"0.0": [-50, 0, 0],
						"0.25": [0, 0, 0],
						"0.5": [-50, 0, 0],
						"0.75": [0, 0, 0],
						"1.0": [-50, 0, 0]
					}
				}
			}
		},
		"animation.gauntlet.faint": {
			"loop": true
		}
	}
}