{
	"format_version": "1.8.0",
	"animations": {
		"animation.leug.ground_idle": {
			"loop": true,
			"animation_length": 4,
			"bones": {
				"head": {
					"rotation": {
						"0.0": [0, 0, 0],
						"2.0": [5, 0, 0],
						"4.0": [0, 0, 0]
					},
					"position": {
						"0.0": [0, 0, 0],
						"2.0": [0, 0.5, 0],
						"4.0": [0, 0, 0]
					}
				},
				"body": {
					"position": {
						"0.0": [0, 0, 0],
						"2.0": [0, 0.5, 0],
						"4.0": [0, 0, 0]
					}
				},
				"left1": {
					"rotation": {
						"0.0": [0, 0, -20],
						"2.0": [0, 0, -5],
						"4.0": [0, 0, -20]
					},
					"position": {
						"0.0": [0, 0, 0],
						"4.0": [0, 0, 0]
					}
				},
				"bone": {
					"rotation": {
						"0.0": [0, 0, 20],
						"2.0": [0, 0, 5],
						"4.0": [0, 0, 20]
					}
				},
				"left2": {
					"rotation": {
						"0.0": [0, 0, -20],
						"2.0": [0, 0, -5],
						"4.0": [0, 0, -20]
					},
					"position": {
						"0.0": [0, 0, 0],
						"4.0": [0, 0, 0]
					}
				},
				"bone2": {
					"rotation": {
						"0.0": [0, 0, 20],
						"2.0": [0, 0, 5],
						"4.0": [0, 0, 20]
					}
				},
				"left3": {
					"rotation": {
						"0.0": [0, 0, -20],
						"2.0": [0, 0, -5],
						"4.0": [0, 0, -20]
					},
					"position": {
						"0.0": [0, 0, 0],
						"4.0": [0, 0, 0]
					}
				},
				"bone3": {
					"rotation": {
						"0.0": [0, 0, 20],
						"2.0": [0, 0, 5],
						"4.0": [0, 0, 20]
					}
				},
				"right1": {
					"rotation": {
						"0.0": [0, 0, 20],
						"2.0": [0, 0, 5],
						"4.0": [0, 0, 20]
					},
					"position": {
						"0.0": [0, 0, 0],
						"4.0": [0, 0, 0]
					}
				},
				"bone4": {
					"rotation": {
						"0.0": [0, 0, -20],
						"2.0": [0, 0, -5],
						"4.0": [0, 0, -20]
					}
				},
				"right2": {
					"rotation": {
						"0.0": [0, 0, 20],
						"2.0": [0, 0, 5],
						"4.0": [0, 0, 20]
					},
					"position": {
						"0.0": [0, 0, 0],
						"4.0": [0, 0, 0]
					}
				},
				"bone5": {
					"rotation": {
						"0.0": [0, 0, -20],
						"2.0": [0, 0, -5],
						"4.0": [0, 0, -20]
					}
				},
				"right3": {
					"rotation": {
						"0.0": [0, 0, 20],
						"2.0": [0, 0, 5],
						"4.0": [0, 0, 20]
					},
					"position": {
						"0.0": [0, 0, 0],
						"4.0": [0, 0, 0]
					}
				},
				"bone6": {
					"rotation": {
						"0.0": [0, 0, -20],
						"2.0": [0, 0, -5],
						"4.0": [0, 0, -20]
					}
				}
			}
		},
		"animation.leug.ground_walk": {
			"loop": true,
			"animation_length": 0.5,
			"bones": {
				"head": {
					"rotation": {
						"0.0": [0, 0, 0],
						"0.25": [5, 0, 0],
						"0.5": [0, 0, 0]
					},
					"position": {
						"0.0": [0, 0, 0],
						"0.25": [0, 0.5, 0],
						"0.5": [0, 0, 0]
					}
				},
				"body": {
					"position": {
						"0.0": [0, 0, 0],
						"0.25": [0, 0.5, 0],
						"0.5": [0, 0, 0]
					}
				},
				"left1": {
					"rotation": {
						"0.0": [0, -10, -5],
						"0.1667": [5.3815, 19.291, -35.9153],
						"0.3333": [0, 25, -5],
						"0.5": [0, -10, -5]
					},
					"position": {
						"0.0": [0, 0, 0],
						"0.1667": [0, 0, 0],
						"0.5": [0, 0, 0]
					}
				},
				"bone": {
					"rotation": {
						"0.0": [0, 0, 5],
						"0.25": [0, 0, 20],
						"0.5": [0, 0, 5]
					}
				},
				"left2": {
					"rotation": {
						"0.0": [5.3815, 19.291, -35.9153],
						"0.1667": [0, 25, -5],
						"0.3333": [0, -7.5, -5],
						"0.5": [5.3815, 19.291, -35.9153]
					},
					"position": {
						"0.0": [0, 0, 0],
						"0.5": [0, 0, 0]
					}
				},
				"bone2": {
					"rotation": {
						"0.0": [0, 0, 2.5],
						"0.25": [0, 0, 5],
						"0.5": [0, 0, 2.5]
					}
				},
				"left3": {
					"rotation": {
						"0.0": [0, -10, -5],
						"0.1667": [5.3815, 19.291, -35.9153],
						"0.3333": [0, 25, -5],
						"0.5": [0, -10, -5]
					},
					"position": {
						"0.0": [0, 0, 0],
						"0.1667": [0, 0, 0],
						"0.5": [0, 0, 0]
					}
				},
				"bone3": {
					"rotation": {
						"0.0": [0, 0, 5],
						"0.25": [0, 0, 20],
						"0.5": [0, 0, 5]
					}
				},
				"right1": {
					"rotation": {
						"0.0": [-5.38152, -19.291, 35.91527],
						"0.1667": [0, -25, 5],
						"0.3333": [0, 7.5, 5],
						"0.5": [-5.38152, -19.291, 35.91527]
					},
					"position": {
						"0.0": [0, 0, 0],
						"0.5": [0, 0, 0]
					}
				},
				"bone4": {
					"rotation": {
						"0.0": [0, 0, -2.5],
						"0.25": [0, 0, -5],
						"0.5": [0, 0, -2.5]
					}
				},
				"right2": {
					"rotation": {
						"0.0": [0, 10, 5],
						"0.1667": [-5.38152, -19.291, 35.91527],
						"0.3333": [0, -25, 5],
						"0.5": [0, 10, 5]
					},
					"position": {
						"0.0": [0, 0, 0],
						"0.1667": [0, 0, 0],
						"0.5": [0, 0, 0]
					}
				},
				"bone5": {
					"rotation": {
						"0.0": [0, 0, -5],
						"0.25": [0, 0, -20],
						"0.5": [0, 0, -5]
					}
				},
				"right3": {
					"rotation": {
						"0.0": [-5.38152, -19.291, 35.91527],
						"0.1667": [0, -25, 5],
						"0.3333": [0, 7.5, 5],
						"0.5": [-5.38152, -19.291, 35.91527]
					},
					"position": {
						"0.0": [0, 0, 0],
						"0.5": [0, 0, 0]
					}
				},
				"bone6": {
					"rotation": {
						"0.0": [0, 0, -2.5],
						"0.25": [0, 0, -5],
						"0.5": [0, 0, -2.5]
					}
				}
			}
		},
		"animation.leug.water_idle": {
			"loop": true,
			"animation_length": 4,
			"bones": {
				"body": {
					"position": {
						"0.0": [0, 0, 0],
						"2.0": [0, 0.5, 0],
						"4.0": [0, 0, 0]
					}
				},
				"left1": {
					"rotation": {
						"0.0": [0, 0, -20],
						"2.0": [0, 0, -5],
						"4.0": [0, 0, -20]
					},
					"position": {
						"0.0": [0, 0, 0],
						"4.0": [0, 0, 0]
					}
				},
				"bone": {
					"rotation": {
						"0.0": [0, 0, 20],
						"2.0": [0, 0, 5],
						"4.0": [0, 0, 20]
					}
				},
				"left2": {
					"rotation": {
						"0.0": [0, 0, -20],
						"2.0": [0, 0, -5],
						"4.0": [0, 0, -20]
					},
					"position": {
						"0.0": [0, 0, 0],
						"4.0": [0, 0, 0]
					}
				},
				"bone2": {
					"rotation": {
						"0.0": [0, 0, 20],
						"2.0": [0, 0, 5],
						"4.0": [0, 0, 20]
					}
				},
				"left3": {
					"rotation": {
						"0.0": [0, 0, -20],
						"2.0": [0, 0, -5],
						"4.0": [0, 0, -20]
					},
					"position": {
						"0.0": [0, 0, 0],
						"4.0": [0, 0, 0]
					}
				},
				"bone3": {
					"rotation": {
						"0.0": [0, 0, 20],
						"2.0": [0, 0, 5],
						"4.0": [0, 0, 20]
					}
				},
				"right1": {
					"rotation": {
						"0.0": [0, 0, 20],
						"2.0": [0, 0, 5],
						"4.0": [0, 0, 20]
					},
					"position": {
						"0.0": [0, 0, 0],
						"4.0": [0, 0, 0]
					}
				},
				"bone4": {
					"rotation": {
						"0.0": [0, 0, -20],
						"2.0": [0, 0, -5],
						"4.0": [0, 0, -20]
					}
				},
				"right2": {
					"rotation": {
						"0.0": [0, 0, 20],
						"2.0": [0, 0, 5],
						"4.0": [0, 0, 20]
					},
					"position": {
						"0.0": [0, 0, 0],
						"4.0": [0, 0, 0]
					}
				},
				"bone5": {
					"rotation": {
						"0.0": [0, 0, -20],
						"2.0": [0, 0, -5],
						"4.0": [0, 0, -20]
					}
				},
				"right3": {
					"rotation": {
						"0.0": [0, 0, 20],
						"2.0": [0, 0, 5],
						"4.0": [0, 0, 20]
					},
					"position": {
						"0.0": [0, 0, 0],
						"4.0": [0, 0, 0]
					}
				},
				"bone6": {
					"rotation": {
						"0.0": [0, 0, -20],
						"2.0": [0, 0, -5],
						"4.0": [0, 0, -20]
					}
				},
				"head": {
					"rotation": {
						"0.0": [0, 0, 0],
						"2.0": [5, 0, 0],
						"4.0": [0, 0, 0]
					},
					"position": {
						"0.0": [0, 0, 0],
						"2.0": [0, 0.5, 0],
						"4.0": [0, 0, 0]
					}
				}
			}
		},
		"animation.leug.water_swim": {
			"loop": true,
			"animation_length": 2,
			"bones": {
				"body": {
					"rotation": {
						"0.0": [0, 7.5, 0],
						"1.0": [0, -7.5, 0],
						"2.0": [0, 7.5, 0]
					}
				},
				"left1": {
					"rotation": {
						"0.0": [0, -10, -5],
						"0.6667": [5.3815, 19.291, -35.9153],
						"1.3333": [0, 25, -5],
						"2.0": [0, -10, -5]
					},
					"position": {
						"0.0": [0, 0, 0],
						"0.6667": [0, 0, 0],
						"2.0": [0, 0, 0]
					}
				},
				"bone": {
					"rotation": {
						"0.0": [0, 0, 5],
						"1.0": [0, 0, 20],
						"2.0": [0, 0, 5]
					}
				},
				"left2": {
					"rotation": {
						"0.0": [5.3815, 19.291, -35.9153],
						"0.6667": [0, 25, -5],
						"1.3333": [0, -7.5, -5],
						"2.0": [5.3815, 19.291, -35.9153]
					},
					"position": {
						"0.0": [0, 0, 0],
						"2.0": [0, 0, 0]
					}
				},
				"bone2": {
					"rotation": {
						"0.0": [0, 0, 2.5],
						"1.0": [0, 0, 5],
						"2.0": [0, 0, 2.5]
					}
				},
				"left3": {
					"rotation": {
						"0.0": [0, -10, -5],
						"0.6667": [5.3815, 19.291, -35.9153],
						"1.3333": [0, 25, -5],
						"2.0": [0, -10, -5]
					},
					"position": {
						"0.0": [0, 0, 0],
						"0.6667": [0, 0, 0],
						"2.0": [0, 0, 0]
					}
				},
				"bone3": {
					"rotation": {
						"0.0": [0, 0, 5],
						"1.0": [0, 0, 20],
						"2.0": [0, 0, 5]
					}
				},
				"right1": {
					"rotation": {
						"0.0": [-5.38152, -19.291, 35.91527],
						"0.6667": [0, -25, 5],
						"1.3333": [0, 7.5, 5],
						"2.0": [-5.38152, -19.291, 35.91527]
					},
					"position": {
						"0.0": [0, 0, 0],
						"2.0": [0, 0, 0]
					}
				},
				"bone4": {
					"rotation": {
						"0.0": [0, 0, -2.5],
						"1.0": [0, 0, -5],
						"2.0": [0, 0, -2.5]
					}
				},
				"right2": {
					"rotation": {
						"0.0": [0, 10, 5],
						"0.6667": [-5.38152, -19.291, 35.91527],
						"1.3333": [0, -25, 5],
						"2.0": [0, 10, 5]
					},
					"position": {
						"0.0": [0, 0, 0],
						"0.6667": [0, 0, 0],
						"2.0": [0, 0, 0]
					}
				},
				"bone5": {
					"rotation": {
						"0.0": [0, 0, -5],
						"1.0": [0, 0, -20],
						"2.0": [0, 0, -5]
					}
				},
				"right3": {
					"rotation": {
						"0.0": [-5.38152, -19.291, 35.91527],
						"0.6667": [0, -25, 5],
						"1.3333": [0, 7.5, 5],
						"2.0": [-5.38152, -19.291, 35.91527]
					},
					"position": {
						"0.0": [0, 0, 0],
						"2.0": [0, 0, 0]
					}
				},
				"bone6": {
					"rotation": {
						"0.0": [0, 0, -2.5],
						"1.0": [0, 0, -5],
						"2.0": [0, 0, -2.5]
					}
				},
				"head": {
					"rotation": {
						"0.0": [0, 0, 0],
						"0.5": [0, 0, 5],
						"1.5": [0, 0, -5],
						"2.0": [0, 0, 0]
					},
					"position": {
						"0.0": [0, 0, 0],
						"1.0": [0, 0.5, 0],
						"2.0": [0, 0, 0]
					}
				},
				"bone7": {
					"rotation": {
						"0.0": [0, -7.5, 0],
						"1.0": [0, 7.5, 0],
						"2.0": [0, -7.5, 0]
					}
				},
				"bone8": {
					"rotation": {
						"0.0": [0, -12.5, 0],
						"1.0": [0, 10, 0],
						"2.0": [0, -12.5, 0]
					}
				}
			}
		},
		"animation.leug.air_fly": {
			"loop": true,
			"animation_length": 2,
			"bones": {
				"body": {
					"rotation": {
						"0.0": [0, 7.5, 0],
						"1.0": [0, -7.5, 0],
						"2.0": [0, 7.5, 0]
					}
				},
				"left1": {
					"rotation": {
						"0.0": [0, -10, -5],
						"0.6667": [5.3815, 19.291, -35.9153],
						"1.3333": [0, 25, -5],
						"2.0": [0, -10, -5]
					},
					"position": {
						"0.0": [0, 0, 0],
						"0.6667": [0, 0, 0],
						"2.0": [0, 0, 0]
					}
				},
				"bone": {
					"rotation": {
						"0.0": [0, 0, 5],
						"1.0": [0, 0, 20],
						"2.0": [0, 0, 5]
					}
				},
				"left2": {
					"rotation": {
						"0.0": [5.3815, 19.291, -35.9153],
						"0.6667": [0, 25, -5],
						"1.3333": [0, -7.5, -5],
						"2.0": [5.3815, 19.291, -35.9153]
					},
					"position": {
						"0.0": [0, 0, 0],
						"2.0": [0, 0, 0]
					}
				},
				"bone2": {
					"rotation": {
						"0.0": [0, 0, 2.5],
						"1.0": [0, 0, 5],
						"2.0": [0, 0, 2.5]
					}
				},
				"left3": {
					"rotation": {
						"0.0": [0, -10, -5],
						"0.6667": [5.3815, 19.291, -35.9153],
						"1.3333": [0, 25, -5],
						"2.0": [0, -10, -5]
					},
					"position": {
						"0.0": [0, 0, 0],
						"0.6667": [0, 0, 0],
						"2.0": [0, 0, 0]
					}
				},
				"bone3": {
					"rotation": {
						"0.0": [0, 0, 5],
						"1.0": [0, 0, 20],
						"2.0": [0, 0, 5]
					}
				},
				"right1": {
					"rotation": {
						"0.0": [-5.38152, -19.291, 35.91527],
						"0.6667": [0, -25, 5],
						"1.3333": [0, 7.5, 5],
						"2.0": [-5.38152, -19.291, 35.91527]
					},
					"position": {
						"0.0": [0, 0, 0],
						"2.0": [0, 0, 0]
					}
				},
				"bone4": {
					"rotation": {
						"0.0": [0, 0, -2.5],
						"1.0": [0, 0, -5],
						"2.0": [0, 0, -2.5]
					}
				},
				"right2": {
					"rotation": {
						"0.0": [0, 10, 5],
						"0.6667": [-5.38152, -19.291, 35.91527],
						"1.3333": [0, -25, 5],
						"2.0": [0, 10, 5]
					},
					"position": {
						"0.0": [0, 0, 0],
						"0.6667": [0, 0, 0],
						"2.0": [0, 0, 0]
					}
				},
				"bone5": {
					"rotation": {
						"0.0": [0, 0, -5],
						"1.0": [0, 0, -20],
						"2.0": [0, 0, -5]
					}
				},
				"right3": {
					"rotation": {
						"0.0": [-5.38152, -19.291, 35.91527],
						"0.6667": [0, -25, 5],
						"1.3333": [0, 7.5, 5],
						"2.0": [-5.38152, -19.291, 35.91527]
					},
					"position": {
						"0.0": [0, 0, 0],
						"2.0": [0, 0, 0]
					}
				},
				"bone6": {
					"rotation": {
						"0.0": [0, 0, -2.5],
						"1.0": [0, 0, -5],
						"2.0": [0, 0, -2.5]
					}
				},
				"head": {
					"rotation": {
						"0.0": [0, 0, 0],
						"0.5": [0, 0, 5],
						"1.5": [0, 0, -5],
						"2.0": [0, 0, 0]
					},
					"position": {
						"0.0": [0, 0, 0],
						"1.0": [0, 0.5, 0],
						"2.0": [0, 0, 0]
					}
				},
				"bone7": {
					"rotation": {
						"0.0": [0, -7.5, 0],
						"1.0": [0, 7.5, 0],
						"2.0": [0, -7.5, 0]
					}
				},
				"bone8": {
					"rotation": {
						"0.0": [0, -12.5, 0],
						"1.0": [0, 10, 0],
						"2.0": [0, -12.5, 0]
					}
				}
			}
		},
		"animation.leug.air_idle": {
			"loop": true,
			"animation_length": 2,
			"bones": {
				"body": {
					"rotation": {
						"0.0": [0, 7.5, 0],
						"1.0": [0, -7.5, 0],
						"2.0": [0, 7.5, 0]
					}
				},
				"left1": {
					"rotation": {
						"0.0": [0, -10, -5],
						"0.6667": [5.3815, 19.291, -35.9153],
						"1.3333": [0, 25, -5],
						"2.0": [0, -10, -5]
					},
					"position": {
						"0.0": [0, 0, 0],
						"0.6667": [0, 0, 0],
						"2.0": [0, 0, 0]
					}
				},
				"bone": {
					"rotation": {
						"0.0": [0, 0, 5],
						"1.0": [0, 0, 20],
						"2.0": [0, 0, 5]
					}
				},
				"left2": {
					"rotation": {
						"0.0": [5.3815, 19.291, -35.9153],
						"0.6667": [0, 25, -5],
						"1.3333": [0, -7.5, -5],
						"2.0": [5.3815, 19.291, -35.9153]
					},
					"position": {
						"0.0": [0, 0, 0],
						"2.0": [0, 0, 0]
					}
				},
				"bone2": {
					"rotation": {
						"0.0": [0, 0, 2.5],
						"1.0": [0, 0, 5],
						"2.0": [0, 0, 2.5]
					}
				},
				"left3": {
					"rotation": {
						"0.0": [0, -10, -5],
						"0.6667": [5.3815, 19.291, -35.9153],
						"1.3333": [0, 25, -5],
						"2.0": [0, -10, -5]
					},
					"position": {
						"0.0": [0, 0, 0],
						"0.6667": [0, 0, 0],
						"2.0": [0, 0, 0]
					}
				},
				"bone3": {
					"rotation": {
						"0.0": [0, 0, 5],
						"1.0": [0, 0, 20],
						"2.0": [0, 0, 5]
					}
				},
				"right1": {
					"rotation": {
						"0.0": [-5.38152, -19.291, 35.91527],
						"0.6667": [0, -25, 5],
						"1.3333": [0, 7.5, 5],
						"2.0": [-5.38152, -19.291, 35.91527]
					},
					"position": {
						"0.0": [0, 0, 0],
						"2.0": [0, 0, 0]
					}
				},
				"bone4": {
					"rotation": {
						"0.0": [0, 0, -2.5],
						"1.0": [0, 0, -5],
						"2.0": [0, 0, -2.5]
					}
				},
				"right2": {
					"rotation": {
						"0.0": [0, 10, 5],
						"0.6667": [-5.38152, -19.291, 35.91527],
						"1.3333": [0, -25, 5],
						"2.0": [0, 10, 5]
					},
					"position": {
						"0.0": [0, 0, 0],
						"0.6667": [0, 0, 0],
						"2.0": [0, 0, 0]
					}
				},
				"bone5": {
					"rotation": {
						"0.0": [0, 0, -5],
						"1.0": [0, 0, -20],
						"2.0": [0, 0, -5]
					}
				},
				"right3": {
					"rotation": {
						"0.0": [-5.38152, -19.291, 35.91527],
						"0.6667": [0, -25, 5],
						"1.3333": [0, 7.5, 5],
						"2.0": [-5.38152, -19.291, 35.91527]
					},
					"position": {
						"0.0": [0, 0, 0],
						"2.0": [0, 0, 0]
					}
				},
				"bone6": {
					"rotation": {
						"0.0": [0, 0, -2.5],
						"1.0": [0, 0, -5],
						"2.0": [0, 0, -2.5]
					}
				},
				"head": {
					"rotation": {
						"0.0": [0, 0, 0],
						"0.5": [0, 0, 5],
						"1.5": [0, 0, -5],
						"2.0": [0, 0, 0]
					},
					"position": {
						"0.0": [0, 0, 0],
						"1.0": [0, 0.5, 0],
						"2.0": [0, 0, 0]
					}
				},
				"bone7": {
					"rotation": {
						"0.0": [0, -7.5, 0],
						"1.0": [0, 7.5, 0],
						"2.0": [0, -7.5, 0]
					}
				},
				"bone8": {
					"rotation": {
						"0.0": [0, -12.5, 0],
						"1.0": [0, 10, 0],
						"2.0": [0, -12.5, 0]
					}
				}
			}
		},
		"animation.leug.sleep": {
			"loop": true,
			"animation_length": 8,
			"bones": {
				"head": {
					"rotation": {
						"0.0": [7.00109, -23.6107, 24.46336],
						"4.0": [3.19, -26.5, 21.54],
						"8.0": [7.00109, -23.6107, 24.46336]
					},
					"position": {
						"0.0": [0, -0.75, 0],
						"8.0": [0, -0.75, 0]
					}
				},
				"root": {
					"position": [0, 0, 0]
				},
				"body": {
					"position": {
						"0.0": [0, -1.25, 0],
						"8.0": [0, -1.25, 0]
					},
					"scale": {
						"0.0": [1, 1, 1],
						"4.0": [1, 1.1, 1.1],
						"8.0": [1, 1, 1]
					}
				},
				"left1": {
					"rotation": [0, 0, -60]
				},
				"bone": {
					"rotation": [0, 0, 60]
				},
				"left2": {
					"rotation": [0, 0, -60]
				},
				"bone2": {
					"rotation": [0, 0, 60]
				},
				"left3": {
					"rotation": [0, 0, -60]
				},
				"bone3": {
					"rotation": [0, 0, 60]
				},
				"right1": {
					"rotation": [0, 0, 60]
				},
				"bone4": {
					"rotation": [0, 0, -60]
				},
				"right2": {
					"rotation": [0, 0, 60]
				},
				"bone5": {
					"rotation": [0, 0, -60]
				},
				"right3": {
					"rotation": [0, 0, 60]
				},
				"bone6": {
					"rotation": [0, 0, -60]
				},
				"bone7": {
					"rotation": {
						"0.0": [0, 0, 0],
						"2.0": [0, -2.5, 0],
						"6.0": [0, 2.5, 0],
						"8.0": [0, 0, 0]
					},
					"position": [0, 0, 0]
				},
				"bone8": {
					"rotation": {
						"0.0": [0, 0, 0],
						"2.0": [0, -5, 0],
						"6.0": [0, 5, 0],
						"8.0": [0, 0, 0]
					},
					"scale": {
						"0.0": [1, 1, 1],
						"3.9583": [1, 0.9, 0.9],
						"8.0": [1, 1, 1]
					}
				}
			}
		},
		"animation.leug.faint": {
			"loop": "hold_on_last_frame",
			"animation_length": 2,
			"bones": {
				"body": {
					"rotation": {
						"0.0": [0, 0, 0],
						"1.0": [-52.5, 0, 0],
						"1.2083": [-52.5, 0, 0],
						"1.5": [3.00509, -0.9282, -84.02098],
						"1.6667": [2.85841, -1.31235, -76.52938],
						"1.7917": [3.00509, -0.9282, -84.02098]
					},
					"position": {
						"0.0": [0, 0, 0],
						"0.5": [0, 1.53, 0.05],
						"1.0": [0, 3.05, 0.5],
						"1.2083": [0, 3.05, 0.5],
						"1.5": [0, 1.05, 0.5],
						"1.7917": [0, 1.05, 0.5]
					}
				},
				"left1": {
					"rotation": {
						"0.0": [0, 0, -20],
						"0.2083": [0, 0, -35],
						"0.4167": [0, 0, -5],
						"0.625": [0, 0, -37.5],
						"0.8333": [0, 0, 2.5],
						"1.0": [0, 0, -15],
						"1.2083": [0, 0, -15],
						"1.5": [0, 0, 52.5]
					},
					"position": {
						"0.0": [0, 0, 0],
						"1.2083": [0, 0, 0],
						"1.5": [-1, 0, 0]
					}
				},
				"bone": {
					"rotation": {
						"0.0": [0, 0, 20],
						"0.2083": [0, 0, 12.5],
						"0.4167": [0, 0, 32.5],
						"0.625": [0, 0, 2.5],
						"0.8333": [0, 0, 40],
						"1.0": [0, 0, -22.5],
						"1.2083": [0, 0, -22.5],
						"1.5": [0, 0, 7.5]
					},
					"position": [0, 0, 0]
				},
				"left2": {
					"rotation": {
						"0.0": [0, 0, -20],
						"0.2083": [0, 0, 0],
						"0.4167": [0, 0, -30],
						"0.625": [0, 0, -27.5],
						"0.8333": [0, 0, -50],
						"1.0": [0, 0, -35],
						"1.2083": [0, 0, -35],
						"1.5": [0, 0, 60]
					},
					"position": {
						"0.0": [0, 0, 0],
						"1.5": [-1, 0, 0]
					}
				},
				"bone2": {
					"rotation": {
						"0.0": [0, 0, 20],
						"0.2083": [0, 0, 47.5],
						"0.4167": [0, 0, -22.5],
						"0.625": [0, 0, 42.5],
						"0.8333": [0, 0, 7.5],
						"1.0": [0, 0, -20],
						"1.2083": [0, 0, -20],
						"1.5": [0, 0, 5]
					},
					"position": [0, 0, 0]
				},
				"left3": {
					"rotation": {
						"0.0": [0, 0, -20],
						"1.0": [50, 0, -20],
						"1.2083": [50, 0, -20],
						"1.5": [11.30017, -11.47487, 64.31609]
					},
					"position": {
						"0.0": [0, 0, 0],
						"1.0": [0, 0.25, 0.5],
						"1.2083": [0, 0.25, 0.5],
						"1.5": [-1, 0.25, -0.5]
					}
				},
				"bone3": {
					"rotation": [0, 0, 20],
					"position": [0, 0, 0]
				},
				"right1": {
					"rotation": {
						"0.0": [0, 0, 20],
						"0.2083": [0, 0, -2.5],
						"0.4167": [0, 0, 40],
						"0.625": [0, 0, 42.5],
						"0.8333": [0, 0, 0],
						"1.0": [0, 0, 27.5],
						"1.2083": [0, 0, 27.5],
						"1.5": [0, 0, -82.5]
					},
					"position": {
						"0.0": [0, 0, 0],
						"1.5": [1, 0, 0]
					}
				},
				"bone4": {
					"rotation": {
						"0.0": [0, 0, -20],
						"0.2083": [0, 0, -45],
						"0.4167": [0, 0, 0],
						"0.625": [0, 0, -37.5],
						"0.8333": [0, 0, -22.5],
						"1.0": [0, 0, 15],
						"1.2083": [0, 0, 15]
					},
					"position": [0, 0, 0]
				},
				"right2": {
					"rotation": {
						"0.0": [0, 0, 20],
						"0.2083": [0, 0, 45],
						"0.4167": [0, 0, 0],
						"0.8333": [0, 0, 30],
						"1.0": [0, 0, 32.5],
						"1.2083": [0, 0, 32.5],
						"1.5": [0, 0, -87.5]
					},
					"position": {
						"0.0": [0, 0, 0],
						"1.5": [1, 0, 0]
					}
				},
				"bone5": {
					"rotation": {
						"0.0": [0, 0, -20],
						"0.2083": [0, 0, -37.5],
						"0.4167": [0, 0, 20],
						"0.625": [0, 0, -42.5],
						"0.8333": [0, 0, -25],
						"1.0": [0, 0, 17.5],
						"1.2083": [0, 0, 17.5]
					},
					"position": [0, 0, 0]
				},
				"right3": {
					"rotation": {
						"0.0": [0, 0, 20],
						"1.0": [50, 0, 20],
						"1.2083": [50, 0, 20],
						"1.5": [27.85981, -0.33723, -71.15772]
					},
					"position": {
						"0.0": [0, 0, 0],
						"1.0": [0, 0.25, 0.5],
						"1.2083": [0, 0.25, 0.5],
						"1.375": [0, 0.25, 0.5],
						"1.5": [1, 0.25, 0.5]
					}
				},
				"bone6": {
					"rotation": {
						"0.0": [0, 0, -20],
						"1.25": [0, 0, -20],
						"1.6667": [0, 0, 37.5]
					},
					"position": {
						"0.0": [0, 0, 0],
						"1.25": [0, 0, 0],
						"1.6667": [-1, 0, 0]
					}
				},
				"head": {
					"rotation": {
						"0.0": [0, 0, 0],
						"1.0": [-32.5, 0, 0],
						"1.2083": [-32.5, 0, 0],
						"1.5": [12.2921, -30.32448, -113.34288],
						"1.6667": [-14.17975, 10.77828, -104.72796],
						"1.75": [-14.0009, 5.92852, -103.49802],
						"1.8333": [-14.17975, 10.77828, -104.72796]
					},
					"position": {
						"0.0": [0, 0, 0],
						"0.5": [0, 2.85, 0.85],
						"0.75": [0, 4.03, 1.53],
						"1.0": [0, 5.2, 2.7],
						"1.2083": [0, 5.2, 2.7],
						"1.5": [-0.5, 0.95, 0.45]
					}
				},
				"bone7": {
					"rotation": {
						"0.0": [0, 0, 0],
						"1.0": [0, 7.5, 0],
						"1.2083": [0, 7.5, 0],
						"1.5": [0, 7.5, 0],
						"2.0": [0, -5, 0]
					},
					"position": [0, 0, 0]
				},
				"bone8": {
					"rotation": {
						"0.0": [0, 0, 0],
						"1.0": [0, 10, 0],
						"1.2083": [0, 10, 0],
						"1.5": [0, 10, 0],
						"2.0": [0, -7.5, 0]
					},
					"position": [0, 0, 0]
				}
			}
		},
		"animation.leug.battle_idle": {
			"loop": true,
			"animation_length": 10,
			"bones": {
				"body": {
					"position": {
						"0.0": [0, 0, 0],
						"0.5": [0, 0.5, 0],
						"1.0": [0, 0, 0],
						"1.5": [0, 0.5, 0],
						"2.0": [0, 0, 0],
						"2.5": [0, 0.5, 0],
						"3.0": [0, 0, 0],
						"3.5": [0, 0.5, 0],
						"4.0": [0, 0, 0],
						"4.5": [0, 0.5, 0],
						"5.0": [0, 0, 0],
						"5.5": [0, 0.5, 0],
						"6.0": [0, 0, 0],
						"6.5": [0, 0.5, 0],
						"7.0": [0, 0, 0],
						"7.5": [0, 0.5, 0],
						"8.0": [0, 0, 0],
						"8.5": [0, 0.5, 0],
						"9.0": [0, 0, 0],
						"9.5": [0, 0.5, 0],
						"10.0": [0, 0, 0]
					}
				},
				"left1": {
					"rotation": {
						"0.0": [0, 0, -20],
						"0.5": [0, 0, -5],
						"1.0": [0, 0, -20],
						"1.5": [0, 0, -5],
						"2.0": [0, 0, -20],
						"2.5": [0, 0, -5],
						"3.0": [0, 0, -20],
						"3.5": [0, 0, -5],
						"4.0": [0, 0, -20],
						"4.5": [0, 0, -5],
						"5.0": [0, 0, -20],
						"5.5": [0, 0, -5],
						"6.0": [0, 0, -20],
						"6.5": [0, 0, -5],
						"7.0": [0, 0, -20],
						"7.5": [0, 0, -5],
						"8.0": [0, 0, -20],
						"8.5": [0, 0, -5],
						"9.0": [0, 0, -20],
						"9.5": [0, 0, -5],
						"10.0": [0, 0, -20]
					},
					"position": {
						"0.0": [0, 0, 0],
						"1.0": [0, 0, 0],
						"2.0": [0, 0, 0],
						"3.0": [0, 0, 0],
						"4.0": [0, 0, 0],
						"5.0": [0, 0, 0],
						"6.0": [0, 0, 0],
						"7.0": [0, 0, 0],
						"8.0": [0, 0, 0],
						"9.0": [0, 0, 0],
						"10.0": [0, 0, 0]
					}
				},
				"bone": {
					"rotation": {
						"0.0": [0, 0, 20],
						"0.5": [0, 0, 5],
						"1.0": [0, 0, 20],
						"1.5": [0, 0, 5],
						"2.0": [0, 0, 20],
						"2.5": [0, 0, 5],
						"3.0": [0, 0, 20],
						"3.5": [0, 0, 5],
						"4.0": [0, 0, 20],
						"4.5": [0, 0, 5],
						"5.0": [0, 0, 20],
						"5.5": [0, 0, 5],
						"6.0": [0, 0, 20],
						"6.5": [0, 0, 5],
						"7.0": [0, 0, 20],
						"7.5": [0, 0, 5],
						"8.0": [0, 0, 20],
						"8.5": [0, 0, 5],
						"9.0": [0, 0, 20],
						"9.5": [0, 0, 5],
						"10.0": [0, 0, 20]
					}
				},
				"left2": {
					"rotation": {
						"0.0": [0, 0, -20],
						"0.5": [0, 0, -5],
						"1.0": [0, 0, -20],
						"1.5": [0, 0, -5],
						"2.0": [0, 0, -20],
						"2.5": [0, 0, -5],
						"3.0": [0, 0, -20],
						"3.5": [0, 0, -5],
						"4.0": [0, 0, -20],
						"4.5": [0, 0, -5],
						"5.0": [0, 0, -20],
						"5.5": [0, 0, -5],
						"6.0": [0, 0, -20],
						"6.5": [0, 0, -5],
						"7.0": [0, 0, -20],
						"7.5": [0, 0, -5],
						"8.0": [0, 0, -20],
						"8.5": [0, 0, -5],
						"9.0": [0, 0, -20],
						"9.5": [0, 0, -5],
						"10.0": [0, 0, -20]
					},
					"position": {
						"0.0": [0, 0, 0],
						"1.0": [0, 0, 0],
						"2.0": [0, 0, 0],
						"3.0": [0, 0, 0],
						"4.0": [0, 0, 0],
						"5.0": [0, 0, 0],
						"6.0": [0, 0, 0],
						"7.0": [0, 0, 0],
						"8.0": [0, 0, 0],
						"9.0": [0, 0, 0],
						"10.0": [0, 0, 0]
					}
				},
				"bone2": {
					"rotation": {
						"0.0": [0, 0, 20],
						"0.5": [0, 0, 5],
						"1.0": [0, 0, 20],
						"1.5": [0, 0, 5],
						"2.0": [0, 0, 20],
						"2.5": [0, 0, 5],
						"3.0": [0, 0, 20],
						"3.5": [0, 0, 5],
						"4.0": [0, 0, 20],
						"4.5": [0, 0, 5],
						"5.0": [0, 0, 20],
						"5.5": [0, 0, 5],
						"6.0": [0, 0, 20],
						"6.5": [0, 0, 5],
						"7.0": [0, 0, 20],
						"7.5": [0, 0, 5],
						"8.0": [0, 0, 20],
						"8.5": [0, 0, 5],
						"9.0": [0, 0, 20],
						"9.5": [0, 0, 5],
						"10.0": [0, 0, 20]
					}
				},
				"left3": {
					"rotation": {
						"0.0": [0, 0, -20],
						"0.5": [0, 0, -5],
						"1.0": [0, 0, -20],
						"1.5": [0, 0, -5],
						"2.0": [0, 0, -20],
						"2.5": [0, 0, -5],
						"3.0": [0, 0, -20],
						"3.5": [0, 0, -5],
						"4.0": [0, 0, -20],
						"4.5": [0, 0, -5],
						"5.0": [0, 0, -20],
						"5.5": [0, 0, -5],
						"6.0": [0, 0, -20],
						"6.5": [0, 0, -5],
						"7.0": [0, 0, -20],
						"7.5": [0, 0, -5],
						"8.0": [0, 0, -20],
						"8.5": [0, 0, -5],
						"9.0": [0, 0, -20],
						"9.5": [0, 0, -5],
						"10.0": [0, 0, -20]
					},
					"position": {
						"0.0": [0, 0, 0],
						"1.0": [0, 0, 0],
						"2.0": [0, 0, 0],
						"3.0": [0, 0, 0],
						"4.0": [0, 0, 0],
						"5.0": [0, 0, 0],
						"6.0": [0, 0, 0],
						"7.0": [0, 0, 0],
						"8.0": [0, 0, 0],
						"9.0": [0, 0, 0],
						"10.0": [0, 0, 0]
					}
				},
				"bone3": {
					"rotation": {
						"0.0": [0, 0, 20],
						"0.5": [0, 0, 5],
						"1.0": [0, 0, 20],
						"1.5": [0, 0, 5],
						"2.0": [0, 0, 20],
						"2.5": [0, 0, 5],
						"3.0": [0, 0, 20],
						"3.5": [0, 0, 5],
						"4.0": [0, 0, 20],
						"4.5": [0, 0, 5],
						"5.0": [0, 0, 20],
						"5.5": [0, 0, 5],
						"6.0": [0, 0, 20],
						"6.5": [0, 0, 5],
						"7.0": [0, 0, 20],
						"7.5": [0, 0, 5],
						"8.0": [0, 0, 20],
						"8.5": [0, 0, 5],
						"9.0": [0, 0, 20],
						"9.5": [0, 0, 5],
						"10.0": [0, 0, 20]
					}
				},
				"right1": {
					"rotation": {
						"0.0": [0, 0, 20],
						"0.5": [0, 0, 5],
						"1.0": [0, 0, 20],
						"1.5": [0, 0, 5],
						"2.0": [0, 0, 20],
						"2.5": [0, 0, 5],
						"3.0": [0, 0, 20],
						"3.5": [0, 0, 5],
						"4.0": [0, 0, 20],
						"4.5": [0, 0, 5],
						"5.0": [0, 0, 20],
						"5.5": [0, 0, 5],
						"6.0": [0, 0, 20],
						"6.5": [0, 0, 5],
						"7.0": [0, 0, 20],
						"7.5": [0, 0, 5],
						"8.0": [0, 0, 20],
						"8.5": [0, 0, 5],
						"9.0": [0, 0, 20],
						"9.5": [0, 0, 5],
						"10.0": [0, 0, 20]
					},
					"position": {
						"0.0": [0, 0, 0],
						"1.0": [0, 0, 0],
						"2.0": [0, 0, 0],
						"3.0": [0, 0, 0],
						"4.0": [0, 0, 0],
						"5.0": [0, 0, 0],
						"6.0": [0, 0, 0],
						"7.0": [0, 0, 0],
						"8.0": [0, 0, 0],
						"9.0": [0, 0, 0],
						"10.0": [0, 0, 0]
					}
				},
				"bone4": {
					"rotation": {
						"0.0": [0, 0, -20],
						"0.5": [0, 0, -5],
						"1.0": [0, 0, -20],
						"1.5": [0, 0, -5],
						"2.0": [0, 0, -20],
						"2.5": [0, 0, -5],
						"3.0": [0, 0, -20],
						"3.5": [0, 0, -5],
						"4.0": [0, 0, -20],
						"4.5": [0, 0, -5],
						"5.0": [0, 0, -20],
						"5.5": [0, 0, -5],
						"6.0": [0, 0, -20],
						"6.5": [0, 0, -5],
						"7.0": [0, 0, -20],
						"7.5": [0, 0, -5],
						"8.0": [0, 0, -20],
						"8.5": [0, 0, -5],
						"9.0": [0, 0, -20],
						"9.5": [0, 0, -5],
						"10.0": [0, 0, -20]
					}
				},
				"right2": {
					"rotation": {
						"0.0": [0, 0, 20],
						"0.5": [0, 0, 5],
						"1.0": [0, 0, 20],
						"1.5": [0, 0, 5],
						"2.0": [0, 0, 20],
						"2.5": [0, 0, 5],
						"3.0": [0, 0, 20],
						"3.5": [0, 0, 5],
						"4.0": [0, 0, 20],
						"4.5": [0, 0, 5],
						"5.0": [0, 0, 20],
						"5.5": [0, 0, 5],
						"6.0": [0, 0, 20],
						"6.5": [0, 0, 5],
						"7.0": [0, 0, 20],
						"7.5": [0, 0, 5],
						"8.0": [0, 0, 20],
						"8.5": [0, 0, 5],
						"9.0": [0, 0, 20],
						"9.5": [0, 0, 5],
						"10.0": [0, 0, 20]
					},
					"position": {
						"0.0": [0, 0, 0],
						"1.0": [0, 0, 0],
						"2.0": [0, 0, 0],
						"3.0": [0, 0, 0],
						"4.0": [0, 0, 0],
						"5.0": [0, 0, 0],
						"6.0": [0, 0, 0],
						"7.0": [0, 0, 0],
						"8.0": [0, 0, 0],
						"9.0": [0, 0, 0],
						"10.0": [0, 0, 0]
					}
				},
				"bone5": {
					"rotation": {
						"0.0": [0, 0, -20],
						"0.5": [0, 0, -5],
						"1.0": [0, 0, -20],
						"1.5": [0, 0, -5],
						"2.0": [0, 0, -20],
						"2.5": [0, 0, -5],
						"3.0": [0, 0, -20],
						"3.5": [0, 0, -5],
						"4.0": [0, 0, -20],
						"4.5": [0, 0, -5],
						"5.0": [0, 0, -20],
						"5.5": [0, 0, -5],
						"6.0": [0, 0, -20],
						"6.5": [0, 0, -5],
						"7.0": [0, 0, -20],
						"7.5": [0, 0, -5],
						"8.0": [0, 0, -20],
						"8.5": [0, 0, -5],
						"9.0": [0, 0, -20],
						"9.5": [0, 0, -5],
						"10.0": [0, 0, -20]
					}
				},
				"right3": {
					"rotation": {
						"0.0": [0, 0, 20],
						"0.5": [0, 0, 5],
						"1.0": [0, 0, 20],
						"1.5": [0, 0, 5],
						"2.0": [0, 0, 20],
						"2.5": [0, 0, 5],
						"3.0": [0, 0, 20],
						"3.5": [0, 0, 5],
						"4.0": [0, 0, 20],
						"4.5": [0, 0, 5],
						"5.0": [0, 0, 20],
						"5.5": [0, 0, 5],
						"6.0": [0, 0, 20],
						"6.5": [0, 0, 5],
						"7.0": [0, 0, 20],
						"7.5": [0, 0, 5],
						"8.0": [0, 0, 20],
						"8.5": [0, 0, 5],
						"9.0": [0, 0, 20],
						"9.5": [0, 0, 5],
						"10.0": [0, 0, 20]
					},
					"position": {
						"0.0": [0, 0, 0],
						"1.0": [0, 0, 0],
						"2.0": [0, 0, 0],
						"3.0": [0, 0, 0],
						"4.0": [0, 0, 0],
						"5.0": [0, 0, 0],
						"6.0": [0, 0, 0],
						"7.0": [0, 0, 0],
						"8.0": [0, 0, 0],
						"9.0": [0, 0, 0],
						"10.0": [0, 0, 0]
					}
				},
				"bone6": {
					"rotation": {
						"0.0": [0, 0, -20],
						"0.5": [0, 0, -5],
						"1.0": [0, 0, -20],
						"1.5": [0, 0, -5],
						"2.0": [0, 0, -20],
						"2.5": [0, 0, -5],
						"3.0": [0, 0, -20],
						"3.5": [0, 0, -5],
						"4.0": [0, 0, -20],
						"4.5": [0, 0, -5],
						"5.0": [0, 0, -20],
						"5.5": [0, 0, -5],
						"6.0": [0, 0, -20],
						"6.5": [0, 0, -5],
						"7.0": [0, 0, -20],
						"7.5": [0, 0, -5],
						"8.0": [0, 0, -20],
						"8.5": [0, 0, -5],
						"9.0": [0, 0, -20],
						"9.5": [0, 0, -5],
						"10.0": [0, 0, -20]
					}
				},
				"head": {
					"rotation": {
						"0.0": [0, 0, 0],
						"0.5": [5, 0, 0],
						"1.0": [0, 0, 0],
						"1.5": [5, 0, 0],
						"2.0": [0, 0, 0],
						"2.5": [5, 0, 0],
						"2.75": [5, 0, 0],
						"3.0": [0, 47.5, 0],
						"3.5": [5, 47.5, 0],
						"4.0": [0, 47.5, 0],
						"4.25": [5, 0, 0],
						"4.5": [5, 0, 0],
						"5.0": [0, 0, 0],
						"5.5": [5, 0, 0],
						"6.0": [0, 0, 0],
						"6.5": [5, 0, 0],
						"6.75": [5, 0, 0],
						"7.0": [0, -47.5, 0],
						"7.5": [5, -47.5, 0],
						"8.0": [0, -47.5, 0],
						"8.25": [5, 0, 0],
						"8.5": [5, 0, 0],
						"9.0": [0, 0, 0],
						"9.5": [5, 0, 0],
						"10.0": [0, 0, 0]
					},
					"position": {
						"0.0": [0, 0, 0],
						"0.5": [0, 0.5, 0],
						"1.0": [0, 0, 0],
						"1.5": [0, 0.5, 0],
						"2.0": [0, 0, 0],
						"2.5": [0, 0.5, 0],
						"3.0": [0, 0, 0],
						"3.5": [0, 0.5, 0],
						"4.0": [0, 0, 0],
						"4.5": [0, 0.5, 0],
						"5.0": [0, 0, 0],
						"5.5": [0, 0.5, 0],
						"6.0": [0, 0, 0],
						"6.5": [0, 0.5, 0],
						"7.0": [0, 0, 0],
						"7.5": [0, 0.5, 0],
						"8.0": [0, 0, 0],
						"8.5": [0, 0.5, 0],
						"9.0": [0, 0, 0],
						"9.5": [0, 0.5, 0],
						"10.0": [0, 0, 0]
					}
				}
			}
		},
		"animation.leug.cry": {
			"loop": true
		}
	}
}