{
	"format_version": "1.12.0",
	"minecraft:geometry": [
		{
			"description": {
				"identifier": "geometry.bansitu",
				"texture_width": 64,
				"texture_height": 64,
				"visible_bounds_width": 2,
				"visible_bounds_height": 2.5,
				"visible_bounds_offset": [0, 0.75, 0]
			},
			"bones": [
				{
					"name": "bansitu",
					"pivot": [0, 0, 0]
				},
				{
					"name": "bone",
					"parent": "bansitu",
					"pivot": [0, 4, 0]
				},
				{
					"name": "head",
					"parent": "bone",
					"pivot": [0, 13, 0],
					"cubes": [
						{"origin": [-4, 13, -4], "size": [8, 6, 8], "uv": [2, 2]},
						{"origin": [-2, 19, -2], "size": [4, 4, 4], "uv": [38, 5]}
					]
				},
				{
					"name": "bone2",
					"parent": "bone",
					"pivot": [0, 13, 0],
					"cubes": [
						{"origin": [-3, 8, -3], "size": [6, 5, 6], "uv": [4, 18]},
						{"origin": [0, 4, -1], "size": [0, 4, 4], "uv": [37, 17]}
					]
				}
			]
		}
	]
}