{
 "enabled": true,
 "neededInstalledMods": [],
 "neededUninstalledMods": [],
 "spawns": [
   {
     "id": "amalgawn-1",
     "pokemon": "amalgawn",
     "presets": [ "natural" ],
     "type": "pokemon",
     "context": "grounded",
     "bucket": "rare",
     "level": "5-30",
     "weight": 1,
     "condition": {
       "biomes": [
        "minecraft:swamp"

       ]

	 
	   
     }
   },

   {
    "id": "amalgawn-2",
    "pokemon": "amalgawn",
    "presets": [ "natural" ],
    "type": "pokemon",
    "context": "grounded",
    "bucket": "rare",
    "level": "5-30",
    "weight": 2,
    "condition": {
      "biomes": [
       "#minecraft:is_end"

      ]

  
    
    }
  }
 ]
}