{
 "enabled": true,
 "neededInstalledMods": [],
 "neededUninstalledMods": [],
 "spawns": [
   {
     "id": "hombone-1",
     "pokemon": "hombone",
     "presets": [ "natural" ],
     "type": "pokemon",
     "context": "grounded",
     "bucket": "uncommon",
     "level": "20-25",
     "weight": 4,
     "condition": {
		"biomes": [
		"minecraft:dripstone_caves",
    "#c:caves",
    "#c:underground",
    "#forge:is_underground",
    "terralith:cave/andesite_caves",
    "terralith:cave/desert_caves",
    "terralith:cave/granite_caves",
    "terralith:cave/infested_caves",
    "terralith:cave/thermal_cave",
    "minecraft:desert"
		]
     }
   }
 ]
}