{
 "enabled": true,
 "neededInstalledMods": [],
 "neededUninstalledMods": [],
 "spawns": [
   {
     "id": "scrawn-1",
     "pokemon": "scrawn",
     "presets": [ "natural" ],
     "type": "pokemon",
     "context": "grounded",
     "bucket": "uncommon",
     "level": "5-30",
     "weight": 3,
     "condition": {
       "biomes": [
        "minecraft:swamp"

       ]

	 
	   
     }
   },

   {
    "id": "scrawn-2",
    "pokemon": "scrawn",
    "presets": [ "natural" ],
    "type": "pokemon",
    "context": "grounded",
    "bucket": "rare",
    "level": "5-30",
    "weight": 4,
    "condition": {
      "biomes": [
       "#minecraft:is_end"

      ]

  
    
    }
  }
 ]
}