{
  "enabled": true,
  "neededInstalledMods": [],
  "neededUninstalledMods": [],
  "spawns": [
      {
          "id": "shoggroll-cuthol-1",
          "pokemon": "shoggroll cuthol", 
          "presets": [
              "natural"
          ],
          "type": "pokemon",
          "context": "grounded",
          "bucket": "uncommon",
          "level": "1-66",
          "weight": 5,
          "condition": {
              "biomes": [
                  "minecraft:deep_dark"
              ]
          }
      },
      {
          "id": "shoggroll-azagorge-1",
          "pokemon": "shoggroll azagorge",
          "presets": [
              "natural"
          ],
          "type": "pokemon",
          "context": "grounded",
          "bucket": "uncommon",
          "level": "1-66",
          "weight": 5,
          "condition": {
              "biomes": [
                  "#minecraft:is_badlands"
              ]
          }
      },
      {
          "id": "shoggroll-nyarlium-1",
          "pokemon": "shoggroll nyarlium",
          "presets": [
              "natural"
          ],
          "type": "pokemon",
          "context": "grounded",
          "bucket": "uncommon",
          "level": "1-66",
          "weight": 5,
          "condition": {
              "biomes": [
                  "minecraft:dark_forest"
              ]
          }
      }
      
  ]
}
