{
	"format_version": "1.8.0",
	"animations": {
		"animation.angleel.water_idle": {
			"loop": true,
			"bones": {
				"head": {
					"rotation": [0, "0-math.sin(q.anim_time*90*2+45)*15", 0]
				},
				"tail": {
					"rotation": [0, "0-math.sin(q.anim_time*90*2+45)*15", 0]
				},
				"tail1": {
					"rotation": [0, "0+math.cos(q.anim_time*90*2)*15", 0]
				},
				"tail2": {
					"rotation": [0, "0+math.sin(q.anim_time*90*2+45)*12", 0]
				},
				"tail3": {
					"rotation": [0, "0-math.cos(q.anim_time*90*2)*15", 0]
				},
				"tail4": {
					"rotation": [0, "0+math.sin(q.anim_time*90*2+45)*8", 0]
				},
				"lure": {
					"rotation": [0, "0+math.sin(q.anim_time*90*2)*6", 0]
				},
				"body": {
					"position": ["0+math.cos(q.anim_time*45*5)", 0, 0]
				}
			}
		},
		"animation.angleel.water_swim": {
			"loop": true,
			"bones": {
				"head": {
					"rotation": [0, "0-math.sin(q.anim_time*90*3+45)*18", 0]
				},
				"tail": {
					"rotation": [0, "0-math.sin(q.anim_time*90*3+45)*18", 0]
				},
				"tail1": {
					"rotation": [0, "0+math.cos(q.anim_time*90*3)*18", 0]
				},
				"tail2": {
					"rotation": [0, "0+math.sin(q.anim_time*90*3+45)*15", 0]
				},
				"tail3": {
					"rotation": [0, "0-math.cos(q.anim_time*90*3)*18", 0]
				},
				"tail4": {
					"rotation": [0, "0+math.sin(q.anim_time*90*3+45)*11", 0]
				},
				"lure": {
					"rotation": [0, "0+math.sin(q.anim_time*90*3)*9", 0]
				},
				"body": {
					"position": ["0+math.cos(q.anim_time*45*5)", 0, 0]
				},
				"top_fin": {
					"rotation": ["0+math.sin(q.anim_time*90*3)*1.15", 0, 0]
				},
				"bottom_fin": {
					"rotation": ["0-math.sin(q.anim_time*90*3)*1.15", 0, 0]
				}
			}
		},
		"animation.angleel.blink": {
			"animation_length": 0.16,
			"bones": {
				"left_eye": {
					"rotation": {
						"0.0": [0, 180, 0],
						"0.16": {"pre": [0, 180, 0], "post": [0, 0, 0]}
					}
				},
				"right_eye": {
					"rotation": {
						"0.0": [0, 180, 0],
						"0.16": {"pre": [0, 180, 0], "post": [0, 0, 0]}
					}
				}
			}
		},
		"animation.angleel.ground_idle": {
			"loop": true,
			"bones": {
				"body": {
					"position": [0, 4.25, 6]
				},
				"head": {
					"rotation": ["0+math.cos(q.anim_time*90*2)*2.25", 0, 0]
				},
				"tail": {
					"rotation": [-25, 0, 0]
				},
				"tail1": {
					"rotation": [25, 0, 0],
					"position": [0, 0, 0]
				},
				"tail2": {
					"rotation": ["35+(math.cos(q.anim_time*80*3)*5)", 0, 0]
				},
				"tail3": {
					"rotation": ["30+(math.cos(q.anim_time*60*3)*8)", 0, 0]
				},
				"top_fin": {
					"rotation": [-12, 0, 0],
					"position": [0, -0.4, 0]
				},
				"bottom_fin": {
					"rotation": [12.5, 0, 0],
					"position": [0, 0.7, 0]
				},
				"tail4": {
					"rotation": ["25+(math.cos(q.anim_time*45*3)*10)", 0, 0]
				},
				"lure": {
					"rotation": ["20+math.cos(q.anim_time*45*3)*12", 0, 0]
				}
			}
		},
		"animation.angleel.ground_walk": {
			"loop": true,
			"bones": {
				"head": {
					"rotation": [0, "0-math.sin(q.anim_time*90*3+45)*18", 0]
				},
				"tail": {
					"rotation": [0, "0-math.sin(q.anim_time*90*3+45)*18", 0]
				},
				"tail1": {
					"rotation": [0, "0+math.cos(q.anim_time*90*3)*18", 0]
				},
				"tail2": {
					"rotation": [0, "0+math.sin(q.anim_time*90*3+45)*15", 0]
				},
				"tail3": {
					"rotation": [0, "0-math.cos(q.anim_time*90*3)*18", 0]
				},
				"tail4": {
					"rotation": [25, "0+math.sin(q.anim_time*90*3+45)*11", 0]
				},
				"lure": {
					"rotation": [0, "0+math.sin(q.anim_time*90*3)*9", 0]
				},
				"top_fin": {
					"rotation": ["-5+math.sin(q.anim_time*90*3)*5", 0, 0]
				},
				"bottom_fin": {
					"rotation": ["0-math.sin(q.anim_time*90*3)*1.15", 0, 0],
					"position": [0, 3, -3]
				},
				"body": {
					"position": ["0+math.cos(q.anim_time*45*5)", 0, 0]
				}
			}
		}
	}
}