{
	"format_version": "1.8.0",
	"animations": {
		"animation.canjitsu.ground_idle": {
			"loop": true,
			"bones": {
				"torso": {
					"rotation": [
						"(math.sin((q.anim_time - 1.45) * 360 / (3/2*2)) * 2.2)",
						"(math.sin((q.anim_time - 0.05) * 360 / (3/1*2)) * 3.35) - 0.25",
						"(math.sin((q.anim_time - 0.05) * 360 / (3/1*2)) * 1.2)"
					],
					"position": ["(math.sin((q.anim_time - 0.15) * 360 / (3/1)) * 0.195) - 0.015", "-(math.sin((q.anim_time - 0) * 360 / (3/2)) * 0.22)", 0]
				},
				"tail": {
					"rotation": [
						"-17.5-(math.sin((q.anim_time - 1.55) * 360 / (3/2)) * 3)",
						"-12+(math.sin((q.anim_time - 0.15) * 360 / (3/0.75)) * 10)",
						"(math.sin((q.anim_time - 0.3) * 360 / (3/2)) * 4)"
					],
					"position": [0, 0, 0]
				},
				"tail2": {
					"rotation": [22.5, "12+(math.sin((q.anim_time - 0.20) * 360 / (3/0.75)) * 10)", 0]
				},
				"tail3": {
					"rotation": [22.5, "-12+(math.sin((q.anim_time - 0.25) * 360 / (3/0.75)) * 10)", 0]
				},
				"tail4": {
					"rotation": [22.5, "12+(math.sin((q.anim_time - 0.30) * 360 / (3/0.75)) * 10)", 0]
				},
				"tail5": {
					"rotation": [22.5, "-12+(math.sin((q.anim_time - 0.35) * 360 / (3/0.75)) * 10)", 0]
				},
				"tail6": {
					"rotation": [22.5, "12+(math.sin((q.anim_time - 0.40) * 360 / (3/0.75)) * 10)", 0]
				},
				"tail7": {
					"rotation": [22.5, "-12+(math.sin((q.anim_time - 0.45) * 360 / (3/0.75)) * 10)", 0]
				},
				"neck": {
					"rotation": [
						"math.sin((q.anim_time - 1.725) * 360 / (3/1*2)) * -3",
						"math.sin((q.anim_time - 1.725) * 360 / (3/1*2)) * -3",
						"math.sin((q.anim_time - 1.725) * 360 / (3/1*2)) * -3"
					]
				},
				"head": {
					"rotation": [
						"math.sin((q.anim_time - 2.725) * 360 / (3/1*2)) * -3",
						"math.sin((q.anim_time - 2.725) * 360 / (3/1*2)) * -3",
						"math.sin((q.anim_time - 2.725) * 360 / (3/1*2)) * -3"
					]
				},
				"bandana_upper": {
					"rotation": [
						"-17.5-(math.sin((q.anim_time - 1.55) * 360 / (3/1)) * 3)",
						"-12+(math.sin((q.anim_time - 0.15) * 360 / (3/1)) * 10)",
						"(math.sin((q.anim_time - 0.3) * 360 / (3/1)) * 4)"
					]
				},
				"bandana_upper2": {
					"rotation": [22.5, "12+(math.sin((q.anim_time - 0.20) * 360 / (3/1)) * 10)", 0]
				},
				"bandana_upper3": {
					"rotation": [22.5, "-12+(math.sin((q.anim_time - 0.25) * 360 / (3/1)) * 10)", 0]
				},
				"bandana_upper4": {
					"rotation": [22.5, "14+(math.sin((q.anim_time - 0.30) * 360 / (3/1)) * 10)", 0],
					"position": [-0.1, 0, 0]
				},
				"bandana_lower": {
					"rotation": [
						"-5-(math.sin((q.anim_time - 1.55) * 360 / (3/1)) * 3)",
						"-12-(math.sin((q.anim_time - 0.15) * 360 / (3/1)) * 10)",
						"-(math.sin((q.anim_time - 0.3) * 360 / (3/1)) * 4)"
					]
				},
				"bandana_lower2": {
					"rotation": [-7.5, "12-(math.sin((q.anim_time - 0.20) * 360 / (3/1)) * 10)", 0]
				},
				"bandana_lower3": {
					"rotation": [-7.5, "-12-(math.sin((q.anim_time - 0.25) * 360 / (3/1)) * 10)", 0]
				},
				"bandana_lower4": {
					"rotation": [-7.5, "12-(math.sin((q.anim_time - 0.30) * 360 / (3/1)) * 10)", 0]
				},
				"bandana_lower5": {
					"rotation": [-7.5, "-12-(math.sin((q.anim_time - 0.35) * 360 / (3/1)) * 10)", 0]
				},
				"bandana_upper5": {
					"rotation": [22.5, "-12+(math.sin((q.anim_time - 0.35) * 360 / (3/1)) * 10)", 0]
				}
			}
		},
		"animation.canjitsu.battle_idle": {
			"loop": true,
			"bones": {
				"torso": {
					"rotation": ["10+(math.sin((q.anim_time - 1.45) * 360 / (3/2*2)) * 2.2)", 0, 0],
					"position": [0, "-(math.sin((q.anim_time - 0) * 360 / (3/2)) * 0.22)", 0]
				},
				"tail": {
					"rotation": [
						"-17.5-(math.sin((q.anim_time - 1.55) * 360 / (3/2)) * 3)",
						"-12+(math.sin((q.anim_time - 0.15) * 360 / (3/0.75)) * 10)",
						"(math.sin((q.anim_time - 0.3) * 360 / (3/2)) * 4)"
					],
					"position": [0, 0, 0]
				},
				"tail2": {
					"rotation": [22.5, "12+(math.sin((q.anim_time - 0.20) * 360 / (3/0.75)) * 10)", 0]
				},
				"tail3": {
					"rotation": [22.5, "-12+(math.sin((q.anim_time - 0.25) * 360 / (3/0.75)) * 10)", 0]
				},
				"tail4": {
					"rotation": [22.5, "12+(math.sin((q.anim_time - 0.30) * 360 / (3/0.75)) * 10)", 0]
				},
				"tail5": {
					"rotation": [22.5, "-12+(math.sin((q.anim_time - 0.35) * 360 / (3/0.75)) * 10)", 0]
				},
				"tail6": {
					"rotation": [22.5, "12+(math.sin((q.anim_time - 0.40) * 360 / (3/0.75)) * 10)", 0]
				},
				"tail7": {
					"rotation": [22.5, "-12+(math.sin((q.anim_time - 0.45) * 360 / (3/0.75)) * 10)", 0]
				},
				"neck": {
					"rotation": [
						"-22.5+math.sin((q.anim_time - 1.725) * 360 / (3/1*2)) * -3",
						"math.sin((q.anim_time - 1.725) * 360 / (3/1*2)) * -3",
						"math.sin((q.anim_time - 1.725) * 360 / (3/1*2)) * -3"
					]
				},
				"head": {
					"rotation": [
						"12.5+math.sin((q.anim_time - 2.725) * 360 / (3/1*2)) * -3",
						"math.sin((q.anim_time - 2.725) * 360 / (3/1*2)) * -3",
						"math.sin((q.anim_time - 2.725) * 360 / (3/1*2)) * -3"
					],
					"position": [0, 0, -0.75]
				},
				"bandana_upper": {
					"rotation": [
						"-17.5-(math.sin((q.anim_time - 1.55) * 360 / (3/1)) * 3)",
						"-12+(math.sin((q.anim_time - 0.15) * 360 / (3/1)) * 10)",
						"(math.sin((q.anim_time - 0.3) * 360 / (3/1)) * 4)"
					]
				},
				"bandana_upper2": {
					"rotation": [22.5, "12+(math.sin((q.anim_time - 0.20) * 360 / (3/1)) * 10)", 0]
				},
				"bandana_upper3": {
					"rotation": [22.5, "-12+(math.sin((q.anim_time - 0.25) * 360 / (3/1)) * 10)", 0]
				},
				"bandana_upper4": {
					"rotation": [22.5, "12+(math.sin((q.anim_time - 0.30) * 360 / (3/1)) * 10)", 0]
				},
				"bandana_lower": {
					"rotation": [
						"-5-(math.sin((q.anim_time - 1.55) * 360 / (3/1)) * 3)",
						"-12-(math.sin((q.anim_time - 0.15) * 360 / (3/1)) * 10)",
						"-(math.sin((q.anim_time - 0.3) * 360 / (3/1)) * 4)"
					]
				},
				"bandana_lower2": {
					"rotation": [-7.5, "12-(math.sin((q.anim_time - 0.20) * 360 / (3/1)) * 10)", 0]
				},
				"bandana_lower3": {
					"rotation": [-7.5, "-12-(math.sin((q.anim_time - 0.25) * 360 / (3/1)) * 10)", 0]
				},
				"bandana_lower4": {
					"rotation": [-7.5, "12-(math.sin((q.anim_time - 0.30) * 360 / (3/1)) * 10)", 0]
				},
				"bandana_lower5": {
					"rotation": [-7.5, "-12-(math.sin((q.anim_time - 0.35) * 360 / (3/1)) * 10)", 0]
				},
				"bandana_upper5": {
					"rotation": [22.5, "-12+(math.sin((q.anim_time - 0.35) * 360 / (3/1)) * 10)", 0]
				},
				"leg_back_left": {
					"rotation": [0, -22.5, -5],
					"position": [-0.25, -0.25, 0]
				},
				"leg_back_right": {
					"rotation": [0, 22.5, 5],
					"position": [0.25, -0.25, 0]
				},
				"leg_front_right": {
					"rotation": [0, 22.5, 5],
					"position": [0.25, -0.25, 0]
				},
				"leg_front_left": {
					"rotation": [0, -22.5, -5],
					"position": [-0.25, -0.25, 0]
				},
				"eyebrow_right": {
					"rotation": [45, 0, 0],
					"position": [0, -0.25, 0.25]
				},
				"eyebrow_left": {
					"rotation": [45, 0, 0],
					"position": [0, -0.25, 0.25]
				}
			}
		},
		"animation.canjitsu.ground_walk": {
			"loop": true,
			"animation_length": 1,
			"bones": {
				"torso": {
					"rotation": ["math.sin(q.anim_time*90*8-90)*-0.5+0.5", 0, "math.clamp(math.sin(q.anim_time*90*4-90)*-1,-0.5,0.5)+math.sin(q.anim_time*90*4-180)*-2"],
					"position": [0, "-0.3+math.clamp(math.sin(q.anim_time*90*4)*0.5,0.2,2)+math.clamp(math.sin(q.anim_time*90*4+180)*0.5,0.2,1)", 0]
				},
				"tail": {
					"rotation": ["-17.5-(math.sin(q.anim_time*90*4-150)*3)", "-12+(math.sin(q.anim_time*90*4-50)*10)", "(math.sin(q.anim_time*90*4-100)*4)"],
					"position": [0, 0, 0]
				},
				"tail2": {
					"rotation": [22.5, "12+(math.sin(q.anim_time*90*4-70)*10)", 0]
				},
				"tail3": {
					"rotation": [22.5, "-12+(math.sin(q.anim_time*90*4-90)*4)", 0]
				},
				"tail4": {
					"rotation": [22.5, "12+(math.sin(q.anim_time*90*4-110)*4)", 0]
				},
				"tail5": {
					"rotation": [22.5, "-12+(math.sin(q.anim_time*90*4-130)*4)", 0]
				},
				"tail6": {
					"rotation": [22.5, "12+(math.sin(q.anim_time*90*4-150)*4)", 0]
				},
				"tail7": {
					"rotation": [22.5, "-12+(math.sin(q.anim_time*90*4-170)*4)", 0]
				},
				"neck": {
					"rotation": ["7.5+math.sin(q.anim_time*90*4-90)*4", 0, 0]
				},
				"head": {
					"rotation": ["-5+math.sin(q.anim_time*90*4-120)*4", 0, 0],
					"position": [0, 0, 0.25]
				},
				"bandana_upper": {
					"rotation": ["-12.5-(math.sin(q.anim_time*90*4-150)*3)", "-12+(math.sin(q.anim_time*90*4-50)*10)", "(math.sin(q.anim_time*90*4-100)*4)"]
				},
				"bandana_upper2": {
					"rotation": [22.5, "12+(math.sin(q.anim_time*90*4-70)*10)", 0]
				},
				"bandana_upper3": {
					"rotation": [22.5, "-12+(math.sin(q.anim_time*90*4-90)*10)", 0]
				},
				"bandana_upper4": {
					"rotation": [22.5, "12+(math.sin(q.anim_time*90*4-110)*10)", 0]
				},
				"bandana_upper5": {
					"rotation": [22.5, "-12+(math.sin(q.anim_time*90*4-130)*10)", 0]
				},
				"bandana_lower": {
					"rotation": ["-5-(math.sin(q.anim_time*90*4-150)*3)", "-12-(math.sin(q.anim_time*90*4-50)*10)", "-(math.sin(q.anim_time*90*4-100)*4)"]
				},
				"bandana_lower2": {
					"rotation": [-7.5, "12-(math.sin(q.anim_time*90*4-70)*10)", 0]
				},
				"bandana_lower3": {
					"rotation": [-7.5, "-12-(math.sin(q.anim_time*90*4-90)*10)", 0]
				},
				"bandana_lower4": {
					"rotation": [-7.5, "12-(math.sin(q.anim_time*90*4-110)*10)", 1]
				},
				"bandana_lower5": {
					"rotation": [-7.5, "-12-(math.sin(q.anim_time*90*4-130)*10)", 0]
				},
				"leg_back_left": {
					"rotation": ["-2.5+math.clamp(math.cos(q.anim_time*90*4)*5*1,-10,10)+math.clamp(math.cos(q.anim_time*90*4)*5*1,-10,10)", 0, 0],
					"position": {
						"0.0": [0, "math.clamp(math.sin(q.anim_time*90*4-20)*0.3,0,1)+math.clamp(math.sin(q.anim_time*90*4-20)*0.5,-0.2,0)", 0],
						"0.5": [0, "math.clamp(math.sin(q.anim_time*90*4-20)*0.3,0,1)+math.clamp(math.sin(q.anim_time*90*4-20)*0.5,-0.2,0)", 0]
					}
				},
				"leg_back_right": {
					"rotation": ["-2.5+math.clamp(math.cos(q.anim_time*90*4+180)*10*1,-10,10)+math.clamp(math.cos(q.anim_time*90*4+180)*5*1,-10,10)", 0, 0],
					"position": [0, "math.clamp(math.sin(q.anim_time*90*4-20+180)*0.3,0,1)+math.clamp(math.sin(q.anim_time*90*4-20+180)*0.5,-0.2,0)", 0]
				},
				"leg_front_right": {
					"rotation": ["-10+math.sin(q.anim_time*90*4-33)*-15", 0, 0],
					"position": [0, "-0.4+(math.clamp(math.sin(q.anim_time*90*4)*-0.2,-1,0.5)+0.2)+(math.clamp(math.sin(q.anim_time*90*4-150+180)*0.6,0,1)-0)", 0]
				},
				"leg_front_left": {
					"rotation": ["-10+math.sin(q.anim_time*90*4-33+180)*-15", 0, 0],
					"position": {
						"0.0": [0, "-0.4+(math.clamp(math.sin(q.anim_time*90*4+180)*-0.2,-1,0.5)+0.2)+(math.clamp(math.sin(q.anim_time*90*4-150)*0.6,0,1)-0)", 0],
						"0.5": [0, "-0.4+(math.clamp(math.sin(q.anim_time*90*4+180)*-0.2,-1,0.5)+0.2)+(math.clamp(math.sin(q.anim_time*90*4-150)*0.6,0,1)-0)", 0]
					}
				},
				"body": {
					"rotation": ["math.sin(q.anim_time*90*8-50)*-0.5+0.5", 0, "math.clamp(math.sin(q.anim_time*90*4-50)*-1,-0.5,0.5)+math.sin(q.anim_time*90*4-140)*-2"]
				}
			}
		},
		"animation.canjitsu.blink": {
			"animation_length": 0.25,
			"bones": {
				"eye_left": {
					"position": {
						"0.0": [0, 0, 0],
						"0.0417": {
							"pre": [0, 0, 0],
							"post": [-0.1, 0, 0]
						},
						"0.25": {
							"pre": [-0.1, 0, 0],
							"post": [0, 0, 0]
						}
					}
				},
				"eye_right": {
					"position": {
						"0.0": [0, 0, 0],
						"0.0417": {
							"pre": [0, 0, 0],
							"post": [0.1, 0, 0]
						},
						"0.25": {
							"pre": [0.1, 0, 0],
							"post": [0, 0, 0]
						}
					}
				},
				"eyelid_right": {
					"position": {
						"0.0": [0, 0, 0],
						"0.0417": {
							"pre": [0, 0, 0],
							"post": [-1, 0, 0]
						},
						"0.25": {
							"pre": [-1, 0, 0],
							"post": [0, 0, 0]
						}
					}
				},
				"eyelid_left": {
					"position": {
						"0.0": [0, 0, 0],
						"0.0417": {
							"pre": [0, 0, 0],
							"post": [1, 0, 0]
						},
						"0.25": {
							"pre": [1, 0, 0],
							"post": [0, 0, 0]
						}
					}
				}
			}
		},
		"animation.canjitsu.sleep": {
			"loop": true,
			"bones": {
				"body": {
					"position": [0, "-8.25+math.sin((q.anim_time - 1.725) * 360 / (3/1*2)) * -0.3", 0]
				},
				"tail": {
					"rotation": [-32.5, 0, -20]
				},
				"tail2": {
					"rotation": [25.08377, -4.53051, -2.11751]
				},
				"tail3": {
					"rotation": [10.23772, -12.3071, -2.20462]
				},
				"tail4": {
					"rotation": [18.13304, -27.38656, -2.59775]
				},
				"tail5": {
					"rotation": [2.57913, -34.11857, -1.37195]
				},
				"tail6": {
					"rotation": [10.119, -28.67385, -5.53644]
				},
				"tail7": {
					"rotation": [13.7357, -41.26755, -11.21792]
				},
				"neck": {
					"rotation": [
						"-27.5+math.sin((q.anim_time - 1.725) * 360 / (3/1*2)) * -3",
						"math.sin((q.anim_time - 1.725) * 360 / (3/1*2)) * -3",
						"math.sin((q.anim_time - 1.725) * 360 / (3/1*2)) * -3"
					],
					"position": [0, -0.75, 0]
				},
				"head": {
					"rotation": [
						"22.5+math.sin((q.anim_time - 2.725) * 360 / (3/1*2)) * -3",
						"math.sin((q.anim_time - 2.725) * 360 / (3/1*2)) * -3",
						"math.sin((q.anim_time - 2.725) * 360 / (3/1*2)) * -3"
					],
					"position": [0, -0.75, -1.25]
				},
				"bandana_upper": {
					"rotation": [
						"-(math.sin((q.anim_time - 1.55) * 360 / (3/1)) * 3)",
						"(math.sin((q.anim_time - 0.15) * 360 / (3/0.5)) * 10)",
						"(math.sin((q.anim_time - 0.3) * 360 / (3/0.5)) * 4)"
					]
				},
				"bandana_upper2": {
					"rotation": ["-22.4999-(math.sin((q.anim_time - 1.60) * 360 / (3/1)) * 3)", 0.01, 0.01003],
					"position": [0, 0, -0.5]
				},
				"bandana_upper3": {
					"rotation": ["-22.503-(math.sin((q.anim_time - 1.65) * 360 / (3/1)) * 3)", -0.01, -0.01],
					"position": [0, 0, -1.25]
				},
				"bandana_upper4": {
					"rotation": ["-22.5806-(math.sin((q.anim_time - 1.70) * 360 / (3/1)) * 3)", 0.03, 0.02],
					"position": [0, 0, -1.25]
				},
				"bandana_lower": {
					"rotation": [
						"-7.5-(math.sin((q.anim_time - 1.55) * 360 / (3/1)) * 3)",
						"-(math.sin((q.anim_time - 0.15) * 360 / (3/0.5)) * 10)",
						"-(math.sin((q.anim_time - 0.3) * 360 / (3/0.5)) * 4)"
					]
				},
				"bandana_lower2": {
					"rotation": ["-22.4999-(math.sin((q.anim_time - 1.60) * 360 / (3/1)) * 3)", 0.00422, 0.01004]
				},
				"bandana_lower3": {
					"rotation": ["-22.4999-(math.sin((q.anim_time - 1.65) * 360 / (3/1)) * 3)", -0.00631, -0.0149]
				},
				"bandana_lower4": {
					"rotation": ["-22.4998-(math.sin((q.anim_time - 1.70) * 360 / (3/1)) * 3)", 0.00836, 0.01959]
				},
				"bandana_lower5": {
					"rotation": ["-22.5031-(math.sin((q.anim_time - 1.75) * 360 / (3/1)) * 3)", -0.92387, 0.38272]
				},
				"leg_back_left": {
					"rotation": ["78.842856397-math.sin((q.anim_time - 1.725) * 360 / (3/1*2)) * -2", 38.55011, 2.79269]
				},
				"leg_back_right": {
					"rotation": ["78.84285639694917-math.sin((q.anim_time - 1.725) * 360 / (3/1*2)) * -2", -38.55011, -2.79269]
				},
				"leg_front_right": {
					"rotation": ["-75.5916+math.sin((q.anim_time - 1.725) * 360 / (3/1*2)) * -2", 37.41804, 2.68201]
				},
				"leg_front_left": {
					"rotation": ["-75.5916+math.sin((q.anim_time - 1.725) * 360 / (3/1*2)) * -2", -37.41804, -2.68201]
				},
				"bandana_upper5": {
					"rotation": ["-22.5289-(math.sin((q.anim_time - 1.75) * 360 / (3/1)) * 3)", -0.02, -0.02],
					"position": [0, 0, -0.5]
				},
				"eye_left": {
					"position": [-0.1, 0, 0]
				},
				"eye_right": {
					"position": [0.1, 0, 0]
				},
				"eyelid_right": {
					"position": [-1, 0, 0]
				},
				"eyelid_left": {
					"position": [1, 0, 0]
				},
				"torso": {
					"position": [0, 0, 0]
				}
			}
		},
		"animation.canjitsu.recoil": {
			"animation_length": 0.7083,
			"bones": {
				"torso": {
					"rotation": {
						"0.0": {
							"post": [0, 0, 0],
							"lerp_mode": "catmullrom"
						},
						"0.0833": {
							"post": [-10, 0, 0],
							"lerp_mode": "catmullrom"
						},
						"0.5": {
							"post": [0, 0, 0],
							"lerp_mode": "catmullrom"
						}
					},
					"position": {
						"0.0": {
							"post": [0, 0, 0],
							"lerp_mode": "catmullrom"
						},
						"0.0833": {
							"post": [0, 0, -0.5],
							"lerp_mode": "catmullrom"
						},
						"0.5": {
							"post": [0, 0, 0],
							"lerp_mode": "catmullrom"
						}
					}
				},
				"tail": {
					"rotation": {
						"0.0": {
							"post": [0, 0, 0],
							"lerp_mode": "catmullrom"
						},
						"0.0833": {
							"post": [10, 0, 0],
							"lerp_mode": "catmullrom"
						},
						"0.5": {
							"post": [0, 0, 0],
							"lerp_mode": "catmullrom"
						}
					}
				},
				"neck": {
					"rotation": {
						"0.0": {
							"post": [0, 0, 0],
							"lerp_mode": "catmullrom"
						},
						"0.125": {
							"post": [-15, 0, 0],
							"lerp_mode": "catmullrom"
						},
						"0.5417": {
							"post": [0, 0, 0],
							"lerp_mode": "catmullrom"
						}
					}
				},
				"head": {
					"rotation": {
						"0.0": {
							"post": [0, 0, 0],
							"lerp_mode": "catmullrom"
						},
						"0.2083": {
							"post": [-12.5, 0, 0],
							"lerp_mode": "catmullrom"
						},
						"0.625": {
							"post": [0, 0, 0],
							"lerp_mode": "catmullrom"
						}
					}
				},
				"eyelid_left": {
					"position": {
						"0.0": [0, 0, 0],
						"0.0417": {
							"pre": [0, 0, 0],
							"post": [1, 0, 0]
						},
						"0.25": {
							"pre": [1, 0, 0],
							"post": [0, 0, 0]
						}
					}
				},
				"eye_left": {
					"position": {
						"0.0": [0, 0, 0],
						"0.0417": {
							"pre": [0, 0, 0],
							"post": [-0.1, 0, 0]
						},
						"0.25": {
							"pre": [-0.1, 0, 0],
							"post": [0, 0, 0]
						}
					}
				},
				"eye_right": {
					"position": {
						"0.0": [0, 0, 0],
						"0.0417": {
							"pre": [0, 0, 0],
							"post": [0.1, 0, 0]
						},
						"0.25": {
							"pre": [0.1, 0, 0],
							"post": [0, 0, 0]
						}
					}
				},
				"eyelid_right": {
					"position": {
						"0.0": [0, 0, 0],
						"0.0417": {
							"pre": [0, 0, 0],
							"post": [-1, 0, 0]
						},
						"0.25": {
							"pre": [-1, 0, 0],
							"post": [0, 0, 0]
						}
					}
				},
				"leg_front_left": {
					"position": {
						"0.0": [0, 0, 0],
						"0.2917": {
							"pre": [0, 0, 0],
							"post": [0, 0, 0],
							"lerp_mode": "catmullrom"
						},
						"0.4167": {
							"post": [0, 1, 0],
							"lerp_mode": "catmullrom"
						},
						"0.5417": {
							"post": [0, 0, 0],
							"lerp_mode": "catmullrom"
						},
						"0.625": [0, 0, 0]
					}
				}
			}
		},
		"animation.canjitsu.faint": {
			"animation_length": 3,
			"bones": {
				"body": {
					"rotation": {
						"0.0": [0, 0, 0],
						"0.25": {
							"pre": [0, 0, 0],
							"post": [0, 0, 0],
							"lerp_mode": "catmullrom"
						},
						"0.625": {
							"post": [0, 0, 0],
							"lerp_mode": "catmullrom"
						},
						"0.8333": {
							"post": [0, 0, 0],
							"lerp_mode": "catmullrom"
						},
						"1.0417": [0, 0, 0],
						"1.1667": [0, 0, 0],
						"1.4583": [-40.09468, -4.32875, 2.50477],
						"1.6667": [-52.59468, -4.32875, 2.50477],
						"2.0": [-4, 4, 0],
						"2.0833": [-1.5, 4, 0],
						"2.375": [0, 4, 0]
					},
					"position": {
						"0.0": [0, 0, 0],
						"0.25": [0, 0, 2.23],
						"0.625": [0, 0, 3.9],
						"0.8333": [0, 0, 4],
						"1.0417": [0, 0, 3.9],
						"1.1667": [0, 0, 3.9],
						"1.4583": [0, 2.6, 7],
						"1.6667": [0, 3, 6.6],
						"1.9583": {
							"pre": [0, -7.7, -2.3],
							"post": [0, -7.7, -2.3],
							"lerp_mode": "catmullrom"
						},
						"2.1667": {
							"post": [0, -7.7, -4.1],
							"lerp_mode": "catmullrom"
						},
						"2.375": [0, -7.7, -4.1]
					}
				},
				"torso": {
					"rotation": {
						"0.0": [0, 0, 0],
						"0.25": {
							"pre": [7.54084, 5.94848, 0.78598],
							"post": [7.54084, 5.94848, 0.78598],
							"lerp_mode": "catmullrom"
						},
						"0.625": {
							"post": [-7.62709, 13.38377, -0.21204],
							"lerp_mode": "catmullrom"
						},
						"0.8333": {
							"post": [-10.12709, 13.38377, -0.21204],
							"lerp_mode": "catmullrom"
						},
						"1.0417": {
							"post": [6.37291, 13.38377, -0.21204],
							"lerp_mode": "catmullrom"
						},
						"1.1667": {
							"post": [8.87291, 13.38377, -0.21204],
							"lerp_mode": "catmullrom"
						},
						"1.4583": {
							"post": [-3.62709, 13.38377, -0.21204],
							"lerp_mode": "catmullrom"
						},
						"1.6667": {
							"post": [-3.62709, 13.38377, -0.21204],
							"lerp_mode": "catmullrom"
						},
						"1.9583": [20, 0, 0],
						"2.0833": [20, 0, 0],
						"2.375": [0, 0, 0]
					},
					"position": {
						"0.0": [0, 0, 0],
						"0.25": {
							"pre": [0, -0.8, 0],
							"post": [0, -0.8, 0],
							"lerp_mode": "catmullrom"
						},
						"0.625": {
							"post": [0.5, -0.4, 0],
							"lerp_mode": "catmullrom"
						},
						"0.8333": {
							"post": [0.5, 0.1, 0],
							"lerp_mode": "catmullrom"
						},
						"1.0417": {
							"post": [0.5, -0.9, 0],
							"lerp_mode": "catmullrom"
						},
						"1.1667": {
							"post": [0.5, -0.9, 0],
							"lerp_mode": "catmullrom"
						},
						"1.4583": {
							"post": [0.5, -0.4, 0],
							"lerp_mode": "catmullrom"
						},
						"1.6667": {
							"post": [0.5, -0.4, 0],
							"lerp_mode": "catmullrom"
						},
						"1.9583": [0, 2.3, 0],
						"2.0833": [0, 2.3, 0],
						"2.375": [0, 0, 0]
					}
				},
				"tail": {
					"rotation": {
						"0.0": [
							"-17.5-(math.sin((q.anim_time - 1.55) * 360 / (3/2)) * 3)",
							"-12+(math.sin((q.anim_time - 0.15) * 360 / (3/0.75)) * 10)",
							"(math.sin((q.anim_time - 0.3) * 360 / (3/2)) * 4)"
						],
						"0.7083": [
							"math.sin(q.anim_time*90*10-40)*0.5+math.sin(q.anim_time*90*2-40)*15",
							"-15+math.sin(q.anim_time*90*10-40)*1",
							"20+math.sin(q.anim_time*90*10-0)*2.5+math.sin(q.anim_time*90*2-40)*-20"
						],
						"1.1667": [
							"8.6024+math.sin(q.anim_time*90*10-40)*0.5+math.sin(q.anim_time*90*2-40)*15",
							"-15.5715+math.sin(q.anim_time*90*10-40)*1",
							"16.3201+math.sin(q.anim_time*90*10-0)*2.5+math.sin(q.anim_time*90*2-40)*-20"
						],
						"1.375": [50.25793, -22.60193, 4.92385],
						"1.7083": [
							"32.5+math.sin(q.anim_time*90*10-40)*0.5+math.sin(q.anim_time*90*2-40)*15",
							"-15+math.sin(q.anim_time*90*10-40)*1",
							"20+math.sin(q.anim_time*90*10-0)*2.5+math.sin(q.anim_time*90*2-40)*-20"
						],
						"2.0833": [
							"47.5+math.sin(q.anim_time*90*10-40)*0.5+math.sin(q.anim_time*90*2-40)*15",
							"-15+math.sin(q.anim_time*90*10-40)*1",
							"20+math.sin(q.anim_time*90*10-0)*2.5+math.sin(q.anim_time*90*2-40)*-20"
						],
						"2.4583": [-32.51582, 1.68668, -21.07491]
					},
					"position": [0, 0, 0]
				},
				"tail2": {
					"rotation": {
						"0.0": [22.5, "12+(math.sin((q.anim_time - 0.20) * 360 / (3/0.75)) * 10)", 0],
						"2.4583": [25.08377, -4.53051, -2.11751]
					}
				},
				"tail3": {
					"rotation": {
						"0.0": [22.5, "-12+(math.sin((q.anim_time - 0.25) * 360 / (3/0.75)) * 10)", 0],
						"2.4583": [10.23772, -12.3071, -2.20462]
					}
				},
				"tail4": {
					"rotation": {
						"0.0": [22.5, "12+(math.sin((q.anim_time - 0.30) * 360 / (3/0.75)) * 10)", 0],
						"2.4583": [18.13304, -27.38656, -2.59775]
					}
				},
				"tail5": {
					"rotation": {
						"0.0": [22.5, "-12+(math.sin((q.anim_time - 0.35) * 360 / (3/0.75)) * 10)", 0],
						"2.4583": [2.57913, -34.11857, -1.37195]
					}
				},
				"tail6": {
					"rotation": {
						"0.0": [22.5, "12+(math.sin((q.anim_time - 0.40) * 360 / (3/0.75)) * 10)", 0],
						"2.4583": [10.119, -28.67385, -5.53644]
					}
				},
				"tail7": {
					"rotation": {
						"0.0": [22.5, "-12+(math.sin((q.anim_time - 0.45) * 360 / (3/0.75)) * 10)", 0],
						"2.4583": [13.7357, -41.26755, -11.21792]
					}
				},
				"neck": {
					"rotation": {
						"0.0": [0, 0, 0],
						"0.25": {
							"pre": [17.25561, 4.21497, -3.67321],
							"post": [17.25561, 4.21497, -3.67321],
							"lerp_mode": "catmullrom"
						},
						"0.625": {
							"post": [11.71024, -9.23302, -3.73122],
							"lerp_mode": "catmullrom"
						},
						"0.8333": {
							"post": [11.71024, -9.23302, -3.73122],
							"lerp_mode": "catmullrom"
						},
						"1.0417": {
							"post": [27.71024, -9.23302, -3.73122],
							"lerp_mode": "catmullrom"
						},
						"1.1667": {
							"post": [30.21024, -9.23302, -3.73122],
							"lerp_mode": "catmullrom"
						},
						"1.4583": {
							"post": [32.71024, -9.23302, -3.73122],
							"lerp_mode": "catmullrom"
						},
						"1.7083": {
							"post": [37.71024, -9.23302, -3.73122],
							"lerp_mode": "catmullrom"
						},
						"2.0": {
							"post": [61.72382, -2.19081, -1.19733],
							"lerp_mode": "catmullrom"
						},
						"2.0417": [83, 0, 0],
						"2.1667": [79, 0, 0],
						"2.375": [90.86, 0, 0],
						"2.4583": [90, 0, 0]
					},
					"position": [0, -0.3, 0]
				},
				"head": {
					"rotation": {
						"0.0": [0, 0, 0],
						"0.25": {
							"pre": [7.5, 10, 0],
							"post": [7.5, 10, 0],
							"lerp_mode": "catmullrom"
						},
						"0.625": {
							"post": [-20, 10, 0],
							"lerp_mode": "catmullrom"
						},
						"0.8333": {
							"post": [-20, 10, 0],
							"lerp_mode": "catmullrom"
						},
						"1.0417": {
							"post": [-22.88676, 9.03537, -2.33863],
							"lerp_mode": "catmullrom"
						},
						"1.1667": {
							"post": [-24.10935, 12.17898, 4.59024],
							"lerp_mode": "catmullrom"
						},
						"1.4583": {
							"post": [11.44022, 6.14464, -5.98273],
							"lerp_mode": "catmullrom"
						},
						"1.6667": {
							"post": [5.03568, -2.48837, 0.54145],
							"lerp_mode": "catmullrom"
						},
						"1.9583": [4.55, 0, 0],
						"2.0417": [-34.95, 0, 0],
						"2.1667": {
							"pre": [1.05, 0, 0],
							"post": [1.05, 0, 0],
							"lerp_mode": "catmullrom"
						},
						"2.25": {
							"post": [-3.95, 0, 0],
							"lerp_mode": "catmullrom"
						},
						"2.4583": [-19.95, 0, 0]
					},
					"position": {
						"0.0": [0, 0, 0],
						"0.25": {
							"pre": [0, 0, 0],
							"post": [0, 0, 0],
							"lerp_mode": "catmullrom"
						},
						"0.625": {
							"post": [0, 0, 0],
							"lerp_mode": "catmullrom"
						},
						"0.8333": {
							"post": [0, 0, 0],
							"lerp_mode": "catmullrom"
						},
						"1.0417": {
							"post": [0, 0, 0],
							"lerp_mode": "catmullrom"
						},
						"1.1667": {
							"post": [0, 0, 0],
							"lerp_mode": "catmullrom"
						},
						"1.4583": {
							"post": [0, 0, 0],
							"lerp_mode": "catmullrom"
						},
						"1.6667": {
							"post": [0, 0, 0],
							"lerp_mode": "catmullrom"
						},
						"1.9583": [0, 0.35, -0.05],
						"2.0417": [0, -1.4, 2.95],
						"2.1667": {
							"pre": [0, 0.35, 0.95],
							"post": [0, 0.35, 0.95],
							"lerp_mode": "catmullrom"
						},
						"2.25": {
							"post": [0, 0.35, 1.15],
							"lerp_mode": "catmullrom"
						},
						"2.4583": [0, 0.35, 1.05]
					}
				},
				"bandana_upper": {
					"rotation": {
						"0.0": [
							"-17.5-(math.sin((q.anim_time - 1.55) * 360 / (3/1)) * 3)",
							"-12+(math.sin((q.anim_time - 0.15) * 360 / (3/1)) * 10)",
							"(math.sin((q.anim_time - 0.3) * 360 / (3/1)) * 4)"
						],
						"2.4583": [19.1047, -59.6598, -30.4737]
					}
				},
				"bandana_upper2": {
					"rotation": {
						"0.0": [22.5, "12+(math.sin((q.anim_time - 0.20) * 360 / (3/1)) * 10)", 0],
						"2.4583": [-30.9814, -39.6808, 23.2404]
					},
					"position": [-0.1, 0, -0.5]
				},
				"bandana_upper3": {
					"rotation": {
						"0.0": [22.5, "-12+(math.sin((q.anim_time - 0.25) * 360 / (3/1)) * 10)", 0],
						"2.4583": [-23.0419, -11.27729, 5.43821]
					},
					"position": [-0.1, 0, -1.25]
				},
				"bandana_upper4": {
					"rotation": {
						"0.0": [22.5, "14+(math.sin((q.anim_time - 0.30) * 360 / (3/1)) * 10)", 0],
						"2.4583": [-33.6569, -43.67935, 27.23575]
					},
					"position": {
						"0.0": [-0.1, 0, 0],
						"2.4583": [-0.15, 0, -1.25]
					}
				},
				"bandana_upper5": {
					"rotation": {
						"0.0": [22.5, "-12+(math.sin((q.anim_time - 0.35) * 360 / (3/1)) * 10)", 0],
						"2.4583": [-24.3397, -20.2231, 10.09854]
					},
					"position": [-0.01, 0, -0.5]
				},
				"bandana_lower": {
					"rotation": {
						"0.0": [
							"-5-(math.sin((q.anim_time - 1.55) * 360 / (3/1)) * 3)",
							"-12-(math.sin((q.anim_time - 0.15) * 360 / (3/1)) * 10)",
							"-(math.sin((q.anim_time - 0.3) * 360 / (3/1)) * 4)"
						],
						"2.4583": [17.076, 41.0406, -30.2326]
					}
				},
				"bandana_lower2": {
					"rotation": {
						"0.0": [-7.5, "12-(math.sin((q.anim_time - 0.20) * 360 / (3/1)) * 10)", 0],
						"2.4583": [-24.7532, 22.44275, -11.31041]
					},
					"position": {
						"0.0": [0, 0, 0],
						"2.4583": [0.01, 0, 0]
					}
				},
				"bandana_lower3": {
					"rotation": {
						"0.0": [-7.5, "-12-(math.sin((q.anim_time - 0.25) * 360 / (3/1)) * 10)", 0],
						"2.4583": [-38.5846, 49.58033, -34.03844]
					},
					"position": {
						"0.0": [0, 0, 0],
						"2.4583": [0.01, 0, 0]
					}
				},
				"bandana_lower4": {
					"rotation": {
						"0.0": [-7.5, "12-(math.sin((q.anim_time - 0.30) * 360 / (3/1)) * 10)", 0],
						"2.4583": [-24.7587, 22.43179, -11.3321]
					}
				},
				"bandana_lower5": {
					"rotation": {
						"0.0": [-7.5, "-12-(math.sin((q.anim_time - 0.35) * 360 / (3/1)) * 10)", 0],
						"2.4583": [-24.5643, 21.51918, -10.89207]
					}
				},
				"eyelid_left": {
					"position": {
						"0.0": [0, 0, 0],
						"0.0417": {"pre": [0, 0, 0], "post": [1, 0, 0]},
						"0.25": {"pre": [1, 0, 0], "post": [0, 0, 0]},
						"0.875": {"pre": [0, 0, 0], "post": [0, 0, 0]},
						"0.9167": {"pre": [0, 0, 0], "post": [1, 0, 0]},
						"1.125": {"pre": [1, 0, 0], "post": [0, 0, 0]},
						"1.75": {"pre": [0, 0, 0], "post": [0, 0, 0]},
						"1.7917": {"pre": [0, 0, 0], "post": [1, 0, 0]}
					}
				},
				"eye_left": {
					"position": {
						"0.0": [0, 0, 0],
						"0.0417": {"pre": [0, 0, 0], "post": [-0.1, 0, 0]},
						"0.25": {"pre": [-0.1, 0, 0], "post": [0, 0, 0]},
						"0.875": {"pre": [0, 0, 0], "post": [0, 0, 0]},
						"0.9167": {"pre": [0, 0, 0], "post": [-0.1, 0, 0]},
						"1.125": {"pre": [-0.1, 0, 0], "post": [0, 0, 0]},
						"1.75": {"pre": [0, 0, 0], "post": [0, 0, 0]},
						"1.7917": {"pre": [0, 0, 0], "post": [-0.1, 0, 0]}
					}
				},
				"eye_right": {
					"position": {
						"0.0": [0, 0, 0],
						"0.0417": {"pre": [0, 0, 0], "post": [0.1, 0, 0]},
						"0.25": {"pre": [0.1, 0, 0], "post": [0, 0, 0]},
						"0.875": {"pre": [0, 0, 0], "post": [0, 0, 0]},
						"0.9167": {"pre": [0, 0, 0], "post": [0.1, 0, 0]},
						"1.125": {"pre": [0.1, 0, 0], "post": [0, 0, 0]},
						"1.75": {"pre": [0, 0, 0], "post": [0, 0, 0]},
						"1.7917": {"pre": [0, 0, 0], "post": [0.1, 0, 0]}
					}
				},
				"eyelid_right": {
					"position": {
						"0.0": [0, 0, 0],
						"0.0417": {"pre": [0, 0, 0], "post": [-1, 0, 0]},
						"0.25": {"pre": [-1, 0, 0], "post": [0, 0, 0]},
						"0.875": {"pre": [0, 0, 0], "post": [0, 0, 0]},
						"0.9167": {"pre": [0, 0, 0], "post": [-1, 0, 0]},
						"1.125": {"pre": [-1, 0, 0], "post": [0, 0, 0]},
						"1.75": {"pre": [0, 0, 0], "post": [0, 0, 0]},
						"1.7917": {"pre": [0, 0, 0], "post": [-1, 0, 0]}
					}
				},
				"leg_back_left": {
					"rotation": {
						"0.0": [0, 0, 0],
						"0.1667": [2.5, -12.5, 0],
						"0.375": [7.87012, -19.12765, -13.47007],
						"0.625": [2.42, -19.13, -13.47],
						"0.8333": [0.87012, -19.12765, -13.47007],
						"1.0417": [2.87012, -19.12765, -13.47007],
						"1.1667": [2.87012, -19.12765, -13.47007],
						"1.4583": [21.19617, -8.43314, -18.40732],
						"1.6667": [41.98367, -1.80911, -18.23858],
						"2.0": [132.22944, 21.93458, -7.80219],
						"2.375": [76.50117, 27.64285, -4.58414]
					},
					"position": {
						"0.0": [0, 0, 0],
						"0.1667": [0, 0.4, 0],
						"0.375": [1.6, -0.3, 0.2],
						"0.8333": [1.6, -0.2, -0.3],
						"1.0417": [1.6, -0.3, 0],
						"1.1667": [1.6, -0.3, 0],
						"1.4583": [1.6, -0.6, 0],
						"1.6667": [1.36, -0.3, 0.5],
						"2.0": [0.4, 3.9, 0],
						"2.375": [0.4, -0.6, 0]
					}
				},
				"leg_back_right": {
					"rotation": {
						"0.0": [0, 0, 0],
						"0.25": [-10, 7.5, 0],
						"0.4583": [-3.87648, 13.18005, 7.57971],
						"0.625": [18.06112, 15.05261, 18.2035],
						"0.8333": [18.06112, 15.05261, 18.2035],
						"1.0417": [18.06112, 15.05261, 18.2035],
						"1.1667": [18.06112, 15.05261, 18.2035],
						"1.4583": [38.9378, 4.51631, 23.09216],
						"1.6667": [58.99263, 3.85414, 23.84352],
						"2.0": [109.71821, -22.82895, 1.82622],
						"2.375": [76.50117, -27.64285, 4.58414]
					},
					"position": {
						"0.0": [0, 0, 0],
						"0.25": [0, 0, -0.3],
						"0.4583": [0.51, 0.22, 0.25],
						"0.625": [0.9, -0.9, 0.4],
						"0.8333": [0.9, -0.9, 0.4],
						"1.0417": [0.9, -0.9, 0.4],
						"1.1667": [0.9, -0.9, 0.4],
						"1.4583": [0.9, -0.9, 0.8],
						"1.6667": [0.9, -0.4, 0.9],
						"2.0": [-0.4, 3.8, 0],
						"2.375": [-0.4, -0.6, 0]
					}
				},
				"leg_front_right": {
					"rotation": {
						"0.0": [0, 0, 0],
						"0.2083": [-6.02492, 26.26191, 8.5933],
						"0.4583": [2.4637, 28.89907, 8.27589],
						"0.6667": [-0.21244, 28.81612, 7.14468],
						"0.8333": [-0.21244, 28.81612, 7.14468],
						"1.125": [-53.66313, 28.74779, 8.2941],
						"1.25": [-7.67722, 27.64719, 9.66203],
						"1.2917": [9.61347, 25.78128, 14.69034],
						"1.375": [27.76134, 25.20254, 9.79113],
						"1.5": [-40.28392, 24.07079, 10.26903],
						"1.6667": [-80.28392, 24.07079, 10.26903],
						"1.75": [-60.14812, 24.76735, 8.18313],
						"1.9167": [-107.5, 27.5, 0],
						"2.0": [-82.5, 27.5, 0],
						"2.0833": [-87.5, 27.5, 0],
						"2.375": [-82.5, 27.5, 0]
					},
					"position": {
						"0.0": [0, 0, 0],
						"0.2083": [-0.7, 0, 0],
						"0.4583": [-0.7, -0.01, 0.95],
						"0.6667": [-0.7, 0, 0.82],
						"0.8333": [-0.7, 0, 0.82],
						"1.125": [-0.7, -1.1, 0.9],
						"1.2083": [-0.7, -1.9, 0.9],
						"1.25": [-0.7, -2.15, 0.9],
						"1.2917": [-0.7, -2.34, 0.9],
						"1.3333": [-0.7, -2.23, 0.9],
						"1.5": [-0.7, -0.7, 0.9],
						"1.6667": [-0.7, -0.7, 0.9],
						"1.9167": [0, -1.2, 0],
						"2.0": [0, -0.9, 0],
						"2.0833": [0, -1.2, 0],
						"2.375": [0, -1.6, 0]
					}
				},
				"leg_front_left": {
					"rotation": {
						"0.0": [0, 0, 0],
						"0.25": [-12, -5, -5],
						"0.4167": [-27.8016, -21.46552, -8.06739],
						"0.5833": [-25.3016, -21.46552, -8.06739],
						"0.75": [-10.41518, -21.33183, -9.13107],
						"0.9583": [-8.34765, -20.6026, -6.48324],
						"1.0417": [-12.3016, -21.46552, -8.06739],
						"1.1667": [-17.8016, -21.46552, -8.06739],
						"1.2083": [-3.14817, -18.89939, -7.12736],
						"1.2917": [16.16338, 7.75653, -3.97235],
						"1.375": [-12.74443, 3.55658, -6.13538],
						"1.4583": [-70.53315, -4.53893, -1.8668],
						"1.6667": [-72.14139, -8.34836, -7.85768],
						"1.75": [-100.21001, -10.72633, -1.4876],
						"1.9167": [-102.5, -35, 0],
						"2.0": [-80, -35, 0],
						"2.0833": [-87.5, -35, 0],
						"2.375": [-82.5, -35, 0]
					},
					"position": {
						"0.0": [0, 0, 0],
						"0.25": [-0.8, -0.3, 0],
						"0.4167": [-0.5, -0.2, 0],
						"0.5833": [-0.5, -0.2, 0],
						"0.75": [-0.6, -0.52, 0],
						"0.9583": [-0.6, -0.44, 0],
						"1.0417": [-0.6, -0.55, 0],
						"1.1667": [-0.8, -0.75, 0.2],
						"1.2917": [-0.3, -1.04, 0],
						"1.375": [-0.15, -0.67, 0],
						"1.4583": [-0.3, -0.3, 0],
						"1.6667": [0.1, -0.3, 0],
						"1.9167": [0, -1.2, 0],
						"2.0": [0, -0.9, 0],
						"2.0833": [0, -1.2, 0],
						"2.375": [0, -1.6, 0]
					}
				},
				"mouth": {
					"position": {
						"0.0": [0, 0, 0],
						"0.25": {"pre": [0, 0, 0], "post": [0, -1, 0]},
						"1.0417": {"pre": [0, -1, 0], "post": [0, 0, 0]}
					}
				}
			}
		},
		"animation.canjitsu.cry": {
			"animation_length": 0.8333,
			"bones": {
				"head": {
					"rotation": {
						"0.0": {
							"post": [0, 0, 0],
							"lerp_mode": "catmullrom"
						},
						"0.125": {
							"post": [6.25, 0, 0],
							"lerp_mode": "catmullrom"
						},
						"0.25": {
							"post": [-7.5, 0, 0],
							"lerp_mode": "catmullrom"
						},
						"0.375": {
							"post": [-25, 0, 0],
							"lerp_mode": "catmullrom"
						},
						"0.4583": {
							"post": [-17.7, 0, 0],
							"lerp_mode": "catmullrom"
						},
						"0.5833": {
							"post": [-21.36, 0, 0],
							"lerp_mode": "catmullrom"
						},
						"0.75": {
							"post": [-9.2, 0, 0],
							"lerp_mode": "catmullrom"
						},
						"0.8333": {
							"post": [0, 0, 0],
							"lerp_mode": "catmullrom"
						}
					}
				},
				"torso": {
					"rotation": {
						"0.0": {
							"post": [0, 0, 0],
							"lerp_mode": "catmullrom"
						},
						"0.125": {
							"post": [12.5, 0, 0],
							"lerp_mode": "catmullrom"
						},
						"0.25": {
							"post": [15, 0, 0],
							"lerp_mode": "catmullrom"
						},
						"0.375": {
							"post": [-12.5, 0, 0],
							"lerp_mode": "catmullrom"
						},
						"0.8333": {
							"post": [0, 0, 0],
							"lerp_mode": "catmullrom"
						}
					}
				},
				"neck": {
					"rotation": {
						"0.0": {
							"post": [0, 0, 0],
							"lerp_mode": "catmullrom"
						},
						"0.125": {
							"post": [3.75, 0, 0],
							"lerp_mode": "catmullrom"
						},
						"0.25": {
							"post": [-12.5, 0, 0],
							"lerp_mode": "catmullrom"
						},
						"0.375": {
							"post": [-2.5, 0, 0],
							"lerp_mode": "catmullrom"
						},
						"0.8333": {
							"post": [0, 0, 0],
							"lerp_mode": "catmullrom"
						}
					}
				},
				"mouth": {
					"position": {
						"0.0": [0, 0, 0],
						"0.125": {
							"pre": [0, 0, 0],
							"post": [0, -1, 0]
						},
						"0.7083": {
							"pre": [0, -1, 0],
							"post": [0, 0, 0]
						}
					}
				},
				"leg_front_right": {
					"rotation": {
						"0.0": {
							"post": [0, 0, 0],
							"lerp_mode": "catmullrom"
						},
						"0.125": {
							"post": [0, 0, 5],
							"lerp_mode": "catmullrom"
						},
						"0.375": {
							"post": [0, 0, 0],
							"lerp_mode": "catmullrom"
						},
						"0.8333": {
							"post": [0, 0, 0],
							"lerp_mode": "catmullrom"
						}
					},
					"position": {
						"0.0": {
							"post": [0, 0, 0],
							"lerp_mode": "catmullrom"
						},
						"0.125": {
							"post": [0, -0.5, 0],
							"lerp_mode": "catmullrom"
						},
						"0.375": {
							"post": [0, 0, 0],
							"lerp_mode": "catmullrom"
						},
						"0.8333": {
							"post": [0, 0, 0],
							"lerp_mode": "catmullrom"
						}
					}
				},
				"leg_front_left": {
					"rotation": {
						"0.0": {
							"post": [0, 0, 0],
							"lerp_mode": "catmullrom"
						},
						"0.125": {
							"post": [0, 0, -5],
							"lerp_mode": "catmullrom"
						},
						"0.375": {
							"post": [0, 0, 0],
							"lerp_mode": "catmullrom"
						},
						"0.8333": {
							"post": [0, 0, 0],
							"lerp_mode": "catmullrom"
						}
					},
					"position": {
						"0.0": {
							"post": [0, 0, 0],
							"lerp_mode": "catmullrom"
						},
						"0.125": {
							"post": [0, -0.5, 0],
							"lerp_mode": "catmullrom"
						},
						"0.375": {
							"post": [0, 0, 0],
							"lerp_mode": "catmullrom"
						},
						"0.8333": {
							"post": [0, 0, 0],
							"lerp_mode": "catmullrom"
						}
					}
				}
			},
			"sound_effects": {
				"0.125": {
					"effect": "pokemon.canjitsu.cry"
				}
			}
		}
	}
}