{
	"format_version": "1.12.0",
	"minecraft:geometry": [
		{
			"description": {
				"identifier": "geometry.snush",
				"texture_width": 64,
				"texture_height": 64,
				"visible_bounds_width": 2,
				"visible_bounds_height": 2.5,
				"visible_bounds_offset": [0, 0.75, 0]
			},
			"bones": [
				{
					"name": "snush",
					"pivot": [0, 0, 0]
				},
				{
					"name": "bone",
					"parent": "snush",
					"pivot": [0, 0, -2]
				},
				{
					"name": "bone4",
					"parent": "bone",
					"pivot": [0, 0, -6],
					"cubes": [
						{"origin": [-3, 0, -6], "size": [6, 4, 13], "uv": [0, 47]}
					]
				},
				{
					"name": "bone3",
					"parent": "bone",
					"pivot": [0, 4, -3],
					"cubes": [
						{"origin": [-3, 4, -6], "size": [6, 2, 5], "uv": [0, 16]}
					]
				},
				{
					"name": "head",
					"parent": "bone3",
					"pivot": [0, 6, -3.5],
					"cubes": [
						{"origin": [-3, 6, -6.5], "size": [6, 5, 6], "uv": [35, 2]}
					]
				},
				{
					"name": "eyes",
					"parent": "head",
					"pivot": [2, 11, -4],
					"cubes": [
						{"origin": [1, 11, -5], "size": [2, 5, 2], "uv": [7, 25]}
					]
				},
				{
					"name": "eyes2",
					"parent": "head",
					"pivot": [-2, 11, -4],
					"cubes": [
						{"origin": [-3, 11, -5], "size": [2, 5, 2], "uv": [7, 25], "mirror": true}
					]
				},
				{
					"name": "bone2",
					"parent": "bone",
					"pivot": [0, 0, -2],
					"cubes": [
						{"origin": [-4, 1, -1], "size": [8, 7, 6], "uv": [24, 18]}
					]
				}
			]
		}
	]
}