{
  "head": "head",
  "portraitScale": 1.79,
  "portraitTranslation": [ -1.61, 0.26, 0 ],
  "profileScale": 0.58,
  "profileTranslation": [ -0.05, 0.78, 0 ],
  "poses": {
    "standing": {
      "poseName": "standing",
      "transformTicks": 10,
      "poseTypes": ["STAND", "NONE", "PORTRAIT", "PROFILE"],
      "animations": [
        "bedrock(abyssringe, ground_idle)"]
    },
    "walking": {
      "poseName": "walking",
      "transformTicks": 10,
      "poseTypes": [ "WALK" ],
      "animations": [ "bedrock(abyssringe, ground_walk)" ]
    },
    "floating": {
      "poseName": "floating",
      "transformTicks": 10,
      "poseTypes": [ "FLOAT" ],
      "animations": [ "bedrock(abyssringe, water_idle)" ]
    },
    "swimming": {
      "poseName": "swimming",
      "transformTicks": 10,
      "poseTypes": [ "SWIM" ],
      "animations": [ "bedrock(abyssringe, water_swim)" ]
    }
  }
}