{
  "head": "head",
  "portraitScale": 2,
  "portraitTranslation": [ 0, 1.4, 0 ],
  "profileScale": 0.65,
  "profileTranslation": [ 0.06, 0.81, 0 ],
  "poses": {
    "standing": {
      "poseName": "standing",
      "transformTicks": 10,
      "poseTypes": [
        "STAND",
        "NONE",
        "PORTRAIT",
        "PROFILE"
      ],
      "animations": [
        "look",
        "bedrock(cariolus, ground_idle)"
      ]
    },
    "walking": {
      "poseName": "walking",
      "transformTicks": 10,
      "poseTypes": [ "WALK" ],
      "animations": [ "bedrock(cariolus, ground_walk)" ]
    }
  }
}