{
  "portraitScale": 1.7,
  "portraitTranslation": [-0.14,0.13,0],
  "profileScale": 0.75,
  "profileTranslation": [0,0.66,0],
  "poses": {
    "standing": {
      "poseTypes": [
        "STAND",
        "NONE",
        "PORTRAIT",
        "PROFILE"
      ],
      "isBattle": false,
      "animations": [
        "q.look('head')",
        "q.bedrock('flareily', 'ground_idle')"
      ]
    },
    "walking": {
      "poseTypes": [
        "WALK"
      ],
      "animations": [
        "q.look('head')",
        "q.bedrock('flareily', 'ground_walk')"
      ]
    }
  }
}