{
  "portraitScale": 2.13,
  "portraitTranslation": [-0.5,1.27,0],
  "profileScale": 0.63,
  "profileTranslation": [-0.12,0.88,0],
  "rootBone": "medutox",
  "animations": {
    "cry": "q.bedrock_stateful('medutox', 'cry')"
  },
  "poses": {
    "standing": {
      "poseTypes": [
        "STAND",
        "NONE",
        "PORTRAIT",
        "PROFILE"
      ],
      "isBattle": false,
      "animations": [
        "q.look('head')",
        "q.bedrock('medutox', 'ground_idle')"
      ],
      "quirks": [
        "q.bedrock_quirk('medutox', 'blink')"
      ]
    },
    "walking": {
      "poseTypes": [
        "WALK"
      ],
      "animations": [
        "q.look('head')",
        "q.bedrock('medutox', 'ground_walk')"
      ],
      "quirks": [
        "q.bedrock_quirk('medutox', 'blink')"
      ]
    },
    "float": {
      "poseTypes": [
        "FLOAT"
      ],
      "animations": [
        "q.look('head')",
        "q.bedrock('medutox', 'water_idle')"
      ],
      "quirks": [
        "q.bedrock_quirk('medutox', 'blink')"
      ]
    },
    "swim": {
      "poseTypes": [
        "SWIM"
      ],
      "animations": [
        "q.look('head')",
        "q.bedrock('medutox', 'water_swim')"
      ],
      "quirks": [
        "q.bedrock_quirk('medutox', 'blink')"
      ]
    }
  }
}