{
  "portraitScale": 1.19,
  "portraitTranslation": [0.21,-0.19,0],
  "profileScale": 0.56,
  "profileTranslation": [0.16,1.01,0],
  "rootBone": "shelteageist",
  "animations": {
    "faint": "q.bedrock_primary('shelteageist', 'faint_oldwip', q.curve('one'))",
    "physical": "q.bedrock_primary('shelteageist', 'physical', q.curve('symmetrical_wide'))"
  },
  "poses": {
    "standing": {
      "poseTypes": [
        "STAND",
        "NONE",
        "PORTRAIT",
        "PROFILE"
      ],
      "isBattle": false,
      "animations": [
        "q.look('head')",
        "q.bedrock('shelteageist', 'ground_idle')"
      ]
    },
    "walking": {
      "poseTypes": [
        "WALK"
      ],
      "animations": [
        "q.look('head')",
        "q.bedrock('shelteageist', 'ground_walk')"
      ]
    },
    "hover": {
      "poseTypes": [
        "HOVER"
      ],
      "animations": [
        "q.look('head')",
        "q.bedrock('shelteageist', 'ground_idle')"
      ]
    },
    "fly": {
      "poseTypes": [
        "FLY"
      ],
      "animations": [
        "q.look('head')",
        "q.bedrock('shelteageist', 'ground_walk')"
      ]
    },
    "sleep": {
      "poseTypes": [
        "SLEEP"
      ],
      "animations": [
        "q.bedrock('shelteageist', 'sleep')"
      ]
    }
  }
}