{
  "portraitScale": 1.26,
  "portraitTranslation": [-0.36,-0.03,0],
  "profileScale": 0.74,
  "profileTranslation": [-0.02,0.66,0],
  "rootBone": "snailistea",
  "animations": {
    "faint": "q.bedrock_primary('snailistea', 'faint', q.curve('one'))",
    "physical": "q.bedrock_primary('snailistea', 'physical', q.curve('symmetrical_wide'))"
  },
  "poses": {
    "standing": {
      "poseTypes": [
        "STAND",
        "NONE",
        "PORTRAIT",
        "PROFILE"
      ],
      "isBattle": false,
      "animations": [
        "q.look('head')",
        "q.bedrock('snailistea', 'ground_idle')"
      ]
    },
    "walking": {
      "poseTypes": [
        "WALK"
      ],
      "animations": [
        "q.look('head')",
        "q.bedrock('snailistea', 'ground_walk')"
      ]
    },
    "sleep": {
      "poseTypes": [
        "SLEEP"
      ],
      "animations": [
        "q.bedrock('snailistea', 'sleep')"
      ]
    }
  }
}