{
	"format_version": "1.8.0",
	"animations": {
		"animation.dragapult.ground_idle": {
			"loop": true,
			"bones": {
				"arm_left": {
					"rotation": [35.00057, 41.99821, 46.3017]
				},
				"arm_left2": {
					"rotation": [0, 0, -77.5]
				},
				"hand_left": {
					"rotation": [0, 0, 110]
				},
				"arm_right": {
					"rotation": [35.00057, -41.99821, -46.3017]
				},
				"arm_right2": {
					"rotation": [0, 0, 77.5]
				},
				"hand_right": {
					"rotation": [0, 0, -110]
				},
				"tail": {
					"rotation": [-6.56867, 5.05611, "25.4346+math.sin(q.anim_time*60*2-45)*4"]
				},
				"tail2": {
					"rotation": [-5.82719, 13.77231, "52.2805+math.sin(q.anim_time*60*2-135)*4"]
				},
				"tail3": {
					"rotation": [-3.61644, 19.6835, "48.4655+math.sin(q.anim_time*60*2-185)*8"]
				},
				"tail4": {
					"rotation": [-17.49524, 9.84655, "38.315+math.sin(q.anim_time*60*2-260)*18"]
				},
				"tail5": {
					"rotation": ["-21.7551+math.sin(q.anim_time*90*3*2-90)*1-1*6", 5.13294, "24.1658+math.sin(q.anim_time*60*2-270)*2"],
					"scale": [1, "2-math.sin(q.anim_time*90*5*2-90)*0.02-1", "1.9-math.sin(q.anim_time*90*6*2)*0.02-1"]
				},
				"leg_left": {
					"rotation": [20, -10, -5]
				},
				"leg_left2": {
					"rotation": [30, 0, 0]
				},
				"foot_left": {
					"rotation": [-20, 0, 0]
				},
				"leg_right": {
					"rotation": [20, 10, 5]
				},
				"leg_right2": {
					"rotation": [30, 0, 0]
				},
				"foot_right": {
					"rotation": [-20, 0, 0]
				},
				"jaw": {
					"rotation": [0, 0, 0]
				},
				"tail6": {
					"rotation": ["22.0174+math.sin(q.anim_time*90*3*2-90)*1-1*6", -11.04708, "28.0146+math.sin(q.anim_time*60*2-340)*8"]
				},
				"body": {
					"position": [0, "math.sin(q.anim_time*90*3-30)+13", 0]
				},
				"torso": {
					"rotation": ["5+math.sin(q.anim_time*90*2-0)*-1.5", 0, "0+math.sin(q.anim_time*90*1-90)*-1"]
				},
				"torso2": {
					"rotation": ["5+math.sin(q.anim_time*90*2-0)*-1.5", 0, "0+math.sin(q.anim_time*90*1-90)*-1"]
				}
			}
		},
		"animation.dragapult.ground_walk": {
			"loop": true,
			"bones": {
				"body": {
					"rotation": [90, 0, 0],
					"position": [0, "math.sin(q.anim_time*90*3-30)+5", 0]
				},
				"torso": {
					"rotation": ["math.sin(q.anim_time*90*2-0)*-1.5", 0, "0+math.sin(q.anim_time*90*1-90)*-1"]
				},
				"torso2": {
					"rotation": ["math.sin(q.anim_time*90*2-0)*-1.5", 0, "math.sin(q.anim_time*90*1-90)*-1"]
				},
				"head": {
					"rotation": [-57.5, 0, 0]
				},
				"arm_left": {
					"rotation": [0, 0, 50]
				},
				"arm_right": {
					"rotation": [0, 0, -50]
				},
				"tail": {
					"rotation": [0, 0, "math.sin(q.anim_time*60*2-60)*4"]
				},
				"tail2": {
					"rotation": [0, 0, "math.sin(q.anim_time*60*2-95)*6"]
				},
				"tail3": {
					"rotation": [0, 0, "math.sin(q.anim_time*60*2-135)*8"]
				},
				"tail4": {
					"rotation": [0, 0, "math.sin(q.anim_time*60*2-165)*9"]
				},
				"leg_left": {
					"rotation": [95, 0, 0]
				},
				"leg_right": {
					"rotation": [95, 0, 0]
				}
			}
		},
		"animation.dragapult.blink": {
			"animation_length": 0.1667,
			"bones": {
				"eyelid_right": {
					"position": {
						"0.0": [0, 0, -0.1],
						"0.125": [0, 0, -0.1],
						"0.1667": [0, 0, 0]
					}
				},
				"eyelid_left": {
					"position": {
						"0.0": [0, 0, -0.1],
						"0.125": [0, 0, -0.1],
						"0.1667": [0, 0, 0]
					}
				}
			}
		},
		"animation.dragapult.blink2": {
			"animation_length": 0.1667,
			"bones": {
				"eyelid_left3": {
					"position": {
						"0.0": [0, 0, -0.1],
						"0.125": [0, 0, -0.1],
						"0.1667": [0, 0, 0]
					}
				},
				"eyelid_right3": {
					"position": {
						"0.0": [0, 0, -0.1],
						"0.125": [0, 0, -0.1],
						"0.1667": [0, 0, 0]
					}
				}
			}
		},
		"animation.dragapult.blink3": {
			"animation_length": 0.1667,
			"bones": {
				"eyelid_left2": {
					"position": {
						"0.0": [0, 0, -0.1],
						"0.125": [0, 0, -0.1],
						"0.1667": [0, 0, 0]
					}
				},
				"eyelid_right2": {
					"position": {
						"0.0": [0, 0, -0.1],
						"0.125": [0, 0, -0.1],
						"0.1667": [0, 0, 0]
					}
				}
			}
		},
		"animation.dragapult.cry": {
			"animation_length": 1.5,
			"bones": {
				"neck": {
					"rotation": {
						"0.0": [0, 0, 0],
						"0.25": [10, 0, 0],
						"1.25": [10, 0, 0],
						"1.5": [0, 0, 0]
					}
				},
				"head": {
					"rotation": {
						"0.0": [0, 0, 0],
						"0.06": {
							"pre": [2.6, 0, 0],
							"post": [2.6, 0, 0],
							"lerp_mode": "catmullrom"
						},
						"0.25": [-10, 0, 0],
						"1.25": {
							"pre": [-10, 0, 0],
							"post": [-10, 0, 0],
							"lerp_mode": "catmullrom"
						},
						"1.5": [0, 0, 0]
					}
				},
				"jaw": {
					"rotation": {
						"0.0": [0, 0, 0],
						"0.25": [12.5, 0, 0],
						"1.25": [12.5, 0, 0],
						"1.5": [0, 0, 0]
					}
				}
			},
			"sound_effects": {
				"0.04": {
					"effect": "pokemon.dragapult.cry"
				}
			}
		},
		"animation.dragapult.recoil": {
			"animation_length": 1.2917,
			"bones": {
				"neck": {
					"rotation": {
						"0.0": [0, 0, 0],
						"0.0417": [0, 0, 0]
					}
				},
				"head": {
					"rotation": {
						"0.0": [0, 0, 0],
						"0.0417": {
							"pre": [27.5, 0, 0],
							"post": [27.5, 0, 0],
							"lerp_mode": "catmullrom"
						},
						"0.375": {
							"post": [-10.5, 0, 0],
							"lerp_mode": "catmullrom"
						},
						"0.875": [0, 0, 0]
					}
				},
				"jaw": {
					"rotation": {
						"0.0": [0, 0, 0],
						"0.125": {
							"pre": [17.5, 0, 0],
							"post": [17.5, 0, 0],
							"lerp_mode": "catmullrom"
						},
						"0.4583": {
							"post": [17.5, 0, 0],
							"lerp_mode": "catmullrom"
						},
						"0.8333": [0, 0, 0]
					}
				}
			}
		},
		"animation.dragapult.physical": {
			"animation_length": 2.375,
			"bones": {
				"leg_left": {
					"rotation": {
						"0.0": [0, 0, 0],
						"1.3333": [0, 0, 0],
						"1.375": {
							"pre": [0, -10, -5],
							"post": [0, -10, -5],
							"lerp_mode": "catmullrom"
						},
						"1.5": {
							"post": [0, -10, -5],
							"lerp_mode": "catmullrom"
						},
						"1.875": [0, 0, 0]
					}
				},
				"leg_right": {
					"rotation": {
						"0.0": [0, 0, 0],
						"1.3333": [0, 0, 0],
						"1.375": {
							"pre": [0, 10, 5],
							"post": [0, 10, 5],
							"lerp_mode": "catmullrom"
						},
						"1.5": {
							"post": [0, 10, 5],
							"lerp_mode": "catmullrom"
						},
						"1.875": [0, 0, 0]
					}
				},
				"torso": {
					"rotation": {
						"0.0": [0, 0, 0],
						"1.3333": [5, 0, 0],
						"1.375": {
							"pre": [-10, 0, 0],
							"post": [-10, 0, 0],
							"lerp_mode": "catmullrom"
						},
						"1.5": {
							"post": [-10, 0, 0],
							"lerp_mode": "catmullrom"
						},
						"1.7917": [0, 0, 0]
					}
				},
				"neck": {
					"rotation": {
						"0.0": [0, 0, 0],
						"1.3333": [12.5, 0, 0],
						"1.375": {
							"pre": [2.5, 0, 0],
							"post": [2.5, 0, 0],
							"lerp_mode": "catmullrom"
						},
						"1.5833": [0, 0, 0]
					}
				},
				"head": {
					"rotation": {
						"0.0": [0, 0, 0],
						"1.3333": [-20, 0, 0],
						"1.375": [0, 0, 0]
					},
					"position": {
						"0.0": [0, 0, 0],
						"1.3333": [0, 0, 0],
						"1.375": {
							"pre": [0, 0, 6],
							"post": [0, 0, 6],
							"lerp_mode": "catmullrom"
						},
						"1.5833": [0, 0, 0]
					}
				},
				"dreepy2": {
					"position": {
						"1.3333": [0, 0, 0],
						"1.375": [17, 0, -55],
						"1.5417": [18, -4, -85],
						"1.5833": [10, -5, -85],
						"1.6667": {
							"pre": [10, -5, -85],
							"post": [0, 0, 0]
						},
						"1.7917": {
							"pre": [0, 0, 0],
							"post": [0, 1, 3]
						},
						"1.9583": [0, 0, 0]
					},
					"scale": {
						"1.3333": [1, 1, 1],
						"1.375": [0.7, 0.7, 0.7],
						"1.5": [0, 0, 0],
						"1.5833": [0, 0, 0],
						"1.6667": {
							"pre": [0, 0, 0],
							"post": [0, 0, 0],
							"lerp_mode": "catmullrom"
						},
						"1.9583": {
							"post": [1, 1, 1],
							"lerp_mode": "catmullrom"
						}
					}
				},
				"dreepy3": {
					"position": {
						"1.3333": [0, 0, 0],
						"1.375": [-17, 0, -55],
						"1.5417": [-18, -4, -85],
						"1.5833": [-10, -5, -85],
						"1.6667": {
							"pre": [-10, -5, -85],
							"post": [0, 0, 0]
						},
						"1.7917": {
							"pre": [0, 0, 0],
							"post": [0, 1, 3]
						},
						"1.9583": [0, 0, 0]
					},
					"scale": {
						"1.3333": [1, 1, 1],
						"1.375": [0.7, 0.7, 0.7],
						"1.5": [0, 0, 0],
						"1.5833": [0, 0, 0],
						"1.6667": {
							"pre": [0, 0, 0],
							"post": [0, 0, 0],
							"lerp_mode": "catmullrom"
						},
						"1.9583": {
							"post": [1, 1, 1],
							"lerp_mode": "catmullrom"
						}
					}
				}
			}
		},
		"animation.dragapult.sleep": {
			"loop": true,
			"animation_length": 5.4167,
			"bones": {
				"arm_left": {
					"rotation": [35.00057, 41.99821, 46.3017]
				},
				"arm_left2": {
					"rotation": [0, 0, -77.5]
				},
				"hand_left": {
					"rotation": [0, 0, 110]
				},
				"arm_right": {
					"rotation": [35.00057, -41.99821, -46.3017]
				},
				"arm_right2": {
					"rotation": [0, 0, 77.5]
				},
				"hand_right": {
					"rotation": [0, 0, -110]
				},
				"tail": {
					"rotation": [-6.56867, 5.05611, "25.4346+math.sin(q.anim_time*60*2-45)*4"]
				},
				"tail2": {
					"rotation": [-5.82719, 13.77231, "52.2805+math.sin(q.anim_time*60*2-135)*6"]
				},
				"tail3": {
					"rotation": [-3.61644, 19.6835, "48.4655+math.sin(q.anim_time*60*2-235)*8"]
				},
				"tail4": {
					"rotation": [-17.49524, 9.84655, "38.315+math.sin(q.anim_time*60*2-265)*9"]
				},
				"tail5": {
					"rotation": ["-21.2676+math.sin(q.anim_time*90*3*2-90)*1-1*6", 7.5208, "28.586+math.sin(q.anim_time*90*5-150)*2-1)+6*(math.sin(q.anim_time*90*5/2-90)*10"],
					"scale": [1, "2-math.sin(q.anim_time*90*5*2-90)*0.02-1", "1.9-math.sin(q.anim_time*90*6*2)*0.02-1"]
				},
				"leg_left": {
					"rotation": [20, -10, -5]
				},
				"leg_left2": {
					"rotation": [30, 0, 0]
				},
				"foot_left": {
					"rotation": [-20, 0, 0]
				},
				"leg_right": {
					"rotation": [20, 10, 5]
				},
				"leg_right2": {
					"rotation": [30, 0, 0]
				},
				"foot_right": {
					"rotation": [-20, 0, 0]
				},
				"jaw": {
					"rotation": [0, 0, 0]
				},
				"tail6": {
					"rotation": [25, 0, 0]
				},
				"body": {
					"position": [0, "math.sin(q.anim_time*90*3-30)+11", 0]
				},
				"torso": {
					"rotation": ["5+math.sin(q.anim_time*90*2-0)*-1.5", 0, "0+math.sin(q.anim_time*90*1-90)*-1"]
				},
				"torso2": {
					"rotation": ["5+math.sin(q.anim_time*90*2-0)*-1.5", 0, "0+math.sin(q.anim_time*90*1-90)*-1"]
				},
				"eyelid_right": {
					"position": [0, 0, -0.1]
				},
				"eyelid_left": {
					"position": [0, 0, -0.1]
				}
			}
		},
		"animation.dragapult.air_idle": {
			"loop": true,
			"bones": {
				"body": {
					"rotation": [90, 0, 0],
					"position": [0, "math.sin(q.anim_time*90*3-30)+5", 0]
				},
				"torso": {
					"rotation": ["math.sin(q.anim_time*90*2-0)*-1.5", 0, "0+math.sin(q.anim_time*90*1-90)*-1"]
				},
				"torso2": {
					"rotation": ["math.sin(q.anim_time*90*2-0)*-1.5", 0, "math.sin(q.anim_time*90*1-90)*-1"]
				},
				"head": {
					"rotation": [-57.5, 0, 0]
				},
				"arm_left": {
					"rotation": [51.1615, 56.8209, 67.30818]
				},
				"arm_right": {
					"rotation": [51.1615, -56.8209, -67.3082]
				},
				"tail": {
					"rotation": [0, 0, "math.sin(q.anim_time*60*2-40)*6"]
				},
				"tail2": {
					"rotation": [0, 0, "math.sin(q.anim_time*60*2-115)*8"]
				},
				"tail3": {
					"rotation": [0, 0, "math.sin(q.anim_time*60*2-165)*16"]
				},
				"tail4": {
					"rotation": [0, 0, "math.sin(q.anim_time*60*2-200)*22"]
				},
				"leg_left": {
					"rotation": [45, 0, 0]
				},
				"leg_right": {
					"rotation": [45, 0, 0]
				},
				"arm_left2": {
					"rotation": [0, 0, -57.5],
					"position": [-0.3, -0.4, 0]
				},
				"hand_left": {
					"rotation": [0, 0, 60]
				},
				"arm_right2": {
					"rotation": [0, 0, 57.5],
					"position": [0.3, -0.8, 0]
				},
				"hand_right": {
					"rotation": [0, 0, -60]
				},
				"tail5": {
					"rotation": [0, 0, "math.sin(q.anim_time*60*2-265)*36"]
				},
				"tail6": {
					"rotation": [0, 0, "math.sin(q.anim_time*60*2-320)*52"]
				},
				"leg_left2": {
					"rotation": [20, 0, 0]
				},
				"foot_left": {
					"rotation": [55, 0, 0],
					"position": [0, 0.5, 1]
				},
				"leg_right2": {
					"rotation": [20, 0, 0]
				},
				"foot_right": {
					"rotation": [55, 0, 0],
					"position": [0, 0.5, 1]
				}
			}
		},
		"animation.dragapult.faint": {
			"loop": true,
			"animation_length": 4.5,
			"bones": {
				"arm_left": {
					"rotation": [35.00057, 41.99821, 46.3017]
				},
				"arm_left2": {
					"rotation": [0, 0, -77.5]
				},
				"hand_left": {
					"rotation": [0, 0, 110]
				},
				"arm_right": {
					"rotation": [35.00057, -41.99821, -46.3017]
				},
				"arm_right2": {
					"rotation": [0, 0, 77.5]
				},
				"hand_right": {
					"rotation": [0, 0, -110]
				},
				"tail": {
					"rotation": [-6.56867, 5.05611, "25.4346+math.sin(q.anim_time*60*2-45)*4"]
				},
				"tail2": {
					"rotation": [-5.82719, 13.77231, "52.2805+math.sin(q.anim_time*60*2-135)*6"]
				},
				"tail3": {
					"rotation": [-3.61644, 19.6835, "48.4655+math.sin(q.anim_time*60*2-235)*8"]
				},
				"tail4": {
					"rotation": [-17.49524, 9.84655, "38.315+math.sin(q.anim_time*60*2-265)*9"]
				},
				"tail5": {
					"rotation": ["-21.2676+math.sin(q.anim_time*90*3*2-90)*1-1*6", 7.5208, "28.586+math.sin(q.anim_time*90*5-150)*2-1)+6*(math.sin(q.anim_time*90*5/2-90)*10"],
					"scale": [1, "2-math.sin(q.anim_time*90*5*2-90)*0.02-1", "1.9-math.sin(q.anim_time*90*6*2)*0.02-1"]
				},
				"leg_left": {
					"rotation": [20, -10, -5]
				},
				"leg_left2": {
					"rotation": [30, 0, 0]
				},
				"foot_left": {
					"rotation": [-20, 0, 0]
				},
				"leg_right": {
					"rotation": [20, 10, 5]
				},
				"leg_right2": {
					"rotation": [30, 0, 0]
				},
				"foot_right": {
					"rotation": [-20, 0, 0]
				},
				"jaw": {
					"rotation": {
						"0.0": [0, 0, 0],
						"0.2917": {
							"pre": [12.5, 0, 0],
							"post": [12.5, 0, 0],
							"lerp_mode": "catmullrom"
						},
						"1.0833": {
							"post": [12.5, 0, 0],
							"lerp_mode": "catmullrom"
						},
						"2.0": [0, 0, 0]
					}
				},
				"tail6": {
					"rotation": [25, 0, 0]
				},
				"body": {
					"rotation": {
						"0.0": ["5+math.sin(q.anim_time*90*2-0)*-1.5", 0, "0+math.sin(q.anim_time*90*1-90)*-1"],
						"0.2917": {
							"pre": ["5+math.sin(q.anim_time*90*2-0)*-1.5", 0, "0+math.sin(q.anim_time*90*1-90)*-1"],
							"post": ["5+math.sin(q.anim_time*90*2-0)*-1.5", 0, "0+math.sin(q.anim_time*90*1-90)*-1"],
							"lerp_mode": "catmullrom"
						},
						"1.9583": {
							"post": [-48.5, 0, 0],
							"lerp_mode": "catmullrom"
						}
					},
					"position": {
						"0.0": [0, "math.sin(q.anim_time*90*3-30)+13", 0],
						"0.2917": [0, "math.sin(q.anim_time*90*3-30)+13", 0],
						"0.4583": [0, 14, 0.85],
						"1.5833": {
							"pre": [0, "math.sin(q.anim_time*90*3-30)+13", 9],
							"post": [0, "math.sin(q.anim_time*90*3-30)+13", 9],
							"lerp_mode": "catmullrom"
						}
					}
				},
				"torso2": {
					"rotation": {
						"0.0": ["5+math.sin(q.anim_time*90*2-0)*-1.5", 0, "0+math.sin(q.anim_time*90*1-90)*-1"],
						"0.2917": {
							"pre": [15, 0, 0],
							"post": [15, 0, 0],
							"lerp_mode": "catmullrom"
						},
						"1.25": {
							"post": [-7.5, 0, 0],
							"lerp_mode": "catmullrom"
						},
						"1.8333": ["5+math.sin(q.anim_time*90*2-0)*-1.5", 0, "0+math.sin(q.anim_time*90*1-90)*-1"]
					}
				},
				"head": {
					"rotation": {
						"0.0": [0, 0, 0],
						"0.0417": [17.5, 0, 0],
						"0.25": {
							"pre": [-25, 0, 0],
							"post": [-25, 0, 0],
							"lerp_mode": "catmullrom"
						},
						"0.5833": {
							"post": [5, 0, 0],
							"lerp_mode": "catmullrom"
						},
						"1.25": {
							"post": [-20, 0, 0],
							"lerp_mode": "catmullrom"
						},
						"1.7083": [0, 0, 0]
					}
				},
				"eyelid_right": {
					"position": {
						"0.0": [0, 0, 0],
						"0.0417": [0, 0, -0.1]
					}
				},
				"eyelid_left": {
					"position": {
						"0.0": [0, 0, 0],
						"0.0417": [0, 0, -0.1]
					}
				}
			}
		}
	}
}