{
  "implemented": true,
  "name": "icelion_pup",
  "nationalPokedexNumber": 5007,
  "primaryType": "ice",
  "abilities": [
    "refrigerate",
    "h:snowwarning"
  ],
  "baseStats": {
    "hp": 35,
    "attack": 60,
    "defence": 79,
    "special_attack": 59,
    "special_defence": 64,
    "speed": 20
  },
  "behaviour": {
    "moving": {
      "walk": {
        "walkSpeed": 0.4
      },
	      "swim": {
        "canSwimInWater": false,
        "canBreatheUnderwater": false
      }

    },
    "resting": {
      "canSleep": true,
      "willSleepOnBed": true,
      "depth": "normal",
      "light": "0-4"
    }
  },
  "catchRate": 45,
  "maleRatio": 0.875,
  "shoulderMountable": false,
  "baseExperienceYield": 62,
  "experienceGroup": "medium_slow",
  "eggCycles": 20,
  "eggGroups": [
    "monster"
  ],
  "drops": {
    "amount": 2,
    "entries": [
      {
        "item": "cobblemon:charti_berry",
        "quantityRange": "0-1"
      }
    ]
  },
  "moves": [
    "1:scratch",
    "1:leer",
    "4:honeclaws",
    "6:powdersnow",
    "9:cut",
    "13:curse",
    "16:agility",
    "17:dig",
    "19:aurorabeam",
    "20:icefang",
    "24:auroraveil",
    "28:hyperbeam",
    "28:knockoff",
    "32:hail",
    "36:icepunch",
    "40:rest",
    "egg:aircutter",
    "egg:ancientpower",
    "egg:beatup",
    "egg:bellydrum",
    "egg:bite",
    "egg:counter",
    "egg:crunch",
    "egg:dragondance",
    "egg:dragonpulse",
    "egg:dragonrush",
    "egg:dragontail",
    "egg:flareblitz",
    "egg:focuspunch",
    "egg:irontail",
    "egg:metalclaw",
    "egg:outrage",
    "egg:rockslide",
    "egg:swordsdance",
    "egg:wingattack",
    "tm:acrobatics",
    "tm:aerialace",
    "tm:attract",
    "tm:beatup",
    "tm:bodyslam",
    "tm:breakingswipe",
    "tm:brickbreak",
    "tm:captivate",
    "tm:confide",
    "tm:crunch",
    "tm:cut",
    "tm:dig",
    "tm:doubleteam",
    "tm:dragonclaw",
    "tm:dragondance",
    "tm:dragonpulse",
    "tm:dragontail",
    "tm:echoedvoice",
    "tm:endure",
    "tm:facade",
    "tm:falseswipe",
    "tm:fireblast",
    "tm:firefang",
    "tm:firepledge",
    "tm:firepunch",
    "tm:firespin",
    "tm:flamecharge",
    "tm:flamethrower",
    "tm:flareblitz",
    "tm:fling",
    "tm:focusblast",
    "tm:focuspunch",
    "tm:frustration",
    "tm:heatwave",
    "tm:helpinghand",
    "tm:hiddenpower",
    "tm:honeclaws",
    "tm:incinerate",
    "tm:irontail",
    "tm:megakick",
    "tm:megapunch",
    "tm:metalclaw",
    "tm:naturalgift",
    "tm:outrage",
    "tm:overheat",
    "tm:poweruppunch",
    "tm:protect",
    "tm:rest",
    "tm:return",
    "tm:roar",
    "tm:rockslide",
    "tm:rocksmash",
    "tm:rocktomb",
    "tm:round",
    "tm:scaryface",
    "tm:secretpower",
    "tm:shadowclaw",
    "tm:sleeptalk",
    "tm:snore",
    "tm:strength",
    "tm:substitute",
    "tm:sunnyday",
    "tm:swagger",
    "tm:swift",
    "tm:swordsdance",
    "tm:takedown",
    "tm:temperflare",
    "tm:terablast",
    "tm:thunderpunch",
    "tm:toxic",
    "tm:weatherball",
    "tm:willowisp",
    "tm:workup",
    "tutor:acrobatics",
    "tutor:ancientpower",
    "tutor:attract",
    "tutor:beatup",
    "tutor:bellydrum",
    "tutor:bide",
    "tutor:bite",
    "tutor:blastburn",
    "tutor:block",
    "tutor:bodyslam",
    "tutor:brickbreak",
    "tutor:celebrate",
    "tutor:counter",
    "tutor:curse",
    "tutor:cut",
    "tutor:defensecurl",
    "tutor:dig",
    "tutor:doubleedge",
    "tutor:doubleteam",
    "tutor:dragonbreath",
    "tutor:dragonpulse",
    "tutor:dragonrage",
    "tutor:dynamicpunch",
    "tutor:ember",
    "tutor:endure",
    "tutor:facade",
    "tutor:falseswipe",
    "tutor:fireblast",
    "tutor:firepledge",
    "tutor:firepunch",
    "tutor:firespin",
    "tutor:flamethrower",
    "tutor:focuspunch",
    "tutor:frustration",
    "tutor:furycutter",
    "tutor:furyswipes",
    "tutor:growl",
    "tutor:headbutt",
    "tutor:heatwave",
    "tutor:hiddenpower",
    "tutor:howl",
    "tutor:irontail",
    "tutor:leer",
    "tutor:megakick",
    "tutor:megapunch",
    "tutor:mimic",
    "tutor:mudslap",
    "tutor:outrage",
    "tutor:protect",
    "tutor:quickattack",
    "tutor:rage",
    "tutor:reflect",
    "tutor:rest",
    "tutor:return",
    "tutor:rockslide",
    "tutor:rocksmash",
    "tutor:scaryface",
    "tutor:scratch",
    "tutor:seismictoss",
    "tutor:skullbash",
    "tutor:slash",
    "tutor:sleeptalk",
    "tutor:smokescreen",
    "tutor:snore",
    "tutor:strength",
    "tutor:submission",
    "tutor:substitute",
    "tutor:sunnyday",
    "tutor:swagger",
    "tutor:swift",
    "tutor:swordsdance",
    "tutor:takedown",
    "tutor:thunderpunch",
    "tutor:toxic",
    "tutor:willowisp"
  ],
  "labels": [
    "gen1"
  ],
  "pokedex": [
    "cobblemon.species.icelion_pup.desc"
  ],
  "evolutions": [
    {
      "id": "icelion_pup_icelion_colt",
      "variant": "level_up",
      "result": "icelion_colt",
      "consumeHeldItem": false,
      "learnableMoves": ["slash"],
      "requirements": [
        {
          "variant": "level",
          "minLevel": 16
        }
      ]
    }
  ],
  "baseScale": 0.5,
  "hitbox": {
    "width": 0.7,
    "height": 1.1,
    "fixed": false
  },
  "baseFriendship": 50,
  "evYield": {
    "hp": 0,
    "attack": 0,
    "defence": 1,
    "special_attack": 0,
    "special_defence": 0,
    "speed": 0
  },
  "height": 6,
  "weight": 85,
  "aspects": [],
  "cannotDynamax": false
}
