{
  "implemented": true,
  "name": "stingwing_pup",
  "nationalPokedexNumber": 5001,
  "primaryType": "bug",
  "secondaryType": "electric",
  "abilities": [
    "swarm",
    "static",
    "h:cutecharm"
  ],
  "baseStats": {
    "hp": 30,
    "attack": 47,
    "defence": 40,
    "special_attack": 47,
    "special_defence": 35,
    "speed": 45
  },
  "behaviour": {
    "moving": {
      "walk": {
        "walkSpeed": 0.2
      },

      "fly": {
        "canFly": true,
        "flySpeedHorizontal": 0.6
    }
  },
    "resting": {
      "canSleep": true,
      "willSleepOnBed": false,
      "depth": "normal",
      "light": "0-4"
    }
  },
  "catchRate": 120,
  "maleRatio": 0,
  "shoulderMountable": true,
  "baseExperienceYield": 62,
  "experienceGroup": "medium_fast",
  "eggCycles": 20,
  "eggGroups": [
    "bug"
  ],
  "moves": [
    "1:scratch",
    "1:stringshot",
    "5:bugbite",
    "11:thundershock",
    "15:charm",
    "21:firefang",
    "30:stickyweb",
    "34:chargebeam"
  ],
  "labels": [
    "gen1"
  ],
  "pokedex": [
    "cobblemon.species.stingwing_pup.desc"
  ],
  "evolutions": [
    {
      "id": "stingwing_pup_stingwing_colt",
      "variant": "level_up",
      "result": "stingwing_colt",
      "consumeHeldItem": false,
      "learnableMoves": ["fellstinger"],
      "requirements": [
        {
          "variant": "level",
          "minLevel": 14
        }
      ]
    }
  ],
  "baseScale": 0.4,
  "hitbox": {
    "width": 1,
    "height": 1.3,
    "fixed": false
  },
  "baseFriendship": 50,
  "evYield": {
    "hp": 0,
    "attack": 0,
    "defence": 0,
    "special_attack": 1,
    "special_defence": 0,
    "speed": 0
  },
  "height": 6,
  "weight": 85,
  "aspects": [],
  "cannotDynamax": false
}
