{
  "implemented": true,
  "name": "stingwing_colt",
  "nationalPokedexNumber": 5001,
  "primaryType": "bug",
  "secondaryType": "electric",
  "abilities": [
    "swarm",
    "static",
    "h:cutecharm"
  ],
  "baseStats": {
    "hp": 40,
    "attack": 65,
    "defence": 45,
    "special_attack": 73,
    "special_defence": 45,
    "speed": 68
  },
  "behaviour": {
    "moving": {
      "walk": {
        "walkSpeed": 0.25
      },

      "fly": {
        "canFly": true,
        "flySpeedHorizontal": 0.6
    }
  },
    "resting": {
      "canSleep": true,
      "willSleepOnBed": false,
      "depth": "normal",
      "light": "0-4"
    }
  },
  "catchRate": 60,
  "maleRatio": 0,
  "shoulderMountable": false,
  "baseExperienceYield": 62,
  "experienceGroup": "medium_fast",
  "eggCycles": 20,
  "eggGroups": [
    "bug"
  ],
  "moves": [
    "1:scratch",
    "1:stringshot",
    "1:bugbite",
    "1:thundershock",
    "1:charm",
    "21:firefang",
    "30:stickyweb",
    "34:chargebeam",
    "42:voltswitch",
    "52:bugbuzz",
    "57:thunderwave"
  ],
  "labels": [
    "gen1"
  ],
  "pokedex": [
    "cobblemon.species.stingwing_colt.desc"
  ],
  "evolutions": [
    {
      "id": "stingwing_colt_stingwing_max",
      "variant": "level_up",
      "result": "stingwing_max",
      "consumeHeldItem": false,
      "learnableMoves": ["thunderbolt"],
      "requirements": [
        {
          "variant": "level",
          "minLevel": 25
        }
      ]
    }
  ],
  "baseScale": 0.4,
  "hitbox": {
    "width": 1.5,
    "height": 2,
    "fixed": false
  },
  "baseFriendship": 50,
  "evYield": {
    "hp": 0,
    "attack": 0,
    "defence": 0,
    "special_attack": 2,
    "special_defence": 0,
    "speed": 0
  },
  "height": 6,
  "weight": 85,
  "aspects": [],
  "cannotDynamax": false
}
