{
  "implemented": true,
  "name": "stingwing_max",
  "nationalPokedexNumber": 5001,
  "primaryType": "bug",
  "secondaryType": "electric",
  "abilities": [
    "swarm",
    "static",
    "h:cutecharm"
  ],
  "baseStats": {
    "hp": 65,
    "attack": 77,
    "defence": 72,
    "special_attack": 98,
    "special_defence": 72,
    "speed": 102
  },
  "behaviour": {
    "moving": {
      "walk": {
        "walkSpeed": 0.3
      },

      "fly": {
        "canFly": true,
        "flySpeedHorizontal": 0.6
    }
  },
    "resting": {
      "canSleep": true,
      "willSleepOnBed": false,
      "depth": "normal",
      "light": "0-4"
    }
  },
  "catchRate": 30,
  "maleRatio": 0,
  "shoulderMountable": false,
  "baseExperienceYield": 120,
  "experienceGroup": "medium_fast",
  "eggCycles": 20,
  "eggGroups": [
    "bug"
  ],
  "moves": [
    "1:scratch",
    "1:stringshot",
    "1:bugbite",
    "1:thundershock",
    "1:charm",
    "21:firefang",
    "30:stickyweb",
    "34:chargebeam",
    "42:voltswitch",
    "47:bugbuzz",
    "52:thunderwave",
    "57:flamethrower"
  ],
  "labels": [
    "gen1"
  ],
  "pokedex": [
    "cobblemon.species.stingwing_max.desc"
  ],
  "baseScale": 0.3,
  "hitbox": {
    "width": 2,
    "height": 3.5,
    "fixed": false
  },
  "baseFriendship": 50,
  "evYield": {
    "hp": 0,
    "attack": 0,
    "defence": 0,
    "special_attack": 1,
    "special_defence": 0,
    "speed": 2
  },
  "height": 6,
  "weight": 85,
  "aspects": [],
  "cannotDynamax": false
}
