{
  "implemented": true,
  "name": "xuehu_colt",
  "nationalPokedexNumber": 5002,
  "primaryType": "flying",
    "secondaryType": "fire",
  "abilities": [
    "aerilate",
    "h:drought"
  ],
  "baseStats": {
    "hp": 54,
    "attack": 68,
    "defence": 49,
    "special_attack": 90,
    "special_defence": 52,
    "speed": 49
  },
  "behaviour": {
    "moving": {
      "walk": {
        "walkSpeed": 0.3
      }
    },
    "resting": {
      "canSleep": true,
      "willSleepOnBed": true,
      "depth": "normal",
      "light": "0-4"
    }
  },
  "catchRate": 25,
  "maleRatio": 0.875,
  "shoulderMountable": false,
  "baseExperienceYield": 150,
  "experienceGroup": "medium_slow",
  "eggCycles": 20,
  "eggGroups": [
    "monster"
  ],
  "drops": {
    "amount": 2,
    "entries": [
      {
        "item": "minecraft:blaze_powder",
        "quantityRange": "0-1"
      },
      {
        "item": "cobblemon:charcoal_stick",
        "percentage": 5.0
      }
    ]
  },
  "moves": [
    "1:scratch",
    "1:growl",
    "1:tailwhip",
    "1:gust",
    "1:bite",
    "18:firefang",
    "24:howl",
    "29:bounce",
    "36:copycat",
    "38:flareblitz",
    "45:aircutter",
    "51:flamethrower",
    "57:crunch",
    "65:willowisp",
    "72:bravebird",
    "80:roost",
    "egg:aircutter",
    "egg:ancientpower",
    "egg:beatup",
    "egg:bellydrum",
    "egg:bite",
    "egg:counter",
    "egg:crunch",
    "egg:dragondance",
    "egg:dragonpulse",
    "egg:dragonrush",
    "egg:dragontail",
    "egg:flareblitz",
    "egg:focuspunch",
    "egg:irontail",
    "egg:metalclaw",
    "egg:outrage",
    "egg:rockslide",
    "egg:swordsdance",
    "egg:wingattack",
    "tm:acrobatics",
    "tm:aerialace",
    "tm:attract",
    "tm:beatup",
    "tm:bodyslam",
    "tm:breakingswipe",
    "tm:brickbreak",
    "tm:captivate",
    "tm:confide",
    "tm:crunch",
    "tm:cut",
    "tm:dig",
    "tm:doubleteam",
    "tm:dragonclaw",
    "tm:dragondance",
    "tm:dragonpulse",
    "tm:dragontail",
    "tm:echoedvoice",
    "tm:endure",
    "tm:facade",
    "tm:falseswipe",
    "tm:fireblast",
    "tm:firefang",
    "tm:firepledge",
    "tm:firepunch",
    "tm:firespin",
    "tm:flamecharge",
    "tm:flamethrower",
    "tm:flareblitz",
    "tm:fling",
    "tm:focusblast",
    "tm:focuspunch",
    "tm:frustration",
    "tm:heatwave",
    "tm:helpinghand",
    "tm:hiddenpower",
    "tm:honeclaws",
    "tm:incinerate",
    "tm:irontail",
    "tm:megakick",
    "tm:megapunch",
    "tm:metalclaw",
    "tm:naturalgift",
    "tm:outrage",
    "tm:overheat",
    "tm:poweruppunch",
    "tm:protect",
    "tm:rest",
    "tm:return",
    "tm:roar",
    "tm:rockslide",
    "tm:rocksmash",
    "tm:rocktomb",
    "tm:round",
    "tm:scaryface",
    "tm:secretpower",
    "tm:shadowclaw",
    "tm:sleeptalk",
    "tm:snore",
    "tm:strength",
    "tm:substitute",
    "tm:sunnyday",
    "tm:swagger",
    "tm:swift",
    "tm:swordsdance",
    "tm:takedown",
    "tm:temperflare",
    "tm:terablast",
    "tm:thunderpunch",
    "tm:toxic",
    "tm:weatherball",
    "tm:willowisp",
    "tm:workup",
    "tutor:acrobatics",
    "tutor:ancientpower",
    "tutor:attract",
    "tutor:beatup",
    "tutor:bellydrum",
    "tutor:bide",
    "tutor:bite",
    "tutor:blastburn",
    "tutor:block",
    "tutor:bodyslam",
    "tutor:brickbreak",
    "tutor:celebrate",
    "tutor:counter",
    "tutor:curse",
    "tutor:cut",
    "tutor:defensecurl",
    "tutor:dig",
    "tutor:doubleedge",
    "tutor:doubleteam",
    "tutor:dragonbreath",
    "tutor:dragonpulse",
    "tutor:dragonrage",
    "tutor:dynamicpunch",
    "tutor:ember",
    "tutor:endure",
    "tutor:facade",
    "tutor:falseswipe",
    "tutor:fireblast",
    "tutor:firepledge",
    "tutor:firepunch",
    "tutor:firespin",
    "tutor:flamethrower",
    "tutor:focuspunch",
    "tutor:frustration",
    "tutor:furycutter",
    "tutor:furyswipes",
    "tutor:growl",
    "tutor:headbutt",
    "tutor:heatwave",
    "tutor:hiddenpower",
    "tutor:howl",
    "tutor:irontail",
    "tutor:leer",
    "tutor:megakick",
    "tutor:megapunch",
    "tutor:mimic",
    "tutor:mudslap",
    "tutor:outrage",
    "tutor:protect",
    "tutor:quickattack",
    "tutor:rage",
    "tutor:reflect",
    "tutor:rest",
    "tutor:return",
    "tutor:rockslide",
    "tutor:rocksmash",
    "tutor:scaryface",
    "tutor:scratch",
    "tutor:seismictoss",
    "tutor:skullbash",
    "tutor:slash",
    "tutor:sleeptalk",
    "tutor:smokescreen",
    "tutor:snore",
    "tutor:strength",
    "tutor:submission",
    "tutor:substitute",
    "tutor:sunnyday",
    "tutor:swagger",
    "tutor:swift",
    "tutor:swordsdance",
    "tutor:takedown",
    "tutor:thunderpunch",
    "tutor:toxic",
    "tutor:willowisp"
  ],
  "labels": [
    "gen1"
  ],
  "pokedex": [
    "cobblemon.species.xuehu_colt.desc"
  ],
  "evolutions": [
    {
      "id": "xuehu_colt_xuehu_max",
      "variant": "level_up",
      "result": "xuehu_max",
      "consumeHeldItem": false,
      "learnableMoves": ["hurricane"],
      "requirements": [
        {
          "variant": "level",
          "minLevel": 38
        }
      ]
    }
  ],
  "baseScale": 0.6,
  "hitbox": {
    "width": 0.9,
    "height": 1.3,
    "fixed": false
  },
  "baseFriendship": 50,
  "evYield": {
    "hp": 0,
    "attack": 1,
    "defence": 0,
    "special_attack": 1,
    "special_defence": 0,
    "speed": 0
  },
  "height": 6,
  "weight": 85,
  "aspects": [],
  "cannotDynamax": false
}
