{
   "head":"head",
   "portraitScale":1.36,
   "portraitTranslation":[-0.5, 3.29, 0],
   "profileScale":0.41,
   "profileTranslation":[0, 1.2, 0],
   "poses":{
      "standing":{
         "poseName":"standing",
         "transformTicks":10,
         "poseTypes":[
            "STAND",
            "NONE",
            "PORTRAIT",
            "PROFILE"
         ],
         "animations":[
            "look",
            "bedrock(almantula, ground_idle)"
         ]
      },
      "walking":{
         "poseName":"walking",
         "transformTicks":10,
         "poseTypes":[
            "WALK"
         ],
         "animations":[
            "bedrock(almantula, ground_walk)"
         ]
      }
   }
}