{
   "head":"head",
   "portraitScale":1.55,
   "portraitTranslation":[0, 1.59, 0],
   "profileScale":0.7,
   "profileTranslation":[0, 1.01, 0],
   "poses":{
      "standing":{
         "poseName":"standing",
         "poseTypes":[
            "STAND",
            "NONE",
            "PORTRAIT",
            "PROFILE",
            "FLOAT"
         ],
         "animations":[
            "look",
            "bedrock(angusk, ground_idle)"
         ]
      },
      "walking":{
         "poseName":"walking",
         "poseTypes":[
            "WALK",
            "SWIM"
         ],
         "animations":[
            "bedrock(angusk, ground_walk)"
         ]
      }
   }
}