{
   "head":"head",
   "portraitScale":1.24,
   "portraitTranslation":[-0.1, 1.55, 0],
   "profileScale":0.65,
   "profileTranslation":[0, 0.86, 0],
   "poses":{
      "standing":{
         "poseName":"standing",
         "transformTicks":10,
         "poseTypes":[
            "STAND",
            "NONE",
            "PORTRAIT",
            "PROFILE"
         ],
         "animations":[
            "look",
            "bedrock(blodge, ground_idle)"
         ]
      },
      "walking":{
         "poseName":"walking",
         "transformTicks":10,
         "poseTypes":[
            "WALK"
         ],
         "animations":[
            "bedrock(blodge, ground_walk)"
         ]
      }
   }
}