{
   "head":"head",
   "portraitScale":2.1,
   "portraitTranslation":[0, -1.6, 0],
   "profileScale":1.3,
   "profileTranslation":[0, -0.36, 0],
   "poses":{
      "standing":{
         "poseName":"standing",
         "transformTicks":10,
         "poseTypes":[
            "STAND",
            "NONE",
            "PORTRAIT",
            "PROFILE",
            "FLOAT"
         ],
         "animations":[
            "look",
            "bedrock(bulbish, ground_idle)"
         ]
      },
      "walking":{
         "poseName":"walking",
         "transformTicks":10,
         "poseTypes":[
            "WALK",
            "SWIM"
         ],
         "animations":[
            "bedrock(bulbish, ground_walk)"
         ]
      }
   }
}