{
   "head":"head",
   "portraitScale":1.8,
   "portraitTranslation":[-0.23, 1.15, 0],
   "profileScale":0.9,
   "profileTranslation":[-0.1, 0.82, 0],
   "poses":{
      "standing":{
         "poseName":"standing",
         "transformTicks":10,
         "poseTypes":[
            "STAND",
            "NONE",
            "PORTRAIT",
            "PROFILE"
         ],
         "animations":[
            "look",
            "bedrock(candaple, ground_idle)"
         ]
      },
      "walking":{
         "poseName":"walking",
         "transformTicks":10,
         "poseTypes":[
            "WALK"
         ],
         "animations":[
            "bedrock(candaple, ground_walk)"
         ]
      }
   }
}