{
   "head":"head",
   "portraitScale":1.56,
   "portraitTranslation":[-0.5, -0.31, 0],
   "profileScale":0.8,
   "profileTranslation":[0, 0.5, 0],
   "poses":{
      "standing":{
         "poseName":"standing",
         "transformTicks":10,
         "poseTypes":[
            "STAND",
            "NONE",
            "PORTRAIT",
            "PROFILE"
         ],
         "animations":[
            "look",
            "bedrock(chamater, ground_idle)"
         ]
      },
      "walking":{
         "poseName":"walking",
         "transformTicks":10,
         "poseTypes":[
            "WALK"
         ],
         "animations":[
            "bedrock(chamater, ground_walk)"
         ]
      }
   }
}