{
   "head":"head",
   "portraitScale":1.5,
   "portraitTranslation":[-0.55, 1.85, 0],
   "profileScale":0.6,
   "profileTranslation":[-0.1, 1.0, 0],
   "poses":{
      "standing":{
         "poseName":"standing",
         "transformTicks":10,
         "poseTypes":[
            "STAND",
            "NONE",
            "PORTRAIT",
            "PROFILE"
         ],
         "animations":[
            "look",
            "bedrock(dragidian, ground_idle)"
         ]
      },
      "walking":{
         "poseName":"walking",
         "transformTicks":10,
         "poseTypes":[
            "WALK"
         ],
         "animations":[
            "bedrock(dragidian, ground_walk)"
         ]
      }
   }
}