{
   "head":"head",
   "portraitScale":1.5,
   "portraitTranslation":[-0.22, 3.0, 0],
   "profileScale":0.57,
   "profileTranslation":[0, 0.96, 0],
   "poses":{
      "standing":{
         "poseName":"standing",
         "poseTypes":[
            "STAND",
            "NONE",
            "PORTRAIT",
            "PROFILE",
            "FLOAT"
         ],
         "animations":[
            "look",
            "bedrock(energarus, ground_idle)"
         ]
      },
      "walking":{
         "poseName":"walking",
         "poseTypes":[
            "WALK",
            "SWIM"
         ],
         "animations":[
            "bedrock(energarus, ground_walk)"
         ]
      }
   }
}