{
   "head":"head",
   "portraitScale":1.25,
   "portraitTranslation":[-0.9, 1.6, 0],
   "profileScale":0.51,
   "profileTranslation":[0, 0.95, 0],
   "poses":{
      "standing":{
         "poseName":"standing",
         "transformTicks":10,
         "poseTypes":[
            "STAND",
            "NONE",
            "PORTRAIT",
            "PROFILE"
         ],
         "animations":[
            "look",
            "bedrock(galamount, ground_idle)"
         ]
      },
      "walking":{
         "poseName":"walking",
         "transformTicks":10,
         "poseTypes":[
            "WALK"
         ],
         "animations":[
            "bedrock(galamount, ground_walk)"
         ]
      }
   }
}