{
   "head":"head",
   "portraitScale":0.75,
   "portraitTranslation":[-0.5, 1.84, 0],
   "profileScale":0.3,
   "profileTranslation":[-0.1, 1.25, 0],
   "poses":{
      "standing":{
         "poseName":"standing",
         "transformTicks":10,
         "poseTypes":[
            "STAND",
            "NONE",
            "PORTRAIT",
            "PROFILE"
         ],
         "animations":[
            "look",
            "bedrock(geodon, ground_idle)"
         ]
      },
      "walking":{
         "poseName":"walking",
         "transformTicks":10,
         "poseTypes":[
            "WALK"
         ],
         "animations":[
            "bedrock(geodon, ground_walk)"
         ]
      }
   }
}