{
   "head":"head",
   "portraitScale":0.9,
   "portraitTranslation":[0, 2.32, 0],
   "profileScale":0.4,
   "profileTranslation":[0, 1.2, 0],
   "poses":{
      "standing":{
         "poseName":"standing",
         "poseTypes":[
            "STAND",
            "NONE",
            "PORTRAIT",
            "PROFILE",
            "FLOAT"
         ],
         "animations":[
            "look",
            "bedrock(gloomangel, ground_idle)"
         ]
      },
      "walking":{
         "poseName":"walking",
         "poseTypes":[
            "WALK",
            "SWIM"
         ],
         "animations":[
            "bedrock(gloomangel, ground_walk)"
         ]
      }
   }
}