{
   "head":"head",
   "portraitScale":2.2,
   "portraitTranslation":[0, -1.48, 0],
   "profileScale":1.1,
   "profileTranslation":[0, 0, 0],
   "poses":{
      "standing":{
         "poseName":"standing",
         "transformTicks":10,
         "poseTypes":[
            "STAND",
            "NONE",
            "PORTRAIT",
            "PROFILE"
         ],
         "animations":[
            "look",
            "bedrock(honiel, ground_idle)"
         ]
      },
      "walking":{
         "poseName":"walking",
         "transformTicks":10,
         "poseTypes":[
            "WALK"
         ],
         "animations":[
            "bedrock(honiel, ground_walk)"
         ]
      }
   }
}