{
   "head":"head",
   "portraitScale":1.8,
   "portraitTranslation":[0, -0.6, 0],
   "profileScale":1.2,
   "profileTranslation":[0, 0, 0],
   "poses":{
      "standing":{
         "poseName":"standing",
         "poseTypes":[
            "STAND",
            "NONE",
            "PORTRAIT",
            "PROFILE",
            "FLOAT"
         ],
         "animations":[
            "look",
            "bedrock(jelaray, ground_idle)"
         ]
      },
      "walking":{
         "poseName":"walking",
         "poseTypes":[
            "WALK",
            "SWIM"
         ],
         "animations":[
            "bedrock(jelaray, ground_walk)"
         ]
      }
   }
}