{
   "head":"head",
   "portraitScale":1.35,
   "portraitTranslation":[0, 1.3, 0],
   "profileScale":0.56,
   "profileTranslation":[0, 1.01, 0],
   "poses":{
      "standing":{
         "poseName":"standing",
         "poseTypes":[
            "STAND",
            "NONE",
            "PORTRAIT",
            "PROFILE",
            "FLOAT"
         ],
         "animations":[
            "look",
            "bedrock(jolphoa, ground_idle)"
         ]
      },
      "walking":{
         "poseName":"walking",
         "poseTypes":[
            "WALK",
            "SWIM"
         ],
         "animations":[
            "bedrock(jolphoa, ground_walk)"
         ]
      }
   }
}