{
   "head":"head",
   "portraitScale":0.9,
   "portraitTranslation":[-0.56, 1.7, 0],
   "profileScale":0.4,
   "profileTranslation":[0, 1.14, 0],
   "poses":{
      "standing":{
         "poseName":"standing",
         "transformTicks":10,
         "poseTypes":[
            "STAND",
            "NONE",
            "PORTRAIT",
            "PROFILE"
         ],
         "animations":[
            "look",
            "bedrock(lagaworks, ground_idle)"
         ]
      },
      "walking":{
         "poseName":"walking",
         "transformTicks":10,
         "poseTypes":[
            "WALK"
         ],
         "animations":[
            "bedrock(lagaworks, ground_walk)"
         ]
      }
   }
}