{
   "head":"head",
   "portraitScale":1.9,
   "portraitTranslation":[-0.05, 0.35, 0],
   "profileScale":1.0,
   "profileTranslation":[-0.1, 0.7, 0],
   "poses":{
      "standing":{
         "poseName":"standing",
         "transformTicks":10,
         "poseTypes":[
            "STAND",
            "NONE",
            "PORTRAIT",
            "PROFILE"
         ],
         "animations":[
            "look",
            "bedrock(ojotar, ground_idle)"
         ]
      },
      "walking":{
         "poseName":"walking",
         "transformTicks":10,
         "poseTypes":[
            "WALK"
         ],
         "animations":[
            "bedrock(ojotar, ground_walk)"
         ]
      }
   }
}