{
   "head":"head",
   "portraitScale":2.5,
   "portraitTranslation":[-0.23, -2.25, 0],
   "profileScale":1.2,
   "profileTranslation":[0, -0.2, 0],
   "poses":{
      "standing":{
         "poseName":"standing",
         "transformTicks":10,
         "poseTypes":[
            "STAND",
            "NONE",
            "PORTRAIT",
            "PROFILE"
         ],
         "animations":[
            "look",
            "bedrock(pathena, ground_idle)"
         ]
      },
      "walking":{
         "poseName":"walking",
         "transformTicks":10,
         "poseTypes":[
            "WALK"
         ],
         "animations":[
            "bedrock(pathena, ground_walk)"
         ]
      }
   }
}