{
   "head":"head",
   "portraitScale":1.7,
   "portraitTranslation":[-0.8, 0.8, 0],
   "profileScale":0.78,
   "profileTranslation":[-0.1, 0.6, 0],
   "poses":{
      "standing":{
         "poseName":"standing",
         "transformTicks":10,
         "poseTypes":[
            "STAND",
            "NONE",
            "PORTRAIT",
            "PROFILE"
         ],
         "animations":[
            "look",
            "bedrock(poiryu_fixed, ground_idle)"
         ]
      },
      "walking":{
         "poseName":"walking",
         "transformTicks":10,
         "poseTypes":[
            "WALK"
         ],
         "animations":[
            "bedrock(poiryu_fixed, ground_walk)"
         ]
      }
   }
}