{
   "head":"head",
   "portraitScale":1.5,
   "portraitTranslation":[-0.2, 2.0, 0],
   "profileScale":0.75,
   "profileTranslation":[0.1, 1.3, 0],
   "poses":{
      "standing":{
         "poseName":"standing",
         "transformTicks":10,
         "poseTypes":[
            "STAND",
            "NONE",
            "PORTRAIT",
            "PROFILE"
         ],
         "animations":[
            "look",
            "bedrock(raimbra, ground_idle)"
         ]
      },
      "walking":{
         "poseName":"walking",
         "transformTicks":10,
         "poseTypes":[
            "WALK"
         ],
         "animations":[
            "bedrock(raimbra, ground_walk)"
         ]
      }
   }
}