{
   "head":"head",
   "portraitScale":1.36,
   "portraitTranslation":[-0.2, -0.1, 0],
   "profileScale":0.8,
   "profileTranslation":[0, 0.5, 0],
   "poses":{
      "standing":{
         "poseName":"standing",
         "transformTicks":10,
         "poseTypes":[
            "STAND",
            "NONE",
            "PORTRAIT",
            "PROFILE",
            "FLOAT"
         ],
         "animations":[
            "look",
            "bedrock(rainish, ground_idle)"
         ]
      },
      "walking":{
         "poseName":"walking",
         "transformTicks":10,
         "poseTypes":[
            "WALK",
            "SWIM"
         ],
         "animations":[
            "bedrock(rainish, ground_walk)"
         ]
      }
   }
}