{
   "head":"head",
   "portraitScale":1.45,
   "portraitTranslation":[-0.5, -0.29, 0],
   "profileScale":0.73,
   "profileTranslation":[0, 0.65, 0],
   "poses":{
      "standing":{
         "poseName":"standing",
         "transformTicks":10,
         "poseTypes":[
            "STAND",
            "NONE",
            "PORTRAIT",
            "PROFILE"
         ],
         "animations":[
            "look",
            "bedrock(rakonso, ground_idle)"
         ]
      },
      "walking":{
         "poseName":"walking",
         "transformTicks":10,
         "poseTypes":[
            "WALK"
         ],
         "animations":[
            "bedrock(rakonso, ground_walk)"
         ]
      }
   }
}