{
   "head":"head",
   "portraitScale":1.65,
   "portraitTranslation":[0, -0.56, 0],
   "profileScale":0.8,
   "profileTranslation":[-0.1, 0.5, 0],
   "poses":{
      "standing":{
         "poseName":"standing",
         "transformTicks":10,
         "poseTypes":[
            "STAND",
            "NONE",
            "PORTRAIT",
            "PROFILE"
         ],
         "animations":[
            "look",
            "bedrock(sinbul, ground_idle)"
         ]
      },
      "walking":{
         "poseName":"walking",
         "transformTicks":10,
         "poseTypes":[
            "WALK"
         ],
         "animations":[
            "bedrock(sinbul, ground_walk)"
         ]
      }
   }
}