{
   "head":"head",
   "portraitScale":0.6,
   "portraitTranslation":[-0.8, 0.7, 0],
   "profileScale":0.33,
   "profileTranslation":[0, 1.16, 0],
   "poses":{
      "standing":{
         "poseName":"standing",
         "transformTicks":10,
         "poseTypes":[
            "STAND",
            "NONE",
            "PORTRAIT",
            "PROFILE"
         ],
         "animations":[
            "look",
            "bedrock(snause, ground_idle)"
         ]
      },
      "walking":{
         "poseName":"walking",
         "transformTicks":10,
         "poseTypes":[
            "WALK"
         ],
         "animations":[
            "bedrock(snause, ground_walk)"
         ]
      }
   }
}