{
   "head":"head",
   "portraitScale":1.9,
   "portraitTranslation":[-0.1, -0.7, 0],
   "profileScale":1.1,
   "profileTranslation":[0, 0.1, 0],
   "poses":{
      "standing":{
         "poseName":"standing",
         "transformTicks":10,
         "poseTypes":[
            "STAND",
            "NONE",
            "PORTRAIT",
            "PROFILE"
         ],
         "animations":[
            "look",
            "bedrock(snush, ground_idle)"
         ]
      },
      "walking":{
         "poseName":"walking",
         "transformTicks":10,
         "poseTypes":[
            "WALK"
         ],
         "animations":[
            "bedrock(snush, ground_walk)"
         ]
      }
   }
}