{
   "head":"head",
   "portraitScale":1.9,
   "portraitTranslation":[0, -1.15, 0],
   "profileScale":1.0,
   "profileTranslation":[0.14, 0.2, 0],
   "poses":{
      "standing":{
         "poseName":"standing",
         "transformTicks":10,
         "poseTypes":[
            "STAND",
            "NONE",
            "PORTRAIT",
            "PROFILE"
         ],
         "animations":[
            "look",
            "bedrock(swaggot, ground_idle)"
         ]
      },
      "walking":{
         "poseName":"walking",
         "transformTicks":10,
         "poseTypes":[
            "WALK"
         ],
         "animations":[
            "bedrock(swaggot, ground_walk)"
         ]
      }
   }
}