{
   "head":"head",
   "portraitScale":0.76,
   "portraitTranslation":[-0.2, 2.85, 0],
   "profileScale":0.33,
   "profileTranslation":[0, 1.4, 0],
   "poses":{
      "standing":{
         "poseName":"standing",
         "transformTicks":10,
         "poseTypes":[
            "STAND",
            "NONE",
            "PORTRAIT",
            "PROFILE",
            "FLOAT"
         ],
         "animations":[
            "look",
            "bedrock(vespamiel, ground_idle)"
         ]
      },
      "walking":{
         "poseName":"walking",
         "transformTicks":10,
         "poseTypes":[
            "WALK",
            "SWIM"
         ],
         "animations":[
            "bedrock(vespamiel, ground_walk)"
         ]
      }
   }
}