{
   "head":"head",
   "portraitScale":1.7,
   "portraitTranslation":[-0.4, 0.24, 0],
   "profileScale":0.85,
   "profileTranslation":[0, 0.53, 0],
   "poses":{
      "standing":{
         "poseName":"standing",
         "transformTicks":10,
         "poseTypes":[
            "STAND",
            "NONE",
            "PORTRAIT",
            "PROFILE"
         ],
         "animations":[
            "look",
            "bedrock(victaxen, ground_idle)"
         ]
      },
      "walking":{
         "poseName":"walking",
         "transformTicks":10,
         "poseTypes":[
            "WALK"
         ],
         "animations":[
            "bedrock(victaxen, ground_walk)"
         ]
      }
   }
}