{
   "head":"head",
   "portraitScale":0.9,
   "portraitTranslation":[0, 2.5, 0],
   "profileScale":0.46,
   "profileTranslation":[0, 1.3, 0],
   "poses":{
      "standing":{
         "poseName":"standing",
         "transformTicks":10,
         "poseTypes":[
            "STAND",
            "NONE",
            "PORTRAIT",
            "PROFILE"
         ],
         "animations":[
            "look",
            "bedrock(yinyago, ground_idle)"
         ]
      },
      "walking":{
         "poseName":"walking",
         "transformTicks":10,
         "poseTypes":[
            "WALK"
         ],
         "animations":[
            "bedrock(yinyago, ground_walk)"
         ]
      }
   }
}