{
  "species": "cobblemon:cinderling",
  "order": 0,
  "variations": [
    {
      "aspects": [],
      "poser": "cobblemon:cinderling",
      "model": "cobblemon:cinderling.geo",
      "texture": "cobblemon:textures/pokemon/cinderling/cinderling.png",
      "layers": [
        {
          "name": "emissive",
          "emissive": true,
          "texture": "cobblemon:textures/pokemon/cinderling/cinderling_emissive.png",
          "translucent": true
        }
      ]
    },
    {
      "aspects": [
        "shiny"
      ],
      "texture": "cobblemon:textures/pokemon/cinderling/cinderling_shiny.png",
      "layers": [
        {
          "name": "emissive",
          "emissive": true,
          "texture": "cobblemon:textures/pokemon/cinderling/cinderling_emissive_shiny.png",
          "translucent": true
        }
      ]
    }
  ]
}