{
  "species": "cobblemon:derbling",
  "order": 0,
  "variations": [
    {
      "aspects": [],
      "poser": "cobblemon:derbling",
      "model": "cobblemon:derbling.geo",
      "texture": "cobblemon:textures/pokemon/derbling/derbling.png",
      "layers": [
        {
          "name": "emissive",
          "emissive": true,
          "texture": "cobblemon:textures/pokemon/derbling/derbling_emissive.png",
          "translucent": true
        }
      ]
    },
    {
      "aspects": [
        "shiny"
      ],
      "texture": "cobblemon:textures/pokemon/derbling/derbling_shiny.png",
      "layers": [
        {
          "name": "emissive",
          "emissive": true,
          "texture": "cobblemon:textures/pokemon/derbling/derbling_emissive_shiny.png",
          "translucent": true
        }
      ]
    }
  ]
}