{
  "species": "cobblemon:huwatt",
  "order": 0,
  "variations": [
    {
      "aspects": [],
      "poser": "cobblemon:huwatt",
      "model": "cobblemon:huwatt.geo",
      "texture": "cobblemon:textures/pokemon/huwatt/huwatt.png",
      "layers": [
        {
          "name": "emissive",
          "emissive": true,
          "texture": "cobblemon:textures/pokemon/huwatt/huwatt_emissive.png",
          "translucent": true
        }
      ]
    },
    {
      "aspects": [
        "shiny"
      ],
      "texture": "cobblemon:textures/pokemon/huwatt/huwatt_shiny.png",
      "layers": [
        {
          "name": "emissive",
          "emissive": true,
          "texture": "cobblemon:textures/pokemon/huwatt/huwatt_emissive_shiny.png",
          "translucent": true
        }
      ]
    }
  ]
}