{
  "species": "cobblemon:popora",
  "order": 0,
  "variations": [
    {
      "aspects": [],
      "poser": "cobblemon:popora",
      "model": "cobblemon:popora.geo",
      "texture": "cobblemon:textures/pokemon/popora/popora.png",
      "layers": [
        {
          "name": "emissive",
          "emissive": true,
          "texture": "cobblemon:textures/pokemon/popora/popora_emissive.png",
          "translucent": true
        }
      ]
    },
    {
      "aspects": [
        "shiny"
      ],
      "texture": "cobblemon:textures/pokemon/popora/popora_shiny.png",
      "layers": [
        {
          "name": "emissive",
          "emissive": true,
          "texture": "cobblemon:textures/pokemon/popora/popora_emissive_shiny.png",
          "translucent": true
        }
      ]
    }
  ]
}
