{
  "species": "cobblemon:serabetta",
  "order": 0,
  "variations": [
    {
      "aspects": [],
      "poser": "cobblemon:serabetta",
      "model": "cobblemon:serabetta.geo",
      "texture": "cobblemon:textures/pokemon/serabetta/serabetta.png",
      "layers": [
        {
          "name": "emissive",
          "emissive": true,
          "texture": "cobblemon:textures/pokemon/serabetta/serabetta_emissive.png",
          "translucent": true
        }
      ]
    },
    {
      "aspects": [
        "shiny"
      ],
      "texture": "cobblemon:textures/pokemon/serabetta/serabetta_shiny.png",
      "layers": [
        {
          "name": "emissive",
          "emissive": true,
          "texture": "cobblemon:textures/pokemon/serabetta/serabetta_emissive_shiny.png",
          "translucent": true
        }
      ]
    }
  ]
}