{
	"format_version": "1.8.0",
	"animations": {
		"animation.frostnatch.ground_idle": {
			"loop": true,
			"animation_length": 4,
			"bones": {
				"FullBody": {
					"position": {
						"0.0": [0, 0, 0],
						"0.25": [0, -0.5, 0],
						"0.5": [0, 0, 0],
						"0.75": [0, -0.5, 0],
						"1.0": [0, 0, 0],
						"1.25": [0, -0.5, 0],
						"1.5": [0, 0, 0],
						"1.75": [0, -0.5, 0],
						"2.0": [0, 0, 0],
						"2.25": [0, -0.5, 0],
						"2.5": [0, 0, 0],
						"2.75": [0, -0.5, 0],
						"3.0": [0, 0, 0],
						"3.25": [0, -0.5, 0],
						"3.5": [0, 0, 0],
						"3.75": [0, -0.5, 0],
						"4.0": [0, 0, 0]
					},
					"scale": {
						"0.0": [1, 1, 1],
						"2.0": [1, 1, 1],
						"4.0": [1, 1, 1]
					}
				},
				"LeftWing": {
					"rotation": {
						"0.0": [0, 0, 15],
						"0.5": [0, 0, 0],
						"1.0": [0, 0, 15],
						"1.5": [0, 0, 0],
						"2.0": [0, 0, 15],
						"2.5": [0, 0, 0],
						"3.0": [0, 0, 15],
						"3.5": [0, 0, 0],
						"4.0": [0, 0, 15]
					}
				},
				"RightWing": {
					"rotation": {
						"0.0": [0, 0, 0],
						"0.5": [0, 0, -15],
						"1.0": [0, 0, 0],
						"1.5": [0, 0, -15],
						"2.0": [0, 0, 0],
						"2.5": [0, 0, -15],
						"3.0": [0, 0, 0],
						"3.5": [0, 0, -15],
						"4.0": [0, 0, 0]
					}
				},
				"head": {
					"rotation": {
						"0.0": [-7.5, 0, 7.5],
						"0.25": [0, 0, 0],
						"0.5": [-7.5, 0, -7.5],
						"0.75": [0, 0, 0],
						"1.0": [-7.5, 0, 7.5],
						"1.25": [0, 0, 0],
						"1.5": [-7.5, 0, -7.5],
						"1.75": [0, 0, 0],
						"2.0": [-7.5, 0, 7.5],
						"2.25": [0, 0, 0],
						"2.5": [-7.5, 0, -7.5],
						"2.75": [0, 0, 0],
						"3.0": [-7.5, 0, 7.5],
						"3.25": [0, 0, 0],
						"3.5": [-7.5, 0, -7.5],
						"3.75": [0, 0, 0],
						"4.0": [-7.5, 0, 7.5]
					},
					"position": {
						"0.0": [0, 0, 0],
						"1.0": [0, 0, 0],
						"2.0": [0, 0, 0],
						"3.0": [0, 0, 0],
						"4.0": [0, 0, 0]
					}
				},
				"Eyes": {
					"position": {
						"0.0": [0, 0, 0],
						"3.8333": [0, 0, 0],
						"3.9167": [0, 7.5, 0],
						"4.0": [0, 0, 0]
					},
					"scale": {
						"0.0": [1, 1, 1],
						"3.8333": [1, 1, 1],
						"3.9167": [1, 0, 1],
						"4.0": [1, 1, 1]
					}
				},
				"TopBeak": {
					"rotation": {
						"0.0": [-10, 0, 0],
						"0.25": [0, 0, 0],
						"0.5": [-10, 0, 0],
						"0.75": [0, 0, 0],
						"1.0": [-10, 0, 0],
						"1.25": [0, 0, 0],
						"1.5": [-10, 0, 0],
						"1.75": [0, 0, 0],
						"2.0": [-10, 0, 0],
						"2.25": [0, 0, 0],
						"2.5": [-10, 0, 0],
						"2.75": [0, 0, 0],
						"3.0": [-10, 0, 0],
						"3.25": [0, 0, 0],
						"3.5": [-10, 0, 0],
						"3.75": [0, 0, 0],
						"4.0": [-10, 0, 0]
					}
				},
				"RightTailFeather": {
					"rotation": {
						"0.0": [-10.5404, -1.6311, -10.4133],
						"0.25": [4.82277, -1.0727, 5.7048],
						"0.5": [-10.5404, -1.6311, -10.4133],
						"0.75": [4.82277, -1.0727, 5.7048],
						"1.0": [-10.5404, -1.6311, -10.4133],
						"1.25": [4.82277, -1.0727, 5.7048],
						"1.5": [-10.5404, -1.6311, -10.4133],
						"1.75": [4.82277, -1.0727, 5.7048],
						"2.0": [-10.5404, -1.6311, -10.4133],
						"2.25": [4.82277, -1.0727, 5.7048],
						"2.5": [-10.5404, -1.6311, -10.4133],
						"2.75": [4.82277, -1.0727, 5.7048],
						"3.0": [-10.5404, -1.6311, -10.4133],
						"3.25": [4.82277, -1.0727, 5.7048],
						"3.5": [-10.5404, -1.6311, -10.4133],
						"3.75": [4.82277, -1.0727, 5.7048],
						"4.0": [-10.5404, -1.6311, -10.4133]
					}
				},
				"LeftTailFeather": {
					"rotation": {
						"0.0": [-10.5404, 1.63106, 10.41326],
						"0.25": [4.82277, 1.07271, -5.70477],
						"0.5": [-10.5404, 1.63106, 10.41326],
						"0.75": [4.82277, 1.07271, -5.70477],
						"1.0": [-10.5404, 1.63106, 10.41326],
						"1.25": [4.82277, 1.07271, -5.70477],
						"1.5": [-10.5404, 1.63106, 10.41326],
						"1.75": [4.82277, 1.07271, -5.70477],
						"2.0": [-10.5404, 1.63106, 10.41326],
						"2.25": [4.82277, 1.07271, -5.70477],
						"2.5": [-10.5404, 1.63106, 10.41326],
						"2.75": [4.82277, 1.07271, -5.70477],
						"3.0": [-10.5404, 1.63106, 10.41326],
						"3.25": [4.82277, 1.07271, -5.70477],
						"3.5": [-10.5404, 1.63106, 10.41326],
						"3.75": [4.82277, 1.07271, -5.70477],
						"4.0": [-10.5404, 1.63106, 10.41326]
					}
				},
				"BigTailFeather": {
					"rotation": {
						"0.0": [-10, 0, 0],
						"0.25": [5, 0, 0],
						"0.5": [-10, 0, 0],
						"0.75": [5, 0, 0],
						"1.0": [-10, 0, 0],
						"1.25": [5, 0, 0],
						"1.5": [-10, 0, 0],
						"1.75": [5, 0, 0],
						"2.0": [-10, 0, 0],
						"2.25": [5, 0, 0],
						"2.5": [-10, 0, 0],
						"2.75": [5, 0, 0],
						"3.0": [-10, 0, 0],
						"3.25": [5, 0, 0],
						"3.5": [-10, 0, 0],
						"3.75": [5, 0, 0],
						"4.0": [-10, 0, 0]
					}
				},
				"LeftThigh": {
					"rotation": {
						"0.0": [0, 0, 0],
						"0.25": [-27.5, 0, 0],
						"0.5": [0, 0, 0],
						"0.75": [-27.5, 0, 0],
						"1.0": [0, 0, 0],
						"1.25": [-27.5, 0, 0],
						"1.5": [0, 0, 0],
						"1.75": [-27.5, 0, 0],
						"2.0": [0, 0, 0],
						"2.25": [-27.5, 0, 0],
						"2.5": [0, 0, 0],
						"2.75": [-27.5, 0, 0],
						"3.0": [0, 0, 0],
						"3.25": [-27.5, 0, 0],
						"3.5": [0, 0, 0],
						"3.75": [-27.5, 0, 0],
						"4.0": [0, 0, 0]
					}
				},
				"LeftAnkle": {
					"rotation": {
						"0.0": [0, 0, 0],
						"0.25": [27.5, 0, 0],
						"0.5": [0, 0, 0],
						"0.75": [27.5, 0, 0],
						"1.0": [0, 0, 0],
						"1.25": [27.5, 0, 0],
						"1.5": [0, 0, 0],
						"1.75": [27.5, 0, 0],
						"2.0": [0, 0, 0],
						"2.25": [27.5, 0, 0],
						"2.5": [0, 0, 0],
						"2.75": [27.5, 0, 0],
						"3.0": [0, 0, 0],
						"3.25": [27.5, 0, 0],
						"3.5": [0, 0, 0],
						"3.75": [27.5, 0, 0],
						"4.0": [0, 0, 0]
					},
					"position": {
						"0.0": [0, 0, 0],
						"0.25": [0, -0.25, 0],
						"0.5": [0, 0, 0],
						"0.75": [0, -0.25, 0],
						"1.0": [0, 0, 0],
						"1.25": [0, -0.25, 0],
						"1.5": [0, 0, 0],
						"1.75": [0, -0.25, 0],
						"2.0": [0, 0, 0],
						"2.25": [0, -0.25, 0],
						"2.5": [0, 0, 0],
						"2.75": [0, -0.25, 0],
						"3.0": [0, 0, 0],
						"3.25": [0, -0.25, 0],
						"3.5": [0, 0, 0],
						"3.75": [0, -0.25, 0],
						"4.0": [0, 0, 0]
					}
				},
				"RightThigh": {
					"rotation": {
						"0.0": [0, 0, 0],
						"0.25": [-27.5, 0, 0],
						"0.5": [0, 0, 0],
						"0.75": [-27.5, 0, 0],
						"1.0": [0, 0, 0],
						"1.25": [-27.5, 0, 0],
						"1.5": [0, 0, 0],
						"1.75": [-27.5, 0, 0],
						"2.0": [0, 0, 0],
						"2.25": [-27.5, 0, 0],
						"2.5": [0, 0, 0],
						"2.75": [-27.5, 0, 0],
						"3.0": [0, 0, 0],
						"3.25": [-27.5, 0, 0],
						"3.5": [0, 0, 0],
						"3.75": [-27.5, 0, 0],
						"4.0": [0, 0, 0]
					}
				},
				"RightAnkle": {
					"rotation": {
						"0.0": [0, 0, 0],
						"0.25": [27.5, 0, 0],
						"0.5": [0, 0, 0],
						"0.75": [27.5, 0, 0],
						"1.0": [0, 0, 0],
						"1.25": [27.5, 0, 0],
						"1.5": [0, 0, 0],
						"1.75": [27.5, 0, 0],
						"2.0": [0, 0, 0],
						"2.25": [27.5, 0, 0],
						"2.5": [0, 0, 0],
						"2.75": [27.5, 0, 0],
						"3.0": [0, 0, 0],
						"3.25": [27.5, 0, 0],
						"3.5": [0, 0, 0],
						"3.75": [27.5, 0, 0],
						"4.0": [0, 0, 0]
					},
					"position": {
						"0.0": [0, 0, 0],
						"0.25": [0, -0.25, 0],
						"0.5": [0, 0, 0],
						"0.75": [0, -0.25, 0],
						"1.0": [0, 0, 0],
						"1.25": [0, -0.25, 0],
						"1.5": [0, 0, 0],
						"1.75": [0, -0.25, 0],
						"2.0": [0, 0, 0],
						"2.25": [0, -0.25, 0],
						"2.5": [0, 0, 0],
						"2.75": [0, -0.25, 0],
						"3.0": [0, 0, 0],
						"3.25": [0, -0.25, 0],
						"3.5": [0, 0, 0],
						"3.75": [0, -0.25, 0],
						"4.0": [0, 0, 0]
					}
				}
			}
		},
		"animation.frostnatch.ground_walk": {
			"loop": true,
			"animation_length": 4,
			"bones": {
				"FullBody": {
					"position": {
						"0.0": [0, 0, 0],
						"0.25": [0, -0.5, 0],
						"0.5": [0, 0, 0],
						"0.75": [0, -0.5, 0],
						"1.0": [0, 0, 0],
						"1.25": [0, -0.5, 0],
						"1.5": [0, 0, 0],
						"1.75": [0, -0.5, 0],
						"2.0": [0, 0, 0],
						"2.25": [0, -0.5, 0],
						"2.5": [0, 0, 0],
						"2.75": [0, -0.5, 0],
						"3.0": [0, 0, 0],
						"3.25": [0, -0.5, 0],
						"3.5": [0, 0, 0],
						"3.75": [0, -0.5, 0],
						"4.0": [0, 0, 0]
					},
					"scale": {
						"0.0": [1, 1, 1],
						"2.0": [1, 1, 1],
						"4.0": [1, 1, 1]
					}
				},
				"LeftWing": {
					"rotation": {
						"0.125": [0, 0, 15],
						"0.375": [0, 0, 0],
						"0.625": [0, 0, 15],
						"0.875": [0, 0, 0],
						"1.125": [0, 0, 15],
						"1.375": [0, 0, 0],
						"1.625": [0, 0, 15],
						"1.875": [0, 0, 0],
						"2.125": [0, 0, 15],
						"2.375": [0, 0, 0],
						"2.625": [0, 0, 15],
						"2.875": [0, 0, 0],
						"3.125": [0, 0, 15],
						"3.375": [0, 0, 0],
						"3.625": [0, 0, 15],
						"3.875": [0, 0, 0],
						"4.0": [0, 0, 15]
					}
				},
				"RightWing": {
					"rotation": {
						"0.125": [0, 0, 0],
						"0.375": [0, 0, -15],
						"0.625": [0, 0, 0],
						"0.875": [0, 0, -15],
						"1.125": [0, 0, 0],
						"1.375": [0, 0, -15],
						"1.625": [0, 0, 0],
						"1.875": [0, 0, -15],
						"2.125": [0, 0, 0],
						"2.375": [0, 0, -15],
						"2.625": [0, 0, 0],
						"2.875": [0, 0, -15],
						"3.125": [0, 0, 0],
						"3.375": [0, 0, -15],
						"3.625": [0, 0, 0],
						"3.875": [0, 0, -15],
						"4.0": [0, 0, 0]
					}
				},
				"head": {
					"rotation": {
						"0.0": [-7.5, 0, -7.5],
						"0.125": [0, 0, 0],
						"0.25": [-7.5, 0, 7.5],
						"0.375": [0, 0, 0],
						"0.5": [-7.5, 0, -7.5],
						"0.625": [0, 0, 0],
						"0.75": [-7.5, 0, 7.5],
						"0.875": [0, 0, 0],
						"1.0": [-7.5, 0, -7.5],
						"1.125": [0, 0, 0],
						"1.25": [-7.5, 0, 7.5],
						"1.375": [0, 0, 0],
						"1.5": [-7.5, 0, -7.5],
						"1.625": [0, 0, 0],
						"1.75": [-7.5, 0, 7.5],
						"1.875": [0, 0, 0],
						"2.0": [-7.5, 0, -7.5],
						"2.125": [0, 0, 0],
						"2.25": [-7.5, 0, 7.5],
						"2.375": [0, 0, 0],
						"2.5": [-7.5, 0, -7.5],
						"2.625": [0, 0, 0],
						"2.75": [-7.5, 0, 7.5],
						"2.875": [0, 0, 0],
						"3.0": [-7.5, 0, -7.5],
						"3.125": [0, 0, 0],
						"3.25": [-7.5, 0, 7.5],
						"3.375": [0, 0, 0],
						"3.5": [-7.5, 0, -7.5],
						"3.625": [0, 0, 0],
						"3.75": [-7.5, 0, 7.5],
						"3.875": [0, 0, 0],
						"4.0": [-7.5, 0, -7.5]
					}
				},
				"Eyes": {
					"position": {
						"0.0": [0, 0, 0],
						"3.8333": [0, 0, 0],
						"3.9167": [0, 7.5, 0],
						"4.0": [0, 0, 0]
					},
					"scale": {
						"0.0": [1, 1, 1],
						"3.8333": [1, 1, 1],
						"3.9167": [1, 0, 1],
						"4.0": [1, 1, 1]
					}
				},
				"TopBeak": {
					"rotation": {
						"0.0": [-20, 0, 0],
						"0.25": [0, 0, 0],
						"0.5": [-20, 0, 0],
						"0.75": [0, 0, 0],
						"1.0": [-20, 0, 0],
						"1.25": [0, 0, 0],
						"1.5": [-20, 0, 0],
						"1.75": [0, 0, 0],
						"2.0": [-20, 0, 0],
						"2.25": [0, 0, 0],
						"2.5": [-20, 0, 0],
						"2.75": [0, 0, 0],
						"3.0": [-20, 0, 0],
						"3.25": [0, 0, 0],
						"3.5": [-20, 0, 0],
						"3.75": [0, 0, 0],
						"4.0": [-20, 0, 0]
					}
				},
				"RightTailFeather": {
					"rotation": {
						"0.0": [-10.5404, -1.6311, -10.4133],
						"0.25": [4.82277, -1.0727, 5.7048],
						"0.5": [-10.5404, -1.6311, -10.4133],
						"0.75": [4.82277, -1.0727, 5.7048],
						"1.0": [-10.5404, -1.6311, -10.4133],
						"1.25": [4.82277, -1.0727, 5.7048],
						"1.5": [-10.5404, -1.6311, -10.4133],
						"1.75": [4.82277, -1.0727, 5.7048],
						"2.0": [-10.5404, -1.6311, -10.4133],
						"2.25": [4.82277, -1.0727, 5.7048],
						"2.5": [-10.5404, -1.6311, -10.4133],
						"2.75": [4.82277, -1.0727, 5.7048],
						"3.0": [-10.5404, -1.6311, -10.4133],
						"3.25": [4.82277, -1.0727, 5.7048],
						"3.5": [-10.5404, -1.6311, -10.4133],
						"3.75": [4.82277, -1.0727, 5.7048],
						"4.0": [-10.5404, -1.6311, -10.4133]
					}
				},
				"LeftTailFeather": {
					"rotation": {
						"0.0": [-10.5404, 1.63106, 10.41326],
						"0.25": [4.82277, 1.07271, -5.70477],
						"0.5": [-10.5404, 1.63106, 10.41326],
						"0.75": [4.82277, 1.07271, -5.70477],
						"1.0": [-10.5404, 1.63106, 10.41326],
						"1.25": [4.82277, 1.07271, -5.70477],
						"1.5": [-10.5404, 1.63106, 10.41326],
						"1.75": [4.82277, 1.07271, -5.70477],
						"2.0": [-10.5404, 1.63106, 10.41326],
						"2.25": [4.82277, 1.07271, -5.70477],
						"2.5": [-10.5404, 1.63106, 10.41326],
						"2.75": [4.82277, 1.07271, -5.70477],
						"3.0": [-10.5404, 1.63106, 10.41326],
						"3.25": [4.82277, 1.07271, -5.70477],
						"3.5": [-10.5404, 1.63106, 10.41326],
						"3.75": [4.82277, 1.07271, -5.70477],
						"4.0": [-10.5404, 1.63106, 10.41326]
					}
				},
				"BigTailFeather": {
					"rotation": {
						"0.0": [-10, 0, 0],
						"0.25": [5, 0, 0],
						"0.5": [-10, 0, 0],
						"0.75": [5, 0, 0],
						"1.0": [-10, 0, 0],
						"1.25": [5, 0, 0],
						"1.5": [-10, 0, 0],
						"1.75": [5, 0, 0],
						"2.0": [-10, 0, 0],
						"2.25": [5, 0, 0],
						"2.5": [-10, 0, 0],
						"2.75": [5, 0, 0],
						"3.0": [-10, 0, 0],
						"3.25": [5, 0, 0],
						"3.5": [-10, 0, 0],
						"3.75": [5, 0, 0],
						"4.0": [-10, 0, 0]
					}
				},
				"LeftFoot": {
					"rotation": {
						"0.0": [0, 0, 0],
						"0.25": [0, 0, 0],
						"0.375": [15, 0, 0],
						"0.5": [0, 0, 0],
						"0.75": [0, 0, 0],
						"0.875": [15, 0, 0],
						"1.0": [0, 0, 0],
						"1.25": [0, 0, 0],
						"1.375": [15, 0, 0],
						"1.5": [0, 0, 0],
						"1.75": [0, 0, 0],
						"1.875": [15, 0, 0],
						"2.0": [0, 0, 0],
						"2.25": [0, 0, 0],
						"2.375": [15, 0, 0],
						"2.5": [0, 0, 0],
						"2.75": [0, 0, 0],
						"2.875": [15, 0, 0],
						"3.0": [0, 0, 0],
						"3.25": [0, 0, 0],
						"3.375": [15, 0, 0],
						"3.5": [0, 0, 0],
						"3.75": [0, 0, 0],
						"3.875": [15, 0, 0],
						"4.0": [0, 0, 0]
					},
					"position": {
						"0.0": [0, 0.06, -0.7],
						"0.25": [0, 0, 0],
						"0.375": [0, 0.52, 0.3],
						"0.5": [0, 0.06, -0.7],
						"0.75": [0, 0, 0],
						"0.875": [0, 0.52, 0.3],
						"1.0": [0, 0.06, -0.7],
						"1.25": [0, 0, 0],
						"1.375": [0, 0.52, 0.3],
						"1.5": [0, 0.06, -0.7],
						"1.75": [0, 0, 0],
						"1.875": [0, 0.52, 0.3],
						"2.0": [0, 0.06, -0.7],
						"2.25": [0, 0, 0],
						"2.375": [0, 0.52, 0.3],
						"2.5": [0, 0.06, -0.7],
						"2.75": [0, 0, 0],
						"2.875": [0, 0.52, 0.3],
						"3.0": [0, 0.06, -0.7],
						"3.25": [0, 0, 0],
						"3.375": [0, 0.52, 0.3],
						"3.5": [0, 0.06, -0.7],
						"3.75": [0, 0, 0],
						"3.875": [0, 0.52, 0.3],
						"4.0": [0, 0.06, -0.7]
					}
				},
				"LeftThigh": {
					"rotation": {
						"0.0": [-7.5, 0, 0],
						"0.25": [0, 0, 0],
						"0.375": [-30, 0, 0],
						"0.5": [-7.5, 0, 0],
						"0.75": [0, 0, 0],
						"0.875": [-30, 0, 0],
						"1.0": [-7.5, 0, 0],
						"1.25": [0, 0, 0],
						"1.375": [-30, 0, 0],
						"1.5": [-7.5, 0, 0],
						"1.75": [0, 0, 0],
						"1.875": [-30, 0, 0],
						"2.0": [-7.5, 0, 0],
						"2.25": [0, 0, 0],
						"2.375": [-30, 0, 0],
						"2.5": [-7.5, 0, 0],
						"2.75": [0, 0, 0],
						"2.875": [-30, 0, 0],
						"3.0": [-7.5, 0, 0],
						"3.25": [0, 0, 0],
						"3.375": [-30, 0, 0],
						"3.5": [-7.5, 0, 0],
						"3.75": [0, 0, 0],
						"3.875": [-30, 0, 0],
						"4.0": [-7.5, 0, 0]
					},
					"position": {
						"0.0": [0, 0.061, -0.7],
						"0.25": [0, 0, 0],
						"0.375": [0, 0.5, 0.25],
						"0.5": [0, 0.061, -0.7],
						"0.75": [0, 0, 0],
						"0.875": [0, 0.5, 0.25],
						"1.0": [0, 0.061, -0.7],
						"1.25": [0, 0, 0],
						"1.375": [0, 0.5, 0.25],
						"1.5": [0, 0.061, -0.7],
						"1.75": [0, 0, 0],
						"1.875": [0, 0.5, 0.25],
						"2.0": [0, 0.061, -0.7],
						"2.25": [0, 0, 0],
						"2.375": [0, 0.5, 0.25],
						"2.5": [0, 0.061, -0.7],
						"2.75": [0, 0, 0],
						"2.875": [0, 0.5, 0.25],
						"3.0": [0, 0.061, -0.7],
						"3.25": [0, 0, 0],
						"3.375": [0, 0.5, 0.25],
						"3.5": [0, 0.061, -0.7],
						"3.75": [0, 0, 0],
						"3.875": [0, 0.5, 0.25],
						"4.0": [0, 0.061, -0.7]
					}
				},
				"LeftAnkle": {
					"rotation": {
						"0.0": [-30, 0, 0],
						"0.25": [0, 0, 0],
						"0.375": [50, 0, 0],
						"0.5": [-30, 0, 0],
						"0.75": [0, 0, 0],
						"0.875": [50, 0, 0],
						"1.0": [-30, 0, 0],
						"1.25": [0, 0, 0],
						"1.375": [50, 0, 0],
						"1.5": [-30, 0, 0],
						"1.75": [0, 0, 0],
						"1.875": [50, 0, 0],
						"2.0": [-30, 0, 0],
						"2.25": [0, 0, 0],
						"2.375": [50, 0, 0],
						"2.5": [-30, 0, 0],
						"2.75": [0, 0, 0],
						"2.875": [50, 0, 0],
						"3.0": [-30, 0, 0],
						"3.25": [0, 0, 0],
						"3.375": [50, 0, 0],
						"3.5": [-30, 0, 0],
						"3.75": [0, 0, 0],
						"3.875": [50, 0, 0],
						"4.0": [-30, 0, 0]
					},
					"position": {
						"0.0": [0, -0.083, -0.07],
						"0.25": [0, 0, 0],
						"0.375": [0, 0, 0],
						"0.5": [0, -0.083, -0.07],
						"0.75": [0, 0, 0],
						"0.875": [0, 0, 0],
						"1.0": [0, -0.083, -0.07],
						"1.25": [0, 0, 0],
						"1.375": [0, 0, 0],
						"1.5": [0, -0.083, -0.07],
						"1.75": [0, 0, 0],
						"1.875": [0, 0, 0],
						"2.0": [0, -0.083, -0.07],
						"2.25": [0, 0, 0],
						"2.375": [0, 0, 0],
						"2.5": [0, -0.083, -0.07],
						"2.75": [0, 0, 0],
						"2.875": [0, 0, 0],
						"3.0": [0, -0.083, -0.07],
						"3.25": [0, 0, 0],
						"3.375": [0, 0, 0],
						"3.5": [0, -0.083, -0.07],
						"3.75": [0, 0, 0],
						"3.875": [0, 0, 0],
						"4.0": [0, -0.083, -0.07]
					}
				},
				"RightFoot": {
					"rotation": {
						"0.0": [0, 0, 0],
						"0.125": [15, 0, 0],
						"0.25": [0, 0, 0],
						"0.5": [0, 0, 0],
						"0.625": [15, 0, 0],
						"0.75": [0, 0, 0],
						"1.0": [0, 0, 0],
						"1.125": [15, 0, 0],
						"1.25": [0, 0, 0],
						"1.5": [0, 0, 0],
						"1.625": [15, 0, 0],
						"1.75": [0, 0, 0],
						"2.0": [0, 0, 0],
						"2.125": [15, 0, 0],
						"2.25": [0, 0, 0],
						"2.5": [0, 0, 0],
						"2.625": [15, 0, 0],
						"2.75": [0, 0, 0],
						"3.0": [0, 0, 0],
						"3.125": [15, 0, 0],
						"3.25": [0, 0, 0],
						"3.5": [0, 0, 0],
						"3.625": [15, 0, 0],
						"3.75": [0, 0, 0],
						"4.0": [0, 0, 0]
					},
					"position": {
						"0.0": [0, 0, 0],
						"0.125": [0, 0.53, 0.3],
						"0.25": [0, 0.06, -0.7],
						"0.5": [0, 0, 0],
						"0.625": [0, 0.53, 0.3],
						"0.75": [0, 0.06, -0.7],
						"1.0": [0, 0, 0],
						"1.125": [0, 0.53, 0.3],
						"1.25": [0, 0.06, -0.7],
						"1.5": [0, 0, 0],
						"1.625": [0, 0.53, 0.3],
						"1.75": [0, 0.06, -0.7],
						"2.0": [0, 0, 0],
						"2.125": [0, 0.53, 0.3],
						"2.25": [0, 0.06, -0.7],
						"2.5": [0, 0, 0],
						"2.625": [0, 0.53, 0.3],
						"2.75": [0, 0.06, -0.7],
						"3.0": [0, 0, 0],
						"3.125": [0, 0.53, 0.3],
						"3.25": [0, 0.06, -0.7],
						"3.5": [0, 0, 0],
						"3.625": [0, 0.53, 0.3],
						"3.75": [0, 0.06, -0.7],
						"4.0": [0, 0, 0]
					}
				},
				"RightThigh": {
					"rotation": {
						"0.0": [0, 0, 0],
						"0.125": [-30, 0, 0],
						"0.25": [-7.5, 0, 0],
						"0.5": [0, 0, 0],
						"0.625": [-30, 0, 0],
						"0.75": [-7.5, 0, 0],
						"1.0": [0, 0, 0],
						"1.125": [-30, 0, 0],
						"1.25": [-7.5, 0, 0],
						"1.5": [0, 0, 0],
						"1.625": [-30, 0, 0],
						"1.75": [-7.5, 0, 0],
						"2.0": [0, 0, 0],
						"2.125": [-30, 0, 0],
						"2.25": [-7.5, 0, 0],
						"2.5": [0, 0, 0],
						"2.625": [-30, 0, 0],
						"2.75": [-7.5, 0, 0],
						"3.0": [0, 0, 0],
						"3.125": [-30, 0, 0],
						"3.25": [-7.5, 0, 0],
						"3.5": [0, 0, 0],
						"3.625": [-30, 0, 0],
						"3.75": [-7.5, 0, 0],
						"4.0": [0, 0, 0]
					},
					"position": {
						"0.0": [0, 0, 0],
						"0.125": [0, 0.5, 0.25],
						"0.25": [0, 0.061, -0.7],
						"0.5": [0, 0, 0],
						"0.625": [0, 0.5, 0.25],
						"0.75": [0, 0.061, -0.7],
						"1.0": [0, 0, 0],
						"1.125": [0, 0.5, 0.25],
						"1.25": [0, 0.061, -0.7],
						"1.5": [0, 0, 0],
						"1.625": [0, 0.5, 0.25],
						"1.75": [0, 0.061, -0.7],
						"2.0": [0, 0, 0],
						"2.125": [0, 0.5, 0.25],
						"2.25": [0, 0.061, -0.7],
						"2.5": [0, 0, 0],
						"2.625": [0, 0.5, 0.25],
						"2.75": [0, 0.061, -0.7],
						"3.0": [0, 0, 0],
						"3.125": [0, 0.5, 0.25],
						"3.25": [0, 0.061, -0.7],
						"3.5": [0, 0, 0],
						"3.625": [0, 0.5, 0.25],
						"3.75": [0, 0.061, -0.7],
						"4.0": [0, 0, 0]
					}
				},
				"RightAnkle": {
					"rotation": {
						"0.0": [0, 0, 0],
						"0.125": [50, 0, 0],
						"0.25": [-30, 0, 0],
						"0.5": [0, 0, 0],
						"0.625": [50, 0, 0],
						"0.75": [-30, 0, 0],
						"1.0": [0, 0, 0],
						"1.125": [50, 0, 0],
						"1.25": [-30, 0, 0],
						"1.5": [0, 0, 0],
						"1.625": [50, 0, 0],
						"1.75": [-30, 0, 0],
						"2.0": [0, 0, 0],
						"2.125": [50, 0, 0],
						"2.25": [-30, 0, 0],
						"2.5": [0, 0, 0],
						"2.625": [50, 0, 0],
						"2.75": [-30, 0, 0],
						"3.0": [0, 0, 0],
						"3.125": [50, 0, 0],
						"3.25": [-30, 0, 0],
						"3.5": [0, 0, 0],
						"3.625": [50, 0, 0],
						"3.75": [-30, 0, 0],
						"4.0": [0, 0, 0]
					},
					"position": {
						"0.0": [0, 0, 0],
						"0.125": [0, 0, 0],
						"0.25": [0, -0.083, -0.07],
						"0.5": [0, 0, 0],
						"0.625": [0, 0, 0],
						"0.75": [0, -0.083, -0.07],
						"1.0": [0, 0, 0],
						"1.125": [0, 0, 0],
						"1.25": [0, -0.083, -0.07],
						"1.5": [0, 0, 0],
						"1.625": [0, 0, 0],
						"1.75": [0, -0.083, -0.07],
						"2.0": [0, 0, 0],
						"2.125": [0, 0, 0],
						"2.25": [0, -0.083, -0.07],
						"2.5": [0, 0, 0],
						"2.625": [0, 0, 0],
						"2.75": [0, -0.083, -0.07],
						"3.0": [0, 0, 0],
						"3.125": [0, 0, 0],
						"3.25": [0, -0.083, -0.07],
						"3.5": [0, 0, 0],
						"3.625": [0, 0, 0],
						"3.75": [0, -0.083, -0.07],
						"4.0": [0, 0, 0]
					}
				}
			}
		},
		"animation.frostnatch.sleep": {
			"loop": true,
			"animation_length": 4,
			"bones": {
				"FullBody": {
					"position": [0, -2, 0],
					"scale": {
						"0.0": [1, 1, 1],
						"2.0": [1, 1.1, 1],
						"4.0": [1, 1, 1]
					}
				},
				"LeftWing": {
					"rotation": {
						"0.0": [0, 0, 90],
						"2.0": [0, 0, 87.5],
						"4.0": [0, 0, 90]
					},
					"position": [2.35, 1.75, 0]
				},
				"RightWing": {
					"rotation": {
						"0.0": [0, 0, -90],
						"2.0": [0, 0, -87.5],
						"4.0": [0, 0, -90]
					},
					"position": [-2.35, 1.75, 0]
				},
				"head": {
					"position": [0, -1.75, -1]
				},
				"Eyes": {
					"rotation": [0, 0, 0],
					"position": [0, 7, 0],
					"scale": [1, 0.03, 1]
				},
				"TopBeak": {
					"rotation": {
						"0.0": [0, 0, 0],
						"1.0": [-5, 0, 0],
						"2.0": [0, 0, 0],
						"3.0": [-5, 0, 0],
						"4.0": [0, 0, 0]
					}
				},
				"BottomBeak": {
					"rotation": [-12.5, 0, 0]
				},
				"Neck": {
					"rotation": [45, 0, 0],
					"position": [0, 0.5, -3.6]
				},
				"RightTailFeather": {
					"rotation": {
						"0.0": [-10.5404, -1.6311, -10.4133],
						"4.0": [-10.5404, -1.6311, -10.4133]
					}
				},
				"LeftTailFeather": {
					"rotation": {
						"0.0": [-10.5404, 1.63106, 10.41326],
						"4.0": [-10.5404, 1.63106, 10.41326]
					}
				},
				"BigTailFeather": {
					"rotation": {
						"0.0": [-10, 0, 0],
						"4.0": [-10, 0, 0]
					},
					"position": {
						"0.0": [0, 0, 0],
						"2.0": [0, 0.25, 0],
						"4.0": [0, 0, 0]
					}
				},
				"LeftFoot": {
					"position": [0, 1, 0]
				},
				"LeftThigh": {
					"position": [0, 1, 0]
				},
				"RightFoot": {
					"position": [0, 1, 0]
				},
				"RightThigh": {
					"position": [0, 1, 0]
				}
			}
		},
		"animation.frostnatch.faint": {
			"loop": "hold_on_last_frame",
			"animation_length": 15,
			"bones": {
				"FullBody": {
					"rotation": {
						"0.0": [0, 0, 0],
						"0.25": [0, -10, 17.5],
						"0.4167": [0, 0, 17.5],
						"0.7917": [0, 22.5, -35],
						"1.0": [0, 0, -35],
						"1.1667": [0, 0, 17.5],
						"1.25": [19.98436, 0.75155, 15.11557],
						"1.5": [0, 0, 0]
					},
					"position": {
						"0.0": [0, 0, 0],
						"1.25": [0, 0, 0],
						"1.5": [0, -2, 0]
					},
					"scale": {
						"0.0": [1, 1, 1],
						"1.5": [1, 1, 1]
					}
				},
				"LeftWing": {
					"rotation": {
						"0.0": [0, 0, 0],
						"0.25": [0, 0, 45],
						"0.2917": [0, 0, 39],
						"0.3333": [0, 0, 33.26],
						"0.375": [0, 0, 42.79],
						"0.5417": [0, 0, -20.22],
						"0.7083": [0, 0, 13.18],
						"0.8333": [0, 0, -30.24],
						"0.875": [0, 0, -12.72],
						"0.9167": [0, 0, -13.37],
						"0.9583": [0, 0, 1.51],
						"1.5": [0, 0, 90]
					},
					"position": {
						"0.0": [0, 0, 0],
						"0.5417": [-0.15, -1.62, 0],
						"0.7083": [0, 0.51, 0],
						"0.8333": [0.06, -1.23, 0],
						"0.875": [-0.05, -1.04, 0],
						"0.9167": [-0.14, -0.85, 0],
						"0.9583": [-0.21, -0.66, 0],
						"1.5": [2.35, 1.75, 0]
					}
				},
				"RightWing": {
					"rotation": {
						"0.0": [0, 0, 0],
						"0.25": [0, 0, 42.5],
						"0.2917": [0, 0, 30.58],
						"0.3333": [0, 0, 36.42],
						"0.375": [0, 0, 16.91],
						"0.5417": [0, 0, -28.93],
						"0.7917": [0, 0, 17.3],
						"0.8333": [0, 0, 7.02],
						"0.875": [0, 0, 10.96],
						"0.9167": [0, 0, -3.27],
						"0.9583": [0, 0, -1.97],
						"1.5": [0, 0, -90]
					},
					"position": {
						"0.0": [0, 0, 0],
						"0.25": [-0.39, -0.96, 0],
						"0.7917": [-0.24, -1.04, 0],
						"0.8333": [-0.35, -0.88, 0],
						"0.9167": [-0.35, -0.55, 0],
						"1.5": [-2.35, 1.75, 0]
					}
				},
				"head": {
					"rotation": {
						"0.0": [-7.5, 0, 7.5],
						"0.25": [-31.60659, 7.99365, 20.23415],
						"0.2917": [-31.28223, 9.29798, 22.39149],
						"0.375": [-31.78902, 7.11668, 18.80525],
						"0.4167": [-31.60659, 7.99365, 20.23415],
						"0.7917": [-29.47028, -14.36495, -16.20348],
						"0.8333": [-31.98156, -5.87956, -1.82127],
						"0.875": [-31.08531, -9.66321, -8.07046],
						"0.9167": [-31.37698, -8.67662, -6.40163],
						"0.9583": [-31.14192, -9.63295, -7.98326],
						"1.0": [-30.90686, -10.58927, -9.56488],
						"1.5": [0, 0, 0]
					},
					"position": {
						"0.0": [0, 0, 0],
						"0.25": [0, 0.5, 0],
						"0.4167": [0, 0.5, 0],
						"0.7917": [0, -0.28, -0.85],
						"1.5": [0, -1.75, -1]
					}
				},
				"MainHead": {
					"position": {
						"0.0": [0, 0, 0],
						"0.5": [0, 0, -0.25]
					}
				},
				"Eyes": {
					"rotation": {
						"0.2083": [0, 0, 0],
						"0.4167": [0, 0, 0],
						"0.6667": [0, 0, 0],
						"1.0": [0, 0, 0],
						"1.5": [0, 0, 0]
					},
					"position": {
						"0.0": [0, 0, 0],
						"0.2083": [0, 1.94, 0],
						"0.25": [0, 0, 0],
						"0.4167": [0, 1.94, 0],
						"0.6667": [0, 4.66, 0],
						"0.7917": [0, 0, 0],
						"1.0": [0, 4.66, 0],
						"1.5": [0, 7, 0]
					},
					"scale": {
						"0.0": [1, 1, 1],
						"0.2083": [1, 0.7306, 1],
						"0.25": [1, 1, 1],
						"0.4167": [1, 0.7306, 1],
						"0.6667": [1, 0.3534, 1],
						"0.7917": [1, 1, 1],
						"1.0": [1, 0.3534, 1],
						"1.5": [1, 0.03, 1]
					}
				},
				"BigHeadSpike": {
					"rotation": [0, 0, 0]
				},
				"TopBeak": {
					"rotation": {
						"0.0": [-10, 0, 0],
						"1.5": [0, 0, 0]
					}
				},
				"BottomBeak": {
					"rotation": [-12.5, 0, 0]
				},
				"Neck": {
					"rotation": {
						"0.0": [0, 0, 0],
						"0.5": [12.48848, -0.54094, 2.44081],
						"1.5": [45, 0, 0]
					},
					"position": {
						"0.0": [0, 0, 0],
						"0.5": [0.25, 0.92, -0.95],
						"1.0833": [0.1, 0.92, -2.52],
						"1.4583": [0.01, 0.81, -3.45],
						"1.5": [0, 0.5, -3.6]
					}
				},
				"RightTailFeather": {
					"rotation": {
						"0.0": [-10.5404, -1.6311, -10.4133],
						"0.25": [4.82277, -1.0727, 5.7048],
						"0.5": [-10.5404, -1.6311, -10.4133],
						"0.75": [4.82277, -1.0727, 5.7048],
						"1.0": [-10.5404, -1.6311, -10.4133],
						"1.25": [4.82277, -1.0727, 5.7048],
						"1.5": [-10.5404, -1.6311, -10.4133]
					}
				},
				"LeftTailFeather": {
					"rotation": {
						"0.0": [-10.5404, 1.63106, 10.41326],
						"0.25": [4.82277, 1.07271, -5.70477],
						"0.5": [-10.5404, 1.63106, 10.41326],
						"0.75": [4.82277, 1.07271, -5.70477],
						"1.0": [-10.5404, 1.63106, 10.41326],
						"1.25": [4.82277, 1.07271, -5.70477],
						"1.5": [-10.5404, 1.63106, 10.41326]
					}
				},
				"BigTailFeather": {
					"rotation": {
						"0.0": [-10, 0, 0],
						"0.25": [5, 0, 0],
						"0.5": [-10, 0, 0],
						"0.75": [5, 0, 0],
						"1.0": [-10, 0, 0],
						"1.25": [5, 0, 0],
						"1.5": [-10, 0, 0]
					},
					"position": [0, 0, 0]
				},
				"LeftLeg": {
					"rotation": {
						"0.0": [0, 0, 0],
						"0.7083": [0, 0, -7.36],
						"0.75": [0, 0, -2.5],
						"0.7917": [0, 0, -5],
						"0.8333": [0, 0, -7.5],
						"0.875": [0, 0, -10],
						"1.0833": [0, 0, 0]
					},
					"position": {
						"0.0": [0, -1, 0],
						"0.3333": [0.39, -1, 0],
						"0.7083": [-0.25, -1, 0],
						"0.75": [-0.75, -1, 0],
						"0.9167": [-0.62, -1, 0],
						"0.9583": [-0.71, -1, 0],
						"1.0": [-0.97, -1, 0],
						"1.0833": [0, -1, 0]
					}
				},
				"LeftFoot": {
					"position": [0, 1, 0]
				},
				"LeftThigh": {
					"rotation": [0, 0, 0],
					"position": [0, 1, 0]
				},
				"LeftAnkle": {
					"rotation": [0, 0, 0],
					"position": [0, 1, 0]
				},
				"RightLeg": {
					"rotation": {
						"0.0": [0, 0, 0],
						"0.25": [0, 0, 5]
					},
					"position": {
						"0.0": [0, -1, 0],
						"0.25": [0.25, -1, 0],
						"0.3333": [0.38, -1, 0],
						"0.4167": [0.48, -1, 0],
						"0.75": [-0.56, -1, 0],
						"0.9167": [-0.7, -1, 0],
						"1.0": [-1.1, -1, 0],
						"1.0833": [0, -1, 0],
						"1.1667": [0.25, -1, 0]
					}
				},
				"RightFoot": {
					"position": [0, 1, 0]
				},
				"RightThigh": {
					"rotation": [0, 0, 0],
					"position": [0, 1, 0]
				},
				"RightAnkle": {
					"rotation": [0, 0, 0],
					"position": [0, 1, 0]
				}
			}
		},
		"animation.frostnatch.water_idle": {
			"loop": true,
			"animation_length": 4,
			"bones": {
				"FullBody": {
					"position": {
						"0.0": [0, -2, 0],
						"0.25": [0, -2.25, 0],
						"0.5": [0, -2, 0],
						"0.75": [0, -2.25, 0],
						"1.0": [0, -2, 0],
						"1.25": [0, -2.25, 0],
						"1.5": [0, -2, 0],
						"1.75": [0, -2.25, 0],
						"2.0": [0, -2.25, 0],
						"2.25": [0, -2.25, 0],
						"2.5": [0, -2, 0],
						"2.75": [0, -2.25, 0],
						"3.0": [0, -2, 0],
						"3.25": [0, -2.25, 0],
						"3.5": [0, -2, 0],
						"3.75": [0, -2.25, 0],
						"4.0": [0, -2, 0]
					},
					"scale": {
						"0.0": [1, 1, 1],
						"2.0": [1, 1, 1],
						"4.0": [1, 1, 1]
					}
				},
				"LeftWing": {
					"rotation": {
						"0.0": [0, 0, 15],
						"0.5": [0, 0, 0],
						"1.0": [0, 0, 15],
						"1.5": [0, 0, 0],
						"2.0": [0, 0, 15],
						"2.5": [0, 0, 0],
						"3.0": [0, 0, 15],
						"3.5": [0, 0, 0],
						"4.0": [0, 0, 15]
					}
				},
				"RightWing": {
					"rotation": {
						"0.0": [0, 0, 0],
						"0.5": [0, 0, -15],
						"1.0": [0, 0, 0],
						"1.5": [0, 0, -15],
						"2.0": [0, 0, 0],
						"2.5": [0, 0, -15],
						"3.0": [0, 0, 0],
						"3.5": [0, 0, -15],
						"4.0": [0, 0, 0]
					}
				},
				"head": {
					"rotation": {
						"0.0": [-7.5, 0, 7.5],
						"0.25": [0, 0, 0],
						"0.5": [-7.5, 0, -7.5],
						"0.75": [0, 0, 0],
						"1.0": [-7.5, 0, 7.5],
						"1.25": [0, 0, 0],
						"1.5": [-7.5, 0, -7.5],
						"1.75": [0, 0, 0],
						"2.0": [-7.5, 0, 7.5],
						"2.25": [0, 0, 0],
						"2.5": [-7.5, 0, -7.5],
						"2.75": [0, 0, 0],
						"3.0": [-7.5, 0, 7.5],
						"3.25": [0, 0, 0],
						"3.5": [-7.5, 0, -7.5],
						"3.75": [0, 0, 0],
						"4.0": [-7.5, 0, 7.5]
					},
					"position": {
						"0.0": [0, 0, 0],
						"1.0": [0, 0, 0],
						"2.0": [0, 0, 0],
						"3.0": [0, 0, 0],
						"4.0": [0, 0, 0]
					}
				},
				"Eyes": {
					"position": {
						"0.0": [0, 0, 0],
						"3.8333": [0, 0, 0],
						"3.9167": [0, 7.5, 0],
						"4.0": [0, 0, 0]
					},
					"scale": {
						"0.0": [1, 1, 1],
						"3.8333": [1, 1, 1],
						"3.9167": [1, 0, 1],
						"4.0": [1, 1, 1]
					}
				},
				"TopBeak": {
					"rotation": {
						"0.0": [-10, 0, 0],
						"0.25": [0, 0, 0],
						"0.5": [-10, 0, 0],
						"0.75": [0, 0, 0],
						"1.0": [-10, 0, 0],
						"1.25": [0, 0, 0],
						"1.5": [-10, 0, 0],
						"1.75": [0, 0, 0],
						"2.0": [-10, 0, 0],
						"2.25": [0, 0, 0],
						"2.5": [-10, 0, 0],
						"2.75": [0, 0, 0],
						"3.0": [-10, 0, 0],
						"3.25": [0, 0, 0],
						"3.5": [-10, 0, 0],
						"3.75": [0, 0, 0],
						"4.0": [-10, 0, 0]
					}
				},
				"RightTailFeather": {
					"rotation": {
						"0.0": [-10.5404, -1.6311, -10.4133],
						"0.25": [4.82277, -1.0727, 5.7048],
						"0.5": [-10.5404, -1.6311, -10.4133],
						"0.75": [4.82277, -1.0727, 5.7048],
						"1.0": [-10.5404, -1.6311, -10.4133],
						"1.25": [4.82277, -1.0727, 5.7048],
						"1.5": [-10.5404, -1.6311, -10.4133],
						"1.75": [4.82277, -1.0727, 5.7048],
						"2.0": [-10.5404, -1.6311, -10.4133],
						"2.25": [4.82277, -1.0727, 5.7048],
						"2.5": [-10.5404, -1.6311, -10.4133],
						"2.75": [4.82277, -1.0727, 5.7048],
						"3.0": [-10.5404, -1.6311, -10.4133],
						"3.25": [4.82277, -1.0727, 5.7048],
						"3.5": [-10.5404, -1.6311, -10.4133],
						"3.75": [4.82277, -1.0727, 5.7048],
						"4.0": [-10.5404, -1.6311, -10.4133]
					}
				},
				"LeftTailFeather": {
					"rotation": {
						"0.0": [-10.5404, 1.63106, 10.41326],
						"0.25": [4.82277, 1.07271, -5.70477],
						"0.5": [-10.5404, 1.63106, 10.41326],
						"0.75": [4.82277, 1.07271, -5.70477],
						"1.0": [-10.5404, 1.63106, 10.41326],
						"1.25": [4.82277, 1.07271, -5.70477],
						"1.5": [-10.5404, 1.63106, 10.41326],
						"1.75": [4.82277, 1.07271, -5.70477],
						"2.0": [-10.5404, 1.63106, 10.41326],
						"2.25": [4.82277, 1.07271, -5.70477],
						"2.5": [-10.5404, 1.63106, 10.41326],
						"2.75": [4.82277, 1.07271, -5.70477],
						"3.0": [-10.5404, 1.63106, 10.41326],
						"3.25": [4.82277, 1.07271, -5.70477],
						"3.5": [-10.5404, 1.63106, 10.41326],
						"3.75": [4.82277, 1.07271, -5.70477],
						"4.0": [-10.5404, 1.63106, 10.41326]
					}
				},
				"BigTailFeather": {
					"rotation": {
						"0.0": [-10, 0, 0],
						"0.25": [5, 0, 0],
						"0.5": [-10, 0, 0],
						"0.75": [5, 0, 0],
						"1.0": [-10, 0, 0],
						"1.25": [5, 0, 0],
						"1.5": [-10, 0, 0],
						"1.75": [5, 0, 0],
						"2.0": [-10, 0, 0],
						"2.25": [5, 0, 0],
						"2.5": [-10, 0, 0],
						"2.75": [5, 0, 0],
						"3.0": [-10, 0, 0],
						"3.25": [5, 0, 0],
						"3.5": [-10, 0, 0],
						"3.75": [5, 0, 0],
						"4.0": [-10, 0, 0]
					}
				},
				"LeftLeg": {
					"rotation": {
						"0.0": [-52.5, 0, 0],
						"0.25": [50, 0, 0],
						"0.5": [-52.5, 0, 0],
						"0.75": [50, 0, 0],
						"1.0": [-52.5, 0, 0],
						"1.25": [50, 0, 0],
						"1.5": [-52.5, 0, 0],
						"1.75": [50, 0, 0],
						"2.0": [-52.5, 0, 0],
						"2.25": [50, 0, 0],
						"2.5": [-52.5, 0, 0],
						"2.75": [50, 0, 0],
						"3.0": [-52.5, 0, 0],
						"3.25": [50, 0, 0],
						"3.5": [-52.5, 0, 0],
						"3.75": [50, 0, 0],
						"4.0": [-52.5, 0, 0]
					},
					"position": {
						"0.0": [0, -2, 0],
						"0.25": [0, -2.25, 0],
						"0.5": [0, -2, 0],
						"0.75": [0, -2.25, 0],
						"1.0": [0, -2, 0],
						"1.25": [0, -2.25, 0],
						"1.5": [0, -2, 0],
						"1.75": [0, -2.25, 0],
						"2.0": [0, -2, 0],
						"2.25": [0, -2.25, 0],
						"2.5": [0, -2, 0],
						"2.75": [0, -2.25, 0],
						"3.0": [0, -2, 0],
						"3.25": [0, -2.25, 0],
						"3.5": [0, -2, 0],
						"3.75": [0, -2.25, 0],
						"4.0": [0, -2, 0]
					}
				},
				"LeftFoot": {
					"rotation": {
						"0.0": [182.5, 0, 0],
						"0.25": [2.5, 0, 0],
						"0.5": [182.5, 0, 0],
						"0.75": [2.5, 0, 0],
						"1.0": [182.5, 0, 0],
						"1.25": [2.5, 0, 0],
						"1.5": [182.5, 0, 0],
						"1.75": [2.5, 0, 0],
						"2.0": [182.5, 0, 0],
						"2.25": [2.5, 0, 0],
						"2.5": [182.5, 0, 0],
						"2.75": [2.5, 0, 0],
						"3.0": [182.5, 0, 0],
						"3.25": [2.5, 0, 0],
						"3.5": [182.5, 0, 0],
						"3.75": [2.5, 0, 0],
						"4.0": [182.5, 0, 0]
					}
				},
				"LeftThigh": {
					"rotation": {
						"0.0": [20, 0, 0],
						"0.25": [-32.5, 0, 0],
						"0.5": [20, 0, 0],
						"0.75": [-32.5, 0, 0],
						"1.0": [20, 0, 0],
						"1.25": [-32.5, 0, 0],
						"1.5": [20, 0, 0],
						"1.75": [-32.5, 0, 0],
						"2.0": [20, 0, 0],
						"2.25": [-32.5, 0, 0],
						"2.5": [20, 0, 0],
						"2.75": [-32.5, 0, 0],
						"3.0": [20, 0, 0],
						"3.25": [-32.5, 0, 0],
						"3.5": [20, 0, 0],
						"3.75": [-32.5, 0, 0],
						"4.0": [20, 0, 0]
					}
				},
				"LeftAnkle": {
					"rotation": {
						"0.0": [-22.5, 0, 0],
						"0.25": [27.5, 0, 0],
						"0.5": [-22.5, 0, 0],
						"0.75": [27.5, 0, 0],
						"1.0": [-22.5, 0, 0],
						"1.25": [27.5, 0, 0],
						"1.5": [-22.5, 0, 0],
						"1.75": [27.5, 0, 0],
						"2.0": [-22.5, 0, 0],
						"2.25": [27.5, 0, 0],
						"2.5": [-22.5, 0, 0],
						"2.75": [27.5, 0, 0],
						"3.0": [-22.5, 0, 0],
						"3.25": [27.5, 0, 0],
						"3.5": [-22.5, 0, 0],
						"3.75": [27.5, 0, 0],
						"4.0": [-22.5, 0, 0]
					},
					"position": {
						"0.0": [0, -0.15, 0.04],
						"0.25": [0, -0.28, 0.08],
						"0.5": [0, -0.15, 0.04],
						"0.75": [0, -0.28, 0.08],
						"1.0": [0, -0.15, 0.04],
						"1.25": [0, -0.28, 0.08],
						"1.5": [0, -0.15, 0.04],
						"1.75": [0, -0.28, 0.08],
						"2.0": [0, -0.15, 0.04],
						"2.25": [0, -0.28, 0.08],
						"2.5": [0, -0.15, 0.04],
						"2.75": [0, -0.28, 0.08],
						"3.0": [0, -0.15, 0.04],
						"3.25": [0, -0.28, 0.08],
						"3.5": [0, -0.15, 0.04],
						"3.75": [0, -0.28, 0.08],
						"4.0": [0, -0.15, 0.04]
					}
				},
				"RightLeg": {
					"rotation": {
						"0.0": [52.5, 0, 0],
						"0.25": [-30, 0, 0],
						"0.5": [52.5, 0, 0],
						"0.75": [-30, 0, 0],
						"1.0": [52.5, 0, 0],
						"1.25": [-30, 0, 0],
						"1.5": [52.5, 0, 0],
						"1.75": [-30, 0, 0],
						"2.0": [52.5, 0, 0],
						"2.25": [-30, 0, 0],
						"2.5": [52.5, 0, 0],
						"2.75": [-30, 0, 0],
						"3.0": [52.5, 0, 0],
						"3.25": [-30, 0, 0],
						"3.5": [52.5, 0, 0],
						"3.75": [-30, 0, 0],
						"4.0": [52.5, 0, 0]
					},
					"position": {
						"0.0": [0, -2, 0],
						"0.25": [0, -2.25, 0],
						"0.5": [0, -2, 0],
						"0.75": [0, -2.25, 0],
						"1.0": [0, -2, 0],
						"1.25": [0, -2.25, 0],
						"1.5": [0, -2, 0],
						"1.75": [0, -2.25, 0],
						"2.0": [0, -2, 0],
						"2.25": [0, -2.25, 0],
						"2.5": [0, -2, 0],
						"2.75": [0, -2.25, 0],
						"3.0": [0, -2, 0],
						"3.25": [0, -2.25, 0],
						"3.5": [0, -2, 0],
						"3.75": [0, -2.25, 0],
						"4.0": [0, -2, 0]
					}
				},
				"RightFoot": {
					"rotation": {
						"0.0": [-15, 0, 0],
						"0.25": [175, 0, 0],
						"0.5": [-15, 0, 0],
						"0.75": [175, 0, 0],
						"1.0": [-15, 0, 0],
						"1.25": [175, 0, 0],
						"1.5": [-15, 0, 0],
						"1.75": [175, 0, 0],
						"2.0": [-15, 0, 0],
						"2.25": [175, 0, 0],
						"2.5": [-15, 0, 0],
						"2.75": [175, 0, 0],
						"3.0": [-15, 0, 0],
						"3.25": [175, 0, 0],
						"3.5": [-15, 0, 0],
						"3.75": [175, 0, 0],
						"4.0": [-15, 0, 0]
					}
				},
				"RightThigh": {
					"rotation": {
						"0.0": [-40, 0, 0],
						"0.25": [32.5, 0, 0],
						"0.5": [-40, 0, 0],
						"0.75": [32.5, 0, 0],
						"1.0": [-40, 0, 0],
						"1.25": [32.5, 0, 0],
						"1.5": [-40, 0, 0],
						"1.75": [32.5, 0, 0],
						"2.0": [-40, 0, 0],
						"2.25": [32.5, 0, 0],
						"2.5": [-40, 0, 0],
						"2.75": [32.5, 0, 0],
						"3.0": [-40, 0, 0],
						"3.25": [32.5, 0, 0],
						"3.5": [-40, 0, 0],
						"3.75": [32.5, 0, 0],
						"4.0": [-40, 0, 0]
					}
				},
				"RightAnkle": {
					"rotation": {
						"0.0": [22.5, 0, 0],
						"0.25": [-17.5, 0, 0],
						"0.5": [22.5, 0, 0],
						"0.75": [-17.5, 0, 0],
						"1.0": [22.5, 0, 0],
						"1.25": [-17.5, 0, 0],
						"1.5": [22.5, 0, 0],
						"1.75": [-17.5, 0, 0],
						"2.0": [22.5, 0, 0],
						"2.25": [-17.5, 0, 0],
						"2.5": [22.5, 0, 0],
						"2.75": [-17.5, 0, 0],
						"3.0": [22.5, 0, 0],
						"3.25": [-17.5, 0, 0],
						"3.5": [22.5, 0, 0],
						"3.75": [-17.5, 0, 0],
						"4.0": [22.5, 0, 0]
					},
					"position": {
						"0.0": [0, -0.35, 0.25],
						"0.25": [0, -0.25, -0.25],
						"0.5": [0, -0.35, 0.25],
						"0.75": [0, -0.25, -0.25],
						"1.0": [0, -0.35, 0.25],
						"1.25": [0, -0.25, -0.25],
						"1.5": [0, -0.35, 0.25],
						"1.75": [0, -0.25, -0.25],
						"2.0": [0, -0.35, 0.25],
						"2.25": [0, -0.25, -0.25],
						"2.5": [0, -0.35, 0.25],
						"2.75": [0, -0.25, -0.25],
						"3.0": [0, -0.35, 0.25],
						"3.25": [0, -0.25, -0.25],
						"3.5": [0, -0.35, 0.25],
						"3.75": [0, -0.25, -0.25],
						"4.0": [0, -0.35, 0.25]
					}
				}
			}
		},
		"animation.frostnatch.water_swim": {
			"loop": true,
			"animation_length": 4,
			"bones": {
				"FullBody": {
					"position": {
						"0.0": [0, -2, 0],
						"0.25": [0, -2.25, 0],
						"0.5": [0, -2, 0],
						"0.75": [0, -2.25, 0],
						"1.0": [0, -2, 0],
						"1.25": [0, -2.25, 0],
						"1.5": [0, -2, 0],
						"1.75": [0, -2.25, 0],
						"2.0": [0, -2.25, 0],
						"2.25": [0, -2.25, 0],
						"2.5": [0, -2, 0],
						"2.75": [0, -2.25, 0],
						"3.0": [0, -2, 0],
						"3.25": [0, -2.25, 0],
						"3.5": [0, -2, 0],
						"3.75": [0, -2.25, 0],
						"4.0": [0, -2, 0]
					},
					"scale": {
						"0.0": [1, 1, 1],
						"2.0": [1, 1, 1],
						"4.0": [1, 1, 1]
					}
				},
				"LeftWing": {
					"rotation": {
						"0.0": [0, 0, 15],
						"0.5": [0, 0, 0],
						"1.0": [0, 0, 15],
						"1.5": [0, 0, 0],
						"2.0": [0, 0, 15],
						"2.5": [0, 0, 0],
						"3.0": [0, 0, 15],
						"3.5": [0, 0, 0],
						"4.0": [0, 0, 15]
					}
				},
				"RightWing": {
					"rotation": {
						"0.0": [0, 0, 0],
						"0.5": [0, 0, -15],
						"1.0": [0, 0, 0],
						"1.5": [0, 0, -15],
						"2.0": [0, 0, 0],
						"2.5": [0, 0, -15],
						"3.0": [0, 0, 0],
						"3.5": [0, 0, -15],
						"4.0": [0, 0, 0]
					}
				},
				"head": {
					"rotation": {
						"0.0": [-7.5, 0, 7.5],
						"0.25": [0, 0, 0],
						"0.5": [-7.5, 0, -7.5],
						"0.75": [0, 0, 0],
						"1.0": [-7.5, 0, 7.5],
						"1.25": [0, 0, 0],
						"1.5": [-7.5, 0, -7.5],
						"1.75": [0, 0, 0],
						"2.0": [-7.5, 0, 7.5],
						"2.25": [0, 0, 0],
						"2.5": [-7.5, 0, -7.5],
						"2.75": [0, 0, 0],
						"3.0": [-7.5, 0, 7.5],
						"3.25": [0, 0, 0],
						"3.5": [-7.5, 0, -7.5],
						"3.75": [0, 0, 0],
						"4.0": [-7.5, 0, 7.5]
					},
					"position": {
						"0.0": [0, -0.25, -0.75],
						"1.0": [0, -0.25, -0.75],
						"2.0": [0, -0.25, -0.75],
						"3.0": [0, -0.25, -0.75],
						"4.0": [0, -0.25, -0.75]
					}
				},
				"Eyes": {
					"position": {
						"0.0": [0, 0, 0],
						"3.8333": [0, 0, 0],
						"3.9167": [0, 7.5, 0],
						"4.0": [0, 0, 0]
					},
					"scale": {
						"0.0": [1, 1, 1],
						"3.8333": [1, 1, 1],
						"3.9167": [1, 0, 1],
						"4.0": [1, 1, 1]
					}
				},
				"TopBeak": {
					"rotation": {
						"0.0": [-10, 0, 0],
						"0.25": [0, 0, 0],
						"0.5": [-10, 0, 0],
						"0.75": [0, 0, 0],
						"1.0": [-10, 0, 0],
						"1.25": [0, 0, 0],
						"1.5": [-10, 0, 0],
						"1.75": [0, 0, 0],
						"2.0": [-10, 0, 0],
						"2.25": [0, 0, 0],
						"2.5": [-10, 0, 0],
						"2.75": [0, 0, 0],
						"3.0": [-10, 0, 0],
						"3.25": [0, 0, 0],
						"3.5": [-10, 0, 0],
						"3.75": [0, 0, 0],
						"4.0": [-10, 0, 0]
					}
				},
				"Neck": {
					"rotation": [15, 0, 0],
					"position": [0, 0.53, -1]
				},
				"RightTailFeather": {
					"rotation": {
						"0.0": [-10.5404, -1.6311, -10.4133],
						"0.25": [4.82277, -1.0727, 5.7048],
						"0.5": [-10.5404, -1.6311, -10.4133],
						"0.75": [4.82277, -1.0727, 5.7048],
						"1.0": [-10.5404, -1.6311, -10.4133],
						"1.25": [4.82277, -1.0727, 5.7048],
						"1.5": [-10.5404, -1.6311, -10.4133],
						"1.75": [4.82277, -1.0727, 5.7048],
						"2.0": [-10.5404, -1.6311, -10.4133],
						"2.25": [4.82277, -1.0727, 5.7048],
						"2.5": [-10.5404, -1.6311, -10.4133],
						"2.75": [4.82277, -1.0727, 5.7048],
						"3.0": [-10.5404, -1.6311, -10.4133],
						"3.25": [4.82277, -1.0727, 5.7048],
						"3.5": [-10.5404, -1.6311, -10.4133],
						"3.75": [4.82277, -1.0727, 5.7048],
						"4.0": [-10.5404, -1.6311, -10.4133]
					}
				},
				"LeftTailFeather": {
					"rotation": {
						"0.0": [-10.5404, 1.63106, 10.41326],
						"0.25": [4.82277, 1.07271, -5.70477],
						"0.5": [-10.5404, 1.63106, 10.41326],
						"0.75": [4.82277, 1.07271, -5.70477],
						"1.0": [-10.5404, 1.63106, 10.41326],
						"1.25": [4.82277, 1.07271, -5.70477],
						"1.5": [-10.5404, 1.63106, 10.41326],
						"1.75": [4.82277, 1.07271, -5.70477],
						"2.0": [-10.5404, 1.63106, 10.41326],
						"2.25": [4.82277, 1.07271, -5.70477],
						"2.5": [-10.5404, 1.63106, 10.41326],
						"2.75": [4.82277, 1.07271, -5.70477],
						"3.0": [-10.5404, 1.63106, 10.41326],
						"3.25": [4.82277, 1.07271, -5.70477],
						"3.5": [-10.5404, 1.63106, 10.41326],
						"3.75": [4.82277, 1.07271, -5.70477],
						"4.0": [-10.5404, 1.63106, 10.41326]
					}
				},
				"BigTailFeather": {
					"rotation": {
						"0.0": [-10, 0, 0],
						"0.25": [5, 0, 0],
						"0.5": [-10, 0, 0],
						"0.75": [5, 0, 0],
						"1.0": [-10, 0, 0],
						"1.25": [5, 0, 0],
						"1.5": [-10, 0, 0],
						"1.75": [5, 0, 0],
						"2.0": [-10, 0, 0],
						"2.25": [5, 0, 0],
						"2.5": [-10, 0, 0],
						"2.75": [5, 0, 0],
						"3.0": [-10, 0, 0],
						"3.25": [5, 0, 0],
						"3.5": [-10, 0, 0],
						"3.75": [5, 0, 0],
						"4.0": [-10, 0, 0]
					}
				},
				"LeftLeg": {
					"rotation": {
						"0.0": [-52.5, 0, 0],
						"0.25": [50, 0, 0],
						"0.5": [-52.5, 0, 0],
						"0.75": [50, 0, 0],
						"1.0": [-52.5, 0, 0],
						"1.25": [50, 0, 0],
						"1.5": [-52.5, 0, 0],
						"1.75": [50, 0, 0],
						"2.0": [-52.5, 0, 0],
						"2.25": [50, 0, 0],
						"2.5": [-52.5, 0, 0],
						"2.75": [50, 0, 0],
						"3.0": [-52.5, 0, 0],
						"3.25": [50, 0, 0],
						"3.5": [-52.5, 0, 0],
						"3.75": [50, 0, 0],
						"4.0": [-52.5, 0, 0]
					},
					"position": {
						"0.0": [0, -2, 0],
						"0.25": [0, -2.25, 0],
						"0.5": [0, -2, 0],
						"0.75": [0, -2.25, 0],
						"1.0": [0, -2, 0],
						"1.25": [0, -2.25, 0],
						"1.5": [0, -2, 0],
						"1.75": [0, -2.25, 0],
						"2.0": [0, -2, 0],
						"2.25": [0, -2.25, 0],
						"2.5": [0, -2, 0],
						"2.75": [0, -2.25, 0],
						"3.0": [0, -2, 0],
						"3.25": [0, -2.25, 0],
						"3.5": [0, -2, 0],
						"3.75": [0, -2.25, 0],
						"4.0": [0, -2, 0]
					}
				},
				"LeftFoot": {
					"rotation": {
						"0.0": [182.5, 0, 0],
						"0.25": [2.5, 0, 0],
						"0.5": [182.5, 0, 0],
						"0.75": [2.5, 0, 0],
						"1.0": [182.5, 0, 0],
						"1.25": [2.5, 0, 0],
						"1.5": [182.5, 0, 0],
						"1.75": [2.5, 0, 0],
						"2.0": [182.5, 0, 0],
						"2.25": [2.5, 0, 0],
						"2.5": [182.5, 0, 0],
						"2.75": [2.5, 0, 0],
						"3.0": [182.5, 0, 0],
						"3.25": [2.5, 0, 0],
						"3.5": [182.5, 0, 0],
						"3.75": [2.5, 0, 0],
						"4.0": [182.5, 0, 0]
					}
				},
				"LeftThigh": {
					"rotation": {
						"0.0": [20, 0, 0],
						"0.25": [-32.5, 0, 0],
						"0.5": [20, 0, 0],
						"0.75": [-32.5, 0, 0],
						"1.0": [20, 0, 0],
						"1.25": [-32.5, 0, 0],
						"1.5": [20, 0, 0],
						"1.75": [-32.5, 0, 0],
						"2.0": [20, 0, 0],
						"2.25": [-32.5, 0, 0],
						"2.5": [20, 0, 0],
						"2.75": [-32.5, 0, 0],
						"3.0": [20, 0, 0],
						"3.25": [-32.5, 0, 0],
						"3.5": [20, 0, 0],
						"3.75": [-32.5, 0, 0],
						"4.0": [20, 0, 0]
					}
				},
				"LeftAnkle": {
					"rotation": {
						"0.0": [-22.5, 0, 0],
						"0.25": [27.5, 0, 0],
						"0.5": [-22.5, 0, 0],
						"0.75": [27.5, 0, 0],
						"1.0": [-22.5, 0, 0],
						"1.25": [27.5, 0, 0],
						"1.5": [-22.5, 0, 0],
						"1.75": [27.5, 0, 0],
						"2.0": [-22.5, 0, 0],
						"2.25": [27.5, 0, 0],
						"2.5": [-22.5, 0, 0],
						"2.75": [27.5, 0, 0],
						"3.0": [-22.5, 0, 0],
						"3.25": [27.5, 0, 0],
						"3.5": [-22.5, 0, 0],
						"3.75": [27.5, 0, 0],
						"4.0": [-22.5, 0, 0]
					},
					"position": {
						"0.0": [0, -0.15, 0.04],
						"0.25": [0, -0.28, 0.08],
						"0.5": [0, -0.15, 0.04],
						"0.75": [0, -0.28, 0.08],
						"1.0": [0, -0.15, 0.04],
						"1.25": [0, -0.28, 0.08],
						"1.5": [0, -0.15, 0.04],
						"1.75": [0, -0.28, 0.08],
						"2.0": [0, -0.15, 0.04],
						"2.25": [0, -0.28, 0.08],
						"2.5": [0, -0.15, 0.04],
						"2.75": [0, -0.28, 0.08],
						"3.0": [0, -0.15, 0.04],
						"3.25": [0, -0.28, 0.08],
						"3.5": [0, -0.15, 0.04],
						"3.75": [0, -0.28, 0.08],
						"4.0": [0, -0.15, 0.04]
					}
				},
				"RightLeg": {
					"rotation": {
						"0.0": [52.5, 0, 0],
						"0.25": [-30, 0, 0],
						"0.5": [52.5, 0, 0],
						"0.75": [-30, 0, 0],
						"1.0": [52.5, 0, 0],
						"1.25": [-30, 0, 0],
						"1.5": [52.5, 0, 0],
						"1.75": [-30, 0, 0],
						"2.0": [52.5, 0, 0],
						"2.25": [-30, 0, 0],
						"2.5": [52.5, 0, 0],
						"2.75": [-30, 0, 0],
						"3.0": [52.5, 0, 0],
						"3.25": [-30, 0, 0],
						"3.5": [52.5, 0, 0],
						"3.75": [-30, 0, 0],
						"4.0": [52.5, 0, 0]
					},
					"position": {
						"0.0": [0, -2, 0],
						"0.25": [0, -2.25, 0],
						"0.5": [0, -2, 0],
						"0.75": [0, -2.25, 0],
						"1.0": [0, -2, 0],
						"1.25": [0, -2.25, 0],
						"1.5": [0, -2, 0],
						"1.75": [0, -2.25, 0],
						"2.0": [0, -2, 0],
						"2.25": [0, -2.25, 0],
						"2.5": [0, -2, 0],
						"2.75": [0, -2.25, 0],
						"3.0": [0, -2, 0],
						"3.25": [0, -2.25, 0],
						"3.5": [0, -2, 0],
						"3.75": [0, -2.25, 0],
						"4.0": [0, -2, 0]
					}
				},
				"RightFoot": {
					"rotation": {
						"0.0": [-15, 0, 0],
						"0.25": [175, 0, 0],
						"0.5": [-15, 0, 0],
						"0.75": [175, 0, 0],
						"1.0": [-15, 0, 0],
						"1.25": [175, 0, 0],
						"1.5": [-15, 0, 0],
						"1.75": [175, 0, 0],
						"2.0": [-15, 0, 0],
						"2.25": [175, 0, 0],
						"2.5": [-15, 0, 0],
						"2.75": [175, 0, 0],
						"3.0": [-15, 0, 0],
						"3.25": [175, 0, 0],
						"3.5": [-15, 0, 0],
						"3.75": [175, 0, 0],
						"4.0": [-15, 0, 0]
					}
				},
				"RightThigh": {
					"rotation": {
						"0.0": [-40, 0, 0],
						"0.25": [32.5, 0, 0],
						"0.5": [-40, 0, 0],
						"0.75": [32.5, 0, 0],
						"1.0": [-40, 0, 0],
						"1.25": [32.5, 0, 0],
						"1.5": [-40, 0, 0],
						"1.75": [32.5, 0, 0],
						"2.0": [-40, 0, 0],
						"2.25": [32.5, 0, 0],
						"2.5": [-40, 0, 0],
						"2.75": [32.5, 0, 0],
						"3.0": [-40, 0, 0],
						"3.25": [32.5, 0, 0],
						"3.5": [-40, 0, 0],
						"3.75": [32.5, 0, 0],
						"4.0": [-40, 0, 0]
					}
				},
				"RightAnkle": {
					"rotation": {
						"0.0": [22.5, 0, 0],
						"0.25": [-17.5, 0, 0],
						"0.5": [22.5, 0, 0],
						"0.75": [-17.5, 0, 0],
						"1.0": [22.5, 0, 0],
						"1.25": [-17.5, 0, 0],
						"1.5": [22.5, 0, 0],
						"1.75": [-17.5, 0, 0],
						"2.0": [22.5, 0, 0],
						"2.25": [-17.5, 0, 0],
						"2.5": [22.5, 0, 0],
						"2.75": [-17.5, 0, 0],
						"3.0": [22.5, 0, 0],
						"3.25": [-17.5, 0, 0],
						"3.5": [22.5, 0, 0],
						"3.75": [-17.5, 0, 0],
						"4.0": [22.5, 0, 0]
					},
					"position": {
						"0.0": [0, -0.35, 0.25],
						"0.25": [0, -0.25, -0.25],
						"0.5": [0, -0.35, 0.25],
						"0.75": [0, -0.25, -0.25],
						"1.0": [0, -0.35, 0.25],
						"1.25": [0, -0.25, -0.25],
						"1.5": [0, -0.35, 0.25],
						"1.75": [0, -0.25, -0.25],
						"2.0": [0, -0.35, 0.25],
						"2.25": [0, -0.25, -0.25],
						"2.5": [0, -0.35, 0.25],
						"2.75": [0, -0.25, -0.25],
						"3.0": [0, -0.35, 0.25],
						"3.25": [0, -0.25, -0.25],
						"3.5": [0, -0.35, 0.25],
						"3.75": [0, -0.25, -0.25],
						"4.0": [0, -0.35, 0.25]
					}
				}
			}
		},
		"animation.frostnatch.cry": {
			"animation_length": 1.5,
			"bones": {
				"head": {
					"rotation": {
						"0.0": {
							"post": [0, 0, 0],
							"lerp_mode": "catmullrom"
						},
						"0.125": {
							"post": [-7.5, 0, 0],
							"lerp_mode": "catmullrom"
						},
						"0.1667": {
							"post": [-10, 0, 0],
							"lerp_mode": "catmullrom"
						},
						"0.2083": {
							"post": [-7.5, 0, 0],
							"lerp_mode": "catmullrom"
						},
						"0.25": {
							"post": [-10, 0, 0],
							"lerp_mode": "catmullrom"
						},
						"0.2917": {
							"post": [-7.5, 0, 0],
							"lerp_mode": "catmullrom"
						},
						"0.3333": {
							"post": [-10, 0, 0],
							"lerp_mode": "catmullrom"
						},
						"0.5": {
							"post": [17.5, 0, 0],
							"lerp_mode": "catmullrom"
						},
						"0.5417": {
							"post": [20, 0, 0],
							"lerp_mode": "catmullrom"
						},
						"0.5833": {
							"post": [17.5, 0, 0],
							"lerp_mode": "catmullrom"
						},
						"0.625": {
							"post": [20, 0, 0],
							"lerp_mode": "catmullrom"
						},
						"0.6667": {
							"post": [17.5, 0, 0],
							"lerp_mode": "catmullrom"
						},
						"0.7083": {
							"post": [20, 0, 0],
							"lerp_mode": "catmullrom"
						},
						"0.75": {
							"post": [17.5, 0, 0],
							"lerp_mode": "catmullrom"
						},
						"0.7917": {
							"post": [20, 0, 0],
							"lerp_mode": "catmullrom"
						},
						"0.8333": {
							"post": [17.5, 0, 0],
							"lerp_mode": "catmullrom"
						},
						"0.9583": {
							"post": [-12.5, 0, 0],
							"lerp_mode": "catmullrom"
						},
						"1.0": {
							"post": [-15, 0, 0],
							"lerp_mode": "catmullrom"
						},
						"1.0417": {
							"post": [-12.5, 0, 0],
							"lerp_mode": "catmullrom"
						},
						"1.0833": {
							"post": [-15, 0, 0],
							"lerp_mode": "catmullrom"
						},
						"1.125": {
							"post": [-12.5, 0, 0],
							"lerp_mode": "catmullrom"
						},
						"1.1667": {
							"post": [-15, 0, 0],
							"lerp_mode": "catmullrom"
						},
						"1.2083": {
							"post": [-12.5, 0, 0],
							"lerp_mode": "catmullrom"
						},
						"1.25": {
							"post": [-15, 0, 0],
							"lerp_mode": "catmullrom"
						},
						"1.2917": {
							"post": [-12.5, 0, 0],
							"lerp_mode": "catmullrom"
						},
						"1.3333": {
							"post": [-15, 0, 0],
							"lerp_mode": "catmullrom"
						},
						"1.375": {
							"post": [-12.5, 0, 0],
							"lerp_mode": "catmullrom"
						},
						"1.4167": {
							"post": [-15, 0, 0],
							"lerp_mode": "catmullrom"
						},
						"1.5": {
							"post": [0, 0, 0],
							"lerp_mode": "catmullrom"
						}
					}
				},
				"BottomBeak": {
					"rotation": {
						"0.0": {
							"post": [0, 0, 0],
							"lerp_mode": "catmullrom"
						},
						"0.125": {
							"post": [20, 0, 0],
							"lerp_mode": "catmullrom"
						},
						"0.1667": {
							"post": [22.5, 0, 0],
							"lerp_mode": "catmullrom"
						},
						"0.2083": {
							"post": [20, 0, 0],
							"lerp_mode": "catmullrom"
						},
						"0.25": {
							"post": [22.5, 0, 0],
							"lerp_mode": "catmullrom"
						},
						"0.2917": {
							"post": [20, 0, 0],
							"lerp_mode": "catmullrom"
						},
						"0.3333": {
							"post": [22.5, 0, 0],
							"lerp_mode": "catmullrom"
						},
						"0.4167": {
							"post": [0, 0, 0],
							"lerp_mode": "catmullrom"
						},
						"0.5": {
							"post": [20, 0, 0],
							"lerp_mode": "catmullrom"
						},
						"0.5417": {
							"post": [22.5, 0, 0],
							"lerp_mode": "catmullrom"
						},
						"0.5833": {
							"post": [20, 0, 0],
							"lerp_mode": "catmullrom"
						},
						"0.625": {
							"post": [22.5, 0, 0],
							"lerp_mode": "catmullrom"
						},
						"0.6667": {
							"post": [20, 0, 0],
							"lerp_mode": "catmullrom"
						},
						"0.7083": {
							"post": [22.5, 0, 0],
							"lerp_mode": "catmullrom"
						},
						"0.75": {
							"post": [20, 0, 0],
							"lerp_mode": "catmullrom"
						},
						"0.7917": {
							"post": [22.5, 0, 0],
							"lerp_mode": "catmullrom"
						},
						"0.8333": {
							"post": [20, 0, 0],
							"lerp_mode": "catmullrom"
						},
						"0.9167": {
							"post": [0, 0, 0],
							"lerp_mode": "catmullrom"
						},
						"1.0": {
							"post": [22.5, 0, 0],
							"lerp_mode": "catmullrom"
						},
						"1.0417": {
							"post": [20, 0, 0],
							"lerp_mode": "catmullrom"
						},
						"1.0833": {
							"post": [22.5, 0, 0],
							"lerp_mode": "catmullrom"
						},
						"1.125": {
							"post": [20, 0, 0],
							"lerp_mode": "catmullrom"
						},
						"1.1667": {
							"post": [22.5, 0, 0],
							"lerp_mode": "catmullrom"
						},
						"1.2083": {
							"post": [20, 0, 0],
							"lerp_mode": "catmullrom"
						},
						"1.25": {
							"post": [22.5, 0, 0],
							"lerp_mode": "catmullrom"
						},
						"1.2917": {
							"post": [20, 0, 0],
							"lerp_mode": "catmullrom"
						},
						"1.3333": {
							"post": [22.5, 0, 0],
							"lerp_mode": "catmullrom"
						},
						"1.375": {
							"post": [20, 0, 0],
							"lerp_mode": "catmullrom"
						},
						"1.4167": {
							"post": [22.5, 0, 0],
							"lerp_mode": "catmullrom"
						},
						"1.5": {
							"post": [0, 0, 0],
							"lerp_mode": "catmullrom"
						}
					},
					"position": {
						"0.0": {
							"post": [0, 0, 0],
							"lerp_mode": "catmullrom"
						},
						"0.125": {
							"post": [0, -0.25, 0.25],
							"lerp_mode": "catmullrom"
						},
						"0.2083": {
							"post": [0, -0.25, 0.25],
							"lerp_mode": "catmullrom"
						},
						"0.2917": {
							"post": [0, -0.25, 0.25],
							"lerp_mode": "catmullrom"
						},
						"0.4167": {
							"post": [0, 0, 0],
							"lerp_mode": "catmullrom"
						},
						"0.5": {
							"post": [0, -0.25, 0.25],
							"lerp_mode": "catmullrom"
						},
						"0.5833": {
							"post": [0, -0.25, 0.25],
							"lerp_mode": "catmullrom"
						},
						"0.6667": {
							"post": [0, -0.25, 0.25],
							"lerp_mode": "catmullrom"
						},
						"0.75": {
							"post": [0, -0.25, 0.25],
							"lerp_mode": "catmullrom"
						},
						"0.8333": {
							"post": [0, -0.25, 0.25],
							"lerp_mode": "catmullrom"
						},
						"0.9167": {
							"post": [0, 0, 0],
							"lerp_mode": "catmullrom"
						},
						"1.0417": {
							"post": [0, -0.25, 0.25],
							"lerp_mode": "catmullrom"
						},
						"1.125": {
							"post": [0, -0.25, 0.25],
							"lerp_mode": "catmullrom"
						},
						"1.2083": {
							"post": [0, -0.25, 0.25],
							"lerp_mode": "catmullrom"
						},
						"1.2917": {
							"post": [0, -0.25, 0.25],
							"lerp_mode": "catmullrom"
						},
						"1.375": {
							"post": [0, -0.25, 0.25],
							"lerp_mode": "catmullrom"
						},
						"1.5": {
							"post": [0, 0, 0],
							"lerp_mode": "catmullrom"
						}
					}
				}
			},
			"sound_effects": {
				"0.0": {
					"effect": "pokemon.frostnatch.cry"
				}
			}
		}
	}
}