{
	"format_version": "1.12.0",
	"minecraft:geometry": [
		{
			"description": {
				"identifier": "geometry.bewear",
				"texture_width": 128,
				"texture_height": 128,
				"visible_bounds_width": 5,
				"visible_bounds_height": 4.5,
				"visible_bounds_offset": [0, 1.75, 0]
			},
			"bones": [
				{
					"name": "bewear",
					"pivot": [0, 0, 9]
				},
				{
					"name": "body",
					"parent": "bewear",
					"pivot": [0, 1, 9]
				},
				{
					"name": "torso",
					"parent": "body",
					"pivot": [0, 13.75, 9],
					"rotation": [70, 0, 0],
					"cubes": [
						{"origin": [-8, 11.75, 1], "size": [16, 19, 15], "inflate": 0.01, "pivot": [0, 1, 8.5], "rotation": [0, 180, 0], "uv": [0, 0]}
					]
				},
				{
					"name": "head",
					"parent": "torso",
					"pivot": [0, 31.75, 0.5],
					"rotation": [-65, 0, 0],
					"cubes": [
						{"origin": [-8, 31.75, -7], "size": [16, 14, 15], "uv": [0, 34]},
						{"origin": [-4.5, 36, -10], "size": [9, 4, 3], "uv": [0, 63]}
					]
				},
				{
					"name": "jaw",
					"parent": "head",
					"pivot": [0, 39, -7.2],
					"rotation": [90, 0, 0],
					"cubes": [
						{"origin": [-4.5, 38.9, -9.95], "size": [9, 0, 3], "uv": [-3, 71]}
					]
				},
				{
					"name": "eyes",
					"parent": "head",
					"pivot": [0, 41, -7]
				},
				{
					"name": "eye_right",
					"parent": "eyes",
					"pivot": [-3.15, 41, -7],
					"rotation": [0, 0, -5],
					"cubes": [
						{"origin": [-4.15, 39.5, -7], "size": [2, 3, 0], "inflate": 0.01, "uv": [47, 4], "mirror": true}
					]
				},
				{
					"name": "eyelid_right",
					"parent": "eye_right",
					"pivot": [-3.29645, 41.61237, -6.4],
					"cubes": [
						{"origin": [-4.15, 39.5, -6.9], "size": [2, 3, 1], "inflate": 0.02, "uv": [62, 15], "mirror": true}
					]
				},
				{
					"name": "eye_left",
					"parent": "eyes",
					"pivot": [3.15, 41, -7],
					"rotation": [0, 0, 5],
					"cubes": [
						{"origin": [2.15, 39.5, -7], "size": [2, 3, 0], "inflate": 0.01, "uv": [47, 1]}
					]
				},
				{
					"name": "eyelid_left",
					"parent": "eye_left",
					"pivot": [3.29645, 41.61237, -6.4],
					"cubes": [
						{"origin": [2.15, 39.5, -6.9], "size": [2, 3, 1], "inflate": 0.02, "uv": [62, 19]}
					]
				},
				{
					"name": "ear_right_upper",
					"parent": "head",
					"pivot": [-6.25, 41.75, -4.5],
					"rotation": [0, 0, -107.5],
					"cubes": [
						{"origin": [-9.25, 40.75, -4.5], "size": [6, 10, 0], "inflate": 0.01, "uv": [0, 0]}
					]
				},
				{
					"name": "ear_right_bottom",
					"parent": "head",
					"pivot": [-7.5, 45, -4.5],
					"rotation": [0, 0, -65],
					"cubes": [
						{"origin": [-9.5, 44, -4.5], "size": [3, 5, 0], "uv": [0, 10]}
					]
				},
				{
					"name": "head_ruff_right",
					"parent": "head",
					"pivot": [-0.5, 45, -6],
					"rotation": [12.5, 0, -37.5],
					"cubes": [
						{"origin": [-1.5, 45, -6], "size": [2, 5, 0], "uv": [0, 44]}
					]
				},
				{
					"name": "head_ruff_top",
					"parent": "head",
					"pivot": [0, 45.75, -5.85],
					"rotation": [7.5, 0, 0],
					"cubes": [
						{"origin": [-1, 45.75, -5.85], "size": [2, 3, 0], "inflate": 0.01, "uv": [8, 44]}
					]
				},
				{
					"name": "head_ruff_left",
					"parent": "head",
					"pivot": [0.5, 45, -6],
					"rotation": [27.5, 0, 37.5],
					"cubes": [
						{"origin": [-0.5, 45, -6], "size": [2, 5, 0], "uv": [4, 44]}
					]
				},
				{
					"name": "ear_left_upper",
					"parent": "head",
					"pivot": [6.25, 41.75, -4.5],
					"rotation": [0, 0, 107.5],
					"cubes": [
						{"origin": [3.25, 40.75, -4.5], "size": [6, 10, 0], "inflate": 0.01, "uv": [0, 34]}
					]
				},
				{
					"name": "ear_left_bottom",
					"parent": "head",
					"pivot": [7.5, 45, -4.5],
					"rotation": [0, 0, 65],
					"cubes": [
						{"origin": [6.5, 44, -4.5], "size": [3, 5, 0], "uv": [6, 10]}
					]
				},
				{
					"name": "arm_right",
					"parent": "torso",
					"pivot": [-10, 30.5, 7.5],
					"rotation": [0, -90, -45],
					"cubes": [
						{"origin": [-15, 23.5, 3.5], "size": [5, 7, 8], "inflate": 0.01, "uv": [74, 48]}
					]
				},
				{
					"name": "arm_right2",
					"parent": "arm_right",
					"pivot": [-15, 27.5, 10.5],
					"cubes": [
						{"origin": [-21, 23, 3.5], "size": [6, 8, 8], "uv": [72, 32]}
					]
				},
				{
					"name": "arm_right3",
					"parent": "arm_right2",
					"pivot": [-21, 27.5, 11],
					"cubes": [
						{"origin": [-27, 23, 3.5], "size": [6, 8, 8], "inflate": 0.01, "uv": [100, 11]},
						{"origin": [-26.5, 23, 4], "size": [5, 0, 7], "inflate": 0.02, "uv": [41, 34], "mirror": true}
					]
				},
				{
					"name": "arm_left",
					"parent": "torso",
					"pivot": [10, 30.5, 7.5],
					"rotation": [0, 90, 45],
					"cubes": [
						{"origin": [10, 23.5, 3.5], "size": [5, 7, 8], "inflate": 0.01, "uv": [74, 63]}
					]
				},
				{
					"name": "arm_left2",
					"parent": "arm_left",
					"pivot": [15, 27, 10.5],
					"cubes": [
						{"origin": [15, 23, 3.5], "size": [6, 8, 8], "uv": [24, 63]}
					]
				},
				{
					"name": "arm_left3",
					"parent": "arm_left2",
					"pivot": [21, 27, 11],
					"cubes": [
						{"origin": [21, 23, 3.5], "size": [6, 8, 8], "inflate": 0.01, "uv": [100, 27]},
						{"origin": [21.5, 23, 4], "size": [5, 0, 7], "inflate": 0.02, "uv": [41, 41]}
					]
				},
				{
					"name": "tail",
					"parent": "torso",
					"pivot": [0, 12.25, 12],
					"rotation": [-120, 0, 0],
					"cubes": [
						{"origin": [-3, 9.25, 10.75], "size": [6, 6, 5], "uv": [106, 0]}
					]
				},
				{
					"name": "tail2",
					"parent": "tail",
					"pivot": [0, 12.25, 13.75],
					"rotation": [-32.5, 0, 0],
					"cubes": [
						{"origin": [-3.5, 8.75, 13.75], "size": [7, 7, 10], "uv": [62, 15]}
					]
				},
				{
					"name": "leg_right",
					"parent": "body",
					"pivot": [-8, 13.75, 8],
					"cubes": [
						{"origin": [-11.5, 8, 4.5], "size": [7, 8, 7], "inflate": 0.01, "uv": [100, 43]}
					]
				},
				{
					"name": "leg_right2",
					"parent": "leg_right",
					"pivot": [-8, 8, 4.5],
					"cubes": [
						{"origin": [-11.5, 0, 4.5], "size": [7, 8, 7], "uv": [47, 0]},
						{"origin": [-10.85, 0.45, 4.25], "size": [1, 1, 1], "uv": [74, 3]},
						{"origin": [-9, 0.25, 4], "size": [2, 2, 1], "uv": [68, 1]},
						{"origin": [-6.1, 0.45, 4.25], "size": [1, 1, 1], "uv": [78, 3]}
					]
				},
				{
					"name": "leg_left",
					"parent": "body",
					"pivot": [8, 13.75, 8],
					"cubes": [
						{"origin": [4.5, 8, 4.5], "size": [7, 8, 7], "inflate": 0.01, "uv": [100, 58]}
					]
				},
				{
					"name": "leg_left2",
					"parent": "leg_left",
					"pivot": [8, 8, 4.5],
					"cubes": [
						{"origin": [4.5, 0, 4.5], "size": [7, 8, 7], "uv": [75, 0]},
						{"origin": [5.1, 0.45, 4.25], "size": [1, 1, 1], "uv": [78, 5], "mirror": true},
						{"origin": [7, 0.25, 4], "size": [2, 2, 1], "uv": [68, 4], "mirror": true},
						{"origin": [9.85, 0.45, 4.25], "size": [1, 1, 1], "uv": [74, 5], "mirror": true}
					]
				}
			]
		}
	]
}