{
	"format_version": "1.12.0",
	"minecraft:geometry": [
		{
			"description": {
				"identifier": "geometry.unknown",
				"texture_width": 64,
				"texture_height": 64,
				"visible_bounds_width": 2,
				"visible_bounds_height": 3.5,
				"visible_bounds_offset": [0, 1.25, 0]
			},
			"bones": [
				{
					"name": "babito",
					"pivot": [0, 0, 0]
				},
				{
					"name": "body",
					"parent": "babito",
					"pivot": [0, 14.4, 0],
					"rotation": [0, -90, 0],
					"cubes": [
						{"origin": [-4, 13.9, -4], "size": [8, 4, 8], "uv": [0, 0]},
						{"origin": [-4, 11.9, -3], "size": [8, 2, 6], "uv": [0, 12]}
					]
				},
				{
					"name": "head",
					"parent": "body",
					"pivot": [-0.6, 18, -0.00715],
					"cubes": [
						{"origin": [-3, 16.4, -3], "size": [6, 6, 6], "uv": [0, 20]},
						{"origin": [-3.025, 19.7, -2.9], "size": [0, 1, 1], "uv": [6, 0]},
						{"origin": [-3.025, 19.7, 1.9], "size": [0, 1, 1], "uv": [0, 0]},
						{"origin": [0, 21.4, -6.5], "size": [0, 5, 4], "pivot": [2, 22.4, -4.5], "rotation": [-22.5, 0, 0], "uv": [56, 52]},
						{"origin": [0, 21.4, 2.5], "size": [0, 5, 4], "pivot": [2, 22.4, 4.5], "rotation": [22.5, 0, 0], "uv": [0, 52]},
						{"origin": [0.1, 20.4, -6], "size": [0, 5, 4], "pivot": [2.1, 21.4, -4], "rotation": [15, 0, 0], "uv": [56, 52]},
						{"origin": [0.1, 20, 2], "size": [0, 5, 4], "pivot": [2.1, 22, 4], "rotation": [-20, 0, 0], "uv": [0, 52]},
						{"origin": [0.2, 18.7, 2], "size": [0, 5, 4], "pivot": [2.2, 21.7, 4], "rotation": [-35, 0, 0], "uv": [0, 52]},
						{"origin": [0.2, 19.4, -4.7], "size": [0, 5, 4], "pivot": [2.2, 20.4, -2.7], "rotation": [35, 0, 0], "uv": [56, 52]}
					]
				},
				{
					"name": "eyes",
					"parent": "head",
					"pivot": [-3.025, 21.2, 0],
					"cubes": [
						{"origin": [-3.025, 20.7, -1.6], "size": [0, 1, 1], "uv": [28, 58]},
						{"origin": [-3.025, 20.7, 0.6], "size": [0, 1, 1], "uv": [19, 58]}
					]
				},
				{
					"name": "rightmand",
					"parent": "head",
					"pivot": [-2, 19.1, 1.6],
					"cubes": [
						{"origin": [-4.5, 18.1, 1.1], "size": [2, 2, 2], "pivot": [-3.5, 19.1, 2.1], "rotation": [0, 15, -5], "uv": [0, 0]},
						{"origin": [-4.4, 18.6, 0.6], "size": [0, 1, 1], "uv": [4, 12]}
					]
				},
				{
					"name": "leftmand",
					"parent": "head",
					"pivot": [-2, 19.1, -2.1],
					"cubes": [
						{"origin": [-4.5, 18.1, -3.1], "size": [2, 2, 2], "pivot": [-3.5, 19.1, -2.1], "rotation": [0, -15, -5], "uv": [0, 4]},
						{"origin": [-4.4, 18.6, -1.7], "size": [0, 1, 1], "uv": [4, 11]}
					]
				},
				{
					"name": "middle",
					"parent": "body",
					"pivot": [0.05266, 12, 0],
					"cubes": [
						{"origin": [-2, 9.6, -2], "size": [4, 2, 4], "uv": [30, 20]},
						{"origin": [-2, 7.6, -1], "size": [4, 2, 2], "uv": [32, 0]},
						{"origin": [1.5, 8.6, -5.5], "size": [0, 4, 11], "pivot": [0.5, 8.6, 1], "rotation": [0, 0, -34], "uv": [42, 23]},
						{"origin": [-1, 9.6, -1], "size": [2, 4, 2], "uv": [34, 10]}
					]
				},
				{
					"name": "tail",
					"parent": "middle",
					"pivot": [0, 8, 0],
					"cubes": [
						{"origin": [0, 2.6, -2], "size": [0, 6, 4], "uv": [22, 8]},
						{"origin": [0, 0.6, -1], "size": [0, 2, 2], "uv": [0, 14]}
					]
				}
			]
		}
	]
}