{
	"format_version": "1.8.0",
	"animations": {
		"animation.retmatism.ground_idle": {
			"loop": true,
			"animation_length": 3,
			"bones": {
				"retinazer": {
					"rotation": {
						"0.25": [0, 0, 0],
						"0.3333": [0, 7.5, 0],
						"0.4167": [0, 25, 0],
						"1.0833": [0, 25, 0],
						"1.25": [0, -20, 0],
						"1.5": [0, -20, 0],
						"1.75": [0, -20, 0],
						"2.0": [0, 0, 0],
						"3.0": [0, 0, 0]
					},
					"position": {
						"0.0": [0, 0, 0],
						"0.5": [0, 1, 0],
						"2.0": [0, 0, 0],
						"3.0": [0, 0, 0]
					}
				},
				"spazmatism": {
					"rotation": [0, 0, 0],
					"position": {
						"0.0": [0, 0, 0],
						"1.0": [0, -1, 0],
						"2.0": [0, 0, 0]
					}
				},
				"gunk": {
					"rotation": {
						"0.0": [0, 0, 0],
						"1.75": [-7.5, 0, 0],
						"3.0": [0, 0, 0]
					}
				},
				"gunk2": {
					"rotation": {
						"0.0": [0, 0, 0],
						"0.25": [0, 0, 0],
						"0.375": [0, -12.5, 0],
						"0.75": [0, 0, 0],
						"1.0833": [0, 0, 0],
						"1.2083": [0, 12.5, 0],
						"1.75": [0, 0, 0]
					}
				},
				"group": {
					"position": {
						"0.0": [0, 0, 0],
						"1.5": [0, 2, 0],
						"3.0": [0, 0, 0]
					}
				},
				"lowerjaw": {
					"rotation": {
						"0.0": [0, 0, 0],
						"1.5": [7.5, 0, 0],
						"3.0": [0, 0, 0]
					}
				}
			}
		},
		"animation.retmatism.ground_walk": {
			"loop": true,
			"animation_length": 1,
			"bones": {
				"retinazer": {
					"rotation": {
						"0.0": [0, 0, 0],
						"0.1667": [2.5, 0, 0],
						"0.8333": [-5, 0, 0],
						"1.0": [0, 0, 0]
					},
					"position": {
						"0.0": [0, 0, -5],
						"0.5": [0, 1, -6],
						"1.0": [0, 0, -5]
					}
				},
				"spazmatism": {
					"rotation": {
						"0.0": [0, 0, 0],
						"0.1667": [0, 0, 0],
						"1.0": [0, 0, 0]
					},
					"position": {
						"0.0": [0, 0, 4],
						"0.1667": [0, 0, 3],
						"0.375": [0, 0, -0.64],
						"0.5": [0, 0, -2.14],
						"0.7083": [0, 0, -1.64],
						"1.0": [0, 0, 4]
					}
				},
				"gunk": {
					"rotation": {
						"0.0": [0, 0, 0],
						"0.1667": [0, 0, 0],
						"0.25": [0, 5, 0],
						"0.3333": [0, -5, 0],
						"0.4167": [0, 5, 0],
						"0.5": [0, -5, 0],
						"0.7917": [-7.5, 0, 0],
						"1.0": [0, 0, 0]
					}
				},
				"gunk2": {
					"rotation": {
						"0.0": [0, 0, 0],
						"0.5": [-5, 0, 0],
						"0.9167": [5, 0, 0],
						"1.0": [0, 0, 0]
					}
				},
				"lowerjaw": {
					"rotation": {
						"0.0": [10, 0, 0],
						"0.1667": [12.5, 0, 0],
						"0.375": [32.5, 0, 0],
						"0.5": [-5, 0, 0],
						"0.7083": [-10, 0, 0],
						"0.75": [-5, 0, 0],
						"1.0": [10, 0, 0]
					}
				}
			}
		},
		"animation.retmatism.faint": {
			"loop": true,
			"animation_length": 3,
			"bones": {
				"retinazer": {
					"rotation": {
						"0.0": [0, 0, 0],
						"0.3333": [0, 0, -15],
						"0.4167": [0, -10, 15],
						"0.5": [0, 0, 0],
						"0.5833": [0, 0, -40],
						"1.0": [0, 15, 35],
						"1.0833": [0, 0, 55],
						"1.2917": [0, 0, 70]
					},
					"position": {
						"0.0": [0, 0, 0],
						"0.3333": [-3, 0, 0],
						"0.4167": [0, 1, 0],
						"0.5": [2, 1, 0],
						"0.5833": [-4, 1, 0],
						"0.75": [-18, -4, 0],
						"1.0": [-10, -11, 0],
						"1.0417": [-9.08, -10, 0],
						"1.2917": [1, -11, 0]
					}
				},
				"spazmatism": {
					"rotation": {
						"0.0": [0, 0, 0],
						"0.25": [0, 0, 15],
						"0.375": [0, 0, -30],
						"0.5": [0, 0, 5],
						"0.5833": [0, 0, 30],
						"0.75": [20, 52.5, 30],
						"1.0": [65.18301, 71.13234, 57.85855],
						"1.25": [80.18301, 71.13234, 57.85855],
						"1.3333": [92.68301, 71.13234, 57.85855]
					},
					"position": {
						"0.0": [0, 0, 0],
						"0.25": [3, 0, 0],
						"0.375": [-1, 2, 0],
						"0.5": [-2, 2, 0],
						"0.5833": [5, 2, 0],
						"0.75": [15, 2, 0],
						"1.0": [17, 2, 0],
						"1.25": [-7, 2, 0],
						"1.3333": [-9, 0, 0]
					}
				},
				"gunk": {
					"rotation": {
						"0.0": [0, 0, 0],
						"0.25": [0, -20, 0],
						"0.5": [0, 40, 0],
						"0.5833": [0, -10, 0],
						"0.75": [0, -25, 0],
						"1.0": [0, 20, 0],
						"1.25": [0, 0, 0],
						"1.3333": [25, 0, 0],
						"1.5": [-15, 0, 0],
						"1.625": [-5, 0, 0]
					}
				},
				"gunk2": {
					"rotation": {
						"0.0": [0, 0, 0],
						"0.3333": [0, 25, 0],
						"0.4167": [0, -10, 0],
						"0.5833": [0, 35, 0],
						"1.0": [0, -30, 0],
						"1.3333": [0, -22.5, 0],
						"1.4583": [0, 17.5, 0],
						"1.625": [0, -2.5, 0]
					}
				},
				"group": {
					"rotation": {
						"0.0": [0, 0, 0],
						"1.2917": [0, 0, 0],
						"1.4167": [0, 0, 20],
						"1.5417": [0, 0, 25],
						"1.75": [0, 0, 40]
					},
					"position": {
						"0.0": [0, 0, 0],
						"1.2917": [0, 0, 0],
						"1.4167": [3, -4, 0],
						"1.5417": [3, -3, 0],
						"1.75": [4, -6, 0],
						"3.0": [4, -6, 0]
					}
				},
				"lowerjaw": {
					"rotation": {
						"0.0": [0, 0, 0],
						"0.75": [-10, 0, 0],
						"1.25": [40, 0, 0]
					}
				}
			}
		}
	}
}