{
	"format_version": "1.8.0",
	"animations": {
		"animation.tigershark_max.pose": {
			"loop": true,
			"bones": {
				"rightleg": {
					"rotation": [17.6685, 27.73062, 34.3939]
				},
				"torso": {
					"rotation": [22.5, 0, 0]
				},
				"torso2": {
					"rotation": [-10, 0, 0]
				},
				"torso3": {
					"rotation": [0, 5, 0]
				},
				"leftarm": {
					"rotation": [0, 0, 50]
				},
				"leftelbow": {
					"rotation": [0, 55, 0]
				},
				"lefthand": {
					"rotation": [0, 35, 0]
				},
				"rightarm": {
					"rotation": [0, 35, -42.5]
				},
				"rightelbow": {
					"rotation": [0, -37.5, 0]
				},
				"righthand": {
					"rotation": [52.74765, -15.7627, -19.65736]
				},
				"neck3": {
					"rotation": [0, 0, -12.5]
				},
				"head": {
					"rotation": [-19.71975, -3.40487, -9.40804]
				},
				"jaw": {
					"rotation": [-12.5, 0, 0]
				},
				"leftleg": {
					"rotation": [-3.28396, -12.06754, 0.34721]
				},
				"tail": {
					"rotation": [-41.59153, 28.9932, -2.67749]
				},
				"tail2": {
					"rotation": [2.06754, -22.40972, -5.40961]
				},
				"tail3": {
					"rotation": [10, -32.5, 0]
				},
				"tail4": {
					"rotation": [7.5, -42.5, 0]
				},
				"tail5": {
					"rotation": [0, 32.5, 0]
				},
				"thumb": {
					"rotation": [55, 0, 0]
				},
				"finger": {
					"rotation": [0, -47.5, 0]
				},
				"finger2": {
					"rotation": [0, -40, 0]
				},
				"finger3": {
					"rotation": [0, -40, 0]
				},
				"thumb2": {
					"rotation": [50, 0, 0]
				},
				"finger4": {
					"rotation": [0, 45, 0]
				},
				"finger5": {
					"rotation": [0, 25, 0]
				},
				"finger6": {
					"rotation": [0, 12.5, 0]
				},
				"rightfoot": {
					"rotation": [12.14233, 4.59902, -8.88927]
				},
				"rightankle": {
					"rotation": [0, 0, -5]
				},
				"rightknee": {
					"rotation": [-14.33501, -4.46375, -16.93839]
				}
			}
		},
		"animation.tigershark_max.ground_idle": {
			"loop": true,
			"animation_length": 4,
			"bones": {
				"tigershark": {
					"position": [0, -2, 0]
				},
				"leftleg": {
					"rotation": ["32.5+math.sin(query.anim_time*90*2)*2", 0, 0],
					"position": [0, 0, "0-math.sin(query.anim_time*90*2)*0.2"]
				},
				"rightleg": {
					"rotation": ["52.5+math.sin(query.anim_time*90*2)*2", 0, 0],
					"position": [0, -2, "0-math.sin(query.anim_time*90*2)*0.2"]
				},
				"torso": {
					"rotation": [67.5, 0, 0],
					"position": [0, "0-math.sin(query.anim_time*90*2)*0.2", 0]
				},
				"tail": {
					"rotation": [-67.5, "0+math.sin(query.anim_time*90*1-60)*5", 0]
				},
				"tail2": {
					"rotation": [5, "0+math.sin(query.anim_time*90*1-120)*10", 0]
				},
				"tail3": {
					"rotation": [7.5, "0+math.sin(query.anim_time*90*1-180)*10", 0]
				},
				"tail4": {
					"rotation": [20, "0+math.sin(query.anim_time*90*1-240)*15", 0]
				},
				"tail5": {
					"rotation": [10, "-2.5+math.sin(query.anim_time*90*1-300)*15", 0]
				},
				"torso2": {
					"rotation": [0, 0, 0]
				},
				"leftarm": {
					"rotation": [53.27483, 59.80983, 57.18342],
					"position": ["0+math.sin(query.anim_time*90*2)*0.1", "-3+math.sin(query.anim_time*90*2)*0.1", -8]
				},
				"leftelbow": {
					"rotation": [0, 0, -17.5]
				},
				"lefthand": {
					"rotation": [59.35224, 1.5707, -70.53733],
					"position": [0, -2, 0]
				},
				"rightarm": {
					"rotation": [70.5746, -58.52505, -73.26042],
					"position": ["2+math.sin(query.anim_time*90*2)*0.1", "-2+math.sin(query.anim_time*90*2)*0.1", -5]
				},
				"rightelbow": {
					"rotation": [0, 0, 17.5]
				},
				"righthand": {
					"rotation": [65.06018, 7.7035, 72.48088],
					"position": [0, -3, -1]
				},
				"neck": {
					"rotation": ["-7.5-math.sin(query.anim_time*90*2-60)*2", 0, 0]
				},
				"neck2": {
					"rotation": [-22.5, 0, 0]
				},
				"neck3": {
					"rotation": ["-34.8498-math.sin(query.anim_time*90*2-120)*2", 0.58383, 0.61073]
				},
				"head": {
					"rotation": [7.5, 0, 0]
				},
				"jaw": {
					"rotation": ["-15-math.sin(query.anim_time*90*2)*5", 0, 0]
				},
				"rightknee": {
					"rotation": ["-17.5-math.sin(query.anim_time*90*2)*3", 0, 0],
					"position": [0, 0, 0]
				},
				"rightankle": {
					"rotation": [-35, 0, 0],
					"position": [0, -4, -2]
				},
				"leftknee": {
					"rotation": ["-22.5-math.sin(query.anim_time*90*2)*3", 0, 0]
				},
				"leftankle": {
					"rotation": [-10, 0, 0]
				}
			}
		},
		"animation.tigershark_max.ground_walk": {
			"loop": true,
			"animation_length": 0.5,
			"bones": {
				"body": {
					"rotation": {
						"0.0": {
							"post": [77.5, 0, 0],
							"lerp_mode": "catmullrom"
						},
						"0.2083": {
							"post": [65, 0, 0],
							"lerp_mode": "catmullrom"
						},
						"0.5": {
							"post": [77.5, 0, 0],
							"lerp_mode": "catmullrom"
						}
					},
					"position": {
						"0.0": {
							"post": [0, 21, 35],
							"lerp_mode": "catmullrom"
						},
						"0.125": {
							"post": [0, 18.34, 34.7],
							"lerp_mode": "catmullrom"
						},
						"0.25": {
							"post": [0, 17.09, 27.19],
							"lerp_mode": "catmullrom"
						},
						"0.375": {
							"post": [0, 22.01, 27.64],
							"lerp_mode": "catmullrom"
						},
						"0.5": {
							"post": [0, 21, 35],
							"lerp_mode": "catmullrom"
						}
					}
				},
				"leftleg": {
					"rotation": {
						"0.0": {
							"post": [-27.5, 0, 0],
							"lerp_mode": "catmullrom"
						},
						"0.25": {
							"post": [-105, 0, 0],
							"lerp_mode": "catmullrom"
						},
						"0.5": {
							"post": [-27.5, 0, 0],
							"lerp_mode": "catmullrom"
						}
					},
					"position": {
						"0.0": {
							"post": [0, 0, 0],
							"lerp_mode": "catmullrom"
						},
						"0.125": {
							"post": [0, 0.5, 6.5],
							"lerp_mode": "catmullrom"
						},
						"0.25": {
							"post": [0, -3, 5],
							"lerp_mode": "catmullrom"
						},
						"0.5": {
							"post": [0, 0, 0],
							"lerp_mode": "catmullrom"
						}
					}
				},
				"rightleg": {
					"rotation": {
						"0.0": {
							"post": [-35, 0, 0],
							"lerp_mode": "catmullrom"
						},
						"0.25": {
							"post": [-92.5, 0, 0],
							"lerp_mode": "catmullrom"
						},
						"0.5": {
							"post": [-35, 0, 0],
							"lerp_mode": "catmullrom"
						}
					},
					"position": {
						"0.0": {
							"post": [0, 0, 0],
							"lerp_mode": "catmullrom"
						},
						"0.125": {
							"post": [0, 0, 8],
							"lerp_mode": "catmullrom"
						},
						"0.25": {
							"post": [0, 0, 6],
							"lerp_mode": "catmullrom"
						},
						"0.5": {
							"post": [0, 0, 0],
							"lerp_mode": "catmullrom"
						}
					}
				},
				"tail": {
					"rotation": ["-62.5-math.sin(query.anim_time*90*8)*10", 0, 0]
				},
				"leftarm": {
					"rotation": {
						"0.0": {
							"post": [66.88958, 76.71787, 69.07065],
							"lerp_mode": "catmullrom"
						},
						"0.1667": {
							"post": [70.56984, 26.466, 69.29302],
							"lerp_mode": "catmullrom"
						},
						"0.5": {
							"post": [66.88958, 76.71787, 69.07065],
							"lerp_mode": "catmullrom"
						}
					},
					"position": {
						"0.0": {
							"post": [0, 0, -6],
							"lerp_mode": "catmullrom"
						},
						"0.25": {
							"post": [0, 0, -6],
							"lerp_mode": "catmullrom"
						},
						"0.375": {
							"post": [0, 2, -2],
							"lerp_mode": "catmullrom"
						},
						"0.5": {
							"post": [0, 0, -6],
							"lerp_mode": "catmullrom"
						}
					}
				},
				"leftelbow": {
					"rotation": {
						"0.0": {
							"post": [0, 0, 0],
							"lerp_mode": "catmullrom"
						},
						"0.125": {
							"post": [0, 0, 0],
							"lerp_mode": "catmullrom"
						},
						"0.25": {
							"post": [0, 0, -45],
							"lerp_mode": "catmullrom"
						},
						"0.375": {
							"post": [0, 0, -45],
							"lerp_mode": "catmullrom"
						},
						"0.5": {
							"post": [0, 0, 0],
							"lerp_mode": "catmullrom"
						}
					}
				},
				"lefthand": {
					"rotation": {
						"0.0": {
							"post": [70.2661, -11.0311, -85.57555],
							"lerp_mode": "catmullrom"
						}
					}
				},
				"rightarm": {
					"rotation": {
						"0.0": {
							"post": [56.16697, -80.99406, -56.4949],
							"lerp_mode": "catmullrom"
						},
						"0.1667": {
							"post": [80.21944, -38.26619, -83.18807],
							"lerp_mode": "catmullrom"
						},
						"0.25": {
							"post": [82.2492, -49.74086, -84.07006],
							"lerp_mode": "catmullrom"
						},
						"0.5": {
							"post": [56.16697, -80.99406, -56.4949],
							"lerp_mode": "catmullrom"
						}
					},
					"position": {
						"0.0": {
							"post": [3, 0, 0],
							"lerp_mode": "catmullrom"
						},
						"0.25": {
							"post": [2, 0, 0],
							"lerp_mode": "catmullrom"
						},
						"0.375": {
							"post": [2, 2, 3],
							"lerp_mode": "catmullrom"
						},
						"0.5": {
							"post": [3, 0, 0],
							"lerp_mode": "catmullrom"
						}
					}
				},
				"rightelbow": {
					"rotation": {
						"0.0": {
							"post": [0, 0, 0],
							"lerp_mode": "catmullrom"
						},
						"0.125": {
							"post": [0, 0, 0],
							"lerp_mode": "catmullrom"
						},
						"0.25": {
							"post": [0, 0, 35],
							"lerp_mode": "catmullrom"
						},
						"0.375": {
							"post": [0, 0, 35],
							"lerp_mode": "catmullrom"
						},
						"0.5": {
							"post": [0, 0, 0],
							"lerp_mode": "catmullrom"
						}
					}
				},
				"righthand": {
					"rotation": {
						"0.0": {
							"post": [68.4882, 10.69233, 82.67551],
							"lerp_mode": "catmullrom"
						}
					},
					"position": {
						"0.0": {
							"post": [-2, -3, 0],
							"lerp_mode": "catmullrom"
						}
					}
				},
				"neck": {
					"rotation": {
						"0.0": {
							"post": [-17.5, 0, 0],
							"lerp_mode": "catmullrom"
						},
						"0.5": {
							"post": [-17.5, 0, 0],
							"lerp_mode": "catmullrom"
						}
					}
				},
				"neck2": {
					"rotation": ["-25-math.sin(query.anim_time*90*8)*5", 0, 0]
				},
				"neck3": {
					"rotation": {
						"0.0": {
							"post": [-20, 0, 0],
							"lerp_mode": "catmullrom"
						}
					}
				},
				"head": {
					"rotation": ["-17.5+math.sin(query.anim_time*90*8)*10", 0, 0]
				},
				"finger": {
					"rotation": {
						"0.0": {
							"post": [0, 0, 0],
							"lerp_mode": "catmullrom"
						},
						"0.125": {
							"post": [0, -30, 0],
							"lerp_mode": "catmullrom"
						},
						"0.2917": {
							"post": [0, -32.5, 0],
							"lerp_mode": "catmullrom"
						},
						"0.4167": {
							"post": [0, 47.5, 0],
							"lerp_mode": "catmullrom"
						},
						"0.5": {
							"post": [0, 0, 0],
							"lerp_mode": "catmullrom"
						}
					}
				},
				"finger2": {
					"rotation": {
						"0.0": {
							"post": [0, 0, 0],
							"lerp_mode": "catmullrom"
						},
						"0.125": {
							"post": [0, -30, 0],
							"lerp_mode": "catmullrom"
						},
						"0.2917": {
							"post": [0, -32.5, 0],
							"lerp_mode": "catmullrom"
						},
						"0.4167": {
							"post": [0, 47.5, 0],
							"lerp_mode": "catmullrom"
						},
						"0.5": {
							"post": [0, 0, 0],
							"lerp_mode": "catmullrom"
						}
					}
				},
				"finger3": {
					"rotation": {
						"0.0": {
							"post": [0, 0, 0],
							"lerp_mode": "catmullrom"
						},
						"0.125": {
							"post": [0, -30, 0],
							"lerp_mode": "catmullrom"
						},
						"0.2917": {
							"post": [0, -32.5, 0],
							"lerp_mode": "catmullrom"
						},
						"0.4167": {
							"post": [0, 47.5, 0],
							"lerp_mode": "catmullrom"
						},
						"0.5": {
							"post": [0, 0, 0],
							"lerp_mode": "catmullrom"
						}
					}
				},
				"finger4": {
					"rotation": {
						"0.0": {
							"post": [0, 0, 0],
							"lerp_mode": "catmullrom"
						},
						"0.125": {
							"post": [0, 12.5, 0],
							"lerp_mode": "catmullrom"
						},
						"0.2917": {
							"post": [0, 37.5, 0],
							"lerp_mode": "catmullrom"
						},
						"0.4167": {
							"post": [0, -5, 0],
							"lerp_mode": "catmullrom"
						},
						"0.5": {
							"post": [0, 0, 0],
							"lerp_mode": "catmullrom"
						}
					}
				},
				"finger5": {
					"rotation": {
						"0.0": {
							"post": [0, 0, 0],
							"lerp_mode": "catmullrom"
						},
						"0.125": {
							"post": [0, 10, 0],
							"lerp_mode": "catmullrom"
						},
						"0.2917": {
							"post": [0, 35, 0],
							"lerp_mode": "catmullrom"
						},
						"0.4167": {
							"post": [0, -2.5, 0],
							"lerp_mode": "catmullrom"
						},
						"0.5": {
							"post": [0, 0, 0],
							"lerp_mode": "catmullrom"
						}
					}
				},
				"finger6": {
					"rotation": {
						"0.0": {
							"post": [0, 0, 0],
							"lerp_mode": "catmullrom"
						},
						"0.125": {
							"post": [0, 22.5, 0],
							"lerp_mode": "catmullrom"
						},
						"0.2917": {
							"post": [0, 32.5, 0],
							"lerp_mode": "catmullrom"
						},
						"0.4167": {
							"post": [0, -5, 0],
							"lerp_mode": "catmullrom"
						},
						"0.5": {
							"post": [0, 0, 0],
							"lerp_mode": "catmullrom"
						}
					}
				},
				"rightknee": {
					"rotation": {
						"0.0": {
							"post": [0, 0, 0],
							"lerp_mode": "catmullrom"
						},
						"0.1667": {
							"post": [-6.60873, 1.56458, 1.8219],
							"lerp_mode": "catmullrom"
						},
						"0.2917": {
							"post": [2.50666, 1.3806, -4.21706],
							"lerp_mode": "catmullrom"
						},
						"0.5": {
							"post": [0, 0, 0],
							"lerp_mode": "catmullrom"
						}
					}
				},
				"rightfoot": {
					"rotation": {
						"0.0": {
							"post": [0, 0, 0],
							"lerp_mode": "catmullrom"
						},
						"0.125": {
							"post": [22.5, 0, 0],
							"lerp_mode": "catmullrom"
						},
						"0.25": {
							"post": [-17.5, 0, 0],
							"lerp_mode": "catmullrom"
						},
						"0.4167": {
							"post": [0, 0, 0],
							"lerp_mode": "catmullrom"
						}
					}
				},
				"leftknee": {
					"rotation": {
						"0.0": {
							"post": [0, 0, 0],
							"lerp_mode": "catmullrom"
						},
						"0.1667": {
							"post": [17.50666, 1.3806, -4.21706],
							"lerp_mode": "catmullrom"
						},
						"0.2917": {
							"post": [2.50666, 1.3806, -4.21706],
							"lerp_mode": "catmullrom"
						},
						"0.5": {
							"post": [0, 0, 0],
							"lerp_mode": "catmullrom"
						}
					}
				},
				"leftfoot": {
					"rotation": {
						"0.0": {
							"post": [0, 0, 0],
							"lerp_mode": "catmullrom"
						},
						"0.0833": {
							"post": [10, 0, 0],
							"lerp_mode": "catmullrom"
						},
						"0.2083": {
							"post": [-25, 0, 0],
							"lerp_mode": "catmullrom"
						},
						"0.375": {
							"post": [-2.5, 0, 0],
							"lerp_mode": "catmullrom"
						},
						"0.5": {
							"post": [0, 0, 0],
							"lerp_mode": "catmullrom"
						}
					}
				},
				"tail2": {
					"rotation": ["2.5-math.sin(query.anim_time*90*8-60)*10", 0, 0]
				},
				"tail3": {
					"rotation": ["15-math.sin(query.anim_time*90*8-120)*10", 0, 0]
				},
				"tail4": {
					"rotation": ["12.5-math.sin(query.anim_time*90*8-180)*15", 0, 0]
				},
				"tail5": {
					"rotation": ["12.5-math.sin(query.anim_time*90*8-230)*20", 0, 0]
				},
				"jaw": {
					"rotation": ["-5+math.sin(query.anim_time*90*8)*10", 0, 0]
				}
			}
		},
		"animation.tigershark_max.battle_idle": {
			"loop": true,
			"animation_length": 4,
			"bones": {
				"body": {
					"position": [0, -2, 0]
				},
				"leftleg": {
					"rotation": ["40+math.sin(query.anim_time*90*2)*2", 0, 0],
					"position": [0, "-4-math.sin(query.anim_time*90*2)*0.5", 0]
				},
				"leftankle": {
					"rotation": ["-37.5-math.sin(query.anim_time*90*2)*2", 0, 0],
					"position": [0, -3, -1]
				},
				"rightleg": {
					"rotation": ["-40+math.sin(query.anim_time*90*2)*2", 0, 0],
					"position": [0, "-1+math.sin(query.anim_time*90*2)*0.5", 0]
				},
				"rightknee": {
					"rotation": ["35-math.sin(query.anim_time*90*2)*3", 0, 0],
					"position": [0, -2, 3]
				},
				"torso": {
					"rotation": ["12.5+math.sin(query.anim_time*90*2-60)*2", 0, 0],
					"position": [0, "0+math.sin(query.anim_time*90*2)*0.2", 0]
				},
				"tail": {
					"rotation": ["-32.5+math.sin(query.anim_time*90*2)*5", "0+math.sin(query.anim_time*90*2)*5", 0]
				},
				"tail2": {
					"rotation": ["10+math.sin(query.anim_time*90*2-60)*5", "0+math.sin(query.anim_time*90*2-60)*5", 0]
				},
				"tail3": {
					"rotation": ["10+math.sin(query.anim_time*90*2-120)*10", "0+math.sin(query.anim_time*90*2-120)*10", 0]
				},
				"tail4": {
					"rotation": [0, "0+math.sin(query.anim_time*90*2-180)*15", 0]
				},
				"tail5": {
					"rotation": ["7.5-math.sin(query.anim_time*90*2-300)*20", "0+math.sin(query.anim_time*90*2-240)*20", 0]
				},
				"leftarm": {
					"rotation": ["35+math.sin(query.anim_time*90*2-60)*5", "0-math.sin(query.anim_time*90*2)*5", 45]
				},
				"leftelbow": {
					"rotation": [0, 0, -47.5]
				},
				"lefthand": {
					"rotation": [-12.2921, "30.3245-math.sin(query.anim_time*90*2-90)*10", -23.34288]
				},
				"thumb2": {
					"rotation": [35, 0, 0]
				},
				"finger5": {
					"rotation": [0, 15, 0]
				},
				"finger4": {
					"rotation": [0, 40, 0]
				},
				"rightarm": {
					"rotation": ["30.7897+math.sin(query.anim_time*90*2-60)*5", "-41.5608+math.sin(query.anim_time*90*2)*5", -41.93011]
				},
				"rightelbow": {
					"rotation": [0, -7.5, 45]
				},
				"righthand": {
					"rotation": [0, "0+math.sin(query.anim_time*90*2-120)*10", 12.5]
				},
				"finger2": {
					"rotation": [0, -17.5, 0]
				},
				"finger3": {
					"rotation": [0, -42.5, 0]
				},
				"finger": {
					"rotation": [0, -27.5, 0]
				},
				"thumb": {
					"rotation": [22.5, 0, 0]
				},
				"neck": {
					"rotation": ["0+math.sin(query.anim_time*90*2-120)*5", 0, 0]
				},
				"head": {
					"rotation": [-15, 0, 0]
				},
				"jaw": {
					"rotation": ["12.5+math.sin(query.anim_time*90*8)*2", 0, 0]
				}
			}
		},
		"animation.tigershark_max.physical": {
			"animation_length": 1.625,
			"bones": {
				"body": {
					"rotation": {
						"0.0": {
							"post": [0, 0, 0],
							"lerp_mode": "catmullrom"
						},
						"0.0833": {
							"post": [0, 5, 0],
							"lerp_mode": "catmullrom"
						},
						"0.2083": {
							"post": [0, 5, 0],
							"lerp_mode": "catmullrom"
						},
						"0.375": {
							"post": [-11.7647, -34.64969, 4.1401],
							"lerp_mode": "catmullrom"
						},
						"0.5417": {
							"post": [-10.19137, -22.00568, 3.55649],
							"lerp_mode": "catmullrom"
						},
						"0.75": {
							"post": [8.42933, 18.22275, 0.97161],
							"lerp_mode": "catmullrom"
						},
						"0.875": {
							"post": [11.05983, 20.69534, 1.36325],
							"lerp_mode": "catmullrom"
						},
						"1.125": {
							"post": [0, 0, 0],
							"lerp_mode": "catmullrom"
						},
						"1.3333": {
							"post": [0, 0, 0],
							"lerp_mode": "catmullrom"
						}
					},
					"position": {
						"0.0": [0, -2, 0],
						"0.0833": {
							"pre": [0, -2, 0],
							"post": [0, -2, 0],
							"lerp_mode": "catmullrom"
						},
						"0.2083": {
							"post": [0, -2, 0],
							"lerp_mode": "catmullrom"
						},
						"0.375": {
							"post": [0, -1, 0],
							"lerp_mode": "catmullrom"
						},
						"0.9583": {
							"post": [0, 0, 0],
							"lerp_mode": "catmullrom"
						},
						"1.3333": [0, -2, 0]
					}
				},
				"leftleg": {
					"rotation": {
						"0.0": [40, 0, 0],
						"0.3333": {
							"pre": [0, 22.5, 0],
							"post": [0, 22.5, 0],
							"lerp_mode": "catmullrom"
						},
						"0.5417": {
							"post": [0, 17.5, 0],
							"lerp_mode": "catmullrom"
						},
						"0.6667": {
							"post": [0, -37.5, 0],
							"lerp_mode": "catmullrom"
						},
						"0.9167": {
							"post": [0, -42.5, 0],
							"lerp_mode": "catmullrom"
						},
						"1.125": {
							"post": [0, 0, 0],
							"lerp_mode": "catmullrom"
						},
						"1.3333": [40, 0, 0]
					},
					"position": {
						"0.0": [0, -4, 0],
						"0.1667": {
							"pre": [0, 1, 0],
							"post": [0, 1, 0],
							"lerp_mode": "catmullrom"
						},
						"0.8333": {
							"post": [0, 1, 0],
							"lerp_mode": "catmullrom"
						},
						"1.0": {
							"post": [0, 5.1, 0],
							"lerp_mode": "catmullrom"
						},
						"1.125": {
							"post": [0, 0, 0],
							"lerp_mode": "catmullrom"
						},
						"1.3333": [0, -4, 0]
					}
				},
				"rightleg": {
					"rotation": {
						"0.0": [-40, 0, 0],
						"0.3333": {
							"pre": [0, 40, 0],
							"post": [0, 40, 0],
							"lerp_mode": "catmullrom"
						},
						"0.5417": {
							"post": [0, 35, 0],
							"lerp_mode": "catmullrom"
						},
						"0.6667": {
							"post": [0, -35, 0],
							"lerp_mode": "catmullrom"
						},
						"0.9167": {
							"post": [0, -37.5, 0],
							"lerp_mode": "catmullrom"
						},
						"1.125": {
							"post": [0, 0, 0],
							"lerp_mode": "catmullrom"
						},
						"1.3333": [-40, 0, 0]
					},
					"position": {
						"0.0": [0, -1, 0],
						"0.1667": {
							"pre": [0, 7, 0],
							"post": [0, 7, 0],
							"lerp_mode": "catmullrom"
						},
						"0.3333": {
							"post": [0, -0.7, -3],
							"lerp_mode": "catmullrom"
						},
						"1.125": {
							"post": [0, 0, 0],
							"lerp_mode": "catmullrom"
						},
						"1.3333": [0, -1, 0]
					}
				},
				"tail": {
					"rotation": {
						"0.0": [-32.5, 0, 0],
						"0.125": {
							"pre": [0, -7.5, 0],
							"post": [0, -7.5, 0],
							"lerp_mode": "catmullrom"
						},
						"0.2917": {
							"post": [0, 27.5, 0],
							"lerp_mode": "catmullrom"
						},
						"0.4583": {
							"post": [0, -7.5, 0],
							"lerp_mode": "catmullrom"
						},
						"0.75": {
							"post": [0, -5, 0],
							"lerp_mode": "catmullrom"
						},
						"0.9167": {
							"post": [0, 12.5, 0],
							"lerp_mode": "catmullrom"
						},
						"1.3333": [-32.5, 0, 0]
					}
				},
				"tail2": {
					"rotation": {
						"0.0": [10, 0, 0],
						"0.2083": {
							"pre": [12.5, 0, 0],
							"post": [12.5, 0, 0],
							"lerp_mode": "catmullrom"
						},
						"0.375": {
							"post": [-17.5, 0, 0],
							"lerp_mode": "catmullrom"
						},
						"0.5833": {
							"post": [-18.00934, -13.09127, 4.21286],
							"lerp_mode": "catmullrom"
						},
						"0.7917": {
							"post": [-5.94231, -17.84075, 5.83497],
							"lerp_mode": "catmullrom"
						},
						"1.0": {
							"post": [-5.84221, 14.49654, 2.54128],
							"lerp_mode": "catmullrom"
						},
						"1.125": {
							"post": [-5.99984, 19.46991, 2.00214],
							"lerp_mode": "catmullrom"
						},
						"1.3333": [10, 0, 0]
					}
				},
				"tail3": {
					"rotation": {
						"0.0": [10, 0, 0],
						"0.1667": {
							"pre": [-15, 0, 0],
							"post": [-15, 0, 0],
							"lerp_mode": "catmullrom"
						},
						"0.3333": {
							"post": [32.5, 0, 0],
							"lerp_mode": "catmullrom"
						},
						"0.4583": {
							"post": [34.58859, -18.82943, -12.54707],
							"lerp_mode": "catmullrom"
						},
						"0.7083": {
							"post": [37.87289, -28.93057, -20.61737],
							"lerp_mode": "catmullrom"
						},
						"0.875": {
							"post": [35.10451, -20.88127, -14.06573],
							"lerp_mode": "catmullrom"
						},
						"1.0417": {
							"post": [32.6784, 2.83636, 1.78075],
							"lerp_mode": "catmullrom"
						},
						"1.3333": [10, 0, 0]
					}
				},
				"tail4": {
					"rotation": {
						"0.0": [0, 0, 0],
						"0.1667": {
							"pre": [17.5, 0, 0],
							"post": [17.5, 0, 0],
							"lerp_mode": "catmullrom"
						},
						"0.3333": {
							"post": [12.5, 0, 0],
							"lerp_mode": "catmullrom"
						},
						"0.5": {
							"post": [15.40261, -32.64678, -8.52624],
							"lerp_mode": "catmullrom"
						},
						"0.8333": {
							"post": [16.93622, -39.85154, -11.11445],
							"lerp_mode": "catmullrom"
						},
						"1.0417": {
							"post": [14.88243, -8.50766, -2.65983],
							"lerp_mode": "catmullrom"
						},
						"1.1667": {
							"post": [16.26496, 22.99088, 6.09613],
							"lerp_mode": "catmullrom"
						},
						"1.4583": [0, 0, 0]
					}
				},
				"tail5": {
					"rotation": {
						"0.0": [7.5, 0, 0],
						"0.2083": {
							"pre": [0, -25, 0],
							"post": [0, -25, 0],
							"lerp_mode": "catmullrom"
						},
						"0.3333": {
							"post": [0, 35, 0],
							"lerp_mode": "catmullrom"
						},
						"0.5": {
							"post": [0, 15, 0],
							"lerp_mode": "catmullrom"
						},
						"0.6667": {
							"post": [0, 0, 0],
							"lerp_mode": "catmullrom"
						},
						"0.9583": {
							"post": [0, -15, 0],
							"lerp_mode": "catmullrom"
						},
						"1.125": {
							"post": [0, 12.5, 0],
							"lerp_mode": "catmullrom"
						},
						"1.625": [7.5, 0, 0]
					}
				},
				"leftarm": {
					"rotation": {
						"0.0": [35, 0, 45],
						"0.1667": {
							"pre": [0, 0, 32.5],
							"post": [0, 0, 32.5],
							"lerp_mode": "catmullrom"
						},
						"0.5833": {
							"post": [-1.40328, -1.95697, 28.14166],
							"lerp_mode": "catmullrom"
						},
						"0.6667": {
							"post": [0.49558, -2.35642, -19.3925],
							"lerp_mode": "catmullrom"
						},
						"0.7917": {
							"post": [75.76679, 37.16015, 56.35749],
							"lerp_mode": "catmullrom"
						},
						"1.3333": [35, 0, 45]
					}
				},
				"leftelbow": {
					"rotation": {
						"0.0": [0, 0, -47.5],
						"0.2083": {
							"pre": [0, 0, -15],
							"post": [0, 0, -15],
							"lerp_mode": "catmullrom"
						},
						"0.5833": {
							"post": [0, 10, -15],
							"lerp_mode": "catmullrom"
						},
						"0.7917": {
							"post": [-5.03837, 8.64917, -45.38126],
							"lerp_mode": "catmullrom"
						},
						"1.2917": [0, 0, -47.5]
					}
				},
				"lefthand": {
					"rotation": {
						"0.0": [-12.2921, 30.3245, -23.34288],
						"0.125": {
							"pre": [0, 35, 0],
							"post": [0, 35, 0],
							"lerp_mode": "catmullrom"
						},
						"0.5": {
							"post": [0, 7.5, 0],
							"lerp_mode": "catmullrom"
						},
						"0.7083": {
							"post": [0, -35, 0],
							"lerp_mode": "catmullrom"
						},
						"0.8333": {
							"post": [0, 65, 0],
							"lerp_mode": "catmullrom"
						},
						"1.3333": [-12.2921, 30.3245, -23.34288]
					}
				},
				"rightarm": {
					"rotation": {
						"0.0": [30.7897, -41.5608, -41.93011],
						"0.25": {
							"pre": [0, 0, 30],
							"post": [0, 0, 30],
							"lerp_mode": "catmullrom"
						},
						"0.5": {
							"post": [115.26795, -53.54818, -90.40531],
							"lerp_mode": "catmullrom"
						},
						"0.75": {
							"post": [70.28384, -16.92307, -41.49754],
							"lerp_mode": "catmullrom"
						},
						"1.0417": {
							"post": [0, 0, 0],
							"lerp_mode": "catmullrom"
						},
						"1.3333": [30.7897, -41.5608, -41.93011]
					}
				},
				"rightelbow": {
					"rotation": {
						"0.0": [0, -7.5, 45],
						"0.1667": {
							"pre": [0, 0, 17.5],
							"post": [0, 0, 17.5],
							"lerp_mode": "catmullrom"
						},
						"0.3333": {
							"post": [0, 0, 27.5],
							"lerp_mode": "catmullrom"
						},
						"0.5": {
							"post": [-1.30534, -18.27951, 34.7863],
							"lerp_mode": "catmullrom"
						},
						"0.7083": {
							"post": [-7.29504, -24.82745, 48.76833],
							"lerp_mode": "catmullrom"
						},
						"1.1667": {
							"post": [0, 0, 0],
							"lerp_mode": "catmullrom"
						},
						"1.3333": [0, -7.5, 45]
					}
				},
				"righthand": {
					"rotation": {
						"0.0": [0, 0, 12.5],
						"0.2083": {
							"pre": [0, -5, 0],
							"post": [0, -5, 0],
							"lerp_mode": "catmullrom"
						},
						"0.375": {
							"post": [0, 50, 0],
							"lerp_mode": "catmullrom"
						},
						"0.5417": {
							"post": [0, 47.5, 0],
							"lerp_mode": "catmullrom"
						},
						"0.6667": {
							"post": [0, -52.5, 0],
							"lerp_mode": "catmullrom"
						},
						"0.9167": {
							"post": [0, -42.5, 0],
							"lerp_mode": "catmullrom"
						},
						"1.25": {
							"post": [0, 0, 0],
							"lerp_mode": "catmullrom"
						},
						"1.3333": [0, 0, 12.5]
					}
				},
				"neck": {
					"rotation": {
						"0.0": [0, 0, 0],
						"0.1667": {
							"pre": [0, -10, 0],
							"post": [0, -10, 0],
							"lerp_mode": "catmullrom"
						},
						"0.375": {
							"post": [0, 22.5, 0],
							"lerp_mode": "catmullrom"
						},
						"0.5833": {
							"post": [0, 20, 0],
							"lerp_mode": "catmullrom"
						},
						"0.7917": {
							"post": [0, 2.5, 0],
							"lerp_mode": "catmullrom"
						},
						"1.125": {
							"post": [0, 0, 0],
							"lerp_mode": "catmullrom"
						},
						"1.3333": [0, 0, 0]
					}
				},
				"neck2": {
					"rotation": {
						"0.0": {
							"post": [0, 0, 0],
							"lerp_mode": "catmullrom"
						},
						"0.1667": {
							"post": [-15, 0, 0],
							"lerp_mode": "catmullrom"
						},
						"0.3333": {
							"post": [2.5, 0, 0],
							"lerp_mode": "catmullrom"
						},
						"0.5": {
							"post": [2.60239, -15.8095, -0.70965],
							"lerp_mode": "catmullrom"
						},
						"0.7083": {
							"post": [-14.89761, -15.8095, -0.70965],
							"lerp_mode": "catmullrom"
						},
						"0.875": {
							"post": [-14.406, -6.13304, -3.28314],
							"lerp_mode": "catmullrom"
						},
						"1.125": {
							"post": [3.094, -6.13304, -3.28314],
							"lerp_mode": "catmullrom"
						},
						"1.3333": {
							"post": [0, 0, 0],
							"lerp_mode": "catmullrom"
						}
					}
				},
				"head": {
					"rotation": {
						"0.0": [-15, 0, 0],
						"0.125": {
							"pre": [15, 0, 0],
							"post": [15, 0, 0],
							"lerp_mode": "catmullrom"
						},
						"0.3333": {
							"post": [15.69284, 16.88547, 4.6653],
							"lerp_mode": "catmullrom"
						},
						"0.625": {
							"post": [10.30467, -1.34625, -0.33545],
							"lerp_mode": "catmullrom"
						},
						"0.875": {
							"post": [10.63418, -13.68418, -2.6364],
							"lerp_mode": "catmullrom"
						},
						"1.25": {
							"post": [0, 0, 0],
							"lerp_mode": "catmullrom"
						},
						"1.3333": [-15, 0, 0]
					}
				},
				"jaw": {
					"rotation": {
						"0.0": [12.5, 0, 0],
						"0.1667": [-17.5, 0, 0],
						"0.5": [-20, 0, 0],
						"0.6667": [22.5, 0, 0],
						"0.7917": [27.5, 0, 0],
						"1.0": [-17.5, 0, 0],
						"1.4167": [12.5, 0, 0]
					}
				},
				"tigershark": {
					"position": {
						"0.0": [0, 0, 0],
						"0.2083": [0, 0, -5],
						"0.75": [0, 0, -5],
						"1.0": [0, 0, 0],
						"1.3333": [0, 0, 0]
					}
				},
				"leftankle": {
					"rotation": {
						"0.0": [-37.5, 0, 0],
						"1.3333": [-37.5, 0, 0]
					},
					"position": {
						"0.0": [0, -3, -1],
						"1.3333": [0, -3, -1]
					}
				},
				"rightknee": {
					"rotation": {
						"0.0": [35, 0, 0],
						"1.3333": [35, 0, 0]
					},
					"position": {
						"0.0": [0, -2, 3],
						"1.3333": [0, -2, 3]
					}
				},
				"torso": {
					"rotation": {
						"0.0": [12.5, 0, 0],
						"1.3333": [12.5, 0, 0]
					},
					"position": {
						"0.0": [0, 0, 0],
						"1.3333": [0, 0, 0]
					}
				},
				"thumb2": {
					"rotation": {
						"0.0": [35, 0, 0],
						"1.3333": [35, 0, 0]
					}
				},
				"finger5": {
					"rotation": {
						"0.0": [0, 15, 0],
						"1.3333": [0, 15, 0]
					}
				},
				"finger4": {
					"rotation": {
						"0.0": [0, 40, 0],
						"1.3333": [0, 40, 0]
					}
				},
				"finger2": {
					"rotation": {
						"0.0": [0, -17.5, 0],
						"1.3333": [0, -17.5, 0]
					}
				},
				"finger3": {
					"rotation": {
						"0.0": [0, -42.5, 0],
						"1.3333": [0, -42.5, 0]
					}
				},
				"finger": {
					"rotation": {
						"0.0": [0, -27.5, 0],
						"1.3333": [0, -27.5, 0]
					}
				},
				"thumb": {
					"rotation": {
						"0.0": [22.5, 0, 0],
						"1.3333": [22.5, 0, 0]
					}
				}
			}
		},
		"animation.tigershark_max.special": {
			"animation_length": 2.25,
			"bones": {
				"torso": {
					"rotation": {
						"0.0": [12.5, 0, 0],
						"0.2083": {
							"pre": [-12.5, 0, 0],
							"post": [-12.5, 0, 0],
							"lerp_mode": "catmullrom"
						},
						"0.5833": {
							"post": [-15, 0, 0],
							"lerp_mode": "catmullrom"
						},
						"0.75": {
							"post": [27.5, 0, 0],
							"lerp_mode": "catmullrom"
						},
						"1.1667": {
							"post": [30, 0, 0],
							"lerp_mode": "catmullrom"
						},
						"1.375": {
							"post": [30, 0, 0],
							"lerp_mode": "catmullrom"
						},
						"1.6667": {
							"post": [0, 0, 0],
							"lerp_mode": "catmullrom"
						},
						"2.0": [12.5, 0, 0]
					},
					"position": {
						"0.0": [0, 0, 0],
						"2.0": [0, 0, 0]
					}
				},
				"tail": {
					"rotation": {
						"0.0": [-32.5, 0, 0],
						"0.1667": {
							"pre": [12.5, 0, 0],
							"post": [12.5, 0, 0],
							"lerp_mode": "catmullrom"
						},
						"0.3333": {
							"post": [-5, 0, 0],
							"lerp_mode": "catmullrom"
						},
						"0.9583": {
							"post": [2.5, 0, 0],
							"lerp_mode": "catmullrom"
						},
						"1.5": {
							"post": [7.5, 0, 0],
							"lerp_mode": "catmullrom"
						},
						"2.0": [-32.5, 0, 0]
					}
				},
				"tail2": {
					"rotation": {
						"0.0": [10, 0, 0],
						"0.1667": {
							"pre": [10, 0, 0],
							"post": [10, 0, 0],
							"lerp_mode": "catmullrom"
						},
						"0.375": {
							"post": [0, 0, 0],
							"lerp_mode": "catmullrom"
						},
						"0.5": {
							"post": [-7.5, 0, 0],
							"lerp_mode": "catmullrom"
						},
						"0.75": {
							"post": [-12.5, 0, 0],
							"lerp_mode": "catmullrom"
						},
						"0.9167": {
							"post": [12.99377, -4.83464, 0.90621],
							"lerp_mode": "catmullrom"
						},
						"1.5417": {
							"post": [15.49377, -4.83464, 0.90621],
							"lerp_mode": "catmullrom"
						},
						"1.6667": {
							"post": [17.99377, -4.83464, 0.90621],
							"lerp_mode": "catmullrom"
						},
						"2.0": [10, 0, 0]
					}
				},
				"tail3": {
					"rotation": {
						"0.0": [10, 0, 0],
						"0.0833": {
							"pre": [15, 0, 0],
							"post": [15, 0, 0],
							"lerp_mode": "catmullrom"
						},
						"0.2917": {
							"post": [27.5, 0, 0],
							"lerp_mode": "catmullrom"
						},
						"0.4583": {
							"post": [10, 0, 0],
							"lerp_mode": "catmullrom"
						},
						"0.7083": {
							"post": [-17.5, 0, 0],
							"lerp_mode": "catmullrom"
						},
						"0.875": {
							"post": [-12.5, 0, 0],
							"lerp_mode": "catmullrom"
						},
						"1.0417": {
							"post": [12.5, 0, 0],
							"lerp_mode": "catmullrom"
						},
						"1.5417": {
							"post": [17.5, 0, 0],
							"lerp_mode": "catmullrom"
						},
						"1.7083": {
							"post": [20, 0, 0],
							"lerp_mode": "catmullrom"
						},
						"2.0": [10, 0, 0]
					}
				},
				"tail4": {
					"rotation": {
						"0.0": [0, 0, 0],
						"0.2083": {
							"pre": [-25, 0, 0],
							"post": [-25, 0, 0],
							"lerp_mode": "catmullrom"
						},
						"0.2917": {
							"post": [32.5, 0, 0],
							"lerp_mode": "catmullrom"
						},
						"0.5": {
							"post": [30, 0, 0],
							"lerp_mode": "catmullrom"
						},
						"0.75": {
							"post": [-17.5, 0, 0],
							"lerp_mode": "catmullrom"
						},
						"1.0": {
							"post": [-20, 0, 0],
							"lerp_mode": "catmullrom"
						},
						"1.2083": {
							"post": [30, 0, 0],
							"lerp_mode": "catmullrom"
						},
						"1.875": {
							"post": [37.5, 0, 0],
							"lerp_mode": "catmullrom"
						},
						"2.25": [0, 0, 0]
					}
				},
				"tail5": {
					"rotation": {
						"0.0": [7.5, 0, 0],
						"0.2083": {
							"pre": [-30, 0, 0],
							"post": [-30, 0, 0],
							"lerp_mode": "catmullrom"
						},
						"0.4167": {
							"post": [25, 0, 0],
							"lerp_mode": "catmullrom"
						},
						"0.5417": {
							"post": [35, 0, 0],
							"lerp_mode": "catmullrom"
						},
						"0.7083": {
							"post": [-17.5, 0, 0],
							"lerp_mode": "catmullrom"
						},
						"1.25": {
							"post": [-20, 0, 0],
							"lerp_mode": "catmullrom"
						},
						"1.6667": {
							"post": [20, 0, 0],
							"lerp_mode": "catmullrom"
						},
						"2.25": [7.5, 0, 0]
					}
				},
				"leftarm": {
					"rotation": {
						"0.0": [35, 0, 45],
						"0.2083": {
							"pre": [0, 0, 62.5],
							"post": [0, 0, 62.5],
							"lerp_mode": "catmullrom"
						},
						"0.6667": {
							"post": [0, 0, 62.5],
							"lerp_mode": "catmullrom"
						},
						"1.3333": {
							"post": [-35.08461, -23.22617, 62.5],
							"lerp_mode": "catmullrom"
						},
						"2.0": [35, 0, 45]
					}
				},
				"leftelbow": {
					"rotation": {
						"0.0": [0, 0, -47.5],
						"0.2083": {
							"pre": [0, 30, 0],
							"post": [0, 30, 0],
							"lerp_mode": "catmullrom"
						},
						"0.6667": {
							"post": [0, 30, 0],
							"lerp_mode": "catmullrom"
						},
						"1.4583": {
							"post": [0, 49.69, 0],
							"lerp_mode": "catmullrom"
						},
						"2.0": [0, 0, -47.5]
					}
				},
				"lefthand": {
					"rotation": {
						"0.0": [-12.2921, 30.3245, -23.34288],
						"0.2083": {
							"pre": [0, 47.5, 0],
							"post": [0, 47.5, 0],
							"lerp_mode": "catmullrom"
						},
						"0.6667": {
							"post": [0, 47.5, 0],
							"lerp_mode": "catmullrom"
						},
						"1.4583": {
							"post": [0, 39.3, 0],
							"lerp_mode": "catmullrom"
						},
						"2.0": [-12.2921, 30.3245, -23.34288]
					}
				},
				"finger5": {
					"rotation": {
						"0.0": [0, 15, 0],
						"0.625": {
							"pre": [0, 32.5, 0],
							"post": [0, 32.5, 0],
							"lerp_mode": "catmullrom"
						},
						"2.0": [0, 15, 0]
					}
				},
				"finger6": {
					"rotation": {
						"0.0": {
							"post": [0, 0, 0],
							"lerp_mode": "catmullrom"
						},
						"0.625": {
							"post": [0, 32.5, 0],
							"lerp_mode": "catmullrom"
						},
						"2.0": {
							"post": [0, 0, 0],
							"lerp_mode": "catmullrom"
						}
					}
				},
				"finger4": {
					"rotation": {
						"0.0": [0, 40, 0],
						"0.625": {
							"pre": [0, 55, 0],
							"post": [0, 55, 0],
							"lerp_mode": "catmullrom"
						},
						"2.0": [0, 40, 0]
					}
				},
				"rightarm": {
					"rotation": {
						"0.0": [30.7897, -41.5608, -41.93011],
						"0.2083": {
							"pre": [0, 0, -55],
							"post": [0, 0, -55],
							"lerp_mode": "catmullrom"
						},
						"0.6667": {
							"post": [0, 0, -55],
							"lerp_mode": "catmullrom"
						},
						"1.4583": {
							"post": [-24.10173, 26.16937, -55],
							"lerp_mode": "catmullrom"
						},
						"2.0": [30.7897, -41.5608, -41.93011]
					}
				},
				"rightelbow": {
					"rotation": {
						"0.0": [0, -7.5, 45],
						"0.2083": {
							"pre": [0, -47.5, 0],
							"post": [0, -47.5, 0],
							"lerp_mode": "catmullrom"
						},
						"0.6667": {
							"post": [0, -47.5, 0],
							"lerp_mode": "catmullrom"
						},
						"2.0": [0, -7.5, 45]
					}
				},
				"righthand": {
					"rotation": {
						"0.0": [0, 0, 12.5],
						"0.2083": {
							"pre": [0, -45, 0],
							"post": [0, -45, 0],
							"lerp_mode": "catmullrom"
						},
						"0.6667": {
							"post": [0, -45, 0],
							"lerp_mode": "catmullrom"
						},
						"1.375": {
							"post": [0, -42.5, 0],
							"lerp_mode": "catmullrom"
						},
						"2.0": [0, 0, 12.5]
					}
				},
				"finger2": {
					"rotation": {
						"0.0": [0, -17.5, 0],
						"0.625": {
							"pre": [0, -37.5, 0],
							"post": [0, -37.5, 0],
							"lerp_mode": "catmullrom"
						},
						"2.0": [0, -17.5, 0]
					}
				},
				"finger3": {
					"rotation": {
						"0.0": [0, -42.5, 0],
						"0.625": {
							"pre": [0, -40, 0],
							"post": [0, -40, 0],
							"lerp_mode": "catmullrom"
						},
						"2.0": [0, -42.5, 0]
					}
				},
				"finger": {
					"rotation": {
						"0.0": [0, -27.5, 0],
						"0.625": {
							"pre": [0, -27.5, 0],
							"post": [0, -27.5, 0],
							"lerp_mode": "catmullrom"
						},
						"2.0": [0, -27.5, 0]
					}
				},
				"thumb": {
					"rotation": {
						"0.0": [22.5, 0, 0],
						"0.625": {
							"pre": [47.5, 0, 0],
							"post": [47.5, 0, 0],
							"lerp_mode": "catmullrom"
						},
						"2.0": [22.5, 0, 0]
					}
				},
				"neck": {
					"rotation": {
						"0.0": [0, 0, 0],
						"0.125": {
							"pre": [7.5, 0, 0],
							"post": [7.5, 0, 0],
							"lerp_mode": "catmullrom"
						},
						"0.4167": {
							"post": [-10, 0, 0],
							"lerp_mode": "catmullrom"
						},
						"0.7917": {
							"post": [-12.5, 0, 0],
							"lerp_mode": "catmullrom"
						},
						"0.9167": {
							"post": [-10, 0, 0],
							"lerp_mode": "catmullrom"
						},
						"1.2917": {
							"post": [0, 0, 0],
							"lerp_mode": "catmullrom"
						},
						"2.0": [0, 0, 0]
					}
				},
				"head": {
					"rotation": {
						"0.0": [-15, 0, 0],
						"0.125": {
							"pre": [5, 0, 0],
							"post": [5, 0, 0],
							"lerp_mode": "catmullrom"
						},
						"0.2917": {
							"post": [-7.5, 0, 0],
							"lerp_mode": "catmullrom"
						},
						"0.625": {
							"post": [-22.5, 0, 0],
							"lerp_mode": "catmullrom"
						},
						"0.9167": {
							"post": [-37.5, 0, 0],
							"lerp_mode": "catmullrom"
						},
						"1.0": {
							"post": [-40, 0, 0],
							"lerp_mode": "catmullrom"
						},
						"1.0833": {
							"post": [-37.5, 0, 0],
							"lerp_mode": "catmullrom"
						},
						"1.1667": {
							"post": [-40, 0, 0],
							"lerp_mode": "catmullrom"
						},
						"1.25": {
							"post": [-37.5, 0, 0],
							"lerp_mode": "catmullrom"
						},
						"1.3333": {
							"post": [-40, 0, 0],
							"lerp_mode": "catmullrom"
						},
						"1.4167": {
							"post": [-37.5, 0, 0],
							"lerp_mode": "catmullrom"
						},
						"1.5": {
							"post": [-40, 0, 0],
							"lerp_mode": "catmullrom"
						},
						"1.7917": {
							"post": [-1.39, 0, 0],
							"lerp_mode": "catmullrom"
						},
						"1.875": {
							"post": [0, 0, 0],
							"lerp_mode": "catmullrom"
						},
						"2.0": [-15, 0, 0]
					}
				},
				"jaw": {
					"rotation": {
						"0.0": [12.5, 0, 0],
						"0.125": {
							"pre": [-15, 0, 0],
							"post": [-15, 0, 0],
							"lerp_mode": "catmullrom"
						},
						"0.7083": {
							"post": [-12.5, 0, 0],
							"lerp_mode": "catmullrom"
						},
						"0.875": {
							"post": [50, 0, 0],
							"lerp_mode": "catmullrom"
						},
						"0.9583": {
							"post": [47.5, 0, 0],
							"lerp_mode": "catmullrom"
						},
						"1.0417": {
							"post": [42.5, 0, 0],
							"lerp_mode": "catmullrom"
						},
						"1.125": {
							"post": [47.5, 0, 0],
							"lerp_mode": "catmullrom"
						},
						"1.2083": {
							"post": [42.5, 0, 0],
							"lerp_mode": "catmullrom"
						},
						"1.2917": {
							"post": [47.5, 0, 0],
							"lerp_mode": "catmullrom"
						},
						"1.375": {
							"post": [42.5, 0, 0],
							"lerp_mode": "catmullrom"
						},
						"1.4583": {
							"post": [47.5, 0, 0],
							"lerp_mode": "catmullrom"
						},
						"1.5417": {
							"post": [42.5, 0, 0],
							"lerp_mode": "catmullrom"
						},
						"1.6667": {
							"post": [-20, 0, 0],
							"lerp_mode": "catmullrom"
						},
						"2.0": [12.5, 0, 0]
					}
				},
				"tigershark": {
					"position": {
						"0.0": [0, 0, 0],
						"2.0": [0, 0, 0]
					}
				},
				"body": {
					"rotation": {
						"0.0": {
							"post": [0, 0, 0],
							"lerp_mode": "catmullrom"
						},
						"2.0": {
							"post": [0, 0, 0],
							"lerp_mode": "catmullrom"
						}
					},
					"position": {
						"0.0": [0, -2, 0],
						"2.0": [0, -2, 0]
					}
				},
				"leftleg": {
					"rotation": {
						"0.0": [40, 0, 0],
						"2.0": [40, 0, 0]
					},
					"position": {
						"0.0": [0, -4, 0],
						"2.0": [0, -4, 0]
					}
				},
				"leftankle": {
					"rotation": {
						"0.0": [-37.5, 0, 0],
						"2.0": [-37.5, 0, 0]
					},
					"position": {
						"0.0": [0, -3, -1],
						"2.0": [0, -3, -1]
					}
				},
				"rightleg": {
					"rotation": {
						"0.0": [-40, 0, 0],
						"2.0": [-40, 0, 0]
					},
					"position": {
						"0.0": [0, -1, 0],
						"2.0": [0, -1, 0]
					}
				},
				"rightknee": {
					"rotation": {
						"0.0": [35, 0, 0],
						"2.0": [35, 0, 0]
					},
					"position": {
						"0.0": [0, -2, 3],
						"2.0": [0, -2, 3]
					}
				},
				"thumb2": {
					"rotation": {
						"0.0": [35, 0, 0],
						"2.0": [35, 0, 0]
					}
				},
				"neck2": {
					"rotation": {
						"0.0": {
							"post": [0, 0, 0],
							"lerp_mode": "catmullrom"
						},
						"2.0": {
							"post": [0, 0, 0],
							"lerp_mode": "catmullrom"
						}
					}
				}
			}
		},
		"animation.tigershark_max.status": {
			"animation_length": 2.375,
			"bones": {
				"torso": {
					"rotation": {
						"0.0": [12.5, 0, 0],
						"0.2083": {
							"pre": [17.5, 0, 0],
							"post": [17.5, 0, 0],
							"lerp_mode": "catmullrom"
						},
						"0.5833": {
							"post": [17.5, 0, 0],
							"lerp_mode": "catmullrom"
						},
						"0.75": {
							"post": [27.5, 0, 0],
							"lerp_mode": "catmullrom"
						},
						"1.1667": {
							"post": [-15, 0, 0],
							"lerp_mode": "catmullrom"
						},
						"1.375": {
							"post": [-12.5, 0, 0],
							"lerp_mode": "catmullrom"
						},
						"1.6667": {
							"post": [0, 0, 0],
							"lerp_mode": "catmullrom"
						},
						"2.0": [12.5, 0, 0]
					},
					"position": {
						"0.0": [0, 0, 0],
						"2.0": [0, 0, 0]
					}
				},
				"tail": {
					"rotation": {
						"0.0": [-32.5, 0, 0],
						"0.1667": {
							"pre": [12.5, 0, 0],
							"post": [12.5, 0, 0],
							"lerp_mode": "catmullrom"
						},
						"0.3333": {
							"post": [-5, 0, 0],
							"lerp_mode": "catmullrom"
						},
						"0.9583": {
							"post": [2.5, 0, 0],
							"lerp_mode": "catmullrom"
						},
						"1.5": {
							"post": [7.5, 0, 0],
							"lerp_mode": "catmullrom"
						},
						"2.0": [-32.5, 0, 0]
					}
				},
				"tail2": {
					"rotation": {
						"0.0": [10, 0, 0],
						"0.1667": {
							"pre": [10, 0, 0],
							"post": [10, 0, 0],
							"lerp_mode": "catmullrom"
						},
						"0.375": {
							"post": [0, 0, 0],
							"lerp_mode": "catmullrom"
						},
						"0.5": {
							"post": [-7.5, 0, 0],
							"lerp_mode": "catmullrom"
						},
						"0.75": {
							"post": [-12.5, 0, 0],
							"lerp_mode": "catmullrom"
						},
						"0.9167": {
							"post": [12.99377, -4.83464, 0.90621],
							"lerp_mode": "catmullrom"
						},
						"1.5417": {
							"post": [15.49377, -4.83464, 0.90621],
							"lerp_mode": "catmullrom"
						},
						"1.6667": {
							"post": [17.99377, -4.83464, 0.90621],
							"lerp_mode": "catmullrom"
						},
						"2.0": [10, 0, 0]
					}
				},
				"tail3": {
					"rotation": {
						"0.0": [10, 0, 0],
						"0.0833": {
							"pre": [15, 0, 0],
							"post": [15, 0, 0],
							"lerp_mode": "catmullrom"
						},
						"0.2917": {
							"post": [27.5, 0, 0],
							"lerp_mode": "catmullrom"
						},
						"0.4583": {
							"post": [10, 0, 0],
							"lerp_mode": "catmullrom"
						},
						"0.7083": {
							"post": [-17.5, 0, 0],
							"lerp_mode": "catmullrom"
						},
						"0.875": {
							"post": [-12.5, 0, 0],
							"lerp_mode": "catmullrom"
						},
						"1.0417": {
							"post": [12.5, 0, 0],
							"lerp_mode": "catmullrom"
						},
						"1.5417": {
							"post": [17.5, 0, 0],
							"lerp_mode": "catmullrom"
						},
						"1.7083": {
							"post": [20, 0, 0],
							"lerp_mode": "catmullrom"
						},
						"2.0": [10, 0, 0]
					}
				},
				"tail4": {
					"rotation": {
						"0.0": [0, 0, 0],
						"0.2083": {
							"pre": [-25, 0, 0],
							"post": [-25, 0, 0],
							"lerp_mode": "catmullrom"
						},
						"0.2917": {
							"post": [32.5, 0, 0],
							"lerp_mode": "catmullrom"
						},
						"0.5": {
							"post": [30, 0, 0],
							"lerp_mode": "catmullrom"
						},
						"0.75": {
							"post": [-17.5, 0, 0],
							"lerp_mode": "catmullrom"
						},
						"1.0": {
							"post": [-20, 0, 0],
							"lerp_mode": "catmullrom"
						},
						"1.2083": {
							"post": [30, 0, 0],
							"lerp_mode": "catmullrom"
						},
						"1.875": {
							"post": [37.5, 0, 0],
							"lerp_mode": "catmullrom"
						},
						"2.25": [0, 0, 0]
					}
				},
				"tail5": {
					"rotation": {
						"0.0": [7.5, 0, 0],
						"0.2083": {
							"pre": [-30, 0, 0],
							"post": [-30, 0, 0],
							"lerp_mode": "catmullrom"
						},
						"0.4167": {
							"post": [25, 0, 0],
							"lerp_mode": "catmullrom"
						},
						"0.5417": {
							"post": [35, 0, 0],
							"lerp_mode": "catmullrom"
						},
						"0.7083": {
							"post": [-17.5, 0, 0],
							"lerp_mode": "catmullrom"
						},
						"1.25": {
							"post": [-20, 0, 0],
							"lerp_mode": "catmullrom"
						},
						"1.6667": {
							"post": [20, 0, 0],
							"lerp_mode": "catmullrom"
						},
						"2.0417": {
							"post": [25, 0, 0],
							"lerp_mode": "catmullrom"
						},
						"2.25": [7.5, 0, 0]
					}
				},
				"leftarm": {
					"rotation": {
						"0.0": [35, 0, 45],
						"0.2083": {
							"pre": [0, 0, 62.5],
							"post": [0, 0, 62.5],
							"lerp_mode": "catmullrom"
						},
						"0.6667": {
							"post": [0, 0, 62.5],
							"lerp_mode": "catmullrom"
						},
						"1.3333": {
							"post": [-35.08461, -23.22617, 62.5],
							"lerp_mode": "catmullrom"
						},
						"2.0": [35, 0, 45]
					}
				},
				"leftelbow": {
					"rotation": {
						"0.0": [0, 0, -47.5],
						"0.2083": {
							"pre": [0, 30, 0],
							"post": [0, 30, 0],
							"lerp_mode": "catmullrom"
						},
						"0.6667": {
							"post": [0, 30, 0],
							"lerp_mode": "catmullrom"
						},
						"1.4583": {
							"post": [0, 49.69, 0],
							"lerp_mode": "catmullrom"
						},
						"2.0": [0, 0, -47.5]
					}
				},
				"lefthand": {
					"rotation": {
						"0.0": [-12.2921, 30.3245, -23.34288],
						"0.2083": {
							"pre": [0, 47.5, 0],
							"post": [0, 47.5, 0],
							"lerp_mode": "catmullrom"
						},
						"0.6667": {
							"post": [0, 47.5, 0],
							"lerp_mode": "catmullrom"
						},
						"1.4583": {
							"post": [0, 39.3, 0],
							"lerp_mode": "catmullrom"
						},
						"2.0": [-12.2921, 30.3245, -23.34288]
					}
				},
				"finger5": {
					"rotation": {
						"0.0": [0, 15, 0],
						"0.625": {
							"pre": [0, 32.5, 0],
							"post": [0, 32.5, 0],
							"lerp_mode": "catmullrom"
						},
						"2.0": [0, 15, 0]
					}
				},
				"finger6": {
					"rotation": {
						"0.0": {
							"post": [0, 0, 0],
							"lerp_mode": "catmullrom"
						},
						"0.625": {
							"post": [0, 32.5, 0],
							"lerp_mode": "catmullrom"
						},
						"2.0": {
							"post": [0, 0, 0],
							"lerp_mode": "catmullrom"
						}
					}
				},
				"finger4": {
					"rotation": {
						"0.0": [0, 40, 0],
						"0.625": {
							"pre": [0, 55, 0],
							"post": [0, 55, 0],
							"lerp_mode": "catmullrom"
						},
						"2.0": [0, 40, 0]
					}
				},
				"rightarm": {
					"rotation": {
						"0.0": [30.7897, -41.5608, -41.93011],
						"0.2083": {
							"pre": [0, 0, -55],
							"post": [0, 0, -55],
							"lerp_mode": "catmullrom"
						},
						"0.6667": {
							"post": [0, 0, -55],
							"lerp_mode": "catmullrom"
						},
						"1.4583": {
							"post": [-24.10173, 26.16937, -55],
							"lerp_mode": "catmullrom"
						},
						"2.0": [30.7897, -41.5608, -41.93011]
					}
				},
				"rightelbow": {
					"rotation": {
						"0.0": [0, -7.5, 45],
						"0.2083": {
							"pre": [0, -47.5, 0],
							"post": [0, -47.5, 0],
							"lerp_mode": "catmullrom"
						},
						"0.6667": {
							"post": [0, -47.5, 0],
							"lerp_mode": "catmullrom"
						},
						"2.0": [0, -7.5, 45]
					}
				},
				"righthand": {
					"rotation": {
						"0.0": [0, 0, 12.5],
						"0.2083": {
							"pre": [0, -45, 0],
							"post": [0, -45, 0],
							"lerp_mode": "catmullrom"
						},
						"0.6667": {
							"post": [0, -45, 0],
							"lerp_mode": "catmullrom"
						},
						"1.375": {
							"post": [0, -42.5, 0],
							"lerp_mode": "catmullrom"
						},
						"2.0": [0, 0, 12.5]
					}
				},
				"finger2": {
					"rotation": {
						"0.0": [0, -17.5, 0],
						"0.625": {
							"pre": [0, -37.5, 0],
							"post": [0, -37.5, 0],
							"lerp_mode": "catmullrom"
						},
						"2.0": [0, -17.5, 0]
					}
				},
				"finger3": {
					"rotation": {
						"0.0": [0, -42.5, 0],
						"0.625": {
							"pre": [0, -40, 0],
							"post": [0, -40, 0],
							"lerp_mode": "catmullrom"
						},
						"2.0": [0, -42.5, 0]
					}
				},
				"finger": {
					"rotation": {
						"0.0": [0, -27.5, 0],
						"0.625": {
							"pre": [0, -27.5, 0],
							"post": [0, -27.5, 0],
							"lerp_mode": "catmullrom"
						},
						"2.0": [0, -27.5, 0]
					}
				},
				"thumb": {
					"rotation": {
						"0.0": [22.5, 0, 0],
						"0.625": {
							"pre": [47.5, 0, 0],
							"post": [47.5, 0, 0],
							"lerp_mode": "catmullrom"
						},
						"2.0": [22.5, 0, 0]
					}
				},
				"neck": {
					"rotation": {
						"0.0": [0, 0, 0],
						"0.125": {
							"pre": [7.5, 0, 0],
							"post": [7.5, 0, 0],
							"lerp_mode": "catmullrom"
						},
						"0.4167": {
							"post": [-10, 0, 0],
							"lerp_mode": "catmullrom"
						},
						"0.7917": {
							"post": [-12.5, 0, 0],
							"lerp_mode": "catmullrom"
						},
						"0.9167": {
							"post": [-10, 0, 0],
							"lerp_mode": "catmullrom"
						},
						"1.2917": {
							"post": [0, 0, 0],
							"lerp_mode": "catmullrom"
						},
						"2.0": [0, 0, 0]
					}
				},
				"head": {
					"rotation": {
						"0.0": [-15, 0, 0],
						"0.125": {
							"pre": [5, 0, 0],
							"post": [5, 0, 0],
							"lerp_mode": "catmullrom"
						},
						"0.2917": {
							"post": [-7.5, 0, 0],
							"lerp_mode": "catmullrom"
						},
						"0.625": {
							"post": [-22.5, 0, 0],
							"lerp_mode": "catmullrom"
						},
						"0.9167": {
							"post": [-37.5, 0, 0],
							"lerp_mode": "catmullrom"
						},
						"1.0": {
							"post": [-40, 0, 0],
							"lerp_mode": "catmullrom"
						},
						"1.0833": {
							"post": [-37.5, 0, 0],
							"lerp_mode": "catmullrom"
						},
						"1.1667": {
							"post": [-40, 0, 0],
							"lerp_mode": "catmullrom"
						},
						"1.25": {
							"post": [-37.5, 0, 0],
							"lerp_mode": "catmullrom"
						},
						"1.3333": {
							"post": [-40, 0, 0],
							"lerp_mode": "catmullrom"
						},
						"1.4167": {
							"post": [-37.5, 0, 0],
							"lerp_mode": "catmullrom"
						},
						"1.5": {
							"post": [-40, 0, 0],
							"lerp_mode": "catmullrom"
						},
						"1.7917": {
							"post": [-1.39, 0, 0],
							"lerp_mode": "catmullrom"
						},
						"1.875": {
							"post": [0, 0, 0],
							"lerp_mode": "catmullrom"
						},
						"2.0": [-15, 0, 0]
					}
				},
				"jaw": {
					"rotation": {
						"0.0": [12.5, 0, 0],
						"0.125": {
							"pre": [-15, 0, 0],
							"post": [-15, 0, 0],
							"lerp_mode": "catmullrom"
						},
						"0.7083": {
							"post": [-12.5, 0, 0],
							"lerp_mode": "catmullrom"
						},
						"0.875": {
							"post": [50, 0, 0],
							"lerp_mode": "catmullrom"
						},
						"0.9583": {
							"post": [47.5, 0, 0],
							"lerp_mode": "catmullrom"
						},
						"1.0417": {
							"post": [42.5, 0, 0],
							"lerp_mode": "catmullrom"
						},
						"1.125": {
							"post": [47.5, 0, 0],
							"lerp_mode": "catmullrom"
						},
						"1.2083": {
							"post": [42.5, 0, 0],
							"lerp_mode": "catmullrom"
						},
						"1.2917": {
							"post": [47.5, 0, 0],
							"lerp_mode": "catmullrom"
						},
						"1.375": {
							"post": [42.5, 0, 0],
							"lerp_mode": "catmullrom"
						},
						"1.4583": {
							"post": [47.5, 0, 0],
							"lerp_mode": "catmullrom"
						},
						"1.5417": {
							"post": [42.5, 0, 0],
							"lerp_mode": "catmullrom"
						},
						"1.6667": {
							"post": [-20, 0, 0],
							"lerp_mode": "catmullrom"
						},
						"2.0": [12.5, 0, 0]
					}
				},
				"tigershark": {
					"position": {
						"0.0": [0, 0, 0],
						"2.0": [0, 0, 0]
					}
				},
				"body": {
					"rotation": {
						"0.0": {
							"post": [0, 0, 0],
							"lerp_mode": "catmullrom"
						},
						"2.0": {
							"post": [0, 0, 0],
							"lerp_mode": "catmullrom"
						}
					},
					"position": {
						"0.0": [0, -2, 0],
						"2.0": [0, -2, 0]
					}
				},
				"leftleg": {
					"rotation": {
						"0.0": [40, 0, 0],
						"2.0": [40, 0, 0]
					},
					"position": {
						"0.0": [0, -4, 0],
						"2.0": [0, -4, 0]
					}
				},
				"leftankle": {
					"rotation": {
						"0.0": [-37.5, 0, 0],
						"2.0": [-37.5, 0, 0]
					},
					"position": {
						"0.0": [0, -3, -1],
						"2.0": [0, -3, -1]
					}
				},
				"rightleg": {
					"rotation": {
						"0.0": [-40, 0, 0],
						"2.0": [-40, 0, 0]
					},
					"position": {
						"0.0": [0, -1, 0],
						"2.0": [0, -1, 0]
					}
				},
				"rightknee": {
					"rotation": {
						"0.0": [35, 0, 0],
						"2.0": [35, 0, 0]
					},
					"position": {
						"0.0": [0, -2, 3],
						"2.0": [0, -2, 3]
					}
				},
				"thumb2": {
					"rotation": {
						"0.0": [35, 0, 0],
						"2.0": [35, 0, 0]
					}
				},
				"neck2": {
					"rotation": {
						"0.0": {
							"post": [0, 0, 0],
							"lerp_mode": "catmullrom"
						},
						"2.0": {
							"post": [0, 0, 0],
							"lerp_mode": "catmullrom"
						}
					}
				}
			}
		},
		"animation.tigershark_max.recoil": {
			"animation_length": 0.4583,
			"bones": {
				"torso2": {
					"rotation": {
						"0.0": {
							"post": [0, 0, 0],
							"lerp_mode": "catmullrom"
						},
						"0.0833": {
							"post": [-5, 0, 0],
							"lerp_mode": "catmullrom"
						},
						"0.1667": {
							"post": [0, 0, 0],
							"lerp_mode": "catmullrom"
						},
						"0.25": {
							"post": [0, 0, 0],
							"lerp_mode": "catmullrom"
						}
					}
				},
				"neck3": {
					"rotation": {
						"0.0": {
							"post": [0, 0, 0],
							"lerp_mode": "catmullrom"
						},
						"0.0833": {
							"post": [0, -27.5, 0],
							"lerp_mode": "catmullrom"
						},
						"0.1667": {
							"post": [0, 30, 0],
							"lerp_mode": "catmullrom"
						},
						"0.3333": {
							"post": [0, -5, 0],
							"lerp_mode": "catmullrom"
						},
						"0.4583": {
							"post": [0, 0, 0],
							"lerp_mode": "catmullrom"
						}
					}
				}
			}
		},
		"animation.tigershark_max.cry": {
			"animation_length": 1.7083,
			"bones": {
				"neck": {
					"rotation": {
						"0.0": {
							"post": [0, 0, 0],
							"lerp_mode": "catmullrom"
						},
						"0.2083": {
							"post": [-10, 0, 0],
							"lerp_mode": "catmullrom"
						},
						"0.5": {
							"post": [12.5, 0, 0],
							"lerp_mode": "catmullrom"
						},
						"1.0": {
							"post": [17.5, 0, 0],
							"lerp_mode": "catmullrom"
						},
						"1.7083": {
							"post": [0, 0, 0],
							"lerp_mode": "catmullrom"
						}
					}
				},
				"neck2": {
					"rotation": {
						"0.0": {
							"post": [0, 0, 0],
							"lerp_mode": "catmullrom"
						},
						"0.0833": {
							"post": [10, 0, 0],
							"lerp_mode": "catmullrom"
						},
						"0.3333": {
							"post": [-2.5, 0, 0],
							"lerp_mode": "catmullrom"
						},
						"0.6667": {
							"post": [-17.5, 0, 0],
							"lerp_mode": "catmullrom"
						},
						"1.375": {
							"post": [-11.54522, 1.01582, 4.30242],
							"lerp_mode": "catmullrom"
						},
						"1.6667": {
							"post": [0, 0, 0],
							"lerp_mode": "catmullrom"
						}
					}
				},
				"jaw": {
					"rotation": {
						"0.0": {
							"post": [0, 0, 0],
							"lerp_mode": "catmullrom"
						},
						"0.2917": {
							"post": [0, 0, 0],
							"lerp_mode": "catmullrom"
						},
						"0.4167": {
							"post": [40, 0, 0],
							"lerp_mode": "catmullrom"
						},
						"1.2917": {
							"post": [40, 0, 0],
							"lerp_mode": "catmullrom"
						},
						"1.5833": {
							"post": [0, 0, 0],
							"lerp_mode": "catmullrom"
						}
					}
				}
			},
			"sound_effects": {
				"0.0": {
					"effect": "pokemon.tigershark_max.cry"
				}
			}
		},
		"animation.tigershark_max.blink": {
			"animation_length": 0.3333,
			"bones": {
				"eye": {
					"scale": {
						"0.0": [1, 1, 1],
						"0.125": [1, 1, 1],
						"0.1667": [0.9, 1, 1],
						"0.2917": [0.9, 1, 1],
						"0.3333": [1, 1, 1]
					}
				}
			}
		},
		"animation.tigershark_max.water_idle": {
			"loop": true,
			"animation_length": 4,
			"bones": {
				"body": {
					"rotation": [25, 0, 0],
					"position": [0, "0+math.sin(query.anim_time*90*1)", 14]
				},
				"leftleg": {
					"rotation": ["-37.5+math.sin(query.anim_time*90*1-90)*5", 0, 0]
				},
				"leftankle": {
					"rotation": [-17.5, 0, 0]
				},
				"leftfoot": {
					"rotation": [55, 0, 0]
				},
				"rightleg": {
					"rotation": ["-10+math.sin(query.anim_time*90*1-60)*5", 0, 0]
				},
				"rightankle": {
					"rotation": [-25, 0, 0]
				},
				"rightfoot": {
					"rotation": [47.5, 0, 0]
				},
				"tail": {
					"rotation": ["-47.5+math.sin(query.anim_time*90*1-60)*5", "0+math.sin(query.anim_time*90*1)*5", 0]
				},
				"tail2": {
					"rotation": ["10+math.sin(query.anim_time*90*1-120)*5", "0+math.sin(query.anim_time*90*1-60)*10", 0]
				},
				"tail3": {
					"rotation": [7.5, "0+math.sin(query.anim_time*90*1-120)*10", 0]
				},
				"tail4": {
					"rotation": [7.5, "0-math.sin(query.anim_time*90*1-240)*15", 0]
				},
				"tail5": {
					"rotation": ["12.5+math.sin(query.anim_time*90*1-180)*5", "0-math.sin(query.anim_time*90*1-300)*20", 0]
				},
				"leftarm": {
					"rotation": [59.55435, 33.48545, "72.0328-math.sin(query.anim_time*90*1-60)*5"]
				},
				"leftelbow": {
					"rotation": [0, 0, "-22.5+math.sin(query.anim_time*90*1-120)*5"]
				},
				"lefthand": {
					"rotation": [-0.88045, 9.96156, -5.07673]
				},
				"thumb2": {
					"rotation": [62.5, 0, 0]
				},
				"finger5": {
					"rotation": [0, 47.5, 0]
				},
				"finger6": {
					"rotation": [0, 52.5, 0]
				},
				"finger4": {
					"rotation": [0, 57.5, 0]
				},
				"rightarm": {
					"rotation": [69.99467, -28.48042, "-80.1509+math.sin(query.anim_time*90*1-60)*5"]
				},
				"rightelbow": {
					"rotation": [0, 0, "20+math.sin(query.anim_time*90*1-120)*5"]
				},
				"righthand": {
					"rotation": [-3.81397, -11.91276, 17.89807]
				},
				"finger2": {
					"rotation": [0, -37.5, 0]
				},
				"finger3": {
					"rotation": [0, -32.5, 0]
				},
				"finger": {
					"rotation": [0, -50, 0]
				},
				"thumb": {
					"rotation": [55, 0, 0]
				},
				"neck2": {
					"rotation": ["0+math.sin(query.anim_time*90*1-60)*5", 0, 0]
				},
				"head": {
					"rotation": [-17.5, 0, 0]
				},
				"jaw": {
					"rotation": [-15, 0, 0]
				}
			}
		},
		"animation.tigershark_max.water_swim": {
			"loop": true,
			"animation_length": 4,
			"bones": {
				"body": {
					"rotation": ["67.5+math.sin(query.anim_time*90*2-60)", 0, 0],
					"position": [0, "0+math.sin(query.anim_time*90*2)", 28]
				},
				"leftleg": {
					"rotation": ["0-math.sin(query.anim_time*90*2-60)*10", 0, 0]
				},
				"leftfoot": {
					"rotation": ["49.685-math.sin(query.anim_time*90*2-120)*30", 4.34893, -15.08639]
				},
				"rightleg": {
					"rotation": ["0+math.sin(query.anim_time*90*2-60)*10", 0, 0]
				},
				"rightfoot": {
					"rotation": ["49.685+math.sin(query.anim_time*90*2-120)*30", 4.34893, -15.08639]
				},
				"tail": {
					"rotation": [-62.5, 0, "0+math.sin(query.anim_time*90*2-60)*10"]
				},
				"tail2": {
					"rotation": [0, "0-math.sin(query.anim_time*90*2-120)*10", 0]
				},
				"tail3": {
					"rotation": [0.34165, "0.159-math.sin(query.anim_time*90*2-180)*10", 0.81607]
				},
				"tail4": {
					"rotation": [0, "0-math.sin(query.anim_time*90*2-240)*15", 0]
				},
				"tail5": {
					"rotation": [0, "0+math.sin(query.anim_time*90*2-60)*30", 0]
				},
				"leftarm": {
					"rotation": [34.47186, "52.3871-math.sin(query.anim_time*90*2-30)*20", 43.40807],
					"position": [2, 0, -3]
				},
				"leftelbow": {
					"rotation": [0, 0, -50]
				},
				"lefthand": {
					"rotation": [40.73074, 13.35981, "-15.0213+math.sin(query.anim_time*90*2-120)*30"]
				},
				"thumb2": {
					"rotation": [45, 0, 0]
				},
				"finger5": {
					"rotation": [0, "35+math.sin(query.anim_time*90*2-60)*30", 0]
				},
				"finger6": {
					"rotation": [0, "40+math.sin(query.anim_time*90*2-60)*30", 0]
				},
				"finger4": {
					"rotation": [0, "27.5+math.sin(query.anim_time*90*2-60)*30", 0]
				},
				"rightarm": {
					"rotation": [40.89339, "-48.5904+math.sin(query.anim_time*90*2-60)*20", -49.1066]
				},
				"rightelbow": {
					"rotation": [-4.65468, 8.86042, 37.13918]
				},
				"righthand": {
					"rotation": [26.54344, 0.47647, "34.7367+math.sin(query.anim_time*90*2-120)*30"]
				},
				"finger2": {
					"rotation": [0, "-32.5+math.sin(query.anim_time*90*2-60)*30", 0]
				},
				"finger3": {
					"rotation": [0, "-25+math.sin(query.anim_time*90*2-60)*30", 0]
				},
				"finger": {
					"rotation": [0, "-30+math.sin(query.anim_time*90*2-60)*30", 0]
				},
				"thumb": {
					"rotation": [42.5, 0, 0]
				},
				"neck": {
					"rotation": [-20, 0, 0]
				},
				"neck2": {
					"rotation": ["-22.5+math.sin(query.anim_time*90*2-60)*5", 0, 0]
				},
				"neck3": {
					"rotation": [-15, 0, 0]
				},
				"head": {
					"rotation": ["-17.5-math.sin(query.anim_time*90*2-120)*5", 0, 0]
				},
				"jaw": {
					"rotation": [-20, 0, 0]
				}
			}
		},
		"animation.tigershark_max.sleep": {
			"loop": true,
			"bones": {
				"body": {
					"position": [0, -22, 0]
				},
				"leftleg": {
					"rotation": [-82.5, 0, 0]
				},
				"leftfoot": {
					"rotation": [32.5, 0, 0]
				},
				"rightleg": {
					"rotation": [-82.5, 0, 0]
				},
				"rightfoot": {
					"rotation": [32.5, 0, 0]
				},
				"tail": {
					"rotation": [0, -30, 0]
				},
				"tail2": {
					"rotation": [0, -32.5, 0]
				},
				"tail3": {
					"rotation": [0, -30, 0]
				},
				"tail4": {
					"rotation": [0, -35, 0]
				},
				"tail5": {
					"rotation": [0, -55, 0]
				},
				"torso3": {
					"rotation": [10, 0, 0]
				},
				"leftarm": {
					"rotation": [27.5122, 55.68422, 32.23543]
				},
				"leftelbow": {
					"rotation": [0, 32.5, 0]
				},
				"lefthand": {
					"rotation": [48.17953, 42.05244, -10.12436]
				},
				"rightarm": {
					"rotation": [64.26902, -73.31951, -62.62321]
				},
				"rightelbow": {
					"rotation": [-12.2127, -43.65747, 17.40744]
				},
				"righthand": {
					"rotation": [97.5, 0, 0]
				},
				"finger2": {
					"rotation": [0, -40, 0]
				},
				"finger3": {
					"rotation": [0, -42.5, 0]
				},
				"finger": {
					"rotation": [0, -40, 0]
				},
				"head": {
					"rotation": ["5+math.sin(query.anim_time*90*2-60)", 0, 0]
				},
				"jaw": {
					"rotation": [-17.5, 0, 0]
				},
				"eye": {
					"scale": [0.8, 1, 1]
				}
			}
		}
	}
}