{
	"format_version": "1.8.0",
	"animations": {
		"animation.trunpleora.ground_walk": {
			"loop": true,
			"bones": {
				"head": {
					"position": [0, "0-math.cos(q.anim_time*90*2.5)*0.1", 0]
				},
				"body": {
					"position": [0, "0+math.cos(q.anim_time*90*2.5)*0.1", 0]
				},
				"left_leg": {
					"rotation": ["0-math.cos(q.anim_time*90*3.5)*30", 0, 0],
					"position": [0, "0+math.clamp((math.sin(q.anim_time*-90*3.5)*1), 0, 1)", 0]
				},
				"right_leg": {
					"rotation": ["0+math.cos(q.anim_time*90*3.5)*30", 0, 0],
					"position": [0, "0+math.clamp((math.sin(q.anim_time*90*3.5)*1), 0, 1)", 0]
				},
				"body_1": {
					"position": [0, "0-math.cos(q.anim_time*90*2.5)*0.2", 0]
				},
				"left_leg_1": {
					"rotation": ["0-math.cos(q.anim_time*90*3.5-30)*30", 0, 0],
					"position": [0, "0+math.clamp((math.sin(q.anim_time*-90*3.5+30)*1), 0, 1)", 0]
				},
				"right_leg_1": {
					"rotation": ["0+math.cos(q.anim_time*90*3.5-30)*30", 0, 0],
					"position": [0, "0+math.clamp((math.sin(q.anim_time*90*3.5-30)*1), 0, 1)", 0]
				},
				"body_2": {
					"position": [0, "0+math.cos(q.anim_time*90*2.5)*0.3", 0]
				},
				"left_leg_2": {
					"rotation": ["0-math.cos(q.anim_time*90*3.5-60)*30", 0, 0],
					"position": [0, "0+math.clamp((math.sin(q.anim_time*-90*3.5+60)*1), 0, 1)", 0]
				},
				"right_leg_2": {
					"rotation": ["0+math.cos(q.anim_time*90*3.5-60)*30", 0, 0],
					"position": [0, "0+math.clamp((math.sin(q.anim_time*90*3.5-60)*1), 0, 1)", 0]
				},
				"body_3": {
					"position": [0, "0-math.cos(q.anim_time*90*2.5)*0.4", 0]
				},
				"left_leg_3": {
					"rotation": ["0-math.cos(q.anim_time*90*3.5-90)*30", 0, 0],
					"position": [0, "0+math.clamp((math.sin(q.anim_time*-90*3.5+90)*1), 0, 1)", 0]
				},
				"right_leg_3": {
					"rotation": ["0+math.cos(q.anim_time*90*3.5-90)*30", 0, 0],
					"position": [0, "0+math.clamp((math.sin(q.anim_time*90*3.5-90)*1), 0, 1)", 0]
				},
				"body_4": {
					"position": [0, "0+math.cos(q.anim_time*90*2.5)*0.5", 0]
				},
				"left_leg_4": {
					"rotation": ["0-math.cos(q.anim_time*90*3.5-120)*30", 0, 0],
					"position": [0, "0+math.clamp((math.sin(q.anim_time*-90*3.5+120)*1), 0, 1)", 0]
				},
				"right_leg_4": {
					"rotation": ["0+math.cos(q.anim_time*90*3.5-120)*30", 0, 0],
					"position": [0, "0+math.clamp((math.sin(q.anim_time*90*3.5-120)*1), 0, 1)", 0]
				},
				"body_5": {
					"position": [0, "0-math.cos(q.anim_time*90*2.5)*0.6", 0]
				},
				"left_leg_5": {
					"rotation": ["0-math.cos(q.anim_time*90*3.5-150)*30", 0, 0],
					"position": [0, "0+math.clamp((math.sin(q.anim_time*-90*3.5+150)*1), 0, 1)", 0]
				},
				"right_leg_5": {
					"rotation": ["0+math.cos(q.anim_time*90*3.5-150)*30", 0, 0],
					"position": [0, "0+math.clamp((math.sin(q.anim_time*90*3.5-150)*1), 0, 1)", 0]
				},
				"body_6": {
					"position": [0, "0+math.cos(q.anim_time*90*2.5)*0.7", 0]
				},
				"left_leg_6": {
					"rotation": ["0-math.cos(q.anim_time*90*3.5-180)*30", 0, 0],
					"position": [0, "0+math.clamp((math.sin(q.anim_time*-90*3.5+180)*1), 0, 1)", 0]
				},
				"right_leg_6": {
					"rotation": ["0+math.cos(q.anim_time*90*3.5-180)*30", 0, 0],
					"position": [0, "0+math.clamp((math.sin(q.anim_time*90*3.5-180)*1), 0, 1)", 0]
				}
			}
		},
		"animation.trunpleora.ground_idle": {
			"loop": true,
			"bones": {
				"full_body": {
					"position": [0, 18.2, 4]
				},
				"head": {
					"rotation": ["0+math.cos(q.anim_time*90*1)*1", 0, 0],
					"position": [0, "11-math.cos(q.anim_time*90*0.5)*0.1", 11.5]
				},
				"polen_thing_1": {
					"rotation": ["0+math.sin(q.anim_time*90*1+42)*1", 0, 0]
				},
				"polen_thing_4": {
					"rotation": ["0+math.sin(q.anim_time*90*1+17)*1", 0, 0]
				},
				"polen_thing_2": {
					"rotation": ["0+math.sin(q.anim_time*90*1+38)*1", 0, 0]
				},
				"polen_thing_3": {
					"rotation": ["0+math.sin(q.anim_time*90*1+25)*1", 0, 0]
				},
				"body": {
					"rotation": [-90, 0, 0],
					"position": [0, "0+math.cos(q.anim_time*90*0.5)*0.1", 0]
				},
				"legs": {
					"rotation": [90, 0, 0]
				},
				"left_leg": {
					"rotation": ["0-math.clamp((math.cos(q.anim_time*90*2)*15), 0, 15)", 0, 0]
				},
				"right_leg": {
					"rotation": ["0+math.clamp((math.cos(q.anim_time*90*2+90)*15), -15, 0)", 0, 0]
				},
				"body_1": {
					"position": [0, 0, "0-math.cos(q.anim_time*90*0.5)*0.1"]
				},
				"legs_1": {
					"rotation": [90, 0, 0]
				},
				"left_leg_1": {
					"rotation": ["0+math.clamp((math.cos(q.anim_time*90*2+90)*15), -15, 0)", 0, 0]
				},
				"right_leg_1": {
					"rotation": ["0-math.clamp((math.cos(q.anim_time*90*2)*15), 0, 15)", 0, 0]
				},
				"body_2": {
					"position": [0, 0, "0+math.cos(q.anim_time*90*0.5)*0.1"]
				},
				"legs_2": {
					"rotation": [90, 0, 0]
				},
				"left_leg_2": {
					"rotation": ["0-math.clamp((math.cos(q.anim_time*90*2)*15), 0, 15)", 0, 0]
				},
				"right_leg_2": {
					"rotation": ["0+math.clamp((math.cos(q.anim_time*90*2+90)*15), -15, 0)", 0, 0]
				},
				"body_3": {
					"rotation": [45, 0, 0],
					"position": [0, 5.7, "-4.3+math.cos(q.anim_time*90*0.5)*0.1"]
				},
				"legs_3": {
					"rotation": [45, 0, 0]
				},
				"body_4": {
					"rotation": [45, 0, 0],
					"position": [0, "5.6+math.cos(q.anim_time*90*0.5)*0.05", "-4.3-math.cos(q.anim_time*90*0.5)*0.1"]
				},
				"legs_4": {
					"rotation": [90, 0, 0]
				},
				"legs_5": {
					"rotation": [90, 0, 0]
				},
				"legs_6": {
					"rotation": [90, 0, 0]
				},
				"mouth_open": {
					"position": [0, -32, 13]
				}
			}
		},
		"animation.trunpleora.blink": {
			"animation_length": 0.16,
			"bones": {
				"left_eyelid": {
					"position": {
						"0.0": [1, 0, -1],
						"0.16": {
							"pre": [1, 0, -1],
							"post": [0, 0, 0]
						}
					}
				},
				"right_eyelid": {
					"position": {
						"0.0": [-1, 0, -1],
						"0.16": {
							"pre": [-1, 0, -1],
							"post": [0, 0, 0]
						}
					}
				}
			}
		}
	}
}