{
	"format_version": "1.12.0",
	"minecraft:geometry": [
		{
			"description": {
				"identifier": "geometry.unknown",
				"texture_width": 64,
				"texture_height": 64,
				"visible_bounds_width": 3,
				"visible_bounds_height": 2.5,
				"visible_bounds_offset": [0, 0.75, 0]
			},
			"bones": [
				{
					"name": "huwatt",
					"pivot": [0, 0, 0]
				},
				{
					"name": "body",
					"parent": "huwatt",
					"pivot": [0, 0, 0]
				},
				{
					"name": "torso01",
					"parent": "body",
					"pivot": [0, 4.75, -0.5],
					"cubes": [
						{"origin": [-2.5, 4, -2.75], "size": [5, 2, 5], "uv": [44, 34]}
					]
				},
				{
					"name": "torso02",
					"parent": "torso01",
					"pivot": [0, 6.25, -0.5],
					"cubes": [
						{"origin": [-2, 5.75, -2.5], "size": [4, 2, 4], "uv": [46, 41]}
					]
				},
				{
					"name": "torso03",
					"parent": "torso02",
					"pivot": [0, 8, -0.5],
					"cubes": [
						{"origin": [-1.5, 7.25, -2], "size": [3, 2, 3], "uv": [48, 47]},
						{"origin": [-2, 9, -2.5], "size": [4, 1, 4], "uv": [46, 52]}
					]
				},
				{
					"name": "head",
					"parent": "torso03",
					"pivot": [0, 10, -0.5],
					"cubes": [
						{"origin": [3.5, 10.01, -4], "size": [-7, 7, 7], "uv": [0, 40]},
						{"origin": [-3, 10.5, -3.5], "size": [6, 6, 6], "uv": [14, 52]},
						{"origin": [-1, 10.59952, -4.376], "size": [2, 2, 1], "pivot": [0, 10.84952, -4.126], "rotation": [-20, 0, 0], "uv": [23, 49]},
						{"origin": [-0.5, 9.75, -4.5], "size": [1, 1, 1], "pivot": [0, 12, -4.75], "rotation": [2.5, 0, 0], "uv": [28, 5]}
					]
				},
				{
					"name": "br_bolt",
					"parent": "head",
					"pivot": [-3.25, 10.5, -0.25],
					"cubes": [
						{"origin": [-8, 10, -0.25], "size": [5, 2, 0], "uv": [0, 27]}
					]
				},
				{
					"name": "mr_bolt",
					"parent": "head",
					"pivot": [-3.25, 15.25, -0.25],
					"cubes": [
						{"origin": [-8, 14.75, -0.25], "size": [5, 2, 0], "uv": [0, 31]}
					]
				},
				{
					"name": "tr_bolt",
					"parent": "head",
					"pivot": [-2.25, 16.75, -0.25],
					"cubes": [
						{"origin": [-6, 18, -0.25], "size": [5, 2, 0], "pivot": [-2.5, 18.25, -0.25], "rotation": [0, 0, 90], "uv": [0, 33]}
					]
				},
				{
					"name": "bl_bolt",
					"parent": "head",
					"pivot": [3.25, 11.5, -0.25],
					"cubes": [
						{"origin": [3, 10, -0.25], "size": [5, 2, 0], "uv": [0, 23]}
					]
				},
				{
					"name": "ml_bolt",
					"parent": "head",
					"pivot": [3.25, 15.25, -0.25],
					"cubes": [
						{"origin": [3, 14.75, -0.25], "size": [5, 2, 0], "uv": [0, 29]}
					]
				},
				{
					"name": "tl_bolt",
					"parent": "head",
					"pivot": [2.25, 16.75, -0.25],
					"cubes": [
						{"origin": [1, 18, -0.25], "size": [5, 2, 0], "pivot": [2.5, 18.25, -0.25], "rotation": [0, 0, -90], "uv": [0, 25]}
					]
				},
				{
					"name": "eye_close",
					"parent": "head",
					"pivot": [0, 10, -0.5],
					"rotation": [0, -45, 0],
					"cubes": [
						{"origin": [-3.5, 10.5, -1.01], "size": [7, 6, 0], "uv": [50, 0]}
					]
				},
				{
					"name": "eye_open",
					"parent": "head",
					"pivot": [0, 13.5, -4],
					"cubes": [
						{"origin": [-3.5, 10.5, -4.01], "size": [7, 6, 0], "uv": [50, 8]}
					]
				},
				{
					"name": "iris",
					"parent": "eye_open",
					"pivot": [0, 13.5, -4],
					"cubes": [
						{"origin": [-2, 11.5, -4.02], "size": [4, 4, 0], "uv": [0, 54]}
					]
				},
				{
					"name": "pupil01",
					"parent": "iris",
					"pivot": [0.25, 14, -4],
					"cubes": [
						{"origin": [-0.25, 13.5, -4.03], "size": [1, 1, 0], "uv": [8, 54]}
					]
				},
				{
					"name": "pupil02",
					"parent": "iris",
					"pivot": [-0.75, 13.25, -4],
					"cubes": [
						{"origin": [-1.25, 12.75, -4.03], "size": [1, 1, 0], "uv": [8, 55]}
					]
				},
				{
					"name": "pupil04",
					"parent": "iris",
					"pivot": [0.5, 13.25, -4],
					"cubes": [
						{"origin": [0, 12.75, -4.03], "size": [1, 1, 0], "uv": [8, 57]}
					]
				},
				{
					"name": "pupil03",
					"parent": "iris",
					"pivot": [0, 12.75, -4],
					"cubes": [
						{"origin": [-0.5, 12.25, -4.03], "size": [1, 1, 0], "uv": [8, 56]}
					]
				},
				{
					"name": "highlight",
					"parent": "eye_open",
					"pivot": [-1, 14.25, -4],
					"cubes": [
						{"origin": [-1.5, 13.75, -4.04], "size": [1, 1, 0], "uv": [15, 15]}
					]
				},
				{
					"name": "tail01",
					"parent": "torso01",
					"pivot": [0, 4.75, 1],
					"rotation": [-42.5, 0, 0],
					"cubes": [
						{"origin": [-0.5, 4.25, 1], "size": [1, 1, 4], "uv": [1, 1]}
					]
				},
				{
					"name": "tail02",
					"parent": "tail01",
					"pivot": [0, 4.75, 5],
					"rotation": [52.5, 0, 0],
					"cubes": [
						{"origin": [-0.5, 4.25, 5], "size": [1, 1, 3], "uv": [2, 9]}
					]
				},
				{
					"name": "tail03",
					"parent": "tail02",
					"pivot": [0, 4.75, 8],
					"rotation": [25, 0, 0],
					"cubes": [
						{"origin": [-0.5, 4.25, 8], "size": [1, 1, 2], "inflate": 0.1, "uv": [3, 14]},
						{"origin": [0, 4.25, 10], "size": [0, 2, 4], "uv": [0, 13]}
					]
				},
				{
					"name": "r_leg01",
					"parent": "body",
					"pivot": [-1, 5, -0.5],
					"cubes": [
						{"origin": [-1.5, 3, -1], "size": [1, 2, 1], "uv": [42, 60]}
					]
				},
				{
					"name": "r_leg02",
					"parent": "r_leg01",
					"pivot": [-1, 3, -0.5],
					"cubes": [
						{"origin": [-1.5, 1, -1], "size": [1, 2, 1], "uv": [38, 60]}
					]
				},
				{
					"name": "r_foot",
					"parent": "r_leg02",
					"pivot": [-1, 0.75, -0.5]
				},
				{
					"name": "r_toe01",
					"parent": "r_foot",
					"pivot": [-0.5, 0.5, -1],
					"rotation": [0, 2.5, 0],
					"cubes": [
						{"origin": [-1, 0, -2.75], "size": [1, 1, 2], "uv": [58, 61]}
					]
				},
				{
					"name": "r_toe02",
					"parent": "r_foot",
					"pivot": [-1.25, 0.5, -0.5],
					"rotation": [0, 20, 0],
					"cubes": [
						{"origin": [-2, 0, -2.5], "size": [1, 1, 2], "uv": [52, 61]}
					]
				},
				{
					"name": "r_toe03",
					"parent": "r_foot",
					"pivot": [-1, 0.5, -0.25],
					"cubes": [
						{"origin": [-1.52, 0, -0.5], "size": [1, 1, 2], "uv": [46, 61]}
					]
				},
				{
					"name": "l_leg01",
					"parent": "body",
					"pivot": [1, 5, -0.5],
					"cubes": [
						{"origin": [0.5, 3, -1], "size": [1, 2, 1], "uv": [42, 56]}
					]
				},
				{
					"name": "l_leg02",
					"parent": "l_leg01",
					"pivot": [1, 3, -0.5],
					"cubes": [
						{"origin": [0.5, 1, -1], "size": [1, 2, 1], "uv": [38, 56]}
					]
				},
				{
					"name": "l_foot",
					"parent": "l_leg02",
					"pivot": [1, 0.75, -0.5]
				},
				{
					"name": "l_toe01",
					"parent": "l_foot",
					"pivot": [0.5, 0.5, -0.5],
					"rotation": [0, -2.5, 0],
					"cubes": [
						{"origin": [0, 0, -2.75], "size": [1, 1, 2], "uv": [58, 57]}
					]
				},
				{
					"name": "l_toe02",
					"parent": "l_foot",
					"pivot": [1.5, 0.5, -0.5],
					"rotation": [0, -20, 0],
					"cubes": [
						{"origin": [1, 0, -2.5], "size": [1, 1, 2], "uv": [52, 57]}
					]
				},
				{
					"name": "l_toe03",
					"parent": "l_foot",
					"pivot": [1, 0.5, -0.25],
					"cubes": [
						{"origin": [0.52, 0, -0.5], "size": [1, 1, 2], "uv": [46, 57]}
					]
				}
			]
		}
	]
}