{
 "portraitScale": 1,
 "portraitTranslation": [0, 2, 0],
 "profileScale": 0.5,
 "profileTranslation": [0, 1, 0],
 "animations": {
  "cry": "q.bedrock_stateful('stingwing_colt', 'cry')"
 },
 "poses": {
   "battle-standing": {
     "poseTypes": ["STAND"],
     "isBattle": true,
     "animations": [
       "q.look('head')",
       "q.bedrock('stingwing_colt', 'battle_idle')"
     ],
     "quirks": ["q.bedrock_quirk('stingwing_colt', 'blink')"]
   },
   "standing": {
     "poseTypes": ["STAND", "NONE", "PORTRAIT", "PROFILE"],
     "isBattle": false,
     "animations": [
       "q.look('head')",
       "q.bedrock('stingwing_colt', 'ground_idle')"
     ],
     "quirks": [
       "q.bedrock_quirk('stingwing_colt', 'blink')",
       "q.bedrock_quirk('stingwing_colt', 'quirk')"
     ]
   },
   "walking": {
     "poseTypes": ["WALK"],
     "animations": [
       "q.look('head')",
       "q.bedrock('stingwing_colt', 'ground_walk')"
     ],
     "quirks": ["q.bedrock_quirk('stingwing_colt', 'blink')"]
   },

   "float": {
     "poseTypes": ["FLOAT"],
     "animations": [
       "q.look('head')",
       "q.bedrock('stingwing_colt', 'ground_idle')"
     ],
     "quirks": ["q.bedrock_quirk('stingwing_colt', 'blink')"]
   },
   "swim": {
     "poseTypes": ["SWIM"],
     "animations": [
       "q.look('head')",
       "q.bedrock('stingwing_colt', 'ground_walk')"
     ],
     "quirks": ["q.bedrock_quirk('stingwing_colt', 'blink')"]
    },

   "hover": {
     "poseTypes": ["HOVER"],
     "animations": [
       "q.look('head')",
       "q.bedrock('stingwing_colt', 'air_idle')"
     ],
     "quirks": ["q.bedrock_quirk('stingwing_colt', 'blink')"]
   },

   "fly": {
     "poseTypes": ["FLY"],
     "animations": [
       "q.look('head')",
       "q.bedrock('stingwing_colt', 'air_fly')"
     ],
     "quirks": ["q.bedrock_quirk('stingwing_colt', 'blink')"]
   },
   "sleep": {
     "poseTypes": ["SLEEP"],
     "animations": ["q.bedrock('stingwing_colt', 'sleep')"]
   }
 }
}