{
 "portraitScale": 0.8,
 "portraitTranslation": [-0.7, 0.7, 0],
 "profileScale": 0.5,
 "profileTranslation": [-0.2, 1, 0],
 "animations": {
   "recoil": "q.bedrock_stateful('tigershark_max', 'recoil')",
   "physical": "q.bedrock_primary('tigershark_max', 'physical', q.curve('symmetrical_wide'))",
   "special": "q.bedrock_primary('tigershark_max', 'special', q.curve('symmetrical_wide'))",
   "status": "q.bedrock_primary('tigershark_max', 'status', q.curve('symmetrical_wide'))"
 },
 "poses": {
   "battle-standing": {
     "poseTypes": ["STAND"],
     "isBattle": true,
     "animations": [
       "q.look('head')",
       "q.bedrock('tigershark_max', 'battle_idle')"
     ],
     "quirks": ["q.bedrock_quirk('tigershark_max', 'blink')"]
   },
   "standing": {
     "poseTypes": ["STAND", "NONE", "PORTRAIT", "PROFILE"],
     "isBattle": false,
     "animations": [
       "q.look('head')",
       "q.bedrock('tigershark_max', 'ground_idle')"
     ],
     "quirks": [
       "q.bedrock_quirk('tigershark_max', 'blink')"
     ]
   },
   "walking": {
     "poseTypes": ["WALK"],
     "animations": [
       "q.look('head')",
       "q.bedrock('tigershark_max', 'ground_walk')"
     ],
     "quirks": ["q.bedrock_quirk('tigershark_max', 'blink')"]
   },
   "hover": {
     "poseTypes": ["HOVER"],
     "animations": [
       "q.look('head')",
       "q.bedrock('tigershark_max', 'ground_idle')"
     ],
     "quirks": ["q.bedrock_quirk('tigershark_max', 'blink')"]
   },
   "fly": {
     "poseTypes": ["FLY"],
     "animations": [
       "q.look('head')",
       "q.bedrock('tigershark_max', 'ground_idle')"
     ],
     "quirks": ["q.bedrock_quirk('tigershark_max', 'blink')"]
   },
   "float": {
     "poseTypes": ["FLOAT"],
     "animations": [
       "q.look('head')",
       "q.bedrock('tigershark_max', 'water_idle')"
     ],
     "quirks": ["q.bedrock_quirk('tigershark_max', 'blink')"]
   },
   "swim": {
     "poseTypes": ["SWIM"],
     "animations": [
       "q.look('head')",
       "q.bedrock('tigershark_max', 'water_swim')"
     ],
     "quirks": ["q.bedrock_quirk('tigershark_max', 'blink')"]
   },
   "sleep": {
     "poseTypes": ["SLEEP"],
     "animations": ["q.bedrock('tigershark_max', 'sleep')"]
   },
   "shoulder_left": {
     "poseTypes": ["SHOULDER_LEFT"],
     "animations": [
       "q.look('head')",
       "q.bedrock('tigershark_max', 'ground_idle')"
     ],
     "quirks": ["q.bedrock_quirk('tigershark_max', 'blink')"]
   },
   "shoulder_right": {
     "poseTypes": ["SHOULDER_RIGHT"],
     "animations": [
       "q.look('head')",
       "q.bedrock('tigershark_max', 'ground_idle')"
     ],
     "quirks": ["q.bedrock_quirk('tigershark_max', 'blink')"]
   }
 }
}