{
	"format_version": "1.8.0",
	"animations": {
		"animation.macabrula.ground_idle": {
			"loop": true,
			"animation_length": 4,
			"bones": {
				"head": {
					"position": {
						"0.0833": [0, 0, 0],
						"2.0833": [0, -1, 0],
						"4.0": [0, 0, 0]
					}
				},
				"abdomen": {
					"position": {
						"0.0": [0, 0, 0],
						"2.0": [0, -1, 0],
						"4.0": [0, 0, 0]
					}
				}
			}
		},
		"animation.macabrula.ground_walk": {
			"loop": true,
			"animation_length": 2,
			"bones": {
				"head": {
					"rotation": {
						"0.0": [0, 0, -5],
						"1.0": [0, 0, 5],
						"2.0": [0, 0, -5]
					}
				},
				"abdomen": {
					"rotation": {
						"0.0": [0, 0, 5],
						"1.0": [0, 0, -5],
						"2.0": [0, 0, 5]
					}
				},
				"leftfur": {
					"rotation": {
						"0.0": [0, 0, -2.5],
						"0.25": [0, 0, 2.5],
						"0.5": [0, 0, 12.5],
						"0.75": [0, 0, 2.5],
						"1.0": [0, 0, -2.5]
					}
				},
				"rightfur": {
					"rotation": {
						"0.0": [0, 0, -7.5],
						"0.5": [0, 0, 0],
						"1.0": [0, 0, 5],
						"1.5": [0, 0, 0],
						"2.0": [0, 0, -7.5]
					}
				},
				"backfur": {
					"rotation": [12.5, 0, 0]
				},
				"frontfur": {
					"rotation": [12.5, 0, 0]
				},
				"rightleg1": {
					"rotation": {
						"0.0": [0, 12.5, 0],
						"0.5": [-11.21792, -6.26755, 16.7357],
						"1.0": [0, -27.5, 0],
						"2.0": [0, 12.5, 0]
					}
				},
				"rightleg1mid": {
					"rotation": {
						"0.0": [0, 0, 0],
						"0.5": [0, 0, 20],
						"1.0": [0, 0, 0]
					}
				},
				"rightleg2": {
					"rotation": {
						"0.0": [0, -15, 0],
						"1.0": [0, 5, 0],
						"1.5": [-1.5223, -4.83327, 12.59089],
						"2.0": [0, -15, 0]
					}
				},
				"rightleg1mid2": {
					"rotation": {
						"0.0": [0, 0, 0],
						"1.0": [0, 0, 0],
						"1.5": [0, 0, 22.5],
						"2.0": [0, 0, 0]
					}
				},
				"rightleg3": {
					"rotation": {
						"0.0": [0, 12.5, 0],
						"0.5": [3.86321, -1.58811, 10.71319],
						"1.0": [0, -15, 0],
						"2.0": [0, 12.5, 0]
					}
				},
				"rightleg1mid4": {
					"rotation": {
						"0.0": [0, 0, 0],
						"0.5": [0, 0, 20],
						"1.0": [0, 0, 0]
					}
				},
				"rightleg4": {
					"rotation": {
						"0.0": [0, -17.5, 0],
						"1.0": [0, 12.5, 0],
						"1.5": [13.92809, -3.72454, 17.0883],
						"2.0": [0, -17.5, 0]
					}
				},
				"rightleg1mid3": {
					"rotation": {
						"0.0": [0, 0, 0],
						"1.0": [0, 0, 0],
						"1.5": [0, 0, 20],
						"2.0": [0, 0, 0]
					}
				},
				"leftleg1": {
					"rotation": {
						"0.0": [0, 17.5, 0],
						"1.0": [0, -10, 0],
						"1.5": [-7.93406, 3.05476, -12.74002],
						"2.0": [0, 17.5, 0]
					}
				},
				"leftleg1mid": {
					"rotation": {
						"0.0": [0, 0, 0],
						"1.0": [0, 0, 0],
						"1.5": [0, 0, -22.5],
						"2.0": [0, 0, 0]
					}
				},
				"leftleg2": {
					"rotation": {
						"0.0": [0, -15, 0],
						"0.5": [0.10822, -2.48815, -12.50046],
						"1.0": [0, 10, 0],
						"2.0": [0, -15, 0]
					}
				},
				"leftleg1mid2": {
					"rotation": {
						"0.0": [0, 0, 0],
						"0.5": [0, 0, -22.5],
						"1.0": [0, 0, 0]
					}
				},
				"leftleg3": {
					"rotation": {
						"0.0": [0, 17.5, 0],
						"1.0": [0, 0, 0],
						"1.5": [2.43312, 8.9629, -10.28882],
						"2.0": [0, 17.5, 0]
					}
				},
				"leftleg1mid4": {
					"rotation": {
						"0.0": [0, 0, 0],
						"1.0": [0, 0, 0],
						"1.5": [0, 0, -27.5],
						"2.0": [0, 0, 0]
					}
				},
				"leftleg4": {
					"rotation": {
						"0.0": [0, -2.5, 0],
						"0.5": [11.20014, 9.73299, -14.97209],
						"1.0": [0, 20, 0],
						"2.0": [0, -2.5, 0]
					}
				},
				"leftleg1mid3": {
					"rotation": {
						"0.0": [0, 0, 0],
						"0.5": [0, 0, -22.5],
						"1.0": [0, 0, 0]
					}
				},
				"front": {
					"rotation": {
						"0.0": [0, 0, 0],
						"0.5": [67.5, 0, 0],
						"1.0": [0, 0, 0]
					}
				},
				"back": {
					"rotation": {
						"0.0": [0, 0, 0],
						"0.5": [-70, 0, 0],
						"1.0": [0, 0, 0]
					}
				},
				"left2": {
					"rotation": {
						"0.0": [0, 0, 0],
						"0.5": [0, 0, 42.5],
						"1.0": [0, 0, 0]
					}
				},
				"left3": {
					"rotation": {
						"0.0": [0, 0, 0],
						"0.5": [0, 0, -75],
						"1.0": [0, 0, 0]
					}
				},
				"front2": {
					"rotation": {
						"0.0": [0, 0, 0],
						"1.0": [0, 0, 0],
						"1.5": [60, 0, 0],
						"2.0": [0, 0, 0]
					}
				},
				"back2": {
					"rotation": {
						"0.0": [0, 0, 0],
						"1.0": [0, 0, 0],
						"1.5": [-52.5, 0, 0],
						"2.0": [0, 0, 0]
					}
				},
				"left4": {
					"rotation": {
						"0.0": [0, 0, 0],
						"1.0": [0, 0, 0],
						"1.5": [0, 0, 52.5],
						"2.0": [0, 0, 0]
					}
				},
				"left5": {
					"rotation": {
						"0.0": [0, 0, 0],
						"1.0": [0, 0, 0],
						"1.5": [0, 0, -102.5],
						"2.0": [0, 0, 0]
					}
				},
				"front4": {
					"rotation": {
						"0.0": [0, 0, 0],
						"0.5": [-55, 0, 0],
						"1.0": [0, 0, 0]
					}
				},
				"back4": {
					"rotation": {
						"0.0": [0, 0, 0],
						"0.5": [60, 0, 0],
						"1.0": [0, 0, 0]
					}
				},
				"left8": {
					"rotation": {
						"0.0": [0, 0, 0],
						"0.5": [0, 0, 62.5],
						"1.0": [0, 0, 0]
					}
				},
				"left9": {
					"rotation": {
						"0.0": [0, 0, 0],
						"0.5": [0, 0, -105],
						"1.0": [0, 0, 0]
					}
				},
				"front3": {
					"rotation": {
						"0.0": [0, 0, 0],
						"1.0": [0, 0, 0],
						"1.5": [-67.5, 0, 0],
						"2.0": [0, 0, 0]
					}
				},
				"back3": {
					"rotation": {
						"0.0": [0, 0, 0],
						"1.0": [0, 0, 0],
						"1.5": [42.5, 0, 0],
						"2.0": [0, 0, 0]
					}
				},
				"left6": {
					"rotation": {
						"0.0": [0, 0, 0],
						"1.0": [0, 0, 0],
						"1.5": [0, 0, 57.5],
						"2.0": [0, 0, 0]
					}
				},
				"left7": {
					"rotation": {
						"0.0": [0, 0, 0],
						"1.0": [0, 0, 0],
						"1.5": [0, 0, -107.5],
						"2.0": [0, 0, 0]
					}
				},
				"front5": {
					"rotation": {
						"0.0": [0, 0, 0],
						"1.0": [0, 0, 0],
						"1.5": [50, 0, 0],
						"2.0": [0, 0, 0]
					}
				},
				"back5": {
					"rotation": {
						"0.0": [0, 0, 0],
						"1.0": [0, 0, 0],
						"1.5": [-77.5, 0, 0],
						"2.0": [0, 0, 0]
					}
				},
				"right2": {
					"rotation": {
						"0.0": [0, 0, 0],
						"1.0": [0, 0, 0],
						"1.5": [0, 0, -65],
						"2.0": [0, 0, 0]
					}
				},
				"right3": {
					"rotation": {
						"0.0": [0, 0, 0],
						"1.0": [0, 0, 0],
						"1.5": [0, 0, 112.5],
						"2.0": [0, 0, 0]
					}
				},
				"front6": {
					"rotation": {
						"0.0": [0, 0, 0],
						"0.5": [60, 0, 0],
						"1.0": [0, 0, 0]
					}
				},
				"back6": {
					"rotation": {
						"0.0": [0, 0, 0],
						"0.5": [-60, 0, 0],
						"1.0": [0, 0, 0]
					}
				},
				"right4": {
					"rotation": {
						"0.0": [0, 0, 0],
						"0.5": [0, 0, -50],
						"1.0": [0, 0, 0]
					}
				},
				"right5": {
					"rotation": {
						"0.0": [0, 0, 0],
						"0.5": [0, 0, 122.5],
						"1.0": [0, 0, 0]
					}
				},
				"front7": {
					"rotation": {
						"0.0": [0, 0, 0],
						"1.0": [0, 0, 0],
						"1.5": [-72.5, 0, 0],
						"2.0": [0, 0, 0]
					}
				},
				"back7": {
					"rotation": {
						"0.0": [0, 0, 0],
						"1.0": [0, 0, 0],
						"1.5": [77.5, 0, 0],
						"2.0": [0, 0, 0]
					}
				},
				"right8": {
					"rotation": {
						"0.0": [0, 0, 0],
						"1.0": [0, 0, 0],
						"1.5": [0, 0, -57.5],
						"2.0": [0, 0, 0]
					}
				},
				"right9": {
					"rotation": {
						"0.0": [0, 0, 0],
						"1.0": [0, 0, 0],
						"1.5": [0, 0, 120],
						"2.0": [0, 0, 0]
					}
				},
				"front8": {
					"rotation": {
						"0.0": [0, 0, 0],
						"0.5": [-72.5, 0, 0],
						"1.0": [0, 0, 0]
					}
				},
				"back8": {
					"rotation": {
						"0.0": [0, 0, 0],
						"0.5": [72.5, 0, 0],
						"1.0": [0, 0, 0],
						"2.0": [0, 0, 0]
					}
				},
				"right6": {
					"rotation": {
						"0.0": [0, 0, 0],
						"0.5": [0, 0, -55],
						"1.0": [0, 0, 0]
					}
				},
				"right7": {
					"rotation": {
						"0.0": [0, 0, 0],
						"0.5": [0, 0, 117.5],
						"1.0": [0, 0, 0]
					}
				}
			}
		},
		"animation.macabrula.quirk_look": {
			"animation_length": 2.16667,
			"bones": {
				"bigeyepupil": {
					"position": {
						"0.0": [0, 0, 0],
						"0.0417": [0, 0, 1],
						"1.0": [0, 0, 1],
						"1.0417": [0, 1, 1],
						"2.125": [0, 1, 1],
						"2.1667": [0, 0, 0]
					}
				},
				"mideyepupil": {
					"position": {
						"0.0": [0, 0, 0],
						"0.0417": [0, 0, 1],
						"1.0": [0, 0, 1],
						"1.0417": [0, 1, 1],
						"2.125": [0, 1, 1],
						"2.1667": [0, 0, 0]
					}
				},
				"smalleyepupil": {
					"position": {
						"0.0": [0, 0, 0],
						"0.0417": [0, 0, 1],
						"1.0": [0, 0, 1],
						"1.0417": [0, 1, 1],
						"2.125": [0, 1, 1],
						"2.1667": [0, 0, 0]
					}
				},
				"smalleyepupil2": {
					"position": {
						"0.0": [0, 0, 0],
						"0.0417": [0, 0, 1],
						"1.0": [0, 0, 1],
						"1.0417": [0, 1, 1],
						"2.125": [0, 1, 1],
						"2.1667": [0, 0, 0]
					}
				},
				"bigeyepupil2": {
					"position": {
						"0.0": [0, 0, 0],
						"0.0417": [0, 0, 1],
						"1.0": [0, 0, 1],
						"1.0417": [0, 1, 1],
						"2.125": [0, 1, 1],
						"2.1667": [0, 0, 0]
					}
				},
				"mideyepupil2": {
					"position": {
						"0.0": [0, 0, 0],
						"0.0417": [0, 0, 1],
						"1.0": [0, 0, 1],
						"1.0417": [0, 1, 1],
						"2.125": [0, 1, 1],
						"2.1667": [0, 0, 0]
					}
				},
				"smalleyepupil3": {
					"position": {
						"0.0": [0, 0, 0],
						"0.0417": [0, 0, 1],
						"1.0": [0, 0, 1],
						"1.0417": [0, 1, 1],
						"2.125": [0, 1, 1],
						"2.1667": [0, 0, 0]
					}
				},
				"smalleye4": {
					"position": [0, 0, 0]
				},
				"smalleyepupil4": {
					"position": {
						"0.0": [0, 0, 0],
						"0.0417": [0, 0, 1],
						"1.0": [0, 0, 1],
						"1.0417": [0, 1, 1],
						"2.125": [0, 1, 1],
						"2.1667": [0, 0, 0]
					}
				}
			}
		},
		"animation.macabrula.faint": {
			"loop": "hold_on_last_frame",
			"animation_length": 3,
			"bones": {
				"whole": {
					"position": {
						"0.0": [0, 0, 0],
						"0.2917": {
							"pre": [0, -7, 0],
							"post": [0, -7, 0],
							"lerp_mode": "catmullrom"
						}
					}
				},
				"head": {
					"rotation": {
						"0.0": [0, 0, 0],
						"0.2917": {
							"pre": [10, 0, 0],
							"post": [10, 0, 0],
							"lerp_mode": "catmullrom"
						}
					}
				},
				"bigeyepupil": {
					"position": {
						"0.0": [0, 0, 0],
						"0.2917": {
							"pre": [0, 1, 1],
							"post": [0, 1, 1],
							"lerp_mode": "catmullrom"
						}
					}
				},
				"mideyepupil": {
					"position": {
						"0.0": [0, 0, 0],
						"0.2917": {
							"pre": [0, 1, 0],
							"post": [0, 1, 0],
							"lerp_mode": "catmullrom"
						}
					}
				},
				"smalleyepupil": {
					"position": {
						"0.0": [0, 0, 0],
						"0.2917": {
							"pre": [0, 0, 1],
							"post": [0, 0, 1],
							"lerp_mode": "catmullrom"
						}
					}
				},
				"bigeyepupil2": {
					"position": {
						"0.0": [0, 0, 0],
						"0.2917": {
							"pre": [0, 1, 0],
							"post": [0, 1, 0],
							"lerp_mode": "catmullrom"
						}
					}
				},
				"mideyepupil2": {
					"position": {
						"0.0": [0, 0, 0],
						"0.2917": {
							"pre": [0, 1, 1],
							"post": [0, 1, 1],
							"lerp_mode": "catmullrom"
						}
					}
				},
				"smalleyepupil3": {
					"position": {
						"0.0": [0, 0, 0],
						"0.2917": {
							"pre": [0, 0, 1],
							"post": [0, 0, 1],
							"lerp_mode": "catmullrom"
						}
					}
				},
				"smalleyepupil4": {
					"position": {
						"0.0": [0, 0, 0],
						"0.2917": {
							"pre": [0, 1, 0],
							"post": [0, 1, 0],
							"lerp_mode": "catmullrom"
						}
					}
				},
				"bigeyebrow": {
					"rotation": {
						"0.0": [0, 0, 0],
						"0.2917": {
							"pre": [-17.5, 0, 0],
							"post": [-17.5, 0, 0],
							"lerp_mode": "catmullrom"
						}
					}
				},
				"mideyebrow": {
					"rotation": {
						"0.0": [0, 0, 0],
						"0.2917": {
							"pre": [-17.5, 0, 0],
							"post": [-17.5, 0, 0],
							"lerp_mode": "catmullrom"
						}
					}
				},
				"smalleyebrow": {
					"rotation": {
						"0.0": [0, 0, 0],
						"0.2917": {
							"pre": [-20, 0, 0],
							"post": [-20, 0, 0],
							"lerp_mode": "catmullrom"
						}
					}
				},
				"smalleyebrow2": {
					"rotation": {
						"0.0": [0, 0, 0],
						"0.2917": {
							"pre": [-25, 0, 0],
							"post": [-25, 0, 0],
							"lerp_mode": "catmullrom"
						}
					}
				},
				"bigeyebrow2": {
					"rotation": {
						"0.0": [0, 0, 0],
						"0.2917": {
							"pre": [-17.5, 0, 0],
							"post": [-17.5, 0, 0],
							"lerp_mode": "catmullrom"
						}
					}
				},
				"mideyebrow2": {
					"rotation": {
						"0.0": [0, 0, 0],
						"0.2917": {
							"pre": [-17.5, 0, 0],
							"post": [-17.5, 0, 0],
							"lerp_mode": "catmullrom"
						}
					}
				},
				"smalleyebrow3": {
					"rotation": {
						"0.0": [0, 0, 0],
						"0.2917": {
							"pre": [-27.5, 0, 0],
							"post": [-27.5, 0, 0],
							"lerp_mode": "catmullrom"
						}
					}
				},
				"smalleyebrow4": {
					"rotation": {
						"0.0": [0, 0, 0],
						"0.2917": {
							"pre": [-22.5, 0, 0],
							"post": [-22.5, 0, 0],
							"lerp_mode": "catmullrom"
						}
					}
				},
				"rightchelicera": {
					"rotation": {
						"0.0": [0, 0, 0],
						"0.2917": {
							"pre": [-55, 0, 0],
							"post": [-55, 0, 0],
							"lerp_mode": "catmullrom"
						}
					}
				},
				"leftchelicera": {
					"rotation": {
						"0.0": [0, 0, 0],
						"0.2917": {
							"pre": [-57.5, 0, 0],
							"post": [-57.5, 0, 0],
							"lerp_mode": "catmullrom"
						}
					}
				},
				"leftfur": {
					"rotation": {
						"0.0": [0, 0, 0],
						"0.2917": {
							"pre": [0, 0, -90],
							"post": [0, 0, -90],
							"lerp_mode": "catmullrom"
						}
					}
				},
				"rightfur": {
					"rotation": {
						"0.0": [0, 0, 0],
						"0.2917": {
							"pre": [0, 0, 90],
							"post": [0, 0, 90],
							"lerp_mode": "catmullrom"
						}
					}
				},
				"backfur": {
					"rotation": {
						"0.0": [0, 0, 0],
						"0.2917": {
							"pre": [92.5, 0, 0],
							"post": [92.5, 0, 0],
							"lerp_mode": "catmullrom"
						}
					}
				},
				"frontfur": {
					"rotation": {
						"0.0": [0, 0, 0],
						"0.2917": {
							"pre": [-92.5, 0, 0],
							"post": [-92.5, 0, 0],
							"lerp_mode": "catmullrom"
						}
					}
				},
				"rightleg1mid": {
					"rotation": {
						"0.0": [0, 0, 0],
						"0.2917": {
							"pre": [0, 0, 47.5],
							"post": [0, 0, 47.5],
							"lerp_mode": "catmullrom"
						}
					}
				},
				"rightleg1end": {
					"rotation": {
						"0.0": [0, 0, 0],
						"0.2917": {
							"pre": [0, 0, -47.5],
							"post": [0, 0, -47.5],
							"lerp_mode": "catmullrom"
						}
					}
				},
				"rightleg1mid2": {
					"rotation": {
						"0.0": [0, 0, 0],
						"0.2917": {
							"pre": [0, 0, 50],
							"post": [0, 0, 50],
							"lerp_mode": "catmullrom"
						}
					}
				},
				"rightleg1end2": {
					"rotation": {
						"0.0": [0, 0, 0],
						"0.2917": {
							"pre": [0, 0, -52.5],
							"post": [0, 0, -52.5],
							"lerp_mode": "catmullrom"
						}
					}
				},
				"rightleg1mid4": {
					"rotation": {
						"0.0": [0, 0, 0],
						"0.2917": {
							"pre": [0, 0, 50],
							"post": [0, 0, 50],
							"lerp_mode": "catmullrom"
						},
						"3.0": {
							"post": [0, 0, 50],
							"lerp_mode": "catmullrom"
						}
					}
				},
				"rightleg1end4": {
					"rotation": {
						"0.0": [0, 0, 0],
						"0.2917": {
							"pre": [0, 0, -52.5],
							"post": [0, 0, -52.5],
							"lerp_mode": "catmullrom"
						}
					}
				},
				"rightleg1mid3": {
					"rotation": {
						"0.0": [0, 0, 0],
						"0.2917": {
							"pre": [0, 0, 50],
							"post": [0, 0, 50],
							"lerp_mode": "catmullrom"
						}
					}
				},
				"rightleg1end3": {
					"rotation": {
						"0.0": [0, 0, 0],
						"0.2917": {
							"pre": [0, 0, -52.5],
							"post": [0, 0, -52.5],
							"lerp_mode": "catmullrom"
						}
					}
				},
				"leftleg1mid": {
					"rotation": {
						"0.0": [0, 0, 0],
						"0.2917": {
							"pre": [0, 0, -50],
							"post": [0, 0, -50],
							"lerp_mode": "catmullrom"
						}
					}
				},
				"leftleg1end": {
					"rotation": {
						"0.0": [0, 0, 0],
						"0.2917": {
							"pre": [0, 0, 50],
							"post": [0, 0, 50],
							"lerp_mode": "catmullrom"
						}
					}
				},
				"leftleg1mid2": {
					"rotation": {
						"0.0": [0, 0, 0],
						"0.2917": {
							"pre": [0, 0, -52.5],
							"post": [0, 0, -52.5],
							"lerp_mode": "catmullrom"
						}
					}
				},
				"leftleg1end2": {
					"rotation": {
						"0.0": [0, 0, 0],
						"0.2917": {
							"pre": [0, 0, 52.5],
							"post": [0, 0, 52.5],
							"lerp_mode": "catmullrom"
						}
					}
				},
				"leftleg1mid4": {
					"rotation": {
						"0.0": [0, 0, 0],
						"0.2917": {
							"pre": [0, 0, -50],
							"post": [0, 0, -50],
							"lerp_mode": "catmullrom"
						}
					}
				},
				"leftleg1end4": {
					"rotation": {
						"0.0": [0, 0, 0],
						"0.2917": {
							"pre": [0, 0, 50],
							"post": [0, 0, 50],
							"lerp_mode": "catmullrom"
						}
					}
				},
				"leftleg1mid3": {
					"rotation": {
						"0.0": [0, 0, 0],
						"0.2917": {
							"pre": [0, 0, -45],
							"post": [0, 0, -45],
							"lerp_mode": "catmullrom"
						}
					}
				},
				"leftleg1end3": {
					"rotation": {
						"0.0": [0, 0, 0],
						"0.2917": {
							"pre": [0, 0, 45],
							"post": [0, 0, 45],
							"lerp_mode": "catmullrom"
						}
					}
				}
			}
		}
	}
}