{
    "pools": [
      {
        "rolls": 1,
        "entries": [
          {
            "type": "minecraft:item",
            "name": "minecraft:fermented_spider_eye",
            "functions": [
              {
                "function": "minecraft:set_name",
                "name": {
                  "text": "Hollow Fossil",
                  "italic": false
                }
              }
            ]
          }
        ],
        "functions": [
            {
              "function": "minecraft:set_custom_model_data",
              "value": 1
            }
          ]
      }
    ]
  }
  