{
	"format_version": "1.12.0",
	"minecraft:geometry": [
		{
			"description": {
				"identifier": "geometry.icelion_pup",
				"texture_width": 128,
				"texture_height": 128,
				"visible_bounds_width": 7,
				"visible_bounds_height": 3.5,
				"visible_bounds_offset": [0, 1.25, 0]
			},
			"bones": [
				{
					"name": "icelion",
					"pivot": [0, 0, 0]
				},
				{
					"name": "body",
					"parent": "icelion",
					"pivot": [0, 0, 0]
				},
				{
					"name": "leftfrontleg",
					"parent": "body",
					"pivot": [3.5, 15.64629, -4.1366],
					"cubes": [
						{"origin": [1.5, 6.64629, -5.6366], "size": [4, 10, 5], "inflate": 0.01, "pivot": [3.5, 11.64629, -3.1366], "rotation": [17.5, 0, 0], "uv": [17, 54]}
					]
				},
				{
					"name": "leftfrontknee",
					"parent": "leftfrontleg",
					"pivot": [3.5, 7.35878, 0.49926],
					"cubes": [
						{"origin": [1.5, 1.86639, -4.67505], "size": [4, 6, 5], "pivot": [3.5, 2.86639, -2.17505], "rotation": [-5, 0, 0], "uv": [0, 64]}
					]
				},
				{
					"name": "leftfrontpaw",
					"parent": "leftfrontknee",
					"pivot": [3.5, 2.57438, -2.20367],
					"cubes": [
						{"origin": [1.5, -0.13361, -5.67505], "size": [4, 3, 6], "inflate": 0.01, "pivot": [3.5, 3.86639, -2.17505], "rotation": [2.5, 0, 0], "uv": [60, 45]},
						{"origin": [5.5, -0.39533, -7.66934], "size": [0, 4, 3], "pivot": [3.5, 3.60467, -7.16934], "rotation": [2.5, 0, 0], "uv": [22, 46]},
						{"origin": [3.5, -0.39533, -7.66934], "size": [0, 4, 3], "pivot": [3.5, 3.60467, -7.16934], "rotation": [2.5, 0, 0], "uv": [46, 35]},
						{"origin": [1.5, -0.39533, -7.66934], "size": [0, 4, 3], "pivot": [3.5, 3.60467, -7.16934], "rotation": [2.5, 0, 0], "uv": [0, 40]}
					]
				},
				{
					"name": "rightfrontleg",
					"parent": "body",
					"pivot": [-3.5, 15.64629, -4.1366],
					"cubes": [
						{"origin": [-5.5, 6.64629, -5.6366], "size": [4, 10, 5], "inflate": 0.01, "pivot": [-3.5, 11.64629, -3.1366], "rotation": [17.5, 0, 0], "uv": [47, 49]}
					]
				},
				{
					"name": "rightfrontknee",
					"parent": "rightfrontleg",
					"pivot": [-3.5, 7.35878, 0.49926],
					"cubes": [
						{"origin": [-5.5, 1.86639, -4.67505], "size": [4, 6, 5], "pivot": [-3.5, 2.86639, -2.17505], "rotation": [-5, 0, 0], "uv": [0, 64], "mirror": true}
					]
				},
				{
					"name": "rightfrontpaw",
					"parent": "rightfrontknee",
					"pivot": [-3.5, 2.57438, -2.20367],
					"cubes": [
						{"origin": [-5.5, -0.13361, -5.67505], "size": [4, 3, 6], "inflate": 0.01, "pivot": [-3.5, 3.86639, -2.17505], "rotation": [2.5, 0, 0], "uv": [29, 63]},
						{"origin": [-5.5, -0.39533, -7.66934], "size": [0, 4, 3], "pivot": [-3.5, 3.60467, -7.16934], "rotation": [2.5, 0, 0], "uv": [35, 0]},
						{"origin": [-3.5, -0.39533, -7.66934], "size": [0, 4, 3], "pivot": [-3.5, 3.60467, -7.16934], "rotation": [2.5, 0, 0], "uv": [0, 27]},
						{"origin": [-1.5, -0.39533, -7.66934], "size": [0, 4, 3], "pivot": [-3.5, 3.60467, -7.16934], "rotation": [2.5, 0, 0], "uv": [0, 23]}
					]
				},
				{
					"name": "rightbackleg",
					"parent": "body",
					"pivot": [-4, 15.65675, 7.36548],
					"cubes": [
						{"origin": [-6.5, 8.64629, 3.3634], "size": [5, 10, 6], "pivot": [-0.5, 12.64629, 1.3634], "rotation": [-22.5, 0, 0], "uv": [0, 43]}
					]
				},
				{
					"name": "rightbackknee",
					"parent": "rightbackleg",
					"pivot": [-4, 8.36194, 2.20966],
					"cubes": [
						{"origin": [-6, 2.34513, 7.75127], "size": [4, 7, 4], "pivot": [0, 3.34513, 5.75127], "rotation": [58.5, 0, 0], "uv": [49, 66]}
					]
				},
				{
					"name": "rightbackankle",
					"parent": "rightbackknee",
					"pivot": [-4, 7.68417, 9.41214],
					"cubes": [
						{"origin": [-6, 2.65627, 5.09825], "size": [4, 6, 4], "pivot": [0, 2.65627, 3.09825], "rotation": [-6.5, 0, 0], "uv": [70, 22]}
					]
				},
				{
					"name": "rightbackpaw",
					"parent": "rightbackankle",
					"pivot": [-4, 2.52021, 7.02236],
					"cubes": [
						{"origin": [-6, -0.34373, 4.09825], "size": [4, 3, 5], "pivot": [0, -0.34373, 3.09825], "rotation": [-1.5, 0, 0], "uv": [67, 8]},
						{"origin": [-6, -0.34373, 2.09825], "size": [0, 4, 2], "pivot": [-2, -0.34373, 3.09825], "rotation": [-1.5, 0, 0], "uv": [55, 24]},
						{"origin": [-4, -0.34373, 2.09825], "size": [0, 4, 2], "pivot": [0, -0.34373, 3.09825], "rotation": [-1.5, 0, 0], "uv": [56, 43]},
						{"origin": [-2, -0.34373, 2.09825], "size": [0, 4.1, 2], "pivot": [2, -0.34373, 3.09825], "rotation": [-1.5, 0, 0], "uv": [52, 40]}
					]
				},
				{
					"name": "leftbackleg",
					"parent": "body",
					"pivot": [4, 15.65675, 6.36548],
					"cubes": [
						{"origin": [1.5, 8.64629, 3.3634], "size": [5, 10, 6], "pivot": [0.5, 12.64629, 1.3634], "rotation": [-22.5, 0, 0], "uv": [30, 38]}
					]
				},
				{
					"name": "leftbackknee",
					"parent": "leftbackleg",
					"pivot": [4, 8.06194, 2.20966],
					"cubes": [
						{"origin": [2, 2.34513, 7.75127], "size": [4, 7, 4], "pivot": [0, 3.34513, 5.75127], "rotation": [58.5, 0, 0], "uv": [0, 0]}
					]
				},
				{
					"name": "leftbackankle",
					"parent": "leftbackknee",
					"pivot": [4, 7.78417, 9.91214],
					"cubes": [
						{"origin": [2, 2.65627, 5.09825], "size": [4, 6, 4], "pivot": [0, 2.65627, 3.09825], "rotation": [-6.5, 0, 0], "uv": [65, 66]}
					]
				},
				{
					"name": "leftbackpaw",
					"parent": "leftbackankle",
					"pivot": [4, 2.52021, 7.02236],
					"cubes": [
						{"origin": [2, -0.34373, 4.09825], "size": [4, 3, 5], "pivot": [0, -0.34373, 3.09825], "rotation": [-1.5, 0, 0], "uv": [13, 70]},
						{"origin": [6, -0.34373, 2.09825], "size": [0, 4.1, 2], "pivot": [10, -0.34373, 3.09825], "rotation": [-1.5, 0, 0], "uv": [52, 36]},
						{"origin": [2, -0.34373, 2.09825], "size": [0, 4, 2], "pivot": [6, -0.34373, 3.09825], "rotation": [-1.5, 0, 0], "uv": [52, 14]},
						{"origin": [4, -0.34373, 2.09825], "size": [0, 4, 2], "pivot": [8, -0.34373, 3.09825], "rotation": [-1.5, 0, 0], "uv": [30, 52]}
					]
				},
				{
					"name": "torso",
					"parent": "body",
					"pivot": [0, 12.63451, 7.58565],
					"cubes": [
						{"origin": [-4.5, 10.64629, -7.6366], "size": [9, 9, 17], "uv": [0, 0]},
						{"origin": [-2.5, 8.64629, -9.6366], "size": [5, 4, 3], "pivot": [-0.5, 10.64629, 0.3634], "rotation": [-12.5, 0, 0], "uv": [74, 42]},
						{"origin": [-2.5, 8.64629, -7.6366], "size": [5, 4, 3], "uv": [31, 72]},
						{"origin": [0, 20.64629, 3.3634], "size": [0, 1, 3], "pivot": [0, 14.64629, 4.3634], "rotation": [40, 0, 0], "uv": [34, 28]},
						{"origin": [0, 20.64629, 8.3634], "size": [0, 1, 3], "pivot": [0, 14.64629, 9.3634], "rotation": [40, 0, 0], "uv": [28, 30]}
					]
				},
				{
					"name": "tail",
					"parent": "torso",
					"pivot": [0, 17.14629, 9.8634],
					"cubes": [
						{"origin": [-3, 14.64629, 9.3634], "size": [6, 5, 7], "uv": [36, 26]}
					]
				},
				{
					"name": "tail2",
					"parent": "tail",
					"pivot": [0, 17.14629, 16.3634],
					"cubes": [
						{"origin": [-2.5, 15.14629, 16.3634], "size": [5, 4, 4], "uv": [59, 0]}
					]
				},
				{
					"name": "tail3",
					"parent": "tail2",
					"pivot": [0, 17.08684, 20.62732],
					"cubes": [
						{"origin": [-2, 15.64629, 20.3634], "size": [4, 3, 7], "uv": [52, 16]},
						{"origin": [0, 19.64629, 23.3634], "size": [0, 1, 3], "pivot": [0, 13.64629, 24.3634], "rotation": [40, 0, 0], "uv": [28, 29]},
						{"origin": [0, 19.64629, 25.3634], "size": [0, 1, 3], "pivot": [0, 13.64629, 26.3634], "rotation": [40, 0, 0], "uv": [28, 28]},
						{"origin": [0, 19.64629, 27.3634], "size": [0, 1, 3], "pivot": [0, 13.64629, 28.3634], "rotation": [40, 0, 0], "uv": [11, 11]},
						{"origin": [0, 19.64629, 29.3634], "size": [0, 1, 3], "pivot": [0, 13.64629, 30.3634], "rotation": [40, 0, 0], "uv": [11, 10]}
					]
				},
				{
					"name": "tail4",
					"parent": "tail3",
					"pivot": [0, 17.04663, 27.71585],
					"cubes": [
						{"origin": [-1.5, 16.14629, 27.3634], "size": [3, 2, 7], "uv": [58, 57]},
						{"origin": [0, 18.64629, 31.3634], "size": [0, 1, 3], "pivot": [0, 12.64629, 32.3634], "rotation": [40, 0, 0], "uv": [11, 9]}
					]
				},
				{
					"name": "tail5",
					"parent": "tail4",
					"pivot": [0, 17.14629, 34.8634],
					"cubes": [
						{"origin": [0, 16.64629, 34.3634], "size": [0, 1, 7], "uv": [0, 4]}
					]
				},
				{
					"name": "neck",
					"parent": "torso",
					"pivot": [0, 17.21721, -4.6543],
					"cubes": [
						{"origin": [-4, 13.46544, -15.21018], "size": [8, 8, 8], "pivot": [0, 13.46544, -8.21018], "rotation": [-55, 0, 0], "uv": [35, 0]}
					]
				},
				{
					"name": "head",
					"parent": "neck",
					"pivot": [0, 19.43352, -7.45589],
					"cubes": [
						{"origin": [-5, 16, -13], "size": [10, 9, 8], "uv": [0, 26]},
						{"origin": [-3, 17.3, -16], "size": [6, 3, 3], "uv": [71, 58]},
						{"origin": [1.7, 21.8, -13], "size": [4, 2, 3], "inflate": 0.03, "pivot": [0.7, 15.8, -4], "rotation": [0, 0, -5], "uv": [28, 26]},
						{"origin": [-5.7, 21.8, -13], "size": [4, 2, 3], "inflate": 0.03, "pivot": [-0.7, 15.8, -4], "rotation": [0, 0, 5], "uv": [0, 12]},
						{"origin": [2, 15.3, -16], "size": [1, 2, 0], "uv": [12, 0]},
						{"origin": [-3, 15.3, -16], "size": [1, 2, 0], "uv": [0, 12]},
						{"origin": [-5, 22.24093, -17.12924], "size": [10, 4, 0], "pivot": [0, 13.24093, -8.12924], "rotation": [-22.5, 0, 0], "uv": [71, 54]},
						{"origin": [-5, 22.24093, -15.12924], "size": [10, 5, 0], "pivot": [0, 13.24093, -6.12924], "rotation": [-22.5, 0, 0], "uv": [70, 32]},
						{"origin": [-5, 22.24093, -12.12924], "size": [10, 5, 0], "pivot": [0, 13.24093, -3.12924], "rotation": [-22.5, 0, 0], "uv": [67, 16]},
						{"origin": [5, 22, -12], "size": [2, 3, 1], "uv": [0, 59]},
						{"origin": [-7, 22, -12], "size": [2, 3, 1], "uv": [58, 29]},
						{"origin": [-3, 17, -13], "size": [1, 2, 0], "pivot": [3, 17, -4], "rotation": [0, 22.5, 0], "uv": [7, 34]},
						{"origin": [-3, 19, -12], "size": [1, 1, 0], "pivot": [3, 19, -3], "rotation": [0, 22.5, 0], "uv": [7, 34]},
						{"origin": [2, 17, -13], "size": [1, 2, 0], "pivot": [-3, 17, -4], "rotation": [0, -22.5, 0], "uv": [7, 34], "mirror": true},
						{"origin": [2, 19, -12], "size": [1, 1, 0], "pivot": [-3, 19, -3], "rotation": [0, -22.5, 0], "uv": [7, 34], "mirror": true}
					]
				},
				{
					"name": "jaw",
					"parent": "head",
					"pivot": [0, 16.8, -13],
					"cubes": [
						{"origin": [-3, 16.3, -15.5], "size": [6, 1, 3], "uv": [73, 0]}
					]
				},
				{
					"name": "eyes",
					"parent": "head",
					"pivot": [0, 21.45, -12],
					"cubes": [
						{"origin": [-3.4, 20.6, -13], "size": [1, 1, 1], "inflate": 0.02, "uv": [0, 0]},
						{"origin": [-5, 20.3, -13], "size": [3, 3, 3], "inflate": 0.01, "uv": [35, 54]},
						{"origin": [2.4, 20.6, -13], "size": [1, 1, 1], "inflate": 0.02, "uv": [0, 2]},
						{"origin": [2, 20.3, -13], "size": [3, 3, 3], "inflate": 0.01, "uv": [16, 43]}
					]
				}
			]
		}
	]
}