{
  "head": "torso",
  "portraitScale": 1.96,
  "portraitTranslation": [ 0, -0.4, 0 ],
  "profileScale": 1.54,
  "profileTranslation": [ 0, 0, 0 ],
  "cry":  "bedrock(gastly, cry)",
  "poses": {
  "standing": {
      "poseName": "standing",
      "transformTicks": 10,
      "poseTypes": [
      "STAND",
      "NONE",
      "PORTRAIT",
      "PROFILE",
      "FLOAT",
	  "HOVER"
      ],
      "animations": [
        "look",
        "bedrock(gastly, ground_idle)"
      ],
	  "transformedParts": [
         {
           "part": "body",
           "position": [0, -10, 0],
           "isVisible": true
         }
        ]
  },
    "flying": {
      "poseName": "flying",
      "transformTicks": 10,
      "poseTypes": [ 
	  "WALK",
	  "FLY" 
	  ],
      "animations": [   
        "look",
        "bedrock(gastly, ground_walk)"
		],
      "quirks": [
        {
          "name": "blink",
          "animations": ["bedrock(gastly, blink)"]
        }
      ],
	  "transformedParts": [
         {
           "part": "body",
           "position": [0, -12, 0],
           "isVisible": true
         }
        ]
    },
    "sleeping": {
      "poseName": "sleeping",
      "transformTicks": 10,
      "poseTypes": [ "SLEEP" ],
      "animations": [   
        "bedrock(gastly, sleep)" 
		]
    }
  }
}