{
  "head": "head",
  "portraitScale": 1.15,
  "portraitTranslation": [ -0.2, 0.8, 0 ],
  "profileScale": 0.6,
  "profileTranslation": [ 0, 0.8, 0 ],
  "cry":  "bedrock(incineroar, cry)",
  "poses": {
  "battle-idle": {
      "poseName": "battle-idle",
      "transformTicks": 10,
      "poseTypes": [ "STAND" ],
      "isBattle": true,
	  "isTouchingWater": false,
      "animations": [
        "look",
		"bedrock(incineroar, battle_idle)"
	  ],
      "quirks": [
        {
          "name": "blink",
          "loopTimes": 1,
          "minSecondsBetweenOccurrences": 8,
          "maxSecondsBetweenOccurrences": 20,
          "animations": ["bedrock(incineroar, blink)"]
        }
      ]
    },
    "standing": {
      "poseName": "standing",
      "transformTicks": 10,
      "poseTypes": [
      "STAND",
      "NONE",
      "PORTRAIT",
      "PROFILE"
      ],
      "isBattle": false,	  
      "isTouchingWater": false,
      "animations": [
        "look",
        "bedrock(incineroar, ground_idle)"
      ],
      "quirks": [
        {
          "name": "blink",
          "loopTimes": 1,
          "minSecondsBetweenOccurrences": 8,
          "maxSecondsBetweenOccurrences": 20,
          "animations": ["bedrock(incineroar, blink)"]
        }
      ]
    },
  "walking": {
      "poseName": "walking",
      "transformTicks": 10,
      "poseTypes": [ "WALK" ],
      "animations": [
        "bedrock(incineroar, ground_walk)"
      ],
		"quirks": [
        {
          "name": "blink",
          "loopTimes": 1,
          "minSecondsBetweenOccurrences": 8,
          "maxSecondsBetweenOccurrences": 20,
          "animations": ["bedrock(incineroar, blink)"]
        }
		]
    }
  }
}