{
	"format_version": "1.12.0",
	"minecraft:geometry": [
		{
			"description": {
				"identifier": "geometry.vinerus",
				"texture_width": 64,
				"texture_height": 64,
				"visible_bounds_width": 2,
				"visible_bounds_height": 3.5,
				"visible_bounds_offset": [0, 1.25, 0]
			},
			"bones": [
				{
					"name": "vinerus",
					"pivot": [0, 0, 0]
				},
				{
					"name": "bone",
					"parent": "vinerus",
					"pivot": [0, 0, 0],
					"cubes": [
						{"origin": [-4, 2, -4], "size": [8, 6, 8], "uv": [0, 0]}
					]
				},
				{
					"name": "leg",
					"parent": "bone",
					"pivot": [2, 2, -2],
					"cubes": [
						{"origin": [1, 0, -3], "size": [2, 2, 2], "uv": [39, 5]}
					]
				},
				{
					"name": "leg3",
					"parent": "bone",
					"pivot": [2, 2, 2],
					"cubes": [
						{"origin": [1, 0, 1], "size": [2, 2, 2], "uv": [39, 5]}
					]
				},
				{
					"name": "leg2",
					"parent": "bone",
					"pivot": [-2, 2, 2],
					"cubes": [
						{"origin": [-3, 0, 1], "size": [2, 2, 2], "uv": [39, 5], "mirror": true}
					]
				},
				{
					"name": "leg4",
					"parent": "bone",
					"pivot": [-2, 2, -2],
					"cubes": [
						{"origin": [-3, 0, -3], "size": [2, 2, 2], "uv": [39, 5], "mirror": true}
					]
				},
				{
					"name": "bone2",
					"parent": "bone",
					"pivot": [0, 8, 0],
					"cubes": [
						{"origin": [-2, 7, -2], "size": [4, 7, 4], "uv": [0, 17]},
						{"origin": [-2, 14.5, 2.1], "size": [4, 7, 4], "uv": [0, 17]},
						{"origin": [-1.9, 21.81, 1.1], "size": [4, 7, 4], "pivot": [0, 23.8, 4.1], "rotation": [90, 0, 0], "uv": [0, 17]},
						{"origin": [-1.9, 13.2, -2.9], "size": [4, 7, 4], "pivot": [0, 12.8, -1.7], "rotation": [-57.5, 0, 0], "uv": [0, 17]}
					]
				},
				{
					"name": "head",
					"parent": "bone2",
					"pivot": [0, 23, -1],
					"cubes": [
						{"origin": [-3, 20, -7], "size": [6, 6, 6], "uv": [31, 20]},
						{"origin": [-7, 28.81, -3.9], "size": [14, 0, 14], "pivot": [0, 23.8, 4.1], "rotation": [90, 0, 0], "uv": [-12, 34]}
					]
				}
			]
		}
	]
}