{
	"format_version": "1.12.0",
	"minecraft:geometry": [
		{
			"description": {
				"identifier": "geometry.hurrilay",
				"texture_width": 128,
				"texture_height": 128,
				"visible_bounds_width": 3,
				"visible_bounds_height": 3.5,
				"visible_bounds_offset": [0, 1.25, 0]
			},
			"bones": [
				{
					"name": "hurrilay",
					"pivot": [0, 0, 0]
				},
				{
					"name": "body",
					"parent": "hurrilay",
					"pivot": [0, 5, 0]
				},
				{
					"name": "head",
					"parent": "body",
					"pivot": [0, 19, 0],
					"cubes": [
						{"origin": [-3, 19, -3], "size": [6, 6, 6], "uv": [28, 38]}
					]
				},
				{
					"name": "eyes",
					"parent": "head",
					"pivot": [0, 21, -3.1],
					"cubes": [
						{"origin": [-3, 21, -3.1], "size": [2, 1, 0], "uv": [24, 49]},
						{"origin": [1, 21, -3.1], "size": [2, 1, 0], "uv": [24, 49], "mirror": true}
					]
				},
				{
					"name": "eyebrows",
					"parent": "head",
					"pivot": [0, 22, -3.2]
				},
				{
					"name": "eyebrow1",
					"parent": "eyebrows",
					"pivot": [1.5, 22.5, -3.2],
					"cubes": [
						{"origin": [1, 22, -3.2], "size": [5, 4, 0], "uv": [3, 30], "mirror": true}
					]
				},
				{
					"name": "eyebrow2",
					"parent": "eyebrows",
					"pivot": [-1.5, 22.5, -3.2],
					"cubes": [
						{"origin": [-6, 22, -3.2], "size": [5, 4, 0], "uv": [3, 26]}
					]
				},
				{
					"name": "tornader",
					"parent": "body",
					"pivot": [0, 4.95, 0],
					"cubes": [
						{"origin": [-0.5, 5, -0.5], "size": [1, 2, 1], "pivot": [0, 6, 0], "rotation": [0, 45, 0], "uv": [0, 5]},
						{"origin": [-1.5, 7, -1.5], "size": [3, 2, 3], "uv": [0, 0]},
						{"origin": [-3.5, 9, -3.5], "size": [7, 4, 7], "pivot": [0, 11, 0], "rotation": [0, 45, 0], "uv": [0, 38]},
						{"origin": [-6.5, 13, -6.5], "size": [13, 4, 13], "uv": [0, 21]}
					]
				},
				{
					"name": "cloud",
					"parent": "tornader",
					"pivot": [0, 17.25, 0],
					"cubes": [
						{"origin": [-10.5, 17.25, -10.5], "size": [21, 0, 21], "pivot": [0, 17, 0], "rotation": [0, 45, 0], "uv": [0, 0]}
					]
				}
			]
		}
	]
}