{
	"format_version": "1.8.0",
	"animations": {
		"animation.appmi.ground_idle": {
			"loop": true,
			"animation_length": 3.36,
			"bones": {
				"bone": {
					"scale": {
						"0.0": [1, 1, 1],
						"1.68": [1, 1.1, 1],
						"3.36": [1, 1, 1]
					}
				}
			}
		},
		"animation.appmi.ground_walk": {
			"loop": true,
			"animation_length": 0.48,
			"bones": {
				"bone": {
					"rotation": {
						"0.0": [0, 0, 0],
						"0.24": [-10, 0, 0],
						"0.48": [0, 0, 0]
					},
					"position": {
						"0.0": [0, 0, 0],
						"0.24": [0, 6, 0],
						"0.48": [0, 0, 0]
					},
					"scale": {
						"0.0": [1, 0.9, 1],
						"0.24": [1, 1, 1],
						"0.48": [1, 0.9, 1]
					}
				},
				"tallo": {
					"rotation": {
						"0.0": [0, 0, 0],
						"0.24": [-22.5, 0, 0],
						"0.48": [0, 0, 0]
					},
					"position": {
						"0.0": [0, 0, 0],
						"0.24": [0, -1, 0],
						"0.48": [0, 0, 0]
					}
				}
			}
		}
	}
}