{
	"format_version": "1.12.0",
	"minecraft:geometry": [
		{
			"description": {
				"identifier": "geometry.punglost",
				"texture_width": 64,
				"texture_height": 64,
				"visible_bounds_width": 2,
				"visible_bounds_height": 3.5,
				"visible_bounds_offset": [0, 1.25, 0]
			},
			"bones": [
				{
					"name": "punglost",
					"pivot": [0, 0, 0]
				},
				{
					"name": "head",
					"parent": "punglost",
					"pivot": [0, 18, 0],
					"cubes": [
						{"origin": [-5, 18, -5], "size": [10, 8, 10], "uv": [0, 0]}
					]
				},
				{
					"name": "bone",
					"parent": "head",
					"pivot": [0, 26, 0],
					"cubes": [
						{"origin": [-3, 26, 0], "size": [6, 6, 0], "uv": [41, 2]}
					]
				},
				{
					"name": "arm",
					"parent": "punglost",
					"pivot": [4, 19, 0],
					"cubes": [
						{"origin": [4, 18, -3], "size": [4, 3, 5], "uv": [7, 21], "mirror": true}
					]
				},
				{
					"name": "arm2",
					"parent": "punglost",
					"pivot": [-4, 19, 0],
					"cubes": [
						{"origin": [-8, 18, -3], "size": [4, 3, 5], "uv": [7, 21]}
					]
				},
				{
					"name": "bone2",
					"parent": "punglost",
					"pivot": [0, 18, 0],
					"cubes": [
						{"origin": [-3, 6, 0], "size": [6, 12, 0], "uv": [38, 21]}
					]
				}
			]
		}
	]
}