{
  "head": "head",
  "portraitScale": 2,
  "portraitTranslation": [ -0.4, -0.25, 0 ],
  "profileScale": 0.9,
  "profileTranslation": [ 0, 0.4, 0 ],
  "rootBone": "growlithe",
  "animations": {
    "cry": "q.bedrock_stateful('growlithe', 'cry')",
    "recoil": "q.bedrock_stateful('growlithe', 'recoil')",
    "physical": "q.bedrock_primary('growlithe', 'physical', q.curve('symmetrical_wide'))",
    "special": "q.bedrock_primary('growlithe', 'special', q.curve('symmetrical_wide'))"
  },
  "poses": {
    "battle-idle": {
      "poseName": "battle-idle",
      "poseTypes": ["STAND"],
      "isBattle": true,
      "animations": ["q.look('head')", "q.bedrock('growlithe', 'battle_idle')"],
	"quirks": [ "q.bedrock_quirk('growlithe', 'blink')" ]
    },
    "standing": {
      "poseName": "standing",
      "transformTicks": 10,
      "poseTypes": [ "STAND", "NONE", "PORTRAIT", "PROFILE" ],
      "isBattle": false,
      "animations": [ "q.look('head')", "q.bedrock('growlithe', 'ground_idle')" ],
	"quirks": [ "q.bedrock_quirk('growlithe', 'blink')" ]
    },
    "walking": {
      "poseName": "walking",
      "transformTicks": 10,
      "poseTypes": [ "WALK" ],
      "animations": [ "q.look('head')", "q.bedrock('growlithe', 'ground_walk')" ],
	"quirks": [ "q.bedrock_quirk('growlithe', 'blink')" ]
    }
  }
}