{
	"format_version": "1.8.0",
	"animations": {
		"animation.scrawn.ground_idle": {
			"loop": true,
			"animation_length": 2,
			"bones": {
				"body": {
					"position": {
						"0.0": [0, -6, -3],
						"1.0": [0, -7, -3],
						"2.0": [0, -6, -3]
					}
				},
				"head": {
					"rotation": {
						"0.0": [15, 0, 0],
						"0.5": [10, 0, 0],
						"1.0": [15, 0, 0],
						"1.5": [10, 0, 0],
						"2.0": [15, 0, 0]
					}
				},
				"lowerbody": {
					"rotation": {
						"0.0": [-7.5, 0, 0],
						"0.5": [-10, 0, 0],
						"1.0": [-7.5, 0, 0],
						"1.5": [-10, 0, 0],
						"2.0": [-7.5, 0, 0]
					}
				},
				"tail": {
					"rotation": {
						"0.0": [-17.5, 0, 0],
						"0.5": [-2.5, 0, 0],
						"1.0": [-17.5, 0, 0],
						"1.5": [-2.5, 0, 0],
						"2.0": [-17.5, 0, 0]
					}
				},
				"tailribbon1": {
					"rotation": [30.59871, -10.80355, -6.32526]
				},
				"tailribbon2": {
					"rotation": {
						"0.0": [30.40773, 24.1782, 13.51584],
						"0.5": [50.40773, 24.1782, 13.51584],
						"1.0": [30.40773, 24.1782, 13.51584],
						"1.5": [0.40773, 24.1782, 13.51584],
						"2.0": [30.40773, 24.1782, 13.51584]
					}
				},
				"tailribbon3": {
					"rotation": {
						"0.0": [-42.62063, 7.19383, -16.03805],
						"0.5": [-41.8534, -23.51258, -1.47808],
						"1.0": [-67.74342, -37.77681, 1.85511],
						"1.5": [-41.8534, -23.51258, -1.47808],
						"2.0": [-42.62063, 7.19383, -16.03805]
					}
				},
				"whiskerbase1": {
					"rotation": {
						"0.0": [35, 0, -45],
						"0.5": [20, 0, -45],
						"1.0": [35, 0, -45],
						"1.5": [20, 0, -45],
						"2.0": [35, 0, -45]
					}
				},
				"whiskermid1": {
					"rotation": {
						"0.0": [55, 0, 0],
						"0.5": [75, 0, 0],
						"1.0": [35, 0, 0],
						"1.5": [75, 0, 0],
						"2.0": [55, 0, 0]
					}
				},
				"whiskertip1": {
					"rotation": {
						"0.0": [-35, 0, 0],
						"0.5": [-55, 0, 0],
						"1.0": [-10, 0, 0],
						"1.5": [-55, 0, 0],
						"2.0": [-35, 0, 0]
					}
				},
				"whiskerbase2": {
					"rotation": {
						"0.0": [35, 0, 45],
						"0.5": [20, 0, 45],
						"1.0": [35, 0, 45],
						"1.5": [20, 0, 45],
						"2.0": [35, 0, 45]
					}
				},
				"whiskermid2": {
					"rotation": {
						"0.0": [55, 0, 0],
						"0.5": [75, 0, 0],
						"1.0": [35, 0, 0],
						"1.5": [75, 0, 0],
						"2.0": [55, 0, 0]
					}
				},
				"whiskertip2": {
					"rotation": {
						"0.0": [-35, 0, 0],
						"0.5": [-55, 0, 0],
						"1.0": [-10, 0, 0],
						"1.5": [-55, 0, 0],
						"2.0": [-35, 0, 0]
					}
				}
			}
		},
		"animation.scrawn.ground_walk": {
			"loop": true,
			"animation_length": 1,
			"bones": {
				"body": {
					"position": {
						"0.0": [0, -8, -3],
						"0.5": [0, -7.5, -3],
						"1.0": [0, -8, -3]
					}
				},
				"head": {
					"rotation": {
						"0.0": [25, 0, 0],
						"0.5": [20, 0, 0],
						"1.0": [25, 0, 0]
					}
				},
				"lowerbody": {
					"rotation": {
						"0.0": [0, 0, 0],
						"0.25": [-5, 0, 0],
						"0.5": [0, 0, 0],
						"0.75": [-5, 0, 0],
						"1.0": [0, 0, 0]
					}
				},
				"tail": {
					"rotation": {
						"0.0": [15, 0, 0],
						"0.5": [-15, 0, 0],
						"1.0": [15, 0, 0]
					}
				},
				"tailribbon1": {
					"rotation": {
						"0.0": [0, 0, 0],
						"0.25": [5, 0, 0],
						"0.5": [0, 0, 0],
						"0.75": [-5, 0, 0],
						"1.0": [0, 0, 0]
					}
				},
				"tailribbon2": {
					"rotation": {
						"0.0": [12.5, 0, 0],
						"0.25": [22.5, 0, 0],
						"0.5": [-10, 0, 0],
						"0.75": [-23.75, 0, 0],
						"1.0": [12.5, 0, 0]
					}
				},
				"tailribbon3": {
					"rotation": {
						"0.0": [12.5, 0, 0],
						"0.25": [22.5, 0, 0],
						"0.5": [30, 0, 0],
						"0.75": [-12.5, 0, 0],
						"1.0": [12.5, 0, 0]
					}
				},
				"whiskerbase1": {
					"rotation": {
						"0.0": [70, 50, 0],
						"0.5": [70, 30, 3],
						"1.0": [70, 50, 0]
					}
				},
				"whiskermid1": {
					"rotation": {
						"0.0": [0, 0, 60],
						"0.25": [0, 0, 70],
						"0.5": [0, 0, 60],
						"0.75": [0, 0, 20],
						"1.0": [0, 0, 60]
					}
				},
				"whiskertip1": {
					"rotation": {
						"0.0": [0, 0, -30],
						"0.25": [0, 0, -60],
						"0.7083": [0, 0, 40],
						"1.0": [0, 0, -30]
					}
				},
				"whiskerbase2": {
					"rotation": {
						"0.0": [70, -50, 0],
						"0.5": [70, -30, -3],
						"1.0": [70, -50, 0]
					}
				},
				"whiskermid2": {
					"rotation": {
						"0.0": [0, 0, -60],
						"0.25": [0, 0, -70],
						"0.5": [0, 0, -60],
						"0.75": [0, 0, -20],
						"1.0": [0, 0, -60]
					}
				},
				"whiskertip2": {
					"rotation": {
						"0.0": [0, 0, 30],
						"0.25": [0, 0, 60],
						"0.7083": [0, 0, -40],
						"1.0": [0, 0, 30]
					}
				}
			}
		},
		"animation.scrawn.sleep": {
			"loop": true,
			"animation_length": 4,
			"bones": {
				"body": {
					"position": [0, -13, 0]
				},
				"head": {
					"scale": {
						"0.0": [1, 1, 1],
						"2.0": [1, 1.0425, 1],
						"4.0": [1, 1, 1]
					}
				},
				"eye1": {
					"scale": [1, 0, 1]
				},
				"eye2": {
					"rotation": [0, 0, 0],
					"scale": [1, 0, 1]
				},
				"lowerbody": {
					"rotation": [-15, 0, 0],
					"scale": {
						"0.0": [1, 1, 1],
						"2.0": [1, 1.1, 1],
						"4.0": [1, 1, 1]
					}
				},
				"tailribbon2": {
					"rotation": {
						"0.0": [25, 0, 0],
						"2.0": [30, 0, 0],
						"4.0": [25, 0, 0]
					}
				},
				"tailribbon3": {
					"rotation": {
						"0.0": [-30, 0, 0],
						"2.0": [-35, 0, 0],
						"4.0": [-30, 0, 0]
					}
				},
				"whiskerbase1": {
					"rotation": [40, 0, -100]
				},
				"whiskermid1": {
					"rotation": [0, 0, 27.5]
				},
				"whiskertip1": {
					"rotation": [0, 0, -30]
				},
				"whiskerbase2": {
					"rotation": [40, 0, 100]
				},
				"whiskermid2": {
					"rotation": [0, 0, -27.5]
				},
				"whiskertip2": {
					"rotation": [0, 0, 30]
				}
			}
		},
		"animation.scrawn.faint": {
			"loop": true,
			"animation_length": 2,
			"bones": {
				"body": {
					"position": {
						"0.0": [0, -6, -3],
						"1.0": [0, -7, -3],
						"2.0": [0, -6, -3]
					}
				},
				"head": {
					"rotation": {
						"0.0": [15, 0, 0],
						"0.5": [10, 0, 0],
						"1.0": [15, 0, 0],
						"1.5": [10, 0, 0],
						"2.0": [15, 0, 0]
					}
				},
				"lowerbody": {
					"rotation": {
						"0.0": [-7.5, 0, 0],
						"0.5": [-10, 0, 0],
						"1.0": [-7.5, 0, 0],
						"1.5": [-10, 0, 0],
						"2.0": [-7.5, 0, 0]
					}
				},
				"tail": {
					"rotation": {
						"0.0": [-17.5, 0, 0],
						"0.5": [-2.5, 0, 0],
						"1.0": [-17.5, 0, 0],
						"1.5": [-2.5, 0, 0],
						"2.0": [-17.5, 0, 0]
					}
				},
				"tailribbon1": {
					"rotation": [30.59871, -10.80355, -6.32526]
				},
				"tailribbon2": {
					"rotation": {
						"0.0": [30.40773, 24.1782, 13.51584],
						"0.5": [50.40773, 24.1782, 13.51584],
						"1.0": [30.40773, 24.1782, 13.51584],
						"1.5": [0.40773, 24.1782, 13.51584],
						"2.0": [30.40773, 24.1782, 13.51584]
					}
				},
				"tailribbon3": {
					"rotation": {
						"0.0": [-42.62063, 7.19383, -16.03805],
						"0.5": [-41.8534, -23.51258, -1.47808],
						"1.0": [-67.74342, -37.77681, 1.85511],
						"1.5": [-41.8534, -23.51258, -1.47808],
						"2.0": [-42.62063, 7.19383, -16.03805]
					}
				},
				"whiskerbase1": {
					"rotation": {
						"0.0": [35, 0, -45],
						"0.5": [20, 0, -45],
						"1.0": [35, 0, -45],
						"1.5": [20, 0, -45],
						"2.0": [35, 0, -45]
					}
				},
				"whiskermid1": {
					"rotation": {
						"0.0": [55, 0, 0],
						"0.5": [75, 0, 0],
						"1.0": [35, 0, 0],
						"1.5": [75, 0, 0],
						"2.0": [55, 0, 0]
					}
				},
				"whiskertip1": {
					"rotation": {
						"0.0": [-35, 0, 0],
						"0.5": [-55, 0, 0],
						"1.0": [-10, 0, 0],
						"1.5": [-55, 0, 0],
						"2.0": [-35, 0, 0]
					}
				},
				"whiskerbase2": {
					"rotation": {
						"0.0": [35, 0, 45],
						"0.5": [20, 0, 45],
						"1.0": [35, 0, 45],
						"1.5": [20, 0, 45],
						"2.0": [35, 0, 45]
					}
				},
				"whiskermid2": {
					"rotation": {
						"0.0": [55, 0, 0],
						"0.5": [75, 0, 0],
						"1.0": [35, 0, 0],
						"1.5": [75, 0, 0],
						"2.0": [55, 0, 0]
					}
				},
				"whiskertip2": {
					"rotation": {
						"0.0": [-35, 0, 0],
						"0.5": [-55, 0, 0],
						"1.0": [-10, 0, 0],
						"1.5": [-55, 0, 0],
						"2.0": [-35, 0, 0]
					}
				}
			}
		}
	}
}