{
  "target": "cobblemon:numel",
  "features": ["coterian"],
"forms":[
      {
          "implemented": true,
          "name": "Coterian",
          "nationalPokedexNumber": 322,
          "primaryType": "ice",
          "abilities": [
            "simple",
			"snowcloak",
            "h:cudchew"
          ],
  "baseStats": {
    "hp": 70,
    "attack": 40,
    "defence": 55,
    "special_attack": 70,
    "special_defence": 45,
    "speed": 25
  },
  "behaviour": {
    "resting": {
      "canSleep": true,
      "depth": "normal",
      "light": "0-15",
	  "times": "night"
    },
    "moving": {
      "walk": {
        "walkSpeed": 0.15
      }
    }
  },
          "features": [
          ],
          "catchRate": 255,
          "maleRatio": 0.5,
          "shoulderMountable": false,
          "baseExperienceYield": 61,
          "experienceGroup": "medium_slow",
          "eggCycles": 20,
          "eggGroups": [
            "field"
          ],
  "moves": [
    "1:growl",
    "1:tackle",
    "5:powdersnow",
    "8:focusenergy",
    "12:avalanche",
    "15:icywind",
    "19:amnesia",
    "22:aurorabeam",
    "26:icebeam",
    "29:curse",
    "31:takedown",
    "36:yawn",
    "40:freezedry",
    "43:blizzard",
    "47:doubleedge",
    "egg:ancientpower",
    "egg:bodyslam",
    "egg:defensecurl",
    "egg:endure",
    "egg:growth",
    "egg:heavyslam",
    "egg:ironhead",
    "egg:mudbomb",
    "egg:rollout",
    "egg:spitup",
    "egg:stockpile",
    "egg:swallow",
	"egg:sheercold",
    "tm:amnesia",
    "tm:attract",
    "tm:blizzard",
    "tm:bodypress",
    "tm:bodyslam",
    "tm:bulldoze",
    "tm:captivate",
    "tm:charm",
    "tm:confide",
    "tm:curse",
    "tm:dig",
    "tm:doubleedge",
    "tm:doubleteam",
    "tm:earthpower",
    "tm:echoedvoice",
    "tm:endeavor",
    "tm:endure",
    "tm:facade",
    "tm:icebeam",
    "tm:icespinner",
    "tm:iciclecrash",
    "tm:icywind",
	"tm:haze",
    "tm:flashcannon",
    "tm:frustration",
    "tm:heavyslam",
    "tm:helpinghand",
    "tm:hiddenpower",
    "tm:highhorsepower",
    "tm:ironhead",
    "tm:lashout",
    "tm:mudshot",
    "tm:mudslap",
    "tm:naturalgift",
    "tm:naturepower",
    "tm:protect",
	"tm:powergem",
    "tm:rest",
    "tm:return",
    "tm:rockslide",
    "tm:rocksmash",
    "tm:rocktomb",
    "tm:round",
    "tm:sandstorm",
    "tm:scaryface",
    "tm:secretpower",
    "tm:sleeptalk",
    "tm:stompingtantrum",
    "tm:stoneedge",
    "tm:strength",
    "tm:substitute",
    "tm:snowscape",
    "tm:swagger",
    "tm:takedown",
    "tm:terablast",
    "tm:toxic",
    "tm:trailblaze",
    "tm:zenheadbutt"
  ],
  "drops": {
    "amount": 3,
    "entries": [
      {
        "item": "minecraft:white_wool",
        "quantityRange": "1-3"
      },
      {
        "item": "cobblemon:aspear_berry",
        "percentage": 2.5
      },
	  {
		"item": "cobblemon:never_melt_ice",
		"percentage": 2.5
	  }
    ]
  },
          "labels": [
            "gen3",
            "coterian"
          ],
          "pokedex": [
            "cobblemon.species.numel_coterian.desc"
          ],
          "aspects": [
            "coterian"
          ],
          "evolutions": [
            {
              "id": "numel_coterian_alpineca",
              "variant": "level_up",
              "result": "alpineca",
              "consumeHeldItem": false,
              "learnableMoves": ["stomp"],
              "requirements": [
                {
                  "variant": "level",
                  "minLevel": 33
                }
              ]
            }
          ],
          "baseScale": 1,
          "hitbox": {
            "width": 1,
            "height": 1,
            "fixed": false
          },
          "baseFriendship": 50,
          "evYield": {
            "hp": 0,
            "attack": 0,
            "defence": 0,
            "special_attack": 1,
            "special_defence": 0,
            "speed": 0
          },
          "height": 8,
          "weight": 250,
          "cannotDynamax": false
        }
]
}