{
  "head": "head",
  "portraitScale": 1.25,
  "portraitTranslation": [ 0, 0.5, 0 ],
  "profileScale": 0.8,
  "profileTranslation": [ 0, 0.4, 0 ],
  "faint": "bedrock(jibanyan, faint)",
  "poses": {
    "standing": {
      "poseName": "standing",
      "transformTicks": 10,
      "poseTypes": ["STAND", "PORTRAIT", "PROFILE", "NONE"],
      "quirks": [
          {
            "name": "blink",
            "animations": ["bedrock(jibanyan, blink)"]
          },
          {
            "name": "ear_left_quirk",
            "animations": ["bedrock(jibanyan, left_ear_quirk)"]
          },
          {
            "name": "ear_right_quirk",
            "animations": ["bedrock(jibanyan, right_ear_quirk)"]
          }
        ],
      "animations": [
        "bedrock(jibanyan, ground_idle)"
      ]
    },

    "walking": {
      "poseName": "walking",
      "transformTicks": 10,
      "poseTypes": [ "WALK" ],
      "quirks": [
          {
            "name": "blink",
            "animations": ["bedrock(jibanyan, blink)"]
          },
          {
            "name": "ear_left_quirk",
            "animations": ["bedrock(jibanyan, left_ear_quirk)"]
          },
          {
            "name": "ear_right_quirk",
            "animations": ["bedrock(jibanyan, right_ear_quirk)"]
          }
        ],
      "animations": [ "bedrock(jibanyan, ground_walk)" ]
    }

    }
  }