{
  "head": "head",
  "portraitScale": 1.25,
  "portraitTranslation": [ 0, 0.5, 0 ],
  "profileScale": 0.8,
  "profileTranslation": [ 0, 0.3, 0 ],
  "poses": {
    "standing": {
      "poseName": "standing",
      "transformTicks": 10,
      "poseTypes": ["STAND", "PORTRAIT", "PROFILE", "NONE"],
      "quirks": [
          {
            "name": "blink",
            "animations": ["bedrock(spoilerina, blink)"]
          }
        ],
      "animations": [
        "bedrock(spoilerina, ground_idle)"
      ]
    },

    "walking": {
      "poseName": "walking",
      "transformTicks": 10,
      "poseTypes": [ "WALK" ],
      "quirks": [
          {
            "name": "blink",
            "animations": ["bedrock(spoilerina, blink)"]
          }
        ],
      "animations": [ "bedrock(spoilerina, ground_walk)" ]
    }
   }
 }