
{
  "head": "head",
  "portraitScale": 1.25,
  "portraitTranslation": [ 0, 0.5, 0 ],
  "profileScale": 0.8,
  "profileTranslation": [ 0, 0.4, 0 ],
  "poses": {
    "standing": {
      "poseName": "standing",
      "transformTicks": 10,
      "poseTypes": ["STAND", "PORTRAIT", "PROFILE", "NONE"],
      "quirks": [
          {
            "name": "blink",
            "animations": ["bedrock(whisper, blink)"]
          }
        ],
      "animations": [
        "bedrock(whisper, air_idle)"
      ]
    },

    "walking": {
      "poseName": "walking",
      "transformTicks": 10,
      "poseTypes": [ "WALK" ],
      "quirks": [
          {
            "name": "blink",
            "animations": ["bedrock(whisper, blink)"]
          }
        ],
      "animations": [ "bedrock(whisper, air_fly)" ]
    },
    "hovering": {
      "poseName": "hovering",
      "transformTicks": 10,
      "poseTypes": [ "HOVER" ],
      "quirks": [
          {
            "name": "blink",
            "animations": ["bedrock(whisper, blink)"]
          }
        ],
      "animations": [ "bedrock(whisper, air_idle)" ]
   },
   "flying": {
    "poseName": "flying",
    "transformTicks": 10,
    "poseTypes": [ "FLY" ],
    "quirks": [
        {
          "name": "blink",
          "animations": ["bedrock(whisper, blink)"]
        }
      ],
    "animations": [ "bedrock(whisper, air_fly)" ]
 }
}
}