{
	"format_version": "1.12.0",
	"minecraft:geometry": [
		{
			"description": {
				"identifier": "geometry.unknown",
				"texture_width": 64,
				"texture_height": 64,
				"visible_bounds_width": 2,
				"visible_bounds_height": 3.5,
				"visible_bounds_offset": [0, 1.25, 0]
			},
			"bones": [
				{
					"name": "enderran",
					"pivot": [0, 0, 0]
				},
				{
					"name": "body",
					"parent": "enderran",
					"pivot": [0, 0, -3]
				},
				{
					"name": "torso",
					"parent": "body",
					"pivot": [0, 16.5, 1],
					"cubes": [
						{"origin": [-3, 19, -2], "size": [6, 10, 6], "uv": [0, 0]},
						{"origin": [-2, 15, -1], "size": [4, 4, 4], "uv": [16, 27]}
					]
				},
				{
					"name": "head",
					"parent": "torso",
					"pivot": [0, 29, -1],
					"cubes": [
						{"origin": [-2, 29, -3], "size": [4, 4, 4], "uv": [0, 27]}
					]
				},
				{
					"name": "arm1",
					"parent": "torso",
					"pivot": [3, 27.25, 1],
					"cubes": [
						{"origin": [3, 26, -1], "size": [5, 4, 4], "uv": [24, 8]},
						{"origin": [5, 15, 0], "size": [2, 11, 2], "uv": [8, 35]}
					]
				},
				{
					"name": "lowerarm1",
					"parent": "arm1",
					"pivot": [6, 14.75, 1],
					"cubes": [
						{"origin": [5, 2, 0], "size": [2, 13, 2], "uv": [32, 31]}
					]
				},
				{
					"name": "arm2",
					"parent": "torso",
					"pivot": [-3, 27.25, 1],
					"cubes": [
						{"origin": [-8, 26, -1], "size": [5, 4, 4], "uv": [24, 0]},
						{"origin": [-7, 15, 0], "size": [2, 11, 2], "uv": [0, 35]}
					]
				},
				{
					"name": "lowerarm2",
					"parent": "arm2",
					"pivot": [-6, 14.75, 1],
					"cubes": [
						{"origin": [-7, 2, 0], "size": [2, 13, 2], "uv": [32, 16]}
					]
				},
				{
					"name": "leg1",
					"parent": "body",
					"pivot": [2, 16, 1],
					"cubes": [
						{"origin": [2, 7, 0], "size": [2, 10, 2], "uv": [24, 35]}
					]
				},
				{
					"name": "leg3",
					"parent": "leg1",
					"pivot": [3, 7, 1],
					"cubes": [
						{"origin": [1, 0, -1], "size": [4, 7, 4], "uv": [16, 16]}
					]
				},
				{
					"name": "leg2",
					"parent": "body",
					"pivot": [-2, 16, 1],
					"cubes": [
						{"origin": [-4, 7, 0], "size": [2, 10, 2], "uv": [16, 35]}
					]
				},
				{
					"name": "leg4",
					"parent": "leg2",
					"pivot": [-3, 7, 1],
					"cubes": [
						{"origin": [-5, 0, -1], "size": [4, 7, 4], "uv": [0, 16]}
					]
				}
			]
		}
	]
}