{
	"format_version": "1.12.0",
	"minecraft:geometry": [
		{
			"description": {
				"identifier": "geometry.toombie",
				"texture_width": 32,
				"texture_height": 32,
				"visible_bounds_width": 3,
				"visible_bounds_height": 2.5,
				"visible_bounds_offset": [0, 0.75, 0]
			},
			"bones": [
				{
					"name": "root",
					"pivot": [0, 0, 0]
				},
				{
					"name": "tail",
					"parent": "root",
					"pivot": [0, 0.05, -1],
					"rotation": [2.5, 0, 0],
					"cubes": [
						{"origin": [-2, 0.05, -1], "size": [4, 0, 3], "uv": [13, 6]}
					]
				},
				{
					"name": "tail2",
					"parent": "tail",
					"pivot": [0, 0.05, 2],
					"rotation": [25, 0, 0],
					"cubes": [
						{"origin": [-1.5, 0.05, 2], "size": [3, 0, 5], "uv": [0, 11]}
					]
				},
				{
					"name": "tail3",
					"parent": "tail2",
					"pivot": [0, 0.05, 7],
					"rotation": [10, 0, 0],
					"cubes": [
						{"origin": [-1, 0.05, 7], "size": [2, 0, 6], "uv": [10, 0]}
					]
				},
				{
					"name": "foot",
					"parent": "root",
					"pivot": [0, 0, 0],
					"cubes": [
						{"origin": [-1, 0, -1], "size": [2, 2, 2], "uv": [18, 17]}
					]
				},
				{
					"name": "leg",
					"parent": "foot",
					"pivot": [0, 2, 0],
					"cubes": [
						{"origin": [-1.5, 2, -1.5], "size": [3, 2, 3], "uv": [0, 16]}
					]
				},
				{
					"name": "face",
					"parent": "leg",
					"pivot": [0.00838, 4.08926, 0.03333],
					"cubes": [
						{"origin": [-3, 4.5, -3], "size": [5, 5, 1], "pivot": [1.29289, 7, -2.5], "rotation": [0, 0, 45], "uv": [11, 11]},
						{"origin": [-2, 4, -2], "size": [4, 7, 4], "uv": [0, 0]},
						{"origin": [-0.5, 4.5, -3.5], "size": [1, 8, 2], "uv": [12, 17]}
					]
				}
			]
		}
	]
}