{
	"format_version": "1.12.0",
	"minecraft:geometry": [
		{
			"description": {
				"identifier": "geometry.unknown",
				"texture_width": 128,
				"texture_height": 128,
				"visible_bounds_width": 3,
				"visible_bounds_height": 3.5,
				"visible_bounds_offset": [0, 1.25, 0]
			},
			"bones": [
				{
					"name": "gyweld",
					"pivot": [0, 0, 0]
				},
				{
					"name": "root",
					"parent": "gyweld",
					"pivot": [-0.00823, 7.93223, -0.26959]
				},
				{
					"name": "chassis",
					"parent": "root",
					"pivot": [-0.00823, 7.93223, -0.26959],
					"cubes": [
						{"origin": [-8.5, 14.36576, -8.59482], "size": [17, 3, 9], "pivot": [0, 15.86576, -4.09482], "rotation": [12.5, 0, 0], "uv": [0, 45]},
						{"origin": [-8.5, 14.36576, -0.59482], "size": [17, 3, 9], "pivot": [0, 15.86576, 3.90518], "rotation": [-12.5, 0, 0], "uv": [27, 0]},
						{"origin": [-5.5, 16.5, -5.5], "size": [11, 2, 11], "uv": [41, 46]},
						{"origin": [-4.5, 18.5, -4.5], "size": [9, 2, 9], "uv": [54, 12]},
						{"origin": [-7, 12.06625, 5.92977], "size": [14, 3, 5], "pivot": [0, 13.56625, 8.42977], "rotation": [-60, 0, 0], "uv": [69, 23]},
						{"origin": [-7, 12.09006, -10.99285], "size": [14, 3, 5], "pivot": [0, 13.59006, -8.49285], "rotation": [60, 0, 0], "uv": [65, 59]},
						{"origin": [-2.5, 15.39808, -12.25839], "size": [5, 0, 5], "pivot": [0, 14.89808, -9.75839], "rotation": [70, 0, 0], "uv": [0, 0]}
					]
				},
				{
					"name": "body",
					"parent": "chassis",
					"pivot": [0, 12, 0],
					"cubes": [
						{"origin": [-3, 10.5, -3], "size": [6, 9, 6], "uv": [0, 30]}
					]
				},
				{
					"name": "top",
					"parent": "body",
					"pivot": [0, 20, 0],
					"cubes": [
						{"origin": [-3, 19.5, -3], "size": [6, 3, 6], "uv": [70, 0]}
					]
				},
				{
					"name": "head",
					"parent": "top",
					"pivot": [0, 22.25, 0],
					"cubes": [
						{"origin": [-3, 22.5, -3], "size": [6, 6, 6], "uv": [69, 31]},
						{"origin": [3.25, 25, -3], "size": [0, 1, 6], "uv": [0, 8]},
						{"origin": [-3, 25, 3.25], "size": [6, 1, 0], "uv": [27, 12]},
						{"origin": [-3.25, 25, -3], "size": [0, 1, 6], "uv": [0, 7]},
						{"origin": [-1, 22.5, -3.25], "size": [2, 2, 0], "pivot": [0, 23.5, -2.75], "rotation": [0, 0, 45], "uv": [0, 0]},
						{"origin": [-5.75, 26.25, 1], "size": [6, 4, 0], "pivot": [-2.75, 29.25, 2], "rotation": [0, 12.5, 45], "uv": [0, 79]},
						{"origin": [-0.20711, 26.75, 1], "size": [6, 4, 0], "pivot": [3.29289, 29.25, 1], "rotation": [0, -12.5, -45], "uv": [17, 63]},
						{"origin": [-2.20711, 26.75, -1], "size": [4, 7, 0], "pivot": [0.29289, 29.25, -1], "rotation": [0, 0, 25], "uv": [27, 0]},
						{"origin": [-3.5, 24.5, -3.1], "size": [3, 3, 0], "pivot": [-2.5, 25.5, -3.25], "rotation": [0, 0, 45], "uv": [0, 33]},
						{"origin": [0.5, 24.5, -3.1], "size": [3, 3, 0], "pivot": [2.5, 25.5, -3.25], "rotation": [0, 0, -45], "uv": [0, 30]},
						{"origin": [0.79289, 24.5, -3.2], "size": [2, 2, 0], "uv": [0, 4]},
						{"origin": [-2.70711, 24.5, -3.2], "size": [2, 2, 0], "uv": [0, 2]},
						{"origin": [-2.5, 21.5, -2.5], "size": [5, 1, 5], "uv": [17, 57]}
					]
				},
				{
					"name": "eyelid_L",
					"parent": "chassis",
					"pivot": [5, 15.70609, -10.15791],
					"cubes": [
						{"origin": [2.5, 14.95609, -11.40791], "size": [5, 0, 4], "pivot": [5, 15.70609, -10.15791], "rotation": [73.75926, -6.60796, -21.55613], "uv": [0, 90]}
					]
				},
				{
					"name": "eye_L",
					"parent": "chassis",
					"pivot": [5, 15.70609, -10.15791],
					"cubes": [
						{"origin": [2.5, 15.20609, -11.40791], "size": [5, 0, 4], "pivot": [5, 15.70609, -10.15791], "rotation": [73.75926, -6.60796, -21.55613], "uv": [0, 9]}
					]
				},
				{
					"name": "eyelid_R",
					"parent": "chassis",
					"pivot": [-4.78701, 16.21657, -9.47269],
					"cubes": [
						{"origin": [-7.28701, 15.96657, -11.47269], "size": [5, 0, 4], "pivot": [-4.78701, 16.21657, -9.47269], "rotation": [73.49629, 5.90316, 19.14314], "uv": [1, 100]}
					]
				},
				{
					"name": "eye_R",
					"parent": "chassis",
					"pivot": [-4.78701, 16.21657, -9.47269],
					"cubes": [
						{"origin": [-7.28701, 16.21657, -11.47269], "size": [5, 0, 4], "pivot": [-4.78701, 16.21657, -9.47269], "rotation": [73.49629, 5.90316, 19.14314], "uv": [0, 5]}
					]
				},
				{
					"name": "roller",
					"parent": "root",
					"pivot": [0, 7.5, 0],
					"cubes": [
						{"origin": [-7.5, 0, -7.5], "size": [6, 15, 15], "uv": [27, 15]},
						{"origin": [1.5, 0, -7.5], "size": [6, 15, 15], "uv": [0, 0]},
						{"origin": [7.5, 2, -5.5], "size": [1, 11, 11], "uv": [52, 59]},
						{"origin": [-8.5, 2, -5.5], "size": [1, 11, 11], "uv": [28, 57]}
					]
				},
				{
					"name": "gear",
					"parent": "roller",
					"pivot": [0, 7.5, 0],
					"cubes": [
						{"origin": [-1.5, 2, -5.5], "size": [3, 11, 11], "uv": [0, 57]},
						{"origin": [-1.5, 1, -2.5], "size": [3, 1, 5], "uv": [41, 59]},
						{"origin": [-1.5, 13, -2.5], "size": [3, 1, 5], "uv": [74, 43]},
						{"origin": [-1.5, 1, 3.5], "size": [3, 3, 3], "uv": [54, 23]},
						{"origin": [-1.5, 5, -6.5], "size": [3, 5, 1], "uv": [18, 30]},
						{"origin": [-1.5, 1, -6.5], "size": [3, 3, 3], "uv": [74, 49]},
						{"origin": [-1.5, 11, -6.5], "size": [3, 3, 3], "uv": [76, 67]},
						{"origin": [-1.5, 11, 3.5], "size": [3, 3, 3], "uv": [76, 73]},
						{"origin": [-1.5, 5, 5.5], "size": [3, 5, 1], "uv": [0, 45]}
					]
				}
			]
		}
	]
}