
{
    "portraitScale": 2.2,
    "portraitTranslation": [ -0.25, 1.4, 0 ],
    "profileScale": 1.3,
    "profileTranslation": [ 0, 1.2, 0 ],
    "faint": "bedrock(beelder, ground_faint)",
    "poses": {
    "standing": {
        "poseName": "standing",
        "transformTicks": 10,
        "poseTypes": [
        "STAND",
        "NONE",
        "PORTRAIT",
        "PROFILE"
        ],
        "animations": [
        "bedrock(beelder, ground_idle)"
        ]
    },
    "walking": {
        "poseName": "walking",
        "transformTicks": 10,
        "poseTypes": [ "WALK" ],
        "animations": [ "bedrock(beelder, ground_walk)" ]
    },
    "hovering": {
        "poseName": "hovering",
        "transformTicks": 10,
        "poseTypes": [ "HOVER" ],
        "animations": [ "bedrock(beelder, ground_idle)" ]
    },
    "shoulder_left": {
        "poseName": "shoulder_left",
        "transformTicks": 10,
        "poseTypes": ["SHOULDER_LEFT"],
        "animations":["bedrock(beelder, left_shoulder)"]
      },
      "shoulder_right": {
        "poseName": "shoulder_right",
        "transformTicks": 10,
        "poseTypes": ["SHOULDER_RIGHT"],
        "animations":["bedrock(beelder, right_shoulder)"]
      },
    "flying": {
        "poseName": "flying",
        "transformTicks": 10,
        "poseTypes": [ "FLY" ],
        "animations": [ "bedrock(beelder, ground_walk)" ]
        }
    }
  }
    