
{
    "portraitScale": 1.5,
    "portraitTranslation": [ 0, -0.5, 0 ],
    "profileScale": 0.8,
    "profileTranslation": [ 0, 0.4, 0 ],
    "faint": "bedrock(buckid, ground_faint)",
    "poses": {
    "standing": {
        "poseName": "standing",
        "transformTicks": 10,
        "poseTypes": [
        "STAND",
        "NONE",
        "PORTRAIT",
        "PROFILE"
        ],
        "animations": [
        "bedrock(buckid, ground_idle)"
        ]
    },
    "walking": {
        "poseName": "walking",
        "transformTicks": 10,
        "poseTypes": [ "WALK" ],
        "animations": [ "bedrock(buckid, ground_walk)" ]
    },
    "shoulder_left": {
        "poseName": "shoulder_left",
        "transformTicks": 10,
        "poseTypes": ["SHOULDER_LEFT"],
        "animations":["bedrock(buckid, left_shoulder)"]
      },
    "floating": {
        "poseName": "floating",
        "transformTicks": 10,
        "poseTypes": [ "FLOAT" ],
        "animations": [ "bedrock(buckid, water_idle)" ]
    },
    "swimming": {
        "poseName": "swimming",
        "transformTicks": 10,
        "poseTypes": [ "SWIM" ],
        "animations": [ "bedrock(buckid, water_swim)" ]
        }
    }
  }
    