
{
    "head": "head",
    "portraitScale": 1.25,
    "portraitTranslation": [ 0, 1, 0 ],
    "profileScale": 0.8,
    "profileTranslation": [ 0, 0.75, 0 ],
    "poses": {
    "standing": {
        "poseName": "standing",
        "transformTicks": 10,
        "poseTypes": [
        "STAND",
        "NONE",
        "PORTRAIT",
        "PROFILE"
        ],
        "animations": [
        "look",
        "bedrock(chickatrice, ground_idle)"
        ]
    },
    "walking": {
        "poseName": "walking",
        "transformTicks": 10,
        "poseTypes": [ "WALK" ],
        "animations": [ "bedrock(chickatrice, ground_walk)" ]
    }
}
}
    