
{
    "head":"head",
    "portraitScale": 1.5,
    "portraitTranslation": [ -0.25, 1.6, 0 ],
    "profileScale": 1,
    "profileTranslation": [ -0.2, 1.2, 0 ],
    "faint": "bedrock(queebee, ground_faint)",
    "poses": {
    "standing": {
        "poseName": "standing",
        "transformTicks": 10,
        "poseTypes": [
        "STAND",
        "NONE",
        "PORTRAIT",
        "PROFILE"
        ],
        "animations": [
        "bedrock(queebee, ground_idle)"
        ]
    },
    "walking": {
        "poseName": "walking",
        "transformTicks": 10,
        "poseTypes": [ "WALK" ],
        "animations": [ "bedrock(queebee, ground_walk)" ]
    },
    "hovering": {
        "poseName": "hovering",
        "transformTicks": 10,
        "poseTypes": [ "HOVER" ],
        "animations": [ "bedrock(queebee, ground_idle)" ]
    },
    "flying": {
        "poseName": "flying",
        "transformTicks": 10,
        "poseTypes": [ "FLY" ],
        "animations": [ "bedrock(queebee, ground_walk)" ]
        }
    }
  }
    