
{
    "head": "head",
    "portraitScale": 1.25,
    "portraitTranslation": [ -0.3, -0.25, 0 ],
    "profileScale": 0.8,
    "profileTranslation": [ 0, 0.4, 0 ],
    "faint": "bedrock(venachnid,faint)",
    "poses": {
    "standing": {
        "poseName": "standing",
        "transformTicks": 10,
        "poseTypes": [
        "STAND",
        "NONE",
        "PORTRAIT",
        "PROFILE"
        ],
        "isBattle": false,
        "animations": [
        "look",
        "bedrock(venachnid, ground_idle)"
        ]
    },
    "walking": {
        "poseName": "walking",
        "transformTicks": 10,
        "poseTypes": [ "WALK" ],
        "animations": [ "bedrock(venachnid, ground_walk)" ]
    },
    "battle-standing": {
        "poseName": "battle-standing",
        "transformTicks": 10,
        "poseTypes": ["STAND"],
        "isBattle": true,
        "animations": [ "bedrock(venachnid, battle_idle)" ]
        
          }
    }
  }
    