{
	"format_version": "1.12.0",
	"minecraft:geometry": [
		{
			"description": {
				"identifier": "geometry.endisite",
				"texture_width": 64,
				"texture_height": 64,
				"visible_bounds_width": 4,
				"visible_bounds_height": 2.5,
				"visible_bounds_offset": [0, 0.75, 0]
			},
			"bones": [
				{
					"name": "endisite",
					"pivot": [0, 0, 0]
				},
				{
					"name": "body",
					"parent": "endisite",
					"pivot": [0, 2, -2.5],
					"cubes": [
						{"origin": [-4, 0, -7], "size": [8, 5, 9], "uv": [0, 0]},
						{"origin": [0, 4, -6], "size": [0, 7, 11], "uv": [0, 3]}
					]
				},
				{
					"name": "head",
					"parent": "body",
					"pivot": [0, 2, -7],
					"cubes": [
						{"origin": [-3, 0, -11], "size": [6, 4, 4], "uv": [0, 21]}
					]
				},
				{
					"name": "tail",
					"parent": "body",
					"pivot": [0, 2, 2],
					"cubes": [
						{"origin": [-3, 0, 2], "size": [6, 4, 4], "uv": [18, 17]}
					]
				},
				{
					"name": "lowertail",
					"parent": "tail",
					"pivot": [0, 1.5, 6],
					"cubes": [
						{"origin": [-2, 0, 6], "size": [4, 3, 4], "uv": [25, 0]}
					]
				}
			]
		}
	]
}