{
	"format_version": "1.8.0",
	"animations": {
		"animation.chamost.ground_idle": {
			"loop": true,
			"animation_length": 2.4,
			"bones": {
				"bone": {
					"rotation": {
						"0.0": [-37.5, 0, 0],
						"1.2": [-35, 0, 0],
						"2.4": [-37.5, 0, 0]
					},
					"position": {
						"0.0": [0, 6, 0],
						"1.2": [0, 8, 0],
						"2.4": [0, 6, 0]
					}
				},
				"head": {
					"rotation": {
						"0.0": [37.5, 0, 0],
						"2.4": [37.5, 0, 0]
					},
					"position": {
						"0.0": [0, 0, -1],
						"2.4": [0, 0, -1]
					}
				},
				"tail": {
					"rotation": {
						"0.0": [22.5, 0, 0],
						"1.2": [37.5, 0, 0],
						"2.4": [22.5, 0, 0]
					},
					"position": {
						"0.0": [0, 0, -1],
						"1.2": [0, -1, -2],
						"2.4": [0, 0, -1]
					}
				},
				"leg": {
					"rotation": {
						"0.0": [30, 0, 0],
						"1.2": [40, 0, 0],
						"2.4": [30, 0, 0]
					},
					"position": {
						"0.0": [-0.1, 0, 0],
						"2.4": [-0.1, 0, 0]
					}
				},
				"leg2": {
					"rotation": {
						"0.0": [35, 0, 0],
						"2.4": [35, 0, 0]
					},
					"position": {
						"0.0": [-0.1, 0, 0],
						"2.4": [-0.1, 0, 0]
					}
				},
				"leg3": {
					"rotation": {
						"0.0": [35, 0, 0],
						"2.4": [35, 0, 0]
					},
					"position": {
						"0.0": [0.1, 0, 0],
						"2.4": [0.1, 0, 0]
					}
				},
				"leg4": {
					"rotation": {
						"0.0": [30, 0, 0],
						"1.2": [40, 0, 0],
						"2.4": [30, 0, 0]
					},
					"position": {
						"0.0": [0.1, 0, 0],
						"2.4": [0.1, 0, 0]
					}
				}
			}
		},
		"animation.chamost.ground_walk": {
			"loop": true,
			"animation_length": 1,
			"bones": {
				"bone": {
					"rotation": {
						"0.0": [15, 0, 0],
						"0.48": [17.5, 0, 0],
						"1.0": [15, 0, 0]
					},
					"position": {
						"0.0": [0, 6, 0],
						"0.48": [0, 8, 0],
						"1.0": [0, 6, 0]
					}
				},
				"head": {
					"rotation": {
						"0.0": [-17.5, 0, 0],
						"1.0": [-17.5, 0, 0]
					},
					"position": {
						"0.0": [0, 0, 1],
						"1.0": [0, 0, 1]
					}
				},
				"tail": {
					"rotation": {
						"0.0": [5, 0, 0],
						"0.48": [-10, 0, 0],
						"1.0": [5, 0, 0]
					}
				},
				"leg": {
					"rotation": {
						"0.0": [20, 0, 0],
						"0.48": [30, 0, 0],
						"1.0": [20, 0, 0]
					},
					"position": {
						"0.0": [-0.2, 0, 0],
						"1.0": [-0.2, 0, 0]
					}
				},
				"leg2": {
					"rotation": {
						"0.0": [20, 0, 0],
						"0.48": [30, 0, 0],
						"1.0": [20, 0, 0]
					},
					"position": {
						"0.0": [-0.1, 0, 0],
						"1.0": [-0.1, 0, 0]
					}
				},
				"leg3": {
					"rotation": {
						"0.0": [20, 0, 0],
						"0.48": [30, 0, 0],
						"1.0": [20, 0, 0]
					},
					"position": {
						"0.0": [0.1, 0, 0],
						"1.0": [0.1, 0, 0]
					}
				},
				"leg4": {
					"rotation": {
						"0.0": [20, 0, 0],
						"0.48": [30, 0, 0],
						"1.0": [20, 0, 0]
					},
					"position": {
						"0.0": [0.2, 0, 0],
						"1.0": [0.2, 0, 0]
					}
				}
			}
		}
	}
}