{
  "species": "cobblemon:golurkgear",
  "order": 0,
  "variations": [
    {
      "aspects": [],
      "poser": "cobblemon:golurkgear",
      "model": "cobblemon:golurkgear.geo",
      "texture": "cobblemon:textures/pokemon/golurkgear/golurkgear.png",
      "layers": [
        {
          "name": "color",
          "texture": "cobblemon:textures/pokemon/golurkgear/golurkgear_emissive.png",
          "emissive": true
        }
      ]
    },
    {
      "aspects": ["shiny"],
      "texture": "cobblemon:textures/pokemon/golurkgear/golurkgear_shiny.png",
      "layers": [
        {
          "name": "color",
          "texture": "cobblemon:textures/pokemon/golurkgear/golurkgear_shiny_emissive.png",
          "emissive": true
        }
      ]
    }
  ]
}