{
  "implemented": true,
  "nationalPokedexNumber": 654,
  "name": "Braixen",
  "primaryType": "fire",
  "maleRatio": 0.875,
  "height": 10,
  "weight": 145,
  "pokedex": [
    "cobblemon.species.braixen.desc"
  ],
  "labels": [
    "gen6"
  ],
  "aspects": [],
  "abilities": [
    "blaze",
    "h:magician"
  ],
  "eggGroups": [
    "field"
  ],
  "baseStats": {
    "hp": 59,
    "attack": 59,
    "defence": 58,
    "special_attack": 90,
    "special_defence": 70,
    "speed": 73
  },
  "evYield": {
    "hp": 0,
    "attack": 0,
    "defence": 0,
    "special_attack": 2,
    "special_defence": 0,
    "speed": 0
  },
  "baseExperienceYield": 143,
  "experienceGroup": "medium_slow",
  "catchRate": 45,
  "eggCycles": 20,
  "baseFriendship": 50,
  "baseScale": 0.6,
  "hitbox": {
    "width": 1,
    "height": 2.5,
    "fixed": false
  },
  "behaviour": {
    "moving": {
      "walk": {
        "walkSpeed": 0.4
      }
    }
  },
  "drops": {
    "amount": 4,
    "entries": [
      {
        "item": "minecraft:stick"
      },
      {
        "item": "minecraft:blaze_powder",
        "quantityRange": "0-2"
      },
      {
        "item": "cobblemon:charcoal_stick",
        "percentage": 10.0
      }
    ]
  },
  "moves": [
    "1:scratch",
    "1:tailwhip",
    "1:ember",
    "11:howl",
    "14:flamecharge",
    "18:psybeam",
    "22:firespin",
    "28:luckychant",
    "36:psyshock",
    "41:flamethrower",
    "45:willowisp",
    "49:psychic",
    "52:sunnyday",
    "56:magicroom",
    "59:fireblast",
    "egg:copycat",
    "egg:heatwave",
    "egg:hypnosis",
    "egg:magicroom",
    "egg:wish",
    "tm:agility",
    "tm:allyswitch",
    "tm:burningjealousy",
    "tm:calmmind",
    "tm:charm",
    "tm:covet",
    "tm:cut",
    "tm:dreameater",
    "tm:echoedvoice",
    "tm:embargo",
    "tm:encore",
    "tm:endure",
    "tm:facade",
    "tm:fireblast",
    "tm:firepledge",
    "tm:firepunch",
    "tm:firespin",
    "tm:flamecharge",
    "tm:flamethrower",
    "tm:flareblitz",
    "tm:foulplay",
    "tm:grassknot",
    "tm:heatwave",
    "tm:helpinghand",
    "tm:imprison",
    "tm:incinerate",
    "tm:irontail",
    "tm:laserfocus",
    "tm:lightscreen",
    "tm:lowkick",
    "tm:magiccoat",
    "tm:magicroom",
    "tm:mudshot",
    "tm:mudslap",
    "tm:overheat",
    "tm:poweruppunch",
    "tm:protect",
    "tm:psybeam",
    "tm:psychic",
    "tm:psychicterrain",
    "tm:psyshock",
    "tm:raindance",
    "tm:recycle",
    "tm:rest",
    "tm:safeguard",
    "tm:shockwave",
    "tm:skillswap",
    "tm:sleeptalk",
    "tm:snatch",
    "tm:solarbeam",
    "tm:storedpower",
    "tm:substitute",
    "tm:sunnyday",
    "tm:swift",
    "tm:takedown",
    "tm:telekinesis",
    "tm:terablast",
    "tm:thief",
    "tm:thunderpunch",
    "tm:trick",
    "tm:trickroom",
    "tm:willowisp",
    "tm:wonderroom",
    "tm:workup",
    "tm:zenheadbutt",
    "tutor:allyswitch",
    "tutor:burningjealousy",
    "tutor:calmmind",
    "tutor:covet",
    "tutor:firepledge",
    "tutor:firepunch",
    "tutor:flamethrower",
    "tutor:foulplay",
    "tutor:heatwave",
    "tutor:helpinghand",
    "tutor:irontail",
    "tutor:laserfocus",
    "tutor:lowkick",
    "tutor:magiccoat",
    "tutor:magicroom",
    "tutor:mudslap",
    "tutor:psychic",
    "tutor:recycle",
    "tutor:rest",
    "tutor:shockwave",
    "tutor:skillswap",
    "tutor:sleeptalk",
    "tutor:snatch",
    "tutor:swift",
    "tutor:telekinesis",
    "tutor:thunderpunch",
    "tutor:trick",
    "tutor:wonderroom",
    "tutor:zenheadbutt"
  ],
  "preEvolution": "fennekin",
  "evolutions": [
    {
      "id": "braixen_delphox",
      "variant": "level_up",
      "result": "delphox",
      "consumeHeldItem": false,
      "learnableMoves": [
        "mysticalfire"
      ],
      "requirements": [
        {
          "variant": "level",
          "minLevel": 36
        }
      ]
    },
    {
      "id": "braixen_cafe_braixen",
      "variant": "item_interact",
      "result": "cafe_braixen",
      "consumeHeldItem": false,
      "learnableMoves": [],
      "requirements": [],
      "requiredContext": "minecraft:white_wool"
    }
  ]
}
