{
    "enabled": true,
    "neededInstalledMods": [],
    "neededUninstalledMods": [],
    "spawns": [
        {
            "id": "koffing-1",
            "pokemon": "koffing",
            "presets": [
                "natural",
                "urban"
            ],
            "type": "pokemon",
            "context": "grounded",
            "bucket": "common",
            "level": "9-34",
            "weight": 1.8,
            "weightMultiplier": {
                "multiplier": 5.0,
                "condition": {
                    "timeRange": "night"
                }
            },
            "condition": {
                "minSkyLight": 8,
                "maxSkyLight": 15,
                "biomes": [
                    "#cobblemon:is_arid",
                    "#cobblemon:is_coast",
                    "#cobblemon:is_floral",
                    "#cobblemon:is_forest",
                    "#cobblemon:is_grassland",
                    "#cobblemon:is_highlands",
                    "#cobblemon:is_island",
                    "#cobblemon:is_jungle",
                    "#cobblemon:is_magical",
                    "#cobblemon:is_mountain",
                    "#cobblemon:is_mushroom",
                    "#cobblemon:is_spooky",
                    "#cobblemon:is_temperate",
                    "#cobblemon:is_thermal",
                    "#cobblemon:is_volcanic"
                ]
            }
        },
        {
            "id": "koffing-2",
            "pokemon": "koffing",
            "presets": [
                "natural",
                "village"
            ],
            "type": "pokemon",
            "context": "grounded",
            "bucket": "common",
            "level": "9-34",
            "weight": 1.8,
            "weightMultiplier": {
                "multiplier": 5.0,
                "condition": {
                    "timeRange": "night"
                }
            },
            "condition": {
                "minSkyLight": 8,
                "maxSkyLight": 15,
                "biomes": [
                    "#cobblemon:is_arid",
                    "#cobblemon:is_coast",
                    "#cobblemon:is_floral",
                    "#cobblemon:is_forest",
                    "#cobblemon:is_grassland",
                    "#cobblemon:is_highlands",
                    "#cobblemon:is_island",
                    "#cobblemon:is_jungle",
                    "#cobblemon:is_magical",
                    "#cobblemon:is_mountain",
                    "#cobblemon:is_mushroom",
                    "#cobblemon:is_spooky",
                    "#cobblemon:is_temperate",
                    "#cobblemon:is_thermal",
                    "#cobblemon:is_volcanic"
                ]
            }
        },
        {
            "id": "koffing-3",
            "pokemon": "koffing",
            "presets": [
                "natural"
            ],
            "type": "pokemon",
            "context": "grounded",
            "bucket": "common",
            "level": "9-34",
            "weight": 9.0,
            "condition": {
                "biomes": [
                    "#cobblemon:nether/is_toxic"
                ]
            }
        }
    ]
}