{
    "enabled": true,
    "neededInstalledMods": [],
    "neededUninstalledMods": [],
    "spawns": [
        {
            "id": "amperox-1",
            "pokemon": "amperox",
            "presets": [
                "natural",
                "wild"
            ],
            "type": "pokemon",
            "context": "grounded",
            "bucket": "common",
            "level": "30-41",
            "weight": 0.3,
            "weightMultiplier": {
                "multiplier": 1.5,
                "condition": {
                    "isThundering": true
                }
            },
            "condition": {
                "canSeeSky": true,
                "biomes": [
                    "#cobblemon:is_savanna"
                ]
            }
        },
        {
            "id": "amperox-2",
            "pokemon": "amperox",
            "type": "pokemon",
            "context": "grounded",
            "bucket": "uncommon",
            "level": "27-31",
            "weight": 0.45,
            "weightMultiplier": {
                "multiplier": 1.5,
                "condition": {
                    "isThundering": true
                }
            },
            "condition": {
                "canSeeSky": true,
                "biomes": [
                    "#cobblemon:is_jungle"
                ]
            }
        }
    ]
}