{
    "enabled": "true",
    "neededInstalledMods": [],
    "neededUninstalledMods": [],
    "spawns": [
        {
            "id": "anemini-1",
            "pokemon": "anemini",
            "presets": [
                "underwater"
            ],
            "type": "pokemon",
            "context": "submerged",
            "bucket": "common",
            "level": "4-20",
            "weight": 5.4,
            "condition": {
                "canSeeSky": true,
                "biomes": [
                    "#cobblemon:is_warm_ocean"
                ]
            }
        },
        {
            "id": "anemini-2",
            "pokemon": "anemini",
            "type": "pokemon",
            "context": "fishing",
            "bucket": "common",
            "level": "4-27",
            "weight": 6.0,
            "condition": {
                "canSeeSky": true,
                "biomes": [
                    "#cobblemon:is_warm_ocean"
                ]
            }
        }
    ]
}