{
    "enabled": true,
    "neededInstalledMods": [],
    "neededUninstalledMods": [],
    "spawns": [
        {
            "id": "ascrolyte-1",
            "pokemon": "ascrolyte",
            "presets": [
                "natural",
                "ruins",
                "wild"
            ],
            "type": "pokemon",
            "context": "grounded",
            "bucket": "common",
            "level": "15-35",
            "weight": 5.0,
            "condition": {
                "biomes": [
                    "#cobblemon:is_desert"
                ]
            }
        },
        {
            "id": "ascrolyte-2",
            "pokemon": "ascrolyte",
            "presets": [
                "natural",
                "desert_pyramid"
            ],
            "type": "pokemon",
            "context": "grounded",
            "bucket": "common",
            "level": "15-35",
            "weight": 5.0,
            "condition": {
                "biomes": [
                    "#cobblemon:is_desert"
                ]
            }
        }
    ]
}