{
    "enabled": true,
    "neededInstalledMods": [],
    "neededUninstalledMods": [],
    "spawns": [
        {
            "id": "babito-1",
            "pokemon": "babito",
            "presets": [
                "freshwater",
                "underwater"
            ],
            "type": "pokemon",
            "context": "submerged",
            "bucket": "common",
            "level": "3-15",
            "weight": 1.8,
            "condition": {
                "canSeeSky": true
            }
        },
        {
            "id": "babito-2",
            "pokemon": "babito",
            "presets": [
                "freshwater"
            ],
            "type": "pokemon",
            "context": "submerged",
            "bucket": "common",
            "level": "3-15",
            "weight": 3.6,
            "condition": {
                "biomes": [
                    "#cobblemon:is_swamp"
                ],
                "canSeeSky": true
            }
        },
        {
            "id": "babito-3",
            "pokemon": "babito",
            "type": "pokemon",
            "context": "fishing",
            "bucket": "common",
            "level": "5-16",
            "weight": 1.8,
            "weightMultiplier": {
                "multiplier": 4.0,
                "condition": {
                    "minLureLevel": "0",
                    "maxLureLevel": "0"
                }
            },
            "condition": {
                "canSeeSky": true,
                "biomes": [
                    "#cobblemon:is_swamp"
                ]
            }
        }
    ]
}