{
    "enabled": true,
    "neededInstalledMods": [],
    "neededUninstalledMods": [],
    "spawns": [
        {
            "id": "brunatee-1",
            "pokemon": "brunatee",
            "presets": [
                "freshwater",
                "underwater"
            ],
            "type": "pokemon",
            "context": "submerged",
            "bucket": "uncommon",
            "level": "35-55",
            "weight": 0.7,
            "condition": {
                "canSeeSky": true
            }
        },
        {
            "id": "brunatee-2",
            "pokemon": "brunatee",
            "presets": [
                "natural",
                "freshwater"
            ],
            "type": "pokemon",
            "context": "grounded",
            "bucket": "uncommon",
            "level": "35-55",
            "weight": 0.35,
            "condition": {
                "minSkyLight": 8,
                "maxSkyLight": 15
            }
        },
        {
            "id": "brunatee-3",
            "pokemon": "brunatee",
            "type": "pokemon",
            "context": "fishing",
            "bucket": "common",
            "level": "33-56",
            "weight": 0.15,
            "weightMultipliers": [
                {
                    "multiplier": 2.0,
                    "condition": {
                        "minLureLevel": "2",
                        "maxLureLevel": "2"
                    }
                },
                {
                    "multiplier": 5.0,
                    "condition": {
                        "minLureLevel": "3"
                    }
                }
            ],
            "condition": {
                "minSkyLight": 8,
                "maxSkyLight": 15,
                "biomes": [
                    "#cobblemon:is_forest",
                    "#cobblemon:is_freshwater",
                    "#cobblemon:is_jungle"
                ]
            },
            "anticondition": {
                "biomes": [
                    "#cobblemon:is_freezing"
                ]
            }
        }
    ]
}