{
    "enabled": "true",
    "neededInstalledMods": [],
    "neededUninstalledMods": [],
    "spawns": [
        {
            "id": "cephalange-1",
            "pokemon": "cephalange",
            "presets": [
                "underwater"
            ],
            "type": "pokemon",
            "context": "submerged",
            "bucket": "rare",
            "level": "19-40",
            "weight": 9.0,
            "condition": {
                "canSeeSky": true,
                "biomes": [
                    "#minecraft:is_ocean"
                ]
            },
            "anticondition": {
                "biomes": [
                    "#cobblemon:is_warm_ocean"
                ]
            }
        },
        {
            "id": "cephalange-2",
            "pokemon": "cephalange",
            "type": "pokemon",
            "context": "fishing",
            "bucket": "uncommon",
            "level": "20-42",
            "weight": 4.0,
            "weightMultiplier": {
                "multiplier": 2.0,
                "condition": {
                    "minLureLevel": "3"
                }
            },
            "condition": {
                "biomes": [
                    "#cobblemon:is_ocean"
                ],
                "minLureLevel": "1"
            },
            "anticondition": {
                "biomes": [
                    "#cobblemon:is_warm_ocean"
                ]
            }
        }
    ]
}