{
    "enabled": true,
    "neededInstalledMods": [],
    "neededUninstalledMods": [],
    "spawns": [
        {
            "id": "cigarat-1",
            "pokemon": "cigarat",
            "presets": [
                "natural",
                "village"
            ],
            "type": "pokemon",
            "context": "grounded",
            "bucket": "uncommon",
            "level": "25-35",
            "weight": 1.0,
            "condition": {
                "biomes": [
                    "#minecraft:is_overworld"
                ]
            }
        },
        {
            "id": "cigarat-2",
            "pokemon": "cigarat",
            "presets": [
                "natural",
                "urban"
            ],
            "type": "pokemon",
            "context": "grounded",
            "bucket": "uncommon",
            "level": "25-35",
            "weight": 1.0,
            "condition": {
                "biomes": [
                    "#minecraft:is_overworld"
                ]
            }
        },
        {
            "id": "cigarat-3",
            "pokemon": "cigarat",
            "presets": [
                "natural",
                "wild"
            ],
            "type": "pokemon",
            "context": "grounded",
            "bucket": "uncommon",
            "level": "25-30",
            "weight": 0.5,
            "condition": {
                "biomes": [
                    "#cobblemon:is_grassland"
                ]
            }
        },
        {
            "id": "cigarat-4",
            "pokemon": "cigarat",
            "presets": [
                "natural"
            ],
            "type": "pokemon",
            "context": "grounded",
            "bucket": "common",
            "level": "10-21",
            "weight": 0.3,
            "condition": {
                "biomes": [
                    "#cobblemon:nether/is_toxic"
                ]
            }
        }
    ]
}