{
    "enabled": true,
    "neededInstalledMods": [],
    "neededUninstalledMods": [],
    "spawns": [
        {
            "id": "desmotel-1",
            "pokemon": "desmotel",
            "presets": [
                "natural",
                "wild"
            ],
            "type": "pokemon",
            "context": "grounded",
            "bucket": "uncommon",
            "level": "32-45",
            "weight": 0.9,
            "condition": {
                "biomes": [
                    "#cobblemon:is_desert"
                ],
                "timeRange": "night"
            }
        }
    ]
}