{
    "enabled": true,
    "neededInstalledMods": [],
    "neededUninstalledMods": [],
    "spawns": [
        {
            "id": "drosphilia-1",
            "pokemon": "drosphilia",
            "presets": [
                "natural",
                "flowers"
            ],
            "type": "pokemon",
            "context": "grounded",
            "bucket": "common",
            "level": "9-29",
            "weight": 2.5,
            "condition": {
                "canSeeSky": true,
                "biomes": [
                    "#cobblemon:is_floral"
                    ]
            }
        },
        {
            "id": "drosphilia-2",
            "pokemon": "drosphilia",
            "presets": [
                "natural",
                "village"
            ],
            "type": "pokemon",
            "context": "grounded",
            "bucket": "uncommon",
            "level": "9-29",
            "weight": 2.5,
            "condition": {
                "canSeeSky": true,
                "biomes": [
                    "#cobblemon:is_temperate"
                    ]
            }
        }
        
    ]
}