{
    "enabled": true,
    "neededInstalledMods": [],
    "neededUninstalledMods": [],
    "spawns": [
        {
            "id": "emposter-1",
            "pokemon": "emposter",
            "presets": [
                "underwater"
            ],
            "type": "pokemon",
            "context": "submerged",
            "bucket": "uncommon",
            "level": "3-25",
            "weight": 4.0,
            "weightMultiplier": {
                "multiplier": 1.5,
                "condition": {
                    "timeRange": "night"
                }
            },
            "condition": {
                "canSeeSky": true,
                "biomes": [
                    "#minecraft:is_ocean"
                ]
            }
        },
        {
            "id": "emposter-2",
            "pokemon": "emposter",
            "type": "pokemon",
            "context": "fishing",
            "bucket": "uncommon",
            "level": "5-29",
            "weight": 5.0,
            "weightMultipliers": [
                {
                    "multiplier": 1.5,
                    "condition": {
                        "timeRange": "night"
                    }
                },
                {
                    "multiplier": 2.0,
                    "condition": {
                        "minLureLevel": "2"
                    }
                }
            ],
            "condition": {
                "canSeeSky": true,
                "biomes": [
                    "#cobblemon:is_coast",
                    "#cobblemon:is_ocean",
                    "#cobblemon:is_tropical_island"
                ],
                "minLureLevel": 1
            }
        }
    ]
}