{
    "enabled": true,
    "neededInstalledMods": [],
    "neededUninstalledMods": [],
    "spawns": [
        {
            "id": "fanatee-1",
            "pokemon": "fanatee",
            "presets": [
                "water"
            ],
            "type": "pokemon",
            "context": "submerged",
            "bucket": "uncommon",
            "level": "7-26",
            "weight": 7.0,
            "condition": {
                "canSeeSky": true,
                "biomes": [
                    "#cobblemon:is_freshwater"
                ]
            }
        },
        {
            "id": "fanatee-2",
            "pokemon": "fanatee",
            "presets": [
                "natural"
            ],
            "type": "pokemon",
            "context": "grounded",
            "bucket": "uncommon",
            "level": "7-26",
            "weight": 3.5,
            "condition": {
                "minSkyLight": 8,
                "maxSkyLight": 15,
                "biomes": [
                    "#cobblemon:is_freshwater"
                ]
            }
        },
        {
            "id": "fanatee-3",
            "pokemon": "fanatee",
            "type": "pokemon",
            "context": "fishing",
            "bucket": "common",
            "level": "7-33",
            "weight": 1.5,
            "weightMultipliers": [
                {
                    "multiplier": 2.0,
                    "condition": {
                        "minLureLevel": "2",
                        "maxLureLevel": "2"
                    }
                },
                {
                    "multiplier": 5.0,
                    "condition": {
                        "minLureLevel": "3"
                    }
                }
            ],
            "condition": {
                "minSkyLight": 8,
                "maxSkyLight": 15,
                "biomes": [
                    "#cobblemon:is_forest",
                    "#cobblemon:is_freshwater",
                    "#cobblemon:is_grassland",
                    "#cobblemon:is_hills",
                    "#cobblemon:is_jungle"
                ]
            },
            "anticondition": {
                "biomes": [
                    "#cobblemon:is_freezing"
                ]
            }
        }
    ]
}