{
    "enabled": true,
    "neededInstalledMods": [],
    "neededUninstalledMods": [],
    "spawns": [
        {
            "id": "flapestry-1",
            "pokemon": "flapestry",
            "presets": [
                "natural",
                "desert_pyramid"
            ],
            "type": "pokemon",
            "context": "grounded",
            "bucket": "uncommon",
            "level": "30-45",
            "weight": 0.5,
            "condition": {
                "biomes": [
                    "#cobblemon:is_desert"
                ],
                "timeRange": "day"
            }
        },
        {
            "id": "flapestry-2",
            "pokemon": "flapestry",
            "presets": [
                "natural",
                "village"
            ],
            "type": "pokemon",
            "context": "grounded",
            "bucket": "uncommon",
            "level": "30-45",
            "weight": 1.0,
            "condition": {
                "biomes": [
                    "#cobblemon:is_desert"
                ],
                "timeRange": "night"
            }
        }
    ]
}