{
    "enabled": true,
    "neededInstalledMods": [],
    "neededUninstalledMods": [],
    "spawns": [
        {
            "id": "fossie-1",
            "pokemon": "fossie",
            "presets": [
                "natural",
                "wild"
            ],
            "type": "pokemon",
            "context": "grounded",
            "bucket": "common",
            "level": "5-21",
            "weight": 3.0,
            "weightMultiplier": {
                "multiplier": 1.5,
                "condition": {
                    "isThundering": true
                }
            },
            "condition": {
                "canSeeSky": true,
                "biomes": [
                    "#cobblemon:is_savanna"
                ]
            }
        },
        {
            "id": "fossie-2",
            "pokemon": "fossie",
            "presets": [
                "natural",
                "wild"
            ],
            "type": "pokemon",
            "context": "grounded",
            "bucket": "uncommon",
            "level": "3-17",
            "weight": 4.5,
            "weightMultiplier": {
                "multiplier": 1.5,
                "condition": {
                    "isThundering": true
                }
            },
            "condition": {
                "canSeeSky": true,
                "biomes": [
                    "#cobblemon:is_jungle"
                ]
            }
        }
    ]
}