{
    "enabled": false,
    "neededInstalledMods": [],
    "neededUninstalledMods": [],
    "spawns": [
		{
            "id": "googaloo-1",
            "pokemon": "googaloo",
            "presets": [
                "natural"
            ],
            "type": "pokemon",
            "context": "grounded",
            "bucket": "rare",
            "level": "60-80",
            "weight":0.02,
            "condition": {
                "canSeeSky": false,
                "biomes": [
                    "#cobblemon:is_overworld"
                ]
            }
        },
        {
            "id": "googaloo-2",
            "pokemon": "googaloo",
            "presets": [
                "natural"
            ],
            "type": "pokemon",
            "context": "grounded",
            "bucket": "rare",
            "level": "60-75",
            "weight":0.01,
            "condition": {
                "biomes": [
                    "#cobblemon:is_mushroom"
                ]
            }
        },
        {
            "id": "googaloo-3",
            "pokemon": "googaloo",
            "presets": [
                "natural"
            ],
            "type": "pokemon",
            "context": "grounded",
            "bucket": "rare",
            "level": "60-75",
            "weight":0.01,
            "condition": {
                "biomes": [
                    "minecraft:mushroom_fields"
                ]
            }
        }
    ]
}