{
    "enabled": true,
    "neededInstalledMods": [],
    "neededUninstalledMods": [],
    "spawns": [
        {
            "id": "koffing-goombian-1",
            "pokemon": "koffing goombian",
            "presets": [
                "natural",
                "urban"
                ],
            "type": "pokemon",
            "context": "grounded",
            "bucket": "common",
            "level": "9-30",
            "weight": 0.5,
            "weightMultiplier": {
                "multiplier": 5.0,
                "condition": {
                    "timeRange": "night"
                }
            },
            "condition": {
                "minSkyLight": 8,
                "maxSkyLight": 15,
                "biomes": [
                    "#cobblemon:is_cold"
                ]
            }
        },
        {
            "id": "koffing-goombian-2",
            "pokemon": "koffing goombian",
            "type": "pokemon",
            "presets": [
                "natural",
                "village"
            ],
            "context": "grounded",
            "bucket": "common",
            "level": "9-30",
            "weight": 1.8,
            "weightMultiplier": {
                "multiplier": 5.0,
                "condition": {
                    "timeRange": "night"
                }
            },
            "condition": {
                "minSkyLight": 8,
                "maxSkyLight": 15,
                "biomes": [
                    "#cobblemon:is_cold"
                ]
            }
        }
    ]
}