{
    "enabled": true,
    "neededInstalledMods": [],
    "neededUninstalledMods": [],
    "spawns": [
        {
            "id": "holinoli-1",
            "pokemon": "holinoli",
            "presets": [
                "natural",
                "jungle_pyramid"
            ],
            "type": "pokemon",
            "context": "grounded",
            "bucket": "uncommon",
            "level": "30-51",
            "weight": 0.9,
            "condition": {
                "canSeeSky": true,
                "biomes": [
                    "#cobblemon:is_jungle"
                ]
            }
        },
        {
            "id": "holinoli-2",
            "pokemon": "holinoli",
            "presets": [
                "natural"
            ],
            "type": "pokemon",
            "context": "grounded",
            "bucket": "rare",
            "level": "65",
            "weight": 0.1,
            "condition": {
                "canSeeSky": true,
                "biomes" : [
                    "#cobblemon:is_sky"
                ]
            }
        }
    ]
}