{
    "enabled": false,
    "neededInstalledMods": [],
    "neededUninstalledMods": [],
    "spawns": [
        {
            "id": "hydron-1",
            "pokemon": "hydron",
            "type": "pokemon",
            "context": "submerged",
            "bucket": "uncommon",
            "level": "20-60",
            "weight": 0.5,
            "condition": {
				"canSeeSky": true,
                "biomes": [
                    "#minecraft:is_ocean"
                ]
            }
        },
		{
            "id": "hydron-2",
            "pokemon": "hydron",
            "type": "pokemon",
            "context": "submerged",
            "bucket": "uncommon",
            "level": "25-65",
            "weight": 2.0,
            "condition": {
				"canSeeSky": true,
                "biomes": [
                    "#minecraft:is_ocean"
                ],
                "isRaining": true
            }
        },
		{
            "id": "hydron-3",
            "pokemon": "hydron",
            "type": "pokemon",
            "context": "fishing",
            "bucket": "uncommon",
            "level": "25-65",
            "weight": 9.0,
            "condition": {
			    "canSeeSky": true,
                "biomes": [
                    "#minecraft:is_ocean"
                ],
                "isRaining": true,
                "minLureLevel": 1
            }
        }
    ]
}