{
    "enabled": true,
    "neededInstalledMods": [],
    "neededUninstalledMods": [],
    "spawns": [
        {
            "id": "isuckle-1",
            "pokemon": "isuckle",
            "presets": [
                "natural",
                "wild"
            ],
            "type": "pokemon",
            "context": "grounded",
            "bucket": "uncommon",
            "level": "4-19",
            "weight": 9.0,
            "condition": {
                "biomes": [
                    "#cobblemon:is_desert"
                ],
                "timeRange": "night"
            }
        }
    ]
}