{
    "enabled": true,
    "neededInstalledMods": [],
    "neededUninstalledMods": [],
    "spawns": [
        {
            "id": "jodoki-1",
            "pokemon": "jodoki",
            "presets": [
                "natural"
            ],
            "type": "pokemon",
            "context": "grounded",
            "bucket": "common",
            "level": "18-26",
            "weight": 1.0,
            "condition": {
                "biomes": [
                    "#cobblemon:nether/is_basalt",
                    "#cobblemon:nether/is_wasteland"
                ]
            }
        },
        {
            "id": "jodoki-2",
            "pokemon": "jodoki",
            "presets": [
                "natural"
            ],
            "type": "pokemon",
            "context": "grounded",
            "bucket": "common",
            "level": "18-26",
            "weight": 1.8,
            "condition": {
                "biomes": [
                    "#cobblemon:is_volcanic"
                ]
            }
        }
    ]
}