{
    "enabled": true,
    "neededInstalledMods": [],
    "neededUninstalledMods": [],
    "spawns": [
        {
            "id": "kamerog-1",
            "pokemon": "kamerog",
            "type": "pokemon",
            "context": "grounded",
            "bucket": "common",
            "level": "50-75",
            "weight": 0.8,
            "condition": {
                "biomes": [
                    "minecraft:nether_wastes",
                    "minecraft:basalt_deltas"
                ]
            }
        }
    ]
}