{
    "enabled": true,
    "neededInstalledMods": [],
    "neededUninstalledMods": [],
    "spawns": [
        {
            "id": "kamikiku-1",
            "pokemon": "kamikiku",
            "presets": [
                "natural",
                "wild"
            ],
            "type": "pokemon",
            "context": "grounded",
            "bucket": "uncommon",
            "level": "17-34",
            "weight": 4.8,
            "condition": {
                "biomes": [
                    "#cobblemon:is_spooky"
                ],
                "timeRange": "night"
            }
        },
        {
            "id": "kamikiku-2",
            "pokemon": "kamikiku",
            "presets": [
                "natural",
                "wild"
            ],
            "type": "pokemon",
            "context": "grounded",
            "bucket": "rare",
            "level": "21-38",
            "weight": 2.0,
            "condition": {
                "biomes": [
                    "#cobblemon:is_forest"
                ],
                "timeRange": "night"
            }
        }
    ]
}