{
    "enabled": true,
    "neededInstalledMods": [],
    "neededUninstalledMods": [],
    "spawns": [
        {
            "id": "karoshicore-1",
            "pokemon": "karoshicore",
            "presets": [
                "natural",
                "village"
            ],
            "type": "pokemon",
            "context": "grounded",
            "bucket": "uncommon",
            "level": "40-45",
            "weight": 0.16,
            "condition": {
                "canSeeSky": true,
                "biomes": [
                    "#cobblemon:is_temperate",
                    "#cobblemon:is_mountain"
                ],
                "timeRange": "night"
            }
        },
        {
            "id": "karoshicore-2",
            "pokemon": "karoshicore",
            "presets": [
                "natural",
                "village"
            ],
            "type": "pokemon",
            "context": "grounded",
            "bucket": "uncommon",
            "level": "40-45",
            "weight": 0.08,
            "condition": {
                "canSeeSky": true,
                "biomes": [
                    "#cobblemon:is_temperate",
                    "#cobblemon:is_mountain"
                ],
                "timeRange": "day"
            }
        },
        {
            "id": "karoshicore-3",
            "pokemon": "karoshicore",
            "type": "pokemon",
            "context": "grounded",
            "bucket": "uncommon",
            "level": "43-45",
            "weight": 0.5,
            "condition": {
                "canSeeSky": false,
                "biomes": [
                    "#cobblemon:is_overworld"
                ],
                				"neededNearbyBlocks": [
                    "minecraft:white_bed", "minecraft:orange_bed", "minecraft:magenta_bed", "minecraft:light_blue_bed", "minecraft:yellow_bed", "minecraft:lime_bed", "minecraft:pink_bed", "minecraft:gray_bed", "minecraft:light_gray_bed", "minecraft:cyan_bed", "minecraft:purple_bed", "minecraft:blue_bed", "minecraft:brown_bed", "minecraft:green_bed", "minecraft:red_bed", "minecraft:black_bed"
                ]
            }
        }
    ]
}