{
    "enabled": true,
    "neededInstalledMods": [],
    "neededUninstalledMods": [],
    "spawns": [
        {
            "id": "karstory-1",
            "pokemon": "karstory",
            "presets": [
                "natural",
                "wild"
            ],
            "type": "pokemon",
            "context": "grounded",
            "bucket": "uncommon",
            "level": "32-58",
            "weight": 1.0,
            "condition": {
                "canSeeSky": true,
                "biomes": [
                    "#cobblemon:is_dripstone",
                    "minecraft:stony_peaks"
                ]
            },
            "anticondition": {
                "biomes": [
                    "minecraft:dripstone_caves"
                ]
            }
        },
        {
            "id": "karstory-2",
            "pokemon": "karstory",
            "presets": [
                "natural",
                "wild"
            ],
            "type": "pokemon",
            "context": "grounded",
            "bucket": "uncommon",
            "level": "25-48",
            "weight": 4,
            "condition": {
                "canSeeSky": true,
                "biomes": [
                    "byg:fragment_forest"
                ]
            }
        }
    ]
}