{
    "enabled": true,
    "neededInstalledMods": [],
    "neededUninstalledMods": [],
    "spawns": [
        {
            "id": "larvern-1",
            "pokemon": "larvern",
            "presets": [
                "natural",
                "wild"
            ],            
            "type": "pokemon",
            "context": "grounded",
            "bucket": "common",
            "level": "5-25",
            "weight": 7.0,
            "condition": {
                "biomes": [
                    "#cobblemon:is_spooky",
                    "#cobblemon:is_swamp"
                ]
            }
        }
    ]
}