{
	"format_version": "1.8.0",
	"animations": {
		"animation.gematon.ground_idle": {
			"loop": true,
			"animation_length": 5.16,
			"bones": {
				"eye": {
					"position": {
						"0.0": [0, 0, 0],
						"2.16": [0, 1, 0],
						"4.2": [-1, 0, 0],
						"5.16": [0, 0, 0]
					}
				},
				"eye2": {
					"position": {
						"0.0": [0, 0, 0],
						"2.16": [0, 1, 0],
						"4.2": [0, 1, 0],
						"5.16": [0, 0, 0]
					}
				},
				"arm": {
					"rotation": {
						"0.0": [0, 0, 0],
						"2.16": [-12.5, 0, 0],
						"4.16": [12.5, 0, 0],
						"5.16": [0, 0, 0]
					}
				},
				"bone4": {
					"rotation": {
						"0.0": [0, 0, 0],
						"2.16": [0, -5, 0],
						"4.16": [0, 5, 0],
						"5.16": [0, 0, 0]
					}
				},
				"arm2": {
					"rotation": {
						"0.0": [0, 0, 0],
						"2.16": [-12.5, 0, 0],
						"4.16": [12.5, 0, 0],
						"5.16": [0, 0, 0]
					}
				},
				"bone5": {
					"rotation": {
						"0.0": [0, 0, 0],
						"2.16": [0, 5, 0],
						"4.16": [0, -5, 0],
						"5.16": [0, 0, 0]
					}
				},
				"leg": {
					"rotation": {
						"0.0": [0, 0, 0],
						"4.16": [0, 0, 0],
						"5.16": [0, 0, 0]
					}
				},
				"leg2": {
					"rotation": {
						"0.0": [0, 0, 0],
						"4.16": [0, 0, 0],
						"5.16": [0, 0, 0]
					}
				},
				"leg3": {
					"rotation": {
						"0.0": [0, 0, 0],
						"4.16": [0, 0, 0],
						"5.16": [0, 0, 0]
					}
				},
				"leg4": {
					"rotation": {
						"0.0": [0, 0, 0],
						"4.16": [0, 0, 0],
						"5.16": [0, 0, 0]
					}
				}
			}
		},
		"animation.gematon.ground_walk": {
			"loop": true,
			"animation_length": 0.48,
			"bones": {
				"eye": {
					"position": {
						"0.0": [0, 0, 0],
						"0.48": [0, 0, 0]
					}
				},
				"eye2": {
					"rotation": {
						"0.0": [0, 0, 0],
						"0.48": [0, 0, 0]
					},
					"position": {
						"0.0": [0, 0, 0],
						"0.48": [0, 0, 0]
					}
				},
				"bone4": {
					"rotation": {
						"0.0": [0, 0, 0],
						"0.12": [-22.5, 0, 0],
						"0.24": [0, 0, 0],
						"0.36": [22.5, 0, 0],
						"0.48": [0, 0, 0]
					}
				},
				"bone5": {
					"rotation": {
						"0.0": [0, 0, 0],
						"0.12": [22.5, 0, 0],
						"0.24": [0, 0, 0],
						"0.36": [-22.5, 0, 0],
						"0.48": [0, 0, 0]
					}
				},
				"leg": {
					"rotation": {
						"0.0": [25, 0, 0],
						"0.12": [0, 0, 0],
						"0.24": [-25, 0, 0],
						"0.36": [0, 0, 0],
						"0.48": [25, 0, 0]
					}
				},
				"leg2": {
					"rotation": {
						"0.0": [25, 0, 0],
						"0.12": [0, 0, 0],
						"0.24": [-25, 0, 0],
						"0.36": [0, 0, 0],
						"0.48": [25, 0, 0]
					}
				},
				"leg3": {
					"rotation": {
						"0.0": [-25, 0, 0],
						"0.12": [0, 0, 0],
						"0.24": [25, 0, 0],
						"0.36": [0, 0, 0],
						"0.48": [-25, 0, 0]
					}
				},
				"leg4": {
					"rotation": {
						"0.0": [-25, 0, 0],
						"0.12": [0, 0, 0],
						"0.24": [25, 0, 0],
						"0.36": [0, 0, 0],
						"0.48": [-25, 0, 0]
					}
				}
			}
		}
	}
}