{
	"format_version": "1.8.0",
	"animations": {
		"animation.chansey.ground_idle": {
			"loop": true,
			"bones": {
				"left_arm": {
					"rotation": ["31.957+3*math.cos(q.anim_time*90*2-60)*1", 2.84221, "60.9912+3*math.cos(q.anim_time*90*2-30)*1"]
				},
				"right_arm": {
					"rotation": ["32.003-3*math.cos(q.anim_time*90*2-60)*1", -2.62111, "-61.3458+3*math.cos(q.anim_time*90*2-30)*1"]
				},
				"torso": {
					"rotation": ["-1*math.cos(q.anim_time*90*4-60)*1", "1*math.cos(q.anim_time*90*2-30)*1", "-1*math.cos(q.anim_time*90*2+60)*1"]
				},
				"head": {
					"rotation": ["-1*math.cos(q.anim_time*90*4-90)*0.5", "-1*math.cos(q.anim_time*90*2-60)*0.5", 0]
				},
				"left_tendril_front": {
					"rotation": [0, 0, "-(2*math.sin(q.anim_time*90*4-30)*1)"]
				},
				"left_tendril_front2": {
					"rotation": [0, 0, "-(1*math.sin(q.anim_time*90*4-80)*1)"]
				},
				"left_tendril_middle": {
					"rotation": [0, 0, "-(2*math.sin(q.anim_time*90*4-50)*1)"]
				},
				"left_tendril_middle2": {
					"rotation": [0, 0, "-(1*math.sin(q.anim_time*90*4-110)*1)"]
				},
				"left_tendril_back": {
					"rotation": [0, 0, "-(2*math.sin(q.anim_time*90*4-70)*1)"]
				},
				"left_tendril_back2": {
					"rotation": [0, 0, "-(1*math.sin(q.anim_time*90*4-140)*1)"]
				},
				"right_tendril_front": {
					"rotation": [0, 0, "2*math.sin(q.anim_time*90*4-30)*1"]
				},
				"right_tendril_front2": {
					"rotation": [0, 0, "1*math.sin(q.anim_time*90*4-80)*1"]
				},
				"right_tendril_middle": {
					"rotation": [0, 0, "2*math.sin(q.anim_time*90*4-50)*1"]
				},
				"right_tendril_middle2": {
					"rotation": [0, 0, "1*math.sin(q.anim_time*90*4-110)*1"]
				},
				"right_tendril_back": {
					"rotation": [0, 0, "2*math.sin(q.anim_time*90*4-70)*1"]
				},
				"right_tendril_back2": {
					"rotation": [0, 0, "1*math.sin(q.anim_time*90*4-140)*1"]
				},
				"tail1": {
					"rotation": ["-1*math.cos(q.anim_time*90*4-90)*1", "7*math.cos(q.anim_time*90*2-90)*1", "-1*math.cos(q.anim_time*90*2+60)*1"]
				},
				"tail2": {
					"rotation": ["-2*math.cos(q.anim_time*90*4-90)*1", "7*math.cos(q.anim_time*90*2-140)*1", "-1*math.cos(q.anim_time*90*2+90)*1"]
				},
				"pouch": {
					"rotation": ["4-1*math.cos(q.anim_time*90*4-150)*1", 0, 0]
				},
				"egg_torso": {
					"rotation": ["-1*math.cos(q.anim_time*90*4-60)*1", "1*math.cos(q.anim_time*90*2-30)*1", "-1*math.cos(q.anim_time*90*2+60)*1"]
				},
				"egg_pouch": {
					"rotation": ["4-1*math.cos(q.anim_time*90*4-150)*1", 0, 0]
				}
			}
		},
		"animation.chansey.ground_walk": {
			"loop": true,
			"animation_length": 1.3333,
			"bones": {
				"torso": {
					"rotation": ["2-1*math.cos(q.anim_time*90*6-30)*1", "-4*math.cos(q.anim_time*90*3)*1", "3*math.cos(q.anim_time*90*3-30)*1"],
					"position": [0, "-1+0.4*math.cos(q.anim_time*90*6+90)*1", 0]
				},
				"head": {
					"rotation": ["-2-1*math.cos(q.anim_time*90*6-40)*1", "1*math.cos(q.anim_time*90*3)*1", "1*math.cos(q.anim_time*90*3-50)*1"]
				},
				"left_tendril_front": {
					"rotation": ["5*math.sin(q.anim_time*90*3-30)*1", "-5*math.sin(q.anim_time*90*3-30)*1", "1*math.sin(q.anim_time*90*6-30)*1"]
				},
				"left_tendril_front2": {
					"rotation": [0, "-5*math.sin(q.anim_time*90*3-60)*1", 0]
				},
				"left_tendril_middle": {
					"rotation": ["5*math.sin(q.anim_time*90*3-50)*1", "-5*math.sin(q.anim_time*90*3-50)*1", "1*math.sin(q.anim_time*90*6-50)*1"]
				},
				"left_tendril_middle2": {
					"rotation": [0, "-5*math.sin(q.anim_time*90*3-80)*1", 0]
				},
				"left_tendril_back": {
					"rotation": ["5*math.sin(q.anim_time*90*3-70)*1", "-5*math.sin(q.anim_time*90*3-70)*1", "1*math.sin(q.anim_time*90*6-70)*1"]
				},
				"left_tendril_back2": {
					"rotation": [0, "-5*math.sin(q.anim_time*90*3-100)*1", 0]
				},
				"right_tendril_front": {
					"rotation": ["5*math.sin(q.anim_time*90*3-30)*1", "-5*math.sin(q.anim_time*90*3-30)*1", "-1*math.sin(q.anim_time*90*6-30)*1"]
				},
				"right_tendril_front2": {
					"rotation": [0, "-5*math.sin(q.anim_time*90*3-60)*1", 0]
				},
				"right_tendril_middle": {
					"rotation": ["5*math.sin(q.anim_time*90*3-50)*1", "-5*math.sin(q.anim_time*90*3-50)*1", "-1*math.sin(q.anim_time*90*6-50)*1"]
				},
				"right_tendril_middle2": {
					"rotation": [0, "-5*math.sin(q.anim_time*90*3-80)*1", 0]
				},
				"right_tendril_back": {
					"rotation": ["5*math.sin(q.anim_time*90*3-70)*1", "-5*math.sin(q.anim_time*90*3-70)*1", "-1*math.sin(q.anim_time*90*6-70)*1"]
				},
				"right_tendril_back2": {
					"rotation": [0, "-5*math.sin(q.anim_time*90*3-100)*1", 0]
				},
				"tail1": {
					"rotation": ["-2.0026+3*math.cos(q.anim_time*90*6-30)*1", "-6.8376*math.cos(q.anim_time*90*3-60)*1", "0.5*math.cos(q.anim_time*90*3-30)*1"]
				},
				"tail2": {
					"rotation": ["2*math.cos(q.anim_time*90*6-60)*1", "-7.8376*math.cos(q.anim_time*90*3-120)*1", "1*math.cos(q.anim_time*90*3-60)*1"]
				},
				"left_arm": {
					"rotation": [45, "-3*math.cos(q.anim_time*90*3-30)*1", 50]
				},
				"right_arm": {
					"rotation": [45, "-3*math.cos(q.anim_time*90*3-30)*1", -50]
				},
				"pouch": {
					"rotation": ["4-2*math.cos(q.anim_time*90*6-90)*1", 0, 0]
				},
				"left_foot": {
					"rotation": {
						"0.0": [0, 0, 0],
						"0.1667": {
							"pre": [11, 0, 0],
							"post": [11, 0, 0],
							"lerp_mode": "catmullrom"
						},
						"0.2917": {
							"post": [17, 0, 0],
							"lerp_mode": "catmullrom"
						},
						"0.4167": {
							"post": [-4.8, 0, 0],
							"lerp_mode": "catmullrom"
						},
						"0.5833": {
							"post": [-9.76, 0, 0],
							"lerp_mode": "catmullrom"
						},
						"0.6667": [0, 0, 0],
						"1.3333": [0, 0, 0]
					},
					"position": {
						"0.0": [0, 0, 4.2],
						"0.1667": {
							"pre": [0, 0.4, 3.4],
							"post": [0, 0.4, 3.4],
							"lerp_mode": "catmullrom"
						},
						"0.2917": {
							"post": [0, 1.2, 1.7],
							"lerp_mode": "catmullrom"
						},
						"0.4167": {
							"post": [0, 0.34, -1.8],
							"lerp_mode": "catmullrom"
						},
						"0.6667": [0, 0, -3],
						"1.3333": [0, 0, 4.2]
					}
				},
				"left_toes": {
					"rotation": {
						"0.0": {
							"post": [0, 0, 0],
							"lerp_mode": "catmullrom"
						},
						"0.125": {
							"post": [-13, 0, 0],
							"lerp_mode": "catmullrom"
						},
						"0.2917": {
							"post": [-6, 0, 0],
							"lerp_mode": "catmullrom"
						},
						"0.4167": {
							"post": [0, 0, 0],
							"lerp_mode": "catmullrom"
						},
						"0.5": {
							"post": [-6, 0, 0],
							"lerp_mode": "catmullrom"
						},
						"0.6667": {
							"post": [0, 0, 0],
							"lerp_mode": "catmullrom"
						},
						"1.3333": {
							"post": [0, 0, 0],
							"lerp_mode": "catmullrom"
						}
					}
				},
				"right_foot": {
					"rotation": {
						"0.0": [0, 0, 0],
						"0.6667": [0, 0, 0],
						"0.8333": {
							"pre": [11, 0, 0],
							"post": [11, 0, 0],
							"lerp_mode": "catmullrom"
						},
						"0.9583": {
							"post": [17, 0, 0],
							"lerp_mode": "catmullrom"
						},
						"1.0833": {
							"post": [-4.8, 0, 0],
							"lerp_mode": "catmullrom"
						},
						"1.25": {
							"post": [-9.76, 0, 0],
							"lerp_mode": "catmullrom"
						},
						"1.3333": [0, 0, 0]
					},
					"position": {
						"0.0": [0, 0, -3],
						"0.6667": [0, 0, 4.2],
						"0.8333": {
							"pre": [0, 0.4, 3.4],
							"post": [0, 0.4, 3.4],
							"lerp_mode": "catmullrom"
						},
						"0.9583": {
							"post": [0, 1.2, 1.7],
							"lerp_mode": "catmullrom"
						},
						"1.0833": {
							"post": [0, 0.34, -1.8],
							"lerp_mode": "catmullrom"
						},
						"1.3333": [0, 0, -3]
					}
				},
				"right_toes": {
					"rotation": {
						"0.0": {
							"post": [0, 0, 0],
							"lerp_mode": "catmullrom"
						},
						"0.6667": {
							"post": [0, 0, 0],
							"lerp_mode": "catmullrom"
						},
						"0.7917": {
							"post": [-13, 0, 0],
							"lerp_mode": "catmullrom"
						},
						"0.9583": {
							"post": [-6, 0, 0],
							"lerp_mode": "catmullrom"
						},
						"1.0833": {
							"post": [0, 0, 0],
							"lerp_mode": "catmullrom"
						},
						"1.1667": {
							"post": [-6, 0, 0],
							"lerp_mode": "catmullrom"
						},
						"1.3333": {
							"post": [0, 0, 0],
							"lerp_mode": "catmullrom"
						}
					}
				},
				"egg_torso": {
					"rotation": ["-2-1*math.cos(q.anim_time*90*6-30)*1", "-4*math.cos(q.anim_time*90*3)*1", "3*math.cos(q.anim_time*90*3-30)*1"],
					"position": [0, "-1+0.4*math.cos(q.anim_time*90*6+90)*1", 0]
				},
				"egg_pouch": {
					"rotation": ["4-2*math.cos(q.anim_time*90*6-90)*1", 0, 0]
				}
			}
		},
		"animation.chansey.ground_run": {
			"loop": true,
			"animation_length": 1,
			"bones": {
				"left_arm": {
					"rotation": [45, 5, 50]
				},
				"right_arm": {
					"rotation": [45, -5, -50]
				},
				"torso": {
					"rotation": ["-4.5619-2*math.cos(q.anim_time*90*8-30)*1", "7.9528*math.cos(q.anim_time*90*4)*1", "-3.8679*math.cos(q.anim_time*90*4+30)*1"],
					"position": [0, "-0.9-0.5*math.cos(q.anim_time*90*8-120)*1", 0]
				},
				"left_tendril_front": {
					"rotation": ["-5*math.cos(q.anim_time*90*4-50)*1", "8.8354*math.cos(q.anim_time*90*4-50)*1", "-4.0068*math.cos(q.anim_time*90*8-50)*1"]
				},
				"left_tendril_front2": {
					"rotation": ["-2*math.cos(q.anim_time*90*4-80)*1", "-2*math.cos(q.anim_time*90*4-80)*1", "1*math.cos(q.anim_time*90*8-80)*1"]
				},
				"left_tendril_middle": {
					"rotation": ["-5*math.cos(q.anim_time*90*4-70)*1", "8.8354*math.cos(q.anim_time*90*4-70)*1", "-4.0068*math.cos(q.anim_time*90*8-70)*1"]
				},
				"left_tendril_middle2": {
					"rotation": ["-2*math.cos(q.anim_time*90*4-100)*1", "-2*math.cos(q.anim_time*90*4-100)*1", "1*math.cos(q.anim_time*90*8-100)*1"]
				},
				"left_tendril_back": {
					"rotation": ["-5*math.cos(q.anim_time*90*4-90)*1", "8.8354*math.cos(q.anim_time*90*4-90)*1", "-4.0068*math.cos(q.anim_time*90*8-90)*1"]
				},
				"left_tendril_back2": {
					"rotation": ["-2*math.cos(q.anim_time*90*4-120)*1", "-2*math.cos(q.anim_time*90*4-120)*1", "1*math.cos(q.anim_time*90*8-120)*1"]
				},
				"right_tendril_front": {
					"rotation": ["5*math.cos(q.anim_time*90*4-50)*1", "8.8354*math.cos(q.anim_time*90*4-50)*1", "4.0068*math.cos(q.anim_time*90*8-50)*1"]
				},
				"right_tendril_front2": {
					"rotation": ["2*math.cos(q.anim_time*90*4-80)*1", "2*math.cos(q.anim_time*90*4-80)*1", "1*math.cos(q.anim_time*90*8-80)*1"]
				},
				"right_tendril_middle": {
					"rotation": ["5*math.cos(q.anim_time*90*4-70)*1", "8.8354*math.cos(q.anim_time*90*4-70)*1", "4.0068*math.cos(q.anim_time*90*8-70)*1"]
				},
				"right_tendril_middle2": {
					"rotation": ["2*math.cos(q.anim_time*90*4-100)*1", "2*math.cos(q.anim_time*90*4-100)*1", "1*math.cos(q.anim_time*90*8-100)*1"]
				},
				"right_tendril_back": {
					"rotation": ["5*math.cos(q.anim_time*90*4-90)*1", "8.8354*math.cos(q.anim_time*90*4-90)*1", "4.0068*math.cos(q.anim_time*90*8-90)*1"]
				},
				"right_tendril_back2": {
					"rotation": ["2*math.cos(q.anim_time*90*4-120)*1", "2*math.cos(q.anim_time*90*4-120)*1", "1*math.cos(q.anim_time*90*8-120)*1"]
				},
				"tail1": {
					"rotation": ["-2.0026+7*math.cos(q.anim_time*90*8-30)*1", "6.8376*math.cos(q.anim_time*90*4-60)*1", "-0.5*math.cos(q.anim_time*90*4-30)*1"]
				},
				"tail2": {
					"rotation": ["2*math.cos(q.anim_time*90*8-60)*1", "7.8376*math.cos(q.anim_time*90*4-120)*1", "-1*math.cos(q.anim_time*90*4-60)*1"]
				},
				"pouch": {
					"rotation": ["3-3*math.cos(q.anim_time*90*8-90)*1", 0, "0+1*math.cos(q.anim_time*90*4-90)*1"]
				},
				"left_foot": {
					"rotation": {
						"0.0": [0, 8, 0],
						"0.5": [0, 8, 0],
						"0.5833": {
							"pre": [13.61, 8, 0],
							"post": [13.61, 8, 0],
							"lerp_mode": "catmullrom"
						},
						"0.6667": {
							"post": [14.1032, 8, 0],
							"lerp_mode": "catmullrom"
						},
						"0.7917": {
							"post": [0.2, 8, 0],
							"lerp_mode": "catmullrom"
						},
						"0.9167": {
							"post": [-11.3715, 8, -1.40846],
							"lerp_mode": "catmullrom"
						},
						"1.0": [0, 8, 0]
					},
					"position": {
						"0.0": [0, 0, -3.7],
						"0.5": [0, 0, 5.3],
						"0.5833": {
							"pre": [0, 0.54, 4.1],
							"post": [0, 0.54, 4.1],
							"lerp_mode": "catmullrom"
						},
						"0.6667": {
							"post": [0, 0.7, 2.8],
							"lerp_mode": "catmullrom"
						},
						"0.7917": {
							"post": [0, 0.6, 0.2],
							"lerp_mode": "catmullrom"
						},
						"0.9167": {
							"post": [0, 0.33, -2.85],
							"lerp_mode": "catmullrom"
						},
						"1.0": [0, 0, -3.7]
					}
				},
				"left_toes": {
					"rotation": {
						"0.0": [0, 0, 0],
						"0.5": {
							"pre": [0, 0, 0],
							"post": [0, 0, 0],
							"lerp_mode": "catmullrom"
						},
						"0.5833": {
							"post": [-14, 0, 0],
							"lerp_mode": "catmullrom"
						},
						"0.6667": [0, 0, 0],
						"0.7917": {
							"pre": [-1, 0, 0],
							"post": [-1, 0, 0],
							"lerp_mode": "catmullrom"
						},
						"0.9167": {
							"post": [-16, 0, 0],
							"lerp_mode": "catmullrom"
						},
						"1.0": {
							"post": [0, 0, 0],
							"lerp_mode": "catmullrom"
						}
					}
				},
				"right_foot": {
					"rotation": {
						"0.0": [0, -8, 0],
						"0.0833": {
							"pre": [13.61, -8, 0],
							"post": [13.61, -8, 0],
							"lerp_mode": "catmullrom"
						},
						"0.1667": {
							"post": [14.1032, -8, 0],
							"lerp_mode": "catmullrom"
						},
						"0.2917": {
							"post": [0.2, -8, 0],
							"lerp_mode": "catmullrom"
						},
						"0.4167": {
							"post": [-11.3715, -8, 1.40846],
							"lerp_mode": "catmullrom"
						},
						"0.5": [0, -8, 0],
						"1.0": [0, -8, 0]
					},
					"position": {
						"0.0": [0, 0, 5.3],
						"0.0833": {
							"pre": [0, 0.54, 4.1],
							"post": [0, 0.54, 4.1],
							"lerp_mode": "catmullrom"
						},
						"0.1667": {
							"post": [0, 0.7, 2.8],
							"lerp_mode": "catmullrom"
						},
						"0.2917": {
							"post": [0, 0.6, 0.2],
							"lerp_mode": "catmullrom"
						},
						"0.4167": {
							"post": [0, 0.33, -2.85],
							"lerp_mode": "catmullrom"
						},
						"0.5": [0, 0, -3.7],
						"1.0": [0, 0, 5.3]
					}
				},
				"right_toes": {
					"rotation": {
						"0.0": {
							"post": [0, 0, 0],
							"lerp_mode": "catmullrom"
						},
						"0.0833": {
							"post": [-14, 0, 0],
							"lerp_mode": "catmullrom"
						},
						"0.1667": [0, 0, 0],
						"0.2917": {
							"pre": [-1, 0, 0],
							"post": [-1, 0, 0],
							"lerp_mode": "catmullrom"
						},
						"0.4167": {
							"post": [-16, 0, 0],
							"lerp_mode": "catmullrom"
						},
						"0.5": [0, 0, 0],
						"1.0": [0, 0, 0]
					}
				},
				"egg_torso": {
					"rotation": ["-4.5619-2*math.cos(q.anim_time*90*8-30)*1", "7.9528*math.cos(q.anim_time*90*4)*1", "-3.8679*math.cos(q.anim_time*90*4+30)*1"],
					"position": [0, "-0.9-0.5*math.cos(q.anim_time*90*8-120)*1", 0]
				},
				"egg_pouch": {
					"rotation": ["3-3*math.cos(q.anim_time*90*8-90)*1", 0, "0+1*math.cos(q.anim_time*90*4-90)*1"]
				}
			}
		},
		"animation.chansey.ground_sleep": {
			"loop": true,
			"bones": {
				"left_arm": {
					"rotation": [46.55392, "-14.013-5*math.cos(q.anim_time*90*1-90)*1", 30.6787]
				},
				"right_arm": {
					"rotation": [46.55392, "14.013+5*math.cos(q.anim_time*90*1-90)*1", -30.6787]
				},
				"torso": {
					"rotation": ["2+1*math.cos(q.anim_time*90*1-30)*1", 0, 0],
					"position": [0, -2.6, 0]
				},
				"head": {
					"rotation": ["4+2*math.cos(q.anim_time*90*1-90)*1", 0, 0]
				},
				"left_tendril_front": {
					"rotation": [0, 0, "3*math.cos(q.anim_time*90*1-120)*1"]
				},
				"left_tendril_front2": {
					"rotation": [0, 0, "5+1*math.cos(q.anim_time*90*1-150)*1"]
				},
				"left_tendril_middle": {
					"rotation": [0, 0, "3*math.cos(q.anim_time*90*1-110)*1"]
				},
				"left_tendril_middle2": {
					"rotation": [0, 0, "5+1*math.cos(q.anim_time*90*1-140)*1"]
				},
				"left_tendril_back": {
					"rotation": [0, 0, "3*math.cos(q.anim_time*90*1-130)*1"]
				},
				"left_tendril_back2": {
					"rotation": [0, 0, "5+1*math.cos(q.anim_time*90*1-180)*1"]
				},
				"right_tendril_front": {
					"rotation": [0, 0, "-3*math.cos(q.anim_time*90*1-120)*1"]
				},
				"right_tendril_front2": {
					"rotation": [0, 0, "-5-1*math.cos(q.anim_time*90*1-150)*1"]
				},
				"right_tendril_middle": {
					"rotation": [0, 0, "-3*math.cos(q.anim_time*90*1-110)*1"]
				},
				"right_tendril_middle2": {
					"rotation": [0, 0, "-5-1*math.cos(q.anim_time*90*1-140)*1"]
				},
				"right_tendril_back": {
					"rotation": [0, 0, "-3*math.cos(q.anim_time*90*1-130)*1"]
				},
				"right_tendril_back2": {
					"rotation": [0, 0, "-5-1*math.cos(q.anim_time*90*1-180)*1"]
				},
				"eyes_closed": {
					"position": [0, 0, -0.1]
				},
				"tail1": {
					"rotation": ["-37-2*math.cos(q.anim_time*90*1-30)*1", "2*math.cos(q.anim_time*90*1-90)*1", 0]
				},
				"tail2": {
					"rotation": ["-7.1387+2*math.cos(q.anim_time*90*1-30)*1", "-25.6433+3*math.cos(q.anim_time*90*1-150)*1", -3.96894]
				},
				"pouch": {
					"rotation": ["-3*math.cos(q.anim_time*90*1-30)*1", 0, 0]
				},
				"left_foot": {
					"rotation": ["-67+5*math.cos(q.anim_time*90*1-80)*1", -18, 0],
					"position": [2.6, 0, -9]
				},
				"left_toes": {
					"rotation": ["-5-5*math.cos(q.anim_time*90*1+90)*1", 0, 0]
				},
				"right_foot": {
					"rotation": ["-67+5*math.cos(q.anim_time*90*1-80)*1", 18, 0],
					"position": [-2.6, 0, -9]
				},
				"right_toes": {
					"rotation": ["-5+5*math.cos(q.anim_time*90*1-90)*1", 0, 0]
				},
				"egg_torso": {
					"rotation": ["1+1*math.cos(q.anim_time*90*1-30)*1", 0, 0],
					"position": [0, -2.6, 0]
				},
				"egg_pouch": {
					"rotation": ["-3*math.cos(q.anim_time*90*1-30)*1", 0, 0]
				}
			}
		},
		"animation.chansey.battle_idle": {
			"loop": true,
			"animation_length": 2,
			"bones": {
				"head": {
					"rotation": ["-2+1*math.sin(q.anim_time*90*4-10)*1", 0, "1*math.sin(q.anim_time*90*2)*1"]
				},
				"left_tendril_front": {
					"rotation": ["5*math.sin(q.anim_time*90*2-30)*1", "-5*math.sin(q.anim_time*90*2-30)*1", "1*math.sin(q.anim_time*90*4-30)*1"]
				},
				"left_arm": {
					"rotation": [45, "5-2*math.cos(q.anim_time*90*4-120)*1", 50]
				},
				"right_arm": {
					"rotation": [45, "-5+2*math.cos(q.anim_time*90*4-120)*1", -50]
				},
				"torso": {
					"rotation": ["4+1*math.sin(q.anim_time*90*4+20)*1", "0-1*math.sin(q.anim_time*90*2-30)*1", "0+2*math.sin(q.anim_time*90*2)*1"],
					"position": [0, "0.1-0.1*math.cos(q.anim_time*90*4)*1", 0]
				},
				"right_eye": {
					"position": [0, 0, 0]
				},
				"left_tendril_front2": {
					"rotation": [0, "-5*math.sin(q.anim_time*90*2-60)*1", 0]
				},
				"left_tendril_middle": {
					"rotation": ["5*math.sin(q.anim_time*90*2-50)*1", "-5*math.sin(q.anim_time*90*2-50)*1", "1*math.sin(q.anim_time*90*4-50)*1"]
				},
				"left_tendril_middle2": {
					"rotation": [0, "-5*math.sin(q.anim_time*90*2-80)*1", 0]
				},
				"left_tendril_back": {
					"rotation": ["5*math.sin(q.anim_time*90*2-70)*1", "-5*math.sin(q.anim_time*90*2-70)*1", "1*math.sin(q.anim_time*90*4-70)*1"]
				},
				"left_tendril_back2": {
					"rotation": [0, "-5*math.sin(q.anim_time*90*2-100)*1", 0]
				},
				"right_tendril_front": {
					"rotation": ["5*math.sin(q.anim_time*90*2-30)*1", "-5*math.sin(q.anim_time*90*2-30)*1", "-1*math.sin(q.anim_time*90*4-30)*1"]
				},
				"right_tendril_front2": {
					"rotation": [0, "-5*math.sin(q.anim_time*90*2-60)*1", 0]
				},
				"right_tendril_middle": {
					"rotation": ["5*math.sin(q.anim_time*90*2-50)*1", "-5*math.sin(q.anim_time*90*2-50)*1", "-1*math.sin(q.anim_time*90*4-50)*1"]
				},
				"right_tendril_middle2": {
					"rotation": [0, "-5*math.sin(q.anim_time*90*2-80)*1", 0]
				},
				"right_tendril_back": {
					"rotation": ["5*math.sin(q.anim_time*90*2-70)*1", "-5*math.sin(q.anim_time*90*2-70)*1", "-1*math.sin(q.anim_time*90*4-70)*1"]
				},
				"right_tendril_back2": {
					"rotation": [0, "-5*math.sin(q.anim_time*90*2-100)*1", 0]
				},
				"tail1": {
					"rotation": ["-3*math.sin(q.anim_time*90*4-60)*1", "8*math.sin(q.anim_time*90*2-20)*1", 0]
				},
				"tail2": {
					"rotation": [0, "8*math.sin(q.anim_time*90*2-100)*1", 0]
				},
				"pouch": {
					"rotation": ["1*math.sin(q.anim_time*90*4-60)*1", 0, 0]
				},
				"left_foot": {
					"rotation": {
						"0.0": {
							"post": [0, 0, 0],
							"lerp_mode": "catmullrom"
						},
						"1.0": {
							"post": [0, 0, 0],
							"lerp_mode": "catmullrom"
						},
						"1.5": {
							"post": [10, 0, 0],
							"lerp_mode": "catmullrom"
						},
						"2.0": {
							"post": [0, 0, 0],
							"lerp_mode": "catmullrom"
						}
					},
					"position": {
						"0.0": {
							"post": [0, 0, 0],
							"lerp_mode": "catmullrom"
						},
						"1.0": {
							"post": [0, 0, 0],
							"lerp_mode": "catmullrom"
						},
						"1.5": {
							"post": [0.125, 0.475, -0.375],
							"lerp_mode": "catmullrom"
						},
						"2.0": {
							"post": [0, 0, 0],
							"lerp_mode": "catmullrom"
						}
					}
				},
				"left_toes": {
					"rotation": {
						"0.0": {
							"post": [0, 0, 0],
							"lerp_mode": "catmullrom"
						},
						"1.0": {
							"post": [0, 0, 0],
							"lerp_mode": "catmullrom"
						},
						"1.5": {
							"post": [-10, 0, 0],
							"lerp_mode": "catmullrom"
						},
						"2.0": {
							"post": [0, 0, 0],
							"lerp_mode": "catmullrom"
						}
					}
				},
				"right_foot": {
					"rotation": {
						"0.0": {
							"post": [0, 0, 0],
							"lerp_mode": "catmullrom"
						},
						"0.5": {
							"post": [10, 0, 0],
							"lerp_mode": "catmullrom"
						},
						"1.0": {
							"post": [0, 0, 0],
							"lerp_mode": "catmullrom"
						}
					},
					"position": {
						"0.0": {
							"post": [0, 0, 0],
							"lerp_mode": "catmullrom"
						},
						"0.5": {
							"post": [-0.125, 0.475, -0.375],
							"lerp_mode": "catmullrom"
						},
						"1.0": {
							"post": [0, 0, 0],
							"lerp_mode": "catmullrom"
						}
					}
				},
				"right_toes": {
					"rotation": {
						"0.0": {
							"post": [0, 0, 0],
							"lerp_mode": "catmullrom"
						},
						"0.5": {
							"post": [-10, 0, 0],
							"lerp_mode": "catmullrom"
						},
						"1.0": {
							"post": [0, 0, 0],
							"lerp_mode": "catmullrom"
						}
					}
				},
				"egg_torso": {
					"rotation": ["5+1*math.sin(q.anim_time*90*4+20)*1", "0-1*math.sin(q.anim_time*90*2-30)*1", "0+2*math.sin(q.anim_time*90*2)*1"],
					"position": [0, "0.1-0.1*math.cos(q.anim_time*90*4)*1", 0]
				},
				"egg_pouch": {
					"rotation": ["1*math.sin(q.anim_time*90*4-60)*1", 0, 0]
				}
			}
		},
		"animation.chansey.faint": {
			"loop": "hold_on_last_frame",
			"animation_length": 3.5,
			"bones": {
				"left_arm": {
					"rotation": {
						"0.0": {
							"post": [45, 5, 50],
							"lerp_mode": "catmullrom"
						},
						"0.1667": {
							"post": [44.81059, -0.49337, 44.53077],
							"lerp_mode": "catmullrom"
						},
						"0.2917": {
							"post": [45.81059, -0.49337, 44.53077],
							"lerp_mode": "catmullrom"
						},
						"0.5417": {
							"post": [32.63169, -0.9767, 44.033],
							"lerp_mode": "catmullrom"
						},
						"0.7083": {
							"post": [12.63169, -0.9767, 44.033],
							"lerp_mode": "catmullrom"
						},
						"0.875": {
							"post": [14.61836, -0.9767, 44.033],
							"lerp_mode": "catmullrom"
						},
						"1.125": {
							"post": [14.5205, -0.9767, 44.033],
							"lerp_mode": "catmullrom"
						},
						"1.4583": {
							"post": [37.52753, -5.48269, 46.16708],
							"lerp_mode": "catmullrom"
						},
						"1.7083": {
							"post": [21.31558, -11.9144, 50.23986],
							"lerp_mode": "catmullrom"
						},
						"1.875": {
							"post": [14.31558, -11.9144, 50.23986],
							"lerp_mode": "catmullrom"
						},
						"2.0417": {
							"post": [17.31558, -11.9144, 50.23986],
							"lerp_mode": "catmullrom"
						},
						"2.1667": {
							"post": [14.31558, -11.9144, 50.23986],
							"lerp_mode": "catmullrom"
						},
						"2.3333": {
							"post": [6.95112, -11.9144, 50.23986],
							"lerp_mode": "catmullrom"
						},
						"2.6667": {
							"post": [58.03402, -22.7309, 20.72167],
							"lerp_mode": "catmullrom"
						},
						"3.0": [57.34427, -21.66178, 22.54726]
					}
				},
				"right_arm": {
					"rotation": {
						"0.0": {
							"post": [45, -5, -50],
							"lerp_mode": "catmullrom"
						},
						"0.1667": {
							"post": [44.81059, 0.49337, -44.53077],
							"lerp_mode": "catmullrom"
						},
						"0.2917": {
							"post": [45.81059, 0.49337, -44.53077],
							"lerp_mode": "catmullrom"
						},
						"0.5417": {
							"post": [32.63169, 0.9767, -44.033],
							"lerp_mode": "catmullrom"
						},
						"0.7083": {
							"post": [12.63169, 0.9767, -44.033],
							"lerp_mode": "catmullrom"
						},
						"0.875": {
							"post": [14.61836, 0.9767, -44.033],
							"lerp_mode": "catmullrom"
						},
						"1.125": {
							"post": [14.5205, 0.9767, -44.033],
							"lerp_mode": "catmullrom"
						},
						"1.4583": {
							"post": [37.52753, 5.48269, -46.16708],
							"lerp_mode": "catmullrom"
						},
						"1.7083": {
							"post": [21.31558, 11.9144, -50.23986],
							"lerp_mode": "catmullrom"
						},
						"1.875": {
							"post": [14.31558, 11.9144, -50.23986],
							"lerp_mode": "catmullrom"
						},
						"2.0417": {
							"post": [17.31558, 11.9144, -50.23986],
							"lerp_mode": "catmullrom"
						},
						"2.1667": {
							"post": [14.31558, 11.9144, -50.23986],
							"lerp_mode": "catmullrom"
						},
						"2.3333": {
							"post": [6.95112, 11.9144, -50.23986],
							"lerp_mode": "catmullrom"
						},
						"2.6667": {
							"post": [58.03402, 22.7309, -20.72167],
							"lerp_mode": "catmullrom"
						},
						"3.0": [57.34427, 21.66178, -22.54726]
					}
				},
				"body": {
					"rotation": {
						"1.4167": [0, 0, 0],
						"1.5417": {
							"pre": [-8, 0, 0],
							"post": [-8, 0, 0],
							"lerp_mode": "catmullrom"
						},
						"1.6667": {
							"post": [-17.97692, -0.92667, -2.85342],
							"lerp_mode": "catmullrom"
						},
						"1.8333": {
							"post": [-31, 0, 0],
							"lerp_mode": "catmullrom"
						},
						"2.25": {
							"post": [-30.86123, 3.08608, 5.14799],
							"lerp_mode": "catmullrom"
						},
						"2.4583": {
							"post": [-4, 0, 0],
							"lerp_mode": "catmullrom"
						},
						"2.6667": {
							"post": [-1.0553, -0.22343, -0.3727],
							"lerp_mode": "catmullrom"
						},
						"3.0417": {
							"post": [-4.25, 0, 0],
							"lerp_mode": "catmullrom"
						},
						"3.5": [-4, 0, 0]
					},
					"position": {
						"1.4167": [0, 0, 0],
						"1.5417": {
							"pre": [0, 1.5, 1.1],
							"post": [0, 1.5, 1.1],
							"lerp_mode": "catmullrom"
						},
						"1.6667": {
							"post": [0, -0.4, 1.6],
							"lerp_mode": "catmullrom"
						},
						"1.8333": {
							"post": [0, 0.8, 1.7],
							"lerp_mode": "catmullrom"
						},
						"2.25": {
							"post": [0, 0.8, 1.7],
							"lerp_mode": "catmullrom"
						},
						"2.4583": {
							"post": [0, -2.4, 0],
							"lerp_mode": "catmullrom"
						},
						"2.9167": [0, -2.4, 0]
					}
				},
				"torso": {
					"rotation": {
						"0.0": {
							"post": [0, 0, 0],
							"lerp_mode": "catmullrom"
						},
						"0.1667": {
							"post": [9.60763, -0.1174, 1.6796],
							"lerp_mode": "catmullrom"
						},
						"0.3333": {
							"post": [7.60255, -0.17343, 3.67882],
							"lerp_mode": "catmullrom"
						},
						"0.5": {
							"post": [-7.39403, 0.2819, 6.64367],
							"lerp_mode": "catmullrom"
						},
						"0.9583": {
							"post": [-8.30686, 0.92202, 11.44024],
							"lerp_mode": "catmullrom"
						},
						"1.1667": {
							"post": [9.5698, 0.25691, 6.45207],
							"lerp_mode": "catmullrom"
						},
						"1.5": {
							"post": [12, 0, 0],
							"lerp_mode": "catmullrom"
						},
						"1.6667": {
							"post": [3, 0, 0],
							"lerp_mode": "catmullrom"
						},
						"1.7917": [1, 0, 0]
					},
					"position": {
						"0.375": [0, 0, 0],
						"0.7083": {
							"pre": [0, 0.6, 0],
							"post": [0, 0.6, 0],
							"lerp_mode": "catmullrom"
						},
						"1.4167": {
							"post": [0, 0.6, 0],
							"lerp_mode": "catmullrom"
						},
						"1.625": [0, 0, 0],
						"1.7917": [0, 0.5, 0]
					}
				},
				"head": {
					"rotation": {
						"0.125": [1, 0, 0],
						"0.25": {
							"pre": [4, 0, 0],
							"post": [4, 0, 0],
							"lerp_mode": "catmullrom"
						},
						"0.4583": {
							"post": [0, 0, 0],
							"lerp_mode": "catmullrom"
						},
						"0.5833": {
							"post": [0, 0, 3],
							"lerp_mode": "catmullrom"
						},
						"0.75": {
							"post": [-1, 0, 3],
							"lerp_mode": "catmullrom"
						},
						"0.875": {
							"post": [-2.912, 0, 3],
							"lerp_mode": "catmullrom"
						},
						"1.0417": {
							"post": [-2.91156, 0.0508, 3.99871],
							"lerp_mode": "catmullrom"
						},
						"1.25": {
							"post": [0, 0, 0],
							"lerp_mode": "catmullrom"
						},
						"1.375": {
							"post": [4, 0, 0],
							"lerp_mode": "catmullrom"
						},
						"1.7083": {
							"post": [9, 0, 0],
							"lerp_mode": "catmullrom"
						},
						"1.9167": {
							"post": [6, 0, 0],
							"lerp_mode": "catmullrom"
						},
						"2.0833": {
							"post": [0.99985, -0.01745, 0.99985],
							"lerp_mode": "catmullrom"
						},
						"2.25": {
							"post": [1.99985, -0.01745, 0.99985],
							"lerp_mode": "catmullrom"
						},
						"2.375": {
							"post": [2.99985, -0.01745, 0.99985],
							"lerp_mode": "catmullrom"
						},
						"2.5417": {
							"post": [6.99985, -0.01745, 0.99985],
							"lerp_mode": "catmullrom"
						},
						"2.7083": {
							"post": [9.03825, -0.01745, 0.99985],
							"lerp_mode": "catmullrom"
						},
						"3.1667": {
							"post": [7.28825, -0.01745, 0.99985],
							"lerp_mode": "catmullrom"
						},
						"3.5": [8.03825, -0.01745, 0.99985]
					},
					"position": [0, 0, 0]
				},
				"mouth_open": {
					"position": {
						"0.4167": [0, 0, 0],
						"0.4583": [0, 0, -0.1],
						"1.0": [0, 0, -0.1],
						"1.0417": [0, 0, 0],
						"1.875": [0, 0, 0],
						"1.9167": [0, 0, -0.1],
						"2.375": [0, 0, -0.1],
						"2.4167": [0, 0, 0]
					}
				},
				"left_tendril_front": {
					"rotation": {
						"0.0": {
							"post": [0, 0, 0],
							"lerp_mode": "catmullrom"
						},
						"0.125": {
							"post": [0, -6, 0],
							"lerp_mode": "catmullrom"
						},
						"0.3333": {
							"post": [0.85885, 8.2812, 2.15513],
							"lerp_mode": "catmullrom"
						},
						"0.4583": {
							"post": [-3.84211, 10.45896, -8.78386],
							"lerp_mode": "catmullrom"
						},
						"0.5833": {
							"post": [-7.14743, 10.09264, -16.51545],
							"lerp_mode": "catmullrom"
						},
						"0.875": {
							"post": [-8.53764, 9.81322, -19.81002],
							"lerp_mode": "catmullrom"
						},
						"1.25": {
							"post": [-7.45161, 10.0184, -17.24212],
							"lerp_mode": "catmullrom"
						},
						"1.4583": {
							"post": [0.1246, 10.34613, 0.44739],
							"lerp_mode": "catmullrom"
						},
						"1.625": {
							"post": [-1.64416, 20.9569, -3.7082],
							"lerp_mode": "catmullrom"
						},
						"1.8333": {
							"post": [-4.5222, 6.9159, -8.0324],
							"lerp_mode": "catmullrom"
						},
						"2.375": {
							"post": [3.74057, 2.26689, -27.38535],
							"lerp_mode": "catmullrom"
						},
						"2.625": {
							"post": [0, 0, 9],
							"lerp_mode": "catmullrom"
						},
						"2.7917": {
							"post": [-1.61311, 0.53799, 13.11326],
							"lerp_mode": "catmullrom"
						},
						"2.9583": [-2.43048, 1.0685, 12.8252]
					}
				},
				"left_tendril_front2": {
					"rotation": {
						"0.125": {
							"pre": [0, 0, 0],
							"post": [0, 0, 0],
							"lerp_mode": "catmullrom"
						},
						"0.25": {
							"post": [0, -6, 0],
							"lerp_mode": "catmullrom"
						},
						"0.4583": {
							"post": [1.86827, 8.11441, 9.22548],
							"lerp_mode": "catmullrom"
						},
						"0.5833": {
							"post": [-3.84211, 10.45896, -8.78386],
							"lerp_mode": "catmullrom"
						},
						"0.7083": {
							"post": [-7.14743, 10.09264, -16.51545],
							"lerp_mode": "catmullrom"
						},
						"1.0": {
							"post": [-8.53764, 9.81322, -19.81002],
							"lerp_mode": "catmullrom"
						},
						"1.2917": {
							"post": [-7.45161, 10.0184, -17.24212],
							"lerp_mode": "catmullrom"
						},
						"1.4583": {
							"post": [-2.06311, 12.72472, 12.05386],
							"lerp_mode": "catmullrom"
						},
						"1.75": {
							"post": [6.66875, 19.97798, 19.77175],
							"lerp_mode": "catmullrom"
						},
						"1.9583": {
							"post": [-4.5222, 6.9159, -8.0324],
							"lerp_mode": "catmullrom"
						},
						"2.1667": {
							"post": [-3.68706, -0.99767, -4.6523],
							"lerp_mode": "catmullrom"
						},
						"2.4167": {
							"post": [3.74057, 2.26689, -27.38535],
							"lerp_mode": "catmullrom"
						},
						"2.6667": {
							"post": [0, 0, 19],
							"lerp_mode": "catmullrom"
						},
						"2.7917": [0, 0, 21]
					}
				},
				"left_tendril_middle": {
					"rotation": {
						"0.0417": {
							"pre": [0, 0, 0],
							"post": [0, 0, 0],
							"lerp_mode": "catmullrom"
						},
						"0.1667": {
							"post": [0, -6, 0],
							"lerp_mode": "catmullrom"
						},
						"0.375": {
							"post": [0.85885, 8.2812, 2.15513],
							"lerp_mode": "catmullrom"
						},
						"0.5": {
							"post": [-3.84211, 10.45896, -8.78386],
							"lerp_mode": "catmullrom"
						},
						"0.625": {
							"post": [-7.14743, 10.09264, -16.51545],
							"lerp_mode": "catmullrom"
						},
						"0.9167": {
							"post": [-8.53764, 9.81322, -19.81002],
							"lerp_mode": "catmullrom"
						},
						"1.2917": {
							"post": [-7.45161, 10.0184, -17.24212],
							"lerp_mode": "catmullrom"
						},
						"1.5": {
							"post": [0.1246, 10.34613, 0.44739],
							"lerp_mode": "catmullrom"
						},
						"1.6667": {
							"post": [-1.64416, 20.9569, -3.7082],
							"lerp_mode": "catmullrom"
						},
						"1.875": {
							"post": [-4.5222, 6.9159, -8.0324],
							"lerp_mode": "catmullrom"
						},
						"2.3333": {
							"post": [3.74057, 2.26689, -27.38535],
							"lerp_mode": "catmullrom"
						},
						"2.5833": {
							"post": [0, 0, 19],
							"lerp_mode": "catmullrom"
						},
						"2.75": {
							"post": [0, 0, 21],
							"lerp_mode": "catmullrom"
						},
						"2.9583": [0, 1, 22]
					}
				},
				"left_tendril_middle2": {
					"rotation": {
						"0.125": {
							"pre": [0, 0, 0],
							"post": [0, 0, 0],
							"lerp_mode": "catmullrom"
						},
						"0.25": {
							"post": [0, -6, 0],
							"lerp_mode": "catmullrom"
						},
						"0.4583": {
							"post": [1.86827, 8.11441, 9.22548],
							"lerp_mode": "catmullrom"
						},
						"0.5833": {
							"post": [-3.84211, 10.45896, -8.78386],
							"lerp_mode": "catmullrom"
						},
						"0.7083": {
							"post": [-7.14743, 10.09264, -16.51545],
							"lerp_mode": "catmullrom"
						},
						"1.0": {
							"post": [-8.53764, 9.81322, -19.81002],
							"lerp_mode": "catmullrom"
						},
						"1.2917": {
							"post": [-7.45161, 10.0184, -17.24212],
							"lerp_mode": "catmullrom"
						},
						"1.4583": {
							"post": [-2.06311, 12.72472, 12.05386],
							"lerp_mode": "catmullrom"
						},
						"1.75": {
							"post": [6.66875, 19.97798, 19.77175],
							"lerp_mode": "catmullrom"
						},
						"1.9583": {
							"post": [-4.5222, 6.9159, -8.0324],
							"lerp_mode": "catmullrom"
						},
						"2.1667": {
							"post": [-3.68706, -0.99767, -4.6523],
							"lerp_mode": "catmullrom"
						},
						"2.4167": {
							"post": [3.74057, 2.26689, -27.38535],
							"lerp_mode": "catmullrom"
						},
						"2.6667": {
							"post": [0, 0, 19],
							"lerp_mode": "catmullrom"
						},
						"2.7917": [0, 0, 21]
					}
				},
				"left_tendril_back": {
					"rotation": {
						"0.0833": {
							"pre": [0, 0, 0],
							"post": [0, 0, 0],
							"lerp_mode": "catmullrom"
						},
						"0.2083": {
							"post": [0, -6, 0],
							"lerp_mode": "catmullrom"
						},
						"0.4167": {
							"post": [0.85885, 8.2812, 2.15513],
							"lerp_mode": "catmullrom"
						},
						"0.5417": {
							"post": [-3.84211, 10.45896, -8.78386],
							"lerp_mode": "catmullrom"
						},
						"0.6667": {
							"post": [-7.14743, 10.09264, -16.51545],
							"lerp_mode": "catmullrom"
						},
						"0.9583": {
							"post": [-8.53764, 9.81322, -19.81002],
							"lerp_mode": "catmullrom"
						},
						"1.3333": {
							"post": [-7.45161, 10.0184, -17.24212],
							"lerp_mode": "catmullrom"
						},
						"1.5417": {
							"post": [0.1246, 10.34613, 0.44739],
							"lerp_mode": "catmullrom"
						},
						"1.7083": {
							"post": [-1.64416, 20.9569, -3.7082],
							"lerp_mode": "catmullrom"
						},
						"1.9167": {
							"post": [-4.5222, 6.9159, -8.0324],
							"lerp_mode": "catmullrom"
						},
						"2.375": {
							"post": [3.74057, 2.26689, -27.38535],
							"lerp_mode": "catmullrom"
						},
						"2.625": {
							"post": [0, 0, 19],
							"lerp_mode": "catmullrom"
						},
						"2.75": {
							"post": [0, 0, 21],
							"lerp_mode": "catmullrom"
						},
						"3.0": [-0.49636, 1.0959, 20.05843]
					}
				},
				"left_tendril_back2": {
					"rotation": {
						"0.2083": {
							"pre": [0, 0, 0],
							"post": [0, 0, 0],
							"lerp_mode": "catmullrom"
						},
						"0.3333": {
							"post": [0, -6, 0],
							"lerp_mode": "catmullrom"
						},
						"0.5417": {
							"post": [1.86827, 8.11441, 9.22548],
							"lerp_mode": "catmullrom"
						},
						"0.6667": {
							"post": [-3.84211, 10.45896, -8.78386],
							"lerp_mode": "catmullrom"
						},
						"0.7917": {
							"post": [-7.14743, 10.09264, -16.51545],
							"lerp_mode": "catmullrom"
						},
						"1.0833": {
							"post": [-8.53764, 9.81322, -19.81002],
							"lerp_mode": "catmullrom"
						},
						"1.375": {
							"post": [-7.45161, 10.0184, -17.24212],
							"lerp_mode": "catmullrom"
						},
						"1.5417": {
							"post": [-2.06311, 12.72472, 12.05386],
							"lerp_mode": "catmullrom"
						},
						"1.8333": {
							"post": [6.66875, 19.97798, 19.77175],
							"lerp_mode": "catmullrom"
						},
						"2.0417": {
							"post": [-4.5222, 6.9159, -8.0324],
							"lerp_mode": "catmullrom"
						},
						"2.25": {
							"post": [-3.68706, -0.99767, -4.6523],
							"lerp_mode": "catmullrom"
						},
						"2.5": {
							"post": [3.74057, 2.26689, -27.38535],
							"lerp_mode": "catmullrom"
						},
						"2.75": {
							"post": [0, 0, 19],
							"lerp_mode": "catmullrom"
						},
						"2.875": [0, 0, 21]
					}
				},
				"right_tendril_front": {
					"rotation": {
						"0.0": {
							"post": [0, 0, 0],
							"lerp_mode": "catmullrom"
						},
						"0.125": {
							"post": [0, 6, 0],
							"lerp_mode": "catmullrom"
						},
						"0.3333": {
							"post": [0.85885, -8.2812, -2.15513],
							"lerp_mode": "catmullrom"
						},
						"0.4583": {
							"post": [-3.84211, -10.45896, 8.78386],
							"lerp_mode": "catmullrom"
						},
						"0.5833": {
							"post": [-7.14743, -10.09264, 16.51545],
							"lerp_mode": "catmullrom"
						},
						"0.875": {
							"post": [-8.53764, -9.81322, 19.81002],
							"lerp_mode": "catmullrom"
						},
						"1.25": {
							"post": [-7.45161, -10.0184, 17.24212],
							"lerp_mode": "catmullrom"
						},
						"1.4583": {
							"post": [0.1246, -10.34613, -0.44739],
							"lerp_mode": "catmullrom"
						},
						"1.625": {
							"post": [-1.64416, -20.9569, 3.7082],
							"lerp_mode": "catmullrom"
						},
						"1.8333": {
							"post": [-4.5222, -6.9159, 8.0324],
							"lerp_mode": "catmullrom"
						},
						"2.375": {
							"post": [3.74057, -2.26689, 27.38535],
							"lerp_mode": "catmullrom"
						},
						"2.625": {
							"post": [0, 0, -9],
							"lerp_mode": "catmullrom"
						},
						"2.7917": {
							"post": [-1.61311, -0.53799, -13.11326],
							"lerp_mode": "catmullrom"
						},
						"2.9583": [-4.43048, -1.0685, -12.8252]
					}
				},
				"right_tendril_front2": {
					"rotation": {
						"0.125": {
							"pre": [0, 0, 0],
							"post": [0, 0, 0],
							"lerp_mode": "catmullrom"
						},
						"0.25": {
							"post": [0, 6, 0],
							"lerp_mode": "catmullrom"
						},
						"0.4583": {
							"post": [1.86827, -8.11441, -9.22548],
							"lerp_mode": "catmullrom"
						},
						"0.5833": {
							"post": [-3.84211, -10.45896, 8.78386],
							"lerp_mode": "catmullrom"
						},
						"0.7083": {
							"post": [-7.14743, -10.09264, 16.51545],
							"lerp_mode": "catmullrom"
						},
						"1.0": {
							"post": [-8.53764, -9.81322, 19.81002],
							"lerp_mode": "catmullrom"
						},
						"1.2917": {
							"post": [-7.45161, -10.0184, 17.24212],
							"lerp_mode": "catmullrom"
						},
						"1.4583": {
							"post": [-2.06311, -12.72472, -12.05386],
							"lerp_mode": "catmullrom"
						},
						"1.75": {
							"post": [6.66875, -19.97798, -19.77175],
							"lerp_mode": "catmullrom"
						},
						"1.9583": {
							"post": [-4.5222, -6.9159, 8.0324],
							"lerp_mode": "catmullrom"
						},
						"2.1667": {
							"post": [-3.68706, 0.99767, 4.6523],
							"lerp_mode": "catmullrom"
						},
						"2.4167": {
							"post": [3.74057, -2.26689, 27.38535],
							"lerp_mode": "catmullrom"
						},
						"2.6667": {
							"post": [0, 0, -19],
							"lerp_mode": "catmullrom"
						},
						"2.7917": [0, 0, -21]
					}
				},
				"right_tendril_middle": {
					"rotation": {
						"0.0417": {
							"pre": [0, 0, 0],
							"post": [0, 0, 0],
							"lerp_mode": "catmullrom"
						},
						"0.1667": {
							"post": [0, 6, 0],
							"lerp_mode": "catmullrom"
						},
						"0.375": {
							"post": [0.85885, -8.2812, -2.15513],
							"lerp_mode": "catmullrom"
						},
						"0.5": {
							"post": [-3.84211, -10.45896, 8.78386],
							"lerp_mode": "catmullrom"
						},
						"0.625": {
							"post": [-7.14743, -10.09264, 16.51545],
							"lerp_mode": "catmullrom"
						},
						"0.9167": {
							"post": [-8.53764, -9.81322, 19.81002],
							"lerp_mode": "catmullrom"
						},
						"1.2917": {
							"post": [-7.45161, -10.0184, 17.24212],
							"lerp_mode": "catmullrom"
						},
						"1.5": {
							"post": [0.1246, -10.34613, -0.44739],
							"lerp_mode": "catmullrom"
						},
						"1.6667": {
							"post": [-1.64416, -20.9569, 3.7082],
							"lerp_mode": "catmullrom"
						},
						"1.875": {
							"post": [-4.5222, -6.9159, 8.0324],
							"lerp_mode": "catmullrom"
						},
						"2.3333": {
							"post": [3.74057, -2.26689, 27.38535],
							"lerp_mode": "catmullrom"
						},
						"2.5833": {
							"post": [0, 0, -19],
							"lerp_mode": "catmullrom"
						},
						"2.75": {
							"post": [0, 0, -21],
							"lerp_mode": "catmullrom"
						},
						"2.9583": [0, -1, -22]
					}
				},
				"right_tendril_middle2": {
					"rotation": {
						"0.125": {
							"pre": [0, 0, 0],
							"post": [0, 0, 0],
							"lerp_mode": "catmullrom"
						},
						"0.25": {
							"post": [0, 6, 0],
							"lerp_mode": "catmullrom"
						},
						"0.4583": {
							"post": [1.86827, -8.11441, -9.22548],
							"lerp_mode": "catmullrom"
						},
						"0.5833": {
							"post": [-3.84211, -10.45896, 8.78386],
							"lerp_mode": "catmullrom"
						},
						"0.7083": {
							"post": [-7.14743, -10.09264, 16.51545],
							"lerp_mode": "catmullrom"
						},
						"1.0": {
							"post": [-8.53764, -9.81322, 19.81002],
							"lerp_mode": "catmullrom"
						},
						"1.2917": {
							"post": [-7.45161, -10.0184, 17.24212],
							"lerp_mode": "catmullrom"
						},
						"1.4583": {
							"post": [-2.06311, -12.72472, -12.05386],
							"lerp_mode": "catmullrom"
						},
						"1.75": {
							"post": [6.66875, -19.97798, -19.77175],
							"lerp_mode": "catmullrom"
						},
						"1.9583": {
							"post": [-4.5222, -6.9159, 8.0324],
							"lerp_mode": "catmullrom"
						},
						"2.1667": {
							"post": [-3.68706, 0.99767, 4.6523],
							"lerp_mode": "catmullrom"
						},
						"2.4167": {
							"post": [3.74057, -2.26689, 27.38535],
							"lerp_mode": "catmullrom"
						},
						"2.6667": {
							"post": [0, 0, -19],
							"lerp_mode": "catmullrom"
						},
						"2.7917": [0, 0, -21]
					}
				},
				"right_tendril_back": {
					"rotation": {
						"0.0833": {
							"pre": [0, 0, 0],
							"post": [0, 0, 0],
							"lerp_mode": "catmullrom"
						},
						"0.2083": {
							"post": [0, 6, 0],
							"lerp_mode": "catmullrom"
						},
						"0.4167": {
							"post": [0.85885, -8.2812, -2.15513],
							"lerp_mode": "catmullrom"
						},
						"0.5417": {
							"post": [-3.84211, -10.45896, 8.78386],
							"lerp_mode": "catmullrom"
						},
						"0.6667": {
							"post": [-7.14743, -10.09264, 16.51545],
							"lerp_mode": "catmullrom"
						},
						"0.9583": {
							"post": [-8.53764, -9.81322, 19.81002],
							"lerp_mode": "catmullrom"
						},
						"1.3333": {
							"post": [-7.45161, -10.0184, 17.24212],
							"lerp_mode": "catmullrom"
						},
						"1.5417": {
							"post": [0.1246, -10.34613, -0.44739],
							"lerp_mode": "catmullrom"
						},
						"1.7083": {
							"post": [-1.64416, -20.9569, 3.7082],
							"lerp_mode": "catmullrom"
						},
						"1.9167": {
							"post": [-4.5222, -6.9159, 8.0324],
							"lerp_mode": "catmullrom"
						},
						"2.375": {
							"post": [3.74057, -2.26689, 27.38535],
							"lerp_mode": "catmullrom"
						},
						"2.625": {
							"post": [0, 0, -19],
							"lerp_mode": "catmullrom"
						},
						"2.75": {
							"post": [0, 0, -21],
							"lerp_mode": "catmullrom"
						},
						"3.0": [-0.49636, -1.0959, -20.05843]
					}
				},
				"right_tendril_back2": {
					"rotation": {
						"0.2083": {
							"pre": [0, 0, 0],
							"post": [0, 0, 0],
							"lerp_mode": "catmullrom"
						},
						"0.3333": {
							"post": [0, 6, 0],
							"lerp_mode": "catmullrom"
						},
						"0.5417": {
							"post": [1.86827, -8.11441, -9.22548],
							"lerp_mode": "catmullrom"
						},
						"0.6667": {
							"post": [-3.84211, -10.45896, 8.78386],
							"lerp_mode": "catmullrom"
						},
						"0.7917": {
							"post": [-7.14743, -10.09264, 16.51545],
							"lerp_mode": "catmullrom"
						},
						"1.0833": {
							"post": [-8.53764, -9.81322, 19.81002],
							"lerp_mode": "catmullrom"
						},
						"1.375": {
							"post": [-7.45161, -10.0184, 17.24212],
							"lerp_mode": "catmullrom"
						},
						"1.5417": {
							"post": [-2.06311, -12.72472, -12.05386],
							"lerp_mode": "catmullrom"
						},
						"1.8333": {
							"post": [6.66875, -19.97798, -19.77175],
							"lerp_mode": "catmullrom"
						},
						"2.0417": {
							"post": [-4.5222, -6.9159, 8.0324],
							"lerp_mode": "catmullrom"
						},
						"2.25": {
							"post": [-3.68706, 0.99767, 4.6523],
							"lerp_mode": "catmullrom"
						},
						"2.5": {
							"post": [3.74057, -2.26689, 27.38535],
							"lerp_mode": "catmullrom"
						},
						"2.75": {
							"post": [0, 0, -19],
							"lerp_mode": "catmullrom"
						},
						"2.875": [0, 0, -21]
					}
				},
				"eyes_closed": {
					"position": {
						"0.1667": [0, 0, 0],
						"0.2083": [0, 0, -0.1],
						"0.5417": [0, 0, -0.1],
						"0.5833": [0, 0, 0],
						"1.0": [0, 0, 0],
						"1.0417": [0, 0, -0.1],
						"1.125": [0, 0, -0.1],
						"1.1667": [0, 0, 0],
						"1.4583": [0, 0, 0],
						"1.5": [0, 0, -0.1],
						"1.875": [0, 0, -0.1],
						"1.9167": [0, 0, 0],
						"2.4167": [0, 0, 0],
						"2.4583": [0, 0, -0.1]
					}
				},
				"tail1": {
					"rotation": {
						"0.0": {
							"post": [0, 0, 0],
							"lerp_mode": "catmullrom"
						},
						"0.2083": {
							"post": [-21.80032, 0.26318, 0.56993],
							"lerp_mode": "catmullrom"
						},
						"0.5": {
							"post": [5.38264, 0.66655, 1.60082],
							"lerp_mode": "catmullrom"
						},
						"0.75": {
							"post": [5.24628, 0.68738, 2.87761],
							"lerp_mode": "catmullrom"
						},
						"1.0": {
							"post": [0.39657, -1.20545, 7.89074],
							"lerp_mode": "catmullrom"
						},
						"1.2083": {
							"post": [-23.51367, -0.62308, 3.67383],
							"lerp_mode": "catmullrom"
						},
						"1.375": {
							"post": [-18.07897, -0.42045, 2.4115],
							"lerp_mode": "catmullrom"
						},
						"1.5": {
							"post": [-7.47909, -0.29577, 1.70371],
							"lerp_mode": "catmullrom"
						},
						"1.6667": {
							"post": [1, 0, 0],
							"lerp_mode": "catmullrom"
						},
						"1.875": {
							"post": [10, 0, 0],
							"lerp_mode": "catmullrom"
						},
						"2.0": {
							"post": [15, 0, 0],
							"lerp_mode": "catmullrom"
						},
						"2.2083": {
							"post": [17, 0, 0],
							"lerp_mode": "catmullrom"
						},
						"2.5": {
							"post": [-2, 0, 0],
							"lerp_mode": "catmullrom"
						},
						"2.6667": {
							"post": [-27, 0, 0],
							"lerp_mode": "catmullrom"
						},
						"2.8333": {
							"post": [-34, 0, 0],
							"lerp_mode": "catmullrom"
						},
						"3.0": [-31, 0, 0]
					}
				},
				"tail2": {
					"rotation": {
						"0.0": {
							"post": [0, 0, 0],
							"lerp_mode": "catmullrom"
						},
						"0.3333": {
							"post": [-27.67, 0, 0],
							"lerp_mode": "catmullrom"
						},
						"0.5833": {
							"post": [-3.76608, 9.60887, 2.78252],
							"lerp_mode": "catmullrom"
						},
						"1.0833": {
							"post": [-1.91335, 5.75651, 1.69296],
							"lerp_mode": "catmullrom"
						},
						"1.25": {
							"post": [-23.02542, 8.9168, -0.02798],
							"lerp_mode": "catmullrom"
						},
						"1.5417": {
							"post": [-17.98921, 0.92778, 0.39294],
							"lerp_mode": "catmullrom"
						},
						"1.7083": {
							"post": [17.01079, 0.92778, 0.39294],
							"lerp_mode": "catmullrom"
						},
						"2.0": {
							"post": [-16.32225, 6.14209, 1.31814],
							"lerp_mode": "catmullrom"
						},
						"2.2917": {
							"post": [-10.08648, 7.82448, 1.59532],
							"lerp_mode": "catmullrom"
						},
						"2.5833": {
							"post": [0, 0, 0],
							"lerp_mode": "catmullrom"
						},
						"2.75": {
							"post": [2.797, -0.56625, -0.11545],
							"lerp_mode": "catmullrom"
						},
						"3.0": [-9, 0, 0]
					}
				},
				"pouch": {
					"rotation": {
						"0.0": [0, 0, 0],
						"0.4167": {
							"pre": [6, 0, 0],
							"post": [6, 0, 0],
							"lerp_mode": "catmullrom"
						},
						"0.75": {
							"post": [18.34, 0, 0],
							"lerp_mode": "catmullrom"
						},
						"1.375": {
							"post": [3, 0, 0],
							"lerp_mode": "catmullrom"
						},
						"1.5": {
							"post": [18, 0, 0],
							"lerp_mode": "catmullrom"
						},
						"1.6667": {
							"post": [14, 0, 0],
							"lerp_mode": "catmullrom"
						},
						"1.7917": {
							"post": [17, 0, 0],
							"lerp_mode": "catmullrom"
						},
						"2.0": {
							"post": [0, 0, 0],
							"lerp_mode": "catmullrom"
						},
						"2.3333": {
							"post": [-5, 0, 0],
							"lerp_mode": "catmullrom"
						},
						"2.4583": {
							"post": [5.5, 0, 0],
							"lerp_mode": "catmullrom"
						},
						"2.7083": {
							"post": [11.14, 0, 0],
							"lerp_mode": "catmullrom"
						},
						"2.9167": {
							"post": [4.5, 0, 0],
							"lerp_mode": "catmullrom"
						},
						"3.3333": [7.5, 0, 0]
					}
				},
				"left_foot": {
					"rotation": {
						"0.0": [0, 0, 0],
						"0.375": [10, 0, 0],
						"1.375": [10, 0, 0],
						"1.5": {
							"pre": [-3.06218, -3.55038, -3.02098],
							"post": [-3.06218, -3.55038, -3.02098],
							"lerp_mode": "catmullrom"
						},
						"1.6667": {
							"post": [-50.25765, -8.63674, -7.34891],
							"lerp_mode": "catmullrom"
						},
						"1.9583": {
							"post": [-37.25765, -8.63674, -7.34891],
							"lerp_mode": "catmullrom"
						},
						"2.125": {
							"post": [-33.25765, -8.63674, -7.34891],
							"lerp_mode": "catmullrom"
						},
						"2.3333": {
							"post": [-58.70381, -8.63674, -7.34891],
							"lerp_mode": "catmullrom"
						},
						"2.4583": {
							"post": [-69.20381, -8.63674, -7.34891],
							"lerp_mode": "catmullrom"
						},
						"2.625": {
							"post": [-63.50846, -8.63674, -7.34891],
							"lerp_mode": "catmullrom"
						},
						"2.9167": [-68.50846, -8.63674, -7.34891]
					},
					"position": {
						"0.0": [0, 0, 0],
						"0.375": [0.1, 0.4, -0.4],
						"1.375": [-0.1, 0.5, -0.4],
						"1.5": {
							"pre": [1.11, -0.55, -3.52],
							"post": [1.11, -0.55, -3.52],
							"lerp_mode": "catmullrom"
						},
						"1.5833": {
							"post": [1.97, -0.98, -6.03],
							"lerp_mode": "catmullrom"
						},
						"1.625": {
							"post": [2.39, 0.38, -8.02],
							"lerp_mode": "catmullrom"
						},
						"1.6667": [2.7, 1.8, -8.9]
					}
				},
				"left_toes": {
					"rotation": {
						"0.0": [0, 0, 0],
						"0.375": [-9, 0, 0],
						"1.375": [-9, 0, 0],
						"1.5": {
							"pre": [0, 0, 0],
							"post": [0, 0, 0],
							"lerp_mode": "catmullrom"
						},
						"1.7083": {
							"post": [-7, 0, 0],
							"lerp_mode": "catmullrom"
						},
						"2.2917": {
							"post": [-9, 0, 0],
							"lerp_mode": "catmullrom"
						},
						"2.5": [0, 0, 0]
					}
				},
				"right_foot": {
					"rotation": {
						"0.0": [0, 0, 0],
						"0.3333": {
							"pre": [10, 0, 0],
							"post": [10, 0, 0],
							"lerp_mode": "catmullrom"
						},
						"0.5": {
							"post": [14.89151, -1.57967, 13.47572],
							"lerp_mode": "catmullrom"
						},
						"0.7083": {
							"post": [25.82244, -5.4729, 23.38819],
							"lerp_mode": "catmullrom"
						},
						"0.875": {
							"post": [22.22559, -5.99856, 25.142],
							"lerp_mode": "catmullrom"
						},
						"1.0417": {
							"post": [22.82244, -5.4729, 23.38819],
							"lerp_mode": "catmullrom"
						},
						"1.2083": {
							"post": [10, 0, 0],
							"lerp_mode": "catmullrom"
						},
						"1.375": [10, 0, 0],
						"1.5": {
							"pre": [-3.06218, 3.55038, 3.02098],
							"post": [-3.06218, 3.55038, 3.02098],
							"lerp_mode": "catmullrom"
						},
						"1.6667": {
							"post": [-50.25765, 8.63674, 7.34891],
							"lerp_mode": "catmullrom"
						},
						"1.9583": {
							"post": [-37.25765, 8.63674, 7.34891],
							"lerp_mode": "catmullrom"
						},
						"2.125": {
							"post": [-33.25765, 8.63674, 7.34891],
							"lerp_mode": "catmullrom"
						},
						"2.3333": {
							"post": [-58.70381, 8.63674, 7.34891],
							"lerp_mode": "catmullrom"
						},
						"2.4583": {
							"post": [-69.20381, 8.63674, 7.34891],
							"lerp_mode": "catmullrom"
						},
						"2.625": {
							"post": [-63.50846, 8.63674, 7.34891],
							"lerp_mode": "catmullrom"
						},
						"2.9167": [-68.50846, 8.63674, 7.34891]
					},
					"position": {
						"0.0": [0, 0, 0],
						"0.3333": {
							"pre": [0, 0.4, -0.4],
							"post": [0, 0.4, -0.4],
							"lerp_mode": "catmullrom"
						},
						"0.7917": {
							"post": [0, 1.9, 0],
							"lerp_mode": "catmullrom"
						},
						"1.0417": [0.04, 1.83, 0.12],
						"1.2083": [0, 1.1, 0.2],
						"1.375": [0.1, 0.5, -0.4],
						"1.5": [-1.11, -0.55, -3.52],
						"1.5833": {
							"pre": [-1.97, -0.98, -6.03],
							"post": [-1.97, -0.98, -6.03],
							"lerp_mode": "catmullrom"
						},
						"1.625": {
							"post": [-2.39, 0.38, -8.02],
							"lerp_mode": "catmullrom"
						},
						"1.6667": [-2.7, 1.8, -8.9]
					}
				},
				"right_toes": {
					"rotation": {
						"0.0": [0, 0, 0],
						"0.375": {
							"pre": [-9, 0, 0],
							"post": [-9, 0, 0],
							"lerp_mode": "catmullrom"
						},
						"0.7917": {
							"post": [0, 0, 0],
							"lerp_mode": "catmullrom"
						},
						"1.1667": {
							"post": [-2, 0, 0],
							"lerp_mode": "catmullrom"
						},
						"1.375": [-9, 0, 0],
						"1.5": {
							"pre": [0, 0, 0],
							"post": [0, 0, 0],
							"lerp_mode": "catmullrom"
						},
						"1.7083": {
							"post": [-7, 0, 0],
							"lerp_mode": "catmullrom"
						},
						"2.2917": {
							"post": [-9, 0, 0],
							"lerp_mode": "catmullrom"
						},
						"2.5": [0, 0, 0]
					}
				},
				"egg_body": {
					"rotation": {
						"1.4167": [0, 0, 0],
						"1.5417": {
							"pre": [-8, 0, 0],
							"post": [-8, 0, 0],
							"lerp_mode": "catmullrom"
						},
						"1.6667": {
							"post": [-17.97692, -0.92667, -2.85342],
							"lerp_mode": "catmullrom"
						},
						"1.8333": {
							"post": [-31, 0, 0],
							"lerp_mode": "catmullrom"
						},
						"2.25": {
							"post": [-30.86123, 3.08608, 5.14799],
							"lerp_mode": "catmullrom"
						},
						"2.4583": {
							"post": [-4, 0, 0],
							"lerp_mode": "catmullrom"
						},
						"2.6667": {
							"post": [-1.0553, -0.22343, -0.3727],
							"lerp_mode": "catmullrom"
						},
						"3.0417": {
							"post": [-4.25, 0, 0],
							"lerp_mode": "catmullrom"
						},
						"3.5": [-4, 0, 0]
					},
					"position": {
						"1.4167": [0, 0, 0],
						"1.5417": {
							"pre": [0, 1.5, 1.1],
							"post": [0, 1.5, 1.1],
							"lerp_mode": "catmullrom"
						},
						"1.6667": {
							"post": [0, -0.4, 1.6],
							"lerp_mode": "catmullrom"
						},
						"1.8333": {
							"post": [0, 0.8, 1.7],
							"lerp_mode": "catmullrom"
						},
						"2.25": {
							"post": [0, 0.8, 1.7],
							"lerp_mode": "catmullrom"
						},
						"2.4583": {
							"post": [0, -2.4, 0],
							"lerp_mode": "catmullrom"
						},
						"2.9167": [0, -2.4, 0]
					}
				},
				"egg_torso": {
					"rotation": {
						"0.0": {
							"post": [0, 0, 0],
							"lerp_mode": "catmullrom"
						},
						"0.1667": {
							"post": [9.60763, -0.1174, 1.6796],
							"lerp_mode": "catmullrom"
						},
						"0.3333": {
							"post": [7.60255, -0.17343, 3.67882],
							"lerp_mode": "catmullrom"
						},
						"0.5": {
							"post": [-7.39403, 0.2819, 6.64367],
							"lerp_mode": "catmullrom"
						},
						"0.9583": {
							"post": [-8.30686, 0.92202, 11.44024],
							"lerp_mode": "catmullrom"
						},
						"1.1667": {
							"post": [9.5698, 0.25691, 6.45207],
							"lerp_mode": "catmullrom"
						},
						"1.5": {
							"post": [12, 0, 0],
							"lerp_mode": "catmullrom"
						},
						"1.6667": {
							"post": [3, 0, 0],
							"lerp_mode": "catmullrom"
						},
						"1.7917": [1, 0, 0]
					},
					"position": {
						"0.375": [0, 0, 0],
						"0.7083": {
							"pre": [0, 0.6, 0],
							"post": [0, 0.6, 0],
							"lerp_mode": "catmullrom"
						},
						"1.4167": {
							"post": [0, 0.6, 0],
							"lerp_mode": "catmullrom"
						},
						"1.625": [0, 0, 0],
						"1.7917": [0, 0.5, 0]
					}
				},
				"egg_pouch": {
					"rotation": {
						"0.0": [0, 0, 0],
						"0.4167": {
							"pre": [6, 0, 0],
							"post": [6, 0, 0],
							"lerp_mode": "catmullrom"
						},
						"0.75": {
							"post": [18.34, 0, 0],
							"lerp_mode": "catmullrom"
						},
						"1.375": {
							"post": [3, 0, 0],
							"lerp_mode": "catmullrom"
						},
						"1.5": {
							"post": [18, 0, 0],
							"lerp_mode": "catmullrom"
						},
						"1.6667": {
							"post": [14, 0, 0],
							"lerp_mode": "catmullrom"
						},
						"1.7917": {
							"post": [17, 0, 0],
							"lerp_mode": "catmullrom"
						},
						"2.0": {
							"post": [0, 0, 0],
							"lerp_mode": "catmullrom"
						},
						"2.3333": {
							"post": [-5, 0, 0],
							"lerp_mode": "catmullrom"
						},
						"2.4583": {
							"post": [5.5, 0, 0],
							"lerp_mode": "catmullrom"
						},
						"2.7083": {
							"post": [11.14, 0, 0],
							"lerp_mode": "catmullrom"
						},
						"2.9167": {
							"post": [4.5, 0, 0],
							"lerp_mode": "catmullrom"
						},
						"3.3333": [7.5, 0, 0]
					}
				}
			}
		},
		"animation.chansey.blink": {
			"animation_length": 0.1667,
			"bones": {
				"eyes_closed": {
					"position": {
						"0.0": [0, 0, -0.1],
						"0.125": {"pre": [0, 0, -0.1], "post": [0, 0, -0.1]},
						"0.1667": {"pre": [0, 0, -0.1], "post": [0, 0, 0]}
					}
				}
			}
		},
		"animation.chansey.cry": {
			"animation_length": 1.5,
			"bones": {
				"torso": {
					"rotation": {
						"0.0": {
							"post": [0, 0, 0],
							"lerp_mode": "catmullrom"
						},
						"0.125": {
							"post": [1.39046, 0.02427, -0.99971],
							"lerp_mode": "catmullrom"
						},
						"0.3333": {
							"post": [2.99954, -0.05233, 0.99863],
							"lerp_mode": "catmullrom"
						},
						"0.5": {
							"post": [0, 0, 0],
							"lerp_mode": "catmullrom"
						},
						"0.6667": {
							"post": [2.5, 0, 0],
							"lerp_mode": "catmullrom"
						},
						"1.0833": {
							"post": [-0.5, 0, 0],
							"lerp_mode": "catmullrom"
						},
						"1.5": {
							"post": [0, 0, 0],
							"lerp_mode": "catmullrom"
						}
					}
				},
				"head": {
					"rotation": {
						"0.0": {
							"post": [0, 0, 0],
							"lerp_mode": "catmullrom"
						},
						"0.1667": {
							"post": [-3.99939, 0, -0.4],
							"lerp_mode": "catmullrom"
						},
						"0.2917": {
							"post": [-2.47776, 0, 0.5],
							"lerp_mode": "catmullrom"
						},
						"0.4583": {
							"post": [0, 0, 0],
							"lerp_mode": "catmullrom"
						},
						"0.6667": {
							"post": [-3, 0, 0],
							"lerp_mode": "catmullrom"
						},
						"0.875": {
							"post": [0, 0, 0],
							"lerp_mode": "catmullrom"
						},
						"1.2917": {
							"post": [0, 0, 0],
							"lerp_mode": "catmullrom"
						}
					}
				},
				"mouth_open": {
					"position": {
						"0.0": [0, 0, 0],
						"0.0417": {"pre": [0, 0, 0], "post": [0, 0, -0.1]},
						"0.5": {"pre": [0, 0, -0.1], "post": [0, 0, 0]},
						"0.5417": {"pre": [0, 0, 0], "post": [0, 0, -0.1]},
						"0.875": {"pre": [0, 0, -0.1], "post": [0, 0, 0]}
					}
				},
				"tail1": {
					"rotation": {
						"0.0": {
							"post": [0, 0, 0],
							"lerp_mode": "catmullrom"
						},
						"0.3333": {
							"post": [-4.98635, -2.41476, -0.64743],
							"lerp_mode": "catmullrom"
						},
						"0.5": {
							"post": [0, 1.5, 0],
							"lerp_mode": "catmullrom"
						},
						"0.7083": {
							"post": [-2.48435, 1.38422, 0.7522],
							"lerp_mode": "catmullrom"
						},
						"0.875": {
							"post": [0, 0, 0],
							"lerp_mode": "catmullrom"
						}
					}
				},
				"tail2": {
					"rotation": {
						"0.0417": {
							"pre": [0, 0, 0],
							"post": [0, 0, 0],
							"lerp_mode": "catmullrom"
						},
						"0.3333": {
							"post": [-2.93883, -4.781, -1.46526],
							"lerp_mode": "catmullrom"
						},
						"0.5417": {
							"post": [0, 1.5, 0],
							"lerp_mode": "catmullrom"
						},
						"0.7917": {
							"post": [-1.43417, 3.74101, 1.59015],
							"lerp_mode": "catmullrom"
						},
						"1.0": [0, 0, 0]
					}
				},
				"egg_torso": {
					"rotation": {
						"0.0": {
							"post": [0, 0, 0],
							"lerp_mode": "catmullrom"
						},
						"0.125": {
							"post": [1.39046, 0.02427, -0.99971],
							"lerp_mode": "catmullrom"
						},
						"0.3333": {
							"post": [2.99954, -0.05233, 0.99863],
							"lerp_mode": "catmullrom"
						},
						"0.5": {
							"post": [0, 0, 0],
							"lerp_mode": "catmullrom"
						},
						"0.6667": {
							"post": [2.5, 0, 0],
							"lerp_mode": "catmullrom"
						},
						"1.0833": {
							"post": [-0.5, 0, 0],
							"lerp_mode": "catmullrom"
						},
						"1.5": {
							"post": [0, 0, 0],
							"lerp_mode": "catmullrom"
						}
					}
				},
				"left_tendrils": {
					"rotation": {
						"0.0": {
							"post": [0, 0, 0],
							"lerp_mode": "catmullrom"
						},
						"0.1667": {
							"post": [-0.98605, -2.99065, -0.70607],
							"lerp_mode": "catmullrom"
						},
						"0.2917": {
							"post": [-0.47776, -1, 0.5],
							"lerp_mode": "catmullrom"
						},
						"0.4583": {
							"post": [0, 0, 0],
							"lerp_mode": "catmullrom"
						},
						"0.6667": {
							"post": [-0.74573, -2.24229, -0.19627],
							"lerp_mode": "catmullrom"
						},
						"0.875": {
							"post": [0, 0, 0],
							"lerp_mode": "catmullrom"
						}
					}
				},
				"right_tendrils": {
					"rotation": {
						"0.0": {
							"post": [0, 0, 0],
							"lerp_mode": "catmullrom"
						},
						"0.1667": {
							"post": [-0.98605, 2.99065, 0.70607],
							"lerp_mode": "catmullrom"
						},
						"0.2917": {
							"post": [-0.47776, 1, -0.5],
							"lerp_mode": "catmullrom"
						},
						"0.4583": {
							"post": [0, 0, 0],
							"lerp_mode": "catmullrom"
						},
						"0.6667": {
							"post": [-0.74573, 2.24229, 0.19627],
							"lerp_mode": "catmullrom"
						},
						"0.875": {
							"post": [0, 0, 0],
							"lerp_mode": "catmullrom"
						}
					}
				},
				"pouch": {
					"rotation": {
						"0.0833": {
							"pre": [0, 0, 0],
							"post": [0, 0, 0],
							"lerp_mode": "catmullrom"
						},
						"0.2083": {
							"post": [1.5, 0, 0],
							"lerp_mode": "catmullrom"
						},
						"0.4167": {
							"post": [2.5, 0, 0],
							"lerp_mode": "catmullrom"
						},
						"0.5833": {
							"post": [-1, 0, 0],
							"lerp_mode": "catmullrom"
						},
						"0.75": {
							"post": [1.5, 0, 0],
							"lerp_mode": "catmullrom"
						},
						"0.9167": {
							"post": [0, 0, 0],
							"lerp_mode": "catmullrom"
						}
					}
				},
				"egg_pouch": {
					"rotation": {
						"0.0833": {
							"pre": [0, 0, 0],
							"post": [0, 0, 0],
							"lerp_mode": "catmullrom"
						},
						"0.2083": {
							"post": [1.5, 0, 0],
							"lerp_mode": "catmullrom"
						},
						"0.4167": {
							"post": [2.5, 0, 0],
							"lerp_mode": "catmullrom"
						},
						"0.5833": {
							"post": [-1, 0, 0],
							"lerp_mode": "catmullrom"
						},
						"0.75": {
							"post": [1.5, 0, 0],
							"lerp_mode": "catmullrom"
						},
						"0.9167": {
							"post": [0, 0, 0],
							"lerp_mode": "catmullrom"
						}
					}
				}
			},
			"sound_effects": {
				"0.0": {
					"effect": "pokemon.chansey.cry"
				}
			}
		},
		"animation.chansey.walk speed test": {
			"loop": true,
			"bones": {
				"chansey": {
					"position": [0, 0, "-q.anim_time*90*0.12"]
				}
			}
		},
		"animation.chansey.run speed test": {
			"loop": true,
			"bones": {
				"chansey": {
					"position": [0, 0, "-q.anim_time*90*0.2"]
				}
			}
		}
	}
}