{
	"format_version": "1.8.0",
	"animations": {
		"animation.inklett.ground_idle": {
			"loop": true,
			"bones": {
				"feather": {
					"rotation": ["-16.1735-math.cos(q.anim_time*90*2-30)*3", 0, 0]
				},
				"feather2": {
					"rotation": ["-15-math.cos(q.anim_time*90*2-60)*3", 0, 0]
				},
				"feather3": {
					"rotation": ["-12.5-math.cos(q.anim_time*90*2-90)*3", 0, 0]
				},
				"feather4": {
					"rotation": ["-17.5-math.cos(q.anim_time*90*2-120)*3", 0, 0]
				},
				"feather5": {
					"rotation": ["-22.5-math.cos(q.anim_time*90*2-150)*3", 0, 0]
				},
				"nose": {
					"position": [0, "0-math.cos(q.anim_time*90*2+30)*0.15", 0]
				},
				"eyes": {
					"position": [0, "0-math.cos(q.anim_time*90*2)*0.1", 0]
				}
			}
		},
		"animation.inklett.battle_idle": {
			"loop": true,
			"animation_length": 1.5,
			"bones": {
				"body": {
					"rotation": {
						"0.0": {
							"post": [0, 0, 0],
							"lerp_mode": "catmullrom"
						},
						"0.5": {
							"post": [0, 0, 5],
							"lerp_mode": "catmullrom"
						},
						"0.75": {
							"post": [0, 0, 0],
							"lerp_mode": "catmullrom"
						},
						"1.25": {
							"post": [0, 0, -5],
							"lerp_mode": "catmullrom"
						},
						"1.5": {
							"post": [0, 0, 0],
							"lerp_mode": "catmullrom"
						}
					},
					"position": {
						"0.0": [0, 0, 0],
						"0.5": [0, 0.5, 0],
						"0.75": [0, 0, 0],
						"1.25": [0, 0.5, 0],
						"1.5": [0, 0, 0]
					}
				},
				"feather": {
					"rotation": {
						"0.0": {
							"post": [-16.17354, 0, 0],
							"lerp_mode": "catmullrom"
						},
						"0.5": {
							"post": [-16.11519, -1.39111, -4.80306],
							"lerp_mode": "catmullrom"
						},
						"1.0": {
							"post": [-16.17354, 0, 0],
							"lerp_mode": "catmullrom"
						},
						"1.5": {
							"post": [-16.17354, 0, 0],
							"lerp_mode": "catmullrom"
						}
					},
					"position": {
						"0.0": {
							"post": [0, 0, 0],
							"lerp_mode": "catmullrom"
						},
						"0.5": {
							"post": [0.5, -0.5, 0],
							"lerp_mode": "catmullrom"
						},
						"1.0": {
							"post": [-0.5, -0.25, 0],
							"lerp_mode": "catmullrom"
						},
						"1.5": {
							"post": [0, 0, 0],
							"lerp_mode": "catmullrom"
						}
					}
				},
				"feather2": {
					"rotation": {
						"0.0": {
							"post": [-15, 0, 0],
							"lerp_mode": "catmullrom"
						},
						"0.25": {
							"post": [-12.5, 0, 0],
							"lerp_mode": "catmullrom"
						},
						"0.75": {
							"post": [-19.74, 0, 0],
							"lerp_mode": "catmullrom"
						},
						"1.5": {
							"post": [-15, 0, 0],
							"lerp_mode": "catmullrom"
						}
					}
				},
				"feather3": {
					"rotation": {
						"0.0": {
							"post": [-12.5, 0, 0],
							"lerp_mode": "catmullrom"
						},
						"0.5": {
							"post": [-10, 0, 0],
							"lerp_mode": "catmullrom"
						},
						"1.0": {
							"post": [-16.25, 0, 0],
							"lerp_mode": "catmullrom"
						},
						"1.5": {
							"post": [-12.5, 0, 0],
							"lerp_mode": "catmullrom"
						}
					}
				},
				"feather4": {
					"rotation": {
						"0.0": {
							"post": [-17.5, 0, 0],
							"lerp_mode": "catmullrom"
						},
						"0.75": {
							"post": [-12.5, 0, 0],
							"lerp_mode": "catmullrom"
						},
						"1.25": {
							"post": [-21.2, 0, 0],
							"lerp_mode": "catmullrom"
						},
						"1.5": {
							"post": [-17.5, 0, 0],
							"lerp_mode": "catmullrom"
						}
					}
				},
				"feather5": {
					"rotation": {
						"0.0": {
							"post": [-22.5, 0, 0],
							"lerp_mode": "catmullrom"
						},
						"0.25": {
							"post": [-17.5, 0, 0],
							"lerp_mode": "catmullrom"
						},
						"1.0": {
							"post": [-15, 0, 0],
							"lerp_mode": "catmullrom"
						},
						"1.5": {
							"post": [-22.5, 0, 0],
							"lerp_mode": "catmullrom"
						}
					}
				},
				"ink": {
					"rotation": {
						"0.0": {
							"post": [0, 0, 0],
							"lerp_mode": "catmullrom"
						},
						"0.2917": {
							"post": [0, 0, -2.5],
							"lerp_mode": "catmullrom"
						},
						"0.75": {
							"post": [0, 0, 0],
							"lerp_mode": "catmullrom"
						},
						"1.0417": {
							"post": [0, 0, 2.5],
							"lerp_mode": "catmullrom"
						},
						"1.5": {
							"post": [0, 0, 0],
							"lerp_mode": "catmullrom"
						}
					},
					"scale": {
						"0.0": {
							"post": [1, 1, 1],
							"lerp_mode": "catmullrom"
						},
						"0.5": {
							"post": [1, 0.97, 1],
							"lerp_mode": "catmullrom"
						},
						"0.875": {
							"post": [1, 1, 1],
							"lerp_mode": "catmullrom"
						},
						"1.25": {
							"post": [1, 0.97, 1],
							"lerp_mode": "catmullrom"
						},
						"1.5": {
							"post": [1, 1, 1],
							"lerp_mode": "catmullrom"
						}
					}
				},
				"nose": {
					"rotation": {
						"0.0": [0, 0, 2.5],
						"0.75": [0, 0, -2.5],
						"1.5": [0, 0, 2.5]
					},
					"position": {
						"0.0": [0, 0, 0],
						"0.7917": [0, 0.25, 0],
						"1.5": [0, 0, 0]
					}
				},
				"eyes": {
					"position": {
						"0.0": [0, 0, 0],
						"0.75": [0, 0.25, 0],
						"1.5": [0, 0, 0]
					}
				}
			}
		},
		"animation.inklett.ground_walk": {
			"loop": true,
			"animation_length": 1.7083,
			"bones": {
				"body": {
					"rotation": {
						"0.0": {
							"post": [0, 0, 0],
							"lerp_mode": "catmullrom"
						},
						"0.25": {
							"post": [0, 0, 0],
							"lerp_mode": "catmullrom"
						},
						"0.4583": {
							"post": [-7.5, 0, 0],
							"lerp_mode": "catmullrom"
						},
						"0.7083": [0, 0, 0],
						"0.8333": [0, 0, 0],
						"1.0833": {
							"pre": [0, 0, 0],
							"post": [0, 0, 0],
							"lerp_mode": "catmullrom"
						},
						"1.2917": {
							"post": [-7.5, 0, 0],
							"lerp_mode": "catmullrom"
						},
						"1.5417": [0, 0, 0],
						"1.7083": [0, 0, 0]
					},
					"position": {
						"0.0": [0, 0, 0],
						"0.25": [0, 0, 3],
						"0.4583": {
							"pre": [0, 3, 1],
							"post": [0, 3, 1],
							"lerp_mode": "catmullrom"
						},
						"0.7083": {
							"post": [0, 0, -1],
							"lerp_mode": "catmullrom"
						},
						"0.8333": [0, 0, 0],
						"1.0833": [0, 0, 3],
						"1.2917": {
							"pre": [0, 3, 1],
							"post": [0, 3, 1],
							"lerp_mode": "catmullrom"
						},
						"1.5417": {
							"post": [0, 0, -1],
							"lerp_mode": "catmullrom"
						},
						"1.7083": [0, 0, 0]
					}
				},
				"ink": {
					"rotation": {
						"0.0": {
							"post": [0, 0, 0],
							"lerp_mode": "catmullrom"
						},
						"0.375": {
							"post": [2.5, 0, 0],
							"lerp_mode": "catmullrom"
						},
						"0.75": {
							"post": [0, 0, 0],
							"lerp_mode": "catmullrom"
						},
						"1.125": {
							"post": [2.5, 0, 0],
							"lerp_mode": "catmullrom"
						},
						"1.4167": {
							"post": [0, 0, 0],
							"lerp_mode": "catmullrom"
						},
						"1.7083": {
							"post": [0, 0, 0],
							"lerp_mode": "catmullrom"
						}
					},
					"scale": {
						"0.0": {
							"post": [1, 1, 1],
							"lerp_mode": "catmullrom"
						},
						"0.375": {
							"post": [1, 1.05, 1],
							"lerp_mode": "catmullrom"
						},
						"0.75": {
							"post": [1, 1, 1],
							"lerp_mode": "catmullrom"
						},
						"1.125": {
							"post": [1, 1, 1],
							"lerp_mode": "catmullrom"
						},
						"1.4167": {
							"post": [1, 1.05, 1],
							"lerp_mode": "catmullrom"
						},
						"1.7083": {
							"post": [1, 1, 1],
							"lerp_mode": "catmullrom"
						}
					}
				},
				"feather": {
					"rotation": {
						"0.0": {
							"post": [-22.5, 0, 0],
							"lerp_mode": "catmullrom"
						},
						"0.25": {
							"post": [-22.5, 0, 0],
							"lerp_mode": "catmullrom"
						},
						"0.4583": {
							"post": [-22.5, 0, 0],
							"lerp_mode": "catmullrom"
						},
						"0.9167": {
							"post": [-22.5, 0, 0],
							"lerp_mode": "catmullrom"
						},
						"1.0833": {
							"post": [-22.5, 0, 0],
							"lerp_mode": "catmullrom"
						},
						"1.1667": {
							"post": [-22.5, 0, 0],
							"lerp_mode": "catmullrom"
						},
						"1.7083": {
							"post": [-22.5, 0, 0],
							"lerp_mode": "catmullrom"
						}
					},
					"position": {
						"0.0": {
							"post": [0, 0, 0],
							"lerp_mode": "catmullrom"
						},
						"0.25": {
							"post": [0, 0, 0],
							"lerp_mode": "catmullrom"
						},
						"0.375": {
							"post": [0, 0.25, -0.7],
							"lerp_mode": "catmullrom"
						},
						"0.4583": {
							"post": [0, 0, -1],
							"lerp_mode": "catmullrom"
						},
						"0.8333": {
							"post": [0, 0, 0],
							"lerp_mode": "catmullrom"
						},
						"1.0833": {
							"post": [0, 0, 0],
							"lerp_mode": "catmullrom"
						},
						"1.2917": {
							"post": [0, 0, -1],
							"lerp_mode": "catmullrom"
						},
						"1.4167": {
							"post": [0, 0.25, -0.82],
							"lerp_mode": "catmullrom"
						},
						"1.7083": {
							"post": [0, 0, 0],
							"lerp_mode": "catmullrom"
						}
					}
				},
				"feather2": {
					"rotation": {
						"0.0": {
							"post": [-17.5, 0, 0],
							"lerp_mode": "catmullrom"
						},
						"0.25": {
							"post": [-17.5, 0, 0],
							"lerp_mode": "catmullrom"
						},
						"0.5": {
							"post": [-22.5, 0, 0],
							"lerp_mode": "catmullrom"
						},
						"0.9167": {
							"post": [-17.5, 0, 0],
							"lerp_mode": "catmullrom"
						},
						"1.0833": {
							"post": [-17.5, 0, 0],
							"lerp_mode": "catmullrom"
						},
						"1.2083": {
							"post": [-22.5, 0, 0],
							"lerp_mode": "catmullrom"
						},
						"1.7083": {
							"post": [-17.5, 0, 0],
							"lerp_mode": "catmullrom"
						}
					}
				},
				"feather3": {
					"rotation": {
						"0.0": {
							"post": [-20, 0, 0],
							"lerp_mode": "catmullrom"
						},
						"0.25": {
							"post": [-20, 0, 0],
							"lerp_mode": "catmullrom"
						},
						"0.5417": {
							"post": [-22.5, 0, 0],
							"lerp_mode": "catmullrom"
						},
						"0.9167": {
							"post": [-20, 0, 0],
							"lerp_mode": "catmullrom"
						},
						"1.0833": {
							"post": [-20, 0, 0],
							"lerp_mode": "catmullrom"
						},
						"1.25": {
							"post": [-22.5, 0, 0],
							"lerp_mode": "catmullrom"
						},
						"1.7083": {
							"post": [-20, 0, 0],
							"lerp_mode": "catmullrom"
						}
					}
				},
				"feather4": {
					"rotation": {
						"0.0": {
							"post": [-12.5, 0, 0],
							"lerp_mode": "catmullrom"
						},
						"0.25": {
							"post": [-12.5, 0, 0],
							"lerp_mode": "catmullrom"
						},
						"0.5833": {
							"post": [-22.5, 0, 0],
							"lerp_mode": "catmullrom"
						},
						"0.9167": {
							"post": [-12.5, 0, 0],
							"lerp_mode": "catmullrom"
						},
						"1.0833": {
							"post": [-12.5, 0, 0],
							"lerp_mode": "catmullrom"
						},
						"1.2917": {
							"post": [-22.5, 0, 0],
							"lerp_mode": "catmullrom"
						},
						"1.7083": {
							"post": [-12.5, 0, 0],
							"lerp_mode": "catmullrom"
						}
					}
				},
				"feather5": {
					"rotation": {
						"0.0": {
							"post": [-20, 0, 0],
							"lerp_mode": "catmullrom"
						},
						"0.25": {
							"post": [-20, 0, 0],
							"lerp_mode": "catmullrom"
						},
						"0.625": {
							"post": [-22.5, 0, 0],
							"lerp_mode": "catmullrom"
						},
						"0.9167": {
							"post": [-20, 0, 0],
							"lerp_mode": "catmullrom"
						},
						"1.0833": {
							"post": [-20, 0, 0],
							"lerp_mode": "catmullrom"
						},
						"1.3333": {
							"post": [-22.5, 0, 0],
							"lerp_mode": "catmullrom"
						},
						"1.7083": {
							"post": [-20, 0, 0],
							"lerp_mode": "catmullrom"
						}
					}
				}
			}
		},
		"animation.inklett.sleep": {
			"loop": true,
			"bones": {
				"nose": {
					"rotation": ["math.cos(q.anim_time*90*1-60)*2", 0, "math.cos(q.anim_time*90*0.5-60)*2"]
				},
				"eyes": {
					"position": [0, -1, 0],
					"scale": [1, 0.1, 1]
				},
				"eye_normal_left": {
					"position": [0, 0, 0],
					"scale": 1
				},
				"feather": {
					"rotation": ["-22.5-math.cos(q.anim_time*90*1-60)*3", 0, 0]
				},
				"feather2": {
					"rotation": ["-17.5-math.cos(q.anim_time*90*1-90)*3", 0, 0]
				},
				"feather3": {
					"rotation": ["-27.5-math.cos(q.anim_time*90*1-120)*3", 0, 0]
				},
				"feather4": {
					"rotation": ["-30-math.cos(q.anim_time*90*1-150)*3", 0, 0]
				},
				"feather5": {
					"rotation": ["-25-math.cos(q.anim_time*90*1-180)*3", 0, 0]
				}
			}
		},
		"animation.inklett.blink": {
			"animation_length": 0.25,
			"bones": {
				"eye_normal_left": {
					"position": {
						"0.0": [0, 0, 0],
						"0.0833": [0, -1.25, 0],
						"0.1667": [0, -1.25, 0],
						"0.25": [0, 0, 0]
					},
					"scale": {
						"0.0": [1, 1, 1],
						"0.0833": [1, 0.1, 1],
						"0.1667": [1, 0.1, 1],
						"0.25": [1, 1, 1]
					}
				},
				"eye_normal_right": {
					"position": {
						"0.0": [0, 0, 0],
						"0.0833": [0, -1.25, 0],
						"0.1667": [0, -1.25, 0],
						"0.25": [0, 0, 0]
					},
					"scale": {
						"0.0": [1, 1, 1],
						"0.0833": [1, 0.1, 1],
						"0.1667": [1, 0.1, 1],
						"0.25": [1, 1, 1]
					}
				}
			}
		},
		"animation.inklett.quirk_idle": {
			"animation_length": 1,
			"bones": {
				"nose": {
					"rotation": {
						"0.0": {
							"post": [0, 0, 0],
							"lerp_mode": "catmullrom"
						},
						"0.0833": {
							"post": [-3, 0, -2],
							"lerp_mode": "catmullrom"
						},
						"0.2083": {
							"post": [0, 0, 2],
							"lerp_mode": "catmullrom"
						},
						"0.3333": {
							"post": [0, 0, -1],
							"lerp_mode": "catmullrom"
						},
						"0.6667": {
							"post": [0, 0, 0],
							"lerp_mode": "catmullrom"
						},
						"1.0": {
							"post": [0, 0, 0],
							"lerp_mode": "catmullrom"
						}
					}
				}
			}
		},
		"animation.inklett.cry": {
			"animation_length": 2,
			"bones": {
				"ink": {
					"rotation": {
						"0.0": [0, 0, 0],
						"0.2083": {
							"pre": [0, 0, -3],
							"post": [0, 0, -3],
							"lerp_mode": "catmullrom"
						},
						"0.3333": {
							"post": [0, 0, 3],
							"lerp_mode": "catmullrom"
						},
						"0.4583": {
							"post": [0, 0, -3],
							"lerp_mode": "catmullrom"
						},
						"0.5833": {
							"post": [0, 0, 3],
							"lerp_mode": "catmullrom"
						},
						"1.0417": {
							"post": [-3, 0, 0],
							"lerp_mode": "catmullrom"
						},
						"1.5": {
							"post": [0, 0, 0],
							"lerp_mode": "catmullrom"
						},
						"1.8333": [0, 0, 0]
					}
				},
				"nose": {
					"rotation": {
						"0.0": [0, 0, 0],
						"0.1667": {
							"pre": [0, 0, -5],
							"post": [0, 0, -5],
							"lerp_mode": "catmullrom"
						},
						"0.25": {
							"post": [0, 0, 3],
							"lerp_mode": "catmullrom"
						},
						"0.3333": {
							"post": [10, 0, -5],
							"lerp_mode": "catmullrom"
						},
						"0.4167": {
							"post": [0, 0, 3],
							"lerp_mode": "catmullrom"
						},
						"0.5": {
							"post": [0, 0, -5],
							"lerp_mode": "catmullrom"
						},
						"0.5833": {
							"post": [0, 0, 0],
							"lerp_mode": "catmullrom"
						},
						"0.8333": {
							"post": [-7.5, 0, 0.34031],
							"lerp_mode": "catmullrom"
						},
						"1.4167": [0, 0, 0]
					},
					"position": {
						"0.0": [0, 0, 0],
						"0.5833": {
							"pre": [0, 0, 0],
							"post": [0, 0, 0],
							"lerp_mode": "catmullrom"
						},
						"0.8333": {
							"post": [0, 0.25, 0],
							"lerp_mode": "catmullrom"
						},
						"1.4167": [0, 0, 0]
					}
				},
				"eyes": {
					"position": {
						"0.0": [0, 0, 0],
						"0.1667": {
							"pre": [0, 0.25, 0],
							"post": [0, 0.25, 0],
							"lerp_mode": "catmullrom"
						},
						"0.25": {
							"post": [0, 0, 0],
							"lerp_mode": "catmullrom"
						},
						"0.3333": {
							"post": [0, 0.25, 0],
							"lerp_mode": "catmullrom"
						},
						"0.4167": {
							"post": [0, 0, 0],
							"lerp_mode": "catmullrom"
						},
						"0.5": {
							"post": [0, 0.25, 0],
							"lerp_mode": "catmullrom"
						},
						"0.5833": {
							"post": [0, 0, 0],
							"lerp_mode": "catmullrom"
						},
						"0.8333": {
							"post": [0, 0.25, 0],
							"lerp_mode": "catmullrom"
						},
						"1.4167": [0, 0, 0]
					}
				}
			},
			"sound_effects": {
				"0.125": {
					"effect": "pokemon.inklett.cry"
				}
			}
		},
		"animation.inklett.faint": {
			"loop": "hold_on_last_frame",
			"animation_length": 3,
			"bones": {
				"body": {
					"rotation": {
						"0.0": {
							"post": [0, 0, 0],
							"lerp_mode": "catmullrom"
						},
						"0.4583": {
							"post": [5, -360, 5],
							"lerp_mode": "catmullrom"
						},
						"0.6667": {
							"post": [16.96603, -368.19963, 13.9733],
							"lerp_mode": "catmullrom"
						},
						"0.8333": [13.64044, -372.58106, 15.58962],
						"1.3333": [22.5, -360, 90]
					},
					"position": {
						"0.0": {
							"post": [0, 0, 0],
							"lerp_mode": "catmullrom"
						},
						"0.4167": {
							"post": [0, 0, 0],
							"lerp_mode": "catmullrom"
						},
						"0.4583": {
							"post": [0, 0.5, 0],
							"lerp_mode": "catmullrom"
						},
						"0.6667": {
							"post": [0, 1.92, 0],
							"lerp_mode": "catmullrom"
						},
						"0.8333": [0.5, 1.75, 0],
						"1.0833": [4, 4.5, -1],
						"1.3333": [8, 1.75, -2]
					},
					"scale": {
						"0.0": [1, 1, 1],
						"0.4583": [1, 1, 1],
						"0.6667": [1, 1.2, 1],
						"0.8333": [1, 1, 1]
					}
				},
				"ink": {
					"position": {
						"0.0": [0, 0, 0],
						"1.125": [0, 0, 0],
						"1.5833": [3, 0, 0]
					},
					"scale": {
						"0.0": [1, 1, 1],
						"1.125": [1, 1, 1],
						"1.5833": [0.3, 1, 1]
					}
				},
				"eye_normal_left": {
					"position": {
						"0.0": [0, 0, 0],
						"0.25": {"pre": [0, 0, 0], "post": [0, 0, 2]}
					},
					"scale": {
						"0.0": [1, 1, 1],
						"0.25": {"pre": [1, 1, 1], "post": [0, 0, 0]}
					}
				},
				"eye_normal_right": {
					"position": {
						"0.0": [0, 0, 0],
						"0.25": {"pre": [0, 0, 0], "post": [0, 0, 2]}
					},
					"scale": {
						"0.0": [1, 1, 1],
						"0.25": {"pre": [1, 1, 1], "post": [0, 0, 0]}
					}
				},
				"eye_closed_left": {
					"position": {
						"0.0": [0, 0, 0],
						"0.25": {"pre": [0, 0, 0], "post": [0, 0, -3]}
					}
				},
				"eye_closed_right": {
					"position": {
						"0.0": [0, 0, 0],
						"0.25": {"pre": [0, 0, 0], "post": [0, 0, -3]}
					}
				},
				"inklett": {
					"scale": {
						"0.0": [1, 1, 1],
						"0.375": [1, 0.9, 1]
					}
				},
				"feather": {
					"rotation": {
						"0.0": {
							"post": [-15, 0, 0],
							"lerp_mode": "catmullrom"
						},
						"0.75": {
							"post": [-15, 0, 0],
							"lerp_mode": "catmullrom"
						},
						"1.3333": {
							"post": [0, 0, -10],
							"lerp_mode": "catmullrom"
						},
						"1.5833": {
							"post": [0, -90, 10],
							"lerp_mode": "catmullrom"
						},
						"1.75": {
							"post": [0, -90, 2.5],
							"lerp_mode": "catmullrom"
						},
						"2.0": [0, -90, 0],
						"2.5833": [0, -90, 0]
					},
					"position": {
						"0.0": {
							"post": [0, 0, 0],
							"lerp_mode": "catmullrom"
						},
						"0.75": {
							"post": [0, 0, 0],
							"lerp_mode": "catmullrom"
						},
						"1.0417": {
							"post": [0, 5, 0],
							"lerp_mode": "catmullrom"
						},
						"1.3333": {
							"post": [-3.38, 6.08, 0],
							"lerp_mode": "catmullrom"
						},
						"1.5833": {
							"post": [3, 7, 0],
							"lerp_mode": "catmullrom"
						},
						"1.75": {
							"post": [4.175, 9, 0],
							"lerp_mode": "catmullrom"
						},
						"2.0": [4.43, 10, 0],
						"2.5833": [4.43, 10, 0]
					}
				},
				"feather2": {
					"rotation": {
						"0.0": {
							"post": [-15, 0, 0],
							"lerp_mode": "catmullrom"
						},
						"0.75": {
							"post": [-15, 0, 0],
							"lerp_mode": "catmullrom"
						},
						"1.0417": {
							"post": [-7.5, 0, 0],
							"lerp_mode": "catmullrom"
						},
						"1.75": {
							"post": [-7.5, 0, 0],
							"lerp_mode": "catmullrom"
						},
						"2.0": [0, 0, 0],
						"2.5833": [0, 0, 0]
					}
				},
				"feather3": {
					"rotation": {
						"0.0": {
							"post": [-12.5, 0, 0],
							"lerp_mode": "catmullrom"
						},
						"0.75": {
							"post": [-12.5, 0, 0],
							"lerp_mode": "catmullrom"
						},
						"1.0417": {
							"post": [-12.5, 0, 0],
							"lerp_mode": "catmullrom"
						},
						"1.75": {
							"post": [-12.5, 0, 0],
							"lerp_mode": "catmullrom"
						},
						"2.0": [0, 0, 0],
						"2.5833": [0, 0, 0]
					}
				},
				"feather4": {
					"rotation": {
						"0.0": {
							"post": [-17.5, 0, 0],
							"lerp_mode": "catmullrom"
						},
						"0.75": {
							"post": [-17.5, 0, 0],
							"lerp_mode": "catmullrom"
						},
						"1.0417": {
							"post": [-30, 0, 0],
							"lerp_mode": "catmullrom"
						},
						"1.75": {
							"post": [-30, 0, 0],
							"lerp_mode": "catmullrom"
						},
						"2.0": [0, 0, 0],
						"2.5833": [0, 0, 0]
					}
				},
				"feather5": {
					"rotation": {
						"0.0": {
							"post": [-17.5, 0, 0],
							"lerp_mode": "catmullrom"
						},
						"0.75": {
							"post": [-17.5, 0, 0],
							"lerp_mode": "catmullrom"
						},
						"1.0417": {
							"post": [-10, 0, 0],
							"lerp_mode": "catmullrom"
						},
						"1.75": {
							"post": [-10, 0, 0],
							"lerp_mode": "catmullrom"
						},
						"2.0": [0, 0, 0],
						"2.5833": [0, 0, 0]
					}
				},
				"ink_spilled": {
					"rotation": {
						"0.0": [0, 0, 0],
						"1.125": [0, 0, 0],
						"1.625": [0, 0, -90],
						"2.5833": [0, 0, -90]
					},
					"position": {
						"0.0": [0, 0, 0],
						"1.125": [0, 0, 0],
						"1.2917": [1.17, 5.33, 0],
						"1.625": [5, 16, 0],
						"2.5833": [5, 16, 0]
					},
					"scale": {
						"0.0": [1, 1, 1],
						"0.25": {
							"pre": [0, 0, 0],
							"post": [0, 0, 0],
							"lerp_mode": "catmullrom"
						},
						"1.125": {
							"post": [1, 1, 1],
							"lerp_mode": "catmullrom"
						},
						"1.375": {
							"post": [1, 1, 1],
							"lerp_mode": "catmullrom"
						},
						"1.625": [2, 1, 2],
						"2.5833": [2, 1, 2]
					}
				}
			}
		},
		"animation.inklett.walkspeedtest": {
			"loop": true,
			"bones": {
				"inklett": {
					"position": [0, 0, "-q.anim_time*90*0.15"]
				}
			}
		}
	}
}