{
	"format_version": "1.8.0",
	"animations": {
		"animation.inktrio.ground_idle": {
			"loop": true,
			"bones": {
				"body_yellow": {
					"rotation": ["3.4414+math.sin(q.anim_time*90*2-90)*0.5", "3.3817+math.cos(q.anim_time*90*1-90)*1", "1.5712+math.sin(q.anim_time*90*1-90)*1"],
					"position": ["0.4+0.1*math.sin(q.anim_time*90*1-90)", "-0.3+0.1*math.sin(q.anim_time*90*3-90)", -0.3]
				},
				"body_magenta": {
					"rotation": ["-2.9129+math.sin(q.anim_time*90*2-180)*0.5", "-0.0039+math.cos(q.anim_time*90*1-180)*1", "2.5008+math.sin(q.anim_time*90*1-180)*1"],
					"position": ["0.1*math.sin(q.anim_time*90*1-180)", "-0.3+0.1*math.sin(q.anim_time*90*3-180)", 0]
				},
				"body_cyan": {
					"rotation": ["4.9592+math.sin(q.anim_time*90*2)*0.5", "-4.8873+math.cos(q.anim_time*90*1)*1", "-2.7124+math.sin(q.anim_time*90*1)*1"],
					"position": ["-0.3+0.1*math.sin(q.anim_time*90*1)", "-0.3+0.1*math.sin(q.anim_time*90*3)", 0]
				},
				"body_magenta2": {
					"rotation": [0, 0, "math.sin(q.anim_time*90*1-220)*1"]
				},
				"feather": {
					"rotation": ["-16.1735-math.cos(q.anim_time*90*1-220)*3", 0, "0+math.sin(q.anim_time*90*1-180)*1"]
				},
				"feather2": {
					"rotation": ["-15-math.cos(q.anim_time*90*1-250)*3", 0, 0]
				},
				"feather3": {
					"rotation": ["-12.5-math.cos(q.anim_time*90*1-280)*3", 0, 0]
				},
				"feather4": {
					"rotation": ["-17.5-math.cos(q.anim_time*90*1-310)*3", 0, 0]
				},
				"feather5": {
					"rotation": ["-22.5-math.cos(q.anim_time*90*1-340)*3", 0, 0]
				}
			}
		},
		"animation.inktrio.ground_walk": {
			"loop": true,
			"animation_length": 4,
			"bones": {
				"body_yellow": {
					"rotation": ["7.2151+math.sin(q.anim_time*90*6-90)*2", "3.2031+math.cos(q.anim_time*90*1-90)*1", "-2.4713+math.sin(q.anim_time*90*3-90)*4"],
					"position": ["0.4+0.1*math.sin(q.anim_time*90*1-90)", "0.7+0.3*math.sin(q.anim_time*90*6-160)", 0]
				},
				"body_magenta": {
					"rotation": ["-2.9129+math.sin(q.anim_time*90*6-180)*2", "-0.0039+math.cos(q.anim_time*90*1-180)*1", "2.5008+math.sin(q.anim_time*90*3-180)*3"],
					"position": ["-0.2*math.sin(q.anim_time*90*3-180)", "0.7+0.5*math.sin(q.anim_time*90*6-280)", 0]
				},
				"body_cyan": {
					"rotation": ["4.3908+math.sin(q.anim_time*90*6+60)*3", "-5.838+math.cos(q.anim_time*90*1)*1", "4.7488+math.sin(q.anim_time*90*1)*1"],
					"position": [-0.3, "0.45+0.3*math.sin(q.anim_time*90*6-40)", 0]
				},
				"body_magenta2": {
					"rotation": [0, 0, "math.sin(q.anim_time*90*1-220)*1"],
					"position": [0, "math.sin(q.anim_time*90*6-190)*0.4", 0]
				},
				"body_cyan2": {
					"position": [0, "math.sin(q.anim_time*90*6-10)*0.2", 0]
				},
				"inktrios": {
					"rotation": [0, "2*math.sin(q.anim_time*90*1-60)", 0],
					"position": ["0.6*math.sin(q.anim_time*90*1)", 0, "0.4*math.sin(q.anim_time*90*6)"]
				},
				"book": {
					"position": ["0+math.sin(q.anim_time*90*2)", "3+math.sin(q.anim_time*90*3)", "0+math.sin(q.anim_time*90*1)"]
				},
				"book_left": {
					"rotation": [0, 0, "-5+math.sin(q.anim_time*90*3)*2"]
				},
				"book_right": {
					"rotation": [0, 0, "5-math.sin(q.anim_time*90*3)*2"]
				},
				"feather": {
					"rotation": ["-23.6735-math.cos(q.anim_time*90*4-220)*3", 0, "math.sin(q.anim_time*90*2-180)*1"]
				},
				"feather2": {
					"rotation": ["-30-math.cos(q.anim_time*90*4-250)*3", 0, 0]
				},
				"feather3": {
					"rotation": ["-20-math.cos(q.anim_time*90*4-280)*3", 0, 0]
				},
				"feather4": {
					"rotation": ["-17.5-math.cos(q.anim_time*90*4-310)*3", 0, 0]
				},
				"feather5": {
					"rotation": ["-5-math.cos(q.anim_time*90*4-340)*3", 0, 0]
				},
				"feather_book": {
					"scale": 0
				}
			}
		},
		"animation.inktrio.battle_idle": {
			"loop": true,
			"bones": {
				"body_yellow": {
					"rotation": ["1.9762-math.sin(q.anim_time*90*4-90)*1.9", "6.495+math.cos(q.anim_time*90*1-90)*1", "7.7976-math.sin(q.anim_time*90*2-90)*2"],
					"position": ["0.7-0.1*math.sin(q.anim_time*90*2-130)", "-0.275+0.3*math.sin(q.anim_time*90*4-130)*0.2", -0.3]
				},
				"body_magenta": {
					"rotation": ["2.0871+math.sin(q.anim_time*90*4-180)*1", "-0.0039+math.cos(q.anim_time*90*1-180)*1", "7.5008+math.sin(q.anim_time*90*1-180)*3"],
					"position": ["0.1*math.sin(q.anim_time*90*1-180)", "-0.05+0.1*math.sin(q.anim_time*90*3-180)", 0]
				},
				"body_cyan": {
					"rotation": ["7.5+math.sin(q.anim_time*90*2)*3", "-5+math.cos(q.anim_time*90*1-60)*2", "-5+math.sin(q.anim_time*90*2)*4"],
					"position": [0, "0.1*math.sin(q.anim_time*90*4)", 0]
				},
				"body_magenta2": {
					"rotation": ["math.sin(q.anim_time*90*4-220)*2", 0, "math.sin(q.anim_time*90*2-220)*3"]
				},
				"body_cyan2": {
					"rotation": ["math.sin(q.anim_time*90*4-120)*2", 0, "math.sin(q.anim_time*90*1-60)*3"]
				},
				"feather": {
					"rotation": ["-16.1735-math.cos(q.anim_time*90*4-220)*3", 0, "0+math.sin(q.anim_time*90*2-180)*1"]
				},
				"feather2": {
					"rotation": ["-15-math.cos(q.anim_time*90*4-250)*3", 0, 0]
				},
				"feather3": {
					"rotation": ["-12.5-math.cos(q.anim_time*90*4-280)*3", 0, 0]
				},
				"feather4": {
					"rotation": ["-17.5-math.cos(q.anim_time*90*4-310)*3", 0, 0]
				},
				"feather5": {
					"rotation": ["-22.5-math.cos(q.anim_time*90*4-340)*3", 0, 0]
				}
			}
		},
		"animation.inktrio.faint": {
			"loop": "hold_on_last_frame",
			"animation_length": 3,
			"bones": {
				"body_yellow": {
					"rotation": {
						"0.0": {
							"post": [0, 0, 0],
							"lerp_mode": "catmullrom"
						},
						"0.2917": {
							"post": [5.88332, 7.46094, 0.7666],
							"lerp_mode": "catmullrom"
						},
						"0.5": {
							"post": [10, 0, 0],
							"lerp_mode": "catmullrom"
						},
						"0.875": {
							"post": [-7.34892, -9.84655, -1.75378],
							"lerp_mode": "catmullrom"
						},
						"1.0833": {
							"post": [0, 0, 0],
							"lerp_mode": "catmullrom"
						}
					},
					"position": {
						"0.0": [0, 0, 0],
						"0.875": [0, 0, 0],
						"1.0833": [0, -2, 0]
					},
					"scale": {
						"0.0": {
							"post": [1, 1, 1],
							"lerp_mode": "catmullrom"
						},
						"0.0833": {
							"post": [1, 0.9, 1],
							"lerp_mode": "catmullrom"
						},
						"0.1667": {
							"post": [1, 1, 1],
							"lerp_mode": "catmullrom"
						},
						"0.25": {
							"post": [1, 0.9, 1],
							"lerp_mode": "catmullrom"
						},
						"0.3333": {
							"post": [1, 1, 1],
							"lerp_mode": "catmullrom"
						},
						"0.4167": {
							"post": [1, 0.9, 1],
							"lerp_mode": "catmullrom"
						},
						"0.5": {
							"post": [1, 1, 1],
							"lerp_mode": "catmullrom"
						},
						"0.5833": {
							"post": [1, 0.9, 1],
							"lerp_mode": "catmullrom"
						},
						"0.6667": {
							"post": [1, 1, 1],
							"lerp_mode": "catmullrom"
						},
						"0.75": {
							"post": [1, 0.9, 1],
							"lerp_mode": "catmullrom"
						},
						"0.8333": {
							"post": [1, 1.2, 1],
							"lerp_mode": "catmullrom"
						},
						"0.9167": [1, 0, 1],
						"0.9583": [0, 0, 0],
						"1.125": [0, 0, 0]
					}
				},
				"body_magenta": {
					"rotation": {
						"0.0": {
							"post": [0, 0, 0],
							"lerp_mode": "catmullrom"
						},
						"0.125": {
							"post": [-12.5, 0, 0],
							"lerp_mode": "catmullrom"
						},
						"0.4167": {
							"post": [-12.68664, -9.76061, 2.18558],
							"lerp_mode": "catmullrom"
						},
						"0.5417": {
							"post": [-12.54624, 4.88119, -1.08482],
							"lerp_mode": "catmullrom"
						},
						"0.7917": {
							"post": [5.74433, 2.62833, -0.58414],
							"lerp_mode": "catmullrom"
						},
						"1.0833": [0, 0, 0]
					},
					"position": {
						"0.0": [0, 0, 0],
						"0.7917": [0, 0, 0],
						"1.0833": [0, -2, 0]
					},
					"scale": {
						"0.0": [1, 1, 1],
						"0.7917": [1, 1, 1],
						"0.875": [1, 1.1, 1],
						"1.0417": [0, 0, 0],
						"1.0833": [0, 0, 0]
					}
				},
				"body_cyan": {
					"rotation": {
						"0.0": {
							"post": [0, 0, 0],
							"lerp_mode": "catmullrom"
						},
						"0.625": {
							"post": [7.5, 0, 0],
							"lerp_mode": "catmullrom"
						},
						"0.8333": {
							"post": [-2.5, 0, 0],
							"lerp_mode": "catmullrom"
						},
						"1.0833": {
							"post": [0, 0, 0],
							"lerp_mode": "catmullrom"
						}
					},
					"scale": {
						"0.0": {
							"post": [1, 1, 1],
							"lerp_mode": "catmullrom"
						},
						"0.0417": {
							"post": [1, 1, 1],
							"lerp_mode": "catmullrom"
						},
						"0.125": {
							"post": [1, 0.9, 1],
							"lerp_mode": "catmullrom"
						},
						"0.2083": {
							"post": [1, 1, 1],
							"lerp_mode": "catmullrom"
						},
						"0.2917": {
							"post": [1, 0.9, 1],
							"lerp_mode": "catmullrom"
						},
						"0.375": {
							"post": [1, 1, 1],
							"lerp_mode": "catmullrom"
						},
						"0.4583": {
							"post": [1, 0.9, 1],
							"lerp_mode": "catmullrom"
						},
						"0.5417": {
							"post": [1, 1, 1],
							"lerp_mode": "catmullrom"
						},
						"0.625": {
							"post": [1, 0.9, 1],
							"lerp_mode": "catmullrom"
						},
						"0.7083": {
							"post": [1, 1, 1],
							"lerp_mode": "catmullrom"
						},
						"0.7917": {
							"post": [1, 0.9, 1],
							"lerp_mode": "catmullrom"
						},
						"0.875": {
							"post": [1, 1.2, 1],
							"lerp_mode": "catmullrom"
						},
						"0.9167": [1, 1.1, 1],
						"0.9583": [1, 0, 1],
						"1.0": [0, 0, 0]
					}
				},
				"body_magenta2": {
					"rotation": {
						"0.0": {
							"post": [0, 0, 0],
							"lerp_mode": "catmullrom"
						},
						"0.25": {
							"post": [17.5, 0, 0],
							"lerp_mode": "catmullrom"
						},
						"0.4167": {
							"post": [17.51565, -2.38422, -0.7522],
							"lerp_mode": "catmullrom"
						},
						"0.5833": {
							"post": [17.64168, 7.15102, 2.26708],
							"lerp_mode": "catmullrom"
						},
						"0.7917": {
							"post": [-7.5, 0, 0],
							"lerp_mode": "catmullrom"
						},
						"0.9167": {
							"post": [-12.5, 0, 0],
							"lerp_mode": "catmullrom"
						},
						"1.0833": [0, 0, 0]
					}
				},
				"body_cyan2": {
					"rotation": {
						"0.0": {
							"post": [0, 0, 0],
							"lerp_mode": "catmullrom"
						},
						"0.5": {
							"post": [12.5, 0, 0],
							"lerp_mode": "catmullrom"
						},
						"1.0": {
							"post": [-7.5, 0, 0],
							"lerp_mode": "catmullrom"
						},
						"1.0833": {
							"post": [0, 0, 0],
							"lerp_mode": "catmullrom"
						}
					}
				},
				"eyelid_left_cyan": {
					"position": {
						"0.2083": [0, 0, 0],
						"0.4167": {"pre": [0, 0, 0], "post": [0, 0, -0.1]}
					}
				},
				"eyelid_right_cyan": {
					"position": {
						"0.2083": [0, 0, 0],
						"0.4167": {"pre": [0, 0, 0], "post": [0, 0, -0.1]}
					}
				},
				"eyelid_left_yellow": {
					"position": {
						"0.0": [0, 0, 0],
						"0.2083": {"pre": [0, 0, 0], "post": [0, 0, -0.1]}
					}
				},
				"eyelid_right_yellow": {
					"position": {
						"0.0": [0, 0, 0],
						"0.2083": {"pre": [0, 0, 0], "post": [0, 0, -0.1]}
					}
				},
				"eyelid_left_magenta": {
					"position": {
						"0.2083": [0, 0, 0],
						"0.4167": {"pre": [0, 0, 0], "post": [0, 0, -0.1]},
						"0.5": {"pre": [0, 0, -0.1], "post": [0, 0, 0]},
						"0.8333": {"pre": [0, 0, 0], "post": [0, 0, -0.1]}
					}
				},
				"eyelid_right_magenta": {
					"position": {
						"0.2083": [0, 0, 0],
						"0.4167": {"pre": [0, 0, 0], "post": [0, 0, -0.1]},
						"0.5": {"pre": [0, 0, -0.1], "post": [0, 0, 0]},
						"0.8333": {"pre": [0, 0, 0], "post": [0, 0, -0.1]}
					}
				},
				"book": {
					"rotation": {
						"0.0": [0, 0, 0],
						"1.0833": [0, 0, 0],
						"1.1667": [10, 0, 0],
						"1.3333": [-5, 0, 0],
						"1.5833": [0, 0, 90]
					},
					"position": {
						"0.0": [0, 0, 0],
						"1.0833": [0, 0, 0],
						"1.1667": [0, 3, -1],
						"1.3333": [0, 4, -3],
						"1.5833": [0, 1, -3]
					}
				},
				"book_left": {
					"rotation": {
						"0.0": [0, 0, 0],
						"0.9167": [0, 0, 0],
						"1.0833": [0, 0, -90]
					}
				},
				"book_right": {
					"rotation": {
						"0.0": [0, 0, 0],
						"0.9167": [0, 0, 0],
						"1.0833": [0, 0, 90]
					}
				},
				"feather": {
					"rotation": {
						"0.0": {
							"post": [-22.5, 0, 9],
							"lerp_mode": "catmullrom"
						},
						"0.1667": {
							"post": [-22.57734, -4.61854, 1.9175],
							"lerp_mode": "catmullrom"
						},
						"0.625": {
							"post": [-22.5, 0, -0.00007],
							"lerp_mode": "catmullrom"
						},
						"1.5": [-22.5, 0, -0.00007]
					}
				},
				"feather2": {
					"rotation": {
						"0.0": {
							"post": [-22.5, 0, 0],
							"lerp_mode": "catmullrom"
						},
						"0.25": {
							"post": [-22.19157, -3.81024, -9.25249],
							"lerp_mode": "catmullrom"
						},
						"0.625": {
							"post": [-22.48072, 0.95645, 2.30991],
							"lerp_mode": "catmullrom"
						},
						"1.5": [-22.48072, 0.95645, 2.30991]
					}
				},
				"feather3": {
					"rotation": {
						"0.0": {
							"post": [-22.5, 0, 0],
							"lerp_mode": "catmullrom"
						},
						"0.3333": {
							"post": [-22.32648, -2.86313, -6.93488],
							"lerp_mode": "catmullrom"
						},
						"0.7083": {
							"post": [-22.42287, 1.91134, 4.62111],
							"lerp_mode": "catmullrom"
						},
						"1.5833": [-22.42287, 1.91134, 4.62111]
					}
				},
				"feather4": {
					"rotation": {
						"0.0": {
							"post": [-22.5, 0, 0],
							"lerp_mode": "catmullrom"
						},
						"0.4583": {
							"post": [-22.32648, -2.86313, -6.93488],
							"lerp_mode": "catmullrom"
						},
						"0.75": {
							"post": [-22.19157, 3.81024, 9.25249],
							"lerp_mode": "catmullrom"
						},
						"1.625": [-22.19157, 3.81024, 9.25249]
					}
				},
				"feather5": {
					"rotation": {
						"0.0": {
							"post": [-22.5, 0, 0],
							"lerp_mode": "catmullrom"
						},
						"0.5417": {
							"post": [-22.42287, -1.91134, -4.62111],
							"lerp_mode": "catmullrom"
						},
						"0.8333": {
							"post": [-22.42287, 1.91134, 4.62111],
							"lerp_mode": "catmullrom"
						},
						"1.7083": [-22.42287, 1.91134, 4.62111]
					}
				},
				"feather_book": {
					"rotation": {
						"0.0": [0, 0, 0],
						"0.875": [0, 0, 0],
						"0.9167": [57.5, 0, 0],
						"1.5": [-52.75, 0, 0],
						"1.75": [0, 0, 0]
					},
					"position": {
						"0.0": [0, 0, 0],
						"0.875": [0, 0, 0],
						"0.9167": [0, 13, 9],
						"0.9583": [0, 17, 9],
						"1.1667": [0, 19, 9],
						"1.25": [-0.57, 20.18, 9],
						"1.75": [-2, -0.75, 9]
					},
					"scale": {
						"0.0": [1, 1, 1],
						"0.875": [1, 1, 1],
						"0.9167": [1, 1.4, 1],
						"1.0417": [1, 1, 1]
					}
				},
				"feather_book2": {
					"rotation": {
						"0.0": [0, 0, 0],
						"0.9167": [0, 0, 0],
						"0.9583": [12.5, 0, 0],
						"1.5": [25, 0, 0],
						"1.8333": [0, 0, 0]
					}
				},
				"feather_book3": {
					"rotation": {
						"0.0": [0, 0, 0],
						"0.9167": [0, 0, 0],
						"0.9583": [10, 0, 0],
						"1.5": [20, 0, 0],
						"1.9167": [0, 0, 0]
					}
				},
				"feather_book4": {
					"rotation": {
						"0.0": [0, 0, 0],
						"0.9167": [0, 0, 0],
						"0.9583": [12.5, 0, 0],
						"1.5": [25, 0, 0],
						"2.0": [0, 0, 0]
					}
				},
				"feather_book5": {
					"rotation": {
						"0.0": [0, 0, 0],
						"0.9167": [0, 0, 0],
						"0.9583": [20, 0, 0],
						"1.5": [27.5, 0, 0],
						"2.0833": [0, 0, 0]
					}
				}
			}
		},
		"animation.inktrio.blink": {
			"animation_length": 0.1667,
			"bones": {
				"eyelid_right": {
					"position": {
						"0.0": [0, 0, -0.1],
						"0.125": [0, 0, -0.1],
						"0.1667": [0, 0, 0]
					}
				},
				"eyelid_left": {
					"position": {
						"0.0": [0, 0, -0.1],
						"0.125": [0, 0, -0.1],
						"0.1667": [0, 0, 0]
					}
				},
				"eyelid_right_cyan": {
					"position": {
						"0.0": [0, 0, -0.1],
						"0.125": [0, 0, -0.1],
						"0.1667": {"pre": [0, 0, -0.1], "post": [0, 0, 0]}
					}
				},
				"eyelid_left_cyan": {
					"position": {
						"0.0": [0, 0, -0.1],
						"0.125": [0, 0, -0.1],
						"0.1667": {"pre": [0, 0, -0.1], "post": [0, 0, 0]}
					}
				}
			}
		},
		"animation.inktrio.blink2": {
			"animation_length": 0.1667,
			"bones": {
				"eyelid_right": {
					"position": {
						"0.0": [0, 0, -0.1],
						"0.125": [0, 0, -0.1],
						"0.1667": [0, 0, 0]
					}
				},
				"eyelid_left": {
					"position": {
						"0.0": [0, 0, -0.1],
						"0.125": [0, 0, -0.1],
						"0.1667": [0, 0, 0]
					}
				},
				"eyelid_right_yellow": {
					"position": {
						"0.0": [0, 0, -0.1],
						"0.125": [0, 0, -0.1],
						"0.1667": {"pre": [0, 0, -0.1], "post": [0, 0, 0]}
					}
				},
				"eyelid_left_yellow": {
					"position": {
						"0.0": [0, 0, -0.1],
						"0.125": [0, 0, -0.1],
						"0.1667": {"pre": [0, 0, -0.1], "post": [0, 0, 0]}
					}
				}
			}
		},
		"animation.inktrio.blink3": {
			"animation_length": 0.1667,
			"bones": {
				"eyelid_right": {
					"position": {
						"0.0": [0, 0, -0.1],
						"0.125": [0, 0, -0.1],
						"0.1667": [0, 0, 0]
					}
				},
				"eyelid_left": {
					"position": {
						"0.0": [0, 0, -0.1],
						"0.125": [0, 0, -0.1],
						"0.1667": [0, 0, 0]
					}
				},
				"eyelid_right_magenta": {
					"position": {
						"0.0": [0, 0, -0.1],
						"0.125": [0, 0, -0.1],
						"0.1667": {"pre": [0, 0, -0.1], "post": [0, 0, 0]}
					}
				},
				"eyelid_left_magenta": {
					"position": {
						"0.0": [0, 0, -0.1],
						"0.125": [0, 0, -0.1],
						"0.1667": {"pre": [0, 0, -0.1], "post": [0, 0, 0]}
					}
				}
			}
		},
		"animation.inktrio.cry": {
			"animation_length": 2.25,
			"bones": {
				"body_cyan": {
					"rotation": {
						"0.0": [0, 0, 0],
						"0.2083": {
							"pre": [9, 0, 0],
							"post": [9, 0, 0],
							"lerp_mode": "catmullrom"
						},
						"0.3333": {
							"post": [-2, 0, 0],
							"lerp_mode": "catmullrom"
						},
						"0.5833": {
							"post": [-2, -2, 0],
							"lerp_mode": "catmullrom"
						},
						"0.875": {
							"post": [0, 1, 0],
							"lerp_mode": "catmullrom"
						},
						"2.0417": [0, 0, 0]
					},
					"position": {
						"0.0": [0, 0, 0],
						"0.0833": {
							"pre": [0, 0.05, 0],
							"post": [0, 0.05, 0],
							"lerp_mode": "catmullrom"
						},
						"0.25": {
							"post": [0, -0.3, 0],
							"lerp_mode": "catmullrom"
						},
						"0.3333": {
							"post": [0, 0.3, 0],
							"lerp_mode": "catmullrom"
						},
						"0.5": {
							"post": [0, 0, 0],
							"lerp_mode": "catmullrom"
						},
						"0.8333": {
							"post": [0, -0.6, 0],
							"lerp_mode": "catmullrom"
						},
						"1.125": {
							"post": [0, 0, 0],
							"lerp_mode": "catmullrom"
						},
						"1.9167": [0, 0, 0]
					}
				},
				"body_cyan2": {
					"rotation": {
						"0.0": [0, 0, 0],
						"0.2083": {
							"pre": [5, 0, 0],
							"post": [5, 0, 0],
							"lerp_mode": "catmullrom"
						},
						"0.5": {
							"post": [-4, 0, 0],
							"lerp_mode": "catmullrom"
						},
						"0.9583": {
							"post": [0, 0, 0],
							"lerp_mode": "catmullrom"
						},
						"2.0833": [0, 0, 0]
					}
				},
				"nose_cyan": {
					"rotation": {
						"0.3333": [0, 0, 0],
						"0.375": [0, 0, -9],
						"0.4167": [0, 0, 5],
						"0.5": [0, 0, 0]
					}
				},
				"body_yellow": {
					"rotation": {
						"0.0": [0, 0, 0],
						"0.125": {
							"pre": [-2, 0, 0],
							"post": [-2, 0, 0],
							"lerp_mode": "catmullrom"
						},
						"0.3333": {
							"post": [3, 0, 0],
							"lerp_mode": "catmullrom"
						},
						"0.4167": {
							"post": [7, 1, -0.4],
							"lerp_mode": "catmullrom"
						},
						"0.6667": {
							"post": [1.71, 1.6, 0],
							"lerp_mode": "catmullrom"
						},
						"0.8333": {
							"post": [-5.08584, 0, 1.504],
							"lerp_mode": "catmullrom"
						},
						"1.0833": {
							"post": [-5.08584, 0, 1.504],
							"lerp_mode": "catmullrom"
						},
						"1.3333": {
							"post": [0, -0.3, 0],
							"lerp_mode": "catmullrom"
						},
						"2.0833": [0, 0, 0]
					},
					"position": {
						"0.0": [0, 0, 0],
						"0.1667": {
							"pre": [0, 0, 0],
							"post": [0, 0, 0],
							"lerp_mode": "catmullrom"
						},
						"0.3333": {
							"post": [0, -0.3, 0],
							"lerp_mode": "catmullrom"
						},
						"0.7083": {
							"post": [0, 0, 0],
							"lerp_mode": "catmullrom"
						},
						"0.7917": {
							"post": [0, 0.6, 0],
							"lerp_mode": "catmullrom"
						},
						"1.125": {
							"post": [0, 0, 0],
							"lerp_mode": "catmullrom"
						},
						"1.75": [0, 0, 0]
					}
				},
				"nose_yellow": {
					"rotation": {
						"0.4167": [0, 0, 0],
						"0.4583": [0, 0, -9],
						"0.5": [0, 0, 5],
						"0.5833": [0, 0, 0]
					}
				},
				"body_magenta": {
					"rotation": {
						"0.0": [0, 0, 0],
						"0.125": {
							"pre": [2.5, 0, 0],
							"post": [2.5, 0, 0],
							"lerp_mode": "catmullrom"
						},
						"0.375": {
							"post": [-5, 0, 0],
							"lerp_mode": "catmullrom"
						},
						"0.6667": {
							"post": [-5, 0, 0],
							"lerp_mode": "catmullrom"
						},
						"0.875": {
							"post": [1, 0, 2],
							"lerp_mode": "catmullrom"
						},
						"1.0417": {
							"post": [-5, 0, 0],
							"lerp_mode": "catmullrom"
						},
						"1.625": {
							"post": [0, 0, 0],
							"lerp_mode": "catmullrom"
						},
						"2.1667": [0, 0, 0]
					},
					"position": {
						"0.0": [0, 0, 0],
						"0.7917": [0, 0, 0],
						"0.9583": [0, -0.3, 0],
						"1.0417": [0, 0.3, 0],
						"1.2083": [0, 0, 0]
					}
				},
				"body_magenta2": {
					"rotation": {
						"0.0": [0, 0, 0],
						"0.1667": {
							"pre": [-2, 0, 0],
							"post": [-2, 0, 0],
							"lerp_mode": "catmullrom"
						},
						"0.4583": {
							"post": [3, 0, 0],
							"lerp_mode": "catmullrom"
						},
						"0.9167": {
							"post": [8, 0, 0],
							"lerp_mode": "catmullrom"
						},
						"1.1667": {
							"post": [-3, 0, 0],
							"lerp_mode": "catmullrom"
						},
						"1.5417": {
							"post": [0, 0, 0],
							"lerp_mode": "catmullrom"
						},
						"2.0417": [0, 0, 0]
					}
				},
				"nose_magenta": {
					"rotation": {
						"0.5": [0, 0, 0],
						"0.5417": [-7, 0, -1],
						"0.5833": [-7, 0, -1],
						"0.6667": [0, 0, 0]
					}
				}
			},
			"sound_effects": {
				"0.1667": {
					"effect": "pokemon.inktrio.cry"
				}
			}
		},
		"animation.inktrio.sleep": {
			"loop": true,
			"bones": {
				"body_yellow": {
					"rotation": [10.0872, 2.4961, "0.0046+0.5*math.sin(q.anim_time*90*1-140)"],
					"position": [0.4, "-0.8+0.1*math.sin(q.anim_time*90*1-90)", -0.3]
				},
				"body_magenta": {
					"rotation": [16.0871, -24.0039, 13.5008],
					"position": [0, "-0.3+0.1*math.sin(q.anim_time*90*1-50)", 0]
				},
				"body_cyan": {
					"rotation": [0.68497, -14.99355, 12.76787],
					"position": [-0.3, "0.2+0.1*math.sin(q.anim_time*90*1-70)", 1]
				},
				"body_magenta2": {
					"rotation": ["9-2*math.sin(q.anim_time*90*1-140)", 0, 0]
				},
				"body_cyan2": {
					"rotation": ["0.8*math.sin(q.anim_time*90*0.5)", 0, "9-0.8*math.sin(q.anim_time*90*1-90)"],
					"position": [0.1, 0, 0]
				},
				"eyelid_left_cyan": {
					"position": [0, 0, -0.1]
				},
				"eyelid_right_cyan": {
					"position": [0, 0, -0.1]
				},
				"eyelid_left_yellow": {
					"position": [0, 0, -0.1]
				},
				"eyelid_right_yellow": {
					"position": [0, 0, -0.1]
				},
				"nose_magenta": {
					"rotation": [-17, 0, -11]
				},
				"eyelid_left_magenta": {
					"position": [0, 0, -0.1]
				},
				"eyelid_right_magenta": {
					"position": [0, 0, -0.1]
				},
				"nose_yellow": {
					"rotation": [-7.5, 0, 0]
				},
				"feather": {
					"rotation": ["18.6735-math.cos(q.anim_time*90*1-220)*3", 0, "math.sin(q.anim_time*90*1-180)*1"]
				},
				"feather2": {
					"rotation": ["25-math.cos(q.anim_time*90*1-250)*3", 0, 0]
				},
				"feather3": {
					"rotation": ["27.5-math.cos(q.anim_time*90*1-280)*3", 0, 0]
				},
				"feather4": {
					"rotation": ["35-math.cos(q.anim_time*90*1-310)*3", 0, 0]
				},
				"feather5": {
					"rotation": ["25-math.cos(q.anim_time*90*1-340)*3", 0, 0]
				}
			}
		},
		"animation.inktrio.quirk_idle": {
			"animation_length": 1,
			"bones": {
				"nose_cyan": {
					"rotation": {
						"0.0": {
							"post": [0, 0, 0],
							"lerp_mode": "catmullrom"
						},
						"0.0833": {
							"post": [-3, 0, -2],
							"lerp_mode": "catmullrom"
						},
						"0.2083": {
							"post": [0, 0, 2],
							"lerp_mode": "catmullrom"
						},
						"0.3333": {
							"post": [0, 0, -1],
							"lerp_mode": "catmullrom"
						},
						"0.6667": {
							"post": [0, 0, 0],
							"lerp_mode": "catmullrom"
						},
						"1.0": {
							"post": [0, 0, 0],
							"lerp_mode": "catmullrom"
						}
					}
				}
			}
		},
		"animation.inktrio.quirk_idle2": {
			"animation_length": 1,
			"bones": {
				"nose_yellow": {
					"rotation": {
						"0.0": {
							"post": [0, 0, 0],
							"lerp_mode": "catmullrom"
						},
						"0.0833": {
							"post": [-3, 0, -2],
							"lerp_mode": "catmullrom"
						},
						"0.2083": {
							"post": [0, 0, 2],
							"lerp_mode": "catmullrom"
						},
						"0.3333": {
							"post": [0, 0, -1],
							"lerp_mode": "catmullrom"
						},
						"0.6667": {
							"post": [0, 0, 0],
							"lerp_mode": "catmullrom"
						},
						"1.0": {
							"post": [0, 0, 0],
							"lerp_mode": "catmullrom"
						}
					}
				}
			}
		},
		"animation.inktrio.quirk_idle3": {
			"animation_length": 1,
			"bones": {
				"nose_magenta": {
					"rotation": {
						"0.0": {
							"post": [0, 0, 0],
							"lerp_mode": "catmullrom"
						},
						"0.0833": {
							"post": [-3, 0, -2],
							"lerp_mode": "catmullrom"
						},
						"0.2083": {
							"post": [0, 0, 2],
							"lerp_mode": "catmullrom"
						},
						"0.3333": {
							"post": [0, 0, -1],
							"lerp_mode": "catmullrom"
						},
						"0.6667": {
							"post": [0, 0, 0],
							"lerp_mode": "catmullrom"
						},
						"1.0": {
							"post": [0, 0, 0],
							"lerp_mode": "catmullrom"
						}
					}
				}
			}
		},
		"animation.inktrio.weeee": {
			"loop": true,
			"animation_length": 8,
			"bones": {
				"body_yellow": {
					"rotation": ["0.073+math.sin(q.anim_time*90*2-90)*0.5", "14.9957+math.cos(q.anim_time*90*1-90)*1", "4.9121+math.sin(q.anim_time*90*1-90)*1"],
					"position": ["0.4+0.1*math.sin(q.anim_time*90*1-90)", "-0.3+0.1*math.sin(q.anim_time*90*3-90)", -0.3]
				},
				"body_magenta": {
					"rotation": ["-2.9129+math.sin(q.anim_time*90*2-180)*0.5", "-0.0039+math.cos(q.anim_time*90*1-180)*1", "2.5008+math.sin(q.anim_time*90*1-180)*1"],
					"position": ["0.1*math.sin(q.anim_time*90*1-180)", "-0.3+0.1*math.sin(q.anim_time*90*3-180)", 0]
				},
				"body_cyan": {
					"rotation": ["5.0963+math.sin(q.anim_time*90*2)*0.5", "-14.849+math.cos(q.anim_time*90*1)*1", "-3.5981+math.sin(q.anim_time*90*1)*1"],
					"position": ["-0.3+0.1*math.sin(q.anim_time*90*1)", "-0.3+0.1*math.sin(q.anim_time*90*3)", 0]
				},
				"body_magenta2": {
					"rotation": [0, 0, "math.sin(q.anim_time*90*1-220)*1"]
				}
			}
		},
		"animation.inktrio.walkspeedtest": {
			"loop": true,
			"bones": {
				"inktrio": {
					"position": [0, 0, "-q.anim_time*90*0.15"]
				}
			}
		}
	}
}