{
	"format_version": "1.12.0",
	"minecraft:geometry": [
		{
			"description": {
				"identifier": "geometry.polteageist_coterian",
				"texture_width": 128,
				"texture_height": 128,
				"visible_bounds_width": 4,
				"visible_bounds_height": 4.5,
				"visible_bounds_offset": [0, 1.75, 0]
			},
			"bones": [
				{
					"name": "polteageist_coterian",
					"pivot": [0, 0, 0]
				},
				{
					"name": "base",
					"parent": "polteageist_coterian",
					"pivot": [0, 10, 0],
					"cubes": [
						{"origin": [-5, 16, -5], "size": [10, 12, 10], "uv": [0, 12]},
						{"origin": [-5, 9, -5], "size": [10, 1, 10], "uv": [41, 12]},
						{"origin": [-5, 8.99, -5], "size": [10, 0, 10], "uv": [19, 109]},
						{"origin": [-4, 10, -4], "size": [8, 8, 8], "uv": [39, 45]}
					]
				},
				{
					"name": "cinnamon_body",
					"parent": "base",
					"pivot": [-20, 16, 2.25],
					"cubes": [
						{"origin": [-21, 16, 1.25], "size": [2, 13, 2], "uv": [28, 89]}
					]
				},
				{
					"name": "cinnamon_body_fire",
					"parent": "cinnamon_body",
					"pivot": [-20, 29, 2.25],
					"cubes": [
						{"origin": [-20, 28, -1.75], "size": [0, 11, 8], "uv": [2, 105]},
						{"origin": [-3.75, 28, 20], "size": [0, 11, 8], "pivot": [-1, 26, 5], "rotation": [0, -90, 0], "uv": [2, 105]}
					]
				},
				{
					"name": "body",
					"parent": "base",
					"pivot": [0, 27.5, 1.25],
					"cubes": [
						{"origin": [-4, 27, -1.75], "size": [8, 5, 7], "uv": [68, 62]}
					]
				},
				{
					"name": "neck",
					"parent": "body",
					"pivot": [0, 32, 5.25],
					"cubes": [
						{"origin": [-4, 32, -1.75], "size": [8, 1, 7], "inflate": 0.005, "uv": [0, 71]}
					]
				},
				{
					"name": "arm_left",
					"parent": "neck",
					"pivot": [3, 32, 2.75],
					"cubes": [
						{"origin": [2, 31.5, 1.25], "size": [6, 2, 2], "inflate": 0.01, "uv": [86, 34]}
					]
				},
				{
					"name": "arm_left2",
					"parent": "arm_left",
					"pivot": [8, 32, 2.25],
					"cubes": [
						{"origin": [8, 31.5, 1.25], "size": [5, 2, 2], "uv": [91, 95]}
					]
				},
				{
					"name": "arm_left3",
					"parent": "arm_left2",
					"pivot": [12, 32.5, 2.25],
					"cubes": [
						{"origin": [12, 31, 0.75], "size": [4, 3, 3], "uv": [37, 89]}
					]
				},
				{
					"name": "arm_right",
					"parent": "neck",
					"pivot": [-3, 32, 2.75],
					"cubes": [
						{"origin": [-8, 31.5, 1.25], "size": [6, 2, 2], "inflate": 0.01, "uv": [91, 75]}
					]
				},
				{
					"name": "arm_right2",
					"parent": "arm_right",
					"pivot": [-8, 32.5, 2.25],
					"cubes": [
						{"origin": [-13, 31.5, 1.25], "size": [5, 2, 2], "uv": [13, 96]}
					]
				},
				{
					"name": "arm_right3",
					"parent": "arm_right2",
					"pivot": [-12, 32.5, 2.25],
					"cubes": [
						{"origin": [-16, 31, 0.75], "size": [4, 3, 3], "uv": [91, 80]}
					]
				},
				{
					"name": "cinnamon_arm",
					"parent": "arm_right3",
					"pivot": [-14, 32.5, 2.25],
					"cubes": [
						{"origin": [-15, 26, 1.25], "size": [2, 13, 2], "uv": [28, 89]}
					]
				},
				{
					"name": "cinnamon_arm_fire",
					"parent": "cinnamon_arm",
					"pivot": [-14, 39, 2.25],
					"cubes": [
						{"origin": [-14, 38, -1.75], "size": [0, 11, 8], "uv": [2, 105]},
						{"origin": [-14, 38, -1.75], "size": [0, 11, 8], "pivot": [-14, 42.5, 2.25], "rotation": [0, -90, 0], "uv": [2, 105]}
					]
				},
				{
					"name": "head",
					"parent": "neck",
					"pivot": [0, 33, 5.25],
					"cubes": [
						{"origin": [-4, 33, -1.75], "size": [8, 7, 7], "inflate": 0.01, "uv": [37, 62]}
					]
				},
				{
					"name": "hair",
					"parent": "head",
					"pivot": [0, 36.5, 1.25],
					"cubes": [
						{"origin": [-5, 39.5, -2.75], "size": [10, 4, 8], "uv": [0, 58]}
					]
				},
				{
					"name": "cinnamon_hair",
					"parent": "hair",
					"pivot": [0, 42.5, 2.25],
					"cubes": [
						{"origin": [-1, 41, 1.25], "size": [2, 13, 2], "uv": [28, 89]}
					]
				},
				{
					"name": "hair_whip",
					"parent": "hair",
					"pivot": [1, 43.5, -0.25],
					"cubes": [
						{"origin": [-10, 39.5, -0.25], "size": [14, 10, 0], "uv": [72, 43]}
					]
				},
				{
					"name": "back_hair",
					"parent": "hair",
					"pivot": [0, 40.875, 2.625],
					"cubes": [
						{"origin": [-8.5, 35, 2.75], "size": [17, 6, 3], "uv": [45, 33]},
						{"origin": [-5.5, 35, 0.75], "size": [11, 5, 2], "uv": [72, 54]}
					]
				},
				{
					"name": "back_hair2",
					"parent": "back_hair",
					"pivot": [0, 35, 5.75],
					"cubes": [
						{"origin": [-9.5, 29, 2.75], "size": [19, 6, 3], "uv": [0, 35]},
						{"origin": [-6.5, 29, -0.25], "size": [13, 6, 3], "uv": [55, 0]}
					]
				},
				{
					"name": "back_hair3",
					"parent": "back_hair2",
					"pivot": [0, 30.5, 3.75],
					"rotation": [90, 0, 0],
					"cubes": [
						{"origin": [-10, 27.5, -2.75], "size": [20, 4, 7], "inflate": 0.01, "uv": [0, 0]}
					]
				},
				{
					"name": "back_hair4",
					"parent": "back_hair3",
					"pivot": [0, 29.5, -1.25],
					"cubes": [
						{"origin": [-8.5, 27.5, -5.75], "size": [17, 4, 4], "uv": [41, 24]}
					]
				},
				{
					"name": "face",
					"parent": "head",
					"pivot": [0.75, 33.25, -1]
				},
				{
					"name": "mouth",
					"parent": "face",
					"pivot": [0.75, 33.25, -1]
				},
				{
					"name": "mouth_closed",
					"parent": "mouth",
					"pivot": [0, 33.93852, -0.75],
					"cubes": [
						{"origin": [-1.91994, 33.19565, -1.75], "size": [2, 1, 2], "inflate": 0.015, "pivot": [-0.06994, 33.42065, -0.75], "rotation": [0, 0, 17.5], "uv": [86, 39]},
						{"origin": [-0.08006, 33.19565, -1.75], "size": [2, 1, 2], "inflate": 0.015, "pivot": [0.06994, 33.42065, -0.75], "rotation": [0, 0, -17.5], "uv": [95, 39]}
					]
				},
				{
					"name": "mouth_open",
					"parent": "mouth",
					"pivot": [0.06994, 32.67065, 0.225],
					"cubes": [
						{"origin": [-1.91994, 32.44565, -0.775], "size": [2, 2, 2], "inflate": 0.01, "pivot": [-0.06994, 32.67065, 0.225], "rotation": [0, 0, 7.5], "uv": [99, 66]},
						{"origin": [-0.08006, 32.44565, -0.775], "size": [2, 2, 2], "inflate": 0.01, "pivot": [0.06994, 32.67065, 0.225], "rotation": [0, 0, -7.5], "uv": [0, 100]}
					]
				},
				{
					"name": "eyes",
					"parent": "face",
					"pivot": [3.75, 34.25, -0.75]
				},
				{
					"name": "eye_right",
					"parent": "eyes",
					"pivot": [-2.1, 37.45, -1.75],
					"rotation": [0, 0, -180],
					"cubes": [
						{"origin": [-3.5, 39, -1.75], "size": [2, 1, 0], "inflate": 0.015, "uv": [55, 10]},
						{"origin": [-2.5, 36.75, -1.75], "size": [2, 2, 0], "inflate": 0.015, "uv": [31, 71]},
						{"origin": [-1.5, 35.75, -1.75], "size": [1, 1, 0], "inflate": 0.015, "uv": [41, 33]},
						{"origin": [-3.25, 35.5, -1.75], "size": [2, 1, 0], "inflate": 0.02, "uv": [59, 43]},
						{"origin": [-3.75, 36, -1.75], "size": [1, 3, 0], "inflate": 0.015, "uv": [65, 77]}
					]
				},
				{
					"name": "eye_closed_right",
					"parent": "eye_right",
					"pivot": [-2.75, 39, 0.25],
					"cubes": [
						{"origin": [-3.5, 38.75, -0.75], "size": [3, 1, 0], "inflate": 0.015, "uv": [45, 43]}
					]
				},
				{
					"name": "eye_left",
					"parent": "eyes",
					"pivot": [1.85, 37.45, -1.75],
					"rotation": [0, 0, 180],
					"cubes": [
						{"origin": [0.5, 39, -1.75], "size": [2, 1, 0], "inflate": 0.015, "uv": [60, 10]},
						{"origin": [1.25, 36.75, -1.75], "size": [2, 2, 0], "inflate": 0.015, "uv": [31, 74]},
						{"origin": [2.25, 35.75, -1.75], "size": [1, 1, 0], "inflate": 0.015, "uv": [65, 10]},
						{"origin": [0.5, 35.5, -1.75], "size": [2, 1, 0], "inflate": 0.02, "uv": [64, 43]},
						{"origin": [0, 36, -1.75], "size": [1, 3, 0], "inflate": 0.015, "uv": [28, 80]}
					]
				},
				{
					"name": "eye_closed_left",
					"parent": "eye_left",
					"pivot": [2.5, 39, 0.25],
					"cubes": [
						{"origin": [0.25, 38.75, -0.75], "size": [3, 1, 0], "inflate": 0.015, "uv": [52, 43]}
					]
				},
				{
					"name": "cream",
					"parent": "base",
					"pivot": [0, 11, -1],
					"cubes": [
						{"origin": [-0.5, 24, -3.5], "size": [7, 5, 3], "pivot": [3.75, 26.875, 0.625], "rotation": [0, -90, 0], "uv": [82, 10]},
						{"origin": [-7.25, 24.5, -1.5], "size": [8, 6, 3], "pivot": [-3.75, 26.875, 0.625], "rotation": [0, 90, 0], "uv": [68, 75]},
						{"origin": [-6.25, 25, -6.5], "size": [4, 6, 5], "pivot": [-4, 29.5, -3], "rotation": [0, -22.5, 0], "uv": [0, 80]},
						{"origin": [-6.25, 23, -5.5], "size": [3, 2, 3], "pivot": [-4, 29.5, -3], "rotation": [0, -22.5, 0], "uv": [52, 92]},
						{"origin": [-2.5, 24.5, -7], "size": [5, 6, 5], "uv": [31, 77]},
						{"origin": [-3.5, 27.75, -5.05], "size": [9, 2, 10], "uv": [0, 45]},
						{"origin": [3.05918, 25, -6.70932], "size": [3, 5, 4], "pivot": [4.55918, 27.5, -4.70932], "rotation": [0, 37.5, 0], "uv": [88, 0]}
					]
				},
				{
					"name": "hanging_cream1",
					"parent": "cream",
					"pivot": [1.25, 25.5, -5.5],
					"cubes": [
						{"origin": [0.25, 20.5, -6], "size": [2, 6, 1], "uv": [57, 98]}
					]
				},
				{
					"name": "hanging_cream1_2",
					"parent": "hanging_cream1",
					"pivot": [1.25, 21.5, -5],
					"cubes": [
						{"origin": [-0.75, 16.5, -6.5], "size": [4, 5, 2], "inflate": 0.01, "uv": [91, 87]}
					]
				},
				{
					"name": "hanging_cream2",
					"parent": "cream",
					"pivot": [5, 24.25, -1.75],
					"rotation": [0, -90, 0],
					"cubes": [
						{"origin": [4.5, 21.5, -2.25], "size": [2, 4, 1], "uv": [64, 100]}
					]
				},
				{
					"name": "hanging_cream2_2",
					"parent": "hanging_cream2",
					"pivot": [5, 22.5, -1.25],
					"cubes": [
						{"origin": [4, 18.5, -2.75], "size": [3, 4, 2], "inflate": 0.01, "uv": [1, 93]}
					]
				},
				{
					"name": "handle",
					"parent": "base",
					"pivot": [-4.5, 20.81066, 0.06066],
					"rotation": [0, -90, 0],
					"cubes": [
						{"origin": [-5.5, 20.25, 1.7], "size": [2, 3, 2], "inflate": -0.01, "pivot": [-4.5, 21.25, 2.7], "rotation": [-45, 0, 0], "uv": [99, 19]},
						{"origin": [-5.5, 24.26066, 2.73566], "size": [2, 3, 2], "pivot": [-4.5, 24.61066, 3.78566], "rotation": [180, 0, 0], "uv": [99, 25]},
						{"origin": [-5.5, 25.76066, 1.16066], "size": [2, 3, 2], "inflate": -0.01, "pivot": [-4.5, 26.11066, 2.21066], "rotation": [-135, 0, 0], "uv": [99, 54]},
						{"origin": [-5.5, 25.71066, -0.98934], "size": [2, 3, 2], "pivot": [-4.5, 26.06066, 0.06066], "rotation": [-90, 0, 0], "uv": [99, 60]},
						{"origin": [-5.5, 18.2886, -0.69022], "size": [2, 3, 3], "pivot": [-4.5, 20.86066, 2.73566], "rotation": [55, 0, 0], "uv": [37, 96]},
						{"origin": [-5.5, 16.71957, 1.4367], "size": [2, 4, 2], "inflate": -0.001, "pivot": [-4.5, 20.86066, 2.73566], "rotation": [-50, 0, 0], "uv": [48, 98]}
					]
				}
			]
		}
	]
}