{
	"format_version": "1.8.0",
	"animations": {
		"animation.polteageist_coterian.pose": {
			"loop": true,
			"bones": {
				"body": {
					"rotation": [-22.5, 0, 0]
				},
				"arm_left": {
					"rotation": [0, 15, 27.5]
				},
				"arm_left2": {
					"rotation": [37.26251, 80.88503, 52.73749]
				},
				"arm_left3": {
					"rotation": [25.86982, 20.24242, 25.62822],
					"position": [0, 0.1, 0]
				},
				"neck": {
					"rotation": [12.5, 0, 0]
				},
				"arm_right": {
					"rotation": [0, 2.5, -22.5]
				},
				"arm_right2": {
					"rotation": [-41.00374, -40.53233, 53.22191]
				},
				"arm_right3": {
					"rotation": [17.16997, -8.24501, -25.09086]
				},
				"head": {
					"rotation": [2.5, 0, 0]
				},
				"back_hair": {
					"rotation": [30, 0, 0]
				},
				"back_hair2": {
					"rotation": [-22.5, 0, 0]
				},
				"back_hair3": {
					"rotation": [-52.5, 0, 0],
					"position": [0, 0, -1]
				},
				"back_hair4": {
					"rotation": [-30, 0, 0]
				},
				"polteageist_coterian": {
					"scale": 0.7
				},
				"cinnamon_arm_fire": {
					"scale": 1
				},
				"cinnamon_arm": {
					"rotation": [0, 0, -10]
				}
			}
		},
		"animation.polteageist_coterian.ground_idle": {
			"loop": true,
			"animation_length": 4,
			"bones": {
				"base": {
					"position": ["0+math.sin(query.anim_time*90*1)", "0+math.sin(query.anim_time*90*2)", 0]
				},
				"cinnamon_body": {
					"scale": 0
				},
				"body": {
					"rotation": [-22.5, 0, "0-math.sin(query.anim_time*90*1+60)*2"]
				},
				"neck": {
					"rotation": [10, 0, 0]
				},
				"arm_left": {
					"rotation": [0, 25, 35]
				},
				"arm_left2": {
					"rotation": [140.0123, 74.6634, 121.69]
				},
				"arm_left3": {
					"rotation": [0, 0, 15]
				},
				"arm_right": {
					"rotation": [0, -10, "-22.5+math.sin(query.anim_time*90*2-60)*3"]
				},
				"arm_right2": {
					"rotation": [0, -27.5, "27.5+math.sin(query.anim_time*90*2-120)*3"]
				},
				"arm_right3": {
					"rotation": [0, 0, "10-math.sin(query.anim_time*90*2+0)"]
				},
				"cinnamon_arm": {
					"rotation": [0, 0, "-22.5+math.sin(query.anim_time*90*2+0)*2"]
				},
				"head": {
					"rotation": [5, 0, 0]
				},
				"back_hair": {
					"rotation": [30, 0, 0]
				},
				"back_hair2": {
					"rotation": [-22.5, 0, 0]
				},
				"back_hair3": {
					"rotation": [-52.5, 0, 0]
				},
				"back_hair4": {
					"rotation": [-30, 0, 0]
				},
				"hair_whip": {
					"rotation": [0, 0, "0-math.sin(query.anim_time*90*2+60)*3"]
				},
				"cinnamon_arm_fire": {
					"scale": [
						"1-math.sin(query.anim_time*90*10+90)+math.sin(query.anim_time*90*10+93)",
						"1-math.sin(query.anim_time*90*10+0)+math.sin(query.anim_time*90*10+3)",
						"1-math.sin(query.anim_time*90*10+90)+math.sin(query.anim_time*90*10+93)"
					]
				},
				"hanging_cream1": {
					"rotation": [0, 0, "0+math.sin(query.anim_time*90*1+60)*4"]
				},
				"hanging_cream1_2": {
					"rotation": [0, 0, "0+math.sin(query.anim_time*90*1+30)*4"]
				},
				"hanging_cream2": {
					"rotation": [0, 0, "0+math.sin(query.anim_time*90*1+60)*4"]
				},
				"hanging_cream2_2": {
					"rotation": [0, 0, "0+math.sin(query.anim_time*90*1+30)*4"]
				},
				"cinnamon_hair": {
					"scale": 0
				}
			}
		},
		"animation.polteageist_coterian.face_test": {
			"loop": true,
			"bones": {
				"mouth_closed": {
					"position": [0, 0, 1]
				},
				"mouth_open": {
					"position": [0, 0, -1]
				},
				"eye_right": {
					"position": [0, 0, 1]
				},
				"eye_closed_right": {
					"position": [0, 0, -2]
				},
				"eye_left": {
					"position": [0, 0, 1]
				},
				"eye_closed_left": {
					"position": [0, 0, -2]
				}
			}
		},
		"animation.polteageist_coterian.sleep": {
			"loop": true,
			"animation_length": 4,
			"bones": {
				"cinnamon_body": {
					"scale": 0
				},
				"body": {
					"rotation": [-32.5, 0, 0]
				},
				"neck": {
					"rotation": [10, 0, 0]
				},
				"arm_left": {
					"rotation": [0, 0, 32.5]
				},
				"arm_left2": {
					"rotation": [134.42457, 56.85811, 129.37461]
				},
				"arm_left3": {
					"rotation": [7.47178, 0.65182, 7.54256]
				},
				"arm_right": {
					"rotation": [-10.71006, "-10.768-math.sin(query.anim_time*90*1+0)", -30.31112]
				},
				"arm_right2": {
					"rotation": [131.52932, "-58.5631+math.sin(query.anim_time*90*1+0)", -125.9504]
				},
				"arm_right3": {
					"rotation": [-2.49046, "0.4352+math.sin(query.anim_time*90*1+0)*2", -12.48096]
				},
				"cinnamon_arm": {
					"rotation": [0, 0, 0],
					"scale": 0
				},
				"head": {
					"rotation": ["5-math.sin(query.anim_time*90*1+30)*0.8", 0, 0]
				},
				"back_hair": {
					"rotation": [30, 0, 0]
				},
				"back_hair2": {
					"rotation": [-22.5, 0, 0]
				},
				"back_hair3": {
					"rotation": [-52.5, 0, 0]
				},
				"back_hair4": {
					"rotation": [-30, 0, 0]
				},
				"eye_right": {
					"position": [0, 0, 1]
				},
				"eye_closed_right": {
					"position": [0, 0, -2]
				},
				"eye_left": {
					"position": [0, 0, 1]
				},
				"eye_closed_left": {
					"position": [0, 0, -2]
				},
				"cinnamon_hair": {
					"rotation": [36.01584, 24.1782, "-34.5923-math.sin(query.anim_time*90*1+60)*2.5"],
					"position": [-4.2803, -5.438, 4.02544]
				},
				"base": {
					"rotation": ["0+math.sin(query.anim_time*90*1)", 0, 0],
					"position": ["0+math.sin(query.anim_time*90*1+90)", "0+math.sin(query.anim_time*90*1)", 0]
				},
				"hair_whip": {
					"rotation": [0, 0, "0-math.sin(query.anim_time*90*1+30)*3"]
				},
				"hanging_cream1": {
					"rotation": [0, 0, "0-math.sin(query.anim_time*90*1+60)*4"]
				},
				"hanging_cream1_2": {
					"rotation": [0, 0, "0-math.sin(query.anim_time*90*1+30)*4"]
				},
				"hanging_cream2": {
					"rotation": [0, 0, "0-math.sin(query.anim_time*90*1+60)*4"]
				},
				"hanging_cream2_2": {
					"rotation": ["0-math.sin(query.anim_time*90*1+30)*4", 0, 0]
				}
			}
		},
		"animation.polteageist_coterian.ground_walk": {
			"loop": true,
			"animation_length": 4,
			"bones": {
				"base": {
					"rotation": ["10+math.sin(query.anim_time*90*2+60)", 0, 0],
					"position": ["0+math.sin(query.anim_time*90*1)", "0+math.sin(query.anim_time*90*2)", 0]
				},
				"cinnamon_body": {
					"scale": 0
				},
				"body": {
					"rotation": [-22.5, 0, "0-math.sin(query.anim_time*90*1+60)*2"]
				},
				"neck": {
					"rotation": [5, 0, 0]
				},
				"arm_left": {
					"rotation": {
						"0.0": {
							"post": [3.17336, 4.80462, 42.0704],
							"lerp_mode": "catmullrom"
						},
						"2.0": {
							"post": [2.51824, 5.17752, 34.55111],
							"lerp_mode": "catmullrom"
						},
						"4.0": {
							"post": [3.17336, 4.80462, 42.0704],
							"lerp_mode": "catmullrom"
						}
					}
				},
				"arm_left2": {
					"rotation": {
						"0.0": {
							"post": [140.0123, 74.66342, 121.69],
							"lerp_mode": "catmullrom"
						},
						"2.0": {
							"post": [139.04963, 71.13938, 120.74035],
							"lerp_mode": "catmullrom"
						},
						"4.0": {
							"post": [140.0123, 74.66342, 121.69],
							"lerp_mode": "catmullrom"
						}
					}
				},
				"arm_left3": {
					"rotation": [0, 0, 15]
				},
				"arm_right": {
					"rotation": [1.31845, -9.91358, "-30.1143+math.sin(query.anim_time*90*2-60)*3"]
				},
				"arm_right2": {
					"rotation": [-3.88714, -27.24513, "35.9424+math.sin(query.anim_time*90*2-120)*3"]
				},
				"arm_right3": {
					"rotation": [0, 0, "10-math.sin(query.anim_time*90*2+0)"]
				},
				"cinnamon_arm": {
					"rotation": [0, 0, "-22.5+math.sin(query.anim_time*90*2+0)*2"]
				},
				"head": {
					"rotation": [2.5, 0, 0]
				},
				"back_hair": {
					"rotation": [30, 0, 0]
				},
				"back_hair2": {
					"rotation": [-22.5, 0, 0]
				},
				"back_hair3": {
					"rotation": [-52.5, 0, 0]
				},
				"back_hair4": {
					"rotation": [-30, 0, 0]
				},
				"hair_whip": {
					"rotation": [0, 0, "0-math.sin(query.anim_time*90*2+60)*3"]
				},
				"cinnamon_arm_fire": {
					"scale": [
						"1-math.sin(query.anim_time*90*10+90)+math.sin(query.anim_time*90*10+93)",
						"1-math.sin(query.anim_time*90*10+0)+math.sin(query.anim_time*90*10+3)",
						"1-math.sin(query.anim_time*90*10+90)+math.sin(query.anim_time*90*10+93)"
					]
				},
				"hanging_cream1": {
					"rotation": [0, 0, "0+math.sin(query.anim_time*90*1+60)*4"]
				},
				"hanging_cream1_2": {
					"rotation": [0, 0, "0+math.sin(query.anim_time*90*1+30)*4"]
				},
				"hanging_cream2": {
					"rotation": [0, 0, "0+math.sin(query.anim_time*90*1+60)*4"]
				},
				"hanging_cream2_2": {
					"rotation": [0, 0, "0+math.sin(query.anim_time*90*1+30)*4"]
				},
				"cinnamon_hair": {
					"scale": 0
				}
			}
		},
		"animation.polteageist_coterian.blink": {
			"animation_length": 0.25,
			"bones": {
				"eyes": {
					"position": {
						"0.0": [0, 0, 0],
						"0.0833": {
							"pre": [0, 0, 0],
							"post": [0, 0, 1]
						},
						"0.1667": {
							"pre": [0, 0, 1],
							"post": [0, 0, 0]
						}
					}
				},
				"eye_closed_right": {
					"position": {
						"0.0": [0, 0, 0],
						"0.0833": {
							"pre": [0, 0, 0],
							"post": [0, 0, -2]
						},
						"0.1667": {
							"pre": [0, 0, -2],
							"post": [0, 0, 0]
						}
					}
				},
				"eye_closed_left": {
					"position": {
						"0.0": [0, 0, 0],
						"0.0833": {
							"pre": [0, 0, 0],
							"post": [0, 0, -2]
						},
						"0.1667": {
							"pre": [0, 0, -2],
							"post": [0, 0, 0]
						}
					}
				}
			}
		},
		"animation.polteageist_coterian.battle_idle": {
			"loop": true,
			"animation_length": 4,
			"bones": {
				"base": {
					"position": ["0+math.sin(query.anim_time*90*1)", "0+math.sin(query.anim_time*90*2)", 0]
				},
				"cinnamon_body": {
					"scale": 0
				},
				"body": {
					"rotation": [-2.50841, 0.59235, "0.1043-math.sin(query.anim_time*90*1+60)*2"]
				},
				"neck": {
					"rotation": [2.50355, -0.21452, -0.07283]
				},
				"arm_left": {
					"rotation": [-6.15723, -12.33646, 52.39884]
				},
				"arm_left2": {
					"rotation": [-81.26622, 76.79361, -118.11991]
				},
				"arm_left3": {
					"rotation": [-14.16073, -5.4473, 31.9609]
				},
				"arm_right": {
					"rotation": [11.38775, -21.65409, "-35.2844+math.sin(query.anim_time*90*2-60)*3"]
				},
				"arm_right2": {
					"rotation": [-7.6734, -26.48829, "44.3087+math.sin(query.anim_time*90*2-120)*3"]
				},
				"arm_right3": {
					"rotation": [0, 0, "-5-math.sin(query.anim_time*90*2+0)"]
				},
				"cinnamon_arm": {
					"rotation": [0, 0, "-7.5+math.sin(query.anim_time*90*2+0)*2"]
				},
				"head": {
					"rotation": [2.50115, -0.07411, -0.01474]
				},
				"back_hair": {
					"rotation": [37.49667, 0.22219, 0.04419]
				},
				"back_hair2": {
					"rotation": [-17.50235, 0.14197, -0.05168]
				},
				"back_hair3": {
					"rotation": [-59.99661, -0.22606, 0.01481]
				},
				"back_hair4": {
					"rotation": [-25.00238, 0.12376, -0.08666]
				},
				"hair_whip": {
					"rotation": [0, 0, "0-math.sin(query.anim_time*90*2+60)*3"]
				},
				"cinnamon_arm_fire": {
					"scale": [
						"1-math.sin(query.anim_time*90*10+90)+math.sin(query.anim_time*90*10+93)",
						"1-math.sin(query.anim_time*90*10+0)+math.sin(query.anim_time*90*10+3)",
						"1-math.sin(query.anim_time*90*10+90)+math.sin(query.anim_time*90*10+93)"
					]
				},
				"hanging_cream1": {
					"rotation": [0, 0, "0+math.sin(query.anim_time*90*1+60)*4"]
				},
				"hanging_cream1_2": {
					"rotation": [0, 0, "0+math.sin(query.anim_time*90*1+30)*4"]
				},
				"hanging_cream2": {
					"rotation": [0, 0, "0+math.sin(query.anim_time*90*1+60)*4"]
				},
				"hanging_cream2_2": {
					"rotation": [0, 0, "0+math.sin(query.anim_time*90*1+30)*4"]
				},
				"cinnamon_hair": {
					"scale": 0
				}
			}
		},
		"animation.polteageist_coterian.battle_idle_quirk": {
			"animation_length": 4,
			"bones": {
				"body": {
					"rotation": {
						"0.0": [0, 0, 0],
						"1.0": {
							"pre": [0, 0, 0],
							"post": [0, 0, 0],
							"lerp_mode": "catmullrom"
						},
						"1.2917": {
							"post": [0, 7.5, 0],
							"lerp_mode": "catmullrom"
						},
						"2.0833": {
							"post": [0.80181, 8.61428, 5.0585],
							"lerp_mode": "catmullrom"
						},
						"3.0": [0, 7.5, 0],
						"3.9167": [0, 0, 0],
						"4.0": [0, 0, 0]
					}
				},
				"arm_left2": {
					"rotation": {
						"0.0": {
							"post": [0, 0, 0],
							"lerp_mode": "catmullrom"
						},
						"1.5": {
							"post": [0, 0, 0],
							"lerp_mode": "catmullrom"
						},
						"2.0": {
							"post": [-61.98831, -10.1622, -60.89963],
							"lerp_mode": "catmullrom"
						},
						"4.0": {
							"post": [0, 0, 0],
							"lerp_mode": "catmullrom"
						}
					}
				},
				"arm_right": {
					"rotation": {
						"0.0": [0, 0, 0],
						"1.0": [0, 0, 0],
						"1.2917": [4.82326, -6.04769, -2.01803],
						"1.6667": [4.82326, -6.04769, -2.01803],
						"2.0": {
							"pre": [-0.55411, -8.39414, 9.08846],
							"post": [-0.55411, -8.39414, 9.08846],
							"lerp_mode": "catmullrom"
						},
						"2.1667": {
							"post": [2.21481, -7.33502, 3.4723],
							"lerp_mode": "catmullrom"
						},
						"2.4167": {
							"post": [-0.55411, -8.39414, 9.08846],
							"lerp_mode": "catmullrom"
						},
						"2.5833": {
							"post": [2.21481, -7.33502, 3.4723],
							"lerp_mode": "catmullrom"
						},
						"3.5": [0, 0, 0]
					}
				},
				"arm_right2": {
					"rotation": {
						"0.0": [0, 0, 0],
						"1.5": [-14.1392, -28.14622, 9.06558],
						"2.0833": {
							"pre": [0, 0, 22.5],
							"post": [0, 0, 22.5],
							"lerp_mode": "catmullrom"
						},
						"2.25": {
							"post": [0, 0, -22.5],
							"lerp_mode": "catmullrom"
						},
						"2.5": {
							"post": [0, 0, 22.5],
							"lerp_mode": "catmullrom"
						},
						"2.6667": {
							"post": [0, 0, -22.5],
							"lerp_mode": "catmullrom"
						},
						"3.5": [0, 0, 0]
					}
				},
				"cinnamon_arm_fire": {
					"scale": {
						"0.0": {
							"post": [1, 1, 1],
							"lerp_mode": "catmullrom"
						},
						"0.125": {
							"post": [0.9, 0.9, 0.9],
							"lerp_mode": "catmullrom"
						},
						"0.25": {
							"post": [0.8, 0.8, 0.8],
							"lerp_mode": "catmullrom"
						},
						"0.375": {
							"post": [0.9, 0.9, 0.9],
							"lerp_mode": "catmullrom"
						},
						"0.5": {
							"post": [0.7, 0.7, 0.7],
							"lerp_mode": "catmullrom"
						},
						"0.625": {
							"post": [0.8, 0.8, 0.8],
							"lerp_mode": "catmullrom"
						},
						"1.0": [0.5, 0, 0.5],
						"2.4167": [0.5, 0, 0.5],
						"2.5": {
							"pre": [0.5, 0, 0.5],
							"post": [0.5, 0, 0.5],
							"lerp_mode": "catmullrom"
						},
						"2.875": {
							"post": [1, 1, 1],
							"lerp_mode": "catmullrom"
						}
					}
				},
				"mouth_closed": {
					"rotation": {
						"0.0": [0, 0, 0],
						"1.0": [0, 0, 0],
						"1.1667": {"pre": [0, 0, 0], "post": [0, 0, 180]},
						"3.7917": {"pre": [0, 0, 180], "post": [0, 0, 0]}
					}
				},
				"eye_right": {
					"position": {
						"0.0": [0, 0, 0],
						"1.4583": {"pre": [0, 0, 0], "post": [0, 0, 1]},
						"1.625": {"pre": [0, 0, 1], "post": [0, 0, 0]},
						"2.0417": {"pre": [0, 0, 0], "post": [0, 0, 1]},
						"3.0": {"pre": [0, 0, 1], "post": [0, 0, 1]},
						"3.125": {"pre": [0, 0, 1], "post": [0, 0, 0]}
					}
				},
				"eye_closed_right": {
					"position": {
						"0.0": [0, 0, 0],
						"1.4583": {"pre": [0, 0, 0], "post": [0, 0, -2]},
						"1.625": {"pre": [0, 0, -2], "post": [0, 0, 0]},
						"2.0417": {"pre": [0, 0, 0], "post": [0, 0, -2]},
						"3.0": {"pre": [0, 0, -2], "post": [0, 0, -2]},
						"3.125": {"pre": [0, 0, -2], "post": [0, 0, 0]}
					}
				},
				"eye_left": {
					"position": {
						"0.0": [0, 0, 0],
						"1.4583": {"pre": [0, 0, 0], "post": [0, 0, 1]},
						"1.625": {"pre": [0, 0, 1], "post": [0, 0, 0]},
						"2.0417": {"pre": [0, 0, 0], "post": [0, 0, 1]},
						"3.6667": {"pre": [0, 0, 1], "post": [0, 0, 1]},
						"3.7917": {"pre": [0, 0, 1], "post": [0, 0, 0]}
					}
				},
				"eye_closed_left": {
					"position": {
						"0.0": [0, 0, 0],
						"1.4583": {"pre": [0, 0, 0], "post": [0, 0, -2]},
						"1.625": {"pre": [0, 0, -2], "post": [0, 0, 0]},
						"2.0417": {"pre": [0, 0, 0], "post": [0, 0, -2]},
						"3.6667": {"pre": [0, 0, -2], "post": [0, 0, -2]},
						"3.7917": {"pre": [0, 0, -2], "post": [0, 0, 0]}
					}
				},
				"neck": {
					"rotation": {
						"0.0": [0, 0, 0],
						"2.0833": [0, 0, 5],
						"4.0": [0, 0, 0]
					}
				},
				"arm_left": {
					"rotation": {
						"0.0": {
							"post": [0, 0, 0],
							"lerp_mode": "catmullrom"
						},
						"1.0": {
							"post": [0, 0, 0],
							"lerp_mode": "catmullrom"
						},
						"1.5": {
							"post": [-11.14579, -6.41211, 2.98117],
							"lerp_mode": "catmullrom"
						},
						"2.0": {
							"post": [-9.76729, -8.43373, -12.29247],
							"lerp_mode": "catmullrom"
						},
						"4.0": {
							"post": [0, 0, 0],
							"lerp_mode": "catmullrom"
						}
					}
				},
				"head": {
					"rotation": {
						"0.0": [0, 0, 0],
						"2.0833": [0, 0, 5],
						"4.0": [0, 0, 0]
					}
				},
				"back_hair3": {
					"rotation": {
						"0.0": {
							"post": [0, 0, 0],
							"lerp_mode": "catmullrom"
						},
						"0.8333": {
							"post": [0, 0, 0],
							"lerp_mode": "catmullrom"
						},
						"1.5": {
							"post": [0.86254, -1.9609, -4.53631],
							"lerp_mode": "catmullrom"
						},
						"4.0": {
							"post": [0, 0, 0],
							"lerp_mode": "catmullrom"
						}
					}
				}
			}
		}
	}
}