{
	"format_version": "1.12.0",
	"minecraft:geometry": [
		{
			"description": {
				"identifier": "geometry.sinistea_coterian",
				"texture_width": 128,
				"texture_height": 128,
				"visible_bounds_width": 3,
				"visible_bounds_height": 3.5,
				"visible_bounds_offset": [0, 1.25, 0]
			},
			"bones": [
				{
					"name": "sinistea_coterian",
					"pivot": [0, 0, 0]
				},
				{
					"name": "body",
					"parent": "sinistea_coterian",
					"pivot": [0, 1.5, 1.5],
					"cubes": [
						{"origin": [-5.5, 1, -4], "size": [11, 9, 11], "uv": [0, 0]},
						{"origin": [-4.5, 0, -3], "size": [9, 1, 1], "uv": [18, 72]},
						{"origin": [-4.5, 0, 5], "size": [9, 1, 1], "uv": [11, 61]},
						{"origin": [3.5, 0, -2], "size": [1, 1, 7], "uv": [59, 39]},
						{"origin": [-4.5, 0, -2], "size": [1, 1, 7], "uv": [29, 39]}
					]
				},
				{
					"name": "hair",
					"parent": "body",
					"pivot": [0, 0, 0],
					"cubes": [
						{"origin": [-4, 9, -4.5], "size": [10, 4, 12], "uv": [0, 21]},
						{"origin": [-5.75, 9, -4.5], "size": [3, 4, 12], "inflate": -0.005, "pivot": [-1.75, 11, 1.5], "rotation": [0, 0, -10], "uv": [39, 38]},
						{"origin": [-2, 12, -4.5], "size": [7, 2, 12], "inflate": -0.005, "pivot": [0, 11, 1.5], "rotation": [0, 0, 5], "uv": [0, 38]},
						{"origin": [-1.5, 8.5, -5], "size": [3, 3, 2], "pivot": [0, 10, -4], "rotation": [-15, 0, 0], "uv": [71, 21]},
						{"origin": [-1.5, 8.5, 6], "size": [3, 3, 2], "pivot": [0, 10, 7], "rotation": [165, 0, 180], "uv": [62, 25]},
						{"origin": [-6.75, 8.5, 0.5], "size": [3, 3, 2], "pivot": [-5.25, 10, 1.5], "rotation": [0, 90, 15], "uv": [62, 25]},
						{"origin": [-6.5, 8.5, -5], "size": [4, 3, 4], "pivot": [-4.5, 10, -3], "rotation": [8.69038, 7.38542, -10.08453], "uv": [45, 27]},
						{"origin": [0.50399, 11.68252, -4.5], "size": [2, 2, 0], "inflate": 0.001, "pivot": [1.50399, 11.68252, -4.5], "rotation": [0, 0, 10], "uv": [7, 69]},
						{"origin": [2.5, 8.5, 4], "size": [4, 3, 4], "pivot": [4.5, 10, 6], "rotation": [-6.44516, 4.20709, 7.94025], "uv": [0, 53]},
						{"origin": [2.5, 8.5, -5], "size": [4, 3, 4], "pivot": [4.5, 10, -3], "rotation": [8.69038, -7.38542, 10.08453], "uv": [17, 53]},
						{"origin": [-6.5, 8.5, 4], "size": [4, 3, 4], "pivot": [-4.5, 10, 6], "rotation": [-6.44516, -4.20709, -7.94025], "uv": [34, 55]}
					]
				},
				{
					"name": "cinnamon",
					"parent": "hair",
					"pivot": [4.28596, 12.69448, 1.5],
					"cubes": [
						{"origin": [3.75, 13, 0.5], "size": [2, 6, 2], "pivot": [4.25, 14.5, 1], "rotation": [0, 0, 22.5], "uv": [62, 16]}
					]
				},
				{
					"name": "swirl",
					"parent": "hair",
					"pivot": [2.43608, 13.59777, 1],
					"cubes": [
						{"origin": [-8.88477, 13.07246, 1], "size": [12, 8, 0], "inflate": -0.001, "pivot": [-4.88477, 14.82246, 1], "rotation": [0, 0, 27.5], "uv": [45, 0]},
						{"origin": [-5.17282, 16.37432, 1], "size": [1, 1, 0], "inflate": 0.001, "pivot": [-3.42282, 15.62432, 0], "rotation": [0, 0, -22.5], "uv": [61, 69]}
					]
				},
				{
					"name": "mark",
					"parent": "body",
					"pivot": [0, 1, 0],
					"cubes": [
						{"origin": [-5, 1, -0.5], "size": [9, 0, 5], "inflate": 0.01, "uv": [72, 1]}
					]
				},
				{
					"name": "handle",
					"parent": "body",
					"pivot": [6.5, 4.81066, 2.06066],
					"rotation": [0, 90, 0],
					"cubes": [
						{"origin": [5.5, 4.25, 3.7], "size": [2, 3, 2], "inflate": -0.01, "pivot": [6.5, 5.25, 4.7], "rotation": [-45, 0, 0], "uv": [43, 63]},
						{"origin": [5.5, 8.26066, 4.73566], "size": [2, 3, 2], "pivot": [6.5, 8.61066, 5.78566], "rotation": [180, 0, 0], "uv": [52, 63]},
						{"origin": [5.5, 9.76066, 3.16066], "size": [2, 3, 2], "inflate": -0.01, "pivot": [6.5, 10.11066, 4.21066], "rotation": [-135, 0, 0], "uv": [61, 63]},
						{"origin": [5.5, 9.71066, 1.01066], "size": [2, 3, 2], "pivot": [6.5, 10.06066, 2.06066], "rotation": [-90, 0, 0], "uv": [15, 64]},
						{"origin": [5.5, 8, 0], "size": [2, 3, 2], "inflate": -0.01, "pivot": [6.5, 9, 1], "rotation": [-45, 0, 0], "uv": [24, 64]},
						{"origin": [5.5, 0.51066, 3.68566], "size": [2, 4, 2], "inflate": -0.001, "pivot": [6.5, 4.86066, 4.73566], "rotation": [-72.5, 0, 0], "uv": [34, 63]},
						{"origin": [5, 2.71066, 0.01066], "size": [3, 3, 3], "pivot": [6, 3.06066, 1.06066], "rotation": [-67.5, 0, 0], "uv": [62, 9]}
					]
				},
				{
					"name": "face",
					"parent": "body",
					"pivot": [0.75, 2.25, -3]
				},
				{
					"name": "eyes",
					"parent": "face",
					"pivot": [2.75, 2.25, -3]
				},
				{
					"name": "eye_left",
					"parent": "eyes",
					"pivot": [2.75, 2.25, -3],
					"cubes": [
						{"origin": [1.5, 6.75, -4], "size": [3, 1, 0], "inflate": 0.005, "uv": [66, 61]},
						{"origin": [2.5, 4.5, -4], "size": [2, 2, 0], "inflate": 0.015, "uv": [43, 69]},
						{"origin": [3.25, 3.75, -4], "size": [1, 1, 0], "inflate": 0.01, "uv": [64, 69]},
						{"origin": [1.75, 3.25, -4], "size": [2, 1, 0], "inflate": 0.005, "uv": [32, 55]},
						{"origin": [1, 3.75, -4], "size": [1, 3, 0], "inflate": 0.005, "uv": [12, 69]}
					]
				},
				{
					"name": "eye_closed_left",
					"parent": "eye_left",
					"pivot": [2.75, 3.75, -2],
					"cubes": [
						{"origin": [0.75, 3.5, -3], "size": [4, 1, 0], "inflate": 0.005, "uv": [64, 35]}
					]
				},
				{
					"name": "eye_right",
					"parent": "eyes",
					"pivot": [-2.5, 2.25, -3],
					"cubes": [
						{"origin": [-4, 6.75, -4], "size": [3, 1, 0], "inflate": 0.005, "uv": [0, 69]},
						{"origin": [-3, 4.5, -4], "size": [2, 2, 0], "inflate": 0.015, "uv": [48, 69]},
						{"origin": [-2.25, 3.75, -4], "size": [1, 1, 0], "inflate": 0.01, "uv": [67, 69]},
						{"origin": [-3.75, 3.25, -4], "size": [2, 1, 0], "inflate": 0.005, "uv": [53, 69]},
						{"origin": [-4.5, 3.75, -4], "size": [1, 3, 0], "inflate": 0.005, "uv": [58, 69]}
					]
				},
				{
					"name": "eye_closed_right",
					"parent": "eye_right",
					"pivot": [-2.75, 3.75, -2],
					"cubes": [
						{"origin": [-4.75, 3.5, -3], "size": [4, 1, 0], "inflate": 0.005, "uv": [66, 59]}
					]
				},
				{
					"name": "mouth",
					"parent": "face",
					"pivot": [0.75, 2.25, -3]
				},
				{
					"name": "mouth_closed",
					"parent": "mouth",
					"pivot": [0.06994, 1.67065, -3],
					"cubes": [
						{"origin": [-1.91994, 1.44565, -4], "size": [2, 1, 2], "inflate": 0.005, "pivot": [-0.06994, 1.67065, -3], "rotation": [0, 0, 17.5], "uv": [62, 31]},
						{"origin": [-0.08006, 1.44565, -4], "size": [2, 1, 2], "inflate": 0.005, "pivot": [0.06994, 1.67065, -3], "rotation": [0, 0, -17.5], "uv": [66, 55]}
					]
				},
				{
					"name": "mouth_open",
					"parent": "mouth",
					"pivot": [0.06994, 1.67065, -2],
					"cubes": [
						{"origin": [-1.91994, 1.44565, -3], "size": [2, 2, 2], "inflate": 0.005, "pivot": [-0.06994, 1.67065, -2], "rotation": [0, 0, 7.5], "uv": [72, 30]},
						{"origin": [-0.08006, 1.44565, -3], "size": [2, 2, 2], "inflate": 0.005, "pivot": [0.06994, 1.67065, -2], "rotation": [0, 0, -7.5], "uv": [73, 35]}
					]
				}
			]
		}
	]
}