{
	"format_version": "1.8.0",
	"animations": {
		"animation.woofloo.ground_idle": {
			"loop": true,
			"bones": {
				"torso": {
					"rotation": [0, 0, "Math.cos((query.anim_time) * 90 * 1.5) * 0.5"],
					"position": [0, "Math.cos((query.anim_time) * 90 * 3) * 0.1", 0]
				},
				"tail": {
					"rotation": ["-2*Math.cos((query.anim_time-0.8) * 90 * 3)", "4*Math.cos((query.anim_time-0.8) * 90 * 10)", 0]
				},
				"braid_right": {
					"rotation": [0, 0, "-2*Math.cos((query.anim_time-0.8) * 90 * 1.5 - 90)*1.5"]
				},
				"braid_right_bottom": {
					"rotation": [0, 0, "Math.cos((query.anim_time) * 90 * 1.5 - 30) * 2"]
				},
				"head": {
					"rotation": [0, 0, "Math.cos((query.anim_time) * 90 * 1.5) * 2"]
				},
				"ear_right": {
					"rotation": [0, 0, "(Math.cos((query.anim_time) * 90 * 1.5-120) * 6)"]
				},
				"ear_left": {
					"rotation": [0, 0, "Math.cos((query.anim_time) * 90 * 1.5-120) * 6"]
				},
				"braid_right_middle": {
					"rotation": [0, 0, "-2*Math.cos((query.anim_time-0.8) * 90 * 1.5 - 150)"]
				},
				"braid_right_finger1": {
					"rotation": [0, 0, "-2*Math.cos((query.anim_time-0.8) * 90 * 1.5 - 150-90)*2"]
				},
				"braid_right_finger2": {
					"rotation": [0, 0, "-2*Math.cos((query.anim_time-0.8) * 90 * 1.5 - 150-90)*2"]
				},
				"braid_right_finger3": {
					"rotation": [0, 0, "-2*Math.cos((query.anim_time-0.8) * 90 * 1.5 - 150-90)*2"]
				},
				"braid_left": {
					"rotation": [0, 0, "-2*Math.cos((query.anim_time-0.8) * 90 * 1.5 - 90)*1.5"]
				},
				"braid_left_middle": {
					"rotation": [0, 0, "NaN-2*Math.cos((query.anim_time-0.8) * 90 * 1.5 - 150)"]
				},
				"braid_left_bottom": {
					"rotation": [0, 0, "-(Math.cos((query.anim_time) * 90 * 1.5 - 30) * 2)"]
				},
				"braid_left_finger1": {
					"rotation": [0, 0, "NaN-2*Math.cos((query.anim_time-0.8) * 90 * 1.5 - 150-90)*2"]
				},
				"braid_left_finger2": {
					"rotation": [0, 0, "NaN-2*Math.cos((query.anim_time-0.8) * 90 * 1.5 - 150-90)*2"]
				},
				"braid_left_finger3": {
					"rotation": [0, 0, "NaN-2*Math.cos((query.anim_time-0.8) * 90 * 1.5 - 150-90)*2"]
				}
			}
		},
		"animation.woofloo.ground_walk": {
			"loop": true,
			"bones": {
				"body": {
					"position": [0, "-1.75+math.clamp(math.sin(q.anim_time*90*4)*1.1,0.5,1)+math.clamp(math.sin(q.anim_time*90*4+180)*1.1,0.5,1)", 0]
				},
				"torso": {
					"rotation": ["math.sin(q.anim_time*90*4-90)*0.2+0.5", 0, "math.clamp(math.sin(q.anim_time*90*4-90)*1,-0.8,0.8)+math.sin(q.anim_time*90*4-180)*1"]
				},
				"braid_right": {
					"rotation": [
						"Math.sin((query.anim_time+0.2) * 90 * 8) * 2+Math.sin((query.anim_time-0.2) * 90 * 4) * 2",
						0,
						"(Math.sin((query.anim_time-0.2) * 90 * 4) * 5)"
					]
				},
				"braid_right_bottom": {
					"rotation": [
						"-Math.sin((query.anim_time+0.4) * 90 * 8) * 2+Math.sin((query.anim_time-0.4) * 90 * 4) * 2",
						0,
						"(Math.sin((query.anim_time-0.4) * 90 * 4) * 5)"
					]
				},
				"leg_front_left": {
					"rotation": ["20-math.clamp(19*(math.sin(q.anim_time*90*4-90+33+180)*1+1),-0,60)", 0, 0],
					"position": [
						0,
						"0.8*(math.clamp(math.sin(q.anim_time*90*4-155+180)*1.6,1,1.6)-0.2)+0.5*(math.clamp(math.sin(q.anim_time*90*4-75+180)*1.8,1,1.8)-1)-0.2*(math.clamp(math.sin(q.anim_time*90*4+180)*1.4,1,1.4)+1)-math.clamp(math.sin(q.anim_time*90*4)*1,0,0.75)",
						0
					]
				},
				"leg_front_left2": {
					"rotation": [
						"math.clamp(math.sin(q.anim_time*90*4-180*1+33)*40,0,40)+(math.clamp(math.sin(q.anim_time*90*2-90*3)*1,0.5,1)*1-0.5)*30+(math.clamp(math.sin(q.anim_time*90*2-90*1)*1,0.5,1)*1-0.5)*30",
						0,
						0
					]
				},
				"leg_front_left3": {
					"rotation": ["-20+math.clamp(10*(math.sin(q.anim_time*90*4-90-180*1)*1+1),-0,60)+math.clamp(math.sin(q.anim_time*90*4-180*1+10)*30,-5,30)", 0, 0],
					"position": [0, "math.clamp(math.sin(q.anim_time*90*4-120+180)*1.1,0.9,1)-0.9+math.clamp(math.sin(q.anim_time*90*2-130+90)*1.3,0.9,1)-0.9", 0]
				},
				"leg_front_right": {
					"rotation": ["20-math.clamp(19*(math.sin(q.anim_time*90*4-90+33)*1+1),-0,60)", 0, 0],
					"position": [
						0,
						"0.8*(math.clamp(math.sin(q.anim_time*90*4-155)*1.6,1,1.6)-0.2)+0.5*(math.clamp(math.sin(q.anim_time*90*4-75)*1.8,1,1.8)-1)-0.2*(math.clamp(math.sin(q.anim_time*90*4)*1.4,1,1.4)+1)-math.clamp(math.sin(q.anim_time*90*4-180)*1,0,0.75)",
						0
					]
				},
				"leg_front_right2": {
					"rotation": [
						"math.clamp(math.sin(q.anim_time*90*4-180*0+33)*40,0,40)+(math.clamp(math.sin(q.anim_time*90*2-90*0)*1,0.5,1)*1-0.5)*30+(math.clamp(math.sin(q.anim_time*90*2-90*2)*1,0.5,1)*1-0.5)*30",
						0,
						0
					]
				},
				"leg_front_right3": {
					"rotation": ["-20+math.clamp(10*(math.sin(q.anim_time*90*4-90-180*0)*1+1),-0,60)+math.clamp(math.sin(q.anim_time*90*4-180*0+10)*30,-5,30)", 0, 0],
					"position": [0, "math.clamp(math.sin(q.anim_time*90*4-120)*1.1,0.9,1)-0.9+math.clamp(math.sin(q.anim_time*90*2-130)*1.3,0.9,1)-0.9", 0]
				},
				"leg_back_left": {
					"rotation": ["-20+math.clamp(15*(math.sin(q.anim_time*90*4-90+180)*1+1),-0,60)", 0, 0],
					"position": [
						0,
						"-math.clamp(-math.sin(q.anim_time*90*4+90+180*1)*0.01,0,0.01)+math.clamp(-math.sin(q.anim_time*90*4+20+180*1)*1,0.4,0.8)-0.4+math.clamp(math.sin(q.anim_time*90*4-130+180*1)*1.5,0.4,0.6)-0.3+(math.clamp(-math.sin(q.anim_time*90*2+70+180*1)*1,0.5,1)-0.5)*0.5+(math.clamp(-math.sin(q.anim_time*90*2+70+180*0)*1,0.5,1))*0.5",
						0
					]
				},
				"leg_back_left2": {
					"rotation": [
						"math.clamp(math.sin(q.anim_time*90*4+180)*10,0,10)-math.clamp(math.sin(q.anim_time*90*4-95+180)*10,0,45)-math.clamp(math.sin(q.anim_time*90*4+180*0)*10,0,45)",
						0,
						0
					],
					"position": [0, "math.clamp(math.sin(q.anim_time*90*4-130+180*1)*1,0.5,1)-math.clamp(math.sin(q.anim_time*90*4-40+180*1)*1,0.75,1)+0.25", 0]
				},
				"leg_back_left3": {
					"rotation": [
						"-math.clamp(math.sin(q.anim_time*90*4+180*1)*10,0,10)+math.clamp(math.sin(q.anim_time*90*4+10+180*0)*25,0,45)-(-20+math.clamp(11*(math.sin(q.anim_time*90*4-90+180*1)*1+1),-0,60))+math.clamp(math.sin(q.anim_time*90*4-130+180*1)*00,50,100)-50",
						0,
						0
					],
					"position": [0, "(math.clamp(math.sin(q.anim_time*90*4-110+180*0)*1,0.5,1)-0.5)*0.7", 0]
				},
				"leg_back_right": {
					"rotation": ["-20+math.clamp(15*(math.sin(q.anim_time*90*4-90)*1+1),-0,60)", 0, 0],
					"position": [
						0,
						"-math.clamp(-math.sin(q.anim_time*90*4+90+180*0)*0.01,0,0.01)+math.clamp(-math.sin(q.anim_time*90*4+20+180*0)*1,0.4,1)-0.4+math.clamp(math.sin(q.anim_time*90*4-130+180*0)*1.5,0.4,0.6)-0.3+(math.clamp(-math.sin(q.anim_time*90*2+70+180*0)*1,0.5,1)-0.5)*0.5+(math.clamp(-math.sin(q.anim_time*90*2+70+180*1)*1,0.5,1))*0.5",
						0
					]
				},
				"leg_back_right2": {
					"rotation": [
						"math.clamp(math.sin(q.anim_time*90*4)*10,0,10)-math.clamp(math.sin(q.anim_time*90*4-95)*10,0,45)-math.clamp(math.sin(q.anim_time*90*4+180)*10,0,45)",
						0,
						0
					],
					"position": [0, "math.clamp(math.sin(q.anim_time*90*4-130+180*0)*1,0.5,1)-math.clamp(math.sin(q.anim_time*90*4-40+180*0)*1,0.75,1)+0.25", 0]
				},
				"leg_back_right3": {
					"rotation": [
						"-math.clamp(math.sin(q.anim_time*90*4+180*0)*10,0,10)+math.clamp(math.sin(q.anim_time*90*4+10+180*1)*25,0,45)-(-20+math.clamp(11*(math.sin(q.anim_time*90*4-90+180*0)*1+1),-0,60))+math.clamp(math.sin(q.anim_time*90*4-130+180*0)*00,50,100)-50",
						0,
						0
					],
					"position": [0, "(math.clamp(math.sin(q.anim_time*90*4-110+180)*1,0.5,1)-0.5)*0.7", 0]
				},
				"wool_shearable": {
					"position": [0, "0.5+Math.sin((query.anim_time-0.3) * 90 * 8) * 0.3", 0]
				},
				"tail": {
					"rotation": ["-math.sin(q.anim_time*90*8-33*5-120)*3+5", "-math.sin(q.anim_time*90*10-33*5-120)*4", 0]
				},
				"head": {
					"rotation": [0, 0, "0+math.clamp(math.sin(q.anim_time*90*4)*1.1,0.5,1)+math.clamp(math.sin(q.anim_time*90*4+180)*1.1,0.5,1)"]
				},
				"ear_right": {
					"rotation": ["math.sin(q.anim_time*90*8-90)*0.2+0.5*6", 0, "(math.clamp(math.sin(q.anim_time*90*8-90)*1,-0.8,0.8)+math.sin(q.anim_time*90*8-180)*4)"]
				},
				"ear_left": {
					"rotation": ["math.sin(q.anim_time*90*8-90)*0.2+0.5*6", 0, "-(math.clamp(math.sin(q.anim_time*90*8-90)*1,-0.8,0.8)+math.sin(q.anim_time*90*8-180)*4)"]
				},
				"braid_right_middle": {
					"rotation": [
						"Math.sin((query.anim_time+0.2) * 90 * 8) * 2+Math.sin((query.anim_time-0.2) * 90 * 4) * 2",
						0,
						"(Math.sin((query.anim_time-0.2) * 90 * 4) * 5)"
					]
				},
				"braid_right_finger1": {
					"rotation": [
						"-Math.sin((query.anim_time+0.4) * 90 * 8) * 2+Math.sin((query.anim_time-0.4) * 90 * 4) * 2",
						0,
						"(Math.sin((query.anim_time-0.4) * 90 * 4) * 5) *3"
					]
				},
				"braid_right_finger2": {
					"rotation": [
						"-Math.sin((query.anim_time+0.4) * 90 * 8) * 2+Math.sin((query.anim_time-0.4) * 90 * 4) * 2",
						0,
						"(Math.sin((query.anim_time-0.4) * 90 * 4) * 5) *3"
					]
				},
				"braid_right_finger3": {
					"rotation": [
						"-Math.sin((query.anim_time+0.4) * 90 * 8) * 2+Math.sin((query.anim_time-0.4) * 90 * 4) * 2",
						0,
						"(Math.sin((query.anim_time-0.4) * 90 * 4) * 5) *3"
					]
				},
				"braid_left": {
					"rotation": [
						"Math.sin((query.anim_time+0.2) * 90 * 8) * 2+Math.sin((query.anim_time-0.2) * 90 * 4) * 2",
						0,
						"-((Math.sin((query.anim_time-0.2) * 90 * 4) * 5))"
					]
				},
				"braid_left_middle": {
					"rotation": [
						"Math.sin((query.anim_time+0.2) * 90 * 8) * 2+Math.sin((query.anim_time-0.2) * 90 * 4) * 2",
						0,
						"-((Math.sin((query.anim_time-0.2) * 90 * 4) * 5))"
					]
				},
				"braid_left_bottom": {
					"rotation": [
						"-Math.sin((query.anim_time+0.4) * 90 * 8) * 2+Math.sin((query.anim_time-0.4) * 90 * 4) * 2",
						0,
						"-((Math.sin((query.anim_time-0.4) * 90 * 4) * 5))"
					]
				},
				"braid_left_finger1": {
					"rotation": [
						"-Math.sin((query.anim_time+0.4) * 90 * 8) * 2+Math.sin((query.anim_time-0.4) * 90 * 4) * 2",
						0,
						"-((Math.sin((query.anim_time-0.4) * 90 * 4) * 5) *3)"
					]
				},
				"braid_left_finger2": {
					"rotation": [
						"-Math.sin((query.anim_time+0.4) * 90 * 8) * 2+Math.sin((query.anim_time-0.4) * 90 * 4) * 2",
						0,
						"-((Math.sin((query.anim_time-0.4) * 90 * 4) * 5) *3)"
					]
				},
				"braid_left_finger3": {
					"rotation": [
						"-Math.sin((query.anim_time+0.4) * 90 * 8) * 2+Math.sin((query.anim_time-0.4) * 90 * 4) * 2",
						0,
						"-((Math.sin((query.anim_time-0.4) * 90 * 4) * 5) *3)"
					]
				}
			}
		},
		"animation.woofloo.battle_idle": {
			"loop": true,
			"bones": {
				"torso": {
					"rotation": ["7.5+math.sin(q.anim_time*90*2)*0.5", 0, 0],
					"position": [0, "0+math.sin(q.anim_time*90*2-90)*0.1", 0]
				},
				"tail": {
					"rotation": ["7.5+2*Math.cos((query.anim_time-0.8) * 90 * 3)", 0, 0]
				},
				"head": {
					"rotation": ["-7.5+math.sin(q.anim_time*90*2-60)*1", 0, 0]
				},
				"ear_right": {
					"rotation": ["0+math.sin(q.anim_time*90*2-120)*3", 0, 0]
				},
				"ear_left": {
					"rotation": ["0+math.sin(q.anim_time*90*2-120)*3", 0, 0]
				},
				"braid_left": {
					"rotation": ["0+math.sin(q.anim_time*90*2-120)*1", 0, 0]
				},
				"braid_left_middle": {
					"rotation": ["0+math.sin(q.anim_time*90*2-120-60)*2", 0, 0]
				},
				"braid_left_bottom": {
					"rotation": ["0+math.sin(q.anim_time*90*2-120-120)*3", 0, 0]
				},
				"braid_left_finger1": {
					"rotation": ["0+math.sin(q.anim_time*90*2-120-120-60)*4", 0, 0]
				},
				"braid_left_finger2": {
					"rotation": ["0+math.sin(q.anim_time*90*2-120-120-60)*4", 0, 0]
				},
				"braid_left_finger3": {
					"rotation": ["0+math.sin(q.anim_time*90*2-120-120-60)*4", 0, 0]
				},
				"braid_right": {
					"rotation": ["0+math.sin(q.anim_time*90*2-120)*1", 0, 0]
				},
				"braid_right_middle": {
					"rotation": ["0+math.sin(q.anim_time*90*2-120-60)*2", 0, 0]
				},
				"braid_right_bottom": {
					"rotation": ["0+math.sin(q.anim_time*90*2-120-120)*3", 0, 0]
				},
				"braid_right_finger1": {
					"rotation": ["0+math.sin(q.anim_time*90*2-120-120-60)*4", 0, 0]
				},
				"braid_right_finger2": {
					"rotation": ["0+math.sin(q.anim_time*90*2-120-120-60)*4", 0, 0]
				},
				"braid_right_finger3": {
					"rotation": ["0+math.sin(q.anim_time*90*2-120-120-60)*4", 0, 0]
				},
				"leg_front_right": {
					"rotation": [0, -22.5, 0],
					"position": [2.25, 0, 0]
				},
				"leg_front_left": {
					"rotation": [0, 22.5, 0],
					"position": [-2.25, 0, 0]
				}
			}
		},
		"animation.woofloo.sleep": {
			"loop": true,
			"bones": {
				"torso": {
					"position": [0, -3, 0]
				},
				"tail": {
					"rotation": [0, "0+math.sin(q.anim_time*90*2+0)*3", 0]
				},
				"head": {
					"rotation": ["22.5-math.sin(q.anim_time*90*0.5+0)*3", 0, 0]
				},
				"ear_right": {
					"rotation": [0, 0, "-35+math.sin(q.anim_time*90*0.5-60)*3"]
				},
				"ear_left": {
					"rotation": [0, 0, "35-math.sin(q.anim_time*90*0.5-60)*3"]
				},
				"eyelid_right": {
					"position": [-0.1, 0, 0]
				},
				"eyelid_left": {
					"position": [0.1, 0, 0]
				},
				"head_wool": {
					"rotation": [-2.5, 0, 0]
				},
				"braid_left": {
					"rotation": ["-20+math.sin(q.anim_time*90*0.5+0)*3", 0, 0]
				},
				"braid_right": {
					"rotation": ["-20+math.sin(q.anim_time*90*0.5+0)*3", 0, 0]
				}
			}
		},
		"animation.woofloo.cry": {
			"animation_length": 1.375,
			"bones": {
				"head": {
					"rotation": {
						"0.0": {
							"post": [0, 0, 0],
							"lerp_mode": "catmullrom"
						},
						"0.2917": {
							"post": [-15, 0, 0],
							"lerp_mode": "catmullrom"
						},
						"0.6667": {
							"post": [-7.5, 0, 0],
							"lerp_mode": "catmullrom"
						},
						"0.9583": {
							"post": [-15, 0, 0],
							"lerp_mode": "catmullrom"
						},
						"1.375": {
							"post": [0, 0, 0],
							"lerp_mode": "catmullrom"
						}
					}
				},
				"mouth_open": {
					"position": {
						"0.0": [0, 0, 0],
						"0.1667": {"pre": [0, 0, 0], "post": [0, 0, -1]},
						"0.5417": {"pre": [0, 0, -1], "post": [0, 0, 0]},
						"0.7083": {"pre": [0, 0, 0], "post": [0, 0, -1]},
						"1.375": {"pre": [0, 0, -1], "post": [0, 0, 0]}
					}
				},
				"braid_right": {
					"rotation": {
						"0.0": {
							"post": [0, 0, 0],
							"lerp_mode": "catmullrom"
						},
						"0.2083": {
							"post": [10.59611, 0, 0],
							"lerp_mode": "catmullrom"
						},
						"0.4167": {
							"post": [6.57086, 0, 0],
							"lerp_mode": "catmullrom"
						},
						"0.7917": {
							"post": [11.17821, 0, 0],
							"lerp_mode": "catmullrom"
						},
						"1.0833": {
							"post": [5.59611, 0, 0],
							"lerp_mode": "catmullrom"
						},
						"1.375": {
							"post": [0, 0, 0],
							"lerp_mode": "catmullrom"
						}
					}
				},
				"braid_left": {
					"rotation": {
						"0.0": {
							"post": [0, 0, 0],
							"lerp_mode": "catmullrom"
						},
						"0.2083": {
							"post": [10.59611, 0, 0],
							"lerp_mode": "catmullrom"
						},
						"0.4167": {
							"post": [6.57086, 0, 0],
							"lerp_mode": "catmullrom"
						},
						"0.7917": {
							"post": [11.17821, 0, 0],
							"lerp_mode": "catmullrom"
						},
						"1.0833": {
							"post": [5.59611, 0, 0],
							"lerp_mode": "catmullrom"
						},
						"1.375": {
							"post": [0, 0, 0],
							"lerp_mode": "catmullrom"
						}
					}
				},
				"ear_right": {
					"rotation": {
						"0.0": {
							"post": [0, 0, 0],
							"lerp_mode": "catmullrom"
						},
						"0.2083": {
							"post": [-13.48138, -19.03287, -3.99941],
							"lerp_mode": "catmullrom"
						},
						"0.7917": {
							"post": [0, 0, 0],
							"lerp_mode": "catmullrom"
						},
						"1.0": {
							"post": [-13.48138, -19.03287, -3.99941],
							"lerp_mode": "catmullrom"
						},
						"1.375": {
							"post": [0, 0, 0],
							"lerp_mode": "catmullrom"
						}
					}
				},
				"ear_left": {
					"rotation": {
						"0.0": {
							"post": [0, 0, 0],
							"lerp_mode": "catmullrom"
						},
						"0.2083": {
							"post": [-13.48138, 19.03287, 3.99941],
							"lerp_mode": "catmullrom"
						},
						"0.7917": {
							"post": [0, 0, 0],
							"lerp_mode": "catmullrom"
						},
						"1.0": {
							"post": [-13.48138, 19.03287, 3.99941],
							"lerp_mode": "catmullrom"
						},
						"1.375": {
							"post": [0, 0, 0],
							"lerp_mode": "catmullrom"
						}
					}
				}
			},
			"sound_effects": {
				"0.1667": {
					"effect": "pokemon.woofloo.cry"
				}
			}
		},
		"animation.woofloo.blink": {
			"animation_length": 0.1667,
			"bones": {
				"eyelid_right": {
					"position": {
						"0.0": [-0.1, 0, 0],
						"0.125": [-0.1, 0, 0],
						"0.1667": [0, 0, 0]
					}
				},
				"eyelid_left": {
					"position": {
						"0.0": [0.1, 0, 0],
						"0.125": [0.1, 0, 0],
						"0.1667": [0, 0, 0]
					}
				}
			}
		},
		"animation.woofloo.grass_eat": {
			"animation_length": 4.25,
			"bones": {
				"torso": {
					"rotation": {
						"1.5": [0, 0, 0],
						"1.8333": [5, 0, 0],
						"3.3333": [5, 0, 0],
						"3.6667": [0, 0, 0]
					}
				},
				"head": {
					"rotation": {
						"0.0": {
							"post": [0, 0, 0],
							"lerp_mode": "catmullrom"
						},
						"0.5": {
							"post": [0, -15, 0],
							"lerp_mode": "catmullrom"
						},
						"1.0417": {
							"post": [0, 15, 0],
							"lerp_mode": "catmullrom"
						},
						"1.5": [0, 0, 0],
						"1.8333": [45, 0, 0],
						"2.0833": [60, 0, 0],
						"2.1667": [55, 0, 0],
						"2.25": [50, 0, 0],
						"2.3333": [45, 0, 0],
						"2.5": [60, 0, 0],
						"2.5833": [55, 0, 0],
						"2.6667": [50, 0, 0],
						"2.75": [45, 0, 0],
						"2.9167": [60, 0, 0],
						"3.0": [55, 0, 0],
						"3.0833": [50, 0, 0],
						"3.1667": [45, 0, 0],
						"3.5": [0, 0, 0]
					},
					"position": {
						"0.0": [0, 0, 0],
						"1.5": [0, 0, 0],
						"1.6667": [0, -1, -1],
						"1.8333": [0, -3, 0],
						"3.1667": [0, -3, 0],
						"3.3333": [0, -1, -1],
						"3.5": [0, 0, 0]
					}
				},
				"eyelid_right": {
					"position": {
						"0.0": [0, 0, 0],
						"0.875": {"pre": [0, 0, 0], "post": [-0.1, 0, 0]},
						"1.125": {"pre": [-0.1, 0, 0], "post": [0, 0, 0]}
					}
				},
				"eyelid_left": {
					"position": {
						"0.0": [0, 0, 0],
						"0.875": {"pre": [0, 0, 0], "post": [0.1, 0, 0]},
						"1.125": {"pre": [0.1, 0, 0], "post": [0, 0, 0]}
					}
				},
				"braid_left": {
					"rotation": {
						"0.0": {
							"post": [0, 0, 0],
							"lerp_mode": "catmullrom"
						},
						"0.25": {
							"post": [0, 0, 7.5],
							"lerp_mode": "catmullrom"
						},
						"0.625": {
							"post": [0, 0, -10],
							"lerp_mode": "catmullrom"
						},
						"1.125": {
							"post": [0, 0, 10],
							"lerp_mode": "catmullrom"
						},
						"1.5": {
							"post": [0, 0, 0],
							"lerp_mode": "catmullrom"
						},
						"1.75": {
							"post": [-30, 0, 0],
							"lerp_mode": "catmullrom"
						},
						"3.0": {
							"post": [-30, 0, 0],
							"lerp_mode": "catmullrom"
						},
						"3.5": {
							"post": [0, 0, 0],
							"lerp_mode": "catmullrom"
						}
					}
				},
				"braid_left_middle": {
					"rotation": {
						"0.0": {
							"post": [0, 0, 0],
							"lerp_mode": "catmullrom"
						},
						"1.75": {
							"post": [0, 0, 0],
							"lerp_mode": "catmullrom"
						},
						"2.0": {
							"post": [-17.5, 0, 0],
							"lerp_mode": "catmullrom"
						},
						"3.25": {
							"post": [-17.5, 0, 0],
							"lerp_mode": "catmullrom"
						},
						"3.5": {
							"post": [0, 0, 0],
							"lerp_mode": "catmullrom"
						},
						"4.25": {
							"post": [0, 0, 0],
							"lerp_mode": "catmullrom"
						}
					}
				},
				"braid_left_bottom": {
					"rotation": {
						"0.0": {
							"post": [0, 0, 0],
							"lerp_mode": "catmullrom"
						},
						"1.75": {
							"post": [0, 0, 0],
							"lerp_mode": "catmullrom"
						},
						"2.0": {
							"post": [-12.5, 0, 0],
							"lerp_mode": "catmullrom"
						},
						"2.2083": {
							"post": [4.13, 0, 0],
							"lerp_mode": "catmullrom"
						},
						"2.375": {
							"post": [-12.5, 0, 0],
							"lerp_mode": "catmullrom"
						},
						"2.5833": {
							"post": [4.13, 0, 0],
							"lerp_mode": "catmullrom"
						},
						"2.75": {
							"post": [-12.5, 0, 0],
							"lerp_mode": "catmullrom"
						},
						"2.9583": {
							"post": [4.13, 0, 0],
							"lerp_mode": "catmullrom"
						},
						"3.25": {
							"post": [-12.5, 0, 0],
							"lerp_mode": "catmullrom"
						},
						"3.5": {
							"post": [0, 0, 0],
							"lerp_mode": "catmullrom"
						},
						"4.25": {
							"post": [0, 0, 0],
							"lerp_mode": "catmullrom"
						}
					}
				},
				"braid_right": {
					"rotation": {
						"0.0": {
							"post": [0, 0, 0],
							"lerp_mode": "catmullrom"
						},
						"0.25": {
							"post": [0, 0, 7.5],
							"lerp_mode": "catmullrom"
						},
						"0.625": {
							"post": [0, 0, -10],
							"lerp_mode": "catmullrom"
						},
						"1.125": {
							"post": [0, 0, 10],
							"lerp_mode": "catmullrom"
						},
						"1.5": {
							"post": [0, 0, 0],
							"lerp_mode": "catmullrom"
						},
						"1.75": {
							"post": [-30, 0, 0],
							"lerp_mode": "catmullrom"
						},
						"3.0": {
							"post": [-30, 0, 0],
							"lerp_mode": "catmullrom"
						},
						"3.5": {
							"post": [0, 0, 0],
							"lerp_mode": "catmullrom"
						}
					}
				},
				"braid_right_middle": {
					"rotation": {
						"0.0": {
							"post": [0, 0, 0],
							"lerp_mode": "catmullrom"
						},
						"1.75": {
							"post": [0, 0, 0],
							"lerp_mode": "catmullrom"
						},
						"2.0": {
							"post": [-17.5, 0, 0],
							"lerp_mode": "catmullrom"
						},
						"3.25": {
							"post": [-17.5, 0, 0],
							"lerp_mode": "catmullrom"
						},
						"3.5": {
							"post": [0, 0, 0],
							"lerp_mode": "catmullrom"
						},
						"4.25": {
							"post": [0, 0, 0],
							"lerp_mode": "catmullrom"
						}
					}
				},
				"braid_right_bottom": {
					"rotation": {
						"0.0": {
							"post": [0, 0, 0],
							"lerp_mode": "catmullrom"
						},
						"1.75": {
							"post": [0, 0, 0],
							"lerp_mode": "catmullrom"
						},
						"2.0": {
							"post": [-12.5, 0, 0],
							"lerp_mode": "catmullrom"
						},
						"2.2083": {
							"post": [4.13, 0, 0],
							"lerp_mode": "catmullrom"
						},
						"2.375": {
							"post": [-12.5, 0, 0],
							"lerp_mode": "catmullrom"
						},
						"2.5833": {
							"post": [4.13, 0, 0],
							"lerp_mode": "catmullrom"
						},
						"2.75": {
							"post": [-12.5, 0, 0],
							"lerp_mode": "catmullrom"
						},
						"2.9583": {
							"post": [4.13, 0, 0],
							"lerp_mode": "catmullrom"
						},
						"3.25": {
							"post": [-12.5, 0, 0],
							"lerp_mode": "catmullrom"
						},
						"3.5": {
							"post": [0, 0, 0],
							"lerp_mode": "catmullrom"
						},
						"4.25": {
							"post": [0, 0, 0],
							"lerp_mode": "catmullrom"
						}
					}
				}
			}
		},
		"animation.woofloo.ear_quirk_left": {
			"animation_length": 0.25,
			"bones": {
				"ear_right": {
					"rotation": [0, 0, "0-math.sin(q.anim_time*90*100+0)*3"]
				}
			}
		},
		"animation.woofloo.ear_quirk_right": {
			"animation_length": 0.25,
			"bones": {
				"ear_left": {
					"rotation": [0, 0, "0+math.sin(q.anim_time*90*100+0)*3"]
				}
			}
		}
	}
}