{
 "species": "cobblemon:fortraze",
 "order": 0,
 "variations": [
   {
     "aspects": [],
     "poser": "cobblemon:fortraze",
     "model": "cobblemon:fortraze.geo",
     "texture": "cobblemon:textures/pokemon/fortraze/fortraze.png",
     "layers": [ 
				{
              "name": "emissive",
              "emissive": true,
              "texture": "cobblemon:textures/pokemon/fortraze/fortraze_emissive.png",
              "translucent": true
			}
			]
   },
   {
     "aspects": [
       "shiny"
     ],
     "texture": "cobblemon:textures/pokemon/fortraze/fortraze_shiny.png",
	 "layers": [ 
				{
              "name": "emissive",
              "emissive": true,
              "texture": "cobblemon:textures/pokemon/fortraze/fortraze_shiny_emissive.png",
              "translucent": true
			}
			]
	}
 ]
}