{
	"format_version": "1.12.0",
	"minecraft:geometry": [
		{
			"description": {
				"identifier": "geometry.regilu",
				"texture_width": 128,
				"texture_height": 128,
				"visible_bounds_width": 5,
				"visible_bounds_height": 3.5,
				"visible_bounds_offset": [0, 1.25, 0]
			},
			"bones": [
				{
					"name": "regilu",
					"pivot": [0, 0, 0]
				},
				{
					"name": "bone",
					"parent": "regilu",
					"pivot": [0, 0, 0],
					"cubes": [
						{"origin": [-7, 0, -7], "size": [14, 13, 14], "uv": [2, 2]}
					]
				},
				{
					"name": "head",
					"parent": "bone",
					"pivot": [0, 13, 0],
					"cubes": [
						{"origin": [-4.5, 12, -4.5], "size": [9, 8, 9], "uv": [76, 14]}
					]
				},
				{
					"name": "bone2",
					"parent": "head",
					"pivot": [0, 20, 0],
					"cubes": [
						{"origin": [-8, 20, -8], "size": [16, 3, 16], "uv": [0, 32]}
					]
				},
				{
					"name": "bone3",
					"parent": "bone2",
					"pivot": [0, 23, 0],
					"cubes": [
						{"origin": [-5, 23, 0], "size": [10, 7, 0], "uv": [15, 54]}
					]
				},
				{
					"name": "arm",
					"parent": "bone",
					"pivot": [8, 9, 0],
					"cubes": [
						{"origin": [5, 9, -2], "size": [14, 0, 4], "uv": [77, 61]},
						{"origin": [18, 9.01, -3], "size": [14, 0, 4], "pivot": [19, 9, 0], "rotation": [0, 72.5, 0], "uv": [77, 61]}
					]
				},
				{
					"name": "bone4",
					"parent": "arm",
					"pivot": [21.45899, 9, -12.46761],
					"cubes": [
						{"origin": [32, 9, -6], "size": [10, 0, 10], "pivot": [19, 9, 0], "rotation": [0, 72.5, 0], "uv": [40, 70]}
					]
				},
				{
					"name": "arm2",
					"parent": "bone",
					"pivot": [-8, 9, 0],
					"cubes": [
						{"origin": [-19, 9, -2], "size": [14, 0, 4], "uv": [77, 61], "mirror": true},
						{"origin": [-32, 9.01, -3], "size": [14, 0, 4], "pivot": [-19, 9, 0], "rotation": [0, -72.5, 0], "uv": [77, 61], "mirror": true}
					]
				},
				{
					"name": "bone5",
					"parent": "arm2",
					"pivot": [-21.45899, 9, -12.46761],
					"cubes": [
						{"origin": [-42, 9, -6], "size": [10, 0, 10], "pivot": [-19, 9, 0], "rotation": [0, -72.5, 0], "uv": [40, 70], "mirror": true}
					]
				}
			]
		}
	]
}