{
	"format_version": "1.12.0",
	"minecraft:geometry": [
		{
			"description": {
				"identifier": "geometry.abyssringe",
				"texture_width": 128,
				"texture_height": 128,
				"visible_bounds_width": 8,
				"visible_bounds_height": 9,
				"visible_bounds_offset": [0, -1.5, 0]
			},
			"bones": [
				{
					"name": "abyssringe",
					"pivot": [0, 0, 0]
				},
				{
					"name": "body",
					"parent": "abyssringe",
					"pivot": [0, 0, 0]
				},
				{
					"name": "torso",
					"parent": "body",
					"pivot": [0, 0, 0]
				},
				{
					"name": "neck",
					"parent": "torso",
					"pivot": [0, 22.5, 0],
					"rotation": [-90, 0, 0],
					"cubes": [
						{"origin": [-2, 20.5, -4], "size": [4, 4, 5], "uv": [73, 0]}
					]
				},
				{
					"name": "head",
					"parent": "neck",
					"pivot": [0, 21.5, -1],
					"cubes": [
						{"origin": [-3.5, 19.1, -6], "size": [7, 5, 5], "uv": [26, 59]},
						{"origin": [-2.5, 16.6, -6], "size": [5, 5, 5], "inflate": -0.01, "pivot": [0, 19.1, -3.5], "rotation": [0, 0, 45], "uv": [66, 64]},
						{"origin": [-2.5, 16.55, -5], "size": [1, 0, 1], "inflate": 0.01, "pivot": [0, 19.1, -3.5], "rotation": [0, 0, 45], "uv": [0, 0]},
						{"origin": [-1.5, 16.55, -4.5], "size": [1, 0, 1], "inflate": 0.01, "pivot": [0, 19.1, -3.5], "rotation": [0, 0, 45], "uv": [0, 0]},
						{"origin": [1.5, 16.55, -5], "size": [1, 0, 1], "inflate": 0.01, "pivot": [0, 19.1, -3.5], "rotation": [0, 0, -45], "uv": [0, 0], "mirror": true},
						{"origin": [0.5, 16.55, -4.5], "size": [1, 0, 1], "inflate": 0.01, "pivot": [0, 19.1, -3.5], "rotation": [0, 0, -45], "uv": [0, 0], "mirror": true}
					]
				},
				{
					"name": "ear_right",
					"parent": "head",
					"pivot": [-3.5, 20.1, -5],
					"rotation": [0, -22.5, 0],
					"cubes": [
						{"origin": [-3.5, 19.1, -5], "size": [0, 2, 4], "uv": [29, 42]}
					]
				},
				{
					"name": "ear_right2",
					"parent": "ear_right",
					"pivot": [-3.5, 20.1, -1],
					"cubes": [
						{"origin": [-3, 19.1, -1], "size": [-1, 2, 3], "uv": [116, 116]},
						{"origin": [-3.5, 19.1, -1], "size": [0, 2, 3], "uv": [49, 47]}
					]
				},
				{
					"name": "ear_right3",
					"parent": "ear_right2",
					"pivot": [-3.5, 20.1, 2],
					"cubes": [
						{"origin": [-3, 18.6, 2], "size": [-1, 3, 4], "uv": [116, 114]},
						{"origin": [-3.5, 18.6, 2], "size": [0, 3, 4], "uv": [21, 40]}
					]
				},
				{
					"name": "head2",
					"parent": "ear_right3",
					"pivot": [-3.5, 20.1, 6],
					"cubes": [
						{"origin": [-3, 18.1, 6], "size": [-1, 4, 3], "uv": [116, 115]},
						{"origin": [-3.5, 18.1, 6], "size": [0, 4, 3], "uv": [30, 45]}
					]
				},
				{
					"name": "ear_left",
					"parent": "head",
					"pivot": [3.5, 20.1, -5],
					"rotation": [0, 22.5, 0],
					"cubes": [
						{"origin": [3.5, 19.1, -5], "size": [0, 2, 4], "uv": [29, 42], "mirror": true}
					]
				},
				{
					"name": "ear_left2",
					"parent": "ear_left",
					"pivot": [3.5, 20.1, -1],
					"cubes": [
						{"origin": [4, 19.1, -1], "size": [-1, 2, 3], "uv": [116, 116], "mirror": true},
						{"origin": [3.5, 19.1, -1], "size": [0, 2, 3], "uv": [49, 47], "mirror": true}
					]
				},
				{
					"name": "ear_left3",
					"parent": "ear_left2",
					"pivot": [3.5, 20.1, 2],
					"cubes": [
						{"origin": [4, 18.6, 2], "size": [-1, 3, 4], "uv": [116, 114], "mirror": true},
						{"origin": [3.5, 18.6, 2], "size": [0, 3, 4], "uv": [21, 40], "mirror": true}
					]
				},
				{
					"name": "head3",
					"parent": "ear_left3",
					"pivot": [3.5, 20.1, 6],
					"cubes": [
						{"origin": [4, 18.1, 6], "size": [-1, 4, 3], "uv": [116, 115], "mirror": true},
						{"origin": [3.5, 18.1, 6], "size": [0, 4, 3], "uv": [30, 45], "mirror": true}
					]
				},
				{
					"name": "eye_right",
					"parent": "head",
					"pivot": [-3.1988, 19.22912, -3.5],
					"cubes": [
						{"origin": [-1.46351, 17.97939, -4], "size": [0, 2, 2], "pivot": [-1.43851, 16.97939, -4.5], "rotation": [0, 0, -45], "uv": [0, 55]},
						{"origin": [-1.43851, 18.97939, -4.5], "size": [0, 1, 1], "pivot": [-1.41351, 16.97939, -4.5], "rotation": [0, 0, -45], "uv": [8, 28]},
						{"origin": [-1.46351, 18.47939, -4.25], "size": [0, 1, 2], "inflate": 0.01, "pivot": [-1.43851, 16.97939, -4.5], "rotation": [0, 0, -45], "uv": [36, 27]},
						{"origin": [-3.57721, 19.08232, -4], "size": [0, 2, 2], "uv": [49, 46]},
						{"origin": [-3.55221, 19.08232, -4.5], "size": [0, 2, 2], "uv": [49, 44]}
					]
				},
				{
					"name": "eye_left",
					"parent": "head",
					"pivot": [3.1988, 19.22912, -3.5],
					"cubes": [
						{"origin": [1.46351, 17.97939, -4], "size": [0, 2, 2], "pivot": [1.43851, 16.97939, -4.5], "rotation": [0, 0, 45], "uv": [0, 55], "mirror": true},
						{"origin": [1.43851, 18.97939, -4.5], "size": [0, 1, 1], "pivot": [1.41351, 16.97939, -4.5], "rotation": [0, 0, 45], "uv": [8, 28], "mirror": true},
						{"origin": [1.46351, 18.47939, -4.25], "size": [0, 1, 2], "inflate": 0.01, "pivot": [1.43851, 16.97939, -4.5], "rotation": [0, 0, 45], "uv": [36, 27], "mirror": true},
						{"origin": [3.57721, 19.08232, -4], "size": [0, 2, 2], "uv": [49, 46], "mirror": true},
						{"origin": [3.55221, 19.08232, -4.5], "size": [0, 2, 2], "uv": [49, 44], "mirror": true}
					]
				},
				{
					"name": "mouth",
					"parent": "head",
					"pivot": [0, 17.6, -0.99]
				},
				{
					"name": "mouth_closed",
					"parent": "mouth",
					"pivot": [0, 17.6, -0.99],
					"cubes": [
						{"origin": [-1, 17.1, -0.99], "size": [2, 1, 0], "uv": [40, 12]}
					]
				},
				{
					"name": "mouth_open",
					"parent": "mouth",
					"pivot": [0, 17.6, -1.08],
					"cubes": [
						{"origin": [-1, 16.6, -1.09], "size": [2, 2, 0], "uv": [26, 62]}
					]
				},
				{
					"name": "fins",
					"parent": "head",
					"pivot": [-0.1, 18.1, 21]
				},
				{
					"name": "upper_fin_right",
					"parent": "fins",
					"pivot": [-1.01, 21.1, -6],
					"rotation": [0, -90, 0]
				},
				{
					"name": "upper_fin_right_rotation",
					"parent": "upper_fin_right",
					"pivot": [-1.01, 21.1, -6],
					"rotation": [-10, 0, 0],
					"cubes": [
						{"origin": [-1.01, 21.1, -6], "size": [0, 4, 2], "inflate": 0.02, "uv": [0, 37]}
					]
				},
				{
					"name": "upper_fin_right2",
					"parent": "upper_fin_right_rotation",
					"pivot": [-1.01, 25.1, -6],
					"cubes": [
						{"origin": [-1.01, 25.1, -6], "size": [0, 4, 2], "inflate": 0.01, "uv": [28, 24]},
						{"origin": [-0.51, 25.1, -6], "size": [-1, 4, 2], "inflate": 0.01, "uv": [118, 118]}
					]
				},
				{
					"name": "upper_fin_right3",
					"parent": "upper_fin_right2",
					"pivot": [-1.01, 29.1, -6],
					"cubes": [
						{"origin": [-1.01, 29.1, -7], "size": [0, 4, 4], "uv": [0, 40]},
						{"origin": [-0.51, 29.1, -7], "size": [-1, 4, 4], "uv": [115, 114]}
					]
				},
				{
					"name": "upper_fin_right4",
					"parent": "upper_fin_right3",
					"pivot": [-1.01, 33.1, -7],
					"cubes": [
						{"origin": [-1.01, 33.1, -7], "size": [0, 4, 4], "uv": [30, 2]},
						{"origin": [-0.51, 33.1, -7], "size": [-1, 4, 4], "uv": [115, 116]}
					]
				},
				{
					"name": "upper_fin_right5",
					"parent": "upper_fin_right4",
					"pivot": [-1.01, 37.1, -7],
					"cubes": [
						{"origin": [-1.01, 37.1, -7], "size": [0, 5, 4], "uv": [27, 65]},
						{"origin": [-0.51, 37.1, -7], "size": [-1, 5, 4], "uv": [116, 114]}
					]
				},
				{
					"name": "upper_fin_right6",
					"parent": "upper_fin_right5",
					"pivot": [-1.01, 42.1, -7],
					"cubes": [
						{"origin": [-1.01, 42.1, -7], "size": [0, 5, 4], "uv": [52, 30]},
						{"origin": [-0.51, 42.1, -7], "size": [-1, 5, 4], "uv": [114, 115]}
					]
				},
				{
					"name": "upper_fin_right7",
					"parent": "upper_fin_right6",
					"pivot": [-1.01, 47.1, -8],
					"cubes": [
						{"origin": [-1.01, 47.1, -7.5], "size": [0, 5, 5], "uv": [60, 59]},
						{"origin": [-0.51, 47.1, -7.5], "size": [-1, 5, 5], "uv": [113, 115]}
					]
				},
				{
					"name": "upper_fin_right8",
					"parent": "upper_fin_right7",
					"pivot": [-1.01, 52.1, -8],
					"cubes": [
						{"origin": [-1.01, 52.1, -8], "size": [0, 5, 6], "uv": [16, 73]},
						{"origin": [-0.51, 52.1, -8], "size": [-1, 3, 6], "uv": [113, 111]}
					]
				},
				{
					"name": "upper_fin_right9",
					"parent": "upper_fin_right8",
					"pivot": [-1.01, 57.1, -1.3],
					"cubes": [
						{"origin": [-1.01, 57.1, -8], "size": [0, 4, 5], "uv": [0, 1]}
					]
				},
				{
					"name": "upper_fin_right14",
					"parent": "upper_fin_right5",
					"pivot": [-1.01, 42.1, -5],
					"cubes": [
						{"origin": [-1.01, 42.1, -9], "size": [0, 5, 4], "uv": [52, 30]},
						{"origin": [-0.51, 42.1, -9], "size": [-1, 5, 4], "uv": [114, 115]}
					]
				},
				{
					"name": "upper_fin_right15",
					"parent": "upper_fin_right14",
					"pivot": [-1.01, 47.1, -7],
					"cubes": [
						{"origin": [-1.01, 47.1, -9.5], "size": [0, 5, 5], "uv": [60, 59]},
						{"origin": [-0.51, 47.1, -9.5], "size": [-1, 5, 5], "uv": [113, 115]}
					]
				},
				{
					"name": "upper_fin_right16",
					"parent": "upper_fin_right15",
					"pivot": [-1.01, 52.1, -7],
					"cubes": [
						{"origin": [-1.01, 52.1, -10], "size": [0, 5, 6], "uv": [16, 73]},
						{"origin": [-0.51, 52.1, -10], "size": [-1, 3, 6], "uv": [113, 111]}
					]
				},
				{
					"name": "upper_fin_right17",
					"parent": "upper_fin_right16",
					"pivot": [-1.01, 57.1, -7.3],
					"cubes": [
						{"origin": [-1.01, 57.1, -10], "size": [0, 4, 5], "uv": [0, 1]}
					]
				},
				{
					"name": "upper_fin_right10",
					"parent": "upper_fin_right5",
					"pivot": [-1.01, 42.1, -5],
					"cubes": [
						{"origin": [-1.01, 42.1, -5], "size": [0, 5, 4], "uv": [52, 30]},
						{"origin": [-0.51, 42.1, -5], "size": [-1, 5, 4], "uv": [114, 115]}
					]
				},
				{
					"name": "upper_fin_right11",
					"parent": "upper_fin_right10",
					"pivot": [-1.01, 47.1, -3],
					"cubes": [
						{"origin": [-1.01, 47.1, -5.5], "size": [0, 5, 5], "uv": [60, 59]},
						{"origin": [-0.51, 47.1, -5.5], "size": [-1, 5, 5], "uv": [113, 115]}
					]
				},
				{
					"name": "upper_fin_right12",
					"parent": "upper_fin_right11",
					"pivot": [-1.01, 52.1, -3],
					"cubes": [
						{"origin": [-1.01, 52.1, -6], "size": [0, 5, 6], "uv": [16, 73]},
						{"origin": [-0.51, 52.1, -6], "size": [-1, 3, 6], "uv": [113, 111]}
					]
				},
				{
					"name": "upper_fin_right13",
					"parent": "upper_fin_right12",
					"pivot": [-1.01, 57.1, -3.3],
					"cubes": [
						{"origin": [-1.01, 57.1, -6], "size": [0, 4, 5], "uv": [0, 1]}
					]
				},
				{
					"name": "upper_fin_left",
					"parent": "fins",
					"pivot": [1.01, 21.1, -6],
					"rotation": [0, 90, 0]
				},
				{
					"name": "upper_fin_left_rotation",
					"parent": "upper_fin_left",
					"pivot": [1.01, 21.1, -6],
					"rotation": [-10, 0, 0],
					"cubes": [
						{"origin": [1.01, 21.1, -6], "size": [0, 4, 2], "inflate": 0.02, "uv": [0, 37], "mirror": true}
					]
				},
				{
					"name": "upper_fin_left2",
					"parent": "upper_fin_left_rotation",
					"pivot": [1.01, 25.1, -6],
					"cubes": [
						{"origin": [1.01, 25.1, -6], "size": [0, 4, 2], "inflate": 0.01, "uv": [28, 24], "mirror": true},
						{"origin": [1.51, 25.1, -6], "size": [-1, 4, 2], "inflate": 0.01, "uv": [118, 118], "mirror": true}
					]
				},
				{
					"name": "upper_fin_left3",
					"parent": "upper_fin_left2",
					"pivot": [1.01, 29.1, -6],
					"cubes": [
						{"origin": [1.01, 29.1, -7], "size": [0, 4, 4], "uv": [0, 40], "mirror": true},
						{"origin": [1.51, 29.1, -7], "size": [-1, 4, 4], "uv": [115, 114], "mirror": true}
					]
				},
				{
					"name": "upper_fin_left4",
					"parent": "upper_fin_left3",
					"pivot": [1.01, 33.1, -7],
					"cubes": [
						{"origin": [1.01, 33.1, -7], "size": [0, 4, 4], "uv": [30, 2], "mirror": true},
						{"origin": [1.51, 33.1, -7], "size": [-1, 4, 4], "uv": [115, 116], "mirror": true}
					]
				},
				{
					"name": "upper_fin_left5",
					"parent": "upper_fin_left4",
					"pivot": [1.01, 37.1, -7],
					"cubes": [
						{"origin": [1.01, 37.1, -7], "size": [0, 5, 4], "uv": [27, 65], "mirror": true},
						{"origin": [1.51, 37.1, -7], "size": [-1, 5, 4], "uv": [116, 114], "mirror": true}
					]
				},
				{
					"name": "upper_fin_left6",
					"parent": "upper_fin_left5",
					"pivot": [1.01, 42.1, -7],
					"cubes": [
						{"origin": [1.01, 42.1, -7], "size": [0, 5, 4], "uv": [52, 30], "mirror": true},
						{"origin": [1.51, 42.1, -7], "size": [-1, 5, 4], "uv": [114, 115], "mirror": true}
					]
				},
				{
					"name": "upper_fin_left7",
					"parent": "upper_fin_left6",
					"pivot": [1.01, 47.1, -8],
					"cubes": [
						{"origin": [1.01, 47.1, -7.5], "size": [0, 5, 5], "uv": [60, 59], "mirror": true},
						{"origin": [1.51, 47.1, -7.5], "size": [-1, 5, 5], "uv": [113, 115], "mirror": true}
					]
				},
				{
					"name": "upper_fin_left8",
					"parent": "upper_fin_left7",
					"pivot": [1.01, 52.1, -8],
					"cubes": [
						{"origin": [1.01, 52.1, -8], "size": [0, 5, 6], "uv": [16, 73], "mirror": true},
						{"origin": [1.51, 52.1, -8], "size": [-1, 3, 6], "uv": [113, 111], "mirror": true}
					]
				},
				{
					"name": "upper_fin_left9",
					"parent": "upper_fin_left8",
					"pivot": [1.01, 57.1, -1.3],
					"cubes": [
						{"origin": [1.01, 57.1, -8], "size": [0, 4, 5], "uv": [0, 1], "mirror": true}
					]
				},
				{
					"name": "upper_fin_left14",
					"parent": "upper_fin_left5",
					"pivot": [1.01, 42.1, -5],
					"cubes": [
						{"origin": [1.01, 42.1, -9], "size": [0, 5, 4], "uv": [52, 30], "mirror": true},
						{"origin": [1.51, 42.1, -9], "size": [-1, 5, 4], "uv": [114, 115], "mirror": true}
					]
				},
				{
					"name": "upper_fin_left15",
					"parent": "upper_fin_left14",
					"pivot": [1.01, 47.1, -7],
					"cubes": [
						{"origin": [1.01, 47.1, -9.5], "size": [0, 5, 5], "uv": [60, 59], "mirror": true},
						{"origin": [1.51, 47.1, -9.5], "size": [-1, 5, 5], "uv": [113, 115], "mirror": true}
					]
				},
				{
					"name": "upper_fin_left16",
					"parent": "upper_fin_left15",
					"pivot": [1.01, 52.1, -7],
					"cubes": [
						{"origin": [1.01, 52.1, -10], "size": [0, 5, 6], "uv": [16, 73], "mirror": true},
						{"origin": [1.51, 52.1, -10], "size": [-1, 3, 6], "uv": [113, 111], "mirror": true}
					]
				},
				{
					"name": "upper_fin_left17",
					"parent": "upper_fin_left16",
					"pivot": [1.01, 57.1, -7.3],
					"cubes": [
						{"origin": [1.01, 57.1, -10], "size": [0, 4, 5], "uv": [0, 1], "mirror": true}
					]
				},
				{
					"name": "upper_fin_left10",
					"parent": "upper_fin_left5",
					"pivot": [1.01, 42.1, -5],
					"cubes": [
						{"origin": [1.01, 42.1, -5], "size": [0, 5, 4], "uv": [52, 30], "mirror": true},
						{"origin": [1.51, 42.1, -5], "size": [-1, 5, 4], "uv": [114, 115], "mirror": true}
					]
				},
				{
					"name": "upper_fin_left11",
					"parent": "upper_fin_left10",
					"pivot": [1.01, 47.1, -3],
					"cubes": [
						{"origin": [1.01, 47.1, -5.5], "size": [0, 5, 5], "uv": [60, 59], "mirror": true},
						{"origin": [1.51, 47.1, -5.5], "size": [-1, 5, 5], "uv": [113, 115], "mirror": true}
					]
				},
				{
					"name": "upper_fin_left12",
					"parent": "upper_fin_left11",
					"pivot": [1.01, 52.1, -3],
					"cubes": [
						{"origin": [1.01, 52.1, -6], "size": [0, 5, 6], "uv": [16, 73], "mirror": true},
						{"origin": [1.51, 52.1, -6], "size": [-1, 3, 6], "uv": [113, 111], "mirror": true}
					]
				},
				{
					"name": "upper_fin_left13",
					"parent": "upper_fin_left12",
					"pivot": [1.01, 57.1, -3.3],
					"cubes": [
						{"origin": [1.01, 57.1, -6], "size": [0, 4, 5], "uv": [0, 1], "mirror": true}
					]
				},
				{
					"name": "lower_fin_right",
					"parent": "fins",
					"pivot": [-3.01, 17.6, -5.5],
					"rotation": [0, 0, -1],
					"cubes": [
						{"origin": [-3.51, 18.02242, -5.8843], "size": [0, 8, 2], "pivot": [-3.51, 18.30883, -5.23685], "rotation": [40, 0, -7.5], "uv": [14, 65]},
						{"origin": [-3.92319, 19.65468, -5.77054], "size": [0, 6, 1], "pivot": [-3.76, 20.30883, -5.23685], "rotation": [12.5, 0, -15], "uv": [18, 66]}
					]
				},
				{
					"name": "lower_fin_left",
					"parent": "fins",
					"pivot": [3.01, 17.6, -5.5],
					"rotation": [0, 0, 1],
					"cubes": [
						{"origin": [3.51, 18.02242, -5.8843], "size": [0, 8, 2], "pivot": [3.51, 18.30883, -5.23685], "rotation": [40, 0, 7.5], "uv": [14, 65], "mirror": true},
						{"origin": [3.92319, 19.65468, -5.77054], "size": [0, 6, 1], "pivot": [3.76, 20.30883, -5.23685], "rotation": [12.5, 0, 15], "uv": [18, 66], "mirror": true}
					]
				},
				{
					"name": "segment1",
					"parent": "torso",
					"pivot": [0, 22.5, 0],
					"rotation": [-90, 0, 0],
					"cubes": [
						{"origin": [-2, 20.5, 0], "size": [4, 4, 4], "inflate": 0.01, "uv": [0, 77]},
						{"origin": [-2, 20.5, 0], "size": [4, 4, 4], "inflate": 0.1, "uv": [74, 55]}
					]
				},
				{
					"name": "segment2",
					"parent": "segment1",
					"pivot": [0, 22.5, 4],
					"cubes": [
						{"origin": [-2.5, 20, 4], "size": [5, 5, 6], "uv": [44, 64]}
					]
				},
				{
					"name": "jelly_top",
					"parent": "segment2",
					"pivot": [0, 22.45023, 4.01936],
					"cubes": [
						{"origin": [-2.5, 20, 4], "size": [1, 5, 6], "inflate": 0.01, "pivot": [-2.5, 22.5, 4], "rotation": [0, -7.5, 0], "uv": [60, 74]},
						{"origin": [-2.5, 20, 6], "size": [5, 0, 6], "pivot": [0, 20, 6], "rotation": [-12.5, 0, 0], "uv": [14, 54]},
						{"origin": [-2.5, 23, 4], "size": [5, 2, 6], "inflate": 0.01, "pivot": [0, 25, 4], "rotation": [12.5, 0, 0], "uv": [64, 28]},
						{"origin": [1.5, 20, 4], "size": [1, 5, 6], "inflate": 0.01, "pivot": [2.5, 22.5, 4], "rotation": [0, 7.5, 0], "uv": [60, 74], "mirror": true}
					]
				},
				{
					"name": "segment_2",
					"parent": "segment2",
					"pivot": [0, 22.5, 9],
					"cubes": [
						{"origin": [-3, 19.5, 9], "size": [6, 6, 7], "uv": [30, 46]}
					]
				},
				{
					"name": "jelly_front",
					"parent": "segment_2",
					"pivot": [0, 19.49212, 13.06407],
					"rotation": [-15, 0, 0],
					"cubes": [
						{"origin": [-4.5, 19.49212, 13.04741], "size": [9, 0, 5], "uv": [60, 20]}
					]
				},
				{
					"name": "jelly_front2",
					"parent": "jelly_front",
					"pivot": [0, 19.49212, 18.04741],
					"cubes": [
						{"origin": [-4.5, 19.49212, 18.04741], "size": [9, 0, 5], "uv": [61, 50]}
					]
				},
				{
					"name": "jelly_front3",
					"parent": "jelly_front2",
					"pivot": [0, 19.49212, 23.04741],
					"cubes": [
						{"origin": [-6, 19.49212, 23.04741], "size": [12, 0, 6], "uv": [34, 6]}
					]
				},
				{
					"name": "jelly_back",
					"parent": "segment_2",
					"pivot": [0, 25.50788, 13.06407],
					"rotation": [15, 0, 0],
					"cubes": [
						{"origin": [-4.5, 25.50788, 13.04741], "size": [9, 0, 5], "uv": [49, 0]}
					]
				},
				{
					"name": "jelly_back2",
					"parent": "jelly_back",
					"pivot": [0, 25.50788, 18.04741],
					"cubes": [
						{"origin": [-4.5, 25.50788, 18.04741], "size": [9, 0, 5], "uv": [47, 29]}
					]
				},
				{
					"name": "jelly_back3",
					"parent": "jelly_back2",
					"pivot": [0, 25.50788, 23.04741],
					"cubes": [
						{"origin": [-6, 25.50788, 23.04741], "size": [12, 0, 6], "uv": [24, 0]}
					]
				},
				{
					"name": "extra_back_right3",
					"parent": "jelly_back3",
					"pivot": [-4, 25.5, 29],
					"cubes": [
						{"origin": [-4.5, 25.5, 29], "size": [1, 0, 2], "inflate": 0.01, "uv": [36, 6]}
					]
				},
				{
					"name": "extra_back_right4",
					"parent": "extra_back_right3",
					"pivot": [-3.5, 25.5, 31],
					"cubes": [
						{"origin": [-5, 25.5, 31], "size": [1, 0, 2], "inflate": 0.01, "uv": [36, 6]},
						{"origin": [-5, 25, 33], "size": [1, 1, 1], "inflate": 0.01, "uv": [26, 60]}
					]
				},
				{
					"name": "extra_back_left",
					"parent": "jelly_back3",
					"pivot": [2, 25.5, 28],
					"cubes": [
						{"origin": [1.5, 25.5, 28], "size": [1, 0, 2], "inflate": 0.01, "uv": [36, 6]}
					]
				},
				{
					"name": "extra_back_left2",
					"parent": "extra_back_left",
					"pivot": [2.5, 25.5, 30],
					"cubes": [
						{"origin": [1, 25.5, 30], "size": [1, 0, 2], "inflate": 0.01, "uv": [36, 6]},
						{"origin": [1, 25, 32], "size": [1, 1, 1], "inflate": 0.01, "uv": [26, 60]}
					]
				},
				{
					"name": "extra_back_left7",
					"parent": "jelly_back3",
					"pivot": [-2, 25.5, 28],
					"cubes": [
						{"origin": [-2.5, 25.5, 28], "size": [1, 0, 2], "inflate": 0.01, "uv": [36, 6], "mirror": true}
					]
				},
				{
					"name": "extra_back_left8",
					"parent": "extra_back_left7",
					"pivot": [-2.5, 25.5, 30],
					"cubes": [
						{"origin": [-2, 25.5, 30], "size": [1, 0, 2], "inflate": 0.01, "uv": [36, 6], "mirror": true},
						{"origin": [-2, 25, 32], "size": [1, 1, 1], "inflate": 0.01, "uv": [26, 60], "mirror": true}
					]
				},
				{
					"name": "extra_back_left3",
					"parent": "jelly_back3",
					"pivot": [4, 25.5, 29],
					"cubes": [
						{"origin": [3.5, 25.5, 29], "size": [1, 0, 2], "inflate": 0.01, "uv": [36, 6], "mirror": true}
					]
				},
				{
					"name": "extra_back_left4",
					"parent": "extra_back_left3",
					"pivot": [3.5, 25.5, 31],
					"cubes": [
						{"origin": [4, 25.5, 31], "size": [1, 0, 2], "inflate": 0.01, "uv": [36, 6], "mirror": true},
						{"origin": [4, 25, 33], "size": [1, 1, 1], "inflate": 0.01, "uv": [26, 60], "mirror": true}
					]
				},
				{
					"name": "jelly_right",
					"parent": "segment_2",
					"pivot": [-3, 22.5, 13],
					"rotation": [0, -20, 0],
					"cubes": [
						{"origin": [-3, 18.5, 13], "size": [0, 8, 5], "inflate": 0.01, "uv": [46, 70]},
						{"origin": [-3, 26.5, 13], "size": [1, 0, 5], "inflate": 0.01, "pivot": [-3, 26.5, 15.5], "rotation": [0, 0, -22.5], "uv": [20, 39]},
						{"origin": [-20.22075, 15.07458, 13], "size": [1, 0, 5], "inflate": 0.01, "pivot": [-3, -26.5, 15.5], "rotation": [0, 0, 22.5], "uv": [20, 39]}
					]
				},
				{
					"name": "jelly_right2",
					"parent": "jelly_right",
					"pivot": [-2.98333, 22.5, 18],
					"cubes": [
						{"origin": [-3, 18, 18], "size": [0, 9, 5], "inflate": 0.01, "uv": [0, 15]},
						{"origin": [-3, 27, 18], "size": [2, 0, 5], "inflate": 0.01, "pivot": [-3, 27, 20.5], "rotation": [0, 0, -22.5], "uv": [16, 39]},
						{"origin": [-3, 18, 18], "size": [2, 0, 5], "inflate": 0.01, "pivot": [-3, 18, 20.5], "rotation": [0, 0, 22.5], "uv": [0, 39]}
					]
				},
				{
					"name": "jelly_right3",
					"parent": "jelly_right2",
					"pivot": [-2.98333, 22.5, 23],
					"cubes": [
						{"origin": [-3, 17.5, 23], "size": [0, 10, 7], "inflate": 0.01, "uv": [0, 60]},
						{"origin": [-2, 17, 34], "size": [1, 1, 1], "inflate": 0.01, "pivot": [-3, 17.5, 26], "rotation": [0, 0, 22.5], "uv": [60, 36]}
					]
				},
				{
					"name": "jelly_right_back",
					"parent": "jelly_right3",
					"pivot": [-3, 27.5, 26],
					"cubes": [
						{"origin": [-3, 27.5, 23], "size": [2, 0, 6], "inflate": 0.01, "uv": [22, 20]}
					]
				},
				{
					"name": "extra_back_right",
					"parent": "jelly_right_back",
					"pivot": [-2, 27.5, 29],
					"cubes": [
						{"origin": [-2.5, 27.5, 29], "size": [1, 0, 2], "inflate": 0.01, "uv": [36, 6]}
					]
				},
				{
					"name": "extra_back_right2",
					"parent": "extra_back_right",
					"pivot": [-1.5, 27.5, 31],
					"cubes": [
						{"origin": [-2, 27.5, 31], "size": [1, 0, 2], "inflate": 0.01, "uv": [36, 6]},
						{"origin": [-2, 27, 33], "size": [1, 1, 1], "inflate": 0.01, "uv": [26, 60]}
					]
				},
				{
					"name": "jelly_right_front",
					"parent": "jelly_right3",
					"pivot": [-3, 17.5, 26],
					"cubes": [
						{"origin": [-3, 17.5, 23], "size": [2, 0, 6], "inflate": 0.01, "uv": [0, 0]}
					]
				},
				{
					"name": "extra_front_right",
					"parent": "jelly_right_front",
					"pivot": [-2, 17.5, 29],
					"cubes": [
						{"origin": [-2.5, 17.5, 29], "size": [1, 0, 3], "inflate": 0.01, "uv": [0, 0]}
					]
				},
				{
					"name": "extra_front_right2",
					"parent": "extra_front_right",
					"pivot": [-1.5, 17.5, 32],
					"cubes": [
						{"origin": [-2, 17.5, 32], "size": [1, 0, 2], "inflate": 0.01, "uv": [36, 8]},
						{"origin": [-2, 17, 34], "size": [1, 1, 1], "inflate": 0.01, "uv": [26, 60]}
					]
				},
				{
					"name": "extra_right",
					"parent": "jelly_right3",
					"pivot": [-3, 18.5, 29.98333],
					"cubes": [
						{"origin": [-3, 18, 30], "size": [0, 1, 2], "inflate": 0.01, "uv": [0, 3]}
					]
				},
				{
					"name": "extra_segment_right",
					"parent": "extra_right",
					"pivot": [-3, 18.5, 32],
					"cubes": [
						{"origin": [-3, 18, 32], "size": [0, 1, 1], "inflate": 0.01, "uv": [0, 0]},
						{"origin": [-3.5, 18, 33], "size": [1, 1, 1], "inflate": 0.01, "uv": [60, 34]}
					]
				},
				{
					"name": "extra_right2",
					"parent": "jelly_right3",
					"pivot": [-3, 20.5, 29.98333],
					"cubes": [
						{"origin": [-3, 20, 30], "size": [0, 1, 2], "inflate": 0.01, "uv": [0, 3]}
					]
				},
				{
					"name": "extra_segment_right2",
					"parent": "extra_right2",
					"pivot": [-3, 20.5, 32],
					"cubes": [
						{"origin": [-3, 19.5, 32], "size": [0, 1, 2], "inflate": 0.01, "uv": [0, 3]},
						{"origin": [-3.5, 19.5, 34], "size": [1, 1, 1], "inflate": 0.01, "uv": [60, 34]}
					]
				},
				{
					"name": "extra_right3",
					"parent": "jelly_right3",
					"pivot": [-3, 25.5, 29.98333],
					"cubes": [
						{"origin": [-3, 25, 30], "size": [0, 1, 2], "inflate": 0.01, "uv": [4, 27]}
					]
				},
				{
					"name": "extra_segment_right3",
					"parent": "extra_right3",
					"pivot": [-3, 25.5, 32],
					"cubes": [
						{"origin": [-3, 25.5, 32], "size": [0, 1, 1], "inflate": 0.01, "uv": [0, 1]},
						{"origin": [-3.5, 25.5, 33], "size": [1, 1, 1], "inflate": 0.01, "uv": [60, 34]}
					]
				},
				{
					"name": "extra_right4",
					"parent": "jelly_right3",
					"pivot": [-3, 27.5, 29.98333],
					"cubes": [
						{"origin": [-3, 27, 30], "size": [0, 1, 2], "inflate": 0.01, "uv": [0, 27]}
					]
				},
				{
					"name": "extra_segment_right4",
					"parent": "extra_right4",
					"pivot": [-3, 27.5, 32],
					"cubes": [
						{"origin": [-3, 27.5, 32], "size": [0, 1, 2], "inflate": 0.01, "uv": [0, 27]},
						{"origin": [-3.5, 27.5, 34], "size": [1, 1, 1], "inflate": 0.01, "uv": [60, 34]}
					]
				},
				{
					"name": "bubble_right",
					"parent": "jelly_right3",
					"pivot": [-3, 23.5, 30.01667],
					"cubes": [
						{"origin": [-3, 22.5, 30], "size": [0, 2, 3], "inflate": 0.01, "uv": [0, 0]}
					]
				},
				{
					"name": "bubble_right2",
					"parent": "bubble_right",
					"pivot": [-3, 23.5, 33],
					"cubes": [
						{"origin": [-2.5, 22, 33], "size": [-1, 3, 3], "uv": [82, 14]},
						{"origin": [-3, 21.5, 33.5], "size": [0, 3, 3], "uv": [88, 52]}
					]
				},
				{
					"name": "bubble_right3",
					"parent": "bubble_right2",
					"pivot": [-3, 23.5, 36],
					"cubes": [
						{"origin": [-2.5, 21.5, 36], "size": [-1, 4, 4], "uv": [79, 42]},
						{"origin": [-3, 20.5, 34.5], "size": [0, 4, 4], "pivot": [-3, 23, 37.5], "rotation": [180, 0, 0], "uv": [87, 47]}
					]
				},
				{
					"name": "jelly_left",
					"parent": "segment_2",
					"pivot": [3, 22.5, 13],
					"rotation": [0, 20, 0],
					"cubes": [
						{"origin": [3, 18.5, 13], "size": [0, 8, 5], "inflate": 0.01, "uv": [46, 70], "mirror": true},
						{"origin": [2, 26.5, 13], "size": [1, 0, 5], "inflate": 0.01, "pivot": [3, 26.5, 15.5], "rotation": [0, 0, 22.5], "uv": [20, 39], "mirror": true},
						{"origin": [19.22075, 15.07458, 13], "size": [1, 0, 5], "inflate": 0.01, "pivot": [3, -26.5, 15.5], "rotation": [0, 0, -22.5], "uv": [20, 39], "mirror": true}
					]
				},
				{
					"name": "jelly_left2",
					"parent": "jelly_left",
					"pivot": [2.98333, 22.5, 18],
					"cubes": [
						{"origin": [3, 18, 18], "size": [0, 9, 5], "inflate": 0.01, "uv": [0, 15], "mirror": true},
						{"origin": [1, 27, 18], "size": [2, 0, 5], "inflate": 0.01, "pivot": [3, 27, 20.5], "rotation": [0, 0, 22.5], "uv": [16, 39], "mirror": true},
						{"origin": [1, 18, 18], "size": [2, 0, 5], "inflate": 0.01, "pivot": [3, 18, 20.5], "rotation": [0, 0, -22.5], "uv": [0, 39], "mirror": true}
					]
				},
				{
					"name": "jelly_left3",
					"parent": "jelly_left2",
					"pivot": [2.98333, 22.5, 23],
					"cubes": [
						{"origin": [3, 17.5, 23], "size": [0, 10, 7], "inflate": 0.01, "uv": [0, 60], "mirror": true},
						{"origin": [1, 17, 34], "size": [1, 1, 1], "inflate": 0.01, "pivot": [3, 17.5, 26], "rotation": [0, 0, -22.5], "uv": [60, 36], "mirror": true}
					]
				},
				{
					"name": "jelly_left_back",
					"parent": "jelly_left3",
					"pivot": [3, 27.5, 26],
					"cubes": [
						{"origin": [1, 27.5, 23], "size": [2, 0, 6], "inflate": 0.01, "uv": [22, 20], "mirror": true}
					]
				},
				{
					"name": "extra_back_left5",
					"parent": "jelly_left_back",
					"pivot": [2, 27.5, 29],
					"cubes": [
						{"origin": [1.5, 27.5, 29], "size": [1, 0, 2], "inflate": 0.01, "uv": [36, 6], "mirror": true}
					]
				},
				{
					"name": "extra_back_left6",
					"parent": "extra_back_left5",
					"pivot": [1.5, 27.5, 31],
					"cubes": [
						{"origin": [1, 27.5, 31], "size": [1, 0, 2], "inflate": 0.01, "uv": [36, 6], "mirror": true},
						{"origin": [1, 27, 33], "size": [1, 1, 1], "inflate": 0.01, "uv": [26, 60], "mirror": true}
					]
				},
				{
					"name": "jelly_left_front",
					"parent": "jelly_left3",
					"pivot": [3, 17.5, 26],
					"cubes": [
						{"origin": [1, 17.5, 23], "size": [2, 0, 6], "inflate": 0.01, "uv": [0, 0], "mirror": true}
					]
				},
				{
					"name": "extra_front_left",
					"parent": "jelly_left_front",
					"pivot": [2, 17.5, 29],
					"cubes": [
						{"origin": [1.5, 17.5, 29], "size": [1, 0, 3], "inflate": 0.01, "uv": [0, 0], "mirror": true}
					]
				},
				{
					"name": "extra_front_left2",
					"parent": "extra_front_left",
					"pivot": [1.5, 17.5, 32],
					"cubes": [
						{"origin": [1, 17.5, 32], "size": [1, 0, 2], "inflate": 0.01, "uv": [36, 8], "mirror": true},
						{"origin": [1, 17, 34], "size": [1, 1, 1], "inflate": 0.01, "uv": [26, 60], "mirror": true}
					]
				},
				{
					"name": "extra_left",
					"parent": "jelly_left3",
					"pivot": [3, 18.5, 29.98333],
					"cubes": [
						{"origin": [3, 18, 30], "size": [0, 1, 2], "inflate": 0.01, "uv": [0, 3], "mirror": true}
					]
				},
				{
					"name": "extra_segment_left",
					"parent": "extra_left",
					"pivot": [3, 18.5, 32],
					"cubes": [
						{"origin": [3, 18, 32], "size": [0, 1, 1], "inflate": 0.01, "uv": [0, 0], "mirror": true},
						{"origin": [2.5, 18, 33], "size": [1, 1, 1], "inflate": 0.01, "uv": [60, 34], "mirror": true}
					]
				},
				{
					"name": "extra_left2",
					"parent": "jelly_left3",
					"pivot": [3, 20.5, 29.98333],
					"cubes": [
						{"origin": [3, 20, 30], "size": [0, 1, 2], "inflate": 0.01, "uv": [0, 3], "mirror": true}
					]
				},
				{
					"name": "extra_segment_left2",
					"parent": "extra_left2",
					"pivot": [3, 20.5, 32],
					"cubes": [
						{"origin": [3, 19.5, 32], "size": [0, 1, 2], "inflate": 0.01, "uv": [0, 3], "mirror": true},
						{"origin": [2.5, 19.5, 34], "size": [1, 1, 1], "inflate": 0.01, "uv": [60, 34], "mirror": true}
					]
				},
				{
					"name": "extra_left3",
					"parent": "jelly_left3",
					"pivot": [3, 25.5, 29.98333],
					"cubes": [
						{"origin": [3, 25, 30], "size": [0, 1, 2], "inflate": 0.01, "uv": [0, 3], "mirror": true}
					]
				},
				{
					"name": "extra_segment_left3",
					"parent": "extra_left3",
					"pivot": [3, 25.5, 32],
					"cubes": [
						{"origin": [3, 25.5, 32], "size": [0, 1, 1], "inflate": 0.01, "uv": [0, 0], "mirror": true},
						{"origin": [2.5, 25.5, 33], "size": [1, 1, 1], "inflate": 0.01, "uv": [60, 34], "mirror": true}
					]
				},
				{
					"name": "extra_left4",
					"parent": "jelly_left3",
					"pivot": [3, 27.5, 29.98333],
					"cubes": [
						{"origin": [3, 27, 30], "size": [0, 1, 2], "inflate": 0.01, "uv": [0, 3], "mirror": true}
					]
				},
				{
					"name": "extra_segment_left4",
					"parent": "extra_left4",
					"pivot": [3, 27.5, 32],
					"cubes": [
						{"origin": [3, 27.5, 32], "size": [0, 1, 2], "inflate": 0.01, "uv": [0, 3], "mirror": true},
						{"origin": [2.5, 27.5, 34], "size": [1, 1, 1], "inflate": 0.01, "uv": [60, 34], "mirror": true}
					]
				},
				{
					"name": "bubble_left",
					"parent": "jelly_left3",
					"pivot": [3, 23.5, 30.01667],
					"cubes": [
						{"origin": [3, 22.5, 30], "size": [0, 2, 3], "inflate": 0.01, "uv": [0, 0], "mirror": true}
					]
				},
				{
					"name": "bubble_left2",
					"parent": "bubble_left",
					"pivot": [3, 23.5, 33],
					"cubes": [
						{"origin": [3.5, 22, 33], "size": [-1, 3, 3], "inflate": 0.01, "uv": [82, 14], "mirror": true},
						{"origin": [3, 21.5, 33.5], "size": [0, 3, 3], "uv": [88, 52], "mirror": true}
					]
				},
				{
					"name": "bubble_left3",
					"parent": "bubble_left2",
					"pivot": [3, 23.5, 36],
					"cubes": [
						{"origin": [3.5, 21.5, 36], "size": [-1, 4, 4], "inflate": 0.01, "uv": [79, 42], "mirror": true},
						{"origin": [3, 20.5, 34.5], "size": [0, 4, 4], "pivot": [3, 23, 37.5], "rotation": [180, 0, 0], "uv": [87, 47], "mirror": true}
					]
				},
				{
					"name": "segment3",
					"parent": "segment_2",
					"pivot": [0, 22.5, 15],
					"cubes": [
						{"origin": [-3.5, 19, 15], "size": [7, 7, 6], "uv": [0, 54]}
					]
				},
				{
					"name": "segment4",
					"parent": "segment3",
					"pivot": [0, 22.5, 20],
					"cubes": [
						{"origin": [-4.5, 18, 20], "size": [9, 9, 7], "inflate": 0.01, "uv": [33, 13]}
					]
				},
				{
					"name": "arm_right",
					"parent": "segment4",
					"pivot": [-4.25, 21.5, 23.5],
					"cubes": [
						{"origin": [-12.5, 20, 22], "size": [8, 3, 3], "inflate": 0.01, "uv": [69, 36]},
						{"origin": [-15.5, 20.5, 22], "size": [3, 2, 3], "inflate": 0.01, "uv": [80, 9]}
					]
				},
				{
					"name": "arm_left",
					"parent": "segment4",
					"pivot": [4.25, 21.5, 23.5],
					"cubes": [
						{"origin": [4.5, 20, 22], "size": [8, 3, 3], "inflate": 0.01, "uv": [69, 36], "mirror": true},
						{"origin": [12.5, 20.5, 22], "size": [3, 2, 3], "inflate": 0.01, "uv": [80, 9], "mirror": true}
					]
				},
				{
					"name": "segment5",
					"parent": "segment4",
					"pivot": [0, 22.5, 26],
					"cubes": [
						{"origin": [-5, 17.5, 26], "size": [10, 10, 10], "uv": [0, 0]}
					]
				},
				{
					"name": "segment6",
					"parent": "segment5",
					"pivot": [0, 22.5, 36],
					"cubes": [
						{"origin": [-4.5, 18, 35], "size": [9, 9, 10], "uv": [0, 20]}
					]
				},
				{
					"name": "leg_right",
					"parent": "segment6",
					"pivot": [-5.5, 21, 40.83333],
					"cubes": [
						{"origin": [-7.5, 16, 37], "size": [4, 8, 7], "uv": [58, 5]}
					]
				},
				{
					"name": "leg_right2",
					"parent": "leg_right",
					"pivot": [-5.5, 17.5, 42.33333],
					"cubes": [
						{"origin": [-7, 8, 44], "size": [3, 11, 3], "inflate": 0.01, "uv": [34, 72]},
						{"origin": [-6.5, 16.5, 42], "size": [2, 2, 3], "inflate": 0.01, "uv": [68, 74]},
						{"origin": [-7, 4, 44.5], "size": [3, 5, 2], "uv": [80, 25]}
					]
				},
				{
					"name": "leg_left",
					"parent": "segment6",
					"pivot": [5.5, 21, 40.83333],
					"cubes": [
						{"origin": [3.5, 16, 37], "size": [4, 8, 7], "uv": [58, 5], "mirror": true}
					]
				},
				{
					"name": "leg_left2",
					"parent": "leg_left",
					"pivot": [5.5, 17.5, 42.33333],
					"cubes": [
						{"origin": [4, 8, 44], "size": [3, 11, 3], "inflate": 0.01, "uv": [34, 72], "mirror": true},
						{"origin": [4.5, 16.5, 42], "size": [2, 2, 3], "inflate": 0.01, "uv": [68, 74], "mirror": true},
						{"origin": [4, 4, 44.5], "size": [3, 5, 2], "uv": [80, 25], "mirror": true}
					]
				},
				{
					"name": "segment7",
					"parent": "segment6",
					"pivot": [0, 22.5, 45],
					"cubes": [
						{"origin": [-3.5, 19, 44], "size": [7, 7, 9], "uv": [29, 30]}
					]
				},
				{
					"name": "segment8",
					"parent": "segment7",
					"pivot": [0, 22.5, 53],
					"cubes": [
						{"origin": [-3, 19.5, 52], "size": [6, 6, 9], "uv": [0, 39]}
					]
				},
				{
					"name": "segment9",
					"parent": "segment8",
					"pivot": [0, 22.5, 61],
					"cubes": [
						{"origin": [-2.5, 20, 60], "size": [5, 5, 8], "uv": [48, 51]}
					]
				},
				{
					"name": "segment10",
					"parent": "segment9",
					"pivot": [0, 22.5, 68],
					"cubes": [
						{"origin": [-2, 20.5, 67], "size": [4, 4, 8], "uv": [53, 38]}
					]
				},
				{
					"name": "segment11",
					"parent": "segment10",
					"pivot": [0, 22.5, 75],
					"cubes": [
						{"origin": [-1.5, 21, 74], "size": [3, 3, 7], "inflate": 0.01, "uv": [14, 69]}
					]
				},
				{
					"name": "segment12",
					"parent": "segment11",
					"pivot": [0, 22.5, 81],
					"cubes": [
						{"origin": [-1.5, 21, 81], "size": [3, 3, 5], "uv": [74, 74]}
					]
				},
				{
					"name": "bone",
					"parent": "segment12",
					"pivot": [0.125, 22.5, 86.025],
					"cubes": [
						{"origin": [-0.5, 21.5, 87.05], "size": [1, 3, 3], "uv": [81, 63]},
						{"origin": [-0.5, 22.5, 89.05], "size": [1, 3, 3], "inflate": -0.01, "uv": [25, 81]},
						{"origin": [1, 20.5, 86.05], "size": [-2, 5, 5], "uv": [9, 112]},
						{"origin": [1, 21.5, 88.05], "size": [-2, 5, 5], "uv": [9, 112]}
					]
				},
				{
					"name": "bone6",
					"parent": "bone",
					"pivot": [0.5, 22.83333, 92.88333],
					"cubes": [
						{"origin": [1.5, 20.5, 93.05], "size": [-2, 5, 5], "uv": [9, 112]},
						{"origin": [0, 22.5, 94.05], "size": [1, 2, 3], "uv": [56, 75]},
						{"origin": [0, 21.5, 95.55], "size": [1, 1, 2], "uv": [0, 54]}
					]
				},
				{
					"name": "bone2",
					"parent": "bone6",
					"pivot": [0, 23, 98.05],
					"cubes": [
						{"origin": [0.5, 22, 98.05], "size": [-1, 2, 3], "uv": [8, 114]},
						{"origin": [0, 22.25, 100.05], "size": [0, 1, 1], "inflate": 0.01, "uv": [81, 83]},
						{"origin": [0, 22.75, 98.55], "size": [0, 1, 2], "uv": [74, 81]}
					]
				},
				{
					"name": "bone3",
					"parent": "bone2",
					"pivot": [0, 23, 101.01667],
					"cubes": [
						{"origin": [0.5, 22, 101.05], "size": [-1, 2, 3], "uv": [8, 114]},
						{"origin": [0, 22.75, 101.55], "size": [0, 1, 2], "uv": [74, 81]},
						{"origin": [0, 22.25, 101.05], "size": [0, 1, 1], "inflate": 0.01, "uv": [75, 84]},
						{"origin": [0, 22.25, 103.05], "size": [0, 1, 1], "inflate": 0.01, "uv": [84, 83]}
					]
				},
				{
					"name": "bone5",
					"parent": "bone3",
					"pivot": [0, 23, 103.96667],
					"cubes": [
						{"origin": [0.5, 22, 104.05], "size": [-1, 2, 3], "uv": [8, 114]},
						{"origin": [0, 22.25, 104.05], "size": [0, 1, 1], "inflate": 0.01, "uv": [81, 84]},
						{"origin": [0, 22.75, 104.55], "size": [0, 1, 2], "uv": [74, 81]}
					]
				},
				{
					"name": "bone4",
					"parent": "bone5",
					"pivot": [0.5, 23, 107.05],
					"cubes": [
						{"origin": [0, 20.5, 109.55], "size": [1, 1, 2], "uv": [0, 54]},
						{"origin": [0, 21.5, 108.05], "size": [1, 2, 3], "uv": [56, 75]},
						{"origin": [1.5, 19.5, 107.05], "size": [-2, 5, 5], "uv": [9, 112]}
					]
				}
			]
		}
	]
}