{
    "implemented": true,
    "name": "lordhelix",
    "nationalPokedexNumber": 9999,
    "primaryType": "rock",
    "secondaryType": "ghost",
    "abilities": [
        "wonderskin",
        "shellarmor",
        "h:magicbounce"
    ],
    "baseStats": {
        "hp": 76,
        "attack": 66,
        "defence": 133,
        "special_attack": 121,
        "special_defence": 78,
        "speed": 61
    },
    "behaviour": {
        "resting": {
            "canSleep": true,
	    "willSleepOnBed": true,
            "depth": "normal",
            "light": "0-4"
        },
        "moving": {
            "canLook": true,
            "walk": {
                "canWalk": true,
                "avoidsLand": false
            },
            "swim": {
                "swimSpeed": 0.1,
                "canSwimInWater": true,
                "canBreatheUnderwater": true
            },
            "wanderChance": 1
        }
    },
    "catchRate": 45,
    "maleRatio": -1,
    "shoulderMountable": false,
    
    "baseExperienceYield": 187,
    "experienceGroup": "slow",
    "eggCycles": 40,
    "eggGroups": [
        "undiscovered"
        
    ],
    
    "moves": [
	"1:bind",
	"1:bite",
	"1:constrict",
	"1:rollout",
	"1:sandattack",
	"1:spikecannon",
	"1:confuseray",
	"15:ominouswind",
	"20:leer",
	"25:mudshot",
	"30:ancientpower",
	"35:hex",
	"43:protect",
	"48:tickle",
	"49:rockblast",
	"56:shadowball",
	"63:shellsmash",
	"70:destinybond",
	"tm:amnesia",
	"tm:attract",
	"tm:bodyslam",
	"tm:brine",
	"tm:bulldoze",
	"tm:chillingwater",
	"tm:confide",
	"tm:confuseray",
	"tm:curse",
	"tm:doubleteam",
	"tm:earthpower",
	"tm:earthquake",
	"tm:embargo",
	"tm:endure",
	"tm:energyball",
	"tm:facade",
	"tm:flashcannon",
	"tm:fling",
	"tm:frustration",
	"tm:gigadrain",
	"tm:gigaimpact",
	"tm:gravity",
	"tm:hex",
	"tm:hiddenpower",
	"tm:hyperbeam",
	"tm:imprison",
	"tm:infestation",
	"tm:irondefense",
	"tm:mudshot",
	"tm:mudslap",
	"tm:nightshade",
	"tm:painsplit",
	"tm:poltergeist",
	"tm:protect",
	"tm:psychic",
	"tm:quash",
	"tm:raindance",
	"tm:rest",
	"tm:return",
	"tm:rockpolish",
	"tm:rockslide",
	"tm:rocktomb",
	"tm:round",
	"tm:sandstorm",
	"tm:sandtomb",
	"tm:scaryface",
	"tm:scorchingsands",
	"tm:shadowball",
	"tm:skillswap",
	"tm:sleeptalk",
	"tm:sludgebomb",
	"tm:snore",
	"tm:spite",
	"tm:stealthrock",
	"tm:stoneedge",
	"tm:substitute",
	"tm:sunnyday",
	"tm:swagger",
	"tm:terablast",
	"tm:toxic",
	"tm:trick",
	"tutor:afteryou",
	"tutor:block",
	"tutor:earthpower",
	"tutor:gigadrain",
	"tutor:gravity",
	"tutor:irondefense",
	"tutor:painsplit",
	"tutor:poltergeist",
	"tutor:recycle",
	"tutor:roleplay",
	"tutor:scorchingsands",
	"tutor:skillswap",
	"tutor:snore",
	"tutor:spite",
	"tutor:stealthrock",
	"tutor:terrainpulse",
	"tutor:trick"
    ],
    "labels": [
	"custom"
    ],
    "pokedex": [
        "cobblemon.species.lordhelix.desc1",
        "cobblemon.species.lordhelix.desc2"
    ],
    
    
    "baseScale": 1.4,
    "hitbox": {
        "width": 0.8,
        "height": 1.5,
        "fixed": false
    },
    "baseFriendship": 50,
    "evYield": {
        "hp": 0,
        "attack": 0,
        "defence": 2,
        "special_attack": 0,
        "special_defence": 0,
        "speed": 0
    },
    "height": 10,
    "weight": 350
}