{
    "implemented": true,
    "name": "musclekarp",
    "nationalPokedexNumber": 9999,
    "primaryType": "water",
    "secondaryType": "fighting",
    "abilities": [
        "oblivious",
        
        "h:hustle"
    ],
    "baseStats": {
        "hp": 86,
        "attack": 98,
        "defence": 86,
        "special_attack": 86,
        "special_defence": 86,
        "speed": 98
    },
    "behaviour": {
        "resting": {
            "canSleep": true,
            "depth": "normal",
            "light": "0-5"
        },
        "moving": {
            "canLook": true,
            "walk": {
                "canWalk": true,
                "avoidsLand": false
            },
            "swim": {
                "swimSpeed": 0.3,
                "canSwimInWater": true,
                "canBreatheUnderwater": true
            },
            "wanderChance": 1
        }
    },
    "catchRate": 45,
    "maleRatio": 1,
    "shoulderMountable": false,
    
    "baseExperienceYield": 189,
    "experienceGroup": "slow",
    "eggCycles": 40,
    "eggGroups": [
        "water_1",
        "human_like"
    ],
    "drops": {
        "amount": "2",
        "entries": [
{"item": "minecraft:bone_meal", "percentage": 10},
{"item": "minecraft:salmon", "quantityRange": "2-4", "percentage": 100}
        ]
    },
    "moves": [
        "1:flail",
        "1:splash",
        "1:tackle",
        "1:leer",
        "1:feint",
        "4:whirlpool",
        "8:icepunch",
        "12:armthrust",
        "15:doublehit",
        "21:machpunch",
        "24:aquatail",
        "28:raindance",
        "30:closecombat",
        "36:bubblebeam",
        "40:swordsdance",
        "45:brickbreak",
        "48:thrash",
        "54:waterpulse",
        "60:focuspunch",
	"tm:bounce",
	"tm:hydropump",
	"tutor:bounce",
	"tutor:celebrate",
	"tutor:flail",
	"tutor:happyhour",
	"tutor:hydropump",
	"tutor:splash",
	"tutor:tackle"
    ],
    "labels": [
        "custom"
    ],
    "pokedex": [
        "cobblemon.species.musclekarp.desc1",
        "cobblemon.species.musclekarp.desc2"
    ],
    "preEvolution": "magikarp",
    "evolutions": [],
    "baseScale": 1.2,
    "hitbox": {
        "width": 1,
        "height": 2.1,
        "fixed": false
    },
    "baseFriendship": 50,
    "evYield": {
        "hp": 0,
        "attack": 2,
        "defence": 0,
        "special_attack": 0,
        "special_defence": 0,
        "speed": 0
    },
    "height": 16,
    "weight": 1300
}