{
    "implemented": true,
    "name": "neferkiti",
    "nationalPokedexNumber": 9999,
    "primaryType": "psychic",
    "secondaryType": "ground",
    "abilities": [
        "telepathy",
        
        "h:magicguard"
    ],
    "baseStats": {
        "hp": 76,
        "attack": 62,
        "defence": 58,
        "special_attack": 126,
        "special_defence": 58,
        "speed": 100
    },
    "behaviour": {
        "resting": {
            "canSleep": false,
            "depth": "normal",
            "light": "0-4"
        },
        "moving": {
            "canLook": true,
            "walk": {
                "canWalk": true,
                "avoidsLand": false
            },
            "swim": {
                "swimSpeed": 0.1,
                "canSwimInWater": false,
                "canBreatheUnderwater": false
            },
            "wanderChance": 1
        }
    },
    "catchRate": 45,
    "maleRatio": 0,
    "shoulderMountable": false,
    
    "baseExperienceYield": 168,
    "experienceGroup": "medium_fast",
    "eggCycles": 20,
    "eggGroups": [
        "field"
        
    ],
    
    "moves": [
        "1:captivate",
        "1:charm",
        "1:mudshot",
        "1:helpinghand",
        "1:trick",
        "1:pound",
        "1:swagger",
        "1:attract",
        "1:torment",
        "13:doublekick",
        "16:mudslap",
        "21:doubleslap",
        "24:scorchingsands",
        "29:protect",
        "32:nastyplot",
        "39:mirrorcoat",
        "44:earthpower",
        "51:eeriespell",
        "56:ancientpower",
	"tm:allyswitch",
	"tm:bodypress",
	"tm:bulldoze",
	"tm:calmmind",
	"tm:chargebeam",
	"tm:confide",
	"tm:cosmicpower",
	"tm:dazzlinggleam",
	"tm:dig",
	"tm:doubleteam",
	"tm:dreameater",
	"tm:drillrun",
	"tm:earthpower",
	"tm:earthquake",
	"tm:eerieimpulse",
	"tm:endure",
	"tm:explosion",
	"tm:facade",
	"tm:flash",
	"tm:frustration",
	"tm:futuresight",
	"tm:gigaimpact",
	"tm:grassknot",
	"tm:guardswap",
	"tm:gyroball",
	"tm:hex",
	"tm:hiddenpower",
	"tm:hyperbeam",
	"tm:icebeam",
	"tm:imprison",
	"tm:irondefense",
	"tm:lightscreen",
	"tm:nastyplot",
	"tm:naturalgift",
	"tm:powerswap",
	"tm:protect",
	"tm:psychic",
	"tm:psychicterrain",
	"tm:psychup",
	"tm:psyshock",
	"tm:raindance",
	"tm:recycle",
	"tm:reflect",
	"tm:rest",
	"tm:return",
	"tm:rockpolish",
	"tm:rockslide",
	"tm:rocksmash",
	"tm:rocktomb",
	"tm:round",
	"tm:safeguard",
	"tm:sandstorm",
	"tm:sandtomb",
	"tm:secretpower",
	"tm:selfdestruct",
	"tm:shadowball",
	"tm:skillswap",
	"tm:sleeptalk",
	"tm:smackdown",
	"tm:snore",
	"tm:solarbeam",
	"tm:stealthrock",
	"tm:stoneedge",
	"tm:storedpower",
	"tm:strength",
	"tm:substitute",
	"tm:sunnyday",
	"tm:swagger",
	"tm:telekinesis",
	"tm:toxic",
	"tm:trick",
	"tm:trickroom",
	"tm:wonderroom",
	"tm:zenheadbutt",
	"tutor:allyswitch",
	"tutor:ancientpower",
	"tutor:doubleedge",
	"tutor:dreameater",
	"tutor:drillrun",
	"tutor:earthpower",
	"tutor:endure",
	"tutor:expandingforce",
	"tutor:explosion",
	"tutor:gravity",
	"tutor:headbutt",
	"tutor:magiccoat",
	"tutor:mimic",
	"tutor:mudslap",
	"tutor:psychup",
	"tutor:recycle",
	"tutor:rockslide",
	"tutor:scorchingsands",
	"tutor:selfdestruct",
	"tutor:signalbeam",
	"tutor:skillswap",
	"tutor:sleeptalk",
	"tutor:snore",
	"tutor:stealthrock",
	"tutor:substitute",
	"tutor:swagger",
	"tutor:telekinesis",
	"tutor:trick",
	"tutor:wonderroom",
	"tutor:zenheadbutt"
    ],
    "labels": [
        "custom"
    ],
    "pokedex": [
        "cobblemon.species.neferkiti.desc1",
        "cobblemon.species.neferkiti.desc2"
    ],
    "preEvolution": "sphytty",
    "evolutions": [],
    "baseScale": 1.0,
    "hitbox": {
        "width": 1.2,
        "height": 2.8,
        "fixed": false
    },
    "baseFriendship": 50,
    "evYield": {
        "hp": 0,
        "attack": 0,
        "defence": 0,
        "special_attack": 2,
        "special_defence": 0,
        "speed": 0
    },
    "height": 20,
    "weight": 1150
}