{
    "implemented": true,
    "name": "sphytty",
    "nationalPokedexNumber": 9999,
    "primaryType": "psychic",
    "secondaryType": "ground",
    "abilities": [
        "telepathy",
        
        "h:magicguard"
    ],
    "baseStats": {
        "hp": 56,
        "attack": 42,
        "defence": 38,
        "special_attack": 86,
        "special_defence": 38,
        "speed": 60
    },
    "behaviour": {
        "resting": {
            "canSleep": false,
            "depth": "normal",
            "light": "0-4"
        },
        "moving": {
            "canLook": true,
            "walk": {
                "canWalk": true,
                "avoidsLand": false
            },
            "swim": {
                "swimSpeed": 0.1,
                "canSwimInWater": false,
                "canBreatheUnderwater": false
            },
            "wanderChance": 1
        }
    },
    "catchRate": 120,
    "maleRatio": 0.75,
    "shoulderMountable": false,
    
    "baseExperienceYield": 64,
    "experienceGroup": "medium_fast",
    "eggCycles": 20,
    "eggGroups": [
        "field"
        
    ],
    
    "moves": [
	"1:trick",
	"1:scratch",
	"5:mudslap",
	"10:mudshot",
	"13:doublekick",
	"15:confusion",
	"20:attract",
	"21:doubleslap",
	"24:scorchingsands",
	"25:nastyplot",
	"30:mudbomb",
	"35:mirrorcoat",
	"40:ancientpower",
	"45:earthpower",
	"45:eeriespell",
	"50:protect",
	"55:endeavor",
	"tm:allyswitch",
	"tm:bulldoze",
	"tm:calmmind",
	"tm:chargebeam",
	"tm:confide",
	"tm:cosmicpower",
	"tm:dazzlinggleam",
	"tm:dig",
	"tm:doubleteam",
	"tm:dreameater",
	"tm:drillrun",
	"tm:earthpower",
	"tm:earthquake",
	"tm:eerieimpulse",
	"tm:endure",
	"tm:explosion",
	"tm:facade",
	"tm:flash",
	"tm:frustration",
	"tm:grassknot",
	"tm:guardswap",
	"tm:gyroball",
	"tm:hex",
	"tm:hiddenpower",
	"tm:icebeam",
	"tm:imprison",
	"tm:lightscreen",
	"tm:naturalgift",
	"tm:powerswap",
	"tm:protect",
	"tm:psychic",
	"tm:psychicterrain",
	"tm:psychup",
	"tm:psyshock",
	"tm:raindance",
	"tm:recycle",
	"tm:reflect",
	"tm:rest",
	"tm:return",
	"tm:rockpolish",
	"tm:rockslide",
	"tm:rocktomb",
	"tm:round",
	"tm:safeguard",
	"tm:sandstorm",
	"tm:sandtomb",
	"tm:secretpower",
	"tm:selfdestruct",
	"tm:shadowball",
	"tm:skillswap",
	"tm:sleeptalk",
	"tm:smackdown",
	"tm:snore",
	"tm:solarbeam",
	"tm:stealthrock",
	"tm:substitute",
	"tm:sunnyday",
	"tm:swagger",
	"tm:telekinesis",
	"tm:toxic",
	"tm:trick",
	"tm:trickroom",
	"tm:wonderroom",
	"tm:zenheadbutt",
	"tutor:allyswitch",
	"tutor:ancientpower",
	"tutor:doubleedge",
	"tutor:dreameater",
	"tutor:drillrun",
	"tutor:earthpower",
	"tutor:endure",
	"tutor:expandingforce",
	"tutor:explosion",
	"tutor:gravity",
	"tutor:headbutt",
	"tutor:magiccoat",
	"tutor:mimic",
	"tutor:mudslap",
	"tutor:psybeam",
	"tutor:psychup",
	"tutor:rapidspin",
	"tutor:recycle",
	"tutor:refresh",
	"tutor:rockslide",
	"tutor:rocktomb",
	"tutor:scorchingsands",
	"tutor:selfdestruct",
	"tutor:signalbeam",
	"tutor:skillswap",
	"tutor:sleeptalk",
	"tutor:snore",
	"tutor:stealthrock",
	"tutor:substitute",
	"tutor:swagger",
	"tutor:telekinesis",
	"tutor:trick",
	"tutor:wonderroom",
	"tutor:zenheadbutt"
    ],
    "labels": [
        "custom"
    ],
    "pokedex": [
        "cobblemon.species.sphytty.desc1",
        "cobblemon.species.sphytty.desc2"
    ],

    "evolutions": [
      {
        "id": "sphytty_neferkiti",
        "variant": "level_up",
        "result": "neferkiti",
        "consumeHeldItem": false,
        "learnableMoves": [ "psychic" ],
        "requirements": [
	  {
	    "variant": "level",
	    "minLevel": 33
	  },
	  {
	    "variant": "properties",
	    "target": "gender=female"
	  }
	]
      }
    ],
    "baseScale": 1.0,
    "hitbox": {
        "width": 0.8,
        "height": 1.6,
        "fixed": false
    },
    "baseFriendship": 50,
    "evYield": {
        "hp": 0,
        "attack": 0,
        "defence": 0,
        "special_attack": 1,
        "special_defence": 0,
        "speed": 0
    },
    "height": 8,
    "weight": 140
}