{
	"format_version": "1.12.0",
	"minecraft:geometry": [
		{
			"description": {
				"identifier": "geometry.fossie",
				"texture_width": 32,
				"texture_height": 32,
				"visible_bounds_width": 2,
				"visible_bounds_height": 2.5,
				"visible_bounds_offset": [0, 0.75, 0]
			},
			"bones": [
				{
					"name": "fossie",
					"pivot": [0, 0, 0]
				},
				{
					"name": "root",
					"parent": "fossie",
					"pivot": [0, 3.5, 0]
				},
				{
					"name": "waist",
					"parent": "root",
					"pivot": [0, 3.5, 1.05],
					"cubes": [
						{"origin": [-1.5, 2, 1], "size": [3, 3, 2], "inflate": 0.01, "uv": [0, 13]},
						{"origin": [0.75, 2.5, 3], "size": [0, 2, 4], "uv": [12, 5]},
						{"origin": [0.75, 3, 5.5], "size": [0, 1, 1], "inflate": 0.01, "pivot": [0.75, 3.5, 6], "rotation": [-45, 0, 0], "uv": [2, 0]},
						{"origin": [-0.75, 2.5, 3], "size": [0, 2, 4], "uv": [9, 3]},
						{"origin": [-0.75, 3, 5.5], "size": [0, 1, 1], "inflate": 0.01, "pivot": [-0.75, 3.5, 6], "rotation": [-45, 0, 0], "uv": [0, 0]}
					]
				},
				{
					"name": "backleg_left",
					"parent": "waist",
					"pivot": [2, 3.01913, 2.30649],
					"cubes": [
						{"origin": [1.5, 2, 0.5], "size": [1, 2, 3], "inflate": 0.01, "pivot": [2, 3, 2.5], "rotation": [27.5, 0, 0], "uv": [7, 17]}
					]
				},
				{
					"name": "backshin_left",
					"parent": "backleg_left",
					"pivot": [2, 1.73034, 1.63094],
					"cubes": [
						{"origin": [1.5, 0.44119, 1.76527], "size": [1, 2, 1], "pivot": [2, 1.44119, 2.51527], "rotation": [57.5, 0, 0], "uv": [24, 8]}
					]
				},
				{
					"name": "backfoot_left",
					"parent": "backshin_left",
					"pivot": [2, 0.75, 3],
					"cubes": [
						{"origin": [1, 0, 1.25], "size": [2, 1, 2], "inflate": 0.01, "uv": [18, 15]},
						{"origin": [1.5, 0, 0.25], "size": [0, 1, 1], "uv": [25, 22]},
						{"origin": [2.5, 0, 0.25], "size": [0, 1, 1], "uv": [26, 22]}
					]
				},
				{
					"name": "backleg_right",
					"parent": "waist",
					"pivot": [-2, 3.01913, 2.30649],
					"cubes": [
						{"origin": [-2.5, 2, 0.5], "size": [1, 2, 3], "inflate": 0.01, "pivot": [-2, 3, 2.5], "rotation": [27.5, 0, 0], "uv": [17, 4]}
					]
				},
				{
					"name": "backshin_right",
					"parent": "backleg_right",
					"pivot": [-2, 1.73034, 1.63094],
					"cubes": [
						{"origin": [-2.5, 0.44119, 1.76527], "size": [1, 2, 1], "pivot": [-2, 1.44119, 2.51527], "rotation": [57.5, 0, 0], "uv": [22, 4]}
					]
				},
				{
					"name": "backfoot_right",
					"parent": "backshin_right",
					"pivot": [-2, 0.75, 3],
					"cubes": [
						{"origin": [-3, 0, 1.25], "size": [2, 1, 2], "inflate": 0.01, "uv": [12, 17]},
						{"origin": [-1.5, 0, 0.25], "size": [0, 1, 1], "uv": [25, 22], "mirror": true},
						{"origin": [-2.5, 0, 0.25], "size": [0, 1, 1], "uv": [26, 22], "mirror": true}
					]
				},
				{
					"name": "torso",
					"parent": "root",
					"pivot": [0, 3.5, -1.25],
					"cubes": [
						{"origin": [-1.5, 2, -4], "size": [3, 3, 3], "inflate": 0.01, "uv": [0, 7]}
					]
				},
				{
					"name": "neck",
					"parent": "torso",
					"pivot": [0, 4.21131, -3.04685],
					"cubes": [
						{"origin": [-1.5, 3, -4.5], "size": [3, 4, 2], "pivot": [0, 5, -4], "rotation": [25, 0, 0], "uv": [10, 11]}
					]
				},
				{
					"name": "head",
					"parent": "neck",
					"pivot": [0.00125, 5.40093, -3.89113],
					"cubes": [
						{"origin": [-1, 5.25, -8], "size": [2, 1, 1], "inflate": 0.1, "uv": [20, 12]},
						{"origin": [-1.5, 4.25, -8], "size": [3, 2, 2], "uv": [12, 0]},
						{"origin": [-2, 4.5, -7], "size": [4, 3, 4], "uv": [0, 0]},
						{"origin": [-1, 6.5, -3.5], "size": [2, 4, 0], "pivot": [0, 9, -3.5], "rotation": [-16.50291, -40.77571, 9.773], "uv": [22, 0]},
						{"origin": [0.75, 6.5, -3], "size": [3, 4, 0], "pivot": [1.5, 8.5, -4], "rotation": [-37.5, 0, 30], "uv": [0, 22]},
						{"origin": [-3.75, 6.5, -3], "size": [3, 4, 0], "pivot": [-1.5, 8.5, -4], "rotation": [-37.5, 0, -30], "uv": [19, 21]},
						{"origin": [2.35, 5.25, -6.75], "size": [0, 2, 2], "pivot": [2.1, 6.25, -5.75], "rotation": [0, 12.5, 0], "uv": [6, 20]},
						{"origin": [-2.35, 5.25, -6.75], "size": [0, 2, 2], "pivot": [-2.1, 6.25, -5.75], "rotation": [0, -12.5, 0], "uv": [0, 0]}
					]
				},
				{
					"name": "eyelid_left",
					"parent": "head",
					"pivot": [1.34407, 6.25, -5.80411],
					"cubes": [
						{"origin": [1.35, 5.25, -6.75], "size": [0, 2, 2], "pivot": [1.1, 6.25, -5.75], "rotation": [0, 12.5, 0], "uv": [4, 16]}
					]
				},
				{
					"name": "eyelid_right",
					"parent": "head",
					"pivot": [-1.34407, 6.25, -5.80411],
					"cubes": [
						{"origin": [-1.35, 5.25, -6.75], "size": [0, 2, 2], "pivot": [-1.1, 6.25, -5.75], "rotation": [0, -12.5, 0], "uv": [16, 2]}
					]
				},
				{
					"name": "frongleg_right",
					"parent": "torso",
					"pivot": [-2, 3, -2.5],
					"cubes": [
						{"origin": [-2.5, 2, -3.5], "size": [1, 2, 2], "inflate": 0.01, "pivot": [-2, 3, -2.5], "rotation": [27.5, 0, 0], "uv": [0, 18]}
					]
				},
				{
					"name": "frongshin_right",
					"parent": "frongleg_right",
					"pivot": [-2, 2.25, -2.5],
					"cubes": [
						{"origin": [-2.5, 0.5, -3.5], "size": [1, 2, 1], "pivot": [-2, 1.5, -3], "rotation": [-32.5, 0, 0], "uv": [9, 23]}
					]
				},
				{
					"name": "frongfoot_right",
					"parent": "frongshin_right",
					"pivot": [-2, 0.75, -3.5],
					"cubes": [
						{"origin": [-1.5, 0, -6.25], "size": [0, 1, 1], "uv": [25, 22], "mirror": true},
						{"origin": [-2.5, 0, -6.25], "size": [0, 1, 1], "uv": [26, 22], "mirror": true},
						{"origin": [-3, 0, -5.25], "size": [2, 1, 2], "inflate": 0.01, "uv": [18, 9]}
					]
				},
				{
					"name": "frongleg_left",
					"parent": "torso",
					"pivot": [2, 3, -2.5],
					"cubes": [
						{"origin": [1.5, 2, -3.5], "size": [1, 2, 2], "inflate": 0.01, "pivot": [2, 3, -2.5], "rotation": [27.5, 0, 0], "uv": [13, 20]}
					]
				},
				{
					"name": "frongshin_left",
					"parent": "frongleg_left",
					"pivot": [2, 2.25, -2.5],
					"cubes": [
						{"origin": [1.5, 0.5, -3.5], "size": [1, 2, 1], "pivot": [2, 1.5, -3], "rotation": [-32.5, 0, 0], "uv": [13, 24]}
					]
				},
				{
					"name": "frongfoot_left",
					"parent": "frongshin_left",
					"pivot": [2, 0.75, -3.5],
					"cubes": [
						{"origin": [1, 0, -5.25], "size": [2, 1, 2], "inflate": 0.01, "uv": [18, 18]},
						{"origin": [2.5, 0, -6.25], "size": [0, 1, 1], "uv": [26, 22]},
						{"origin": [1.5, 0, -6.25], "size": [0, 1, 1], "uv": [25, 22]}
					]
				}
			]
		}
	]
}