{
	"format_version": "1.12.0",
	"minecraft:geometry": [
		{
			"description": {
				"identifier": "geometry.willoch",
				"texture_width": 256,
				"texture_height": 256,
				"visible_bounds_width": 8,
				"visible_bounds_height": 6,
				"visible_bounds_offset": [0, 2, 0]
			},
			"bones": [
				{
					"name": "willoch",
					"pivot": [0, 0, 3]
				},
				{
					"name": "body",
					"parent": "willoch",
					"pivot": [0, 0, 3],
					"cubes": [
						{"origin": [-13, -1, -10], "size": [26, 16, 26], "pivot": [0, 0, 3], "rotation": [0, 45, 0], "uv": [0, 35]},
						{"origin": [-12, 0, -9], "size": [24, 14, 24], "pivot": [0, 0, 3], "rotation": [0, 45, 0], "uv": [108, 39]}
					]
				},
				{
					"name": "body2",
					"parent": "body",
					"pivot": [0, 8.5, 2.05025],
					"cubes": [
						{"origin": [-9, 9, -9], "size": [21, 17, 21], "pivot": [0, 14, 3], "rotation": [27.23631, 41.64114, 18.88172], "uv": [3, 109]},
						{"origin": [-10, 8, -10], "size": [23, 19, 23], "pivot": [0, 14, 3], "rotation": [27.23631, 41.64114, 18.88172], "uv": [155, 85]}
					]
				},
				{
					"name": "body3",
					"parent": "body2",
					"pivot": [0, 22.5, -3.94975],
					"cubes": [
						{"origin": [-9.5, 19, -17.44975], "size": [19, 13, 19], "pivot": [0, 27.5, -7.94975], "rotation": [44.71911, 35.39626, 29.83757], "uv": [71, 94]},
						{"origin": [-8.5, 20, -16.44975], "size": [17, 11, 17], "pivot": [0, 27.5, -7.94975], "rotation": [44.71911, 35.39626, 29.83757], "uv": [80, 173]}
					]
				},
				{
					"name": "body4",
					"parent": "body3",
					"pivot": [-0.35355, 27.58581, -9.13172],
					"cubes": [
						{"origin": [-5.35355, 24.58581, -19.63172], "size": [12, 11, 12], "pivot": [-0.35355, 30.58581, -13.13172], "rotation": [63.659, 23.92746, 39.32269], "uv": [149, 139]}
					]
				},
				{
					"name": "head",
					"parent": "body4",
					"pivot": [-0.35355, 32.58581, -15.13172],
					"cubes": [
						{"origin": [-5, 28, -23.94975], "size": [8, 9, 9], "pivot": [0, 32.5, -19.44975], "rotation": [0, 90, 45], "uv": [104, 142]},
						{"origin": [-5, 30.5, -22.5], "size": [4, 4, 0], "pivot": [-3, 32.5, -22.5], "rotation": [0, 0, 12.5], "uv": [216, 150]},
						{"origin": [1, 30.5, -22.5], "size": [4, 4, 0], "pivot": [3, 32.5, -22.5], "rotation": [0, 0, -12.5], "uv": [216, 154]},
						{"origin": [-16.16987, 27, -16.90192], "size": [17, 12, 2], "pivot": [-5, 39, -17], "rotation": [-40, 60, 0], "uv": [146, 205]},
						{"origin": [-0.83013, 27, -16.90192], "size": [17, 12, 2], "pivot": [5, 39, -17], "rotation": [-40, -60, 0], "uv": [105, 205]}
					]
				},
				{
					"name": "beard",
					"parent": "head",
					"pivot": [0, 30, -23],
					"cubes": [
						{"origin": [6, 3, -23], "size": [12, 28, 0], "pivot": [6, 18, -23], "rotation": [0, -60, 0], "uv": [206, 162]},
						{"origin": [-18, 3, -23], "size": [12, 28, 0], "pivot": [-6, 18, -23], "rotation": [0, 60, 0], "uv": [230, 132]},
						{"origin": [-6, 3, -23], "size": [12, 28, 0], "uv": [230, 162]}
					]
				},
				{
					"name": "hat",
					"parent": "body3",
					"pivot": [0, 23.5, -3.94975],
					"cubes": [
						{"origin": [-17, 36, -28], "size": [34, 1, 34], "pivot": [0, 36, -11], "rotation": [-10.54684, 44.5119, -7.43656], "uv": [0, 0]},
						{"origin": [-13, 37, -24], "size": [26, 3, 26], "pivot": [0, 36, -11], "rotation": [-10.54684, 44.5119, -7.43656], "uv": [142, 7]}
					]
				},
				{
					"name": "moss_S",
					"parent": "hat",
					"pivot": [0.04687, 34.01151, 10.61835],
					"cubes": [
						{"origin": [2.74583, 14.65018, 6.6052], "size": [0, 20, 10], "pivot": [1.04687, 34.01151, 12.61835], "rotation": [97.21553, 69.86025, 96.45206], "uv": [0, 97]}
					]
				},
				{
					"name": "moss_NW",
					"parent": "hat",
					"pivot": [12, 38, -23],
					"cubes": [
						{"origin": [12.16744, 10.58342, -39.888], "size": [0, 28, 34], "inflate": 0.01, "pivot": [12, 38, -23], "rotation": [-17.49058, 42.68932, -17.49058], "uv": [118, 194]}
					]
				},
				{
					"name": "moss_SW",
					"parent": "hat",
					"pivot": [12.02082, 35.54219, 1.22114],
					"cubes": [
						{"origin": [-5.86316, 2.03143, 1.51933], "size": [34, 33, 0], "inflate": 0.01, "pivot": [11.02082, 35.54219, 0.22114], "rotation": [11.95316, 44.5119, -7.43656], "uv": [48, 223]}
					]
				},
				{
					"name": "moss_SE",
					"parent": "hat",
					"pivot": [-12, 35, 1],
					"cubes": [
						{"origin": [-12.25973, 2.42513, -16.0197], "size": [0, 33, 34], "inflate": 0.01, "pivot": [-12, 35, 1], "rotation": [11.8966, 44.23819, 24.2396], "uv": [188, 189]}
					]
				},
				{
					"name": "moss_NE",
					"parent": "hat",
					"pivot": [-12.43488, 39.00028, -22.99895],
					"cubes": [
						{"origin": [-29.112, 10.58342, -23.16744], "size": [34, 28, 0], "inflate": 0.01, "pivot": [-12, 38, -23], "rotation": [-18.04684, 44.5119, -7.43656], "uv": [188, 193]}
					]
				},
				{
					"name": "hat2",
					"parent": "hat",
					"pivot": [0.04687, 42.01151, -8.38165],
					"cubes": [
						{"origin": [-4.85272, 37.9208, -13.64728], "size": [10, 11, 10], "pivot": [0, 42, -8.5], "rotation": [-27.23631, 41.64114, -18.88172], "uv": [71, 152]}
					]
				},
				{
					"name": "hat3",
					"parent": "hat2",
					"pivot": [0, 47.35029, -5.71579],
					"cubes": [
						{"origin": [-3, 44.85029, -4.71579], "size": [7, 12, 7], "pivot": [0, 52.35029, -0.71579], "rotation": [-47.33883, 34.12398, -31.33144], "uv": [0, 237]}
					]
				},
				{
					"name": "hat4",
					"parent": "hat3",
					"pivot": [0, 54.35029, 0.53421],
					"cubes": [
						{"origin": [-2, 55.85029, -4.46579], "size": [4, 8, 4], "pivot": [0, 52.35029, -2.46579], "rotation": [-67.79235, 20.70481, -40.89339], "uv": [27, 227]}
					]
				},
				{
					"name": "arm_l",
					"parent": "body2",
					"pivot": [12.25, 19.5, -2.94975],
					"cubes": [
						{"origin": [-1.53248, 8.0965, -22.60965], "size": [11, 16, 21], "pivot": [11, 24, -10], "rotation": [-11.33182, 47.33787, -34.12552], "uv": [0, 183]}
					]
				},
				{
					"name": "arm_r",
					"parent": "body2",
					"pivot": [-12, 19.5, -2.94975],
					"cubes": [
						{"origin": [-18.46903, 6.50448, -10.21727], "size": [21, 16, 11], "pivot": [-9, 22.75, -10], "rotation": [-8.76369, 41.64114, 18.88172], "uv": [0, 153]}
					]
				}
			]
		}
	]
}