{
	"format_version": "1.8.0",
	"animations": {
		"animation.lizarrden.ground_idle": {
			"loop": true,
			"animation_length": 4,
			"bones": {
				"torso": {
					"rotation": {
						"0.0": [0, 0, 0],
						"2.0": [5, 0, 0],
						"4.0": [0, 0, 0]
					}
				},
				"head": {
					"rotation": {
						"0.0": [0, 0, 0],
						"1.0": [-5, 0, 0],
						"2.0": [-5, 0, 0],
						"3.0": [0, 0, 0],
						"4.0": [0, 0, 0]
					}
				},
				"ear1": {
					"rotation": [0, -30, 0]
				},
				"ear2": {
					"rotation": [0, 30, 0]
				},
				"tailbase": {
					"rotation": {
						"0.0": [-15, 0, 0],
						"2.0": [-25, 0, 0],
						"4.0": [-15, 0, 0]
					}
				},
				"tail": {
					"rotation": [7.5, 0, 0]
				}
			}
		},
		"animation.lizarrden.ground_walk": {
			"loop": true,
			"animation_length": 2,
			"bones": {
				"torso": {
					"rotation": {
						"0.0": [-5, 0, 0],
						"0.5": [0, 0, 0],
						"1.0": [-5, 0, 0],
						"1.5": [0, 0, 0],
						"2.0": [-5, 0, 0]
					}
				},
				"leg1": {
					"rotation": {
						"0.0": [60, 0, 0],
						"0.5": [0, 0, 0],
						"1.0": [-60, 0, 0],
						"1.5": [0, 0, 0],
						"2.0": [60, 0, 0]
					}
				},
				"joint1": {
					"rotation": {
						"0.0": [0, 0, 0],
						"0.5": [-50, 0, 0],
						"1.0": [0, 0, 0],
						"1.5": [10, 0, 0],
						"1.75": [25, 0, 0],
						"2.0": [0, 0, 0]
					}
				},
				"foot1": {
					"rotation": {
						"0.0": [15, 0, 0],
						"0.5": [-20, 0, 0],
						"1.0": [5, 0, 0],
						"1.5": [-5, 0, 0],
						"1.75": [-10, 0, 0],
						"2.0": [15, 0, 0]
					}
				},
				"leg2": {
					"rotation": {
						"0.0": [-60, 0, 0],
						"0.5": [0, 0, 0],
						"1.0": [60, 0, 0],
						"1.5": [0, 0, 0],
						"2.0": [-60, 0, 0]
					}
				},
				"joint2": {
					"rotation": {
						"0.0": [0, 0, 0],
						"0.25": [20, 0, 0],
						"1.0": [-10, 0, 0],
						"1.5": [-35, 0, 0],
						"2.0": [0, 0, 0]
					}
				},
				"foot2": {
					"rotation": {
						"0.0": [10, 0, 0],
						"0.25": [10, 0, 0],
						"0.75": [-7.5, 0, 0],
						"1.5": [-17.5, 0, 0],
						"2.0": [10, 0, 0]
					}
				},
				"neck": {
					"rotation": {
						"0.0": [-20, 0, 0],
						"0.5": [-25, 0, 0],
						"1.0": [-20, 0, 0],
						"1.5": [-25, 0, 0],
						"2.0": [-20, 0, 0]
					}
				},
				"head": {
					"rotation": {
						"0.0": [37.5, 0, 0],
						"0.5": [32.5, 0, 0],
						"1.0": [37.5, 0, 0],
						"1.5": [32.5, 0, 0],
						"2.0": [37.5, 0, 0]
					}
				},
				"ear1": {
					"rotation": {
						"0.5": [0, -60, 0],
						"0.5417": [0, -20, 0],
						"0.625": [0, -60, 0],
						"0.7083": [0, -20, 0],
						"1.2083": [0, -20, 0],
						"1.25": [0, -60, 0],
						"1.3333": [0, -20, 0],
						"1.4167": [0, -60, 0]
					}
				},
				"ear2": {
					"rotation": {
						"0.5": [0, 60, 0],
						"0.5417": [0, 20, 0],
						"0.625": [0, 60, 0],
						"0.7083": [0, 20, 0],
						"1.2083": [0, 20, 0],
						"1.25": [0, 60, 0],
						"1.3333": [0, 20, 0],
						"1.4167": [0, 60, 0]
					}
				},
				"tailbase": {
					"rotation": {
						"0.0": [-15, 0, 0],
						"0.5": [-5, 0, 0],
						"1.0": [-15, 0, 0],
						"1.5": [-5, 0, 0],
						"2.0": [-15, 0, 0]
					}
				},
				"tail": {
					"rotation": {
						"0.0": [5, 0, 0],
						"0.25": [-15, 0, 0],
						"0.75": [10, 0, 0],
						"1.25": [-10, 0, 0],
						"1.75": [10, 0, 0],
						"2.0": [5, 0, 0]
					}
				}
			}
		},
		"animation.lizarrden.faint": {
			"animation_length": 3,
			"bones": {
				"body": {
					"position": {
						"0.0": [0, 0, 0],
						"0.25": [0, 1, -5],
						"0.5": [0, -8, -6]
					}
				},
				"leg1": {
					"rotation": {
						"0.0": [0, 0, 0],
						"0.5": [65, 0, 0]
					}
				},
				"joint1": {
					"rotation": {
						"0.0": [0, 0, 0],
						"0.5": [20, 0, 0]
					}
				},
				"foot1": {
					"rotation": {
						"0.0": [0, 0, 0],
						"0.5": [45, 0, 0]
					}
				},
				"leg2": {
					"rotation": {
						"0.0": [0, 0, 0],
						"0.5": [65, 0, 0]
					}
				},
				"joint2": {
					"rotation": {
						"0.0": [0, 0, 0],
						"0.5": [20, 0, 0]
					}
				},
				"foot2": {
					"rotation": {
						"0.0": [0, 0, 0],
						"0.5": [45, 0, 0]
					}
				},
				"neck": {
					"rotation": {
						"0.0": [0, 0, 0],
						"0.25": [-15, 0, 0],
						"0.5": [-12.5, 0, 0],
						"0.625": [52.5, 0, 0],
						"0.6667": [47.5, 0, 0],
						"0.75": [55, 0, 0]
					}
				},
				"head": {
					"rotation": {
						"0.0": [0, 0, 0],
						"0.25": [-30, 0, 0],
						"0.5": [-32.5, 0, 0],
						"0.6667": [-65, 0, 0],
						"0.75": [-20, 0, 0],
						"0.8333": [-30, 0, 0],
						"0.9167": [-25, 0, 0]
					}
				},
				"eye": {
					"scale": {
						"0.0": [1, 1, 1],
						"0.25": [1, 0, 1]
					}
				},
				"ear1": {
					"rotation": {
						"0.0": [0, 0, 0],
						"0.25": [0, -50, 0],
						"0.75": [0, -25, 0]
					}
				},
				"ear2": {
					"rotation": {
						"0.0": [0, 0, 0],
						"0.25": [0, 50, 0],
						"0.75": [0, 25, 0],
						"3.0": [0, 25, 0]
					}
				},
				"tailbase": {
					"rotation": {
						"0.0": [-10, 0, 0],
						"0.25": [10, 0, 0],
						"0.5": [25, 0, 0],
						"0.625": [-25, 0, 0],
						"0.7083": [-25, 0, 0],
						"0.75": [-20, 0, 0],
						"0.7917": [-25, 0, 0]
					}
				},
				"tail": {
					"rotation": {
						"0.0": [5, 0, 0],
						"0.25": [15, 0, 0],
						"0.625": [45, 0, 0],
						"0.7083": [25, 0, 0]
					}
				}
			}
		},
		"animation.lizarrden.sleep": {
			"loop": true,
			"animation_length": 4,
			"bones": {
				"body": {
					"position": [0, -8, 0]
				},
				"torso": {
					"scale": {
						"0.0": [1, 1, 1],
						"2.0": [1, 1.05, 1],
						"4.0": [1, 1, 1]
					}
				},
				"leg1": {
					"rotation": [65, 0, 0]
				},
				"joint1": {
					"rotation": [20, 0, 0]
				},
				"foot1": {
					"rotation": {
						"0.0": [45, 0, 0],
						"2.25": [45, 0, 0],
						"2.2917": [65, 0, 0],
						"2.375": [45, 0, 0],
						"2.4167": [65, 0, 0],
						"2.5833": [45, 0, 0]
					}
				},
				"leg2": {
					"rotation": [65, 0, 0]
				},
				"joint2": {
					"rotation": [20, 0, 0]
				},
				"foot2": {
					"rotation": [45, 0, 0]
				},
				"neck": {
					"rotation": {
						"0.0": [59.83022, -38.51717, 3.06753],
						"2.0": [54.83022, -38.51717, 3.06753],
						"4.0": [59.83022, -38.51717, 3.06753]
					}
				},
				"head": {
					"rotation": {
						"0.0": [-50, 0, 0],
						"2.0": [-40, 0, 0],
						"4.0": [-50, 0, 0]
					}
				},
				"eye": {
					"scale": [1, 0, 1]
				},
				"ear1": {
					"rotation": [0, -65, 0]
				},
				"ear2": {
					"rotation": [0, 65, 0]
				},
				"tailbase": {
					"rotation": [-15, 20, 0]
				},
				"tail": {
					"rotation": [19.20958, 35.77743, 14.9332]
				}
			}
		}
	}
}