{
	"format_version": "1.12.0",
	"minecraft:geometry": [
		{
			"description": {
				"identifier": "geometry.appmi",
				"texture_width": 64,
				"texture_height": 64,
				"visible_bounds_width": 2,
				"visible_bounds_height": 2.5,
				"visible_bounds_offset": [0, 0.75, 0]
			},
			"bones": [
				{
					"name": "appmi",
					"pivot": [0, 0, 0]
				},
				{
					"name": "bone",
					"parent": "appmi",
					"pivot": [0, 0, 0],
					"cubes": [
						{"origin": [-4, 1, -4], "size": [8, 8, 8], "uv": [0, 0]},
						{"origin": [2, 0, -4], "size": [2, 1, 2], "uv": [46, 7]},
						{"origin": [-4, 0, -4], "size": [2, 1, 2], "uv": [46, 7]},
						{"origin": [-1, 0, -4], "size": [2, 1, 2], "uv": [46, 7]},
						{"origin": [2, 0, 2], "size": [2, 1, 2], "uv": [46, 7]},
						{"origin": [-1, 0, 2], "size": [2, 1, 2], "uv": [46, 7]},
						{"origin": [-4, 0, 2], "size": [2, 1, 2], "uv": [46, 7]},
						{"origin": [2, 0, -1], "size": [2, 1, 2], "uv": [46, 7]},
						{"origin": [-1, 0, -1], "size": [2, 1, 2], "uv": [46, 7]},
						{"origin": [-4, 0, -1], "size": [2, 1, 2], "uv": [46, 7]}
					]
				},
				{
					"name": "tallo",
					"parent": "bone",
					"pivot": [0, 9, 0],
					"rotation": [-22.5, 0, 0],
					"cubes": [
						{"origin": [-1, 8, -1], "size": [2, 6, 2], "uv": [12, 28]}
					]
				}
			]
		}
	]
}