{
  "implemented": true,
  "nationalPokedexNumber": 773,
  "name": "Silvally",
  "primaryType": "normal",
  "maleRatio": -1,
  "height": 23,
  "weight": 1005,
  "pokedex": [
    "cobblemon.species.silvally.desc"
  ],
  "labels": [
    "gen7",
    "legendary"
  ],
  "aspects": [],
  "abilities": [
    "adaptability",
    "h:adaptability"
  ],
    "drops": {
      "amount": 2,
      "entries": [
        {
          "item": "minecraft:netherite_ingot"
        }
      ]
    },
  "eggGroups": [
    "undiscovered"
  ],
  "baseStats": {
    "hp": 95,
    "attack": 95,
    "defence": 95,
    "special_attack": 95,
    "special_defence": 95,
    "speed": 95
  },
 "behaviour": {
     "resting": {
       "canSleep": true,
       "willSleepOnBed": true,
       "depth": "normal",
       "light": "0-4"
   },
     "moving": {
      "walk": {
        "walkSpeed": 0.45
      },
      "swim": {
          "swimSpeed": 0.2,
          "canSwimInWater": true,
          "canBreatheUnderwater": false
      }
    }
 },
  "evYield": {
    "hp": 3,
    "attack": 0,
    "defence": 0,
    "special_attack": 0,
    "special_defence": 0,
    "speed": 0
  },
  "baseExperienceYield": 285,
  "experienceGroup": "slow",
  "catchRate": 3,
  "eggCycles": 120,
  "baseFriendship": 0,
  "baseScale": 1.2,
  "hitbox": {
    "width": .7,
    "height": 1.75,
    "fixed": false
  },
  "features": [
      "steel-memory",
      "water-memory",
      "grass-memory",
      "fire-memory",
      "ground-memory",
      "electric-memory",
      "dragon-memory",
      "poison-memory",
      "flying-memory",
      "fighting-memory",
      "psychic-memory",
      "dark-memory",
      "fairy-memory",
      "bug-memory",
      "ice-memory",
      "ghost-memory",
      "rock-memory"
    ],
  "moves": [
    "1:multiattack",
    "1:healblock",
    "1:imprison",
    "1:ironhead",
    "1:poisonfang",
    "1:firefang",
    "1:icefang",
    "1:thunderfang",
    "1:tackle",
    "1:rage",
    "1:pursuit",
    "1:bite",
    "1:aerialace",
    "1:scaryface",
    "1:punishment",
    "1:razorwind",
    "1:explosion",
    "15:doublehit",
    "20:metalsound",
    "25:crushclaw",
    "30:airslash",
    "35:triattack",
    "40:xscissor",
    "45:crunch",
    "50:takedown",
    "55:doubleedge",
    "60:partingshot",
    "egg:healblock",
    "egg:punishment",
    "egg:razorwind",
    "tm:aerialace",
    "tm:airslash",
    "tm:crunch",
    "tm:defog",
    "tm:doubleedge",
    "tm:dracometeor",
    "tm:dragonclaw",
    "tm:endure",
    "tm:explosion",
    "tm:facade",
    "tm:firefang",
    "tm:flamecharge",
    "tm:flamethrower",
    "tm:flashcannon",
    "tm:gigaimpact",
    "tm:grasspledge",
    "tm:hail",
    "tm:heatwave",
    "tm:hyperbeam",
    "tm:hypervoice",
    "tm:icebeam",
    "tm:icefang",
    "tm:icywind",
    "tm:imprison",
    "tm:irondefense",
    "tm:ironhead",
    "tm:laserfocus",
    "tm:lastresort",
    "tm:magiccoat",
    "tm:metalsound",
    "tm:outrage",
    "tm:payback",
    "tm:protect",
    "tm:psychicfangs",
    "tm:raindance",
    "tm:rest",
    "tm:reversal",
    "tm:roar",
    "tm:rockslide",
    "tm:sandstorm",
    "tm:scaryface",
    "tm:selfdestruct",
    "tm:shadowball",
    "tm:shadowclaw",
    "tm:signalbeam",
    "tm:sleeptalk",
    "tm:snarl",
    "tm:steelbeam",
    "tm:steelwing",
    "tm:substitute",
    "tm:sunnyday",
    "tm:surf",
    "tm:swift",
    "tm:swordsdance",
    "tm:tailwind",
    "tm:takedown",
    "tm:terablast",
    "tm:terrainpulse",
    "tm:thunderbolt",
    "tm:thunderfang",
    "tm:thunderwave",
    "tm:triattack",
    "tm:uturn",
    "tm:workup",
    "tm:xscissor",
    "tm:zenheadbutt",
    "tutor:aerialace",
    "tutor:block",
    "tutor:defog",
    "tutor:dracometeor",
    "tutor:firefang",
    "tutor:flamethrower",
    "tutor:flashcannon",
    "tutor:gigaimpact",
    "tutor:grasspledge",
    "tutor:heatwave",
    "tutor:hyperbeam",
    "tutor:hypervoice",
    "tutor:icebeam",
    "tutor:icefang",
    "tutor:icywind",
    "tutor:irondefense",
    "tutor:ironhead",
    "tutor:laserfocus",
    "tutor:lastresort",
    "tutor:magiccoat",
    "tutor:outrage",
    "tutor:psychic",
    "tutor:rest",
    "tutor:rockslide",
    "tutor:shadowball",
    "tutor:shadowclaw",
    "tutor:signalbeam",
    "tutor:sleeptalk",
    "tutor:snarl",
    "tutor:steelbeam",
    "tutor:swift",
    "tutor:tailwind",
    "tutor:terrainpulse",
    "tutor:thunderbolt",
    "tutor:thunderfang",
    "tutor:xscissor",
    "tutor:zenheadbutt"
  ],
  "preEvolution": "typenull",
  "evolutions": [
      {
        "id": "silvally_silvallysteel",
        "variant": "level_up",
        "result": "silvally steel-memory=true",
        "consumeHeldItem": false,
        "learnableMoves": ["smartstrike"],
        "requirements": [
    {
        "variant": "has_move",
        "move": "multiattack"
    }
  ]
},
      {
        "id": "silvally_silvallywater",
        "variant": "level_up",
        "result": "silvally water-memory=true",
        "consumeHeldItem": false,
        "learnableMoves": ["aquatail"],
        "requirements": [
    {
        "variant": "has_move",
        "move": "multiattack"
    }
  ]
},
      {
        "id": "silvally_silvallygrass",
        "variant": "level_up",
        "result": "silvally grass-memory=true",
        "consumeHeldItem": false,
        "learnableMoves": ["needlearm"],
        "requirements": [
    {
        "variant": "has_move",
        "move": "multiattack"
    }
  ]
},
      {
        "id": "silvally_silvallyfire",
        "variant": "level_up",
        "result": "silvally fire-memory=true",
        "consumeHeldItem": false,
        "learnableMoves": ["flamecharge"],
        "requirements": [
    {
        "variant": "has_move",
        "move": "multiattack"
    }
  ]
},
      {
        "id": "silvally_silvallyground",
        "variant": "level_up",
        "result": "silvally ground-memory=true",
        "consumeHeldItem": false,
        "learnableMoves": ["stompingtantrum"],
        "requirements": [
    {
        "variant": "has_move",
        "move": "multiattack"
    }
  ]
},
      {
        "id": "silvally_silvallyelectric",
        "variant": "level_up",
        "result": "silvally electric-memory=true",
        "consumeHeldItem": false,
        "learnableMoves": ["discharge"],
        "requirements": [
    {
        "variant": "has_move",
        "move": "multiattack"
    }
  ]
},
      {
        "id": "silvally_silvallydragon",
        "variant": "level_up",
        "result": "silvally dragon-memory=true",
        "consumeHeldItem": false,
        "learnableMoves": ["dragonclaw"],
        "requirements": [
    {
        "variant": "has_move",
        "move": "multiattack"
    }
  ]
},
      {
        "id": "silvally_silvallypoison",
        "variant": "level_up",
        "result": "silvally poison-memory=true",
        "consumeHeldItem": false,
        "learnableMoves": ["crosspoison"],
        "requirements": [
    {
        "variant": "has_move",
        "move": "multiattack"
    }
  ]
},
      {
        "id": "silvally_silvallyflying",
        "variant": "level_up",
        "result": "silvally flying-memory=true",
        "consumeHeldItem": false,
        "learnableMoves": ["drillpeck"],
        "requirements": [
    {
        "variant": "has_move",
        "move": "multiattack"
    }
  ]
},
      {
        "id": "silvally_silvallyfighting",
        "variant": "level_up",
        "result": "silvally fighting-memory=true",
        "consumeHeldItem": false,
        "learnableMoves": ["doublekick"],
        "requirements": [
    {
        "variant": "has_move",
        "move": "multiattack"
    }
  ]
},
      {
        "id": "silvally_silvallypsychic",
        "variant": "level_up",
        "result": "silvally psychic-memory=true",
        "consumeHeldItem": false,
        "learnableMoves": ["psychicfangs"],
        "requirements": [
    {
        "variant": "has_move",
        "move": "multiattack"
    }
  ]
},
      {
        "id": "silvally_silvallydark",
        "variant": "level_up",
        "result": "silvally dark-memory=true",
        "consumeHeldItem": false,
        "learnableMoves": ["nightslash"],
        "requirements": [
    {
        "variant": "has_move",
        "move": "multiattack"
    }
  ]
},
      {
        "id": "silvally_silvallyfairy",
        "variant": "level_up",
        "result": "silvally fairy-memory=true",
        "consumeHeldItem": false,
        "learnableMoves": ["spiritbreak"],
        "requirements": [
    {
        "variant": "has_move",
        "move": "multiattack"
    }
  ]
},
      {
        "id": "silvally_silvallybug",
        "variant": "level_up",
        "result": "silvally bug-memory=true",
        "consumeHeldItem": false,
        "learnableMoves": ["leechlife"],
        "requirements": [
    {
        "variant": "has_move",
        "move": "multiattack"
    }
  ]
},
      {
        "id": "silvally_silvallyice",
        "variant": "level_up",
        "result": "silvally ice-memory=true",
        "consumeHeldItem": false,
        "learnableMoves": ["freezedry"],
        "requirements": [
    {
        "variant": "has_move",
        "move": "multiattack"
    }
  ]
},
      {
        "id": "silvally_silvallyghost",
        "variant": "level_up",
        "result": "silvally ghost-memory=true",
        "consumeHeldItem": false,
        "learnableMoves": ["shadowclaw"],
        "requirements": [
    {
        "variant": "has_move",
        "move": "multiattack"
    }
  ]
},
      {
        "id": "silvally_silvallyrock",
        "variant": "level_up",
        "result": "silvally rock-memory=true",
        "consumeHeldItem": false,
        "learnableMoves": ["rockslide"],
        "requirements": [
    {
        "variant": "has_move",
        "move": "multiattack"
    }
  ]
}
],
  "forms": [
    {
      "name": "Fighting",
      "primaryType": "fighting",
      "maleRatio": -1,
      "height": 23,
      "weight": 1005,
      "pokedex": [
        "cobblemon.species.silvally-fighting.desc"
      ],
      "labels": [
        "gen7",
        "legendary"
      ],
      "aspects": [
        "fighting-memory"
      ],
      "moves": [
        "1:multiattack",
        "1:doublekick",
        "1:healblock",
        "1:imprison",
        "1:ironhead",
        "1:poisonfang",
        "1:firefang",
        "1:icefang",
        "1:thunderfang",
        "1:tackle",
        "1:rage",
        "1:pursuit",
        "1:bite",
        "1:aerialace",
        "1:scaryface",
        "1:punishment",
        "1:razorwind",
        "1:explosion",
        "15:doublehit",
        "20:metalsound",
        "25:crushclaw",
        "30:airslash",
        "35:triattack",
        "40:xscissor",
        "45:crunch",
        "50:takedown",
        "55:doubleedge",
        "60:partingshot",
        "tm:aerialace",
        "tm:airslash",
        "tm:crunch",
        "tm:defog",
        "tm:doubleedge",
        "tm:dracometeor",
        "tm:dragonclaw",
        "tm:endure",
        "tm:explosion",
        "tm:facade",
        "tm:firefang",
        "tm:flamecharge",
        "tm:flamethrower",
        "tm:flashcannon",
        "tm:gigaimpact",
        "tm:grasspledge",
        "tm:hail",
        "tm:heatwave",
        "tm:hyperbeam",
        "tm:hypervoice",
        "tm:icebeam",
        "tm:icefang",
        "tm:icywind",
        "tm:imprison",
        "tm:irondefense",
        "tm:ironhead",
        "tm:laserfocus",
        "tm:lastresort",
        "tm:magiccoat",
        "tm:metalsound",
        "tm:outrage",
        "tm:payback",
        "tm:protect",
        "tm:psychicfangs",
        "tm:raindance",
        "tm:rest",
        "tm:reversal",
        "tm:roar",
        "tm:rockslide",
        "tm:sandstorm",
        "tm:scaryface",
        "tm:selfdestruct",
        "tm:shadowball",
        "tm:shadowclaw",
        "tm:signalbeam",
        "tm:sleeptalk",
        "tm:snarl",
        "tm:steelbeam",
        "tm:steelwing",
        "tm:substitute",
        "tm:sunnyday",
        "tm:surf",
        "tm:swift",
        "tm:swordsdance",
        "tm:tailwind",
        "tm:takedown",
        "tm:terablast",
        "tm:terrainpulse",
        "tm:thunderbolt",
        "tm:thunderfang",
        "tm:thunderwave",
        "tm:triattack",
        "tm:uturn",
        "tm:workup",
        "tm:xscissor",
        "tm:zenheadbutt",
        "tutor:aerialace",
        "tutor:block",
        "tutor:defog",
        "tutor:dracometeor",
        "tutor:firefang",
        "tutor:flamethrower",
        "tutor:flashcannon",
        "tutor:gigaimpact",
        "tutor:grasspledge",
        "tutor:heatwave",
        "tutor:hyperbeam",
        "tutor:hypervoice",
        "tutor:icebeam",
        "tutor:icefang",
        "tutor:icywind",
        "tutor:irondefense",
        "tutor:ironhead",
        "tutor:laserfocus",
        "tutor:lastresort",
        "tutor:magiccoat",
        "tutor:outrage",
        "tutor:psychic",
        "tutor:rest",
        "tutor:rockslide",
        "tutor:shadowball",
        "tutor:shadowclaw",
        "tutor:signalbeam",
        "tutor:sleeptalk",
        "tutor:snarl",
        "tutor:steelbeam",
        "tutor:swift",
        "tutor:tailwind",
        "tutor:terrainpulse",
        "tutor:thunderbolt",
        "tutor:thunderfang",
        "tutor:xscissor",
        "tutor:zenheadbutt"
      ],
      "evolutions": [
      {
        "id": "silvallyfighting_silvally",
        "variant": "level_up",
        "result": "silvally fighting-memory=false",
        "consumeHeldItem": false,
        "learnableMoves": [],
        "requirements": [
    {
        "variant": "has_move",
        "move": "multiattack"
    }
  ]
}
],
      "battleOnly": false
    },
    {
      "name": "Flying",
      "primaryType": "flying",
      "maleRatio": -1,
      "height": 23,
      "weight": 1005,
      "pokedex": [
        "cobblemon.species.silvally-flying.desc"
      ],
      "labels": [
        "gen7",
        "legendary"
      ],
      "aspects": [
        "flying-memory"
      ],
      "moves": [
        "1:multiattack",
        "1:drillpeck",
        "1:healblock",
        "1:imprison",
        "1:ironhead",
        "1:poisonfang",
        "1:firefang",
        "1:icefang",
        "1:thunderfang",
        "1:tackle",
        "1:rage",
        "1:pursuit",
        "1:bite",
        "1:aerialace",
        "1:scaryface",
        "1:punishment",
        "1:razorwind",
        "1:explosion",
        "15:doublehit",
        "20:metalsound",
        "25:crushclaw",
        "30:airslash",
        "35:triattack",
        "40:xscissor",
        "45:crunch",
        "50:takedown",
        "55:doubleedge",
        "60:partingshot",
        "tm:aerialace",
        "tm:airslash",
        "tm:crunch",
        "tm:defog",
        "tm:doubleedge",
        "tm:dracometeor",
        "tm:dragonclaw",
        "tm:endure",
        "tm:explosion",
        "tm:facade",
        "tm:firefang",
        "tm:flamecharge",
        "tm:flamethrower",
        "tm:flashcannon",
        "tm:gigaimpact",
        "tm:grasspledge",
        "tm:hail",
        "tm:heatwave",
        "tm:hyperbeam",
        "tm:hypervoice",
        "tm:icebeam",
        "tm:icefang",
        "tm:icywind",
        "tm:imprison",
        "tm:irondefense",
        "tm:ironhead",
        "tm:laserfocus",
        "tm:lastresort",
        "tm:magiccoat",
        "tm:metalsound",
        "tm:outrage",
        "tm:payback",
        "tm:protect",
        "tm:psychicfangs",
        "tm:raindance",
        "tm:rest",
        "tm:reversal",
        "tm:roar",
        "tm:rockslide",
        "tm:sandstorm",
        "tm:scaryface",
        "tm:selfdestruct",
        "tm:shadowball",
        "tm:shadowclaw",
        "tm:signalbeam",
        "tm:sleeptalk",
        "tm:snarl",
        "tm:steelbeam",
        "tm:steelwing",
        "tm:substitute",
        "tm:sunnyday",
        "tm:surf",
        "tm:swift",
        "tm:swordsdance",
        "tm:tailwind",
        "tm:takedown",
        "tm:terablast",
        "tm:terrainpulse",
        "tm:thunderbolt",
        "tm:thunderfang",
        "tm:thunderwave",
        "tm:triattack",
        "tm:uturn",
        "tm:workup",
        "tm:xscissor",
        "tm:zenheadbutt",
        "tutor:aerialace",
        "tutor:block",
        "tutor:defog",
        "tutor:dracometeor",
        "tutor:firefang",
        "tutor:flamethrower",
        "tutor:flashcannon",
        "tutor:gigaimpact",
        "tutor:grasspledge",
        "tutor:heatwave",
        "tutor:hyperbeam",
        "tutor:hypervoice",
        "tutor:icebeam",
        "tutor:icefang",
        "tutor:icywind",
        "tutor:irondefense",
        "tutor:ironhead",
        "tutor:laserfocus",
        "tutor:lastresort",
        "tutor:magiccoat",
        "tutor:outrage",
        "tutor:psychic",
        "tutor:rest",
        "tutor:rockslide",
        "tutor:shadowball",
        "tutor:shadowclaw",
        "tutor:signalbeam",
        "tutor:sleeptalk",
        "tutor:snarl",
        "tutor:steelbeam",
        "tutor:swift",
        "tutor:tailwind",
        "tutor:terrainpulse",
        "tutor:thunderbolt",
        "tutor:thunderfang",
        "tutor:xscissor",
        "tutor:zenheadbutt"
      ],
      "evolutions": [
      {
        "id": "silvallyflying_silvally",
        "variant": "level_up",
        "result": "silvally flying-memory=false",
        "consumeHeldItem": false,
        "learnableMoves": [],
        "requirements": [
    {
        "variant": "has_move",
        "move": "multiattack"
    }
  ]
}
],
      "battleOnly": false
    },
    {
      "name": "Poison",
      "primaryType": "poison",
      "maleRatio": -1,
      "height": 23,
      "weight": 1005,
      "pokedex": [
        "cobblemon.species.silvally-poison.desc"
      ],
      "labels": [
        "gen7",
        "legendary"
      ],
      "aspects": [
        "poison-memory"
      ],
      "moves": [
        "1:multiattack",
        "1:crosspoison",
        "1:healblock",
        "1:imprison",
        "1:ironhead",
        "1:poisonfang",
        "1:firefang",
        "1:icefang",
        "1:thunderfang",
        "1:tackle",
        "1:rage",
        "1:pursuit",
        "1:bite",
        "1:aerialace",
        "1:scaryface",
        "1:punishment",
        "1:razorwind",
        "1:explosion",
        "15:doublehit",
        "20:metalsound",
        "25:crushclaw",
        "30:airslash",
        "35:triattack",
        "40:xscissor",
        "45:crunch",
        "50:takedown",
        "55:doubleedge",
        "60:partingshot",
        "tm:aerialace",
        "tm:airslash",
        "tm:crunch",
        "tm:defog",
        "tm:doubleedge",
        "tm:dracometeor",
        "tm:dragonclaw",
        "tm:endure",
        "tm:explosion",
        "tm:facade",
        "tm:firefang",
        "tm:flamecharge",
        "tm:flamethrower",
        "tm:flashcannon",
        "tm:gigaimpact",
        "tm:grasspledge",
        "tm:hail",
        "tm:heatwave",
        "tm:hyperbeam",
        "tm:hypervoice",
        "tm:icebeam",
        "tm:icefang",
        "tm:icywind",
        "tm:imprison",
        "tm:irondefense",
        "tm:ironhead",
        "tm:laserfocus",
        "tm:lastresort",
        "tm:magiccoat",
        "tm:metalsound",
        "tm:outrage",
        "tm:payback",
        "tm:protect",
        "tm:psychicfangs",
        "tm:raindance",
        "tm:rest",
        "tm:reversal",
        "tm:roar",
        "tm:rockslide",
        "tm:sandstorm",
        "tm:scaryface",
        "tm:selfdestruct",
        "tm:shadowball",
        "tm:shadowclaw",
        "tm:signalbeam",
        "tm:sleeptalk",
        "tm:snarl",
        "tm:steelbeam",
        "tm:steelwing",
        "tm:substitute",
        "tm:sunnyday",
        "tm:surf",
        "tm:swift",
        "tm:swordsdance",
        "tm:tailwind",
        "tm:takedown",
        "tm:terablast",
        "tm:terrainpulse",
        "tm:thunderbolt",
        "tm:thunderfang",
        "tm:thunderwave",
        "tm:triattack",
        "tm:uturn",
        "tm:workup",
        "tm:xscissor",
        "tm:zenheadbutt",
        "tutor:aerialace",
        "tutor:block",
        "tutor:defog",
        "tutor:dracometeor",
        "tutor:firefang",
        "tutor:flamethrower",
        "tutor:flashcannon",
        "tutor:gigaimpact",
        "tutor:grasspledge",
        "tutor:heatwave",
        "tutor:hyperbeam",
        "tutor:hypervoice",
        "tutor:icebeam",
        "tutor:icefang",
        "tutor:icywind",
        "tutor:irondefense",
        "tutor:ironhead",
        "tutor:laserfocus",
        "tutor:lastresort",
        "tutor:magiccoat",
        "tutor:outrage",
        "tutor:psychic",
        "tutor:rest",
        "tutor:rockslide",
        "tutor:shadowball",
        "tutor:shadowclaw",
        "tutor:signalbeam",
        "tutor:sleeptalk",
        "tutor:snarl",
        "tutor:steelbeam",
        "tutor:swift",
        "tutor:tailwind",
        "tutor:terrainpulse",
        "tutor:thunderbolt",
        "tutor:thunderfang",
        "tutor:xscissor",
        "tutor:zenheadbutt"
      ],
      "evolutions": [
      {
        "id": "silvallypoison_silvally",
        "variant": "level_up",
        "result": "silvally poison-memory=false",
        "consumeHeldItem": false,
        "learnableMoves": [],
        "requirements": [
    {
        "variant": "has_move",
        "move": "multiattack"
    }
  ]
}
],
      "battleOnly": false
    },
    {
      "name": "Ground",
      "primaryType": "ground",
      "maleRatio": -1,
      "height": 23,
      "weight": 1005,
      "pokedex": [
        "cobblemon.species.silvally-ground.desc"
      ],
      "labels": [
        "gen7",
        "legendary"
      ],
      "aspects": [
        "ground-memory"
      ],
      "moves": [
        "1:multiattack",
        "1:stompingtantrum",
        "1:healblock",
        "1:imprison",
        "1:ironhead",
        "1:poisonfang",
        "1:firefang",
        "1:icefang",
        "1:thunderfang",
        "1:tackle",
        "1:rage",
        "1:pursuit",
        "1:bite",
        "1:aerialace",
        "1:scaryface",
        "1:punishment",
        "1:razorwind",
        "1:explosion",
        "15:doublehit",
        "20:metalsound",
        "25:crushclaw",
        "30:airslash",
        "35:triattack",
        "40:xscissor",
        "45:crunch",
        "50:takedown",
        "55:doubleedge",
        "60:partingshot",
        "tm:aerialace",
        "tm:airslash",
        "tm:crunch",
        "tm:defog",
        "tm:doubleedge",
        "tm:dracometeor",
        "tm:dragonclaw",
        "tm:endure",
        "tm:explosion",
        "tm:facade",
        "tm:firefang",
        "tm:flamecharge",
        "tm:flamethrower",
        "tm:flashcannon",
        "tm:gigaimpact",
        "tm:grasspledge",
        "tm:hail",
        "tm:heatwave",
        "tm:hyperbeam",
        "tm:hypervoice",
        "tm:icebeam",
        "tm:icefang",
        "tm:icywind",
        "tm:imprison",
        "tm:irondefense",
        "tm:ironhead",
        "tm:laserfocus",
        "tm:lastresort",
        "tm:magiccoat",
        "tm:metalsound",
        "tm:outrage",
        "tm:payback",
        "tm:protect",
        "tm:psychicfangs",
        "tm:raindance",
        "tm:rest",
        "tm:reversal",
        "tm:roar",
        "tm:rockslide",
        "tm:sandstorm",
        "tm:scaryface",
        "tm:selfdestruct",
        "tm:shadowball",
        "tm:shadowclaw",
        "tm:signalbeam",
        "tm:sleeptalk",
        "tm:snarl",
        "tm:steelbeam",
        "tm:steelwing",
        "tm:substitute",
        "tm:sunnyday",
        "tm:surf",
        "tm:swift",
        "tm:swordsdance",
        "tm:tailwind",
        "tm:takedown",
        "tm:terablast",
        "tm:terrainpulse",
        "tm:thunderbolt",
        "tm:thunderfang",
        "tm:thunderwave",
        "tm:triattack",
        "tm:uturn",
        "tm:workup",
        "tm:xscissor",
        "tm:zenheadbutt",
        "tutor:aerialace",
        "tutor:block",
        "tutor:defog",
        "tutor:dracometeor",
        "tutor:firefang",
        "tutor:flamethrower",
        "tutor:flashcannon",
        "tutor:gigaimpact",
        "tutor:grasspledge",
        "tutor:heatwave",
        "tutor:hyperbeam",
        "tutor:hypervoice",
        "tutor:icebeam",
        "tutor:icefang",
        "tutor:icywind",
        "tutor:irondefense",
        "tutor:ironhead",
        "tutor:laserfocus",
        "tutor:lastresort",
        "tutor:magiccoat",
        "tutor:outrage",
        "tutor:psychic",
        "tutor:rest",
        "tutor:rockslide",
        "tutor:shadowball",
        "tutor:shadowclaw",
        "tutor:signalbeam",
        "tutor:sleeptalk",
        "tutor:snarl",
        "tutor:steelbeam",
        "tutor:swift",
        "tutor:tailwind",
        "tutor:terrainpulse",
        "tutor:thunderbolt",
        "tutor:thunderfang",
        "tutor:xscissor",
        "tutor:zenheadbutt"
      ],
      "evolutions": [
      {
        "id": "silvallyground_silvally",
        "variant": "level_up",
        "result": "silvally ground-memory=false",
        "consumeHeldItem": false,
        "learnableMoves": [],
        "requirements": [
    {
        "variant": "has_move",
        "move": "multiattack"
    }
  ]
}
],
      "battleOnly": false
    },
    {
      "name": "Rock",
      "primaryType": "rock",
      "maleRatio": -1,
      "height": 23,
      "weight": 1005,
      "pokedex": [
        "cobblemon.species.silvally-rock.desc"
      ],
      "labels": [
        "gen7",
        "legendary"
      ],
      "aspects": [
        "rock-memory"
      ],
      "moves": [
        "1:multiattack",
        "1:rockslide",
        "1:healblock",
        "1:imprison",
        "1:ironhead",
        "1:poisonfang",
        "1:firefang",
        "1:icefang",
        "1:thunderfang",
        "1:tackle",
        "1:rage",
        "1:pursuit",
        "1:bite",
        "1:aerialace",
        "1:scaryface",
        "1:punishment",
        "1:razorwind",
        "1:explosion",
        "15:doublehit",
        "20:metalsound",
        "25:crushclaw",
        "30:airslash",
        "35:triattack",
        "40:xscissor",
        "45:crunch",
        "50:takedown",
        "55:doubleedge",
        "60:partingshot",
        "tm:aerialace",
        "tm:airslash",
        "tm:crunch",
        "tm:defog",
        "tm:doubleedge",
        "tm:dracometeor",
        "tm:dragonclaw",
        "tm:endure",
        "tm:explosion",
        "tm:facade",
        "tm:firefang",
        "tm:flamecharge",
        "tm:flamethrower",
        "tm:flashcannon",
        "tm:gigaimpact",
        "tm:grasspledge",
        "tm:hail",
        "tm:heatwave",
        "tm:hyperbeam",
        "tm:hypervoice",
        "tm:icebeam",
        "tm:icefang",
        "tm:icywind",
        "tm:imprison",
        "tm:irondefense",
        "tm:ironhead",
        "tm:laserfocus",
        "tm:lastresort",
        "tm:magiccoat",
        "tm:metalsound",
        "tm:outrage",
        "tm:payback",
        "tm:protect",
        "tm:psychicfangs",
        "tm:raindance",
        "tm:rest",
        "tm:reversal",
        "tm:roar",
        "tm:rockslide",
        "tm:sandstorm",
        "tm:scaryface",
        "tm:selfdestruct",
        "tm:shadowball",
        "tm:shadowclaw",
        "tm:signalbeam",
        "tm:sleeptalk",
        "tm:snarl",
        "tm:steelbeam",
        "tm:steelwing",
        "tm:substitute",
        "tm:sunnyday",
        "tm:surf",
        "tm:swift",
        "tm:swordsdance",
        "tm:tailwind",
        "tm:takedown",
        "tm:terablast",
        "tm:terrainpulse",
        "tm:thunderbolt",
        "tm:thunderfang",
        "tm:thunderwave",
        "tm:triattack",
        "tm:uturn",
        "tm:workup",
        "tm:xscissor",
        "tm:zenheadbutt",
        "tutor:aerialace",
        "tutor:block",
        "tutor:defog",
        "tutor:dracometeor",
        "tutor:firefang",
        "tutor:flamethrower",
        "tutor:flashcannon",
        "tutor:gigaimpact",
        "tutor:grasspledge",
        "tutor:heatwave",
        "tutor:hyperbeam",
        "tutor:hypervoice",
        "tutor:icebeam",
        "tutor:icefang",
        "tutor:icywind",
        "tutor:irondefense",
        "tutor:ironhead",
        "tutor:laserfocus",
        "tutor:lastresort",
        "tutor:magiccoat",
        "tutor:outrage",
        "tutor:psychic",
        "tutor:rest",
        "tutor:rockslide",
        "tutor:shadowball",
        "tutor:shadowclaw",
        "tutor:signalbeam",
        "tutor:sleeptalk",
        "tutor:snarl",
        "tutor:steelbeam",
        "tutor:swift",
        "tutor:tailwind",
        "tutor:terrainpulse",
        "tutor:thunderbolt",
        "tutor:thunderfang",
        "tutor:xscissor",
        "tutor:zenheadbutt"
      ],
      "evolutions": [
      {
        "id": "silvallyrock_silvally",
        "variant": "level_up",
        "result": "silvally rock-memory=false",
        "consumeHeldItem": false,
        "learnableMoves": [],
        "requirements": [
    {
        "variant": "has_move",
        "move": "multiattack"
    }
  ]
}
],
      "battleOnly": false
    },
    {
      "name": "Bug",
      "primaryType": "bug",
      "maleRatio": -1,
      "height": 23,
      "weight": 1005,
      "pokedex": [
        "cobblemon.species.silvally-bug.desc"
      ],
      "labels": [
        "gen7",
        "legendary"
      ],
      "aspects": [
        "bug-memory"
      ],
      "moves": [
        "1:multiattack",
        "1:leechlife",
        "1:healblock",
        "1:imprison",
        "1:ironhead",
        "1:poisonfang",
        "1:firefang",
        "1:icefang",
        "1:thunderfang",
        "1:tackle",
        "1:rage",
        "1:pursuit",
        "1:bite",
        "1:aerialace",
        "1:scaryface",
        "1:punishment",
        "1:razorwind",
        "1:explosion",
        "15:doublehit",
        "20:metalsound",
        "25:crushclaw",
        "30:airslash",
        "35:triattack",
        "40:xscissor",
        "45:crunch",
        "50:takedown",
        "55:doubleedge",
        "60:partingshot",
        "tm:aerialace",
        "tm:airslash",
        "tm:crunch",
        "tm:defog",
        "tm:doubleedge",
        "tm:dracometeor",
        "tm:dragonclaw",
        "tm:endure",
        "tm:explosion",
        "tm:facade",
        "tm:firefang",
        "tm:flamecharge",
        "tm:flamethrower",
        "tm:flashcannon",
        "tm:gigaimpact",
        "tm:grasspledge",
        "tm:hail",
        "tm:heatwave",
        "tm:hyperbeam",
        "tm:hypervoice",
        "tm:icebeam",
        "tm:icefang",
        "tm:icywind",
        "tm:imprison",
        "tm:irondefense",
        "tm:ironhead",
        "tm:laserfocus",
        "tm:lastresort",
        "tm:magiccoat",
        "tm:metalsound",
        "tm:outrage",
        "tm:payback",
        "tm:protect",
        "tm:psychicfangs",
        "tm:raindance",
        "tm:rest",
        "tm:reversal",
        "tm:roar",
        "tm:rockslide",
        "tm:sandstorm",
        "tm:scaryface",
        "tm:selfdestruct",
        "tm:shadowball",
        "tm:shadowclaw",
        "tm:signalbeam",
        "tm:sleeptalk",
        "tm:snarl",
        "tm:steelbeam",
        "tm:steelwing",
        "tm:substitute",
        "tm:sunnyday",
        "tm:surf",
        "tm:swift",
        "tm:swordsdance",
        "tm:tailwind",
        "tm:takedown",
        "tm:terablast",
        "tm:terrainpulse",
        "tm:thunderbolt",
        "tm:thunderfang",
        "tm:thunderwave",
        "tm:triattack",
        "tm:uturn",
        "tm:workup",
        "tm:xscissor",
        "tm:zenheadbutt",
        "tutor:aerialace",
        "tutor:block",
        "tutor:defog",
        "tutor:dracometeor",
        "tutor:firefang",
        "tutor:flamethrower",
        "tutor:flashcannon",
        "tutor:gigaimpact",
        "tutor:grasspledge",
        "tutor:heatwave",
        "tutor:hyperbeam",
        "tutor:hypervoice",
        "tutor:icebeam",
        "tutor:icefang",
        "tutor:icywind",
        "tutor:irondefense",
        "tutor:ironhead",
        "tutor:laserfocus",
        "tutor:lastresort",
        "tutor:magiccoat",
        "tutor:outrage",
        "tutor:psychic",
        "tutor:rest",
        "tutor:rockslide",
        "tutor:shadowball",
        "tutor:shadowclaw",
        "tutor:signalbeam",
        "tutor:sleeptalk",
        "tutor:snarl",
        "tutor:steelbeam",
        "tutor:swift",
        "tutor:tailwind",
        "tutor:terrainpulse",
        "tutor:thunderbolt",
        "tutor:thunderfang",
        "tutor:xscissor",
        "tutor:zenheadbutt"
      ],
      "evolutions": [
      {
        "id": "silvallybug_silvally",
        "variant": "level_up",
        "result": "silvally bug-memory=false",
        "consumeHeldItem": false,
        "learnableMoves": [],
        "requirements": [
    {
        "variant": "has_move",
        "move": "multiattack"
    }
  ]
}
],
      "battleOnly": false
    },
    {
      "name": "Ghost",
      "primaryType": "ghost",
      "maleRatio": -1,
      "height": 23,
      "weight": 1005,
      "pokedex": [
        "cobblemon.species.silvally-ghost.desc"
      ],
      "labels": [
        "gen7",
        "legendary"
      ],
      "aspects": [
        "ghost-memory"
      ],
      "moves": [
        "1:multiattack",
        "1:shadowclaw",
        "1:healblock",
        "1:imprison",
        "1:ironhead",
        "1:poisonfang",
        "1:firefang",
        "1:icefang",
        "1:thunderfang",
        "1:tackle",
        "1:rage",
        "1:pursuit",
        "1:bite",
        "1:aerialace",
        "1:scaryface",
        "1:punishment",
        "1:razorwind",
        "1:explosion",
        "15:doublehit",
        "20:metalsound",
        "25:crushclaw",
        "30:airslash",
        "35:triattack",
        "40:xscissor",
        "45:crunch",
        "50:takedown",
        "55:doubleedge",
        "60:partingshot",
        "tm:aerialace",
        "tm:airslash",
        "tm:crunch",
        "tm:defog",
        "tm:doubleedge",
        "tm:dracometeor",
        "tm:dragonclaw",
        "tm:endure",
        "tm:explosion",
        "tm:facade",
        "tm:firefang",
        "tm:flamecharge",
        "tm:flamethrower",
        "tm:flashcannon",
        "tm:gigaimpact",
        "tm:grasspledge",
        "tm:hail",
        "tm:heatwave",
        "tm:hyperbeam",
        "tm:hypervoice",
        "tm:icebeam",
        "tm:icefang",
        "tm:icywind",
        "tm:imprison",
        "tm:irondefense",
        "tm:ironhead",
        "tm:laserfocus",
        "tm:lastresort",
        "tm:magiccoat",
        "tm:metalsound",
        "tm:outrage",
        "tm:payback",
        "tm:protect",
        "tm:psychicfangs",
        "tm:raindance",
        "tm:rest",
        "tm:reversal",
        "tm:roar",
        "tm:rockslide",
        "tm:sandstorm",
        "tm:scaryface",
        "tm:selfdestruct",
        "tm:shadowball",
        "tm:shadowclaw",
        "tm:signalbeam",
        "tm:sleeptalk",
        "tm:snarl",
        "tm:steelbeam",
        "tm:steelwing",
        "tm:substitute",
        "tm:sunnyday",
        "tm:surf",
        "tm:swift",
        "tm:swordsdance",
        "tm:tailwind",
        "tm:takedown",
        "tm:terablast",
        "tm:terrainpulse",
        "tm:thunderbolt",
        "tm:thunderfang",
        "tm:thunderwave",
        "tm:triattack",
        "tm:uturn",
        "tm:workup",
        "tm:xscissor",
        "tm:zenheadbutt",
        "tutor:aerialace",
        "tutor:block",
        "tutor:defog",
        "tutor:dracometeor",
        "tutor:firefang",
        "tutor:flamethrower",
        "tutor:flashcannon",
        "tutor:gigaimpact",
        "tutor:grasspledge",
        "tutor:heatwave",
        "tutor:hyperbeam",
        "tutor:hypervoice",
        "tutor:icebeam",
        "tutor:icefang",
        "tutor:icywind",
        "tutor:irondefense",
        "tutor:ironhead",
        "tutor:laserfocus",
        "tutor:lastresort",
        "tutor:magiccoat",
        "tutor:outrage",
        "tutor:psychic",
        "tutor:rest",
        "tutor:rockslide",
        "tutor:shadowball",
        "tutor:shadowclaw",
        "tutor:signalbeam",
        "tutor:sleeptalk",
        "tutor:snarl",
        "tutor:steelbeam",
        "tutor:swift",
        "tutor:tailwind",
        "tutor:terrainpulse",
        "tutor:thunderbolt",
        "tutor:thunderfang",
        "tutor:xscissor",
        "tutor:zenheadbutt"
      ],
      "evolutions": [
      {
        "id": "silvallyghost_silvally",
        "variant": "level_up",
        "result": "silvally ghost-memory=false",
        "consumeHeldItem": false,
        "learnableMoves": [],
        "requirements": [
    {
        "variant": "has_move",
        "move": "multiattack"
    }
  ]
}
],
      "battleOnly": false
    },
    {
      "name": "Steel",
      "primaryType": "steel",
      "maleRatio": -1,
      "height": 23,
      "weight": 1005,
      "pokedex": [
        "cobblemon.species.silvally-steel.desc"
      ],
      "labels": [
        "gen7",
        "legendary"
      ],
      "aspects": [
        "steel-memory"
      ],
      "moves": [
        "1:multiattack",
        "1:smartstrike",
        "1:healblock",
        "1:imprison",
        "1:ironhead",
        "1:poisonfang",
        "1:firefang",
        "1:icefang",
        "1:thunderfang",
        "1:tackle",
        "1:rage",
        "1:pursuit",
        "1:bite",
        "1:aerialace",
        "1:scaryface",
        "1:punishment",
        "1:razorwind",
        "1:explosion",
        "15:doublehit",
        "20:metalsound",
        "25:crushclaw",
        "30:airslash",
        "35:triattack",
        "40:xscissor",
        "45:crunch",
        "50:takedown",
        "55:doubleedge",
        "60:partingshot",
        "tm:aerialace",
        "tm:airslash",
        "tm:crunch",
        "tm:defog",
        "tm:doubleedge",
        "tm:dracometeor",
        "tm:dragonclaw",
        "tm:endure",
        "tm:explosion",
        "tm:facade",
        "tm:firefang",
        "tm:flamecharge",
        "tm:flamethrower",
        "tm:flashcannon",
        "tm:gigaimpact",
        "tm:grasspledge",
        "tm:hail",
        "tm:heatwave",
        "tm:hyperbeam",
        "tm:hypervoice",
        "tm:icebeam",
        "tm:icefang",
        "tm:icywind",
        "tm:imprison",
        "tm:irondefense",
        "tm:ironhead",
        "tm:laserfocus",
        "tm:lastresort",
        "tm:magiccoat",
        "tm:metalsound",
        "tm:outrage",
        "tm:payback",
        "tm:protect",
        "tm:psychicfangs",
        "tm:raindance",
        "tm:rest",
        "tm:reversal",
        "tm:roar",
        "tm:rockslide",
        "tm:sandstorm",
        "tm:scaryface",
        "tm:selfdestruct",
        "tm:shadowball",
        "tm:shadowclaw",
        "tm:signalbeam",
        "tm:sleeptalk",
        "tm:snarl",
        "tm:steelbeam",
        "tm:steelwing",
        "tm:substitute",
        "tm:sunnyday",
        "tm:surf",
        "tm:swift",
        "tm:swordsdance",
        "tm:tailwind",
        "tm:takedown",
        "tm:terablast",
        "tm:terrainpulse",
        "tm:thunderbolt",
        "tm:thunderfang",
        "tm:thunderwave",
        "tm:triattack",
        "tm:uturn",
        "tm:workup",
        "tm:xscissor",
        "tm:zenheadbutt",
        "tutor:aerialace",
        "tutor:block",
        "tutor:defog",
        "tutor:dracometeor",
        "tutor:firefang",
        "tutor:flamethrower",
        "tutor:flashcannon",
        "tutor:gigaimpact",
        "tutor:grasspledge",
        "tutor:heatwave",
        "tutor:hyperbeam",
        "tutor:hypervoice",
        "tutor:icebeam",
        "tutor:icefang",
        "tutor:icywind",
        "tutor:irondefense",
        "tutor:ironhead",
        "tutor:laserfocus",
        "tutor:lastresort",
        "tutor:magiccoat",
        "tutor:outrage",
        "tutor:psychic",
        "tutor:rest",
        "tutor:rockslide",
        "tutor:shadowball",
        "tutor:shadowclaw",
        "tutor:signalbeam",
        "tutor:sleeptalk",
        "tutor:snarl",
        "tutor:steelbeam",
        "tutor:swift",
        "tutor:tailwind",
        "tutor:terrainpulse",
        "tutor:thunderbolt",
        "tutor:thunderfang",
        "tutor:xscissor",
        "tutor:zenheadbutt"
      ],
      "evolutions": [
      {
        "id": "silvallysteel_silvally",
        "variant": "level_up",
        "result": "silvally steel-memory=false",
        "consumeHeldItem": false,
        "learnableMoves": [],
        "requirements": [
    {
        "variant": "has_move",
        "move": "multiattack"
    }
  ]
}
],
      "battleOnly": false
    },
    {
      "name": "Fire",
      "primaryType": "fire",
      "maleRatio": -1,
      "height": 23,
      "weight": 1005,
      "pokedex": [
        "cobblemon.species.silvally-fire.desc"
      ],
      "labels": [
        "gen7",
        "legendary"
      ],
      "aspects": [
        "fire-memory"
      ],
      "moves": [
        "1:multiattack",
        "1:flamecharge",
        "1:healblock",
        "1:imprison",
        "1:ironhead",
        "1:poisonfang",
        "1:firefang",
        "1:icefang",
        "1:thunderfang",
        "1:tackle",
        "1:rage",
        "1:pursuit",
        "1:bite",
        "1:aerialace",
        "1:scaryface",
        "1:punishment",
        "1:razorwind",
        "1:explosion",
        "15:doublehit",
        "20:metalsound",
        "25:crushclaw",
        "30:airslash",
        "35:triattack",
        "40:xscissor",
        "45:crunch",
        "50:takedown",
        "55:doubleedge",
        "60:partingshot",
        "tm:aerialace",
        "tm:airslash",
        "tm:crunch",
        "tm:defog",
        "tm:doubleedge",
        "tm:dracometeor",
        "tm:dragonclaw",
        "tm:endure",
        "tm:explosion",
        "tm:facade",
        "tm:firefang",
        "tm:flamecharge",
        "tm:flamethrower",
        "tm:flashcannon",
        "tm:gigaimpact",
        "tm:grasspledge",
        "tm:hail",
        "tm:heatwave",
        "tm:hyperbeam",
        "tm:hypervoice",
        "tm:icebeam",
        "tm:icefang",
        "tm:icywind",
        "tm:imprison",
        "tm:irondefense",
        "tm:ironhead",
        "tm:laserfocus",
        "tm:lastresort",
        "tm:magiccoat",
        "tm:metalsound",
        "tm:outrage",
        "tm:payback",
        "tm:protect",
        "tm:psychicfangs",
        "tm:raindance",
        "tm:rest",
        "tm:reversal",
        "tm:roar",
        "tm:rockslide",
        "tm:sandstorm",
        "tm:scaryface",
        "tm:selfdestruct",
        "tm:shadowball",
        "tm:shadowclaw",
        "tm:signalbeam",
        "tm:sleeptalk",
        "tm:snarl",
        "tm:steelbeam",
        "tm:steelwing",
        "tm:substitute",
        "tm:sunnyday",
        "tm:surf",
        "tm:swift",
        "tm:swordsdance",
        "tm:tailwind",
        "tm:takedown",
        "tm:terablast",
        "tm:terrainpulse",
        "tm:thunderbolt",
        "tm:thunderfang",
        "tm:thunderwave",
        "tm:triattack",
        "tm:uturn",
        "tm:workup",
        "tm:xscissor",
        "tm:zenheadbutt",
        "tutor:aerialace",
        "tutor:block",
        "tutor:defog",
        "tutor:dracometeor",
        "tutor:firefang",
        "tutor:flamethrower",
        "tutor:flashcannon",
        "tutor:gigaimpact",
        "tutor:grasspledge",
        "tutor:heatwave",
        "tutor:hyperbeam",
        "tutor:hypervoice",
        "tutor:icebeam",
        "tutor:icefang",
        "tutor:icywind",
        "tutor:irondefense",
        "tutor:ironhead",
        "tutor:laserfocus",
        "tutor:lastresort",
        "tutor:magiccoat",
        "tutor:outrage",
        "tutor:psychic",
        "tutor:rest",
        "tutor:rockslide",
        "tutor:shadowball",
        "tutor:shadowclaw",
        "tutor:signalbeam",
        "tutor:sleeptalk",
        "tutor:snarl",
        "tutor:steelbeam",
        "tutor:swift",
        "tutor:tailwind",
        "tutor:terrainpulse",
        "tutor:thunderbolt",
        "tutor:thunderfang",
        "tutor:xscissor",
        "tutor:zenheadbutt"
      ],
      "evolutions": [
      {
        "id": "silvallyfire_silvally",
        "variant": "level_up",
        "result": "silvally fire-memory=false",
        "consumeHeldItem": false,
        "learnableMoves": [],
        "requirements": [
    {
        "variant": "has_move",
        "move": "multiattack"
    }
  ]
}
],
      "battleOnly": false
    },
    {
      "name": "Water",
      "primaryType": "water",
      "maleRatio": -1,
      "height": 23,
      "weight": 1005,
      "pokedex": [
        "cobblemon.species.silvally-water.desc"
      ],
      "labels": [
        "gen7",
        "legendary"
      ],
      "aspects": [
        "water-memory"
      ],
      "moves": [
        "1:multiattack",
        "1:aquatail",
        "1:healblock",
        "1:imprison",
        "1:ironhead",
        "1:poisonfang",
        "1:firefang",
        "1:icefang",
        "1:thunderfang",
        "1:tackle",
        "1:rage",
        "1:pursuit",
        "1:bite",
        "1:aerialace",
        "1:scaryface",
        "1:punishment",
        "1:razorwind",
        "1:explosion",
        "15:doublehit",
        "20:metalsound",
        "25:crushclaw",
        "30:airslash",
        "35:triattack",
        "40:xscissor",
        "45:crunch",
        "50:takedown",
        "55:doubleedge",
        "60:partingshot",
        "tm:aerialace",
        "tm:airslash",
        "tm:crunch",
        "tm:defog",
        "tm:doubleedge",
        "tm:dracometeor",
        "tm:dragonclaw",
        "tm:endure",
        "tm:explosion",
        "tm:facade",
        "tm:firefang",
        "tm:flamecharge",
        "tm:flamethrower",
        "tm:flashcannon",
        "tm:gigaimpact",
        "tm:grasspledge",
        "tm:hail",
        "tm:heatwave",
        "tm:hyperbeam",
        "tm:hypervoice",
        "tm:icebeam",
        "tm:icefang",
        "tm:icywind",
        "tm:imprison",
        "tm:irondefense",
        "tm:ironhead",
        "tm:laserfocus",
        "tm:lastresort",
        "tm:magiccoat",
        "tm:metalsound",
        "tm:outrage",
        "tm:payback",
        "tm:protect",
        "tm:psychicfangs",
        "tm:raindance",
        "tm:rest",
        "tm:reversal",
        "tm:roar",
        "tm:rockslide",
        "tm:sandstorm",
        "tm:scaryface",
        "tm:selfdestruct",
        "tm:shadowball",
        "tm:shadowclaw",
        "tm:signalbeam",
        "tm:sleeptalk",
        "tm:snarl",
        "tm:steelbeam",
        "tm:steelwing",
        "tm:substitute",
        "tm:sunnyday",
        "tm:surf",
        "tm:swift",
        "tm:swordsdance",
        "tm:tailwind",
        "tm:takedown",
        "tm:terablast",
        "tm:terrainpulse",
        "tm:thunderbolt",
        "tm:thunderfang",
        "tm:thunderwave",
        "tm:triattack",
        "tm:uturn",
        "tm:workup",
        "tm:xscissor",
        "tm:zenheadbutt",
        "tutor:aerialace",
        "tutor:block",
        "tutor:defog",
        "tutor:dracometeor",
        "tutor:firefang",
        "tutor:flamethrower",
        "tutor:flashcannon",
        "tutor:gigaimpact",
        "tutor:grasspledge",
        "tutor:heatwave",
        "tutor:hyperbeam",
        "tutor:hypervoice",
        "tutor:icebeam",
        "tutor:icefang",
        "tutor:icywind",
        "tutor:irondefense",
        "tutor:ironhead",
        "tutor:laserfocus",
        "tutor:lastresort",
        "tutor:magiccoat",
        "tutor:outrage",
        "tutor:psychic",
        "tutor:rest",
        "tutor:rockslide",
        "tutor:shadowball",
        "tutor:shadowclaw",
        "tutor:signalbeam",
        "tutor:sleeptalk",
        "tutor:snarl",
        "tutor:steelbeam",
        "tutor:swift",
        "tutor:tailwind",
        "tutor:terrainpulse",
        "tutor:thunderbolt",
        "tutor:thunderfang",
        "tutor:xscissor",
        "tutor:zenheadbutt"
      ],
      "evolutions": [
      {
        "id": "silvallywater_silvally",
        "variant": "level_up",
        "result": "silvally water-memory=false",
        "consumeHeldItem": false,
        "learnableMoves": [],
        "requirements": [
    {
        "variant": "has_move",
        "move": "multiattack"
    }
  ]
}
],
      "battleOnly": false
    },
    {
      "name": "Grass",
      "primaryType": "grass",
      "maleRatio": -1,
      "height": 23,
      "weight": 1005,
      "pokedex": [
        "cobblemon.species.silvally-grass.desc"
      ],
      "labels": [
        "gen7",
        "legendary"
      ],
      "aspects": [
        "grass-memory"
      ],
      "moves": [
        "1:multiattack",
        "1:needlearm",
        "1:healblock",
        "1:imprison",
        "1:ironhead",
        "1:poisonfang",
        "1:firefang",
        "1:icefang",
        "1:thunderfang",
        "1:tackle",
        "1:rage",
        "1:pursuit",
        "1:bite",
        "1:aerialace",
        "1:scaryface",
        "1:punishment",
        "1:razorwind",
        "1:explosion",
        "15:doublehit",
        "20:metalsound",
        "25:crushclaw",
        "30:airslash",
        "35:triattack",
        "40:xscissor",
        "45:crunch",
        "50:takedown",
        "55:doubleedge",
        "60:partingshot",
        "tm:aerialace",
        "tm:airslash",
        "tm:crunch",
        "tm:defog",
        "tm:doubleedge",
        "tm:dracometeor",
        "tm:dragonclaw",
        "tm:endure",
        "tm:explosion",
        "tm:facade",
        "tm:firefang",
        "tm:flamecharge",
        "tm:flamethrower",
        "tm:flashcannon",
        "tm:gigaimpact",
        "tm:grasspledge",
        "tm:hail",
        "tm:heatwave",
        "tm:hyperbeam",
        "tm:hypervoice",
        "tm:icebeam",
        "tm:icefang",
        "tm:icywind",
        "tm:imprison",
        "tm:irondefense",
        "tm:ironhead",
        "tm:laserfocus",
        "tm:lastresort",
        "tm:magiccoat",
        "tm:metalsound",
        "tm:outrage",
        "tm:payback",
        "tm:protect",
        "tm:psychicfangs",
        "tm:raindance",
        "tm:rest",
        "tm:reversal",
        "tm:roar",
        "tm:rockslide",
        "tm:sandstorm",
        "tm:scaryface",
        "tm:selfdestruct",
        "tm:shadowball",
        "tm:shadowclaw",
        "tm:signalbeam",
        "tm:sleeptalk",
        "tm:snarl",
        "tm:steelbeam",
        "tm:steelwing",
        "tm:substitute",
        "tm:sunnyday",
        "tm:surf",
        "tm:swift",
        "tm:swordsdance",
        "tm:tailwind",
        "tm:takedown",
        "tm:terablast",
        "tm:terrainpulse",
        "tm:thunderbolt",
        "tm:thunderfang",
        "tm:thunderwave",
        "tm:triattack",
        "tm:uturn",
        "tm:workup",
        "tm:xscissor",
        "tm:zenheadbutt",
        "tutor:aerialace",
        "tutor:block",
        "tutor:defog",
        "tutor:dracometeor",
        "tutor:firefang",
        "tutor:flamethrower",
        "tutor:flashcannon",
        "tutor:gigaimpact",
        "tutor:grasspledge",
        "tutor:heatwave",
        "tutor:hyperbeam",
        "tutor:hypervoice",
        "tutor:icebeam",
        "tutor:icefang",
        "tutor:icywind",
        "tutor:irondefense",
        "tutor:ironhead",
        "tutor:laserfocus",
        "tutor:lastresort",
        "tutor:magiccoat",
        "tutor:outrage",
        "tutor:psychic",
        "tutor:rest",
        "tutor:rockslide",
        "tutor:shadowball",
        "tutor:shadowclaw",
        "tutor:signalbeam",
        "tutor:sleeptalk",
        "tutor:snarl",
        "tutor:steelbeam",
        "tutor:swift",
        "tutor:tailwind",
        "tutor:terrainpulse",
        "tutor:thunderbolt",
        "tutor:thunderfang",
        "tutor:xscissor",
        "tutor:zenheadbutt"
      ],
      "evolutions": [
      {
        "id": "silvallygrass_silvally",
        "variant": "level_up",
        "result": "silvally grass-memory=false",
        "consumeHeldItem": false,
        "learnableMoves": [],
        "requirements": [
    {
        "variant": "has_move",
        "move": "multiattack"
    }
  ]
}
],
      "battleOnly": false
    },
    {
      "name": "Electric",
      "primaryType": "electric",
      "maleRatio": -1,
      "height": 23,
      "weight": 1005,
      "pokedex": [
        "cobblemon.species.silvally-electric.desc"
      ],
      "labels": [
        "gen7",
        "legendary"
      ],
      "aspects": [
        "electric-memory"
      ],
      "moves": [
        "1:multiattack",
        "1:discharge",
        "1:healblock",
        "1:imprison",
        "1:ironhead",
        "1:poisonfang",
        "1:firefang",
        "1:icefang",
        "1:thunderfang",
        "1:tackle",
        "1:rage",
        "1:pursuit",
        "1:bite",
        "1:aerialace",
        "1:scaryface",
        "1:punishment",
        "1:razorwind",
        "1:explosion",
        "15:doublehit",
        "20:metalsound",
        "25:crushclaw",
        "30:airslash",
        "35:triattack",
        "40:xscissor",
        "45:crunch",
        "50:takedown",
        "55:doubleedge",
        "60:partingshot",
        "tm:aerialace",
        "tm:airslash",
        "tm:crunch",
        "tm:defog",
        "tm:doubleedge",
        "tm:dracometeor",
        "tm:dragonclaw",
        "tm:endure",
        "tm:explosion",
        "tm:facade",
        "tm:firefang",
        "tm:flamecharge",
        "tm:flamethrower",
        "tm:flashcannon",
        "tm:gigaimpact",
        "tm:grasspledge",
        "tm:hail",
        "tm:heatwave",
        "tm:hyperbeam",
        "tm:hypervoice",
        "tm:icebeam",
        "tm:icefang",
        "tm:icywind",
        "tm:imprison",
        "tm:irondefense",
        "tm:ironhead",
        "tm:laserfocus",
        "tm:lastresort",
        "tm:magiccoat",
        "tm:metalsound",
        "tm:outrage",
        "tm:payback",
        "tm:protect",
        "tm:psychicfangs",
        "tm:raindance",
        "tm:rest",
        "tm:reversal",
        "tm:roar",
        "tm:rockslide",
        "tm:sandstorm",
        "tm:scaryface",
        "tm:selfdestruct",
        "tm:shadowball",
        "tm:shadowclaw",
        "tm:signalbeam",
        "tm:sleeptalk",
        "tm:snarl",
        "tm:steelbeam",
        "tm:steelwing",
        "tm:substitute",
        "tm:sunnyday",
        "tm:surf",
        "tm:swift",
        "tm:swordsdance",
        "tm:tailwind",
        "tm:takedown",
        "tm:terablast",
        "tm:terrainpulse",
        "tm:thunderbolt",
        "tm:thunderfang",
        "tm:thunderwave",
        "tm:triattack",
        "tm:uturn",
        "tm:workup",
        "tm:xscissor",
        "tm:zenheadbutt",
        "tutor:aerialace",
        "tutor:block",
        "tutor:defog",
        "tutor:dracometeor",
        "tutor:firefang",
        "tutor:flamethrower",
        "tutor:flashcannon",
        "tutor:gigaimpact",
        "tutor:grasspledge",
        "tutor:heatwave",
        "tutor:hyperbeam",
        "tutor:hypervoice",
        "tutor:icebeam",
        "tutor:icefang",
        "tutor:icywind",
        "tutor:irondefense",
        "tutor:ironhead",
        "tutor:laserfocus",
        "tutor:lastresort",
        "tutor:magiccoat",
        "tutor:outrage",
        "tutor:psychic",
        "tutor:rest",
        "tutor:rockslide",
        "tutor:shadowball",
        "tutor:shadowclaw",
        "tutor:signalbeam",
        "tutor:sleeptalk",
        "tutor:snarl",
        "tutor:steelbeam",
        "tutor:swift",
        "tutor:tailwind",
        "tutor:terrainpulse",
        "tutor:thunderbolt",
        "tutor:thunderfang",
        "tutor:xscissor",
        "tutor:zenheadbutt"
      ],
      "evolutions": [
      {
        "id": "silvallyelectric_silvally",
        "variant": "level_up",
        "result": "silvally electric-memory=false",
        "consumeHeldItem": false,
        "learnableMoves": [],
        "requirements": [
    {
        "variant": "has_move",
        "move": "multiattack"
    }
  ]
}
],
      "battleOnly": false
    },
    {
      "name": "Psychic",
      "primaryType": "psychic",
      "maleRatio": -1,
      "height": 23,
      "weight": 1005,
      "pokedex": [
        "cobblemon.species.silvally-psychic.desc"
      ],
      "labels": [
        "gen7",
        "legendary"
      ],
      "aspects": [
        "psychic-memory"
      ],
      "moves": [
        "1:multiattack",
        "1:psychicfangs",
        "1:healblock",
        "1:imprison",
        "1:ironhead",
        "1:poisonfang",
        "1:firefang",
        "1:icefang",
        "1:thunderfang",
        "1:tackle",
        "1:rage",
        "1:pursuit",
        "1:bite",
        "1:aerialace",
        "1:scaryface",
        "1:punishment",
        "1:razorwind",
        "1:explosion",
        "15:doublehit",
        "20:metalsound",
        "25:crushclaw",
        "30:airslash",
        "35:triattack",
        "40:xscissor",
        "45:crunch",
        "50:takedown",
        "55:doubleedge",
        "60:partingshot",
        "tm:aerialace",
        "tm:airslash",
        "tm:crunch",
        "tm:defog",
        "tm:doubleedge",
        "tm:dracometeor",
        "tm:dragonclaw",
        "tm:endure",
        "tm:explosion",
        "tm:facade",
        "tm:firefang",
        "tm:flamecharge",
        "tm:flamethrower",
        "tm:flashcannon",
        "tm:gigaimpact",
        "tm:grasspledge",
        "tm:hail",
        "tm:heatwave",
        "tm:hyperbeam",
        "tm:hypervoice",
        "tm:icebeam",
        "tm:icefang",
        "tm:icywind",
        "tm:imprison",
        "tm:irondefense",
        "tm:ironhead",
        "tm:laserfocus",
        "tm:lastresort",
        "tm:magiccoat",
        "tm:metalsound",
        "tm:outrage",
        "tm:payback",
        "tm:protect",
        "tm:psychicfangs",
        "tm:raindance",
        "tm:rest",
        "tm:reversal",
        "tm:roar",
        "tm:rockslide",
        "tm:sandstorm",
        "tm:scaryface",
        "tm:selfdestruct",
        "tm:shadowball",
        "tm:shadowclaw",
        "tm:signalbeam",
        "tm:sleeptalk",
        "tm:snarl",
        "tm:steelbeam",
        "tm:steelwing",
        "tm:substitute",
        "tm:sunnyday",
        "tm:surf",
        "tm:swift",
        "tm:swordsdance",
        "tm:tailwind",
        "tm:takedown",
        "tm:terablast",
        "tm:terrainpulse",
        "tm:thunderbolt",
        "tm:thunderfang",
        "tm:thunderwave",
        "tm:triattack",
        "tm:uturn",
        "tm:workup",
        "tm:xscissor",
        "tm:zenheadbutt",
        "tutor:aerialace",
        "tutor:block",
        "tutor:defog",
        "tutor:dracometeor",
        "tutor:firefang",
        "tutor:flamethrower",
        "tutor:flashcannon",
        "tutor:gigaimpact",
        "tutor:grasspledge",
        "tutor:heatwave",
        "tutor:hyperbeam",
        "tutor:hypervoice",
        "tutor:icebeam",
        "tutor:icefang",
        "tutor:icywind",
        "tutor:irondefense",
        "tutor:ironhead",
        "tutor:laserfocus",
        "tutor:lastresort",
        "tutor:magiccoat",
        "tutor:outrage",
        "tutor:psychic",
        "tutor:rest",
        "tutor:rockslide",
        "tutor:shadowball",
        "tutor:shadowclaw",
        "tutor:signalbeam",
        "tutor:sleeptalk",
        "tutor:snarl",
        "tutor:steelbeam",
        "tutor:swift",
        "tutor:tailwind",
        "tutor:terrainpulse",
        "tutor:thunderbolt",
        "tutor:thunderfang",
        "tutor:xscissor",
        "tutor:zenheadbutt"
      ],
      "evolutions": [
      {
        "id": "silvallypsychic_silvally",
        "variant": "level_up",
        "result": "silvally psychic-memory=false",
        "consumeHeldItem": false,
        "learnableMoves": [],
        "requirements": [
    {
        "variant": "has_move",
        "move": "multiattack"
    }
  ]
}
],
      "battleOnly": false
    },
    {
      "name": "Ice",
      "primaryType": "ice",
      "maleRatio": -1,
      "height": 23,
      "weight": 1005,
      "pokedex": [
        "cobblemon.species.silvally-ice.desc"
      ],
      "labels": [
        "gen7",
        "legendary"
      ],
      "aspects": [
        "ice-memory"
      ],
      "moves": [
        "1:multiattack",
        "1:freezedry",
        "1:healblock",
        "1:imprison",
        "1:ironhead",
        "1:poisonfang",
        "1:firefang",
        "1:icefang",
        "1:thunderfang",
        "1:tackle",
        "1:rage",
        "1:pursuit",
        "1:bite",
        "1:aerialace",
        "1:scaryface",
        "1:punishment",
        "1:razorwind",
        "1:explosion",
        "15:doublehit",
        "20:metalsound",
        "25:crushclaw",
        "30:airslash",
        "35:triattack",
        "40:xscissor",
        "45:crunch",
        "50:takedown",
        "55:doubleedge",
        "60:partingshot",
        "tm:aerialace",
        "tm:airslash",
        "tm:crunch",
        "tm:defog",
        "tm:doubleedge",
        "tm:dracometeor",
        "tm:dragonclaw",
        "tm:endure",
        "tm:explosion",
        "tm:facade",
        "tm:firefang",
        "tm:flamecharge",
        "tm:flamethrower",
        "tm:flashcannon",
        "tm:gigaimpact",
        "tm:grasspledge",
        "tm:hail",
        "tm:heatwave",
        "tm:hyperbeam",
        "tm:hypervoice",
        "tm:icebeam",
        "tm:icefang",
        "tm:icywind",
        "tm:imprison",
        "tm:irondefense",
        "tm:ironhead",
        "tm:laserfocus",
        "tm:lastresort",
        "tm:magiccoat",
        "tm:metalsound",
        "tm:outrage",
        "tm:payback",
        "tm:protect",
        "tm:psychicfangs",
        "tm:raindance",
        "tm:rest",
        "tm:reversal",
        "tm:roar",
        "tm:rockslide",
        "tm:sandstorm",
        "tm:scaryface",
        "tm:selfdestruct",
        "tm:shadowball",
        "tm:shadowclaw",
        "tm:signalbeam",
        "tm:sleeptalk",
        "tm:snarl",
        "tm:steelbeam",
        "tm:steelwing",
        "tm:substitute",
        "tm:sunnyday",
        "tm:surf",
        "tm:swift",
        "tm:swordsdance",
        "tm:tailwind",
        "tm:takedown",
        "tm:terablast",
        "tm:terrainpulse",
        "tm:thunderbolt",
        "tm:thunderfang",
        "tm:thunderwave",
        "tm:triattack",
        "tm:uturn",
        "tm:workup",
        "tm:xscissor",
        "tm:zenheadbutt",
        "tutor:aerialace",
        "tutor:block",
        "tutor:defog",
        "tutor:dracometeor",
        "tutor:firefang",
        "tutor:flamethrower",
        "tutor:flashcannon",
        "tutor:gigaimpact",
        "tutor:grasspledge",
        "tutor:heatwave",
        "tutor:hyperbeam",
        "tutor:hypervoice",
        "tutor:icebeam",
        "tutor:icefang",
        "tutor:icywind",
        "tutor:irondefense",
        "tutor:ironhead",
        "tutor:laserfocus",
        "tutor:lastresort",
        "tutor:magiccoat",
        "tutor:outrage",
        "tutor:psychic",
        "tutor:rest",
        "tutor:rockslide",
        "tutor:shadowball",
        "tutor:shadowclaw",
        "tutor:signalbeam",
        "tutor:sleeptalk",
        "tutor:snarl",
        "tutor:steelbeam",
        "tutor:swift",
        "tutor:tailwind",
        "tutor:terrainpulse",
        "tutor:thunderbolt",
        "tutor:thunderfang",
        "tutor:xscissor",
        "tutor:zenheadbutt"
      ],
      "evolutions": [
      {
        "id": "silvallyice_silvally",
        "variant": "level_up",
        "result": "silvally ice-memory=false",
        "consumeHeldItem": false,
        "learnableMoves": [],
        "requirements": [
    {
        "variant": "has_move",
        "move": "multiattack"
    }
  ]
}
],
      "battleOnly": false
    },
    {
      "name": "Dragon",
      "primaryType": "dragon",
      "maleRatio": -1,
      "height": 23,
      "weight": 1005,
      "pokedex": [
        "cobblemon.species.silvally-dragon.desc"
      ],
      "labels": [
        "gen7",
        "legendary"
      ],
      "aspects": [
        "dragon-memory"
      ],
      "moves": [
        "1:multiattack",
        "1:dragonclaw",
        "1:healblock",
        "1:imprison",
        "1:ironhead",
        "1:poisonfang",
        "1:firefang",
        "1:icefang",
        "1:thunderfang",
        "1:tackle",
        "1:rage",
        "1:pursuit",
        "1:bite",
        "1:aerialace",
        "1:scaryface",
        "1:punishment",
        "1:razorwind",
        "1:explosion",
        "15:doublehit",
        "20:metalsound",
        "25:crushclaw",
        "30:airslash",
        "35:triattack",
        "40:xscissor",
        "45:crunch",
        "50:takedown",
        "55:doubleedge",
        "60:partingshot",
        "tm:aerialace",
        "tm:airslash",
        "tm:crunch",
        "tm:defog",
        "tm:doubleedge",
        "tm:dracometeor",
        "tm:dragonclaw",
        "tm:endure",
        "tm:explosion",
        "tm:facade",
        "tm:firefang",
        "tm:flamecharge",
        "tm:flamethrower",
        "tm:flashcannon",
        "tm:gigaimpact",
        "tm:grasspledge",
        "tm:hail",
        "tm:heatwave",
        "tm:hyperbeam",
        "tm:hypervoice",
        "tm:icebeam",
        "tm:icefang",
        "tm:icywind",
        "tm:imprison",
        "tm:irondefense",
        "tm:ironhead",
        "tm:laserfocus",
        "tm:lastresort",
        "tm:magiccoat",
        "tm:metalsound",
        "tm:outrage",
        "tm:payback",
        "tm:protect",
        "tm:psychicfangs",
        "tm:raindance",
        "tm:rest",
        "tm:reversal",
        "tm:roar",
        "tm:rockslide",
        "tm:sandstorm",
        "tm:scaryface",
        "tm:selfdestruct",
        "tm:shadowball",
        "tm:shadowclaw",
        "tm:signalbeam",
        "tm:sleeptalk",
        "tm:snarl",
        "tm:steelbeam",
        "tm:steelwing",
        "tm:substitute",
        "tm:sunnyday",
        "tm:surf",
        "tm:swift",
        "tm:swordsdance",
        "tm:tailwind",
        "tm:takedown",
        "tm:terablast",
        "tm:terrainpulse",
        "tm:thunderbolt",
        "tm:thunderfang",
        "tm:thunderwave",
        "tm:triattack",
        "tm:uturn",
        "tm:workup",
        "tm:xscissor",
        "tm:zenheadbutt",
        "tutor:aerialace",
        "tutor:block",
        "tutor:defog",
        "tutor:dracometeor",
        "tutor:firefang",
        "tutor:flamethrower",
        "tutor:flashcannon",
        "tutor:gigaimpact",
        "tutor:grasspledge",
        "tutor:heatwave",
        "tutor:hyperbeam",
        "tutor:hypervoice",
        "tutor:icebeam",
        "tutor:icefang",
        "tutor:icywind",
        "tutor:irondefense",
        "tutor:ironhead",
        "tutor:laserfocus",
        "tutor:lastresort",
        "tutor:magiccoat",
        "tutor:outrage",
        "tutor:psychic",
        "tutor:rest",
        "tutor:rockslide",
        "tutor:shadowball",
        "tutor:shadowclaw",
        "tutor:signalbeam",
        "tutor:sleeptalk",
        "tutor:snarl",
        "tutor:steelbeam",
        "tutor:swift",
        "tutor:tailwind",
        "tutor:terrainpulse",
        "tutor:thunderbolt",
        "tutor:thunderfang",
        "tutor:xscissor",
        "tutor:zenheadbutt"
      ],
      "evolutions": [
      {
        "id": "silvallydragon_silvally",
        "variant": "level_up",
        "result": "silvally dragon-memory=false",
        "consumeHeldItem": false,
        "learnableMoves": [],
        "requirements": [
    {
        "variant": "has_move",
        "move": "multiattack"
    }
  ]
}
],
      "battleOnly": false
    },
    {
      "name": "Dark",
      "primaryType": "dark",
      "maleRatio": -1,
      "height": 23,
      "weight": 1005,
      "pokedex": [
        "cobblemon.species.silvally-dark.desc"
      ],
      "labels": [
        "gen7",
        "legendary"
      ],
      "aspects": [
        "dark-memory"
      ],
      "moves": [
        "1:multiattack",
        "1:nightslash",
        "1:healblock",
        "1:imprison",
        "1:ironhead",
        "1:poisonfang",
        "1:firefang",
        "1:icefang",
        "1:thunderfang",
        "1:tackle",
        "1:rage",
        "1:pursuit",
        "1:bite",
        "1:aerialace",
        "1:scaryface",
        "1:punishment",
        "1:razorwind",
        "1:explosion",
        "15:doublehit",
        "20:metalsound",
        "25:crushclaw",
        "30:airslash",
        "35:triattack",
        "40:xscissor",
        "45:crunch",
        "50:takedown",
        "55:doubleedge",
        "60:partingshot",
        "tm:aerialace",
        "tm:airslash",
        "tm:crunch",
        "tm:defog",
        "tm:doubleedge",
        "tm:dracometeor",
        "tm:dragonclaw",
        "tm:endure",
        "tm:explosion",
        "tm:facade",
        "tm:firefang",
        "tm:flamecharge",
        "tm:flamethrower",
        "tm:flashcannon",
        "tm:gigaimpact",
        "tm:grasspledge",
        "tm:hail",
        "tm:heatwave",
        "tm:hyperbeam",
        "tm:hypervoice",
        "tm:icebeam",
        "tm:icefang",
        "tm:icywind",
        "tm:imprison",
        "tm:irondefense",
        "tm:ironhead",
        "tm:laserfocus",
        "tm:lastresort",
        "tm:magiccoat",
        "tm:metalsound",
        "tm:outrage",
        "tm:payback",
        "tm:protect",
        "tm:psychicfangs",
        "tm:raindance",
        "tm:rest",
        "tm:reversal",
        "tm:roar",
        "tm:rockslide",
        "tm:sandstorm",
        "tm:scaryface",
        "tm:selfdestruct",
        "tm:shadowball",
        "tm:shadowclaw",
        "tm:signalbeam",
        "tm:sleeptalk",
        "tm:snarl",
        "tm:steelbeam",
        "tm:steelwing",
        "tm:substitute",
        "tm:sunnyday",
        "tm:surf",
        "tm:swift",
        "tm:swordsdance",
        "tm:tailwind",
        "tm:takedown",
        "tm:terablast",
        "tm:terrainpulse",
        "tm:thunderbolt",
        "tm:thunderfang",
        "tm:thunderwave",
        "tm:triattack",
        "tm:uturn",
        "tm:workup",
        "tm:xscissor",
        "tm:zenheadbutt",
        "tutor:aerialace",
        "tutor:block",
        "tutor:defog",
        "tutor:dracometeor",
        "tutor:firefang",
        "tutor:flamethrower",
        "tutor:flashcannon",
        "tutor:gigaimpact",
        "tutor:grasspledge",
        "tutor:heatwave",
        "tutor:hyperbeam",
        "tutor:hypervoice",
        "tutor:icebeam",
        "tutor:icefang",
        "tutor:icywind",
        "tutor:irondefense",
        "tutor:ironhead",
        "tutor:laserfocus",
        "tutor:lastresort",
        "tutor:magiccoat",
        "tutor:outrage",
        "tutor:psychic",
        "tutor:rest",
        "tutor:rockslide",
        "tutor:shadowball",
        "tutor:shadowclaw",
        "tutor:signalbeam",
        "tutor:sleeptalk",
        "tutor:snarl",
        "tutor:steelbeam",
        "tutor:swift",
        "tutor:tailwind",
        "tutor:terrainpulse",
        "tutor:thunderbolt",
        "tutor:thunderfang",
        "tutor:xscissor",
        "tutor:zenheadbutt"
      ],
      "evolutions": [
      {
        "id": "silvallydark_silvally",
        "variant": "level_up",
        "result": "silvally dark-memory=false",
        "consumeHeldItem": false,
        "learnableMoves": [],
        "requirements": [
    {
        "variant": "has_move",
        "move": "multiattack"
    }
  ]
}
],
      "battleOnly": false
    },
    {
      "name": "Fairy",
      "primaryType": "fairy",
      "maleRatio": -1,
      "height": 23,
      "weight": 1005,
      "pokedex": [
        "cobblemon.species.silvally-fairy.desc"
      ],
      "labels": [
        "gen7",
        "legendary"
      ],
      "aspects": [
        "fairy-memory"
      ],
      "moves": [
        "1:multiattack",
        "1:spiritbreak",
        "1:healblock",
        "1:imprison",
        "1:ironhead",
        "1:poisonfang",
        "1:firefang",
        "1:icefang",
        "1:thunderfang",
        "1:tackle",
        "1:rage",
        "1:pursuit",
        "1:bite",
        "1:aerialace",
        "1:scaryface",
        "1:punishment",
        "1:razorwind",
        "1:explosion",
        "15:doublehit",
        "20:metalsound",
        "25:crushclaw",
        "30:airslash",
        "35:triattack",
        "40:xscissor",
        "45:crunch",
        "50:takedown",
        "55:doubleedge",
        "60:partingshot",
        "tm:aerialace",
        "tm:airslash",
        "tm:crunch",
        "tm:defog",
        "tm:doubleedge",
        "tm:dracometeor",
        "tm:dragonclaw",
        "tm:endure",
        "tm:explosion",
        "tm:facade",
        "tm:firefang",
        "tm:flamecharge",
        "tm:flamethrower",
        "tm:flashcannon",
        "tm:gigaimpact",
        "tm:grasspledge",
        "tm:hail",
        "tm:heatwave",
        "tm:hyperbeam",
        "tm:hypervoice",
        "tm:icebeam",
        "tm:icefang",
        "tm:icywind",
        "tm:imprison",
        "tm:irondefense",
        "tm:ironhead",
        "tm:laserfocus",
        "tm:lastresort",
        "tm:magiccoat",
        "tm:metalsound",
        "tm:outrage",
        "tm:payback",
        "tm:protect",
        "tm:psychicfangs",
        "tm:raindance",
        "tm:rest",
        "tm:reversal",
        "tm:roar",
        "tm:rockslide",
        "tm:sandstorm",
        "tm:scaryface",
        "tm:selfdestruct",
        "tm:shadowball",
        "tm:shadowclaw",
        "tm:signalbeam",
        "tm:sleeptalk",
        "tm:snarl",
        "tm:steelbeam",
        "tm:steelwing",
        "tm:substitute",
        "tm:sunnyday",
        "tm:surf",
        "tm:swift",
        "tm:swordsdance",
        "tm:tailwind",
        "tm:takedown",
        "tm:terablast",
        "tm:terrainpulse",
        "tm:thunderbolt",
        "tm:thunderfang",
        "tm:thunderwave",
        "tm:triattack",
        "tm:uturn",
        "tm:workup",
        "tm:xscissor",
        "tm:zenheadbutt",
        "tutor:aerialace",
        "tutor:block",
        "tutor:defog",
        "tutor:dracometeor",
        "tutor:firefang",
        "tutor:flamethrower",
        "tutor:flashcannon",
        "tutor:gigaimpact",
        "tutor:grasspledge",
        "tutor:heatwave",
        "tutor:hyperbeam",
        "tutor:hypervoice",
        "tutor:icebeam",
        "tutor:icefang",
        "tutor:icywind",
        "tutor:irondefense",
        "tutor:ironhead",
        "tutor:laserfocus",
        "tutor:lastresort",
        "tutor:magiccoat",
        "tutor:outrage",
        "tutor:psychic",
        "tutor:rest",
        "tutor:rockslide",
        "tutor:shadowball",
        "tutor:shadowclaw",
        "tutor:signalbeam",
        "tutor:sleeptalk",
        "tutor:snarl",
        "tutor:steelbeam",
        "tutor:swift",
        "tutor:tailwind",
        "tutor:terrainpulse",
        "tutor:thunderbolt",
        "tutor:thunderfang",
        "tutor:xscissor",
        "tutor:zenheadbutt"
      ],
      "evolutions": [
      {
        "id": "silvallyfairy_silvally",
        "variant": "level_up",
        "result": "silvally fairy-memory=false",
        "consumeHeldItem": false,
        "learnableMoves": [],
        "requirements": [
    {
        "variant": "has_move",
        "move": "multiattack"
    }
  ]
}
],
      "battleOnly": false
    }
  ]
}