{
  "implemented": true,
  "nationalPokedexNumber": 772,
  "name": "Type: Null",
  "primaryType": "normal",
  "maleRatio": -1,
  "height": 19,
  "weight": 1205,
  "pokedex": [
    "cobblemon.species.typenull.desc"
  ],
  "labels": [
    "gen7",
    "legendary"
  ],
  "aspects": [],
  "abilities": [
    "battlearmor",
    "h:battlearmor"
  ],
    "drops": {
      "amount": 2,
      "entries": [
        {
          "item": "minecraft:netherite_scrap"
        }
      ]
    },
  "eggGroups": [
    "undiscovered"
  ],
 "behaviour": {
     "resting": {
       "canSleep": true,
       "willSleepOnBed": true,
       "depth": "normal",
       "light": "0-4"
   },
     "moving": {
      "walk": {
        "walkSpeed": 0.45
      }
    }
 },
  "baseStats": {
    "hp": 95,
    "attack": 95,
    "defence": 95,
    "special_attack": 95,
    "special_defence": 95,
    "speed": 59
  },
  "evYield": {
    "hp": 2,
    "attack": 0,
    "defence": 0,
    "special_attack": 0,
    "special_defence": 0,
    "speed": 0
  },
  "baseExperienceYield": 107,
  "experienceGroup": "slow",
  "catchRate": 3,
  "eggCycles": 120,
  "baseFriendship": 0,
  "baseScale": 1.2,
  "hitbox": {
    "width": .7,
    "height": 1.75,
    "fixed": false
  },
  "moves": [
    "1:tackle",
    "1:rage",
    "1:pursuit",
    "1:imprison",
    "5:aerialace",
    "10:scaryface",
    "15:doublehit",
    "20:metalsound",
    "25:crushclaw",
    "30:airslash",
    "35:triattack",
    "40:xscissor",
    "45:ironhead",
    "50:takedown",
    "55:doubleedge",
    "egg:healblock",
    "egg:punishment",
    "egg:razorwind",
    "tm:aerialace",
    "tm:airslash",
    "tm:doubleedge",
    "tm:dragonclaw",
    "tm:endure",
    "tm:facade",
    "tm:flamecharge",
    "tm:gigaimpact",
    "tm:hail",
    "tm:hyperbeam",
    "tm:icywind",
    "tm:imprison",
    "tm:irondefense",
    "tm:ironhead",
    "tm:lastresort",
    "tm:magiccoat",
    "tm:metalsound",
    "tm:payback",
    "tm:protect",
    "tm:raindance",
    "tm:rest",
    "tm:roar",
    "tm:rockslide",
    "tm:sandstorm",
    "tm:scaryface",
    "tm:shadowclaw",
    "tm:signalbeam",
    "tm:sleeptalk",
    "tm:substitute",
    "tm:sunnyday",
    "tm:swift",
    "tm:swordsdance",
    "tm:takedown",
    "tm:terablast",
    "tm:terrainpulse",
    "tm:thunderwave",
    "tm:triattack",
    "tm:uturn",
    "tm:workup",
    "tm:xscissor",
    "tutor:aerialace",
    "tutor:block",
    "tutor:gigaimpact",
    "tutor:hyperbeam",
    "tutor:icywind",
    "tutor:irondefense",
    "tutor:ironhead",
    "tutor:lastresort",
    "tutor:magiccoat",
    "tutor:rest",
    "tutor:rockslide",
    "tutor:shadowclaw",
    "tutor:signalbeam",
    "tutor:sleeptalk",
    "tutor:swift",
    "tutor:terrainpulse",
    "tutor:xscissor"
  ],
  "evolutions": [
    {
      "id": "typenull_silvally",
      "variant": "level_up",
      "result": "silvally",
      "consumeHeldItem": false,
      "learnableMoves": [
        "multiattack"
      ],
      "requirements": [
        {
          "variant": "friendship",
          "amount": 160
        }
      ]
    }
  ]
}
