{
	"format_version": "1.12.0",
	"minecraft:geometry": [
		{
			"description": {
				"identifier": "geometry.krillcracker",
				"texture_width": 64,
				"texture_height": 64,
				"visible_bounds_width": 4,
				"visible_bounds_height": 3.5,
				"visible_bounds_offset": [0, 1.25, 0]
			},
			"bones": [
				{
					"name": "krillcracker",
					"pivot": [0, 0, 0]
				},
				{
					"name": "body",
					"parent": "krillcracker",
					"pivot": [0, 3.75, -0.75],
					"rotation": [90, 0, 0]
				},
				{
					"name": "torso",
					"parent": "body",
					"pivot": [-0.01006, 1.74963, -0.25]
				},
				{
					"name": "segment1",
					"parent": "torso",
					"pivot": [-0.01006, 1.74963, -0.25]
				},
				{
					"name": "segment2",
					"parent": "segment1",
					"pivot": [-0.01006, 1.74963, -0.25],
					"cubes": [
						{"origin": [-2.5, 0.75, -2.75], "size": [5, 3, 5], "inflate": 0.02, "uv": [0, 0]},
						{"origin": [-2.5, 3.75, -2.75], "size": [5, 1, 5], "inflate": 0.02, "uv": [0, 0]},
						{"origin": [-0.38756, -0.81434, 1.25], "size": [2, 2, 1], "inflate": 0.001, "pivot": [-0.01256, 0.81066, -0.25], "rotation": [90, -45, -89.99999], "uv": [33, 0]},
						{"origin": [-1.63756, 0.43566, 1.25], "size": [2, 2, 1], "pivot": [-0.01256, 0.81066, -0.25], "rotation": [90, -45, -89.99999], "uv": [11, 32]},
						{"origin": [-1.25, -0.75, 1.25], "size": [2, 2, 1], "pivot": [-1.25, -0.25, -1.75], "rotation": [0, 0, -45], "uv": [23, 33]},
						{"origin": [0, -2, 1.25], "size": [2, 2, 1], "inflate": 0.001, "pivot": [-1.25, -0.25, -1.75], "rotation": [0, 0, -45], "uv": [17, 33]},
						{"origin": [-0.38756, -0.81434, -2.75], "size": [2, 2, 1], "inflate": 0.001, "pivot": [-0.01256, 0.81066, -0.25], "rotation": [90, -45, -89.99999], "uv": [0, 32]},
						{"origin": [-1.63756, 0.43566, -2.75], "size": [2, 2, 1], "pivot": [-0.01256, 0.81066, -0.25], "rotation": [90, -45, -89.99999], "uv": [32, 6]},
						{"origin": [0, -2, -2.75], "size": [2, 2, 1], "inflate": 0.001, "pivot": [-1.25, -0.25, -1.75], "rotation": [0, 0, -45], "uv": [5, 34]},
						{"origin": [-1.25, -0.75, -2.75], "size": [2, 2, 1], "pivot": [-1.25, -0.25, -1.75], "rotation": [0, 0, -45], "uv": [34, 30]}
					]
				},
				{
					"name": "segment3",
					"parent": "segment2",
					"pivot": [-0.01006, 1.74963, -0.25],
					"cubes": [
						{"origin": [-2, -1.25, -2.25], "size": [4, 2, 4], "inflate": 0.02, "uv": [16, 4]},
						{"origin": [-1.01256, -2.13388, -2.25], "size": [2, 2, 1], "pivot": [-0.01256, -1.13388, -0.25], "rotation": [90, -45, -90], "uv": [34, 3]},
						{"origin": [-1.01256, -2.13388, 0.75], "size": [2, 2, 1], "pivot": [-0.01256, -1.13388, -0.25], "rotation": [90, -45, -90], "uv": [29, 33]},
						{"origin": [-2, -2.75, 0.75], "size": [2, 2, 1], "pivot": [-1.25, -0.25, -1.75], "rotation": [0, 0, -45], "uv": [28, 30]},
						{"origin": [-2, -2.75, -2.25], "size": [2, 2, 1], "pivot": [-1.25, -0.25, -1.75], "rotation": [0, 0, -45], "uv": [15, 0]}
					]
				},
				{
					"name": "fuse_tail",
					"parent": "segment3",
					"pivot": [0, -0.25, -0.75],
					"cubes": [
						{"origin": [-0.5, -4, -0.75], "size": [1, 3, 1], "uv": [0, 0]}
					]
				},
				{
					"name": "head",
					"parent": "segment1",
					"pivot": [0, 3.75, -0.75],
					"cubes": [
						{"origin": [-3.5, 3.75, -3.75], "size": [7, 6, 7], "inflate": 0.02, "uv": [17, 17]},
						{"origin": [-1.01256, 2.81586, 2.24], "size": [2, 2, 1], "inflate": 0.01, "pivot": [-0.01256, 3.81586, -0.25], "rotation": [90, -45, -90], "uv": [24, 10]},
						{"origin": [-2.26256, 4.06586, 1.99], "size": [2, 2, 1], "pivot": [-0.01256, 3.81586, -0.5], "rotation": [90, -45, -90], "uv": [21, 0]},
						{"origin": [0.23744, 1.56586, 2.49], "size": [2, 2, 1], "pivot": [-0.01256, 3.81586, 0], "rotation": [90, -45, -90], "uv": [24, 13]},
						{"origin": [0, 2, 2.25], "size": [2, 2, 1], "pivot": [-1.5, -0.25, -1.75], "rotation": [0, 0, -45], "uv": [0, 29]},
						{"origin": [1.5, 0.75, 2.25], "size": [2, 2, 1], "inflate": 0.001, "pivot": [-1.25, -0.25, -1.75], "rotation": [0, 0, -45], "uv": [6, 30]},
						{"origin": [3, -0.5, 2.25], "size": [2, 2, 1], "pivot": [-1, -0.25, -1.75], "rotation": [0, 0, -45], "uv": [30, 10]},
						{"origin": [0.23744, 1.56586, -3.5], "size": [2, 2, 1], "pivot": [-0.01256, 3.81586, 0], "rotation": [90, -45, -90], "uv": [27, 0]},
						{"origin": [-1.01256, 2.81586, -3.75], "size": [2, 2, 1], "inflate": 0.01, "pivot": [-0.01256, 3.81586, -0.25], "rotation": [90, -45, -90], "uv": [28, 3]},
						{"origin": [-2.26256, 4.06586, -4], "size": [2, 2, 1], "pivot": [-0.01256, 3.81586, -0.5], "rotation": [90, -45, -90], "uv": [11, 28]},
						{"origin": [3, -0.5, -3.75], "size": [2, 2, 1], "pivot": [-1, -0.25, -1.75], "rotation": [0, 0, -45], "uv": [30, 13]},
						{"origin": [1.5, 0.75, -3.75], "size": [2, 2, 1], "inflate": 0.001, "pivot": [-1.25, -0.25, -1.75], "rotation": [0, 0, -45], "uv": [22, 30]},
						{"origin": [0, 2, -3.75], "size": [2, 2, 1], "pivot": [-1.5, -0.25, -1.75], "rotation": [0, 0, -45], "uv": [16, 30]}
					]
				},
				{
					"name": "eyes",
					"parent": "head",
					"pivot": [0, 9, -0.5],
					"rotation": [-90, 0, 0],
					"cubes": [
						{"origin": [-3.5, 8, -1.25], "size": [2, 2, 2], "inflate": 0.03, "uv": [0, 8]},
						{"origin": [-2.75, 8.5, -1.25], "size": [1, 1, 1], "inflate": 0.04, "uv": [12, 24]},
						{"origin": [1.5, 8, -1.25], "size": [2, 2, 2], "inflate": 0.03, "uv": [8, 8]},
						{"origin": [1.75, 8.5, -1.25], "size": [1, 1, 1], "inflate": 0.04, "uv": [12, 26]}
					]
				},
				{
					"name": "whiskers",
					"parent": "head",
					"pivot": [0, 6.25, -1.5],
					"rotation": [-90, 0, 0]
				},
				{
					"name": "whisker_right",
					"parent": "whiskers",
					"pivot": [0, 6.25, -1.5],
					"cubes": [
						{"origin": [-4, 0.75, 3.25], "size": [0, 5, 6], "pivot": [-0.25, -3.25, -0.75], "rotation": [37.5, -25, 0], "uv": [0, 18]}
					]
				},
				{
					"name": "whisker_left",
					"parent": "whiskers",
					"pivot": [0, 6.25, -1.5],
					"cubes": [
						{"origin": [4, 0.75, 3.25], "size": [0, 5, 6], "pivot": [-0.25, -3.25, -0.75], "rotation": [37.5, 25, 0], "uv": [0, 18]}
					]
				},
				{
					"name": "jaw",
					"parent": "head",
					"pivot": [-0.25, -6.25, -0.75]
				},
				{
					"name": "fuse",
					"parent": "head",
					"pivot": [0, 5.75, 3.25],
					"rotation": [-25, 0, 0],
					"cubes": [
						{"origin": [0, 6.75, -3.75], "size": [0, 12, 12], "pivot": [0, 6.75, 3.25], "rotation": [-90, 0, 0], "uv": [0, 0]}
					]
				},
				{
					"name": "legs",
					"parent": "body",
					"pivot": [-0.25, -6.25, -0.75]
				},
				{
					"name": "front_left_leg",
					"parent": "legs",
					"pivot": [2, 2, -0.5],
					"cubes": [
						{"origin": [2, 1.25, -4.5], "size": [0, 1, 2], "inflate": 0.015, "uv": [0, 2]},
						{"origin": [2, 0.25, -4.5], "size": [0, 1, 1], "inflate": 0.01, "uv": [6, 8]}
					]
				},
				{
					"name": "front_right_leg",
					"parent": "legs",
					"pivot": [-2, 2, -0.5],
					"cubes": [
						{"origin": [-2, 1.25, -4.5], "size": [0, 1, 2], "inflate": 0.015, "uv": [6, 6]},
						{"origin": [-2, 0.25, -4.5], "size": [0, 1, 1], "inflate": 0.01, "uv": [8, 8]}
					]
				},
				{
					"name": "back_left_leg",
					"parent": "legs",
					"pivot": [1.5, 0, -0.5],
					"cubes": [
						{"origin": [1.5, -1, -4.5], "size": [0, 1, 3], "inflate": 0.015, "uv": [15, 0]},
						{"origin": [1.5, -2, -4.5], "size": [0, 1, 1], "inflate": 0.01, "uv": [0, 7]}
					]
				},
				{
					"name": "back_right_leg",
					"parent": "legs",
					"pivot": [-1.5, 0, -0.5],
					"cubes": [
						{"origin": [-1.5, -1, -4.5], "size": [0, 1, 3], "inflate": 0.015, "uv": [16, 7]},
						{"origin": [-1.5, -2, -4.5], "size": [0, 1, 1], "inflate": 0.01, "uv": [0, 8]}
					]
				}
			]
		}
	]
}