{
	"format_version": "1.8.0",
	"animations": {
		"animation.dokon.ground_idle": {
			"loop": true,
			"animation_length": 4.8,
			"bones": {
				"head": {
					"rotation": {
						"0.0": [0, 0, 0],
						"1.2": [5, 0, 5],
						"2.4": [0, 0, 0],
						"3.6": [5, 0, -5],
						"4.8": [0, 0, 0]
					},
					"scale": {
						"0.0": [1, 1, 1],
						"1.2": [1, 0.9, 1],
						"2.4": [1, 1, 1],
						"3.6": [1, 0.9, 1],
						"4.8": [1, 1, 1]
					}
				}
			}
		},
		"animation.dokon.ground_walk": {
			"loop": true,
			"animation_length": 1.92,
			"bones": {
				"head": {
					"rotation": {
						"0.0": [15, 0, 0],
						"0.48": [15.12353, 7.24305, 1.95155],
						"0.96": [15, 0, 0],
						"1.44": [15.12353, -7.24305, -1.95155],
						"1.92": [15, 0, 0]
					}
				},
				"arm": {
					"rotation": {
						"0.0": [0, 0, 0],
						"0.48": [22.5, 0, 0],
						"0.96": [0, 0, 0],
						"1.44": [-22.5, 0, 0],
						"1.92": [0, 0, 0]
					}
				},
				"arm2": {
					"rotation": {
						"0.0": [0, 0, 0],
						"0.48": [-22.5, 0, 0],
						"0.96": [0, 0, 0],
						"1.44": [22.5, 0, 0],
						"1.92": [0, 0, 0]
					}
				},
				"leg": {
					"rotation": {
						"0.0": [0, 0, 0],
						"0.48": [22.5, 0, 0],
						"0.96": [0, 0, 0],
						"1.44": [-22.5, 0, 0],
						"1.92": [0, 0, 0]
					}
				},
				"leg2": {
					"rotation": {
						"0.0": [0, 0, 0],
						"0.48": [-22.5, 0, 0],
						"0.96": [0, 0, 0],
						"1.44": [22.5, 0, 0],
						"1.92": [0, 0, 0]
					}
				},
				"tail": {
					"rotation": {
						"0.0": [-25, 0, 0],
						"0.48": [-25.18908, -6.79382, 3.18458],
						"0.96": [-25, 0, 0],
						"1.44": [-25.18908, 6.79382, -3.18458],
						"1.92": [-25, 0, 0]
					}
				}
			}
		}
	}
}