{
	"format_version": "1.12.0",
	"minecraft:geometry": [
		{
			"description": {
				"identifier": "geometry.bibimin",
				"texture_width": 64,
				"texture_height": 64,
				"visible_bounds_width": 4,
				"visible_bounds_height": 2.5,
				"visible_bounds_offset": [0, 0.75, 0]
			},
			"bones": [
				{
					"name": "bibimin",
					"pivot": [0, 0, 0]
				},
				{
					"name": "head",
					"parent": "bibimin",
					"pivot": [0, 10, 0],
					"cubes": [
						{"origin": [-4, 10, -4], "size": [8, 8, 8], "uv": [0, 0]}
					]
				},
				{
					"name": "arm2",
					"parent": "bibimin",
					"pivot": [-3.5, 8, 0],
					"cubes": [
						{"origin": [-9, 6, -2], "size": [7, 4, 4], "uv": [2, 20], "mirror": true}
					]
				},
				{
					"name": "bone3",
					"parent": "arm2",
					"pivot": [-9, 8, 0],
					"cubes": [
						{"origin": [-16, 6, -2], "size": [7, 4, 4], "inflate": 0.01, "uv": [2, 33], "mirror": true}
					]
				},
				{
					"name": "arm",
					"parent": "bibimin",
					"pivot": [3.5, 8, 0],
					"cubes": [
						{"origin": [2, 6, -2], "size": [7, 4, 4], "uv": [2, 20]}
					]
				},
				{
					"name": "bone",
					"parent": "arm",
					"pivot": [9, 8, 0],
					"cubes": [
						{"origin": [9, 6, -2], "size": [7, 4, 4], "inflate": 0.01, "uv": [2, 33]}
					]
				},
				{
					"name": "leg2",
					"parent": "bibimin",
					"pivot": [-1.95, 4, 0],
					"cubes": [
						{"origin": [-3.45, 0, -1.5], "size": [3, 4, 3], "uv": [33, 22], "mirror": true}
					]
				},
				{
					"name": "leg",
					"parent": "bibimin",
					"pivot": [1.95, 4, 0],
					"cubes": [
						{"origin": [0.45, 0, -1.5], "size": [3, 4, 3], "uv": [33, 22]}
					]
				},
				{
					"name": "bone2",
					"parent": "bibimin",
					"pivot": [0, 7, 0],
					"cubes": [
						{"origin": [-3.5, 4, -3], "size": [7, 6, 6], "uv": [36, 3]}
					]
				}
			]
		}
	]
}