{
	"format_version": "1.8.0",
	"animations": {
		"animation.capulce.ground_idle": {
			"loop": true,
			"animation_length": 4.8,
			"bones": {
				"head": {
					"rotation": {
						"0.0": [0, 0, 0],
						"1.2": [5, 0, 5],
						"2.4": [0, 0, 0],
						"3.6": [-4.98107, -0.43523, -4.98107],
						"4.8": [0, 0, 0]
					}
				},
				"hair": {
					"rotation": {
						"0.0": [0, 0, 0],
						"1.2": [-12.5, 0, 0],
						"2.4": [0, 0, 0],
						"3.6": [12.5, 0, 0],
						"4.8": [0, 0, 0]
					}
				}
			}
		},
		"animation.capulce.ground_walk": {
			"loop": true,
			"animation_length": 0.48,
			"bones": {
				"head": {
					"rotation": {
						"0.0": [15, 0, 0],
						"0.24": [7.5, 0, 0],
						"0.48": [15, 0, 0]
					},
					"position": {
						"0.0": [0, 6, 0],
						"0.24": [0, 1, 0],
						"0.48": [0, 6, 0]
					}
				},
				"hair": {
					"rotation": {
						"0.0": [-42.5, 0, 0],
						"0.24": [-12.5, 0, 0],
						"0.48": [-42.5, 0, 0]
					}
				}
			}
		}
	}
}