{
  "species": "cobblemon:tigershark_colt",
  "order": 0,
  "variations": [
    {
      "aspects": [],
      "poser": "cobblemon:tigershark_colt",
      "model": "cobblemon:tigershark_colt.geo",
      "texture": "cobblemon:textures/pokemon/tigershark_colt/tigershark_colt.png",
      "layers": [
      ]
    },
    {
      "aspects": [
        "shiny"
      ],
      "texture": "cobblemon:textures/pokemon/tigershark_colt/tigershark_colt_shiny.png",
      "layers": [
      ]
    }
  ]
}