{
	"format_version": "1.12.0",
	"minecraft:geometry": [
		{
			"description": {
				"identifier": "geometry.wickarus",
				"texture_width": 64,
				"texture_height": 64,
				"visible_bounds_width": 3,
				"visible_bounds_height": 2.5,
				"visible_bounds_offset": [0, 0.75, 0]
			},
			"bones": [
				{
					"name": "wickarus",
					"pivot": [0, 0, 0]
				},
				{
					"name": "body",
					"parent": "wickarus",
					"pivot": [0, 5.5, 1.5]
				},
				{
					"name": "torso",
					"parent": "body",
					"pivot": [0, 4, 0],
					"cubes": [
						{"origin": [-1.5, 4, -1.5], "size": [3, 3, 3], "inflate": 0.01, "uv": [24, 16]},
						{"origin": [-1.5, 6.5, 0.5], "size": [0, 1, 1], "uv": [10, 43]},
						{"origin": [-1.5, 6.5, 1.5], "size": [1, 1, 0], "uv": [34, 43]},
						{"origin": [1.5, 6.5, 0.5], "size": [0, 1, 1], "uv": [12, 43]},
						{"origin": [0.5, 6.5, 1.5], "size": [1, 1, 0], "uv": [36, 43]},
						{"origin": [-1, 3, -1], "size": [2, 1, 2], "uv": [36, 15]}
					]
				},
				{
					"name": "neck",
					"parent": "torso",
					"pivot": [0, 7, 1],
					"cubes": [
						{"origin": [-1, 7, -1], "size": [2, 1, 2], "uv": [36, 12]}
					]
				},
				{
					"name": "head",
					"parent": "neck",
					"pivot": [0, 8, 0],
					"rotation": [0, -10, 0],
					"cubes": [
						{"origin": [1.5, 10, -3.5], "size": [2, 2, 2], "inflate": 0.01, "uv": [16, 33]},
						{"origin": [1, 9, -4], "size": [3, 4, 4], "uv": [22, 0]},
						{"origin": [-4, 9, -4], "size": [3, 4, 4], "uv": [22, 8]},
						{"origin": [-3, 8, -3], "size": [6, 6, 6], "inflate": 0.01, "uv": [0, 21]},
						{"origin": [2.5, 9.5, -2], "size": [1, 1, 1], "uv": [26, 42]},
						{"origin": [-3.5, 9.5, -2], "size": [1, 1, 1], "uv": [30, 42]},
						{"origin": [-3.5, 10, -3.5], "size": [2, 2, 2], "inflate": 0.01, "uv": [36, 8]},
						{"origin": [0, 11, -3.02], "size": [3, 1, 0], "pivot": [0, 12, -3.1], "rotation": [0, 0, 20], "uv": [16, 41]},
						{"origin": [-3, 11, -3.02], "size": [3, 1, 0], "pivot": [0, 12, -3.1], "rotation": [0, 0, -20], "uv": [16, 42]},
						{"origin": [1, 9, -3.03], "size": [2, 4, 0], "uv": [0, 46]},
						{"origin": [-3, 9, -3.03], "size": [2, 4, 0], "uv": [0, 46], "mirror": true}
					]
				},
				{
					"name": "brow_right",
					"parent": "head",
					"pivot": [-1, 13, -3.5],
					"cubes": [
						{"origin": [-3, 13, -4], "size": [2, 1, 1], "pivot": [-1, 13, -3.5], "rotation": [0, 0, 22.5], "uv": [40, 34]}
					]
				},
				{
					"name": "brow_left",
					"parent": "head",
					"pivot": [1, 13, -3.5],
					"cubes": [
						{"origin": [1, 13, -4], "size": [2, 1, 1], "pivot": [1, 13, -3.5], "rotation": [0, 0, -22.5], "uv": [40, 36]}
					]
				},
				{
					"name": "mandible_left",
					"parent": "head",
					"pivot": [2.5, 8.75, -3],
					"rotation": [0, 0, 5],
					"cubes": [
						{"origin": [0.5, 7.75, -3], "size": [2, 1, 1], "pivot": [2.5, 8.75, -3], "rotation": [0, -42.5, 0], "uv": [40, 38]}
					]
				},
				{
					"name": "mandible_right",
					"parent": "head",
					"pivot": [-2.5, 8.75, -3],
					"rotation": [0, 0, -5],
					"cubes": [
						{"origin": [-2.5, 7.75, -3], "size": [2, 1, 1], "pivot": [-2.5, 8.75, -3], "rotation": [0, 42.5, 0], "uv": [40, 40]}
					]
				},
				{
					"name": "hair",
					"parent": "head",
					"pivot": [0, 10, 0.2],
					"cubes": [
						{"origin": [0, 10.01, -3.99], "size": [0, 11, 11], "uv": [0, -1]}
					]
				},
				{
					"name": "eyelid_left",
					"parent": "head",
					"pivot": [-0.25, 10, 0.25],
					"cubes": [
						{"origin": [-0.25, 9, -2.75], "size": [3, 4, 4], "inflate": 0.01, "uv": [50, 0]}
					]
				},
				{
					"name": "eyelid_right",
					"parent": "head",
					"pivot": [-2.75, 10, 0.25],
					"cubes": [
						{"origin": [-2.75, 9, -2.75], "size": [3, 4, 4], "inflate": 0.01, "uv": [50, 0]}
					]
				},
				{
					"name": "arm_right",
					"parent": "torso",
					"pivot": [-1.5, 6, 0],
					"cubes": [
						{"origin": [-4.5, 5.5, -0.5], "size": [3, 1, 1], "uv": [36, 18]}
					]
				},
				{
					"name": "hand_right",
					"parent": "arm_right",
					"pivot": [-4.5, 6.5, 0],
					"cubes": [
						{"origin": [-6.5, 4.75, -1], "size": [2, 2, 2], "inflate": 0.01, "uv": [36, 0]},
						{"origin": [-4.5, 6.75, -0.5], "size": [1, 0, 1], "uv": [34, 42]}
					]
				},
				{
					"name": "claws_top_right",
					"parent": "hand_right",
					"pivot": [-6.5, 6.75, 0],
					"cubes": [
						{"origin": [-7.5, 5.75, -1], "size": [1, 1, 0], "uv": [22, 20]},
						{"origin": [-7.5, 5.75, 1], "size": [1, 1, 0], "uv": [22, 41]}
					]
				},
				{
					"name": "claws_bottom_right",
					"parent": "hand_right",
					"pivot": [-6.5, 4.75, 0],
					"cubes": [
						{"origin": [-7.5, 4.75, 0], "size": [1, 1, 0], "uv": [14, 43]}
					]
				},
				{
					"name": "arm_left",
					"parent": "torso",
					"pivot": [1.5, 6, 0],
					"cubes": [
						{"origin": [1.5, 5.5, -0.5], "size": [3, 1, 1], "uv": [40, 32]}
					]
				},
				{
					"name": "hand_left",
					"parent": "arm_left",
					"pivot": [4.5, 6.5, 0],
					"cubes": [
						{"origin": [3.5, 6.75, -0.5], "size": [1, 0, 1], "uv": [38, 42]},
						{"origin": [4.5, 4.75, -1], "size": [2, 2, 2], "inflate": 0.01, "uv": [36, 4]}
					]
				},
				{
					"name": "claws_top_left",
					"parent": "hand_left",
					"pivot": [6.5, 6.75, 0],
					"cubes": [
						{"origin": [6.5, 5.75, 1], "size": [1, 1, 0], "uv": [18, 43]},
						{"origin": [6.5, 5.75, -1], "size": [1, 1, 0], "uv": [20, 43]}
					]
				},
				{
					"name": "claws_bottom_left",
					"parent": "hand_left",
					"pivot": [6.5, 4.75, 0],
					"cubes": [
						{"origin": [6.5, 4.75, 0], "size": [1, 1, 0], "uv": [16, 43]}
					]
				},
				{
					"name": "stinger",
					"parent": "torso",
					"pivot": [0, 4, 0],
					"cubes": [
						{"origin": [0, 2, -0.5], "size": [0, 2, 1], "uv": [37, 22]}
					]
				},
				{
					"name": "wing_left",
					"parent": "torso",
					"pivot": [0.5, 6.5, 1.5],
					"rotation": [0, 45, 0],
					"cubes": [
						{"origin": [0.5, 2.5, 1.5], "size": [0, 6, 4], "uv": [24, 22]}
					]
				},
				{
					"name": "wing_left2",
					"parent": "wing_left",
					"pivot": [0.5, 7.5, 5.5],
					"cubes": [
						{"origin": [0.5, 2.5, 5.5], "size": [0, 6, 4], "inflate": 0.01, "uv": [32, 22]}
					]
				},
				{
					"name": "wing_left3",
					"parent": "wing_left2",
					"pivot": [0.5, 8.5, 9.5],
					"cubes": [
						{"origin": [0.5, 2.5, 9.5], "size": [0, 6, 4], "uv": [24, 32]}
					]
				},
				{
					"name": "wing_right",
					"parent": "torso",
					"pivot": [-0.5, 6.5, 1.5],
					"rotation": [0, -45, 0],
					"cubes": [
						{"origin": [-0.5, 2.5, 1.5], "size": [0, 6, 4], "uv": [32, 32]}
					]
				},
				{
					"name": "wing_right2",
					"parent": "wing_right",
					"pivot": [-0.5, 7.5, 5.5],
					"cubes": [
						{"origin": [-0.5, 2.5, 5.5], "size": [0, 6, 4], "inflate": 0.01, "uv": [0, 33]}
					]
				},
				{
					"name": "wing_right3",
					"parent": "wing_right2",
					"pivot": [-0.5, 8.5, 9.5],
					"cubes": [
						{"origin": [-0.5, 2.5, 9.5], "size": [0, 6, 4], "uv": [8, 33]}
					]
				},
				{
					"name": "leg_left",
					"parent": "body",
					"pivot": [1.5, 4.5, 0],
					"cubes": [
						{"origin": [1.25, 3, -1], "size": [1, 2, 2], "inflate": 0.01, "uv": [40, 28]},
						{"origin": [2.25, 3, 1], "size": [0, 1, 1], "uv": [8, 43]},
						{"origin": [2.25, 4.25, 1], "size": [0, 1, 1], "uv": [6, 43]}
					]
				},
				{
					"name": "leg_left2",
					"parent": "leg_left",
					"pivot": [1.75, 3, -0.5],
					"cubes": [
						{"origin": [1.25, 2, -0.5], "size": [1, 1, 1], "uv": [36, 20]}
					]
				},
				{
					"name": "foot_left",
					"parent": "leg_left2",
					"pivot": [1.75, 2, -0.5],
					"cubes": [
						{"origin": [1.25, 0, -1.5], "size": [1, 2, 2], "inflate": 0.01, "uv": [40, 20]}
					]
				},
				{
					"name": "claws_back_left",
					"parent": "foot_left",
					"pivot": [1.75, 1, 0.5],
					"cubes": [
						{"origin": [1.75, 0, 0.5], "size": [0, 1, 1], "uv": [42, 42]}
					]
				},
				{
					"name": "claws_front_left",
					"parent": "foot_left",
					"pivot": [1.75, 1, -1.5],
					"cubes": [
						{"origin": [2.25, 0, -2.5], "size": [0, 1, 1], "uv": [0, 43]},
						{"origin": [1.25, 0, -2.5], "size": [0, 1, 1], "uv": [22, 39]}
					]
				},
				{
					"name": "leg_right",
					"parent": "body",
					"pivot": [-1.5, 4.5, 0],
					"cubes": [
						{"origin": [-2.25, 3, -1], "size": [1, 2, 2], "inflate": 0.01, "uv": [40, 24]},
						{"origin": [-2.25, 3, 1], "size": [0, 1, 1], "uv": [2, 43]},
						{"origin": [-2.25, 4.25, 1], "size": [0, 1, 1], "uv": [4, 43]}
					]
				},
				{
					"name": "leg_right2",
					"parent": "leg_right",
					"pivot": [-1.75, 3, -0.5],
					"cubes": [
						{"origin": [-2.25, 2, -0.5], "size": [1, 1, 1], "uv": [22, 42]}
					]
				},
				{
					"name": "foot_right",
					"parent": "leg_right2",
					"pivot": [-1.75, 2, -0.5],
					"cubes": [
						{"origin": [-2.25, 0, -1.5], "size": [1, 2, 2], "inflate": 0.01, "uv": [16, 37]}
					]
				},
				{
					"name": "claws_back_right",
					"parent": "foot_right",
					"pivot": [-1.75, 1, 0.5],
					"cubes": [
						{"origin": [-1.75, 0, 0.5], "size": [0, 1, 1], "uv": [22, 18]}
					]
				},
				{
					"name": "claws_front_right",
					"parent": "foot_right",
					"pivot": [-1.75, 1, -1.5],
					"cubes": [
						{"origin": [-2.25, 0, -2.5], "size": [0, 1, 1], "uv": [22, 37]},
						{"origin": [-1.25, 0, -2.5], "size": [0, 1, 1], "uv": [22, 16]}
					]
				}
			]
		}
	]
}