{
	"format_version": "1.12.0",
	"minecraft:geometry": [
		{
			"description": {
				"identifier": "geometry.karoshicore",
				"texture_width": 64,
				"texture_height": 64,
				"visible_bounds_width": 4,
				"visible_bounds_height": 4.5,
				"visible_bounds_offset": [0, 1.75, 0]
			},
			"bones": [
				{
					"name": "karoshicore",
					"pivot": [0, 0, -0.8]
				},
				{
					"name": "body",
					"parent": "karoshicore",
					"pivot": [0, 3.56072, 4.90625],
					"rotation": [84.5, 0, 0],
					"cubes": [
						{"origin": [-2.5, -0.95, 1.675], "size": [5, 6, 5], "uv": [27, 26]},
						{"origin": [-2, 4.65, 2.175], "size": [4, 1, 4], "uv": [26, 12]}
					]
				},
				{
					"name": "head",
					"parent": "body",
					"pivot": [0.06961, 8.87871, 1.13933],
					"rotation": [-82, 0, 0],
					"cubes": [
						{"origin": [-4.5, 12.78797, -2.93618], "size": [9, 4, 8], "uv": [0, 0]},
						{"origin": [3.225, 14.48797, -0.93618], "size": [4, 4, 3], "pivot": [4.725, 16.98797, 1.06382], "rotation": [0, 0, -146.75], "uv": [1, 49]},
						{"origin": [-7.225, 14.48797, -0.93618], "size": [4, 4, 3], "pivot": [-4.725, 16.98797, 1.06382], "rotation": [0, 0, 146.75], "uv": [1, 49], "mirror": true},
						{"origin": [-4.5, 9.78797, -0.93618], "size": [9, 3, 6], "uv": [0, 22]},
						{"origin": [-4.5, 9.78797, -2.93618], "size": [9, 3, 0], "uv": [25, 21]},
						{"origin": [-4.5, 9.78797, -2.93618], "size": [0, 3, 2], "uv": [2, 3]},
						{"origin": [4.5, 9.78797, -2.93618], "size": [0, 3, 2], "uv": [0, 3]},
						{"origin": [-4.5, 8.78797, -2.93618], "size": [9, 1, 8], "uv": [0, 12]},
						{"origin": [1, 13.28797, -2.98618], "size": [3, 3, 0], "pivot": [2.5, 15.28797, -2.98618], "rotation": [0, 0, 1.75], "uv": [22, 51]},
						{"origin": [-4, 13.28797, -2.98618], "size": [3, 3, 0], "pivot": [-2.5, 15.28797, -2.98618], "rotation": [0, 0, -1.75], "uv": [22, 51], "mirror": true}
					]
				},
				{
					"name": "dream",
					"parent": "head",
					"pivot": [0, 8.775, 2.15]
				},
				{
					"name": "star",
					"parent": "dream",
					"pivot": [0, 46.15, 0.55],
					"cubes": [
						{"origin": [-4.5, 41.65, 0.55], "size": [9, 9, 0], "uv": [6, 40]},
						{"origin": [-4.5, 41.65, 0.55], "size": [9, 9, 0], "pivot": [0, 46.15, 0.55], "rotation": [0, -90, 0], "uv": [6, 40]}
					]
				},
				{
					"name": "wave",
					"parent": "dream",
					"pivot": [0, 39.55, 0.7625],
					"cubes": [
						{"origin": [0, 38.05, -7.35], "size": [12, 3, 0], "pivot": [0, 39.55, -7.35], "rotation": [0, -42.5, 0], "uv": [35, 55]},
						{"origin": [-12, 38.05, -7.35], "size": [12, 3, 0], "pivot": [0, 39.55, -7.35], "rotation": [0, 42.5, 0], "uv": [35, 55], "mirror": true},
						{"origin": [0, 38.05, 8.875], "size": [12, 3, 0], "pivot": [0, 39.55, 8.875], "rotation": [0, 42.5, 0], "uv": [35, 55]},
						{"origin": [-12, 38.05, 8.875], "size": [12, 3, 0], "pivot": [0, 39.55, 8.875], "rotation": [0, -42.5, 0], "uv": [35, 55], "mirror": true}
					]
				},
				{
					"name": "eel",
					"parent": "dream",
					"pivot": [0, 24.42927, 0.59073],
					"cubes": [
						{"origin": [-14.525, 31.60064, -4.47944], "size": [2, 3, 0], "pivot": [-13.025, 24.60064, -4.47944], "rotation": [0, 0, 90], "uv": [58, 61]}
					]
				},
				{
					"name": "eelbody",
					"parent": "eel",
					"pivot": [-3.02945, 24.60344, -4.49874],
					"rotation": [0, -32.5, 0],
					"cubes": [
						{"origin": [-3.95551, 27.29081, -4.48485], "size": [1, 10, 0], "pivot": [-4.58051, 25.72564, -5.59233], "rotation": [0, 0, 90], "uv": [62, 54]}
					]
				},
				{
					"name": "eelbody2",
					"parent": "eelbody",
					"pivot": [6.95897, 24.59268, -4.4538],
					"cubes": [
						{"origin": [6.62396, 24.77248, -4.48398], "size": [1, 7, 0], "pivot": [6.96931, 24.75549, -4.49075], "rotation": [-71.27655, 4.56028, 83.9866], "uv": [62, 54]}
					]
				},
				{
					"name": "eyebrow",
					"parent": "dream",
					"pivot": [0, 8.775, 2.15],
					"cubes": [
						{"origin": [-4, 32.575, 0.55], "size": [8, 5, 0], "uv": [48, 49]}
					]
				},
				{
					"name": "core",
					"parent": "dream",
					"pivot": [0, 31.3, 0.55],
					"cubes": [
						{"origin": [-1, 30.3, -0.45], "size": [2, 2, 2], "uv": [56, 38]},
						{"origin": [-2, 29.3, 0.55], "size": [4, 4, 0], "uv": [54, 7]},
						{"origin": [-2, 29.3, 0.55], "size": [4, 4, 0], "pivot": [0, 31.3, 0.55], "rotation": [0, -90, 0], "uv": [54, 7]}
					]
				},
				{
					"name": "stem",
					"parent": "dream",
					"pivot": [0, 16.65, 0.55],
					"cubes": [
						{"origin": [-0.5, 16.65, 0.55], "size": [1, 10, 0], "uv": [62, 0]}
					]
				},
				{
					"name": "plant",
					"parent": "stem",
					"pivot": [0, 26.00277, 0.525],
					"cubes": [
						{"origin": [-0.65, 26.275, 0.55], "size": [1, 6, 0], "pivot": [-0.15, 26.275, 0.55], "rotation": [0, 0, 46.75], "uv": [62, 0], "mirror": true},
						{"origin": [-0.35, 26.275, 0.55], "size": [1, 6, 0], "pivot": [0.15, 26.275, 0.55], "rotation": [0, 0, -46.75], "uv": [62, 0]}
					]
				},
				{
					"name": "rightleaf",
					"parent": "plant",
					"pivot": [-2.925, 28.75, 0.5],
					"cubes": [
						{"origin": [-6.525, 26.175, 0.5], "size": [4, 3, 0], "pivot": [-4.525, 27.675, 0.5], "rotation": [0, 0, -41.75], "uv": [54, 0], "mirror": true}
					]
				},
				{
					"name": "righttendril",
					"parent": "rightleaf",
					"pivot": [-6.5, 27.5, 0.55],
					"cubes": [
						{"origin": [-16.475, 27.775, 0.55], "size": [9, 11, 0], "pivot": [-11.975, 32.275, 0.55], "rotation": [0, 0, 97], "uv": [25, 40], "mirror": true}
					]
				},
				{
					"name": "donut2",
					"parent": "righttendril",
					"pivot": [0, 8.775, 2.15],
					"cubes": [
						{"origin": [-16.725, 33.175, 0.55], "size": [5, 5, 0], "pivot": [-11.975, 37.075, 0.55], "rotation": [0, 0, 97], "uv": [54, 25], "mirror": true},
						{"origin": [-21.53248, 37.86875, 0.5], "size": [4, 3, 0], "pivot": [-16.13248, 41.86875, 0.5], "rotation": [0, 0, -46.75], "uv": [55, 21], "mirror": true}
					]
				},
				{
					"name": "planet2",
					"parent": "righttendril",
					"pivot": [0, 8.775, 2.15],
					"cubes": [
						{"origin": [-10, 33.3, -0.45], "size": [2, 2, 2], "pivot": [-9, 34.3, 0.55], "rotation": [41.72677, -11.0311, -30.62468], "uv": [56, 34], "mirror": true},
						{"origin": [-11.25, 34.3, -2.2], "size": [4.5, 0, 5.5], "pivot": [-9, 34.3, 0.55], "rotation": [41.72677, -11.0311, -30.62468], "uv": [51, 44], "mirror": true}
					]
				},
				{
					"name": "leftleaf",
					"parent": "plant",
					"pivot": [2.925, 28.75, 0.5],
					"cubes": [
						{"origin": [2.525, 26.175, 0.5], "size": [4, 3, 0], "pivot": [4.525, 27.675, 0.5], "rotation": [0, 0, 41.75], "uv": [54, 0]}
					]
				},
				{
					"name": "lefttendril",
					"parent": "leftleaf",
					"pivot": [6.5, 27.5, 0.55],
					"cubes": [
						{"origin": [7.475, 27.775, 0.55], "size": [9, 11, 0], "pivot": [11.975, 32.275, 0.55], "rotation": [0, 0, -97], "uv": [25, 40]}
					]
				},
				{
					"name": "donut",
					"parent": "lefttendril",
					"pivot": [0, 8.775, 2.15],
					"cubes": [
						{"origin": [11.725, 33.175, 0.55], "size": [5, 5, 0], "pivot": [11.975, 37.075, 0.55], "rotation": [0, 0, -97], "uv": [54, 25]},
						{"origin": [17.53248, 37.86875, 0.5], "size": [4, 3, 0], "pivot": [16.13248, 41.86875, 0.5], "rotation": [0, 0, 46.75], "uv": [55, 21]}
					]
				},
				{
					"name": "planet",
					"parent": "lefttendril",
					"pivot": [0, 8.775, 2.15],
					"cubes": [
						{"origin": [8, 33.3, -0.45], "size": [2, 2, 2], "pivot": [9, 34.3, 0.55], "rotation": [41.72677, 11.0311, 30.62468], "uv": [56, 34]},
						{"origin": [6.75, 34.3, -2.2], "size": [4.5, 0, 5.5], "pivot": [9, 34.3, 0.55], "rotation": [41.72677, 11.0311, 30.62468], "uv": [51, 44]}
					]
				},
				{
					"name": "plant2",
					"parent": "plant",
					"pivot": [0, 28.00277, 0.525],
					"rotation": [0, -90, 0],
					"cubes": [
						{"origin": [-0.65, 26.275, 0.55], "size": [1, 6, 0], "pivot": [-0.15, 26.275, 0.55], "rotation": [0, 0, 46.75], "uv": [62, 0], "mirror": true},
						{"origin": [-0.35, 26.275, 0.55], "size": [1, 6, 0], "pivot": [0.15, 26.275, 0.55], "rotation": [0, 0, -46.75], "uv": [62, 0]},
						{"origin": [-6.525, 26.175, 0.5], "size": [4, 3, 0], "pivot": [-4.525, 27.675, 0.5], "rotation": [0, 0, -41.75], "uv": [54, 0], "mirror": true},
						{"origin": [2.525, 26.175, 0.5], "size": [4, 3, 0], "pivot": [4.525, 27.675, 0.5], "rotation": [0, 0, 41.75], "uv": [54, 0]}
					]
				},
				{
					"name": "puffball1",
					"parent": "dream",
					"pivot": [7.57832, 22.59562, 0.5],
					"cubes": [
						{"origin": [5.57832, 20.59562, 0.5], "size": [4, 4, 0], "pivot": [7.57832, 22.59562, 0.5], "rotation": [-10.34858, 5.63193, 44.34111], "uv": [54, 3]},
						{"origin": [5.57832, 20.59562, 0.5], "size": [4, 4, 0], "pivot": [7.57832, 22.59562, 0.5], "rotation": [79.65142, 5.63193, 44.34111], "uv": [54, 3]}
					]
				},
				{
					"name": "puffball2",
					"parent": "dream",
					"pivot": [-7.57832, 22.59562, 0.5],
					"cubes": [
						{"origin": [-9.57832, 20.59562, 0.5], "size": [4, 4, 0], "pivot": [-7.57832, 22.59562, 0.5], "rotation": [79.65142, -5.63193, -44.34111], "uv": [54, 3], "mirror": true},
						{"origin": [-9.57832, 20.59562, 0.5], "size": [4, 4, 0], "pivot": [-7.57832, 22.59562, 0.5], "rotation": [-10.34858, -5.63193, -44.34111], "uv": [54, 3], "mirror": true}
					]
				},
				{
					"name": "leftarm",
					"parent": "body",
					"pivot": [4.375, 3.40623, 2.68191],
					"rotation": [-85, 10, 1],
					"cubes": [
						{"origin": [2.375, 2.40623, 1.18191], "size": [4, 2, 3], "uv": [35, 0]}
					]
				},
				{
					"name": "rightarm",
					"parent": "body",
					"pivot": [-2.375, 3.59092, 3.8655],
					"rotation": [-85.89725, -10.39703, 6.06429],
					"cubes": [
						{"origin": [-6.35786, 1.68944, 2.36599], "size": [4, 2, 3], "pivot": [-2.375, 3.59092, 3.8655], "rotation": [0, 10, 0], "uv": [37, 5]}
					]
				},
				{
					"name": "leftleg",
					"parent": "body",
					"pivot": [1.75, -0.84382, 3.71269],
					"rotation": [4.75, 0, 0],
					"cubes": [
						{"origin": [0.25, -2.84284, 1.78769], "size": [3, 2, 4], "pivot": [1.75, -1.84284, 3.78769], "rotation": [16.75, 0, 0], "uv": [10, 33]}
					]
				},
				{
					"name": "rightleg",
					"parent": "body",
					"pivot": [-1.525, -0.74613, 4.2056],
					"rotation": [4.75, 0, 0],
					"cubes": [
						{"origin": [-3.025, -2.81092, 1.77577], "size": [3, 2, 4], "pivot": [-1.525, -1.78686, 3.78256], "rotation": [16.5, 0, 0], "uv": [0, 31]}
					]
				}
			]
		}
	]
}