{
	"format_version": "1.12.0",
	"minecraft:geometry": [
		{
			"description": {
				"identifier": "geometry.unknown",
				"texture_width": 256,
				"texture_height": 256,
				"visible_bounds_width": 7,
				"visible_bounds_height": 6.5,
				"visible_bounds_offset": [0, 2.75, 0]
			},
			"bones": [
				{
					"name": "charizard_paradox",
					"pivot": [0, 0, 0]
				},
				{
					"name": "body",
					"parent": "charizard_paradox",
					"pivot": [0, 0, 0]
				},
				{
					"name": "torso",
					"parent": "body",
					"pivot": [0, 11, 2.5],
					"cubes": [
						{"origin": [-7.5, 6, -4.5], "size": [15, 13, 14], "uv": [0, 27]},
						{"origin": [-7.5, 6, -4.5], "size": [15, 13, 14], "inflate": 0.1, "uv": [0, 0]}
					]
				},
				{
					"name": "tail6",
					"parent": "torso",
					"pivot": [0, 8.96456, 0.97026],
					"cubes": [
						{"origin": [-4.5, 5.96456, 0.97026], "size": [9, 8, 16], "uv": [42, 38]}
					]
				},
				{
					"name": "tail7",
					"parent": "tail6",
					"pivot": [0, 12.96456, 16.97026],
					"cubes": [
						{"origin": [-4, 6.46456, 16.97026], "size": [8, 7, 9], "uv": [48, 62]}
					]
				},
				{
					"name": "tail8",
					"parent": "tail7",
					"pivot": [0, 13, 25.8],
					"cubes": [
						{"origin": [-3.5, 7, 25.75], "size": [7, 6, 9], "uv": [79, 0]}
					]
				},
				{
					"name": "bone",
					"parent": "tail8",
					"pivot": [0, 10.11055, 34.79758],
					"cubes": [
						{"origin": [-3, 7.5, 34.75], "size": [6, 5, 9], "uv": [83, 53]}
					]
				},
				{
					"name": "bone12",
					"parent": "bone",
					"pivot": [0, 10.30242, 43.8019],
					"cubes": [
						{"origin": [-2.5, 7.5, 43.75], "size": [5, 5, 9], "uv": [70, 89]}
					]
				},
				{
					"name": "bone13",
					"parent": "bone12",
					"pivot": [0, 10.22496, 52.89202],
					"cubes": [
						{"origin": [-2.5, 7.5, 52.75], "size": [5, 5, 9], "uv": [0, 87]}
					]
				},
				{
					"name": "bone14",
					"parent": "bone13",
					"pivot": [0, 10.45, 61.71667],
					"cubes": [
						{"origin": [-2, 8, 61.75], "size": [4, 4, 9], "uv": [95, 80]}
					]
				},
				{
					"name": "bone15",
					"parent": "bone14",
					"pivot": [0, 9.94, 70.75],
					"cubes": [
						{"origin": [-2, 8, 70.75], "size": [4, 4, 9], "uv": [19, 92]}
					]
				},
				{
					"name": "bone16",
					"parent": "bone15",
					"pivot": [0, 9.675, 79.875],
					"cubes": [
						{"origin": [-1.5, 8.5, 79.75], "size": [3, 3, 9], "uv": [61, 103]}
					]
				},
				{
					"name": "bone17",
					"parent": "bone16",
					"pivot": [0, 9.9, 88.78333],
					"cubes": [
						{"origin": [-1.5, 8.5, 88.75], "size": [3, 3, 9], "uv": [98, 27]},
						{"origin": [0, 11.5, 88.75], "size": [0, 3, 9], "uv": [101, 130]}
					]
				},
				{
					"name": "fire",
					"parent": "bone17",
					"pivot": [0, 11.35, 99],
					"cubes": [
						{"origin": [0, 11.35, 94.5], "size": [0, 18, 9], "uv": [172, 143]},
						{"origin": [-1, 11.35, 93.5], "size": [0, 18, 9], "pivot": [0, 11.35, 98], "rotation": [0, 90, 0], "uv": [172, 143]}
					]
				},
				{
					"name": "chest",
					"parent": "torso",
					"pivot": [0, 19, 2.5],
					"cubes": [
						{"origin": [-6, 19, -3.5], "size": [12, 6, 12], "uv": [46, 15]},
						{"origin": [-7.7, 22, 1], "size": [4, 5, 4], "inflate": 0.2, "uv": [101, 108]},
						{"origin": [3.7, 22, 1], "size": [4, 5, 4], "inflate": 0.2, "uv": [101, 108], "mirror": true}
					]
				},
				{
					"name": "right_spikes",
					"parent": "chest",
					"pivot": [-6.5, 24.75, 3]
				},
				{
					"name": "shoulder_spike",
					"parent": "right_spikes",
					"pivot": [-6.64967, 24.78557, 0.96921],
					"rotation": [24.56202, 22.9824, 10.11783],
					"cubes": [
						{"origin": [-7.15, 25.58952, -0.64602], "size": [1, 1, 2], "inflate": 0.1, "pivot": [-6.6495, 25.45312, -0.13536], "rotation": [-67.5, 0, 0], "uv": [61, 120]},
						{"origin": [-6.749, 26.82225, -2.0949], "size": [0, 1, 2], "pivot": [-8.35, 26.53694, -0.57758], "rotation": [-95, 0, 0], "uv": [54, 119]}
					]
				},
				{
					"name": "shoulder_spike2",
					"parent": "right_spikes",
					"pivot": [-5.64967, 25.78557, 5.03079],
					"rotation": [-24.56202, -22.9824, 10.11783],
					"cubes": [
						{"origin": [-6.15, 26.58952, 4.64602], "size": [1, 1, 2], "inflate": 0.1, "pivot": [-5.6495, 26.45312, 6.13536], "rotation": [67.5, 0, 0], "uv": [60, 124]},
						{"origin": [-5.55, 27.89706, 6.2332], "size": [0, 1, 2], "pivot": [-5.651, 27.51098, 6.681], "rotation": [95, 0, 0], "uv": [54, 119]}
					]
				},
				{
					"name": "left_spikes2",
					"parent": "chest",
					"pivot": [6.5, 24.75, 3]
				},
				{
					"name": "shoulder_spike3",
					"parent": "left_spikes2",
					"pivot": [6.64967, 24.78557, 0.96921],
					"rotation": [24.56202, -22.9824, -10.11783],
					"cubes": [
						{"origin": [6.15, 25.58952, -0.64602], "size": [1, 1, 2], "inflate": 0.1, "pivot": [6.6495, 25.45312, -0.13536], "rotation": [-67.5, 0, 0], "uv": [61, 120], "mirror": true},
						{"origin": [6.749, 26.82225, -2.0949], "size": [0, 1, 2], "pivot": [8.35, 26.53694, -0.57758], "rotation": [-95, 0, 0], "uv": [54, 119], "mirror": true}
					]
				},
				{
					"name": "shoulder_spike4",
					"parent": "left_spikes2",
					"pivot": [5.64967, 25.78557, 5.03079],
					"rotation": [-24.56202, 22.9824, -10.11783],
					"cubes": [
						{"origin": [5.15, 26.58952, 4.64602], "size": [1, 1, 2], "inflate": 0.1, "pivot": [5.6495, 26.45312, 6.13536], "rotation": [67.5, 0, 0], "uv": [60, 124], "mirror": true},
						{"origin": [5.55, 27.89706, 6.2332], "size": [0, 1, 2], "pivot": [5.651, 27.51098, 6.681], "rotation": [95, 0, 0], "uv": [54, 119], "mirror": true}
					]
				},
				{
					"name": "wings",
					"parent": "chest",
					"pivot": [0, 25, 7.5]
				},
				{
					"name": "wing_right4",
					"parent": "wings",
					"pivot": [-4.34627, 23.4147, 7.43782],
					"cubes": [
						{"origin": [-8.92178, 24.36455, 6.43782], "size": [6, 2, 2], "inflate": 0.01, "pivot": [-4.31553, 26.00094, 7.43782], "rotation": [0, 0, 62.5], "uv": [68, 34], "mirror": true},
						{"origin": [-13.11994, 28.25462, 6.43782], "size": [7, 2, 2], "uv": [102, 0], "mirror": true},
						{"origin": [-13.4177, 16.66045, 7.43782], "size": [8, 16, 0], "inflate": 0.01, "uv": [85, 108], "mirror": true}
					]
				},
				{
					"name": "wing_right5",
					"parent": "wing_right4",
					"pivot": [-12.50299, 29.19285, 7.44115],
					"cubes": [
						{"origin": [-33.11994, 28.25462, 6.43782], "size": [20, 2, 2], "inflate": 0.01, "pivot": [-13.11994, 28.25462, 7.43782], "rotation": [0, 0, 45], "uv": [44, 0], "mirror": true},
						{"origin": [-26.4177, 12.66045, 7.43782], "size": [13, 29, 0], "inflate": 0.01, "uv": [22, 62], "mirror": true}
					]
				},
				{
					"name": "wing_right6",
					"parent": "wing_right5",
					"pivot": [-26.44085, 32.9898, 7.43782],
					"cubes": [
						{"origin": [-37.4377, 8.66045, 7.43782], "size": [11, 33, 0], "inflate": 0.01, "uv": [0, 54], "mirror": true},
						{"origin": [-34.66362, 38.28529, 6.93782], "size": [12, 2, 1], "pivot": [-34.25332, 33.01875, 7.43782], "rotation": [0, 0, -20], "uv": [73, 67], "mirror": true},
						{"origin": [28.24876, 42.01825, 6.93782], "size": [3, 2, 1], "inflate": -0.01, "pivot": [0.84873, 6.66825, 1.43782], "rotation": [0, 0, -75], "uv": [76, 38], "mirror": true},
						{"origin": [31.24876, 42.01825, 7.43782], "size": [5, 2, 0], "inflate": -0.01, "pivot": [0.84873, 6.66825, 1.43782], "rotation": [0, 0, -75], "uv": [146, 39], "mirror": true}
					]
				},
				{
					"name": "bone7",
					"parent": "wing_right6",
					"pivot": [-37.3554, 37.74512, 7.44282],
					"cubes": [
						{"origin": [-49.53329, 27.32163, 6.93782], "size": [18, 2, 1], "inflate": 0.01, "pivot": [-47.68136, 27.32572, 7.43782], "rotation": [0, 0, -42.5], "uv": [44, 4], "mirror": true},
						{"origin": [-48.4577, 12.66045, 7.43782], "size": [11, 26, 0], "inflate": 0.01, "uv": [48, 78], "mirror": true}
					]
				},
				{
					"name": "bone8",
					"parent": "bone7",
					"pivot": [-50.35054, 27.47516, 7.43782],
					"cubes": [
						{"origin": [-60.73897, 27.83466, 7.43782], "size": [12, 2, 0], "pivot": [-47.68136, 27.32572, 7.43782], "rotation": [0, 0, -62.5], "uv": [45, 34], "mirror": true},
						{"origin": [-58.98783, 15.58467, 7.43782], "size": [4, 2, 0], "pivot": [-54.98783, 16.58467, 6.43782], "rotation": [0, 0, -71.5], "uv": [56, 36], "mirror": true}
					]
				},
				{
					"name": "wing_left4",
					"parent": "wings",
					"pivot": [4.34627, 23.4147, 7.43782],
					"cubes": [
						{"origin": [2.92178, 24.36455, 6.43782], "size": [6, 2, 2], "pivot": [4.31553, 26.00094, 7.43782], "rotation": [0, 0, -62.5], "uv": [68, 34]},
						{"origin": [6.11994, 28.25462, 6.43782], "size": [7, 2, 2], "uv": [102, 0]},
						{"origin": [5.4177, 16.66045, 7.43782], "size": [8, 16, 0], "inflate": 0.01, "uv": [85, 108]}
					]
				},
				{
					"name": "wing_left5",
					"parent": "wing_left4",
					"pivot": [12.50299, 29.19285, 7.44115],
					"cubes": [
						{"origin": [13.11994, 28.25462, 6.43782], "size": [20, 2, 2], "pivot": [13.11994, 28.25462, 7.43782], "rotation": [0, 0, -45], "uv": [44, 0]},
						{"origin": [13.4177, 12.66045, 7.43782], "size": [13, 29, 0], "inflate": 0.01, "uv": [22, 62]}
					]
				},
				{
					"name": "wing_left6",
					"parent": "wing_left5",
					"pivot": [26.44085, 32.9898, 7.43782],
					"cubes": [
						{"origin": [26.4377, 8.66045, 7.43782], "size": [11, 33, 0], "inflate": 0.01, "uv": [0, 54]},
						{"origin": [22.66362, 38.28529, 6.93782], "size": [12, 2, 1], "pivot": [34.25332, 33.01875, 7.43782], "rotation": [0, 0, 20], "uv": [73, 67]},
						{"origin": [-31.24876, 42.01825, 6.93782], "size": [3, 2, 1], "inflate": -0.01, "pivot": [-0.84873, 6.66825, 1.43782], "rotation": [0, 0, 75], "uv": [76, 38]},
						{"origin": [-36.24876, 42.01825, 7.43782], "size": [5, 2, 0], "inflate": -0.01, "pivot": [-0.84873, 6.66825, 1.43782], "rotation": [0, 0, 75], "uv": [146, 39]}
					]
				},
				{
					"name": "bone10",
					"parent": "wing_left6",
					"pivot": [37.3554, 37.74512, 7.44282],
					"cubes": [
						{"origin": [31.53329, 27.32163, 6.93782], "size": [18, 2, 1], "pivot": [47.68136, 27.32572, 7.43782], "rotation": [0, 0, 42.5], "uv": [44, 4]},
						{"origin": [37.4577, 12.66045, 7.43782], "size": [11, 26, 0], "inflate": 0.01, "uv": [48, 78]}
					]
				},
				{
					"name": "bone11",
					"parent": "bone10",
					"pivot": [50.35054, 27.47516, 7.43782],
					"cubes": [
						{"origin": [48.73897, 27.83466, 7.43782], "size": [12, 2, 0], "pivot": [47.68136, 27.32572, 7.43782], "rotation": [0, 0, 62.5], "uv": [45, 34]},
						{"origin": [54.98783, 15.58467, 7.43782], "size": [4, 2, 0], "pivot": [54.98783, 16.58467, 6.43782], "rotation": [0, 0, 71.5], "uv": [56, 36]}
					]
				},
				{
					"name": "neck1",
					"parent": "chest",
					"pivot": [0, 25, 5],
					"cubes": [
						{"origin": [-3.5, 24.67423, -0.62132], "size": [7, 5, 7], "inflate": 0.01, "pivot": [0, 24.67423, 4.87868], "rotation": [7.5, 0, 0], "uv": [91, 96]},
						{"origin": [0, 25.67423, 6.37868], "size": [0, 4, 7], "inflate": 0.01, "uv": [0, 0]}
					]
				},
				{
					"name": "neck_mid",
					"parent": "neck1",
					"pivot": [0, 29.67423, 5.87868],
					"cubes": [
						{"origin": [-2.5, 29.7615, -0.79002], "size": [5, 5, 6], "inflate": 0.01, "pivot": [0, 29.81908, 5.21], "rotation": [25, 0, 0], "uv": [104, 46]},
						{"origin": [0, 32.00455, 16.28636], "size": [0, 3, 5], "inflate": 0.01, "pivot": [-2.5, 5.00455, 11.28636], "rotation": [25, 0, 0], "uv": [0, 6]}
					]
				},
				{
					"name": "neck2",
					"parent": "neck_mid",
					"pivot": [0, 34.67423, 5.87868],
					"cubes": [
						{"origin": [-2.5, 34.29066, -2.88517], "size": [5, 9, 6], "pivot": [0, 34.30895, 3.10052], "rotation": [45, 0, 0], "uv": [0, 101]}
					]
				},
				{
					"name": "head",
					"parent": "neck2",
					"pivot": [0, 40.67853, -3.20229],
					"cubes": [
						{"origin": [-3.5, 36.7146, -11.2131], "size": [7, 4, 8], "inflate": 0.01, "pivot": [0, 41.53645, -6.40486], "rotation": [0, 0, 0], "uv": [82, 15]},
						{"origin": [-3.5, 34.7146, -8.2131], "size": [7, 2, 5], "inflate": 0.01, "pivot": [0, 41.53645, -6.40486], "rotation": [0, 0, 0], "uv": [106, 39]},
						{"origin": [-2.5, 36.33283, -15.2236], "size": [5, 2, 4], "pivot": [0, 41.53645, -6.40486], "rotation": [0, 0, 0], "uv": [104, 17]},
						{"origin": [0.001, 43.17851, -14.94149], "size": [0, 2, 2], "pivot": [-2.499, 41.41513, -6.81908], "rotation": [45, 0, 0], "uv": [122, 66]},
						{"origin": [2.63662, 36.89982, -14.8736], "size": [2, 2, 0], "pivot": [0, 41.53645, -6.40486], "rotation": [0, 0, 45], "uv": [53, 62]},
						{"origin": [2.15, 42.29983, -15.52727], "size": [0, 1, 1], "pivot": [0, 41.53645, -6.40486], "rotation": [45, 0, 0], "uv": [12, 39]},
						{"origin": [-2.15, 42.29983, -15.52727], "size": [0, 1, 1], "pivot": [0, 41.53645, -6.40486], "rotation": [45, 0, 0], "uv": [12, 38]}
					]
				},
				{
					"name": "left_horn3",
					"parent": "head",
					"pivot": [0.06732, 40.16464, -6.01799],
					"rotation": [45, 0, 0],
					"cubes": [
						{"origin": [-0.93268, 39.16464, -6.76799], "size": [2, 2, 10], "pivot": [0, 41.40821, -5.32154], "rotation": [-5, 0, 0], "uv": [104, 5]},
						{"origin": [0.06832, 39.16273, 3.27559], "size": [0, 2, 6], "pivot": [-0.999, 41.90631, -5.27796], "rotation": [-5, 0, 0], "uv": [125, 112]}
					]
				},
				{
					"name": "eye_right",
					"parent": "head",
					"pivot": [-0.01, 3.99022, -7.45472],
					"cubes": [
						{"origin": [-3.535, 39.7246, -10.2481], "size": [0, 1, 1], "inflate": 0.01, "pivot": [0, 41.53645, -6.40486], "rotation": [0, 0, 0], "uv": [12, 2]},
						{"origin": [-3.535, 39.2246, -11.2481], "size": [1, 1, 1], "inflate": 0.01, "pivot": [0, 41.53645, -6.40486], "rotation": [0, 0, 0], "uv": [64, 36]},
						{"origin": [-2.535, 38.7246, -11.2481], "size": [1, 1, 0], "inflate": 0.01, "pivot": [0, 41.53645, -6.40486], "rotation": [0, 0, 0], "uv": [44, 27]},
						{"origin": [-3.51, 38.2246, -11.2231], "size": [2, 2, 3], "inflate": 0.01, "pivot": [0, 41.53645, -6.40486], "rotation": [0, 0, 0], "uv": [73, 62]}
					]
				},
				{
					"name": "eye_left",
					"parent": "head",
					"pivot": [0.01, 3.99022, -7.45472],
					"cubes": [
						{"origin": [3.535, 39.7246, -10.2481], "size": [0, 1, 1], "inflate": 0.01, "pivot": [0, 41.53645, -6.40486], "rotation": [0, 0, 0], "uv": [12, 2], "mirror": true},
						{"origin": [2.535, 39.2246, -11.2481], "size": [1, 1, 1], "inflate": 0.01, "pivot": [0, 41.53645, -6.40486], "rotation": [0, 0, 0], "uv": [64, 36], "mirror": true},
						{"origin": [1.535, 38.7246, -11.2481], "size": [1, 1, 0], "inflate": 0.01, "pivot": [0, 41.53645, -6.40486], "rotation": [0, 0, 0], "uv": [44, 27], "mirror": true},
						{"origin": [1.51, 38.2246, -11.2231], "size": [2, 2, 3], "inflate": 0.01, "pivot": [0, 41.53645, -6.40486], "rotation": [0, 0, 0], "uv": [73, 62], "mirror": true}
					]
				},
				{
					"name": "flame_right",
					"parent": "head",
					"pivot": [-3.50958, 35.25154, -8.92819],
					"rotation": [6.76733, 42.30053, 4.56615],
					"cubes": [
						{"origin": [-4.93855, 35.06415, -9.55136], "size": [2, 4, 0], "pivot": [-2.99036, 41.29261, -4.29998], "rotation": [-3.68425, -0.1086, -3.37562], "uv": [27, 126]}
					]
				},
				{
					"name": "flame_right2",
					"parent": "flame_right",
					"pivot": [-4.93855, 36.56415, -9.55136],
					"rotation": [0, 17.5, 0],
					"cubes": [
						{"origin": [-19.93855, 35.06415, -9.55136], "size": [15, 7, 0], "pivot": [-4.65964, 41.29261, -3.9572], "rotation": [-2.49762, -0.09441, -4.32876], "uv": [23, 149]},
						{"origin": [-23.93855, 42.06415, -9.55136], "size": [9, 6, 0], "pivot": [-4.65964, 41.29261, -3.9572], "rotation": [-2.49762, -0.09441, -4.32876], "uv": [28, 171]}
					]
				},
				{
					"name": "flame_left",
					"parent": "head",
					"pivot": [3.50958, 35.25154, -8.92819],
					"rotation": [6.76733, -42.30053, -4.56615],
					"cubes": [
						{"origin": [2.93855, 35.06415, -9.55136], "size": [2, 4, 0], "pivot": [2.99036, 41.29261, -4.29998], "rotation": [-3.68425, 0.1086, 3.37562], "uv": [27, 126], "mirror": true}
					]
				},
				{
					"name": "flame_left2",
					"parent": "flame_left",
					"pivot": [4.93855, 36.56415, -9.55136],
					"rotation": [0, -17.5, 0],
					"cubes": [
						{"origin": [4.93855, 35.06415, -9.55136], "size": [15, 7, 0], "pivot": [4.65964, 41.29261, -3.9572], "rotation": [-2.49762, 0.09441, 4.32876], "uv": [23, 149], "mirror": true},
						{"origin": [14.93855, 42.06415, -9.55136], "size": [9, 6, 0], "pivot": [4.65964, 41.29261, -3.9572], "rotation": [-2.49762, 0.09441, 4.32876], "uv": [28, 171], "mirror": true}
					]
				},
				{
					"name": "jaw",
					"parent": "head",
					"pivot": [-0.006, 36.71192, -8.18796],
					"cubes": [
						{"origin": [-2.01, 34.7046, -14.2231], "size": [4, 2, 6], "pivot": [0, 41.53645, -6.40486], "rotation": [0, 0, 0], "uv": [22, 54]},
						{"origin": [1.75, 32.78524, -8.34867], "size": [0, 1, 1], "pivot": [0, 41.53645, -6.40486], "rotation": [-45, 0, 0], "uv": [12, 12]},
						{"origin": [-1.75, 32.78524, -8.34867], "size": [0, 1, 1], "pivot": [0, 41.53645, -6.40486], "rotation": [-45, 0, 0], "uv": [10, 12]},
						{"origin": [1.49, 34.7046, -11.2231], "size": [2, 2, 3], "pivot": [0, 41.53645, -6.40486], "rotation": [0, 0, 0], "uv": [102, 4], "mirror": true},
						{"origin": [-3.51, 34.7046, -11.2231], "size": [2, 2, 3], "pivot": [0, 41.53645, -6.40486], "rotation": [0, 0, 0], "uv": [102, 4]}
					]
				},
				{
					"name": "right_horn",
					"parent": "head",
					"pivot": [-2.3, 37.38137, -5.49404],
					"rotation": [45.06249, -16.68369, -12.71339],
					"cubes": [
						{"origin": [-3.23928, 38.65952, -4.39887], "size": [2, 2, 5], "pivot": [0.46361, 41.14616, -4.23982], "rotation": [-4.66809, 0.28574, 1.75731], "uv": [0, 0]},
						{"origin": [-2.23828, 37.16433, -1.47142], "size": [0, 2, 3], "pivot": [0.46361, 41.14616, -4.23982], "rotation": [-17.16809, 0.28574, 1.75731], "uv": [36, 51]},
						{"origin": [-2.22134, 38.30411, 0.38767], "size": [0, 2, 5], "pivot": [-0.51845, 41.56537, -3.32538], "rotation": [0, 0.28574, 1.75731], "uv": [121, 92]}
					]
				},
				{
					"name": "left_horn",
					"parent": "head",
					"pivot": [2.3, 37.38137, -5.49404],
					"rotation": [45.06249, 16.68369, 12.71339],
					"cubes": [
						{"origin": [1.23928, 38.65952, -4.39887], "size": [2, 2, 5], "pivot": [-0.46361, 41.14616, -4.23982], "rotation": [-4.66809, -0.28574, -1.75731], "uv": [0, 0], "mirror": true},
						{"origin": [2.23828, 37.16433, -1.47142], "size": [0, 2, 3], "pivot": [-0.46361, 41.14616, -4.23982], "rotation": [-17.16809, -0.28574, -1.75731], "uv": [36, 51], "mirror": true},
						{"origin": [2.22134, 38.30411, 0.38767], "size": [0, 2, 5], "pivot": [0.51845, 41.56537, -3.32538], "rotation": [0, -0.28574, -1.75731], "uv": [121, 92], "mirror": true}
					]
				},
				{
					"name": "arm_right",
					"parent": "chest",
					"pivot": [-7.9, 24.5, 3],
					"cubes": [
						{"origin": [-12.9, 23.5, 2], "size": [5, 2, 2], "uv": [76, 103]}
					]
				},
				{
					"name": "forearm_right",
					"parent": "arm_right",
					"pivot": [-12.9, 24.5, 4],
					"cubes": [
						{"origin": [-17.9, 23.5, 2], "size": [5, 2, 2], "inflate": 0.01, "uv": [44, 36]}
					]
				},
				{
					"name": "hand_right",
					"parent": "forearm_right",
					"pivot": [-17.9, 24.5, 3],
					"cubes": [
						{"origin": [-20.9, 23.5, 1.5], "size": [3, 2, 3], "inflate": 0.01, "uv": [94, 27]}
					]
				},
				{
					"name": "finger_top_right",
					"parent": "hand_right",
					"pivot": [-20.02006, 24.5, 1.25],
					"cubes": [
						{"origin": [-18.02006, 24, -2.25], "size": [2, 1, 1], "inflate": 0.1, "pivot": [-20.02006, 24.5, -1.75], "rotation": [0, -90, 0], "uv": [89, 89]}
					]
				},
				{
					"name": "finger_top_right2",
					"parent": "finger_top_right",
					"pivot": [-20.02006, 25.1, 0.125],
					"cubes": [
						{"origin": [-19.42006, 24, -2.05], "size": [1, 1, 1], "inflate": 0.11, "pivot": [-20.02006, 24.5, -1.55], "rotation": [0, -90, 0], "uv": [10, 11]},
						{"origin": [-20.27006, 24, -1.75], "size": [1, 1, 0], "pivot": [-20.02006, 24.5, -1.75], "rotation": [0, -90, 0], "uv": [44, 1]}
					]
				},
				{
					"name": "finger_mid_right3",
					"parent": "hand_right",
					"pivot": [-20.89506, 24.5, 2.125],
					"cubes": [
						{"origin": [-22.14506, 24, 1.625], "size": [2, 1, 1], "inflate": 0.1, "uv": [84, 52]}
					]
				},
				{
					"name": "finger_mid_right2",
					"parent": "finger_mid_right3",
					"pivot": [-22.27006, 25.1, 2.125],
					"cubes": [
						{"origin": [-23.34506, 24, 1.625], "size": [1, 1, 1], "inflate": 0.11, "uv": [9, 3]},
						{"origin": [-24.39506, 24, 2.125], "size": [1, 1, 0], "uv": [44, 0]}
					]
				},
				{
					"name": "finger_bot_right4",
					"parent": "hand_right",
					"pivot": [-20.89506, 24.5, 3.875],
					"cubes": [
						{"origin": [-22.14506, 24, 3.375], "size": [2, 1, 1], "inflate": 0.1, "uv": [82, 20]}
					]
				},
				{
					"name": "finger_bot_right2",
					"parent": "finger_bot_right4",
					"pivot": [-22.27006, 25.1, 3.875],
					"cubes": [
						{"origin": [-23.34506, 24, 3.375], "size": [1, 1, 1], "inflate": 0.11, "uv": [9, 0]},
						{"origin": [-24.39506, 24, 3.875], "size": [1, 1, 0], "uv": [12, 0]}
					]
				},
				{
					"name": "arm_left",
					"parent": "chest",
					"pivot": [7.9, 24.5, 3],
					"cubes": [
						{"origin": [7.9, 23.5, 2], "size": [5, 2, 2], "uv": [76, 103], "mirror": true}
					]
				},
				{
					"name": "forearm_left",
					"parent": "arm_left",
					"pivot": [12.9, 24.5, 4],
					"cubes": [
						{"origin": [12.9, 23.5, 2], "size": [5, 2, 2], "inflate": 0.01, "uv": [44, 36], "mirror": true}
					]
				},
				{
					"name": "hand_left",
					"parent": "forearm_left",
					"pivot": [17.9, 24.5, 3],
					"cubes": [
						{"origin": [17.9, 23.5, 1.5], "size": [3, 2, 3], "inflate": 0.01, "uv": [94, 27], "mirror": true}
					]
				},
				{
					"name": "finger_top_left",
					"parent": "hand_left",
					"pivot": [20.02006, 24.5, 1.25],
					"cubes": [
						{"origin": [16.02006, 24, -2.25], "size": [2, 1, 1], "inflate": 0.1, "pivot": [20.02006, 24.5, -1.75], "rotation": [0, 90, 0], "uv": [89, 89], "mirror": true}
					]
				},
				{
					"name": "finger_top_left2",
					"parent": "finger_top_left",
					"pivot": [20.02006, 25.1, 0.125],
					"cubes": [
						{"origin": [18.42006, 24, -2.05], "size": [1, 1, 1], "inflate": 0.11, "pivot": [20.02006, 24.5, -1.55], "rotation": [0, 90, 0], "uv": [10, 11], "mirror": true},
						{"origin": [19.27006, 24, -1.75], "size": [1, 1, 0], "pivot": [20.02006, 24.5, -1.75], "rotation": [0, 90, 0], "uv": [44, 1], "mirror": true}
					]
				},
				{
					"name": "finger_mid_left3",
					"parent": "hand_left",
					"pivot": [20.89506, 24.5, 2.125],
					"cubes": [
						{"origin": [20.14506, 24, 1.625], "size": [2, 1, 1], "inflate": 0.1, "uv": [84, 52], "mirror": true}
					]
				},
				{
					"name": "finger_mid_left2",
					"parent": "finger_mid_left3",
					"pivot": [22.27006, 25.1, 2.125],
					"cubes": [
						{"origin": [22.34506, 24, 1.625], "size": [1, 1, 1], "inflate": 0.11, "uv": [9, 3], "mirror": true},
						{"origin": [23.39506, 24, 2.125], "size": [1, 1, 0], "uv": [44, 0], "mirror": true}
					]
				},
				{
					"name": "finger_bot_left4",
					"parent": "hand_left",
					"pivot": [20.89506, 24.5, 3.875],
					"cubes": [
						{"origin": [20.14506, 24, 3.375], "size": [2, 1, 1], "inflate": 0.1, "uv": [82, 20], "mirror": true}
					]
				},
				{
					"name": "finger_bot_left2",
					"parent": "finger_bot_left4",
					"pivot": [22.27006, 25.1, 3.875],
					"cubes": [
						{"origin": [22.34506, 24, 3.375], "size": [1, 1, 1], "inflate": 0.11, "uv": [9, 0], "mirror": true},
						{"origin": [23.39506, 24, 3.875], "size": [1, 1, 0], "uv": [12, 0], "mirror": true}
					]
				},
				{
					"name": "leg_right",
					"parent": "body",
					"pivot": [-6.09167, 11.11982, 2.82481],
					"rotation": [0, 15, 0],
					"cubes": [
						{"origin": [-12.73063, 1.4867, -1.26843], "size": [7, 11, 8], "pivot": [-8.73063, 10.81875, 3.46362], "rotation": [-67.5, 0, 0], "uv": [76, 33]},
						{"origin": [-12.73063, 1.4867, -1.26843], "size": [7, 11, 8], "inflate": 0.1, "pivot": [-8.73063, 10.81875, 3.46362], "rotation": [-67.5, 0, 0], "uv": [74, 70]}
					]
				},
				{
					"name": "leg_right2",
					"parent": "leg_right",
					"pivot": [-9.23063, 7.82734, -2.58717],
					"cubes": [
						{"origin": [-11.73063, 0.1, -1.41186], "size": [5, 8, 6], "pivot": [-3.73063, 0, -1.76186], "rotation": [15, 0, 0], "uv": [39, 104]},
						{"origin": [-10.23063, 7.82734, -3.58717], "size": [2, 2, 2], "uv": [48, 67]}
					]
				},
				{
					"name": "foot_right",
					"parent": "leg_right2",
					"pivot": [-9.23063, 2, 2.48814],
					"cubes": [
						{"origin": [-12.23063, 0, -3.51186], "size": [6, 2, 8], "inflate": 0.01, "uv": [96, 67]},
						{"origin": [-10.83063, 0, -8.28173], "size": [1, 2, 3], "pivot": [-3.73063, 0, -1.51186], "rotation": [0.00002, 15, 0.00003], "uv": [82, 15]},
						{"origin": [-9.73063, 0, -6.48173], "size": [1, 2, 3], "uv": [79, 4]},
						{"origin": [-8.23063, 0, -5.53173], "size": [1, 2, 3], "pivot": [-3.73063, 0, -1.51186], "rotation": [0.00002, -15, -0.00003], "uv": [48, 62]}
					]
				},
				{
					"name": "bone2",
					"parent": "foot_right",
					"pivot": [-3.73063, 0, -1.51186],
					"cubes": [
						{"origin": [-10.33063, 0, -11.28173], "size": [0, 2, 3], "pivot": [-3.73063, 0, -1.51186], "rotation": [0.00002, 15, 0.00003], "uv": [22, 51]}
					]
				},
				{
					"name": "bone3",
					"parent": "foot_right",
					"pivot": [-3.73063, 0, -1.51186],
					"cubes": [
						{"origin": [-9.23063, 0, -9.48173], "size": [0, 2, 3], "uv": [6, 36]}
					]
				},
				{
					"name": "bone4",
					"parent": "foot_right",
					"pivot": [-3.73063, 0, -1.51186],
					"cubes": [
						{"origin": [-7.73063, 0, -8.53173], "size": [0, 2, 3], "pivot": [-3.73063, 0, -1.51186], "rotation": [0.00002, -15, -0.00003], "uv": [0, 36]}
					]
				},
				{
					"name": "leg_left",
					"parent": "body",
					"pivot": [6.09167, 11.11982, 2.82481],
					"rotation": [0, -15, 0],
					"cubes": [
						{"origin": [5.73063, 1.4867, -1.26843], "size": [7, 11, 8], "pivot": [8.73063, 10.81875, 3.46362], "rotation": [-67.5, 0, 0], "uv": [76, 33], "mirror": true},
						{"origin": [5.73063, 1.4867, -1.26843], "size": [7, 11, 8], "inflate": 0.1, "pivot": [8.73063, 10.81875, 3.46362], "rotation": [-67.5, 0, 0], "uv": [74, 70], "mirror": true}
					]
				},
				{
					"name": "leg_left2",
					"parent": "leg_left",
					"pivot": [9.23063, 7.82734, -2.58717],
					"cubes": [
						{"origin": [6.73063, 0.1, -1.41186], "size": [5, 8, 6], "pivot": [3.73063, 0, -1.76186], "rotation": [15, 0, 0], "uv": [39, 104], "mirror": true},
						{"origin": [8.23063, 7.82734, -3.58717], "size": [2, 2, 2], "uv": [48, 67], "mirror": true}
					]
				},
				{
					"name": "foot_left",
					"parent": "leg_left2",
					"pivot": [9.23063, 2, 2.48814],
					"cubes": [
						{"origin": [6.23063, 0, -3.51186], "size": [6, 2, 8], "inflate": 0.01, "uv": [96, 67], "mirror": true},
						{"origin": [9.83063, 0, -8.28173], "size": [1, 2, 3], "pivot": [3.73063, 0, -1.51186], "rotation": [0.00002, -15, -0.00003], "uv": [82, 15], "mirror": true},
						{"origin": [8.73063, 0, -6.48173], "size": [1, 2, 3], "uv": [79, 4], "mirror": true},
						{"origin": [7.23063, 0, -5.53173], "size": [1, 2, 3], "pivot": [3.73063, 0, -1.51186], "rotation": [0.00002, 15, 0.00003], "uv": [48, 62], "mirror": true}
					]
				},
				{
					"name": "bone5",
					"parent": "foot_left",
					"pivot": [3.73063, 0, -1.51186],
					"cubes": [
						{"origin": [10.33063, 0, -11.28173], "size": [0, 2, 3], "pivot": [3.73063, 0, -1.51186], "rotation": [0.00002, -15, -0.00003], "uv": [22, 51], "mirror": true}
					]
				},
				{
					"name": "bone6",
					"parent": "foot_left",
					"pivot": [3.73063, 0, -1.51186],
					"cubes": [
						{"origin": [9.23063, 0, -9.48173], "size": [0, 2, 3], "uv": [6, 36], "mirror": true}
					]
				},
				{
					"name": "bone9",
					"parent": "foot_left",
					"pivot": [3.73063, 0, -1.51186],
					"cubes": [
						{"origin": [7.73063, 0, -8.53173], "size": [0, 2, 3], "pivot": [3.73063, 0, -1.51186], "rotation": [0.00002, 15, 0.00003], "uv": [0, 36], "mirror": true}
					]
				}
			]
		}
	]
}