{
	"format_version": "1.12.0",
	"minecraft:geometry": [
		{
			"description": {
				"identifier": "geometry.chamormal",
				"texture_width": 64,
				"texture_height": 64,
				"visible_bounds_width": 2,
				"visible_bounds_height": 1.5,
				"visible_bounds_offset": [0, 0.25, 0]
			},
			"bones": [
				{
					"name": "chamormal",
					"pivot": [0, 0, 0]
				},
				{
					"name": "bone",
					"parent": "chamormal",
					"pivot": [0, 2, 0],
					"cubes": [
						{"origin": [-2.5, 2, -3], "size": [5, 3, 6], "uv": [20, 1]}
					]
				},
				{
					"name": "head",
					"parent": "bone",
					"pivot": [0, 4, -3],
					"cubes": [
						{"origin": [-2, 2, -7], "size": [4, 4, 4], "uv": [0, 0]},
						{"origin": [-0.5, 6, -6], "size": [1, 1, 3], "uv": [24, 14]},
						{"origin": [-0.5, 7, -5], "size": [1, 1, 2], "uv": [37, 16]}
					]
				},
				{
					"name": "tail",
					"parent": "bone",
					"pivot": [0, 4.5, 3],
					"cubes": [
						{"origin": [-1, 2, 3], "size": [2, 5, 5], "uv": [45, 4]}
					]
				},
				{
					"name": "leg",
					"parent": "bone",
					"pivot": [1.5, 2, -2],
					"cubes": [
						{"origin": [0.5, 0, -3], "size": [2, 2, 2], "uv": [3, 14]}
					]
				},
				{
					"name": "leg2",
					"parent": "bone",
					"pivot": [1.5, 2, 2],
					"cubes": [
						{"origin": [0.5, 0, 1], "size": [2, 2, 2], "uv": [3, 14]}
					]
				},
				{
					"name": "leg3",
					"parent": "bone",
					"pivot": [-1.5, 2, 2],
					"cubes": [
						{"origin": [-2.5, 0, 1], "size": [2, 2, 2], "uv": [3, 14], "mirror": true}
					]
				},
				{
					"name": "leg4",
					"parent": "bone",
					"pivot": [-1.5, 2, -2],
					"cubes": [
						{"origin": [-2.5, 0, -3], "size": [2, 2, 2], "uv": [3, 14], "mirror": true}
					]
				}
			]
		}
	]
}