{
	"format_version": "1.12.0",
	"minecraft:geometry": [
		{
			"description": {
				"identifier": "geometry.parawasp",
				"texture_width": 64,
				"texture_height": 64,
				"visible_bounds_width": 5,
				"visible_bounds_height": 3.5,
				"visible_bounds_offset": [0, 1.25, 0]
			},
			"bones": [
				{
					"name": "parawasp",
					"pivot": [0, 0, 0]
				},
				{
					"name": "body",
					"parent": "parawasp",
					"pivot": [0, 9.75, -2.5]
				},
				{
					"name": "torso",
					"parent": "body",
					"pivot": [0, 9.9, 0.1],
					"cubes": [
						{"origin": [-3, 7, -5], "size": [6, 5, 5], "uv": [0, 18]}
					]
				},
				{
					"name": "frontwing1",
					"parent": "torso",
					"pivot": [2, 12, -4],
					"cubes": [
						{"origin": [2, 12, -5], "size": [0, 12, 6], "uv": [22, 18]}
					]
				},
				{
					"name": "frontwing2",
					"parent": "torso",
					"pivot": [-2, 12, -4],
					"cubes": [
						{"origin": [-2, 12, -5], "size": [0, 12, 6], "uv": [22, 18], "mirror": true}
					]
				},
				{
					"name": "arm1",
					"parent": "torso",
					"pivot": [3, 9, -3],
					"cubes": [
						{"origin": [3, 8, -4], "size": [6, 2, 2], "uv": [20, 47]}
					]
				},
				{
					"name": "lowerarm1",
					"parent": "arm1",
					"pivot": [9, 9, -3],
					"cubes": [
						{"origin": [9, 8, -4], "size": [7, 2, 2], "uv": [20, 43]}
					]
				},
				{
					"name": "stinger1",
					"parent": "lowerarm1",
					"pivot": [16.08333, 9, -3.10566],
					"cubes": [
						{"origin": [16, 7.5, -4.75], "size": [4, 3, 3], "uv": [50, 27]},
						{"origin": [18.75, 8, -3.75], "size": [3, 2, 2], "pivot": [20.25, 9, -2.75], "rotation": [0, -10, 0], "uv": [40, 51]},
						{"origin": [20.75, 8.5, -2.25], "size": [3, 1, 1], "pivot": [22.25, 9.5, -2.25], "rotation": [0, -30, 0], "uv": [10, 37]}
					]
				},
				{
					"name": "arm2",
					"parent": "torso",
					"pivot": [-3, 9, -3],
					"cubes": [
						{"origin": [-9, 8, -4], "size": [6, 2, 2], "uv": [20, 47], "mirror": true}
					]
				},
				{
					"name": "lowerarm2",
					"parent": "arm2",
					"pivot": [-9, 9, -3],
					"cubes": [
						{"origin": [-16, 8, -4], "size": [7, 2, 2], "uv": [20, 43], "mirror": true}
					]
				},
				{
					"name": "stinger2",
					"parent": "lowerarm2",
					"pivot": [-16.08333, 9, -3.10566],
					"cubes": [
						{"origin": [-23.75, 8.5, -2.25], "size": [3, 1, 1], "pivot": [-22.25, 9.5, -2.25], "rotation": [0, 30, 0], "uv": [10, 37], "mirror": true},
						{"origin": [-20, 7.5, -4.75], "size": [4, 3, 3], "uv": [50, 27], "mirror": true},
						{"origin": [-21.75, 8, -3.75], "size": [3, 2, 2], "pivot": [-20.25, 9, -2.75], "rotation": [0, 10, 0], "uv": [40, 51], "mirror": true}
					]
				},
				{
					"name": "head",
					"parent": "torso",
					"pivot": [0, 10.92826, -4.96012],
					"cubes": [
						{"origin": [-2, 9, -10], "size": [4, 4, 5], "uv": [34, 18]},
						{"origin": [-1, 9, -13.45], "size": [2, 2, 3], "pivot": [0, 10, -11.95], "rotation": [-12.5, 0, 0], "uv": [30, 51]},
						{"origin": [-0.5, 8.5, -14.2], "size": [1, 2, 1], "pivot": [0, 9.5, -13.7], "rotation": [-5, 0, 0], "uv": [18, 28]},
						{"origin": [-1.5, 8.5, -11], "size": [3, 2, 2], "pivot": [-0.5, 9.5, -11.5], "rotation": [20, 0, 0], "uv": [50, 39]}
					]
				},
				{
					"name": "jaw",
					"parent": "head",
					"pivot": [0, 8.875, -6.5],
					"cubes": [
						{"origin": [-1, 8, -12], "size": [2, 1, 6], "uv": [18, 36]},
						{"origin": [-0.5, 8.25, -13], "size": [1, 1, 1], "uv": [18, 31]}
					]
				},
				{
					"name": "antenna",
					"parent": "head",
					"pivot": [0, 13, -7.5],
					"cubes": [
						{"origin": [-1.5, 13, -11], "size": [0, 4, 5], "uv": [0, 50]},
						{"origin": [1.5, 13, -11], "size": [0, 4, 5], "uv": [0, 50], "mirror": true}
					]
				},
				{
					"name": "eyes",
					"parent": "head",
					"pivot": [0, 10, -8]
				},
				{
					"name": "eye1",
					"parent": "eyes",
					"pivot": [-2.1, 11, -9],
					"cubes": [
						{"origin": [-2.1, 9, -10], "size": [0, 4, 4], "uv": [52, 51]}
					]
				},
				{
					"name": "eye2",
					"parent": "eyes",
					"pivot": [2.1, 11, -9],
					"cubes": [
						{"origin": [2.1, 9, -10], "size": [0, 4, 4], "uv": [52, 51], "mirror": true}
					]
				},
				{
					"name": "lowertorso",
					"parent": "body",
					"pivot": [0, 9.75, 0],
					"cubes": [
						{"origin": [-2, 7.75, 0], "size": [4, 4, 5], "uv": [0, 28]}
					]
				},
				{
					"name": "backwing1",
					"parent": "lowertorso",
					"pivot": [2, 11.75, 1.5],
					"cubes": [
						{"origin": [2, 11.75, 1], "size": [0, 8, 5], "uv": [0, 37]}
					]
				},
				{
					"name": "backwing2",
					"parent": "lowertorso",
					"pivot": [-2, 11.75, 1.5],
					"cubes": [
						{"origin": [-2, 11.75, 1], "size": [0, 8, 5], "uv": [0, 37], "mirror": true}
					]
				},
				{
					"name": "tailbase",
					"parent": "lowertorso",
					"pivot": [0, 10.25, 5],
					"cubes": [
						{"origin": [-1.5, 8.75, 5], "size": [3, 3, 5], "uv": [34, 27]}
					]
				},
				{
					"name": "tail1",
					"parent": "tailbase",
					"pivot": [0, 10.25, 10],
					"cubes": [
						{"origin": [-1, 9.25, 10], "size": [2, 2, 6], "uv": [34, 35]}
					]
				},
				{
					"name": "tail2",
					"parent": "tail1",
					"pivot": [0, 10.25, 16],
					"cubes": [
						{"origin": [-1, 9.25, 16], "size": [2, 2, 6], "uv": [36, 0]}
					]
				},
				{
					"name": "tailtip",
					"parent": "tail2",
					"pivot": [0, 10.25, 22],
					"cubes": [
						{"origin": [-1, 9.25, 22], "size": [2, 2, 6], "uv": [36, 8]},
						{"origin": [0, 8.25, 24], "size": [0, 6, 12], "uv": [0, 0]}
					]
				}
			]
		}
	]
}