{
	"format_version": "1.12.0",
	"minecraft:geometry": [
		{
			"description": {
				"identifier": "geometry.furnauries",
				"texture_width": 128,
				"texture_height": 128,
				"visible_bounds_width": 4,
				"visible_bounds_height": 4.5,
				"visible_bounds_offset": [0, 1.75, 0]
			},
			"bones": [
				{
					"name": "furnauries",
					"pivot": [0, 0, 0]
				},
				{
					"name": "body",
					"parent": "furnauries",
					"pivot": [0, 25.6, 0]
				},
				{
					"name": "torso",
					"parent": "body",
					"pivot": [0, 23.6, 0.5],
					"cubes": [
						{"origin": [-7, 20.6, -5], "size": [14, 13, 12], "uv": [0, 0]},
						{"origin": [-7, 22.6, -5], "size": [6, 2, 0], "pivot": [-4, 24.6, -5], "rotation": [-12.5, 0, 0], "uv": [102, 76]},
						{"origin": [-6.2, 27.8, -5.1], "size": [5, 5, 0], "pivot": [-3.7, 30.3, -5.1], "rotation": [0, 0, 22.5], "uv": [84, 35]},
						{"origin": [-2.5, 28.1, -6], "size": [5, 5, 1], "uv": [0, 109]},
						{"origin": [-2, 29.1, -6.1], "size": [4, 3, 0], "uv": [118, 36]},
						{"origin": [-1.5, 25.6, -5.6], "size": [3, 3, 1], "uv": [116, 102]},
						{"origin": [-0.5, 24.6, -5.6], "size": [1, 1, 1], "uv": [110, 78]},
						{"origin": [1.2, 27.8, -5.1], "size": [5, 5, 0], "pivot": [3.7, 30.3, -5.1], "rotation": [0, 0, -22.5], "uv": [46, 92]},
						{"origin": [1, 22.6, -5], "size": [6, 2, 0], "pivot": [4, 24.6, -5], "rotation": [-12.5, 0, 0], "uv": [92, 20]},
						{"origin": [-3.5, 22.6, 7], "size": [7, 2, 0], "pivot": [0, 24.6, 7], "rotation": [12.5, 0, 0], "uv": [66, 22]}
					]
				},
				{
					"name": "head",
					"parent": "torso",
					"pivot": [0, 33.75, -2],
					"rotation": [7.5, 0, 0],
					"cubes": [
						{"origin": [-3.5, 33.21864, -10.16668], "size": [7, 4, 4], "pivot": [0, 35.21864, -8.16668], "rotation": [7.5, 0, 0], "uv": [74, 56]},
						{"origin": [-1, 35.48397, -10.46853], "size": [2, 1, 0], "pivot": [0.5, 36.98397, -10.46853], "rotation": [7.5, 0, 0], "uv": [84, 115]},
						{"origin": [-0.5, 37.9196, -6.96668], "size": [1, 3, 1], "uv": [40, 105]},
						{"origin": [1.5, 38.9196, -6.71668], "size": [1, 2, 1], "uv": [28, 77]},
						{"origin": [2.6082, 39.61083, -6.47668], "size": [3, 2, 5], "pivot": [3.15, 33.3776, -5.9837], "rotation": [0, 0, -7.5], "uv": [0, 102]},
						{"origin": [-5.6082, 39.61083, -6.47668], "size": [3, 2, 5], "pivot": [-3.15, 33.3776, -5.9837], "rotation": [0, 0, 7.5], "uv": [102, 35]},
						{"origin": [-2.5, 38.9196, -6.71668], "size": [1, 2, 1], "uv": [80, 22]},
						{"origin": [-4.52712, 33.76273, -3.47739], "size": [0, 4, 4], "pivot": [-4.83122, 37.70896, -1.82336], "rotation": [-9.85617, 1.4544, 8.74835], "uv": [116, 42]},
						{"origin": [-2.5, 38.29821, -1.63562], "size": [5, 3, 5], "pivot": [0.5, 35.71473, -5.54539], "rotation": [42.5, 0, 0], "uv": [98, 88]},
						{"origin": [-4.5, 33.46864, -6.46668], "size": [9, 8, 8], "uv": [68, 64]},
						{"origin": [-3.5, 39.12016, -5.3337], "size": [7, 5, 7], "pivot": [0, 41.62016, -2.01119], "rotation": [22.5, 0, 0], "uv": [28, 80]},
						{"origin": [4.68812, 33.84401, -3.49911], "size": [0, 4, 4], "pivot": [4.99499, 37.79193, -1.83292], "rotation": [-9.8562, 0.8501, -8.827], "uv": [48, 116]}
					]
				},
				{
					"name": "mouth_open",
					"parent": "head",
					"pivot": [0, 34.48397, -10.16853],
					"cubes": [
						{"origin": [-2.5, 32.98397, -10.06853], "size": [5, 3, 0], "pivot": [0, 34.48397, -10.06853], "rotation": [7.5, 0, 0], "uv": [114, 77]}
					]
				},
				{
					"name": "mouth_smile",
					"parent": "head",
					"pivot": [0, 34.48397, -10.36853],
					"cubes": [
						{"origin": [-3.5, 32.98397, -10.06853], "size": [7, 3, 0], "pivot": [0, 34.48397, -10.06853], "rotation": [7.5, 0, 0], "uv": [52, 22]}
					]
				},
				{
					"name": "mouth_closed",
					"parent": "head",
					"pivot": [0, 34.98397, -10.16853],
					"cubes": [
						{"origin": [-3.5, 33.48397, -10.16853], "size": [7, 1, 0], "pivot": [0, 34.98397, -10.16853], "rotation": [7.5, 0, 0], "uv": [66, 24]}
					]
				},
				{
					"name": "eye_right",
					"parent": "head",
					"pivot": [3, 38.46864, -5.96668],
					"cubes": [
						{"origin": [1.5, 37.46864, -6.46668], "size": [3, 2, 1], "inflate": 0.01, "uv": [24, 117]}
					]
				},
				{
					"name": "iris_right",
					"parent": "eye_right",
					"pivot": [2.75, 38.46864, -6.48668],
					"cubes": [
						{"origin": [2.25, 37.96864, -6.4866], "size": [1, 1, 0], "uv": [74, 97]}
					]
				},
				{
					"name": "brow_right",
					"parent": "head",
					"pivot": [3.63084, 39.54455, -6.68312],
					"cubes": [
						{"origin": [3.45749, 38.62887, -7.46668], "size": [3, 1, 2], "inflate": 0.01, "pivot": [3.25, 32.6276, -8.4337], "rotation": [0, 0, -17.5], "uv": [34, 61]},
						{"origin": [7.83587, 36.75992, -6.96668], "size": [1, 1, 0], "pivot": [2.92349, 32.30039, -8.9337], "rotation": [0, 0, -47.5], "uv": [32, 79]},
						{"origin": [4.78985, 39.38942, -8.41273], "size": [2, 1, 0], "pivot": [4.79628, 32.52689, -8.7337], "rotation": [-12.5, -37.5, 5], "uv": [12, 112]}
					]
				},
				{
					"name": "eye_left",
					"parent": "head",
					"pivot": [-3, 38.46864, -5.96668],
					"cubes": [
						{"origin": [-4.5, 37.46864, -6.46668], "size": [3, 2, 1], "inflate": 0.01, "uv": [118, 33]}
					]
				},
				{
					"name": "iris_left",
					"parent": "eye_left",
					"pivot": [-2.75, 38.46864, -6.48668],
					"cubes": [
						{"origin": [-3.25, 37.96864, -6.4866], "size": [1, 1, 0], "uv": [32, 77]}
					]
				},
				{
					"name": "brow_left",
					"parent": "head",
					"pivot": [-3.63084, 39.54455, -6.68312],
					"cubes": [
						{"origin": [-6.45749, 38.62887, -7.46668], "size": [3, 1, 2], "inflate": 0.01, "pivot": [-3.25, 32.6276, -8.4337], "rotation": [0, 0, 17.5], "uv": [114, 30]},
						{"origin": [-8.83587, 36.75992, -6.96668], "size": [1, 1, 0], "pivot": [-2.92349, 32.30039, -8.9337], "rotation": [0, 0, 47.5], "uv": [32, 78]},
						{"origin": [-6.78985, 39.38942, -8.41273], "size": [2, 1, 0], "pivot": [-4.79628, 32.52689, -8.7337], "rotation": [-12.5, 37.5, -5], "uv": [40, 109]}
					]
				},
				{
					"name": "fire_hair",
					"parent": "head",
					"pivot": [0, 43.57229, -0.02141],
					"cubes": [
						{"origin": [0, 40.46107, -1.43688], "size": [0, 7, 10], "pivot": [0, 43.57229, -0.02141], "rotation": [27.5, 0, 0], "uv": [56, 80]}
					]
				},
				{
					"name": "horn_right",
					"parent": "head",
					"pivot": [3.35, 33.5776, -4.3837],
					"rotation": [0, 22.5, 20],
					"cubes": [
						{"origin": [-1.77241, 39.52178, -9.45366], "size": [3, 4, 3], "pivot": [2.8, 33.5276, -4.4337], "rotation": [-37.5, 0, 0], "uv": [64, 108]},
						{"origin": [-1.77241, 39.01878, -10.4052], "size": [3, 3, 3], "pivot": [2.85, 36.2776, -2.6337], "rotation": [-72.5, 0, 0], "uv": [52, 110]},
						{"origin": [-1.77241, 34.702, -8.99806], "size": [3, 3, 3], "inflate": 0.01, "pivot": [2.85, 37.1776, -0.9837], "rotation": [-117.5, 0, 0], "uv": [88, 110]},
						{"origin": [-0.75204, 31.11847, -5.36375], "size": [3, 3, 3], "pivot": [2.6, 36.2776, 1.4663], "rotation": [-140.86332, -1.67326, -10.00017], "uv": [26, 111]},
						{"origin": [1.41479, 26.62341, 0.37942], "size": [3, 3, 3], "pivot": [2.85, 34.4276, 3.0663], "rotation": [-177.41193, -14.98539, -23.16963], "uv": [12, 113]}
					]
				},
				{
					"name": "bone3",
					"parent": "horn_right",
					"pivot": [2.85, 34.4276, 2.6663],
					"rotation": [0, -20, 0],
					"cubes": [
						{"origin": [1.54315, 28.57945, 2.80523], "size": [3, 3, 3], "pivot": [2.85, 34.4276, 2.6663], "rotation": [142.5, 0, -22.5], "uv": [0, 115]},
						{"origin": [2.04315, 32.01209, 4.54902], "size": [2, 4, 2], "pivot": [2.85, 34.4276, 2.6663], "rotation": [110, 0, -22.5], "uv": [116, 50]},
						{"origin": [4.49263, 26.37119, 4.06239], "size": [1, 2, 1], "pivot": [4.74948, 29.86175, -2.61382], "rotation": [95, 0, -22.5], "uv": [32, 117]}
					]
				},
				{
					"name": "ear_right",
					"parent": "head",
					"pivot": [4.69242, 39.30096, 0.92992],
					"rotation": [-55.11493, 25.70069, -1.71766],
					"cubes": [
						{"origin": [0.2161, 28.17375, -4.54657], "size": [1, 7, 4], "pivot": [6.34429, 30.16291, 9.68047], "rotation": [-30.19263, 6.40865, 39.56869], "uv": [64, 97]},
						{"origin": [2.95276, 29.94561, -2.35452], "size": [0, 4, 3], "pivot": [7.2913, 33.00519, 5.47982], "rotation": [-37.10964, 8.90239, 43.94178], "uv": [22, 93]},
						{"origin": [4.91792, 35.79929, -2.65141], "size": [0, 5, 4], "pivot": [9.25945, 36.53184, 6.14258], "rotation": [-20.19263, 6.40865, 39.56869], "uv": [76, 115]}
					]
				},
				{
					"name": "horn_left",
					"parent": "head",
					"pivot": [-3.35, 33.5776, -4.3837],
					"rotation": [0, -22.5, -20],
					"cubes": [
						{"origin": [-2.24796, 31.11847, -5.36375], "size": [3, 3, 3], "pivot": [-2.6, 36.2776, 1.4663], "rotation": [-140.86332, 1.67326, 10.00017], "uv": [114, 96]},
						{"origin": [-4.41479, 26.62341, 0.37942], "size": [3, 3, 3], "pivot": [-2.85, 34.4276, 3.0663], "rotation": [-177.41193, 14.98539, 23.16963], "uv": [40, 110]},
						{"origin": [-1.22759, 34.702, -8.99806], "size": [3, 3, 3], "inflate": 0.01, "pivot": [-2.85, 37.1776, -0.9837], "rotation": [-117.5, 0, 0], "uv": [112, 110]},
						{"origin": [-1.22759, 39.01878, -10.4052], "size": [3, 3, 3], "pivot": [-2.85, 36.2776, -2.6337], "rotation": [-72.5, 0, 0], "uv": [100, 110]},
						{"origin": [-1.22759, 39.52178, -9.45366], "size": [3, 4, 3], "pivot": [-2.8, 33.5276, -4.4337], "rotation": [-37.5, 0, 0], "uv": [76, 108]}
					]
				},
				{
					"name": "bone4",
					"parent": "horn_left",
					"pivot": [-2.85, 34.4276, 2.6663],
					"rotation": [0, 20, 0],
					"cubes": [
						{"origin": [-4.04315, 32.01209, 4.54902], "size": [2, 4, 2], "pivot": [-2.85, 34.4276, 2.6663], "rotation": [110, 0, 22.5], "uv": [116, 64]},
						{"origin": [-4.54315, 28.57945, 2.80523], "size": [3, 3, 3], "pivot": [-2.85, 34.4276, 2.6663], "rotation": [142.5, 0, 22.5], "uv": [64, 115]},
						{"origin": [-5.49263, 26.37119, 4.06239], "size": [1, 2, 1], "pivot": [-4.74948, 29.86175, -2.61382], "rotation": [95, 0, 22.5], "uv": [12, 109]}
					]
				},
				{
					"name": "ear_left",
					"parent": "head",
					"pivot": [-4.69242, 39.30096, 0.92992],
					"rotation": [-55.11493, -25.70069, 1.71766],
					"cubes": [
						{"origin": [-1.2161, 28.17375, -4.54657], "size": [1, 7, 4], "pivot": [-6.34429, 30.16291, 9.68047], "rotation": [-30.19263, -6.40865, -39.56869], "uv": [16, 102]},
						{"origin": [-2.95276, 29.94561, -2.35452], "size": [0, 4, 3], "pivot": [-7.2913, 33.00519, 5.47982], "rotation": [-37.10964, -8.90239, -43.94178], "uv": [116, 70]},
						{"origin": [-4.91792, 35.79929, -2.65141], "size": [0, 5, 4], "pivot": [-9.25945, 36.53184, 6.14258], "rotation": [-20.19263, -6.40865, -39.56869], "uv": [116, 0]}
					]
				},
				{
					"name": "goatie",
					"parent": "head",
					"pivot": [-0.15, 33.07316, -8.33079],
					"cubes": [
						{"origin": [-0.00451, 29.67441, -11.33642], "size": [0, 4, 4], "pivot": [-0.15, 33.07316, -8.33079], "rotation": [14.5, 0, 0], "uv": [56, 116]}
					]
				},
				{
					"name": "arm_right",
					"parent": "torso",
					"pivot": [6, 29.6, 0],
					"cubes": [
						{"origin": [6, 27.6, -3], "size": [8, 7, 9], "uv": [0, 61]},
						{"origin": [8.25, 34.6, 0.5], "size": [2, 3, 2], "uv": [106, 30]},
						{"origin": [12, 34.1, -3.125], "size": [2, 1, 5], "pivot": [13, 35.1, -0.15], "rotation": [0, 15, 0], "uv": [74, 102]},
						{"origin": [12, 34.1, 1.225], "size": [2, 1, 5], "pivot": [13, 35.1, 3.25], "rotation": [0, -15, 0], "uv": [102, 70]}
					]
				},
				{
					"name": "middle_arm_right",
					"parent": "arm_right",
					"pivot": [13.5, 31.1, 1],
					"cubes": [
						{"origin": [13.5, 28.1, -2], "size": [4, 6, 7], "uv": [84, 22]}
					]
				},
				{
					"name": "lower_arm_right",
					"parent": "middle_arm_right",
					"pivot": [17.5, 31.1, 1],
					"cubes": [
						{"origin": [16.5, 27.1, -4], "size": [12, 8, 10], "uv": [0, 43]},
						{"origin": [18, 34.1, -3.5], "size": [11, 2, 9], "uv": [52, 0]},
						{"origin": [15.1, 35.1, -3], "size": [3, 0, 8], "pivot": [18.1, 35.1, 1], "rotation": [0, 0, 20], "uv": [96, 56]}
					]
				},
				{
					"name": "finger_right2",
					"parent": "lower_arm_right",
					"pivot": [28, 32.6, 3.5],
					"cubes": [
						{"origin": [33.23763, 30.44645, 3], "size": [1, 1, 1], "pivot": [33.73763, 30.94645, 3.5], "rotation": [0, 0, 32.5], "uv": [22, 100]},
						{"origin": [31.6, 30.9, 2.5], "size": [2, 2, 2], "pivot": [32.6, 31.9, 3.5], "rotation": [0, 0, 15], "uv": [92, 116]},
						{"origin": [28, 31.1, 2], "size": [4, 3, 3], "uv": [102, 48]}
					]
				},
				{
					"name": "finger_right",
					"parent": "lower_arm_right",
					"pivot": [28, 32.6, 0],
					"cubes": [
						{"origin": [33.23763, 30.44645, -2], "size": [1, 1, 1], "pivot": [33.73763, 30.94645, -1.5], "rotation": [0, 0, 32.5], "uv": [106, 78]},
						{"origin": [31.6, 30.9, -2.5], "size": [2, 2, 2], "pivot": [32.6, 31.9, -1.5], "rotation": [0, 0, 15], "uv": [108, 116]},
						{"origin": [28, 31.1, -3], "size": [4, 3, 3], "uv": [26, 105]}
					]
				},
				{
					"name": "thumb_right",
					"parent": "lower_arm_right",
					"pivot": [26.23366, 30.02322, -2.46909],
					"rotation": [90, 52.5, 0],
					"cubes": [
						{"origin": [26.32746, 28.75397, -3.96909], "size": [4, 3, 3], "uv": [106, 24]},
						{"origin": [31.71664, 29.23401, -2.96909], "size": [1, 1, 1], "pivot": [30.19628, 29.42719, -10.06909], "rotation": [0, 0, 32.5], "uv": [114, 33]},
						{"origin": [29.86974, 28.73889, -3.46909], "size": [2, 2, 2], "pivot": [30.19628, 29.42719, -10.06909], "rotation": [0, 0, 15], "uv": [116, 116]}
					]
				},
				{
					"name": "arm_left",
					"parent": "torso",
					"pivot": [-6, 29.6, 0],
					"cubes": [
						{"origin": [-14, 27.6, -3], "size": [8, 7, 9], "uv": [0, 61], "mirror": true},
						{"origin": [-10.25, 34.6, 0.5], "size": [2, 3, 2], "uv": [106, 30], "mirror": true},
						{"origin": [-14, 34.1, 1.225], "size": [2, 1, 5], "pivot": [-13, 35.1, 3.25], "rotation": [0, 15, 0], "uv": [102, 70], "mirror": true},
						{"origin": [-14, 34.1, -3.125], "size": [2, 1, 5], "pivot": [-13, 35.1, -0.15], "rotation": [0, -15, 0], "uv": [74, 102], "mirror": true}
					]
				},
				{
					"name": "middle_arm_left",
					"parent": "arm_left",
					"pivot": [-13.5, 31.1, 0],
					"cubes": [
						{"origin": [-17.5, 28.1, -2], "size": [4, 6, 7], "uv": [84, 22], "mirror": true}
					]
				},
				{
					"name": "lower_arm_left",
					"parent": "middle_arm_left",
					"pivot": [-17.5, 31.1, 1],
					"cubes": [
						{"origin": [-28.5, 27.1, -4], "size": [12, 8, 10], "uv": [0, 43], "mirror": true},
						{"origin": [-18.1, 35.1, -3], "size": [3, 0, 8], "pivot": [-18.1, 35.1, 1], "rotation": [0, 0, -20], "uv": [96, 56], "mirror": true},
						{"origin": [-29, 34.1, -3.5], "size": [11, 2, 9], "uv": [52, 0], "mirror": true}
					]
				},
				{
					"name": "thumb_left",
					"parent": "lower_arm_left",
					"pivot": [-26.23366, 30.02322, -2.46909],
					"rotation": [90, -52.5, 0],
					"cubes": [
						{"origin": [-32.71664, 29.23401, -2.96909], "size": [1, 1, 1], "pivot": [-30.19628, 29.42719, -10.06909], "rotation": [0, 0, -32.5], "uv": [92, 102]},
						{"origin": [-30.32746, 28.75397, -3.96909], "size": [4, 3, 3], "uv": [102, 104]},
						{"origin": [-31.86974, 28.73889, -3.46909], "size": [2, 2, 2], "pivot": [-30.19628, 29.42719, -10.06909], "rotation": [0, 0, -15], "uv": [116, 106]}
					]
				},
				{
					"name": "finger_left",
					"parent": "lower_arm_left",
					"pivot": [-28.73763, 31.94645, -1.5],
					"cubes": [
						{"origin": [-32, 31.1, -3], "size": [4, 3, 3], "uv": [102, 42]},
						{"origin": [-33.6, 30.9, -2.5], "size": [2, 2, 2], "pivot": [-32.6, 31.9, -1.5], "rotation": [0, 0, -15], "uv": [84, 116]},
						{"origin": [-34.23763, 30.44645, -2], "size": [1, 1, 1], "pivot": [-33.73763, 30.94645, -1.5], "rotation": [0, 0, -32.5], "uv": [102, 78]}
					]
				},
				{
					"name": "finger_left2",
					"parent": "lower_arm_left",
					"pivot": [-28.73763, 31.94645, 3.5],
					"cubes": [
						{"origin": [-33.6, 30.9, 2.5], "size": [2, 2, 2], "pivot": [-32.6, 31.9, 3.5], "rotation": [0, 0, -15], "uv": [100, 116]},
						{"origin": [-32, 31.1, 2], "size": [4, 3, 3], "uv": [102, 64]},
						{"origin": [-34.23763, 30.44645, 3], "size": [1, 1, 1], "pivot": [-33.73763, 30.94645, 3.5], "rotation": [0, 0, -32.5], "uv": [88, 102]}
					]
				},
				{
					"name": "lower_torso",
					"parent": "body",
					"pivot": [0, 20.35, 1],
					"cubes": [
						{"origin": [-5, 16.6, -4], "size": [10, 5, 10], "uv": [44, 25]}
					]
				},
				{
					"name": "tail",
					"parent": "lower_torso",
					"pivot": [0.5, 18.6, 5.5],
					"cubes": [
						{"origin": [-2, 16.1, 5], "size": [4, 4, 4], "pivot": [0.5, 18.1, 7], "rotation": [-22.5, 0, 0], "uv": [98, 96]}
					]
				},
				{
					"name": "tail_fire",
					"parent": "tail",
					"pivot": [0.5, 17.35, 8.25],
					"cubes": [
						{"origin": [0, 13.61105, 8.23289], "size": [0, 9, 15], "pivot": [0.5, 17.35, 8.25], "rotation": [-7.5, 0, 0], "uv": [44, 40]}
					]
				},
				{
					"name": "leg_right",
					"parent": "body",
					"pivot": [3, 17, 2],
					"rotation": [-15, 0, 0],
					"cubes": [
						{"origin": [2, 10.54548, -2.41411], "size": [7, 9, 7], "uv": [0, 77]},
						{"origin": [9.25, 14.54548, -1.41411], "size": [0, 2, 5], "pivot": [9.25, 15.54548, 1.08589], "rotation": [0, 0, -12.5], "uv": [116, 9]},
						{"origin": [2.5, 8.67089, -1.11628], "size": [6, 2, 0], "pivot": [5.5, 10.17089, -1.11628], "rotation": [12.5, 0, 0], "uv": [92, 18]}
					]
				},
				{
					"name": "shin_right",
					"parent": "leg_right",
					"pivot": [5.5, 11.5, 1.5],
					"rotation": [15, 0, 0],
					"cubes": [
						{"origin": [3.5, 4.01228, -0.64653], "size": [4, 8, 5], "pivot": [5.5, 10.53407, 1.24118], "rotation": [22.5, 0, 0], "uv": [46, 97]}
					]
				},
				{
					"name": "foot_right",
					"parent": "shin_right",
					"pivot": [5, 4.13407, 4.29118],
					"cubes": [
						{"origin": [3, 2.73407, 0.79118], "size": [5, 3, 6], "uv": [0, 93]},
						{"origin": [2.5, -0.26593, 0.79118], "size": [6, 3, 6], "uv": [92, 0]}
					]
				},
				{
					"name": "leg_left",
					"parent": "body",
					"pivot": [-3, 17, 2],
					"rotation": [-15, 0, 0],
					"cubes": [
						{"origin": [-9, 10.54548, -2.41411], "size": [7, 9, 7], "uv": [74, 40]},
						{"origin": [-8.5, 8.67089, -1.11628], "size": [6, 2, 0], "pivot": [-5.5, 10.17089, -1.11628], "rotation": [12.5, 0, 0], "uv": [102, 54]},
						{"origin": [-9.25, 14.54548, -1.41411], "size": [0, 2, 5], "pivot": [-9.25, 15.54548, 1.08589], "rotation": [0, 0, 12.5], "uv": [38, 116]}
					]
				},
				{
					"name": "shin_left",
					"parent": "leg_left",
					"pivot": [-5.5, 11.5, 1.5],
					"rotation": [15, 0, 0],
					"cubes": [
						{"origin": [-7.5, 4.01228, -0.64653], "size": [4, 8, 5], "pivot": [-5.5, 10.53407, 1.24118], "rotation": [22.5, 0, 0], "uv": [28, 92]}
					]
				},
				{
					"name": "foot_left",
					"parent": "shin_left",
					"pivot": [-5, 4.13407, 4.29118],
					"cubes": [
						{"origin": [-8, 2.73407, 0.79118], "size": [5, 3, 6], "uv": [76, 93]},
						{"origin": [-8.5, -0.26593, 0.79118], "size": [6, 3, 6], "uv": [92, 9]}
					]
				}
			]
		}
	]
}