{
	"format_version": "1.12.0",
	"minecraft:geometry": [
		{
			"description": {
				"identifier": "geometry.unknown",
				"texture_width": 64,
				"texture_height": 64,
				"visible_bounds_width": 2,
				"visible_bounds_height": 2.5,
				"visible_bounds_offset": [0, 0.75, 0]
			},
			"bones": [
				{
					"name": "whole",
					"pivot": [0, 0, 0]
				},
				{
					"name": "head",
					"parent": "whole",
					"pivot": [0, 5.5, 0],
					"cubes": [
						{"origin": [-2.5, 3, -2.5], "size": [5, 5, 5], "uv": [0, 18]}
					]
				},
				{
					"name": "beak",
					"parent": "head",
					"pivot": [0, -1, 0]
				},
				{
					"name": "topbeak",
					"parent": "beak",
					"pivot": [0, 5, -2],
					"cubes": [
						{"origin": [-2, 4, -4], "size": [4, 2, 2], "uv": [18, 0]}
					]
				},
				{
					"name": "bottom",
					"parent": "beak",
					"pivot": [0, -3, -0.5],
					"cubes": [
						{"origin": [-2, 3, -3.5], "size": [4, 1, 1], "uv": [26, 14]}
					]
				},
				{
					"name": "dingledangle",
					"parent": "bottom",
					"pivot": [0, -3, -0.5]
				},
				{
					"name": "eyes",
					"parent": "head",
					"pivot": [0, -1, 0]
				},
				{
					"name": "left",
					"parent": "eyes",
					"pivot": [2, 5.7, -2.525],
					"cubes": [
						{"origin": [1.5, 5.2, -2.525], "size": [1, 1, 0], "uv": [0, 1]}
					]
				},
				{
					"name": "right",
					"parent": "eyes",
					"pivot": [-2, 5.7, -2.525],
					"cubes": [
						{"origin": [-2.5, 5.2, -2.525], "size": [1, 1, 0], "uv": [0, 0]}
					]
				},
				{
					"name": "topegg",
					"parent": "head",
					"pivot": [0, -1, 0],
					"cubes": [
						{"origin": [-3, 7, -3], "size": [6, 3, 6], "uv": [0, 0]},
						{"origin": [-3, 6, -3], "size": [0, 1, 6], "uv": [20, 19]},
						{"origin": [-3, 6, -3], "size": [6, 1, 0], "uv": [26, 13]},
						{"origin": [-3, 6, 3], "size": [6, 1, 0], "uv": [26, 8]},
						{"origin": [3, 6, -3], "size": [0, 1, 6], "uv": [18, 6]}
					]
				},
				{
					"name": "body",
					"parent": "whole",
					"pivot": [0, 0, 0]
				},
				{
					"name": "eggy",
					"parent": "body",
					"pivot": [0, 0, 0],
					"cubes": [
						{"origin": [-3, 0, -3], "size": [6, 3, 6], "uv": [0, 9]},
						{"origin": [-3, 3, -3], "size": [0, 2, 6], "uv": [20, 17]},
						{"origin": [3, 3, -3], "size": [0, 2, 6], "uv": [15, 15]},
						{"origin": [-3, 3, -3], "size": [6, 2, 0], "uv": [26, 4]},
						{"origin": [-3, 3, 3], "size": [6, 2, 0], "uv": [26, 6]}
					]
				},
				{
					"name": "wings",
					"parent": "body",
					"pivot": [0, 0, 0]
				},
				{
					"name": "leftwing",
					"parent": "wings",
					"pivot": [3, 3.75, 0],
					"rotation": [-7.5, 0, -12.5],
					"cubes": [
						{"origin": [2.80411, 0.73093, -2.51475], "size": [1, 3, 5], "uv": [19, 13]}
					]
				},
				{
					"name": "rightwing",
					"parent": "wings",
					"pivot": [-3, 4, 0],
					"rotation": [-7.5, 0, 12.5],
					"cubes": [
						{"origin": [-3.75, 0.73895, -2.48289], "size": [1, 3, 5], "uv": [19, 4]}
					]
				},
				{
					"name": "tail",
					"parent": "body",
					"pivot": [0, 1.0373, 2.84339],
					"cubes": [
						{"origin": [-1.5, 1, 3], "size": [3, 0, 2], "pivot": [0, 1, 3], "rotation": [32.5, 0, 0], "uv": [16, 4]}
					]
				},
				{
					"name": "feetsies",
					"parent": "body",
					"pivot": [0, 0, 0]
				},
				{
					"name": "rightfootsie",
					"parent": "feetsies",
					"pivot": [-2.25, 0.05, -2.5],
					"rotation": [0, 57.5, 0],
					"cubes": [
						{"origin": [-3.25, 0.05, -4.5], "size": [2, 0, 2], "uv": [0, 2]}
					]
				},
				{
					"name": "leftfootsie",
					"parent": "feetsies",
					"pivot": [2.25, 0, -2.5],
					"rotation": [0, -57.5, 0],
					"cubes": [
						{"origin": [1.25, 0.05, -4.5], "size": [2, 0, 2], "uv": [0, 0]}
					]
				}
			]
		}
	]
}