{
	"format_version": "1.12.0",
	"minecraft:geometry": [
		{
			"description": {
				"identifier": "geometry.golakey",
				"texture_width": 128,
				"texture_height": 128,
				"visible_bounds_width": 5,
				"visible_bounds_height": 4.5,
				"visible_bounds_offset": [0, 1.75, 0]
			},
			"bones": [
				{
					"name": "golakey",
					"pivot": [0, 0, 0]
				},
				{
					"name": "head",
					"parent": "golakey",
					"pivot": [0, 33, -5],
					"cubes": [
						{"origin": [-8, 29, -15], "size": [16, 16, 13], "uv": [0, 0]},
						{"origin": [-9, 28.8, -16], "size": [18, 7, 10], "uv": [63, 8]}
					]
				},
				{
					"name": "bone",
					"parent": "golakey",
					"pivot": [0, 21, 0],
					"cubes": [
						{"origin": [-10, 18, -6], "size": [20, 19, 13], "uv": [0, 36]}
					]
				},
				{
					"name": "leg",
					"parent": "golakey",
					"pivot": [-6, 13.83333, 0],
					"cubes": [
						{"origin": [-8, 0, -2], "size": [4, 17, 4], "uv": [84, 47]},
						{"origin": [-9, 17, -3], "size": [6, 4, 6], "uv": [21, 93]},
						{"origin": [-8, 0, -6], "size": [4, 4, 4], "uv": [99, 38]},
						{"origin": [-8, 8, -6], "size": [4, 4, 4], "uv": [99, 38]}
					]
				},
				{
					"name": "leg2",
					"parent": "golakey",
					"pivot": [6, 13.83333, 0],
					"cubes": [
						{"origin": [4, 0, -2], "size": [4, 17, 4], "uv": [84, 47], "mirror": true},
						{"origin": [3, 17, -3], "size": [6, 4, 6], "uv": [21, 93], "mirror": true},
						{"origin": [4, 0, -6], "size": [4, 4, 4], "uv": [99, 38], "mirror": true},
						{"origin": [4, 8, -6], "size": [4, 4, 4], "uv": [99, 38], "mirror": true}
					]
				},
				{
					"name": "arm",
					"parent": "golakey",
					"pivot": [11, 30, 0],
					"cubes": [
						{"origin": [11, 28, -2], "size": [17, 4, 4], "uv": [16, 78]},
						{"origin": [24, 24, -2], "size": [4, 4, 4], "uv": [85, 78]},
						{"origin": [16, 24, -2], "size": [4, 4, 4], "uv": [85, 78]},
						{"origin": [7, 27, -3], "size": [4, 6, 6], "uv": [60, 88]}
					]
				},
				{
					"name": "arm2",
					"parent": "golakey",
					"pivot": [-11, 30, 0],
					"cubes": [
						{"origin": [-28, 28, -2], "size": [17, 4, 4], "uv": [16, 78], "mirror": true},
						{"origin": [-11, 27, -3], "size": [4, 6, 6], "uv": [60, 88], "mirror": true},
						{"origin": [-28, 24, -2], "size": [4, 4, 4], "uv": [85, 78], "mirror": true},
						{"origin": [-20, 24, -2], "size": [4, 4, 4], "uv": [85, 78], "mirror": true}
					]
				}
			]
		}
	]
}