{
  "implemented": true,
  "name": "allayze",
  "nationalPokedexNumber": 2008,
  "primaryType": "fire",
  "abilities": [
    "blaze",
    "pickup",
    "h:simple"
  ],
  "baseStats": {
    "hp": 55,
    "attack": 70,
    "defence": 50,
    "special_attack": 40,
    "special_defence": 50,
    "speed": 65
  },
  "behaviour": {
    "resting": {
      "canSleep": true,
      "depth": "normal",
      "light": "0-4",
      "willSleepOnBed": false
    },
    "moving": {
      "canLook": true,
      "walk": {
        "canWalk": true,
        "avoidsLand": false
      },
      "swim": {
        "swimSpeed": 0.3,
        "canSwimInWater": false,
        "canBreatheUnderwater": false
      },
      "fly": {
        "canFly": true,
        "flySpeedHorizontal": 0.3
      },
      "wanderChance": 1
    }
  },
  "catchRate": 150,
  "maleRatio": 0.5,
  "shoulderMountable": false,
  "baseExperienceYield": 100,
  "eggCycles": 25,
  "eggGroups": [
    "field",
    "human_like"
  ],
  "drops": {
    "amount": 1,
    "entries": [
      {
        "item": "cobblemon:charcoal",
        "quantityRange": "1-1",
        "percentage": 13
      }
    ]
  },
  "moves": [
    "0:scratch",
    "0:leer",
    "8:ember",
    "10:smokescreen",
    "15:flamecharge",
    "22:willowisp",
    "24:smog",
    "28:flamewheel",
    "32:incinerate",
    "38:batonpass",
    "42:sunnyday",
    "50:doubleedge",
    "12:workup",
    "60:swordsdance",
    "80:return"
  ],
  "labels": [
    "custom"
  ],
  "pokedex": [
    "cobblemon.species.allayze.desc1",
    "cobblemon.species.allayze.desc2"
  ],
  "baseScale": 0.8,
  "hitbox": {
    "width": 0.5,
    "height": 0.8,
    "fixed": false
  },
  "baseFriendship": 50,
  "evYield": {
    "hp": 0,
    "attack": 1,
    "defence": 0,
    "special_attack": 0,
    "special_defence": 0,
    "speed": 0
  },
  "height": 1,
  "weight": 1,
  "evolutions": [
    {
      "id": "allayze-vexace-item_interact",
      "variant": "item_interact",
      "result": "vexace",
      "consumeHeldItem": false,
      "learnableMoves": [
        "bitterblade"
      ],
      "requirements": [],
      "requiredContext": "minecraft:totem_of_undying"
    },
    {
      "id": "allayze-fortraze-item_interact",
      "variant": "item_interact",
      "result": "fortraze",
      "consumeHeldItem": false,
      "learnableMoves": [
        "fireblast"
      ],
      "requirements": [],
      "requiredContext": "minecraft:blaze_rod"
    },
    {
      "id": "allayze-hurrilay-item_interact",
      "variant": "item_interact",
      "result": "hurrilay",
      "consumeHeldItem": false,
      "learnableMoves": [
        "hurricane"
      ],
      "requirements": [],
      "requiredContext": "minecraft:phantom_membrane"
    }
  ]
}