{
  "implemented": true,
  "name": "chargingboom",
  "nationalPokedexNumber": 2017,
  "primaryType": "grass",
  "secondaryType": "rock",
  "abilities": [
    "angerpoint",
    "protosynthesis",
    "h:moldbreaker"
  ],
  "baseStats": {
    "hp": 120,
    "attack": 130,
    "defence": 120,
    "special_attack": 40,
    "special_defence": 80,
    "speed": 120
  },
  "behaviour": {
    "resting": {
      "canSleep": true,
      "depth": "normal",
      "light": "4-15",
      "willSleepOnBed": false
    },
    "moving": {
      "canLook": true,
      "walk": {
        "canWalk": true,
        "avoidsLand": false
      },
      "swim": {
        "swimSpeed": 0.3,
        "canSwimInWater": true,
        "canBreatheUnderwater": false
      },
      "fly": {
        "canFly": false,
        "flySpeedHorizontal": 0.3
      },
      "wanderChance": 1
    }
  },
  "catchRate": 30,
  "maleRatio": -1,
  "shoulderMountable": false,
  "baseExperienceYield": 100,
  "eggCycles": 25,
  "eggGroups": [
    "undiscovered"
  ],
  "drops": {
    "amount": 1,
    "entries": [
      {
        "item": "minecraft:gunpowder",
        "quantityRange": "3-9",
        "percentage": 100
      }
    ]
  },
  "moves": [
    "1:tackle",
    "1:leer",
    "8:grassknot",
    "10:rockthrow",
    "14:vinewhip",
    "16:crunch",
    "18:headcharge",
    "22:rockslide",
    "25:rockpolish",
    "5:explosion",
    "30:hornleech",
    "28:spore",
    "33:stealthrock",
    "36:petalblizzard",
    "40:doubleedge",
    "45:amnesia",
    "55:grassyterrain",
    "60:stoneedge",
    "65:earthquake",
    "80:swordsdance",
    "28:headlongrush",
    "30:grassyglide"
  ],
  "labels": [
    "custom"
  ],
  "pokedex": [
    "cobblemon.species.chargingboom.desc1",
    "cobblemon.species.chargingboom.desc2"
  ],
  "baseScale": 3,
  "hitbox": {
    "width": 1.2,
    "height": 1.8,
    "fixed": false
  },
  "baseFriendship": 50,
  "evYield": {
    "hp": 0,
    "attack": 1,
    "defence": 0,
    "special_attack": 0,
    "special_defence": 0,
    "speed": 0
  },
  "height": 12,
  "weight": 500,
  "evolutions": []
}