{
  "implemented": true,
  "name": "enderran",
  "nationalPokedexNumber": 2004,
  "primaryType": "psychic",
  "secondaryType": "steel",
  "abilities": [
    "compoundeyes",
    "emergencyexit",
    "h:serenegrace"
  ],
  "baseStats": {
    "hp": 60,
    "attack": 100,
    "defence": 80,
    "special_attack": 40,
    "special_defence": 60,
    "speed": 100
  },
  "behaviour": {
    "resting": {
      "canSleep": false,
      "depth": "normal",
      "light": "0-4",
      "willSleepOnBed": false
    },
    "moving": {
      "canLook": true,
      "walk": {
        "canWalk": true,
        "avoidsLand": false,
        "walkSpeed": 0.2
      },
      "swim": {
        "swimSpeed": 0.3,
        "canSwimInWater": false,
        "canBreatheUnderwater": false
      },
      "fly": {
        "canFly": false,
        "flySpeedHorizontal": 0.3
      },
      "wanderChance": 1
    }
  },
  "catchRate": 30,
  "maleRatio": 1,
  "shoulderMountable": false,
  "baseExperienceYield": 1000,
  "eggCycles": 25,
  "eggGroups": [
    "monster",
    "human_like"
  ],
  "drops": {
    "amount": 2,
    "entries": [
      {
        "item": "ender_pearl",
        "quantityRange": "1-3",
        "percentage": 30
      }
    ]
  },
  "moves": [
    "0:teleport",
    "5:bulkup",
    "8:confusion",
    "12:poisonsting",
    "16:hypnosis",
    "18:psychicfangs",
    "20:psyshieldbash",
    "22:skillswap",
    "25:bugbuzz",
    "28:calmmind",
    "30:zenheadbutt",
    "33:swordsdance",
    "35:psychoshift",
    "40:psychicterrain",
    "42:earthquake",
    "45:meteormash",
    "50:mirrorcoat",
    "62:doubleironbash",
    "60:trickroom",
    "38:pursuit",
    "23:suckerpunch",
    "55:nightslash",
    "70:magiccoat"
  ],
  "labels": [
    "custom"
  ],
  "pokedex": [
    "cobblemon.species.enderran.desc1",
    "cobblemon.species.enderran.desc2"
  ],
  "baseScale": 1.5,
  "hitbox": {
    "width": 1,
    "height": 1.8,
    "fixed": false
  },
  "baseFriendship": 50,
  "evYield": {
    "hp": 0,
    "attack": 2,
    "defence": 0,
    "special_attack": 0,
    "special_defence": 0,
    "speed": 0
  },
  "height": 9,
  "weight": 200,
  "evolutions": []
}