{
  "implemented": true,
  "name": "enderdrake",
  "nationalPokedexNumber": 2026,
  "primaryType": "dragon",
  "secondaryType": "psychic",
  "abilities": [
    "pressure",
    "intimidate",
    "h:battlearmor"
  ],
  "baseStats": {
    "hp": 140,
    "attack": 60,
    "defence": 95,
    "special_attack": 145,
    "special_defence": 100,
    "speed": 130
  },
  "behaviour": {
    "resting": {
      "canSleep": false,
      "depth": "normal",
      "light": "0-4",
      "willSleepOnBed": false
    },
    "moving": {
      "canLook": true,
      "walk": {
        "canWalk": true,
        "avoidsLand": false,
		"walkSpeed": 0.2
      },
      "swim": {
        "swimSpeed": 0.3,
        "canSwimInWater": false,
        "canBreatheUnderwater": false
      },
      "fly": {
        "canFly": true,
        "flySpeedHorizontal": 0.3,
		"flySpeed": 1.5
      },
      "wanderChance": 1
    }
  },
  "catchRate": 10,
  "maleRatio": 0,
  "shoulderMountable": false,
  "baseExperienceYield": 100,
  "eggCycles": 25,
  "eggGroups": [
    "undiscovered"
  ],
  "drops": {
    "amount": 1,
    "entries": []
  },
  "moves": [
    "1:scratch",
    "1:growl",
    "8:wingattack",
    "16:defensecurl",
    "20:dragonbreath",
    "25:dragonclaw",
    "28:psychic",
    "30:psychicfangs",
    "35:hurricane",
    "33:flamethrower",
    "38:shadowball",
    "40:esperwing",
    "22:dragonclaw",
    "44:calmmind",
    "55:psyshock",
    "58:psychocut",
    "66:dracometeor",
    "75:psychicterrain",
    "22:roost",
    "48:storedpower",
    "100:spacialrend"
  ],
  "labels": [
    "custom"
  ],
  "pokedex": [
    "cobblemon.species.enderdrake.desc1",
    "cobblemon.species.enderdrake.desc2"
  ],
  "baseScale": 2,
  "hitbox": {
    "width": 1,
    "height": 2,
    "fixed": false
  },
  "baseFriendship": 50,
  "evYield": {
    "hp": 0,
    "attack": 0,
    "defence": 0,
    "special_attack": 1,
    "special_defence": 0,
    "speed": 0
  },
  "height": 6,
  "weight": 6000,
  "evolutions": []
}