{
  "implemented": true,
  "name": "endisite",
  "nationalPokedexNumber": 2003,
  "primaryType": "psychic",
  "secondaryType": "bug",
  "abilities": [
    "compoundeyes",
    "keeneye",
    "h:serenegrace"
  ],
  "baseStats": {
    "hp": 50,
    "attack": 70,
    "defence": 60,
    "special_attack": 40,
    "special_defence": 40,
    "speed": 80
  },
  "behaviour": {
    "resting": {
      "canSleep": false,
      "depth": "normal",
      "light": "0-4",
      "willSleepOnBed": false
    },
    "moving": {
      "canLook": true,
      "walk": {
        "canWalk": true,
        "avoidsLand": false
      },
      "swim": {
        "swimSpeed": 0.3,
        "canSwimInWater": false,
        "canBreatheUnderwater": false
      },
      "fly": {
        "canFly": false,
        "flySpeedHorizontal": 0.3
      },
      "wanderChance": 1
    }
  },
  "catchRate": 110,
  "maleRatio": 1,
  "shoulderMountable": false,
  "baseExperienceYield": 500,
  "eggCycles": 25,
  "eggGroups": [
    "monster",
    "bug"
  ],
  "drops": {
    "amount": 1,
    "entries": []
  },
  "moves": [
    "0:teleport",
    "8:confusion",
    "12:poisonsting",
    "16:hypnosis",
    "18:psychicfangs",
    "22:skillswap",
    "25:bugbuzz",
    "28:calmmind",
    "30:zenheadbutt",
    "35:psychoshift",
    "40:psychicterrain",
    "50:mirrorcoat",
    "60:trickroom",
    "38:pursuit",
    "23:suckerpunch",
    "55:nightslash",
    "70:magiccoat"
  ],
  "labels": [
    "custom"
  ],
  "pokedex": [
    "cobblemon.species.endisite.desc1",
    "cobblemon.species.endisite.desc2"
  ],
  "baseScale": 1,
  "hitbox": {
    "width": 1,
    "height": 0.6,
    "fixed": false
  },
  "baseFriendship": 50,
  "evYield": {
    "hp": 0,
    "attack": 0,
    "defence": 0,
    "special_attack": 0,
    "special_defence": 0,
    "speed": 1
  },
  "height": 1,
  "weight": 15,
  "evolutions": [
    {
      "id": "endisite-enderran-trade",
      "variant": "trade",
      "result": "enderran",
      "consumeHeldItem": true,
      "learnableMoves": [
        "futuresight"
      ],
      "requirements": [
        {
          "variant": "held_item",
          "itemCondition": "shulker_shell"
        }
      ],
      "requiredContext": "dawn stone"
    }
  ]
}