{
  "implemented": true,
  "name": "fortraze",
  "nationalPokedexNumber": 2010,
  "primaryType": "fire",
  "secondaryType": "steel",
  "abilities": [
    "sturdy",
    "flamebody",
    "h:drought"
  ],
  "baseStats": {
    "hp": 90,
    "attack": 60,
    "defence": 110,
    "special_attack": 70,
    "special_defence": 110,
    "speed": 50
  },
  "behaviour": {
    "resting": {
      "canSleep": true,
      "depth": "normal",
      "light": "0-4",
      "willSleepOnBed": false
    },
    "moving": {
      "canLook": true,
      "walk": {
        "canWalk": true,
        "avoidsLand": false
      },
      "swim": {
        "swimSpeed": 0.3,
        "canSwimInWater": false,
        "canBreatheUnderwater": false
      },
      "fly": {
        "canFly": true,
        "flySpeedHorizontal": 0.3
      },
      "wanderChance": 1
    }
  },
  "catchRate": 70,
  "maleRatio": 0.5,
  "shoulderMountable": false,
  "baseExperienceYield": 150,
  "eggCycles": 25,
  "eggGroups": [
    "field",
    "human_like"
  ],
  "drops": {
    "amount": 1,
    "entries": [
      {
        "item": "blaze_rod",
        "quantityRange": "1-1",
        "percentage": 14
      }
    ]
  },
  "moves": [
    "0:scratch",
    "0:leer",
    "8:ember",
    "10:smokescreen",
    "15:flamecharge",
    "22:willowisp",
    "24:smog",
    "28:flamewheel",
    "32:incinerate",
    "42:sunnyday",
    "50:doubleedge",
    "12:workup",
    "60:swordsdance",
    "34:amnesia",
    "62:flareblitz",
    "70:agility"
  ],
  "labels": [
    "custom"
  ],
  "pokedex": [
    "cobblemon.species.fortraze.desc1",
    "cobblemon.species.fortraze.desc2"
  ],
  "baseScale": 1,
  "hitbox": {
    "width": 1,
    "height": 1.2,
    "fixed": false
  },
  "baseFriendship": 50,
  "evYield": {
    "hp": 1,
    "attack": 0,
    "defence": 0,
    "special_attack": 1,
    "special_defence": 0,
    "speed": 0
  },
  "height": 5,
  "weight": 80,
  "evolutions": []
}