{
  "implemented": true,
  "name": "hurrilay",
  "nationalPokedexNumber": 2011,
  "primaryType": "flying",
  "abilities": [
    "unburden",
    "windrider",
    "h:drizzle"
  ],
  "baseStats": {
    "hp": 90,
    "attack": 50,
    "defence": 50,
    "special_attack": 100,
    "special_defence": 90,
    "speed": 100
  },
  "behaviour": {
    "resting": {
      "canSleep": true,
      "depth": "normal",
      "light": "0-4",
      "willSleepOnBed": false
    },
    "moving": {
      "canLook": true,
      "walk": {
        "canWalk": true,
        "avoidsLand": false
      },
      "swim": {
        "swimSpeed": 0.3,
        "canSwimInWater": false,
        "canBreatheUnderwater": false
      },
      "fly": {
        "canFly": true,
        "flySpeedHorizontal": 0.3
      },
      "wanderChance": 1
    }
  },
  "catchRate": 70,
  "maleRatio": 0.5,
  "shoulderMountable": false,
  "baseExperienceYield": 150,
  "eggCycles": 25,
  "eggGroups": [
    "field",
    "human_like"
  ],
  "drops": {
    "amount": 1,
    "entries": []
  },
  "moves": [
    "0:scratch",
    "0:leer",
    "8:ember",
    "10:smokescreen",
    "12:uturn",
    "15:flamecharge",
    "20:thief",
    "22:willowisp",
    "24:smog",
    "28:flamewheel",
    "38:weatherball",
    "40:thunder",
    "40:voltswitch",
    "50:doubleedge",
    "12:workup",
    "34:amnesia",
    "52:aeroblast",
    "70:agility",
    "32:hurricane",
    "30:raindance",
    "44:hydropump",
    "60:bravebird",
    "50:roost"
  ],
  "labels": [
    "custom"
  ],
  "pokedex": [
    "cobblemon.species.hurrilay.desc1",
    "cobblemon.species.hurrilay.desc2"
  ],
  "baseScale": 1,
  "hitbox": {
    "width": 1,
    "height": 1,
    "fixed": false
  },
  "baseFriendship": 50,
  "evYield": {
    "hp": 0,
    "attack": 0,
    "defence": 0,
    "special_attack": 1,
    "special_defence": 0,
    "speed": 1
  },
  "height": 2,
  "weight": 10,
  "evolutions": []
}