{
  "implemented": true,
  "name": "ironhelper",
  "nationalPokedexNumber": 2018,
  "primaryType": "ghost",
  "secondaryType": "electric",
  "abilities": [
    "pickup",
    "quarkdrive",
    "h:compoundeyes"
  ],
  "baseStats": {
    "hp": 100,
    "attack": 80,
    "defence": 120,
    "special_attack": 130,
    "special_defence": 60,
    "speed": 120
  },
  "behaviour": {
    "resting": {
      "canSleep": false,
      "depth": "normal",
      "light": "0-4",
      "willSleepOnBed": false
    },
    "moving": {
      "canLook": true,
      "walk": {
        "canWalk": true,
        "avoidsLand": false
      },
      "swim": {
        "swimSpeed": 0.3,
        "canSwimInWater": true,
        "canBreatheUnderwater": false
      },
      "fly": {
        "canFly": true,
        "flySpeedHorizontal": 0.3
      },
      "wanderChance": 1
    }
  },
  "catchRate": 30,
  "maleRatio": -1,
  "shoulderMountable": false,
  "baseExperienceYield": 100,
  "eggCycles": 25,
  "eggGroups": [
    "undiscovered"
  ],
  "drops": {
    "amount": 1,
    "entries": [
      {
        "item": "minecraft:redstone",
        "quantityRange": "2-8",
        "percentage": 87
      }
    ]
  },
  "moves": [
    "1:tackle",
    "1:growl",
    "1:thunderwave",
    "5:hex",
    "8:supersonic",
    "12:nightshade",
    "15:thundershock",
    "17:helpinghand",
    "20:defensecurl",
    "25:flamethrower",
    "23:thundercage",
    "27:toxicspikes",
    "33:shadowball",
    "40:moonblast",
    "45:ominouswind",
    "30:voltswitch",
    "50:paraboliccharge",
    "50:irondefense",
    "60:destinybond",
    "70:selfdestruct",
    "80:thunder",
    "55:thunderbolt",
    "75:voltswitch",
    "36:electroball"
  ],
  "labels": [
    "custom"
  ],
  "pokedex": [
    "cobblemon.species.ironhelper.desc1",
    "cobblemon.species.ironhelper.desc2"
  ],
  "baseScale": 1,
  "hitbox": {
    "width": 0.8,
    "height": 1,
    "fixed": false
  },
  "baseFriendship": 50,
  "evYield": {
    "hp": 0,
    "attack": 0,
    "defence": 0,
    "special_attack": 1,
    "special_defence": 0,
    "speed": 0
  },
  "height": 2,
  "weight": 100,
  "evolutions": []
}