{
  "implemented": true,
  "name": "lizarrden",
  "nationalPokedexNumber": 2006,
  "primaryType": "rock",
  "secondaryType": "ghost",
  "abilities": [
    "regenerator",
    "intimidate",
    "h:adaptability"
  ],
  "baseStats": {
    "hp": 120,
    "attack": 120,
    "defence": 120,
    "special_attack": 75,
    "special_defence": 90,
    "speed": 50
  },
  "behaviour": {
    "resting": {
      "canSleep": true,
      "depth": "normal",
      "light": "0-4",
      "willSleepOnBed": false
    },
    "moving": {
      "canLook": true,
      "walk": {
        "canWalk": true,
        "avoidsLand": false,
        "walkSpeed": 0.4
    
      },
      "swim": {
        "swimSpeed": 0.3,
        "canSwimInWater": false,
        "canBreatheUnderwater": false
      },
      "fly": {
        "canFly": false,
        "flySpeedHorizontal": 0.3
      },
      "wanderChance": 1
    }
  },
  "catchRate": 30,
  "maleRatio": -1,
  "shoulderMountable": false,
  "baseExperienceYield": 1500,
  "eggCycles": 35,
  "eggGroups": [
    "undiscovered"
  ],
  "drops": {
    "amount": 1,
    "entries": [
      {
        "item": "echo_shard",
        "quantityRange": "1-1",
        "percentage": 23
      },
      {
        "item": "diamond_sword",
        "quantityRange": "1-1",
        "percentage": 3
      },
      {
        "item": "diamond_helmet",
        "quantityRange": "1-2",
        "percentage": 3
      }
    ]
  },
  "moves": [
    "0:accelerock",
    "0:leer",
    "5:knockoff",
    "10:rockblast",
    "13:stealthrock",
    "16:smokescreen",
    "20:smackdown",
    "20:stoneedge",
    "22:supersonic",
    "5:grudge",
    "26:spite",
    "30:shadowclaw",
    "32:headlongrush",
    "45:dragondance",
    "28:bulkup",
    "18:detect",
    "38:submission",
    "44:vitalthrow",
    "50:superpower",
    "55:earthquake",
    "34:earthpower",
    "60:amnesia",
    "70:spectralthief",
    "80:meteorbeam"
  ],
  "labels": [
    "custom"
  ],
  "pokedex": [
    "cobblemon.species.lizarrden.desc1",
    "cobblemon.species.lizarrden.desc2"
  ],
  "baseScale": 4,
  "hitbox": {
    "width": 1.3,
    "height": 2,
    "fixed": false
  },
  "baseFriendship": 50,
  "evYield": {
    "hp": 2,
    "attack": 0,
    "defence": 0,
    "special_attack": 0,
    "special_defence": 0,
    "speed": 0
  },
  "height": 10,
  "weight": 3000,
  "evolutions": []
}