{
  "implemented": true,
  "name": "lizkul",
  "nationalPokedexNumber": 2005,
  "primaryType": "rock",
  "secondaryType": "ghost",
  "abilities": [
    "battlearmor",
    "angerpoint",
    "h:adaptability"
  ],
  "baseStats": {
    "hp": 70,
    "attack": 70,
    "defence": 60,
    "special_attack": 40,
    "special_defence": 60,
    "speed": 30
  },
  "behaviour": {
    "resting": {
      "canSleep": false,
      "depth": "normal",
      "light": "0-4",
      "willSleepOnBed": false
    },
    "moving": {
      "canLook": true,
      "walk": {
        "canWalk": true,
        "avoidsLand": false
      },
      "swim": {
        "swimSpeed": 0.3,
        "canSwimInWater": false,
        "canBreatheUnderwater": false
      },
      "fly": {
        "canFly": false,
        "flySpeedHorizontal": 0.3
      },
      "wanderChance": 1
    }
  },
  "catchRate": 100,
  "maleRatio": -1,
  "shoulderMountable": true,
  "baseExperienceYield": 300,
  "eggCycles": 35,
  "eggGroups": [
    "undiscovered"
  ],
  "drops": {
    "amount": 1,
    "entries": [
      {
        "item": "echo_shard",
        "quantityRange": "1-1",
        "percentage": 2
      }
    ]
  },
  "moves": [
    "0:accelerock",
    "0:leer",
    "10:rockblast",
    "13:stealthrock",
    "16:smokescreen",
    "20:smackdown",
    "22:supersonic",
    "5:grudge",
    "26:spite",
    "30:shadowclaw",
    "28:bulkup",
    "18:detect",
    "38:submission",
    "44:vitalthrow",
    "50:superpower",
    "55:earthquake",
    "34:earthpower",
    "60:amnesia",
    "70:spectralthief",
    "80:meteorbeam"
  ],
  "labels": [
    "custom"
  ],
  "pokedex": [
    "cobblemon.species.lizkul.desc1",
    "cobblemon.species.lizkul.desc2"
  ],
  "baseScale": 1,
  "hitbox": {
    "width": 0.5,
    "height": 0.6,
    "fixed": false
  },
  "baseFriendship": 50,
  "evYield": {
    "hp": 1,
    "attack": 0,
    "defence": 0,
    "special_attack": 0,
    "special_defence": 0,
    "speed": 0
  },
  "height": 1,
  "weight": 30,
  "evolutions": [
    {
      "id": "lizkul-Lizarrden-item_interact",
      "variant": "item_interact",
      "result": "Lizarrden",
      "consumeHeldItem": false,
      "learnableMoves": [
        "doubleedge",
        "ancientpower"
      ],
      "requirements": [],
      "requiredContext": "echo_shard"
    }
  ]
}