{
  "implemented": true,
  "name": "patterler",
  "nationalPokedexNumber": 2024,
  "primaryType": "fire",
  "secondaryType": "water",
  "abilities": [
    "shedskin",
    "blaze",
    "h:waterabsorb"
  ],
  "baseStats": {
    "hp": 60,
    "attack": 35,
    "defence": 40,
    "special_attack": 50,
    "special_defence": 55,
    "speed": 60
  },
  "behaviour": {
    "resting": {
      "canSleep": true,
      "depth": "normal",
      "light": "0-4",
      "willSleepOnBed": true
    },
    "moving": {
      "canLook": true,
      "walk": {
        "canWalk": true,
        "avoidsLand": false
      },
      "swim": {
        "swimSpeed": 0.3,
        "canSwimInWater": true,
        "canBreatheUnderwater": true
      },
      "fly": {
        "canFly": false,
        "flySpeedHorizontal": 0.3
      },
      "wanderChance": 1
    }
  },
  "catchRate": 150,
  "maleRatio": 0.8,
  "shoulderMountable": true,
  "baseExperienceYield": 100,
  "eggCycles": 25,
  "eggGroups": [
    "water_1",
    "monster"
  ],
  "drops": {
    "amount": 1,
    "entries": []
  },
  "moves": [
    "1:tackle",
    "1:growl",
    "6:ember",
    "10:bubble",
    "14:defensecurl",
    "18:lightscreen",
    "24:incinerate",
    "26:aquajet",
    "30:amnesia",
    "32:lavaplume",
    "34:waterpulse",
    "38:ancientpower",
    "45:hydropump",
    "43:fireblast",
    "22:smokescreen",
    "50:irondefense",
    "52:earthquake"
  ],
  "labels": [
    "custom"
  ],
  "pokedex": [
    "cobblemon.species.patterler.desc1",
    "cobblemon.species.patterler.desc2"
  ],
  "baseScale": 0.8,
  "hitbox": {
    "width": 0.6,
    "height": 0.5,
    "fixed": false
  },
  "baseFriendship": 50,
  "evYield": {
    "hp": 1,
    "attack": 0,
    "defence": 0,
    "special_attack": 0,
    "special_defence": 0,
    "speed": 0
  },
  "height": 1,
  "weight": 20,
  "evolutions": [
    {
      "id": "patterler-Strideler-trade",
      "variant": "trade",
      "result": "Strideler",
      "consumeHeldItem": false,
      "learnableMoves": [
        "megakick",
        "flamecharge"
      ],
      "requirements": [],
      "requiredContext": ""
    }
  ]
}