{
  "implemented": true,
  "name": "petrelly",
  "nationalPokedexNumber": 2027,
  "primaryType": "poison",
  "abilities": [
    "gooey",
    "poisonpoint",
    "h:limber"
  ],
  "baseStats": {
    "hp": 60,
    "attack": 50,
    "defence": 80,
    "special_attack": 100,
    "special_defence": 100,
    "speed": 70
  },
  "behaviour": {
    "resting": {
      "canSleep": false,
      "depth": "normal",
      "light": "0-4",
      "willSleepOnBed": false
    },
    "moving": {
      "canLook": true,
      "walk": {
        "canWalk": true,
        "avoidsLand": false,
		"walkSpeed": 0.2
      },
      "swim": {
        "swimSpeed": 0.3,
        "canSwimInWater": false,
        "canBreatheUnderwater": false
      },
      "fly": {
        "canFly": false,
        "flySpeedHorizontal": 0.3
      },
      "wanderChance": 1
    }
  },
  "catchRate": 120,
  "maleRatio": 0.5,
  "shoulderMountable": false,
  "baseExperienceYield": 100,
  "eggCycles": 25,
  "eggGroups": [
    "amorphous",
    "water_1"
  ],
  "drops": {
    "amount": 1,
    "entries": []
  },
  "moves": [
    "1:pound",
    "1:growl",
    "10:acid",
    "12:watergun",
    "14:ember",
    "20:poisongas",
    "24:megadrain",
    "6:absorb",
    "26:toxicspikes",
    "30:waterpulse",
    "32:flamethrower",
    "38:stockpile",
    "38:swallow",
    "40:gigadrain",
    "42:poisonjab",
    "36:venoshock",
    "48:acidarmor",
    "55:fireblast",
    "52:hydropump"
  ],
  "labels": [
    "custom"
  ],
  "pokedex": [
    "cobblemon.species.petrelly.desc1",
    "cobblemon.species.petrelly.desc2"
  ],
  "baseScale": 1,
  "hitbox": {
    "width": 1,
    "height": 1,
    "fixed": false
  },
  "baseFriendship": 50,
  "evYield": {
    "hp": 0,
    "attack": 0,
    "defence": 0,
    "special_attack": 1,
    "special_defence": 0,
    "speed": 0
  },
  "height": 1,
  "weight": 20,
  "evolutions": []
}