{
  "implemented": true,
  "name": "phantomare",
  "nationalPokedexNumber": 2023,
  "primaryType": "ghost",
  "secondaryType": "flying",
  "abilities": [
    "cursedbody",
    "baddreams",
    "h:compoundeyes"
  ],
  "baseStats": {
    "hp": 75,
    "attack": 60,
    "defence": 70,
    "special_attack": 100,
    "special_defence": 70,
    "speed": 100
  },
  "behaviour": {
    "resting": {
      "canSleep": true,
      "depth": "normal",
      "light": "4-15",
      "willSleepOnBed": true
    },
    "moving": {
      "canLook": true,
      "walk": {
        "canWalk": true,
        "avoidsLand": false
      },
      "swim": {
        "swimSpeed": 0.3,
        "canSwimInWater": false,
        "canBreatheUnderwater": false
      },
      "fly": {
        "canFly": true,
        "flySpeedHorizontal": 0.3
      },
      "wanderChance": 1
    }
  },
  "catchRate": 115,
  "maleRatio": 0.5,
  "shoulderMountable": false,
  "baseExperienceYield": 100,
  "eggCycles": 25,
  "eggGroups": [
    "flying",
    "monster"
  ],
  "drops": {
    "amount": 1,
    "entries": [
      {
        "item": "minecraft:phantom_membrane",
        "quantityRange": "1-2",
        "percentage": 50
      }
    ]
  },
  "moves": [
    "1:scratch",
    "1:screech",
    "5:peck",
    "10:nastyplot",
    "14:aircutter",
    "16:hypnosis",
    "20:dreameater",
    "25:acrobatics",
    "30:roost",
    "33:airslash",
    "38:agility",
    "42:hurricane",
    "22:hex",
    "28:willowisp",
    "35:shadowball",
    "18:bite",
    "34:crunch",
    "50:skydrop",
    "48:fly",
    "8:scaryface"
  ],
  "labels": [
    "custom"
  ],
  "pokedex": [
    "cobblemon.species.phantomare.desc1",
    "cobblemon.species.phantomare.desc2"
  ],
  "baseScale": 1,
  "hitbox": {
    "width": 1,
    "height": 1.2,
    "fixed": false
  },
  "baseFriendship": 50,
  "evYield": {
    "hp": 0,
    "attack": 0,
    "defence": 0,
    "special_attack": 1,
    "special_defence": 0,
    "speed": 0
  },
  "height": 1,
  "weight": 15,
  "evolutions": []
}