{
  "implemented": true,
  "name": "ranabyss",
  "nationalPokedexNumber": 2012,
  "primaryType": "dark",
  "secondaryType": "water",
  "abilities": [
    "swiftswim",
    "poisonheal",
    "h:competitive"
  ],
  "baseStats": {
    "hp": 80,
    "attack": 90,
    "defence": 70,
    "special_attack": 130,
    "special_defence": 130,
    "speed": 100
  },
  "behaviour": {
    "resting": {
      "canSleep": true,
      "depth": "normal",
      "light": "0-4",
      "willSleepOnBed": false
    },
    "moving": {
      "canLook": true,
      "walk": {
        "canWalk": true,
        "avoidsLand": false,
        "walkSpeed": 0.4
      },
      "swim": {
        "swimSpeed": 0.3,
        "canSwimInWater": true,
        "canBreatheUnderwater": true
      },
      "fly": {
        "canFly": false,
        "flySpeedHorizontal": 0.3
      },
      "wanderChance": 1
    }
  },
  "catchRate": 3,
  "maleRatio": 0,
  "shoulderMountable": false,
  "baseExperienceYield": 1000,
  "eggCycles": 25,
  "eggGroups": [
    "undiscovered"
  ],
  "drops": {
    "amount": 1,
    "entries": [
      {
        "item": "minecraft:bedrock",
        "quantityRange": "1-1",
        "percentage": 2
      },
      {
        "item": "minecraft:leather_helmet",
        "quantityRange": "1-1",
        "percentage": 86
      }
    ]
  },
  "moves": [
    "1:watergun",
    "1:scaryface",
    "5:hex",
    "8:snarl",
    "12:waterpulse",
    "18:raindance",
    "22:nightdaze",
    "23:poisongas",
    "26:beatup",
    "30:aquajet",
    "32:strengthsap",
    "33:acidarmor",
    "38:darkpulse",
    "40:surf",
    "42:scald",
    "44:waterpulse",
    "48:baddybad",
    "50:sludgewave",
    "55:fireblast",
    "46:grassknot",
    "60:waterpledge",
    "64:nastyplot",
    "80:mistyterrain",
    "100:ancientpower",
    "52:hydropump"
  ],
  "labels": [
    "custom"
  ],
  "pokedex": [
    "cobblemon.species.ranabyss.desc1",
    "cobblemon.species.ranabyss.desc2"
  ],
  "baseScale": 1.6,
  "hitbox": {
    "width": 1.2,
    "height": 2.3,
    "fixed": false
  },
  "baseFriendship": 50,
  "evYield": {
    "hp": 0,
    "attack": 0,
    "defence": 0,
    "special_attack": 1,
    "special_defence": 0,
    "speed": 0
  },
  "height": 8,
  "weight": 200,
  "evolutions": []
}