{
  "implemented": true,
  "name": "shulkle",
  "nationalPokedexNumber": 2020,
  "primaryType": "bug",
  "secondaryType": "steel",
  "abilities": [
    "sturdy",
    "gluttony",
    "h:contrary"
  ],
  "baseStats": {
    "hp": 20,
    "attack": 10,
    "defence": 230,
    "special_attack": 10,
    "special_defence": 230,
    "speed": 5
  },
  "behaviour": {
    "resting": {
      "canSleep": true,
      "depth": "normal",
      "light": "0-4",
      "willSleepOnBed": false
    },
    "moving": {
      "canLook": true,
      "walk": {
        "canWalk": true,
        "avoidsLand": false
      },
      "swim": {
        "swimSpeed": 0.3,
        "canSwimInWater": false,
        "canBreatheUnderwater": false
      },
      "fly": {
        "canFly": false,
        "flySpeedHorizontal": 0.3
      },
      "wanderChance": 1
    }
  },
  "catchRate": 120,
  "maleRatio": 0.5,
  "shoulderMountable": false,
  "baseExperienceYield": 100,
  "eggCycles": 25,
  "eggGroups": [
    "bug",
    "mineral"
  ],
  "drops": {
    "amount": 1,
    "entries": [
      {
        "item": "minecraft:shulker_shell",
        "quantityRange": "1-2",
        "percentage": 22
      }
    ]
  },
  "moves": [
    "1:withdraw",
    "1:teleport",
    "1:wrap",
    "5:rollout",
    "10:strugglebug",
    "15:rockthrow",
    "20:safeguard",
    "25:rest",
    "28:stealthrock",
    "28:spikes",
    "30:bugbite",
    "35:powersplit",
    "35:guardsplit",
    "40:rockslide",
    "45:gastroacid",
    "47:barrier",
    "47:lightscreen",
    "70:trickroom",
    "47:reflect",
    "50:stickyweb",
    "55:powertrick",
    "60:stoneedge",
    "65:shellsmash"
  ],
  "labels": [
    "custom"
  ],
  "pokedex": [
    "cobblemon.species.shulkle.desc1",
    "cobblemon.species.shulkle.desc2"
  ],
  "baseScale": 1.5,
  "hitbox": {
    "width": 0.8,
    "height": 0.8,
    "fixed": false
  },
  "baseFriendship": 50,
  "evYield": {
    "hp": 0,
    "attack": 0,
    "defence": 1,
    "special_attack": 0,
    "special_defence": 0,
    "speed": 0
  },
  "height": 1,
  "weight": 80,
  "evolutions": []
}