{
  "implemented": true,
  "name": "skybe",
  "nationalPokedexNumber": 2000,
  "primaryType": "grass",
  "secondaryType": "flying",
  "abilities": [
    "grassysurge",
    "h:contrary"
  ],
  "baseStats": {
    "hp": 100,
    "attack": 140,
    "defence": 90,
    "special_attack": 60,
    "special_defence": 130,
    "speed": 80
  },
  "behaviour": {
    "resting": {
      "canSleep": true,
      "depth": "normal",
      "light": "0-5",
      "willSleepOnBed": true
    },
    "moving": {
      "canLook": true,
      "walk": {
        "canWalk": true,
        "avoidsLand": false
      },
      "swim": {
        "swimSpeed": 0.3,
        "canSwimInWater": true,
        "canBreatheUnderwater": false
      },
      "fly": {
        "canFly": true,
        "flySpeedHorizontal": 0.3
      },
      "wanderChance": 1
    }
  },
  "catchRate": 10,
  "maleRatio": -1,
  "shoulderMountable": false,
  "baseExperienceYield": 2000,
  "eggCycles": 80,
  "eggGroups": [
    "undiscovered"
  ],
  "drops": {
    "amount": 1,
    "entries": [
      {
        "item": "minecraft:oak_sapling",
        "quantityRange": "1-2",
        "percentage": 100
      }
    ]
  },
  "moves": [
    "5:branchpoke",
    "5:leer",
    "10:wingattack",
    "16:tailwind",
    "24:ancientpower",
    "26:batonpass",
    "20:leafblade",
    "40:bulletseed",
    "50:woodhammer",
    "70:grassyterrain",
    "80:bravebird",
    "100:amnesia",
    "tm:acidarmor",
    "tm:acrobatics",
    "tm:gigadrain",
    "tm:liquidation",
    "tm:flamecharge",
    "tm:icehammer",
    "tm:grassknot",
    "tm:aircutter",
    "tm:swordsdance",
    "tm:taunt",
    "tm:skillswap",
    "tm:blizzard",
    "tm:seedbomb",
    "tm:leechseed",
    "tm:worryseed",
    "tm:heavyslam",
    "tm:bodyslam",
    "tm:sandstorm"
  ],
  "labels": [
    "custom"
  ],
  "pokedex": [
    "cobblemon.species.skybe.desc1",
    "cobblemon.species.skybe.desc2"
  ],
  "baseScale": 1,
  "hitbox": {
    "width": 1,
    "height": 1,
    "fixed": false
  },
  "baseFriendship": 50,
  "evYield": {
    "hp": 0,
    "attack": 1,
    "defence": 0,
    "special_attack": 0,
    "special_defence": 0,
    "speed": 0
  },
  "height": 1,
  "weight": 5,
  "evolutions": []
}