{
  "implemented": true,
  "name": "strideler",
  "nationalPokedexNumber": 2025,
  "primaryType": "fire",
  "secondaryType": "water",
  "abilities": [
    "shedskin",
    "longreach",
    "h:waterabsorb"
  ],
  "baseStats": {
    "hp": 115,
    "attack": 120,
    "defence": 70,
    "special_attack": 50,
    "special_defence": 120,
    "speed": 60
  },
  "behaviour": {
    "resting": {
      "canSleep": true,
      "depth": "normal",
      "light": "0-4",
      "willSleepOnBed": false
    },
    "moving": {
      "canLook": false,
      "walk": {
        "canWalk": true,
        "avoidsLand": false
      },
      "swim": {
        "swimSpeed": 0.3,
        "canSwimInWater": true,
        "canBreatheUnderwater": true
      },
      "fly": {
        "canFly": false,
        "flySpeedHorizontal": 0.3
      },
      "wanderChance": 1
    }
  },
  "catchRate": 150,
  "maleRatio": 0.4,
  "shoulderMountable": false,
  "baseExperienceYield": 100,
  "eggCycles": 25,
  "eggGroups": [
    "water_1",
    "monster"
  ],
  "drops": {
    "amount": 1,
    "entries": [
      {
        "item": "minecraft:saddle",
        "quantityRange": "1-1",
        "percentage": 2
      }
    ]
  },
  "moves": [
    "1:tackle",
    "1:growl",
    "6:ember",
    "10:bubble",
    "14:defensecurl",
    "18:lightscreen",
    "24:incinerate",
    "26:aquajet",
    "30:amnesia",
    "32:lavaplume",
    "34:waterpulse",
    "38:ancientpower",
    "45:hydropump",
    "43:fireblast",
    "22:smokescreen",
    "50:irondefense",
    "52:earthquake"
  ],
  "labels": [
    "custom"
  ],
  "pokedex": [
    "cobblemon.species.strideler.desc1",
    "cobblemon.species.strideler.desc2"
  ],
  "baseScale": 2.5,
  "hitbox": {
    "width": 0.8,
    "height": 2.5,
    "fixed": false
  },
  "baseFriendship": 50,
  "evYield": {
    "hp": 0,
    "attack": 0,
    "defence": 0,
    "special_attack": 1,
    "special_defence": 1,
    "speed": 0
  },
  "height": 1,
  "weight": 20,
  "evolutions": []
}