{
  "implemented": true,
  "name": "weeplee",
  "nationalPokedexNumber": 2025,
  "primaryType": "ghost",
  "secondaryType": "fire",
  "abilities": [
    "levitate",
    "blaze",
    "h:flashfire"
  ],
  "baseStats": {
    "hp": 60,
    "attack": 84,
    "defence": 78,
    "special_attack": 148,
    "special_defence": 85,
    "speed": 80
  },
  "behaviour": {
    "resting": {
      "canSleep": false,
      "depth": "normal",
      "light": "0-4",
      "willSleepOnBed": false
    },
    "moving": {
      "canLook": false,
      "walk": {
        "canWalk": true,
        "avoidsLand": false
      },
      "swim": {
        "swimSpeed": 0.3,
        "canSwimInWater": false,
        "canBreatheUnderwater": false
      },
      "fly": {
        "canFly": true,
        "flySpeedHorizontal": 0.3
      },
      "wanderChance": 1
    }
  },
  "catchRate": 120,
  "maleRatio": 0.5,
  "shoulderMountable": false,
  "baseExperienceYield": 100,
  "eggCycles": 25,
  "eggGroups": [
    "monster",
    "amorphous"
  ],
  "drops": {
    "amount": 1,
    "entries": [
      {
        "item": "minecraft:ghast_tear",
        "quantityRange": "1-2",
        "percentage": 50
      }
    ]
  },
  "moves": [
    "1:ember",
    "1:faketears",
    "8:ember",
    "14:willowisp",
    "18:flamecharge",
    "22:shadowsneak",
    "30:shadowball",
    "35:fireblast",
    "33:curse",
    "40:destinybond",
    "48:lavaplume",
    "50:mistyterrain"
  ],
  "labels": [
    "custom"
  ],
  "pokedex": [
    "cobblemon.species.weeplee.desc1",
    "cobblemon.species.weeplee.desc2"
  ],
  "baseScale": 0.8,
  "hitbox": {
    "width": 0.8,
    "height": 1.2,
    "fixed": false
  },
  "baseFriendship": 50,
  "evYield": {
    "hp": 0,
    "attack": 0,
    "defence": 0,
    "special_attack": 1,
    "special_defence": 0,
    "speed": 0
  },
  "height": 2,
  "weight": 15,
  "evolutions": []
}