{
  "implemented": true,
  "name": "withrose",
  "nationalPokedexNumber": 2007,
  "primaryType": "grass",
  "secondaryType": "ghost",
  "abilities": [
    "immunity",
    "roughskin",
    "h:poisonheal"
  ],
  "baseStats": {
    "hp": 100,
    "attack": 80,
    "defence": 80,
    "special_attack": 110,
    "special_defence": 110,
    "speed": 100
  },
  "behaviour": {
    "resting": {
      "canSleep": false,
      "depth": "normal",
      "light": "0-4",
      "willSleepOnBed": false
    },
    "moving": {
      "canLook": true,
      "walk": {
        "canWalk": true,
        "avoidsLand": false
      },
      "swim": {
        "swimSpeed": 0.3,
        "canSwimInWater": false,
        "canBreatheUnderwater": false
      },
      "fly": {
        "canFly": false,
        "flySpeedHorizontal": 0.3
      },
      "wanderChance": 1
    }
  },
  "catchRate": 10,
  "maleRatio": -1,
  "shoulderMountable": true,
  "baseExperienceYield": 100,
  "eggCycles": 60,
  "eggGroups": [
    "undiscovered"
  ],
  "drops": {
    "amount": 1,
    "entries": [
      {
        "item": "wither_rose",
        "quantityRange": "1-1",
        "percentage": 100
      },
      {
        "item": "nether_star",
        "quantityRange": "1-1",
        "percentage": 2
      }
    ]
  },
  "moves": [
    "0:perishsong",
    "0:acid",
    "5:absorb",
    "8:grassknot",
    "8:growth",
    "10:acidarmor",
    "12:nightshade",
    "14:hypnosis",
    "16:faketears",
    "20:fakeout",
    "23:confuseray",
    "25:strengthsap",
    "18:leafstorm",
    "42:seedflare",
    "28:nastyplot",
    "32:snarl",
    "38:shadowball",
    "40:hex",
    "25:toxicspikes",
    "46:gigadrain",
    "15:megadrain",
    "0:leechseed",
    "18:sweetscent",
    "50:smog",
    "55:clearsmog",
    "60:energyball",
    "70:grassyterrain",
    "64:agility",
    "80:mysticalfire"
  ],
  "labels": [
    "custom"
  ],
  "pokedex": [
    "cobblemon.species.withrose.desc1",
    "cobblemon.species.withrose.desc2"
  ],
  "baseScale": 1,
  "hitbox": {
    "width": 0.5,
    "height": 0.5,
    "fixed": false
  },
  "baseFriendship": 50,
  "evYield": {
    "hp": 0,
    "attack": 0,
    "defence": 0,
    "special_attack": 1,
    "special_defence": 0,
    "speed": 0
  },
  "height": 1,
  "weight": 9,
  "evolutions": []
}