{
	"format_version": "1.8.0",
	"animations": {
		"animation.zinoblade.ground_idle": {
			"loop": true,
			"bones": {
				"torso": {
					"rotation": ["-0.5*math.sin(q.anim_time*90*1-50)", 0, "-0.5*math.cos(q.anim_time*90*1-50)"],
					"position": [0, "-0.4+0.2*math.sin(q.anim_time*90*1)", 0]
				},
				"arm_right": {
					"rotation": [-6.78006, "-20.9986+4*math.sin(q.anim_time*90*1-50)", -31.08434]
				},
				"arm_left": {
					"rotation": [-6.78006, "20.9986-4*math.sin(q.anim_time*90*1-50)", 31.08434]
				},
				"neck": {
					"rotation": ["-1*math.sin(q.anim_time*90*1-120)", 0, 0]
				},
				"tail": {
					"rotation": [-7.5, "0-4*math.sin(q.anim_time*90*0.5)", 0]
				},
				"tail2": {
					"rotation": [5, "-8*math.sin(q.anim_time*90*0.5-60)", 0]
				},
				"tail3": {
					"rotation": [2.5, "-12*math.sin(q.anim_time*90*0.5-120)", 0]
				},
				"leg_right": {
					"rotation": [0, 5, 7.5]
				},
				"leg_right2": {
					"rotation": [0.63817, 0.43263, -2.37575]
				},
				"foot_right": {
					"rotation": [1.34363, 6.23648, -2.9767]
				},
				"leg_left": {
					"rotation": [0, -5, -7.5]
				},
				"leg_left2": {
					"rotation": [0.63817, -0.43263, 2.37575]
				},
				"foot_left": {
					"rotation": [1.34363, -6.23648, 2.9767]
				}
			}
		},
		"animation.zinoblade.ground_walk": {
			"loop": true,
			"animation_length": 4,
			"bones": {
				"torso": {
					"rotation": ["-2*math.sin(q.anim_time*90*4)", "-10*math.cos(q.anim_time*90*2)", "-6*math.sin(q.anim_time*90*2)-1*math.sin(q.anim_time*90*4)"],
					"position": [0, "0.7*math.cos(q.anim_time*90*4+50)", 0]
				},
				"arm_right": {
					"rotation": [-6.78006, "-13.5+10*math.sin(q.anim_time*90*2+70)", -31.08434]
				},
				"arm_left": {
					"rotation": [-6.78006, "13.5+10*math.sin(q.anim_time*90*2+70)", 31.08434]
				},
				"neck": {
					"rotation": ["5-2*math.sin(q.anim_time*90*4-70)", "-15*math.sin(q.anim_time*90*2-70)", 0]
				},
				"tail": {
					"rotation": ["-7.5+2*math.sin(q.anim_time*90*4)", "0-4*math.sin(q.anim_time*90*2)", "-8*math.sin(q.anim_time*90*2)"]
				},
				"tail2": {
					"rotation": ["5+2*math.sin(q.anim_time*90*4)", "-8*math.sin(q.anim_time*90*2-60)", 0]
				},
				"tail3": {
					"rotation": ["2.5+2*math.sin(q.anim_time*90*4)", "-12*math.sin(q.anim_time*90*2-120)", 0]
				},
				"leg_right": {
					"rotation": {
						"0.0": {
							"post": [-1.62, -7.4, 7.25],
							"lerp_mode": "catmullrom"
						},
						"1.0": {
							"post": [12.17945, -7.39742, 7.25057],
							"lerp_mode": "catmullrom"
						},
						"1.2083": {
							"post": [14.84233, 0.04741, 11.83758],
							"lerp_mode": "catmullrom"
						},
						"1.5": {
							"post": [14.25122, -6.64271, 16.57756],
							"lerp_mode": "catmullrom"
						},
						"1.875": {
							"post": [-2.46466, -7.40316, 9.25571],
							"lerp_mode": "catmullrom"
						},
						"2.0": {
							"post": [-1.62, -7.4, 7.25],
							"lerp_mode": "catmullrom"
						},
						"3.0": {
							"post": [12.17945, -7.39742, 7.25057],
							"lerp_mode": "catmullrom"
						},
						"3.2083": {
							"post": [19.84233, 0.04741, 11.83758],
							"lerp_mode": "catmullrom"
						},
						"3.5": {
							"post": [14.25122, -6.64271, 16.57756],
							"lerp_mode": "catmullrom"
						},
						"3.875": {
							"post": [-2.46466, -7.40316, 9.25571],
							"lerp_mode": "catmullrom"
						},
						"4.0": {
							"post": [-1.62, -7.4, 7.25],
							"lerp_mode": "catmullrom"
						}
					},
					"position": {
						"0.0": [0, 1.2, -3.2],
						"0.5": [0, 0.28, -0.43],
						"1.0": [0, 0.3, 2],
						"1.5": [0, 1.3, -0.07],
						"1.875": [0, 2.33, -2.37],
						"2.0": [0, 1.2, -3.2],
						"2.5": [0, 0.28, -0.43],
						"3.0": [0, 0.3, 2],
						"3.5": [0, 1.3, -0.07],
						"3.875": [0, 2.33, -2.37],
						"4.0": [0, 1.2, -3.2]
					}
				},
				"leg_right2": {
					"rotation": {
						"0.0": {
							"post": [-18.36, 0.43, -2.38],
							"lerp_mode": "catmullrom"
						},
						"1.0": {
							"post": [-11.86183, 0.43263, -2.37575],
							"lerp_mode": "catmullrom"
						},
						"1.4167": {
							"post": [25.16943, 0.43132, -2.37786],
							"lerp_mode": "catmullrom"
						},
						"2.0": {
							"post": [-18.36, 0.43, -2.38],
							"lerp_mode": "catmullrom"
						},
						"2.5": {
							"post": [-14.68684, 0.43131, -2.37788],
							"lerp_mode": "catmullrom"
						},
						"3.0": {
							"post": [-11.86183, 0.43263, -2.37575],
							"lerp_mode": "catmullrom"
						},
						"3.4167": {
							"post": [17.82362, 0.43137, -2.37779],
							"lerp_mode": "catmullrom"
						},
						"4.0": {
							"post": [-18.36, 0.43, -2.38],
							"lerp_mode": "catmullrom"
						}
					}
				},
				"foot_right": {
					"rotation": {
						"0.0": {
							"post": [13.84, 6.24, -2.98],
							"lerp_mode": "catmullrom"
						},
						"0.2083": {
							"post": [19.10182, 6.23905, -2.97911],
							"lerp_mode": "catmullrom"
						},
						"0.5": {
							"post": [14.48, 6.24, -2.98],
							"lerp_mode": "catmullrom"
						},
						"1.0": [-1.15637, 6.23648, -2.9767],
						"1.2083": [11.32995, 6.23728, -2.97746],
						"1.5": [-1.86784, 6.23865, -2.97873],
						"1.7917": [-6.34271, 6.23958, -2.97961],
						"1.9167": {
							"pre": [-4.48073, 6.23983, -2.97984],
							"post": [-4.48073, 6.23983, -2.97984],
							"lerp_mode": "catmullrom"
						},
						"2.0": {
							"post": [13.84, 6.24, -2.98],
							"lerp_mode": "catmullrom"
						},
						"2.2083": {
							"post": [19.10182, 6.23905, -2.97911],
							"lerp_mode": "catmullrom"
						},
						"2.5": {
							"post": [14.48, 6.24, -2.98],
							"lerp_mode": "catmullrom"
						},
						"3.0": [-1.15637, 6.23648, -2.9767],
						"3.2083": [11.32995, 6.23728, -2.97746],
						"3.5": [-1.86784, 6.23865, -2.97873],
						"3.7917": [-6.34271, 6.23958, -2.97961],
						"3.9167": {
							"pre": [-4.48073, 6.23983, -2.97984],
							"post": [-4.48073, 6.23983, -2.97984],
							"lerp_mode": "catmullrom"
						},
						"4.0": {
							"post": [13.84, 6.24, -2.98],
							"lerp_mode": "catmullrom"
						}
					}
				},
				"leg_left": {
					"rotation": {
						"0.0": {
							"post": [12.17945, 7.39742, -7.25057],
							"lerp_mode": "catmullrom"
						},
						"0.2083": {
							"post": [14.84233, -0.04741, -11.83758],
							"lerp_mode": "catmullrom"
						},
						"0.5": {
							"post": [14.25122, 6.64271, -16.57756],
							"lerp_mode": "catmullrom"
						},
						"0.875": {
							"post": [-2.46466, 7.40316, -9.25571],
							"lerp_mode": "catmullrom"
						},
						"1.0": {
							"post": [-1.62, 7.4, -7.25],
							"lerp_mode": "catmullrom"
						},
						"2.0": {
							"post": [12.17945, 7.39742, -7.25057],
							"lerp_mode": "catmullrom"
						},
						"2.2083": {
							"post": [19.84233, -0.04741, -11.83758],
							"lerp_mode": "catmullrom"
						},
						"2.5": {
							"post": [14.25122, 6.64271, -16.57756],
							"lerp_mode": "catmullrom"
						},
						"2.875": {
							"post": [-2.46466, 7.40316, -9.25571],
							"lerp_mode": "catmullrom"
						},
						"3.0": {
							"post": [-1.62, 7.4, -7.25],
							"lerp_mode": "catmullrom"
						},
						"4.0": {
							"post": [12.17945, 7.39742, -7.25057],
							"lerp_mode": "catmullrom"
						}
					},
					"position": {
						"0.0": [0, 0.3, 2],
						"0.5": [0, 1.3, -0.07],
						"0.875": [0, 2.33, -2.37],
						"1.0": [0, 1.2, -3.2],
						"1.5": [0, 0.28, -0.43],
						"2.0": [0, 0.3, 2],
						"2.5": [0, 1.3, -0.07],
						"2.875": [0, 2.33, -2.37],
						"3.0": [0, 1.2, -3.2],
						"3.5": [0, 0.28, -0.43],
						"4.0": [0, 0.3, 2]
					}
				},
				"leg_left2": {
					"rotation": {
						"0.0": {
							"post": [-11.86183, -0.43263, 2.37575],
							"lerp_mode": "catmullrom"
						},
						"0.4167": {
							"post": [25.16943, -0.43132, 2.37786],
							"lerp_mode": "catmullrom"
						},
						"1.0": {
							"post": [-18.36, -0.43, 2.38],
							"lerp_mode": "catmullrom"
						},
						"1.5": {
							"post": [-14.68684, -0.43131, 2.37788],
							"lerp_mode": "catmullrom"
						},
						"2.0": {
							"post": [-11.86183, -0.43263, 2.37575],
							"lerp_mode": "catmullrom"
						},
						"2.4167": {
							"post": [17.82362, -0.43137, 2.37779],
							"lerp_mode": "catmullrom"
						},
						"3.0": {
							"post": [-18.36, -0.43, 2.38],
							"lerp_mode": "catmullrom"
						},
						"4.0": {
							"post": [-11.86183, -0.43263, 2.37575],
							"lerp_mode": "catmullrom"
						}
					}
				},
				"foot_left": {
					"rotation": {
						"0.0": [-1.15637, -6.23648, 2.9767],
						"0.2083": [11.32995, -6.23728, 2.97746],
						"0.5": [-1.86784, -6.23865, 2.97873],
						"0.7917": [-6.34271, -6.23958, 2.97961],
						"0.9167": {
							"pre": [-4.48073, -6.23983, 2.97984],
							"post": [-4.48073, -6.23983, 2.97984],
							"lerp_mode": "catmullrom"
						},
						"1.0": {
							"post": [13.84, -6.24, 2.98],
							"lerp_mode": "catmullrom"
						},
						"1.2083": {
							"post": [19.10182, -6.23905, 2.97911],
							"lerp_mode": "catmullrom"
						},
						"1.5": {
							"post": [14.48, -6.24, 2.98],
							"lerp_mode": "catmullrom"
						},
						"2.0": [-1.15637, -6.23648, 2.9767],
						"2.2083": [11.32995, -6.23728, 2.97746],
						"2.5": [-1.86784, -6.23865, 2.97873],
						"2.7917": [-6.34271, -6.23958, 2.97961],
						"2.9167": {
							"pre": [-4.48073, -6.23983, 2.97984],
							"post": [-4.48073, -6.23983, 2.97984],
							"lerp_mode": "catmullrom"
						},
						"3.0": {
							"post": [13.84, -6.24, 2.98],
							"lerp_mode": "catmullrom"
						},
						"3.2083": {
							"post": [19.10182, -6.23905, 2.97911],
							"lerp_mode": "catmullrom"
						},
						"3.5": {
							"post": [14.48, -6.24, 2.98],
							"lerp_mode": "catmullrom"
						},
						"4.0": [-1.15637, -6.23648, 2.9767]
					}
				},
				"leg_right3": {
					"rotation": {
						"0.0": [6, 0, 0],
						"0.5": [-2.02, 0, 0],
						"0.5417": [-2.02, 0, 0],
						"1.0": [5, 0, 0],
						"1.8333": [-5.26, 0, 0],
						"2.0": [6, 0, 0],
						"2.5": [-2.02, 0, 0],
						"3.0": [5, 0, 0],
						"3.4167": [-3.66, 0, 0],
						"3.8333": [-5.26, 0, 0],
						"4.0": [6, 0, 0]
					}
				},
				"toe_middle_right": {
					"rotation": {
						"0.0": [0, 0, 0],
						"1.0": [0, 0, 0],
						"1.2083": [-22.5, 0, 0],
						"1.5417": [22.5, 0, 0],
						"1.7917": [22.5, 0, 0],
						"2.0": [0, 0, 0],
						"3.0": [0, 0, 0],
						"3.2083": [-22.5, 0, 0],
						"3.5417": [22.5, 0, 0],
						"3.7917": [22.5, 0, 0],
						"4.0": [0, 0, 0]
					}
				},
				"toe_outer_right_rotation": {
					"rotation": {
						"0.0": [0, 10, 0],
						"1.0": [0, 0, 0],
						"1.2083": [0, 0, 0],
						"1.5417": [22.5, 0, 0],
						"1.7917": [22.5, 0, 0],
						"2.0": [0, 10, 0],
						"3.0": [0, 0, 0],
						"3.2083": [0, 0, 0],
						"3.5417": [22.5, 0, 0],
						"3.7917": [22.5, 0, 0],
						"4.0": [0, 10, 0]
					}
				},
				"toe_inner_right_rotation": {
					"rotation": {
						"0.0": [0, -10, 0],
						"1.0": [0, 0, 0],
						"1.2083": [-12.5, 0, 0],
						"1.5417": [22.5, 0, 0],
						"1.7917": [22.5, 0, 0],
						"2.0": [0, -10, 0],
						"3.0": [0, 0, 0],
						"3.2083": [-12.5, 0, 0],
						"3.5417": [22.5, 0, 0],
						"3.7917": [22.5, 0, 0],
						"4.0": [0, -10, 0]
					}
				},
				"leg_left3": {
					"rotation": {
						"0.0": [5, 0, 0],
						"0.8333": [-5.26, 0, 0],
						"1.0": [6, 0, 0],
						"1.5": [-2.02, 0, 0],
						"2.0": [5, 0, 0],
						"2.4167": [-3.66, 0, 0],
						"2.8333": [-5.26, 0, 0],
						"3.0": [6, 0, 0],
						"3.5": [-2.02, 0, 0],
						"3.5417": [-2.02, 0, 0],
						"4.0": [5, 0, 0]
					}
				},
				"toe_middle_left": {
					"rotation": {
						"0.0": [0, 0, 0],
						"0.2083": [-22.5, 0, 0],
						"0.5417": [22.5, 0, 0],
						"0.7917": [22.5, 0, 0],
						"1.0": [0, 0, 0],
						"2.0": [0, 0, 0],
						"2.2083": [-22.5, 0, 0],
						"2.5417": [22.5, 0, 0],
						"2.7917": [22.5, 0, 0],
						"3.0": [0, 0, 0],
						"4.0": [0, 0, 0]
					}
				},
				"toe_outer_left_rotation": {
					"rotation": {
						"0.0": [0, 0, 0],
						"0.2083": [0, 0, 0],
						"0.5417": [22.5, 0, 0],
						"0.7917": [22.5, 0, 0],
						"1.0": [0, -10, 0],
						"2.0": [0, 0, 0],
						"2.2083": [0, 0, 0],
						"2.5417": [22.5, 0, 0],
						"2.7917": [22.5, 0, 0],
						"3.0": [0, -10, 0],
						"4.0": [0, 0, 0]
					}
				},
				"toe_inner_left_rotation": {
					"rotation": {
						"0.0": [0, 0, 0],
						"0.2083": [-12.5, 0, 0],
						"0.5417": [22.5, 0, 0],
						"0.7917": [22.5, 0, 0],
						"1.0": [0, 10, 0],
						"2.0": [0, 0, 0],
						"2.2083": [-12.5, 0, 0],
						"2.5417": [22.5, 0, 0],
						"2.7917": [22.5, 0, 0],
						"3.0": [0, 10, 0],
						"4.0": [0, 0, 0]
					}
				}
			}
		},
		"animation.zinoblade.battle_idle": {
			"loop": true,
			"bones": {
				"torso": {
					"rotation": ["10-0.5*math.sin(q.anim_time*90*2-50)", 0, "-2*math.cos(q.anim_time*90*1-50)"],
					"position": [0, "0.2*math.sin(q.anim_time*90*2)", 0]
				},
				"arm_right": {
					"rotation": ["-6.7801+6*math.cos(q.anim_time*90*2-50)", "-20.9986+4*math.sin(q.anim_time*90*1-50)", -31.08434]
				},
				"arm_left": {
					"rotation": ["-6.7801-6*math.cos(q.anim_time*90*2-50)", "20.9986-4*math.sin(q.anim_time*90*1-50)", 31.08434]
				},
				"neck": {
					"rotation": ["-1*math.sin(q.anim_time*90*1-120)", 0, 0]
				},
				"tail": {
					"rotation": [-7.5, "0-4*math.sin(q.anim_time*90*2)", 0]
				},
				"tail2": {
					"rotation": [10, "-8*math.sin(q.anim_time*90*2-60)", 0]
				},
				"tail3": {
					"rotation": [2.5, "-12*math.sin(q.anim_time*90*2-120)", 0]
				},
				"leg_right": {
					"rotation": ["-9.3065+0.9*math.sin(q.anim_time*90*2)", 9.95609, 7.70847],
					"position": [0, "0.6+0.1*math.sin(q.anim_time*90*2)", 0]
				},
				"leg_right2": {
					"rotation": ["0.6382-1.6*math.sin(q.anim_time*90*2)", 0.43263, -2.37575]
				},
				"foot_right": {
					"rotation": ["1.3436+0.6*math.sin(q.anim_time*90*2)", 6.23648, -2.9767]
				},
				"leg_left": {
					"rotation": ["-9.3065+0.9*math.sin(q.anim_time*90*2)", -9.95609, -7.70847],
					"position": [0, "0.6+0.1*math.sin(q.anim_time*90*2)", 0]
				},
				"leg_left2": {
					"rotation": ["0.6382-1.6*math.sin(q.anim_time*90*2)", -0.43263, 2.37575]
				},
				"foot_left": {
					"rotation": ["1.3436+0.6*math.sin(q.anim_time*90*2)", -6.23648, 2.9767]
				},
				"leg_right3": {
					"rotation": ["10+0.4*math.sin(q.anim_time*90*2)", 0, 0]
				},
				"leg_left3": {
					"rotation": ["10+0.4*math.sin(q.anim_time*90*2)", 0, 0]
				}
			}
		},
		"animation.zinoblade.sleep": {
			"loop": true,
			"animation_length": 8,
			"bones": {
				"torso": {
					"rotation": [27, 0, "-10-0.5*math.cos(q.anim_time*90*1-50)"],
					"position": [0, -3.2, 0]
				},
				"arm_right": {
					"rotation": [-38.09264, "-63.5378-4*math.sin(q.anim_time*90*1-50)", -25.99742]
				},
				"arm_left": {
					"rotation": [-41.36098, "53.0902-4*math.sin(q.anim_time*90*1-50)", 31.82793]
				},
				"neck": {
					"rotation": {
						"0.0": [-54.27652, -3.3021, 4.63324],
						"4.0": [-59.27652, -3.3021, 4.63324],
						"8.0": [-54.27652, -3.3021, 4.63324]
					},
					"position": {
						"0.0": [0.71668, 5.77631, -2.66846],
						"4.0": [0.71668, 5.77631, -2.66846],
						"8.0": [0.71668, 5.77631, -2.66846]
					}
				},
				"tail": {
					"rotation": [-37.5, "0-4*math.sin(q.anim_time*90*0.5)", 0]
				},
				"tail2": {
					"rotation": [-27, "-8*math.sin(q.anim_time*90*0.5-60)", 0],
					"position": [0, -0.4, -0.5]
				},
				"tail3": {
					"rotation": [-10, "-12*math.sin(q.anim_time*90*0.5-120)", 0],
					"position": [0, -0.6, 0]
				},
				"leg_right": {
					"rotation": [0, 5, 7.5],
					"position": [0, -2.8, -0.4]
				},
				"leg_right2": {
					"rotation": [23.63817, 0.43263, -2.37575]
				},
				"foot_right": {
					"rotation": [1.34363, 6.23648, -2.9767]
				},
				"leg_left": {
					"rotation": [0, -5, -7.5],
					"position": [0, -2.8, -0.4]
				},
				"leg_left2": {
					"rotation": [23.63817, -0.43263, 2.37575]
				},
				"foot_left": {
					"rotation": [1.34363, -6.23648, 2.9767]
				},
				"leg_right3": {
					"rotation": [-24, 0, 0],
					"position": [0, 0, 1.1]
				},
				"leg_left3": {
					"rotation": [-24, 0, 0],
					"position": [0, 0, 1.1]
				},
				"collar": {
					"rotation": [-19.73604, -2.85304, 2.13983],
					"position": [0, 0.90798, -1.78201]
				},
				"head": {
					"rotation": {
						"0.0": [47.15035, 3.37908, 6.56023],
						"4.0": [37.15035, 3.37908, 6.56023],
						"8.0": [47.15035, 3.37908, 6.56023]
					},
					"position": {
						"0.0": [-0.39997, -0.8723, 2.84238],
						"4.0": [-0.39997, -0.8723, 1.84238],
						"8.0": [-0.39997, -0.8723, 2.84238]
					}
				},
				"eyelid_right": {
					"position": [-0.1, 0, 0]
				},
				"eyelid_left": {
					"position": [0.1, 0, 0]
				}
			}
		},
		"animation.zinoblade.blink": {
			"animation_length": 0.1667,
			"bones": {
				"eyelid_right": {
					"position": {
						"0.0": [-0.1, 0, 0],
						"0.125": [-0.1, 0, 0],
						"0.1667": [0, 0, 0]
					}
				},
				"eyelid_left": {
					"position": {
						"0.0": [0.1, 0, 0],
						"0.125": [0.1, 0, 0],
						"0.1667": [0, 0, 0]
					}
				}
			}
		},
		"animation.zinoblade.walkspeedtest": {
			"loop": true,
			"bones": {
				"zinoblade": {
					"position": [0, 0, "-q.anim_time*90*0.11"]
				}
			}
		}
	}
}