{
	"format_version": "1.12.0",
	"minecraft:geometry": [
		{
			"description": {
				"identifier": "geometry.grimkeak",
				"texture_width": 128,
				"texture_height": 128,
				"visible_bounds_width": 4,
				"visible_bounds_height": 3.5,
				"visible_bounds_offset": [0, 1.25, 0]
			},
			"bones": [
				{
					"name": "grimkeak",
					"pivot": [0, 0, 0]
				},
				{
					"name": "bone",
					"parent": "grimkeak",
					"pivot": [0, 4, 0]
				},
				{
					"name": "head",
					"parent": "bone",
					"pivot": [0, 14, 0],
					"cubes": [
						{"origin": [-4, 14, -6], "size": [8, 8, 10], "uv": [34, 1]},
						{"origin": [-5, 16, 1], "size": [10, 7, 4], "uv": [71, 26]}
					]
				},
				{
					"name": "bone3",
					"parent": "head",
					"pivot": [0, 20.2, 2.9],
					"rotation": [-37.5, 0, 0],
					"cubes": [
						{"origin": [-5, 16.7, 2.9], "size": [10, 7, 12], "inflate": 0.01, "uv": [40, 43]},
						{"origin": [-5, 16.2, 13.1], "size": [10, 7, 12], "pivot": [0, 20.2, 14.9], "rotation": [-32.5, 0, 0], "uv": [40, 43]}
					]
				},
				{
					"name": "ear",
					"parent": "head",
					"pivot": [1, 22, -1],
					"rotation": [0, 0, 15],
					"cubes": [
						{"origin": [1, 20, -2], "size": [6, 9, 2], "uv": [3, 3]}
					]
				},
				{
					"name": "ear2",
					"parent": "head",
					"pivot": [-1, 22, -1],
					"rotation": [0, 0, -15],
					"cubes": [
						{"origin": [-7, 20, -2], "size": [6, 9, 2], "uv": [3, 3], "mirror": true}
					]
				},
				{
					"name": "bone2",
					"parent": "bone",
					"pivot": [0, 4, 0],
					"cubes": [
						{"origin": [-3, 5, -4], "size": [6, 10, 7], "uv": [3, 19]}
					]
				},
				{
					"name": "arm",
					"parent": "bone2",
					"pivot": [2.5, 11.5, 2],
					"rotation": [0, 0, 45],
					"cubes": [
						{"origin": [1, 10, -1], "size": [7, 3, 3], "uv": [35, 25]}
					]
				},
				{
					"name": "arm2",
					"parent": "bone2",
					"pivot": [-2.5, 11.5, 2],
					"rotation": [0, 0, -45],
					"cubes": [
						{"origin": [-8, 10, -1], "size": [7, 3, 3], "uv": [35, 25], "mirror": true}
					]
				},
				{
					"name": "leg",
					"parent": "bone2",
					"pivot": [1.6, 4, -1],
					"cubes": [
						{"origin": [0.6, 0, -2], "size": [3, 7, 3], "uv": [16, 43]}
					]
				},
				{
					"name": "leg2",
					"parent": "bone2",
					"pivot": [-1.6, 4, -1],
					"cubes": [
						{"origin": [-3.6, 0, -2], "size": [3, 7, 3], "uv": [16, 43], "mirror": true}
					]
				},
				{
					"name": "tail",
					"parent": "bone2",
					"pivot": [0, 6.5, 3],
					"cubes": [
						{"origin": [0, 5, 3], "size": [0, 3, 6], "uv": [31, 61]}
					]
				}
			]
		}
	]
}