{
	"format_version": "1.12.0",
	"minecraft:geometry": [
		{
			"description": {
				"identifier": "geometry.viforcer",
				"texture_width": 128,
				"texture_height": 128,
				"visible_bounds_width": 5,
				"visible_bounds_height": 4.5,
				"visible_bounds_offset": [0, 1.75, 0]
			},
			"bones": [
				{
					"name": "viforcer",
					"pivot": [0, 0, 0]
				},
				{
					"name": "body",
					"parent": "viforcer",
					"pivot": [0, 22, 0]
				},
				{
					"name": "torso",
					"parent": "body",
					"pivot": [0, 15.75, -0.9],
					"cubes": [
						{"origin": [-3, 15.75, -2.9], "size": [6, 3, 4], "uv": [32, 66]}
					]
				},
				{
					"name": "hips_armor_front",
					"parent": "torso",
					"pivot": [0, 18.825, -2.9],
					"rotation": [-15, 0, 0],
					"cubes": [
						{"origin": [-2, 13.825, -2.9], "size": [4, 5, 0], "uv": [44, 81]}
					]
				},
				{
					"name": "back_hips_armor",
					"parent": "torso",
					"pivot": [0, 18.75, -2.375],
					"cubes": [
						{"origin": [-4, 18.75, -2.4], "size": [8, 0, 5], "uv": [23, 81]}
					]
				},
				{
					"name": "back_hips_armor_left",
					"parent": "back_hips_armor",
					"pivot": [-4, 18.75, 0.1]
				},
				{
					"name": "back_hips_armor_right",
					"parent": "back_hips_armor",
					"pivot": [4, 18.75, 0.1],
					"cubes": [
						{"origin": [4, 14.75, -2.4], "size": [0, 4, 5], "uv": [30, 68]},
						{"origin": [-4, 14.75, -2.4], "size": [0, 4, 5], "uv": [30, 68], "mirror": true}
					]
				},
				{
					"name": "back_hips_armor_back",
					"parent": "back_hips_armor",
					"pivot": [0, 18.75, 2.6],
					"cubes": [
						{"origin": [-4, 14.75, 2.6], "size": [8, 4, 0], "uv": [30, 77]}
					]
				},
				{
					"name": "waist",
					"parent": "torso",
					"pivot": [0, 18.7, 1.1],
					"cubes": [
						{"origin": [-2.5, 18.75, -2.9], "size": [5, 3, 4], "uv": [22, 17]}
					]
				},
				{
					"name": "chest",
					"parent": "waist",
					"pivot": [0, 21.25, 1.1],
					"rotation": [-5, 0, 0],
					"cubes": [
						{"origin": [-3, 21.25, -3.4], "size": [6, 5, 6], "inflate": 0.01, "uv": [0, 21]}
					]
				},
				{
					"name": "chest_armor",
					"parent": "chest",
					"pivot": [0, 24.25, -2.85],
					"rotation": [5, 0, 0],
					"cubes": [
						{"origin": [-0.51, 21.95, -3.87497], "size": [3, 5, 3], "pivot": [0, 23.9, -1.375], "rotation": [10.5, 44.5, 7.4], "uv": [36, 13]}
					]
				},
				{
					"name": "neck_armor",
					"parent": "chest_armor",
					"pivot": [0, 25.95, 1.785],
					"cubes": [
						{"origin": [1.95, 24.85, -3.28], "size": [1, 3, 6], "pivot": [2.775, 25.025, 2.675], "rotation": [4.6, 4.6, 27.5], "uv": [34, 22]},
						{"origin": [-2.95, 24.85, -3.28], "size": [1, 3, 6], "pivot": [-2.775, 25.025, 2.675], "rotation": [4.6, -4.6, -27.5], "uv": [42, 17], "mirror": true},
						{"origin": [-3, 24.8, 1.7], "size": [6, 3, 1], "inflate": 0.03, "pivot": [0, 24.8, 2.7], "rotation": [-25, 0, 0], "uv": [26, 24]}
					]
				},
				{
					"name": "arms",
					"parent": "chest",
					"pivot": [0, 24.24653, -0.41076],
					"rotation": [5, 0, 0]
				},
				{
					"name": "arm_left",
					"parent": "arms",
					"pivot": [3, 25.45, -0.7],
					"cubes": [
						{"origin": [2.7, 23.45, -1.7], "size": [6, 2, 2], "uv": [12, 89]}
					]
				},
				{
					"name": "arm_left2",
					"parent": "arm_left",
					"pivot": [8.1, 25.45, 0.3],
					"cubes": [
						{"origin": [8.1, 22.7, -2.7], "size": [6, 4, 4], "inflate": 0.01, "uv": [30, 86]}
					]
				},
				{
					"name": "gauntlet",
					"parent": "arm_left2",
					"pivot": [10.7, 24.9, -0.6],
					"cubes": [
						{"origin": [10.2, 22.05, -3.7], "size": [3, 5, 1], "inflate": 0.2, "uv": [94, 9]},
						{"origin": [10.3, 23.05, -4], "size": [3, 3, 1], "inflate": 0.2, "uv": [68, 41]},
						{"origin": [10.3, 23.05, 1.6], "size": [3, 3, 1], "inflate": 0.2, "uv": [69, 40]},
						{"origin": [10.2, 22.05, 1.3], "size": [3, 5, 1], "inflate": 0.2, "uv": [86, 9]},
						{"origin": [10.2, 26.65, -3.7], "size": [3, 1, 6], "inflate": 0.21, "uv": [99, 0]},
						{"origin": [10.4, 26.95, -2.2], "size": [2, 1, 3], "inflate": 0.21, "uv": [66, 40]},
						{"origin": [10.2, 21.65, -3.7], "size": [3, 1, 6], "inflate": 0.21, "uv": [81, 0]}
					]
				},
				{
					"name": "gauntletmid",
					"parent": "gauntlet",
					"pivot": [12.7, 27.95, -4.2],
					"cubes": [
						{"origin": [19.2, 22.45, 3], "size": [2, 2, 1], "inflate": 0.2, "uv": [72, 41]},
						{"origin": [13.2, 21.45, -5.1], "size": [8, 7, 9], "inflate": 0.2, "uv": [94, 7]},
						{"origin": [20.6, 22.05, -4.6], "size": [2, 6, 8], "inflate": 0.01, "uv": [107, 32]},
						{"origin": [19.9, 27.75, 0.8], "size": [3, 1, 3], "pivot": [21.1, 28.3, -0.6], "rotation": [0, 0, 15], "uv": [102, 58]},
						{"origin": [19.9, 27.75, -5], "size": [3, 1, 3], "pivot": [21.1, 28.3, -0.6], "rotation": [0, 0, 15], "uv": [102, 62]},
						{"origin": [19.7, 27.55, -1.6], "size": [3, 1, 2], "inflate": 0.2, "pivot": [21.5, 28, -0.6], "rotation": [0, 0, 15], "uv": [117, 2]},
						{"origin": [16.9, 27.65, -4.4], "size": [3, 1, 3], "inflate": 0.3, "uv": [114, 60]},
						{"origin": [16.9, 27.65, 0.2], "size": [3, 1, 3], "inflate": 0.3, "uv": [114, 56]},
						{"origin": [14.3, 27.15, -2.6], "size": [4, 3, 4], "inflate": -0.6, "uv": [64, 48]},
						{"origin": [16.2, 22.95, 3], "size": [3, 1, 1], "inflate": 0.2, "uv": [90, 53]},
						{"origin": [14.2, 22.45, 3], "size": [2, 2, 1], "inflate": 0.2, "uv": [71, 43]},
						{"origin": [13.8, 27.04289, 2.5], "size": [5, 0, 3], "inflate": 0.3, "pivot": [16.3, 27.04289, 4], "rotation": [-86, 0, 0], "uv": [82, 21]},
						{"origin": [13.8, 27.64289, -0.1], "size": [5, 1, 4], "inflate": 0.3, "uv": [81, 33]},
						{"origin": [19, 26.95, -2.1], "size": [4, 2, 1.2], "inflate": -0.2, "pivot": [21.8, 27.4, -1.1], "rotation": [0, 0, 15], "uv": [67, 40]},
						{"origin": [19, 26.95, -0.3], "size": [4, 2, 1.2], "inflate": -0.2, "pivot": [21.8, 27.4, 0.7], "rotation": [0, 0, 15], "uv": [67, 40]},
						{"origin": [21.8, 26.95, -2.1], "size": [1.2, 2, 3], "inflate": -0.2, "pivot": [21.8, 27.4, -1.1], "rotation": [0, 0, 15], "uv": [70, 40]},
						{"origin": [19.1, 27.65, -2.1], "size": [1.2, 2, 3], "inflate": -0.2, "pivot": [19.1, 28.1, -1.1], "rotation": [0, 0, 15], "uv": [71, 39]},
						{"origin": [14.3, 27.35, -2.6], "size": [4, 3, 4], "inflate": -0.7, "uv": [65, 1]},
						{"origin": [13.8, 27.64289, -5.1], "size": [5, 1, 4], "inflate": 0.3, "uv": [81, 33]},
						{"origin": [13.8, 27.04289, -6.7], "size": [5, 0, 3], "inflate": 0.3, "pivot": [16.3, 27.04289, -5.2], "rotation": [86, 0, 0], "uv": [82, 21]},
						{"origin": [19.2, 22.45, -5.2], "size": [2, 2, 1], "inflate": 0.2, "uv": [72, 41]},
						{"origin": [16.2, 22.95, -5.2], "size": [3, 1, 1], "inflate": 0.2, "uv": [90, 53]},
						{"origin": [14.2, 22.45, -5.2], "size": [2, 2, 1], "inflate": 0.2, "uv": [71, 43]}
					]
				},
				{
					"name": "ticker",
					"parent": "gauntletmid",
					"pivot": [16.65, 29.5, -0.6],
					"cubes": [
						{"origin": [16.7, 26.2, -0.6], "size": [0, 3, 0], "inflate": 0.5, "uv": [75, 41]},
						{"origin": [15.7, 26.4, -0.6], "size": [1, 3, 0], "inflate": 0.3, "uv": [74, 41]}
					]
				},
				{
					"name": "thumb2",
					"parent": "gauntletmid",
					"pivot": [20.5, 24.05, -4.55],
					"cubes": [
						{"origin": [21.95594, 24.97386, -7.3], "size": [1, 2, 1], "inflate": 0.41, "pivot": [23.4, 24.15, -6.7], "rotation": [-90, 77.5, -180], "uv": [115, 39]},
						{"origin": [21.35594, 22.97386, -7.2], "size": [1, 2, 1], "inflate": 0.21, "pivot": [22.8, 24.15, -6.6], "rotation": [-90, 77.5, -180], "uv": [122, 34]}
					]
				},
				{
					"name": "fingers",
					"parent": "gauntletmid",
					"pivot": [22.6, 26.65, -1.2],
					"cubes": [
						{"origin": [21.5, 25.85, 1.5], "size": [2, 2, 2], "inflate": 0.01, "uv": [69, 40]},
						{"origin": [21.5, 25.85, -0.6], "size": [2, 2, 2], "inflate": 0.01, "uv": [67, 41]},
						{"origin": [21.5, 25.85, -2.7], "size": [2, 2, 2], "inflate": 0.01, "uv": [67, 41]},
						{"origin": [21.5, 25.85, -4.7], "size": [2, 2, 2], "inflate": 0.01, "uv": [64, 39]}
					]
				},
				{
					"name": "fingersmid",
					"parent": "fingers",
					"pivot": [23.4, 26.15, -0.625],
					"cubes": [
						{"origin": [22.9, 24.15, 2], "size": [1, 2, 1], "inflate": 0.41, "uv": [115, 39]},
						{"origin": [22.9, 24.15, -0.1], "size": [1, 2, 1], "inflate": 0.41, "uv": [115, 39]},
						{"origin": [22.9, 24.15, -2.2], "size": [1, 2, 1], "inflate": 0.41, "uv": [115, 39]},
						{"origin": [22.9, 24.15, -4.2], "size": [1, 2, 1], "inflate": 0.41, "uv": [115, 39]}
					]
				},
				{
					"name": "fingertips",
					"parent": "fingersmid",
					"pivot": [23.4, 24.05, -0.625],
					"cubes": [
						{"origin": [22.9, 22.15, 2], "size": [1, 2, 1], "inflate": 0.21, "uv": [122, 34]},
						{"origin": [22.9, 22.15, -0.1], "size": [1, 2, 1], "inflate": 0.21, "uv": [122, 34]},
						{"origin": [22.9, 22.15, -2.2], "size": [1, 2, 1], "inflate": 0.21, "uv": [122, 34]},
						{"origin": [22.9, 22.15, -4.2], "size": [1, 2, 1], "inflate": 0.21, "uv": [122, 34]}
					]
				},
				{
					"name": "hand_left",
					"parent": "arm_left2",
					"pivot": [14.1, 26.7, -0.7],
					"rotation": [0, 0, 15],
					"cubes": [
						{"origin": [14.1, 23.7, -2.7], "size": [2, 3, 4], "uv": [24, 102]}
					]
				},
				{
					"name": "finger_left",
					"parent": "arm_left2",
					"pivot": [11.8, 23.75, -2.7],
					"rotation": [0, 15, 0],
					"cubes": [
						{"origin": [11.8, 22.75, -2.7], "size": [3, 2, 1], "uv": [32, 102]}
					]
				},
				{
					"name": "arm_right",
					"parent": "arms",
					"pivot": [-3, 25.45, -0.7],
					"cubes": [
						{"origin": [-8.7, 23.45, -1.7], "size": [6, 2, 2], "uv": [16, 93], "mirror": true}
					]
				},
				{
					"name": "arm_right2",
					"parent": "arm_right",
					"pivot": [-8.1, 25.45, 0.3],
					"cubes": [
						{"origin": [-14.1, 22.7, -2.7], "size": [6, 4, 4], "inflate": 0.01, "uv": [28, 94], "mirror": true}
					]
				},
				{
					"name": "gauntlet2",
					"parent": "arm_right2",
					"pivot": [-10.7, 24.9, -0.6],
					"cubes": [
						{"origin": [-13.2, 22.05, -3.7], "size": [3, 5, 1], "inflate": 0.2, "uv": [94, 9], "mirror": true},
						{"origin": [-13.3, 23.05, -4], "size": [3, 3, 1], "inflate": 0.2, "uv": [68, 41], "mirror": true},
						{"origin": [-13.3, 23.05, 1.6], "size": [3, 3, 1], "inflate": 0.2, "uv": [69, 40], "mirror": true},
						{"origin": [-13.2, 22.05, 1.3], "size": [3, 5, 1], "inflate": 0.2, "uv": [86, 9], "mirror": true},
						{"origin": [-13.2, 26.65, -3.7], "size": [3, 1, 6], "inflate": 0.21, "uv": [99, 0], "mirror": true},
						{"origin": [-12.4, 26.95, -2.2], "size": [2, 1, 3], "inflate": 0.21, "uv": [66, 40], "mirror": true},
						{"origin": [-13.2, 21.65, -3.7], "size": [3, 1, 6], "inflate": 0.21, "uv": [81, 0], "mirror": true}
					]
				},
				{
					"name": "gauntletmid2",
					"parent": "gauntlet2",
					"pivot": [-12.7, 27.95, -4.2],
					"cubes": [
						{"origin": [-21.2, 22.45, 3], "size": [2, 2, 1], "inflate": 0.2, "uv": [72, 41], "mirror": true},
						{"origin": [-21.2, 21.45, -5.1], "size": [8, 7, 9], "inflate": 0.2, "uv": [94, 7], "mirror": true},
						{"origin": [-22.6, 22.05, -4.6], "size": [2, 6, 8], "inflate": 0.01, "uv": [107, 32], "mirror": true},
						{"origin": [-22.9, 27.75, 0.8], "size": [3, 1, 3], "pivot": [-21.1, 28.3, -0.6], "rotation": [0, 0, -15], "uv": [102, 58], "mirror": true},
						{"origin": [-22.9, 27.75, -5], "size": [3, 1, 3], "pivot": [-21.1, 28.3, -0.6], "rotation": [0, 0, -15], "uv": [102, 62], "mirror": true},
						{"origin": [-22.7, 27.55, -1.6], "size": [3, 1, 2], "inflate": 0.2, "pivot": [-21.5, 28, -0.6], "rotation": [0, 0, -15], "uv": [117, 2], "mirror": true},
						{"origin": [-19.9, 27.65, -4.4], "size": [3, 1, 3], "inflate": 0.3, "uv": [114, 60], "mirror": true},
						{"origin": [-19.9, 27.65, 0.2], "size": [3, 1, 3], "inflate": 0.3, "uv": [114, 56], "mirror": true},
						{"origin": [-18.3, 27.15, -2.6], "size": [4, 3, 4], "inflate": -0.6, "uv": [64, 48], "mirror": true},
						{"origin": [-19.2, 22.95, 3], "size": [3, 1, 1], "inflate": 0.2, "uv": [90, 53], "mirror": true},
						{"origin": [-16.2, 22.45, 3], "size": [2, 2, 1], "inflate": 0.2, "uv": [71, 43], "mirror": true},
						{"origin": [-18.8, 27.04289, 2.5], "size": [5, 0, 3], "inflate": 0.3, "pivot": [-16.3, 27.04289, 4], "rotation": [-86, 0, 0], "uv": [82, 21], "mirror": true},
						{"origin": [-18.8, 27.64289, -0.1], "size": [5, 1, 4], "inflate": 0.3, "uv": [81, 33], "mirror": true},
						{"origin": [-23, 26.95, -2.1], "size": [4, 2, 1.2], "inflate": -0.2, "pivot": [-21.8, 27.4, -1.1], "rotation": [0, 0, -15], "uv": [67, 40], "mirror": true},
						{"origin": [-23, 26.95, -0.3], "size": [4, 2, 1.2], "inflate": -0.2, "pivot": [-21.8, 27.4, 0.7], "rotation": [0, 0, -15], "uv": [67, 40], "mirror": true},
						{"origin": [-23, 26.95, -2.1], "size": [1.2, 2, 3], "inflate": -0.2, "pivot": [-21.8, 27.4, -1.1], "rotation": [0, 0, -15], "uv": [70, 40], "mirror": true},
						{"origin": [-20.3, 27.65, -2.1], "size": [1.2, 2, 3], "inflate": -0.2, "pivot": [-19.1, 28.1, -1.1], "rotation": [0, 0, -15], "uv": [71, 39], "mirror": true},
						{"origin": [-18.3, 27.35, -2.6], "size": [4, 3, 4], "inflate": -0.7, "uv": [65, 1], "mirror": true},
						{"origin": [-18.8, 27.64289, -5.1], "size": [5, 1, 4], "inflate": 0.3, "uv": [81, 33], "mirror": true},
						{"origin": [-18.8, 27.04289, -6.7], "size": [5, 0, 3], "inflate": 0.3, "pivot": [-16.3, 27.04289, -5.2], "rotation": [86, 0, 0], "uv": [82, 21], "mirror": true},
						{"origin": [-21.2, 22.45, -5.2], "size": [2, 2, 1], "inflate": 0.2, "uv": [72, 41], "mirror": true},
						{"origin": [-19.2, 22.95, -5.2], "size": [3, 1, 1], "inflate": 0.2, "uv": [90, 53], "mirror": true},
						{"origin": [-16.2, 22.45, -5.2], "size": [2, 2, 1], "inflate": 0.2, "uv": [71, 43], "mirror": true}
					]
				},
				{
					"name": "ticker2",
					"parent": "gauntletmid2",
					"pivot": [-16.65, 29.5, -0.6],
					"cubes": [
						{"origin": [-16.7, 26.2, -0.6], "size": [0, 3, 0], "inflate": 0.5, "uv": [75, 41], "mirror": true},
						{"origin": [-16.7, 26.4, -0.6], "size": [1, 3, 0], "inflate": 0.3, "uv": [74, 41], "mirror": true}
					]
				},
				{
					"name": "thumb",
					"parent": "gauntletmid2",
					"pivot": [-20.5, 24.05, -4.55],
					"cubes": [
						{"origin": [-22.95594, 24.97386, -7.3], "size": [1, 2, 1], "inflate": 0.41, "pivot": [-23.4, 24.15, -6.7], "rotation": [-90, -77.5, 180], "uv": [115, 39], "mirror": true},
						{"origin": [-22.35594, 22.97386, -7.2], "size": [1, 2, 1], "inflate": 0.21, "pivot": [-22.8, 24.15, -6.6], "rotation": [-90, -77.5, 180], "uv": [122, 34], "mirror": true}
					]
				},
				{
					"name": "fingers2",
					"parent": "gauntletmid2",
					"pivot": [-22.6, 26.65, -1.2],
					"cubes": [
						{"origin": [-23.5, 25.85, 1.5], "size": [2, 2, 2], "inflate": 0.01, "uv": [69, 40], "mirror": true},
						{"origin": [-23.5, 25.85, -0.6], "size": [2, 2, 2], "inflate": 0.01, "uv": [67, 41], "mirror": true},
						{"origin": [-23.5, 25.85, -2.7], "size": [2, 2, 2], "inflate": 0.01, "uv": [67, 41], "mirror": true},
						{"origin": [-23.5, 25.85, -4.7], "size": [2, 2, 2], "inflate": 0.01, "uv": [64, 39], "mirror": true}
					]
				},
				{
					"name": "fingersmid2",
					"parent": "fingers2",
					"pivot": [-23.4, 26.15, -0.625],
					"cubes": [
						{"origin": [-23.9, 24.15, 2], "size": [1, 2, 1], "inflate": 0.41, "uv": [115, 39], "mirror": true},
						{"origin": [-23.9, 24.15, -0.1], "size": [1, 2, 1], "inflate": 0.41, "uv": [115, 39], "mirror": true},
						{"origin": [-23.9, 24.15, -2.2], "size": [1, 2, 1], "inflate": 0.41, "uv": [115, 39], "mirror": true},
						{"origin": [-23.9, 24.15, -4.2], "size": [1, 2, 1], "inflate": 0.41, "uv": [115, 39], "mirror": true}
					]
				},
				{
					"name": "fingertips2",
					"parent": "fingersmid2",
					"pivot": [-23.4, 24.05, -0.625],
					"cubes": [
						{"origin": [-23.9, 22.15, 2], "size": [1, 2, 1], "inflate": 0.21, "uv": [122, 34], "mirror": true},
						{"origin": [-23.9, 22.15, -0.1], "size": [1, 2, 1], "inflate": 0.21, "uv": [122, 34], "mirror": true},
						{"origin": [-23.9, 22.15, -2.2], "size": [1, 2, 1], "inflate": 0.21, "uv": [122, 34], "mirror": true},
						{"origin": [-23.9, 22.15, -4.2], "size": [1, 2, 1], "inflate": 0.21, "uv": [122, 34], "mirror": true}
					]
				},
				{
					"name": "hand_right",
					"parent": "arm_right2",
					"pivot": [-14.1, 26.7, -0.7],
					"rotation": [0, 0, -15],
					"cubes": [
						{"origin": [-16.1, 23.7, -2.7], "size": [2, 3, 4], "uv": [16, 105], "mirror": true}
					]
				},
				{
					"name": "finger_right",
					"parent": "arm_right2",
					"pivot": [-11.8, 23.75, -2.7],
					"rotation": [0, -15, 0],
					"cubes": [
						{"origin": [-14.8, 22.75, -2.7], "size": [3, 2, 1], "uv": [36, 105], "mirror": true}
					]
				},
				{
					"name": "neck",
					"parent": "chest",
					"pivot": [0, 26.54653, -0.41076],
					"rotation": [5, 0, 0],
					"cubes": [
						{"origin": [-1, 25.64653, -1.41076], "size": [2, 3, 2], "uv": [50, 18]}
					]
				},
				{
					"name": "head",
					"parent": "neck",
					"pivot": [0, 27.9, -0.4],
					"cubes": [
						{"origin": [-3.5, 27.9, -4.3], "size": [7, 7, 7], "uv": [0, 0]}
					]
				},
				{
					"name": "eyes",
					"parent": "head",
					"pivot": [0, 30.25, -3.2]
				},
				{
					"name": "eye_left",
					"parent": "eyes",
					"pivot": [2.51, 30.2, -3.81],
					"cubes": [
						{"origin": [1.51, 29.2, -4.31], "size": [2, 2, 1], "uv": [51, 12], "mirror": true}
					]
				},
				{
					"name": "eyelid_left",
					"parent": "eye_left",
					"pivot": [2.41, 30.2, -3.71],
					"cubes": [
						{"origin": [1.41, 29.2, -4.21], "size": [2, 2, 1], "inflate": 0.01, "uv": [51, 15], "mirror": true}
					]
				},
				{
					"name": "flame_left",
					"parent": "eye_left",
					"pivot": [2.5, 30.25, -4.3],
					"rotation": [-22.5, -47.5, -90]
				},
				{
					"name": "flame_left_rotation",
					"parent": "flame_left",
					"pivot": [2.5, 30.25, -4.3],
					"cubes": [
						{"origin": [2.5, 28.25, -6.3], "size": [0, 2, 2], "uv": [54, 6]}
					]
				},
				{
					"name": "eye_right",
					"parent": "eyes",
					"pivot": [-2.51, 30.2, -3.81],
					"cubes": [
						{"origin": [-3.51, 29.2, -4.31], "size": [2, 2, 1], "uv": [47, 9]}
					]
				},
				{
					"name": "eyelid_right",
					"parent": "eye_right",
					"pivot": [-2.41, 30.2, -3.71],
					"cubes": [
						{"origin": [-3.41, 29.2, -4.21], "size": [2, 2, 1], "inflate": 0.01, "uv": [45, 13]}
					]
				},
				{
					"name": "flame_right",
					"parent": "eye_right",
					"pivot": [-2.5, 30.25, -4.3],
					"rotation": [-22.5, 47.5, 90]
				},
				{
					"name": "flame_right_rotation",
					"parent": "flame_right",
					"pivot": [-2.5, 30.25, -4.3],
					"cubes": [
						{"origin": [-2.5, 28.25, -6.3], "size": [0, 2, 2], "uv": [54, 8], "mirror": true}
					]
				},
				{
					"name": "helmet",
					"parent": "head",
					"pivot": [0, 30.75, 0.35],
					"rotation": [11, 0, 0],
					"cubes": [
						{"origin": [-4, 31.75, -4.65], "size": [8, 4, 5], "uv": [28, 0]},
						{"origin": [-0.5, 31.75, -4.65], "size": [1, 1, 0], "inflate": 0.01, "uv": [21, 4]},
						{"origin": [-4, 30.75, -2.65], "size": [8, 1, 3], "uv": [28, 9]}
					]
				},
				{
					"name": "head_flame",
					"parent": "helmet",
					"pivot": [1.1, 32.45, -4.65],
					"rotation": [0, -90, -28.5],
					"cubes": [
						{"origin": [1.1, 32.35457, -7.82576], "size": [0, 7, 5], "uv": [0, 9]}
					]
				},
				{
					"name": "head_flame2",
					"parent": "head_flame",
					"pivot": [1.1, 39.45, -2.65],
					"cubes": [
						{"origin": [1.1, 32.35457, -3.82576], "size": [0, 7, 4], "uv": [10, 10]}
					]
				},
				{
					"name": "head_flame3",
					"parent": "head_flame2",
					"pivot": [1.1, 33.45, 1.35],
					"cubes": [
						{"origin": [1.1, 32.35457, -1.82576], "size": [0, 7, 4], "uv": [18, 10]}
					]
				},
				{
					"name": "cheek_spikes",
					"parent": "head",
					"pivot": [0.1, 27.85, -1.7],
					"rotation": [7.5, 0, 0],
					"cubes": [
						{"origin": [3.35, 27.9, -1.7], "size": [0, 2, 6], "pivot": [3.35, 27.85, -1.7], "rotation": [0, 22.5, 0], "uv": [21, -6]},
						{"origin": [-3.35, 27.9, -1.7], "size": [0, 2, 6], "pivot": [-3.35, 27.85, -1.7], "rotation": [0, -22.5, 0], "uv": [21, -4], "mirror": true}
					]
				},
				{
					"name": "legs",
					"parent": "body",
					"pivot": [0, 16.25, -1.1]
				},
				{
					"name": "leg_left",
					"parent": "legs",
					"pivot": [2.2, 16.5, -0.9],
					"cubes": [
						{"origin": [0.7, 9.5, -2.4], "size": [3, 7, 3], "uv": [0, 81]}
					]
				},
				{
					"name": "leg_left2",
					"parent": "leg_left",
					"pivot": [2.2, 9.5, -2.4],
					"cubes": [
						{"origin": [0.5, 2.5, -2.4], "size": [4, 7, 4], "inflate": 0.01, "uv": [0, 91]}
					]
				},
				{
					"name": "foot_left",
					"parent": "leg_left2",
					"pivot": [2.5, 3, -2.4]
				},
				{
					"name": "foot_left_pivot",
					"parent": "foot_left",
					"pivot": [2.5, 3, 1.6],
					"cubes": [
						{"origin": [0.5, 0, -2.4], "size": [4, 3, 4], "inflate": 0.02, "uv": [0, 102]}
					]
				},
				{
					"name": "leg_right",
					"parent": "legs",
					"pivot": [-2.2, 16.5, -0.9],
					"cubes": [
						{"origin": [-3.7, 9.5, -2.4], "size": [3, 7, 3], "uv": [18, 68], "mirror": true}
					]
				},
				{
					"name": "leg_right2",
					"parent": "leg_right",
					"pivot": [-2.2, 9.5, -2.4],
					"cubes": [
						{"origin": [-4.5, 2.5, -2.4], "size": [4, 7, 4], "inflate": 0.01, "uv": [12, 78], "mirror": true}
					]
				},
				{
					"name": "foot_right",
					"parent": "leg_right2",
					"pivot": [-2.5, 3, -2.4]
				},
				{
					"name": "foot_right_pivot",
					"parent": "foot_right",
					"pivot": [-2.5, 3, 1.6],
					"cubes": [
						{"origin": [-4.5, 0, -2.4], "size": [4, 3, 4], "inflate": 0.02, "uv": [12, 98], "mirror": true}
					]
				}
			]
		}
	]
}