{
	"format_version": "1.8.0",
	"animations": {
		"animation.mantiverous.render": {
			"loop": true,
			"bones": {
				"body": {
					"rotation": [5, 32.5, 0]
				},
				"head": {
					"rotation": [0, 0, 10]
				},
				"arm_right": {
					"rotation": [0, 22.5, -52.5]
				},
				"arm_right_2": {
					"rotation": [0, -112.5, 0]
				},
				"arm_right_3": {
					"rotation": [44.75386, 5.29571, -5.31847]
				},
				"arm_right_4": {
					"rotation": [0, 0, -42.5]
				},
				"arm_left": {
					"rotation": [0, -22.5, 52.5]
				},
				"arm_left_2": {
					"rotation": [0, 112.5, 0]
				},
				"arm_left_3": {
					"rotation": [44.75386, -5.29571, 5.31847]
				},
				"arm_left_4": {
					"rotation": [0, 0, 42.5]
				},
				"elytra": {
					"rotation": [9.85108, -1.72794, 9.85108]
				},
				"wing_right": {
					"scale": [1, 1, 0.5]
				},
				"wing_left": {
					"scale": [1, 1, 0.5]
				},
				"tail": {
					"rotation": [29.72644, 22.52101, 11.14843]
				},
				"leg_right": {
					"rotation": [0, 0, 52.5]
				},
				"leg_right_2": {
					"rotation": [0, 0, -30]
				},
				"leg_left": {
					"rotation": [0, 0, -45]
				},
				"leg_left_2": {
					"rotation": [0, 0, 20]
				}
			}
		},
		"animation.mantiverous.ground_idle": {
			"loop": true,
			"animation_length": 2,
			"bones": {
				"body": {
					"rotation": [0, 0, 0],
					"position": [0, "-2-math.sin(q.anim_time*90*2+90)*0.2", 0]
				},
				"torso": {
					"rotation": ["-5+math.sin(q.anim_time*90*2)*1", 0, 0]
				},
				"head": {
					"rotation": ["5+math.sin(q.anim_time*90*2-90)*3", 0, 0]
				},
				"arm_right": {
					"rotation": [0, "24.0514-math.sin(q.anim_time*90*2)*2", -52.5],
					"position": [0, "0+math.sin(q.anim_time*90*2)*0.2+math.sin(q.anim_time*90*2+90)*0.2", 0]
				},
				"arm_right_2": {
					"rotation": [96.93733, -78.66843, -92.10921]
				},
				"arm_right_3": {
					"rotation": [44.7539, "5.2957+math.sin(q.anim_time*90*2)*4", -5.3185]
				},
				"arm_right_4": {
					"rotation": [0, 0, -42.5]
				},
				"arm_left": {
					"rotation": [0, "-24.0514+math.sin(q.anim_time*90*2)*2", 52.5],
					"position": [0, "0+math.sin(q.anim_time*90*2)*0.2+math.sin(q.anim_time*90*2+90)*0.2", 0]
				},
				"arm_left_2": {
					"rotation": [96.93733, 78.66843, 92.10921]
				},
				"arm_left_3": {
					"rotation": [44.7539, "-5.2957-math.sin(q.anim_time*90*2)*4", 5.3185]
				},
				"arm_left_4": {
					"rotation": [0, 0, 42.5]
				},
				"elytra": {
					"rotation": ["5+math.sin(q.anim_time*90*2)*1", 0, 0]
				},
				"wing_right": {
					"scale": [1, 1, 0.5]
				},
				"wing_left": {
					"scale": [1, 1, 0.5]
				},
				"tail": {
					"rotation": ["22.5+math.sin(q.anim_time*90*2-90)*3", 0, 0]
				},
				"leg_right": {
					"rotation": [0, 0, "40+math.sin(q.anim_time*90*2+90)*1"],
					"position": [-1, "0+math.sin(q.anim_time*90*2+90)*0.1", 0]
				},
				"leg_right_2": {
					"rotation": [0, 0, "-27.5-math.sin(q.anim_time*90*2+90)*2"]
				},
				"leg_left": {
					"rotation": [0, 0, "-40-math.sin(q.anim_time*90*2+90)*1"],
					"position": [1, "0+math.sin(q.anim_time*90*2+90)*0.1", 0]
				},
				"leg_left_2": {
					"rotation": [0, 0, "27.5+math.sin(q.anim_time*90*2+90)*2"]
				}
			}
		},
		"animation.mantiverous.ground_walk": {
			"loop": true,
			"animation_length": 1.5,
			"bones": {
				"body": {
					"rotation": [0, 0, 0],
					"position": [0, -2, 0]
				},
				"torso": {
					"rotation": {
						"0.0": ["-5-math.sin(q.anim_time*90*8*(1/1.5)-90)*2", 0, "0-math.sin(q.anim_time*90*4*(1/1.5))*5"],
						"0.7083": ["-5-math.sin(q.anim_time*90*8*(1/1.5)-90)*2", 0, "0-math.sin(q.anim_time*90*4*(1/1.5))*5"],
						"0.75": ["-5-math.sin(q.anim_time*90*8*(1/1.5)-90)*2", 0, "0-math.sin(q.anim_time*90*4*(1/1.5))*5"],
						"1.4583": ["-5-math.sin(q.anim_time*90*8*(1/1.5)-90)*2", 0, "0-math.sin(q.anim_time*90*4*(1/1.5))*5"],
						"1.5": ["-5-math.sin(q.anim_time*90*8*(1/1.5)-90)*2", 0, "0-math.sin(q.anim_time*90*4*(1/1.5))*5"]
					},
					"position": {
						"0.0": [0, "0+math.sin(q.anim_time*90*32)*0.1", 0],
						"0.7083": [0, 0, 0],
						"0.75": [0, "0+math.sin(q.anim_time*90*32)*0.1", 0],
						"1.4583": [0, 0, 0],
						"1.5": [0, "0+math.sin(q.anim_time*90*32)*0.1", 0]
					}
				},
				"head": {
					"rotation": ["5+math.sin(q.anim_time*90*8*(1/1.5))*7", 0, 0]
				},
				"arm_right": {
					"rotation": {
						"0.0": [17.02, 39.42, -42.97],
						"0.125": [20.42203, 42.49667, -41.06522],
						"0.2917": {
							"pre": [20.71773, 42.66236, -40.19028],
							"post": [20.71773, 42.66236, -40.19028],
							"lerp_mode": "catmullrom"
						},
						"0.5417": {
							"post": [-2.87077, 17.1013, -52.58781],
							"lerp_mode": "catmullrom"
						},
						"0.7083": {
							"post": [-2.87077, 17.1013, -52.58781],
							"lerp_mode": "catmullrom"
						},
						"0.875": [0, 24.0514, -52.5],
						"1.5": [17.02, 39.42, -42.97]
					},
					"position": {
						"0.0": {
							"post": [0, 0, 0.88],
							"lerp_mode": "catmullrom"
						},
						"0.125": {
							"post": [0, 0, 1],
							"lerp_mode": "catmullrom"
						},
						"0.5417": {
							"post": [0, 0, -1],
							"lerp_mode": "catmullrom"
						},
						"0.875": {
							"post": [0, 0, -1],
							"lerp_mode": "catmullrom"
						},
						"1.5": {
							"post": [0, 0, 0.88],
							"lerp_mode": "catmullrom"
						}
					}
				},
				"arm_right_2": {
					"rotation": {
						"0.0": [160.48, -75.81, -157.96],
						"0.125": [177.44029, -75.28074, -175.54082],
						"0.375": {
							"pre": [194.0595, -52.6974, -193.75495],
							"post": [194.0595, -52.6974, -193.75495],
							"lerp_mode": "catmullrom"
						},
						"0.875": [96.93733, -78.66843, -92.10921],
						"1.25": [126.57137, -76.87046, -122.78609],
						"1.5": [160.48, -75.81, -157.96]
					},
					"position": {
						"0.0": [0, 0, 0],
						"0.125": [0, 0, 0],
						"0.875": [0, 0, 0],
						"1.5": [0, 0, 0]
					}
				},
				"arm_right_3": {
					"rotation": {
						"0.0": [44.75, 5.3, -5.32],
						"0.125": [44.7539, 5.2957, -5.3185],
						"0.4583": {
							"pre": [50.87877, 21.96356, -13.12091],
							"post": [50.87877, 21.96356, -13.12091],
							"lerp_mode": "catmullrom"
						},
						"0.7083": {
							"post": [47.94941, 25.74391, -15.75731],
							"lerp_mode": "catmullrom"
						},
						"0.875": [44.7539, 5.2957, -5.3185],
						"1.5": [44.75, 5.3, -5.32]
					},
					"position": {
						"0.0": [0, 0, 0],
						"0.125": [0, 0, 0],
						"0.875": [0, 0, 0],
						"1.5": [0, 0, 0]
					}
				},
				"arm_right_4": {
					"rotation": [0, 0, -42.5]
				},
				"arm_left": {
					"rotation": {
						"0.0": {
							"post": [-2.77, -18.08, 52.84],
							"lerp_mode": "catmullrom"
						},
						"0.125": [0, -24.0514, 52.5],
						"0.875": [20.42203, -42.49667, 41.06522],
						"1.0417": {
							"pre": [20.71773, -42.66236, 40.19028],
							"post": [20.71773, -42.66236, 40.19028],
							"lerp_mode": "catmullrom"
						},
						"1.2917": {
							"post": [-2.87077, -17.1013, 52.58781],
							"lerp_mode": "catmullrom"
						},
						"1.4583": {
							"post": [-2.87077, -17.1013, 52.58781],
							"lerp_mode": "catmullrom"
						},
						"1.5": {
							"post": [-2.77, -18.08, 52.84],
							"lerp_mode": "catmullrom"
						}
					},
					"position": {
						"0.0": {
							"post": [0, 0, -1.23],
							"lerp_mode": "catmullrom"
						},
						"0.125": {
							"post": [0, 0, -1],
							"lerp_mode": "catmullrom"
						},
						"0.875": {
							"post": [0, 0, 1],
							"lerp_mode": "catmullrom"
						},
						"1.2917": {
							"post": [0, 0, -1],
							"lerp_mode": "catmullrom"
						},
						"1.5": {
							"post": [0, 0, -1.23],
							"lerp_mode": "catmullrom"
						}
					}
				},
				"arm_left_2": {
					"rotation": {
						"0.0": {
							"post": [143.07, 75.7, 139.65],
							"lerp_mode": "catmullrom"
						},
						"0.125": [96.93733, 78.66843, 92.10921],
						"0.5": [126.57137, 76.87046, 122.78609],
						"0.875": [177.44029, 75.28074, 175.54082],
						"1.125": {
							"pre": [194.0595, 52.6974, 193.75495],
							"post": [194.0595, 52.6974, 193.75495],
							"lerp_mode": "catmullrom"
						},
						"1.5": {
							"post": [143.07, 75.7, 139.65],
							"lerp_mode": "catmullrom"
						}
					},
					"position": {
						"0.0": [0, 0, 0],
						"0.125": [0, 0, 0],
						"0.875": [0, 0, 0],
						"1.5": [0, 0, 0]
					}
				},
				"arm_left_3": {
					"rotation": {
						"0.0": {
							"post": [47.09, -21.86, 13.82],
							"lerp_mode": "catmullrom"
						},
						"0.125": [44.7539, -5.2957, 5.3185],
						"0.875": [44.7539, -5.2957, 5.3185],
						"1.2083": {
							"pre": [50.87877, -21.96356, 13.12091],
							"post": [50.87877, -21.96356, 13.12091],
							"lerp_mode": "catmullrom"
						},
						"1.4583": {
							"post": [47.94941, -25.74391, 15.75731],
							"lerp_mode": "catmullrom"
						},
						"1.5": {
							"post": [47.09, -21.86, 13.82],
							"lerp_mode": "catmullrom"
						}
					},
					"position": {
						"0.0": [0, 0, 0],
						"0.125": [0, 0, 0],
						"0.875": [0, 0, 0],
						"1.5": [0, 0, 0]
					}
				},
				"arm_left_4": {
					"rotation": [0, 0, 42.5]
				},
				"elytra": {
					"rotation": ["5+math.sin(q.anim_time*90*8*(1/1.5)+90)*2", 0, 0]
				},
				"wing_right": {
					"scale": [1, 1, 0.5]
				},
				"wing_left": {
					"scale": [1, 1, 0.5]
				},
				"tail": {
					"rotation": ["22.5-math.sin(q.anim_time*90*8*(1/1.5)+90+90)*5", "0-math.sin(q.anim_time*90*4*(1/1.5)+90)*10", 0]
				},
				"leg_right": {
					"rotation": {
						"0.0": [0, 0, 40],
						"0.75": [5.7589, -4.81281, 39.75778],
						"0.9167": {
							"pre": [3.76613, -6.49053, 59.78638],
							"post": [3.76613, -6.49053, 59.78638],
							"lerp_mode": "catmullrom"
						},
						"1.2917": {
							"post": [3.76613, -6.49053, 59.78638],
							"lerp_mode": "catmullrom"
						},
						"1.5": [0, 0, 40]
					},
					"position": {
						"0.0": [-1, "0+math.sin(q.anim_time*90*32)*0.2", -2],
						"0.75": [-1, 0, 2],
						"0.9167": {
							"pre": [-1, 2, 1.11],
							"post": [-1, 2, 1.11],
							"lerp_mode": "catmullrom"
						},
						"1.125": {
							"post": [-1, 3.25, 0],
							"lerp_mode": "catmullrom"
						},
						"1.2917": {
							"post": [-1, 2, -1.11],
							"lerp_mode": "catmullrom"
						},
						"1.375": {
							"post": [-1, 2, -1.11],
							"lerp_mode": "catmullrom"
						},
						"1.5": [-1, "0+math.sin(q.anim_time*90*32)*0.2", -2]
					}
				},
				"leg_right_2": {
					"rotation": {
						"0.0": [0, 0, -27.5],
						"0.75": [-4.88206, 1.08089, -27.54608],
						"1.0417": {
							"pre": [-0.18999, 6.42612, -54.15024],
							"post": [-0.18999, 6.42612, -54.15024],
							"lerp_mode": "catmullrom"
						},
						"1.1667": [-0.18999, 6.42612, -54.15024],
						"1.3333": [-9.44183, 5.87133, -41.51808],
						"1.5": [0, 0, -27.5]
					},
					"position": {
						"0.0": [0, 0, 0],
						"0.75": [0, 0, 0],
						"1.5": [0, 0, 0]
					}
				},
				"leg_left": {
					"rotation": {
						"0.0": [5.7589, 4.81281, -39.75778],
						"0.1667": {
							"pre": [3.76613, 6.49053, -59.78638],
							"post": [3.76613, 6.49053, -59.78638],
							"lerp_mode": "catmullrom"
						},
						"0.5417": {
							"post": [3.76613, 6.49053, -59.78638],
							"lerp_mode": "catmullrom"
						},
						"0.75": [0, 0, -40],
						"1.5": [5.7589, 4.81281, -39.75778]
					},
					"position": {
						"0.0": [1, 0, 2],
						"0.1667": {
							"pre": [1, 2, 1.11],
							"post": [1, 2, 1.11],
							"lerp_mode": "catmullrom"
						},
						"0.375": {
							"post": [1, 3.25, 0],
							"lerp_mode": "catmullrom"
						},
						"0.5417": {
							"post": [1, 2, -1.11],
							"lerp_mode": "catmullrom"
						},
						"0.625": {
							"post": [1, 2, -1.11],
							"lerp_mode": "catmullrom"
						},
						"0.75": [1, "0+math.sin(q.anim_time*90*32)*0.2", -2],
						"1.5": [1, 0, 2]
					}
				},
				"leg_left_2": {
					"rotation": {
						"0.0": [-4.88206, -1.08089, 27.54608],
						"0.2917": {
							"pre": [-0.18999, -6.42612, 54.15024],
							"post": [-0.18999, -6.42612, 54.15024],
							"lerp_mode": "catmullrom"
						},
						"0.4167": [-0.18999, -6.42612, 54.15024],
						"0.5833": [-9.44183, -5.87133, 41.51808],
						"0.75": [0, 0, 27.5],
						"1.5": [-4.88206, -1.08089, 27.54608]
					},
					"position": {
						"0.0": [0, 0, 0],
						"0.75": [0, 0, 0],
						"1.5": [0, 0, 0]
					}
				}
			}
		},
		"animation.mantiverous.battle_idle": {
			"loop": true,
			"animation_length": 2,
			"bones": {
				"body": {
					"rotation": [0, 0, 0],
					"position": [0, -3, 0]
				},
				"torso": {
					"rotation": ["12.4539+math.sin(q.anim_time*90*4)*1", 1.08089, -4.88206]
				},
				"head": {
					"rotation": ["4.9811-math.sin(q.anim_time*90*4+90)*3", -0.43523, 4.98107]
				},
				"arm_right": {
					"rotation": ["4.0933-math.sin(q.anim_time*90*4)*1", 3.24973, -31.0745],
					"position": ["0+math.sin(q.anim_time*90*4)*0.1", "0+math.sin(q.anim_time*90*4)*0.2", 0]
				},
				"arm_right_2": {
					"rotation": [-71.8836, -81.2998, 101.10846]
				},
				"arm_right_3": {
					"rotation": [9.33944, -1.21019, -22.8643]
				},
				"arm_right_4": {
					"rotation": [0, 0, -42.5]
				},
				"arm_left": {
					"rotation": [0, "-40.6949+math.sin(q.anim_time*90*4)*2", 35],
					"position": [0, 0, 0]
				},
				"arm_left_2": {
					"rotation": [155.2348, "55.4393+math.sin(q.anim_time*90*4-90)*5", 153.78819]
				},
				"arm_left_3": {
					"rotation": [90, "-20+math.sin(q.anim_time*90*4-90+90)*5", 0]
				},
				"arm_left_4": {
					"rotation": [0, 0, 55]
				},
				"elytra": {
					"rotation": ["20-math.sin(q.anim_time*90*4+90)*1", 0, 0]
				},
				"wing_right": {
					"rotation": [0, "-10+math.sin(q.anim_time*90*64)*1*math.sin(q.anim_time*90*2)*10", 0]
				},
				"wing_left": {
					"rotation": [0, "10-math.sin(q.anim_time*90*64)*1*math.sin(q.anim_time*90*2)*10", 0]
				},
				"elytra_left": {
					"rotation": [0, "40+math.sin(q.anim_time*90*4)*2", 0]
				},
				"elytra_right": {
					"rotation": [0, "-40-math.sin(q.anim_time*90*4)*2", 0]
				},
				"tail": {
					"rotation": ["22.5+math.sin(q.anim_time*90*4-90)*4", 0, 0]
				},
				"leg_right": {
					"rotation": [35, 0, 20],
					"position": [-1, 0, 0]
				},
				"leg_right_2": {
					"rotation": [0, 0, 0]
				},
				"leg_left": {
					"rotation": [-30, 0, -40],
					"position": [1, 0, 0]
				},
				"leg_left_2": {
					"rotation": [37.5, 0, 27.5]
				}
			}
		},
		"animation.mantiverous.water_idle": {
			"loop": true,
			"animation_length": 2,
			"bones": {
				"body": {
					"rotation": ["-5+math.sin(q.anim_time*90*2+90)*2", 0, 0],
					"position": [0, "0+math.sin(q.anim_time*90*2)*1", 0]
				},
				"head": {
					"rotation": ["10+math.sin(q.anim_time*90*2)*5", 0, 0]
				},
				"arm_right": {
					"rotation": [3.59747, "35.6479+math.sin(q.anim_time*90*2+90)*5", -53.84298]
				},
				"arm_right_2": {
					"rotation": [0, "-107.5+math.sin(q.anim_time*90*2)*5", 0]
				},
				"arm_right_3": {
					"rotation": [76.65801, 40.7357, "-19.9727+math.sin(q.anim_time*90*2+90)*10"]
				},
				"arm_right_4": {
					"rotation": [0, -17.5, -52.5]
				},
				"arm_left": {
					"rotation": [3.59747, "-35.6479-math.sin(q.anim_time*90*2+90)*5", 53.84298]
				},
				"arm_left_2": {
					"rotation": [0, "107.5-math.sin(q.anim_time*90*2)*5", 0]
				},
				"arm_left_3": {
					"rotation": [76.65801, -40.7357, "19.9727-math.sin(q.anim_time*90*2+90)*10"]
				},
				"arm_left_4": {
					"rotation": [0, 17.5, 52.5]
				},
				"elytra": {
					"rotation": ["5+math.sin(q.anim_time*90*2)*1", 0, 0]
				},
				"wing_right": {
					"rotation": [0, -5, 0]
				},
				"wing_left": {
					"rotation": [0, 5, 0]
				},
				"elytra_left": {
					"rotation": [-0.90956, "19.9802+math.sin(q.anim_time*90*2)*2", -2.66022]
				},
				"elytra_right": {
					"rotation": [-0.90956, "-19.9802-math.sin(q.anim_time*90*2)*2", 2.66022]
				},
				"tail": {
					"rotation": ["62.5-math.sin(q.anim_time*90*2)*5", 0, 0],
					"position": [0, 2, -1]
				},
				"leg_right": {
					"rotation": ["51.1811-math.sin(q.anim_time*90*2+90)*5", -13.80192, 10.86531],
					"position": [-1, 0, 0]
				},
				"leg_right_2": {
					"rotation": ["32.5-math.sin(q.anim_time*90*2)*5", 0, 0]
				},
				"leg_left": {
					"rotation": ["51.1811-math.sin(q.anim_time*90*2+90)*5", 13.80192, -10.86531],
					"position": [1, 0, 0]
				},
				"leg_left_2": {
					"rotation": ["32.5-math.sin(q.anim_time*90*2)*5", 0, 0]
				}
			}
		},
		"animation.mantiverous.water_swim": {
			"loop": true,
			"animation_length": 2,
			"bones": {
				"arm_left": {
					"rotation": [0, "-55.805+math.sin(q.anim_time*90*4+45)*10", 60]
				},
				"arm_left_2": {
					"rotation": [0, "130+math.sin(q.anim_time*90*4+45-90)*10", 0]
				},
				"arm_left_3": {
					"rotation": [76.65801, "-40.7357+math.sin(q.anim_time*90*4+45-90-90)*10", 19.9727]
				},
				"arm_left_4": {
					"rotation": [0, 17.5, 52.5]
				},
				"wing_right": {
					"rotation": ["-10+math.sin(q.anim_time*90*32)*5", "-10+math.sin(q.anim_time*90*32-90)*10", 0]
				},
				"wing_left": {
					"rotation": ["-10+math.sin(q.anim_time*90*32)*5", "10-math.sin(q.anim_time*90*32-90)*10", 0]
				},
				"elytra_left": {
					"rotation": [0, "30-math.sin(q.anim_time*90*4)*5", 0]
				},
				"elytra_right": {
					"rotation": [0, "-30+math.sin(q.anim_time*90*4)*5", 0]
				},
				"leg_right": {
					"rotation": ["90-math.sin(q.anim_time*90*8-90)*15", -10, 0],
					"position": [-1, 2, 0]
				},
				"leg_left": {
					"rotation": ["90+math.sin(q.anim_time*90*8-90)*15", 10, 0],
					"position": [1, 2, 0]
				},
				"body": {
					"rotation": ["0+math.sin(q.anim_time*90*4)*5", "0+math.sin(q.anim_time*90*2-90)*5", 0],
					"position": ["0+math.sin(q.anim_time*90*2)*2", "0+math.sin(q.anim_time*90*4+90)*2", 0]
				},
				"head": {
					"rotation": ["0+math.sin(q.anim_time*90*4+90)*5", 0, 0]
				},
				"arm_right": {
					"rotation": [0, "55.805-math.sin(q.anim_time*90*4+45)*10", -60]
				},
				"arm_right_2": {
					"rotation": [0, "-130-math.sin(q.anim_time*90*4+45-90)*10", 0]
				},
				"arm_right_3": {
					"rotation": [76.65801, "40.7357-math.sin(q.anim_time*90*4+45-90-90)*10", -19.9727]
				},
				"arm_right_4": {
					"rotation": [0, -17.5, -52.5]
				},
				"elytra": {
					"rotation": ["10+math.sin(q.anim_time*90*4+90)*5", 0, 0]
				},
				"tail": {
					"rotation": ["65+math.sin(q.anim_time*90*4-90)*10", 0, 0],
					"position": [0, 2, -1]
				},
				"leg_right_2": {
					"rotation": ["0-math.sin(q.anim_time*90*8-90-90)*15", 0, 0]
				},
				"leg_left_2": {
					"rotation": ["0+math.sin(q.anim_time*90*8-90-90)*15", 0, 0]
				}
			}
		},
		"animation.mantiverous.sleep": {
			"loop": true,
			"bones": {
				"body": {
					"position": [0, -17, 0]
				},
				"head": {
					"rotation": [-12.5, 0, 0],
					"position": [0, -3.25, 0]
				},
				"arm_right": {
					"rotation": [-13.12427, 21.46902, -32.49858]
				},
				"arm_right_2": {
					"rotation": [-180, -27.5, 210]
				},
				"arm_right_3": {
					"rotation": [90, 25, 0]
				},
				"arm_right_4": {
					"rotation": [0, 0, -40]
				},
				"arm_left": {
					"rotation": [-13.12427, -21.46902, 32.49858]
				},
				"arm_left_2": {
					"rotation": [-180, 27.5, -210]
				},
				"arm_left_3": {
					"rotation": [90, -25, 0]
				},
				"arm_left_4": {
					"rotation": [0, 0, 40]
				},
				"elytra": {
					"position": [0, -3, -1]
				},
				"wing_right": {
					"scale": [1, 1, 0.5]
				},
				"wing_left": {
					"scale": [1, 1, 0.5]
				},
				"tail": {
					"rotation": [0, 20, 0],
					"position": [0, -2, 0]
				},
				"leg_right": {
					"rotation": [-90, 27.5, 0],
					"position": [-2, 2, 2]
				},
				"leg_right_2": {
					"rotation": [180, 0, 0],
					"position": [0.025, -0.025, 2]
				},
				"leg_left": {
					"rotation": [-90, -27.5, 0],
					"position": [2, 2, 2]
				},
				"leg_left_2": {
					"rotation": [180, 0, 0],
					"position": [-0.025, -0.025, 2]
				},
				"eyelid_left": {
					"position": [0.04919, -0.0043, -0.00784]
				},
				"eyelid_right": {
					"position": [-0.04919, -0.0043, -0.00784]
				}
			}
		},
		"animation.mantiverous.faint": {
			"animation_length": 3,
			"bones": {
				"body": {
					"rotation": {
						"0.0": [0, 0, 0],
						"0.25": {
							"pre": [0, -17.5, 0],
							"post": [0, -17.5, 0],
							"lerp_mode": "catmullrom"
						},
						"0.5": {
							"post": [0, -17.5, 0],
							"lerp_mode": "catmullrom"
						},
						"1.0": [0, -17.5, 0],
						"1.25": [0, -17.5, 0],
						"1.375": [-3.33513, -9.98613, 12.64636],
						"1.5": [0, -13.2, 0],
						"1.625": [0, -13.2, 0],
						"1.75": [0, -13.2, 0]
					},
					"position": {
						"0.0": [0, -2.2, 0],
						"0.25": {
							"pre": [0, -4.2, 3],
							"post": [0, -4.2, 3],
							"lerp_mode": "catmullrom"
						},
						"0.5": {
							"post": [0, -4.2, 3],
							"lerp_mode": "catmullrom"
						},
						"1.0": [0, -4.2, 3],
						"1.25": [0, -4.2, 3],
						"1.375": {
							"pre": [4, -7.7, -1],
							"post": [4, -7.7, -1],
							"lerp_mode": "catmullrom"
						},
						"1.5": [4, -17.2, 1],
						"1.625": [4, -16.2, 1],
						"1.75": [4, -17.2, 1]
					}
				},
				"torso": {
					"rotation": {
						"0.0": [-5, 0, 0],
						"0.25": {
							"pre": [-30, 0, 0],
							"post": [-30, 0, 0],
							"lerp_mode": "catmullrom"
						},
						"0.5": {
							"post": [-24.9055, -2.49762, -4.33287],
							"lerp_mode": "catmullrom"
						},
						"1.0": [-15, 0, "0+math.sin(q.anim_time*90*32)*2.5"],
						"1.25": [5, 0, "0+math.sin(q.anim_time*90*32)*5"],
						"1.375": [-7.5, 0, 0],
						"1.5": [0, 0, 0]
					},
					"position": [0, 0, 0]
				},
				"head": {
					"rotation": {
						"0.0": [2, 0, 0],
						"0.25": {
							"pre": [2, 0, 0],
							"post": [2, 0, 0],
							"lerp_mode": "catmullrom"
						},
						"0.5": {
							"post": [2, 0, 0],
							"lerp_mode": "catmullrom"
						},
						"1.0": {
							"post": [34.5, 0, 0],
							"lerp_mode": "catmullrom"
						},
						"1.25": [34.5, 0, 0],
						"1.375": [-31.5, 0, 0],
						"1.5": [-12.5, 0, 0],
						"1.625": [-25, 0, 0],
						"1.75": [-12.08681, 3.21132, 14.65993]
					},
					"position": {
						"1.5": [0, -3, 0],
						"1.75": [0, -3, 0]
					}
				},
				"eyelid_right": {
					"position": {
						"0.0833": [0, 0, 0],
						"0.125": [-0.04919, -0.0043, -0.00784]
					}
				},
				"eyelid_left": {
					"position": {
						"0.0833": [0, 0, 0],
						"0.125": [0.04919, -0.0043, -0.00784]
					}
				},
				"mouth": {
					"rotation": {
						"0.0": [0, 0, 0],
						"0.2083": [37.5, 0, 0],
						"0.5": [0, 0, 0],
						"1.0": [0, 0, 0],
						"1.25": [37.5, 0, 0],
						"1.5": [37.5, 0, 0],
						"1.5833": [0, 0, 0]
					},
					"position": {
						"0.0": [0, 0, 0],
						"0.2083": [-0.00438, 0.90418, -0.42714],
						"0.5": [0, 0, 0],
						"1.0": [0, 0, 0],
						"1.25": [-0.00438, 0.90418, -0.42714],
						"1.5": [-0.00438, 0.90418, -0.42714],
						"1.5833": [0, 0, 0]
					}
				},
				"arm_right": {
					"rotation": {
						"0.0": [0, 24.0514, -52.5],
						"0.25": {
							"pre": [34.02747, 17.40182, -41.17157],
							"post": [34.02747, 17.40182, -41.17157],
							"lerp_mode": "catmullrom"
						},
						"0.5": {
							"post": [34.02747, 17.40182, -41.17157],
							"lerp_mode": "catmullrom"
						},
						"1.0": {
							"post": [-15.36556, 7.76965, -38.40617],
							"lerp_mode": "catmullrom"
						},
						"1.375": [-15.36556, 7.76965, -38.40617],
						"1.5": [-10.8448, -30.82594, 20.49807],
						"1.625": [0, -32.5, 0],
						"1.75": [-7.25346, -32.18826, 8.87221],
						"1.875": [0, -32.5, 0]
					},
					"position": {
						"0.0": [0, 0.2, 0],
						"0.25": {
							"pre": [0, 0.2, 0],
							"post": [0, 0.2, 0],
							"lerp_mode": "catmullrom"
						},
						"0.5": {
							"post": [0, 0.2, 0],
							"lerp_mode": "catmullrom"
						},
						"1.0": {
							"post": [0, 0.2, 0],
							"lerp_mode": "catmullrom"
						},
						"1.375": [0, 0.2, 0],
						"1.5": [0, -3.5, 0],
						"1.625": [0, -3.5, 0],
						"1.75": [0, -3.5, 0],
						"1.875": [0, -3.5, 0]
					}
				},
				"arm_right_2": {
					"rotation": {
						"0.0": [96.93733, -78.66843, -92.10921],
						"0.25": {
							"pre": [151.394, -65.95951, -148.55982],
							"post": [151.394, -65.95951, -148.55982],
							"lerp_mode": "catmullrom"
						},
						"0.5": {
							"post": [151.394, -65.95951, -148.55982],
							"lerp_mode": "catmullrom"
						},
						"1.0": {
							"post": [163.99137, -44.98186, -163.57471],
							"lerp_mode": "catmullrom"
						},
						"1.25": [163.99137, -44.98186, -163.57471],
						"1.5": [-75.65143, -69.40933, 76.53361],
						"1.625": [0, -85, 0]
					}
				},
				"arm_right_3": {
					"rotation": {
						"0.0": [44.7539, 5.2957, -5.3185],
						"0.25": {
							"pre": [44.75, 5.3, -5.32],
							"post": [44.75, 5.3, -5.32],
							"lerp_mode": "catmullrom"
						},
						"0.5": {
							"post": [44.75, 5.3, -5.32],
							"lerp_mode": "catmullrom"
						},
						"1.0": {
							"post": [44.75, 5.3, -5.32],
							"lerp_mode": "catmullrom"
						},
						"1.25": [44.75, 5.3, -5.32],
						"1.5": [90, 35, 0],
						"1.625": [90, 35, 0]
					}
				},
				"arm_right_4": {
					"rotation": {
						"0.0": [0, 0, -42.5],
						"0.25": {
							"pre": [0, 0, -7.5],
							"post": [0, 0, -7.5],
							"lerp_mode": "catmullrom"
						},
						"0.5": {
							"post": [0, 0, -42.5],
							"lerp_mode": "catmullrom"
						},
						"1.0": {
							"post": [0, 0, -77.5],
							"lerp_mode": "catmullrom"
						},
						"1.25": [0, 0, -2.5],
						"1.5": [0, 0, -42.5],
						"1.625": [0, 0, -42.5]
					}
				},
				"arm_left": {
					"rotation": {
						"0.0": [0, -24.0514, 52.5],
						"0.25": {
							"pre": [0, -24.05, 52.5],
							"post": [0, -24.05, 52.5],
							"lerp_mode": "catmullrom"
						},
						"0.5": {
							"post": [0, -24.05, 52.5],
							"lerp_mode": "catmullrom"
						},
						"1.0": {
							"post": [3.09897, -48.92728, 45.5949],
							"lerp_mode": "catmullrom"
						},
						"1.375": [3.09897, -48.92728, 45.5949],
						"1.5": [12.60483, 1.39049, -16.57557],
						"1.625": [2.28094, -1.02652, -4.69643],
						"1.75": [-0.13833, -0.82387, -9.69298],
						"1.875": [2.28094, -1.02652, -4.69643]
					},
					"position": {
						"0.0": [0, 0.2, 0],
						"0.25": {
							"pre": [0, 0.2, 0],
							"post": [0, 0.2, 0],
							"lerp_mode": "catmullrom"
						},
						"0.5": {
							"post": [0, 0.2, 0],
							"lerp_mode": "catmullrom"
						},
						"1.0": {
							"post": [0, 0.2, 0],
							"lerp_mode": "catmullrom"
						},
						"1.375": [0, 0.2, 0],
						"1.625": [0, -3.3, 0],
						"1.875": [0, -3.3, 0]
					}
				},
				"arm_left_2": {
					"rotation": {
						"0.0": [96.93733, 78.66843, 92.10921],
						"0.25": {
							"pre": [163.99341, 44.98097, 163.57233],
							"post": [163.99341, 44.98097, 163.57233],
							"lerp_mode": "catmullrom"
						},
						"0.5": {
							"post": [163.99341, 44.98097, 163.57233],
							"lerp_mode": "catmullrom"
						},
						"1.0": {
							"post": [160.36564, 54.50711, 158.83837],
							"lerp_mode": "catmullrom"
						},
						"1.25": [182.33343, 56.81821, 185.28779],
						"1.5": [0, 102.5, 0],
						"1.625": [0, 102.5, 0]
					}
				},
				"arm_left_3": {
					"rotation": {
						"0.0": [44.7539, -5.2957, 5.3185],
						"0.25": {
							"pre": [44.75, -5.3, 5.32],
							"post": [44.75, -5.3, 5.32],
							"lerp_mode": "catmullrom"
						},
						"0.5": {
							"post": [44.75, -5.3, 5.32],
							"lerp_mode": "catmullrom"
						},
						"1.0": {
							"post": [44.75, -5.3, 5.32],
							"lerp_mode": "catmullrom"
						},
						"1.25": [44.75, -5.3, 5.32],
						"1.5": [90.07061, -27.00553, -55.40472],
						"1.625": [90, -25, 0]
					}
				},
				"arm_left_4": {
					"rotation": {
						"0.0": [0, 0, 42.5],
						"0.25": {
							"pre": [0, 0, 42.5],
							"post": [0, 0, 42.5],
							"lerp_mode": "catmullrom"
						},
						"0.5": {
							"post": [0, 0, 82.5],
							"lerp_mode": "catmullrom"
						},
						"1.0": {
							"post": [0, 0, 5],
							"lerp_mode": "catmullrom"
						},
						"1.25": [0, 0, 42.5],
						"1.5": [0, 0, 32.5]
					}
				},
				"elytra": {
					"rotation": {
						"0.0": [5, 0, 0],
						"0.25": {
							"pre": [5, 0, 0],
							"post": [5, 0, 0],
							"lerp_mode": "catmullrom"
						},
						"0.5": {
							"post": [5, 0, 0],
							"lerp_mode": "catmullrom"
						},
						"1.0": {
							"post": [5, 0, 0],
							"lerp_mode": "catmullrom"
						},
						"1.25": [5, 0, 0],
						"1.5": [37.5, 0, 0],
						"1.5833": [5, 0, 0]
					},
					"position": [0, -4, 0]
				},
				"wing_right": {
					"rotation": {
						"0.0": [0, 0, 0],
						"0.25": [0, -7.5, 0],
						"1.25": [0, 0, 0],
						"1.5": [0, -7.5, 0],
						"1.75": [-10, -7.5, 0]
					},
					"scale": {
						"0.0": [1, 1, 0.5],
						"0.25": [1, 1, 1]
					}
				},
				"wing_left": {
					"rotation": {
						"0.0": [0, 0, 0],
						"0.25": [0, 7.5, 0],
						"1.25": [0, 0, 0],
						"1.5": [0, 7.5, 0],
						"1.75": [-10, 7.5, 0]
					},
					"scale": {
						"0.0": [1, 1, 0.5],
						"0.25": [1, 1, 1]
					}
				},
				"elytra_left": {
					"rotation": {
						"0.0": [0, 0, 0],
						"0.25": {
							"pre": [-0.74681, 29.98426, -2.78816],
							"post": [-0.74681, 29.98426, -2.78816],
							"lerp_mode": "catmullrom"
						},
						"1.25": [-0.88045, 9.96156, -5.07673],
						"1.5": [-12.5, 32.5, 0]
					},
					"position": {
						"0.0": [0, 0, 0],
						"1.25": [0, 0, 0]
					}
				},
				"elytra_right": {
					"rotation": {
						"0.0": [0, 0, 0],
						"0.25": {
							"pre": [-0.74681, -29.98426, 2.78816],
							"post": [-0.74681, -29.98426, 2.78816],
							"lerp_mode": "catmullrom"
						},
						"1.25": [-0.88045, -9.96156, 5.07673],
						"1.5": [-12.5, -32.5, 0]
					},
					"position": {
						"0.0": [0, 0, 0],
						"1.25": [0, 0, 0]
					}
				},
				"tail": {
					"rotation": {
						"0.0": [19.5, 0, 0],
						"0.25": {
							"pre": [-15.5, 0, 0],
							"post": [-15.5, 0, 0],
							"lerp_mode": "catmullrom"
						},
						"0.5": {
							"post": [19.5, 0, 0],
							"lerp_mode": "catmullrom"
						},
						"1.0": {
							"post": [19.5, 0, 0],
							"lerp_mode": "catmullrom"
						},
						"1.25": [19.5, 0, 0],
						"1.5": [44.5, 0, 0],
						"1.6667": [0, -17.5, 0],
						"1.75": [5, -17.5, 0],
						"1.875": [0, -17.5, 0]
					},
					"position": {
						"1.5": [0, 0, 0],
						"1.6667": [0, -2, 0],
						"1.875": [0, -2, 0]
					}
				},
				"leg_right": {
					"rotation": {
						"0.0": [0, 0, 41],
						"0.25": {
							"pre": [0, 0, 53.5],
							"post": [0, 0, 53.5],
							"lerp_mode": "catmullrom"
						},
						"0.5": {
							"post": [0, 0, 53.5],
							"lerp_mode": "catmullrom"
						},
						"1.0": [0, 0, 53.5],
						"1.25": [0, 0, 53.5],
						"1.5": [90, -42.5, 0]
					},
					"position": {
						"0.0": [-1, 0.1, 0],
						"0.25": {
							"pre": [-1, 1.1, 0],
							"post": [-1, 1.1, 0],
							"lerp_mode": "catmullrom"
						},
						"0.5": {
							"post": [-1, 1.1, 0],
							"lerp_mode": "catmullrom"
						},
						"1.0": [-1, 1.1, 0],
						"1.25": [-1, 1.1, 0],
						"1.5": [-0.05582, 1.5, 0.99844]
					}
				},
				"leg_right_2": {
					"rotation": {
						"0.0": [0, 0, -29.5],
						"0.25": {
							"pre": [-2.59471, 1.71487, -49.29801],
							"post": [-2.59471, 1.71487, -49.29801],
							"lerp_mode": "catmullrom"
						},
						"0.5": {
							"post": [-2.59471, 1.71487, -49.29801],
							"lerp_mode": "catmullrom"
						},
						"1.0": {
							"post": [-2.59471, 1.71487, -49.29801],
							"lerp_mode": "catmullrom"
						},
						"1.25": [-2.59471, 1.71487, -49.29801],
						"1.5": [0, 0, -20]
					}
				},
				"leg_left": {
					"rotation": {
						"0.0": [0, 0, -41],
						"0.125": {
							"pre": [0, 0, -74.75],
							"post": [0, 0, -74.75],
							"lerp_mode": "catmullrom"
						},
						"0.25": {
							"post": [0, 0, -53.5],
							"lerp_mode": "catmullrom"
						},
						"0.5": {
							"post": [0, 0, -53.5],
							"lerp_mode": "catmullrom"
						},
						"1.0": [0, 0, -53.5],
						"1.25": [0, 0, -53.5],
						"1.5": [90, 42.5, 0]
					},
					"position": {
						"0.0": [1, 0.1, 0],
						"0.25": {
							"pre": [1, 1.1, 0],
							"post": [1, 1.1, 0],
							"lerp_mode": "catmullrom"
						},
						"0.5": {
							"post": [1, 1.1, 0],
							"lerp_mode": "catmullrom"
						},
						"1.0": [1, 1.1, 0],
						"1.25": [1, 1.1, 0],
						"1.5": [0.05582, 1.5, 0.99844]
					}
				},
				"leg_left_2": {
					"rotation": {
						"0.0": [0, 0, 29.5],
						"0.125": {
							"pre": [-1.51233, -0.36206, 59.39407],
							"post": [-1.51233, -0.36206, 59.39407],
							"lerp_mode": "catmullrom"
						},
						"0.25": {
							"post": [-2.59471, -1.71487, 49.29801],
							"lerp_mode": "catmullrom"
						},
						"0.5": {
							"post": [-2.59471, -1.71487, 49.29801],
							"lerp_mode": "catmullrom"
						},
						"1.0": {
							"post": [-2.59471, -1.71487, 49.29801],
							"lerp_mode": "catmullrom"
						},
						"1.25": [-2.59471, -1.71487, 49.29801],
						"1.625": [0, 0, 20]
					}
				}
			}
		},
		"animation.mantiverous.blink": {
			"animation_length": 0.1667,
			"bones": {
				"eyelid_right": {
					"position": {
						"0.0": [-0.04919, -0.0043, -0.00784],
						"0.125": [-0.04919, -0.0043, -0.00784],
						"0.1667": [0, 0, 0]
					}
				},
				"eyelid_left": {
					"position": {
						"0.0": [0.04919, -0.0043, -0.00784],
						"0.125": [0.04919, -0.0043, -0.00784],
						"0.1667": [0, 0, 0]
					}
				}
			}
		},
		"animation.mantiverous.ground_idle_quirk": {
			"animation_length": 1.25,
			"bones": {
				"head": {
					"rotation": {
						"0.0": [0, 0, 0],
						"0.25": [15, 0, "math.sin(q.anim_time*90*8)*20"],
						"1.0": [0, 0, 0]
					},
					"position": {
						"0.0": [0, 0, 0],
						"1.0": [0, 0, 0]
					}
				},
				"eyelid_right": {
					"position": {
						"0.0833": [0, 0, 0],
						"0.125": [-0.04919, -0.0043, -0.00784],
						"0.75": [-0.04919, -0.0043, -0.00784],
						"0.7917": [0, 0, 0]
					}
				},
				"eyelid_left": {
					"position": {
						"0.0833": [0, 0, 0],
						"0.125": [0.04919, -0.0043, -0.00784],
						"0.75": [0.04919, -0.0043, -0.00784],
						"0.7917": [0, 0, 0]
					}
				},
				"elytra": {
					"rotation": {
						"0.0": [0, 0, 0],
						"0.5": [0, 0, "0+math.sin(q.anim_time*90*8-90)*10"],
						"1.25": [0, 0, 0]
					},
					"position": {
						"0.0": [0, 0, 0],
						"1.25": [0, 0, 0]
					}
				},
				"elytra_left": {
					"rotation": {
						"0.0": [0, 0, 0],
						"0.25": {
							"pre": [-0.66963, 14.98539, -2.58807],
							"post": [-0.66963, 14.98539, -2.58807],
							"lerp_mode": "catmullrom"
						},
						"0.75": {
							"post": [-0.68831, 19.98504, -2.65017],
							"lerp_mode": "catmullrom"
						},
						"1.0": [0, 0, 0]
					},
					"position": {
						"0.0": [0, 0, 0],
						"1.0": [0, 0, 0]
					}
				},
				"elytra_right": {
					"rotation": {
						"0.0": [0, 0, 0],
						"0.25": {
							"pre": [-0.66963, -14.98539, 2.58807],
							"post": [-0.66963, -14.98539, 2.58807],
							"lerp_mode": "catmullrom"
						},
						"0.75": {
							"post": [-0.68831, -19.98504, 2.65017],
							"lerp_mode": "catmullrom"
						},
						"1.0": [0, 0, 0]
					},
					"position": {
						"0.0": [0, 0, 0],
						"1.0": [0, 0, 0]
					}
				}
			}
		},
		"animation.mantiverous.physical": {
			"animation_length": 2,
			"bones": {
				"body": {
					"rotation": {
						"0.0": [0, 0, 0],
						"0.25": [0, 0, 0],
						"0.4583": {
							"pre": [0, 0, 0],
							"post": [0, 0, 0],
							"lerp_mode": "catmullrom"
						},
						"0.5833": [0, 0, 0],
						"0.7083": [0, 0, 0],
						"1.0": {
							"pre": [0, 0, 0],
							"post": [0, 0, 0],
							"lerp_mode": "catmullrom"
						},
						"1.125": [0, 0, 0],
						"1.25": [0, 0, 0],
						"1.5": {
							"pre": [0, 0, 0],
							"post": [0, 0, 0],
							"lerp_mode": "catmullrom"
						},
						"1.625": {
							"post": [0, 0, 0],
							"lerp_mode": "catmullrom"
						},
						"1.9167": [0, 0, 0]
					},
					"position": {
						"0.0": [0, -3, 0],
						"0.25": [0, -3, -10],
						"0.4583": [0, -3, -10],
						"0.5833": [0, -3, -10],
						"0.7083": [0, -3, -10],
						"1.0": [0, -3, -10],
						"1.125": [0, -3, -10],
						"1.25": [0, -3, -10],
						"1.5": [0, -3, -10],
						"1.625": [0, -3, -10],
						"1.9167": [0, -3, 0]
					}
				},
				"torso": {
					"rotation": {
						"0.0": [12.4539, 1.08089, -4.88206],
						"0.375": {
							"pre": [-45, 0, 0],
							"post": [-45, 0, 0],
							"lerp_mode": "catmullrom"
						},
						"0.5833": [-42.73421, -15.69986, -16.32495],
						"0.7083": [-1.50703, 10.54529, 10.72858],
						"1.0": {
							"pre": [-42.73421, 15.69986, 16.32495],
							"post": [-42.73421, 15.69986, 16.32495],
							"lerp_mode": "catmullrom"
						},
						"1.125": [-42.73421, 15.69986, 16.32495],
						"1.25": [-1.50703, -10.54529, -10.72858],
						"1.5": {
							"pre": [-14.85459, -9.29846, -5.81287],
							"post": [-14.85459, -9.29846, -5.81287],
							"lerp_mode": "catmullrom"
						},
						"1.625": {
							"post": [-1.50703, -10.54529, -10.72858],
							"lerp_mode": "catmullrom"
						},
						"1.9167": [12.4539, 1.08089, -4.88206]
					},
					"position": {
						"0.0": [0, 0, 0],
						"0.375": {
							"pre": [0, 0, 0],
							"post": [0, 0, 0],
							"lerp_mode": "catmullrom"
						},
						"0.5833": [0, 0, 0],
						"0.7083": [0, 0, 0],
						"1.0": {
							"pre": [0, 0, 0],
							"post": [0, 0, 0],
							"lerp_mode": "catmullrom"
						},
						"1.125": [0, 0, 0],
						"1.25": [0, 0, 0],
						"1.5": {
							"pre": [0, 0, 0],
							"post": [0, 0, 0],
							"lerp_mode": "catmullrom"
						},
						"1.625": {
							"post": [0, 0, 0],
							"lerp_mode": "catmullrom"
						},
						"1.9167": [0, 0, 0]
					}
				},
				"head": {
					"rotation": {
						"0.0": [1.9811, -0.43523, 4.98107],
						"0.25": [55, 0, 0],
						"0.4583": {
							"pre": [56.26501, 9.93191, 14.48174],
							"post": [56.26501, 9.93191, 14.48174],
							"lerp_mode": "catmullrom"
						},
						"0.5833": [56.26501, 9.93191, 14.48174],
						"0.7083": [15.33499, -16.68924, -2.38064],
						"1.0": {
							"pre": [56.26501, -9.93191, -14.48174],
							"post": [56.26501, -9.93191, -14.48174],
							"lerp_mode": "catmullrom"
						},
						"1.125": [56.26501, -9.93191, -14.48174],
						"1.25": [15.33499, 16.68924, 2.38064],
						"1.5": {
							"pre": [16.87762, 8.48542, 5.45034],
							"post": [16.87762, 8.48542, 5.45034],
							"lerp_mode": "catmullrom"
						},
						"1.625": {
							"post": [16.87762, 8.48542, 5.45034],
							"lerp_mode": "catmullrom"
						},
						"1.9167": [1.9811, -0.43523, 4.98107]
					},
					"position": {
						"0.0": [0, 0, 0],
						"0.25": [0, -1.06473, -1.9663],
						"0.4583": {
							"pre": [0, -1.06, -1.97],
							"post": [0, -1.06, -1.97],
							"lerp_mode": "catmullrom"
						},
						"0.5833": [0, -1.06, -1.97],
						"0.7083": [0, -1.06, -1.97],
						"1.0": {
							"pre": [0, -1.06, -1.97],
							"post": [0, -1.06, -1.97],
							"lerp_mode": "catmullrom"
						},
						"1.125": [0, -1.06, -1.97],
						"1.25": [0, -1.06, -1.97],
						"1.5": {
							"pre": [0, -1.06473, -1.9663],
							"post": [0, -1.06473, -1.9663],
							"lerp_mode": "catmullrom"
						},
						"1.625": {
							"post": [0, -1.06473, -1.9663],
							"lerp_mode": "catmullrom"
						},
						"1.9167": [0, 0, 0]
					}
				},
				"mouth": {
					"rotation": {
						"0.0": [0, 0, 0],
						"0.25": [0, 0, 0],
						"0.4583": [37.5, 0, 0],
						"0.7083": [37.5, 0, 0],
						"0.8333": [0, 0, 0],
						"1.0": [37.5, 0, 0],
						"1.25": [37.5, 0, 0],
						"1.375": [0, 0, 0]
					},
					"position": {
						"0.0": [0, 0, 0],
						"0.25": [0, 0, 0],
						"0.4583": [0, 1, 0],
						"0.7083": [0, 1, 0],
						"0.8333": [0, 0, 0],
						"1.0": [0, 1, 0],
						"1.25": [0, 1, 0],
						"1.375": [0, 0, 0]
					}
				},
				"arm_right": {
					"rotation": {
						"0.0": [4.0933, 3.24973, -31.0745],
						"0.25": [0, 40.6949, -35],
						"0.4583": {
							"pre": [0, 40.69, -35],
							"post": [0, 40.69, -35],
							"lerp_mode": "catmullrom"
						},
						"0.5833": [0, 40.69, -35],
						"0.7083": [0, 40.69, -35],
						"1.0": {
							"pre": [-64.20184, -50.22254, -12.79038],
							"post": [-64.20184, -50.22254, -12.79038],
							"lerp_mode": "catmullrom"
						},
						"1.125": [-64.20184, -50.22254, -12.79038],
						"1.25": [-34.55636, -35.6885, -60.24306],
						"1.5": {
							"pre": [0, 40.6949, -35],
							"post": [0, 40.6949, -35],
							"lerp_mode": "catmullrom"
						},
						"1.625": {
							"post": [0, 40.6949, -35],
							"lerp_mode": "catmullrom"
						},
						"1.75": {
							"post": [-38.82488, 6.02956, -61.13223],
							"lerp_mode": "catmullrom"
						},
						"1.9167": [4.0933, 3.24973, -31.0745]
					},
					"position": {
						"0.0": [0, 0, 0],
						"0.25": [0, 0, 0],
						"0.4583": {
							"pre": [0, 0, 0],
							"post": [0, 0, 0],
							"lerp_mode": "catmullrom"
						},
						"0.5833": [0, 0, 0],
						"0.7083": [0, 0, 0],
						"1.0": {
							"pre": [0, 0, 0],
							"post": [0, 0, 0],
							"lerp_mode": "catmullrom"
						},
						"1.125": [0, 0, 0],
						"1.25": [0, 0, 0],
						"1.5": {
							"pre": [0, 0, 0],
							"post": [0, 0, 0],
							"lerp_mode": "catmullrom"
						},
						"1.625": {
							"post": [0, 0, 0],
							"lerp_mode": "catmullrom"
						},
						"1.9167": [0, 0, 0]
					}
				},
				"arm_right_2": {
					"rotation": {
						"0.0": [-71.8836, -81.2998, 101.10846],
						"0.25": [155.2348, -50.4393, -153.78819],
						"0.4583": {
							"pre": [155.2348, -50.4393, -153.78819],
							"post": [155.2348, -50.4393, -153.78819],
							"lerp_mode": "catmullrom"
						},
						"0.5833": [155.2348, -50.4393, -153.78819],
						"0.7083": [155.23, -50.44, -153.79],
						"1.0": {
							"pre": [28.52391, -56.02727, -17.63485],
							"post": [28.52391, -56.02727, -17.63485],
							"lerp_mode": "catmullrom"
						},
						"1.125": [28.52391, -56.02727, -17.63485],
						"1.25": [-24.63356, 36.42056, -48.33052],
						"1.5": {
							"pre": [155.2348, -50.4393, -153.78819],
							"post": [155.2348, -50.4393, -153.78819],
							"lerp_mode": "catmullrom"
						},
						"1.625": {
							"post": [155.2348, -50.4393, -153.78819],
							"lerp_mode": "catmullrom"
						},
						"1.75": {
							"post": [122.92496, -68.93346, -135.1198],
							"lerp_mode": "catmullrom"
						},
						"1.9167": [-71.8836, -81.2998, 101.10846]
					},
					"position": {
						"0.0": [0, 0, 0],
						"0.25": [0, 0, 0],
						"0.4583": {
							"pre": [0, 0, 0],
							"post": [0, 0, 0],
							"lerp_mode": "catmullrom"
						},
						"0.5833": [0, 0, 0],
						"0.7083": [0, 0, 0],
						"1.0": {
							"pre": [0, 0, 0],
							"post": [0, 0, 0],
							"lerp_mode": "catmullrom"
						},
						"1.125": [0, 0, 0],
						"1.25": [0, 0, 0],
						"1.5": {
							"pre": [0, 0, 0],
							"post": [0, 0, 0],
							"lerp_mode": "catmullrom"
						},
						"1.625": {
							"post": [0, 0, 0],
							"lerp_mode": "catmullrom"
						},
						"1.9167": [0, 0, 0]
					}
				},
				"arm_right_3": {
					"rotation": {
						"0.0": [9.33944, -1.21019, -22.8643],
						"0.25": [90, 20, 0],
						"0.4583": {
							"pre": [90, 20, 0],
							"post": [90, 20, 0],
							"lerp_mode": "catmullrom"
						},
						"0.5833": [90, 20, 0],
						"0.7083": [90, 20, 0],
						"1.0": {
							"pre": [90, 20, 0],
							"post": [90, 20, 0],
							"lerp_mode": "catmullrom"
						},
						"1.2083": [90, -20, 0],
						"1.375": [90, 20, 0],
						"1.5": {
							"pre": [90, 20, 0],
							"post": [90, 20, 0],
							"lerp_mode": "catmullrom"
						},
						"1.625": {
							"post": [90, 20, 0],
							"lerp_mode": "catmullrom"
						},
						"1.9167": [9.33944, -1.21019, -22.8643]
					},
					"position": {
						"0.0": [0, 0, 0],
						"0.25": [0, 0, 0],
						"0.4583": {
							"pre": [0, 0, 0],
							"post": [0, 0, 0],
							"lerp_mode": "catmullrom"
						},
						"0.5833": [0, 0, 0],
						"0.7083": [0, 0, 0],
						"1.0": {
							"pre": [0, 0, 0],
							"post": [0, 0, 0],
							"lerp_mode": "catmullrom"
						},
						"1.2083": [0, 0, 0],
						"1.375": [0, 0, 0],
						"1.5": {
							"pre": [0, 0, 0],
							"post": [0, 0, 0],
							"lerp_mode": "catmullrom"
						},
						"1.625": {
							"post": [0, 0, 0],
							"lerp_mode": "catmullrom"
						},
						"1.9167": [0, 0, 0]
					}
				},
				"arm_right_4": {
					"rotation": {
						"0.0": [0, 0, -42.5],
						"0.25": [0, 0, -55],
						"0.4583": {
							"pre": [0, 0, -55],
							"post": [0, 0, -55],
							"lerp_mode": "catmullrom"
						},
						"0.5833": [0, 0, -55],
						"0.7083": [0, 0, -55],
						"1.0": {
							"pre": [0, 0, -55],
							"post": [0, 0, -55],
							"lerp_mode": "catmullrom"
						},
						"1.2083": [0, 0, 15],
						"1.375": [0, 0, -55],
						"1.5": {
							"pre": [0, 0, -55],
							"post": [0, 0, -55],
							"lerp_mode": "catmullrom"
						},
						"1.625": {
							"post": [0, 0, -55],
							"lerp_mode": "catmullrom"
						},
						"1.9167": [0, 0, -42.5]
					},
					"position": {
						"0.0": [0, 0, 0],
						"0.25": [0, 0, 0],
						"0.4583": {
							"pre": [0, 0, 0],
							"post": [0, 0, 0],
							"lerp_mode": "catmullrom"
						},
						"0.5833": [0, 0, 0],
						"0.7083": [0, 0, 0],
						"1.0": {
							"pre": [0, 0, 0],
							"post": [0, 0, 0],
							"lerp_mode": "catmullrom"
						},
						"1.2083": [0, 0, 0],
						"1.375": [0, 0, 0],
						"1.5": {
							"pre": [0, 0, 0],
							"post": [0, 0, 0],
							"lerp_mode": "catmullrom"
						},
						"1.625": {
							"post": [0, 0, 0],
							"lerp_mode": "catmullrom"
						},
						"1.9167": [0, 0, 0]
					}
				},
				"arm_left": {
					"rotation": {
						"0.0": [0, -40.6949, 35],
						"0.25": [0, -40.6949, 35],
						"0.4583": {
							"pre": [-64.20184, 50.22254, 12.79038],
							"post": [-64.20184, 50.22254, 12.79038],
							"lerp_mode": "catmullrom"
						},
						"0.5833": [-64.20184, 50.22254, 12.79038],
						"0.7083": [-34.55636, 35.6885, 60.24306],
						"1.0": {
							"pre": [0, -40.69, 35],
							"post": [0, -40.69, 35],
							"lerp_mode": "catmullrom"
						},
						"1.125": [0, -40.69, 35],
						"1.25": [0, -40.69, 35],
						"1.5": {
							"pre": [0, -40.6949, 35],
							"post": [0, -40.6949, 35],
							"lerp_mode": "catmullrom"
						},
						"1.625": {
							"post": [0, -40.6949, 35],
							"lerp_mode": "catmullrom"
						},
						"1.9167": [0, -40.6949, 35]
					},
					"position": {
						"0.0": [0, 0, 0],
						"0.25": [0, 0, 0],
						"0.4583": {
							"pre": [0, 0, 0],
							"post": [0, 0, 0],
							"lerp_mode": "catmullrom"
						},
						"0.5833": [0, 0, 0],
						"0.7083": [0, 0, 0],
						"1.0": {
							"pre": [0, 0, 0],
							"post": [0, 0, 0],
							"lerp_mode": "catmullrom"
						},
						"1.125": [0, 0, 0],
						"1.25": [0, 0, 0],
						"1.5": {
							"pre": [0, 0, 0],
							"post": [0, 0, 0],
							"lerp_mode": "catmullrom"
						},
						"1.625": {
							"post": [0, 0, 0],
							"lerp_mode": "catmullrom"
						},
						"1.9167": [0, 0, 0]
					}
				},
				"arm_left_2": {
					"rotation": {
						"0.0": [155.2348, 50.4393, 153.78819],
						"0.25": [155.2348, 50.4393, 153.78819],
						"0.4583": {
							"pre": [28.52391, 56.02727, 17.63485],
							"post": [28.52391, 56.02727, 17.63485],
							"lerp_mode": "catmullrom"
						},
						"0.5833": [28.52391, 56.02727, 17.63485],
						"0.7083": [-24.63356, -36.42056, 48.33052],
						"1.0": {
							"pre": [155.2348, 50.4393, 153.78819],
							"post": [155.2348, 50.4393, 153.78819],
							"lerp_mode": "catmullrom"
						},
						"1.125": [155.2348, 50.4393, 153.78819],
						"1.25": [155.23, 50.44, 153.79],
						"1.5": {
							"pre": [155.2348, 50.4393, 153.78819],
							"post": [155.2348, 50.4393, 153.78819],
							"lerp_mode": "catmullrom"
						},
						"1.625": {
							"post": [155.2348, 50.4393, 153.78819],
							"lerp_mode": "catmullrom"
						},
						"1.9167": [155.2348, 50.4393, 153.78819]
					},
					"position": {
						"0.0": [0, 0, 0],
						"0.25": [0, 0, 0],
						"0.4583": {
							"pre": [0, 0, 0],
							"post": [0, 0, 0],
							"lerp_mode": "catmullrom"
						},
						"0.5833": [0, 0, 0],
						"0.7083": [0, 0, 0],
						"1.0": {
							"pre": [0, 0, 0],
							"post": [0, 0, 0],
							"lerp_mode": "catmullrom"
						},
						"1.125": [0, 0, 0],
						"1.25": [0, 0, 0],
						"1.5": {
							"pre": [0, 0, 0],
							"post": [0, 0, 0],
							"lerp_mode": "catmullrom"
						},
						"1.625": {
							"post": [0, 0, 0],
							"lerp_mode": "catmullrom"
						},
						"1.9167": [0, 0, 0]
					}
				},
				"arm_left_3": {
					"rotation": {
						"0.0": [90, -20, 0],
						"0.25": [90, -20, 0],
						"0.4583": {
							"pre": [90, -20, 0],
							"post": [90, -20, 0],
							"lerp_mode": "catmullrom"
						},
						"0.6667": [90, 20, 0],
						"0.8333": [90, -20, 0],
						"1.0": {
							"pre": [90, -20, 0],
							"post": [90, -20, 0],
							"lerp_mode": "catmullrom"
						},
						"1.125": [90, -20, 0],
						"1.25": [90, -20, 0],
						"1.5": {
							"pre": [90, -20, 0],
							"post": [90, -20, 0],
							"lerp_mode": "catmullrom"
						},
						"1.625": {
							"post": [90, -20, 0],
							"lerp_mode": "catmullrom"
						},
						"1.9167": [90, -20, 0]
					},
					"position": {
						"0.0": [0, 0, 0],
						"0.25": [0, 0, 0],
						"0.4583": {
							"pre": [0, 0, 0],
							"post": [0, 0, 0],
							"lerp_mode": "catmullrom"
						},
						"0.6667": [0, 0, 0],
						"0.8333": [0, 0, 0],
						"1.0": {
							"pre": [0, 0, 0],
							"post": [0, 0, 0],
							"lerp_mode": "catmullrom"
						},
						"1.125": [0, 0, 0],
						"1.25": [0, 0, 0],
						"1.5": {
							"pre": [0, 0, 0],
							"post": [0, 0, 0],
							"lerp_mode": "catmullrom"
						},
						"1.625": {
							"post": [0, 0, 0],
							"lerp_mode": "catmullrom"
						},
						"1.9167": [0, 0, 0]
					}
				},
				"arm_left_4": {
					"rotation": {
						"0.0": [0, 0, 55],
						"0.25": [0, 0, 55],
						"0.4583": {
							"pre": [0, 0, 55],
							"post": [0, 0, 55],
							"lerp_mode": "catmullrom"
						},
						"0.6667": [0, 0, -15],
						"0.8333": [0, 0, 55],
						"1.0": {
							"pre": [0, 0, 55],
							"post": [0, 0, 55],
							"lerp_mode": "catmullrom"
						},
						"1.125": [0, 0, 55],
						"1.25": [0, 0, 55],
						"1.5": {
							"pre": [0, 0, 55],
							"post": [0, 0, 55],
							"lerp_mode": "catmullrom"
						},
						"1.625": {
							"post": [0, 0, 55],
							"lerp_mode": "catmullrom"
						},
						"1.9167": [0, 0, 55]
					},
					"position": {
						"0.0": [0, 0, 0],
						"0.25": [0, 0, 0],
						"0.4583": {
							"pre": [0, 0, 0],
							"post": [0, 0, 0],
							"lerp_mode": "catmullrom"
						},
						"0.6667": [0, 0, 0],
						"0.8333": [0, 0, 0],
						"1.0": {
							"pre": [0, 0, 0],
							"post": [0, 0, 0],
							"lerp_mode": "catmullrom"
						},
						"1.125": [0, 0, 0],
						"1.25": [0, 0, 0],
						"1.5": {
							"pre": [0, 0, 0],
							"post": [0, 0, 0],
							"lerp_mode": "catmullrom"
						},
						"1.625": {
							"post": [0, 0, 0],
							"lerp_mode": "catmullrom"
						},
						"1.9167": [0, 0, 0]
					}
				},
				"elytra": {
					"rotation": {
						"0.0": [19, 0, 0],
						"0.25": [27.10987, 0, 0],
						"0.6667": [27.11, 0, 0],
						"0.8333": {
							"pre": [57.11, 0, 0],
							"post": [57.11, 0, 0],
							"lerp_mode": "catmullrom"
						},
						"1.1667": [27.11, 0, 0],
						"1.3333": {
							"pre": [57.11, 0, 0],
							"post": [57.11, 0, 0],
							"lerp_mode": "catmullrom"
						},
						"1.6667": [27.11, 0, 0],
						"1.9167": [19, 0, 0]
					},
					"position": {
						"0.0": [0, 0, 0],
						"0.25": [0, -2.44568, -1.73742],
						"0.6667": [0, -2.45, -1.74],
						"1.1667": [0, -2.45, -1.74],
						"1.6667": [0, -2.45, -1.74],
						"1.9167": [0, 0, 0]
					}
				},
				"wing_right": {
					"rotation": {
						"0.0": [0, -10, 0],
						"0.25": [0, 0, 0],
						"0.6667": [0, 0, 0],
						"1.6667": [0, 0, 0],
						"1.9167": [0, -10, 0]
					},
					"position": {
						"0.0": [0, 0, 0],
						"0.25": [0, 0, 0],
						"0.6667": [0, 0, 0],
						"1.6667": [0, 0, 0],
						"1.9167": [0, 0, 0]
					},
					"scale": {
						"0.0": [1, 1, 1],
						"0.25": [1, 1, 0.5],
						"1.6667": [1, 1, 0.5],
						"1.9167": [1, 1, 1]
					}
				},
				"wing_left": {
					"rotation": {
						"0.0": [0, 10, 0],
						"0.25": [0, 0, 0],
						"0.6667": [0, 0, 0],
						"1.6667": [0, 0, 0],
						"1.9167": [0, 10, 0]
					},
					"position": {
						"0.0": [0, 0, 0],
						"0.25": [0, 0, 0],
						"0.6667": [0, 0, 0],
						"1.6667": [0, 0, 0],
						"1.9167": [0, 0, 0]
					},
					"scale": {
						"0.0": [1, 1, 1],
						"0.25": [1, 1, 0.5],
						"1.6667": [1, 1, 0.5],
						"1.9167": [1, 1, 1]
					}
				},
				"elytra_left": {
					"rotation": {
						"0.0": [0, 40, 0],
						"0.25": [0, 0, 0],
						"0.6667": [0, 0, 0],
						"0.9167": {
							"pre": [0, 45, 0],
							"post": [0, 45, 0],
							"lerp_mode": "catmullrom"
						},
						"1.1667": [0, 0, 0],
						"1.4167": {
							"pre": [0, 17.5, 0],
							"post": [0, 17.5, 0],
							"lerp_mode": "catmullrom"
						},
						"1.6667": [0, 0, 0],
						"1.9167": [0, 40, 0]
					},
					"position": {
						"0.0": [0, 0, 0],
						"0.25": [0, 0, 0],
						"1.6667": [0, 0, 0],
						"1.9167": [0, 0, 0]
					},
					"scale": 1
				},
				"elytra_right": {
					"rotation": {
						"0.0": [0, -40, 0],
						"0.25": [0, 0, 0],
						"0.6667": [0, 0, 0],
						"0.9167": {
							"pre": [0, -17.5, 0],
							"post": [0, -17.5, 0],
							"lerp_mode": "catmullrom"
						},
						"1.1667": [0, 0, 0],
						"1.4167": {
							"pre": [0, -45, 0],
							"post": [0, -45, 0],
							"lerp_mode": "catmullrom"
						},
						"1.6667": [0, 0, 0],
						"1.9167": [0, -40, 0]
					},
					"position": {
						"0.0": [0, 0, 0],
						"0.25": [0, 0, 0],
						"0.6667": [0, 0, 0],
						"1.6667": [0, 0, 0],
						"1.9167": [0, 0, 0]
					}
				},
				"tail": {
					"rotation": {
						"0.0": [18.5, 0, 0],
						"0.2917": [41, 0, 0],
						"0.6667": [-9, 0, 0],
						"0.7917": [51, 0, 0],
						"1.2083": [-9, 0, 0],
						"1.3333": [51, 0, 0],
						"1.75": [-9, 0, 0],
						"1.9167": [18.5, 0, 0]
					},
					"position": {
						"0.0": [0, 0, 0],
						"1.9167": [0, 0, 0]
					}
				},
				"leg_right": {
					"rotation": {
						"0.0": [35, 0, 20],
						"0.1667": [-12.41141, 28.91814, 56.27329],
						"0.2917": [-30, 0, 40],
						"0.4583": {
							"pre": [-30, 0, 40],
							"post": [-30, 0, 40],
							"lerp_mode": "catmullrom"
						},
						"0.5833": [-30, 0, 40],
						"0.7083": [-42.5, 0, 40],
						"0.8333": [-30, 0, 40],
						"1.0": {
							"pre": [-30, 0, 40],
							"post": [-30, 0, 40],
							"lerp_mode": "catmullrom"
						},
						"1.125": [-30, 0, 40],
						"1.25": [-42.5, 0, 40],
						"1.375": [-30, 0, 40],
						"1.5": [-30, 0, 40],
						"1.625": [-30, 0, 40],
						"1.75": {
							"pre": [12.58859, 28.91814, 56.27329],
							"post": [12.58859, 28.91814, 56.27329],
							"lerp_mode": "catmullrom"
						},
						"1.9167": [35, 0, 20]
					},
					"position": {
						"0.0": [-1, 0, 0],
						"0.1667": [-1, 3, -2],
						"0.2917": [-1, 0, 0],
						"0.4583": {
							"pre": [-1, 0, 0],
							"post": [-1, 0, 0],
							"lerp_mode": "catmullrom"
						},
						"0.5833": [-1, 0, 0],
						"0.7083": [-1, -1.25, 0],
						"0.8333": [-1, 0, 0],
						"1.0": {
							"pre": [-1, 0, 0],
							"post": [-1, 0, 0],
							"lerp_mode": "catmullrom"
						},
						"1.125": [-1, 0, 0],
						"1.25": [-1, -1.25, 0],
						"1.375": [-1, 0, 0],
						"1.5": [-1, 0, 0],
						"1.625": [-1, 0, 0],
						"1.75": {
							"pre": [-1, 2, -2],
							"post": [-1, 2, -2],
							"lerp_mode": "catmullrom"
						},
						"1.9167": [-1, 0, 0]
					}
				},
				"leg_right_2": {
					"rotation": {
						"0.0": [0, 0, 0],
						"0.1667": {
							"pre": [43.03937, 10.62441, -47.29627],
							"post": [43.03937, 10.62441, -47.29627],
							"lerp_mode": "catmullrom"
						},
						"0.2917": {
							"post": [38.46347, 11.84911, -18.23567],
							"lerp_mode": "catmullrom"
						},
						"0.4583": {
							"post": [38.46347, 11.84911, -18.23567],
							"lerp_mode": "catmullrom"
						},
						"0.5833": {
							"post": [38.46347, 11.84911, -18.23567],
							"lerp_mode": "catmullrom"
						},
						"0.7083": {
							"post": [60.96347, 11.84911, -18.23567],
							"lerp_mode": "catmullrom"
						},
						"0.8333": {
							"post": [38.46347, 11.84911, -18.23567],
							"lerp_mode": "catmullrom"
						},
						"1.0": {
							"post": [38.46347, 11.84911, -18.23567],
							"lerp_mode": "catmullrom"
						},
						"1.125": {
							"post": [38.46347, 11.84911, -18.23567],
							"lerp_mode": "catmullrom"
						},
						"1.25": {
							"post": [60.96347, 11.84911, -18.23567],
							"lerp_mode": "catmullrom"
						},
						"1.375": {
							"post": [38.46347, 11.84911, -18.23567],
							"lerp_mode": "catmullrom"
						},
						"1.5": [38.46347, 11.84911, -18.23567],
						"1.625": [38.46347, 11.84911, -18.23567],
						"1.75": {
							"pre": [43.13784, -10.12121, -25.50544],
							"post": [43.13784, -10.12121, -25.50544],
							"lerp_mode": "catmullrom"
						},
						"1.9167": [0, 0, 0]
					},
					"position": {
						"0.0": [0, 0, 0],
						"0.2917": [0, 0, 0],
						"0.4583": {
							"pre": [0, 0, 0],
							"post": [0, 0, 0],
							"lerp_mode": "catmullrom"
						},
						"0.5833": [0, 0, 0],
						"0.7083": [0, 0, 0],
						"0.8333": [0, 0, 0],
						"1.0": {
							"pre": [0, 0, 0],
							"post": [0, 0, 0],
							"lerp_mode": "catmullrom"
						},
						"1.125": [0, 0, 0],
						"1.25": [0, 0, 0],
						"1.375": [0, 0, 0],
						"1.5": [0, 0, 0],
						"1.625": [0, 0, 0],
						"1.9167": [0, 0, 0]
					}
				},
				"leg_left": {
					"rotation": {
						"0.0": [-30, 0, -40],
						"0.1667": [12.5, 0, -40],
						"0.3333": {
							"pre": [-64.48, 0, -40],
							"post": [-64.48, 0, -40],
							"lerp_mode": "catmullrom"
						},
						"0.4583": {
							"post": [-30, 0, -40],
							"lerp_mode": "catmullrom"
						},
						"0.5833": [-30, 0, -40],
						"0.7083": [-42.5, 0, -40],
						"0.8333": [-30, 0, -40],
						"1.0": {
							"pre": [-30, 0, -40],
							"post": [-30, 0, -40],
							"lerp_mode": "catmullrom"
						},
						"1.125": [-30, 0, -40],
						"1.25": [-42.5, 0, -40],
						"1.375": [-30, 0, -40],
						"1.5": {
							"pre": [-30, 0, -40],
							"post": [-30, 0, -40],
							"lerp_mode": "catmullrom"
						},
						"1.625": {
							"post": [-30, 0, -40],
							"lerp_mode": "catmullrom"
						},
						"1.7917": [-32.5, 0, -40],
						"1.875": [-25.92752, -18.54667, -73.19487],
						"2.0": [-30, 0, -40]
					},
					"position": {
						"0.0": [1, 0, 0],
						"0.1667": [1, 0, 2],
						"0.3333": {
							"pre": [1, 3, 0.93],
							"post": [1, 3, 0.93],
							"lerp_mode": "catmullrom"
						},
						"0.4583": {
							"post": [1, 0, 0],
							"lerp_mode": "catmullrom"
						},
						"0.5833": [1, 0, 0],
						"0.7083": [1, -1.25, 0],
						"0.8333": [1, 0, 0],
						"1.0": {
							"pre": [1, 0, 0],
							"post": [1, 0, 0],
							"lerp_mode": "catmullrom"
						},
						"1.125": [1, 0, 0],
						"1.25": [1, -1.25, 0],
						"1.375": [1, 0, 0],
						"1.5": {
							"pre": [1, 0, 0],
							"post": [1, 0, 0],
							"lerp_mode": "catmullrom"
						},
						"1.625": {
							"post": [1, 0, 0],
							"lerp_mode": "catmullrom"
						},
						"1.7917": {
							"post": [1, 0, 0],
							"lerp_mode": "catmullrom"
						},
						"1.875": [1, 2, 0],
						"2.0": [1, 0, 0]
					}
				},
				"leg_left_2": {
					"rotation": {
						"0.0": [37.5, 0, 27.5],
						"0.1667": {
							"pre": [18.46347, -11.84911, 18.23567],
							"post": [18.46347, -11.84911, 18.23567],
							"lerp_mode": "catmullrom"
						},
						"0.3333": {
							"post": [70.02971, -12.41786, 17.79098],
							"lerp_mode": "catmullrom"
						},
						"0.4583": {
							"post": [38.46347, -11.84911, 18.23567],
							"lerp_mode": "catmullrom"
						},
						"0.5833": {
							"post": [38.46347, -11.84911, 18.23567],
							"lerp_mode": "catmullrom"
						},
						"0.7083": {
							"post": [60.96347, -11.84911, 18.23567],
							"lerp_mode": "catmullrom"
						},
						"0.8333": {
							"post": [38.46, -11.85, 18.24],
							"lerp_mode": "catmullrom"
						},
						"1.0": {
							"post": [38.46347, -11.84911, 18.23567],
							"lerp_mode": "catmullrom"
						},
						"1.125": {
							"post": [38.46347, -11.84911, 18.23567],
							"lerp_mode": "catmullrom"
						},
						"1.25": {
							"post": [60.96347, -11.84911, 18.23567],
							"lerp_mode": "catmullrom"
						},
						"1.375": {
							"post": [38.46, -11.85, 18.24],
							"lerp_mode": "catmullrom"
						},
						"1.5": {
							"post": [38.46347, -11.84911, 18.23567],
							"lerp_mode": "catmullrom"
						},
						"1.625": {
							"post": [38.46347, -11.84911, 18.23567],
							"lerp_mode": "catmullrom"
						},
						"1.7917": [5.39606, -4.87092, 23.69163],
						"1.875": [11.67453, -14.40342, 66.70394],
						"2.0": [37.5, 0, 27.5]
					},
					"position": {
						"0.0": [0, 0, 0],
						"0.1667": [0, 0, 0],
						"0.4583": {
							"pre": [0, 0, 0],
							"post": [0, 0, 0],
							"lerp_mode": "catmullrom"
						},
						"0.5833": [0, 0, 0],
						"0.7083": [0, 0, 0],
						"0.8333": [0, 0, 0],
						"1.0": {
							"pre": [0, 0, 0],
							"post": [0, 0, 0],
							"lerp_mode": "catmullrom"
						},
						"1.125": [0, 0, 0],
						"1.25": [0, 0, 0],
						"1.375": [0, 0, 0],
						"1.5": {
							"pre": [0, 0, 0],
							"post": [0, 0, 0],
							"lerp_mode": "catmullrom"
						},
						"1.625": {
							"post": [0, 0, 0],
							"lerp_mode": "catmullrom"
						},
						"2.0": [0, 0, 0]
					}
				}
			}
		},
		"animation.mantiverous.special": {
			"animation_length": 3,
			"bones": {
				"body": {
					"rotation": {
						"0.0": [0, 0, 0],
						"0.25": [0, 0, 0],
						"0.625": [0, 0, 0],
						"0.75": [0, 0, 0],
						"1.125": [0, 0, 0],
						"1.25": [0, 0, 0],
						"1.625": [0, 0, 0],
						"1.75": [0, 0, 0],
						"2.125": [0, 0, 0],
						"2.375": [0, 0, 0]
					},
					"position": {
						"0.0": [0, -3, 0],
						"0.25": [0, -3, -6],
						"0.625": [0, -3, -6],
						"0.75": [0, -3, -4],
						"1.125": [0, -3, -4],
						"1.25": [0, -3, -2],
						"1.625": [0, -3, -2],
						"1.75": [0, -3, 0],
						"2.125": [0, -3, 0],
						"2.375": [0, -3, 0]
					}
				},
				"torso": {
					"rotation": {
						"0.0": [12.4539, 1.08089, -4.88206],
						"0.25": [-20, 0, 0],
						"0.5": [-27.5, 0, "0+math.sin(q.anim_time*90*32)*2"],
						"0.625": [-27.5, 0, "0+math.sin(q.anim_time*90*32)*2"],
						"0.75": [-55, 0, 0],
						"1.0": [-27.5, 0, 0],
						"1.125": [-22.5, 0, 0],
						"1.25": [-55, 0, 0],
						"1.5": [-27.5, 0, 0],
						"1.625": [-22.5, 0, 0],
						"1.75": [-55, 0, 0],
						"2.0": [-27.5, 0, 0],
						"2.125": [-27.5, 0, 0],
						"2.375": [12.4539, 1.08089, -4.88206]
					},
					"position": {
						"0.0": [0, 0, 0],
						"0.25": [0, 0, 0],
						"0.5": [0, 0, 0],
						"0.625": [0, 0, 0],
						"0.75": [0, 0, 1],
						"1.0": [0, 0, 0],
						"1.125": [0, 0, 0],
						"1.25": [0, 0, 1],
						"1.5": [0, 0, 0],
						"1.625": [0, 0, 0],
						"1.75": [0, 0, 1],
						"2.0": [0, 0, 0],
						"2.125": [0, 0, 0],
						"2.375": [0, 0, 0]
					}
				},
				"head": {
					"rotation": {
						"0.0": [1.9811, -0.43523, 4.98107],
						"0.25": [-16.71, -0.22, 2.49],
						"0.5": [-35.40207, 0, 0],
						"0.625": [34.59793, 0, 0],
						"0.75": [32.1, 0, 0],
						"0.875": [12.1, 0, 0],
						"1.125": [34.59793, 0, 0],
						"1.25": [32.1, 0, 0],
						"1.375": [12.1, 0, 0],
						"1.625": [34.59793, 0, 0],
						"1.75": [32.1, 0, 0],
						"1.875": [12.1, 0, 0],
						"2.125": [34.59793, 0, 0],
						"2.375": [1.9811, -0.43523, 4.98107]
					},
					"position": {
						"0.0": [0, 0, 0],
						"0.25": [0, 0, 0],
						"0.5": [0, 0, 0],
						"0.625": [0, -1.23947, -1.86111],
						"0.75": [0, -1.23947, -1.86111],
						"0.875": [0, -1.24, -1.86],
						"1.125": [0, -1.23947, -1.86111],
						"1.25": [0, -1.23947, -1.86111],
						"1.375": [0, -1.24, -1.86],
						"1.625": [0, -1.23947, -1.86111],
						"1.75": [0, -1.23947, -1.86111],
						"1.875": [0, -1.24, -1.86],
						"2.125": [0, -1.23947, -1.86111],
						"2.375": [0, 0, 0]
					},
					"scale": {
						"0.25": [1, 1, 1],
						"0.5": [1.2, 1, 1],
						"0.625": [1.2, 1, 1],
						"0.75": [1, 1, 1],
						"2.125": [1, 1, 1]
					}
				},
				"arm_right": {
					"rotation": {
						"0.0": [4.0933, 3.24973, -31.0745],
						"0.125": {
							"pre": [-50.86, 25.72, -33.43],
							"post": [-50.86, 25.72, -33.43],
							"lerp_mode": "catmullrom"
						},
						"0.25": {
							"post": [1.64, 25.72, -33.43],
							"lerp_mode": "catmullrom"
						},
						"0.375": [-9.80643, 12.48976, -55.24227],
						"0.5": [-3.7344, 20.62607, -53.50597],
						"0.625": [-3.7344, 20.62607, -53.50597],
						"0.8333": [19.80287, 45.65206, -21.20674],
						"1.125": [-3.7344, 20.62607, -53.50597],
						"1.3333": [19.80287, 45.65206, -21.20674],
						"1.625": [-3.7344, 20.62607, -53.50597],
						"1.8333": [19.80287, 45.65206, -21.20674],
						"2.125": [-3.7344, 20.62607, -53.50597],
						"2.375": [4.0933, 3.24973, -31.0745]
					},
					"position": {
						"0.0": [0, 0, 0],
						"0.125": {
							"pre": [0, 0, 0],
							"post": [0, 0, 0],
							"lerp_mode": "catmullrom"
						},
						"0.25": {
							"post": [0, 0, 0],
							"lerp_mode": "catmullrom"
						},
						"0.375": [0, 0, 0],
						"0.5": [0, -0.91438, -1.21508],
						"0.625": [0, -0.91438, -1.21508],
						"1.125": [0, -0.91438, -1.21508],
						"1.625": [0, -0.91438, -1.21508],
						"2.125": [0, -0.91438, -1.21508],
						"2.375": [0, 0, 0]
					}
				},
				"arm_right_2": {
					"rotation": {
						"0.0": [-71.8836, -81.2998, 101.10846],
						"0.25": {
							"pre": [0, -120, 0],
							"post": [0, -120, 0],
							"lerp_mode": "catmullrom"
						},
						"0.375": [77.38378, -48.16294, -22.1384],
						"0.5": [77.38378, -48.16294, -22.1384],
						"0.625": [77.38378, -48.16294, -22.1384],
						"0.8333": {
							"pre": [83.54688, -79.54874, -67.71874],
							"post": [83.54688, -79.54874, -67.71874],
							"lerp_mode": "catmullrom"
						},
						"1.125": [77.38378, -48.16294, -22.1384],
						"1.3333": {
							"pre": [83.54688, -79.54874, -67.71874],
							"post": [83.54688, -79.54874, -67.71874],
							"lerp_mode": "catmullrom"
						},
						"1.625": [77.38378, -48.16294, -22.1384],
						"1.8333": {
							"pre": [83.54688, -79.54874, -67.71874],
							"post": [83.54688, -79.54874, -67.71874],
							"lerp_mode": "catmullrom"
						},
						"2.125": [77.38378, -48.16294, -22.1384],
						"2.375": [-71.8836, -81.2998, 101.10846]
					},
					"position": {
						"0.0": [0, 0, 0],
						"0.25": {
							"pre": [0, 0, 0],
							"post": [0, 0, 0],
							"lerp_mode": "catmullrom"
						},
						"0.375": [0, 0, 0],
						"0.5": [0, 0, 0],
						"0.625": [0, 0, 0],
						"1.125": [0, 0, 0],
						"1.625": [0, 0, 0],
						"2.125": [0, 0, 0],
						"2.375": [0, 0, 0]
					}
				},
				"arm_right_3": {
					"rotation": {
						"0.0": [9.33944, -1.21019, -22.8643],
						"0.125": {
							"pre": [57.74, 11.52, -9.14],
							"post": [57.74, 11.52, -9.14],
							"lerp_mode": "catmullrom"
						},
						"0.25": {
							"post": [57.74, 11.52, -9.14],
							"lerp_mode": "catmullrom"
						},
						"0.375": [8.37566, -4.32067, -3.07767],
						"0.5": [8.37566, -4.32067, -3.07767],
						"0.625": [8.37566, -4.32067, -3.07767],
						"0.8333": [17.29379, -60.75094, -17.63986],
						"1.125": [8.37566, -4.32067, -3.07767],
						"1.3333": [17.29379, -60.75094, -17.63986],
						"1.625": [8.37566, -4.32067, -3.07767],
						"1.8333": [17.29379, -60.75094, -17.63986],
						"2.125": [8.37566, -4.32067, -3.07767],
						"2.375": [9.33944, -1.21019, -22.8643]
					},
					"position": {
						"0.0": [0, 0, 0],
						"0.125": {
							"pre": [0, 0, 0],
							"post": [0, 0, 0],
							"lerp_mode": "catmullrom"
						},
						"0.25": {
							"post": [0, 0, 0],
							"lerp_mode": "catmullrom"
						},
						"0.375": [0, 0, 0],
						"0.5": [0, 0, 0],
						"0.625": [0, 0, 0],
						"1.125": [0, 0, 0],
						"1.625": [0, 0, 0],
						"2.125": [0, 0, 0],
						"2.375": [0, 0, 0]
					}
				},
				"arm_right_4": {
					"rotation": {
						"0.0": [0, 0, -42.5],
						"0.125": {
							"pre": [0, 0, -50],
							"post": [0, 0, -50],
							"lerp_mode": "catmullrom"
						},
						"0.25": {
							"post": [0, 0, -50],
							"lerp_mode": "catmullrom"
						},
						"0.375": [0, 0, -42.5],
						"0.5": [0, 0, -42.5],
						"0.625": [0, 0, -42.5],
						"1.125": [0, 0, -42.5],
						"1.625": [0, 0, -42.5],
						"2.125": [0, 0, -42.5],
						"2.375": [0, 0, -42.5]
					},
					"position": {
						"0.0": [0, 0, 0],
						"0.125": {
							"pre": [0, 0, 0],
							"post": [0, 0, 0],
							"lerp_mode": "catmullrom"
						},
						"0.25": {
							"post": [0, 0, 0],
							"lerp_mode": "catmullrom"
						},
						"0.375": [0, 0, 0],
						"0.5": [0, 0, 0],
						"0.625": [0, 0, 0],
						"1.125": [0, 0, 0],
						"1.625": [0, 0, 0],
						"2.125": [0, 0, 0],
						"2.375": [0, 0, 0]
					}
				},
				"arm_left": {
					"rotation": {
						"0.0": [0, -40.6949, 35],
						"0.125": {
							"pre": [-50.86, -25.72, 33.43],
							"post": [-50.86, -25.72, 33.43],
							"lerp_mode": "catmullrom"
						},
						"0.25": {
							"post": [1.64, -25.72, 33.43],
							"lerp_mode": "catmullrom"
						},
						"0.375": [-9.80643, -12.48976, 55.24227],
						"0.5": [-3.7344, -20.62607, 53.50597],
						"0.625": [-3.7344, -20.62607, 53.50597],
						"0.8333": [19.80287, -45.65206, 21.20674],
						"1.125": [-3.7344, -20.62607, 53.50597],
						"1.3333": [19.80287, -45.65206, 21.20674],
						"1.625": [-3.7344, -20.62607, 53.50597],
						"1.8333": [19.80287, -45.65206, 21.20674],
						"2.125": [-3.7344, -20.62607, 53.50597],
						"2.5": [0, -40.6949, 35]
					},
					"position": {
						"0.0": [0, 0, 0],
						"0.125": {
							"pre": [0, 0, 0],
							"post": [0, 0, 0],
							"lerp_mode": "catmullrom"
						},
						"0.25": {
							"post": [0, 0, 0],
							"lerp_mode": "catmullrom"
						},
						"0.375": [0, 0, 0],
						"0.5": [0, -0.91438, -1.21508],
						"0.625": [0, -0.91438, -1.21508],
						"1.125": [0, -0.91438, -1.21508],
						"1.625": [0, -0.91438, -1.21508],
						"2.125": [0, -0.91438, -1.21508],
						"2.5": [0, 0, 0]
					}
				},
				"arm_left_2": {
					"rotation": {
						"0.0": [155.2348, 50.4393, 153.78819],
						"0.25": {
							"pre": [0, 120, 0],
							"post": [0, 120, 0],
							"lerp_mode": "catmullrom"
						},
						"0.375": [77.38378, 48.16294, 22.1384],
						"0.5": [77.38378, 48.16294, 22.1384],
						"0.625": [77.38378, 48.16294, 22.1384],
						"0.8333": {
							"pre": [83.54688, 79.54874, 67.71874],
							"post": [83.54688, 79.54874, 67.71874],
							"lerp_mode": "catmullrom"
						},
						"1.125": [77.38378, 48.16294, 22.1384],
						"1.3333": {
							"pre": [83.54688, 79.54874, 67.71874],
							"post": [83.54688, 79.54874, 67.71874],
							"lerp_mode": "catmullrom"
						},
						"1.625": [77.38378, 48.16294, 22.1384],
						"1.8333": {
							"pre": [83.54688, 79.54874, 67.71874],
							"post": [83.54688, 79.54874, 67.71874],
							"lerp_mode": "catmullrom"
						},
						"2.125": [77.38378, 48.16294, 22.1384],
						"2.3333": {
							"pre": [158.32085, 47.36911, 152.16443],
							"post": [158.32085, 47.36911, 152.16443],
							"lerp_mode": "catmullrom"
						},
						"2.5": [155.2348, 50.4393, 153.78819]
					},
					"position": {
						"0.0": [0, 0, 0],
						"0.25": {
							"pre": [0, 0, 0],
							"post": [0, 0, 0],
							"lerp_mode": "catmullrom"
						},
						"0.375": [0, 0, 0],
						"0.5": [0, 0, 0],
						"0.625": [0, 0, 0],
						"1.125": [0, 0, 0],
						"1.625": [0, 0, 0],
						"2.125": [0, 0, 0],
						"2.5": [0, 0, 0]
					}
				},
				"arm_left_3": {
					"rotation": {
						"0.0": [90, -20, 0],
						"0.125": {
							"pre": [57.74, -11.52, 9.14],
							"post": [57.74, -11.52, 9.14],
							"lerp_mode": "catmullrom"
						},
						"0.25": {
							"post": [57.74, -11.52, 9.14],
							"lerp_mode": "catmullrom"
						},
						"0.375": [8.37566, 4.32067, 3.07767],
						"0.5": [8.37566, 4.32067, 3.07767],
						"0.625": [8.37566, 4.32067, 3.07767],
						"0.8333": [17.29379, 60.75094, 17.63986],
						"1.125": [8.37566, 4.32067, 3.07767],
						"1.3333": [17.29379, 60.75094, 17.63986],
						"1.625": [8.37566, 4.32067, 3.07767],
						"1.8333": [17.29379, 60.75094, 17.63986],
						"2.125": [8.37566, 4.32067, 3.07767],
						"2.3333": {
							"pre": [42.91961, -27.85273, 21.49696],
							"post": [42.91961, -27.85273, 21.49696],
							"lerp_mode": "catmullrom"
						},
						"2.5": [90, -20, 0]
					},
					"position": {
						"0.0": [0, 0, 0],
						"0.125": {
							"pre": [0, 0, 0],
							"post": [0, 0, 0],
							"lerp_mode": "catmullrom"
						},
						"0.25": {
							"post": [0, 0, 0],
							"lerp_mode": "catmullrom"
						},
						"0.375": [0, 0, 0],
						"0.5": [0, 0, 0],
						"0.625": [0, 0, 0],
						"1.125": [0, 0, 0],
						"1.625": [0, 0, 0],
						"2.125": [0, 0, 0],
						"2.5": [0, 0, 0]
					}
				},
				"arm_left_4": {
					"rotation": {
						"0.0": [0, 0, 55],
						"0.125": {
							"pre": [0, 0, 50],
							"post": [0, 0, 50],
							"lerp_mode": "catmullrom"
						},
						"0.25": {
							"post": [0, 0, 50],
							"lerp_mode": "catmullrom"
						},
						"0.375": [0, 0, 42.5],
						"0.5": [0, 0, 42.5],
						"0.625": [0, 0, 42.5],
						"1.125": [0, 0, 42.5],
						"2.125": [0, 0, 42.5],
						"2.375": [0, 0, 55]
					},
					"position": {
						"0.0": [0, 0, 0],
						"0.125": {
							"pre": [0, 0, 0],
							"post": [0, 0, 0],
							"lerp_mode": "catmullrom"
						},
						"0.25": {
							"post": [0, 0, 0],
							"lerp_mode": "catmullrom"
						},
						"0.375": [0, 0, 0],
						"0.5": [0, 0, 0],
						"0.625": [0, 0, 0],
						"1.125": [0, 0, 0],
						"2.125": [0, 0, 0],
						"2.375": [0, 0, 0]
					}
				},
				"elytra": {
					"rotation": {
						"0.0": [19, 0, 0],
						"0.25": {
							"pre": [19, 0, 0],
							"post": [19, 0, 0],
							"lerp_mode": "catmullrom"
						},
						"0.5": {
							"post": [-1, 0, 0],
							"lerp_mode": "catmullrom"
						},
						"0.6667": {
							"post": [19, 0, 0],
							"lerp_mode": "catmullrom"
						},
						"0.875": {
							"post": [-1, 0, 0],
							"lerp_mode": "catmullrom"
						},
						"1.125": {
							"post": [19, 0, 0],
							"lerp_mode": "catmullrom"
						},
						"1.3333": {
							"post": [-1, 0, 0],
							"lerp_mode": "catmullrom"
						},
						"1.5833": {
							"post": [19, 0, 0],
							"lerp_mode": "catmullrom"
						},
						"1.7917": {
							"post": [-1, 0, 0],
							"lerp_mode": "catmullrom"
						},
						"2.125": {
							"post": [6.5, 0, 0],
							"lerp_mode": "catmullrom"
						},
						"2.375": [19, 0, 0]
					},
					"position": {
						"0.0": [0, 0, 0],
						"0.25": [0, 0, 0],
						"0.6667": [0, 0, 0],
						"1.125": [0, 0, 0],
						"1.5833": [0, 0, 0],
						"2.125": [0, 0, 0],
						"2.375": [0, 0, 0]
					}
				},
				"wing_right": {
					"rotation": {
						"0.0": [0, -10, 0],
						"0.25": [0, 0, 0],
						"2.125": [0, 0, 0],
						"2.375": [0, -10, 0]
					},
					"position": {
						"0.0": [0, 0, 0],
						"0.25": [0, 0, 0],
						"2.125": [0, 0, 0],
						"2.375": [0, 0, 0]
					},
					"scale": {
						"0.0": [1, 1, 1],
						"0.25": [1, 1, 0.5],
						"2.125": [1, 1, 0.5]
					}
				},
				"wing_left": {
					"rotation": {
						"0.0": [0, 10, 0],
						"0.25": [0, 0, 0],
						"2.125": [0, 0, 0],
						"2.375": [0, 10, 0]
					},
					"position": {
						"0.0": [0, 0, 0],
						"0.25": [0, 0, 0],
						"2.125": [0, 0, 0],
						"2.375": [0, 0, 0]
					},
					"scale": {
						"0.0": [1, 1, 1],
						"0.25": [1, 1, 0.5],
						"2.125": [1, 1, 0.5]
					}
				},
				"elytra_left": {
					"rotation": {
						"0.0": [0, 40, 0],
						"0.25": [0, 0, 0],
						"2.125": [0, 0, 0],
						"2.375": [0, 40, 0]
					},
					"position": {
						"0.0": [0, 0, 0],
						"0.25": [0, 0, 0],
						"2.125": [0, 0, 0],
						"2.375": [0, 0, 0]
					}
				},
				"elytra_right": {
					"rotation": {
						"0.0": [0, -40, 0],
						"0.25": [0, 0, 0],
						"2.125": [0, 0, 0],
						"2.375": [0, -40, 0]
					},
					"position": {
						"0.0": [0, 0, 0],
						"0.25": [0, 0, 0],
						"2.125": [0, 0, 0],
						"2.375": [0, 0, 0]
					}
				},
				"tail": {
					"rotation": {
						"0.0": [18.5, 0, 0],
						"0.25": [18.5, 0, 0],
						"0.5": [18.5, 0, 0],
						"0.625": [18.5, 0, 0],
						"2.125": [18.5, 0, 0],
						"2.375": [18.5, 0, 0]
					},
					"position": {
						"0.0": [0, 0, 0],
						"0.25": [0, 0, 0],
						"0.5": [0, 0, 0],
						"0.625": [0, 0, 0],
						"2.125": [0, 0, 0],
						"2.375": [0, 0, 0]
					}
				},
				"leg_right": {
					"rotation": {
						"0.0": [35, 0, 20],
						"0.1667": {
							"pre": [-43.75, 0, 20],
							"post": [-43.75, 0, 20],
							"lerp_mode": "catmullrom"
						},
						"0.25": [-30, 0, 40],
						"0.5": [-30, 0, 40],
						"0.625": [-30, 0, 40],
						"2.125": [-30, 0, 40],
						"2.25": {
							"pre": [-35, 0, 30],
							"post": [-35, 0, 30],
							"lerp_mode": "catmullrom"
						},
						"2.375": [35, 0, 20]
					},
					"position": {
						"0.0": [-1, 0, 0],
						"0.0833": [0.31851, 3.60835, 0.22317],
						"0.1667": {
							"pre": [-0.41164, 1.60215, -0.24983],
							"post": [-0.41164, 1.60215, -0.24983],
							"lerp_mode": "catmullrom"
						},
						"0.25": [-1, 0, 0],
						"0.5": [-1, 0, 0],
						"0.625": [-1, 0, 0],
						"2.125": [-1, 0, 0],
						"2.25": {
							"pre": [-1, 2, 3],
							"post": [-1, 2, 3],
							"lerp_mode": "catmullrom"
						},
						"2.375": [-1, 0, 0]
					}
				},
				"leg_right_2": {
					"rotation": {
						"0.0": [0, 0, 0],
						"0.1667": {
							"pre": [80, 0, 0],
							"post": [80, 0, 0],
							"lerp_mode": "catmullrom"
						},
						"0.25": [40.86212, 21.48944, -9.91653],
						"0.5": [40.86212, 21.48944, -9.91653],
						"0.625": [40.86212, 21.48944, -9.91653],
						"2.125": [40.86, 21.49, -9.92],
						"2.25": [77.93, 10.745, -4.96],
						"2.375": [0, 0, 0]
					},
					"position": {
						"0.0": [0, 0, 0],
						"0.25": [0, 0, 0],
						"0.5": [0, 0, 0],
						"0.625": [0, 0, 0],
						"2.125": [0, 0, 0],
						"2.375": [0, 0, 0]
					}
				},
				"leg_left": {
					"rotation": {
						"0.0": [-30, 0, -40],
						"0.25": [20, 0, -40],
						"0.375": [-47.45372, -27.03402, -30.68206],
						"0.5": [-30, 0, -40],
						"0.625": [-30, 0, -40],
						"2.125": [-30, 0, -40],
						"2.375": [-30, 0, -40]
					},
					"position": {
						"0.0": [1, 0, 0],
						"0.25": [1, 0, 0],
						"0.375": [1, 2, 0],
						"0.5": [1, 0, 0],
						"0.625": [1, 0, 0],
						"2.125": [1, 0, 0],
						"2.375": [1, 0, 0]
					}
				},
				"leg_left_2": {
					"rotation": {
						"0.0": [37.5, 0, 27.5],
						"0.25": [0, 0, 27.5],
						"0.375": [82.33737, 0.32154, 43.73106],
						"0.5": [40.86212, -21.48944, 9.91653],
						"0.625": [40.86212, -21.48944, 9.91653],
						"2.125": [40.86, -21.49, 9.92],
						"2.375": [37.5, 0, 27.5]
					},
					"position": {
						"0.0": [0, 0, 0],
						"0.25": [0, 0, 0],
						"0.5": [0, 0, 0],
						"0.625": [0, 0, 0],
						"2.125": [0, 0, 0],
						"2.375": [0, 0, 0]
					}
				},
				"mouth": {
					"rotation": {
						"0.0": [0, 0, 0],
						"0.125": [34.99842, -0.20774, 0.20911],
						"0.25": [0, 0, 0],
						"0.5": [0, 0, 0],
						"0.625": [0, 0, 0],
						"0.75": [82.5, 0, 0],
						"0.875": [80, 0, 0],
						"1.125": [0, 0, 0],
						"1.25": [82.5, 0, 0],
						"1.375": [80, 0, 0],
						"1.625": [0, 0, 0],
						"1.75": [82.5, 0, 0],
						"1.875": [80, 0, 0],
						"2.125": [0, 0, 0],
						"2.375": [0, 0, 0]
					},
					"position": {
						"0.0": [0, 0, 0],
						"0.125": [0.00507, 0.81915, -0.57355],
						"0.25": [0, 0, 0],
						"0.5": [0, 0, 0],
						"0.625": [0, 0, 0],
						"0.75": [0, 0.16266, -1.26983],
						"0.875": [0, 0.84, -0.54],
						"1.125": [0, 0, 0],
						"1.25": [0, 0.16266, -1.26983],
						"1.375": [0, 0.84, -0.54],
						"1.625": [0, 0, 0],
						"1.75": [0, 0.16266, -1.26983],
						"1.875": [0, 0.84, -0.54],
						"2.125": [0, 0, 0],
						"2.375": [0, 0, 0]
					}
				}
			}
		},
		"animation.mantiverous.status": {
			"animation_length": 2.5,
			"bones": {
				"body": {
					"rotation": {
						"0.0": [0, 0, 0],
						"0.25": [0, 0, 0],
						"0.4583": [0, 0, 0],
						"0.5": [0, 0, 0],
						"1.25": [0, 0, 0],
						"1.7917": [0, 0, 0]
					},
					"position": {
						"0.0": [0, -3, 0],
						"0.25": [0, -3, -5],
						"0.4583": [0, -3, -5],
						"0.5": [0, "-3+math.sin(q.anim_time*90*32)*0.3", -5],
						"1.25": [0, -3, -5],
						"1.7917": [0, -3, 0]
					}
				},
				"torso": {
					"rotation": {
						"0.0": {
							"post": [12.4539, 1.08089, -4.88206],
							"lerp_mode": "catmullrom"
						},
						"0.3333": {
							"post": [-10.0461, 0, 0],
							"lerp_mode": "catmullrom"
						},
						"0.4583": {
							"post": [24.9539, 0, 0],
							"lerp_mode": "catmullrom"
						},
						"1.25": {
							"post": [24.9539, 0, 0],
							"lerp_mode": "catmullrom"
						},
						"1.7917": {
							"post": [12.4539, 1.08089, -4.88206],
							"lerp_mode": "catmullrom"
						}
					}
				},
				"head": {
					"rotation": {
						"0.0": [1.9811, -0.43523, 4.98107],
						"0.3333": {
							"pre": [-50.5189, 0, 0],
							"post": [-50.5189, 0, 0],
							"lerp_mode": "catmullrom"
						},
						"0.4583": {
							"post": [1.9811, 0, 0],
							"lerp_mode": "catmullrom"
						},
						"1.25": {
							"post": [16.9811, 0, 0],
							"lerp_mode": "catmullrom"
						},
						"1.7917": {
							"post": [1.9811, -0.43523, 4.98107],
							"lerp_mode": "catmullrom"
						}
					}
				},
				"mouth": {
					"rotation": {
						"0.0": {
							"post": [0, 0, 0],
							"lerp_mode": "catmullrom"
						},
						"0.3333": {
							"post": [20, 0, 0],
							"lerp_mode": "catmullrom"
						},
						"0.625": [0, 0, 0],
						"1.25": [0, 0, 0],
						"1.7917": [0, 0, 0]
					}
				},
				"arm_right": {
					"rotation": {
						"0.0": [4.0933, 3.24973, -31.0745],
						"0.25": {
							"pre": [1.64, 25.72, -33.43],
							"post": [1.64, 25.72, -33.43],
							"lerp_mode": "catmullrom"
						},
						"0.4167": {
							"post": [-30.74661, 3.56626, -25.67061],
							"lerp_mode": "catmullrom"
						},
						"0.5417": {
							"post": [4.09, 3.25, -31.07],
							"lerp_mode": "catmullrom"
						},
						"0.9167": {
							"post": [-0.74758, 1.75867, -30.9131],
							"lerp_mode": "catmullrom"
						},
						"1.25": {
							"post": [4.09, 3.25, -31.07],
							"lerp_mode": "catmullrom"
						},
						"1.7917": [4.0933, 3.24973, -31.0745]
					},
					"position": {
						"0.0": [0, 0, 0],
						"0.25": {
							"pre": [0, 0, 0],
							"post": [0, 0, 0],
							"lerp_mode": "catmullrom"
						},
						"0.5417": [0, 0, 0],
						"1.25": [0, 0, 0],
						"1.7917": [0, 0, 0]
					}
				},
				"arm_right_2": {
					"rotation": {
						"0.0": [-71.8836, -81.2998, 101.10846],
						"0.25": {
							"pre": [-72.84106, -52.42893, 88.0296],
							"post": [-72.84106, -52.42893, 88.0296],
							"lerp_mode": "catmullrom"
						},
						"0.625": [-69.63348, -62.35762, 97.23892],
						"1.25": [-69.63348, -62.35762, 97.23892],
						"1.5": {
							"pre": [-79.45658, -54.13358, 108.80511],
							"post": [-79.45658, -54.13358, 108.80511],
							"lerp_mode": "catmullrom"
						},
						"1.7917": [-71.8836, -81.2998, 101.10846]
					},
					"position": {
						"0.25": {
							"pre": [0, 0, 0],
							"post": [0, 0, 0],
							"lerp_mode": "catmullrom"
						},
						"0.625": [0, 0, 0],
						"1.25": [0, 0, 0]
					}
				},
				"arm_right_3": {
					"rotation": {
						"0.0": [9.33944, -1.21019, -22.8643],
						"0.25": {
							"pre": [57.74, 11.52, -9.14],
							"post": [57.74, 11.52, -9.14],
							"lerp_mode": "catmullrom"
						},
						"0.4167": {
							"post": [2.18019, 5.45523, -15.67646],
							"lerp_mode": "catmullrom"
						},
						"0.625": [9.34, -1.21, -22.86],
						"1.25": [9.34, -1.21, -22.86],
						"1.7917": [9.33944, -1.21019, -22.8643]
					},
					"position": {
						"0.25": {
							"pre": [0, 0, 0],
							"post": [0, 0, 0],
							"lerp_mode": "catmullrom"
						},
						"0.625": [0, 0, 0],
						"1.25": [0, 0, 0]
					}
				},
				"arm_right_4": {
					"rotation": {
						"0.0": [0, 0, -42.5],
						"0.25": {
							"pre": [0, 0, -50],
							"post": [0, 0, -50],
							"lerp_mode": "catmullrom"
						},
						"0.625": [0, 0, -42.5],
						"1.25": [0, 0, -42.5],
						"1.7917": [0, 0, -42.5]
					},
					"position": {
						"0.25": {
							"pre": [0, 0, 0],
							"post": [0, 0, 0],
							"lerp_mode": "catmullrom"
						},
						"0.625": [0, 0, 0],
						"1.25": [0, 0, 0]
					}
				},
				"arm_left": {
					"rotation": {
						"0.0": [0, -40.6949, 35],
						"0.25": {
							"pre": [1.64, -25.72, 33.43],
							"post": [1.64, -25.72, 33.43],
							"lerp_mode": "catmullrom"
						},
						"0.4167": {
							"post": [-30.74661, -3.56626, 25.67061],
							"lerp_mode": "catmullrom"
						},
						"0.5417": {
							"post": [4.09, -3.25, 31.07],
							"lerp_mode": "catmullrom"
						},
						"0.9167": {
							"post": [-0.74758, -1.75867, 30.9131],
							"lerp_mode": "catmullrom"
						},
						"1.25": {
							"post": [4.09, -3.25, 31.07],
							"lerp_mode": "catmullrom"
						},
						"1.5": {
							"post": [9.56815, -18.13496, 11.78501],
							"lerp_mode": "catmullrom"
						},
						"1.7917": [0, -40.6949, 35]
					},
					"position": {
						"0.0": [0, 0, 0],
						"0.25": {
							"pre": [0, 0, 0],
							"post": [0, 0, 0],
							"lerp_mode": "catmullrom"
						},
						"0.5417": [0, 0, 0],
						"1.25": [0, 0, 0],
						"1.7917": [0, 0, 0]
					}
				},
				"arm_left_2": {
					"rotation": {
						"0.0": [155.2348, 50.4393, 153.78819],
						"0.25": {
							"pre": [-72.84106, 52.42893, -88.0296],
							"post": [-72.84106, 52.42893, -88.0296],
							"lerp_mode": "catmullrom"
						},
						"0.625": [-69.63348, 62.35762, -97.23892],
						"1.25": [-69.63348, 62.35762, -97.23892],
						"1.4583": {
							"pre": [-69.63348, 62.35762, -97.23892],
							"post": [-69.63348, 62.35762, -97.23892],
							"lerp_mode": "catmullrom"
						},
						"1.7917": [155.2348, 50.4393, 153.78819]
					},
					"position": {
						"0.0": [0, 0, 0],
						"0.25": {
							"pre": [0, 0, 0],
							"post": [0, 0, 0],
							"lerp_mode": "catmullrom"
						},
						"0.625": [0, 0, 0],
						"1.25": [0, 0, 0],
						"1.4583": {
							"pre": [0, 0, 0],
							"post": [0, 0, 0],
							"lerp_mode": "catmullrom"
						},
						"1.7917": [0, 0, 0]
					}
				},
				"arm_left_3": {
					"rotation": {
						"0.0": [90, -20, 0],
						"0.25": {
							"pre": [57.74, -11.52, 9.14],
							"post": [57.74, -11.52, 9.14],
							"lerp_mode": "catmullrom"
						},
						"0.4167": {
							"post": [2.18019, -5.45523, 15.67646],
							"lerp_mode": "catmullrom"
						},
						"0.625": [9.34, 1.21, 22.86],
						"1.25": [9.34, 1.21, 22.86],
						"1.4583": {
							"pre": [9.34, 1.21, 22.86],
							"post": [9.34, 1.21, 22.86],
							"lerp_mode": "catmullrom"
						},
						"1.7917": [90, -20, 0]
					},
					"position": {
						"0.0": [0, 0, 0],
						"0.25": {
							"pre": [0, 0, 0],
							"post": [0, 0, 0],
							"lerp_mode": "catmullrom"
						},
						"0.625": [0, 0, 0],
						"1.25": [0, 0, 0],
						"1.4583": {
							"pre": [0, 0, 0],
							"post": [0, 0, 0],
							"lerp_mode": "catmullrom"
						},
						"1.7917": [0, 0, 0]
					}
				},
				"arm_left_4": {
					"rotation": {
						"0.0": [0, 0, 55],
						"0.25": {
							"pre": [0, 0, 50],
							"post": [0, 0, 50],
							"lerp_mode": "catmullrom"
						},
						"0.625": [0, 0, 42.5],
						"1.25": [0, 0, 42.5],
						"1.4583": {
							"pre": [0, 0, 42.5],
							"post": [0, 0, 42.5],
							"lerp_mode": "catmullrom"
						},
						"1.7917": [0, 0, 55]
					},
					"position": {
						"0.0": [0, 0, 0],
						"0.25": {
							"pre": [0, 0, 0],
							"post": [0, 0, 0],
							"lerp_mode": "catmullrom"
						},
						"0.625": [0, 0, 0],
						"1.25": [0, 0, 0],
						"1.4583": {
							"pre": [0, 0, 0],
							"post": [0, 0, 0],
							"lerp_mode": "catmullrom"
						},
						"1.7917": [0, 0, 0]
					}
				},
				"elytra": {
					"rotation": {
						"0.0": [19, 0, 0],
						"0.3333": {
							"pre": [-3.5, 0, 0],
							"post": [-3.5, 0, 0],
							"lerp_mode": "catmullrom"
						},
						"0.4583": {
							"post": [19, 0, 0],
							"lerp_mode": "catmullrom"
						},
						"1.25": {
							"post": [34, 0, 0],
							"lerp_mode": "catmullrom"
						},
						"1.7917": [19, 0, 0]
					}
				},
				"wing_right": {
					"rotation": {
						"0.0": [0, -10, 0],
						"0.3333": [0, -10, 0],
						"0.9167": [0, "-30-math.sin(q.anim_time*90*64)*20", 0],
						"1.7917": [0, -10, 0]
					}
				},
				"wing_left": {
					"rotation": {
						"0.0": [0, 10, 0],
						"0.3333": [0, 10, 0],
						"0.9167": [0, "30+math.sin(q.anim_time*90*64)*20", 0],
						"1.7917": [0, 10, 0]
					}
				},
				"elytra_left": {
					"rotation": {
						"0.0": [0, 40, 0],
						"0.4167": {
							"pre": [-0.44067, 9.99038, -2.53852],
							"post": [-0.44067, 9.99038, -2.53852],
							"lerp_mode": "catmullrom"
						},
						"0.5417": {
							"post": [0, 40, 0],
							"lerp_mode": "catmullrom"
						},
						"1.25": {
							"post": [0, 60, 0],
							"lerp_mode": "catmullrom"
						},
						"1.7917": [0, 40, 0]
					}
				},
				"elytra_right": {
					"rotation": {
						"0.0": [0, -40, 0],
						"0.4167": {
							"pre": [-0.44067, -9.99038, 2.53852],
							"post": [-0.44067, -9.99038, 2.53852],
							"lerp_mode": "catmullrom"
						},
						"0.5417": {
							"post": [0, -40, 0],
							"lerp_mode": "catmullrom"
						},
						"1.25": {
							"post": [0, -60, 0],
							"lerp_mode": "catmullrom"
						},
						"1.7917": [0, -40, 0]
					}
				},
				"tail": {
					"rotation": {
						"0.125": {
							"pre": [12.4539, 1.08089, -4.88206],
							"post": [12.4539, 1.08089, -4.88206],
							"lerp_mode": "catmullrom"
						},
						"0.3333": {
							"post": [-25.0461, 0, 0],
							"lerp_mode": "catmullrom"
						},
						"0.6667": {
							"post": [24.9539, 0, 0],
							"lerp_mode": "catmullrom"
						},
						"1.0833": {
							"post": [9.9539, 0, 0],
							"lerp_mode": "catmullrom"
						},
						"1.4167": {
							"post": [24.9539, 0, 0],
							"lerp_mode": "catmullrom"
						},
						"1.7917": {
							"post": [12.4539, 1.08089, -4.88206],
							"lerp_mode": "catmullrom"
						}
					}
				},
				"leg_right": {
					"rotation": {
						"0.0": [35, 0, 20],
						"0.1667": {
							"pre": [-43.75, 0, 20],
							"post": [-43.75, 0, 20],
							"lerp_mode": "catmullrom"
						},
						"0.375": {
							"post": [-2.5, 0, 20],
							"lerp_mode": "catmullrom"
						},
						"1.25": {
							"post": [-2.5, 0, 20],
							"lerp_mode": "catmullrom"
						},
						"1.5": {
							"post": [-43.75, 0, 20],
							"lerp_mode": "catmullrom"
						},
						"1.7917": [35, 0, 20]
					},
					"position": {
						"0.0": [-1, 0, 0],
						"0.0833": [0.31851, 3.60835, 0.22317],
						"0.1667": {
							"pre": [-0.41164, 1.60215, -0.24983],
							"post": [-0.41164, 1.60215, -0.24983],
							"lerp_mode": "catmullrom"
						},
						"0.375": {
							"post": [-0.48746, 1.4082, 0.06543],
							"lerp_mode": "catmullrom"
						},
						"1.25": {
							"post": [-0.48746, 1.4082, 0.06543],
							"lerp_mode": "catmullrom"
						},
						"1.5": {
							"post": [-0.41164, 1.60215, -0.24983],
							"lerp_mode": "catmullrom"
						},
						"1.625": [0.31851, 3.60835, 0.22317],
						"1.7917": [-1, 0, 0]
					}
				},
				"leg_right_2": {
					"rotation": {
						"0.0": [0, 0, 0],
						"0.1667": {
							"pre": [80, 0, 0],
							"post": [80, 0, 0],
							"lerp_mode": "catmullrom"
						},
						"0.375": {
							"post": [15, 0, 0],
							"lerp_mode": "catmullrom"
						},
						"1.25": {
							"post": [15, 0, 0],
							"lerp_mode": "catmullrom"
						},
						"1.5": {
							"post": [80, 0, 0],
							"lerp_mode": "catmullrom"
						},
						"1.7917": [0, 0, 0]
					},
					"position": {
						"0.0": {
							"post": [0, 0, 0],
							"lerp_mode": "catmullrom"
						},
						"0.375": {
							"post": [0, 0, 0],
							"lerp_mode": "catmullrom"
						},
						"1.25": {
							"post": [0, 0, 0],
							"lerp_mode": "catmullrom"
						}
					}
				},
				"leg_left": {
					"rotation": {
						"0.0": [-30, 0, -40],
						"0.25": {
							"pre": [-2.5, 0, -20],
							"post": [-2.5, 0, -20],
							"lerp_mode": "catmullrom"
						},
						"1.25": {
							"post": [-2.5, 0, -20],
							"lerp_mode": "catmullrom"
						},
						"1.7917": [-30, 0, -40]
					},
					"position": {
						"0.0": [1, 0, 0],
						"0.25": {
							"pre": [0.48746, 1.4082, 0.06543],
							"post": [0.48746, 1.4082, 0.06543],
							"lerp_mode": "catmullrom"
						},
						"1.25": {
							"post": [0.48746, 1.4082, 0.06543],
							"lerp_mode": "catmullrom"
						},
						"1.7917": [1, 0, 0]
					}
				},
				"leg_left_2": {
					"rotation": {
						"0.0": [37.5, 0, 27.5],
						"0.25": {
							"pre": [15, 0, 0],
							"post": [15, 0, 0],
							"lerp_mode": "catmullrom"
						},
						"1.25": {
							"post": [15, 0, 0],
							"lerp_mode": "catmullrom"
						},
						"1.7917": [37.5, 0, 27.5]
					},
					"position": {
						"0.25": {
							"pre": [0, 0, 0],
							"post": [0, 0, 0],
							"lerp_mode": "catmullrom"
						},
						"1.25": {
							"post": [0, 0, 0],
							"lerp_mode": "catmullrom"
						}
					}
				}
			}
		},
		"animation.mantiverous.recoil": {
			"animation_length": 0.8333,
			"bones": {
				"body": {
					"rotation": {
						"0.0": [0, 0, 0],
						"0.25": [0, 0, 0]
					},
					"position": {
						"0.0": [0, 0, 0],
						"0.0833": [0, 0, 2],
						"0.25": [0, 0, 0]
					}
				},
				"torso": {
					"rotation": {
						"0.0": [0, 0, 0],
						"0.0833": {
							"pre": [-37.5, 0, 0],
							"post": [-37.5, 0, 0],
							"lerp_mode": "catmullrom"
						},
						"0.375": {
							"post": [0, 0, 0],
							"lerp_mode": "catmullrom"
						},
						"0.6667": [0, 0, 0]
					},
					"position": {
						"0.0": [0, 0, 0],
						"0.0833": {
							"pre": [0, 0, 0],
							"post": [0, 0, 0],
							"lerp_mode": "catmullrom"
						},
						"0.375": {
							"post": [0, 0, 0],
							"lerp_mode": "catmullrom"
						},
						"0.6667": [0, 0, 0]
					}
				},
				"head": {
					"rotation": {
						"0.0": [0, 0, 0],
						"0.0833": [1.25, 0, 0],
						"0.25": {
							"pre": [-60, 0, 0],
							"post": [-60, 0, 0],
							"lerp_mode": "catmullrom"
						},
						"0.4167": {
							"post": [22.5, 0, 0],
							"lerp_mode": "catmullrom"
						},
						"0.7083": [0, 0, 0]
					},
					"position": {
						"0.0": [0, 0, 0],
						"0.0833": [0, 0, 0],
						"0.25": {
							"pre": [-0.08509, -0.99541, 0.0439],
							"post": [-0.08509, -0.99541, 0.0439],
							"lerp_mode": "catmullrom"
						},
						"0.4167": {
							"post": [0, 0, 0],
							"lerp_mode": "catmullrom"
						},
						"0.7083": [0, 0, 0]
					}
				},
				"eyelid_right": {
					"position": {
						"0.0": [0, 0, 0],
						"0.0417": [-0.04994, -0.00064, -0.00228],
						"0.25": [-0.04994, -0.00064, -0.00228],
						"0.2917": [0, 0, 0]
					}
				},
				"eyelid_left": {
					"position": {
						"0.0": [0, 0, 0],
						"0.0417": [0.04994, -0.00064, -0.00228],
						"0.25": [0.04994, -0.00064, -0.00228],
						"0.2917": [0, 0, 0]
					}
				},
				"mouth": {
					"rotation": {
						"0.0": [0, 0, 0],
						"0.0833": [37.5, 0, 0],
						"0.25": [0, 0, 0]
					},
					"position": {
						"0.0": [0, 0, 0],
						"0.0833": [0.00263, 0.94618, -0.32363],
						"0.25": [0, 0, 0]
					}
				},
				"arm_right": {
					"rotation": {
						"0.0": [0, 0, 0],
						"0.0833": {
							"pre": [43.75, 0, 0],
							"post": [43.75, 0, 0],
							"lerp_mode": "catmullrom"
						},
						"0.3333": {
							"post": [-37.88913, 10.27059, 14.34357],
							"lerp_mode": "catmullrom"
						},
						"0.6667": [0, 0, 0]
					},
					"position": {
						"0.0": [0, 0, 0],
						"0.6667": [0, 0, 0]
					}
				},
				"arm_left": {
					"rotation": {
						"0.0": [0, 0, 0],
						"0.0833": {
							"pre": [43.75, 0, 0],
							"post": [43.75, 0, 0],
							"lerp_mode": "catmullrom"
						},
						"0.3333": {
							"post": [-58.40897, 28.61436, 23.57636],
							"lerp_mode": "catmullrom"
						},
						"0.6667": [0, 0, 0]
					},
					"position": {
						"0.0": [0, 0, 0],
						"0.6667": [0, 0, 0]
					}
				},
				"elytra": {
					"rotation": {
						"0.0": [0, 0, 0],
						"0.1667": {
							"pre": [-20, 0, 0],
							"post": [-20, 0, 0],
							"lerp_mode": "catmullrom"
						},
						"0.4167": {
							"post": [-12.31962, 0.50353, -1.86867],
							"lerp_mode": "catmullrom"
						},
						"0.5833": {
							"post": [2.68038, 0.50353, -1.86867],
							"lerp_mode": "catmullrom"
						},
						"0.8333": [0, 0, 0]
					},
					"position": {
						"0.0": [0, 0, 0],
						"0.8333": [0, 0, 0]
					}
				},
				"leg_right": {
					"rotation": {
						"0.0": [0, 0, 0],
						"0.0833": [-7.5, 0, 0],
						"0.25": [0, 0, 0]
					},
					"position": {
						"0.0": [0, 0, 0],
						"0.0833": [0, 1, 0],
						"0.25": [0, 0, 0]
					}
				},
				"leg_left": {
					"rotation": {
						"0.0": [0, 0, 0],
						"0.0833": [-7.5, 0, 0],
						"0.25": [0, 0, 0]
					},
					"position": {
						"0.0": [0, 0, 0],
						"0.25": [0, 0, 0]
					}
				}
			}
		},
		"animation.mantiverous.cry": {
			"animation_length": 1.25,
			"bones": {
				"head": {
					"rotation": {
						"0.0": [0, 0, 0],
						"0.2083": {
							"pre": [22.5, 0, 0],
							"post": [22.5, 0, 0],
							"lerp_mode": "catmullrom"
						},
						"0.4167": {
							"post": [-25, 0, 0],
							"lerp_mode": "catmullrom"
						},
						"1.0833": [0, 0, 0]
					},
					"position": {
						"0.0": [0, 0, 0],
						"1.0833": [0, 0, 0]
					}
				},
				"mouth": {
					"rotation": {
						"0.0": [0, 0, 0],
						"0.0833": [22.5, 0, 0],
						"0.2083": [0, 0, 0],
						"0.4167": [37.5, 0, 0],
						"0.875": {
							"pre": [20, 0, 0],
							"post": [20, 0, 0],
							"lerp_mode": "catmullrom"
						},
						"1.0833": [0, 0, 0]
					},
					"position": [0, 0, 0]
				}
			},
			"sound_effects": {
				"0.0": {
					"effect": "pokemon.mantiverous.cry"
				}
			}
		}
	}
}