{
	"format_version": "1.12.0",
	"minecraft:geometry": [
		{
			"description": {
				"identifier": "geometry.sludob",
				"texture_width": 64,
				"texture_height": 64,
				"visible_bounds_width": 2,
				"visible_bounds_height": 2.5,
				"visible_bounds_offset": [0, 0.75, 0]
			},
			"bones": [
				{
					"name": "sludob",
					"pivot": [0, 0, 0]
				},
				{
					"name": "bone",
					"parent": "sludob",
					"pivot": [0, 0, 0],
					"cubes": [
						{"origin": [-3, 0, -3], "size": [6, 4, 6], "uv": [0, 0]}
					]
				},
				{
					"name": "head",
					"parent": "bone",
					"pivot": [0, 2, 0],
					"cubes": [
						{"origin": [-4, 2, -4], "size": [8, 8, 8], "uv": [32, 0]},
						{"origin": [1, 6, -3], "size": [4, 5, 5], "uv": [36, 27]},
						{"origin": [-5, 6, -3], "size": [4, 5, 5], "uv": [36, 27], "mirror": true}
					]
				},
				{
					"name": "bone2",
					"parent": "bone",
					"pivot": [0, 0.1, -5],
					"cubes": [
						{"origin": [-5, 0.1, -5], "size": [10, 0, 12], "uv": [-7, 16]}
					]
				}
			]
		}
	]
}