{
	"format_version": "1.8.0",
	"animations": {
		"animation.walug.ground_idle": {
			"loop": true,
			"animation_length": 3,
			"bones": {
				"head": {
					"rotation": {
						"0.0": [0, 0, 0],
						"1.0": [-7.61435, 9.91358, -1.31845],
						"1.52": [0, 0, 0],
						"2.52": [-8.51058, -8.70205, 1.31468],
						"3.0": [0, 0, 0]
					}
				},
				"arm": {
					"rotation": {
						"0.0": [0, 22.5, 45],
						"1.0": [-8.0634, 21.07593, 23.49762],
						"1.52": [0, 22.5, 45],
						"2.52": [-8.0634, 21.07593, 23.49762],
						"3.0": [0, 22.5, 45]
					}
				},
				"arm2": {
					"rotation": {
						"0.0": [0, -22.5, -45],
						"1.0": [-8.0634, -21.07593, -23.49762],
						"1.52": [0, -22.5, -45],
						"2.52": [-8.0634, -21.07593, -23.49762],
						"3.0": [0, -22.5, -45]
					}
				}
			}
		},
		"animation.walug.ground_walk": {
			"loop": true,
			"animation_length": 0.44,
			"bones": {
				"head": {
					"rotation": {
						"0.0": [17.5, 0, 0],
						"0.24": [12.5, 0, 0],
						"0.44": [17.5, 0, 0]
					},
					"position": {
						"0.0": [0, -1, 0],
						"0.24": [0, -0.8, 0.4],
						"0.44": [0, -1, 0]
					}
				},
				"bone3": {
					"scale": {
						"0.0": [1, 1, 1],
						"0.24": [1, 1, 0.7],
						"0.44": [1, 1, 1]
					}
				},
				"arm": {
					"rotation": {
						"0.0": [0, -52.5, 35],
						"0.24": [0, -37.5, 35],
						"0.44": [0, -52.5, 35]
					},
					"position": {
						"0.0": [0, 0, 0],
						"0.24": [0, 0, 1],
						"0.44": [0, 0, 0]
					}
				},
				"arm2": {
					"rotation": {
						"0.0": [0, 52.5, -35],
						"0.24": [0, 37.5, -35],
						"0.44": [0, 52.5, -35]
					},
					"position": {
						"0.0": [0, 0, 0],
						"0.24": [0, 0, 1],
						"0.44": [0, 0, 0]
					}
				}
			}
		}
	}
}