{
	"format_version": "1.8.0",
	"animations": {
		"animation.mouna.ground_idle": {
			"loop": true,
			"animation_length": 1.92,
			"bones": {
				"head": {
					"rotation": {
						"0.0": [0, 0, 0],
						"0.48": [12.5, 0, 0],
						"0.96": [0, 0, 0],
						"1.48": [-12.5, 0, 0],
						"1.92": [0, 0, 0]
					}
				},
				"leg": {
					"rotation": {
						"0.0": [0, 0, 0],
						"0.48": [-12.5, 0, 0],
						"0.96": [0, 0, 0],
						"1.48": [0, 0, 0],
						"1.92": [0, 0, 0]
					}
				},
				"leg2": {
					"rotation": {
						"0.0": [0, 0, 0],
						"0.48": [0, 0, 0],
						"0.96": [0, 0, 0],
						"1.48": [12.5, 0, 0],
						"1.92": [0, 0, 0]
					}
				}
			}
		},
		"animation.mouna.ground_walk": {
			"loop": true,
			"animation_length": 0.96,
			"bones": {
				"head": {
					"rotation": {
						"0.0": [5, 7.5, 0],
						"0.24": [0, 0, 0],
						"0.48": [-4.99935, -7.44357, 1.30355],
						"0.72": [0, 0, 0],
						"0.96": [5, 7.5, 0]
					},
					"position": {
						"0.0": [0, 2, 0],
						"0.24": [0, 0, 0],
						"0.48": [0, 2, 0],
						"0.72": [0, 0, 0],
						"0.96": [0, 2, 0]
					}
				},
				"leg": {
					"rotation": {
						"0.0": [-20, 0, 0],
						"0.24": [0, 0, 0],
						"0.48": [20, 0, 0],
						"0.72": [0, 0, 0],
						"0.96": [-20, 0, 0]
					},
					"position": {
						"0.0": [0, 2, 0],
						"0.24": [0, 0, 0],
						"0.48": [0, 2, 0],
						"0.72": [0, 0, 0],
						"0.96": [0, 2, 0]
					}
				},
				"leg2": {
					"rotation": {
						"0.0": [20, 0, 0],
						"0.24": [0, 0, 0],
						"0.48": [-20, 0, 0],
						"0.72": [0, 0, 0],
						"0.96": [20, 0, 0]
					},
					"position": {
						"0.0": [0, 2, 0],
						"0.24": [0, 0, 0],
						"0.48": [0, 2, 0],
						"0.72": [0, 0, 0],
						"0.96": [0, 2, 0]
					}
				}
			}
		}
	}
}