{
    "type": "minecraft:archaeology",
    "pools": [
        {
            "bonus_rolls": 0.0,
            "entries": [
                {
                    "type": "minecraft:item",
                    "name": "cobblemon:everstone",
                    "weight": 8
                },
                {
                    "type": "minecraft:item",
                    "name": "cobblemon:damp_rock",
                    "weight": 8
                },
                {
                    "type": "minecraft:item",
                    "name": "cobblemon:kings_rock",
                    "weight": 5
                },
                {
                    "type": "minecraft:item",
                    "name": "cobblemon:helix_fossil",
                    "weight": 2
                },
                {
                    "type": "minecraft:item",
                    "name": "cobblemon:dome_fossil",
                    "weight": 2
                },
                {
                    "type": "minecraft:item",
                    "name": "cobblemon:claw_fossil",
                    "weight": 2
                },
                {
                    "type": "minecraft:item",
                    "name": "cobblemon:fossilized_fish",
                    "weight": 2
                },
                {
                    "type": "minecraft:item",
                    "name": "cobblemon:vivichoke_seeds",
                    "weight": 10
                },
                {
                    "type": "minecraft:loot_table",
                    "name": "lively:fossils/reef_fossil",
                    "value": "lively:fossils/reef_fossil",
                    "weight": 2
                }
            ],
            "rolls": 1.0
        }
    ],
    "random_sequence": "cobblemon:fossils/uncommon/prehistoric_enhydro_agate"
}