{
    "type": "minecraft:archaeology",
    "pools": [
        {
            "bonus_rolls": 0.0,
            "entries": [
                {
                    "type": "minecraft:item",
                    "name": "cobblemon:everstone",
                    "weight": 8
                },
                {
                    "type": "minecraft:item",
                    "name": "cobblemon:icy_rock",
                    "weight": 8
                },
                {
                    "type": "minecraft:item",
                    "name": "cobblemon:charcoal_stick",
                    "weight": 5
                },
                {
                    "type": "minecraft:item",
                    "name": "cobblemon:peat_block",
                    "weight": 5
                },
                {
                    "type": "minecraft:item",
                    "name": "cobblemon:fairy_feather",
                    "weight": 5
                },
                {
                    "type": "minecraft:item",
                    "name": "cobblemon:plume_fossil",
                    "weight": 2
                },
                {
                    "type": "minecraft:item",
                    "name": "cobblemon:fossilized_bird",
                    "weight": 2
                },
                {
                    "type": "minecraft:item",
                    "name": "cobblemon:sail_fossil",
                    "weight": 2
                },
                {
                    "type": "minecraft:item",
                    "name": "cobblemon:old_amber_fossil",
                    "weight": 2
                },
                {
                    "type": "minecraft:item",
                    "name": "cobblemon:vivichoke_seeds",
                    "weight": 10
                },
                {
                    "type": "minecraft:loot_table",
                    "name": "lively:fossils/hollow_fossil",
                    "value": "lively:fossils/hollow_fossil",
                    "weight": 2
                }
            ],
            "rolls": 1.0
        }
    ],
    "random_sequence": "cobblemon:fossils/uncommon/prehistoric_spruce_tree"
}