{
    "type": "minecraft:archaeology",
    "pools": [
        {
            "bonus_rolls": 0.0,
            "entries": [
                {
                    "type": "minecraft:item",
                    "name": "cobblemon:damp_rock",
                    "weight": 8
                },
                {
                    "type": "minecraft:item",
                    "name": "cobblemon:everstone",
                    "weight": 8
                },
                {
                    "type": "minecraft:item",
                    "name": "cobblemon:peat_block",
                    "weight": 5
                },
                {
                    "type": "minecraft:item",
                    "name": "cobblemon:dragon_fang",
                    "weight": 5
                },
                {
                    "type": "minecraft:item",
                    "name": "cobblemon:fairy_feather",
                    "weight": 5
                },
                {
                    "type": "minecraft:item",
                    "name": "cobblemon:absorb_bulb",
                    "weight": 5
                },
                {
                    "type": "minecraft:item",
                    "name": "cobblemon:fossilized_drake",
                    "weight": 2
                },
                {
                    "type": "minecraft:item",
                    "name": "cobblemon:old_amber_fossil",
                    "weight": 2
                },
                {
                    "type": "minecraft:item",
                    "name": "cobblemon:armor_fossil",
                    "weight": 2
                },
                {
                    "type": "minecraft:item",
                    "name": "cobblemon:jaw_fossil",
                    "weight": 2
                },
                {
                    "type": "minecraft:item",
                    "name": "cobblemon:vivichoke_seeds",
                    "weight": 10
                },
                {
                    "type": "minecraft:loot_table",
                    "name": "lively:fossils/reef_fossil",
                    "value": "lively:fossils/reef_fossil",
                    "weight": 2
                }
            ],
            "rolls": 1.0
        }
    ],
    "random_sequence": "cobblemon:fossils/uncommon/prehistoric_lush_den"
}