{
	"format_version": "1.8.0",
	"animations": {
		"animation.pariartz.ground_idle": {
			"loop": true,
			"animation_length": 4,
			"bones": {
				"waist": {
					"rotation": {
						"0.0": [0, 0, 0],
						"1.0": [2.5, 0, 0],
						"2.0": [0, 0, 0],
						"3.0": [2.5, 0, 0],
						"4.0": [0, 0, 0]
					}
				},
				"neck": {
					"rotation": {
						"0.0": [0, 0, 0],
						"1.0": [5, 0, 0],
						"2.0": [0, 0, 0],
						"3.0": [5, 0, 0],
						"4.0": [0, 0, 0]
					}
				},
				"head": {
					"rotation": {
						"0.0": [0, 0, 0],
						"1.0": [-5, 0, 0],
						"2.0": [0, 0, 0],
						"3.0": [-5, 0, 0],
						"4.0": [0, 0, 0]
					}
				},
				"tail1": {
					"rotation": {
						"0.0": [0, 0, 0],
						"1.0": [0, 17.5, 0],
						"2.0": [0, 0, 0],
						"3.0": [0, -17.5, 0],
						"4.0": [0, 0, 0]
					},
					"position": {
						"0.0": [0, 0, 0],
						"2.0": [0, 0, 0],
						"4.0": [0, 0, 0]
					}
				},
				"tail2": {
					"rotation": {
						"0.0": [0, 0, 0],
						"1.0": [0, 5, 0],
						"2.0": [0, 0, 0],
						"3.0": [0, -5, 0],
						"4.0": [0, 0, 0]
					},
					"position": {
						"0.0": [0, 0, 0],
						"2.0": [0, 0, 0],
						"4.0": [0, 0, 0]
					}
				},
				"tail3": {
					"rotation": {
						"0.0": [0, 0, 0],
						"1.0": [0, 7.5, 0],
						"2.0": [0, 0, 0],
						"3.0": [0, -7.5, 0],
						"4.0": [0, 0, 0]
					},
					"position": {
						"0.0": [0, 0, 0],
						"2.0": [0, 0, 0],
						"4.0": [0, 0, 0]
					}
				}
			}
		},
		"animation.pariartz.ground_walk": {
			"loop": true,
			"animation_length": 2,
			"bones": {
				"waist": {
					"rotation": {
						"0.0": [0, 0, 0],
						"0.5": [-2.5, 0, 0],
						"1.0": [0, 0, 0],
						"1.5": [-2.5, 0, 0],
						"2.0": [0, 0, 0]
					}
				},
				"neck": {
					"rotation": {
						"0.0": [0, 0, 0],
						"0.5": [-2.5, 0, 0],
						"1.0": [0, 0, 0],
						"1.5": [-2.5, 0, 0],
						"2.0": [0, 0, 0]
					}
				},
				"head": {
					"rotation": {
						"0.0": [0, 0, 0],
						"0.5": [5, 0, 0],
						"1.0": [0, 0, 0],
						"1.5": [5, 0, 0],
						"2.0": [0, 0, 0]
					}
				},
				"tail1": {
					"rotation": {
						"0.0": [0, 0, 0],
						"0.5": [0, 5, 0],
						"1.0": [0, 0, 0],
						"1.5": [0, -5, 0],
						"2.0": [0, 0, 0]
					}
				},
				"leg_front_left1": {
					"rotation": {
						"0.0": [15, 0, 0],
						"0.5": [5, 0, 0],
						"1.0": [-15, 0, 0],
						"2.0": [15, 0, 0]
					},
					"position": {
						"0.0": [0, -1, -1],
						"0.5": [0, 0.5, -1.5],
						"1.0": [0, 0, -2],
						"2.0": [0, -1, -1]
					}
				},
				"leg_front_left2": {
					"rotation": {
						"0.0": [-15, 0, 0],
						"0.5": [-2.5, 0, 0],
						"1.0": [15, 0, 0],
						"2.0": [-15, 0, 0]
					},
					"position": {
						"0.0": [0, 1, 0],
						"0.5": [0, 1.5, 0],
						"1.0": [0, 0, 0],
						"2.0": [0, 1, 0]
					}
				},
				"leg_front_right1": {
					"rotation": {
						"0.0": [-15, 0, 0],
						"1.0": [15, 0, 0],
						"2.0": [-15, 0, 0]
					},
					"position": {
						"0.0": [0, -1, 0],
						"2.0": [0, -1, 0]
					}
				},
				"leg_front_right2": {
					"rotation": {
						"0.0": [15, 0, 0],
						"1.0": [-15, 0, 0],
						"2.0": [15, 0, 0]
					},
					"position": {
						"0.0": [0, 0, 0],
						"1.0": [0, 1, 0],
						"1.5": [0, 2, 0],
						"2.0": [0, 0, 0]
					}
				},
				"leg_back_left1": {
					"rotation": {
						"0.0": [15, 0, 0],
						"1.0": [-15, 0, 0],
						"2.0": [15, 0, 0]
					},
					"position": {
						"0.0": [0, -1, 0],
						"0.5": [0, 0, 0],
						"1.0": [0, -1, 0],
						"2.0": [0, -1, 0]
					}
				},
				"leg_back_left2": {
					"rotation": {
						"0.0": [-15, 0, 0],
						"1.0": [15, 0, 0],
						"2.0": [-15, 0, 0]
					},
					"position": {
						"0.0": [0, 1, 0],
						"1.0": [0, 0, 0],
						"2.0": [0, 1, 0]
					}
				},
				"leg_back_right1": {
					"rotation": {
						"0.0": [-7.5, 0, 0],
						"1.0": [15, 0, 0],
						"2.0": [-7.5, 0, 0]
					},
					"position": {
						"0.0": [0, -1, 0],
						"1.0": [0, -1, 0],
						"1.5": [0, 0, 0],
						"2.0": [0, -1, 0]
					}
				},
				"leg_back_right2": {
					"rotation": {
						"0.0": [7.5, 0, 0],
						"1.0": [-15, 0, 0],
						"2.0": [7.5, 0, 0]
					},
					"position": {
						"0.0": [0, 0, 0],
						"1.0": [0, 1, 0],
						"2.0": [0, 0, 0]
					}
				}
			}
		},
		"animation.pariartz.battle_idle": {
			"loop": true,
			"animation_length": 4,
			"bones": {
				"waist": {
					"rotation": [5, 0, 0]
				},
				"neck": {
					"rotation": [12.5, 0, 0]
				},
				"head": {
					"rotation": {
						"0.0": [-12.5, 0, 0],
						"1.0": [-12.45392, -1.08089, -4.88206],
						"2.0": [-12.5, 0, 0],
						"3.0": [-12.45392, 1.08089, 4.88206],
						"4.0": [-12.5, 0, 0]
					}
				},
				"jaw": {
					"rotation": {
						"0.0": [0, 0, 0],
						"1.0": [15, 0, 0],
						"2.0": [0, 0, 0],
						"3.0": [15, 0, 0],
						"4.0": [0, 0, 0]
					}
				},
				"tail1": {
					"rotation": {
						"0.0": [0, 0, 0],
						"1.0": [0, 15, 0],
						"2.0": [0, 0, 0],
						"3.0": [0, -15, 0],
						"4.0": [0, 0, 0]
					}
				},
				"tail2": {
					"rotation": {
						"0.0": [0, 0, 0],
						"1.0": [0, 15, 0],
						"2.0": [0, 0, 0],
						"3.0": [0, -15, 0],
						"4.0": [0, 0, 0]
					},
					"position": {
						"0.0": [0, 0, 0],
						"1.0": [0, 0, -1],
						"2.0": [0, 0, 0],
						"3.0": [0, 0, -1],
						"4.0": [0, 0, 0]
					}
				},
				"tail3": {
					"rotation": {
						"0.0": [0, 0, 0],
						"1.0": [0, 10, 0],
						"2.0": [0, 0, 0],
						"3.0": [0, -10, 0],
						"4.0": [0, 0, 0]
					},
					"position": {
						"0.0": [0, 0, 0],
						"1.0": [0, 0, -1],
						"2.0": [0, 0, 0],
						"3.0": [0, 0, -1],
						"4.0": [0, 0, 0]
					}
				},
				"leg_front_left1": {
					"rotation": [7.5, 0, 0],
					"position": [0, -1, 0]
				},
				"leg_front_left2": {
					"rotation": [-7.5, 0, 0],
					"position": [0, 1, 0]
				},
				"leg_front_right1": {
					"rotation": [7.5, 0, 0],
					"position": [0, -1, 0]
				},
				"leg_front_right2": {
					"rotation": [-7.5, 0, 0],
					"position": [0, 1, 0]
				},
				"leg_back_right1": {
					"position": [0, 0, 0]
				}
			}
		},
		"animation.pariartz.sleep": {
			"loop": true,
			"animation_length": 4,
			"bones": {
				"pariartz": {
					"position": [0, -3, 0]
				},
				"neck": {
					"rotation": [27.5, 0, 0]
				},
				"head": {
					"rotation": {
						"0.0": [-15, 0, 0],
						"1.0": [-20, 0, 0],
						"2.0": [-15, 0, 0],
						"3.0": [-20, 0, 0],
						"4.0": [-15, 0, 0]
					}
				},
				"jaw": {
					"rotation": {
						"0.0": [0, 0, 0],
						"1.0": [7.5, 0, 0],
						"2.0": [0, 0, 0],
						"3.0": [7.5, 0, 0],
						"4.0": [0, 0, 0]
					}
				},
				"eyelid_right": {
					"position": [-0.1, 0, 0]
				},
				"eyelid_left": {
					"position": [0.1, 0, 0]
				},
				"tail1": {
					"rotation": {
						"0.0": [0, 0, 0],
						"1.0": [0, 5, 0],
						"2.0": [0, 0, 0],
						"3.0": [0, -5, 0],
						"4.0": [0, 0, 0]
					}
				},
				"leg_front_left1": {
					"rotation": [-90, 0, 0],
					"position": [0, -3, 0]
				},
				"leg_front_right1": {
					"rotation": [-90, 0, 0],
					"position": [0, -2, 0]
				},
				"leg_back_left1": {
					"rotation": [-90, 50, 0],
					"position": [0, -2, 0]
				},
				"leg_back_right1": {
					"rotation": [-90, -50, 0],
					"position": [0, -2, 0]
				}
			}
		},
		"animation.pariartz.blink": {
			"animation_length": 0.1667,
			"bones": {
				"eyelid_right": {
					"position": {
						"0.0": [-0.1, 0, 0],
						"0.125": [-0.1, 0, 0],
						"0.1667": [0, 0, 0]
					}
				},
				"eyelid_left": {
					"position": {
						"0.0": [0.1, 0, 0],
						"0.125": [0.1, 0, 0],
						"0.1667": [0, 0, 0]
					}
				}
			}
		}
	}
}