{
	"format_version": "1.12.0",
	"minecraft:geometry": [
		{
			"description": {
				"identifier": "geometry.leug",
				"texture_width": 64,
				"texture_height": 64,
				"visible_bounds_width": 3,
				"visible_bounds_height": 2.5,
				"visible_bounds_offset": [0, 0.75, 0]
			},
			"bones": [
				{
					"name": "root",
					"pivot": [0, 0, 0]
				},
				{
					"name": "body",
					"parent": "root",
					"pivot": [0, 1.75, 0],
					"cubes": [
						{"origin": [-2, 1.5, -3], "size": [4, 4, 7], "uv": [0, 0]}
					]
				},
				{
					"name": "bone8",
					"parent": "body",
					"pivot": [0, 1.75, 0],
					"cubes": [
						{"origin": [-1, 3.5, 0], "size": [2, 3, 6], "uv": [28, 1]}
					]
				},
				{
					"name": "bone7",
					"parent": "bone8",
					"pivot": [0, 1.75, 0],
					"cubes": [
						{"origin": [0, 1.5, -3], "size": [0, 8, 17], "uv": [0, 0]}
					]
				},
				{
					"name": "left1",
					"parent": "body",
					"pivot": [2, 1.75, -2],
					"cubes": [
						{"origin": [2, 2, -2.5], "size": [2, 1, 1], "uv": [10, 25]}
					]
				},
				{
					"name": "bone",
					"parent": "left1",
					"pivot": [3, 1.75, -2],
					"cubes": [
						{"origin": [3, 0, -2.5], "size": [1, 3, 1], "inflate": 0.01, "uv": [6, 25]}
					]
				},
				{
					"name": "left2",
					"parent": "body",
					"pivot": [2, 1.75, 0.5],
					"cubes": [
						{"origin": [2, 2, 0], "size": [2, 1, 1], "uv": [0, 25]}
					]
				},
				{
					"name": "bone2",
					"parent": "left2",
					"pivot": [3, 1.75, 0.5],
					"cubes": [
						{"origin": [3, 0, 0], "size": [1, 3, 1], "inflate": 0.01, "uv": [23, 0]}
					]
				},
				{
					"name": "left3",
					"parent": "body",
					"pivot": [2, 1.75, 3],
					"cubes": [
						{"origin": [2, 2, 2.5], "size": [2, 1, 1], "uv": [22, 9]}
					]
				},
				{
					"name": "bone3",
					"parent": "left3",
					"pivot": [3, 1.75, 0.5],
					"cubes": [
						{"origin": [3, 0, 2.5], "size": [1, 3, 1], "inflate": 0.01, "uv": [22, 12]}
					]
				},
				{
					"name": "right1",
					"parent": "body",
					"pivot": [-2, 1.75, -2],
					"cubes": [
						{"origin": [-4, 2, -2.5], "size": [2, 1, 1], "uv": [17, 11]}
					]
				},
				{
					"name": "bone4",
					"parent": "right1",
					"pivot": [-3, 1.75, -2],
					"cubes": [
						{"origin": [-4, 0, -2.5], "size": [1, 3, 1], "inflate": 0.01, "uv": [22, 5]}
					]
				},
				{
					"name": "right2",
					"parent": "body",
					"pivot": [-2, 1.75, 0.5],
					"cubes": [
						{"origin": [-4, 2, 0], "size": [2, 1, 1], "uv": [15, 5]}
					]
				},
				{
					"name": "bone5",
					"parent": "right2",
					"pivot": [-3, 1.75, 0.5],
					"cubes": [
						{"origin": [-4, 0, 0], "size": [1, 3, 1], "inflate": 0.01, "uv": [15, 0]}
					]
				},
				{
					"name": "right3",
					"parent": "body",
					"pivot": [-2, 1.75, 3],
					"cubes": [
						{"origin": [-4, 2, 2.5], "size": [2, 1, 1], "uv": [11, 11]}
					]
				},
				{
					"name": "bone6",
					"parent": "right3",
					"pivot": [-3, 1.75, 3],
					"cubes": [
						{"origin": [-4, 0, 2.5], "size": [1, 3, 1], "inflate": 0.01, "uv": [0, 3]}
					]
				},
				{
					"name": "head",
					"parent": "root",
					"pivot": [0, 2.45, -3.15],
					"cubes": [
						{"origin": [-2, 2.5, -6], "size": [4, 2, 3], "inflate": 0.01, "uv": [0, 11]},
						{"origin": [-2, 1.5, -6], "size": [4, 1, 3], "inflate": 0.01, "uv": [11, 13]},
						{"origin": [-1, 4.5, -7], "size": [2, 1, 4], "inflate": 0.01, "uv": [15, 0]},
						{"origin": [-1, 1.5, -7], "size": [2, 1, 1], "inflate": 0.01, "uv": [25, 11]},
						{"origin": [-1, 2.5, -7], "size": [2, 2, 1], "inflate": 0.01, "uv": [0, 0]}
					]
				}
			]
		}
	]
}