{
	"format_version": "1.8.0",
	"animations": {
		"animation.smogmatism.ground_idle": {
			"loop": true,
			"animation_length": 4,
			"bones": {
				"body": {
					"rotation": {
						"0.0": [5, 0, 0],
						"4.0": [5, 0, 0]
					},
					"position": {
						"0.0": [0, 0, 0],
						"2.0": [0, -1, 0],
						"4.0": [0, 0, 0]
					}
				},
				"smog1": {
					"scale": {
						"0.0": [1, 1, 1],
						"0.1667": [1, 1.1, 1],
						"0.4583": [1.1, 1.1, 1],
						"0.7083": [1, 1, 1],
						"1.0417": [1, 1.1, 1],
						"1.25": [1.1, 1.1, 1],
						"1.4583": [1, 1, 1],
						"1.7083": [1, 1.1, 1],
						"2.0": [1.1, 1.1, 1],
						"2.25": [1, 1, 1],
						"2.4583": [1, 1.1, 1],
						"2.6667": [1.1, 1.1, 1],
						"3.0": [1, 1, 1],
						"3.25": [1, 1.1, 1],
						"3.625": [1.1, 1.1, 1],
						"3.9583": [1, 1, 1]
					}
				},
				"smog2": {
					"position": {
						"0.0": [0, 0, 0],
						"0.125": [0, -0.5, -0.25],
						"0.5417": [0, 0, 0.25],
						"1.5": [0, 0, 0],
						"2.6667": [0, -0.5, 0],
						"4.0": [0, 0, 0]
					},
					"scale": {
						"0.0": [1, 1, 1],
						"0.25": [1, 1.1, 1],
						"0.5417": [1.1, 1.1, 1],
						"0.7917": [1, 1, 1],
						"1.0": [1, 1.1, 1],
						"1.2083": [1.1, 1.1, 1],
						"1.5": [1, 1, 1],
						"1.6667": [1, 1.1, 1],
						"1.9583": [1.1, 1.1, 1],
						"2.2083": [1, 1, 1],
						"2.5417": [1, 1.1, 1],
						"2.75": [1.1, 1.1, 1],
						"3.0": [1, 1, 1],
						"3.25": [1, 1.1, 1],
						"3.625": [1.1, 1.1, 1],
						"3.9583": [1, 1, 1],
						"4.0": [1, 1, 1]
					}
				},
				"smog3": {
					"position": {
						"0.0": [0, 0, 0],
						"2.0": [1, 1, 0],
						"4.0": [0, 0, 0]
					},
					"scale": {
						"0.0": [1, 1, 1],
						"0.375": [1.1, 1.1, 1],
						"0.625": [1, 1, 1],
						"0.8333": [1, 1.1, 1],
						"0.9583": [1, 1.1, 1],
						"1.1667": [1.1, 1.1, 1],
						"1.375": [1, 1.1, 1],
						"1.7083": [1, 1, 1],
						"2.0": [1.1, 1.1, 1],
						"2.2083": [1, 1, 1],
						"2.4583": [1, 1.1, 1],
						"2.7083": [1, 1, 1],
						"2.9583": [1.1, 1.1, 1],
						"3.25": [1, 1.1, 1],
						"3.5417": [1.1, 1.1, 1],
						"3.9583": [1, 1, 1]
					}
				},
				"eye": {
					"rotation": {
						"0.0": [0, 0, 0],
						"1.0": [0, 0, 45],
						"2.0": [0, 0, 90],
						"3.0": [0, 0, 135],
						"4.0": [0, 0, 180]
					}
				}
			}
		},
		"animation.smogmatism.ground_walk": {
			"loop": true,
			"animation_length": 1,
			"bones": {
				"head": {
					"rotation": {
						"0.0": [0, 0, 0],
						"0.5": [5, 0, 0],
						"1.0": [0, 0, 0]
					},
					"position": {
						"0.0": [0, 0, 0],
						"0.5": [0, -1, 0],
						"1.0": [0, 0, 0]
					}
				},
				"smog2": {
					"rotation": {
						"0.0": [-15, 0, 0],
						"0.25": [-25, 0, 0],
						"0.5": [-15, 0, 0],
						"0.75": [-25, 0, 0],
						"1.0": [-15, 0, 0]
					},
					"position": {
						"0.0": [0, 0, 0],
						"0.125": [0, -0.5, -0.25],
						"0.5417": [0, 0, 0.25],
						"1.0": [0, 0, 0]
					},
					"scale": {
						"0.0": [1, 1, 1],
						"0.25": [1, 1.1, 1],
						"0.5417": [1.1, 1.1, 1],
						"0.7917": [1, 1, 1],
						"1.0": [1, 1, 1]
					}
				},
				"smog3": {
					"rotation": [0, -90, 0],
					"position": {
						"0.0": [-1, 0, 4],
						"0.25": [-1, 0, 3],
						"0.7917": [-1, 1, 3.2],
						"1.0": [-1, 0, 4]
					},
					"scale": {
						"0.0": [1, 1, 1],
						"0.25": [1, 1.1, 1],
						"0.5417": [1.1, 1.1, 1],
						"0.7917": [1, 1, 1],
						"1.0": [1, 1, 1]
					}
				},
				"eye": {
					"rotation": {
						"0.0": [0, 0, 0],
						"0.5": [0, 0, 90],
						"1.0": [0, 0, 180]
					}
				}
			}
		},
		"animation.smogmatism.faint": {
			"loop": true
		},
		"animation.smogmatism.sleep": {
			"loop": true,
			"bones": {
				"head": {
					"rotation": [0, -20, 0],
					"position": [0, -5, 0]
				},
				"smog1": {
					"scale": 0
				},
				"eye": {
					"scale": 0
				}
			}
		}
	}
}