{
  "implemented": true,
  "nationalPokedexNumber": 50,
  "name": "Diglett",
  "primaryType": "ground",
  "maleRatio": 0.5,
  "height": 2,
  "weight": 8,
  "pokedex": [
    "cobblemon.species.diglett.desc"
  ],
  "labels": [
    "gen1",
    "kantonian_form"
  ],
  "aspects": [],
  "abilities": [
    "sandveil",
    "arenatrap",
    "h:sandforce"
  ],
  "eggGroups": [
    "field"
  ],
  "baseStats": {
    "hp": 10,
    "attack": 55,
    "defence": 25,
    "special_attack": 35,
    "special_defence": 45,
    "speed": 95
  },
  "evYield": {
    "hp": 0,
    "attack": 0,
    "defence": 0,
    "special_attack": 0,
    "special_defence": 0,
    "speed": 1
  },
  "baseExperienceYield": 53,
  "experienceGroup": "medium_fast",
  "catchRate": 255,
  "eggCycles": 20,
  "baseFriendship": 50,
  "features": [
    "alolan"
  ],
  "baseScale": 0.8,
  "hitbox": {
    "width": 0.5,
    "height": 0.7,
    "fixed": false
  },
  "behaviour": {
    "resting": {
      "canSleep": true,
      "light": "0-4"
    },
    "moving": {
      "swim": {
        "canSwimInWater": false,
        "avoidsWater": true
      }
    }
  },
  "drops": {
    "amount": 4,
    "entries": [
      {
        "item": "minecraft:dirt",
        "quantityRange": "0-1"
      },
      {
        "item": "minecraft:potato",
        "percentage": 2.5
      },
      {
        "item": "cobblemon:big_root",
        "percentage": 2.5
      },
      {
        "item": "cobblemon:soft_sand",
        "percentage": 2.5
      }
    ]
  },
  "moves": [
    "1:scratch",
    "1:sandattack",
    "1:magnitude",
    "4:growl",
    "8:astonish",
    "12:mudslap",
    "16:bulldoze",
    "20:suckerpunch",
    "24:slash",
    "28:sandstorm",
    "32:dig",
    "36:earthpower",
    "40:earthquake",
    "44:fissure",
    "egg:ancientpower",
    "egg:feintattack",
    "egg:finalgambit",
    "egg:headbutt",
    "egg:honeclaws",
    "egg:memento",
    "egg:mudbomb",
    "egg:pursuit",
    "tm:agility",
    "tm:allyswitch",
    "tm:ancientpower",
    "tm:assurance",
    "tm:beatup",
    "tm:bodyslam",
    "tm:bulldoze",
    "tm:charm",
    "tm:curse",
    "tm:cut",
    "tm:dig",
    "tm:doubleedge",
    "tm:earthpower",
    "tm:earthquake",
    "tm:echoedvoice",
    "tm:endeavor",
    "tm:endure",
    "tm:facade",
    "tm:foulplay",
    "tm:headbutt",
    "tm:helpinghand",
    "tm:honeclaws",
    "tm:mudshot",
    "tm:mudslap",
    "tm:protect",
    "tm:rest",
    "tm:reversal",
    "tm:rockblast",
    "tm:rockslide",
    "tm:rocksmash",
    "tm:rocktomb",
    "tm:sandstorm",
    "tm:sandtomb",
    "tm:scorchingsands",
    "tm:screech",
    "tm:shadowclaw",
    "tm:sleeptalk",
    "tm:sludgebomb",
    "tm:smackdown",
    "tm:stealthrock",
    "tm:stompingtantrum",
    "tm:stoneedge",
    "tm:substitute",
    "tm:suckerpunch",
    "tm:sunnyday",
    "tm:swordsdance",
    "tm:takedown",
    "tm:terablast",
    "tm:thief",
    "tm:throatchop",
    "tm:uproar",
    "tm:workup",
    "tutor:allyswitch",
    "tutor:ancientpower",
    "tutor:bulldoze",
    "tutor:earthpower",
    "tutor:endeavor",
    "tutor:foulplay",
    "tutor:helpinghand",
    "tutor:mudslap",
    "tutor:rest",
    "tutor:rockslide",
    "tutor:rocksmash",
    "tutor:scorchingsands",
    "tutor:shadowclaw",
    "tutor:sleeptalk",
    "tutor:sludgebomb",
    "tutor:stealthrock",
    "tutor:stompingtantrum",
    "tutor:stoneedge",
    "tutor:suckerpunch",
    "tutor:throatchop",
    "tutor:uproar"
  ],
  "evolutions": [
    {
      "id": "diglett_dugtrio",
      "variant": "level_up",
      "result": "dugtrio",
      "consumeHeldItem": false,
      "learnableMoves": [
        "sandtomb"
      ],
      "requirements": [
        {
          "variant": "level",
          "minLevel": 26
        }
      ]
    },
    {
      "id": "diglett_dugtriotokyo2",
      "variant": "level_up",
      "result": "dugtrio tokyo2",
      "consumeHeldItem": false,
      "learnableMoves": [
        "sandtomb"
      ],
      "requirements": [
        {
          "variant": "level",
          "minLevel": 26
        }
      ]
    }
  ],
  "forms": [
    {
      "name": "Alola",
      "primaryType": "ground",
      "secondaryType": "steel",
      "maleRatio": 0.5,
      "height": 2,
      "weight": 10,
      "pokedex": [
        "cobblemon.species.diglett-alola.desc"
      ],
      "labels": [
        "gen7",
        "alolan_form"
      ],
      "aspects": [
        "alolan"
      ],
      "abilities": [
        "sandveil",
        "tanglinghair",
        "h:sandforce"
      ],
      "baseStats": {
        "hp": 10,
        "attack": 55,
        "defence": 30,
        "special_attack": 35,
        "special_defence": 45,
        "speed": 90
      },
      "moves": [
        "1:sandattack",
        "1:metalclaw",
        "1:magnitude",
        "4:growl",
        "8:astonish",
        "12:mudslap",
        "16:bulldoze",
        "20:suckerpunch",
        "24:ironhead",
        "28:sandstorm",
        "32:dig",
        "36:earthpower",
        "40:earthquake",
        "44:fissure",
        "egg:ancientpower",
        "egg:feintattack",
        "egg:finalgambit",
        "egg:headbutt",
        "egg:honeclaws",
        "egg:memento",
        "egg:metalsound",
        "egg:mudbomb",
        "egg:pursuit",
        "egg:thrash",
        "tm:agility",
        "tm:allyswitch",
        "tm:ancientpower",
        "tm:assurance",
        "tm:beatup",
        "tm:bodyslam",
        "tm:bulldoze",
        "tm:charm",
        "tm:dig",
        "tm:earthpower",
        "tm:earthquake",
        "tm:echoedvoice",
        "tm:endure",
        "tm:facade",
        "tm:flashcannon",
        "tm:foulplay",
        "tm:headbutt",
        "tm:helpinghand",
        "tm:honeclaws",
        "tm:irondefense",
        "tm:ironhead",
        "tm:metalclaw",
        "tm:metalsound",
        "tm:mudshot",
        "tm:mudslap",
        "tm:protect",
        "tm:rest",
        "tm:reversal",
        "tm:rockblast",
        "tm:rockslide",
        "tm:rocktomb",
        "tm:sandstorm",
        "tm:sandtomb",
        "tm:scaryface",
        "tm:scorchingsands",
        "tm:screech",
        "tm:shadowclaw",
        "tm:sleeptalk",
        "tm:sludgebomb",
        "tm:smackdown",
        "tm:stealthrock",
        "tm:steelbeam",
        "tm:stompingtantrum",
        "tm:stoneedge",
        "tm:substitute",
        "tm:suckerpunch",
        "tm:sunnyday",
        "tm:swordsdance",
        "tm:takedown",
        "tm:terablast",
        "tm:thief",
        "tm:workup",
        "tutor:allyswitch",
        "tutor:ancientpower",
        "tutor:bulldoze",
        "tutor:earthpower",
        "tutor:flashcannon",
        "tutor:foulplay",
        "tutor:helpinghand",
        "tutor:irondefense",
        "tutor:ironhead",
        "tutor:mudslap",
        "tutor:rest",
        "tutor:rockslide",
        "tutor:scorchingsands",
        "tutor:shadowclaw",
        "tutor:sleeptalk",
        "tutor:sludgebomb",
        "tutor:stealthrock",
        "tutor:steelbeam",
        "tutor:stompingtantrum",
        "tutor:stoneedge",
        "tutor:suckerpunch"
      ],
      "evolutions": [
        {
          "id": "diglett_dugtrioalola",
          "variant": "level_up",
          "result": "dugtrio alolan",
          "consumeHeldItem": false,
          "learnableMoves": [
            "sandtomb"
          ],
          "requirements": [
            {
              "variant": "level",
              "minLevel": 26
            }
          ]
        }
      ],
      "battleOnly": false,
      "drops": {
        "amount": 4,
        "entries": [
          {
            "item": "minecraft:coarse_dirt",
            "quantityRange": "0-1"
          },
          {
            "item": "minecraft:potato",
            "percentage": 2.5
          },
          {
            "item": "cobblemon:big_root",
            "percentage": 2.5
          },
          {
            "item": "cobblemon:soft_sand",
            "percentage": 2.5
          }
        ]
      }
    }
  ]
}