{
  "implemented": true,
  "nationalPokedexNumber": 51,
  "name": "Dugtrio",
  "primaryType": "ground",
  "maleRatio": 0.5,
  "height": 7,
  "weight": 333,
  "pokedex": [
    "cobblemon.species.dugtrio.desc"
  ],
  "labels": [
    "gen1",
    "kantonian_form"
  ],
  "aspects": [],
  "abilities": [
    "sandveil",
    "arenatrap",
    "h:sandforce"
  ],
  "eggGroups": [
    "field"
  ],
  "baseStats": {
    "hp": 35,
    "attack": 100,
    "defence": 50,
    "special_attack": 50,
    "special_defence": 70,
    "speed": 120
  },
  "evYield": {
    "hp": 0,
    "attack": 0,
    "defence": 0,
    "special_attack": 0,
    "special_defence": 0,
    "speed": 2
  },
  "baseExperienceYield": 149,
  "experienceGroup": "medium_fast",
  "catchRate": 50,
  "eggCycles": 20,
  "baseFriendship": 50,
  "features": [
    "alolan",
    "tokyo2"
  ],
  "baseScale": 0.8,
  "hitbox": {
    "width": 1.05,
    "height": 1.1,
    "fixed": false
  },
  "behaviour": {
    "resting": {
      "canSleep": true,
      "light": "0-4"
    },
    "moving": {
      "swim": {
        "canSwimInWater": false,
        "avoidsWater": true
      }
    }
  },
  "drops": {
    "amount": 5,
    "entries": [
      {
        "item": "minecraft:dirt",
        "quantityRange": "0-2"
      },
      {
        "item": "minecraft:potato",
        "percentage": 5.0
      },
      {
        "item": "cobblemon:big_root",
        "percentage": 5.0
      },
      {
        "item": "cobblemon:soft_sand",
        "percentage": 5.0
      }
    ]
  },
  "moves": [
    "1:nightslash",
    "1:triattack",
    "1:scratch",
    "1:sandattack",
    "1:growl",
    "1:astonish",
    "1:magnitude",
    "1:sandtomb",
    "1:mudbomb",
    "1:rototiller",
    "12:mudslap",
    "16:bulldoze",
    "20:suckerpunch",
    "24:slash",
    "30:sandstorm",
    "36:dig",
    "42:earthpower",
    "48:earthquake",
    "54:fissure",
    "egg:ancientpower",
    "egg:feintattack",
    "egg:finalgambit",
    "egg:headbutt",
    "egg:honeclaws",
    "egg:memento",
    "egg:mudbomb",
    "egg:pursuit",
    "tm:agility",
    "tm:allyswitch",
    "tm:ancientpower",
    "tm:assurance",
    "tm:beatup",
    "tm:bodyslam",
    "tm:bulldoze",
    "tm:charm",
    "tm:curse",
    "tm:cut",
    "tm:dig",
    "tm:doubleedge",
    "tm:earthpower",
    "tm:earthquake",
    "tm:echoedvoice",
    "tm:endeavor",
    "tm:endure",
    "tm:facade",
    "tm:foulplay",
    "tm:gigaimpact",
    "tm:headbutt",
    "tm:helpinghand",
    "tm:honeclaws",
    "tm:hyperbeam",
    "tm:mudshot",
    "tm:mudslap",
    "tm:protect",
    "tm:rest",
    "tm:reversal",
    "tm:rockblast",
    "tm:rockslide",
    "tm:rocksmash",
    "tm:rocktomb",
    "tm:sandstorm",
    "tm:sandtomb",
    "tm:scorchingsands",
    "tm:screech",
    "tm:shadowclaw",
    "tm:sleeptalk",
    "tm:sludgebomb",
    "tm:sludgewave",
    "tm:smackdown",
    "tm:stealthrock",
    "tm:stompingtantrum",
    "tm:stoneedge",
    "tm:substitute",
    "tm:suckerpunch",
    "tm:sunnyday",
    "tm:swordsdance",
    "tm:takedown",
    "tm:terablast",
    "tm:thief",
    "tm:throatchop",
    "tm:triattack",
    "tm:uproar",
    "tm:workup",
    "tutor:allyswitch",
    "tutor:ancientpower",
    "tutor:bulldoze",
    "tutor:earthpower",
    "tutor:endeavor",
    "tutor:foulplay",
    "tutor:gigaimpact",
    "tutor:helpinghand",
    "tutor:hyperbeam",
    "tutor:mudslap",
    "tutor:rest",
    "tutor:rockslide",
    "tutor:rocksmash",
    "tutor:scorchingsands",
    "tutor:shadowclaw",
    "tutor:sleeptalk",
    "tutor:sludgebomb",
    "tutor:stealthrock",
    "tutor:stompingtantrum",
    "tutor:stoneedge",
    "tutor:suckerpunch",
    "tutor:throatchop",
    "tutor:uproar"
  ],
  "preEvolution": "diglett",
  "evolutions": [],
  "forms": [
    {
      "name": "Alola",
      "primaryType": "ground",
      "secondaryType": "steel",
      "maleRatio": 0.5,
      "height": 7,
      "weight": 666,
      "pokedex": [
        "cobblemon.species.dugtrio-alola.desc"
      ],
      "labels": [
        "gen7",
        "alolan_form"
      ],
      "aspects": [
        "alolan"
      ],
      "abilities": [
        "sandveil",
        "tanglinghair",
        "h:sandforce"
      ],
      "baseStats": {
        "hp": 35,
        "attack": 100,
        "defence": 60,
        "special_attack": 50,
        "special_defence": 70,
        "speed": 110
      },
      "evYield": {
        "hp": 0,
        "attack": 2,
        "defence": 0,
        "special_attack": 0,
        "special_defence": 0,
        "speed": 0
      },
      "moves": [
        "1:sandtomb",
        "1:rototiller",
        "1:nightslash",
        "1:triattack",
        "1:sandattack",
        "1:metalclaw",
        "1:growl",
        "1:astonish",
        "1:magnitude",
        "1:mudbomb",
        "12:mudslap",
        "16:bulldoze",
        "20:suckerpunch",
        "24:ironhead",
        "30:sandstorm",
        "36:dig",
        "42:earthpower",
        "48:earthquake",
        "54:fissure",
        "egg:ancientpower",
        "egg:feintattack",
        "egg:finalgambit",
        "egg:headbutt",
        "egg:honeclaws",
        "egg:memento",
        "egg:metalsound",
        "egg:mudbomb",
        "egg:pursuit",
        "egg:thrash",
        "tm:agility",
        "tm:allyswitch",
        "tm:ancientpower",
        "tm:assurance",
        "tm:beatup",
        "tm:bodyslam",
        "tm:bulldoze",
        "tm:charm",
        "tm:curse",
        "tm:dig",
        "tm:doubleedge",
        "tm:earthpower",
        "tm:earthquake",
        "tm:echoedvoice",
        "tm:endeavor",
        "tm:endure",
        "tm:facade",
        "tm:flashcannon",
        "tm:foulplay",
        "tm:gigaimpact",
        "tm:headbutt",
        "tm:helpinghand",
        "tm:honeclaws",
        "tm:hyperbeam",
        "tm:irondefense",
        "tm:ironhead",
        "tm:metalclaw",
        "tm:metalsound",
        "tm:mudshot",
        "tm:mudslap",
        "tm:protect",
        "tm:rest",
        "tm:reversal",
        "tm:rockblast",
        "tm:rockslide",
        "tm:rocktomb",
        "tm:sandstorm",
        "tm:sandtomb",
        "tm:scaryface",
        "tm:scorchingsands",
        "tm:screech",
        "tm:shadowclaw",
        "tm:sleeptalk",
        "tm:sludgebomb",
        "tm:sludgewave",
        "tm:smackdown",
        "tm:stealthrock",
        "tm:steelbeam",
        "tm:stompingtantrum",
        "tm:stoneedge",
        "tm:substitute",
        "tm:suckerpunch",
        "tm:sunnyday",
        "tm:swordsdance",
        "tm:takedown",
        "tm:terablast",
        "tm:thief",
        "tm:throatchop",
        "tm:triattack",
        "tm:uproar",
        "tm:workup",
        "tutor:allyswitch",
        "tutor:ancientpower",
        "tutor:bulldoze",
        "tutor:earthpower",
        "tutor:endeavor",
        "tutor:flashcannon",
        "tutor:foulplay",
        "tutor:gigaimpact",
        "tutor:helpinghand",
        "tutor:hyperbeam",
        "tutor:irondefense",
        "tutor:ironhead",
        "tutor:mudslap",
        "tutor:rest",
        "tutor:rockslide",
        "tutor:scorchingsands",
        "tutor:shadowclaw",
        "tutor:sleeptalk",
        "tutor:sludgebomb",
        "tutor:stealthrock",
        "tutor:steelbeam",
        "tutor:stompingtantrum",
        "tutor:stoneedge",
        "tutor:suckerpunch",
        "tutor:throatchop",
        "tutor:uproar"
      ],
      "preEvolution": "diglett alolan",
      "evolutions": [],
      "battleOnly": false,
      "drops": {
        "amount": 5,
        "entries": [
          {
            "item": "minecraft:coarse_dirt",
            "quantityRange": "0-2"
          },
          {
            "item": "minecraft:potato",
            "percentage": 5.0
          },
          {
            "item": "cobblemon:big_root",
            "percentage": 5.0
          },
          {
            "item": "cobblemon:soft_sand",
            "percentage": 5.0
          }
        ]
      }
    },
    {
      "name": "Tokyo2",
      "primaryType": "ground",
      "secondaryType": "steel",
      "maleRatio": 0.5,
      "height": 7,
      "weight": 666,
      "pokedex": [
        "cobblemon.species.dugtrio-tokyo2.desc"
      ],
      "labels": [],
      "aspects": [
        "tokyo2"
      ],
      "abilities": [
        "sandveil",
        "tanglinghair",
        "h:sandforce"
      ],
      "baseStats": {
        "hp": 35,
        "attack": 100,
        "defence": 60,
        "special_attack": 50,
        "special_defence": 70,
        "speed": 110
      },
      "evYield": {
        "hp": 0,
        "attack": 2,
        "defence": 0,
        "special_attack": 0,
        "special_defence": 0,
        "speed": 0
      },
      "moves": [
        "1:sandtomb",
        "1:rototiller",
        "1:nightslash",
        "1:triattack",
        "1:sandattack",
        "1:metalclaw",
        "1:growl",
        "1:astonish",
        "1:magnitude",
        "1:mudbomb",
        "12:mudslap",
        "16:bulldoze",
        "20:suckerpunch",
        "24:ironhead",
        "30:sandstorm",
        "36:dig",
        "42:earthpower",
        "48:earthquake",
        "54:fissure",
        "egg:ancientpower",
        "egg:feintattack",
        "egg:finalgambit",
        "egg:headbutt",
        "egg:honeclaws",
        "egg:memento",
        "egg:metalsound",
        "egg:mudbomb",
        "egg:pursuit",
        "egg:thrash",
        "tm:agility",
        "tm:allyswitch",
        "tm:ancientpower",
        "tm:assurance",
        "tm:beatup",
        "tm:bodyslam",
        "tm:bulldoze",
        "tm:charm",
        "tm:curse",
        "tm:dig",
        "tm:doubleedge",
        "tm:earthpower",
        "tm:earthquake",
        "tm:echoedvoice",
        "tm:endeavor",
        "tm:endure",
        "tm:facade",
        "tm:flashcannon",
        "tm:foulplay",
        "tm:gigaimpact",
        "tm:headbutt",
        "tm:helpinghand",
        "tm:honeclaws",
        "tm:hyperbeam",
        "tm:irondefense",
        "tm:ironhead",
        "tm:metalclaw",
        "tm:metalsound",
        "tm:mudshot",
        "tm:mudslap",
        "tm:protect",
        "tm:rest",
        "tm:reversal",
        "tm:rockblast",
        "tm:rockslide",
        "tm:rocktomb",
        "tm:sandstorm",
        "tm:sandtomb",
        "tm:scaryface",
        "tm:scorchingsands",
        "tm:screech",
        "tm:shadowclaw",
        "tm:sleeptalk",
        "tm:sludgebomb",
        "tm:sludgewave",
        "tm:smackdown",
        "tm:stealthrock",
        "tm:steelbeam",
        "tm:stompingtantrum",
        "tm:stoneedge",
        "tm:substitute",
        "tm:suckerpunch",
        "tm:sunnyday",
        "tm:swordsdance",
        "tm:takedown",
        "tm:terablast",
        "tm:thief",
        "tm:throatchop",
        "tm:triattack",
        "tm:uproar",
        "tm:workup",
        "tutor:allyswitch",
        "tutor:ancientpower",
        "tutor:bulldoze",
        "tutor:earthpower",
        "tutor:endeavor",
        "tutor:flashcannon",
        "tutor:foulplay",
        "tutor:gigaimpact",
        "tutor:helpinghand",
        "tutor:hyperbeam",
        "tutor:irondefense",
        "tutor:ironhead",
        "tutor:mudslap",
        "tutor:rest",
        "tutor:rockslide",
        "tutor:scorchingsands",
        "tutor:shadowclaw",
        "tutor:sleeptalk",
        "tutor:sludgebomb",
        "tutor:stealthrock",
        "tutor:steelbeam",
        "tutor:stompingtantrum",
        "tutor:stoneedge",
        "tutor:suckerpunch",
        "tutor:throatchop",
        "tutor:uproar"
      ],
      "preEvolution": "diglett",
      "evolutions": [],
      "battleOnly": false,
      "drops": {
        "amount": 5,
        "entries": [
          {
            "item": "minecraft:coarse_dirt",
            "quantityRange": "0-2"
          },
          {
            "item": "minecraft:potato",
            "percentage": 5.0
          },
          {
            "item": "cobblemon:big_root",
            "percentage": 5.0
          },
          {
            "item": "cobblemon:soft_sand",
            "percentage": 5.0
          }
        ]
      }
    }
  ]
}