{
 "species": "cobblemon:phantomare",
 "order": 0,
 "variations": [
   {
     "aspects": [],
     "poser": "cobblemon:phantomare",
     "model": "cobblemon:phantomare.geo",
     "texture": "cobblemon:textures/pokemon/phantomare/phantomare.png",
     "layers": [
		        {
              "name": "emissive",
              "emissive": true,
              "texture": "cobblemon:textures/pokemon/phantomare/phantomare_emissive.png",
              "translucent": true
			}
		]
   },
   {
     "aspects": [
       "shiny"
     ],
     "texture": "cobblemon:textures/pokemon/phantomare/phantomare_shiny.png",
	  "layers": [
		        {
              "name": "emissive",
              "emissive": true,
              "texture": "cobblemon:textures/pokemon/phantomare/phantomare_shiny_emissive.png",
              "translucent": true
			}
		]
   }
 ]
}