{
	"format_version": "1.8.0",
	"animations": {
		"animation.paragizo.ground_idle": {
			"loop": true,
			"animation_length": 3.96,
			"bones": {
				"head": {
					"rotation": {
						"0.0": [0, 0, 0],
						"0.96": [0, 0, 10],
						"1.96": [0, 0, 0],
						"2.96": [0, 0, -10],
						"3.96": [0, 0, 0]
					},
					"position": {
						"0.0": [0, 1, 0],
						"0.96": [0, 4, 0],
						"1.96": [0, 1, 0],
						"2.96": [0, -2, 0],
						"3.96": [0, 1, 0]
					}
				},
				"bone": {
					"rotation": {
						"0.0": [0, 0, 0],
						"0.96": [0, 0, -10],
						"1.96": [0, 0, 0],
						"2.96": [0, 0, 14.6],
						"3.96": [0, 0, 0]
					}
				},
				"bone2": {
					"rotation": {
						"0.0": [0, 0, 0],
						"0.96": [0, 0, -15],
						"1.96": [0, 0, 0],
						"2.96": [0, 0, 10],
						"3.96": [0, 0, 0]
					}
				},
				"bone3": {
					"rotation": {
						"0.0": [0, 0, 0],
						"0.96": [0, 0, -10],
						"1.96": [0, 0, 0],
						"2.96": [0, 0, 14.6],
						"3.96": [0, 0, 0]
					}
				},
				"bone4": {
					"rotation": {
						"0.0": [0, 0, 0],
						"0.96": [0, 0, -15],
						"1.96": [0, 0, 0],
						"2.96": [0, 0, 10],
						"3.96": [0, 0, 0]
					}
				},
				"tail": {
					"rotation": {
						"0.0": [0, 0, 0],
						"0.96": [0, 0, 17.5],
						"1.96": [0, 0, 0],
						"2.96": [0, 0, -17.5],
						"3.96": [0, 0, 0]
					},
					"position": {
						"0.0": [0, 1, 0],
						"0.96": [0, 4, 0],
						"1.96": [0, 1, 0],
						"2.96": [0, -2, 0],
						"3.96": [0, 1, 0]
					}
				}
			}
		},
		"animation.paragizo.ground_walk": {
			"loop": true,
			"animation_length": 0.96,
			"bones": {
				"head": {
					"rotation": {
						"0.0": [0, 0, 0],
						"0.24": [0.98448, -7.43547, -7.56397],
						"0.48": [0, 0, 0],
						"0.72": [0.96721, 7.30757, 7.68862],
						"0.96": [0, 0, 0]
					},
					"position": {
						"0.0": [0, 0, 0],
						"0.24": [0, -1, 0],
						"0.48": [0, 0, 0],
						"0.72": [0, -1, 0],
						"0.96": [0, 0, 0]
					}
				},
				"bone": {
					"rotation": {
						"0.0": [0, 0, 0],
						"0.24": [0, 0, 7.5],
						"0.48": [0, 0, 0],
						"0.72": [0, 0, -7.5],
						"0.84": [0, 0, -10],
						"0.96": [0, 0, 0]
					}
				},
				"bone2": {
					"rotation": {
						"0.0": [0, 0, 0],
						"0.24": [0, 0, 7.5],
						"0.36": [0, 0, 10],
						"0.48": [0, 0, 0],
						"0.72": [0, 0, -7.5],
						"0.96": [0, 0, 0]
					}
				},
				"bone3": {
					"rotation": {
						"0.0": [0, 0, 0],
						"0.24": [0, 0, 7.5],
						"0.36": [0, 0, 10],
						"0.48": [0, 0, 0],
						"0.72": [0, 0, -7.5],
						"0.96": [0, 0, 0]
					}
				},
				"bone4": {
					"rotation": {
						"0.0": [0, 0, 0],
						"0.24": [0, 0, 7.5],
						"0.48": [0, 0, 0],
						"0.72": [0, 0, -7.5],
						"0.84": [0, 0, -10],
						"0.96": [0, 0, 0]
					}
				},
				"tail": {
					"rotation": {
						"0.0": [32.5, 0, 0],
						"0.24": [40, 0, 0],
						"0.48": [35, 0, 0],
						"0.72": [40, 0, 0],
						"0.96": [32.5, 0, 0]
					},
					"position": {
						"0.0": [0, 1, 0],
						"0.24": [0, 0, 0],
						"0.48": [0, 1, 0],
						"0.72": [0, 0, 0],
						"0.96": [0, 1, 0]
					}
				}
			}
		}
	}
}