{
	"format_version": "1.12.0",
	"minecraft:geometry": [
		{
			"description": {
				"identifier": "geometry.unknown",
				"texture_width": 64,
				"texture_height": 64,
				"visible_bounds_width": 3,
				"visible_bounds_height": 3.5,
				"visible_bounds_offset": [0, 1.25, 0]
			},
			"bones": [
				{
					"name": "lumintail",
					"pivot": [0, 0, 0]
				},
				{
					"name": "body",
					"parent": "lumintail",
					"pivot": [0, 0, 0]
				},
				{
					"name": "legs",
					"parent": "body",
					"pivot": [-1.15, 1, 0]
				},
				{
					"name": "leg_right",
					"parent": "legs",
					"pivot": [-1.15, 1, 0],
					"cubes": [
						{"origin": [-2.15, 0, -1], "size": [2, 2, 2], "uv": [13, 52]}
					]
				},
				{
					"name": "leg_left",
					"parent": "legs",
					"pivot": [1.15, 1, 0],
					"cubes": [
						{"origin": [0.15, 0, -1], "size": [2, 2, 2], "uv": [4, 52], "mirror": true}
					]
				},
				{
					"name": "torso",
					"parent": "body",
					"pivot": [0, 2.9, 0]
				},
				{
					"name": "chest",
					"parent": "torso",
					"pivot": [0, 2.85, 0],
					"cubes": [
						{"origin": [-1.5, 2.85, -1.5], "size": [3, 2, 3], "uv": [0, 11]},
						{"origin": [-0.85, 2.7, -1.75], "size": [1, 2, 1], "pivot": [-0.35, 3.7, -1.25], "rotation": [0, 0, -45], "uv": [24, 26]},
						{"origin": [-0.43579, 2.99289, -1.75], "size": [1, 1, 1], "pivot": [1.06421, 2.99289, -1.25], "rotation": [0, 0, 45], "uv": [24, 26], "mirror": true},
						{"origin": [-0.15, 2.7, -1.75], "size": [1, 2, 1], "pivot": [0.35, 3.7, -1.25], "rotation": [0, 0, 45], "uv": [24, 26], "mirror": true},
						{"origin": [-0.56421, 2.99289, -1.75], "size": [1, 1, 1], "pivot": [-1.06421, 2.99289, -1.25], "rotation": [0, 0, -45], "uv": [24, 26]}
					]
				},
				{
					"name": "head",
					"parent": "chest",
					"pivot": [0, 4.75, 0],
					"cubes": [
						{"origin": [-3.5, 4.75, -3], "size": [7, 6, 6], "uv": [32, 15]},
						{"origin": [-1.5, 10.45, -1.5], "size": [3, 1, 3], "inflate": 0.2, "uv": [0, 21]},
						{"origin": [-1, 9.5, -1], "size": [2, 1, 2], "uv": [24, 0]}
					]
				},
				{
					"name": "tails",
					"parent": "head",
					"pivot": [1.6, 0, 0]
				},
				{
					"name": "tail_head_right",
					"parent": "tails",
					"pivot": [4.4, -1.75, -2]
				},
				{
					"name": "joint_right1",
					"parent": "tail_head_right",
					"pivot": [-0.1, 11.75, 0.5],
					"cubes": [
						{"origin": [-1.1, 9.25, 0], "size": [1, 2, 1], "uv": [46, 49], "mirror": true}
					]
				},
				{
					"name": "joint_right2",
					"parent": "joint_right1",
					"pivot": [-0.60002, 11.64963, 0.49431],
					"cubes": [
						{"origin": [-1.10002, 11.24963, -0.00569], "size": [1, 2, 1], "uv": [38, 40], "mirror": true}
					]
				},
				{
					"name": "joint_right3",
					"parent": "joint_right2",
					"pivot": [-0.60002, 13.24963, 0.49431],
					"cubes": [
						{"origin": [-1.60002, 13.24963, -0.00569], "size": [2, 2, 1], "uv": [40, 49], "mirror": true}
					]
				},
				{
					"name": "joint_right4",
					"parent": "joint_right3",
					"pivot": [-0.60002, 15.24963, 0.49431],
					"cubes": [
						{"origin": [-1.60002, 15.24963, -0.00569], "size": [2, 2, 1], "uv": [34, 49], "mirror": true}
					]
				},
				{
					"name": "joint_right5",
					"parent": "joint_right4",
					"pivot": [-0.60002, 17.24963, 0.49431],
					"cubes": [
						{"origin": [-1.60002, 17.24963, -0.00569], "size": [2, 2, 1], "uv": [28, 49], "mirror": true}
					]
				},
				{
					"name": "joint_right6",
					"parent": "joint_right5",
					"pivot": [-0.60002, 19.24963, 0.49431],
					"cubes": [
						{"origin": [-1.60002, 19.24963, -0.00569], "size": [2, 2, 1], "uv": [43, 43], "mirror": true}
					]
				},
				{
					"name": "joint_right7",
					"parent": "joint_right6",
					"pivot": [-0.60002, 21.24963, 0.49431],
					"cubes": [
						{"origin": [-1.10002, 21.24963, -0.00569], "size": [1, 2, 1], "uv": [48, 47], "mirror": true}
					]
				},
				{
					"name": "joint_right8",
					"parent": "joint_right7",
					"pivot": [-0.60002, 23.24963, 0.49431],
					"cubes": [
						{"origin": [-1.10002, 23.24963, -0.00569], "size": [1, 2, 1], "uv": [40, 47], "mirror": true}
					]
				},
				{
					"name": "joint_right9",
					"parent": "joint_right8",
					"pivot": [-0.60002, 25.24963, 0.49431],
					"cubes": [
						{"origin": [-2.10002, 24.74963, -1.00569], "size": [3, 3, 0], "uv": [58, 50], "mirror": true},
						{"origin": [-1.60002, 25.24963, -0.50569], "size": [2, 2, 2], "uv": [50, 51], "mirror": true},
						{"origin": [-2.10002, 24.74963, -1.00569], "size": [0, 3, 3], "uv": [58, 50], "mirror": true},
						{"origin": [-2.10002, 24.74963, -1.00569], "size": [3, 0, 3], "uv": [55, 47], "mirror": true},
						{"origin": [-2.10002, 27.74963, -1.00569], "size": [3, 0, 3], "uv": [49, 47], "mirror": true},
						{"origin": [0.89998, 24.74963, -1.00569], "size": [0, 3, 3], "uv": [58, 53], "mirror": true},
						{"origin": [-2.10002, 24.74963, 1.99431], "size": [3, 3, 0], "uv": [52, 56], "mirror": true}
					]
				},
				{
					"name": "tail_head_left",
					"parent": "tails",
					"pivot": [-4.4, -1.75, -2]
				},
				{
					"name": "joint_left1",
					"parent": "tail_head_left",
					"pivot": [0.1, 11.75, 0.5],
					"cubes": [
						{"origin": [0.1, 9.25, 0], "size": [1, 2, 1], "uv": [46, 49]}
					]
				},
				{
					"name": "joint_left2",
					"parent": "joint_left1",
					"pivot": [0.60002, 11.64963, 0.49431],
					"cubes": [
						{"origin": [0.10002, 11.24963, -0.00569], "size": [1, 2, 1], "uv": [38, 40]}
					]
				},
				{
					"name": "joint_left3",
					"parent": "joint_left2",
					"pivot": [0.60002, 13.24963, 0.49431],
					"cubes": [
						{"origin": [-0.39998, 13.24963, -0.00569], "size": [2, 2, 1], "uv": [40, 49]}
					]
				},
				{
					"name": "joint_left4",
					"parent": "joint_left3",
					"pivot": [0.60002, 15.24963, 0.49431],
					"cubes": [
						{"origin": [-0.39998, 15.24963, -0.00569], "size": [2, 2, 1], "uv": [34, 49]}
					]
				},
				{
					"name": "joint_left5",
					"parent": "joint_left4",
					"pivot": [0.60002, 17.24963, 0.49431],
					"cubes": [
						{"origin": [-0.39998, 17.24963, -0.00569], "size": [2, 2, 1], "uv": [28, 49]}
					]
				},
				{
					"name": "joint_left6",
					"parent": "joint_left5",
					"pivot": [0.60002, 19.24963, 0.49431],
					"cubes": [
						{"origin": [-0.39998, 19.24963, -0.00569], "size": [2, 2, 1], "uv": [43, 43]}
					]
				},
				{
					"name": "joint_left7",
					"parent": "joint_left6",
					"pivot": [0.60002, 21.24963, 0.49431],
					"cubes": [
						{"origin": [0.10002, 21.24963, -0.00569], "size": [1, 2, 1], "uv": [48, 47]}
					]
				},
				{
					"name": "joint_left8",
					"parent": "joint_left7",
					"pivot": [0.60002, 23.24963, 0.49431],
					"cubes": [
						{"origin": [0.10002, 23.24963, -0.00569], "size": [1, 2, 1], "uv": [40, 47]}
					]
				},
				{
					"name": "joint_left9",
					"parent": "joint_left8",
					"pivot": [0.60002, 25.24963, 0.49431],
					"cubes": [
						{"origin": [-0.39998, 25.24963, -0.50569], "size": [2, 2, 2], "uv": [50, 51]},
						{"origin": [-0.89998, 24.74963, -1.00569], "size": [3, 3, 0], "uv": [58, 50]},
						{"origin": [2.10002, 24.74963, -1.00569], "size": [0, 3, 3], "uv": [58, 50]},
						{"origin": [-0.89998, 24.74963, -1.00569], "size": [3, 0, 3], "uv": [55, 47]},
						{"origin": [-0.89998, 27.74963, -1.00569], "size": [3, 0, 3], "uv": [49, 47]},
						{"origin": [-0.89998, 24.74963, -1.00569], "size": [0, 3, 3], "uv": [58, 53]},
						{"origin": [-0.89998, 24.74963, 1.99431], "size": [3, 3, 0], "uv": [52, 56]}
					]
				},
				{
					"name": "mouth",
					"parent": "head",
					"pivot": [0, 6, -3.025]
				},
				{
					"name": "closed_mouth",
					"parent": "mouth",
					"pivot": [0, 5.6, -2.501],
					"rotation": [0, 0, -180],
					"cubes": [
						{"origin": [-0.5, 4.95, -3.001], "size": [1, 1, 1], "pivot": [0, 5.45, -3], "rotation": [0, 0, 45], "uv": [16, 8], "mirror": true},
						{"origin": [-0.5, 5.325, -3.102], "size": [1, 1, 1], "inflate": -0.1, "pivot": [0, 5.825, -3.1], "rotation": [0, 0, 45], "uv": [10, 11], "mirror": true}
					]
				},
				{
					"name": "open_mouth",
					"parent": "mouth",
					"pivot": [0.5, 6.525, -2.476],
					"cubes": [
						{"origin": [-0.5, 5.025, -2.976], "size": [1, 1, 1], "inflate": 0.01, "pivot": [0, 5.525, -3.025], "rotation": [0, 0, 90], "uv": [12, 35], "mirror": true},
						{"origin": [0.1, 6.275, -2.977], "size": [1, 1, 1], "pivot": [0.6, 5.775, -3.025], "rotation": [0, 0, -90], "uv": [25, 32]},
						{"origin": [-0.1, 5.275, -2.977], "size": [1, 1, 1], "pivot": [0.4, 5.775, -3.025], "rotation": [0, 0, -90], "uv": [25, 32]},
						{"origin": [-1, 5.925, -2.977], "size": [1, 1, 1], "inflate": 0.01, "pivot": [-0.5, 6.425, -2.476], "rotation": [0, 0, -132.5], "uv": [7, 35]},
						{"origin": [0, 5.925, -2.977], "size": [1, 1, 1], "inflate": 0.01, "pivot": [0.5, 6.425, -2.476], "rotation": [0, 0, 132.5], "uv": [7, 35], "mirror": true}
					]
				},
				{
					"name": "eyes",
					"parent": "head",
					"pivot": [-1, 9.7, -2]
				},
				{
					"name": "eye_left",
					"parent": "eyes",
					"pivot": [2.18653, 8.24831, -2.8193],
					"rotation": [0, 0, -5],
					"cubes": [
						{"origin": [1.35234, 5.68709, -3.027], "size": [3, 3, 0], "uv": [34, 35]},
						{"origin": [0.80234, 5.28709, -3.026], "size": [3, 4, 0], "uv": [32, 39]},
						{"origin": [1.35234, 5.93709, -3.025], "size": [2, 2, 0], "uv": [30, 11]}
					]
				},
				{
					"name": "pupil_left",
					"parent": "eye_left",
					"pivot": [2.22617, 7.31854, -2.4535],
					"rotation": [0, 0, -2.5],
					"cubes": [
						{"origin": [1.65234, 6.18709, -2.979], "size": [1, 2, 1], "inflate": 0.05, "uv": [33, 0]}
					]
				},
				{
					"name": "eyelid_left",
					"parent": "pupil_left",
					"pivot": [0.025, 0.2, 0],
					"cubes": [
						{"origin": [1.65234, 6.18709, -2.954], "size": [1, 2, 1], "inflate": 0.06, "uv": [33, 5]}
					]
				},
				{
					"name": "eye_shine",
					"parent": "eye_left",
					"pivot": [1.50234, 6.43709, -2.1],
					"cubes": [
						{"origin": [1.50234, 7.43709, -3.055], "size": [1, 1, 0], "uv": [22, 28]}
					]
				},
				{
					"name": "dots_left",
					"parent": "eye_left",
					"pivot": [2.725, 5.65, -1.95],
					"cubes": [
						{"origin": [0.70375, 9.31224, -3.06302], "size": [1, 1, 1], "inflate": -0.05, "pivot": [1.20234, 9.81209, -3.113], "rotation": [-0.17932, -1.61578, -14.8194], "uv": [0, 51]},
						{"origin": [2.35234, 9.36209, -3.063], "size": [1, 1, 1], "inflate": -0.05, "pivot": [2.85234, 9.86209, -3.113], "rotation": [0, 0, 7.5], "uv": [4, 8]}
					]
				},
				{
					"name": "eye_right",
					"parent": "eyes",
					"pivot": [-2.18653, 8.24831, -2.8193],
					"rotation": [0, 0, 5],
					"cubes": [
						{"origin": [-4.35234, 5.68709, -3.027], "size": [3, 3, 0], "uv": [34, 35], "mirror": true},
						{"origin": [-3.80234, 5.28709, -3.026], "size": [3, 4, 0], "uv": [32, 39], "mirror": true},
						{"origin": [-3.35234, 5.93709, -3.025], "size": [2, 2, 0], "uv": [30, 11], "mirror": true}
					]
				},
				{
					"name": "pupil_right",
					"parent": "eye_right",
					"pivot": [-2.25234, 7.31209, -2.4535],
					"rotation": [0, 0, 2.5],
					"cubes": [
						{"origin": [-2.70234, 6.18709, -2.979], "size": [1, 2, 1], "inflate": 0.05, "uv": [33, 0], "mirror": true}
					]
				},
				{
					"name": "eyelid_right",
					"parent": "pupil_right",
					"pivot": [-0.025, 0.2, 0],
					"cubes": [
						{"origin": [-2.70234, 6.18709, -2.954], "size": [1, 2, 1], "inflate": 0.06, "uv": [33, 5], "mirror": true}
					]
				},
				{
					"name": "eye_shine2",
					"parent": "eye_right",
					"pivot": [-1.50234, 6.43709, -2.1],
					"cubes": [
						{"origin": [-2.50234, 7.43709, -3.055], "size": [1, 1, 0], "uv": [22, 28], "mirror": true}
					]
				},
				{
					"name": "dots_right",
					"parent": "eye_right",
					"pivot": [-2.725, 5.65, -1.95],
					"cubes": [
						{"origin": [-1.70375, 9.31224, -3.06302], "size": [1, 1, 1], "inflate": -0.05, "pivot": [-1.20234, 9.81209, -3.113], "rotation": [-0.17932, 1.61578, 14.8194], "uv": [0, 51], "mirror": true},
						{"origin": [-3.35234, 9.36209, -3.063], "size": [1, 1, 1], "inflate": -0.05, "pivot": [-2.85234, 9.86209, -3.113], "rotation": [0, 0, -7.5], "uv": [4, 8], "mirror": true}
					]
				},
				{
					"name": "arms",
					"parent": "chest",
					"pivot": [-0.5, 0.85, -1.5]
				},
				{
					"name": "right_arm",
					"parent": "arms",
					"pivot": [-1.25, 4.1, 0],
					"rotation": [-90, 0, 0]
				},
				{
					"name": "right_joint1",
					"parent": "right_arm",
					"pivot": [-1.25, 4.1, 0],
					"cubes": [
						{"origin": [-2.25, 3.6, -0.5], "size": [1, 1, 1], "uv": [28, 25]}
					]
				},
				{
					"name": "right_joint2",
					"parent": "right_joint1",
					"pivot": [-2.15, 4.1, 0],
					"cubes": [
						{"origin": [-4.25, 3.6, -1], "size": [2, 1, 2], "uv": [12, 23]}
					]
				},
				{
					"name": "right_joint3",
					"parent": "right_joint2",
					"pivot": [-3.35, 4.1, 0.25],
					"cubes": [
						{"origin": [-6.19715, 3.12798, -1.25], "size": [3, 2, 3], "inflate": -0.1, "uv": [0, 16]}
					]
				},
				{
					"name": "right_joint4",
					"parent": "right_joint3",
					"pivot": [-6.09715, 3.97798, 0.53903],
					"cubes": [
						{"origin": [-6.94715, 3.6, -1], "size": [1, 1, 2], "uv": [24, 17]}
					]
				},
				{
					"name": "left_arm",
					"parent": "arms",
					"pivot": [1.25, 4.1, 0],
					"rotation": [-90, 0, 0]
				},
				{
					"name": "left_joint1",
					"parent": "left_arm",
					"pivot": [1.25, 4.1, 0],
					"cubes": [
						{"origin": [1.25, 3.6, -0.5], "size": [1, 1, 1], "uv": [28, 25], "mirror": true}
					]
				},
				{
					"name": "left_joint2",
					"parent": "left_joint1",
					"pivot": [2.15, 4.1, 0],
					"cubes": [
						{"origin": [2.25, 3.6, -1], "size": [2, 1, 2], "uv": [12, 23], "mirror": true}
					]
				},
				{
					"name": "left_joint3",
					"parent": "left_joint2",
					"pivot": [3.35, 4.1, 0.25],
					"cubes": [
						{"origin": [3.25, 3.1, -1.25], "size": [3, 2, 3], "inflate": -0.1, "uv": [0, 16], "mirror": true}
					]
				},
				{
					"name": "left_joint4",
					"parent": "left_joint3",
					"pivot": [6.15, 4.1, 0.4],
					"cubes": [
						{"origin": [6, 3.6, -1], "size": [1, 1, 2], "uv": [24, 17], "mirror": true}
					]
				},
				{
					"name": "waist",
					"parent": "torso",
					"pivot": [0, 2.9, 0],
					"cubes": [
						{"origin": [-1.5, 0.7, -1.5], "size": [3, 2, 3], "inflate": 0.2, "uv": [12, 16]},
						{"origin": [-0.5, 1.2, -1.75], "size": [1, 1, 1], "uv": [0, 3]}
					]
				},
				{
					"name": "tail_left",
					"parent": "waist",
					"pivot": [0.5, 1.7, 1.75],
					"cubes": [
						{"origin": [-0.5, 0.7, 1.5], "size": [2, 2, 3], "uv": [37, 0]},
						{"origin": [0.5, 1.7, 1.5], "size": [0, 2, 3], "uv": [40, 2]}
					]
				},
				{
					"name": "tail_left1",
					"parent": "tail_left",
					"pivot": [0.5, 1.7, 4.5],
					"cubes": [
						{"origin": [-0.5, 0.7, 4.5], "size": [2, 2, 3], "uv": [8, 1]},
						{"origin": [0.5, 1.7, 4.5], "size": [0, 2, 3], "uv": [8, 3]}
					]
				},
				{
					"name": "tail_left2",
					"parent": "tail_left1",
					"pivot": [0.5, 1.7, 7.5],
					"cubes": [
						{"origin": [0, 1.2, 7.5], "size": [1, 1, 3], "inflate": 0.1, "uv": [35, 6]},
						{"origin": [0.5, 2.2, 8], "size": [0, 1, 3], "uv": [40, 4]}
					]
				},
				{
					"name": "tail_left3",
					"parent": "tail_left2",
					"pivot": [0.5, 1.7, 10.6],
					"cubes": [
						{"origin": [0, 1.2, 10.5], "size": [1, 1, 3], "uv": [3, 0]}
					]
				},
				{
					"name": "tail_left4",
					"parent": "tail_left3",
					"pivot": [0.5, 1.7, 13.5],
					"cubes": [
						{"origin": [-1, 0.2, 13.5], "size": [3, 3, 3], "uv": [30, 27]},
						{"origin": [2.5, -0.3, 13], "size": [0, 4, 4], "uv": [48, 0]},
						{"origin": [-1.5, -0.3, 13], "size": [0, 4, 4], "uv": [48, 4]},
						{"origin": [-1.5, -0.3, 13], "size": [4, 0, 4], "uv": [52, 8]},
						{"origin": [-1.5, -0.3, 17], "size": [4, 4, 0], "uv": [48, 0]},
						{"origin": [-1.5, -0.3, 13], "size": [4, 4, 0], "uv": [56, 0]},
						{"origin": [-1.5, 3.7, 13], "size": [4, 0, 4], "uv": [52, 4]}
					]
				},
				{
					"name": "tail_right",
					"parent": "waist",
					"pivot": [-0.5, 1.7, 1.75],
					"cubes": [
						{"origin": [-1.5, 0.7, 1.5], "size": [2, 2, 3], "uv": [37, 0], "mirror": true},
						{"origin": [-0.5, 1.7, 1.5], "size": [0, 2, 3], "uv": [40, 2], "mirror": true}
					]
				},
				{
					"name": "tail_right1",
					"parent": "tail_right",
					"pivot": [-0.5, 1.7, 4.5],
					"cubes": [
						{"origin": [-1.5, 0.7, 4.5], "size": [2, 2, 3], "uv": [8, 1], "mirror": true},
						{"origin": [-0.5, 1.7, 4.5], "size": [0, 2, 3], "uv": [8, 3], "mirror": true}
					]
				},
				{
					"name": "tail_right2",
					"parent": "tail_right1",
					"pivot": [-0.5, 1.7, 7.5],
					"cubes": [
						{"origin": [-1, 1.2, 7.5], "size": [1, 1, 3], "inflate": 0.1, "uv": [35, 6], "mirror": true},
						{"origin": [-0.5, 2.2, 8], "size": [0, 1, 3], "uv": [40, 4], "mirror": true}
					]
				},
				{
					"name": "tail_right3",
					"parent": "tail_right2",
					"pivot": [-0.5, 1.7, 10.6],
					"cubes": [
						{"origin": [-1, 1.2, 10.5], "size": [1, 1, 3], "uv": [3, 0], "mirror": true}
					]
				},
				{
					"name": "tail_right4",
					"parent": "tail_right3",
					"pivot": [-0.5, 1.7, 13.5],
					"cubes": [
						{"origin": [-2, 0.2, 13.5], "size": [3, 3, 3], "uv": [30, 27], "mirror": true},
						{"origin": [-2.5, -0.3, 13], "size": [0, 4, 4], "uv": [48, 0], "mirror": true},
						{"origin": [1.5, -0.3, 13], "size": [0, 4, 4], "uv": [48, 4], "mirror": true},
						{"origin": [-2.5, -0.3, 13], "size": [4, 0, 4], "uv": [52, 8], "mirror": true},
						{"origin": [-2.5, -0.3, 17], "size": [4, 4, 0], "uv": [48, 0], "mirror": true},
						{"origin": [-2.5, -0.3, 13], "size": [4, 4, 0], "uv": [56, 0], "mirror": true},
						{"origin": [-2.5, 3.7, 13], "size": [4, 0, 4], "uv": [52, 4], "mirror": true}
					]
				}
			]
		}
	]
}