{
	"format_version": "1.12.0",
	"minecraft:geometry": [
		{
			"description": {
				"identifier": "geometry.hadderfly",
				"texture_width": 128,
				"texture_height": 128,
				"visible_bounds_width": 4,
				"visible_bounds_height": 3.5,
				"visible_bounds_offset": [0, 1.25, 0]
			},
			"bones": [
				{
					"name": "hadderfly",
					"pivot": [0, 0, 0]
				},
				{
					"name": "bone2",
					"parent": "hadderfly",
					"pivot": [0, 6, 0]
				},
				{
					"name": "head",
					"parent": "bone2",
					"pivot": [0, 15, 0],
					"cubes": [
						{"origin": [-4, 15, -4], "size": [8, 8, 8], "uv": [0, 0]},
						{"origin": [2, 17, -5], "size": [4, 4, 4], "uv": [75, 52]},
						{"origin": [-6, 17, -5], "size": [4, 4, 4], "uv": [75, 52], "mirror": true}
					]
				},
				{
					"name": "antenna",
					"parent": "head",
					"pivot": [2, 23, -2],
					"cubes": [
						{"origin": [1, 23, -2], "size": [2, 6, 0], "uv": [95, 34]},
						{"origin": [0.5, 29, -2], "size": [3, 3, 0], "uv": [89, 24]}
					]
				},
				{
					"name": "antenna2",
					"parent": "head",
					"pivot": [-2, 23, -2],
					"cubes": [
						{"origin": [-3.5, 29, -2], "size": [3, 3, 0], "uv": [89, 24], "mirror": true},
						{"origin": [-3, 23, -2], "size": [2, 6, 0], "uv": [95, 34], "mirror": true}
					]
				},
				{
					"name": "bone",
					"parent": "bone2",
					"pivot": [0, 15, 0],
					"cubes": [
						{"origin": [-2.5, 6, -2.5], "size": [5, 9, 5], "uv": [47, 14]}
					]
				},
				{
					"name": "wing",
					"parent": "bone",
					"pivot": [0, 12, 2.55],
					"cubes": [
						{"origin": [0, 0, 2.55], "size": [18, 24, 0], "uv": [15, 44]}
					]
				},
				{
					"name": "wing2",
					"parent": "bone",
					"pivot": [0, 12, 2.55],
					"cubes": [
						{"origin": [-18, 0, 2.55], "size": [18, 24, 0], "uv": [15, 44], "mirror": true}
					]
				}
			]
		}
	]
}