{
	"format_version": "1.8.0",
	"animations": {
		"animation.magmortar.pose": {
			"loop": true
		},
		"animation.magmortar.ground_idle": {
			"loop": true,
			"bones": {
				"leftarm": {
					"rotation": [0, 0, 45]
				},
				"lefthand": {
					"rotation": [0, 15, 0]
				},
				"rightarm": {
					"rotation": [0, 0, -45]
				},
				"righthand": {
					"rotation": [0, -15, 0]
				},
				"tail": {
					"rotation": ["-2.4981+math.sin(q.anim_time*90*3*2-90)*1-1*6", -0.08722, "-2.4985+math.sin(q.anim_time*90*5-150)*2-1)+6*(math.sin(q.anim_time*90*5/2-90)*10"],
					"scale": [1, "2-math.sin(q.anim_time*90*5*2-90)*0.02-1", "1.9-math.sin(q.anim_time*90*6*2)*0.02-1"]
				},
				"tail2": {
					"rotation": [30, 0, 0]
				},
				"rightleg": {
					"rotation": [0, 5, 0]
				},
				"leftleg": {
					"rotation": [0, -5, 0]
				},
				"torso": {
					"rotation": ["5+math.sin(q.anim_time*90*2-0)*-1.5", 0, "0+math.sin(q.anim_time*90*1-90)*-1"],
					"position": [0, "0+math.sin(q.anim_time*145)*-0.5", 0]
				},
				"head": {
					"rotation": ["-2.5+math.sin(q.anim_time*90*2+60)*-1.5", 0, "0+math.sin(q.anim_time*90*1-130+180)*-0.75"]
				},
				"headfire": {
					"rotation": ["-2.4981+math.sin(q.anim_time*90*3*2-90)*1-1*6", -0.08722, "-2.4985+math.sin(q.anim_time*90*5-150)*2-1)+6*(math.sin(q.anim_time*90*5/2-90)*10"],
					"scale": [1, "2-math.sin(q.anim_time*90*5*2-90)*0.02-1", "1.9-math.sin(q.anim_time*90*6*2)*0.02-1"]
				},
				"head_flame_top": {
					"scale": [1, "2-math.sin(q.anim_time*90*5*2-90)*0.02-1", "1.9-math.sin(q.anim_time*90*6*2)*0.02-1"]
				},
				"head_flame_top2": {
					"scale": [1, "2-math.sin(q.anim_time*90*5*2-90)*0.06-1", "1.9-math.sin(q.anim_time*90*6*2)*0.06"]
				},
				"arm_right": {
					"rotation": ["5+math.sin(q.anim_time*90*2-0)*-1.5", 0, "-45-math.sin(q.anim_time*90*1-90)*-1"]
				},
				"arm_flame_right": {
					"rotation": ["math.sin(q.anim_time*90*3*2-90)*1-1*6", 0, "2.4985+math.sin(q.anim_time*90*5-150)*2-1)+6*(math.sin(q.anim_time*90*5/2-90)*10"],
					"scale": [1, "2-math.sin(q.anim_time*90*5*2-90)*0.02-1", "1.9-math.sin(q.anim_time*90*6*2)*0.02-1"]
				},
				"arm_right2": {
					"rotation": [0, "-15+math.sin(q.anim_time*90*2-10)*3", 0]
				},
				"arm_left": {
					"rotation": ["5+math.sin(q.anim_time*90*2-0)*-1.5", 0, "45-math.sin(q.anim_time*90*1-90)*-1"]
				},
				"arm_flame_left": {
					"rotation": ["math.sin(q.anim_time*90*3*2-90)*1-1*6", 0, "-2.4985+math.sin(q.anim_time*90*5-150)*2-1)+6*(math.sin(q.anim_time*90*5/2-90)*10"],
					"scale": [1, "2-math.sin(q.anim_time*90*5*2-90)*0.02-1", "1.9-math.sin(q.anim_time*90*6*2)*0.02-1"]
				},
				"arm_left2": {
					"rotation": [0, "15-math.sin(q.anim_time*90*2-10)*3", 0]
				},
				"leg_right": {
					"position": [0, "0+math.sin(q.anim_time*145)*-0.5", 0]
				},
				"leg_right2": {
					"position": [0, "-math.sin(q.anim_time*145)*-0.50", 0]
				},
				"leg_left": {
					"position": [0, "0+math.sin(q.anim_time*145)*-0.5", 0]
				},
				"leg_left2": {
					"position": [0, "-math.sin(q.anim_time*145)*-0.50", 0]
				}
			}
		},
		"animation.magmortar.battle_idle": {
			"loop": true,
			"bones": {
				"leftarm": {
					"rotation": [0, 0, 45]
				},
				"lefthand": {
					"rotation": [0, 15, 0]
				},
				"rightarm": {
					"rotation": [0, 0, -45]
				},
				"righthand": {
					"rotation": [0, -15, 0]
				},
				"tail": {
					"rotation": ["math.sin(q.anim_time*90*3*3-90)*1-1*6", 0, "2.4985+math.sin(q.anim_time*90*5.5-150)*2-1)+6*(math.sin(q.anim_time*90*5/2-90)*10"],
					"scale": [1, "2-math.sin(q.anim_time*90*5*4-90)*0.03-1", "2-math.sin(q.anim_time*90*6*4)*0.03-1"]
				},
				"tail2": {
					"rotation": [30, 0, 0]
				},
				"rightleg": {
					"rotation": [0, 5, 0]
				},
				"leftleg": {
					"rotation": [0, -5, 0]
				},
				"torso": {
					"rotation": ["5+math.sin(q.anim_time*90*2-0)*-1.5", 0, "0+math.sin(q.anim_time*90*1-90)*-1"],
					"position": [0, "0+math.sin(q.anim_time*145)*-0.5", 0]
				},
				"head": {
					"rotation": ["-3.0535+math.sin(q.anim_time*90*2+60)*-1.5", 25.20507, "3.7431+math.sin(q.anim_time*90*1-130+180)*-0.75"]
				},
				"headfire": {
					"rotation": ["-2.4981+math.sin(q.anim_time*90*3*2-90)*1-1*6", -0.08722, "-2.4985+math.sin(q.anim_time*90*5-150)*2-1)+6*(math.sin(q.anim_time*90*5/2-90)*10"],
					"scale": [1, "2-math.sin(q.anim_time*90*5*2-90)*0.02-1", "1.9-math.sin(q.anim_time*90*6*2)*0.02-1"]
				},
				"head_flame_top": {
					"rotation": ["math.sin(q.anim_time*90*3*3-90)*1-1*6", 0, "math.sin(q.anim_time*90*5.5-150)*2-1)+6*(math.sin(q.anim_time*90*5/2-90)*10"],
					"scale": [1, "2+math.sin(q.anim_time*90*5*4-90)*0.06-1", "2-math.sin(q.anim_time*90*6*4)*0.03-1"]
				},
				"head_flame_top2": {
					"rotation": ["math.sin(q.anim_time*90*3*3-90)*1-1*6", 0, "math.sin(q.anim_time*90*5.5-150)*2-1)+6*(math.sin(q.anim_time*90*5/2-90)*10"],
					"scale": [1, "2+math.sin(q.anim_time*90*5*4-90)*0.2-1", "2-math.sin(q.anim_time*90*6*4)*0.1-3"]
				},
				"arm_right": {
					"rotation": ["-1.0733+math.sin(q.anim_time*90*2-0)*-1.5", -59.38143, "0.0477-math.sin(q.anim_time*90*1-90)*-1"]
				},
				"arm_flame_right": {
					"rotation": ["math.sin(q.anim_time*90*3*3-90)*1-1*6", 0, "2.4985+math.sin(q.anim_time*90*5.5-150)*2-1)+6*(math.sin(q.anim_time*90*5/2-90)*10"],
					"scale": [1, "2-math.sin(q.anim_time*90*5*4-90)*0.03-1", "2-math.sin(q.anim_time*90*6*4)*0.03-1"]
				},
				"arm_left": {
					"rotation": ["5.0767+math.sin(q.anim_time*90*2-0)*-1.5", -9.96156, "44.1196-math.sin(q.anim_time*90*1-90)*-1"]
				},
				"arm_flame_left": {
					"rotation": ["math.sin(q.anim_time*90*3*3-90)*1-1*6", 0, "2.4985+math.sin(q.anim_time*90*5.5-150)*2-1)+6*(math.sin(q.anim_time*90*5/2-90)*10"],
					"scale": [1, "2-math.sin(q.anim_time*90*5*4-90)*0.03-1", "2-math.sin(q.anim_time*90*6*4)*0.03-1"]
				},
				"arm_left2": {
					"rotation": [0, "22.5-math.sin(q.anim_time*90*2-10)*3", 0]
				},
				"leg_right": {
					"rotation": [0, 25, 0],
					"position": [0, "0+math.sin(q.anim_time*145)*-0.5", 0]
				},
				"leg_right2": {
					"rotation": [0, 5, 0],
					"position": [0, "-math.sin(q.anim_time*145)*-0.50", 0]
				},
				"leg_left": {
					"rotation": [0, -12.5, 0],
					"position": [1, "0+math.sin(q.anim_time*145)*-0.5", 0]
				},
				"leg_left2": {
					"rotation": [0, -5, 0],
					"position": [0, "-math.sin(q.anim_time*145)*-0.50", 0]
				},
				"body": {
					"rotation": [0, -25, 0]
				},
				"head_flap": {
					"rotation": [3, 0, 0]
				}
			}
		},
		"animation.magmortar.ground_walk": {
			"loop": true,
			"animation_length": 1.3333,
			"bones": {
				"body": {
					"position": [0, 0.5, "0-math.sin(q.anim_time*90*3*2)*0.3"]
				},
				"torso": {
					"rotation": ["5+math.cos(q.anim_time*90*3*2)*2", "math.sin(q.anim_time*90*3)*2", "math.sin(q.anim_time*90*3)*2"],
					"position": [0, "-0.5+math.sin(q.anim_time*90*3*2)*0.45", 0]
				},
				"tail": {
					"scale": [1, "2-math.sin(q.anim_time*90*6*2-30)*0.02-1", "1.9-math.sin(q.anim_time*90*6*2)*0.02-1"]
				},
				"head_flame_top": {
					"rotation": [-5, 0, 0],
					"scale": [1, "2-math.sin(q.anim_time*90*6*2-30)*0.02-1", "1.9-math.sin(q.anim_time*90*6*2)*0.02-1"]
				},
				"head_flame_top2": {
					"rotation": [-15, 0, 0],
					"position": [0, 0, 1],
					"scale": [1, "2-math.sin(q.anim_time*90*6*2-30)*0.02-1", "1.9-math.sin(q.anim_time*90*6*2)*0.02-1"]
				},
				"arm_right": {
					"rotation": ["15+math.cos(q.anim_time*90*3-60)*2", "-10+math.cos(q.anim_time*90*3-60)*12", "-25+math.cos(q.anim_time*90*3*2-90)*2"]
				},
				"arm_flame_right": {
					"scale": [1, "2-math.sin(q.anim_time*90*6*2-30)*0.02-1", "1.9-math.sin(q.anim_time*90*6*2)*0.02-1"]
				},
				"arm_flame_right2": {
					"rotation": [-30, 25, "0-math.cos(q.anim_time*90*3-60)*12"],
					"position": [0, 1, 2]
				},
				"arm_right2": {
					"rotation": [0, "-25-math.cos(q.anim_time*90*3-160)*2", "-20-math.cos(q.anim_time*90*3*2-120)*2"]
				},
				"arm_left": {
					"rotation": ["15+math.cos(q.anim_time*90*3-60)*2", "10+math.cos(q.anim_time*90*3-60)*12", "25+math.cos(q.anim_time*90*3*2-90)*2"]
				},
				"arm_flame_left": {
					"scale": [1, "2-math.sin(q.anim_time*90*6*2-30)*0.02-1", "1.9-math.sin(q.anim_time*90*6*2)*0.02-1"]
				},
				"arm_flame_left2": {
					"rotation": [-30, -25, "0-math.cos(q.anim_time*90*3-60)*12"],
					"position": [0, 1, 2]
				},
				"arm_left2": {
					"rotation": [0, "25-math.cos(q.anim_time*90*3-160)*2", "20-math.cos(q.anim_time*90*3*2-120)*2"]
				},
				"leg_right": {
					"rotation": ["2.5-math.sin(q.anim_time*90*3)*12", 5, 0],
					"position": [0.25, "-2+math.clamp(math.cos(q.anim_time*90*3)*5/2,0,10)", "0-math.sin(q.anim_time*90*3)*2"]
				},
				"leg_right2": {
					"rotation": {
						"0.0": [35, 0, 0],
						"0.1667": [15, 0, 0],
						"0.3333": [10, 0, 0],
						"0.6667": [35, 0, 0],
						"1.0": [35, 0, 0],
						"1.3333": [35, 0, 0]
					}
				},
				"foot_right": {
					"rotation": {
						"0.0": [0, 0, 0],
						"0.3333": [0, 0, 0],
						"0.375": [0, 0, 0],
						"0.4583": [-7.5, 0, 0],
						"0.5833": [-15, 0, 0],
						"0.75": [-20, 0, 0],
						"0.9583": [-20, 0, 0],
						"1.3333": [0, 0, 0]
					}
				},
				"leg_left": {
					"rotation": ["math.sin(q.anim_time*90*3)*12", 0, 0],
					"position": [0.25, "0.3-math.clamp(math.cos(q.anim_time*90*3)*5/2,0,10)", "0+math.sin(q.anim_time*90*3)*2"]
				},
				"leg_left2": {
					"rotation": {
						"0.0": [35, 0, 0],
						"0.3333": [35, 0, 0],
						"0.6667": [35, 0, 0],
						"1.0": [10, 0, 0],
						"1.1667": [15, 0, 0],
						"1.3333": [35, 0, 0]
					}
				},
				"foot_left": {
					"rotation": {
						"0.0": [-7.5, 0, 0],
						"0.375": [-7.5, 0, 0],
						"0.6667": [-15, 0, 0],
						"0.9583": [2.5, 0, 0],
						"1.3333": [-7.5, 0, 0]
					}
				}
			}
		},
		"animation.magmortar.recoil": {
			"animation_length": 1,
			"bones": {
				"torso": {
					"rotation": {
						"0.0": [0, 0, 0],
						"0.0417": {
							"pre": [5, 0, 0],
							"post": [5, 0, 0],
							"lerp_mode": "catmullrom"
						},
						"0.125": {
							"post": [-9, 0, 0],
							"lerp_mode": "catmullrom"
						},
						"0.2083": {
							"post": [-11, 0, 0],
							"lerp_mode": "catmullrom"
						},
						"0.6667": [0, 0, 0]
					}
				}
			}
		},
		"animation.magmortar.cry": {
			"animation_length": 1.8333,
			"bones": {
				"head": {
					"rotation": {
						"0.0": ["-2.5+math.sin(q.anim_time*90*2+60)*-1.5", 0, "0+math.sin(q.anim_time*90*1-130+180)*-0.75"],
						"0.2917": ["-2.5+math.sin(q.anim_time*90*2+60)*-1.5", 0, "0+math.sin(q.anim_time*90*1-130+180)*-0.75"],
						"0.5": ["-20+math.sin(q.anim_time*90*2+60)*-1.5", 0, "math.sin(q.anim_time*90*1-130+180)*-0.75"],
						"1.125": ["-20+math.sin(q.anim_time*90*2+60)*-1.5", 0, "math.sin(q.anim_time*90*1-130+180)*-0.75"],
						"1.8333": ["-2.5+math.sin(q.anim_time*90*2+60)*-1.5", 0, "0+math.sin(q.anim_time*90*1-130+180)*-0.75"]
					}
				},
				"jaw": {
					"rotation": {
						"0.2917": [0, 0, 0],
						"0.5": [17.5, 0, 0],
						"1.4583": [17.5, 0, 0],
						"1.8333": [0, 0, 0]
					}
				},
				"headfire": {
					"rotation": {
						"0.0": [0, 0, 0],
						"0.25": [0, 0, 0],
						"0.3333": ["-2.4981+math.sin(q.anim_time*90*3*2-90)*1-1*6", -0.08722, "-2.4985+math.sin(q.anim_time*90*5-150)*2-1)+6*(math.sin(q.anim_time*90*5/2-90)*10"],
						"1.8333": [0, 0, 0]
					},
					"scale": {
						"0.0": [1, 1, 1],
						"0.25": [1, 1, 1],
						"0.3333": ["1+math.cos(q.anim_time*50*5*20+10)*1/2", "1+math.cos(q.anim_time*50*5*20)*1", 1],
						"0.9167": ["1+math.cos(q.anim_time*50*6*20+10)*1", "1+math.cos(q.anim_time*50*6*20)*1", 1],
						"1.8333": [1, 1, 1]
					}
				},
				"tail": {
					"rotation": {
						"0.0": [0, 0, 0],
						"0.25": [0, 0, 0],
						"0.3333": ["-2.4981+math.sin(q.anim_time*90*3*2-90)*1-1*6", -0.08722, "-2.4985+math.sin(q.anim_time*90*5-150)*2-1)+6*(math.sin(q.anim_time*90*5/2-90)*10"],
						"1.8333": [0, 0, 0]
					},
					"scale": {
						"0.0": [1, 1, 1],
						"0.25": [1, 1, 1],
						"0.9167": ["1+math.cos(q.anim_time*50*6*11)*0.15", "1+math.cos(q.anim_time*50*6*11)*0.15", 1],
						"1.8333": [1, 1, 1]
					}
				},
				"head_flame_top": {
					"scale": {
						"0.0": [1, 1, 1],
						"0.25": [1, 1, 1],
						"0.9167": ["1+math.cos(q.anim_time*50*6*11)*0.15", "1+math.cos(q.anim_time*50*6*11)*0.15", 1],
						"1.8333": [1, 1, 1]
					}
				},
				"head_flame_top2": {
					"scale": {
						"0.0": [1, 1, 1],
						"0.25": [1, 1, 1],
						"0.9167": ["1+math.cos(q.anim_time*50*6*11)*0.15", "1+math.cos(q.anim_time*50*6*11)*0.15", 1],
						"1.8333": [1, 1, 1]
					}
				},
				"lip_bottom": {
					"rotation": {
						"0.0": [0, 0, 0],
						"0.2083": [0, 0, 0],
						"0.2917": {
							"pre": [-2.5, 0, 0],
							"post": [-2.5, 0, 0],
							"lerp_mode": "catmullrom"
						},
						"0.5": {
							"post": [25, 0, 0],
							"lerp_mode": "catmullrom"
						},
						"0.9583": {
							"post": [25, 0, 0],
							"lerp_mode": "catmullrom"
						},
						"1.8333": [0, 0, 0]
					}
				},
				"arm_flame_right": {
					"scale": {
						"0.0": [1, 1, 1],
						"0.25": [1, 1, 1],
						"0.9167": ["1+math.cos(q.anim_time*50*6*11)*0.15", "1+math.cos(q.anim_time*50*6*11)*0.15", 1],
						"1.8333": [1, 1, 1]
					}
				},
				"arm_flame_left": {
					"scale": {
						"0.0": [1, 1, 1],
						"0.25": [1, 1, 1],
						"0.9167": ["1+math.cos(q.anim_time*50*6*11)*0.15", "1+math.cos(q.anim_time*50*6*11)*0.15", 1],
						"1.8333": [1, 1, 1]
					}
				}
			},
			"sound_effects": {
				"0.4583": {
					"effect": "pokemon.magmortar.cry"
				}
			}
		},
		"animation.magmortar.special": {
			"animation_length": 3.6,
			"bones": {
				"tail": {
					"rotation": [30, 0, 0]
				},
				"tail2": {
					"rotation": [30, 0, 0]
				},
				"torso": {
					"rotation": {
						"0.5": {
							"pre": [0, 0, 0],
							"post": [0, 0, 0],
							"lerp_mode": "catmullrom"
						},
						"1.3": {
							"post": [10, 0, 0],
							"lerp_mode": "catmullrom"
						},
						"1.4": [-24, 0, 0],
						"2.0": [0, 0, 0]
					}
				},
				"head": {
					"rotation": {
						"0.5": [0, 0, 0],
						"1.3": {
							"pre": [-7.5, 0, 0],
							"post": [-7.5, 0, 0],
							"lerp_mode": "catmullrom"
						},
						"1.4": {
							"post": [17.5, 0, 0],
							"lerp_mode": "catmullrom"
						},
						"2.0": {
							"post": [0, 0, 0],
							"lerp_mode": "catmullrom"
						}
					}
				},
				"arm_right": {
					"rotation": {
						"0.5": [0, 0, 0],
						"1.3": {
							"pre": [0, 0, 0],
							"post": [0, 0, 0],
							"lerp_mode": "catmullrom"
						},
						"1.4": {
							"post": [-12.5, 0, 22.5],
							"lerp_mode": "catmullrom"
						},
						"2.0": {
							"post": [0, 0, 0],
							"lerp_mode": "catmullrom"
						}
					}
				},
				"arm_right2": {
					"rotation": {
						"0.5": [0, 0, 0],
						"1.3": {
							"pre": [0, 0, 0],
							"post": [0, 0, 0],
							"lerp_mode": "catmullrom"
						},
						"1.4": {
							"post": [0, 0, 25],
							"lerp_mode": "catmullrom"
						},
						"2.0": {
							"post": [0, 0, 0],
							"lerp_mode": "catmullrom"
						}
					}
				},
				"arm_right3": {
					"rotation": {
						"0.5": [0, 0, 0],
						"1.3": {
							"pre": [0, 0, 0],
							"post": [0, 0, 0],
							"lerp_mode": "catmullrom"
						},
						"1.4": {
							"post": [0, 0, 20],
							"lerp_mode": "catmullrom"
						},
						"2.0": {
							"post": [0, 0, 0],
							"lerp_mode": "catmullrom"
						}
					},
					"position": {
						"0.5": [0, 0, 0],
						"1.3": {
							"pre": [0, 0, 0],
							"post": [0, 0, 0],
							"lerp_mode": "catmullrom"
						},
						"1.4": {
							"post": [1, 0, 0],
							"lerp_mode": "catmullrom"
						},
						"2.0": {
							"post": [0, 0, 0],
							"lerp_mode": "catmullrom"
						}
					}
				},
				"claw_back_right": {
					"position": {
						"0.5": [0, 0, 0],
						"1.1": {
							"pre": [4, 0, 0],
							"post": [4, 0, 0],
							"lerp_mode": "catmullrom"
						},
						"1.9": {
							"post": [4, 0, 0],
							"lerp_mode": "catmullrom"
						},
						"2.4": [0, 0, 0]
					}
				},
				"claw_top_right": {
					"position": {
						"0.5": [0, 0, 0],
						"1.1": {
							"pre": [4, 0, 0],
							"post": [4, 0, 0],
							"lerp_mode": "catmullrom"
						},
						"1.9": {
							"post": [4, 0, 0],
							"lerp_mode": "catmullrom"
						},
						"2.4": [0, 0, 0]
					}
				},
				"claw_front_right": {
					"position": {
						"0.5": [0, 0, 0],
						"1.1": {
							"pre": [4, 0, 0],
							"post": [4, 0, 0],
							"lerp_mode": "catmullrom"
						},
						"1.9": {
							"post": [4, 0, 0],
							"lerp_mode": "catmullrom"
						},
						"2.4": [0, 0, 0]
					}
				}
			}
		},
		"animation.magmortar.sleep": {
			"loop": true,
			"bones": {
				"head": {
					"rotation": [5, 0, 0]
				},
				"eyelid_right": {
					"scale": 1.1
				},
				"eyelid_left": {
					"scale": 1.1
				}
			}
		},
		"animation.magmortar.physical": {
			"animation_length": 3.6,
			"bones": {
				"tail": {
					"rotation": [30, 0, 0]
				},
				"tail2": {
					"rotation": [30, 0, 0]
				},
				"torso": {
					"rotation": {
						"0.0": {
							"post": [0, 0, 0],
							"lerp_mode": "catmullrom"
						},
						"0.8": {
							"post": [10, 0, 0],
							"lerp_mode": "catmullrom"
						},
						"0.9": [-24, 0, 0],
						"1.5": [0, 0, 0]
					}
				},
				"head": {
					"rotation": {
						"0.0": [0, 0, 0],
						"0.8": {
							"pre": [-7.5, 0, 0],
							"post": [-7.5, 0, 0],
							"lerp_mode": "catmullrom"
						},
						"0.9": {
							"post": [17.5, 0, 0],
							"lerp_mode": "catmullrom"
						},
						"1.5": {
							"post": [0, 0, 0],
							"lerp_mode": "catmullrom"
						}
					}
				},
				"arm_right": {
					"rotation": {
						"0.0": [0, 0, 0],
						"0.8": {
							"pre": [0, 0, 0],
							"post": [0, 0, 0],
							"lerp_mode": "catmullrom"
						},
						"0.9": {
							"post": [-12.5, 0, 22.5],
							"lerp_mode": "catmullrom"
						},
						"1.5": {
							"post": [0, 0, 0],
							"lerp_mode": "catmullrom"
						}
					}
				},
				"arm_right2": {
					"rotation": {
						"0.0": [0, 0, 0],
						"0.8": {
							"pre": [0, 0, 0],
							"post": [0, 0, 0],
							"lerp_mode": "catmullrom"
						},
						"0.9": {
							"post": [0, 0, 25],
							"lerp_mode": "catmullrom"
						},
						"1.5": {
							"post": [0, 0, 0],
							"lerp_mode": "catmullrom"
						}
					}
				},
				"arm_right3": {
					"rotation": {
						"0.0": [0, 0, 0],
						"0.8": {
							"pre": [0, 0, 0],
							"post": [0, 0, 0],
							"lerp_mode": "catmullrom"
						},
						"0.9": {
							"post": [0, 0, 20],
							"lerp_mode": "catmullrom"
						},
						"1.5": {
							"post": [0, 0, 0],
							"lerp_mode": "catmullrom"
						}
					},
					"position": {
						"0.0": [0, 0, 0],
						"0.8": {
							"pre": [0, 0, 0],
							"post": [0, 0, 0],
							"lerp_mode": "catmullrom"
						},
						"0.9": {
							"post": [1, 0, 0],
							"lerp_mode": "catmullrom"
						},
						"1.5": {
							"post": [0, 0, 0],
							"lerp_mode": "catmullrom"
						}
					}
				},
				"claw_back_right": {
					"position": {
						"0.0": [0, 0, 0],
						"0.6": {
							"pre": [4, 0, 0],
							"post": [4, 0, 0],
							"lerp_mode": "catmullrom"
						},
						"1.4": {
							"post": [4, 0, 0],
							"lerp_mode": "catmullrom"
						},
						"1.9": [0, 0, 0]
					}
				},
				"claw_top_right": {
					"position": {
						"0.0": [0, 0, 0],
						"0.6": {
							"pre": [4, 0, 0],
							"post": [4, 0, 0],
							"lerp_mode": "catmullrom"
						},
						"1.4": {
							"post": [4, 0, 0],
							"lerp_mode": "catmullrom"
						},
						"1.9": [0, 0, 0]
					}
				},
				"claw_front_right": {
					"position": {
						"0.0": [0, 0, 0],
						"0.6": {
							"pre": [4, 0, 0],
							"post": [4, 0, 0],
							"lerp_mode": "catmullrom"
						},
						"1.4": {
							"post": [4, 0, 0],
							"lerp_mode": "catmullrom"
						},
						"1.9": [0, 0, 0]
					}
				}
			}
		}
	}
}