{
	"format_version": "1.8.0",
	"animations": {
		"animation.comparapede.ground_idle": {
			"loop": true,
			"bones": {
				"body": {
					"position": [0, "34.25+math.cos(q.anim_time*90*0.5)*0.4", "32+math.sin(q.anim_time*90*0.5-30)*-1"]
				},
				"head": {
					"rotation": ["12.5+math.sin(q.anim_time*90*0.5-60)*6", 0, 0]
				},
				"mandible_right": {
					"rotation": [0, "-(math.sin(q.anim_time*90*1-30)*2)", 0]
				},
				"mandible_left": {
					"rotation": [0, "math.sin(q.anim_time*90*1-30)*2", 0]
				},
				"torso": {
					"rotation": ["-20-math.sin(q.anim_time*90*0.5)*0.4", 0, 0]
				},
				"leg_front_right": {
					"rotation": [0, 0, "-25+math.sin(q.anim_time*90*2)*4"]
				},
				"leg_front_right2": {
					"rotation": [0, 0, "-(math.sin(q.anim_time*90*8-30)*1)"]
				},
				"leg_front_left": {
					"rotation": [0, 0, "25+math.sin(q.anim_time*90*2)*4"]
				},
				"leg_front_left2": {
					"rotation": [0, 0, "math.sin(q.anim_time*90*8-30)*1"]
				},
				"tail": {
					"rotation": ["-57.5-math.sin(q.anim_time*90*0.5+180)*5", 0, 0]
				},
				"leg_right": {
					"rotation": [9.25249, 3.81024, "-22.1915+math.sin(q.anim_time*90*2-30)*4"]
				},
				"leg_right_joint1": {
					"rotation": [0, 0, "-(math.sin(q.anim_time*90*8-30)*1)"]
				},
				"leg_left": {
					"rotation": [9.25249, -3.81024, "22.1915+math.sin(q.anim_time*90*2-30)*4"]
				},
				"leg_left_joint1": {
					"rotation": [0, 0, "math.sin(q.anim_time*90*8-30)*1"]
				},
				"tail2": {
					"rotation": ["-47.5+math.sin(q.anim_time*90*0.5-30)*3", 0, 0]
				},
				"leg_right2": {
					"rotation": [11.36081, 5.24826, "-24.4774+math.sin(q.anim_time*90*2-60)*4"]
				},
				"leg_right_joint2": {
					"rotation": [0, 0, "-(math.sin(q.anim_time*90*8-30)*1)"]
				},
				"leg_left2": {
					"rotation": [11.36081, -5.24826, "24.4774+math.sin(q.anim_time*90*2-60)*4"]
				},
				"leg_left_joint2": {
					"rotation": [0, 0, "math.sin(q.anim_time*90*8-30)*1"]
				},
				"tail3": {
					"rotation": ["-32.5-math.sin(q.anim_time*90*0.5-20)*5", 0, 0]
				},
				"leg_right3": {
					"rotation": [18.88172, 6.71771, "-18.8818+math.sin(q.anim_time*90*2-90)*4"]
				},
				"leg_right_joint3": {
					"rotation": [0, 0, "-(math.sin(q.anim_time*90*8-30)*1)"]
				},
				"leg_left3": {
					"rotation": [18.88172, -6.71771, "18.8818+math.sin(q.anim_time*90*2-90)*4"]
				},
				"leg_left_joint3": {
					"rotation": [0, 0, "math.sin(q.anim_time*90*8-30)*1"]
				},
				"tail4": {
					"rotation": ["27.5-math.sin(q.anim_time*90*0.5+30)*5", 0, 0]
				},
				"leg_right4": {
					"rotation": [10.29284, 7.13136, "-34.3567+math.sin(q.anim_time*90*2-120)*4"]
				},
				"leg_right_joint4": {
					"rotation": [0, 0, "-(math.sin(q.anim_time*90*8-30)*1)"]
				},
				"leg_left4": {
					"rotation": [10.29284, -7.13136, "34.3567+math.sin(q.anim_time*90*2-120)*4"]
				},
				"leg_left_joint4": {
					"rotation": [0, 0, "math.sin(q.anim_time*90*8-30)*1"]
				},
				"tail5": {
					"rotation": ["50-math.sin(q.anim_time*90*0.5-190)*5", 0, 0]
				},
				"leg_right5": {
					"rotation": [0, 0, "-25+math.sin(q.anim_time*90*2-150)*4"]
				},
				"leg_right_joint5": {
					"rotation": [0, 0, "-(math.sin(q.anim_time*90*8-30)*1)"]
				},
				"leg_left5": {
					"rotation": [0, 0, "25+math.sin(q.anim_time*90*2-150)*4"]
				},
				"leg_left_joint5": {
					"rotation": [0, 0, "math.sin(q.anim_time*90*8-30)*1"]
				},
				"tail6": {
					"rotation": ["74.8797-math.sin(q.anim_time*90*0.5-0)*3", -0.33135, 1.02492]
				},
				"leg_right6": {
					"rotation": [2.57816, "0.4547-math.sin(q.anim_time*90*0.5-30)*23", "-2.6587+math.sin(q.anim_time*90*0.5-30)*15"]
				},
				"leg_right_joint6": {
					"rotation": [0, 0, "-25-math.cos(q.anim_time*90*0.5-120)*13"]
				},
				"leg_left6": {
					"rotation": [2.57816, "0.4547+math.sin(q.anim_time*90*0.5-30)*23", "-2.6587-math.sin(q.anim_time*90*0.5-30)*15"]
				},
				"leg_left_joint6": {
					"rotation": [0, 0, "25+math.cos(q.anim_time*90*0.5-120)*13"]
				},
				"tail7": {
					"rotation": ["7.5+math.cos(q.anim_time*90*0.5)*3", 0, 0]
				},
				"leg_right7": {
					"rotation": [0, "-(math.sin(q.anim_time*90*0.5-30)*20)", "math.sin(q.anim_time*90*0.5-30)*15"]
				},
				"leg_right_joint7": {
					"rotation": [0, 0, "-22.5-math.cos(q.anim_time*90*0.5-120)*13"]
				},
				"leg_left7": {
					"rotation": [0, "math.sin(q.anim_time*90*0.5-30)*20", "-math.sin(q.anim_time*90*0.5-30)*15"]
				},
				"leg_left_joint7": {
					"rotation": [0, 0, "22.5+math.cos(q.anim_time*90*0.5-120)*13"]
				},
				"tail8": {
					"rotation": [0, 0, 0]
				},
				"leg_right8": {
					"rotation": [0, "-(math.sin(q.anim_time*90*0.5-30)*20)", "-2.5+math.sin(q.anim_time*90*0.5-30)*15"]
				},
				"leg_right_joint8": {
					"rotation": [0, 0, "-25-math.cos(q.anim_time*90*0.5-120)*13"]
				},
				"leg_left8": {
					"rotation": [0, "math.sin(q.anim_time*90*0.5-30)*20", "2.5-math.sin(q.anim_time*90*0.5-30)*15"]
				},
				"leg_left_joint8": {
					"rotation": [0, 0, "25+math.cos(q.anim_time*90*0.5-120)*13"]
				},
				"tail9": {
					"rotation": ["-math.cos(q.anim_time*90*0.5-60)*2", 0, 0]
				},
				"leg_right9": {
					"rotation": [-1.31845, "-0.0864-math.sin(q.anim_time*90*0.5-30)*20", "-7.6143+math.sin(q.anim_time*90*0.5-30)*15"]
				},
				"leg_right_joint9": {
					"rotation": [0, 0, "-15-math.cos(q.anim_time*90*0.5-120)*13"]
				},
				"leg_left9": {
					"rotation": [-1.31845, "0.0864+math.sin(q.anim_time*90*0.5-30)*20", "7.6143-math.sin(q.anim_time*90*0.5-30)*15"]
				},
				"leg_left_joint9": {
					"rotation": [0, 0, "15+math.cos(q.anim_time*90*0.5-120)*13"]
				},
				"tail10": {
					"rotation": ["12.5+math.cos(q.anim_time*90*0.5-120)*2", 0, 0]
				}
			}
		},
		"animation.comparapede.sleep": {
			"loop": true,
			"animation_length": 8,
			"bones": {
				"body": {
					"rotation": [0, 0, -90],
					"position": [-14, 6.05, 42.5]
				},
				"head": {
					"rotation": ["7.3038+math.sin(q.anim_time*90*0.5-90)*1", 0, 0]
				},
				"mandible_right": {
					"rotation": [0, "-39+math.sin(q.anim_time*90*0.5-90)*5", 0]
				},
				"mandible_left": {
					"rotation": [0, "39-math.sin(q.anim_time*90*0.5-90)*5", 0]
				},
				"torso": {
					"rotation": [-30, 0, 0]
				},
				"leg_front_right": {
					"rotation": [-9.76758, 2.15393, -87.68406]
				},
				"leg_front_right2": {
					"rotation": [0, 0, 0.5]
				},
				"leg_front_left": {
					"rotation": [0, 0, "80.2499+math.sin(q.anim_time*90*0.5-324)*5"]
				},
				"leg_front_left2": {
					"rotation": [0, 0, "-0.5+math.sin(q.anim_time*90*0.5-414)*9"]
				},
				"tail": {
					"rotation": [-30, 0, 0]
				},
				"leg_right": {
					"rotation": [-9.76758, 2.15393, -87.68406]
				},
				"leg_right_joint1": {
					"rotation": [0, 0, 0.5]
				},
				"leg_left": {
					"rotation": [0, 0, "80.2499+math.sin(q.anim_time*90*0.5-288)*5"]
				},
				"leg_left_joint1": {
					"rotation": [0, 0, "-0.5+math.sin(q.anim_time*90*0.5-378)*9"]
				},
				"tail2": {
					"rotation": [-30, 0, 0]
				},
				"leg_right2": {
					"rotation": [-9.76758, 2.15393, -87.68406]
				},
				"leg_right_joint2": {
					"rotation": [0, 0, 0.5]
				},
				"leg_left2": {
					"rotation": [0, 0, "80.2499+math.sin(q.anim_time*90*0.5-252)*5"]
				},
				"leg_left_joint2": {
					"rotation": [0, 0, "-0.5+math.sin(q.anim_time*90*0.5-342)*9"]
				},
				"tail3": {
					"rotation": [-30, 0, 0]
				},
				"leg_right3": {
					"rotation": [-9.76758, 2.15393, -87.68406]
				},
				"leg_right_joint3": {
					"rotation": [0, 0, 0.5]
				},
				"leg_left3": {
					"rotation": [0, 0, "80.2499+math.sin(q.anim_time*90*0.5-216)*5"]
				},
				"leg_left_joint3": {
					"rotation": [0, 0, "-0.5+math.sin(q.anim_time*90*0.5-306)*9"]
				},
				"tail4": {
					"rotation": [-30, 0, 0]
				},
				"leg_right4": {
					"rotation": [-9.76758, 2.15393, -87.68406]
				},
				"leg_right_joint4": {
					"rotation": [0, 0, 0.5]
				},
				"leg_left4": {
					"rotation": [0, 0, "80.2499+math.sin(q.anim_time*90*0.5-180)*5"]
				},
				"leg_left_joint4": {
					"rotation": [0, 0, "-0.5+math.sin(q.anim_time*90*0.5-270)*9"]
				},
				"tail5": {
					"rotation": [-31, 0, 0]
				},
				"leg_right5": {
					"rotation": [-9.76758, 2.15393, -87.68406]
				},
				"leg_right_joint5": {
					"rotation": [0, 0, 0.5]
				},
				"leg_left5": {
					"rotation": [0, 0, "80.2499+math.sin(q.anim_time*90*0.5-144)*5"]
				},
				"leg_left_joint5": {
					"rotation": [0, 0, "-0.5+math.sin(q.anim_time*90*0.5-234)*9"]
				},
				"tail6": {
					"rotation": [-35, 0, 0]
				},
				"leg_right6": {
					"rotation": [-9.76758, 2.15393, -87.68406]
				},
				"leg_right_joint6": {
					"rotation": [0, 0, -18.5]
				},
				"leg_left6": {
					"rotation": [0, 0, "80.2499+math.sin(q.anim_time*90*0.5-108)*5"]
				},
				"leg_left_joint6": {
					"rotation": [0, 0, "18.5+math.sin(q.anim_time*90*0.5-198)*9"]
				},
				"tail7": {
					"rotation": [-32, 0, 0]
				},
				"leg_right7": {
					"rotation": [-9.76758, 2.15393, -87.68406]
				},
				"leg_right_joint7": {
					"rotation": [0, 0, -16]
				},
				"leg_left7": {
					"rotation": [0, 0, "80.2499+math.sin(q.anim_time*90*0.5-72)*5"]
				},
				"leg_left_joint7": {
					"rotation": [0, 0, "16+math.sin(q.anim_time*90*0.5-162)*9"]
				},
				"tail8": {
					"rotation": [-38, 0, 0]
				},
				"leg_right8": {
					"rotation": [-9.76758, 2.15393, -87.68406]
				},
				"leg_right_joint8": {
					"rotation": [0, 0, -18.5]
				},
				"leg_left8": {
					"rotation": [0, 0, "80.2499+math.sin(q.anim_time*90*0.5-36)*5"]
				},
				"leg_left_joint8": {
					"rotation": [0, 0, "18.5+math.sin(q.anim_time*90*0.5-126)*9"]
				},
				"tail9": {
					"rotation": ["-30-math.sin(q.anim_time*90*0.5-90)*1", 0, 0]
				},
				"leg_right9": {
					"rotation": [-9.76758, 2.15393, -87.68406]
				},
				"leg_right_joint9": {
					"rotation": [0, 0, -8.5]
				},
				"leg_left9": {
					"rotation": [0, 0, "80.2499+math.sin(q.anim_time*90*0.5)*5"]
				},
				"leg_left_joint9": {
					"rotation": [0, 0, "8.5+math.sin(q.anim_time*90*0.5-90)*9"]
				},
				"tail10": {
					"rotation": [-35, 0, 0]
				},
				"eyelid_right": {
					"position": [-0.1, 0, -0.1]
				},
				"eyelid_left": {
					"position": [0.1, 0, -0.1]
				}
			}
		},
		"animation.comparapede.ground_walk": {
			"loop": true,
			"animation_length": 4,
			"bones": {
				"body": {
					"position": ["0+math.sin(q.anim_time*90*2-70)*-2", "32.15+math.cos(q.anim_time*90*15)*0.05", "32+math.sin(q.anim_time*90*1-30)*-1"]
				},
				"head": {
					"rotation": [
						"12.5+math.sin(q.anim_time*90*4-60)*1+math.sin(q.anim_time*90*15-90)*0.15",
						"math.cos(q.anim_time*90*2-190)*-8",
						"math.cos(q.anim_time*90*2-190)*3"
					]
				},
				"mandible_right": {
					"rotation": [0, "12.5+math.sin(q.anim_time*90*12-30)*-1", 0]
				},
				"mandible_left": {
					"rotation": [0, "-12.5+math.sin(q.anim_time*90*12-30)*1", 0]
				},
				"torso": {
					"rotation": ["-20-math.sin(q.anim_time*90*2)*0.4", 0, "math.cos(q.anim_time*90*2-70)*-2"]
				},
				"leg_front_right": {
					"rotation": [0, 0, "-45+math.sin(q.anim_time*90*2)*4"]
				},
				"leg_front_right2": {
					"rotation": [0, 0, "-22.5+math.sin(q.anim_time*90*8-30)*1"]
				},
				"leg_front_left": {
					"rotation": [0, 0, "45+math.sin(q.anim_time*90*2)*4"]
				},
				"leg_front_left2": {
					"rotation": [0, 0, "22.5+math.sin(q.anim_time*90*8-30)*1"]
				},
				"tail": {
					"rotation": ["-57.5-math.sin(q.anim_time*90*2+180)*5", 0, 0]
				},
				"leg_right": {
					"rotation": [6.79333, 7.35559, "-47.0628+math.sin(q.anim_time*90*2-30)*4"]
				},
				"leg_right_joint1": {
					"rotation": [0, 0, "-17.5+math.sin(q.anim_time*90*8-30)*1"]
				},
				"leg_left": {
					"rotation": [6.79333, -7.35559, "47.0628+math.sin(q.anim_time*90*2-30)*4"]
				},
				"leg_left_joint1": {
					"rotation": [0, 0, "17.5+math.sin(q.anim_time*90*8-30)*1"]
				},
				"tail2": {
					"rotation": [-47.5, "-math.cos(q.anim_time*90*2-310)*2", 0]
				},
				"leg_right2": {
					"rotation": [10.59061, 6.6782, "-31.8801+math.sin(q.anim_time*90*2-60)*4"]
				},
				"leg_right_joint2": {
					"rotation": [0, 0, "-27.5+math.sin(q.anim_time*90*8-30)*1"]
				},
				"leg_left2": {
					"rotation": [10.59061, -6.6782, "31.8801+math.sin(q.anim_time*90*2-60)*4"]
				},
				"leg_left_joint2": {
					"rotation": [0, 0, "27.5+math.sin(q.anim_time*90*8-30)*1"]
				},
				"tail3": {
					"rotation": ["-32.5-math.sin(q.anim_time*90*2-20)*5", "math.cos(q.anim_time*90*2-30)*2", 0]
				},
				"leg_right3": {
					"rotation": [18.88172, 6.71771, "-18.8818+math.sin(q.anim_time*90*2-90)*4"]
				},
				"leg_right_joint3": {
					"rotation": [0, 0, "-15+math.sin(q.anim_time*90*8-30)*1"]
				},
				"leg_left3": {
					"rotation": [18.88172, -6.71771, "18.8818+math.sin(q.anim_time*90*2-90)*4"]
				},
				"leg_left_joint3": {
					"rotation": [0, 0, "15+math.sin(q.anim_time*90*8-30)*1"]
				},
				"tail4": {
					"rotation": ["27.5-math.sin(q.anim_time*90*2+30)*5", 0, 0]
				},
				"leg_right4": {
					"rotation": [10.29284, 7.13136, "-34.3567+math.sin(q.anim_time*90*2-120)*4"]
				},
				"leg_right_joint4": {
					"rotation": [0, 0, "-(math.sin(q.anim_time*90*8-30)*1)"]
				},
				"leg_left4": {
					"rotation": [10.29284, -7.13136, "34.3567+math.sin(q.anim_time*90*2-120)*4"]
				},
				"leg_left_joint4": {
					"rotation": [0, 0, "math.sin(q.anim_time*90*8-30)*1"]
				},
				"tail5": {
					"rotation": [50, "math.cos(q.anim_time*90*2-130)*2", 0],
					"position": [0.02174, -0.40366, -0.44338]
				},
				"leg_right5": {
					"rotation": [0, "NaN-math.cos(q.anim_time*90*6-310)*7", "-25-math.sin(q.anim_time*90*6-310)*9"]
				},
				"leg_right_joint5": {
					"rotation": [0, 0, "-(math.sin(q.anim_time*90*8-30)*1)"]
				},
				"leg_left5": {
					"rotation": [0, "-math.cos(q.anim_time*90*6-310)*7", "25-math.sin(q.anim_time*90*6-310)*9"]
				},
				"leg_left_joint5": {
					"rotation": [0, 0, "math.sin(q.anim_time*90*8-30)*1"]
				},
				"tail6": {
					"rotation": ["79.3797+math.cos(q.anim_time*90*2-70)*4", "0+math.sin(q.anim_time*90*2-130)*2", "0-math.sin(q.anim_time*90*2-190)*6"],
					"position": [0.00838, -0.43689, -0.55593]
				},
				"tail7": {
					"rotation": [0, "-math.sin(q.anim_time*90*2-250)*6", 0]
				},
				"tail8": {
					"rotation": [0, "-math.sin(q.anim_time*90*2-310)*6", 0]
				},
				"tail9": {
					"rotation": [0, "-math.sin(q.anim_time*90*2-370)*6", 0]
				},
				"tail10": {
					"rotation": ["25+math.cos(q.anim_time*90*1-120)*2", "math.sin(q.anim_time*90*2-370)*-3", 0]
				},
				"leg_left6": {
					"rotation": [0, "-math.sin(q.anim_time*90*6-310)*30", "-math.cos(q.anim_time*90*2-310)*15+math.clamp(math.cos(q.anim_time*90*6-310)*30,-30,0)"]
				},
				"leg_left_joint6": {
					"rotation": [0, 0, "math.cos(q.anim_time*90*2-20)*15"]
				},
				"leg_left7": {
					"rotation": [
						0,
						"math.cos(q.anim_time*90*2-10)*10+math.sin(q.anim_time*90*6-10)*30",
						"-math.cos(q.anim_time*90*2-10)*10+math.clamp(-math.cos(q.anim_time*90*6-10)*30,-30,0)"
					]
				},
				"leg_left8": {
					"rotation": [
						0,
						"math.cos(q.anim_time*90*2-10)*10-math.sin(q.anim_time*90*6-70)*30",
						"-math.cos(q.anim_time*90*2-10)*5+math.clamp(math.cos(q.anim_time*90*6-70)*30,-30,0)"
					]
				},
				"leg_left9": {
					"rotation": [
						0,
						"math.cos(q.anim_time*90*2-10)*10+math.sin(q.anim_time*90*6-130)*30",
						"-math.cos(q.anim_time*90*2-130)*5+math.clamp(-math.cos(q.anim_time*90*6-130)*30,-30,0)"
					]
				},
				"leg_right6": {
					"rotation": [0, "-math.sin(q.anim_time*90*6-310)*30", "-math.cos(q.anim_time*90*2-310)*15-math.clamp(-math.cos(q.anim_time*90*6-310)*30,-30,0)"]
				},
				"leg_right_joint6": {
					"rotation": [0, 0, "math.cos(q.anim_time*90*2-20)*15"]
				},
				"leg_right7": {
					"rotation": [
						0,
						"math.cos(q.anim_time*90*2-10)*10+math.sin(q.anim_time*90*6-10)*30",
						"-math.cos(q.anim_time*90*2-10)*10-math.clamp(math.cos(q.anim_time*90*6-10)*30,-30,0)"
					]
				},
				"leg_right_joint7": {
					"rotation": [0, 0, "math.cos(q.anim_time*90*2-20)*20"]
				},
				"leg_left_joint7": {
					"rotation": [0, 0, "math.cos(q.anim_time*90*2-90)*10"]
				},
				"leg_right8": {
					"rotation": [
						0,
						"math.cos(q.anim_time*90*2-10)*10-math.sin(q.anim_time*90*6-70)*30",
						"-math.cos(q.anim_time*90*2-10)*5-math.clamp(-math.cos(q.anim_time*90*6-70)*30,-30,0)"
					]
				},
				"leg_right_joint8": {
					"rotation": [0, 0, "math.cos(q.anim_time*90*2-50)*20"]
				},
				"leg_left_joint8": {
					"rotation": [0, 0, "math.cos(q.anim_time*90*2-50)*20"]
				},
				"leg_right9": {
					"rotation": [
						0,
						"math.cos(q.anim_time*90*2-10)*10+math.sin(q.anim_time*90*6-130)*30",
						"math.cos(q.anim_time*90*2-130)*10-math.clamp(math.cos(q.anim_time*90*6-130)*30,-30,0)"
					]
				},
				"leg_right_joint9": {
					"rotation": [0, 0, "-(math.cos(q.anim_time*90*2-40)*10)"]
				},
				"leg_left_joint9": {
					"rotation": [0, 0, "math.cos(q.anim_time*90*2-40)*10"]
				}
			}
		},
		"animation.comparapede.battle_idle": {
			"loop": true,
			"bones": {
				"body": {
					"position": [0, "41.75+math.cos(q.anim_time*90*2)*0.8", "33.5-math.sin(q.anim_time*90*2)*1.2"]
				},
				"head": {
					"rotation": ["25+math.cos(q.anim_time*90*2-90)*4", 0, 0]
				},
				"torso": {
					"rotation": ["-12.5+math.cos(q.anim_time*90*2-60)*5", -7.5, 0]
				},
				"tail": {
					"rotation": ["-52.4155-math.cos(q.anim_time*90*2-60)*3", -7.38542, -1.30962]
				},
				"tail2": {
					"rotation": ["-47.5+math.cos(q.anim_time*90*2-60)*3", 0, 0]
				},
				"tail3": {
					"rotation": ["-27.5-math.cos(q.anim_time*90*2-60)*6", 0, 0]
				},
				"tail4": {
					"rotation": ["12.3438-math.cos(q.anim_time*90*2-60)*3", 1.50041, 0.3795]
				},
				"tail5": {
					"rotation": ["29.9217+math.cos(q.anim_time*90*2-60)*12", 4.78684, -5.77817]
				},
				"tail6": {
					"rotation": ["42.4421-math.cos(q.anim_time*90*2-60)*12", -0.1588, 2.49436]
				},
				"tail7": {
					"rotation": [52.49058, 2.71157, 4.20104]
				},
				"tail8": {
					"rotation": ["4.8519+math.cos(q.anim_time*90*2-60)*9", 9.96563, 0.80333]
				},
				"tail9": {
					"rotation": ["-2.893-math.cos(q.anim_time*90*2-60)*9", 12.44937, -1.09902]
				},
				"mandible_right": {
					"rotation": [0, "-(math.sin(q.anim_time*90*10-30)*2)", 0]
				},
				"mandible_left": {
					"rotation": [0, "math.sin(q.anim_time*90*10-30)*2", 0]
				},
				"leg_front_right": {
					"rotation": [0, 0, "-(math.cos(q.anim_time*90*3-60)*9)"]
				},
				"leg_front_left": {
					"rotation": [0, 0, "math.cos(q.anim_time*90*3-60)*9"]
				},
				"leg_right": {
					"rotation": [0, 0, "-(math.cos(q.anim_time*90*3-90)*9)"]
				},
				"leg_left": {
					"rotation": [0, 0, "math.cos(q.anim_time*90*3-90)*9"]
				},
				"leg_right2": {
					"rotation": [32.5, 0, "-(math.cos(q.anim_time*90*3-150)*9)"]
				},
				"leg_left2": {
					"rotation": [32.5, 0, "math.cos(q.anim_time*90*3-150)*9"]
				},
				"leg_right3": {
					"rotation": [40, 0, "-(math.cos(q.anim_time*90*3-180)*9)"]
				},
				"leg_left3": {
					"rotation": [40, 0, "math.cos(q.anim_time*90*3-180)*9"]
				},
				"leg_right4": {
					"rotation": [37.5, 0, "-(math.cos(q.anim_time*90*3-210)*9)"]
				},
				"leg_left4": {
					"rotation": [37.5, 0, "math.cos(q.anim_time*90*3-210)*9"]
				},
				"leg_right5": {
					"rotation": [0, 0, "-(math.cos(q.anim_time*90*3-240)*9)"]
				},
				"leg_left5": {
					"rotation": [0, 0, "math.cos(q.anim_time*90*3-240)*9"]
				},
				"leg_right6": {
					"rotation": [7.5, 0, "-(math.cos(q.anim_time*90*3-270)*9)"]
				},
				"leg_left6": {
					"rotation": [7.5, 0, "math.cos(q.anim_time*90*3-270)*9"]
				},
				"leg_right7": {
					"rotation": ["math.cos(q.anim_time*90*2-120)*11", "-17.5+math.cos(q.anim_time*90*2-10)*-2", "0-math.cos(q.anim_time*90*2-10)*15"]
				},
				"leg_right_joint7": {
					"rotation": [0, 0, "-30+math.cos(q.anim_time*90*2-10)*15"]
				},
				"leg_left7": {
					"rotation": ["math.cos(q.anim_time*90*2-120)*11", "17.5+math.cos(q.anim_time*90*2-10)*-2", "0+math.cos(q.anim_time*90*2-10)*15"]
				},
				"leg_left_joint7": {
					"rotation": [0, 0, "30-math.cos(q.anim_time*90*2-10)*15"]
				},
				"leg_right8": {
					"rotation": [0, "-(math.cos(q.anim_time*90*2-10)*12)", "-(math.cos(q.anim_time*90*2-10)*12)"]
				},
				"leg_right_joint8": {
					"rotation": [0, 0, "-15+math.cos(q.anim_time*90*2-20)*12"]
				},
				"leg_left8": {
					"rotation": [0, "math.cos(q.anim_time*90*2-10)*12", "math.cos(q.anim_time*90*2-10)*12"]
				},
				"leg_left_joint8": {
					"rotation": [0, 0, "15-math.cos(q.anim_time*90*2-20)*12"]
				},
				"leg_right9": {
					"rotation": ["-0.4075-math.cos(q.anim_time*90*2-10)*10", "29.2301-math.cos(q.anim_time*90*2+30)*6", "-1.0458-math.cos(q.anim_time*90*2-10)*18"]
				},
				"leg_right_joint9": {
					"rotation": [0, 0, "-15+math.cos(q.anim_time*90*2-30)*12"]
				},
				"leg_left9": {
					"rotation": ["-0.4075-math.cos(q.anim_time*90*2-10)*10", "-29.2301+math.cos(q.anim_time*90*2+30)*6", "1.0458+math.cos(q.anim_time*90*2-10)*18"]
				},
				"leg_left_joint9": {
					"rotation": [0, 0, "15-math.cos(q.anim_time*90*2-30)*12"]
				},
				"tail10": {
					"rotation": [22.5, 0, 0]
				}
			}
		},
		"animation.comparapede.blink": {
			"animation_length": 0.1667,
			"bones": {
				"eyelid_right": {
					"position": {
						"0.0": [-0.1, 0, -0.1],
						"0.125": [-0.1, 0, -0.1],
						"0.1667": [0, 0, 0]
					}
				},
				"eyelid_left": {
					"position": {
						"0.0": [0.1, 0, -0.1],
						"0.125": [0.1, 0, -0.1],
						"0.1667": [0, 0, 0]
					}
				}
			}
		},
		"animation.comparapede.walkspeedtest": {
			"loop": true,
			"bones": {
				"comparapede": {
					"position": [0, 0, "-q.anim_time*90*0.25"]
				}
			}
		},
		"animation.comparapede.cry": {
			"animation_length": 2.5,
			"bones": {
				"head": {
					"rotation": {
						"0.0": {
							"post": [0, 0, 0],
							"lerp_mode": "catmullrom"
						},
						"0.0833": {
							"post": [5, 0, 0],
							"lerp_mode": "catmullrom"
						},
						"0.2917": {
							"post": [-7.5, 0, 0],
							"lerp_mode": "catmullrom"
						},
						"0.4583": {
							"post": [-6.99, 0, 0],
							"lerp_mode": "catmullrom"
						},
						"0.875": {
							"post": [-8.75, 0, 0],
							"lerp_mode": "catmullrom"
						},
						"1.0833": {
							"post": [-8.66, 0, 0],
							"lerp_mode": "catmullrom"
						},
						"1.2083": {
							"post": [-10.3, 0, 0],
							"lerp_mode": "catmullrom"
						},
						"1.2917": {
							"post": [-9.65, 0, 0],
							"lerp_mode": "catmullrom"
						},
						"1.375": {
							"post": [-11.17, 0, 0],
							"lerp_mode": "catmullrom"
						},
						"1.4583": {
							"post": [-10.46, 0, 0],
							"lerp_mode": "catmullrom"
						},
						"1.5417": {
							"post": [-10, 0, 0],
							"lerp_mode": "catmullrom"
						},
						"1.8333": {
							"post": [2.5, 0, 0],
							"lerp_mode": "catmullrom"
						},
						"2.5": {
							"post": [0, 0, 0],
							"lerp_mode": "catmullrom"
						}
					}
				},
				"mandible_right": {
					"rotation": {
						"0.0": [0, 0, 0],
						"0.1667": [0, -12.5, 0],
						"0.875": [0, "-1.53+math.sin(q.anim_time*90*30-30)*2", 0],
						"1.4583": [0, 7.5, 0],
						"2.375": [0, 0, 0]
					}
				},
				"mandible_left": {
					"rotation": {
						"0.0": [0, 0, 0],
						"0.1667": [0, 12.5, 0],
						"0.875": [0, "1.53+math.sin(q.anim_time*90*30-30)*2", 0],
						"1.4583": [0, -7.5, 0],
						"2.375": [0, 0, 0]
					}
				}
			},
			"sound_effects": {
				"0.1667": {
					"effect": "centiskorch_ambient"
				}
			}
		}
	}
}