{
	"format_version": "1.12.0",
	"minecraft:geometry": [
		{
			"description": {
				"identifier": "geometry.blazheep",
				"texture_width": 64,
				"texture_height": 64,
				"visible_bounds_width": 2,
				"visible_bounds_height": 2.5,
				"visible_bounds_offset": [0, 0.75, 0]
			},
			"bones": [
				{
					"name": "blazheep",
					"pivot": [0, 0, 0]
				},
				{
					"name": "full_body",
					"parent": "blazheep",
					"pivot": [0, 0, 0]
				},
				{
					"name": "body",
					"parent": "full_body",
					"pivot": [0, 5.5, 0],
					"cubes": [
						{"origin": [-4, 1.55, -4.5], "size": [8, 8, 9], "uv": [0, 0]}
					]
				},
				{
					"name": "tail",
					"parent": "body",
					"pivot": [0, 7.25, 4.5],
					"cubes": [
						{"origin": [-1, 6.3, 4.15], "size": [2, 2, 2], "uv": [34, 9]}
					]
				},
				{
					"name": "head",
					"parent": "full_body",
					"pivot": [0, 5.25, -4.5],
					"cubes": [
						{"origin": [-2.5, 3.3, -9.5], "size": [5, 4, 6], "uv": [0, 17]},
						{"origin": [-3, 2.55, -6.5], "size": [6, 2, 2], "uv": [0, 27]},
						{"origin": [-3, 6.55, -7.5], "size": [6, 2, 3], "uv": [22, 17]},
						{"origin": [-2, 7.3, -8.5], "size": [4, 2, 4], "uv": [22, 22]},
						{"origin": [1.7, 5.5, -5.9], "size": [2, 2, 3], "pivot": [2.7, 6.5, -4.9], "rotation": [45, 0, 0], "uv": [24, 33]},
						{"origin": [-3.7, 5.5, -5.9], "size": [2, 2, 3], "pivot": [-2.7, 6.5, -4.9], "rotation": [45, 0, 0], "uv": [34, 0]}
					]
				},
				{
					"name": "eyes",
					"parent": "head",
					"pivot": [0, 5.25, -7.5]
				},
				{
					"name": "left_eye",
					"parent": "eyes",
					"pivot": [2.5, 5.25, -7.5],
					"cubes": [
						{"origin": [2.51, 4.3, -8.5], "size": [0, 2, 2], "uv": [34, 13]},
						{"origin": [2.52, 5.1, -8.2], "size": [0, 1, 1], "uv": [12, 31]}
					]
				},
				{
					"name": "right_eye",
					"parent": "eyes",
					"pivot": [-2.5, 5.25, -7.5],
					"cubes": [
						{"origin": [-2.51, 4.3, -8.5], "size": [0, 2, 2], "uv": [34, 33]},
						{"origin": [-2.52, 5.1, -8.2], "size": [0, 1, 1], "uv": [14, 31]}
					]
				},
				{
					"name": "ears",
					"parent": "head",
					"pivot": [0, 5, -5.5]
				},
				{
					"name": "left_ear",
					"parent": "ears",
					"pivot": [2.25, 5, -5.5],
					"cubes": [
						{"origin": [1, 5.05, -6.5], "size": [4, 0, 2], "uv": [34, 5]}
					]
				},
				{
					"name": "right_ear",
					"parent": "ears",
					"pivot": [-2.25, 5, -5.5],
					"cubes": [
						{"origin": [-5, 5.05, -6.5], "size": [4, 0, 2], "uv": [34, 7]}
					]
				},
				{
					"name": "mouth",
					"parent": "head",
					"pivot": [0, 4.05, -9.5],
					"cubes": [
						{"origin": [-1, 3.55, -9.51], "size": [2, 1, 0], "uv": [0, 36]}
					]
				},
				{
					"name": "legs",
					"parent": "full_body",
					"pivot": [0, 1.5, 0]
				},
				{
					"name": "front_legs",
					"parent": "legs",
					"pivot": [0, 1.5, -2.6]
				},
				{
					"name": "front_left_leg",
					"parent": "front_legs",
					"pivot": [2.2, 1.5, -2.6],
					"cubes": [
						{"origin": [0.6, 0, -4], "size": [3, 2, 3], "uv": [16, 28]}
					]
				},
				{
					"name": "front_right_leg",
					"parent": "front_legs",
					"pivot": [-2.2, 1.5, -2.6],
					"cubes": [
						{"origin": [-3.6, 0, -4], "size": [3, 2, 3], "uv": [28, 28]}
					]
				},
				{
					"name": "back_legs",
					"parent": "legs",
					"pivot": [0, 1.5, 2.4]
				},
				{
					"name": "back_left_leg",
					"parent": "back_legs",
					"pivot": [2.2, 1.5, 2.4],
					"cubes": [
						{"origin": [0.6, 0, 0.9], "size": [3, 2, 3], "uv": [0, 31]}
					]
				},
				{
					"name": "back_right_leg",
					"parent": "back_legs",
					"pivot": [-2.2, 1.5, 2.4],
					"cubes": [
						{"origin": [-3.6, 0, 0.9], "size": [3, 2, 3], "uv": [12, 33]}
					]
				}
			]
		}
	]
}