{
	"format_version": "1.8.0",
	"animations": {
		"animation.hombeast.ground_idle": {
			"loop": true,
			"animation_length": 4,
			"bones": {
				"body": {
					"position": {
						"0.0": [0, 1, 0],
						"2.0": [0, 2, 0],
						"4.0": [0, 1, 0]
					}
				},
				"tail1": {
					"rotation": {
						"0.0": [-20, 0, 0],
						"2.0": [-25, 0, 0],
						"4.0": [-20, 0, 0]
					}
				},
				"tail2": {
					"rotation": {
						"0.0": [5, 0, 0],
						"2.0": [10, 0, 0],
						"4.0": [5, 0, 0]
					}
				},
				"tail3": {
					"rotation": {
						"0.0": [5, 0, 0],
						"2.0": [10, 0, 0],
						"4.0": [5, 0, 0]
					}
				},
				"tail4": {
					"rotation": {
						"0.0": [10, 0, 0],
						"2.0": [5, 0, 0],
						"4.0": [10, 0, 0]
					}
				},
				"tail5": {
					"rotation": {
						"0.0": [-10, 0, 0],
						"2.0": [-5, 0, 0],
						"4.0": [-10, 0, 0]
					}
				},
				"tailclaw": {
					"rotation": {
						"0.0": [15, 0, 0],
						"4.0": [15, 0, 0]
					}
				},
				"arm1": {
					"rotation": {
						"0.0": [0, 0, 35],
						"2.0": [0, 0, 55],
						"4.0": [0, 0, 35]
					}
				},
				"arm2": {
					"rotation": {
						"0.0": [0, 0, -35],
						"2.0": [0, 0, -55],
						"4.0": [0, 0, -35]
					}
				},
				"bottomjaw": {
					"rotation": {
						"0.0": [12.5, 0, 0],
						"2.0": [5, 0, 0],
						"4.0": [12.5, 0, 0]
					}
				},
				"topjaw": {
					"rotation": {
						"0.0": [-30, 0, 0],
						"2.0": [-25, 0, 0],
						"4.0": [-30, 0, 0]
					}
				},
				"bottonclaw": {
					"rotation": {
						"0.0": [0, 0, 0],
						"2.0": [-25, 0, 0],
						"4.0": [0, 0, 0]
					}
				},
				"joint1": {
					"rotation": {
						"0.0": [0, 20, 0],
						"4.0": [0, 20, 0]
					}
				},
				"tip1": {
					"rotation": {
						"0.0": [0, 25, 0],
						"4.0": [0, 25, 0]
					}
				},
				"joint2": {
					"rotation": {
						"0.0": [0, -20, 0],
						"4.0": [0, -20, 0]
					}
				},
				"tip2": {
					"rotation": {
						"0.0": [0, -25, 0],
						"4.0": [0, -25, 0]
					}
				}
			}
		},
		"animation.hombeast.ground_walk": {
			"loop": true,
			"animation_length": 1,
			"bones": {
				"body": {
					"rotation": {
						"0.0": [0, 5, 0],
						"0.5": [0, -5, 0],
						"1.0": [0, 5, 0]
					},
					"position": {
						"0.0": [0, 0, 0],
						"0.5": [0, 1, 0],
						"1.0": [0, 0, 0]
					}
				},
				"torso": {
					"rotation": {
						"0.0": [0, 0, 0],
						"1.0": [0, 0, 0]
					}
				},
				"tail1": {
					"rotation": {
						"0.0": [0, -10, 0],
						"0.5": [0, -10, -180],
						"1.0": [0, -10, -360]
					}
				},
				"tail2": {
					"rotation": {
						"0.0": [0, -10, 0],
						"0.5": [0, -10, 180],
						"1.0": [0, -10, 360]
					}
				},
				"tail3": {
					"rotation": {
						"0.0": [0, 20, 0],
						"0.5": [0, 15, 180],
						"1.0": [0, 20, 360]
					}
				},
				"tail4": {
					"rotation": {
						"0.0": [0, -10, 0],
						"0.25": [0, -10, 0],
						"0.5": [0, 10, 0],
						"0.75": [0, 10, 0],
						"1.0": [0, -10, 0]
					}
				},
				"tail5": {
					"rotation": {
						"0.0": [0, 5, 0],
						"0.25": [0, -15, 0],
						"0.5": [0, 15, 0],
						"0.75": [0, 15, 0],
						"1.0": [0, 5, 0]
					}
				},
				"head": {
					"rotation": {
						"0.0": [0, 0, 0],
						"0.25": [0, -10, 0],
						"0.5": [0, 0, 0],
						"0.75": [0, 10, 0],
						"1.0": [0, 0, 0]
					}
				},
				"bottomjaw": {
					"rotation": {
						"0.0": [0, 0, 0],
						"0.5": [12.5, 0, 0],
						"1.0": [0, 0, 0]
					}
				},
				"topjaw": {
					"rotation": {
						"0.0": [0, 0, 0],
						"0.5": [-25, 0, 0],
						"1.0": [0, 0, 0]
					}
				},
				"arm1": {
					"rotation": {
						"0.0": [0, -40, 0],
						"0.5": [-8.49878, -28.87909, 17.19212],
						"1.0": [0, -40, 0]
					}
				},
				"joint1": {
					"rotation": [0, 15, 0]
				},
				"tip1": {
					"rotation": [0, 30, 0]
				},
				"arm2": {
					"rotation": {
						"0.0": [0, 30, 0],
						"0.5": [-12.25294, 38.3808, -19.27896],
						"1.0": [0, 30, 0]
					}
				},
				"joint2": {
					"rotation": [0, -15, 0]
				},
				"tip2": {
					"rotation": [0, -30, 0]
				}
			}
		},
		"animation.hombeast.faint": {
			"animation_length": 3,
			"bones": {
				"body": {
					"rotation": {
						"0.0": [0, 0, 0],
						"0.5417": [-15, 0, 0]
					},
					"position": {
						"0.0": [0, 0, 0],
						"0.25": [0, -10, 0],
						"0.3333": [0, -9, 0],
						"0.4583": [0, -9, 0],
						"0.5417": [0, -10, 0]
					}
				},
				"torso": {
					"rotation": [15, 0, 0]
				},
				"tail1": {
					"rotation": {
						"0.0": [0, 0, 0],
						"0.3333": [1.67, 0, 0],
						"0.5": [-5, 0, 0]
					}
				},
				"tail2": {
					"rotation": {
						"0.0": [5, 0, 0],
						"0.3333": [5, 0, 0],
						"0.4167": [15, 0, 0],
						"0.5833": [5, 0, 0]
					}
				},
				"tail3": {
					"rotation": {
						"0.0": [5, 0, 0],
						"0.4167": [5, 0, 0],
						"0.5": [2.5, 0, 0],
						"0.625": [0, 0, 0]
					},
					"position": [0, 0, 0]
				},
				"tail4": {
					"rotation": {
						"0.0": [5, 0, 0],
						"0.5": [5, 0, 0],
						"0.5833": [15, 0, 0],
						"0.75": [0, 0, 0]
					}
				},
				"tail5": {
					"rotation": {
						"0.0": [5, 0, 0],
						"0.5": [-5, 0, 0],
						"0.5833": [-5, 0, 0],
						"0.6667": [10, 0, 0],
						"0.8333": [-5, 0, 0]
					}
				},
				"tailclaw": {
					"rotation": {
						"0.0": [0, 0, 0],
						"0.5": [17.5, 0, 0]
					}
				},
				"head": {
					"rotation": {
						"0.0": [0, 0, 0],
						"0.2083": [0, 0, 0],
						"0.2917": [25, 0, 0],
						"0.375": [20, 0, 0],
						"0.5": [25, 0, 0],
						"0.5833": [15, 0, 0]
					},
					"position": {
						"0.0": [0, 0, 0],
						"0.5833": [0, -2, 1]
					}
				},
				"topjaw": {
					"rotation": {
						"0.0": [-15, 0, 0],
						"0.3333": [-15, 0, 0],
						"0.4167": [2.5, 0, 0],
						"0.5": [0, 0, 0]
					}
				},
				"arm1": {
					"rotation": {
						"0.0": [0, 0, -25],
						"0.2083": [0, 0, -25],
						"0.25": [0, 0, -10],
						"0.3333": [0, 0, 10],
						"0.5": [0, 0, 5],
						"0.5833": [15, 0, 0],
						"3.0": [15, 0, 0]
					},
					"position": {
						"0.2083": [0, 0, 0],
						"0.5833": [0, -2, 1],
						"3.0": [0, -2, 1]
					},
					"scale": 1
				},
				"joint1": {
					"rotation": {
						"0.0": [0, 0, 0],
						"0.5": [10, 0, 0]
					}
				},
				"arm2": {
					"rotation": {
						"0.0": [0, 0, 25],
						"0.2083": [0, 0, 25],
						"0.25": [0, 0, 10],
						"0.3333": [0, 0, -5]
					},
					"position": [0, 0, 0]
				},
				"joint2": {
					"rotation": {
						"0.0": [0, 0, 0],
						"0.5": [10, 0, 0]
					}
				}
			}
		},
		"animation.hombeast.sleep": {
			"loop": true,
			"animation_length": 3,
			"bones": {
				"body": {
					"position": [0, -10, 0]
				},
				"torso": {
					"scale": {
						"0.0": [1, 1, 1],
						"1.5": [1, 1.1, 1],
						"3.0": [1, 1, 1]
					}
				},
				"tail1": {
					"rotation": [0, 20, 0]
				},
				"tail2": {
					"rotation": [0, 25, 0]
				},
				"tail3": {
					"rotation": [-5, 40, 0]
				},
				"tail4": {
					"rotation": [0, 35, 0]
				},
				"tail5": {
					"rotation": [-1.77489, 29.4987, 11.50839]
				},
				"tailclaw": {
					"rotation": [14.5757, 33.18031, -2.468]
				},
				"head": {
					"rotation": [2.66022, -19.98015, -0.90956]
				},
				"topjaw": {
					"rotation": {
						"0.5": [0, 0, 0],
						"1.0": [-7.5, 0, 0],
						"1.5": [0, 0, 0],
						"2.0": [-7.5, 0, 0],
						"2.5": [0, 0, 0]
					},
					"position": {
						"0.5": [0, 0, 0],
						"1.5": [0, 0, 0],
						"2.5": [0, 0, 0]
					}
				},
				"arm1": {
					"rotation": [-2.71994, -19.82169, 7.97532]
				}
			}
		}
	}
}