{
	"format_version": "1.12.0",
	"minecraft:geometry": [
		{
			"description": {
				"identifier": "geometry.chialeef",
				"texture_width": 256,
				"texture_height": 256,
				"visible_bounds_width": 8,
				"visible_bounds_height": 5.5,
				"visible_bounds_offset": [0, 2.25, 0]
			},
			"bones": [
				{
					"name": "chialeef",
					"pivot": [0, 0, 0]
				},
				{
					"name": "body",
					"parent": "chialeef",
					"pivot": [0, 25, 0],
					"cubes": [
						{"origin": [-7, 12, -12.5], "size": [14, 15, 25], "uv": [0, 0]}
					]
				},
				{
					"name": "tailp1",
					"parent": "body",
					"pivot": [0, 25.5, 12.25],
					"rotation": [-20, 0, 0],
					"cubes": [
						{"origin": [-3, 22.5, 11.25], "size": [6, 4, 12], "uv": [97, 58]}
					]
				},
				{
					"name": "righttailleavesp1",
					"parent": "tailp1",
					"pivot": [-3, 26.5, 17.25],
					"rotation": [0, 0, -47.5],
					"cubes": [
						{"origin": [-10, 26.5, 11.25], "size": [7, 0, 15], "uv": [92, 42]}
					]
				},
				{
					"name": "lefttailleavesp1",
					"parent": "tailp1",
					"pivot": [3, 26.5, 17.25],
					"rotation": [0, 0, 47.5],
					"cubes": [
						{"origin": [3, 26.5, 11.25], "size": [7, 0, 15], "uv": [0, 87]}
					]
				},
				{
					"name": "tailp2",
					"parent": "tailp1",
					"pivot": [0, 25.25, 22.75],
					"rotation": [22.5, 0, 0],
					"cubes": [
						{"origin": [-2.5, 22.25, 22], "size": [5, 4, 12], "uv": [98, 105]}
					]
				},
				{
					"name": "lefttailleavesp2",
					"parent": "tailp2",
					"pivot": [2.5, 26.25, 28.25],
					"rotation": [0, 0, 47.5],
					"cubes": [
						{"origin": [2.5, 26.25, 22.25], "size": [10, 0, 15], "uv": [45, 60]}
					]
				},
				{
					"name": "righttailleavesp2",
					"parent": "tailp2",
					"pivot": [-2.5, 26.25, 28.25],
					"rotation": [0, 0, -47.5],
					"cubes": [
						{"origin": [-12.5, 26.25, 22.25], "size": [10, 0, 15], "uv": [54, 0]}
					]
				},
				{
					"name": "tailp3",
					"parent": "tailp2",
					"pivot": [0, 25.25, 33.75],
					"rotation": [17.5, 0, 0],
					"cubes": [
						{"origin": [-1.5, 22.25, 33], "size": [3, 4, 8], "uv": [0, 0]},
						{"origin": [-1.5, 26.25, 41], "size": [3, 0, 10], "uv": [110, 75]}
					]
				},
				{
					"name": "righttailleavesp3",
					"parent": "tailp3",
					"pivot": [-1.5, 26.25, 39.25],
					"rotation": [0, 0, -47.5],
					"cubes": [
						{"origin": [-15.5, 26.25, 33.25], "size": [14, 0, 17], "uv": [46, 42]}
					]
				},
				{
					"name": "lefttailleavesp3",
					"parent": "tailp3",
					"pivot": [1.5, 26.25, 39.25],
					"rotation": [0, 0, 47.5],
					"cubes": [
						{"origin": [1.5, 26.25, 33.25], "size": [14, 0, 17], "uv": [0, 41]}
					]
				},
				{
					"name": "neckp1",
					"parent": "body",
					"pivot": [0, 22, -10],
					"cubes": [
						{"origin": [-5, 19, -13], "size": [10, 15, 10], "uv": [79, 16]},
						{"origin": [-5.5, 18.5, -13.5], "size": [11, 16, 11], "uv": [0, 59]}
					]
				},
				{
					"name": "neckp2",
					"parent": "neckp1",
					"pivot": [0, 32, -6],
					"cubes": [
						{"origin": [-4.5, 32, -12.5], "size": [9, 13, 9], "uv": [41, 108]},
						{"origin": [-5, 34, -13], "size": [10, 9, 10], "uv": [69, 97]}
					]
				},
				{
					"name": "head",
					"parent": "neckp2",
					"pivot": [0, 43, -6],
					"cubes": [
						{"origin": [-5, 43, -13], "size": [10, 9, 10], "uv": [0, 103]},
						{"origin": [-5.5, 42.5, -13.5], "size": [11, 10, 11], "uv": [34, 76]}
					]
				},
				{
					"name": "actuallythehead",
					"parent": "head",
					"pivot": [0, 51, -9],
					"cubes": [
						{"origin": [-5, 50, -14], "size": [10, 10, 10], "uv": [79, 76]},
						{"origin": [-5.05, 50, -14], "size": [0, 3, 10], "uv": [-6, 137]},
						{"origin": [5.05, 50, -14], "size": [0, 3, 10], "uv": [-6, 137], "mirror": true}
					]
				},
				{
					"name": "flower",
					"parent": "actuallythehead",
					"pivot": [0, 60, -9],
					"cubes": [
						{"origin": [-2, 60, -11], "size": [4, 2, 4], "uv": [129, 86]},
						{"origin": [-1.5, 60.5, -15.75], "size": [3, 1, 5], "pivot": [0, 60, -9], "rotation": [12.5, 0, 0], "uv": [31, 105]},
						{"origin": [-1.5, 60.5, -7.25], "size": [3, 1, 5], "pivot": [0, 60, -9], "rotation": [-12.5, 0, 0], "uv": [57, 98]},
						{"origin": [-1.25, 60.5, -7.25], "size": [3, 1, 5], "pivot": [0.25, 60, -9], "rotation": [0, -90, -12.5], "uv": [40, 98]},
						{"origin": [-1.75, 60.5, -7.25], "size": [3, 1, 5], "pivot": [-0.25, 60, -9], "rotation": [0, 90, 12.5], "uv": [81, 60]},
						{"origin": [-1.25, 60.25, -7.5], "size": [3, 1, 5], "pivot": [0.25, 59.75, -9.25], "rotation": [170, 45, 180], "uv": [68, 76]},
						{"origin": [-1.75, 60.25, -7.5], "size": [3, 1, 5], "pivot": [-0.25, 59.75, -9.25], "rotation": [170, -45, -180], "uv": [66, 18]},
						{"origin": [-1.5, 60.25, -7.25], "size": [3, 1, 5], "pivot": [0, 59.75, -9], "rotation": [-10, -45, 0], "uv": [34, 59]},
						{"origin": [-1.5, 60.25, -7.25], "size": [3, 1, 5], "pivot": [0, 59.75, -9], "rotation": [-10, 45, 0], "uv": [54, 16]}
					]
				},
				{
					"name": "face",
					"parent": "actuallythehead",
					"pivot": [0, 43, -11]
				},
				{
					"name": "righteye",
					"parent": "face",
					"pivot": [-2, 42.75, -11],
					"cubes": [
						{"origin": [-3.75, 49.75, -14.005], "size": [1, 6, 0], "pivot": [-2, 56.75, -14], "rotation": [0, 0, 10], "uv": [3, 0]}
					]
				},
				{
					"name": "bone",
					"parent": "righteye",
					"pivot": [-2, 56.75, -14],
					"cubes": [
						{"origin": [-3.5, 55.25, -14.01], "size": [1, 1, 1], "uv": [15, 0]}
					]
				},
				{
					"name": "lefteye",
					"parent": "face",
					"pivot": [2, 42.75, -11],
					"cubes": [
						{"origin": [2.75, 49.75, -14.005], "size": [1, 6, 0], "pivot": [2, 56.75, -14], "rotation": [0, 0, -10], "uv": [0, 0]}
					]
				},
				{
					"name": "bone2",
					"parent": "lefteye",
					"pivot": [2, 56.75, -14],
					"cubes": [
						{"origin": [2.5, 55.25, -14.01], "size": [1, 1, 1], "uv": [0, 13]}
					]
				},
				{
					"name": "mouth",
					"parent": "face",
					"pivot": [0, 40, -11],
					"cubes": [
						{"origin": [-1.5, 53.75, -14.01], "size": [2, 1, 0], "pivot": [0, 54, -14], "rotation": [0, 0, -37.5], "uv": [16, 13]},
						{"origin": [-0.5, 53.75, -14.02], "size": [2, 1, 0], "pivot": [0, 54, -14], "rotation": [0, 0, 37.5], "uv": [0, 16]},
						{"origin": [-2, 52.5, -14.02], "size": [2, 1, 0], "pivot": [0, 54, -14], "rotation": [0, 0, 37.5], "uv": [15, 5]},
						{"origin": [0, 52.5, -14.01], "size": [2, 1, 0], "pivot": [0, 54, -14], "rotation": [0, 0, -37.5], "uv": [15, 3]}
					]
				},
				{
					"name": "rightear",
					"parent": "actuallythehead",
					"pivot": [-5, 58, -7.5],
					"rotation": [-48.3811, -64.05369, 18.53224],
					"cubes": [
						{"origin": [-6, 55, -8.5], "size": [4, 4, 7], "uv": [122, 58]}
					]
				},
				{
					"name": "leftear",
					"parent": "actuallythehead",
					"pivot": [5, 58, -7.5],
					"rotation": [-48.3811, 64.05369, -18.53224],
					"cubes": [
						{"origin": [2, 55, -8.5], "size": [4, 4, 7], "uv": [0, 13]}
					]
				},
				{
					"name": "rightfrontleg",
					"parent": "body",
					"pivot": [-6, 20, -9],
					"cubes": [
						{"origin": [-8, 13, -12], "size": [8, 10, 6], "uv": [0, 123]}
					]
				},
				{
					"name": "rightfrontlegp2",
					"parent": "rightfrontleg",
					"pivot": [-6, 14, -9],
					"rotation": [45, 0, 0],
					"cubes": [
						{"origin": [-7.5, 9, -11.5], "size": [4, 6, 5], "uv": [129, 70]}
					]
				},
				{
					"name": "rightfrontlegp3",
					"parent": "rightfrontlegp2",
					"pivot": [-6, 10, -9],
					"rotation": [-60, 0, 0],
					"cubes": [
						{"origin": [-7, 1, -11.5], "size": [3, 10, 4], "uv": [46, 41]}
					]
				},
				{
					"name": "rightfronthoof",
					"parent": "rightfrontlegp3",
					"pivot": [-6, 2, -9],
					"rotation": [-15, 0, 0],
					"cubes": [
						{"origin": [-7.01, -1, -11.5], "size": [3, 4, 4], "uv": [45, 66]},
						{"origin": [-7.02, -2.0359, -11.86603], "size": [3, 2, 4], "pivot": [-6, 0, -10], "rotation": [30, 0, 0], "uv": [0, 87]}
					]
				},
				{
					"name": "leftfrontleg",
					"parent": "body",
					"pivot": [6, 20, -9],
					"cubes": [
						{"origin": [0, 13, -12], "size": [8, 10, 6], "uv": [109, 122]}
					]
				},
				{
					"name": "leftfrontlegp2",
					"parent": "leftfrontleg",
					"pivot": [6, 14, -9],
					"rotation": [45, 0, 0],
					"cubes": [
						{"origin": [3.5, 9, -11.5], "size": [4, 6, 5], "uv": [90, 0]}
					]
				},
				{
					"name": "leftfrontlegp3",
					"parent": "leftfrontlegp2",
					"pivot": [6, 10, -9],
					"rotation": [-60, 0, 0],
					"cubes": [
						{"origin": [4, 1, -11.5], "size": [3, 10, 4], "uv": [0, 41]}
					]
				},
				{
					"name": "leftfronthoof",
					"parent": "leftfrontlegp3",
					"pivot": [6, 2, -9],
					"rotation": [-15, 0, 0],
					"cubes": [
						{"origin": [4.01, -1, -11.5], "size": [3, 4, 4], "uv": [54, 0]},
						{"origin": [4.02, -2.0359, -11.86603], "size": [3, 2, 4], "pivot": [6, 0, -10], "rotation": [30, 0, 0], "uv": [81, 67]}
					]
				},
				{
					"name": "rightbackleg",
					"parent": "body",
					"pivot": [-6, 21, 9],
					"cubes": [
						{"origin": [-8, 11, 4], "size": [6, 12, 8], "uv": [120, 21]}
					]
				},
				{
					"name": "rightbacklegp2",
					"parent": "rightbackleg",
					"pivot": [-6, 13, 6],
					"rotation": [-25, 0, 0],
					"cubes": [
						{"origin": [-7.5, 11, 5], "size": [5, 4, 9], "uv": [122, 42]}
					]
				},
				{
					"name": "rightbacklegp3",
					"parent": "rightbacklegp2",
					"pivot": [-6, 13, 13],
					"rotation": [-82.5, 0, 0],
					"cubes": [
						{"origin": [-7, 10.5, 12], "size": [4, 4, 11], "uv": [78, 117]}
					]
				},
				{
					"name": "rightbackhoof",
					"parent": "rightbacklegp3",
					"pivot": [-6, 12, 22],
					"rotation": [17.5, 0, 0],
					"cubes": [
						{"origin": [-7.01, 10.25, 21.75], "size": [4, 4, 2], "uv": [92, 49]}
					]
				},
				{
					"name": "leftbackleg",
					"parent": "body",
					"pivot": [6, 21, 9],
					"cubes": [
						{"origin": [2, 11, 4], "size": [6, 12, 8], "uv": [110, 0]}
					]
				},
				{
					"name": "leftbacklegp2",
					"parent": "leftbackleg",
					"pivot": [6, 13, 6],
					"rotation": [-25, 0, 0],
					"cubes": [
						{"origin": [2.5, 11, 5], "size": [5, 4, 9], "uv": [121, 102]}
					]
				},
				{
					"name": "leftbacklegp3",
					"parent": "leftbacklegp2",
					"pivot": [6, 13, 13],
					"rotation": [-82.5, 0, 0],
					"cubes": [
						{"origin": [3, 10.5, 12], "size": [4, 4, 11], "uv": [109, 86]}
					]
				},
				{
					"name": "leftbackhoof",
					"parent": "leftbacklegp3",
					"pivot": [6, 12, 22],
					"rotation": [17.5, 0, 0],
					"cubes": [
						{"origin": [3.01, 10.25, 21.75], "size": [4, 4, 2], "uv": [92, 42]}
					]
				}
			]
		}
	]
}