{
	"format_version": "1.12.0",
	"minecraft:geometry": [
		{
			"description": {
				"identifier": "geometry.fortraze",
				"texture_width": 64,
				"texture_height": 64,
				"visible_bounds_width": 2,
				"visible_bounds_height": 2.5,
				"visible_bounds_offset": [0, 0.75, 0]
			},
			"bones": [
				{
					"name": "fortraze",
					"pivot": [0, 0, 0]
				},
				{
					"name": "body",
					"parent": "fortraze",
					"pivot": [0, 14, 0]
				},
				{
					"name": "torso",
					"parent": "body",
					"pivot": [0, 14, 0],
					"cubes": [
						{"origin": [-2, 12, -2], "size": [4, 4, 4], "uv": [22, 8]}
					]
				},
				{
					"name": "head",
					"parent": "torso",
					"pivot": [0, 16.9, 0],
					"cubes": [
						{"origin": [-3, 17, -3], "size": [6, 6, 6], "uv": [0, 0]}
					]
				},
				{
					"name": "eyes",
					"parent": "head",
					"pivot": [0, 19, -3.1],
					"cubes": [
						{"origin": [1, 19, -3.1], "size": [2, 1, 0], "uv": [0, 1]},
						{"origin": [-3, 19, -3.1], "size": [2, 1, 0], "uv": [0, 0]}
					]
				},
				{
					"name": "eyebrows",
					"parent": "head",
					"pivot": [0, 20, -3.25]
				},
				{
					"name": "eyebrow1",
					"parent": "eyebrows",
					"pivot": [1, 20, -3.2],
					"cubes": [
						{"origin": [1, 20, -3.2], "size": [4, 3, 0], "uv": [24, 0]}
					]
				},
				{
					"name": "eyebrow2",
					"parent": "eyebrows",
					"pivot": [-1, 20, -3.2],
					"cubes": [
						{"origin": [-5, 20, -3.2], "size": [4, 3, 0], "uv": [28, 3]}
					]
				},
				{
					"name": "shields",
					"parent": "body",
					"pivot": [0, 15, 0]
				},
				{
					"name": "shield1",
					"parent": "shields",
					"pivot": [8.65, 14.875, 0],
					"cubes": [
						{"origin": [8, 9, 3], "size": [1, 14, 2], "uv": [12, 33]},
						{"origin": [8, 9, -5], "size": [1, 14, 2], "uv": [0, 33]},
						{"origin": [8.3, 21, -2], "size": [1, 2, 4], "uv": [18, 0]},
						{"origin": [8.3, 6, -3], "size": [1, 15, 6], "uv": [0, 12]}
					]
				},
				{
					"name": "sheild2",
					"parent": "shields",
					"pivot": [-8.65, 14.875, 0],
					"cubes": [
						{"origin": [-9.3, 6, -3], "size": [1, 15, 6], "uv": [14, 12]},
						{"origin": [-9.3, 21, -2], "size": [1, 2, 4], "uv": [8, 12]},
						{"origin": [-9, 9, -5], "size": [1, 14, 2], "uv": [6, 33]},
						{"origin": [-9, 9, 3], "size": [1, 14, 2], "uv": [18, 33]}
					]
				},
				{
					"name": "rods",
					"parent": "body",
					"pivot": [0, 11, 0]
				},
				{
					"name": "rod1",
					"parent": "rods",
					"pivot": [0, 11, -6],
					"cubes": [
						{"origin": [-1, 5, -7], "size": [2, 12, 2], "uv": [28, 30]}
					]
				},
				{
					"name": "rod2",
					"parent": "rods",
					"pivot": [0, 11, 6],
					"cubes": [
						{"origin": [-1, 5, 5], "size": [2, 12, 2], "uv": [28, 16]}
					]
				}
			]
		}
	]
}