{
  "implemented": true,
  "name": "blok_lyoko",
  "nationalPokedexNumber": 2403,
  "primaryType": "dark",
  "secondaryType": "ice",
  "abilities": [
    "adaptability",
    "aftermath"
  ],
  "baseStats": {
    "hp": 78,
    "attack": 51,
    "defence": 70,
    "special_attack": 83,
    "special_defence": 68,
    "speed": 60
  },
  "standingEyeHeight": 0.6,
  "behaviour": {
    "resting": {
      "canSleep": false,
      "depth": "normal",
      "light": "0-4",
      "willSleepOnBed": false,
      "times": "night"
    },
    "moving": {
      "canLook": true,
      "walk": {
        "walkSpeed": 0.27,
        "canWalk": true,
        "avoidsLand": false
      },
      "swim": {
        "swimSpeed": 0.3,
        "canSwimInWater": false,
        "canBreatheUnderwater": false
      },
      "fly": {
        "canFly": false,
        "flySpeedHorizontal": 0.3
      }
    }
  },
  "catchRate": 45,
  "maleRatio": -1,
  "shoulderMountable": false,
  "baseExperienceYield": 70,
  "experienceGroup": "medium_slow",
  "eggCycles": 25,
  "eggGroups": [
    "mineral"
  ],
  "drops": {
    "amount": 1,
    "entries": []
  },
  "moves": [
    "0:tackle",
    "0:triattack",
    "0:weatherball",
    "0:icebeam",
    "0:ember",
    "0:chargebeam",
    "5:swordsdance",
    "10:bubblebeam",
    "15:aurorabeam",
    "20:icywind",
    "25:iceshard",
    "30:flashcannon",
    "35:flamethrower",
    "40:ironhead",
    "45:heatwave",
    "50:brutalswing",
    "55:solarbeam",
    "60:zapcannon",
    "tm:pound",
    "tm:tackle",
    "tm:selfdestruct",
    "tm:swift",
    "tm:explosion",
    "tm:rapidspin",
    "tm:rockclimb",
    "tm:flamethrower",
    "tm:lavaplume",
    "tm:flameburst",
    "tm:incinerate",
    "tm:rocksmash",
    "tm:electroball",
    "tm:dig",
    "tm:iciclespear",
    "tm:iciclecrash",
    "tm:hail",
    "tm:pursuit",
    "tm:knockoff",
    "tm:darkpulse",
    "tm:gyroball",

    "100:pound",
    "100:tackle",
    "100:selfdestruct",
    "100:swift",
    "100:explosion",
    "100:rapidspin",
    "100:rockclimb",
    "100:flamethrower",
    "100:lavaplume",
    "100:flameburst",
    "100:incinerate",
    "100:rocksmash",
    "100:electroball",
    "100:dig",
    "100:iciclespear",
    "100:iciclecrash",
    "100:hail",
    "100:pursuit",
    "100:knockoff",
    "100:darkpulse",
    "100:gyroball"
  ],
  "labels": [
    "lyoko",
    "monster",
    "digital",
    "ultra_beast"
  ],
  "pokedex": [
    "cobblemon.species.bloklyoko.desc"
  ],
  "baseScale": 0.8,
  "hitbox": {
    "width": 2,
    "height": 2.5,
    "fixed": false
  },
  "baseFriendship": 0,
  "evYield": {
    "hp": 1,
    "attack": 0,
    "defence": 0,
    "special_attack": 2,
    "special_defence": 0,
    "speed": 0
  },
  "height": 17,
  "weight": 1800,
  "evolutions": []
}