{
  "implemented": true,
  "name": "hornet_lyoko",
  "nationalPokedexNumber": 2405,
  "primaryType": "dark",
  "secondaryType": "flying",
  "abilities": [
    "adaptability",
    "aftermath"
  ],
  "baseStats": {
    "hp": 55,
    "attack": 93,
    "defence": 66,
    "special_attack": 66,
    "special_defence": 40,
    "speed": 90
  },
  "behaviour": {
    "resting": {
      "canSleep": false,
      "depth": "normal",
      "light": "0-4",
      "willSleepOnBed": false,
      "times": "night"
    },
    "moving": {
      "canLook": true,
      "walk": {
        "walkSpeed": 0.5,
        "canWalk": true,
        "avoidsLand": false
      },
      "swim": {
        "swimSpeed": 0.3,
        "canSwimInWater": false,
        "canBreatheUnderwater": false
      },
      "fly": {
        "canFly": true,
        "flySpeedHorizontal": 0.6
      }
    }
  },
  "catchRate": 45,
  "maleRatio": -1,
  "shoulderMountable": false,
  "baseExperienceYield": 70,
  "experienceGroup": "medium_slow",
  "eggCycles": 25,
  "eggGroups": [
    "mineral"
  ],
  "drops": {
    "amount": 1,
    "entries": []
  },
  "moves": [
    "0:razorwind",
    "0:fly",
    "0:gust",
    "0:aircutter",
    "0:ember",
    "0:poisonsting",
    "0:acid",
    "0:twineedle",
    "0:fellstinger",
    "5:swordsdance",
    "10:peck",
    "15:doubleteam",
    "20:wingattack",
    "25:drillpeck",
    "30:poisontail",
    "35:flamethrower",
    "40:strugglebug",
    "45:airslash",
    "50:bugbuzz",
    "55:solarbeam",
    "60:zapcannon",
    "tm:pound",
    "tm:razorwind",
    "tm:tackle",
    "tm:quickattack",
    "tm:selfdestruct",
    "tm:swift",
    "tm:spikecannon",
    "tm:explosion",
    "tm:flamethrower",
    "tm:lavaplume",
    "tm:flameburst",
    "tm:incinerate",
    "tm:gust",
    "tm:peck",
    "tm:drillpeck",
    "tm:aircutter",
    "tm:defog",
    "tm:poisonsting",
    "tm:acid",
    "tm:smog",
    "tm:poisonjab",
    "tm:silverwind",
    "tm:pursuit",
    "tm:knockoff",
    "tm:darkpulse",

    "100:pound",
    "100:razorwind",
    "100:tackle",
    "100:quickattack",
    "100:selfdestruct",
    "100:swift",
    "100:spikecannon",
    "100:explosion",
    "100:flamethrower",
    "100:lavaplume",
    "100:flameburst",
    "100:incinerate",
    "100:gust",
    "100:peck",
    "100:drillpeck",
    "100:aircutter",
    "100:defog",
    "100:poisonsting",
    "100:acid",
    "100:smog",
    "100:poisonjab",
    "100:silverwind",
    "100:pursuit",
    "100:knockoff",
    "100:darkpulse"
  ],
  "labels": [
    "lyoko",
    "monster",
    "digital",
    "ultra_beast"
  ],
  "pokedex": [
    "cobblemon.species.hornetlyoko.desc"
  ],
  "baseScale": 1,
  "hitbox": {
    "width": 1,
    "height": 1.6,
    "fixed": false
  },
  "baseFriendship": 0,
  "evYield": {
    "hp": 0,
    "attack": 2,
    "defence": 0,
    "special_attack": 0,
    "special_defence": 0,
    "speed": 1
  },
  "height": 10,
  "weight": 250,
  "evolutions": []
}