{
  "implemented": true,
  "name": "kankrelatlyoko",
  "nationalPokedexNumber": 2404,
  "primaryType": "dark",
  "secondaryType": "bug",
  "abilities": [
    "adaptability",
    "aftermath"
  ],
  "baseStats": {
    "hp": 50,
    "attack": 43,
    "defence": 54,
    "special_attack": 78,
    "special_defence": 53,
    "speed": 72
  },
  "standingEyeHeight": 0.4,
  "behaviour": {
    "resting": {
      "canSleep": false,
      "depth": "normal",
      "light": "0-4",
      "willSleepOnBed": false,
      "times": "night"
    },
    "moving": {
      "canLook": true,
      "walk": {
        "walkSpeed": 0.5,
        "canWalk": true,
        "avoidsLand": false
      },
      "swim": {
        "swimSpeed": 0.3,
        "canSwimInWater": false,
        "canBreatheUnderwater": false
      },
      "fly": {
        "canFly": false,
        "flySpeedHorizontal": 0.3
      }
    }
  },
  "catchRate": 46,
  "maleRatio": -1,
  "shoulderMountable": false,
  "baseExperienceYield": 50,
  "experienceGroup": "medium_slow",
  "eggCycles": 10,
  "eggGroups": [
    "mineral"
  ],
  "drops": {
    "amount": 1,
    "entries": []
  },
  "moves": [
    "0:headbutt",
    "0:tackle",
    "0:chipaway",
    "0:powergem",
    "0:ember",
    "0:quickattack",
    "5:swordsdance",
    "10:spite",
    "15:thief",
    "20:torment",
    "25:ironhead",
    "30:flashcannon",
    "35:flamethrower",
    "40:signalbeam",
    "45:nightslash",
    "50:uturn",
    "55:solarbeam",
    "60:zapcannon",
    "tm:pound",
    "tm:headbutt",
    "tm:tackle",
    "tm:selfdestruct",
    "tm:swift",
    "tm:spikecannon",
    "tm:explosion",
    "tm:flail",
    "tm:rapidspin",
    "tm:rockclimb",
    "tm:flamethrower",
    "tm:lavaplume",
    "tm:flameburst",
    "tm:incinerate",
    "tm:electroball",
    "tm:uturn",
    "tm:fellstinger",
    "tm:lunge",
    "tm:pursuit",
    "tm:knockoff",
    "tm:darkpulse",

    "100:pound",
    "100:headbutt",
    "100:tackle",
    "100:selfdestruct",
    "100:swift",
    "100:spikecannon",
    "100:explosion",
    "100:flail",
    "100:rapidspin",
    "100:rockclimb",
    "100:flamethrower",
    "100:lavaplume",
    "100:flameburst",
    "100:incinerate",
    "100:electroball",
    "100:uturn",
    "100:fellstinger",
    "100:lunge",
    "100:pursuit",
    "100:knockoff",
    "100:darkpulse"
  ],
  "labels": [
    "lyoko",
    "monster",
    "digital",
    "ultra_beast"
  ],
  "pokedex": [
    "cobblemon.species.kankrelatlyoko.desc"
  ],
  "baseScale": 1,
  "hitbox": {
    "width": 0.6,
    "height": 0.8,
    "fixed": false
  },
  "baseFriendship": 0,
  "evYield": {
    "hp": 0,
    "attack": 0,
    "defence": 0,
    "special_attack": 2,
    "special_defence": 0,
    "speed": 1
  },
  "height": 5,
  "weight": 120,
  "evolutions": []
}