{
  "implemented": true,
  "name": "krab_lyoko",
  "nationalPokedexNumber": 2401,
  "primaryType": "dark",
  "secondaryType": "ground",
  "abilities": [
    "adaptability",
    "aftermath"
  ],
  "baseStats": {
    "hp": 71,
    "attack": 100,
    "defence": 86,
    "special_attack": 105,
    "special_defence": 83,
    "speed": 65
  },
  "behaviour": {
    "resting": {
      "canSleep": false,
      "depth": "normal",
      "light": "0-4",
      "willSleepOnBed": false,
      "times": "night"
    },
    "moving": {
      "canLook": true,
      "walk": {
        "walkSpeed": 0.34,
        "canWalk": true,
        "avoidsLand": false
      },
      "swim": {
        "swimSpeed": 0.3,
        "canSwimInWater": false,
        "canBreatheUnderwater": false
      },
      "fly": {
        "canFly": false,
        "flySpeedHorizontal": 0.3
      }
    }
  },
  "catchRate": 45,
  "maleRatio": -1,
  "shoulderMountable": false,
  "baseExperienceYield": 120,
  "experienceGroup": "medium_slow",
  "eggCycles": 25,
  "eggGroups": [
    "mineral"
  ],
  "drops": {
    "amount": 1,
    "entries": []
  },
  "moves": [
    "0:scratch",
    "0:cut",
    "0:hornattack",
    "0:slash",
    "0:ember",
    "0:thundershock",
    "0:metalclaw",
    "5:swordsdance",
    "10:clamp",
    "15:flash",
    "20:rocksmash",
    "25:sharpen",
    "30:brickbreak",
    "35:flamethrower",
    "40:xscissor",
    "45:earthquake",
    "50:shadowclaw",
    "55:solarbeam",
    "60:zapcannon",
    "tm:pound",
    "tm:cut",
    "tm:furyattack",
    "tm:tackle",
    "tm:strength",
    "tm:selfdestruct",
    "tm:swift",
    "tm:explosion",
    "tm:furyswipes",
    "tm:crushclaw",
    "tm:rockclimb",
    "tm:lavaplume",
    "tm:flameburst",
    "tm:incinerate",
    "tm:crabhammer",
    "tm:thundershock",
    "tm:electroball",
    "tm:dig",
    "tm:boneclub",
    "tm:furycutter",
    "tm:pursuit",
    "tm:knockoff",
    "tm:darkpulse",

    "100:pound",
    "100:cut",
    "100:furyattack",
    "100:tackle",
    "100:strength",
    "100:selfdestruct",
    "100:swift",
    "100:explosion",
    "100:furyswipes",
    "100:crushclaw",
    "100:rockclimb",
    "100:lavaplume",
    "100:flameburst",
    "100:incinerate",
    "100:crabhammer",
    "100:thundershock",
    "100:electroball",
    "100:dig",
    "100:boneclub",
    "100:furycutter",
    "100:pursuit",
    "100:knockoff",
    "100:darkpulse"
  ],
  "labels": [
    "lyoko",
    "monster",
    "digital",
    "ultra_beast"
  ],
  "pokedex": [
    "cobblemon.species.krablyoko.desc"
  ],
  "baseScale": 0.8,
  "hitbox": {
    "width": 4.5,
    "height": 3.5,
    "fixed": false
  },
  "baseFriendship": 0,
  "evYield": {
    "hp": 0,
    "attack": 1,
    "defence": 0,
    "special_attack": 2,
    "special_defence": 0,
    "speed": 0
  },
  "height": 2200,
  "weight": 1500,
  "evolutions": []
}