{
  "implemented": true,
  "name": "megatank_lyoko",
  "nationalPokedexNumber": 2402,
  "primaryType": "dark",
  "secondaryType": "steel",
  "abilities": [
    "adaptability",
    "aftermath"
  ],
  "baseStats": {
    "hp": 55,
    "attack": 73,
    "defence": 120,
    "special_attack": 120,
    "special_defence": 60,
    "speed": 82
  },
  "standingEyeHeight": 0.50,
  "behaviour": {
    "resting": {
      "canSleep": false,
      "depth": "normal",
      "light": "0-4",
      "willSleepOnBed": false,
      "times": "night"
    },
    "moving": {
      "canLook": true,
      "walk": {
        "walkSpeed": 0.4,
        "canWalk": true,
        "avoidsLand": false
      },
      "swim": {
        "swimSpeed": 0.3,
        "canSwimInWater": false,
        "canBreatheUnderwater": false
      },
      "fly": {
        "canFly": false,
        "flySpeedHorizontal": 0.3
      }
    }
  },
  "catchRate": 45,
  "maleRatio": -1,
  "shoulderMountable": false,
  "baseExperienceYield": 120,
  "experienceGroup": "medium_slow",
  "eggCycles": 30,
  "eggGroups": [
    "mineral"
  ],
  "drops": {
    "amount": 1,
    "entries": []
  },
  "moves": [
    "0:bodyslam",
    "0:doubleedge",
    "0:hyperbeam",
    "0:rapidspin",
    "0:ember",
    "0:withdraw",
    "0:rollout",
    "5:swordsdance",
    "10:wideguard",
    "15:harden",
    "20:protect",
    "25:steamroller",
    "30:gyroball",
    "35:flamethrower",
    "40:heavyslam",
    "45:shiftgear",
    "50:gigaimpact",
    "55:fireblast",
    "60:zapcannon",
    "tm:pound",
    "tm:guillotine",
    "tm:tackle",
    "tm:takedown",
    "tm:doubleedge",
    "tm:strength",
    "tm:selfdestruct",
    "tm:swift",
    "tm:explosion",
    "tm:rapidspin",
    "tm:chipaway",
    "tm:flamethrower",
    "tm:lavaplume",
    "tm:flameburst",
    "tm:incinerate",
    "tm:rocksmash",
    "tm:electroball",
    "tm:rollout",
    "tm:pursuit",
    "tm:knockoff",
    "tm:darkpulse",
    "tm:quash",
    "tm:mirrorshot",
    "tm:ironhead",
    "tm:irondefense",
    "tm:metalsound",

    "100:pound",
    "100:guillotine",
    "100:tackle",
    "100:takedown",
    "100:doubleedge",
    "100:strength",
    "100:selfdestruct",
    "100:swift",
    "100:explosion",
    "100:rapidspin",
    "100:chipaway",
    "100:flamethrower",
    "100:lavaplume",
    "100:flameburst",
    "100:incinerate",
    "100:rocksmash",
    "100:electroball",
    "100:rollout",
    "100:pursuit",
    "100:knockoff",
    "100:darkpulse",
    "100:quash",
    "100:mirrorshot",
    "100:ironhead",
    "100:judgment",
    "100:metalsound"
  ],
  "labels": [
    "lyoko",
    "monster",
    "digital",
    "ultra_beast"
  ],
  "pokedex": [
    "cobblemon.species.megatanklyoko.desc"
  ],
  "baseScale": 1,
  "hitbox": {
    "width": 2.5,
    "height": 2.5,
    "fixed": false
  },
  "baseFriendship": 0,
  "evYield": {
    "hp": 0,
    "attack": 0,
    "defence": 2,
    "special_attack": 1,
    "special_defence": 0,
    "speed": 0
  },
  "height": 2500,
  "weight": 9990,
  "evolutions": []
}