{
	"format_version": "1.8.0",
	"animations": {
		"animation.chamying.ground_idle": {
			"loop": true,
			"animation_length": 3,
			"bones": {
				"head": {
					"rotation": {
						"0.0": [0, 0, 0],
						"1.52": [-5, 0, 0],
						"3.0": [0, 0, 0]
					}
				},
				"tail": {
					"rotation": {
						"0.0": [0, 0, 0],
						"1.52": [-10, 0, 0],
						"3.0": [0, 0, 0]
					}
				},
				"bone2": {
					"position": {
						"0.0": [0, 0, 0],
						"1.52": [0, -2, 0],
						"3.0": [0, 0, 0]
					}
				},
				"spin": {
					"rotation": {
						"0.0": [0, 0, 0],
						"3.0": [0, 0, 360]
					}
				}
			}
		},
		"animation.chamying.ground_walk": {
			"loop": true,
			"animation_length": 1.56,
			"bones": {
				"head": {
					"rotation": [-10, 0, 0]
				},
				"tail": {
					"rotation": {
						"0.0": [0, 0, 0],
						"0.76": [-15, 0, 0],
						"1.56": [0, 0, 0]
					}
				},
				"spin": {
					"rotation": {
						"0.0": [0, 0, 0],
						"1.56": [0, 0, 360]
					}
				},
				"bone2": {
					"rotation": [12.5, 0, 0],
					"position": {
						"0.0": [0, 0, 2],
						"0.76": [0, 2, 2],
						"1.56": [0, 0, 2]
					}
				}
			}
		}
	}
}