{
	"format_version": "1.8.0",
	"animations": {
		"animation.haghoula.ground_idle": {
			"loop": true,
			"bones": {
				"torso": {
					"rotation": ["4*(math.sin(q.anim_time*90*3)*0.5)-4*(math.sin(q.anim_time*90*3/2)*0.25)", 0, 0]
				},
				"upper_torso": {
					"rotation": ["4*(math.sin(q.anim_time*90*3-30)*0.5)-4*(math.sin(q.anim_time*90*3/2-30)*0.25)", 0, 0]
				},
				"head": {
					"rotation": ["12.5+4*(math.sin(q.anim_time*90*3-60)*0.5)-4*(math.sin(q.anim_time*90*3/2-60)*0.25)", 0, 0]
				},
				"arm_left": {
					"rotation": [
						"25.8886+4*(math.sin(q.anim_time*90*4/3)*1.5)-4*(math.sin(q.anim_time*90*4/2)*1.25)",
						"-12.7823+4*(math.sin(q.anim_time*90*4/3)*0.5)-4*(math.sin(q.anim_time*90*4/2)*0.25)",
						41.43868
					]
				},
				"arm_left2": {
					"rotation": [
						"20.6625+4*(math.sin(q.anim_time*90*4/3-30)*1.5)-4*(math.sin(q.anim_time*90*4/2-30)*1.25)",
						"-5.8226+4*(math.sin(q.anim_time*90*4/3-30)*0.5)-4*(math.sin(q.anim_time*90*4/2-30)*0.25)",
						-11.08554
					]
				},
				"arm_left3": {
					"rotation": [
						"-36.3816+4*(math.sin(q.anim_time*90*4/3-60)*1.5)-4*(math.sin(q.anim_time*90*4/2-60)*1.25)",
						"12.5729+4*(math.sin(q.anim_time*90*4/3-60)*0.5)-4*(math.sin(q.anim_time*90*4/2-60)*0.25)",
						-30.2742
					]
				},
				"arm_left4": {
					"rotation": [
						"-9.6868+4*(math.sin(q.anim_time*90*4/3-90)*1.5)-4*(math.sin(q.anim_time*90*4/2-90)*1.25)",
						"3.9696+4*(math.sin(q.anim_time*90*4/3-90)*0.5)-4*(math.sin(q.anim_time*90*4/2-90)*0.25)",
						-3.5263
					]
				},
				"arm_right": {
					"rotation": [
						"25.8886+4*(math.sin(q.anim_time*90*4/3)*1.5)-4*(math.sin(q.anim_time*90*4/2)*1.25)",
						"12.7823+4*(math.sin(q.anim_time*90*4/3)*0.5)-4*(math.sin(q.anim_time*90*4/2)*0.25)",
						-41.4387
					]
				},
				"arm_right2": {
					"rotation": [
						"20.4693+4*(math.sin(q.anim_time*90*4/3-30)*1.5)-4*(math.sin(q.anim_time*90*4/2-30)*1.25)",
						"5.8414+4*(math.sin(q.anim_time*90*4/3-30)*0.5)-4*(math.sin(q.anim_time*90*4/2-30)*0.25)",
						11.06592
					]
				},
				"arm_right3": {
					"rotation": [
						"-36.3816+4*(math.sin(q.anim_time*90*4/3-60)*1.5)-4*(math.sin(q.anim_time*90*4/2-60)*1.25)",
						"-12.5729+4*(math.sin(q.anim_time*90*4/3-60)*0.5)-4*(math.sin(q.anim_time*90*4/2-60)*0.25)",
						30.27424
					]
				},
				"arm_right4": {
					"rotation": [
						"-9.6868+4*(math.sin(q.anim_time*90*4/3-90)*1.5)-4*(math.sin(q.anim_time*90*4/2-90)*1.25)",
						"-3.9696+4*(math.sin(q.anim_time*90*4/3-90)*0.5)-4*(math.sin(q.anim_time*90*4/2-90)*0.25)",
						3.52628
					]
				},
				"tail": {
					"rotation": ["2.5-4*(math.sin(q.anim_time*90*3)*0.5)+4*(math.sin(q.anim_time*90*3/2)*0.25)", 0, 0]
				},
				"tail2": {
					"rotation": ["45-4*(math.sin(q.anim_time*90*3-30)*0.5)+4*(math.sin(q.anim_time*90*3/2-30)*0.25)", 0, 0]
				},
				"tail3": {
					"rotation": ["55-4*(math.sin(q.anim_time*90*3-60)*0.5)+4*(math.sin(q.anim_time*90*3/2-60)*0.25)", 0, 0]
				},
				"tail4": {
					"rotation": ["65-4*(math.sin(q.anim_time*90*3-90)*0.5)+4*(math.sin(q.anim_time*90*3/2-90)*0.25)", 0, 0]
				}
			}
		},
		"animation.haghoula.ground_walk": {
			"loop": true,
			"bones": {
				"torso": {
					"rotation": [
						"4*(math.sin(q.anim_time*90*3)*0.5)-4*(math.sin(q.anim_time*90*3/2)*0.25)",
						"-4*(math.sin(q.anim_time*90*3+30)*2)",
						"-4*(math.sin(q.anim_time*90*3+30)*1)"
					]
				},
				"upper_torso": {
					"rotation": [
						"4*(math.sin(q.anim_time*90*3-30)*0.5)-4*(math.sin(q.anim_time*90*3/2-30)*0.25)",
						0,
						"-4*(math.sin(q.anim_time*90*3-60)*0.25)-4*(math.sin(q.anim_time*90*3/2-60)*0.05)"
					]
				},
				"head": {
					"rotation": ["4*(math.sin(q.anim_time*90*3-60)*0.5)-4*(math.sin(q.anim_time*90*3/2-60)*0.25)", 0, 0]
				},
				"arm_left": {
					"rotation": [
						"25.8886+4*(math.sin(q.anim_time*90*4/3)*1.5)-4*(math.sin(q.anim_time*90*4/2)*1.25)",
						"-12.7823+4*(math.sin(q.anim_time*90*4/3)*0.5)-4*(math.sin(q.anim_time*90*4/2)*0.25)",
						41.43868
					]
				},
				"arm_left2": {
					"rotation": [
						"20.6625+4*(math.sin(q.anim_time*90*4/3-30)*1.5)-4*(math.sin(q.anim_time*90*4/2-30)*1.25)",
						"-5.8226+4*(math.sin(q.anim_time*90*4/3-30)*0.5)-4*(math.sin(q.anim_time*90*4/2-30)*0.25)",
						-11.08554
					]
				},
				"arm_left3": {
					"rotation": [
						"-36.3816+4*(math.sin(q.anim_time*90*4/3-60)*1.5)-4*(math.sin(q.anim_time*90*4/2-60)*1.25)",
						"12.5729+4*(math.sin(q.anim_time*90*4/3-60)*0.5)-4*(math.sin(q.anim_time*90*4/2-60)*0.25)",
						-30.2742
					]
				},
				"arm_left4": {
					"rotation": [
						"-9.6868+4*(math.sin(q.anim_time*90*4/3-90)*1.5)-4*(math.sin(q.anim_time*90*4/2-90)*1.25)",
						"3.9696+4*(math.sin(q.anim_time*90*4/3-90)*0.5)-4*(math.sin(q.anim_time*90*4/2-90)*0.25)",
						-3.5263
					]
				},
				"arm_right": {
					"rotation": [
						"25.8886+4*(math.sin(q.anim_time*90*4/3)*1.5)-4*(math.sin(q.anim_time*90*4/2)*1.25)",
						"12.7823+4*(math.sin(q.anim_time*90*4/3)*0.5)-4*(math.sin(q.anim_time*90*4/2)*0.25)",
						-41.4387
					]
				},
				"arm_right2": {
					"rotation": [
						"20.4693+4*(math.sin(q.anim_time*90*4/3-30)*1.5)-4*(math.sin(q.anim_time*90*4/2-30)*1.25)",
						"5.8414+4*(math.sin(q.anim_time*90*4/3-30)*0.5)-4*(math.sin(q.anim_time*90*4/2-30)*0.25)",
						11.06592
					]
				},
				"arm_right3": {
					"rotation": [
						"-36.3816+4*(math.sin(q.anim_time*90*4/3-60)*1.5)-4*(math.sin(q.anim_time*90*4/2-60)*1.25)",
						"-12.5729+4*(math.sin(q.anim_time*90*4/3-60)*0.5)-4*(math.sin(q.anim_time*90*4/2-60)*0.25)",
						30.27424
					]
				},
				"arm_right4": {
					"rotation": [
						"-9.6868+4*(math.sin(q.anim_time*90*4/3-90)*1.5)-4*(math.sin(q.anim_time*90*4/2-90)*1.25)",
						"-3.9696+4*(math.sin(q.anim_time*90*4/3-90)*0.5)-4*(math.sin(q.anim_time*90*4/2-90)*0.25)",
						3.52628
					]
				},
				"tail": {
					"rotation": [0, "-4*(math.sin(q.anim_time*180*1.5-90)*4)", 0],
					"position": [0, 0, 1]
				},
				"tail2": {
					"rotation": [0, "-4*(math.sin(q.anim_time*180*1.5-180)*4)", 0]
				},
				"tail3": {
					"rotation": [0, "-4*(math.sin(q.anim_time*180*1.5-270)*8)", 0]
				},
				"tail4": {
					"rotation": [0, "-4*(math.sin(q.anim_time*180*1.5-360)*8)", 0]
				}
			}
		},
		"animation.haghoula.blink": {
			"animation_length": 0.4167,
			"bones": {
				"eyelid_left": {
					"position": {
						"0.0": [0, 0, 0],
						"0.0833": [0.25, -0.25, 0],
						"0.2917": [0.25, -0.25, 0],
						"0.375": [0, 0, 0]
					}
				},
				"eyelid_right": {
					"position": {
						"0.0": [0, 0, 0],
						"0.0833": [-0.25, -0.25, 0],
						"0.2917": [-0.25, -0.25, 0],
						"0.375": [0, 0, 0]
					}
				}
			}
		},
		"animation.haghoula.sleep": {
			"loop": true,
			"bones": {
				"eyelid_left": {
					"position": [0.25, -0.25, 0]
				},
				"eyelid_right": {
					"position": [-0.25, -0.25, 0]
				},
				"body": {
					"rotation": [0, 0, -90],
					"position": [0, 2.5, 6]
				},
				"tail": {
					"rotation": ["-27.5+4*(math.sin(q.anim_time*90*1)*0.5)-4*(math.sin(q.anim_time*90*1/2)*0.25)", 0, 0],
					"position": [0, 0.75, -2]
				},
				"tail2": {
					"rotation": ["-57.5+4*(math.sin(q.anim_time*90*1-30)*0.5)-4*(math.sin(q.anim_time*90*1/2-30)*0.25)", 0, 0],
					"position": [0, 1.5, -3.5]
				},
				"tail3": {
					"rotation": ["-45+4*(math.sin(q.anim_time*90*1-60)*0.5)-4*(math.sin(q.anim_time*90*1/2-60)*0.25)", 0, 0],
					"position": [0, 1.75, -2.75]
				},
				"tail4": {
					"rotation": ["-55+4*(math.sin(q.anim_time*90*1-90)*0.5)-4*(math.sin(q.anim_time*90*1/2-90)*0.25)", 0, 0],
					"position": [0, 1.25, -1.75]
				},
				"torso": {
					"rotation": ["67.5+4*(math.sin(q.anim_time*90*1+30)*0.5)-4*(math.sin(q.anim_time*90*1/2+30 )*0.25)", 0, 0]
				},
				"upper_torso": {
					"rotation": ["67.5+4*(math.sin(q.anim_time*90*1+60)*0.5)-4*(math.sin(q.anim_time*90*1/2+60)*0.25)", 0, 0],
					"position": [0, 2, 3.5]
				},
				"head": {
					"rotation": ["22.7178+4*(math.sin(q.anim_time*90*1+90)*0.5)-4*(math.sin(q.anim_time*90*1/2+90)*0.25)", 3.95619, -38.44856],
					"position": [0, 0, 1.5]
				},
				"arm_left": {
					"rotation": [-91.0452, 37.44301, 11.03434],
					"position": [0, 2.25, 0]
				},
				"arm_left2": {
					"rotation": [-55, 0, 0],
					"position": [0, 0, -2.25]
				},
				"arm_left3": {
					"rotation": [105, 0, 0],
					"position": [0, 0, -4]
				},
				"arm_left4": {
					"rotation": [-12.5, 0, 0],
					"position": [0, 0, -2]
				},
				"arm_right": {
					"rotation": ["105+4*(math.sin(q.anim_time*90*1-30)*0.5)-4*(math.sin(q.anim_time*90*1/2-30)*0.25)", 0, 0],
					"position": [-1.5, 0, 0]
				},
				"arm_right2": {
					"rotation": [-40.3191, 0, 0],
					"position": [0, 0.5, -0.5]
				},
				"arm_right3": {
					"rotation": [29.79, 0, 0],
					"position": [0, 1, -2]
				},
				"arm_right4": {
					"rotation": [16.6323, 0, 0],
					"position": [-0.5, 0.5, -2]
				}
			}
		},
		"animation.haghoula.cry": {
			"animation_length": 1.5,
			"bones": {
				"torso": {
					"rotation": {
						"0.0": {
							"post": [0, 0, 0],
							"lerp_mode": "catmullrom"
						},
						"0.1667": {
							"post": [-9.99656, 0.05703, -0.11934],
							"lerp_mode": "catmullrom"
						},
						"1.1667": {
							"post": [-12.5, 0, 0],
							"lerp_mode": "catmullrom"
						},
						"1.5": {
							"post": [0, 0, 0],
							"lerp_mode": "catmullrom"
						}
					}
				},
				"upper_torso": {
					"rotation": {
						"0.0": {
							"post": [0, 0, 0],
							"lerp_mode": "catmullrom"
						},
						"0.1667": {
							"post": [-1.79, 0, 0],
							"lerp_mode": "catmullrom"
						},
						"1.1667": {
							"post": [-12.5, 0, 0],
							"lerp_mode": "catmullrom"
						},
						"1.5": {
							"post": [0, 0, 0],
							"lerp_mode": "catmullrom"
						}
					}
				},
				"head": {
					"rotation": {
						"0.0": [0, 0, 0],
						"0.1667": ["7.5+(math.sin(q.anim_time*90*16)*7)", 0, 0],
						"1.1667": [2.5, 0, 0],
						"1.5": [0, 0, 0]
					},
					"position": {
						"0.0": [0, 0, 0],
						"0.1667": [0, 0, 0],
						"1.1667": [0, 0, 0.75],
						"1.5": [0, 0, 0]
					}
				}
			},
			"sound_effects": {
				"0.0": {
					"effect": "pokemon.haghoula.cry"
				}
			}
		},
		"animation.haghoula.recoil": {
			"animation_length": 1.5,
			"bones": {
				"tail": {
					"rotation": {
						"0.0": [0, 0, 0],
						"0.1667": {
							"pre": [10, 0, 0],
							"post": [10, 0, 0],
							"lerp_mode": "catmullrom"
						},
						"0.625": {
							"post": [7.88, 0, 0],
							"lerp_mode": "catmullrom"
						},
						"1.3333": [0, 0, 0]
					}
				},
				"torso": {
					"rotation": {
						"0.0": [0, 0, 0],
						"0.125": [-12, 0, 0],
						"0.4583": {
							"pre": [2.24067, 0, 0],
							"post": [2.24067, 0, 0],
							"lerp_mode": "catmullrom"
						},
						"0.8333": {
							"post": [2.24067, 0, 0],
							"lerp_mode": "catmullrom"
						},
						"1.2917": [0, 0, 0]
					}
				},
				"upper_torso": {
					"rotation": {
						"0.0": [0, 0, 0],
						"0.0833": {
							"pre": [-10, 0, 0],
							"post": [-10, 0, 0],
							"lerp_mode": "catmullrom"
						},
						"0.625": {
							"post": [-12.5, 0, 0],
							"lerp_mode": "catmullrom"
						},
						"1.125": {
							"post": [0, 0, 0],
							"lerp_mode": "catmullrom"
						},
						"1.5": [0, 0, 0]
					}
				},
				"head": {
					"rotation": {
						"0.0": [0, 0, 0],
						"0.125": {
							"pre": [10, 0, 0],
							"post": [10, 0, 0],
							"lerp_mode": "catmullrom"
						},
						"0.25": {
							"post": [-10, 0, 0],
							"lerp_mode": "catmullrom"
						},
						"0.5833": {
							"post": [-10, 0, 0],
							"lerp_mode": "catmullrom"
						},
						"0.9583": {
							"post": [0, 0, 0],
							"lerp_mode": "catmullrom"
						},
						"1.3333": [0, 0, 0]
					}
				},
				"eyelid_left": {
					"position": {
						"0.0": [0, 0, 0],
						"0.0417": [0.25, -0.25, 0],
						"0.25": [0.25, -0.25, 0],
						"0.3333": [0, 0, 0]
					}
				},
				"eyelid_right": {
					"position": {
						"0.0": [0, 0, 0],
						"0.0417": [-0.25, -0.25, 0],
						"0.25": [-0.25, -0.25, 0],
						"0.3333": [0, 0, 0]
					}
				}
			}
		},
		"animation.haghoula.faint": {
			"animation_length": 7.7917,
			"bones": {
				"tail": {
					"rotation": {
						"0.0": ["2.5-4*(math.sin(q.anim_time*90*3)*0.5)+4*(math.sin(q.anim_time*90*3/2)*0.25)", 0, 0],
						"0.0417": [10, 0, 0],
						"0.5": [7.88, 0, 0],
						"0.9583": ["2.5-4*(math.sin(q.anim_time*90*3)*0.5)+4*(math.sin(q.anim_time*90*3/2)*0.25)", 0, 0],
						"1.625": ["-27.5+4*(math.sin(q.anim_time*90*1)*0.5)-4*(math.sin(q.anim_time*90*1/2)*0.25)", 0, 0]
					},
					"position": {
						"0.0": [0, 0, 0],
						"0.9583": [0, 0, 0],
						"1.625": [0, 0.75, -2]
					}
				},
				"torso": {
					"rotation": {
						"0.0": ["4*(math.sin(q.anim_time*90*3)*0.5)-4*(math.sin(q.anim_time*90*3/2)*0.25)", 0, 0],
						"0.125": [-12, 0, 0],
						"0.3333": [2.24067, 0, 0],
						"0.7083": [2.24067, 0, 0],
						"0.9167": [0, 0, 0],
						"0.9583": ["4*(math.sin(q.anim_time*90*3)*0.5)-4*(math.sin(q.anim_time*90*3/2)*0.25)", 0, 0],
						"1.625": ["67.5+4*(math.sin(q.anim_time*90*1+30)*0.5)-4*(math.sin(q.anim_time*90*1/2+30 )*0.25)", 0, 0]
					}
				},
				"upper_torso": {
					"rotation": {
						"0.0": ["4*(math.sin(q.anim_time*90*3-30)*0.5)-4*(math.sin(q.anim_time*90*3/2-30)*0.25)", 0, 0],
						"0.0833": [-10, 0, 0],
						"0.5": [-12.5, 0, 0],
						"0.9583": ["4*(math.sin(q.anim_time*90*3-30)*0.5)-4*(math.sin(q.anim_time*90*3/2-30)*0.25)", 0, 0],
						"1.0": [0, 0, 0],
						"1.0417": [-10, 0, 0],
						"1.625": ["67.5+4*(math.sin(q.anim_time*90*1+60)*0.5)-4*(math.sin(q.anim_time*90*1/2+60)*0.25)", 0, 0]
					},
					"position": {
						"0.0": [0, 0, 0],
						"0.9583": [0, 0, 0],
						"1.625": [0, 2, 3.5]
					}
				},
				"head": {
					"rotation": {
						"0.0": ["12.5+4*(math.sin(q.anim_time*90*3-60)*0.5)-4*(math.sin(q.anim_time*90*3/2-60)*0.25)", 0, 0],
						"0.125": [-10, 0, 0],
						"0.4583": [-10, 0, 0],
						"0.8333": [0, 0, 0],
						"0.9583": ["12.5+4*(math.sin(q.anim_time*90*3-60)*0.5)-4*(math.sin(q.anim_time*90*3/2-60)*0.25)", 0, 0],
						"1.4583": ["22.7178+4*(math.sin(q.anim_time*90*1+90)*0.5)-4*(math.sin(q.anim_time*90*1/2+90)*0.25)", 3.95619, -38.44856]
					},
					"position": {
						"0.0": [0, 0, 0],
						"0.9583": [0, 0, 0],
						"1.4583": [0, 0, 1.5]
					}
				},
				"eyelid_left": {
					"position": {
						"0.0": [0, 0, 0],
						"0.0417": [0.25, -0.25, 0],
						"0.125": [0.25, -0.25, 0],
						"0.2083": [0, 0, 0],
						"0.9583": [0, 0, 0],
						"1.0": [0.25, -0.25, 0],
						"1.4583": [0.25, -0.25, 0]
					}
				},
				"eyelid_right": {
					"position": {
						"0.0": [0, 0, 0],
						"0.0417": [-0.25, -0.25, 0],
						"0.125": [-0.25, -0.25, 0],
						"0.2083": [0, 0, 0],
						"0.9583": [0, 0, 0],
						"1.0": [-0.25, -0.25, 0],
						"1.4583": [-0.25, -0.25, 0]
					}
				},
				"body": {
					"rotation": {
						"0.0": [0, 0, 0],
						"0.9583": [0, 0, 0],
						"1.625": [0, 0, -90]
					},
					"position": {
						"0.0": [0, 0, 0],
						"0.9583": [0, 0, 0],
						"1.625": [0, 2.5, 6]
					}
				},
				"tail2": {
					"rotation": {
						"0.0": ["45-4*(math.sin(q.anim_time*90*3-30)*0.5)+4*(math.sin(q.anim_time*90*3/2-30)*0.25)", 0, 0],
						"0.9583": ["45-4*(math.sin(q.anim_time*90*3-30)*0.5)+4*(math.sin(q.anim_time*90*3/2-30)*0.25)", 0, 0],
						"1.625": ["-57.5+4*(math.sin(q.anim_time*90*1-30)*0.5)-4*(math.sin(q.anim_time*90*1/2-30)*0.25)", 0, 0]
					},
					"position": {
						"0.0": [0, 0, 0],
						"0.9583": [0, 0, 0],
						"1.625": [0, 1.5, -3.5]
					}
				},
				"tail3": {
					"rotation": {
						"0.0": ["55-4*(math.sin(q.anim_time*90*3-60)*0.5)+4*(math.sin(q.anim_time*90*3/2-60)*0.25)", 0, 0],
						"0.9583": ["55-4*(math.sin(q.anim_time*90*3-60)*0.5)+4*(math.sin(q.anim_time*90*3/2-60)*0.25)", 0, 0],
						"1.625": ["-45+4*(math.sin(q.anim_time*90*1-60)*0.5)-4*(math.sin(q.anim_time*90*1/2-60)*0.25)", 0, 0]
					},
					"position": {
						"0.0": [0, 0, 0],
						"0.9583": [0, 0, 0],
						"1.625": [0, 1.75, -2.75]
					}
				},
				"tail4": {
					"rotation": {
						"0.0": ["65-4*(math.sin(q.anim_time*90*3-90)*0.5)+4*(math.sin(q.anim_time*90*3/2-90)*0.25)", 0, 0],
						"0.9583": ["65-4*(math.sin(q.anim_time*90*3-90)*0.5)+4*(math.sin(q.anim_time*90*3/2-90)*0.25)", 0, 0],
						"1.625": ["-55+4*(math.sin(q.anim_time*90*1-90)*0.5)-4*(math.sin(q.anim_time*90*1/2-90)*0.25)", 0, 0]
					},
					"position": {
						"0.0": [0, 0, 0],
						"0.9583": [0, 0, 0],
						"1.625": [0, 1.25, -1.75]
					}
				},
				"arm_left": {
					"rotation": {
						"0.0": [
							"25.8886+4*(math.sin(q.anim_time*90*4/3)*1.5)-4*(math.sin(q.anim_time*90*4/2)*1.25)",
							"-12.7823+4*(math.sin(q.anim_time*90*4/3)*0.5)-4*(math.sin(q.anim_time*90*4/2)*0.25)",
							41.43868
						],
						"0.9583": [
							"25.8886+4*(math.sin(q.anim_time*90*4/3)*1.5)-4*(math.sin(q.anim_time*90*4/2)*1.25)",
							"-12.7823+4*(math.sin(q.anim_time*90*4/3)*0.5)-4*(math.sin(q.anim_time*90*4/2)*0.25)",
							41.43868
						],
						"1.625": [-91.0452, 37.44301, 11.03434]
					},
					"position": {
						"0.0": [0, 0, 0],
						"0.9583": [0, 0, 0],
						"1.625": [0, 2.25, 0]
					}
				},
				"arm_left2": {
					"rotation": {
						"0.0": [
							"20.6625+4*(math.sin(q.anim_time*90*4/3-30)*1.5)-4*(math.sin(q.anim_time*90*4/2-30)*1.25)",
							"-5.8226+4*(math.sin(q.anim_time*90*4/3-30)*0.5)-4*(math.sin(q.anim_time*90*4/2-30)*0.25)",
							-11.08554
						],
						"0.9583": [
							"20.6625+4*(math.sin(q.anim_time*90*4/3-30)*1.5)-4*(math.sin(q.anim_time*90*4/2-30)*1.25)",
							"-5.8226+4*(math.sin(q.anim_time*90*4/3-30)*0.5)-4*(math.sin(q.anim_time*90*4/2-30)*0.25)",
							-11.08554
						],
						"1.625": [-55, 0, 0]
					},
					"position": {
						"0.0": [0, 0, 0],
						"0.9583": [0, 0, 0],
						"1.625": [0, 0, -2.25]
					}
				},
				"arm_left3": {
					"rotation": {
						"0.0": [
							"-36.3816+4*(math.sin(q.anim_time*90*4/3-60)*1.5)-4*(math.sin(q.anim_time*90*4/2-60)*1.25)",
							"12.5729+4*(math.sin(q.anim_time*90*4/3-60)*0.5)-4*(math.sin(q.anim_time*90*4/2-60)*0.25)",
							-30.2742
						],
						"0.9583": [
							"-36.3816+4*(math.sin(q.anim_time*90*4/3-60)*1.5)-4*(math.sin(q.anim_time*90*4/2-60)*1.25)",
							"12.5729+4*(math.sin(q.anim_time*90*4/3-60)*0.5)-4*(math.sin(q.anim_time*90*4/2-60)*0.25)",
							-30.2742
						],
						"1.625": [105, 0, 0]
					},
					"position": {
						"0.0": [0, 0, 0],
						"0.9583": [0, 0, 0],
						"1.625": [0, 0, -4]
					}
				},
				"arm_left4": {
					"rotation": {
						"0.0": [
							"-9.6868+4*(math.sin(q.anim_time*90*4/3-90)*1.5)-4*(math.sin(q.anim_time*90*4/2-90)*1.25)",
							"3.9696+4*(math.sin(q.anim_time*90*4/3-90)*0.5)-4*(math.sin(q.anim_time*90*4/2-90)*0.25)",
							-3.5263
						],
						"0.9583": [
							"-9.6868+4*(math.sin(q.anim_time*90*4/3-90)*1.5)-4*(math.sin(q.anim_time*90*4/2-90)*1.25)",
							"3.9696+4*(math.sin(q.anim_time*90*4/3-90)*0.5)-4*(math.sin(q.anim_time*90*4/2-90)*0.25)",
							-3.5263
						],
						"1.625": [-12.5, 0, 0]
					},
					"position": {
						"0.0": [0, 0, 0],
						"0.9583": [0, 0, 0],
						"1.625": [0, 0, -2]
					}
				},
				"arm_right": {
					"rotation": {
						"0.0": [
							"25.8886+4*(math.sin(q.anim_time*90*4/3)*1.5)-4*(math.sin(q.anim_time*90*4/2)*1.25)",
							"12.7823+4*(math.sin(q.anim_time*90*4/3)*0.5)-4*(math.sin(q.anim_time*90*4/2)*0.25)",
							-41.4387
						],
						"0.9583": [
							"25.8886+4*(math.sin(q.anim_time*90*4/3)*1.5)-4*(math.sin(q.anim_time*90*4/2)*1.25)",
							"12.7823+4*(math.sin(q.anim_time*90*4/3)*0.5)-4*(math.sin(q.anim_time*90*4/2)*0.25)",
							-41.4387
						],
						"1.625": ["105+4*(math.sin(q.anim_time*90*1-30)*0.5)-4*(math.sin(q.anim_time*90*1/2-30)*0.25)", 0, 0]
					},
					"position": {
						"0.0": [0, 0, 0],
						"0.9583": [0, 0, 0],
						"1.625": [-1.5, 0, 0]
					}
				},
				"arm_right2": {
					"rotation": {
						"0.0": [
							"20.4693+4*(math.sin(q.anim_time*90*4/3-30)*1.5)-4*(math.sin(q.anim_time*90*4/2-30)*1.25)",
							"5.8414+4*(math.sin(q.anim_time*90*4/3-30)*0.5)-4*(math.sin(q.anim_time*90*4/2-30)*0.25)",
							11.06592
						],
						"0.9583": [
							"20.4693+4*(math.sin(q.anim_time*90*4/3-30)*1.5)-4*(math.sin(q.anim_time*90*4/2-30)*1.25)",
							"5.8414+4*(math.sin(q.anim_time*90*4/3-30)*0.5)-4*(math.sin(q.anim_time*90*4/2-30)*0.25)",
							11.06592
						],
						"1.625": [-40.3191, 0, 0]
					},
					"position": {
						"0.0": [0, 0, 0],
						"0.9583": [0, 0, 0],
						"1.625": [0, 0.5, -0.5]
					}
				},
				"arm_right3": {
					"rotation": {
						"0.0": [
							"-36.3816+4*(math.sin(q.anim_time*90*4/3-60)*1.5)-4*(math.sin(q.anim_time*90*4/2-60)*1.25)",
							"-12.5729+4*(math.sin(q.anim_time*90*4/3-60)*0.5)-4*(math.sin(q.anim_time*90*4/2-60)*0.25)",
							30.27424
						],
						"0.9583": [
							"-36.3816+4*(math.sin(q.anim_time*90*4/3-60)*1.5)-4*(math.sin(q.anim_time*90*4/2-60)*1.25)",
							"-12.5729+4*(math.sin(q.anim_time*90*4/3-60)*0.5)-4*(math.sin(q.anim_time*90*4/2-60)*0.25)",
							30.27424
						],
						"1.625": [29.79, 0, 0]
					},
					"position": {
						"0.0": [0, 0, 0],
						"0.9583": [0, 0, 0],
						"1.625": [0, 1, -2]
					}
				},
				"arm_right4": {
					"rotation": {
						"0.0": [
							"-9.6868+4*(math.sin(q.anim_time*90*4/3-90)*1.5)-4*(math.sin(q.anim_time*90*4/2-90)*1.25)",
							"-3.9696+4*(math.sin(q.anim_time*90*4/3-90)*0.5)-4*(math.sin(q.anim_time*90*4/2-90)*0.25)",
							3.52628
						],
						"0.9583": [
							"-9.6868+4*(math.sin(q.anim_time*90*4/3-90)*1.5)-4*(math.sin(q.anim_time*90*4/2-90)*1.25)",
							"-3.9696+4*(math.sin(q.anim_time*90*4/3-90)*0.5)-4*(math.sin(q.anim_time*90*4/2-90)*0.25)",
							3.52628
						],
						"1.625": [16.6323, 0, 0]
					},
					"position": {
						"0.0": [0, 0, 0],
						"0.9583": [0, 0, 0],
						"1.625": [-0.5, 0.5, -2]
					}
				}
			}
		}
	}
}