{
	"format_version": "1.8.0",
	"animations": {
		"animation.hurrilay.ground_idle": {
			"loop": true,
			"animation_length": 2,
			"bones": {
				"body": {
					"rotation": {
						"0.0": [0, 0, 0],
						"2.0": [0, 0, 0]
					},
					"position": {
						"0.0": [0, 0, 0],
						"1.0": [0, -3, 0],
						"2.0": [0, 0, 0]
					}
				},
				"tornader": {
					"rotation": {
						"0.0": [0, 0, 0],
						"0.5": [0, -90, 0],
						"1.0": [0, -180, 0],
						"1.5": [0, -270, 0],
						"2.0": [0, -360, 0]
					},
					"position": [0, 0, 0]
				},
				"cloud": {
					"rotation": {
						"0.0": [0, 0, 0],
						"0.5": [0, -90, 0],
						"1.0": [0, -180, 0],
						"1.5": [0, -270, 0],
						"2.0": [0, -360, 0]
					},
					"position": {
						"0.0": [0, 0, 0],
						"0.5": [0, 0, 0]
					}
				},
				"eyebrow1": {
					"rotation": {
						"0.0": [0, 0, 0],
						"1.0": [0, 0, -10],
						"2.0": [0, 0, 0]
					}
				},
				"eyebrow2": {
					"rotation": {
						"0.0": [0, 0, 0],
						"1.0": [0, 0, 10],
						"2.0": [0, 0, 0]
					}
				}
			}
		},
		"animation.hurrilay.ground_walk": {
			"loop": true,
			"animation_length": 1,
			"bones": {
				"body": {
					"rotation": [7.5, 0, 0],
					"position": [0, -5, 0]
				},
				"head": {
					"rotation": {
						"0.0": [0, 0, 0],
						"0.25": [0, 0, 15],
						"0.5": [0, 0, -15],
						"0.75": [0, 0, -15],
						"1.0": [0, 0, 0]
					},
					"position": {
						"0.0": [0, 0, 0],
						"0.25": [-3, 0, 0],
						"0.5": [0, 0, 0],
						"0.75": [3, 0, 0],
						"1.0": [0, 0, 0]
					}
				},
				"tornader": {
					"rotation": {
						"0.0": [0, 0, 0],
						"0.25": [0, -90, -7.5],
						"0.5": [0, -180, 0],
						"0.75": [0, -270, 7.5],
						"1.0": [0, -360, 0]
					},
					"position": [0, 0, 0]
				},
				"cloud": {
					"rotation": {
						"0.0": [0, 0, 0],
						"0.25": [0, -90, 0],
						"0.5": [0, -180, 0],
						"0.75": [0, -270, 0],
						"1.0": [0, -360, 0]
					},
					"position": {
						"0.0": [0, 0, 0],
						"0.25": [0, 0, 0]
					}
				},
				"eyebrow1": {
					"rotation": {
						"0.0": [0, 0, 0],
						"0.25": [0, 0, 10],
						"0.8333": [0, 0, -20],
						"1.0": [0, 0, 0]
					}
				},
				"eyebrow2": {
					"rotation": {
						"0.0": [0, 0, 0],
						"0.25": [0, 0, 20],
						"0.8333": [0, 0, 0],
						"1.0": [0, 0, 0]
					}
				}
			}
		},
		"animation.hurrilay.faint": {
			"animation_length": 3.5,
			"bones": {
				"body": {
					"rotation": {
						"0.0": [0, 0, 0],
						"0.5": [0, 0, 10],
						"1.25": [-7.5, 0, -10],
						"2.0": [9.91615, -1.29876, -2.61267],
						"3.5": [9.91615, -1.29876, -2.61267]
					},
					"position": {
						"0.0": [0, 0, 0],
						"0.5": [0, -3, 0],
						"1.25": [0, -5, 0],
						"2.0": [0, -6, 0],
						"3.5": [0, -6, 0]
					},
					"scale": {
						"0.0": [1, 1, 1],
						"0.5": [0.8, 0.8, 0.8],
						"1.25": [0.5, 0.5, 0.5],
						"2.0": [0, 0, 0],
						"3.5": [0, 0, 0]
					}
				},
				"head": {
					"rotation": {
						"0.0": [0, 0, 0],
						"0.5": [0, 0, -10],
						"1.25": [0, 0, 27.5],
						"2.0": [0, 0, -25],
						"3.5": [0, 0, -25]
					},
					"position": [0, 0, 0]
				},
				"tornader": {
					"rotation": {
						"0.0": [0, 0, 0],
						"0.125": [0, -90, 0],
						"0.5": [0, -180, 0],
						"1.25": [0, -270, 0],
						"2.0": [0, -360, 0],
						"3.5": [0, -360, 0]
					},
					"position": [0, 0, 0]
				},
				"eyes": {
					"scale": {
						"0.5": [1, 1, 1],
						"1.0": [1, 0, 1]
					}
				}
			}
		},
		"animation.hurrilay.sleep": {
			"loop": true,
			"animation_length": 3,
			"bones": {
				"body": {
					"position": [0, -5, 0]
				},
				"head": {
					"rotation": {
						"0.0": [7.5, 0, -10],
						"1.5": [2.5, 0, -10],
						"3.0": [7.5, 0, -10]
					}
				},
				"tornader": {
					"rotation": {
						"0.0": [0, 0, 0],
						"3.0": [0, 360, 0]
					}
				},
				"eyes": {
					"scale": [1, 0, 1]
				},
				"eyebrow1": {
					"rotation": {
						"0.0": [0, 0, 10],
						"1.6667": [0, 5, 10],
						"3.0": [0, 0, 10]
					}
				},
				"eyebrow2": {
					"rotation": {
						"0.0": [0, 0, -10],
						"1.5": [0, -5, -10],
						"3.0": [0, 0, -10]
					}
				}
			}
		}
	}
}