{
  "species": "cobblemon:alpioca",
  "order": 0,
  "variations": [
    {
      "aspects": [],
      "poser": "cobblemon:alpioca",
      "model": "cobblemon:alpioca.geo",
      "texture": "cobblemon:textures/pokemon/alpioca/alpioca.png",
      "layers": [
          {
          "name": "boba",
          "texture": "cobblemon:textures/pokemon/alpioca/alpioca_boba.png",
          "emissive": false,
          "translucent": true
          }
        ]
    },
    {
      "aspects": [
        "shiny"
      ],
      "texture": "cobblemon:textures/pokemon/alpioca/alpioca_shiny.png",
      "layers": [
          {
          "name": "boba",
          "texture": "cobblemon:textures/pokemon/alpioca/alpioca_boba_shiny.png",
          "emissive": false,
          "translucent": true
          }
       ]
    }
  ]
}