{
  "species": "cobblemon:amperox",
  "order": 0,
  "variations": [
    {
      "aspects": [],
      "poser": "cobblemon:amperox",
      "model": "cobblemon:amperox.geo",
      "texture": "cobblemon:textures/pokemon/amperox/amperox.png",
      "layers": [
        {
          "name": "glow",
          "texture": "cobblemon:textures/pokemon/amperox/amperox_emissive.png",
          "emissive": true
        }
      ]
    },
    {
      "aspects": [
        "shiny"
      ],
      "texture": "cobblemon:textures/pokemon/amperox/amperox_shiny.png",
      "layers": [
        {
          "name": "glow",
          "texture": "cobblemon:textures/pokemon/amperox/amperox_shiny_emissive.png",
          "emissive": true
        }
      ]
    }
  ]
}