{
  "species": "cobblemon:bugbyte",
  "order": 0,
  "variations": [
    {
      "aspects": [],
      "poser": "cobblemon:bugbyte",
      "model": "cobblemon:bugbyte.geo",
      "texture": "cobblemon:textures/pokemon/bugbyte/bugbyte.png",
      "layers": [
        {
          "name": "glow",
          "texture": "cobblemon:textures/pokemon/bugbyte/bugbyte_emissive.png",
          "emissive": true
        }
      ]
    },
    {
      "aspects": [
        "shiny"
      ],
      "texture": "cobblemon:textures/pokemon/bugbyte/bugbyte_shiny.png",
      "layers": [
        {
          "name": "glow",
          "texture": "cobblemon:textures/pokemon/bugbyte/bugbyte_shiny_emissive.png",
          "emissive": true
        }
      ]
    }
  ]
}