{
  "species": "cobblemon:flapestry",
  "order": 0,
  "variations": [
    {
      "aspects": [],
      "poser": "cobblemon:flapestry",
      "model": "cobblemon:flapestry.geo",
      "texture": "cobblemon:textures/pokemon/flapestry/flapestry_turtle.png",
      "layers": []
    },
    {
      "aspects": [
        "shiny"
      ],
      "texture": "cobblemon:textures/pokemon/flapestry/flapestry_shiny.png"
    },
    {
      "aspects": ["carpet-passion"],
      "texture": "cobblemon:textures/pokemon/flapestry/flapestry_passion.png"
    },
    {
      "aspects": ["carpet-mummy"],
      "texture": "cobblemon:textures/pokemon/flapestry/flapestry_mummy.png"
    },
    {
      "aspects": ["carpet-ripple"],
      "texture": "cobblemon:textures/pokemon/flapestry/flapestry_ripple.png"
    },
    {
      "aspects": ["carpet-passion", "shiny"],
      "texture": "cobblemon:textures/pokemon/flapestry/flapestry_shiny.png"
    },
    {
      "aspects": ["carpet-mummy", "shiny"],
      "texture": "cobblemon:textures/pokemon/flapestry/flapestry_shiny.png"
    },
    {
      "aspects": ["carpet-ripple", "shiny"],
      "texture": "cobblemon:textures/pokemon/flapestry/flapestry_shiny.png"
    }
  ]
}