{
  "species": "cobblemon:gubble",
  "order": 0,
  "variations": [
    {
      "aspects": [],
      "poser": "cobblemon:gubble",
      "model": "cobblemon:gubble.geo",
      "texture": "cobblemon:textures/pokemon/gubble/gubble.png",
      "layers": [
        {
          "name": "glow",
          "texture": "cobblemon:textures/pokemon/gubble/gubble_emissive.png",
          "emissive": true
        }
      ]
    },
    {
      "aspects": [
        "shiny"
      ],
      "texture": "cobblemon:textures/pokemon/gubble/gubble_shiny.png",
      "layers": [
        {
          "name": "glow",
          "texture": "cobblemon:textures/pokemon/gubble/gubble_shiny_emissive.png",
          "emissive": true
        }
      ]
    }
  ]
}