{
  "species": "cobblemon:gyweld",
  "order": 0,
  "variations": [
    {
      "aspects": [],
      "poser": "cobblemon:gyweld",
      "model": "cobblemon:gyweld.geo",
      "texture": "cobblemon:textures/pokemon/gyweld/gyweld.png",
      "layers": [
        {
          "name": "glow",
          "texture": "cobblemon:textures/pokemon/gyweld/gyweld_emissive.png",
          "emissive": true
        }
      ]
    },
    {
      "aspects": [
        "shiny"
      ],
      "texture": "cobblemon:textures/pokemon/gyweld/gyweld_shiny.png",
      "layers": [
        {
          "name": "glow",
          "texture": "cobblemon:textures/pokemon/gyweld/gyweld_emissive.png",
          "emissive": true
        }
      ]
    }
  ]
}