{
  "species": "cobblemon:hueblow",
  "order": 0,
  "variations": [
    {
      "aspects": [],
      "poser": "cobblemon:hueblow",
      "model": "cobblemon:hueblow.geo",
      "texture": "cobblemon:textures/pokemon/hueblow/hueblow.png",
      "layers": [
        {
          "name": "glow",
          "texture": "cobblemon:textures/pokemon/hueblow/hueblow_emissive.png",
          "emissive": true
        }
      ]
    },
    {
      "aspects": [
        "shiny"
      ],
      "texture": "cobblemon:textures/pokemon/hueblow/hueblow_shiny.png",
      "layers": [
        {
          "name": "glow",
          "texture": "cobblemon:textures/pokemon/hueblow/hueblow_shiny_emissive.png",
          "emissive": true
        }
      ]
    }
  ]
}