{
  "species": "cobblemon:jodoki",
  "order": 0,
  "variations": [
    {
      "aspects": [],
      "poser": "cobblemon:jodoki",
      "model": "cobblemon:jodoki.geo",
      "texture": "cobblemon:textures/pokemon/jodoki/jodoki.png",
      "layers": [
        {
          "name": "glow",
          "texture": "cobblemon:textures/pokemon/jodoki/jodoki_emissive.png",
          "emissive": true
        }
      ]
    },
    {
      "aspects": [
        "shiny"
      ],
      "texture": "cobblemon:textures/pokemon/jodoki/jodoki_shiny.png",
      "layers": [
        {
          "name": "glow",
          "texture": "cobblemon:textures/pokemon/jodoki/jodoki_emissive.png",
          "emissive": true
        }
      ]
    }
  ]
}