{
  "species": "cobblemon:masquerjade",
  "order": 0,
  "variations": [
    {
      "aspects": [],
      "poser": "cobblemon:masquerjade",
      "model": "cobblemon:masquerjade.geo",
      "texture": "cobblemon:textures/pokemon/masquerjade/masquerjade.png",
      "layers": [
        {
          "name": "glow",
          "texture": "cobblemon:textures/pokemon/masquerjade/masquerjade_emissive.png",
          "emissive": true
        }
      ]
    },
    {
      "aspects": [
        "shiny"
      ],
      "texture": "cobblemon:textures/pokemon/masquerjade/masquerjade_shiny.png",
      "layers": [
        {
          "name": "glow",
          "texture": "cobblemon:textures/pokemon/masquerjade/masquerjade_shiny_emissive.png",
          "emissive": true
        }
      ]
    }
  ]
}