{
  "species": "cobblemon:magnipulo",
  "order": 0,
  "variations": [
    {
      "aspects": [],
      "poser": "cobblemon:magnipulo",
      "model": "cobblemon:magnipulo.geo",
      "texture": "cobblemon:textures/pokemon/magnipulo/magnipulo.png",
      "layers": [
        {
          "name": "glow",
          "texture": "cobblemon:textures/pokemon/magnipulo/magnipulo_emissive.png",
          "emissive": true
        }
      ]
    },
    {
      "aspects": [
        "shiny"
      ],
      "texture": "cobblemon:textures/pokemon/magnipulo/magnipulo_shiny.png",
      "layers": [
        {
          "name": "glow",
          "texture": "cobblemon:textures/pokemon/magnipulo/magnipulo_shiny_emissive.png",
          "emissive": true
        }
      ]
    }
  ]
}