{
  "species": "cobblemon:reita",
  "order": 0,
  "variations": [
    {
      "aspects": [],
      "poser": "cobblemon:reita",
      "model": "cobblemon:reita.geo",
      "texture": "cobblemon:textures/pokemon/reita/reita.png",
      "layers": [
        {
          "name": "glow",
          "texture": "cobblemon:textures/pokemon/reita/reita_emissive.png",
          "emissive": true
        }
      ]
    },
    {
      "aspects": [
        "shiny"
      ],
      "texture": "cobblemon:textures/pokemon/reita/reita_shiny.png",
      "layers": [
        {
          "name": "glow",
          "texture": "cobblemon:textures/pokemon/reita/reita_emissive.png",
          "emissive": true
        }
      ]
    }
  ]
}