{
  "species": "cobblemon:saprentice",
  "order": 0,
  "variations": [
    {
      "aspects": [],
      "poser": "cobblemon:saprentice",
      "model": "cobblemon:saprentice.geo",
      "texture": "cobblemon:textures/pokemon/saprentice/saprentice.png",
      "layers": [
        {
          "name": "glow",
          "texture": "cobblemon:textures/pokemon/saprentice/saprentice_emissive.png",
          "emissive": true
        }
      ]
    },
    {
      "aspects": [
        "shiny"
      ],
      "texture": "cobblemon:textures/pokemon/saprentice/saprentice_shiny.png",
      "layers": [
        {
          "name": "glow",
          "texture": "cobblemon:textures/pokemon/saprentice/saprentice_emissive.png",
          "emissive": true
        }
      ]
    }
  ]
}