{
  "species": "cobblemon:slinkalink",
  "order": 0,
  "variations": [
    {
      "aspects": [],
      "poser": "cobblemon:slinkalink",
      "model": "cobblemon:slinkalink.geo",
      "texture": "cobblemon:textures/pokemon/slinkalink/slinkalink.png",
      "layers": [
        {
          "name": "glow",
          "texture": "cobblemon:textures/pokemon/slinkalink/slinkalink_emissive.png",
          "emissive": true
        }
      ]
    },
    {
      "aspects": [
        "shiny"
      ],
      "texture": "cobblemon:textures/pokemon/slinkalink/slinkalink_shiny.png",
      "layers": [
        {
          "name": "glow",
          "texture": "cobblemon:textures/pokemon/slinkalink/slinkalink_shiny_emissive.png",
          "emissive": true
        }
      ]
    }
  ]
}