{
  "species": "cobblemon:smouse",
  "order": 0,
  "variations": [
    {
      "aspects": [],
      "poser": "cobblemon:smouse",
      "model": "cobblemon:smouse.geo",
      "texture": "cobblemon:textures/pokemon/smouse/smouse.png",
      "layers": [
        {
          "name": "glow",
          "texture": "cobblemon:textures/pokemon/smouse/smouse_emissive.png",
          "emissive": true
        }
      ]
    },
    {
      "aspects": [
        "shiny"
      ],
      "texture": "cobblemon:textures/pokemon/smouse/smouse_shiny.png",
      "layers": [
        {
          "name": "glow",
          "texture": "cobblemon:textures/pokemon/smouse/smouse_emissive.png",
          "emissive": true
        }
      ]
    }
  ]
}