{
  "species": "cobblemon:umeltaka",
  "order": 0,
  "variations": [
    {
      "aspects": [],
      "poser": "cobblemon:umeltaka",
      "model": "cobblemon:umeltaka.geo",
      "texture": "cobblemon:textures/pokemon/umeltaka/umeltaka.png",
      "layers": [
        {
          "name": "glow",
          "texture": "cobblemon:textures/pokemon/umeltaka/umeltaka_emissive.png",
          "emissive": true
        }
      ]
    },
    {
      "aspects": [
        "shiny"
      ],
      "texture": "cobblemon:textures/pokemon/umeltaka/umeltaka_shiny.png",
      "layers": [
        {
          "name": "glow",
          "texture": "cobblemon:textures/pokemon/umeltaka/umeltaka_emissive.png",
          "emissive": true
        }
      ]
    }
  ]
}