{
  "species": "cobblemon:upsigenia",
  "order": 0,
  "variations": [
    {
      "aspects": [],
      "poser": "cobblemon:upsigenia",
      "model": "cobblemon:upsigenia.geo",
      "texture": "cobblemon:textures/pokemon/upsigenia/upsigenia.png",
      "layers": [
        {
          "name": "glow",
          "texture": "cobblemon:textures/pokemon/upsigenia/upsigenia_emissive.png",
          "emissive": true
        }
      ]
    },
    {
      "aspects": [
        "shiny"
      ],
      "texture": "cobblemon:textures/pokemon/upsigenia/upsigenia_shiny.png",
      "layers": [
        {
          "name": "glow",
          "texture": "cobblemon:textures/pokemon/upsigenia/upsigenia_shiny_emissive.png",
          "emissive": true
        }
      ]
    }
  ]
}