{
  "species": "cobblemon:slinkalink",
  "order": 1,
  "variations": [
    {
      "aspects": [ "pink" ],
      "texture": "cobblemon:textures/pokemon/slinkalink/slinkalink_pink.png",
      "layers": [
        {
          "name": "glow",
          "texture": "cobblemon:textures/pokemon/slinkalink/slinkalink_pink_emissive.png",
          "emissive": true
        }
      ]
    },
    {
      "aspects": [
        "shiny",
        "pink"
      ],
      "texture": "cobblemon:textures/pokemon/slinkalink/slinkalink_pink_shiny.png",
      "layers": [
        {
          "name": "glow",
          "texture": "cobblemon:textures/pokemon/slinkalink/slinkalink_pink_shiny_emissive.png",
          "emissive": true
        }
      ]
    }
  ]
}