{
  "species": "cobblemon:cephalange",
  "order": 2,
  "variations": [
    {
      "aspects": ["woop"],
      "poser": "cobblemon:cephalange",
      "model": "cobblemon:cephalange_woop.geo",
      "texture": "cobblemon:textures/pokemon/cephalange/cephalange.png",
      "layers": [
        {
          "name": "glow",
          "texture": "cobblemon:textures/pokemon/cephalange/cephalange_emissive.png",
          "emissive": true
        }
	  ]
    },
    {
      "aspects": [
        "shiny"
      ],
      "texture": "cobblemon:textures/pokemon/cephalange/cephalange_shiny.png",
      "layers": [
        {
          "name": "glow",
          "texture": "cobblemon:textures/pokemon/cephalange/cephalange_shiny_emissive.png",
          "emissive": true
        }
      ]
    }
  ]
}