{
	"format_version": "1.12.0",
	"minecraft:geometry": [
		{
			"description": {
				"identifier": "geometry.rotom_fan",
				"texture_width": 128,
				"texture_height": 64,
				"visible_bounds_width": 4,
				"visible_bounds_height": 3.5,
				"visible_bounds_offset": [0, 1.25, 0]
			},
			"bones": [
				{
					"name": "rotom_fan",
					"pivot": [0, -9, 0]
				},
				{
					"name": "body",
					"parent": "rotom_fan",
					"pivot": [0, 7, 0],
					"cubes": [
						{"origin": [-4, 4, -3.5], "size": [8, 6, 7], "uv": [0, 0]},
						{"origin": [-5, 3, -4.5], "size": [10, 8, 0], "uv": [24, 19]},
						{"origin": [-5, 3, 4.5], "size": [10, 8, 0], "uv": [24, 27]},
						{"origin": [-5, 11, -4.5], "size": [10, 0, 9], "uv": [35, 15]},
						{"origin": [-5, 3, -4.5], "size": [10, 0, 9], "uv": [35, 24]},
						{"origin": [5, 3, -4.5], "size": [0, 8, 9], "uv": [6, 11]},
						{"origin": [-5, 3, -4.5], "size": [0, 8, 9], "uv": [6, 19], "mirror": true}
					]
				},
				{
					"name": "eyes",
					"parent": "body",
					"pivot": [0, 6.5, 0]
				},
				{
					"name": "eye_left",
					"parent": "eyes",
					"pivot": [2, 7.5, -3.51],
					"rotation": [0, 0, 12.5],
					"cubes": [
						{"origin": [1, 6, -3.51], "size": [2, 3, 0], "uv": [0, 0]}
					]
				},
				{
					"name": "pupil_left",
					"parent": "eye_left",
					"pivot": [2, 7.5, -3.52],
					"cubes": [
						{"origin": [1.5, 6.5, -3.52], "size": [1, 2, 0], "uv": [4, 0]}
					]
				},
				{
					"name": "eyelid_left",
					"parent": "eye_left",
					"pivot": [2, 7.5, -2.92],
					"cubes": [
						{"origin": [1, 6, -3.42], "size": [2, 3, 1], "inflate": 0.01, "uv": [18, 13]}
					]
				},
				{
					"name": "eye_right",
					"parent": "eyes",
					"pivot": [-2, 7.5, -3.51],
					"rotation": [0, 0, -12.5],
					"cubes": [
						{"origin": [-3, 6, -3.51], "size": [2, 3, 0], "uv": [0, 3], "mirror": true}
					]
				},
				{
					"name": "pupil_right",
					"parent": "eye_right",
					"pivot": [-2, 7.5, -3.52],
					"cubes": [
						{"origin": [-2.5, 6.5, -3.52], "size": [1, 2, 0], "uv": [4, 2], "mirror": true}
					]
				},
				{
					"name": "eyelid_right",
					"parent": "eye_right",
					"pivot": [-2, 7.5, -2.92],
					"cubes": [
						{"origin": [-3, 6, -3.42], "size": [2, 3, 1], "inflate": 0.01, "uv": [12, 13], "mirror": true}
					]
				},
				{
					"name": "mouth",
					"parent": "body",
					"pivot": [0, 5.45, -3.51]
				},
				{
					"name": "mouth_closed",
					"parent": "mouth",
					"pivot": [0, 5.225, -3.51],
					"cubes": [
						{"origin": [-1, 4.5, -3.51], "size": [2, 1, 0], "inflate": 0.01, "uv": [9, 13]},
						{"origin": [-1.5, 4.95, -3.51], "size": [3, 1, 0], "uv": [0, 6]}
					]
				},
				{
					"name": "mouth_open",
					"parent": "mouth",
					"pivot": [0, 5.225, -3.41],
					"cubes": [
						{"origin": [-1, 4.5, -3.41], "size": [2, 1, 0], "inflate": 0.02, "uv": [0, 17]},
						{"origin": [-1.5, 4.95, -3.41], "size": [3, 1, 0], "inflate": 0.01, "uv": [4, 17]}
					]
				},
				{
					"name": "mouth_smile",
					"parent": "mouth",
					"pivot": [0, 5.225, -3.41],
					"cubes": [
						{"origin": [-1, 4.5, -3.41], "size": [2, 1, 0], "inflate": 0.01, "uv": [10, 17]},
						{"origin": [-1.5, 4.95, -3.41], "size": [3, 1, 0], "uv": [14, 17]}
					]
				},
				{
					"name": "body_top",
					"parent": "body",
					"pivot": [0, 10, 0.5],
					"rotation": [37.5, 0, 0],
					"cubes": [
						{"origin": [-1, 9.8, -1.5], "size": [2, 3, 2], "uv": [24, 13]},
						{"origin": [-2, 10.5, 1.5], "size": [4, 2, 0], "uv": [0, 18]},
						{"origin": [2, 10.5, -0.5], "size": [0, 2, 2], "uv": [12, 16]},
						{"origin": [-2, 10.5, -0.5], "size": [0, 2, 2], "uv": [8, 16], "mirror": true}
					]
				},
				{
					"name": "fan",
					"parent": "body_top",
					"pivot": [0, 12.8, -1.5],
					"rotation": [-37.5, 0, 0],
					"cubes": [
						{"origin": [-7, 24.8, -1.5], "size": [14, 2, 2], "uv": [30, 7]},
						{"origin": [-7, 12.8, -1.5], "size": [14, 2, 2], "uv": [32, 0]},
						{"origin": [5, 14.8, -1.5], "size": [2, 10, 2], "uv": [62, 2]},
						{"origin": [-7, 14.8, -1.5], "size": [2, 10, 2], "uv": [70, 0], "mirror": true},
						{"origin": [-8, 11.8, -2.5], "size": [16, 16, 0], "uv": [0, 43]},
						{"origin": [-8, 11.8, 1.5], "size": [16, 16, 0], "uv": [32, 42]},
						{"origin": [-8, 27.8, -2.5], "size": [16, 0, 4], "uv": [-4, 59]},
						{"origin": [-8, 11.8, -2.5], "size": [16, 0, 4], "uv": [28, 58]},
						{"origin": [8, 11.8, -2.5], "size": [0, 16, 4], "uv": [64, 10]},
						{"origin": [-8, 11.8, -2.5], "size": [0, 16, 4], "uv": [72, 8], "mirror": true}
					]
				},
				{
					"name": "arms",
					"parent": "fan",
					"pivot": [0, 18.8, -2]
				},
				{
					"name": "arm_left",
					"parent": "arms",
					"pivot": [8, 18.8, -0.5],
					"cubes": [
						{"origin": [8, 12.8, -0.5], "size": [12, 7, 0], "uv": [0, 36]}
					]
				},
				{
					"name": "arm_right",
					"parent": "arms",
					"pivot": [-8, 18.8, -0.5],
					"cubes": [
						{"origin": [-20, 12.8, -0.5], "size": [12, 7, 0], "uv": [24, 35], "mirror": true}
					]
				},
				{
					"name": "fan_center",
					"parent": "fan",
					"pivot": [0, 19.8, -0.5],
					"cubes": [
						{"origin": [-1.5, 18.3, -2], "size": [3, 3, 3], "uv": [23, 1]},
						{"origin": [-1, 18.8, -4], "size": [2, 2, 2], "uv": [30, 11]},
						{"origin": [-2, 17.8, -4.5], "size": [4, 4, 0], "uv": [64, 30]},
						{"origin": [-2, 21.8, -4.5], "size": [4, 0, 2], "uv": [70, 28]},
						{"origin": [-2, 17.8, -4.5], "size": [4, 0, 2], "uv": [70, 30]},
						{"origin": [2, 17.8, -4.5], "size": [0, 4, 2], "uv": [58, 31]},
						{"origin": [-2, 17.8, -4.5], "size": [0, 4, 2], "uv": [58, 35], "mirror": true}
					]
				},
				{
					"name": "fan_pivot",
					"parent": "fan_center",
					"pivot": [0, 19.8, -1.5]
				},
				{
					"name": "fan_wing_top",
					"parent": "fan_pivot",
					"pivot": [0, 19.8, -0.5]
				},
				{
					"name": "fan_wing_top_rotation",
					"parent": "fan_wing_top",
					"pivot": [0, 19.8, -0.5],
					"rotation": [0, -10, 0],
					"cubes": [
						{"origin": [-2.5, 20.8, -1], "size": [5, 4, 0], "uv": [38, 11]}
					]
				},
				{
					"name": "fan_wing_left",
					"parent": "fan_pivot",
					"pivot": [0, 19.8, -0.5],
					"rotation": [0, 0, 120]
				},
				{
					"name": "fan_wing_left_rotation2",
					"parent": "fan_wing_left",
					"pivot": [0, 19.8, -0.5],
					"rotation": [0, -10, 0],
					"cubes": [
						{"origin": [-2.5, 20.8, -1], "size": [5, 4, 0], "uv": [48, 11]}
					]
				},
				{
					"name": "fan_wing_left2",
					"parent": "fan_pivot",
					"pivot": [0, 19.8, -0.5],
					"rotation": [0, 0, -120]
				},
				{
					"name": "fan_wing_left_rotation3",
					"parent": "fan_wing_left2",
					"pivot": [0, 19.8, -0.5],
					"rotation": [0, -10, 0],
					"cubes": [
						{"origin": [-2.5, 20.8, -1], "size": [5, 4, 0], "uv": [32, 15]}
					]
				},
				{
					"name": "body_bottom",
					"parent": "body",
					"pivot": [0, 4, 0],
					"cubes": [
						{"origin": [-1.5, 3, -1.5], "size": [3, 1, 3], "uv": [0, 13]},
						{"origin": [-2.5, 2, -2.5], "size": [5, 1, 0], "uv": [48, 38]},
						{"origin": [-2.5, 2, 2.5], "size": [5, 1, 0], "uv": [48, 39]},
						{"origin": [-2.5, 2, -2.5], "size": [5, 0, 5], "uv": [43, 33]},
						{"origin": [2.5, 2, -2.5], "size": [0, 1, 5], "uv": [48, 35]},
						{"origin": [-2.5, 2, -2.5], "size": [0, 1, 5], "uv": [48, 36], "mirror": true}
					]
				}
			]
		}
	]
}