{
  "species": "cobblemon:xuehu_pup",
  "order": 0,
  "variations": [
    {
      "aspects": [],
      "poser": "cobblemon:xuehu_pup",
      "model": "cobblemon:xuehu_pup.geo",
      "texture": "cobblemon:textures/pokemon/xuehu_pup/xuehu_pup.png",
      "layers": [
        {
              "name": "emissive",
              "emissive": true,
              "texture": "cobblemon:textures/pokemon/xuehu_pup/xuehu_pup_emissive.png",
              "translucent": false
        }
      ]
    },
    {
      "aspects": [
        "shiny"
      ],
      "texture": "cobblemon:textures/pokemon/xuehu_pup/xuehu_pup_shiny.png",
      "layers": [
        {
              "name": "emissive",
              "emissive": true,
              "texture": "cobblemon:textures/pokemon/xuehu_pup/xuehu_pup_shiny_emissive.png",
              "translucent": false
        }
      ]
    }
  ]
}