{
	"format_version": "1.12.0",
	"minecraft:geometry": [
		{
			"description": {
				"identifier": "geometry.candaple",
				"texture_width": 64,
				"texture_height": 64,
				"visible_bounds_width": 3,
				"visible_bounds_height": 3.5,
				"visible_bounds_offset": [0, 1.25, 0]
			},
			"bones": [
				{
					"name": "candaple",
					"pivot": [0, 0, 0]
				},
				{
					"name": "bone",
					"parent": "candaple",
					"pivot": [0, 0, 0]
				},
				{
					"name": "bone4",
					"parent": "bone",
					"pivot": [0, 10, 0],
					"cubes": [
						{"origin": [-5, 0, -5], "size": [10, 10, 10], "uv": [0, 0]}
					]
				},
				{
					"name": "bone2",
					"parent": "bone",
					"pivot": [0, 10, 0],
					"cubes": [
						{"origin": [-3, 9, -3], "size": [6, 7, 6], "uv": [39, 16]}
					]
				},
				{
					"name": "head",
					"parent": "bone2",
					"pivot": [0, 15, 0],
					"cubes": [
						{"origin": [-3.5, 15, -3.5], "size": [7, 7, 7], "uv": [6, 23]},
						{"origin": [1.5, 22, -1], "size": [2, 3, 2], "uv": [51, 4]},
						{"origin": [-3.5, 22, -1], "size": [2, 3, 2], "uv": [51, 4], "mirror": true}
					]
				},
				{
					"name": "wing",
					"parent": "bone2",
					"pivot": [1, 12, 3],
					"cubes": [
						{"origin": [1, 8, 3], "size": [15, 13, 0], "uv": [9, 45]}
					]
				},
				{
					"name": "wing2",
					"parent": "bone2",
					"pivot": [-1, 12, 3],
					"cubes": [
						{"origin": [-16, 8, 3], "size": [15, 13, 0], "uv": [9, 45], "mirror": true}
					]
				},
				{
					"name": "arms",
					"parent": "bone",
					"pivot": [0, 0, 0]
				},
				{
					"name": "bone5",
					"parent": "arms",
					"pivot": [2, 14, -3],
					"cubes": [
						{"origin": [1.5, 13.5, -5], "size": [1, 1, 3], "uv": [43, 34]}
					]
				},
				{
					"name": "bone7",
					"parent": "arms",
					"pivot": [2, 12, -3],
					"cubes": [
						{"origin": [1.5, 11.5, -5], "size": [1, 1, 3], "uv": [43, 34]}
					]
				},
				{
					"name": "bone6",
					"parent": "arms",
					"pivot": [-2, 12, -3],
					"cubes": [
						{"origin": [-2.5, 11.5, -5], "size": [1, 1, 3], "uv": [43, 34], "mirror": true}
					]
				},
				{
					"name": "bone8",
					"parent": "arms",
					"pivot": [-2, 14, -3],
					"cubes": [
						{"origin": [-2.5, 13.5, -5], "size": [1, 1, 3], "uv": [43, 34], "mirror": true}
					]
				}
			]
		}
	]
}