{
	"format_version": "1.12.0",
	"minecraft:geometry": [
		{
			"description": {
				"identifier": "geometry.mouna",
				"texture_width": 64,
				"texture_height": 64,
				"visible_bounds_width": 2,
				"visible_bounds_height": 2.5,
				"visible_bounds_offset": [0, 0.75, 0]
			},
			"bones": [
				{
					"name": "mouna",
					"pivot": [0, 0, 0]
				},
				{
					"name": "head",
					"parent": "mouna",
					"pivot": [0, 7, 0],
					"cubes": [
						{"origin": [-6.5, 7, -3], "size": [13, 7, 6], "uv": [0, 0]},
						{"origin": [-6.5, 14, -3], "size": [3, 4, 6], "uv": [40, 3], "mirror": true},
						{"origin": [-1.5, 14, -3], "size": [3, 4, 6], "uv": [43, 18]},
						{"origin": [3.5, 14, -3], "size": [3, 4, 6], "uv": [40, 3]}
					]
				},
				{
					"name": "leg",
					"parent": "mouna",
					"pivot": [-3.5, 7, -0.25],
					"cubes": [
						{"origin": [-5, 0, -3.5], "size": [3, 2, 2], "uv": [25, 17], "mirror": true},
						{"origin": [-5, 0, -1.5], "size": [3, 9, 3], "uv": [6, 16]}
					]
				},
				{
					"name": "leg2",
					"parent": "mouna",
					"pivot": [3.5, 7, -0.25],
					"cubes": [
						{"origin": [2, 0, -1.5], "size": [3, 9, 3], "uv": [6, 16], "mirror": true},
						{"origin": [2, 0, -3.5], "size": [3, 2, 2], "uv": [25, 17]}
					]
				}
			]
		}
	]
}