{
	"format_version": "1.12.0",
	"minecraft:geometry": [
		{
			"description": {
				"identifier": "geometry.jaddesto",
				"texture_width": 128,
				"texture_height": 128,
				"visible_bounds_width": 4,
				"visible_bounds_height": 3.5,
				"visible_bounds_offset": [0, 1.25, 0]
			},
			"bones": [
				{
					"name": "jaddesto",
					"pivot": [0, 0, 0]
				},
				{
					"name": "head",
					"parent": "jaddesto",
					"pivot": [0, 22, 0],
					"cubes": [
						{"origin": [-6, 22, -6], "size": [12, 12, 12], "uv": [4, 2]}
					]
				},
				{
					"name": "bone",
					"parent": "jaddesto",
					"pivot": [0, 9, 0],
					"cubes": [
						{"origin": [-6.5, 9, -6.5], "size": [13, 11, 13], "uv": [66, 91]},
						{"origin": [-4.5, 20, -4.5], "size": [9, 2, 9], "uv": [65, 5]}
					]
				},
				{
					"name": "bowl",
					"parent": "bone",
					"pivot": [0, 9, 0],
					"cubes": [
						{"origin": [-8, 0, -8], "size": [16, 9, 16], "uv": [4, 33]}
					]
				},
				{
					"name": "arm",
					"parent": "bone",
					"pivot": [6.5, 15.41667, 0],
					"cubes": [
						{"origin": [3, 12, -3], "size": [12, 6, 6], "uv": [46, 72]}
					]
				},
				{
					"name": "bone2",
					"parent": "arm",
					"pivot": [15, 15, 0],
					"cubes": [
						{"origin": [15, 13, -2], "size": [3, 4, 4], "uv": [76, 59]}
					]
				},
				{
					"name": "bone4",
					"parent": "bone2",
					"pivot": [18.625, 15.625, 0],
					"cubes": [
						{"origin": [18, 12.5, -2.5], "size": [5, 5, 5], "uv": [10, 66]},
						{"origin": [20, 16.5, -1.5], "size": [4, 2, 3], "uv": [71, 45]},
						{"origin": [20, 13.5, -3.5], "size": [4, 3, 2], "uv": [88, 35]},
						{"origin": [20, 13.5, 1.5], "size": [4, 3, 2], "uv": [88, 35]}
					]
				},
				{
					"name": "arm2",
					"parent": "bone",
					"pivot": [-6.5, 15.41667, 0],
					"cubes": [
						{"origin": [-15, 12, -3], "size": [12, 6, 6], "uv": [46, 72], "mirror": true}
					]
				},
				{
					"name": "bone3",
					"parent": "arm2",
					"pivot": [-15, 15, 0],
					"cubes": [
						{"origin": [-18, 13, -2], "size": [3, 4, 4], "uv": [76, 59], "mirror": true}
					]
				},
				{
					"name": "bone5",
					"parent": "bone3",
					"pivot": [-18.625, 15.625, 0],
					"cubes": [
						{"origin": [-23, 12.5, -2.5], "size": [5, 5, 5], "uv": [10, 66], "mirror": true},
						{"origin": [-24, 16.5, -1.5], "size": [4, 2, 3], "uv": [71, 45], "mirror": true},
						{"origin": [-24, 13.5, -3.5], "size": [4, 3, 2], "uv": [88, 35], "mirror": true},
						{"origin": [-24, 13.5, 1.5], "size": [4, 3, 2], "uv": [88, 35], "mirror": true}
					]
				}
			]
		}
	]
}