{
    "portraitScale": 1.65,
    "portraitTranslation": [-0.2, 1.4, 0],
    "profileScale": 0.78,
    "profileTranslation": [0, 0.68, 0],
    "animations": {
      "faint": "q.bedrock_primary('equirin', 'faint', q.curve('one'))",
      "cry": "q.bedrock_stateful('equirin', 'cry')",
      "recoil": "q.bedrock_stateful('equirin', 'recoil')"
    },
    "poses": {
      "battle-standing": {
        "poseTypes": ["STAND"],
        "isBattle": true,
        "animations": [
          "q.look('head')",
          "q.bedrock('equirin', 'battle_idle')"
        ],
        "quirks": ["q.bedrock_quirk('equirin', 'blink')","q.bedrock_quirk('equirin', 'battle_quirk', 20, 60, 1)"]
      },
      "standing": {
        "poseTypes": ["STAND", "NONE", "PORTRAIT", "PROFILE"],
        "isBattle": false,
        "animations": [
          "q.look('head')",
          "q.bedrock('equirin', 'ground_idle')"
        ],
        "quirks": [
          "q.bedrock_quirk('equirin', 'blink')"
        ]
      },
      "walking": {
        "poseTypes": ["WALK"],
        "animations": [
          "q.look('head')",
          "q.bedrock('equirin', 'ground_walk')"
        ],
        "quirks": ["q.bedrock_quirk('equirin', 'blink')"]
      },
      "float": {
        "poseTypes": ["FLOAT"],
        "animations": [
          "q.look('head')",
          "q.bedrock('equirin', 'water_idle')"
        ],
        "quirks": ["q.bedrock_quirk('equirin', 'blink')"]
      },
      "swim": {
        "poseTypes": ["SWIM"],
        "animations": [
          "q.look('head')",
          "q.bedrock('equirin', 'water_swim')"
        ],
        "quirks": ["q.bedrock_quirk('equirin', 'blink')"]
      },
      "sleep": {
        "poseTypes": ["SLEEP"],
        "animations": ["q.bedrock('equirin', 'sleep')"]
      }
    }
   }