{
  "portraitScale": 2,
  "portraitTranslation": [-0.6, 0.5, 0],
  "profileScale": 0.8,
  "profileTranslation": [0, 0.5, 0],
    "animations": {
      "cry": "q.bedrock_stateful('equiross', 'cry')"},
    "poses": {
      "battle-standing": {
        "poseTypes": ["STAND"],
        "isBattle": true,
        "animations": [
          "q.look('head')",
          "q.bedrock('equiross', 'battle_idle')"
        ],
        "quirks": [
          "q.bedrock_quirk('equiross', 'blink')"]
      },
      "standing": {
        "poseTypes": ["STAND", "NONE", "PORTRAIT", "PROFILE"],
        "isBattle": false,
        "animations": [
          "q.look('head')",
          "q.bedrock('equiross', 'ground_idle')"],
        "quirks": [
          "q.bedrock_quirk('equiross', 'blink')"]
      },
      "walking": {
        "poseTypes": ["WALK"],
        "animations": [
          "q.look('head')",
          "q.bedrock('equiross', 'ground_walk')"
        ],
        "quirks": ["q.bedrock_quirk('equiross', 'blink')"]
      },
      "sleep": {
        "poseTypes": ["SLEEP"],
        "animations": ["q.bedrock('equiross', 'sleep')"]
      }
   }}