{
    "portraitScale": 2.2,
    "portraitTranslation": [-0.1, -0.7, 0],
    "profileScale": 0.8,
    "profileTranslation": [0, 0.68, 0],
    "animations": {
      "cry": "q.bedrock_stateful('quantom', 'cry')"
    }
,
    "poses": {
      "battle-standing": {
        "poseTypes": ["STAND"],
        "isBattle": true,
        "animations": [
          "q.look('head')",
          "q.bedrock('quantom', 'ground_idle')"
        ]},
      "standing": {
        "poseTypes": ["STAND", "NONE", "PORTRAIT", "PROFILE"],
        "isBattle": false,
        "animations": [
          "q.look('head')",
          "q.bedrock('quantom', 'ground_idle')"
        ]
      },
      "walking": {
        "poseTypes": ["WALK"],
        "animations": [
          "q.look('head')",
          "q.bedrock('quantom', 'ground_run')"
        ]},
      "sleep": {
        "poseTypes": ["SLEEP"],
        "animations": ["q.bedrock('quantom', 'sleep')"]
      }
      }
    }