{
  "portraitScale": 2.2,
  "portraitTranslation": [0, 0.1, 0],
  "profileScale": 0.8,
  "profileTranslation": [0, 0.5, 0],
  "animations": {
    "faint": "q.bedrock_primary('stellotl', 'faint', q.curve('one'))",
    "cry": "q.bedrock_primary('stellotl', 'cry')",
    "recoil": "q.bedrock_stateful('stellotl', 'recoil')",
    "physical": "q.bedrock_primary('stellotl', 'physical', q.curve('symmetrical_wide'))",
    "special": "q.bedrock_primary('stellotl', 'special', q.curve('symmetrical_wide'))",
    "status": "q.bedrock_primary('stellotl', 'special', q.curve('symmetrical_wide'))"
  },
  "poses": {
    "battle-standing": {
      "poseTypes": ["STAND"],
      "isBattle": true,
      "animations": [
        "q.look('head')",
        "q.bedrock('stellotl', 'battle_idle')"
      ],
      "quirks": ["q.bedrock_quirk('stellotl', 'blink')"]
    },
    "standing": {
      "poseTypes": ["STAND", "NONE", "PORTRAIT", "PROFILE"],
      "isBattle": false,
      "animations": [
        "q.look('head')",
        "q.bedrock('stellotl', 'ground_idle')"
      ],
      "quirks": [
        "q.bedrock_quirk('stellotl', 'blink')"
      ]
    },
    "walking": {
      "poseTypes": ["WALK"],
      "animations": [
        "q.look('head')",
        "q.bedrock('stellotl', 'ground_walk')"
      ],
      "quirks": ["q.bedrock_quirk('stellotl', 'blink')"]
    },
    "hover": {
      "poseTypes": ["HOVER"],
      "animations": [
        "q.look('head')",
        "q.bedrock('stellotl', 'ground_idle')"
      ],
      "quirks": ["q.bedrock_quirk('stellotl', 'blink')"]
    },
    "fly": {
      "poseTypes": ["FLY"],
      "animations": [
        "q.look('head')",
        "q.bedrock('stellotl', 'ground_walk')"
      ],
      "quirks": ["q.bedrock_quirk('stellotl', 'blink')"]
    },
    "float": {
      "poseTypes": ["FLOAT"],
      "animations": [
        "q.look('head')",
        "q.bedrock('stellotl', 'ground_idle')"
      ],
      "quirks": ["q.bedrock_quirk('stellotl', 'blink')"]
    },
    "swim": {
      "poseTypes": ["SWIM"],
      "animations": [
        "q.look('head')",
        "q.bedrock('stellotl', 'ground_walk')"
      ],
      "quirks": ["q.bedrock_quirk('stellotl', 'blink')"]
    },
    "sleep": {
      "poseTypes": ["SLEEP"],
      "animations": ["q.bedrock('stellotl', 'sleep')"]
    },
    "shoulder_left": {
      "poseTypes": ["SHOULDER_LEFT"],
      "animations": [
        "q.look('head')",
        "q.bedrock('stellotl', 'shoulder_left')"
      ],
      "quirks": ["q.bedrock_quirk('stellotl', 'blink')"]
    },
    "shoulder_right": {
      "poseTypes": ["SHOULDER_RIGHT"],
      "animations": [
        "q.look('head')",
        "q.bedrock('stellotl', 'shoulder_right')"
      ],
      "quirks": ["q.bedrock_quirk('stellotl', 'blink')"]
    }
  }
 }