{
	"format_version": "1.12.0",
	"minecraft:geometry": [
		{
			"description": {
				"identifier": "geometry.Typenull",
				"texture_width": 128,
				"texture_height": 128,
				"visible_bounds_width": 4,
				"visible_bounds_height": 3.5,
				"visible_bounds_offset": [0, 1.25, 0]
			},
			"bones": [
				{
					"name": "Body",
					"pivot": [0, -0.45, 0]
				},
				{
					"name": "Torso",
					"parent": "Body",
					"pivot": [0, 13.246, -3.22617],
					"cubes": [
						{"origin": [-2.55, 9.65, 3.15], "size": [5, 8, 6], "pivot": [-0.25, 13.475, 6.375], "rotation": [-5, 0, 0], "uv": [0, 32]},
						{"origin": [-2.05, 9.94622, -2.3802], "size": [4, 7, 7], "pivot": [-0.375, 12.94622, 1.3698], "rotation": [7.5, 0, 0], "uv": [19, 24]},
						{"origin": [-3.05, 9.2, -8], "size": [6, 8, 7], "pivot": [-0.55, 13.025, -4.175], "rotation": [2.5, 0, 0], "uv": [0, 16]}
					]
				},
				{
					"name": "Neck",
					"parent": "Torso",
					"pivot": [0, 15.26374, -7.43915],
					"cubes": [
						{"origin": [0.15, 8.36251, -9.3581], "size": [1, 10, 0], "pivot": [1.125, 16.18751, -9.9581], "rotation": [-16.33138, -1.57408, -3.39723], "uv": [18, 59]},
						{"origin": [2.77113, 10.61682, -9.09828], "size": [1, 8, 0], "pivot": [2.475, 16.58751, -9.6081], "rotation": [-11.47465, -57.95791, -12.35355], "uv": [42, 62]},
						{"origin": [3.15226, 12.48907, -7.32213], "size": [1, 8, 0], "pivot": [3.225, 18.33751, -8.1081], "rotation": [-22.89653, -86.37721, -8.28208], "uv": [56, 61]},
						{"origin": [-3.77113, 10.61682, -9.09828], "size": [1, 8, 0], "pivot": [-2.475, 16.58751, -9.6081], "rotation": [-11.47465, 57.95791, 12.35355], "uv": [54, 61]},
						{"origin": [-4.15226, 12.48907, -7.32213], "size": [1, 8, 0], "pivot": [-3.225, 18.33751, -8.1081], "rotation": [-22.89653, 86.37721, 8.28208], "uv": [34, 38]},
						{"origin": [-2.4, 9.11251, -9.3581], "size": [1, 9, 0], "pivot": [-1.125, 15.93751, -9.9581], "rotation": [-11.96269, 9.032, 10.14431], "uv": [61, 45]},
						{"origin": [-1.15, 8.36251, -9.3581], "size": [1, 10, 0], "pivot": [-1.125, 16.18751, -9.9581], "rotation": [-16.33138, 1.57408, 3.39723], "uv": [16, 59]},
						{"origin": [1.4, 9.11251, -9.3581], "size": [1, 9, 0], "pivot": [1.125, 15.93751, -9.9581], "rotation": [-11.96269, -9.032, -10.14431], "uv": [20, 59]},
						{"origin": [-2.05, 15.83813, -8.82724], "size": [4, 4, 3], "pivot": [0.45, 17.83813, -7.32724], "rotation": [7.5, 0, 0], "uv": [51, 33]}
					]
				},
				{
					"name": "Collar",
					"parent": "Neck",
					"pivot": [0, 20.20459, -7.69326],
					"rotation": [10, 0, 0],
					"cubes": [
						{"origin": [-2.9, 19.43813, -10.22724], "size": [6, 2, 5], "uv": [35, 0]}
					]
				},
				{
					"name": "Head",
					"parent": "Collar",
					"pivot": [0, 24.87475, -6.99081],
					"cubes": [
						{"origin": [-3.5, 21.08813, -12.02724], "size": [7, 5, 7], "uv": [14, 0]},
						{"origin": [-3, 25.58813, -9.77724], "size": [1.2, 3.25, 1.35], "uv": [19, 16]},
						{"origin": [-2.3, 26.13813, -11.27724], "size": [5, 1, 5], "uv": [29, 46]},
						{"origin": [-4.5, 20.53813, -13.52724], "size": [9, 3, 4], "uv": [19, 16]},
						{"origin": [-1.5, 18.58813, -13.52724], "size": [3, 2, 0], "uv": [0, 35]},
						{"origin": [-4.5, 20.78813, -7.52724], "size": [9, 2, 2], "uv": [41, 16]},
						{"origin": [-4.5, 20.78813, -9.77724], "size": [9, 1, 3], "uv": [26, 12]},
						{"origin": [-4.5, 22.58813, -9.77724], "size": [9, 3, 3], "pivot": [3, 23.33813, -8.27724], "rotation": [30, 0, 0], "uv": [34, 23]},
						{"origin": [1.8, 25.58813, -9.77724], "size": [1.2, 3.25, 1.35], "uv": [0, 0]}
					]
				},
				{
					"name": "CrestGR",
					"parent": "Head",
					"pivot": [0, 9.88813, -0.17724],
					"cubes": [
						{"origin": [-0.5, 27.53813, -3.02724], "size": [1, 2, 4], "pivot": [0.375, 30.46313, -5.27724], "rotation": [-17.5, 0, 0], "uv": [54, 9]},
						{"origin": [-1.5, 26.33813, -6.47724], "size": [3, 6, 3], "pivot": [0, 29.63813, -4.97724], "rotation": [-5, 0, 0], "uv": [49, 43]},
						{"origin": [-0.45, 27.83813, -11.27724], "size": [1, 4, 12], "pivot": [-0.2, 30.01313, -5.27724], "rotation": [-5, 0, 0], "uv": [0, 0]},
						{"origin": [-0.5, 30.28813, -13.22724], "size": [1, 2, 2], "pivot": [0.375, 30.31313, -10.90224], "rotation": [-2.5, 0, 0], "uv": [52, 0]},
						{"origin": [-1, 29.74203, -13.93897], "size": [2, 3, 1], "pivot": [-0.075, 31.24203, -13.26397], "rotation": [-2.5, 0, 0], "uv": [47, 11]},
						{"origin": [-0.4, 27.08813, -10.22724], "size": [1, 2, 3], "uv": [58, 40]}
					]
				},
				{
					"name": "Feathers",
					"parent": "Collar",
					"pivot": [3, 23.38813, -6.92724],
					"cubes": [
						{"origin": [-2.35385, 16.80662, -8.36417], "size": [0, 4, 3], "pivot": [-3, 18.83813, -6.92724], "rotation": [4.99527, -0.21782, 24.9905], "uv": [0, 28]},
						{"origin": [-0.87049, 16.62367, -6.53736], "size": [0, 3, 2], "pivot": [-1.125, 18.08813, -5.42724], "rotation": [122.62022, -64.64689, -118.37281], "uv": [0, 18]},
						{"origin": [0.87049, 16.62367, -6.53736], "size": [0, 3, 2], "pivot": [1.125, 18.08813, -5.42724], "rotation": [122.62022, 64.64689, 118.37281], "uv": [14, 2]},
						{"origin": [2.35385, 16.80662, -8.36417], "size": [0, 4, 3], "pivot": [3, 18.83813, -6.92724], "rotation": [4.99527, 0.21782, -24.9905], "uv": [0, 13]}
					]
				},
				{
					"name": "Prongs",
					"parent": "Collar",
					"pivot": [0, 25.21313, -7.82724]
				},
				{
					"name": "NWProng",
					"parent": "Prongs",
					"pivot": [-2.25, 25.74269, -9.97933],
					"cubes": [
						{"origin": [-8.00389, 20.04876, -5.93549], "size": [8, 0, 2], "pivot": [-3.80082, 20.74269, -5.43427], "rotation": [0, 42.5, 0], "uv": [40, 9]},
						{"origin": [-6.83067, 19.99421, -5.91055], "size": [1, 0, 4], "pivot": [-5.1924, 20.44269, -4.54774], "rotation": [0, 42.5, 0], "uv": [12, 0]},
						{"origin": [-8.80082, 20.09269, -5.48427], "size": [1, 0, 1], "pivot": [-3.80082, 20.44269, -5.43427], "rotation": [0, 42.5, 0], "uv": [17, 3]}
					]
				},
				{
					"name": "NEProng",
					"parent": "Prongs",
					"pivot": [2.25, 25.74269, -9.97933],
					"cubes": [
						{"origin": [-0.49611, 20.04876, -5.93549], "size": [8, 0, 2], "pivot": [3.80082, 20.74269, -5.43427], "rotation": [0, -42.5, 0], "uv": [40, 7]},
						{"origin": [5.53067, 19.99421, -5.66055], "size": [1, 0, 4], "pivot": [5.1924, 20.44269, -4.54774], "rotation": [0, -42.5, 0], "uv": [10, 0]},
						{"origin": [7.30082, 20.09269, -5.48427], "size": [1, 0, 1], "pivot": [3.80082, 20.44269, -5.43427], "rotation": [0, -42.5, 0], "uv": [17, 2]}
					]
				},
				{
					"name": "SWProng",
					"parent": "Prongs",
					"pivot": [-2.25, 25.74269, -9.97933],
					"cubes": [
						{"origin": [-9.54465, 20.04876, -11.23254], "size": [8, 0, 2], "pivot": [-2.25, 21.49269, -9.97933], "rotation": [0, -40, 0], "uv": [39, 31]},
						{"origin": [-8.52768, 19.88965, -12.20273], "size": [1, 0, 4], "pivot": [-2.25, 21.19269, -9.97933], "rotation": [0, -40, 0], "uv": [6, 0]},
						{"origin": [-10.4, 19.99269, -10.77933], "size": [1, 0, 1], "pivot": [-2.25, 21.19269, -9.97933], "rotation": [0, -40, 0], "uv": [17, 1]}
					]
				},
				{
					"name": "SEProng",
					"parent": "Prongs",
					"pivot": [-2.25, 25.74269, -9.97933],
					"cubes": [
						{"origin": [1.04465, 20.04876, -11.23254], "size": [8, 0, 2], "pivot": [2.25, 21.49269, -9.97933], "rotation": [0, 40, 0], "uv": [32, 29]},
						{"origin": [7.22768, 19.88965, -12.20273], "size": [1, 0, 4], "pivot": [2.25, 21.19269, -9.97933], "rotation": [0, 40, 0], "uv": [4, 0]},
						{"origin": [8.4, 19.99269, -10.77933], "size": [1.5, 0, 1], "pivot": [2.25, 21.19269, -9.97933], "rotation": [0, 40, 0], "uv": [17, 0]}
					]
				},
				{
					"name": "Hindlegs",
					"parent": "Torso",
					"pivot": [0, 5.35, -0.9]
				},
				{
					"name": "LTHip",
					"parent": "Hindlegs",
					"pivot": [3, 13.99316, 5.82186],
					"cubes": [
						{"origin": [1.5, 7.1, 4.8], "size": [3, 8, 4], "pivot": [3, 10.55, 6.9], "rotation": [10, 0, 0], "uv": [0, 46]}
					]
				},
				{
					"name": "LTHock",
					"parent": "LTHip",
					"pivot": [2.7, 8.18271, 8.85071],
					"cubes": [
						{"origin": [1.9, 1.7, 7.5], "size": [2, 7, 2], "pivot": [2.7, 5.15, 9.6], "rotation": [-2.5, 0, 0], "uv": [8, 58]}
					]
				},
				{
					"name": "LTFoot",
					"parent": "LTHock",
					"pivot": [2.7, 1.025, 7.6],
					"cubes": [
						{"origin": [1.45, -0.1, 4.85], "size": [3, 2, 4], "uv": [40, 52]}
					]
				},
				{
					"name": "RTHip",
					"parent": "Hindlegs",
					"pivot": [-3, 13.99316, 5.82186],
					"cubes": [
						{"origin": [-4.5, 7.1, 4.8], "size": [3, 8, 4], "pivot": [-3, 10.55, 6.9], "rotation": [10, 0, 0], "uv": [37, 34]}
					]
				},
				{
					"name": "RTHock",
					"parent": "RTHip",
					"pivot": [-2.7, 8.18271, 8.85071],
					"cubes": [
						{"origin": [-3.85, 1.7, 7.5], "size": [2, 7, 2], "pivot": [-2.7, 5.15, 9.6], "rotation": [-2.5, 0, 0], "uv": [58, 0]}
					]
				},
				{
					"name": "RTFoot",
					"parent": "RTHock",
					"pivot": [-2.7, 1.025, 7.6],
					"cubes": [
						{"origin": [-4.45, -0.1, 4.85], "size": [3, 2, 4], "uv": [40, 52], "mirror": true}
					]
				},
				{
					"name": "Forelegs",
					"parent": "Torso",
					"pivot": [0, 17.575, -4.425]
				},
				{
					"name": "LTShoulder",
					"parent": "Forelegs",
					"pivot": [3.25, 13.95, -5.05],
					"cubes": [
						{"origin": [2.2, 6.95, -7.1], "size": [2, 8, 4], "uv": [14, 47]}
					]
				},
				{
					"name": "LTForearm",
					"parent": "LTShoulder",
					"pivot": [3.1, 7.15799, -5.58303],
					"cubes": [
						{"origin": [2.25, 0.95, -6.3], "size": [2, 7, 2], "pivot": [2.85, 7.25, -5.4], "rotation": [-5, 0, 0], "uv": [0, 58]}
					]
				},
				{
					"name": "LTClaw",
					"parent": "LTForearm",
					"pivot": [3.1, 0.575, -6],
					"cubes": [
						{"origin": [2.2, -0.25, -7.05], "size": [2, 2, 2], "uv": [60, 25]}
					]
				},
				{
					"name": "LTHallux",
					"parent": "LTClaw",
					"pivot": [3.05, 0.275, -5.125],
					"cubes": [
						{"origin": [2.55, -0.25, -5.4], "size": [1, 1, 3], "uv": [60, 9]}
					]
				},
				{
					"name": "LTToes",
					"parent": "LTClaw",
					"pivot": [3.15, 0.275, -6.875],
					"cubes": [
						{"origin": [1.95, -0.25, -9.6], "size": [1, 1, 3], "uv": [59, 58]},
						{"origin": [3.35, -0.25, -9.3], "size": [1, 1, 3], "uv": [46, 58]}
					]
				},
				{
					"name": "RTShoulder",
					"parent": "Forelegs",
					"pivot": [-3.25, 13.95, -5.05],
					"cubes": [
						{"origin": [-4.2, 6.95, -7.1], "size": [2, 8, 4], "uv": [0, 0]}
					]
				},
				{
					"name": "RTForearm",
					"parent": "RTShoulder",
					"pivot": [-3.1, 7.15799, -5.58303],
					"cubes": [
						{"origin": [-4.25, 0.95, -6.3], "size": [2, 7, 2], "pivot": [-2.85, 7.25, -5.4], "rotation": [-5, 0, 0], "uv": [54, 52]}
					]
				},
				{
					"name": "RTClaw",
					"parent": "RTForearm",
					"pivot": [-3.1, 0.575, -6],
					"cubes": [
						{"origin": [-4.2, -0.25, -7.05], "size": [2, 2, 2], "uv": [38, 58]}
					]
				},
				{
					"name": "RTHallux",
					"parent": "RTClaw",
					"pivot": [-3.05, 0.275, -5.125],
					"cubes": [
						{"origin": [-3.55, -0.25, -5.4], "size": [1, 1, 3], "uv": [28, 58]}
					]
				},
				{
					"name": "RTToes",
					"parent": "RTClaw",
					"pivot": [-3.15, 0.275, -6.875],
					"cubes": [
						{"origin": [-4.35, -0.25, -9.3], "size": [1, 1, 3], "uv": [36, 52]},
						{"origin": [-2.95, -0.25, -9.6], "size": [1, 1, 3], "uv": [10, 46]}
					]
				},
				{
					"name": "Tail",
					"parent": "Torso",
					"pivot": [0.02, 16.49116, 8.3872],
					"cubes": [
						{"origin": [-0.5, 16.66652, 8.11596], "size": [1, 1, 5], "pivot": [-0.25, 16.77155, 8.36331], "rotation": [50, 0, 0], "uv": [30, 62]},
						{"origin": [0, 9.81665, 8.75619], "size": [0, 13, 6], "pivot": [0, 16.94165, 12.95619], "rotation": [5, 0, 0], "uv": [22, 32]},
						{"origin": [-0.45, 14.46652, 8.11596], "size": [1, 1, 4], "pivot": [0, 14.97155, 8.36331], "rotation": [-35, 0, 0], "uv": [22, 58]},
						{"origin": [-0.45, 20.86652, 10.51596], "size": [1, 1, 4], "pivot": [0, 21.27155, 12.26331], "rotation": [34.5, 0, 0], "uv": [55, 20]},
						{"origin": [-0.45, 12.16652, 11.51596], "size": [1, 1, 4], "pivot": [0, 12.57155, 11.96331], "rotation": [-18, 0, 0], "uv": [54, 25]}
					]
				}
			]
		}
	]
}