{
	"format_version": "1.12.0",
	"minecraft:geometry": [
		{
			"description": {
				"identifier": "geometry.unknown",
				"texture_width": 128,
				"texture_height": 128,
				"visible_bounds_width": 5,
				"visible_bounds_height": 3.5,
				"visible_bounds_offset": [0, 1.25, 0]
			},
			"bones": [
				{
					"name": "slowbro",
					"pivot": [0, 0, 0]
				},
				{
					"name": "body",
					"parent": "slowbro",
					"pivot": [0, 11, 1]
				},
				{
					"name": "torso",
					"parent": "body",
					"pivot": [-0.5, 6, 0.5],
					"rotation": [7.5, 0, 0],
					"cubes": [
						{"origin": [-5, 12, -4], "size": [10, 6, 9], "uv": [0, 20]},
						{"origin": [-5.5, 3, -4.5], "size": [11, 9, 11], "uv": [0, 0]}
					]
				},
				{
					"name": "head",
					"parent": "torso",
					"pivot": [0, 17.5, 0],
					"cubes": [
						{"origin": [-0.55, 18.2, -7], "size": [4, 2, 3], "pivot": [4.5, 18.2, -6.5], "rotation": [0, 0, 12.5], "uv": [67, 44]},
						{"origin": [-3.45, 18.2, -7], "size": [4, 2, 3], "pivot": [-4.5, 18.2, -6.5], "rotation": [0, 0, -12.5], "uv": [1, 66]},
						{"origin": [0.5, 19.7, -7.151], "size": [1, 1, 1], "inflate": -0.15, "pivot": [1.5, 20.2, -7.5], "rotation": [0, 0, -25], "uv": [23, 50]},
						{"origin": [-1.5, 19.7, -7.151], "size": [1, 1, 1], "inflate": -0.15, "pivot": [-1.5, 20.2, -7.5], "rotation": [0, 0, 25], "uv": [17, 50]},
						{"origin": [1.5, 18.45, -6.75], "size": [1, 1, 0], "pivot": [2, 18.45, -6.75], "rotation": [0, 0, 45], "uv": [29, 46]},
						{"origin": [-2.5, 18.45, -6.75], "size": [1, 1, 0], "pivot": [-2, 18.45, -6.75], "rotation": [0, 0, -45], "uv": [45, 11]},
						{"origin": [-4.5, 17.5, -4.5], "size": [9, 8, 8], "uv": [36, 12]}
					]
				},
				{
					"name": "ear_left",
					"parent": "head",
					"pivot": [4, 24.5, -1.5],
					"rotation": [0, 0, 45],
					"cubes": [
						{"origin": [2.5, 24.5, -2], "size": [3, 3, 1], "uv": [1, 6]}
					]
				},
				{
					"name": "ear_right",
					"parent": "head",
					"pivot": [-4, 24.5, -1.5],
					"rotation": [0, 0, -45],
					"cubes": [
						{"origin": [-5.5, 24.5, -2], "size": [3, 3, 1], "uv": [1, 1]}
					]
				},
				{
					"name": "eye_left",
					"parent": "head",
					"pivot": [3.135, 21.25, -4.0125],
					"cubes": [
						{"origin": [1.51, 20.45, -4.51], "size": [3, 3, 1], "uv": [40, 47]},
						{"origin": [2.96, 21.75, -4.615], "size": [1, 1, 1], "inflate": -0.1, "uv": [42, 28]}
					]
				},
				{
					"name": "eye_right",
					"parent": "head",
					"pivot": [-3.135, 21.25, -4.0125],
					"cubes": [
						{"origin": [-4.51, 20.55, -4.51], "size": [3, 3, 1], "uv": [24, 35]},
						{"origin": [-3.96, 21.85, -4.615], "size": [1, 1, 1], "inflate": -0.1, "uv": [38, 28]}
					]
				},
				{
					"name": "jaw",
					"parent": "head",
					"pivot": [0, 19.2, -4.5],
					"rotation": [25, 0, 0],
					"cubes": [
						{"origin": [-3, 18.2, -6.7], "size": [6, 1, 3], "uv": [1, 50]}
					]
				},
				{
					"name": "arm_left",
					"parent": "torso",
					"pivot": [5, 15.25, -1.75],
					"cubes": [
						{"origin": [2.5, 13.75, -3.25], "size": [6, 3, 3], "inflate": 0.001, "uv": [62, 28]}
					]
				},
				{
					"name": "arm_left2",
					"parent": "arm_left",
					"pivot": [8.5, 16.75, -1.75],
					"cubes": [
						{"origin": [8.5, 13.75, -3.25], "size": [5, 3, 3], "uv": [70, 17]}
					]
				},
				{
					"name": "finger_left",
					"parent": "arm_left2",
					"pivot": [13, 15.25, -3],
					"cubes": [
						{"origin": [12.5, 14.75, -3], "size": [2, 1, 0], "uv": [37, 10]}
					]
				},
				{
					"name": "finger_left2",
					"parent": "arm_left2",
					"pivot": [13, 15.25, -1.75],
					"cubes": [
						{"origin": [12.5, 14.75, -1.75], "size": [2, 1, 0], "uv": [33, 28]}
					]
				},
				{
					"name": "finger_left3",
					"parent": "arm_left2",
					"pivot": [13, 15.25, -0.5],
					"cubes": [
						{"origin": [12.5, 14.75, -0.5], "size": [2, 1, 0], "uv": [33, 10]}
					]
				},
				{
					"name": "arm_right",
					"parent": "torso",
					"pivot": [-5, 15.25, -1.75],
					"cubes": [
						{"origin": [-8.5, 13.75, -3.25], "size": [6, 3, 3], "inflate": 0.001, "uv": [56, 58]}
					]
				},
				{
					"name": "arm_right2",
					"parent": "arm_right",
					"pivot": [-8.5, 16.75, -1.75],
					"cubes": [
						{"origin": [-13.5, 13.75, -3.25], "size": [5, 3, 3], "uv": [67, 34]}
					]
				},
				{
					"name": "finger_right",
					"parent": "arm_right2",
					"pivot": [-13, 15.25, -3],
					"cubes": [
						{"origin": [-14.5, 14.75, -3], "size": [2, 1, 0], "uv": [29, 28]}
					]
				},
				{
					"name": "finger_right2",
					"parent": "arm_right2",
					"pivot": [-13, 15.25, -1.75],
					"cubes": [
						{"origin": [-14.5, 14.75, -1.75], "size": [2, 1, 0], "uv": [4, 28]}
					]
				},
				{
					"name": "finger_right3",
					"parent": "arm_right2",
					"pivot": [-13, 15.25, -0.5],
					"cubes": [
						{"origin": [-14.5, 14.75, -0.5], "size": [2, 1, 0], "uv": [0, 28]}
					]
				},
				{
					"name": "tail",
					"parent": "torso",
					"pivot": [0, 6.5, 5.5],
					"cubes": [
						{"origin": [-3.5, 4, 4.5], "size": [7, 6, 5], "uv": [47, 47]}
					]
				},
				{
					"name": "tail2",
					"parent": "tail",
					"pivot": [0, 6.5, 8.6],
					"cubes": [
						{"origin": [-3, 4.5, 7.5], "size": [6, 4, 7], "uv": [21, 47]}
					]
				},
				{
					"name": "shell",
					"parent": "tail2",
					"pivot": [0, 6.5, 12.7],
					"rotation": [35, 0, 0],
					"cubes": [
						{"origin": [-6, 0.5, 12], "size": [12, 12, 5], "uv": [33, 30]},
						{"origin": [-6, 12.5, 10], "size": [12, 0, 2], "uv": [31, 8]},
						{"origin": [5.5, 5.5, 10], "size": [0, 6, 2], "uv": [4, 18]},
						{"origin": [-5.5, 5.5, 10], "size": [0, 6, 2], "uv": [0, 18]},
						{"origin": [2.5, -3.5, 13], "size": [0, 4, 2], "pivot": [2.5, 1.5, 14], "rotation": [0, 0, -27.5], "uv": [28, 38]},
						{"origin": [-2.5, -3.5, 13], "size": [0, 4, 2], "pivot": [-2.5, 1.5, 14], "rotation": [0, 0, 27.5], "uv": [74, -2]},
						{"origin": [-5, 1.5, 17], "size": [10, 10, 4], "uv": [0, 35]},
						{"origin": [4.75, 6.5, 18], "size": [3, 0, 2], "uv": [27, 20]},
						{"origin": [-7.75, 6.5, 18], "size": [3, 0, 2], "uv": [0, 26]},
						{"origin": [0, 11.25, 18], "size": [0, 3, 2], "uv": [0, 33]},
						{"origin": [-3.5, 3, 21], "size": [7, 7, 4], "uv": [0, 54]},
						{"origin": [3.5, 7.5, 22.5], "size": [2, 0, 1], "pivot": [3, 7.5, 23], "rotation": [0, 0, -20], "uv": [4, 10]},
						{"origin": [-5.5, 7.5, 22.5], "size": [2, 0, 1], "pivot": [-3, 7.5, 23], "rotation": [0, 0, 20], "uv": [0, 10]},
						{"origin": [-1.5, 5, 25], "size": [3, 3, 4], "uv": [26, 70]},
						{"origin": [0, 8, 26.25], "size": [0, 2, 1], "uv": [8, 4]},
						{"origin": [0, 3.25, 26.25], "size": [0, 2, 1], "uv": [0, 4]}
					]
				},
				{
					"name": "shell_eye_left",
					"parent": "shell",
					"pivot": [2.46, 12.01, 14.25],
					"rotation": [0, -15, 0],
					"cubes": [
						{"origin": [0.96, 11.51, 12.75], "size": [4, 1, 3], "uv": [71, 49]},
						{"origin": [2.56, 11.51, 12.75], "size": [1, 1, 2], "inflate": 0.01, "uv": [29, 25]}
					]
				},
				{
					"name": "shell_eyelid_left",
					"parent": "shell_eye_left",
					"pivot": [2.46, 11.91, 14.25],
					"cubes": [
						{"origin": [0.96, 11.41, 12.75], "size": [4, 1, 3], "inflate": 0.015, "uv": [50, 70]}
					]
				},
				{
					"name": "shell_eye_right",
					"parent": "shell",
					"pivot": [-2.46, 12.01, 14.25],
					"rotation": [0, 15, 0],
					"cubes": [
						{"origin": [-4.96, 11.51, 12.75], "size": [4, 1, 3], "uv": [36, 70]},
						{"origin": [-3.56, 11.51, 12.75], "size": [1, 1, 2], "inflate": 0.01, "uv": [29, 22]}
					]
				},
				{
					"name": "shell_eyelid_right",
					"parent": "shell_eye_right",
					"pivot": [-2.46, 11.91, 14.25],
					"cubes": [
						{"origin": [-4.96, 11.41, 12.75], "size": [4, 1, 3], "inflate": 0.015, "uv": [70, 23]}
					]
				},
				{
					"name": "shell_jaw",
					"parent": "shell",
					"pivot": [0, 2.5, 12],
					"rotation": [-25, 0, 0],
					"cubes": [
						{"origin": [-5, 2.5, 6], "size": [10, 2, 6], "uv": [33, 0]}
					]
				},
				{
					"name": "leg_left",
					"parent": "body",
					"pivot": [6, 5, 0.5],
					"cubes": [
						{"origin": [4.5, 3.5, -3], "size": [4, 6, 6], "uv": [42, 58]}
					]
				},
				{
					"name": "leg_left2",
					"parent": "leg_left",
					"pivot": [6.5, 2.5, -0.5],
					"cubes": [
						{"origin": [5, 0.5, -1.5], "size": [3, 4, 4], "uv": [12, 67]}
					]
				},
				{
					"name": "foot_left",
					"parent": "leg_left2",
					"pivot": [6.5, 1.5, 2],
					"cubes": [
						{"origin": [4.5, 0, -2], "size": [4, 2, 5], "inflate": 0.001, "uv": [62, 10]},
						{"origin": [7, 0, -3.5], "size": [1, 1, 2], "uv": [40, 51]},
						{"origin": [5, 0, -3.5], "size": [1, 1, 2], "uv": [46, 49]}
					]
				},
				{
					"name": "leg_right",
					"parent": "body",
					"pivot": [-6, 5, 0.5],
					"cubes": [
						{"origin": [-8.5, 3.5, -3], "size": [4, 6, 6], "uv": [22, 58]}
					]
				},
				{
					"name": "leg_right2",
					"parent": "leg_right",
					"pivot": [-6.5, 2.5, -0.5],
					"cubes": [
						{"origin": [-8, 0.5, -1.5], "size": [3, 4, 4], "uv": [62, 64]}
					]
				},
				{
					"name": "foot_right",
					"parent": "leg_right2",
					"pivot": [-6.5, 1.5, 2],
					"cubes": [
						{"origin": [-8.5, 0, -2], "size": [4, 2, 5], "inflate": 0.001, "uv": [60, 3]},
						{"origin": [-8, 0, -3.5], "size": [1, 1, 2], "uv": [33, 3]},
						{"origin": [-6, 0, -3.5], "size": [1, 1, 2], "uv": [33, 0]}
					]
				}
			]
		}
	]
}