{
	"format_version": "1.8.0",
	"animations": {
		"animation.dulzorm.ground_idle": {
			"loop": true,
			"animation_length": 4,
			"bones": {
				"neck": {
					"rotation": {
						"0.0": [0, 0, 0],
						"1.0": [-5.24511, 5.05904, -5.54401],
						"2.0": [0, 0, 0],
						"3.0": [-5.24511, -5.05904, 5.54401],
						"4.0": [0, 0, 0]
					}
				},
				"bone": {
					"rotation": {
						"0.0": [0, 0, 0],
						"1.0": [0, -5, 0],
						"2.0": [0, 0, 0],
						"3.0": [0, -5, 0],
						"4.0": [0, 0, 0]
					}
				},
				"bone2": {
					"rotation": {
						"0.0": [0, 0, 0],
						"1.0": [0, 5, 0],
						"2.0": [0, 0, 0],
						"3.0": [0, 5, 0],
						"4.0": [0, 0, 0]
					}
				},
				"back": {
					"rotation": {
						"0.0": [0, 0, 0],
						"1.0": [10.24222, 4.81281, 5.7589],
						"2.0": [0, 0, 0],
						"3.0": [10.24222, -4.81281, -5.7589],
						"4.0": [0, 0, 0]
					}
				}
			}
		},
		"animation.dulzorm.ground_walk": {
			"loop": true,
			"animation_length": 0.4,
			"bones": {
				"neck": {
					"rotation": {
						"0.0": [17.5, 0, 0],
						"0.2": [12.5, 0, 0],
						"0.4": [17.5, 0, 0]
					}
				},
				"bone": {
					"rotation": {
						"0.0": [-35, 0, 0],
						"0.2": [-20, 0, 0],
						"0.4": [-35, 0, 0]
					}
				},
				"bone2": {
					"rotation": {
						"0.0": [-35, 0, 0],
						"0.2": [-20, 0, 0],
						"0.4": [-35, 0, 0]
					}
				},
				"back": {
					"scale": {
						"0.0": [1, 1, 1],
						"0.2": [1, 1, 0.9],
						"0.4": [1, 1, 1]
					}
				}
			}
		}
	}
}