{
	"format_version": "1.12.0",
	"minecraft:geometry": [
		{
			"description": {
				"identifier": "geometry.airpy_plump",
				"texture_width": 128,
				"texture_height": 128,
				"visible_bounds_width": 5,
				"visible_bounds_height": 3.5,
				"visible_bounds_offset": [0, 1.25, 0]
			},
			"bones": [
				{
					"name": "airpy_XL",
					"pivot": [0, 0, 0]
				},
				{
					"name": "body",
					"parent": "airpy_XL",
					"pivot": [0, -16, 0],
					"cubes": [
						{"origin": [-4.5, 15.95, -3], "size": [9, 3, 5], "uv": [29, 12]},
						{"origin": [-2, 18.95, -2.5], "size": [4, 1, 4], "uv": [52, 62]}
					]
				},
				{
					"name": "head",
					"parent": "body",
					"pivot": [0, 19.62917, -0.34167],
					"cubes": [
						{"origin": [-4.5, 19.5, -4.5], "size": [9, 9, 8], "uv": [0, 0]},
						{"origin": [-1, 19.925, -4.45], "size": [2, 1, 0], "pivot": [0, 20.425, -4.45], "rotation": [-24.5, 0, 0], "uv": [81, 12]},
						{"origin": [0.5, 21.025, -4.525], "size": [5, 3, 0], "pivot": [3, 22.525, -4.525], "rotation": [0, 0, -1.25], "uv": [118, 13]},
						{"origin": [-5.5, 21.025, -4.525], "size": [5, 3, 0], "pivot": [-3, 22.525, -4.525], "rotation": [0, 0, 1.25], "uv": [118, 2]},
						{"origin": [1.1, 24.175, -4.525], "size": [1, 1, 0], "pivot": [1.6, 24.675, -4.525], "rotation": [0, 0, 90], "uv": [118, 7]},
						{"origin": [-2.1, 24.175, -4.525], "size": [1, 1, 0], "pivot": [-1.6, 24.675, -4.525], "rotation": [0, 0, -180], "uv": [118, 7]},
						{"origin": [4.5, 19.85, -4.5], "size": [1, 9, 8], "uv": [18, 39]},
						{"origin": [-5.5, 19.85, -4.5], "size": [1, 9, 8], "uv": [0, 39]},
						{"origin": [-4.5, 19.85, 3.5], "size": [9, 9, 1], "uv": [36, 41]},
						{"origin": [-4.5, 28.85, -4.5], "size": [9, 1, 8], "uv": [26, 20]},
						{"origin": [-4.5, 24.875, -5.525], "size": [9, 4, 1], "uv": [50, 57]},
						{"origin": [-4.5, 25.45, -4.525], "size": [9, 4, 1], "uv": [50, 57]}
					]
				},
				{
					"name": "fluffleft",
					"parent": "head",
					"pivot": [4.475, 25.885, -4.255],
					"rotation": [-4.99072, -0.30486, -3.48671],
					"cubes": [
						{"origin": [4.5, 24.85, -4.75], "size": [2, 2, 2], "uv": [0, 39]},
						{"origin": [4.5, 22.85, -5.25], "size": [2, 2, 3], "uv": [65, 64]},
						{"origin": [4.5, 18.325, -5.75], "size": [3, 6, 4], "uv": [14, 60]}
					]
				},
				{
					"name": "fluffleft2",
					"parent": "fluffleft",
					"pivot": [5.5, 18.575, -5.0375],
					"rotation": [7.49294, 0.32621, 0.02136],
					"cubes": [
						{"origin": [4.5, 16.325, -5.775], "size": [2, 3, 3], "uv": [64, 50]},
						{"origin": [4.5, 13.325, -5.8], "size": [2, 4, 0], "uv": [0, 17]}
					]
				},
				{
					"name": "fluffright",
					"parent": "head",
					"pivot": [-4.5, 25.785, -4.255],
					"rotation": [-4.98935, 0.3266, 3.73577],
					"cubes": [
						{"origin": [-6.5, 24.85, -4.75], "size": [2, 2, 2], "uv": [28, 41]},
						{"origin": [-6.5, 22.85, -5.25], "size": [2, 2, 3], "uv": [48, 67]},
						{"origin": [-7.5, 18.325, -5.75], "size": [3, 6, 4], "uv": [0, 60]}
					]
				},
				{
					"name": "fluffright2",
					"parent": "fluffright",
					"pivot": [-5.5, 18.575, -5.0375],
					"rotation": [7.49294, -0.32621, -0.02136],
					"cubes": [
						{"origin": [-6.5, 13.325, -5.8], "size": [2, 4, 0], "uv": [27, 20]},
						{"origin": [-6.5, 16.325, -5.775], "size": [2, 3, 3], "uv": [41, 64]}
					]
				},
				{
					"name": "leftwing",
					"parent": "body",
					"pivot": [4.64437, 16.83835, 0.525],
					"cubes": [
						{"origin": [1.18137, 19.19777, 0.025], "size": [7, 3, 1], "pivot": [8.05361, 22.29198, 0.5125], "rotation": [0, 0, -42.5], "uv": [28, 63]}
					]
				},
				{
					"name": "leftwing2",
					"parent": "leftwing",
					"pivot": [9, 21.3, 0.5],
					"cubes": [
						{"origin": [6.16163, 19.84558, 0], "size": [11, 3, 1], "pivot": [8.05361, 22.29198, 0.5125], "rotation": [0, 0, -82.5], "uv": [51, 0]},
						{"origin": [6.16163, 14.84558, 0.5], "size": [11, 5, 0], "pivot": [8.05361, 22.29198, 0.5125], "rotation": [0, 0, -82.5], "uv": [52, 12]}
					]
				},
				{
					"name": "leftwing3",
					"parent": "leftwing2",
					"pivot": [9.9, 30.30285, 0.475],
					"cubes": [
						{"origin": [5.72784, 22.43933, 0.475], "size": [9, 8, 0], "pivot": [10.72784, 35.31433, 0.475], "rotation": [0, 0, -37.5], "uv": [54, 33]},
						{"origin": [6.72784, 30.43933, -0.025], "size": [8, 3, 1], "pivot": [10.72784, 35.31433, 0.475], "rotation": [0, 0, -37.5], "uv": [56, 46]}
					]
				},
				{
					"name": "leftwing4",
					"parent": "leftwing3",
					"pivot": [15.6, 34.9, 0.475],
					"cubes": [
						{"origin": [15.05284, 26.26433, 0.45], "size": [7, 7, 0], "pivot": [19.05284, 35.13933, 0.45], "rotation": [0, 0, 0], "uv": [10, 39]},
						{"origin": [15.05284, 33.26433, -0.05], "size": [10, 3, 1], "pivot": [19.05284, 38.13933, 0.45], "rotation": [0, 0, 0], "uv": [0, 56]},
						{"origin": [21.95284, 28.26433, 0.45], "size": [5, 5, 0], "pivot": [29.95284, 38.13933, 0.45], "rotation": [0, 0, 0], "uv": [24, 29]},
						{"origin": [24.77267, 33.12623, -0.025], "size": [3, 3, 1], "pivot": [25.77267, 34.62623, 0.475], "rotation": [0, 0, 10], "uv": [0, 4]}
					]
				},
				{
					"name": "rightwing",
					"parent": "body",
					"pivot": [-4.64437, 16.83835, 0.525],
					"cubes": [
						{"origin": [-8.18137, 19.19777, 0.025], "size": [7, 3, 1], "pivot": [-8.05361, 22.29198, 0.5125], "rotation": [0, 0, 42.5], "uv": [58, 8]}
					]
				},
				{
					"name": "rightwing2",
					"parent": "rightwing",
					"pivot": [-9, 21.3, 0.5],
					"cubes": [
						{"origin": [-9.94558, 21.73837, 0], "size": [11, 3, 1], "pivot": [-8.05361, 22.29198, 0.5125], "rotation": [0, 0, -97.5], "uv": [47, 29]},
						{"origin": [-9.94558, 24.73837, 0.5], "size": [11, 5, 0], "pivot": [-8.05361, 22.29198, 0.5125], "rotation": [0, 0, -97.5], "uv": [36, 51]}
					]
				},
				{
					"name": "rightwing3",
					"parent": "rightwing2",
					"pivot": [-9.9, 30.30285, 0.475],
					"cubes": [
						{"origin": [-14.72216, 30.43933, -0.025], "size": [8, 3, 1], "pivot": [-10.72216, 35.31433, 0.475], "rotation": [0, 0, 37.5], "uv": [58, 4]},
						{"origin": [-14.72216, 22.43933, 0.475], "size": [9, 8, 0], "pivot": [-10.72216, 35.31433, 0.475], "rotation": [0, 0, 37.5], "uv": [52, 20]}
					]
				},
				{
					"name": "rightwing4",
					"parent": "rightwing3",
					"pivot": [-15.6, 34.9, 0.475],
					"cubes": [
						{"origin": [-25.04716, 33.26433, -0.05], "size": [10, 3, 1], "pivot": [-19.04716, 38.13933, 0.45], "rotation": [0, 0, 0], "uv": [22, 56]},
						{"origin": [-22.04716, 26.26433, 0.45], "size": [7, 7, 0], "pivot": [-19.04716, 38.13933, 0.45], "rotation": [0, 0, 0], "uv": [26, 0]},
						{"origin": [-27.04716, 28.26433, 0.45], "size": [5, 5, 0], "pivot": [-19.04716, 38.13933, 0.45], "rotation": [0, 0, 0], "uv": [28, 67]},
						{"origin": [-27.77733, 33.10243, -0.025], "size": [3, 3, 1], "pivot": [-25.77733, 34.60243, 0.475], "rotation": [0, 0, -10], "uv": [0, 0]}
					]
				},
				{
					"name": "breast",
					"parent": "body",
					"pivot": [-0.02508, 15.92202, -3.37916],
					"cubes": [
						{"origin": [-5.025, 14.44559, -4.33296], "size": [10, 4, 7], "pivot": [-2.525, 16.44559, -0.83296], "rotation": [15.00218, 0, 0], "uv": [0, 17]},
						{"origin": [-5.07525, 13.40005, -6.90229], "size": [10.1, 4.04, 3.07], "pivot": [-2.55025, 15.42005, -4.37729], "rotation": [25, 0, 0], "uv": [13, 85]},
						{"origin": [-5.025, 12.10557, -6.88223], "size": [10, 5, 0], "pivot": [-0.025, 14.60557, -5.25723], "rotation": [25, 0, 0], "uv": [56, 41]}
					]
				},
				{
					"name": "belly",
					"parent": "body",
					"pivot": [0, 15.75, -0.175],
					"cubes": [
						{"origin": [-4.5, 10.375, -4.675], "size": [9, 5, 9], "uv": [5, 96]}
					]
				},
				{
					"name": "leftleg",
					"parent": "belly",
					"pivot": [2.75, 11.3, -2],
					"cubes": [
						{"origin": [0.25, 6.375, -3.525], "size": [5, 5, 7], "pivot": [2.75, 8.875, -0.025], "rotation": [-22.5, 0, 0], "uv": [30, 29]},
						{"origin": [1.25, 5.375, -1.525], "size": [3, 1, 6], "pivot": [2.75, 8.875, -0.025], "rotation": [-22.5, 0, 0], "uv": [38, 56]},
						{"origin": [1.25, 2.53666, 2.71695], "size": [3, 2, 1], "pivot": [2.75, 3.53666, 3.71695], "rotation": [-67.5, 0, 0], "uv": [57, 17]}
					]
				},
				{
					"name": "rightleg",
					"parent": "belly",
					"pivot": [-2.75, 11.3, -2],
					"cubes": [
						{"origin": [-5.25, 6.375, -3.525], "size": [5, 5, 7], "pivot": [-2.75, 8.875, -0.025], "rotation": [-22.5, 0, 0], "uv": [34, 0]},
						{"origin": [-4.25, 5.375, -1.525], "size": [3, 1, 6], "pivot": [-2.75, 8.875, -0.025], "rotation": [-22.5, 0, 0], "uv": [52, 50]},
						{"origin": [-4.25, 2.53666, 2.71695], "size": [3, 2, 1], "pivot": [-2.75, 3.53666, 3.71695], "rotation": [-67.5, 0, 0], "uv": [0, 43]}
					]
				}
			]
		}
	]
}