{
   "enabled": true,
   "neededInstalledMods": [],
   "neededUninstalledMods": [],
   "spawns": [
       {
           "id": "enderran-1",
           "pokemon": "enderran",
           "presets": [
               "natural"
           ],
           "type": "pokemon",
           "context": "grounded",
           "bucket": "rare",
           "level": "20-40",
           "weight": 1,
           "condition": {
				"biomes": [
				"#cobblemon:is_forest"
				] 
           }
       },
       {
           "id": "enderran-2",
           "pokemon": "enderran",
           "presets": [
               "natural"
           ],
           "type": "pokemon",
           "context": "grounded",
           "bucket": "uncommon",
           "level": "30-70",
           "weight": 5,
           "condition": {
               "canSeeSky": true,
               "biomes": [
                   "#minecraft:is_end"
               ]
			   
           },
		   "drops": {
			   "amount": 2,
			   "entries": [
			   {
				   "item": "minecraft:shulker_shell",
				   "percentage": 10
			   }
		   ]
		 }
      }
   ]
}