{
 "enabled": true,
 "neededInstalledMods": [],
 "neededUninstalledMods": [],
 "spawns": [
   {
     "id": "petrelly-1",
     "pokemon": "petrelly slop=swamp",
     "presets": [ "natural" ],
     "type": "pokemon",
     "context": "grounded",
     "bucket": "common",
     "level": "10-35",
     "weight": 5,
     "condition": {
		"biomes": [
			"minecraft:swamp"
		]
     },
     "drops": {
      "amount": 2,
      "entries": [
      {
        "item": "minecraft:slime_ball",
        "percentage": 50
      }
    ]
  }
   },
   {
     "id": "petrelly-2",
     "pokemon": "petrelly slop=magma",
     "presets": [ "natural" ],
     "type": "pokemon",
     "context": "grounded",
     "bucket": "common",
     "level": "10-35",
     "weight": 5,
     "condition": {
       "neededNearbyBlocks": [
			"minecraft:lava"
			],
		"biomes": [
			"minecraft:basalt_deltas"
		]
     },
     "drops": {
      "amount": 2,
      "entries": [
      {
        "item": "minecraft:magma_cream",
        "percentage": 50
      }
    ]
  }
   }
 ]
}