{
  "enabled": true,
  "neededInstalledMods": [],
  "neededUninstalledMods": [],
  "spawns": [
    {
      "id": "ranabyss-1",
      "pokemon": "ranabyss",
      "presets": [ "natural" ],
      "type": "pokemon",
      "context": "grounded",
      "bucket": "ultra-rare",
      "level": "5-40",
      "weight": 5,
      "condition": {
        "canSeeSky": false,
        "biomes": [ "minecraft:deep_dark" ],
      "maxY": 32,
      "neededNearbyBlocks": [
         "minecraft:lily_pad"
         ]
      }
    }
  ]
 }