{
 "enabled": true,
 "neededInstalledMods": [],
 "neededUninstalledMods": [],
 "spawns": [
   {
     "id": "strideler-1",
     "pokemon": "strideler",
     "presets": [ "natural" ],
     "type": "pokemon",
     "context": "grounded",
     "bucket": "rare",
     "level": "30-80",
     "weight": 3,
     "condition": {
       "neededNearbyBlocks": [
			"minecraft:lava"
			],
		"neededBaseBlocks": [
			"minecraft:netherrack"
		],
		"biomes": [
			"#minecraft:is_nether"
		]
     }
   }
 ]
}