{
 "enabled": true,
 "neededInstalledMods": [],
 "neededUninstalledMods": [],
 "spawns": [
   {
     "id": "vexace-1",
     "pokemon": "vexace",
     "presets": [ "natural" ],
     "type": "pokemon",
     "context": "grounded",
     "bucket": "rare",
     "level": "5-40",
     "weight": 8,
     "condition": {
       "canSeeSky": false,
	   "structures": [ 
	    "minecraft:mansion"
	 ],
	 "minY": 62,
	 "neededBaseBlocks": [
	 "minecraft:birch_planks",
	 "minecraft:double_smooth_stone_slab",
	 "minecraft:oak_planks",
	 "minecraft:polished_andesite"
	 ],
	 "neededNearbyBlocks": [
		"minecraft:birch_planks",
		"minecraft:cobblestone_stairs",
		"minecraft:cobblestone_wall",
		"minecraft:dark_oak_planks"
		]
	   
     }
   }
 ]
}