{
 "enabled": true,
 "neededInstalledMods": [],
 "neededUninstalledMods": [],
 "spawns": [
   {
     "id": "weeplee-1",
     "pokemon": "weeplee",
     "presets": [ "natural" ],
     "type": "pokemon",
     "context": "grounded",
     "bucket": "uncommon",
     "level": "20-50",
     "weight": 10,
     "condition": {
       "neededNearbyBlocks": [
			"minecraft:bone_block"
			],
		"neededBaseBlocks": [
			"minecraft:soul_sand",
			"minecraft:soul_soil"
		],
		"biomes": [
			"#minecraft:is_nether"
		]
     }
   }
 ]
}