{
 "enabled": true,
 "neededInstalledMods": [],
 "neededUninstalledMods": [],
 "spawns": [
   {
     "id": "withrose-1",
     "pokemon": "withrose",
     "presets": [ "natural" ],
     "type": "pokemon",
     "context": "grounded",
     "bucket": "ultra-rare",
     "level": "60-80",
     "weight": 0.1,
     "condition": {
       "neededNearbyBlocks": [
			"minecraft:wither_rose"
			],
		"neededBaseBlocks": [
			"minecraft:soul_sand"
		],
		"biomes": [
			"#minecraft:is_nether"
		]
     }
   }
 ]
}