{
	"format_version": "1.12.0",
	"minecraft:geometry": [
		{
			"description": {
				"identifier": "geometry.debugs",
				"texture_width": 32,
				"texture_height": 32,
				"visible_bounds_width": 2,
				"visible_bounds_height": 2.5,
				"visible_bounds_offset": [0, 0.75, 0]
			},
			"bones": [
				{
					"name": "debugs",
					"pivot": [0, 0, 0]
				},
				{
					"name": "body",
					"parent": "debugs",
					"pivot": [0, 12, 0],
					"cubes": [
						{"origin": [-3.5, 8.5, -3.5], "size": [7, 7, 7], "uv": [0, 0]}
					],
					"locators": {
						"debugs_particle": [0, 12, 0]
					}
				},
				{
					"name": "appendage1",
					"parent": "body",
					"pivot": [3, 15, -3],
					"rotation": [45, -45, 0],
					"cubes": [
						{"origin": [2.5, 14, -3.5], "size": [1, 2, 1], "uv": [22, 22]}
					]
				},
				{
					"name": "bulb1",
					"parent": "appendage1",
					"pivot": [3, 17.5, -3],
					"cubes": [
						{"origin": [2, 16, -4], "size": [2, 2, 2], "uv": [20, 18]}
					]
				},
				{
					"name": "appendage2",
					"parent": "body",
					"pivot": [-3, 15, -3],
					"rotation": [45, 45, 0],
					"cubes": [
						{"origin": [-3.5, 14, -3.5], "size": [1, 2, 1], "uv": [8, 22]}
					]
				},
				{
					"name": "bulb2",
					"parent": "appendage2",
					"pivot": [-3, 17.5, -3],
					"cubes": [
						{"origin": [-4, 16, -4], "size": [2, 2, 2], "uv": [20, 14]}
					]
				},
				{
					"name": "appendage3",
					"parent": "body",
					"pivot": [-3, 15, 3],
					"rotation": [-45, -45, 0],
					"cubes": [
						{"origin": [-3.5, 14, 2.5], "size": [1, 2, 1], "uv": [4, 22]}
					]
				},
				{
					"name": "bulb3",
					"parent": "appendage3",
					"pivot": [-3, 17.5, 3],
					"cubes": [
						{"origin": [-4, 16, 2], "size": [2, 2, 2], "uv": [14, 20]}
					]
				},
				{
					"name": "appendage4",
					"parent": "body",
					"pivot": [3, 15, 3],
					"rotation": [-45, 45, 0],
					"cubes": [
						{"origin": [2.5, 14, 2.5], "size": [1, 2, 1], "uv": [0, 22]}
					]
				},
				{
					"name": "bulb4",
					"parent": "appendage4",
					"pivot": [3, 17.5, 3],
					"cubes": [
						{"origin": [2, 16, 2], "size": [2, 2, 2], "uv": [8, 18]}
					]
				},
				{
					"name": "appendage5",
					"parent": "body",
					"pivot": [3, 9, 3],
					"rotation": [45, 45, 0],
					"cubes": [
						{"origin": [2.5, 8, 2.5], "size": [1, 2, 1], "uv": [21, 3]}
					]
				},
				{
					"name": "bulb5",
					"parent": "appendage5",
					"pivot": [3, 6.5, 3],
					"cubes": [
						{"origin": [2, 6, 2], "size": [2, 2, 2], "uv": [0, 18]}
					]
				},
				{
					"name": "appendage6",
					"parent": "body",
					"pivot": [-3, 9, 3],
					"rotation": [45, -45, 0],
					"cubes": [
						{"origin": [-3.5, 8, 2.5], "size": [1, 2, 1], "uv": [21, 0]}
					]
				},
				{
					"name": "bulb6",
					"parent": "appendage6",
					"pivot": [-3, 6.5, 3],
					"cubes": [
						{"origin": [-4, 6, 2], "size": [2, 2, 2], "uv": [14, 16]}
					]
				},
				{
					"name": "appendage7",
					"parent": "body",
					"pivot": [-3, 9, -3],
					"rotation": [-45, 45, 0],
					"cubes": [
						{"origin": [-3.5, 8, -3.5], "size": [1, 2, 1], "uv": [0, 3]}
					]
				},
				{
					"name": "bulb7",
					"parent": "appendage7",
					"pivot": [-3, 6.5, -3],
					"cubes": [
						{"origin": [-4, 6, -4], "size": [2, 2, 2], "uv": [8, 14]}
					]
				},
				{
					"name": "appendage8",
					"parent": "body",
					"pivot": [3, 9, -3],
					"rotation": [-45, -45, 0],
					"cubes": [
						{"origin": [2.5, 8, -3.5], "size": [1, 2, 1], "uv": [0, 0]}
					]
				},
				{
					"name": "bulb8",
					"parent": "appendage8",
					"pivot": [3, 6.5, -3],
					"cubes": [
						{"origin": [2, 6, -4], "size": [2, 2, 2], "uv": [0, 14]}
					]
				}
			]
		}
	]
}