{
	"format_version": "1.12.0",
	"minecraft:geometry": [
		{
			"description": {
				"identifier": "geometry.raimbra",
				"texture_width": 128,
				"texture_height": 128,
				"visible_bounds_width": 4,
				"visible_bounds_height": 4.5,
				"visible_bounds_offset": [0, 1.75, 0]
			},
			"bones": [
				{
					"name": "raimbra",
					"pivot": [0, 0, 0]
				},
				{
					"name": "bone",
					"parent": "raimbra",
					"pivot": [0, 24, 1],
					"rotation": [40, 0, 0]
				},
				{
					"name": "head",
					"parent": "bone",
					"pivot": [0, 32, 0.5],
					"rotation": [-32.5, 0, 0],
					"cubes": [
						{"origin": [-5, 32, -4], "size": [10, 8, 9], "uv": [1, 3]}
					]
				},
				{
					"name": "ear",
					"parent": "head",
					"pivot": [4, 39, 0.5],
					"cubes": [
						{"origin": [2, 38, -0.5], "size": [4, 7, 2], "uv": [44, 3]},
						{"origin": [3, 45, -0.5], "size": [2, 1, 2], "uv": [34, 4]}
					]
				},
				{
					"name": "ear2",
					"parent": "head",
					"pivot": [-4, 39, 0.5],
					"cubes": [
						{"origin": [-5, 45, -0.5], "size": [2, 1, 2], "uv": [34, 4], "mirror": true},
						{"origin": [-6, 38, -0.5], "size": [4, 7, 2], "uv": [44, 3], "mirror": true}
					]
				},
				{
					"name": "body",
					"parent": "bone",
					"pivot": [0, 33, 1],
					"cubes": [
						{"origin": [-3, 21, -2.5], "size": [6, 14, 6], "uv": [89, 3]}
					]
				},
				{
					"name": "bone2",
					"parent": "body",
					"pivot": [0, 32, -2.6],
					"rotation": [-40, 0, 0],
					"cubes": [
						{"origin": [-3, 19, -2.6], "size": [6, 13, 0], "uv": [6, 27]}
					]
				},
				{
					"name": "leg",
					"parent": "body",
					"pivot": [2.5, 23, 0.5],
					"rotation": [-20, 0, 0],
					"cubes": [
						{"origin": [1, 15, -1], "size": [3, 8, 3], "uv": [34, 23], "mirror": true}
					]
				},
				{
					"name": "leg2",
					"parent": "body",
					"pivot": [-2.5, 23, 0.5],
					"rotation": [-20, 0, 0],
					"cubes": [
						{"origin": [-4, 15, -1], "size": [3, 8, 3], "uv": [34, 23]}
					]
				},
				{
					"name": "tail",
					"parent": "body",
					"pivot": [0, 22.66667, 3.5],
					"cubes": [
						{"origin": [-2.5, 20, 2], "size": [5, 5, 10], "uv": [60, 20]}
					]
				},
				{
					"name": "bone3",
					"parent": "tail",
					"pivot": [0, 22.25, 12.25],
					"cubes": [
						{"origin": [-3.5, 19, 12], "size": [7, 7, 13], "uv": [24, 44]},
						{"origin": [-1.5, 25, 20], "size": [3, 2, 8], "uv": [5, 43]}
					]
				}
			]
		}
	]
}