{
	"format_version": "1.12.0",
	"minecraft:geometry": [
		{
			"description": {
				"identifier": "geometry.battitu",
				"texture_width": 64,
				"texture_height": 64,
				"visible_bounds_width": 2,
				"visible_bounds_height": 2.5,
				"visible_bounds_offset": [0, 0.75, 0]
			},
			"bones": [
				{
					"name": "battitu",
					"pivot": [0, 0, 0]
				},
				{
					"name": "bone",
					"parent": "battitu",
					"pivot": [0, 0, 0],
					"cubes": [
						{"origin": [-4, 0, -2], "size": [8, 4, 4], "uv": [0, 0]}
					]
				},
				{
					"name": "bone2",
					"parent": "bone",
					"pivot": [-2, 4, 0],
					"rotation": [-15, 0, 0],
					"cubes": [
						{"origin": [-3, 3, 0], "size": [2, 5, 0], "uv": [31, 4]}
					]
				},
				{
					"name": "bone3",
					"parent": "bone2",
					"pivot": [-2, 8, 0],
					"rotation": [20, 0, 0],
					"cubes": [
						{"origin": [-3, 8, 0], "size": [2, 4, 0], "uv": [38, 4]}
					]
				},
				{
					"name": "head",
					"parent": "bone3",
					"pivot": [-2, 11, 0],
					"cubes": [
						{"origin": [-4, 11, -2], "size": [4, 5, 4], "uv": [2, 12]}
					]
				},
				{
					"name": "bone4",
					"parent": "head",
					"pivot": [-3, 16, 0],
					"cubes": [
						{"origin": [-3.5, 16, 0], "size": [3, 4, 0], "uv": [41, 16]}
					]
				},
				{
					"name": "arm",
					"parent": "head",
					"pivot": [0, 12, 0],
					"cubes": [
						{"origin": [0, 9, 0], "size": [3, 4, 0], "uv": [28, 18]}
					]
				},
				{
					"name": "arm2",
					"parent": "head",
					"pivot": [-4, 12, 0],
					"cubes": [
						{"origin": [-7, 9, 0], "size": [3, 4, 0], "uv": [28, 18], "mirror": true}
					]
				}
			]
		}
	]
}