{
	"format_version": "1.12.0",
	"minecraft:geometry": [
		{
			"description": {
				"identifier": "geometry.umeltaka",
				"texture_width": 256,
				"texture_height": 256,
				"visible_bounds_width": 6,
				"visible_bounds_height": 8.5,
				"visible_bounds_offset": [0, 3.75, 0]
			},
			"bones": [
				{
					"name": "umeltaka",
					"pivot": [0, 0, 0]
				},
				{
					"name": "body",
					"parent": "umeltaka",
					"pivot": [0, 25, 0]
				},
				{
					"name": "pot",
					"parent": "body",
					"pivot": [0, 25, 0],
					"cubes": [
						{"origin": [15, 30.75, -14], "size": [0, 12, 28], "uv": [56, 50]},
						{"origin": [-13, 30.75, -14], "size": [0, 12, 28], "uv": [0, 50]},
						{"origin": [-13, 42.75, 1], "size": [0, 6, 13], "uv": [0, 0]},
						{"origin": [-13, 42.75, 14], "size": [13, 6, 0], "uv": [0, 19]},
						{"origin": [-25, 30.75, -14.025], "size": [40, 20, 0], "uv": [129, 36]},
						{"origin": [-23, 50.75, -14.025], "size": [18, 18, 0], "uv": [0, 90]},
						{"origin": [-13, 30.75, 14], "size": [28, 12, 0], "uv": [84, 12]},
						{"origin": [-13, 30.75, -14], "size": [28, 12, 0], "uv": [84, 0]},
						{"origin": [-11.5, 15.75, -12.5], "size": [25, 15, 25], "inflate": -0.01, "uv": [5, 1]},
						{"origin": [-13, 30.75, -14], "size": [28, 0, 28], "uv": [114, 0]},
						{"origin": [-9, 3.75, -10], "size": [20, 12, 20], "uv": [10, 46]}
					]
				},
				{
					"name": "detail_left",
					"parent": "pot",
					"pivot": [15, 39.75, 0],
					"cubes": [
						{"origin": [15, 36.75, 0], "size": [12, 12, 0], "uv": [88, 90]}
					]
				},
				{
					"name": "eye5",
					"parent": "detail_left",
					"pivot": [21.175, 41.975, -0.05],
					"cubes": [
						{"origin": [19.675, 40.475, -0.05], "size": [3, 3, 0], "uv": [52, 142]}
					]
				},
				{
					"name": "pupil5",
					"parent": "eye5",
					"pivot": [21.1875, 41.95, -0.1375],
					"cubes": [
						{"origin": [20.175, 40.975, -0.125], "size": [2, 2, 0], "uv": [59, 143]},
						{"origin": [20.7, 41.425, -0.15], "size": [1, 1, 0], "uv": [60, 141]}
					]
				},
				{
					"name": "droop_back",
					"parent": "pot",
					"pivot": [8, 42.75, 14.025],
					"cubes": [
						{"origin": [5, 39.75, 14.025], "size": [12, 12, 0], "uv": [0, 0]}
					]
				},
				{
					"name": "droop_left",
					"parent": "pot",
					"pivot": [16.25, 36.75, 0],
					"cubes": [
						{"origin": [12, 12.75, 0], "size": [6, 24, 0], "uv": [88, 102]}
					]
				},
				{
					"name": "droop_left2",
					"parent": "droop_left",
					"pivot": [12.5, 12.75, 0],
					"cubes": [
						{"origin": [11, 0.75, 0], "size": [11, 12, 0], "uv": [92, 63]}
					]
				},
				{
					"name": "eye6",
					"parent": "droop_left2",
					"pivot": [15.575, 8.225, -0.05],
					"cubes": [
						{"origin": [14.075, 6.725, -0.05], "size": [3, 3, 0], "uv": [52, 142]}
					]
				},
				{
					"name": "pupil6",
					"parent": "eye6",
					"pivot": [15.5875, 8.2, -0.1375],
					"cubes": [
						{"origin": [14.575, 7.225, -0.125], "size": [2, 2, 0], "uv": [59, 143]},
						{"origin": [15.1, 7.675, -0.15], "size": [1, 1, 0], "uv": [60, 141]}
					]
				},
				{
					"name": "eye",
					"parent": "pot",
					"pivot": [0.025, 43.475, -14.05],
					"cubes": [
						{"origin": [-1.975, 41.475, -14.05], "size": [4, 4, 0], "uv": [50, 134]}
					]
				},
				{
					"name": "pupil",
					"parent": "eye",
					"pivot": [0.0375, 43.45, -14.1375],
					"cubes": [
						{"origin": [-0.975, 42.475, -14.125], "size": [2, 2, 0], "uv": [60, 135]},
						{"origin": [-0.45, 42.925, -14.15], "size": [1, 1, 0], "uv": [61, 133]}
					]
				},
				{
					"name": "eye2",
					"parent": "pot",
					"pivot": [-19.025, 44.225, -14.05],
					"cubes": [
						{"origin": [-20.525, 42.725, -14.05], "size": [3, 3, 0], "uv": [52, 142]}
					]
				},
				{
					"name": "pupil2",
					"parent": "eye2",
					"pivot": [-19.0125, 44.2, -14.1375],
					"cubes": [
						{"origin": [-20.025, 43.225, -14.125], "size": [2, 2, 0], "uv": [59, 143]},
						{"origin": [-19.5, 43.675, -14.15], "size": [1, 1, 0], "uv": [60, 141]}
					]
				},
				{
					"name": "eye3",
					"parent": "pot",
					"pivot": [-19.525, 52.975, -14.05],
					"cubes": [
						{"origin": [-21.025, 51.475, -14.05], "size": [3, 3, 0], "uv": [52, 142]}
					]
				},
				{
					"name": "pupil3",
					"parent": "eye3",
					"pivot": [-19.5125, 52.95, -14.1375],
					"cubes": [
						{"origin": [-20.525, 51.975, -14.125], "size": [2, 2, 0], "uv": [59, 143]},
						{"origin": [-20, 52.425, -14.15], "size": [1, 1, 0], "uv": [60, 141]}
					]
				},
				{
					"name": "eye4",
					"parent": "pot",
					"pivot": [-17.525, 60.725, -14.05],
					"cubes": [
						{"origin": [-19.025, 59.225, -14.05], "size": [3, 3, 0], "uv": [52, 142]}
					]
				},
				{
					"name": "pupil4",
					"parent": "eye4",
					"pivot": [-17.5125, 60.7, -14.1375],
					"cubes": [
						{"origin": [-18.525, 59.725, -14.125], "size": [2, 2, 0], "uv": [59, 143]},
						{"origin": [-18, 60.175, -14.15], "size": [1, 1, 0], "uv": [60, 141]}
					]
				},
				{
					"name": "stick",
					"parent": "body",
					"pivot": [-23.38306, 51.27629, 0],
					"cubes": [
						{"origin": [-31.75, 95.675, 0], "size": [11, 12, 0], "uv": [0, 43]},
						{"origin": [-25.75, 89.675, -1], "size": [5, 11, 2], "uv": [0, 108]},
						{"origin": [-37.775, 84.7, -1], "size": [5, 12, 2], "inflate": -0.01, "pivot": [-32.775, 84.7, 0], "rotation": [180, 0, -135], "uv": [50, 107]},
						{"origin": [-32.775, 76.7, -1], "size": [5, 8, 2], "uv": [0, 55]},
						{"origin": [-29.3, 68.225, -1], "size": [5, 12, 2], "inflate": -0.01, "pivot": [-24.3, 68.225, 0], "rotation": [180, 0, 135], "uv": [100, 102]},
						{"origin": [-25.75, 45.75, -1], "size": [5, 26, 2], "uv": [36, 90]}
					]
				},
				{
					"name": "eye7",
					"parent": "stick",
					"pivot": [-27.425, 103.15, -0.05],
					"cubes": [
						{"origin": [-28.925, 101.65, -0.05], "size": [3, 3, 0], "uv": [52, 142]}
					]
				},
				{
					"name": "pupil7",
					"parent": "eye7",
					"pivot": [-27.4125, 103.125, -0.1375],
					"cubes": [
						{"origin": [-28.425, 102.15, -0.125], "size": [2, 2, 0], "uv": [59, 143]},
						{"origin": [-27.9, 102.6, -0.15], "size": [1, 1, 0], "uv": [60, 141]}
					]
				},
				{
					"name": "stick2",
					"parent": "stick",
					"pivot": [-23.25, 45.75, 0],
					"cubes": [
						{"origin": [-28.25, 5.75, -1], "size": [10, 15, 2], "uv": [50, 90]},
						{"origin": [-25.75, 20.75, -1], "size": [5, 25, 2], "uv": [74, 90]}
					]
				}
			]
		}
	]
}