{
	"format_version": "1.8.0",
	"animations": {
		"animation.bulbish.ground_idle": {
			"loop": true,
			"animation_length": 0.96,
			"bones": {
				"head": {
					"rotation": {
						"0.0": [0, 0, 0],
						"0.24": [-2.5, 5, 0],
						"0.48": [0, 0, 0],
						"0.72": [-2.5, -5, 0],
						"0.96": [0, 0, 0]
					},
					"position": {
						"0.0": [0, 0, 0],
						"0.48": [0, 0.5, 0],
						"0.96": [0, 0, 0]
					}
				},
				"tail": {
					"rotation": {
						"0.0": [0, 0, 0],
						"0.24": [0, -22.5, 0],
						"0.48": [0, 0, 0],
						"0.72": [0, 22.5, 0],
						"0.96": [0, 0, 0]
					}
				}
			}
		},
		"animation.bulbish.ground_walk": {
			"loop": true,
			"animation_length": 0.48,
			"bones": {
				"head": {
					"rotation": {
						"0.0": [5.04292, 7.4713, 0.6574],
						"0.24": [5.04292, -7.4713, -0.6574],
						"0.48": [5.04292, 7.4713, 0.6574]
					}
				},
				"tail": {
					"rotation": {
						"0.0": [0, -22.5, 0],
						"0.24": [0, 22.5, 0],
						"0.48": [0, -22.5, 0]
					}
				},
				"bone2": {
					"rotation": {
						"0.0": [0, 0, 22.5],
						"0.24": [0, 0, -22.5],
						"0.48": [0, 0, 22.5]
					}
				}
			}
		}
	}
}