{
	"format_version": "1.8.0",
	"animations": {
		"animation.tigershark_colt.pose": {
			"loop": true,
			"bones": {
				"torso": {
					"rotation": [10, 0, 0]
				},
				"neck": {
					"rotation": [15, 0, 0]
				},
				"head": {
					"rotation": [-12.5, 0, 0]
				},
				"tail": {
					"rotation": [27.5, 32.5, 22.5]
				},
				"tail2": {
					"rotation": [15.30323, -2.11335, 20.0154]
				},
				"tail3": {
					"rotation": [17.5, 0, 0]
				},
				"tail4": {
					"rotation": [22.5, 0, 0]
				},
				"rightfrontleg": {
					"rotation": [0, 35, 7.5]
				},
				"rightfrontknee": {
					"rotation": [0, 0, -10]
				},
				"leftfrontpaw": {
					"rotation": [0, -22.5, 0]
				},
				"jaw": {
					"rotation": [-27.5, 0, 0],
					"position": [0, 0.3, 0]
				}
			}
		},
		"animation.tigershark_colt.ground_idle": {
			"loop": true,
			"animation_length": 4,
			"bones": {
				"torso": {
					"rotation": [10, 0, 0],
					"position": [0, "0+math.sin(query.anim_time*90*2)*0.2", 0]
				},
				"uppertorso": {
					"rotation": ["-10+math.sin(query.anim_time*90*2-60)", 0, 0]
				},
				"neck": {
					"rotation": [15, 0, "0+math.sin(query.anim_time*90*2)"]
				},
				"head": {
					"rotation": [2.5, 0, "0+math.sin(query.anim_time*90*2)"]
				},
				"tail": {
					"rotation": ["-2.5+math.sin(query.anim_time*90*2-60)*5", "0+math.sin(query.anim_time*90*2)*5", 0]
				},
				"tail2": {
					"rotation": ["7.5+math.sin(query.anim_time*90*2-120)*10", "0+math.sin(query.anim_time*90*2-60)*10", 0]
				},
				"tail3": {
					"rotation": [5, "0+math.sin(query.anim_time*90*2-120)*15", 0]
				},
				"tail4": {
					"rotation": [7.5, "0+math.sin(query.anim_time*90*2-180)*20", 0]
				},
				"rightbackleg": {
					"rotation": ["0+math.sin(query.anim_time*90*2)*2", 0, 0]
				},
				"rightbackknee": {
					"rotation": ["0-math.sin(query.anim_time*90*2)*3", 0, 0]
				},
				"rightfrontleg": {
					"rotation": ["0-math.sin(query.anim_time*90*2)*2", 0, 0]
				},
				"rightfrontknee": {
					"rotation": ["0+math.sin(query.anim_time*90*2)*3", 0, 0]
				},
				"leftfrontleg": {
					"rotation": ["0-math.sin(query.anim_time*90*2)*2", -15, 0]
				},
				"leftfrontknee": {
					"rotation": ["0+math.sin(query.anim_time*90*2)*3", 0, 0]
				},
				"leftbackleg": {
					"rotation": ["12.5+math.sin(query.anim_time*90*2)*2", 0, 0]
				},
				"leftbackknee": {
					"rotation": ["7.5-math.sin(query.anim_time*90*2)*3", 0, 0]
				},
				"leftbackankle": {
					"rotation": [-10, 0, 0]
				},
				"jaw": {
					"rotation": ["-27.5+math.sin(query.anim_time*90*2)", 0, 0],
					"position": [0, 0.5, 0]
				}
			}
		},
		"animation.tigershark_colt.ground_walk": {
			"loop": true,
			"animation_length": 0.5,
			"bones": {
				"torso": {
					"rotation": {
						"0.0": {
							"post": [0, 0, 0],
							"lerp_mode": "catmullrom"
						},
						"0.125": {
							"post": [-10, 0, 0],
							"lerp_mode": "catmullrom"
						},
						"0.375": {
							"post": [7.5, 0, 0],
							"lerp_mode": "catmullrom"
						},
						"0.5": {
							"post": [0, 0, 0],
							"lerp_mode": "catmullrom"
						}
					},
					"position": {
						"0.0": {
							"post": [0, 0, 0],
							"lerp_mode": "catmullrom"
						},
						"0.1667": {
							"post": [0, 3, 0],
							"lerp_mode": "catmullrom"
						},
						"0.3333": {
							"post": [0, -1, 0],
							"lerp_mode": "catmullrom"
						},
						"0.5": {
							"post": [0, 0, 0],
							"lerp_mode": "catmullrom"
						}
					}
				},
				"neck": {
					"rotation": ["0+math.sin(query.anim_time*90*8-60)*5", 0, 0]
				},
				"head": {
					"rotation": ["0+math.sin(query.anim_time*90*8-120)*5", 0, 0]
				},
				"tail": {
					"rotation": ["0+math.sin(query.anim_time*90*8)*10", 0, 0]
				},
				"tail2": {
					"rotation": ["0+math.sin(query.anim_time*90*8-120)*15", 0, 0]
				},
				"tail3": {
					"rotation": ["0+math.sin(query.anim_time*90*8-180)*15", 0, 0]
				},
				"tail4": {
					"rotation": ["0+math.sin(query.anim_time*90*8-210)*20", 0, 0]
				},
				"rightbackleg": {
					"rotation": {
						"0.0": {
							"post": [0, 0, 0],
							"lerp_mode": "catmullrom"
						},
						"0.25": {
							"post": [37.5, 0, 0],
							"lerp_mode": "catmullrom"
						},
						"0.5": {
							"post": [0, 0, 0],
							"lerp_mode": "catmullrom"
						}
					},
					"position": {
						"0.0": {
							"post": [0, 0, 0],
							"lerp_mode": "catmullrom"
						},
						"0.25": {
							"post": [0, 0, 4],
							"lerp_mode": "catmullrom"
						},
						"0.375": {
							"post": [0, 3, 2],
							"lerp_mode": "catmullrom"
						},
						"0.5": {
							"post": [0, 0, 0],
							"lerp_mode": "catmullrom"
						}
					}
				},
				"rightbackknee": {
					"rotation": {
						"0.0": {
							"post": [50, 0, 0],
							"lerp_mode": "catmullrom"
						},
						"0.125": {
							"post": [0, 0, 0],
							"lerp_mode": "catmullrom"
						},
						"0.2083": {
							"post": [45, 0, 0],
							"lerp_mode": "catmullrom"
						},
						"0.3333": {
							"post": [50, 0, 0],
							"lerp_mode": "catmullrom"
						},
						"0.5": {
							"post": [50, 0, 0],
							"lerp_mode": "catmullrom"
						}
					}
				},
				"rightfrontleg": {
					"rotation": {
						"0.0": {
							"post": [22.5, 0, 0],
							"lerp_mode": "catmullrom"
						},
						"0.125": {
							"post": [-27.5, 0, 0],
							"lerp_mode": "catmullrom"
						},
						"0.375": {
							"post": [-2.5, 0, 0],
							"lerp_mode": "catmullrom"
						},
						"0.5": {
							"post": [22.5, 0, 0],
							"lerp_mode": "catmullrom"
						}
					},
					"position": {
						"0.0": {
							"post": [0, 0, 4],
							"lerp_mode": "catmullrom"
						},
						"0.125": {
							"post": [0, 2, 1],
							"lerp_mode": "catmullrom"
						},
						"0.25": {
							"post": [0, 0, -2],
							"lerp_mode": "catmullrom"
						},
						"0.5": {
							"post": [0, 0, 4],
							"lerp_mode": "catmullrom"
						}
					}
				},
				"rightfrontknee": {
					"rotation": {
						"0.0": {
							"post": [0, 0, 0],
							"lerp_mode": "catmullrom"
						},
						"0.125": {
							"post": [-25, 0, 0],
							"lerp_mode": "catmullrom"
						},
						"0.2917": {
							"post": [2.5, 0, 0],
							"lerp_mode": "catmullrom"
						},
						"0.5": {
							"post": [0, 0, 0],
							"lerp_mode": "catmullrom"
						}
					}
				},
				"rightfrontpaw": {
					"rotation": {
						"0.0": {
							"post": [0, 0, 0],
							"lerp_mode": "catmullrom"
						},
						"0.125": {
							"post": [35, 0, 0],
							"lerp_mode": "catmullrom"
						},
						"0.25": {
							"post": [-52.5, 0, 0],
							"lerp_mode": "catmullrom"
						},
						"0.4167": {
							"post": [0, 0, 0],
							"lerp_mode": "catmullrom"
						}
					}
				},
				"leftfrontleg": {
					"rotation": {
						"0.0": {
							"post": [15, 0, 0],
							"lerp_mode": "catmullrom"
						},
						"0.125": {
							"post": [-27.5, 0, 0],
							"lerp_mode": "catmullrom"
						},
						"0.375": {
							"post": [-2.5, 0, 0],
							"lerp_mode": "catmullrom"
						},
						"0.5": {
							"post": [15, 0, 0],
							"lerp_mode": "catmullrom"
						}
					},
					"position": {
						"0.0": {
							"post": [0, 0, 4],
							"lerp_mode": "catmullrom"
						},
						"0.125": {
							"post": [0, 5, 1],
							"lerp_mode": "catmullrom"
						},
						"0.25": {
							"post": [0, 0, -2],
							"lerp_mode": "catmullrom"
						},
						"0.5": {
							"post": [0, 0, 4],
							"lerp_mode": "catmullrom"
						}
					}
				},
				"leftfrontknee": {
					"rotation": {
						"0.0": {
							"post": [0, 0, 0],
							"lerp_mode": "catmullrom"
						},
						"0.125": {
							"post": [-25, 0, 0],
							"lerp_mode": "catmullrom"
						},
						"0.2917": {
							"post": [2.5, 0, 0],
							"lerp_mode": "catmullrom"
						},
						"0.5": {
							"post": [0, 0, 0],
							"lerp_mode": "catmullrom"
						}
					}
				},
				"leftfrontpaw": {
					"rotation": {
						"0.0": {
							"post": [0, 0, 0],
							"lerp_mode": "catmullrom"
						},
						"0.125": {
							"post": [35, 0, 0],
							"lerp_mode": "catmullrom"
						},
						"0.25": {
							"post": [-52.5, 0, 0],
							"lerp_mode": "catmullrom"
						},
						"0.4167": {
							"post": [0, 0, 0],
							"lerp_mode": "catmullrom"
						}
					}
				},
				"leftbackleg": {
					"rotation": {
						"0.0": {
							"post": [0, 0, 0],
							"lerp_mode": "catmullrom"
						},
						"0.25": {
							"post": [37.5, 0, 0],
							"lerp_mode": "catmullrom"
						},
						"0.5": {
							"post": [0, 0, 0],
							"lerp_mode": "catmullrom"
						}
					},
					"position": {
						"0.0": {
							"post": [0, 0, 0],
							"lerp_mode": "catmullrom"
						},
						"0.25": {
							"post": [0, 0, 5],
							"lerp_mode": "catmullrom"
						},
						"0.375": {
							"post": [0, 3, 2.5],
							"lerp_mode": "catmullrom"
						},
						"0.5": {
							"post": [0, 0, 0],
							"lerp_mode": "catmullrom"
						}
					}
				},
				"leftbackknee": {
					"rotation": {
						"0.0": {
							"post": [50, 0, 0],
							"lerp_mode": "catmullrom"
						},
						"0.125": {
							"post": [0, 0, 0],
							"lerp_mode": "catmullrom"
						},
						"0.2083": {
							"post": [45, 0, 0],
							"lerp_mode": "catmullrom"
						},
						"0.3333": {
							"post": [50, 0, 0],
							"lerp_mode": "catmullrom"
						},
						"0.5": {
							"post": [50, 0, 0],
							"lerp_mode": "catmullrom"
						}
					}
				},
				"jaw": {
					"rotation": [-25, 0, 0]
				}
			}
		},
		"animation.tigershark_colt.battle_idle": {
			"loop": true,
			"animation_length": 4,
			"bones": {
				"body": {
					"rotation": [14.92232, 1.00591, 1.29071]
				},
				"torso": {
					"position": [0, "0+math.sin(query.anim_time*90*4)*0.2", 0]
				},
				"uppertorso": {
					"rotation": ["-2.5+math.sin(query.anim_time*90*4)", 0, 0]
				},
				"neck": {
					"rotation": ["-12.5+math.sin(query.anim_time*90*4-60)*2", 0, 0]
				},
				"tail": {
					"rotation": ["10+math.sin(query.anim_time*90*4-60)*5", "0+math.sin(query.anim_time*90*2)*5", 0]
				},
				"tail2": {
					"rotation": ["5+math.sin(query.anim_time*90*4-120)*10", 0, 0]
				},
				"tail3": {
					"rotation": ["15+math.sin(query.anim_time*90*4-180)*15", 0, 0]
				},
				"tail4": {
					"rotation": ["7.5+math.sin(query.anim_time*90*4-210)*20", "0|+math.sin(query.anim_time*90*2-60)*20", 0]
				},
				"rightbackleg": {
					"rotation": [17.5, 0, 0]
				},
				"rightfrontleg": {
					"rotation": ["-22.5+math.sin(query.anim_time*90*4)*2", 0, 0],
					"position": [0, "0-math.sin(query.anim_time*90*4)*0.2", 0]
				},
				"rightfrontknee": {
					"rotation": ["0-math.sin(query.anim_time*90*4)*3", 0, 0]
				},
				"rightfrontpaw": {
					"rotation": ["0+math.sin(query.anim_time*90*4)*4", 0, 0]
				},
				"leftfrontleg": {
					"rotation": ["0+math.sin(query.anim_time*90*4)*1", 0, 0]
				},
				"leftfrontknee": {
					"rotation": ["-20-math.sin(query.anim_time*90*4)*2", 0, 0]
				},
				"leftfrontpaw": {
					"rotation": ["10+math.sin(query.anim_time*90*4)*3", 0, 0]
				},
				"leftbackknee": {
					"rotation": [-7.5, 0, 0]
				},
				"jaw": {
					"rotation": ["0+math.sin(query.anim_time*90*16)", 0, 0]
				}
			}
		},
		"animation.tigershark_colt.cry": {
			"animation_length": 1.3333,
			"bones": {
				"neck": {
					"rotation": {
						"0.0": {
							"post": [0, 0, 0],
							"lerp_mode": "catmullrom"
						},
						"0.125": {
							"post": [12.5, 0, 0],
							"lerp_mode": "catmullrom"
						},
						"0.375": {
							"post": [15, 0, 0],
							"lerp_mode": "catmullrom"
						},
						"0.5": {
							"post": [-15, 0, 0],
							"lerp_mode": "catmullrom"
						},
						"0.7917": {
							"post": [-20, 0, 0],
							"lerp_mode": "catmullrom"
						},
						"1.0417": {
							"post": [-20, 0, 0],
							"lerp_mode": "catmullrom"
						},
						"1.3333": {
							"post": [0, 0, 0],
							"lerp_mode": "catmullrom"
						}
					}
				},
				"jaw": {
					"rotation": {
						"0.0": {
							"post": [0, 0, 0],
							"lerp_mode": "catmullrom"
						},
						"0.1667": {
							"post": [0, 0, 0],
							"lerp_mode": "catmullrom"
						},
						"0.25": {
							"post": [0, 0, 0],
							"lerp_mode": "catmullrom"
						},
						"0.625": {
							"post": [40, 0, 0],
							"lerp_mode": "catmullrom"
						},
						"1.0417": {
							"post": [40, 0, 0],
							"lerp_mode": "catmullrom"
						},
						"1.2083": {
							"post": [0, 0, 0],
							"lerp_mode": "catmullrom"
						}
					}
				}
			},
			"sound_effects": {
				"0.0": {
					"effect": "pokemon.tigershark_colt.cry"
				}
			}
		},
		"animation.tigershark_colt.blink": {
			"animation_length": 0.2083,
			"bones": {
				"eyelids": {
					"rotation": {
						"0.0": [0, 0, 0],
						"0.0833": [-2.5, 0, 0],
						"0.2083": [0, 0, 0]
					},
					"position": {
						"0.0": [0, 0, 0],
						"0.0833": [0, -1.8, 0.5],
						"0.2083": [0, 0, 0]
					},
					"scale": {
						"0.0": [1, 1, 1],
						"0.0833": [1, 1.6, 1.3],
						"0.2083": [1, 1, 1]
					}
				}
			}
		},
		"animation.tigershark_colt.physical": {
			"animation_length": 1.5833,
			"bones": {
				"body": {
					"rotation": {
						"0.0": {
							"post": [0, 0, 0],
							"lerp_mode": "catmullrom"
						},
						"0.0417": {
							"post": [7.5, -10, 0],
							"lerp_mode": "catmullrom"
						},
						"0.3333": {
							"post": [10, -12.5, 0],
							"lerp_mode": "catmullrom"
						},
						"0.5417": {
							"post": [-17.5, 7.5, 0],
							"lerp_mode": "catmullrom"
						},
						"0.75": {
							"post": [17.5, 32.5, 0],
							"lerp_mode": "catmullrom"
						},
						"1.0417": {
							"post": [20, 35, 0],
							"lerp_mode": "catmullrom"
						},
						"1.5417": {
							"post": [0, 0, 0],
							"lerp_mode": "catmullrom"
						}
					}
				},
				"neck": {
					"rotation": {
						"0.0": {
							"post": [0, 0, 0],
							"lerp_mode": "catmullrom"
						},
						"0.2083": {
							"post": [-15, -15, 0],
							"lerp_mode": "catmullrom"
						},
						"0.5": {
							"post": [-40, -15, 0],
							"lerp_mode": "catmullrom"
						},
						"0.6667": {
							"post": [-40, -2.5, 0],
							"lerp_mode": "catmullrom"
						},
						"0.9167": {
							"post": [-30, -2.5, 0],
							"lerp_mode": "catmullrom"
						},
						"1.25": {
							"post": [0, 0, 0],
							"lerp_mode": "catmullrom"
						}
					}
				},
				"tail": {
					"rotation": {
						"0.0": {
							"post": [0, 0, 0],
							"lerp_mode": "catmullrom"
						},
						"0.125": {
							"post": [0, 10, 0],
							"lerp_mode": "catmullrom"
						},
						"0.25": {
							"post": [0, -15, 0],
							"lerp_mode": "catmullrom"
						},
						"0.4583": {
							"post": [12.5, -15, 0],
							"lerp_mode": "catmullrom"
						},
						"0.625": {
							"post": [-22.5, -5, 0],
							"lerp_mode": "catmullrom"
						},
						"0.8333": {
							"post": [5, -5, 0],
							"lerp_mode": "catmullrom"
						},
						"1.0": {
							"post": [-5, -5, 0],
							"lerp_mode": "catmullrom"
						},
						"1.3333": {
							"post": [0, 0, 0],
							"lerp_mode": "catmullrom"
						}
					}
				},
				"tail2": {
					"rotation": {
						"0.0": {
							"post": [0, 0, 0],
							"lerp_mode": "catmullrom"
						},
						"0.0833": {
							"post": [-15, 0, 0],
							"lerp_mode": "catmullrom"
						},
						"0.1667": {
							"post": [-15, 10, 0],
							"lerp_mode": "catmullrom"
						},
						"0.3333": {
							"post": [-15, -17.5, 0],
							"lerp_mode": "catmullrom"
						},
						"0.5": {
							"post": [7.5, -17.5, 0],
							"lerp_mode": "catmullrom"
						},
						"0.625": {
							"post": [-10, -17.5, 0],
							"lerp_mode": "catmullrom"
						},
						"0.75": {
							"post": [-12.5, -17.5, 0],
							"lerp_mode": "catmullrom"
						},
						"0.9167": {
							"post": [18.58, 0, 0],
							"lerp_mode": "catmullrom"
						},
						"1.2917": {
							"post": [0, 0, 0],
							"lerp_mode": "catmullrom"
						}
					}
				},
				"tail3": {
					"rotation": {
						"0.0": {
							"post": [0, 0, 0],
							"lerp_mode": "catmullrom"
						},
						"0.0417": {
							"post": [-10, 0, 0],
							"lerp_mode": "catmullrom"
						},
						"0.1667": {
							"post": [-10, 12.5, 0],
							"lerp_mode": "catmullrom"
						},
						"0.3333": {
							"post": [-10, 17.5, 0],
							"lerp_mode": "catmullrom"
						},
						"0.4583": {
							"post": [-10, 5, 0],
							"lerp_mode": "catmullrom"
						},
						"0.6667": {
							"post": [-20, 5, 0],
							"lerp_mode": "catmullrom"
						},
						"0.8333": {
							"post": [-20, -20, 0],
							"lerp_mode": "catmullrom"
						},
						"1.0833": {
							"post": [-20, -5, 0],
							"lerp_mode": "catmullrom"
						},
						"1.5417": {
							"post": [0, 0, 0],
							"lerp_mode": "catmullrom"
						}
					}
				},
				"leftfrontleg": {
					"rotation": {
						"0.0": {
							"post": [0, 0, 0],
							"lerp_mode": "catmullrom"
						},
						"0.125": {
							"post": [-5, 0, 0],
							"lerp_mode": "catmullrom"
						},
						"0.2917": {
							"post": [-5, 0, 0],
							"lerp_mode": "catmullrom"
						},
						"0.5": {
							"post": [-57.5, 0, -42.5],
							"lerp_mode": "catmullrom"
						},
						"0.8333": {
							"post": [-50, 0, 40],
							"lerp_mode": "catmullrom"
						},
						"1.125": {
							"post": [-50, 0, 40],
							"lerp_mode": "catmullrom"
						},
						"1.5417": {
							"post": [0, 0, 0],
							"lerp_mode": "catmullrom"
						}
					}
				},
				"leftfrontknee": {
					"rotation": {
						"0.0": {
							"post": [0, 0, 0],
							"lerp_mode": "catmullrom"
						},
						"0.0833": {
							"post": [-5, 0, 0],
							"lerp_mode": "catmullrom"
						},
						"0.375": {
							"post": [0, 0, 0],
							"lerp_mode": "catmullrom"
						},
						"0.5": {
							"post": [-10, -32.5, 0],
							"lerp_mode": "catmullrom"
						},
						"0.9583": {
							"post": [0, 0, 0],
							"lerp_mode": "catmullrom"
						}
					}
				},
				"leftfrontpaw": {
					"rotation": {
						"0.0": {
							"post": [0, 0, 0],
							"lerp_mode": "catmullrom"
						},
						"0.0833": {
							"post": [-2.5, 0, 0],
							"lerp_mode": "catmullrom"
						},
						"0.3333": {
							"post": [0, 0, 0],
							"lerp_mode": "catmullrom"
						},
						"0.5": {
							"post": [27.5, 0, 0],
							"lerp_mode": "catmullrom"
						},
						"0.625": {
							"post": [-50, 0, 0],
							"lerp_mode": "catmullrom"
						},
						"0.75": {
							"post": [-55, 0, 0],
							"lerp_mode": "catmullrom"
						},
						"0.875": {
							"post": [0, 0, 0],
							"lerp_mode": "catmullrom"
						},
						"1.1667": {
							"post": [0, 0, 0],
							"lerp_mode": "catmullrom"
						},
						"1.5417": {
							"post": [0, 0, 0],
							"lerp_mode": "catmullrom"
						}
					}
				},
				"jaw": {
					"rotation": {
						"0.0": {
							"post": [0, 0, 0],
							"lerp_mode": "catmullrom"
						},
						"0.0833": {
							"post": [-27.5, 0, 0],
							"lerp_mode": "catmullrom"
						},
						"0.375": {
							"post": [-7.5, 0, 0],
							"lerp_mode": "catmullrom"
						},
						"0.4583": {
							"post": [25, 0, 0],
							"lerp_mode": "catmullrom"
						},
						"0.5833": {
							"post": [22.5, 0, 0],
							"lerp_mode": "catmullrom"
						},
						"0.75": {
							"post": [-25, 0, 0],
							"lerp_mode": "catmullrom"
						},
						"1.0833": {
							"post": [-25, 0, 0],
							"lerp_mode": "catmullrom"
						},
						"1.4167": {
							"post": [0, 0, 0],
							"lerp_mode": "catmullrom"
						}
					}
				}
			}
		},
		"animation.tigershark_colt.special": {
			"animation_length": 1.5417,
			"bones": {
				"torso": {
					"rotation": {
						"0.0": {
							"post": [0, 0, 0],
							"lerp_mode": "catmullrom"
						},
						"0.2083": {
							"post": [10, 0, 0],
							"lerp_mode": "catmullrom"
						},
						"0.4583": {
							"post": [12.5, 0, 0],
							"lerp_mode": "catmullrom"
						},
						"0.5417": {
							"post": [12.5, 0, 2.5],
							"lerp_mode": "catmullrom"
						},
						"0.625": {
							"post": [12.5, 0, -2.5],
							"lerp_mode": "catmullrom"
						},
						"0.7083": {
							"post": [12.5, 0, 2.5],
							"lerp_mode": "catmullrom"
						},
						"0.7917": {
							"post": [12.5, 0, -2.5],
							"lerp_mode": "catmullrom"
						},
						"0.875": {
							"post": [12.5, 0, 2.5],
							"lerp_mode": "catmullrom"
						},
						"0.9583": {
							"post": [12.5, 0, -2.5],
							"lerp_mode": "catmullrom"
						},
						"1.0417": {
							"post": [12.5, 0, 2.5],
							"lerp_mode": "catmullrom"
						},
						"1.125": {
							"post": [12.5, 0, -2.5],
							"lerp_mode": "catmullrom"
						},
						"1.5417": {
							"post": [0, 0, 0],
							"lerp_mode": "catmullrom"
						}
					}
				},
				"neck": {
					"rotation": {
						"0.0": {
							"post": [0, 0, 0],
							"lerp_mode": "catmullrom"
						},
						"0.1667": {
							"post": [20, 0, 0],
							"lerp_mode": "catmullrom"
						},
						"0.5": {
							"post": [-14.49368, -6.27066, 2.82113],
							"lerp_mode": "catmullrom"
						},
						"0.7083": {
							"post": [-16.99, -6.27, 2.82],
							"lerp_mode": "catmullrom"
						},
						"1.0833": {
							"post": [0, 0, 0],
							"lerp_mode": "catmullrom"
						}
					}
				},
				"tail": {
					"rotation": {
						"0.0": {
							"post": [0, 0, 0],
							"lerp_mode": "catmullrom"
						},
						"0.125": {
							"post": [7.5, 0, 0],
							"lerp_mode": "catmullrom"
						},
						"0.5417": {
							"post": [17.5, 0, 0],
							"lerp_mode": "catmullrom"
						},
						"0.9583": {
							"post": [20, 0, 0],
							"lerp_mode": "catmullrom"
						},
						"1.2917": {
							"post": [0, 0, 0],
							"lerp_mode": "catmullrom"
						}
					}
				},
				"tail2": {
					"rotation": {
						"0.0": {
							"post": [0, 0, 0],
							"lerp_mode": "catmullrom"
						},
						"0.125": {
							"post": [-10, 0, 0],
							"lerp_mode": "catmullrom"
						},
						"0.2917": {
							"post": [-12.5, 0, 0],
							"lerp_mode": "catmullrom"
						},
						"0.4583": {
							"post": [12.5, 0, 0],
							"lerp_mode": "catmullrom"
						},
						"0.625": {
							"post": [20, 0, 0],
							"lerp_mode": "catmullrom"
						},
						"1.0833": {
							"post": [22.5, 0, 0],
							"lerp_mode": "catmullrom"
						},
						"1.4167": {
							"post": [0, 0, 0],
							"lerp_mode": "catmullrom"
						}
					}
				},
				"tail4": {
					"rotation": {
						"0.0": {
							"post": [0, 0, 0],
							"lerp_mode": "catmullrom"
						},
						"0.125": {
							"post": [-12.5, 0, 0],
							"lerp_mode": "catmullrom"
						},
						"0.3333": {
							"post": [-20, 0, 0],
							"lerp_mode": "catmullrom"
						},
						"0.4583": {
							"post": [-25, 0, 0],
							"lerp_mode": "catmullrom"
						},
						"0.7917": {
							"post": [32.5, 0, 0],
							"lerp_mode": "catmullrom"
						},
						"0.875": {
							"post": [33, -10, 0],
							"lerp_mode": "catmullrom"
						},
						"0.9583": {
							"post": [34, 2.22, 0],
							"lerp_mode": "catmullrom"
						},
						"1.0417": {
							"post": [33, -10, 0],
							"lerp_mode": "catmullrom"
						},
						"1.125": {
							"post": [34, 2.22, 0],
							"lerp_mode": "catmullrom"
						},
						"1.2083": {
							"post": [37.5, 0, 0],
							"lerp_mode": "catmullrom"
						},
						"1.5417": {
							"post": [0, 0, 0],
							"lerp_mode": "catmullrom"
						}
					}
				},
				"jaw": {
					"rotation": {
						"0.0": {
							"post": [0, 0, 0],
							"lerp_mode": "catmullrom"
						},
						"0.2917": {
							"post": [27.5, 0, 0],
							"lerp_mode": "catmullrom"
						},
						"0.7083": {
							"post": [25, 0, 0],
							"lerp_mode": "catmullrom"
						},
						"0.8333": {
							"post": [30, 0, 0],
							"lerp_mode": "catmullrom"
						},
						"1.3333": {
							"post": [0, 0, 0],
							"lerp_mode": "catmullrom"
						}
					}
				}
			}
		},
		"animation.tigershark_colt.status": {
			"animation_length": 0.875,
			"bones": {
				"neck": {
					"rotation": {
						"0.0": {
							"post": [0, 0, 0],
							"lerp_mode": "catmullrom"
						},
						"0.125": {
							"post": [0, -20, 0],
							"lerp_mode": "catmullrom"
						},
						"0.2917": {
							"post": [0, 22.5, 0],
							"lerp_mode": "catmullrom"
						},
						"0.4583": {
							"post": [0, -20, 0],
							"lerp_mode": "catmullrom"
						},
						"0.625": {
							"post": [0, 22.5, 0],
							"lerp_mode": "catmullrom"
						},
						"0.875": {
							"post": [0, 0, 0],
							"lerp_mode": "catmullrom"
						}
					}
				},
				"head": {
					"rotation": {
						"0.0": {
							"post": [0, 0, 0],
							"lerp_mode": "catmullrom"
						},
						"0.125": {
							"post": [0, 0, -20],
							"lerp_mode": "catmullrom"
						},
						"0.2917": {
							"post": [0, 0, 27.5],
							"lerp_mode": "catmullrom"
						},
						"0.4167": {
							"post": [0, 0, -27.5],
							"lerp_mode": "catmullrom"
						},
						"0.6667": {
							"post": [0, 0, -25],
							"lerp_mode": "catmullrom"
						},
						"0.875": {
							"post": [0, 0, 0],
							"lerp_mode": "catmullrom"
						}
					}
				},
				"jaw": {
					"rotation": {
						"0.0": {
							"post": [0, 0, 0],
							"lerp_mode": "catmullrom"
						},
						"0.125": {
							"post": [-30, 0, 0],
							"lerp_mode": "catmullrom"
						},
						"0.25": {
							"post": [10, 0, 0],
							"lerp_mode": "catmullrom"
						},
						"0.375": {
							"post": [-27.5, 0, 0],
							"lerp_mode": "catmullrom"
						},
						"0.5": {
							"post": [2.5, 0, 0],
							"lerp_mode": "catmullrom"
						},
						"0.5833": {
							"post": [-27.5, 0, 0],
							"lerp_mode": "catmullrom"
						},
						"0.875": {
							"post": [0, 0, 0],
							"lerp_mode": "catmullrom"
						}
					}
				}
			}
		},
		"animation.tigershark_colt.recoil": {
			"animation_length": 0.625,
			"bones": {
				"neck": {
					"rotation": {
						"0.0": {
							"post": [0, 0, 0],
							"lerp_mode": "catmullrom"
						},
						"0.0833": {
							"post": [10, 0, 0],
							"lerp_mode": "catmullrom"
						},
						"0.1667": {
							"post": [-7.5, -30, 0],
							"lerp_mode": "catmullrom"
						},
						"0.3333": {
							"post": [-2.5, -5, 0],
							"lerp_mode": "catmullrom"
						},
						"0.4583": {
							"post": [0, 0, 0],
							"lerp_mode": "catmullrom"
						}
					}
				},
				"head": {
					"rotation": {
						"0.0": {
							"post": [0, 0, 0],
							"lerp_mode": "catmullrom"
						},
						"0.125": {
							"post": [20, 0, 0],
							"lerp_mode": "catmullrom"
						},
						"0.25": {
							"post": [-20, -37.5, 0],
							"lerp_mode": "catmullrom"
						},
						"0.625": {
							"post": [0, 0, 0],
							"lerp_mode": "catmullrom"
						}
					}
				}
			}
		},
		"animation.tigershark_colt.sleep": {
			"loop": true,
			"animation_length": 4,
			"bones": {
				"body": {
					"position": [0, -19, 0]
				},
				"rightbackleg": {
					"rotation": [72.5, -5, 35]
				},
				"rightbackknee": {
					"rotation": [17.5, 0, 0]
				},
				"leftfrontleg": {
					"rotation": [-62.5, -17.5, -22.5]
				},
				"leftbackleg": {
					"rotation": [95, 0, 0]
				},
				"rightfrontleg": {
					"rotation": [-67.5, 25, 20]
				},
				"neck": {
					"rotation": [7.5, 0, 0]
				},
				"head": {
					"rotation": ["15+math.sin(query.anim_time*90*1)*2", 0, 0]
				},
				"eyelids": {
					"position": [0, -2, 0],
					"scale": [1, 1.9, 1.4]
				},
				"jaw": {
					"rotation": [-30, 0, 0]
				},
				"tail": {
					"rotation": [-17.5, "-12.5+math.sin(query.anim_time*90*1)*5", 0]
				},
				"tail2": {
					"rotation": [0, "-37.5+math.sin(query.anim_time*90*1-60)*10", 0]
				},
				"tail3": {
					"rotation": [0, -20, 0]
				},
				"tail4": {
					"rotation": [0, "-45+math.sin(query.anim_time*90*1-180)*20", 0]
				}
			}
		},
		"animation.tigershark_colt.water_idle": {
			"loop": true,
			"animation_length": 4,
			"bones": {
				"tigershark": {
					"rotation": [-7.5, 0, 0]
				},
				"body": {
					"position": [0, "0+math.sin(query.anim_time*90*1)", 0]
				},
				"rightbackleg": {
					"rotation": ["32.5+math.sin(query.anim_time*90*1-60)*5", 0, 0]
				},
				"rightbackknee": {
					"rotation": [27.5, 0, 0]
				},
				"rightbackpaw": {
					"rotation": [17.5, 0, 0]
				},
				"leftfrontleg": {
					"rotation": ["0+math.sin(query.anim_time*90*1-60)*5", 0, 0]
				},
				"leftfrontpaw": {
					"rotation": ["52.5+math.sin(query.anim_time*90*1-120)*5", 0, 0]
				},
				"leftbackleg": {
					"rotation": ["35+math.sin(query.anim_time*90*1-60)*5", 0, 0]
				},
				"leftbackknee": {
					"rotation": [27.5, 0, 0]
				},
				"leftbackankle": {
					"rotation": [-35, 0, 0]
				},
				"leftbackpaw": {
					"rotation": [15, 0, 0]
				},
				"rightfrontleg": {
					"rotation": ["0+math.sin(query.anim_time*90*1-60)*5", 0, 0]
				},
				"rightfrontpaw": {
					"rotation": ["57.5+math.sin(query.anim_time*90*1-120)*5", 0, 0]
				},
				"neck": {
					"rotation": [-12.5, 0, 0]
				},
				"head": {
					"rotation": [25, 0, 0]
				},
				"jaw": {
					"rotation": [-27.5, 0, 0],
					"position": [0, 0.7, 0]
				},
				"tail": {
					"rotation": [-17.5, "0+math.sin(query.anim_time*90*1-60)*5", 0]
				},
				"tail2": {
					"rotation": ["7.5+math.sin(query.anim_time*90*1-120)*10", "0+math.sin(query.anim_time*90*1-120)*10", 0]
				},
				"tail3": {
					"rotation": [7.5, "0+math.sin(query.anim_time*90*1-180)*15", 0]
				},
				"tail4": {
					"rotation": [7.5, "0+math.sin(query.anim_time*90*1-210)*20", 0]
				}
			}
		},
		"animation.tigershark_colt.water_swim": {
			"loop": true,
			"animation_length": 4,
			"bones": {
				"body": {
					"rotation": ["0-math.sin(query.anim_time*90*2)*2", "0+math.sin(query.anim_time*90*2-60)*5", 0],
					"position": ["0+math.sin(query.anim_time*90*2)", "0+math.sin(query.anim_time*90*2)", 0]
				},
				"rightbackleg": {
					"rotation": ["62.5-math.sin(query.anim_time*90*1-60)*10", 0, 0]
				},
				"rightbackknee": {
					"rotation": ["-2.5-math.sin(query.anim_time*90*1-120)*20", 0, 0]
				},
				"leftfrontleg": {
					"rotation": ["25-math.sin(query.anim_time*90*1-60)*30", 0, 0]
				},
				"leftfrontknee": {
					"rotation": ["0+math.sin(query.anim_time*90*1-120)*20", 0, 0]
				},
				"leftbackleg": {
					"rotation": ["77.5+math.sin(query.anim_time*90*1-60)*20", 0, 0]
				},
				"leftbackknee": {
					"rotation": ["0+math.sin(query.anim_time*90*1-120)*20", 0, 0]
				},
				"rightfrontleg": {
					"rotation": ["27.5+math.sin(query.anim_time*90*1-60)*30", 0, 0]
				},
				"rightfrontknee": {
					"rotation": ["-2.5-math.sin(query.anim_time*90*1-120)*20", 0, 0]
				},
				"neck": {
					"rotation": ["0+math.sin(query.anim_time*90*2-60)*5", "0-math.sin(query.anim_time*90*2-120)*5", 0]
				},
				"jaw": {
					"rotation": [-27.5, 0, 0],
					"position": [0, 0.6, 0]
				},
				"tail": {
					"rotation": [0, "0+math.sin(query.anim_time*90*2)*10", 0]
				},
				"tail2": {
					"rotation": [0, "0+math.sin(query.anim_time*90*2-60)*15", 0]
				},
				"tail3": {
					"rotation": [0, "0+math.sin(query.anim_time*90*2-120)*20", 0]
				},
				"tail4": {
					"rotation": [0, "0+math.sin(query.anim_time*90*2-180)*25", 0]
				},
				"rightbackankle": {
					"rotation": [0, 0, 0]
				},
				"rightbackpaw": {
					"rotation": ["0+math.sin(query.anim_time*90*2-27)*10", 0, 0]
				},
				"leftfrontpaw": {
					"rotation": ["0+math.sin(query.anim_time*90*2-210)*10", 0, 0]
				},
				"leftbackpaw": {
					"rotation": ["0+math.sin(query.anim_time*90*2-270)*10", 0, 0]
				},
				"rightfrontpaw": {
					"rotation": ["0+math.sin(query.anim_time*90*2-210)*10", 0, 0]
				}
			}
		}
	}
}