{
	"format_version": "1.12.0",
	"minecraft:geometry": [
		{
			"description": {
				"identifier": "geometry.tyrantrum",
				"texture_width": 512,
				"texture_height": 256,
				"visible_bounds_width": 13,
				"visible_bounds_height": 9.5,
				"visible_bounds_offset": [0, 4.25, 0]
			},
			"bones": [
				{
					"name": "therizinoscythe",
					"pivot": [0, 0, 0]
				},
				{
					"name": "body",
					"parent": "therizinoscythe",
					"pivot": [0, 0, 0]
				},
				{
					"name": "torso",
					"parent": "body",
					"pivot": [0, 30.5, 1.5],
					"rotation": [-38, 0, 0],
					"cubes": [
						{"origin": [-13, 18, -10], "size": [26, 30, 23], "inflate": 0.01, "uv": [1, 51]}
					]
				},
				{
					"name": "tail",
					"parent": "torso",
					"pivot": [0, 18, 13],
					"rotation": [38, 0, 0],
					"cubes": [
						{"origin": [-11, 18, 13], "size": [22, 23, 26], "uv": [76, 25]}
					]
				},
				{
					"name": "tail2",
					"parent": "tail",
					"pivot": [0, 30, 39],
					"cubes": [
						{"origin": [-8, 21, 34], "size": [16, 18, 20], "uv": [146, 0]}
					]
				},
				{
					"name": "tail3",
					"parent": "tail2",
					"pivot": [0, 30.5, 54],
					"cubes": [
						{"origin": [-6, 24, 51], "size": [12, 13, 17], "uv": [173, 38]}
					]
				},
				{
					"name": "tail4",
					"parent": "tail3",
					"pivot": [0, 30, 68],
					"cubes": [
						{"origin": [-4, 26, 65], "size": [8, 8, 18], "uv": [192, 102]}
					]
				},
				{
					"name": "tail5",
					"parent": "tail4",
					"pivot": [0, 30, 82.9],
					"cubes": [
						{"origin": [-2, 28, 80], "size": [4, 4, 15], "uv": [118, 174]},
						{"origin": [0, 22, 84.9], "size": [0, 15, 17], "uv": [12, -4]}
					]
				},
				{
					"name": "torso2",
					"parent": "torso",
					"pivot": [0, 18, -10],
					"rotation": [-40, 0, 0],
					"cubes": [
						{"origin": [-11.5, 18, -38], "size": [23, 23, 28], "uv": [0, 205]}
					]
				},
				{
					"name": "arm_right",
					"parent": "torso2",
					"pivot": [-11, 22, -23],
					"cubes": [
						{"origin": [-23.5, 19, -25.5], "size": [15, 5, 5], "uv": [118, 132]}
					]
				},
				{
					"name": "arm_right2",
					"parent": "arm_right",
					"pivot": [-23.5, 24, -25.5],
					"cubes": [
						{"origin": [-38.5, 19, -25.5], "size": [15, 5, 5], "inflate": 0.01, "uv": [183, 75]}
					]
				},
				{
					"name": "hand_right",
					"parent": "arm_right2",
					"pivot": [-38.5, 21, -25.5],
					"cubes": [
						{"origin": [-46.5, 18, -25.5], "size": [8, 7, 4], "inflate": 0.02, "uv": [149, 80]}
					]
				},
				{
					"name": "claw_right",
					"parent": "hand_right",
					"pivot": [-54.83333, 21.5, -23.5],
					"cubes": [
						{"origin": [-61.5, 24, -25.5], "size": [15, 1, 4], "inflate": 0.02, "uv": [140, 97]},
						{"origin": [-61.5, 18, -25.5], "size": [15, 1, 4], "inflate": 0.02, "uv": [140, 97]},
						{"origin": [-66.5, 21, -25.5], "size": [20, 1, 4], "inflate": 0.02, "uv": [125, 105]}
					]
				},
				{
					"name": "arm_left",
					"parent": "torso2",
					"pivot": [11, 22, -23],
					"cubes": [
						{"origin": [8.5, 19, -25.5], "size": [15, 5, 5], "uv": [183, 85]}
					]
				},
				{
					"name": "arm_left2",
					"parent": "arm_left",
					"pivot": [23.5, 24, -25.5],
					"cubes": [
						{"origin": [23.5, 19, -25.5], "size": [15, 5, 5], "inflate": 0.01, "uv": [41, 136]}
					]
				},
				{
					"name": "hand_left",
					"parent": "arm_left2",
					"pivot": [30.5, 21, -25.5],
					"cubes": [
						{"origin": [38.5, 18, -25.5], "size": [8, 7, 4], "inflate": 0.02, "uv": [125, 80]}
					]
				},
				{
					"name": "claw_left",
					"parent": "hand_left",
					"pivot": [54.83333, 21.5, -23.5],
					"cubes": [
						{"origin": [46.5, 24, -25.5], "size": [15, 1, 4], "inflate": 0.02, "uv": [149, 74]},
						{"origin": [46.5, 18, -25.5], "size": [15, 1, 4], "inflate": 0.02, "uv": [149, 74]},
						{"origin": [46.5, 21, -25.5], "size": [20, 1, 4], "uv": [135, 92]}
					]
				},
				{
					"name": "neck",
					"parent": "torso2",
					"pivot": [0, 28, -33],
					"rotation": [50, 0, 0],
					"cubes": [
						{"origin": [-7.5, 27.92211, -65.72837], "size": [15, 15, 37], "pivot": [0, 29.5, -45], "rotation": [-30, 0, 0], "uv": [215, 1]},
						{"origin": [-6.5, 48.72759, -88.74509], "size": [13, 13, 32], "pivot": [0, 49.04245, -69.94977], "rotation": [-55, 0, 0], "uv": [67, 78]}
					]
				},
				{
					"name": "head",
					"parent": "neck",
					"pivot": [0, 66.43873, -91.51669],
					"cubes": [
						{"origin": [-8, 55.32262, -91.98636], "size": [16, 14, 19], "pivot": [0, 67.32262, -90.98636], "rotation": [45, 0, 0], "uv": [102, 223]},
						{"origin": [0, 65.05463, -82.4286], "size": [0, 9, 15], "pivot": [0, 67.32262, -90.98636], "rotation": [45, 0, 0], "uv": [14, 14]},
						{"origin": [-7, 60.32262, -107.98636], "size": [14, 9, 16], "pivot": [0, 67.32262, -90.98636], "rotation": [45, 0, 0], "uv": [109, 198]}
					]
				},
				{
					"name": "eyes",
					"parent": "head",
					"pivot": [-0.5, 82.82262, -84.98636],
					"rotation": [47.5, 0, 0]
				},
				{
					"name": "eye_right",
					"parent": "eyes",
					"pivot": [-10.52, 76.29557, -95.72705],
					"cubes": [
						{"origin": [-8, 71.79557, -96.22705], "size": [0, 5, 7], "uv": [26, 36]}
					]
				},
				{
					"name": "eyelid_right",
					"parent": "eye_right",
					"pivot": [-8.4, 75.79557, -91.22705],
					"cubes": [
						{"origin": [-7.9, 71.79557, -96.22705], "size": [1, 5, 7], "inflate": 0.025, "uv": [80, 39]}
					]
				},
				{
					"name": "eye_left",
					"parent": "eyes",
					"pivot": [8.52, 75.35293, -91.06086],
					"cubes": [
						{"origin": [8.01, 70.85293, -96.56086], "size": [0, 5, 7], "uv": [26, 36]}
					]
				},
				{
					"name": "eyelid_left",
					"parent": "eye_left",
					"pivot": [7.47, 74.85293, -91.56086],
					"cubes": [
						{"origin": [6.97, 70.85293, -96.56086], "size": [1, 5, 7], "inflate": 0.025, "uv": [80, 39]}
					]
				},
				{
					"name": "jaw",
					"parent": "head",
					"pivot": [0, 68.32262, -70.98636],
					"cubes": [
						{"origin": [-6, 56.08744, -107.41272], "size": [12, 5, 16], "pivot": [0, 67.32262, -90.98636], "rotation": [45, 0, 0], "uv": [45, 16]}
					]
				},
				{
					"name": "collar",
					"parent": "neck",
					"pivot": [0, 28, -33],
					"cubes": [
						{"origin": [-13, 13, -42], "size": [26, 29, 12], "pivot": [0, 28, -33], "rotation": [-25, 0, 0], "uv": [175, 215]}
					]
				},
				{
					"name": "leg_right",
					"parent": "body",
					"pivot": [-13.5, 29.2, 1.5],
					"rotation": [-25, 20, 15],
					"cubes": [
						{"origin": [-21.5, 16.7, -7], "size": [14, 21, 17], "uv": [0, 147]},
						{"origin": [-20.5, 11.7, -5], "size": [12, 5, 13], "pivot": [-14, 17.7, -5], "rotation": [15, 0, 0], "uv": [2, 104]}
					]
				},
				{
					"name": "leg_right2",
					"parent": "leg_right",
					"pivot": [-14, 14.8, 2.5],
					"rotation": [7, 0, -16],
					"cubes": [
						{"origin": [-18, 11.3, -1], "size": [7, 7, 20], "uv": [140, 123]}
					]
				},
				{
					"name": "leg_right3",
					"parent": "leg_right2",
					"pivot": [-14, 18.3, 19],
					"rotation": [12, 0, 0],
					"cubes": [
						{"origin": [-19.5, 4.3, 12], "size": [10, 14, 7], "inflate": 0.01, "uv": [65, 168]}
					]
				},
				{
					"name": "foot_right",
					"parent": "leg_right3",
					"pivot": [-13.5, 4.3, 19],
					"rotation": [10, 0, 0],
					"cubes": [
						{"origin": [-21.5, 4.3, 14], "size": [14, 6, 5], "inflate": 0.01, "uv": [127, 150]}
					]
				},
				{
					"name": "toes_right",
					"parent": "foot_right",
					"pivot": [-14.5, 4.3, 14],
					"cubes": [
						{"origin": [-21.5, 4.3, 11], "size": [14, 6, 3], "inflate": 0.01, "uv": [198, 0]}
					]
				},
				{
					"name": "toe_middle_right",
					"parent": "toes_right",
					"pivot": [-14.5, 10.3, 11],
					"cubes": [
						{"origin": [-18, 4.3, 5], "size": [7, 6, 6], "inflate": 0.02, "uv": [187, 169]}
					]
				},
				{
					"name": "toe_middle_right2",
					"parent": "toe_middle_right",
					"pivot": [-14.5, 4.3, 5],
					"cubes": [
						{"origin": [-16, 4.3, -2], "size": [3, 3, 3], "uv": [228, 92]},
						{"origin": [-17, 4.3, 1], "size": [5, 5, 4], "uv": [217, 192]}
					]
				},
				{
					"name": "toe_outer_right",
					"parent": "toes_right",
					"pivot": [-14.5, 4.3, 12],
					"rotation": [0, 30, 0]
				},
				{
					"name": "toe_outer_right_rotation",
					"parent": "toe_outer_right",
					"pivot": [-18.5, 10.3, 12],
					"cubes": [
						{"origin": [-21.5, 4.3, 5], "size": [7, 6, 7], "uv": [158, 170]}
					]
				},
				{
					"name": "toe_outer_right2",
					"parent": "toe_outer_right_rotation",
					"pivot": [-18, 4.3, 5],
					"cubes": [
						{"origin": [-19.5, 4.3, -2], "size": [3, 3, 3], "uv": [228, 86]},
						{"origin": [-20.5, 4.3, 1], "size": [5, 5, 4], "uv": [199, 190]}
					]
				},
				{
					"name": "toe_inner_right",
					"parent": "toes_right",
					"pivot": [-14.5, 4.3, 12],
					"rotation": [0, -30, 0]
				},
				{
					"name": "toe_inner_right_rotation",
					"parent": "toe_inner_right",
					"pivot": [-11.5, 10.3, 12],
					"cubes": [
						{"origin": [-14.5, 4.3, 5], "size": [7, 6, 7], "uv": [213, 170]}
					]
				},
				{
					"name": "toe_inner_right2",
					"parent": "toe_inner_right_rotation",
					"pivot": [-11, 4.3, 5],
					"cubes": [
						{"origin": [-12.5, 4.3, -2], "size": [3, 3, 3], "uv": [228, 98]},
						{"origin": [-13.5, 4.3, 1], "size": [5, 5, 4], "uv": [235, 192]}
					]
				},
				{
					"name": "leg_left",
					"parent": "body",
					"pivot": [13.5, 29.2, 1.5],
					"rotation": [-25, -20, -15],
					"cubes": [
						{"origin": [7.5, 16.7, -7], "size": [14, 21, 17], "uv": [65, 130]},
						{"origin": [8.5, 11.7, -5], "size": [12, 5, 13], "pivot": [14, 17.7, -5], "rotation": [15, 0, 0], "uv": [160, 102]}
					]
				},
				{
					"name": "leg_left2",
					"parent": "leg_left",
					"pivot": [14, 14.8, 2.5],
					"rotation": [7, 0, 16],
					"cubes": [
						{"origin": [11, 11.3, -1], "size": [7, 7, 20], "uv": [174, 130]}
					]
				},
				{
					"name": "leg_left3",
					"parent": "leg_left2",
					"pivot": [14, 18.3, 19],
					"rotation": [12, 0, 0],
					"cubes": [
						{"origin": [9.5, 4.3, 12], "size": [10, 14, 7], "inflate": 0.01, "uv": [99, 168]}
					]
				},
				{
					"name": "foot_left",
					"parent": "leg_left3",
					"pivot": [13.5, 4.3, 19],
					"rotation": [10, 0, 0],
					"cubes": [
						{"origin": [7.5, 4.3, 14], "size": [14, 6, 5], "inflate": 0.01, "uv": [127, 161]}
					]
				},
				{
					"name": "toes_left",
					"parent": "foot_left",
					"pivot": [14.5, 4.3, 14],
					"cubes": [
						{"origin": [7.5, 4.3, 11], "size": [14, 6, 3], "inflate": 0.01, "uv": [198, 9]}
					]
				},
				{
					"name": "toe_middle_left",
					"parent": "toes_left",
					"pivot": [14.5, 10.3, 11],
					"cubes": [
						{"origin": [11, 4.3, 5], "size": [7, 6, 6], "inflate": 0.02, "uv": [193, 157]}
					]
				},
				{
					"name": "toe_middle_left2",
					"parent": "toe_middle_left",
					"pivot": [14.5, 4.3, 5],
					"cubes": [
						{"origin": [13, 4.3, -2], "size": [3, 3, 3], "uv": [228, 74]},
						{"origin": [12, 4.3, 1], "size": [5, 5, 4], "uv": [217, 183]}
					]
				},
				{
					"name": "toe_outer_left",
					"parent": "toes_left",
					"pivot": [14.5, 4.3, 12],
					"rotation": [0, -30, 0]
				},
				{
					"name": "toe_outer_left_rotation",
					"parent": "toe_outer_left",
					"pivot": [18.5, 10.3, 12],
					"cubes": [
						{"origin": [14.5, 4.3, 5], "size": [7, 6, 7], "uv": [165, 157]}
					]
				},
				{
					"name": "toe_outer_left2",
					"parent": "toe_outer_left_rotation",
					"pivot": [18, 4.3, 5],
					"cubes": [
						{"origin": [16.5, 4.3, -2], "size": [3, 3, 3], "uv": [228, 68]},
						{"origin": [15.5, 4.3, 1], "size": [5, 5, 4], "uv": [199, 181]}
					]
				},
				{
					"name": "toe_inner_left",
					"parent": "toes_left",
					"pivot": [14.5, 4.3, 12],
					"rotation": [0, 30, 0]
				},
				{
					"name": "toe_inner_left_rotation",
					"parent": "toe_inner_left",
					"pivot": [11.5, 10.3, 12],
					"cubes": [
						{"origin": [7.5, 4.3, 5], "size": [7, 6, 7], "uv": [219, 157]}
					]
				},
				{
					"name": "toe_inner_left2",
					"parent": "toe_inner_left_rotation",
					"pivot": [11, 4.3, 5],
					"cubes": [
						{"origin": [9.5, 4.3, -2], "size": [3, 3, 3], "uv": [228, 80]},
						{"origin": [8.5, 4.3, 1], "size": [5, 5, 4], "uv": [235, 183]}
					]
				}
			]
		}
	]
}