{
	"format_version": "1.12.0",
	"minecraft:geometry": [
		{
			"description": {
				"identifier": "geometry.archen",
				"texture_width": 64,
				"texture_height": 64,
				"visible_bounds_width": 4,
				"visible_bounds_height": 2.5,
				"visible_bounds_offset": [0, 0.75, 0]
			},
			"bones": [
				{
					"name": "airaptor",
					"pivot": [0, 0, 0]
				},
				{
					"name": "body",
					"parent": "airaptor",
					"pivot": [0, 7.4, 0]
				},
				{
					"name": "torso",
					"parent": "body",
					"pivot": [0, 7.4, 0],
					"rotation": [-5, 0, 0]
				},
				{
					"name": "torso2",
					"parent": "torso",
					"pivot": [0, 5.4, 1],
					"cubes": [
						{"origin": [-3, 4.4, -3.5], "size": [6, 6, 7], "uv": [0, 17]}
					]
				},
				{
					"name": "arms",
					"parent": "torso2",
					"pivot": [0, 9.15, -1.5],
					"rotation": [5, 0, 0]
				},
				{
					"name": "arm_left",
					"parent": "arms",
					"pivot": [3, 9.65, -1.5],
					"cubes": [
						{"origin": [3, 9.15, -2.5], "size": [4, 1, 2], "uv": [1, 30]}
					]
				},
				{
					"name": "arm_left2",
					"parent": "arm_left",
					"pivot": [7, 9.65, -0.5],
					"cubes": [
						{"origin": [7, 9.15, -3.25], "size": [4, 1, 3], "inflate": 0.01, "uv": [0, 34]}
					]
				},
				{
					"name": "arm_left3",
					"parent": "arm_left2",
					"pivot": [11, 9.65, -1.5],
					"cubes": [
						{"origin": [11, 9.15, -3.25], "size": [6, 1, 3], "inflate": 0.02, "uv": [22, 34]}
					]
				},
				{
					"name": "fingers_left",
					"parent": "arm_left3",
					"pivot": [16.3, 9.15, -2.5],
					"rotation": [0, -30, 0]
				},
				{
					"name": "finger_left1",
					"parent": "fingers_left",
					"pivot": [15.8, 9.15, -2.5],
					"rotation": [-25, 0, 0],
					"cubes": [
						{"origin": [15.8, 7.65, -3], "size": [0, 2, 1], "uv": [54, 37]}
					]
				},
				{
					"name": "finger_left2",
					"parent": "fingers_left",
					"pivot": [16.8, 9.15, -2.5],
					"rotation": [-25, 0, 0],
					"cubes": [
						{"origin": [16.8, 7.65, -3], "size": [0, 2, 1], "uv": [56, 37]}
					]
				},
				{
					"name": "arm_right",
					"parent": "arms",
					"pivot": [-3, 9.65, -1.5],
					"cubes": [
						{"origin": [-7, 9.15, -2.5], "size": [4, 1, 2], "uv": [13, 31], "mirror": true}
					]
				},
				{
					"name": "arm_right2",
					"parent": "arm_right",
					"pivot": [-7, 9.65, -0.5],
					"cubes": [
						{"origin": [-11, 9.15, -3.25], "size": [4, 1, 3], "inflate": 0.01, "uv": [11, 35], "mirror": true}
					]
				},
				{
					"name": "arm_right3",
					"parent": "arm_right2",
					"pivot": [-11, 9.65, -1.75],
					"cubes": [
						{"origin": [-17, 9.15, -3.25], "size": [6, 1, 3], "inflate": 0.02, "uv": [40, 34], "mirror": true}
					]
				},
				{
					"name": "fingers_right",
					"parent": "arm_right3",
					"pivot": [-16.3, 9.15, -2.5],
					"rotation": [0, 30, 0]
				},
				{
					"name": "finger_right1",
					"parent": "fingers_right",
					"pivot": [-15.8, 9.15, -2.5],
					"rotation": [-25, 0, 0],
					"cubes": [
						{"origin": [-15.8, 7.65, -3], "size": [0, 2, 1], "uv": [54, 39], "mirror": true}
					]
				},
				{
					"name": "finger_right2",
					"parent": "fingers_right",
					"pivot": [-16.8, 9.15, -2.5],
					"rotation": [-25, 0, 0],
					"cubes": [
						{"origin": [-16.8, 7.65, -3], "size": [0, 2, 1], "uv": [56, 39], "mirror": true}
					]
				},
				{
					"name": "neck_fur",
					"parent": "torso2",
					"pivot": [0, 10.15, -1.5],
					"rotation": [7.5, 0, 0],
					"cubes": [
						{"origin": [-2, 10.15, -3.5], "size": [4, 1, 4], "uv": [42, 0]}
					]
				},
				{
					"name": "neck",
					"parent": "torso2",
					"pivot": [0, 10.4, -1.5],
					"rotation": [5, 0, 0],
					"cubes": [
						{"origin": [-1, 9.9, -2.5], "size": [2, 4, 2], "uv": [18, 0]}
					]
				},
				{
					"name": "head",
					"parent": "neck",
					"pivot": [0, 12.9, -1.5],
					"cubes": [
						{"origin": [-3, 12.9, -5.5], "size": [6, 5, 5], "inflate": 0.01, "uv": [1, 1]}
					]
				},
				{
					"name": "feather",
					"parent": "head",
					"pivot": [0, 12.9, -1.5],
					"cubes": [
						{"origin": [0, 16.9, -3.5], "size": [0, 3, 5], "uv": [45, 2]}
					]
				},
				{
					"name": "eyes",
					"parent": "head",
					"pivot": [0, 16.4, -3.5]
				},
				{
					"name": "eye_left",
					"parent": "eyes",
					"pivot": [3.01, 15.9, -3.5],
					"cubes": [
						{"origin": [3.02, 14.9, -5], "size": [0, 2, 3], "inflate": 0.005, "uv": [0, -3]}
					]
				},
				{
					"name": "pupil_left",
					"parent": "eye_left",
					"pivot": [3.02, 15.9, -3.5],
					"cubes": [
						{"origin": [3.04, 14.9, -5], "size": [0, 1, 1], "uv": [44, 27]}
					]
				},
				{
					"name": "pupil_closed_left",
					"parent": "eye_left",
					"pivot": [2.82, 15.9, -3.5],
					"cubes": [
						{"origin": [2.94, 15.4, -4.5], "size": [0, 1, 2], "uv": [2, 2]}
					]
				},
				{
					"name": "eyelid_left",
					"parent": "eye_left",
					"pivot": [2.44, 15.9, -3.5],
					"cubes": [
						{"origin": [1.94, 14.9, -5], "size": [1, 2, 3], "inflate": 0.01, "uv": [38, 39]}
					]
				},
				{
					"name": "eye_right",
					"parent": "eyes",
					"pivot": [-3.01, 15.9, -3.5],
					"cubes": [
						{"origin": [-3.02, 14.9, -5], "size": [0, 2, 3], "inflate": 0.005, "uv": [0, 14], "mirror": true}
					]
				},
				{
					"name": "pupil_right",
					"parent": "eye_right",
					"pivot": [-3.02, 15.9, -3.5],
					"cubes": [
						{"origin": [-3.04, 14.9, -5], "size": [0, 1, 1], "uv": [0, 20], "mirror": true}
					]
				},
				{
					"name": "pupil_closed_right",
					"parent": "eye_right",
					"pivot": [-2.82, 15.9, -3.5],
					"cubes": [
						{"origin": [-2.94, 15.4, -4.5], "size": [0, 1, 2], "uv": [2, 19], "mirror": true}
					]
				},
				{
					"name": "eyelid_right",
					"parent": "eye_right",
					"pivot": [-2.44, 15.9, -3.5],
					"cubes": [
						{"origin": [-2.94, 14.9, -5], "size": [1, 2, 3], "inflate": 0.01, "uv": [30, 39], "mirror": true}
					]
				},
				{
					"name": "muzzle",
					"parent": "head",
					"pivot": [0, 18.9, -5.5],
					"cubes": [
						{"origin": [-2, 13.9, -11.5], "size": [4, 3, 6], "inflate": 0.01, "uv": [25, 0]}
					]
				},
				{
					"name": "jaw",
					"parent": "head",
					"pivot": [0, 14.9, -5],
					"cubes": [
						{"origin": [-2, 12.9, -8], "size": [4, 1, 3], "inflate": 0.02, "uv": [1, 12]},
						{"origin": [-1.5, 12.9, -10.99], "size": [3, 1, 3], "uv": [22, 10]}
					]
				},
				{
					"name": "tongue",
					"parent": "jaw",
					"pivot": [0, 14.65, -5.74],
					"cubes": [
						{"origin": [-1, 13.15, -9.74], "size": [2, 1, 4], "uv": [18, 39]}
					]
				},
				{
					"name": "tail",
					"parent": "torso2",
					"pivot": [0, 8.9, 3.5],
					"rotation": [5, 0, 0],
					"cubes": [
						{"origin": [-1.5, 7.4, 2.5], "size": [3, 3, 5], "inflate": 0.02, "uv": [26, 19]}
					]
				},
				{
					"name": "tail2",
					"parent": "tail",
					"pivot": [0, 8.9, 7.5],
					"cubes": [
						{"origin": [-1.5, 8.4, 7.5], "size": [3, 2, 3], "inflate": 0.01, "uv": [28, 27]}
					]
				},
				{
					"name": "tail3",
					"parent": "tail2",
					"pivot": [0, 8.9, 10.5],
					"cubes": [
						{"origin": [-0.5, 9.4, 10.5], "size": [1, 1, 3], "uv": [22, 20]}
					]
				},
				{
					"name": "tail_feather",
					"parent": "tail3",
					"pivot": [0, 9.9, 12.5],
					"rotation": [0, 0, -90],
					"cubes": [
						{"origin": [0, 7.4, 11.5], "size": [0, 5, 2], "uv": [44, 27]}
					]
				},
				{
					"name": "tail_feather2",
					"parent": "tail_feather",
					"pivot": [0, 9.9, 13.5],
					"cubes": [
						{"origin": [0, 7.4, 13.5], "size": [0, 5, 3], "uv": [49, 26]}
					]
				},
				{
					"name": "tail_feather3",
					"parent": "tail_feather2",
					"pivot": [0, 9.9, 16.5],
					"cubes": [
						{"origin": [0, 8.4, 16.5], "size": [0, 3, 4], "uv": [56, 26]}
					]
				},
				{
					"name": "legs",
					"parent": "body",
					"pivot": [0, 5, 0]
				},
				{
					"name": "leg_left",
					"parent": "legs",
					"pivot": [3, 4.4, 0.5],
					"rotation": [-10, 0, 0],
					"cubes": [
						{"origin": [2.5, 3.8, 0], "size": [1, 5, 3], "inflate": 0.01, "uv": [42, 10]}
					]
				},
				{
					"name": "leg_left2",
					"parent": "leg_left",
					"pivot": [3, 3.8, 1],
					"cubes": [
						{"origin": [2.5, 0.8, 0], "size": [1, 3, 1], "uv": [54, 14]}
					]
				},
				{
					"name": "foot_left",
					"parent": "leg_left2",
					"pivot": [3, 0.9, 0],
					"rotation": [10, 0, 0],
					"cubes": [
						{"origin": [2, -0.1, -1], "size": [2, 1, 2], "inflate": 0.03, "uv": [46, 41], "mirror": true}
					]
				},
				{
					"name": "toes_left",
					"parent": "foot_left",
					"pivot": [3, -0.13, -0.015]
				},
				{
					"name": "toe_middle_left",
					"parent": "toes_left",
					"pivot": [3, 0.9, -1],
					"cubes": [
						{"origin": [2.5, -0.1, -3], "size": [1, 1, 2], "inflate": 0.02, "uv": [55, 21]}
					]
				},
				{
					"name": "toe_middle_left2",
					"parent": "toe_middle_left",
					"pivot": [3, 0.9, -3],
					"cubes": [
						{"origin": [3, -0.1, -4], "size": [0, 1, 1], "uv": [44, 23]}
					]
				},
				{
					"name": "toe_inner_left",
					"parent": "toes_left",
					"pivot": [2, 1, -1],
					"cubes": [
						{"origin": [1.5, 1, -1], "size": [1, 2, 1], "pivot": [2, 1, 0], "rotation": [27.5, 0, 0], "uv": [55, 7]}
					]
				},
				{
					"name": "toe_inner_left2",
					"parent": "toe_inner_left",
					"pivot": [-2, 1, -1],
					"cubes": [
						{"origin": [2, 1.5, -3], "size": [0, 1, 2], "pivot": [1, 2, -1], "rotation": [25, 0, 0], "uv": [2, 0]}
					]
				},
				{
					"name": "toe_outer_left",
					"parent": "toes_left",
					"pivot": [3, 0.9, -1],
					"rotation": [0, -40, 0]
				},
				{
					"name": "toe_outer_left_rotation",
					"parent": "toe_outer_left",
					"pivot": [3.5, 0.9, -1],
					"cubes": [
						{"origin": [3, -0.1, -3], "size": [1, 1, 2], "inflate": 0.01, "uv": [49, 21]}
					]
				},
				{
					"name": "toe_outer_left2",
					"parent": "toe_outer_left_rotation",
					"pivot": [3.5, 0.9, -3],
					"cubes": [
						{"origin": [3.5, -0.1, -4], "size": [0, 1, 1], "uv": [44, 25]}
					]
				},
				{
					"name": "leg_right",
					"parent": "legs",
					"pivot": [-3, 4.4, 0.5],
					"rotation": [-10, 0, 0],
					"cubes": [
						{"origin": [-3.5, 3.8, 0], "size": [1, 5, 3], "inflate": 0.01, "uv": [34, 10], "mirror": true}
					]
				},
				{
					"name": "leg_right2",
					"parent": "leg_right",
					"pivot": [-3, 3.8, 1],
					"cubes": [
						{"origin": [-3.5, 0.8, 0], "size": [1, 3, 1], "uv": [50, 14], "mirror": true}
					]
				},
				{
					"name": "foot_right",
					"parent": "leg_right2",
					"pivot": [-3, 0.9, 0],
					"rotation": [10, 0, 0],
					"cubes": [
						{"origin": [-4, -0.01318, -1.0076], "size": [2, 1, 2], "inflate": 0.03, "uv": [46, 38], "mirror": true}
					]
				},
				{
					"name": "toes_right",
					"parent": "foot_right",
					"pivot": [-3, 0.03182, -0.7726]
				},
				{
					"name": "toe_middle_right",
					"parent": "toes_right",
					"pivot": [-3, 0.99656, -1.00332],
					"cubes": [
						{"origin": [-3.5, -0.00344, -3.00332], "size": [1, 1, 2], "inflate": 0.02, "uv": [43, 21], "mirror": true},
						{"origin": [-3.5, -0.00344, -3.00332], "size": [1, 1, 2], "inflate": 0.02, "uv": [43, 21], "mirror": true}
					]
				},
				{
					"name": "toe_middle_right2",
					"parent": "toe_middle_right",
					"pivot": [-3, 0.99656, -3.00332],
					"cubes": [
						{"origin": [-3, -0.00344, -4.00332], "size": [0, 1, 1], "uv": [44, 24], "mirror": true}
					]
				},
				{
					"name": "toe_inner_right",
					"parent": "toes_right",
					"pivot": [-2, 1, 0],
					"cubes": [
						{"origin": [-2.5, 1, -1], "size": [1, 2, 1], "pivot": [-2, 1, 0], "rotation": [27.5, 0, 0], "uv": [55, 7]}
					]
				},
				{
					"name": "toe_inner_right2",
					"parent": "toe_inner_right",
					"pivot": [-2, 1, 0],
					"cubes": [
						{"origin": [-2, 1.5, -3], "size": [0, 1, 2], "pivot": [-3, 2, -1], "rotation": [27.5, 0, 0], "uv": [2, 0]}
					]
				},
				{
					"name": "toe_outer_right",
					"parent": "toes_right",
					"pivot": [-3.5, 0.99656, -1.00332],
					"rotation": [0, 40, 0]
				},
				{
					"name": "toe_outer_right_rotation",
					"parent": "toe_outer_right",
					"pivot": [-3.61698, 0.99656, -0.68192],
					"cubes": [
						{"origin": [-4.11698, -0.00344, -2.68192], "size": [1, 1, 2], "inflate": 0.01, "uv": [37, 21], "mirror": true}
					]
				},
				{
					"name": "toe_outer_right2",
					"parent": "toe_outer_right_rotation",
					"pivot": [-3.61698, 0.99656, -2.68192],
					"cubes": [
						{"origin": [-3.61698, -0.00344, -3.68192], "size": [0, 1, 1], "uv": [44, 26], "mirror": true}
					]
				}
			]
		}
	]
}