{
	"format_version": "1.8.0",
	"animations": {
		"animation.deepeon.ground_idle": {
			"loop": true,
			"animation_length": 4,
			"bones": {
				"torso": {
					"rotation": {
						"0.0": [0, 0, 0],
						"2.0": [5, 0, 0],
						"4.0": [0, 0, 0]
					}
				},
				"head": {
					"rotation": {
						"0.0": [0, 0, 0],
						"2.0": [-2.5, 0, 0],
						"4.0": [0, 0, 0]
					}
				},
				"headflapfront": {
					"rotation": {
						"0.0": [0, 0, 0],
						"2.0": [-7.5, 0, 0],
						"4.0": [0, 0, 0]
					}
				},
				"lowertorso": {
					"rotation": {
						"0.0": [0, 0, 0],
						"2.0": [2.5, 0, 0],
						"4.0": [0, 0, 0]
					}
				},
				"leg1": {
					"rotation": {
						"0.0": [0, 0, 0],
						"2.0": [-2.5, 0, 0],
						"4.0": [0, 0, 0]
					}
				},
				"leg2": {
					"rotation": {
						"0.0": [0, 0, 0],
						"2.0": [-2.5, 0, 0],
						"4.0": [0, 0, 0]
					}
				}
			}
		},
		"animation.deepeon.ground_walk": {
			"loop": true,
			"animation_length": 1,
			"bones": {
				"body": {
					"rotation": {
						"0.0": [-15, 0, 0],
						"0.5": [-15, 0, 0],
						"1.0": [-15, 0, 0]
					},
					"position": {
						"0.0": [0, 0, 0],
						"0.25": [0, 1, 0],
						"0.5": [0, 0, 0],
						"0.75": [0, 1, 0],
						"1.0": [0, 0, 0]
					}
				},
				"torso": {
					"rotation": [12.5, 0, 0]
				},
				"bodyflap1": {
					"rotation": {
						"0.0": [0, 0, 20],
						"0.25": [0, 0, -2.5],
						"0.5": [0, 0, 20],
						"0.75": [0, 0, -2.5],
						"1.0": [0, 0, 20]
					}
				},
				"bodyflap2": {
					"rotation": {
						"0.0": [0, 0, -20],
						"0.25": [0, 0, 2.5],
						"0.5": [0, 0, -20],
						"0.75": [0, 0, 2.5],
						"1.0": [0, 0, -20]
					}
				},
				"headflapfront": {
					"rotation": {
						"0.0": [-17.5, 0, 0],
						"0.25": [2.5, 0, 0],
						"0.5": [-17.5, 0, 0],
						"0.75": [2.5, 0, 0],
						"1.0": [-17.5, 0, 0]
					}
				},
				"headflap1": {
					"rotation": {
						"0.0": [0, 15, -25],
						"0.25": [0, 0, 0],
						"0.5": [0, 15, -25],
						"0.75": [0, 0, 0],
						"1.0": [0, 15, -25]
					}
				},
				"headflap2": {
					"rotation": {
						"0.0": [0, -15, 25],
						"0.25": [0, 0, 0],
						"0.5": [0, -15, 25],
						"0.75": [0, 0, 0],
						"1.0": [0, -15, 25]
					}
				},
				"leg1": {
					"rotation": {
						"0.0": [70, 0, 0],
						"0.5": [0, 0, 0],
						"1.0": [70, 0, 0]
					}
				},
				"lowerleg1": {
					"rotation": {
						"0.0": [0, 0, 0],
						"0.25": [30, 0, 0],
						"0.4167": [-15, 0, 0],
						"0.5833": [5, 0, 0],
						"0.75": [-10, 0, 0],
						"1.0": [0, 0, 0]
					}
				},
				"leg2": {
					"rotation": {
						"0.0": [0, 0, 0],
						"0.5": [50, 0, 0],
						"1.0": [0, 0, 0]
					}
				},
				"lowerleg2": {
					"rotation": {
						"0.0": [0, 0, 0],
						"0.25": [-10, 0, 0],
						"0.4167": [-17.5, 0, 0],
						"0.75": [35, 0, 0],
						"1.0": [0, 0, 0]
					}
				}
			}
		},
		"animation.deepeon.faint": {
			"loop": true
		},
		"animation.deepeon.sleep": {
			"loop": true,
			"animation_length": 4,
			"bones": {
				"body": {
					"rotation": [-30, 0, 0],
					"position": [0, -5.5, 0]
				},
				"torso": {
					"rotation": {
						"0.0": [25, 0, 0],
						"2.0": [27.5, 0, 0],
						"4.0": [25, 0, 0]
					},
					"scale": {
						"0.0": [1, 1, 1],
						"2.0": [1.1, 1.025, 1.025],
						"4.0": [1, 1, 1]
					}
				},
				"head": {
					"rotation": [22.39638, 1.61888, -7.32417]
				},
				"headflapfront": {
					"rotation": [-22.32648, 2.86313, 6.93488]
				},
				"leg1": {
					"rotation": [-32.5, 0, 0]
				},
				"lowerleg1": {
					"rotation": [-22.5, 0, 0]
				},
				"leg2": {
					"rotation": [-32.5, 0, 0]
				},
				"lowerleg2": {
					"rotation": [-22.5, 0, 0]
				},
				"eyes": {
					"scale": 0
				}
			}
		},
		"animation.deepeon.water_swim": {
			"loop": true,
			"animation_length": 1.25,
			"bones": {
				"body": {
					"rotation": {
						"0.0": [60, 0, 0],
						"1.25": [60, 0, 0]
					},
					"position": {
						"0.0": [0, -4, 0],
						"0.5": [0, -4, 1],
						"1.0": [0, -4, -2],
						"1.25": [0, -4, 0]
					}
				},
				"bodyflap1": {
					"rotation": {
						"0.0": [0, 0, 0],
						"0.5": [-25, 0, 67],
						"0.875": [0, 0, 0],
						"1.0833": [0, 0, 45],
						"1.25": [0, 0, 0]
					}
				},
				"bodyflap2": {
					"rotation": {
						"0.0": [0, 0, 0],
						"0.5": [-25, 0, -67],
						"0.875": [0, 0, 0],
						"1.0833": [0, 0, -45],
						"1.25": [0, 0, 0]
					}
				},
				"head": {
					"rotation": {
						"0.0": [-50, 0, 0],
						"1.0": [-50, 0, 0]
					}
				},
				"headflapfront": {
					"rotation": {
						"0.0": [0, 0, 0],
						"0.5": [-15, 0, 0],
						"0.875": [20, 0, 0],
						"1.0833": [-15, 0, 0],
						"1.25": [0, 0, 0]
					}
				},
				"headflap1": {
					"rotation": {
						"0.0": [0, 0, 0],
						"0.5": [0, 0, -27],
						"0.875": [0, 0, 0],
						"1.0833": [0, 0, -27],
						"1.25": [0, 0, 0]
					}
				},
				"headflap2": {
					"rotation": {
						"0.0": [0, 0, 0],
						"0.5": [0, 0, 27],
						"0.875": [0, 0, 0],
						"1.0833": [0, 0, 27],
						"1.25": [0, 0, 0]
					}
				},
				"leg1": {
					"rotation": {
						"0.0": [47, -55, -42],
						"0.25": [22, -55, -42],
						"0.5": [-18, -55, -42],
						"0.75": [74.5, -55, -42],
						"1.0": [80.75, -55, -42],
						"1.25": [47, -55, -42]
					}
				},
				"lowerleg1": {
					"rotation": {
						"0.0": [-20, 0, 0],
						"0.25": [70, 0, 0],
						"0.5": [25, 0, 0],
						"0.625": [-20, 0, 0],
						"0.75": [-20, 0, 0],
						"1.25": [-20, 0, 0]
					}
				},
				"leg2": {
					"rotation": {
						"0.0": [47, 55, 42],
						"0.25": [22, 55, 42],
						"0.5": [-18, 55, 42],
						"0.75": [74.5, 55, 42],
						"1.0": [80.75, 55, 42],
						"1.25": [47, 55, 42]
					}
				},
				"lowerleg2": {
					"rotation": {
						"0.0": [-20, 0, 0],
						"0.25": [70, 0, 0],
						"0.5": [25, 0, 0],
						"0.625": [-20, 0, 0],
						"0.75": [-20, 0, 0],
						"1.25": [-20, 0, 0]
					}
				}
			}
		},
		"animation.deepeon.water_idle": {
			"loop": true,
			"animation_length": 4,
			"bones": {
				"body": {
					"rotation": {
						"0.0": [-15, 0, 0],
						"4.0": [-15, 0, 0]
					},
					"position": {
						"0.0": [0, 2, 0],
						"2.0": [0, 1, 0],
						"4.0": [0, 2, 0]
					}
				},
				"head": {
					"rotation": {
						"0.0": [15, 0, 0],
						"4.0": [15, 0, 0]
					}
				},
				"leg1": {
					"rotation": {
						"0.0": [-25, 0, 0],
						"2.0": [-30, 0, 0],
						"4.0": [-25, 0, 0]
					}
				},
				"lowerleg1": {
					"rotation": {
						"0.0": [52.5, 0, 0],
						"2.0": [60, 0, 0],
						"4.0": [52.5, 0, 0]
					}
				},
				"leg2": {
					"rotation": {
						"0.0": [17.5, 0, 0],
						"2.0": [10, 0, 0],
						"4.0": [17.5, 0, 0]
					}
				},
				"lowerleg2": {
					"rotation": {
						"0.0": [37.5, 0, 0],
						"2.0": [45, 0, 0],
						"4.0": [37.5, 0, 0]
					}
				}
			}
		}
	}
}