{
	"format_version": "1.12.0",
	"minecraft:geometry": [
		{
			"description": {
				"identifier": "geometry.misteamie",
				"texture_width": 256,
				"texture_height": 256,
				"visible_bounds_width": 5,
				"visible_bounds_height": 6.5,
				"visible_bounds_offset": [0, 2.75, 0]
			},
			"bones": [
				{
					"name": "railerella",
					"pivot": [0, 0, 0]
				},
				{
					"name": "body",
					"parent": "railerella",
					"pivot": [0.28085, 12.13937, -3.00696],
					"cubes": [
						{"origin": [-7, 4, 6], "size": [14, 14, 10], "uv": [50, 42]},
						{"origin": [-7, 4, 16], "size": [14, 4, 2], "uv": [87, 6]},
						{"origin": [1, 13, 19], "size": [4, 5, 4], "uv": [105, 77]},
						{"origin": [1, 20, 19], "size": [4, 1, 4], "uv": [41, 35]},
						{"origin": [1.5, 18, 19.5], "size": [3, 2, 3], "uv": [101, 112]},
						{"origin": [1, 13, 18], "size": [4, 4, 1], "uv": [66, 18]},
						{"origin": [0.5, 12.5, 16], "size": [5, 5, 2], "uv": [70, 84]},
						{"origin": [6, 16.1, 3.5], "size": [4, 2, 8], "pivot": [9, 17.1, 6.5], "rotation": [15, 0, 0], "uv": [72, 102]},
						{"origin": [6, 16.1, 10.6], "size": [4, 2, 8], "inflate": -0.001, "pivot": [9, 17.1, 15.6], "rotation": [-15, 0, 0], "uv": [102, 60]},
						{"origin": [5.25, 17.1, 13.6], "size": [0, 12, 9], "inflate": -0.001, "pivot": [9, 17.1, 15.6], "rotation": [-18.32986, 19.66916, 4.11199], "uv": [41, 14]},
						{"origin": [-5.25, 17.1, 13.6], "size": [0, 12, 9], "inflate": -0.001, "pivot": [-9, 17.1, 15.6], "rotation": [-18.32986, -19.66916, -4.11199], "uv": [0, 14]},
						{"origin": [5, 6.1, -2.4], "size": [3, 2, 4], "inflate": -0.001, "pivot": [9, 7.1, 2.6], "rotation": [-15, 0, 0], "uv": [0, 110]},
						{"origin": [5, 6.1, -5.5], "size": [3, 2, 4], "pivot": [9, 7.1, -6.5], "rotation": [15, 0, 0], "uv": [14, 110]},
						{"origin": [5, 6.1, -13.5], "size": [3, 2, 4], "pivot": [9, 7.1, -14.5], "rotation": [15, 0, 0], "uv": [108, 12]},
						{"origin": [5, 6.1, -10.4], "size": [3, 2, 4], "inflate": -0.001, "pivot": [9, 7.1, -5.4], "rotation": [-15, 0, 0], "uv": [108, 36]},
						{"origin": [-8, 6.1, -13.5], "size": [3, 2, 4], "pivot": [-9, 7.1, -14.5], "rotation": [15, 0, 0], "uv": [16, 100]},
						{"origin": [-8, 6.1, -10.4], "size": [3, 2, 4], "inflate": -0.001, "pivot": [-9, 7.1, -5.4], "rotation": [-15, 0, 0], "uv": [102, 70]},
						{"origin": [-8, 6.1, -5.5], "size": [3, 2, 4], "pivot": [-9, 7.1, -6.5], "rotation": [15, 0, 0], "uv": [88, 104]},
						{"origin": [-8, 6.1, -2.4], "size": [3, 2, 4], "inflate": -0.001, "pivot": [-9, 7.1, 2.6], "rotation": [-15, 0, 0], "uv": [105, 86]},
						{"origin": [-10, 16.1, 10.6], "size": [4, 2, 8], "inflate": -0.001, "pivot": [-9, 17.1, 15.6], "rotation": [-15, 0, 0], "uv": [97, 94]},
						{"origin": [-10, 16.1, 3.5], "size": [4, 2, 8], "pivot": [-9, 17.1, 6.5], "rotation": [15, 0, 0], "uv": [0, 100]},
						{"origin": [-5.5, 8, -13], "size": [11, 10, 19], "uv": [0, 23]},
						{"origin": [-7, 13, -12.5], "size": [1, 1, 15], "pivot": [-6.5, 13.5, -5], "rotation": [17.5, 0, 0], "uv": [53, 77]},
						{"origin": [-6, 12.5, -13], "size": [1, 2, 2], "pivot": [-6.5, 13.5, -5], "rotation": [17.5, 0, 0], "uv": [84, 77]},
						{"origin": [-6, 12.5, 1], "size": [1, 2, 2], "pivot": [-6.5, 13.5, -5], "rotation": [17.5, 0, 0], "uv": [76, 16]},
						{"origin": [5, 12.5, -13], "size": [1, 2, 2], "pivot": [6.5, 13.5, -5], "rotation": [17.5, 0, 0], "uv": [0, 73]},
						{"origin": [6, 13, -12.5], "size": [1, 1, 15], "pivot": [6.5, 13.5, -5], "rotation": [17.5, 0, 0], "uv": [17, 71]},
						{"origin": [5, 12.5, 1], "size": [1, 2, 2], "pivot": [6.5, 13.5, -5], "rotation": [17.5, 0, 0], "uv": [24, 73]},
						{"origin": [-1, 14.95, -15], "size": [3, 3, 2], "pivot": [0, 16.95, -13.5], "rotation": [0, 0, 45], "uv": [113, 112]},
						{"origin": [-0.5, 15.45, -15.1], "size": [2, 2, 0], "pivot": [0, 16.95, -15.6], "rotation": [0, 0, 45], "uv": [113, 117]},
						{"origin": [0.7, 16.24289, -16], "size": [1, 3, 4], "pivot": [0.2, 19.74289, -14], "rotation": [0, 0, 60], "uv": [113, 18]},
						{"origin": [-1.7, 16.24289, -16], "size": [1, 3, 4], "pivot": [-0.2, 19.74289, -14], "rotation": [0, 0, -60], "uv": [68, 66]},
						{"origin": [-7, 4, -13], "size": [14, 4, 19], "uv": [0, 0]},
						{"origin": [-6.5, 0, -19], "size": [13, 10, 5], "inflate": -0.001, "pivot": [-0.5, 3, -16.5], "rotation": [-50, 0, 0], "uv": [77, 15]},
						{"origin": [-5.5, 4.09919, -13.8772], "size": [11, 10, 2], "inflate": -0.001, "pivot": [0, 10.59919, -12.3772], "rotation": [-17.5, 0, 0], "uv": [98, 48]},
						{"origin": [-6, 18, 6], "size": [12, 1, 10], "uv": [68, 66]},
						{"origin": [-4.5, 18, -12], "size": [9, 1, 18], "uv": [41, 23]},
						{"origin": [-4, 11, -13.5], "size": [8, 9, 11], "uv": [0, 122]},
						{"origin": [8.45, 7, -3.5], "size": [0, 3, 15], "pivot": [8.45, 8.5, 11], "rotation": [21.01754, 2.34914, 0.85553], "uv": [34, 68]},
						{"origin": [-8.45, 7, -3.5], "size": [0, 3, 15], "pivot": [-8.45, 8.5, 11], "rotation": [21.01754, -2.34914, -0.85553], "uv": [47, 0]}
					]
				},
				{
					"name": "waist",
					"parent": "body",
					"pivot": [0, 19.57721, -6.82458],
					"cubes": [
						{"origin": [-3.25, 19, -9.25], "size": [5, 3, 5], "pivot": [0, 17.5, -7.5], "rotation": [14.00194, 44.13603, 9.85108], "uv": [48, 105]}
					]
				},
				{
					"name": "torso",
					"parent": "waist",
					"pivot": [0, 20.73543, -7.02006],
					"cubes": [
						{"origin": [-4, 20.48543, -12.02006], "size": [8, 5, 8], "pivot": [0, 22.98543, -8.02006], "rotation": [0, 45, 0], "uv": [0, 87]}
					]
				},
				{
					"name": "arm_left",
					"parent": "torso",
					"pivot": [4.5, 24.98543, -7.52006],
					"cubes": [
						{"origin": [3, 23.48543, -9.02006], "size": [3, 3, 3], "pivot": [0, 22.98543, -8.02006], "rotation": [0, 0, 0], "uv": [77, 112]},
						{"origin": [6, 23.98543, -8.52006], "size": [2, 2, 2], "pivot": [0, 22.98543, -8.02006], "rotation": [0, 0, 0], "uv": [24, 91]}
					]
				},
				{
					"name": "forearm_left",
					"parent": "arm_left",
					"pivot": [9.5, 24.98543, -7.52006],
					"cubes": [
						{"origin": [8, 23.48543, -9.02006], "size": [3, 3, 3], "pivot": [-3, 22.98543, -8.02006], "rotation": [0, 0, 0], "uv": [65, 112]},
						{"origin": [10, 23.98543, -8.52006], "size": [3, 2, 2], "pivot": [-3, 22.98543, -8.02006], "rotation": [0, 0, 0], "uv": [24, 87]}
					]
				},
				{
					"name": "hand_left",
					"parent": "forearm_left",
					"pivot": [13, 24.98543, -7.52006],
					"cubes": [
						{"origin": [13, 23.98543, -9.02006], "size": [3, 2, 3], "pivot": [-6, 22.98543, -8.02006], "rotation": [0, 0, 0], "uv": [89, 112]}
					]
				},
				{
					"name": "finger1_left",
					"parent": "hand_left",
					"pivot": [16, 25.98543, -7.52006],
					"cubes": [
						{"origin": [16, 24.98543, -9.02006], "size": [1, 1, 3], "pivot": [-6, 22.98543, -8.02006], "rotation": [0, 0, 0], "uv": [108, 42]}
					]
				},
				{
					"name": "finger2_left",
					"parent": "finger1_left",
					"pivot": [17, 25.98543, -7.52006],
					"cubes": [
						{"origin": [17, 24.98543, -9.02006], "size": [1, 1, 3], "pivot": [-7, 22.98543, -8.02006], "rotation": [0, 0, 0], "uv": [52, 93]}
					]
				},
				{
					"name": "arm_right",
					"parent": "torso",
					"pivot": [-4.5, 24.98543, -7.52006],
					"cubes": [
						{"origin": [-6, 23.48543, -9.02006], "size": [3, 3, 3], "pivot": [0, 22.98543, -8.02006], "rotation": [0, 0, 0], "uv": [112, 27]},
						{"origin": [-8, 23.98543, -8.52006], "size": [2, 2, 2], "pivot": [0, 22.98543, -8.02006], "rotation": [0, 0, 0], "uv": [52, 86]}
					]
				},
				{
					"name": "forearm_right",
					"parent": "arm_right",
					"pivot": [-9.5, 24.98543, -7.52006],
					"cubes": [
						{"origin": [-11, 23.48543, -9.02006], "size": [3, 3, 3], "pivot": [3, 22.98543, -8.02006], "rotation": [0, 0, 0], "uv": [98, 60]},
						{"origin": [-13, 23.98543, -8.52006], "size": [3, 2, 2], "pivot": [3, 22.98543, -8.02006], "rotation": [0, 0, 0], "uv": [77, 36]}
					]
				},
				{
					"name": "hand_right",
					"parent": "forearm_right",
					"pivot": [-13, 24.98543, -7.52006],
					"cubes": [
						{"origin": [-16, 23.98543, -9.02006], "size": [3, 2, 3], "pivot": [6, 22.98543, -8.02006], "rotation": [0, 0, 0], "uv": [63, 105]}
					]
				},
				{
					"name": "finger1_right",
					"parent": "hand_right",
					"pivot": [-16, 25.98543, -7.52006],
					"cubes": [
						{"origin": [-17, 24.98543, -9.02006], "size": [1, 1, 3], "pivot": [6, 22.98543, -8.02006], "rotation": [0, 0, 0], "uv": [88, 48]}
					]
				},
				{
					"name": "finger2_right",
					"parent": "finger1_right",
					"pivot": [-17, 25.98543, -7.52006],
					"cubes": [
						{"origin": [-18, 24.98543, -9.02006], "size": [1, 1, 3], "pivot": [7, 22.98543, -8.02006], "rotation": [0, 0, 0], "uv": [88, 42]}
					]
				},
				{
					"name": "neck",
					"parent": "torso",
					"pivot": [0, 25.5, -7.43934],
					"cubes": [
						{"origin": [-1.75, 25.5, -8.75], "size": [2, 2, 2], "pivot": [0, 18, -8.5], "rotation": [0, 45, 0], "uv": [24, 69]}
					]
				},
				{
					"name": "head",
					"parent": "neck",
					"pivot": [0.00221, 27.33434, -7.35925],
					"cubes": [
						{"origin": [-3, 27.5, -10.43934], "size": [6, 6, 6], "pivot": [0, 30.5, -7.43934], "rotation": [0, 90, 0], "uv": [56, 93]},
						{"origin": [2.25614, 28.72536, -12.29196], "size": [0, 4, 3], "pivot": [2.25614, 30.72536, -10.79196], "rotation": [27.02578, 84.49666, 22.5859], "uv": [53, 32]},
						{"origin": [-2.25614, 28.72536, -12.29196], "size": [0, 4, 3], "pivot": [-2.25614, 30.72536, -10.79196], "rotation": [27.02578, -84.49666, -22.5859], "uv": [0, 66], "mirror": true},
						{"origin": [-0.25, 32.25, -12.18934], "size": [5, 2, 10], "pivot": [-0.25, 33.5, -7.43934], "rotation": [-9.6658, -2.57594, -14.78217], "uv": [32, 87]},
						{"origin": [-4.75, 32.25, -12.18934], "size": [5, 2, 10], "pivot": [0.25, 33.5, -7.43934], "rotation": [-9.6658, 2.57594, 14.78217], "uv": [88, 36]},
						{"origin": [-2.5, 33.55087, -7.91324], "size": [5, 20, 5], "pivot": [0, 44.05087, -5.41324], "rotation": [-14.00194, 44.13603, -9.85108], "uv": [85, 77]},
						{"origin": [-3, 53.55087, -8.41324], "size": [6, 2, 6], "pivot": [0, 44.05087, -5.41324], "rotation": [-14.00194, 44.13603, -9.85108], "uv": [96, 104]},
						{"origin": [-6.53351, 16.75, 1.00759], "size": [8, 19, 0], "pivot": [0, 25.25, -1.01404], "rotation": [31.68416, -28.46296, -16.39211], "uv": [0, 0]},
						{"origin": [-1.46649, 16.75, 1.00759], "size": [8, 19, 0], "pivot": [0, 25.25, -1.01404], "rotation": [33.2713, 32.68214, 19.50986], "uv": [32, 99]}
					]
				},
				{
					"name": "emblem",
					"parent": "head",
					"pivot": [0, 0, 2.99857],
					"cubes": [
						{"origin": [-3, 36.7, -10.3], "size": [6, 1, 0], "pivot": [0, 37.2, -10.305], "rotation": [-8.6822, -4.98093, -29.62165], "uv": [77, 40]},
						{"origin": [-1, 36.2, -10.31], "size": [2, 2, 0], "pivot": [0, 37.2, -10.305], "rotation": [-7.10708, 7.05302, 44.56145], "uv": [14, 35]},
						{"origin": [-0.5, 36.7, -10.32], "size": [1, 1, 0], "pivot": [0, 37.2, -10.305], "rotation": [-7.10708, 7.05302, 44.56145], "uv": [16, 0]},
						{"origin": [-3, 36.7, -10.3], "size": [6, 1, 0], "pivot": [0, 37.2, -10.305], "rotation": [-10, 0, 0], "uv": [47, 18]},
						{"origin": [-2, 36.7, -10.29], "size": [4, 1, 0], "pivot": [0, 37.2, -10.305], "rotation": [-4.26175, -9.05478, -64.66239], "uv": [68, 73]},
						{"origin": [-2, 36.7, -10.29], "size": [4, 1, 0], "pivot": [0, 37.2, -10.305], "rotation": [-4.26175, 9.05478, 64.66239], "uv": [59, 18]},
						{"origin": [-3, 36.7, -10.3], "size": [6, 1, 0], "pivot": [0, 37.2, -10.305], "rotation": [-8.6822, 4.98093, 29.62165], "uv": [41, 40]}
					]
				},
				{
					"name": "steam",
					"parent": "head",
					"pivot": [-0.25, 54.30779, -3.13487],
					"cubes": [
						{"origin": [0.11513, 55.18955, -3.63487], "size": [20, 15, 0], "pivot": [0.11513, 55.68955, -3.63487], "rotation": [0, -90, 0], "uv": [47, 0]}
					]
				},
				{
					"name": "bigwheel_left",
					"parent": "body",
					"pivot": [8, 8.5, 11],
					"cubes": [
						{"origin": [8, 0, 2.5], "size": [0, 17, 17], "uv": [0, 35]},
						{"origin": [7, 7, 9.5], "size": [2, 3, 3], "pivot": [8, 8.5, 11], "rotation": [-45, 0, 0], "uv": [113, 92]}
					]
				},
				{
					"name": "bigwheel_right",
					"parent": "body",
					"pivot": [-8, 8.5, 11],
					"cubes": [
						{"origin": [-9, 7, 9.5], "size": [2, 3, 3], "pivot": [-8, 8.5, 11], "rotation": [-45, 0, 0], "uv": [74, 93]},
						{"origin": [-8, 0, 2.5], "size": [0, 17, 17], "uv": [34, 49]}
					]
				},
				{
					"name": "frontwheel",
					"parent": "body",
					"pivot": [0, 3.5, -10],
					"cubes": [
						{"origin": [7.1, 0, -13.5], "size": [0, 7, 7], "uv": [34, 52]},
						{"origin": [-7.1, 0, -13.5], "size": [0, 7, 7], "uv": [0, 28]},
						{"origin": [-7.9, 2.5, -11], "size": [16, 2, 2], "pivot": [7.6, 3.5, -10], "rotation": [-45, 0, 0], "uv": [78, 31]}
					]
				},
				{
					"name": "backwheel",
					"parent": "body",
					"pivot": [0, 3.5, -2],
					"cubes": [
						{"origin": [-7.1, 0, -5.5], "size": [0, 7, 7], "uv": [34, 45]},
						{"origin": [7.1, 0, -5.5], "size": [0, 7, 7], "uv": [70, 70]},
						{"origin": [-7.9, 2.5, -3], "size": [16, 2, 2], "pivot": [7.6, 3.5, -2], "rotation": [-45, 0, 0], "uv": [88, 1]}
					]
				}
			]
		}
	]
}