{
	"format_version": "1.8.0",
	"animations": {
		"animation.battitu.ground_idle": {
			"loop": true,
			"animation_length": 0.96,
			"bones": {
				"bone3": {
					"rotation": {
						"0.0": [0, 0, 0],
						"0.48": [15, 0, 0],
						"0.96": [0, 0, 0]
					}
				},
				"head": {
					"rotation": {
						"0.0": [0, 0, 0],
						"0.48": [-15, 0, 0],
						"0.96": [0, 0, 0]
					}
				},
				"arm": {
					"rotation": {
						"0.0": [0, 0, 0],
						"0.48": [0, 0, -12.5],
						"0.96": [0, 0, 0]
					}
				},
				"arm2": {
					"rotation": {
						"0.0": [0, 0, 0],
						"0.48": [0, 0, 12.5],
						"0.96": [0, 0, 0]
					}
				},
				"bone4": {
					"rotation": {
						"0.0": [0, 0, 0],
						"0.08": [24.14867, 20.70481, 9.00717],
						"0.16": [-13.8754, 15.60656, -38.2047],
						"0.24": [0, 0, 0],
						"0.32": [-43.44102, -40.78947, 30.36119],
						"0.4": [37.74322, -29.04097, 6.80238],
						"0.48": [0, 0, 0],
						"0.56": [24.14867, 20.70481, 9.00717],
						"0.64": [-13.8754, 15.60656, -38.2047],
						"0.72": [0, 0, 0],
						"0.8": [-43.44102, -40.78947, 30.36119],
						"0.88": [37.74322, -29.04097, 6.80238],
						"0.96": [0, 0, 0]
					}
				}
			}
		},
		"animation.battitu.ground_walk": {
			"loop": true,
			"animation_length": 0.48,
			"bones": {
				"bone": {
					"rotation": {
						"0.0": [42.5, 0, 0],
						"0.48": [42.5, 0, 0]
					},
					"position": {
						"0.0": [0, 3, 3],
						"0.24": [0, 4, 3],
						"0.48": [0, 3, 3]
					}
				},
				"bone2": {
					"rotation": {
						"0.0": [52.5, 0, 0],
						"0.24": [62.5, 0, 0],
						"0.48": [52.5, 0, 0]
					}
				},
				"bone3": {
					"rotation": {
						"0.0": [-60, 0, 0],
						"0.24": [-80, 0, 0],
						"0.48": [-60, 0, 0]
					}
				},
				"head": {
					"rotation": {
						"0.0": [-30, 0, 0],
						"0.24": [-32.5, 0, 0],
						"0.48": [-30, 0, 0]
					}
				},
				"arm": {
					"rotation": {
						"0.0": [0, 0, -27.5],
						"0.24": [0, 0, -5],
						"0.48": [0, 0, -27.5]
					}
				},
				"arm2": {
					"rotation": {
						"0.0": [0, 0, 27.5],
						"0.24": [0, 0, 5],
						"0.48": [0, 0, 27.5]
					}
				},
				"bone4": {
					"rotation": {
						"0.0": [0, 0, 0],
						"0.08": [29.8009, -10.38107, -29.8009],
						"0.16": [-53.15675, -28.23489, 14.34325],
						"0.24": [5.50193, 12.4928, 17.08437],
						"0.32": [0, 0, 0],
						"0.4": [0, -67.5, -22.5],
						"0.48": [0, 0, 0]
					}
				}
			}
		}
	}
}