{
	"format_version": "1.8.0",
	"animations": {
		"animation.gloomangel.ground_idle": {
			"loop": true,
			"animation_length": 2,
			"bones": {
				"head": {
					"rotation": {
						"0.0": [0, 0, 0],
						"2.0": [0, 0, 0]
					},
					"position": {
						"0.0": [0, 0, 0],
						"1.0": [0, 0, -2],
						"2.0": [0, 0, 0]
					}
				},
				"bone": {
					"rotation": {
						"0.0": [0, 0, 0],
						"1.0": [5, 0, 0],
						"2.0": [0, 0, 0]
					},
					"position": {
						"0.0": [0, 0, 0],
						"2.0": [0, 0, 0]
					}
				},
				"wing": {
					"rotation": {
						"0.0": [0, 0, 0],
						"1.0": [0, 30, 0],
						"2.0": [0, 0, 0]
					}
				},
				"wing2": {
					"rotation": {
						"0.0": [0, 0, 0],
						"1.0": [0, -30, 0],
						"2.0": [0, 0, 0]
					}
				},
				"wing3": {
					"rotation": {
						"0.0": [0, 0, 0],
						"1.0": [0, -30, 0],
						"2.0": [0, 0, 0]
					}
				},
				"wing4": {
					"rotation": {
						"0.0": [0, 0, 0],
						"1.0": [0, 30, 0],
						"2.0": [0, 0, 0]
					}
				},
				"tail": {
					"rotation": {
						"0.0": [0, 0, 0],
						"2.0": [0, 0, 0]
					}
				},
				"halo": {
					"rotation": {
						"0.0": [0, 0, 0],
						"2.0": [0, 0, 0]
					},
					"position": {
						"0.0": [0, 0, 0],
						"2.0": [0, 0, 0]
					}
				}
			}
		},
		"animation.gloomangel.ground_walk": {
			"loop": true,
			"animation_length": 1.04,
			"bones": {
				"head": {
					"rotation": {
						"0.0": [0, 0, 0],
						"0.52": [5, 0, 0],
						"1.04": [0, 0, 0]
					},
					"position": {
						"0.0": [0, -1, -4],
						"1.04": [0, -1, -4]
					}
				},
				"bone": {
					"rotation": {
						"0.0": [10, 0, 0],
						"1.04": [10, 0, 0]
					}
				},
				"wing": {
					"rotation": {
						"0.0": [0, 0, 0],
						"0.52": [0, 50, 0],
						"1.04": [0, 0, 0]
					}
				},
				"wing2": {
					"rotation": {
						"0.0": [0, 0, 0],
						"0.52": [0, -50, 0],
						"1.04": [0, 0, 0]
					}
				},
				"wing3": {
					"rotation": {
						"0.0": [0, 0, 0],
						"0.52": [0, -50, 0],
						"1.04": [0, 0, 0]
					}
				},
				"wing4": {
					"rotation": {
						"0.0": [0, 0, 0],
						"0.52": [0, 50, 0],
						"1.04": [0, 0, 0]
					}
				},
				"tail": {
					"rotation": {
						"0.0": [0, 0, 0],
						"0.52": [12.5, 0, 0],
						"1.04": [0, 0, 0]
					}
				},
				"halo": {
					"position": {
						"0.0": [0, 0, 0],
						"0.52": [0, -1, 0],
						"1.04": [0, 0, 0]
					}
				}
			}
		}
	}
}