{
    "head": "head",
    "portraitScale": 0.75,
    "portraitTranslation": [ 0, 1.5, 0 ],
    "profileScale": 0.45,
    "profileTranslation": [ 0, 1, 0 ],
    "faint": "bedrock(sonorosian, faint, true)",
    "cry": "bedrock(sonorosian, cry)",
    "poses": {
        "standing": {
            "poseName": "standing",
            "transformTicks": 10,
            "poseTypes": [
                "STAND",
                "NONE",
                "PORTRAIT",
                "PROFILE"
            ],
            "animations": [
                "look",
                "bedrock(sonorosian, ground_idle)"
            ]
        },
        "walking": {
            "poseName": "walking",
            "transformTicks": 10,
            "poseTypes": [ "WALK" ],
            "animations": [ "bedrock(sonorosian, ground_walk)" ]
        }
    }
}