{
	"format_version": "1.12.0",
	"minecraft:geometry": [
		{
			"description": {
				"identifier": "geometry.infernito",
				"texture_width": 128,
				"texture_height": 128,
				"visible_bounds_width": 4,
				"visible_bounds_height": 3.5,
				"visible_bounds_offset": [0, 1.25, 0]
			},
			"bones": [
				{
					"name": "infernito",
					"pivot": [0, 0, 0]
				},
				{
					"name": "body",
					"parent": "infernito",
					"pivot": [0, 0, 0]
				},
				{
					"name": "torso",
					"parent": "body",
					"pivot": [0, 0, 0]
				},
				{
					"name": "head",
					"parent": "torso",
					"pivot": [0, 10.25, -1],
					"cubes": [
						{"origin": [-5.5, 8.24, -5], "size": [11, 9, 8], "uv": [0, 0]},
						{"origin": [-5, 8.75, -5.02], "size": [2, 1, 2], "uv": [10, 56]},
						{"origin": [3, 8.75, -5.02], "size": [2, 1, 2], "uv": [0, 63]}
					]
				},
				{
					"name": "tuft",
					"parent": "head",
					"pivot": [-1, 0, 0]
				},
				{
					"name": "tuft_left",
					"parent": "tuft",
					"pivot": [3, 17.25, -3.49],
					"cubes": [
						{"origin": [1, 15.25, -3.49], "size": [4, 5, 0], "uv": [50, 62]}
					]
				},
				{
					"name": "tuft_left2",
					"parent": "tuft_left",
					"pivot": [3, 20.25, -3.49],
					"cubes": [
						{"origin": [1, 20.25, -3.49], "size": [4, 3, 0], "uv": [64, 10]}
					]
				},
				{
					"name": "tuft_mid",
					"parent": "tuft",
					"pivot": [0, 17.25, -4.5],
					"cubes": [
						{"origin": [-3, 17.25, -4.5], "size": [6, 5, 0], "uv": [62, 35]}
					]
				},
				{
					"name": "tuft_mid2",
					"parent": "tuft_mid",
					"pivot": [0, 22.25, -4.5],
					"cubes": [
						{"origin": [-3, 22.25, -4.5], "size": [6, 5, 0], "uv": [62, 5]}
					]
				},
				{
					"name": "tuft_right",
					"parent": "tuft",
					"pivot": [-3, 17.25, -3.49],
					"cubes": [
						{"origin": [-5, 15.25, -3.49], "size": [4, 5, 0], "uv": [62, 44]}
					]
				},
				{
					"name": "tuft_right2",
					"parent": "tuft_right",
					"pivot": [-3, 20.25, -3.49],
					"cubes": [
						{"origin": [-5, 20.25, -3.49], "size": [4, 3, 0], "uv": [8, 64]}
					]
				},
				{
					"name": "eyes",
					"parent": "head",
					"pivot": [0, 13, -3.68667]
				},
				{
					"name": "eye_right",
					"parent": "eyes",
					"pivot": [-2.67667, 12.25, -3.68667],
					"cubes": [
						{"origin": [-5.01, 10, -5.01], "size": [4, 5, 4], "uv": [34, 51]},
						{"origin": [-4.01, 10.5, -5.02], "size": [2, 4, 2], "uv": [42, 60]},
						{"origin": [-3.01, 13, -5.03], "size": [2, 2, 2], "uv": [58, 62]}
					]
				},
				{
					"name": "eye_left",
					"parent": "eyes",
					"pivot": [2.67667, 12.25, -3.68667],
					"cubes": [
						{"origin": [1.01, 10, -5.01], "size": [4, 5, 4], "uv": [18, 50]},
						{"origin": [2.01, 10.5, -5.02], "size": [2, 4, 2], "uv": [0, 0]},
						{"origin": [1.01, 13, -5.03], "size": [2, 2, 2], "uv": [60, 55]}
					]
				},
				{
					"name": "nose",
					"parent": "head",
					"pivot": [0, 11.15, -5],
					"cubes": [
						{"origin": [-1.5, 9.75, -5.5], "size": [3, 1, 4], "uv": [56, 0]},
						{"origin": [-0.5, 10.75, -5.5], "size": [1, 1, 4], "uv": [22, 17]}
					]
				},
				{
					"name": "mouth",
					"parent": "head",
					"pivot": [-1, 0, 0],
					"cubes": [
						{"origin": [-2, 8.75, -5.02], "size": [4, 1, 2], "uv": [44, 44]}
					]
				},
				{
					"name": "ear_left",
					"parent": "head",
					"pivot": [3.5, 10.25, -1],
					"cubes": [
						{"origin": [1.51695, 8.13695, -4], "size": [8, 9, 6], "pivot": [2.51695, 9.13695, 1], "rotation": [0, 0, 15], "uv": [22, 26]}
					]
				},
				{
					"name": "ear_left2",
					"parent": "ear_left",
					"pivot": [9, 10.25, -1],
					"cubes": [
						{"origin": [2.79718, 11.06487, -3.5], "size": [8, 7, 5], "pivot": [3.79718, 10.06487, 0.5], "rotation": [0, 0, 57.5], "uv": [0, 36]}
					]
				},
				{
					"name": "ear_left3",
					"parent": "ear_left2",
					"pivot": [11.5, 6.75, -1],
					"cubes": [
						{"origin": [4, 9.25, -2.5], "size": [6, 5, 3], "pivot": [5, 6.25, 1.5], "rotation": [0, 0, 57.5], "uv": [0, 48]}
					]
				},
				{
					"name": "ear_right",
					"parent": "head",
					"pivot": [-3.5, 10.25, -1],
					"cubes": [
						{"origin": [-3.26695, 8.13695, -8], "size": [8, 9, 6], "pivot": [-2.26695, 9.13695, -3], "rotation": [180, 0, 165], "uv": [0, 17]}
					]
				},
				{
					"name": "ear_right2",
					"parent": "ear_right",
					"pivot": [-9, 10.25, -1],
					"cubes": [
						{"origin": [-4.54718, 11.06487, -6.5], "size": [8, 7, 5], "pivot": [-3.54718, 10.06487, -2.5], "rotation": [180, 0, 122.5], "uv": [33, 12]}
					]
				},
				{
					"name": "ear_right3",
					"parent": "ear_right2",
					"pivot": [-11.5, 6.75, -1],
					"cubes": [
						{"origin": [-5.75, 9.25, -7.5], "size": [6, 5, 3], "pivot": [-4.75, 6.25, -3.5], "rotation": [180, 0, 122.5], "uv": [47, 47]}
					]
				},
				{
					"name": "arm_left",
					"parent": "torso",
					"pivot": [2.25, 4.75, 0],
					"cubes": [
						{"origin": [1.25, 4.75, -1], "size": [5, 2, 2], "inflate": 0.02, "pivot": [2.25, 4.75, 0], "rotation": [0, 0, 45], "uv": [28, 60]}
					]
				},
				{
					"name": "arm_left2",
					"parent": "arm_left",
					"pivot": [5.75, 2.75, 0],
					"cubes": [
						{"origin": [5, 1.61, -1], "size": [6, 2, 2], "inflate": 0.01, "pivot": [6, 1.5, 0], "rotation": [0, 0, 17.5], "uv": [50, 31]}
					]
				},
				{
					"name": "hand_left",
					"parent": "arm_left2",
					"pivot": [10.875, 1.11, 0],
					"cubes": [
						{"origin": [10.75, 0, -3], "size": [6, 3, 6], "inflate": 0.01, "uv": [44, 35]},
						{"origin": [11.75, -0.02, -2], "size": [2, 2, 4], "uv": [59, 17]},
						{"origin": [14.5, -0.02, 0.25], "size": [1, 2, 2], "uv": [28, 22]},
						{"origin": [14.5, -0.02, -2.25], "size": [1, 2, 2], "uv": [0, 17]}
					]
				},
				{
					"name": "claws_left",
					"parent": "hand_left",
					"pivot": [16.75, 1.125, 0],
					"cubes": [
						{"origin": [16.75, 0.25, -3.25], "size": [4, 2, 3], "uv": [14, 59]},
						{"origin": [20.75, 0, -2.75], "size": [1, 2, 2], "uv": [16, 32]},
						{"origin": [16.75, 0.25, 0.25], "size": [4, 2, 3], "uv": [14, 59]},
						{"origin": [20.75, 0, 0.75], "size": [1, 2, 2], "uv": [16, 32]}
					]
				},
				{
					"name": "arm_right",
					"parent": "torso",
					"pivot": [-2.25, 4.75, 0],
					"cubes": [
						{"origin": [-3.25, 4.75, -1], "size": [5, 2, 2], "inflate": 0.02, "pivot": [-2.25, 4.75, 0], "rotation": [180, 0, 135], "uv": [59, 23]}
					]
				},
				{
					"name": "arm_right2",
					"parent": "arm_right",
					"pivot": [-5.75, 2.75, 0],
					"cubes": [
						{"origin": [-7, 1.61, -1], "size": [6, 2, 2], "inflate": 0.01, "pivot": [-6, 1.5, 0], "rotation": [180, 0, 162.5], "uv": [0, 32]}
					]
				},
				{
					"name": "hand_right",
					"parent": "arm_right2",
					"pivot": [-10.875, 1.11, 0],
					"cubes": [
						{"origin": [-12.75, 0, -3], "size": [6, 3, 6], "inflate": 0.01, "pivot": [-11.75, 0.5, 0], "rotation": [-180, 0, 180], "uv": [26, 41]},
						{"origin": [-13.75, -0.02, -2], "size": [2, 2, 4], "uv": [59, 17], "mirror": true},
						{"origin": [-15.5, -0.02, -2.25], "size": [1, 2, 2], "uv": [0, 17]},
						{"origin": [-15.5, -0.02, 0.25], "size": [1, 2, 2], "uv": [28, 22]}
					]
				},
				{
					"name": "claws_right",
					"parent": "hand_right",
					"pivot": [-16.75, 1.125, 0],
					"cubes": [
						{"origin": [-18.75, 0.25, -4.25], "size": [4, 2, 3], "pivot": [-17.75, 0.25, -2.25], "rotation": [-180, 0, 180], "uv": [14, 59]},
						{"origin": [-22.75, 0, -0.75], "size": [1, 2, 2], "pivot": [-21.75, 0, -0.75], "rotation": [-180, 0, 180], "uv": [16, 32]},
						{"origin": [-18.75, 0.25, 1.25], "size": [4, 2, 3], "pivot": [-17.75, 0.25, 2.25], "rotation": [-180, 0, 180], "uv": [14, 59]},
						{"origin": [-22.75, 0, 2.75], "size": [1, 2, 2], "pivot": [-21.75, 0, 2.75], "rotation": [-180, 0, 180], "uv": [16, 32]}
					]
				},
				{
					"name": "belly",
					"parent": "torso",
					"pivot": [-1, 0, 0],
					"cubes": [
						{"origin": [-3, 2, -3.75], "size": [6, 5, 6], "uv": [38, 0]},
						{"origin": [-2.5, 7, -3.25], "size": [5, 2, 5], "uv": [44, 24]}
					]
				},
				{
					"name": "tail",
					"parent": "torso",
					"pivot": [0, 2.5, 3],
					"cubes": [
						{"origin": [-1, 2.5, 2], "size": [2, 2, 2], "uv": [30, 50]}
					]
				},
				{
					"name": "legs",
					"parent": "body",
					"pivot": [-1, 0, 0]
				},
				{
					"name": "leg_left",
					"parent": "legs",
					"pivot": [2, 3.25, -1],
					"cubes": [
						{"origin": [0.5, 1.75, -3], "size": [3, 3, 4], "inflate": 0.01, "uv": [0, 56]}
					]
				},
				{
					"name": "leg_left2",
					"parent": "leg_left",
					"pivot": [2, 1.75, -2.25],
					"cubes": [
						{"origin": [0.5, -0.25, -3], "size": [3, 2, 4], "uv": [30, 0]},
						{"origin": [1, -0.25, -4], "size": [2, 2, 1], "inflate": -0.01, "uv": [26, 41]}
					]
				},
				{
					"name": "leg_right",
					"parent": "legs",
					"pivot": [-2, 3.25, -1],
					"cubes": [
						{"origin": [-3.5, 1.75, -3], "size": [3, 3, 4], "inflate": 0.01, "uv": [50, 55]}
					]
				},
				{
					"name": "leg_right2",
					"parent": "leg_right",
					"pivot": [-2, 1.75, -2.25],
					"cubes": [
						{"origin": [-3.5, -0.25, -3], "size": [3, 2, 4], "uv": [54, 11]},
						{"origin": [-3, -0.25, -4], "size": [2, 2, 1], "inflate": -0.01, "uv": [26, 44]}
					]
				}
			]
		}
	]
}