{
	"format_version": "1.12.0",
	"minecraft:geometry": [
		{
			"description": {
				"identifier": "geometry.amperox",
				"texture_width": 64,
				"texture_height": 64,
				"visible_bounds_width": 6,
				"visible_bounds_height": 3.5,
				"visible_bounds_offset": [0, 1.25, 0]
			},
			"bones": [
				{
					"name": "root",
					"pivot": [0, 0, 0]
				},
				{
					"name": "torso",
					"parent": "root",
					"pivot": [0, 16, 1.75],
					"cubes": [
						{"origin": [-2.5, 15.25, -0.25], "size": [5, 5, 4], "pivot": [0, 17.75, 1.75], "rotation": [-5, 0, 0], "uv": [20, 16]},
						{"origin": [-3.5, 20.75, 1.5], "size": [7, 0, 4], "pivot": [0, 20.75, 5], "rotation": [15, 0, 0], "uv": [0, 25]}
					]
				},
				{
					"name": "shoulder_L",
					"parent": "torso",
					"pivot": [2.95, 19.25, 2],
					"cubes": [
						{"origin": [2, 17.75, 0.5], "size": [2, 3, 3], "uv": [36, 44]},
						{"origin": [3.9, 16.75, -0.5], "size": [0, 5, 5], "uv": [26, 32]}
					]
				},
				{
					"name": "arm_L",
					"parent": "shoulder_L",
					"pivot": [3.5, 19.25, 2],
					"cubes": [
						{"origin": [3, 18.25, 1], "size": [6, 2, 2], "uv": [34, 40]}
					]
				},
				{
					"name": "forearm_L",
					"parent": "arm_L",
					"pivot": [8.5, 19.25, 2],
					"cubes": [
						{"origin": [8, 17.75, 0.5], "size": [5, 3, 3], "uv": [34, 12]}
					]
				},
				{
					"name": "hand_L",
					"parent": "forearm_L",
					"pivot": [13, 19.75, 2],
					"cubes": [
						{"origin": [13, 18.75, 0.5], "size": [2, 2, 3], "uv": [46, 31]}
					]
				},
				{
					"name": "index_L",
					"parent": "hand_L",
					"pivot": [15, 20.75, 1],
					"cubes": [
						{"origin": [15, 19.75, 0.5], "size": [2, 1, 1], "uv": [50, 14]}
					]
				},
				{
					"name": "index_L2",
					"parent": "index_L",
					"pivot": [17, 20.75, 1],
					"cubes": [
						{"origin": [17, 19.75, 0.5], "size": [2, 1, 1], "uv": [0, 50]},
						{"origin": [19, 19.75, 1], "size": [1, 1, 0], "uv": [0, 19]}
					]
				},
				{
					"name": "middle_L",
					"parent": "hand_L",
					"pivot": [15, 20.75, 2],
					"cubes": [
						{"origin": [15, 19.75, 1.5], "size": [2, 1, 1], "uv": [6, 50]}
					]
				},
				{
					"name": "middle_L2",
					"parent": "middle_L",
					"pivot": [17, 20.75, 2],
					"cubes": [
						{"origin": [19, 19.75, 2], "size": [1, 1, 0], "uv": [17, 4]},
						{"origin": [17, 19.75, 1.5], "size": [2, 1, 1], "uv": [49, 19]}
					]
				},
				{
					"name": "pinky_L",
					"parent": "hand_L",
					"pivot": [15, 20.75, 3],
					"cubes": [
						{"origin": [15, 19.75, 2.5], "size": [2, 1, 1], "uv": [50, 2]}
					]
				},
				{
					"name": "pinky_L2",
					"parent": "pinky_L",
					"pivot": [17, 20.75, 3],
					"cubes": [
						{"origin": [19, 19.75, 3], "size": [1, 1, 0], "uv": [4, 15]},
						{"origin": [17, 19.75, 2.5], "size": [2, 1, 1], "uv": [49, 17]}
					]
				},
				{
					"name": "thumb_L",
					"parent": "hand_L",
					"pivot": [13, 18.75, 0.5],
					"cubes": [
						{"origin": [13, 17.75, 0.5], "size": [2, 1, 1], "uv": [48, 40]},
						{"origin": [15, 17.75, 1], "size": [1, 1, 0], "pivot": [15.5, 18.25, 1], "rotation": [-90, 0, 0], "uv": [4, 14]}
					]
				},
				{
					"name": "shoulder_R",
					"parent": "torso",
					"pivot": [-2.95, 19.25, 2],
					"cubes": [
						{"origin": [-4, 17.75, 0.5], "size": [2, 3, 3], "uv": [42, 18]},
						{"origin": [-3.9, 16.75, -0.5], "size": [0, 5, 5], "uv": [16, 32]}
					]
				},
				{
					"name": "arm_R",
					"parent": "shoulder_R",
					"pivot": [-3.5, 19.25, 2],
					"cubes": [
						{"origin": [-9, 18.25, 1], "size": [6, 2, 2], "uv": [34, 0]}
					]
				},
				{
					"name": "forearm_R",
					"parent": "arm_R",
					"pivot": [-8.5, 19.25, 2],
					"cubes": [
						{"origin": [-13, 17.75, 0.5], "size": [5, 3, 3], "uv": [0, 33]}
					]
				},
				{
					"name": "hand_R",
					"parent": "forearm_R",
					"pivot": [-13, 19.75, 2],
					"cubes": [
						{"origin": [-15, 18.75, 0.5], "size": [2, 2, 3], "uv": [0, 45]}
					]
				},
				{
					"name": "index_R",
					"parent": "hand_R",
					"pivot": [-15, 20.75, 1],
					"cubes": [
						{"origin": [-17, 19.75, 0.5], "size": [2, 1, 1], "uv": [46, 36]}
					]
				},
				{
					"name": "index_R2",
					"parent": "index_R",
					"pivot": [-17, 20.75, 1],
					"cubes": [
						{"origin": [-19, 19.75, 0.5], "size": [2, 1, 1], "uv": [48, 0]},
						{"origin": [-20, 19.75, 1], "size": [1, 1, 0], "uv": [2, 4]}
					]
				},
				{
					"name": "middle_R",
					"parent": "hand_R",
					"pivot": [-15, 20.75, 2],
					"cubes": [
						{"origin": [-17, 19.75, 1.5], "size": [2, 1, 1], "uv": [10, 39]}
					]
				},
				{
					"name": "middle_R2",
					"parent": "middle_R",
					"pivot": [-17, 20.75, 2],
					"cubes": [
						{"origin": [-20, 19.75, 2], "size": [1, 1, 0], "uv": [0, 4]},
						{"origin": [-19, 19.75, 1.5], "size": [2, 1, 1], "uv": [7, 45]}
					]
				},
				{
					"name": "pinky_R",
					"parent": "hand_R",
					"pivot": [-15, 20.75, 3],
					"cubes": [
						{"origin": [-17, 19.75, 2.5], "size": [2, 1, 1], "uv": [32, 27]}
					]
				},
				{
					"name": "pinky_R2",
					"parent": "pinky_R",
					"pivot": [-17, 20.75, 3],
					"cubes": [
						{"origin": [-20, 19.75, 3], "size": [1, 1, 0], "uv": [2, 0]},
						{"origin": [-19, 19.75, 2.5], "size": [2, 1, 1], "uv": [16, 35]}
					]
				},
				{
					"name": "thumb_R",
					"parent": "hand_R",
					"pivot": [-13, 18.75, 0.5],
					"cubes": [
						{"origin": [-15, 17.75, 0.5], "size": [2, 1, 1], "uv": [30, 12]},
						{"origin": [-16, 17.75, 1], "size": [1, 1, 0], "pivot": [-15.5, 18.25, 1], "rotation": [90, 0, 0], "uv": [0, 0]}
					]
				},
				{
					"name": "neck",
					"parent": "torso",
					"pivot": [0, 20.25, 2],
					"cubes": [
						{"origin": [-1.5, 20.25, 0.5], "size": [3, 3, 3], "uv": [42, 4]}
					]
				},
				{
					"name": "head",
					"parent": "neck",
					"pivot": [-0.00021, 21.72687, 2.0987],
					"cubes": [
						{"origin": [-2.5, 21.25, -1], "size": [5, 4, 5], "pivot": [0, 22.875, -0.25], "rotation": [10, 0, 0], "uv": [0, 16]},
						{"origin": [-1, 22.6, -2.85], "size": [2, 1, 1], "pivot": [0, 22.875, 0], "rotation": [22.5, 0, 0], "uv": [12, 56]},
						{"origin": [-1.5, 21.5, -2.75], "size": [3, 2, 2], "pivot": [0, 22.875, 0], "rotation": [22.5, 0, 0], "uv": [47, 10]},
						{"origin": [1, 23.75, 2.5], "size": [3, 4, 0], "pivot": [2.5, 25.75, 2.5], "rotation": [-25, 0, 37.5], "uv": [46, 49]},
						{"origin": [-4, 23.75, 2.5], "size": [3, 4, 0], "pivot": [-2.5, 25.75, 2.5], "rotation": [-25, 0, -37.5], "uv": [26, 25]},
						{"origin": [-0.37314, 25.1324, 1.99415], "size": [0, 9, 3], "pivot": [-0.00139, 28.22741, 3.82682], "rotation": [-28.40086, 36.43129, -32.80232], "uv": [14, 39]},
						{"origin": [0.82848, 24.75241, 3.59075], "size": [0, 5, 2], "pivot": [-0.00139, 28.22741, 3.82682], "rotation": [-34.96857, 43.54545, -8.27854], "uv": [0, 12]},
						{"origin": [3.1, 22.9943, -2.31512], "size": [0, 3, 4], "pivot": [2.6, 23.2443, -0.31512], "rotation": [39.7117, 46.58905, 18.49282], "uv": [1, 52]},
						{"origin": [-3.1, 22.9943, -2.31512], "size": [0, 3, 4], "pivot": [-2.6, 23.2443, -0.31512], "rotation": [39.7117, -46.58905, -18.49282], "uv": [1, 52], "mirror": true},
						{"origin": [-4.36503, 21.86853, -1.6949], "size": [3, 1, 0], "pivot": [-2.52922, 21.59141, -1.6949], "rotation": [28.48316, 13.80879, 18.9892], "uv": [10, 41]},
						{"origin": [1.36503, 21.86853, -1.6949], "size": [3, 1, 0], "pivot": [2.52922, 21.59141, -1.6949], "rotation": [28.48316, -13.80879, -18.9892], "uv": [34, 18]},
						{"origin": [-4.16355, 20.25556, -1.6949], "size": [3, 1, 0], "pivot": [-2.52922, 21.59141, -1.6949], "rotation": [17.08513, 26.75236, -12.9402], "uv": [34, 34]},
						{"origin": [1.16355, 20.25556, -1.6949], "size": [3, 1, 0], "pivot": [2.52922, 21.59141, -1.6949], "rotation": [17.08513, -26.75236, 12.9402], "uv": [30, 14]}
					]
				},
				{
					"name": "waist",
					"parent": "root",
					"pivot": [0, 13.10822, 1.73815],
					"cubes": [
						{"origin": [-3, 8, -0.25], "size": [6, 5, 5], "pivot": [0.5, 10.5, 1.75], "rotation": [12.5, 0, 0], "uv": [0, 0]}
					]
				},
				{
					"name": "thigh_left",
					"parent": "waist",
					"pivot": [2.5, 9.51283, 2.69579],
					"cubes": [
						{"origin": [0.5, 5.25, 0.75], "size": [4, 6, 4], "pivot": [2.5, 8.25, 2.75], "rotation": [7.5, 0, 0], "uv": [14, 25]},
						{"origin": [-0.5, 5.35, -0.25], "size": [6, 0, 6], "pivot": [2.5, 8.25, 2.75], "rotation": [7.5, 0, 0], "uv": [12, 10]}
					]
				},
				{
					"name": "leg_left",
					"parent": "thigh_left",
					"pivot": [2.5, 5.96985, 3.92101],
					"cubes": [
						{"origin": [1.5, 0.25, 1.75], "size": [2, 6, 2], "pivot": [2.5, 2.75, 2.75], "rotation": [-20, 0, 0], "uv": [28, 42]}
					]
				},
				{
					"name": "foot_left",
					"parent": "leg_left",
					"pivot": [2.475, 1.125, 2.125],
					"cubes": [
						{"origin": [1, 0, -1], "size": [3, 2, 4], "uv": [0, 39]},
						{"origin": [1.5, 0, -2], "size": [0, 1, 1], "uv": [2, 2]},
						{"origin": [2.5, 0, -2], "size": [0, 1, 1], "uv": [2, 1]},
						{"origin": [3.4, 0, -2], "size": [0, 1, 1], "uv": [2, 0]}
					]
				},
				{
					"name": "thigh_right",
					"parent": "waist",
					"pivot": [-2.5, 9.51283, 2.69579],
					"cubes": [
						{"origin": [-4.5, 5.25, 0.75], "size": [4, 6, 4], "pivot": [-2.5, 8.25, 2.75], "rotation": [7.5, 0, 0], "uv": [22, 0]},
						{"origin": [-5.5, 5.35, -0.25], "size": [6, 0, 6], "pivot": [-2.5, 8.25, 2.75], "rotation": [7.5, 0, 0], "uv": [0, 10]}
					]
				},
				{
					"name": "leg_right",
					"parent": "thigh_right",
					"pivot": [-2.5, 5.96985, 3.92101],
					"cubes": [
						{"origin": [-3.5, 0.25, 1.75], "size": [2, 6, 2], "pivot": [-2.5, 2.75, 2.75], "rotation": [-20, 0, 0], "uv": [20, 42]}
					]
				},
				{
					"name": "foot_right",
					"parent": "leg_right",
					"pivot": [-2.475, 1.125, 2.125],
					"cubes": [
						{"origin": [-4, 0, -1], "size": [3, 2, 4], "uv": [36, 34]},
						{"origin": [-1.5, 0, -2], "size": [0, 1, 1], "uv": [0, 2]},
						{"origin": [-2.5, 0, -2], "size": [0, 1, 1], "uv": [0, 1]},
						{"origin": [-3.4, 0, -2], "size": [0, 1, 1], "uv": [0, 0]}
					]
				},
				{
					"name": "tail1",
					"parent": "waist",
					"pivot": [0, 11.25, 4.5],
					"cubes": [
						{"origin": [-1.5, 9.75, 3.5], "size": [3, 3, 4], "uv": [34, 27]},
						{"origin": [-2.5, 8.75, 7.4], "size": [5, 5, 0], "uv": [46, 44]}
					]
				},
				{
					"name": "tail2",
					"parent": "tail1",
					"pivot": [0, 11.25, 7.5],
					"cubes": [
						{"origin": [-1, 10.25, 7.5], "size": [2, 2, 6], "uv": [32, 19]},
						{"origin": [-2, 9.25, 13.5], "size": [4, 4, 0], "uv": [15, 16]}
					]
				},
				{
					"name": "tail3",
					"parent": "tail2",
					"pivot": [0, 11.25, 13.5],
					"cubes": [
						{"origin": [-1, 10.25, 13.5], "size": [2, 2, 6], "uv": [32, 4]},
						{"origin": [-2, 9.25, 19.5], "size": [4, 4, 0], "uv": [17, 0]}
					]
				},
				{
					"name": "tail4",
					"parent": "tail3",
					"pivot": [0, 11.25, 19.5],
					"cubes": [
						{"origin": [-1, 10.25, 19.5], "size": [2, 2, 6], "uv": [24, 29]}
					]
				},
				{
					"name": "tail5",
					"parent": "tail4",
					"pivot": [0, 11.25, 25.5],
					"cubes": [
						{"origin": [-1.5, 9.75, 25.5], "size": [3, 3, 2], "uv": [46, 25]},
						{"origin": [0, 9.25, 26.5], "size": [0, 4, 7], "uv": [0, 22]}
					]
				}
			]
		}
	]
}