{
	"format_version": "1.12.0",
	"minecraft:geometry": [
		{
			"description": {
				"identifier": "geometry.snowgirl",
				"texture_width": 64,
				"texture_height": 64,
				"visible_bounds_width": 2,
				"visible_bounds_height": 3.5,
				"visible_bounds_offset": [0, 1.25, 0]
			},
			"bones": [
				{
					"name": "snowgirl",
					"pivot": [-0.025, 0, 0]
				},
				{
					"name": "leg_left",
					"parent": "snowgirl",
					"pivot": [1.5, 3.25, 0.15],
					"cubes": [
						{"origin": [1, 0.75, -0.5], "size": [1, 3, 1], "pivot": [1.5, 2.25, 0], "rotation": [-9.75, 0, 0], "uv": [0, 27]}
					]
				},
				{
					"name": "leftfoot",
					"parent": "leg_left",
					"pivot": [1.45, 0.5, -0.75],
					"cubes": [
						{"origin": [0.5, 0, -1.25], "size": [2, 1, 2], "uv": [29, 22]},
						{"origin": [2.3, 0, -3.25], "size": [0, 1, 2], "uv": [5, 32]},
						{"origin": [0.7, 0, -3.25], "size": [0, 1, 2], "uv": [5, 32]},
						{"origin": [1.3, 0, 0.75], "size": [0, 1, 2], "uv": [5, 31]}
					]
				},
				{
					"name": "leg_right",
					"parent": "snowgirl",
					"pivot": [-1.5, 3.25, 0.2],
					"cubes": [
						{"origin": [-2, 0.75, -0.5], "size": [1, 3, 1], "pivot": [-1.5, 2.25, 0], "rotation": [-9.75, 0, 0], "uv": [0, 11]}
					]
				},
				{
					"name": "rightfoot",
					"parent": "leg_right",
					"pivot": [-1.45, 0.5, -0.75],
					"cubes": [
						{"origin": [-2.5, 0, -1.25], "size": [2, 1, 2], "uv": [28, 28]},
						{"origin": [-2.3, 0, -3.25], "size": [0, 1, 2], "uv": [5, 32]},
						{"origin": [-0.7, 0, -3.25], "size": [0, 1, 2], "uv": [5, 32]},
						{"origin": [-1.3, 0, 0.75], "size": [0, 1, 2], "uv": [5, 31]}
					]
				},
				{
					"name": "body",
					"parent": "snowgirl",
					"pivot": [0, 3.5, -0.4],
					"cubes": [
						{"origin": [-3, 2.75, -3.5], "size": [6, 5, 5], "uv": [0, 1]},
						{"origin": [-2.25, 3.75, -4.3], "size": [4.5, 4, 1], "pivot": [0, 5.75, -3.8], "rotation": [-5, 0, 0], "uv": [14, 31]}
					]
				},
				{
					"name": "neck",
					"parent": "body",
					"pivot": [0, 7.4, -2.5],
					"cubes": [
						{"origin": [-1, 6.15, -3.5], "size": [2, 4, 2], "uv": [22, 24]}
					]
				},
				{
					"name": "head",
					"parent": "neck",
					"pivot": [-0.001, 10.2187, -2.49495],
					"cubes": [
						{"origin": [-1.5, 10.15, -4.5], "size": [3, 3, 3], "uv": [0, 20]},
						{"origin": [-2, 11.9, -5.175], "size": [4, 3, 4], "uv": [18, 7]},
						{"origin": [-1.985, 10.2185, -4.60475], "size": [3.96, 4, 3.96], "pivot": [-0.005, 12.2185, -2.62475], "rotation": [180, 0, 0], "uv": [52, 57]},
						{"origin": [-1, 10.15, -4.9], "size": [2, 2, 2], "uv": [28, 14]},
						{"origin": [-0.5, 10.3, -5.275], "size": [1, 2, 1], "pivot": [0, 11.3, -4.775], "rotation": [-45, 0, 0], "uv": [0, 32]}
					]
				},
				{
					"name": "wing_left",
					"parent": "body",
					"pivot": [1.65, 5.55, -2.25],
					"cubes": [
						{"origin": [2.25, 4.05, -3.15], "size": [1, 3, 4], "pivot": [2.75, 5.55, -2.15], "rotation": [-9, 22.5, 0], "uv": [11, 28]}
					]
				},
				{
					"name": "wing_right",
					"parent": "body",
					"pivot": [-1.65, 5.55, -2.25],
					"cubes": [
						{"origin": [-3.25, 4.05, -3.15], "size": [1, 3, 4], "pivot": [-2.75, 5.55, -2.15], "rotation": [-9, -22.5, 0], "uv": [0, 57]}
					]
				},
				{
					"name": "chickenbutt",
					"parent": "body",
					"pivot": [0, 6.22655, 0.05799],
					"cubes": [
						{"origin": [-2.5, 3.45, -1.8], "size": [5, 1, 5], "pivot": [0, 6.45, 0.7], "rotation": [5, 0, 0], "uv": [16, 0]},
						{"origin": [-2.5, 4.45, -1.8], "size": [5, 4, 6], "pivot": [0, 6.45, 0.7], "rotation": [5, 0, 0], "uv": [0, 10]}
					]
				}
			]
		}
	]
}