{
	"format_version": "1.8.0",
	"animations": {
		"animation.bibimin.ground_idle": {
			"loop": true,
			"animation_length": 2.88,
			"bones": {
				"head": {
					"rotation": {
						"0.0": [0, 0, 0],
						"0.72": [0, 0, 10],
						"1.44": [0, 0, 0],
						"2.16": [0, 0, -10],
						"2.88": [0, 0, 0]
					}
				},
				"bone2": {
					"rotation": {
						"0.0": [0, 0, 0],
						"1.44": [0, 0, 0],
						"2.88": [0, 0, 0]
					}
				},
				"leg": {
					"rotation": {
						"0.0": [0, 0, 0],
						"1.44": [0, 0, 0],
						"2.16": [0, 0, -22.5],
						"2.88": [0, 0, 0]
					}
				},
				"leg2": {
					"rotation": {
						"0.0": [0, 0, 0],
						"0.72": [0, 0, 22.5],
						"1.44": [0, 0, 0],
						"2.88": [0, 0, 0]
					}
				},
				"arm": {
					"rotation": {
						"0.0": [0, -17.5, 62.5],
						"1.44": [0, -17.5, 62.5],
						"2.16": [12.56853, -12.27659, 16.14293],
						"2.88": [0, -17.5, 62.5]
					}
				},
				"bone": {
					"rotation": {
						"0.0": [0, -47.5, 0],
						"1.44": [0, -47.5, 0],
						"2.16": [0, -27.5, 0],
						"2.88": [0, -47.5, 0]
					},
					"position": {
						"0.0": [-1, 0, 0],
						"1.44": [-1, 0, 0],
						"2.88": [-1, 0, 0]
					}
				},
				"arm2": {
					"rotation": {
						"0.0": [0, 17.5, -62.5],
						"0.72": [12.56853, 12.27659, -16.14293],
						"1.44": [0, 17.5, -62.5],
						"2.88": [0, 17.5, -62.5]
					}
				},
				"bone3": {
					"rotation": {
						"0.0": [0, 50, 0],
						"0.72": [0, 27.5, 0],
						"1.44": [0, 50, 0],
						"2.88": [0, 50, 0]
					},
					"position": {
						"0.0": [1, 0, 0],
						"1.44": [1, 0, 0],
						"2.88": [1, 0, 0]
					}
				}
			}
		},
		"animation.bibimin.ground_walk": {
			"loop": true,
			"animation_length": 0.8,
			"bones": {
				"head": {
					"rotation": {
						"0.0": [0, 0, 0],
						"0.2": [-7.5, 0, 0],
						"0.4": [0, 0, 0],
						"0.6": [-7.5, 0, 0],
						"0.8": [0, 0, 0]
					}
				},
				"leg": {
					"rotation": {
						"0.0": [25, 0, 0],
						"0.2": [0, 0, 0],
						"0.4": [-25, 0, 0],
						"0.6": [0, 0, 0],
						"0.8": [25, 0, 0]
					}
				},
				"leg2": {
					"rotation": {
						"0.0": [-25, 0, 0],
						"0.2": [0, 0, 0],
						"0.4": [25, 0, 0],
						"0.6": [0, 0, 0],
						"0.8": [-25, 0, 0]
					}
				},
				"arm": {
					"rotation": {
						"0.0": [-28.22975, -52.42246, 34.11397],
						"0.2": [-41.9978, -43.69869, 52.49941],
						"0.4": [-22.11016, -54.55312, 26.50525],
						"0.6": [3.91686, -57.4145, -4.64565],
						"0.8": [-28.22975, -52.42246, 34.11397]
					}
				},
				"bone": {
					"rotation": {
						"0.0": [0, 0, -20],
						"0.4": [0, 0, 0],
						"0.6": [0, 0, 12.5],
						"0.8": [0, 0, -20]
					},
					"position": {
						"0.0": [-1, 0, 0],
						"0.8": [-1, 0, 0]
					}
				},
				"arm2": {
					"rotation": {
						"0.0": [-28.22975, 52.42246, -34.11397],
						"0.2": [-41.9978, 43.69869, -52.49941],
						"0.4": [-22.11016, 54.55312, -26.50525],
						"0.6": [3.91686, 57.4145, 4.64565],
						"0.8": [-28.22975, 52.42246, -34.11397]
					}
				},
				"bone3": {
					"rotation": {
						"0.0": [0, 0, 20],
						"0.4": [0, 0, 0],
						"0.6": [0, 0, -12.5],
						"0.8": [0, 0, 20]
					},
					"position": {
						"0.0": [1, 0, 0],
						"0.8": [1, 0, 0]
					}
				}
			}
		}
	}
}