{
	"format_version": "1.8.0",
	"animations": {
		"animation.sparkulus.ground_idle": {
			"loop": true,
			"animation_length": 2,
			"bones": {
				"body": {
					"rotation": {
						"0.0": [0, 0, 0],
						"2.0": [0, 0, 0]
					},
					"position": {
						"0.0": [0, 0, 0],
						"1.0": [0, -1, 0],
						"2.0": [0, 0, 0]
					}
				},
				"flame": {
					"scale": {
						"0.0": [1, 1, 0.3],
						"0.0417": [0.7, 0.7, 1],
						"0.0833": [1, 1, 0.3],
						"0.125": [0.7, 0.7, 1],
						"0.1667": [1, 1, 0.3],
						"0.2083": [0.7, 0.7, 1],
						"0.25": [1, 1, 0.3],
						"0.2917": [0.7, 0.7, 1],
						"0.3333": [1, 1, 0.3],
						"0.375": [0.7, 0.7, 1],
						"0.4167": [1, 1, 0.3],
						"0.4583": [0.7, 0.7, 1],
						"0.5": [1, 1, 0.3],
						"0.5417": [0.7, 0.7, 1],
						"0.5833": [1, 1, 0.3],
						"0.625": [0.7, 0.7, 1],
						"0.6667": [1, 1, 0.3],
						"0.7083": [0.7, 0.7, 1],
						"0.75": [1, 1, 0.3],
						"0.7917": [0.7, 0.7, 1],
						"0.8333": [1, 1, 0.3],
						"0.875": [0.7, 0.7, 1],
						"0.9167": [1, 1, 0.3],
						"0.9583": [0.7, 0.7, 1],
						"1.0": [1, 1, 0.3],
						"1.0417": [0.7, 0.7, 1],
						"1.0833": [1, 1, 0.3],
						"1.125": [0.7, 0.7, 1],
						"1.1667": [1, 1, 0.3],
						"1.2083": [0.7, 0.7, 1],
						"1.25": [1, 1, 0.3],
						"1.2917": [0.7, 0.7, 1],
						"1.3333": [1, 1, 0.3],
						"1.375": [0.7, 0.7, 1],
						"1.4167": [1, 1, 0.3],
						"1.4583": [0.7, 0.7, 1],
						"1.5": [1, 1, 0.3],
						"1.5417": [0.7, 0.7, 1],
						"1.5833": [1, 1, 0.3],
						"1.625": [0.7, 0.7, 1],
						"1.6667": [1, 1, 0.3],
						"1.7083": [0.7, 0.7, 1],
						"1.75": [1, 1, 0.3],
						"1.7917": [0.7, 0.7, 1],
						"1.8333": [1, 1, 0.3],
						"1.875": [0.7, 0.7, 1],
						"1.9167": [1, 1, 0.3],
						"1.9583": [0.7, 0.7, 1]
					}
				},
				"teef": {
					"rotation": [0, 0, 0],
					"position": [0, 0, 0]
				},
				"eye": {
					"rotation": {
						"0.0": [0, 0, 0],
						"2.0": [0, 0, 180]
					},
					"position": {
						"0.0": [0, 0, 0],
						"2.0": [0, 0, 0]
					}
				}
			}
		},
		"animation.sparkulus.ground_walk": {
			"loop": true,
			"animation_length": 1,
			"bones": {
				"body": {
					"position": {
						"0.0": [0, 0, 0],
						"0.5": [0, -1, 0],
						"1.0": [0, 0, 0]
					}
				},
				"head": {
					"rotation": [5, 0, 0]
				},
				"flame": {
					"rotation": [-5, 0, 0],
					"scale": {
						"0.0": [1.5, 1.5, 0.3],
						"0.0417": [1, 1, 1.5],
						"0.0833": [1.5, 1.5, 0.3],
						"0.125": [1, 1, 1.5],
						"0.1667": [1.5, 1.5, 0.3],
						"0.2083": [1, 1, 1.5],
						"0.25": [1.5, 1.5, 0.3],
						"0.2917": [1, 1, 1.5],
						"0.3333": [1.5, 1.5, 0.3],
						"0.375": [1, 1, 1.5],
						"0.4167": [1.5, 1.5, 0.3],
						"0.4583": [1, 1, 1.5],
						"0.5": [1.5, 1.5, 0.3],
						"0.5417": [1, 1, 1.5],
						"0.5833": [1.5, 1.5, 0.3],
						"0.625": [1, 1, 1.5],
						"0.6667": [1.5, 1.5, 0.3],
						"0.7083": [1, 1, 1.5],
						"0.75": [1.5, 1.5, 0.3],
						"0.7917": [1, 1, 1.5],
						"0.8333": [1.5, 1.5, 0.3],
						"0.875": [1, 1, 1.5],
						"0.9167": [1.5, 1.5, 0.3],
						"0.9583": [1, 1, 1.5]
					}
				},
				"teef": {
					"position": {
						"0.0": [0, 0, 0],
						"0.25": [0, 0.5, 0],
						"0.5": [0, 0, 0],
						"0.75": [0, -0.5, 0],
						"1.0": [0, 0, 0]
					}
				},
				"eye": {
					"rotation": {
						"0.0": [0, 0, 0],
						"0.5": [0, 0, 180],
						"1.0": [0, 0, 360]
					}
				}
			}
		},
		"animation.sparkulus.faint": {
			"loop": true
		},
		"animation.sparkulus.sleep": {
			"loop": true,
			"bones": {
				"head": {
					"position": [0, -7, 0]
				},
				"flame": {
					"scale": 0
				},
				"fang1": {
					"rotation": [-40, 0, 0],
					"position": [1, 1, 1.25]
				},
				"fang2": {
					"rotation": [70, 0, 0],
					"position": [0, -1, -2]
				},
				"eye": {
					"scale": 0
				}
			}
		}
	}
}