{
	"format_version": "1.8.0",
	"animations": {
		"animation.maskylium.ground_idle": {
			"loop": true,
			"animation_length": 4,
			"bones": {
				"body": {
					"rotation": {
						"0.0": [0, 0, 0],
						"0.75": [0, 0, 0],
						"1.0": [10, 0, 0],
						"2.0": [10, 0, 0],
						"2.5": [0, 0, 0]
					}
				},
				"torso": {
					"rotation": {
						"0.0": [17.5, 0, 0],
						"2.0": [12, 0, 0],
						"4.0": [17.5, 0, 0]
					}
				},
				"arm1": {
					"rotation": {
						"0.0": [18.75389, -10.63092, 23.48639],
						"0.75": [18.75389, -10.63092, 23.48639],
						"1.0833": [-20.1453, 20.10846, 23.92268],
						"2.0": [-20.1453, 20.10846, 23.92268],
						"2.1667": [18.75389, -10.63092, 23.48639]
					}
				},
				"lowerarm1": {
					"rotation": {
						"0.0": [0, 82.5, 0],
						"0.75": [0, 82.5, 0],
						"1.0833": [0, 100, 0],
						"1.3333": [0, 100, 0],
						"1.5": [0, 82.5, 0],
						"1.625": [0, 100, 0],
						"1.7917": [0, 82.5, 0],
						"1.875": [0, 100, 0],
						"2.5": [0, 82.5, 0]
					}
				},
				"arm2": {
					"rotation": {
						"0.0": [0, -5, -32.5],
						"1.0": [0, -5, -32.5],
						"1.3333": [0, 15, -32.5],
						"2.0": [0, 15, -32.5],
						"2.5": [0, -5, -32.5]
					}
				},
				"lowerarm2": {
					"rotation": {
						"0.0": [0, -65, 0],
						"1.0": [0, -65, 0],
						"1.3333": [0, -32.5, 0],
						"2.0": [0, -32.5, 0],
						"2.5": [0, -65, 0]
					}
				},
				"hat": {
					"rotation": [-35, 0, 0]
				},
				"hattip": {
					"rotation": {
						"0.75": [0, 0, 0],
						"0.875": [-20, 0, 0],
						"1.0": [-20, 0, 0],
						"1.0833": [-10, 0, 0],
						"1.2083": [-15, 0, 0],
						"2.0": [-15, 0, 0],
						"2.5": [0, 0, 0]
					}
				},
				"mask": {
					"rotation": {
						"0.0": [-12.19986, 1.70818, 19.9299],
						"0.5": [-12.2, 1.71, 19.93],
						"0.625": [-10.4955, -6.4835, -19.29112],
						"0.6667": [-11.01357, -5.54991, -14.35177],
						"0.7083": [-10.4955, -6.4835, -19.29112],
						"0.8333": [-11.36145, 4.78945, 34.63606],
						"0.875": [-11.72906, 3.78813, 29.72352],
						"0.9167": [-11.36145, 4.78945, 34.63606],
						"1.0417": [-10.4955, -6.4835, -19.29112],
						"1.0833": [-11.01357, -5.54991, -14.35177],
						"1.125": [-10.4955, -6.4835, -19.29112],
						"2.0": [-10.4955, -6.4835, -19.29112],
						"2.1667": [-11.36145, 4.78945, 34.63606],
						"2.2083": [-11.72906, 3.78813, 29.72352],
						"2.25": [-11.36145, 4.78945, 34.63606],
						"2.375": [-12.19986, 1.70818, 19.9299],
						"2.4167": [-12.30034, 0.64664, 15.04278],
						"2.4583": [-12.19986, 1.70818, 19.9299]
					}
				},
				"leg1": {
					"rotation": {
						"0.0": [17.5, 0, 0],
						"0.75": [17.5, 0, 0],
						"1.0": [12.5, 0, 0],
						"2.0": [12.5, 0, 0],
						"2.5": [17.5, 0, 0]
					}
				},
				"lowerleg1": {
					"rotation": [17.5, 0, 0]
				},
				"foot1": {
					"rotation": [-5, 0, 0]
				},
				"leg2": {
					"rotation": {
						"0.0": [-10, 0, 0],
						"0.75": [-10, 0, 0],
						"1.0": [-22.5, 0, 0],
						"2.0": [-22.5, 0, 0],
						"2.5": [-10, 0, 0]
					}
				},
				"lowerleg2": {
					"rotation": [10, 0, 0]
				}
			}
		},
		"animation.maskylium.faint": {
			"loop": true,
			"animation_length": 4,
			"bones": {
				"body": {
					"rotation": {
						"0.0": [0, 0, 0],
						"0.75": [0, 0, 0],
						"1.0": [10, 0, 0],
						"2.0": [10, 0, 0],
						"2.5": [0, 0, 0]
					}
				},
				"torso": {
					"rotation": {
						"0.0": [17.5, 0, 0],
						"2.0": [12, 0, 0],
						"4.0": [17.5, 0, 0]
					}
				},
				"arm1": {
					"rotation": {
						"0.0": [18.75389, -10.63092, 23.48639],
						"0.75": [18.75389, -10.63092, 23.48639],
						"1.0833": [-20.1453, 20.10846, 23.92268],
						"2.0": [-20.1453, 20.10846, 23.92268],
						"2.1667": [18.75389, -10.63092, 23.48639]
					}
				},
				"lowerarm1": {
					"rotation": {
						"0.0": [0, 82.5, 0],
						"0.75": [0, 82.5, 0],
						"1.0833": [0, 100, 0],
						"1.3333": [0, 100, 0],
						"1.5": [0, 82.5, 0],
						"1.625": [0, 100, 0],
						"1.7917": [0, 82.5, 0],
						"1.875": [0, 100, 0],
						"2.5": [0, 82.5, 0]
					}
				},
				"arm2": {
					"rotation": {
						"0.0": [0, -5, -32.5],
						"1.0": [0, -5, -32.5],
						"1.3333": [0, 15, -32.5],
						"2.0": [0, 15, -32.5],
						"2.5": [0, -5, -32.5]
					}
				},
				"lowerarm2": {
					"rotation": {
						"0.0": [0, -65, 0],
						"1.0": [0, -65, 0],
						"1.3333": [0, -32.5, 0],
						"2.0": [0, -32.5, 0],
						"2.5": [0, -65, 0]
					}
				},
				"hat": {
					"rotation": [-35, 0, 0]
				},
				"hattip": {
					"rotation": {
						"0.75": [0, 0, 0],
						"0.875": [-20, 0, 0],
						"1.0": [-20, 0, 0],
						"1.0833": [-10, 0, 0],
						"1.2083": [-15, 0, 0],
						"2.0": [-15, 0, 0],
						"2.5": [0, 0, 0]
					}
				},
				"mask": {
					"rotation": {
						"0.0": [-12.19986, 1.70818, 19.9299],
						"0.5": [-12.2, 1.71, 19.93],
						"0.625": [-10.4955, -6.4835, -19.29112],
						"0.6667": [-11.01357, -5.54991, -14.35177],
						"0.7083": [-10.4955, -6.4835, -19.29112],
						"0.8333": [-11.36145, 4.78945, 34.63606],
						"0.875": [-11.72906, 3.78813, 29.72352],
						"0.9167": [-11.36145, 4.78945, 34.63606],
						"1.0417": [-10.4955, -6.4835, -19.29112],
						"1.0833": [-11.01357, -5.54991, -14.35177],
						"1.125": [-10.4955, -6.4835, -19.29112],
						"2.0": [-10.4955, -6.4835, -19.29112],
						"2.1667": [-11.36145, 4.78945, 34.63606],
						"2.2083": [-11.72906, 3.78813, 29.72352],
						"2.25": [-11.36145, 4.78945, 34.63606],
						"2.375": [-12.19986, 1.70818, 19.9299],
						"2.4167": [-12.30034, 0.64664, 15.04278],
						"2.4583": [-12.19986, 1.70818, 19.9299]
					}
				},
				"leg1": {
					"rotation": {
						"0.0": [17.5, 0, 0],
						"0.75": [17.5, 0, 0],
						"1.0": [12.5, 0, 0],
						"2.0": [12.5, 0, 0],
						"2.5": [17.5, 0, 0]
					}
				},
				"lowerleg1": {
					"rotation": [17.5, 0, 0]
				},
				"foot1": {
					"rotation": [-5, 0, 0]
				},
				"leg2": {
					"rotation": {
						"0.0": [-10, 0, 0],
						"0.75": [-10, 0, 0],
						"1.0": [-22.5, 0, 0],
						"2.0": [-22.5, 0, 0],
						"2.5": [-10, 0, 0]
					}
				},
				"lowerleg2": {
					"rotation": [10, 0, 0]
				}
			}
		},
		"animation.maskylium.ground_walk": {
			"loop": true,
			"animation_length": 1,
			"bones": {
				"body": {
					"rotation": {
						"0.0": [27.5, 0, 0],
						"1.0": [27.5, 0, 0]
					},
					"position": {
						"0.0": [0, 1, 0],
						"0.5": [0, 2, 0],
						"1.0": [0, 1, 0]
					}
				},
				"arm1": {
					"rotation": [-18.97287, 16.58974, 39.70889]
				},
				"lowerarm1": {
					"rotation": {
						"0.0": [0, -20, 0],
						"0.3333": [0, -10, 0],
						"0.7083": [0, -25, 0],
						"1.0": [0, -20, 0]
					}
				},
				"arm2": {
					"rotation": [-18.97287, -16.5897, -39.7089]
				},
				"lowerarm2": {
					"rotation": {
						"0.0": [0, 20, 0],
						"0.3333": [0, 10, 0],
						"0.7083": [0, 25, 0],
						"1.0": [0, 20, 0]
					}
				},
				"head": {
					"rotation": [-25, 0, 0]
				},
				"hat": {
					"rotation": [-25, 0, 0]
				},
				"hattip": {
					"rotation": {
						"0.0": [-15, 0, 0],
						"0.375": [-25, 0, 0],
						"0.6667": [-5, 0, 0],
						"1.0": [-15, 0, 0]
					}
				},
				"mask": {
					"position": {
						"0.0": [0, 0, 0],
						"0.25": [0, 0.5, 0],
						"0.5": [0, -0.5, 0],
						"0.75": [0, -1, 0],
						"1.0": [0, 0, 0]
					}
				},
				"lowertorso": {
					"rotation": [40, 0, 0]
				},
				"leg1": {
					"rotation": {
						"0.0": [-45, 0, 0],
						"0.3333": [-30, 0, 0],
						"0.6667": [-10, 0, 0],
						"1.0": [-45, 0, 0]
					}
				},
				"lowerleg1": {
					"rotation": {
						"0.0": [57.5, 0, 0],
						"0.5": [42.5, 0, 0],
						"1.0": [57.5, 0, 0]
					}
				},
				"foot1": {
					"rotation": {
						"0.0": [40, 0, 0],
						"0.5": [25, 0, 0],
						"0.75": [35, 0, 0],
						"1.0": [40, 0, 0]
					}
				},
				"leg2": {
					"rotation": {
						"0.0": [-35, 0, 0],
						"0.3333": [-40, 0, 0],
						"0.6667": [-22.5, 0, 0],
						"1.0": [-35, 0, 0]
					}
				},
				"lowerleg2": {
					"rotation": {
						"0.0": [92.5, 0, 0],
						"0.5": [77.5, 0, 0],
						"1.0": [92.5, 0, 0]
					}
				},
				"foot2": {
					"rotation": {
						"0.0": [-30, 0, 0],
						"0.625": [-20, 0, 0],
						"1.0": [-30, 0, 0]
					}
				}
			}
		},
		"animation.maskylium.sleep": {
			"loop": true,
			"animation_length": 4,
			"bones": {
				"body": {
					"position": [0, -4, 0]
				},
				"torso": {
					"rotation": {
						"0.0": [17.5, 0, 0],
						"2.0": [18.5, 0, 0],
						"4.0": [17.5, 0, 0]
					}
				},
				"arm1": {
					"rotation": [17.91705, 30.58184, 42.43576]
				},
				"lowerarm1": {
					"rotation": [162.08295, 30.58184, 147.56424]
				},
				"arm2": {
					"rotation": [13.99563, -32.85914, -40.78839]
				},
				"lowerarm2": {
					"rotation": [170.57039, -36.46498, -164.38751]
				},
				"hat": {
					"rotation": [-37.5, 0, 0]
				},
				"hattip": {
					"rotation": [-25, 0, 0]
				},
				"mask": {
					"rotation": {
						"0.0": [5, 0, 0],
						"2.0": [4, 0, 0],
						"4.0": [5, 0, 0]
					},
					"position": {
						"0.0": [0, 0, 0.5],
						"4.0": [0, 0, 0.5]
					}
				},
				"leg1": {
					"rotation": [-71.80856, -13.47157, 35.3335]
				},
				"lowerleg1": {
					"rotation": [4.11837, -47.05869, 33.38515]
				},
				"leg2": {
					"rotation": [-71.80856, 13.4716, -35.3335]
				},
				"lowerleg2": {
					"rotation": [4.11837, 47.0587, -33.3852]
				}
			}
		}
	}
}