{
	"format_version": "1.12.0",
	"minecraft:geometry": [
		{
			"description": {
				"identifier": "geometry.gomisa",
				"texture_width": 128,
				"texture_height": 128,
				"visible_bounds_width": 4,
				"visible_bounds_height": 4.5,
				"visible_bounds_offset": [0, 1.75, 0]
			},
			"bones": [
				{
					"name": "gomisa",
					"pivot": [0, 0, 0]
				},
				{
					"name": "head",
					"parent": "gomisa",
					"pivot": [0, 32, -0.375],
					"cubes": [
						{"origin": [-3, 32, -2.5], "size": [6, 7, 5], "uv": [11, 55]},
						{"origin": [1, 37, -1.5], "size": [4, 4, 3], "uv": [86, 62]},
						{"origin": [-2, 32, -8.5], "size": [4, 3, 6], "uv": [44, 56]},
						{"origin": [-5, 37, -1.5], "size": [4, 4, 3], "uv": [76, 50], "mirror": true}
					]
				},
				{
					"name": "bone",
					"parent": "gomisa",
					"pivot": [0, 9, 0],
					"cubes": [
						{"origin": [-7.5, 9, -6], "size": [15, 12, 12], "uv": [0, 0]},
						{"origin": [-6, 21, -4.5], "size": [12, 8, 9], "uv": [57, 4]},
						{"origin": [-4, 29, -3], "size": [8, 3, 6], "uv": [100, 17]}
					]
				},
				{
					"name": "left_leg",
					"parent": "gomisa",
					"pivot": [5.5, 13, 0],
					"cubes": [
						{"origin": [2, 6, -4], "size": [7, 7, 8], "uv": [38, 31]},
						{"origin": [3, 0, -3], "size": [5, 6, 6], "uv": [6, 34]}
					]
				},
				{
					"name": "right_leg",
					"parent": "gomisa",
					"pivot": [-5.5, 13, 0],
					"cubes": [
						{"origin": [-8, 0, -3], "size": [5, 6, 6], "uv": [8, 79], "mirror": true},
						{"origin": [-9, 6, -4], "size": [7, 7, 8], "uv": [38, 31], "mirror": true}
					]
				},
				{
					"name": "left_arm",
					"parent": "gomisa",
					"pivot": [6, 27.5, 0],
					"cubes": [
						{"origin": [6, 26, -2], "size": [7, 3, 4], "uv": [64, 74]}
					]
				},
				{
					"name": "bone2",
					"parent": "left_arm",
					"pivot": [13.5, 27.5, 0],
					"cubes": [
						{"origin": [13, 25, -3], "size": [7, 5, 6], "uv": [87, 87]}
					]
				},
				{
					"name": "right_arm",
					"parent": "gomisa",
					"pivot": [-6, 27.5, 0],
					"cubes": [
						{"origin": [-13, 26, -2], "size": [7, 3, 4], "uv": [73, 27], "mirror": true}
					]
				},
				{
					"name": "bone3",
					"parent": "right_arm",
					"pivot": [-13.5, 27.5, 0],
					"cubes": [
						{"origin": [-20, 25, -3], "size": [7, 5, 6], "uv": [96, 40], "mirror": true}
					]
				}
			]
		}
	]
}