{
	"format_version": "1.8.0",
	"animations": {
		"animation.learva.ground_idle": {
			"loop": true,
			"bones": {
				"body": {
					"position": [0, "0+math.sin(q.anim_time*90*0.8)*0.75", 0]
				},
				"leaf_front": {
					"rotation": ["15+math.sin(q.anim_time*90*0.8)*3", 0, 0]
				},
				"leaf_back": {
					"rotation": ["-5-math.sin(q.anim_time*90*0.8)*3", 0, 0]
				},
				"front_left_leg_top": {
					"rotation": [0, 0, "0+math.sin(q.anim_time*90*0.8)*6.75"],
					"position": [0, "0+math.sin(q.anim_time*90*0.8)*0.75", 0]
				},
				"front_left_leg_bottom": {
					"position": ["0-math.sin(q.anim_time*90*0.8)*0.15", 0, 0]
				},
				"front_right_leg_top": {
					"rotation": [0, 0, "0-math.sin(q.anim_time*90*0.8)*6.75"],
					"position": [0, "0+math.sin(q.anim_time*90*0.8)*0.75", 0]
				},
				"front_right_leg_bottom": {
					"position": ["0+math.sin(q.anim_time*90*0.8)*0.15", 0, 0]
				},
				"back_left_leg_top": {
					"rotation": [0, 0, "0+math.sin(q.anim_time*90*0.8)*6.75"],
					"position": [0, "0+math.sin(q.anim_time*90*0.8)*0.75", 0]
				},
				"back_left_leg_bottom": {
					"position": ["0-math.sin(q.anim_time*90*0.8)*0.15", 0, 0]
				},
				"back_right_leg_top": {
					"rotation": [0, 0, "0-math.sin(q.anim_time*90*0.8)*6.75"],
					"position": [0, "0+math.sin(q.anim_time*90*0.8)*0.75", 0]
				},
				"back_right_leg_bottom": {
					"position": ["0+math.sin(q.anim_time*90*0.8)*0.15", 0, 0]
				},
				"front_left_leg": {
					"rotation": [0, 30, 0]
				},
				"front_right_leg": {
					"rotation": [0, -30, 0]
				},
				"back_left_leg": {
					"rotation": [0, -30, 0]
				},
				"back_right_leg": {
					"rotation": [0, 30, 0]
				}
			}
		},
		"animation.learva.ground_walk": {
			"loop": true,
			"bones": {
				"body": {
					"position": [0, "0+math.cos(q.anim_time*90*4)*0.12", 0]
				},
				"leaf_front": {
					"rotation": ["15+math.sin(q.anim_time*90*4)*3.5", 0, 0]
				},
				"leaf_back": {
					"rotation": ["-5-math.sin(q.anim_time*90*4)*3.5", 0, 0]
				},
				"front_left_leg_top": {
					"rotation": [0, 0, "0+math.clamp((math.cos(q.anim_time*90*2)*25), -25, 7)"]
				},
				"front_left_leg_bottom": {
					"rotation": [0, 0, "0+math.clamp((math.cos(q.anim_time*90*2)*7), -7, 5)"],
					"position": [0, "0-math.clamp((math.cos(q.anim_time*90*2)*1.5), -2, 0)", 0]
				},
				"front_right_leg_top": {
					"rotation": [0, 0, "0-math.clamp((-math.cos(q.anim_time*90*2)*25), -25, 7)"]
				},
				"front_right_leg_bottom": {
					"rotation": [0, 0, "0-math.clamp((-math.cos(q.anim_time*90*2)*7), -7, 5)"],
					"position": [0, "0-math.clamp((-math.cos(q.anim_time*90*2)*1.5), -2, 0)", 0]
				},
				"back_left_leg_top": {
					"rotation": [0, 0, "0+math.clamp((-math.cos(q.anim_time*90*2)*25), -25, 7)"]
				},
				"back_left_leg_bottom": {
					"rotation": [0, 0, "0+math.clamp((-math.cos(q.anim_time*90*2)*7), -7, 5)"],
					"position": [0, "0-math.clamp((-math.cos(q.anim_time*90*2)*1.5), -2, 0)", 0]
				},
				"back_right_leg_top": {
					"rotation": [0, 0, "0-math.clamp((math.cos(q.anim_time*90*2)*25), -25, 7)"]
				},
				"back_right_leg_bottom": {
					"rotation": [0, 0, "0-math.clamp((math.cos(q.anim_time*90*2)*7), -7, 5)"],
					"position": [0, "0-math.clamp((math.cos(q.anim_time*90*2)*1.5), -2, 0)", 0]
				},
				"front_left_leg": {
					"rotation": [0, "30-math.sin(q.anim_time*90*2)*45", 0]
				},
				"front_right_leg": {
					"rotation": [0, "-30-math.sin(q.anim_time*90*2)*45", 0]
				},
				"back_left_leg": {
					"rotation": [0, "-30+math.sin(q.anim_time*90*2)*45", 0]
				},
				"back_right_leg": {
					"rotation": [0, "30+math.sin(q.anim_time*90*2)*45", 0]
				}
			}
		},
		"animation.learva.blink": {
			"animation_length": 0.16,
			"bones": {
				"left_eyelid": {
					"position": {
						"0.0": [1, 0, 0],
						"0.16": {"pre": [1, 0, 0], "post": [0, 0, 0]}
					}
				},
				"right_eyelid": {
					"position": {
						"0.0": [-1, 0, 0],
						"0.16": {"pre": [-1, 0, 0], "post": [0, 0, 0]}
					}
				}
			}
		},
		"animation.learva.cry": {
			"animation_length": 1.52,
			"bones": {
				"body": {
					"rotation": {
						"0.0": {
							"post": [5, 0, 0],
							"lerp_mode": "catmullrom"
						},
						"0.08": {
							"post": [-6, 0, 0],
							"lerp_mode": "catmullrom"
						},
						"0.24": {
							"post": [-11, 15, 0],
							"lerp_mode": "catmullrom"
						},
						"0.6": [-17, 15, 0],
						"0.92": [-17, -15, 0],
						"1.28": {
							"pre": [-11, -15, 0],
							"post": [-11, -15, 0],
							"lerp_mode": "catmullrom"
						},
						"1.44": {
							"post": [-6, 0, 0],
							"lerp_mode": "catmullrom"
						},
						"1.52": [0, 0, 0]
					},
					"position": {
						"0.0": {
							"post": [0, 0, 0],
							"lerp_mode": "catmullrom"
						},
						"0.32": {
							"post": [0, 0.45, 0],
							"lerp_mode": "catmullrom"
						},
						"1.44": {
							"post": [0, 0.45, 0],
							"lerp_mode": "catmullrom"
						},
						"1.52": [0, 0, 0]
					}
				},
				"leaf_front": {
					"rotation": {
						"0.0": {
							"post": [15, 0, 0],
							"lerp_mode": "catmullrom"
						},
						"0.32": {
							"post": [22, 0, 0],
							"lerp_mode": "catmullrom"
						},
						"0.96": {
							"post": [8, 0, 0],
							"lerp_mode": "catmullrom"
						},
						"1.2": {
							"post": [2, 0, 0],
							"lerp_mode": "catmullrom"
						},
						"1.52": {
							"post": [15, 0, 0],
							"lerp_mode": "catmullrom"
						}
					}
				},
				"leaf_back": {
					"rotation": {
						"0.0": {
							"post": [-5, 0, 0],
							"lerp_mode": "catmullrom"
						},
						"0.32": {
							"post": [-10, 0, 0],
							"lerp_mode": "catmullrom"
						},
						"1.2": {
							"post": [-10, 0, 0],
							"lerp_mode": "catmullrom"
						},
						"1.52": {
							"post": [-5, 0, 0],
							"lerp_mode": "catmullrom"
						}
					}
				},
				"left_eyelid": {
					"position": {
						"0.0": [1, 0, 0],
						"0.12": {"pre": [1, 0, 0], "post": [0, 0, 0]}
					}
				},
				"right_eyelid": {
					"position": {
						"0.0": [-1, 0, 0],
						"0.12": {"pre": [-1, 0, 0], "post": [0, 0, 0]}
					}
				},
				"closed_mouth": {
					"rotation": {
						"0.0": [0, 0, 0],
						"0.16": {"pre": [0, 0, 0], "post": [0, 90, 0]},
						"1.2": {"pre": [0, 90, 0], "post": [0, 90, 0]},
						"1.36": {"pre": [0, 90, 0], "post": [0, 0, 0]}
					},
					"position": {
						"0.0": [0, 0, 0],
						"0.16": {"pre": [0, 0, 0], "post": [0, 1, 3]},
						"1.2": {"pre": [0, 1, 3], "post": [0, 1, 3]},
						"1.36": {"pre": [0, 1, 3], "post": [0, 0, 0]}
					}
				},
				"open_mouth": {
					"rotation": {
						"0.0": [0, 0, 0],
						"0.16": {"pre": [0, 0, 0], "post": [0, 90, 0]},
						"1.2": {"pre": [0, 90, 0], "post": [0, 90, 0]},
						"1.36": {"pre": [0, 90, 0], "post": [0, 0, 0]}
					},
					"position": {
						"0.0": [0, 0, 0],
						"0.16": {"pre": [0, 0, 0], "post": [0, -1, -3]},
						"1.2": {"pre": [0, -1, -3], "post": [0, -1, -3]},
						"1.36": {"pre": [0, -1, -3], "post": [0, 0, 0]}
					}
				},
				"front_left_leg": {
					"rotation": {
						"0.0": {
							"post": [0, 30, 0],
							"lerp_mode": "catmullrom"
						},
						"0.08": {
							"post": [0, 30, 0],
							"lerp_mode": "catmullrom"
						},
						"0.24": {
							"post": [0, 0, 0],
							"lerp_mode": "catmullrom"
						},
						"0.6": [-5, -2.57, 0],
						"0.92": [0, 7.44, 0],
						"1.28": {
							"pre": [0, 20, 0],
							"post": [0, 20, 0],
							"lerp_mode": "catmullrom"
						},
						"1.52": [0, 30, 0]
					},
					"position": {
						"0.0": {
							"post": [0, 0, 0],
							"lerp_mode": "catmullrom"
						},
						"0.08": {
							"post": [0, 0, 0],
							"lerp_mode": "catmullrom"
						},
						"0.24": {
							"post": [0, 0.4, -1],
							"lerp_mode": "catmullrom"
						},
						"0.6": [0, 0.53, -1.24],
						"0.92": [0, 0.67, 0.93],
						"1.28": {
							"pre": [0, 0.6, 1],
							"post": [0, 0.6, 1],
							"lerp_mode": "catmullrom"
						},
						"1.52": [0, 0, 0]
					}
				},
				"front_right_leg": {
					"rotation": {
						"0.0": {
							"post": [0, -30, 0],
							"lerp_mode": "catmullrom"
						},
						"0.08": {
							"post": [0, -30, 0],
							"lerp_mode": "catmullrom"
						},
						"0.24": {
							"post": [-15, -42.5, 25],
							"lerp_mode": "catmullrom"
						},
						"0.6": [-5, -30, 0],
						"0.92": [-12.5, -30, 0],
						"1.28": {
							"pre": [-5, -30, 0],
							"post": [-5, -30, 0],
							"lerp_mode": "catmullrom"
						},
						"1.44": {
							"post": [0, -30, 0],
							"lerp_mode": "catmullrom"
						},
						"1.52": [0, -30, 0]
					},
					"position": {
						"0.0": {
							"post": [0, 0, 0],
							"lerp_mode": "catmullrom"
						},
						"0.08": {
							"post": [0, 0, 0],
							"lerp_mode": "catmullrom"
						},
						"0.24": {
							"post": [0, 0.4, 1],
							"lerp_mode": "catmullrom"
						},
						"0.6": [0, 0.4, 1],
						"0.92": [0, 0.5, -1.4],
						"1.28": {
							"pre": [0, 0.4, -1.3],
							"post": [0, 0.4, -1.3],
							"lerp_mode": "catmullrom"
						},
						"1.44": {
							"post": [0, 0.4, 0],
							"lerp_mode": "catmullrom"
						},
						"1.52": [0, 0, 0]
					}
				},
				"back_left_leg": {
					"rotation": {
						"0.0": {
							"post": [0, -30, 0],
							"lerp_mode": "catmullrom"
						},
						"0.08": {
							"post": [0, -30, 0],
							"lerp_mode": "catmullrom"
						},
						"0.24": {
							"post": [0, -30, 0],
							"lerp_mode": "catmullrom"
						},
						"0.6": [-10, -37.5, 0],
						"0.92": [0, 5, 0],
						"1.28": {
							"pre": [0, -15, 0],
							"post": [0, -15, 0],
							"lerp_mode": "catmullrom"
						},
						"1.44": {
							"post": [0, -25, 0],
							"lerp_mode": "catmullrom"
						},
						"1.52": [0, -30, 0]
					},
					"position": {
						"0.0": {
							"post": [0, 0, 0],
							"lerp_mode": "catmullrom"
						},
						"0.08": {
							"post": [0, 0, 0],
							"lerp_mode": "catmullrom"
						},
						"0.24": {
							"post": [1.3, 0, -0.9],
							"lerp_mode": "catmullrom"
						},
						"0.6": [1.3, 0, -0.8],
						"0.92": [-0.8, 0, 1.1],
						"1.28": {
							"pre": [-1.1, 0, 1.2],
							"post": [-1.1, 0, 1.2],
							"lerp_mode": "catmullrom"
						},
						"1.44": {
							"post": [0, 0, 0.2],
							"lerp_mode": "catmullrom"
						},
						"1.52": [0, 0, 0]
					}
				},
				"back_right_leg": {
					"rotation": {
						"0.0": {
							"post": [0, 30, 0],
							"lerp_mode": "catmullrom"
						},
						"0.08": {
							"post": [0, 30, 0],
							"lerp_mode": "catmullrom"
						},
						"0.24": {
							"post": [0, 20, 0],
							"lerp_mode": "catmullrom"
						},
						"0.6": [0, -10, 0],
						"0.92": [0, 20, 0],
						"1.28": {
							"pre": [0, 25, 0],
							"post": [0, 25, 0],
							"lerp_mode": "catmullrom"
						},
						"1.44": {
							"post": [0, 28, 0],
							"lerp_mode": "catmullrom"
						},
						"1.52": [0, 30, 0]
					},
					"position": {
						"0.0": {
							"post": [0, 0, 0],
							"lerp_mode": "catmullrom"
						},
						"0.08": {
							"post": [0, 0, 0],
							"lerp_mode": "catmullrom"
						},
						"0.24": {
							"post": [1.1, 0, 1.5],
							"lerp_mode": "catmullrom"
						},
						"0.6": [1.1, 0, 1.1],
						"0.92": [-1.4, 0, -0.9],
						"1.28": {
							"pre": [-1.4, 0, -0.9],
							"post": [-1.4, 0, -0.9],
							"lerp_mode": "catmullrom"
						},
						"1.44": {
							"post": [-0.3, 0, 0.1],
							"lerp_mode": "catmullrom"
						},
						"1.52": [0, 0, 0]
					}
				},
				"front_left_leg_top": {
					"rotation": {
						"0.0": {
							"post": [0, 0, -7.5],
							"lerp_mode": "catmullrom"
						},
						"0.08": {
							"post": [0, 0, -7.5],
							"lerp_mode": "catmullrom"
						},
						"0.24": {
							"post": [0, 0, 3.75],
							"lerp_mode": "catmullrom"
						},
						"0.6": [0, 0, 9.5],
						"0.92": [0, 0, 20],
						"1.28": {
							"pre": [0, 0, 10],
							"post": [0, 0, 10],
							"lerp_mode": "catmullrom"
						},
						"1.52": [0, 0, -7.5]
					}
				},
				"front_left_leg_bottom": {
					"rotation": {
						"0.0": {
							"post": [0, 0, 10],
							"lerp_mode": "catmullrom"
						},
						"0.08": {
							"post": [0, 0, 10],
							"lerp_mode": "catmullrom"
						},
						"0.24": {
							"post": [0, 0, -5],
							"lerp_mode": "catmullrom"
						},
						"0.6": [0, 0, -10],
						"0.92": [0, 0, -15.1],
						"1.28": {
							"pre": [0, 0, 6],
							"post": [0, 0, 6],
							"lerp_mode": "catmullrom"
						},
						"1.52": [0, 0, 10]
					},
					"position": {
						"0.0": {
							"post": [0, 0.3, 0],
							"lerp_mode": "catmullrom"
						},
						"0.08": {
							"post": [0, 0.3, 0],
							"lerp_mode": "catmullrom"
						},
						"0.24": {
							"post": [0, -0.5, 0],
							"lerp_mode": "catmullrom"
						},
						"0.6": [0, -0.6, 0],
						"0.92": [-0.4, -1.2, 0],
						"1.28": {
							"pre": [0, -0.5, 0],
							"post": [0, -0.5, 0],
							"lerp_mode": "catmullrom"
						},
						"1.52": [0, 0.3, 0]
					}
				},
				"front_right_leg_top": {
					"rotation": {
						"0.0": {
							"post": [0, 0, 7.5],
							"lerp_mode": "catmullrom"
						},
						"0.08": {
							"post": [0, 0, 7.5],
							"lerp_mode": "catmullrom"
						},
						"0.24": {
							"post": [0, 0, -15],
							"lerp_mode": "catmullrom"
						},
						"0.6": [0, 0, 5],
						"0.92": [0, 0, 0],
						"1.28": {
							"pre": [0, 0, 5],
							"post": [0, 0, 5],
							"lerp_mode": "catmullrom"
						},
						"1.44": {
							"post": [0, 0, 6],
							"lerp_mode": "catmullrom"
						},
						"1.52": [0, 0, 7.5]
					}
				},
				"front_right_leg_bottom": {
					"rotation": {
						"0.0": {
							"post": [0, 0, -10],
							"lerp_mode": "catmullrom"
						},
						"0.08": {
							"post": [0, 0, -10],
							"lerp_mode": "catmullrom"
						},
						"0.24": {
							"post": [0, 0, 20],
							"lerp_mode": "catmullrom"
						},
						"0.6": [0, 0, -5],
						"0.92": [0, 0, -7.5],
						"1.28": {
							"pre": [0, 0, -8],
							"post": [0, 0, -8],
							"lerp_mode": "catmullrom"
						},
						"1.44": {
							"post": [0, 0, -10],
							"lerp_mode": "catmullrom"
						},
						"1.52": [0, 0, -10]
					},
					"position": {
						"0.0": {
							"post": [0, 0.3, 0],
							"lerp_mode": "catmullrom"
						},
						"0.08": {
							"post": [0, 0.3, 0],
							"lerp_mode": "catmullrom"
						},
						"0.24": {
							"post": [0, -1, 0],
							"lerp_mode": "catmullrom"
						},
						"0.6": [-0.2, -0.3, 0],
						"0.92": [-0.1, -0.5, 0],
						"1.28": {
							"pre": [0, -0.3, 0],
							"post": [0, -0.3, 0],
							"lerp_mode": "catmullrom"
						},
						"1.44": {
							"post": [0, -0.1, 0],
							"lerp_mode": "catmullrom"
						},
						"1.52": [0, 0.3, 0]
					}
				},
				"back_left_leg_top": {
					"rotation": {
						"0.0": {
							"post": [0, 0, 17.5],
							"lerp_mode": "catmullrom"
						},
						"0.08": {
							"post": [0, 0, -10],
							"lerp_mode": "catmullrom"
						},
						"0.24": {
							"post": [0, 0, -10],
							"lerp_mode": "catmullrom"
						},
						"0.6": [0, 0, -5],
						"0.92": [0, 0, -15],
						"1.28": {
							"pre": [0, 0, -5.5],
							"post": [0, 0, -5.5],
							"lerp_mode": "catmullrom"
						},
						"1.44": {
							"post": [0, 0, 0],
							"lerp_mode": "catmullrom"
						},
						"1.52": [0, 0, 17.5]
					},
					"position": {
						"0.0": {
							"post": [0, 1.1, 0],
							"lerp_mode": "catmullrom"
						},
						"0.08": {
							"post": [0, 0, 0],
							"lerp_mode": "catmullrom"
						},
						"0.24": {
							"post": [0, 0, 0],
							"lerp_mode": "catmullrom"
						},
						"0.6": [0, 0, 0],
						"0.92": [0, -0.5, 0],
						"1.28": {
							"pre": [0, -0.25, 0],
							"post": [0, -0.25, 0],
							"lerp_mode": "catmullrom"
						},
						"1.44": {
							"post": [0, 0, 0],
							"lerp_mode": "catmullrom"
						},
						"1.52": [0, 1.1, 0]
					}
				},
				"back_left_leg_bottom": {
					"rotation": {
						"0.0": {
							"post": [0, 0, 0],
							"lerp_mode": "catmullrom"
						},
						"0.08": {
							"post": [0, 0, 15],
							"lerp_mode": "catmullrom"
						},
						"0.24": {
							"post": [0, 0, 15],
							"lerp_mode": "catmullrom"
						},
						"0.6": [0, 0, -5],
						"0.92": [0, 0, -15],
						"1.28": {
							"pre": [0, 0, -5],
							"post": [0, 0, -5],
							"lerp_mode": "catmullrom"
						},
						"1.44": {
							"post": [0, 0, 0],
							"lerp_mode": "catmullrom"
						},
						"1.52": [0, 0, 0]
					},
					"position": {
						"0.0": {
							"post": [-0.2, 0, 0],
							"lerp_mode": "catmullrom"
						},
						"0.08": {
							"post": [0, 0.3, 0],
							"lerp_mode": "catmullrom"
						},
						"0.24": {
							"post": [0, 0.3, 0],
							"lerp_mode": "catmullrom"
						},
						"0.6": [0, -0.1, 0],
						"0.92": [0.1, -0.2, 0],
						"1.28": {
							"pre": [0.1, -0.2, 0],
							"post": [0.1, -0.2, 0],
							"lerp_mode": "catmullrom"
						},
						"1.44": {
							"post": [0, 0, 0],
							"lerp_mode": "catmullrom"
						},
						"1.52": [-0.2, 0, 0]
					}
				},
				"back_right_leg_top": {
					"rotation": {
						"0.0": {
							"post": [0, 0, -17.5],
							"lerp_mode": "catmullrom"
						},
						"0.08": {
							"post": [0, 0, 10],
							"lerp_mode": "catmullrom"
						},
						"0.24": {
							"post": [0, 0, 10],
							"lerp_mode": "catmullrom"
						},
						"0.6": [0, 0, -5],
						"0.92": [0, 0, 12],
						"1.28": {
							"pre": [0, 0, 5],
							"post": [0, 0, 5],
							"lerp_mode": "catmullrom"
						},
						"1.44": {
							"post": [0, 0, -6],
							"lerp_mode": "catmullrom"
						},
						"1.52": [0, 0, -17.5]
					},
					"position": {
						"0.0": {
							"post": [0, 1.1, 0],
							"lerp_mode": "catmullrom"
						},
						"0.08": {
							"post": [0, 0, 0],
							"lerp_mode": "catmullrom"
						},
						"0.24": {
							"post": [0, 0, 0],
							"lerp_mode": "catmullrom"
						},
						"0.6": [0, 0, 0],
						"0.92": [0, 0, 0],
						"1.28": {
							"pre": [0, 0, 0],
							"post": [0, 0, 0],
							"lerp_mode": "catmullrom"
						},
						"1.44": {
							"post": [0, 0.5, 0],
							"lerp_mode": "catmullrom"
						},
						"1.52": [0, 1.1, 0]
					}
				},
				"back_right_leg_bottom": {
					"rotation": {
						"0.0": {
							"post": [0, 0, 0],
							"lerp_mode": "catmullrom"
						},
						"0.08": {
							"post": [0, 0, -15],
							"lerp_mode": "catmullrom"
						},
						"0.24": {
							"post": [0, 0, -5],
							"lerp_mode": "catmullrom"
						},
						"0.6": [0, 0, 12.5],
						"0.92": [0, 0, -25],
						"1.28": {
							"pre": [0, 0, -18.5],
							"post": [0, 0, -18.5],
							"lerp_mode": "catmullrom"
						},
						"1.44": {
							"post": [0, 0, 2.5],
							"lerp_mode": "catmullrom"
						},
						"1.52": [0, 0, 0]
					},
					"position": {
						"0.0": {
							"post": [0.2, 0, 0],
							"lerp_mode": "catmullrom"
						},
						"0.08": {
							"post": [0, 0.3, 0],
							"lerp_mode": "catmullrom"
						},
						"0.24": {
							"post": [0, 0.1, 0],
							"lerp_mode": "catmullrom"
						},
						"0.6": [-0.2, -0.3, 0],
						"0.92": [-0.1, 0.5, 0],
						"1.28": {
							"pre": [-0.1, 0, 0],
							"post": [-0.1, 0, 0],
							"lerp_mode": "catmullrom"
						},
						"1.44": {
							"post": [0.1, -0.1, 0],
							"lerp_mode": "catmullrom"
						},
						"1.52": [0.2, 0, 0]
					}
				}
			}
		}
	}
}