{
	"format_version": "1.12.0",
	"minecraft:geometry": [
		{
			"description": {
				"identifier": "geometry.dishika",
				"texture_width": 128,
				"texture_height": 128,
				"visible_bounds_width": 4,
				"visible_bounds_height": 6.5,
				"visible_bounds_offset": [0, 2.75, 0]
			},
			"bones": [
				{
					"name": "dishika",
					"pivot": [0, 0, 0]
				},
				{
					"name": "bone3",
					"parent": "dishika",
					"pivot": [0, 1.19, 0]
				},
				{
					"name": "bone",
					"parent": "bone3",
					"pivot": [0, -0.2575, 0.0325],
					"cubes": [
						{"origin": [-5, 13.5, -8.5], "size": [10, 10, 20], "uv": [0, 0]}
					]
				},
				{
					"name": "neck",
					"parent": "bone",
					"pivot": [0, 20.5275, -5.95],
					"rotation": [7.5, 0, 0],
					"cubes": [
						{"origin": [-3.5, 15.7675, -8.925], "size": [7, 13, 7], "uv": [10, 66], "mirror": true}
					]
				},
				{
					"name": "head",
					"parent": "neck",
					"pivot": [0, 28.6675, -5.355],
					"cubes": [
						{"origin": [-4.5, 27.5, -10.5], "size": [9, 9, 9], "uv": [73, 9]},
						{"origin": [1.165, 35.9975, -8.0325], "size": [3, 11, 3], "uv": [49, 3]},
						{"origin": [6.165, 43.9975, -8.0325], "size": [3, 6, 3], "uv": [64, 4]},
						{"origin": [4.165, 40.9975, -8.0325], "size": [7, 3, 3], "uv": [105, 4]},
						{"origin": [10.565, 41.05, -8], "size": [7, 3, 3], "pivot": [11, 42.4975, -6.5325], "rotation": [0, 0, -20], "uv": [105, 4]},
						{"origin": [-3, 28, -15.5], "size": [6, 5, 5], "uv": [77, 34]},
						{"origin": [-17.565, 41.05, -8], "size": [7, 3, 3], "pivot": [-11, 42.4975, -6.5325], "rotation": [0, 0, 20], "uv": [105, 4], "mirror": true},
						{"origin": [-9.165, 43.9975, -8.0325], "size": [3, 6, 3], "uv": [64, 4], "mirror": true},
						{"origin": [-11.165, 40.9975, -8.0325], "size": [7, 3, 3], "uv": [105, 4], "mirror": true},
						{"origin": [-4.165, 35.9975, -8.0325], "size": [3, 11, 3], "uv": [49, 3], "mirror": true}
					]
				},
				{
					"name": "ear",
					"parent": "head",
					"pivot": [-2.38, 33.6175, -4.165],
					"rotation": [11.75595, 27.35719, 47.93838],
					"cubes": [
						{"origin": [-10.71, 31.2375, -5.355], "size": [9, 5, 1], "uv": [62, 58]}
					]
				},
				{
					"name": "ear2",
					"parent": "head",
					"pivot": [2.38, 33.6175, -4.165],
					"rotation": [11.75595, -27.35719, -47.93838],
					"cubes": [
						{"origin": [1.71, 31.2375, -5.355], "size": [9, 5, 1], "uv": [62, 58], "mirror": true}
					]
				},
				{
					"name": "tail",
					"parent": "bone",
					"pivot": [0, 20.42, 11.305],
					"rotation": [7.5, 0, 0],
					"cubes": [
						{"origin": [0, 17.84144, 10.84053], "size": [0, 8, 11], "uv": [38, 33]}
					]
				},
				{
					"name": "leg",
					"parent": "bone",
					"pivot": [3.855, 18.2225, -4.735],
					"cubes": [
						{"origin": [1.355, 1.2225, -7.735], "size": [5, 18, 6], "uv": [6, 33], "mirror": true},
						{"origin": [0.355, 0.2225, -8.735], "size": [7, 4, 8], "uv": [95, 49], "mirror": true}
					]
				},
				{
					"name": "leg2",
					"parent": "bone",
					"pivot": [3.855, 18.2225, 7.265],
					"cubes": [
						{"origin": [1.355, 1.2225, 4.265], "size": [5, 18, 6], "uv": [6, 33], "mirror": true},
						{"origin": [0.355, 0.2225, 3.265], "size": [7, 4, 8], "uv": [95, 49], "mirror": true}
					]
				},
				{
					"name": "leg3",
					"parent": "bone",
					"pivot": [-3.855, 18.2225, -4.735],
					"cubes": [
						{"origin": [-7.355, 0.2225, -8.735], "size": [7, 4, 8], "uv": [95, 49]},
						{"origin": [-6.355, 1.2225, -7.735], "size": [5, 18, 6], "uv": [6, 33]}
					]
				},
				{
					"name": "leg5",
					"parent": "bone",
					"pivot": [-3.855, 18.2225, 7.265],
					"cubes": [
						{"origin": [-7.355, 0.2225, 3.265], "size": [7, 4, 8], "uv": [95, 49]},
						{"origin": [-6.355, 1.2225, 4.265], "size": [5, 18, 6], "uv": [6, 33]}
					]
				}
			]
		}
	]
}