{
	"format_version": "1.12.0",
	"minecraft:geometry": [
		{
			"description": {
				"identifier": "geometry.dandepuff",
				"texture_width": 64,
				"texture_height": 64,
				"visible_bounds_width": 3,
				"visible_bounds_height": 3.5,
				"visible_bounds_offset": [0, 1.25, 0]
			},
			"bones": [
				{
					"name": "dandepuff",
					"pivot": [0, 0, 0]
				},
				{
					"name": "bone",
					"parent": "dandepuff",
					"pivot": [0, 6, 0],
					"cubes": [
						{"origin": [-5, 6, -3], "size": [10, 14, 7], "uv": [0, 0]},
						{"origin": [-4, 20, -2], "size": [8, 2, 5], "uv": [36, 0]}
					]
				},
				{
					"name": "tail",
					"parent": "bone",
					"pivot": [0, 8, 4],
					"cubes": [
						{"origin": [-1, 7, 3], "size": [2, 2, 3], "uv": [12, 39]},
						{"origin": [-2, 6, 6], "size": [4, 4, 4], "uv": [24, 41]}
					]
				},
				{
					"name": "head",
					"parent": "dandepuff",
					"pivot": [0, 22, 0.5],
					"cubes": [
						{"origin": [-4.5, 22, -4], "size": [9, 9, 9], "uv": [28, 14]},
						{"origin": [2.5, 30.5, -2], "size": [5, 0, 5], "pivot": [5.5, 31, 0.5], "rotation": [0, 0, 40], "uv": [6, 29]},
						{"origin": [-7.5, 30.5, -2], "size": [5, 0, 5], "pivot": [-5.5, 31, 0.5], "rotation": [0, 0, -40], "uv": [6, 29], "mirror": true}
					]
				},
				{
					"name": "leg",
					"parent": "dandepuff",
					"pivot": [-2.5, 6, 0.5],
					"cubes": [
						{"origin": [-4, 0, -1], "size": [3, 6, 3], "uv": [44, 36]}
					]
				},
				{
					"name": "leg2",
					"parent": "dandepuff",
					"pivot": [2.5, 6, 0.5],
					"cubes": [
						{"origin": [1, 0, -1], "size": [3, 6, 3], "uv": [44, 36], "mirror": true}
					]
				}
			]
		}
	]
}