{
	"format_version": "1.12.0",
	"minecraft:geometry": [
		{
			"description": {
				"identifier": "geometry.unknown",
				"texture_width": 64,
				"texture_height": 64,
				"visible_bounds_width": 3,
				"visible_bounds_height": 2.5,
				"visible_bounds_offset": [0, 0.75, 0]
			},
			"bones": [
				{
					"name": "whole",
					"pivot": [0, 0, 0]
				},
				{
					"name": "body",
					"parent": "whole",
					"pivot": [0, 3, 0],
					"cubes": [
						{"origin": [-3.5, 3, -5], "size": [7, 7, 10], "uv": [0, 0]},
						{"origin": [-4, 2.5, -4.25], "size": [8, 8, 2], "uv": [24, 0]},
						{"origin": [-4, 2.5, -1.25], "size": [8, 8, 2], "uv": [20, 17]},
						{"origin": [-4, 2.5, 1.75], "size": [8, 8, 2], "uv": [0, 17]}
					]
				},
				{
					"name": "antenna",
					"parent": "body",
					"pivot": [0, 3, 0]
				},
				{
					"name": "leftantennae",
					"parent": "antenna",
					"pivot": [1.525, 8.5, -5],
					"cubes": [
						{"origin": [1.525, 8, -8], "size": [0, 2, 3], "uv": [0, 2]}
					]
				},
				{
					"name": "rightantennae",
					"parent": "antenna",
					"pivot": [-1.525, 8.5, -5],
					"cubes": [
						{"origin": [-1.525, 8, -8], "size": [0, 2, 3], "uv": [0, 0]}
					]
				},
				{
					"name": "wings",
					"parent": "body",
					"pivot": [0, 3, 0]
				},
				{
					"name": "leftwing",
					"parent": "wings",
					"pivot": [3.5, 10, -1.75],
					"rotation": [0, 0, -15],
					"cubes": [
						{"origin": [3.5, 10, -2], "size": [5, 0, 6], "pivot": [3.5, 10, 0], "rotation": [-9.29839, 27.90034, -27.25555], "uv": [10, 27]}
					]
				},
				{
					"name": "rightwing",
					"parent": "wings",
					"pivot": [-3.5, 10, -0.5],
					"cubes": [
						{"origin": [-7.69336, 11.30651, -2.85505], "size": [5, 0, 6], "pivot": [-5.46836, 11.30651, -0.85505], "rotation": [5, -27.5, 27.5], "uv": [0, 27]}
					]
				},
				{
					"name": "stinger",
					"parent": "body",
					"pivot": [0, 6.5, 5],
					"cubes": [
						{"origin": [0, 6, 5], "size": [0, 1, 2], "uv": [0, 0]}
					]
				},
				{
					"name": "feetsies",
					"parent": "body",
					"pivot": [0, 4, 0]
				},
				{
					"name": "leftfeetsies",
					"parent": "feetsies",
					"pivot": [0, 3, 0.5]
				},
				{
					"name": "frontleftfootsy",
					"parent": "leftfeetsies",
					"pivot": [0, 3, -0.5],
					"cubes": [
						{"origin": [1, 1.5, -2.5], "size": [1, 2, 0], "pivot": [1.5, 3.5, -2.5], "rotation": [20, 0, 0], "uv": [4, 29]}
					]
				},
				{
					"name": "midleftfootsy",
					"parent": "leftfeetsies",
					"pivot": [0, 3, 1.5],
					"cubes": [
						{"origin": [1, 1.5, -0.5], "size": [1, 2, 0], "pivot": [1.5, 3.5, -0.5], "rotation": [20, 0, 0], "uv": [4, 27]}
					]
				},
				{
					"name": "backleftfootsy",
					"parent": "leftfeetsies",
					"pivot": [0, 3, 3.5],
					"cubes": [
						{"origin": [1, 1.5, 1.5], "size": [1, 2, 0], "pivot": [1.5, 3.5, 1.5], "rotation": [20, 0, 0], "uv": [24, 0]}
					]
				},
				{
					"name": "rightfeetsies",
					"parent": "feetsies",
					"pivot": [0, 3, 0.5]
				},
				{
					"name": "frontrightfootsy",
					"parent": "rightfeetsies",
					"pivot": [0, 3, -0.5],
					"cubes": [
						{"origin": [-2, 1.5, -2.5], "size": [1, 2, 0], "pivot": [-1.5, 3.5, -2.5], "rotation": [20, 0, 0], "uv": [20, 17]}
					]
				},
				{
					"name": "midrightfootsy",
					"parent": "rightfeetsies",
					"pivot": [0, 3, 1.5],
					"cubes": [
						{"origin": [-2, 1.5, -0.5], "size": [1, 2, 0], "pivot": [-1.5, 3.5, -0.5], "rotation": [20, 0, 0], "uv": [18, 17]}
					]
				},
				{
					"name": "backrightfootsy",
					"parent": "rightfeetsies",
					"pivot": [0, 3, 3.5],
					"cubes": [
						{"origin": [-2, 1.5, 1.5], "size": [1, 2, 0], "pivot": [-1.5, 3.5, 1.5], "rotation": [20, 0, 0], "uv": [0, 17]}
					]
				},
				{
					"name": "goggles",
					"parent": "body",
					"pivot": [0, 3, 0],
					"cubes": [
						{"origin": [-0.5, 5.25, -5.25], "size": [1, 1, 0], "uv": [5, 0]}
					]
				},
				{
					"name": "rightgoggle",
					"parent": "goggles",
					"pivot": [-0.25, 3.25, -0.25],
					"cubes": [
						{"origin": [-4.5, 3.25, -5.5], "size": [1, 5, 1], "uv": [30, 27]},
						{"origin": [-1.5, 3.25, -5.5], "size": [1, 5, 1], "uv": [26, 27]},
						{"origin": [-3.5, 7.25, -5.5], "size": [2, 1, 1], "uv": [6, 33]},
						{"origin": [-3.5, 4.25, -5.25], "size": [2, 3, 0], "uv": [12, 33]},
						{"origin": [-3.5, 3.25, -5.5], "size": [2, 1, 1], "uv": [0, 33]},
						{"origin": [-3.9, 5.25, -4.5], "size": [0, 1, 1], "uv": [4, 1]}
					]
				},
				{
					"name": "leftgoggle",
					"parent": "goggles",
					"pivot": [0.25, 3.25, -0.25],
					"cubes": [
						{"origin": [3.5, 3.25, -5.5], "size": [1, 5, 1], "uv": [0, 27]},
						{"origin": [3.9, 5.25, -4.5], "size": [0, 1, 1], "uv": [0, 8]},
						{"origin": [0.5, 3.25, -5.5], "size": [1, 5, 1], "uv": [6, 0]},
						{"origin": [1.5, 7.25, -5.5], "size": [2, 1, 1], "uv": [0, 7]},
						{"origin": [1.5, 4.25, -5.25], "size": [2, 3, 0], "uv": [6, 6]},
						{"origin": [1.5, 3.25, -5.5], "size": [2, 1, 1], "uv": [0, 0]}
					]
				}
			]
		}
	]
}