{
	"format_version": "1.8.0",
	"animations": {
		"animation.swampert.ground_idle": {
			"loop": true,
			"bones": {
				"arm_left": {
					"rotation": ["26.9512+math.sin(q.anim_time*90*2-10)*5.5", "37.3548+math.sin(q.anim_time*90*2-10+180)*5", "37.8472+math.sin(q.anim_time*90*2-10)*2.5"]
				},
				"forearm_left": {
					"rotation": [
						"-8.3031+math.sin(q.anim_time*90*2-10+180)*1.5",
						"40.915+math.sin(q.anim_time*90*2-10)*4",
						"-25.9673+math.sin(q.anim_time*90*2-10+180)*7.4"
					]
				},
				"finger_left_middle": {
					"rotation": [0, 0, "-27.5+math.sin(q.anim_time*90*2-20+180)*25"],
					"position": [-0.2, 0.2, 0]
				},
				"finger_left_side3": {
					"rotation": [27.70212, "6.6485+15+math.sin(q.anim_time*90*2-20+180)*-15", "3.4787+-20+math.sin(q.anim_time*90*2-20+180)*15"],
					"position": [0, 0, -0.2]
				},
				"finger_left_side4": {
					"rotation": [-27.58957, "-4.4339+-15+math.sin(q.anim_time*90*2-20+180)*5", "2.3133+-20+math.sin(q.anim_time*90*2-20+180)*15"],
					"position": [0, 0, 0.3]
				},
				"leg_left": {
					"rotation": ["5.8995+math.sin(q.anim_time*90*2-15+180)*3", -29.36509, -16.7511],
					"position": [0, "-0.2+math.sin(q.anim_time*90*2-20+180)*0.4-0.3", "0+math.sin(q.anim_time*90*2-20)*0.1"]
				},
				"foot_left": {
					"rotation": ["19.098+math.sin(q.anim_time*90*2-45+180)*2", -1.98341, 14.72274],
					"position": [0, 0.1, 0]
				},
				"arm_right": {
					"rotation": [
						"26.9512+math.sin(q.anim_time*90*2-10)*5.5",
						"-1*(37.3548+math.sin(q.anim_time*90*2-10+180)*5)",
						"-1*(37.8472+math.sin(q.anim_time*90*2-10)*2.5)"
					]
				},
				"forearm_right": {
					"rotation": [
						"-8.3031+math.sin(q.anim_time*90*2-10+180)*1.5",
						"-1*(40.915+math.sin(q.anim_time*90*2-10)*4)",
						"-1*(-25.9673+math.sin(q.anim_time*90*2-10+180)*7.4)"
					]
				},
				"finger_right_middle": {
					"rotation": [0, 0, "12.5-1*(-15+math.sin(q.anim_time*90*2-20+180)*25)"],
					"position": [0.2, -0.2, 0]
				},
				"finger_right_side3": {
					"rotation": [27.70212, "-1*(6.6485+15+math.sin(q.anim_time*90*2-20+180)*-15)", "-1*(3.4787+-20+math.sin(q.anim_time*90*2-20+180)*15)"],
					"position": [0, 0, -0.2]
				},
				"finger_right_side4": {
					"rotation": [-27.58957, "-1*(-4.4339+-15+math.sin(q.anim_time*90*2-20+180)*5)", "-1*(2.3133+-20+math.sin(q.anim_time*90*2-20+180)*15)"],
					"position": [0, 0, 0.3]
				},
				"leg_right": {
					"rotation": [0, 15, 15],
					"position": [0, -0.25, 0]
				},
				"foot_right": {
					"rotation": [5, 0, -15],
					"position": [0, 0.1, 0]
				},
				"body": {
					"rotation": ["0+math.sin(q.anim_time*90*2-0)*1.5", 0, "0+math.sin(q.anim_time*90*1-0)*1.5"],
					"position": [0, "-0.2+math.sin(q.anim_time*90*2-20+180)*0.45", "0+math.sin(q.anim_time*90*2-200)*0.3"]
				},
				"torso": {
					"rotation": ["0+math.sin(q.anim_time*90*2-20)*1.5", 0, "0+math.sin(q.anim_time*90*1-20+180)*1.5"]
				},
				"head": {
					"rotation": ["0+math.sin(q.anim_time*90*2-20)*-5", 0, "0+math.cos(q.anim_time*90*1-20+180)*-2.5"]
				},
				"leg_left2": {
					"rotation": ["14.9773+math.sin(q.anim_time*90*2-30)*5", 1.05697, 3.76528]
				},
				"toe_left": {
					"rotation": [-30.03442, 0.24599, -0.32706]
				},
				"hand_left": {
					"rotation": [
						"6.8605+math.sin(q.anim_time*90*2-10+180)*3",
						"-1.833+math.sin(q.anim_time*90*2-10)*1.5",
						"28.2698+math.sin(q.anim_time*90*2-10+180)*5+-0.2+math.sin(q.anim_time*90*2-20+180)*0.45"
					]
				},
				"hand_right": {
					"rotation": [
						"6.8605+math.sin(q.anim_time*90*2-10+180)*3",
						"1.833+math.sin(q.anim_time*90*2-10)*1.5",
						"-28.2698+math.sin(q.anim_time*90*2-10+180)*5+-0.2+math.sin(q.anim_time*90*2-20+180)*0.45"
					]
				},
				"arm_bone": {
					"rotation": [0, "math.sin(q.anim_time*90*1-0)*+1", 0]
				}
			}
		},
		"animation.swampert.battle_idle": {
			"loop": true,
			"bones": {
				"body": {
					"rotation": [-22.5, "0+math.sin(q.anim_time*90*2)*2", "0+math.sin(q.anim_time*90*2)*2"],
					"position": [0, "-0.5*math.cos(q.anim_time*90*4-40)", 0]
				},
				"torso": {
					"rotation": ["2.5+math.sin(q.anim_time*90*4-45)*2", 0, 0]
				},
				"head": {
					"rotation": ["17.5-math.sin(q.anim_time*90*4-45)*4", "0-math.sin(q.anim_time*90*2-45)*2", 0],
					"position": [0, -1, 0]
				},
				"arm_left": {
					"rotation": [18.67191, 4.54072, "42.6826+math.sin(q.anim_time*90*4)*4"]
				},
				"forearm_left": {
					"rotation": [0, 65, 0]
				},
				"finger_left_middle": {
					"rotation": [0, 0, "0+math.sin(q.anim_time*90*2-250)*12"]
				},
				"finger_left_side3": {
					"rotation": [22.5, 15, "0+math.sin(q.anim_time*90*2-250)*12"],
					"position": [0, 0, -0.3]
				},
				"finger_left_side4": {
					"rotation": [-22.5, -15, "0+math.sin(q.anim_time*90*2-250)*12"],
					"position": [0, 0, 0.3]
				},
				"arm_right": {
					"rotation": [18.67191, -4.54072, "-42.6826-math.sin(q.anim_time*90*4)*4"]
				},
				"forearm_right": {
					"rotation": [0, -65, 0]
				},
				"finger_right_middle": {
					"rotation": [0, 0, "-math.sin(q.anim_time*90*2-250)*12"]
				},
				"finger_right_side3": {
					"rotation": [22.5, -15, "0-math.sin(q.anim_time*90*2-250)*12"],
					"position": [0, 0, -0.3]
				},
				"finger_right_side4": {
					"rotation": [-22.5, 15, "-math.sin(q.anim_time*90*2-250)*12"],
					"position": [0, 0, 0.3]
				},
				"tail": {
					"rotation": ["-10+math.sin(q.anim_time*90*2-45)*5", 0, 0]
				},
				"leg_left": {
					"rotation": ["-5*math.cos(q.anim_time*90*4-40)-5", -17.5, 0.00002],
					"position": [0, "-0.4*math.cos(q.anim_time*90*4-40)-0.4", "0.4*math.cos(q.anim_time*90*4-40)-0.4"]
				},
				"leg_left2": {
					"rotation": ["5*math.cos(q.anim_time*90*4-40)+5", 0, 0]
				},
				"leg_right": {
					"rotation": ["-5*math.cos(q.anim_time*90*4-40)-5", 17.5, -0.00002],
					"position": [0, "-0.4*math.cos(q.anim_time*90*4-40)-0.4", "0.4*math.cos(q.anim_time*90*4-40)-0.4"]
				},
				"leg_right2": {
					"rotation": ["5*math.cos(q.anim_time*90*4-40)+5", 0, 0]
				}
			}
		},
		"animation.swampert.ground_walk": {
			"loop": true,
			"animation_length": 4,
			"bones": {
				"body": {
					"rotation": ["-17.5+5*math.cos(q.anim_time*90*6-60)", "0-3.5*math.cos(q.anim_time*90*3-40)", "0-6*math.sin(q.anim_time*90*3-40)"],
					"position": [0, "1+1*math.cos(q.anim_time*90*6+60)", "-0.1-0.5*math.cos(q.anim_time*90*6)"]
				},
				"torso": {
					"rotation": ["1.5-0.5*math.cos(q.anim_time*90*6-40)", "3.5*math.cos(q.anim_time*90*3-40)", 0]
				},
				"head": {
					"rotation": ["67.5-1*(55+2.5*math.cos(q.anim_time*90*6-60))", "1.75*math.cos(q.anim_time*90*3-40)", "1.5*math.sin(q.anim_time*90*3-40)"],
					"position": [0, -1, 0]
				},
				"arm_left": {
					"rotation": [-4.94113, "6.0477-math.sin(q.anim_time*90*3-45)*10", 45.2125]
				},
				"forearm_left": {
					"rotation": [0, 47.5, 0]
				},
				"finger_left_side3": {
					"rotation": [30.59871, 10.80355, 6.32526],
					"position": [0, -0.1, -0.2]
				},
				"finger_left_side4": {
					"rotation": [-30.59871, -10.80355, 6.32526],
					"position": [0, -0.1, 0.2]
				},
				"arm_right": {
					"rotation": [-4.94113, "-6.0477-math.sin(q.anim_time*90*3-45)*10", -45.2125]
				},
				"forearm_right": {
					"rotation": [0, -47.5, 0]
				},
				"finger_right_side3": {
					"rotation": [30.59871, -10.80355, -6.32526],
					"position": [0, -0.1, -0.2]
				},
				"finger_right_side4": {
					"rotation": [-30.59871, 10.80355, -6.32526],
					"position": [0, -0.1, 0.2]
				},
				"tail": {
					"rotation": ["7.5+2.5*math.cos(q.anim_time*90*6-60)", 0, 0]
				},
				"leg_left": {
					"rotation": ["12.5-math.sin(q.anim_time*90*3-45)*24", 0, 0],
					"position": {
						"0.0": {
							"post": [0, 1, 0],
							"lerp_mode": "catmullrom"
						},
						"0.52": {
							"post": [0, 1, 0],
							"lerp_mode": "catmullrom"
						},
						"0.72": {
							"post": [0, 0.2, 0],
							"lerp_mode": "catmullrom"
						},
						"1.32": {
							"post": [0, 1, 0],
							"lerp_mode": "catmullrom"
						},
						"1.84": {
							"post": [0, 1, 0],
							"lerp_mode": "catmullrom"
						},
						"2.04": {
							"post": [0, 0.2, 0],
							"lerp_mode": "catmullrom"
						},
						"2.64": {
							"post": [0, 1, 0],
							"lerp_mode": "catmullrom"
						},
						"3.16": {
							"post": [0, 1, 0],
							"lerp_mode": "catmullrom"
						},
						"3.36": {
							"post": [0, 0.2, 0],
							"lerp_mode": "catmullrom"
						},
						"4.0": {
							"post": [0, 1, 0],
							"lerp_mode": "catmullrom"
						}
					}
				},
				"leg_left2": {
					"rotation": ["math.clamp(-math.sin(q.anim_time*90*3-135)*18, 0, 25)", 0, 0]
				},
				"toe_left": {
					"rotation": ["math.clamp(-math.sin(q.anim_time*90*3-135)*18, -25, 0)", 0, 0]
				},
				"leg_right": {
					"rotation": ["12.5+math.sin(q.anim_time*90*3-45)*24", 0, 0],
					"position": {
						"0.0": {
							"post": [0, 0.32, 0],
							"lerp_mode": "catmullrom"
						},
						"0.04": {
							"post": [0, 0.2, 0],
							"lerp_mode": "catmullrom"
						},
						"0.64": {
							"post": [0, 1, 0],
							"lerp_mode": "catmullrom"
						},
						"1.16": {
							"post": [0, 1, 0],
							"lerp_mode": "catmullrom"
						},
						"1.36": {
							"post": [0, 0.2, 0],
							"lerp_mode": "catmullrom"
						},
						"1.96": {
							"post": [0, 1, 0],
							"lerp_mode": "catmullrom"
						},
						"2.52": {
							"post": [0, 1, 0],
							"lerp_mode": "catmullrom"
						},
						"2.72": {
							"post": [0, 0.2, 0],
							"lerp_mode": "catmullrom"
						},
						"3.32": {
							"post": [0, 1, 0],
							"lerp_mode": "catmullrom"
						},
						"3.84": {
							"post": [0, 1, 0],
							"lerp_mode": "catmullrom"
						},
						"4.0": {
							"post": [0, 0.32, 0],
							"lerp_mode": "catmullrom"
						}
					}
				},
				"leg_right2": {
					"rotation": ["math.clamp(+math.sin(q.anim_time*90*3-135)*18, 0, 25)", 0, 0]
				},
				"toe_right": {
					"rotation": ["math.clamp(math.sin(q.anim_time*90*3-135)*18, -25, 0)", 0, 0]
				}
			}
		},
		"animation.swampert.water_idle": {
			"loop": true,
			"bones": {
				"swampert": {
					"rotation": ["10-math.sin(q.anim_time*90*1.5)*2", 0, 0],
					"position": [0, "0+math.cos(q.anim_time*90*1.5)*0.3", 0]
				},
				"body": {
					"rotation": ["2.5-math.sin(q.anim_time*90*1.5)*2", 0, 0],
					"position": [0, "0+math.cos(q.anim_time*90*1.5)*0.3", 0]
				},
				"torso": {
					"rotation": ["2.5+math.sin(q.anim_time*90*1.5)*2", 0, 0]
				},
				"head": {
					"rotation": ["-15-math.sin(q.anim_time*90*1.5-30)*1", 0, 0]
				},
				"arm_left": {
					"rotation": [-67.29, "18.56+math.sin(q.anim_time*90*1.5-30)*4", 24.46]
				},
				"forearm_left": {
					"rotation": [0, 0, "10+math.sin(q.anim_time*90*1.5-60)*2"]
				},
				"finger_left_side3": {
					"rotation": [30.59871, 10.80355, 6.32526],
					"position": [0, -0.1, -0.2]
				},
				"finger_left_side4": {
					"rotation": [-30.59871, -10.80355, 6.32526],
					"position": [0, -0.1, 0.2]
				},
				"arm_right": {
					"rotation": [-67.29, "-18.56-math.sin(q.anim_time*90*1.5-30)*4", -24.46]
				},
				"forearm_right": {
					"rotation": [0, 0, "-10-math.sin(q.anim_time*90*1.5-60)*2"]
				},
				"finger_right_side3": {
					"rotation": [30.59871, -10.80355, -6.32526],
					"position": [0, -0.1, -0.2]
				},
				"finger_right_side4": {
					"rotation": [-30.59871, 10.80355, -6.32526],
					"position": [0, -0.1, 0.2]
				},
				"tail": {
					"rotation": ["-32.5-math.sin(q.anim_time*90*1.5-30)*1", 0, 0],
					"position": [0, -0.5, 0]
				},
				"leg_left": {
					"rotation": ["41.9599-math.sin(q.anim_time*90*1.5-30)*3", -17.60201, -6.55178]
				},
				"leg_left2": {
					"rotation": [7.5, 0, 0]
				},
				"foot_left": {
					"rotation": [7.5, 0, 0]
				},
				"leg_right": {
					"rotation": ["41.9599-math.sin(q.anim_time*90*1.5-30)*3", 17.60201, 6.55178]
				},
				"leg_right2": {
					"rotation": [7.5, 0, 0]
				},
				"foot_right": {
					"rotation": [7.5, 0, 0]
				}
			}
		},
		"animation.swampert.water_swim": {
			"loop": true,
			"bones": {
				"swampert": {
					"rotation": ["20-math.sin(q.anim_time*90*2.5)*2", 0, "0-math.cos(q.anim_time*90*2.5-30)*1"],
					"position": [0, "0+math.cos(q.anim_time*90*2.5)*0.3", "3.5188-math.sin(q.anim_time*90*2.5-60)*-2.5"]
				},
				"body": {
					"rotation": ["0-math.sin(q.anim_time*90*2.5)*1", "0-math.cos(q.anim_time*90*2.5)*3", 0]
				},
				"torso": {
					"rotation": ["0-math.sin(q.anim_time*90*2.5)*1", "0-math.cos(q.anim_time*90*2.5)*3", 0]
				},
				"head": {
					"rotation": [-17.5, 0, 0]
				},
				"arm_left": {
					"rotation": [-1.37517, "30.2311+math.cos(q.anim_time*90*2.5-30)*8", "4.3661-math.sin(q.anim_time*90*2.5-30)*20"]
				},
				"forearm_left": {
					"rotation": [0, "0+math.cos(q.anim_time*90*2.5-30)*4", 17.5]
				},
				"arm_right": {
					"rotation": [-1.37517, "-30.2311-math.cos(q.anim_time*90*2.5-30)*8", "-4.3662+math.sin(q.anim_time*90*2.5-30)*20"]
				},
				"forearm_right": {
					"rotation": [0, 0, "-17.5-math.cos(q.anim_time*90*2.5-30)*4"]
				},
				"leg_left": {
					"rotation": ["7.5188-math.sin(q.anim_time*90*2.5-30)*20", "-13.1509+math.cos(q.anim_time*90*2.5-30)*8", -41.92255]
				},
				"leg_left2": {
					"rotation": ["-2.54+math.cos(q.anim_time*90*2.5-30)*8", 1.58157, -5.89812]
				},
				"foot_left": {
					"rotation": ["48.5+math.cos(q.anim_time*90*2.5-30)*28", 0, 17.5]
				},
				"toe_left": {
					"rotation": ["math.cos(q.anim_time*90*2.5-60)*15", 0, 0]
				},
				"leg_right": {
					"rotation": ["7.5188-math.sin(q.anim_time*90*2.5-30)*20", "13.1509+math.cos(q.anim_time*90*2.5-30)*8", 41.92255]
				},
				"leg_right2": {
					"rotation": ["-2.54+math.cos(q.anim_time*90*2.5-30)*8", -1.58157, 5.89812]
				},
				"foot_right": {
					"rotation": ["48.5+math.cos(q.anim_time*90*2.5-30)*28", 0, -17.5]
				},
				"toe_right": {
					"rotation": ["math.cos(q.anim_time*90*2.5-60)*15", 0, 0]
				}
			}
		},
		"animation.swampert.sleep": {
			"loop": true,
			"bones": {
				"swampert": {
					"position": [0, -4, 0]
				},
				"body": {
					"rotation": ["15+math.sin(q.anim_time*90*1)*2", 0, 0],
					"position": [0, -1, 0]
				},
				"torso": {
					"rotation": ["math.sin(q.anim_time*90*1)*-5+30", 0, 0],
					"position": [0, 0, -0.5]
				},
				"head": {
					"rotation": ["math.sin(q.anim_time*90*1)*2-37.5", 0, 0],
					"position": [0, 2, 0]
				},
				"eyelid_left": {
					"position": [0, 0, -0.1]
				},
				"eyelid_right": {
					"position": [0, 0, -0.1]
				},
				"arm_left": {
					"rotation": [-90.22391, 15.62237, "-6.3864+math.cos(q.anim_time*90*1)*1"],
					"position": [0, 0, -1]
				},
				"forearm_left": {
					"rotation": [4.1997, 65.83807, -11.86898]
				},
				"arm_right": {
					"rotation": [-90.22391, -15.62237, "6.3864-math.cos(q.anim_time*90*1)*1"],
					"position": [0, 0, -1]
				},
				"forearm_right": {
					"rotation": [4.1997, -65.83807, 11.86898]
				},
				"tail": {
					"rotation": [-30, 0, "math.sin(q.anim_time*90*1)*5"],
					"position": [0, -1, -1]
				},
				"leg_left": {
					"rotation": [37.16919, -7.09247, "-78.5673+math.cos(q.anim_time*90*1)*3"],
					"position": [0, -2, 0]
				},
				"foot_left": {
					"rotation": [47.5, 0, 0]
				},
				"leg_right": {
					"rotation": [37.16919, 7.09247, "78.5673-math.cos(q.anim_time*90*1)*3"],
					"position": [0, -2, 0]
				},
				"foot_right": {
					"rotation": [47.5, 0, 0]
				}
			}
		},
		"animation.swampert.blink": {
			"animation_length": 0.1667,
			"bones": {
				"eyelid_left": {
					"position": {
						"0.0": [0, 0, -0.1],
						"0.08": [0, 0, -0.1],
						"0.12": [0, 0, 0]
					}
				},
				"eyelid_right": {
					"position": {
						"0.0": [0, 0, -0.1],
						"0.08": [0, 0, -0.1],
						"0.12": [0, 0, 0]
					}
				}
			}
		},
		"animation.swampert.cry": {
			"animation_length": 1.6,
			"bones": {
				"body": {
					"rotation": {
						"0.0": {
							"post": [0, 0, 0],
							"lerp_mode": "catmullrom"
						},
						"0.16": {
							"post": [17.5, 0, 0],
							"lerp_mode": "catmullrom"
						},
						"0.32": {
							"post": [-22.5, 0, 0],
							"lerp_mode": "catmullrom"
						},
						"0.92": {
							"post": [-25.09, 0, 0],
							"lerp_mode": "catmullrom"
						},
						"1.24": {
							"post": [0, 0, 0],
							"lerp_mode": "catmullrom"
						}
					}
				},
				"torso": {
					"rotation": {
						"0.0": {
							"post": [0, 0, 0],
							"lerp_mode": "catmullrom"
						},
						"0.16": {
							"post": [17.5, 0, 0],
							"lerp_mode": "catmullrom"
						},
						"0.32": {
							"post": [-10, 0, 0],
							"lerp_mode": "catmullrom"
						},
						"0.92": {
							"post": [-10.09, 0, 0],
							"lerp_mode": "catmullrom"
						},
						"1.24": {
							"post": [0, 0, 0],
							"lerp_mode": "catmullrom"
						}
					}
				},
				"head": {
					"rotation": {
						"0.0": {
							"post": [0, 0, 0],
							"lerp_mode": "catmullrom"
						},
						"0.16": {
							"post": [17.5, 0, 0],
							"lerp_mode": "catmullrom"
						},
						"0.32": {
							"post": [0, 0, 0],
							"lerp_mode": "catmullrom"
						},
						"0.92": {
							"post": [-5, 0, 0],
							"lerp_mode": "catmullrom"
						},
						"1.24": {
							"post": [0, 0, 0],
							"lerp_mode": "catmullrom"
						}
					}
				},
				"jaw": {
					"rotation": {
						"0.0": {
							"post": [0, 0, 0],
							"lerp_mode": "catmullrom"
						},
						"0.24": {
							"post": [25, 0, 0],
							"lerp_mode": "catmullrom"
						},
						"1.0": {
							"post": [25, 0, 0],
							"lerp_mode": "catmullrom"
						},
						"1.24": {
							"post": [0, 0, 0],
							"lerp_mode": "catmullrom"
						}
					},
					"position": {
						"0.0": {
							"post": [0, 0, 0],
							"lerp_mode": "catmullrom"
						},
						"0.24": {
							"post": [0, 0, 0.2],
							"lerp_mode": "catmullrom"
						},
						"1.0": {
							"post": [0, 0.3, 0.4],
							"lerp_mode": "catmullrom"
						},
						"1.24": {
							"post": [0, 0, 0],
							"lerp_mode": "catmullrom"
						}
					}
				},
				"arm_left": {
					"rotation": {
						"0.0": {
							"post": [0, 0, 0],
							"lerp_mode": "catmullrom"
						},
						"0.16": {
							"post": [-23.85865, 18.74724, 36.00521],
							"lerp_mode": "catmullrom"
						},
						"0.32": {
							"post": [-85.6183, -24.09293, -16.47027],
							"lerp_mode": "catmullrom"
						},
						"0.92": {
							"post": [-87.867, -24.37727, -10.99554],
							"lerp_mode": "catmullrom"
						},
						"1.24": {
							"post": [0, 0, 0],
							"lerp_mode": "catmullrom"
						}
					}
				},
				"forearm_left": {
					"rotation": {
						"0.0": {
							"post": [0, 0, 0],
							"lerp_mode": "catmullrom"
						},
						"0.16": {
							"post": [70, 67.5, 0],
							"lerp_mode": "catmullrom"
						},
						"0.32": {
							"post": [-9.8491, -28.48042, 20.00533],
							"lerp_mode": "catmullrom"
						},
						"0.92": {
							"post": [-10.37571, -33.4029, 21.02858],
							"lerp_mode": "catmullrom"
						},
						"1.24": {
							"post": [0, 0, 0],
							"lerp_mode": "catmullrom"
						}
					}
				},
				"arm_right": {
					"rotation": {
						"0.0": {
							"post": [0, 0, 0],
							"lerp_mode": "catmullrom"
						},
						"0.16": {
							"post": [-23.85865, -18.74724, -36.00521],
							"lerp_mode": "catmullrom"
						},
						"0.32": {
							"post": [-85.6183, 24.09293, 16.47027],
							"lerp_mode": "catmullrom"
						},
						"0.92": {
							"post": [-87.867, 24.37727, 10.99554],
							"lerp_mode": "catmullrom"
						},
						"1.24": {
							"post": [0, 0, 0],
							"lerp_mode": "catmullrom"
						}
					}
				},
				"forearm_right": {
					"rotation": {
						"0.0": {
							"post": [0, 0, 0],
							"lerp_mode": "catmullrom"
						},
						"0.16": {
							"post": [70, -67.5, 0],
							"lerp_mode": "catmullrom"
						},
						"0.32": {
							"post": [-9.8491, 28.48042, -20.00533],
							"lerp_mode": "catmullrom"
						},
						"0.92": {
							"post": [-10.37571, 33.4029, -21.02858],
							"lerp_mode": "catmullrom"
						},
						"1.24": {
							"post": [0, 0, 0],
							"lerp_mode": "catmullrom"
						}
					}
				},
				"tail": {
					"rotation": {
						"0.0": {
							"post": [0, 0, 0],
							"lerp_mode": "catmullrom"
						},
						"0.16": {
							"post": [-17.5, 0, 0],
							"lerp_mode": "catmullrom"
						},
						"0.32": {
							"post": [10, 0, 0],
							"lerp_mode": "catmullrom"
						},
						"0.92": {
							"post": [10.09, 0, 0],
							"lerp_mode": "catmullrom"
						},
						"1.24": {
							"post": [0, 0, 0],
							"lerp_mode": "catmullrom"
						}
					}
				}
			},
			"sound_effects": {
				"0.24": {
					"effect": "swampert"
				}
			}
		}
	}
}