{
 "species": "cobblemon:maskonylum",
 "order": 0,
 "variations": [
   {
     "aspects": [],
     "poser": "cobblemon:maskonylum",
     "model": "cobblemon:maskonylum.geo",
     "texture": "cobblemon:textures/pokemon/maskonylum/maskonylum.png",
     "layers": [
	         {
            "name": "emissive",
            "emissive": true,
            "texture": "cobblemon:textures/pokemon/maskonylum/maskonylum_emissive.png"
    }
		]
   },
   {
     "aspects": [
       "shiny"
     ],
     "texture": "cobblemon:textures/pokemon/maskonylum/maskonylum_shiny.png",
	 "layers": [
	 	         {
              "name": "emissive",
              "emissive": true,
              "texture": "cobblemon:textures/pokemon/maskonylum/maskonylum_emissive_shiny.png"
			}
		]
	}
 ]
}