{
	"format_version": "1.12.0",
	"minecraft:geometry": [
		{
			"description": {
				"identifier": "geometry.nickit",
				"texture_width": 64,
				"texture_height": 64,
				"visible_bounds_width": 5,
				"visible_bounds_height": 3.5,
				"visible_bounds_offset": [0, 1.25, 0]
			},
			"bones": [
				{
					"name": "nickit",
					"pivot": [0, 0, 0]
				},
				{
					"name": "locator_root",
					"parent": "nickit",
					"pivot": [0, 0, 0],
					"locators": {
						"root": [0, 0, 0]
					}
				},
				{
					"name": "locator_top",
					"parent": "nickit",
					"pivot": [0, 23, 0],
					"locators": {
						"top": [0, 23, 0]
					}
				},
				{
					"name": "body",
					"parent": "nickit",
					"pivot": [0, 7, 0]
				},
				{
					"name": "locator_target",
					"parent": "body",
					"pivot": [0, 8, -11.5],
					"locators": {
						"target": [0, 8, -11.5]
					}
				},
				{
					"name": "locator_middle",
					"parent": "body",
					"pivot": [0, 11, 0],
					"locators": {
						"middle": [0, 11, 0]
					}
				},
				{
					"name": "hips",
					"parent": "body",
					"pivot": [0, 7, 4]
				},
				{
					"name": "torso",
					"parent": "hips",
					"pivot": [0, 7.75, 4.25],
					"cubes": [
						{"origin": [-2.5, 5, 0.5], "size": [5, 4, 5], "uv": [0, 30]}
					]
				},
				{
					"name": "torso2",
					"parent": "torso",
					"pivot": [0, 7, 0.5],
					"cubes": [
						{"origin": [-2.5, 5, -4.5], "size": [5, 4, 6], "inflate": 0.01, "uv": [4, 20]}
					]
				},
				{
					"name": "neck",
					"parent": "torso2",
					"pivot": [0, 8.5, -0.5],
					"cubes": [
						{"origin": [-2, 8, -4.5], "size": [4, 5, 4], "uv": [27, 0]}
					]
				},
				{
					"name": "head",
					"parent": "neck",
					"pivot": [0, 11, -3]
				},
				{
					"name": "head_correction",
					"parent": "head",
					"pivot": [0, 11, -3]
				},
				{
					"name": "head_ai",
					"parent": "head_correction",
					"pivot": [0, 11, -3]
				},
				{
					"name": "head_angle",
					"parent": "head_ai",
					"pivot": [0, 11, -3],
					"cubes": [
						{"origin": [-4.5, 11, -8], "size": [9, 9, 9], "uv": [0, 0]},
						{"origin": [-1.5, 11.6, -12], "size": [3, 2, 4], "uv": [43, 0]},
						{"origin": [0.9, 10.9, -9.8], "size": [0, 1, 1], "pivot": [1.5, 11.6, -8.8], "rotation": [-45, 25, 0], "uv": [0, -1]},
						{"origin": [-0.9, 10.9, -9.8], "size": [0, 1, 1], "pivot": [-1.5, 11.6, -8.8], "rotation": [-45, -25, 0], "uv": [0, 0], "mirror": true},
						{"origin": [-3, 13, -8], "size": [1, 2, 0], "inflate": 0.01, "uv": [0, 7]},
						{"origin": [2, 13, -8], "size": [1, 2, 0], "inflate": 0.01, "uv": [2, 7], "mirror": true}
					]
				},
				{
					"name": "locator_face",
					"parent": "head_angle",
					"pivot": [0, 15, -8],
					"locators": {
						"face": [0, 15, -8]
					}
				},
				{
					"name": "locator_item_face",
					"parent": "head_angle",
					"pivot": [0, 15, -8],
					"locators": {
						"item_face": [0, 15, -8]
					}
				},
				{
					"name": "locator_mouth",
					"parent": "head_angle",
					"pivot": [0, 11.6, -8],
					"locators": {
						"mouth": [0, 11.6, -8]
					}
				},
				{
					"name": "locator_head",
					"parent": "head_angle",
					"pivot": [0, 20, -6],
					"locators": {
						"head": [0, 20, -6]
					}
				},
				{
					"name": "item_hat",
					"parent": "head_angle",
					"pivot": [0, 20, -3.5],
					"locators": {
						"item_hat": [0, 20, -3.5]
					}
				},
				{
					"name": "locator_jaw_upper",
					"parent": "head_angle",
					"pivot": [0, 11.8, -9.2],
					"locators": {
						"jaw1": [0, 11.8, -9.2]
					}
				},
				{
					"name": "jaw",
					"parent": "head_angle",
					"pivot": [0, 11.9, -7.8],
					"cubes": [
						{"origin": [-1, 11, -10], "size": [2, 1, 2], "uv": [56, 47]}
					]
				},
				{
					"name": "locator_jaw_lower",
					"parent": "jaw",
					"pivot": [0, 11.8, -9.5],
					"locators": {
						"jaw2": [0, 11.8, -9.5]
					}
				},
				{
					"name": "locator_physical",
					"parent": "jaw",
					"pivot": [0, 11.8, -9.5],
					"locators": {
						"physical": [0, 11.8, -9.5]
					}
				},
				{
					"name": "locator_item",
					"parent": "jaw",
					"pivot": [0, 12, -10],
					"rotation": [90, 0, 0],
					"locators": {
						"item": [0, 12, -10]
					}
				},
				{
					"name": "fluff_right",
					"parent": "head_angle",
					"pivot": [-4.5, 13.2, -2.3],
					"rotation": [-50, 0, 0],
					"cubes": [
						{"origin": [-6.5, 11.2, -2.3], "size": [3, 4, 0], "uv": [53, 0]}
					]
				},
				{
					"name": "fluff_left",
					"parent": "head_angle",
					"pivot": [4.5, 13.2, -2.3],
					"rotation": [-50, 0, 0],
					"cubes": [
						{"origin": [3.5, 11.2, -2.3], "size": [3, 4, 0], "uv": [39, 0]}
					]
				},
				{
					"name": "eyes",
					"parent": "head_angle",
					"pivot": [0, 15, -8]
				},
				{
					"name": "eye_right",
					"parent": "eyes",
					"pivot": [-4.5, 15, -8],
					"cubes": [
						{"origin": [-4.5, 14, -8], "size": [2, 1, 1], "inflate": 0.015, "uv": [7, 18]}
					]
				},
				{
					"name": "eye_emote_right",
					"parent": "eye_right",
					"pivot": [-3.5, 15.5, -8],
					"cubes": [
						{"origin": [-4.5, 15, -8], "size": [2, 1, 2], "inflate": 0.02, "uv": [48, 18]}
					]
				},
				{
					"name": "eye_emote_right2",
					"parent": "eye_right",
					"pivot": [-2.5, 14.5, -8],
					"cubes": [
						{"origin": [-3, 14, -8], "size": [1, 1, 0], "inflate": 0.015, "uv": [48, 18]}
					]
				},
				{
					"name": "eye_emote_right3",
					"parent": "eye_right",
					"pivot": [-2, 15.5, -8],
					"cubes": [
						{"origin": [-2.5, 15, -8], "size": [1, 1, 0], "inflate": 0.02, "uv": [48, 19]}
					]
				},
				{
					"name": "pupil_right",
					"parent": "eye_right",
					"pivot": [-3, 15, -7.5],
					"cubes": [
						{"origin": [-3.5, 14, -8], "size": [1, 2, 1], "inflate": 0.025, "uv": [0, 26]}
					]
				},
				{
					"name": "locator_eye_right",
					"parent": "pupil_right",
					"pivot": [-3, 15, -8],
					"locators": {
						"eye1": [-3, 15, -8]
					}
				},
				{
					"name": "eye_left",
					"parent": "eyes",
					"pivot": [4.5, 15, -8],
					"cubes": [
						{"origin": [2.5, 14, -8], "size": [2, 1, 1], "inflate": 0.015, "uv": [13, 18], "mirror": true}
					]
				},
				{
					"name": "eye_emote_left",
					"parent": "eye_left",
					"pivot": [3.5, 15.5, -8],
					"cubes": [
						{"origin": [2.5, 15, -8], "size": [2, 1, 2], "inflate": 0.02, "uv": [56, 18], "mirror": true}
					]
				},
				{
					"name": "eye_emote_left2",
					"parent": "eye_left",
					"pivot": [2.5, 14.5, -8],
					"cubes": [
						{"origin": [2, 14, -8], "size": [1, 1, 0], "inflate": 0.015, "uv": [56, 18], "mirror": true}
					]
				},
				{
					"name": "eye_emote_left3",
					"parent": "eye_left",
					"pivot": [2, 15.5, -8],
					"cubes": [
						{"origin": [1.5, 15, -8], "size": [1, 1, 0], "inflate": 0.02, "uv": [56, 19], "mirror": true}
					]
				},
				{
					"name": "pupil_left",
					"parent": "eye_left",
					"pivot": [3, 15, -7.5],
					"cubes": [
						{"origin": [2.5, 14, -8], "size": [1, 2, 1], "inflate": 0.025, "uv": [0, 29], "mirror": true}
					]
				},
				{
					"name": "locator_eye_left",
					"parent": "pupil_left",
					"pivot": [3, 15, -8],
					"locators": {
						"eye2": [3, 15, -8]
					}
				},
				{
					"name": "eyelid_right",
					"parent": "eyes",
					"pivot": [-2.9, 15, -6.9],
					"cubes": [
						{"origin": [-4.4, 14, -7.9], "size": [3, 2, 2], "inflate": 0.03, "uv": [44, 6]}
					]
				},
				{
					"name": "eyelid_hurt_right",
					"parent": "eyes",
					"pivot": [-2.9, 15, -6.9],
					"cubes": [
						{"origin": [-4.4, 14, -7.9], "size": [3, 2, 2], "inflate": 0.03, "uv": [44, 10]}
					]
				},
				{
					"name": "eyelid_happy_right",
					"parent": "eyes",
					"pivot": [-2.9, 15, -6.9],
					"cubes": [
						{"origin": [-4.4, 14, -7.9], "size": [3, 2, 2], "inflate": 0.03, "uv": [44, 14]}
					]
				},
				{
					"name": "eyelid_left",
					"parent": "eyes",
					"pivot": [2.9, 15, -6.9],
					"cubes": [
						{"origin": [1.4, 14, -7.9], "size": [3, 2, 2], "inflate": 0.03, "uv": [54, 6]}
					]
				},
				{
					"name": "eyelid_hurt_left",
					"parent": "eyes",
					"pivot": [2.9, 15, -6.9],
					"cubes": [
						{"origin": [1.4, 14, -7.9], "size": [3, 2, 2], "inflate": 0.03, "uv": [54, 10]}
					]
				},
				{
					"name": "eyelid_happy_left",
					"parent": "eyes",
					"pivot": [2.9, 15, -6.9],
					"cubes": [
						{"origin": [1.4, 14, -7.9], "size": [3, 2, 2], "inflate": 0.03, "uv": [54, 14]}
					]
				},
				{
					"name": "ear_right",
					"parent": "head_angle",
					"pivot": [-2.5, 18, -3.5],
					"rotation": [0, -90, -22.5],
					"cubes": [
						{"origin": [-5.5, 18, -6], "size": [3, 5, 5], "uv": [0, 39]},
						{"origin": [-5.5, 23, -5], "size": [2, 3, 3], "uv": [30, 18]}
					]
				},
				{
					"name": "ear_left",
					"parent": "head_angle",
					"pivot": [2.5, 18, -3.5],
					"rotation": [0, 90, 22.5],
					"cubes": [
						{"origin": [2.5, 18, -6], "size": [3, 5, 5], "uv": [16, 39]},
						{"origin": [3.5, 23, -5], "size": [2, 3, 3], "uv": [29, 26]}
					]
				},
				{
					"name": "tail",
					"parent": "torso",
					"pivot": [0.25, 8.5, 4.75],
					"rotation": [-7.5, 0, -180],
					"cubes": [
						{"origin": [-0.5, 8, 4.75], "size": [1, 1, 3], "inflate": 0.01, "uv": [30, 46]}
					]
				},
				{
					"name": "tail2",
					"parent": "tail",
					"pivot": [0, 9, 7.75],
					"cubes": [
						{"origin": [-1, 7.5, 6.75], "size": [2, 2, 4], "uv": [52, 21]}
					]
				},
				{
					"name": "tail3",
					"parent": "tail2",
					"pivot": [0, 9.5, 9.75],
					"cubes": [
						{"origin": [-2, 6.5, 9.75], "size": [4, 4, 4], "uv": [48, 27]}
					]
				},
				{
					"name": "tail4",
					"parent": "tail3",
					"pivot": [0, 10.5, 11.75],
					"rotation": [27.5, 0, 0],
					"cubes": [
						{"origin": [-3, 5.5, 11.75], "size": [6, 6, 6], "uv": [40, 35]}
					]
				},
				{
					"name": "locator_tail",
					"parent": "tail4",
					"pivot": [0, 8.5, 12.8],
					"rotation": [-180, 0, 180],
					"locators": {
						"tail": [0, 8.5, 12.8]
					}
				},
				{
					"name": "tail5",
					"parent": "tail4",
					"pivot": [0, 11.5, 16.75],
					"cubes": [
						{"origin": [-4.5, 4, 16.75], "size": [9, 9, 8], "uv": [30, 47]},
						{"origin": [-7.5, 1, 24.75], "size": [15, 15, 0], "uv": [0, 49]}
					]
				},
				{
					"name": "locator_tail_tip",
					"parent": "tail5",
					"pivot": [0, 8.5, 24.7],
					"rotation": [-90, 0, 180],
					"locators": {
						"tail_tip": [0, 8.5, 24.7]
					}
				},
				{
					"name": "locator_special",
					"parent": "tail5",
					"pivot": [0, 8.5, 24.7],
					"locators": {
						"special": [0, 8.5, 24.7]
					}
				},
				{
					"name": "ftorso2",
					"parent": "hips",
					"pivot": [0, 7, 0.5]
				},
				{
					"name": "leg_front_right",
					"parent": "ftorso2",
					"pivot": [-2.7, 7.6, -2.75],
					"cubes": [
						{"origin": [-3.2, 3.6, -3.75], "size": [2, 5, 2], "inflate": 0.01, "uv": [0, 0]}
					]
				},
				{
					"name": "leg_front_right2",
					"parent": "leg_front_right",
					"pivot": [-2.7, 3.6, -1.75],
					"cubes": [
						{"origin": [-3.2, 0.6, -3.75], "size": [2, 3, 2], "uv": [23, 30]},
						{"origin": [-3.7, 1.25, -4.25], "size": [3, 1, 3], "pivot": [-2.2, 2.1, -2.75], "rotation": [0, 0, 17], "uv": [20, 35]}
					]
				},
				{
					"name": "foot_front_right",
					"parent": "leg_front_right2",
					"pivot": [-2.2, 0.6, -2.75],
					"cubes": [
						{"origin": [-3.2, -0.17, -4.8], "size": [2, 1, 3], "inflate": 0.01, "uv": [29, 32]}
					]
				},
				{
					"name": "locator_foot_primary",
					"parent": "foot_front_right",
					"pivot": [-2.2, 0.3, -3.3],
					"rotation": [90, 0, 0],
					"locators": {
						"foot_primary": [-2.2, 0.3, -3.3]
					}
				},
				{
					"name": "leg_front_left",
					"parent": "ftorso2",
					"pivot": [1.7, 7.6, -2.75],
					"cubes": [
						{"origin": [1.2, 3.6, -3.75], "size": [2, 5, 2], "inflate": 0.01, "uv": [36, 9]}
					]
				},
				{
					"name": "leg_front_left2",
					"parent": "leg_front_left",
					"pivot": [1.7, 3.6, -1.75],
					"cubes": [
						{"origin": [1.2, 0.6, -3.75], "size": [2, 3, 2], "uv": [30, 50]},
						{"origin": [0.7, 1.25, -4.25], "size": [3, 1, 3], "pivot": [2.2, 2.1, -2.75], "rotation": [0, 0, -17], "uv": [29, 36]}
					]
				},
				{
					"name": "foot_front_left",
					"parent": "leg_front_left2",
					"pivot": [2.2, 0.6, -2.75],
					"cubes": [
						{"origin": [1.2, -0.17, -4.8], "size": [2, 1, 3], "inflate": 0.01, "uv": [36, 31]}
					]
				},
				{
					"name": "locator_foot_secondary1",
					"parent": "foot_front_left",
					"pivot": [2.2, 0.3, -3.3],
					"rotation": [90, 0, 0],
					"locators": {
						"foot_secondary": [2.2, 0.3, -3.3]
					}
				},
				{
					"name": "leg_back_right",
					"parent": "body",
					"pivot": [-1.7, 7.25, 3],
					"cubes": [
						{"origin": [-3.2, 3.25, 2], "size": [2, 5, 3], "inflate": 0.01, "uv": [0, 18]}
					]
				},
				{
					"name": "leg_back_right2",
					"parent": "leg_back_right",
					"pivot": [-2.2, 3.45, 5.1],
					"cubes": [
						{"origin": [-3.2, 0.9, 3.6], "size": [2, 3, 2], "uv": [56, 50]}
					]
				},
				{
					"name": "foot_back_right",
					"parent": "leg_back_right2",
					"pivot": [-1.7, 0.72187, 4.59255],
					"cubes": [
						{"origin": [-3.2, 0, 2.55], "size": [2, 1, 3], "inflate": 0.01, "uv": [27, 40]}
					]
				},
				{
					"name": "locator_foot_secondary2",
					"parent": "foot_back_right",
					"pivot": [-2.2, 0.5, 4.05],
					"rotation": [90, 0, 0],
					"locators": {
						"foot_secondary2": [-2.2, 0.5, 4.05]
					}
				},
				{
					"name": "leg_back_left",
					"parent": "body",
					"pivot": [1.7, 7.25, 3],
					"cubes": [
						{"origin": [1.2, 3.25, 2], "size": [2, 5, 3], "inflate": 0.01, "uv": [20, 18]}
					]
				},
				{
					"name": "leg_back_left2",
					"parent": "leg_back_left",
					"pivot": [2.2, 3.45, 5.1],
					"cubes": [
						{"origin": [1.2, 0.9, 3.6], "size": [2, 3, 2], "uv": [15, 30]}
					]
				},
				{
					"name": "foot_back_left",
					"parent": "leg_back_left2",
					"pivot": [1.7, 0.72187, 4.59255],
					"cubes": [
						{"origin": [1.2, 0, 2.55], "size": [2, 1, 3], "inflate": 0.01, "uv": [11, 40]}
					]
				},
				{
					"name": "locator_foot_secondary3",
					"parent": "foot_back_left",
					"pivot": [2.2, 0.5, 4.05],
					"rotation": [90, 0, 0],
					"locators": {
						"foot_secondary3": [2.2, 0.5, 4.05]
					}
				}
			]
		}
	]
}