{
	"format_version": "1.8.0",
	"animations": {
		"animation.snause.ground_idle": {
			"loop": true,
			"animation_length": 4,
			"bones": {
				"eye2": {
					"rotation": {
						"0.0": [0, 0, 0],
						"2.0": [-7.50706, 2.4786, -0.32652],
						"4.0": [0, 0, 0]
					}
				},
				"eye": {
					"rotation": {
						"0.0": [0, 0, 0],
						"2.0": [-7.50706, -2.4786, 0.32652],
						"4.0": [0, 0, 0]
					}
				},
				"bone2": {
					"scale": {
						"0.0": [1, 1, 1],
						"2.0": [1, 0.9, 1],
						"4.0": [1, 1, 1]
					}
				}
			}
		},
		"animation.snause.ground_walk": {
			"loop": true,
			"animation_length": 0.96,
			"bones": {
				"eye2": {
					"rotation": {
						"0.0": [0, 0, 0],
						"0.48": [10, 0, 0],
						"0.96": [0, 0, 0]
					}
				},
				"shell": {
					"rotation": {
						"0.0": [0, 0, 0],
						"0.48": [2.5, 0, 0],
						"0.96": [0, 0, 0]
					}
				},
				"eye": {
					"rotation": {
						"0.0": [0, 0, 0],
						"0.48": [10, 0, 0],
						"0.96": [0, 0, 0]
					}
				},
				"bone2": {
					"scale": {
						"0.0": [1, 1, 1],
						"0.48": [1, 1, 1.1],
						"0.96": [1, 1, 1]
					}
				}
			}
		}
	}
}