{
	"format_version": "1.8.0",
	"animations": {
		"animation.sealifaux.ground_idle": {
			"loop": true,
			"animation_length": 1,
			"bones": {
				"body": {
					"rotation": {
						"0.0": [-2.5, 0, 0],
						"0.5": [0, 0, 0],
						"1.0": [-2.5, 0, 0]
					}
				},
				"head": {
					"rotation": {
						"0.0": [2.5, 0, 0],
						"0.5": [0, 0, 0],
						"1.0": [2.5, 0, 0]
					}
				},
				"rightflipper": {
					"rotation": {
						"0.0": [0, 0, 0],
						"0.5": [-5, 0, 0],
						"1.0": [0, 0, 0]
					}
				},
				"leftflipper": {
					"rotation": {
						"0.0": [0, 0, 0],
						"0.5": [-5, 0, 0],
						"1.0": [0, 0, 0]
					}
				},
				"tailp1": {
					"rotation": {
						"0.0": [2.5, 0, 0],
						"0.5": [0, 0, 0],
						"1.0": [2.5, 0, 0]
					}
				},
				"tailp2": {
					"rotation": [0, -17.5, 0]
				},
				"tailp3": {
					"rotation": [0, -32.5, 0]
				},
				"tailp4": {
					"rotation": [0, -42.5, 0]
				}
			}
		},
		"animation.sealifaux.ground_walk": {
			"loop": true,
			"animation_length": 1,
			"bones": {
				"body": {
					"rotation": {
						"0.0": [0, -22.5, 0],
						"0.5": [0, 22.5, 0],
						"1.0": [0, -22.5, 0]
					},
					"position": {
						"0.0": [0, 1, 0],
						"1.0": [0, 1, 0]
					}
				},
				"head": {
					"rotation": {
						"0.0": [0.86592, 15.87316, 13.33588],
						"0.25": [-1.32119, 1.60065, -0.87952],
						"0.5": [0.86592, -15.87316, -13.33588],
						"0.75": [-1.32119, -1.60065, 0.87952],
						"1.0": [0.86592, 15.87316, 13.33588]
					}
				},
				"rightflipper": {
					"rotation": {
						"0.0": [-33.01379, 5.00026, -14.36587],
						"0.25": [14.62143, -2.61803, -7.8819],
						"0.5": [47.12313, 2.33484, -8.56699],
						"0.75": [-1.21873, -32.28321, 12.23395],
						"1.0": [-33.01379, 5.00026, -14.36587]
					}
				},
				"rightflipperp2": {
					"rotation": {
						"0.0": [0, 0, -2.5],
						"0.25": [0, 0, -2.5],
						"0.5": [0, 0, -2.5],
						"0.75": [30, 0, -35],
						"1.0": [0, 0, -2.5]
					},
					"position": {
						"0.5": [0, 0, 0],
						"0.75": [0, 1, 0],
						"1.0": [0, 0, 0]
					}
				},
				"leftflipper": {
					"rotation": {
						"0.0": [47.12313, -2.33484, 8.56699],
						"0.25": [-1.21873, 32.28321, -12.23395],
						"0.5": [-33.01379, -5.00026, 14.36587],
						"0.75": [14.62143, 2.61803, 7.8819],
						"1.0": [47.12313, -2.33484, 8.56699]
					}
				},
				"leftflipperp2": {
					"rotation": {
						"0.0": [0, 0, 2.5],
						"0.25": [30, 0, 35],
						"0.5": [0, 0, 2.5],
						"0.75": [0, 0, 2.5],
						"1.0": [0, 0, 2.5]
					},
					"position": {
						"0.0": [0, 0, 0],
						"0.25": [0, 1, 0],
						"0.5": [0, 0, 0]
					}
				},
				"tailp1": {
					"rotation": {
						"0.0": [0.99069, 11.00072, 10.26078],
						"0.25": [0.68528, -9.18229, -8.51814],
						"0.5": [0.99069, -11.00072, -10.26078],
						"0.75": [0.68528, 9.18229, 8.51814],
						"1.0": [0.99069, 11.00072, 10.26078]
					}
				},
				"tailp2": {
					"rotation": {
						"0.0": [0, 12.5, 0],
						"0.25": [0, 2.5, 0],
						"0.5": [0, -12.5, 0],
						"0.75": [0, -2.5, 0],
						"1.0": [0, 12.5, 0]
					}
				},
				"tailp3": {
					"rotation": {
						"0.0": [0, 15, 0],
						"0.25": [0, -2.5, 0],
						"0.5": [0, -15, 0],
						"0.75": [0, 2.5, 0],
						"1.0": [0, 15, 0]
					}
				},
				"tailp4": {
					"rotation": {
						"0.0": [0.24133, 17.43127, 1.5741],
						"0.25": [0.24133, 17.43127, 1.5741],
						"0.5": [0.24133, -17.43127, -1.5741],
						"0.75": [0.24133, -17.43127, -1.5741],
						"1.0": [0.24133, 17.43127, 1.5741]
					}
				}
			}
		},
		"animation.sealifaux.water_idle": {
			"loop": true,
			"animation_length": 1,
			"bones": {
				"body": {
					"rotation": {
						"0.0": [0, 0, 0],
						"0.25": [5, 0, 0],
						"0.5": [7.5, 0, 0],
						"0.75": [-5, 0, 0],
						"1.0": [0, 0, 0]
					}
				},
				"head": {
					"rotation": {
						"0.0": [0, 0, 0],
						"0.25": [-5, 0, 0],
						"0.5": [-7.5, 0, 0],
						"0.75": [5, 0, 0],
						"1.0": [0, 0, 0]
					}
				},
				"rightflipper": {
					"rotation": {
						"0.0": [24.78638, -6.49053, -36.23387],
						"0.5": [17.28638, -6.49053, -36.23387],
						"0.75": [27.28638, -6.49053, -36.23387],
						"1.0": [24.78638, -6.49053, -36.23387]
					}
				},
				"rightflipperp2": {
					"rotation": [2.18558, -9.76061, -27.68664]
				},
				"leftflipper": {
					"rotation": {
						"0.0": [24.78638, 6.49053, 36.23387],
						"0.5": [17.28638, 6.49053, 36.23387],
						"0.75": [27.28638, 6.49053, 36.23387],
						"1.0": [24.78638, 6.49053, 36.23387]
					}
				},
				"leftflipperp2": {
					"rotation": [2.18558, 9.76061, 27.68664]
				},
				"tailp1": {
					"rotation": {
						"0.0": [-55, 0, 0],
						"0.25": [-45, 0, 0],
						"0.5": [-42.5, 0, 0],
						"0.75": [-35, 0, 0],
						"1.0": [-55, 0, 0]
					}
				},
				"tailp2": {
					"rotation": {
						"0.0": [-12.5, 0, 0],
						"0.25": [0, 0, 0],
						"0.5": [17.5, 0, 0],
						"0.75": [17.5, 0, 0],
						"1.0": [-12.5, 0, 0]
					}
				},
				"tailp3": {
					"rotation": {
						"0.0": [-5, 0, 0],
						"0.25": [-12.5, 0, 0],
						"0.5": [12.5, 0, 0],
						"0.75": [25, 0, 0],
						"1.0": [-5, 0, 0]
					}
				},
				"tailp4": {
					"rotation": {
						"0.0": [-20, 0, 0],
						"0.25": [-27.5, 0, 0],
						"0.5": [-5, 0, 0],
						"0.75": [20, 0, 0],
						"1.0": [-20, 0, 0]
					}
				}
			}
		},
		"animation.sealifaux.water_swim": {
			"loop": true,
			"animation_length": 1,
			"bones": {
				"body": {
					"rotation": {
						"0.0": [57.5, 0, 0],
						"0.25": [45, 0, 0],
						"0.5": [30, 0, 0],
						"0.75": [45, 0, 0],
						"1.0": [57.5, 0, 0]
					}
				},
				"head": {
					"rotation": {
						"0.0": [0, 0, 0],
						"0.25": [-5, 0, 0],
						"0.5": [-7.5, 0, 0],
						"0.75": [5, 0, 0],
						"1.0": [0, 0, 0]
					}
				},
				"rightflipper": {
					"rotation": {
						"0.0": [42.28638, -6.49053, -36.23387],
						"0.25": [44.78638, -6.49053, -36.23387],
						"0.5": [54.78638, -6.49053, -36.23387],
						"0.75": [27.28638, -6.49053, -36.23387],
						"1.0": [42.28638, -6.49053, -36.23387]
					}
				},
				"rightflipperp2": {
					"rotation": [2.18558, -9.76061, -27.68664]
				},
				"leftflipper": {
					"rotation": {
						"0.0": [42.28638, 6.49053, 36.23387],
						"0.25": [44.78638, 6.49053, 36.23387],
						"0.5": [54.78638, 6.49053, 36.23387],
						"0.75": [27.28638, 6.49053, 36.23387],
						"1.0": [42.28638, 6.49053, 36.23387]
					}
				},
				"leftflipperp2": {
					"rotation": [2.18558, 9.76061, 27.68664]
				},
				"tailp1": {
					"rotation": {
						"0.0": [-52.5, 0, 0],
						"0.25": [-30, 0, 0],
						"0.5": [-22.5, 0, 0],
						"0.75": [-67.5, 0, 0],
						"1.0": [-52.5, 0, 0]
					}
				},
				"tailp2": {
					"rotation": {
						"0.0": [-12.5, 0, 0],
						"0.25": [0, 0, 0],
						"0.5": [17.5, 0, 0],
						"0.75": [17.5, 0, 0],
						"1.0": [-12.5, 0, 0]
					}
				},
				"tailp3": {
					"rotation": {
						"0.0": [-5, 0, 0],
						"0.25": [-12.5, 0, 0],
						"0.5": [12.5, 0, 0],
						"0.75": [25, 0, 0],
						"1.0": [-5, 0, 0]
					}
				},
				"tailp4": {
					"rotation": {
						"0.0": [-20, 0, 0],
						"0.25": [-27.5, 0, 0],
						"0.5": [-5, 0, 0],
						"0.75": [20, 0, 0],
						"1.0": [-20, 0, 0]
					}
				},
				"actuallythehead": {
					"rotation": {
						"0.0": [-40, 0, 0],
						"0.25": [-37.5, 0, 0],
						"0.5": [-17.5, 0, 0],
						"0.75": [-27.5, 0, 0],
						"1.0": [-40, 0, 0]
					},
					"position": {
						"0.0": [0, -1, 1],
						"1.0": [0, -1, 1]
					}
				}
			}
		},
		"animation.sealifaux.blink": {
			"animation_length": 0.41667,
			"bones": {
				"righteyelid": {
					"rotation": {
						"0.0": [0, 25, 0],
						"0.0833": [0, 25, 0],
						"0.1667": [0, 25, 0],
						"0.2083": [0, 25, 0],
						"0.25": [0, 0, 0],
						"0.375": [0, 0, 0],
						"0.4167": [0, 25, 0]
					},
					"position": {
						"0.0": [0.25, 0, -5.5],
						"0.0833": [0.25, 0, -5.5],
						"0.1667": [0.25, 0, -5.5],
						"0.2083": [0.25, 0, -5.5],
						"0.25": [0, -1, 0],
						"0.375": [0, -1, 0],
						"0.4167": [0.25, 0, -5.5]
					},
					"scale": {
						"0.0": [1, 1, 0],
						"0.0833": [1, 1, 0],
						"0.1667": [1, 1, 0],
						"0.2083": [1, 1, 0],
						"0.25": [1, 1, 1],
						"0.375": [1, 1, 1],
						"0.4167": [1, 1, 0]
					}
				},
				"lefteyelid": {
					"rotation": {
						"0.0": [0, -25, 0],
						"0.0833": [0, -25, 0],
						"0.1667": [0, -25, 0],
						"0.2083": [0, -25, 0],
						"0.25": [0, 0, 0],
						"0.375": [0, 0, 0],
						"0.4167": [0, -25, 0]
					},
					"position": {
						"0.0": [-0.25, 0, -5.5],
						"0.0833": [-0.25, 0, -5.5],
						"0.1667": [-0.25, 0, -5.5],
						"0.2083": [-0.25, 0, -5.5],
						"0.25": [0, -1, 0],
						"0.375": [0, -1, 0],
						"0.4167": [-0.25, 0, -5.5]
					},
					"scale": {
						"0.0": [1, 1, 0],
						"0.0833": [1, 1, 0],
						"0.1667": [1, 1, 0],
						"0.2083": [1, 1, 0],
						"0.25": [1, 1, 1],
						"0.375": [1, 1, 1],
						"0.4167": [1, 1, 0]
					}
				}
			}
		},
		"animation.sealifaux.cry": {
			"animation_length": 0.5,
			"bones": {
				"actuallythehead": {
					"rotation": {
						"0.0": [0, 0, 0],
						"0.25": [0, 0, 0],
						"0.3333": [-15, 0, 0],
						"0.5": [0, 0, 0]
					},
					"position": {
						"0.0": [0, 0, 0],
						"0.25": [0, 0, 0],
						"0.5": [0, 0, 0]
					}
				},
				"mouth": {
					"position": {
						"0.0": [0, 0, 0],
						"0.25": [0, 0, 0],
						"0.5": [0, 0, 0]
					},
					"scale": {
						"0.25": [1, 1, 1],
						"0.3333": [1.3, 1, 1.7],
						"0.4167": [1, 1, 1]
					}
				}
			}
		},
		"animation.sealifaux.faint": {
			"animation_length": 1,
			"bones": {
				"body": {
					"rotation": {
						"0.0": [0, 0, 0],
						"0.2917": [0, 0, 7.5],
						"0.5": [0, 0, 20],
						"0.6667": [0, 0, 30]
					},
					"position": {
						"0.0": [0, 0, 0],
						"0.2917": [1, 0, 0],
						"0.5": [3, 0, 0],
						"0.6667": [4, 1, 0]
					}
				},
				"head": {
					"rotation": {
						"0.25": [0, 0, 0],
						"0.5": [-1.72864, 10.31342, -7.16945],
						"0.7917": [26.71046, 21.85922, -20.95748]
					}
				},
				"actuallythehead": {
					"rotation": {
						"0.5": [0, 0, 0],
						"0.7083": [20, 17.5, 0]
					}
				},
				"righteyelid": {
					"rotation": {
						"0.625": [0, 0, 0],
						"0.6667": [0, 0, 0]
					},
					"position": {
						"0.625": [0, 0, 0],
						"0.6667": [0, -0.85, 0]
					},
					"scale": {
						"0.625": [1, 1, 1],
						"0.6667": [1, 1, 1]
					}
				},
				"lefteyelid": {
					"rotation": {
						"0.625": [0, 0, 0],
						"0.6667": [0, 0, 0]
					},
					"position": {
						"0.625": [0, 0, 0],
						"0.6667": [0, -0.85, 0]
					},
					"scale": {
						"0.625": [1, 1, 1],
						"0.6667": [1, 1, 1]
					}
				},
				"rightflipperp2": {
					"rotation": {
						"0.0": [0, 0, 0],
						"0.5": [0, 0, -20],
						"0.75": [0, 0, -32.5]
					}
				},
				"leftflipper": {
					"rotation": {
						"0.0": [0, 0, 0],
						"0.5": [0, 0, -37.5],
						"0.75": [0, 0, -52.5]
					}
				},
				"tailp1": {
					"rotation": {
						"0.0": [0, 0, 0],
						"0.25": [2.01483, -2.90089, -12.82583],
						"0.5": [1.30311, 9.33965, -25.3766],
						"0.6667": [-1.68703, 18.83078, -36.32522],
						"0.75": [-2.26357, 21.11, -38.82905]
					}
				},
				"tailp2": {
					"rotation": {
						"0.0": [0, 0, 0],
						"0.25": [0, -42.5, 0]
					}
				},
				"tailp3": {
					"rotation": {
						"0.0": [0, 0, 0],
						"0.25": [0, -50, 0]
					}
				},
				"tailp4": {
					"rotation": {
						"0.0": [0, 0, 0],
						"0.25": [0, -52.5, 0]
					}
				}
			}
		},
		"animation.sealifaux.sleep": {
			"loop": true,
			"animation_length": 2,
			"bones": {
				"body": {
					"rotation": {
						"0.0": [42.5, 22.5, 0],
						"1.0": [50, 22.5, 0],
						"2.0": [42.5, 22.5, 0]
					},
					"position": {
						"0.0": [0, -3, -8],
						"1.0": [0, -2, -8],
						"2.0": [0, -3, -8]
					}
				},
				"head": {
					"rotation": [-62.5, 0, 0],
					"position": [0, -3, 0]
				},
				"actuallythehead": {
					"rotation": [25, 0, 0],
					"position": [0, -1, 0]
				},
				"righteyelid": {
					"rotation": [0, 0, 0],
					"position": [0, -0.85, 0],
					"scale": 1
				},
				"lefteyelid": {
					"rotation": [0, 0, 0],
					"position": [0, -0.85, 0],
					"scale": 1
				},
				"rightear": {
					"rotation": [0, 52.5, 0]
				},
				"leftear": {
					"rotation": [0, -52.5, 0]
				},
				"rightflipper": {
					"rotation": {
						"0.0": [20, 0, 0],
						"1.0": [7.5, 0, 0],
						"2.0": [20, 0, 0]
					}
				},
				"leftflipper": {
					"rotation": {
						"0.0": [20, 0, 0],
						"1.0": [7.5, 0, 0],
						"2.0": [20, 0, 0]
					}
				},
				"tailp1": {
					"rotation": {
						"0.0": [-50.94236, -27.24513, 3.88714],
						"1.0": [-63.44236, -27.24513, 3.88714],
						"2.0": [-50.94236, -27.24513, 3.88714]
					}
				},
				"tailp2": {
					"rotation": [-2.5, -40, 0]
				},
				"tailp3": {
					"rotation": [0, -40, 0]
				},
				"tailp4": {
					"rotation": [-10, -50, 0]
				}
			}
		}
	}
}