{
	"format_version": "1.12.0",
	"minecraft:geometry": [
		{
			"description": {
				"identifier": "geometry.hallucerebra",
				"texture_width": 128,
				"texture_height": 128,
				"visible_bounds_width": 6,
				"visible_bounds_height": 3.5,
				"visible_bounds_offset": [0, 1.25, 0]
			},
			"bones": [
				{
					"name": "hallucerebra",
					"pivot": [0, 0, 0]
				},
				{
					"name": "body",
					"parent": "hallucerebra",
					"pivot": [0, 16, 1]
				},
				{
					"name": "torso",
					"parent": "body",
					"pivot": [-1.7838, 16.46683, 5],
					"cubes": [
						{"origin": [-6.25, 12.5, -2], "size": [4, 8, 7], "pivot": [-2.5, 14.5, 2], "rotation": [5, 0, 17.5], "uv": [40, 46]},
						{"origin": [-4.5, 11.5, -2.5], "size": [9, 9, 7], "uv": [27, 12]},
						{"origin": [4.55, 13, -1.25], "size": [0, 6, 4], "pivot": [4.55, 16, 1], "rotation": [-12.5, 0, 0], "uv": [83, -3]}
					]
				},
				{
					"name": "spike_left_mid",
					"parent": "torso",
					"pivot": [3.75, 20.5, 0.75],
					"cubes": [
						{"origin": [5.75, 19, 1.75], "size": [0, 14, 3], "pivot": [5.75, 26, 3.25], "rotation": [-21.80633, 5.68422, 13.9042], "uv": [6, 64]}
					]
				},
				{
					"name": "spike_right_mid",
					"parent": "torso",
					"pivot": [-3.75, 20.5, 0.75],
					"cubes": [
						{"origin": [-5.75, 19, 1.75], "size": [0, 14, 3], "pivot": [-5.75, 26, 3.25], "rotation": [-21.80633, -5.68422, -13.9042], "uv": [0, 64]}
					]
				},
				{
					"name": "arm_left_mid1",
					"parent": "torso",
					"pivot": [3.5, 12, 0.5],
					"cubes": [
						{"origin": [3.5, 8, 0.5], "size": [0, 5, 1], "uv": [44, 45]}
					]
				},
				{
					"name": "arm_left_mid2",
					"parent": "arm_left_mid1",
					"pivot": [3.5, 8, 0.5],
					"cubes": [
						{"origin": [3.5, 4, 0.5], "size": [0, 4, 2], "uv": [23, 17]},
						{"origin": [3, 2, 0], "size": [1, 2, 3], "uv": [0, 0]}
					]
				},
				{
					"name": "foot_left_mid3",
					"parent": "arm_left_mid2",
					"pivot": [3.5, 2, 1.5],
					"cubes": [
						{"origin": [3.5, 0, 1], "size": [0, 2, 3], "uv": [5, 2]}
					]
				},
				{
					"name": "arm_right_mid1",
					"parent": "torso",
					"pivot": [-3.5, 12, 0.5],
					"cubes": [
						{"origin": [-3.5, 8, 0.5], "size": [0, 5, 1], "uv": [54, 27]}
					]
				},
				{
					"name": "arm_right_mid2",
					"parent": "arm_right_mid1",
					"pivot": [-3.5, 8, 0.5],
					"cubes": [
						{"origin": [-3.5, 4, 0.5], "size": [0, 4, 2], "uv": [0, 36]},
						{"origin": [-4, 2, 0], "size": [1, 2, 3], "uv": [23, 6]}
					]
				},
				{
					"name": "foot_right_mid3",
					"parent": "arm_right_mid2",
					"pivot": [-3.5, 2, 1.5],
					"cubes": [
						{"origin": [-3.5, 0, 1], "size": [0, 2, 3], "uv": [23, 25]}
					]
				},
				{
					"name": "uppertorso",
					"parent": "torso",
					"pivot": [0, 16, -2.5],
					"cubes": [
						{"origin": [-2, 14, -7.5], "size": [4, 4, 6], "uv": [56, 55]}
					]
				},
				{
					"name": "uppertorso2",
					"parent": "uppertorso",
					"pivot": [0, 16, -6.5],
					"cubes": [
						{"origin": [-4, 12, -13.5], "size": [8, 8, 7], "uv": [27, 31]},
						{"origin": [-4.225, 12.5, -13], "size": [0, 7, 6], "pivot": [-4.225, 16, -10], "rotation": [-7.5, 0, 0], "uv": [81, 9]},
						{"origin": [-0.5, 15, -12], "size": [5, 6, 6], "pivot": [2, 18, -10], "rotation": [7.5, 0, -12.5], "uv": [34, 0]}
					]
				},
				{
					"name": "spike_left_front",
					"parent": "uppertorso2",
					"pivot": [3.12059, 19.5538, -10.18482],
					"cubes": [
						{"origin": [4.75, 19, -9.25], "size": [0, 13, 3], "pivot": [4.75, 26, -7.75], "rotation": [-21.80633, 5.68422, 13.9042], "uv": [37, 67]}
					]
				},
				{
					"name": "spike_right_front",
					"parent": "uppertorso2",
					"pivot": [-3.12059, 19.5538, -10.18482],
					"cubes": [
						{"origin": [-4.75, 19, -9.25], "size": [0, 13, 3], "pivot": [-4.75, 26, -7.75], "rotation": [-21.80633, -5.68422, -13.9042], "uv": [31, 67]}
					]
				},
				{
					"name": "arm_left_front1",
					"parent": "uppertorso2",
					"pivot": [3, 12, -10.5],
					"cubes": [
						{"origin": [3, 8, -10.5], "size": [0, 5, 1], "uv": [2, 56]}
					]
				},
				{
					"name": "arm_left_front2",
					"parent": "arm_left_front1",
					"pivot": [3, 8, -10.5],
					"cubes": [
						{"origin": [3, 4, -10.5], "size": [0, 4, 2], "uv": [0, 40]},
						{"origin": [2.5, 2, -11], "size": [1, 2, 3], "uv": [57, 38]}
					]
				},
				{
					"name": "foot_left_front",
					"parent": "arm_left_front2",
					"pivot": [3, 2, -9.5],
					"cubes": [
						{"origin": [3, 0, -10], "size": [0, 2, 3], "uv": [29, 25]}
					]
				},
				{
					"name": "arm_right_front1",
					"parent": "uppertorso2",
					"pivot": [-3, 12, -10.5],
					"cubes": [
						{"origin": [-3, 8, -10.5], "size": [0, 5, 1], "uv": [0, 56]}
					]
				},
				{
					"name": "arm_right_front2",
					"parent": "arm_right_front1",
					"pivot": [-3, 8, -10.5],
					"cubes": [
						{"origin": [-3, 4, -10.5], "size": [0, 4, 2], "uv": [21, 36]},
						{"origin": [-3.5, 2, -11], "size": [1, 2, 3], "uv": [0, 24]}
					]
				},
				{
					"name": "foot_right_front",
					"parent": "arm_right_front2",
					"pivot": [-3, 2, -9.5],
					"cubes": [
						{"origin": [-3, 0, -10], "size": [0, 2, 3], "uv": [28, 3]}
					]
				},
				{
					"name": "neck",
					"parent": "uppertorso2",
					"pivot": [0, 16, -13.5],
					"cubes": [
						{"origin": [-1.5, 14.5, -18.5], "size": [3, 3, 5], "uv": [66, 26]}
					]
				},
				{
					"name": "arm_left",
					"parent": "neck",
					"pivot": [1.4, 14.5, -17.5],
					"cubes": [
						{"origin": [1.4, 10.5, -17.5], "size": [0, 5, 1], "uv": [25, 37]}
					]
				},
				{
					"name": "arm_left2",
					"parent": "arm_left",
					"pivot": [1.375, 10.5, -16.55],
					"cubes": [
						{"origin": [1.375, 7.5, -17.55], "size": [0, 3, 2], "uv": [39, 26]}
					]
				},
				{
					"name": "arm_right",
					"parent": "neck",
					"pivot": [-1.4, 14.5, -17.5],
					"cubes": [
						{"origin": [-1.4, 10.5, -17.5], "size": [0, 5, 1], "uv": [4, 37]}
					]
				},
				{
					"name": "arm_right2",
					"parent": "arm_right",
					"pivot": [-1.325, 10.5, -16.5],
					"cubes": [
						{"origin": [-1.325, 7.5, -17.5], "size": [0, 3, 2], "uv": [35, 26]}
					]
				},
				{
					"name": "head",
					"parent": "neck",
					"pivot": [0, 15.94311, -18.56275],
					"cubes": [
						{"origin": [-2.5, 14, -24.5], "size": [5, 4, 6], "uv": [50, 28]},
						{"origin": [0.5, 15.75, -24.525], "size": [2, 1, 0], "uv": [5, 7]},
						{"origin": [0.4, 14.5, -24.525], "size": [2, 1, 0], "pivot": [1.4, 15, -24.525], "rotation": [0, 0, 5], "uv": [5, 2]},
						{"origin": [-2.4, 14.5, -24.525], "size": [2, 1, 0], "pivot": [-1.4, 15, -24.525], "rotation": [0, 0, -5], "uv": [5, 0]},
						{"origin": [-2.5, 15.75, -24.525], "size": [2, 1, 0], "uv": [5, 1]},
						{"origin": [-6.25, 17.5, -28.5], "size": [6, 8, 11], "pivot": [-2.75, 21, -22.5], "rotation": [0, 0, -2.5], "uv": [0, 19]},
						{"origin": [1.5, 14.5, -22.5], "size": [3, 4, 5], "inflate": 0.002, "uv": [47, 65]},
						{"origin": [-4.5, 14.5, -22.5], "size": [3, 4, 5], "inflate": 0.002, "uv": [15, 62]},
						{"origin": [0.25, 17.5, -28.5], "size": [6, 8, 11], "pivot": [2.75, 21, -22.5], "rotation": [0, 0, 2.5], "uv": [0, 0]},
						{"origin": [6.325, 18.5, -24.75], "size": [0, 6, 6], "pivot": [2.75, 21, -21.75], "rotation": [17.5, 0, 2.5], "uv": [48, 68]},
						{"origin": [-6.325, 18.5, -24.75], "size": [0, 6, 6], "pivot": [-2.75, 21, -21.75], "rotation": [17.5, 0, -2.5], "uv": [65, 68], "mirror": true},
						{"origin": [-0.5, 18, -28], "size": [1, 6, 10], "uv": [18, 46]},
						{"origin": [-4.5, 14.67108, -19.06183], "size": [9, 4, 3], "inflate": -0.001, "pivot": [0, 16.77108, -16.93683], "rotation": [-37.5, 0, 0], "uv": [55, 43]},
						{"origin": [-4.5, 17.79608, -18.11183], "size": [9, 3, 3], "uv": [50, 0]},
						{"origin": [-3.5, 20.39608, -18.71183], "size": [7, 2, 2], "pivot": [0, 21.79608, -17.11183], "rotation": [27.5, 0, 0], "uv": [0, 53]}
					]
				},
				{
					"name": "lowertorso",
					"parent": "body",
					"pivot": [0, 16, 5],
					"cubes": [
						{"origin": [-1.5, 14.5, 3.5], "size": [3, 3, 6], "uv": [34, 61]}
					]
				},
				{
					"name": "lowertorso2",
					"parent": "lowertorso",
					"pivot": [0, 16, 8.5],
					"cubes": [
						{"origin": [-3.5, 10.5, 7.5], "size": [7, 7, 7], "pivot": [1, 15, 11.5], "rotation": [-180, 0, 0], "uv": [0, 39]},
						{"origin": [-3.575, 13.5, 10], "size": [0, 5, 4], "pivot": [-3.575, 16, 12], "rotation": [172.5, 0, 0], "uv": [81, 6]},
						{"origin": [0.19274, 13.25986, 9], "size": [4, 5, 6], "pivot": [1, 15, 11.5], "rotation": [172.5, 0, 12.5], "uv": [52, 6]}
					]
				},
				{
					"name": "spike_left_back",
					"parent": "lowertorso2",
					"pivot": [2.99118, 19.1076, 11.38036],
					"cubes": [
						{"origin": [4.75, 18, 12.75], "size": [0, 12, 3], "pivot": [4.75, 25, 14.25], "rotation": [-21.80633, 5.68422, 13.9042], "uv": [18, 68]}
					]
				},
				{
					"name": "spike_right_back",
					"parent": "lowertorso2",
					"pivot": [-2.99118, 19.1076, 11.38036],
					"cubes": [
						{"origin": [-4.75, 18, 12.75], "size": [0, 12, 3], "pivot": [-4.75, 25, 14.25], "rotation": [-21.80633, -5.68422, -13.9042], "uv": [12, 68]}
					]
				},
				{
					"name": "arm_left_back1",
					"parent": "lowertorso2",
					"pivot": [2.5, 12, 11.5],
					"cubes": [
						{"origin": [2.5, 8, 11.5], "size": [0, 5, 1], "uv": [50, 27]}
					]
				},
				{
					"name": "arm_left_back2",
					"parent": "arm_left_back1",
					"pivot": [2.5, 8, 11.5],
					"cubes": [
						{"origin": [2.5, 4, 11.5], "size": [0, 4, 2], "uv": [23, 21]},
						{"origin": [2, 2, 11], "size": [1, 2, 3], "uv": [0, 5]}
					]
				},
				{
					"name": "foot_left_back3",
					"parent": "arm_left_back2",
					"pivot": [2.5, 2, 12.5],
					"cubes": [
						{"origin": [2.5, 0, 12], "size": [0, 2, 3], "uv": [5, 16]}
					]
				},
				{
					"name": "arm_right_back1",
					"parent": "lowertorso2",
					"pivot": [-2.5, 12, 11.5],
					"cubes": [
						{"origin": [-2.5, 8, 11.5], "size": [0, 5, 1], "uv": [52, 27]}
					]
				},
				{
					"name": "arm_right_back2",
					"parent": "arm_right_back1",
					"pivot": [-2.5, 8, 11.5],
					"cubes": [
						{"origin": [-2.5, 4, 11.5], "size": [0, 4, 2], "uv": [35, 0]},
						{"origin": [-3, 2, 11], "size": [1, 2, 3], "uv": [0, 19]}
					]
				},
				{
					"name": "foot_right_back3",
					"parent": "arm_right_back2",
					"pivot": [-2.5, 2, 12.5],
					"cubes": [
						{"origin": [-2.5, 0, 12], "size": [0, 2, 3], "uv": [5, 21]}
					]
				},
				{
					"name": "tail1",
					"parent": "lowertorso2",
					"pivot": [0, 16, 15.5],
					"cubes": [
						{"origin": [-1.5, 14.5, 14.5], "size": [3, 3, 6], "uv": [59, 17]}
					]
				},
				{
					"name": "tail2",
					"parent": "tail1",
					"pivot": [0, 16, 19.5],
					"cubes": [
						{"origin": [-2.5, 13.5, 19.5], "size": [5, 5, 5], "uv": [0, 57]},
						{"origin": [-3, 15, 20.5], "size": [4, 4, 3], "pivot": [-2, 17.5, 22], "rotation": [0, 0, -12.5], "uv": [30, 46]}
					]
				},
				{
					"name": "tail3",
					"parent": "tail2",
					"pivot": [0, 16, 24.5],
					"cubes": [
						{"origin": [-1, 15, 24], "size": [2, 2, 4], "uv": [66, 6]}
					]
				},
				{
					"name": "tail4",
					"parent": "tail3",
					"pivot": [0, 16, 27.5],
					"cubes": [
						{"origin": [-2, 14, 27.5], "size": [4, 4, 4], "uv": [63, 65]}
					]
				},
				{
					"name": "tail5",
					"parent": "tail4",
					"pivot": [0, 16, 31.5],
					"cubes": [
						{"origin": [-1, 15, 30.5], "size": [2, 2, 4], "uv": [23, 0]}
					]
				}
			]
		}
	]
}