{
    "target": "cobblemon:eevee",
    "evolutions": [
      {
        "id": "eevee_spectreon",
        "variant": "level_up",
        "result": "spectreon",
        "consumeHeldItem": false,
        "learnableMoves": [],
        "requirements": [
          {
            "variant": "friendship",
            "amount": 160
          },
          {
            "variant": "biome",
            "biomeCondition": "minecraft:soul_sand_valley"
          }
        ]
      },
      {
        "id": "eevee_wyveon",
        "variant": "level_up",
        "result": "wyveon",
        "consumeHeldItem": false,
        "learnableMoves": [],
        "requirements": [
          {
            "variant": "friendship",
            "amount": 160
          },
          {
            "variant": "world",
            "identifier": "minecraft:the_end"
          }
        ]
      },
      {
        "id": "eevee_automeon",
        "variant": "item_interact",
        "result": "automeon",
        "consumeHeldItem": true,
        "permanent": true,
        "learnableMoves": [],
        "requirements": [
          {
            "variant": "held_item",
            "itemCondition": "minecraft:lever"
          }
        ],
        "requiredContext": "minecraft:redstone_block"
      },
      {
        "id": "eevee_acideon",
        "variant": "level_up",
        "result": "acideon",
        "consumeHeldItem": false,
        "learnableMoves": [],
        "requirements": [
          {
            "variant": "party_member",
            "contains": "true",
            "target": "muk"
          },
          {
            "variant": "level",
            "minLevel": 24
          }
        ]
      },
      {
        "id": "eevee_champeon",
        "variant": "level_up",
        "consumeHeldItem": true,
        "permanent": true,
        "result": "champeon",
        "requirements": [
          {
            "variant": "held_item",
            "itemCondition": "cobblemon:focus_band"
          },
          {
            "variant": "level",
            "minLevel": 36
          }
        ]
      },
      {
        "id": "eevee_hiveon",
        "variant": "level_up",
        "result": "hiveon",
        "consumeHeldItem": true,
        "permanent": true,
        "learnableMoves": [],
        "requirements": [
          {
            "variant": "party_member",
            "contains": "true",
            "target": "beedrill"
          },
          {
            "variant": "held_item",
            "itemCondition": "minecraft:beehive"
          }
        ]
      },
      {
        "id": "eevee_minereon",
        "variant": "level_up",
        "result": "minereon",
        "consumeHeldItem": true,
        "permanent": true,
        "learnableMoves": [],
        "requirements": [
          {
            "variant": "biome",
            "biomeCondition": "minecraft:dripstone_caves"
          },
          {
            "variant": "held_item",
            "itemCondition": "minecraft:iron_pickaxe"
          }
        ]
      },
      {
        "id": "eevee_aereon",
        "variant": "level_up",
        "result": "aereon",
        "consumeHeldItem": true,
        "learnableMoves": [],
        "requirements": [
          {
            "variant": "held_item",
            "itemCondition": "wind_charge"
          },
          {
            "variant": "biome",
            "biomeCondition": "minecraft:windswept_hills"
          }
        ]
      },
      {
        "id": "eevee_eeveeon",
        "variant": "level_up",
        "result": "eeveeon",
        "consumeHeldItem": false,
        "learnableMoves": [],
        "requirements": [
          {
            "variant": "has_move",
            "move": "lastresort"
          },
          {
            "variant": "friendship",
            "amount": 255
          }
        ]
      },
      {
        "id": "eevee_dungeon",
        "variant": "level_up",
        "result": "dungeon",
        "consumeHeldItem": true,
        "permanent": true,
        "learnableMoves": [],
        "requirements": [
          {
            "variant": "biome",
            "biomeCondition": "minecraft:deep_dark"
          },
          {
            "variant": "held_item",
            "itemCondition": "minecraft:lantern"
          }
        ]
      },
      {
        "id": "eevee_evereon",
        "variant": "level_up",
        "result": "evereon",
        "consumeHeldItem": false,
        "learnableMoves": [],
        "requirements": [
          {
            "variant": "defeat",
            "target": "vaporeon",
            "amount": 1
          },
          {
            "variant": "defeat",
            "target": "flareon",
            "amount": 1
          },
          {
            "variant": "defeat",
            "target": "jolteon",
            "amount": 1
          },
          {
            "variant": "defeat",
            "target": "umbreon",
            "amount": 1
          },
          {
            "variant": "defeat",
            "target": "espeon",
            "amount": 1
          },
          {
            "variant": "defeat",
            "target": "leafeon",
            "amount": 1
          },
          {
            "variant": "defeat",
            "target": "glaceon",
            "amount": 1
          },
          {
            "variant": "defeat",
            "target": "sylveon",
            "amount": 1
          },
          {
            "variant": "defeat",
            "target": "acideon",
            "amount": 1
          },
          {
            "variant": "defeat",
            "target": "aereon",
            "amount": 1
          },
          {
            "variant": "defeat",
            "target": "automeon",
            "amount": 1
          },
          {
            "variant": "defeat",
            "target": "champeon",
            "amount": 1
          },
          {
            "variant": "defeat",
            "target": "dungeon",
            "amount": 1
          },
          {
            "variant": "defeat",
            "target": "eeveeon",
            "amount": 1
          },
          {
            "variant": "defeat",
            "target": "hiveon",
            "amount": 1
          },
          {
            "variant": "defeat",
            "target": "minereon",
            "amount": 1
          },
          {
            "variant": "defeat",
            "target": "spectreon",
            "amount": 1
          },
          {
            "variant": "defeat",
            "target": "wyveon",
            "amount": 1
          }
        ]
      }
    ]
  }