{
	"format_version": "1.12.0",
	"minecraft:geometry": [
		{
			"description": {
				"identifier": "geometry.salamarine",
				"texture_width": 256,
				"texture_height": 256,
				"visible_bounds_width": 10,
				"visible_bounds_height": 5,
				"visible_bounds_offset": [0, 1.5, 0]
			},
			"bones": [
				{
					"name": "salamarine",
					"pivot": [0, 0, 0]
				},
				{
					"name": "body",
					"parent": "salamarine",
					"pivot": [0.01389, 3.70992, 0.84143],
					"cubes": [
						{"origin": [-9, 1, -8], "size": [18, 19, 16], "uv": [0, 0]},
						{"origin": [7.5, 0.5, -2], "size": [4, 22, 4], "pivot": [9.5, 11.5, 0], "rotation": [0, 0, 7.5], "uv": [58, 125]},
						{"origin": [10.99631, 22.67707, -2.5], "size": [0, 10, 5], "pivot": [13.57131, 27.10207, 0], "rotation": [0, 0, -22.5], "uv": [140, 72]},
						{"origin": [4.4949, 3.46871, 15], "size": [4, 22, 4], "pivot": [6.23614, 22.07394, 17], "rotation": [17.35932, -2.24944, 7.15656], "uv": [42, 124]},
						{"origin": [9.81466, 23.78965, 14.5], "size": [0, 10, 5], "pivot": [6.23614, 22.07394, 17], "rotation": [16.24074, 6.60796, -21.55613], "uv": [0, 136]},
						{"origin": [-7.5, 4.46009, 19.79787], "size": [15, 18, 11], "pivot": [0, 16.05815, 17.35371], "rotation": [165, 0, 180], "uv": [0, 56]},
						{"origin": [-5, 5.72624, 10.52367], "size": [10, 17, 12], "pivot": [0, 16.05815, 17.35371], "rotation": [152.5, 0, 180], "uv": [59, 23]},
						{"origin": [-3.5, 12.09706, 6.1384], "size": [7, 11, 6], "pivot": [0, 16.05815, 17.35371], "rotation": [157.5, 0, -180], "uv": [65, 108]},
						{"origin": [-7.75, 18.5, 10], "size": [16, 4, 7], "inflate": 0.001, "pivot": [0, 8.5, 13], "rotation": [15, 0, 0], "uv": [32, 85]},
						{"origin": [-5.5, 21.10521, 12.36495], "size": [11, 3.5, 9], "inflate": 0.001, "pivot": [4, 22.60521, 16.86495], "rotation": [27.5, 0, 0], "uv": [44, 96]},
						{"origin": [-4.5, 24.58762, 22.46556], "size": [9, 3, 5], "inflate": 0.001, "pivot": [0, 21.06262, 24.46556], "rotation": [22.5, 0, 0], "uv": [131, 57]},
						{"origin": [-10.5, 17.5, -8.5], "size": [21, 4, 17], "inflate": 0.001, "uv": [0, 35]},
						{"origin": [-8.4949, 3.46871, 15], "size": [4, 22, 4], "pivot": [-6.23614, 22.07394, 17], "rotation": [17.35932, 2.24944, -7.15656], "uv": [117, 26]},
						{"origin": [-9.81466, 23.78965, 14.5], "size": [0, 10, 5], "pivot": [-6.23614, 22.07394, 17], "rotation": [16.24074, -6.60796, 21.55613], "uv": [0, 0]},
						{"origin": [-11.5, 0.5, -2], "size": [4, 22, 4], "pivot": [-9.5, 11.5, 0], "rotation": [0, 0, -7.5], "uv": [117, 108]},
						{"origin": [-10.99631, 22.67707, -2.5], "size": [0, 10, 5], "pivot": [-13.57131, 27.10207, 0], "rotation": [0, 0, 22.5], "uv": [0, 51]},
						{"origin": [-13, 13.10622, 7.60997], "size": [7, 0, 7], "pivot": [-11, 15.10622, 9.60997], "rotation": [13.9042, -5.68422, 21.80633], "uv": [86, 60]},
						{"origin": [6, 13.10622, 7.60997], "size": [7, 0, 7], "pivot": [11, 15.10622, 9.60997], "rotation": [13.9042, 5.68422, -21.80633], "uv": [96, 30]}
					]
				},
				{
					"name": "torso",
					"parent": "body",
					"pivot": [0, 8.5, -7.75],
					"cubes": [
						{"origin": [-7.5, 2.50955, -16.27465], "size": [15, 18, 11], "pivot": [0, 11.00955, -10.77465], "rotation": [-15, 0, 0], "uv": [52, 56]},
						{"origin": [-5, 6.75, -25], "size": [10, 17, 12], "pivot": [0, 15.5, -20], "rotation": [-27.5, 0, 0], "uv": [0, 85]},
						{"origin": [-5, 6.5, -28], "size": [10, 8, 7], "inflate": -0.002, "pivot": [0, 8.5, -24], "rotation": [20, 0, 0], "uv": [104, 60]},
						{"origin": [-3.5, 15.08762, -27.46556], "size": [7, 11, 6], "pivot": [0, 21.06262, -24.46556], "rotation": [-22.5, 0, 0], "uv": [91, 108]},
						{"origin": [-2.5, 20.24586, -30.42979], "size": [5, 7, 4], "inflate": -0.001, "pivot": [0, 22.34586, -28.80479], "rotation": [-12.5, 0, 0], "uv": [135, 137]},
						{"origin": [-5.5, 21.10521, -21.36495], "size": [11, 3.5, 9], "inflate": 0.001, "pivot": [4, 22.60521, -16.86495], "rotation": [-27.5, 0, 0], "uv": [84, 96]},
						{"origin": [-4.5, 24.58762, -27.46556], "size": [9, 3, 5], "inflate": 0.001, "pivot": [0, 21.06262, -24.46556], "rotation": [-22.5, 0, 0], "uv": [132, 7]},
						{"origin": [-3, 26.74586, -30.42979], "size": [6, 2, 5], "pivot": [0, 22.34586, -28.80479], "rotation": [-12.5, 0, 0], "uv": [136, 70]},
						{"origin": [9.81466, 23.78965, -19.5], "size": [0, 10, 5], "pivot": [6.23614, 22.07394, -17], "rotation": [-16.24074, -6.60796, -21.55613], "uv": [10, 136]},
						{"origin": [4.4949, 3.46871, -19], "size": [4, 22, 4], "pivot": [6.23614, 22.07394, -17], "rotation": [-17.35932, 2.24944, 7.15656], "uv": [124, 75]},
						{"origin": [-9.81466, 23.78965, -19.5], "size": [0, 10, 5], "pivot": [-6.23614, 22.07394, -17], "rotation": [-16.24074, 6.60796, 21.55613], "uv": [0, 80]},
						{"origin": [-8.4949, 3.46871, -19], "size": [4, 22, 4], "pivot": [-6.23614, 22.07394, -17], "rotation": [-17.35932, -2.24944, -7.15656], "uv": [26, 124]},
						{"origin": [6, 13.10622, -14.60997], "size": [7, 0, 7], "pivot": [11, 15.10622, -9.60997], "rotation": [-13.9042, -5.68422, -21.80633], "uv": [68, 96]},
						{"origin": [-13, 13.10622, -14.60997], "size": [7, 0, 7], "pivot": [-11, 15.10622, -9.60997], "rotation": [-13.9042, 5.68422, 21.80633], "uv": [64, 85]},
						{"origin": [-7.75, 18.5, -17], "size": [16, 4, 7], "inflate": 0.001, "pivot": [0, 8.5, -13], "rotation": [-15, 0, 0], "uv": [78, 85]}
					]
				},
				{
					"name": "head",
					"parent": "torso",
					"pivot": [0, 9.49202, -26.49561],
					"cubes": [
						{"origin": [-4, 9, -41], "size": [8, 5, 6], "uv": [127, 46]},
						{"origin": [-4, 9, -41.525], "size": [8, 5, 1], "inflate": -0.001, "pivot": [0, 11.5, -41.025], "rotation": [10, 0, 0], "uv": [110, 147]},
						{"origin": [2, 13.71, -42.12517], "size": [2, 2, 0], "pivot": [3, 14.86, -42.12517], "rotation": [9.91615, -1.29876, 7.38733], "uv": [0, 2]},
						{"origin": [-4, 13.71, -42.12517], "size": [2, 2, 0], "pivot": [-3, 14.86, -42.12517], "rotation": [9.91615, 1.29876, -7.38733], "uv": [0, 0]},
						{"origin": [-3, 12.5, -37.875], "size": [6, 3, 12], "inflate": 0.001, "pivot": [0, 14.5, -31.875], "rotation": [15, 0, 0], "uv": [96, 0]},
						{"origin": [-5.5, 9, -35], "size": [11, 5, 5], "uv": [119, 15]},
						{"origin": [-5.5, 5, -30], "size": [11, 9, 4], "uv": [0, 114]},
						{"origin": [4.69533, 13.63406, -31.11343], "size": [3, 14, 0], "inflate": 0.001, "pivot": [6.19533, 26.17312, -30.13961], "rotation": [8.78349, -9.25615, 15.1718], "uv": [18, 127]},
						{"origin": [4.69533, 27.10478, -31.59794], "size": [3, 9, 0], "inflate": 0.001, "pivot": [6.19533, 26.17312, -30.13961], "rotation": [-16.21651, -9.25615, 15.1718], "uv": [44, 96]},
						{"origin": [-7.69533, 13.63406, -31.11343], "size": [3, 14, 0], "inflate": 0.001, "pivot": [-6.19533, 26.17312, -30.13961], "rotation": [8.78349, 9.25615, -15.1718], "uv": [10, 0]},
						{"origin": [-7.69533, 27.10478, -31.59794], "size": [3, 9, 0], "inflate": 0.001, "pivot": [-6.19533, 26.17312, -30.13961], "rotation": [-16.21651, 9.25615, -15.1718], "uv": [55, 56]},
						{"origin": [-2.5, 16.5, -30.5], "size": [5, 10, 4], "inflate": 0.001, "pivot": [0, 18.5, -28], "rotation": [20, 0, 0], "uv": [0, 127]},
						{"origin": [-1.5, 24.875, -32.5], "size": [3, 14, 3], "pivot": [0, 27.2, -31.625], "rotation": [-15, 0, 0], "uv": [0, 35]},
						{"origin": [-1, 36.95664, -27.17861], "size": [2, 2, 6], "pivot": [0, 34.13164, -27.47861], "rotation": [27.5, 0, 0], "uv": [14, 145]}
					]
				},
				{
					"name": "jaw",
					"parent": "head",
					"pivot": [0, 6.60958, -29.7471],
					"cubes": [
						{"origin": [-5.5, 4, -34.75], "size": [11, 2, 5], "pivot": [0, 4.76755, -38.27544], "rotation": [5, 0, 0], "uv": [124, 101]},
						{"origin": [-4, 4, -40.75], "size": [8, 2, 6], "pivot": [0, 4.76755, -38.27544], "rotation": [5, 0, 0], "uv": [133, 33]},
						{"origin": [-4, 6, -40.75], "size": [8, 2, 6], "pivot": [0, 4.76755, -38.27544], "rotation": [5, 0, 0], "uv": [133, 25]},
						{"origin": [-5.5, 6, -34.75], "size": [11, 2, 5], "pivot": [0, 4.76755, -38.27544], "rotation": [5, 0, 0], "uv": [120, 0]},
						{"origin": [-3.5, 5.73056, -49.70105], "size": [7, 0, 10], "pivot": [0, 4.76755, -38.27544], "rotation": [25, 0, 0], "uv": [31, 56]}
					]
				},
				{
					"name": "eye_right",
					"parent": "head",
					"pivot": [-5.67069, 13.811, -29.25637],
					"cubes": [
						{"origin": [-6.5, 11.25, -31], "size": [3, 3, 4], "pivot": [-5, 12.75, -29], "rotation": [0, -12.5, 0], "uv": [91, 125]},
						{"origin": [-6.48944, 12.25, -31.32466], "size": [0, 1, 4], "pivot": [-6.46444, 12.75, -29.32466], "rotation": [20, -12.5, 0], "uv": [0, 0]},
						{"origin": [-5.5, 14.25, -31.5], "size": [0, 4, 5], "pivot": [-5, 15.75, -29], "rotation": [22.76048, -33.82584, -37.0045], "uv": [52, 5]}
					]
				},
				{
					"name": "eye_left",
					"parent": "head",
					"pivot": [5.67069, 13.811, -29.25637],
					"cubes": [
						{"origin": [3.5, 11.25, -31], "size": [3, 3, 4], "pivot": [5, 12.75, -29], "rotation": [0, 12.5, 0], "uv": [128, 148]},
						{"origin": [6.48944, 12.25, -31.32466], "size": [0, 1, 4], "pivot": [6.46444, 12.75, -29.32466], "rotation": [20, 12.5, 0], "uv": [0, 11]},
						{"origin": [5.5, 14.25, -31.5], "size": [0, 4, 5], "pivot": [5, 15.75, -29], "rotation": [22.76048, 33.82584, 37.0045], "uv": [76, 47]}
					]
				},
				{
					"name": "arm_front_right",
					"parent": "torso",
					"pivot": [-7.5, 7.5, -12.5],
					"cubes": [
						{"origin": [-14, 6, -14], "size": [7, 3, 3], "uv": [133, 118]}
					]
				},
				{
					"name": "arm_front_right2",
					"parent": "arm_front_right",
					"pivot": [-15.25, 7.5, -12.5],
					"cubes": [
						{"origin": [-18, 5, -15], "size": [5, 5, 5], "uv": [104, 75]},
						{"origin": [-24, 6, -14], "size": [6, 3, 3], "uv": [140, 87]}
					]
				},
				{
					"name": "flipper_front_right",
					"parent": "arm_front_right2",
					"pivot": [-23, 7.5, -12.5],
					"cubes": [
						{"origin": [-36, 7.5, -15.5], "size": [14, 0, 10], "uv": [42, 0]}
					]
				},
				{
					"name": "arm_front_left",
					"parent": "torso",
					"pivot": [7.5, 7.5, -12.5],
					"cubes": [
						{"origin": [7, 6, -14], "size": [7, 3, 3], "uv": [139, 124]}
					]
				},
				{
					"name": "arm_front_left2",
					"parent": "arm_front_left",
					"pivot": [15.25, 7.5, -12.5],
					"cubes": [
						{"origin": [13, 5, -15], "size": [5, 5, 5], "uv": [115, 137]},
						{"origin": [18, 6, -14], "size": [6, 3, 3], "uv": [92, 145]}
					]
				},
				{
					"name": "flipper_front_left",
					"parent": "arm_front_left2",
					"pivot": [23, 7.5, -12.5],
					"cubes": [
						{"origin": [22, 7.5, -15.5], "size": [14, 0, 10], "uv": [81, 20]}
					]
				},
				{
					"name": "arm_back_right",
					"parent": "body",
					"pivot": [-7.5, 7.5, 12.5],
					"cubes": [
						{"origin": [-14, 6, 11], "size": [7, 3, 3], "uv": [74, 139]}
					]
				},
				{
					"name": "arm_back_right2",
					"parent": "arm_back_right",
					"pivot": [-15.25, 7.5, 12.5],
					"cubes": [
						{"origin": [-18, 5, 10], "size": [5, 5, 5], "uv": [100, 129]},
						{"origin": [-24, 6, 11], "size": [6, 3, 3], "uv": [140, 93]}
					]
				},
				{
					"name": "flipper_back_right",
					"parent": "arm_back_right2",
					"pivot": [-23, 7.5, 12.5],
					"cubes": [
						{"origin": [-36, 7.5, 9.5], "size": [14, 0, 10], "uv": [58, 10]}
					]
				},
				{
					"name": "arm_back_left",
					"parent": "body",
					"pivot": [7.5, 7.5, 12.5],
					"cubes": [
						{"origin": [7, 6, 11], "size": [7, 3, 3], "uv": [94, 139]}
					]
				},
				{
					"name": "arm_back_left2",
					"parent": "arm_back_left",
					"pivot": [15.25, 7.5, 12.5],
					"cubes": [
						{"origin": [13, 5, 10], "size": [5, 5, 5], "uv": [133, 108]},
						{"origin": [18, 6, 11], "size": [6, 3, 3], "uv": [74, 145]}
					]
				},
				{
					"name": "flipper_back_left",
					"parent": "arm_back_left2",
					"pivot": [23, 7.5, 12.5],
					"cubes": [
						{"origin": [22, 7.5, 9.5], "size": [14, 0, 10], "uv": [70, 0]}
					]
				},
				{
					"name": "tail1",
					"parent": "body",
					"pivot": [0, 23.41988, 25.89803],
					"cubes": [
						{"origin": [-3.5, 19.41988, 24.89803], "size": [7, 8, 10], "inflate": -0.002, "pivot": [0, 22.91988, 29.89803], "rotation": [0, 0, 0], "uv": [93, 42]}
					]
				},
				{
					"name": "tail2",
					"parent": "tail1",
					"pivot": [0, 24.16988, 34.89803],
					"cubes": [
						{"origin": [-3, 20.41988, 34.89803], "size": [6, 7, 9], "inflate": -0.001, "pivot": [0, 22.91988, 29.89803], "rotation": [0, 0, 0], "uv": [35, 108]}
					]
				},
				{
					"name": "tail3",
					"parent": "tail2",
					"pivot": [0, 24.91988, 43.89803],
					"cubes": [
						{"origin": [-2, 22.41988, 43.89803], "size": [4, 5, 9], "inflate": -0.001, "pivot": [0, 22.91988, 27.89803], "rotation": [0, 0, 0], "uv": [74, 125]}
					]
				},
				{
					"name": "tail4",
					"parent": "tail3",
					"pivot": [0, 25.91988, 52.89803],
					"cubes": [
						{"origin": [-1.5, 24.41988, 52.89803], "size": [3, 3, 10], "inflate": -0.001, "pivot": [0, 22.91988, 27.89803], "rotation": [0, 0, 0], "uv": [123, 124]}
					]
				}
			]
		}
	]
}