{
  "enabled": true,
  "neededInstalledMods": [],
  "neededUninstalledMods": [],
  "spawns": [
    {
      "id": "carquette-1",
      "pokemon": "carquette",
      "presets": [
        "natural"
      ],
      "type": "pokemon",
      "context": "grounded",
      "bucket": "rare",
      "level": "12-36",
      "weight": 5.0,
      "condition": {
        "canSeeSky": true,
        "biomes": [
          "#cobblemon:is_badlands",
          "terralith:sakura_grove",
          "terralith:sakura_valley",
          "minecraft:cherry_grove"
        ]
      }
    }
  ]
}
