{
  "enabled": true,
  "neededInstalledMods": [],
  "neededUninstalledMods": [],
  "spawns": [
    {
      "id": "cinderling-1",
      "pokemon": "cinderling",
      "presets": [
        "natural"
      ],
      "type": "pokemon",
      "context": "grounded",
      "bucket": "rare",
      "level": "10-38",
      "weight": 5.0,
      "condition": {
        "biomes": [
          "#minecraft:is_nether"
        ]
      }
    },
    {
      "id": "cinderling-2",
      "pokemon": "cinderling",
      "presets": [
        "natural"
      ],
      "type": "pokemon",
      "context": "grounded",
      "bucket": "rare",
      "level": "10-38",
      "weight": 5.0,
      "condition": {
        "biomes": [
          "#cobblemon:is_overworld"
        ],
        "neededNearbyBlocks": [
          "minecraft:campfire"
        ]
      }
    }
  ]
}
