{
  "enabled": true,
  "neededInstalledMods": [],
  "neededUninstalledMods": [],
  "spawns": [
    {
      "id": "dreadline-1",
      "pokemon": "dreadline",
      "presets": [
        "underwater"
      ],
      "type": "pokemon",
      "context": "submerged",
      "bucket": "rare",
      "level": "20-48",
      "weight": 5.0,
      "condition": {
        "biomes": [
          "minecraft:deep_lukewarm_ocean",
          "minecraft:deep_ocean",
          "minecraft:deep_frozen_ocean",
          "wythers:deep_icy_ocean"
        ]
      }
    }
  ]
}
