{
  "enabled": true,
  "neededInstalledMods": [],
  "neededUninstalledMods": [],
  "spawns": [
    {
      "id": "huwatt-1",
      "pokemon": "huwatt",
      "presets": [
        "natural"
      ],
      "type": "pokemon",
      "context": "grounded",
      "bucket": "rare",
      "level": "10-38",
      "weight": 5.0,
      "condition": {
        "biomes": [
          "#minecraft:is_end"
        ]
      }
    },
    {
      "id": "huwatt-2",
      "pokemon": "huwatt",
      "presets": [
        "natural"
      ],
      "type": "pokemon",
      "context": "grounded",
      "bucket": "rare",
      "level": "10-38",
      "weight": 5.0,
      "condition": {
        "isThundering": true,
        "canSeeSky": true,
        "biomes": [
          "#cobblemon:is_overworld"
        ]
      }
    }
  ]
}
