{
  "enabled": true,
  "neededInstalledMods": [],
  "neededUninstalledMods": [],
  "spawns": [
    {
      "id": "nagasius-1",
      "pokemon": "nagasius",
      "presets": [
        "urban"
      ],
      "type": "pokemon",
      "context": "grounded",
      "bucket": "rare",
      "level": "10-38",
      "weight": 5.0,
      "condition": {
        "biomes": [
          "#cobblemon:is_overworld"
        ]
      }
    },
    {
      "id": "nagasius-2",
      "pokemon": "nagasius",
      "presets": [
        "village"
      ],
      "type": "pokemon",
      "context": "grounded",
      "bucket": "rare",
      "level": "10-38",
      "weight": 5.0,
      "condition": {
        "canSeeSky": true,
        "biomes": [
          "#cobblemon:is_overworld"
        ]
      }
    }
  ]
}
