{
    "pools": [
      {
        "rolls": 1,
        "entries": [
          {
            "type": "minecraft:item",
            "name": "minecraft:glistering_melon_slice",
            "functions": [
              {
                "function": "minecraft:set_name",
                "name": {
                  "text": "Reef Fossil",
                  "italic": false
                }
              }
            ]
          }
        ],
        "functions": [
          {
            "function": "minecraft:set_custom_model_data",
            "value": 1
          }
        ]
      }
    ]
  }