{
	"format_version": "1.12.0",
	"minecraft:geometry": [
		{
			"description": {
				"identifier": "geometry.mimikyu_male",
				"texture_width": 64,
				"texture_height": 64,
				"visible_bounds_width": 5,
				"visible_bounds_height": 2.5,
				"visible_bounds_offset": [0, 0.75, 0]
			},
			"bones": [
				{
					"name": "mimikyu",
					"pivot": [0, 0, 0]
				},
				{
					"name": "body",
					"parent": "mimikyu",
					"pivot": [0, 0, 0]
				},
				{
					"name": "torso_top",
					"parent": "body",
					"pivot": [0, 5, 0.25],
					"cubes": [
						{"origin": [-2.5, 4, -1.75], "size": [5, 3, 4], "uv": [0, 38]}
					]
				},
				{
					"name": "head",
					"parent": "torso_top",
					"pivot": [0, 6.5, 0.25],
					"cubes": [
						{"origin": [-4.5, 6.5, -3.75], "size": [9, 8, 8], "uv": [0, 11]},
						{"origin": [-2.75, 7, -3.75], "size": [6, 2, 0], "inflate": 0.01, "uv": [40, 20]}
					]
				},
				{
					"name": "fake_eyes",
					"parent": "head",
					"pivot": [-0.1, 10.875, -3.8],
					"cubes": [
						{"origin": [1.15, 9.75, -3.75], "size": [2, 3, 0], "inflate": 0.01, "pivot": [2.4, 11, -3.75], "rotation": [0, 0, -2.5], "uv": [0, 30]},
						{"origin": [1.15, 10.25, -3.75], "size": [2, 2, 0], "inflate": 0.02, "pivot": [2.4, 11, -3.75], "rotation": [0, 0, -2.5], "uv": [18, 44]},
						{"origin": [-3.1, 9.25, -3.75], "size": [2, 3, 0], "inflate": 0.01, "pivot": [2.4, 11, -3.75], "rotation": [0, 0, 2.5], "uv": [40, 41]},
						{"origin": [-3.6, 9.75, -3.75], "size": [2, 2, 0], "inflate": 0.02, "pivot": [2.4, 11, -3.75], "rotation": [0, 0, 2.5], "uv": [35, 9]}
					]
				},
				{
					"name": "ear_right1",
					"parent": "head",
					"pivot": [-3, 12.75, 0.5],
					"rotation": [0, 0, -40],
					"cubes": [
						{"origin": [-5, 12.75, 0.5], "size": [4, 4, 0], "uv": [32, 42]}
					]
				},
				{
					"name": "ear_right2",
					"parent": "ear_right1",
					"pivot": [-1, 16.75, 0.5],
					"cubes": [
						{"origin": [-5, 16.75, 0.5], "size": [4, 4, 0], "inflate": 0.01, "uv": [24, 42]}
					]
				},
				{
					"name": "ear_right3",
					"parent": "ear_right2",
					"pivot": [-2, 20.75, 0.5],
					"rotation": [0, 0, -5],
					"cubes": [
						{"origin": [-4, 20.75, 0.5], "size": [2, 2, 0], "uv": [14, 38]}
					]
				},
				{
					"name": "ear_left1",
					"parent": "head",
					"pivot": [3, 12.75, -0.25],
					"rotation": [0, 0, 40],
					"cubes": [
						{"origin": [1, 12.75, -0.25], "size": [4, 4, 0], "uv": [0, 15]}
					]
				},
				{
					"name": "flower",
					"parent": "ear_left1",
					"pivot": [2, 15.5, 0],
					"rotation": [0, 2.5, -25],
					"cubes": [
						{"origin": [0, 13.5, -0.4], "size": [4, 4, 0], "inflate": 0.01, "uv": [56, 45]}
					]
				},
				{
					"name": "flower_leaf1",
					"parent": "flower",
					"pivot": [2, 15, 0],
					"rotation": [0, 0, 20],
					"cubes": [
						{"origin": [2, 14, -0.3], "size": [4, 2, 0], "uv": [56, 51]}
					]
				},
				{
					"name": "flower_leaf2",
					"parent": "flower",
					"pivot": [2, 15.5, 0],
					"rotation": [0, 0, -17.5],
					"cubes": [
						{"origin": [2, 14.5, -0.3], "size": [4, 2, 0], "uv": [56, 49]}
					]
				},
				{
					"name": "ear_left2",
					"parent": "ear_left1",
					"pivot": [1, 16.75, -0.25],
					"cubes": [
						{"origin": [1, 16.75, -0.25], "size": [4, 4, 0], "inflate": 0.01, "uv": [0, 11]}
					]
				},
				{
					"name": "ear_left3",
					"parent": "ear_left2",
					"pivot": [2, 20.75, -0.25],
					"rotation": [0, 0, 5],
					"cubes": [
						{"origin": [2, 20.75, -0.25], "size": [2, 2, 0], "uv": [0, 27]}
					]
				},
				{
					"name": "torso_bottom",
					"parent": "body",
					"pivot": [0, 6, 0],
					"cubes": [
						{"origin": [-3.5, 0, -3], "size": [7, 5, 6], "uv": [0, 27]},
						{"origin": [-6, 0.05, -5.5], "size": [12, 0, 11], "uv": [0, 0]}
					]
				},
				{
					"name": "tail_bottom",
					"parent": "torso_bottom",
					"pivot": [0, 0.05, 5],
					"cubes": [
						{"origin": [-2.5, 0.05, 5], "size": [5, 0, 6], "uv": [29, 3]}
					]
				},
				{
					"name": "right_torso",
					"parent": "torso_bottom",
					"pivot": [-3.5, 0.5, 0],
					"rotation": [0, 0, -7.5],
					"cubes": [
						{"origin": [-6.5, 0.5, -5], "size": [3, 0, 10], "uv": [24, 11]}
					]
				},
				{
					"name": "front_torso",
					"parent": "torso_bottom",
					"pivot": [0, 0.5, -3],
					"rotation": [7.5, 0, 0],
					"cubes": [
						{"origin": [-5.5, 0.5, -6], "size": [11, 0, 3], "uv": [32, 0]}
					]
				},
				{
					"name": "left_torso",
					"parent": "torso_bottom",
					"pivot": [3.5, 0.5, 0],
					"rotation": [0, 0, 7.5],
					"cubes": [
						{"origin": [3.5, 0.5, -5], "size": [3, 0, 10], "uv": [24, 21]}
					]
				},
				{
					"name": "back_torso",
					"parent": "torso_bottom",
					"pivot": [0, 0.5, 3],
					"rotation": [-7.5, 0, 0],
					"cubes": [
						{"origin": [-5.5, 0.5, 3], "size": [11, 0, 3], "uv": [31, 31]}
					]
				},
				{
					"name": "tail1",
					"parent": "torso_bottom",
					"pivot": [0, 1.25, 2.5],
					"cubes": [
						{"origin": [0, 0.25, 2.5], "size": [0, 4, 5], "uv": [0, 0]}
					]
				},
				{
					"name": "tail_bend",
					"parent": "tail1",
					"pivot": [-0.25, 4.25, 7],
					"cubes": [
						{"origin": [-1, 3.75, 6], "size": [2, 4, 7], "uv": [19, 31]}
					]
				},
				{
					"name": "eye_left_glare",
					"parent": "torso_bottom",
					"pivot": [1.25, 2.75, -0.025],
					"cubes": [
						{"origin": [-0.25, 0.25, -0.02], "size": [3, 5, 0], "uv": [0, 51]},
						{"origin": [-0.25, 2.25, -0.02], "size": [3, 1, 0], "inflate": 0.01, "uv": [0, 50]}
					]
				},
				{
					"name": "eye_right_glare",
					"parent": "torso_bottom",
					"pivot": [-1.25, 2.75, -0.025],
					"cubes": [
						{"origin": [-2.75, 0.25, -0.02], "size": [3, 5, 0], "uv": [6, 51], "mirror": true},
						{"origin": [-2.75, 2.25, -0.02], "size": [3, 1, 0], "inflate": 0.01, "uv": [6, 50], "mirror": true}
					]
				},
				{
					"name": "eye_right",
					"parent": "torso_bottom",
					"pivot": [-1.25, 2.75, -3.025],
					"cubes": [
						{"origin": [-1.75, 1.75, -3], "size": [1, 2, 0], "inflate": 0.01, "uv": [0, 2]}
					]
				},
				{
					"name": "eye_left",
					"parent": "torso_bottom",
					"pivot": [1.25, 2.75, -3.025],
					"cubes": [
						{"origin": [0.75, 1.75, -3], "size": [1, 2, 0], "inflate": 0.01, "uv": [0, 0]}
					]
				},
				{
					"name": "hand_right",
					"parent": "body",
					"pivot": [-3.5, 0, 0],
					"cubes": [
						{"origin": [-7.5, 0, -1], "size": [4, 0, 2], "uv": [0, 9]}
					]
				},
				{
					"name": "hand_right2",
					"parent": "hand_right",
					"pivot": [-7.5, 0, 0],
					"cubes": [
						{"origin": [-11.5, 0, -1.5], "size": [4, 0, 3], "inflate": 0.01, "uv": [37, 14]}
					]
				},
				{
					"name": "hand_right3",
					"parent": "hand_right2",
					"pivot": [-11.5, 0, 1.5],
					"cubes": [
						{"origin": [-15.5, 0, -1.5], "size": [4, 0, 3], "uv": [37, 17]}
					]
				},
				{
					"name": "hand_right4",
					"parent": "hand_right3",
					"pivot": [-15.5, 0, 0],
					"cubes": [
						{"origin": [-19.5, 0, -2], "size": [4, 0, 4], "inflate": 0.01, "uv": [30, 34]}
					]
				},
				{
					"name": "hand_right5",
					"parent": "hand_right4",
					"pivot": [-19.5, 0, 0],
					"cubes": [
						{"origin": [-23.5, 0, -2.5], "size": [4, 0, 5], "uv": [35, 9]}
					]
				},
				{
					"name": "finger_right1",
					"parent": "hand_right5",
					"pivot": [-23.25, 0, 2],
					"rotation": [0, 5, 0],
					"cubes": [
						{"origin": [-26.25, 0, 1], "size": [3, 0, 2], "inflate": 0.01, "uv": [16, 42]}
					]
				},
				{
					"name": "finger_right_joint1",
					"parent": "finger_right1",
					"pivot": [-26.25, 0, 2],
					"cubes": [
						{"origin": [-29.25, 0, 1], "size": [3, 0, 2], "uv": [39, 40]}
					]
				},
				{
					"name": "finger_right2",
					"parent": "hand_right5",
					"pivot": [-23.5, 0, 0],
					"cubes": [
						{"origin": [-26.5, 0, -1], "size": [3, 0, 2], "inflate": 0.01, "uv": [40, 36]}
					]
				},
				{
					"name": "finger_right_joint2",
					"parent": "finger_right2",
					"pivot": [-26.5, 0, 0],
					"cubes": [
						{"origin": [-29.5, 0, -1], "size": [3, 0, 2], "uv": [40, 34]}
					]
				},
				{
					"name": "finger_right3",
					"parent": "hand_right5",
					"pivot": [-23.25, 0, -2],
					"rotation": [0, -5, 0],
					"cubes": [
						{"origin": [-26.25, 0, -3], "size": [3, 0, 2], "inflate": 0.01, "uv": [39, 38]}
					]
				},
				{
					"name": "finger_right_joint3",
					"parent": "finger_right3",
					"pivot": [-26.25, 0, -2],
					"cubes": [
						{"origin": [-29.25, 0, -3], "size": [3, 0, 2], "uv": [38, 28]}
					]
				},
				{
					"name": "hand_left",
					"parent": "body",
					"pivot": [3.5, 0, 0],
					"cubes": [
						{"origin": [3.5, 0, -1], "size": [4, 0, 2], "uv": [0, 3]}
					]
				},
				{
					"name": "hand_left2",
					"parent": "hand_left",
					"pivot": [7.5, 0, 0],
					"cubes": [
						{"origin": [7.5, 0, -1.5], "size": [4, 0, 3], "inflate": 0.01, "uv": [23, 16]}
					]
				},
				{
					"name": "hand_left3",
					"parent": "hand_left2",
					"pivot": [11.5, 0, 1.5],
					"cubes": [
						{"origin": [11.5, 0, -1.5], "size": [4, 0, 3], "uv": [0, 0]}
					]
				},
				{
					"name": "hand_left4",
					"parent": "hand_left3",
					"pivot": [15.5, 0, 0],
					"cubes": [
						{"origin": [15.5, 0, -2], "size": [4, 0, 4], "inflate": 0.01, "uv": [16, 27]}
					]
				},
				{
					"name": "hand_left5",
					"parent": "hand_left4",
					"pivot": [19.5, 0, 0],
					"cubes": [
						{"origin": [19.5, 0, -2.5], "size": [4, 0, 5], "uv": [21, 11]}
					]
				},
				{
					"name": "finger_left1",
					"parent": "hand_left5",
					"pivot": [23.25, 0, 2],
					"rotation": [0, -5, 0],
					"cubes": [
						{"origin": [23.25, 0, 1], "size": [3, 0, 2], "inflate": 0.01, "uv": [38, 26]}
					]
				},
				{
					"name": "finger_left_joint1",
					"parent": "finger_left1",
					"pivot": [26.25, 0, 2],
					"cubes": [
						{"origin": [26.25, 0, 1], "size": [3, 0, 2], "uv": [38, 24]}
					]
				},
				{
					"name": "finger_left2",
					"parent": "hand_left5",
					"pivot": [23.5, 0, 0],
					"cubes": [
						{"origin": [23.5, 0, -1], "size": [3, 0, 2], "inflate": 0.01, "uv": [38, 22]}
					]
				},
				{
					"name": "finger_left_joint2",
					"parent": "finger_left2",
					"pivot": [26.5, 0, 0],
					"cubes": [
						{"origin": [26.5, 0, -1], "size": [3, 0, 2], "uv": [18, 31]}
					]
				},
				{
					"name": "finger_left3",
					"parent": "hand_left5",
					"pivot": [23.25, 0, -2],
					"rotation": [0, 5, 0],
					"cubes": [
						{"origin": [23.25, 0, -3], "size": [3, 0, 2], "inflate": 0.01, "uv": [26, 29]}
					]
				},
				{
					"name": "finger_left_joint3",
					"parent": "finger_left3",
					"pivot": [26.25, 0, -2],
					"cubes": [
						{"origin": [26.25, 0, -3], "size": [3, 0, 2], "uv": [26, 27]}
					]
				}
			]
		}
	]
}