{
	"format_version": "1.8.0",
	"animations": {
		"animation.aurnaram.pose": {
			"loop": true,
			"bones": {
				"head": {
					"rotation": [7.5, -12.5, 0]
				},
				"eye_right": {
					"position": [0, 0, 0]
				},
				"arm_right": {
					"rotation": [0, -12.5, 35]
				},
				"arm_left": {
					"rotation": [0, -60, -32.5]
				},
				"leg_left": {
					"rotation": [-5, 15, 0]
				},
				"leg_right": {
					"rotation": [-2.18524, -16.92925, -10.20738]
				},
				"hand_left": {
					"rotation": [78.29413, -55.02709, -138.48376]
				},
				"hand_right": {
					"rotation": [0, 0, 15]
				},
				"hoof_right": {
					"rotation": [10, 0, 7.5]
				},
				"leg_left2": {
					"rotation": [-5, 0, 0]
				},
				"hoof_left": {
					"rotation": [10, 0, 0]
				},
				"tail_fire": {
					"rotation": [0, 17.5, 0]
				},
				"tail": {
					"rotation": [0, 20, 0]
				},
				"claw_left2": {
					"rotation": [0, -12.5, 0]
				},
				"claw_right": {
					"rotation": [0, 0, -45]
				},
				"claw_right2": {
					"rotation": [-0.52311, -0.85037, -62.70409]
				},
				"claw_left": {
					"rotation": [0, -12.5, 0]
				}
			}
		},
		"animation.aurnaram.ground_idle": {
			"loop": true,
			"bones": {
				"head": {
					"rotation": ["5.5+math.sin(q.anim_time*90*2-60)*3", 0, 0]
				},
				"fur_tuft_right": {
					"rotation": [0, "math.sin(q.anim_time*90*2-120)*5", "math.sin(q.anim_time*90*2-120)*-3"]
				},
				"fur_tuft_left": {
					"rotation": [0, "-(math.sin(q.anim_time*90*2-120)*5)", "-(math.sin(q.anim_time*90*2-120)*-3)"]
				},
				"ear_right": {
					"rotation": ["math.sin(q.anim_time*90*2-90)*3", 0, "math.sin(q.anim_time*90*2-90)*-6"]
				},
				"ear_left": {
					"rotation": ["math.sin(q.anim_time*90*2-90)*3", 0, "-(math.sin(q.anim_time*90*2-90)*-6)"]
				},
				"hair_tip": {
					"rotation": ["math.sin(q.anim_time*90*2-60)*2", 0, 0]
				},
				"tail": {
					"rotation": ["math.sin(q.anim_time*90*2)*-2", 0, 0]
				},
				"tail_fire": {
					"rotation": ["math.sin(q.anim_time*90*2+60)*-2", 0, 0]
				},
				"arm_right": {
					"rotation": [-0.3, "-7.5+math.sin(q.anim_time*90*2-30)*-2", "58+math.sin(q.anim_time*90*2-90)*-2"]
				},
				"hand_right": {
					"rotation": [3, "20+math.sin(q.anim_time*90*2-90)*-6", "8.5+math.sin(q.anim_time*90*2-150)*-2"]
				},
				"arm_left": {
					"rotation": [-0.3, "7.5+math.sin(q.anim_time*90*2-30)*2", "-58+math.sin(q.anim_time*90*2-90)*2"]
				},
				"hand_left": {
					"rotation": [3, "-20+math.sin(q.anim_time*90*2-90)*6", "-8.5+math.sin(q.anim_time*90*2-150)*2"]
				},
				"leg_left": {
					"rotation": ["math.sin(q.anim_time*90*2-60)*2", 21, 0]
				},
				"leg_left2": {
					"rotation": ["-17.4391+math.sin(q.anim_time*90*2-60)*-4", 1.16591, 4.86438]
				},
				"hoof_left": {
					"rotation": ["15.5+math.sin(q.anim_time*90*2-60)*0.5", 4, -5],
					"position": [0, 0, 0]
				},
				"leg_right": {
					"rotation": ["math.sin(q.anim_time*90*2-60)*2", -4, 0],
					"position": [0, "math.sin(q.anim_time*90*2-60)*0", 0]
				},
				"leg_right2": {
					"rotation": ["-17.4042+math.sin(q.anim_time*90*2-60)*-4", -1.49116, -7.3511]
				},
				"hoof_right": {
					"rotation": ["15.5+math.sin(q.anim_time*90*2-60)*1", -4, 5],
					"position": [0, 0, 0.25]
				},
				"torso": {
					"rotation": ["1+math.sin(q.anim_time*90*2)*-1", 0, 0],
					"position": [0, "math.sin(q.anim_time*90*2-90)*-0.2", 0]
				}
			}
		},
		"animation.aurnaram.battle_idle": {
			"loop": true,
			"bones": {
				"head": {
					"rotation": ["13.1859+math.sin(q.anim_time*90*2-60)*3", -19.97326, -1.05565]
				},
				"fur_tuft_right": {
					"rotation": [0, "math.sin(q.anim_time*90*2-120)*5", "math.sin(q.anim_time*90*2-120)*-3"]
				},
				"fur_tuft_left": {
					"rotation": [0, "-(math.sin(q.anim_time*90*2-120)*5)", "-(math.sin(q.anim_time*90*2-120)*-3)"]
				},
				"ear_right": {
					"rotation": ["math.sin(q.anim_time*90*2-90)*3", 0, "math.sin(q.anim_time*90*2-90)*-6"]
				},
				"ear_left": {
					"rotation": ["math.sin(q.anim_time*90*2-90)*3", 0, "-(math.sin(q.anim_time*90*2-90)*-6)"]
				},
				"hair_tip": {
					"rotation": ["math.sin(q.anim_time*90*2-60)*2", 0, 0]
				},
				"tail": {
					"rotation": ["math.sin(q.anim_time*90*2)*-2", 0, 0]
				},
				"tail_fire": {
					"rotation": ["math.sin(q.anim_time*90*2+60)*-2", 0, 0]
				},
				"arm_right": {
					"rotation": [1.17639, "-19.9077+math.sin(q.anim_time*90*2-30)*-2", "45.1641+math.sin(q.anim_time*90*2-90)*-2"]
				},
				"hand_right": {
					"rotation": [3, "20+math.sin(q.anim_time*90*2-90)*-6", "8.5+math.sin(q.anim_time*90*2-150)*-2"]
				},
				"arm_left": {
					"rotation": [0, -35, -32.5]
				},
				"hand_left": {
					"rotation": [88.51547, -54.84035, -158.80376]
				},
				"leg_left": {
					"rotation": ["-0.3551+math.sin(q.anim_time*90*2-60)*2", 25.93283, -0.89089],
					"position": [0, 0, 2]
				},
				"leg_left2": {
					"rotation": ["-17.4391+math.sin(q.anim_time*90*2-60)*-4", 1.16591, 4.86438]
				},
				"hoof_left": {
					"rotation": ["15.5+math.sin(q.anim_time*90*2-60)*0.5", 4, -5],
					"position": [0, 0, 0]
				},
				"leg_right": {
					"rotation": ["-0.145+math.sin(q.anim_time*90*2-60)*2", 10.80486, -2.42276],
					"position": [0, "math.sin(q.anim_time*90*2-60)*0", 0]
				},
				"leg_right2": {
					"rotation": ["-17.4042+math.sin(q.anim_time*90*2-60)*-4", -1.49116, -7.3511]
				},
				"hoof_right": {
					"rotation": ["15.5+math.sin(q.anim_time*90*2-60)*1", -4, 5],
					"position": [0, 0, 0.25]
				},
				"torso": {
					"rotation": ["-6.6834+math.sin(q.anim_time*90*2)*-1", 27.4638, -0.21483],
					"position": [0.2, "math.sin(q.anim_time*90*2-90)*-0.2", 2.1]
				}
			}
		},
		"animation.aurnaram.ground_walk": {
			"loop": true,
			"animation_length": 1,
			"bones": {
				"torso": {
					"rotation": ["1+math.sin(q.anim_time*90*4)*-2", "math.sin(q.anim_time*90*4+30)*5", "math.sin(q.anim_time*90*4)*-3"],
					"position": [0, "math.sin(q.anim_time*90*8-90)*-0.3", -0.3]
				},
				"head": {
					"rotation": ["5+math.sin(q.anim_time*90*8-60)*2", "math.sin(q.anim_time*90*4)*-4", 0]
				},
				"fur_tuft_right": {
					"rotation": [0, "-3+math.sin(q.anim_time*90*4-70)*-3", "math.sin(q.anim_time*90*8+10)*-2"]
				},
				"fur_tuft_left": {
					"rotation": [0, "3+math.sin(q.anim_time*90*4-70)*-3", "math.sin(q.anim_time*90*8+10)*2"]
				},
				"ear_right": {
					"rotation": [0, 0, "6+math.sin(q.anim_time*90*8+30)*-3"]
				},
				"ear_left": {
					"rotation": [0, 0, "-6+math.sin(q.anim_time*90*8+30)*3"]
				},
				"tail": {
					"rotation": ["math.sin(q.anim_time*90*4-40)*6", "math.sin(q.anim_time*90*4-40)*10", 0]
				},
				"tail_fire": {
					"rotation": ["math.sin(q.anim_time*90*4-40)*-6", "math.sin(q.anim_time*90*4-40)*10", 0]
				},
				"arm_right": {
					"rotation": [0, "-10+math.sin(q.anim_time*90*4)*-14", "57+math.sin(q.anim_time*90*4)*-5"]
				},
				"hand_right": {
					"rotation": [3, "26+math.sin(q.anim_time*90*4-60)*-15", 9.5]
				},
				"arm_left": {
					"rotation": [0, "10+math.sin(q.anim_time*90*4)*-14", "-57+math.sin(q.anim_time*90*4)*-5"]
				},
				"hand_left": {
					"rotation": [3, "-26+math.sin(q.anim_time*90*4-60)*-15", -9.5]
				},
				"leg_left": {
					"rotation": {
						"0.0": [-8.44615, -0.95875, 0],
						"0.2917": [21.55385, -0.95875, 0],
						"0.5": {
							"pre": [10.05385, -0.95875, 0],
							"post": [10.05385, -0.95875, 0],
							"lerp_mode": "catmullrom"
						},
						"0.6667": {
							"post": [-14.59801, -0.37001, 0],
							"lerp_mode": "catmullrom"
						},
						"0.7917": [-28.40849, -2.38345, 0],
						"1.0": [-8.44615, -0.95875, 0]
					},
					"position": {
						"0.0": [-0.5, -0.58, -0.64],
						"0.2917": [-0.5, -1.33, 1.36],
						"0.5": {
							"pre": [-0.5, 0.92, -0.39],
							"post": [-0.5, 0.92, -0.39],
							"lerp_mode": "catmullrom"
						},
						"0.6667": {
							"post": [-0.5, 0.45, -0.7],
							"lerp_mode": "catmullrom"
						},
						"0.7917": [-0.5, -0.83, -0.75],
						"1.0": [-0.5, -0.58, -0.64]
					}
				},
				"leg_left2": {
					"rotation": {
						"0.0": [0, 0, 5],
						"0.2917": [-7, 0, 5],
						"0.5": {
							"pre": [-21.5, 0, 5],
							"post": [-21.5, 0, 5],
							"lerp_mode": "catmullrom"
						},
						"0.6667": {
							"post": [-29, 0, 5],
							"lerp_mode": "catmullrom"
						},
						"0.7917": [-4, 0, 5],
						"1.0": [0, 0, 5]
					},
					"position": {
						"0.0": [0, 1.25, 0.3],
						"0.125": [0, 0.93, 0.3],
						"0.2917": {
							"pre": [0, 0.8, 0.55],
							"post": [0, 0.8, 0.55],
							"lerp_mode": "catmullrom"
						},
						"0.5": {
							"post": [0, 1.3, 0.55],
							"lerp_mode": "catmullrom"
						},
						"0.7917": [0, 0.9, 0.3],
						"0.9167": [0, 1.39, 0.3],
						"1.0": [0, 1.25, 0.3]
					}
				},
				"hoof_left": {
					"rotation": {
						"0.0": [9.96271, 0.86717, -4.92442],
						"0.2917": [-5.03729, 0.86717, -4.92442],
						"0.6667": [10.40389, 0.86717, -4.92442],
						"1.0": [9.96271, 0.86717, -4.92442]
					},
					"position": {
						"0.0": [0, -0.2, 0],
						"1.0": [0, -0.2, 0]
					}
				},
				"leg_right": {
					"rotation": {
						"0.0": {
							"post": [10.05385, 0.95875, 0],
							"lerp_mode": "catmullrom"
						},
						"0.1667": {
							"post": [-14.59801, 0.37001, 0],
							"lerp_mode": "catmullrom"
						},
						"0.2917": [-28.40849, 2.38345, 0],
						"0.5": [-8.44615, 0.95875, 0],
						"0.7917": [21.55385, 0.95875, 0],
						"1.0": [10.05385, 0.95875, 0]
					},
					"position": {
						"0.0": {
							"post": [0.5, 0.92, -0.39],
							"lerp_mode": "catmullrom"
						},
						"0.1667": {
							"post": [0.5, 0.45, -0.7],
							"lerp_mode": "catmullrom"
						},
						"0.2917": [0.5, -0.83, -0.75],
						"0.5": [0.5, -0.58, -0.64],
						"0.7917": [0.5, -1.33, 1.36],
						"0.9583": {
							"pre": [0.5, 0.57, -0.09],
							"post": [0.5, 0.57, -0.09],
							"lerp_mode": "catmullrom"
						},
						"1.0": {
							"post": [0.5, 0.92, -0.39],
							"lerp_mode": "catmullrom"
						}
					}
				},
				"leg_right2": {
					"rotation": {
						"0.0": {
							"post": [-21.5, 0, -5],
							"lerp_mode": "catmullrom"
						},
						"0.1667": {
							"post": [-29, 0, -5],
							"lerp_mode": "catmullrom"
						},
						"0.2917": [-4, 0, -5],
						"0.5": [0, 0, -5],
						"0.7917": [-7, 0, -5],
						"0.9583": {
							"pre": [-19.41, 0, -5],
							"post": [-19.41, 0, -5],
							"lerp_mode": "catmullrom"
						},
						"1.0": {
							"post": [-21.5, 0, -5],
							"lerp_mode": "catmullrom"
						}
					},
					"position": {
						"0.0": {
							"post": [0, 1.3, 0.55],
							"lerp_mode": "catmullrom"
						},
						"0.2917": {
							"post": [0, 0.9, 0.3],
							"lerp_mode": "catmullrom"
						},
						"0.4167": [0, 1.39, 0.3],
						"0.5": [0, 1.25, 0.3],
						"0.625": [0, 0.93, 0.3],
						"0.7917": {
							"pre": [0, 0.8, 0.55],
							"post": [0, 0.8, 0.55],
							"lerp_mode": "catmullrom"
						},
						"1.0": {
							"post": [0, 1.3, 0.55],
							"lerp_mode": "catmullrom"
						}
					}
				},
				"hoof_right": {
					"rotation": {
						"0.0": [0, 0, 0],
						"0.2917": [32.5, 0, 0],
						"0.4167": [17.40994, -1.80124, 5.72419],
						"0.6667": [-5, 0, 0],
						"1.0": [0, 0, 0]
					},
					"position": {
						"0.0": [0, 0, 0],
						"0.2917": [0, 0, 0.5],
						"0.4167": [0, -0.3, 0.5],
						"0.6667": [0, 0, 0.5],
						"1.0": [0, 0, 0]
					}
				}
			}
		},
		"animation.aurnaram.ground_run": {
			"loop": true,
			"animation_length": 0.5,
			"bones": {
				"torso": {
					"rotation": ["30+math.sin(q.anim_time*90*16+30)*6", 0, "math.sin(q.anim_time*90*8+30)*3"],
					"position": [0, "-1+math.sin(q.anim_time*90*16-90)*-0.3", "-5+math.sin(q.anim_time*90*16-90)*-0.5"]
				},
				"head": {
					"rotation": ["-25+math.sin(q.anim_time*90*16+30)*-12", "math.sin(q.anim_time*90*8+90)*-2", "math.sin(q.anim_time*90*8+90)*-2"]
				},
				"fur_tuft_right": {
					"rotation": [0, "6+math.sin(q.anim_time*90*8-60)*-10", "2.5+math.sin(q.anim_time*90*16-40)*-9"]
				},
				"fur_tuft_left": {
					"rotation": [0, "-21+math.sin(q.anim_time*90*8-60)*-10", "-2.5+math.sin(q.anim_time*90*16-40)*9"]
				},
				"ear_right": {
					"rotation": ["-5+math.sin(q.anim_time*90*8-90)*12+math.sin(q.anim_time*90*16-90)*4", 0, "6+math.sin(q.anim_time*90*16-90)*-10"]
				},
				"ear_left": {
					"rotation": ["-5+math.sin(q.anim_time*90*8-90)*12+math.sin(q.anim_time*90*16-90)*4", 0, "-6+math.sin(q.anim_time*90*16-90)*10"]
				},
				"hair_tip": {
					"rotation": ["math.sin(q.anim_time*90*16-40)*-5", "6+math.sin(q.anim_time*90*8-60)*-10", 0]
				},
				"mouth": {
					"position": [0, 0, 0.1]
				},
				"mouth_open": {
					"position": [0, 0, -0.05]
				},
				"tail": {
					"rotation": ["math.sin(q.anim_time*90*16-40)*-3", "math.sin(q.anim_time*90*8-40)*26", 0]
				},
				"tail_fire": {
					"rotation": ["math.sin(q.anim_time*90*16-40)*-3", "math.sin(q.anim_time*90*8-40)*5", 0]
				},
				"arm_right": {
					"rotation": {
						"0.0": [0, -17.5, 0],
						"0.1667": [-4.6653, -16.88547, 15.69284],
						"0.2917": [-2.35666, -17.34551, 7.85952],
						"0.375": [-4.6653, -16.88547, 15.69284],
						"0.5": [0, -17.5, 0]
					}
				},
				"hand_right": {
					"rotation": [0, 0, 10]
				},
				"arm_left": {
					"rotation": [-18.44741, -60.87208, 20.90025]
				},
				"hand_left": {
					"rotation": [69.58648, -83.53893, -151.71464]
				},
				"claw_left2": {
					"rotation": [0, 0, -20]
				},
				"claw_left": {
					"rotation": [0, 0, -22.5]
				},
				"leg_left": {
					"rotation": {
						"0.0": [27.58957, -4.43385, -2.31336],
						"0.0833": [38.44633, -3.9198, -1.80648],
						"0.125": [53.06159, -3.19656, -2.29662],
						"0.2083": {
							"pre": [-39.61315, 5.45699, -3.58345],
							"post": [-39.61315, 5.45699, -3.58345],
							"lerp_mode": "catmullrom"
						},
						"0.25": {
							"post": [-79.59644, 2.91012, -2.00765],
							"lerp_mode": "catmullrom"
						},
						"0.375": {
							"post": [-46.74575, 5.15488, -5.45505],
							"lerp_mode": "catmullrom"
						},
						"0.5": {
							"post": [27.58957, -4.43385, -2.31336],
							"lerp_mode": "catmullrom"
						}
					},
					"position": {
						"0.0": {
							"post": [0, -0.75, 1],
							"lerp_mode": "catmullrom"
						},
						"0.1667": {
							"post": [0, -0.64, 1.01],
							"lerp_mode": "catmullrom"
						},
						"0.2083": {
							"post": [0, 0.07, 0],
							"lerp_mode": "catmullrom"
						},
						"0.25": {
							"post": [0, -0.25, -0.89],
							"lerp_mode": "catmullrom"
						},
						"0.375": {
							"post": [0, -1.25, -1.6],
							"lerp_mode": "catmullrom"
						},
						"0.4167": {
							"post": [0, -1.47, -0.8],
							"lerp_mode": "catmullrom"
						},
						"0.4583": {
							"post": [0, -1.32, 0.57],
							"lerp_mode": "catmullrom"
						},
						"0.5": {
							"post": [0, -0.75, 1],
							"lerp_mode": "catmullrom"
						}
					}
				},
				"leg_right": {
					"rotation": {
						"0.0": {
							"post": [-79.59644, -2.91012, 2.00765],
							"lerp_mode": "catmullrom"
						},
						"0.125": {
							"post": [-46.74575, -5.15488, 5.45505],
							"lerp_mode": "catmullrom"
						},
						"0.25": {
							"post": [27.58957, 4.43385, 2.31336],
							"lerp_mode": "catmullrom"
						},
						"0.3333": [38.44633, 3.9198, 1.80648],
						"0.375": [53.06159, 3.19656, 2.29662],
						"0.4583": {
							"pre": [-39.61315, -5.45699, 3.58345],
							"post": [-39.61315, -5.45699, 3.58345],
							"lerp_mode": "catmullrom"
						},
						"0.5": {
							"post": [-79.59644, -2.91012, 2.00765],
							"lerp_mode": "catmullrom"
						}
					},
					"position": {
						"0.0": {
							"post": [0, -0.25, -0.89],
							"lerp_mode": "catmullrom"
						},
						"0.125": {
							"post": [0, -1.25, -1.6],
							"lerp_mode": "catmullrom"
						},
						"0.1667": {
							"post": [0, -1.47, -0.8],
							"lerp_mode": "catmullrom"
						},
						"0.2083": {
							"post": [0, -1.32, 0.57],
							"lerp_mode": "catmullrom"
						},
						"0.25": {
							"post": [0, -0.75, 1],
							"lerp_mode": "catmullrom"
						},
						"0.4167": {
							"post": [0, -0.64, 1.01],
							"lerp_mode": "catmullrom"
						},
						"0.4583": {
							"post": [0, 0.07, 0],
							"lerp_mode": "catmullrom"
						},
						"0.5": {
							"post": [0, -0.25, -0.89],
							"lerp_mode": "catmullrom"
						}
					}
				}
			}
		},
		"animation.aurnaram.quirk": {
			"animation_length": 2.5,
			"bones": {
				"head": {
					"rotation": {
						"0.0": [0, 0, 0],
						"0.4583": {
							"pre": [17.5, -50, 0],
							"post": [17.5, -50, 0],
							"lerp_mode": "catmullrom"
						},
						"1.1667": {
							"post": [17.5, -50, 0],
							"lerp_mode": "catmullrom"
						},
						"1.375": {
							"post": [-1.01154, -53.58721, 25.61851],
							"lerp_mode": "catmullrom"
						},
						"2.125": {
							"post": [-1.01154, -53.58721, 25.61851],
							"lerp_mode": "catmullrom"
						},
						"2.25": {
							"post": [17.5, -50, 0],
							"lerp_mode": "catmullrom"
						},
						"2.5": [0, 0, 0]
					}
				},
				"mouth": {
					"position": {
						"0.0": [0, 0, 0],
						"0.25": [0, -0.1, 0],
						"0.2917": [0, 0, 0.1],
						"1.5": [0, 0, 0.1],
						"1.5417": [0, 0, 0]
					}
				},
				"arm_right": {
					"rotation": {
						"0.0": [0, 0, 0],
						"0.4583": [0, 0, -10],
						"1.1667": [0, 0, -10],
						"1.375": [0, 0, -20],
						"2.125": [0, 0, -20],
						"2.3333": [0, 0, -10],
						"2.5": [0, 0, 0]
					}
				},
				"hand_right": {
					"rotation": {
						"0.0": [0, 0, 0],
						"0.5": [0, 0, -10.44],
						"1.1667": [0, 0, -10.44],
						"1.375": [0, 0, -25.73],
						"2.25": [0, 0, -25.73],
						"2.375": [0, 0, -12.5],
						"2.5": [0, 0, 0]
					}
				},
				"claw_right": {
					"rotation": {
						"1.25": {
							"pre": [0, 0, 0],
							"post": [0, 0, 0],
							"lerp_mode": "catmullrom"
						},
						"1.3333": {
							"post": [0, 0, -47.5],
							"lerp_mode": "catmullrom"
						},
						"2.25": {
							"post": [0, 0, -47.5],
							"lerp_mode": "catmullrom"
						},
						"2.5": {
							"post": [0, 0, 0],
							"lerp_mode": "catmullrom"
						}
					}
				},
				"claw_right2": {
					"rotation": {
						"1.25": {
							"pre": [0, 0, 0],
							"post": [0, 0, 0],
							"lerp_mode": "catmullrom"
						},
						"1.3333": {
							"post": [0, 0, -35],
							"lerp_mode": "catmullrom"
						},
						"2.25": {
							"post": [0, 0, -35],
							"lerp_mode": "catmullrom"
						},
						"2.5": {
							"post": [0, 0, 0],
							"lerp_mode": "catmullrom"
						}
					}
				}
			}
		},
		"animation.aurnaram.blink": {
			"animation_length": 0.125,
			"bones": {
				"eyelid_right": {
					"position": {
						"0.0": [0, -2, 0],
						"0.0833": [0, -2, 0],
						"0.125": [0, 0, 0]
					}
				},
				"eye_right": {
					"position": {
						"0.0": [-0.1, 0, 0.2],
						"0.0833": [-0.1, 0, 0.2],
						"0.125": [0, 0, 0]
					}
				},
				"eyelid_left": {
					"position": {
						"0.0": [0, -2, 0],
						"0.0833": [0, -2, 0],
						"0.125": [0, 0, 0]
					}
				},
				"eye_left": {
					"position": {
						"0.0": [0.2, 0, 0.2],
						"0.0833": [0.2, 0, 0.2],
						"0.125": [0, 0, 0]
					}
				}
			}
		},
		"animation.aurnaram.sleep": {
			"loop": true,
			"bones": {
				"body": {
					"position": [0, -9.3, -4]
				},
				"torso": {
					"rotation": ["10+math.sin(q.anim_time*90*1)*-1", 0, 0],
					"position": [0, -0.5, 1]
				},
				"head": {
					"rotation": ["22.2721+math.sin(q.anim_time*90*1-60)*2", -2.70464, 9.63089]
				},
				"fur_tuft_right": {
					"rotation": [0, 12.5, 0]
				},
				"fur_tuft_left": {
					"rotation": [0, -12.5, 0]
				},
				"ear_right": {
					"rotation": [-0.43855, 7.05302, "math.sin(q.anim_time*90*1-90)*3+21.6334"]
				},
				"ear_left": {
					"rotation": [-1.35707, -12.27659, "math.sin(q.anim_time*90*1-90)*-3-16.1721"]
				},
				"hair_tip": {
					"rotation": [0, "-(math.sin(q.anim_time*90*1-120)*2)", "-(math.sin(q.anim_time*90*1-120)*-1)"]
				},
				"eyelid_right": {
					"position": [0, -2, 0]
				},
				"eye_right": {
					"position": [-0.2, 0, 0.2]
				},
				"eyelid_left": {
					"position": [0, -2, 0]
				},
				"eye_left": {
					"position": [0.2, 0, 0.2]
				},
				"mouth": {
					"position": [0, 0, 0.2]
				},
				"tail": {
					"rotation": [12.5, 0, 0]
				},
				"arm_right": {
					"rotation": [0, "math.sin(q.anim_time*90*1)*-1", 52.5]
				},
				"hand_right": {
					"rotation": [3.13388, 17.22575, -17.02521]
				},
				"claw_right": {
					"rotation": [0, 0, -37.5]
				},
				"claw_right2": {
					"rotation": [0, 0, -35]
				},
				"arm_left": {
					"rotation": [0, "math.sin(q.anim_time*90*1)*-1", -50]
				},
				"hand_left": {
					"rotation": [2.59775, -27.38656, 9.36696]
				},
				"claw_left2": {
					"rotation": [0, 0, 32.5]
				},
				"claw_left": {
					"rotation": [0, 0, 32.5]
				},
				"leg_left": {
					"rotation": [-127.5, 0, 0]
				},
				"leg_left2": {
					"rotation": [50, 0, 0]
				},
				"hoof_left": {
					"rotation": [35, 0, 0]
				},
				"leg_right": {
					"rotation": [-132.5, 0, 0]
				},
				"leg_right2": {
					"rotation": [70, 0, 0]
				},
				"hoof_right": {
					"rotation": [30, 0, 0]
				}
			}
		},
		"animation.aurnaram.cry": {
			"animation_length": 2.7917,
			"bones": {
				"head": {
					"rotation": {
						"0.0": [0, 0, 0],
						"0.25": [20.33164, 2.45174, -1.04576],
						"0.4583": {
							"pre": [-23.47603, 16.1299, -6.88003],
							"post": [-23.47603, 16.1299, -6.88003],
							"lerp_mode": "catmullrom"
						},
						"0.5833": {
							"post": [-25.97603, 16.1299, -6.88003],
							"lerp_mode": "catmullrom"
						},
						"0.7083": {
							"post": [-23.47603, 16.1299, -6.88003],
							"lerp_mode": "catmullrom"
						},
						"0.8333": {
							"post": [-25.97603, 16.1299, -6.88003],
							"lerp_mode": "catmullrom"
						},
						"0.9583": {
							"post": [-23.47603, 16.1299, -6.88003],
							"lerp_mode": "catmullrom"
						},
						"1.0833": {
							"post": [-25.97603, 16.1299, -6.88003],
							"lerp_mode": "catmullrom"
						},
						"1.3333": [9.60959, 6.45196, -2.75201],
						"1.5": [0, 0, 0]
					}
				},
				"mouth": {
					"position": {
						"0.0": [0, 0, 0],
						"0.4583": [0, 0, 0.1],
						"0.9583": [0, 0, 0.1],
						"1.25": [0, 0, 0.1],
						"1.2917": [0, 0, 0]
					}
				},
				"mouth_open": {
					"position": {
						"0.0": [0, 0, 0],
						"0.4167": [0, 0, 0],
						"0.4583": [0, 0, -0.1],
						"0.9583": [0, 0, -0.1],
						"1.5": [0, 0, 0]
					}
				}
			},
			"sound_effects": {
				"0.0417": {
					"effect": "pokemon.aurnaram.cry"
				}
			}
		}
	}
}