{
	"format_version": "1.8.0",
	"animations": {
		"animation.azumarill.render": {
			"loop": true,
			"bones": {
				"tail1": {
					"rotation": [10, 67.5, 0]
				},
				"tail2": {
					"rotation": [-60, 0, 0]
				},
				"tail3": {
					"rotation": [72.5, 0, 0]
				},
				"tail4": {
					"rotation": [-75, 0, 0]
				},
				"tail5": {
					"rotation": [75, 0, 0]
				},
				"tail6": {
					"rotation": [-52.5, 0, 0]
				},
				"tail7": {
					"rotation": [72.5, 0, 0]
				},
				"tail_ball": {
					"rotation": [17.5, 0, 0]
				},
				"mouth_closed": {
					"position": [0, 0, 0.1]
				},
				"torso": {
					"rotation": [0, 0, 5],
					"position": [0, 1, 0]
				},
				"arm_left": {
					"rotation": [0, 12.5, 22.5]
				},
				"arm_left2": {
					"rotation": [0, 0, -10]
				},
				"arm_right": {
					"rotation": [0, -17.5, -15]
				},
				"arm_right2": {
					"rotation": [0, 0, 12.5]
				},
				"foot_left": {
					"rotation": [10.22987, -29.38442, -3.69214]
				},
				"foot_right": {
					"rotation": [18.07779, 14.2906, 4.60659]
				},
				"foot_left2": {
					"rotation": [-7.5, 0, 0]
				},
				"foot_right2": {
					"rotation": [-12.5, 0, 0]
				},
				"ear_left": {
					"rotation": [0, -12.5, 17.5]
				},
				"ear_left2": {
					"rotation": [17.5, 0, 0]
				},
				"ear_left3": {
					"rotation": [12.5, 0, 0]
				},
				"ear_left4": {
					"rotation": [7.5, 0, 0]
				},
				"ear_right": {
					"rotation": [0, 20, -10]
				},
				"ear_right3": {
					"rotation": [65, 0, 0]
				},
				"ear_right4": {
					"rotation": [17.5, 0, 0]
				},
				"mouth_open": {
					"position": [0, 0, -0.1]
				},
				"ear_right2": {
					"rotation": [7.5, 0, 0]
				}
			}
		},
		"animation.azumarill.pose": {
			"loop": true,
			"bones": {
				"ear_left": {
					"rotation": [0, -10, 15]
				},
				"ear_left2": {
					"rotation": [7.5, 0, 0]
				},
				"ear_left3": {
					"rotation": [20, 0, 0]
				},
				"ear_left4": {
					"rotation": [25, 0, 0]
				},
				"ear_right": {
					"rotation": [0, 10, -15]
				},
				"ear_right2": {
					"rotation": [7.5, 0, 0]
				},
				"ear_right3": {
					"rotation": [60, 0, 0]
				},
				"ear_right4": {
					"rotation": [55, 0, 0]
				},
				"arm_left": {
					"rotation": [0, 0, 22.5]
				},
				"arm_left2": {
					"rotation": [0, 0, -10]
				},
				"arm_right": {
					"rotation": [0, 0, -25]
				},
				"arm_right2": {
					"rotation": [0, 0, 10]
				},
				"foot_left": {
					"rotation": [10, -12.5, 0]
				},
				"foot_left2": {
					"rotation": [-10, 0, 0]
				},
				"foot_right": {
					"rotation": [10, 12.5, 0]
				},
				"foot_right2": {
					"rotation": [-10, 0, 0]
				},
				"tail1": {
					"rotation": [35, 0, 0]
				},
				"tail2": {
					"rotation": [-80, 0, 0]
				},
				"tail3": {
					"rotation": [80, 0, 0]
				},
				"tail4": {
					"rotation": [-70, 0, 0]
				},
				"tail5": {
					"rotation": [70, 0, 0]
				},
				"tail6": {
					"rotation": [-70, 0, 0]
				},
				"tail7": {
					"rotation": [80, 0, 0]
				},
				"tail_ball": {
					"rotation": [15, 0, 0]
				},
				"body": {
					"position": [0, 0.5, 0]
				}
			}
		},
		"animation.azumarill.blink": {
			"animation_length": 0.125,
			"bones": {
				"eye_left": {
					"position": [0, 0, 0.1]
				},
				"eye_right": {
					"position": [0, 0, 0.1]
				},
				"eyelid_left": {
					"position": [0, 0, -0.1]
				},
				"eyelid_right": {
					"position": [0, 0, -0.1]
				}
			}
		},
		"animation.azumarill.ground_idle": {
			"loop": true,
			"animation_length": 4,
			"bones": {
				"torso": {
					"rotation": ["0+math.sin(q.anim_time*90*2)*-2.5", 0, "0+math.sin(q.anim_time*90*1-30)*-2.5"],
					"position": [0, "0+math.sin(q.anim_time*90*2+30)*0.25", 0]
				},
				"ear_left": {
					"rotation": ["0+math.sin(q.anim_time*90*2-30)*-1.5", -10, "15+math.sin(q.anim_time*90*1-30)*-5"]
				},
				"ear_left2": {
					"rotation": ["7.5+math.sin(q.anim_time*90*2-60)*-2.5", 0, 0]
				},
				"ear_left3": {
					"rotation": ["20+math.sin(q.anim_time*90*2-90)*-3.5", 0, 0]
				},
				"ear_left4": {
					"rotation": ["25+math.sin(q.anim_time*90*2-120)*-5.5", 0, 0]
				},
				"ear_right": {
					"rotation": ["0+math.sin(q.anim_time*90*2-30)*-2.5", 10, "-15+math.sin(q.anim_time*90*1-30)*-5"]
				},
				"ear_right2": {
					"rotation": ["7.5+math.sin(q.anim_time*90*2-60)*-3.5", 0, 0]
				},
				"ear_right3": {
					"rotation": ["60+math.sin(q.anim_time*90*2-90)*-5.5", 0, 0]
				},
				"ear_right4": {
					"rotation": ["55+math.sin(q.anim_time*90*2-120)*-7.5", 0, 0]
				},
				"arm_left": {
					"rotation": [0, 0, "25+math.sin(q.anim_time*90*2-30)*3.5"]
				},
				"arm_left2": {
					"rotation": [0, 0, "-10+math.sin(q.anim_time*90*2-45)*2.5"]
				},
				"arm_right": {
					"rotation": [0, 0, "-25+math.sin(q.anim_time*90*2-30)*-3.5"]
				},
				"arm_right2": {
					"rotation": [0, 0, "10+math.sin(q.anim_time*90*2-45)*-2.5"]
				},
				"foot_left": {
					"rotation": ["10+math.sin(q.anim_time*90*2)*2", -12.5, 0],
					"position": [0, "0+math.sin(q.anim_time*90*2)*0.1", "0+math.sin(q.anim_time*90*2)*-0.1"]
				},
				"foot_left2": {
					"rotation": ["-10+math.sin(q.anim_time*90*2)*-2", 0, 0]
				},
				"foot_right": {
					"rotation": ["10+math.sin(q.anim_time*90*2)*2", 12.5, 0],
					"position": [0, "0+math.sin(q.anim_time*90*2)*0.1", "0+math.sin(q.anim_time*90*2)*-0.1"]
				},
				"foot_right2": {
					"rotation": ["-10+math.sin(q.anim_time*90*2)*-2", 0, 0]
				},
				"tail1": {
					"rotation": ["35+math.sin(q.anim_time*90*2+30)*-5", 0, 0]
				},
				"tail2": {
					"rotation": ["-80+math.sin(q.anim_time*90*2)*2.5", 0, 0]
				},
				"tail3": {
					"rotation": ["80+math.sin(q.anim_time*90*2)*-2.5", 0, 0]
				},
				"tail4": {
					"rotation": ["-70+math.sin(q.anim_time*90*2)*2.5", 0, 0]
				},
				"tail5": {
					"rotation": ["70+math.sin(q.anim_time*90*2)*-2.5", 0, 0]
				},
				"tail6": {
					"rotation": ["-70+math.sin(q.anim_time*90*2)*2.5", 0, 0]
				},
				"tail7": {
					"rotation": ["80+math.sin(q.anim_time*90*2)*-2.5", 0, 0]
				},
				"tail_ball": {
					"rotation": ["15+math.sin(q.anim_time*90*2-30)*-3.5", 0, 0]
				},
				"body": {
					"position": [0, 0.5, 0]
				}
			}
		},
		"animation.azumarill.quirk": {
			"animation_length": 3.5,
			"bones": {
				"torso": {
					"rotation": {
						"0.0": [0, 0, 0],
						"0.5": {
							"pre": [-10, -40, 0],
							"post": [-10, -40, 0],
							"lerp_mode": "catmullrom"
						},
						"1.3333": {
							"post": [-10, -40, 0],
							"lerp_mode": "catmullrom"
						},
						"1.9583": {
							"post": [0, 35, 0],
							"lerp_mode": "catmullrom"
						},
						"2.7083": {
							"post": [0, 37.5, 0],
							"lerp_mode": "catmullrom"
						},
						"3.2917": {
							"post": [0, 5, 0],
							"lerp_mode": "catmullrom"
						},
						"3.5": {
							"post": [0, 0, 0],
							"lerp_mode": "catmullrom"
						}
					}
				},
				"eyelid_left": {
					"position": {
						"0.0": [0, 0, 0],
						"1.0": {
							"pre": [0, 0, 0],
							"post": [0, 0, -0.1]
						},
						"1.125": {
							"pre": [0, 0, -0.1],
							"post": [0, 0, 0]
						},
						"1.25": {
							"pre": [0, 0, 0],
							"post": [0, 0, -0.1]
						},
						"1.375": {
							"pre": [0, 0, -0.1],
							"post": [0, 0, 0]
						}
					}
				},
				"eyelid_right": {
					"position": {
						"0.0": [0, 0, 0],
						"1.0": {
							"pre": [0, 0, 0],
							"post": [0, 0, -0.1]
						},
						"1.125": {
							"pre": [0, 0, -0.1],
							"post": [0, 0, 0]
						},
						"1.25": {
							"pre": [0, 0, 0],
							"post": [0, 0, -0.1]
						},
						"1.375": {
							"pre": [0, 0, -0.1],
							"post": [0, 0, 0]
						}
					}
				},
				"eye_left": {
					"position": {
						"0.0": [0, 0, 0],
						"1.0": {
							"pre": [0, 0, 0],
							"post": [0, 0, 0.1]
						},
						"1.125": {
							"pre": [0, 0, 0.1],
							"post": [0, 0, 0]
						},
						"1.25": {
							"pre": [0, 0, 0],
							"post": [0, 0, 0.1]
						},
						"1.375": {
							"pre": [0, 0, 0.1],
							"post": [0, 0, 0]
						}
					}
				},
				"eye_right": {
					"position": {
						"0.0": [0, 0, 0],
						"1.0": {
							"pre": [0, 0, 0],
							"post": [0, 0, 0.1]
						},
						"1.125": {
							"pre": [0, 0, 0.1],
							"post": [0, 0, 0]
						},
						"1.25": {
							"pre": [0, 0, 0],
							"post": [0, 0, 0.1]
						},
						"1.375": {
							"pre": [0, 0, 0.1],
							"post": [0, 0, 0]
						}
					}
				},
				"mouth_closed": {
					"position": {
						"0.0": [0, 0, 0],
						"0.3333": {
							"pre": [0, 0, 0],
							"post": [0, 0, 0.1]
						},
						"3.125": {
							"pre": [0, 0, 0.1],
							"post": [0, 0, 0]
						}
					}
				},
				"mouth_open": {
					"position": {
						"0.0": [0, 0, 0],
						"2.0": {
							"pre": [0, 0, 0],
							"post": [0, 0, -0.1]
						},
						"3.125": {
							"pre": [0, 0, -0.1],
							"post": [0, 0, 0]
						}
					}
				},
				"mouth_open2": {
					"position": {
						"0.0": [0, 0, 0],
						"0.3333": {
							"pre": [0, 0, 0],
							"post": [0, 0, -0.1]
						},
						"2.0": {
							"pre": [0, 0, -0.1],
							"post": [0, 0, 0]
						}
					}
				},
				"ear_left": {
					"rotation": {
						"0.0": {
							"post": [0, 0, 0],
							"lerp_mode": "catmullrom"
						},
						"0.7917": {
							"post": [-7.5, -17.5, 0],
							"lerp_mode": "catmullrom"
						},
						"1.5": {
							"post": [12.5, -17.5, 0],
							"lerp_mode": "catmullrom"
						},
						"2.5": {
							"post": [-2.14, -7.5, 0],
							"lerp_mode": "catmullrom"
						},
						"3.25": {
							"post": [0, 0, 0],
							"lerp_mode": "catmullrom"
						}
					}
				},
				"ear_right": {
					"rotation": {
						"0.0": {
							"post": [0, 0, 0],
							"lerp_mode": "catmullrom"
						},
						"2.0833": {
							"post": [0, 20, 0],
							"lerp_mode": "catmullrom"
						},
						"2.5": {
							"post": [0, 25, 0],
							"lerp_mode": "catmullrom"
						},
						"3.5": {
							"post": [0, 0, 0],
							"lerp_mode": "catmullrom"
						}
					}
				},
				"ear_right3": {
					"rotation": {
						"0.0": {
							"post": [0, 0, 0],
							"lerp_mode": "catmullrom"
						},
						"1.0": {
							"post": [-22.5, 0, 0],
							"lerp_mode": "catmullrom"
						},
						"1.5": {
							"post": [-22.5, 0, 0],
							"lerp_mode": "catmullrom"
						},
						"2.5": {
							"post": [-37.5, 0, 0],
							"lerp_mode": "catmullrom"
						},
						"3.3333": {
							"post": [0, 0, 0],
							"lerp_mode": "catmullrom"
						}
					}
				},
				"ear_right4": {
					"rotation": {
						"0.0": {
							"post": [0, 0, 0],
							"lerp_mode": "catmullrom"
						},
						"1.5": {
							"post": [3.5, 0, 0],
							"lerp_mode": "catmullrom"
						},
						"2.5": {
							"post": [-27.5, 0, 0],
							"lerp_mode": "catmullrom"
						},
						"3.5": {
							"post": [0, 0, 0],
							"lerp_mode": "catmullrom"
						}
					}
				},
				"arm_left": {
					"rotation": {
						"0.0": {
							"post": [0, 0, 0],
							"lerp_mode": "catmullrom"
						},
						"0.8333": {
							"post": [0, 0, 15],
							"lerp_mode": "catmullrom"
						},
						"1.5": {
							"post": [0, 0, 15],
							"lerp_mode": "catmullrom"
						},
						"2.5": {
							"post": [0, -22.5, -10],
							"lerp_mode": "catmullrom"
						},
						"3.3333": {
							"post": [0, 0, 0],
							"lerp_mode": "catmullrom"
						}
					}
				},
				"arm_right": {
					"rotation": {
						"0.0": {
							"post": [0, 0, 0],
							"lerp_mode": "catmullrom"
						},
						"0.8333": {
							"post": [0, 0, -15],
							"lerp_mode": "catmullrom"
						},
						"1.5": {
							"post": [0, 0, -15],
							"lerp_mode": "catmullrom"
						},
						"2.5": {
							"post": [0, 17.5, 12.5],
							"lerp_mode": "catmullrom"
						},
						"3.3333": {
							"post": [0, 0, 0],
							"lerp_mode": "catmullrom"
						}
					}
				},
				"tail2": {
					"rotation": {
						"0.0": {
							"post": [0, 0, 0],
							"lerp_mode": "catmullrom"
						},
						"1.0": {
							"post": [20, 0, 0],
							"lerp_mode": "catmullrom"
						},
						"1.625": {
							"post": [20, 0, 0],
							"lerp_mode": "catmullrom"
						},
						"2.25": {
							"post": [-5, 0, 0],
							"lerp_mode": "catmullrom"
						},
						"3.25": {
							"post": [0, 0, 0],
							"lerp_mode": "catmullrom"
						}
					}
				}
			}
		},
		"animation.azumarill.battle_idle": {
			"loop": true,
			"animation_length": 3.1667,
			"bones": {
				"torso": {
					"rotation": ["-2.5+math.sin(q.anim_time*90*2.5-30)*-5.5", "math.sin(q.anim_time*90*1.25)*-2", "math.sin(q.anim_time*90*1.25)*-7"],
					"position": [0, "0+math.sin(q.anim_time*90*2.5+30)*0.5", 0]
				},
				"ear_left": {
					"rotation": ["0+math.sin(q.anim_time*90*2.5-30)*-2.5", -10, "15+math.sin(q.anim_time*90*1.25)*-7.5"]
				},
				"ear_left2": {
					"rotation": ["7.5+math.sin(q.anim_time*90*2.5-60)*-7", 0, 0]
				},
				"ear_left3": {
					"rotation": ["20+math.sin(q.anim_time*90*2.5-90)*-5.5", 0, 0]
				},
				"ear_left4": {
					"rotation": ["25+math.sin(q.anim_time*90*2.5-120)*-5.5", 0, 0]
				},
				"ear_right": {
					"rotation": ["0+math.sin(q.anim_time*90*2.5-30)*-3.5", 10, "-15+math.sin(q.anim_time*90*1.25)*-7.5"]
				},
				"ear_right2": {
					"rotation": ["7.5+math.sin(q.anim_time*90*2.5-60)*-6", 0, 0]
				},
				"ear_right3": {
					"rotation": ["60+math.sin(q.anim_time*90*2.5-90)*-7", 0, 0]
				},
				"ear_right4": {
					"rotation": ["55+math.sin(q.anim_time*90*2.5-120)*-7.5", 0, 0]
				},
				"arm_left": {
					"rotation": [0, "0+math.sin(q.anim_time*90*1.25-60)*6", "25+math.sin(q.anim_time*90*2.5-30)*7.5"]
				},
				"arm_left2": {
					"rotation": [0, "0+math.sin(q.anim_time*90*1.25-75)*3", "-10+math.sin(q.anim_time*90*2.5-45)*3.5"]
				},
				"arm_right": {
					"rotation": [0, "0+math.sin(q.anim_time*90*1.25-60)*6", "-25+math.sin(q.anim_time*90*2.5-30)*-7.5"]
				},
				"arm_right2": {
					"rotation": [0, "0+math.sin(q.anim_time*90*1.25-75)*3", "10+math.sin(q.anim_time*90*2.5-45)*-3.5"]
				},
				"foot_left": {
					"rotation": ["10+math.sin(q.anim_time*90*2.5)*3", -20.5, 0],
					"position": [0, "0+math.sin(q.anim_time*90*2.5)*0.1", "0+math.sin(q.anim_time*90*2.5)*-0.15"]
				},
				"foot_left2": {
					"rotation": ["-10+math.sin(q.anim_time*90*2.5)*-3", 0, 0]
				},
				"foot_right": {
					"rotation": ["10+math.sin(q.anim_time*90*2.5)*3", 20.5, 0],
					"position": [0, "0+math.sin(q.anim_time*90*2.5)*0.1", "0+math.sin(q.anim_time*90*2.5)*-0.15"]
				},
				"foot_right2": {
					"rotation": ["-10+math.sin(q.anim_time*90*2.5)*-3", 0, 0]
				},
				"tail1": {
					"rotation": ["25+math.sin(q.anim_time*90*2.5+30)*-7.5", "math.sin(q.anim_time*90*1.25-30)*12", 0]
				},
				"tail2": {
					"rotation": ["-27.5+math.sin(q.anim_time*90*2.5)*2.5", 0, 0]
				},
				"tail3": {
					"rotation": ["80+math.sin(q.anim_time*90*2.5)*-5.5", 0, 0]
				},
				"tail4": {
					"rotation": ["-70+math.sin(q.anim_time*90*2.5)*2.5", 0, 0]
				},
				"tail5": {
					"rotation": ["70+math.sin(q.anim_time*90*2.5)*-5.5", 0, 0]
				},
				"tail6": {
					"rotation": ["-70+math.sin(q.anim_time*90*2.5)*2.5", 0, 0]
				},
				"tail7": {
					"rotation": ["80+math.sin(q.anim_time*90*2.5)*-5.5", 0, 0]
				},
				"tail_ball": {
					"rotation": ["15+math.sin(q.anim_time*90*2.5-30)*-5.5", 0, 0]
				},
				"body": {
					"position": [0, 0.5, 0]
				}
			}
		},
		"animation.azumarill.ground_walk": {
			"loop": true,
			"animation_length": 2,
			"bones": {
				"ear_left": {
					"rotation": ["0+math.sin(q.anim_time*90*4-60)*-5", -10, "15+math.sin(q.anim_time*90*2-30)*-10"]
				},
				"ear_left2": {
					"rotation": ["7.5+math.sin(q.anim_time*90*4-90)*-7.5", 0, 0]
				},
				"ear_left3": {
					"rotation": ["20+math.sin(q.anim_time*90*4-100)*-10", 0, 0]
				},
				"ear_left4": {
					"rotation": ["25+math.sin(q.anim_time*90*4-120)*-7.5", 0, 0]
				},
				"ear_right": {
					"rotation": ["0+math.sin(q.anim_time*90*4-60)*-10", 10, "-15+math.sin(q.anim_time*90*2-30)*-10"]
				},
				"ear_right2": {
					"rotation": ["9+math.sin(q.anim_time*90*4-90)*-9", 0, 0]
				},
				"ear_right3": {
					"rotation": ["60+math.sin(q.anim_time*90*4-100)*-5", 0, 0]
				},
				"ear_right4": {
					"rotation": ["55+math.sin(q.anim_time*90*4-120)*-20", 0, 0]
				},
				"arm_left": {
					"rotation": [0, "math.sin(q.anim_time*90*2-30)*-35", "22.5+math.sin(q.anim_time*90*4-90)*-10"]
				},
				"arm_left2": {
					"rotation": [0, 0, "-10+math.sin(q.anim_time*90*4-120)*-7.5"]
				},
				"arm_right": {
					"rotation": [0, "math.sin(q.anim_time*90*2-30)*-35", "-22.5+math.sin(q.anim_time*90*4-90)*10"]
				},
				"arm_right2": {
					"rotation": [0, 0, "10+math.sin(q.anim_time*90*4-120)*7.5"]
				},
				"foot_left": {
					"rotation": {
						"0.0": {
							"post": [-5, -12.5, 0],
							"lerp_mode": "catmullrom"
						},
						"0.5": {
							"post": [-35, -12.5, 0],
							"lerp_mode": "catmullrom"
						},
						"0.6667": {
							"post": [-33, -7.5, 0],
							"lerp_mode": "catmullrom"
						},
						"0.8333": {
							"post": [-10, -7.5, 0],
							"lerp_mode": "catmullrom"
						},
						"1.0": {
							"post": [6.87, -12.5, 0],
							"lerp_mode": "catmullrom"
						},
						"1.5": {
							"post": [42.5, -12.5, 0],
							"lerp_mode": "catmullrom"
						},
						"1.6667": {
							"post": [55, -12.5, 0],
							"lerp_mode": "catmullrom"
						},
						"2.0": {
							"post": [-7.5, -12.5, 0],
							"lerp_mode": "catmullrom"
						}
					},
					"position": {
						"0.0": {
							"post": [0, 0, 2],
							"lerp_mode": "catmullrom"
						},
						"0.5": {
							"post": [0, 1.33, -4],
							"lerp_mode": "catmullrom"
						},
						"0.6667": {
							"post": [0, 0.02, -4.09],
							"lerp_mode": "catmullrom"
						},
						"0.8333": {
							"post": [0, -0.44, -1.33],
							"lerp_mode": "catmullrom"
						},
						"1.0": {
							"post": [0, -0.28, -0.5],
							"lerp_mode": "catmullrom"
						},
						"1.5": {
							"post": [0, 1, 3],
							"lerp_mode": "catmullrom"
						},
						"1.6667": {
							"post": [0, 1, 3.9],
							"lerp_mode": "catmullrom"
						},
						"2.0": {
							"post": [0, 0, 2],
							"lerp_mode": "catmullrom"
						}
					}
				},
				"foot_left2": {
					"rotation": {
						"0.0": {
							"post": [-10, 0, 0],
							"lerp_mode": "catmullrom"
						},
						"0.5": {
							"post": [0, 0, 0],
							"lerp_mode": "catmullrom"
						},
						"1.0": {
							"post": [-5, 0, 0],
							"lerp_mode": "catmullrom"
						},
						"1.5": {
							"post": [-42.5, 0, 0],
							"lerp_mode": "catmullrom"
						},
						"1.6667": {
							"post": [-55.83, 0, 0],
							"lerp_mode": "catmullrom"
						},
						"2.0": {
							"post": [-10, 0, 0],
							"lerp_mode": "catmullrom"
						}
					}
				},
				"foot_right": {
					"rotation": {
						"0.0": {
							"post": [6.87, 12.5, 0],
							"lerp_mode": "catmullrom"
						},
						"0.5": {
							"post": [42.5, 12.5, 0],
							"lerp_mode": "catmullrom"
						},
						"0.6667": {
							"post": [55, 12.5, 0],
							"lerp_mode": "catmullrom"
						},
						"1.0": {
							"post": [-5, 12.5, 0],
							"lerp_mode": "catmullrom"
						},
						"1.5": {
							"post": [-35, 12.5, 0],
							"lerp_mode": "catmullrom"
						},
						"1.6667": {
							"post": [-33, 7.5, 0],
							"lerp_mode": "catmullrom"
						},
						"1.8333": {
							"post": [-10, 7.5, 0],
							"lerp_mode": "catmullrom"
						},
						"2.0": {
							"post": [6.87, 12.5, 0],
							"lerp_mode": "catmullrom"
						}
					},
					"position": {
						"0.0": {
							"post": [0, -0.28, -0.5],
							"lerp_mode": "catmullrom"
						},
						"0.5": {
							"post": [0, 1, 3],
							"lerp_mode": "catmullrom"
						},
						"0.6667": {
							"post": [0, 1, 3.9],
							"lerp_mode": "catmullrom"
						},
						"1.0": {
							"post": [0, 0, 2],
							"lerp_mode": "catmullrom"
						},
						"1.5": {
							"post": [0, 1.33, -4],
							"lerp_mode": "catmullrom"
						},
						"1.6667": {
							"post": [0, 0.02, -4.09],
							"lerp_mode": "catmullrom"
						},
						"1.8333": {
							"post": [0, -0.44, -1.33],
							"lerp_mode": "catmullrom"
						},
						"2.0": {
							"post": [0, -0.28, -0.5],
							"lerp_mode": "catmullrom"
						}
					}
				},
				"foot_right2": {
					"rotation": {
						"0.0": {
							"post": [-5, 0, 0],
							"lerp_mode": "catmullrom"
						},
						"0.5": {
							"post": [-42.5, 0, 0],
							"lerp_mode": "catmullrom"
						},
						"0.6667": {
							"post": [-55.83, 0, 0],
							"lerp_mode": "catmullrom"
						},
						"1.0": {
							"post": [-10, 0, 0],
							"lerp_mode": "catmullrom"
						},
						"1.5": {
							"post": [0, 0, 0],
							"lerp_mode": "catmullrom"
						},
						"2.0": {
							"post": [-5, 0, 0],
							"lerp_mode": "catmullrom"
						}
					}
				},
				"tail1": {
					"rotation": ["35+math.sin(q.anim_time*90*4-30)*-5", "0+math.sin(q.anim_time*90*2-65)*-25", 0]
				},
				"tail2": {
					"rotation": [-80, 0, 0]
				},
				"tail3": {
					"rotation": [80, 0, 0]
				},
				"tail4": {
					"rotation": [-70, 0, 0]
				},
				"tail5": {
					"rotation": [70, 0, 0]
				},
				"tail6": {
					"rotation": [-70, 0, 0]
				},
				"tail7": {
					"rotation": [80, 0, 0]
				},
				"tail_ball": {
					"rotation": ["15+math.sin(q.anim_time*90*4-120)*-10", 0, 0]
				},
				"body": {
					"position": [0, 0.5, 0]
				},
				"torso": {
					"rotation": ["-5+math.sin(q.anim_time*90*4-5)*-7.5", "math.sin(q.anim_time*90*2-30)*-2", "math.sin(q.anim_time*90*2)*-5"],
					"position": [0, "0+math.sin(q.anim_time*90*4-10)*1", 1],
					"scale": [1, "1+math.sin(q.anim_time*90*4)*0.05", 1]
				}
			}
		},
		"animation.azumarill.water_idle": {
			"loop": true,
			"animation_length": 4,
			"bones": {
				"torso": {
					"rotation": ["7.5+math.sin(q.anim_time*90*2)*-1.5", 0, "math.sin(q.anim_time*90*1-30)*-2.5"],
					"position": [0, "0+math.sin(q.anim_time*90*2+30)*0.25", 0]
				},
				"ear_left": {
					"rotation": ["0+math.sin(q.anim_time*90*2-30)*-1.5", -10, "15+math.sin(q.anim_time*90*1-30)*-5"]
				},
				"ear_left2": {
					"rotation": ["7.5+math.sin(q.anim_time*90*2-60)*-2", 0, 0]
				},
				"ear_left3": {
					"rotation": ["20+math.sin(q.anim_time*90*2-90)*-3.5", 0, 0]
				},
				"ear_left4": {
					"rotation": ["25+math.sin(q.anim_time*90*2-120)*-5.5", 0, 0]
				},
				"ear_right": {
					"rotation": ["0+math.sin(q.anim_time*90*2-30)*-2.5", 10, "-15+math.sin(q.anim_time*90*1-30)*-5"]
				},
				"ear_right2": {
					"rotation": ["7.5+math.sin(q.anim_time*90*2-60)*-2.5", 0, 0]
				},
				"ear_right3": {
					"rotation": ["60+math.sin(q.anim_time*90*2-90)*-5.5", 0, 0]
				},
				"ear_right4": {
					"rotation": ["55+math.sin(q.anim_time*90*2-120)*-7.5", 0, 0]
				},
				"arm_left": {
					"rotation": [0, "15+math.sin(q.anim_time*90*1)*15", "25+math.sin(q.anim_time*90*2-30)*3.5"]
				},
				"arm_left2": {
					"rotation": [0, 0, "-10+math.sin(q.anim_time*90*2-45)*2.5"]
				},
				"arm_right": {
					"rotation": [0, "-15+math.sin(q.anim_time*90*1)*-15", "-25+math.sin(q.anim_time*90*2-30)*-3.5"]
				},
				"arm_right2": {
					"rotation": [0, 0, "10+math.sin(q.anim_time*90*2-45)*-2.5"]
				},
				"foot_left": {
					"rotation": ["75+math.sin(q.anim_time*90*1)*-15", -12.5, 0],
					"position": [0, "0+math.sin(q.anim_time*90*2)*0.1", "0+math.sin(q.anim_time*90*2)*-0.1"]
				},
				"foot_left2": {
					"rotation": ["-15+math.sin(q.anim_time*90*1-30)*-15", 0, 0]
				},
				"foot_right": {
					"rotation": ["65+math.sin(q.anim_time*90*1)*15", 12.5, 0],
					"position": [0, "0+math.sin(q.anim_time*90*2)*0.1", "0+math.sin(q.anim_time*90*2)*-0.1"]
				},
				"foot_right2": {
					"rotation": ["-15+math.sin(q.anim_time*90*1-30)*15", 0, 0]
				},
				"tail1": {
					"rotation": ["35+math.sin(q.anim_time*90*2+30)*-7", 0, 0]
				},
				"tail2": {
					"rotation": ["-80+math.sin(q.anim_time*90*2)*2.5", 0, 0]
				},
				"tail3": {
					"rotation": ["80+math.sin(q.anim_time*90*2)*-2.5", 0, 0]
				},
				"tail4": {
					"rotation": ["-57.5+math.sin(q.anim_time*90*2)*2.5", 0, 0]
				},
				"tail5": {
					"rotation": ["70+math.sin(q.anim_time*90*2)*-2.5", 0, 0]
				},
				"tail6": {
					"rotation": ["-70+math.sin(q.anim_time*90*2)*2.5", 0, 0]
				},
				"tail7": {
					"rotation": ["80+math.sin(q.anim_time*90*2)*-2.5", 0, 0]
				},
				"tail_ball": {
					"rotation": ["5+math.sin(q.anim_time*90*2-30)*-3.5", 0, 0]
				},
				"body": {
					"position": [0, "5.5+math.sin(q.anim_time*90*2-90)*0.5", 0]
				}
			}
		},
		"animation.azumarill.water_swim": {
			"loop": true,
			"animation_length": 4,
			"bones": {
				"torso": {
					"rotation": ["20+math.sin(q.anim_time*90*4)*2.5", 0, "math.sin(q.anim_time*90*1-30)*-2.5"],
					"position": [0, "0+math.sin(q.anim_time*90*2+30)*0.25", 0]
				},
				"ear_left": {
					"rotation": ["0+math.sin(q.anim_time*90*4-60)*-2.5", -10, "15+math.sin(q.anim_time*90*2-30)*-5"]
				},
				"ear_left2": {
					"rotation": ["7.5+math.sin(q.anim_time*90*4-60)*-4", 0, 0]
				},
				"ear_left3": {
					"rotation": ["20+math.sin(q.anim_time*90*4-90)*-3.5", 0, 0]
				},
				"ear_left4": {
					"rotation": ["25+math.sin(q.anim_time*90*4-120)*-5.5", 0, 0]
				},
				"ear_right": {
					"rotation": ["0+math.sin(q.anim_time*90*4-60)*-5", 10, "-15+math.sin(q.anim_time*90*2-30)*-5"]
				},
				"ear_right2": {
					"rotation": ["7.5+math.sin(q.anim_time*90*4-60)*-5", 0, 0]
				},
				"ear_right3": {
					"rotation": ["60+math.sin(q.anim_time*90*4-90)*-5.5", 0, 0]
				},
				"ear_right4": {
					"rotation": ["55+math.sin(q.anim_time*90*4-120)*-7.5", 0, 0]
				},
				"arm_left": {
					"rotation": [0, "15+math.sin(q.anim_time*90*4)*15", "25+math.sin(q.anim_time*90*4-30)*10"]
				},
				"arm_left2": {
					"rotation": [0, 0, "-10+math.sin(q.anim_time*90*4-45)*7.5"]
				},
				"arm_right": {
					"rotation": [0, "-15+math.sin(q.anim_time*90*4)*-15", "-25+math.sin(q.anim_time*90*4-30)*-10"]
				},
				"arm_right2": {
					"rotation": [0, 0, "10+math.sin(q.anim_time*90*4-45)*-7.5"]
				},
				"foot_left": {
					"rotation": ["95+math.sin(q.anim_time*90*4)*-25", -12.5, 0],
					"position": [0, "-1+math.sin(q.anim_time*90*2)*0.1", "0+math.sin(q.anim_time*90*2)*-0.1"]
				},
				"foot_left2": {
					"rotation": ["-15+math.sin(q.anim_time*90*4-45)*-5", 0, 0]
				},
				"foot_right": {
					"rotation": ["95+math.sin(q.anim_time*90*4)*25", 12.5, 0],
					"position": [0, "-1+math.sin(q.anim_time*90*2)*0.1", "0+math.sin(q.anim_time*90*2)*-0.1"]
				},
				"foot_right2": {
					"rotation": ["-15+math.sin(q.anim_time*90*4-45)*5", 0, 0]
				},
				"tail1": {
					"rotation": ["35+math.sin(q.anim_time*90*4+30)*-7.5", 0, 0]
				},
				"tail2": {
					"rotation": ["-80+math.sin(q.anim_time*90*2)*2.5", 0, 0]
				},
				"tail3": {
					"rotation": ["80+math.sin(q.anim_time*90*2)*-2.5", 0, 0]
				},
				"tail4": {
					"rotation": ["-57.5+math.sin(q.anim_time*90*2)*2.5", 0, 0]
				},
				"tail5": {
					"rotation": ["70+math.sin(q.anim_time*90*2)*-2.5", 0, 0]
				},
				"tail6": {
					"rotation": ["-70+math.sin(q.anim_time*90*2)*2.5", 0, 0]
				},
				"tail7": {
					"rotation": ["80+math.sin(q.anim_time*90*2)*-2.5", 0, 0]
				},
				"tail_ball": {
					"rotation": ["5+math.sin(q.anim_time*90*4-30)*-5.5", 0, 0]
				},
				"body": {
					"position": [0, "6+math.sin(q.anim_time*90*4-90)*0.75", 0]
				}
			}
		},
		"animation.azumarill.sleep": {
			"loop": true,
			"animation_length": 8,
			"bones": {
				"torso": {
					"rotation": ["7.5+math.sin(q.anim_time*90*1)*-1.5", 0, "math.sin(q.anim_time*90*0.5-30)*-0.5"]
				},
				"ear_left": {
					"rotation": ["20+math.sin(q.anim_time*90*1-30)*-1.5", -10, "15+math.sin(q.anim_time*90*0.5-30)*-5"]
				},
				"ear_left2": {
					"rotation": ["7.5+math.sin(q.anim_time*90*1-60)*-2.5", 0, 0]
				},
				"ear_left3": {
					"rotation": ["35+math.sin(q.anim_time*90*1-90)*-3.5", 0, 0]
				},
				"ear_left4": {
					"rotation": ["25+math.sin(q.anim_time*90*1-120)*-5.5", 0, 0]
				},
				"ear_right": {
					"rotation": ["40+math.sin(q.anim_time*90*1-30)*-2.5", 10, "-15+math.sin(q.anim_time*90*0.5-30)*-5"]
				},
				"ear_right2": {
					"rotation": ["17.5+math.sin(q.anim_time*90*1-60)*-3.5", 0, 0]
				},
				"ear_right3": {
					"rotation": ["60+math.sin(q.anim_time*90*1-90)*-5.5", 0, 0]
				},
				"ear_right4": {
					"rotation": ["40+math.sin(q.anim_time*90*1-120)*-7.5", 0, 0]
				},
				"arm_left": {
					"rotation": [0, 0, "52.5+math.sin(q.anim_time*90*1-30)*3.5"],
					"position": [-0.5, -1, 0]
				},
				"arm_left2": {
					"rotation": [0, 0, "-10+math.sin(q.anim_time*90*1-45)*2.5"]
				},
				"arm_right": {
					"rotation": [0, 0, "-52.5+math.sin(q.anim_time*90*1-30)*-3.5"],
					"position": [0.5, -1, 0]
				},
				"arm_right2": {
					"rotation": [0, 0, "10+math.sin(q.anim_time*90*1-45)*-2.5"]
				},
				"foot_left": {
					"rotation": ["-62.5+math.sin(q.anim_time*90*1)*2", -17.5, 10],
					"position": [2, 1, -6]
				},
				"foot_left2": {
					"rotation": [10, 0, 0],
					"position": [0, 0, 0.3]
				},
				"foot_right": {
					"rotation": ["-62.5+math.sin(q.anim_time*90*1)*2", 17.5, -10],
					"position": [-2, 1, -6]
				},
				"foot_right2": {
					"rotation": [10, 0, 0],
					"position": [0, 0, 0.4]
				},
				"tail1": {
					"rotation": ["30+math.sin(q.anim_time*90*1)*2.55", 0, 0]
				},
				"tail2": {
					"rotation": ["-77.5+math.sin(q.anim_time*90*1)*-2.5", 0, 0]
				},
				"tail3": {
					"rotation": ["80+math.sin(q.anim_time*90*1)*2.5", 0, 0]
				},
				"tail4": {
					"rotation": ["-70+math.sin(q.anim_time*90*1)*-2.5", 0, 0]
				},
				"tail5": {
					"rotation": ["75+math.sin(q.anim_time*90*1)*2.5", 0, 0]
				},
				"tail6": {
					"rotation": ["-70+math.sin(q.anim_time*90*1)*-2.5", 0, 0]
				},
				"tail7": {
					"rotation": ["80+math.sin(q.anim_time*90*1)*2.5", 0, 0]
				},
				"tail_ball": {
					"rotation": ["15+math.sin(q.anim_time*90*1-30)*3.5", 0, 0]
				},
				"body": {
					"rotation": [-12.5, 0, 0],
					"position": [0, -2.75, 0]
				},
				"eyelid_left": {
					"position": [0, 0, -0.1]
				},
				"eyelid_right": {
					"position": [0, 0, -0.1]
				},
				"eye_left": {
					"position": [0, 0, 0.2]
				},
				"eye_right": {
					"position": [0, 0, 0.1]
				}
			}
		},
		"animation.azumarill.water_sleep": {
			"loop": true,
			"animation_length": 8,
			"bones": {
				"torso": {
					"rotation": ["math.sin(q.anim_time*90*1)*-1.5", 0, "math.sin(q.anim_time*90*0.5-30)*-0.5"]
				},
				"ear_left": {
					"rotation": ["20+math.sin(q.anim_time*90*1-30)*-1.5", -10, "15+math.sin(q.anim_time*90*0.5-30)*-5"]
				},
				"ear_left2": {
					"rotation": ["7.5+math.sin(q.anim_time*90*1-60)*-2.5", 0, 0]
				},
				"ear_left3": {
					"rotation": ["27.5+math.sin(q.anim_time*90*1-90)*-3.5", 0, 0]
				},
				"ear_left4": {
					"rotation": ["25+math.sin(q.anim_time*90*1-120)*-5.5", 0, 0]
				},
				"ear_right": {
					"rotation": ["27.5+math.sin(q.anim_time*90*1-30)*-2.5", 10, "-15+math.sin(q.anim_time*90*0.5-30)*-5"]
				},
				"ear_right2": {
					"rotation": ["17.5+math.sin(q.anim_time*90*1-60)*-3.5", 0, 0]
				},
				"ear_right3": {
					"rotation": ["60+math.sin(q.anim_time*90*1-90)*-5.5", 0, 0]
				},
				"ear_right4": {
					"rotation": ["40+math.sin(q.anim_time*90*1-120)*-7.5", 0, 0]
				},
				"arm_left": {
					"rotation": [0, 0, "52.5+math.sin(q.anim_time*90*1-30)*3.5"],
					"position": [-0.5, -1, 0]
				},
				"arm_left2": {
					"rotation": [0, 0, "-10+math.sin(q.anim_time*90*1-45)*2.5"]
				},
				"arm_right": {
					"rotation": [0, 0, "-52.5+math.sin(q.anim_time*90*1-30)*-3.5"],
					"position": [0.5, -1, 0]
				},
				"arm_right2": {
					"rotation": [0, 0, "10+math.sin(q.anim_time*90*1-45)*-2.5"]
				},
				"foot_left": {
					"rotation": ["-40+math.sin(q.anim_time*90*1)*2", -17.5, 10],
					"position": [2, 1, -6]
				},
				"foot_left2": {
					"rotation": [10, 0, 0],
					"position": [0, 0, 0.3]
				},
				"foot_right": {
					"rotation": ["-40+math.sin(q.anim_time*90*1)*2", 17.5, -10],
					"position": [-2, 1, -6]
				},
				"foot_right2": {
					"rotation": [10, 0, 0],
					"position": [0, 0, 0.4]
				},
				"tail1": {
					"rotation": ["50+math.sin(q.anim_time*90*1)*2.55", 0, 0]
				},
				"tail2": {
					"rotation": ["-77.5+math.sin(q.anim_time*90*1)*-2.5", 0, 0]
				},
				"tail3": {
					"rotation": ["80+math.sin(q.anim_time*90*1)*2.5", 0, 0]
				},
				"tail4": {
					"rotation": ["-70+math.sin(q.anim_time*90*1)*-2.5", 0, 0]
				},
				"tail5": {
					"rotation": ["75+math.sin(q.anim_time*90*1)*2.5", 0, 0]
				},
				"tail6": {
					"rotation": ["-70+math.sin(q.anim_time*90*1)*-2.5", 0, 0]
				},
				"tail7": {
					"rotation": ["80+math.sin(q.anim_time*90*1)*2.5", 0, 0]
				},
				"tail_ball": {
					"rotation": ["15+math.sin(q.anim_time*90*1-30)*3.5", 0, 0]
				},
				"body": {
					"rotation": [-12.5, 0, 0],
					"position": [0, "-2.75+math.sin(q.anim_time*90*2+30)*0.4", 0]
				},
				"eyelid_left": {
					"position": [0, 0, -0.1]
				},
				"eyelid_right": {
					"position": [0, 0, -0.1]
				},
				"eye_left": {
					"position": [0, 0, 0.2]
				},
				"eye_right": {
					"position": [0, 0, 0.1]
				}
			}
		},
		"animation.azumarill.recoil": {
			"animation_length": 1.5,
			"bones": {
				"torso": {
					"rotation": {
						"0.0": {
							"post": [0, 0, 0],
							"lerp_mode": "catmullrom"
						},
						"0.125": {
							"post": [-11, 0, 0],
							"lerp_mode": "catmullrom"
						},
						"0.3333": {
							"post": [-12.5, 0, 0],
							"lerp_mode": "catmullrom"
						},
						"0.75": {
							"post": [1, 0, 0],
							"lerp_mode": "catmullrom"
						},
						"0.9583": {
							"post": [3.97, 0, 0],
							"lerp_mode": "catmullrom"
						},
						"1.2083": {
							"post": [2.39483, 7.49352, 0.3125],
							"lerp_mode": "catmullrom"
						},
						"1.2917": {
							"post": [1.69089, -1.27033, 0.03767],
							"lerp_mode": "catmullrom"
						},
						"1.375": {
							"post": [1.00608, 3.57555, 0.09143],
							"lerp_mode": "catmullrom"
						},
						"1.5": {
							"post": [0, 0, 0],
							"lerp_mode": "catmullrom"
						}
					}
				},
				"eyelid_left": {
					"rotation": [0, 0, -10],
					"position": {
						"0.0": [0, 0, -0.1],
						"1.0417": {
							"pre": [0, 0, -0.1],
							"post": [0, 0, 0]
						}
					}
				},
				"eyelid_right": {
					"rotation": [0, 0, 10],
					"position": {
						"0.0": [0, 0, -0.1],
						"1.0417": {
							"pre": [0, 0, -0.1],
							"post": [0, 0, 0]
						}
					}
				},
				"eye_left": {
					"position": {
						"0.0": [0, 0, 0.1],
						"1.0417": {
							"pre": [0, 0, 0.1],
							"post": [0, 0, 0]
						}
					}
				},
				"eye_right": {
					"position": {
						"0.0": [0, 0, 0.1],
						"1.0417": {
							"pre": [0, 0, 0.1],
							"post": [0, 0, 0]
						}
					}
				},
				"mouth_closed": {
					"position": {
						"0.0": [0, 0, 0],
						"0.1667": {
							"pre": [0, 0, 0],
							"post": [0, 0, 0.1]
						},
						"1.0": {
							"pre": [0, 0, 0.1],
							"post": [0, 0, 0]
						}
					}
				},
				"mouth_closed2": {
					"position": {
						"0.0": [0, -0.3, 0],
						"1.0": [0, -0.5, 0]
					}
				},
				"mouth_open2": {
					"position": {
						"0.0": [0, 0, 0],
						"0.1667": {
							"pre": [0, 0, 0],
							"post": [0, 0, -0.1]
						},
						"1.0": {
							"pre": [0, 0, -0.1],
							"post": [0, 0, 0]
						}
					}
				},
				"ear_left": {
					"rotation": {
						"0.0": [2.5, 0, 0],
						"0.2083": [-9.76758, 2.15393, 12.31594],
						"0.7917": [-2.26758, 2.15393, 12.31594],
						"1.125": {
							"pre": [2.39483, 7.49352, 0.3125],
							"post": [2.39483, 7.49352, 0.3125],
							"lerp_mode": "catmullrom"
						},
						"1.2083": {
							"post": [1.69089, -1.27033, 0.03767],
							"lerp_mode": "catmullrom"
						},
						"1.2917": {
							"post": [1.00608, 3.57555, 0.09143],
							"lerp_mode": "catmullrom"
						},
						"1.5": {
							"post": [0, 0, 0],
							"lerp_mode": "catmullrom"
						}
					}
				},
				"ear_left2": {
					"rotation": {
						"0.0": [0, 0, 0],
						"0.2083": [-5, 0, 0],
						"0.3333": [-7.5, 0, 0],
						"0.5417": [2.5, 0, 0],
						"0.7917": [7.5, 0, 0],
						"1.3333": [0, 0, 0]
					}
				},
				"ear_right": {
					"rotation": {
						"0.0": [5, 0, 0],
						"0.2083": [-7.32417, -1.61888, -12.39638],
						"0.7917": [-2.32417, -1.61888, -12.39638],
						"1.125": {
							"pre": [2.39483, 7.49352, 0.3125],
							"post": [2.39483, 7.49352, 0.3125],
							"lerp_mode": "catmullrom"
						},
						"1.2083": {
							"post": [1.69089, -1.27033, 0.03767],
							"lerp_mode": "catmullrom"
						},
						"1.2917": {
							"post": [1.00608, 3.57555, 0.09143],
							"lerp_mode": "catmullrom"
						},
						"1.5": {
							"post": [0, 0, 0],
							"lerp_mode": "catmullrom"
						}
					}
				},
				"ear_right2": {
					"rotation": {
						"0.0": [0, 0, 0],
						"0.2083": {
							"pre": [-5, 0, 0],
							"post": [-5, 0, 0],
							"lerp_mode": "catmullrom"
						},
						"0.3333": {
							"post": [-7.5, 0, 0],
							"lerp_mode": "catmullrom"
						},
						"0.5417": {
							"post": [2.5, 0, 0],
							"lerp_mode": "catmullrom"
						},
						"0.7917": {
							"post": [7.5, 0, 0],
							"lerp_mode": "catmullrom"
						},
						"1.3333": {
							"post": [0, 0, 0],
							"lerp_mode": "catmullrom"
						}
					}
				},
				"ear_right3": {
					"rotation": {
						"0.0": [0, 0, 0],
						"0.2917": {
							"pre": [-25, 0, 0],
							"post": [-25, 0, 0],
							"lerp_mode": "catmullrom"
						},
						"0.9167": {
							"post": [12.5, 0, 0],
							"lerp_mode": "catmullrom"
						},
						"1.4583": {
							"post": [0, 0, 0],
							"lerp_mode": "catmullrom"
						}
					}
				},
				"ear_right4": {
					"rotation": {
						"0.0": [0, 0, 0],
						"0.2917": {
							"pre": [-17.5, 0, 0],
							"post": [-17.5, 0, 0],
							"lerp_mode": "catmullrom"
						},
						"0.9167": {
							"post": [25, 0, 0],
							"lerp_mode": "catmullrom"
						},
						"1.4583": {
							"post": [0, 0, 0],
							"lerp_mode": "catmullrom"
						}
					}
				},
				"arm_left": {
					"rotation": {
						"0.0": [0, 0, 0],
						"0.125": {
							"pre": [0, -20, 0],
							"post": [0, -20, 0],
							"lerp_mode": "catmullrom"
						},
						"0.5": {
							"post": [0, 12.5, 0],
							"lerp_mode": "catmullrom"
						},
						"0.8333": {
							"post": [0, 12.5, 15],
							"lerp_mode": "catmullrom"
						},
						"1.25": {
							"post": [0, 12.5, -5],
							"lerp_mode": "catmullrom"
						},
						"1.5": [0, 0, 0]
					}
				},
				"arm_right": {
					"rotation": {
						"0.0": [0, 0, 0],
						"0.125": {
							"pre": [0, 17.5, 0],
							"post": [0, 17.5, 0],
							"lerp_mode": "catmullrom"
						},
						"0.5": {
							"post": [0, -12.5, 0],
							"lerp_mode": "catmullrom"
						},
						"0.8333": {
							"post": [0, -12.5, -15],
							"lerp_mode": "catmullrom"
						},
						"1.25": {
							"post": [0, -12.5, 5],
							"lerp_mode": "catmullrom"
						},
						"1.5": [0, 0, 0]
					}
				}
			}
		},
		"animation.azumarill.cry": {
			"animation_length": 1.5038,
			"bones": {
				"torso": {
					"rotation": {
						"0.0": [0, 0, 0],
						"0.1392": {
							"pre": [7.5, 0, 0],
							"post": [7.5, 0, 0],
							"lerp_mode": "catmullrom"
						},
						"0.2228": {
							"post": [7.92, 0, 0],
							"lerp_mode": "catmullrom"
						},
						"0.4734": {
							"post": [-10, 0, 0],
							"lerp_mode": "catmullrom"
						},
						"0.6683": [-5, 0, 0],
						"0.7101": [-5, 0, 0],
						"0.7937": {
							"pre": [-7.5, 0, 0],
							"post": [-7.5, 0, 0],
							"lerp_mode": "catmullrom"
						},
						"0.905": {
							"post": [-6, 0, 0],
							"lerp_mode": "catmullrom"
						},
						"1.0164": {
							"post": [-7.5, 0, 0],
							"lerp_mode": "catmullrom"
						},
						"1.1278": {
							"post": [-8.5, 0, 0],
							"lerp_mode": "catmullrom"
						},
						"1.2949": {
							"post": [-0.48, 0, 0],
							"lerp_mode": "catmullrom"
						},
						"1.4898": {
							"post": [0, 0, 0],
							"lerp_mode": "catmullrom"
						}
					}
				},
				"eyelid_left": {
					"rotation": {
						"0.0": [0, 0, 0],
						"0.2089": {"pre": [0, 0, 0], "post": [0, 0, -7.5]}
					},
					"position": {
						"0.0": [0, 0, 0],
						"0.2089": {"pre": [0, 0, 0], "post": [0, 0, -0.1]},
						"0.7797": {"pre": [0, 0, -0.1], "post": [0, 0, 0.1]}
					}
				},
				"eyelid_right": {
					"rotation": {
						"0.0": [0, 0, 0],
						"0.2089": [0, 0, 7.5]
					},
					"position": {
						"0.0": [0, 0, 0],
						"0.2089": {"pre": [0, 0, 0], "post": [0, 0, -0.1]},
						"0.7797": {"pre": [0, 0, -0.1], "post": [0, 0, 0]}
					}
				},
				"eye_left": {
					"position": {
						"0.0": [0, 0, 0],
						"0.2089": {"pre": [0, 0, 0], "post": [0, 0, 0.1]},
						"0.7797": {"pre": [0, 0, 0.1], "post": [0, 0, 0]}
					}
				},
				"eye_right": {
					"position": {
						"0.0": [0, 0, 0],
						"0.2089": {"pre": [0, 0, 0], "post": [0, 0, 0.1]},
						"0.7797": {"pre": [0, 0, 0.1], "post": [0, 0, 0]}
					}
				},
				"mouth_closed": {
					"position": {
						"0.0": [0, 0, 0],
						"0.2646": {"pre": [0, 0, 0], "post": [0, 0, 0.1]},
						"0.5709": {"pre": [0, 0, 0.1], "post": [0, 0, 0]},
						"0.6962": {"pre": [0, 0, 0], "post": [0, 0, 0.1]},
						"0.8354": {"pre": [0, 0, 0.1], "post": [0, 0, 0]},
						"0.9607": {"pre": [0, 0, 0], "post": [0, 0, 0.1]},
						"1.4898": {"pre": [0, 0, 0.1], "post": [0, 0, 0]}
					}
				},
				"mouth_open": {
					"position": {
						"0.0": [0, 0, 0],
						"0.5013": {"pre": [0, 0, 0], "post": [0, 0, -0.1]},
						"0.5709": {"pre": [0, 0, -0.1], "post": [0, 0, 0]},
						"0.6962": {"pre": [0, 0, 0], "post": [0, 0, -0.1]},
						"0.8354": {"pre": [0, 0, -0.1], "post": [0, 0, 0.1]},
						"0.9607": {"pre": [0, 0, 0.1], "post": [0, 0, -0.1]},
						"1.4898": {"pre": [0, 0, -0.1], "post": [0, 0, 0]}
					}
				},
				"ear_left": {
					"rotation": {
						"0.0": [0, 0, 0],
						"0.2228": {
							"pre": [12.5, 0, 0],
							"post": [12.5, 0, 0],
							"lerp_mode": "catmullrom"
						},
						"0.5569": {
							"post": [-10, 0, 0],
							"lerp_mode": "catmullrom"
						},
						"0.8215": {
							"post": [10, 0, 0],
							"lerp_mode": "catmullrom"
						},
						"0.9747": {
							"post": [-2.5, 0, 0],
							"lerp_mode": "catmullrom"
						},
						"1.1278": {
							"post": [10, 0, 0],
							"lerp_mode": "catmullrom"
						},
						"1.281": {
							"post": [5, 0, 0],
							"lerp_mode": "catmullrom"
						},
						"1.5038": [0, 0, 0]
					}
				},
				"ear_right": {
					"rotation": {
						"0.0": [0, 0, 0],
						"0.2228": {
							"pre": [12.5, 0, 0],
							"post": [12.5, 0, 0],
							"lerp_mode": "catmullrom"
						},
						"0.5569": {
							"post": [-10, 0, 0],
							"lerp_mode": "catmullrom"
						},
						"0.8215": {
							"post": [10, 0, 0],
							"lerp_mode": "catmullrom"
						},
						"0.9747": {
							"post": [-2.5, 0, 0],
							"lerp_mode": "catmullrom"
						},
						"1.1278": {
							"post": [10, 0, 0],
							"lerp_mode": "catmullrom"
						},
						"1.281": {
							"post": [5, 0, 0],
							"lerp_mode": "catmullrom"
						},
						"1.5038": [0, 0, 0]
					}
				},
				"arm_left": {
					"rotation": {
						"0.0": [0, 0, 0],
						"0.1949": {
							"pre": [0, 20, 0],
							"post": [0, 20, 0],
							"lerp_mode": "catmullrom"
						},
						"0.6126": {
							"post": [0, -10, -15],
							"lerp_mode": "catmullrom"
						},
						"1.1278": {
							"post": [0, -10, -15],
							"lerp_mode": "catmullrom"
						},
						"1.5038": [0, 0, 0]
					}
				},
				"arm_right": {
					"rotation": {
						"0.0": [0, 0, 0],
						"0.1949": {
							"pre": [0, -20, 0],
							"post": [0, -20, 0],
							"lerp_mode": "catmullrom"
						},
						"0.6126": {
							"post": [0, 10, 15],
							"lerp_mode": "catmullrom"
						},
						"1.1278": {
							"post": [0, 10, 15],
							"lerp_mode": "catmullrom"
						},
						"1.5038": [0, 0, 0]
					}
				},
				"tail1": {
					"rotation": {
						"0.0": [0, 0, 0],
						"0.1532": {
							"pre": [-5, 0, 0],
							"post": [-5, 0, 0],
							"lerp_mode": "catmullrom"
						},
						"0.5013": {
							"post": [15, 0, 0],
							"lerp_mode": "catmullrom"
						},
						"0.5848": {
							"post": [7.5, 0, 0],
							"lerp_mode": "catmullrom"
						},
						"0.7937": {
							"post": [12.5, 0, 0],
							"lerp_mode": "catmullrom"
						},
						"0.9329": {
							"post": [5, 0, 0],
							"lerp_mode": "catmullrom"
						},
						"1.0721": {
							"post": [10, 0, 0],
							"lerp_mode": "catmullrom"
						},
						"1.3924": [0, 0, 0]
					}
				},
				"tail_ball_glow": {
					"scale": {
						"0.0": [1, 1, 1],
						"0.4177": [1.05, 1.05, 1.05]
					}
				},
				"mouth_open2": {
					"position": {
						"0.0": [0, 0, 0],
						"0.2646": {"pre": [0, 0, 0], "post": [0, 0, -0.1]},
						"0.5013": {"pre": [0, 0, -0.1], "post": [0, 0, 0]}
					}
				},
				"ear_left2": {
					"rotation": {
						"0.0": [0, 0, 0],
						"0.2228": {
							"pre": [12.5, 0, 0],
							"post": [12.5, 0, 0],
							"lerp_mode": "catmullrom"
						},
						"0.5569": {
							"post": [-2.5, 0, 0],
							"lerp_mode": "catmullrom"
						},
						"0.8215": {
							"post": [10, 0, 0],
							"lerp_mode": "catmullrom"
						},
						"0.9747": {
							"post": [-2.5, 0, 0],
							"lerp_mode": "catmullrom"
						},
						"1.1278": {
							"post": [10, 0, 0],
							"lerp_mode": "catmullrom"
						},
						"1.281": {
							"post": [5, 0, 0],
							"lerp_mode": "catmullrom"
						},
						"1.5038": [0, 0, 0]
					}
				},
				"ear_right2": {
					"rotation": {
						"0.0": [0, 0, 0],
						"0.2228": {
							"pre": [12.5, 0, 0],
							"post": [12.5, 0, 0],
							"lerp_mode": "catmullrom"
						},
						"0.5569": {
							"post": [-2.5, 0, 0],
							"lerp_mode": "catmullrom"
						},
						"0.8215": {
							"post": [10, 0, 0],
							"lerp_mode": "catmullrom"
						},
						"0.9747": {
							"post": [-2.5, 0, 0],
							"lerp_mode": "catmullrom"
						},
						"1.1278": {
							"post": [10, 0, 0],
							"lerp_mode": "catmullrom"
						},
						"1.281": {
							"post": [5, 0, 0],
							"lerp_mode": "catmullrom"
						},
						"1.5038": [0, 0, 0]
					}
				},
				"tail_ball": {
					"rotation": {
						"0.0": [0, 0, 0],
						"0.2367": [5, 0, 0],
						"0.6962": [-10, 0, 0],
						"0.8215": [0, 0, 0],
						"0.9747": [-7.5, 0, 0],
						"1.5038": [0, 0, 0]
					}
				}
			},
			"sound_effects": {
				"0.3759": {
					"effect": "pokemon.azumarill.cry"
				}
			}
		},
		"animation.azumarill.angry": {
			"loop": true,
			"bones": {
				"mouth_closed2": {
					"position": [0, -0.6, 0]
				},
				"eye_angry_left": {
					"position": [0, 0, -0.1]
				},
				"eye_angry_right": {
					"position": [0, 0, -0.1]
				}
			}
		},
		"animation.azumarill.shocked": {
			"loop": true,
			"bones": {
				"mouth_closed": {
					"position": [0, 0, 0.1]
				},
				"mouth_open2": {
					"position": [0, 0, -0.1]
				}
			}
		},
		"animation.azumarill.SCALE TEST": {
			"loop": true,
			"bones": {
				"body": {
					"position": [0, -3, 0],
					"scale": 0.7
				}
			}
		},
		"animation.azumarill.WALK TEST": {
			"loop": true,
			"bones": {
				"azumarill": {
					"position": [0, 0, "q.anim_time*90*-0.117"]
				}
			}
		}
	}
}