{
	"format_version": "1.8.0",
	"animations": {
		"animation.dubfool.ground_idle": {
			"loop": true,
			"bones": {
				"torso": {
					"rotation": ["0+math.sin(q.anim_time*90*2)*0.2", 0, 0],
					"position": [0, "Math.cos((query.anim_time) * 90 * 2) * 0.1", 0]
				},
				"neck": {
					"rotation": ["Math.cos((query.anim_time-0.2) * 90 * 2) * -1", -0.4698, 0]
				},
				"head_angle": {
					"rotation": ["0+math.sin(q.anim_time*90*2)*2", 0, 0]
				},
				"tail": {
					"rotation": ["0+math.sin(q.anim_time*90*2+0)*3", "0+math.sin(q.anim_time*90*4+0)*3", 0]
				},
				"tail2": {
					"rotation": [0, "0+math.sin(q.anim_time*90*4-30)*3", 0]
				},
				"tail3": {
					"rotation": [0, "0+math.sin(q.anim_time*90*4-60)*3", 0]
				},
				"ear_left": {
					"rotation": ["0+math.sin(q.anim_time*90*2-60)*3", 0, 0]
				},
				"ear_left2": {
					"rotation": ["0+math.sin(q.anim_time*90*2-120)*4", 0, 0]
				},
				"ear_left3": {
					"rotation": ["0+math.sin(q.anim_time*90*2-180)*5", 0, 0]
				},
				"ear_right": {
					"rotation": ["0+math.sin(q.anim_time*90*2-60)*3", 0, 0]
				},
				"ear_right2": {
					"rotation": ["0+math.sin(q.anim_time*90*2-120)*4", 0, 0]
				},
				"ear_right3": {
					"rotation": ["0+math.sin(q.anim_time*90*2-180)*5", 0, 0]
				}
			}
		},
		"animation.dubfool.ground_walk": {
			"loop": true,
			"bones": {
				"mane_top": {
					"rotation": ["math.sin(q.anim_time*90*8+90)*4-4", 0, 0]
				},
				"mane_bottom": {
					"rotation": ["-math.sin(q.anim_time*90*8+90)*4-4", 0, 0]
				},
				"tail_right": {
					"rotation": ["-math.sin(q.anim_time*90*3-33*5+120)*10+5", "-math.sin(q.anim_time*90*1.5-33*5+120)*4", 0]
				},
				"tail_right2": {
					"rotation": ["-math.sin(q.anim_time*90*3-33*6+120)*8", "math.sin(q.anim_time*90*1.5-33*6+120)*6", 0]
				},
				"tail_right3": {
					"rotation": ["-math.sin(q.anim_time*90*3-33*7+120)*8", "math.sin(q.anim_time*90*1.5-33*4+120)*8", 0]
				},
				"tail_right4": {
					"rotation": ["-math.sin(q.anim_time*90*3-33*8+120)*8", "math.sin(q.anim_time*90*1.5-33*3+120)*8", 0]
				},
				"tail_right5": {
					"rotation": ["-math.sin(q.anim_time*90*3-33*9+120)*10", "-math.sin(q.anim_time*90*1.5-33*2+120)*10", 0]
				},
				"tail4": {
					"rotation": ["-math.sin(q.anim_time*90*3-33*8-120)*8", "math.sin(q.anim_time*90*1.5-33*3-120)*8", 0]
				},
				"tail5": {
					"rotation": ["-math.sin(q.anim_time*90*3-33*9-120)*10", "-math.sin(q.anim_time*90*1.5-33*2-120)*10", 0]
				},
				"tail_left": {
					"rotation": ["-math.sin(q.anim_time*90*3-33*5)*10+5", "-math.sin(q.anim_time*90*1.5-33*5)*4", 0]
				},
				"tail_left2": {
					"rotation": ["-math.sin(q.anim_time*90*3-33*6)*8", "math.sin(q.anim_time*90*1.5-33*6)*6", 0]
				},
				"tail_left3": {
					"rotation": ["-math.sin(q.anim_time*90*3-33*7)*8", "math.sin(q.anim_time*90*1.5-33*4)*8", 0]
				},
				"tail_left4": {
					"rotation": ["-math.sin(q.anim_time*90*3-33*8)*8", "math.sin(q.anim_time*90*1.5-33*3)*8", 0]
				},
				"tail_left5": {
					"rotation": ["-math.sin(q.anim_time*90*3-33*9)*10", "-math.sin(q.anim_time*90*1.5-33*2)*10", 0]
				},
				"tail_right6": {
					"rotation": ["-math.sin(q.anim_time*90*3-33*9+120)*6", "-math.sin(q.anim_time*90*1.5-33*2+120)*10", 0]
				},
				"tail6": {
					"rotation": ["-math.sin(q.anim_time*90*3-33*9+120)*6", "-math.sin(q.anim_time*90*1.5-33*2+120)*10", 0]
				},
				"tail_left6": {
					"rotation": ["-math.sin(q.anim_time*90*3-33*9)*6", "-math.sin(q.anim_time*90*1.5-33*2)*10", 0]
				},
				"body": {
					"position": [0, "-1.75+math.clamp(math.sin(q.anim_time*90*4)*1.1,0.5,1)+math.clamp(math.sin(q.anim_time*90*4+180)*1.1,0.5,1)", 0]
				},
				"torso": {
					"rotation": ["math.sin(q.anim_time*90*4-90)*0.2+0.5", 0, "math.clamp(math.sin(q.anim_time*90*4-90)*1,-0.8,0.8)+math.sin(q.anim_time*90*4-180)*1"]
				},
				"braid_right": {
					"rotation": [0, 0, "-(Math.sin((query.anim_time-0.2) * 90 * 4) * 5)"]
				},
				"braid_middle_right": {
					"rotation": ["Math.sin((query.anim_time-0.4) * 90 * 4) * 5", 0, "-(Math.sin((query.anim_time-0.4) * 90 * 4) * 5)"]
				},
				"braid_bottom_right": {
					"rotation": ["Math.sin((query.anim_time-0.6) * 90 * 4) * 5", 0, "-(Math.sin((query.anim_time-0.6) * 90 * 4) * 5)"]
				},
				"braid_left": {
					"rotation": [0, 0, "Math.sin((query.anim_time-0.2) * 90 * 4) * 5"]
				},
				"braid_middle_left": {
					"rotation": ["Math.sin((query.anim_time-0.4) * 90 * 4) * 5", 0, "Math.sin((query.anim_time-0.4) * 90 * 4) * 5"]
				},
				"braid_bottom_left": {
					"rotation": ["Math.sin((query.anim_time-0.6) * 90 * 4) * 5", 0, "Math.sin((query.anim_time-0.6) * 90 * 4) * 5"]
				},
				"leg_front_left": {
					"rotation": ["20-math.clamp(19*(math.sin(q.anim_time*90*4-90+33+180)*1+1),-0,60)", 0, 0],
					"position": [
						0,
						"0.8*(math.clamp(math.sin(q.anim_time*90*4-155+180)*1.6,1,1.6)-0.2)+0.5*(math.clamp(math.sin(q.anim_time*90*4-75+180)*1.8,1,1.8)-1)-0.2*(math.clamp(math.sin(q.anim_time*90*4+180)*1.4,1,1.4)+1)-math.clamp(math.sin(q.anim_time*90*4)*1,0,0.75)",
						0
					]
				},
				"leg_front_left2": {
					"rotation": [
						"math.clamp(math.sin(q.anim_time*90*4-180*1+33)*40,0,40)+(math.clamp(math.sin(q.anim_time*90*2-90*3)*1,0.5,1)*1-0.5)*30+(math.clamp(math.sin(q.anim_time*90*2-90*1)*1,0.5,1)*1-0.5)*30",
						0,
						0
					]
				},
				"leg_front_left3": {
					"rotation": ["-20+math.clamp(10*(math.sin(q.anim_time*90*4-90-180*1)*1+1),-0,60)+math.clamp(math.sin(q.anim_time*90*4-180*1+10)*30,-2.5,30)", 0, 0],
					"position": [0, "math.clamp(math.sin(q.anim_time*90*4-120+180)*1.1,0.9,1)-0.9+math.clamp(math.sin(q.anim_time*90*2-130+90)*1.3,0.9,1)-0.9", 0]
				},
				"leg_front_right": {
					"rotation": ["20-math.clamp(19*(math.sin(q.anim_time*90*4-90+33)*1+1),-0,60)", 0, 0],
					"position": [
						0,
						"0.8*(math.clamp(math.sin(q.anim_time*90*4-155)*1.6,1,1.6)-0.2)+0.5*(math.clamp(math.sin(q.anim_time*90*4-75)*1.8,1,1.8)-1)-0.2*(math.clamp(math.sin(q.anim_time*90*4)*1.4,1,1.4)+1)-math.clamp(math.sin(q.anim_time*90*4-180)*1,0,0.75)",
						0
					]
				},
				"leg_front_right2": {
					"rotation": [
						"math.clamp(math.sin(q.anim_time*90*4-180*0+33)*40,0,40)+(math.clamp(math.sin(q.anim_time*90*2-90*0)*1,0.5,1)*1-0.5)*30+(math.clamp(math.sin(q.anim_time*90*2-90*2)*1,0.5,1)*1-0.5)*30",
						0,
						0
					]
				},
				"leg_front_right3": {
					"rotation": ["-20+math.clamp(10*(math.sin(q.anim_time*90*4-90-180*0)*1+1),-0,60)+math.clamp(math.sin(q.anim_time*90*4-180*0+10)*30,-5,30)", 0, 0],
					"position": [0, "math.clamp(math.sin(q.anim_time*90*4-120)*1.1,0.9,1)-0.9+math.clamp(math.sin(q.anim_time*90*2-130)*1.3,0.9,1)-0.9", 0]
				},
				"leg_back_left": {
					"rotation": ["-20+math.clamp(15*(math.sin(q.anim_time*90*4-90+180)*1+1),-0,60)", 0, 0],
					"position": [
						0,
						"-math.clamp(-math.sin(q.anim_time*90*4+90+180*1)*0.01,0,0.01)+math.clamp(-math.sin(q.anim_time*90*4+20+180*1)*1,0.4,1)-0.4+math.clamp(math.sin(q.anim_time*90*4-130+180*1)*1.5,0.4,0.6)-0.3+(math.clamp(-math.sin(q.anim_time*90*2+70+180*1)*1,0.5,1)-0.5)*0.5+(math.clamp(-math.sin(q.anim_time*90*2+70+180*0)*1,0.5,1))*0.5",
						0
					]
				},
				"leg_back_left2": {
					"rotation": [
						"math.clamp(math.sin(q.anim_time*90*4+180)*10,0,10)-math.clamp(math.sin(q.anim_time*90*4-95+180)*10,0,45)-math.clamp(math.sin(q.anim_time*90*4+180*0)*10,0,45)",
						0,
						0
					],
					"position": [0, "math.clamp(math.sin(q.anim_time*90*4-130+180)*1,0.5,1)-math.clamp(math.sin(q.anim_time*90*4-40+180)*1,0.75,1)+0.25", 0]
				},
				"leg_back_left3": {
					"rotation": [
						"-math.clamp(math.sin(q.anim_time*90*4+180*1)*10,0,10)+math.clamp(math.sin(q.anim_time*90*4+10+180*0)*25,0,45)-(-20+math.clamp(11*(math.sin(q.anim_time*90*4-90+180*1)*1+1),-0,60))+math.clamp(math.sin(q.anim_time*90*4-130+180*1)*00,50,100)-50",
						0,
						0
					],
					"position": [0, "(math.clamp(math.sin(q.anim_time*90*4-110+180*0)*1,0.5,1)-0.5)*0.7", 0]
				},
				"leg_back_right": {
					"rotation": ["-20+math.clamp(15*(math.sin(q.anim_time*90*4-90)*1+1),-0,60)", 0, 0],
					"position": [
						0,
						"-math.clamp(-math.sin(q.anim_time*90*4+90+180*0)*0.01,0,0.01)+math.clamp(-math.sin(q.anim_time*90*4+20+180*0)*1,0.4,0.8)-0.4+math.clamp(math.sin(q.anim_time*90*4-130+180*0)*1.5,0.4,0.6)-0.3+(math.clamp(-math.sin(q.anim_time*90*2+70+180*0)*1,0.5,1)-0.5)*0.5+(math.clamp(-math.sin(q.anim_time*90*2+70+180*1)*1,0.5,1))*0.5",
						0
					]
				},
				"leg_back_right2": {
					"rotation": [
						"math.clamp(math.sin(q.anim_time*90*4)*10,0,10)-math.clamp(math.sin(q.anim_time*90*4-95)*10,0,45)-math.clamp(math.sin(q.anim_time*90*4+180)*10,0,45)",
						0,
						0
					],
					"position": [0, "math.clamp(math.sin(q.anim_time*90*4-130)*1,0.5,1)-math.clamp(math.sin(q.anim_time*90*4-40)*1,0.75,1)+0.25", 0]
				},
				"leg_back_right3": {
					"rotation": [
						"-math.clamp(math.sin(q.anim_time*90*4+180*0)*10,0,10)+math.clamp(math.sin(q.anim_time*90*4+10+180*1)*25,0,45)-(-20+math.clamp(11*(math.sin(q.anim_time*90*4-90+180*0)*1+1),-0,60))+math.clamp(math.sin(q.anim_time*90*4-130+180*0)*00,50,100)-50",
						0,
						0
					],
					"position": [0, "(math.clamp(math.sin(q.anim_time*90*4-110+180)*1,0.5,1)-0.5)*0.7", 0]
				},
				"wool_shearable": {
					"position": [0, "0.5+Math.sin((query.anim_time-0.3) * 90 * 8) * 0.3", 0]
				},
				"tail": {
					"rotation": ["-math.sin(q.anim_time*90*8-33*5-120)*3+5", "0+math.sin(q.anim_time*90*4-60)*3", 0]
				},
				"tail2": {
					"rotation": ["-math.sin(q.anim_time*90*8-33*5-120-60)*4+5", "0+math.sin(q.anim_time*90*4-120)*3", 0]
				},
				"neck_wool_shearable": {
					"rotation": [
						"-math.sin(q.anim_time*90*4-90)*0.5+math.sin(q.anim_time*90*4*2-45)*1",
						0,
						"-math.clamp(math.sin(q.anim_time*90*4-90)*1,-0.8,0.8)-math.sin(q.anim_time*90*4-180)*1"
					],
					"position": [0, 0.1, 0]
				},
				"head_angle": {
					"rotation": [
						"-math.sin(q.anim_time*90*4-90)*1+math.sin(q.anim_time*90*4*2-45)*2",
						0,
						"-math.clamp(math.sin(q.anim_time*90*4-90)*1,-0.8,0.8)-math.sin(q.anim_time*90*4-180)*1"
					],
					"position": ["math.sin(q.anim_time*90*4-45)*0.1", "math.sin(-q.anim_time*90*4*2-45)*0.1", 0]
				},
				"tail3": {
					"rotation": ["-math.sin(q.anim_time*90*8-33*5-120-120)*3+5", "0+math.sin(q.anim_time*90*4-180)*3", 0]
				},
				"ear_left": {
					"rotation": ["-math.sin(q.anim_time*90*4-90)*0.5+math.sin(q.anim_time*90*4*2-45)*1*2", 0, 0]
				},
				"ear_left2": {
					"rotation": ["-math.sin(q.anim_time*90*4-90-60)*0.5+math.sin(q.anim_time*90*4*2-45-60)*1*3", 0, 0]
				},
				"ear_left3": {
					"rotation": ["-math.sin(q.anim_time*90*4-90-120)*0.5+math.sin(q.anim_time*90*4*2-45-120)*1*4", 0, 0]
				},
				"ear_right": {
					"rotation": ["-math.sin(q.anim_time*90*4-90)*0.5+math.sin(q.anim_time*90*4*2-45)*1*2", 0, 0]
				},
				"ear_right2": {
					"rotation": ["-math.sin(q.anim_time*90*4-90-60)*0.5+math.sin(q.anim_time*90*4*2-45-60)*1*3", 0, 0]
				},
				"ear_right3": {
					"rotation": ["-math.sin(q.anim_time*90*4-90-120)*0.5+math.sin(q.anim_time*90*4*2-45-120)*1*4", 0, 0]
				}
			}
		},
		"animation.dubfool.battle_idle": {
			"loop": true,
			"bones": {
				"torso": {
					"rotation": ["Math.cos((query.anim_time) * 90 * 2-90) * 0.5", 0, 0],
					"position": [0, "Math.cos((query.anim_time) * 90 * 2) * 0.2", 0]
				},
				"neck": {
					"rotation": ["15-Math.cos((query.anim_time-0.5) * 90 * 2) * -1", -0.4698, 0]
				},
				"head_angle": {
					"rotation": ["-10+math.sin(q.anim_time*90*2)*2", 0, 0]
				},
				"tail": {
					"relative_to": {
						"rotation": "entity"
					},
					"rotation": ["0+math.sin(q.anim_time*90*2+0)*3", 0, 0]
				},
				"tail2": {
					"rotation": [0, 0, 0]
				},
				"tail3": {
					"rotation": [0, 0, 0]
				},
				"ear_left": {
					"rotation": ["0+math.sin(q.anim_time*90*2-60)*3", 0, 0]
				},
				"ear_left2": {
					"rotation": ["0+math.sin(q.anim_time*90*2-120)*4", 0, 0]
				},
				"ear_left3": {
					"rotation": ["0+math.sin(q.anim_time*90*2-180)*5", 0, 0]
				},
				"ear_right": {
					"rotation": ["0+math.sin(q.anim_time*90*2-60)*3", 0, 0]
				},
				"ear_right2": {
					"rotation": ["0+math.sin(q.anim_time*90*2-120)*4", 0, 0]
				},
				"ear_right3": {
					"rotation": ["0+math.sin(q.anim_time*90*2-180)*5", 0, 0]
				},
				"body": {
					"position": [0, -0.75, 0]
				},
				"neck_wool_shearable": {
					"rotation": [-10, 0, 0]
				},
				"jaw": {
					"rotation": ["7.5+math.sin(q.anim_time*90*2-90)*2", 0, 0]
				},
				"leg_front_right": {
					"rotation": [20, 0, 0]
				},
				"leg_front_right2": {
					"rotation": [0, 0, 0]
				},
				"leg_front_right3": {
					"rotation": [-20, 0, 0]
				},
				"leg_front_left": {
					"rotation": [-17.5, 0, 0]
				},
				"leg_front_left2": {
					"rotation": [-7.5, 0, 0]
				},
				"leg_front_left3": {
					"rotation": [27.5, 0, 0]
				},
				"leg_back_right": {
					"rotation": [15, 0, 0]
				},
				"leg_back_right2": {
					"rotation": [-12.5, 0, 0]
				},
				"leg_back_left": {
					"rotation": [15, 0, 0]
				},
				"leg_back_left2": {
					"rotation": [-12.5, 0, 0]
				}
			}
		},
		"animation.dubfool.sleep": {
			"loop": true,
			"bones": {
				"torso": {
					"position": [0, -6, 0]
				},
				"head_angle": {
					"rotation": ["20+math.sin(q.anim_time*90*1)*1", 0, 0]
				},
				"eyelid_left": {
					"position": [-1, 0, -1]
				},
				"ear_left": {
					"rotation": ["-20+math.sin(q.anim_time*90*1-60)*3", 0, 0]
				},
				"ear_left2": {
					"rotation": ["0+math.sin(q.anim_time*90*1-120)*3", 0, 0]
				},
				"ear_left3": {
					"rotation": ["0+math.sin(q.anim_time*90*1-180)*3", 0, 0]
				},
				"ear_right": {
					"rotation": ["-20+math.sin(q.anim_time*90*1-60)*3", 0, 0]
				},
				"ear_right2": {
					"rotation": ["0+math.sin(q.anim_time*90*1-120)*3", 0, 0]
				},
				"ear_right3": {
					"rotation": ["0+math.sin(q.anim_time*90*1-180)*3", 0, 0]
				},
				"tail": {
					"rotation": ["-20+math.sin(q.anim_time*90*1-60)*1", "0+math.sin(q.anim_time*90*2-60)*2", 0]
				},
				"tail2": {
					"rotation": ["0+math.sin(q.anim_time*90*1-120)*1", "0+math.sin(q.anim_time*90*2-120)*2", 0]
				},
				"tail3": {
					"rotation": ["0+math.sin(q.anim_time*90*1-180)*1", "0+math.sin(q.anim_time*90*2-180)*2", 0]
				},
				"leg_front_right": {
					"position": [0, 0, 1]
				},
				"leg_front_left": {
					"position": [0, 0, 1]
				},
				"eyelid_right": {
					"position": [1, 0, -1]
				}
			}
		},
		"animation.dubfool.cry": {
			"animation_length": 2,
			"bones": {
				"head_angle": {
					"rotation": {
						"0.0": {
							"post": [0, 0, 0],
							"lerp_mode": "catmullrom"
						},
						"0.25": {
							"post": [7.5, 0, 0],
							"lerp_mode": "catmullrom"
						},
						"0.5": {
							"post": [10, 0, 0],
							"lerp_mode": "catmullrom"
						},
						"0.75": {
							"post": ["-5+math.sin(q.anim_time*90*20)*1", 0, 0],
							"lerp_mode": "catmullrom"
						},
						"1.2083": {
							"post": ["-5+math.sin(q.anim_time*90*20)*0.2", 0, 0],
							"lerp_mode": "catmullrom"
						},
						"2.0": {
							"post": [0, 0, 0],
							"lerp_mode": "catmullrom"
						}
					}
				},
				"jaw": {
					"rotation": {
						"0.0": {
							"post": [0, 0, 0],
							"lerp_mode": "catmullrom"
						},
						"0.2083": {
							"post": [10, 0, 0],
							"lerp_mode": "catmullrom"
						},
						"0.375": {
							"post": [0, 0, 0],
							"lerp_mode": "catmullrom"
						},
						"0.5": {
							"post": [0, 0, 0],
							"lerp_mode": "catmullrom"
						},
						"0.625": {
							"post": [35, 0, 0],
							"lerp_mode": "catmullrom"
						},
						"1.0": {
							"post": [0, 0, 0],
							"lerp_mode": "catmullrom"
						}
					}
				},
				"ear_left": {
					"rotation": {
						"0.0": {
							"post": [0, 0, 0],
							"lerp_mode": "catmullrom"
						},
						"0.375": {
							"post": [12, 0, 0],
							"lerp_mode": "catmullrom"
						},
						"0.5833": {
							"post": [10, 0, 0],
							"lerp_mode": "catmullrom"
						},
						"0.8333": {
							"post": [-7.5, 0, 0],
							"lerp_mode": "catmullrom"
						},
						"1.25": {
							"post": [1.5, 0, 0],
							"lerp_mode": "catmullrom"
						},
						"1.5": {
							"post": [0, 0, 0],
							"lerp_mode": "catmullrom"
						},
						"2.0": {
							"post": [0, 0, 0],
							"lerp_mode": "catmullrom"
						}
					}
				},
				"ear_left2": {
					"rotation": {
						"0.0": {
							"post": [0, 0, 0],
							"lerp_mode": "catmullrom"
						},
						"0.4583": {
							"post": [-10, 0, 0],
							"lerp_mode": "catmullrom"
						},
						"0.75": {
							"post": [22.5, 0, 0],
							"lerp_mode": "catmullrom"
						},
						"1.0833": {
							"post": [12.5, 0, 0],
							"lerp_mode": "catmullrom"
						},
						"1.3333": {
							"post": [-2.57, 0, 0],
							"lerp_mode": "catmullrom"
						},
						"1.625": {
							"post": [0, 0, 0],
							"lerp_mode": "catmullrom"
						},
						"2.0": {
							"post": [0, 0, 0],
							"lerp_mode": "catmullrom"
						}
					}
				},
				"ear_left3": {
					"rotation": {
						"0.0": {
							"post": [0, 0, 0],
							"lerp_mode": "catmullrom"
						},
						"0.5417": {
							"post": [-10, 0, 0],
							"lerp_mode": "catmullrom"
						},
						"0.8333": {
							"post": [22.5, 0, 0],
							"lerp_mode": "catmullrom"
						},
						"1.0833": {
							"post": [11, 0, 0],
							"lerp_mode": "catmullrom"
						},
						"1.3333": {
							"post": [-3.59, 0, 0],
							"lerp_mode": "catmullrom"
						},
						"1.75": {
							"post": [0, 0, 0],
							"lerp_mode": "catmullrom"
						},
						"2.0": {
							"post": [0, 0, 0],
							"lerp_mode": "catmullrom"
						}
					}
				},
				"ear_right": {
					"rotation": {
						"0.0": {
							"post": [0, 0, 0],
							"lerp_mode": "catmullrom"
						},
						"0.375": {
							"post": [12, 0, 0],
							"lerp_mode": "catmullrom"
						},
						"0.5833": {
							"post": [10, 0, 0],
							"lerp_mode": "catmullrom"
						},
						"0.8333": {
							"post": [-7.5, 0, 0],
							"lerp_mode": "catmullrom"
						},
						"1.25": {
							"post": [1.5, 0, 0],
							"lerp_mode": "catmullrom"
						},
						"1.5": {
							"post": [0, 0, 0],
							"lerp_mode": "catmullrom"
						},
						"2.0": {
							"post": [0, 0, 0],
							"lerp_mode": "catmullrom"
						}
					}
				},
				"ear_right2": {
					"rotation": {
						"0.0": {
							"post": [0, 0, 0],
							"lerp_mode": "catmullrom"
						},
						"0.4583": {
							"post": [-10, 0, 0],
							"lerp_mode": "catmullrom"
						},
						"0.75": {
							"post": [22.5, 0, 0],
							"lerp_mode": "catmullrom"
						},
						"1.0833": {
							"post": [12.5, 0, 0],
							"lerp_mode": "catmullrom"
						},
						"1.3333": {
							"post": [-2.57, 0, 0],
							"lerp_mode": "catmullrom"
						},
						"1.625": {
							"post": [0, 0, 0],
							"lerp_mode": "catmullrom"
						},
						"2.0": {
							"post": [0, 0, 0],
							"lerp_mode": "catmullrom"
						}
					}
				},
				"ear_right3": {
					"rotation": {
						"0.0": {
							"post": [0, 0, 0],
							"lerp_mode": "catmullrom"
						},
						"0.5417": {
							"post": [-10, 0, 0],
							"lerp_mode": "catmullrom"
						},
						"0.8333": {
							"post": [22.5, 0, 0],
							"lerp_mode": "catmullrom"
						},
						"1.0833": {
							"post": [11, 0, 0],
							"lerp_mode": "catmullrom"
						},
						"1.3333": {
							"post": [-3.59, 0, 0],
							"lerp_mode": "catmullrom"
						},
						"1.75": {
							"post": [0, 0, 0],
							"lerp_mode": "catmullrom"
						},
						"2.0": {
							"post": [0, 0, 0],
							"lerp_mode": "catmullrom"
						}
					}
				},
				"eyelid_left": {
					"position": {
						"0.0": [0, 0, 0],
						"0.2917": {"pre": [0, 0, 0], "post": [-1, 0, -1]},
						"0.5833": {"pre": [-1, 0, -1], "post": [0, 0, 0]}
					}
				},
				"eyelid_right": {
					"position": {
						"0.0": [0, 0, 0],
						"0.2917": {"pre": [0, 0, 0], "post": [1, 0, -1]},
						"0.5833": {"pre": [1, 0, -1], "post": [0, 0, 0]}
					}
				},
				"torso": {
					"rotation": {
						"0.0": {
							"post": [0, 0, 0],
							"lerp_mode": "catmullrom"
						},
						"0.3333": {
							"post": [2.5, 0, 0],
							"lerp_mode": "catmullrom"
						},
						"0.625": {
							"post": [-5, 0, "0+math.sin(q.anim_time*90*20)*0.3"],
							"lerp_mode": "catmullrom"
						},
						"1.375": {
							"post": [-5, 0, 0],
							"lerp_mode": "catmullrom"
						},
						"1.9583": {
							"post": [0, 0, 0],
							"lerp_mode": "catmullrom"
						}
					}
				},
				"tail": {
					"rotation": {
						"0.0": {
							"post": [0, 0, 0],
							"lerp_mode": "catmullrom"
						},
						"0.4167": {
							"post": [-7.5, 0, 0],
							"lerp_mode": "catmullrom"
						},
						"1.0": {
							"post": [17.5, 0, 0],
							"lerp_mode": "catmullrom"
						},
						"1.5": {
							"post": [17.5, 0, 0],
							"lerp_mode": "catmullrom"
						},
						"2.0": {
							"post": [0, 0, 0],
							"lerp_mode": "catmullrom"
						}
					}
				}
			},
			"sound_effects": {
				"0.125": {
					"effect": "pokemon.dubfool.cry"
				}
			}
		},
		"animation.dubfool.blink": {
			"animation_length": 0.25,
			"bones": {
				"eyelid_left": {
					"position": {
						"0.0": [0, 0, 0],
						"0.0417": {
							"pre": [0, 0, 0],
							"post": [-1, 0, -1]
						},
						"0.2083": {
							"pre": [-1, 0, -1],
							"post": [0, 0, 0]
						}
					}
				},
				"eyelid_right": {
					"position": {
						"0.0": [0, 0, 0],
						"0.0417": {
							"pre": [0, 0, 0],
							"post": [1, 0, -1]
						},
						"0.2083": {
							"pre": [1, 0, -1],
							"post": [0, 0, 0]
						}
					}
				}
			}
		},
		"animation.dubfool.eat": {
			"animation_length": 2,
			"bones": {
				"neck": {
					"rotation": {
						"0.0": [0, 0, 0],
						"0.3333": [77.5, 0, 0],
						"0.5833": [91.5, 0, 0],
						"0.6667": [90, 0, 0],
						"0.75": [77.5, 0, 0],
						"0.8333": [79, 0, 0],
						"1.0": [92.5, 0, 0],
						"1.0833": [90, 0, 0],
						"1.1667": [77.5, 0, 0],
						"1.25": [79, 0, 0],
						"1.4167": [92.5, 0, 0],
						"1.5": [90, 0, 0],
						"1.5833": [77.5, 0, 0],
						"1.6667": [77.5, 0, 0],
						"2.0": [0, 0, 0]
					},
					"position": {
						"0.0": [0, 0, 0],
						"0.3333": [0, -3, 0],
						"1.6667": [0, -3, 0],
						"2.0": [0, 0, 0]
					}
				},
				"neck_wool_shearable": {
					"rotation": {
						"0.0": [0, 0, 0],
						"0.3333": [-35, 0, 0],
						"0.5833": [-42.5, 0, 0],
						"0.6667": [-41.25, 0, 0],
						"0.75": [-32.5, 0, 0],
						"1.0": [-42.5, 0, 0],
						"1.0833": [-41.25, 0, 0],
						"1.1667": [-32.5, 0, 0],
						"1.4167": [-42.5, 0, 0],
						"1.5": [-41.25, 0, 0],
						"1.5833": [-32.5, 0, 0],
						"1.6667": [-35, 0, 0],
						"2.0": [0, 0, 0]
					},
					"position": {
						"0.0": [0, 0, 0],
						"0.3333": [0, 1, 1],
						"1.6667": [0, 1, 1],
						"2.0": [0, 0, 0]
					}
				},
				"head_angle": {
					"rotation": {
						"0.0": [0, 0, 0],
						"0.3333": [-11.5, 0, 0],
						"0.5": [-17, 0, 0],
						"0.5833": [-17.5, 0, 0],
						"0.75": [-11.5, 0, 0],
						"0.9167": [-17, 0, 0],
						"1.0": [-17.5, 0, 0],
						"1.1667": [-11.5, 0, 0],
						"1.3333": [-17, 0, 0],
						"1.4167": [-17.5, 0, 0],
						"1.6667": [-11.5, 0, 0],
						"2.0": [0, 0, 0]
					}
				},
				"torso": {
					"rotation": {
						"0.0": [0, 0, 0],
						"0.3333": [5, 0, 0],
						"1.6667": [5, 0, 0],
						"2.0": [0, 0, 0]
					}
				},
				"tail": {
					"rotation": {
						"0.0": {
							"post": [0, 0, 0],
							"lerp_mode": "catmullrom"
						},
						"0.5": {
							"post": [17.5, 0, 0],
							"lerp_mode": "catmullrom"
						},
						"1.0": {
							"post": [0, 0, 0],
							"lerp_mode": "catmullrom"
						},
						"2.0": {
							"post": [0, 0, 0],
							"lerp_mode": "catmullrom"
						}
					}
				},
				"tail2": {
					"rotation": {
						"0.0": {
							"post": [0, 0, 0],
							"lerp_mode": "catmullrom"
						},
						"0.6667": {
							"post": [7.5, 0, 0],
							"lerp_mode": "catmullrom"
						},
						"1.25": {
							"post": [0, 0, 0],
							"lerp_mode": "catmullrom"
						},
						"2.0": {
							"post": [0, 0, 0],
							"lerp_mode": "catmullrom"
						}
					}
				},
				"jaw": {
					"rotation": {
						"0.0": [0, 0, 0],
						"0.3333": [0, 0, 0],
						"0.5": [20, 0, 0],
						"0.5833": [0, 0, 0],
						"0.75": [0, 0, 0],
						"0.9167": [20, 0, 0],
						"1.0": [0, 0, 0],
						"1.1667": [0, 0, 0],
						"1.3333": [20, 0, 0],
						"1.4167": [0, 0, 0]
					}
				},
				"ear_left": {
					"rotation": {
						"0.0": {
							"post": [0, 0, 0],
							"lerp_mode": "catmullrom"
						},
						"0.5": {
							"post": [20, 0, 0],
							"lerp_mode": "catmullrom"
						},
						"0.6667": {
							"post": [27.5, 0, 0],
							"lerp_mode": "catmullrom"
						},
						"0.9167": {
							"post": [20, 0, 0],
							"lerp_mode": "catmullrom"
						},
						"1.0833": {
							"post": [27.5, 0, 0],
							"lerp_mode": "catmullrom"
						},
						"1.3333": {
							"post": [20, 0, 0],
							"lerp_mode": "catmullrom"
						},
						"1.5": {
							"post": [27.5, 0, 0],
							"lerp_mode": "catmullrom"
						},
						"2.0": {
							"post": [0, 0, 0],
							"lerp_mode": "catmullrom"
						}
					}
				},
				"ear_left2": {
					"rotation": {
						"0.0": {
							"post": [0, 0, 0],
							"lerp_mode": "catmullrom"
						},
						"0.5": {
							"post": [15, 0, 0],
							"lerp_mode": "catmullrom"
						},
						"0.6667": {
							"post": [30, 0, 0],
							"lerp_mode": "catmullrom"
						},
						"0.9167": {
							"post": [15, 0, 0],
							"lerp_mode": "catmullrom"
						},
						"1.0833": {
							"post": [30, 0, 0],
							"lerp_mode": "catmullrom"
						},
						"1.3333": {
							"post": [15, 0, 0],
							"lerp_mode": "catmullrom"
						},
						"1.5": {
							"post": [30, 0, 0],
							"lerp_mode": "catmullrom"
						},
						"2.0": {
							"post": [0, 0, 0],
							"lerp_mode": "catmullrom"
						}
					}
				},
				"ear_left3": {
					"rotation": {
						"0.0": {
							"post": [0, 0, 0],
							"lerp_mode": "catmullrom"
						},
						"0.5": {
							"post": [2.5, 0, 0],
							"lerp_mode": "catmullrom"
						},
						"0.6667": {
							"post": [17.5, 0, 0],
							"lerp_mode": "catmullrom"
						},
						"0.9167": {
							"post": [2.5, 0, 0],
							"lerp_mode": "catmullrom"
						},
						"1.0833": {
							"post": [17.5, 0, 0],
							"lerp_mode": "catmullrom"
						},
						"1.3333": {
							"post": [2.5, 0, 0],
							"lerp_mode": "catmullrom"
						},
						"1.5": {
							"post": [17.5, 0, 0],
							"lerp_mode": "catmullrom"
						},
						"2.0": {
							"post": [0, 0, 0],
							"lerp_mode": "catmullrom"
						}
					}
				},
				"ear_right": {
					"rotation": {
						"0.0": {
							"post": [0, 0, 0],
							"lerp_mode": "catmullrom"
						},
						"0.5": {
							"post": [20, 0, 0],
							"lerp_mode": "catmullrom"
						},
						"0.6667": {
							"post": [27.5, 0, 0],
							"lerp_mode": "catmullrom"
						},
						"0.9167": {
							"post": [20, 0, 0],
							"lerp_mode": "catmullrom"
						},
						"1.0833": {
							"post": [27.5, 0, 0],
							"lerp_mode": "catmullrom"
						},
						"1.3333": {
							"post": [20, 0, 0],
							"lerp_mode": "catmullrom"
						},
						"1.5": {
							"post": [27.5, 0, 0],
							"lerp_mode": "catmullrom"
						},
						"2.0": {
							"post": [0, 0, 0],
							"lerp_mode": "catmullrom"
						}
					}
				},
				"ear_right2": {
					"rotation": {
						"0.0": {
							"post": [0, 0, 0],
							"lerp_mode": "catmullrom"
						},
						"0.5": {
							"post": [15, 0, 0],
							"lerp_mode": "catmullrom"
						},
						"0.6667": {
							"post": [30, 0, 0],
							"lerp_mode": "catmullrom"
						},
						"0.9167": {
							"post": [15, 0, 0],
							"lerp_mode": "catmullrom"
						},
						"1.0833": {
							"post": [30, 0, 0],
							"lerp_mode": "catmullrom"
						},
						"1.3333": {
							"post": [15, 0, 0],
							"lerp_mode": "catmullrom"
						},
						"1.5": {
							"post": [30, 0, 0],
							"lerp_mode": "catmullrom"
						},
						"2.0": {
							"post": [0, 0, 0],
							"lerp_mode": "catmullrom"
						}
					}
				},
				"ear_right3": {
					"rotation": {
						"0.0": {
							"post": [0, 0, 0],
							"lerp_mode": "catmullrom"
						},
						"0.5": {
							"post": [2.5, 0, 0],
							"lerp_mode": "catmullrom"
						},
						"0.6667": {
							"post": [17.5, 0, 0],
							"lerp_mode": "catmullrom"
						},
						"0.9167": {
							"post": [2.5, 0, 0],
							"lerp_mode": "catmullrom"
						},
						"1.0833": {
							"post": [17.5, 0, 0],
							"lerp_mode": "catmullrom"
						},
						"1.3333": {
							"post": [2.5, 0, 0],
							"lerp_mode": "catmullrom"
						},
						"1.5": {
							"post": [17.5, 0, 0],
							"lerp_mode": "catmullrom"
						},
						"2.0": {
							"post": [0, 0, 0],
							"lerp_mode": "catmullrom"
						}
					}
				},
				"tail3": {
					"rotation": {
						"0.0": {
							"post": [0, 0, 0],
							"lerp_mode": "catmullrom"
						},
						"0.8333": {
							"post": [7.5, 0, 0],
							"lerp_mode": "catmullrom"
						},
						"1.4167": {
							"post": [0, 0, 0],
							"lerp_mode": "catmullrom"
						},
						"2.0": {
							"post": [0, 0, 0],
							"lerp_mode": "catmullrom"
						}
					}
				}
			}
		},
		"animation.dubfool.ear_quirk_left": {
			"animation_length": 0.6667,
			"bones": {
				"ear_left": {
					"rotation": {
						"0.0": {
							"post": [0, 0, 0],
							"lerp_mode": "catmullrom"
						},
						"0.1667": {
							"post": [-7.5, 0, 0],
							"lerp_mode": "catmullrom"
						},
						"0.3333": {
							"post": [17.5, 0, 0],
							"lerp_mode": "catmullrom"
						},
						"0.5": {
							"post": [0, 0, 0],
							"lerp_mode": "catmullrom"
						},
						"0.6667": {
							"post": [0, 0, 0],
							"lerp_mode": "catmullrom"
						}
					}
				},
				"ear_left2": {
					"rotation": {
						"0.0": {
							"post": [0, 0, 0],
							"lerp_mode": "catmullrom"
						},
						"0.25": {
							"post": [-7.5, 0, 0],
							"lerp_mode": "catmullrom"
						},
						"0.4167": {
							"post": [17.5, 0, 0],
							"lerp_mode": "catmullrom"
						},
						"0.5833": {
							"post": [0, 0, 0],
							"lerp_mode": "catmullrom"
						},
						"0.6667": {
							"post": [0, 0, 0],
							"lerp_mode": "catmullrom"
						}
					}
				},
				"ear_left3": {
					"rotation": {
						"0.0": {
							"post": [0, 0, 0],
							"lerp_mode": "catmullrom"
						},
						"0.3333": {
							"post": [-7.5, 0, 0],
							"lerp_mode": "catmullrom"
						},
						"0.5": {
							"post": [17.5, 0, 0],
							"lerp_mode": "catmullrom"
						},
						"0.6667": {
							"post": [0, 0, 0],
							"lerp_mode": "catmullrom"
						}
					}
				}
			}
		},
		"animation.dubfool.ear_quirk_right": {
			"animation_length": 0.6667,
			"bones": {
				"ear_right": {
					"rotation": {
						"0.0": {
							"post": [0, 0, 0],
							"lerp_mode": "catmullrom"
						},
						"0.1667": {
							"post": [-7.5, 0, 0],
							"lerp_mode": "catmullrom"
						},
						"0.3333": {
							"post": [17.5, 0, 0],
							"lerp_mode": "catmullrom"
						},
						"0.5": {
							"post": [0, 0, 0],
							"lerp_mode": "catmullrom"
						},
						"0.6667": {
							"post": [0, 0, 0],
							"lerp_mode": "catmullrom"
						}
					}
				},
				"ear_right2": {
					"rotation": {
						"0.0": {
							"post": [0, 0, 0],
							"lerp_mode": "catmullrom"
						},
						"0.25": {
							"post": [-7.5, 0, 0],
							"lerp_mode": "catmullrom"
						},
						"0.4167": {
							"post": [17.5, 0, 0],
							"lerp_mode": "catmullrom"
						},
						"0.5833": {
							"post": [0, 0, 0],
							"lerp_mode": "catmullrom"
						},
						"0.6667": {
							"post": [0, 0, 0],
							"lerp_mode": "catmullrom"
						}
					}
				},
				"ear_right3": {
					"rotation": {
						"0.0": {
							"post": [0, 0, 0],
							"lerp_mode": "catmullrom"
						},
						"0.3333": {
							"post": [-7.5, 0, 0],
							"lerp_mode": "catmullrom"
						},
						"0.5": {
							"post": [17.5, 0, 0],
							"lerp_mode": "catmullrom"
						},
						"0.6667": {
							"post": [0, 0, 0],
							"lerp_mode": "catmullrom"
						}
					}
				}
			}
		}
	}
}