{
	"format_version": "1.8.0",
	"animations": {
		"animation.equelpi.ground_idle": {
			"loop": true,
			"bones": {
				"body": {
					"rotation": [62.5, 0, 0],
					"position": [0, -12.25, -3]
				},
				"head": {
					"rotation": ["-25+Math.sin(query.anim_time * 100*1)*3", "Math.sin(query.anim_time * 100*0.5)*2", "Math.sin(query.anim_time * 100*0.5)*2"]
				},
				"mane": {
					"scale": [1, "1+Math.sin(query.anim_time * 100*1-30)*0.06", 1]
				},
				"tail": {
					"rotation": [-20, 0, 0]
				},
				"tail1": {
					"rotation": ["20+math.sin(q.anim_time*180)*-1", 0, 0]
				},
				"tail2": {
					"rotation": ["25+math.sin(q.anim_time*180-30)*10", 0, "Math.sin(query.anim_time * 160)*3"]
				},
				"tail3": {
					"rotation": ["17.5+math.sin(q.anim_time*180-10*2)*10-math.sin(q.anim_time*180-10*1)*10", 0, "0+Math.sin(query.anim_time * 180)*3"]
				},
				"arm_right": {
					"rotation": [0, 0, 0]
				},
				"upper_arm_right": {
					"rotation": [0, 0, "50+Math.sin(query.anim_time * -100)*2"],
					"position": [0, -0.75, 0]
				},
				"lower_arm_right": {
					"rotation": [0, 0, -27.5]
				},
				"hoof_right": {
					"rotation": [0, 0, "37.5+Math.sin(query.anim_time * -100)*-2"]
				},
				"arm_left": {
					"rotation": [0, 0, 0]
				},
				"upper_arm_left": {
					"rotation": [0, 0, "50+Math.sin(query.anim_time * -100)*2"],
					"position": [0, -0.75, 0]
				},
				"lower_arm_left": {
					"rotation": [0, 0, -27.5]
				},
				"hoof_left": {
					"rotation": [0, 0, "37.5+Math.sin(query.anim_time * -100)*-2"]
				},
				"torso": {
					"rotation": ["-32.55+Math.sin(query.anim_time * 100)*2", 0, 0]
				},
				"tail4": {
					"rotation": ["0+math.sin(q.anim_time*180-30)*30-math.sin(q.anim_time*180)*30", 0, "0+Math.sin(query.anim_time * 180)*3"]
				},
				"fin1": {
					"rotation": [0, 0, -45]
				},
				"fin2": {
					"rotation": [0, 0, 45]
				}
			}
		},
		"animation.equelpi.battle_idle": {
			"loop": true,
			"bones": {
				"body": {
					"rotation": [62.5, 0, 0],
					"position": [0, -12.25, -3]
				},
				"head": {
					"rotation": ["-32.5+Math.sin(query.anim_time * 100*1)*3.5", "Math.sin(query.anim_time * 100*0.5)*2", "Math.sin(query.anim_time * 100*0.5)*2"]
				},
				"mane": {
					"scale": [1, "1+Math.sin(query.anim_time * 100*1-30)*0.06", 1]
				},
				"tail": {
					"rotation": [-20, 0, 0]
				},
				"tail1": {
					"rotation": ["20+math.sin(q.anim_time*180)*-1", 0, 0]
				},
				"tail2": {
					"rotation": ["25+math.sin(q.anim_time*180-30)*10", 0, "Math.sin(query.anim_time * 160)*3"]
				},
				"tail3": {
					"rotation": ["17.5+math.sin(q.anim_time*180-10*2)*10-math.sin(q.anim_time*180-10*1)*10", 0, "0+Math.sin(query.anim_time * 180)*3"]
				},
				"arm_right": {
					"rotation": [0, 0, 0]
				},
				"upper_arm_right": {
					"rotation": [0, 0, "42.5+Math.sin(query.anim_time * -100)*2.5"],
					"position": [0, -0.75, 0]
				},
				"lower_arm_right": {
					"rotation": [0, 0, -27.5]
				},
				"hoof_right": {
					"rotation": [0, 0, "37.5+Math.sin(query.anim_time * -100)*-1.5"]
				},
				"arm_left": {
					"rotation": [0, 0, 0]
				},
				"upper_arm_left": {
					"rotation": [0, 0, "42.5+Math.sin(query.anim_time * -100)*2.5"],
					"position": [0, -0.75, 0]
				},
				"lower_arm_left": {
					"rotation": [0, 0, -27.5]
				},
				"hoof_left": {
					"rotation": [0, 0, "37.5+Math.sin(query.anim_time * -100)*-1.5"]
				},
				"torso": {
					"rotation": ["-25.05+Math.sin(query.anim_time * 100)*2.5", 0, 0]
				},
				"tail4": {
					"rotation": ["0+math.sin(q.anim_time*180-30)*30-math.sin(q.anim_time*180)*30", 0, "0+Math.sin(query.anim_time * 180)*3"]
				},
				"fin1": {
					"rotation": [0, 0, -45]
				},
				"fin2": {
					"rotation": [0, 0, 45]
				},
				"mouth": {
					"position": [0, 0.25, 0]
				},
				"eye_angry_right": {
					"rotation": [5, 0, 0],
					"position": [0.1, 0.25, 0]
				},
				"eye_angry_left": {
					"rotation": [5, 0, 0],
					"position": [-0.1, 0.25, 0]
				}
			}
		},
		"animation.equelpi.cry": {
			"animation_length": 1.5417,
			"bones": {
				"head": {
					"rotation": {
						"0.0": {
							"post": [0, 0, 0],
							"lerp_mode": "catmullrom"
						},
						"0.25": {
							"post": [11, 0, 0],
							"lerp_mode": "catmullrom"
						},
						"0.5833": {
							"post": [-20.5, 0, 0],
							"lerp_mode": "catmullrom"
						},
						"0.7083": {
							"post": [-25.41, 0, 0],
							"lerp_mode": "catmullrom"
						},
						"0.8333": {
							"post": [-20.5, 0, 0],
							"lerp_mode": "catmullrom"
						},
						"0.9583": {
							"post": [-25.41, 0, 0],
							"lerp_mode": "catmullrom"
						},
						"1.0833": {
							"post": [-20, 0, 0],
							"lerp_mode": "catmullrom"
						},
						"1.2917": {
							"post": [0, 0, 0],
							"lerp_mode": "catmullrom"
						}
					}
				},
				"mouth_open": {
					"position": {
						"0.0": [0, 0, 0],
						"0.5417": [0, 0, 0],
						"0.5833": [0, 0, -0.1],
						"1.1667": [0, 0, -0.1],
						"1.2083": [0, 0, 0]
					}
				},
				"mouth": {
					"position": {
						"0.0": [0, 0, 0],
						"0.5417": [0, 0, 0],
						"0.5833": [0, 0, 0.1],
						"1.1667": [0, 0, 0.1],
						"1.2083": [0, 0, 0]
					}
				},
				"torso": {
					"rotation": {
						"0.0": [0, 0, 0],
						"0.2083": [2.5, 0, 0],
						"0.375": [2.5, 0, 0],
						"0.625": [-7.5, 0, 0],
						"0.875": [-10, 0, 0],
						"1.5417": [0, 0, 0]
					}
				},
				"upper_arm_right": {
					"rotation": {
						"0.0": [0, 0, 0],
						"0.2083": [0, 0, -2.5],
						"0.375": [0, 0, -2.5],
						"0.625": [0, 0, 7.5],
						"0.875": [0, 0, 7.5],
						"1.5417": [0, 0, 0]
					}
				},
				"upper_arm_left": {
					"rotation": {
						"0.0": [0, 0, 0],
						"0.2083": [0, 0, -2.5],
						"0.375": [0, 0, -2.5],
						"0.625": [0, 0, 7.5],
						"0.875": [0, 0, 7.5],
						"1.5417": [0, 0, 0]
					}
				}
			},
			"sound_effects": {
				"0.375": {
					"effect": "pokemon.equelpi.cry"
				}
			}
		},
		"animation.equelpi.ground_walk": {
			"loop": true,
			"animation_length": 4,
			"bones": {
				"body": {
					"rotation": ["30-5*math.sin(q.anim_time*90*4)", "-5*math.sin(q.anim_time*90*2)", "2*math.sin(q.anim_time*90*2)"],
					"position": [0, -10.5, -3]
				},
				"head": {
					"rotation": ["-22.5+5*math.sin(q.anim_time*90*4-50)", "5*math.cos(q.anim_time*90*2-50)", "2*math.sin(q.anim_time*90*1-50)"],
					"position": [0, "0.1*math.sin(q.anim_time*90*2+50)", 0]
				},
				"mane": {
					"scale": [1, "1+Math.sin(query.anim_time * 90*4)*0.06", 1]
				},
				"ear_left": {
					"rotation": [0, 0, "-3*math.sin(q.anim_time*90*2-20)"]
				},
				"ear_right": {
					"rotation": [0, 0, "3*math.sin(q.anim_time*90*2)"]
				},
				"tail": {
					"rotation": [12.5, 0, 0]
				},
				"tail1": {
					"rotation": [37.5, 0, 0]
				},
				"tail2": {
					"rotation": ["22.5-2*math.sin(q.anim_time*90*2)", 0, "-10*math.cos(q.anim_time*90*2)"]
				},
				"tail3": {
					"rotation": ["12.5+5*math.sin(q.anim_time*90*4)", 0, "-10*math.sin(q.anim_time*90*2)"]
				},
				"tail4": {
					"rotation": ["12.5+5*math.sin(q.anim_time*90*4)", 0, "-10*math.sin(q.anim_time*90*2)"]
				},
				"fin1": {
					"rotation": [0, 0, -35]
				},
				"fin2": {
					"rotation": [0, 0, 42.5]
				},
				"upper_arm_right": {
					"rotation": {
						"0.0": {
							"post": [0, 0, 57.5],
							"lerp_mode": "catmullrom"
						},
						"0.5": {
							"post": [0, 0, 85],
							"lerp_mode": "catmullrom"
						},
						"1.0": {
							"post": [0, 0, 12.5],
							"lerp_mode": "catmullrom"
						},
						"1.5": {
							"post": [0, 0, 22.5],
							"lerp_mode": "catmullrom"
						},
						"2.0": {
							"post": [0, 0, 57.5],
							"lerp_mode": "catmullrom"
						},
						"2.5": {
							"post": [0, 0, 85],
							"lerp_mode": "catmullrom"
						},
						"3.0": {
							"post": [0, 0, 12.5],
							"lerp_mode": "catmullrom"
						},
						"3.5": {
							"post": [0, 0, 22.5],
							"lerp_mode": "catmullrom"
						},
						"4.0": {
							"post": [0, 0, 57.5],
							"lerp_mode": "catmullrom"
						}
					}
				},
				"lower_arm_right": {
					"rotation": {
						"0.0": {
							"post": [0, 5, -15],
							"lerp_mode": "catmullrom"
						},
						"0.4167": {
							"post": [0.36837, 0.22349, -20.308],
							"lerp_mode": "catmullrom"
						},
						"1.0": [0, 0, -35],
						"1.5833": {
							"pre": [0, 0, -52.5],
							"post": [0, 0, -52.5],
							"lerp_mode": "catmullrom"
						},
						"2.0": {
							"post": [0, 5, -15],
							"lerp_mode": "catmullrom"
						},
						"2.4167": {
							"post": [0.36837, 0.22349, -20.308],
							"lerp_mode": "catmullrom"
						},
						"3.0": [0, 0, -35],
						"3.5833": {
							"pre": [0, 0, -52.5],
							"post": [0, 0, -52.5],
							"lerp_mode": "catmullrom"
						},
						"4.0": {
							"post": [0, 5, -15],
							"lerp_mode": "catmullrom"
						}
					}
				},
				"hoof_right": {
					"rotation": {
						"0.0": {
							"post": [0, 0, 20],
							"lerp_mode": "catmullrom"
						},
						"0.5": {
							"post": [0, 0, -1.25],
							"lerp_mode": "catmullrom"
						},
						"1.0": [0, 0, 62.5],
						"1.5": {
							"pre": [0, 0, 37.5],
							"post": [0, 0, 37.5],
							"lerp_mode": "catmullrom"
						},
						"1.75": {
							"post": [0, 0, 35],
							"lerp_mode": "catmullrom"
						},
						"2.0": {
							"post": [0, 0, 20],
							"lerp_mode": "catmullrom"
						},
						"2.5": {
							"post": [0, 0, -1.25],
							"lerp_mode": "catmullrom"
						},
						"3.0": [0, 0, 62.5],
						"3.5": {
							"pre": [0, 0, 37.5],
							"post": [0, 0, 37.5],
							"lerp_mode": "catmullrom"
						},
						"3.75": {
							"post": [0, 0, 35],
							"lerp_mode": "catmullrom"
						},
						"4.0": {
							"post": [0, 0, 20],
							"lerp_mode": "catmullrom"
						}
					}
				},
				"upper_arm_left": {
					"rotation": {
						"0.0": {
							"post": [0, 0, 12.5],
							"lerp_mode": "catmullrom"
						},
						"0.5": {
							"post": [0, 0, 22.5],
							"lerp_mode": "catmullrom"
						},
						"1.0": {
							"post": [0, 0, 57.5],
							"lerp_mode": "catmullrom"
						},
						"1.5": {
							"post": [0, 0, 85],
							"lerp_mode": "catmullrom"
						},
						"2.0": {
							"post": [0, 0, 12.5],
							"lerp_mode": "catmullrom"
						},
						"2.5": {
							"post": [0, 0, 22.5],
							"lerp_mode": "catmullrom"
						},
						"3.0": {
							"post": [0, 0, 57.5],
							"lerp_mode": "catmullrom"
						},
						"3.5": {
							"post": [0, 0, 85],
							"lerp_mode": "catmullrom"
						},
						"4.0": {
							"post": [0, 0, 12.5],
							"lerp_mode": "catmullrom"
						}
					}
				},
				"lower_arm_left": {
					"rotation": {
						"0.0": [0, 0, -35],
						"0.5833": {
							"pre": [0, 0, -52.5],
							"post": [0, 0, -52.5],
							"lerp_mode": "catmullrom"
						},
						"1.0": {
							"post": [0, 5, -15],
							"lerp_mode": "catmullrom"
						},
						"1.4167": {
							"post": [0.36837, 0.22349, -20.308],
							"lerp_mode": "catmullrom"
						},
						"2.0": [0, 0, -35],
						"2.5833": {
							"pre": [0, 0, -52.5],
							"post": [0, 0, -52.5],
							"lerp_mode": "catmullrom"
						},
						"3.0": {
							"post": [0, 5, -15],
							"lerp_mode": "catmullrom"
						},
						"3.4167": {
							"post": [0.36837, 0.22349, -20.308],
							"lerp_mode": "catmullrom"
						},
						"4.0": [0, 0, -35]
					}
				},
				"hoof_left": {
					"rotation": {
						"0.0": [0, 0, 62.5],
						"0.5": {
							"pre": [0, 0, 37.5],
							"post": [0, 0, 37.5],
							"lerp_mode": "catmullrom"
						},
						"0.75": {
							"post": [0, 0, 35],
							"lerp_mode": "catmullrom"
						},
						"1.0": {
							"post": [0, 0, 20],
							"lerp_mode": "catmullrom"
						},
						"1.5": {
							"post": [0, 0, -1.25],
							"lerp_mode": "catmullrom"
						},
						"2.0": [0, 0, 62.5],
						"2.5": {
							"pre": [0, 0, 37.5],
							"post": [0, 0, 37.5],
							"lerp_mode": "catmullrom"
						},
						"2.75": {
							"post": [0, 0, 35],
							"lerp_mode": "catmullrom"
						},
						"3.0": {
							"post": [0, 0, 20],
							"lerp_mode": "catmullrom"
						},
						"3.5": {
							"post": [0, 0, -1.25],
							"lerp_mode": "catmullrom"
						},
						"4.0": [0, 0, 62.5]
					}
				}
			}
		},
		"animation.equelpi.blink": {
			"animation_length": 0.125,
			"bones": {
				"eye_right": {
					"position": {
						"0.0": [-0.1, 0, 0],
						"0.0833": [-0.1, 0, 0],
						"0.125": [0, 0, 0]
					}
				},
				"eye_left": {
					"position": {
						"0.0": [0.1, 0, 0],
						"0.0833": [0.1, 0, 0],
						"0.125": [0, 0, 0]
					}
				},
				"eye_lid_left": {
					"position": {
						"0.0": [-0.1, 0, 0],
						"0.0833": [-0.1, 0, 0],
						"0.125": [0, 0, 0]
					}
				},
				"eye_lid_right": {
					"position": {
						"0.0": [0.1, 0, 0],
						"0.0833": [0.1, 0, 0],
						"0.125": [0, 0, 0]
					}
				}
			}
		},
		"animation.equelpi.sleep": {
			"loop": true,
			"bones": {
				"body": {
					"rotation": [42.5, 0, 0],
					"position": [0, -12, 0]
				},
				"head": {
					"rotation": ["-19.7+Math.sin(query.anim_time * 80)*2", -37.5, 16.5]
				},
				"eye_right": {
					"position": [-0.1, 0, 0]
				},
				"eye_left": {
					"position": [0.1, 0, 0]
				},
				"eye_lid_left": {
					"position": [-0.1, 0, 0]
				},
				"eye_lid_right": {
					"position": [0.1, 0, 0]
				},
				"torso": {
					"rotation": ["21.8+Math.sin(query.anim_time * 80)*0.5", 5.6, -14],
					"position": [0, -1, 0]
				},
				"tail": {
					"rotation": [0, 0, -35]
				},
				"tail1": {
					"rotation": [15.91581, 21.26302, -28.88453]
				},
				"tail2": {
					"rotation": [-4.6, 14.2, "-43+Math.sin(query.anim_time * 80)*2"]
				},
				"tail3": {
					"rotation": [0, 0, "-20+Math.sin(query.anim_time * 80)*2-2"]
				},
				"tail4": {
					"rotation": [0, 0, "-15+Math.sin(query.anim_time * 80)*2-3"]
				},
				"fin1": {
					"rotation": [0, -10, -67.5]
				},
				"fin2": {
					"rotation": [0, 17.5, 35]
				},
				"upper_arm_right": {
					"rotation": [-39.70889, -16.58974, -1.47287]
				},
				"lower_arm_right": {
					"rotation": [0, 0, -35]
				},
				"hoof_right": {
					"rotation": [0, 0, "2.5+Math.sin(query.anim_time * 80)*-2"]
				},
				"upper_arm_left": {
					"rotation": [-2.20462, 12.3071, -20.23772]
				},
				"lower_arm_left": {
					"rotation": [0, 0, -27.5]
				},
				"hoof_left": {
					"rotation": [0, 0, "-5+Math.sin(query.anim_time * 80)*-2"]
				}
			}
		},
		"animation.equelpi.water_swim": {
			"loop": true,
			"bones": {
				"body": {
					"rotation": ["65+5*math.sin(q.anim_time*90*2-80)", 0, "5*math.sin(q.anim_time*90*1-50)"],
					"position": [0, "-12+math.sin(q.anim_time*180)*1", -4]
				},
				"head": {
					"rotation": ["-50+Math.sin(query.anim_time * 120)*2", 0, 0]
				},
				"mane": {
					"scale": [1, "1+Math.sin(query.anim_time * 120)*0.05", 1]
				},
				"tail": {
					"rotation": [17.5, 0, 0]
				},
				"tail1": {
					"rotation": ["0+math.sin(q.anim_time*180)*30", 0, 0]
				},
				"tail2": {
					"rotation": ["0+math.sin(q.anim_time*180-30)*30-math.sin(q.anim_time*180)*30", 0, 0]
				},
				"tail3": {
					"rotation": ["0+math.sin(q.anim_time*180-30*2)*30-math.sin(q.anim_time*180-30*1)*30", 0, 0]
				},
				"fin1": {
					"rotation": [0, 0, -67.5]
				},
				"fin2": {
					"rotation": [0, 0, 67.5]
				},
				"arm_right": {
					"rotation": [0, 0, 0]
				},
				"upper_arm_right": {
					"rotation": [0, 7.5, "12.5+math.sin(q.anim_time*90*2)*5"]
				},
				"lower_arm_right": {
					"rotation": [0, 0, -40]
				},
				"hoof_right": {
					"rotation": [0, 0, "52.5+math.sin(q.anim_time*90*2+30)*10"]
				},
				"arm_left": {
					"rotation": [0, 0, 0]
				},
				"upper_arm_left": {
					"rotation": [0, -7.5, "12.5+math.sin(q.anim_time*90*2)*5-math.sin(q.anim_time*60)*5"]
				},
				"lower_arm_left": {
					"rotation": [0, 0, -37.5]
				},
				"hoof_left": {
					"rotation": [0, 0, "52.5+math.sin(q.anim_time*90*2+30)*10"]
				}
			}
		},
		"animation.equelpi.water_idle": {
			"loop": true,
			"bones": {
				"body": {
					"rotation": [62.5, 0, 0],
					"position": [0, "-9+math.sin(q.anim_time*50)*1", -4]
				},
				"head": {
					"rotation": ["-25+Math.sin(query.anim_time * 80)*2", 0, 0]
				},
				"mane": {
					"scale": [1, "1+Math.sin(query.anim_time * 50)*0.05", 1]
				},
				"tail": {
					"rotation": [-22.5, 0, 0]
				},
				"tail1": {
					"rotation": ["-15+math.sin(q.anim_time*180)*10", 0, 0]
				},
				"tail2": {
					"rotation": ["50+math.sin(q.anim_time*180-10)*10-math.sin(q.anim_time*180)*10", 0, 0]
				},
				"tail3": {
					"rotation": ["17.5+math.sin(q.anim_time*180-10*2)*10-math.sin(q.anim_time*180-10*1)*10", 0, 0]
				},
				"arm_right": {
					"rotation": [0, 0, 0]
				},
				"upper_arm_right": {
					"rotation": [0, 5, "47.5+math.sin(q.anim_time*50)*5"]
				},
				"lower_arm_right": {
					"rotation": [0, 0, -70]
				},
				"hoof_right": {
					"rotation": [0, 0, 72.5]
				},
				"arm_left": {
					"rotation": [0, 0, 0]
				},
				"upper_arm_left": {
					"rotation": [-5.01592, -5.19878, "45.4462+math.sin(q.anim_time*50)*5-math.sin(q.anim_time*50)*10"]
				},
				"lower_arm_left": {
					"rotation": [0, 0, -60]
				},
				"hoof_left": {
					"rotation": [0, 0, 65]
				},
				"torso": {
					"rotation": [-32.5, 0, 0]
				},
				"tail4": {
					"rotation": ["0+math.sin(q.anim_time*180-30)*30-math.sin(q.anim_time*180)*30", 0, 0]
				},
				"fin1": {
					"rotation": [0, 0, -45]
				},
				"fin2": {
					"rotation": [0, 0, 45]
				}
			}
		},
		"animation.equelpi.render": {
			"loop": true,
			"bones": {
				"body": {
					"rotation": [17.5, 0, 0]
				},
				"torso": {
					"rotation": [-2.5, 0, 0],
					"position": [0, 0, -0.5]
				},
				"upper_arm_right": {
					"rotation": [0, -5, 40],
					"position": [1, -0.75, 0]
				},
				"lower_arm_right": {
					"rotation": [0, 0, -37.5]
				},
				"hoof_right": {
					"rotation": [0, 0, 42.5]
				},
				"upper_arm_left": {
					"rotation": [0, 0, 40],
					"position": [1, -0.5, 0]
				},
				"lower_arm_left": {
					"rotation": [0, 0, -42.5]
				},
				"hoof_left": {
					"rotation": [0, 0, 42.5]
				},
				"head": {
					"rotation": [-5.019, 4.98093, -0.43688],
					"position": [0, 0.25, -0.5]
				},
				"mouth_open": {
					"position": [0, 0, -0.1]
				},
				"mouth": {
					"position": [0, 0, 0.1]
				},
				"tail": {
					"rotation": [17.5, 0, 0]
				},
				"tail1": {
					"rotation": [-10, 0, 0]
				},
				"tail2": {
					"rotation": [40, 0, 0],
					"position": [0, 0.75, 0]
				},
				"tail3": {
					"rotation": [27.5, 0, 0]
				},
				"tail4": {
					"rotation": [20, 0, 0]
				},
				"fin1": {
					"rotation": [0, 17.5, -45]
				},
				"fin2": {
					"rotation": [0, -22.5, 45]
				}
			}
		},
		"animation.equelpi.drowsy": {
			"loop": true,
			"bones": {
				"mouth_open": {
					"position": [0, 0, -0.1]
				},
				"mouth": {
					"position": [0, 0, 0.1]
				},
				"eye_angry_right": {
					"position": [0.1, 0, 0]
				},
				"eye_angry_left": {
					"position": [-0.1, 0, 0]
				}
			}
		},
		"animation.equelpi.angry": {
			"loop": true,
			"bones": {
				"mouth": {
					"position": [0, 0.25, 0]
				},
				"eye_angry_right": {
					"rotation": [5, 0, 0],
					"position": [0.1, 0.25, 0]
				},
				"eye_angry_left": {
					"rotation": [5, 0, 0],
					"position": [-0.1, 0.25, 0]
				}
			}
		},
		"animation.equelpi.special": {
			"animation_length": 3,
			"bones": {
				"body": {
					"rotation": {
						"0.0": [62.5, 0, 0],
						"0.5": [51.5, 0, 0],
						"0.75": [51, 0, 0],
						"1.25": [72.5, 0, 0],
						"2.0": [72.5, 0, 0]
					},
					"position": {
						"0.0": [0, -12.25, -3],
						"0.5": [0, -10.5, -3],
						"0.75": [0, -10.5, -3],
						"1.25": [0, -13.5, -3],
						"2.0": [0, -13.5, -3]
					}
				},
				"torso": {
					"rotation": {
						"0.0": [-32.55, 0, 0],
						"0.5": [-56.22, 0, 0],
						"1.25": [-15.05, 0, 0],
						"2.0": [-15.05, 0, 0],
						"3.0": [-32.55, 0, 0]
					},
					"position": {
						"0.0": [0, 0, 0],
						"0.5": [0, -0.5, 0.5],
						"1.25": [0, 0, 0],
						"2.0": [0, 0, 0],
						"3.0": [0, 0, 0]
					}
				},
				"arm_right": {
					"rotation": {
						"0.0": [0, 0, 0],
						"3.0": [0, 0, 0]
					}
				},
				"upper_arm_right": {
					"rotation": {
						"0.0": [0, 0, 50],
						"0.5": [0, 0, 14.5],
						"0.75": [0, 0, 28],
						"1.25": [0, 0, 17.5],
						"2.0": [0, 0, 17.5],
						"3.0": [0, 0, 50]
					},
					"position": {
						"0.0": [0, -0.75, 0],
						"3.0": [0, -0.75, 0]
					}
				},
				"lower_arm_right": {
					"rotation": {
						"0.0": [0, 0, -27.5],
						"0.5": [0, 0, -33.5],
						"1.25": [0, 0, -42.5],
						"2.0": [0, 0, -42.5],
						"3.0": [0, 0, -27.5]
					}
				},
				"hoof_right": {
					"rotation": {
						"0.0": [0, 0, 37.5],
						"0.5": [0, 0, 55.5],
						"0.75": [0, 0, 55.33],
						"1.25": [0, 0, 57.5],
						"2.0": [0, 0, 57.5],
						"3.0": [0, 0, 37.5]
					}
				},
				"arm_left": {
					"rotation": {
						"0.0": [0, 0, 0],
						"3.0": [0, 0, 0]
					}
				},
				"upper_arm_left": {
					"rotation": {
						"0.0": [0, 0, 50],
						"0.5": [0, 0, -4.5],
						"0.75": [0, 0, 11.17],
						"1.25": [0, 0, 20],
						"2.0": [0, 0, 20],
						"3.0": [0, 0, 50]
					},
					"position": {
						"0.0": [0, -0.75, 0],
						"3.0": [0, -0.75, 0]
					}
				},
				"lower_arm_left": {
					"rotation": {
						"0.0": [0, 0, -27.5],
						"0.5": [0, 0, -31],
						"1.25": [0, 0, -42.5],
						"2.0": [0, 0, -42.5],
						"3.0": [0, 0, -27.5]
					}
				},
				"hoof_left": {
					"rotation": {
						"0.0": [0, 0, 37.5],
						"0.5": [0, 0, 49.5],
						"0.75": [0, 0, 44.67],
						"1.25": [0, 0, 55],
						"2.0": [0, 0, 55],
						"3.0": [0, 0, 37.5]
					}
				},
				"head": {
					"rotation": {
						"0.0": [-25, 0, 0],
						"0.25": [6.13, 0, 0],
						"0.5": [-17.75, 0, 0],
						"1.0417": [-20.35, 0, 0],
						"1.25": [-52.5, 0, 0],
						"2.0": [-52.5, 0, 0],
						"3.0": [-25, 0, 0]
					},
					"position": {
						"0.0": [0, 0, 0],
						"1.25": [0, 0.75, -1],
						"2.0": [0, 0.75, -1],
						"3.0": [0, 0, 0]
					}
				},
				"mouth_open": {
					"position": {
						"0.0": [0, 0, 0],
						"1.25": {"pre": [0, 0, 0], "post": [0, 0, -0.1]},
						"2.0": {"pre": [0, 0, -0.1], "post": [0, 0, -0.1]}
					}
				},
				"mouth": {
					"position": {
						"0.0": [0, 0, 0],
						"1.25": {"pre": [0, 0, 0], "post": [0, 0, 0.1]},
						"2.0": {"pre": [0, 0, 0.1], "post": [0, 0, 0.1]}
					}
				},
				"mane": {
					"scale": {
						"0.0": [1, 1, 1],
						"3.0": [1, 1, 1]
					}
				},
				"eye_right": {
					"position": {
						"0.0": [0, 0, 0],
						"1.25": {"pre": [0, 0, 0], "post": [-0.1, 0, 0]}
					}
				},
				"eye_left": {
					"position": {
						"0.0": [0, 0, 0],
						"1.25": {"pre": [0, 0, 0], "post": [0.1, 0, 0]}
					}
				},
				"eye_lid_left": {
					"rotation": {
						"0.0": [0, 0, 0],
						"1.25": {"pre": [0, 0, 0], "post": [15, 0, 0]}
					},
					"position": {
						"0.0": [0, 0, 0],
						"1.25": {"pre": [0, 0, 0], "post": [-0.1, 0.5, 0]}
					}
				},
				"eye_lid_right": {
					"rotation": {
						"0.0": [0, 0, 0],
						"1.25": {"pre": [0, 0, 0], "post": [15, 0, 0]}
					},
					"position": {
						"0.0": [0, 0, 0],
						"1.25": {"pre": [0, 0, 0], "post": [0.1, 0.5, 0]}
					}
				},
				"tail": {
					"rotation": {
						"0.0": [-20, 0, 0],
						"3.0": [-20, 0, 0]
					}
				},
				"tail1": {
					"rotation": {
						"0.0": [20, 0, 0],
						"3.0": [20, 0, 0]
					}
				},
				"tail2": {
					"rotation": {
						"0.0": [25, 0, 0],
						"0.5": [42.5, 0, 0],
						"1.0417": [18.71, 0, 0],
						"1.25": [24.38, 0, 0],
						"3.0": [25, 0, 0]
					}
				},
				"tail3": {
					"rotation": {
						"0.0": [17.5, 0, 0],
						"0.5": [30, 0, 0],
						"3.0": [17.5, 0, 0]
					}
				},
				"tail4": {
					"rotation": {
						"0.0": [0, 0, 0],
						"0.5": [20, 0, 0],
						"3.0": [0, 0, 0]
					}
				},
				"fin1": {
					"rotation": {
						"0.0": [0, 0, -45],
						"0.5": [0, 0, -62.5],
						"1.25": [0, 0, -45],
						"2.0": [0, 0, -45],
						"3.0": [0, 0, -45]
					}
				},
				"fin2": {
					"rotation": {
						"0.0": [0, 0, 45],
						"0.5": [0, 0, 67.5],
						"1.25": [0, 0, 45],
						"2.0": [0, 0, 45],
						"3.0": [0, 0, 45]
					}
				}
			}
		}
	}
}