{
	"format_version": "1.8.0",
	"animations": {
		"animation.stellotl_awakened.render": {
			"loop": true,
			"bones": {
				"body": {
					"rotation": [-52.5, 0, 0],
					"position": [0, 27, 0],
					"scale": 1.2
				},
				"torso": {
					"rotation": [-25, 0, 0]
				},
				"torso2": {
					"rotation": [0, 0, 0]
				},
				"arm_right": {
					"rotation": [-7.09999, -21.40584, 18.84359]
				},
				"arm_left": {
					"rotation": [-6.88003, 16.1299, -23.47603]
				},
				"neck": {
					"rotation": [-22.5, 0, 0]
				},
				"neck2": {
					"rotation": [52.5, 0, 0]
				},
				"nebula": {
					"rotation": [22.5, 0, 0],
					"scale": 1.1
				},
				"lower_torso": {
					"rotation": [35, 0, 0]
				},
				"leg_right": {
					"rotation": [-30, 0, 0]
				},
				"foot_right": {
					"rotation": [-20, 0, 0]
				},
				"leg_left": {
					"rotation": [-17.5, 0, 0]
				},
				"foot_left": {
					"rotation": [-20, 0, 0]
				},
				"tail": {
					"rotation": [30, 0, 0]
				},
				"tail2": {
					"rotation": [26.05573, -15.81499, -7.59001]
				},
				"tail3": {
					"rotation": [20.6469, -14.0761, -5.23619]
				},
				"tail4": {
					"rotation": [25.76926, -13.56626, -6.46066]
				},
				"tail5": {
					"rotation": [18.29388, 16.66577, 5.41615]
				},
				"tail6": {
					"rotation": [-20, 0, 0]
				},
				"tail7": {
					"rotation": [-25, 0, 0]
				},
				"tail8": {
					"rotation": [-25.18908, -6.79382, 3.18458],
					"position": [0, 0, -0.3]
				},
				"tail9": {
					"rotation": [-30, 0, 0],
					"position": [0, 0, -0.4]
				},
				"tail10": {
					"rotation": [-22.5, 0, 0],
					"position": [0, 0, -0.2]
				},
				"nebula2": {
					"rotation": [-2.5, 0, 0],
					"position": [0, 0, 0]
				},
				"nebula3": {
					"rotation": [10, 0, 0]
				},
				"neck3": {
					"rotation": [40, 0, 0]
				},
				"head": {
					"rotation": [37.5, 0, 0]
				},
				"tendril_right": {
					"rotation": [-17.5, 0, 0]
				},
				"tendril_right2": {
					"rotation": [-25, 0, 0]
				},
				"tendril_right3": {
					"rotation": [-35, 0, 0]
				},
				"tendril_right4": {
					"rotation": [-32.5, 0, 0]
				},
				"tendril_right5": {
					"rotation": [15, 0, 0]
				},
				"tendril_right6": {
					"rotation": [35, 0, 0]
				},
				"tendril_right7": {
					"rotation": [-20, 0, 0]
				},
				"tendril_right8": {
					"rotation": [-20, 0, 0]
				},
				"tendril_left": {
					"rotation": [-25, 0, 0]
				},
				"tendril_left2": {
					"rotation": [-32.5, 0, 0]
				},
				"tendril_left3": {
					"rotation": [-32.5, 0, 0]
				},
				"tendril_left4": {
					"rotation": [-30, 0, 0]
				},
				"tendril_left5": {
					"rotation": [22.5, 0, 0]
				},
				"tendril_left6": {
					"rotation": [42.5, 0, 0]
				},
				"tendril_left7": {
					"rotation": [-37.5, 0, 0]
				},
				"tendril_left8": {
					"rotation": [-27.5, 0, 0]
				},
				"tail_fire": {
					"rotation": [-37.5, 0, 0]
				},
				"arm_right2": {
					"rotation": [0, 0, 55]
				},
				"arm_left2": {
					"rotation": [0, 0, -35]
				},
				"arm_right3": {
					"rotation": [0, -20, 0]
				},
				"arm_left3": {
					"rotation": [0, 17.5, 0]
				},
				"jaw": {
					"rotation": [40, 0, 0]
				},
				"wisp": {
					"rotation": [-35, 0, 0]
				},
				"wisp2": {
					"rotation": [17.5, 0, 0]
				},
				"wisp3": {
					"rotation": [25, 0, 0]
				},
				"wisp4": {
					"rotation": [-40, 0, 0]
				},
				"wisp_small": {
					"rotation": [22.5, 0, 0]
				},
				"wisp_small2": {
					"rotation": [-20, 0, 0]
				},
				"wisp_small3": {
					"rotation": [-22.5, 0, 0]
				},
				"claw_right": {
					"rotation": [0, -42.5, 0]
				},
				"claw_right2": {
					"rotation": [0, -37.5, 0]
				},
				"claw_left": {
					"rotation": [0, 22.5, 0]
				},
				"claw_left2": {
					"rotation": [0, 25, 0]
				},
				"foot_right2": {
					"rotation": [-20, 0, 0]
				},
				"foot_right3": {
					"rotation": [-20, 0, 0]
				},
				"foot_left2": {
					"rotation": [-22.5, 0, 0]
				},
				"foot_left3": {
					"rotation": [-15, 0, 0]
				},
				"eye_angry_left": {
					"position": [-0.25, 0, -0.25]
				},
				"eye_angry_right": {
					"position": [0.25, 0, -0.25]
				},
				"iris_left": {
					"position": [0, 0, 1]
				},
				"tail_fire3": {
					"rotation": [0, -25, 0]
				},
				"tail_fire2": {
					"rotation": [0, -2.5, 0]
				},
				"gils_left": {
					"rotation": [0, -2, 0]
				},
				"pupil_left": {
					"position": [0, 0, 1]
				}
			}
		},
		"animation.stellotl_awakened.base": {
			"loop": true,
			"bones": {
				"stellotl_awakened": {
					"position": [0, 30, 0]
				},
				"body": {
					"rotation": [-75, 0, 0],
					"position": [0, -8, -24]
				},
				"lower_torso": {
					"rotation": [45, 0, 0]
				},
				"leg_right": {
					"rotation": [-30, 0, 0]
				},
				"foot_right": {
					"rotation": [-25, 0, 0]
				},
				"leg_left": {
					"rotation": [-30, 0, 0]
				},
				"foot_left": {
					"rotation": [-25, 0, 0]
				},
				"tail": {
					"rotation": [12.5, 0, 0]
				},
				"tail2": {
					"rotation": [30, 0, 0]
				},
				"tail3": {
					"rotation": [30, 0, 0]
				},
				"tail4": {
					"rotation": [35, 0, 0]
				},
				"tail5": {
					"rotation": [15, 0, 0]
				},
				"tail_fire": {
					"rotation": [-35, 0, 0],
					"scale": ["1+math.sin(q.anim_time*90*6-30)*-0.02", "1+math.sin(q.anim_time*90*6)*0.02", "1+math.sin(q.anim_time*90*6-60)*-0.02"]
				},
				"tail6": {
					"rotation": [-20, 0, 0]
				},
				"tail7": {
					"rotation": [-27.5, 0, 0]
				},
				"tail8": {
					"rotation": [-30, 0, 0]
				},
				"tail9": {
					"rotation": [-20, 0, 0]
				},
				"tail10": {
					"rotation": [-20, 0, 0]
				},
				"torso": {
					"rotation": [-25, 0, 0]
				},
				"neck": {
					"rotation": [-15, 0, 0]
				},
				"neck2": {
					"rotation": [60, 0, 0]
				},
				"nebula3": {
					"rotation": [7.5, 0, 0]
				},
				"neck3": {
					"rotation": [45, 0, 0]
				},
				"head": {
					"rotation": [15, 0, 0]
				},
				"tendril_right": {
					"rotation": [-45, 0, 15],
					"position": [0, -0.1, 0]
				},
				"tendril_left": {
					"rotation": [-45, 0, -15],
					"position": [0, -0.1, 0]
				},
				"nebula2": {
					"scale": ["1+math.sin(q.anim_time*90*6-10)*-0.02", "1+math.sin(q.anim_time*90*6)*0.02", "1+math.sin(q.anim_time*90*6-20)*-0.02"]
				},
				"wisp": {
					"rotation": [-35, 0, 0]
				},
				"tendril_right2": {
					"rotation": ["-5+math.sin(q.anim_time*90*2)*5", 0, 0]
				},
				"tendril_right3": {
					"rotation": ["-10+math.sin(q.anim_time*90*2-30)*7.5", 0, 0]
				},
				"tendril_right4": {
					"rotation": ["-10+math.sin(q.anim_time*90*2-60)*10", 0, 0]
				},
				"tendril_right5": {
					"rotation": ["-10+math.sin(q.anim_time*90*2-60)*10", 0, 0]
				},
				"tendril_right6": {
					"rotation": ["0+math.sin(q.anim_time*90*2-150)*25", 0, 0]
				},
				"tendril_right7": {
					"rotation": ["0+math.sin(q.anim_time*90*2-150)*25", 0, 0]
				},
				"tendril_right8": {
					"rotation": ["10+math.sin(q.anim_time*90*2-180)*40", 0, 0]
				},
				"tendril_left2": {
					"rotation": ["-5+math.sin(q.anim_time*90*2)*5", 0, 0]
				},
				"tendril_left3": {
					"rotation": ["-10+math.sin(q.anim_time*90*2-30)*7.5", 0, 0]
				},
				"tendril_left4": {
					"rotation": ["-10+math.sin(q.anim_time*90*2-60)*10", 0, 0]
				},
				"tendril_left5": {
					"rotation": ["-10+math.sin(q.anim_time*90*2-60)*10", 0, 0]
				},
				"tendril_left6": {
					"rotation": ["0+math.sin(q.anim_time*90*2-150)*25", 0, 0]
				},
				"tendril_left7": {
					"rotation": ["0+math.sin(q.anim_time*90*2-150)*25", 0, 0]
				},
				"tendril_left8": {
					"rotation": ["10+math.sin(q.anim_time*90*2-180)*40", 0, 0]
				}
			}
		},
		"animation.stellotl_awakened.sleep": {
			"loop": true,
			"animation_length": 8,
			"bones": {
				"body": {
					"rotation": ["-155+math.sin(q.anim_time*90*0.5)*3.5", 0, 0],
					"position": [0, "10+math.sin(q.anim_time*90*0.5)*-1.5", -24]
				},
				"lower_torso": {
					"rotation": [-5, 0, 0],
					"position": [0, 0, -5]
				},
				"leg_right": {
					"rotation": [-55, 0, 0]
				},
				"foot_right": {
					"rotation": ["-50.975+math.sin(q.anim_time*90*0.5-60)*3.5", 9.57658, -11.59948]
				},
				"leg_left": {
					"rotation": [-55, 0, 0]
				},
				"foot_left": {
					"rotation": ["-50.975+math.sin(q.anim_time*90*0.5-60)*3.5", -9.57658, 11.59948]
				},
				"tail": {
					"rotation": [-33.40659, -12.60837, 8.19252],
					"position": [0, 0, -5]
				},
				"tail2": {
					"rotation": [-43.95923, -0.54827, 17.5987],
					"position": [-0.5, 3, -5]
				},
				"tail3": {
					"rotation": [-36.75711, -21.6466, 11.79721],
					"position": [-0.25, 1, -6]
				},
				"tail4": {
					"rotation": [-35.6484, -10.21235, 7.24677],
					"position": [0, 1, -4.25]
				},
				"tail5": {
					"rotation": [-12.79362, -12.19908, 2.74715],
					"position": [0, 0, -2]
				},
				"tail_fire": {
					"rotation": [-35, 0, 0],
					"position": [0, 0, -3],
					"scale": ["1+math.sin(q.anim_time*90*3-10)*-0.02", "1+math.sin(q.anim_time*90*3)*0.02", "1+math.sin(q.anim_time*90*3-20)*-0.02"]
				},
				"tail6": {
					"rotation": [-20, 0, 0]
				},
				"tail7": {
					"rotation": [-27.5, 0, 0]
				},
				"tail8": {
					"rotation": [-30, 0, 0]
				},
				"tail9": {
					"rotation": [-20, 0, 0]
				},
				"tail10": {
					"rotation": [-20, 0, 0]
				},
				"torso": {
					"rotation": ["32.5+math.sin(q.anim_time*90*0.5)*-3.5", 0, 0],
					"position": [0, 2, 5.25]
				},
				"neck": {
					"rotation": [-15, 0, 0]
				},
				"neck2": {
					"rotation": [72.5, 0, 0]
				},
				"nebula3": {
					"rotation": [7.5, 0, 0]
				},
				"neck3": {
					"rotation": ["45+math.sin(q.anim_time*90*0.5-20)*1.5", 0, 0]
				},
				"head": {
					"rotation": ["25+math.sin(q.anim_time*90*0.5-40)*-3.5", 0, 0]
				},
				"tendril_right": {
					"rotation": [-45, 0, 15],
					"position": [0, -0.1, 0]
				},
				"tendril_left": {
					"rotation": [-45, 0, -15],
					"position": [0, -0.1, 0]
				},
				"wisp": {
					"rotation": ["-35+math.sin(q.anim_time*90*1-30)*-10", 0, 0]
				},
				"foot_right2": {
					"rotation": [-12.5, 0, 0]
				},
				"foot_left3": {
					"rotation": [-15, 0, 0]
				},
				"torso2": {
					"rotation": [22.5, 0, 0]
				},
				"arm_right": {
					"rotation": [-99.74237, "-51.3231+math.sin(q.anim_time*90*0.5-90)*-2.5", 61.29073]
				},
				"arm_right2": {
					"rotation": [0, "-42.5+math.sin(q.anim_time*90*0.5-60)*-4", 35]
				},
				"arm_right3": {
					"rotation": [0, -35, 0]
				},
				"claw_right": {
					"rotation": [0, -35, 0]
				},
				"claw_right2": {
					"rotation": [0, -35, 0]
				},
				"arm_left": {
					"rotation": [-99.74237, "51.323+math.sin(q.anim_time*90*0.5-90)*2.5", -61.29073]
				},
				"arm_left2": {
					"rotation": [0, "47.5+math.sin(q.anim_time*90*0.5-60)*4", -35]
				},
				"arm_left3": {
					"rotation": [0, 35, 0]
				},
				"claw_left": {
					"rotation": [0, 35, 0]
				},
				"claw_left2": {
					"rotation": [0, 35, 0]
				},
				"jaw": {
					"rotation": ["30+math.sin(q.anim_time*90*1-20)*-4.5", 0, 0]
				},
				"eye_right": {
					"position": [-0.1, 0, 0]
				},
				"eye_left": {
					"position": [0.1, 0, 0]
				},
				"eye_lid_right": {
					"position": [0.2, 0, 0]
				},
				"eye_lid_left": {
					"position": [-0.2, 0, 0]
				},
				"wing_right": {
					"rotation": [-90, 0, 90]
				},
				"wing_left": {
					"rotation": [-90, 0, -90]
				},
				"claw_right3": {
					"rotation": [0, 0, -12.5]
				},
				"claw_left3": {
					"rotation": [0, 0, 12.5]
				},
				"nebula2": {
					"scale": ["1+math.sin(q.anim_time*90*3-10)*-0.01", "1+math.sin(q.anim_time*90*3)*0.01", "1+math.sin(q.anim_time*90*3-20)*-0.01"]
				},
				"wisp_small": {
					"rotation": ["0+math.sin(q.anim_time*90*1-50)*-10", 0, 0]
				},
				"wisp_small2": {
					"rotation": ["-20+math.sin(q.anim_time*90*1-100)*-20", 0, 0]
				},
				"wisp_small3": {
					"rotation": ["-20+math.sin(q.anim_time*90*1-150)*-20", 0, 0]
				},
				"wisp2": {
					"rotation": ["0+math.sin(q.anim_time*90*1-60)*-20", 0, 0]
				},
				"wisp3": {
					"rotation": ["0+math.sin(q.anim_time*90*1-90)*-15", 0, 0]
				},
				"wisp4": {
					"rotation": ["0+math.sin(q.anim_time*90*2-120)*22", 0, 0]
				},
				"gils_right": {
					"rotation": [0, 7.5, 0]
				},
				"gils_left": {
					"rotation": [0, -7.5, 0]
				},
				"tendril_right2": {
					"rotation": [-35, 0, 0]
				},
				"tendril_right3": {
					"rotation": [-22.5, 0, 0]
				},
				"tendril_right4": {
					"rotation": ["20+math.sin(q.anim_time*90*0.5)*-7.5", 0, 0]
				},
				"tendril_right5": {
					"rotation": ["27.5+math.sin(q.anim_time*90*0.5-30)*-5.5", 0, 0]
				},
				"tendril_right6": {
					"rotation": [-37.5, 0, 0]
				},
				"tendril_right7": {
					"rotation": [-20, 0, 0]
				},
				"tendril_right8": {
					"rotation": [-17.5, 0, 0]
				},
				"tendril_left2": {
					"rotation": [-35, 0, 0]
				},
				"tendril_left3": {
					"rotation": [-22.5, 0, 0]
				},
				"tendril_left4": {
					"rotation": ["20+math.sin(q.anim_time*90*0.5)*-7.5", 0, 0]
				},
				"tendril_left5": {
					"rotation": ["27.5+math.sin(q.anim_time*90*0.5-30)*-5.5", 0, 0]
				},
				"tendril_left6": {
					"rotation": [-37.5, 0, 0]
				},
				"tendril_left7": {
					"rotation": [-20, 0, 0]
				},
				"tendril_left8": {
					"rotation": [-17.5, 0, 0]
				}
			}
		},
		"animation.stellotl_awakened.ground_idle": {
			"loop": true,
			"animation_length": 4,
			"bones": {
				"body": {
					"rotation": [-75, 0, 0],
					"position": [0, "11.1+math.sin(q.anim_time*90*1-30)*-0.5", -24]
				},
				"lower_torso": {
					"rotation": [45, 0, 0]
				},
				"leg_right": {
					"rotation": ["-65+math.sin(q.anim_time*90*1-30)*-2.7", "math.sin(q.anim_time*90*1-30)*-1.5", 0]
				},
				"foot_right": {
					"rotation": ["-50+math.sin(q.anim_time*90*1-25)*-1.5", 0, 0],
					"position": [0, "0+math.sin(q.anim_time*90*1-30)*0.75", 0]
				},
				"leg_left": {
					"rotation": ["-65+math.sin(q.anim_time*90*1-30)*-2.7", "math.sin(q.anim_time*90*1-30)*1.5", 0]
				},
				"foot_left": {
					"rotation": ["-50+math.sin(q.anim_time*90*1-25)*-1.5", 0, 0],
					"position": [0, "0+math.sin(q.anim_time*90*1-30)*0.75", 0]
				},
				"tail": {
					"rotation": ["12.5+math.sin(q.anim_time*90*1-25)*-3.25", 0, 0]
				},
				"tail2": {
					"rotation": ["30+math.sin(q.anim_time*90*1-50)*-4.25", 0, 0]
				},
				"tail3": {
					"rotation": ["30+math.sin(q.anim_time*90*1-100)*-1.25", 0, 0]
				},
				"tail4": {
					"rotation": ["15+math.sin(q.anim_time*90*1-100)*-5", 0, 0]
				},
				"tail5": {
					"rotation": ["15+math.sin(q.anim_time*90*1-120)*-2.25", 0, 0]
				},
				"tail_fire": {
					"rotation": [-35, 0, 0],
					"scale": ["1+math.sin(q.anim_time*90*6-30)*-0.02", "1+math.sin(q.anim_time*90*6)*0.02", "1+math.sin(q.anim_time*90*6-60)*-0.02"]
				},
				"tail6": {
					"rotation": ["-22.5+math.sin(q.anim_time*90*1-150)*-2.25", 0, 0]
				},
				"tail7": {
					"rotation": ["-30+math.sin(q.anim_time*90*1-180)*-2.25", 0, 0]
				},
				"tail8": {
					"rotation": ["-25+math.sin(q.anim_time*90*1-200)*-3.25", 0, 0]
				},
				"tail9": {
					"rotation": [-20, 0, 0]
				},
				"tail10": {
					"rotation": [-20, 0, 0]
				},
				"torso": {
					"rotation": ["-25+math.sin(q.anim_time*90*1-20)*-3.5", 0, 0]
				},
				"neck": {
					"rotation": [-15, 0, 0]
				},
				"neck2": {
					"rotation": [60, 0, 0]
				},
				"nebula3": {
					"rotation": [7.5, 0, 0]
				},
				"neck3": {
					"rotation": [45, 0, 0]
				},
				"head": {
					"rotation": ["15+math.sin(q.anim_time*90*1-40)*-2.5", 0, 0]
				},
				"tendril_right": {
					"rotation": [-45, 0, 15],
					"position": [0, -0.1, 0]
				},
				"tendril_left": {
					"rotation": [-45, 0, -15],
					"position": [0, -0.1, 0]
				},
				"foot_right2": {
					"rotation": [-10, 0, 0]
				},
				"foot_left2": {
					"rotation": [-10, 0, 0]
				},
				"arm_right": {
					"rotation": [26.73242, "-43.9692+math.sin(q.anim_time*90*1-30)*-1.5", "-35.9589+math.sin(q.anim_time*90*1-60)*-4"]
				},
				"arm_right2": {
					"rotation": [0, 0, 50]
				},
				"arm_right3": {
					"rotation": [0, -15, 0]
				},
				"claw_right": {
					"rotation": [0, -25, 0]
				},
				"claw_right3": {
					"rotation": [0, -25, 0]
				},
				"claw_right2": {
					"rotation": [0, -25, 0]
				},
				"arm_left": {
					"rotation": [26.73242, "43.9692+math.sin(q.anim_time*90*1-30)*1.5", "35.9589+math.sin(q.anim_time*90*1-60)*4"]
				},
				"arm_left2": {
					"rotation": [0, 0, -50]
				},
				"arm_left3": {
					"rotation": [0, 15, 0]
				},
				"claw_left": {
					"rotation": [0, 25, 0]
				},
				"claw_left3": {
					"rotation": [0, 25, 0]
				},
				"claw_left2": {
					"rotation": [0, 25, 0]
				},
				"nebula2": {
					"scale": ["1+math.sin(q.anim_time*90*6-10)*-0.02", "1+math.sin(q.anim_time*90*6)*0.02", "1+math.sin(q.anim_time*90*6-20)*-0.02"]
				},
				"wisp_small": {
					"rotation": ["0+math.sin(q.anim_time*90*2-50)*-10", 0, 0]
				},
				"wisp_small2": {
					"rotation": ["-20+math.sin(q.anim_time*90*2-100)*-20", 0, 0]
				},
				"wisp_small3": {
					"rotation": ["-20+math.sin(q.anim_time*90*2-150)*-20", 0, 0]
				},
				"wisp": {
					"rotation": ["-35+math.sin(q.anim_time*90*2)*-10", 0, 0]
				},
				"wisp2": {
					"rotation": ["0+math.sin(q.anim_time*90*2-60)*-20", 0, 0]
				},
				"wisp3": {
					"rotation": ["0+math.sin(q.anim_time*90*2-120)*-15", 0, 0]
				},
				"wisp4": {
					"rotation": ["0+math.sin(q.anim_time*90*2-180)*-22", 0, 0]
				},
				"gils_right": {
					"rotation": [0, "0+math.sin(q.anim_time*90*1+60)*7.75", "0+math.sin(q.anim_time*90*1+60)*1.5"]
				},
				"gils_left": {
					"rotation": [0, "0+math.sin(q.anim_time*90*1+60)*-7.75", "0+math.sin(q.anim_time*90*1+60)*-1.5"]
				},
				"tendril_right2": {
					"rotation": ["-5+math.sin(q.anim_time*90*2)*5", 0, 0]
				},
				"tendril_right3": {
					"rotation": ["-10+math.sin(q.anim_time*90*2-30)*7.5", 0, 0]
				},
				"tendril_right4": {
					"rotation": ["-10+math.sin(q.anim_time*90*2-60)*10", 0, 0]
				},
				"tendril_right5": {
					"rotation": ["-10+math.sin(q.anim_time*90*2-60)*10", 0, 0]
				},
				"tendril_right6": {
					"rotation": ["0+math.sin(q.anim_time*90*2-150)*25", 0, 0]
				},
				"tendril_right7": {
					"rotation": ["0+math.sin(q.anim_time*90*2-150)*25", 0, 0]
				},
				"tendril_right8": {
					"rotation": ["10+math.sin(q.anim_time*90*2-180)*40", 0, 0]
				},
				"tendril_left2": {
					"rotation": ["-5+math.sin(q.anim_time*90*2)*5", 0, 0]
				},
				"tendril_left3": {
					"rotation": ["-10+math.sin(q.anim_time*90*2-30)*7.5", 0, 0]
				},
				"tendril_left4": {
					"rotation": ["-10+math.sin(q.anim_time*90*2-60)*10", 0, 0]
				},
				"tendril_left5": {
					"rotation": ["-10+math.sin(q.anim_time*90*2-60)*10", 0, 0]
				},
				"tendril_left6": {
					"rotation": ["0+math.sin(q.anim_time*90*2-150)*25", 0, 0]
				},
				"tendril_left7": {
					"rotation": ["0+math.sin(q.anim_time*90*2-150)*25", 0, 0]
				},
				"tendril_left8": {
					"rotation": ["10+math.sin(q.anim_time*90*2-180)*40", 0, 0]
				},
				"foot_right3": {
					"rotation": ["-25+math.sin(q.anim_time*90*1-25)*5.5", 0, 0]
				},
				"foot_left3": {
					"rotation": ["-25+math.sin(q.anim_time*90*1-25)*5.5", 0, 0]
				},
				"torso2": {
					"rotation": ["0+math.sin(q.anim_time*90*1-40)*2", 0, 0]
				},
				"wing_right": {
					"rotation": [-15, 0, 25]
				},
				"wing_left": {
					"rotation": [-15, 0, -25]
				}
			}
		},
		"animation.stellotl_awakened.battle_idle": {
			"loop": true,
			"animation_length": 4,
			"bones": {
				"body": {
					"rotation": [-75, 0, 0],
					"position": [0, "22+math.sin(q.anim_time*90*1)*1.25", -24]
				},
				"lower_torso": {
					"rotation": [45, 0, 0]
				},
				"leg_right": {
					"rotation": ["-30+math.sin(q.anim_time*90*1-30)*2.7", "0+math.sin(q.anim_time*90*1-30)*-1.5", 0]
				},
				"foot_right": {
					"rotation": ["-25+math.sin(q.anim_time*90*1-25)*-2", 0, 0]
				},
				"leg_left": {
					"rotation": ["-30+math.sin(q.anim_time*90*1-30)*2.7", "0+math.sin(q.anim_time*90*1-30)*1.5", 0]
				},
				"foot_left": {
					"rotation": ["-25+math.sin(q.anim_time*90*1-25)*-2", 0, 0]
				},
				"tail": {
					"rotation": ["12.5+math.sin(q.anim_time*90*1-25)*-3.25", 0, 0]
				},
				"tail2": {
					"rotation": ["30+math.sin(q.anim_time*90*1-50)*-4.25", 0, 0]
				},
				"tail3": {
					"rotation": ["30+math.sin(q.anim_time*90*1-100)*-1.25", 0, 0]
				},
				"tail4": {
					"rotation": ["15+math.sin(q.anim_time*90*1-100)*-5", 0, 0]
				},
				"tail5": {
					"rotation": ["15+math.sin(q.anim_time*90*1-120)*-2.25", 0, 0]
				},
				"tail_fire": {
					"rotation": [-35, 0, 0],
					"scale": ["1+math.sin(q.anim_time*90*6-30)*-0.02", "1+math.sin(q.anim_time*90*6)*0.02", "1+math.sin(q.anim_time*90*6-60)*-0.02"]
				},
				"tail6": {
					"rotation": ["-22.5+math.sin(q.anim_time*90*1-150)*-2.25", 0, 0]
				},
				"tail7": {
					"rotation": ["-30+math.sin(q.anim_time*90*1-180)*-2.25", 0, 0]
				},
				"tail8": {
					"rotation": ["-25+math.sin(q.anim_time*90*1-200)*-3.25", 0, 0]
				},
				"tail9": {
					"rotation": [-20, 0, 0]
				},
				"tail10": {
					"rotation": [-20, 0, 0]
				},
				"torso": {
					"rotation": ["-25+math.sin(q.anim_time*90*1-20)*-1.5", 0, 0]
				},
				"neck": {
					"rotation": [-15, 0, 0]
				},
				"neck2": {
					"rotation": [60, 0, 0]
				},
				"nebula3": {
					"rotation": [7.5, 0, 0]
				},
				"neck3": {
					"rotation": [45, 0, 0]
				},
				"head": {
					"rotation": ["15+math.sin(q.anim_time*90*1-40)*-2.5", 0, 0]
				},
				"tendril_right": {
					"rotation": [-45, 0, 15],
					"position": [0, -0.1, 0]
				},
				"tendril_left": {
					"rotation": [-45, 0, -15],
					"position": [0, -0.1, 0]
				},
				"foot_right2": {
					"rotation": [-10, 0, 0]
				},
				"foot_left2": {
					"rotation": [-10, 0, 0]
				},
				"arm_right": {
					"rotation": [-11.51146, "-38.959+math.sin(q.anim_time*90*1-30)*-1.5", "15.3781+math.sin(q.anim_time*90*1-60)*-4"]
				},
				"arm_right2": {
					"rotation": [0, 0, "60+math.sin(q.anim_time*90*1-30)*-2.5"]
				},
				"arm_right3": {
					"rotation": [0, -15, 0]
				},
				"claw_right": {
					"rotation": [0, -25, 0]
				},
				"claw_right3": {
					"rotation": [0, -25, 0]
				},
				"claw_right2": {
					"rotation": [0, -25, 0]
				},
				"arm_left": {
					"rotation": [-11.51143, "38.9589+math.sin(q.anim_time*90*1-30)*1.5", "-15.378+math.sin(q.anim_time*90*1-60)*4"]
				},
				"arm_left2": {
					"rotation": [0, 0, "-60+math.sin(q.anim_time*90*1-30)*2.5"]
				},
				"arm_left3": {
					"rotation": [0, 15, 0]
				},
				"claw_left": {
					"rotation": [0, 25, 0]
				},
				"claw_left3": {
					"rotation": [0, 25, 0]
				},
				"claw_left2": {
					"rotation": [0, 25, 0]
				},
				"nebula2": {
					"scale": ["1+math.sin(q.anim_time*90*6-10)*-0.02", "1+math.sin(q.anim_time*90*6)*0.02", "1+math.sin(q.anim_time*90*6-20)*-0.02"]
				},
				"wisp_small": {
					"rotation": ["0+math.sin(q.anim_time*90*2-50)*-10", 0, 0]
				},
				"wisp_small2": {
					"rotation": ["-20+math.sin(q.anim_time*90*2-100)*-20", 0, 0]
				},
				"wisp_small3": {
					"rotation": ["-20+math.sin(q.anim_time*90*2-150)*-20", 0, 0]
				},
				"wisp": {
					"rotation": ["-35+math.sin(q.anim_time*90*2)*-10", 0, 0]
				},
				"wisp2": {
					"rotation": ["0+math.sin(q.anim_time*90*2-60)*-20", 0, 0]
				},
				"wisp3": {
					"rotation": ["0+math.sin(q.anim_time*90*2-120)*-15", 0, 0]
				},
				"wisp4": {
					"rotation": ["0+math.sin(q.anim_time*90*2-180)*-22", 0, 0]
				},
				"gils_right": {
					"rotation": [0, "0+math.sin(q.anim_time*90*1+60)*7.75", "0+math.sin(q.anim_time*90*1+60)*1.5"]
				},
				"gils_left": {
					"rotation": [0, "0+math.sin(q.anim_time*90*1+60)*-7.75", "0+math.sin(q.anim_time*90*1+60)*-1.5"]
				},
				"tendril_right2": {
					"rotation": ["-5+math.sin(q.anim_time*90*2)*5", 0, 0]
				},
				"tendril_right3": {
					"rotation": ["-10+math.sin(q.anim_time*90*2-30)*7.5", 0, 0]
				},
				"tendril_right4": {
					"rotation": ["-10+math.sin(q.anim_time*90*2-60)*10", 0, 0]
				},
				"tendril_right5": {
					"rotation": ["-10+math.sin(q.anim_time*90*2-60)*10", 0, 0]
				},
				"tendril_right6": {
					"rotation": ["0+math.sin(q.anim_time*90*2-150)*25", 0, 0]
				},
				"tendril_right7": {
					"rotation": ["0+math.sin(q.anim_time*90*2-150)*25", 0, 0]
				},
				"tendril_right8": {
					"rotation": ["10+math.sin(q.anim_time*90*2-180)*40", 0, 0]
				},
				"tendril_left2": {
					"rotation": ["-5+math.sin(q.anim_time*90*2)*5", 0, 0]
				},
				"tendril_left3": {
					"rotation": ["-10+math.sin(q.anim_time*90*2-30)*7.5", 0, 0]
				},
				"tendril_left4": {
					"rotation": ["-10+math.sin(q.anim_time*90*2-60)*10", 0, 0]
				},
				"tendril_left5": {
					"rotation": ["-10+math.sin(q.anim_time*90*2-60)*10", 0, 0]
				},
				"tendril_left6": {
					"rotation": ["0+math.sin(q.anim_time*90*2-150)*25", 0, 0]
				},
				"tendril_left7": {
					"rotation": ["0+math.sin(q.anim_time*90*2-150)*25", 0, 0]
				},
				"tendril_left8": {
					"rotation": ["10+math.sin(q.anim_time*90*2-180)*40", 0, 0]
				},
				"torso2": {
					"rotation": [7.5, 0, 0]
				},
				"eye_angry_right": {
					"position": [0.25, 0, -0.25]
				},
				"eye_angry_left": {
					"position": [-0.25, 0, -0.25]
				},
				"wing_right": {
					"rotation": [35, 0, 0]
				},
				"wing_left": {
					"rotation": [35, 0, 0]
				}
			}
		},
		"animation.stellotl_awakened.cry": {
			"animation_length": 2.5,
			"bones": {
				"torso": {
					"rotation": {
						"0.0": [0, 0, 0],
						"0.25": [-7.5, 0, 0],
						"0.4167": [15, 0, 0],
						"0.5833": ["20+math.sin(q.anim_time*90*64-30)*0.2", 0, 0],
						"1.7083": [17, 0, 0],
						"2.0": {
							"pre": [15, 0, 0],
							"post": [15, 0, 0],
							"lerp_mode": "catmullrom"
						},
						"2.5": {
							"post": [0, 0, 0],
							"lerp_mode": "catmullrom"
						}
					}
				},
				"arm_right": {
					"rotation": {
						"0.0": [0, 0, 0],
						"0.3333": {
							"pre": [0, 0, 0],
							"post": [0, 0, 0],
							"lerp_mode": "catmullrom"
						},
						"0.5833": {
							"post": [-25, 0, 0],
							"lerp_mode": "catmullrom"
						},
						"1.75": {
							"post": [-25, 0, 0],
							"lerp_mode": "catmullrom"
						},
						"2.3333": {
							"post": [0, 0, 0],
							"lerp_mode": "catmullrom"
						}
					}
				},
				"arm_right2": {
					"rotation": {
						"0.0": [0, 0, 0],
						"0.3333": {
							"pre": [0, 0, 17.5],
							"post": [0, 0, 17.5],
							"lerp_mode": "catmullrom"
						},
						"0.75": {
							"post": [0, 0, 0],
							"lerp_mode": "catmullrom"
						}
					}
				},
				"arm_left": {
					"rotation": {
						"0.0": [0, 0, 0],
						"0.3333": {
							"pre": [0, 0, 0],
							"post": [0, 0, 0],
							"lerp_mode": "catmullrom"
						},
						"0.5833": {
							"post": [-25, 0, 0],
							"lerp_mode": "catmullrom"
						},
						"1.75": {
							"post": [-25, 0, 0],
							"lerp_mode": "catmullrom"
						},
						"2.3333": {
							"post": [0, 0, 0],
							"lerp_mode": "catmullrom"
						}
					}
				},
				"arm_left2": {
					"rotation": {
						"0.0": [0, 0, 0],
						"0.3333": {
							"pre": [0, 0, -17.5],
							"post": [0, 0, -17.5],
							"lerp_mode": "catmullrom"
						},
						"0.75": {
							"post": [0, 0, 0],
							"lerp_mode": "catmullrom"
						}
					}
				},
				"neck2": {
					"rotation": {
						"0.0": [0, 0, 0],
						"0.125": {
							"pre": [-12.5, 0, 0],
							"post": [-12.5, 0, 0],
							"lerp_mode": "catmullrom"
						},
						"0.25": {
							"post": [-17.5, 0, 0],
							"lerp_mode": "catmullrom"
						},
						"0.375": {
							"post": [2.5, 0, 0],
							"lerp_mode": "catmullrom"
						},
						"2.0": {
							"post": [2.5, 0, 0],
							"lerp_mode": "catmullrom"
						},
						"2.2917": {
							"post": [0, 0, 0],
							"lerp_mode": "catmullrom"
						}
					}
				},
				"nebula2": {
					"scale": {
						"0.0": [1, 1, 1],
						"0.25": [0.9, 0.9, 0.9],
						"0.7083": {
							"pre": [1.2, 1.2, 1.2],
							"post": [1.2, 1.2, 1.2],
							"lerp_mode": "catmullrom"
						},
						"0.9583": {
							"post": [1.1, 1.1, 1.1],
							"lerp_mode": "catmullrom"
						},
						"1.1667": {
							"post": [1.2, 1.2, 1.2],
							"lerp_mode": "catmullrom"
						},
						"1.4167": {
							"post": [1.1, 1.1, 1.1],
							"lerp_mode": "catmullrom"
						},
						"2.0": [1, 1, 1]
					}
				},
				"neck3": {
					"rotation": {
						"0.0": [0, 0, 0],
						"0.25": {
							"pre": [-7.5, 0, 0],
							"post": [-7.5, 0, 0],
							"lerp_mode": "catmullrom"
						},
						"0.5": {
							"post": [-22.5, 0, 0],
							"lerp_mode": "catmullrom"
						},
						"2.0": {
							"post": [-17.5, 0, 0],
							"lerp_mode": "catmullrom"
						},
						"2.5": {
							"post": [0, 0, 0],
							"lerp_mode": "catmullrom"
						}
					}
				},
				"head": {
					"rotation": {
						"0.0": [0, 0, 0],
						"0.25": [35, 0, 0],
						"0.5": ["25-math.sin(q.anim_time*90*64)*0.75", 0, 0],
						"2.0": ["25-math.sin(q.anim_time*90*64)*0.75", 0, 0],
						"2.5": [0, 0, 0]
					}
				},
				"jaw": {
					"rotation": {
						"0.0": [0, 0, 0],
						"0.25": [12.5, 0, 0],
						"0.5": ["55+math.sin(q.anim_time*90*64)*1.25", 0, 0],
						"2.0": ["55+math.sin(q.anim_time*90*64)*1.25", 0, 0],
						"2.25": [0, 0, 0]
					}
				},
				"torso2": {
					"rotation": {
						"0.0": [0, 0, 0],
						"0.25": {
							"pre": [-15, 0, 0],
							"post": [-15, 0, 0],
							"lerp_mode": "catmullrom"
						},
						"0.9167": {
							"post": [4.5, 0, 0],
							"lerp_mode": "catmullrom"
						},
						"1.9583": {
							"post": [4.5, 0, 0],
							"lerp_mode": "catmullrom"
						},
						"2.25": [0, 0, 0]
					}
				},
				"claw_right": {
					"rotation": {
						"0.0": [0, 0, 0],
						"0.25": [0, -32.5, 0],
						"0.75": [0, 25.63, 0],
						"2.0": [0, 25.63, 0],
						"2.25": [0, 0, 0]
					}
				},
				"claw_right2": {
					"rotation": {
						"0.0": [0, 0, 0],
						"0.25": {
							"pre": [0, -32.5, 0],
							"post": [0, -32.5, 0],
							"lerp_mode": "catmullrom"
						},
						"0.75": {
							"post": [0, 25.63, 0],
							"lerp_mode": "catmullrom"
						},
						"2.0": [0, 25.63, 0],
						"2.25": [0, 0, 0]
					}
				},
				"claw_left": {
					"rotation": {
						"0.0": [0, 0, 0],
						"0.25": {
							"pre": [0, 32.5, 0],
							"post": [0, 32.5, 0],
							"lerp_mode": "catmullrom"
						},
						"0.75": {
							"post": [0, -25.63, 0],
							"lerp_mode": "catmullrom"
						},
						"2.0": [0, -25.63, 0],
						"2.25": [0, 0, 0]
					}
				},
				"claw_left2": {
					"rotation": {
						"0.0": [0, 0, 0],
						"0.25": {
							"pre": [0, 32.5, 0],
							"post": [0, 32.5, 0],
							"lerp_mode": "catmullrom"
						},
						"0.75": {
							"post": [0, -25.63, 0],
							"lerp_mode": "catmullrom"
						},
						"2.0": [0, -25.63, 0],
						"2.25": [0, 0, 0]
					}
				},
				"neck": {
					"rotation": {
						"0.0": [0, 0, 0],
						"0.75": [0, 0, 0],
						"2.0": [-12.5, 0, 0],
						"2.5": [0, 0, 0]
					}
				},
				"leg_feather_right": {
					"rotation": {
						"0.0": [0, 0, 0],
						"0.0833": {
							"pre": [0, 0, 0],
							"post": [0, 0, 0],
							"lerp_mode": "catmullrom"
						},
						"0.25": {
							"post": [0, -1.94, 0],
							"lerp_mode": "catmullrom"
						},
						"0.75": {
							"post": [0, 25, 0],
							"lerp_mode": "catmullrom"
						},
						"1.7083": {
							"post": [0, 25, 0],
							"lerp_mode": "catmullrom"
						},
						"2.375": {
							"post": [0, 0, 0],
							"lerp_mode": "catmullrom"
						}
					}
				},
				"leg_feather_left": {
					"rotation": {
						"0.0": [0, 0, 0],
						"0.0833": {
							"pre": [0, 0, 0],
							"post": [0, 0, 0],
							"lerp_mode": "catmullrom"
						},
						"0.25": {
							"post": [0, 1.94, 0],
							"lerp_mode": "catmullrom"
						},
						"0.75": {
							"post": [0, -25, 0],
							"lerp_mode": "catmullrom"
						},
						"1.7083": {
							"post": [0, -25, 0],
							"lerp_mode": "catmullrom"
						},
						"2.375": {
							"post": [0, 0, 0],
							"lerp_mode": "catmullrom"
						}
					}
				},
				"tail_feather_right": {
					"rotation": {
						"0.0": [0, 0, 0],
						"0.0833": {
							"pre": [0, 0, 0],
							"post": [0, 0, 0],
							"lerp_mode": "catmullrom"
						},
						"0.25": {
							"post": [0, -1.94, 0],
							"lerp_mode": "catmullrom"
						},
						"0.75": {
							"post": [0, 25, 0],
							"lerp_mode": "catmullrom"
						},
						"1.7083": {
							"post": [0, 25, 0],
							"lerp_mode": "catmullrom"
						},
						"2.375": {
							"post": [0, 0, 0],
							"lerp_mode": "catmullrom"
						}
					}
				},
				"tail_feather_left": {
					"rotation": {
						"0.0": [0, 0, 0],
						"0.0833": {
							"pre": [0, 0, 0],
							"post": [0, 0, 0],
							"lerp_mode": "catmullrom"
						},
						"0.25": {
							"post": [0, 1.94, 0],
							"lerp_mode": "catmullrom"
						},
						"0.75": {
							"post": [0, -25, 0],
							"lerp_mode": "catmullrom"
						},
						"1.7083": {
							"post": [0, -25, 0],
							"lerp_mode": "catmullrom"
						},
						"2.375": {
							"post": [0, 0, 0],
							"lerp_mode": "catmullrom"
						}
					}
				},
				"arm_feather_right": {
					"rotation": {
						"0.0": [0, 0, 0],
						"0.0833": {
							"pre": [0, 0, 0],
							"post": [0, 0, 0],
							"lerp_mode": "catmullrom"
						},
						"0.25": {
							"post": [0, -0.28, 0],
							"lerp_mode": "catmullrom"
						},
						"0.75": {
							"post": [0, -35, 0],
							"lerp_mode": "catmullrom"
						},
						"1.875": {
							"post": [0, -35, 0],
							"lerp_mode": "catmullrom"
						},
						"2.125": {
							"post": [0, 0, 0],
							"lerp_mode": "catmullrom"
						}
					}
				},
				"arm_feather_left": {
					"rotation": {
						"0.0": [0, 0, 0],
						"0.0833": {
							"pre": [0, 0, 0],
							"post": [0, 0, 0],
							"lerp_mode": "catmullrom"
						},
						"0.25": {
							"post": [0, 0.28, 0],
							"lerp_mode": "catmullrom"
						},
						"0.75": {
							"post": [0, 35, 0],
							"lerp_mode": "catmullrom"
						},
						"1.7083": {
							"post": [0, 35, 0],
							"lerp_mode": "catmullrom"
						},
						"2.375": {
							"post": [0, 0, 0],
							"lerp_mode": "catmullrom"
						}
					}
				}
			},
			"sound_effects": {
				"0.3333": {
					"effect": "pokemon.stellotlawakened.cry"
				}
			}
		},
		"animation.stellotl_awakened.air_idle": {
			"loop": true,
			"animation_length": 4,
			"bones": {
				"stellotl_awakened": {
					"position": [0, 0, 0]
				},
				"body": {
					"rotation": [-75, 0, 0],
					"position": [0, "19+math.sin(q.anim_time*90*1)*1.25", -24]
				},
				"lower_torso": {
					"rotation": [45, 0, 0]
				},
				"leg_right": {
					"rotation": ["-30+math.sin(q.anim_time*90*1-30)*2.7", "0+math.sin(q.anim_time*90*1-30)*-1.5", 0]
				},
				"foot_right": {
					"rotation": ["-25+math.sin(q.anim_time*90*1-25)*-2", 0, 0]
				},
				"leg_left": {
					"rotation": ["-30+math.sin(q.anim_time*90*1-30)*2.7", "0+math.sin(q.anim_time*90*1-30)*1.5", 0]
				},
				"foot_left": {
					"rotation": ["-25+math.sin(q.anim_time*90*1-25)*-2", 0, 0]
				},
				"tail": {
					"rotation": ["12.5+math.sin(q.anim_time*90*1-25)*-3.25", 0, 0]
				},
				"tail2": {
					"rotation": ["30+math.sin(q.anim_time*90*1-50)*-4.25", 0, 0]
				},
				"tail3": {
					"rotation": ["30+math.sin(q.anim_time*90*1-100)*-1.25", 0, 0]
				},
				"tail4": {
					"rotation": ["15+math.sin(q.anim_time*90*1-100)*-5", 0, 0]
				},
				"tail5": {
					"rotation": ["15+math.sin(q.anim_time*90*1-120)*-2.25", 0, 0]
				},
				"tail_fire": {
					"rotation": [-35, 0, 0],
					"scale": ["1+math.sin(q.anim_time*90*6-30)*-0.02", "1+math.sin(q.anim_time*90*6)*0.02", "1+math.sin(q.anim_time*90*6-60)*-0.02"]
				},
				"tail6": {
					"rotation": ["-22.5+math.sin(q.anim_time*90*1-150)*-2.25", 0, 0]
				},
				"tail7": {
					"rotation": ["-30+math.sin(q.anim_time*90*1-180)*-2.25", 0, 0]
				},
				"tail8": {
					"rotation": ["-25+math.sin(q.anim_time*90*1-200)*-3.25", 0, 0]
				},
				"tail9": {
					"rotation": [-20, 0, 0]
				},
				"tail10": {
					"rotation": [-20, 0, 0]
				},
				"torso": {
					"rotation": ["-25+math.sin(q.anim_time*90*1-20)*-1.5", 0, 0]
				},
				"neck": {
					"rotation": [-15, 0, 0]
				},
				"neck2": {
					"rotation": [60, 0, 0]
				},
				"nebula3": {
					"rotation": [7.5, 0, 0]
				},
				"neck3": {
					"rotation": [45, 0, 0]
				},
				"head": {
					"rotation": ["15+math.sin(q.anim_time*90*1-40)*-2.5", 0, 0]
				},
				"tendril_right": {
					"rotation": [-45, 0, 15],
					"position": [0, -0.1, 0]
				},
				"tendril_left": {
					"rotation": [-45, 0, -15],
					"position": [0, -0.1, 0]
				},
				"foot_right2": {
					"rotation": [-10, 0, 0]
				},
				"foot_left2": {
					"rotation": [-10, 0, 0]
				},
				"arm_right": {
					"rotation": [14.78822, "-48.4395+math.sin(q.anim_time*90*1-30)*-1.5", "-19.2704+math.sin(q.anim_time*90*1-60)*-4"]
				},
				"arm_right2": {
					"rotation": [0, 0, 50]
				},
				"arm_right3": {
					"rotation": [0, -15, 0]
				},
				"claw_right": {
					"rotation": [0, -25, 0]
				},
				"claw_right3": {
					"rotation": [0, -25, 0]
				},
				"claw_right2": {
					"rotation": [0, -25, 0]
				},
				"arm_left": {
					"rotation": [17.39585, "47.7463+math.sin(q.anim_time*90*1-30)*1.5", "22.8156+math.sin(q.anim_time*90*1-60)*4"]
				},
				"arm_left2": {
					"rotation": [0, 0, -50]
				},
				"arm_left3": {
					"rotation": [0, 15, 0]
				},
				"claw_left": {
					"rotation": [0, 25, 0]
				},
				"claw_left3": {
					"rotation": [0, 25, 0]
				},
				"claw_left2": {
					"rotation": [0, 25, 0]
				},
				"nebula2": {
					"scale": ["1+math.sin(q.anim_time*90*6-10)*-0.02", "1+math.sin(q.anim_time*90*6)*0.02", "1+math.sin(q.anim_time*90*6-20)*-0.02"]
				},
				"wisp_small": {
					"rotation": ["0+math.sin(q.anim_time*90*2-50)*-10", 0, 0]
				},
				"wisp_small2": {
					"rotation": ["-20+math.sin(q.anim_time*90*2-100)*-20", 0, 0]
				},
				"wisp_small3": {
					"rotation": ["-20+math.sin(q.anim_time*90*2-150)*-20", 0, 0]
				},
				"wisp": {
					"rotation": ["-35+math.sin(q.anim_time*90*2)*-10", 0, 0]
				},
				"wisp2": {
					"rotation": ["0+math.sin(q.anim_time*90*2-60)*-20", 0, 0]
				},
				"wisp3": {
					"rotation": ["0+math.sin(q.anim_time*90*2-120)*-15", 0, 0]
				},
				"wisp4": {
					"rotation": ["0+math.sin(q.anim_time*90*2-180)*-22", 0, 0]
				},
				"gils_right": {
					"rotation": [0, "0+math.sin(q.anim_time*90*1+60)*7.75", "0+math.sin(q.anim_time*90*1+60)*1.5"]
				},
				"gils_left": {
					"rotation": [0, "0+math.sin(q.anim_time*90*1+60)*-7.75", "0+math.sin(q.anim_time*90*1+60)*-1.5"]
				},
				"tendril_right2": {
					"rotation": ["-5+math.sin(q.anim_time*90*2)*5", 0, 0]
				},
				"tendril_right3": {
					"rotation": ["-10+math.sin(q.anim_time*90*2-30)*7.5", 0, 0]
				},
				"tendril_right4": {
					"rotation": ["-10+math.sin(q.anim_time*90*2-60)*10", 0, 0]
				},
				"tendril_right5": {
					"rotation": ["-10+math.sin(q.anim_time*90*2-60)*10", 0, 0]
				},
				"tendril_right6": {
					"rotation": ["0+math.sin(q.anim_time*90*2-150)*25", 0, 0]
				},
				"tendril_right7": {
					"rotation": ["0+math.sin(q.anim_time*90*2-150)*25", 0, 0]
				},
				"tendril_right8": {
					"rotation": ["10+math.sin(q.anim_time*90*2-180)*40", 0, 0]
				},
				"tendril_left2": {
					"rotation": ["-5+math.sin(q.anim_time*90*2)*5", 0, 0]
				},
				"tendril_left3": {
					"rotation": ["-10+math.sin(q.anim_time*90*2-30)*7.5", 0, 0]
				},
				"tendril_left4": {
					"rotation": ["-10+math.sin(q.anim_time*90*2-60)*10", 0, 0]
				},
				"tendril_left5": {
					"rotation": ["-10+math.sin(q.anim_time*90*2-60)*10", 0, 0]
				},
				"tendril_left6": {
					"rotation": ["0+math.sin(q.anim_time*90*2-150)*25", 0, 0]
				},
				"tendril_left7": {
					"rotation": ["0+math.sin(q.anim_time*90*2-150)*25", 0, 0]
				},
				"tendril_left8": {
					"rotation": ["10+math.sin(q.anim_time*90*2-180)*40", 0, 0]
				}
			}
		},
		"animation.stellotl_awakened.ground_walk": {
			"loop": true,
			"animation_length": 4,
			"bones": {
				"body": {
					"rotation": ["0+math.sin(q.anim_time*90*2-60)*5", 0, "0+math.sin(q.anim_time*90*1-30)*5.2"],
					"position": [0, "20+math.sin(q.anim_time*90*2)*7.85", -24]
				},
				"tail_fire": {
					"rotation": ["math.sin(q.anim_time*90*2-270)*15", 0, 0],
					"scale": ["1+math.sin(q.anim_time*90*6-30)*-0.02", "1+math.sin(q.anim_time*90*6)*0.02", "1+math.sin(q.anim_time*90*6-60)*-0.02"]
				},
				"nebula2": {
					"scale": ["1+math.sin(q.anim_time*90*6-10)*-0.02", "1+math.sin(q.anim_time*90*6)*0.02", "1+math.sin(q.anim_time*90*6-20)*-0.02"]
				},
				"wisp_small": {
					"rotation": ["0+math.sin(q.anim_time*90*2-50)*-10", 0, 0]
				},
				"wisp_small2": {
					"rotation": ["-20+math.sin(q.anim_time*90*2-100)*-20", 0, 0]
				},
				"wisp_small3": {
					"rotation": ["-20+math.sin(q.anim_time*90*2-150)*-20", 0, 0]
				},
				"wisp": {
					"rotation": ["-35+math.sin(q.anim_time*90*2)*-10", 0, 0]
				},
				"wisp2": {
					"rotation": ["0+math.sin(q.anim_time*90*2-60)*-20", 0, 0]
				},
				"wisp3": {
					"rotation": ["0+math.sin(q.anim_time*90*2-120)*-15", 0, 0]
				},
				"wisp4": {
					"rotation": ["0+math.sin(q.anim_time*90*2-180)*-22", 0, 0]
				},
				"head": {
					"rotation": ["5+math.sin(q.anim_time*90*2+30)*10", 0, 0]
				},
				"tendril_right": {
					"rotation": [-45, 0, 15],
					"position": [0, -0.1, 0]
				},
				"tendril_right2": {
					"rotation": ["-5+math.sin(q.anim_time*90*2)*5", 0, 0]
				},
				"tendril_right3": {
					"rotation": ["-10+math.sin(q.anim_time*90*2-30)*7.5", 0, 0]
				},
				"tendril_right4": {
					"rotation": ["-10+math.sin(q.anim_time*90*2-60)*10", 0, 0]
				},
				"tendril_right5": {
					"rotation": ["-10+math.sin(q.anim_time*90*2-60)*10", 0, 0]
				},
				"tendril_right6": {
					"rotation": ["0+math.sin(q.anim_time*90*2-150)*25", 0, 0]
				},
				"tendril_right7": {
					"rotation": ["0+math.sin(q.anim_time*90*2-150)*25", 0, 0]
				},
				"tendril_right8": {
					"rotation": ["10+math.sin(q.anim_time*90*2-180)*40", 0, 0]
				},
				"tendril_left": {
					"rotation": [-45, 0, -15],
					"position": [0, -0.1, 0]
				},
				"tendril_left2": {
					"rotation": ["-5+math.sin(q.anim_time*90*2)*5", 0, 0]
				},
				"tendril_left3": {
					"rotation": ["-10+math.sin(q.anim_time*90*2-30)*7.5", 0, 0]
				},
				"tendril_left4": {
					"rotation": ["-10+math.sin(q.anim_time*90*2-60)*10", 0, 0]
				},
				"tendril_left5": {
					"rotation": ["-10+math.sin(q.anim_time*90*2-60)*10", 0, 0]
				},
				"tendril_left6": {
					"rotation": ["0+math.sin(q.anim_time*90*2-150)*25", 0, 0]
				},
				"tendril_left7": {
					"rotation": ["0+math.sin(q.anim_time*90*2-150)*25", 0, 0]
				},
				"tendril_left8": {
					"rotation": ["10+math.sin(q.anim_time*90*2-180)*40", 0, 0]
				},
				"lower_torso": {
					"rotation": ["math.sin(q.anim_time*90*2-150)*20", 0, 0]
				},
				"leg_right": {
					"rotation": [-25, 0, 0]
				},
				"leg_left": {
					"rotation": [-25, 0, 0]
				},
				"tail": {
					"rotation": ["math.sin(q.anim_time*90*2-180)*10", 0, 0],
					"position": [0, 0, "-1+math.sin(q.anim_time*90*2-180)*1"]
				},
				"tail2": {
					"rotation": ["math.sin(q.anim_time*90*2-190)*10", 0, 0],
					"position": [0, 0, "-1+math.sin(q.anim_time*90*2-190)*1"]
				},
				"tail3": {
					"rotation": ["math.sin(q.anim_time*90*2-210)*10", 0, 0],
					"position": [0, 0, "-1+math.sin(q.anim_time*90*2-210)*1"]
				},
				"tail4": {
					"rotation": ["math.sin(q.anim_time*90*2-240)*10", 0, 0],
					"position": [0, 0, "-1+math.sin(q.anim_time*90*2-240)*1"]
				},
				"tail5": {
					"rotation": ["math.sin(q.anim_time*90*2-270)*10", 0, 0],
					"position": [0, 0, "-1+math.sin(q.anim_time*90*2-270)*1"]
				},
				"tail6": {
					"rotation": ["math.sin(q.anim_time*90*2-300)*17", 0, 0]
				},
				"tail7": {
					"rotation": ["math.sin(q.anim_time*90*2-330)*20", 0, 0]
				},
				"tail8": {
					"rotation": ["math.sin(q.anim_time*90*2-360)*20", 0, 0]
				},
				"tail9": {
					"rotation": ["math.sin(q.anim_time*90*2-390)*15", 0, 0]
				},
				"tail10": {
					"rotation": ["math.sin(q.anim_time*90*2-410)*10", 0, 0]
				},
				"torso2": {
					"rotation": ["0+math.sin(q.anim_time*90*2-120)*10", 0, 0],
					"position": [0, 0, "2.5+math.sin(q.anim_time*90*2-120)*1"]
				},
				"torso": {
					"rotation": ["math.sin(q.anim_time*90*2-90)*2.5", 0, 0],
					"position": [0, 0, "1+math.sin(q.anim_time*90*2-90)*1"]
				},
				"wing_right": {
					"rotation": ["math.sin(q.anim_time*90*8-90)*5", 0, 30]
				},
				"wing_left": {
					"rotation": ["math.sin(q.anim_time*90*8-90)*5", 0, -30]
				},
				"arm_right": {
					"rotation": [0, "0+math.sin(q.anim_time*90*2-60)*-5", 60]
				},
				"arm_right2": {
					"rotation": [-7.5, 75, "60+math.sin(q.anim_time*90*2-90)*-12"]
				},
				"arm_right3": {
					"rotation": [0, -7.5, 0]
				},
				"claw_right": {
					"rotation": [0, -32.5, 0]
				},
				"claw_right2": {
					"rotation": [0, -32.5, 0]
				},
				"arm_left": {
					"rotation": [0, "0+math.sin(q.anim_time*90*2-60)*5", -60]
				},
				"arm_left2": {
					"rotation": [-7.5, -75, "-60+math.sin(q.anim_time*90*2-90)*12"]
				},
				"arm_left3": {
					"rotation": [0, 7.5, 0]
				},
				"claw_left": {
					"rotation": [0, 32.5, 0]
				},
				"claw_left2": {
					"rotation": [0, 32.5, 0]
				},
				"neck": {
					"rotation": ["0+math.sin(q.anim_time*90*2-60)*7", 0, 0]
				},
				"neck2": {
					"rotation": ["0+math.sin(q.anim_time*90*2-30)*5", 0, 0],
					"position": [0, 0, "1+math.sin(q.anim_time*90*2-30)*0.5"]
				},
				"neck3": {
					"rotation": ["math.sin(q.anim_time*90*2-30)*10", 0, 0]
				}
			}
		},
		"animation.stellotl_awakened.blink": {
			"animation_length": 0.1667,
			"bones": {
				"eye_right": {
					"position": {
						"0.0": [-0.1, 0, 0],
						"0.125": {
							"pre": [-0.1, 0, 0],
							"post": [0, 0, 0]
						}
					}
				},
				"eye_lid_right": {
					"position": {
						"0.0": [0.2, 0, 0],
						"0.0833": [0.2, 0.7, 0],
						"0.125": [0, 0, 0]
					}
				},
				"eye_left": {
					"position": {
						"0.0": [0.1, 0, 0],
						"0.125": {
							"pre": [0.1, 0, 0],
							"post": [0, 0, 0]
						}
					}
				},
				"eye_lid_left": {
					"position": {
						"0.0": [-0.2, 0, 0],
						"0.0833": [-0.2, 0.7, 0],
						"0.125": [0, 0, 0]
					}
				}
			}
		},
		"animation.stellotl_awakened.special": {
			"animation_length": 4,
			"bones": {
				"body": {
					"rotation": {
						"0.0": [-75, 0, 0],
						"0.125": {
							"pre": [-85, 0, 0],
							"post": [-85, 0, 0],
							"lerp_mode": "catmullrom"
						},
						"0.2917": {
							"post": [-92.5, 0, 0],
							"lerp_mode": "catmullrom"
						},
						"0.6667": {
							"post": [-92.5, 0, 0],
							"lerp_mode": "catmullrom"
						},
						"1.0": {
							"post": [-70, 0, 0],
							"lerp_mode": "catmullrom"
						},
						"2.625": {
							"post": [-70, 0, 0],
							"lerp_mode": "catmullrom"
						},
						"3.0417": {
							"post": [-77.06, 0, 0],
							"lerp_mode": "catmullrom"
						},
						"4.0": [-75, 0, 0]
					},
					"position": {
						"0.0": [0, 19, -24],
						"0.5": [0, 16, -24],
						"0.6667": [0, 17, -24],
						"1.0": [0, "22+math.sin(q.anim_time*90*12)*-0.55", -24],
						"2.75": [0, "22+math.sin(q.anim_time*90*12)*-0.55", -24],
						"3.0": [0, "19+math.sin(q.anim_time*90*1)*1.25", -24],
						"3.5": [0, "19+math.sin(q.anim_time*90*1)*1.25", -24]
					}
				},
				"lower_torso": {
					"rotation": {
						"0.0": [45, 0, 0],
						"0.4167": [52.5, 0, 0],
						"1.0833": [40, 0, 0],
						"2.8333": [40, 0, 0],
						"3.0": [45, 0, 0]
					}
				},
				"leg_right": {
					"rotation": {
						"0.0": ["-30+math.sin(q.anim_time*90*1-30)*2.7", "0+math.sin(q.anim_time*90*1-30)*-1.5", 0],
						"0.5417": ["-50+math.sin(q.anim_time*90*1-30)*2.7", "math.sin(q.anim_time*90*1-30)*-1.5", 0],
						"1.1667": ["-30+math.sin(q.anim_time*90*1-30)*2.7", "math.sin(q.anim_time*90*1-30)*-1.5", 0],
						"2.9167": ["-30+math.sin(q.anim_time*90*1-30)*2.7", "math.sin(q.anim_time*90*1-30)*-1.5", 0],
						"3.0": ["-30+math.sin(q.anim_time*90*1-30)*2.7", "0+math.sin(q.anim_time*90*1-30)*-1.5", 0]
					}
				},
				"foot_right": {
					"rotation": {
						"0.0": ["-25+math.sin(q.anim_time*90*1-25)*-2", 0, 0],
						"0.7083": ["-52.5+math.sin(q.anim_time*90*1-25)*-2", 0, 0],
						"0.9167": ["-7.5+math.sin(q.anim_time*90*1-25)*-3", 0, 0],
						"2.6667": ["-7.5+math.sin(q.anim_time*90*1-25)*-3", 0, 0],
						"3.0": ["-25+math.sin(q.anim_time*90*1-25)*-2", 0, 0]
					}
				},
				"leg_left": {
					"rotation": {
						"0.0": ["-30+math.sin(q.anim_time*90*1-30)*2.7", "0+math.sin(q.anim_time*90*1-30)*1.5", 0],
						"0.5417": ["-50+math.sin(q.anim_time*90*1-30)*2.7", "math.sin(q.anim_time*90*1-30)*1.5", 0],
						"1.1667": ["-30+math.sin(q.anim_time*90*1-30)*2.7", "math.sin(q.anim_time*90*1-30)*1.5", 0],
						"2.9167": ["-30+math.sin(q.anim_time*90*1-30)*2.7", "math.sin(q.anim_time*90*1-30)*1.5", 0],
						"3.0": ["-30+math.sin(q.anim_time*90*1-30)*2.7", "0+math.sin(q.anim_time*90*1-30)*1.5", 0]
					}
				},
				"foot_left": {
					"rotation": {
						"0.0": ["-25+math.sin(q.anim_time*90*1-25)*-2", 0, 0],
						"0.7083": ["-52.5+math.sin(q.anim_time*90*1-25)*-2", 0, 0],
						"0.9167": ["-7.5+math.sin(q.anim_time*90*1-25)*-3", 0, 0],
						"2.6667": ["-7.5+math.sin(q.anim_time*90*1-25)*-3", 0, 0],
						"3.0": ["-25+math.sin(q.anim_time*90*1-25)*-2", 0, 0]
					}
				},
				"tail": {
					"rotation": {
						"0.0": ["12.5+math.sin(q.anim_time*90*1-25)*-3.25", 0, 0],
						"0.375": ["22.5+math.sin(q.anim_time*90*1-25)*-3.25", 0, 0],
						"1.0": ["10+math.sin(q.anim_time*90*1-25)*-3.25", 0, 0],
						"2.625": ["10+math.sin(q.anim_time*90*1-25)*-3.25", 0, 0],
						"3.0": ["12.5+math.sin(q.anim_time*90*1-25)*-3.25", 0, 0]
					}
				},
				"tail2": {
					"rotation": {
						"0.0": ["30+math.sin(q.anim_time*90*1-50)*-4.25", 0, 0],
						"1.2083": ["20+math.sin(q.anim_time*90*1-50)*-4.25", 0, 0],
						"2.7917": ["20+math.sin(q.anim_time*90*1-50)*-4.25", 0, 0],
						"3.2083": ["30+math.sin(q.anim_time*90*1-50)*-4.25", 0, 0]
					}
				},
				"tail3": {
					"rotation": {
						"0.0": ["30+math.sin(q.anim_time*90*1-100)*-1.25", 0, 0],
						"0.375": [40.83, 0, 0],
						"1.3333": ["20+math.sin(q.anim_time*90*1-100)*-1.25", 0, 0],
						"3.0": ["30+math.sin(q.anim_time*90*1-100)*-1.25", 0, 0],
						"3.25": ["20+math.sin(q.anim_time*90*1-100)*-1.25", 0, 0]
					}
				},
				"tail4": {
					"rotation": {
						"0.0": ["15+math.sin(q.anim_time*90*1-100)*-5", 0, 0],
						"3.0": ["15+math.sin(q.anim_time*90*1-100)*-5", 0, 0]
					}
				},
				"tail5": {
					"rotation": {
						"0.0": ["15+math.sin(q.anim_time*90*1-120)*-2.25", 0, 0],
						"0.5": ["27.5+math.sin(q.anim_time*90*1-120)*-2.25", 0, 0],
						"0.8333": ["5+math.sin(q.anim_time*90*1-120)*-2.25", 0, 0],
						"3.0": ["15+math.sin(q.anim_time*90*1-120)*-2.25", 0, 0]
					}
				},
				"tail_fire": {
					"rotation": {
						"0.0": [-35, 0, 0],
						"3.0": [-35, 0, 0]
					},
					"scale": {
						"0.0": ["1+math.sin(q.anim_time*90*6-30)*-0.02", "1+math.sin(q.anim_time*90*6)*0.02", "1+math.sin(q.anim_time*90*6-60)*-0.02"],
						"1.0": ["1+math.sin(q.anim_time*90*6-30)*-0.05", "1+math.sin(q.anim_time*90*18)*0.05", "1+math.sin(q.anim_time*90*6-60)*-0.05"],
						"2.75": ["1+math.sin(q.anim_time*90*6-30)*-0.05", "1+math.sin(q.anim_time*90*18)*0.05", "1+math.sin(q.anim_time*90*6-60)*-0.05"],
						"3.0": ["1+math.sin(q.anim_time*90*6-30)*-0.02", "1+math.sin(q.anim_time*90*6)*0.02", "1+math.sin(q.anim_time*90*6-60)*-0.02"]
					}
				},
				"tail6": {
					"rotation": {
						"0.0": ["-22.5+math.sin(q.anim_time*90*1-150)*-2.25", 0, 0],
						"3.0": ["-22.5+math.sin(q.anim_time*90*1-150)*-2.25", 0, 0]
					}
				},
				"tail7": {
					"rotation": {
						"0.0": ["-30+math.sin(q.anim_time*90*1-180)*-2.25", 0, 0],
						"3.0": ["-30+math.sin(q.anim_time*90*1-180)*-2.25", 0, 0]
					}
				},
				"tail8": {
					"rotation": {
						"0.0": ["-25+math.sin(q.anim_time*90*1-200)*-3.25", 0, 0],
						"3.0": ["-25+math.sin(q.anim_time*90*1-200)*-3.25", 0, 0]
					}
				},
				"tail9": {
					"rotation": {
						"0.0": [-20, 0, 0],
						"3.0": [-20, 0, 0]
					}
				},
				"tail10": {
					"rotation": {
						"0.0": [-20, 0, 0],
						"3.0": [-20, 0, 0]
					}
				},
				"torso": {
					"rotation": {
						"0.0": [-25, 0, 0],
						"0.3333": {
							"pre": [-37.5, 0, 0],
							"post": [-37.5, 0, 0],
							"lerp_mode": "catmullrom"
						},
						"0.4167": {
							"post": [-37.5, 0, 0],
							"lerp_mode": "catmullrom"
						},
						"0.8333": {
							"post": [-20, 0, 0],
							"lerp_mode": "catmullrom"
						},
						"2.625": {
							"post": [-20, 0, 0],
							"lerp_mode": "catmullrom"
						},
						"3.0": [-25, 0, 0]
					}
				},
				"neck": {
					"rotation": {
						"0.0": [-15, 0, 0],
						"0.2917": [-40, 0, 0],
						"0.5": [-40, 0, 0],
						"0.9167": [-5, 0, 0],
						"2.6667": [-5, 0, 0],
						"3.25": [-17, 0, 0],
						"3.5": [-15, 0, 0]
					},
					"position": {
						"0.0": [0, 0, 0],
						"0.2917": [0, 1, -1.25],
						"0.5": [0, 1, -1.25],
						"0.9167": [0, 0, 0],
						"2.6667": [0, 0, 0],
						"3.0": [0, 0, 0]
					}
				},
				"neck2": {
					"rotation": {
						"0.0": [60, 0, 0],
						"3.0": [60, 0, 0]
					}
				},
				"nebula3": {
					"rotation": {
						"0.0": [7.5, 0, 0],
						"3.0": [7.5, 0, 0]
					}
				},
				"neck3": {
					"rotation": {
						"0.0": [45, 0, 0],
						"0.375": [55, 0, 0],
						"0.8333": [20, 0, 0],
						"0.9167": [35, 0, 0],
						"2.6667": [35, 0, 0],
						"3.0": [45, 0, 0]
					}
				},
				"head": {
					"rotation": {
						"0.0": [15, 0, 0],
						"0.3333": {
							"pre": [23.75, 0, 0],
							"post": [23.75, 0, 0],
							"lerp_mode": "catmullrom"
						},
						"0.5": {
							"post": [23.75, 0, 0],
							"lerp_mode": "catmullrom"
						},
						"0.7083": {
							"post": [17.94, 0, 0],
							"lerp_mode": "catmullrom"
						},
						"0.7917": [7, 0, 0],
						"0.9167": ["17-math.sin(q.anim_time*90*64)*0.75", 0, 0],
						"2.6667": ["17-math.sin(q.anim_time*90*64)*0.75", 0, 0],
						"3.0": [15, 0, 0]
					}
				},
				"tendril_right": {
					"rotation": {
						"0.0": [-45, 0, 15],
						"3.0": [-45, 0, 15]
					},
					"position": {
						"0.0": [0, -0.1, 0],
						"3.0": [0, -0.1, 0]
					}
				},
				"tendril_left": {
					"rotation": {
						"0.0": [-45, 0, -15],
						"3.0": [-45, 0, -15]
					},
					"position": {
						"0.0": [0, -0.1, 0],
						"3.0": [0, -0.1, 0]
					}
				},
				"foot_right2": {
					"rotation": {
						"0.0": [-10, 0, 0],
						"3.0": [-10, 0, 0]
					}
				},
				"foot_left2": {
					"rotation": {
						"0.0": [-10, 0, 0],
						"3.0": [-10, 0, 0]
					}
				},
				"arm_right": {
					"rotation": {
						"0.0": [-11.51146, "-38.959+math.sin(q.anim_time*90*1-30)*-1.5", "15.3781+math.sin(q.anim_time*90*1-60)*-4"],
						"0.5": [13.53205, "-38.4199+math.sin(q.anim_time*90*1-30)*-1.5", "-23.5122+math.sin(q.anim_time*90*1-60)*-4"],
						"1.0": [-11.86261, "-38.9281+math.sin(q.anim_time*90*1-30)*-1.5", "15.6022+math.sin(q.anim_time*90*1-60)*-4"],
						"2.75": [-11.86261, "-38.9281+math.sin(q.anim_time*90*1-30)*-1.5", "15.6022+math.sin(q.anim_time*90*1-60)*-4"],
						"2.875": [-11.51146, "-38.959+math.sin(q.anim_time*90*1-30)*-1.5", "15.3781+math.sin(q.anim_time*90*1-60)*-4"]
					}
				},
				"arm_right2": {
					"rotation": {
						"0.0": [0, 0, "60+math.sin(q.anim_time*90*1-30)*-2.5"],
						"0.4167": [0, 0, "75+math.sin(q.anim_time*90*1-30)*-2.5"],
						"0.5417": [0, 0, 84.2],
						"1.0": [0, 0, "40+math.sin(q.anim_time*90*1-30)*-2.5"],
						"2.375": [0, 0, "40+math.sin(q.anim_time*90*1-30)*-2.5"],
						"2.7917": [0, 0, "60+math.sin(q.anim_time*90*1-30)*-2.5"]
					}
				},
				"arm_right3": {
					"rotation": {
						"0.0": [0, -15, 0],
						"3.0": [0, -15, 0]
					}
				},
				"claw_right": {
					"rotation": {
						"0.0": [0, -25, 0],
						"0.5": [0, -57.5, 0],
						"0.75": [0, -57.5, 0],
						"1.0": [0, -2.5, 0],
						"2.75": [0, -2.5, 0],
						"3.0": [0, -25, 0]
					}
				},
				"claw_right3": {
					"rotation": {
						"0.0": [0, -25, 0],
						"3.0": [0, -25, 0]
					}
				},
				"claw_right2": {
					"rotation": {
						"0.0": [0, -25, 0],
						"0.5": [0, -57.5, 0],
						"0.75": [0, -57.5, 0],
						"1.0": [0, -2.5, 0],
						"2.75": [0, -2.5, 0],
						"3.0": [0, -25, 0]
					}
				},
				"arm_left": {
					"rotation": {
						"0.0": [-11.51143, "38.9589+math.sin(q.anim_time*90*1-30)*1.5", "-15.378+math.sin(q.anim_time*90*1-60)*4"],
						"0.5": [9.51751, "39.42+math.sin(q.anim_time*90*1-30)*1.5", "17.1794+math.sin(q.anim_time*90*1-60)*4"],
						"1.0": [-11.86259, "38.928+math.sin(q.anim_time*90*1-30)*1.5", "-15.6019+math.sin(q.anim_time*90*1-60)*4"],
						"2.75": [-11.86259, "38.928+math.sin(q.anim_time*90*1-30)*1.5", "-15.6019+math.sin(q.anim_time*90*1-60)*4"],
						"2.875": [-11.51143, "38.9589+math.sin(q.anim_time*90*1-30)*1.5", "-15.378+math.sin(q.anim_time*90*1-60)*4"]
					}
				},
				"arm_left2": {
					"rotation": {
						"0.0": [0, 0, "-60+math.sin(q.anim_time*90*1-30)*2.5"],
						"0.4167": [0, 0, "-75+math.sin(q.anim_time*90*1-30)*2.5"],
						"0.5417": [0, 0, -83.12],
						"1.0": [0, 0, "-35+math.sin(q.anim_time*90*1-30)*2.5"],
						"2.375": [0, 0, "-35+math.sin(q.anim_time*90*1-30)*2.5"],
						"2.7917": [0, 0, "-60+math.sin(q.anim_time*90*1-30)*2.5"]
					}
				},
				"arm_left3": {
					"rotation": {
						"0.0": [0, 15, 0],
						"3.0": [0, 15, 0]
					}
				},
				"claw_left": {
					"rotation": {
						"0.0": [0, 25, 0],
						"0.5": [0, 57.5, 0],
						"0.75": [0, 57.5, 0],
						"1.0": [0, 2.5, 0],
						"2.75": [0, 2.5, 0],
						"3.0": [0, 25, 0]
					}
				},
				"claw_left3": {
					"rotation": {
						"0.0": [0, 25, 0],
						"3.0": [0, 25, 0]
					}
				},
				"claw_left2": {
					"rotation": {
						"0.0": [0, 25, 0],
						"0.5": [0, 57.5, 0],
						"0.75": [0, 57.5, 0],
						"1.0": [0, 2.5, 0],
						"2.75": [0, 2.5, 0],
						"3.0": [0, 25, 0]
					}
				},
				"nebula2": {
					"scale": {
						"0.0": ["1+math.sin(q.anim_time*90*6-10)*-0.02", "1+math.sin(q.anim_time*90*6)*0.02", "1+math.sin(q.anim_time*90*6-20)*-0.02"],
						"0.5": [0.9, 0.9, 0.9],
						"1.0": ["1+math.sin(q.anim_time*90*6-30)*-0.05", "1+math.sin(q.anim_time*90*18)*0.05", "1+math.sin(q.anim_time*90*6-60)*-0.05"],
						"2.75": ["1+math.sin(q.anim_time*90*6-30)*-0.05", "1+math.sin(q.anim_time*90*18)*0.05", "1+math.sin(q.anim_time*90*6-60)*-0.05"],
						"3.0": ["1+math.sin(q.anim_time*90*6-10)*-0.02", "1+math.sin(q.anim_time*90*6)*0.02", "1+math.sin(q.anim_time*90*6-20)*-0.02"]
					}
				},
				"wisp_small": {
					"rotation": {
						"0.0": ["0+math.sin(q.anim_time*90*2-50)*-10", 0, 0],
						"1.0": ["0+math.sin(q.anim_time*90*6-50)*-10", 0, 0],
						"2.75": ["0+math.sin(q.anim_time*90*6-50)*-10", 0, 0],
						"3.0": ["0+math.sin(q.anim_time*90*2-50)*-10", 0, 0]
					}
				},
				"wisp_small2": {
					"rotation": {
						"0.0": ["-20+math.sin(q.anim_time*90*2-100)*-20", 0, 0],
						"1.0": ["-20+math.sin(q.anim_time*90*6-100)*-20", 0, 0],
						"2.75": ["-20+math.sin(q.anim_time*90*6-100)*-20", 0, 0],
						"3.0": ["-20+math.sin(q.anim_time*90*2-100)*-20", 0, 0]
					}
				},
				"wisp_small3": {
					"rotation": {
						"0.0": ["-20+math.sin(q.anim_time*90*2-150)*-20", 0, 0],
						"1.0": ["-20+math.sin(q.anim_time*90*6-150)*-20", 0, 0],
						"2.75": ["-20+math.sin(q.anim_time*90*6-150)*-20", 0, 0],
						"3.0": ["-20+math.sin(q.anim_time*90*2-150)*-20", 0, 0]
					}
				},
				"wisp": {
					"rotation": {
						"0.0": ["-35+math.sin(q.anim_time*90*2)*-10", 0, 0],
						"1.0": ["-35+math.sin(q.anim_time*90*6)*-10", 0, 0],
						"2.75": ["-35+math.sin(q.anim_time*90*6)*-10", 0, 0],
						"3.0": ["-35+math.sin(q.anim_time*90*2)*-10", 0, 0]
					}
				},
				"wisp2": {
					"rotation": {
						"0.0": ["0+math.sin(q.anim_time*90*2-60)*-20", 0, 0],
						"1.0": ["0+math.sin(q.anim_time*90*6-60)*-20", 0, 0],
						"2.75": ["0+math.sin(q.anim_time*90*6-60)*-20", 0, 0],
						"3.0": ["0+math.sin(q.anim_time*90*2-60)*-20", 0, 0]
					}
				},
				"wisp3": {
					"rotation": {
						"0.0": ["0+math.sin(q.anim_time*90*2-120)*-15", 0, 0],
						"1.0": ["0+math.sin(q.anim_time*90*6-120)*-15", 0, 0],
						"2.75": ["0+math.sin(q.anim_time*90*6-120)*-15", 0, 0],
						"3.0": ["0+math.sin(q.anim_time*90*2-120)*-15", 0, 0]
					}
				},
				"wisp4": {
					"rotation": {
						"0.0": ["0+math.sin(q.anim_time*90*2-180)*-22", 0, 0],
						"1.0": ["0+math.sin(q.anim_time*90*6-180)*-22", 0, 0],
						"2.75": ["0+math.sin(q.anim_time*90*6-180)*-22", 0, 0],
						"3.0": ["0+math.sin(q.anim_time*90*2-180)*-22", 0, 0]
					}
				},
				"gils_right": {
					"rotation": {
						"0.0": [0, "0+math.sin(q.anim_time*90*1+60)*7.75", "0+math.sin(q.anim_time*90*1+60)*1.5"],
						"3.0": [0, "0+math.sin(q.anim_time*90*1+60)*7.75", "0+math.sin(q.anim_time*90*1+60)*1.5"]
					}
				},
				"gils_left": {
					"rotation": {
						"0.0": [0, "0+math.sin(q.anim_time*90*1+60)*-7.75", "0+math.sin(q.anim_time*90*1+60)*-1.5"],
						"3.0": [0, "0+math.sin(q.anim_time*90*1+60)*-7.75", "0+math.sin(q.anim_time*90*1+60)*-1.5"]
					}
				},
				"tendril_right2": {
					"rotation": {
						"0.0": ["-5+math.sin(q.anim_time*90*2)*5", 0, 0],
						"1.0": ["-5+math.sin(q.anim_time*90*8)*5", 0, 0],
						"2.75": ["-5+math.sin(q.anim_time*90*8)*5", 0, 0],
						"3.0": ["-5+math.sin(q.anim_time*90*2)*5", 0, 0]
					}
				},
				"tendril_right3": {
					"rotation": {
						"0.0": ["-10+math.sin(q.anim_time*90*2-30)*7.5", 0, 0],
						"1.0": ["-10+math.sin(q.anim_time*90*8-30)*7.5", 0, 0],
						"2.75": ["-10+math.sin(q.anim_time*90*8-30)*7.5", 0, 0],
						"3.0": ["-10+math.sin(q.anim_time*90*2-30)*7.5", 0, 0]
					}
				},
				"tendril_right4": {
					"rotation": {
						"0.0": ["-10+math.sin(q.anim_time*90*2-60)*10", 0, 0],
						"1.0": ["-10+math.sin(q.anim_time*90*8-60)*10", 0, 0],
						"2.75": ["-10+math.sin(q.anim_time*90*8-60)*10", 0, 0],
						"3.0": ["-10+math.sin(q.anim_time*90*2-60)*10", 0, 0]
					}
				},
				"tendril_right5": {
					"rotation": {
						"0.0": ["-10+math.sin(q.anim_time*90*2-60)*10", 0, 0],
						"1.0": ["-10+math.sin(q.anim_time*90*8-60)*10", 0, 0],
						"2.75": ["-10+math.sin(q.anim_time*90*8-60)*10", 0, 0],
						"3.0": ["-10+math.sin(q.anim_time*90*2-60)*10", 0, 0]
					}
				},
				"tendril_right6": {
					"rotation": {
						"0.0": ["0+math.sin(q.anim_time*90*2-150)*25", 0, 0],
						"1.0": ["0+math.sin(q.anim_time*90*8-150)*25", 0, 0],
						"2.75": ["0+math.sin(q.anim_time*90*8-150)*25", 0, 0],
						"3.0": ["0+math.sin(q.anim_time*90*2-150)*25", 0, 0]
					}
				},
				"tendril_right7": {
					"rotation": {
						"0.0": ["0+math.sin(q.anim_time*90*2-150)*25", 0, 0],
						"1.0": ["0+math.sin(q.anim_time*90*8-150)*25", 0, 0],
						"2.75": ["0+math.sin(q.anim_time*90*8-150)*25", 0, 0],
						"3.0": ["0+math.sin(q.anim_time*90*2-150)*25", 0, 0]
					}
				},
				"tendril_right8": {
					"rotation": {
						"0.0": ["10+math.sin(q.anim_time*90*2-180)*40", 0, 0],
						"1.0": ["10+math.sin(q.anim_time*90*8-180)*40", 0, 0],
						"2.75": ["10+math.sin(q.anim_time*90*8-180)*40", 0, 0],
						"3.0": ["10+math.sin(q.anim_time*90*2-180)*40", 0, 0]
					}
				},
				"tendril_left2": {
					"rotation": {
						"0.0": ["-5+math.sin(q.anim_time*90*2)*5", 0, 0],
						"1.0": ["-5+math.sin(q.anim_time*90*8)*5", 0, 0],
						"2.75": ["-5+math.sin(q.anim_time*90*8)*5", 0, 0],
						"3.0": ["-5+math.sin(q.anim_time*90*2)*5", 0, 0]
					}
				},
				"tendril_left3": {
					"rotation": {
						"0.0": ["-10+math.sin(q.anim_time*90*2-30)*7.5", 0, 0],
						"1.0": ["-10+math.sin(q.anim_time*90*8-30)*7.5", 0, 0],
						"2.75": ["-10+math.sin(q.anim_time*90*8-30)*7.5", 0, 0],
						"3.0": ["-10+math.sin(q.anim_time*90*2-30)*7.5", 0, 0]
					}
				},
				"tendril_left4": {
					"rotation": {
						"0.0": ["-10+math.sin(q.anim_time*90*2-60)*10", 0, 0],
						"1.0": ["-10+math.sin(q.anim_time*90*8-60)*10", 0, 0],
						"2.75": ["-10+math.sin(q.anim_time*90*8-60)*10", 0, 0],
						"3.0": ["-10+math.sin(q.anim_time*90*2-60)*10", 0, 0]
					}
				},
				"tendril_left5": {
					"rotation": {
						"0.0": ["-10+math.sin(q.anim_time*90*2-60)*10", 0, 0],
						"1.0": ["-10+math.sin(q.anim_time*90*8-60)*10", 0, 0],
						"2.75": ["-10+math.sin(q.anim_time*90*8-60)*10", 0, 0],
						"3.0": ["-10+math.sin(q.anim_time*90*2-60)*10", 0, 0]
					}
				},
				"tendril_left6": {
					"rotation": {
						"0.0": ["0+math.sin(q.anim_time*90*2-150)*25", 0, 0],
						"1.0": ["0+math.sin(q.anim_time*90*8-150)*25", 0, 0],
						"2.75": ["0+math.sin(q.anim_time*90*8-150)*25", 0, 0],
						"3.0": ["0+math.sin(q.anim_time*90*2-150)*25", 0, 0]
					}
				},
				"tendril_left7": {
					"rotation": {
						"0.0": ["0+math.sin(q.anim_time*90*2-150)*25", 0, 0],
						"1.0": ["0+math.sin(q.anim_time*90*8-150)*25", 0, 0],
						"2.75": ["0+math.sin(q.anim_time*90*8-150)*25", 0, 0],
						"3.0": ["0+math.sin(q.anim_time*90*2-150)*25", 0, 0]
					}
				},
				"tendril_left8": {
					"rotation": {
						"0.0": ["10+math.sin(q.anim_time*90*2-180)*40", 0, 0],
						"1.0": ["10+math.sin(q.anim_time*90*8-180)*40", 0, 0],
						"2.75": ["10+math.sin(q.anim_time*90*8-180)*40", 0, 0],
						"3.0": ["10+math.sin(q.anim_time*90*2-180)*40", 0, 0]
					}
				},
				"torso2": {
					"rotation": {
						"0.0": [7.5, 0, 0],
						"3.0": [7.5, 0, 0]
					}
				},
				"eye_angry_right": {
					"position": {
						"0.0": [0.25, 0, -0.25],
						"3.0": [0.25, 0, -0.25]
					}
				},
				"eye_angry_left": {
					"position": {
						"0.0": [-0.25, 0, -0.25],
						"3.0": [-0.25, 0, -0.25]
					}
				},
				"wing_right": {
					"rotation": {
						"0.0": [35, 0, 0],
						"0.5": [-5, 0, 0],
						"0.75": [35, 0, 0],
						"1.0": ["35+math.sin(q.anim_time*90*24-90)*5", 0, 30],
						"2.9583": ["35+math.sin(q.anim_time*90*24-90)*5", 0, 30],
						"3.2083": [35, 0, 0]
					}
				},
				"wing_left": {
					"rotation": {
						"0.0": [35, 0, 0],
						"0.5": [-5, 0, 0],
						"0.75": [35, 0, 0],
						"1.0": ["35+math.sin(q.anim_time*90*24-90)*5", 0, -30],
						"2.75": ["35+math.sin(q.anim_time*90*24-90)*5", 0, -30],
						"3.0": [35, 0, 0]
					}
				},
				"jaw": {
					"rotation": {
						"0.0": [0, 0, 0],
						"0.2917": [22.5, 0, 0],
						"0.5833": [0, 0, 0],
						"0.6667": [0, 0, 0],
						"1.0": ["55+math.sin(q.anim_time*90*64)*1.25", 0, 0],
						"2.75": ["55+math.sin(q.anim_time*90*64)*1.25", 0, 0],
						"3.0": [0, 0, 0]
					}
				},
				"leg_feather_right": {
					"rotation": {
						"0.0": [0, 0, 0],
						"0.75": [0, 0, 0],
						"0.9167": [0, -1.94, 0],
						"1.5": [0, 25, 0],
						"2.5833": [0, 25, 0],
						"3.25": [0, 0, 0]
					}
				},
				"leg_feather_left": {
					"rotation": {
						"0.0": [0, 0, 0],
						"0.75": [0, 0, 0],
						"0.9167": [0, 1.94, 0],
						"1.5": [0, -25, 0],
						"2.5833": [0, -25, 0],
						"3.25": [0, 0, 0]
					}
				},
				"iris_right": {
					"position": {
						"0.625": [0, 0, 0],
						"0.75": {"pre": [0, 0, 0], "post": [-0.1, 0, 0]},
						"3.25": {"pre": [-0.1, 0, 0], "post": [0, 0, 0]}
					}
				},
				"iris_left": {
					"position": {
						"0.625": [0, 0, 0],
						"0.75": {"pre": [0, 0, 0], "post": [0.1, 0, 0]},
						"3.25": {"pre": [0.1, 0, 0], "post": [0, 0, 0]}
					}
				},
				"tail_feather_right": {
					"rotation": {
						"0.0": [0, 0, 0],
						"0.75": [0, 0, 0],
						"0.9167": [0, -1.94, 0],
						"1.5": [0, 25, 0],
						"2.5833": [0, 25, 0],
						"3.25": [0, 0, 0]
					}
				},
				"tail_feather_left": {
					"rotation": {
						"0.0": [0, 0, 0],
						"0.75": [0, 0, 0],
						"0.9167": [0, 1.94, 0],
						"1.5": [0, -25, 0],
						"2.5833": [0, -25, 0],
						"3.25": [0, 0, 0]
					}
				},
				"arm_feather_right": {
					"rotation": {
						"0.0": [0, 0, 0],
						"0.75": [0, 0, 0],
						"0.9167": [0, -0.28, 0],
						"1.5": [0, -35, 0],
						"2.75": [0, -35, 0],
						"3.0": [0, 0, 0]
					}
				},
				"arm_feather_left": {
					"rotation": {
						"0.0": [0, 0, 0],
						"0.75": [0, 0, 0],
						"0.9167": [0, 0.28, 0],
						"1.5": [0, 35, 0],
						"2.5833": [0, 35, 0],
						"3.25": [0, 0, 0]
					}
				},
				"iris_right2": {
					"position": {
						"0.0": [0, 0, 0],
						"0.9167": {"pre": [0, 0, 0], "post": [1, 0, 0]},
						"3.25": {"pre": [1, 0, 0], "post": [0, 0, 0]}
					}
				},
				"iris_left2": {
					"position": {
						"0.0": [0, 0, 0],
						"0.9167": {"pre": [0, 0, 0], "post": [-1, 0, 0]},
						"3.25": {"pre": [-1, 0, 0], "post": [0, 0, 0]}
					}
				}
			}
		}
	}
}