{
	"format_version": "1.8.0",
	"animations": {
		"animation.stellotl.ground_idle": {
			"loop": true,
			"bones": {
				"stellotlbody": {
					"position": [0, "0+math.sin(q.anim_time*90*1.5)*0.75", 0]
				},
				"head": {
					"rotation": ["0+math.sin(q.anim_time*90*1.5-10)*2", 0, 0]
				},
				"fin_left": {
					"rotation": [0, "0+math.sin(q.anim_time*90*1.5+60)*-7.75", "0+math.sin(q.anim_time*90*1.5+60)*-1.5"]
				},
				"fin_right": {
					"rotation": [0, "0+math.sin(q.anim_time*90*1.5+60)*7.75", "0+math.sin(q.anim_time*90*1.5+60)*1.5"]
				},
				"bone2": {
					"rotation": [2, 0, 25]
				},
				"bone3": {
					"rotation": ["-32.5+math.sin(q.anim_time*90*2)*5", 0, 0]
				},
				"bone4": {
					"rotation": ["-25+math.sin(q.anim_time*90*2-30)*7.5", 0, 0]
				},
				"bone5": {
					"rotation": ["-27.5+math.sin(q.anim_time*90*2-60)*10", 0, 0]
				},
				"bone6": {
					"rotation": ["-7.5+math.sin(q.anim_time*90*2-90)*15", 0, 0]
				},
				"bone7": {
					"rotation": ["0+math.sin(q.anim_time*90*2-150)*25", 0, 0]
				},
				"bone8": {
					"rotation": ["0+math.sin(q.anim_time*90*2-180)*40", 0, 0]
				},
				"bone10": {
					"rotation": [0, -2, -25]
				},
				"bone11": {
					"rotation": [0, "-32.5+math.sin(q.anim_time*90*2)*5", 0]
				},
				"bone12": {
					"rotation": [0, "-25+math.sin(q.anim_time*90*2-30)*7.5", 0]
				},
				"bone13": {
					"rotation": [0, "-27.5+math.sin(q.anim_time*90*2-60)*10", 0]
				},
				"bone14": {
					"rotation": [0, "-7.5+math.sin(q.anim_time*90*2-90)*15", 0]
				},
				"bone15": {
					"rotation": [0, "0+math.sin(q.anim_time*90*2-150)*25", 0]
				},
				"bone16": {
					"rotation": [0, "0+math.sin(q.anim_time*90*2-180)*40", 0]
				},
				"arm_left": {
					"rotation": [20.941, "-40.7895+math.sin(q.anim_time*90*1.5-10)*1.5", "-30.3612+math.sin(q.anim_time*90*1.5-30)*4"]
				},
				"arm_right": {
					"rotation": [20.94102, "40.7895+math.sin(q.anim_time*90*1.5-10)*-1.5", "30.3612+math.sin(q.anim_time*90*1.5-30)*-4"]
				},
				"leg_left": {
					"rotation": ["0+math.sin(q.anim_time*90*1.5-15)*-2.7", "0+math.sin(q.anim_time*90*1.5-15)*-1.5", 0]
				},
				"foot_left": {
					"rotation": ["0+math.sin(q.anim_time*90*1.5-10)*-6", 0, 0]
				},
				"leg_right": {
					"rotation": ["0+math.sin(q.anim_time*90*1.5-15)*-2.7", "0+math.sin(q.anim_time*90*1.5-15)*1.5", 0]
				},
				"foot_right": {
					"rotation": ["0+math.sin(q.anim_time*90*1.5-10)*-6", 0, 0]
				},
				"tail": {
					"rotation": ["0+math.sin(q.anim_time*90*1.5-25)*-3.25", "0+math.sin(q.anim_time*90*0.5-25)*1.5", 0]
				},
				"tail_2": {
					"rotation": ["0+math.sin(q.anim_time*90*1.5-50)*-4.25", "0+math.sin(q.anim_time*90*0.5-50)*2.5", 0]
				},
				"tail_3": {
					"rotation": ["0+math.sin(q.anim_time*90*1.5-100)*-4.25", "0+math.sin(q.anim_time*90*0.5-100)*2.5", 0]
				},
				"tail_4": {
					"rotation": ["0+math.sin(q.anim_time*90*1.5-100)*-5.25", 0, 0]
				},
				"fire": {
					"rotation": [0, "0+math.sin(q.anim_time*90*0.5-100)*2.5", 0],
					"scale": ["1+math.sin(q.anim_time*90*8-30)*-0.02", "1+math.sin(q.anim_time*90*8)*0.02", "1+math.sin(q.anim_time*90*8-60)*-0.02"]
				},
				"fire2": {
					"rotation": [0, "0+math.sin(q.anim_time*90*3-100)*5", 0]
				}
			}
		},
		"animation.stellotl.shoulder_right": {
			"loop": true,
			"bones": {
				"head": {
					"rotation": ["0.0003+math.sin(q.anim_time*90*1.5-10)*2", 0.01515, 2.49995]
				},
				"fin_left": {
					"rotation": [0, "0+math.sin(q.anim_time*90*1.5+60)*-7.75", "0+math.sin(q.anim_time*90*1.5+60)*-1.5"]
				},
				"fin_right": {
					"rotation": [0, "0+math.sin(q.anim_time*90*1.5+60)*7.75", "0+math.sin(q.anim_time*90*1.5+60)*1.5"]
				},
				"bone2": {
					"rotation": [2, 0, 25]
				},
				"bone3": {
					"rotation": ["-32.5+math.sin(q.anim_time*90*2)*5", 0, 0]
				},
				"bone4": {
					"rotation": ["-25+math.sin(q.anim_time*90*2-30)*7.5", 0, 0]
				},
				"bone5": {
					"rotation": ["-27.5+math.sin(q.anim_time*90*2-60)*10", 0, 0]
				},
				"bone6": {
					"rotation": ["-7.5+math.sin(q.anim_time*90*2-90)*15", 0, 0]
				},
				"bone7": {
					"rotation": ["0+math.sin(q.anim_time*90*2-150)*25", 0, 0]
				},
				"bone8": {
					"rotation": ["0+math.sin(q.anim_time*90*2-180)*40", 0, 0]
				},
				"bone10": {
					"rotation": [0, -2, -25]
				},
				"bone11": {
					"rotation": [0, "-32.5+math.sin(q.anim_time*90*2)*5", 0]
				},
				"bone12": {
					"rotation": [0, "-25+math.sin(q.anim_time*90*2-30)*7.5", 0]
				},
				"bone13": {
					"rotation": [0, "-27.5+math.sin(q.anim_time*90*2-60)*10", 0]
				},
				"bone14": {
					"rotation": [0, "-7.5+math.sin(q.anim_time*90*2-90)*15", 0]
				},
				"bone15": {
					"rotation": [0, "0+math.sin(q.anim_time*90*2-150)*25", 0]
				},
				"bone16": {
					"rotation": [0, "0+math.sin(q.anim_time*90*2-180)*40", 0]
				},
				"arm_left": {
					"rotation": [0, -112.5, 0],
					"position": [1.25, 0, 0]
				},
				"arm_right": {
					"rotation": [0, 112.5, 0],
					"position": [-1.5, 0, 0]
				},
				"leg_left": {
					"rotation": [10, 0, 0]
				},
				"foot_left": {
					"rotation": ["0+math.sin(q.anim_time*90*1.5-10)*-6", 0, 0]
				},
				"leg_right": {
					"rotation": [15, 0, 0]
				},
				"foot_right": {
					"rotation": ["0+math.sin(q.anim_time*90*1.5-10)*-6", 0, 0]
				},
				"tail": {
					"rotation": ["0.0527+math.sin(q.anim_time*90*1.5-25)*-3.25", "-14.9956+math.sin(q.anim_time*90*0.5-25)*1.5", -0.36911]
				},
				"tail_2": {
					"rotation": ["0.0698+math.sin(q.anim_time*90*1.5-50)*-4.25", "-9.9836+math.sin(q.anim_time*90*0.5-50)*2.5", -0.57746]
				},
				"tail_3": {
					"rotation": ["0+math.sin(q.anim_time*90*1.5-100)*-4.25", "0+math.sin(q.anim_time*90*0.5-100)*2.5", 0]
				},
				"tail_4": {
					"rotation": ["0+math.sin(q.anim_time*90*1.5-100)*-5.25", 0, 0]
				},
				"fire": {
					"rotation": [0, "-7.5+math.sin(q.anim_time*90*0.5-100)*2.5", 0],
					"scale": ["1+math.sin(q.anim_time*90*8-30)*-0.02", "1+math.sin(q.anim_time*90*8)*0.02", "1+math.sin(q.anim_time*90*8-60)*-0.02"]
				},
				"fire2": {
					"rotation": [0, "0+math.sin(q.anim_time*90*3-100)*5", 0]
				},
				"stellotl": {
					"rotation": [0, 0, -13.5],
					"position": [-2, -12.05, 1.75]
				},
				"body": {
					"rotation": [22.5, 0, 0],
					"position": [0, 0.75, 0]
				}
			}
		},
		"animation.stellotl.shoulder_left": {
			"loop": true,
			"bones": {
				"head": {
					"rotation": ["0.0003+math.sin(q.anim_time*90*1.5-10)*2", -0.01515, -2.49995]
				},
				"fin_left": {
					"rotation": [0, "0+math.sin(q.anim_time*90*1.5+60)*-7.75", "0+math.sin(q.anim_time*90*1.5+60)*-1.5"]
				},
				"fin_right": {
					"rotation": [0, "0+math.sin(q.anim_time*90*1.5+60)*7.75", "0+math.sin(q.anim_time*90*1.5+60)*1.5"]
				},
				"bone2": {
					"rotation": [2, 0, 25]
				},
				"bone3": {
					"rotation": ["-32.5+math.sin(q.anim_time*90*2)*5", 0, 0]
				},
				"bone4": {
					"rotation": ["-25+math.sin(q.anim_time*90*2-30)*7.5", 0, 0]
				},
				"bone5": {
					"rotation": ["-27.5+math.sin(q.anim_time*90*2-60)*10", 0, 0]
				},
				"bone6": {
					"rotation": ["-7.5+math.sin(q.anim_time*90*2-90)*15", 0, 0]
				},
				"bone7": {
					"rotation": ["0+math.sin(q.anim_time*90*2-150)*25", 0, 0]
				},
				"bone8": {
					"rotation": ["0+math.sin(q.anim_time*90*2-180)*40", 0, 0]
				},
				"bone10": {
					"rotation": [0, -2, -25]
				},
				"bone11": {
					"rotation": [0, "-32.5+math.sin(q.anim_time*90*2)*5", 0]
				},
				"bone12": {
					"rotation": [0, "-25+math.sin(q.anim_time*90*2-30)*7.5", 0]
				},
				"bone13": {
					"rotation": [0, "-27.5+math.sin(q.anim_time*90*2-60)*10", 0]
				},
				"bone14": {
					"rotation": [0, "-7.5+math.sin(q.anim_time*90*2-90)*15", 0]
				},
				"bone15": {
					"rotation": [0, "0+math.sin(q.anim_time*90*2-150)*25", 0]
				},
				"bone16": {
					"rotation": [0, "0+math.sin(q.anim_time*90*2-180)*40", 0]
				},
				"arm_left": {
					"rotation": [0, -112.5, 0],
					"position": [1.25, 0, 0]
				},
				"arm_right": {
					"rotation": [0, 112.5, 0],
					"position": [-1.5, 0, 0]
				},
				"leg_left": {
					"rotation": [15, 0, 0]
				},
				"foot_left": {
					"rotation": ["0+math.sin(q.anim_time*90*1.5-10)*-6", 0, 0]
				},
				"leg_right": {
					"rotation": [10, 0, 0]
				},
				"foot_right": {
					"rotation": ["0+math.sin(q.anim_time*90*1.5-10)*-6", 0, 0]
				},
				"tail": {
					"rotation": ["math.sin(q.anim_time*90*1.5-25)*-3.2205", "12.4965+math.sin(q.anim_time*90*0.5-25)*1.5", 0.30168]
				},
				"tail_2": {
					"rotation": ["math.sin(q.anim_time*90*1.5-50)*-4.2399", "4.9906+math.sin(q.anim_time*90*0.5-50)*2.5", 0.31224]
				},
				"tail_3": {
					"rotation": ["0+math.sin(q.anim_time*90*1.5-100)*-4.25", "0+math.sin(q.anim_time*90*0.5-100)*2.5", 0]
				},
				"tail_4": {
					"rotation": ["0+math.sin(q.anim_time*90*1.5-100)*-5.25", 0, 0]
				},
				"fire": {
					"rotation": [0, "2.5+math.sin(q.anim_time*90*0.5-100)*2.5", 0],
					"scale": ["1+math.sin(q.anim_time*90*8-30)*-0.02", "1+math.sin(q.anim_time*90*8)*0.02", "1+math.sin(q.anim_time*90*8-60)*-0.02"]
				},
				"fire2": {
					"rotation": [0, "0+math.sin(q.anim_time*90*3-100)*5", 0]
				},
				"stellotl": {
					"rotation": [0, 0, 13.5],
					"position": [2, -12.05, 1.75]
				},
				"body": {
					"rotation": [22.5, 0, 0],
					"position": [0, 0.75, 0]
				},
				"tail_1": {
					"rotation": [0, -2.5, 0]
				}
			}
		},
		"animation.stellotl.battle_idle": {
			"loop": true,
			"bones": {
				"stellotlbody": {
					"position": [0, "5+math.sin(q.anim_time*90*2)*0.75", 0]
				},
				"head": {
					"rotation": ["0+math.sin(q.anim_time*90*2-10)*2", 0, 0],
					"position": [0, -0.3, 0]
				},
				"fin_left": {
					"rotation": [0, "0+math.sin(q.anim_time*90*2+60)*-7.75", "0+math.sin(q.anim_time*90*2+60)*-1.5"]
				},
				"fin_right": {
					"rotation": [0, "0+math.sin(q.anim_time*90*2+60)*7.75", "0+math.sin(q.anim_time*90*2+60)*1.5"]
				},
				"bone2": {
					"rotation": [2, 0, 25]
				},
				"bone3": {
					"rotation": ["-32.5+math.sin(q.anim_time*90*2.5)*5", 0, 0]
				},
				"bone4": {
					"rotation": ["-25+math.sin(q.anim_time*90*2.5-30)*7.5", 0, 0]
				},
				"bone5": {
					"rotation": ["-27.5+math.sin(q.anim_time*90*2.5-60)*10", 0, 0]
				},
				"bone6": {
					"rotation": ["-7.5+math.sin(q.anim_time*90*2.5-90)*15", 0, 0]
				},
				"bone7": {
					"rotation": ["0+math.sin(q.anim_time*90*2.5-150)*25", 0, 0]
				},
				"bone8": {
					"rotation": ["0+math.sin(q.anim_time*90*2.5-180)*40", 0, 0]
				},
				"bone10": {
					"rotation": [0, -2, -25]
				},
				"bone11": {
					"rotation": [0, "-32.5+math.sin(q.anim_time*90*2.5)*5", 0]
				},
				"bone12": {
					"rotation": [0, "-25+math.sin(q.anim_time*90*2.5-30)*7.5", 0]
				},
				"bone13": {
					"rotation": [0, "-27.5+math.sin(q.anim_time*90*2.5-60)*10", 0]
				},
				"bone14": {
					"rotation": [0, "-7.5+math.sin(q.anim_time*90*2.5-90)*15", 0]
				},
				"bone15": {
					"rotation": [0, "0+math.sin(q.anim_time*90*2.5-150)*25", 0]
				},
				"bone16": {
					"rotation": [0, "0+math.sin(q.anim_time*90*2.5-180)*40", 0]
				},
				"arm_left": {
					"rotation": [14.45101, "-43.0759+math.sin(q.anim_time*90*2-10)*1.5", "-20.7127+math.sin(q.anim_time*90*2-30)*4"]
				},
				"arm_right": {
					"rotation": [14.45104, "43.0759+math.sin(q.anim_time*90*2-10)*-1.5", "20.7127+math.sin(q.anim_time*90*2-30)*-4"]
				},
				"leg_left": {
					"rotation": ["0+math.sin(q.anim_time*90*2-15)*-2.7", "0+math.sin(q.anim_time*90*2-15)*-1.5", 0]
				},
				"foot_left": {
					"rotation": ["0+math.sin(q.anim_time*90*2-10)*-6", 0, 0]
				},
				"leg_right": {
					"rotation": ["0+math.sin(q.anim_time*90*2-15)*-2.7", "0+math.sin(q.anim_time*90*2-15)*1.5", 0]
				},
				"foot_right": {
					"rotation": ["0+math.sin(q.anim_time*90*2-10)*-6", 0, 0]
				},
				"tail": {
					"rotation": ["0+math.sin(q.anim_time*90*1.5-25)*-3.25", "0+math.sin(q.anim_time*90*0.5-25)*1.5", 0]
				},
				"tail_2": {
					"rotation": ["0+math.sin(q.anim_time*90*1.5-50)*-4.25", "0+math.sin(q.anim_time*90*0.5-50)*2.5", 0]
				},
				"tail_3": {
					"rotation": ["0+math.sin(q.anim_time*90*1.5-100)*-4.25", "0+math.sin(q.anim_time*90*0.5-100)*2.5", 0]
				},
				"tail_4": {
					"rotation": ["0+math.sin(q.anim_time*90*1.5-100)*-5.25", 0, 0]
				},
				"fire": {
					"rotation": [0, "0+math.sin(q.anim_time*90*0.5-100)*2.5", 0],
					"scale": ["1+math.sin(q.anim_time*90*8-30)*-0.02", "1+math.sin(q.anim_time*90*8)*0.02", "1+math.sin(q.anim_time*90*8-60)*-0.02"]
				},
				"fire2": {
					"rotation": [0, "0+math.sin(q.anim_time*90*3-100)*5", 0]
				},
				"body": {
					"rotation": [12.5, 0, 0],
					"position": [0, 0, 0]
				},
				"eye_angry_left": {
					"position": [0, 0, -0.1]
				},
				"eye_angry_right": {
					"position": [0, 0, -0.1]
				}
			}
		},
		"animation.stellotl.blink": {
			"animation_length": 0.2083,
			"bones": {
				"inner_eyelid_left": {
					"position": {
						"0.0": [0.1, 0, 0],
						"0.125": [0.1, 0, 0],
						"0.1667": [0, 0, 0]
					}
				},
				"inner_eyelid_right": {
					"position": {
						"0.0": [-0.1, 0, 0],
						"0.125": [-0.1, 0, 0],
						"0.1667": [0, 0, 0]
					}
				},
				"eye_right": {
					"position": {
						"0.0": [0, 0, 0.1],
						"0.125": [0, 0, 0.1],
						"0.1667": [0, 0, 0]
					}
				},
				"eye_left": {
					"position": {
						"0.0": [0, 0, 0.1],
						"0.125": [0, 0, 0.1],
						"0.1667": [0, 0, 0]
					}
				},
				"eye_lid_left": {
					"position": {
						"0.0": [0, 0, -0.2],
						"0.125": [0, 0, -0.2],
						"0.1667": [0, 0, 0.1]
					}
				},
				"eye_lid_right": {
					"position": {
						"0.0": [0, 0, -0.2],
						"0.125": [0, 0, -0.2],
						"0.1667": [0, 0, 0.2]
					}
				}
			}
		},
		"animation.stellotl.cry": {
			"animation_length": 2.0417,
			"bones": {
				"stellotlbody": {
					"rotation": {
						"0.0": [0, 0, 0],
						"0.25": [18.5, 0, 0],
						"0.5": [-18, 0, 0],
						"1.25": [-18, 0, 0],
						"1.5": [10.5, 0, 0],
						"2.0": [0, 0, 0]
					},
					"position": {
						"0.0": [0, 0, 0],
						"0.25": [0, -1.73, 0],
						"0.5": [0, 1.71, 0],
						"0.625": [0, 1, 0],
						"0.7917": [0, 1.71, 0],
						"0.9583": [0, 1.2, 0],
						"1.25": [0, 1.71, 0],
						"1.5": [0, -1.86, 0],
						"2.0": [0, 0, 0]
					}
				},
				"head": {
					"rotation": {
						"0.0": [0, 0, 0],
						"0.25": [20.5, 0, 0],
						"0.5": [-28, 0, 0],
						"0.625": [-28.94861, 14.08572, -7.667],
						"0.7917": [-28.2749, 4.80242, -2.5922],
						"1.0417": [-28.77514, -11.5367, 6.25372],
						"1.25": [-28.615, -9.61894, 5.22826],
						"1.375": [-28, 0, 0],
						"1.5417": [0, 0, 0],
						"1.5833": [15, 0, 0],
						"1.8333": [0, 0, 0]
					},
					"position": {
						"0.0": [0, 0, 0],
						"0.25": [0, 0, -0.4],
						"0.5": [0, 0, 0]
					}
				},
				"mouth": {
					"position": {
						"0.0": [0, 0, 0],
						"0.2917": [0, 0, 0],
						"0.4167": [0, 0, 0.6],
						"1.2917": [0, 0, 0.6],
						"1.375": [0, 0, 0]
					}
				},
				"fin_left": {
					"rotation": {
						"0.0": [0, 0, 0],
						"0.25": [0, -50, 0],
						"0.5": [0, 22.5, 0],
						"1.2917": [0, 0, 0],
						"1.5": [0, 0, 0],
						"1.625": [0, -22.5, 0],
						"2.0": [0, 0, 0]
					}
				},
				"fin_right": {
					"rotation": {
						"0.0": [0, 0, 0],
						"0.25": [0, 50, 0],
						"0.5": [0, -22.5, 0],
						"1.2917": [0, 0, 0],
						"1.5": [0, 0, 0],
						"1.625": [0, 22.5, 0],
						"2.0": [0, 0, 0]
					}
				},
				"arm_left": {
					"rotation": {
						"0.0": [0, 0, 0],
						"0.25": {
							"pre": [0.3107, -75.4534, -120.48811],
							"post": [0.3107, -75.4534, -120.48811],
							"lerp_mode": "catmullrom"
						},
						"0.5833": {
							"post": [0.32652, 2.4786, 7.50706],
							"lerp_mode": "catmullrom"
						},
						"1.3333": [0, -32.5, 0],
						"2.0417": [0, 0, 0]
					}
				},
				"arm_right": {
					"rotation": {
						"0.0": [0, 0, 0],
						"0.25": {
							"pre": [0.2461, 79.40859, 134.75386],
							"post": [0.2461, 79.40859, 134.75386],
							"lerp_mode": "catmullrom"
						},
						"0.5833": {
							"post": [-0.32652, 2.4786, -7.50706],
							"lerp_mode": "catmullrom"
						},
						"1.3333": [0, 27.5, 0],
						"2.0417": [0, 0, 0]
					}
				},
				"leg_left": {
					"rotation": {
						"0.0": [0, 0, 0],
						"0.25": [-65, 0, 0],
						"0.5": [10, 0, 0],
						"1.25": [10, 0, 0],
						"1.5833": [-40.41667, 3.79167, 0],
						"2.0": [0, 0, 0]
					}
				},
				"foot_left": {
					"rotation": {
						"0.0": [0, 0, 0],
						"0.1667": [-22.5, 0, 0],
						"0.5833": [22.5, 0, 0],
						"1.3333": [22.5, 0, 0],
						"1.5833": [-4.82, 0, 0],
						"1.6667": [0, 0, 0]
					}
				},
				"leg_right": {
					"rotation": {
						"0.0": [0, 0, 0],
						"0.25": [-66.5, 0, 0],
						"0.5": [1.04029, -15.9975, -0.28673],
						"1.25": [1.04029, -15.9975, -0.28673],
						"1.5833": [-44.5232, -7.33219, -0.13142],
						"2.0": [0, 0, 0]
					}
				},
				"foot_right": {
					"rotation": {
						"0.0": [0, 0, 0],
						"0.1667": [-22.5, 0, 0],
						"0.5833": [22.5, 0, 0],
						"1.3333": [22.5, 0, 0],
						"1.5833": [-4.82, 0, 0],
						"1.6667": [0, 0, 0]
					}
				},
				"tail": {
					"rotation": {
						"0.0": [0, 0, 0],
						"0.25": [27.5, 0, 0],
						"0.5": [5, 0, 0],
						"0.75": [5.07673, 9.96156, 0.88045],
						"1.0": [0, 0, 0],
						"1.3333": [0, 0, 0],
						"1.5833": [23, 0, 0],
						"1.75": [0, 0, 0],
						"2.0": [0, 0, 0]
					}
				},
				"tail_1": {
					"rotation": {
						"0.0": [0, 0, 0],
						"1.0": [0, -15, 0],
						"1.125": [0, -16.25, 0],
						"1.5": [0, 0, 0]
					}
				},
				"tail_2": {
					"rotation": {
						"0.0": [0, 0, 0],
						"0.25": [9, 0, 0],
						"0.75": [9.13652, 9.87564, 1.58002],
						"1.0": [0, -14, 0],
						"1.5": [0, 0, 0],
						"2.0": [0, 0, 0]
					}
				},
				"tail_3": {
					"rotation": {
						"0.0": [0, 0, 0],
						"0.25": [27.5, 0, 0],
						"0.5": [5, 0, 0],
						"0.75": [5.04292, 7.4713, 0.6574],
						"1.0": [0, -11, 0],
						"1.5": [0, 0, 0],
						"2.0": [0, 0, 0]
					}
				},
				"tail_4": {
					"rotation": {
						"0.0": [0, 0, 0],
						"0.75": [0, 10, 0],
						"1.0": [0, -8, 0],
						"1.5": [0, 0, 0],
						"2.0": [0, 0, 0]
					}
				},
				"tail_5": {
					"rotation": {
						"0.0": [0, 0, 0],
						"0.75": [0, 7.5, 0],
						"1.5": [0, 0, 0]
					}
				},
				"eye_right": {
					"position": {
						"0.0": [0, 0, 0],
						"0.25": {
							"pre": [0, 0, 0],
							"post": [0, 0, 0.1]
						},
						"0.3333": {
							"pre": [0, 0, 0.1],
							"post": [0, 0, 0]
						},
						"1.625": {
							"pre": [0, 0, 0],
							"post": [0, 0, 0.1]
						},
						"1.7083": {
							"pre": [0, 0, 0.1],
							"post": [0, 0, 0]
						}
					}
				},
				"eye_left": {
					"position": {
						"0.0": [0, 0, 0],
						"0.25": {
							"pre": [0, 0, 0],
							"post": [0, 0, 0.1]
						},
						"0.3333": {
							"pre": [0, 0, 0.1],
							"post": [0, 0, 0]
						},
						"1.625": {
							"pre": [0, 0, 0],
							"post": [0, 0, 0.1]
						},
						"1.7083": {
							"pre": [0, 0, 0.1],
							"post": [0, 0, 0]
						}
					}
				},
				"eye_lid_left": {
					"rotation": {
						"0.0": [0, 0, 0],
						"0.25": [0, 0, 12.5],
						"1.625": [0, 0, 0]
					},
					"position": {
						"0.2083": [0, 0, 0],
						"0.25": [0, 0, -0.2],
						"0.2917": [0, 0, -0.2],
						"0.3333": [0, 0, 0],
						"1.5833": [0, 0, 0],
						"1.625": [0, 0, -0.2],
						"1.6667": [0, 0, -0.2],
						"1.7083": [0, 0, 0]
					}
				},
				"eye_lid_right": {
					"rotation": {
						"0.0": [0, 0, 0],
						"0.25": [0, 0, -12.5],
						"1.625": [0, 0, 0]
					},
					"position": {
						"0.2083": [0, 0, 0],
						"0.25": [0, 0, -0.2],
						"0.2917": [0, 0, -0.2],
						"0.3333": [0, 0, 0],
						"1.5833": [0, 0, 0],
						"1.625": [0, 0, -0.2],
						"1.6667": [0, 0, -0.2],
						"1.7083": [0, 0, 0]
					}
				},
				"mouth_open": {
					"position": {
						"0.0": [0, 0, 0],
						"0.5": {
							"pre": [0, 0, 0],
							"post": [0, 0, -0.2]
						},
						"0.75": {
							"pre": [0, 0, -0.2],
							"post": [0, 0, 0]
						}
					}
				},
				"fire": {
					"rotation": {
						"0.0": [0, 0, 0],
						"0.6667": [0, 0, 0],
						"0.7917": [0, 14.5, 0],
						"1.0": [0, -36.5, 0],
						"1.125": [0, -26.5, 0],
						"1.5": [0, 0, 0]
					},
					"position": {
						"0.0": [0, 0, 0],
						"0.6667": [0, 0, 0],
						"0.7917": [-0.38, 0, 0],
						"1.0": [1, 0, 0],
						"1.125": [0, 0, 0],
						"1.5": [0, 0, 0]
					},
					"scale": ["1+math.sin(q.anim_time*90*8-30)*-0.02", "1+math.sin(q.anim_time*90*8)*0.02", "1+math.sin(q.anim_time*90*8-60)*-0.02"]
				},
				"antennas": {
					"rotation": [0, 0, 0]
				},
				"mouth_open_small": {
					"position": {
						"0.0": [0, 0, 0],
						"0.3333": {
							"pre": [0, 0, 0],
							"post": [0, 0, -0.1]
						},
						"0.5": {
							"pre": [0, 0, -0.1],
							"post": [0, 0, 0]
						}
					}
				},
				"mouth_smile": {
					"position": {
						"0.0": [0, 0, 0],
						"0.75": {
							"pre": [0, 0, 0],
							"post": [0, 0, -0.1]
						},
						"1.375": {
							"pre": [0, 0, -0.1],
							"post": [0, 0, 0]
						}
					}
				},
				"mouth_smile2": {
					"position": {
						"0.0": [0, 0, 0],
						"0.25": {
							"pre": [0, 0, 0],
							"post": [0, 0, 0.1]
						},
						"1.3333": {
							"pre": [0, 0, 0.1],
							"post": [0, 0, 0]
						}
					}
				}
			},
			"sound_effects": {
				"0.2083": {
					"effect": "pokemon.stellotl.cry"
				}
			}
		},
		"animation.stellotl.sleep": {
			"loop": true,
			"animation_length": 8,
			"bones": {
				"stellotlbody": {
					"rotation": [92, 0, 0],
					"position": [0, -10.8, -1]
				},
				"head": {
					"rotation": ["-75+math.sin(q.anim_time*90*0.5-10)*-3", -8, "31+math.sin(q.anim_time*90*0.5-10)*-1"],
					"position": [0, 1, -1]
				},
				"mouth": {
					"position": {
						"0.0": [0, 0, 0.1],
						"3.0": {
							"pre": [0, 0, 0.1],
							"post": [0, 0, 0]
						}
					}
				},
				"fin_left": {
					"rotation": [-31.5, "-66+math.sin(q.anim_time*90*0.5-30)*-5", 32]
				},
				"fin_right": {
					"rotation": [-7.5, "60+math.sin(q.anim_time*90*0.5-30)*5", -20]
				},
				"bone2": {
					"rotation": [0, 0, 35]
				},
				"bone3": {
					"rotation": ["-32.5+math.sin(q.anim_time*90*1)*5", 0, 0]
				},
				"bone4": {
					"rotation": ["-25+math.sin(q.anim_time*90*1-30)*7.5", 0, 0]
				},
				"bone5": {
					"rotation": ["-27.5+math.sin(q.anim_time*90*1-60)*10", 0, 0]
				},
				"bone6": {
					"rotation": ["-7.5+math.sin(q.anim_time*90*1-90)*15", 0, 0]
				},
				"bone7": {
					"rotation": ["0+math.sin(q.anim_time*90*1-150)*25", 0, 0]
				},
				"bone8": {
					"rotation": ["0+math.sin(q.anim_time*90*1-180)*40", 0, 0]
				},
				"bone9": {
					"rotation": [0, 0, 0]
				},
				"bone10": {
					"rotation": [0, 0, -35]
				},
				"bone11": {
					"rotation": [0, "-32.5+math.sin(q.anim_time*90*1)*5", 0]
				},
				"bone12": {
					"rotation": [0, "-25+math.sin(q.anim_time*90*1-30)*7.5", 0]
				},
				"bone13": {
					"rotation": [0, "-27.5+math.sin(q.anim_time*90*1-60)*10", 0]
				},
				"bone14": {
					"rotation": [0, "-7.5+math.sin(q.anim_time*90*1-90)*15", 0]
				},
				"bone15": {
					"rotation": [0, "0+math.sin(q.anim_time*90*1-150)*25", 0]
				},
				"bone16": {
					"rotation": [0, "0+math.sin(q.anim_time*90*1-180)*40", 0]
				},
				"body": {
					"position": [0, 0, "0+math.sin(q.anim_time*90*0.5)*0.1"]
				},
				"arm_left": {
					"rotation": [-100.80524, -22.13991, 94.11405],
					"position": [0.25, 0, "0.5+math.sin(q.anim_time*90*0.5)*-0.1"]
				},
				"arm_right": {
					"rotation": [-100.03742, 4.92385, -90.87038],
					"position": [-0.75, 0, "0+math.sin(q.anim_time*90*0.5)*-0.1"]
				},
				"leg_left": {
					"rotation": [-122.5, 0, 0],
					"position": [-0.25, 0.75, "0.75+math.sin(q.anim_time*90*0.5)*-0.1"]
				},
				"foot_left": {
					"rotation": [-25, 0, 0],
					"position": [0, 0.75, 0]
				},
				"leg_right": {
					"rotation": [-103.36965, 6.86379, 26.69458],
					"position": [0.5, 0.25, "0.65+math.sin(q.anim_time*90*0.5)*-0.1"]
				},
				"foot_right": {
					"rotation": [-43.86081, -5.24826, -11.97761],
					"position": [0, 0.75, 0]
				},
				"tail": {
					"rotation": [-90, 0, 0]
				},
				"tail_1": {
					"rotation": ["1.1+math.sin(q.anim_time*90*0.5)*-1", 21.6, 6.1],
					"position": [-0.5, -1.75, 0.75]
				},
				"tail_2": {
					"rotation": ["-8.5+math.sin(q.anim_time*90*0.5)*-0.5", 15.8, -7.5],
					"position": [0, 0, 0]
				},
				"tail_3": {
					"rotation": ["-16+math.sin(q.anim_time*90*0.5-30)*-2", 32, -0.6],
					"position": [0, 0, -0.25]
				},
				"tail_4": {
					"rotation": [-20, 0, 0],
					"position": [0, -1, 0]
				},
				"tail_5": {
					"rotation": [52.5, 0, 0],
					"position": [0, -0.25, 0]
				},
				"eye_right": {
					"position": [0, 0, 0.2]
				},
				"eye_left": {
					"position": [0, 0, 0.1]
				},
				"eye_lid_left": {
					"position": [0, 0, -0.2]
				},
				"eye_lid_right": {
					"position": [0, 0, -0.2]
				},
				"fire": {
					"rotation": [-45, 0, 0],
					"position": [0, 0, -4.25],
					"scale": 0
				},
				"mouth_open_small": {
					"position": {
						"0.0": [0, 0, -0.1],
						"3.0": {
							"pre": [0, 0, -0.1],
							"post": [0, 0, 0]
						}
					}
				}
			}
		},
		"animation.stellotl.ground_walk": {
			"loop": true,
			"animation_length": 1.25,
			"bones": {
				"stellotlbody": {
					"rotation": ["0+math.sin(q.anim_time*90*3.2-60)*0.95", 0, "0+math.sin(q.anim_time*90*3.2-30)*1.2"],
					"position": [0, "0+math.sin(q.anim_time*90*3.2)*0.85", 0]
				},
				"head": {
					"rotation": ["0+math.sin(q.anim_time*90*3.2-60)*-0.95", 0, 0]
				},
				"fin_left": {
					"rotation": [0, "22.5+math.sin(q.anim_time*90*6.4-30)*-2", 0]
				},
				"fin_right": {
					"rotation": [0, "-22.5+math.sin(q.anim_time*90*6.4-30)*2", 0]
				},
				"antennas": {
					"rotation": [0, 0, 0]
				},
				"bone2": {
					"rotation": [0, 0, 30]
				},
				"bone3": {
					"rotation": ["-32.5+math.sin(q.anim_time*90*3.2)*5", 0, 0]
				},
				"bone4": {
					"rotation": ["-25+math.sin(q.anim_time*90*3.2-30)*7.5", 0, 0]
				},
				"bone5": {
					"rotation": ["-27.5+math.sin(q.anim_time*90*3.2-60)*10", 0, 0]
				},
				"bone6": {
					"rotation": ["-7.5+math.sin(q.anim_time*90*3.2-90)*15", 0, 0]
				},
				"bone7": {
					"rotation": ["0+math.sin(q.anim_time*90*3.2-150)*25", 0, 0]
				},
				"bone8": {
					"rotation": ["0+math.sin(q.anim_time*90*3.2-180)*40", 0, 0]
				},
				"bone10": {
					"rotation": [0, 0, -30]
				},
				"bone11": {
					"rotation": [0, "-32.5+math.sin(q.anim_time*90*3.2)*5", 0]
				},
				"bone12": {
					"rotation": [0, "-25+math.sin(q.anim_time*90*3.2-30)*7.5", 0]
				},
				"bone13": {
					"rotation": [0, "-27.5+math.sin(q.anim_time*90*3.2-60)*10", 0]
				},
				"bone14": {
					"rotation": [0, "-7.5+math.sin(q.anim_time*90*3.2-90)*15", 0]
				},
				"bone15": {
					"rotation": [0, "0+math.sin(q.anim_time*90*3.2-150)*25", 0]
				},
				"bone16": {
					"rotation": [0, "0+math.sin(q.anim_time*90*3.2-180)*40", 0]
				},
				"body": {
					"rotation": [32.5, 0, 0],
					"position": [0, 1.25, 0.5]
				},
				"arm_left": {
					"rotation": [0, "22.5+math.sin(q.anim_time*90*3.2-60)*-5", 0]
				},
				"arm_right": {
					"rotation": [0, "-22.5+math.sin(q.anim_time*90*3.2-60)*5", 0]
				},
				"tail": {
					"rotation": ["-22.5+math.sin(q.anim_time*90*3.2-30)*3", 0, 0]
				},
				"tail_2": {
					"rotation": ["0+math.sin(q.anim_time*90*3.2-90)*3", 0, 0]
				},
				"tail_3": {
					"rotation": ["0+math.sin(q.anim_time*90*3.2-150)*5", 0, 0]
				},
				"tail_4": {
					"rotation": [0, 0, 0]
				},
				"tail_1": {
					"rotation": [7.5, 0, 0]
				},
				"fire": {
					"position": [0, 0.25, -2.25],
					"scale": ["1+math.sin(q.anim_time*90*12-30)*-0.02", "1+math.sin(q.anim_time*90*12)*0.02", "1+math.sin(q.anim_time*90*12-60)*-0.02"]
				},
				"legs": {
					"rotation": ["0+math.sin(q.anim_time*90*3.2-60)*3", 0, 0]
				},
				"foot_left": {
					"rotation": ["0+math.sin(q.anim_time*90*3.2-90)*3.5", 0, 0]
				},
				"foot_right": {
					"rotation": ["0+math.sin(q.anim_time*90*3.2-90)*3.5", 0, 0]
				}
			}
		},
		"animation.stellotl.physical": {
			"animation_length": 2,
			"bones": {
				"stellotlbody": {
					"rotation": {
						"0.5": [0, 0, 0],
						"0.7083": [10, 0, 0],
						"0.7917": [13, 0, 0],
						"1.0": [13, 0, 0],
						"1.125": [29.88, 0, 0],
						"1.1667": [46.75, 0, 0],
						"1.2083": [45.75, 0, 0],
						"1.4583": [13, 0, 0],
						"2.0": [0, 0, 0]
					},
					"position": {
						"0.5": [0, 0, 0],
						"0.7083": [0, 3.75, 4.5],
						"0.7917": [0, 4.65, 5.3],
						"1.0": [0, 4.65, 5.3],
						"1.1667": [0, -1.35, -13.2],
						"1.25": [0, -1.35, -24.7],
						"1.3333": [0, -1.02, -22.16],
						"1.4583": [0, 0.65, -10.95],
						"1.8333": [0, 0.12, -1.24],
						"2.0": [0, 0, 0]
					}
				},
				"head": {
					"rotation": {
						"0.5": [0, 0, 0],
						"1.0833": [20.64, 0, 0],
						"1.2083": [-36.5, 0, 0],
						"1.2917": [0, 0, 0],
						"1.375": [8, 0, 0],
						"1.4167": [0, 0, 0],
						"1.5833": [0, 0, 0]
					},
					"position": [0, 0, -0.6]
				},
				"eye_right": {
					"position": {
						"1.1667": [0, 0, 0],
						"1.2083": [0, 0, 0.2],
						"1.2917": [0, 0, 0]
					}
				},
				"eye_left": {
					"position": {
						"1.1667": [0, 0, 0],
						"1.2083": [0, 0, 0.2],
						"1.2917": [0, 0, 0]
					}
				},
				"eye_lid_left": {
					"rotation": {
						"0.25": [0, 0, 0],
						"1.2083": [0, 0, 5]
					},
					"position": {
						"1.1667": [0, 0, 0],
						"1.2083": [0, 0, -0.2],
						"1.3333": [0, 0, 0],
						"1.375": [0, 0, 0]
					}
				},
				"eye_lid_right": {
					"rotation": {
						"0.25": [0, 0, 0],
						"1.2083": [0, 0, -5]
					},
					"position": {
						"1.1667": [0, 0, 0],
						"1.2083": [0, 0, -0.2],
						"1.3333": [0, 0, 0],
						"1.375": [0, 0, 0]
					}
				},
				"mouth": {
					"position": {
						"1.0833": [0, 0, 0],
						"1.125": [0, 0, 0.3],
						"1.4167": [0, 0, 0.3],
						"1.4583": [0, 0, 0]
					}
				},
				"fin_left": {
					"rotation": {
						"0.5": [0, 0, 0],
						"0.75": [0, -67.5, 0],
						"0.9583": [0, -67.5, 0],
						"1.2083": [0, 22.5, 0],
						"1.3333": [0, 0, 0],
						"1.5": [0, -22.5, 0],
						"2.0": [0, 0, 0]
					}
				},
				"fin_right": {
					"rotation": {
						"0.5": [0, 0, 0],
						"0.75": [0, 45, 0],
						"0.9583": [0, 45, 0],
						"1.125": [0, -22.5, 0],
						"1.4167": [0, 22.5, 0],
						"1.75": [0, 0, 0]
					}
				},
				"antennas": {
					"rotation": [0, 0, 0]
				},
				"bone2": {
					"rotation": {
						"0.5": [0, 0, 22.5],
						"0.7917": [-22.5, 0, 22.5],
						"1.0": [-22.5, 0, 22.5],
						"1.125": [-45, 0, 22.5],
						"1.2083": [-45, 0, 22.5],
						"1.75": [0, 0, 22.5]
					}
				},
				"bone3": {
					"rotation": {
						"0.5": [-22.5, 0, 0],
						"1.0833": [-15, 0, 0],
						"1.25": [-22.5, 0, 0],
						"1.375": [0, 0, 0],
						"1.4167": [0, 0, 0],
						"1.75": [-22.5, 0, 0]
					}
				},
				"bone4": {
					"rotation": {
						"0.5": [-22.5, 0, 0],
						"1.375": [-18.75, 0, 0],
						"1.5": [-45, 0, 0],
						"1.75": [-22.5, 0, 0]
					}
				},
				"bone5": {
					"rotation": {
						"0.5": [-45, 0, 0],
						"1.25": [-22.5, 0, 0],
						"1.3333": [-45, 0, 0],
						"1.5": [-45, 0, 0],
						"1.75": [-45, 0, 0]
					}
				},
				"bone6": {
					"rotation": {
						"0.5": [-22.5, 0, 0],
						"1.0833": [-22.5, 0, 0],
						"1.25": [0, 0, 0],
						"1.3333": [0, 0, 0],
						"1.4167": [-45, 0, 0],
						"1.75": [-22.5, 0, 0]
					}
				},
				"bone7": {
					"rotation": [22.5, 0, 0]
				},
				"bone8": {
					"rotation": {
						"0.5": [45, 0, 0],
						"1.25": [22.5, 0, 0]
					}
				},
				"bone10": {
					"rotation": {
						"0.5": [0, 0, -22.5],
						"0.7917": [0, -22.5, -22.5],
						"1.0": [0, -22.5, -22.5],
						"1.125": [0, -45, -22.5],
						"1.2083": [0, -45, -22.5],
						"1.75": [0, 0, -22.5]
					}
				},
				"bone11": {
					"rotation": {
						"0.5": [0, -22.5, 0],
						"1.0833": [0, -15, 0],
						"1.25": [0, -22.5, 0],
						"1.375": [0, 0, 0],
						"1.4167": [0, 0, 0],
						"1.75": [0, -22.5, 0]
					}
				},
				"bone12": {
					"rotation": {
						"0.5": [0, -22.5, 0],
						"1.375": [0, -18.75, 0],
						"1.5": [0, -45, 0],
						"1.75": [0, -22.5, 0]
					}
				},
				"bone13": {
					"rotation": {
						"0.5": [0, -45, 0],
						"1.25": [0, -22.5, 0],
						"1.3333": [0, -45, 0],
						"1.5": [0, -45, 0],
						"1.75": [0, -45, 0]
					}
				},
				"bone14": {
					"rotation": {
						"0.5": [0, -22.5, 0],
						"1.0833": [0, -22.5, 0],
						"1.25": [0, 0, 0],
						"1.3333": [0, 0, 0],
						"1.4167": [0, -45, 0],
						"1.75": [0, -22.5, 0]
					}
				},
				"bone15": {
					"rotation": {
						"0.5": [0, 22.5, 0],
						"1.25": [0, 0, 0]
					}
				},
				"bone16": {
					"rotation": [0, 45, 0]
				},
				"body": {
					"rotation": [10, 0, 0]
				},
				"arm_left": {
					"rotation": {
						"0.5": [10.32799, -44.04843, -14.68734],
						"0.75": [160.88183, -66.831, -169.79031],
						"0.9583": [160.88183, -66.831, -169.79031],
						"1.0833": [55.30065, -26.07093, -46.80738],
						"1.125": [8.03413, 22.7813, -4.33795],
						"1.5833": [10.32799, -44.04843, -14.68734]
					}
				},
				"arm_right": {
					"rotation": {
						"0.5": [11.27511, 43.86102, 16.05185],
						"0.75": [159.12031, 66.70012, 168.87875],
						"0.9583": [159.12031, 66.70012, 168.87875],
						"1.0833": [55.23706, 25.97506, 46.75891],
						"1.125": [8.79881, -22.83731, 4.74862],
						"1.5833": [11.27511, 43.86102, 16.05185]
					}
				},
				"leg_left": {
					"rotation": {
						"0.5": [0, 0, 0],
						"0.6667": [-67.5, 0, 0],
						"0.8333": [-67.5, 0, 0],
						"0.9583": [-67.5, 0, 0],
						"1.0417": [7.5, 0, 0],
						"1.2083": [22.5, 0, 0],
						"1.2917": [-67.5, 0, 0],
						"1.375": [-83.97, 0, 0],
						"1.5417": [-53.44, 0, 0],
						"1.75": [0, 0, 0],
						"1.875": [0, 0, 0]
					}
				},
				"foot_left": {
					"rotation": {
						"0.5": [0, 0, 0],
						"0.6667": [-45, 0, 0],
						"0.8333": [-45, 0, 0],
						"0.9583": [-45, 0, 0],
						"1.1667": [22.5, 0, 0],
						"1.2917": [-0.9, 0, 0],
						"1.375": [-23.32, 0, 0],
						"2.0": [0, 0, 0]
					}
				},
				"leg_right": {
					"rotation": {
						"0.5": [0, 0, 0],
						"0.6667": [-67.5, 0, 0],
						"0.8333": [-67.5, 0, 0],
						"0.9583": [-67.5, 0, 0],
						"1.0417": [0, 0, 0],
						"1.2083": [0, 0, 0],
						"1.2917": [-45, 0, 0],
						"1.375": [-64.49, 0, 0],
						"1.5417": [-37.97, 0, 0],
						"1.75": [0, 0, 0],
						"1.875": [0, 0, 0]
					}
				},
				"foot_right": {
					"rotation": {
						"0.5": [0, 0, 0],
						"0.6667": [-45, 0, 0],
						"0.8333": [-45, 0, 0],
						"0.9583": [-45, 0, 0],
						"1.1667": [0, 0, 0],
						"1.2917": [-28.13, 0, 0],
						"1.375": [-45, 0, 0],
						"2.0": [0, 0, 0]
					}
				},
				"tail": {
					"rotation": {
						"0.5": [0, 0, 0],
						"1.2083": [-45, 0, 0],
						"1.3333": [-15.39, 0, 0],
						"2.0": [0, 0, 0]
					}
				},
				"tail_1": {
					"rotation": {
						"0.5": [0, 0, 0],
						"1.2083": [0, 0, 0]
					}
				},
				"tail_2": {
					"rotation": {
						"0.5": [0, 0, 0],
						"0.7917": [-22.5, 0, 0],
						"1.0": [-22.5, 0, 0],
						"1.0833": [0, 0, 0],
						"1.2083": [0, 0, 0],
						"1.2917": [22.5, 0, 0],
						"1.375": [22, 0, 0],
						"1.6667": [22.5, 0, 0],
						"2.0": [0, 0, 0]
					}
				},
				"tail_3": {
					"rotation": {
						"0.5": [0, 0, 0],
						"0.7917": [-22.5, 0, 0],
						"1.0": [-22.5, 0, 0],
						"1.0833": [0, 0, 0]
					}
				},
				"tail_4": {
					"rotation": [0, 0, 0]
				},
				"fire": {
					"rotation": {
						"0.5": [0, 0, 0],
						"0.7917": [-22.5, 0, 0],
						"1.0": [-22.5, 0, 0],
						"1.0833": [0, 0, 0],
						"1.2917": [22.5, 0, 0],
						"1.375": [0, 0, 0],
						"1.75": [11, 0, 0],
						"2.0": [0, 0, 0]
					},
					"position": {
						"0.5": [0, 0, 0],
						"0.7917": [0, 0, -3.5],
						"1.0": [0, 0, -3.5],
						"1.0833": [0, 0, -2.25],
						"1.25": [0, 0, 0]
					},
					"scale": ["1+math.sin(q.anim_time*90*8-30)*-0.02", "1+math.sin(q.anim_time*90*8)*0.02", "1+math.sin(q.anim_time*90*8-60)*-0.02"]
				},
				"eye_angry_left": {
					"position": {
						"0.25": [0, 0, 0],
						"0.75": {
							"pre": [0, 0, 0],
							"post": [0, 0, -0.1]
						},
						"1.25": {
							"pre": [0, 0, -0.1],
							"post": [0, 0, 0]
						}
					}
				},
				"eye_angry_right": {
					"position": {
						"0.25": [0, 0, 0],
						"0.75": {
							"pre": [0, 0, 0],
							"post": [0, 0, -0.1]
						},
						"1.25": {
							"pre": [0, 0, -0.1],
							"post": [0, 0, 0]
						}
					}
				},
				"mouth_open_small": {
					"position": {
						"0.25": [0, 0, 0],
						"1.25": {
							"pre": [0, 0, 0],
							"post": [0, 0, -0.1]
						},
						"1.4583": {
							"pre": [0, 0, -0.1],
							"post": [0, 0, 0]
						}
					}
				},
				"mouth_smile": {
					"position": {
						"0.25": [0, 0, 0],
						"1.125": {
							"pre": [0, 0, 0],
							"post": [0, 0, -0.1]
						},
						"1.25": {
							"pre": [0, 0, -0.1],
							"post": [0, 0, 0]
						}
					}
				},
				"mouth_smile2": {
					"position": {
						"0.25": [0, 0, 0],
						"0.75": {
							"pre": [0, 0, 0],
							"post": [0, 0, 0.1]
						},
						"1.625": {
							"pre": [0, 0, 0.1],
							"post": [0, 0, 0]
						}
					}
				}
			}
		},
		"animation.stellotl.special": {
			"animation_length": 2.3333,
			"bones": {
				"stellotlbody": {
					"rotation": {
						"0.0": [0, 0, 0],
						"0.3333": [0, 0, 0],
						"0.75": [0, 360, 0],
						"1.4167": [0, 360, 0],
						"1.5": [1.5, 360, 0],
						"1.5417": {
							"pre": [1.5, 360, 0],
							"post": [3, 0, 0]
						},
						"1.5833": {
							"pre": [3, 0, 0],
							"post": [3, 0, 0]
						},
						"1.7083": [10.5, 0, 0],
						"2.1667": [0, 0, 0]
					},
					"position": {
						"0.0": {
							"post": [0, 0, 0],
							"lerp_mode": "catmullrom"
						},
						"0.3333": {
							"post": [0, -5.25, 0],
							"lerp_mode": "catmullrom"
						},
						"0.625": {
							"post": [0, 8, 0],
							"lerp_mode": "catmullrom"
						},
						"0.75": {
							"post": [0, 11, 0],
							"lerp_mode": "catmullrom"
						},
						"0.875": {
							"post": [0, 9, 0],
							"lerp_mode": "catmullrom"
						},
						"1.0": {
							"post": [0, 9, 0],
							"lerp_mode": "catmullrom"
						},
						"1.125": {
							"post": [0, 8.5, 0],
							"lerp_mode": "catmullrom"
						},
						"1.25": {
							"post": [0, 9, 0],
							"lerp_mode": "catmullrom"
						},
						"1.375": {
							"post": [0, 8.5, 0],
							"lerp_mode": "catmullrom"
						},
						"1.5": {
							"post": [0, 9, 0],
							"lerp_mode": "catmullrom"
						},
						"1.625": {
							"post": [0, 3.5, 0],
							"lerp_mode": "catmullrom"
						},
						"1.7917": {
							"post": [0, -4.36, 0],
							"lerp_mode": "catmullrom"
						},
						"2.3333": [0, 0, 0]
					}
				},
				"head": {
					"rotation": {
						"0.0": [0, 0, 0],
						"0.3333": [26.5, 0, 0],
						"0.5": [-22.5, 0, 0],
						"1.5": [-22.5, 0, 0],
						"1.5833": [0, 0, 0],
						"1.6667": [15, 0, 0],
						"2.25": [0, 0, 0]
					},
					"position": {
						"0.0": [0, 0, -0.6],
						"0.3333": [0, -0.5, -0.85],
						"0.5": [0, 0, -0.6],
						"1.5": [0, 0, -0.6],
						"2.25": [0, 0, -0.6]
					}
				},
				"eye_right": {
					"position": {
						"1.6667": [0, 0, 0],
						"1.7083": [0, 0, 0.1],
						"1.75": [0, 0, 0.1],
						"1.7917": [0, 0, 0]
					}
				},
				"eye_left": {
					"position": {
						"1.6667": [0, 0, 0],
						"1.7083": [0, 0, 0.1],
						"1.75": [0, 0, 0.1],
						"1.7917": [0, 0, 0]
					}
				},
				"eye_lid_left": {
					"position": {
						"1.6667": [0, 0, 0],
						"1.7083": [0, 0, -0.2],
						"1.75": [0, 0, -0.2],
						"1.7917": [0, 0, 0]
					}
				},
				"eye_lid_right": {
					"position": {
						"1.6667": [0, 0, 0],
						"1.7083": [0, 0, -0.2],
						"1.75": [0, 0, -0.2],
						"1.7917": [0, 0, 0]
					}
				},
				"mouth": {
					"position": {
						"0.0": [0, 0, 0],
						"0.4583": [0, 0, 0],
						"0.5": [0, 0, 0.2],
						"1.5833": [0, 0, 0.2],
						"1.625": [0, 0, 0]
					}
				},
				"mouth_open": {
					"position": {
						"0.0": [0, 0, 0],
						"0.4583": [0, 0, 0],
						"0.5": [0, 0, -0.2],
						"1.5833": [0, 0, -0.2],
						"1.625": [0, 0, 0]
					}
				},
				"fin_left": {
					"rotation": {
						"0.0": {
							"post": [0, 0, 0],
							"lerp_mode": "catmullrom"
						},
						"0.3333": {
							"post": [0, -22.5, 0],
							"lerp_mode": "catmullrom"
						},
						"0.5": {
							"post": [0, 0, 0],
							"lerp_mode": "catmullrom"
						},
						"0.6667": {
							"post": [0, 22.5, 0],
							"lerp_mode": "catmullrom"
						},
						"0.8333": {
							"post": [0, 0, 0],
							"lerp_mode": "catmullrom"
						},
						"1.0": {
							"post": [0, 22.5, 0],
							"lerp_mode": "catmullrom"
						},
						"1.1667": {
							"post": [0, 0, 0],
							"lerp_mode": "catmullrom"
						},
						"1.3333": {
							"post": [0, 22.5, 0],
							"lerp_mode": "catmullrom"
						},
						"1.5": {
							"post": [0, 0, 0],
							"lerp_mode": "catmullrom"
						},
						"1.5833": [0, 0, 0],
						"1.7083": [0, -22.5, 0],
						"2.25": [0, 0, 0]
					}
				},
				"fin_right": {
					"rotation": {
						"0.0": {
							"post": [0, 0, 0],
							"lerp_mode": "catmullrom"
						},
						"0.3333": {
							"post": [0, 22.5, 0],
							"lerp_mode": "catmullrom"
						},
						"0.5": {
							"post": [0, 0, 0],
							"lerp_mode": "catmullrom"
						},
						"0.6667": {
							"post": [0, -22.5, 0],
							"lerp_mode": "catmullrom"
						},
						"0.8333": {
							"post": [0, 0, 0],
							"lerp_mode": "catmullrom"
						},
						"1.0": {
							"post": [0, -22.5, 0],
							"lerp_mode": "catmullrom"
						},
						"1.1667": {
							"post": [0, 0, 0],
							"lerp_mode": "catmullrom"
						},
						"1.3333": {
							"post": [0, -22.5, 0],
							"lerp_mode": "catmullrom"
						},
						"1.5": {
							"post": [0, 0, 0],
							"lerp_mode": "catmullrom"
						},
						"1.5833": [0, 0, 0],
						"1.7083": [0, 22.5, 0],
						"2.25": [0, 0, 0]
					}
				},
				"antennas": {
					"rotation": [0, 0, 0]
				},
				"bone2": {
					"rotation": {
						"0.0": {
							"post": [0, 0, 22.5],
							"lerp_mode": "catmullrom"
						},
						"0.3333": {
							"post": [22.5, 0, 22.5],
							"lerp_mode": "catmullrom"
						},
						"0.5": {
							"post": [-36.5, 0, 22.5],
							"lerp_mode": "catmullrom"
						},
						"0.6667": {
							"post": [0, 0, 22.5],
							"lerp_mode": "catmullrom"
						},
						"0.875": {
							"post": [-36.5, 0, 22.5],
							"lerp_mode": "catmullrom"
						},
						"1.0417": {
							"post": [0, 0, 22.5],
							"lerp_mode": "catmullrom"
						},
						"1.25": {
							"post": [-36.5, 0, 22.5],
							"lerp_mode": "catmullrom"
						},
						"1.4167": {
							"post": [0, 0, 22.5],
							"lerp_mode": "catmullrom"
						},
						"2.25": [0, 0, 22.5]
					}
				},
				"bone3": {
					"rotation": {
						"0.0": {
							"post": [-22.5, 0, 0],
							"lerp_mode": "catmullrom"
						},
						"0.5417": {
							"post": [-45, 0, 0],
							"lerp_mode": "catmullrom"
						},
						"0.6667": {
							"post": [-33.5, 0, 0],
							"lerp_mode": "catmullrom"
						},
						"0.7917": {
							"post": [-43.5, 0, 0],
							"lerp_mode": "catmullrom"
						},
						"0.9167": {
							"post": [-45, 0, 0],
							"lerp_mode": "catmullrom"
						},
						"1.0417": {
							"post": [-33.5, 0, 0],
							"lerp_mode": "catmullrom"
						},
						"1.1667": {
							"post": [-43.5, 0, 0],
							"lerp_mode": "catmullrom"
						},
						"1.2917": {
							"post": [-45, 0, 0],
							"lerp_mode": "catmullrom"
						},
						"1.4167": {
							"post": [-33.5, 0, 0],
							"lerp_mode": "catmullrom"
						},
						"1.5417": {
							"post": [-43.5, 0, 0],
							"lerp_mode": "catmullrom"
						},
						"1.7083": {
							"post": [-17.75, 0, 0],
							"lerp_mode": "catmullrom"
						},
						"2.25": [-22.5, 0, 0]
					}
				},
				"bone4": {
					"rotation": {
						"0.0": {
							"post": [-22.5, 0, 0],
							"lerp_mode": "catmullrom"
						},
						"0.5417": {
							"post": [-22.5, 0, 0],
							"lerp_mode": "catmullrom"
						},
						"0.9167": {
							"post": [-22.5, 0, 0],
							"lerp_mode": "catmullrom"
						},
						"1.2917": {
							"post": [-22.5, 0, 0],
							"lerp_mode": "catmullrom"
						},
						"1.7083": {
							"post": [-22.5, 0, 0],
							"lerp_mode": "catmullrom"
						},
						"2.25": [-22.5, 0, 0]
					}
				},
				"bone5": {
					"rotation": {
						"0.0": {
							"post": [-45, 0, 0],
							"lerp_mode": "catmullrom"
						},
						"0.5": {
							"post": [-24.5, 0, 0],
							"lerp_mode": "catmullrom"
						},
						"0.5417": {
							"post": [-45, 0, 0],
							"lerp_mode": "catmullrom"
						},
						"0.6667": {
							"post": [-22.5, 0, 0],
							"lerp_mode": "catmullrom"
						},
						"0.7917": {
							"post": [-54.5, 0, 0],
							"lerp_mode": "catmullrom"
						},
						"0.9167": {
							"post": [-22.5, 0, 0],
							"lerp_mode": "catmullrom"
						},
						"1.0417": {
							"post": [-22.5, 0, 0],
							"lerp_mode": "catmullrom"
						},
						"1.1667": {
							"post": [-54.5, 0, 0],
							"lerp_mode": "catmullrom"
						},
						"1.25": {
							"post": [-2, 0, 0],
							"lerp_mode": "catmullrom"
						},
						"1.2917": {
							"post": [-45, 0, 0],
							"lerp_mode": "catmullrom"
						},
						"1.4167": {
							"post": [-22.5, 0, 0],
							"lerp_mode": "catmullrom"
						},
						"1.5417": {
							"post": [-32, 0, 0],
							"lerp_mode": "catmullrom"
						},
						"2.25": [-45, 0, 0]
					}
				},
				"bone6": {
					"rotation": {
						"0.0": {
							"post": [-22.5, 0, 0],
							"lerp_mode": "catmullrom"
						},
						"0.2917": {
							"post": [22.5, 0, 0],
							"lerp_mode": "catmullrom"
						},
						"0.5417": {
							"post": [17.5, 0, 0],
							"lerp_mode": "catmullrom"
						},
						"0.9167": {
							"post": [17.5, 0, 0],
							"lerp_mode": "catmullrom"
						},
						"1.2917": {
							"post": [17.5, 0, 0],
							"lerp_mode": "catmullrom"
						},
						"1.5833": {
							"post": [17.5, 0, 0],
							"lerp_mode": "catmullrom"
						},
						"1.7083": {
							"post": [23.25, 0, 0],
							"lerp_mode": "catmullrom"
						},
						"2.25": [-22.5, 0, 0]
					}
				},
				"bone7": {
					"rotation": {
						"0.0": {
							"post": [22.5, 0, 0],
							"lerp_mode": "catmullrom"
						},
						"0.5417": {
							"post": [-47, 0, 0],
							"lerp_mode": "catmullrom"
						},
						"0.6667": {
							"post": [35, 0, 0],
							"lerp_mode": "catmullrom"
						},
						"0.7917": {
							"post": [41.5, 0, 0],
							"lerp_mode": "catmullrom"
						},
						"0.9167": {
							"post": [-47, 0, 0],
							"lerp_mode": "catmullrom"
						},
						"1.0417": {
							"post": [35, 0, 0],
							"lerp_mode": "catmullrom"
						},
						"1.1667": {
							"post": [41.5, 0, 0],
							"lerp_mode": "catmullrom"
						},
						"1.2917": {
							"post": [-47, 0, 0],
							"lerp_mode": "catmullrom"
						},
						"1.4167": {
							"post": [35, 0, 0],
							"lerp_mode": "catmullrom"
						},
						"1.5417": {
							"post": [41.5, 0, 0],
							"lerp_mode": "catmullrom"
						},
						"1.5833": [53.46, 0, 0],
						"2.25": [22.5, 0, 0]
					}
				},
				"bone8": {
					"rotation": {
						"0.0": {
							"post": [45, 0, 0],
							"lerp_mode": "catmullrom"
						},
						"0.5417": {
							"post": [-26.5, 0, 0],
							"lerp_mode": "catmullrom"
						},
						"0.6667": {
							"post": [42.5, 0, 0],
							"lerp_mode": "catmullrom"
						},
						"0.7917": {
							"post": [39.5, 0, 0],
							"lerp_mode": "catmullrom"
						},
						"0.9167": {
							"post": [-26.5, 0, 0],
							"lerp_mode": "catmullrom"
						},
						"1.0417": {
							"post": [42.5, 0, 0],
							"lerp_mode": "catmullrom"
						},
						"1.1667": {
							"post": [39.5, 0, 0],
							"lerp_mode": "catmullrom"
						},
						"1.2917": {
							"post": [-26.5, 0, 0],
							"lerp_mode": "catmullrom"
						},
						"1.4167": {
							"post": [42.5, 0, 0],
							"lerp_mode": "catmullrom"
						},
						"1.5417": {
							"post": [39.5, 0, 0],
							"lerp_mode": "catmullrom"
						},
						"2.25": [45, 0, 0]
					}
				},
				"bone10": {
					"rotation": {
						"0.0": {
							"post": [0, 0, -22.5],
							"lerp_mode": "catmullrom"
						},
						"0.3333": {
							"post": [0, 22.5, -22.5],
							"lerp_mode": "catmullrom"
						},
						"0.5": {
							"post": [0, -36.5, -22.5],
							"lerp_mode": "catmullrom"
						},
						"0.6667": {
							"post": [0, -19.6, -22.5],
							"lerp_mode": "catmullrom"
						},
						"0.875": {
							"post": [0, -36.5, -22.5],
							"lerp_mode": "catmullrom"
						},
						"1.0417": {
							"post": [0, -19.6, -22.5],
							"lerp_mode": "catmullrom"
						},
						"1.25": {
							"post": [0, -36.5, -22.5],
							"lerp_mode": "catmullrom"
						},
						"1.4167": {
							"post": [0, -19.6, -22.5],
							"lerp_mode": "catmullrom"
						},
						"2.25": [0, 0, -22.5]
					}
				},
				"bone11": {
					"rotation": {
						"0.0": {
							"post": [0, -22.5, 0],
							"lerp_mode": "catmullrom"
						},
						"0.6667": {
							"post": [0, -29, 0],
							"lerp_mode": "catmullrom"
						},
						"0.7917": {
							"post": [0, -32.5, 0],
							"lerp_mode": "catmullrom"
						},
						"1.0417": {
							"post": [0, -29, 0],
							"lerp_mode": "catmullrom"
						},
						"1.1667": {
							"post": [0, -32.5, 0],
							"lerp_mode": "catmullrom"
						},
						"1.4167": {
							"post": [0, -29, 0],
							"lerp_mode": "catmullrom"
						},
						"1.5417": {
							"post": [0, -32.5, 0],
							"lerp_mode": "catmullrom"
						},
						"1.7083": {
							"post": [0, -8.36, 0],
							"lerp_mode": "catmullrom"
						},
						"2.25": [0, -22.5, 0]
					}
				},
				"bone12": {
					"rotation": {
						"0.0": {
							"post": [0, -22.5, 0],
							"lerp_mode": "catmullrom"
						},
						"0.6667": {
							"post": [0, -17.5, 0],
							"lerp_mode": "catmullrom"
						},
						"1.0417": {
							"post": [0, -17.5, 0],
							"lerp_mode": "catmullrom"
						},
						"1.4167": {
							"post": [0, -17.5, 0],
							"lerp_mode": "catmullrom"
						},
						"1.7083": {
							"post": [0, -19.08, 0],
							"lerp_mode": "catmullrom"
						},
						"2.25": [0, -22.5, 0]
					}
				},
				"bone13": {
					"rotation": {
						"0.0": {
							"post": [0, -45, 0],
							"lerp_mode": "catmullrom"
						},
						"0.5": {
							"post": [0, -15, 0],
							"lerp_mode": "catmullrom"
						},
						"0.6667": {
							"post": [0, -5, 0],
							"lerp_mode": "catmullrom"
						},
						"0.7917": {
							"post": [0, -36, 0],
							"lerp_mode": "catmullrom"
						},
						"0.875": {
							"post": [0, -15, 0],
							"lerp_mode": "catmullrom"
						},
						"1.0417": {
							"post": [0, -5, 0],
							"lerp_mode": "catmullrom"
						},
						"1.1667": {
							"post": [0, -36, 0],
							"lerp_mode": "catmullrom"
						},
						"1.25": {
							"post": [0, -15, 0],
							"lerp_mode": "catmullrom"
						},
						"1.4167": {
							"post": [0, -5, 0],
							"lerp_mode": "catmullrom"
						},
						"1.5417": {
							"post": [0, -36, 0],
							"lerp_mode": "catmullrom"
						},
						"2.25": [0, -45, 0]
					}
				},
				"bone14": {
					"rotation": {
						"0.0": {
							"post": [0, -22.5, 0],
							"lerp_mode": "catmullrom"
						},
						"0.2917": {
							"post": [0, 22.5, 0],
							"lerp_mode": "catmullrom"
						},
						"0.5417": {
							"post": [0, -8.64, 0],
							"lerp_mode": "catmullrom"
						},
						"0.9167": {
							"post": [0, -8.64, 0],
							"lerp_mode": "catmullrom"
						},
						"1.2917": {
							"post": [0, -8.64, 0],
							"lerp_mode": "catmullrom"
						},
						"1.5833": {
							"post": [0, -8.64, 0],
							"lerp_mode": "catmullrom"
						},
						"1.7083": {
							"post": [0, 30.56, 0],
							"lerp_mode": "catmullrom"
						},
						"2.25": [0, -22.5, 0]
					}
				},
				"bone15": {
					"rotation": {
						"0.0": {
							"post": [0, 22.5, 0],
							"lerp_mode": "catmullrom"
						},
						"0.5417": {
							"post": [0, -56.5, 0],
							"lerp_mode": "catmullrom"
						},
						"0.6667": {
							"post": [0, 31.5, 0],
							"lerp_mode": "catmullrom"
						},
						"0.7917": {
							"post": [0, 54.5, 0],
							"lerp_mode": "catmullrom"
						},
						"0.9167": {
							"post": [0, -56.5, 0],
							"lerp_mode": "catmullrom"
						},
						"1.0417": {
							"post": [0, 31.5, 0],
							"lerp_mode": "catmullrom"
						},
						"1.1667": {
							"post": [0, 54.5, 0],
							"lerp_mode": "catmullrom"
						},
						"1.2917": {
							"post": [0, -56.5, 0],
							"lerp_mode": "catmullrom"
						},
						"1.4167": {
							"post": [0, 31.5, 0],
							"lerp_mode": "catmullrom"
						},
						"1.5417": {
							"post": [0, 54.5, 0],
							"lerp_mode": "catmullrom"
						},
						"1.5833": [0, 51.58, 0],
						"2.25": [0, 22.5, 0]
					}
				},
				"bone16": {
					"rotation": {
						"0.0": {
							"post": [0, 45, 0],
							"lerp_mode": "catmullrom"
						},
						"0.5417": {
							"post": [0, -53.5, 0],
							"lerp_mode": "catmullrom"
						},
						"0.6667": {
							"post": [0, 47.5, 0],
							"lerp_mode": "catmullrom"
						},
						"0.7917": {
							"post": [0, 36.5, 0],
							"lerp_mode": "catmullrom"
						},
						"0.9167": {
							"post": [0, -53.5, 0],
							"lerp_mode": "catmullrom"
						},
						"1.0417": {
							"post": [0, 47.5, 0],
							"lerp_mode": "catmullrom"
						},
						"1.1667": {
							"post": [0, 36.5, 0],
							"lerp_mode": "catmullrom"
						},
						"1.2917": {
							"post": [0, -53.5, 0],
							"lerp_mode": "catmullrom"
						},
						"1.4167": {
							"post": [0, 47.5, 0],
							"lerp_mode": "catmullrom"
						},
						"1.5417": {
							"post": [0, 36.5, 0],
							"lerp_mode": "catmullrom"
						},
						"2.25": [0, 45, 0]
					}
				},
				"body": {
					"rotation": {
						"0.0": [10, 0, 0],
						"0.3333": [0, 0, 0],
						"0.5": [10, 0, 0]
					}
				},
				"arm_left": {
					"rotation": {
						"0.0": {
							"post": [10.32799, -44.04843, -14.68734],
							"lerp_mode": "catmullrom"
						},
						"0.3333": {
							"post": [160.88183, -66.831, -169.79031],
							"lerp_mode": "catmullrom"
						},
						"0.5": {
							"post": [7.40398, 0.47972, -7.40398],
							"lerp_mode": "catmullrom"
						},
						"1.5": {
							"post": [7.40398, 0.47972, -7.40398],
							"lerp_mode": "catmullrom"
						},
						"1.7083": [27.5607, -48.16405, -49.26132],
						"2.25": [10.32799, -44.04843, -14.68734]
					}
				},
				"arm_right": {
					"rotation": {
						"0.0": {
							"post": [11.27511, 43.86102, 16.05185],
							"lerp_mode": "catmullrom"
						},
						"0.3333": {
							"post": [159.12031, 66.70012, 168.87875],
							"lerp_mode": "catmullrom"
						},
						"0.5": {
							"post": [8.10465, -0.57512, 8.10465],
							"lerp_mode": "catmullrom"
						},
						"1.5": {
							"post": [8.10465, -0.57512, 8.10465],
							"lerp_mode": "catmullrom"
						},
						"1.7083": [20.81444, 46.6579, 46.41387],
						"2.25": [11.27511, 43.86102, 16.05185]
					}
				},
				"leg_left": {
					"rotation": {
						"0.0": {
							"post": [0, 0, 0],
							"lerp_mode": "catmullrom"
						},
						"0.3333": {
							"post": [-67.5, 0, 0],
							"lerp_mode": "catmullrom"
						},
						"0.5": {
							"post": [0, 0, 0],
							"lerp_mode": "catmullrom"
						},
						"1.4167": {
							"post": [0, 0, 0],
							"lerp_mode": "catmullrom"
						},
						"1.6667": [-40.41667, 3.79167, 0],
						"2.25": [0, 0, 0]
					}
				},
				"foot_left": {
					"rotation": {
						"0.0": [0, 0, 0],
						"0.3333": [-45, 0, 0],
						"0.5": [22.5, 0, 0],
						"1.4167": [22.5, 0, 0],
						"1.6667": [-4.82, 0, 0],
						"1.75": [0, 0, 0],
						"2.25": [0, 0, 0]
					}
				},
				"leg_right": {
					"rotation": {
						"0.0": {
							"post": [0, 0, 0],
							"lerp_mode": "catmullrom"
						},
						"0.3333": {
							"post": [-67.5, 0, 0],
							"lerp_mode": "catmullrom"
						},
						"0.5": {
							"post": [0, 0, 0],
							"lerp_mode": "catmullrom"
						},
						"1.4167": {
							"post": [0, 0, 0],
							"lerp_mode": "catmullrom"
						},
						"1.6667": [-44.5232, -7.33219, -0.13142],
						"2.25": [0, 0, 0]
					}
				},
				"foot_right": {
					"rotation": {
						"0.0": [0, 0, 0],
						"0.3333": [-45, 0, 0],
						"0.5": [22.5, 0, 0],
						"1.4167": [22.5, 0, 0],
						"1.6667": [-4.82, 0, 0],
						"1.75": [0, 0, 0],
						"2.25": [0, 0, 0]
					}
				},
				"tail": {
					"rotation": {
						"0.0": {
							"post": [0, 0, 0],
							"lerp_mode": "catmullrom"
						},
						"0.7917": {
							"post": [6.3, 0, 0],
							"lerp_mode": "catmullrom"
						},
						"0.9167": {
							"post": [-0.4, 0, 0],
							"lerp_mode": "catmullrom"
						},
						"1.0417": {
							"post": [4.29, 0, 0],
							"lerp_mode": "catmullrom"
						},
						"1.1667": {
							"post": [4.29, 0, 0],
							"lerp_mode": "catmullrom"
						},
						"1.4167": {
							"post": [0, 0, 0],
							"lerp_mode": "catmullrom"
						},
						"1.8333": [23, 0, 0],
						"2.3333": [0, 0, 0]
					}
				},
				"tail_1": {
					"rotation": {
						"0.0": [0, 0, 0],
						"0.375": [0, -12.5, 0],
						"0.75": [0, 0, 0]
					}
				},
				"tail_2": {
					"rotation": {
						"0.0": [0, 0, 0],
						"0.375": [0, -47.5, 0],
						"0.75": [0, 0, 0],
						"1.75": [0, 0, 0],
						"2.3333": [0, 0, 0]
					}
				},
				"tail_3": {
					"rotation": {
						"0.0": [0, 0, 0],
						"0.375": [0, -42.5, 0],
						"0.75": [0, 0, 0],
						"1.75": [0, 0, 0],
						"2.3333": [0, 0, 0]
					}
				},
				"tail_4": {
					"rotation": {
						"0.0": [0, 0, 0],
						"1.75": [0, 0, 0],
						"2.3333": [0, 0, 0]
					}
				},
				"tail_5": {
					"rotation": {
						"0.0": [0, 0, 0],
						"2.3333": [0, 0, 0]
					}
				},
				"fire": {
					"rotation": {
						"0.0": [0, 0, 0],
						"0.375": [0, -47.5, 0],
						"0.75": [0, 0, 0],
						"1.75": [0, 0, 0],
						"2.3333": [0, 0, 0]
					},
					"position": {
						"0.0": [0, 0, 0],
						"2.3333": [0, 0, 0]
					},
					"scale": {
						"0.0": ["1+math.sin(q.anim_time*90*8-30)*-0.02", "1+math.sin(q.anim_time*90*8)*0.02", "1+math.sin(q.anim_time*90*8-60)*-0.02"],
						"0.75": ["1+math.sin(q.anim_time*90*16-30)*-0.06", "1+math.sin(q.anim_time*90*16)*0.06", "1+math.sin(q.anim_time*90*16-60)*-0.06"],
						"1.7917": ["1+math.sin(q.anim_time*90*8-30)*-0.02", "1+math.sin(q.anim_time*90*8)*0.02", "1+math.sin(q.anim_time*90*8-60)*-0.02"]
					}
				},
				"fire2": {
					"rotation": {
						"0.0": [0, 0, 0],
						"0.375": [0, -85, 0],
						"0.75": [0, 0, 0],
						"1.75": [0, 0, 0],
						"2.3333": [0, 0, 0]
					}
				},
				"eye_angry_left": {
					"position": {
						"0.0": [0, 0, 0],
						"0.75": {
							"pre": [0, 0, 0],
							"post": [0, 0, -0.1]
						},
						"1.7083": {
							"pre": [0, 0, -0.1],
							"post": [0, 0, 0]
						}
					}
				},
				"eye_angry_right": {
					"position": {
						"0.0": [0, 0, 0],
						"0.75": {
							"pre": [0, 0, 0],
							"post": [0, 0, -0.1]
						},
						"1.7083": {
							"pre": [0, 0, -0.1],
							"post": [0, 0, 0]
						}
					}
				}
			}
		},
		"animation.stellotl.recoil": {
			"animation_length": 0.8333,
			"bones": {
				"stellotlbody": {
					"rotation": {
						"0.0": [0, 0, 0],
						"0.1667": [-36, 0, 0],
						"0.3333": [0, 0, 0],
						"0.4167": [18.5, 0, 0],
						"0.625": [7.5, 0, 0],
						"0.7083": [0, 0, 0]
					},
					"position": {
						"0.0": [0, 0, 0],
						"0.1667": [0, 0, 7.05],
						"0.3333": [0, 0, 0]
					}
				},
				"head": {
					"rotation": {
						"0.0": [0, 0, 0],
						"0.0833": [23, 0, 0],
						"0.1667": [-12, 0, 0],
						"0.5": [10, 0, 0],
						"0.5833": [12.53061, 36.83503, 7.58967],
						"0.7083": [10.80524, -22.13991, -4.11405],
						"0.7917": [0, 0, 0]
					},
					"position": {
						"0.0": [0, 0, -0.6],
						"0.25": [0, 0, 0]
					}
				},
				"fin_left": {
					"rotation": {
						"0.0": [0, 0, 0],
						"0.1667": [0, -45, 0],
						"0.6667": [0, 0, 0]
					}
				},
				"fin_right": {
					"rotation": {
						"0.0": [0, 0, 0],
						"0.1667": [0, 45, 0],
						"0.6667": [0, 0, 0]
					}
				},
				"antennas": {
					"rotation": [0, 0, 0]
				},
				"bone3": {
					"rotation": {
						"0.0": [-22.5, 0, 0],
						"0.1667": [22.5, 0, 0],
						"0.25": [14.62, 0, 0],
						"0.3333": [-22.5, 0, 0],
						"0.7917": [0, 0, 0]
					}
				},
				"bone4": {
					"rotation": {
						"0.0": [-22.5, 0, 0],
						"0.1667": [0, 0, 0],
						"0.25": [-1.44, 0, 0],
						"0.3333": [0, 0, 0]
					}
				},
				"bone11": {
					"rotation": {
						"0.0": [0, -22.5, 0],
						"0.1667": [0, 0, 0],
						"0.25": [0, 14.56, 0],
						"0.3333": [0, -22.5, 0],
						"0.7917": [0, 0, 0]
					}
				},
				"bone12": {
					"rotation": {
						"0.0": [0, -22.5, 0],
						"0.1667": [0, 22.5, 0],
						"0.25": [0, 15.62, 0],
						"0.3333": [0, 0, 0]
					}
				},
				"bone13": {
					"rotation": {
						"0.0": [0, 0, 0],
						"0.1667": [0, -22.5, 0],
						"0.3333": [0, 0, 0]
					}
				},
				"arm_left": {
					"rotation": {
						"0.0": [10.32799, -44.04843, -14.68734],
						"0.1667": [160.88183, -66.831, -169.79031],
						"0.625": [0, 0, 0]
					}
				},
				"arm_right": {
					"rotation": {
						"0.0": [11.27511, 43.86102, 16.05185],
						"0.1667": [159.12031, 66.70012, 168.87875],
						"0.625": [0, 0, 0]
					}
				},
				"leg_left": {
					"rotation": {
						"0.0": [0, 0, 0],
						"0.1667": [-67.5, 0, 0],
						"0.6667": [0, 0, 0]
					}
				},
				"leg_right": {
					"rotation": {
						"0.0": [0, 0, 0],
						"0.1667": [-67.5, 0, 0],
						"0.6667": [0, 0, 0]
					}
				},
				"tail": {
					"rotation": {
						"0.0": [0, 0, 0],
						"0.1667": [42.5, 0, 0],
						"0.4167": [0, 0, 0]
					}
				},
				"tail_2": {
					"rotation": [0, 0, 0]
				},
				"tail_3": {
					"rotation": [0, 0, 0]
				},
				"tail_4": {
					"rotation": [0, 0, 0]
				},
				"eye_right": {
					"position": {
						"0.0": [0, 0, 0],
						"0.0417": {
							"pre": [0, 0, 0],
							"post": [0, 0, 0.1]
						},
						"0.375": {
							"pre": [0, 0, 0.1],
							"post": [0, 0, 0]
						},
						"0.5833": {
							"pre": [0, 0, 0],
							"post": [0, 0, 0.1]
						},
						"0.7917": {
							"pre": [0, 0, 0.1],
							"post": [0, 0, 0]
						}
					}
				},
				"eye_left": {
					"position": {
						"0.0": [0, 0, 0],
						"0.0417": {
							"pre": [0, 0, 0],
							"post": [0, 0, 0.1]
						},
						"0.375": {
							"pre": [0, 0, 0.1],
							"post": [0, 0, 0]
						},
						"0.5833": {
							"pre": [0, 0, 0],
							"post": [0, 0, 0.1]
						},
						"0.7917": {
							"pre": [0, 0, 0.1],
							"post": [0, 0, 0]
						}
					}
				},
				"eye_lid_left": {
					"rotation": {
						"0.0": [0, 0, 0],
						"0.125": [0, 0, 12.5]
					},
					"position": {
						"0.0": [0, 0, 0],
						"0.0833": [0, 0, 0],
						"0.125": [0, 0, -0.2],
						"0.3333": [0, 0, -0.2],
						"0.375": [0, 0, 0],
						"0.5833": [0, 0, -0.1],
						"0.7917": {
							"pre": [0, 0, -0.1],
							"post": [0, 0, 0]
						}
					}
				},
				"eye_lid_right": {
					"rotation": {
						"0.0": [0, 0, 0],
						"0.125": [0, 0, -12.5]
					},
					"position": {
						"0.0": [0, 0, 0],
						"0.0833": [0, 0, 0],
						"0.125": [0, 0, -0.2],
						"0.3333": [0, 0, -0.2],
						"0.375": [0, 0, 0],
						"0.5833": [0, 0, -0.1],
						"0.7917": {
							"pre": [0, 0, -0.1],
							"post": [0, 0, 0]
						}
					}
				},
				"mouth": {
					"position": {
						"0.0": [0, 0, 0],
						"0.0833": [0, 0, 0],
						"0.125": [0, 0, 0.2],
						"0.3333": [0, 0, 0.2],
						"0.375": [0, 0, 0]
					}
				},
				"mouth_open": {
					"position": {
						"0.0": [0, 0, 0],
						"0.0833": [0, 0, 0],
						"0.125": [0, 0, -0.2],
						"0.3333": [0, 0, -0.2],
						"0.375": [0, 0, 0]
					}
				},
				"foot_left": {
					"rotation": {
						"0.0": [0, 0, 0],
						"0.1667": [-21.60923, -6.42404, -15.77277],
						"0.6667": [0, 0, 0]
					}
				},
				"foot_right": {
					"rotation": {
						"0.0": [0, 0, 0],
						"0.1667": [-22.30258, 3.05297, 7.39805],
						"0.6667": [0, 0, 0]
					}
				},
				"eye_left_shock": {
					"position": {
						"0.0": [0, 0, 0],
						"0.0417": {
							"pre": [0, 0, 0],
							"post": [0, 0, -0.1]
						},
						"0.125": {
							"pre": [0, 0, -0.1],
							"post": [0, 0, 0]
						}
					}
				},
				"eye_right_shock": {
					"position": {
						"0.0": [0, 0, 0],
						"0.0417": {
							"pre": [0, 0, 0],
							"post": [0, 0, -0.1]
						},
						"0.125": {
							"pre": [0, 0, -0.1],
							"post": [0, 0, 0]
						}
					}
				},
				"mouth_smile2": {
					"position": {
						"0.0": [0, 0, 0],
						"0.0417": {
							"pre": [0, 0, 0],
							"post": [0, -0.4, 0]
						},
						"0.7917": {
							"pre": [0, -0.4, 0],
							"post": [0, 0, 0]
						}
					}
				},
				"fire": {
					"scale": ["1+math.sin(q.anim_time*90*8-30)*-0.02", "1+math.sin(q.anim_time*90*8)*0.02", "1+math.sin(q.anim_time*90*8-60)*-0.02"]
				}
			}
		},
		"animation.stellotl.faint": {
			"animation_length": 3,
			"bones": {
				"stellotl": {
					"rotation": {
						"0.2083": [0, 0, "math.sin(query.anim_time * 1500) * 0.7"],
						"0.75": [0, 0, 0]
					}
				},
				"stellotlbody": {
					"rotation": {
						"0.0": [22.5, 0, 0],
						"0.25": [23.25, 0, 0],
						"0.5": [0, 0, 0],
						"0.625": [-65.5, 0, 0],
						"1.0": [-447, 0, 0]
					},
					"position": {
						"0.0": [0, 4, 0],
						"0.25": [0, 0, 0],
						"0.3333": [0, 2.33, 0],
						"0.5": [0, 4, 0],
						"0.625": [0, 1.5, 6.75],
						"0.8333": [0, -3.25, 17],
						"1.0": [0, -5.75, 20.25],
						"1.0417": [0, -8.65, 20.25],
						"1.0833": [0, -9, 21.25],
						"1.125": [0, -10.35, 22.25],
						"1.2917": [0, -9.75, 26.25],
						"1.4167": [0, -9.75, 27.5],
						"1.625": [0, -9.75, 27.7]
					}
				},
				"head": {
					"rotation": {
						"0.0": [0, 0, 0],
						"0.2083": [7.38733, -1.29876, 9.91615],
						"0.375": [20.666, -0.55661, 4.24978],
						"0.5": [0, 0, 0],
						"0.5417": [44, 0, 0],
						"0.5833": [12.5, 0, 0],
						"0.6667": [-3.87, 0, 0],
						"1.0417": [32.46, 0, 0],
						"1.0833": [43.3, 0, 0],
						"1.2917": [0, 0, 0]
					},
					"position": {
						"0.5": [0, 0, -0.6],
						"1.0": [0, -0.75, -0.75]
					}
				},
				"eye_right": {
					"position": [0, 0, 0.2]
				},
				"eye_left": {
					"position": [0, 0, 0.1]
				},
				"eye_lid_left": {
					"rotation": [0, 0, -7.5],
					"position": [0, 0, -0.2]
				},
				"eye_lid_right": {
					"rotation": [0, 0, 7.5],
					"position": [0, 0, -0.2]
				},
				"mouth": {
					"position": {
						"0.0": [0, 0, 0.5],
						"1.4583": {
							"pre": [0, 0, 0.5],
							"post": [0, 0, 0]
						}
					}
				},
				"mouth_open": {
					"position": {
						"0.0": [0, 0, 0],
						"0.5": {
							"pre": [0, 0, 0],
							"post": [0, 0, -0.1]
						},
						"1.4583": {
							"pre": [0, 0, -0.1],
							"post": [0, 0, 0]
						}
					}
				},
				"fin_left": {
					"rotation": {
						"0.0": [0, -45, 0],
						"0.5": [0, 0, 0],
						"0.9583": [0, -67.5, 0],
						"1.0417": [0, -95.85, 0],
						"1.4583": [0, -71.46, 0],
						"2.0": [0, -22.5, 0]
					}
				},
				"fin_right": {
					"rotation": {
						"0.0": [0, 45, 0],
						"0.5": [0, 0, 0],
						"0.9583": [0, 67.5, 0],
						"1.0417": [0, 95.85, 0],
						"1.4583": [0, 71.46, 0],
						"2.0": [0, 22.5, 0]
					}
				},
				"antennas": {
					"rotation": [0, 0, 0]
				},
				"bone2": {
					"rotation": {
						"0.5": [0, 0, 22.5],
						"1.0": [45, 0, 22.5],
						"1.0417": [69.10526, 0, 22.5],
						"1.7917": [-10, 0, 22.5]
					}
				},
				"bone3": {
					"rotation": {
						"0.5": [-22.5, 0, 0],
						"0.5833": [12, 0, 0],
						"1.0": [22.5, 0, 0],
						"1.7917": [-20.5, 0, 0]
					}
				},
				"bone4": {
					"rotation": {
						"0.5": [-22.5, 0, 0],
						"1.0": [22.5, 0, 0],
						"1.9167": [-8.5, 0, 0]
					}
				},
				"bone5": {
					"rotation": {
						"0.5": [-45, 0, 0],
						"0.5833": [23, 0, 0],
						"1.0": [45, 0, 0],
						"2.0833": [23, 0, 0]
					}
				},
				"bone6": {
					"rotation": {
						"0.5": [-22.5, 0, 0],
						"0.5833": [39.75, 0, 0],
						"1.0": [45, 0, 0],
						"1.0417": [28, 0, 0],
						"2.25": [7, 0, 0]
					}
				},
				"bone7": {
					"rotation": {
						"0.5": [22.5, 0, 0],
						"1.0": [22.5, 0, 0],
						"2.4167": [15.5, 0, 0]
					}
				},
				"bone8": {
					"rotation": {
						"0.5": [45, 0, 0],
						"1.0": [-22.5, 0, 0],
						"1.7917": [16.5, 0, 0]
					}
				},
				"bone9": {
					"rotation": [0, 0, 0]
				},
				"bone10": {
					"rotation": {
						"0.5": [0, 0, -22.5],
						"1.0": [0, 22.5, -22.5],
						"1.0417": [0, 53.02632, -22.5],
						"1.7917": [0, -24.5, -22.5]
					}
				},
				"bone11": {
					"rotation": {
						"0.5": [0, -22.5, 0],
						"0.5833": [0, 17.75, 0],
						"1.0": [0, 45, 0],
						"1.7917": [0, -16, 0]
					}
				},
				"bone12": {
					"rotation": {
						"0.5": [0, -22.5, 0],
						"1.0": [0, 22.5, 0]
					}
				},
				"bone13": {
					"rotation": {
						"0.5": [0, -45, 0],
						"0.5833": [0, 29, 0],
						"1.0": [0, 45, 0],
						"1.9167": [0, -12, 0]
					}
				},
				"bone14": {
					"rotation": {
						"0.5": [0, -22.5, 0],
						"0.5833": [0, 35.75, 0],
						"1.0": [0, 45, 0],
						"1.0417": [0, 29.26, 0],
						"2.0": [0, 31, 0]
					}
				},
				"bone15": {
					"rotation": {
						"0.5": [0, 22.5, 0],
						"1.0": [0, 22.5, 0],
						"2.25": [0, 7.5, 0]
					}
				},
				"bone16": {
					"rotation": {
						"0.5": [0, 45, 0],
						"1.0": [0, -22.5, 0],
						"2.4167": [0, 7.5, 0]
					}
				},
				"body": {
					"rotation": {
						"0.5": [10, 0, 0],
						"1.0": [0, 0, 0]
					}
				},
				"arm_left": {
					"rotation": {
						"0.0": [18.40677, -65.91489, -24.36587],
						"0.5": [10.32799, -44.04843, -14.68734],
						"1.0": [0, -120, 0],
						"1.0417": [0, -122.73, 0],
						"1.2083": [0, -68.63995, 0],
						"1.4583": [0, -46.41, 0],
						"1.5833": [0, 15, 0]
					},
					"position": [0.25, 0, 0.5]
				},
				"arm_right": {
					"rotation": {
						"0.0": [19.96243, 65.61124, 26.49154],
						"0.5": [11.27511, 43.86102, 16.05185],
						"1.0": [0, 120, 0],
						"1.0417": [0, 127.96, 0],
						"1.2083": [0, 69.81, 0],
						"1.4583": [0, 46.84, 0],
						"1.5833": [0, -15, 0]
					},
					"position": [-0.75, 0, 0]
				},
				"leg_left": {
					"rotation": {
						"0.0": [-45, 0, 0],
						"0.25": [-42.5, 0, 0],
						"0.5": [0, 0, 0],
						"0.6667": [-59.33, 0, 0],
						"1.0": [-70, 0, 0],
						"1.0417": [-92.5, 0, 0],
						"1.2083": [-70, 0, 0],
						"1.5": [-7.5, 0, 0]
					},
					"position": {
						"1.0": [0, 0, -1],
						"1.2083": [0, 0, -1],
						"1.5": [0, 0, 0]
					}
				},
				"foot_left": {
					"rotation": {
						"1.0": [-18.54835, -19.03771, 6.24605],
						"1.5": [27.48435, 2.38422, -0.7522]
					}
				},
				"leg_right": {
					"rotation": {
						"0.0": [-45, 0, 0],
						"0.25": [-42.5, 0, 0],
						"0.5": [0, 0, 0],
						"0.6667": [-48.83, 0, 0],
						"1.0": [-92.5, 0, 0],
						"1.0417": [-115, 0, 0],
						"1.2083": [-92.5, 0, 0],
						"1.5": [-7.5, 0, 0]
					},
					"position": {
						"1.0": [0, 0, -1],
						"1.2083": [0, 0, -1],
						"1.5": [0, 0, 0]
					}
				},
				"foot_right": {
					"rotation": {
						"1.0": [-20, 0, 12.5],
						"1.5": [26.41403, -7.52076, -8.76765]
					}
				},
				"tail": {
					"rotation": {
						"0.5": [0, 0, 0],
						"0.625": [-67.5, 0, 0],
						"1.0": [-90, 0, 0],
						"1.125": [-123.19, 0, 0],
						"1.6667": [-59, 0, 0]
					}
				},
				"tail_1": {
					"rotation": [-22.5, 0, 0]
				},
				"tail_2": {
					"rotation": {
						"0.0": [0, 0, 0],
						"0.25": [-44, 0, 0],
						"0.5": [0, 0, 0],
						"0.625": [-57.71, 0, 0],
						"0.7917": [-47.17, 0, 0],
						"1.0": [-64, 0, 0],
						"1.6667": [-6, 0, 0]
					}
				},
				"tail_3": {
					"rotation": {
						"0.5": [0, 0, 0],
						"0.625": [-42.5, 0, 0],
						"1.0": [-50, 0, 0],
						"1.0417": [-72, 0, 0],
						"1.75": [-14.5, 0, 0]
					}
				},
				"tail_4": {
					"rotation": {
						"0.5": [0, 0, 0],
						"0.625": [-56.25, 0, 0],
						"1.0": [-55, 0, 0],
						"1.75": [-40, 0, 0]
					},
					"position": [0, -1.25, 0]
				},
				"tail_5": {
					"rotation": {
						"0.5": [0, 0, 0],
						"1.0": [-20, 0, 0],
						"1.75": [28, 0, 0]
					}
				},
				"fire": {
					"rotation": {
						"0.0": [0, 0, 0],
						"0.0417": [-44.07, 0, 0],
						"0.2917": [-63.5, 0, 0],
						"0.5": [-37.36, 0, 0],
						"0.625": [-75.91, 0, 0],
						"0.875": [-85.5, 0, 0],
						"1.0": [-45, 0, 0]
					},
					"position": [0, 0, -4.25],
					"scale": {
						"0.0": [0, 0, 0],
						"0.0417": {
							"pre": [1, 1, 1],
							"post": [0, 0, 0]
						},
						"0.1667": {
							"pre": [0, 0, 0],
							"post": [1, 1, 1]
						},
						"0.2917": {
							"pre": [1, 1, 1],
							"post": [0, 0, 0]
						},
						"0.4167": {
							"pre": [0, 0, 0],
							"post": [1, 1, 1]
						},
						"0.5": {
							"pre": [1, 1, 1],
							"post": [0, 0, 0]
						},
						"0.625": {
							"pre": [0, 0, 0],
							"post": [1, 1, 1]
						},
						"0.75": {
							"pre": [1, 1, 1],
							"post": [0, 0, 0]
						},
						"0.7917": {
							"pre": [0, 0, 0],
							"post": [1, 1, 1]
						},
						"0.875": {
							"pre": [1, 1, 1],
							"post": [0, 0, 0]
						},
						"1.0": {
							"pre": [0, 0, 0],
							"post": [1, 1, 1]
						},
						"1.0833": [0, 0, 0]
					}
				},
				"mouth_open_small": {
					"position": {
						"0.0": [0, 0, -0.1],
						"0.5": {
							"pre": [0, 0, -0.1],
							"post": [0, 0, 0]
						}
					}
				},
				"mouth_smile2": {
					"position": {
						"0.0": [0, 0, 0],
						"1.4583": [0, 0, 0.1]
					}
				}
			},
			"sound_effects": {
				"0.4167": {
					"effect": "pokemon.stellotl.cry"
				}
			}
		},
		"animation.stellotl.render": {
			"loop": true,
			"bones": {
				"head": {
					"rotation": [0, 0, -5]
				},
				"eye_right": {
					"position": [0, 0, 0.2]
				},
				"eye_lid_right": {
					"rotation": [0, 0, -5],
					"position": [0.2, 0, -0.2]
				},
				"mouth_smile": {
					"position": [0, 0, -0.1]
				},
				"mouth": {
					"position": [0, 0, 0.1]
				},
				"bone2": {
					"rotation": [0, 0, 20]
				},
				"bone3": {
					"rotation": [-32.5, 0, 0]
				},
				"bone4": {
					"rotation": [-27.5, 0, 0]
				},
				"bone5": {
					"rotation": [-37.5, 0, 0]
				},
				"bone6": {
					"rotation": [-20, 0, 0]
				},
				"bone7": {
					"rotation": [35, 0, 0]
				},
				"bone8": {
					"rotation": [37.5, 0, 0]
				},
				"bone10": {
					"rotation": [0, 0, -25]
				},
				"bone11": {
					"rotation": [0, -30, 0]
				},
				"bone12": {
					"rotation": [0, -37.5, 0]
				},
				"bone13": {
					"rotation": [0, -27.5, 0]
				},
				"bone14": {
					"rotation": [0, -22.5, 0]
				},
				"bone15": {
					"rotation": [0, 27.5, 0]
				},
				"bone16": {
					"rotation": [0, 37.5, 0]
				},
				"body": {
					"rotation": [15, 0, 0]
				},
				"arm_left": {
					"rotation": [1.3378, 14.94159, 5.17544]
				},
				"arm_right": {
					"rotation": [-146.59733, 46.60184, -137.77371],
					"position": [-0.5, 0, 0]
				},
				"leg_right": {
					"rotation": [20, 0, 0]
				},
				"tail": {
					"rotation": [0, 27.5, 0]
				},
				"tail_2": {
					"rotation": [0, 22.5, 0]
				},
				"tail_3": {
					"rotation": [0, 12.5, 0]
				},
				"tail_4": {
					"rotation": [0, 12.5, 0]
				},
				"fire": {
					"rotation": [0, 17.5, 0]
				},
				"fire2": {
					"rotation": [0, 35, 0]
				}
			}
		},
		"animation.stellotl.happy": {
			"loop": true,
			"bones": {
				"eye_right": {
					"position": [0, 0, 0.1]
				},
				"eye_left": {
					"position": [0, 0, 0.2]
				},
				"eye_lid_left": {
					"rotation": [0, 0, 7],
					"position": [-0.1, 0.1, -0.1]
				},
				"eye_lid_right": {
					"rotation": [0, 0, -7],
					"position": [0.1, 0.1, -0.1]
				},
				"mouth_smile": {
					"position": [0, 0, -0.1]
				},
				"mouth": {
					"position": [0, 0, 0.1]
				}
			}
		},
		"animation.stellotl.angry": {
			"loop": true,
			"bones": {
				"eye_angry_left": {
					"position": [0, 0, -0.1]
				},
				"eye_angry_right": {
					"position": [0, 0, -0.1]
				},
				"mouth_smile2": {
					"position": [0, -0.3, 0]
				}
			}
		},
		"animation.stellotl.worried": {
			"loop": true,
			"bones": {
				"mouth": {
					"position": [0, 0, 0.1]
				},
				"eye_angry_left": {
					"position": [-1.5, 0.25, -0.1]
				},
				"eye_angry_right": {
					"position": [1.5, 0.25, -0.1]
				},
				"mouth_open_small": {
					"position": [0, 0, -0.1]
				}
			}
		},
		"animation.stellotl.shocked": {
			"loop": true,
			"bones": {
				"eye_right": {
					"position": [0, 0, 0.1]
				},
				"eye_left": {
					"position": [0, 0, 0.1]
				},
				"mouth": {
					"position": [0, 0, 0.1]
				},
				"mouth_open": {
					"position": [0, 0, -0.1]
				},
				"eye_left_shock": {
					"position": [0, 0, -0.1]
				},
				"eye_right_shock": {
					"position": [0, 0, -0.1]
				}
			}
		},
		"animation.stellotl.drowsy": {
			"loop": true,
			"bones": {
				"eye_lid_left": {
					"rotation": [0, 0, -4],
					"position": [0, 0, -0.1]
				},
				"eye_lid_right": {
					"rotation": [0, 0, 4],
					"position": [0, 0, -0.1]
				},
				"eye_left": {
					"position": [0, 0, 0.1]
				},
				"eye_right": {
					"position": [0, 0, 0.1]
				},
				"mouth_open_small": {
					"position": [0, 0, -0.1]
				},
				"mouth": {
					"position": [0, 0, 0.1]
				}
			}
		},
		"animation.stellotl.quirk": {
			"animation_length": 4,
			"bones": {
				"stellotlbody": {
					"rotation": {
						"0.0": [0, 0, 0],
						"0.5": {
							"pre": [7.5, 0, 0],
							"post": [7.5, 0, 0],
							"lerp_mode": "catmullrom"
						},
						"2.25": {
							"post": [-5.5, 0, 0],
							"lerp_mode": "catmullrom"
						},
						"2.5833": {
							"post": [0, 0, 0],
							"lerp_mode": "catmullrom"
						},
						"2.9583": {
							"post": [5, 0, 0],
							"lerp_mode": "catmullrom"
						},
						"3.5": {
							"post": [0, 0, 0],
							"lerp_mode": "catmullrom"
						}
					},
					"position": {
						"0.0": [0, 0, 0],
						"0.5": {
							"pre": [0, -2, 0],
							"post": [0, -2, 0],
							"lerp_mode": "catmullrom"
						},
						"0.75": {
							"post": [0, -1, 0],
							"lerp_mode": "catmullrom"
						},
						"1.0": {
							"post": [0, 0.45, 0],
							"lerp_mode": "catmullrom"
						},
						"2.25": {
							"post": [0, 3, 0],
							"lerp_mode": "catmullrom"
						},
						"2.75": {
							"post": [0, -0.75, 0],
							"lerp_mode": "catmullrom"
						},
						"3.2083": {
							"post": [0, -0.5, 0],
							"lerp_mode": "catmullrom"
						},
						"3.5": [0, 0, 0]
					}
				},
				"head": {
					"rotation": {
						"0.0": [0, 0, 0],
						"0.5": [7.5, 0, 0],
						"0.7083": [12.5, 0, 0],
						"2.5": [-9.36, 0, 0],
						"2.8333": [-7.5, 0, 0],
						"3.0833": [10, 0, 0],
						"3.75": [0, 0, 0]
					}
				},
				"eye_left": {
					"position": {
						"0.0": [0, 0, 0],
						"0.3333": {
							"pre": [0, 0, 0],
							"post": [0, 0, 0.1]
						},
						"3.7917": {
							"pre": [0, 0, 0.1],
							"post": [0, 0, 0]
						}
					}
				},
				"eye_right": {
					"position": {
						"0.0": [0, 0, 0],
						"0.3333": {
							"pre": [0, 0, 0],
							"post": [0, 0, 0.1]
						},
						"3.7917": {
							"pre": [0, 0, 0.1],
							"post": [0, 0, 0]
						}
					}
				},
				"eye_lid_left": {
					"position": {
						"0.0": [0, 0, 0],
						"0.3333": {
							"pre": [0, 0, 0],
							"post": [0, 0, -0.1]
						},
						"3.7917": {
							"pre": [0, 0, -0.1],
							"post": [0, 0, 0]
						}
					}
				},
				"eye_lid_right": {
					"position": {
						"0.0": [0, 0, 0],
						"0.3333": {
							"pre": [0, 0, 0],
							"post": [0, 0, -0.1]
						},
						"3.7917": {
							"pre": [0, 0, -0.1],
							"post": [0, 0, 0]
						}
					}
				},
				"mouth_open_small": {
					"position": {
						"0.0": [0, 0, 0],
						"0.75": {
							"pre": [0, 0, 0],
							"post": [0, 0, -0.1]
						},
						"1.5": {
							"pre": [0, 0, -0.1],
							"post": [0, 0, 0]
						},
						"2.5": {
							"pre": [0, 0, 0],
							"post": [0, 0, -0.1]
						},
						"3.5": {
							"pre": [0, 0, -0.1],
							"post": [0, 0, -0.1]
						},
						"3.75": {
							"pre": [0, 0, -0.1],
							"post": [0, 0, 0]
						}
					}
				},
				"mouth_smile": {
					"position": {
						"0.0": [0, 0, 0],
						"1.75": {
							"pre": [0, 0, 0],
							"post": [0, 0, -0.1]
						},
						"2.5": {
							"pre": [0, 0, -0.1],
							"post": [0, 0, 0]
						}
					}
				},
				"mouth": {
					"position": {
						"0.0": [0, 0, 0],
						"0.75": {
							"pre": [0, 0, 0],
							"post": [0, 0, 0.1]
						},
						"3.75": {
							"pre": [0, 0, 0.1],
							"post": [0, 0, 0]
						}
					}
				},
				"mouth_smile2": {
					"position": {
						"0.0": [0, 0, 0],
						"0.5": {
							"pre": [0, 0, 0],
							"post": [0, 0, 0.1]
						},
						"3.7083": {
							"pre": [0, 0, 0.1],
							"post": [0, 0, 0]
						}
					}
				},
				"mouth_open": {
					"position": {
						"0.0": [0, 0, 0],
						"1.5": {
							"pre": [0, 0, 0],
							"post": [0, 0, -0.1]
						},
						"1.75": {
							"pre": [0, 0, -0.1],
							"post": [0, 0, 0]
						}
					}
				},
				"fin_left": {
					"rotation": {
						"0.0": [0, 0, 0],
						"0.5": [0, 10, 0],
						"2.5": [0, -15, 0],
						"2.875": [0, -25, 0],
						"3.75": [0, 0, 0]
					}
				},
				"fin_right": {
					"rotation": {
						"0.0": [0, 0, 0],
						"0.5": [0, -10, 0],
						"2.5": [0, 15, 0],
						"2.875": [0, 27.5, 0],
						"3.75": [0, 0, 0]
					}
				},
				"arm_left": {
					"rotation": {
						"0.0": [0, 0, 0],
						"0.7083": [0, 0, -20],
						"3.0": [-12.5, 0, 20],
						"3.25": [-5.5, 0, -10],
						"3.75": [0, 0, 0]
					}
				},
				"arm_right": {
					"rotation": {
						"0.0": [0, 0, 0],
						"0.7083": [0, 0, 20],
						"3.0": [-12.5, 0, -20],
						"3.25": [-5.5, 0, 10],
						"3.75": [0, 0, 0]
					}
				},
				"leg_left": {
					"rotation": {
						"0.0": [0, 0, 0],
						"0.875": {
							"pre": [-12.5, 0, 0],
							"post": [-12.5, 0, 0],
							"lerp_mode": "catmullrom"
						},
						"2.5833": {
							"post": [5, 0, 0],
							"lerp_mode": "catmullrom"
						},
						"3.0417": {
							"post": [5, 0, 0],
							"lerp_mode": "catmullrom"
						},
						"3.4167": {
							"post": [-6.71, 0, 0],
							"lerp_mode": "catmullrom"
						},
						"3.75": {
							"post": [0, 0, 0],
							"lerp_mode": "catmullrom"
						}
					}
				},
				"leg_right": {
					"rotation": {
						"0.0": [0, 0, 0],
						"0.875": {
							"pre": [-12.5, 0, 0],
							"post": [-12.5, 0, 0],
							"lerp_mode": "catmullrom"
						},
						"2.5833": {
							"post": [5, 0, 0],
							"lerp_mode": "catmullrom"
						},
						"3.0417": {
							"post": [5, 0, 0],
							"lerp_mode": "catmullrom"
						},
						"3.4167": {
							"post": [-6.71, 0, 0],
							"lerp_mode": "catmullrom"
						},
						"3.75": {
							"post": [0, 0, 0],
							"lerp_mode": "catmullrom"
						}
					}
				},
				"tail_1": {
					"rotation": {
						"0.0": [0, 0, 0],
						"0.7083": [-5, 0, 0],
						"2.5": [2.5, 0, 0],
						"2.8333": [0, 0, 0]
					}
				},
				"tail_2": {
					"rotation": {
						"0.0": [0, 0, 0],
						"2.5": [5, 0, 0],
						"3.25": [0, 0, 0]
					}
				}
			}
		},
		"animation.stellotl.ground_run": {
			"loop": true,
			"bones": {
				"stellotlbody": {
					"rotation": [55, 0, "0+math.sin(q.anim_time*90*2)*1.5"],
					"position": [0, "0+math.sin(q.anim_time*90*1)*0.85", 0]
				},
				"head": {
					"rotation": [-52.5, 0, 0],
					"position": [0, 0, -1.5]
				},
				"eye_angry_left": {
					"position": [0, 0, -0.1]
				},
				"eye_angry_right": {
					"position": [0, 0, -0.1]
				},
				"fin_left": {
					"rotation": [0, "10+math.sin(query.anim_time * 1200) * 1", 0]
				},
				"fin_right": {
					"rotation": [0, "-10+math.sin(query.anim_time * 1200) * -1", 0]
				},
				"bone2": {
					"rotation": [2, 0, 25]
				},
				"bone3": {
					"rotation": ["-32.5+math.sin(q.anim_time*90*8)*5", 0, 0]
				},
				"bone4": {
					"rotation": ["-25+math.sin(q.anim_time*90*8-30)*7.5", 0, 0]
				},
				"bone5": {
					"rotation": ["-27.5+math.sin(q.anim_time*90*8-60)*10", 0, 0]
				},
				"bone6": {
					"rotation": ["-7.5+math.sin(q.anim_time*90*8-90)*15", 0, 0]
				},
				"bone7": {
					"rotation": ["0+math.sin(q.anim_time*90*8-150)*25", 0, 0]
				},
				"bone8": {
					"rotation": ["0+math.sin(q.anim_time*90*8-180)*40", 0, 0]
				},
				"bone10": {
					"rotation": [0, -2, -25]
				},
				"bone11": {
					"rotation": [0, "-32.5+math.sin(q.anim_time*90*8)*5", 0]
				},
				"bone12": {
					"rotation": [0, "-25+math.sin(q.anim_time*90*8-30)*7.5", 0]
				},
				"bone13": {
					"rotation": [0, "-27.5+math.sin(q.anim_time*90*8-60)*10", 0]
				},
				"bone14": {
					"rotation": [0, "-7.5+math.sin(q.anim_time*90*8-90)*15", 0]
				},
				"bone15": {
					"rotation": [0, "0+math.sin(q.anim_time*90*8-150)*25", 0]
				},
				"bone16": {
					"rotation": [0, "0+math.sin(q.anim_time*90*8-180)*40", 0]
				},
				"arm_left": {
					"rotation": [0, 15, "-62.5+math.sin(q.anim_time*90*8-10)*-2"]
				},
				"arm_right": {
					"rotation": [0, -15, "62.5+math.sin(q.anim_time*90*8-10)*2"]
				},
				"leg_left": {
					"rotation": ["0+math.sin(q.anim_time*90*8-30)*2", 0, 0]
				},
				"leg_right": {
					"rotation": ["0+math.sin(q.anim_time*90*8-60)*2", 0, 0]
				},
				"tail": {
					"rotation": ["-30+math.sin(q.anim_time*90*1)*2.5", 0, 0]
				},
				"fire": {
					"rotation": ["-2.5+math.sin(q.anim_time*90*1-30)*2.5", 0, 0],
					"position": [0, 0, -3],
					"scale": ["1+math.sin(q.anim_time*90*18-30)*-0.04", "1+math.sin(q.anim_time*90*18)*0.04", "1+math.sin(q.anim_time*90*18-60)*-0.04"]
				},
				"tail_2": {
					"rotation": ["0+math.sin(q.anim_time*90*1-30)*2.5", 0, 0]
				}
			}
		}
	}
}