{
	"format_version": "1.12.0",
	"minecraft:geometry": [
		{
			"description": {
				"identifier": "geometry.fungalith",
				"texture_width": 256,
				"texture_height": 256,
				"visible_bounds_width": 6,
				"visible_bounds_height": 8,
				"visible_bounds_offset": [0, 0, 0]
			},
			"bones": [
				{
					"name": "fungalith",
					"pivot": [0, 0, 0]
				},
				{
					"name": "body",
					"parent": "fungalith",
					"pivot": [0, 0, 14]
				},
				{
					"name": "torso",
					"parent": "body",
					"pivot": [0, 0, 0],
					"cubes": [
						{"origin": [-18, 0, -12], "size": [36, 7, 22], "uv": [0, 64]}
					]
				},
				{
					"name": "upper_torso",
					"parent": "torso",
					"pivot": [0, 7, 10]
				},
				{
					"name": "mouth",
					"parent": "upper_torso",
					"pivot": [0, 7, 10],
					"cubes": [
						{"origin": [-24, 7, -17], "size": [0, 30, 32], "uv": [0, 93]},
						{"origin": [-23.75, 7, -17], "size": [0, 30, 32], "uv": [0, 93]},
						{"origin": [24, 7, -17], "size": [0, 30, 32], "uv": [64, 93]},
						{"origin": [23.75, 7, -17], "size": [0, 30, 32], "uv": [64, 93]},
						{"origin": [-24, 7, -17], "size": [48, 30, 0], "uv": [128, 64]},
						{"origin": [-24, 37, -17], "size": [48, 0, 32], "uv": [0, 0]},
						{"origin": [-24, 35.75, -17], "size": [48, 0, 32], "uv": [0, 0]},
						{"origin": [-24, 7, -17], "size": [48, 0, 32], "uv": [0, 32]},
						{"origin": [-24, 10, -17], "size": [48, 0, 32], "uv": [0, 32]},
						{"origin": [-24, 7, 15], "size": [48, 30, 0], "uv": [128, 94]},
						{"origin": [-24, 7, 14], "size": [48, 30, 0], "uv": [128, 94]}
					]
				},
				{
					"name": "uvula",
					"parent": "mouth",
					"pivot": [-1, 35.75, -1],
					"cubes": [
						{"origin": [-1, 31.9, -1], "size": [2, 4, 2], "uv": [163, 246]}
					]
				},
				{
					"name": "uvula2",
					"parent": "uvula",
					"pivot": [0.5, 31.95, -0.5],
					"cubes": [
						{"origin": [-0.5, 28, -0.5], "size": [1, 4, 1], "uv": [174, 251]}
					]
				},
				{
					"name": "uvula3",
					"parent": "uvula2",
					"pivot": [-0.5, 28.1, -0.5],
					"cubes": [
						{"origin": [-1.5, 24.1, -1.5], "size": [3, 4, 3], "uv": [239, 248]}
					]
				},
				{
					"name": "face",
					"parent": "upper_torso",
					"pivot": [0, 0, 0]
				},
				{
					"name": "stache_left",
					"parent": "face",
					"pivot": [16, 15, -17],
					"rotation": [0, 40, 5],
					"cubes": [
						{"origin": [16, 12, -17], "size": [4, 3, 0], "pivot": [20, 15, -17], "rotation": [0, 0, 0], "uv": [132, 189]}
					]
				},
				{
					"name": "stache_right",
					"parent": "face",
					"pivot": [-16, 15, -17],
					"rotation": [0, -40, -5],
					"cubes": [
						{"origin": [-20, 12, -17], "size": [4, 3, 0], "pivot": [-16, 15, -17], "rotation": [0, 0, 0], "uv": [84, 189]}
					]
				},
				{
					"name": "brow_right",
					"parent": "face",
					"pivot": [-17, 16.75, -18],
					"cubes": [
						{"origin": [-17, 16.75, -19.01], "size": [3, 2, 2], "pivot": [-17, 16.75, -18], "rotation": [0, 0, -12.5], "uv": [186, 177]}
					]
				},
				{
					"name": "brow_left",
					"parent": "face",
					"pivot": [17, 16.75, -18],
					"cubes": [
						{"origin": [14, 16.75, -19.01], "size": [3, 2, 2], "pivot": [17, 16.75, -18.1], "rotation": [0, 0, 12.5], "uv": [186, 181]}
					]
				},
				{
					"name": "eye_left",
					"parent": "face",
					"pivot": [17, 16, -16.1],
					"cubes": [
						{"origin": [16, 15, -17.01], "size": [2, 2, 0], "uv": [92, 189]}
					]
				},
				{
					"name": "eye_right",
					"parent": "face",
					"pivot": [-17, 16, -17.01],
					"cubes": [
						{"origin": [-18, 15, -17.01], "size": [2, 2, 0], "uv": [180, 188]}
					]
				},
				{
					"name": "whisker_left",
					"parent": "face",
					"pivot": [14.3, 18.25, -17],
					"rotation": [0, 17.5, 12.5],
					"cubes": [
						{"origin": [14.3, 18, -17], "size": [9, 11, 0], "pivot": [27.3, 18, -17], "rotation": [0, 0, 0], "uv": [132, 199]}
					]
				},
				{
					"name": "whisker_right",
					"parent": "face",
					"pivot": [-14.3, 18.25, -17],
					"rotation": [0, -17.5, -12.5],
					"cubes": [
						{"origin": [-23.3, 18, -17], "size": [9, 11, 0], "pivot": [-14.3, 18, -17], "rotation": [0, 0, 0], "uv": [116, 172]}
					]
				},
				{
					"name": "sand",
					"parent": "upper_torso",
					"pivot": [0, 7, 10],
					"cubes": [
						{"origin": [8, -15.99, -17], "size": [16, 0, 16], "uv": [128, 124]},
						{"origin": [8, -15.99, -1], "size": [16, 0, 16], "uv": [128, 156]},
						{"origin": [23, -27, 1], "size": [16, 0, 16], "pivot": [28, -27, 8], "rotation": [180, 0, -90], "uv": [128, 156]},
						{"origin": [23, -27, -15], "size": [16, 0, 16], "pivot": [28, -27, -8], "rotation": [180, 0, -90], "uv": [128, 156]},
						{"origin": [-33, -27, -1], "size": [16, 0, 16], "pivot": [-28, -27, 6], "rotation": [0, 0, -90], "uv": [128, 156]},
						{"origin": [-33, -27, -17], "size": [16, 0, 16], "pivot": [-28, -27, -10], "rotation": [0, 0, -90], "uv": [128, 156]},
						{"origin": [23, -27, 7], "size": [16, 0, 4], "pivot": [28, -27, 13], "rotation": [180, 0, -90], "uv": [140, 168]},
						{"origin": [-36, -24, 15], "size": [16, 0, 4], "pivot": [-27.99, -24, 17], "rotation": [0, 0, -90], "uv": [140, 168]},
						{"origin": [23, -27, -29], "size": [16, 0, 4], "pivot": [28, -27, -23], "rotation": [180, 0, -90], "uv": [140, 168]},
						{"origin": [23, -43, -15], "size": [16, 0, 16], "pivot": [28, -43, -8], "rotation": [180, 0, -90], "uv": [128, 156]},
						{"origin": [23, -43, -29], "size": [16, 0, 4], "pivot": [28, -43, -23], "rotation": [180, 0, -90], "uv": [140, 168]},
						{"origin": [23, -43, 1], "size": [16, 0, 16], "pivot": [28, -43, 8], "rotation": [180, 0, -90], "uv": [128, 156]},
						{"origin": [23, -43, 7], "size": [16, 0, 4], "pivot": [28, -43, 13], "rotation": [180, 0, -90], "uv": [140, 168]},
						{"origin": [23, -59, -15], "size": [16, 0, 16], "pivot": [28, -59, -8], "rotation": [180, 0, -90], "uv": [128, 156]},
						{"origin": [23, -59, -29], "size": [16, 0, 4], "pivot": [28, -59, -23], "rotation": [180, 0, -90], "uv": [140, 168]},
						{"origin": [23, -59, 1], "size": [16, 0, 16], "pivot": [28, -59, 8], "rotation": [180, 0, -90], "uv": [128, 156]},
						{"origin": [23, -59, 7], "size": [16, 0, 4], "pivot": [28, -59, 13], "rotation": [180, 0, -90], "uv": [140, 168]},
						{"origin": [-36, -24, -21], "size": [16, 0, 4], "pivot": [-27.99, -24, -19], "rotation": [0, 0, -90], "uv": [140, 168]},
						{"origin": [-36, -40, 15], "size": [16, 0, 4], "pivot": [-27.99, -40, 17], "rotation": [0, 0, -90], "uv": [140, 168]},
						{"origin": [-33, -43, -1], "size": [16, 0, 16], "pivot": [-28, -43, 6], "rotation": [0, 0, -90], "uv": [128, 156]},
						{"origin": [-36, -40, -21], "size": [16, 0, 4], "pivot": [-27.99, -40, -19], "rotation": [0, 0, -90], "uv": [140, 168]},
						{"origin": [-33, -43, -17], "size": [16, 0, 16], "pivot": [-28, -43, -10], "rotation": [0, 0, -90], "uv": [128, 156]},
						{"origin": [-36, -56, 15], "size": [16, 0, 4], "pivot": [-27.99, -56, 17], "rotation": [0, 0, -90], "uv": [140, 168]},
						{"origin": [-33, -59, -1], "size": [16, 0, 16], "pivot": [-28, -59, 6], "rotation": [0, 0, -90], "uv": [128, 156]},
						{"origin": [-36, -56, -21], "size": [16, 0, 4], "pivot": [-27.99, -56, -19], "rotation": [0, 0, -90], "uv": [140, 168]},
						{"origin": [-33, -59, -17], "size": [16, 0, 16], "pivot": [-28, -59, -10], "rotation": [0, 0, -90], "uv": [128, 156]},
						{"origin": [10, -27, 12], "size": [16, 0, 16], "pivot": [15, -27, 19], "rotation": [-90, 0, -90], "uv": [128, 156]},
						{"origin": [12, -27, -28], "size": [16, 0, 16], "pivot": [17, -27, -21], "rotation": [90, 0, -90], "uv": [128, 156]},
						{"origin": [-4, -27, -28], "size": [16, 0, 16], "pivot": [1, -27, -21], "rotation": [90, 0, -90], "uv": [128, 156]},
						{"origin": [-4, -43, -28], "size": [16, 0, 16], "pivot": [1, -43, -21], "rotation": [90, 0, -90], "uv": [128, 156]},
						{"origin": [-20, -27, -28], "size": [16, 0, 16], "pivot": [-15, -27, -21], "rotation": [90, 0, -90], "uv": [128, 156]},
						{"origin": [-20, -43, -28], "size": [16, 0, 16], "pivot": [-15, -43, -21], "rotation": [90, 0, -90], "uv": [128, 156]},
						{"origin": [12, -43, -28], "size": [16, 0, 16], "pivot": [17, -43, -21], "rotation": [90, 0, -90], "uv": [128, 156]},
						{"origin": [-20, -59, -28], "size": [16, 0, 16], "pivot": [-15, -59, -21], "rotation": [90, 0, -90], "uv": [128, 156]},
						{"origin": [-4, -59, -28], "size": [16, 0, 16], "pivot": [1, -59, -21], "rotation": [90, 0, -90], "uv": [128, 156]},
						{"origin": [12, -59, -28], "size": [16, 0, 16], "pivot": [17, -59, -21], "rotation": [90, 0, -90], "uv": [128, 156]},
						{"origin": [-6, -27, 12], "size": [16, 0, 16], "pivot": [-1, -27, 19], "rotation": [-90, 0, -90], "uv": [128, 156]},
						{"origin": [-22, -27, 12], "size": [16, 0, 16], "pivot": [-17, -27, 19], "rotation": [-90, 0, -90], "uv": [128, 156]},
						{"origin": [26, -27, 12], "size": [16, 0, 4], "pivot": [31, -27, 19], "rotation": [-90, 0, -90], "uv": [140, 168]},
						{"origin": [-26, -27, 12], "size": [16, 0, 4], "pivot": [-21, -27, 19], "rotation": [-90, 0, -90], "uv": [140, 168]},
						{"origin": [26, -59, 12], "size": [16, 0, 4], "pivot": [31, -59, 19], "rotation": [-90, 0, -90], "uv": [140, 168]},
						{"origin": [10, -59, 12], "size": [16, 0, 16], "pivot": [15, -59, 19], "rotation": [-90, 0, -90], "uv": [128, 156]},
						{"origin": [-6, -59, 12], "size": [16, 0, 16], "pivot": [-1, -59, 19], "rotation": [-90, 0, -90], "uv": [128, 156]},
						{"origin": [-22, -59, 12], "size": [16, 0, 16], "pivot": [-17, -59, 19], "rotation": [-90, 0, -90], "uv": [128, 156]},
						{"origin": [-26, -59, 12], "size": [16, 0, 4], "pivot": [-21, -59, 19], "rotation": [-90, 0, -90], "uv": [140, 168]},
						{"origin": [26, -43, 12], "size": [16, 0, 4], "pivot": [31, -43, 19], "rotation": [-90, 0, -90], "uv": [140, 168]},
						{"origin": [10, -43, 12], "size": [16, 0, 16], "pivot": [15, -43, 19], "rotation": [-90, 0, -90], "uv": [128, 156]},
						{"origin": [-6, -43, 12], "size": [16, 0, 16], "pivot": [-1, -43, 19], "rotation": [-90, 0, -90], "uv": [128, 156]},
						{"origin": [-22, -43, 12], "size": [16, 0, 16], "pivot": [-17, -43, 19], "rotation": [-90, 0, -90], "uv": [128, 156]},
						{"origin": [-26, -43, 12], "size": [16, 0, 4], "pivot": [-21, -43, 19], "rotation": [-90, 0, -90], "uv": [140, 168]},
						{"origin": [-36, -27, -28], "size": [16, 0, 4], "pivot": [-31, -27, -21], "rotation": [90, 0, -90], "uv": [140, 168]},
						{"origin": [16, -27, -28], "size": [16, 0, 4], "pivot": [21, -27, -21], "rotation": [90, 0, -90], "uv": [140, 168]},
						{"origin": [16, -43, -28], "size": [16, 0, 4], "pivot": [21, -43, -21], "rotation": [90, 0, -90], "uv": [140, 168]},
						{"origin": [-36, -43, -28], "size": [16, 0, 4], "pivot": [-31, -43, -21], "rotation": [90, 0, -90], "uv": [140, 168]},
						{"origin": [16, -59, -28], "size": [16, 0, 4], "pivot": [21, -59, -21], "rotation": [90, 0, -90], "uv": [140, 168]},
						{"origin": [-36, -59, -28], "size": [16, 0, 4], "pivot": [-31, -59, -21], "rotation": [90, 0, -90], "uv": [140, 168]},
						{"origin": [-8, -15.99, -1], "size": [16, 0, 16], "uv": [128, 140]},
						{"origin": [-8, -15.99, -17], "size": [16, 0, 16], "uv": [128, 156]},
						{"origin": [-24, -15.99, -17], "size": [16, 0, 16], "uv": [128, 124]},
						{"origin": [-24, -15.99, -33], "size": [16, 0, 16], "uv": [160, 124]},
						{"origin": [-18, -15.99, 17], "size": [16, 0, 16], "pivot": [-13, -16, 24], "rotation": [0, 180, 0], "uv": [160, 124]},
						{"origin": [-34, -15.99, 17], "size": [16, 0, 16], "pivot": [-29, -16, 24], "rotation": [0, 180, 0], "uv": [160, 140]},
						{"origin": [-38, -15.99, -29], "size": [16, 0, 16], "pivot": [-33, -16, -22], "rotation": [0, 90, 0], "uv": [160, 140]},
						{"origin": [24, -15.99, -33], "size": [16, 0, 16], "uv": [160, 140]},
						{"origin": [28, -15.99, 13], "size": [16, 0, 16], "pivot": [33, -16, 20], "rotation": [0, -90, 0], "uv": [160, 140]},
						{"origin": [-2, -15.99, 17], "size": [16, 0, 16], "pivot": [3, -16, 24], "rotation": [0, 180, 0], "uv": [160, 124]},
						{"origin": [14, -15.99, 17], "size": [16, 0, 16], "pivot": [19, -16, 24], "rotation": [0, 180, 0], "uv": [160, 124]},
						{"origin": [-8, -15.99, -33], "size": [16, 0, 16], "uv": [160, 124]},
						{"origin": [8, -15.99, -33], "size": [16, 0, 16], "uv": [160, 124]},
						{"origin": [28, -15.99, -19], "size": [16, 0, 16], "pivot": [33, -16, -12], "rotation": [0, -90, 0], "uv": [160, 124]},
						{"origin": [28, -15.99, -3], "size": [16, 0, 16], "pivot": [33, -16, 4], "rotation": [0, -90, 0], "uv": [160, 124]},
						{"origin": [-38, -15.99, 3], "size": [16, 0, 16], "pivot": [-33, -16, 10], "rotation": [0, 90, 0], "uv": [160, 124]},
						{"origin": [-38, -15.99, -13], "size": [16, 0, 16], "pivot": [-33, -16, -6], "rotation": [0, 90, 0], "uv": [160, 124]},
						{"origin": [-24, -15.99, -1], "size": [16, 0, 16], "uv": [128, 140]},
						{"origin": [-22, -63.89, -21], "size": [16, 0, 16], "pivot": [-17, -63.9, -14], "rotation": [0, 0, -180], "uv": [128, 124]},
						{"origin": [-22, -63.89, -5], "size": [16, 0, 16], "pivot": [-17, -63.9, 2], "rotation": [0, 0, -180], "uv": [128, 140]},
						{"origin": [-6, -63.89, -5], "size": [16, 0, 16], "pivot": [-1, -63.9, 2], "rotation": [0, 0, -180], "uv": [128, 140]},
						{"origin": [-6, -63.89, -21], "size": [16, 0, 16], "pivot": [-1, -63.9, -14], "rotation": [0, 0, -180], "uv": [128, 156]},
						{"origin": [10, -63.89, -5], "size": [16, 0, 16], "pivot": [15, -63.9, 2], "rotation": [0, 0, -180], "uv": [128, 156]},
						{"origin": [10, -63.89, 11], "size": [16, 0, 8], "pivot": [15, -63.9, 10], "rotation": [0, 0, -180], "uv": [136, 164]},
						{"origin": [-6, -63.89, 11], "size": [16, 0, 8], "pivot": [-1, -63.9, 10], "rotation": [0, 0, -180], "uv": [136, 164]},
						{"origin": [-22, -63.89, 11], "size": [16, 0, 8], "pivot": [-17, -63.9, 10], "rotation": [0, 0, -180], "uv": [136, 164]},
						{"origin": [10, -63.89, -21], "size": [16, 0, 16], "pivot": [15, -63.9, -14], "rotation": [0, 0, -180], "uv": [128, 124]},
						{"origin": [18, -63.89, -21], "size": [8, 0, 16], "pivot": [23, -63.9, -14], "rotation": [0, 0, -180], "uv": [128, 124]},
						{"origin": [18, -63.89, -5], "size": [8, 0, 16], "pivot": [23, -63.9, 2], "rotation": [0, 0, -180], "uv": [128, 124]},
						{"origin": [18, -63.89, 11], "size": [8, 0, 8], "pivot": [23, -63.9, 10], "rotation": [0, 0, -180], "uv": [136, 132]}
					]
				},
				{
					"name": "mushroom",
					"parent": "upper_torso",
					"pivot": [-1, 37, -2],
					"rotation": [0, 0, 10],
					"cubes": [
						{"origin": [-1, 37, -2], "size": [2, 2, 2], "inflate": 0.01, "uv": [68, 189]}
					]
				},
				{
					"name": "stem",
					"parent": "mushroom",
					"pivot": [1, 39, -2],
					"rotation": [0, 0, -17.5],
					"cubes": [
						{"origin": [-1, 39, -2], "size": [2, 2, 2], "uv": [76, 189]}
					]
				},
				{
					"name": "top",
					"parent": "stem",
					"pivot": [-1, 41, -2],
					"rotation": [0, 0, 10],
					"cubes": [
						{"origin": [-2, 41, -3], "size": [4, 5, 4], "uv": [44, 182]},
						{"origin": [-1.5, 46, -2.5], "size": [3, 2, 3], "pivot": [1.5, 46, -1.5], "rotation": [0, 0, -7.5], "uv": [186, 172]}
					]
				},
				{
					"name": "tentacles",
					"parent": "body",
					"pivot": [0, 0, 0]
				},
				{
					"name": "tentacle_front_left5",
					"parent": "tentacles",
					"pivot": [-5, 6.5, -13],
					"rotation": [47.5, 20, 0],
					"cubes": [
						{"origin": [-8, 3.5, -19], "size": [6, 3, 8], "pivot": [-3, 6.5, -18], "rotation": [0, 0, 0], "uv": [0, 171], "mirror": true}
					]
				},
				{
					"name": "tentacle_front_left9",
					"parent": "tentacle_front_left5",
					"pivot": [-3, 3.5, -19],
					"rotation": [-40.5, 0, 0],
					"cubes": [
						{"origin": [-7, 3.5, -24], "size": [4, 2, 5], "pivot": [-4, 5.5, -24], "rotation": [0, 0, 0], "uv": [60, 182], "mirror": true}
					]
				},
				{
					"name": "tentacle_front_left10",
					"parent": "tentacle_front_left9",
					"pivot": [-4.5, 3.5, -24],
					"rotation": [-55, 0, 0],
					"cubes": [
						{"origin": [-5.5, 3.5, -29], "size": [1, 2, 5], "pivot": [-3.5, 5.5, -29], "rotation": [0, 0, 0], "uv": [116, 64], "mirror": true}
					]
				},
				{
					"name": "tentacle_front_left11",
					"parent": "tentacle_front_left10",
					"pivot": [-5, 4.5, -29],
					"rotation": [-62.5, 0, 0],
					"cubes": [
						{"origin": [-5, 4.5, -33], "size": [0, 1, 4], "pivot": [-3.5, 5.5, -34], "rotation": [0, 0, 0], "uv": [156, 187], "mirror": true}
					]
				},
				{
					"name": "tentacle_front_left",
					"parent": "tentacles",
					"pivot": [5, 6.5, -13],
					"rotation": [47.5, -20, 0],
					"cubes": [
						{"origin": [2, 3.5, -19], "size": [6, 3, 8], "pivot": [7, 6.5, -18], "rotation": [0, 0, 0], "uv": [0, 171]}
					]
				},
				{
					"name": "tentacle_front_left2",
					"parent": "tentacle_front_left",
					"pivot": [3, 3.5, -19],
					"rotation": [-40.5, 0, 0],
					"cubes": [
						{"origin": [3, 3.5, -24], "size": [4, 2, 5], "pivot": [4, 5, -24], "rotation": [0, 0, 0], "uv": [60, 182]}
					]
				},
				{
					"name": "tentacle_front_left3",
					"parent": "tentacle_front_left2",
					"pivot": [4.5, 3.5, -24],
					"rotation": [-55, 0, 0],
					"cubes": [
						{"origin": [4.5, 3.5, -29], "size": [1, 2, 5], "pivot": [6.5, 6.25, -29.75], "rotation": [0, 0, 0], "uv": [116, 64]}
					]
				},
				{
					"name": "tentacle_front_left4",
					"parent": "tentacle_front_left3",
					"pivot": [5, 4.5, -29],
					"rotation": [-62.5, 0, 0],
					"cubes": [
						{"origin": [5, 4.5, -33], "size": [0, 1, 4], "pivot": [6.5, 6.25, -34.75], "rotation": [0, 0, 0], "uv": [156, 187]}
					]
				},
				{
					"name": "tentacle_left_front",
					"parent": "tentacles",
					"pivot": [17, 6.75, -3],
					"rotation": [0, 7.5, 22.5],
					"cubes": [
						{"origin": [17, 2.75, -10], "size": [9, 4, 7], "pivot": [26, 6.75, -9], "rotation": [0, 0, 0], "uv": [160, 38], "mirror": true}
					]
				},
				{
					"name": "tentacle_left_front2",
					"parent": "tentacle_left_front",
					"pivot": [26, 2.75, -4],
					"rotation": [0, 0, -35],
					"cubes": [
						{"origin": [26, 2.75, -9], "size": [6, 3, 5], "pivot": [31, 6.75, -9], "rotation": [0, 0, 0], "uv": [0, 182], "mirror": true}
					]
				},
				{
					"name": "tentacle_left_front3",
					"parent": "tentacle_left_front2",
					"pivot": [32, 3.75, -5.5],
					"rotation": [0, 0, -35],
					"cubes": [
						{"origin": [32, 3.75, -7.5], "size": [6, 2, 2], "pivot": [37, 6.75, -9], "rotation": [0, 0, 0], "uv": [132, 183], "mirror": true}
					]
				},
				{
					"name": "tentacle_left_front4",
					"parent": "tentacle_left_front3",
					"pivot": [38, 4.75, -6],
					"rotation": [0, 0, -35],
					"cubes": [
						{"origin": [38, 4.75, -7], "size": [5, 1, 1], "pivot": [42, 6.75, -8.5], "rotation": [0, 0, 0], "uv": [144, 187], "mirror": true}
					]
				},
				{
					"name": "tentacle_left_front5",
					"parent": "tentacle_left_front4",
					"pivot": [43, 4.75, -6.5],
					"rotation": [0, 0, -70],
					"cubes": [
						{"origin": [43, 4.75, -6.5], "size": [4, 1, 0], "pivot": [46, 6.75, -9], "rotation": [0, 0, 0], "uv": [120, 171], "mirror": true}
					]
				},
				{
					"name": "tentacle_left_back",
					"parent": "tentacles",
					"pivot": [17, 6.75, 1],
					"rotation": [0, -7.5, 10],
					"cubes": [
						{"origin": [17, 2.75, 1], "size": [9, 4, 7], "pivot": [26, 6.75, 2], "rotation": [0, 0, 0], "uv": [160, 38], "mirror": true}
					]
				},
				{
					"name": "tentacle_left_back2",
					"parent": "tentacle_left_back",
					"pivot": [26, 2.75, 7],
					"rotation": [0, 0, -45],
					"cubes": [
						{"origin": [26, 2.75, 2], "size": [6, 3, 5], "pivot": [31, 6.75, 2], "rotation": [0, 0, 0], "uv": [0, 182], "mirror": true}
					]
				},
				{
					"name": "tentacle_left_back3",
					"parent": "tentacle_left_back2",
					"pivot": [32, 3.75, 5.5],
					"rotation": [0, 0, -12.5],
					"cubes": [
						{"origin": [32, 3.75, 3.5], "size": [6, 2, 2], "pivot": [37, 6.75, 2], "rotation": [0, 0, 0], "uv": [132, 183], "mirror": true}
					]
				},
				{
					"name": "tentacle_left_back4",
					"parent": "tentacle_left_back3",
					"pivot": [38, 4.75, 5],
					"rotation": [0, 0, -30],
					"cubes": [
						{"origin": [38, 4.75, 4], "size": [5, 1, 1], "pivot": [42, 6.75, 2.5], "rotation": [0, 0, 0], "uv": [144, 187], "mirror": true}
					]
				},
				{
					"name": "tentacle_left_back5",
					"parent": "tentacle_left_back4",
					"pivot": [43, 4.75, 4.5],
					"rotation": [0, 0, -60],
					"cubes": [
						{"origin": [43, 4.75, 4.5], "size": [4, 1, 0], "pivot": [46, 6.75, 2], "rotation": [0, 0, 0], "uv": [120, 171], "mirror": true}
					]
				},
				{
					"name": "tentacle_back_left",
					"parent": "tentacles",
					"pivot": [5, 6.5, 11],
					"rotation": [-47.5, 20, 0],
					"cubes": [
						{"origin": [2, 3.5, 9], "size": [6, 3, 8], "pivot": [7, 6.5, 12], "rotation": [0, 0, 0], "uv": [28, 171]}
					]
				},
				{
					"name": "tentacle_front_left6",
					"parent": "tentacle_back_left",
					"pivot": [3, 3.5, 17],
					"rotation": [40.5, 0, 0],
					"cubes": [
						{"origin": [3, 3.5, 17], "size": [4, 2, 5], "pivot": [6, 5.5, 17], "rotation": [0, 0, 0], "uv": [78, 182]}
					]
				},
				{
					"name": "tentacle_front_left7",
					"parent": "tentacle_front_left6",
					"pivot": [4.5, 3.5, 22],
					"rotation": [55, 0, 0],
					"cubes": [
						{"origin": [4.5, 3.5, 22], "size": [1, 2, 5], "pivot": [6.5, 5.5, 22], "rotation": [0, 0, 0], "uv": [116, 71]}
					]
				},
				{
					"name": "tentacle_front_left8",
					"parent": "tentacle_front_left7",
					"pivot": [5, 4.5, 27],
					"rotation": [62.5, 0, 0],
					"cubes": [
						{"origin": [5, 4.5, 27], "size": [0, 1, 4], "pivot": [6.5, 5.5, 27], "rotation": [0, 0, 0], "uv": [164, 188]}
					]
				},
				{
					"name": "tentacle_back_left2",
					"parent": "tentacles",
					"pivot": [-5, 6.5, 11],
					"rotation": [-47.5, -20, 0],
					"cubes": [
						{"origin": [-8, 3.5, 9], "size": [6, 3, 8], "pivot": [-3, 6.5, 12], "rotation": [0, 0, 0], "uv": [28, 171], "mirror": true}
					]
				},
				{
					"name": "tentacle_front_left12",
					"parent": "tentacle_back_left2",
					"pivot": [-3, 3.5, 17],
					"rotation": [40.5, 0, 0],
					"cubes": [
						{"origin": [-7, 3.5, 17], "size": [4, 2, 5], "pivot": [-4, 5.5, 17], "rotation": [0, 0, 0], "uv": [78, 182], "mirror": true}
					]
				},
				{
					"name": "tentacle_front_left13",
					"parent": "tentacle_front_left12",
					"pivot": [-4.5, 3.5, 22],
					"rotation": [55, 0, 0],
					"cubes": [
						{"origin": [-5.5, 3.5, 22], "size": [1, 2, 5], "pivot": [-3.5, 5.5, 22], "rotation": [0, 0, 0], "uv": [116, 71], "mirror": true}
					]
				},
				{
					"name": "tentacle_front_left14",
					"parent": "tentacle_front_left13",
					"pivot": [-5, 4.5, 27],
					"rotation": [62.5, 0, 0],
					"cubes": [
						{"origin": [-5, 4.5, 27], "size": [0, 1, 4], "pivot": [-3.5, 5.5, 27], "rotation": [0, 0, 0], "uv": [164, 188], "mirror": true}
					]
				},
				{
					"name": "tentacle_right_back",
					"parent": "tentacles",
					"pivot": [-17, 6.75, 1],
					"rotation": [0, 7.5, -10],
					"cubes": [
						{"origin": [-26, 2.75, 1], "size": [9, 4, 7], "pivot": [-17, 6.75, 2], "rotation": [0, 0, 0], "uv": [160, 38]}
					]
				},
				{
					"name": "tentacle_right_back2",
					"parent": "tentacle_right_back",
					"pivot": [-26, 2.75, 7],
					"rotation": [0, 0, 45],
					"cubes": [
						{"origin": [-32, 2.75, 2], "size": [6, 3, 5], "pivot": [-27, 6.75, 2], "rotation": [0, 0, 0], "uv": [0, 182]}
					]
				},
				{
					"name": "tentacle_right_back3",
					"parent": "tentacle_right_back2",
					"pivot": [-32, 3.75, 5.5],
					"rotation": [0, 0, 12.5],
					"cubes": [
						{"origin": [-38, 3.75, 3.5], "size": [6, 2, 2], "pivot": [-33, 6.75, 2], "rotation": [0, 0, 0], "uv": [132, 183]}
					]
				},
				{
					"name": "tentacle_right_back4",
					"parent": "tentacle_right_back3",
					"pivot": [-38, 4.75, 5],
					"rotation": [0, 0, 30],
					"cubes": [
						{"origin": [-43, 4.75, 4], "size": [5, 1, 1], "pivot": [-39, 6.75, 2.5], "rotation": [0, 0, 0], "uv": [144, 187]}
					]
				},
				{
					"name": "tentacle_right_back5",
					"parent": "tentacle_right_back4",
					"pivot": [-43, 4.75, 4.5],
					"rotation": [0, 0, 60],
					"cubes": [
						{"origin": [-47, 4.75, 4.5], "size": [4, 1, 0], "pivot": [-44, 6.75, 2], "rotation": [0, 0, 0], "uv": [120, 171]}
					]
				},
				{
					"name": "tentacle_right_front",
					"parent": "tentacles",
					"pivot": [-17, 6.75, -3],
					"rotation": [0, -7.5, -22.5],
					"cubes": [
						{"origin": [-26, 2.75, -10], "size": [9, 4, 7], "pivot": [-17, 6.75, -9], "rotation": [0, 0, 0], "uv": [160, 38]}
					]
				},
				{
					"name": "tentacle_right_front2",
					"parent": "tentacle_right_front",
					"pivot": [-26, 2.75, -4],
					"rotation": [0, 0, 35],
					"cubes": [
						{"origin": [-32, 2.75, -9], "size": [6, 3, 5], "pivot": [-27, 6.75, -9], "rotation": [0, 0, 0], "uv": [0, 182]}
					]
				},
				{
					"name": "tentacle_right_front3",
					"parent": "tentacle_right_front2",
					"pivot": [-32, 3.75, -5.5],
					"rotation": [0, 0, 35],
					"cubes": [
						{"origin": [-38, 3.75, -7.5], "size": [6, 2, 2], "pivot": [-33, 6.75, -9], "rotation": [0, 0, 0], "uv": [132, 183]}
					]
				},
				{
					"name": "tentacle_right_front4",
					"parent": "tentacle_right_front3",
					"pivot": [-38, 4.75, -6],
					"rotation": [0, 0, 35],
					"cubes": [
						{"origin": [-43, 4.75, -7], "size": [5, 1, 1], "pivot": [-39, 6.75, -8.5], "rotation": [0, 0, 0], "uv": [144, 187]}
					]
				},
				{
					"name": "tentacle_right_front5",
					"parent": "tentacle_right_front4",
					"pivot": [-43, 4.75, -6.5],
					"rotation": [0, 0, 70],
					"cubes": [
						{"origin": [-47, 4.75, -6.5], "size": [4, 1, 0], "pivot": [-44, 6.75, -9], "rotation": [0, 0, 0], "uv": [120, 171]}
					]
				}
			]
		}
	]
}