{
	"format_version": "1.12.0",
	"minecraft:geometry": [
		{
			"description": {
				"identifier": "geometry.nurumone",
				"texture_width": 128,
				"texture_height": 128,
				"visible_bounds_width": 5,
				"visible_bounds_height": 2.5,
				"visible_bounds_offset": [0, 0.75, 0]
			},
			"bones": [
				{
					"name": "nurumone",
					"pivot": [0, 0, 0]
				},
				{
					"name": "body",
					"parent": "nurumone",
					"pivot": [0, 0, 4],
					"cubes": [
						{"origin": [-7.5, 0.5, -7.75], "size": [15, 11, 16], "uv": [0, 0]}
					]
				},
				{
					"name": "body_front",
					"parent": "body",
					"pivot": [0, 10.5, -7.75],
					"cubes": [
						{"origin": [-7, 0.5, -12.75], "size": [14, 10, 5], "uv": [0, 27]}
					]
				},
				{
					"name": "head",
					"parent": "body_front",
					"pivot": [0, 5.45, -12.2875],
					"cubes": [
						{"origin": [-4.5, 1.95, -14.75], "size": [9, 7, 2], "uv": [22, 59]},
						{"origin": [-1, 4.45, -14.825], "size": [2, 2, 0], "pivot": [0, 5.45, -14.825], "rotation": [0, 0, 90], "uv": [0, 46]}
					]
				},
				{
					"name": "headtentacle",
					"parent": "head",
					"pivot": [-3.5, 8.45, -14.775],
					"rotation": [0, 0, -14.5],
					"cubes": [
						{"origin": [-4.5, 8.45, -14.775], "size": [2, 4, 0], "uv": [61, 39]}
					]
				},
				{
					"name": "headtentacleb",
					"parent": "headtentacle",
					"pivot": [-3.5, 12.45, -14.775],
					"cubes": [
						{"origin": [-4.5, 12.45, -14.775], "size": [2, 4, 0], "uv": [52, 59]}
					]
				},
				{
					"name": "headtentacle2",
					"parent": "head",
					"pivot": [3.5, 8.45, -14.775],
					"rotation": [0, 0, 14.5],
					"cubes": [
						{"origin": [2.5, 8.45, -14.775], "size": [2, 4, 0], "uv": [44, 59]}
					]
				},
				{
					"name": "headtentacleb2",
					"parent": "headtentacle2",
					"pivot": [3.5, 12.45, -14.775],
					"cubes": [
						{"origin": [2.5, 12.45, -14.775], "size": [2, 4, 0], "uv": [58, 11]}
					]
				},
				{
					"name": "headtentacle3",
					"parent": "head",
					"pivot": [-3.5, 2.55, -14.775],
					"rotation": [0, 0, 14.5],
					"cubes": [
						{"origin": [-4.5, -1.45, -14.775], "size": [2, 4, 0], "uv": [20, 57]}
					]
				},
				{
					"name": "headtentacleb3",
					"parent": "headtentacle3",
					"pivot": [-3.5, -1.45, -14.775],
					"cubes": [
						{"origin": [-4.5, -5.45, -14.775], "size": [2, 4, 0], "uv": [16, 57]}
					]
				},
				{
					"name": "headtentacle4",
					"parent": "head",
					"pivot": [3.5, 2.55, -14.775],
					"rotation": [0, 0, -14.5],
					"cubes": [
						{"origin": [2.5, -1.45, -14.775], "size": [2, 4, 0], "uv": [0, 57]}
					]
				},
				{
					"name": "headtentacleb4",
					"parent": "headtentacle4",
					"pivot": [3.5, -1.45, -14.775],
					"cubes": [
						{"origin": [2.5, -5.45, -14.775], "size": [2, 4, 0], "uv": [54, 11]}
					]
				},
				{
					"name": "headtentacle5",
					"parent": "head",
					"pivot": [4, 6.7, -14.775],
					"rotation": [0, 0, 71.25],
					"cubes": [
						{"origin": [3, 6.7, -14.775], "size": [2, 4, 0], "uv": [32, 48]}
					]
				},
				{
					"name": "headtentacleb5",
					"parent": "headtentacle5",
					"pivot": [4, 10.7, -14.775],
					"cubes": [
						{"origin": [3, 10.7, -14.775], "size": [2, 4, 0], "uv": [46, 0]}
					]
				},
				{
					"name": "headtentacle6",
					"parent": "head",
					"pivot": [-4, 6.7, -14.775],
					"rotation": [0, 0, -71.25],
					"cubes": [
						{"origin": [-5, 6.7, -14.775], "size": [2, 4, 0], "uv": [0, 42]}
					]
				},
				{
					"name": "headtentacleb6",
					"parent": "headtentacle6",
					"pivot": [-4, 10.7, -14.775],
					"cubes": [
						{"origin": [-5, 10.7, -14.775], "size": [2, 4, 0], "uv": [0, 27]}
					]
				},
				{
					"name": "headtentacle7",
					"parent": "head",
					"pivot": [-4, 4.3, -14.775],
					"rotation": [0, 0, 71.25],
					"cubes": [
						{"origin": [-5, 0.3, -14.775], "size": [2, 4, 0], "uv": [12, 8]}
					]
				},
				{
					"name": "headtentacleb7",
					"parent": "headtentacle7",
					"pivot": [-4, 0.3, -14.775],
					"cubes": [
						{"origin": [-5, -3.7, -14.775], "size": [2, 4, 0], "uv": [12, 0]}
					]
				},
				{
					"name": "headtentacle8",
					"parent": "head",
					"pivot": [4, 4.3, -14.775],
					"rotation": [0, 0, -71.25],
					"cubes": [
						{"origin": [3, 0.3, -14.775], "size": [2, 4, 0], "uv": [0, 8]}
					]
				},
				{
					"name": "headtentacleb8",
					"parent": "headtentacle8",
					"pivot": [4, 0.3, -14.775],
					"cubes": [
						{"origin": [3, -3.7, -14.775], "size": [2, 4, 0], "uv": [0, 0]}
					]
				},
				{
					"name": "leftleg",
					"parent": "body_front",
					"pivot": [6.7, 2.5, -7.75],
					"cubes": [
						{"origin": [6.95, 0, -9.75], "size": [2, 5, 4], "uv": [44, 59]}
					]
				},
				{
					"name": "leftleg2",
					"parent": "leftleg",
					"pivot": [9.2, -0.025, -8],
					"cubes": [
						{"origin": [8.95, 0, -10.25], "size": [10, 6, 5], "uv": [32, 48]}
					]
				},
				{
					"name": "leftclaw1",
					"parent": "leftleg2",
					"pivot": [18.95, 3.9, -7.75],
					"cubes": [
						{"origin": [18.95, 3.9, -7.75], "size": [6, 2, 0], "uv": [33, 29]}
					]
				},
				{
					"name": "leftclaw2",
					"parent": "leftleg2",
					"pivot": [18.95, 1.8, -7.75],
					"cubes": [
						{"origin": [18.95, 1.8, -7.75], "size": [5, 2, 0], "uv": [45, 29]}
					]
				},
				{
					"name": "leftclaw3",
					"parent": "leftleg2",
					"pivot": [18.95, -0.3, -7.75],
					"cubes": [
						{"origin": [18.95, -0.3, -7.75], "size": [4, 2, 0], "uv": [46, 13]}
					]
				},
				{
					"name": "rightleg",
					"parent": "body_front",
					"pivot": [-6.95, 2.5, -7.75],
					"cubes": [
						{"origin": [-8.95, 0, -9.75], "size": [2, 5, 4], "uv": [57, 44]}
					]
				},
				{
					"name": "rightleg2",
					"parent": "rightleg",
					"pivot": [-8.95, 0, -8],
					"cubes": [
						{"origin": [-18.95, 0, -10.25], "size": [10, 6, 5], "uv": [46, 0]}
					]
				},
				{
					"name": "rightclaw1",
					"parent": "rightleg2",
					"pivot": [-18.95, 3.9, -7.75],
					"cubes": [
						{"origin": [-24.95, 3.9, -7.75], "size": [6, 2, 0], "uv": [33, 27]}
					]
				},
				{
					"name": "rightclaw2",
					"parent": "rightleg2",
					"pivot": [-18.95, 1.8, -7.75],
					"cubes": [
						{"origin": [-23.95, 1.8, -7.75], "size": [5, 2, 0], "uv": [45, 27]}
					]
				},
				{
					"name": "rightclaw3",
					"parent": "rightleg2",
					"pivot": [-18.95, -0.3, -7.75],
					"cubes": [
						{"origin": [-22.95, -0.3, -7.75], "size": [4, 2, 0], "uv": [46, 11]}
					]
				},
				{
					"name": "body2",
					"parent": "body",
					"pivot": [0, 9.5, 8.25],
					"cubes": [
						{"origin": [-5.5, 0.5, 8.25], "size": [11, 9, 5], "uv": [0, 43]}
					]
				},
				{
					"name": "leftbackleg",
					"parent": "body2",
					"pivot": [5.4, 3, 4.75],
					"cubes": [
						{"origin": [5.5, 0, 5.75], "size": [5, 6, 6], "uv": [0, 57]}
					]
				},
				{
					"name": "leftbackleg2",
					"parent": "leftbackleg",
					"pivot": [10.45, 2.5, 9.5],
					"cubes": [
						{"origin": [14.5, 0, 9.5], "size": [2, 4, 0], "uv": [66, 11]},
						{"origin": [10.5, 0, 7.5], "size": [4, 4, 4], "uv": [0, 0]}
					]
				},
				{
					"name": "rightbackleg",
					"parent": "body2",
					"pivot": [-5.4, 3, 4.75],
					"cubes": [
						{"origin": [-10.5, 0, 5.75], "size": [5, 6, 6], "uv": [56, 53]}
					]
				},
				{
					"name": "rightbackleg2",
					"parent": "rightbackleg",
					"pivot": [-10.45, 2.5, 9.5],
					"cubes": [
						{"origin": [-14.5, 0, 7.5], "size": [4, 4, 4], "uv": [0, 8]},
						{"origin": [-16.5, 0, 9.5], "size": [2, 4, 0], "uv": [62, 11]}
					]
				},
				{
					"name": "tail",
					"parent": "body2",
					"pivot": [0, 4, 13.175],
					"cubes": [
						{"origin": [-3.5, 0.5, 12.25], "size": [7, 7, 6], "inflate": -0.001, "uv": [71, 7]}
					]
				},
				{
					"name": "tail2",
					"parent": "tail",
					"pivot": [0, 4, 18.25],
					"cubes": [
						{"origin": [-3, 1, 17.25], "size": [6, 6, 12], "uv": [60, 21]}
					]
				},
				{
					"name": "tailtentacle",
					"parent": "tail2",
					"pivot": [0, 7, 29.25],
					"cubes": [
						{"origin": [-1, 7, 29.25], "size": [2, 4, 0], "uv": [64, 65]}
					]
				},
				{
					"name": "tailtentacleb",
					"parent": "tailtentacle",
					"pivot": [0, 11, 29.25],
					"cubes": [
						{"origin": [-1, 11, 29.25], "size": [2, 3, 0], "uv": [26, 68]}
					]
				},
				{
					"name": "tailtentacle2",
					"parent": "tail2",
					"pivot": [0, 1, 29.25],
					"cubes": [
						{"origin": [-1, -3, 29.25], "size": [2, 4, 0], "uv": [60, 65]}
					]
				},
				{
					"name": "tailtentacleb2",
					"parent": "tailtentacle2",
					"pivot": [0, -3, 29.25],
					"cubes": [
						{"origin": [-1, -6, 29.25], "size": [2, 3, 0], "uv": [22, 68]}
					]
				},
				{
					"name": "tailtentacle3",
					"parent": "tail2",
					"pivot": [3, 4.5, 29.25],
					"rotation": [0, 0, 90],
					"cubes": [
						{"origin": [2, 4.5, 29.25], "size": [2, 4, 0], "uv": [56, 65]}
					]
				},
				{
					"name": "tailtentacleb3",
					"parent": "tailtentacle3",
					"pivot": [3, 8.5, 29.25],
					"cubes": [
						{"origin": [2, 8.5, 29.25], "size": [2, 3, 0], "uv": [66, 24]}
					]
				},
				{
					"name": "tailtentacle4",
					"parent": "tail2",
					"pivot": [-3, 4.5, 29.25],
					"rotation": [0, 0, -90],
					"cubes": [
						{"origin": [-4, 4.5, 29.25], "size": [2, 4, 0], "uv": [65, 43]}
					]
				},
				{
					"name": "tailtentacleb4",
					"parent": "tailtentacle4",
					"pivot": [-3, 8.5, 29.25],
					"cubes": [
						{"origin": [-4, 8.5, 29.25], "size": [2, 3, 0], "uv": [66, 21]}
					]
				},
				{
					"name": "tailtentacle5",
					"parent": "tail2",
					"pivot": [-2, 6.25, 29.25],
					"rotation": [0, 0, -45],
					"cubes": [
						{"origin": [-3, 6.25, 29.25], "size": [2, 4, 0], "uv": [65, 39]}
					]
				},
				{
					"name": "tailtentacleb5",
					"parent": "tailtentacle5",
					"pivot": [-2, 10.25, 29.25],
					"cubes": [
						{"origin": [-3, 10.25, 29.25], "size": [2, 3, 0], "uv": [66, 18]}
					]
				},
				{
					"name": "tailtentacle6",
					"parent": "tail2",
					"pivot": [2, 6.25, 29.25],
					"rotation": [0, 0, 45],
					"cubes": [
						{"origin": [1, 6.25, 29.25], "size": [2, 4, 0], "uv": [62, 23]}
					]
				},
				{
					"name": "tailtentacleb6",
					"parent": "tailtentacle6",
					"pivot": [2, 10.25, 29.25],
					"cubes": [
						{"origin": [1, 10.25, 29.25], "size": [2, 3, 0], "uv": [66, 15]}
					]
				},
				{
					"name": "tailtentacle7",
					"parent": "tail2",
					"pivot": [2, 1.75, 29.25],
					"rotation": [0, 0, -45],
					"cubes": [
						{"origin": [1, -2.25, 29.25], "size": [2, 4, 0], "uv": [62, 19]}
					]
				},
				{
					"name": "tailtentacleb7",
					"parent": "tailtentacle7",
					"pivot": [2, -2.25, 29.25],
					"cubes": [
						{"origin": [1, -5.25, 29.25], "size": [2, 3, 0], "uv": [54, 39]}
					]
				},
				{
					"name": "tailtentacle8",
					"parent": "tail2",
					"pivot": [-2, 1.75, 29.25],
					"rotation": [0, 0, 45],
					"cubes": [
						{"origin": [-3, -2.25, 29.25], "size": [2, 4, 0], "uv": [62, 15]}
					]
				},
				{
					"name": "tailtentacleb8",
					"parent": "tailtentacle8",
					"pivot": [-2, -2.25, 29.25],
					"cubes": [
						{"origin": [-3, -5.25, 29.25], "size": [2, 3, 0], "uv": [50, 39]}
					]
				}
			]
		}
	]
}