{
	"format_version": "1.12.0",
	"minecraft:geometry": [
		{
			"description": {
				"identifier": "geometry.phantomare",
				"texture_width": 64,
				"texture_height": 64,
				"visible_bounds_width": 4,
				"visible_bounds_height": 2.5,
				"visible_bounds_offset": [0, 0.75, 0]
			},
			"bones": [
				{
					"name": "phantomare",
					"pivot": [0, 0, 0]
				},
				{
					"name": "body",
					"parent": "phantomare",
					"pivot": [4, 17.5, -3.75]
				},
				{
					"name": "torso",
					"parent": "body",
					"pivot": [-4, 17.5, -3.75],
					"cubes": [
						{"origin": [0, 17.5, -9], "size": [0, 2, 11], "uv": [0, 15]},
						{"origin": [-4, 13.5, -9], "size": [8, 4, 11], "uv": [0, 0]}
					]
				},
				{
					"name": "head",
					"parent": "torso",
					"pivot": [0, 15.5, -8.5],
					"cubes": [
						{"origin": [-3, 14, -14], "size": [6, 3, 5], "uv": [0, 28]}
					]
				},
				{
					"name": "eyelids",
					"parent": "head",
					"pivot": [0, 15.5, -14.05],
					"cubes": [
						{"origin": [1, 15, -14.05], "size": [2, 1, 0], "uv": [0, 1]},
						{"origin": [-3, 15, -14.05], "size": [2, 1, 0], "uv": [0, 0]}
					]
				},
				{
					"name": "tail",
					"parent": "torso",
					"pivot": [0, 16.5, 2],
					"cubes": [
						{"origin": [-2, 14.5, 2], "size": [4, 3, 6], "uv": [16, 35]},
						{"origin": [0, 17.5, 2], "size": [0, 2, 6], "uv": [10, 30]}
					]
				},
				{
					"name": "tail2",
					"parent": "tail",
					"pivot": [0, 16.5, 8],
					"cubes": [
						{"origin": [-1.5, 15.5, 8], "size": [3, 2, 6], "uv": [36, 35]},
						{"origin": [0, 17.5, 8], "size": [0, 2, 6], "uv": [17, 24]}
					]
				},
				{
					"name": "tail3",
					"parent": "tail2",
					"pivot": [0, 16.5, 14],
					"cubes": [
						{"origin": [-1, 15.5, 14], "size": [2, 2, 6], "uv": [0, 36]},
						{"origin": [0, 17.5, 14], "size": [0, 2, 6], "uv": [17, 22]}
					]
				},
				{
					"name": "wing1",
					"parent": "torso",
					"pivot": [4, 17.5, -3.75],
					"cubes": [
						{"origin": [4, 17.5, -9], "size": [9, 0, 11], "uv": [0, 15]}
					]
				},
				{
					"name": "subwing1",
					"parent": "wing1",
					"pivot": [13, 17.5, -4],
					"cubes": [
						{"origin": [13, 17.5, -9], "size": [9, 0, 10], "uv": [19, 15]}
					]
				},
				{
					"name": "wing2",
					"parent": "torso",
					"pivot": [-4, 17.5, -4],
					"cubes": [
						{"origin": [-13, 17.5, -9], "size": [9, 0, 11], "uv": [16, 0]}
					]
				},
				{
					"name": "subwing2",
					"parent": "wing2",
					"pivot": [-13, 17.5, -4],
					"cubes": [
						{"origin": [-22, 17.5, -9], "size": [9, 0, 10], "uv": [19, 25]}
					]
				}
			]
		}
	]
}