{
  "implemented": true,
  "name": "dissonitten",
  "nationalPokedexNumber": 1894,
  "primaryType": "dark",
  "secondaryType": "grass",
  "abilities": ["defiant", "h:limber"],
  "baseStats": {
    "hp": 105,
    "attack": 130,
    "defence": 95,
    "special_attack": 90,
    "special_defence": 80,
    "speed": 135
  },
  "behaviour": {
    "resting": {
      "canSleep": true,
      "depth": "normal",
      "light": "7-15",
      "willSleepOnBed": true
    },
    "moving": {
      "canLook": false,
      "walk": {
        "canWalk": true,
        "avoidsLand": false
      },
      "swim": {
        "swimSpeed": 0.3,
        "canSwimInWater": true,
        "canBreatheUnderwater": false
      },
      "fly": {
        "canFly": false,
        "flySpeedHorizontal": 0.3
      },
      "wanderChance": 1
    }
  },
  "catchRate": 55,
  "maleRatio": 0.25,
  "shoulderMountable": false,
  "baseExperienceYield": 230,
  "eggCycles": 35,
  "eggGroups": ["amorphous", "grass"],
  "drops": {
    "amount": 1,
    "entries": [
      {
        "item": "minecraft:chorus_flower",
        "quantityRange": "1-1",
        "percentage": 3
      }
    ]
  },
  "moves": [
    "egg:tailwhip",
    "egg:petaldance",
    "32:dig",
    "egg:withdraw",
    "egg:lovelykiss",
    "egg:dreameater",
    "egg:destinybond",
    "15:swagger",
    "egg:psybeam",
    "egg:sing",
    "20:razorleaf",
    "egg:meditate",
    "egg:screech",
    "20:minimize",
    "2:scratch",
    "1:tackle",
    "15:irontail",
    "10:furyswipes",
    "20:ironhead",
    "38:batonpass",
    "30:psychoboost",
    "22:closecombat",
    "25:sharpen",
    "28:cottonspore",
    "35:healbell",
    "33:quiverdance",
    "40:doubleteam",
    "50:futuresight",
    "60:dynamicpunch",
    "70:mimic",
    "tm:protect",
    "tm:doubleteam",
    "tm:shadowball",
    "tm:torment",
    "tm:facade",
    "tm:focusblast",
    "tutor:honeclaws",
    "40:shadowclaw",
    "12:quickattack",
    "tutor:flash",
    "25:grasswhistle",
    "tutor:trickroom",
    "tutor:secretpower",
    "tutor:dizzypunch",
    "tutor:endure",
    "tutor:meanlook"
  ],
  "labels": ["custom"],
  "pokedex": [
    "cobblemon.species.dissonitten.desc1",
    "cobblemon.species.dissonitten.desc2"
  ],
  "baseScale": 0.8,
  "hitbox": {
    "width": 0.5,
    "height": 0.6,
    "fixed": false
  },
  "baseFriendship": 50,
  "evYield": {
    "hp": 0,
    "attack": 1,
    "defence": 0,
    "special_attack": 0,
    "special_defence": 0,
    "speed": 2
  },
  "height": 7,
  "weight": 90,
  "evolutions": []
}
