{
	"format_version": "1.12.0",
	"minecraft:geometry": [
		{
			"description": {
				"identifier": "geometry.strideler",
				"texture_width": 128,
				"texture_height": 128,
				"visible_bounds_width": 5,
				"visible_bounds_height": 3.5,
				"visible_bounds_offset": [0, 1.25, 0]
			},
			"bones": [
				{
					"name": "strideler",
					"pivot": [0, 0, 0]
				},
				{
					"name": "body",
					"parent": "strideler",
					"pivot": [0, 34, 0]
				},
				{
					"name": "torso",
					"parent": "body",
					"pivot": [0, 34, 0]
				},
				{
					"name": "head",
					"parent": "torso",
					"pivot": [0, 34, -2],
					"cubes": [
						{"origin": [-7, 30, -5], "size": [14, 9, 10], "uv": [0, 20]},
						{"origin": [-8, 34, -6], "size": [16, 3, 4], "uv": [38, 20]}
					]
				},
				{
					"name": "hair1",
					"parent": "head",
					"pivot": [-7, 39, 0],
					"cubes": [
						{"origin": [-26, 39, -5], "size": [19, 0, 10], "uv": [0, 0]}
					]
				},
				{
					"name": "hair2",
					"parent": "head",
					"pivot": [7, 39, 0],
					"cubes": [
						{"origin": [7, 39, -5], "size": [19, 0, 10], "uv": [0, 0], "mirror": true}
					]
				},
				{
					"name": "eyelids",
					"parent": "head",
					"pivot": [0, 33, -4.1],
					"cubes": [
						{"origin": [2, 32, -4.1], "size": [5, 2, 0], "uv": [36, 37], "mirror": true},
						{"origin": [-7, 32, -4.1], "size": [5, 2, 0], "uv": [36, 37]}
					]
				},
				{
					"name": "leg1",
					"parent": "torso",
					"pivot": [-3.5, 30, 0],
					"cubes": [
						{"origin": [-5, 15, -2], "size": [3, 15, 4], "uv": [14, 39]}
					]
				},
				{
					"name": "lowerleg1",
					"parent": "leg1",
					"pivot": [-3.5, 15, 0],
					"cubes": [
						{"origin": [-5, 0, -2], "size": [3, 15, 4], "uv": [42, 39]}
					]
				},
				{
					"name": "leg2",
					"parent": "torso",
					"pivot": [3.5, 30, 0],
					"cubes": [
						{"origin": [2, 15, -2], "size": [3, 15, 4], "uv": [14, 39], "mirror": true}
					]
				},
				{
					"name": "lowerleg2",
					"parent": "leg2",
					"pivot": [3.5, 15, 0],
					"cubes": [
						{"origin": [2, 0, -2], "size": [3, 15, 4], "uv": [42, 39], "mirror": true}
					]
				}
			]
		}
	]
}