{
	"format_version": "1.8.0",
	"animations": {
		"animation.galamount.ground_idle": {
			"loop": true,
			"animation_length": 8.8,
			"bones": {
				"head": {
					"rotation": {
						"0.0": [0, 0, 0],
						"2.2": [7.5, 0, 0],
						"4.4": [0, 0, 0],
						"6.6": [7.5, 0, 0],
						"8.8": [0, 0, 0]
					}
				},
				"bone": {
					"rotation": {
						"0.0": [0, 0, 0],
						"2.2": [0, 0, -5],
						"4.4": [0, 0, 0],
						"6.6": [0, 0, 5],
						"8.8": [0, 0, 0]
					}
				}
			}
		},
		"animation.galamount.ground_walk": {
			"loop": true,
			"animation_length": 0.96,
			"bones": {
				"head": {
					"rotation": {
						"0.0": [0, 0, 0],
						"0.48": [2.5, 0, 0],
						"0.96": [0, 0, 0]
					},
					"position": {
						"0.0": [0, -4, -5],
						"0.48": [0, -5, -6],
						"0.96": [0, -4, -5]
					}
				},
				"bone": {
					"rotation": {
						"0.0": [0, 0, 2.5],
						"0.48": [0, 0, -2.5],
						"0.96": [0, 0, 2.5]
					}
				},
				"neck": {
					"rotation": {
						"0.0": [17.5, 0, 0],
						"0.48": [22.5, 0, 0],
						"0.96": [17.5, 0, 0]
					}
				},
				"leg": {
					"rotation": {
						"0.0": [-25, 0, 0],
						"0.48": [25, 0, 0],
						"0.96": [-25, 0, 0]
					}
				},
				"leg2": {
					"rotation": {
						"0.0": [25, 0, 0],
						"0.48": [-25, 0, 0],
						"0.96": [25, 0, 0]
					}
				},
				"leg3": {
					"rotation": {
						"0.0": [-25, 0, 0],
						"0.48": [25, 0, 0],
						"0.96": [-25, 0, 0]
					}
				},
				"leg4": {
					"rotation": {
						"0.0": [25, 0, 0],
						"0.48": [-25, 0, 0],
						"0.96": [25, 0, 0]
					}
				}
			}
		}
	}
}