{
	"format_version": "1.8.0",
	"animations": {
		"animation.squikeak.ground_idle": {
			"loop": true,
			"animation_length": 1.52,
			"bones": {
				"head": {
					"rotation": {
						"0.0": [0, 0, 0],
						"0.76": [5, 0, 0],
						"1.52": [0, 0, 0]
					},
					"position": {
						"0.0": [0, 0, 0],
						"0.76": [0, -0.5, 0],
						"1.52": [0, 0, 0]
					}
				},
				"bone2": {
					"scale": {
						"0.0": [1, 1, 1],
						"0.76": [1, 0.95, 1],
						"1.52": [1, 1, 1]
					}
				},
				"tail": {
					"rotation": {
						"0.0": [0, 0, 0],
						"0.76": [-5, 0, 0],
						"1.52": [0, 0, 0]
					}
				}
			}
		},
		"animation.squikeak.ground_walk": {
			"loop": true,
			"animation_length": 0.48,
			"bones": {
				"bone": {
					"rotation": {
						"0.0": [72.5, 0, 0],
						"0.24": [82.5, 0, 0],
						"0.48": [72.5, 0, 0]
					},
					"position": {
						"0.0": [0, 2, 7],
						"0.24": [0, 6, 7],
						"0.48": [0, 2, 7]
					}
				},
				"head": {
					"rotation": {
						"0.0": [-45, 0, 0],
						"0.24": [-72.5, 0, 0],
						"0.48": [-45, 0, 0]
					}
				},
				"arm": {
					"rotation": {
						"0.0": [0, 0, 0],
						"0.24": [22.5, 0, 0],
						"0.48": [0, 0, 0]
					},
					"position": {
						"0.0": [0, 1, -1],
						"0.48": [0, 1, -1]
					}
				},
				"arm2": {
					"rotation": {
						"0.0": [0, 0, 0],
						"0.24": [22.5, 0, 0],
						"0.48": [0, 0, 0]
					},
					"position": {
						"0.0": [0, 1, -1],
						"0.48": [0, 1, -1]
					}
				},
				"leg": {
					"rotation": {
						"0.0": [-90, 0, 0],
						"0.24": [-22.5, 0, 0],
						"0.48": [-90, 0, 0]
					},
					"position": {
						"0.0": [0, 0, -2],
						"0.48": [0, 0, -2]
					}
				},
				"leg2": {
					"rotation": {
						"0.0": [-90, 0, 0],
						"0.24": [-22.5, 0, 0],
						"0.48": [-90, 0, 0]
					},
					"position": {
						"0.0": [0, 0, -2],
						"0.48": [0, 0, -2]
					}
				},
				"tail": {
					"rotation": {
						"0.0": [-57.5, 0, 0],
						"0.48": [-57.5, 0, 0]
					},
					"position": {
						"0.0": [0, -2, -1],
						"0.48": [0, -2, -1]
					}
				}
			}
		}
	}
}