{
	"format_version": "1.8.0",
	"animations": {
		"animation.yinyago.ground_idle": {
			"loop": true,
			"animation_length": 3,
			"bones": {
				"bone2": {
					"position": {
						"0.0": [0, 3, 0],
						"1.52": [0, 5, 0],
						"3.0": [0, 3, 0]
					}
				},
				"leg": {
					"rotation": {
						"0.0": [0, 0, 0],
						"1.52": [17.5, 0, -10],
						"3.0": [0, 0, 0]
					}
				},
				"leg2": {
					"rotation": {
						"0.0": [0, 0, 0],
						"1.52": [17.5, 0, 10],
						"3.0": [0, 0, 0]
					}
				},
				"bone4": {
					"rotation": {
						"0.0": [0, 0, 0],
						"1.52": [0, 0, 17.5],
						"3.0": [0, 0, 0]
					}
				},
				"left_hand": {
					"rotation": {
						"0.0": [0, 0, 0],
						"1.52": [0, 0, -15],
						"3.0": [0, 0, 0]
					}
				},
				"bone3": {
					"rotation": {
						"0.0": [0, 0, 0],
						"1.52": [0, 0, -17.5],
						"3.0": [0, 0, 0]
					}
				},
				"right_hand": {
					"rotation": {
						"0.0": [0, 0, 0],
						"1.52": [0, 0, 15],
						"3.0": [0, 0, 0]
					}
				},
				"head": {
					"rotation": {
						"0.0": [0, 0, 0],
						"1.52": [5, 0, 0],
						"3.0": [0, 0, 0]
					},
					"position": {
						"0.0": [0, 0, 0],
						"3.0": [0, 0, 0]
					}
				}
			}
		},
		"animation.yinyago.ground_walk": {
			"loop": true,
			"animation_length": 0.96,
			"bones": {
				"bone2": {
					"rotation": {
						"0.0": [45, 0, 0],
						"0.96": [45, 0, 0]
					},
					"position": {
						"0.0": [0, -5, -10],
						"0.48": [0, -6, -10],
						"0.96": [0, -5, -10]
					}
				},
				"leg": {
					"rotation": {
						"0.0": [12.5, 0, -12.5],
						"0.48": [35, 0, -12.5],
						"0.96": [12.5, 0, -12.5]
					}
				},
				"leg2": {
					"rotation": {
						"0.0": [12.5, 0, 12.5],
						"0.48": [35, 0, 12.5],
						"0.96": [12.5, 0, 12.5]
					}
				},
				"left_arm": {
					"rotation": {
						"0.0": [0, 0, 0],
						"0.48": [0, 0, 12.5],
						"0.96": [0, 0, 0]
					}
				},
				"right_arm": {
					"rotation": {
						"0.0": [0, 0, 0],
						"0.48": [0, 0, -12.5],
						"0.96": [0, 0, 0]
					}
				},
				"head": {
					"rotation": {
						"0.0": [-32.5, 0, 0],
						"0.48": [-37.5, 0, 0],
						"0.96": [-32.5, 0, 0]
					}
				}
			}
		}
	}
}