{
 "species": "cobblemon:nyarlium",
 "order": 0,
 "variations": [
   {
     "aspects": [],
     "poser": "cobblemon:nyarlium",
     "model": "cobblemon:nyarlium.geo",
     "texture": "cobblemon:textures/pokemon/nyarlium/nyarlium.png",
     "layers": [
	         {
			}
		]
   },
   {
     "aspects": [
       "shiny"
     ],
     "texture": "cobblemon:textures/pokemon/nyarlium/nyarlium_shiny.png",
	 "layers": [
	 	         {
              "name": "emissive",
              "emissive": true,
              "texture": "cobblemon:textures/pokemon/nyarlium/nyarlium_shiny_emissive.png"
			}
		]
	}
 ]
}