{
	"format_version": "1.12.0",
	"minecraft:geometry": [
		{
			"description": {
				"identifier": "geometry.pathena",
				"texture_width": 64,
				"texture_height": 64,
				"visible_bounds_width": 2,
				"visible_bounds_height": 1.5,
				"visible_bounds_offset": [0, 0.25, 0]
			},
			"bones": [
				{
					"name": "pathena",
					"pivot": [0, 0, 0]
				},
				{
					"name": "head",
					"parent": "pathena",
					"pivot": [0, 3, -4],
					"cubes": [
						{"origin": [-3.5, 0, -7], "size": [7, 6, 3], "uv": [36, 2]}
					]
				},
				{
					"name": "bone",
					"parent": "pathena",
					"pivot": [0, 3, -4],
					"cubes": [
						{"origin": [-3.5, 0, -4], "size": [7, 6, 11], "uv": [3, 3]},
						{"origin": [2.5, 6, -4], "size": [1, 1, 11], "uv": [4, 27]},
						{"origin": [-3.5, 6, -4], "size": [1, 1, 11], "uv": [4, 27]},
						{"origin": [-2.5, 6, -4], "size": [5, 1, 3], "uv": [30, 27]},
						{"origin": [-2.5, 6, 4], "size": [5, 1, 3], "uv": [30, 27]}
					]
				}
			]
		}
	]
}