{
  "implemented": true,
  "nationalPokedexNumber": 512,
  "name": "Simisage",
  "primaryType": "grass",
  "maleRatio": 0.875,
  "height": 11,
  "weight": 305,
  "pokedex": [
    "cobblemon.species.simisage.desc"
  ],
  "labels": [
    "gen5"
  ],
  "aspects": [],
  "abilities": [
    "gluttony",
    "h:overgrow"
  ],
  "eggGroups": [
    "field"
  ],
  "baseStats": {
    "hp": 75,
    "attack": 98,
    "defence": 63,
    "special_attack": 98,
    "special_defence": 63,
    "speed": 101
  },
  "evYield": {
    "hp": 0,
    "attack": 0,
    "defence": 0,
    "special_attack": 0,
    "special_defence": 0,
    "speed": 2
  },
  "baseExperienceYield": 174,
  "experienceGroup": "medium_fast",
  "catchRate": 75,
  "eggCycles": 20,
  "baseFriendship": 50,
  "baseScale": 0.85,
  "hitbox": {
    "width": 0.94,
    "height": 2.3,
    "fixed": false
  },
  "standingEyeHeight": 0.56,
  "drops": {
    "amount": 3,
    "entries": [
      {
        "item": "cobblemon:leaf_stone",
        "percentage": 5.0
      },
      {
        "item": "cobblemon:miracle_seed",
        "percentage": 5.0
      },
      {
        "item": "cobblemon:occa_berry",
        "percentage": 5.0
      }
    ]
  },
  "moves": [
    "1:leer",
    "1:lick",
    "1:furyswipes",
    "1:seedbomb",
    "1:scratch",
    "1:vinewhip",
    "1:leechseed",
    "1:bite",
    "1:playnice",
    "1:naturalgift",
    "egg:astonish",
    "egg:bulletseed",
    "egg:covet",
    "egg:disarmingvoice",
    "egg:grasswhistle",
    "egg:leafstorm",
    "egg:lowkick",
    "egg:magicalleaf",
    "egg:nastyplot",
    "egg:roleplay",
    "egg:spikyshield",
    "egg:tickle",
    "tm:acrobatics",
    "tm:brickbreak",
    "tm:bulletseed",
    "tm:covet",
    "tm:crunch",
    "tm:cut",
    "tm:dig",
    "tm:disarmingvoice",
    "tm:endeavor",
    "tm:endure",
    "tm:energyball",
    "tm:facade",
    "tm:flash",
    "tm:fling",
    "tm:focusblast",
    "tm:focuspunch",
    "tm:gastroacid",
    "tm:gigadrain",
    "tm:gigaimpact",
    "tm:grassknot",
    "tm:grasspledge",
    "tm:grassyglide",
    "tm:gunkshot",
    "tm:helpinghand",
    "tm:honeclaws",
    "tm:hyperbeam",
    "tm:irontail",
    "tm:knockoff",
    "tm:leafstorm",
    "tm:lowkick",
    "tm:lowsweep",
    "tm:magicalleaf",
    "tm:nastyplot",
    "tm:naturalgift",
    "tm:naturepower",
    "tm:payback",
    "tm:poweruppunch",
    "tm:protect",
    "tm:recycle",
    "tm:rest",
    "tm:rockslide",
    "tm:rocksmash",
    "tm:rocktomb",
    "tm:roleplay",
    "tm:seedbomb",
    "tm:shadowclaw",
    "tm:sleeptalk",
    "tm:solarbeam",
    "tm:substitute",
    "tm:sunnyday",
    "tm:superpower",
    "tm:swift",
    "tm:synthesis",
    "tm:taunt",
    "tm:terablast",
    "tm:thief",
    "tm:throatchop",
    "tm:torment",
    "tm:uproar",
    "tm:workup",
    "tm:worryseed",
    "tutor:covet",
    "tutor:endeavor",
    "tutor:energyball",
    "tutor:focuspunch",
    "tutor:gastroacid",
    "tutor:gigadrain",
    "tutor:gigaimpact",
    "tutor:grasspledge",
    "tutor:grassyglide",
    "tutor:gunkshot",
    "tutor:helpinghand",
    "tutor:hyperbeam",
    "tutor:irontail",
    "tutor:knockoff",
    "tutor:lowkick",
    "tutor:magicalleaf",
    "tutor:recycle",
    "tutor:rest",
    "tutor:rockslide",
    "tutor:rocksmash",
    "tutor:roleplay",
    "tutor:seedbomb",
    "tutor:shadowclaw",
    "tutor:sleeptalk",
    "tutor:superpower",
    "tutor:swift",
    "tutor:synthesis",
    "tutor:throatchop",
    "tutor:uproar",
    "tutor:worryseed"
  ],
  "preEvolution": "pansage",
  "evolutions": []
}