{
	"format_version": "1.12.0",
	"minecraft:geometry": [
		{
			"description": {
				"identifier": "geometry.dragidian",
				"texture_width": 128,
				"texture_height": 128,
				"visible_bounds_width": 6,
				"visible_bounds_height": 6,
				"visible_bounds_offset": [0, 1, 0]
			},
			"bones": [
				{
					"name": "dragidian",
					"pivot": [0, 0, 0]
				},
				{
					"name": "bone",
					"parent": "dragidian",
					"pivot": [0, 17, -4],
					"rotation": [20, 0, 0]
				},
				{
					"name": "bone2",
					"parent": "bone",
					"pivot": [-28, 6, -4],
					"cubes": [
						{"origin": [-4, 17, -8], "size": [8, 8, 8], "uv": [71, 4]},
						{"origin": [-3, 23, -7.25], "size": [6, 10, 6], "uv": [42, 4]}
					]
				},
				{
					"name": "wing2",
					"parent": "bone2",
					"pivot": [-3, 29.5, -4],
					"cubes": [
						{"origin": [-31, 17, -4], "size": [28, 25, 0], "uv": [4, 36], "mirror": true}
					]
				},
				{
					"name": "wing",
					"parent": "bone2",
					"pivot": [3, 29.5, -4],
					"cubes": [
						{"origin": [3, 17, -4], "size": [28, 25, 0], "uv": [4, 36]}
					]
				},
				{
					"name": "tail",
					"parent": "bone2",
					"pivot": [0, 19.5, -1.25],
					"rotation": [62.5, 0, 0],
					"cubes": [
						{"origin": [-2, 3, -3.25], "size": [4, 17, 4], "inflate": 0.05, "uv": [102, 43]}
					]
				},
				{
					"name": "tail2",
					"parent": "tail",
					"pivot": [0, 3, -1.25],
					"rotation": [25, 0, 0],
					"cubes": [
						{"origin": [-1.5, -7, -2.75], "size": [3, 11, 3], "inflate": 0.01, "uv": [105, 76]}
					]
				},
				{
					"name": "tail3",
					"parent": "tail2",
					"pivot": [0, -7, -1],
					"rotation": [22.5, 0, 0],
					"cubes": [
						{"origin": [-1, -16, -2], "size": [2, 10, 2], "uv": [107, 99]},
						{"origin": [-2, -20, -3], "size": [4, 4, 4], "uv": [84, 83]}
					]
				},
				{
					"name": "head",
					"parent": "bone",
					"pivot": [0, 33, -7.75],
					"cubes": [
						{"origin": [-4, 33, -9], "size": [8, 7, 8], "uv": [2, 15]},
						{"origin": [-7, 32.9, -15], "size": [14, 0, 17], "uv": [-2, 71]},
						{"origin": [-3, 33, -12], "size": [6, 4, 3], "uv": [2, 4]}
					]
				},
				{
					"name": "ear",
					"parent": "head",
					"pivot": [-1, 39, -5],
					"rotation": [-17.5, 0, -32.5],
					"cubes": [
						{"origin": [-4, 39, -6], "size": [4, 11, 0], "uv": [41, 99]}
					]
				},
				{
					"name": "ear2",
					"parent": "head",
					"pivot": [1, 39, -5],
					"rotation": [-17.5, 0, 32.5],
					"cubes": [
						{"origin": [0, 39, -6], "size": [4, 11, 0], "uv": [41, 99], "mirror": true}
					]
				},
				{
					"name": "left_leg",
					"parent": "dragidian",
					"pivot": [5, 19.80554, -4.45917],
					"rotation": [55, 0, 0],
					"cubes": [
						{"origin": [3, 12, -8], "size": [4, 9, 7], "pivot": [5, 20, -5], "rotation": [-17.5, 0, 0], "uv": [71, 31]},
						{"origin": [4, 5.23115, -8.49821], "size": [2, 9, 3], "pivot": [5, 12, -7], "rotation": [17.5, 0, 0], "uv": [110, 9]},
						{"origin": [3.5, 4.41608, -10.69973], "size": [3, 2, 7], "pivot": [5, 6.25, -5.5], "rotation": [30, 0, 0], "uv": [69, 53]},
						{"origin": [4, 2.41608, -5.69973], "size": [2, 2, 2], "pivot": [5, 6.25, -5.5], "rotation": [30, 0, 0], "uv": [53, 27]}
					]
				},
				{
					"name": "right_leg",
					"parent": "dragidian",
					"pivot": [-5, 19.80554, -4.45917],
					"rotation": [55, 0, 0],
					"cubes": [
						{"origin": [-6, 5.23115, -8.49821], "size": [2, 9, 3], "pivot": [-5, 12, -7], "rotation": [17.5, 0, 0], "uv": [110, 9], "mirror": true},
						{"origin": [-6.5, 4.41608, -10.69973], "size": [3, 2, 7], "pivot": [-5, 6.25, -5.5], "rotation": [30, 0, 0], "uv": [69, 53], "mirror": true},
						{"origin": [-6, 2.41608, -5.69973], "size": [2, 2, 2], "pivot": [-5, 6.25, -5.5], "rotation": [30, 0, 0], "uv": [53, 27], "mirror": true},
						{"origin": [-7, 12, -8], "size": [4, 9, 7], "pivot": [-5, 20, -5], "rotation": [-17.5, 0, 0], "uv": [71, 31], "mirror": true}
					]
				}
			]
		}
	]
}