{
	"format_version": "1.8.0",
	"animations": {
		"animation.gomisa.ground_idle": {
			"loop": true,
			"animation_length": 2.52,
			"bones": {
				"bone": {
					"scale": {
						"0.0": [1, 1, 1],
						"1.52": [1, 0.9, 1],
						"2.52": [1, 1, 1]
					}
				},
				"left_arm": {
					"rotation": {
						"0.0": [0, 0, 37.5],
						"1.52": [0, 0, 17.5],
						"2.52": [0, 0, 37.5]
					},
					"position": {
						"0.0": [-1, 0, 0],
						"1.52": [-1, -2, 0],
						"2.52": [-1, 0, 0]
					}
				},
				"right_arm": {
					"rotation": {
						"0.0": [0, 0, -37.5],
						"1.52": [0, 0, -17.5],
						"2.52": [0, 0, -37.5]
					},
					"position": {
						"0.0": [1, 0, 0],
						"1.52": [1, -2, 0],
						"2.52": [1, 0, 0]
					}
				},
				"head": {
					"rotation": {
						"0.0": [0, 0, 0],
						"2.52": [0, 0, 0]
					},
					"position": {
						"0.0": [0, 0, 0],
						"1.52": [0, -2.4, 0],
						"2.52": [0, 0, 0]
					}
				},
				"bone2": {
					"rotation": {
						"0.0": [0, 0, 12.5],
						"2.52": [0, 0, 12.5]
					}
				},
				"bone3": {
					"rotation": {
						"0.0": [0, 0, -12.5],
						"2.52": [0, 0, -12.5]
					}
				}
			}
		},
		"animation.gomisa.ground_walk": {
			"loop": true,
			"animation_length": 0.96,
			"bones": {
				"bone": {
					"scale": {
						"0.0": [1, 1, 1],
						"0.48": [1, 0.9, 1],
						"0.96": [1, 1, 1]
					}
				},
				"left_leg": {
					"rotation": {
						"0.0": [-22.5, 0, 0],
						"0.48": [22.5, 0, 0],
						"0.96": [-22.5, 0, 0]
					}
				},
				"right_leg": {
					"rotation": {
						"0.0": [22.5, 0, 0],
						"0.48": [-22.5, 0, 0],
						"0.96": [22.5, 0, 0]
					}
				},
				"left_arm": {
					"rotation": {
						"0.0": [0, -52.5, 42.5],
						"0.48": [31.03795, -44.72566, 1.96542],
						"0.96": [0, -52.5, 42.5]
					},
					"position": {
						"0.0": [-1, 0, 0],
						"0.48": [-1, -3, 0],
						"0.96": [-1, 0, 0]
					}
				},
				"right_arm": {
					"rotation": {
						"0.0": [0, 52.5, -42.5],
						"0.48": [31.03795, 44.72566, -1.96542],
						"0.96": [0, 52.5, -42.5]
					},
					"position": {
						"0.0": [1, 0, 0],
						"0.48": [1, -3, 0],
						"0.96": [1, 0, 0]
					}
				},
				"head": {
					"rotation": {
						"0.0": [12.5, 0, 0],
						"0.96": [12.5, 0, 0]
					},
					"position": {
						"0.0": [0, 0, -1],
						"0.48": [0, -3, -1],
						"0.96": [0, 0, -1]
					}
				}
			}
		}
	}
}