{
	"format_version": "1.12.0",
	"minecraft:geometry": [
		{
			"description": {
				"identifier": "geometry.jodoki",
				"texture_width": 128,
				"texture_height": 128,
				"visible_bounds_width": 2,
				"visible_bounds_height": 2.5,
				"visible_bounds_offset": [0, 0.75, 0]
			},
			"bones": [
				{
					"name": "jodoki",
					"pivot": [0, 0, 0]
				},
				{
					"name": "body",
					"parent": "jodoki",
					"pivot": [0, 15.05, 0],
					"cubes": [
						{"origin": [-13, 14, -16.05], "size": [26, 12, 0], "uv": [52, 79]},
						{"origin": [-15, 9.5, -15], "size": [30, 3, 30], "uv": [0, 38]},
						{"origin": [-16, 12, -16], "size": [32, 6, 32], "uv": [0, 0]},
						{"origin": [-16, 18, -16], "size": [32, 4, 0], "uv": [64, 112]},
						{"origin": [-16, 18, 16], "size": [32, 4, 0], "uv": [64, 123]},
						{"origin": [-16, 18, -16], "size": [0, 4, 32], "uv": [0, 75]},
						{"origin": [16, 18, -16], "size": [0, 4, 32], "uv": [0, 86]},
						{"origin": [2, 18, 16.05], "size": [12, 10, 0], "uv": [0, 14]},
						{"origin": [-14, 18, 16.05], "size": [12, 10, 0], "uv": [0, 38]},
						{"origin": [-8, 26, -16.05], "size": [12, 8, 0], "uv": [0, 24]}
					]
				},
				{
					"name": "eye",
					"parent": "body",
					"pivot": [0.525, 22.975, -16.05],
					"cubes": [
						{"origin": [-0.975, 21.475, -16.05], "size": [3, 3, 0], "uv": [60, 99]}
					]
				},
				{
					"name": "pupil",
					"parent": "eye",
					"pivot": [0.5375, 22.95, -16.1375],
					"cubes": [
						{"origin": [-0.475, 21.975, -16.125], "size": [2, 2, 0], "uv": [67, 100]},
						{"origin": [0.05, 22.425, -16.15], "size": [1, 1, 0], "uv": [68, 98]}
					]
				},
				{
					"name": "drop",
					"parent": "body",
					"pivot": [7, 14, -16.05],
					"cubes": [
						{"origin": [3, 0, -16.05], "size": [10, 14, 0], "uv": [0, 0]}
					]
				}
			]
		}
	]
}