{
	"format_version": "1.12.0",
	"minecraft:geometry": [
		{
			"description": {
				"identifier": "geometry.funerun",
				"texture_width": 64,
				"texture_height": 64,
				"visible_bounds_width": 3,
				"visible_bounds_height": 4,
				"visible_bounds_offset": [0, 1, 0]
			},
			"bones": [
				{
					"name": "funerun",
					"pivot": [0, 0, 0]
				},
				{
					"name": "body",
					"parent": "funerun",
					"pivot": [0, 8, 0],
					"cubes": [
						{"origin": [-5, 7.5, -3.5], "size": [3, 4, 7], "pivot": [-3, 9.5, 0], "rotation": [0, 0, 45], "uv": [43, 35]},
						{"origin": [0.5, 5.5, -3.5], "size": [4, 3, 7], "pivot": [6.5, 7.5, -1], "rotation": [0, 0, 45], "uv": [41, 24]},
						{"origin": [-5, 7, -5], "size": [10, 3, 10], "uv": [0, 0]},
						{"origin": [-4, 6, -4], "size": [8, 5, 8], "uv": [0, 13]}
					]
				},
				{
					"name": "head",
					"parent": "body",
					"pivot": [0, 10.94142, 0.2],
					"cubes": [
						{"origin": [-2, 11, -2], "size": [4, 12, 4], "uv": [0, 27]},
						{"origin": [-6, 15, -2], "size": [4, 4, 4], "uv": [13, 40]},
						{"origin": [2, 15, -2], "size": [4, 4, 4], "uv": [0, 45]},
						{"origin": [-0.5, 13, -3.5], "size": [1, 8, 4], "uv": [14, 51]},
						{"origin": [-3, 14, -3], "size": [5, 5, 1], "pivot": [0, 16, -3], "rotation": [0, 0, 45], "uv": [1, 57]},
						{"origin": [-0.5, 11.5, -2.1], "size": [1, 1, 0], "pivot": [0, 12, -2.1], "rotation": [0, 0, 45], "uv": [2, 54]},
						{"origin": [-6.5, 17.5, -2.5], "size": [5, 2, 5], "pivot": [-4, 19, 0], "rotation": [0, 0, -10], "uv": [43, 8]},
						{"origin": [1.5, 17.5, -2.5], "size": [5, 2, 5], "pivot": [4, 19, 0], "rotation": [0, 0, 10], "uv": [43, 0]},
						{"origin": [-2.5, 21.5, -2.5], "size": [5, 2, 5], "uv": [43, 16]}
					]
				},
				{
					"name": "legL",
					"parent": "body",
					"pivot": [2, 7, 0],
					"cubes": [
						{"origin": [0.5, 3, -2], "size": [4, 4, 4], "uv": [47, 55]}
					]
				},
				{
					"name": "footL",
					"parent": "legL",
					"pivot": [2.5, 3, 0],
					"cubes": [
						{"origin": [1, 0, -1.5], "size": [3, 3, 3], "uv": [51, 48]}
					]
				},
				{
					"name": "legR",
					"parent": "body",
					"pivot": [-2, 7, 0],
					"cubes": [
						{"origin": [-4.5, 3, -2], "size": [4, 4, 4], "uv": [30, 55]}
					]
				},
				{
					"name": "footR",
					"parent": "legR",
					"pivot": [-2.5, 3, 0],
					"cubes": [
						{"origin": [-4, 0, -1.5], "size": [3, 3, 3], "uv": [38, 48]}
					]
				}
			]
		}
	]
}