{
	"format_version": "1.12.0",
	"minecraft:geometry": [
		{
			"description": {
				"identifier": "geometry.potatinator",
				"texture_width": 128,
				"texture_height": 128,
				"visible_bounds_width": 6,
				"visible_bounds_height": 4.5,
				"visible_bounds_offset": [0, 1.75, 0]
			},
			"bones": [
				{
					"name": "root",
					"pivot": [0, 0, 0]
				},
				{
					"name": "torso",
					"parent": "root",
					"pivot": [0, 5.78194, 1.47941],
					"cubes": [
						{"origin": [-8.25, 13, 1.25], "size": [5, 4, 4], "pivot": [-5.75, 15, 3.25], "rotation": [0, 0, 30], "uv": [64, 54]},
						{"origin": [3.25, 13, 1.25], "size": [5, 4, 4], "pivot": [5.75, 15, 3.25], "rotation": [0, 0, -30], "uv": [56, 20]},
						{"origin": [-11.5, 19, 4.75], "size": [11, 6, 0], "pivot": [-6, 22, 4.75], "rotation": [-28.56794, 16.69333, -54.5032], "uv": [44, 52]},
						{"origin": [0.5, 19, 4.75], "size": [11, 6, 0], "pivot": [6, 22, 4.75], "rotation": [-28.56794, -16.69333, 54.5032], "uv": [18, 52]},
						{"origin": [-5.5, 3, -5.25], "size": [11, 3, 11], "uv": [0, 38]},
						{"origin": [-7.5, 5, -6.25], "size": [15, 10, 14], "pivot": [0, 14.5, 0.25], "rotation": [-5, 0, 0], "uv": [0, 0]},
						{"origin": [-6.5, 14, -5.25], "size": [13, 2, 12], "uv": [0, 24]}
					]
				},
				{
					"name": "head",
					"parent": "torso",
					"pivot": [0, 16.4, 1.65],
					"cubes": [
						{"origin": [-4.5, 16, -3.25], "size": [9, 6, 9], "uv": [41, 29]},
						{"origin": [-5, 18.6, -3.4], "size": [3, 3, 0], "pivot": [-3.5, 20.1, -3.4], "rotation": [0, 0, 22], "uv": [64, 0]},
						{"origin": [2, 18.6, -3.4], "size": [3, 3, 0], "pivot": [3.5, 20.1, -3.4], "rotation": [0, 0, -23], "uv": [0, 46]}
					]
				},
				{
					"name": "nose",
					"parent": "head",
					"pivot": [0, 20.26509, -1.94405],
					"cubes": [
						{"origin": [-2, 16, -5.75], "size": [4, 5, 4], "pivot": [0.5, 17, -3.75], "rotation": [-32.5, 0, 0], "uv": [37, 64]}
					]
				},
				{
					"name": "nose2",
					"parent": "nose",
					"pivot": [0, 18, -4.75],
					"cubes": [
						{"origin": [-2.5, 11, -5.75], "size": [5, 6, 4], "pivot": [0.5, 17, -3.75], "rotation": [-52.5, 0, 0], "uv": [50, 58]}
					]
				},
				{
					"name": "antenna",
					"parent": "head",
					"pivot": [0.04289, 21.75, 1.25],
					"cubes": [
						{"origin": [-2.75, 22, -2.25], "size": [6, 2, 6], "pivot": [0.75, 22.5, 1.25], "rotation": [0, 45, 0], "uv": [0, 52]},
						{"origin": [-1.75, 24, -1.25], "size": [4, 3, 4], "pivot": [0.75, 24.5, 1.25], "rotation": [0, 45, 0], "uv": [0, 66]}
					]
				},
				{
					"name": "antenna2",
					"parent": "antenna",
					"pivot": [0.04289, 27, 1.25],
					"cubes": [
						{"origin": [-0.75, 26, -0.25], "size": [2, 6, 2], "pivot": [0.75, 25.5, 1.25], "rotation": [0, 45, 0], "uv": [0, 38]}
					]
				},
				{
					"name": "antenna3",
					"parent": "antenna2",
					"pivot": [0.08579, 32, 1.25],
					"cubes": [
						{"origin": [0, 32, -0.25], "size": [1, 5, 1], "pivot": [1.5, 31.5, 1.25], "rotation": [0, 45, 0], "uv": [68, 28]}
					]
				},
				{
					"name": "antenna4",
					"parent": "antenna3",
					"pivot": [0.08579, 37, 1.25],
					"cubes": [
						{"origin": [0, 37, -0.25], "size": [1, 5, 1], "pivot": [1.5, 36.5, 1.25], "rotation": [0, 45, 0], "uv": [0, 52]}
					]
				},
				{
					"name": "antenna5",
					"parent": "antenna4",
					"pivot": [0.08579, 42, 1.28553],
					"cubes": [
						{"origin": [-3, 42, -1.75], "size": [2, 2, 2], "pivot": [1.5, 41.5, -2.25], "rotation": [0, 45, 0], "uv": [33, 38]}
					]
				},
				{
					"name": "arm_R",
					"parent": "torso",
					"pivot": [-7.75, 16.25, 3.25],
					"cubes": [
						{"origin": [-10, 15.25, 2.25], "size": [3, 2, 2], "uv": [64, 44]}
					]
				},
				{
					"name": "forearm_R",
					"parent": "arm_R",
					"pivot": [-10, 16.25, 3.25],
					"cubes": [
						{"origin": [-17, 14.75, 1.75], "size": [7, 3, 3], "pivot": [-13.5, 16.25, 3.25], "rotation": [-27.5, 0, 0], "uv": [17, 63]}
					]
				},
				{
					"name": "hand_R",
					"parent": "forearm_R",
					"pivot": [-17, 16.125, 3.25],
					"cubes": [
						{"origin": [-25, 14.25, 1.25], "size": [8, 4, 4], "pivot": [-20.5, 16.25, 3.25], "rotation": [-45, 0, 0], "uv": [44, 44]},
						{"origin": [-26, 23, -0.75], "size": [9, 0, 4], "pivot": [-20.5, 21, 1.25], "rotation": [-90, 0, 0], "uv": [40, 8]}
					]
				},
				{
					"name": "plug_R",
					"parent": "hand_R",
					"pivot": [-24.25, 16.25, 3.23928],
					"cubes": [
						{"origin": [-26, 13.25, 0.25], "size": [2, 6, 6], "pivot": [-25, 16.25, 3.25], "rotation": [-45, 0, 0], "uv": [58, 8]},
						{"origin": [-28, 14.25, 0.5], "size": [2, 5, 5], "pivot": [-27, 16.25, 2.5], "rotation": [-45, 0, 0], "uv": [63, 63]},
						{"origin": [-33, 15.25, 1.25], "size": [5, 2, 1], "uv": [38, 31]},
						{"origin": [-33, 15.25, 4.25], "size": [5, 2, 1], "uv": [33, 44]}
					]
				},
				{
					"name": "arm_L",
					"parent": "torso",
					"pivot": [7.75, 16.25, 3.25],
					"cubes": [
						{"origin": [7, 15.25, 2.25], "size": [3, 2, 2], "uv": [22, 58]}
					]
				},
				{
					"name": "forearm_L",
					"parent": "arm_L",
					"pivot": [10, 16.25, 3.25],
					"cubes": [
						{"origin": [10, 14.75, 1.75], "size": [7, 3, 3], "pivot": [13.5, 16.25, 3.25], "rotation": [-27.5, 0, 0], "uv": [0, 60]}
					]
				},
				{
					"name": "hand_L",
					"parent": "forearm_L",
					"pivot": [17, 16.375, 3.25],
					"cubes": [
						{"origin": [17, 14.25, 1.25], "size": [8, 4, 4], "pivot": [20.5, 16.25, 3.25], "rotation": [-45, 0, 0], "uv": [44, 0]},
						{"origin": [17, 23, -0.75], "size": [9, 0, 4], "pivot": [20.5, 21, 1.25], "rotation": [-90, 0, 0], "uv": [34, 24]}
					]
				},
				{
					"name": "plug_L",
					"parent": "hand_L",
					"pivot": [24, 16.25, 1.25],
					"cubes": [
						{"origin": [24, 13.25, 0.25], "size": [2, 6, 6], "pivot": [25, 16.25, 3.25], "rotation": [-45, 0, 0], "uv": [34, 52]},
						{"origin": [26, 14.25, 0.5], "size": [2, 5, 5], "pivot": [27, 16.25, 2.5], "rotation": [-45, 0, 0], "uv": [0, 0]},
						{"origin": [28, 15.25, 4.25], "size": [5, 2, 1], "uv": [38, 28]},
						{"origin": [28, 15.25, 1.25], "size": [5, 2, 1], "uv": [0, 10]}
					]
				},
				{
					"name": "leg_R",
					"parent": "torso",
					"pivot": [-4.5, 5, 1.75],
					"cubes": [
						{"origin": [-6.5, 2, -0.25], "size": [4, 3, 4], "uv": [68, 7]}
					]
				},
				{
					"name": "foot_R",
					"parent": "leg_R",
					"pivot": [-4.5, 2, 1.75],
					"cubes": [
						{"origin": [-6, 0, 0.25], "size": [3, 2, 3], "uv": [0, 29]}
					]
				},
				{
					"name": "leg_L",
					"parent": "torso",
					"pivot": [4.5, 5, 1.75],
					"cubes": [
						{"origin": [2.5, 2, -0.25], "size": [4, 3, 4], "uv": [68, 0]}
					]
				},
				{
					"name": "foot_L",
					"parent": "leg_L",
					"pivot": [4.5, 2, 1.75],
					"cubes": [
						{"origin": [3, 0, 0.25], "size": [3, 2, 3], "uv": [0, 24]}
					]
				}
			]
		}
	]
}