{
	"format_version": "1.8.0",
	"animations": {
		"animation.dryopsi.ground_idle": {
			"loop": true,
			"bones": {
				"torso": {
					"rotation": ["-2.5+1*math.cos(q.anim_time*90*2-90)*1", 0, "-1*math.cos(q.anim_time*90*1-30)*0.5"],
					"position": [0, "-0.1*math.cos(q.anim_time*90*2-60)*1", 0]
				},
				"tail1": {
					"rotation": [6.0183, "10*math.cos(q.anim_time*90*1-150)*1", 0.21016]
				},
				"tail2": {
					"rotation": [8.14828, "5*math.cos(q.anim_time*90*1-120)*1", 0.85527]
				},
				"torso2": {
					"rotation": ["-7.5-1*math.cos(q.anim_time*90*2-30)*0.5", 0, "-1*math.cos(q.anim_time*90*1-30)*1"]
				},
				"left_arm": {
					"rotation": [14.82068, 22.98023, "-20.5999+3*math.cos(q.anim_time*90*2-30)*1"],
					"position": [0, 0, 0.1]
				},
				"left_arm2": {
					"rotation": ["-24.4703+3*math.cos(q.anim_time*90*2-30)*1", 12.0632, "19.1435+3*math.cos(q.anim_time*90*2-90)*1"]
				},
				"left_hand": {
					"rotation": [0, 0, "-(1*math.sin(q.anim_time*90*2-30)*1)"]
				},
				"left_finger1": {
					"rotation": [23.09453, 24.3176, -5.738]
				},
				"right_arm": {
					"rotation": [14.82068, -22.98023, "20.5999-3*math.cos(q.anim_time*90*2-30)*1"],
					"position": [0, 0, 0.1]
				},
				"right_arm2": {
					"rotation": ["-24.4703+3*math.cos(q.anim_time*90*2-30)*1", -12.06324, "-19.1435-3*math.cos(q.anim_time*90*2-90)*1"]
				},
				"right_hand": {
					"rotation": [0, 0, "1*math.sin(q.anim_time*90*2-30)*1"]
				},
				"neck": {
					"rotation": ["12.5-2*math.cos(q.anim_time*90*2-30)*0.5", 0, 0]
				},
				"head": {
					"rotation": ["-1*math.cos(q.anim_time*90*2-90)*1", "-1*math.cos(q.anim_time*90*1-90)*1", 0]
				},
				"leg_right": {
					"rotation": ["5.8214+1*math.cos(q.anim_time*90*2-60)*1", -0.39235, -1.68259],
					"position": [0, "-0.2-0.1*math.cos(q.anim_time*90*2-60)*1", 0]
				},
				"leg_left": {
					"rotation": ["5.8214+1*math.cos(q.anim_time*90*2-60)*1", 0.39235, 1.68259],
					"position": [0, "-0.2-0.1*math.cos(q.anim_time*90*2-60)*1", 0]
				},
				"leg_right2": {
					"rotation": ["-12-2*math.cos(q.anim_time*90*2-60)*1", 0, 0],
					"position": [0, "0.1+0.06*math.cos(q.anim_time*90*2-60)*1", "-0.375+0.07*math.cos(q.anim_time*90*2-60)*1"]
				},
				"foot_right": {
					"rotation": ["6.2987+1*math.cos(q.anim_time*90*2-60)*1", 15.85949, 2.14346]
				},
				"leg_left2": {
					"rotation": ["-12-2*math.cos(q.anim_time*90*2-60)*1", 0, 0],
					"position": [0, "0.1+0.06*math.cos(q.anim_time*90*2-60)*1", "-0.375+0.07*math.cos(q.anim_time*90*2-60)*1"]
				},
				"foot_left": {
					"rotation": ["6.2987+1*math.cos(q.anim_time*90*2-60)*1", -15.85949, -2.14346]
				},
				"tail": {
					"rotation": ["-2*math.cos(q.anim_time*90*2-120)*1", "4*math.cos(q.anim_time*90*1-70)*1", 0]
				},
				"right_finger1": {
					"rotation": [23.09453, -24.31762, 5.738]
				}
			}
		},
		"animation.dryopsi.battle_idle": {
			"loop": true,
			"bones": {
				"torso": {
					"rotation": ["8.7077+1*math.cos(q.anim_time*90*3)*1", 0, "-2*math.cos(q.anim_time*90*1.5)*0.5"],
					"position": [0, "-0.6-0.1*math.cos(q.anim_time*90*3-60)*1", 0]
				},
				"tail1": {
					"rotation": [14.98856, "4.9931*math.cos(q.anim_time*90*3-120)*1", -0.26234]
				},
				"tail2": {
					"rotation": [6.99449, "5.9991*math.cos(q.anim_time*90*3-150)*1", -0.1051]
				},
				"torso2": {
					"rotation": ["-1.5-0.5*math.cos(q.anim_time*90*3-60)*1", 0, "2*math.cos(q.anim_time*90*1.5)*0.5"]
				},
				"left_arm": {
					"rotation": ["-12.1423+1*math.cos(q.anim_time*90*3-30)*1", 5.49996, "-36.8329-3*math.cos(q.anim_time*90*3-30)*1"],
					"position": [0, 0, 0.1]
				},
				"left_arm2": {
					"rotation": ["-29.4703+0.5*math.cos(q.anim_time*90*3-30)*1", 14.365, "23.7035-0.5*math.cos(q.anim_time*90*3-90)*1"]
				},
				"left_hand": {
					"rotation": [0, 0, "-1*math.sin(q.anim_time*90*3-30)*1"]
				},
				"left_finger1": {
					"rotation": [23.09453, 24.3176, -5.738]
				},
				"right_arm": {
					"rotation": ["-12.6406+1*math.cos(q.anim_time*90*3-30)*1", -4.2113, 42.7141],
					"position": [0, 0, 0.1]
				},
				"right_arm2": {
					"rotation": ["-29.4703+0.5*math.cos(q.anim_time*90*3-30)*1", -14.365, "-23.7035+0.5*math.cos(q.anim_time*90*3-90)*1"]
				},
				"right_hand": {
					"rotation": [0, 0, "1*math.sin(q.anim_time*90*2-30)*1"]
				},
				"neck": {
					"rotation": ["27.5-1*math.cos(q.anim_time*90*3-30)*1", 0, 0]
				},
				"head": {
					"rotation": ["-29.25-1*math.sin(q.anim_time*90*3-30)*0.5", "1*math.cos(q.anim_time*90*1.5-50)*1", 0]
				},
				"leg_right": {
					"rotation": ["15.9138+1*math.cos(q.anim_time*90*3-60)*1", 19.92798, 2.37257],
					"position": [0, "-0.3-0.1*math.cos(q.anim_time*90*3-60)*1", 1.2]
				},
				"leg_left": {
					"rotation": ["-9+2*math.cos(q.anim_time*90*3-60)*1", -12.5, 0],
					"position": [0, "-1.1-0.1*math.cos(q.anim_time*90*3-60)*1", -0.425]
				},
				"leg_right2": {
					"rotation": ["-6-3*math.cos(q.anim_time*90*3-60)*1", 0, 0],
					"position": [0, "-0.05+0.05*math.cos(q.anim_time*90*3-60)*1", "0.166*math.cos(q.anim_time*90*3-60)*1"]
				},
				"foot_right": {
					"rotation": ["5+3*math.cos(q.anim_time*90*3-60)*1", 0, 0]
				},
				"leg_left2": {
					"rotation": ["-32-3*math.cos(q.anim_time*90*3-60)*1", 0, 0],
					"position": [0, "-0.025*math.cos(q.anim_time*90*3-60)*1", "0.02*math.cos(q.anim_time*90*3-60)*1"]
				},
				"foot_left": {
					"rotation": ["41+1*math.cos(q.anim_time*90*3-60)*1", 0, 0],
					"position": [0, "0.01*math.cos(q.anim_time*90*3-60)*1", "-0.15-0.025*math.cos(q.anim_time*90*3-60)*1"]
				},
				"tail": {
					"rotation": [2, "4.2387*math.cos(q.anim_time*90*3-60)*1", -0.34433]
				},
				"eye_right": {
					"rotation": [5.5, 0, 0]
				},
				"eye_left": {
					"rotation": [5.5, 0, 0]
				},
				"foot_right2": {
					"rotation": ["-14-1.5*math.cos(q.anim_time*90*3-60)*1", 0, 0]
				},
				"foot_left2": {
					"rotation": [0, 0, 0]
				},
				"right_finger1": {
					"rotation": [23.09453, -24.31762, 5.738]
				}
			}
		},
		"animation.dryopsi.ground_walk": {
			"loop": true,
			"animation_length": 1.3333,
			"bones": {
				"torso": {
					"rotation": ["-9+2*math.sin(q.anim_time*90*6)*1", "0+8*math.cos(q.anim_time*90*3)*1", "0+4*math.sin(q.anim_time*90*3-60)*1"],
					"position": [0, "-0.5*math.cos(q.anim_time*90*6-50)*1", 0]
				},
				"tail": {
					"rotation": ["7+3*math.cos(q.anim_time*90*6-120)*1", "0+8*math.cos(q.anim_time*90*3-70)*1", 0]
				},
				"tail1": {
					"rotation": [6.0183, "15*math.cos(q.anim_time*90*3-150)*1", 0.21016]
				},
				"tail2": {
					"rotation": [8.14828, "5*math.cos(q.anim_time*90*3-120)*1", 0.85527]
				},
				"torso2": {
					"rotation": ["1+1*math.sin(q.anim_time*90*6-90)*1", "0-2*math.cos(q.anim_time*90*3)*1", 0]
				},
				"left_arm": {
					"rotation": [-2.23193, 29.02307, "-28.2483+5*math.cos(q.anim_time*90*3-30)*1"],
					"position": [0, 0, 0.1]
				},
				"left_arm2": {
					"rotation": ["-29.4703+1*math.cos(q.anim_time*90*3-90)*1", 14.365, "23.7035+2*math.cos(q.anim_time*90*3-90)*1"]
				},
				"left_hand": {
					"rotation": [0, 0, "-1*math.sin(q.anim_time*90*6-120)*1"]
				},
				"left_finger1": {
					"rotation": [23.09453, 24.31762, -5.738]
				},
				"right_arm": {
					"rotation": [-2.23193, -29.02307, "28.2483-5*math.cos(q.anim_time*90*3-30)*1"],
					"position": [0, 0, 0.1]
				},
				"right_arm2": {
					"rotation": ["-29.4703+1*math.cos(q.anim_time*90*3-90)*1", -14.365, "-23.7035-2*math.cos(q.anim_time*90*3-90)*1"]
				},
				"right_hand": {
					"rotation": [0, 0, "-1*math.sin(q.anim_time*90*6-120)*1"]
				},
				"neck": {
					"rotation": ["17+2*math.sin(q.anim_time*90*6-90)*1", "-3*math.cos(q.anim_time*90*3)*1", 0]
				},
				"head": {
					"rotation": ["3*math.sin(q.anim_time*90*6-120)*1", "-3*math.cos(q.anim_time*90*3)*1", "3.4188*math.cos(q.anim_time*90*3)*1"]
				},
				"leg_right": {
					"rotation": {
						"0.0": [15.75, -0.85, 0.51],
						"0.1667": {
							"pre": [17.77654, -2.4399, 4.89599],
							"post": [17.77654, -2.4399, 4.89599],
							"lerp_mode": "catmullrom"
						},
						"0.2917": {
							"post": [11.61668, -3.93181, 6.39931],
							"lerp_mode": "catmullrom"
						},
						"0.5833": {
							"post": [-17.0278, -3.7501, 2.87775],
							"lerp_mode": "catmullrom"
						},
						"0.6667": [-17, -6, 0],
						"1.2917": [13.00191, -0.97437, -0.22497],
						"1.3333": [15.75, -0.85, 0.51]
					},
					"position": {
						"0.0": [0.19, -0.08, 1.52],
						"0.2917": {
							"pre": [0, 1.38, 0.13],
							"post": [0, 1.38, 0.13],
							"lerp_mode": "catmullrom"
						},
						"0.4583": {
							"post": [-0.01, 2.05, -0.23],
							"lerp_mode": "catmullrom"
						},
						"0.5833": {
							"post": [0, 1.6, -0.62],
							"lerp_mode": "catmullrom"
						},
						"0.6667": [0, 0, -1.2],
						"0.8333": [0.06, 0.07, -0.46],
						"1.0": [0.11, 0.03, 0.275],
						"1.2917": [0.2, -0.2, 1.575],
						"1.3333": [0.19, -0.08, 1.52]
					}
				},
				"leg_right2": {
					"rotation": {
						"0.0": [-3.07, 0, 0],
						"0.0833": {
							"pre": [-1.85, 0, 0],
							"post": [-1.85, 0, 0],
							"lerp_mode": "catmullrom"
						},
						"0.2083": {
							"post": [15.29, 0, 0],
							"lerp_mode": "catmullrom"
						},
						"0.3333": {
							"post": [9.09, 0, 0],
							"lerp_mode": "catmullrom"
						},
						"0.5833": {
							"post": [-6.83, 0, 0],
							"lerp_mode": "catmullrom"
						},
						"0.6667": [-6, 0, 0],
						"1.2917": [-3, 0, 0],
						"1.3333": [-3.07, 0, 0]
					}
				},
				"foot_right": {
					"rotation": {
						"0.0": [9.24, 7.81, -2.01],
						"0.0417": {
							"pre": [13.77729, 7.9962, 0.24731],
							"post": [13.77729, 7.9962, 0.24731],
							"lerp_mode": "catmullrom"
						},
						"0.125": {
							"post": [24.0473, 7.92223, 1.11636],
							"lerp_mode": "catmullrom"
						},
						"0.2917": {
							"post": [17.80624, 7.70121, 2.17253],
							"lerp_mode": "catmullrom"
						},
						"0.5833": {
							"post": [14.01473, 9.9867, -0.51816],
							"lerp_mode": "catmullrom"
						},
						"0.6667": [22.44319, 11.11462, 4.55258],
						"1.2917": [7.82005, 8.00688, -3.18444],
						"1.3333": [9.24, 7.81, -2.01]
					}
				},
				"foot_right2": {
					"rotation": {
						"0.0": [-23.75, -0.06, 0],
						"0.0417": {
							"pre": [-22, 0, 0],
							"post": [-22, 0, 0],
							"lerp_mode": "catmullrom"
						},
						"0.2083": {
							"post": [-7, 0, 0],
							"lerp_mode": "catmullrom"
						},
						"0.2917": {
							"post": [0, 0, 0],
							"lerp_mode": "catmullrom"
						},
						"0.4167": {
							"post": [-14, 0, 0],
							"lerp_mode": "catmullrom"
						},
						"0.5417": {
							"post": [-17.81677, -0.05933, 0],
							"lerp_mode": "catmullrom"
						},
						"0.625": {
							"post": [-12, 0, 0],
							"lerp_mode": "catmullrom"
						},
						"0.6667": [0, 1, 0],
						"1.2917": [-21, 0, 0],
						"1.3333": [-23.75, -0.06, 0]
					}
				},
				"leg_left": {
					"rotation": {
						"0.0": [-17, 6, 0],
						"0.625": [13.00191, 0.97437, 0.22497],
						"0.8333": {
							"pre": [17.77654, 2.4399, -4.89599],
							"post": [17.77654, 2.4399, -4.89599],
							"lerp_mode": "catmullrom"
						},
						"0.9583": {
							"post": [11.61668, 3.93181, -6.39931],
							"lerp_mode": "catmullrom"
						},
						"1.25": {
							"post": [-17.0278, 3.7501, -2.87775],
							"lerp_mode": "catmullrom"
						},
						"1.3333": [-17, 6, 0]
					},
					"position": {
						"0.0": [0, 0, -1.2],
						"0.1667": [-0.06, 0.07, -0.46],
						"0.3333": [-0.11, 0.03, 0.275],
						"0.625": [-0.2, -0.2, 1.575],
						"0.9583": {
							"pre": [0, 1.38, 0.13],
							"post": [0, 1.38, 0.13],
							"lerp_mode": "catmullrom"
						},
						"1.125": {
							"post": [0.01, 2.05, -0.23],
							"lerp_mode": "catmullrom"
						},
						"1.25": {
							"post": [0, 1.6, -0.62],
							"lerp_mode": "catmullrom"
						},
						"1.3333": [0, 0, -1.2]
					}
				},
				"leg_left2": {
					"rotation": {
						"0.0": [-6, 0, 0],
						"0.625": [-3, 0, 0],
						"0.75": {
							"pre": [-1.85, 0, 0],
							"post": [-1.85, 0, 0],
							"lerp_mode": "catmullrom"
						},
						"0.875": {
							"post": [15.29, 0, 0],
							"lerp_mode": "catmullrom"
						},
						"1.0": {
							"post": [9.09, 0, 0],
							"lerp_mode": "catmullrom"
						},
						"1.25": {
							"post": [-6.83, 0, 0],
							"lerp_mode": "catmullrom"
						},
						"1.3333": [-6, 0, 0]
					}
				},
				"foot_left": {
					"rotation": {
						"0.0": [22.44, -11.11, -4.55],
						"0.625": [7.82005, -8.00688, 3.18444],
						"0.7083": {
							"pre": [13.77729, -7.9962, -0.24731],
							"post": [13.77729, -7.9962, -0.24731],
							"lerp_mode": "catmullrom"
						},
						"0.7917": {
							"post": [24.0473, -7.92223, -1.11636],
							"lerp_mode": "catmullrom"
						},
						"0.9583": {
							"post": [17.80624, -7.70121, -2.17253],
							"lerp_mode": "catmullrom"
						},
						"1.25": {
							"post": [14.01473, -9.9867, 0.51816],
							"lerp_mode": "catmullrom"
						},
						"1.3333": [22.44, -11.11, -4.55]
					}
				},
				"foot_left2": {
					"rotation": {
						"0.0": [0, -1, 0],
						"0.625": [-21, 0, 0],
						"0.7083": {
							"pre": [-22, 0, 0],
							"post": [-22, 0, 0],
							"lerp_mode": "catmullrom"
						},
						"0.875": {
							"post": [-7, 0, 0],
							"lerp_mode": "catmullrom"
						},
						"0.9583": {
							"post": [0, 0, 0],
							"lerp_mode": "catmullrom"
						},
						"1.0833": {
							"post": [-14, 0, 0],
							"lerp_mode": "catmullrom"
						},
						"1.2083": {
							"post": [-17.81677, 0.05933, 0],
							"lerp_mode": "catmullrom"
						},
						"1.2917": {
							"post": [-12, 0, 0],
							"lerp_mode": "catmullrom"
						},
						"1.3333": [0, -1, 0]
					}
				},
				"right_finger1": {
					"rotation": [23.09453, -24.31762, 5.738]
				}
			}
		},
		"animation.dryopsi.sleep": {
			"loop": true,
			"bones": {
				"torso": {
					"rotation": ["-29.5+2*math.cos(q.anim_time*90*1)*1", -1, "1*math.cos(q.anim_time*90*2-90)*0.25"],
					"position": [0, -5.1, 0]
				},
				"tail1": {
					"rotation": ["17.1564-1*math.cos(q.anim_time*90*1)*1", "-14.1202-1*math.cos(q.anim_time*90*1-60)*0.5", -4.11677]
				},
				"tail2": {
					"rotation": ["-1.4888-1*math.cos(q.anim_time*90*1)*1", "-6.9979-1*math.cos(q.anim_time*90*1-90)*0.5", 0.81585]
				},
				"torso2": {
					"rotation": ["1*math.cos(q.anim_time*90*1-30)*0.5", 0, -1]
				},
				"left_arm": {
					"rotation": [13.57061, "50.932+2*math.cos(q.anim_time*90*1-30)*1", "-13.7601-2*math.cos(q.anim_time*90*1-30)*1"],
					"position": [0, 0, 0.1]
				},
				"left_arm2": {
					"rotation": [-11.87315, 8.25925, "30.7343+2*math.cos(q.anim_time*90*1-90)*1"]
				},
				"left_hand": {
					"rotation": [0, 0, 1]
				},
				"left_finger1": {
					"rotation": [23.09453, 24.3176, -5.738]
				},
				"right_arm": {
					"rotation": [13.57061, "-50.932-2*math.cos(q.anim_time*90*1-30)*1", "13.7601+2*math.cos(q.anim_time*90*1-30)*1"],
					"position": [0, 0, 0.1]
				},
				"right_arm2": {
					"rotation": [-11.87315, -8.25925, "-30.7343-2*math.cos(q.anim_time*90*1-90)*1"]
				},
				"right_hand": {
					"rotation": [0, 0, 1]
				},
				"neck": {
					"rotation": ["33.4634+3*math.cos(q.anim_time*90*1-60)*0.5", -1.68789, 2.48049],
					"position": [0, -0.7, 0.6]
				},
				"head": {
					"rotation": [
						"33.9844+3*math.cos(q.anim_time*90*1-90)*0.5",
						"4.9204-5*math.cos(q.anim_time*90*0.5-30)*0.5",
						"7.734+5*math.cos(q.anim_time*90*0.5-30)*0.5"
					]
				},
				"leg_right": {
					"rotation": [-54, 12.5, 0],
					"position": [0, -4.7, 0]
				},
				"leg_left": {
					"rotation": [-54, -12.5, 0],
					"position": [0, -4.7, 0]
				},
				"leg_right2": {
					"rotation": [-39, 0, 0],
					"position": [0, -0.025, 0.166]
				},
				"foot_right": {
					"rotation": ["10-4*math.cos(q.anim_time*90*1+30)*1", 0, 0],
					"position": [0, -0.2, 0]
				},
				"leg_left2": {
					"rotation": [-39, 0, 0],
					"position": [0, -0.025, 0.166]
				},
				"foot_left": {
					"rotation": ["10+4*math.cos(q.anim_time*90*1-30)*-1", 0, 0],
					"position": [0, -0.2, 0]
				},
				"tail": {
					"rotation": ["8.0223-1*math.cos(q.anim_time*90*1)*1", "-4.981-1*math.cos(q.anim_time*90*1-30)*0.5", 0.56282]
				},
				"eyelid_right": {
					"position": [-0.1, 0, 0]
				},
				"eyelid_left": {
					"position": [0.1, 0, 0]
				},
				"jaw": {
					"rotation": ["10+10*math.sin(q.anim_time*90*1+60)", 0, 0]
				},
				"foot_right2": {
					"rotation": ["-3*math.cos(q.anim_time*90*1-60)*1", 0, 0]
				},
				"foot_left2": {
					"rotation": ["3*math.cos(q.anim_time*90*1-60)*1", 0, 0]
				},
				"right_finger1": {
					"rotation": [23.09453, -24.31762, 5.738]
				}
			}
		},
		"animation.dryopsi.blink": {
			"animation_length": 0.1667,
			"bones": {
				"eyelid_right": {
					"position": {
						"0.0": [-0.1, 0, 0],
						"0.125": [-0.1, 0, 0],
						"0.1667": [0, 0, 0]
					}
				},
				"eyelid_left": {
					"position": {
						"0.0": [0.1, 0, 0],
						"0.125": [0.1, 0, 0],
						"0.1667": [0.1, 0, 0]
					}
				}
			}
		},
		"animation.dryopsi.walk speed test": {
			"loop": true,
			"bones": {
				"chansey": {
					"position": [0, 0, "-q.anim_time*90*0.12"]
				},
				"dryopsi": {
					"position": [0, 0, "-q.anim_time*90*0.12"]
				}
			}
		}
	}
}