{
    "enabled": true,
    "neededInstalledMods": [],
    "neededUninstalledMods": [],
    "spawns": [
        {
            "id": "branchief-1",
            "pokemon": "branchief",
            "presets": [
                "natural"
            ],
            "type": "pokemon",
            "context": "grounded",
            "bucket": "common",
            "level": "33-48",
            "weight": 0.1,
            "condition": {
                "timeRange": "day",
                "minSkyLight": 8,
                "maxSkyLight": 15,
                "biomes": [
                    "#cobblemon:is_bamboo"
                ]
            }
        }
    ]
}
