{
    "enabled": true,
    "neededInstalledMods": [],
    "neededUninstalledMods": [],
    "spawns": [
      {
        "id": "frostnatch-1",
        "pokemon": "frostnatch",
        "type": "pokemon",
        "context": "grounded",
        "bucket": "common",
        "level": "4-31",
        "weight": 2.0,
        "weightMultiplier": {
          "multiplier": 4.0,
          "condition": {
              "timeRange": "night",
              "biomes": ["#cobblemon:is_freezing"]
          }
        },
        "condition": {
          "canSeeSky": true,
          "biomes": ["#cobblemon:is_taiga"]
        }
      }
    ]
  }