{
    "enabled": true,
    "neededInstalledMods": [],
    "neededUninstalledMods": [],
    "spawns": [
  {
    "id": "heracross-paldean-1",
    "pokemon": "heracross paldean",
    "presets": [
        "natural",
        "treetop",
        "wild"
    ],
    "type": "pokemon",
    "context": "grounded",
    "bucket": "uncommon",
    "level": "25-50",
    "weight": 3.0,
    "weightMultiplier": {
        "multiplier": 5.0,
        "condition": {
            "timeRange": "twilight"
        }
    },
    "condition": {
        "minSkyLight": 8,
        "maxSkyLight": 15,
        "biomes": [
            "#cobblemon:is_floral"
        ]
      }
    }
  ]
}