{
    "enabled": true,
    "neededInstalledMods": [],
    "neededUninstalledMods": [],
    "spawns": [
        {
            "id": "keenai-1",
            "pokemon": "keenai",
            "presets": [
                "natural"
            ],
            "type": "pokemon",
            "context": "grounded",
            "bucket": "common",
            "level": "4-30",
            "weight": 9.0,
            "condition": {
                "timeRange": "night",
                "minSkyLight": 8,
                "maxSkyLight": 15,
                "biomes": [
                    "#cobblemon:is_bamboo"
                ]
            }
        }
    ]
}
