{
    "enabled": true,
    "neededInstalledMods": [],
    "neededUninstalledMods": [],
    "spawns": [
        {
            "id": "linub-1",
            "pokemon": "linub",
            "presets": [
                "natural"
            ],
            "type": "pokemon",
            "context": "grounded",
            "bucket": "common",
            "level": "1-25",
            "weight": 6.0,
            "weightMultiplier": {
                "multiplier": 0.25,
                "condition": {
                    "timeRange": "day"
                }
            },
            "condition": {
                "minSkyLight": 8,
                "maxSkyLight": 15,
                "biomes": [
                    "#cobblemon:is_overworld"
                ],
                "structures": [
                    "#minecraft:village"
                ]
            },
            "anticondition": {
                "biomes": [
                    "#cobblemon:is_freezing",
                    "#cobblemon:is_sandy"
                ]
            }
        },
        {
            "id": "linub-2",
            "pokemon": "linub",
            "presets": [
                "mansion"
            ],
            "type": "pokemon",
            "context": "grounded",
            "bucket": "common",
            "level": "1-25",
            "weight": 9.0,
            "condition": {
                "canSeeSky": false,
                "biomes": [
                    "#cobblemon:is_overworld"
                ]
            }
        },
        {
            "id": "linub-3",
            "pokemon": "linub",
            "presets": [
                "natural"
            ],
            "type": "pokemon",
            "context": "grounded",
            "bucket": "common",
            "level": "1-25",
            "weight": 6.0,
            "condition": {
                "minSkyLight": 0,
                "maxSkyLight": 7,
                "biomes": [
                    "#cobblemon:is_overworld"
                ],
                "minY": 0
            },
            "anticondition": {
                "biomes": [
                    "#cobblemon:is_deep_dark"
                ]
            }
        }
    ]
}