{
    "enabled": true,
    "neededInstalledMods": [],
    "neededUninstalledMods": [],
    "spawns": [
        {
            "id": "moistery-1",
            "pokemon": "moistery",
            "type": "pokemon",
            "context": "grounded",
            "bucket": "common",
            "level": "5-23",
            "weight": 50.0,
            "condition": {
                "canSeeSky": true,
                "biomes": [
                    "#cobblemon:is_coast"
                ],
                "timeRange":"night",
                
                "isRaining": false,         
                "moonPhase":"0"
            }
        },
        {
            "id": "moistery-2",
            "pokemon": "moistery",
            "type": "pokemon",
            "context": "submerged",
            "bucket": "common",
            "level": "5-23",
            "weight": 50.0,
            "condition": {
                "canSeeSky": true,
                "biomes": [
                    "#cobblemon:is_coast"
                ],
                "timeRange":"night",
                
                "isRaining": false,         
                "moonPhase":"0"
            }
        },
        {
            "id": "moistery-3",
            "pokemon": "moistery",
            "type": "pokemon",
            "context": "grounded",
            "bucket": "uncommon",
            "level": "5-23",
            "weight": 50.0,
            "condition": {
                "biomes": [
                    "#minecraft:is_end"
                ]
            }
        },
        {
            "id": "moistery-4",
            "pokemon": "moistery",
            "type": "pokemon",
            "context": "fishing",
            "bucket": "common",
            "level": "5-23",
            "weight": 50.0,
            "condition": {
                "canSeeSky": true,
                "biomes": [
                    "#cobblemon:is_coast"
                ],
                "timeRange":"night",
                
                "isRaining": false,         
                "moonPhase":"0"
            }
        }
    ]
}
