{
    "enabled": true,
    "neededInstalledMods": [],
    "neededUninstalledMods": [],
    "spawns": [
      {
        "id": "dandefluff-1",
        "pokemon": "dandefluff",
        "presets": [ "underground" ],
        "type": "pokemon",
        "context": "grounded",
        "bucket": "ultra-rare",
        "level": "4-15",
        "weight": 1.0,
        "condition": {
          "canSeeSky": true,
          "biomes": [ "#cobblemon:is_grassland" ]
        }
      }
    ]
  }
  