{
    "enabled": true,
    "neededInstalledMods": [],
    "neededUninstalledMods": [],
    "spawns": [
      {
        "id": "selkuddle-1",
        "pokemon": "selkuddle",
        "presets": [ "underwater" ],
        "type": "pokemon",
        "context": "submerged",
        "bucket": "ultra-rare",
        "level": "4-15",
        "weight": 1.0,
        "condition": {
          "canSeeSky": true,
          "biomes": [ "#cobblemon:is_cold_ocean" ]
        }
      }
    ]
  }
  