{
	"format_version": "1.12.0",
	"minecraft:geometry": [
		{
			"description": {
				"identifier": "geometry.gauntlet",
				"texture_width": 64,
				"texture_height": 64,
				"visible_bounds_width": 3,
				"visible_bounds_height": 2.5,
				"visible_bounds_offset": [0, 0.75, 0]
			},
			"bones": [
				{
					"name": "gauntlet",
					"pivot": [0, 0, 0]
				},
				{
					"name": "body",
					"parent": "gauntlet",
					"pivot": [0, 2, -4]
				},
				{
					"name": "torso",
					"parent": "body",
					"pivot": [0, 0, -2],
					"rotation": [-45, 0, 0],
					"cubes": [
						{"origin": [-2, 0, -8], "size": [4, 3, 6], "uv": [0, 0]},
						{"origin": [1, 3, -7], "size": [0, 3, 4], "uv": [30, 17]},
						{"origin": [-1, 3, -7], "size": [0, 3, 4], "uv": [20, 30]}
					]
				},
				{
					"name": "neck",
					"parent": "torso",
					"pivot": [0, 1.5, -8],
					"rotation": [-45, 0, 0],
					"cubes": [
						{"origin": [-1.5, 0, -12], "size": [3, 3, 4], "uv": [16, 17]}
					]
				},
				{
					"name": "head",
					"parent": "neck",
					"pivot": [0, 0.58333, -12.08333],
					"cubes": [
						{"origin": [-1.25, 0, -19], "size": [0, 4, 5], "uv": [0, 22]},
						{"origin": [-2, -1.5, -16], "size": [4, 4, 4], "pivot": [0, 0.5, -14], "rotation": [-90, 0, 180], "uv": [16, 9]},
						{"origin": [1.25, 0, -19], "size": [0, 4, 5], "uv": [10, 24]}
					]
				},
				{
					"name": "tail",
					"parent": "body",
					"pivot": [0, 1.5, -2],
					"cubes": [
						{"origin": [-1.5, 0, -2], "size": [3, 3, 4], "uv": [20, 0]}
					]
				},
				{
					"name": "lowertial",
					"parent": "tail",
					"pivot": [0, 1.25, 2],
					"cubes": [
						{"origin": [-1, 0, 2], "size": [2, 2, 4], "uv": [20, 24]},
						{"origin": [0, 0, 3], "size": [0, 5, 8], "uv": [0, 9]}
					]
				}
			]
		}
	]
}