{
	"format_version": "1.12.0",
	"minecraft:geometry": [
		{
			"description": {
				"identifier": "geometry.unknown",
				"texture_width": 64,
				"texture_height": 64,
				"visible_bounds_width": 3,
				"visible_bounds_height": 2.5,
				"visible_bounds_offset": [0, 0.75, 0]
			},
			"bones": [
				{
					"name": "cinderling",
					"pivot": [0, 0, 0]
				},
				{
					"name": "body",
					"parent": "cinderling",
					"pivot": [0, 5.25, 0],
					"cubes": [
						{"origin": [-3, 5, -3], "size": [6, 1, 6], "uv": [37, 34]},
						{"origin": [-3, 5.75, -3], "size": [6, 3, 6], "inflate": -0.1, "uv": [30, 12]},
						{"origin": [-2.5, 3.6, -2.5], "size": [5, 2, 5], "uv": [40, 0]},
						{"origin": [-3, 8.5, -3], "size": [6, 1, 6], "uv": [34, 22]},
						{"origin": [-2.5, 9.5, -2.5], "size": [5, 1, 5], "uv": [44, 45]},
						{"origin": [-0.5, 3.75, -2.95], "size": [1, 6, 0], "pivot": [-0.5, 7, -3], "rotation": [0, 0, -52.5], "uv": [35, 50]},
						{"origin": [-0.5, 3.75, -2.95], "size": [1, 6, 0], "pivot": [0.5, 7, -3], "rotation": [0, 0, 52.5], "uv": [35, 50], "mirror": true},
						{"origin": [-3.49, 4.25, 0], "size": [1, 6, 0], "pivot": [-2.99, 7.25, 0], "rotation": [90, -35, -90], "uv": [35, 50], "mirror": true},
						{"origin": [2.49, 4.25, 0], "size": [1, 6, 0], "pivot": [2.99, 7.25, 0], "rotation": [90, 35, 90], "uv": [35, 50]},
						{"origin": [2.49, 4.25, 0], "size": [1, 6, 0], "pivot": [2.99, 7.25, 0], "rotation": [-90, -35, 90], "uv": [35, 50]},
						{"origin": [-3.49, 4.25, 0], "size": [1, 6, 0], "pivot": [-2.99, 7.25, 0], "rotation": [-90, 35, -90], "uv": [35, 50], "mirror": true},
						{"origin": [-0.5, 3.75, 2.95], "size": [1, 6, 0], "pivot": [0.5, 7, 3], "rotation": [0, 0, 52.5], "uv": [35, 50], "mirror": true},
						{"origin": [-0.5, 3.75, 2.95], "size": [1, 6, 0], "pivot": [-0.5, 7, 3], "rotation": [0, 0, -52.5], "uv": [35, 50]}
					]
				},
				{
					"name": "r_arm",
					"parent": "body",
					"pivot": [-3, 8.75, 0],
					"cubes": [
						{"origin": [-6, 7.75, -1], "size": [3, 2, 2], "uv": [30, 45]}
					]
				},
				{
					"name": "r_hand",
					"parent": "r_arm",
					"pivot": [-6, 8.75, 0],
					"cubes": [
						{"origin": [-9, 7.75, -1.5], "size": [3, 2, 3], "inflate": 0.01, "uv": [19, 11]}
					]
				},
				{
					"name": "r_thumb",
					"parent": "r_hand",
					"pivot": [-7.75, 8.5, -1.5],
					"cubes": [
						{"origin": [-8.25, 8, -3.25], "size": [1, 1, 2], "uv": [10, 3]}
					]
				},
				{
					"name": "r_fingers",
					"parent": "r_hand",
					"pivot": [-9, 9, 0],
					"cubes": [
						{"origin": [-11, 8.5, -1.5], "size": [2, 1, 3], "uv": [32, 12]}
					]
				},
				{
					"name": "spear01",
					"parent": "r_hand",
					"pivot": [-8.75, 7.5, -1],
					"cubes": [
						{"origin": [-8.76, 6.5, -26], "size": [0, 3, 8], "pivot": [-8.75, 8, -22.5], "rotation": [0, 0, -90], "uv": [-1, 5]},
						{"origin": [-8.75, 4.5, -26], "size": [0, 5, 8], "uv": [0, 0]},
						{"origin": [-9.25, 7, -2.25], "size": [1, 1, 2], "uv": [6, 5]},
						{"origin": [-9.75, 6.5, -2.5], "size": [2, 2, 1], "uv": [0, 5]},
						{"origin": [-9.75, 6.5, -0.5], "size": [2, 2, 3], "uv": [30, 40]},
						{"origin": [-9.25, 7, -19.5], "size": [1, 1, 17], "uv": [0, 0]}
					]
				},
				{
					"name": "l_arm",
					"parent": "body",
					"pivot": [3, 8.75, 0],
					"cubes": [
						{"origin": [3, 7.75, -1], "size": [3, 2, 2], "uv": [43, 29]}
					]
				},
				{
					"name": "l_hand",
					"parent": "l_arm",
					"pivot": [6, 8.75, 0],
					"cubes": [
						{"origin": [6, 7.75, -1.5], "size": [3, 2, 3], "inflate": 0.01, "uv": [0, 0]}
					]
				},
				{
					"name": "l_fingers",
					"parent": "l_hand",
					"pivot": [9, 9, 0],
					"cubes": [
						{"origin": [9, 8.5, -1.5], "size": [2, 1, 3], "uv": [40, 41]}
					]
				},
				{
					"name": "l_thumb",
					"parent": "l_hand",
					"pivot": [7.75, 8.5, -1.5],
					"cubes": [
						{"origin": [7.25, 8, -3.25], "size": [1, 1, 2], "uv": [9, 0]}
					]
				},
				{
					"name": "shield01",
					"parent": "l_hand",
					"pivot": [7, 7.75, 0],
					"cubes": [
						{"origin": [11.75, 2, -3.75], "size": [1, 9, 9], "pivot": [15.5, 7, 0], "rotation": [90, 0, 0], "uv": [23, 22]},
						{"origin": [12.5, 2.5, -3.25], "size": [1, 8, 8], "pivot": [15.5, 7, 0], "rotation": [90, 0, 0], "uv": [0, 31]},
						{"origin": [6.5, 1.5, 0.75], "size": [6, 12, 0], "pivot": [15.5, 7, 0], "rotation": [90, 0, 0], "uv": [18, 40]}
					]
				},
				{
					"name": "head",
					"parent": "body",
					"pivot": [0, 10, 0],
					"cubes": [
						{"origin": [-4, 9.5, -4], "size": [8, 5, 8], "uv": [0, 18]},
						{"origin": [-4, 9.5, -3.5], "size": [8, 5, 7], "inflate": -0.1, "uv": [33, 52]},
						{"origin": [-3.5, 14.25, -3.5], "size": [7, 4, 7], "uv": [19, 0]},
						{"origin": [-3.5, 14.25, -3.5], "size": [7, 4, 7], "inflate": -0.1, "uv": [0, 53]},
						{"origin": [-1.5, 17.5, -1.5], "size": [3, 2, 3], "uv": [10, 31]}
					]
				},
				{
					"name": "ring",
					"parent": "head",
					"pivot": [0, 19, 1],
					"cubes": [
						{"origin": [0, 18.25, 0], "size": [0, 4, 4], "uv": [0, 14]}
					]
				},
				{
					"name": "eye",
					"parent": "head",
					"pivot": [0, 13.5, -3.25],
					"cubes": [
						{"origin": [-2.5, 11, -3.45], "size": [5, 5, 0], "uv": [54, 15]},
						{"origin": [-1, 12.5, -3.46], "size": [2, 2, 0], "uv": [54, 22]}
					]
				},
				{
					"name": "candle",
					"parent": "body",
					"pivot": [0, 6, 0],
					"cubes": [
						{"origin": [-1.5, 5.75, 0], "size": [3, 3, 0], "pivot": [0, 7.25, 0], "rotation": [0, -90, 0], "uv": [57, 35]},
						{"origin": [-1.5, 5.75, 0], "size": [3, 3, 0], "uv": [57, 31]}
					]
				},
				{
					"name": "shield2",
					"parent": "cinderling",
					"pivot": [7, 7.75, 0],
					"cubes": [
						{"origin": [11.75, 2, -3.75], "size": [1, 9, 9], "pivot": [15.5, 7, 0], "rotation": [90, 0, 0], "uv": [23, 22]},
						{"origin": [12.5, 2.5, -3.25], "size": [1, 8, 8], "pivot": [15.5, 7, 0], "rotation": [90, 0, 0], "uv": [0, 31]},
						{"origin": [6.5, 1.5, 0.75], "size": [6, 12, 0], "pivot": [15.5, 7, 0], "rotation": [90, 0, 0], "uv": [18, 40]}
					]
				},
				{
					"name": "spear02",
					"parent": "cinderling",
					"pivot": [-8.75, 7.5, -1],
					"cubes": [
						{"origin": [-8.76, 6.5, -26], "size": [0, 3, 8], "pivot": [-8.75, 8, -22.5], "rotation": [0, 0, -90], "uv": [-1, 5]},
						{"origin": [-8.75, 4.5, -26], "size": [0, 5, 8], "uv": [0, 0]},
						{"origin": [-9.25, 7, -2.25], "size": [1, 1, 2], "uv": [6, 5]},
						{"origin": [-9.75, 6.5, -2.5], "size": [2, 2, 1], "uv": [0, 5]},
						{"origin": [-9.75, 6.5, -0.5], "size": [2, 2, 3], "uv": [30, 40]},
						{"origin": [-9.25, 7, -19.5], "size": [1, 1, 17], "uv": [0, 0]}
					]
				},
				{
					"name": "fire",
					"parent": "cinderling",
					"pivot": [0.5, 0, -7]
				},
				{
					"name": "flame01",
					"parent": "fire",
					"pivot": [0.5, 0, -7],
					"cubes": [
						{"origin": [-3, 0, -7], "size": [7, 7, 0], "pivot": [0.5, 3.5, -7], "rotation": [0, -90, 0], "uv": [49, 7]}
					]
				},
				{
					"name": "flame02",
					"parent": "fire",
					"pivot": [0.5, 0, -7],
					"cubes": [
						{"origin": [-3, 0, -7], "size": [7, 7, 0], "uv": [49, 7]}
					]
				},
				{
					"name": "l_leg",
					"parent": "cinderling",
					"pivot": [2.25, 4.75, 0],
					"cubes": [
						{"origin": [1.25, 2.5, -1], "size": [2, 3, 2], "uv": [0, 31]}
					]
				},
				{
					"name": "l_foot",
					"parent": "l_leg",
					"pivot": [2.25, 3, 0],
					"cubes": [
						{"origin": [1.25, 0, -1], "size": [2, 3, 2], "inflate": 0.01, "uv": [24, 19]},
						{"origin": [1.25, 2.25, -1.25], "size": [2, 1, 1], "inflate": -0.01, "uv": [19, 0]}
					]
				},
				{
					"name": "l_toe",
					"parent": "l_foot",
					"pivot": [2.25, 0, -0.75],
					"cubes": [
						{"origin": [1.25, 0, -1.75], "size": [2, 1, 1], "inflate": 0.1, "uv": [0, 22]}
					]
				},
				{
					"name": "r_leg",
					"parent": "cinderling",
					"pivot": [-2.25, 4.75, 0],
					"cubes": [
						{"origin": [-3.25, 2.5, -1], "size": [2, 3, 2], "uv": [0, 47]}
					]
				},
				{
					"name": "r_foot",
					"parent": "r_leg",
					"pivot": [-2.25, 3, 0],
					"cubes": [
						{"origin": [-3.25, 0, -1], "size": [2, 3, 2], "inflate": 0.01, "uv": [40, 45]},
						{"origin": [-3.25, 2.25, -1.25], "size": [2, 1, 1], "inflate": -0.01, "uv": [19, 2]}
					]
				},
				{
					"name": "r_toe",
					"parent": "r_foot",
					"pivot": [-2.25, 0, -0.75],
					"cubes": [
						{"origin": [-3.25, 0, -1.75], "size": [2, 1, 1], "inflate": 0.1, "uv": [19, 4]}
					]
				}
			]
		}
	]
}