{
	"format_version": "1.12.0",
	"minecraft:geometry": [
		{
			"description": {
				"identifier": "geometry.seeflora_dandelion",
				"texture_width": 64,
				"texture_height": 64,
				"visible_bounds_width": 2,
				"visible_bounds_height": 2.5,
				"visible_bounds_offset": [0, 0.75, 0]
			},
			"bones": [
				{
					"name": "puffeon",
					"pivot": [0, 0, 0]
				},
				{
					"name": "leg2",
					"parent": "puffeon",
					"pivot": [-1.5, 3, -1],
					"cubes": [
						{"origin": [-2, 0, -1.5], "size": [1, 4, 1], "uv": [26, 13], "mirror": true}
					]
				},
				{
					"name": "leg",
					"parent": "puffeon",
					"pivot": [1.5, 3, -1],
					"cubes": [
						{"origin": [1, 0, -1.5], "size": [1, 4, 1], "uv": [26, 13]}
					]
				},
				{
					"name": "head",
					"parent": "puffeon",
					"pivot": [0, 3, -1],
					"cubes": [
						{"origin": [-2.5, 3, -3.5], "size": [5, 4, 5], "uv": [0, 14]},
						{"origin": [-3, 8, -4], "size": [6, 6, 6], "uv": [0, 0]},
						{"origin": [-0.5, 7, -1.5], "size": [1, 3, 1], "uv": [38, 5]}
					]
				}
			]
		}
	]
}