{
	"format_version": "1.8.0",
	"animations": {
		"animation.taplatter.ground_idle": {
			"loop": true,
			"bones": {
				"waist": {
					"rotation": ["-0.75*math.cos(q.anim_time*90*3-80)*1", "-0.25*math.cos(q.anim_time*90*1.5-20)*2", "-0.25*math.cos(q.anim_time*90*1.5-60)*1"],
					"position": [0, "0.1*math.cos(q.anim_time*90*3+30)*1", 0]
				},
				"torso": {
					"rotation": ["-0.75*math.cos(q.anim_time*90*3-50)*1", "-0.25*math.cos(q.anim_time*90*1.5+10)*2", "-0.25*math.cos(q.anim_time*90*1.5-30)*1"],
					"position": [0, "0.1*math.cos(q.anim_time*90*3+60)*1", 0]
				},
				"ear_right": {
					"rotation": [0, "2*math.cos(q.anim_time*90*3-70)*4", 0]
				},
				"ear_left": {
					"rotation": [0, "-2*math.cos(q.anim_time*90*3-70)*4", 0]
				},
				"snout": {
					"rotation": ["-0.75*math.cos(q.anim_time*90*3-100)*1", "-0.25*math.cos(q.anim_time*90*1.5+20)*2", "-0.25*math.cos(q.anim_time*90*1.5-60)*1"]
				},
				"tail_middle": {
					"rotation": ["3*math.cos(q.anim_time*90*1.5-40)*1", 0, "-1*math.cos(q.anim_time*90*0.75-40)*2"]
				},
				"tail_middle2": {
					"rotation": ["22.5+3*math.cos(q.anim_time*90*1.5-50)*1", 0, "-1*math.cos(q.anim_time*90*0.75-50)*2"]
				},
				"tail_middle3": {
					"rotation": ["22.5+3*math.cos(q.anim_time*90*1.5-60)*1", 0, "-1*math.cos(q.anim_time*90*0.75-60)*2"]
				},
				"tail_middle4": {
					"rotation": ["10+3*math.cos(q.anim_time*90*1.5-70)*1", 0, "-1*math.cos(q.anim_time*90*0.75-70)*2"]
				},
				"tail_left": {
					"rotation": ["3*math.cos(q.anim_time*90*1.5-60)*1", 0, "-1*math.cos(q.anim_time*90*0.75-60)*2"]
				},
				"tail_left2": {
					"rotation": ["22.5+3*math.cos(q.anim_time*90*1.5-70)*1", 0, "-1*math.cos(q.anim_time*90*0.75-70)*2"]
				},
				"tail_left3": {
					"rotation": ["22.5+3*math.cos(q.anim_time*90*1.5-80)*1", 0, "-1*math.cos(q.anim_time*90*0.75-80)*2"]
				},
				"tail_left4": {
					"rotation": ["10+3*math.cos(q.anim_time*90*1.5-90)*1", 0, "-1*math.cos(q.anim_time*90*0.75-90)*2"]
				},
				"tail_right": {
					"rotation": ["3*math.cos(q.anim_time*90*1.5-60)*1", 0, "-1*math.cos(q.anim_time*90*0.75-60)*2"]
				},
				"tail_right2": {
					"rotation": ["22.5+3*math.cos(q.anim_time*90*1.5-70)*1", 0, "-1*math.cos(q.anim_time*90*0.75-70)*2"]
				},
				"tail_right3": {
					"rotation": ["22.5+3*math.cos(q.anim_time*90*1.5-80)*1", 0, "-1*math.cos(q.anim_time*90*0.75-80)*2"]
				},
				"tail_right4": {
					"rotation": ["10+3*math.cos(q.anim_time*90*1.5-90)*1", 0, "-1*math.cos(q.anim_time*90*0.75-90)*2"]
				}
			}
		},
		"animation.taplatter.battle_idle": {
			"loop": true,
			"bones": {
				"waist": {
					"rotation": ["10-0.75*math.cos(q.anim_time*90*3-80)*1", "-0.25*math.cos(q.anim_time*90*1.5-20)*2", "-0.25*math.cos(q.anim_time*90*1.5-60)*1"],
					"position": [0, "0.1*math.cos(q.anim_time*90*3+30)*1", 0]
				},
				"torso": {
					"rotation": ["-5-0.75*math.cos(q.anim_time*90*3-50)*1", "-0.25*math.cos(q.anim_time*90*1.5+10)*2", "-0.25*math.cos(q.anim_time*90*1.5-30)*1"],
					"position": [0, "0.1*math.cos(q.anim_time*90*3+60)*1", 0]
				},
				"ear_right": {
					"rotation": [0, "2*math.cos(q.anim_time*90*3-70)*4", 0]
				},
				"ear_left": {
					"rotation": [0, "-2*math.cos(q.anim_time*90*3-70)*4", 0]
				},
				"snout": {
					"rotation": ["-2.5-0.75*math.cos(q.anim_time*90*3-100)*1", "-0.25*math.cos(q.anim_time*90*1.5+20)*2", "-0.25*math.cos(q.anim_time*90*1.5-60)*1"]
				},
				"tail_middle": {
					"rotation": ["3*math.cos(q.anim_time*90*1.5-40)*1", 0, "-1*math.cos(q.anim_time*90*0.75-40)*2"]
				},
				"tail_middle2": {
					"rotation": ["22.5+3*math.cos(q.anim_time*90*1.5-50)*1", 0, "-1*math.cos(q.anim_time*90*0.75-50)*2"]
				},
				"tail_middle3": {
					"rotation": ["22.5+3*math.cos(q.anim_time*90*1.5-60)*1", 0, "-1*math.cos(q.anim_time*90*0.75-60)*2"]
				},
				"tail_middle4": {
					"rotation": ["10+3*math.cos(q.anim_time*90*1.5-70)*1", 0, "-1*math.cos(q.anim_time*90*0.75-70)*2"]
				},
				"tail_left": {
					"rotation": ["3*math.cos(q.anim_time*90*1.5-60)*1", 0, "-1*math.cos(q.anim_time*90*0.75-60)*2"]
				},
				"tail_left2": {
					"rotation": ["22.5+3*math.cos(q.anim_time*90*1.5-70)*1", 0, "-1*math.cos(q.anim_time*90*0.75-70)*2"]
				},
				"tail_left3": {
					"rotation": ["22.5+3*math.cos(q.anim_time*90*1.5-80)*1", 0, "-1*math.cos(q.anim_time*90*0.75-80)*2"]
				},
				"tail_left4": {
					"rotation": ["10+3*math.cos(q.anim_time*90*1.5-90)*1", 0, "-1*math.cos(q.anim_time*90*0.75-90)*2"]
				},
				"tail_right": {
					"rotation": ["3*math.cos(q.anim_time*90*1.5-60)*1", 0, "-1*math.cos(q.anim_time*90*0.75-60)*2"]
				},
				"tail_right2": {
					"rotation": ["22.5+3*math.cos(q.anim_time*90*1.5-70)*1", 0, "-1*math.cos(q.anim_time*90*0.75-70)*2"]
				},
				"tail_right3": {
					"rotation": ["22.5+3*math.cos(q.anim_time*90*1.5-80)*1", 0, "-1*math.cos(q.anim_time*90*0.75-80)*2"]
				},
				"tail_right4": {
					"rotation": ["10+3*math.cos(q.anim_time*90*1.5-90)*1", 0, "-1*math.cos(q.anim_time*90*0.75-90)*2"]
				},
				"eyebrow_left": {
					"rotation": [44, 0, 0],
					"position": [0, 0, -1.5]
				},
				"eyebrow_right": {
					"rotation": [44, 0, 0],
					"position": [0, 0, -1.5]
				},
				"leg_back_left": {
					"rotation": [0, -45, 0],
					"position": [0, 0, -0.5]
				},
				"leg_front_right": {
					"rotation": [0, 22.5, 0]
				},
				"leg_front_left": {
					"rotation": [0, -22.5, 0]
				},
				"leg_back_right": {
					"rotation": [0, 45, 0],
					"position": [0, 0, -0.5]
				}
			}
		},
		"animation.taplatter.ground_walk": {
			"loop": true,
			"animation_length": 1,
			"bones": {
				"waist": {
					"rotation": ["-0.75*math.cos(q.anim_time*90*8)*1", "-1*math.cos(q.anim_time*90*4)*1", "1.5*math.cos(q.anim_time*90*4-60)*1"],
					"position": [0, "-0.1*math.cos(q.anim_time*90*8+60)*-1", 0]
				},
				"torso": {
					"rotation": ["-0.75*math.cos(q.anim_time*90*8+30)*1", "-1*math.cos(q.anim_time*90*4+30)*1", "1.5*math.cos(q.anim_time*90*4-30)*1"],
					"position": [0, "-0.1*math.cos(q.anim_time*90*8+90)*-1", 0]
				},
				"ear_right": {
					"rotation": [0, "-2.5-3*math.cos(q.anim_time*90*8-70)*-1", "-1*math.cos(q.anim_time*90*4-70)*-1"]
				},
				"ear_left": {
					"rotation": [0, "2.5-3*math.cos(q.anim_time*90*8-70)*1", "1*math.cos(q.anim_time*90*4-70)*-1"]
				},
				"snout": {
					"rotation": ["-0.75*math.cos(q.anim_time*90*8-20)*1", "-1*math.cos(q.anim_time*90*4+40)*1", "1.5*math.cos(q.anim_time*90*4-60)*1"]
				},
				"tail_middle": {
					"rotation": ["-3*math.cos(q.anim_time*90*8-200)*1", "-1*math.cos(q.anim_time*90*4-200)*0.5", "-1*math.cos(q.anim_time*90*4-260)*2"]
				},
				"tail_middle2": {
					"rotation": ["22.5-3*math.cos(q.anim_time*90*8-210)*1", "-1*math.cos(q.anim_time*90*4-210)*0.5", "-1*math.cos(q.anim_time*90*4-270)*2"]
				},
				"tail_middle3": {
					"rotation": ["22.5-3*math.cos(q.anim_time*90*8-220)*1", "-1*math.cos(q.anim_time*90*4-220)*0.5", "-1*math.cos(q.anim_time*90*4-280)*2"]
				},
				"tail_middle4": {
					"rotation": ["10-3*math.cos(q.anim_time*90*8-230)*1", "-1*math.cos(q.anim_time*90*4-230)*0.5", "-1*math.cos(q.anim_time*90*4-290)*2"]
				},
				"tail_left": {
					"rotation": ["-3*math.cos(q.anim_time*90*8-220)*1", "-1*math.cos(q.anim_time*90*4-220)*0.5", "-1*math.cos(q.anim_time*90*4-280)*2"]
				},
				"tail_left2": {
					"rotation": ["22.5-3*math.cos(q.anim_time*90*8-230)*1", "-1*math.cos(q.anim_time*90*4-230)*0.5", "-1*math.cos(q.anim_time*90*4-290)*2"]
				},
				"tail_left3": {
					"rotation": ["22.5-3*math.cos(q.anim_time*90*8-240)*1", "-1*math.cos(q.anim_time*90*4-240)*0.5", "-1*math.cos(q.anim_time*90*4-300)*2"]
				},
				"tail_left4": {
					"rotation": ["10-3*math.cos(q.anim_time*90*8-250)*1", "-1*math.cos(q.anim_time*90*4-250)*0.5", "-1*math.cos(q.anim_time*90*4-310)*2"]
				},
				"tail_right": {
					"rotation": ["-3*math.cos(q.anim_time*90*8-220)*1", "-1*math.cos(q.anim_time*90*4-220)*0.5", "-1*math.cos(q.anim_time*90*4-280)*2"]
				},
				"tail_right2": {
					"rotation": ["22.5-3*math.cos(q.anim_time*90*8-230)*1", "-1*math.cos(q.anim_time*90*4-230)*0.5", "-1*math.cos(q.anim_time*90*4-290)*2"]
				},
				"tail_right3": {
					"rotation": ["22.5-3*math.cos(q.anim_time*90*8-240)*1", "-1*math.cos(q.anim_time*90*4-240)*0.5", "-1*math.cos(q.anim_time*90*4-300)*2"]
				},
				"tail_right4": {
					"rotation": ["10-3*math.cos(q.anim_time*90*8-250)*1", "-1*math.cos(q.anim_time*90*4-250)*0.5", "-1*math.cos(q.anim_time*90*4-310)*2"]
				},
				"leg_back_left": {
					"rotation": {
						"0.0": [-7.5, 0, 0],
						"0.125": [0, 0, 0],
						"0.625": [0, 0, 0],
						"0.75": {
							"pre": [12.5, 0, 0],
							"post": [12.5, 0, 0],
							"lerp_mode": "catmullrom"
						},
						"1.0": {
							"post": [-7.5, 0, 0],
							"lerp_mode": "catmullrom"
						}
					},
					"position": {
						"0.0": [0.1, 0.54, 0.08],
						"0.125": [0.1, 0.04, -0.48],
						"0.625": [0.1, 0.04, 0.87],
						"0.8333": {
							"pre": [0.1, 0.54, 0.46],
							"post": [0.1, 0.54, 0.46],
							"lerp_mode": "catmullrom"
						},
						"1.0": {
							"post": [0.1, 0.54, 0.08],
							"lerp_mode": "catmullrom"
						}
					}
				},
				"leg_front_right": {
					"rotation": {
						"0.0": [0, 0, 0],
						"0.5": [0, 0, 0],
						"0.625": {
							"pre": [12.5, 0, 0],
							"post": [12.5, 0, 0],
							"lerp_mode": "catmullrom"
						},
						"0.875": {
							"post": [-7.5, 0, 0],
							"lerp_mode": "catmullrom"
						},
						"1.0": [0, 0, 0]
					},
					"position": {
						"0.0": [0.1, 0.04, -0.48],
						"0.5": [0.1, 0.04, 0.87],
						"0.7083": {
							"pre": [0.1, 0.54, 0.46],
							"post": [0.1, 0.54, 0.46],
							"lerp_mode": "catmullrom"
						},
						"0.875": {
							"post": [0.1, 0.54, 0.08],
							"lerp_mode": "catmullrom"
						},
						"1.0": [0.1, 0.04, -0.48]
					}
				},
				"leg_front_left": {
					"rotation": {
						"0.0": [0, 0, 0],
						"0.125": {
							"pre": [12.5, 0, 0],
							"post": [12.5, 0, 0],
							"lerp_mode": "catmullrom"
						},
						"0.375": {
							"post": [-7.5, 0, 0],
							"lerp_mode": "catmullrom"
						},
						"0.5": [0, 0, 0],
						"1.0": [0, 0, 0]
					},
					"position": {
						"0.0": [-0.1, 0.04, 0.87],
						"0.2083": {
							"pre": [-0.1, 0.54, 0.46],
							"post": [-0.1, 0.54, 0.46],
							"lerp_mode": "catmullrom"
						},
						"0.375": {
							"post": [-0.1, 0.54, 0.08],
							"lerp_mode": "catmullrom"
						},
						"0.5": [-0.1, 0.04, -0.48],
						"1.0": [-0.1, 0.04, 0.87]
					}
				},
				"leg_back_right": {
					"rotation": {
						"0.0": [0, 0, 0],
						"0.125": [0, 0, 0],
						"0.25": {
							"pre": [12.5, 0, 0],
							"post": [12.5, 0, 0],
							"lerp_mode": "catmullrom"
						},
						"0.5": {
							"post": [-7.5, 0, 0],
							"lerp_mode": "catmullrom"
						},
						"0.625": [0, 0, 0],
						"1.0": [0, 0, 0]
					},
					"position": {
						"0.0": [-0.1, 0.04, 0.53],
						"0.125": [-0.1, 0.04, 0.87],
						"0.3333": {
							"pre": [-0.1, 0.54, 0.46],
							"post": [-0.1, 0.54, 0.46],
							"lerp_mode": "catmullrom"
						},
						"0.5": {
							"post": [-0.1, 0.54, 0.08],
							"lerp_mode": "catmullrom"
						},
						"0.625": [-0.1, 0.04, -0.48],
						"1.0": [-0.1, 0.04, 0.53]
					}
				}
			}
		},
		"animation.taplatter.blink": {
			"animation_length": 0.2083,
			"bones": {
				"eye_right": {
					"position": {
						"0.0": [0, 0, 0],
						"0.0417": {
							"pre": [0, 0, 0],
							"post": [1, 0, 0]
						},
						"0.1667": {
							"pre": [1, 0, 0],
							"post": [1, 0, 0]
						},
						"0.2083": {
							"pre": [1, 0, 0],
							"post": [0, 0, 0]
						}
					}
				},
				"eyelid_left": {
					"position": {
						"0.0": [0, 0, 0],
						"0.0417": {
							"pre": [0, 0, 0],
							"post": [0.02, 0, 0]
						},
						"0.1667": {
							"pre": [0.02, 0, 0],
							"post": [0.02, 0, 0]
						},
						"0.2083": {
							"pre": [0.02, 0, 0],
							"post": [0, 0, 0]
						}
					}
				},
				"eye_left": {
					"position": {
						"0.0": [0, 0, 0],
						"0.0417": {
							"pre": [0, 0, 0],
							"post": [-1, 0, 0]
						},
						"0.1667": {
							"pre": [-1, 0, 0],
							"post": [-1, 0, 0]
						},
						"0.2083": {
							"pre": [-1, 0, 0],
							"post": [0, 0, 0]
						}
					}
				},
				"eyelid_right": {
					"position": {
						"0.0": [0, 0, 0],
						"0.0417": {
							"pre": [0, 0, 0],
							"post": [-0.02, 0, 0]
						},
						"0.1667": {
							"pre": [-0.02, 0, 0],
							"post": [-0.02, 0, 0]
						},
						"0.2083": {
							"pre": [-0.02, 0, 0],
							"post": [0, 0, 0]
						}
					}
				}
			}
		},
		"animation.taplatter.sleep": {
			"loop": true,
			"bones": {
				"body": {
					"position": [0, -1.5, 0]
				},
				"waist": {
					"rotation": ["-2.5+0.25*math.cos(q.anim_time*90*1-90)*-0.5", 0, 0],
					"position": [0, "-0.35-0.1*math.cos(q.anim_time*90*1)*1", 0]
				},
				"torso": {
					"rotation": ["0.5+0.25*math.cos(q.anim_time*90*1-60)*-0.5", 0, 0],
					"position": [0, "-0.1*math.cos(q.anim_time*90*1+30)*1", 0]
				},
				"ear_right": {
					"rotation": [17.5, "33+2*math.cos(q.anim_time*90*1-150)*1", 0]
				},
				"ear_left": {
					"rotation": [17.5, "-33+2*math.cos(q.anim_time*90*1-150)*-1", 0]
				},
				"snout": {
					"rotation": ["0.5-0.25*math.cos(q.anim_time*90*1-30)*-2", 0, 0]
				},
				"snout_end": {
					"position": [0, 0, 0.1],
					"scale": "1-0.02*math.cos(q.anim_time*90*1+50)*-1"
				},
				"eye_right": {
					"position": [1, 0, 0]
				},
				"eyelid_left": {
					"position": [0.02, 0, 0]
				},
				"eye_left": {
					"position": [-1, 0, 0]
				},
				"eyelid_right": {
					"position": [-0.02, 0, 0]
				},
				"tail_middle": {
					"rotation": [-17.5, "-1*math.cos(q.anim_time*90*0.5-250)*2", 0],
					"position": [0, 0, -0.45]
				},
				"tail_middle2": {
					"rotation": [10, "-1*math.cos(q.anim_time*90*0.5-260)*2", 0]
				},
				"tail_middle3": {
					"rotation": [12.5, "-1*math.cos(q.anim_time*90*0.5-270)*2", 0]
				},
				"tail_middle4": {
					"rotation": [12.5, "-1*math.cos(q.anim_time*90*0.5-280)*2", 0]
				},
				"tail_left": {
					"rotation": [-17.5, "-1*math.cos(q.anim_time*90*0.5-270)*2", 0]
				},
				"tail_left2": {
					"rotation": [10, "-1*math.cos(q.anim_time*90*0.5-280)*2", 0]
				},
				"tail_left3": {
					"rotation": [12.5, "-1*math.cos(q.anim_time*90*0.5-290)*2", 0]
				},
				"tail_left4": {
					"rotation": [12.5, "-1*math.cos(q.anim_time*90*0.5-300)*2", 0]
				},
				"tail_right": {
					"rotation": [-17.5, "-1*math.cos(q.anim_time*90*0.5-270)*2", 0]
				},
				"tail_right2": {
					"rotation": [10, "-1*math.cos(q.anim_time*90*0.5-280)*2", 0]
				},
				"tail_right3": {
					"rotation": [12.5, "-1*math.cos(q.anim_time*90*0.5-290)*2", 0]
				},
				"tail_right4": {
					"rotation": [12.5, "-1*math.cos(q.anim_time*90*0.5-300)*2", 0]
				},
				"leg_back_left": {
					"rotation": ["97.5+2*math.cos(q.anim_time*90*1+30)*-1", -62.5, -180],
					"position": [1.75, "0.6-0.1*math.cos(q.anim_time*90*1+30)*1", 0.1]
				},
				"leg_front_right": {
					"rotation": ["-82.5+2*math.cos(q.anim_time*90*1+30)*-1", 67.5, 0],
					"position": [-1.75, "0.6-0.1*math.cos(q.anim_time*90*1+30)*1", -1]
				},
				"leg_front_left": {
					"rotation": ["-82.5+2*math.cos(q.anim_time*90*1+30)*-1", -67.5, 0],
					"position": [1.75, "0.6-0.1*math.cos(q.anim_time*90*1+30)*1", -1]
				},
				"leg_back_right": {
					"rotation": ["97.5+2*math.cos(q.anim_time*90*1+30)*-1", 62.5, 180],
					"position": [-1.75, "0.6-0.1*math.cos(q.anim_time*90*1+30)*1", 0.1]
				}
			}
		},
		"animation.taplatter.quirk": {
			"animation_length": 0.875,
			"bones": {
				"waist": {
					"rotation": {
						"0.0": {
							"post": [0, 0, 0],
							"lerp_mode": "catmullrom"
						},
						"0.0833": {
							"post": [0, 0, 0],
							"lerp_mode": "catmullrom"
						},
						"0.2083": {
							"post": [-0.2, 0, 0],
							"lerp_mode": "catmullrom"
						},
						"0.3333": {
							"post": [0.25, 0, 0],
							"lerp_mode": "catmullrom"
						},
						"0.5": {
							"post": [-0.2, 0, 0],
							"lerp_mode": "catmullrom"
						},
						"0.625": {
							"post": [0.25, 0, 0],
							"lerp_mode": "catmullrom"
						},
						"0.875": {
							"post": [0, 0, 0],
							"lerp_mode": "catmullrom"
						}
					}
				},
				"torso": {
					"rotation": {
						"0.0": {
							"post": [0, 0, 0],
							"lerp_mode": "catmullrom"
						},
						"0.0833": {
							"post": [0, 0, 0],
							"lerp_mode": "catmullrom"
						},
						"0.2083": {
							"post": [-0.2, 0, 0],
							"lerp_mode": "catmullrom"
						},
						"0.3333": {
							"post": [0.25, 0, 0],
							"lerp_mode": "catmullrom"
						},
						"0.5": {
							"post": [-0.2, 0, 0],
							"lerp_mode": "catmullrom"
						},
						"0.625": {
							"post": [0.25, 0, 0],
							"lerp_mode": "catmullrom"
						},
						"0.875": {
							"post": [0, 0, 0],
							"lerp_mode": "catmullrom"
						}
					}
				},
				"snout_end": {
					"position": {
						"0.0": [0, 0, 0],
						"0.2917": [0, 0, 0]
					},
					"scale": {
						"0.125": [1, 1, 1],
						"0.2083": [1.03, 1.03, 1.03],
						"0.375": [1, 1, 1],
						"0.4167": [1, 1, 1],
						"0.5": [1.03, 1.03, 1.03],
						"0.6667": [1, 1, 1]
					}
				}
			}
		},
		"animation.taplatter.sniff_quirk": {
			"animation_length": 0.875,
			"bones": {
				"waist": {
					"rotation": {
						"0.0": {
							"post": [0, 0, 0],
							"lerp_mode": "catmullrom"
						},
						"0.0833": {
							"post": [0, 0, 0],
							"lerp_mode": "catmullrom"
						},
						"0.2083": {
							"post": [-0.2, 0, 0],
							"lerp_mode": "catmullrom"
						},
						"0.3333": {
							"post": [0.25, 0, 0],
							"lerp_mode": "catmullrom"
						},
						"0.5": {
							"post": [-0.2, 0, 0],
							"lerp_mode": "catmullrom"
						},
						"0.625": {
							"post": [0.25, 0, 0],
							"lerp_mode": "catmullrom"
						},
						"0.875": {
							"post": [0, 0, 0],
							"lerp_mode": "catmullrom"
						}
					}
				},
				"torso": {
					"rotation": {
						"0.0": {
							"post": [0, 0, 0],
							"lerp_mode": "catmullrom"
						},
						"0.0833": {
							"post": [0, 0, 0],
							"lerp_mode": "catmullrom"
						},
						"0.2083": {
							"post": [-0.2, 0, 0],
							"lerp_mode": "catmullrom"
						},
						"0.3333": {
							"post": [0.25, 0, 0],
							"lerp_mode": "catmullrom"
						},
						"0.5": {
							"post": [-0.2, 0, 0],
							"lerp_mode": "catmullrom"
						},
						"0.625": {
							"post": [0.25, 0, 0],
							"lerp_mode": "catmullrom"
						},
						"0.875": {
							"post": [0, 0, 0],
							"lerp_mode": "catmullrom"
						}
					}
				},
				"snout_end": {
					"position": {
						"0.0": [0, 0, 0],
						"0.2917": [0, 0, 0]
					},
					"scale": {
						"0.125": [1, 1, 1],
						"0.2083": [1.03, 1.03, 1.03],
						"0.375": [1, 1, 1],
						"0.4167": [1, 1, 1],
						"0.5": [1.03, 1.03, 1.03],
						"0.6667": [1, 1, 1]
					}
				}
			}
		},
		"animation.taplatter.recoil": {
			"animation_length": 1.5,
			"bones": {
				"waist": {
					"rotation": {
						"0.0": [0, 0, 0],
						"0.0833": {
							"pre": [-6, 0, 0],
							"post": [-6, 0, 0],
							"lerp_mode": "catmullrom"
						},
						"0.25": {
							"post": [-6, 0, 0],
							"lerp_mode": "catmullrom"
						},
						"0.8333": {
							"post": [0, 0, 0],
							"lerp_mode": "catmullrom"
						},
						"1.3333": [0, 0, 0]
					},
					"position": {
						"0.0": [0, 0, 0],
						"0.0417": {
							"pre": [0, -0.2, 0.3],
							"post": [0, -0.2, 0.3],
							"lerp_mode": "catmullrom"
						},
						"0.375": {
							"post": [0, 0.1, 0],
							"lerp_mode": "catmullrom"
						},
						"0.7083": {
							"post": [0, 0, 0],
							"lerp_mode": "catmullrom"
						},
						"0.9583": [0, 0, 0]
					}
				},
				"torso": {
					"rotation": {
						"0.0": [0, 0, 0],
						"0.0833": {
							"pre": [-6, 0, 0],
							"post": [-6, 0, 0],
							"lerp_mode": "catmullrom"
						},
						"0.25": {
							"post": [-6, 0, 0],
							"lerp_mode": "catmullrom"
						},
						"0.8333": {
							"post": [0, 0, 0],
							"lerp_mode": "catmullrom"
						},
						"1.3333": [0, 0, 0]
					},
					"position": {
						"0.0": [0, 0, 0],
						"0.0417": {
							"pre": [0, -0.2, 0.3],
							"post": [0, -0.2, 0.3],
							"lerp_mode": "catmullrom"
						},
						"0.375": {
							"post": [0, 0.1, 0],
							"lerp_mode": "catmullrom"
						},
						"0.7083": {
							"post": [0, 0, 0],
							"lerp_mode": "catmullrom"
						},
						"0.9583": [0, 0, 0]
					}
				},
				"ear_right": {
					"rotation": {
						"0.0": [0, 0, 0],
						"0.2083": {
							"pre": [0, -22, 0],
							"post": [0, -22, 0],
							"lerp_mode": "catmullrom"
						},
						"0.625": {
							"post": [0, 5, 0],
							"lerp_mode": "catmullrom"
						},
						"1.0833": {
							"post": [0, 0, 0],
							"lerp_mode": "catmullrom"
						},
						"1.4583": [0, 0, 0]
					}
				},
				"ear_left": {
					"rotation": {
						"0.0": [0, 0, 0],
						"0.2083": {
							"pre": [0, 22, 0],
							"post": [0, 22, 0],
							"lerp_mode": "catmullrom"
						},
						"0.625": {
							"post": [0, -5, 0],
							"lerp_mode": "catmullrom"
						},
						"1.0833": {
							"post": [0, 0, 0],
							"lerp_mode": "catmullrom"
						},
						"1.4583": [0, 0, 0]
					}
				},
				"snout": {
					"rotation": {
						"0.0": [0, 0, 0],
						"0.0417": {
							"pre": [-5, 0, 0],
							"post": [-5, 0, 0],
							"lerp_mode": "catmullrom"
						},
						"0.6667": {
							"post": [0, 0, 0],
							"lerp_mode": "catmullrom"
						},
						"1.375": [0, 0, 0]
					}
				},
				"snout_end": {
					"rotation": {
						"0.0": [0, 0, 0],
						"0.25": {
							"pre": [-8, 0, 0],
							"post": [-8, 0, 0],
							"lerp_mode": "catmullrom"
						},
						"0.75": {
							"post": [0, 0, 0],
							"lerp_mode": "catmullrom"
						},
						"1.4583": [0, 0, 0]
					}
				},
				"eye_right": {
					"position": {
						"0.0": [0, 0, 0],
						"0.0417": {
							"pre": [0, 0, 0],
							"post": [1, 0, 0]
						},
						"0.2083": {
							"pre": [1, 0, 0],
							"post": [1, 0, 0]
						},
						"0.25": {
							"pre": [1, 0, 0],
							"post": [0, 0, 0]
						}
					}
				},
				"eyelid_right": {
					"position": {
						"0.0": [0, 0, 0],
						"0.0417": {
							"pre": [0, 0, 0],
							"post": [-0.02, 0, 0]
						},
						"0.2083": {
							"pre": [-0.02, 0, 0],
							"post": [-0.02, 0, 0]
						},
						"0.25": {
							"pre": [-0.02, 0, 0],
							"post": [0, 0, 0]
						}
					}
				},
				"eyelid_left": {
					"position": {
						"0.0": [0, 0, 0],
						"0.0417": {
							"pre": [0, 0, 0],
							"post": [0.02, 0, 0]
						},
						"0.2083": {
							"pre": [0.02, 0, 0],
							"post": [0.02, 0, 0]
						},
						"0.25": {
							"pre": [0.02, 0, 0],
							"post": [0, 0, 0]
						}
					}
				},
				"eye_left": {
					"position": {
						"0.0": [0, 0, 0],
						"0.0417": {
							"pre": [0, 0, 0],
							"post": [-1, 0, 0]
						},
						"0.2083": {
							"pre": [-1, 0, 0],
							"post": [-1, 0, 0]
						},
						"0.25": {
							"pre": [-1, 0, 0],
							"post": [0, 0, 0]
						}
					}
				}
			}
		},
		"animation.taplatter.faint": {
			"loop": "hold_on_last_frame",
			"animation_length": 3,
			"bones": {
				"waist": {
					"rotation": {
						"0.0": {
							"post": [-1.5, 0, 0],
							"lerp_mode": "catmullrom"
						},
						"0.125": {
							"post": [3.5, 0, 0],
							"lerp_mode": "catmullrom"
						},
						"0.2083": {
							"post": [7.5, 0, 0],
							"lerp_mode": "catmullrom"
						},
						"0.3333": {
							"post": [-10, 0, 0],
							"lerp_mode": "catmullrom"
						},
						"0.625": {
							"post": [-17.5, 0, 0],
							"lerp_mode": "catmullrom"
						},
						"1.0417": {
							"post": [-12.6765, -0.66136, -2.92133],
							"lerp_mode": "catmullrom"
						},
						"1.4583": {
							"post": [-23.94838, 1.62255, 3.64063],
							"lerp_mode": "catmullrom"
						},
						"1.9167": {
							"post": [-19, 0, 0],
							"lerp_mode": "catmullrom"
						},
						"2.0417": {
							"post": [0.63, 0, 0],
							"lerp_mode": "catmullrom"
						},
						"2.5": {
							"post": [1, 0, 0],
							"lerp_mode": "catmullrom"
						},
						"2.9167": {
							"post": [0, 0, 0],
							"lerp_mode": "catmullrom"
						}
					},
					"position": {
						"0.0": {
							"post": [0, 0, 0],
							"lerp_mode": "catmullrom"
						},
						"0.4583": {
							"post": [0, 0.85, 0],
							"lerp_mode": "catmullrom"
						},
						"1.7083": {
							"post": [0, 0.95, 0],
							"lerp_mode": "catmullrom"
						},
						"1.8333": {
							"post": [0, 1.25, 0],
							"lerp_mode": "catmullrom"
						},
						"2.0417": {
							"post": [0, -1.8, 0],
							"lerp_mode": "catmullrom"
						},
						"2.1667": {
							"post": [0, -1.8, 0],
							"lerp_mode": "catmullrom"
						},
						"2.375": {
							"post": [0, -1.6, 0],
							"lerp_mode": "catmullrom"
						},
						"2.9167": [0, -1.7, 0]
					}
				},
				"ear_right": {
					"rotation": {
						"0.0": {
							"post": [0, 0, 0],
							"lerp_mode": "catmullrom"
						},
						"0.125": {
							"post": [0, -20, 0],
							"lerp_mode": "catmullrom"
						},
						"0.25": {
							"post": [0, -32.5, 0],
							"lerp_mode": "catmullrom"
						},
						"0.4583": {
							"post": [0, 10, 0],
							"lerp_mode": "catmullrom"
						},
						"0.6667": {
							"post": [0, 15, 0],
							"lerp_mode": "catmullrom"
						},
						"0.9583": {
							"post": [0, 7.5, 0],
							"lerp_mode": "catmullrom"
						},
						"1.2083": {
							"post": [0, -0.12, 0],
							"lerp_mode": "catmullrom"
						},
						"1.5": {
							"post": [0, 2.5, 0],
							"lerp_mode": "catmullrom"
						},
						"1.7917": {
							"post": [0, 0, 0],
							"lerp_mode": "catmullrom"
						},
						"1.9583": {
							"post": [0, 40, 0],
							"lerp_mode": "catmullrom"
						},
						"2.2083": {
							"post": [0, -37.5, 0],
							"lerp_mode": "catmullrom"
						},
						"2.625": {
							"post": [0, -41.42, 0],
							"lerp_mode": "catmullrom"
						},
						"3.0": [0, -40, 0]
					}
				},
				"ear_left": {
					"rotation": {
						"0.0": {
							"post": [0, 0, 0],
							"lerp_mode": "catmullrom"
						},
						"0.125": {
							"post": [0, 20, 0],
							"lerp_mode": "catmullrom"
						},
						"0.25": {
							"post": [0, 32.5, 0],
							"lerp_mode": "catmullrom"
						},
						"0.4583": {
							"post": [0, -10, 0],
							"lerp_mode": "catmullrom"
						},
						"0.6667": {
							"post": [0, -15, 0],
							"lerp_mode": "catmullrom"
						},
						"0.9583": {
							"post": [0, -7.5, 0],
							"lerp_mode": "catmullrom"
						},
						"1.2083": {
							"post": [0, 0.12, 0],
							"lerp_mode": "catmullrom"
						},
						"1.5": {
							"post": [0, -2.5, 0],
							"lerp_mode": "catmullrom"
						},
						"1.7917": {
							"post": [0, 0, 0],
							"lerp_mode": "catmullrom"
						},
						"1.9583": {
							"post": [0, -40, 0],
							"lerp_mode": "catmullrom"
						},
						"2.2083": {
							"post": [0, 37.5, 0],
							"lerp_mode": "catmullrom"
						},
						"2.625": {
							"post": [0, 41.42, 0],
							"lerp_mode": "catmullrom"
						},
						"3.0": [0, 40, 0]
					}
				},
				"snout_end": {
					"scale": {
						"0.0": {
							"post": [1, 1, 1],
							"lerp_mode": "catmullrom"
						},
						"0.2083": {
							"post": [0.95, 0.95, 0.95],
							"lerp_mode": "catmullrom"
						},
						"0.7083": {
							"post": [1.03, 1.03, 1.03],
							"lerp_mode": "catmullrom"
						},
						"1.0": {
							"post": [0.95, 0.95, 0.95],
							"lerp_mode": "catmullrom"
						},
						"1.4583": {
							"post": [1, 1, 1],
							"lerp_mode": "catmullrom"
						},
						"2.0": {
							"post": [1, 1, 1],
							"lerp_mode": "catmullrom"
						},
						"2.1667": {
							"post": [1.03, 1.03, 1.03],
							"lerp_mode": "catmullrom"
						},
						"2.5": [0.95, 0.95, 0.95]
					}
				},
				"eye_right": {
					"position": {
						"0.0": [0, 0, 0],
						"0.1667": {
							"pre": [0, 0, 0],
							"post": [0, 0, 0]
						},
						"0.2083": {
							"pre": [0, 0, 0],
							"post": [0.02, 0, 0]
						},
						"0.375": {
							"pre": [0.02, 0, 0],
							"post": [0.02, 0, 0]
						},
						"0.4167": {
							"pre": [0.02, 0, 0],
							"post": [0, 0, 0]
						},
						"0.7083": {
							"pre": [0, 0, 0],
							"post": [0, 0, 0]
						},
						"0.75": {
							"pre": [0, 0, 0],
							"post": [0.02, 0, 0]
						},
						"0.875": {
							"pre": [0.02, 0, 0],
							"post": [0.02, 0, 0]
						},
						"0.9167": {
							"pre": [0.02, 0, 0],
							"post": [0, 0, 0]
						},
						"1.125": {
							"pre": [0, 0, 0],
							"post": [0, 0, 0]
						},
						"1.1667": {
							"pre": [0, 0, 0],
							"post": [0.02, 0, 0]
						},
						"1.25": {
							"pre": [0.02, 0, 0],
							"post": [0.02, 0, 0]
						},
						"1.2917": {
							"pre": [0.02, 0, 0],
							"post": [0, 0, 0]
						},
						"1.9167": {
							"pre": [0, 0, 0],
							"post": [0, 0, 0]
						},
						"1.9583": {
							"pre": [0, 0, 0],
							"post": [0.02, 0, 0]
						}
					}
				},
				"pupil_right": {
					"position": {
						"0.0": [0, 0, 0],
						"0.125": [0, 0, 0]
					},
					"scale": {
						"0.0": [1, 1, 1],
						"0.125": [1, 0.8, 0.8]
					}
				},
				"eyelid_right": {
					"position": {
						"0.0": [0, 0, 0],
						"0.1667": {
							"pre": [0, 0, 0],
							"post": [0, 0, 0]
						},
						"0.2083": {
							"pre": [0, 0, 0],
							"post": [-0.02, 0, 0]
						},
						"0.375": {
							"pre": [-0.02, 0, 0],
							"post": [-0.02, 0, 0]
						},
						"0.4167": {
							"pre": [-0.02, 0, 0],
							"post": [0, 0, 0]
						},
						"0.7083": {
							"pre": [0, 0, 0],
							"post": [0, 0, 0]
						},
						"0.75": {
							"pre": [0, 0, 0],
							"post": [-0.02, 0, 0]
						},
						"0.875": {
							"pre": [-0.02, 0, 0],
							"post": [-0.02, 0, 0]
						},
						"0.9167": {
							"pre": [-0.02, 0, 0],
							"post": [0, 0, 0]
						},
						"1.125": {
							"pre": [0, 0, 0],
							"post": [0, 0, 0]
						},
						"1.1667": {
							"pre": [0, 0, 0],
							"post": [-0.02, 0, 0]
						},
						"1.25": {
							"pre": [-0.02, 0, 0],
							"post": [-0.02, 0, 0]
						},
						"1.2917": {
							"pre": [-0.02, 0, 0],
							"post": [0, 0, 0]
						},
						"1.9167": {
							"pre": [0, 0, 0],
							"post": [0, 0, 0]
						},
						"1.9583": {
							"pre": [0, 0, 0],
							"post": [-0.02, 0, 0]
						}
					}
				},
				"eyelid_left": {
					"position": {
						"0.0": [0, 0, 0],
						"0.1667": {
							"pre": [0, 0, 0],
							"post": [0, 0, 0]
						},
						"0.2083": {
							"pre": [0, 0, 0],
							"post": [0.02, 0, 0]
						},
						"0.375": {
							"pre": [0.02, 0, 0],
							"post": [0.02, 0, 0]
						},
						"0.4167": {
							"pre": [0.02, 0, 0],
							"post": [0, 0, 0]
						},
						"0.7083": {
							"pre": [0, 0, 0],
							"post": [0, 0, 0]
						},
						"0.75": {
							"pre": [0, 0, 0],
							"post": [0.02, 0, 0]
						},
						"0.875": {
							"pre": [0.02, 0, 0],
							"post": [0.02, 0, 0]
						},
						"0.9167": {
							"pre": [0.02, 0, 0],
							"post": [0, 0, 0]
						},
						"1.125": {
							"pre": [0, 0, 0],
							"post": [0, 0, 0]
						},
						"1.1667": {
							"pre": [0, 0, 0],
							"post": [0.02, 0, 0]
						},
						"1.25": {
							"pre": [0.02, 0, 0],
							"post": [0.02, 0, 0]
						},
						"1.2917": {
							"pre": [0.02, 0, 0],
							"post": [0, 0, 0]
						},
						"1.9167": {
							"pre": [0, 0, 0],
							"post": [0, 0, 0]
						},
						"1.9583": {
							"pre": [0, 0, 0],
							"post": [0.02, 0, 0]
						}
					}
				},
				"eye_left": {
					"position": {
						"0.0": [0, 0, 0],
						"0.1667": {
							"pre": [0, 0, 0],
							"post": [0, 0, 0]
						},
						"0.2083": {
							"pre": [0, 0, 0],
							"post": [-0.02, 0, 0]
						},
						"0.375": {
							"pre": [-0.02, 0, 0],
							"post": [-0.02, 0, 0]
						},
						"0.4167": {
							"pre": [-0.02, 0, 0],
							"post": [0, 0, 0]
						},
						"0.7083": {
							"pre": [0, 0, 0],
							"post": [0, 0, 0]
						},
						"0.75": {
							"pre": [0, 0, 0],
							"post": [-0.02, 0, 0]
						},
						"0.875": {
							"pre": [-0.02, 0, 0],
							"post": [-0.02, 0, 0]
						},
						"0.9167": {
							"pre": [-0.02, 0, 0],
							"post": [0, 0, 0]
						},
						"1.125": {
							"pre": [0, 0, 0],
							"post": [0, 0, 0]
						},
						"1.1667": {
							"pre": [0, 0, 0],
							"post": [-0.02, 0, 0]
						},
						"1.25": {
							"pre": [-0.02, 0, 0],
							"post": [-0.02, 0, 0]
						},
						"1.2917": {
							"pre": [-0.02, 0, 0],
							"post": [0, 0, 0]
						},
						"1.9167": {
							"pre": [0, 0, 0],
							"post": [0, 0, 0]
						},
						"1.9583": {
							"pre": [0, 0, 0],
							"post": [-0.02, 0, 0]
						}
					}
				},
				"pupil_left": {
					"position": {
						"0.0": [0, 0, 0],
						"0.125": [0, 0, 0]
					},
					"scale": {
						"0.0": [1, 1, 1],
						"0.125": [1, 0.8, 0.8]
					}
				},
				"tail": {
					"rotation": {
						"0.0": {
							"post": [25, 0, 0],
							"lerp_mode": "catmullrom"
						},
						"0.25": {
							"post": [27.5, 0, 0],
							"lerp_mode": "catmullrom"
						},
						"0.5417": {
							"post": [12.5, 0, 0],
							"lerp_mode": "catmullrom"
						},
						"0.875": {
							"post": [7.5, 0, 0],
							"lerp_mode": "catmullrom"
						},
						"1.0417": {
							"post": [7.5, 0, 0],
							"lerp_mode": "catmullrom"
						},
						"1.25": {
							"post": [12.5, 0, 0],
							"lerp_mode": "catmullrom"
						},
						"1.4583": {
							"post": [20, 0, 0],
							"lerp_mode": "catmullrom"
						},
						"1.6667": {
							"post": [22.5, 0, 0],
							"lerp_mode": "catmullrom"
						},
						"1.8333": {
							"post": [15, 0, 0],
							"lerp_mode": "catmullrom"
						},
						"2.0": {
							"post": [10, 0, 0],
							"lerp_mode": "catmullrom"
						},
						"2.25": {
							"post": [10, 0, 0],
							"lerp_mode": "catmullrom"
						},
						"2.5": {
							"post": [-4.5, 0, 0],
							"lerp_mode": "catmullrom"
						},
						"2.875": [0, 0, 0]
					}
				},
				"tail_middle": {
					"rotation": [-17.5, 0, 0],
					"position": [0, 0, -0.45]
				},
				"tail_middle2": {
					"rotation": [10, 0, 0]
				},
				"tail_middle3": {
					"rotation": [12.5, 0, 0]
				},
				"tail_middle4": {
					"rotation": [12.5, 0, 0]
				},
				"tail_left": {
					"rotation": [-25, 0, 0]
				},
				"tail_left2": {
					"rotation": [10, 0, 0]
				},
				"tail_left3": {
					"rotation": [12.5, 0, 0]
				},
				"tail_left4": {
					"rotation": [12.5, 0, 0]
				},
				"tail_right": {
					"rotation": [-25, 0, 0]
				},
				"tail_right2": {
					"rotation": [10, 0, 0]
				},
				"tail_right3": {
					"rotation": [12.5, 0, 0]
				},
				"tail_right4": {
					"rotation": [12.5, 0, 0]
				},
				"leg_back_left": {
					"rotation": {
						"1.8333": [0, 0, 0],
						"2.0": {
							"pre": [75.59277, 11.64337, -0.42183],
							"post": [75.59277, 11.64337, -0.42183],
							"lerp_mode": "catmullrom"
						},
						"2.25": [94.10435, 28.90947, -1.86884],
						"3.0": [94.78925, 41.37236, -0.68599]
					},
					"position": {
						"0.625": [0, 0, 0],
						"0.8333": {
							"pre": [0, 0.4, 0],
							"post": [0, 0.4, 0],
							"lerp_mode": "catmullrom"
						},
						"0.9167": {
							"post": [0, 0.4, 0],
							"lerp_mode": "catmullrom"
						},
						"1.125": [0, 0, 0],
						"1.8333": [0, 0, 0],
						"2.0": {
							"pre": [0.45, -1.08, 1.34],
							"post": [0.45, -1.08, 1.34],
							"lerp_mode": "catmullrom"
						},
						"2.25": [1.1, -0.8, 2.3],
						"3.0": [1.1, -0.8, 2.3]
					}
				},
				"leg_front_right": {
					"rotation": {
						"0.25": {
							"pre": [0, 0, 0],
							"post": [0, 0, 0],
							"lerp_mode": "catmullrom"
						},
						"0.5417": {
							"post": [-39.27309, 16.42784, 3.84497],
							"lerp_mode": "catmullrom"
						},
						"1.0417": {
							"post": [10.2072, 17.50541, 4.09718],
							"lerp_mode": "catmullrom"
						},
						"1.2917": {
							"post": [-35.50015, 17.71231, 4.1456],
							"lerp_mode": "catmullrom"
						},
						"1.6667": {
							"post": [-19.03615, 17.0115, 3.98157],
							"lerp_mode": "catmullrom"
						},
						"1.8333": {
							"post": [-49.83702, 16.42784, 3.84497],
							"lerp_mode": "catmullrom"
						},
						"2.0": {
							"post": [-71.65422, 15.61448, 4.19456],
							"lerp_mode": "catmullrom"
						},
						"2.1667": {
							"post": [-79.98779, 34.1079, 5.67443],
							"lerp_mode": "catmullrom"
						},
						"2.375": {
							"post": [-88.74139, 47.23442, 5.2698],
							"lerp_mode": "catmullrom"
						},
						"2.9167": {
							"post": [-88.74139, 47.23442, 5.2698],
							"lerp_mode": "catmullrom"
						}
					},
					"position": {
						"0.25": {
							"pre": [0, 0, 0],
							"post": [0, 0, 0],
							"lerp_mode": "catmullrom"
						},
						"0.5417": {
							"post": [0, 1.6, 0],
							"lerp_mode": "catmullrom"
						},
						"0.9583": {
							"post": [0, 1.45, 0],
							"lerp_mode": "catmullrom"
						},
						"1.5417": {
							"post": [0, 2.7, 0],
							"lerp_mode": "catmullrom"
						},
						"1.8333": {
							"post": [-0.3, 2.4, -0.2],
							"lerp_mode": "catmullrom"
						},
						"2.0": {
							"post": [-0.57, -0.96, -1.33],
							"lerp_mode": "catmullrom"
						},
						"2.1667": {
							"post": [-0.81, -1.36, -1.8],
							"lerp_mode": "catmullrom"
						},
						"2.375": {
							"post": [-1, -1.3, -2.3],
							"lerp_mode": "catmullrom"
						},
						"2.9167": {
							"post": [-1.3, -1.3, -2.3],
							"lerp_mode": "catmullrom"
						}
					}
				},
				"leg_front_left": {
					"rotation": {
						"0.25": {
							"pre": [0, 0, 0],
							"post": [0, 0, 0],
							"lerp_mode": "catmullrom"
						},
						"0.5417": {
							"post": [-39.27309, -16.42784, -3.84497],
							"lerp_mode": "catmullrom"
						},
						"1.0417": {
							"post": [10.2072, -17.50541, -4.09718],
							"lerp_mode": "catmullrom"
						},
						"1.2917": {
							"post": [-35.50015, -17.71231, -4.1456],
							"lerp_mode": "catmullrom"
						},
						"1.6667": {
							"post": [-19.03615, -17.0115, -3.98157],
							"lerp_mode": "catmullrom"
						},
						"1.8333": {
							"post": [-49.83702, -16.42784, -3.84497],
							"lerp_mode": "catmullrom"
						},
						"2.0": {
							"post": [-71.65422, -15.61448, -4.19456],
							"lerp_mode": "catmullrom"
						},
						"2.1667": {
							"post": [-79.98779, -34.1079, -5.67443],
							"lerp_mode": "catmullrom"
						},
						"2.375": {
							"post": [-88.74139, -47.23442, -5.2698],
							"lerp_mode": "catmullrom"
						},
						"2.9167": {
							"post": [-88.74139, -47.23442, -5.2698],
							"lerp_mode": "catmullrom"
						}
					},
					"position": {
						"0.25": {
							"pre": [0, 0, 0],
							"post": [0, 0, 0],
							"lerp_mode": "catmullrom"
						},
						"0.5417": {
							"post": [0, 1.6, 0],
							"lerp_mode": "catmullrom"
						},
						"0.9583": {
							"post": [0, 1.45, 0],
							"lerp_mode": "catmullrom"
						},
						"1.5417": {
							"post": [0, 2.7, 0],
							"lerp_mode": "catmullrom"
						},
						"1.8333": {
							"post": [0.3, 2.4, -0.2],
							"lerp_mode": "catmullrom"
						},
						"2.0": {
							"post": [0.57, -0.96, -1.33],
							"lerp_mode": "catmullrom"
						},
						"2.1667": {
							"post": [0.81, -1.36, -1.8],
							"lerp_mode": "catmullrom"
						},
						"2.375": {
							"post": [1, -1.3, -2.3],
							"lerp_mode": "catmullrom"
						},
						"2.9167": {
							"post": [1.3, -1.3, -2.3],
							"lerp_mode": "catmullrom"
						}
					}
				},
				"leg_back_right": {
					"rotation": {
						"1.8333": [0, 0, 0],
						"2.0": {
							"pre": [75.59277, -11.64337, 0.42183],
							"post": [75.59277, -11.64337, 0.42183],
							"lerp_mode": "catmullrom"
						},
						"2.25": [94.10435, -28.90947, 1.86884],
						"3.0": [94.78925, -41.37236, 0.68599]
					},
					"position": {
						"1.8333": [0, 0, 0],
						"2.0": {
							"pre": [-0.45, -1.08, 1.34],
							"post": [-0.45, -1.08, 1.34],
							"lerp_mode": "catmullrom"
						},
						"2.25": [-1.1, -0.8, 2.3],
						"3.0": [-1.1, -0.8, 2.3]
					}
				}
			}
		},
		"animation.taplatter.cry": {
			"animation_length": 1.0417,
			"bones": {
				"waist": {
					"rotation": {
						"0.0": {
							"post": [0, 0, 0],
							"lerp_mode": "catmullrom"
						},
						"0.1667": {
							"post": [1.75, 0, -0.1],
							"lerp_mode": "catmullrom"
						},
						"0.2917": {
							"post": [-0.28604, 0.01312, -0.09328],
							"lerp_mode": "catmullrom"
						},
						"0.4167": {
							"post": [0.29786, 0.01581, 0.2736],
							"lerp_mode": "catmullrom"
						},
						"0.625": {
							"post": [1.04975, -0.0804, -0.2081],
							"lerp_mode": "catmullrom"
						},
						"1.0": {
							"post": [0, 0, 0],
							"lerp_mode": "catmullrom"
						}
					}
				},
				"torso": {
					"rotation": {
						"0.0": {
							"post": [0, 0, 0],
							"lerp_mode": "catmullrom"
						},
						"0.2083": {
							"post": [1.75, 0, -0.1],
							"lerp_mode": "catmullrom"
						},
						"0.3333": {
							"post": [-1.78604, 0.01312, -0.09328],
							"lerp_mode": "catmullrom"
						},
						"0.4583": {
							"post": [0.29786, 0.01581, 0.2736],
							"lerp_mode": "catmullrom"
						},
						"0.6667": {
							"post": [1.04975, -0.0804, -0.2081],
							"lerp_mode": "catmullrom"
						},
						"1.0417": {
							"post": [0, 0, 0],
							"lerp_mode": "catmullrom"
						}
					}
				},
				"snout": {
					"rotation": {
						"0.0": {
							"post": [0, 0, 0],
							"lerp_mode": "catmullrom"
						},
						"0.2083": {
							"post": [0, 0, 0],
							"lerp_mode": "catmullrom"
						},
						"0.3333": {
							"post": [-2.5, 0, 0],
							"lerp_mode": "catmullrom"
						},
						"0.625": {
							"post": [1.3, 0, 0],
							"lerp_mode": "catmullrom"
						},
						"1.0": {
							"post": [0, 0, 0],
							"lerp_mode": "catmullrom"
						}
					}
				},
				"snout_end": {
					"rotation": {
						"0.0": {
							"post": [0, 0, 0],
							"lerp_mode": "catmullrom"
						},
						"0.2083": {
							"post": [0, 0, 0],
							"lerp_mode": "catmullrom"
						},
						"0.3333": {
							"post": [-2.5, 0, 0],
							"lerp_mode": "catmullrom"
						},
						"0.625": {
							"post": [1.09, 0, 0],
							"lerp_mode": "catmullrom"
						},
						"1.0": {
							"post": [0, 0, 0],
							"lerp_mode": "catmullrom"
						}
					},
					"scale": {
						"0.0": {
							"post": [1, 1, 1],
							"lerp_mode": "catmullrom"
						},
						"0.2083": {
							"post": [0.9, 0.9, 1],
							"lerp_mode": "catmullrom"
						},
						"0.3333": {
							"post": [1.2, 1.2, 1],
							"lerp_mode": "catmullrom"
						},
						"0.625": {
							"post": [1, 1, 1],
							"lerp_mode": "catmullrom"
						}
					}
				}
			},
			"sound_effects": {
				"0.1667": {
					"effect": "pokemon.taplatter.cry"
				}
			}
		}
	}
}