{
	"format_version": "1.8.0",
	"animations": {
		"animation.alpioca.ground_idle": {
			"loop": true,
			"bones": {
				"body": {
					"position": [0, -0.75, 0]
				},
				"torso": {
					"rotation": ["0+Math.cos((query.anim_time) * 90 * 1 - 90) * -1", 0, 0],
					"position": [0, "0+Math.cos((query.anim_time) * 90 * 1) * 0.6", 0]
				},
				"tail2": {
					"rotation": ["-17.5+Math.cos((query.anim_time) * 90 * 1 - 140) * -2", 0, 0]
				},
				"tail3": {
					"rotation": [-20, 0, 0]
				},
				"neck1": {
					"rotation": ["20+Math.cos((query.anim_time) * 90 * 1 - 140) * 2", 0, 0]
				},
				"neck2": {
					"rotation": ["-10+Math.cos((query.anim_time) * 90 * 1 - 190) * 2", 0, 0]
				},
				"neck3": {
					"rotation": [-5, 0, 0]
				},
				"head": {
					"rotation": ["-5+Math.cos((query.anim_time) * 90 * 1 - 140) * -4", 0, 0]
				},
				"ear_right": {
					"rotation": ["-15+Math.cos((query.anim_time) * 90 * 1 - 140) * -4", 0, -7.5]
				},
				"ear_right2": {
					"rotation": [-10, 0, 0]
				},
				"ear_right3": {
					"rotation": [-7.5, 0, 0]
				},
				"earpuff_right": {
					"rotation": [-7.5, 0, 0]
				},
				"ear_left": {
					"rotation": ["-15+Math.cos((query.anim_time) * 90 * 1 - 140) * -4", 0, 7.5]
				},
				"ear_left2": {
					"rotation": [-10, 0, 0]
				},
				"ear_left3": {
					"rotation": [-7.5, 0, 0]
				},
				"earpuff_left": {
					"rotation": [-7.5, 0, 0]
				},
				"leg_left_front": {
					"rotation": [-25, -35, 0],
					"position": [0, "0+Math.cos((query.anim_time) * 90 * 1 - 30) * -0.6", 0]
				},
				"leg_left_front2": {
					"rotation": ["17.5+Math.cos((query.anim_time) * 90 * 1 - 90) * 1", 0, 0]
				},
				"foot_left_front": {
					"rotation": [7.5, 0, 0]
				},
				"leg_right_front": {
					"rotation": [-25, 35, 0],
					"position": [0, "0+Math.cos((query.anim_time) * 90 * 1 - 30) * -0.6", 0]
				},
				"leg_right_front2": {
					"rotation": ["17.5+Math.cos((query.anim_time) * 90 * 1 - 90) * 1", 0, 0]
				},
				"foot_right_front": {
					"rotation": [7.5, 0, 0]
				},
				"leg_right_back": {
					"rotation": [25, -35, 0]
				},
				"leg_right_back2": {
					"rotation": [-17.5, 0, 0]
				},
				"foot_right_back": {
					"rotation": [-7.5, 0, 0]
				},
				"leg_left_back": {
					"rotation": [25, 35, 0]
				},
				"leg_left_back2": {
					"rotation": [-17.5, 0, 0]
				},
				"foot_left_back": {
					"rotation": [-7.5, 0, 0]
				}
			}
		},
		"animation.alpioca.ground_walk": {
			"loop": true,
			"animation_length": 1.5,
			"bones": {
				"body": {
					"position": [0, -1.25, 0]
				},
				"torso": {
					"rotation": ["0+Math.cos((query.anim_time) * 90 * 8/3 * 2 - 90) * 1", 0, "0+Math.cos((query.anim_time) * 90 * 8/3 * 1 - 90) * 4"],
					"position": [0, "0+Math.cos((query.anim_time) * 90 * 8/3 * 2) * -0.8", 0]
				},
				"tail2": {
					"rotation": ["-17.5+Math.cos((query.anim_time) * 90 * 8/3 * 2 - 140) * 3", 0, 0]
				},
				"tail3": {
					"rotation": ["-20+Math.cos((query.anim_time) * 90 * 8/3 * 2 - 190) * 7", 0, 0]
				},
				"neck1": {
					"rotation": ["30+Math.cos((query.anim_time) * 90 * 8/3 * 2 - 140) * 3", 0, "0+Math.cos((query.anim_time) * 90 * 8/3 * 1 - 140) * 6"]
				},
				"neck2": {
					"rotation": ["-7.5+Math.cos((query.anim_time) * 90 * 8/3 * 2 - 190) * 3", 0, "0+Math.cos((query.anim_time) * 90 * 8/3 * 1 - 190) * 9"]
				},
				"neck3": {
					"rotation": [-12.5, 0, 0]
				},
				"head": {
					"rotation": ["-10+Math.cos((query.anim_time) * 90 * 8/3 * 2 - 140) * -6", 0, "0+Math.cos((query.anim_time) * 90 * 8/3 * 1 - 140) * -9"]
				},
				"ear_right": {
					"rotation": ["7.5+Math.cos((query.anim_time) * 90 * 8/3 * 2 - 140) * -5", 0, "-12.5+Math.cos((query.anim_time) * 90 * 8/3 * 1 - 90) * -15"]
				},
				"ear_right2": {
					"rotation": ["-17.5+Math.cos((query.anim_time) * 90 * 8/3 * 2 - 200) * -5", 0, 0]
				},
				"ear_right3": {
					"rotation": ["-7.5+Math.cos((query.anim_time) * 90 * 8/3 * 2 - 260) * -9", 0, 0]
				},
				"earpuff_right": {
					"rotation": ["-12.5+Math.cos((query.anim_time) * 90 * 8/3 * 2 - 320) * -9", 0, 0]
				},
				"ear_left": {
					"rotation": ["7.5+Math.cos((query.anim_time) * 90 * 8/3 * 2 - 140) * -5", 0, "12.5+Math.cos((query.anim_time) * 90 * 8/3 * 1 - 90) * -15"]
				},
				"ear_left2": {
					"rotation": ["-17.5+Math.cos((query.anim_time) * 90 * 8/3 * 2 - 200) * -5", 0, 0]
				},
				"ear_left3": {
					"rotation": ["-7.5+Math.cos((query.anim_time) * 90 * 8/3 * 2 - 260) * -9", 0, 0]
				},
				"earpuff_left": {
					"rotation": ["-12.5+Math.cos((query.anim_time) * 90 * 8/3 * 2 - 320) * -9", 0, 0]
				},
				"curl1": {
					"rotation": ["0+Math.cos((query.anim_time) * 90 * 8/3 * 2 - 240) * 5", 0, 0]
				},
				"curl2": {
					"rotation": ["0+Math.cos((query.anim_time) * 90 * 8/3 * 2 - 190) * 3", 0, 0]
				},
				"leg_left_front": {
					"rotation": {
						"0.0": [-34, -25, 0],
						"0.0833": [-30, -25, 0],
						"0.375": [-30, -57.96, 0],
						"0.7083": [-30, -74.205, 0],
						"0.875": [-33.5, -73.375, 0],
						"1.25": [-52.5, -38.475, 0],
						"1.375": [-44.75, -29.52, 0],
						"1.5": [-34, -25, 0]
					},
					"position": [0, 0, "0+Math.cos((query.anim_time) * 90 * 8/3 - 60) * -0.6"]
				},
				"leg_left_front2": {
					"rotation": {
						"0.0": [7.5, 0, 0],
						"0.1667": [22.92, 0, 0],
						"0.875": [24, 0, 0],
						"1.2083": [7.5, 0, 0],
						"1.3333": [5, 0, 0],
						"1.5": [7.5, 0, 0]
					}
				},
				"foot_left_front": {
					"rotation": [7.5, 0, 0]
				},
				"leg_right_front": {
					"rotation": {
						"0.0": [-30.87, 74, 0],
						"0.125": [-33.5, 73.375, 0],
						"0.5": [-52.5, 38.475, 0],
						"0.625": [-44.75, 29.52, 0],
						"0.75": [-34, 25, 0],
						"0.8333": [-30, 25, 0],
						"1.125": [-30, 57.96, 0],
						"1.4583": [-30, 74.205, 0],
						"1.5": [-30.87, 74, 0]
					},
					"position": [0, 0, "0+Math.cos((query.anim_time) * 90 * 8/3 - 150) * -0.6"]
				},
				"leg_right_front2": {
					"rotation": {
						"0.0": [23.81, 0, 0],
						"0.125": [24, 0, 0],
						"0.4583": [7.5, 0, 0],
						"0.5833": [5, 0, 0],
						"0.75": [7.5, 0, 0],
						"0.9167": [22.92, 0, 0],
						"1.5": [23.81, 0, 0]
					}
				},
				"foot_right_front": {
					"rotation": [7.5, 0, 0]
				},
				"leg_right_back": {
					"rotation": {
						"0.0": [34, -93, 0],
						"0.0833": [30, -93, 0],
						"0.375": [30, -60.04, 0],
						"0.7083": [30, -43.795, 0],
						"0.75": [30.87, -43.5, 0],
						"0.875": [33.5, -44.625, 0],
						"1.25": [52.5, -79.525, 0],
						"1.375": [44.75, -88.48, 0],
						"1.5": [34, -93, 0]
					},
					"position": [0, 0, "0+Math.cos((query.anim_time) * 90 * 8/3 - 60) * -0.6"]
				},
				"leg_right_back2": {
					"rotation": {
						"0.0": [-7.5, 0, 0],
						"0.1667": [-22.92, 0, 0],
						"0.75": [-23.81, 0, 0],
						"0.875": [-24, 0, 0],
						"1.2083": [-7.5, 0, 0],
						"1.3333": [-5, 0, 0],
						"1.5": [-7.5, 0, 0]
					}
				},
				"foot_right_back": {
					"rotation": [-7.5, 0, 0]
				},
				"leg_left_back": {
					"rotation": {
						"0.0": [30.87, 43.5, 0],
						"0.125": [33.5, 44.625, 0],
						"0.5": [52.5, 79.525, 0],
						"0.625": [44.75, 88.48, 0],
						"0.75": [34, 93, 0],
						"0.8333": [30, 93, 0],
						"1.125": [30, 60.04, 0],
						"1.4583": [30, 43.795, 0],
						"1.5": [30.87, 44, 0]
					},
					"position": [0, 0, "0+Math.cos((query.anim_time) * 90 * 8/3 - 150) * -0.6"]
				},
				"leg_left_back2": {
					"rotation": {
						"0.0": [-23.81, 0, 0],
						"0.125": [-24, 0, 0],
						"0.4583": [-7.5, 0, 0],
						"0.5833": [-5, 0, 0],
						"0.75": [-7.5, 0, 0],
						"0.9167": [-22.92, 0, 0],
						"1.5": [-23.81, 0, 0]
					}
				},
				"foot_left_back": {
					"rotation": [-7.5, 0, 0]
				}
			}
		},
		"animation.alpioca.sleep": {
			"loop": true,
			"bones": {
				"body": {
					"position": [0, -15, 0]
				},
				"tail": {
					"rotation": [-17.5, 0, 0]
				},
				"tail2": {
					"rotation": [-20, 0, 0]
				},
				"tail3": {
					"rotation": [-27.5, 0, 0]
				},
				"neck1": {
					"rotation": ["80+Math.cos((query.anim_time) * 90 * 1) * -1", 10, 0],
					"position": [0, -1.75, -3]
				},
				"neck2": {
					"rotation": [12.5, 0, 12.5],
					"position": [0, -2, 0.25]
				},
				"neck3": {
					"rotation": [15, 0, 10],
					"position": [0, -1.75, 0.5]
				},
				"head": {
					"rotation": [-102.5, 0, 0],
					"position": [0, 6.25, -4.75]
				},
				"ear_right": {
					"rotation": [-50, 0, -22.5]
				},
				"ear_right3": {
					"rotation": [-25, 0, 0]
				},
				"earpuff_right": {
					"rotation": [-27.5, 0, 0]
				},
				"ear_left": {
					"rotation": [-50, 0, 42.5]
				},
				"ear_left3": {
					"rotation": [-25, 0, 0]
				},
				"earpuff_left": {
					"rotation": [-27.5, 0, 0]
				},
				"curl1": {
					"rotation": [22.5, 0, 0]
				},
				"curl2": {
					"rotation": [30, -7.5, 0]
				},
				"leg_left_front": {
					"rotation": ["-87.5+Math.cos((query.anim_time) * 90 * 1) * -1", -42.5, 0],
					"position": [0, 5, 0]
				},
				"leg_left_front2": {
					"rotation": [15, 0, 0]
				},
				"foot_left_front": {
					"rotation": [15, 0, 0]
				},
				"leg_right_front": {
					"rotation": ["-87.5+Math.cos((query.anim_time) * 90 * 1) * -1", 25, 0],
					"position": [0, 5, 0]
				},
				"leg_right_front2": {
					"rotation": [15, 0, 0]
				},
				"foot_right_front": {
					"rotation": [15, 0, 0]
				},
				"leg_left_back": {
					"rotation": [92.5, 27.5, 0],
					"position": [0, 5, 0]
				},
				"leg_left_back2": {
					"rotation": [-10, 0, 0]
				},
				"foot_left_back": {
					"rotation": [-12.5, 0, 0]
				},
				"leg_right_back": {
					"rotation": [92.5, -37.5, 0],
					"position": [0, 5, 0]
				},
				"leg_right_back2": {
					"rotation": [-10, 0, 0]
				},
				"torso": {
					"rotation": ["0+Math.cos((query.anim_time) * 90 * 1) * 1", 0, 0]
				}
			}
		}
	}
}