{
	"format_version": "1.8.0",
	"animations": {
		"animation.anemini.water_swim": {
			"loop": true,
			"bones": {
				"eartentacleb": {
					"rotation": ["-16.75 - Math.sin((query.anim_time + 0) * 160) * 6", 0, 0]
				},
				"eartentacleb2": {
					"rotation": ["-16.75 - Math.sin((query.anim_time + 0) * 160) * 6", 0, 0]
				},
				"mouthtentacleb": {
					"rotation": ["19 - Math.cos((query.anim_time + 0) * 160) * 5", 0, 0]
				},
				"mouthtentacleb2": {
					"rotation": ["19 - Math.cos((query.anim_time + 0) * 160) * 5", 0, 0]
				},
				"mouthtentacleb3": {
					"rotation": ["25.75 - Math.cos((query.anim_time + 0) * 160) * 5", 0, 0]
				},
				"tentacle": {
					"rotation": [0, "-13.5 - Math.cos((query.anim_time + 0.95) * 45) * 3", "0 - Math.sin((query.anim_time + 0.95) * 180) * 5"]
				},
				"tentacleb": {
					"rotation": [0, "-36.75 - Math.cos((query.anim_time + 0.95) * 180) * 15", 0]
				},
				"tentaclec": {
					"rotation": [0, "-21.25 - Math.cos((query.anim_time + 0.95) * 180) * 20", 0]
				},
				"tentacle2": {
					"rotation": [0, "8.25 + Math.cos((query.anim_time + 0.95) * 180) * 10", "0 + Math.sin((query.anim_time + 0.95) * 180) * 5"]
				},
				"tentacleb2": {
					"rotation": [0, "36.75 + Math.cos((query.anim_time + 0.95) * 180) * 15", 0]
				},
				"tentaclec2": {
					"rotation": [0, "21.25 + Math.cos((query.anim_time + 0.95) * 180) * 20", 0]
				},
				"tentacle3": {
					"rotation": [0, "8.5 + Math.cos((query.anim_time + 0.95) * 180) * 10", "0 - Math.sin((query.anim_time + 0.95) * 180) * 5"]
				},
				"tentacleb3": {
					"rotation": [0, "35.75 + Math.cos((query.anim_time + 0.95) * 180) * 15", 0]
				},
				"tentaclec3": {
					"rotation": [0, "21.75 + Math.cos((query.anim_time + 0.95) * 180) * 20", 0]
				},
				"tentacle4": {
					"rotation": [0, "-8.5 - Math.cos((query.anim_time + 0.95) * 180) * 10", "0 + Math.sin((query.anim_time + 0.95) * 180) * 5"]
				},
				"tentacleb4": {
					"rotation": [0, "-36.75 - Math.cos((query.anim_time + 0.95) * 180) * 15", 0]
				},
				"tentaclec4": {
					"rotation": [0, "-21.75 - Math.cos((query.anim_time + 0.95) * 180) * 20", 0]
				},
				"eartentacle": {
					"rotation": ["0 - Math.sin((query.anim_time + 0) * 160) * 3", 0, "0 + Math.sin((query.anim_time + 0) * 180) * 3"]
				},
				"eartentacle2": {
					"rotation": ["0 - Math.sin((query.anim_time + 0) * 160) * 3", 0, "0 - Math.sin((query.anim_time + 0) * 180) * 3"]
				},
				"mouthtentacle": {
					"rotation": ["-22.5 - Math.cos((query.anim_time + 0) * 160) * 3", 0, "- Math.cos((query.anim_time + 0.95) * 90) * 10"]
				},
				"mouthtentacle2": {
					"rotation": ["-22.5 - Math.cos((query.anim_time + 0) * 160) * 3", 0, "Math.cos((query.anim_time + 0.95) * 90) * 10"]
				},
				"mouthtentacle3": {
					"rotation": ["-22.5 - Math.cos((query.anim_time + 0) * 160) * 3", 0, 0]
				},
				"body": {
					"position": [0, "0 + Math.cos((query.anim_time + 0.5) * 85) * 0.1", "0 + Math.sin((query.anim_time + 1.05) * 180) * 0.25"]
				},
				"body2": {
					"rotation": [0, "0 - Math.cos((query.anim_time + 1.5) * 180) * 10", "0 - Math.sin((query.anim_time + 1.5) * 180) * 10"]
				},
				"body3": {
					"rotation": [0, "0 - Math.cos((query.anim_time + 1.6) * 180) * 15", "0- Math.sin((query.anim_time + 1.6) * 180) * 15"]
				}
			}
		},
		"animation.anemini.water_idle": {
			"loop": true,
			"bones": {
				"eartentacleb": {
					"rotation": ["-16.75 - Math.sin((query.anim_time + 0) * 75) * 6", 0, 0]
				},
				"eartentacleb2": {
					"rotation": ["-16.75 - Math.sin((query.anim_time + 0) * 75) * 6", 0, 0]
				},
				"mouthtentacleb": {
					"rotation": ["19 - Math.cos((query.anim_time + 0) * 75) * 5", 0, 0]
				},
				"mouthtentacleb2": {
					"rotation": ["19 - Math.cos((query.anim_time + 0) * 75) * 5", 0, 0]
				},
				"mouthtentacleb3": {
					"rotation": ["25.75 - Math.cos((query.anim_time + 0) * 75) * 5", 0, 0]
				},
				"tentacle": {
					"rotation": [0, -13.5, "0 + Math.sin((query.anim_time + 0.95) * 80) * 5"]
				},
				"tentacleb": {
					"rotation": [0, "-36.75 - Math.cos((query.anim_time + 0.95) * 45) * 15", 0]
				},
				"tentaclec": {
					"rotation": [0, "-21.25 - Math.cos((query.anim_time + 0.95) * 180) * 5", 0]
				},
				"tentacle2": {
					"rotation": [0, 8.25, "0 - Math.sin((query.anim_time + 0.95) * 80) * 5"]
				},
				"tentacleb2": {
					"rotation": [0, "36.75 + Math.cos((query.anim_time + 0.95) * 45) * 15", 0]
				},
				"tentaclec2": {
					"rotation": [0, "21.25 + Math.cos((query.anim_time + 0.95) * 180) * 5", 0]
				},
				"tentacle3": {
					"rotation": [0, 8.5, "0 - Math.sin((query.anim_time + 0.95) * 80) * 5"]
				},
				"tentacleb3": {
					"rotation": [0, "35.75 + Math.cos((query.anim_time + 0.95) * 45) * 15", 0]
				},
				"tentaclec3": {
					"rotation": [0, "21.75 + Math.cos((query.anim_time + 0.95) * 180) * 5", 0]
				},
				"tentacle4": {
					"rotation": [0, -8.5, "0 + Math.sin((query.anim_time + 0.95) * 80) * 5"]
				},
				"tentacleb4": {
					"rotation": [0, "-36.75 - Math.cos((query.anim_time + 0.95) * 45) * 15", 0]
				},
				"tentaclec4": {
					"rotation": [0, "-21.75 - Math.cos((query.anim_time + 0.95) * 180) * 5", 0]
				},
				"eartentacle": {
					"rotation": ["0 - Math.sin((query.anim_time + 0) * 75) * 3", 0, "0 + Math.sin((query.anim_time + 0) * 75) * 3"]
				},
				"eartentacle2": {
					"rotation": ["0 - Math.sin((query.anim_time + 0) * 75) * 3", 0, "0 - Math.sin((query.anim_time + 0) * 75) * 3"]
				},
				"mouthtentacle": {
					"rotation": ["-22.5 - Math.cos((query.anim_time + 0) * 75) * 3", 0, "- Math.cos((query.anim_time + 0.95) * 40) * 10"]
				},
				"mouthtentacle2": {
					"rotation": ["-22.5 - Math.cos((query.anim_time + 0) * 75) * 3", 0, "Math.cos((query.anim_time + 0.95) * 40) * 10"]
				},
				"mouthtentacle3": {
					"rotation": ["-22.5 - Math.cos((query.anim_time + 0) * 75) * 3", 0, 0]
				},
				"body": {
					"position": [0, "0 + Math.cos((query.anim_time + 0.5) * 85) * 0.15", 0]
				},
				"body2": {
					"rotation": [0, "0 - Math.cos((query.anim_time + 1.5) * 90) * 2", "0 - Math.sin((query.anim_time + 1.5) * 90) * 2"]
				},
				"body3": {
					"rotation": [0, "0 - Math.cos((query.anim_time + 1.6) * 90) * 4.5", "0- Math.sin((query.anim_time + 1.6) * 90) * 4.5"]
				}
			}
		},
		"animation.anemini.blink": {
			"animation_length": 0.16667,
			"bones": {
				"righteye": {
					"rotation": {
						"0.0": [-37.5, 0, 0],
						"0.125": [-37.5, 0, 0],
						"0.1667": [0, 0, 0]
					},
					"position": {
						"0.0": [0, 0, 0.225],
						"0.125": [0, 0, 0.225],
						"0.1667": [0, 0, 0]
					}
				},
				"lefteye": {
					"rotation": {
						"0.0": [-37.5, 0, 0],
						"0.125": [-37.5, 0, 0],
						"0.1667": [0, 0, 0]
					},
					"position": {
						"0.0": [0, 0, 0.225],
						"0.125": [0, 0, 0.225],
						"0.1667": [0, 0, 0]
					}
				}
			}
		}
	}
}