{
	"format_version": "1.8.0",
	"animations": {
		"animation.ascrolyte.closed": {
			"loop": true,
			"bones": {
				"page_base": {
					"rotation": [90, 0, 90],
					"position": [0, 9, 0]
				},
				"page_front1": {
					"rotation": [90, 0, 0]
				},
				"page_front2": {
					"rotation": [80, 0, 0]
				},
				"page_front3": {
					"rotation": [17.5, -5, 0]
				},
				"hand": {
					"rotation": [20, -7.5, 0]
				},
				"finger1": {
					"rotation": [20, 20, 0]
				},
				"page_back1": {
					"rotation": [-90, 0, 0]
				},
				"page_back2": {
					"rotation": [-90, 0, 0]
				},
				"page_back3": {
					"rotation": [-90, 0, 0]
				},
				"finger2": {
					"rotation": [15, 7.5, 0]
				},
				"finger3": {
					"rotation": [15, -2.5, 0]
				},
				"finger4": {
					"rotation": [17.5, -12.5, 0]
				}
			}
		},
		"animation.ascrolyte.ground_idle": {
			"loop": true,
			"bones": {
				"page_base": {
					"rotation": ["90+Math.cos((query.anim_time) * 90 * 1-90) * 2", 0, "80+Math.cos((query.anim_time) * 90 * 2-90) * 2"],
					"position": [0, "9.75+Math.cos((query.anim_time) * 90 * 2) * 0.5", 0]
				},
				"page_front1": {
					"rotation": [90, 0, 0]
				},
				"page_front2": {
					"rotation": [80, 0, 0]
				},
				"page_front3": {
					"rotation": [17.5, "-5+Math.cos((query.anim_time) * 90 * 2-130) * -4", 0]
				},
				"hand": {
					"rotation": [20, "-7.5+Math.cos((query.anim_time) * 90 * 2-180) * -5", 0]
				},
				"finger1": {
					"rotation": [20, "20+Math.cos((query.anim_time) * 90 * 2-230) * -5", 0]
				},
				"page_back1": {
					"rotation": [-90, 0, 0]
				},
				"page_back2": {
					"rotation": [-90, 0, 0]
				},
				"page_back3": {
					"rotation": [-90, 0, 0]
				},
				"finger2": {
					"rotation": [15, "7.5+Math.cos((query.anim_time) * 90 * 2-250) * -5", 0]
				},
				"finger3": {
					"rotation": [15, "-2.5+Math.cos((query.anim_time) * 90 * 2-270) * -5", 0]
				},
				"finger4": {
					"rotation": [17.5, "-12.5+Math.cos((query.anim_time) * 90 * 2-290) * -5", 0]
				}
			}
		},
		"animation.ascrolyte.ground_walk": {
			"loop": true,
			"bones": {
				"page_base": {
					"rotation": ["90+Math.cos((query.anim_time) * 90 * 2-90) * 2", -27.5, "80+Math.cos((query.anim_time) * 90 * 4-90) * 2"],
					"position": [0, "9.75+Math.cos((query.anim_time) * 90 * 4) * 0.5", 0]
				},
				"page_front1": {
					"rotation": [90, 0, 0]
				},
				"page_front2": {
					"rotation": [80, 0, 0]
				},
				"page_front3": {
					"rotation": [17.5, "-5+Math.cos((query.anim_time) * 90 * 4-130) * -4", 0]
				},
				"hand": {
					"rotation": [20, "-7.5+Math.cos((query.anim_time) * 90 * 4-180) * -5", 0]
				},
				"finger1": {
					"rotation": [20, "20+Math.cos((query.anim_time) * 90 * 4-230) * -5", 0]
				},
				"page_back1": {
					"rotation": [-90, 0, 0]
				},
				"page_back2": {
					"rotation": [-90, 0, 0]
				},
				"page_back3": {
					"rotation": [-90, 0, 0]
				},
				"finger2": {
					"rotation": [15, "7.5+Math.cos((query.anim_time) * 90 * 4-250) * -5", 0]
				},
				"finger3": {
					"rotation": [15, "-2.5+Math.cos((query.anim_time) * 90 * 4-270) * -5", 0]
				},
				"finger4": {
					"rotation": [17.5, "-12.5+Math.cos((query.anim_time) * 90 * 4-290) * -5", 0]
				}
			}
		},
		"animation.ascrolyte.sleep": {
			"loop": true,
			"bones": {
				"page_base": {
					"rotation": ["142.5+Math.cos((query.anim_time) * 90 * 1/2) * 17", -90, 90],
					"position": ["0+Math.cos((query.anim_time) * 90 * 1/2) * 1", 2.5, 0]
				},
				"page_front1": {
					"rotation": [90, 0, 0]
				},
				"page_front2": {
					"rotation": [80, 0, 0]
				},
				"page_front3": {
					"rotation": [65, 0, 0]
				},
				"hand": {
					"rotation": [40, 0, 0]
				},
				"finger1": {
					"rotation": [87.5, 0, 0]
				},
				"page_back1": {
					"rotation": [-90, 0, 0]
				},
				"page_back2": {
					"rotation": [-90, 0, 0]
				},
				"page_back3": {
					"rotation": [-90, 0, 0]
				},
				"finger2": {
					"rotation": [87.5, 0, 0]
				},
				"finger3": {
					"rotation": [87.5, 0, 0]
				},
				"finger4": {
					"rotation": [87.5, 0, 0]
				},
				"eyelid": {
					"position": [0, 0.05, 0]
				}
			}
		},
		"animation.ascrolyte.faint": {
			"loop": true,
			"animation_length": 3,
			"bones": {
				"page_base": {
					"rotation": {
						"0.0": [90, 0, 90],
						"0.2083": [90, -8.75, 90],
						"0.4167": [90, -12.5, 90],
						"0.5": [59, -25, 90],
						"0.625": [174.375, 2.5, 90],
						"0.75": [222.9, 6.25, 90],
						"0.9167": [252.375, 7.25, 90],
						"1.0833": [270.25, 31.75, 90],
						"1.2083": [278.675, 54.38, 90],
						"1.4167": {
							"pre": [294.175, 82, 90],
							"post": [294.175, 82, 90],
							"lerp_mode": "catmullrom"
						},
						"1.625": {
							"post": [313.325, 105.5, 90],
							"lerp_mode": "catmullrom"
						},
						"1.8333": {
							"post": [293.83, 108.86, 90],
							"lerp_mode": "catmullrom"
						},
						"2.0": {
							"post": [260.18, 98.05, 90],
							"lerp_mode": "catmullrom"
						},
						"2.1667": {
							"post": [247.93, 72.25, 90],
							"lerp_mode": "catmullrom"
						},
						"2.3333": {
							"post": [263.505, 63.75, 90],
							"lerp_mode": "catmullrom"
						},
						"2.5": {
							"post": [271.355, 81.75, 90],
							"lerp_mode": "catmullrom"
						},
						"2.625": {
							"post": [271.355, 92.25, 90],
							"lerp_mode": "catmullrom"
						},
						"2.75": {
							"post": [269.355, 89.75, 90],
							"lerp_mode": "catmullrom"
						}
					},
					"position": {
						"0.0": [0, 10.25, 0],
						"0.2083": [0, 9.5, 0],
						"0.4167": [0, 9.25, 0],
						"0.5": [0, 8.5, 0],
						"0.6667": [0, "16.5+Math.cos((query.anim_time) * 90 * 24) * 0.2", 0],
						"0.875": [0, "19+Math.cos((query.anim_time) * 90 * 24) * 0.2", -0.25],
						"1.0833": [0, "19.5+Math.cos((query.anim_time) * 90 * 24) * 0.2", -1.5],
						"1.2917": [-1.725, "15.5+Math.cos((query.anim_time) * 90 * 24) * 0.2", -5],
						"1.4583": [-2.225, 13.5, -5.52],
						"1.5833": [-2.425, 14, -4.3],
						"1.7083": [-2.025, 13.32, -2.42],
						"1.875": [0.225, 6.75, 3],
						"2.0417": [1.375, 4.775, 4.75],
						"2.2083": [1.775, 5.25, 5.25],
						"2.2917": [1.775, 4.865, 5.03],
						"2.5": [1.775, 1.525, 3.25],
						"2.7083": [1.775, 1.05, 2.75]
					}
				},
				"page_front1": {
					"rotation": {
						"0.0": [90, 0, 0],
						"0.5": [90, 0, 0],
						"0.7083": [32.5, 0, 0],
						"1.2917": [27.5, 0, 0],
						"1.4583": [2.22, 0, 0],
						"1.6667": [-4.75, 0, 0],
						"2.0417": [45, 0, 0],
						"2.25": [51.78, 0, 0],
						"2.4167": [39.2, 0, 0],
						"2.5833": [7, 0, 0],
						"2.7083": [1, 0, 0]
					}
				},
				"page_front2": {
					"rotation": {
						"0.0": [80, 0, 0],
						"0.5833": [80, 0, 0],
						"0.7917": [20, 0, 0],
						"1.2083": [17.5, 0, 0],
						"1.5": [0, 0, 0],
						"1.7083": [3.46, 0, 0],
						"1.875": [42.5, 0, 0],
						"2.0417": [46.25, 0, 0],
						"2.2917": [12.5, 0, 0],
						"2.5": [19.69, 0, 0],
						"2.6667": [5, 0, 0],
						"2.8333": [0, 0, 0]
					}
				},
				"page_front3": {
					"rotation": {
						"0.0": [17.5, -5, 0],
						"0.3333": [32.5, -5, 0],
						"0.5": [35, -5, 0],
						"0.7917": [30, -5, 0],
						"0.9583": [12.5, -5, 0],
						"1.2083": [8, -5, 0],
						"1.3333": [30.63, -5, 0],
						"1.5417": [-22.5, -5, 0],
						"1.7917": [-1.25, -5, 0],
						"2.0417": [45, -5, 0],
						"2.5": [51, -5, 0],
						"2.75": [10.4, -5, 0],
						"2.9167": [0, -5, 0]
					}
				},
				"hand": {
					"rotation": {
						"0.0": [20, -7.5, 0],
						"0.375": [42.5, -7.5, 0],
						"0.5": [52.5, -7.5, 0],
						"0.9167": [65, -7.5, 0],
						"1.25": [-7.5, -7.5, 0],
						"1.4583": [50, -7.5, 0],
						"1.6667": [-2.5, -7.5, 0],
						"1.875": [-42.5, -7.5, 0],
						"2.2083": [22.5, -7.5, 0],
						"2.75": [10, -7.5, 0],
						"2.9167": [5, -7.5, 0]
					}
				},
				"finger1": {
					"rotation": [20, 20, 0]
				},
				"page_back1": {
					"rotation": {
						"0.0": [-90, 0, 0],
						"0.5833": [-90, 0, 0],
						"0.7917": [-35, 0, 0],
						"1.125": [-32.5, 0, 0],
						"1.5": [-22.5, 0, 0],
						"1.875": [-42.5, 0, 0],
						"2.2083": [-19.5, 0, 0],
						"2.5833": [-5.75, 0, 0],
						"2.875": [0, 0, 0]
					}
				},
				"page_back2": {
					"rotation": {
						"0.0": [-90, 0, 0],
						"0.625": [-90, 0, 0],
						"0.875": [-32.5, 0, 0],
						"1.2083": [-27.5, 0, 0],
						"1.5833": [-7.5, 0, 0],
						"1.8333": [20, 0, 0],
						"2.0833": [-17.5, 0, 0],
						"2.2917": [-32.5, 0, 0],
						"2.625": [-10, 0, 0],
						"2.875": [0, 0, 0]
					}
				},
				"page_back3": {
					"rotation": {
						"0.0": [-90, 0, 0],
						"0.6667": [-90, 0, 0],
						"0.9583": [-32.5, 0, 0],
						"1.25": [-27.5, 0, 0],
						"1.75": [17.5, 0, 0],
						"2.1667": [-25, 0, 0],
						"2.6667": [-5, 0, 0],
						"2.9167": [0, 0, 0]
					}
				},
				"finger2": {
					"rotation": [15, 7.5, 0]
				},
				"finger3": {
					"rotation": [15, -2.5, 0]
				},
				"finger4": {
					"rotation": [17.5, -12.5, 0]
				},
				"eyelid": {
					"position": {
						"0.0": [0, 0, 0],
						"0.0417": [0, 0.175, 0]
					}
				}
			}
		}
	}
}