{
	"format_version": "1.8.0",
	"animations": {
		"animation.babito.ground_idle": {
			"loop": true,
			"animation_length": 6,
			"bones": {
				"body": {
					"rotation": {
						"0.0": {
							"post": [-90, 1, 90],
							"lerp_mode": "catmullrom"
						},
						"0.5": {
							"post": [0, 0, 1],
							"lerp_mode": "catmullrom"
						},
						"1.0": {
							"post": [90, 1, -90],
							"lerp_mode": "catmullrom"
						},
						"1.5": {
							"post": [0, 0, -1],
							"lerp_mode": "catmullrom"
						},
						"2.0": {
							"post": [-90, 1, 90],
							"lerp_mode": "catmullrom"
						},
						"2.5": {
							"post": [0, 0, 1],
							"lerp_mode": "catmullrom"
						},
						"3.0": {
							"post": [90, 1, -90],
							"lerp_mode": "catmullrom"
						},
						"3.5": {
							"post": [0, 0, -1],
							"lerp_mode": "catmullrom"
						},
						"4.0": {
							"post": [-90, 1, 90],
							"lerp_mode": "catmullrom"
						},
						"4.5": {
							"post": [0, 0, 1],
							"lerp_mode": "catmullrom"
						},
						"5.0": {
							"post": [90, 1, -90],
							"lerp_mode": "catmullrom"
						},
						"5.5": {
							"post": [0, 0, -1],
							"lerp_mode": "catmullrom"
						},
						"6.0": {
							"post": [-90, 1, 90],
							"lerp_mode": "catmullrom"
						}
					}
				},
				"head": {
					"rotation": {
						"0.0": {
							"post": [0, 0, 0],
							"lerp_mode": "catmullrom"
						},
						"0.9583": {
							"post": [-0.01023, 0.00764, 4.99998],
							"lerp_mode": "catmullrom"
						},
						"1.5": {
							"post": [0, 0, 0],
							"lerp_mode": "catmullrom"
						},
						"2.0": {
							"post": [0, 0, 0],
							"lerp_mode": "catmullrom"
						},
						"2.9583": {
							"post": [-0.01023, 0.00764, 4.99998],
							"lerp_mode": "catmullrom"
						},
						"3.5": {
							"post": [0, 0, 0],
							"lerp_mode": "catmullrom"
						},
						"4.0": {
							"post": [0, 0, 0],
							"lerp_mode": "catmullrom"
						},
						"4.9583": {
							"post": [-0.01023, 0.00764, 4.99998],
							"lerp_mode": "catmullrom"
						},
						"5.5": {
							"post": [0, 0, 0],
							"lerp_mode": "catmullrom"
						},
						"6.0": {
							"post": [0, 0, 0],
							"lerp_mode": "catmullrom"
						}
					},
					"position": {
						"0.0": {
							"post": [0, 0, 0],
							"lerp_mode": "catmullrom"
						},
						"0.9583": {
							"post": [0, -0.4, 0],
							"lerp_mode": "catmullrom"
						},
						"2.0": {
							"post": [0, 0, 0],
							"lerp_mode": "catmullrom"
						},
						"2.9583": {
							"post": [0, -0.4, 0],
							"lerp_mode": "catmullrom"
						},
						"4.0": {
							"post": [0, 0, 0],
							"lerp_mode": "catmullrom"
						},
						"4.9583": {
							"post": [0, -0.4, 0],
							"lerp_mode": "catmullrom"
						},
						"6.0": {
							"post": [0, 0, 0],
							"lerp_mode": "catmullrom"
						}
					},
					"scale": {
						"0.0": {
							"post": [1, 1, 1],
							"lerp_mode": "catmullrom"
						}
					}
				},
				"eyes": {
					"rotation": {
						"2.875": [0, 0, 0],
						"2.9167": {
							"pre": [0, 0, 0],
							"post": [-0.05291, -0.02129, 20.99993]
						},
						"2.9583": {
							"pre": [-0.05291, -0.02129, 20.99993],
							"post": [0, 0, 0]
						},
						"3.1667": {
							"pre": [0, 0, 0],
							"post": [0, 0, 0]
						},
						"3.2083": {
							"pre": [0, 0, 0],
							"post": [-0.05291, -0.02129, 20.99993]
						},
						"3.25": {
							"pre": [-0.05291, -0.02129, 20.99993],
							"post": [0, 0, 0]
						}
					},
					"position": {
						"2.875": [0, 0, 0],
						"2.9167": {
							"pre": [0, 0, 0],
							"post": [0.1, 0, 0]
						},
						"2.9583": {
							"pre": [0.1, 0, 0],
							"post": [0, 0, 0]
						},
						"3.1667": {
							"pre": [0, 0, 0],
							"post": [0, 0, 0]
						},
						"3.2083": {
							"pre": [0, 0, 0],
							"post": [0.1, 0, 0]
						},
						"3.25": {
							"pre": [0.1, 0, 0],
							"post": [0, 0, 0]
						}
					}
				},
				"rightmand": {
					"rotation": {
						"0.0": {
							"post": [0, 0, 0],
							"lerp_mode": "catmullrom"
						},
						"1.0": {
							"post": [-0.34347, -4.98822, 0.01404],
							"lerp_mode": "catmullrom"
						},
						"2.0": {
							"post": [0, 0, 0],
							"lerp_mode": "catmullrom"
						},
						"3.0": {
							"post": [-0.34347, -4.98822, 0.01404],
							"lerp_mode": "catmullrom"
						},
						"4.0": {
							"post": [0, 0, 0],
							"lerp_mode": "catmullrom"
						},
						"5.0": {
							"post": [-0.34347, -4.98822, 0.01404],
							"lerp_mode": "catmullrom"
						},
						"6.0": {
							"post": [0, 0, 0],
							"lerp_mode": "catmullrom"
						}
					}
				},
				"middle": {
					"rotation": {
						"0.0": {
							"post": [0, 0, 4],
							"lerp_mode": "catmullrom"
						},
						"0.5": {
							"post": [4, 0, 0],
							"lerp_mode": "catmullrom"
						},
						"1.0": {
							"post": [0, 0, -4],
							"lerp_mode": "catmullrom"
						},
						"1.5": {
							"post": [-4, 0, 0],
							"lerp_mode": "catmullrom"
						},
						"2.0": {
							"post": [0, 0, 4],
							"lerp_mode": "catmullrom"
						},
						"2.5": {
							"post": [4, 0, 0],
							"lerp_mode": "catmullrom"
						},
						"3.0": {
							"post": [0, 0, -4],
							"lerp_mode": "catmullrom"
						},
						"3.5": {
							"post": [-4, 0, 0],
							"lerp_mode": "catmullrom"
						},
						"4.0": {
							"post": [0, 0, 4],
							"lerp_mode": "catmullrom"
						},
						"4.5": {
							"post": [4, 0, 0],
							"lerp_mode": "catmullrom"
						},
						"5.0": {
							"post": [0, 0, -4],
							"lerp_mode": "catmullrom"
						},
						"5.5": {
							"post": [-4, 0, 0],
							"lerp_mode": "catmullrom"
						},
						"6.0": {
							"post": [0, 0, 4],
							"lerp_mode": "catmullrom"
						}
					}
				},
				"tail": {
					"rotation": {
						"0.0": {
							"post": [0, 0, 4],
							"lerp_mode": "catmullrom"
						},
						"0.5": {
							"post": [4, 0, 0],
							"lerp_mode": "catmullrom"
						},
						"1.0": {
							"post": [0, 0, -4],
							"lerp_mode": "catmullrom"
						},
						"1.5": {
							"post": [-4, 0, 0],
							"lerp_mode": "catmullrom"
						},
						"2.0": {
							"post": [0, 0, 4],
							"lerp_mode": "catmullrom"
						},
						"2.5": {
							"post": [4, 0, 0],
							"lerp_mode": "catmullrom"
						},
						"3.0": {
							"post": [0, 0, -4],
							"lerp_mode": "catmullrom"
						},
						"3.5": {
							"post": [-4, 0, 0],
							"lerp_mode": "catmullrom"
						},
						"4.0": {
							"post": [0, 0, 4],
							"lerp_mode": "catmullrom"
						},
						"4.5": {
							"post": [4, 0, 0],
							"lerp_mode": "catmullrom"
						},
						"5.0": {
							"post": [0, 0, -4],
							"lerp_mode": "catmullrom"
						},
						"5.5": {
							"post": [-4, 0, 0],
							"lerp_mode": "catmullrom"
						},
						"6.0": {
							"post": [0, 0, 4],
							"lerp_mode": "catmullrom"
						}
					}
				},
				"leftmand": {
					"rotation": {
						"0.0": {
							"post": [0, 0, 0],
							"lerp_mode": "catmullrom"
						},
						"1.0": {
							"post": [0.34355, 4.98821, 0.01589],
							"lerp_mode": "catmullrom"
						},
						"2.0": {
							"post": [0, 0, 0],
							"lerp_mode": "catmullrom"
						},
						"3.0": {
							"post": [0.34355, 4.98821, 0.01589],
							"lerp_mode": "catmullrom"
						},
						"4.0": {
							"post": [0, 0, 0],
							"lerp_mode": "catmullrom"
						},
						"5.0": {
							"post": [0.34355, 4.98821, 0.01589],
							"lerp_mode": "catmullrom"
						},
						"6.0": {
							"post": [0, 0, 0],
							"lerp_mode": "catmullrom"
						}
					}
				}
			}
		},
		"animation.babito.sleep": {
			"loop": true,
			"animation_length": 6,
			"bones": {
				"body": {
					"rotation": {
						"0.0": {
							"post": [-90, 1, 90],
							"lerp_mode": "catmullrom"
						},
						"0.5": {
							"post": [0, 0, 1],
							"lerp_mode": "catmullrom"
						},
						"1.0": {
							"post": [90, 1, -90],
							"lerp_mode": "catmullrom"
						},
						"1.5": {
							"post": [0, 0, -1],
							"lerp_mode": "catmullrom"
						},
						"2.0": {
							"post": [-90, 1, 90],
							"lerp_mode": "catmullrom"
						},
						"2.5": {
							"post": [0, 0, 1],
							"lerp_mode": "catmullrom"
						},
						"3.0": {
							"post": [90, 1, -90],
							"lerp_mode": "catmullrom"
						},
						"3.5": {
							"post": [0, 0, -1],
							"lerp_mode": "catmullrom"
						},
						"4.0": {
							"post": [-90, 1, 90],
							"lerp_mode": "catmullrom"
						},
						"4.5": {
							"post": [0, 0, 1],
							"lerp_mode": "catmullrom"
						},
						"5.0": {
							"post": [90, 1, -90],
							"lerp_mode": "catmullrom"
						},
						"5.5": {
							"post": [0, 0, -1],
							"lerp_mode": "catmullrom"
						},
						"6.0": {
							"post": [-90, 1, 90],
							"lerp_mode": "catmullrom"
						}
					}
				},
				"head": {
					"rotation": [0, 0, 20],
					"position": [0, -1.2, 0]
				},
				"eyes": {
					"rotation": [0, 0, 18],
					"position": [0.1, 0, 0]
				},
				"rightmand": {
					"rotation": {
						"0.0": {
							"post": [0, 0, 0],
							"lerp_mode": "catmullrom"
						},
						"3.0": {
							"post": [0, -13, 0],
							"lerp_mode": "catmullrom"
						},
						"6.0": {
							"post": [0, 0, 0],
							"lerp_mode": "catmullrom"
						}
					}
				},
				"middle": {
					"rotation": {
						"0.0": {
							"post": [0, 0, 0],
							"lerp_mode": "catmullrom"
						},
						"1.6667": {
							"post": [2, 0, 0],
							"lerp_mode": "catmullrom"
						},
						"4.6667": {
							"post": [-4, 0, 0],
							"lerp_mode": "catmullrom"
						},
						"6.0": {
							"post": [0, 0, 0],
							"lerp_mode": "catmullrom"
						}
					}
				},
				"leftmand": {
					"rotation": {
						"0.0": {
							"post": [0, 0, 0],
							"lerp_mode": "catmullrom"
						},
						"3.0": {
							"post": [0, 11, 0],
							"lerp_mode": "catmullrom"
						},
						"6.0": {
							"post": [0, 0, 0],
							"lerp_mode": "catmullrom"
						}
					}
				}
			}
		},
		"animation.babito.faint": {
			"loop": true,
			"animation_length": 3,
			"bones": {
				"body": {
					"rotation": {
						"0.0": {
							"post": [0, 0, 0],
							"lerp_mode": "catmullrom"
						},
						"0.0417": {
							"post": [-161.71465, 2.53969, 161.6868],
							"lerp_mode": "catmullrom"
						},
						"0.125": {
							"post": [-90, 9, 90],
							"lerp_mode": "catmullrom"
						},
						"0.1667": {
							"post": [-82.68376, 33.2143, 83.86905],
							"lerp_mode": "catmullrom"
						},
						"0.5417": {
							"post": [-90, 65, 90],
							"lerp_mode": "catmullrom"
						},
						"0.75": {
							"post": [-90, 78, 90],
							"lerp_mode": "catmullrom"
						},
						"0.9167": {
							"post": [-90, 95.36775, 90],
							"lerp_mode": "catmullrom"
						},
						"1.2083": {
							"post": [-90, 173.36775, 90],
							"lerp_mode": "catmullrom"
						},
						"1.4583": {
							"post": [90, 144.63225, 270],
							"lerp_mode": "catmullrom"
						},
						"1.7083": {
							"post": [90, 95.63225, 270],
							"lerp_mode": "catmullrom"
						},
						"2.0833": {
							"post": [90, 92.63225, 273],
							"lerp_mode": "catmullrom"
						},
						"3.0": {
							"post": [90, 92.63225, 267],
							"lerp_mode": "catmullrom"
						}
					},
					"position": {
						"0.0": {
							"post": [0, 0, 0],
							"lerp_mode": "catmullrom"
						}
					}
				},
				"head": {
					"rotation": {
						"0.0": {
							"post": [0, 0, 0],
							"lerp_mode": "catmullrom"
						},
						"0.1667": {
							"post": [0, 0, 0],
							"lerp_mode": "catmullrom"
						},
						"0.2917": {
							"post": [0, 0, 10],
							"lerp_mode": "catmullrom"
						}
					},
					"position": {
						"0.0": {
							"post": [0, 0, 0],
							"lerp_mode": "catmullrom"
						},
						"0.25": {
							"post": [0, -0.25, 0],
							"lerp_mode": "catmullrom"
						},
						"0.3333": {
							"post": [0, -0.5, 0],
							"lerp_mode": "catmullrom"
						},
						"0.375": {
							"post": [0, -0.75, 0],
							"lerp_mode": "catmullrom"
						},
						"0.625": {
							"post": [0, -0.95, 0],
							"lerp_mode": "catmullrom"
						},
						"0.9583": {
							"post": [0, -1.2, 0],
							"lerp_mode": "catmullrom"
						}
					}
				},
				"eyes": {
					"rotation": {
						"0.0": {
							"post": [0, 0, 0],
							"lerp_mode": "catmullrom"
						},
						"0.1667": {
							"post": [0, 0, 29],
							"lerp_mode": "catmullrom"
						}
					},
					"position": {
						"0.0": {
							"post": [0, 0, 0],
							"lerp_mode": "catmullrom"
						},
						"0.1667": {
							"post": [0.1, 0, 0],
							"lerp_mode": "catmullrom"
						}
					},
					"scale": {
						"0.0": {
							"post": [1, 1, 1],
							"lerp_mode": "catmullrom"
						}
					}
				},
				"rightmand": {
					"rotation": {
						"0.0": {
							"post": [0, 0, 0],
							"lerp_mode": "catmullrom"
						}
					},
					"position": {
						"0.0": {
							"post": [0, 0, 0],
							"lerp_mode": "catmullrom"
						}
					},
					"scale": {
						"0.0": {
							"post": [1, 1, 1],
							"lerp_mode": "catmullrom"
						}
					}
				},
				"middle": {
					"rotation": {
						"0.0": {
							"post": [0, 0, 3],
							"lerp_mode": "catmullrom"
						},
						"0.5417": {
							"post": [0, 0, -10],
							"lerp_mode": "catmullrom"
						},
						"0.75": {
							"post": [0, 0, 2],
							"lerp_mode": "catmullrom"
						},
						"0.9167": {
							"post": [0, 0, 7.05724],
							"lerp_mode": "catmullrom"
						},
						"1.2083": {
							"post": [0, 0, -19.94276],
							"lerp_mode": "catmullrom"
						},
						"1.4583": {
							"post": [0, 0, -26.94276],
							"lerp_mode": "catmullrom"
						},
						"1.7083": {
							"post": [0, 0, -16.94276],
							"lerp_mode": "catmullrom"
						},
						"1.8333": {
							"post": [0, 0, -1.94276],
							"lerp_mode": "catmullrom"
						},
						"2.5": {
							"post": [0, 0, 31.05724],
							"lerp_mode": "catmullrom"
						}
					}
				},
				"tail": {
					"rotation": {
						"0.0": {
							"post": [0, 0, 7],
							"lerp_mode": "catmullrom"
						},
						"0.5417": {
							"post": [0, 0, -8],
							"lerp_mode": "catmullrom"
						},
						"0.75": {
							"post": [0, 0, -1],
							"lerp_mode": "catmullrom"
						},
						"0.9167": {
							"post": [0, 0, 5.24752],
							"lerp_mode": "catmullrom"
						},
						"0.9583": {
							"post": [0, 0, -4.75248],
							"lerp_mode": "catmullrom"
						},
						"1.4583": {
							"post": [0, 0, -11.75248],
							"lerp_mode": "catmullrom"
						},
						"1.7083": {
							"post": [0, 0, -2.75248],
							"lerp_mode": "catmullrom"
						},
						"1.8333": {
							"post": [0, 0, 3.24752],
							"lerp_mode": "catmullrom"
						},
						"2.5": {
							"post": [0, 0, 30.24752],
							"lerp_mode": "catmullrom"
						}
					}
				},
				"leftmand": {
					"rotation": {
						"0.0": {
							"post": [0, 0, 0],
							"lerp_mode": "catmullrom"
						}
					},
					"position": {
						"0.0": {
							"post": [0, 0, 0],
							"lerp_mode": "catmullrom"
						}
					},
					"scale": {
						"0.0": {
							"post": [1, 1, 1],
							"lerp_mode": "catmullrom"
						}
					}
				}
			}
		},
		"animation.babito.water_idle": {
			"loop": true,
			"animation_length": 6,
			"bones": {
				"body": {
					"rotation": {
						"0.0": {
							"post": [-90, 1, 90],
							"lerp_mode": "catmullrom"
						},
						"0.5": {
							"post": [0, 0, 1],
							"lerp_mode": "catmullrom"
						},
						"1.0": {
							"post": [90, 1, -90],
							"lerp_mode": "catmullrom"
						},
						"1.5": {
							"post": [0, 0, -1],
							"lerp_mode": "catmullrom"
						},
						"2.0": {
							"post": [-90, 1, 90],
							"lerp_mode": "catmullrom"
						},
						"2.5": {
							"post": [0, 0, 1],
							"lerp_mode": "catmullrom"
						},
						"3.0": {
							"post": [90, 1, -90],
							"lerp_mode": "catmullrom"
						},
						"3.5": {
							"post": [0, 0, -1],
							"lerp_mode": "catmullrom"
						},
						"4.0": {
							"post": [-90, 1, 90],
							"lerp_mode": "catmullrom"
						},
						"4.5": {
							"post": [0, 0, 1],
							"lerp_mode": "catmullrom"
						},
						"5.0": {
							"post": [90, 1, -90],
							"lerp_mode": "catmullrom"
						},
						"5.5": {
							"post": [0, 0, -1],
							"lerp_mode": "catmullrom"
						},
						"6.0": {
							"post": [-90, 1, 90],
							"lerp_mode": "catmullrom"
						}
					}
				},
				"head": {
					"rotation": {
						"0.0": {
							"post": [0, 0, 0],
							"lerp_mode": "catmullrom"
						},
						"0.9583": {
							"post": [-0.01023, 0.00764, 4.99998],
							"lerp_mode": "catmullrom"
						},
						"1.5": {
							"post": [0, 0, 0],
							"lerp_mode": "catmullrom"
						},
						"2.0": {
							"post": [0, 0, 0],
							"lerp_mode": "catmullrom"
						},
						"2.9583": {
							"post": [-0.01023, 0.00764, 4.99998],
							"lerp_mode": "catmullrom"
						},
						"3.5": {
							"post": [0, 0, 0],
							"lerp_mode": "catmullrom"
						},
						"4.0": {
							"post": [0, 0, 0],
							"lerp_mode": "catmullrom"
						},
						"4.9583": {
							"post": [-0.01023, 0.00764, 4.99998],
							"lerp_mode": "catmullrom"
						},
						"5.5": {
							"post": [0, 0, 0],
							"lerp_mode": "catmullrom"
						},
						"6.0": {
							"post": [0, 0, 0],
							"lerp_mode": "catmullrom"
						}
					},
					"position": {
						"0.0": {
							"post": [0, 0, 0],
							"lerp_mode": "catmullrom"
						},
						"0.9583": {
							"post": [0, -0.4, 0],
							"lerp_mode": "catmullrom"
						},
						"2.0": {
							"post": [0, 0, 0],
							"lerp_mode": "catmullrom"
						},
						"2.9583": {
							"post": [0, -0.4, 0],
							"lerp_mode": "catmullrom"
						},
						"4.0": {
							"post": [0, 0, 0],
							"lerp_mode": "catmullrom"
						},
						"4.9583": {
							"post": [0, -0.4, 0],
							"lerp_mode": "catmullrom"
						},
						"6.0": {
							"post": [0, 0, 0],
							"lerp_mode": "catmullrom"
						}
					}
				},
				"eyes": {
					"rotation": {
						"2.875": [0, 0, 0],
						"2.9167": {
							"pre": [0, 0, 0],
							"post": [-0.05291, -0.02129, 20.99993]
						},
						"2.9583": {
							"pre": [-0.05291, -0.02129, 20.99993],
							"post": [0, 0, 0]
						},
						"3.1667": {
							"pre": [0, 0, 0],
							"post": [0, 0, 0]
						},
						"3.2083": {
							"pre": [0, 0, 0],
							"post": [-0.05291, -0.02129, 20.99993]
						},
						"3.25": {
							"pre": [-0.05291, -0.02129, 20.99993],
							"post": [0, 0, 0]
						}
					},
					"position": {
						"2.875": [0, 0, 0],
						"2.9167": {
							"pre": [0, 0, 0],
							"post": [0.1, 0, 0]
						},
						"2.9583": {
							"pre": [0.1, 0, 0],
							"post": [0, 0, 0]
						},
						"3.1667": {
							"pre": [0, 0, 0],
							"post": [0, 0, 0]
						},
						"3.2083": {
							"pre": [0, 0, 0],
							"post": [0.1, 0, 0]
						},
						"3.25": {
							"pre": [0.1, 0, 0],
							"post": [0, 0, 0]
						}
					}
				},
				"rightmand": {
					"rotation": {
						"0.0": {
							"post": [0, 0, 0],
							"lerp_mode": "catmullrom"
						},
						"1.0": {
							"post": [-0.34347, -4.98822, 0.01404],
							"lerp_mode": "catmullrom"
						},
						"2.0": {
							"post": [0, 0, 0],
							"lerp_mode": "catmullrom"
						},
						"3.0": {
							"post": [-0.34347, -4.98822, 0.01404],
							"lerp_mode": "catmullrom"
						},
						"4.0": {
							"post": [0, 0, 0],
							"lerp_mode": "catmullrom"
						},
						"5.0": {
							"post": [-0.34347, -4.98822, 0.01404],
							"lerp_mode": "catmullrom"
						},
						"6.0": {
							"post": [0, 0, 0],
							"lerp_mode": "catmullrom"
						}
					}
				},
				"middle": {
					"rotation": {
						"0.0": {
							"post": [0, 0, 4],
							"lerp_mode": "catmullrom"
						},
						"0.5": {
							"post": [4, 0, 0],
							"lerp_mode": "catmullrom"
						},
						"1.0": {
							"post": [0, 0, -4],
							"lerp_mode": "catmullrom"
						},
						"1.5": {
							"post": [-4, 0, 0],
							"lerp_mode": "catmullrom"
						},
						"2.0": {
							"post": [0, 0, 4],
							"lerp_mode": "catmullrom"
						},
						"2.5": {
							"post": [4, 0, 0],
							"lerp_mode": "catmullrom"
						},
						"3.0": {
							"post": [0, 0, -4],
							"lerp_mode": "catmullrom"
						},
						"3.5": {
							"post": [-4, 0, 0],
							"lerp_mode": "catmullrom"
						},
						"4.0": {
							"post": [0, 0, 4],
							"lerp_mode": "catmullrom"
						},
						"4.5": {
							"post": [4, 0, 0],
							"lerp_mode": "catmullrom"
						},
						"5.0": {
							"post": [0, 0, -4],
							"lerp_mode": "catmullrom"
						},
						"5.5": {
							"post": [-4, 0, 0],
							"lerp_mode": "catmullrom"
						},
						"6.0": {
							"post": [0, 0, 4],
							"lerp_mode": "catmullrom"
						}
					}
				},
				"tail": {
					"rotation": {
						"0.0": {
							"post": [0, 0, 4],
							"lerp_mode": "catmullrom"
						},
						"0.5": {
							"post": [4, 0, 0],
							"lerp_mode": "catmullrom"
						},
						"1.0": {
							"post": [0, 0, -4],
							"lerp_mode": "catmullrom"
						},
						"1.5": {
							"post": [-4, 0, 0],
							"lerp_mode": "catmullrom"
						},
						"2.0": {
							"post": [0, 0, 4],
							"lerp_mode": "catmullrom"
						},
						"2.5": {
							"post": [4, 0, 0],
							"lerp_mode": "catmullrom"
						},
						"3.0": {
							"post": [0, 0, -4],
							"lerp_mode": "catmullrom"
						},
						"3.5": {
							"post": [-4, 0, 0],
							"lerp_mode": "catmullrom"
						},
						"4.0": {
							"post": [0, 0, 4],
							"lerp_mode": "catmullrom"
						},
						"4.5": {
							"post": [4, 0, 0],
							"lerp_mode": "catmullrom"
						},
						"5.0": {
							"post": [0, 0, -4],
							"lerp_mode": "catmullrom"
						},
						"5.5": {
							"post": [-4, 0, 0],
							"lerp_mode": "catmullrom"
						},
						"6.0": {
							"post": [0, 0, 4],
							"lerp_mode": "catmullrom"
						}
					}
				},
				"leftmand": {
					"rotation": {
						"0.0": {
							"post": [0, 0, 0],
							"lerp_mode": "catmullrom"
						},
						"1.0": {
							"post": [0.34355, 4.98821, 0.01589],
							"lerp_mode": "catmullrom"
						},
						"2.0": {
							"post": [0, 0, 0],
							"lerp_mode": "catmullrom"
						},
						"3.0": {
							"post": [0.34355, 4.98821, 0.01589],
							"lerp_mode": "catmullrom"
						},
						"4.0": {
							"post": [0, 0, 0],
							"lerp_mode": "catmullrom"
						},
						"5.0": {
							"post": [0.34355, 4.98821, 0.01589],
							"lerp_mode": "catmullrom"
						},
						"6.0": {
							"post": [0, 0, 0],
							"lerp_mode": "catmullrom"
						}
					}
				}
			}
		},
		"animation.babito.water_swim": {
			"loop": true,
			"animation_length": 0.58333,
			"bones": {
				"body": {
					"rotation": {
						"0.0": {
							"post": [90, 86, -90],
							"lerp_mode": "catmullrom"
						},
						"0.25": {
							"post": [90, 86, -90],
							"lerp_mode": "catmullrom"
						}
					},
					"position": {
						"0.0": {
							"post": [0, 0, 0],
							"lerp_mode": "catmullrom"
						},
						"0.25": {
							"post": [0, 0.2, 0],
							"lerp_mode": "catmullrom"
						},
						"0.5833": {
							"post": [0, 0, 0],
							"lerp_mode": "catmullrom"
						}
					}
				},
				"head": {
					"rotation": {
						"0.0": {
							"post": [0, 0, 76],
							"lerp_mode": "catmullrom"
						},
						"0.125": {
							"post": [0.55041, -2.94912, 75.42333],
							"lerp_mode": "catmullrom"
						},
						"0.25": {
							"post": [0, 0, 75],
							"lerp_mode": "catmullrom"
						},
						"0.4167": {
							"post": [-0.58305, 3.13378, 75.45765],
							"lerp_mode": "catmullrom"
						},
						"0.5833": {
							"post": [0, 0, 76],
							"lerp_mode": "catmullrom"
						}
					},
					"position": {
						"0.0": {
							"post": [-1, 1.6, 0],
							"lerp_mode": "catmullrom"
						}
					}
				},
				"middle": {
					"rotation": {
						"0.0": {
							"post": [0, 0, 0],
							"lerp_mode": "catmullrom"
						},
						"0.125": {
							"post": [-10.97386, 0.76264, -0.07326],
							"lerp_mode": "catmullrom"
						},
						"0.375": {
							"post": [8.97843, -0.62524, -0.04909],
							"lerp_mode": "catmullrom"
						},
						"0.5417": {
							"post": [0, 0, 0],
							"lerp_mode": "catmullrom"
						}
					}
				},
				"tail": {
					"rotation": {
						"0.0": {
							"post": [-89.61378, -88.98855, 85.35249],
							"lerp_mode": "catmullrom"
						},
						"0.2917": {
							"post": [-90.22801, -70.98861, 85.96491],
							"lerp_mode": "catmullrom"
						},
						"0.4583": {
							"post": [89.68255, -73.99992, -93.94147],
							"lerp_mode": "catmullrom"
						},
						"0.5417": {
							"post": [-89.61378, -88.98855, 85.35249],
							"lerp_mode": "catmullrom"
						}
					}
				}
			}
		}
	}
}