{
	"format_version": "1.8.0",
	"animations": {
		"animation.brunatee.ground_idle": {
			"loop": true,
			"bones": {
				"body": {
					"rotation": ["-7.5+Math.cos((query.anim_time) * 90 * 2 - 90) * -1", 0, 0],
					"position": [0, "-7+Math.cos((query.anim_time) * 90 * 2) * 0.3", 0]
				},
				"tail1": {
					"rotation": ["17.5+Math.cos((query.anim_time) * 90 * 2 -90) * 2", 0, 0],
					"position": [0, "0+Math.cos((query.anim_time) * 90 * 2) * -0.3", -2]
				},
				"tail2": {
					"rotation": ["17.5+Math.cos((query.anim_time) * 90 * 2 - 90) * -1", 0, 0]
				},
				"tail3": {
					"rotation": [27.5, 0, 0]
				},
				"tail4": {
					"rotation": [35, 0, 0]
				},
				"neck1": {
					"rotation": ["7.5+Math.cos((query.anim_time) * 90 * 2 - 180) * -1", 0, 0],
					"position": [0, 0, 0]
				},
				"arm_right": {
					"rotation": ["-47.5+Math.cos((query.anim_time) * 90 * 2 - 180) * 4", 0, 0]
				},
				"flipper_right": {
					"rotation": ["-15+Math.cos((query.anim_time) * 90 * 2 - 220) * 4", 0, 0]
				},
				"flipper_right2": {
					"rotation": ["-15+Math.cos((query.anim_time) * 90 * 2 - 280) * 4", 0, 0]
				},
				"arm_left": {
					"rotation": ["-37.5+Math.cos((query.anim_time) * 90 * 2 - 180) * 4", -32.5, 0]
				},
				"flipper_left": {
					"rotation": ["-15+Math.cos((query.anim_time) * 90 * 2 - 220) * 4", 0, 0]
				},
				"flipper_left2": {
					"rotation": ["-20+Math.cos((query.anim_time) * 90 * 2 - 280) * 4", 0, 0]
				},
				"neck2": {
					"rotation": [7.5, 0, 0]
				},
				"head": {
					"rotation": ["-7.5+Math.cos((query.anim_time) * 90 * 2 - 90) * 2", 0, 0]
				},
				"braid_left6": {
					"rotation": ["0+Math.cos((query.anim_time) * 90 * 2 - 90) * -4", 0, 0]
				},
				"braid_right6": {
					"rotation": ["0+Math.cos((query.anim_time) * 90 * 2 - 90) * -4", 0, 0]
				},
				"helmet_wing_left": {
					"rotation": ["0+Math.cos((query.anim_time) * 90 * 4 - 90) * 10", 0, 0]
				},
				"helmet_wing_right": {
					"rotation": ["0+Math.cos((query.anim_time) * 90 * 4 - 90) * 10", 0, 0]
				},
				"bra": {
					"position": [0, 0, -0.75]
				}
			}
		},
		"animation.brunatee.ground_walk": {
			"loop": true,
			"animation_length": 1,
			"bones": {
				"body": {
					"rotation": {
						"0.0": [-7.5, 0, 0],
						"0.0833": {
							"pre": [3, 0, 0],
							"post": [3, 0, 0],
							"lerp_mode": "catmullrom"
						},
						"0.2083": {
							"post": [1, 0, 0],
							"lerp_mode": "catmullrom"
						},
						"0.375": {
							"post": [-9.67, 0, 0],
							"lerp_mode": "catmullrom"
						},
						"0.4583": {
							"post": [-12.5, 0, 0],
							"lerp_mode": "catmullrom"
						},
						"0.625": [-8.225, 0, 0],
						"0.7083": [-7.5, 0, 0]
					},
					"position": {
						"0.0": [0, -7.2, 0],
						"0.0417": [0, -8.3, 0],
						"0.125": {
							"pre": [0, -0.45, 0],
							"post": [0, -0.45, 0],
							"lerp_mode": "catmullrom"
						},
						"0.2917": {
							"post": [0, 1.3, 0],
							"lerp_mode": "catmullrom"
						},
						"0.4583": {
							"post": [0, -0.5, 0],
							"lerp_mode": "catmullrom"
						},
						"0.5833": [0, -6.7, 0],
						"0.6667": {
							"pre": [0, -8.95, 0],
							"post": [0, -8.95, 0],
							"lerp_mode": "catmullrom"
						},
						"0.7917": {
							"post": [0, -5.95, 0],
							"lerp_mode": "catmullrom"
						},
						"0.9167": {
							"post": [0, -6.95, 0],
							"lerp_mode": "catmullrom"
						},
						"1.0": [0, -7.2, 0]
					}
				},
				"tail1": {
					"rotation": {
						"0.0": [17.5, 0, 0],
						"0.125": [10, 0, 0],
						"0.4583": [20, 0, 0],
						"0.75": [17.5, 0, 0]
					},
					"position": {
						"0.0": [0, -0.3, -2],
						"0.0417": {
							"pre": [0, 2.5, -2],
							"post": [0, 2.5, -2],
							"lerp_mode": "catmullrom"
						},
						"0.0833": {
							"post": [0, -0.45, -2],
							"lerp_mode": "catmullrom"
						},
						"0.2083": [0, -1.3, -2],
						"0.4583": [0, -0.3, -2]
					}
				},
				"tail2": {
					"rotation": {
						"0.0": [17.5, 0, 0],
						"0.125": [5, 0, 0],
						"0.4583": [25, 0, 0],
						"0.75": [17.5, 0, 0]
					},
					"position": {
						"0.0": [0, 0.25, 0],
						"0.125": [0, -2, 0],
						"0.4583": [0, 2, 0],
						"0.75": [0, 0.25, 0]
					}
				},
				"tail3": {
					"rotation": {
						"0.0": [27.5, 0, 0],
						"0.125": [15, 0, 0],
						"0.2917": [8.5, 0, 0],
						"0.5417": [30, 0, 0],
						"0.75": [27.5, 0, 0]
					}
				},
				"tail4": {
					"rotation": {
						"0.0": [35, 0, 0],
						"0.125": {
							"pre": [47.25, 0, 0],
							"post": [47.25, 0, 0],
							"lerp_mode": "catmullrom"
						},
						"0.25": {
							"post": [32.5, 0, 0],
							"lerp_mode": "catmullrom"
						},
						"0.5417": {
							"post": [60, 0, 0],
							"lerp_mode": "catmullrom"
						},
						"0.75": [35, 0, 0],
						"0.8333": [35, 0, 0]
					}
				},
				"neck1": {
					"rotation": {
						"0.0": [7.5, 0, 0],
						"0.0833": {
							"pre": [16, 0, 0],
							"post": [16, 0, 0],
							"lerp_mode": "catmullrom"
						},
						"0.3333": {
							"post": [-1.5, 0, 0],
							"lerp_mode": "catmullrom"
						},
						"0.5417": [-6.5, 0, 0],
						"0.7083": {
							"pre": [8.5, 0, 0],
							"post": [8.5, 0, 0],
							"lerp_mode": "catmullrom"
						},
						"0.7917": {
							"post": [11, 0, 0],
							"lerp_mode": "catmullrom"
						},
						"0.875": {
							"post": [9, 0, 0],
							"lerp_mode": "catmullrom"
						},
						"0.9583": [8.5, 0, 0],
						"1.0": [7.5, 0, 0]
					},
					"position": {
						"0.0": [0, 0, 0],
						"0.0833": {
							"pre": [0, -1, -1.5],
							"post": [0, -1, -1.5],
							"lerp_mode": "catmullrom"
						},
						"0.2917": {
							"post": [0, -0.5, -1.5],
							"lerp_mode": "catmullrom"
						},
						"0.5833": {
							"post": [0, 1, 0],
							"lerp_mode": "catmullrom"
						},
						"0.7083": {
							"post": [0, -0.25, 0],
							"lerp_mode": "catmullrom"
						},
						"0.8333": [0, 0.125, 0],
						"0.9167": [0, 0, 0]
					}
				},
				"arm_right": {
					"rotation": {
						"0.0": [-38.25, 32.5, 0],
						"0.0833": [-54, 32.5, 0],
						"0.25": [-3.44444, 32.5, 0],
						"0.5": [26, 32.5, 0],
						"0.5833": [22.5, 32.5, 0],
						"0.75": [-41.5, 32.5, 0],
						"0.875": [-51.5, 32.5, 0],
						"1.0": [-39.25, 32.5, 0]
					}
				},
				"flipper_right": {
					"rotation": {
						"0.0": [-18.06418, 0, 0],
						"0.1667": [-43.06, 0, 0],
						"0.2917": [-26.6, 0, 0],
						"0.4167": [15.86, 0, 0],
						"0.5": [27.5, 0, 0],
						"0.6667": [27.5, 0, 0],
						"0.8333": [-17.5, 0, 0]
					}
				},
				"flipper_right2": {
					"rotation": [-14.30541, 0, 0]
				},
				"arm_left": {
					"rotation": {
						"0.0": [-38.25, -32.5, 0],
						"0.0833": [-54, -32.5, 0],
						"0.25": [-3.44444, -32.5, 0],
						"0.5": [26, -32.5, 0],
						"0.5833": [22.5, -32.5, 0],
						"0.75": [-41.5, -32.5, 0],
						"0.875": [-51.5, -32.5, 0],
						"1.0": [-39.25, -32.5, 0]
					}
				},
				"flipper_left": {
					"rotation": {
						"0.0": [-18.06418, 0, 0],
						"0.1667": [-43.06, 0, 0],
						"0.2917": [-26.6, 0, 0],
						"0.4167": [15.86, 0, 0],
						"0.5": [27.5, 0, 0],
						"0.6667": [27.5, 0, 0],
						"0.8333": [-17.5, 0, 0]
					}
				},
				"flipper_left2": {
					"rotation": [-19.30541, 0, 0]
				},
				"neck2": {
					"rotation": {
						"0.0": [7.5, 0, 0],
						"0.125": [10, 0, 0],
						"0.4167": [-5, 0, 0],
						"0.5833": [-5, 0, 0],
						"0.75": [10, 0, 0],
						"1.0": [7.5, 0, 0]
					},
					"position": {
						"0.0": [0, 0, 0],
						"0.0833": [0, -2, 0],
						"0.375": [0, 0, 0]
					}
				},
				"head": {
					"rotation": {
						"0.0": [-7.5, 0, 0],
						"0.125": {
							"pre": [-17.5, 0, 0],
							"post": [-17.5, 0, 0],
							"lerp_mode": "catmullrom"
						},
						"0.375": {
							"post": [7.5, 0, 0],
							"lerp_mode": "catmullrom"
						},
						"0.5417": {
							"post": [15, 0, 0],
							"lerp_mode": "catmullrom"
						},
						"0.75": {
							"post": [-10, 0, 0],
							"lerp_mode": "catmullrom"
						},
						"0.9583": [-7.5, 0, 0],
						"1.0": [-7.5, 0, 0]
					}
				},
				"braid_left6": {
					"rotation": [0, 0, 0]
				},
				"braid_right6": {
					"rotation": [0, 0, 0]
				},
				"helmet_wing_left": {
					"rotation": {
						"0.0": [0, 0, 0],
						"0.0417": [0, 0, 0],
						"0.2917": ["0+Math.cos((query.anim_time) * 90 * 36) * 30", 0, 0],
						"0.7083": [0, 0, 0],
						"0.7917": [12.5, 0, 0],
						"0.9167": [2.5, 0, 0],
						"1.0": [0, 0, 0]
					}
				},
				"helmet_wing_right": {
					"rotation": {
						"0.0": [0, 0, 0],
						"0.0417": [0, 0, 0],
						"0.2917": ["0+Math.cos((query.anim_time) * 90 * 36) * 30", 0, 0],
						"0.7083": [0, 0, 0],
						"0.7917": [12.5, 0, 0],
						"0.9167": [2.5, 0, 0],
						"1.0": [0, 0, 0]
					}
				},
				"bra": {
					"position": {
						"0.0": [0, 0, -0.75],
						"0.2083": [0, 0, -0.75],
						"0.375": {
							"pre": [0, -1.96, -0.75],
							"post": [0, -1.96, -0.75],
							"lerp_mode": "catmullrom"
						},
						"0.5": {
							"post": [0, -3, -0.75],
							"lerp_mode": "catmullrom"
						},
						"0.6667": [0, -1.12, -0.75],
						"0.75": {
							"pre": [0, -0.75, -0.75],
							"post": [0, -0.75, -0.75],
							"lerp_mode": "catmullrom"
						},
						"0.8333": {
							"post": [0, 0, -0.75],
							"lerp_mode": "catmullrom"
						},
						"0.9167": [0, 0.1, -0.75],
						"1.0": [0, 0, -0.75]
					}
				},
				"brunatee": {
					"position": {
						"0.0": [0, 0, 8.5],
						"0.625": [0, 0, 0],
						"1.0": [0, 0, 8.5]
					}
				}
			}
		},
		"animation.brunatee.water_idle": {
			"loop": true,
			"bones": {
				"body": {
					"rotation": ["90+Math.cos((query.anim_time) * 90 * 1 - 90) * -2", 0, 0],
					"position": [0, "-13+Math.cos((query.anim_time) * 90 * 1) * 0.7", 0]
				},
				"tail1": {
					"rotation": ["-7.5+Math.cos((query.anim_time) * 90 * 1 - 90) * 4", 0, 0],
					"position": [0, 0, -1]
				},
				"tail2": {
					"rotation": ["-10+Math.cos((query.anim_time) * 90 * 1 - 150) * 3", 0, 0],
					"position": [0, 0, -2]
				},
				"tail3": {
					"rotation": ["-12.5+Math.cos((query.anim_time) * 90 * 1 - 210) * 5", 0, 0],
					"position": [0, 0, -2]
				},
				"tail4": {
					"rotation": ["0+Math.cos((query.anim_time) * 90 * 1 - 270) * 10", 0, 0]
				},
				"neck1": {
					"rotation": ["5+Math.cos((query.anim_time) * 90 * 1 - 150) * -2", 0, 0]
				},
				"arm_right": {
					"rotation": [-57.5, -20, 10],
					"position": [0, 0, -5]
				},
				"flipper_right": {
					"rotation": [-27.5, 0, 15]
				},
				"flipper_right2": {
					"rotation": [-15, 0, 0]
				},
				"arm_left": {
					"rotation": [-57.5, 20, -10],
					"position": [0, 0, -5]
				},
				"flipper_left": {
					"rotation": [-27.5, 0, -15]
				},
				"flipper_left2": {
					"rotation": [-15, 0, 0]
				},
				"neck2": {
					"position": [0, 0, -2]
				},
				"head": {
					"rotation": ["-92.5+Math.cos((query.anim_time) * 90 * 1 - 150) * 3", 0, 0],
					"position": [0, 1, -5]
				},
				"braid_left2": {
					"rotation": [70, 0, 0]
				},
				"braid_left4": {
					"rotation": [32.5, -20, 0]
				},
				"braid_left5": {
					"rotation": [42.5, 0, 0]
				},
				"braid_right2": {
					"rotation": [70, 0, 0]
				},
				"braid_right4": {
					"rotation": [32.5, 20, 0]
				},
				"braid_right5": {
					"rotation": [42.5, 0, 0]
				},
				"helmet_wing_left": {
					"rotation": ["0+Math.cos((query.anim_time) * 90 * 1 - 150) * -10", 0, 0]
				},
				"helmet_wing_right": {
					"rotation": ["0+Math.cos((query.anim_time) * 90 * 1 - 150) * -10", 0, 0]
				}
			}
		},
		"animation.brunatee.water_swim": {
			"loop": true,
			"bones": {
				"body": {
					"rotation": ["90+Math.cos((query.anim_time) * 90 * 2 - 90) * 2", 0, 0],
					"position": [0, "-16+Math.cos((query.anim_time) * 90 * 2) * 1", 0]
				},
				"tail1": {
					"rotation": ["-7.5+Math.cos((query.anim_time) * 90 * 2 - 150) * 2", 0, 0],
					"position": [0, 0, -1]
				},
				"tail2": {
					"rotation": ["-10+Math.cos((query.anim_time) * 90 * 2 - 210) * 5", 0, 0],
					"position": [0, 0, -2]
				},
				"tail3": {
					"rotation": ["-12.5+Math.cos((query.anim_time) * 90 * 2 - 270) * 5", 0, 0],
					"position": [0, 0, -2]
				},
				"neck1": {
					"rotation": ["5+Math.cos((query.anim_time) * 90 * 2) * 3", 0, 0]
				},
				"arm_right": {
					"rotation": [-57.5, -20, 10],
					"position": [0, 0, -5]
				},
				"flipper_right": {
					"rotation": [-27.5, 0, 15]
				},
				"flipper_right2": {
					"rotation": [-15, 0, 0]
				},
				"arm_left": {
					"rotation": [-57.5, 20, -10],
					"position": [0, 0, -5]
				},
				"flipper_left": {
					"rotation": [-27.5, 0, -15]
				},
				"flipper_left2": {
					"rotation": [-15, 0, 0]
				},
				"neck2": {
					"position": [0, 0, -2]
				},
				"head": {
					"rotation": ["-92.5+Math.cos((query.anim_time) * 90 * 2 + 90) * 3", 0, 0],
					"position": [0, 1, -5]
				},
				"braid_left2": {
					"rotation": [70, 0, 0]
				},
				"braid_left4": {
					"rotation": [32.5, -20, 0]
				},
				"braid_left5": {
					"rotation": [42.5, 0, 0]
				},
				"braid_right2": {
					"rotation": [70, 0, 0]
				},
				"braid_right4": {
					"rotation": [32.5, 20, 0]
				},
				"braid_right5": {
					"rotation": [42.5, 0, 0]
				},
				"tail4": {
					"rotation": ["0+Math.cos((query.anim_time) * 90 * 2 - 300) * 10", 0, 0]
				},
				"helmet_wing_left": {
					"rotation": ["0+Math.cos((query.anim_time) * 90 * 2 - 150) * -10", -15, 0]
				},
				"helmet_wing_right": {
					"rotation": ["0+Math.cos((query.anim_time) * 90 * 2 - 150) * -10", 15, 0]
				}
			}
		},
		"animation.brunatee.battle_idle": {
			"loop": true,
			"bones": {
				"body": {
					"rotation": ["0+Math.cos((query.anim_time) * 90 * 4 - 90) * -1", 0, "-5+Math.cos((query.anim_time) * 90 * 4) * -1"],
					"position": [0, "6+Math.cos((query.anim_time) * 90 * 4) * 1.5", 0]
				},
				"tail1": {
					"rotation": ["17.5+Math.cos((query.anim_time) * 90 * 4 - 150) * -2", 0, 0],
					"position": [0, 1.75, -1]
				},
				"tail2": {
					"rotation": ["5+Math.cos((query.anim_time) * 90 * 4 - 210) * -3", 0, "-10+Math.cos((query.anim_time) * 90 * 4 - 120) * -3"]
				},
				"tail3": {
					"rotation": ["12.5+Math.cos((query.anim_time) * 90 * 4 - 250) * -6", 0, "-7.5+Math.cos((query.anim_time) * 90 * 4 - 160) * -3"]
				},
				"tail4": {
					"rotation": ["20+Math.cos((query.anim_time) * 90 * 4 - 300) * -4", 0, 0]
				},
				"neck1": {
					"rotation": ["-2.5+Math.cos((query.anim_time) * 90 * 4 - 150) * -2", 2.5, "5+Math.cos((query.anim_time) * 90 * 4) * 1"],
					"position": [0, "0+Math.cos((query.anim_time) * 90 * 4 + 25) * 0.2", 0]
				},
				"arm_right": {
					"rotation": ["20+Math.cos((query.anim_time) * 90 * 4 - 90) * 5", -32.5, 0],
					"position": [0, 0.25, -7]
				},
				"flipper_right": {
					"rotation": ["25+Math.cos((query.anim_time) * 90 * 4 - 150) * 5", 0, 0]
				},
				"flipper_right2": {
					"rotation": ["25+Math.cos((query.anim_time) * 90 * 4 - 200) * 5", 0, 0],
					"position": [0, 0, -0.4]
				},
				"arm_left": {
					"rotation": ["0+Math.cos((query.anim_time) * 90 * 4 - 60) * 2", 35, 0],
					"position": [0, 0, -5]
				},
				"flipper_left": {
					"rotation": [-35, 0, -17.5]
				},
				"flipper_left2": {
					"rotation": [-42.5, 0, 0]
				},
				"neck2": {
					"rotation": ["0+Math.cos((query.anim_time) * 90 * 4 - 90) * 2", -7.5, 0],
					"position": [0, "0+Math.cos((query.anim_time) * 90 * 4 + 50) * 0.2", 0]
				},
				"head": {
					"rotation": ["-7.5+Math.cos((query.anim_time) * 90 * 4) * -3", 0, 7.5]
				},
				"braid_left3": {
					"rotation": ["0+Math.cos((query.anim_time) * 90 * 4 - 150) * -6", 0, 0]
				},
				"braid_right1": {
					"rotation": [17.5, 5, 0]
				},
				"braid_right3": {
					"rotation": ["0+Math.cos((query.anim_time) * 90 * 4 - 150) * -6", 0, 0]
				},
				"jaw": {
					"rotation": [0, 0, 0]
				},
				"helmet_wing_left": {
					"rotation": ["0+Math.cos((query.anim_time) * 90 * 16 - 90) * 15", 0, 0]
				},
				"helmet_wing_right": {
					"rotation": ["0+Math.cos((query.anim_time) * 90 * 16 - 90) * 15", 0, 0]
				},
				"bra": {
					"rotation": ["0+Math.cos((query.anim_time) * 90 * 4 - 150) * -2", 0, 0],
					"position": [0, "0+Math.cos((query.anim_time) * 90 * 4 - 60) * 0.2", 0]
				}
			}
		},
		"animation.brunatee.blink": {
			"animation_length": 0.1667,
			"bones": {
				"eye_left": {
					"position": {
						"0.0": [0, 0, 0.1],
						"0.1667": {"pre": [0, 0, 0.1], "post": [0, 0, 0]}
					}
				},
				"eyelid_left": {
					"position": {
						"0.0": [0, 0, -0.1],
						"0.1667": {"pre": [0, 0, -0.1], "post": [0, 0, 0]}
					}
				},
				"eyelid_right": {
					"position": {
						"0.0": [0, 0, -0.1],
						"0.1667": {"pre": [0, 0, -0.1], "post": [0, 0, 0]}
					}
				},
				"eye_right": {
					"position": {
						"0.0": [0, 0, 0.1],
						"0.1667": {"pre": [0, 0, 0.1], "post": [0, 0, 0]}
					}
				}
			}
		},
		"animation.brunatee.skirt_overlay": {
			"loop": true,
			"bones": {
				"left_grass1_front_1": {
					"rotation": ["-15+Math.cos((query.anim_time) * 90 * 1) * 8", 0, 0]
				},
				"left_grass1_front_2": {
					"rotation": ["-15+Math.cos((query.anim_time) * 90 * 1 - 90) * 12", 0, 0]
				},
				"left_grass1_front_3": {
					"rotation": ["-15+Math.cos((query.anim_time) * 90 * 1 - 180) * 20", 0, 0]
				},
				"left_grass2_front_1": {
					"rotation": ["-12.5+Math.cos((query.anim_time) * 90 * 1 + 20) * 8", 0, 7.5]
				},
				"left_grass2_front_2": {
					"rotation": ["-12.5+Math.cos((query.anim_time) * 90 * 1 - 70) * 12", 0, 0]
				},
				"left_grass2_front_3": {
					"rotation": ["-12.5+Math.cos((query.anim_time) * 90 * 1 - 160) * 20", 0, 0]
				},
				"left_grass3_front_1": {
					"rotation": ["-10+Math.cos((query.anim_time) * 90 * 1 + 40) * 8", 0, 15]
				},
				"left_grass3_front_2": {
					"rotation": ["-10+Math.cos((query.anim_time) * 90 * 1 - 50) * 12", 0, 0]
				},
				"left_grass3_front_3": {
					"rotation": ["-10+Math.cos((query.anim_time) * 90 * 1 - 140) * 20", 0, 0]
				},
				"right_grass1_front_1": {
					"rotation": ["-15+Math.cos((query.anim_time) * 90 * 1) * 8", 0, 0]
				},
				"right_grass1_front_2": {
					"rotation": ["-15+Math.cos((query.anim_time) * 90 * 1 - 90) * 12", 0, 0]
				},
				"right_grass1_front_3": {
					"rotation": ["-15+Math.cos((query.anim_time) * 90 * 1 - 180) * 20", 0, 0]
				},
				"right_grass2_front_1": {
					"rotation": ["-12.5+Math.cos((query.anim_time) * 90 * 1 + 20) * 8", 0, -7.5]
				},
				"right_grass2_front_2": {
					"rotation": ["-12.5+Math.cos((query.anim_time) * 90 * 1 - 70) * 12", 0, 0]
				},
				"right_grass2_front_3": {
					"rotation": ["-12.5+Math.cos((query.anim_time) * 90 * 1 - 160) * 20", 0, 0]
				},
				"right_grass3_front_1": {
					"rotation": ["-10+Math.cos((query.anim_time) * 90 * 1 + 40) * 8", 0, -15]
				},
				"right_grass3_front_2": {
					"rotation": ["-10+Math.cos((query.anim_time) * 90 * 1 - 50) * 12", 0, 0]
				},
				"right_grass3_front_3": {
					"rotation": ["-10+Math.cos((query.anim_time) * 90 * 1 - 140) * 20", 0, 0]
				},
				"left_grass1_back_1": {
					"rotation": ["-15+Math.cos((query.anim_time) * 90 * 1) * 8", 0, 0]
				},
				"left_grass1_back_2": {
					"rotation": ["-15+Math.cos((query.anim_time) * 90 * 1 - 90) * 12", 0, 0]
				},
				"left_grass1_back_3": {
					"rotation": ["-15+Math.cos((query.anim_time) * 90 * 1 - 180) * 20", 0, 0]
				},
				"right_grass1_back_1": {
					"rotation": ["-15+Math.cos((query.anim_time) * 90 * 1) * 8", 0, 0]
				},
				"right_grass1_back_2": {
					"rotation": ["-15+Math.cos((query.anim_time) * 90 * 1 - 90) * 12", 0, 0]
				},
				"right_grass1_back_3": {
					"rotation": ["-15+Math.cos((query.anim_time) * 90 * 1 - 180) * 20", 0, 0]
				},
				"left_grass2_back_1": {
					"rotation": ["-12.5+Math.cos((query.anim_time) * 90 * 1 + 20) * 8", 0, 7.5]
				},
				"left_grass2_back_2": {
					"rotation": ["-12.5+Math.cos((query.anim_time) * 90 * 1 - 70) * 12", 0, 0]
				},
				"left_grass2_back_3": {
					"rotation": ["-12.5+Math.cos((query.anim_time) * 90 * 1 - 160) * 20", 0, 0]
				},
				"right_grass2_back_1": {
					"rotation": ["-12.5+Math.cos((query.anim_time) * 90 * 1 + 20) * 8", 0, -7.5]
				},
				"right_grass2_back_3": {
					"rotation": ["-12.5+Math.cos((query.anim_time) * 90 * 1 - 160) * 20", 0, 0]
				},
				"left_grass3_back_1": {
					"rotation": ["-10+Math.cos((query.anim_time) * 90 * 1 + 40) * 8", 0, 15]
				},
				"left_grass3_back_2": {
					"rotation": ["-10+Math.cos((query.anim_time) * 90 * 1 - 50) * 12", 0, 0]
				},
				"left_grass3_back_3": {
					"rotation": ["-10+Math.cos((query.anim_time) * 90 * 1 - 140) * 20", 0, 0]
				},
				"right_grass3_back_1": {
					"rotation": ["-10+Math.cos((query.anim_time) * 90 * 1 + 40) * 8", 0, -15]
				},
				"right_grass3_back_2": {
					"rotation": ["-12.5+Math.cos((query.anim_time) * 90 * 1 - 70) * 12", 0, 0]
				},
				"right_grass3_back_3": {
					"rotation": ["-10+Math.cos((query.anim_time) * 90 * 1 - 140) * 20", 0, 0]
				},
				"left_grass1_right_1": {
					"rotation": ["-15+Math.cos((query.anim_time) * 90 * 1) * 8", 0, 0]
				},
				"left_grass1_right_2": {
					"rotation": ["-15+Math.cos((query.anim_time) * 90 * 1 - 90) * 12", 0, 0]
				},
				"left_grass1_right_3": {
					"rotation": ["-15+Math.cos((query.anim_time) * 90 * 1 - 180) * 20", 0, 0]
				},
				"right_grass1_right_1": {
					"rotation": ["-15+Math.cos((query.anim_time) * 90 * 1) * 8", 0, 0]
				},
				"right_grass1_right_2": {
					"rotation": ["-15+Math.cos((query.anim_time) * 90 * 1 - 90) * 12", 0, 0]
				},
				"right_grass1_right_3": {
					"rotation": ["-15+Math.cos((query.anim_time) * 90 * 1 - 180) * 20", 0, 0]
				},
				"left_grass2_right_1": {
					"rotation": ["-12.5+Math.cos((query.anim_time) * 90 * 1 + 20) * 8", 0, 7.5]
				},
				"left_grass2_right_2": {
					"rotation": ["-12.5+Math.cos((query.anim_time) * 90 * 1 - 70) * 12", 0, 0]
				},
				"left_grass2_right_3": {
					"rotation": ["-12.5+Math.cos((query.anim_time) * 90 * 1 - 160) * 20", 0, 0]
				},
				"right_grass2_right_1": {
					"rotation": ["-12.5+Math.cos((query.anim_time) * 90 * 1 + 20) * 8", 0, -7.5]
				},
				"right_grass2_right_2": {
					"rotation": ["-12.5+Math.cos((query.anim_time) * 90 * 1 - 70) * 12", 0, 0]
				},
				"right_grass2_right_3": {
					"rotation": ["-12.5+Math.cos((query.anim_time) * 90 * 1 - 160) * 20", 0, 0]
				},
				"left_grass3_right_1": {
					"rotation": ["-10+Math.cos((query.anim_time) * 90 * 1 + 40) * 8", 0, 15]
				},
				"left_grass3_right_2": {
					"rotation": ["-10+Math.cos((query.anim_time) * 90 * 1 - 50) * 12", 0, 0]
				},
				"left_grass3_right_3": {
					"rotation": ["-10+Math.cos((query.anim_time) * 90 * 1 - 140) * 20", 0, 0]
				},
				"right_grass3_right_1": {
					"rotation": ["-10+Math.cos((query.anim_time) * 90 * 1 + 40) * 8", 0, -15]
				},
				"right_grass3_right_2": {
					"rotation": ["-10+Math.cos((query.anim_time) * 90 * 1 - 50) * 12", 0, 0]
				},
				"right_grass3_right_3": {
					"rotation": ["-10+Math.cos((query.anim_time) * 90 * 1 - 140) * 20", 0, 0]
				},
				"left_grass1_left_1": {
					"rotation": ["-15+Math.cos((query.anim_time) * 90 * 1) * 8", 0, 0]
				},
				"left_grass1_left_2": {
					"rotation": ["-15+Math.cos((query.anim_time) * 90 * 1 - 90) * 12", 0, 0]
				},
				"left_grass1_left_3": {
					"rotation": ["-15+Math.cos((query.anim_time) * 90 * 1 - 180) * 20", 0, 0]
				},
				"right_grass1_left_1": {
					"rotation": ["-15+Math.cos((query.anim_time) * 90 * 1) * 8", 0, 0]
				},
				"right_grass1_left_2": {
					"rotation": ["-15+Math.cos((query.anim_time) * 90 * 1 - 90) * 12", 0, 0]
				},
				"right_grass1_left_3": {
					"rotation": ["-15+Math.cos((query.anim_time) * 90 * 1 - 180) * 20", 0, 0]
				},
				"left_grass2_left_1": {
					"rotation": ["-12.5+Math.cos((query.anim_time) * 90 * 1 + 20) * 8", 0, 7.5]
				},
				"left_grass2_left_2": {
					"rotation": ["-12.5+Math.cos((query.anim_time) * 90 * 1 - 70) * 12", 0, 0]
				},
				"left_grass2_left_3": {
					"rotation": ["-12.5+Math.cos((query.anim_time) * 90 * 1 - 160) * 20", 0, 0]
				},
				"right_grass2_left_1": {
					"rotation": ["-12.5+Math.cos((query.anim_time) * 90 * 1 + 20) * 8", 0, -7.5]
				},
				"right_grass2_left_2": {
					"rotation": ["-12.5+Math.cos((query.anim_time) * 90 * 1 - 70) * 12", 0, 0]
				},
				"right_grass2_left_3": {
					"rotation": ["-12.5+Math.cos((query.anim_time) * 90 * 1 - 160) * 20", 0, 0]
				},
				"left_grass3_left_1": {
					"rotation": ["-10+Math.cos((query.anim_time) * 90 * 1 + 40) * 8", 0, 15]
				},
				"left_grass3_left_2": {
					"rotation": ["-10+Math.cos((query.anim_time) * 90 * 1 - 50) * 12", 0, 0]
				},
				"left_grass3_left_3": {
					"rotation": ["-10+Math.cos((query.anim_time) * 90 * 1 - 140) * 20", 0, 0]
				},
				"right_grass3_left_1": {
					"rotation": ["-10+Math.cos((query.anim_time) * 90 * 1 + 40) * 8", 0, -15]
				},
				"right_grass3_left_2": {
					"rotation": ["-10+Math.cos((query.anim_time) * 90 * 1 - 50) * 12", 0, 0]
				},
				"right_grass3_left_3": {
					"rotation": ["-10+Math.cos((query.anim_time) * 90 * 1 - 140) * 20", 0, 0]
				}
			}
		},
		"animation.brunatee.hair_overlay": {
			"loop": true,
			"bones": {
				"braid_left1": {
					"rotation": ["27.5+Math.cos((query.anim_time) * 90 * 1) * 2", 22.5, 0]
				},
				"braid_left2": {
					"rotation": ["-5+Math.cos((query.anim_time) * 90 * 1 - 90) * 2", 37.5, -27.5]
				},
				"braid_left3": {
					"rotation": ["-15+Math.cos((query.anim_time) * 90 * 1 - 180) * 2", "20+Math.cos((query.anim_time) * 90 * 1 - 180) * 2", -15]
				},
				"braid_left4": {
					"rotation": ["-10+Math.cos((query.anim_time) * 90 * 1 - 270) * 4", 22.5, -7.5]
				},
				"braid_left5": {
					"rotation": ["-10+Math.cos((query.anim_time) * 90 * 1 - 360) * 4", -20, 7.5]
				},
				"braid_left6": {
					"rotation": ["25+Math.cos((query.anim_time) * 90 * 1 - 450) * 6", -2.5, 0]
				},
				"braid_left7": {
					"rotation": ["20+Math.cos((query.anim_time) * 90 * 1 - 540) * 8", -15, 0]
				},
				"braid_left_end": {
					"rotation": ["22.5+Math.cos((query.anim_time) * 90 * 1 - 630) * 8", -15, 0]
				},
				"braid_right1": {
					"rotation": ["27.5+Math.cos((query.anim_time) * 90 * 1) * 2", -22.5, 0]
				},
				"braid_right2": {
					"rotation": ["-5+Math.cos((query.anim_time) * 90 * 1 - 90) * 2", -37.5, 27.5]
				},
				"braid_right3": {
					"rotation": ["-15+Math.cos((query.anim_time) * 90 * 1 - 180) * 2", "-20+Math.cos((query.anim_time) * 90 * 1 - 180) * -2", 15]
				},
				"braid_right4": {
					"rotation": ["-10+Math.cos((query.anim_time) * 90 * 1 - 270) * 4", -22.5, 7.5]
				},
				"braid_right5": {
					"rotation": ["-10+Math.cos((query.anim_time) * 90 * 1 - 360) * 4", 20, -7.5]
				},
				"braid_right6": {
					"rotation": ["25+Math.cos((query.anim_time) * 90 * 1 - 450) * 6", 2.5, 0]
				},
				"braid_right7": {
					"rotation": ["20+Math.cos((query.anim_time) * 90 * 1 - 540) * 8", 15, 0]
				},
				"braid_right_end": {
					"rotation": ["22.5+Math.cos((query.anim_time) * 90 * 1 - 630) * 8", 15, 0]
				}
			}
		}
	}
}