{
	"format_version": "1.8.0",
	"animations": {
		"animation.bugbyte.air_idle": {
			"loop": true,
			"animation_length": 2.20833,
			"bones": {
				"AntennaL": {
					"rotation": {
						"0.0": [0, 0, 0],
						"0.125": {"pre": [0, 0, 0], "post": [0, 27.5, 0]},
						"0.25": {"pre": [0, 27.5, 0], "post": [0, 0, 0]},
						"0.375": {"pre": [0, 0, 0], "post": [0, 27.5, 0]},
						"0.5": {"pre": [0, 27.5, 0], "post": [0, 0, 0]},
						"0.625": {"pre": [0, 0, 0], "post": [0, 27.5, 0]},
						"0.75": {"pre": [0, 27.5, 0], "post": [0, 0, 0]},
						"1.0": {"pre": [0, 0, 0], "post": [0, 0, 0]},
						"1.0417": {"pre": [0, 0, 0], "post": [0, 0, 0]},
						"1.125": {"pre": [0, 0, 0], "post": [0, 27.5, 0]},
						"1.1667": {"pre": [0, 27.5, 0], "post": [0, 27.5, 0]},
						"1.25": {"pre": [0, 27.5, 0], "post": [0, 0, 0]},
						"1.2917": {"pre": [0, 0, 0], "post": [0, 0, 0]},
						"1.375": {"pre": [0, 0, 0], "post": [0, 27.5, 0]},
						"1.5": {"pre": [0, 27.5, 0], "post": [0, 0, 0]},
						"1.5833": {"pre": [0, 0, 0], "post": [0, 0, 0]},
						"1.7083": {"pre": [0, 0, 0], "post": [0, 27.5, 0]},
						"1.8333": {"pre": [0, 27.5, 0], "post": [0, 0, 0]},
						"1.9583": {"pre": [0, 0, 0], "post": [0, 27.5, 0]},
						"2.0833": {"pre": [0, 27.5, 0], "post": [0, 0, 0]}
					},
					"position": [0, 0, 0],
					"scale": 1
				},
				"AntennaR": {
					"rotation": {
						"0.0": [0, 0, 0],
						"0.0833": {"pre": [0, 0, 0], "post": [0, -17.5, 0]},
						"0.1667": {"pre": [0, -17.5, 0], "post": [0, 0, 0]},
						"0.25": {"pre": [0, 0, 0], "post": [0, -17.5, 0]},
						"0.3333": {"pre": [0, -17.5, 0], "post": [0, 0, 0]},
						"0.4167": {"pre": [0, 0, 0], "post": [0, -17.5, 0]},
						"0.5": {"pre": [0, -17.5, 0], "post": [0, 0, 0]},
						"0.625": {"pre": [0, 0, 0], "post": [0, 0, 0]},
						"0.7083": {"pre": [0, 0, 0], "post": [0, 0, 0]},
						"0.7917": {"pre": [0, 0, 0], "post": [0, -17.5, 0]},
						"0.8333": {"pre": [0, -17.5, 0], "post": [0, 0, 0]},
						"0.875": {"pre": [0, 0, 0], "post": [0, 0, 0]},
						"0.9167": {"pre": [0, 0, 0], "post": [0, -17.5, 0]},
						"0.9583": {"pre": [0, -17.5, 0], "post": [0, 0, 0]},
						"1.0": {"pre": [0, 0, 0], "post": [0, 0, 0]},
						"1.0417": {"pre": [0, 0, 0], "post": [0, -17.5, 0]},
						"1.125": {"pre": [0, -17.5, 0], "post": [0, 0, 0]},
						"1.2083": {"pre": [0, 0, 0], "post": [0, 0, 0]},
						"1.2917": {"pre": [0, 0, 0], "post": [0, -17.5, 0]},
						"1.375": {"pre": [0, -17.5, 0], "post": [0, 0, 0]},
						"1.5417": {"pre": [0, 0, 0], "post": [0, 0, 0]},
						"1.625": {"pre": [0, 0, 0], "post": [0, -17.5, 0]},
						"1.7083": {"pre": [0, -17.5, 0], "post": [0, 0, 0]},
						"1.8333": {"pre": [0, 0, 0], "post": [0, 0, 0]},
						"1.9167": {"pre": [0, 0, 0], "post": [0, 0, 0]},
						"2.0": {"pre": [0, 0, 0], "post": [0, -17.5, 0]},
						"2.0833": {"pre": [0, -17.5, 0], "post": [0, 0, 0]}
					},
					"position": [0, 0, 0],
					"scale": 1
				},
				"Body": {
					"rotation": {
						"0.0": [-4.43745, 2.30644, 27.41063],
						"0.5833": {"pre": [-4.43745, 2.30644, 27.41063], "post": [37.5, 30, 0]},
						"0.625": {"pre": [37.5, 30, 0], "post": [44.91773, -35.40496, 6.72407]},
						"0.7083": {"pre": [44.91773, -35.40496, 6.72407], "post": [46.22849, -37.15521, 4.50938]},
						"1.125": {"pre": [46.22849, -37.15521, 4.50938], "post": [37.5, 30, 0]},
						"1.1667": {"pre": [37.5, 30, 0], "post": [35.36134, 6.0396, 41.00881]},
						"1.25": {"pre": [35.36134, 6.0396, 41.00881], "post": [37.5, 30, 0]},
						"1.7917": {"pre": [37.5, 30, 0], "post": [37.5, 30, 0]},
						"1.8333": {"pre": [37.5, 30, 0], "post": [35.36134, 6.0396, 41.00881]},
						"1.875": {"pre": [35.36134, 6.0396, 41.00881], "post": [49.20907, -40.52137, -0.23969]},
						"2.2083": {"pre": [49.20907, -40.52137, -0.23969], "post": [-4.43745, 2.30644, 27.41063]}
					},
					"position": {
						"0.0": [0, 0, 0],
						"0.5833": {"pre": [0, 0, 0], "post": [5, 8, -3]},
						"0.625": {"pre": [5, 8, -3], "post": [-4, 3, 3]},
						"0.7083": {"pre": [-4, 3, 3], "post": [-4, 3, 3]},
						"1.125": {"pre": [-4, 3, 3], "post": [5, 8, -3]},
						"1.1667": {"pre": [5, 8, -3], "post": [-4, 3, 3]},
						"1.25": {"pre": [-4, 3, 3], "post": [5, 8, -3]},
						"1.7917": {"pre": [5, 8, -3], "post": [5, 8, -3]},
						"1.8333": {"pre": [5, 8, -3], "post": [-4, 3, 3]},
						"1.875": {"pre": [-4, 3, 3], "post": [-4, 3, 3]},
						"2.2083": {"pre": [-4, 3, 3], "post": [0, 0, 0]}
					}
				},
				"Wingr": {
					"rotation": {
						"0.0": [62.44186, 17.94973, 30.56393],
						"0.0417": {"pre": [62.44186, 17.94973, 30.56393], "post": [-10.05814, 17.94973, 30.56393]},
						"0.0833": {"pre": [-10.05814, 17.94973, 30.56393], "post": [62.44186, 17.94973, 30.56393]},
						"0.125": {"pre": [62.44186, 17.94973, 30.56393], "post": [-10.05814, 17.94973, 30.56393]},
						"0.1667": {"pre": [-10.05814, 17.94973, 30.56393], "post": [62.44186, 17.94973, 30.56393]},
						"0.2083": {"pre": [62.44186, 17.94973, 30.56393], "post": [-10.05814, 17.94973, 30.56393]},
						"0.3333": {"pre": [-10.05814, 17.94973, 30.56393], "post": [62.44186, 17.94973, 30.56393]},
						"0.375": {"pre": [62.44186, 17.94973, 30.56393], "post": [-10.05814, 17.94973, 30.56393]},
						"0.4167": {"pre": [-10.05814, 17.94973, 30.56393], "post": [62.44186, 17.94973, 30.56393]},
						"0.4583": {"pre": [62.44186, 17.94973, 30.56393], "post": [-10.05814, 17.94973, 30.56393]},
						"0.5": {"pre": [-10.05814, 17.94973, 30.56393], "post": [62.44186, 17.94973, 30.56393]},
						"0.5417": {"pre": [62.44186, 17.94973, 30.56393], "post": [-10.05814, 17.94973, 30.56393]},
						"0.75": {"pre": [-10.05814, 17.94973, 30.56393], "post": [62.44186, 17.94973, 30.56393]},
						"0.7917": {"pre": [62.44186, 17.94973, 30.56393], "post": [-10.05814, 17.94973, 30.56393]},
						"0.8333": {"pre": [-10.05814, 17.94973, 30.56393], "post": [62.44186, 17.94973, 30.56393]},
						"0.875": {"pre": [62.44186, 17.94973, 30.56393], "post": [-10.05814, 17.94973, 30.56393]},
						"1.0": {"pre": [-10.05814, 17.94973, 30.56393], "post": [62.44186, 17.94973, 30.56393]},
						"1.0417": {"pre": [62.44186, 17.94973, 30.56393], "post": [-10.05814, 17.94973, 30.56393]},
						"1.0833": {"pre": [-10.05814, 17.94973, 30.56393], "post": [62.44186, 17.94973, 30.56393]},
						"1.125": {"pre": [62.44186, 17.94973, 30.56393], "post": [-10.05814, 17.94973, 30.56393]},
						"1.1667": {"pre": [-10.05814, 17.94973, 30.56393], "post": [62.44186, 17.94973, 30.56393]},
						"1.2083": {"pre": [62.44186, 17.94973, 30.56393], "post": [-10.05814, 17.94973, 30.56393]},
						"1.25": {"pre": [-10.05814, 17.94973, 30.56393], "post": [62.44186, 17.94973, 30.56393]},
						"1.2917": {"pre": [62.44186, 17.94973, 30.56393], "post": [-10.05814, 17.94973, 30.56393]},
						"1.4167": {"pre": [-10.05814, 17.94973, 30.56393], "post": [62.44186, 17.94973, 30.56393]},
						"1.4583": {"pre": [62.44186, 17.94973, 30.56393], "post": [-10.05814, 17.94973, 30.56393]},
						"1.5": {"pre": [-10.05814, 17.94973, 30.56393], "post": [62.44186, 17.94973, 30.56393]},
						"1.5417": {"pre": [62.44186, 17.94973, 30.56393], "post": [-10.05814, 17.94973, 30.56393]},
						"1.5833": {"pre": [-10.05814, 17.94973, 30.56393], "post": [62.44186, 17.94973, 30.56393]},
						"1.625": {"pre": [62.44186, 17.94973, 30.56393], "post": [-10.05814, 17.94973, 30.56393]},
						"1.6667": {"pre": [-10.05814, 17.94973, 30.56393], "post": [62.44186, 17.94973, 30.56393]},
						"1.7083": {"pre": [62.44186, 17.94973, 30.56393], "post": [-10.05814, 17.94973, 30.56393]},
						"1.8333": {"pre": [-10.05814, 17.94973, 30.56393], "post": [62.44186, 17.94973, 30.56393]},
						"1.875": {"pre": [62.44186, 17.94973, 30.56393], "post": [-10.05814, 17.94973, 30.56393]},
						"1.9167": {"pre": [-10.05814, 17.94973, 30.56393], "post": [62.44186, 17.94973, 30.56393]},
						"1.9583": {"pre": [62.44186, 17.94973, 30.56393], "post": [-10.05814, 17.94973, 30.56393]},
						"2.0": {"pre": [-10.05814, 17.94973, 30.56393], "post": [62.44186, 17.94973, 30.56393]},
						"2.0417": {"pre": [62.44186, 17.94973, 30.56393], "post": [-10.05814, 17.94973, 30.56393]},
						"2.0833": {"pre": [-10.05814, 17.94973, 30.56393], "post": [62.44186, 17.94973, 30.56393]},
						"2.125": {"pre": [62.44186, 17.94973, 30.56393], "post": [-10.05814, 17.94973, 30.56393]},
						"2.1667": {"pre": [-10.05814, 17.94973, 30.56393], "post": [62.44186, 17.94973, 30.56393]},
						"2.2083": {"pre": [62.44186, 17.94973, 30.56393], "post": [-10.05814, 17.94973, 30.56393]}
					}
				},
				"WingL": {
					"rotation": {
						"0.0": [57.09079, -19.09208, -26.81303],
						"0.0417": {"pre": [57.09079, -19.09208, -26.81303], "post": [-7.90921, -19.09208, -26.81303]},
						"0.0833": {"pre": [-7.90921, -19.09208, -26.81303], "post": [57.09079, -19.09208, -26.81303]},
						"0.125": {"pre": [57.09079, -19.09208, -26.81303], "post": [-7.90921, -19.09208, -26.81303]},
						"0.1667": {"pre": [-7.90921, -19.09208, -26.81303], "post": [57.09079, -19.09208, -26.81303]},
						"0.2083": {"pre": [57.09079, -19.09208, -26.81303], "post": [-7.90921, -19.09208, -26.81303]},
						"0.25": {"pre": [-7.90921, -19.09208, -26.81303], "post": [57.09079, -19.09208, -26.81303]},
						"0.375": {"pre": [57.09079, -19.09208, -26.81303], "post": [-7.90921, -19.09208, -26.81303]},
						"0.4167": {"pre": [-7.90921, -19.09208, -26.81303], "post": [57.09079, -19.09208, -26.81303]},
						"0.4583": {"pre": [57.09079, -19.09208, -26.81303], "post": [-7.90921, -19.09208, -26.81303]},
						"0.5": {"pre": [-7.90921, -19.09208, -26.81303], "post": [57.09079, -19.09208, -26.81303]},
						"0.5417": {"pre": [57.09079, -19.09208, -26.81303], "post": [-7.90921, -19.09208, -26.81303]},
						"0.7083": {"pre": [-7.90921, -19.09208, -26.81303], "post": [-7.90921, -19.09208, -26.81303]},
						"0.75": {"pre": [-7.90921, -19.09208, -26.81303], "post": [57.09079, -19.09208, -26.81303]},
						"0.7917": {"pre": [57.09079, -19.09208, -26.81303], "post": [-7.90921, -19.09208, -26.81303]},
						"0.8333": {"pre": [-7.90921, -19.09208, -26.81303], "post": [57.09079, -19.09208, -26.81303]},
						"0.875": {"pre": [57.09079, -19.09208, -26.81303], "post": [-7.90921, -19.09208, -26.81303]},
						"0.9167": {"pre": [-7.90921, -19.09208, -26.81303], "post": [57.09079, -19.09208, -26.81303]},
						"0.9583": {"pre": [57.09079, -19.09208, -26.81303], "post": [-7.90921, -19.09208, -26.81303]},
						"1.0": {"pre": [-7.90921, -19.09208, -26.81303], "post": [57.09079, -19.09208, -26.81303]},
						"1.0417": {"pre": [57.09079, -19.09208, -26.81303], "post": [-7.90921, -19.09208, -26.81303]},
						"1.0833": {"pre": [-7.90921, -19.09208, -26.81303], "post": [57.09079, -19.09208, -26.81303]},
						"1.125": {"pre": [57.09079, -19.09208, -26.81303], "post": [-7.90921, -19.09208, -26.81303]},
						"1.1667": {"pre": [-7.90921, -19.09208, -26.81303], "post": [57.09079, -19.09208, -26.81303]},
						"1.2083": {"pre": [57.09079, -19.09208, -26.81303], "post": [-7.90921, -19.09208, -26.81303]},
						"1.4167": {"pre": [-7.90921, -19.09208, -26.81303], "post": [57.09079, -19.09208, -26.81303]},
						"1.4583": {"pre": [57.09079, -19.09208, -26.81303], "post": [-7.90921, -19.09208, -26.81303]},
						"1.5": {"pre": [-7.90921, -19.09208, -26.81303], "post": [57.09079, -19.09208, -26.81303]},
						"1.5417": {"pre": [57.09079, -19.09208, -26.81303], "post": [-7.90921, -19.09208, -26.81303]},
						"1.5833": {"pre": [-7.90921, -19.09208, -26.81303], "post": [57.09079, -19.09208, -26.81303]},
						"1.625": {"pre": [57.09079, -19.09208, -26.81303], "post": [-7.90921, -19.09208, -26.81303]},
						"1.6667": {"pre": [-7.90921, -19.09208, -26.81303], "post": [57.09079, -19.09208, -26.81303]},
						"1.7083": {"pre": [57.09079, -19.09208, -26.81303], "post": [-7.90921, -19.09208, -26.81303]},
						"1.9167": {"pre": [-7.90921, -19.09208, -26.81303], "post": [57.09079, -19.09208, -26.81303]},
						"1.9583": {"pre": [57.09079, -19.09208, -26.81303], "post": [-7.90921, -19.09208, -26.81303]},
						"2.0": {"pre": [-7.90921, -19.09208, -26.81303], "post": [57.09079, -19.09208, -26.81303]},
						"2.0417": {"pre": [57.09079, -19.09208, -26.81303], "post": [-7.90921, -19.09208, -26.81303]},
						"2.0833": {"pre": [-7.90921, -19.09208, -26.81303], "post": [57.09079, -19.09208, -26.81303]},
						"2.125": {"pre": [57.09079, -19.09208, -26.81303], "post": [-7.90921, -19.09208, -26.81303]},
						"2.1667": {"pre": [-7.90921, -19.09208, -26.81303], "post": [57.09079, -19.09208, -26.81303]},
						"2.2083": {"pre": [57.09079, -19.09208, -26.81303], "post": [-7.90921, -19.09208, -26.81303]}
					}
				},
				"Glitch1": {
					"position": {
						"0.0": [0, 0, 0],
						"0.0833": {"pre": [0, 0, 0], "post": [11, 0, -6]},
						"0.1667": {"pre": [11, 0, -6], "post": [0, 0, 0]},
						"0.25": {"pre": [0, 0, 0], "post": [11, 0, -6]},
						"0.3333": {"pre": [11, 0, -6], "post": [6, -11, -6]},
						"0.4583": {"pre": [6, -11, -6], "post": [0, 0, 0]},
						"0.5417": {"pre": [0, 0, 0], "post": [11, 0, -6]},
						"0.5833": {"pre": [11, 0, -6], "post": [0, 0, 0]},
						"0.625": {"pre": [0, 0, 0], "post": [6, -11, -6]},
						"0.6667": {"pre": [6, -11, -6], "post": [11, 0, -6]},
						"0.75": {"pre": [11, 0, -6], "post": [6, -11, -6]},
						"0.875": {"pre": [6, -11, -6], "post": [0, 0, 0]},
						"0.9583": {"pre": [0, 0, 0], "post": [11, 0, -6]},
						"1.0": {"pre": [11, 0, -6], "post": [0, 0, 0]},
						"1.0417": {"pre": [0, 0, 0], "post": [6, -11, -6]},
						"1.0833": {"pre": [6, -11, -6], "post": [11, 0, -6]},
						"1.125": {"pre": [11, 0, -6], "post": [0, 0, 0]},
						"1.1667": {"pre": [0, 0, 0], "post": [6, -11, -6]},
						"1.2083": {"pre": [6, -11, -6], "post": [0, 0, 0]},
						"1.2917": {"pre": [0, 0, 0], "post": [11, 0, -6]},
						"1.3333": {"pre": [11, 0, -6], "post": [0, 0, 0]},
						"1.375": {"pre": [0, 0, 0], "post": [6, -11, -6]},
						"1.4167": {"pre": [6, -11, -6], "post": [11, 0, -6]},
						"1.4583": {"pre": [11, 0, -6], "post": [0, 0, 0]},
						"1.5": {"pre": [0, 0, 0], "post": [6, -11, -6]},
						"1.5417": {"pre": [6, -11, -6], "post": [11, 0, -6]},
						"1.5833": {"pre": [11, 0, -6], "post": [0, 0, 0]},
						"1.625": {"pre": [0, 0, 0], "post": [6, -11, -6]},
						"1.6667": {"pre": [6, -11, -6], "post": [11, 0, -6]},
						"1.7083": {"pre": [11, 0, -6], "post": [0, 0, 0]},
						"1.75": {"pre": [0, 0, 0], "post": [6, -11, -6]},
						"1.7917": {"pre": [6, -11, -6], "post": [11, 0, -6]},
						"1.875": {"pre": [11, 0, -6], "post": [0, 0, 0]},
						"1.9583": {"pre": [0, 0, 0], "post": [0, 0, 0]},
						"2.0": {"pre": [0, 0, 0], "post": [0, 0, 0]},
						"2.0417": {"pre": [0, 0, 0], "post": [11, 0, -6]},
						"2.0833": {"pre": [11, 0, -6], "post": [11, 0, -6]},
						"2.125": {"pre": [11, 0, -6], "post": [6, -11, -6]},
						"2.1667": {"pre": [6, -11, -6], "post": [6, -11, -6]}
					}
				},
				"Glitch3": {
					"position": {
						"0.0": [0, 0, 0],
						"0.0833": {"pre": [0, 0, 0], "post": [10, 0, 0]},
						"0.1667": {"pre": [10, 0, 0], "post": [5, 10, 0]},
						"0.25": {"pre": [5, 10, 0], "post": [0, 0, 0]},
						"0.3333": {"pre": [0, 0, 0], "post": [10, 0, 0]},
						"0.4167": {"pre": [10, 0, 0], "post": [5, 10, 0]},
						"0.4583": {"pre": [5, 10, 0], "post": [0, 0, 0]},
						"0.5417": {"pre": [0, 0, 0], "post": [10, 0, 0]},
						"0.625": {"pre": [10, 0, 0], "post": [5, 10, 0]},
						"0.6667": {"pre": [5, 10, 0], "post": [0, 0, 0]},
						"0.7083": {"pre": [0, 0, 0], "post": [0, 0, 0]},
						"0.75": {"pre": [0, 0, 0], "post": [10, 0, 0]},
						"0.7917": {"pre": [10, 0, 0], "post": [10, 0, 0]},
						"0.8333": {"pre": [10, 0, 0], "post": [5, 10, 0]},
						"0.875": {"pre": [5, 10, 0], "post": [5, 10, 0]},
						"0.9167": {"pre": [5, 10, 0], "post": [0, 0, 0]},
						"1.0": {"pre": [0, 0, 0], "post": [0, 0, 0]},
						"1.0833": {"pre": [0, 0, 0], "post": [10, 0, 0]},
						"1.1667": {"pre": [10, 0, 0], "post": [0, 0, 0]},
						"1.25": {"pre": [0, 0, 0], "post": [10, 0, 0]},
						"1.3333": {"pre": [10, 0, 0], "post": [5, 10, 0]},
						"1.4167": {"pre": [5, 10, 0], "post": [0, 0, 0]},
						"1.5": {"pre": [0, 0, 0], "post": [10, 0, 0]},
						"1.5833": {"pre": [10, 0, 0], "post": [5, 10, 0]},
						"1.625": {"pre": [5, 10, 0], "post": [0, 0, 0]},
						"1.6667": {"pre": [0, 0, 0], "post": [0, 0, 0]},
						"1.7083": {"pre": [0, 0, 0], "post": [0, 0, 0]},
						"1.75": {"pre": [0, 0, 0], "post": [10, 0, 0]},
						"1.7917": {"pre": [10, 0, 0], "post": [10, 0, 0]},
						"1.8333": {"pre": [10, 0, 0], "post": [5, 10, 0]},
						"1.875": {"pre": [5, 10, 0], "post": [5, 10, 0]},
						"1.9583": {"pre": [5, 10, 0], "post": [0, 0, 0]},
						"2.0417": {"pre": [0, 0, 0], "post": [10, 0, 0]},
						"2.125": {"pre": [10, 0, 0], "post": [5, 10, 0]}
					}
				},
				"Glitch4": {
					"position": {
						"0.0": [-8, 1, 0],
						"0.1667": {"pre": [-8, 1, 0], "post": [-6, 9, 0]},
						"0.3333": {"pre": [-6, 9, 0], "post": [0, 9, 0]},
						"0.5": {"pre": [0, 9, 0], "post": [-8, 1, 0]},
						"0.6667": {"pre": [-8, 1, 0], "post": [-6, 9, 0]},
						"0.8333": {"pre": [-6, 9, 0], "post": [0, 9, 0]},
						"1.0": {"pre": [0, 9, 0], "post": [-8, 1, 0]},
						"1.1667": {"pre": [-8, 1, 0], "post": [-6, 9, 0]},
						"1.3333": {"pre": [-6, 9, 0], "post": [0, 9, 0]},
						"1.5": {"pre": [0, 9, 0], "post": [-8, 1, 0]},
						"1.6667": {"pre": [-8, 1, 0], "post": [-6, 9, 0]},
						"1.8333": {"pre": [-6, 9, 0], "post": [0, 9, 0]},
						"2.0": {"pre": [0, 9, 0], "post": [-8, 1, 0]},
						"2.1667": {"pre": [-8, 1, 0], "post": [-6, 9, 0]}
					}
				},
				"Glitch5": {
					"position": {
						"0.0": [0, 4, 0],
						"0.2083": {"pre": [0, 4, 0], "post": [0, 5, 0]},
						"0.25": {"pre": [0, 5, 0], "post": [0.25, 4.75, 0]},
						"0.2917": {"pre": [0.25, 4.75, 0], "post": [0.25, 5.25, 0]},
						"0.5": {"pre": [0.25, 5.25, 0], "post": [-7, -2, 0]},
						"0.75": {"pre": [-7, -2, 0], "post": [0, 4, 0]},
						"0.7917": {"pre": [0, 4, 0], "post": [0, 5, 0]},
						"0.8333": {"pre": [0, 5, 0], "post": [0.25, 4.75, 0]},
						"0.875": {"pre": [0.25, 4.75, 0], "post": [0.25, 5.25, 0]},
						"1.0": {"pre": [0.25, 5.25, 0], "post": [-12, 9, 0]},
						"1.2083": {"pre": [-12, 9, 0], "post": [0, 5, 0]},
						"1.25": {"pre": [0, 5, 0], "post": [0.25, 4.75, 0]},
						"1.2917": {"pre": [0.25, 4.75, 0], "post": [0.25, 5.25, 0]},
						"1.4583": {"pre": [0.25, 5.25, 0], "post": [0, 4, 0]},
						"1.7083": {"pre": [0, 4, 0], "post": [-12, 9, 0]},
						"1.7917": {"pre": [-12, 9, 0], "post": [-12, 9.75, 0]},
						"1.8333": {"pre": [-12, 9.75, 0], "post": [-12.75, 9.75, 0]},
						"1.875": {"pre": [-12.75, 9.75, 0], "post": [-12.75, 9, 0]},
						"1.9583": {"pre": [-12.75, 9, 0], "post": [-7, -2, 0]},
						"2.2083": {"pre": [-7, -2, 0], "post": [0, 4, 0]}
					}
				},
				"Glitch6": {
					"position": {
						"0.0": [0, 0, -3],
						"0.25": {"pre": [0, 0, -3], "post": [-7, 0, -3]},
						"0.4583": {"pre": [-7, 0, -3], "post": [-1, 7, -3]},
						"0.6667": {"pre": [-1, 7, -3], "post": [0, 0, -3]},
						"0.9167": {"pre": [0, 0, -3], "post": [-7, 0, -3]},
						"1.125": {"pre": [-7, 0, -3], "post": [-1, 7, -3]},
						"1.3333": {"pre": [-1, 7, -3], "post": [0, 0, -3]},
						"1.5833": {"pre": [0, 0, -3], "post": [-7, 0, -3]},
						"1.75": {"pre": [-7, 0, -3], "post": [0, 0, -3]},
						"1.7917": {"pre": [0, 0, -3], "post": [-1, 7, -3]},
						"2.0": {"pre": [-1, 7, -3], "post": [-7, 0, -3]},
						"2.2083": {"pre": [-7, 0, -3], "post": [-1, 7, -3]}
					}
				}
			}
		}
	}
}