{
	"format_version": "1.8.0",
	"animations": {
		"animation.cephalange.ground_idle": {
			"loop": true,
			"bones": {
				"body": {
					"rotation": ["-10+Math.cos((query.anim_time) * 90 * 1 - 90) * -1", 0, 0],
					"position": [0, "-8+Math.cos((query.anim_time) * 90 * 1) * -0.1", 0]
				},
				"tentacle": {
					"rotation": ["-25+Math.cos((query.anim_time) * 90 * 1 - 90) * 3", 0, 0]
				},
				"tentacleb": {
					"rotation": [62.5, 0, 0]
				},
				"tentaclec": {
					"rotation": [52.5, 0, 0]
				},
				"tentacle2": {
					"rotation": ["-20+Math.cos((query.anim_time) * 90 * 1 - 90) * 3", 0, 0]
				},
				"tentacleb2": {
					"rotation": [62.5, 0, 0]
				},
				"tentaclec2": {
					"rotation": [52.5, 0, 0]
				},
				"tentacle3": {
					"rotation": ["-15+Math.cos((query.anim_time) * 90 * 1 - 90) * 3", 0, 0]
				},
				"tentacleb3": {
					"rotation": [62.5, 0, 0]
				},
				"tentaclec3": {
					"rotation": [52.5, 0, 0]
				},
				"tentacle4": {
					"rotation": ["-15+Math.cos((query.anim_time) * 90 * 1 - 90) * 3", 0, 0]
				},
				"tentacleb4": {
					"rotation": [62.5, 0, 0]
				},
				"tentaclec4": {
					"rotation": [52.5, 0, 0]
				},
				"tentacle5": {
					"rotation": ["-2.5+Math.cos((query.anim_time) * 90 * 1 - 90) * 3", 12.5, -5]
				},
				"tentacleb5": {
					"rotation": [40, 0, 0]
				},
				"tentaclec5": {
					"rotation": [55, 0, 0]
				},
				"body2": {
					"rotation": [-2.5, 0, 0]
				},
				"body3": {
					"rotation": [10, 0, 0]
				},
				"puppet": {
					"scale": 0
				},
				"puppet2": {
					"scale": 0
				}
			}
		},
		"animation.cephalange.ground_walk": {
			"loop": true,
			"animation_length": 1,
			"bones": {
				"tentacle": {
					"rotation": ["33.0102+Math.cos((query.anim_time) * 90 * 4) * 15", 0.98501, -4.94904]
				},
				"tentacleb": {
					"rotation": {
						"0.0": [45, 0, 0],
						"0.25": [75, 0, 0],
						"0.5833": [35, 0, 0],
						"1.0": [45, 0, 0]
					}
				},
				"tentaclec": {
					"rotation": {
						"0.0": [62.5, 0, 0],
						"0.4167": [87.5, 0, 0],
						"0.6667": [45, 0, 0],
						"1.0": [62.5, 0, 0]
					}
				},
				"tentacle2": {
					"rotation": ["22.5442+Math.cos((query.anim_time) * 90 * 4 - 45) * 15", 4.90179, -0.76638]
				},
				"tentacleb2": {
					"rotation": {
						"0.0": [45, 0, 0],
						"0.3333": [70, 0, 0],
						"0.7083": [35, 0, 0],
						"0.8333": [36.79, 0, 0],
						"1.0": [45, 0, 0]
					}
				},
				"tentaclec2": {
					"rotation": [67.5, 0, 0]
				},
				"tentacle3": {
					"rotation": ["45.0326+Math.cos((query.anim_time) * 90 * 4 - 90) * 15", -0.24763, 1.24486]
				},
				"tentacleb3": {
					"rotation": {
						"0.0": [32.5, 0, 0],
						"0.2083": [40.45, 0, 0],
						"0.4583": [77.5, 0, 0],
						"0.8333": [22.5, 0, 0],
						"1.0": [32.5, 0, 0]
					}
				},
				"tentaclec3": {
					"rotation": [67.5, 0, 0]
				},
				"tentacle4": {
					"rotation": ["45.4704+Math.cos((query.anim_time) * 90 * 4 - 135) * 15", -0.9453, 4.74972]
				},
				"tentacleb4": {
					"rotation": {
						"0.0": [22.5, 0, 0],
						"0.375": [37.5, 0, 0],
						"0.6667": [61.5, 0, 0],
						"1.0": [22.5, 0, 0]
					}
				},
				"tentaclec4": {
					"rotation": [67.5, 0, 0]
				},
				"tentacle5": {
					"rotation": ["10.5+Math.cos((query.anim_time) * 90 * 4 - 165) * 12", 0, 0]
				},
				"tentacleb5": {
					"rotation": [46.5, 0, 0]
				},
				"tentaclec5": {
					"rotation": [52.75, 0, 0]
				},
				"body2": {
					"rotation": ["-7.75+Math.cos((query.anim_time) * 90 * 4 - 115) * -4", 0, 0]
				},
				"body3": {
					"rotation": [21, 0, 0]
				},
				"body": {
					"rotation": ["-22.5+Math.cos((query.anim_time) * 90 * 4 - 115) * 4", 0, "0+Math.cos((query.anim_time) * 90 * 4 - 115) * 5"],
					"position": [0, "-6+Math.cos((query.anim_time) * 90 * 4 - 25) * -0.6", "0+Math.cos((query.anim_time) * 90 * 4 - 120) * 1"]
				},
				"puppet": {
					"scale": 0
				},
				"puppet2": {
					"scale": 0
				}
			}
		},
		"animation.cephalange.water_idle": {
			"loop": true,
			"bones": {
				"body": {
					"rotation": ["0+Math.cos((query.anim_time) * 90 * 1 - 90) * -3", 0, 0],
					"position": [0, "-2+Math.cos((query.anim_time) * 90 * 1) * 1", 0]
				},
				"tentacle": {
					"rotation": ["12.5+Math.cos((query.anim_time) * 90 * 1 - 120) * -4", 0, 0]
				},
				"tentacleb": {
					"rotation": ["25+Math.cos((query.anim_time) * 90 * 1 - 180) * -9", 0, 0]
				},
				"tentaclec": {
					"rotation": [25, 0, 0]
				},
				"tentacle2": {
					"rotation": ["12.5+Math.cos((query.anim_time) * 90 * 1 - 140) * -4", 0, 0]
				},
				"tentacleb2": {
					"rotation": ["25+Math.cos((query.anim_time) * 90 * 1 - 220) * -9", 0, 0]
				},
				"tentaclec2": {
					"rotation": [25, 0, 0]
				},
				"tentacle3": {
					"rotation": ["12.5+Math.cos((query.anim_time) * 90 * 1 - 140) * -4", 0, 0]
				},
				"tentacleb3": {
					"rotation": ["25+Math.cos((query.anim_time) * 90 * 1 - 220) * -9", 0, 0]
				},
				"tentaclec3": {
					"rotation": [25, 0, 0]
				},
				"tentacle4": {
					"rotation": ["12.5+Math.cos((query.anim_time) * 90 * 1 - 120) * -4", 0, 0]
				},
				"tentacleb4": {
					"rotation": ["25+Math.cos((query.anim_time) * 90 * 1 - 180) * -9", 0, 0]
				},
				"tentaclec4": {
					"rotation": [25, 0, 0]
				},
				"tentacle5": {
					"rotation": [0, 10, 0]
				},
				"tentacleb5": {
					"rotation": [50, 0, 0]
				},
				"tentaclec5": {
					"rotation": [40, 0, 0]
				},
				"body2": {
					"rotation": ["-7.5+Math.cos((query.anim_time) * 90 * 1 - 60) * 7", 0, 0]
				},
				"body3": {
					"rotation": ["-12.5+Math.cos((query.anim_time) * 90 * 1 - 120) * 7", 0, 0]
				},
				"puppet": {
					"scale": 0
				},
				"puppet2": {
					"scale": 0
				}
			}
		},
		"animation.cephalange.water_swim": {
			"loop": true,
			"bones": {
				"body": {
					"rotation": ["15+Math.cos((query.anim_time) * 90 * 2 - 90) * -3", 0, 0],
					"position": [0, "-2+Math.cos((query.anim_time) * 90 * 2) * 1", 0]
				},
				"tentacle": {
					"rotation": ["12.5+Math.cos((query.anim_time) * 90 * 2 - 120) * -4", 0, 0]
				},
				"tentacleb": {
					"rotation": ["45+Math.cos((query.anim_time) * 90 * 2 - 180) * -9", 0, 0]
				},
				"tentaclec": {
					"rotation": [52.5, 0, 0]
				},
				"tentacle2": {
					"rotation": ["12.5+Math.cos((query.anim_time) * 90 * 2 - 120) * -4", 0, 0]
				},
				"tentacleb2": {
					"rotation": ["45+Math.cos((query.anim_time) * 90 * 2 - 180) * -9", 0, 0]
				},
				"tentaclec2": {
					"rotation": [52.5, 0, 0]
				},
				"tentacle3": {
					"rotation": ["12.5+Math.cos((query.anim_time) * 90 * 2 - 120) * -4", 0, 0]
				},
				"tentacleb3": {
					"rotation": ["45+Math.cos((query.anim_time) * 90 * 2 - 180) * -9", 0, 0]
				},
				"tentaclec3": {
					"rotation": [52.5, 0, 0]
				},
				"tentacle4": {
					"rotation": ["12.5+Math.cos((query.anim_time) * 90 * 2 - 120) * -4", 0, 0]
				},
				"tentacleb4": {
					"rotation": ["45+Math.cos((query.anim_time) * 90 * 2 - 180) * -9", 0, 0]
				},
				"tentaclec4": {
					"rotation": [52.5, 0, 0]
				},
				"tentacle5": {
					"rotation": [-37.07723, 12.13618, 52.92277]
				},
				"tentacleb5": {
					"rotation": [50, 0, 0]
				},
				"tentaclec5": {
					"rotation": [70, 0, 0]
				},
				"body2": {
					"rotation": ["-7.5+Math.cos((query.anim_time) * 90 * 2 - 60) * 7", 0, 0]
				},
				"body3": {
					"rotation": ["-12.5+Math.cos((query.anim_time) * 90 * 2 - 120) * 7", 0, 0]
				},
				"puppet": {
					"scale": 0
				},
				"puppet2": {
					"scale": 0
				}
			}
		},
		"animation.cephalange.battle_idle": {
			"loop": true,
			"bones": {
				"body": {
					"rotation": ["-15+Math.cos((query.anim_time) * 90 * 2) * -1", 0, 0],
					"position": [0, -8, 0]
				},
				"tentacle": {
					"rotation": ["-50+Math.cos((query.anim_time) * 90 * 2 - 90) * -2", 0, 0]
				},
				"tentacleb": {
					"rotation": ["-12.5+Math.cos((query.anim_time) * 90 * 2 - 150) * -2", 0, 0],
					"position": [0, 0, 0.25]
				},
				"tentaclec": {
					"rotation": [-5, 0, 0],
					"position": [0, 0, 0.25]
				},
				"tentacle2": {
					"rotation": ["-50+Math.cos((query.anim_time) * 90 * 2 - 30) * -2", 15, -7.5]
				},
				"tentacleb2": {
					"rotation": ["-12.5+Math.cos((query.anim_time) * 90 * 2 - 90) * -2", 0, 0],
					"position": [0, 0, 0.25]
				},
				"tentaclec2": {
					"rotation": [-5, 0, 0],
					"position": [0, 0, 0.25]
				},
				"tentacle3": {
					"rotation": ["2.5+Math.cos((query.anim_time) * 90 * 2) * 1", 0, 0]
				},
				"tentacleb3": {
					"rotation": [55, 0, 0]
				},
				"tentaclec3": {
					"rotation": [45, 0, 0]
				},
				"tentacle4": {
					"rotation": ["12.5+Math.cos((query.anim_time) * 90 * 2) * 1", 10, 7.5]
				},
				"tentacleb4": {
					"rotation": [27.5, 0, 0]
				},
				"tentaclec4": {
					"rotation": [57.5, 0, 0]
				},
				"tentacle5": {
					"rotation": ["-10+Math.cos((query.anim_time) * 90 * 2 - 90) * -1", 0, 10]
				},
				"tentacleb5": {
					"rotation": [32.5, 0, 0]
				},
				"tentaclec5": {
					"rotation": [55, 0, 0]
				},
				"body2": {
					"rotation": ["2.5+Math.cos((query.anim_time) * 90 * 2 - 90) * -2", 0, 0]
				},
				"body3": {
					"rotation": [7.5, 0, 0]
				}
			}
		},
		"animation.cephalange.pose": {
			"loop": true,
			"bones": {
				"tentacle": {
					"rotation": [-2.48978, 0.98501, -4.94904]
				},
				"tentacleb": {
					"rotation": [0, 0, 0]
				},
				"tentaclec": {
					"rotation": [6, 0, 0]
				},
				"tentacle2": {
					"rotation": [-2.8582, 14.76589, -2.55825]
				},
				"tentacleb2": {
					"rotation": [0, 0, 0]
				},
				"tentaclec2": {
					"rotation": [5, 0, 0]
				},
				"tentacle3": {
					"rotation": [67.53262, -0.24763, 1.24486]
				},
				"tentacleb3": {
					"rotation": [45, 0, 0]
				},
				"tentaclec3": {
					"rotation": [67.5, 0, 0]
				},
				"tentacle4": {
					"rotation": [67.97036, -0.9453, 4.74972]
				},
				"tentacleb4": {
					"rotation": [45, 0, 0]
				},
				"tentaclec4": {
					"rotation": [67.5, 0, 0]
				},
				"tentacle5": {
					"rotation": [41.5, 0, 0]
				},
				"tentacleb5": {
					"rotation": [57.5, 0, 0]
				},
				"tentaclec5": {
					"rotation": [52.75, 0, 0]
				},
				"body": {
					"rotation": [-90, 0, 0]
				},
				"lefteye": {
					"position": [0.775, 0, 0]
				},
				"righteye": {
					"position": [-0.775, 0, 0]
				}
			}
		}
	}
}