{
	"format_version": "1.8.0",
	"animations": {
		"animation.crypalis.ground_idle": {
			"loop": true,
			"bones": {
				"pupil_left": {
					"position": [0, "Math.cos((query.anim_time + 1.2) * 90) * 0.2", "Math.cos((query.anim_time + 0.2) * 90) * 0.5"]
				},
				"pupil_front": {
					"position": ["Math.cos((query.anim_time + 0.5) * 90*2) * 0.5", "Math.cos((query.anim_time + 2) * 90*2) * 0.6", 0]
				},
				"head": {
					"rotation": ["Math.cos((query.anim_time + 1) * 90*1) * 10", 0, "Math.cos((query.anim_time) * 90*0.5) * 10"],
					"position": [0, "-1.5+Math.cos((query.anim_time) * 90*1) * 1", 0]
				},
				"tentacle2": {
					"rotation": [0, 0, "-32.5+Math.cos((query.anim_time+0.4) * 90*1) * math.random(5, 20)"]
				},
				"tentacle1": {
					"rotation": [0, 0, "Math.cos((query.anim_time+0.4) * 90*1) * math.random(5, 20)\t"]
				},
				"torso": {
					"position": [0, "Math.cos((query.anim_time+0.4) * 90*1) * 0.2", 0]
				},
				"pupil_right": {
					"position": [0, "Math.cos((query.anim_time + 1) * 90) * 0.2", "Math.cos(query.anim_time * 90) * 0.5"]
				},
				"pupil_back": {
					"position": ["Math.cos((query.anim_time + 0.5) * 90*2) * 0.5", "Math.cos((query.anim_time + 2) * 90*2) * 0.6", 0]
				},
				"tentacle3": {
					"rotation": [0, 0, "30+Math.cos((query.anim_time+0.4) * 90*1) * math.random(5, 20)"]
				}
			}
		}
	}
}