{
	"format_version": "1.8.0",
	"animations": {
		"animation.desmotel.ground_idle": {
			"loop": true,
			"bones": {
				"body": {
					"position": [0, -1, 0]
				},
				"leg_left": {
					"rotation": [-20, -32.5, 0]
				},
				"leg2_left": {
					"rotation": [30, 0, 0]
				},
				"toe1_left1": {
					"rotation": [-25, 10, 0]
				},
				"toe1_left2": {
					"rotation": [35, 0, 0]
				},
				"toe2_left1": {
					"rotation": [-25, 0, 0]
				},
				"toe2_left2": {
					"rotation": [35, 0, 0]
				},
				"toe3_left1": {
					"rotation": [-25, -12.5, 0]
				},
				"toe3_left2": {
					"rotation": [35, 0, 0]
				},
				"leg_right": {
					"rotation": [-20, 32.5, 0]
				},
				"leg2_right": {
					"rotation": [30, 0, 0]
				},
				"toe1_right1": {
					"rotation": [-25, -10, 0]
				},
				"toe1_right2": {
					"rotation": [35, 0, 0]
				},
				"toe2_right1": {
					"rotation": [-25, 0, 0]
				},
				"toe2_right2": {
					"rotation": [35, 0, 0]
				},
				"toe3_right1": {
					"rotation": [-25, 12.5, 0]
				},
				"toe3_right2": {
					"rotation": [35, 0, 0]
				},
				"torso1": {
					"rotation": ["0+Math.cos((query.anim_time) * 90 * 1 - 90) * -1", 0, 0],
					"position": [0, "0+Math.cos((query.anim_time) * 90 * 1) * 0.3", 0]
				},
				"uppertorso": {
					"rotation": ["0+Math.cos((query.anim_time) * 90 * 1 - 140) * -2", 0, 0]
				},
				"arm_left": {
					"rotation": [0, 0, "42.5+Math.cos((query.anim_time) * 90 * 1 - 180) * -2"]
				},
				"arm2_left": {
					"rotation": [0, 52.5, 0]
				},
				"finger_sword": {
					"rotation": [0, -75, 0]
				},
				"finger1_left1": {
					"rotation": [0, 0, 37.5]
				},
				"finger1_left2": {
					"rotation": [0, 0, 67.5]
				},
				"finger1_left3": {
					"rotation": [0, 0, 37.5]
				},
				"finger2_left1": {
					"rotation": [0, 0, 37.5]
				},
				"finger2_left2": {
					"rotation": [0, 0, 67.5]
				},
				"finger2_left3": {
					"rotation": [0, 0, 37.5]
				},
				"arm_right": {
					"rotation": [0, 17.5, "-42.5+Math.cos((query.anim_time) * 90 * 1 - 180) * 2"]
				},
				"arm2_right": {
					"rotation": [0, -52.5, 0]
				},
				"finger_sword2": {
					"rotation": [0, 75, 0]
				},
				"finger1_right1": {
					"rotation": [0, 0, -37.5]
				},
				"finger1_right2": {
					"rotation": [0, 0, -67.5]
				},
				"finger1_right3": {
					"rotation": [0, 0, -37.5]
				},
				"finger2_right1": {
					"rotation": [0, 0, -37.5]
				},
				"finger2_right2": {
					"rotation": [0, 0, -67.5]
				},
				"finger2_right3": {
					"rotation": [0, 0, -37.5]
				},
				"head": {
					"rotation": ["0+Math.cos((query.anim_time) * 90 * 1 - 110) * 3", 0, 0]
				}
			}
		},
		"animation.desmotel.ground_walk": {
			"loop": true,
			"animation_length": 1,
			"bones": {
				"body": {
					"position": [0, -1, 0]
				},
				"leg_left": {
					"rotation": {
						"0.0": [-39.5, -11, 0],
						"0.125": [-31.5, -11, 0],
						"0.2083": [-9.5, -11, 0],
						"0.375": [8.36, -11, 0],
						"0.5": [13, -11, 0],
						"0.625": [8.36, -11, 0],
						"0.75": [-4.5, -11, 0],
						"0.875": [-31.5, -11, 0],
						"1.0": [-39.5, -11, 0]
					}
				},
				"leg2_left": {
					"rotation": {
						"0.0": [25, 0, 0],
						"0.2083": [10, 0, 0],
						"0.5": [20, 0, 0],
						"0.75": [72.5, 0, 0],
						"1.0": [25, 0, 0]
					}
				},
				"foot_left": {
					"rotation": {
						"0.0": [19.5, 0, 0],
						"0.2083": [2, 0, 0],
						"0.5": [-18, 0, 0],
						"0.625": [-30.5, 0, 0],
						"0.75": [-28, 0, 0],
						"1.0": [19.5, 0, 0]
					}
				},
				"toe1_left1": {
					"rotation": {
						"0.0": [-20, 15, 0],
						"0.25": [-30, 15, 0],
						"0.5": [-34.8, 15, 0],
						"0.75": [-37.5, 15, 0],
						"0.9167": [-37.5, 15, 0],
						"1.0": [-20, 15, 0]
					}
				},
				"toe1_left2": {
					"rotation": {
						"0.0": [30, 0, 0],
						"0.625": [30, 0, 0],
						"0.9167": [75, 0, 0],
						"1.0": [30, 0, 0]
					}
				},
				"toe2_left1": {
					"rotation": {
						"0.0": [-20, 0, 0],
						"0.25": [-30, 0, 0],
						"0.5": [-34.8, 0, 0],
						"0.75": [-37.5, 0, 0],
						"0.9167": [-37.5, 0, 0],
						"1.0": [-20, 0, 0]
					}
				},
				"toe2_left2": {
					"rotation": {
						"0.0": [30, 0, 0],
						"0.625": [30, 0, 0],
						"0.9167": [75, 0, 0],
						"1.0": [30, 0, 0]
					}
				},
				"toe3_left1": {
					"rotation": {
						"0.0": [-20, -15, 0],
						"0.25": [-30, -15, 0],
						"0.5": [-34.8, -15, 0],
						"0.75": [-37.5, -15, 0],
						"0.9167": [-37.5, -15, 0],
						"1.0": [-20, -15, 0]
					}
				},
				"toe3_left2": {
					"rotation": {
						"0.0": [30, 0, 0],
						"0.625": [30, 0, 0],
						"0.9167": [75, 0, 0],
						"1.0": [30, 0, 0]
					}
				},
				"leg_right": {
					"rotation": {
						"0.0": [13, 12, 0],
						"0.125": [8.36, 12, 0],
						"0.25": [-4.5, 12, 0],
						"0.375": [-31.5, 12, 0],
						"0.5": [-39.5, 12, 0],
						"0.625": [-31.5, 12, 0],
						"0.7083": [-9.5, 12, 0],
						"0.875": [8.36, 12, 0],
						"1.0": [13, 12, 0]
					}
				},
				"leg2_right": {
					"rotation": {
						"0.0": [20, 0, 0],
						"0.25": [72.5, 0, 0],
						"0.5": [25, 0, 0],
						"0.7083": [10, 0, 0],
						"1.0": [20, 0, 0]
					}
				},
				"foot_right": {
					"rotation": {
						"0.0": [-16, 0, 0],
						"0.125": [-28.5, 0, 0],
						"0.25": [-26, 0, 0],
						"0.5": [21.5, 0, 0],
						"0.7083": [4, 0, 0],
						"1.0": [-16, 0, 0]
					}
				},
				"toe1_right1": {
					"rotation": {
						"0.0": [-34.8, -15, 0],
						"0.25": [-37.5, -15, 0],
						"0.4167": [-37.5, -15, 0],
						"0.5": [-20, -15, 0],
						"0.75": [-30, -15, 0],
						"1.0": [-34.8, -15, 0]
					}
				},
				"toe1_right2": {
					"rotation": {
						"0.0": [30, 0, 0],
						"0.125": [30, 0, 0],
						"0.4167": [75, 0, 0],
						"0.5": [30, 0, 0],
						"1.0": [30, 0, 0]
					}
				},
				"toe2_right1": {
					"rotation": {
						"0.0": [-34.8, 0, 0],
						"0.25": [-37.5, 0, 0],
						"0.4167": [-37.5, 0, 0],
						"0.5": [-20, 0, 0],
						"0.75": [-30, 0, 0],
						"1.0": [-34.8, 0, 0]
					}
				},
				"toe2_right2": {
					"rotation": {
						"0.0": [30, 0, 0],
						"0.125": [30, 0, 0],
						"0.4167": [75, 0, 0],
						"0.5": [30, 0, 0],
						"1.0": [30, 0, 0]
					}
				},
				"toe3_right1": {
					"rotation": {
						"0.0": [-34.8, 15, 0],
						"0.25": [-37.5, 15, 0],
						"0.4167": [-37.5, 15, 0],
						"0.5": [-20, 15, 0],
						"0.75": [-30, 15, 0],
						"1.0": [-34.8, 15, 0]
					}
				},
				"toe3_right2": {
					"rotation": {
						"0.0": [30, 0, 0],
						"0.125": [30, 0, 0],
						"0.4167": [75, 0, 0],
						"0.5": [30, 0, 0],
						"1.0": [30, 0, 0]
					}
				},
				"torso1": {
					"rotation": ["10+Math.cos((query.anim_time) * 90 * 8 - 90) * 2", -10, "0+Math.cos((query.anim_time) * 90 * 4) * 4"],
					"position": [0, "0+Math.cos((query.anim_time) * 90 * 8) * 0.4", -0.75]
				},
				"torso2": {
					"rotation": ["0+Math.cos((query.anim_time) * 90 * 8 - 140) * 3", 0, "0+Math.cos((query.anim_time) * 90 * 4) * -4"]
				},
				"uppertorso": {
					"rotation": ["0+Math.cos((query.anim_time) * 90 * 8 - 140) * -4", 12.5, 0]
				},
				"arm_left": {
					"rotation": [0, "-17.5+Math.cos((query.anim_time) * 90 * 4) * -8", "25+Math.cos((query.anim_time) * 90 * 8 - 120) * -2"]
				},
				"arm2_left": {
					"rotation": [-17.5, "57.5+Math.cos((query.anim_time) * 90 * 4 - 60) * -8", -20]
				},
				"hand_left": {
					"rotation": [30, 0, 0]
				},
				"finger_sword": {
					"rotation": [0, -35, 0]
				},
				"finger1_left1": {
					"rotation": [0, 12.5, 12.5]
				},
				"finger1_left2": {
					"rotation": [0, 0, 37.5]
				},
				"finger2_left1": {
					"rotation": [0, -12.5, 10]
				},
				"finger2_left2": {
					"rotation": [0, 0, 42.5]
				},
				"arm_right": {
					"rotation": [0, "5+Math.cos((query.anim_time) * 90 * 4) * -8", "-35+Math.cos((query.anim_time) * 90 * 8 - 120) * 2"]
				},
				"arm2_right": {
					"rotation": [-17.5, "-85+Math.cos((query.anim_time) * 90 * 4 - 60) * -8", 20]
				},
				"hand_right": {
					"rotation": [42.5, -17.5, -37.5]
				},
				"finger_sword2": {
					"rotation": [0, 62.5, 0]
				},
				"finger1_right1": {
					"rotation": [0, -12.5, -12.5]
				},
				"finger1_right2": {
					"rotation": [0, 0, -37.5]
				},
				"finger2_right1": {
					"rotation": [0, 12.5, -10]
				},
				"finger2_right2": {
					"rotation": [0, 0, -42.5]
				},
				"head": {
					"rotation": ["0+Math.cos((query.anim_time) * 90 * 8) * 2", 0, 0]
				}
			}
		},
		"animation.desmotel.battle_idle": {
			"loop": true,
			"bones": {
				"body": {
					"rotation": [0, 30, 0],
					"position": [0, "-1+Math.cos((query.anim_time) * 90 * 4 - 45) * 0.2", "0+Math.cos((query.anim_time) * 90 * 4 - 45) * -0.2"]
				},
				"leg_left": {
					"rotation": ["-17.5+Math.cos((query.anim_time) * 90 * 4 - 45) * 4", -57.5, -10]
				},
				"leg2_left": {
					"rotation": ["30+Math.cos((query.anim_time) * 90 * 4 - 45) * -4", 0, 0]
				},
				"toe1_left1": {
					"rotation": [-25, 10, 0]
				},
				"toe1_left2": {
					"rotation": [35, 0, 0]
				},
				"toe2_left1": {
					"rotation": [-25, 0, 0]
				},
				"toe2_left2": {
					"rotation": [35, 0, 0]
				},
				"toe3_left1": {
					"rotation": [-25, -12.5, 0]
				},
				"toe3_left2": {
					"rotation": [35, 0, 0]
				},
				"leg_right": {
					"rotation": ["-12.5+Math.cos((query.anim_time) * 90 * 4 - 45) * 4", 10, 15]
				},
				"leg2_right": {
					"rotation": ["52.5+Math.cos((query.anim_time) * 90 * 4 - 45) * -4", 0, 0]
				},
				"toe1_right1": {
					"rotation": [-25, -10, 0]
				},
				"toe1_right2": {
					"rotation": [15, 0, 0]
				},
				"toe2_right1": {
					"rotation": [-25, 0, 0]
				},
				"toe2_right2": {
					"rotation": [15, 0, 0]
				},
				"toe3_right1": {
					"rotation": [-25, 12.5, 0]
				},
				"toe3_right2": {
					"rotation": [15, 0, 0]
				},
				"arm_left": {
					"rotation": [32.5, 57.5, "32.5+Math.cos((query.anim_time) * 90 * 4 - 190) * -4"]
				},
				"arm2_left": {
					"rotation": [0, 67.5, 0]
				},
				"finger_sword": {
					"rotation": [0, -40, 0]
				},
				"finger1_left1": {
					"rotation": [0, 0, 37.5]
				},
				"finger1_left2": {
					"rotation": [0, 0, 67.5]
				},
				"finger1_left3": {
					"rotation": [0, 0, 37.5]
				},
				"finger2_left1": {
					"rotation": [0, 0, 37.5]
				},
				"finger2_left2": {
					"rotation": [0, 0, 67.5]
				},
				"finger2_left3": {
					"rotation": [0, 0, 37.5]
				},
				"arm_right": {
					"rotation": [10, 70, "-17.5+Math.cos((query.anim_time) * 90 * 4 - 190) * 3"]
				},
				"arm2_right": {
					"rotation": [0, -52.5, 0]
				},
				"finger_sword2": {
					"rotation": [0, 75, 0]
				},
				"finger1_right1": {
					"rotation": [0, 0, -37.5]
				},
				"finger1_right2": {
					"rotation": [0, 0, -67.5]
				},
				"finger1_right3": {
					"rotation": [0, 0, -37.5]
				},
				"finger2_right1": {
					"rotation": [0, 0, -37.5]
				},
				"finger2_right2": {
					"rotation": [0, 0, -67.5]
				},
				"finger2_right3": {
					"rotation": [0, 0, -37.5]
				},
				"foot_left": {
					"rotation": [7.5, 0, 0]
				},
				"foot_right": {
					"rotation": [-7.5, 0, -15]
				},
				"torso1": {
					"rotation": ["12.5+Math.cos((query.anim_time) * 90 * 4 - 90) * -1", -10, 0],
					"position": [0, "0+Math.cos((query.anim_time) * 90 * 4) * 0.4", 0]
				},
				"uppertorso": {
					"rotation": ["0+Math.cos((query.anim_time) * 90 * 4 - 150) * -2", -15, 0]
				},
				"head": {
					"rotation": ["-12.5+Math.cos((query.anim_time) * 90 * 4 - 100) * 2", 0, 2.5]
				},
				"tail": {
					"rotation": [-42.5, 0, 0]
				}
			}
		}
	}
}