{
	"format_version": "1.8.0",
	"animations": {
		"animation.drakoon.air_idle": {
		    "loop": true,
			"bones": {
				"body": {
					"position": [0, "0.5 + Math.cos((query.anim_time + 0.3) * 90) * 0.5", 0]
				},
				"leg_left": {
					"rotation": [0, 0, "Math.cos((query.anim_time + 0.3) * 90) * 10"]
				},
				"leg_left2": {
					"rotation": [0, 0, "Math.cos((query.anim_time + 0.3) * 90) * -10"]
				},
				"leg_left3": {
					"rotation": [0, 0, "Math.cos((query.anim_time + 0.8) * 90) * 5"]
				},
				"leg_right": {
					"rotation": [0, 0, "Math.cos((query.anim_time + 0.3) * 90) * -10"]
				},
				"leg_right2": {
					"rotation": [0, 0, "Math.cos((query.anim_time + 0.3) * 90) * 10"]
				},
				"leg_right3": {
					"rotation": [0, 0, "Math.cos((query.anim_time + 0.8) * 90) * -5"]
				}
			}
		}
	}
}