{
	"format_version": "1.8.0",
	"animations": {
		"animation.emposter.water_swim": {
			"loop": true,
			"bones": {
				"tail": {
					"rotation": [0, "Math.cos((query.anim_time - 0.1) * 90*8) * 10", 0]
				},
				"middle": {
					"rotation": [0, "Math.cos((query.anim_time) * 90*8) * 5", 0],
					"position": [0, 0, 0.5]
				}
			}
		},
		"animation.emposter.water_idle": {
			"loop": true,
			"bones": {
				"tail": {
					"rotation": [0, "Math.cos((query.anim_time - 0.1) * 90*2) * 10", 0]
				},
				"middle": {
					"rotation": [0, "Math.cos((query.anim_time) * 90*2) * 5", 0],
					"position": [0, 0, 0.5]
				}
			}
		}
	}
}