{
	"format_version": "1.8.0",
	"animations": {
		"animation.fanatee.ground_idle": {
			"loop": true,
			"bones": {
				"body": {
					"position": [0, -4, 0]
				},
				"torso": {
					"rotation": ["0+Math.cos((query.anim_time) * 90 * 1) * 2", -10, 0]
				},
				"upper_torso": {
					"rotation": ["0+Math.cos((query.anim_time) * 90 * 1) * -1", 12.5, 0],
					"position": [0, -1, 0]
				},
				"arm_left": {
					"rotation": [0, -15, "22.5+Math.cos((query.anim_time) * 90 * 1) * -2"]
				},
				"arm_left2": {
					"rotation": [0.01688, -22.53813, -22.50613]
				},
				"arm_right": {
					"rotation": [0, -2.5, "-22.5+Math.cos((query.anim_time) * 90 * 1) * 2"]
				},
				"arm_right2": {
					"rotation": [0.01688, 22.53813, 22.50613]
				},
				"head": {
					"rotation": ["0+Math.cos((query.anim_time) * 90 * 1) * -2", 0, 0],
					"position": [0, -1, 0]
				},
				"male_beard": {
					"rotation": [-90, 0, 0],
					"position": [0, "0+Math.cos((query.anim_time) * 90 * 1) * 0.1", 0]
				},
				"lower_torso": {
					"rotation": ["0+Math.cos((query.anim_time) * 90 * 1) * -3", -7.5, 0],
					"position": [0, -1, 0]
				},
				"tail1": {
					"rotation": ["-37.5+Math.cos((query.anim_time) * 90 * 1) * -1", -5, 0],
					"position": [0, -1, 0]
				},
				"tail2": {
					"rotation": ["30+Math.cos((query.anim_time) * 90 * 1) * 2", 0, 0]
				}
			}
		},
		"animation.fanatee.ground_walk": {
			"loop": true,
			"animation_length": 1,
			"bones": {
				"body": {
					"position": {
						"0.0": [0, -4, 0],
						"0.0833": {
							"pre": [0, -1.83, 0],
							"post": [0, -1.83, 0],
							"lerp_mode": "catmullrom"
						},
						"0.1667": {
							"post": [0, -1.125, 0],
							"lerp_mode": "catmullrom"
						},
						"0.25": {
							"post": [0, -1, 0],
							"lerp_mode": "catmullrom"
						},
						"0.3333": {
							"post": [0, -1.125, 0],
							"lerp_mode": "catmullrom"
						},
						"0.4167": {
							"post": [0, -1.83, 0],
							"lerp_mode": "catmullrom"
						},
						"0.5": {
							"post": [0, -3.75, 0],
							"lerp_mode": "catmullrom"
						},
						"0.5833": {
							"post": [0, -4.5, 0],
							"lerp_mode": "catmullrom"
						},
						"0.7083": {
							"post": [0, -3.75, 0],
							"lerp_mode": "catmullrom"
						},
						"0.8333": [0, -4, 0],
						"1.0": [0, -4, 0]
					}
				},
				"torso": {
					"rotation": {
						"0.0": [0, 0, 0],
						"0.0417": [7.5, 0, 0],
						"0.25": [-7.5, 0, 0],
						"0.5": {
							"pre": [-10, 0, 0],
							"post": [-10, 0, 0],
							"lerp_mode": "catmullrom"
						},
						"0.5833": {
							"post": [0, 0, 0],
							"lerp_mode": "catmullrom"
						},
						"0.7083": {
							"post": [2.5, 0, 0],
							"lerp_mode": "catmullrom"
						},
						"0.8333": {
							"post": [-1, 0, 0],
							"lerp_mode": "catmullrom"
						},
						"0.9583": [-0.425, 0, 0],
						"1.0": [0, 0, 0]
					},
					"position": {
						"0.0": [0, 0, 9],
						"0.2083": [0, 0, 3.25],
						"0.375": [0, 0, 0.64],
						"0.5": [0, 0, 0],
						"1.0": [0, 0, 9]
					}
				},
				"upper_torso": {
					"rotation": {
						"0.0": [0, 0, 0],
						"0.0417": [7.5, 0, 0],
						"0.2083": [-10.75, 0, 0],
						"0.4583": {
							"pre": [-10.75, 0, 0],
							"post": [-10.75, 0, 0],
							"lerp_mode": "catmullrom"
						},
						"0.6667": {
							"post": [0, 0, 0],
							"lerp_mode": "catmullrom"
						},
						"0.7917": [3.5, 0, 0],
						"1.0": [0, 0, 0]
					},
					"position": {
						"0.0": [0, 0, 0],
						"0.0833": {
							"pre": [0, -1, 1],
							"post": [0, -1, 1],
							"lerp_mode": "catmullrom"
						},
						"0.2917": {
							"post": [0, 0, 0],
							"lerp_mode": "catmullrom"
						},
						"0.5417": {
							"post": [0, 1, 0],
							"lerp_mode": "catmullrom"
						},
						"0.625": [0, 0, 0],
						"0.7083": [0, -0.5, 0],
						"0.8333": [0, 0.25, 0],
						"0.9167": [0, 0, 0],
						"1.0": [0, 0, 0]
					}
				},
				"arm_left": {
					"rotation": {
						"0.0": [0, 0, 25],
						"0.0417": [0, 0, 22.5],
						"0.125": [0, 0, 52.5],
						"0.25": [0, -35, 62.5],
						"0.375": {
							"pre": [0, -27.75, 0.68],
							"post": [0, -27.75, 0.68],
							"lerp_mode": "catmullrom"
						},
						"0.5417": {
							"post": [0, -6.75, -27.5],
							"lerp_mode": "catmullrom"
						},
						"0.6667": [0, 0, 17],
						"0.7917": [0, 0, 25]
					}
				},
				"arm_left2": {
					"rotation": {
						"0.0": [0, 0, -15],
						"0.0417": [0, 0, -22.5],
						"0.125": [0, 0, -35],
						"0.25": {
							"pre": [0, 0, -5],
							"post": [0, 0, -5],
							"lerp_mode": "catmullrom"
						},
						"0.4167": {
							"post": [0, 0, 24.72],
							"lerp_mode": "catmullrom"
						},
						"0.625": {
							"post": [0, 0, -45],
							"lerp_mode": "catmullrom"
						},
						"0.7917": {
							"post": [0, 0, -15],
							"lerp_mode": "catmullrom"
						},
						"0.875": {
							"post": [0, 0, -19.55],
							"lerp_mode": "catmullrom"
						},
						"0.9583": [0, 0, -15.67],
						"1.0": [0, 0, -15]
					}
				},
				"arm_right": {
					"rotation": {
						"0.0": [0, 0, -25],
						"0.0417": [0, 0, -22.5],
						"0.125": [0, 0, -52.5],
						"0.25": [0, 35, -62.5],
						"0.375": {
							"pre": [0, 27.75, -0.68],
							"post": [0, 27.75, -0.68],
							"lerp_mode": "catmullrom"
						},
						"0.5417": {
							"post": [0, 6.75, 27.5],
							"lerp_mode": "catmullrom"
						},
						"0.6667": [0, 0, -17],
						"0.7917": [0, 0, -25]
					}
				},
				"arm_right2": {
					"rotation": {
						"0.0": [0, 0, 15],
						"0.0417": [0, 0, 22.5],
						"0.125": [0, 0, 35],
						"0.25": {
							"pre": [0, 0, 5],
							"post": [0, 0, 5],
							"lerp_mode": "catmullrom"
						},
						"0.4167": {
							"post": [0, 0, -24.72],
							"lerp_mode": "catmullrom"
						},
						"0.625": {
							"post": [0, 0, 45],
							"lerp_mode": "catmullrom"
						},
						"0.7917": {
							"post": [0, 0, 15],
							"lerp_mode": "catmullrom"
						},
						"0.875": {
							"post": [0, 0, 19.55],
							"lerp_mode": "catmullrom"
						},
						"0.9583": [0, 0, 15.67],
						"1.0": [0, 0, 15]
					}
				},
				"head": {
					"rotation": {
						"0.0": [0, 0, 0],
						"0.0417": [-15, 0, 0],
						"0.0833": [2.5, 0, 0],
						"0.1667": {
							"pre": [11, 0, 0],
							"post": [11, 0, 0],
							"lerp_mode": "catmullrom"
						},
						"0.3333": {
							"post": [15, 0, 0],
							"lerp_mode": "catmullrom"
						},
						"0.5417": {
							"post": [10, 0, 0],
							"lerp_mode": "catmullrom"
						},
						"0.6667": {
							"post": [0, 0, 0],
							"lerp_mode": "catmullrom"
						},
						"0.75": {
							"post": [-5, 0, 0],
							"lerp_mode": "catmullrom"
						},
						"0.875": [2.5, 0, 0],
						"1.0": [0, 0, 0]
					},
					"position": {
						"0.0": [0, 0, 0],
						"0.125": [0, -1, 1],
						"0.2917": [0, 0, 0],
						"0.5417": [0, 1, 0],
						"0.6667": [0, 0, 0]
					}
				},
				"female_hair_right": {
					"rotation": {
						"0.0": [-17.5, 0, -11.25],
						"0.0833": {
							"pre": [-17.5, 0, -15.25],
							"post": [-17.5, 0, -15.25],
							"lerp_mode": "catmullrom"
						},
						"0.2083": {
							"post": [-17.5, 0, -52.5],
							"lerp_mode": "catmullrom"
						},
						"0.3333": {
							"post": [-17.85, 0, -27.58],
							"lerp_mode": "catmullrom"
						},
						"0.4583": {
							"post": [-18.12, 0, 8.56],
							"lerp_mode": "catmullrom"
						},
						"0.5417": {
							"post": [-17.5, 0, 20],
							"lerp_mode": "catmullrom"
						},
						"0.625": {
							"post": [-8.75, 0, 7.5],
							"lerp_mode": "catmullrom"
						},
						"0.75": {
							"post": [0, 0, -53.5],
							"lerp_mode": "catmullrom"
						},
						"0.875": {
							"post": [0, 0, -30],
							"lerp_mode": "catmullrom"
						},
						"1.0": [-17.5, 0, -11.25]
					}
				},
				"female_hair_left": {
					"rotation": {
						"0.0": [-17.5, 0, 0],
						"0.0833": {
							"pre": [-17.5, 0, 5.75],
							"post": [-17.5, 0, 5.75],
							"lerp_mode": "catmullrom"
						},
						"0.2083": {
							"post": [-17.5, 0, 52.5],
							"lerp_mode": "catmullrom"
						},
						"0.3333": {
							"post": [-17.85, 0, 27.58],
							"lerp_mode": "catmullrom"
						},
						"0.4583": {
							"post": [-18.12, 0, -8.56],
							"lerp_mode": "catmullrom"
						},
						"0.5417": {
							"post": [-17.5, 0, -20],
							"lerp_mode": "catmullrom"
						},
						"0.625": {
							"post": [-8.75, 0, -7.5],
							"lerp_mode": "catmullrom"
						},
						"0.75": {
							"post": [0, 0, 53.5],
							"lerp_mode": "catmullrom"
						},
						"0.875": {
							"post": [0, 0, 30],
							"lerp_mode": "catmullrom"
						},
						"1.0": [-17.5, 0, 0]
					}
				},
				"mouth": {
					"rotation": {
						"0.0": [0, 0, 0],
						"0.1667": [0, 0, 0],
						"0.3333": [28.5, 0, 0],
						"0.5417": [37.5, 0, 0],
						"0.6667": [0, 0, 0]
					}
				},
				"male_beard": {
					"rotation": {
						"0.0": [55, 0, 0],
						"0.1667": [62.22, 0, 0],
						"0.375": [23.75, 0, 0],
						"0.5833": [35, 0, 0],
						"0.9167": [55, 0, 0]
					}
				},
				"lower_torso": {
					"rotation": {
						"0.0": [0, 0, 0],
						"0.0417": [-10, 0, 0],
						"0.0833": {
							"pre": [-17.06, 0, 0.01],
							"post": [-17.06, 0, 0.01],
							"lerp_mode": "catmullrom"
						},
						"0.1667": {
							"post": [-8.92, -0.01, 0.02],
							"lerp_mode": "catmullrom"
						},
						"0.3333": {
							"post": [7.9735, -0.01993, 0.03529],
							"lerp_mode": "catmullrom"
						},
						"0.4583": {
							"post": [12.22, -0.02, 0.04],
							"lerp_mode": "catmullrom"
						},
						"0.5833": {
							"post": [-0.28, -0.02, 0.04],
							"lerp_mode": "catmullrom"
						},
						"0.7083": [-5.28, -0.02, 0.04],
						"1.0": [0, 0, 0]
					}
				},
				"tail2": {
					"rotation": {
						"0.0": [0, 0, 0],
						"0.125": [-17.5, 0, 0],
						"0.25": {
							"pre": [1.48, 0, 0],
							"post": [1.48, 0, 0],
							"lerp_mode": "catmullrom"
						},
						"0.3333": {
							"post": [9.25, 0, 0],
							"lerp_mode": "catmullrom"
						},
						"0.4583": {
							"post": [11.25, 0, 0],
							"lerp_mode": "catmullrom"
						},
						"0.5833": {
							"post": [6.75, 0, 0],
							"lerp_mode": "catmullrom"
						},
						"0.875": [-10, 0, 0],
						"1.0": [0, 0, 0]
					}
				}
			}
		},
		"animation.fanatee.sleep": {
			"loop": true,
			"bones": {
				"body": {
					"position": [0, -4, 0]
				},
				"torso": {
					"rotation": ["0+Math.cos((query.anim_time) * 90 * 1) * 2", -10, 0]
				},
				"upper_torso": {
					"rotation": ["0+Math.cos((query.anim_time) * 90 * 1) * -1", 12.5, 0],
					"position": [0, -1, 0]
				},
				"arm_left": {
					"rotation": [0, -15, "22.5+Math.cos((query.anim_time) * 90 * 1) * -2"]
				},
				"arm_left2": {
					"rotation": [0.01688, -22.53813, -22.50613]
				},
				"arm_right": {
					"rotation": [0, -2.5, "-22.5+Math.cos((query.anim_time) * 90 * 1) * 2"]
				},
				"arm_right2": {
					"rotation": [0.01688, 22.53813, 22.50613]
				},
				"head": {
					"rotation": ["0+Math.cos((query.anim_time) * 90 * 1) * -2", 0, 0],
					"position": [0, -1, 0]
				},
				"male_beard": {
					"rotation": [-90, 0, 0],
					"position": [0, "0+Math.cos((query.anim_time) * 90 * 1) * 0.1", 0]
				},
				"lower_torso": {
					"rotation": ["0+Math.cos((query.anim_time) * 90 * 1) * -3", -7.5, 0],
					"position": [0, -1, 0]
				},
				"tail1": {
					"rotation": ["-37.5+Math.cos((query.anim_time) * 90 * 1) * -1", -5, 0],
					"position": [0, -1, 0]
				},
				"tail2": {
					"rotation": ["30+Math.cos((query.anim_time) * 90 * 1) * 2", 0, 0]
				},
				"eyelid_right": {
					"position": [-0.25, 0, 0]
				},
				"eyelid_left": {
					"position": [0.25, 0, 0]
				}
			}
		},
		"animation.fanatee.water_idle": {
			"loop": true,
			"bones": {
				"body": {
					"position": [0, "-5+Math.cos((query.anim_time) * 90 * 1) * 0.8", 0]
				},
				"torso": {
					"rotation": ["-7.5+Math.cos((query.anim_time) * 90 * 1 -90) * -2", 0, 0],
					"position": [0, 0, 0]
				},
				"upper_torso": {
					"rotation": ["12.5+Math.cos((query.anim_time) * 90 * 1 - 150) * -2", 0, 0]
				},
				"arm_left": {
					"rotation": [0, 0, "30+Math.cos((query.anim_time) * 90 * 1 -90) * -10"]
				},
				"arm_left2": {
					"rotation": [0, -27.5, "0+Math.cos((query.anim_time) * 90 * 1 - 120) * -10"]
				},
				"arm_right": {
					"rotation": [0, 0, "-30+Math.cos((query.anim_time) * 90 * 1 -90) * 10"]
				},
				"arm_right2": {
					"rotation": [0, 27.5, "0+Math.cos((query.anim_time) * 90 * 1 - 120) * 10"]
				},
				"head": {
					"rotation": ["0+Math.cos((query.anim_time) * 90 * 1 - 90) * 4", 0, 0]
				},
				"female_hair_right": {
					"rotation": [0, 0, "0+Math.cos((query.anim_time) * 90 * 1 - 90) * -10"]
				},
				"female_hair_left": {
					"rotation": [0, 0, "0+Math.cos((query.anim_time) * 90 * 1 - 90) * 10"]
				},
				"male_beard": {
					"rotation": ["17.5+Math.cos((query.anim_time) * 90 * 1 - 150) * 4", 0, 0]
				},
				"lower_torso": {
					"rotation": ["-10+Math.cos((query.anim_time) * 90 * 1 - 150) * -2", 0, 0]
				},
				"tail1": {
					"rotation": ["-12.5+Math.cos((query.anim_time) * 90 * 1 - 200) * -5", 0, 0]
				},
				"tail2": {
					"rotation": ["10+Math.cos((query.anim_time) * 90 * 1 - 260) * -10", 0, 0]
				}
			}
		},
		"animation.fanatee.water_swim": {
			"loop": true,
			"bones": {
				"body": {
					"rotation": [0, 0, 0],
					"position": [0, -5, 0]
				},
				"torso": {
					"rotation": ["0+Math.cos((query.anim_time) * 90 * 2 - 90) * 6", 0, 0],
					"position": [0, "0+Math.cos((query.anim_time) * 90 * 2) * 1", "0+Math.cos((query.anim_time) * 90 * 2 - 90) * 1"]
				},
				"upper_torso": {
					"rotation": ["0+Math.cos((query.anim_time) * 90 * 2) * 4", 0, 0]
				},
				"arm_left": {
					"rotation": [0, -7.5, "25+Math.cos((query.anim_time) * 90 * 2 - 240) * 20"]
				},
				"arm_left2": {
					"rotation": [0, -10, "0+Math.cos((query.anim_time) * 90 * 2 - 300) * 20"]
				},
				"arm_right": {
					"rotation": [0, 7.5, "-25+Math.cos((query.anim_time) * 90 * 2 - 240) * -20"]
				},
				"arm_right2": {
					"rotation": [0, 10, "0+Math.cos((query.anim_time) * 90 * 2 - 300) * -20"]
				},
				"head": {
					"rotation": ["0+Math.cos((query.anim_time) * 90 * 2 + 90) * 4", 0, 0]
				},
				"female_hair_right": {
					"rotation": ["0+Math.cos((query.anim_time) * 90 * 2 - 90) * 6", 0, "0+Math.cos((query.anim_time) * 90 * 2) * -8"]
				},
				"female_hair_left": {
					"rotation": ["0+Math.cos((query.anim_time) * 90 * 2 - 90) * 6", 0, "0+Math.cos((query.anim_time) * 90 * 2) * 8"]
				},
				"male_beard": {
					"rotation": ["30+Math.cos((query.anim_time) * 90 * 2 - 90) * 6", 0, 0]
				},
				"lower_torso": {
					"rotation": ["0+Math.cos((query.anim_time) * 90 * 2 - 150) * 6", 0, 0]
				},
				"tail1": {
					"rotation": ["0+Math.cos((query.anim_time) * 90 * 2 - 240) * 6", 0, 0]
				},
				"tail2": {
					"rotation": ["0+Math.cos((query.anim_time) * 90 * 2 - 240) * 10", 0, 0]
				}
			}
		},
		"animation.fanatee.water_sleep": {
			"loop": true,
			"bones": {
				"body": {
					"position": [0, -4.2, 0]
				},
				"torso": {
					"rotation": ["-7.5+Math.cos((query.anim_time) * 90 * 1 - 90) * 3", 0, "0+Math.cos((query.anim_time) * 90 * 0.5) * 3"],
					"position": ["0+Math.cos((query.anim_time) * 90 * 0.5 - 90) * 0.5", "0+Math.cos((query.anim_time) * 90 * 1) * -0.5", 0]
				},
				"upper_torso": {
					"rotation": ["14.2321+Math.cos((query.anim_time) * 90 * 1 - 90) * 2", 0, 0]
				},
				"arm_left": {
					"rotation": [0, 30, 70]
				},
				"arm_left2": {
					"rotation": [0, -27.5, 5]
				},
				"arm_right": {
					"rotation": [0, -30, -70]
				},
				"arm_right2": {
					"rotation": [0, 27.5, -5]
				},
				"head": {
					"rotation": ["17.5+Math.cos((query.anim_time) * 90 * 1 - 180) * 2", 0, 0]
				},
				"female_hair_right": {
					"rotation": [0, 0, 0]
				},
				"female_hair_left": {
					"rotation": [0, 0, 0]
				},
				"male_beard": {
					"rotation": [-20.9641, 0, 0]
				},
				"lower_torso": {
					"rotation": ["-8.2679+Math.cos((query.anim_time) * 90 * 1 - 90) * 3", 0, 0]
				},
				"tail1": {
					"rotation": ["-15.3015+Math.cos((query.anim_time) * 90 * 1 - 150) * 3", 0, 0]
				},
				"tail2": {
					"rotation": ["-25.7635+Math.cos((query.anim_time) * 90 * 1 - 200) * 3", 0, 0]
				},
				"eyelid_right": {
					"position": [-0.25, 0, 0]
				},
				"eyelid_left": {
					"position": [0.25, 0, 0]
				}
			}
		},
		"animation.fanatee.blink": {
			"animation_length": 0.1667,
			"bones": {
				"eyelid_right": {
					"position": {
						"0.0": [-0.275, 0, 0],
						"0.1667": {"pre": [-0.275, 0, 0], "post": [0, 0, 0]}
					}
				},
				"eyelid_left": {
					"position": {
						"0.0": [0.275, 0, 0],
						"0.1667": {"pre": [0.275, 0, 0], "post": [0, 0, 0]}
					}
				}
			}
		}
	}
}