{
	"format_version": "1.8.0",
	"animations": {
		"animation.fenskito.ground_walk": {
			"loop": true,
			"bones": {
				"body": {
					"rotation": [0, -50, 0]
				},
				"head": {
					"rotation": [-0.5, 52.5, 0]
				},
				"arm_right": {
					"rotation": [-10.26078, 11.00072, -43.49069]
				},
				"arm_right2": {
					"rotation": [0, -90, 0]
				},
				"arm_right3": {
					"rotation": [14.51082, -43.07952, 39.24643]
				},
				"arm_left": {
					"rotation": [175.5, 70, -180]
				},
				"arm_left2": {
					"rotation": [0, 82.5, 0]
				}
			}
		},
		"animation.fenskito.ground_idle": {
			"loop": true,
			"bones": {
				"body": {
					"rotation": [0, -32.5, 0]
				},
				"head": {
					"rotation": [0, 25, 0]
				},
				"arm_right": {
					"rotation": [15.24689, -56.1582, -18.16842]
				},
				"arm_right2": {
					"rotation": [0, 0, 17.5]
				},
				"arm_right3": {
					"rotation": [0, 0, 0]
				},
				"arm_left": {
					"rotation": [0, 62.5, 0]
				},
				"arm_left2": {
					"rotation": [0, 112.5, 0]
				}
			}
		}
	}
}