{
	"format_version": "1.8.0",
	"animations": {
		"animation.flapestry.ground_idle": {
			"loop": true,
			"bones": {
				"body": {
					"rotation": ["0+Math.cos((query.anim_time) * 90 * 1 - 90) * 1", 0, 0],
					"position": [0, "0+Math.cos((query.anim_time) * 90 * 1) * 0.6", 0]
				},
				"torso": {
					"rotation": ["7.5+Math.cos((query.anim_time) * 90 * 1 - 130) * 5", 0, 0]
				},
				"back": {
					"rotation": ["-2.5+Math.cos((query.anim_time) * 90 * 1 - 170) * 8", 0, 0]
				},
				"tassel_back_left": {
					"rotation": ["-12.5+Math.cos((query.anim_time) * 90 * 1 - 210) * 15", 27.5, 0]
				},
				"tassel_back_right": {
					"rotation": ["-12.5+Math.cos((query.anim_time) * 90 * 1 - 210) * 15", -27.5, 0]
				},
				"front": {
					"rotation": [0, 0, 0]
				},
				"moustache": {
					"rotation": ["0+Math.cos((query.anim_time) * 90 * 1 - 90) * -4", 0, 0]
				},
				"tassel_front_left": {
					"rotation": ["12.5+Math.cos((query.anim_time) * 90 * 1 - 60) * -4", -27.5, 0]
				},
				"tassel_front_right": {
					"rotation": ["12.5+Math.cos((query.anim_time) * 90 * 1 - 60) * -4", 27.5, 0]
				}
			}
		},
		"animation.flapestry.ground_walk": {
			"loop": true,
			"bones": {
				"body": {
					"position": [0, "0+Math.cos((query.anim_time) * 90 * 4) * 1", 0]
				},
				"torso": {
					"rotation": ["0+Math.cos((query.anim_time) * 90 * 4 - 130) * 8", 0, 0]
				},
				"back": {
					"rotation": ["0+Math.cos((query.anim_time) * 90 * 4 - 220) * 15", 0, 0]
				},
				"tassel_back_left": {
					"rotation": ["0+Math.cos((query.anim_time) * 90 * 4 - 310) * 30", 17.5, 0]
				},
				"tassel_back_right": {
					"rotation": ["0+Math.cos((query.anim_time) * 90 * 4 - 310) * 30", -17.5, 0]
				},
				"front": {
					"rotation": ["0+Math.cos((query.anim_time) * 90 * 4 - 50) * 8", 0, 0]
				},
				"moustache": {
					"rotation": ["0+Math.cos((query.anim_time) * 90 * 4 - 30) * -7", 0, 0]
				},
				"tassel_front_left": {
					"rotation": ["22.5+Math.cos((query.anim_time) * 90 * 4 - 50) * -14", -80, 0]
				},
				"tassel_front_right": {
					"rotation": ["22.5+Math.cos((query.anim_time) * 90 * 4 - 50) * -14", 80, 0]
				}
			}
		},
		"animation.flapestry.sleep": {
			"loop": true,
			"bones": {
				"tassel_back_left": {
					"rotation": [0, 35, 0]
				},
				"tassel_back_right": {
					"rotation": [0, -35, 0]
				},
				"moustache": {
					"rotation": [-47.5, 0, 0]
				},
				"tassel_front_left": {
					"rotation": [0, -40, 0]
				},
				"tassel_front_right": {
					"rotation": [0, 40, 0]
				},
				"eyeclosed_left": {
					"position": [0, 0, -0.125]
				},
				"eyeclosed_right": {
					"position": [0, 0, -0.125]
				},
				"body": {
					"position": [0, -7, 0]
				}
			}
		},
		"animation.flapestry.blink": {
			"animation_length": 0.16667,
			"bones": {
				"eyeclosed_left": {
					"position": {
						"0.0": [0, 0, -0.075],
						"0.125": [0, 0, -0.075],
						"0.1667": [0, 0, 0]
					}
				},
				"eyeclosed_right": {
					"position": {
						"0.0": [0, 0, -0.075],
						"0.125": [0, 0, -0.075],
						"0.1667": [0, 0, 0]
					}
				}
			}
		}
	}
}