{
	"format_version": "1.8.0",
	"animations": {
		"animation.fossie.ground_idle": {
			"loop": true,
			"bones": {
				"waist": {
					"rotation": ["2.5+Math.cos((query.anim_time+ 0.3) * 90*2) * -2", 0, 0]
				},
				"backleg_left": {
					"rotation": ["Math.cos((query.anim_time+ 0.5) * 90*2) * 2", 0, 0]
				},
				"backshin_left": {
					"rotation": ["Math.cos((query.anim_time+ 0.3) * 90*2) * 2", 0, 0]
				},
				"backleg_right": {
					"rotation": ["Math.cos((query.anim_time+ 0.5) * 90*2) * 2", 0, 0]
				},
				"backshin_right": {
					"rotation": ["Math.cos((query.anim_time+ 0.3) * 90*2) * 2", 0, 0]
				},
				"torso": {
					"rotation": ["Math.cos((query.anim_time+ 0.5) * 90*2) * 2", 0, 0]
				},
				"neck": {
					"rotation": ["Math.cos((query.anim_time+ 0.8) * 90*2) * 2", 0, 0]
				},
				"head": {
					"rotation": ["Math.cos((query.anim_time+ 0.1) * 90*2) * 4", 0, 0]
				},
				"frongleg_right": {
					"rotation": ["Math.cos((query.anim_time+ 0.5) * 90*2) * -2", 0, 0]
				},
				"frongshin_right": {
					"rotation": ["Math.cos((query.anim_time+ 0.3) * 90*2) * -2", 0, 0]
				},
				"frongleg_left": {
					"rotation": ["Math.cos((query.anim_time+ 0.5) * 90*2) * -2", 0, 0]
				},
				"frongshin_left": {
					"rotation": ["Math.cos((query.anim_time+ 0.3) * 90*2) * -2", 0, 0]
				}
			}
		},
		"animation.fossie.ground_walk": {
			"loop": true,
			"animation_length": 1,
			"bones": {
				"root": {
					"position": {
						"0.0": [0, 0, 0],
						"0.2917": [0, 1, -1],
						"0.5833": [0, 0, 0],
						"1.0": [0, 0, 1]
					}
				},
				"waist": {
					"rotation": {
						"0.0": [0, 0, 0],
						"0.125": [-10.45, 0, 0],
						"0.25": [-12.5, 0, 0],
						"0.375": [-10.45, 0, 0],
						"0.5": [0.25, 0, 0],
						"0.5833": [7.75, 0, 0],
						"0.625": [10.25, 0, 0],
						"0.7083": [7.75, 0, 0],
						"0.75": [0.25, 0, 0]
					},
					"position": {
						"0.0": [0, 0, 0],
						"0.0833": [0, 1, -0.5],
						"0.375": [0, 0.1, -0.55],
						"0.5833": [0, 0, 0],
						"0.875": [0, 0, -1]
					}
				},
				"backleg_left": {
					"rotation": {
						"0.0": [0, 0, 0],
						"0.0833": [34, 0, 0],
						"0.125": [40, 0, 0],
						"0.25": [47.5, 0, 0],
						"0.4167": [22.5, 0, 0],
						"0.625": [27.5, 0, 0],
						"1.0": [0, 0, 0]
					}
				},
				"backshin_left": {
					"rotation": {
						"0.0": [0, 0, 0],
						"0.0833": [-24, 0, 0],
						"0.125": [-27.5, 0, 0],
						"0.25": [-5, 0, 0],
						"0.4167": [-22.5, 0, 0],
						"0.625": [-10, 0, 0],
						"1.0": [0, 0, 0]
					}
				},
				"backfoot_left": {
					"rotation": {
						"0.0": [0, 0, 0],
						"0.0833": [28.5, 0, 0],
						"0.125": [35, 0, 0],
						"0.25": [15, 0, 0],
						"0.4167": [12.5, 0, 0],
						"0.625": [17.5, 0, 0],
						"1.0": [0, 0, 0]
					}
				},
				"backleg_right": {
					"rotation": {
						"0.0": [0, 0, 0],
						"0.0833": [34, 0, 0],
						"0.125": [40, 0, 0],
						"0.25": [47.5, 0, 0],
						"0.4167": [22.5, 0, 0],
						"0.625": [27.5, 0, 0],
						"1.0": [0, 0, 0]
					}
				},
				"backshin_right": {
					"rotation": {
						"0.0": [0, 0, 0],
						"0.0833": [-24, 0, 0],
						"0.125": [-27.5, 0, 0],
						"0.25": [-5, 0, 0],
						"0.4167": [-22.5, 0, 0],
						"0.625": [-10, 0, 0],
						"1.0": [0, 0, 0]
					}
				},
				"backfoot_right": {
					"rotation": {
						"0.0": [0, 0, 0],
						"0.0833": [28.5, 0, 0],
						"0.125": [35, 0, 0],
						"0.25": [15, 0, 0],
						"0.4167": [12.5, 0, 0],
						"0.625": [17.5, 0, 0],
						"1.0": [0, 0, 0]
					}
				},
				"torso": {
					"rotation": {
						"0.0": [0, 0, 0],
						"0.1667": [-17.5, 0, 0],
						"0.2917": [-20, 0, 0],
						"0.4583": [-17.5, 0, 0],
						"0.5833": [0, 0, 0],
						"0.875": [0, 0, 0]
					},
					"position": {
						"0.0": [0, 0, 0],
						"0.0833": [0, 0.75, -0.57],
						"0.2083": [0, 1, -1.64],
						"0.2917": [0, 1, -2.29],
						"0.375": [0, 1, -3.72],
						"0.5": [0, 0.58, -4.57],
						"0.5833": [0, 0, -5],
						"0.625": [0, 0, -4.58],
						"0.6667": [0, 0, -4.095],
						"0.8333": [0, 0, -1.97],
						"0.875": [0, 0, -1]
					}
				},
				"neck": {
					"rotation": {
						"0.0": [0, 0, 0],
						"0.2083": [-17.5, 0, 0],
						"0.3333": [-24.09, 0, 0],
						"0.4583": [-25, 0, 0],
						"0.5417": [-16.25, 0, 0],
						"0.625": [4, 0, 0],
						"0.75": [45, 0, 0],
						"0.8333": [47.5, 0, 0],
						"0.9167": [45, 0, 0],
						"1.0": [0, 0, 0]
					}
				},
				"head": {
					"rotation": {
						"0.0": [0, 0, 0],
						"0.0833": [-0.56, 0, 0],
						"0.2083": [7.5, 0, 0],
						"0.375": [-10, 0, 0],
						"0.5": [-1.09, 0, 0],
						"0.625": [18.75, 0, 0],
						"0.75": [-47.5, 0, 0],
						"0.875": [-47.5, 0, 0],
						"1.0": [0, 0, 0]
					}
				},
				"frongleg_right": {
					"rotation": {
						"0.0": [42.5, 0, 0],
						"0.0833": [68.75, 0, 0],
						"0.1667": [75, 0, 0],
						"0.2083": [68.75, 0, 0],
						"0.375": [21.25, 0, 0],
						"0.4583": [12.5, 0, 0],
						"0.5": [21.25, 0, 0],
						"0.5833": [42.5, 0, 0],
						"0.7083": [30, 0, 0],
						"0.9167": [30, 0, 0],
						"1.0": [42.5, 0, 0]
					}
				},
				"frongshin_right": {
					"rotation": {
						"0.0": [-27.5, 0, 0],
						"0.0833": [-1.25, 0, 0],
						"0.1667": [5, 0, 0],
						"0.4583": [-22.5, 0, 0],
						"0.5833": [-27.5, 0, 0],
						"0.7083": [-35, 0, 0],
						"0.9167": [-35, 0, 0],
						"1.0": [-27.5, 0, 0]
					}
				},
				"frongfoot_right": {
					"rotation": {
						"0.0": [-15, 0, 0],
						"0.0833": [1.25, 0, 0],
						"0.1667": [7.5, 0, 0],
						"0.4583": [-57.5, 0, 0],
						"0.5833": [-15, 0, 0],
						"0.7083": [20, 0, 0],
						"0.9167": [20, 0, 0],
						"1.0": [-15, 0, 0]
					}
				},
				"frongleg_left": {
					"rotation": {
						"0.0": [42.5, 0, 0],
						"0.0833": [68.75, 0, 0],
						"0.1667": [75, 0, 0],
						"0.2083": [68.75, 0, 0],
						"0.375": [21.25, 0, 0],
						"0.4583": [12.5, 0, 0],
						"0.5": [21.25, 0, 0],
						"0.5833": [42.5, 0, 0],
						"0.7083": [30, 0, 0],
						"0.9167": [30, 0, 0],
						"1.0": [42.5, 0, 0]
					}
				},
				"frongshin_left": {
					"rotation": {
						"0.0": [-27.5, 0, 0],
						"0.0833": [-1.25, 0, 0],
						"0.1667": [5, 0, 0],
						"0.4583": [-22.5, 0, 0],
						"0.5833": [-27.5, 0, 0],
						"0.7083": [-35, 0, 0],
						"0.9167": [-35, 0, 0],
						"1.0": [-27.5, 0, 0]
					}
				},
				"frongfoot_left": {
					"rotation": {
						"0.0": [-15, 0, 0],
						"0.0833": [1.25, 0, 0],
						"0.1667": [7.5, 0, 0],
						"0.4583": [-57.5, 0, 0],
						"0.5833": [-15, 0, 0],
						"0.7083": [20, 0, 0],
						"0.9167": [20, 0, 0],
						"1.0": [-15, 0, 0]
					}
				}
			}
		}
	}
}