{
	"format_version": "1.8.0",
	"animations": {
		"animation.fubber.water_idle": {
			"loop": true,
			"bones": {
				"tail": {
					"rotation": [2, "Math.cos((query.anim_time- 0.2) * 90*2) * -10", 0]
				},
				"body": {
					"rotation": [0, "Math.cos((query.anim_time + 0.2) * 90*1) * 8", "Math.cos((query.anim_time + 0.3) * 90*2) * 8"]
				},
				"fin_right": {
					"rotation": [0, 0, "Math.cos((query.anim_time) * 90*2) * 10"]
				},
				"fin_left": {
					"rotation": [0, 0, "Math.cos((query.anim_time) * 90*2) * 10"]
				}
			}
		},
		"animation.fubber.water_swim": {
			"loop": true,
			"bones": {
				"body": {
					"rotation": [0, "Math.cos((query.anim_time + 0.2) * 90*4) * 8", "Math.cos((query.anim_time + 0.2) * 90*4) * 8"]
				},
				"tail": {
					"rotation": [0, "Math.cos((query.anim_time) * 90*4) * 12", 0]
				},
				"fin_right": {
					"rotation": ["Math.cos((query.anim_time - 0.2) * 90*2) * 10", 0, "Math.cos((query.anim_time - 0.2) * 90*4) * 20"]
				},
				"fin_left": {
					"rotation": ["Math.cos((query.anim_time - 0.2) * 90*2) * 10", 0, "Math.cos((query.anim_time - 0.2) * 90*4) * 20"]
				}
			}
		}
	}
}