{
	"format_version": "1.8.0",
	"animations": {
		"animation.grugg.ground_idle": {
			"loop": true,
			"bones": {
				"body": {
					"position": [0, "-0.15+Math.cos((query.anim_time) * 90 * 2) * 0.1", "0+Math.cos((query.anim_time) * 90 * 2) * -0.2"]
				},
				"torso": {
					"rotation": ["5+Math.cos((query.anim_time) * 90 * 2 -90) * -2", 7.5, 0],
					"position": [0, "0+Math.cos((query.anim_time) * 90 * 2) * 0.3", 0]
				},
				"torso2": {
					"rotation": ["-12.5+Math.cos((query.anim_time) * 90 * 2 - 150) * -2", -2.5, 0]
				},
				"rightwing": {
					"scale": 0
				},
				"leftwing": {
					"scale": 0
				},
				"rightshell": {
					"rotation": [-0.49183, 9.8809, -20.2761]
				},
				"leftshell": {
					"rotation": [-0.49183, -9.8809, 20.2761]
				},
				"head": {
					"rotation": ["10+Math.cos((query.anim_time) * 90 * 2 -90) * 4", -5, 0]
				},
				"leftarm": {
					"rotation": [-12.5, 0, "55+Math.cos((query.anim_time) * 90 * 2 -90) * -3"],
					"position": [0.5, 0, 0]
				},
				"leftarm2": {
					"rotation": [0, 22.5, "35+Math.cos((query.anim_time) * 90 * 2 - 150) * -3"]
				},
				"rightarm": {
					"rotation": [-12.5, 15, "-47.5+Math.cos((query.anim_time) * 90 * 2 -90) * 3"],
					"position": [-0.5, 0, 0]
				},
				"rightarm2": {
					"rotation": [0, -22.5, "-35+Math.cos((query.anim_time) * 90 * 2 - 150) * 3"]
				},
				"tail": {
					"rotation": ["-25+Math.cos((query.anim_time) * 90 * 2) * 4", 0, 0]
				},
				"tail2": {
					"rotation": ["22.5+Math.cos((query.anim_time) * 90 * 2 - 60) * 6", 20, 0]
				},
				"tail3": {
					"rotation": ["27.5+Math.cos((query.anim_time) * 90 * 2 - 120) * 6", 17.5, 0]
				},
				"tail4": {
					"rotation": ["30+Math.cos((query.anim_time) * 90 * 2 - 180) * 6", 0, 0]
				},
				"leftleg": {
					"rotation": ["-7.5+Math.cos((query.anim_time) * 90 * 2) * 5", -52.5, -10],
					"position": ["0+Math.cos((query.anim_time) * 90 * 2) * 0.2", 0, 0]
				},
				"leftleg2": {
					"rotation": ["17.5+Math.cos((query.anim_time) * 90 * 2) * -5", 0, 7.5]
				},
				"rightleg": {
					"rotation": ["-7.5+Math.cos((query.anim_time) * 90 * 2) * 5", 52.5, 10],
					"position": ["0+Math.cos((query.anim_time) * 90 * 2) * -0.2", 0, 0]
				},
				"rightleg2": {
					"rotation": ["17.5+Math.cos((query.anim_time) * 90 * 2) * -5", 0, -7.5]
				}
			}
		},
		"animation.grugg.ground_walk": {
			"loop": true,
			"animation_length": 1,
			"bones": {
				"body": {
					"position": [0, -0.05, -0.2]
				},
				"torso": {
					"rotation": ["17.5+Math.cos((query.anim_time) * 90 * 4*2 - 90) * 3", "0+Math.cos((query.anim_time) * 90 * 4*1) * -8", 0],
					"position": [0, "0.8+Math.cos((query.anim_time) * 90 * 4*2) * 0.4", 0]
				},
				"torso2": {
					"rotation": ["-10.7679+Math.cos((query.anim_time) * 90 * 4*2 - 180) * 3", "Math.cos((query.anim_time) * 90 * 4*1) * 12", 0]
				},
				"rightwing": {
					"scale": 0
				},
				"leftwing": {
					"scale": 0
				},
				"rightshell": {
					"rotation": [-0.49183, 9.8809, -20.2761]
				},
				"leftshell": {
					"rotation": [-0.49183, -9.8809, 20.2761]
				},
				"head": {
					"rotation": [
						"10+Math.cos((query.anim_time) * 90 * 4*2 - 90) * -6",
						"Math.cos((query.anim_time) * 90 * 4*1 - 180) * 5",
						"0+Math.cos((query.anim_time) * 90 * 4*1 - 180) * 3"
					],
					"position": [0, 0, -1]
				},
				"leftarm": {
					"rotation": [-12.5, "0+Math.cos((query.anim_time) * 90 * 4*1) * -20", 20],
					"position": [0.5, "0+Math.cos((query.anim_time) * 90 * 4*2 - 90) * 0.2", 0]
				},
				"leftarm2": {
					"rotation": [0, "0+Math.cos((query.anim_time) * 90 * 4*1 - 90) * -10", 80]
				},
				"rightarm": {
					"rotation": [-12.5, "0+Math.cos((query.anim_time) * 90 * 4*1) * -20", -20],
					"position": [-0.5, "0+Math.cos((query.anim_time) * 90 * 4*2 - 90) * 0.2", 0]
				},
				"rightarm2": {
					"rotation": [0, "0+Math.cos((query.anim_time) * 90 * 4*1 - 90) * -10", -80]
				},
				"tail": {
					"rotation": ["-21+Math.cos((query.anim_time) * 90 * 4*2 - 150) * 6", "0+Math.cos((query.anim_time) * 90 * 4*1 - 90) * -6", 0]
				},
				"tail2": {
					"rotation": ["25.5+Math.cos((query.anim_time) * 90 * 4*2 - 210) * 6", "Math.cos((query.anim_time) * 90 * 4*1 - 150) * -20", 0]
				},
				"tail3": {
					"rotation": ["24.5+Math.cos((query.anim_time) * 90 * 4*2 - 270) * 10", "Math.cos((query.anim_time) * 90 * 4*1 - 210) * -20", 0]
				},
				"tail4": {
					"rotation": ["24+Math.cos((query.anim_time) * 90 * 4*2 - 320) * 12", 0, 0]
				},
				"leftleg": {
					"rotation": {
						"0.0": [-42.5, 0, 0],
						"0.0833": [-35.52, 0, 0],
						"0.4167": [27.33, 0, 0],
						"0.5": [35, 0, 0],
						"0.5833": [27.33, 0, 0],
						"0.9167": [-35.52, 0, 0],
						"1.0": [-42.5, 0, 0]
					},
					"position": {
						"0.0": [0.2, 0.5, 0],
						"0.125": [0, 0, 0],
						"0.375": [0, 0, 1],
						"0.625": [0, 1, 0.5],
						"1.0": [0.2, 0.5, 0]
					}
				},
				"leftleg2": {
					"rotation": {
						"0.0": [10, 0, 0],
						"0.2083": {
							"pre": [12.5, 0, 0],
							"post": [12.5, 0, 0],
							"lerp_mode": "catmullrom"
						},
						"0.375": {
							"post": [-12.5, 0, 0],
							"lerp_mode": "catmullrom"
						},
						"0.5833": {
							"post": [22.5, 0, 0],
							"lerp_mode": "catmullrom"
						},
						"0.7083": {
							"post": [60, 0, 0],
							"lerp_mode": "catmullrom"
						},
						"0.8333": {
							"post": [52.75, 0, 0],
							"lerp_mode": "catmullrom"
						},
						"1.0": [10, 0, 0]
					}
				},
				"rightleg": {
					"rotation": {
						"0.0": [35, 0, 0],
						"0.0833": [27.33, 0, 0],
						"0.4167": [-35.52, 0, 0],
						"0.5": [-42.5, 0, 0],
						"0.5833": [-35.52, 0, 0],
						"0.9167": [27.33, 0, 0],
						"1.0": [35, 0, 0]
					},
					"position": {
						"0.0": [0, 0.5, 0.75],
						"0.125": [0, 1, 0.5],
						"0.5": [-0.2, 0.5, 0],
						"0.625": [0, 0, 0],
						"0.875": [0, 0, 1],
						"1.0": [0, 0.5, 0.75]
					}
				},
				"rightleg2": {
					"rotation": {
						"0.0": [5.44, 0, 0],
						"0.0833": {
							"pre": [22.5, 0, 0],
							"post": [22.5, 0, 0],
							"lerp_mode": "catmullrom"
						},
						"0.2083": {
							"post": [60, 0, 0],
							"lerp_mode": "catmullrom"
						},
						"0.3333": {
							"post": [52.75, 0, 0],
							"lerp_mode": "catmullrom"
						},
						"0.5": {
							"post": [10, 0, 0],
							"lerp_mode": "catmullrom"
						},
						"0.7083": {
							"post": [12.5, 0, 0],
							"lerp_mode": "catmullrom"
						},
						"0.875": {
							"post": [-12.5, 0, 0],
							"lerp_mode": "catmullrom"
						},
						"1.0": [5.44, 0, 0]
					}
				}
			}
		},
		"animation.grugg.battle_idle": {
			"loop": true,
			"bones": {
				"torso": {
					"rotation": ["7.5+Math.cos((query.anim_time) * 90 * 4 -90) * -2", 0, 0],
					"position": [0, "0.75+Math.cos((query.anim_time) * 90 * 4) * 0.3", 0]
				},
				"rightwing": {
					"rotation": [0, 0, "0+Math.cos((query.anim_time) * 90 * 24) * -10"]
				},
				"leftwing": {
					"rotation": [0, 0, "0+Math.cos((query.anim_time) * 90 * 24) * 10"]
				},
				"rightshell": {
					"rotation": [0, 12.5, "15+Math.cos((query.anim_time) * 90 * 4 - 150) * -4"]
				},
				"leftshell": {
					"rotation": [0, -12.5, "-15+Math.cos((query.anim_time) * 90 * 4 - 150) * 4"]
				},
				"tail": {
					"rotation": ["-27.5+Math.cos((query.anim_time) * 90 * 4 -90) * -5", 0, 0]
				},
				"tail2": {
					"rotation": ["20+Math.cos((query.anim_time) * 90 * 4 - 20) * -5", 0, 0]
				},
				"tail3": {
					"rotation": ["22.5+Math.cos((query.anim_time) * 90 * 4 + 50) * -5", 0, 0]
				},
				"head": {
					"rotation": ["-2.5+Math.cos((query.anim_time) * 90 * 4 - 90) * 3", 0, 0],
					"position": [0, "0+Math.cos((query.anim_time) * 90 * 4 - 150) * 0.1", -1]
				},
				"leftarm": {
					"rotation": [-17.5, 0, "22.5+Math.cos((query.anim_time) * 90 * 4 - 120) * 4"]
				},
				"leftarm2": {
					"rotation": [0, 0, "72.5+Math.cos((query.anim_time) * 90 * 4 - 120) * -4"]
				},
				"rightarm": {
					"rotation": [-17.5, 0, "-22.5+Math.cos((query.anim_time) * 90 * 4 - 120) * -4"]
				},
				"rightarm2": {
					"rotation": [0, 0, "-72.5+Math.cos((query.anim_time) * 90 * 4 - 120) * 4"]
				},
				"leftleg": {
					"rotation": ["-45+Math.cos((query.anim_time) * 90 * 4) * 8", -37.5, 0],
					"position": ["0+Math.cos((query.anim_time) * 90 * 4) * 0.2", 0, 0]
				},
				"leftleg2": {
					"rotation": ["44.9891+Math.cos((query.anim_time) * 90 * 4) * -8", 0.21732, -0.08066]
				},
				"rightleg": {
					"rotation": ["-45+Math.cos((query.anim_time) * 90 * 4) * 8", 37.5, 0],
					"position": ["0+Math.cos((query.anim_time) * 90 * 4) * -0.2", 0, 0]
				},
				"rightleg2": {
					"rotation": ["44.9891+Math.cos((query.anim_time) * 90 * 4) * -8", -0.21732, 0.08066]
				},
				"body": {
					"position": [0, "-1.25+Math.cos((query.anim_time) * 90 * 4) * 0.4", "0+Math.cos((query.anim_time) * 90 * 4) * -0.3"]
				},
				"torso2": {
					"rotation": ["2.5+Math.cos((query.anim_time) * 90 * 4 - 150) * -2", 0, 0]
				},
				"tail4": {
					"rotation": ["25+Math.cos((query.anim_time) * 90 * 4 + 120) * -10", 0, -27.5]
				}
			}
		},
		"animation.grugg.physical": {
			"loop": true,
			"animation_length": 3,
			"bones": {
				"torso": {
					"rotation": {
						"0.0": [7.5, 0, 0],
						"0.0833": [8.71, 0, 0],
						"0.1667": [13.91, 0, 0],
						"0.3333": [18.31, 0, 0],
						"0.5417": {
							"pre": [20, 0, 0],
							"post": [20, 0, 0],
							"lerp_mode": "catmullrom"
						},
						"0.6667": {
							"post": [33.5, 0, 0],
							"lerp_mode": "catmullrom"
						},
						"0.9167": {
							"post": [-9.55, 0, 0],
							"lerp_mode": "catmullrom"
						},
						"1.125": [-18, 0, 0],
						"1.25": [-16.75, 0, 0],
						"1.375": {
							"pre": [25.75, 0, 0],
							"post": [25.75, 0, 0],
							"lerp_mode": "catmullrom"
						},
						"1.625": {
							"post": [37.25, 0, 0],
							"lerp_mode": "catmullrom"
						},
						"1.9167": [35.27, 0, 0],
						"2.0833": [27.76, 0, 0],
						"2.2917": [0, 0, 0],
						"2.625": [6.5, 0, 0],
						"2.75": [10.5, 0, 0],
						"2.9583": [7.5, 0, 0]
					},
					"position": {
						"0.0": [0, 1.05, 0],
						"0.625": [0, 1.05, 0],
						"0.7083": [0, -0.95, 0],
						"0.9167": [0, 1.05, 0],
						"1.125": [0, 1.05, 0],
						"1.25": [0, 2.05, 1],
						"1.375": [0, 1.05, 0],
						"2.5417": [0, 1.05, 0],
						"2.625": {
							"pre": [0, 0.8, 0],
							"post": [0, 0.8, 0],
							"lerp_mode": "catmullrom"
						},
						"2.7083": {
							"post": [0, -0.45, 0],
							"lerp_mode": "catmullrom"
						},
						"2.875": [0, 0.95, 0],
						"2.9583": [0, 1.05, 0]
					},
					"scale": {
						"1.1667": [1, 1, 1],
						"1.25": [0.9, 1.3, 0.9],
						"1.3333": [1, 1, 1]
					}
				},
				"rightwing": {
					"rotation": {
						"0.0": [0, 0, -10],
						"0.25": [0, 0, "-10+Math.cos((query.anim_time) * 90 * 48) * -5"],
						"0.7083": [0, 0, "-10+Math.cos((query.anim_time) * 90 * 48) * -20"],
						"0.75": [0, 0, 0],
						"0.7917": [0, 0, -20],
						"0.875": [0, 0, -1],
						"1.2083": [0, 0, "-10+Math.cos((query.anim_time) * 90 * 48) * -20"],
						"1.2917": [0, 0, "-10+Math.cos((query.anim_time) * 90 * 48) * -20"],
						"1.5": [0, 0, -32.5],
						"1.8333": [0, 0, -32.5],
						"2.0417": [0, 0, -7.5],
						"2.125": [0, 0, "-10+Math.cos((query.anim_time) * 90 * 48) * -20"],
						"2.5833": [0, 0, "-10+Math.cos((query.anim_time) * 90 * 48) * -20"],
						"2.7083": [0, 0, 0],
						"2.7917": [0, 0, -15.75],
						"2.9167": [0, 0, -10]
					}
				},
				"leftwing": {
					"rotation": {
						"0.0": [0, 0, 10],
						"0.25": [0, 0, "10+Math.cos((query.anim_time) * 90 * 48) * 5"],
						"0.7083": [0, 0, "10+Math.cos((query.anim_time) * 90 * 48) * 20"],
						"0.75": [0, 0, 0],
						"0.7917": [0, 0, 20],
						"0.875": [0, 0, 1],
						"1.2083": [0, 0, "10+Math.cos((query.anim_time) * 90 * 48) * 20"],
						"1.2917": [0, 0, "10+Math.cos((query.anim_time) * 90 * 48) * 20"],
						"1.5": [0, 0, 32.5],
						"1.8333": [0, 0, 32.5],
						"2.0417": [0, 0, 7.5],
						"2.125": [0, 0, "10+Math.cos((query.anim_time) * 90 * 48) * 20"],
						"2.5833": [0, 0, "10+Math.cos((query.anim_time) * 90 * 48) * 20"],
						"2.7083": [0, 0, 0],
						"2.7917": [0, 0, 15.75],
						"2.9167": [0, 0, 10]
					}
				},
				"rightshell": {
					"rotation": {
						"0.0": [0, 12.5, 18.4641],
						"0.4167": [0, 12.5, 25.96],
						"0.7083": [0, 12.5, 35.96],
						"0.8333": [0, 12.5, -1.54],
						"1.2083": [0, 12.5, -1.54],
						"1.375": [0, 12.5, 18.46],
						"1.7083": [0, 12.5, 8.46],
						"2.4167": [0, 12.5, 18.4641]
					}
				},
				"leftshell": {
					"rotation": {
						"0.0": [0, -12.5, -18.4641],
						"0.4167": [0, -12.5, -25.96],
						"0.7083": [0, -12.5, -35.96],
						"0.8333": [0, -12.5, 1.54],
						"1.2083": [0, -12.5, 1.54],
						"1.375": [0, -12.5, -18.46],
						"1.7083": [0, -12.5, -8.46],
						"2.4167": [0, -12.5, -18.4641]
					}
				},
				"tail": {
					"rotation": {
						"0.0": [-27.5, 0, 0],
						"0.25": [-15, 0, 0],
						"0.5833": [-10, 0, 0],
						"0.6667": [7.5, 0, 0],
						"0.75": [-45, 0, 0],
						"1.1667": [-27.5, 0, 0],
						"1.25": [0, 0, 0],
						"1.375": {
							"pre": [-21.16, 0, 0],
							"post": [-21.16, 0, 0],
							"lerp_mode": "catmullrom"
						},
						"1.4583": {
							"post": [-37.5, 0, 0],
							"lerp_mode": "catmullrom"
						},
						"1.5833": {
							"post": [-50.25, 0, 0],
							"lerp_mode": "catmullrom"
						},
						"1.7083": {
							"post": [-54.75, 0, 0],
							"lerp_mode": "catmullrom"
						},
						"1.875": {
							"post": [-57.5, 0, 0],
							"lerp_mode": "catmullrom"
						},
						"1.9167": {
							"post": [-53.26, 0, 0],
							"lerp_mode": "catmullrom"
						},
						"2.0": {
							"post": [-37.5, 0, 0],
							"lerp_mode": "catmullrom"
						},
						"2.2083": {
							"post": [-42.25, 0, 0],
							"lerp_mode": "catmullrom"
						},
						"2.4583": {
							"post": [-29.5, 0, 0],
							"lerp_mode": "catmullrom"
						},
						"2.6667": [-20, 0, 0],
						"2.875": [-27.5, 0, 0]
					}
				},
				"tail2": {
					"rotation": {
						"0.0": [15.30154, 0, 0],
						"0.1667": [2.8, 0, 0],
						"0.4583": [27.8, 0, 0],
						"0.6667": [45.3, 0, 0],
						"0.75": [73.3, 0, 0],
						"1.0": [25.3, 0, 0],
						"1.25": [45.3, 0, 0],
						"1.4583": [15.3, 0, 0],
						"1.5417": [19.51, 0, 0],
						"1.75": {
							"pre": [35.3, 0, 0],
							"post": [35.3, 0, 0],
							"lerp_mode": "catmullrom"
						},
						"2.0": {
							"post": [40.3, 0, 0],
							"lerp_mode": "catmullrom"
						},
						"2.0833": {
							"post": [-22.2, 0, 0],
							"lerp_mode": "catmullrom"
						},
						"2.3333": {
							"post": [30.3, 0, 0],
							"lerp_mode": "catmullrom"
						},
						"2.5417": [47.8, 0, 0],
						"2.7917": [15.30154, 0, 0]
					}
				},
				"tail3": {
					"rotation": {
						"0.0": [19.28606, 0, 0],
						"0.25": [-3.21, 0, 0],
						"0.625": [31.79, 0, 0],
						"0.7917": [44.29, 0, 0],
						"1.125": [-18.21, 0, 0],
						"1.25": [14.29, 0, 0],
						"1.4583": [22.04, 0, 0],
						"1.6667": [17.04, 0, 0],
						"1.9167": [-8.21, 0, 0],
						"2.0": [-14.46, 0, 0],
						"2.0833": [-65.71, 0, 0],
						"2.375": [1.79, 0, 0],
						"2.625": [19.29, 0, 0],
						"2.8333": [19.28606, 0, 0]
					}
				},
				"head": {
					"rotation": {
						"0.0": [-2.5, 0, 0],
						"0.25": [-15.33, 0, 0],
						"0.5417": [-20, 0, 0],
						"0.7083": [15, 0, 0],
						"0.875": [15.91, 0, 0],
						"1.1667": [72.5, 0, 0],
						"1.25": [47.5, 0, 0],
						"1.3333": [0, 0, 0],
						"1.4583": {
							"pre": [5, 0, 0],
							"post": [5, 0, 0],
							"lerp_mode": "catmullrom"
						},
						"1.625": {
							"post": [-8, 0, 0],
							"lerp_mode": "catmullrom"
						},
						"1.75": {
							"post": [-9.25, 0, 0],
							"lerp_mode": "catmullrom"
						},
						"2.0": [-5.25, 0, 0],
						"2.125": [27.25, 0, 0],
						"2.375": [7.25, 0, 0],
						"2.5417": [7.25, 0, 0],
						"2.6667": [-7.25, 0, 0],
						"2.9167": [-2.5, 0, 0]
					},
					"position": {
						"0.0": [0, -0.0866, -1],
						"0.9583": [0, -0.09, -1],
						"1.1667": [0, 0.91, -2],
						"1.375": [0, -0.0866, -1]
					}
				},
				"leftarm": {
					"rotation": {
						"0.0": [-17.5, 0, 20.5],
						"0.125": [-38.51, 30.44, 20.5],
						"0.25": [-55.02, 43.38, 20.5],
						"0.5417": [-62.5, 55, 20.5],
						"0.6667": [-105, 55, -2],
						"0.75": [-25, 55, 28],
						"1.0833": [-120, 65, 30.5],
						"1.2083": [-120, 65, 30.5],
						"1.2917": [2.37757, 33.62654, 79.91358],
						"1.375": [2.38, 76.96, 79.91],
						"1.4167": [2.38, 76.13, 79.91],
						"1.5": [2.38, 58.63, 79.91],
						"1.6667": [2.38, 52.13, 79.91],
						"1.7917": [-4.24, 53.8, 75.7],
						"1.875": [-8.66, 38.25, 56.65],
						"2.0417": [-17.5, 0, -17],
						"2.125": [-17.5, 0, 35.5],
						"2.5": [-17.5, 0, 0.5],
						"2.6667": [-17.5, 0, 0.5],
						"2.7917": [-17.5, 0, 24.5],
						"2.9167": [-17.5, 0, 20.5]
					},
					"position": {
						"1.0417": [0, 0, 0],
						"1.2083": [0, 0, -3],
						"1.375": [0, 0, 0]
					}
				},
				"leftarm2": {
					"rotation": {
						"0.0": [0, 0, 74.5],
						"0.25": [0, 0, 87.08],
						"0.5417": [0, 0, 92],
						"0.6667": [0, 0, 109.5],
						"0.8333": [0, 0, 29.5],
						"1.125": [17, 0, 37],
						"1.2083": [52.71, 22.14, 45.89],
						"1.25": [27.92202, 44.28986, 54.78257],
						"1.2917": [0.21, 22.14, 18.64],
						"1.3333": [0, 0, 37.5],
						"1.5": [0, 0, 32.5],
						"1.625": {
							"pre": [0, 0, 26],
							"post": [0, 0, 26],
							"lerp_mode": "catmullrom"
						},
						"1.75": {
							"post": [0, 0, 26.5],
							"lerp_mode": "catmullrom"
						},
						"1.875": {
							"post": [0, 0, 37.36],
							"lerp_mode": "catmullrom"
						},
						"2.0417": [0, 0, 74.5],
						"2.125": [0, 0, 47],
						"2.5": [0, 0, 74.5]
					},
					"scale": {
						"1.2083": [1, 1, 1],
						"1.2917": [1, 1, 3],
						"1.3333": [1, 1, 1]
					}
				},
				"rightarm": {
					"rotation": {
						"0.0": [-17.5, 0, -20.5],
						"0.125": [-38.51, -30.44, -20.5],
						"0.25": [-55.02, -43.38, -20.5],
						"0.5417": [-62.5, -55, -20.5],
						"0.6667": [-105, -55, 2],
						"0.75": [-25, -55, -28],
						"1.0833": [-120, -65, -30.5],
						"1.2083": [-120, -65, -30.5],
						"1.2917": [2.37757, -33.62654, -79.91358],
						"1.375": [2.38, -76.96, -79.91],
						"1.4167": [2.38, -76.13, -79.91],
						"1.5": [2.38, -58.63, -79.91],
						"1.6667": [2.38, -52.13, -79.91],
						"1.7917": [-4.24, -53.8, -75.7],
						"1.875": [-8.66, -38.25, -56.65],
						"2.0417": [-17.5, 0, 17],
						"2.125": [-17.5, 0, -35.5],
						"2.5": [-17.5, 0, -0.5],
						"2.6667": [-17.5, 0, -0.5],
						"2.7917": [-17.5, 0, -24.5],
						"2.9167": [-17.5, 0, -20.5]
					},
					"position": {
						"1.0417": [0, 0, 0],
						"1.2083": [0, 0, -3],
						"1.375": [0, 0, 0]
					}
				},
				"rightarm2": {
					"rotation": {
						"0.0": [0, 0, -74.5],
						"0.25": [0, 0, -87.08],
						"0.5417": [0, 0, -92],
						"0.6667": [0, 0, -109.5],
						"0.8333": [0, 0, -29.5],
						"1.125": [17, 0, -37],
						"1.2083": [52.71, -22.14, -45.89],
						"1.25": [27.92202, -44.28986, -54.78257],
						"1.2917": [0.21, -22.14, -18.64],
						"1.3333": [0, 0, -37.5],
						"1.5": [0, 0, -32.5],
						"1.625": {
							"pre": [0, 0, -26],
							"post": [0, 0, -26],
							"lerp_mode": "catmullrom"
						},
						"1.75": {
							"post": [0, 0, -26.5],
							"lerp_mode": "catmullrom"
						},
						"1.875": {
							"post": [0, 0, -37.36],
							"lerp_mode": "catmullrom"
						},
						"2.0417": [0, 0, -74.5],
						"2.125": [0, 0, -47],
						"2.5": [0, 0, -74.5]
					},
					"scale": {
						"1.2083": [1, 1, 1],
						"1.2917": [1, 1, 3],
						"1.3333": [1, 1, 1]
					}
				},
				"leftleg": {
					"relative_to": {
						"rotation": "entity"
					},
					"rotation": {
						"0.0": [-37, -37.5, 0],
						"0.2083": [-60.18, -37.5, 0],
						"0.4583": [-77, -37.5, 0],
						"0.5417": [-77, -37.5, 0],
						"0.625": [-107, -37.5, 0],
						"0.6667": [-107, -37.5, 0],
						"0.7083": [-31.25, -30, -17.5],
						"0.7917": [-14, 10, -17.5],
						"1.1667": [30, 10, -17.5],
						"1.25": [25, 10, -17.5],
						"1.2917": [-92, -37.5, 0],
						"1.3333": [-137, -37.5, 0],
						"1.4167": [-117, -37.5, 0],
						"1.5": [-54.5, -37.5, 0],
						"1.5833": [-23.75, -37.5, 0],
						"1.625": [-9.5, -37.5, 0],
						"1.875": [-9.5, -37.5, 0],
						"2.0": [-59.5, -37.5, 0],
						"2.125": [-22, -37.5, 0],
						"2.5": [-59.5, -37.5, 0],
						"2.5833": [-102, -37.5, 0],
						"2.6667": [-37, -37.5, 0]
					},
					"position": {
						"0.0": [0.2, 0, 0],
						"0.625": [0.2, 0, 0],
						"0.7083": [0.2, -1, 0],
						"0.7917": [0.2, 0, 0],
						"1.5": [0.2, 0, 0],
						"1.5417": [0.2, 0.33, 0],
						"1.625": {
							"pre": [0.2, 0.5, 0],
							"post": [0.2, 0.5, 0],
							"lerp_mode": "catmullrom"
						},
						"1.7083": {
							"post": [0.2, 0.32, 0],
							"lerp_mode": "catmullrom"
						},
						"1.75": {
							"post": [0.2, 0, 0],
							"lerp_mode": "catmullrom"
						},
						"1.7917": {
							"post": [0.2, -0.25, 0],
							"lerp_mode": "catmullrom"
						},
						"1.875": [0.075, 0, 0],
						"1.9167": [-0.3, 0, 0.67],
						"2.0": [-1.3, 0, 2],
						"2.0833": [-1.68, -1.25, -0.33],
						"2.125": [0.2, 0, 0]
					},
					"scale": {
						"0.7083": [1, 1, 1],
						"0.7917": [0.9, 1.3, 0.9],
						"0.875": [1, 1, 1],
						"2.0417": [1, 1, 1],
						"2.125": [0.9, 1.4, 0.9],
						"2.2083": [1, 1, 1]
					}
				},
				"leftleg2": {
					"rotation": {
						"0.0": [36.9891, 0.21732, -0.08066],
						"0.2083": [60.17, 0.22, -0.08],
						"0.4583": [76.99, 0.22, -0.08],
						"0.5417": [76.99, 0.22, -0.08],
						"0.625": {
							"pre": [106.99, 0.22, -0.08],
							"post": [106.99, 0.22, -0.08],
							"lerp_mode": "catmullrom"
						},
						"0.6667": {
							"post": [106.99, 0.22, -0.08],
							"lerp_mode": "catmullrom"
						},
						"0.7083": {
							"post": [35.49, 0.22, -0.08],
							"lerp_mode": "catmullrom"
						},
						"0.875": {
							"post": [18.42, 0.22, -0.08],
							"lerp_mode": "catmullrom"
						},
						"1.125": [37.06, 0.22, -0.08],
						"1.2917": [99.49, 0.22, -0.08],
						"1.3333": [139.49, 0.22, -0.08],
						"1.4167": [121.99, 0.22, -0.08],
						"1.5": [56.99, 0.22, -0.08],
						"1.5833": [25.9891, 0.21732, -0.08066],
						"1.625": [14.49, 0.22, -0.08],
						"1.7083": [6.99, 0.22, -0.08],
						"1.875": [14.49, 0.22, -0.08],
						"2.0": [59.49, 0.22, -0.08],
						"2.0833": [2.82, 0.22, -0.08],
						"2.125": [4.49, 0.22, -0.08],
						"2.5": [59.4891, 0.21732, -0.08066],
						"2.5833": [104.49, 0.22, -0.08],
						"2.6667": [36.9891, 0.21732, -0.08066]
					}
				},
				"rightleg": {
					"rotation": {
						"0.0": [-37, 37.5, 0],
						"0.2083": [-60.18, 37.5, 0],
						"0.4583": [-77, 37.5, 0],
						"0.5417": [-77, 37.5, 0],
						"0.625": [-107, 37.5, 0],
						"0.6667": [-107, 37.5, 0],
						"0.7083": [-31.25, 30, 17.5],
						"0.7917": [-14, -10, 17.5],
						"1.1667": [30, -10, 17.5],
						"1.25": [25, -10, 17.5],
						"1.2917": [-92, 37.5, 0],
						"1.3333": [-137, 37.5, 0],
						"1.4167": [-117, 37.5, 0],
						"1.5": [-54.5, 37.5, 0],
						"1.5833": [-23.75, 37.5, 0],
						"1.625": [-9.5, 37.5, 0],
						"1.875": [-9.5, 37.5, 0],
						"2.0": [-59.5, 37.5, 0],
						"2.125": [-22, 37.5, 0],
						"2.5": [-59.5, 37.5, 0],
						"2.5833": [-102, 37.5, 0],
						"2.6667": [-37, 37.5, 0]
					},
					"position": {
						"0.0": [-0.2, 0, 0],
						"0.625": [-0.2, 0, 0],
						"0.7083": [-0.2, -1, 0],
						"0.7917": [-0.2, 0, 0],
						"1.5": [-0.2, 0, 0],
						"1.5417": [-0.2, 0.33, 0],
						"1.625": {
							"pre": [-0.2, 0.5, 0],
							"post": [-0.2, 0.5, 0],
							"lerp_mode": "catmullrom"
						},
						"1.7083": {
							"post": [-0.2, 0.32, 0],
							"lerp_mode": "catmullrom"
						},
						"1.75": {
							"post": [-0.2, 0, 0],
							"lerp_mode": "catmullrom"
						},
						"1.7917": {
							"post": [-0.2, -0.25, 0],
							"lerp_mode": "catmullrom"
						},
						"1.875": [-0.075, 0, 0],
						"1.9167": [0.3, 0, 0.67],
						"2.0": [1.3, 0, 2],
						"2.0833": [1.68, -1.25, -0.33],
						"2.125": [-0.2, 0, 0]
					},
					"scale": {
						"0.7083": [1, 1, 1],
						"0.7917": [0.9, 1.3, 0.9],
						"0.875": [1, 1, 1],
						"2.0417": [1, 1, 1],
						"2.125": [0.9, 1.4, 0.9],
						"2.2083": [1, 1, 1]
					}
				},
				"rightleg2": {
					"rotation": {
						"0.0": [36.9891, -0.21732, 0.08066],
						"0.2083": [60.17, -0.22, 0.08],
						"0.4583": [76.99, -0.22, 0.08],
						"0.5417": [76.99, -0.22, 0.08],
						"0.625": {
							"pre": [106.99, -0.22, 0.08],
							"post": [106.99, -0.22, 0.08],
							"lerp_mode": "catmullrom"
						},
						"0.6667": {
							"post": [106.99, -0.22, 0.08],
							"lerp_mode": "catmullrom"
						},
						"0.7083": {
							"post": [35.49, -0.22, 0.08],
							"lerp_mode": "catmullrom"
						},
						"0.875": {
							"post": [18.42, -0.22, 0.08],
							"lerp_mode": "catmullrom"
						},
						"1.125": [37.06, -0.22, 0.08],
						"1.2917": [99.49, -0.22, 0.08],
						"1.3333": [139.49, -0.22, 0.08],
						"1.4167": [121.99, -0.22, 0.08],
						"1.5": [56.99, -0.22, 0.08],
						"1.5833": [25.9891, -0.21732, 0.08066],
						"1.625": [14.49, -0.22, 0.08],
						"1.7083": [6.99, -0.22, 0.08],
						"1.875": [14.49, -0.22, 0.08],
						"2.0": [59.49, -0.22, 0.08],
						"2.0833": [2.82, -0.22, 0.08],
						"2.125": [4.49, -0.22, 0.08],
						"2.5": [59.4891, -0.21732, 0.08066],
						"2.5833": [104.49, -0.22, 0.08],
						"2.6667": [36.9891, -0.21732, 0.08066]
					}
				},
				"body": {
					"rotation": {
						"0.6667": [0, 0, 0],
						"0.7917": [14.75, 0, 0],
						"0.9167": {
							"pre": [15.47, 0, 0],
							"post": [15.47, 0, 0],
							"lerp_mode": "catmullrom"
						},
						"1.1667": {
							"post": [-12.5, 0, 0],
							"lerp_mode": "catmullrom"
						},
						"1.3333": [0, 0, 0],
						"1.4583": [0, 0, 0]
					},
					"position": {
						"0.0": [0, -0.85, -0.3],
						"0.125": [0, -1.75, 0.35],
						"0.25": [0, -2.5, 0.75],
						"0.375": [0, -2.925, 0.95],
						"0.4583": [0, -3.025, 1],
						"0.5417": [0, -3.025, 1],
						"0.6667": {
							"pre": [0, -5.03, 1],
							"post": [0, -5.03, 1],
							"lerp_mode": "catmullrom"
						},
						"0.75": {
							"post": [0, 8.32, -1.95],
							"lerp_mode": "catmullrom"
						},
						"0.8333": {
							"post": [0, 15.72, -6.25],
							"lerp_mode": "catmullrom"
						},
						"0.9583": {
							"post": [0, 18.47, -9.1],
							"lerp_mode": "catmullrom"
						},
						"1.0833": {
							"post": [0, 18.97, -11],
							"lerp_mode": "catmullrom"
						},
						"1.1667": [0, 16.625, -13],
						"1.2083": [0, 13.545, -14],
						"1.2917": {
							"pre": [0, -4.03, -17],
							"post": [0, -4.03, -17],
							"lerp_mode": "catmullrom"
						},
						"1.375": {
							"post": [0, -7.03, -17],
							"lerp_mode": "catmullrom"
						},
						"1.5": {
							"post": [0, -1.53, -17],
							"lerp_mode": "catmullrom"
						},
						"1.625": [0, 0.32, -17],
						"1.75": [0, -0.28, -17],
						"1.875": [0, -0.28, -17],
						"2.0": [0, -2.03, -17],
						"2.0417": [0, -1.53, -16.06],
						"2.1667": {
							"pre": [0, 8.97, -8.25],
							"post": [0, 8.97, -8.25],
							"lerp_mode": "catmullrom"
						},
						"2.3333": {
							"post": [0, 12.47, -3],
							"lerp_mode": "catmullrom"
						},
						"2.5417": [0, 8.72, -0.5],
						"2.625": [0, -0.85, -0.3]
					}
				},
				"torso2": {
					"rotation": {
						"0.0": [4.23205, 0, 0],
						"0.25": [8, 0, 0],
						"0.5": [10, 0, 0],
						"0.7083": [10, 0, 0],
						"0.8333": [0.75, 0, 0],
						"1.0417": [-26, 0, 0],
						"1.2083": [-40, 0, 0],
						"1.375": [0, 0, 0],
						"1.5": [5, 0, 0],
						"1.7917": [-2.5, 0, 0],
						"1.9167": [-2.5, 0, 0],
						"2.0417": [12.5, 0, 0],
						"2.4167": {
							"pre": [0, 0, 0],
							"post": [0, 0, 0],
							"lerp_mode": "catmullrom"
						},
						"2.5417": {
							"post": [-10, 0, 0],
							"lerp_mode": "catmullrom"
						},
						"2.7083": [6.5, 0, 0],
						"2.875": [4.23205, 0, 0]
					}
				},
				"tail4": {
					"rotation": [30, 0, -27.5]
				},
				"lefteyelid": {
					"position": {
						"0.0": [0, 0, 0],
						"1.25": {"pre": [0, 0, 0], "post": [0, 0, -0.25]},
						"1.5": {"pre": [0, 0, -0.25], "post": [0, 0, 0]},
						"2.0833": {"pre": [0, 0, 0], "post": [0, 0, -0.25]},
						"2.25": {"pre": [0, 0, -0.25], "post": [0, 0, 0]}
					}
				},
				"leftpupil": {
					"position": {
						"0.0": [0, 0, 0],
						"1.5": {"pre": [0, 0, 0], "post": [0, 0.25, 0]},
						"2.0833": {"pre": [0, 0.25, 0], "post": [0, 0, 0]}
					}
				},
				"righteyelid": {
					"position": {
						"0.0": [0, 0, 0],
						"1.25": {"pre": [0, 0, 0], "post": [0, 0, -0.25]},
						"1.5": {"pre": [0, 0, -0.25], "post": [0, 0, 0]},
						"2.0833": {"pre": [0, 0, 0], "post": [0, 0, -0.25]},
						"2.25": {"pre": [0, 0, -0.25], "post": [0, 0, 0]}
					}
				},
				"rightpupil": {
					"position": {
						"0.0": [0, 0, 0],
						"1.5": {"pre": [0, 0, 0], "post": [0, 0.25, 0]},
						"2.0833": {"pre": [0, 0.25, 0], "post": [0, 0, 0]}
					}
				},
				"jaw": {
					"rotation": {
						"0.0": [0, 0, 0],
						"0.8333": [0, 0, 0],
						"1.0": [17.5, 0, 0],
						"1.2917": [17.5, 0, 0],
						"1.375": [0, 0, 0]
					}
				}
			}
		},
		"animation.grugg.blink": {
			"animation_length": 0.2083,
			"bones": {
				"lefteyelid": {
					"position": {
						"0.0": [0, 0, -0.275],
						"0.2083": {
							"pre": [0, 0, -0.275],
							"post": [0, 0, 0]
						}
					}
				},
				"righteyelid": {
					"position": {
						"0.0": [0, 0, -0.275],
						"0.2083": {
							"pre": [0, 0, -0.275],
							"post": [0, 0, 0]
						}
					}
				}
			}
		}
	}
}