{
	"format_version": "1.8.0",
	"animations": {
		"animation.gubble.ground_idle": {
			"loop": true,
			"animation_length": 10,
			"bones": {
				"body": {
					"rotation": {
						"0.0": {
							"post": [0, 0, 0],
							"lerp_mode": "catmullrom"
						}
					},
					"position": {
						"0.0": {
							"post": [0, 0, 0],
							"lerp_mode": "catmullrom"
						}
					}
				},
				"head": {
					"rotation": [0, 0, 0],
					"position": [0, "-0.25+Math.cos((query.anim_time -0.3) * 90*2) * 0.3", 0]
				},
				"rightear": {
					"rotation": [0, 17.5, "Math.cos((query.anim_time -0.1) * 90*2) * -10"]
				},
				"leftear": {
					"rotation": [0, -17.5, "Math.cos((query.anim_time -0.1) * 90*2) * 10"]
				}
			}
		},
		"animation.gubble.ground_walk": {
			"loop": true,
			"bones": {
				"head": {
					"rotation": ["Math.cos((query.anim_time - 0.7) * 90*2) * -3", 0, 0],
					"position": [0, 0, "-0.3+Math.cos((query.anim_time -0.3) * 90*2) * -0.5"]
				},
				"rightear": {
					"rotation": [0, "25+Math.cos((query.anim_time - 0.5) * 90*2) * -10", 0]
				},
				"leftear": {
					"rotation": [0, "-25+Math.cos((query.anim_time - 0.5) * 90*2) * 10", 0]
				}
			}
		}
	}
}