{
	"format_version": "1.8.0",
	"animations": {
		"animation.gyweld.ground_idle": {
			"loop": true,
			"animation_length": 2.375,
			"bones": {
				"root": {
					"rotation": {
						"0.0": [0, 0, 0],
						"2.375": [0, 0, 0]
					},
					"position": {
						"0.0": {
							"post": [0, 0, 0],
							"lerp_mode": "catmullrom"
						},
						"0.75": {
							"post": [0, 0, -3],
							"lerp_mode": "catmullrom"
						},
						"1.75": {
							"post": [0, 0, 5],
							"lerp_mode": "catmullrom"
						},
						"2.375": [0, 0, 0]
					}
				},
				"body": {
					"rotation": {
						"0.0": [0, 0, 0],
						"2.375": [0, 0, 0]
					}
				},
				"top": {
					"rotation": {
						"0.0": {
							"post": [0, 0, 0],
							"lerp_mode": "catmullrom"
						},
						"0.5833": {
							"post": [-7.5, 0, 0],
							"lerp_mode": "catmullrom"
						},
						"1.7083": [12.11, 0, 0],
						"2.375": [0, 0, 0]
					}
				},
				"head": {
					"rotation": {
						"0.0": {
							"post": [0, 0, 0],
							"lerp_mode": "catmullrom"
						},
						"0.7917": {
							"post": [-10, 0, 0],
							"lerp_mode": "catmullrom"
						},
						"1.0833": {
							"post": [-24.25, 0, 0],
							"lerp_mode": "catmullrom"
						},
						"1.7083": {
							"post": [16.47, 0, 0],
							"lerp_mode": "catmullrom"
						},
						"2.375": [0, 0, 0]
					}
				},
				"roller": {
					"rotation": {
						"0.0": {
							"post": [0, 0, 0],
							"lerp_mode": "catmullrom"
						},
						"0.75": {
							"post": [22.5, 0, 0],
							"lerp_mode": "catmullrom"
						},
						"1.75": {
							"post": [-27.5, 0, 0],
							"lerp_mode": "catmullrom"
						},
						"2.375": [0, 0, 0]
					}
				},
				"gear": {
					"rotation": {
						"0.0": {
							"post": [0, 0, 0],
							"lerp_mode": "catmullrom"
						},
						"0.75": {
							"post": [-205, 0, 0],
							"lerp_mode": "catmullrom"
						},
						"1.7083": [72.67, 0, 0],
						"2.375": [0, 0, 0]
					}
				},
				"chassis": {
					"rotation": {
						"0.0": {
							"post": [0, 0, 0],
							"lerp_mode": "catmullrom"
						},
						"0.7917": {
							"post": [-25, 0, 0],
							"lerp_mode": "catmullrom"
						},
						"1.4167": {
							"post": [10, 0, 0],
							"lerp_mode": "catmullrom"
						},
						"2.375": [0, 0, 0]
					}
				},
				"eyelid_L": {
					"position": [0, 0, 0]
				}
			}
		},
		"animation.gyweld.ground_walk": {
			"loop": true,
			"animation_length": 1.5,
			"bones": {
				"body": {
					"rotation": {
						"0.0": {
							"post": [0, 0, 0],
							"lerp_mode": "catmullrom"
						}
					}
				},
				"top": {
					"rotation": {
						"0.0": {
							"post": [-7.5, 0, 0],
							"lerp_mode": "catmullrom"
						},
						"0.5": {
							"post": [-15, 0, 0],
							"lerp_mode": "catmullrom"
						},
						"0.9583": {
							"post": [-15.42, 0, 0],
							"lerp_mode": "catmullrom"
						},
						"1.5": [-7.5, 0, 0]
					}
				},
				"head": {
					"rotation": {
						"0.0": {
							"post": [-7.5, 0, 0],
							"lerp_mode": "catmullrom"
						},
						"0.625": {
							"post": [-20, 0, 0],
							"lerp_mode": "catmullrom"
						},
						"1.0833": {
							"post": [-17.5, 0, 0],
							"lerp_mode": "catmullrom"
						},
						"1.5": [-7.5, 0, 0]
					}
				},
				"roller": {
					"rotation": {
						"0.0": [0, 0, 0],
						"1.5": [360, 0, 0]
					}
				},
				"gear": {
					"rotation": {
						"0.0": {
							"post": [0, 0, 0],
							"lerp_mode": "catmullrom"
						},
						"1.5": {
							"post": [830, 0, 0],
							"lerp_mode": "catmullrom"
						}
					}
				},
				"chassis": {
					"rotation": {
						"0.0": {
							"post": [12.5, 0, 0],
							"lerp_mode": "catmullrom"
						},
						"0.5": {
							"post": [5, 0, 0],
							"lerp_mode": "catmullrom"
						},
						"1.0833": {
							"post": [10.13, 0, 0],
							"lerp_mode": "catmullrom"
						},
						"1.5": {
							"post": [12.5, 0, 0],
							"lerp_mode": "catmullrom"
						}
					},
					"position": {
						"0.0": [0, 0, 0],
						"0.0417": [0, 0, 0],
						"0.0833": [0, 0.5, 0],
						"0.125": [0, 0, 0],
						"0.1667": [0, 0.5, 0],
						"0.25": [0, 0, 0],
						"0.2917": [0, 0.5, 0],
						"0.3333": [0, 0, 0],
						"0.375": [0, 0.5, 0],
						"0.625": [0, 0, 0],
						"0.6667": [0, 0.5, 0],
						"0.7083": [0, 0, 0],
						"0.9583": [0, 0.5, 0],
						"1.0417": [0, 0, 0],
						"1.0833": [0, 0.5, 0],
						"1.125": [0, 0, 0],
						"1.1667": [0, 0.5, 0],
						"1.25": [0, 0, 0],
						"1.5": [0, 0, 0]
					}
				}
			}
		},
		"animation.gyweld.sleep": {
			"loop": true,
			"animation_length": 4,
			"bones": {
				"top": {
					"rotation": {
						"0.0": {
							"post": [14.33501, 4.46375, -16.93839],
							"lerp_mode": "catmullrom"
						},
						"1.2083": {
							"post": [32.71642, 4.46375, -16.93839],
							"lerp_mode": "catmullrom"
						},
						"2.4167": {
							"post": [-20.66499, 4.46375, -16.93839],
							"lerp_mode": "catmullrom"
						},
						"3.625": {
							"post": [14.06773, 4.46375, -16.93839],
							"lerp_mode": "catmullrom"
						},
						"4.0": {
							"post": [14.33501, 4.46375, -16.93839],
							"lerp_mode": "catmullrom"
						}
					}
				},
				"head": {
					"rotation": {
						"0.0": {
							"post": [20.94102, 8.42106, -20.94102],
							"lerp_mode": "catmullrom"
						},
						"1.3333": {
							"post": [15.66629, 8.42106, -20.94102],
							"lerp_mode": "catmullrom"
						},
						"2.5417": {
							"post": [-39.05898, 8.42106, -20.94102],
							"lerp_mode": "catmullrom"
						},
						"3.7083": {
							"post": [14.45185, 8.42106, -20.94102],
							"lerp_mode": "catmullrom"
						},
						"4.0": {
							"post": [20.94102, 8.42106, -20.94102],
							"lerp_mode": "catmullrom"
						}
					}
				},
				"chassis": {
					"rotation": {
						"0.0": {
							"post": [32.5, 0, 0],
							"lerp_mode": "catmullrom"
						},
						"2.0": {
							"post": [-22.5, 0, 0],
							"lerp_mode": "catmullrom"
						},
						"3.375": [23.18, 0, 0],
						"4.0": [32.5, 0, 0]
					}
				},
				"eye_L": {
					"position": [0, -7, 9]
				},
				"eye_R": {
					"position": [0, -9, 11]
				}
			}
		}
	}
}