{
	"format_version": "1.8.0",
	"animations": {
		"animation.hallucerebra.ground_idle": {
			"loop": true,
			"bones": {
				"torso": {
					"rotation": ["Math.cos((query.anim_time) * 90 * 1) * 1", 0, 0]
				},
				"spike_left_mid": {
					"rotation": ["Math.cos((query.anim_time+0.2) * 90 * 1) * -4", 0, 0]
				},
				"spike_right_mid": {
					"rotation": ["Math.cos((query.anim_time+0.2) * 90 * 1) * -4", 0, 0]
				},
				"arm_left_mid1": {
					"rotation": ["-14.3524+Math.cos((query.anim_time-0.3) * 90 * 1) * -2", 22.88416, -10.69726]
				},
				"arm_left_mid2": {
					"rotation": ["10+Math.cos((query.anim_time-0.3) * 90 * 1) * 2", 0, 0]
				},
				"arm_right_mid1": {
					"rotation": ["-14.3524+Math.cos((query.anim_time-0.3) * 90 * 1) * -2", -22.88416, 10.69726]
				},
				"arm_right_mid2": {
					"rotation": ["10+Math.cos((query.anim_time-0.3) * 90 * 1) * 2", 0, 0]
				},
				"uppertorso": {
					"rotation": ["5+Math.cos((query.anim_time-0.3) * 90 * 1) * 1", 0, 0]
				},
				"uppertorso2": {
					"rotation": [7.5, 0, 0]
				},
				"spike_left_front": {
					"rotation": ["Math.cos((query.anim_time-0.3) * 90 * 1) * -4", 0, 0]
				},
				"spike_right_front": {
					"rotation": ["Math.cos((query.anim_time-0.3) * 90 * 1) * -4", 0, 0]
				},
				"arm_left_front1": {
					"rotation": ["-25.5614+Math.cos((query.anim_time-0.3) * 90 * 1) * -8", 27.51235, -12.45891]
				},
				"arm_left_front2": {
					"rotation": ["20+Math.cos((query.anim_time-0.3) * 90 * 1) * 8", 0, 0]
				},
				"arm_right_front1": {
					"rotation": ["-25.5614+Math.cos((query.anim_time-0.3) * 90 * 1) * -8", -27.51235, 12.45891]
				},
				"arm_right_front2": {
					"rotation": ["20+Math.cos((query.anim_time-0.3) * 90 * 1) * 8", 0, 0]
				},
				"neck": {
					"rotation": ["-5+Math.cos((query.anim_time-0.0) * 90 * 1) * -2", 0, 0]
				},
				"arm_left": {
					"rotation": ["-24.5603+Math.cos((query.anim_time-0.5) * 90 * 1) * 8", 16.40194, -28.48238]
				},
				"arm_left2": {
					"rotation": ["-32.5+Math.cos((query.anim_time-0.7) * 90 * 1) * 8", 0, 0]
				},
				"arm_right": {
					"rotation": ["-35.5515+Math.cos((query.anim_time-0.5) * 90 * 1) * 8", -14.24794, 24.63997]
				},
				"arm_right2": {
					"rotation": ["-32.5+Math.cos((query.anim_time-0.7) * 90 * 1) * 8", 0, 0]
				},
				"head": {
					"rotation": ["-5+Math.cos((query.anim_time-0.7) * 90 * 1) * 2", 0, 0]
				},
				"lowertorso": {
					"rotation": [-7.67995, 12.39135, -1.6575]
				},
				"lowertorso2": {
					"rotation": [-7.56397, 7.43547, -0.98448]
				},
				"spike_left_back": {
					"rotation": ["Math.cos((query.anim_time+0.8) * 90 * 1) * -4", 0, 0]
				},
				"spike_right_back": {
					"rotation": ["Math.cos((query.anim_time+0.8) * 90 * 1) * -4", 0, 0]
				},
				"arm_left_back1": {
					"rotation": [-10.34527, 14.76689, -17.66399]
				},
				"arm_left_back2": {
					"rotation": [20, 0, 0]
				},
				"arm_right_back1": {
					"rotation": [-10.34527, -14.76689, 17.66399]
				},
				"arm_right_back2": {
					"rotation": [20, 0, 0]
				},
				"tail1": {
					"rotation": ["-2.5215+Math.cos((query.anim_time-0.3) * 90 * 1) * 2", 7.49282, -0.32902]
				},
				"tail2": {
					"rotation": ["-10+Math.cos((query.anim_time-0.5) * 90 * 1) * 2", 0, 0]
				},
				"tail3": {
					"rotation": ["-12.5972+Math.cos((query.anim_time-0.7) * 90 * 1) * 2", 7.34617, -1.51537]
				},
				"tail4": {
					"rotation": [-12.54624, 4.88119, -1.08482]
				},
				"tail5": {
					"rotation": [-7.5, 0, 0]
				}
			}
		},
		"animation.hallucerebra.ground_walk": {
			"loop": true,
			"animation_length": 2,
			"bones": {
				"torso": {
					"rotation": ["Math.cos((query.anim_time-0.2) * 90 * 4) * 1", 0, 0],
					"position": [0, "Math.cos((query.anim_time-0.1) * 90 * 4) * -0.3", 0]
				},
				"spike_left_mid": {
					"rotation": ["Math.cos((query.anim_time-0.8) * 90 * 4) * 4", 0, 0]
				},
				"spike_right_mid": {
					"rotation": ["Math.cos((query.anim_time-0.8) * 90 * 4) * 4", 0, 0]
				},
				"arm_left_mid1": {
					"rotation": {
						"0.0": [12.5, 0, -12],
						"0.2917": [8.04, 0, -12],
						"0.7083": [-9.04, 0, -12],
						"1.0": [-12.5, 0, -12],
						"1.2917": [-9.04, 0, -12],
						"1.7083": [8.46, 0, -12],
						"2.0": [12.5, 0, -12]
					}
				},
				"arm_left_mid2": {
					"rotation": {
						"0.0": [17.5, 0, 0],
						"0.375": [31, 0, 0],
						"0.5": [29.25, 0, 0],
						"0.8333": [0.75, 0, 0],
						"1.0": [-2, 0, 0],
						"1.5": [5, 0, 0],
						"2.0": [17.5, 0, 0]
					}
				},
				"arm_right_mid1": {
					"rotation": {
						"0.0": [-12.5, 0, 12],
						"0.2917": [-9.04, 0, 12],
						"0.7083": [8.46, 0, 12],
						"1.0": [12.5, 0, 12],
						"1.2917": [8.04, 0, 12],
						"1.7083": [-9.04, 0, 12],
						"2.0": [-12.5, 0, 12]
					}
				},
				"arm_right_mid2": {
					"rotation": {
						"0.0": [-2, 0, 0],
						"0.5": [5, 0, 0],
						"1.0": [17.5, 0, 0],
						"1.375": [31, 0, 0],
						"1.5": [29.25, 0, 0],
						"1.8333": [0.75, 0, 0],
						"2.0": [-2, 0, 0]
					}
				},
				"uppertorso2": {
					"rotation": ["Math.cos((query.anim_time-0.4) * 90 * 4) * 2", 0, 0],
					"position": [0, "Math.cos((query.anim_time-0.1) * 90 * 4) * -0.1", 0]
				},
				"spike_left_front": {
					"rotation": ["Math.cos((query.anim_time-0.6) * 90 * 4) * 2", 0, 0]
				},
				"spike_right_front": {
					"rotation": ["Math.cos((query.anim_time-0.6) * 90 * 4) * 2", 0, 0]
				},
				"arm_left_front1": {
					"rotation": {
						"0.0": [-12.5, 0, -12],
						"0.2917": [-9.04, 0, -12],
						"0.7083": [8.46, 0, -12],
						"1.0": [12.5, 0, -12],
						"1.2917": [8.04, 0, -12],
						"1.7083": [-9.04, 0, -12],
						"2.0": [-12.5, 0, -12]
					}
				},
				"arm_left_front2": {
					"rotation": {
						"0.0": [-2, 0, 0],
						"0.5": [5, 0, 0],
						"1.0": [17.5, 0, 0],
						"1.375": [31, 0, 0],
						"1.5": [29.25, 0, 0],
						"1.8333": [0.75, 0, 0],
						"2.0": [-2, 0, 0]
					}
				},
				"arm_right_front1": {
					"rotation": {
						"0.0": [12.5, 0, 12],
						"0.2917": [8.04, 0, 12],
						"0.7083": [-9.04, 0, 12],
						"1.0": [-12.5, 0, 12],
						"1.2917": [-9.04, 0, 12],
						"1.7083": [8.46, 0, 12],
						"2.0": [12.5, 0, 12]
					}
				},
				"arm_right_front2": {
					"rotation": {
						"0.0": [17.5, 0, 0],
						"0.375": [31, 0, 0],
						"0.5": [29.25, 0, 0],
						"0.8333": [0.75, 0, 0],
						"1.0": [-2, 0, 0],
						"1.5": [5, 0, 0],
						"2.0": [17.5, 0, 0]
					}
				},
				"neck": {
					"rotation": ["Math.cos((query.anim_time-0.4) * 90 * 4) * -5", 0, 0]
				},
				"arm_left": {
					"rotation": ["-31.2822+Math.cos((query.anim_time) * 90 * 4) * 4", -9.29798, -27.39149]
				},
				"arm_left2": {
					"rotation": ["-35+Math.cos((query.anim_time-0.3) * 90 * 4) * 4", 0, 0]
				},
				"arm_right": {
					"rotation": ["-31.2822+Math.cos((query.anim_time) * 90 * 4) * 4", 9.29798, 27.39149]
				},
				"arm_right2": {
					"rotation": ["-35+Math.cos((query.anim_time-0.3) * 90 * 4) * 4", 0, 0]
				},
				"head": {
					"rotation": ["Math.cos((query.anim_time-0.6) * 90 * 4) * 2", 0, 0]
				},
				"lowertorso": {
					"rotation": ["Math.cos((query.anim_time-0.1) * 90 * 4) * -1", 0, 0]
				},
				"spike_left_back": {
					"rotation": ["Math.cos((query.anim_time-1) * 90 * 4) * 4", 0, 0]
				},
				"spike_right_back": {
					"rotation": ["Math.cos((query.anim_time-1) * 90 * 4) * 4", 0, 0]
				},
				"arm_left_back1": {
					"rotation": {
						"0.0": [-12.5, 0, -12],
						"0.2917": [-9.04, 0, -12],
						"0.7083": [8.46, 0, -12],
						"1.0": [12.5, 0, -12],
						"1.2917": [8.04, 0, -12],
						"1.7083": [-9.04, 0, -12],
						"2.0": [-12.5, 0, -12]
					}
				},
				"arm_left_back2": {
					"rotation": {
						"0.0": [-2, 0, 0],
						"0.5": [5, 0, 0],
						"1.0": [17.5, 0, 0],
						"1.375": [31, 0, 0],
						"1.5": [29.25, 0, 0],
						"1.8333": [0.75, 0, 0],
						"2.0": [-2, 0, 0]
					}
				},
				"arm_right_back1": {
					"rotation": {
						"0.0": [12.5, 0, 12],
						"0.2917": [8.04, 0, 12],
						"0.7083": [-9.04, 0, 12],
						"1.0": [-12.5, 0, 12],
						"1.2917": [-9.04, 0, 12],
						"1.7083": [8.46, 0, 12],
						"2.0": [12.5, 0, 12]
					}
				},
				"arm_right_back2": {
					"rotation": {
						"0.0": [17.5, 0, 0],
						"0.375": [31, 0, 0],
						"0.5": [29.25, 0, 0],
						"0.8333": [0.75, 0, 0],
						"1.0": [-2, 0, 0],
						"1.5": [5, 0, 0],
						"2.0": [17.5, 0, 0]
					}
				},
				"tail1": {
					"rotation": ["-17.5+Math.cos((query.anim_time-0.3) * 90 * 4) * -2", 0, 0]
				},
				"tail2": {
					"rotation": [-10, 0, 0]
				},
				"tail3": {
					"rotation": ["-17.5+Math.cos((query.anim_time-0.5) * 90 * 4) * -2", 0, 0]
				},
				"tail4": {
					"rotation": [-10, 0, 0]
				},
				"tail5": {
					"rotation": [-12.5, 0, 0]
				}
			}
		},
		"animation.hallucerebra.faint": {
			"loop": true,
			"animation_length": 3,
			"bones": {
				"body": {
					"position": {
						"0.0": [0, 0, 0],
						"1.25": [0, 0, 0],
						"1.5": [0, -0.81, 0],
						"1.75": [0, -2.63, 0],
						"2.0": [0, -11, 0]
					}
				},
				"torso": {
					"rotation": {
						"0.0": [0, 0, 0],
						"0.25": [4.75, 0, 0],
						"0.5": [7.5, 0, 0],
						"0.6667": [3.89, 0, 0],
						"1.0417": [-38.43, 0, 0],
						"1.25": [-42.5, 0, 0],
						"1.4583": [-40.69, 0, 0],
						"1.6667": [-28.73, -2, 0],
						"1.8333": [-5.56, -5.75, 0],
						"1.9583": [9.75, -10.75, 0],
						"2.0417": [7.38, -14, 0],
						"2.125": [2.94, -17.25, 0],
						"2.375": [0.05321, -19.99999, -0.0182]
					},
					"position": {
						"0.0": [0, 0, 0],
						"2.0": [0, 0, 0]
					}
				},
				"spike_left_mid": {
					"rotation": {
						"1.625": [0, 0, 0],
						"1.7083": [-1.82, 0, 0],
						"2.0": [-23.93, 0, 0],
						"2.4167": [-35.44, 0, 0],
						"2.9167": [-37.5, 0, 0]
					}
				},
				"spike_right_mid": {
					"rotation": {
						"1.625": [0, 0, 0],
						"1.7083": [-1.82, 0, 0],
						"2.0": [-23.93, 0, 0],
						"2.4167": [-35.44, 0, 0],
						"2.9167": [-37.5, 0, 0]
					}
				},
				"arm_left_mid1": {
					"rotation": {
						"0.0": [0, 0, -10],
						"0.4583": [-10, 0, -10],
						"0.9583": [2.5, 0, -10],
						"1.375": [-17.5, 0, -10],
						"2.25": [-102.5, 0, -10]
					}
				},
				"arm_left_mid2": {
					"rotation": {
						"1.125": [0, 0, 0],
						"1.5417": [65, 0, 0],
						"1.9583": [160, 0, 0]
					}
				},
				"arm_right_mid1": {
					"rotation": {
						"0.0": [0, 0, 10],
						"0.4583": [-10, 0, 10],
						"0.9583": [2.5, 0, 10],
						"1.375": [-17.5, 0, 10],
						"2.25": [-102.5, 0, 10]
					}
				},
				"arm_right_mid2": {
					"rotation": {
						"1.125": [0, 0, 0],
						"1.5417": [65, 0, 0],
						"1.9583": [160, 0, 0]
					}
				},
				"uppertorso2": {
					"rotation": {
						"0.0": [0, 0, 0],
						"0.2917": [9.79, 0, 0],
						"0.5": [12.5, 0, 0],
						"0.7083": [9.32, 0, 0],
						"1.4167": [-12.5, 0, 0],
						"1.75": [-15, 0, 0],
						"1.875": [-12.5, 0, 0],
						"2.0": [-5, -1.5, 0],
						"2.1667": [-10, -9.25, 0],
						"2.2917": [-7.5, -18.5, 0],
						"2.4583": [7.5, -24.75, 0],
						"2.5833": [11.24314, -27.0478, -5.16524]
					}
				},
				"spike_left_front": {
					"rotation": {
						"1.625": [0, 0, 0],
						"1.7083": [-1.82, 0, 0],
						"2.0": [-23.93, 0, 0],
						"2.4167": [-35.44, 0, 0],
						"2.9167": [-37.5, 0, 0]
					}
				},
				"spike_right_front": {
					"rotation": {
						"1.625": [0, 0, 0],
						"1.7083": [-1.82, 0, 0],
						"2.0": [-23.93, 0, 0],
						"2.4167": [-35.44, 0, 0],
						"2.9167": [-37.5, 0, 0]
					}
				},
				"arm_left_front1": {
					"rotation": {
						"0.0": [0, 0, -10],
						"0.4583": [12.5, 0, -10],
						"1.2083": [-35, 0, -10],
						"1.7917": [-55, 0, -10],
						"1.9583": [-100, 0, -10],
						"2.4583": [-112.5, 0, -10]
					}
				},
				"arm_left_front2": {
					"rotation": {
						"0.0": [0, 0, 0],
						"0.4583": [20, 0, 0],
						"1.2083": [10, 0, 0],
						"1.7917": [2.5, 0, 0],
						"1.9583": [10, 0, 0],
						"2.125": [25, 0, 0],
						"2.4583": [12.5, 0, 0]
					}
				},
				"arm_right_front1": {
					"rotation": {
						"0.0": [0, 0, 10],
						"0.4583": [12.5, 0, 10],
						"1.2083": [-35, 0, 10],
						"1.7917": [-55, 0, 10],
						"1.9583": [-100, 0, 10],
						"2.4583": [-112.5, 0, 10]
					}
				},
				"arm_right_front2": {
					"rotation": {
						"0.0": [0, 0, 0],
						"0.4583": [20, 0, 0],
						"1.2083": [10, 0, 0],
						"1.7917": [2.5, 0, 0],
						"1.9583": [10, 0, 0],
						"2.125": [25, 0, 0],
						"2.4583": [12.5, 0, 0]
					}
				},
				"arm_left": {
					"rotation": {
						"0.0": [0, 0, -15],
						"0.4583": [37.5, 0, -15],
						"1.2083": [-72.5, 0, -15],
						"1.9167": [-82.5, 0, -15],
						"2.0833": [-65, 0, -15],
						"2.4583": [-95, 0, -15]
					}
				},
				"arm_left2": {
					"rotation": {
						"0.0": [0, 0, 0],
						"0.5833": [32.5, 0, 0],
						"1.2917": [-7.5, 0, 0],
						"2.125": [-12.5, 0, 0],
						"2.5": [7.5, 0, 0]
					}
				},
				"arm_right": {
					"rotation": {
						"0.0": [0, 0, 15],
						"0.4583": [37.5, 0, 15],
						"1.2083": [-72.5, 0, 15],
						"1.9167": [-82.5, 0, 15],
						"2.0833": [-65, 0, 15],
						"2.4583": [-95, 0, 15]
					}
				},
				"arm_right2": {
					"rotation": {
						"0.0": [0, 0, 0],
						"0.5833": [32.5, 0, 0],
						"1.2917": [-7.5, 0, 0],
						"2.125": [-12.5, 0, 0],
						"2.5": [7.5, 0, 0]
					}
				},
				"head": {
					"rotation": {
						"0.0": [0, 0, 0],
						"0.3333": [9.13813, -0.49682, 0.3163],
						"0.625": [12.4465, -0.93153, 0.59307],
						"0.7917": [8.55761, -0.93153, 0.59307],
						"1.375": [-27.5535, -0.93153, 0.59307],
						"1.9167": [-30.0535, -0.93153, 0.59307],
						"2.0417": [12.4465, -0.93153, 0.59307],
						"2.2917": [0.2465, -0.93153, 0.59307],
						"2.5": [-2.5535, -0.93153, 0.59307]
					}
				},
				"lowertorso2": {
					"rotation": {
						"0.0": [0, 0, 0],
						"0.625": [2.5, 0, 0],
						"1.4167": [-2.5, 0, 0]
					}
				},
				"spike_left_back": {
					"rotation": {
						"1.625": [0, 0, 0],
						"1.7083": [-1.82, 0, 0],
						"2.0": [-23.93, 0, 0],
						"2.4167": [-35.44, 0, 0],
						"2.9167": [-37.5, 0, 0]
					}
				},
				"spike_right_back": {
					"rotation": {
						"1.625": [0, 0, 0],
						"1.7083": [-1.82, 0, 0],
						"2.0": [-23.93, 0, 0],
						"2.4167": [-35.44, 0, 0],
						"2.9167": [-37.5, 0, 0]
					}
				},
				"arm_left_back1": {
					"rotation": {
						"0.0": [0, 0, -10],
						"1.375": [0, 0, -10],
						"1.6667": [-17.77, 0, -10],
						"1.9583": [-85, 0, -10]
					}
				},
				"arm_left_back2": {
					"rotation": {
						"0.0": [0, 0, 0],
						"1.375": [0, 0, 0],
						"1.6667": [32.86, 0, 0],
						"1.9583": [152.5, 0, 0],
						"2.0417": [166.5, 0, 0]
					}
				},
				"arm_right_back1": {
					"rotation": {
						"0.0": [0, 0, 10],
						"1.375": [0, 0, 10],
						"1.6667": [-17.77, 0, 10],
						"1.9583": [-85, 0, 10]
					}
				},
				"arm_right_back2": {
					"rotation": {
						"0.0": [0, 0, 0],
						"1.375": [0, 0, 0],
						"1.6667": [32.86, 0, 0],
						"1.9583": [152.5, 0, 0],
						"2.0417": [166.5, 0, 0]
					}
				},
				"tail1": {
					"rotation": {
						"0.0": [0, 0, 0],
						"0.3333": [-12.5, 0, 0],
						"0.6667": [-16.5, 0, 0],
						"0.7917": [-21.05, 0, 0],
						"1.0833": [-40, 0, 0],
						"1.5": [-42.5, 0, 0],
						"1.625": [-39.45, 0, 0],
						"1.7917": [-28.4, 3.125, 0],
						"1.9167": [-4, 8.25, 0],
						"2.0417": [-15, 20.225, 0],
						"2.1667": [-7.5, 28.525, 0],
						"2.2917": [-8.36, 33.4, 0],
						"2.4583": [-16.65959, 34.67454, -6.46365]
					}
				},
				"tail3": {
					"rotation": {
						"0.0": [0, 0, 0],
						"0.3333": [7.5, 0, 0],
						"0.9167": [12.5, 0, 0],
						"1.5417": [-15, 0, 0],
						"1.875": [5, 8, 0],
						"2.0417": [-10, 19, 0],
						"2.375": [-2.70569, 22.47741, -1.03509]
					}
				}
			}
		},
		"animation.hallucerebra.render": {
			"loop": true,
			"bones": {
				"arm_left_front1": {
					"rotation": [-27.5, 0, 0]
				},
				"arm_left_front2": {
					"rotation": [37.5, 0, 0]
				},
				"foot_left_front": {
					"rotation": [-17.5, 0, 0]
				},
				"arm_right_front1": {
					"rotation": [-27.5, 0, 0]
				},
				"arm_right_front2": {
					"rotation": [37.5, 0, 0]
				},
				"foot_right_front": {
					"rotation": [-17.5, 0, 0]
				},
				"arm_right_mid1": {
					"rotation": [-7.5, 0, 0]
				},
				"arm_right_mid2": {
					"rotation": [15, 0, 0]
				},
				"foot_right_mid3": {
					"rotation": [-17.5, 0, 0]
				},
				"arm_right_back1": {
					"rotation": [-12.5, 0, 0]
				},
				"arm_right_back2": {
					"rotation": [30, 0, 0]
				},
				"foot_right_back3": {
					"rotation": [-12.5, 0, 0]
				},
				"arm_left_back1": {
					"rotation": [-12.5, 0, 0]
				},
				"arm_left_back2": {
					"rotation": [30, 0, 0]
				},
				"foot_left_back3": {
					"rotation": [-12.5, 0, 0]
				},
				"arm_left_mid1": {
					"rotation": [-7.5, 0, 0]
				},
				"arm_left_mid2": {
					"rotation": [15, 0, 0]
				},
				"foot_left_mid3": {
					"rotation": [-17.5, 0, 0]
				},
				"head": {
					"rotation": [-22.99008, -11.53486, 4.8493]
				},
				"tail5": {
					"rotation": [-13.27463, 19.50645, -4.50432]
				},
				"tail4": {
					"rotation": [-10, 0, 0]
				},
				"tail3": {
					"rotation": [-10.03742, 4.92385, -0.87038]
				},
				"tail2": {
					"rotation": [-7.30073, 1.24714, -1.26462]
				},
				"tail1": {
					"rotation": [-17.75313, 9.53274, -3.03513]
				},
				"lowertorso2": {
					"rotation": [2.5, 0, 0]
				},
				"lowertorso": {
					"rotation": [-12.60443, 7.32123, -1.63219]
				},
				"neck": {
					"rotation": [20.44582, -11.73507, -4.3361]
				},
				"uppertorso": {
					"rotation": [10.15108, -9.84655, -1.75378]
				},
				"uppertorso2": {
					"rotation": [2.5, 0, 0]
				},
				"arm_right": {
					"rotation": [-57.14048, 17.34551, 2.35666]
				},
				"arm_left": {
					"rotation": [-22.5, 0, -20]
				},
				"arm_left2": {
					"rotation": [37.5, 0, 0]
				},
				"arm_right2": {
					"rotation": [20, 0, 0]
				}
			}
		}
	}
}