{
	"format_version": "1.8.0",
	"animations": {
		"animation.isuckle.ground_idle": {
			"loop": true,
			"bones": {
				"body": {
					"position": [0, -0.5, 0]
				},
				"torso": {
					"rotation": ["-7.5+Math.cos((query.anim_time) * 90 * 2 - 90) * 1", 0, 0],
					"position": [0, "0+Math.cos((query.anim_time) * 90 * 2) * 0.1", 0]
				},
				"upper_torso": {
					"rotation": ["5+Math.cos((query.anim_time) * 90 * 2 - 130) * 1", 0, 0]
				},
				"arm_left": {
					"rotation": [0, "27.5+Math.cos((query.anim_time) * 90 * 2 - 130) * 2", 55]
				},
				"arm_left2": {
					"rotation": [0, 47.5, 0]
				},
				"thumb_left": {
					"rotation": [0, 0, 12.5]
				},
				"hand_left": {
					"rotation": [0, 0, 12.5]
				},
				"arm_right": {
					"rotation": [0, "-30+Math.cos((query.anim_time) * 90 * 2 - 150) * -1", -60]
				},
				"arm_right2": {
					"rotation": [0, -27.5, 0]
				},
				"thumb_right": {
					"rotation": [0, 0, -87.5]
				},
				"hand_right": {
					"rotation": [0, 0, -55]
				},
				"head": {
					"rotation": ["0+Math.cos((query.anim_time) * 90 * 2 - 130) * -2", 0, -10]
				},
				"hair": {
					"rotation": ["-5+Math.cos((query.anim_time) * 90 * 2 - 130) * 3", 0, "0+Math.cos((query.anim_time) * 90 * 2 - 130) * -3"]
				},
				"tail": {
					"rotation": ["-22.5+Math.cos((query.anim_time) * 90 * 2 - 130) * 3", 0, 0]
				},
				"leg_left": {
					"rotation": [-10, -20, 0]
				},
				"leg_left2": {
					"rotation": [10, 0, 0]
				},
				"leg_right": {
					"rotation": [-10, 30, 5]
				},
				"leg_right2": {
					"rotation": [10, 0, 0]
				},
				"foot_right": {
					"rotation": [0, 0, -5]
				},
				"icicle": {
					"rotation": [17.5, 5, 30],
					"position": [0.2, -0.4, 0.35]
				}
			}
		},
		"animation.isuckle.ground_walk": {
			"loop": true,
			"animation_length": 1,
			"bones": {
				"torso": {
					"rotation": ["-7.5+Math.cos((query.anim_time) * 90 * 8 - 90) * 2", 0, "0+Math.cos((query.anim_time) * 90 * 4 - 40) * -5"],
					"position": [0, "0+Math.cos((query.anim_time) * 90 * 8 - 20) * -0.2", 0]
				},
				"upper_torso": {
					"rotation": ["5+Math.cos((query.anim_time) * 90 * 8 - 140) * 3", 0, 0]
				},
				"arm_left": {
					"rotation": [0, "0+Math.cos((query.anim_time) * 90 * 4) * -10", 47.5]
				},
				"arm_left2": {
					"rotation": [0, 22.5, 0]
				},
				"arm_right": {
					"rotation": [0, "0+Math.cos((query.anim_time) * 90 * 4) * -20", -27.5]
				},
				"arm_right2": {
					"rotation": [0, "-22.5+Math.cos((query.anim_time) * 90 * 4 - 60) * -10", 0]
				},
				"thumb_right": {
					"rotation": [0, 0, -5]
				},
				"hand_right": {
					"rotation": [0, 0, -15]
				},
				"head": {
					"rotation": ["2.5+Math.cos((query.anim_time) * 90 * 8 - 140) * -5", 0, "0+Math.cos((query.anim_time) * 90 * 4 - 140) * -5"]
				},
				"hair": {
					"rotation": ["0+Math.cos((query.anim_time) * 90 * 8 - 200) * 5", 0, "0+Math.cos((query.anim_time) * 90 * 4 - 200) * -5"]
				},
				"tail": {
					"rotation": ["-10+Math.cos((query.anim_time) * 90 * 8 - 140) * -5", 0, 0]
				},
				"leg_left": {
					"rotation": {
						"0.0": [-27.5, 0, 0],
						"0.125": [-21, 0, 0],
						"0.375": [9.11, 0, 0],
						"0.5": [20, 0, 0],
						"0.625": [10.38, 0, 0],
						"0.8333": [-21.75, 0, 0],
						"1.0": [-27.5, 0, 0]
					},
					"position": [0, "0+Math.cos((query.anim_time) * 90 * 4 - 20) * -0.2", 0]
				},
				"leg_left2": {
					"rotation": {
						"0.0": [15, 0, 0],
						"0.25": [2.5, 0, 0],
						"0.5": [12.5, 0, 0],
						"0.75": [27.5, 0, 0],
						"1.0": [15, 0, 0]
					}
				},
				"foot_left": {
					"rotation": {
						"0.0": [5, 0, 0],
						"0.25": [10, 0, 0],
						"0.5": [2.5, 0, 0],
						"0.75": [-12.5, 0, 0],
						"1.0": [5, 0, 0]
					}
				},
				"leg_right": {
					"rotation": {
						"0.0": [20, 0, 0],
						"0.125": [10.38, 0, 0],
						"0.3333": [-21.75, 0, 0],
						"0.5": [-27.5, 0, 0],
						"0.625": [-21, 0, 0],
						"0.875": [9.11, 0, 0],
						"1.0": [20, 0, 0]
					},
					"position": [0, "0+Math.cos((query.anim_time) * 90 * 4 - 70) * 0.2", 0]
				},
				"leg_right2": {
					"rotation": {
						"0.0": [12.5, 0, 0],
						"0.25": [27.5, 0, 0],
						"0.5": [15, 0, 0],
						"0.75": [2.5, 0, 0],
						"1.0": [12.5, 0, 0]
					}
				},
				"foot_right": {
					"rotation": {
						"0.0": [2.5, 0, 0],
						"0.25": [-12.5, 0, 0],
						"0.5": [5, 0, 0],
						"0.75": [10, 0, 0],
						"1.0": [2.5, 0, 0]
					}
				}
			}
		},
		"animation.isuckle.sleep": {
			"loop": true,
			"bones": {
				"body": {
					"rotation": [-90, 0, 0],
					"position": [0, -4, 0]
				},
				"torso": {
					"rotation": ["0+Math.cos((query.anim_time) * 90 * 1) * 1", 0, 0]
				},
				"arm_left": {
					"rotation": [0, 45, 67.5]
				},
				"arm_left2": {
					"rotation": [0, 42.5, 0]
				},
				"thumb_left": {
					"rotation": [20, -12.5, 42.5]
				},
				"hand_left": {
					"rotation": [17.5, 0, 0]
				},
				"arm_right": {
					"rotation": [77.5, 20, -12.5]
				},
				"arm_right2": {
					"rotation": [0, -17.5, 0]
				},
				"thumb_right": {
					"rotation": [0, -12.5, -17.5]
				},
				"hand_right": {
					"rotation": [0, 0, -17.5]
				},
				"head": {
					"rotation": ["20+Math.cos((query.anim_time) * 90 * 1) * -1", 0, 0],
					"position": [0, 0, -0.375]
				},
				"hair": {
					"rotation": ["-55+Math.cos((query.anim_time) * 90 * 1-90) * 2", 0, 0]
				},
				"leg_left": {
					"rotation": [12.5, 0, -27.5]
				},
				"leg_left2": {
					"rotation": [10, 0, 0]
				},
				"leg_right": {
					"rotation": [12.5, 0, 27.5]
				},
				"leg_right2": {
					"rotation": [10, 0, 0]
				},
				"icicle": {
					"rotation": [30, 27.5, 0]
				}
			}
		}
	}
}