{
	"format_version": "1.8.0",
	"animations": {
		"animation.jodoki.ground_idle": {
			"loop": true,
			"bones": {
				"body": {
					"rotation": ["0+Math.cos((query.anim_time) * 90 * 1 - 90) * -5", 0, 0],
					"position": [0, "14+Math.cos((query.anim_time) * 90 * 1) * 6", 0]
				},
				"drop": {
					"rotation": ["-10+Math.cos((query.anim_time) * 90 * 1 - 160) * -10", 0, 0]
				}
			}
		},
		"animation.jodoki.ground_walk": {
			"loop": true,
			"bones": {
				"body": {
					"rotation": ["17.5+Math.cos((query.anim_time) * 90 * 4 - 90) * -5", 0, "0+Math.cos((query.anim_time) * 90 * 2 - 90) * 6"],
					"position": [
						"0+Math.cos((query.anim_time) * 90 * 2 - 60) * -3",
						"14+Math.cos((query.anim_time) * 90 * 4) * -5",
						"0+Math.cos((query.anim_time) * 90 * 4 - 90) * -2"
					]
				},
				"drop": {
					"rotation": ["17.5+Math.cos((query.anim_time) * 90 * 4 - 120) * -12", 0, "0+Math.cos((query.anim_time) * 90 * 2 - 90) * 20"],
					"position": [0, -2, 0]
				}
			}
		},
		"animation.jodoki.battle_idle": {
			"loop": true,
			"bones": {
				"body": {
					"rotation": ["0+Math.cos((query.anim_time) * 90 * 2) * 6", 0, "0+Math.cos((query.anim_time) * 90 * 2 - 90) * 6"],
					"position": [
						"0+Math.cos((query.anim_time) * 90 * 2 + 45) * -2",
						"14+Math.cos((query.anim_time) * 90 * 1) * 9",
						"0+Math.cos((query.anim_time) * 90 * 2 - 45) * -2"
					]
				},
				"drop": {
					"rotation": ["-12.5+Math.cos((query.anim_time) * 90 * 2 - 45) * 12", 0, "0+Math.cos((query.anim_time) * 90 * 2 - 135) * 12"],
					"scale": [
						"1+Math.cos((query.anim_time) * 90 * 1) * -0.1",
						"1+Math.cos((query.anim_time) * 90 * 1) * 0.3",
						"1+Math.cos((query.anim_time) * 90 * 1) * -0.1"
					]
				}
			}
		},
		"animation.jodoki.blink": {
			"animation_length": 0.2083,
			"bones": {
				"eye": {
					"position": [0, 0, 0],
					"scale": {
						"0.0": [0, 0, 0],
						"0.2083": {"pre": [0, 0, 0], "post": [1, 1, 1]}
					}
				}
			}
		},
		"animation.jodoki.pose": {
			"loop": true,
			"bones": {
				"body": {
					"rotation": [0, -1.25, -7.5]
				},
				"drop": {
					"rotation": [0, 0, 8]
				}
			}
		},
		"animation.jodoki.scale_preview": {
			"loop": true,
			"bones": {
				"jodoki": {
					"scale": 0.3
				}
			}
		}
	}
}