{
	"format_version": "1.8.0",
	"animations": {
		"animation.kamerog.ground_idle": {
			"loop": true,
			"animation_length": 1.33333,
			"bones": {
				"body": {
					"position": {
						"0.0": {
							"post": [0, 0, 0],
							"lerp_mode": "catmullrom"
						},
						"0.2917": {
							"post": [0, -1.06, 0],
							"lerp_mode": "catmullrom"
						},
						"0.5417": {
							"post": [0, 0, 0],
							"lerp_mode": "catmullrom"
						},
						"0.8333": {
							"post": [0, 1, 0],
							"lerp_mode": "catmullrom"
						},
						"1.3333": {
							"post": [0, 0, 0],
							"lerp_mode": "catmullrom"
						}
					}
				},
				"head": {
					"rotation": {
						"0.0": {
							"post": [7.5, 0, 0],
							"lerp_mode": "catmullrom"
						},
						"0.2917": {
							"post": [2.5, 0, 0],
							"lerp_mode": "catmullrom"
						},
						"0.8333": {
							"post": [10.07, 0, 0],
							"lerp_mode": "catmullrom"
						},
						"1.3333": {
							"post": [7.5, 0, 0],
							"lerp_mode": "catmullrom"
						}
					}
				},
				"waist": {
					"rotation": {
						"0.0": {
							"post": [0, 0, 0],
							"lerp_mode": "catmullrom"
						},
						"0.8333": {
							"post": [-5, 0, 0],
							"lerp_mode": "catmullrom"
						},
						"1.3333": {
							"post": [0, 0, 0],
							"lerp_mode": "catmullrom"
						}
					}
				},
				"leftleg": {
					"rotation": {
						"0.0": {
							"post": [-5, 0, 0],
							"lerp_mode": "catmullrom"
						}
					}
				},
				"leftleg2": {
					"rotation": {
						"0.0": {
							"post": [2.5, 0, 0],
							"lerp_mode": "catmullrom"
						},
						"0.8333": {
							"post": [-15, 0, 0],
							"lerp_mode": "catmullrom"
						},
						"1.3333": {
							"post": [2.5, 0, 0],
							"lerp_mode": "catmullrom"
						}
					}
				},
				"rightleg": {
					"rotation": {
						"0.0": {
							"post": [-7.5, 0, 0],
							"lerp_mode": "catmullrom"
						}
					}
				},
				"rightleg2": {
					"rotation": {
						"0.0": {
							"post": [3.5, 0, 0],
							"lerp_mode": "catmullrom"
						},
						"0.8333": {
							"post": [-14, 0, 0],
							"lerp_mode": "catmullrom"
						},
						"1.3333": {
							"post": [3.5, 0, 0],
							"lerp_mode": "catmullrom"
						}
					}
				},
				"leftarm": {
					"rotation": {
						"0.0": {
							"post": [0, 0, 65],
							"lerp_mode": "catmullrom"
						}
					}
				},
				"leftarm2": {
					"rotation": {
						"0.0": {
							"post": [0, 0, 25],
							"lerp_mode": "catmullrom"
						}
					}
				},
				"rightarm": {
					"rotation": {
						"0.0": {
							"post": [-43.8547, -12.80911, -55.47499],
							"lerp_mode": "catmullrom"
						}
					}
				},
				"rightarm2": {
					"rotation": {
						"0.0": {
							"post": [0, -92.5, 0],
							"lerp_mode": "catmullrom"
						},
						"0.8333": {
							"post": [0, -96, 0],
							"lerp_mode": "catmullrom"
						},
						"1.3333": {
							"post": [0, -92.5, 0],
							"lerp_mode": "catmullrom"
						}
					}
				},
				"leftwing": {
					"rotation": {
						"0.0": {
							"post": [42.59907, -4.21541, -2.69136],
							"lerp_mode": "catmullrom"
						},
						"0.25": {
							"post": [42.95927, -7.88639, -6.10568],
							"lerp_mode": "catmullrom"
						},
						"0.4167": {
							"post": [44.36858, -15.12971, -13.14708],
							"lerp_mode": "catmullrom"
						},
						"0.5": {
							"post": [42.95927, -7.88639, -6.10568],
							"lerp_mode": "catmullrom"
						},
						"0.6667": {
							"post": [42.59907, -4.21541, -2.69136],
							"lerp_mode": "catmullrom"
						},
						"0.8333": {
							"post": [42.53648, 3.15793, 4.06889],
							"lerp_mode": "catmullrom"
						},
						"1.0": {
							"post": [43.06486, 8.66453, 9.19005],
							"lerp_mode": "catmullrom"
						},
						"1.1667": {
							"post": [42.53648, 3.15793, 4.06889],
							"lerp_mode": "catmullrom"
						},
						"1.3333": {
							"post": [42.59907, -4.21541, -2.69136],
							"lerp_mode": "catmullrom"
						}
					}
				},
				"rightwing": {
					"rotation": {
						"0.0": {
							"post": [42.59907, 4.21541, 2.69136],
							"lerp_mode": "catmullrom"
						},
						"0.25": {
							"post": [42.95927, 7.88639, 6.10568],
							"lerp_mode": "catmullrom"
						},
						"0.4167": {
							"post": [44.36858, 15.12971, 13.14708],
							"lerp_mode": "catmullrom"
						},
						"0.5": {
							"post": [42.95927, 7.88639, 6.10568],
							"lerp_mode": "catmullrom"
						},
						"0.6667": {
							"post": [42.59907, 4.21541, 2.69136],
							"lerp_mode": "catmullrom"
						},
						"0.8333": {
							"post": [42.53648, -3.15793, -4.06889],
							"lerp_mode": "catmullrom"
						},
						"1.0": {
							"post": [43.06486, -8.66453, -9.19005],
							"lerp_mode": "catmullrom"
						},
						"1.1667": {
							"post": [42.53648, -3.15793, -4.06889],
							"lerp_mode": "catmullrom"
						},
						"1.3333": {
							"post": [42.59907, 4.21541, 2.69136],
							"lerp_mode": "catmullrom"
						}
					}
				},
				"tail": {
					"rotation": {
						"0.0": {
							"post": [0, 0, -90],
							"lerp_mode": "catmullrom"
						}
					}
				},
				"tail2": {
					"rotation": {
						"0.0": {
							"post": [52.93855, 7.05302, 7.10708],
							"lerp_mode": "catmullrom"
						}
					}
				},
				"tail3": {
					"rotation": {
						"0.0": {
							"post": [100, -10, 0],
							"lerp_mode": "catmullrom"
						}
					}
				},
				"tail4": {
					"rotation": {
						"0.0": {
							"post": [23.91419, 17.53344, 9.70831],
							"lerp_mode": "catmullrom"
						},
						"0.8333": {
							"post": [23.91419, 17.53344, 9.70831],
							"lerp_mode": "catmullrom"
						}
					}
				},
				"tail5": {
					"rotation": {
						"0.0": {
							"post": [0, -87.5, 0],
							"lerp_mode": "catmullrom"
						},
						"0.2917": {
							"post": [0, -86.13, 0],
							"lerp_mode": "catmullrom"
						},
						"0.8333": {
							"post": [0, -92.5, 0],
							"lerp_mode": "catmullrom"
						},
						"1.3333": {
							"post": [0, -87.5, 0],
							"lerp_mode": "catmullrom"
						}
					}
				},
				"tail6": {
					"rotation": {
						"0.0": {
							"post": [0, -12.5, 0],
							"lerp_mode": "catmullrom"
						},
						"0.2917": {
							"post": [0, -7.5, 0],
							"lerp_mode": "catmullrom"
						},
						"0.8333": {
							"post": [0, -12.5, 0],
							"lerp_mode": "catmullrom"
						},
						"1.3333": {
							"post": [0, -12.5, 0],
							"lerp_mode": "catmullrom"
						}
					}
				},
				"tailtip": {
					"rotation": {
						"0.0": {
							"post": [-11.94137, 77.45468, -1.99838],
							"lerp_mode": "catmullrom"
						},
						"0.2917": {
							"post": [-10.62384, 74.65392, -0.6154],
							"lerp_mode": "catmullrom"
						},
						"0.8333": {
							"post": [-6.12603, 65.09273, 4.10579],
							"lerp_mode": "catmullrom"
						},
						"1.3333": {
							"post": [-11.94137, 77.45468, -1.99838],
							"lerp_mode": "catmullrom"
						}
					}
				},
				"leftwing2": {
					"rotation": {
						"0.0": {
							"post": [0, 0, 0],
							"lerp_mode": "catmullrom"
						},
						"0.1667": {
							"post": [0, -17.5, 0],
							"lerp_mode": "catmullrom"
						},
						"0.3333": {
							"post": [0, -27.5, 0],
							"lerp_mode": "catmullrom"
						},
						"0.5": {
							"post": [0, -17.5, 0],
							"lerp_mode": "catmullrom"
						},
						"0.6667": {
							"post": [0, 0, 0],
							"lerp_mode": "catmullrom"
						},
						"0.8333": {
							"post": [0, 15, 0],
							"lerp_mode": "catmullrom"
						},
						"1.0": {
							"post": [0, 27.5, 0],
							"lerp_mode": "catmullrom"
						},
						"1.1667": {
							"post": [0, 15, 0],
							"lerp_mode": "catmullrom"
						},
						"1.3333": {
							"post": [0, 0, 0],
							"lerp_mode": "catmullrom"
						}
					}
				},
				"rightwing2": {
					"rotation": {
						"0.0": {
							"post": [0, 0, 0],
							"lerp_mode": "catmullrom"
						},
						"0.1667": {
							"post": [0, 17.5, 0],
							"lerp_mode": "catmullrom"
						},
						"0.3333": {
							"post": [0, 27.5, 0],
							"lerp_mode": "catmullrom"
						},
						"0.5": {
							"post": [0, 17.5, 0],
							"lerp_mode": "catmullrom"
						},
						"0.6667": {
							"post": [0, 0, 0],
							"lerp_mode": "catmullrom"
						},
						"0.8333": {
							"post": [0, -15, 0],
							"lerp_mode": "catmullrom"
						},
						"1.0": {
							"post": [0, -27.5, 0],
							"lerp_mode": "catmullrom"
						},
						"1.1667": {
							"post": [0, -15, 0],
							"lerp_mode": "catmullrom"
						},
						"1.3333": {
							"post": [0, 0, 0],
							"lerp_mode": "catmullrom"
						}
					}
				}
			}
		}
	}
}