{
	"format_version": "1.8.0",
	"animations": {
		"animation.lunage.ground_idle": {
			"loop": true,
			"bones": {
				"torso": {
					"rotation": ["-7.5+Math.sin((query.anim_time) * 90 * 1 - 90) * 10", 0, "0+Math.cos((query.anim_time) * 90 * 1 - 90) * 5"]
				},
				"uppertorso": {
					"rotation": [7.5, 0, 0]
				},
				"head": {
					"rotation": ["2.5+Math.sin((query.anim_time) * 90 * 1 - 150) * 5", 0, "0+Math.cos((query.anim_time) * 90 * 1 - 150) * 5"]
				},
				"leg_left": {
					"rotation": [15, -17.5, 0]
				},
				"foot_left": {
					"rotation": [35, 0, 0]
				},
				"toe_left": {
					"rotation": [-15, 0, -12.5]
				},
				"toe_left2": {
					"rotation": [-17.5, 0, 12.5]
				},
				"jaw": {
					"rotation": [22.5, 0, 0]
				},
				"antenna_left": {
					"rotation": ["-20+Math.sin((query.anim_time) * 90 * 1 - 210) * 20", 0, "15+Math.cos((query.anim_time) * 90 * 1 - 210) * 20"]
				},
				"antennatop_left": {
					"rotation": [-27.5, 0, 0]
				},
				"antenna_right": {
					"rotation": ["-20+Math.sin((query.anim_time) * 90 * 1 - 210) * 20", 0, "-15+Math.cos((query.anim_time) * 90 * 1 - 210) * 20"]
				},
				"antennatop_right": {
					"rotation": [-27.5, 0, 0]
				},
				"ear_right": {
					"rotation": [-10, -12.5, -42.5]
				},
				"ear_left": {
					"rotation": [-10, 12.5, 42.5]
				},
				"finger_left": {
					"rotation": [20, 0, 0]
				},
				"hand_left": {
					"rotation": [0, 0, 25]
				},
				"arm_left": {
					"rotation": [0, 30, -2.5],
					"position": [0, 0, -2]
				},
				"finger_left2": {
					"rotation": [-15, 0, 0]
				},
				"arm_right": {
					"rotation": [0, -30, 2.5],
					"position": [0, 0, -2]
				},
				"hand_right": {
					"rotation": [0, 0, -25]
				},
				"finger_right": {
					"rotation": [20, 0, 0]
				},
				"finger_right2": {
					"rotation": [-15, 0, 0]
				},
				"leg_right": {
					"rotation": [15, 17.5, 0]
				},
				"foot_right": {
					"rotation": [35, 0, 0]
				},
				"toe_right": {
					"rotation": [-15, 0, 12.5]
				},
				"toe_right2": {
					"rotation": [-17.5, 0, -12.5]
				},
				"tail": {
					"rotation": [27.5, 0, 0]
				},
				"petal3_1": {
					"rotation": ["12.5+Math.cos((query.anim_time) * 90 * 2 - 130) * -3", 0, 0]
				},
				"petal2_1": {
					"rotation": [10, 0, 0]
				},
				"petal1_1": {
					"rotation": ["10+Math.cos((query.anim_time) * 90 * 2-60) * -2", 0, 0]
				},
				"petal1_3": {
					"rotation": ["10+Math.cos((query.anim_time) * 90 * 2-60) * -2", 0, 0]
				},
				"petal2_3": {
					"rotation": [10, 0, 0]
				},
				"petal3_3": {
					"rotation": ["12.5+Math.cos((query.anim_time) * 90 * 2 - 130) * -3", 0, 0]
				},
				"petal1_2": {
					"rotation": ["10+Math.cos((query.anim_time) * 90 * 2-60) * -2", 0, 0]
				},
				"petal2_2": {
					"rotation": [10, 0, 0]
				},
				"petal3_2": {
					"rotation": ["12.5+Math.cos((query.anim_time) * 90 * 2 - 130) * -3", 0, 0]
				},
				"petal1_4": {
					"rotation": ["10+Math.cos((query.anim_time) * 90 * 2-60) * -2", 0, 0]
				},
				"petal2_4": {
					"rotation": [10, 0, 0]
				},
				"petal3_4": {
					"rotation": ["12.5+Math.cos((query.anim_time) * 90 * 2 - 130) * -3", 0, 0]
				},
				"petal1_5": {
					"rotation": ["10+Math.cos((query.anim_time) * 90 * 2-60) * -2", 0, 0]
				},
				"petal2_5": {
					"rotation": [10, 0, 0]
				},
				"petal3_5": {
					"rotation": ["12.5+Math.cos((query.anim_time) * 90 * 2 - 130) * -3", 0, 0]
				},
				"seatflower1_1": {
					"rotation": ["-22.5+Math.cos((query.anim_time) * 90 * 2) * 2", 0, 0]
				},
				"seatflower2_1": {
					"rotation": [-15, 0, 0]
				},
				"seatflower1_2": {
					"rotation": ["-22.5+Math.cos((query.anim_time) * 90 * 2) * 2", 0, 0]
				},
				"seatflower2_2": {
					"rotation": [-15, 0, 0]
				},
				"seatflower1_3": {
					"rotation": ["-22.5+Math.cos((query.anim_time) * 90 * 2) * 2", 0, 0]
				},
				"seatflower2_3": {
					"rotation": [-15, 0, 0]
				},
				"master": {
					"rotation": ["0+Math.cos((query.anim_time) * 90 * 1) * 5", 0, "0+Math.sin((query.anim_time) * 90 * 1) * 5"],
					"position": [0, 10, 0]
				},
				"seatflower1_4": {
					"rotation": ["-22.5+Math.cos((query.anim_time) * 90 * 2) * 2", 0, 0]
				},
				"seatflower2_4": {
					"rotation": [-15, 0, 0]
				},
				"seatflower1_5": {
					"rotation": ["-22.5+Math.cos((query.anim_time) * 90 * 2) * 2", 0, 0]
				},
				"seatflower2_5": {
					"rotation": [-15, 0, 0]
				}
			}
		},
		"animation.lunage.ground_walk": {
			"loop": true,
			"animation_length": 4,
			"bones": {
				"torso": {
					"rotation": ["0+Math.cos((query.anim_time) * 90 * 4- 60) * -5", 0, 0]
				},
				"master": {
					"rotation": ["0+Math.cos((query.anim_time) * 90 * 4) * 5", "query.anim_time * 90", "0+Math.sin((query.anim_time) * 90 * 4) * 5"],
					"position": [0, "3+Math.cos((query.anim_time) * 90 * 4) * 1", 0]
				}
			}
		},
		"animation.lunage.blink": {
			"animation_length": 0.16667,
			"bones": {
				"eyelid_right": {
					"position": {
						"0.0": [-0.1, 0, -0.1],
						"0.125": [-0.1, 0, -0.1],
						"0.1667": [0, 0, 0]
					}
				},
				"eyelid_left": {
					"position": {
						"0.0": [0.1, 0, -0.1],
						"0.125": [0.1, 0, -0.1],
						"0.1667": [0, 0, 0]
					}
				}
			}
		}
	}
}