{
	"format_version": "1.8.0",
	"animations": {
		"animation.magnipulo.ground_idle": {
			"loop": true,
			"bones": {
				"body": {
					"rotation": ["0+Math.cos((query.anim_time) * 90 * 1 - 135) * -1", 0, 0],
					"position": [0, "0+Math.cos((query.anim_time) * 90 * 1 - 45) * -2", 0]
				},
				"tentacle": {
					"rotation": ["-5+Math.cos((query.anim_time) * 90 * 1 - 90 ) * 2", 0, "-5+Math.cos((query.anim_time) * 90 * 1) * 2"]
				},
				"tentacleb": {
					"rotation": ["0+Math.cos((query.anim_time) * 90 * 1 - 150) * 2", 0, "0+Math.cos((query.anim_time) * 90 * 1 - 60) * 2"]
				},
				"tentaclec": {
					"rotation": ["0+Math.cos((query.anim_time) * 90 * 1 - 210) * 2", 0, "0+Math.cos((query.anim_time) * 90 * 1 - 120) * 2"]
				},
				"tentacled": {
					"rotation": ["0+Math.cos((query.anim_time) * 90 * 1 - 270) * 2", 0, "0+Math.cos((query.anim_time) * 90 * 1 - 180) * 2"]
				},
				"tentaclee": {
					"rotation": ["0+Math.cos((query.anim_time) * 90 * 1 - 330) * -2", 0, "0+Math.cos((query.anim_time) * 90 * 1 - 240) * -2"]
				},
				"tentaclef": {
					"rotation": ["0+Math.cos((query.anim_time) * 90 * 1 - 390) * -2", 0, "0+Math.cos((query.anim_time) * 90 * 1 - 300) * -2"]
				},
				"tentacleg": {
					"rotation": ["0+Math.cos((query.anim_time) * 90 * 1 - 450) * -2", 0, "0+Math.cos((query.anim_time) * 90 * 1 - 360) * -2"]
				},
				"tentacleh": {
					"rotation": ["0+Math.cos((query.anim_time) * 90 * 1 - 510) * -5", 0, "0+Math.cos((query.anim_time) * 90 * 1 - 420) * -5"]
				},
				"tentacle3": {
					"rotation": ["5+Math.cos((query.anim_time) * 90 * 1 - 180) * 2", 0, "5+Math.cos((query.anim_time) * 90 * 1 - 90) * -2"]
				},
				"tentacleb3": {
					"rotation": ["0+Math.cos((query.anim_time) * 90 * 1 - 240) * 2", 0, "0+Math.cos((query.anim_time) * 90 * 1 - 150) * -2"]
				},
				"tentaclec3": {
					"rotation": ["0+Math.cos((query.anim_time) * 90 * 1 - 300) * 2", 0, "0+Math.cos((query.anim_time) * 90 * 1 - 210) * -2"]
				},
				"tentacled3": {
					"rotation": ["0+Math.cos((query.anim_time) * 90 * 1 - 360) * 2", 0, "0+Math.cos((query.anim_time) * 90 * 1 - 270) * -2"]
				},
				"tentaclee3": {
					"rotation": ["0+Math.cos((query.anim_time) * 90 * 1 - 420) * 2", 0, "0+Math.cos((query.anim_time) * 90 * 1 - 330) * -2"]
				},
				"tentaclef3": {
					"rotation": ["0+Math.cos((query.anim_time) * 90 * 1 - 480) * -2", 0, "0+Math.cos((query.anim_time) * 90 * 1 - 390) * 2"]
				},
				"tentacleg3": {
					"rotation": ["0+Math.cos((query.anim_time) * 90 * 1 - 540) * -2", 0, "0+Math.cos((query.anim_time) * 90 * 1 - 450) * 2"]
				},
				"tentacleh3": {
					"rotation": ["0+Math.cos((query.anim_time) * 90 * 1 - 600) * -5", 0, "0+Math.cos((query.anim_time) * 90 * 1 - 510) * 5"]
				},
				"tentacle2": {
					"rotation": ["-5+Math.cos((query.anim_time) * 90 * 1 - 90 ) * 2", 0, "5+Math.cos((query.anim_time) * 90 * 1) * -2"]
				},
				"tentacleb2": {
					"rotation": ["0+Math.cos((query.anim_time) * 90 * 1 - 150) * 2", 0, "0+Math.cos((query.anim_time) * 90 * 1 - 60) * -2"]
				},
				"tentaclec2": {
					"rotation": ["0+Math.cos((query.anim_time) * 90 * 1 - 210) * 2", 0, "0+Math.cos((query.anim_time) * 90 * 1 - 120) * -2"]
				},
				"tentacled2": {
					"rotation": ["0+Math.cos((query.anim_time) * 90 * 1 - 270) * 2", 0, "0+Math.cos((query.anim_time) * 90 * 1 - 180) * -2"]
				},
				"tentaclee2": {
					"rotation": ["0+Math.cos((query.anim_time) * 90 * 1 - 330) * -2", 0, "0+Math.cos((query.anim_time) * 90 * 1 - 240) * 2"]
				},
				"tentaclef2": {
					"rotation": ["0+Math.cos((query.anim_time) * 90 * 1 - 390) * -2", 0, "0+Math.cos((query.anim_time) * 90 * 1 - 300) * 2"]
				},
				"tentacleg2": {
					"rotation": ["0+Math.cos((query.anim_time) * 90 * 1 - 450) * -2", 0, "0+Math.cos((query.anim_time) * 90 * 1 - 360) * 2"]
				},
				"tentacleh2": {
					"rotation": ["0+Math.cos((query.anim_time) * 90 * 1 - 510) * -5", 0, "0+Math.cos((query.anim_time) * 90 * 1 - 420) * 5"]
				},
				"tentacle4": {
					"rotation": ["5+Math.cos((query.anim_time) * 90 * 1 - 180) * 2", 0, "-5+Math.cos((query.anim_time) * 90 * 1 - 90) * 2"]
				},
				"tentacleb4": {
					"rotation": ["0+Math.cos((query.anim_time) * 90 * 1 - 240) * 2", 0, "0+Math.cos((query.anim_time) * 90 * 1 - 150) * 2"]
				},
				"tentaclec4": {
					"rotation": ["0+Math.cos((query.anim_time) * 90 * 1 - 300) * 2", 0, "0+Math.cos((query.anim_time) * 90 * 1 - 210) * 2"]
				},
				"tentacled4": {
					"rotation": ["0+Math.cos((query.anim_time) * 90 * 1 - 360) * 2", 0, "0+Math.cos((query.anim_time) * 90 * 1 - 270) * 2"]
				},
				"tentaclee4": {
					"rotation": ["0+Math.cos((query.anim_time) * 90 * 1 - 420) * 2", 0, "0+Math.cos((query.anim_time) * 90 * 1 - 330) * 2"]
				},
				"tentaclef4": {
					"rotation": ["0+Math.cos((query.anim_time) * 90 * 1 - 480) * -2", 0, "0+Math.cos((query.anim_time) * 90 * 1 - 390) * -2"]
				},
				"tentacleg4": {
					"rotation": ["0+Math.cos((query.anim_time) * 90 * 1 - 540) * -2", 0, "0+Math.cos((query.anim_time) * 90 * 1 - 450) * -2"]
				},
				"tentacleh4": {
					"rotation": ["0+Math.cos((query.anim_time) * 90 * 1 - 600) * -5", 0, "0+Math.cos((query.anim_time) * 90 * 1 - 510) * -5"]
				},
				"tentacle5": {
					"rotation": ["Math.cos((query.anim_time) * 90 * 1 - 130) * 2", 0, "-5+Math.cos((query.anim_time) * 90 * 1 - 40) * 2"]
				},
				"tentacleb5": {
					"rotation": ["0+Math.cos((query.anim_time) * 90 * 1 - 190) * 2", 0, "0+Math.cos((query.anim_time) * 90 * 1 - 100) * 2"]
				},
				"tentaclec5": {
					"rotation": ["0+Math.cos((query.anim_time) * 90 * 1 - 250) * 2", 0, "0+Math.cos((query.anim_time) * 90 * 1 - 160) * 2"]
				},
				"tentacled5": {
					"rotation": ["0+Math.cos((query.anim_time) * 90 * 1 - 310) * 2", 0, "0+Math.cos((query.anim_time) * 90 * 1 - 220) * 2"]
				},
				"tentaclee5": {
					"rotation": ["0+Math.cos((query.anim_time) * 90 * 1 - 370) * 2", 0, "0+Math.cos((query.anim_time) * 90 * 1 - 280) * 2"]
				},
				"tentaclef5": {
					"rotation": ["0+Math.cos((query.anim_time) * 90 * 1 - 430) * -2", 0, "0+Math.cos((query.anim_time) * 90 * 1 - 340) * -2"]
				},
				"tentacleg5": {
					"rotation": ["0+Math.cos((query.anim_time) * 90 * 1 - 490) * -2", 0, "0+Math.cos((query.anim_time) * 90 * 1 - 400) * 2"]
				},
				"tentacleh5": {
					"rotation": ["0+Math.cos((query.anim_time) * 90 * 1 - 550) * -5", 0, "0+Math.cos((query.anim_time) * 90 * 1 - 460) * -5"]
				},
				"tentacle6": {
					"rotation": ["Math.cos((query.anim_time) * 90 * 1 - 130) * 2", 0, "5+Math.cos((query.anim_time) * 90 * 1 - 40) * -2"]
				},
				"tentacleb6": {
					"rotation": ["0+Math.cos((query.anim_time) * 90 * 1 - 190) * 2", 0, "0+Math.cos((query.anim_time) * 90 * 1 - 100) * -2"]
				},
				"tentaclec6": {
					"rotation": ["0+Math.cos((query.anim_time) * 90 * 1 - 250) * 2", 0, "0+Math.cos((query.anim_time) * 90 * 1 - 160) * -2"]
				},
				"tentacled6": {
					"rotation": ["0+Math.cos((query.anim_time) * 90 * 1 - 310) * 2", 0, "0+Math.cos((query.anim_time) * 90 * 1 - 220) * -2"]
				},
				"tentaclee6": {
					"rotation": ["0+Math.cos((query.anim_time) * 90 * 1 - 370) * 2", 0, "0+Math.cos((query.anim_time) * 90 * 1 - 280) * -2"]
				},
				"tentaclef6": {
					"rotation": ["0+Math.cos((query.anim_time) * 90 * 1 - 430) * -2", 0, "0+Math.cos((query.anim_time) * 90 * 1 - 340) * 2"]
				},
				"tentacleg6": {
					"rotation": ["0+Math.cos((query.anim_time) * 90 * 1 - 490) * -2", 0, "0+Math.cos((query.anim_time) * 90 * 1 - 400) * 2"]
				},
				"tentacleh6": {
					"rotation": ["0+Math.cos((query.anim_time) * 90 * 1 - 550) * -5", 0, "0+Math.cos((query.anim_time) * 90 * 1 - 460) * 5"]
				}
			}
		},
		"animation.magnipulo.ground_walk": {
			"loop": true,
			"bones": {
				"body": {
					"rotation": [22.5, 0, 0],
					"position": [0, -23, -13]
				},
				"tentacle": {
					"rotation": [5, 0, 0]
				},
				"tentacleb": {
					"rotation": [5, 0, 0]
				},
				"tentaclec": {
					"rotation": [5, 0, 0]
				},
				"tentacled": {
					"rotation": [5, 0, 0]
				},
				"tentaclee": {
					"rotation": [5, 0, 0]
				},
				"tentaclef": {
					"rotation": [5, 0, 0]
				},
				"tentacleg": {
					"rotation": [5, 0, 0]
				},
				"tentacleh": {
					"rotation": [5, 0, 0]
				},
				"tentacle3": {
					"rotation": [10, -17.5, 0]
				},
				"tentacleb3": {
					"rotation": [10, 0, 0]
				},
				"tentaclec3": {
					"rotation": [10, 0, 0]
				},
				"tentacled3": {
					"rotation": [10, 0, 0]
				},
				"tentaclee3": {
					"rotation": [10, 0, 0]
				},
				"tentaclef3": {
					"rotation": [10, 0, 0]
				},
				"tentacleg3": {
					"rotation": [10, 0, 0]
				},
				"tentacleh3": {
					"rotation": [10, 0, 0]
				},
				"tentacle2": {
					"rotation": [5, 0, 0]
				},
				"tentacleb2": {
					"rotation": [5, 0, 0]
				},
				"tentaclec2": {
					"rotation": [5, 0, 0]
				},
				"tentacled2": {
					"rotation": [5, 0, 0]
				},
				"tentaclee2": {
					"rotation": [5, 0, 0]
				},
				"tentaclef2": {
					"rotation": [5, 0, 0]
				},
				"tentacleg2": {
					"rotation": [5, 0, 0]
				},
				"tentacleh2": {
					"rotation": [5, 0, 0]
				},
				"tentacle4": {
					"rotation": [10, 17.5, 0]
				},
				"tentacleb4": {
					"rotation": [10, 0, 0]
				},
				"tentaclec4": {
					"rotation": [10, 0, 0]
				},
				"tentacled4": {
					"rotation": [10, 0, 0]
				},
				"tentaclee4": {
					"rotation": [10, 0, 0]
				},
				"tentaclef4": {
					"rotation": [10, 0, 0]
				},
				"tentacleg4": {
					"rotation": [10, 0, 0]
				},
				"tentacleh4": {
					"rotation": [10, 0, 0]
				},
				"tentacle5": {
					"rotation": [7.5, 0, 0]
				},
				"tentacleb5": {
					"rotation": [7.5, 0, 0]
				},
				"tentaclec5": {
					"rotation": [7.5, 0, 0]
				},
				"tentacled5": {
					"rotation": [7.5, 0, 0]
				},
				"tentaclee5": {
					"rotation": [7.5, 0, 0]
				},
				"tentaclef5": {
					"rotation": [7.5, 0, 0]
				},
				"tentacleg5": {
					"rotation": [7.5, 0, 0]
				},
				"tentacleh5": {
					"rotation": [7.5, 0, 0]
				},
				"tentacle6": {
					"rotation": [7.5, 0, 0]
				},
				"tentacleb6": {
					"rotation": [7.5, 0, 0]
				},
				"tentaclec6": {
					"rotation": [7.5, 0, 0]
				},
				"tentacled6": {
					"rotation": [7.5, 0, 0]
				},
				"tentaclee6": {
					"rotation": [7.5, 0, 0]
				},
				"tentaclef6": {
					"rotation": [7.5, 0, 0]
				},
				"tentacleg6": {
					"rotation": [7.5, 0, 0]
				},
				"tentacleh6": {
					"rotation": [7.5, 0, 0]
				}
			}
		},
		"animation.magnipulo.water_idle": {
			"loop": true,
			"bones": {
				"body": {
					"rotation": ["0+Math.cos((query.anim_time) * 90 * 1 - 135) * -1", 0, 0],
					"position": [0, "0+Math.cos((query.anim_time) * 90 * 1 - 45) * -2", 0]
				},
				"tentacle": {
					"rotation": ["-5+Math.cos((query.anim_time) * 90 * 1 - 90 ) * 2", 0, "-5+Math.cos((query.anim_time) * 90 * 1) * 2"]
				},
				"tentacleb": {
					"rotation": ["0+Math.cos((query.anim_time) * 90 * 1 - 150) * 2", 0, "0+Math.cos((query.anim_time) * 90 * 1 - 60) * 2"]
				},
				"tentaclec": {
					"rotation": ["0+Math.cos((query.anim_time) * 90 * 1 - 210) * 2", 0, "0+Math.cos((query.anim_time) * 90 * 1 - 120) * 2"]
				},
				"tentacled": {
					"rotation": ["0+Math.cos((query.anim_time) * 90 * 1 - 270) * 2", 0, "0+Math.cos((query.anim_time) * 90 * 1 - 180) * 2"]
				},
				"tentaclee": {
					"rotation": ["0+Math.cos((query.anim_time) * 90 * 1 - 330) * -2", 0, "0+Math.cos((query.anim_time) * 90 * 1 - 240) * -2"]
				},
				"tentaclef": {
					"rotation": ["0+Math.cos((query.anim_time) * 90 * 1 - 390) * -2", 0, "0+Math.cos((query.anim_time) * 90 * 1 - 300) * -2"]
				},
				"tentacleg": {
					"rotation": ["0+Math.cos((query.anim_time) * 90 * 1 - 450) * -2", 0, "0+Math.cos((query.anim_time) * 90 * 1 - 360) * -2"]
				},
				"tentacleh": {
					"rotation": ["0+Math.cos((query.anim_time) * 90 * 1 - 510) * -5", 0, "0+Math.cos((query.anim_time) * 90 * 1 - 420) * -5"]
				},
				"tentacle3": {
					"rotation": ["5+Math.cos((query.anim_time) * 90 * 1 - 180) * 2", 0, "5+Math.cos((query.anim_time) * 90 * 1 - 90) * -2"]
				},
				"tentacleb3": {
					"rotation": ["0+Math.cos((query.anim_time) * 90 * 1 - 240) * 2", 0, "0+Math.cos((query.anim_time) * 90 * 1 - 150) * -2"]
				},
				"tentaclec3": {
					"rotation": ["0+Math.cos((query.anim_time) * 90 * 1 - 300) * 2", 0, "0+Math.cos((query.anim_time) * 90 * 1 - 210) * -2"]
				},
				"tentacled3": {
					"rotation": ["0+Math.cos((query.anim_time) * 90 * 1 - 360) * 2", 0, "0+Math.cos((query.anim_time) * 90 * 1 - 270) * -2"]
				},
				"tentaclee3": {
					"rotation": ["0+Math.cos((query.anim_time) * 90 * 1 - 420) * 2", 0, "0+Math.cos((query.anim_time) * 90 * 1 - 330) * -2"]
				},
				"tentaclef3": {
					"rotation": ["0+Math.cos((query.anim_time) * 90 * 1 - 480) * -2", 0, "0+Math.cos((query.anim_time) * 90 * 1 - 390) * 2"]
				},
				"tentacleg3": {
					"rotation": ["0+Math.cos((query.anim_time) * 90 * 1 - 540) * -2", 0, "0+Math.cos((query.anim_time) * 90 * 1 - 450) * 2"]
				},
				"tentacleh3": {
					"rotation": ["0+Math.cos((query.anim_time) * 90 * 1 - 600) * -5", 0, "0+Math.cos((query.anim_time) * 90 * 1 - 510) * 5"]
				},
				"tentacle2": {
					"rotation": ["-5+Math.cos((query.anim_time) * 90 * 1 - 90 ) * 2", 0, "5+Math.cos((query.anim_time) * 90 * 1) * -2"]
				},
				"tentacleb2": {
					"rotation": ["0+Math.cos((query.anim_time) * 90 * 1 - 150) * 2", 0, "0+Math.cos((query.anim_time) * 90 * 1 - 60) * -2"]
				},
				"tentaclec2": {
					"rotation": ["0+Math.cos((query.anim_time) * 90 * 1 - 210) * 2", 0, "0+Math.cos((query.anim_time) * 90 * 1 - 120) * -2"]
				},
				"tentacled2": {
					"rotation": ["0+Math.cos((query.anim_time) * 90 * 1 - 270) * 2", 0, "0+Math.cos((query.anim_time) * 90 * 1 - 180) * -2"]
				},
				"tentaclee2": {
					"rotation": ["0+Math.cos((query.anim_time) * 90 * 1 - 330) * -2", 0, "0+Math.cos((query.anim_time) * 90 * 1 - 240) * 2"]
				},
				"tentaclef2": {
					"rotation": ["0+Math.cos((query.anim_time) * 90 * 1 - 390) * -2", 0, "0+Math.cos((query.anim_time) * 90 * 1 - 300) * 2"]
				},
				"tentacleg2": {
					"rotation": ["0+Math.cos((query.anim_time) * 90 * 1 - 450) * -2", 0, "0+Math.cos((query.anim_time) * 90 * 1 - 360) * 2"]
				},
				"tentacleh2": {
					"rotation": ["0+Math.cos((query.anim_time) * 90 * 1 - 510) * -5", 0, "0+Math.cos((query.anim_time) * 90 * 1 - 420) * 5"]
				},
				"tentacle4": {
					"rotation": ["5+Math.cos((query.anim_time) * 90 * 1 - 180) * 2", 0, "-5+Math.cos((query.anim_time) * 90 * 1 - 90) * 2"]
				},
				"tentacleb4": {
					"rotation": ["0+Math.cos((query.anim_time) * 90 * 1 - 240) * 2", 0, "0+Math.cos((query.anim_time) * 90 * 1 - 150) * 2"]
				},
				"tentaclec4": {
					"rotation": ["0+Math.cos((query.anim_time) * 90 * 1 - 300) * 2", 0, "0+Math.cos((query.anim_time) * 90 * 1 - 210) * 2"]
				},
				"tentacled4": {
					"rotation": ["0+Math.cos((query.anim_time) * 90 * 1 - 360) * 2", 0, "0+Math.cos((query.anim_time) * 90 * 1 - 270) * 2"]
				},
				"tentaclee4": {
					"rotation": ["0+Math.cos((query.anim_time) * 90 * 1 - 420) * 2", 0, "0+Math.cos((query.anim_time) * 90 * 1 - 330) * 2"]
				},
				"tentaclef4": {
					"rotation": ["0+Math.cos((query.anim_time) * 90 * 1 - 480) * -2", 0, "0+Math.cos((query.anim_time) * 90 * 1 - 390) * -2"]
				},
				"tentacleg4": {
					"rotation": ["0+Math.cos((query.anim_time) * 90 * 1 - 540) * -2", 0, "0+Math.cos((query.anim_time) * 90 * 1 - 450) * -2"]
				},
				"tentacleh4": {
					"rotation": ["0+Math.cos((query.anim_time) * 90 * 1 - 600) * -5", 0, "0+Math.cos((query.anim_time) * 90 * 1 - 510) * -5"]
				},
				"tentacle5": {
					"rotation": ["Math.cos((query.anim_time) * 90 * 1 - 130) * 2", 0, "-5+Math.cos((query.anim_time) * 90 * 1 - 40) * 2"]
				},
				"tentacleb5": {
					"rotation": ["0+Math.cos((query.anim_time) * 90 * 1 - 190) * 2", 0, "0+Math.cos((query.anim_time) * 90 * 1 - 100) * 2"]
				},
				"tentaclec5": {
					"rotation": ["0+Math.cos((query.anim_time) * 90 * 1 - 250) * 2", 0, "0+Math.cos((query.anim_time) * 90 * 1 - 160) * 2"]
				},
				"tentacled5": {
					"rotation": ["0+Math.cos((query.anim_time) * 90 * 1 - 310) * 2", 0, "0+Math.cos((query.anim_time) * 90 * 1 - 220) * 2"]
				},
				"tentaclee5": {
					"rotation": ["0+Math.cos((query.anim_time) * 90 * 1 - 370) * 2", 0, "0+Math.cos((query.anim_time) * 90 * 1 - 280) * 2"]
				},
				"tentaclef5": {
					"rotation": ["0+Math.cos((query.anim_time) * 90 * 1 - 430) * -2", 0, "0+Math.cos((query.anim_time) * 90 * 1 - 340) * -2"]
				},
				"tentacleg5": {
					"rotation": ["0+Math.cos((query.anim_time) * 90 * 1 - 490) * -2", 0, "0+Math.cos((query.anim_time) * 90 * 1 - 400) * 2"]
				},
				"tentacleh5": {
					"rotation": ["0+Math.cos((query.anim_time) * 90 * 1 - 550) * -5", 0, "0+Math.cos((query.anim_time) * 90 * 1 - 460) * -5"]
				},
				"tentacle6": {
					"rotation": ["Math.cos((query.anim_time) * 90 * 1 - 130) * 2", 0, "5+Math.cos((query.anim_time) * 90 * 1 - 40) * -2"]
				},
				"tentacleb6": {
					"rotation": ["0+Math.cos((query.anim_time) * 90 * 1 - 190) * 2", 0, "0+Math.cos((query.anim_time) * 90 * 1 - 100) * -2"]
				},
				"tentaclec6": {
					"rotation": ["0+Math.cos((query.anim_time) * 90 * 1 - 250) * 2", 0, "0+Math.cos((query.anim_time) * 90 * 1 - 160) * -2"]
				},
				"tentacled6": {
					"rotation": ["0+Math.cos((query.anim_time) * 90 * 1 - 310) * 2", 0, "0+Math.cos((query.anim_time) * 90 * 1 - 220) * -2"]
				},
				"tentaclee6": {
					"rotation": ["0+Math.cos((query.anim_time) * 90 * 1 - 370) * 2", 0, "0+Math.cos((query.anim_time) * 90 * 1 - 280) * -2"]
				},
				"tentaclef6": {
					"rotation": ["0+Math.cos((query.anim_time) * 90 * 1 - 430) * -2", 0, "0+Math.cos((query.anim_time) * 90 * 1 - 340) * 2"]
				},
				"tentacleg6": {
					"rotation": ["0+Math.cos((query.anim_time) * 90 * 1 - 490) * -2", 0, "0+Math.cos((query.anim_time) * 90 * 1 - 400) * 2"]
				},
				"tentacleh6": {
					"rotation": ["0+Math.cos((query.anim_time) * 90 * 1 - 550) * -5", 0, "0+Math.cos((query.anim_time) * 90 * 1 - 460) * 5"]
				}
			}
		},
		"animation.magnipulo.water_swim": {
			"loop": true,
			"bones": {
				"body": {
					"rotation": [22.5, 0, 0],
					"position": [0, -23, -13]
				},
				"tentacle": {
					"rotation": [5, 0, 0]
				},
				"tentacleb": {
					"rotation": [5, 0, 0]
				},
				"tentaclec": {
					"rotation": [5, 0, 0]
				},
				"tentacled": {
					"rotation": [5, 0, 0]
				},
				"tentaclee": {
					"rotation": [5, 0, 0]
				},
				"tentaclef": {
					"rotation": [5, 0, 0]
				},
				"tentacleg": {
					"rotation": [5, 0, 0]
				},
				"tentacleh": {
					"rotation": [5, 0, 0]
				},
				"tentacle3": {
					"rotation": [10, -17.5, 0]
				},
				"tentacleb3": {
					"rotation": [10, 0, 0]
				},
				"tentaclec3": {
					"rotation": [10, 0, 0]
				},
				"tentacled3": {
					"rotation": [10, 0, 0]
				},
				"tentaclee3": {
					"rotation": [10, 0, 0]
				},
				"tentaclef3": {
					"rotation": [10, 0, 0]
				},
				"tentacleg3": {
					"rotation": [10, 0, 0]
				},
				"tentacleh3": {
					"rotation": [10, 0, 0]
				},
				"tentacle2": {
					"rotation": [5, 0, 0]
				},
				"tentacleb2": {
					"rotation": [5, 0, 0]
				},
				"tentaclec2": {
					"rotation": [5, 0, 0]
				},
				"tentacled2": {
					"rotation": [5, 0, 0]
				},
				"tentaclee2": {
					"rotation": [5, 0, 0]
				},
				"tentaclef2": {
					"rotation": [5, 0, 0]
				},
				"tentacleg2": {
					"rotation": [5, 0, 0]
				},
				"tentacleh2": {
					"rotation": [5, 0, 0]
				},
				"tentacle4": {
					"rotation": [10, 17.5, 0]
				},
				"tentacleb4": {
					"rotation": [10, 0, 0]
				},
				"tentaclec4": {
					"rotation": [10, 0, 0]
				},
				"tentacled4": {
					"rotation": [10, 0, 0]
				},
				"tentaclee4": {
					"rotation": [10, 0, 0]
				},
				"tentaclef4": {
					"rotation": [10, 0, 0]
				},
				"tentacleg4": {
					"rotation": [10, 0, 0]
				},
				"tentacleh4": {
					"rotation": [10, 0, 0]
				},
				"tentacle5": {
					"rotation": [7.5, 0, 0]
				},
				"tentacleb5": {
					"rotation": [7.5, 0, 0]
				},
				"tentaclec5": {
					"rotation": [7.5, 0, 0]
				},
				"tentacled5": {
					"rotation": [7.5, 0, 0]
				},
				"tentaclee5": {
					"rotation": [7.5, 0, 0]
				},
				"tentaclef5": {
					"rotation": [7.5, 0, 0]
				},
				"tentacleg5": {
					"rotation": [7.5, 0, 0]
				},
				"tentacleh5": {
					"rotation": [7.5, 0, 0]
				},
				"tentacle6": {
					"rotation": [7.5, 0, 0]
				},
				"tentacleb6": {
					"rotation": [7.5, 0, 0]
				},
				"tentaclec6": {
					"rotation": [7.5, 0, 0]
				},
				"tentacled6": {
					"rotation": [7.5, 0, 0]
				},
				"tentaclee6": {
					"rotation": [7.5, 0, 0]
				},
				"tentaclef6": {
					"rotation": [7.5, 0, 0]
				},
				"tentacleg6": {
					"rotation": [7.5, 0, 0]
				},
				"tentacleh6": {
					"rotation": [7.5, 0, 0]
				}
			}
		}
	}
}