{
	"format_version": "1.8.0",
	"animations": {
		"animation.masquerjade.water_idle": {
			"loop": true,
			"animation_length": 10.08333,
			"bones": {
				"body": {
					"rotation": {
						"0.0": {
							"post": [0, 0, 0],
							"lerp_mode": "catmullrom"
						},
						"2.5417": {
							"post": [1, 0, 0],
							"lerp_mode": "catmullrom"
						},
						"5.0": {
							"post": [0, 0, 0],
							"lerp_mode": "catmullrom"
						},
						"7.5": {
							"post": [-1, 0, 0],
							"lerp_mode": "catmullrom"
						},
						"10.0": {
							"post": [0, 0, 0],
							"lerp_mode": "catmullrom"
						}
					}
				},
				"topjaw": {
					"rotation": {
						"0.0": {
							"post": [2.5, 0, 0],
							"lerp_mode": "catmullrom"
						},
						"2.0": {
							"post": [2.5, 0, 0],
							"lerp_mode": "catmullrom"
						},
						"4.0": {
							"post": [-20, 0, 0],
							"lerp_mode": "catmullrom"
						},
						"9.6667": {
							"post": [-22.5, 0, 0],
							"lerp_mode": "catmullrom"
						},
						"10.0417": {
							"post": [2.5, 0, 0],
							"lerp_mode": "catmullrom"
						}
					}
				},
				"botjaw": {
					"rotation": {
						"0.0": {
							"post": [-5, 0, 0],
							"lerp_mode": "catmullrom"
						},
						"2.0": {
							"post": [-5, 0, 0],
							"lerp_mode": "catmullrom"
						},
						"4.0": {
							"post": [12.5, 0, 0],
							"lerp_mode": "catmullrom"
						},
						"9.6667": {
							"post": [15, 0, 0],
							"lerp_mode": "catmullrom"
						},
						"10.0417": {
							"post": [-5, 0, 0],
							"lerp_mode": "catmullrom"
						}
					}
				},
				"segment1": {
					"rotation": {
						"0.0": {
							"post": [0, 0, 0],
							"lerp_mode": "catmullrom"
						},
						"1.9583": {
							"post": [0, 10, 0],
							"lerp_mode": "catmullrom"
						},
						"4.7083": {
							"post": [0, 0, 0],
							"lerp_mode": "catmullrom"
						},
						"7.875": {
							"post": [0, -10, 0],
							"lerp_mode": "catmullrom"
						},
						"10.0833": {
							"post": [0, 0, 0],
							"lerp_mode": "catmullrom"
						}
					}
				},
				"segment2": {
					"rotation": {
						"0.0": {
							"post": [0, 0, 0],
							"lerp_mode": "catmullrom"
						},
						"2.0417": {
							"post": [0, 15, 0],
							"lerp_mode": "catmullrom"
						},
						"4.75": {
							"post": [0, 0, 0],
							"lerp_mode": "catmullrom"
						},
						"7.9167": {
							"post": [0, -15, 0],
							"lerp_mode": "catmullrom"
						},
						"10.0833": {
							"post": [0, 0, 0],
							"lerp_mode": "catmullrom"
						}
					}
				},
				"tail": {
					"rotation": {
						"0.0": {
							"post": [0, 0, 0],
							"lerp_mode": "catmullrom"
						},
						"2.125": {
							"post": [0, 20, 0],
							"lerp_mode": "catmullrom"
						},
						"4.7917": {
							"post": [0, 0, 0],
							"lerp_mode": "catmullrom"
						},
						"7.9583": {
							"post": [0, -20, 0],
							"lerp_mode": "catmullrom"
						},
						"10.0833": {
							"post": [0, 0, 0],
							"lerp_mode": "catmullrom"
						}
					}
				}
			}
		},
		"animation.masquerjade.water_swim": {
			"loop": true,
			"animation_length": 19.16667,
			"bones": {
				"body": {
					"rotation": [0, 0, 0],
					"position": {
						"0.0": {
							"post": [0, 0, 0],
							"lerp_mode": "catmullrom"
						},
						"5.0": {
							"post": [0, -1, -1],
							"lerp_mode": "catmullrom"
						},
						"10.0": {
							"post": [0, 0, 0],
							"lerp_mode": "catmullrom"
						},
						"15.0": {
							"post": [0, 1, 1],
							"lerp_mode": "catmullrom"
						},
						"19.0": {
							"post": [0, 0, 0],
							"lerp_mode": "catmullrom"
						}
					}
				},
				"topjaw": {
					"rotation": {
						"0.0": {
							"post": [2.5, 0, 0],
							"lerp_mode": "catmullrom"
						}
					}
				},
				"botjaw": {
					"rotation": {
						"0.0": {
							"post": [-5, 0, 0],
							"lerp_mode": "catmullrom"
						}
					}
				},
				"segment1": {
					"rotation": {
						"0.1667": [0, 0, 0],
						"0.5833": {
							"pre": [0, -10, 0],
							"post": [0, -10, 0],
							"lerp_mode": "catmullrom"
						},
						"1.5833": {
							"post": [0, 0, 0],
							"lerp_mode": "catmullrom"
						},
						"2.5833": {
							"post": [0, 10, 0],
							"lerp_mode": "catmullrom"
						},
						"3.5833": {
							"post": [0, 0, 0],
							"lerp_mode": "catmullrom"
						},
						"4.5833": {
							"post": [0, -10, 0],
							"lerp_mode": "catmullrom"
						},
						"5.5833": {
							"post": [0, 0, 0],
							"lerp_mode": "catmullrom"
						},
						"6.5833": {
							"post": [0, 10, 0],
							"lerp_mode": "catmullrom"
						},
						"7.5833": {
							"post": [0, 0, 0],
							"lerp_mode": "catmullrom"
						},
						"8.5833": {
							"post": [0, -10, 0],
							"lerp_mode": "catmullrom"
						},
						"9.5833": {
							"post": [0, 0, 0],
							"lerp_mode": "catmullrom"
						},
						"10.5833": {
							"post": [0, 10, 0],
							"lerp_mode": "catmullrom"
						},
						"11.5833": {
							"post": [0, 0, 0],
							"lerp_mode": "catmullrom"
						},
						"12.5833": {
							"post": [0, -10, 0],
							"lerp_mode": "catmullrom"
						},
						"13.5833": {
							"post": [0, 0, 0],
							"lerp_mode": "catmullrom"
						},
						"14.5833": {
							"post": [0, 10, 0],
							"lerp_mode": "catmullrom"
						},
						"15.5833": {
							"post": [0, 0, 0],
							"lerp_mode": "catmullrom"
						},
						"16.5833": {
							"post": [0, -10, 0],
							"lerp_mode": "catmullrom"
						},
						"17.5833": {
							"post": [0, 0, 0],
							"lerp_mode": "catmullrom"
						},
						"18.5833": {
							"post": [0, 10, 0],
							"lerp_mode": "catmullrom"
						},
						"19.1667": [0, 0, 0]
					}
				},
				"segment2": {
					"rotation": {
						"0.0833": [0, 0, 0],
						"0.5": {
							"pre": [0, -20, 0],
							"post": [0, -20, 0],
							"lerp_mode": "catmullrom"
						},
						"1.5": {
							"post": [0, 0, 0],
							"lerp_mode": "catmullrom"
						},
						"2.5": {
							"post": [0, 20, 0],
							"lerp_mode": "catmullrom"
						},
						"3.5": {
							"post": [0, 0, 0],
							"lerp_mode": "catmullrom"
						},
						"4.5": {
							"post": [0, -20, 0],
							"lerp_mode": "catmullrom"
						},
						"5.5": {
							"post": [0, 0, 0],
							"lerp_mode": "catmullrom"
						},
						"6.5": {
							"post": [0, 20, 0],
							"lerp_mode": "catmullrom"
						},
						"7.5": {
							"post": [0, 0, 0],
							"lerp_mode": "catmullrom"
						},
						"8.5": {
							"post": [0, -20, 0],
							"lerp_mode": "catmullrom"
						},
						"9.5": {
							"post": [0, 0, 0],
							"lerp_mode": "catmullrom"
						},
						"10.5": {
							"post": [0, 20, 0],
							"lerp_mode": "catmullrom"
						},
						"11.5": {
							"post": [0, 0, 0],
							"lerp_mode": "catmullrom"
						},
						"12.5": {
							"post": [0, -20, 0],
							"lerp_mode": "catmullrom"
						},
						"13.5": {
							"post": [0, 0, 0],
							"lerp_mode": "catmullrom"
						},
						"14.5": {
							"post": [0, 20, 0],
							"lerp_mode": "catmullrom"
						},
						"15.5": {
							"post": [0, 0, 0],
							"lerp_mode": "catmullrom"
						},
						"16.5": {
							"post": [0, -20, 0],
							"lerp_mode": "catmullrom"
						},
						"17.5": {
							"post": [0, 0, 0],
							"lerp_mode": "catmullrom"
						},
						"18.5": {
							"post": [0, 20, 0],
							"lerp_mode": "catmullrom"
						},
						"19.0833": [0, 0, 0]
					}
				},
				"tail": {
					"rotation": {
						"0.0": [0, 0, 0],
						"0.4167": {
							"pre": [0, -30, 0],
							"post": [0, -30, 0],
							"lerp_mode": "catmullrom"
						},
						"1.4167": {
							"post": [0, 0, 0],
							"lerp_mode": "catmullrom"
						},
						"2.4167": {
							"post": [0, 30, 0],
							"lerp_mode": "catmullrom"
						},
						"3.4167": {
							"post": [0, 0, 0],
							"lerp_mode": "catmullrom"
						},
						"4.4167": {
							"post": [0, -30, 0],
							"lerp_mode": "catmullrom"
						},
						"5.4167": {
							"post": [0, 0, 0],
							"lerp_mode": "catmullrom"
						},
						"6.4167": {
							"post": [0, 30, 0],
							"lerp_mode": "catmullrom"
						},
						"7.4167": {
							"post": [0, 0, 0],
							"lerp_mode": "catmullrom"
						},
						"8.4167": {
							"post": [0, -30, 0],
							"lerp_mode": "catmullrom"
						},
						"9.4167": {
							"post": [0, 0, 0],
							"lerp_mode": "catmullrom"
						},
						"10.4167": {
							"post": [0, 30, 0],
							"lerp_mode": "catmullrom"
						},
						"11.4167": {
							"post": [0, 0, 0],
							"lerp_mode": "catmullrom"
						},
						"12.4167": {
							"post": [0, -30, 0],
							"lerp_mode": "catmullrom"
						},
						"13.4167": {
							"post": [0, 0, 0],
							"lerp_mode": "catmullrom"
						},
						"14.4167": {
							"post": [0, 30, 0],
							"lerp_mode": "catmullrom"
						},
						"15.4167": {
							"post": [0, 0, 0],
							"lerp_mode": "catmullrom"
						},
						"16.4167": {
							"post": [0, -30, 0],
							"lerp_mode": "catmullrom"
						},
						"17.4167": {
							"post": [0, 0, 0],
							"lerp_mode": "catmullrom"
						},
						"18.4167": {
							"post": [0, 30, 0],
							"lerp_mode": "catmullrom"
						},
						"19.0": [0, 0, 0]
					}
				}
			}
		}
	}
}