{
	"format_version": "1.8.0",
	"animations": {
		"animation.nurumone.ground_idle": {
			"loop": true,
			"bones": {
				"body": {
					"position": [0, "Math.sin((query.anim_time + 0.5) * 85) * 1", 0]
				},
				"headtentacle": {
					"rotation": [45, 0, "0 - Math.cos((query.anim_time + 0.95) * 90) * 7.5"]
				},
				"headtentacleb": {
					"rotation": ["-45 - Math.cos((query.anim_time + 0.95) * 90) * 15", 0, 0]
				},
				"headtentacle2": {
					"rotation": [45, 0, "0 + Math.cos((query.anim_time + 0.95) * 90) * 7.5"]
				},
				"headtentacleb2": {
					"rotation": ["-45 - Math.cos((query.anim_time + 0.95) * 90) * 15", 0, 0]
				},
				"headtentacle3": {
					"rotation": [-82, 0, "0 + Math.cos((query.anim_time + 1.95) * 90) * 7.5"]
				},
				"headtentacleb3": {
					"rotation": ["12.75+Math.cos((query.anim_time + 0.95) * 90) * 2.5", 0, 0]
				},
				"headtentacle4": {
					"rotation": [-78, 0, "0 - Math.cos((query.anim_time + 1.95) * 90) * 7.5"]
				},
				"headtentacleb4": {
					"rotation": ["12.75 + Math.cos((query.anim_time + 0.95) * 90) * 2.5", 0, 0]
				},
				"headtentacle5": {
					"rotation": [45, 0, "0 - Math.cos((query.anim_time + 1.35) * 90) * 7.5"]
				},
				"headtentacleb5": {
					"rotation": ["-45 - Math.cos((query.anim_time + 0.95) * 90) * 15", 0, 0]
				},
				"headtentacle6": {
					"rotation": [45, 0, "0 + Math.cos((query.anim_time + 1.35) * 90) * 7.5"]
				},
				"headtentacleb6": {
					"rotation": ["-45 - Math.cos((query.anim_time + 0.95) * 90) * 15", 0, 0]
				},
				"headtentacle7": {
					"rotation": [-45, 0, "0 - Math.cos((query.anim_time + 0.3) * 90) * 7.5"]
				},
				"headtentacleb7": {
					"rotation": ["45 + Math.cos((query.anim_time + 0.95) * 90) * 15", 0, 0]
				},
				"headtentacle8": {
					"rotation": [-45, 0, "0 + Math.cos((query.anim_time + 0.3) * 90) * 7.5"]
				},
				"headtentacleb8": {
					"rotation": ["45 + Math.cos((query.anim_time + 0.95) * 90) * 15", 0, 0]
				},
				"leftleg": {
					"rotation": [-46.75, 0, 0]
				},
				"leftclaw1": {
					"rotation": [0, -25.75, -22.5]
				},
				"leftclaw2": {
					"rotation": [-7, -4, 0.25]
				},
				"leftclaw3": {
					"rotation": [-21.97928, 8.65, 16],
					"position": [-0.675, 0, 0]
				},
				"rightleg": {
					"rotation": [-46.75, 0, 0]
				},
				"rightclaw1": {
					"rotation": [0, 25.75, 22.5]
				},
				"rightclaw2": {
					"rotation": [-7, 4, -0.25]
				},
				"rightclaw3": {
					"rotation": [-21.9, -8.65, -16],
					"position": [0.675, 0, 0]
				},
				"body2": {
					"rotation": [20.75, 0, 0],
					"position": [0, "0 - Math.sin((query.anim_time + 0.5) * 85) * 1", -1.025]
				},
				"leftbackleg2": {
					"rotation": [-19.31689, 4.19428, 11.78588]
				},
				"rightbackleg2": {
					"rotation": [-20.44864, -4.88632, -12.86815]
				},
				"tail": {
					"rotation": ["26.5 - Math.cos((query.anim_time + 0.95) * 50) * 3", 0, 0]
				},
				"tail2": {
					"rotation": ["39 - Math.cos((query.anim_time + 0.95) * 50) * 4.5", 0, 0]
				},
				"tailtentacle": {
					"rotation": ["-57.5 + Math.cos((query.anim_time + 0.3) * 135) * 10", 0, 0]
				},
				"tailtentacleb": {
					"rotation": ["67.5+Math.sin((query.anim_time + 0.45) * 135) * 19", 0, 0]
				},
				"tailtentacle2": {
					"rotation": ["57.5 - Math.cos((query.anim_time + 0.3) * 135) * 10", 0, 0]
				},
				"tailtentacleb2": {
					"rotation": ["-67.5 - Math.sin((query.anim_time + 0.45) * 135) * 19", 0, 0]
				},
				"tailtentacle3": {
					"rotation": ["-57.5 + Math.cos((query.anim_time + 0.3) * 135) * 10", 0, 0]
				},
				"tailtentacleb3": {
					"rotation": ["67.5 + Math.sin((query.anim_time + 0.45) * 135) * 19", 0, 0]
				},
				"tailtentacle4": {
					"rotation": ["-57.5 + Math.cos((query.anim_time + 0.3) * 135) * 10", 0, 0]
				},
				"tailtentacleb4": {
					"rotation": ["67.5 + Math.sin((query.anim_time + 0.45) * 135) * 19", 0, 0]
				},
				"tailtentacle5": {
					"rotation": ["-57.5 + Math.cos((query.anim_time + 0.3) * 135) * 10", 0, 0]
				},
				"tailtentacleb5": {
					"rotation": ["67.5 + Math.sin((query.anim_time + 0.45) * 135) * 19", 0, 0]
				},
				"tailtentacle6": {
					"rotation": ["-57.5 + Math.cos((query.anim_time + 0.3) * 135) * 10", 0, 0]
				},
				"tailtentacleb6": {
					"rotation": ["67.5 + Math.sin((query.anim_time + 0.45) * 135) * 19", 0, 0]
				},
				"tailtentacle7": {
					"rotation": ["57.5 - Math.cos((query.anim_time + 0.3) * 135) * 10", 0, 0]
				},
				"tailtentacleb7": {
					"rotation": ["-67.5 - Math.sin((query.anim_time + 0.45) * 135) * 19", 0, 0]
				},
				"tailtentacle8": {
					"rotation": ["57.5 - Math.cos((query.anim_time + 0.3) * 135) * 10", 0, 0]
				},
				"tailtentacleb8": {
					"rotation": ["-67.5 - Math.sin((query.anim_time + 0.45) * 135) * 19", 0, 0]
				},
				"body_front": {
					"position": [0, "0 - Math.sin((query.anim_time + 0.5) * 85) * 1", 0]
				}
			}
		},
		"animation.nurumone.ground_walk": {
			"loop": true,
			"bones": {
				"body": {
					"position": [0, "Math.sin((query.anim_time + 0.5) * 85) * 0.1", "Math.cos((query.anim_time - 1.3) * 270) * 0.5"]
				},
				"headtentacle": {
					"rotation": [45, 0, "0 - Math.cos((query.anim_time + 0.95) * 90) * 7.5"]
				},
				"headtentacleb": {
					"rotation": ["-45 - Math.cos((query.anim_time + 0.95) * 90) * 15", 0, 0]
				},
				"headtentacle2": {
					"rotation": [45, 0, "0 + Math.cos((query.anim_time + 0.95) * 90) * 7.5"]
				},
				"headtentacleb2": {
					"rotation": ["-45 - Math.cos((query.anim_time + 0.95) * 90) * 15", 0, 0]
				},
				"headtentacle3": {
					"rotation": [-82, 0, "0 + Math.cos((query.anim_time + 1.95) * 90) * 7.5"]
				},
				"headtentacleb3": {
					"rotation": ["12.75+Math.cos((query.anim_time + 0.95) * 90) * 2.5", 0, 0]
				},
				"headtentacle4": {
					"rotation": [-78, 0, "0 - Math.cos((query.anim_time + 1.95) * 90) * 7.5"]
				},
				"headtentacleb4": {
					"rotation": ["12.75 + Math.cos((query.anim_time + 0.95) * 90) * 2.5", 0, 0]
				},
				"headtentacle5": {
					"rotation": [45, 0, "0 - Math.cos((query.anim_time + 1.35) * 90) * 7.5"]
				},
				"headtentacleb5": {
					"rotation": ["-45 - Math.cos((query.anim_time + 0.95) * 90) * 15", 0, 0]
				},
				"headtentacle6": {
					"rotation": [45, 0, "0 + Math.cos((query.anim_time + 1.35) * 90) * 7.5"]
				},
				"headtentacleb6": {
					"rotation": ["-45 - Math.cos((query.anim_time + 0.95) * 90) * 15", 0, 0]
				},
				"headtentacle7": {
					"rotation": [-45, 0, "0 - Math.cos((query.anim_time + 0.3) * 90) * 7.5"]
				},
				"headtentacleb7": {
					"rotation": ["45 + Math.cos((query.anim_time + 0.95) * 90) * 15", 0, 0]
				},
				"headtentacle8": {
					"rotation": [-45, 0, "0 + Math.cos((query.anim_time + 0.3) * 90) * 7.5"]
				},
				"headtentacleb8": {
					"rotation": ["45 + Math.cos((query.anim_time + 0.95) * 90) * 15", 0, 0]
				},
				"leftleg": {
					"rotation": [-46.75, "21.5 + Math.cos((query.anim_time + 1.3) * 270) * 2.5", 3.65137]
				},
				"leftclaw1": {
					"rotation": [0, -25.75, -22.5]
				},
				"leftclaw2": {
					"rotation": [-7, -4, 0.25]
				},
				"leftclaw3": {
					"rotation": [-21.97928, 8.65, 16],
					"position": [-0.675, 0, 0]
				},
				"rightleg": {
					"rotation": [-40.34422, "-12.6393 - Math.cos((query.anim_time + 1.3) * 270) * 2.5", -2.42016]
				},
				"rightclaw1": {
					"rotation": [0, 25.75, 22.5]
				},
				"rightclaw2": {
					"rotation": [-7, 4, -0.25]
				},
				"rightclaw3": {
					"rotation": [-21.9, -8.65, -16],
					"position": [0.675, 0, 0]
				},
				"body2": {
					"rotation": [20.75, 0, 0],
					"position": [0, "0 - Math.sin((query.anim_time + 0.5) * 85) * 0.1", -1.025]
				},
				"leftbackleg2": {
					"rotation": [-22.81085, -31.68436, 25.71145],
					"position": [-1.35, -1, 0]
				},
				"rightbackleg2": {
					"rotation": [-24.32889, 32.33327, -28.28132],
					"position": [1.525, -0.7, 0]
				},
				"tail": {
					"rotation": ["26.5 - Math.cos((query.anim_time + 0.95) * 50) * 3", 0, 0]
				},
				"tail2": {
					"rotation": ["39 - Math.cos((query.anim_time + 0.95) * 50) * 4.5", 0, 0]
				},
				"tailtentacle": {
					"rotation": ["-57.5 + Math.cos((query.anim_time + 0.3) * 135) * 10", 0, 0]
				},
				"tailtentacleb": {
					"rotation": ["67.5+Math.sin((query.anim_time + 0.45) * 135) * 19", 0, 0]
				},
				"tailtentacle2": {
					"rotation": ["57.5 - Math.cos((query.anim_time + 0.3) * 135) * 10", 0, 0]
				},
				"tailtentacleb2": {
					"rotation": ["-67.5 - Math.sin((query.anim_time + 0.45) * 135) * 19", 0, 0]
				},
				"tailtentacle3": {
					"rotation": ["-57.5 + Math.cos((query.anim_time + 0.3) * 135) * 10", 0, 0]
				},
				"tailtentacleb3": {
					"rotation": ["67.5 + Math.sin((query.anim_time + 0.45) * 135) * 19", 0, 0]
				},
				"tailtentacle4": {
					"rotation": ["-57.5 + Math.cos((query.anim_time + 0.3) * 135) * 10", 0, 0]
				},
				"tailtentacleb4": {
					"rotation": ["67.5 + Math.sin((query.anim_time + 0.45) * 135) * 19", 0, 0]
				},
				"tailtentacle5": {
					"rotation": ["-57.5 + Math.cos((query.anim_time + 0.3) * 135) * 10", 0, 0]
				},
				"tailtentacleb5": {
					"rotation": ["67.5 + Math.sin((query.anim_time + 0.45) * 135) * 19", 0, 0]
				},
				"tailtentacle6": {
					"rotation": ["-57.5 + Math.cos((query.anim_time + 0.3) * 135) * 10", 0, 0]
				},
				"tailtentacleb6": {
					"rotation": ["67.5 + Math.sin((query.anim_time + 0.45) * 135) * 19", 0, 0]
				},
				"tailtentacle7": {
					"rotation": ["57.5 - Math.cos((query.anim_time + 0.3) * 135) * 10", 0, 0]
				},
				"tailtentacleb7": {
					"rotation": ["-67.5 - Math.sin((query.anim_time + 0.45) * 135) * 19", 0, 0]
				},
				"tailtentacle8": {
					"rotation": ["57.5 - Math.cos((query.anim_time + 0.3) * 135) * 10", 0, 0]
				},
				"tailtentacleb8": {
					"rotation": ["-67.5 - Math.sin((query.anim_time + 0.45) * 135) * 19", 0, 0]
				},
				"body_front": {
					"position": [0, "0 - Math.sin((query.anim_time + 0.5) * 85) * 0.1", 0]
				},
				"leftbackleg": {
					"rotation": [0, -26.75, 0]
				},
				"rightbackleg": {
					"rotation": [0, 19.75, 0]
				}
			}
		},
		"animation.nurumone.water_idle": {
			"loop": true,
			"bones": {
				"body": {
					"rotation": [-4.25, 0, 0],
					"position": [0, "Math.sin((query.anim_time + 0.5) * 85) * 0.5", 0]
				},
				"head": {
					"rotation": [" - Math.sin((query.anim_time + 0.95) * 90) * 3.5", 0, 0]
				},
				"headtentacle": {
					"rotation": [45, 0, "0 - Math.cos((query.anim_time + 0.95) * 90) * 7.5"]
				},
				"headtentacleb": {
					"rotation": ["-45 - Math.cos((query.anim_time + 0.95) * 90) * 15", 0, 0]
				},
				"headtentacle2": {
					"rotation": [45, 0, "0 + Math.cos((query.anim_time + 0.95) * 90) * 7.5"]
				},
				"headtentacleb2": {
					"rotation": ["-45 - Math.cos((query.anim_time + 0.95) * 90) * 15", 0, 0]
				},
				"headtentacle3": {
					"rotation": [-45, 0, "0 + Math.cos((query.anim_time + 1.95) * 90) * 7.5"]
				},
				"headtentacleb3": {
					"rotation": ["45 + Math.cos((query.anim_time + 0.95) * 90) * 15", 0, 0]
				},
				"headtentacle4": {
					"rotation": [-45, 0, "0 - Math.cos((query.anim_time + 1.95) * 90) * 7.5"]
				},
				"headtentacleb4": {
					"rotation": ["45 + Math.cos((query.anim_time + 0.95) * 90) * 15", 0, 0]
				},
				"headtentacle5": {
					"rotation": [45, 0, "0 - Math.cos((query.anim_time + 1.35) * 90) * 7.5"]
				},
				"headtentacleb5": {
					"rotation": ["-45 - Math.cos((query.anim_time + 0.95) * 90) * 15", 0, 0]
				},
				"headtentacle6": {
					"rotation": [45, 0, "0 + Math.cos((query.anim_time + 1.35) * 90) * 7.5"]
				},
				"headtentacleb6": {
					"rotation": ["-45 - Math.cos((query.anim_time + 0.95) * 90) * 15", 0, 0]
				},
				"headtentacle7": {
					"rotation": [-45, 0, "- Math.cos((query.anim_time + 0.3) * 90) * 7.5"]
				},
				"headtentacleb7": {
					"rotation": ["45 + Math.cos((query.anim_time + 0.95) * 90) * 15", 0, 0]
				},
				"headtentacle8": {
					"rotation": [-45, 0, "0 + Math.cos((query.anim_time + 0.3) * 90) * 7.5"]
				},
				"headtentacleb8": {
					"rotation": ["45 + Math.cos((query.anim_time + 0.95) * 90) * 15", 0, 0]
				},
				"leftleg": {
					"rotation": [-89.05403, 2.5, 33]
				},
				"leftleg2": {
					"rotation": [0, -22.5, -22.5]
				},
				"leftclaw1": {
					"rotation": [22.5, 0, -30]
				},
				"leftclaw2": {
					"rotation": [22.5, 0, -20]
				},
				"leftclaw3": {
					"rotation": [22.5, 0, -12.5]
				},
				"rightleg": {
					"rotation": [-82.13193, 2.5, -33]
				},
				"rightleg2": {
					"rotation": [0, 22.5, 22.5]
				},
				"rightclaw1": {
					"rotation": [22.5, 0, 30]
				},
				"rightclaw2": {
					"rotation": [22.5, 0, 20]
				},
				"rightclaw3": {
					"rotation": [22.5, 0, 10]
				},
				"body2": {
					"rotation": [-4.25, 0, 0]
				},
				"leftbackleg": {
					"rotation": [0, -16.5, 0]
				},
				"rightbackleg": {
					"rotation": [0, 16.5, 0]
				},
				"tail": {
					"rotation": [-0.75, 0, 0]
				},
				"tail2": {
					"rotation": [4, 0, 0]
				},
				"tailtentacle": {
					"rotation": ["-67.5 + Math.cos((query.anim_time + 0.3) * 135) * 10", 0, 0]
				},
				"tailtentacleb": {
					"rotation": ["-22.5 + Math.sin((query.anim_time + 0.45) * 135) * 19", 0, 0]
				},
				"tailtentacle2": {
					"rotation": ["67.5 - Math.cos((query.anim_time + 0.3) * 135) * 10", 0, 0]
				},
				"tailtentacleb2": {
					"rotation": ["22.5 - Math.sin((query.anim_time + 0.45) * 135) * 19", 0, 0]
				},
				"tailtentacle3": {
					"rotation": ["-67.5 + Math.cos((query.anim_time + 0.3) * 135) * 10", 0, 0]
				},
				"tailtentacleb3": {
					"rotation": ["-22.5 + Math.sin((query.anim_time + 0.45) * 135) * 19", 0, 0]
				},
				"tailtentacle4": {
					"rotation": ["-67.5 + Math.cos((query.anim_time + 0.3) * 135) * 10", 0, 0]
				},
				"tailtentacleb4": {
					"rotation": ["-22.5 + Math.sin((query.anim_time + 0.45) * 135) * 19", 0, 0]
				},
				"tailtentacle5": {
					"rotation": ["-67.5 + Math.cos((query.anim_time + 0.3) * 135) * 10", 0, 0]
				},
				"tailtentacleb5": {
					"rotation": ["-22.5 + Math.sin((query.anim_time + 0.45) * 135) * 19", 0, 0]
				},
				"tailtentacle6": {
					"rotation": ["-67.5 + Math.cos((query.anim_time + 0.3) * 135) * 10", 0, 0]
				},
				"tailtentacleb6": {
					"rotation": ["-22.5 + Math.sin((query.anim_time + 0.45) * 135) * 19", 0, 0]
				},
				"tailtentacle7": {
					"rotation": ["67.5 - Math.cos((query.anim_time + 0.3) * 135) * 10", 0, 0]
				},
				"tailtentacleb7": {
					"rotation": ["22.5 - Math.sin((query.anim_time + 0.45) * 135) * 19", 0, 0]
				},
				"tailtentacle8": {
					"rotation": ["67.5 - Math.cos((query.anim_time + 0.3) * 135) * 10", 0, 0]
				},
				"tailtentacleb8": {
					"rotation": ["22.5 - Math.sin((query.anim_time + 0.45) * 135) * 19", 0, 0]
				},
				"body_front": {
					"rotation": ["8.25 - Math.cos((query.anim_time + 0.95) * 90) * 3.5", 0, 0]
				}
			}
		},
		"animation.nurumone.water_swim": {
			"loop": true,
			"bones": {
				"body": {
					"rotation": [-4.25, 0, 0],
					"position": [0, "Math.sin((query.anim_time + 0.3) * 85) * 0.1", "Math.cos((query.anim_time + 0.3) * 135) * 0.5"]
				},
				"headtentacle": {
					"rotation": [45, 0, "- Math.cos((query.anim_time + 0.95) * 90) * 7.5"]
				},
				"headtentacleb": {
					"rotation": ["-45 - Math.cos((query.anim_time + 0.95) * 90) * 15", 0, 0]
				},
				"headtentacle2": {
					"rotation": [45, 0, "0 + Math.cos((query.anim_time + 0.95) * 90) * 7.5"]
				},
				"headtentacleb2": {
					"rotation": ["-45 - Math.cos((query.anim_time + 0.95) * 90) * 15", 0, 0]
				},
				"headtentacle3": {
					"rotation": [-45, 0, "0 + Math.cos((query.anim_time + 1.95) * 90) * 7.5"]
				},
				"headtentacleb3": {
					"rotation": ["45 + Math.cos((query.anim_time + 0.95) * 90) * 15", 0, 0]
				},
				"headtentacle4": {
					"rotation": [-45, 0, "- Math.cos((query.anim_time + 1.95) * 90) * 7.5"]
				},
				"headtentacleb4": {
					"rotation": ["45 + Math.cos((query.anim_time + 0.95) * 90) * 15", 0, 0]
				},
				"headtentacle5": {
					"rotation": [45, 0, "0 - Math.cos((query.anim_time + 1.35) * 90) * 7.5"]
				},
				"headtentacleb5": {
					"rotation": ["-45 - Math.cos((query.anim_time + 0.95) * 90) * 15", 0, 0]
				},
				"headtentacle6": {
					"rotation": [45, 0, "0 + Math.cos((query.anim_time + 1.35) * 90) * 7.5"]
				},
				"headtentacleb6": {
					"rotation": ["-45 - Math.cos((query.anim_time + 0.95) * 90) * 15", 0, 0]
				},
				"headtentacle7": {
					"rotation": [-45, 0, "0 - Math.cos((query.anim_time + 0.3) * 90) * 7.5"]
				},
				"headtentacleb7": {
					"rotation": ["45 + Math.cos((query.anim_time + 0.95) * 90) * 15", 0, 0]
				},
				"headtentacle8": {
					"rotation": [-45, 0, "0 + Math.cos((query.anim_time + 0.3) * 90) * 7.5"]
				},
				"headtentacleb8": {
					"rotation": ["45 + Math.cos((query.anim_time + 0.95) * 90) * 15", 0, 0]
				},
				"leftleg": {
					"rotation": [-82.13193, "-9.9077 - Math.cos((query.anim_time + 1.3) * 135) * 10", "-1.3621 - Math.cos((query.anim_time + 0.3) * 135) * 10"]
				},
				"leftleg2": {
					"rotation": [0, -22.5, -22.5]
				},
				"leftclaw1": {
					"rotation": [22.5, 0, -30]
				},
				"leftclaw2": {
					"rotation": [22.5, 0, -20]
				},
				"leftclaw3": {
					"rotation": [22.5, 0, -12.5]
				},
				"rightleg": {
					"rotation": [-82.13193, "9.9077 + Math.cos((query.anim_time + 1.3) * 135) * 10", "1.3621 + Math.cos((query.anim_time + 0.3) * 135) * 10"]
				},
				"rightleg2": {
					"rotation": [0, 22.5, 22.5]
				},
				"rightclaw1": {
					"rotation": [22.5, 0, 30]
				},
				"rightclaw2": {
					"rotation": [22.5, 0, 20]
				},
				"rightclaw3": {
					"rotation": [22.5, 0, 10]
				},
				"body2": {
					"rotation": [-4.25, 0, 0]
				},
				"leftbackleg": {
					"rotation": [0, "-16.5 + Math.sin((query.anim_time + 0.4) * 180) * -15", 0]
				},
				"rightbackleg": {
					"rotation": [0, "16.5 - Math.sin((query.anim_time + 0.4) * 180) * -15", 0]
				},
				"tail": {
					"rotation": [4, 0, 0]
				},
				"tail2": {
					"rotation": [6.75, 0, 0]
				},
				"tailtentacle": {
					"rotation": ["-45 + Math.cos((query.anim_time + 0.3) * 135) * 30", 0, 0]
				},
				"tailtentacleb": {
					"rotation": ["-22.5 + Math.sin((query.anim_time + 0.4) * 135) * 35", 0, 0]
				},
				"tailtentacle2": {
					"rotation": ["45 - Math.cos((query.anim_time + 0.3) * 135) * 30", 0, 0]
				},
				"tailtentacleb2": {
					"rotation": ["22.5 - Math.sin((query.anim_time + 0.4) * 135) * 35", 0, 0]
				},
				"tailtentacle3": {
					"rotation": ["-45 + Math.cos((query.anim_time + 0.3) * 135) * 30", 0, 0]
				},
				"tailtentacleb3": {
					"rotation": ["-22.5 + Math.sin((query.anim_time + 0.4) * 135) * 35", 0, 0]
				},
				"tailtentacle4": {
					"rotation": ["-45 + Math.cos((query.anim_time + 0.3) * 135) * 30", 0, 0]
				},
				"tailtentacleb4": {
					"rotation": ["-22.5 + Math.sin((query.anim_time + 0.4) * 135) * 35", 0, 0]
				},
				"tailtentacle5": {
					"rotation": ["-45 + Math.cos((query.anim_time + 0.3) * 135) * 30", 0, 0]
				},
				"tailtentacleb5": {
					"rotation": ["-22.5 + Math.sin((query.anim_time + 0.4) * 135) * 35", 0, 0]
				},
				"tailtentacle6": {
					"rotation": ["-45 + Math.cos((query.anim_time + 0.3) * 135) * 30", 0, 0]
				},
				"tailtentacleb6": {
					"rotation": ["-22.5 + Math.sin((query.anim_time + 0.4) * 135) * 35", 0, 0]
				},
				"tailtentacle7": {
					"rotation": ["45 - Math.cos((query.anim_time + 0.3) * 135) * 30", 0, 0]
				},
				"tailtentacleb7": {
					"rotation": ["22.5 - Math.sin((query.anim_time + 0.4) * 135) * 35", 0, 0]
				},
				"tailtentacle8": {
					"rotation": ["45 - Math.cos((query.anim_time + 0.3) * 135) * 30", 0, 0]
				},
				"tailtentacleb8": {
					"rotation": ["22.5 - Math.sin((query.anim_time + 0.4) * 135) * 35", 0, 0]
				},
				"body_front": {
					"rotation": [8.25, 0, 0]
				},
				"leftbackleg2": {
					"rotation": [0, "-6.5 + Math.sin((query.anim_time + 0.4) * 180) * -15", 0]
				},
				"rightbackleg2": {
					"rotation": [0, "6.5 - Math.sin((query.anim_time + 0.4) * 180) * -15", 0]
				}
			}
		},
		"animation.nurumone.faint": {
			"loop": "hold_on_last_frame",
			"animation_length": 2,
			"bones": {
				"body": {
					"position": {
						"0.0": [0, 0, 0],
						"0.0417": [0.3, 0, 0],
						"0.0833": [0, 0, 0],
						"0.125": [-0.3, 0, 0],
						"0.1667": [0, 0, 0],
						"0.2083": [0.3, 0, 0],
						"0.25": [0, 0, 0],
						"0.2917": [-0.3, 0, 0],
						"0.3333": [0, 0, 0]
					}
				},
				"headtentacle": {
					"rotation": {
						"0.0": [45, 0, 0],
						"0.125": [45, 0, 0],
						"0.875": [45, 0, -30],
						"1.2917": [66.81282, 8.80348, -38.90928],
						"1.6667": [76.81282, 8.80348, -38.90928]
					}
				},
				"headtentacleb": {
					"rotation": {
						"0.0": [-45, 0, 0],
						"0.125": [-45, 0, 0],
						"0.875": [77.5, 0, 0],
						"1.2917": [112.5, 0, 0]
					}
				},
				"headtentacle2": {
					"rotation": {
						"0.0": [45, 0, 0],
						"0.125": [45, 0, 0],
						"0.875": [45, 0, 30],
						"1.2917": [54.56145, -7.05302, 37.10708],
						"1.6667": [67.06145, -7.05302, 37.10708]
					}
				},
				"headtentacleb2": {
					"rotation": {
						"0.0": [-45, 0, 0],
						"0.125": [-45, 0, 0],
						"0.875": [77.5, 0, 0],
						"1.2917": [120, 0, 0]
					}
				},
				"headtentacle3": {
					"rotation": {
						"0.0": [-82, 0, 0],
						"0.125": [-82, 0, 0],
						"1.6667": [-82.12, 1.38481, -9.90462]
					}
				},
				"headtentacleb3": {
					"rotation": {
						"0.0": [12.75, 0, 0],
						"0.125": [12.75, 0, 0],
						"1.6667": [-23.96464, 7.91822, -3.10049]
					}
				},
				"headtentacle4": {
					"rotation": {
						"0.0": [-78, 0, 0],
						"0.125": [-78, 0, 0],
						"1.6667": [-91.70451, -4.07774, 19.59657]
					}
				},
				"headtentacleb4": {
					"rotation": {
						"0.0": ["12.75 + Math.cos((query.anim_time + 0.95) * 90) * 2.5", 0, 0],
						"0.125": ["12.75 + Math.cos((query.anim_time + 0.95) * 90) * 2.5", 0, 0],
						"1.6667": ["-14.3181 + Math.cos((query.anim_time + 0.95) * 90) * 2.5", 4.72085, -1.64917]
					}
				},
				"headtentacle5": {
					"rotation": {
						"0.0": [45, 0, 0],
						"0.125": [45, 0, 0],
						"0.875": [45, 0, 35],
						"1.6667": [57.10087, -12.67956, 16.25773]
					}
				},
				"headtentacleb5": {
					"rotation": {
						"0.0": [-45, 0, 0],
						"0.125": [-45, 0, 0],
						"0.875": [35, 0, 0],
						"1.2917": [85, 0, 0]
					}
				},
				"headtentacle6": {
					"rotation": {
						"0.0": [45, 0, 0],
						"0.125": [45, 0, 0],
						"0.875": [45, 0, -35],
						"1.6667": [68.23299, 13.34855, -7.88229]
					}
				},
				"headtentacleb6": {
					"rotation": {
						"0.0": ["-45 - Math.cos((query.anim_time + 0.95) * 90) * 15", 0, 0],
						"0.125": ["-45 - Math.cos((query.anim_time + 0.95) * 90) * 15", 0, 0],
						"0.875": [35, 0, 0],
						"1.2917": [82.5, 0, 0]
					}
				},
				"headtentacle7": {
					"rotation": {
						"0.0": [-45, 0, 0],
						"0.125": [-45, 0, 0],
						"0.875": [-45, 0, -12.5],
						"1.6667": [-56.78082, -13.99545, 1.93276]
					}
				},
				"headtentacleb7": {
					"rotation": {
						"0.0": ["45 + Math.cos((query.anim_time + 0.95) * 90) * 15", 0, 0],
						"0.125": ["45 + Math.cos((query.anim_time + 0.95) * 90) * 15", 0, 0],
						"0.875": [-42.5, 0, 0],
						"1.2917": [-87.5, 0, 0],
						"1.6667": [-95, 0, 0]
					}
				},
				"headtentacle8": {
					"rotation": {
						"0.0": [-45, 0, 0],
						"0.125": [-45, 0, 0],
						"0.875": [-45, 0, 12.5],
						"1.6667": [-52.93855, 7.05302, 5.39292]
					}
				},
				"headtentacleb8": {
					"rotation": {
						"0.0": [45, 0, 0],
						"0.125": [45, 0, 0],
						"0.875": [-42.5, 0, 0],
						"1.2917": [-65, 0, 0],
						"1.6667": [-92.5, 0, 0]
					}
				},
				"leftleg": {
					"rotation": {
						"0.0": [-46.75, 0, 0],
						"0.125": [-46.75, 0, 0],
						"0.875": [-74.25, 0, 0],
						"1.2917": [-89.25006, -0.00982, 0.74994]
					}
				},
				"leftclaw1": {
					"rotation": {
						"0.0": [0, -25.75, -22.5],
						"0.125": [0, -25.75, -22.5],
						"0.875": [37.5, -25.75, -22.5],
						"1.6667": [33.56292, -7.34943, -8.9147]
					}
				},
				"leftclaw2": {
					"rotation": {
						"0.0": [-7, -4, 0.25],
						"0.125": [-7, -4, 0.25],
						"0.875": [25.37849, -24.57288, -9.21337],
						"1.6667": [24.16003, -17.76078, -5.84572]
					}
				},
				"leftclaw3": {
					"rotation": {
						"0.0": [-21.97928, 8.65, 16],
						"0.125": [-21.97928, 8.65, 16],
						"0.875": [55.59576, -7.89759, 27.27244],
						"1.6667": [49.76508, -29.94974, 44.79673]
					},
					"position": {
						"0.0": [-0.675, 0, 0],
						"0.125": [-0.675, 0, 0]
					}
				},
				"rightleg": {
					"rotation": {
						"0.0": [-46.75, 0, 0],
						"0.125": [-46.75, 0, 0],
						"0.875": [-74.25, 0, 0],
						"1.2917": [-89.25003, 0.00654, -0.49996]
					}
				},
				"rightclaw1": {
					"rotation": {
						"0.0": [0, 25.75, 22.5],
						"0.125": [0, 25.75, 22.5],
						"0.875": [50, 25.75, 22.5]
					}
				},
				"rightclaw2": {
					"rotation": {
						"0.0": [-7, 4, -0.25],
						"0.125": [-7, 4, -0.25],
						"0.875": [22.61778, 18.88342, -2.16038],
						"1.6667": [21.42323, 4.96578, -7.89449]
					}
				},
				"rightclaw3": {
					"rotation": {
						"0.0": [-21.9, -8.65, -16],
						"0.125": [-21.9, -8.65, -16],
						"0.875": [8.3313, 2.9637, -20.6367],
						"1.6667": [36.24156, 17.79948, -18.37939]
					},
					"position": {
						"0.0": [0.675, 0, 0],
						"0.125": [0.675, 0, 0]
					}
				},
				"body2": {
					"rotation": {
						"0.0": [20.75, 0, 0],
						"0.125": [20.75, 0, 0]
					},
					"position": {
						"0.0": [0, 0, -1.025],
						"0.125": [0, 0, -1.025]
					}
				},
				"leftbackleg2": {
					"rotation": {
						"0.0": [-19.31689, 4.19428, 11.78588],
						"0.125": [-19.31689, 4.19428, 11.78588]
					}
				},
				"rightbackleg2": {
					"rotation": {
						"0.0": [-20.44864, -4.88632, -12.86815],
						"0.125": [-20.44864, -4.88632, -12.86815]
					}
				},
				"tail": {
					"rotation": {
						"0.0": [26.5, 0, 0],
						"0.125": [26.5, 0, 0],
						"0.875": [4, 0, 0],
						"1.2917": [-21, 0, 0],
						"1.6667": [-31.25, 0, 0]
					}
				},
				"tail2": {
					"rotation": {
						"0.0": [39, 0, 0],
						"0.125": [39, 0, 0],
						"0.875": [21.5, 0, 0],
						"1.2917": [4, 0, 0],
						"1.6667": [6.5, 0, 0]
					}
				},
				"tailtentacle": {
					"rotation": {
						"0.0": [-57.5, 0, 0],
						"0.125": [-57.5, 0, 0]
					}
				},
				"tailtentacleb": {
					"rotation": {
						"0.0": [67.5, 0, 0],
						"0.125": [67.5, 0, 0],
						"0.875": [5, 0, 0],
						"1.2917": [-55, 0, 0],
						"1.6667": [-77.5, 0, 0]
					}
				},
				"tailtentacle2": {
					"rotation": {
						"0.0": [57.5, 0, 0],
						"0.125": [57.5, 0, 0],
						"1.6667": [72.5, 0, 0]
					}
				},
				"tailtentacleb2": {
					"rotation": {
						"0.0": [-67.5, 0, 0],
						"0.125": [-67.5, 0, 0],
						"0.875": [17.5, 0, 0],
						"1.2917": [55, 0, 0],
						"1.6667": [85, 0, 0]
					}
				},
				"tailtentacle3": {
					"rotation": {
						"0.0": [-57.5, 0, 0],
						"0.125": [-57.5, 0, 0],
						"1.6667": [-80, 0, 0]
					}
				},
				"tailtentacleb3": {
					"rotation": {
						"0.0": [67.5, 0, 0],
						"0.125": [67.5, 0, 0],
						"0.875": [27.5, 0, 0],
						"1.2917": [-30, 0, 0],
						"1.6667": [-62.5, 0, 0]
					}
				},
				"tailtentacle4": {
					"rotation": {
						"0.0": [-57.5, 0, 0],
						"0.125": [-57.5, 0, 0],
						"1.6667": [-80, 0, 0]
					}
				},
				"tailtentacleb4": {
					"rotation": {
						"0.0": [67.5, 0, 0],
						"0.125": [67.5, 0, 0],
						"0.875": [12.5, 0, 0],
						"1.2917": [-42.5, 0, 0],
						"1.6667": [-62.5, 0, 0]
					}
				},
				"tailtentacle5": {
					"rotation": {
						"0.0": [-57.5, 0, 0],
						"0.125": [-57.5, 0, 0]
					}
				},
				"tailtentacleb5": {
					"rotation": {
						"0.0": [67.5, 0, 0],
						"0.125": [67.5, 0, 0],
						"0.875": [-5, 0, 0],
						"1.2917": [-80, 0, 0]
					}
				},
				"tailtentacle6": {
					"rotation": {
						"0.0": [-57.5, 0, 0],
						"0.125": [-57.5, 0, 0],
						"1.6667": [-62.5, 0, 0]
					}
				},
				"tailtentacleb6": {
					"rotation": {
						"0.0": [67.5, 0, 0],
						"0.125": [67.5, 0, 0],
						"0.875": [25, 0, 0],
						"1.2917": [-40, 0, 0],
						"1.6667": [-75, 0, 0]
					}
				},
				"tailtentacle7": {
					"rotation": {
						"0.0": [57.5, 0, 0],
						"0.125": [57.5, 0, 0],
						"1.6667": [72.5, 0, 0]
					}
				},
				"tailtentacleb7": {
					"rotation": {
						"0.0": [-67.5, 0, 0],
						"0.125": [-67.5, 0, 0],
						"0.875": [-15, 0, 0],
						"1.2917": [62.5, 0, 0],
						"1.6667": [65, 0, 0]
					}
				},
				"tailtentacle8": {
					"rotation": {
						"0.0": [57.5, 0, 0],
						"0.125": [57.5, 0, 0],
						"1.6667": [80, 0, 0]
					}
				},
				"tailtentacleb8": {
					"rotation": {
						"0.0": [-67.5, 0, 0],
						"0.125": [-67.5, 0, 0],
						"0.875": [-20, 0, 0],
						"1.2917": [27.5, 0, 0],
						"1.6667": [40, 0, 0]
					}
				},
				"body_front": {
					"rotation": {
						"0.0": [0, 0, 0],
						"0.125": [0, 0, 0],
						"1.6667": [4.25, 0, 0]
					}
				},
				"head": {
					"rotation": {
						"0.0": [0, 0, 0],
						"0.125": [0, 0, 0],
						"1.6667": [12.93118, -1.34736, 5.8473]
					}
				}
			}
		}
	}
}