{
	"format_version": "1.8.0",
	"animations": {
		"animation.pikapod.ground_idle": {
			"loop": true,
			"bones": {
				"torso": {
					"scale": [
						"1+Math.cos((query.anim_time) * 90 * 1 - 90) * -0.08",
						"1+Math.cos((query.anim_time) * 90 * 1) * 0.08",
						"1+Math.cos((query.anim_time) * 90 * 1 - 40) * -0.04"
					]
				},
				"torso_bottom": {
					"scale": [
						"1+Math.cos((query.anim_time) * 90 * 1 - 120) * -0.04",
						"1+Math.cos((query.anim_time) * 90 * 1 - 30) * 0.04",
						"1+Math.cos((query.anim_time) * 90 * 1 - 70) * -0.02"
					]
				},
				"torso_flap_left": {
					"rotation": [0, 0, "0+Math.cos((query.anim_time) * 90 * 1) * 8"]
				},
				"torso_flap_right": {
					"rotation": [0, 0, "0+Math.cos((query.anim_time) * 90 * 1) * -8"]
				},
				"torso_flap_back": {
					"rotation": ["0+Math.cos((query.anim_time) * 90 * 1) * -8", 0, 0]
				},
				"ear_left": {
					"rotation": ["-10+Math.cos((query.anim_time) * 90 * 1 - 90) * -3", 0, "0+Math.cos((query.anim_time) * 90 * 1) * -4"]
				},
				"ear_right": {
					"rotation": ["-10+Math.cos((query.anim_time) * 90 * 1 - 90) * -3", 0, "0+Math.cos((query.anim_time) * 90 * 1) * 4"]
				},
				"ear_left2": {
					"rotation": ["0+Math.cos((query.anim_time) * 90 * 1 - 45) * -8", 0, 0]
				},
				"ear_right2": {
					"rotation": ["0+Math.cos((query.anim_time) * 90 * 1 - 45) * -8", 0, 0]
				},
				"ear_left3": {
					"rotation": ["0+Math.cos((query.anim_time) * 90 * 1 - 90) * -8", 0, 0]
				},
				"ear_right3": {
					"rotation": ["0+Math.cos((query.anim_time) * 90 * 1 - 90) * -8", 0, 0]
				},
				"gill_middle": {
					"rotation": ["0+Math.cos((query.anim_time) * 90 * 1 - 120) * -8", 0, 0]
				},
				"gill_left": {
					"rotation": ["0+Math.cos((query.anim_time) * 90 * 1 - 90) * -8", 0, 0]
				},
				"gill_right": {
					"rotation": ["0+Math.cos((query.anim_time) * 90 * 1 - 150) * -8", 0, 0]
				},
				"gill_right2": {
					"rotation": ["0+Math.cos((query.anim_time) * 90 * 1 - 240) * -24", 0, 0]
				},
				"gill_left2": {
					"rotation": ["0+Math.cos((query.anim_time) * 90 * 1 - 180) * -24", 0, 0]
				},
				"gill_middle2": {
					"rotation": ["0+Math.cos((query.anim_time) * 90 * 1 - 210) * -24", 0, 0]
				},
				"torso_bottom_back": {
					"position": [0, 0, "0+Math.cos((query.anim_time) * 90 * 1 - 40) * 0.1"]
				},
				"torso_bottom_front": {
					"position": [0, 0, "0+Math.cos((query.anim_time) * 90 * 1 - 40) * -0.1"]
				}
			}
		},
		"animation.pikapod.ground_walk": {
			"loop": true,
			"bones": {
				"body": {
					"position": [0, 0, "0+Math.cos((query.anim_time) * 90 * 2) * 0.8"]
				},
				"torso": {
					"position": [0, 0, "0+Math.cos((query.anim_time) * 90 * 2 + 60) * 0.1"],
					"scale": [
						"1+Math.cos((query.anim_time) * 90 * 2 + 60) * -0.06",
						"1+Math.cos((query.anim_time) * 90 * 2 + 150) * -0.06",
						"1+Math.cos((query.anim_time) * 90 * 2 + 60) * 0.1"
					]
				},
				"torso_bottom_back": {
					"position": [0, 0, "0+Math.cos((query.anim_time) * 90 * 2 + 60) * -0.7"],
					"scale": ["0.925+Math.cos((query.anim_time) * 90 * 2 - 90) * 0.1", 1, "1+Math.cos((query.anim_time) * 90 * 2 - 90) * -0.2"]
				},
				"torso_bottom_front": {
					"position": [0, 0, "0+Math.cos((query.anim_time) * 90 * 2 + 60) * 0.8"],
					"scale": [1, 1, "1+Math.cos((query.anim_time) * 90 * 2 - 90) * 0.1"]
				},
				"torso_bottom_right": {
					"scale": ["0.8+Math.cos((query.anim_time) * 90 * 2 - 90) * 0.2", 1, 1]
				},
				"torso_bottom_left": {
					"scale": ["0.8+Math.cos((query.anim_time) * 90 * 2 - 90) * 0.2", 1, 1]
				},
				"torso_flap_left": {
					"rotation": [0, 0, "0+Math.cos((query.anim_time) * 90 * 2) * 8"]
				},
				"torso_flap_right": {
					"rotation": [0, 0, "0+Math.cos((query.anim_time) * 90 * 2) * -8"]
				},
				"torso_flap_back": {
					"rotation": ["0+Math.cos((query.anim_time) * 90 * 2) * -8", 0, 0]
				},
				"ear_left": {
					"rotation": ["0+Math.cos((query.anim_time) * 90 * 2 + 50) * 4", 0, 0]
				},
				"ear_right": {
					"rotation": ["0+Math.cos((query.anim_time) * 90 * 2 + 50) * 4", 0, 0]
				},
				"ear_left2": {
					"rotation": [0, 0, "0+Math.cos((query.anim_time) * 90 * 2 - 0) * -8"]
				},
				"ear_right2": {
					"rotation": [0, 0, "0+Math.cos((query.anim_time) * 90 * 2 - 0) * 8"]
				},
				"ear_left3": {
					"rotation": [0, 0, "0+Math.cos((query.anim_time) * 90 * 2 - 50) * -8"]
				},
				"ear_right3": {
					"rotation": [0, 0, "0+Math.cos((query.anim_time) * 90 * 2 - 50) * 8"]
				},
				"gill_middle": {
					"rotation": ["0+Math.cos((query.anim_time) * 90 * 2 - 60) * -8", 0, 0]
				},
				"gill_left": {
					"rotation": ["0+Math.cos((query.anim_time) * 90 * 2 - 60) * -8", 0, 0]
				},
				"gill_right": {
					"rotation": ["0+Math.cos((query.anim_time) * 90 * 2 - 60) * -8", 0, 0]
				},
				"gill_left2": {
					"rotation": ["0+Math.cos((query.anim_time) * 90 * 2 - 120) * -24", 0, 0]
				},
				"gill_middle2": {
					"rotation": ["0+Math.cos((query.anim_time) * 90 * 2 - 120) * -24", 0, 0]
				},
				"gill_right2": {
					"rotation": ["0+Math.cos((query.anim_time) * 90 * 2 - 120) * -24", 0, 0]
				}
			}
		},
		"animation.pikapod.shoulder_left": {
			"loop": true,
			"bones": {
				"torso": {
					"scale": [
						"1+Math.cos((query.anim_time) * 90 * 1 - 90) * -0.04",
						"1+Math.cos((query.anim_time) * 90 * 1) * 0.04",
						"1+Math.cos((query.anim_time) * 90 * 1 - 40) * -0.02"
					]
				},
				"torso_bottom": {
					"scale": [
						"1+Math.cos((query.anim_time) * 90 * 1 - 120) * -0.04",
						"1+Math.cos((query.anim_time) * 90 * 1 - 30) * 0.04",
						"1+Math.cos((query.anim_time) * 90 * 1 - 70) * -0.02"
					]
				},
				"torso_flap_left": {
					"rotation": [0, 0, "0+Math.cos((query.anim_time) * 90 * 1) * 8"]
				},
				"torso_flap_right": {
					"rotation": [0, 0, "0+Math.cos((query.anim_time) * 90 * 1) * -8"]
				},
				"torso_flap_back": {
					"rotation": ["0+Math.cos((query.anim_time) * 90 * 1) * -8", 0, 0]
				},
				"ear_left": {
					"rotation": ["-10+Math.cos((query.anim_time) * 90 * 1 - 90) * -3", 0, "0+Math.cos((query.anim_time) * 90 * 1) * -4"]
				},
				"ear_right": {
					"rotation": ["-10+Math.cos((query.anim_time) * 90 * 1 - 90) * -3", 0, "0+Math.cos((query.anim_time) * 90 * 1) * 4"]
				},
				"ear_left2": {
					"rotation": ["0+Math.cos((query.anim_time) * 90 * 1 - 45) * -8", 0, 0]
				},
				"ear_right2": {
					"rotation": ["0+Math.cos((query.anim_time) * 90 * 1 - 45) * -8", 0, 0]
				},
				"ear_left3": {
					"rotation": ["0+Math.cos((query.anim_time) * 90 * 1 - 90) * -8", 0, 0]
				},
				"ear_right3": {
					"rotation": ["0+Math.cos((query.anim_time) * 90 * 1 - 90) * -8", 0, 0]
				},
				"gill_middle": {
					"rotation": ["0+Math.cos((query.anim_time) * 90 * 1 - 120) * -8", 0, 0]
				},
				"gill_left": {
					"rotation": ["0+Math.cos((query.anim_time) * 90 * 1 - 90) * -8", 0, 0]
				},
				"gill_right": {
					"rotation": ["0+Math.cos((query.anim_time) * 90 * 1 - 150) * -8", 0, 0]
				},
				"gill_right2": {
					"rotation": ["0+Math.cos((query.anim_time) * 90 * 1 - 240) * -24", 0, 0]
				},
				"gill_left2": {
					"rotation": ["0+Math.cos((query.anim_time) * 90 * 1 - 180) * -24", 0, 0]
				},
				"gill_middle2": {
					"rotation": ["0+Math.cos((query.anim_time) * 90 * 1 - 210) * -24", 0, 0]
				}
			}
		},
		"animation.pikapod.shoulder_right": {
			"loop": true,
			"bones": {
				"torso": {
					"scale": [
						"1+Math.cos((query.anim_time) * 90 * 1 - 90) * -0.04",
						"1+Math.cos((query.anim_time) * 90 * 1) * 0.04",
						"1+Math.cos((query.anim_time) * 90 * 1 - 40) * -0.02"
					]
				},
				"torso_bottom": {
					"scale": [
						"1+Math.cos((query.anim_time) * 90 * 1 - 120) * -0.04",
						"1+Math.cos((query.anim_time) * 90 * 1 - 30) * 0.04",
						"1+Math.cos((query.anim_time) * 90 * 1 - 70) * -0.02"
					]
				},
				"torso_flap_left": {
					"rotation": [0, 0, "0+Math.cos((query.anim_time) * 90 * 1) * 8"]
				},
				"torso_flap_right": {
					"rotation": [0, 0, "0+Math.cos((query.anim_time) * 90 * 1) * -8"]
				},
				"torso_flap_back": {
					"rotation": ["0+Math.cos((query.anim_time) * 90 * 1) * -8", 0, 0]
				},
				"ear_left": {
					"rotation": ["-10+Math.cos((query.anim_time) * 90 * 1 - 90) * -3", 0, "0+Math.cos((query.anim_time) * 90 * 1) * -4"]
				},
				"ear_right": {
					"rotation": ["-10+Math.cos((query.anim_time) * 90 * 1 - 90) * -3", 0, "0+Math.cos((query.anim_time) * 90 * 1) * 4"]
				},
				"ear_left2": {
					"rotation": ["0+Math.cos((query.anim_time) * 90 * 1 - 45) * -8", 0, 0]
				},
				"ear_right2": {
					"rotation": ["0+Math.cos((query.anim_time) * 90 * 1 - 45) * -8", 0, 0]
				},
				"ear_left3": {
					"rotation": ["0+Math.cos((query.anim_time) * 90 * 1 - 90) * -8", 0, 0]
				},
				"ear_right3": {
					"rotation": ["0+Math.cos((query.anim_time) * 90 * 1 - 90) * -8", 0, 0]
				},
				"gill_middle": {
					"rotation": ["0+Math.cos((query.anim_time) * 90 * 1 - 120) * -8", 0, 0]
				},
				"gill_left": {
					"rotation": ["0+Math.cos((query.anim_time) * 90 * 1 - 90) * -8", 0, 0]
				},
				"gill_right": {
					"rotation": ["0+Math.cos((query.anim_time) * 90 * 1 - 150) * -8", 0, 0]
				},
				"gill_right2": {
					"rotation": ["0+Math.cos((query.anim_time) * 90 * 1 - 240) * -24", 0, 0]
				},
				"gill_left2": {
					"rotation": ["0+Math.cos((query.anim_time) * 90 * 1 - 180) * -24", 0, 0]
				},
				"gill_middle2": {
					"rotation": ["0+Math.cos((query.anim_time) * 90 * 1 - 210) * -24", 0, 0]
				}
			}
		}
	}
}