{
	"format_version": "1.8.0",
	"animations": {
		"animation.puffoon.air_idle": {
			"loop": true,
			"animation_length": 8,
			"bones": {
				"wing_left": {
					"rotation": {
						"0.0": {
							"post": [0, 0, 0],
							"lerp_mode": "catmullrom"
						},
						"2.0": {
							"post": [33.17744, 37.15781, 48.01263],
							"lerp_mode": "catmullrom"
						},
						"4.0": {
							"post": [0, 0, 0],
							"lerp_mode": "catmullrom"
						},
						"6.0": {
							"post": [33.17744, 37.15781, 48.01263],
							"lerp_mode": "catmullrom"
						},
						"8.0": {
							"post": [0, 0, 0],
							"lerp_mode": "catmullrom"
						}
					}
				},
				"wing_right": {
					"rotation": {
						"0.0": {
							"post": [0, 0, 0],
							"lerp_mode": "catmullrom"
						},
						"2.0": {
							"post": [33.1774, -37.1578, -48.0126],
							"lerp_mode": "catmullrom"
						},
						"4.0": {
							"post": [0, 0, 0],
							"lerp_mode": "catmullrom"
						},
						"6.0": {
							"post": [33.1774, -37.1578, -48.0126],
							"lerp_mode": "catmullrom"
						},
						"8.0": {
							"post": [0, 0, 0],
							"lerp_mode": "catmullrom"
						}
					}
				},
				"root": {
					"rotation": {
						"0.0": [0, 0, 0],
						"8.0": [0, 360, 0]
					},
					"position": {
						"0.0": {
							"post": [0, 0, 0],
							"lerp_mode": "catmullrom"
						},
						"2.0": {
							"post": [0, 3, 0],
							"lerp_mode": "catmullrom"
						},
						"4.0": {
							"post": [0, 0, 0],
							"lerp_mode": "catmullrom"
						},
						"6.0": {
							"post": [0, 3, 0],
							"lerp_mode": "catmullrom"
						},
						"8.0": {
							"post": [0, 0, 0],
							"lerp_mode": "catmullrom"
						}
					}
				},
				"body": {
					"rotation": {
						"0.0": {
							"post": [0, 0, 0],
							"lerp_mode": "catmullrom"
						},
						"2.0": {
							"post": [0, 0, 17.5],
							"lerp_mode": "catmullrom"
						},
						"5.0": {
							"post": [0, 0, -30],
							"lerp_mode": "catmullrom"
						},
						"8.0": {
							"post": [0, 0, 0],
							"lerp_mode": "catmullrom"
						}
					}
				},
				"tail": {
					"rotation": {
						"0.0": {
							"post": [0, -32.5, 0],
							"lerp_mode": "catmullrom"
						},
						"3.0": {
							"post": [25, -10, 0],
							"lerp_mode": "catmullrom"
						},
						"5.0": {
							"post": [-30, -32.5, 0],
							"lerp_mode": "catmullrom"
						},
						"7.9583": {
							"post": [0, -32.5, 0],
							"lerp_mode": "catmullrom"
						}
					}
				}
			}
		}
	}
}