{
	"format_version": "1.8.0",
	"animations": {
		"animation.saprentice.ground_idle": {
			"loop": true,
			"bones": {
				"head": {
					"rotation": [-2.5, 0, "Math.cos((query.anim_time) * 90*2) * 5"]
				},
				"arm_left": {
					"rotation": [0, 0, "55+Math.cos((query.anim_time- 0.3) * 90*2) * 5"]
				},
				"forearm_left": {
					"rotation": [0, 22.5, -15]
				},
				"arm_right": {
					"rotation": [0, 0, "-65+Math.cos((query.anim_time- 0.3) * 90*2) * 5"]
				},
				"forearm_right": {
					"rotation": [0, -27.5, 17.5]
				},
				"hat": {
					"rotation": [0, 0, "Math.cos((query.anim_time- 0.2) * 90*2) * 5"]
				}
			}
		},
		"animation.saprentice.ground_walk": {
			"loop": true,
			"bones": {
				"head": {
					"rotation": ["-2.5+Math.cos((query.anim_time + 0.5) * 90*4) * 3", 0, 0],
					"position": [0, "-0.25+Math.cos((query.anim_time- 0.3) * 90*4) * 0.25", "Math.cos((query.anim_time- 0.2) * 90*4) * -0.25"]
				},
				"arm_left": {
					"rotation": [0, "Math.cos((query.anim_time + 0.5) * 90*4) * 5", 55]
				},
				"forearm_left": {
					"rotation": [0, 22.5, -15]
				},
				"arm_right": {
					"rotation": [0, "Math.cos((query.anim_time + 0.5) * 90*4) * 5", -65]
				},
				"forearm_right": {
					"rotation": [0, -27.5, 17.5]
				},
				"root": {
					"position": [0, "-0.25+Math.cos((query.anim_time) * 90*4) * 0.25", "Math.cos((query.anim_time- 0.1) * 90*4) * -0.25"]
				},
				"hat": {
					"rotation": ["Math.cos((query.anim_time + 0.3) * 90*4) * 2", 0, 0]
				}
			}
		}
	}
}