{
	"format_version": "1.8.0",
	"animations": {
		"animation.shoggolith.ground_idle": {
			"loop": true,
			"bones": {
				"body": {
					"position": [0, "-0.5+Math.cos((query.anim_time + 1.0) * 90*1) * 0.5", 0]
				},
				"tentacle_FR": {
					"rotation": ["-0.5+Math.cos((query.anim_time + 1.0) * 90*1) * 4", 0, "-0.5+Math.cos((query.anim_time + 1.0) * 90*1) * -4"]
				},
				"tentacle_FL": {
					"rotation": ["-0.5+Math.cos((query.anim_time + 1.0) * 90*1) * 4", 0, "-0.5+Math.cos((query.anim_time + 1.0) * 90*1) * 4"]
				},
				"tentacle_BL": {
					"rotation": ["-0.5+Math.cos((query.anim_time + 1.0) * 90*1) * -4", 0, "-0.5+Math.cos((query.anim_time + 1.0) * 90*1) * 4"]
				},
				"tentacle_BR": {
					"rotation": ["-0.5+Math.cos((query.anim_time + 1.0) * 90*1) * -4", 0, "-0.5+Math.cos((query.anim_time + 1.0) * 90*1) * -4"]
				},
				"head": {
					"rotation": [0, "Math.cos((query.anim_time) * 90*1) * math.pow(2, math.random(1, 2))", 0],
					"position": [0, "-0.5+Math.cos((query.anim_time + 0.5) * 90*1) * 0.5", 0]
				},
				"head_pupil_Front": {
					"position": ["Math.cos((query.anim_time + 0.5) * 90*2) * math.random(0.2, 0.5)", "Math.cos((query.anim_time + 1.0) * 90*2) * math.random(0.2, 0.5)", 0]
				},
				"head_pupil_Back": {
					"position": ["Math.cos((query.anim_time + 0.5) * 90*2) * math.random(0.2, 0.5)", "Math.cos((query.anim_time + 1.0) * 90*2) * math.random(0.2, 0.5)", 0]
				},
				"head_tentacle_DR": {
					"rotation": [0, 0, "Math.cos((query.anim_time + 0.5) * 90*1) * 10"]
				},
				"head_tentacle_TR": {
					"rotation": [0, 0, "Math.cos((query.anim_time + 0.3) * 90*1) * 10"]
				},
				"head_tentacle_DL": {
					"rotation": [0, 0, "Math.cos((query.anim_time + 0.5) * 90*1) * -10"]
				},
				"head_tentacle_TL": {
					"rotation": [0, 0, "Math.cos((query.anim_time + 0.3) * 90*1) * -10"]
				}
			}
		},
		"animation.shoggolith.ground_walk": {
			"loop": true,
			"bones": {
				"body": {
					"rotation": [0, 0, 0],
					"position": [0, "-1+Math.cos((query.anim_time + 1.0) * 90*2) * 0.8", 0]
				},
				"tentacle_FR": {
					"rotation": ["Math.cos((query.anim_time + 0.5) * 90*2) * 10", 0, 0]
				},
				"tentacle2_FR": {
					"rotation": ["Math.cos((query.anim_time + 0.7) * 90*2) * 10", 0, 0]
				},
				"tentacle3_FR": {
					"rotation": ["Math.cos((query.anim_time + 0.9) * 90*2) * 15", 0, 0]
				},
				"tentacle_FL": {
					"rotation": ["Math.cos((query.anim_time + 1.0) * 90*2) * 10", 0, 0]
				},
				"tentacle2_FL": {
					"rotation": ["Math.cos((query.anim_time + 1.2) * 90*2) * 10", 0, 0]
				},
				"tentacle3_FL": {
					"rotation": ["Math.cos((query.anim_time + 1.5) * 90*2) * 15", 0, 0]
				},
				"tentacle_BL": {
					"rotation": ["Math.cos((query.anim_time + 1.3) * 90*2) * -10", 0, 0]
				},
				"tentacle2_BL": {
					"rotation": ["Math.cos((query.anim_time + 1.5) * 90*2) * 10", 0, 0]
				},
				"tentacle3_BL": {
					"rotation": ["Math.cos((query.anim_time + 1.7) * 90*2) * 15", 0, 0]
				},
				"tentacle_BR": {
					"rotation": ["Math.cos((query.anim_time + 1.0) * 90*2) * -10", 0, 0]
				},
				"tentacle2_BR": {
					"rotation": ["Math.cos((query.anim_time + 1.2) * 90*2) * 10", 0, 0]
				},
				"tentacle3_BR": {
					"rotation": ["Math.cos((query.anim_time + 1.4) * 90*2) * 15", 0, 0]
				},
				"head": {
					"rotation": ["Math.cos((query.anim_time+0.6) * 90*2) * 6", "Math.cos((query.anim_time) * 90*1) * math.pow(2, math.random(1, 2))", 0],
					"position": [0, "-0.5+Math.cos((query.anim_time + 0.5) * 90*1) * 0.5", 0]
				},
				"head_tentacle_DR": {
					"rotation": [0, 0, "Math.cos((query.anim_time + 0.5) * 90*1) * 10"]
				},
				"head_tentacle_TR": {
					"rotation": [0, 0, "Math.cos((query.anim_time + 0.3) * 90*1) * 10"]
				},
				"head_tentacle_DL": {
					"rotation": [0, 0, "Math.cos((query.anim_time + 0.5) * 90*1) * -10"]
				},
				"head_tentacle_TL": {
					"rotation": [0, 0, "Math.cos((query.anim_time + 0.3) * 90*1) * -10"]
				}
			}
		}
	}
}