{
	"format_version": "1.8.0",
	"animations": {
		"animation.snowkie.ground_walk": {
			"loop": true,
			"bones": {
				"rightleg": {
					"rotation": [0, 3, 0],
					"position": [0, 2.75, 0]
				},
				"leftleg": {
					"position": [0, 2.75, 0]
				},
				"body": {
					"rotation": ["math.abs((query.anim_time) * 90) * 4", 0, 0],
					"position": [0, "-2.5+Math.cos((query.anim_time - 0.1) * 90*24) * -0.3", 0]
				}
			}
		},
		"animation.snowkie.ground_idle": {
			"loop": true,
			"bones": {
				"body": {
					"rotation": ["Math.cos((query.anim_time - 0.1) * 90*4) * -2", 0, 0],
					"position": [0, "Math.cos((query.anim_time - 0.1) * 90*8) * 0.2", "Math.cos((query.anim_time - 0.1) * 90*4) * 0.1"]
				},
				"rightleg": {
					"rotation": ["Math.cos((query.anim_time - 0.2) * 90*4) * 2", 0, 0],
					"position": [0, "Math.cos((query.anim_time - 0.1) * 90*8) * -0.2", 0]
				},
				"leftleg": {
					"rotation": ["Math.cos((query.anim_time - 0.2) * 90*4) * 2", 0, 0],
					"position": [0, "Math.cos((query.anim_time - 0.1) * 90*8) * -0.2", 0]
				}
			}
		}
	}
}