{
	"format_version": "1.8.0",
	"animations": {
		"animation.tarblin.ground_idle": {
			"loop": true,
			"animation_length": 3,
			"bones": {
				"strand": {
					"rotation": {
						"0.0": {
							"post": [14, 0, 0],
							"lerp_mode": "catmullrom"
						}
					}
				},
				"chest": {
					"rotation": {
						"0.0": {
							"post": [-14, 0, 0],
							"lerp_mode": "catmullrom"
						}
					}
				},
				"head": {
					"rotation": {
						"0.0": {
							"post": [0, 0, 0],
							"lerp_mode": "catmullrom"
						}
					}
				},
				"skull": {
					"rotation": {
						"0.0": {
							"post": [11, 0, 0],
							"lerp_mode": "catmullrom"
						},
						"1.5": {
							"post": [7, 0, 0],
							"lerp_mode": "catmullrom"
						},
						"3.0": {
							"post": [11, 0, 0],
							"lerp_mode": "catmullrom"
						}
					}
				},
				"leftarm": {
					"rotation": {
						"0.0": {
							"post": [-55, 0, 0],
							"lerp_mode": "catmullrom"
						}
					}
				},
				"hand": {
					"rotation": {
						"0.0": {
							"post": [-9.42205, -37.12482, 25.71946],
							"lerp_mode": "catmullrom"
						},
						"1.5": {
							"post": [7.57795, -37.12482, 25.71946],
							"lerp_mode": "catmullrom"
						},
						"3.0": {
							"post": [-9.42205, -37.12482, 25.71946],
							"lerp_mode": "catmullrom"
						}
					},
					"position": {
						"0.0": {
							"post": [1.8, -0.34398, -0.72916],
							"lerp_mode": "catmullrom"
						}
					}
				},
				"rightarm": {
					"rotation": {
						"0.0": {
							"post": [0, -45, 0],
							"lerp_mode": "catmullrom"
						},
						"1.2917": {
							"post": [0, -45, 0],
							"lerp_mode": "catmullrom"
						},
						"1.4167": {
							"post": [-12.67771, -43.54971, 18.0817],
							"lerp_mode": "catmullrom"
						},
						"1.5417": {
							"post": [0, -45, 0],
							"lerp_mode": "catmullrom"
						},
						"1.6667": {
							"post": [-12.67771, -43.54971, 18.0817],
							"lerp_mode": "catmullrom"
						},
						"2.4167": {
							"post": [0, -45, 0],
							"lerp_mode": "catmullrom"
						}
					}
				},
				"rightear": {
					"rotation": {
						"0.0": {
							"post": [0, 0, 0],
							"lerp_mode": "catmullrom"
						},
						"1.0": {
							"post": [0, 0, -15],
							"lerp_mode": "catmullrom"
						},
						"3.0": {
							"post": [0, 0, 0],
							"lerp_mode": "catmullrom"
						}
					}
				},
				"leftear": {
					"rotation": {
						"0.0": {
							"post": [0, 0, 0],
							"lerp_mode": "catmullrom"
						},
						"2.0": {
							"post": [0, 0, 12.5],
							"lerp_mode": "catmullrom"
						},
						"3.0": {
							"post": [0, 0, 0],
							"lerp_mode": "catmullrom"
						}
					}
				},
				"bang": {
					"rotation": {
						"0.0": {
							"post": [-18, 0, 0],
							"lerp_mode": "catmullrom"
						}
					}
				},
				"lower": {
					"rotation": {
						"0.0": {
							"post": [15, 0, 0],
							"lerp_mode": "catmullrom"
						}
					},
					"position": {
						"0.0": {
							"post": [0, 0.47553, -0.15451],
							"lerp_mode": "catmullrom"
						}
					}
				}
			}
		}
	}
}