{
	"format_version": "1.8.0",
	"animations": {
		"animation.thespatine.ground_idle": {
			"loop": true,
			"bones": {
				"body": {
					"rotation": [0, 27.5, 0],
					"position": [0, 0.25, "0+Math.cos((query.anim_time) * 90 * 2) * 0.6"]
				},
				"torso": {
					"rotation": ["38.9302+Math.cos((query.anim_time) * 90 * 4 - 150) * 1", -23.53194, -0.90582],
					"position": [0, "0+Math.cos((query.anim_time) * 90 * 4 - 90) * -0.2", "0+Math.cos((query.anim_time) * 90 * 2 + 90) * 0.3"]
				},
				"torso2": {
					"rotation": ["0+Math.cos((query.anim_time) * 90 * 4 - 180) * 2", 0, 0]
				},
				"head": {
					"rotation": ["-22.5+Math.cos((query.anim_time) * 90 * 4 - 180) * -3", 0, 0]
				},
				"antenna_left1": {
					"rotation": [0, 0, "0+Math.cos((query.anim_time) * 90 * 4 - 180) * 3"]
				},
				"antenna_left2": {
					"rotation": [0, 0, "0+Math.cos((query.anim_time) * 90 * 4 - 220) * 3"]
				},
				"antenna_left3": {
					"rotation": [0, 0, "0+Math.cos((query.anim_time) * 90 * 4 - 280) * 3"]
				},
				"antenna_left4": {
					"rotation": [0, 0, "0+Math.cos((query.anim_time) * 90 * 4 - 350) * 3"]
				},
				"antenna_right1": {
					"rotation": [0, 0, "0+Math.cos((query.anim_time) * 90 * 4 - 180) * -3"]
				},
				"antenna_right2": {
					"rotation": [0, 0, "0+Math.cos((query.anim_time) * 90 * 4 - 220) * -3"]
				},
				"antenna_right3": {
					"rotation": [0, 0, "0+Math.cos((query.anim_time) * 90 * 4 - 280) * -3"]
				},
				"antenna_right4": {
					"rotation": [0, 0, "0+Math.cos((query.anim_time) * 90 * 4 - 350) * -3"]
				},
				"tail_left": {
					"rotation": ["-22.5+Math.cos((query.anim_time) * 90 * 2 - 120) * 9", 0, 0]
				},
				"tail_left2": {
					"rotation": ["Math.cos((query.anim_time) * 90 * 2 - 160) * 12", 0, 0]
				},
				"tail_right": {
					"rotation": ["-22.5+Math.cos((query.anim_time) * 90 * 2 - 120) * 9", 0, 0]
				},
				"tail_right2": {
					"rotation": ["Math.cos((query.anim_time) * 90 * 2 - 160) * 12", 0, 0]
				},
				"leg_left1": {
					"rotation": ["-12.5306+Math.cos((query.anim_time) * 90 * 2 - 90) * 2", -36.83503, 7.58967]
				},
				"leg_left2": {
					"rotation": [5, 0, 0],
					"position": [0, 0, 0]
				},
				"leg_left3": {
					"rotation": [7.5, 0, 0]
				},
				"leg_left4": {
					"rotation": [7.5, 0, 0]
				},
				"foot_left": {
					"rotation": ["0+Math.cos((query.anim_time) * 90 * 2 - 90) * -2", "0+Math.cos((query.anim_time) * 90 * 2) * 2", 0]
				},
				"leg_right1": {
					"rotation": ["4.9953+Math.cos((query.anim_time) * 90 * 2 - 90) * 2", -0.43585, -2.50475],
					"position": [0, "0.25+Math.cos((query.anim_time) * 90 * 2 - 90) * -0.1", 0]
				},
				"leg_right2": {
					"rotation": [5, 0, 0]
				},
				"leg_right3": {
					"rotation": [7.5, 0, 0]
				},
				"leg_right4": {
					"rotation": [7.5, 0, 0]
				},
				"foot_right": {
					"rotation": ["0+Math.cos((query.anim_time) * 90 * 2 - 90) * -2", "0+Math.cos((query.anim_time) * 90 * 2 - 90) * 5", 0]
				}
			}
		},
		"animation.thespatine.ground_walk": {
			"loop": true,
			"animation_length": 3,
			"bones": {
				"body": {
					"rotation": [0, 0, 0],
					"position": [
						"0+Math.cos((query.anim_time) * 90 * 4/3 * 1) * 2",
						"-1+Math.cos((query.anim_time) * 90 * 4/3 * 2) * 0.5",
						"0+Math.cos((query.anim_time) * 90 * 4/3 * 2 + 40) * 0"
					]
				},
				"torso": {
					"rotation": [
						"47.5+Math.cos((query.anim_time) * 90 * 4/3 * 2 - 50) * -8",
						"0+Math.cos((query.anim_time) * 90 * 4/3 * 1) * -8",
						"0+Math.cos((query.anim_time) * 90 * 4/3 * 1 - 45) * 12"
					],
					"position": {
						"0.0": [0, 0.08, 0.25],
						"0.25": [0, -0.35, 0],
						"0.75": {
							"pre": [0, -0.75, -0.5],
							"post": [0, -0.75, -0.5],
							"lerp_mode": "catmullrom"
						},
						"0.9583": {
							"post": [0, 0.5, 0],
							"lerp_mode": "catmullrom"
						},
						"1.25": {
							"post": [0, 0.92, 0.25],
							"lerp_mode": "catmullrom"
						},
						"1.5": {
							"post": [0, 0.08, 0.25],
							"lerp_mode": "catmullrom"
						},
						"1.75": {
							"post": [0, -0.35, 0],
							"lerp_mode": "catmullrom"
						},
						"2.25": {
							"post": [0, -0.75, -0.5],
							"lerp_mode": "catmullrom"
						},
						"2.4583": {
							"post": [0, 0.5, 0],
							"lerp_mode": "catmullrom"
						},
						"2.75": [0, 0.92, 0.25],
						"3.0": [0, 0.08, 0.25]
					}
				},
				"torso2": {
					"rotation": ["-10+Math.cos((query.anim_time) * 90 * 4/3 * 2 - 140) * -8", 0, "0+Math.cos((query.anim_time) * 90 * 4/3 * 1 - 140) * 13"]
				},
				"wing_left": {
					"rotation": ["0+Math.cos((query.anim_time) * 90 * 4/3 * 2 - 150) * -2", 0, 0]
				},
				"wing_right": {
					"rotation": ["0+Math.cos((query.anim_time) * 90 * 4/3 * 2 - 150) * -2", 0, 0]
				},
				"head": {
					"rotation": [
						"-15+Math.cos((query.anim_time) * 90 * 4/3 * 2 - 90) * 16",
						"0+Math.cos((query.anim_time) * 90 * 4/3 * 1 - 060) * -10",
						"0+Math.cos((query.anim_time) * 90 * 4/3 * 1 - 90) * -20"
					]
				},
				"antenna_left1": {
					"rotation": [0, 0, "0+Math.cos((query.anim_time) * 90 * 4/3 * 2 - 120) * -10"]
				},
				"antenna_left2": {
					"rotation": [0, 0, "0+Math.cos((query.anim_time) * 90 * 4/3 * 2 - 190) * -10"]
				},
				"antenna_right1": {
					"rotation": [0, 0, "0+Math.cos((query.anim_time) * 90 * 4/3 * 2 - 120) * 10"]
				},
				"antenna_right2": {
					"rotation": [0, 0, "0+Math.cos((query.anim_time) * 90 * 4/3 * 2 - 190) * 10"]
				},
				"tail_left": {
					"rotation": ["0+Math.cos((query.anim_time) * 90 * 4/3 * 2 - 150) * -20", 0, 0]
				},
				"tail_left2": {
					"rotation": ["0+Math.cos((query.anim_time) * 90 * 4/3 * 2 - 220) * -30", 0, 0]
				},
				"tail_right": {
					"rotation": ["0+Math.cos((query.anim_time) * 90 * 4/3 * 2 - 150) * -20", 0, 0]
				},
				"tail_right2": {
					"rotation": ["0+Math.cos((query.anim_time) * 90 * 4/3 * 2 - 220) * -30", 0, 0]
				},
				"leg_left1": {
					"rotation": {
						"0.0": {
							"post": [-26.33845, 0.60408, 9.74862],
							"lerp_mode": "catmullrom"
						},
						"0.375": {
							"post": [-32.25, 0, 5.25],
							"lerp_mode": "catmullrom"
						},
						"0.7083": {
							"post": [-35.08, 0, -5],
							"lerp_mode": "catmullrom"
						},
						"0.9583": {
							"post": [12.25, 0, -11.5],
							"lerp_mode": "catmullrom"
						},
						"1.1667": {
							"post": [28.71, 0, -14.25],
							"lerp_mode": "catmullrom"
						},
						"1.3333": {
							"post": [19.96, 0, -13.5],
							"lerp_mode": "catmullrom"
						},
						"1.5": [-5.75, 0, -11.25],
						"1.6667": [-17.46, 0, -5.5],
						"2.0417": {
							"pre": [-38.2, 0, 1.63],
							"post": [-38.2, 0, 1.63],
							"lerp_mode": "catmullrom"
						},
						"2.4167": {
							"post": [-40.51, -0.04, 8.15],
							"lerp_mode": "catmullrom"
						},
						"3.0": {
							"post": [-26.33845, 0.60408, 9.74862],
							"lerp_mode": "catmullrom"
						}
					},
					"position": {
						"0.625": [0, 0, 0],
						"0.875": {
							"pre": [0, 1, 0],
							"post": [0, 1, 0],
							"lerp_mode": "catmullrom"
						},
						"1.0417": {
							"post": [0, 0.93, 0],
							"lerp_mode": "catmullrom"
						},
						"1.25": [0, 0.15, 0],
						"1.375": [0, 0, 0]
					}
				},
				"leg_left2": {
					"rotation": {
						"0.0": [20, 0, 0],
						"0.5": [17.5, 0, 0],
						"0.7917": [15, 0, 0],
						"1.0833": [20, 0, 0],
						"1.25": [22.5, 0, 0],
						"1.5": [20, 0, 0],
						"3.0": [20, 0, 0]
					}
				},
				"leg_left3": {
					"rotation": {
						"0.0": [17.5, 0, 0],
						"0.375": [30, 0, 0],
						"0.75": [42.5, 0, 0],
						"0.875": [24.29, 0, -7.5],
						"1.0417": [55, 0, -12.5],
						"1.25": [58.45, 0, -9.75],
						"1.5": [56.75, 0, 0],
						"1.625": [51.75, 0, 0],
						"2.0": {
							"pre": [37.63, 0, 0],
							"post": [37.63, 0, 0],
							"lerp_mode": "catmullrom"
						},
						"2.4167": {
							"post": [35, 0, 0],
							"lerp_mode": "catmullrom"
						},
						"3.0": [17.5, 0, 0]
					}
				},
				"leg_left4": {
					"rotation": {
						"0.0": [22.5, 0, 0],
						"0.75": [15, 0, 0],
						"0.9167": [13.61, 0, 0],
						"1.125": [40, 0, 0],
						"1.3333": [42.78, 0, 0],
						"1.5": [36, 0, 0],
						"1.625": [27.71, 0, 0],
						"1.7917": [22.5, 0, 0],
						"3.0": [22.5, 0, 0]
					}
				},
				"foot_left": {
					"rotation": {
						"0.0": {
							"post": [-22.5, 0, 0],
							"lerp_mode": "catmullrom"
						},
						"0.4583": [-24.12, -3.5, 0],
						"0.6667": [-27.66, -10, 0],
						"0.8333": [-35, -18.5, 0],
						"0.9583": [-20.94, -34.34, 0],
						"1.1667": [2.5, -40.75, 0],
						"1.375": [0.5, -38.5, 0],
						"1.5": [-13, -30.75, 0],
						"1.8333": {
							"pre": [-25.975, -6, 0],
							"post": [-25.975, -6, 0],
							"lerp_mode": "catmullrom"
						},
						"2.25": {
							"post": [-25, 0, 0],
							"lerp_mode": "catmullrom"
						},
						"2.5417": {
							"post": [-23.49, 0.6, 0],
							"lerp_mode": "catmullrom"
						},
						"3.0": {
							"post": [-22.5, 0, 0],
							"lerp_mode": "catmullrom"
						}
					}
				},
				"leg_right1": {
					"rotation": {
						"0.0": [-5.75, 0, 11.25],
						"0.1667": [-17.46, 0, 5.5],
						"0.5417": {
							"pre": [-38.2, 0, -2.63],
							"post": [-38.2, 0, -2.63],
							"lerp_mode": "catmullrom"
						},
						"0.9167": {
							"post": [-40.51, 0.04, -7.65],
							"lerp_mode": "catmullrom"
						},
						"1.5": {
							"post": [-26.33845, -0.60408, -9.74862],
							"lerp_mode": "catmullrom"
						},
						"1.875": {
							"post": [-32.25, 0, -4.75],
							"lerp_mode": "catmullrom"
						},
						"2.2083": {
							"post": [-35.08, 0, 5],
							"lerp_mode": "catmullrom"
						},
						"2.4583": {
							"post": [12.25, 0, 11.5],
							"lerp_mode": "catmullrom"
						},
						"2.6667": {
							"post": [28.71, 0, 14.25],
							"lerp_mode": "catmullrom"
						},
						"2.8333": {
							"post": [19.96, 0, 13.5],
							"lerp_mode": "catmullrom"
						},
						"3.0": [-5.75, 0, 11.25]
					},
					"position": {
						"2.25": [0, 0, 0],
						"2.5": {
							"pre": [0, 1, 0],
							"post": [0, 1, 0],
							"lerp_mode": "catmullrom"
						},
						"2.6667": {
							"post": [0, 0.93, 0],
							"lerp_mode": "catmullrom"
						},
						"2.875": [0, 0.15, 0],
						"3.0": [0, 0, 0]
					}
				},
				"leg_right2": {
					"rotation": {
						"0.0": [20, 0, 0],
						"1.5": [20, 0, 0],
						"2.0": [17.5, 0, 0],
						"2.2917": [15, 0, 0],
						"2.5833": [20, 0, 0],
						"2.75": [22.5, 0, 0],
						"3.0": [20, 0, 0]
					}
				},
				"leg_right3": {
					"rotation": {
						"0.0": [56.75, 0, 0],
						"0.125": [51.75, 0, 0],
						"0.5": {
							"pre": [37.63, 0, 0],
							"post": [37.63, 0, 0],
							"lerp_mode": "catmullrom"
						},
						"0.9167": {
							"post": [35, 0, 0],
							"lerp_mode": "catmullrom"
						},
						"1.5": [17.5, 0, 0],
						"1.875": [30, 0, 0],
						"2.25": [42.5, 0, 0],
						"2.375": [24.29, 0, 7.5],
						"2.5417": [55, 0, 12.5],
						"2.75": [58.45, 0, 9.75],
						"3.0": [56.75, 0, 0]
					}
				},
				"leg_right4": {
					"rotation": {
						"0.0": [36, 0, 0],
						"0.125": [27.71, 0, 0],
						"0.2917": [22.5, 0, 0],
						"1.5": [22.5, 0, 0],
						"2.25": [15, 0, 0],
						"2.4167": [13.61, 0, 0],
						"2.625": [40, 0, 0],
						"2.8333": [42.78, 0, 0],
						"3.0": [36, 0, 0]
					}
				},
				"foot_right": {
					"rotation": {
						"0.0": [-13, 30.75, 0],
						"0.3333": {
							"pre": [-25.975, 6, 0],
							"post": [-25.975, 6, 0],
							"lerp_mode": "catmullrom"
						},
						"0.75": {
							"post": [-25, 0, 0],
							"lerp_mode": "catmullrom"
						},
						"1.0417": {
							"post": [-23.49, -0.6, 0],
							"lerp_mode": "catmullrom"
						},
						"1.5": {
							"post": [-22.5, 0, 0],
							"lerp_mode": "catmullrom"
						},
						"1.9583": [-24.12, 3.5, 0],
						"2.1667": [-27.66, 10, 0],
						"2.3333": [-35, 18.5, 0],
						"2.4583": [-20.94, 34.34, 0],
						"2.6667": [2.5, 40.75, 0],
						"2.875": [0.5, 38.5, 0],
						"3.0": [-13, 30.75, 0]
					}
				}
			}
		},
		"animation.thespatine.faint": {
			"animation_length": 3,
			"bones": {
				"body": {
					"position": {
						"0.0": [0, 0, 0],
						"0.125": {
							"pre": [0, -3, 0.45],
							"post": [0, -3, 0.45],
							"lerp_mode": "catmullrom"
						},
						"0.2917": {
							"post": [0, -5.25, 1.75],
							"lerp_mode": "catmullrom"
						},
						"0.4167": [0.05, -4.67, 2.64],
						"0.5": [0, -2.5, 3.25],
						"0.6667": [
							"0+Math.cos((query.anim_time) * 90 * 6 - 90) * 1",
							"-1.65+Math.cos((query.anim_time) * 90 * 12 - 90) * 0.3",
							"3.775+Math.cos((query.anim_time) * 90 * 8) * 2"
						],
						"0.75": ["0+Math.cos((query.anim_time) * 90 * 6 - 90) * 1", -1.22, 1.95],
						"0.875": [
							"0+Math.cos((query.anim_time) * 90 * 6 - 90) * 1",
							"-1.325+Math.cos((query.anim_time) * 90 * 12 - 90) * 0.3",
							"4.2+Math.cos((query.anim_time) * 90 * 8) * 2"
						],
						"1.625": [
							"0+Math.cos((query.anim_time) * 90 * 6 - 90) * 1",
							"-0.75+Math.cos((query.anim_time) * 90 * 12 - 90) * 0.3",
							"5.7+Math.cos((query.anim_time) * 90 * 8) * 2"
						],
						"1.8333": [0, "-1.75+Math.cos((query.anim_time) * 90 * 12 - 90) * 0.3", "6.1+Math.cos((query.anim_time) * 90 * 8) * 2"],
						"1.9583": [0, -4.25, "6.1+Math.cos((query.anim_time) * 90 * 8) * 2"],
						"2.0833": [0, -15, 9.6],
						"2.125": {
							"pre": [0, -15.5, 9.85],
							"post": [0, -15.5, 9.85],
							"lerp_mode": "catmullrom"
						},
						"2.2083": {
							"post": [0, -13.5, 11.85],
							"lerp_mode": "catmullrom"
						},
						"2.3333": {
							"post": [0, -12.75, 13.35],
							"lerp_mode": "catmullrom"
						},
						"2.4583": {
							"post": [0, -13.5, 13.95],
							"lerp_mode": "catmullrom"
						},
						"2.5417": [0, -14.725, 13.95],
						"2.6667": [0, -15, 13.95]
					}
				},
				"torso": {
					"rotation": {
						"0.0": [-17.5, 0, 0],
						"0.2083": [25.56, 0, 0],
						"0.375": [37.5, 0, 0],
						"0.4583": [52.5, 0, "6.25+Math.cos((query.anim_time) * 90 * 6) * 10"],
						"0.6667": [3.5, 0, "0+Math.cos((query.anim_time) * 90 * 6) * 30"],
						"0.7917": ["1.5+Math.cos((query.anim_time) * 90 * 6 - 90) * 30", 0, "0+Math.cos((query.anim_time) * 90 * 6) * 30"],
						"1.0833": ["1.5+Math.cos((query.anim_time) * 90 * 6 - 90) * 30", 0, "0+Math.cos((query.anim_time) * 90 * 6) * 30"],
						"1.75": ["1.5+Math.cos((query.anim_time) * 90 * 6 - 90) * 30", 0, "0+Math.cos((query.anim_time) * 90 * 6) * 30"],
						"1.9167": [-35, 0, "0+Math.cos((query.anim_time) * 90 * 6) * 30"],
						"2.0833": [-30, 0, 7],
						"2.1667": [-87.5, 0, 0],
						"2.2917": [-77.5, 0, 0],
						"2.4167": [-75, 0, 0],
						"2.5417": [-77.5, 0, 0],
						"2.6667": [-82.5, 0, 0]
					},
					"scale": {
						"0.375": [1, 1, 1],
						"0.4583": [1.1, 0.9, 1.1],
						"0.5833": [0.9, 1.1, 0.9],
						"0.75": [1, 1, 1],
						"2.0833": [1, 1, 1],
						"2.125": [1.3, 1.1, 0.8],
						"2.2917": [1, 1, 1]
					}
				},
				"torso2": {
					"rotation": {
						"0.0": [-15, 0, 0],
						"0.5": [25, 0, 0],
						"0.6667": ["Math.cos((query.anim_time) * 90 * 6 - 180) * 30", 0, "0+Math.cos((query.anim_time) * 90 * 6 - 90) * 30"],
						"1.6667": ["Math.cos((query.anim_time) * 90 * 6 - 180) * 30", 0, "0+Math.cos((query.anim_time) * 90 * 6 - 90) * 30"],
						"1.9583": [12.5, 0, 0],
						"2.0833": [25, 0, 0],
						"2.2083": [-7.5, 0, 0],
						"2.5417": [-2.5, 0, 0]
					}
				},
				"wing_left": {
					"rotation": {
						"0.5417": [0, 0, 0],
						"0.6667": [0, 0, "-70+Math.cos((query.anim_time) * 90 * 32) * -20"],
						"2.125": [0, 0, "-70+Math.cos((query.anim_time) * 90 * 32) * -20"],
						"2.3333": [-22.5, -25, -70],
						"2.6667": [-27.5, -30, -70]
					},
					"position": {
						"0.0": [0, 0, 0],
						"2.3333": [0, 0, 0],
						"2.6667": [0, 0, -0.5]
					}
				},
				"wing_right": {
					"rotation": {
						"0.5417": [0, 0, 0],
						"0.6667": [0, 0, "70+Math.cos((query.anim_time) * 90 * 32) * 20"],
						"2.125": [0, 0, "70+Math.cos((query.anim_time) * 90 * 32) * 20"],
						"2.3333": [-22.5, 25, 70],
						"2.6667": [-27.5, 30, 70]
					},
					"position": {
						"2.3333": [0, 0, 0],
						"2.6667": [0, 0, -0.5]
					}
				},
				"head": {
					"rotation": {
						"0.0": [-50, 0, 0],
						"0.2917": [-11.87, 0, 0],
						"0.5": [2.5, 0, 0],
						"0.6667": ["-5+Math.cos((query.anim_time) * 90 * 6 - 180) * -30", 0, "0+Math.cos((query.anim_time) * 90 * 6 - 90) * -30"],
						"1.75": ["-5+Math.cos((query.anim_time) * 90 * 6 - 180) * -30", 0, "0+Math.cos((query.anim_time) * 90 * 6 - 90) * -30"],
						"1.9583": [7.5, 0, 20],
						"2.0833": [10, 0, 5],
						"2.2083": [0, 0, -5],
						"2.375": [10, 0, -9.725],
						"2.5": [10, 0, -9.73],
						"2.5833": [2.5, 0, -9.725],
						"2.9167": [0, 0, -9.725]
					}
				},
				"antenna_left1": {
					"rotation": {
						"0.5": [0, 0, 0],
						"0.6667": ["-5+Math.cos((query.anim_time) * 90 * 6 - 270) * -30", 0, "0+Math.cos((query.anim_time) * 90 * 6 - 180) * -30"],
						"1.75": ["-5+Math.cos((query.anim_time) * 90 * 6 - 270) * -30", 0, "0+Math.cos((query.anim_time) * 90 * 6 - 180) * -30"],
						"1.9583": [0, 40, 0],
						"2.125": [0, 80, -39.5],
						"2.25": [0, 12.5, -39.5],
						"2.375": [0, 27.5, -39.5],
						"2.5": [0, 30, -39.5],
						"2.625": [0, 25, -39.5],
						"2.75": [0, 22.5, -39.5]
					}
				},
				"antenna_left2": {
					"rotation": {
						"1.75": [0, 0, 0],
						"1.9583": [0, 30, 0],
						"2.125": [0, 50, -7],
						"2.3333": [0, 12.5, -25],
						"2.5": [0, 16.07, -29],
						"2.625": [0, 10, -30]
					}
				},
				"antenna_left3": {
					"rotation": {
						"1.75": [0, 0, 0],
						"2.0833": [0, 35, 0],
						"2.2083": [0, 47.5, -6.75],
						"2.3333": [0, -5, -30],
						"2.5": [0, -13.25, -35]
					}
				},
				"antenna_right1": {
					"rotation": {
						"0.5": [0, 0, 0],
						"0.6667": ["-5+Math.cos((query.anim_time) * 90 * 6 - 270) * -30", 0, "0+Math.cos((query.anim_time) * 90 * 6 - 180) * -30"],
						"1.75": ["-5+Math.cos((query.anim_time) * 90 * 6 - 270) * -30", 0, "0+Math.cos((query.anim_time) * 90 * 6 - 180) * -30"],
						"1.9583": [0, -40, 0],
						"2.125": [0, -80, 0],
						"2.25": [0, -12.5, 0],
						"2.375": [0, -27.5, 0],
						"2.5": [0, -30, 0],
						"2.625": [0, -25, 0],
						"2.75": [0, -22.5, 0]
					}
				},
				"antenna_right2": {
					"rotation": {
						"1.75": [0, 0, 0],
						"1.9583": [0, -30, 0],
						"2.125": [0, -50, 7],
						"2.3333": [0, -12.5, 25],
						"2.5": [0, -16.07, 29],
						"2.625": [0, -10, 30]
					}
				},
				"antenna_right3": {
					"rotation": {
						"1.75": [0, 0, 0],
						"2.0833": [0, -35, 0],
						"2.2083": [0, -47.5, 6.75],
						"2.3333": [0, 5, 30],
						"2.5": [0, 13.25, 35]
					}
				},
				"eyelid_right": {
					"position": {
						"0.0": [0, 0, 0],
						"0.0833": [-0.25, 0, -0.25],
						"0.5": {
							"pre": [-0.25, 0, -0.25],
							"post": [0, 0, 0]
						},
						"2.125": {
							"pre": [0, 0, 0],
							"post": [-0.25, 0, -0.25]
						}
					}
				},
				"eyelid_left": {
					"position": {
						"0.0": [0, 0, 0],
						"0.0833": [0.25, 0, -0.25],
						"0.5": {
							"pre": [0.25, 0, -0.25],
							"post": [0, 0, 0]
						},
						"2.125": {
							"pre": [0, 0, 0],
							"post": [0.25, 0, -0.25]
						}
					}
				},
				"tail_left": {
					"rotation": {
						"0.0": [0, 0, 0],
						"0.125": [-22.5, 0, 0],
						"0.2917": [-30, 0, 0],
						"0.5": [-50, 0, 0],
						"0.625": ["12.5+Math.cos((query.anim_time) * 90 * 12) * 30", 0, "0+Math.cos((query.anim_time) * 90 * 12 - 90) * 10"],
						"1.875": ["12.5+Math.cos((query.anim_time) * 90 * 12) * 30", 0, "0+Math.cos((query.anim_time) * 90 * 12 - 90) * 10"],
						"2.0": [-25, 0, 0],
						"2.1667": [0, 0, 0],
						"2.375": [2.5, 0, 0],
						"2.5417": [-10, 0, 0],
						"2.5833": [-10, 0, 0]
					},
					"position": {
						"0.0": [0, 0, 0],
						"2.0": [0, 0, 0],
						"2.1667": [0, 0, -0.75],
						"2.5833": [0, 0, -1]
					}
				},
				"tail_left2": {
					"rotation": {
						"0.0": [0, 0, 0],
						"0.2083": [-35, 0, 0],
						"0.5": [-35, 0, 0],
						"0.5833": ["0+Math.cos((query.anim_time) * 90 * 12 - 90) * 30", 0, "0+Math.cos((query.anim_time) * 90 * 12 - 180) * 20"],
						"1.875": ["0+Math.cos((query.anim_time) * 90 * 12 - 90) * 30", 0, "0+Math.cos((query.anim_time) * 90 * 12 - 180) * 20"],
						"2.0": [-42.5, 0, 0],
						"2.1667": [0, 0, 0]
					}
				},
				"tail_right": {
					"rotation": {
						"0.0": [0, 0, 0],
						"0.125": [-22.5, 0, 0],
						"0.2917": [-30, 0, 0],
						"0.5": [-50, 0, 0],
						"0.625": ["12.5+Math.cos((query.anim_time) * 90 * 12) * 30", 0, "0+Math.cos((query.anim_time) * 90 * 12 - 90) * 10"],
						"1.875": ["12.5+Math.cos((query.anim_time) * 90 * 12) * 30", 0, "0+Math.cos((query.anim_time) * 90 * 12 - 90) * 10"],
						"2.0": [-25, 0, 0],
						"2.1667": [0, 0, 0],
						"2.375": [2.5, 0, 0],
						"2.5417": [-10, 0, 0],
						"2.5833": [-10, 0, 0]
					},
					"position": {
						"0.0": [0, 0, 0],
						"0.5": [0, 0, 0],
						"2.0": [0, 0, 0],
						"2.1667": [0, 0, -0.75],
						"2.5833": [0, 0, -1]
					}
				},
				"tail_right2": {
					"rotation": {
						"0.0": [0, 0, 0],
						"0.2083": [-35, 0, 0],
						"0.5": [-35, 0, 0],
						"0.5833": ["0+Math.cos((query.anim_time) * 90 * 12 - 90) * 30", 0, "0+Math.cos((query.anim_time) * 90 * 12 - 180) * 20"],
						"1.875": ["0+Math.cos((query.anim_time) * 90 * 12 - 90) * 30", 0, "0+Math.cos((query.anim_time) * 90 * 12 - 180) * 20"],
						"2.0": [-42.5, 0, 0],
						"2.1667": [0, 0, 0]
					}
				},
				"leg_left1": {
					"rotation": {
						"0.0": [0, 0, 0],
						"0.1667": [-51, 0, -12.5],
						"0.3333": [-65, 0, -15],
						"0.7083": [
							"0+Math.cos((query.anim_time) * 90 * 12) * 20",
							"0+Math.cos((query.anim_time) * 90 * 8) * 50",
							"-7.5+Math.cos((query.anim_time) * 90 * 4 - 90) * 5"
						],
						"1.75": [
							"0+Math.cos((query.anim_time) * 90 * 12) * 20",
							"0+Math.cos((query.anim_time) * 90 * 8) * 50",
							"-7.5+Math.cos((query.anim_time) * 90 * 4 - 90) * 5"
						],
						"2.0": [-100, 0, 0],
						"2.125": {
							"pre": [-102.5, -20, 0],
							"post": [-102.5, -20, 0],
							"lerp_mode": "catmullrom"
						},
						"2.2917": {
							"post": [-90, -20, 0],
							"lerp_mode": "catmullrom"
						},
						"2.5833": [-100, -20, 0]
					}
				},
				"leg_left2": {
					"rotation": {
						"0.0": [0, 0, 0],
						"0.1667": [41.5, 0, 0],
						"0.3333": [52.5, 0, 0],
						"0.7083": ["0+Math.cos((query.anim_time) * 90 * 12 - 90) * 20", 0, 0],
						"1.75": ["0+Math.cos((query.anim_time) * 90 * 12 - 90) * 20", 0, 0],
						"2.0": [12.5, 0, 0],
						"2.125": [7.5, 0, 0]
					}
				},
				"leg_left3": {
					"rotation": {
						"0.0": [0, 0, 0],
						"0.1667": [42.5, 0, 0],
						"0.3333": [50, 0, 0],
						"0.7083": ["0+Math.cos((query.anim_time) * 90 * 12 - 0) * -40", 0, 0],
						"1.75": ["0+Math.cos((query.anim_time) * 90 * 12 - 0) * -40", 0, 0],
						"2.0": [57.5, 0, 0],
						"2.0833": [4.17, 0, 0],
						"2.125": [7.5, 0, 0]
					}
				},
				"leg_left4": {
					"rotation": {
						"0.0": [0, 0, 0],
						"0.1667": [37.5, 0, 0],
						"0.3333": [45, 0, 0],
						"0.7083": ["0+Math.cos((query.anim_time) * 90 * 12 - 0) * -40", 0, 0],
						"1.75": ["0+Math.cos((query.anim_time) * 90 * 12 - 0) * -40", 0, 0],
						"2.0": [57.5, 0, 0],
						"2.125": [-2.5, 0, 0]
					}
				},
				"foot_left": {
					"rotation": {
						"0.0": [0, 0, 0],
						"0.1667": [-60, 0, 0],
						"0.3333": [-70, 0, 0],
						"1.75": [0, 0, 0],
						"2.0": [-30, 0, 0],
						"2.125": [-30, -90, 0]
					}
				},
				"leg_right1": {
					"rotation": {
						"0.0": [0, 0, 0],
						"0.1667": [-51, 0, 12.5],
						"0.3333": [-65, 0, 15],
						"0.7083": [
							"0+Math.cos((query.anim_time) * 90 * 14) * 20",
							"0+Math.cos((query.anim_time) * 90 * 8 - 90) * -50",
							"7.5+Math.cos((query.anim_time) * 90 * 4 - 90) * 5"
						],
						"1.75": [
							"0+Math.cos((query.anim_time) * 90 * 14) * 20",
							"0+Math.cos((query.anim_time) * 90 * 8 -90) * -50",
							"7.5+Math.cos((query.anim_time) * 90 * 4 - 90) * 5"
						],
						"2.0": [-100, 0, 0],
						"2.125": {
							"pre": [-102.5, 20, 0],
							"post": [-102.5, 20, 0],
							"lerp_mode": "catmullrom"
						},
						"2.2917": {
							"post": [-90, 20, 0],
							"lerp_mode": "catmullrom"
						},
						"2.5833": [-100, 20, 0]
					},
					"position": {
						"0.5": [0, 0, 0],
						"0.625": [0, 0, 0],
						"0.75": {
							"pre": [0, 2, 0],
							"post": [0, 2, 0],
							"lerp_mode": "catmullrom"
						},
						"0.875": [0, 0, 0],
						"1.0": {
							"pre": [0, 2, 0],
							"post": [0, 2, 0],
							"lerp_mode": "catmullrom"
						},
						"1.125": [0, 0, 0],
						"1.25": {
							"pre": [0, 2, 0],
							"post": [0, 2, 0],
							"lerp_mode": "catmullrom"
						},
						"1.375": [0, 0, 0],
						"1.5": {
							"pre": [0, 2, 0],
							"post": [0, 2, 0],
							"lerp_mode": "catmullrom"
						},
						"1.625": [0, 0, 0]
					}
				},
				"leg_right2": {
					"rotation": {
						"0.0": [0, 0, 0],
						"0.1667": [41.5, 0, 0],
						"0.3333": [52.5, 0, 0],
						"0.7083": ["0+Math.cos((query.anim_time) * 90 * 14 - 90) * 20", 0, 0],
						"1.75": ["0+Math.cos((query.anim_time) * 90 * 14 - 90) * 20", 0, 0],
						"2.0": [12.5, 0, 0],
						"2.125": [7.5, 0, 0]
					}
				},
				"leg_right3": {
					"rotation": {
						"0.0": [0, 0, 0],
						"0.1667": [42.5, 0, 0],
						"0.3333": [50, 0, 0],
						"0.7083": ["0+Math.cos((query.anim_time) * 90 * 14 - 0) * -40", 0, 0],
						"1.75": ["0+Math.cos((query.anim_time) * 90 * 14 - 0) * -40", 0, 0],
						"2.0": [57.5, 0, 0],
						"2.0833": [4.17, 0, 0],
						"2.125": [7.5, 0, 0]
					}
				},
				"leg_right4": {
					"rotation": {
						"0.0": [0, 0, 0],
						"0.1667": [37.5, 0, 0],
						"0.3333": [45, 0, 0],
						"0.7083": ["0+Math.cos((query.anim_time) * 90 * 14 - 0) * -40", 0, 0],
						"1.75": ["0+Math.cos((query.anim_time) * 90 * 14 - 0) * -40", 0, 0],
						"2.0": [57.5, 0, 0],
						"2.125": [-2.5, 0, 0]
					}
				},
				"foot_right": {
					"rotation": {
						"0.0": [0, 0, 0],
						"0.1667": [-60, 0, 0],
						"0.3333": [-70, 0, 0],
						"1.75": [0, 0, 0],
						"2.0": [-30, 0, 0],
						"2.125": [-30, 90, 0]
					}
				},
				"eye_left_open": {
					"position": {
						"0.0": [0, 0, 0],
						"0.5417": {
							"pre": [0, 0, 0],
							"post": [0.25, 0, -0.25]
						},
						"2.0833": {
							"pre": [0.25, 0, -0.25],
							"post": [0, 0, 0]
						}
					},
					"scale": {
						"0.5417": [1, 1, 1],
						"0.5833": [1.175, 1.175, 1.175],
						"0.625": [1, 1, 1]
					}
				},
				"eye_right_open": {
					"position": {
						"0.0": [0, 0, 0],
						"0.5417": {
							"pre": [0, 0, 0],
							"post": [-0.25, 0, -0.25]
						},
						"2.0833": {
							"pre": [-0.25, 0, -0.25],
							"post": [0, 0, 0]
						}
					},
					"scale": {
						"0.5417": [1, 1, 1],
						"0.5833": [1.175, 1.175, 1.175],
						"0.625": [1, 1, 1]
					}
				}
			}
		},
		"animation.thespatine.blink": {
			"animation_length": 0.20833,
			"bones": {
				"eyelid_right": {
					"position": {
						"0.0": [-0.25, 0, -0.25],
						"0.1667": {
							"pre": [-0.25, 0, -0.25],
							"post": [0, 0, 0]
						}
					}
				},
				"eyelid_left": {
					"position": {
						"0.0": [0.25, 0, -0.25],
						"0.1667": {
							"pre": [0.25, 0, -0.25],
							"post": [0, 0, 0]
						}
					}
				}
			}
		},
		"animation.thespatine.physical": {
			"loop": true,
			"animation_length": 3,
			"bones": {
				"body": {
					"rotation": {
						"0.0": [0, 27.5, 0],
						"0.75": [0, 27.5, 0],
						"0.8333": [0, -17.63, 0],
						"1.1667": {
							"pre": [0, -928.83, 0],
							"post": [0, -928.83, 0],
							"lerp_mode": "catmullrom"
						},
						"1.5": {
							"post": [0, -1289.75, 0],
							"lerp_mode": "catmullrom"
						},
						"1.9167": {
							"post": [0, -1466.5, 0],
							"lerp_mode": "catmullrom"
						},
						"2.0417": {
							"post": [0, -1489.56, 0],
							"lerp_mode": "catmullrom"
						},
						"2.125": [0, -1530.875, 0],
						"2.25": [0, -1616.585, 0],
						"2.4583": [0, -1730.82, 0],
						"2.625": [0, -1772.5, 0],
						"2.6667": {"pre": [0, -1772.5, 0], "post": [0, 27.5, 0]},
						"2.7917": [0, 27.5, 0]
					},
					"position": {
						"0.0": [0, 0.25, 0.6],
						"0.1667": {
							"pre": [0, -2.21, 2.075],
							"post": [0, -2.21, 2.075],
							"lerp_mode": "catmullrom"
						},
						"0.2917": {
							"post": [0, -2.75, 3.725],
							"lerp_mode": "catmullrom"
						},
						"0.4583": {
							"post": [0, -2.9, 5],
							"lerp_mode": "catmullrom"
						},
						"0.625": {
							"post": [0, -2.95, 4.5],
							"lerp_mode": "catmullrom"
						},
						"0.7083": [0, -3.44, 0.51],
						"0.75": [0, -4.7, -3.25],
						"0.875": [0, 5.55, -7.5],
						"1.0417": {
							"pre": [0, 10.05, -9],
							"post": [0, 10.05, -9],
							"lerp_mode": "catmullrom"
						},
						"1.375": {
							"post": [0, 13.3, -10.25],
							"lerp_mode": "catmullrom"
						},
						"1.6667": {
							"post": [0, 13.05, -11],
							"lerp_mode": "catmullrom"
						},
						"1.8333": {
							"post": [0, 9.28, -11.25],
							"lerp_mode": "catmullrom"
						},
						"1.9167": {
							"post": [0, 4.25, -11.25],
							"lerp_mode": "catmullrom"
						},
						"1.9583": {
							"post": [1.25, -1.75, -12],
							"lerp_mode": "catmullrom"
						},
						"2.0417": [5.75, -6.25, -13.5],
						"2.1667": {
							"pre": [12.08, -6.245, -12.59],
							"post": [12.08, -6.245, -12.59],
							"lerp_mode": "catmullrom"
						},
						"2.25": {
							"post": [14.75, -5.93, -3.195],
							"lerp_mode": "catmullrom"
						},
						"2.3333": {
							"post": [12.48, -5.27, 4.19],
							"lerp_mode": "catmullrom"
						},
						"2.4583": [5.75, -2.06, 6.86],
						"2.625": {
							"pre": [1.35, -0.18, 4.47],
							"post": [1.35, -0.18, 4.47],
							"lerp_mode": "catmullrom"
						},
						"2.7917": {
							"post": [0.25, 0, 1],
							"lerp_mode": "catmullrom"
						},
						"2.9583": [0, 0.25, 0.6]
					},
					"scale": {
						"0.6667": [1, 1, 1],
						"0.75": [1.2, 0.9, 1.2],
						"0.8333": [1, 1, 1],
						"0.9167": [1.5, 0.8, 1.5],
						"1.2083": [0.9, 1.1, 0.9],
						"1.75": [1, 1, 1],
						"1.9167": [0.9, 1.1, 0.9],
						"2.0417": [1, 1, 1]
					}
				},
				"torso": {
					"rotation": {
						"0.0": [38.06, -23.53, -0.91],
						"0.25": [52.23, -23.53, -0.91],
						"0.375": [55.56, -23.53, -0.91],
						"0.5833": [63.06, -23.53, -0.91],
						"0.75": [89.56, -26.03, -0.91],
						"0.8333": [29.56, -41.03, -0.91],
						"1.0": [1.31, -33.08, -0.91],
						"1.25": [-4.44, -23.53, -0.91],
						"1.9167": [-4.44, -23.53, -0.91],
						"2.0833": [43.06, -23.53, -0.91],
						"2.25": {
							"pre": [54.56, -23.53, -0.91],
							"post": [54.56, -23.53, -0.91],
							"lerp_mode": "catmullrom"
						},
						"2.5": {
							"post": [54.56, -23.53, -0.91],
							"lerp_mode": "catmullrom"
						},
						"2.6667": {
							"post": [42.63, -23.53, -0.91],
							"lerp_mode": "catmullrom"
						},
						"3.0": [38.06, -23.53, -0.91]
					},
					"position": {
						"0.0": [0, 0, 0],
						"0.6667": [0, 0, 0],
						"0.75": [0, -2, 0],
						"0.9583": [0, 0, 0],
						"1.9167": [0, 0, 0],
						"1.9583": [0, 1, 0],
						"2.0417": [0, 0, 0]
					}
				},
				"torso2": {
					"rotation": {
						"0.0": [-2, 0, 0],
						"0.125": [-12, 0, 0],
						"0.5833": [10.5, 0, 0],
						"0.7917": [3, 0, 0],
						"1.9167": [3, 0, 0],
						"2.0417": [-14.5, 0, 15],
						"2.25": {
							"pre": [8, 0, 20],
							"post": [8, 0, 20],
							"lerp_mode": "catmullrom"
						},
						"2.7917": {
							"post": [-0.97, 0, 3.06],
							"lerp_mode": "catmullrom"
						},
						"3.0": [-2, 0, 0]
					}
				},
				"head": {
					"rotation": {
						"0.0": [-19.5, 0, 0],
						"0.125": [-15.28, 0, 0],
						"0.25": [-26.06, 0, 0],
						"0.5417": [-55, 0, 0],
						"0.7083": [-73, 0, 0],
						"0.75": [-32.5, 0, 17.5],
						"0.7917": [-27.5, 0, -40],
						"1.0": [-7.5, 0, 0],
						"1.9167": [-7.5, 0, 0],
						"2.0417": [-22.5, -20, 0],
						"2.2083": [-42.5, -28, 0],
						"2.7917": [-23, -3, 0],
						"3.0": [-19.5, 0, 0]
					}
				},
				"antenna_left1": {
					"rotation": {
						"0.0": [0, 0, -3],
						"0.125": [0, 0, -15.5],
						"0.5": [0, 0, -0.5],
						"0.625": [0, 0, -0.5],
						"0.7083": [0, 0, -33],
						"0.8333": [0, 0, 27],
						"1.75": [0, 0, -3],
						"1.9583": [0, 0, -43],
						"2.125": [0, 0, 24.5],
						"2.25": [0, 0, 29.5],
						"3.0": [0, 0, -3]
					}
				},
				"antenna_left2": {
					"rotation": {
						"0.0": [0, 0, -2.3],
						"0.0833": [0, 0, -17.3],
						"0.6667": [0, 0, 12.7],
						"0.9167": [0, 62.5, 12.7],
						"1.7917": [0, 0, -2.3],
						"1.9583": [0, 0, -24.8],
						"2.2083": [0, 0, -2.3],
						"2.375": [0, 0, 2.7],
						"3.0": [0, 0, -2.3]
					}
				},
				"antenna_left3": {
					"rotation": {
						"0.0": [0, 0, 0.52],
						"0.25": [0, 0, -14.48],
						"0.75": [0, 0, 23.02],
						"0.8333": [0, 0, 45.52],
						"1.0": [0, 45, 20.52],
						"1.9583": [0, 0, 23.02],
						"2.2083": [0, 0, 55.52],
						"3.0": [0, 0, 0.52]
					}
				},
				"antenna_left4": {
					"rotation": {
						"0.0": [0, 0, 2.95],
						"0.3333": [0, 0, -7.05],
						"0.7917": [0, 0, 20.45],
						"1.0417": [0, 42.5, 20.45],
						"1.9583": [0, 0, 12.95],
						"2.25": [0, 0, 55.45],
						"3.0": [0, 0, 2.95]
					}
				},
				"antenna_right1": {
					"rotation": {
						"0.0": [0, 0, 3],
						"0.125": [0, 0, 15.5],
						"0.5": [0, 0, 0.5],
						"0.625": [0, 0, 0.5],
						"0.7083": [0, 0, 33],
						"0.8333": [0, 0, -27],
						"1.75": [0, 0, 3],
						"1.9583": [0, 0, 43],
						"2.125": [0, 0, -24.5],
						"2.25": [0, 0, -29.5],
						"3.0": [0, 0, 3]
					}
				},
				"antenna_right2": {
					"rotation": {
						"0.0": [0, 0, 2.3],
						"0.0833": [0, 0, 17.3],
						"0.6667": [0, 0, -12.7],
						"0.9167": [0, 22.5, -12.7],
						"1.7917": [0, 0, 2.3],
						"1.9583": [0, 0, 24.8],
						"2.2083": [0, 0, 2.3],
						"2.375": [0, 0, -2.7],
						"3.0": [0, 0, 2.3]
					}
				},
				"antenna_right3": {
					"rotation": {
						"0.0": [0, 0, -0.52],
						"0.25": [0, 0, 14.48],
						"0.75": [0, 0, -23.02],
						"0.8333": [0, 0, -45.52],
						"1.0": [0, 20, -20.52],
						"1.9583": [0, 0, -23.02],
						"2.2083": [0, 0, -55.52],
						"3.0": [0, 0, -0.52]
					}
				},
				"antenna_right4": {
					"rotation": {
						"0.0": [0, 0, -2.95],
						"0.3333": [0, 0, 7.05],
						"0.7917": [0, 0, -20.45],
						"1.0417": [0, 27.5, -20.45],
						"1.9583": [0, 0, -12.95],
						"2.25": [0, 0, -55.45],
						"3.0": [0, 0, -2.95]
					}
				},
				"tail_left": {
					"rotation": {
						"0.0": [-27, 0, 0],
						"0.25": [-39.5, 0, 0],
						"0.5833": [-17, 0, 0],
						"0.7917": [20.5, 0, 0],
						"0.9167": [-4.5, 0, 0],
						"1.0833": [90.5, 0, 0],
						"1.75": [113, 0, 0],
						"1.9167": [95.5, 0, 0],
						"2.0417": [2, 0, 0],
						"2.2083": [-8, 0, 0],
						"2.625": [7, 0, 0],
						"2.8333": [-21.89, 0, 0],
						"3.0": [-27, 0, 0]
					}
				},
				"tail_left2": {
					"rotation": {
						"0.0": [-11.28, 0, 0],
						"0.4167": [-33.78, 0, 0],
						"0.7083": [3.72, 0, 0],
						"0.8333": [58.72, 0, 0],
						"0.9167": [-6.28, 0, 0],
						"1.75": [-6.28, 0, 0],
						"1.9583": [46.22, 0, 0],
						"2.1667": [-28.78, 0, 0],
						"2.3333": [-31.28, 0, 0],
						"2.6667": [-1.28, 0, 0],
						"3.0": [-11.28, 0, 0]
					}
				},
				"tail_right": {
					"rotation": {
						"0.0": [-27, 0, 0],
						"0.25": [-39.5, 0, 0],
						"0.5833": [-17, 0, 0],
						"0.7917": [20.5, 0, 0],
						"0.9167": [-4.5, 0, 0],
						"1.0833": [90.5, 0, 0],
						"1.75": [113, 0, 0],
						"1.9167": [95.5, 0, 0],
						"2.0417": [2, 0, 0],
						"2.2083": [-8, 0, 0],
						"2.625": [7, 0, 0],
						"2.8333": [-21.89, 0, 0],
						"3.0": [-27, 0, 0]
					}
				},
				"tail_right2": {
					"rotation": {
						"0.0": [-11.28, 0, 0],
						"0.4167": [-33.78, 0, 0],
						"0.7083": [3.72, 0, 0],
						"0.8333": [58.72, 0, 0],
						"0.9167": [-6.28, 0, 0],
						"1.75": [-6.28, 0, 0],
						"1.9583": [46.22, 0, 0],
						"2.1667": [-28.78, 0, 0],
						"2.3333": [-31.28, 0, 0],
						"2.6667": [-1.28, 0, 0],
						"3.0": [-11.28, 0, 0]
					}
				},
				"leg_left1": {
					"rotation": {
						"0.0": [-12.53, -36.84, 7.59],
						"0.125": [-42.91, -36.84, 7.59],
						"0.2917": [-52.53, -36.84, 7.59],
						"0.625": [-55.03, -36.84, 7.59],
						"0.75": [-10.03, -24.34, -2.41],
						"0.8333": [10, -32.5, 2.5],
						"1.9167": [10, -32.5, 2.5],
						"1.9583": [-35, -32.5, 2.5],
						"2.0": [-60, -32.5, 2.5],
						"2.0833": [-92.5, -32.5, 2.5],
						"2.3333": [-80.69, -33.68, 3.89],
						"2.4583": [-47.91, -34.27, 4.58],
						"3.0": [-12.53, -36.84, 7.59]
					}
				},
				"leg_left2": {
					"rotation": {
						"0.0": [5, 0, 0],
						"0.125": [19.23, 0, 0],
						"0.2917": [22.5, 0, 0],
						"0.625": [25, 0, 0],
						"0.75": [17.5, 0, 0],
						"0.8333": [0, 0, 0],
						"1.9167": [0, 0, 0],
						"2.0": [42.5, 0, 0],
						"2.0417": [60, 0, 0],
						"2.0833": [62.5, 0, 0],
						"2.3333": [61.82, 0, 0],
						"2.4583": [26.17, 0, 0],
						"3.0": [5, 0, 0]
					},
					"position": [0, 0, 0]
				},
				"leg_left3": {
					"rotation": {
						"0.0": [7.5, 0, 0],
						"0.125": [39.81, 0, 0],
						"0.2917": [52.5, 0, 0],
						"0.625": [55, 0, 0],
						"0.75": [55, 0, 0],
						"0.8333": [0, 0, 0],
						"1.9167": [0, 0, 0],
						"1.9583": [45, 0, 0],
						"2.0": [55, 0, 0],
						"2.0417": [66.25, 0, 0],
						"2.0833": [67.5, 0, 0],
						"2.3333": [61.14, 0, 0],
						"2.4583": [33.58, 0, 0],
						"2.625": [18.06, 0, 0],
						"3.0": [7.5, 0, 0]
					}
				},
				"leg_left4": {
					"rotation": {
						"0.0": [7.5, 0, 0],
						"0.125": [22.69, 0, 0],
						"0.2917": [27.5, 0, 0],
						"0.625": [27.5, 0, 0],
						"0.8333": [0, 0, 0],
						"1.9167": [0, 0, 0],
						"2.0": [42.5, 0, 0],
						"2.0833": [42.5, 0, 0],
						"2.4583": [33.18, 0, 0],
						"2.625": [12.78, 0, 0],
						"3.0": [7.5, 0, 0]
					}
				},
				"foot_left": {
					"rotation": {
						"0.0": [0, 2, 0],
						"0.125": [-35.84, -1.61, -1.88],
						"0.2917": [-47.69458, -7.37347, -4.89049],
						"0.625": [-47.69, -7.37, -4.89],
						"0.75": [-42.69, -29.87, -4.89],
						"0.8333": [30, 0, 0],
						"1.9167": [30, 0, 0],
						"1.9583": [-35, 0, 0],
						"2.0": [-70, 0, 0],
						"2.0417": [-77.5, 0, 0],
						"2.0833": [-70, 0, 0],
						"2.3333": [-65.91, 0.55, 0],
						"2.4583": [-38.55, 0.82, 0],
						"2.625": [-4.19, 1.18, 0],
						"3.0": [0, 2, 0]
					}
				},
				"leg_right1": {
					"rotation": {
						"0.0": [5, -0.44, -2.5],
						"0.125": [-22.14, -0.44, -2.5],
						"0.2917": [-35, -0.44, -2.5],
						"0.625": [-35, -0.44, -2.5],
						"0.75": [2.5, -75.44, -2.5],
						"0.8333": [52.5, -53.94, 12.5],
						"0.875": [77.5, -45.44, -2.5],
						"1.875": [76.5, -30.44, -2.5],
						"1.9583": [91.5, -30.44, -2.5],
						"2.0833": [50.5, -30.44, -2.5],
						"2.5": [30.23, -22.3, -2.5],
						"2.7917": [8.3, -2.69, -2.5],
						"3.0": [5, -0.44, -2.5]
					},
					"position": [0, 0.25, 0],
					"scale": {
						"0.9583": [1, 1, 1],
						"1.0417": [1, 1.5, 1],
						"1.125": [1, 1.2091, 1],
						"1.5": [1, 1, 1]
					}
				},
				"leg_right2": {
					"rotation": {
						"0.0": [5, 0, 0],
						"0.125": [35.71, 0, 0],
						"0.2917": [47.5, 0, 0],
						"0.625": [47.5, 0, 0],
						"0.75": [30, 0, 0],
						"0.875": [-33, 0, 0],
						"1.0417": [12.5, 0, 0],
						"1.9167": [12.5, 0, 0],
						"2.0": [40, 0, 0],
						"2.2083": [37.92, 22.5, 0],
						"2.5": [35, 0, 0],
						"2.7917": [10.34, 0, 0],
						"3.0": [5, 0, 0]
					}
				},
				"leg_right3": {
					"rotation": {
						"0.0": [7.5, 0, 0],
						"0.125": [16.79, 0, 0],
						"0.2917": [17.5, 0, 0],
						"0.625": [17.5, 0, 0],
						"0.75": [22.5, 0, 0],
						"0.9167": [-34.5, 0, 0],
						"1.0417": [7.5, 0, 0],
						"1.9167": [7.5, 0, 0],
						"2.0417": [0.25, 0, 0],
						"2.1667": [38, 0, 0],
						"2.25": [45.5, 0, 0],
						"2.7917": [10.85, 0, 0],
						"3.0": [7.5, 0, 0]
					}
				},
				"leg_right4": {
					"rotation": {
						"0.0": [7.5, 0, 0],
						"0.125": [26.79, 0, 0],
						"0.2917": [35, 0, 0],
						"0.625": [35, 0, 0],
						"0.75": [27.5, 0, 0],
						"0.9583": [-20.56, 0, 0],
						"1.125": [-5, 0, 0],
						"1.9583": [-5, 0, 0],
						"2.0417": [38.49, 0, 0],
						"2.125": [6.75, 0, 0],
						"2.2083": [9.25, 0, -17.5],
						"2.5": [26.71, 0, 0],
						"2.7917": [13.22, 0, 0],
						"3.0": [7.5, 0, 0]
					}
				},
				"foot_right": {
					"rotation": {
						"0.0": [0, 0, 0],
						"0.125": [-37.14, 0, 0],
						"0.2917": [-57.5, 0, 0],
						"0.625": [-57.5, 0, 0],
						"0.75": [-47.5, 15, -45],
						"0.9167": [-47.5, 83.64, 0],
						"1.2083": [-47.5, 100, 0],
						"1.9167": [-47.5, 100, 0],
						"2.0833": [-40, 50, 0],
						"2.25": [17.5, 0, 0],
						"2.5": [13.42, 0, 0],
						"2.7917": [3.25, 0, 0],
						"3.0": [0, 0, 0]
					}
				},
				"wing_left": {
					"rotation": {
						"0.0": [0, 0, 0],
						"0.5": [26.5, 37.25, 0],
						"0.625": [30, 40, 0],
						"0.75": [30, 40, 0],
						"0.8333": [0, 0, 0],
						"1.125": [60, 0, 0],
						"1.75": [60, 0, 0],
						"1.9583": [82.5, 0, 0],
						"2.1667": [0, 0, 0]
					}
				},
				"wing_right": {
					"rotation": {
						"0.0": [0, 0, 0],
						"0.5": [26.5, -37.25, 0],
						"0.625": [30, -40, 0],
						"0.75": [30, -40, 0],
						"0.8333": [0, 0, 0],
						"1.125": [60, 0, 0],
						"1.75": [60, 0, 0],
						"1.9583": [82.5, 0, 0],
						"2.1667": [0, 0, 0]
					}
				},
				"eyelid_right": {
					"position": {
						"0.0": [0, 0, 0],
						"0.75": {"pre": [0, 0, 0], "post": [-0.25, 0, -0.25]},
						"2.5417": {"pre": [-0.25, 0, -0.25], "post": [0, 0, 0]},
						"2.625": {"pre": [0, 0, 0], "post": [-0.25, 0, -0.25]},
						"2.7083": {"pre": [-0.25, 0, -0.25], "post": [0, 0, 0]}
					}
				},
				"eyelid_left": {
					"position": {
						"0.0": [0, 0, 0],
						"0.75": {"pre": [0, 0, 0], "post": [0.25, 0, -0.25]},
						"2.5417": {"pre": [0.25, 0, -0.25], "post": [0, 0, 0]},
						"2.625": {"pre": [0, 0, 0], "post": [0.25, 0, -0.25]},
						"2.7083": {"pre": [0.25, 0, -0.25], "post": [0, 0, 0]}
					}
				}
			}
		},
		"animation.thespatine.pose": {
			"loop": true,
			"bones": {
				"head": {
					"rotation": [-10, 0, 10]
				},
				"torso": {
					"rotation": [37.5, 0, 0]
				},
				"torso2": {
					"rotation": [-12.39638, 1.61888, 7.32417]
				},
				"mouth_right": {
					"rotation": [0, 0, 0]
				},
				"antenna_left4": {
					"rotation": [0, 0, -25]
				},
				"antenna_right4": {
					"rotation": [0, 0, 25]
				},
				"leg_left1": {
					"rotation": [47.5, 0, 10]
				},
				"leg_left2": {
					"rotation": [32.5, 0, 0]
				},
				"leg_left3": {
					"rotation": [22.5, 0, 0]
				},
				"leg_left4": {
					"rotation": [30, 0, 0]
				},
				"leg_right1": {
					"rotation": [0, -7.5, 7.5]
				},
				"leg_right2": {
					"rotation": [-7.5, 0, 0]
				},
				"leg_right3": {
					"rotation": [-7.5, 0, 0]
				},
				"leg_right4": {
					"rotation": [-7.5, 0, 0]
				},
				"foot_right": {
					"rotation": [32.5, 0, 0]
				},
				"wing_left": {
					"rotation": [7.88185, -1.36578, 6.04972]
				},
				"wing_right": {
					"rotation": [7.88185, 1.36578, -6.04972]
				},
				"tail_left": {
					"rotation": [20, 0, 0]
				},
				"tail_left2": {
					"rotation": [37.5, 0, 0]
				},
				"tail_right": {
					"rotation": [20, 0, 0]
				},
				"tail_right2": {
					"rotation": [37.5, 0, 0]
				}
			}
		},
		"animation.thespatine.exploded": {
			"loop": true,
			"bones": {
				"torso": {
					"position": [0, -1, 0]
				},
				"torso2": {
					"position": [0, 3, 0]
				},
				"wing_left": {
					"position": [3, 0, 3]
				},
				"wing_right": {
					"position": [-3, 0, 3]
				},
				"head": {
					"position": [0, 2, -4]
				},
				"antenna_left1": {
					"position": [2, 0, 0]
				},
				"antenna_left2": {
					"position": [2, 0, 0]
				},
				"antenna_left3": {
					"position": [2, 0, 0]
				},
				"antenna_left4": {
					"position": [2, 0, 0]
				},
				"antenna_right1": {
					"position": [-2, 0, 0]
				},
				"antenna_right2": {
					"position": [-2, 0, 0]
				},
				"antenna_right3": {
					"position": [-2, 0, 0]
				},
				"antenna_right4": {
					"position": [-2, 0, 0]
				},
				"eye_right": {
					"position": [-2, 0, -9]
				},
				"eyelid_right": {
					"position": [-1, 0, -5]
				},
				"eyelid_left": {
					"position": [1, 0, -5]
				},
				"eye_left": {
					"position": [2, 0, -9]
				},
				"tail_left": {
					"position": [2, 0, 3]
				},
				"tail_right": {
					"position": [-2, 0, 3]
				},
				"leg_left1": {
					"position": [3, -3, 0]
				},
				"leg_left2": {
					"position": [0, -1, 0]
				},
				"leg_left3": {
					"position": [0, -1, 0]
				},
				"leg_left4": {
					"position": [0, -1, 0]
				},
				"foot_left": {
					"position": [0, -1, 0]
				},
				"leg_right1": {
					"position": [-3, -3, 0]
				},
				"leg_right2": {
					"position": [0, -1, 0]
				},
				"leg_right3": {
					"position": [0, -1, 0]
				},
				"leg_right4": {
					"position": [0, -1, 0]
				},
				"foot_right": {
					"position": [0, -1, 0]
				},
				"eye_left_open": {
					"position": [7, 0, -3]
				},
				"eye_right_open": {
					"position": [-7, 0, -3]
				}
			}
		}
	}
}