{
	"format_version": "1.8.0",
	"animations": {
		"animation.toombie.ground_idle": {
			"loop": true,
			"animation_length": 4,
			"bones": {
				"face": {
					"rotation": {
						"0.0": [0, 0, 42.5],
						"0.4583": {
							"pre": [20.33, 0, 22.17],
							"post": [20.33, 0, 22.17],
							"lerp_mode": "catmullrom"
						},
						"0.9583": {
							"post": [42.5, 0, 0],
							"lerp_mode": "catmullrom"
						},
						"1.9167": {
							"post": [0, 0, -42.5],
							"lerp_mode": "catmullrom"
						},
						"3.0": {
							"post": [-42.5, 0, 0],
							"lerp_mode": "catmullrom"
						},
						"4.0": [0, 0, 42.5]
					}
				},
				"leg": {
					"rotation": {
						"0.0": [0, 0, 30],
						"0.4583": {
							"pre": [20.25887, -3.49388, 26.33015],
							"post": [20.25887, -3.49388, 26.33015],
							"lerp_mode": "catmullrom"
						},
						"0.9583": {
							"post": [30, 0, 0],
							"lerp_mode": "catmullrom"
						},
						"1.4583": {
							"post": [22.85938, 2.4367, -28.59074],
							"lerp_mode": "catmullrom"
						},
						"1.9167": {
							"post": [0, 0, -30],
							"lerp_mode": "catmullrom"
						},
						"2.4583": {
							"post": [-21.16686, -2.96518, -24.68884],
							"lerp_mode": "catmullrom"
						},
						"3.0": {
							"post": [-30, 0, 0],
							"lerp_mode": "catmullrom"
						},
						"3.5": {
							"post": [-30.16189, 3.50801, 28.60134],
							"lerp_mode": "catmullrom"
						},
						"4.0": [0, 0, 30]
					}
				},
				"foot": {
					"rotation": {
						"0.0": {
							"post": [0, 0, 12.5],
							"lerp_mode": "catmullrom"
						},
						"0.8333": {
							"post": [12.5, 0, 0],
							"lerp_mode": "catmullrom"
						},
						"1.7917": {
							"post": [0, 0, -12.5],
							"lerp_mode": "catmullrom"
						},
						"2.875": {
							"post": [-12.5, 0, 0],
							"lerp_mode": "catmullrom"
						},
						"4.0": [0, 0, 12.5]
					}
				},
				"tail2": {
					"rotation": {
						"0.0": {
							"post": [0, 0, 0],
							"lerp_mode": "catmullrom"
						},
						"0.7917": {
							"post": [-27.5, 0, 0],
							"lerp_mode": "catmullrom"
						},
						"2.0833": {
							"post": [-10, 0, 0],
							"lerp_mode": "catmullrom"
						},
						"2.875": {
							"post": [-25, 0, 0],
							"lerp_mode": "catmullrom"
						},
						"4.0": [0, 0, 0]
					}
				},
				"tail3": {
					"rotation": {
						"0.0": {
							"post": [0, 0, 0],
							"lerp_mode": "catmullrom"
						},
						"1.125": {
							"post": [-30, 0, 0],
							"lerp_mode": "catmullrom"
						},
						"2.3333": {
							"post": [0, 0, 0],
							"lerp_mode": "catmullrom"
						},
						"3.125": {
							"post": [-20, 0, 0],
							"lerp_mode": "catmullrom"
						},
						"4.0": [0, 0, 0]
					}
				}
			}
		}
	}
}