{
	"format_version": "1.8.0",
	"animations": {
		"animation.umeltaka.ground_idle": {
			"loop": true,
			"bones": {
				"body": {
					"rotation": ["0+Math.cos((query.anim_time) * 90 * 1 - 90) * 3", 0, "0+Math.cos((query.anim_time) * 90 * 1) * -3"],
					"position": [0, "8+Math.cos((query.anim_time) * 90 * 1) * 3", 0]
				},
				"pot": {
					"position": [0, 0, 0],
					"scale": [
						"1+Math.cos((query.anim_time) * 90 * 1 + 50) * 0.03",
						"1+Math.cos((query.anim_time) * 90 * 1 + 210) * -0.03",
						"1+Math.cos((query.anim_time) * 90 * 1 + 140) * 0.03"
					]
				},
				"eye": {
					"position": [0, "0+Math.cos((query.anim_time) * 90 * 1 + 50) * -0.5", 0]
				},
				"eye2": {
					"position": [0, "0+Math.cos((query.anim_time) * 90 * 1) * -0.5", 0]
				},
				"eye3": {
					"position": [0, "0+Math.cos((query.anim_time) * 90 * 1 - 50) * -0.5", 0]
				},
				"eye4": {
					"position": [0, "0+Math.cos((query.anim_time) * 90 * 1 - 100) * -0.5", 0]
				},
				"eye5": {
					"position": [0, "0+Math.cos((query.anim_time) * 90 * 1 + 20) * -0.5", 0]
				},
				"pupil5": {
					"position": [0, 0, 0]
				},
				"stick": {
					"rotation": ["0+Math.cos((query.anim_time) * 90 * 1 - 90) * -8", 0, "0+Math.cos((query.anim_time) * 90 * 1) * 8"],
					"position": ["24+Math.cos((query.anim_time) * 90 * 1 + 20) * 8", 0, "0+Math.cos((query.anim_time) * 90 * 1 -70) * 8"]
				},
				"droop_left": {
					"scale": [1, "1+Math.cos((query.anim_time) * 90 * 1 + 50) * 0.07", 1]
				},
				"droop_left2": {
					"scale": [1, "1+Math.cos((query.anim_time) * 90 * 1 + 50) * -0.07", 1]
				},
				"droop_back": {
					"rotation": [0, 0, "0+Math.cos((query.anim_time) * 90 * 1 + 50) * 10"]
				},
				"detail_left": {
					"rotation": [0, 0, "0+Math.cos((query.anim_time) * 90 * 1 + 50) * 10"]
				}
			}
		},
		"animation.umeltaka.ground_walk": {
			"loop": true,
			"bones": {
				"body": {
					"rotation": ["32.5+Math.cos((query.anim_time) * 90 * 2 - 90) * 7", 0, 0],
					"position": [0, "9+Math.cos((query.anim_time) * 90 * 2) * 4", "0+Math.cos((query.anim_time) * 90 * 2 - 90) * 4"]
				},
				"pot": {
					"position": [0, 0, 0]
				},
				"droop_back": {
					"rotation": ["0+Math.cos((query.anim_time) * 90 * 2 + 50) * 10", 0, 0]
				},
				"droop_left": {
					"scale": [1, "1+Math.cos((query.anim_time) * 90 * 2 + 50) * 0.07", 1]
				},
				"droop_left2": {
					"scale": [1, "1+Math.cos((query.anim_time) * 90 * 2 + 50) * -0.07", 1]
				},
				"eye6": {
					"rotation": ["-32.5+Math.cos((query.anim_time) * 90 * 2 - 90) * -7", 0, 0],
					"position": [0, "0+Math.cos((query.anim_time) * 90 * 2) * 0.5", 0]
				},
				"eye": {
					"rotation": ["-32.5+Math.cos((query.anim_time) * 90 * 2 - 90) * -7", 0, 0],
					"position": [0, "0+Math.cos((query.anim_time) * 90 * 2) * 0.5", 0]
				},
				"eye2": {
					"rotation": ["-32.5+Math.cos((query.anim_time) * 90 * 2 - 90) * -7", 0, 0],
					"position": [0, "0+Math.cos((query.anim_time) * 90 * 2 - 45) * 0.5", 0]
				},
				"eye3": {
					"rotation": ["-32.5+Math.cos((query.anim_time) * 90 * 2 - 90) * -7", 0, 0],
					"position": [0, "0+Math.cos((query.anim_time) * 90 * 2 - 90) * 0.5", 0]
				},
				"eye4": {
					"rotation": ["-32.5+Math.cos((query.anim_time) * 90 * 2 - 90) * -7", 0, 0],
					"position": [0, "0+Math.cos((query.anim_time) * 90 * 2 - 135) * 0.5", 0]
				},
				"eye5": {
					"rotation": ["-32.5+Math.cos((query.anim_time) * 90 * 2 - 90) * -7", 0, 0],
					"position": [0, "0+Math.cos((query.anim_time) * 90 * 2) * 0.5", 0]
				},
				"stick": {
					"rotation": ["0+Math.cos((query.anim_time) * 90 * 1 - 90) * -8", 0, "0+Math.cos((query.anim_time) * 90 * 1) * 8"],
					"position": ["24+Math.cos((query.anim_time) * 90 * 1 + 20) * 8", 0, "0+Math.cos((query.anim_time) * 90 * 1 -70) * 8"]
				}
			}
		},
		"animation.umeltaka.battle_idle": {
			"loop": true,
			"bones": {
				"pot": {
					"rotation": ["-7.5+Math.cos((query.anim_time) * 90 * 2 -90) * -5", 0, "-7.5+Math.cos((query.anim_time) * 90 * 2) * -3"],
					"position": [10, "8+Math.cos((query.anim_time) * 90 * 2) * 2", 0],
					"scale": [
						"1+Math.cos((query.anim_time) * 90 * 2 + 50) * 0.03",
						"1+Math.cos((query.anim_time) * 90 * 2 + 210) * -0.03",
						"1+Math.cos((query.anim_time) * 90 * 2 + 140) * 0.03"
					]
				},
				"detail_left": {
					"rotation": [0, 0, "0+Math.cos((query.anim_time) * 90 * 2 - 45) * 7"]
				},
				"droop_back": {
					"rotation": [0, 0, "0+Math.cos((query.anim_time) * 90 * 2) * 7"]
				},
				"droop_left": {
					"scale": [1, "1+Math.cos((query.anim_time) * 90 * 2) * 0.06", 1]
				},
				"droop_left2": {
					"scale": [1, "1+Math.cos((query.anim_time) * 90 * 2) * -0.06", 1]
				},
				"eye6": {
					"rotation": ["5+Math.cos((query.anim_time) * 90 * 2 -90) * 5", 0, "7.5+Math.cos((query.anim_time) * 90 * 2) * 2"]
				},
				"eye": {
					"rotation": ["5+Math.cos((query.anim_time) * 90 * 2 -90) * 5", 0, "7.5+Math.cos((query.anim_time) * 90 * 2) * 2"]
				},
				"eye2": {
					"rotation": ["5+Math.cos((query.anim_time) * 90 * 2 -90) * 5", 0, "7.5+Math.cos((query.anim_time) * 90 * 2) * 2"]
				},
				"eye3": {
					"rotation": ["5+Math.cos((query.anim_time) * 90 * 2 -90) * 5", 0, "7.5+Math.cos((query.anim_time) * 90 * 2) * 2"]
				},
				"eye4": {
					"rotation": ["5+Math.cos((query.anim_time) * 90 * 2 -90) * 5", 0, "7.5+Math.cos((query.anim_time) * 90 * 2) * 2"]
				},
				"eye5": {
					"rotation": ["5+Math.cos((query.anim_time) * 90 * 2 -90) * 5", 0, "7.5+Math.cos((query.anim_time) * 90 * 2) * 2"]
				},
				"stick": {
					"rotation": ["-32.5+Math.cos((query.anim_time) * 90 * 2 -90) * 10", 0, "35+Math.cos((query.anim_time) * 90 * 2) * -10"],
					"position": [
						"8+Math.cos((query.anim_time) * 90 * 2 - 90) * -3",
						"0+Math.cos((query.anim_time) * 90 * 2) * -2",
						"0+Math.cos((query.anim_time) * 90 * 2) * 2"
					]
				}
			}
		},
		"animation.umeltaka.special": {
			"animation_length": 3,
			"bones": {
				"pot": {
					"rotation": {
						"0.0": [-7.5, 0, -10.5],
						"0.1667": {
							"pre": [-2.54, 0, 6.09],
							"post": [-2.54, 0, 6.09],
							"lerp_mode": "catmullrom"
						},
						"0.25": {
							"post": [-9.25, 0, 10.5],
							"lerp_mode": "catmullrom"
						},
						"0.5": {
							"post": [-22.5, 0, -7],
							"lerp_mode": "catmullrom"
						},
						"0.7083": {
							"post": [-15, 0, -11.25],
							"lerp_mode": "catmullrom"
						},
						"0.9167": [-8.86, 0, -3.05],
						"1.2083": [-3.75, 0, 0],
						"1.25": [-10.75, 0, 0],
						"1.3333": [-18.75, 0, 0],
						"1.4583": [-21.25, 0, 0],
						"1.7083": [-23.75, 0, 0],
						"2.25": [-24.25, 0, 0],
						"2.3333": [-19.42, 0, 0],
						"2.5": {
							"pre": [-7.5, 4.25, -7.25],
							"post": [-7.5, 4.25, -7.25],
							"lerp_mode": "catmullrom"
						},
						"2.7083": {
							"post": [4.5, 5.25, -11.75],
							"lerp_mode": "catmullrom"
						},
						"2.9167": [-4.21, 0, -10.25],
						"3.0": [-7.5, 0, -10.5]
					},
					"position": {
						"0.0": [10, 10, 0],
						"0.125": [11.84, 9.15, 2.84],
						"0.2083": [13.67, 7, 9.17],
						"0.3333": {
							"pre": [13.65, 5.925, 18.22],
							"post": [13.65, 5.925, 18.22],
							"lerp_mode": "catmullrom"
						},
						"0.5": {
							"post": [7.2, 6.8, 29.43],
							"lerp_mode": "catmullrom"
						},
						"0.5833": {
							"post": [1.92, 7.85, 32.82],
							"lerp_mode": "catmullrom"
						},
						"0.6667": {
							"post": [-4, 9.35, 34.375],
							"lerp_mode": "catmullrom"
						},
						"0.875": [-8, 10, 35.475],
						"1.0": [-7.575, 10, 35.045],
						"1.2083": [-7.57, 10, 32.55],
						"1.25": [-7.57, -1, 23.88],
						"1.3333": [-7.57, 16.75, 42.55],
						"1.4167": [-7.57, "18+Math.cos((query.anim_time) * 90 * 48) * 1", 44.5],
						"1.5417": [-7.57, "21+Math.cos((query.anim_time) * 90 * 48) * 1", 45.55],
						"1.875": [-7.57, "18.5+Math.cos((query.anim_time) * 90 * 48) * 1", 45.55],
						"2.2083": [-7.57, 13.25, 42.55],
						"2.3333": {
							"pre": [-7.02, 6.75, 39.48],
							"post": [-7.02, 6.75, 39.48],
							"lerp_mode": "catmullrom"
						},
						"2.5": {
							"post": [-4.86, 6, 25.89],
							"lerp_mode": "catmullrom"
						},
						"2.625": [-0.84, 7.35, 13.7],
						"2.75": {
							"pre": [4.75, 10, 2.85],
							"post": [4.75, 10, 2.85],
							"lerp_mode": "catmullrom"
						},
						"2.875": [9.2, 10, 0],
						"3.0": [10, 10, 0]
					},
					"scale": [1.01928, 1.02598, 0.97702]
				},
				"detail_left": {
					"rotation": {
						"0.0": [0, 0, 4.94975],
						"0.1667": [0, 0, -15.05],
						"0.3333": [0, 0, 16.95],
						"0.5": [0, 0, 21.27],
						"0.9167": [0, 0, 4.94975],
						"1.2083": [0, 0, 4.95],
						"1.25": [0, 0, -25.05],
						"1.3333": [0, 0, 42.45],
						"1.5": [0, 0, 11.72],
						"1.75": [0, 0, 0],
						"2.125": [0, 0, 4.94975],
						"2.2917": [0, 0, -17.55],
						"2.4583": [0, 0, 27.45],
						"2.5833": [0, 0, 12.45],
						"2.7083": [0, 0, 4.94975]
					}
				},
				"droop_back": {
					"rotation": [0, 0, 7]
				},
				"droop_left": {
					"scale": {
						"0.0": [1, 1.06, 1],
						"1.25": [1, 1.06, 1],
						"1.3333": {
							"pre": [1, 1.26, 1],
							"post": [1, 1.26, 1],
							"lerp_mode": "catmullrom"
						},
						"1.4167": {
							"post": [1, 1.131, 1],
							"lerp_mode": "catmullrom"
						},
						"1.5417": [1, 1.06, 1]
					}
				},
				"droop_left2": {
					"scale": {
						"0.0": [1, 0.94, 1],
						"1.25": [1, 0.94, 1],
						"1.3333": [1, 0.74, 1],
						"1.5": [1, 0.94, 1]
					}
				},
				"eye6": {
					"rotation": [5, 0, 9.5],
					"scale": {
						"1.25": [1, 1, 1],
						"1.3333": {
							"pre": [1, 1, 1],
							"post": [0, 0, 0]
						},
						"1.4167": {
							"pre": [0, 0, 0],
							"post": [1, 1, 1]
						},
						"1.5": {
							"pre": [1, 1, 1],
							"post": [0, 0, 0]
						},
						"1.5833": {
							"pre": [0, 0, 0],
							"post": [1, 1, 1]
						},
						"1.6667": {
							"pre": [1, 1, 1],
							"post": [0, 0, 0]
						},
						"1.75": {
							"pre": [0, 0, 0],
							"post": [1, 1, 1]
						},
						"1.8333": {
							"pre": [1, 1, 1],
							"post": [0, 0, 0]
						},
						"1.9167": {
							"pre": [0, 0, 0],
							"post": [1, 1, 1]
						},
						"2.0": {
							"pre": [1, 1, 1],
							"post": [0, 0, 0]
						},
						"2.0833": {
							"pre": [0, 0, 0],
							"post": [1, 1, 1]
						},
						"2.1667": {
							"pre": [1, 1, 1],
							"post": [0, 0, 0]
						},
						"2.25": {
							"pre": [0, 0, 0],
							"post": [1, 1, 1]
						}
					}
				},
				"eye": {
					"rotation": [5, 0, 9.5],
					"scale": {
						"1.2083": [1, 1, 1],
						"1.2917": {
							"pre": [1, 1, 1],
							"post": [0, 0, 0]
						},
						"1.375": {
							"pre": [0, 0, 0],
							"post": [1, 1, 1]
						},
						"1.4583": {
							"pre": [1, 1, 1],
							"post": [0, 0, 0]
						},
						"1.5417": {
							"pre": [0, 0, 0],
							"post": [1, 1, 1]
						},
						"1.625": {
							"pre": [1, 1, 1],
							"post": [0, 0, 0]
						},
						"1.7083": {
							"pre": [0, 0, 0],
							"post": [1, 1, 1]
						},
						"1.7917": {
							"pre": [1, 1, 1],
							"post": [0, 0, 0]
						},
						"1.875": {
							"pre": [0, 0, 0],
							"post": [1, 1, 1]
						},
						"1.9583": {
							"pre": [1, 1, 1],
							"post": [0, 0, 0]
						},
						"2.0417": {
							"pre": [0, 0, 0],
							"post": [1, 1, 1]
						},
						"2.125": {
							"pre": [1, 1, 1],
							"post": [0, 0, 0]
						},
						"2.2083": {
							"pre": [0, 0, 0],
							"post": [1, 1, 1]
						}
					}
				},
				"eye2": {
					"rotation": [5, 0, 9.5],
					"scale": {
						"1.1667": [1, 1, 1],
						"1.25": {
							"pre": [1, 1, 1],
							"post": [0, 0, 0]
						},
						"1.3333": {
							"pre": [0, 0, 0],
							"post": [1, 1, 1]
						},
						"1.4167": {
							"pre": [1, 1, 1],
							"post": [0, 0, 0]
						},
						"1.5": {
							"pre": [0, 0, 0],
							"post": [1, 1, 1]
						},
						"1.5833": {
							"pre": [1, 1, 1],
							"post": [0, 0, 0]
						},
						"1.6667": {
							"pre": [0, 0, 0],
							"post": [1, 1, 1]
						},
						"1.75": {
							"pre": [1, 1, 1],
							"post": [0, 0, 0]
						},
						"1.8333": {
							"pre": [0, 0, 0],
							"post": [1, 1, 1]
						},
						"1.9167": {
							"pre": [1, 1, 1],
							"post": [0, 0, 0]
						},
						"2.0": {
							"pre": [0, 0, 0],
							"post": [1, 1, 1]
						},
						"2.0833": {
							"pre": [1, 1, 1],
							"post": [0, 0, 0]
						},
						"2.1667": {
							"pre": [0, 0, 0],
							"post": [1, 1, 1]
						}
					}
				},
				"eye3": {
					"rotation": [5, 0, 9.5],
					"scale": {
						"1.2083": [1, 1, 1],
						"1.2917": {
							"pre": [1, 1, 1],
							"post": [0, 0, 0]
						},
						"1.375": {
							"pre": [0, 0, 0],
							"post": [1, 1, 1]
						},
						"1.4583": {
							"pre": [1, 1, 1],
							"post": [0, 0, 0]
						},
						"1.5417": {
							"pre": [0, 0, 0],
							"post": [1, 1, 1]
						},
						"1.625": {
							"pre": [1, 1, 1],
							"post": [0, 0, 0]
						},
						"1.7083": {
							"pre": [0, 0, 0],
							"post": [1, 1, 1]
						},
						"1.7917": {
							"pre": [1, 1, 1],
							"post": [0, 0, 0]
						},
						"1.875": {
							"pre": [0, 0, 0],
							"post": [1, 1, 1]
						},
						"1.9583": {
							"pre": [1, 1, 1],
							"post": [0, 0, 0]
						},
						"2.0417": {
							"pre": [0, 0, 0],
							"post": [1, 1, 1]
						},
						"2.125": {
							"pre": [1, 1, 1],
							"post": [0, 0, 0]
						},
						"2.2083": {
							"pre": [0, 0, 0],
							"post": [1, 1, 1]
						}
					}
				},
				"eye4": {
					"rotation": [5, 0, 9.5],
					"scale": {
						"1.1667": [1, 1, 1],
						"1.25": {
							"pre": [1, 1, 1],
							"post": [0, 0, 0]
						},
						"1.3333": {
							"pre": [0, 0, 0],
							"post": [1, 1, 1]
						},
						"1.4167": {
							"pre": [1, 1, 1],
							"post": [0, 0, 0]
						},
						"1.5": {
							"pre": [0, 0, 0],
							"post": [1, 1, 1]
						},
						"1.5833": {
							"pre": [1, 1, 1],
							"post": [0, 0, 0]
						},
						"1.6667": {
							"pre": [0, 0, 0],
							"post": [1, 1, 1]
						},
						"1.75": {
							"pre": [1, 1, 1],
							"post": [0, 0, 0]
						},
						"1.8333": {
							"pre": [0, 0, 0],
							"post": [1, 1, 1]
						},
						"1.9167": {
							"pre": [1, 1, 1],
							"post": [0, 0, 0]
						},
						"2.0": {
							"pre": [0, 0, 0],
							"post": [1, 1, 1]
						},
						"2.0833": {
							"pre": [1, 1, 1],
							"post": [0, 0, 0]
						},
						"2.1667": {
							"pre": [0, 0, 0],
							"post": [1, 1, 1]
						}
					}
				},
				"eye5": {
					"rotation": [5, 0, 9.5],
					"scale": {
						"1.1667": [1, 1, 1],
						"1.25": {
							"pre": [1, 1, 1],
							"post": [0, 0, 0]
						},
						"1.3333": {
							"pre": [0, 0, 0],
							"post": [1, 1, 1]
						},
						"1.4167": {
							"pre": [1, 1, 1],
							"post": [0, 0, 0]
						},
						"1.5": {
							"pre": [0, 0, 0],
							"post": [1, 1, 1]
						},
						"1.5833": {
							"pre": [1, 1, 1],
							"post": [0, 0, 0]
						},
						"1.6667": {
							"pre": [0, 0, 0],
							"post": [1, 1, 1]
						},
						"1.75": {
							"pre": [1, 1, 1],
							"post": [0, 0, 0]
						},
						"1.8333": {
							"pre": [0, 0, 0],
							"post": [1, 1, 1]
						},
						"1.9167": {
							"pre": [1, 1, 1],
							"post": [0, 0, 0]
						},
						"2.0": {
							"pre": [0, 0, 0],
							"post": [1, 1, 1]
						},
						"2.0833": {
							"pre": [1, 1, 1],
							"post": [0, 0, 0]
						},
						"2.1667": {
							"pre": [0, 0, 0],
							"post": [1, 1, 1]
						}
					}
				},
				"stick": {
					"rotation": {
						"0.0": [-32.5, 0, 25],
						"0.2083": [-32.5, 0, 57.5],
						"0.5": [-47.5, 0, 57.5],
						"0.625": [-40.58, 0, 50.42],
						"0.9167": [-7.01, 0, -0.67],
						"1.0417": [0, 0, -12.5],
						"1.125": [0, 0, -33],
						"1.2083": [0, 0, -55.5],
						"1.2917": [0, 0, 97.76],
						"1.4583": [0, 0, 582.24],
						"1.625": {
							"pre": [0, 0, 1013.24],
							"post": [0, 0, 1013.24],
							"lerp_mode": "catmullrom"
						},
						"1.875": {
							"post": [0, 0, 1467.61],
							"lerp_mode": "catmullrom"
						},
						"2.0833": {
							"post": [0, 0, 1711.25],
							"lerp_mode": "catmullrom"
						},
						"2.25": [0, 0, 1769.5],
						"2.3333": [0, 0, 1769.5],
						"2.375": {
							"pre": [0, 0, 1769.5],
							"post": [0, 0, -30.5]
						},
						"2.5": [-4.25, 0, -30.5],
						"2.6667": [-15.25, 0, 11.275],
						"2.7917": [-28.37, 0, 18.14],
						"2.9583": [-32.5, 0, 25]
					},
					"position": {
						"0.0": [8, -2, 2],
						"0.2083": {
							"pre": [-0.25, -2, 0.75],
							"post": [-0.25, -2, 0.75],
							"lerp_mode": "catmullrom"
						},
						"0.3333": {
							"post": [-15.12, -0.925, -4.12],
							"lerp_mode": "catmullrom"
						},
						"0.4583": {
							"post": [-18, 2.025, -8.75],
							"lerp_mode": "catmullrom"
						},
						"0.5833": {
							"post": [-15.5, 4.2, -13.5],
							"lerp_mode": "catmullrom"
						},
						"0.6667": {
							"post": [-6.63, 5.275, -16.23],
							"lerp_mode": "catmullrom"
						},
						"0.7917": {
							"post": [4.93, 5.275, -18.5],
							"lerp_mode": "catmullrom"
						},
						"0.9167": {
							"post": [9.275, 5.125, -19.5],
							"lerp_mode": "catmullrom"
						},
						"1.125": {
							"post": [11.425, 5.13, -19.5],
							"lerp_mode": "catmullrom"
						},
						"1.2083": [12, 5.13, -24.5],
						"1.2917": [12, 5.13, -7.5],
						"1.4167": [12, 5.13, -2.5],
						"1.5833": ["12+Math.cos((query.anim_time) * 90 * 48) * 3", "5.13+Math.cos((query.anim_time) * 90 * 48 - 90) * 3", -1.5],
						"1.9583": ["12+Math.cos((query.anim_time) * 90 * 48) * 3", "5.13+Math.cos((query.anim_time) * 90 * 48 - 90) * 3", -1.5],
						"2.25": [3.5, 5.13, -2.5],
						"2.3333": {
							"pre": [-6.24, 4.11, -1.86],
							"post": [-6.24, 4.11, -1.86],
							"lerp_mode": "catmullrom"
						},
						"2.5": {
							"post": [-24.71, 1.32, -0.57],
							"lerp_mode": "catmullrom"
						},
						"2.625": {
							"post": [-21.19, -0.71, 0.89],
							"lerp_mode": "catmullrom"
						},
						"2.8333": [4.5, -2, 2],
						"2.9167": [7.675, -2, 2],
						"3.0": [8, -2, 2]
					},
					"scale": 1
				},
				"stick2": {
					"rotation": {
						"1.25": [0, 0, 0],
						"1.375": [0, 0, -25],
						"1.75": [0, 0, 0]
					},
					"position": {
						"0.0": [0, 0, 0],
						"1.25": [0, 0, 0],
						"1.2917": [9.5, 0, 0],
						"2.0": [9.5, 0, 0],
						"2.1667": [0, 0, 0]
					},
					"scale": {
						"1.25": [1, 1, 1],
						"1.2917": [4.8, 1, 1],
						"2.0": [4.8, 1, 1],
						"2.1667": [1, 1, 1]
					}
				}
			}
		},
		"animation.umeltaka.blink": {
			"animation_length": 0.2083,
			"bones": {
				"eye": {
					"scale": {
						"0.0": [0, 0, 0],
						"0.2083": {
							"pre": [0, 0, 0],
							"post": [1, 1, 1]
						}
					}
				}
			}
		},
		"animation.umeltaka.blink2": {
			"animation_length": 0.375,
			"bones": {
				"eye2": {
					"scale": {
						"0.0": [1, 1, 1],
						"0.0417": {
							"pre": [1, 1, 1],
							"post": [0, 0, 0]
						},
						"0.2083": {
							"pre": [0, 0, 0],
							"post": [1, 1, 1]
						}
					}
				},
				"eye3": {
					"scale": {
						"0.0": [1, 1, 1],
						"0.125": {
							"pre": [1, 1, 1],
							"post": [0, 0, 0]
						},
						"0.2917": {
							"pre": [0, 0, 0],
							"post": [1, 1, 1]
						}
					}
				},
				"eye4": {
					"scale": {
						"0.0": [1, 1, 1],
						"0.2083": {
							"pre": [1, 1, 1],
							"post": [0, 0, 0]
						},
						"0.375": {
							"pre": [0, 0, 0],
							"post": [1, 1, 1]
						}
					}
				}
			}
		},
		"animation.umeltaka.blink3": {
			"animation_length": 0.2083,
			"bones": {
				"eye5": {
					"scale": {
						"0.0": [0, 0, 0],
						"0.2083": {
							"pre": [0, 0, 0],
							"post": [1, 1, 1]
						}
					}
				}
			}
		},
		"animation.umeltaka.blink4": {
			"animation_length": 0.2083,
			"bones": {
				"eye6": {
					"scale": {
						"0.0": [0, 0, 0],
						"0.2083": {
							"pre": [0, 0, 0],
							"post": [1, 1, 1]
						}
					}
				}
			}
		},
		"animation.umeltaka.blink5": {
			"animation_length": 0.2083,
			"bones": {
				"eye7": {
					"scale": {
						"0.0": [0, 0, 0],
						"0.2083": {
							"pre": [0, 0, 0],
							"post": [1, 1, 1]
						}
					}
				}
			}
		},
		"animation.umeltaka.pose": {
			"loop": true,
			"bones": {
				"pot": {
					"rotation": [-8.59089, -8.59465, 9.01593]
				},
				"stick": {
					"rotation": [-41.95571, -7.1077, 44.10003],
					"position": [9.275, 0, 13.8]
				}
			}
		},
		"animation.umeltaka.sizetest": {
			"loop": true,
			"bones": {
				"umeltaka": {
					"scale": 0.4
				}
			}
		}
	}
}