{
	"format_version": "1.8.0",
	"animations": {
		"animation.upsigenia.ground_idle": {
			"loop": true,
			"bones": {
				"body": {
					"position": [0, -1.25, 0]
				},
				"torso": {
					"rotation": ["0+Math.cos((query.anim_time) * 90 * 1 - 90) * 1", 0, 0],
					"position": [0, "0+Math.cos((query.anim_time) * 90 * 1) * 0.2", 0]
				},
				"arm_left_front": {
					"rotation": ["-10+Math.cos((query.anim_time) * 90 * 1 - 180) * -2", 0, 10]
				},
				"arm_left_front2": {
					"rotation": ["-17.5+Math.cos((query.anim_time) * 90 * 1 - 200) * -5", 0, 0]
				},
				"arm_left_front3": {
					"rotation": [-17.5, 0, 0]
				},
				"arm_right_front": {
					"rotation": ["-10+Math.cos((query.anim_time) * 90 * 1 - 180) * -2", 0, -10]
				},
				"arm_right_front2": {
					"rotation": ["-17.5+Math.cos((query.anim_time) * 90 * 1 - 200) * -5", 0, 0]
				},
				"arm_right_front3": {
					"rotation": [-17.5, 0, 0]
				},
				"arm_right_back": {
					"rotation": ["-17.5+Math.cos((query.anim_time) * 90 * 1 - 210) * -4", 0, -22.5]
				},
				"arm_right_back2": {
					"rotation": ["-17.5+Math.cos((query.anim_time) * 90 * 1 - 230) * -5", 0, 0]
				},
				"arm_right_back3": {
					"rotation": [-25, 0, 0]
				},
				"arm_left_back": {
					"rotation": ["-17.5+Math.cos((query.anim_time) * 90 * 1 - 210) * -4", 0, 22.5]
				},
				"arm_left_back2": {
					"rotation": ["-17.5+Math.cos((query.anim_time) * 90 * 1 - 230) * -5", 0, 0]
				},
				"arm_left_back3": {
					"rotation": [-25, 0, 0]
				},
				"neck": {
					"rotation": ["20+Math.cos((query.anim_time) * 90 * 1 - 130) * -2", 0, 0]
				},
				"head": {
					"rotation": ["-15+Math.cos((query.anim_time) * 90 * 1 - 130) * 2", 0, 0]
				},
				"arm_left": {
					"rotation": ["-10+Math.cos((query.anim_time) * 90 * 1 - 150) * -2", 0, 32.5]
				},
				"arm_left2": {
					"rotation": ["-20+Math.cos((query.anim_time) * 90 * 1 - 170) * -5", 0, 0]
				},
				"arm_right": {
					"rotation": ["-10+Math.cos((query.anim_time) * 90 * 1 - 150) * -2", 0, -32.5]
				},
				"arm_right2": {
					"rotation": ["-20+Math.cos((query.anim_time) * 90 * 1 - 170) * -5", 0, 0]
				},
				"tail": {
					"rotation": ["-30+Math.cos((query.anim_time) * 90 * 1 - 130) * -6", 0, 0]
				},
				"tail2": {
					"rotation": ["-35+Math.cos((query.anim_time) * 90 * 1 - 180) * -5", 0, 0]
				},
				"leg_left_front": {
					"rotation": [-17.5, 0, -22.5]
				},
				"leg_right_front": {
					"rotation": [-17.5, 0, 22.5]
				},
				"leg_right_back": {
					"rotation": [10, 0, 22.5]
				},
				"leg_left_back": {
					"rotation": [10, 0, -22.5]
				}
			}
		},
		"animation.upsigenia.ground_walk": {
			"loop": true,
			"bones": {
				"body": {
					"position": [0, -1.75, 0]
				},
				"torso": {
					"rotation": ["0+Math.cos((query.anim_time) * 90 * 4 - 90) * 1", 0, "0+Math.cos((query.anim_time) * 90 * 2-20) * 5"],
					"position": [0, "0+Math.cos((query.anim_time) * 90 * 4) * -0.2", 0]
				},
				"arm_left_front": {
					"rotation": ["-17.5+Math.cos((query.anim_time) * 90 * 4 - 160) * 5", 0, 17.5]
				},
				"arm_left_front2": {
					"rotation": [-20, 0, 0]
				},
				"arm_left_front3": {
					"rotation": [-20, 0, 0]
				},
				"arm_right_front": {
					"rotation": ["-17.5+Math.cos((query.anim_time) * 90 * 4 - 160) * 5", 0, -17.5]
				},
				"arm_right_front2": {
					"rotation": [-20, 0, 0]
				},
				"arm_right_front3": {
					"rotation": [-20, 0, 0]
				},
				"arm_right_back": {
					"rotation": ["-30+Math.cos((query.anim_time) * 90 * 4 - 200) * 5", 0, -22.5]
				},
				"arm_right_back2": {
					"rotation": [-32.5, 0, 0]
				},
				"arm_right_back3": {
					"rotation": [-32.5, 0, 0]
				},
				"arm_left_back": {
					"rotation": ["-30+Math.cos((query.anim_time) * 90 * 4 - 200) * 5", 0, 22.5]
				},
				"arm_left_back2": {
					"rotation": [-32.5, 0, 0]
				},
				"arm_left_back3": {
					"rotation": [-32.5, 0, 0]
				},
				"neck": {
					"rotation": ["25+Math.cos((query.anim_time) * 90 * 4 - 90) * 3", "0+Math.cos((query.anim_time) * 90 * 2 - 130) * -5", 0]
				},
				"head": {
					"rotation": ["-22.5+Math.cos((query.anim_time) * 90 * 4 - 110) * -3", "0+Math.cos((query.anim_time) * 90 * 2 - 110) * 3", 0]
				},
				"arm_left": {
					"rotation": ["-27.5+Math.cos((query.anim_time) * 90 * 4 - 120) * 5", 0, 32.5]
				},
				"arm_left2": {
					"rotation": [-30, 0, 0]
				},
				"arm_right": {
					"rotation": ["-27.5+Math.cos((query.anim_time) * 90 * 4 - 120) * 5", 0, -32.5]
				},
				"arm_right2": {
					"rotation": [-30, 0, 0]
				},
				"tail": {
					"rotation": ["-22.5+Math.cos((query.anim_time) * 90 * 4 - 120) * -3", 0, 0]
				},
				"tail2": {
					"rotation": ["-30+Math.cos((query.anim_time) * 90 * 4 - 160) * -3", 0, 0]
				},
				"leg_left_front": {
					"rotation": ["-7.5+Math.cos((query.anim_time) * 90 * 2) * -15", 0, -30],
					"position": [0, "0+0.3*math.clamp(math.sin((q.anim_time)*90*2-180)*1.1+0.2,0,1.3)+1*math.clamp(math.sin((q.anim_time)*90*2)*1+1,0,0)", 0]
				},
				"leg_right_front": {
					"rotation": ["-7.5+Math.cos((query.anim_time) * 90 * 2) * 15", 0, 30],
					"position": [0, "0+0.3*math.clamp(math.sin((q.anim_time)*90*2)*1.1+0.2,0,1.3)+1*math.clamp(math.sin((q.anim_time)*90*2)*1+1,0,0)", 0]
				},
				"leg_right_back": {
					"rotation": ["7.5+Math.cos((query.anim_time) * 90 * 2) * -15", 0, 30],
					"position": [0, "0+0.3*math.clamp(math.sin((q.anim_time)*90*2-180)*1.1+0.2,0,1.3)+1*math.clamp(math.sin((q.anim_time)*90*2)*1+1,0,0)", 0]
				},
				"leg_left_back": {
					"rotation": ["7.5+Math.cos((query.anim_time) * 90 * 2) * 15", 0, -30],
					"position": [0, "0+0.3*math.clamp(math.sin((q.anim_time)*90*2)*1.1+0.2,0,1.3)+1*math.clamp(math.sin((q.anim_time)*90*2)*1+1,0,0)", 0]
				}
			}
		},
		"animation.upsigenia.sleep": {
			"loop": true,
			"bones": {
				"body": {
					"position": [0, -1.75, 0]
				},
				"torso": {
					"rotation": ["0+Math.cos((query.anim_time) * 90 * 1 - 45) * 1", 0, -15],
					"position": [-0.5, "0+Math.cos((query.anim_time) * 90 * 1) * 0.1", 0]
				},
				"arm_left_front": {
					"rotation": [0, 0, "-15+Math.cos((query.anim_time) * 90 * 1 - 90) * 2"]
				},
				"arm_left_front2": {
					"rotation": [-30, 0, -27.5]
				},
				"arm_left_front3": {
					"rotation": [-20, 0, -35]
				},
				"arm_right_front": {
					"rotation": [0, 0, "-50+Math.cos((query.anim_time) * 90 * 1 - 90) * 2"]
				},
				"arm_right_front2": {
					"rotation": [0, 0, -50]
				},
				"arm_right_front3": {
					"rotation": [0, 0, -42.5]
				},
				"arm_right_back": {
					"rotation": [-32.5, 0, "-25+Math.cos((query.anim_time) * 90 * 1 - 90) * 2"]
				},
				"arm_right_back2": {
					"rotation": [0, 0, -50]
				},
				"arm_right_back3": {
					"rotation": [0, 0, -42.5]
				},
				"arm_left_back": {
					"rotation": [0, 0, "-32.5+Math.cos((query.anim_time) * 90 * 1 - 90) * 2"]
				},
				"arm_left_back2": {
					"rotation": [-30, 0, -42.5]
				},
				"arm_left_back3": {
					"rotation": [-20, 0, -47.5]
				},
				"neck": {
					"rotation": ["47.5+Math.cos((query.anim_time) * 90 * 1 - 45) * -1", 20, 15]
				},
				"head": {
					"rotation": [-42.5, 2.5, 0],
					"position": [0, -1, -0.25]
				},
				"arm_left": {
					"rotation": [-70, -10, 40]
				},
				"arm_left2": {
					"rotation": [-27.5, 0, 0]
				},
				"arm_right": {
					"rotation": [-55, 0, -40]
				},
				"arm_right2": {
					"rotation": [-27.5, 0, 0]
				},
				"tail": {
					"rotation": [-40, 0, 15]
				},
				"tail2": {
					"rotation": [-47.5, 0, 0]
				},
				"leg_left_front": {
					"rotation": [-12.5, 0, -30]
				},
				"leg_right_front": {
					"rotation": [-12.5, 0, 30]
				},
				"leg_right_back": {
					"rotation": [12.5, 0, 30]
				},
				"leg_left_back": {
					"rotation": [12.5, 0, -30]
				}
			}
		}
	}
}