{
	"format_version": "1.8.0",
	"animations": {
		"animation.vaalzebub.air_idle": {
			"loop": true,
			"animation_length": 12.66667,
			"bones": {
				"rightbackleg": {
					"rotation": [0, 2, "Math.cos((query.anim_time + 1.3) * 200) * 5.5"]
				},
				"leftbackleg": {
					"rotation": [0, -2, "Math.cos((query.anim_time + 1.3) * 200) * -5.5"]
				},
				"body": {
					"position": [0, "Math.cos((query.anim_time + 0.3) * 720) * 0.1", 0]
				},
				"head": {
					"rotation": [0, 0, "Math.cos((query.anim_time + 1.3) * 260) * 1.2"]
				},
				"drool": {
					"rotation": ["Math.cos((query.anim_time + 0.3) * 260) * 5.0", 0, "Math.cos((query.anim_time + 1.4) * 260) * 1.5"]
				},
				"abdomen": {
					"rotation": ["Math.cos((query.anim_time + 0.3) * 135) * 1.0", 0, 0]
				},
				"leftfrontleg": {
					"rotation": [0, 0, "Math.cos((query.anim_time + 2.6) * 200) * -4.5"]
				},
				"rightfrontleg": {
					"rotation": [0, 0, "Math.cos((query.anim_time + 2.6) * 200) * 4.5"]
				},
				"leftwing": {
					"rotation": [0, 0, "5 + Math.cos((query.anim_time + 0.1) * 1080) * 30"]
				},
				"leftsmallwing": {
					"rotation": [0, 0, "5 + Math.cos((query.anim_time + 0.12) * 1080) * 30"]
				},
				"rightwing": {
					"rotation": [0, 0, "5 + Math.cos((query.anim_time + 0.1) * 1080) * -30"]
				},
				"rightsmallwing": {
					"rotation": [0, 0, "5 + Math.cos((query.anim_time + 0.12) * 1080) * -30"]
				}
			}
		}
	}
}