{
	"format_version": "1.8.0",
	"animations": {
		"animation.workahollo.ground_walk": {
			"loop": true,
			"bones": {
				"body": {
					"rotation": ["12.0681+Math.cos((query.anim_time - 0.5) * 90*4) * 4", 7.4266, 1.04968],
					"position": [0, "-0.2+Math.cos((query.anim_time + 0.4) * 90*8) * 0.2", 0]
				},
				"head": {
					"rotation": ["23.4216+Math.cos((query.anim_time+0.8) * 90*4) * -4", -6.95039, -2.82512]
				},
				"leftarm": {
					"rotation": [12.31594, "2.1539+Math.cos((query.anim_time + 0.4) * 90*4) * -8", 45.23242]
				},
				"rightarm": {
					"rotation": [-24.7533, 30.8038, -48.56097],
					"position": [-0.5, "-0.2+Math.cos((query.anim_time + 0.4) * 90*4) * -0.2", 1]
				},
				"case": {
					"rotation": [-3.69665, 15.02782, 67.13434]
				},
				"leftleg": {
					"rotation": ["Math.cos((query.anim_time) * 90*4) * 10", 0, 0],
					"position": [0, "Math.cos((query.anim_time + 0.5) * 90*8) * 0.15", 0]
				},
				"rightleg": {
					"rotation": ["Math.cos((query.anim_time) * 90*4) * -10", 0, 0],
					"position": [0, "Math.cos((query.anim_time + 0.5) * 90*8) * 0.15", 0]
				}
			}
		},
		"animation.workahollo.ground_idle": {
			"loop": true,
			"bones": {
				"body": {
					"rotation": [7.5, "Math.cos((query.anim_time + 0.2) * 90*2) * 4", 0]
				},
				"head": {
					"rotation": ["-6.75+Math.cos((query.anim_time + 0.3) * 90*1) * 6", "Math.cos((query.anim_time + 0.2) * 90*2) * -4", 0]
				},
				"leftarm": {
					"rotation": [12.31594, "2.1539+Math.cos((query.anim_time + 0.0) * 90*2) * 4", 45.23242]
				},
				"rightarm": {
					"rotation": [-10, "Math.cos((query.anim_time) * 90*2) * 10", "-22.5+Math.cos((query.anim_time) * 90*4) * -3"]
				},
				"case": {
					"rotation": ["Math.cos((query.anim_time-0.2) * 90*2) * 10", 0, 22.5]
				},
				"leftleg": {
					"rotation": [0, 0, 0]
				},
				"rightleg": {
					"rotation": [0, 0, 0]
				}
			}
		}
	}
}