{
	"format_version": "1.12.0",
	"minecraft:geometry": [
		{
			"description": {
				"identifier": "geometry.equirin",
				"texture_width": 128,
				"texture_height": 128,
				"visible_bounds_width": 6,
				"visible_bounds_height": 4.5,
				"visible_bounds_offset": [0, 1.75, 0]
			},
			"bones": [
				{
					"name": "equirin",
					"pivot": [0, 0, 0]
				},
				{
					"name": "body",
					"parent": "equirin",
					"pivot": [0, 16.3, 0]
				},
				{
					"name": "torso",
					"parent": "body",
					"pivot": [0, 17.3, 2]
				},
				{
					"name": "upper_body",
					"parent": "torso",
					"pivot": [-3.5, 15.85, 1],
					"cubes": [
						{"origin": [-5, 15.9, -9.2], "size": [2, 3, 2], "inflate": 0.01, "pivot": [-3, 16.9, -7.2], "rotation": [13, 0, 0], "uv": [36, 94]},
						{"origin": [-4.5, 13.9, -8.95], "size": [5, 7, 2], "pivot": [-1.5, 15.9, -6.95], "rotation": [13, 0, 0], "uv": [84, 37]},
						{"origin": [-3.5, 15.4, -9.7], "size": [3, 4, 2], "pivot": [-1.5, 16.4, -7.7], "rotation": [13, 0, 0], "uv": [93, 64]},
						{"origin": [-1, 15.9, -9.2], "size": [2, 3, 2], "inflate": 0.01, "pivot": [1, 16.9, -7.2], "rotation": [13, 0, 0], "uv": [95, 12]},
						{"origin": [0.5, 16.65, -8.45], "size": [1, 2, 2], "pivot": [2.5, 17.65, -6.45], "rotation": [13, 0, 0], "uv": [51, 7]},
						{"origin": [-5.5, 16.65, -8.45], "size": [1, 2, 2], "pivot": [-3.5, 17.65, -6.45], "rotation": [13, 0, 0], "uv": [11, 0]},
						{"origin": [-5, 13.55, -8.1], "size": [6, 7, 19], "uv": [0, 0]},
						{"origin": [-6, 14.3, -7], "size": [8, 7, 6], "uv": [28, 26]},
						{"origin": [-6, 14.3, 5], "size": [8, 7, 6], "uv": [0, 26]},
						{"origin": [-5.5, 14.1, -1], "size": [7, 7, 6], "uv": [44, 46]},
						{"origin": [-6.5, 12.85, 0], "size": [9, 9, 4], "uv": [24, 39]}
					]
				},
				{
					"name": "neck",
					"parent": "upper_body",
					"pivot": [-2, 20.03506, -5.57157],
					"cubes": [
						{"origin": [-4.41274, 19.17044, -9.3308], "size": [5, 8, 7], "inflate": 0.01, "pivot": [-1.41274, 22.17044, -6.3308], "rotation": [7.5, 0, 0], "uv": [0, 39]},
						{"origin": [-5, 22.90836, -10.12999], "size": [6, 3, 3], "inflate": 0.01, "pivot": [-1.91274, 25.90836, -6.62999], "rotation": [10, 0, 0], "uv": [0, 12]}
					]
				},
				{
					"name": "head",
					"parent": "neck",
					"pivot": [-2.5, 25.60534, -7.71934],
					"cubes": [
						{"origin": [-5, 25.60534, -13.71934], "size": [6, 6, 7], "uv": [50, 7]},
						{"origin": [-3, 28.60534, -14.06934], "size": [2, 3, 1], "pivot": [0, 28.60534, -13.06934], "rotation": [-5, 0, 0], "uv": [0, 56]},
						{"origin": [-4, 25.60534, -18.21934], "size": [4, 3, 5], "pivot": [-2, 25.60534, -13.21934], "rotation": [3, 0, 0], "uv": [71, 15]},
						{"origin": [-4, 27.8, -19.1], "size": [4, 1, 1], "pivot": [-2, 27.44326, -18.26853], "rotation": [-59.5, 0, 0], "uv": [72, 50]}
					]
				},
				{
					"name": "eyelid_right",
					"parent": "head",
					"pivot": [1, 30.25534, -11.21934],
					"cubes": [
						{"origin": [1, 29.60534, -13.31934], "size": [0, 1, 4], "inflate": 0.02, "pivot": [1, 30.35534, -11.31934], "rotation": [5, 0, 0], "uv": [31, 14]}
					]
				},
				{
					"name": "eye_right",
					"parent": "head",
					"pivot": [1, 29.10534, -11.21934],
					"rotation": [5, 0, 0],
					"cubes": [
						{"origin": [1, 28.10534, -13.21934], "size": [0, 2, 4], "inflate": 0.01, "uv": [67, 19]}
					]
				},
				{
					"name": "iris_right",
					"parent": "eye_right",
					"pivot": [1, 29.35534, -11.96934],
					"cubes": [
						{"origin": [1, 28.35534, -12.96934], "size": [0, 2, 2], "inflate": 0.011, "uv": [15, 10]},
						{"origin": [1, 28.85534, -12.46934], "size": [0, 1, 1], "inflate": 0.012, "uv": [15, 13]}
					]
				},
				{
					"name": "eyelid_left",
					"parent": "head",
					"pivot": [-5, 30.00534, -11.21934],
					"cubes": [
						{"origin": [-5, 29.60534, -13.31934], "size": [0, 1, 4], "inflate": 0.02, "pivot": [-5, 30.10534, -11.31934], "rotation": [5, 0, 0], "uv": [8, 14]}
					]
				},
				{
					"name": "eye_left",
					"parent": "head",
					"pivot": [-5, 29.10534, -11.21934],
					"rotation": [5, 0, 0],
					"cubes": [
						{"origin": [-5, 28.10534, -13.21934], "size": [0, 2, 4], "inflate": 0.01, "uv": [64, 46]}
					]
				},
				{
					"name": "iris_left",
					"parent": "eye_left",
					"pivot": [-5, 29.35534, -11.96934],
					"cubes": [
						{"origin": [-5, 28.35534, -12.96934], "size": [0, 2, 2], "inflate": 0.011, "uv": [0, 1]},
						{"origin": [-5, 28.85534, -12.46934], "size": [0, 1, 1], "inflate": 0.012, "uv": [11, 0]}
					]
				},
				{
					"name": "mouth_open",
					"parent": "head",
					"pivot": [-1, 25.35534, -18.11934],
					"cubes": [
						{"origin": [-3, 25.35534, -18.11934], "size": [2, 2, 0], "pivot": [-1, 25.35534, -18.11934], "rotation": [3, 0, 0], "uv": [15, 0]}
					]
				},
				{
					"name": "whisker_left",
					"parent": "head",
					"pivot": [-3.75, 26.97245, -16.79442],
					"cubes": [
						{"origin": [-3.97217, 26.45221, -17.0555], "size": [0, 1, 4], "pivot": [-3.75, 26.97245, -16.79442], "rotation": [-22.5, -55, -4], "uv": [0, 14]}
					]
				},
				{
					"name": "whisker_right",
					"parent": "head",
					"pivot": [-0.5, 26.97245, -16.79444],
					"cubes": [
						{"origin": [-0.33957, 26.60137, -16.99096], "size": [0, 1, 4], "pivot": [-0.5, 26.97245, -17.04442], "rotation": [-22.5, 55, 4], "uv": [11, 0]}
					]
				},
				{
					"name": "mane",
					"parent": "head",
					"pivot": [-2, 28.44326, -5.86853]
				},
				{
					"name": "mane_top_left",
					"parent": "mane",
					"pivot": [-0.25, 30.44326, -5.46853],
					"rotation": [13, 27, 6],
					"cubes": [
						{"origin": [-3.06787, 27.27803, -6.63213], "size": [6, 6, 5], "inflate": 0.01, "pivot": [-0.06787, 30.27803, -4.13213], "rotation": [0, 20, 0], "uv": [59, 63]}
					]
				},
				{
					"name": "mane_top_left2",
					"parent": "mane_top_left",
					"pivot": [0.18213, 30.27803, -2.63213],
					"cubes": [
						{"origin": [-2.31787, 27.85654, -2.63419], "size": [5, 5, 3], "pivot": [0.18213, 30.27803, -2.63213], "rotation": [-3, 0, 0], "uv": [72, 74]}
					]
				},
				{
					"name": "mane_top_left3",
					"parent": "mane_top_left2",
					"pivot": [0.18213, 30.27803, 0.36787],
					"cubes": [
						{"origin": [-1.31787, 28.98595, -0.65398], "size": [3, 3, 4], "pivot": [0.18213, 30.27803, 0.36787], "rotation": [-12, 0, 0], "uv": [69, 89]},
						{"origin": [0.18213, 28.27803, 2.36787], "size": [0, 2, 4], "pivot": [0.18213, 29.77803, 2.36787], "rotation": [20, 0, 0], "uv": [70, 48]}
					]
				},
				{
					"name": "mane_top_right",
					"parent": "mane",
					"pivot": [-3.75, 30.44326, -5.46853],
					"rotation": [13, -27, -6],
					"cubes": [
						{"origin": [-6.68213, 27.24311, -6.63691], "size": [6, 6, 5], "inflate": 0.01, "pivot": [-3.68213, 30.24311, -4.13691], "rotation": [0, -20, 0], "uv": [50, 20]}
					]
				},
				{
					"name": "mane_top_right2",
					"parent": "mane_top_right",
					"pivot": [-4.18213, 30.24311, -3.13691],
					"cubes": [
						{"origin": [-6.68213, 27.8347, -2.88931], "size": [5, 5, 3], "pivot": [-4.18213, 30.24311, -3.13691], "rotation": [-3, 0, 0], "uv": [56, 74]}
					]
				},
				{
					"name": "mane_top_right3",
					"parent": "mane_top_right2",
					"pivot": [-4.18213, 29.74311, -0.13691],
					"cubes": [
						{"origin": [-5.68213, 28.95102, -0.90877], "size": [3, 3, 4], "pivot": [-4.18213, 30.24311, 0.11309], "rotation": [-12, 0, 0], "uv": [85, 78]},
						{"origin": [-4.18213, 28.24311, 2.11309], "size": [0, 2, 4], "pivot": [-4.18213, 29.74311, 2.11309], "rotation": [20, 0, 0], "uv": [41, 13]}
					]
				},
				{
					"name": "mane_left",
					"parent": "mane",
					"pivot": [-5.65, 27.44326, -4.86853],
					"rotation": [-17.5, -20, 0],
					"cubes": [
						{"origin": [-7.4, 24.44326, -5.86853], "size": [6, 6, 4], "pivot": [-4.4, 27.44326, -3.36853], "rotation": [0, -27.5, 0], "uv": [36, 68]}
					]
				},
				{
					"name": "mane_left2",
					"parent": "mane_left",
					"pivot": [-5.15, 27.44326, -3.86853],
					"cubes": [
						{"origin": [-7.4, 24.94326, -3.36853], "size": [5, 5, 4], "uv": [69, 0]}
					]
				},
				{
					"name": "mane_left3",
					"parent": "mane_left2",
					"pivot": [-5.15, 27.44326, 0.63147],
					"cubes": [
						{"origin": [-6.4, 25.94326, -0.36853], "size": [3, 3, 4], "uv": [88, 30]},
						{"origin": [-5.15, 25.94326, 3.38147], "size": [0, 2, 3], "pivot": [-5.15, 26.94326, 3.38147], "rotation": [12.5, 0, 0], "uv": [17, 41]}
					]
				},
				{
					"name": "mane_right",
					"parent": "mane",
					"pivot": [1.4, 27.44326, -4.86853],
					"rotation": [-17.5, 20, 0],
					"cubes": [
						{"origin": [-2.6, 24.44326, -5.86853], "size": [6, 6, 4], "pivot": [0.4, 27.44326, -3.36853], "rotation": [0, 27.5, 0], "uv": [68, 27]}
					]
				},
				{
					"name": "mane_right2",
					"parent": "mane_right",
					"pivot": [0.4, 27.44326, -3.86853],
					"cubes": [
						{"origin": [-1.85, 24.86143, -3.3689], "size": [5, 5, 4], "uv": [0, 69]}
					]
				},
				{
					"name": "mane_right3",
					"parent": "mane_right2",
					"pivot": [0.4, 27.36143, 0.1311],
					"cubes": [
						{"origin": [-1.1, 25.86143, -0.3689], "size": [3, 3, 4], "uv": [38, 87]},
						{"origin": [0.4, 25.86143, 3.3811], "size": [0, 2, 3], "pivot": [0.4, 26.86143, 3.3811], "rotation": [12.5, 0, 0], "uv": [17, 39]}
					]
				},
				{
					"name": "mane_bottom",
					"parent": "mane",
					"pivot": [-2, 24.94326, -6.76853],
					"cubes": [
						{"origin": [-5, 22.59326, -7.76853], "size": [6, 3, 6], "uv": [40, 59]},
						{"origin": [-4.5, 22.94326, -1.76853], "size": [5, 4, 3], "uv": [51, 0]}
					]
				},
				{
					"name": "mane_bottom2",
					"parent": "mane_bottom",
					"pivot": [-2, 25.44326, 1.23147],
					"cubes": [
						{"origin": [-3.5, 23.94326, 0.23147], "size": [3, 2, 4], "uv": [84, 14]},
						{"origin": [-2, 23.94326, 3.73147], "size": [0, 2, 2], "pivot": [-2, 24.94326, 3.73147], "rotation": [20, 0, 0], "uv": [22, 24]}
					]
				},
				{
					"name": "mane_top",
					"parent": "mane",
					"pivot": [-2, 32.52777, -11.24682],
					"cubes": [
						{"origin": [-4.5, 30.52777, -12.74682], "size": [5, 4, 7], "pivot": [-2, 32.52777, -9.24682], "rotation": [12.5, 0, 0], "uv": [49, 32]}
					]
				},
				{
					"name": "mane_top2",
					"parent": "mane_top",
					"pivot": [-2, 33.5553, -7.63413],
					"cubes": [
						{"origin": [-4, 32.5553, -8.13413], "size": [4, 4, 4], "pivot": [-2, 34.5553, -5.63413], "rotation": [42.5, 0, 0], "uv": [0, 78]}
					]
				},
				{
					"name": "mane_top3",
					"parent": "mane_top2",
					"pivot": [-2, 35.49835, -5.20921],
					"cubes": [
						{"origin": [-3, 34.74835, -5.45921], "size": [2, 3, 3], "pivot": [-2, 36.24835, -3.95921], "rotation": [27.5, 0, 0], "uv": [58, 93]},
						{"origin": [-2, 36.74835, -3.45921], "size": [0, 2, 3], "pivot": [-2, 37.24835, -1.95921], "rotation": [50, 0, 0], "uv": [0, 51]}
					]
				},
				{
					"name": "mane_hair",
					"parent": "mane",
					"pivot": [-2.5, 32.35534, -12.21934],
					"cubes": [
						{"origin": [-4, 31.60534, -15.21934], "size": [1, 0, 3], "inflate": 0.01, "pivot": [-3, 31.60534, -14.21934], "rotation": [31, 18, 44], "uv": [0, 0]},
						{"origin": [-4.32386, 32.09669, -14.75614], "size": [1, 0, 1], "pivot": [-3.90053, 31.48663, -13.92883], "rotation": [46.64039, -20.97348, 21.04378], "uv": [0, 0]}
					]
				},
				{
					"name": "horn_right",
					"parent": "head",
					"pivot": [-0.55, 30.10534, -12.61934],
					"rotation": [-24, 7, 16],
					"cubes": [
						{"origin": [-0.65, 30.10534, -13.61934], "size": [1, 5, 1], "uv": [79, 37]},
						{"origin": [-0.65, 36.50534, -11.76934], "size": [1, 3, 1], "uv": [20, 59]},
						{"origin": [-0.65, 34.75534, -13.76934], "size": [1, 3, 1], "inflate": 0.01, "pivot": [-0.15, 34.75534, -13.21934], "rotation": [-45, 0, 0], "uv": [64, 46]},
						{"origin": [-0.05, 39.10534, -11.69434], "size": [0, 3, 1], "pivot": [-0.05, 39.10534, -11.19434], "rotation": [45.53121, 7.75413, 7.82613], "uv": [22, 27]},
						{"origin": [-0.2, 31.10534, -13.74434], "size": [0, 3, 1], "pivot": [0.8, 31.10534, -13.76934], "rotation": [48.1299, 8.07464, 8.90656], "uv": [16, 7]},
						{"origin": [-0.2, 36.7558, -10.67057], "size": [0, 2, 1], "pivot": [-0.2, 37.2558, -10.17057], "rotation": [117.5, 0, 0], "uv": [17, 1]}
					]
				},
				{
					"name": "horn_left",
					"parent": "head",
					"pivot": [-4.3, 30.10534, -12.71934],
					"rotation": [-24, -7, -16],
					"cubes": [
						{"origin": [-4.4, 30.10534, -13.71934], "size": [1, 5, 1], "uv": [58, 59]},
						{"origin": [-4.4, 36.50534, -11.86934], "size": [1, 3, 1], "uv": [50, 20]},
						{"origin": [-4.4, 34.75534, -13.86934], "size": [1, 3, 1], "inflate": 0.01, "pivot": [-3.9, 34.75534, -13.31934], "rotation": [-45, 0, 0], "uv": [29, 26]},
						{"origin": [-3.8, 39.10534, -11.79434], "size": [0, 3, 1], "pivot": [-3.8, 39.10534, -11.29434], "rotation": [45.63292, -8.45403, -8.54759], "uv": [16, 4]},
						{"origin": [-3.95, 31.10534, -13.84434], "size": [0, 3, 1], "pivot": [-2.95, 31.10534, -13.86934], "rotation": [47.93659, -6.73717, -7.40702], "uv": [0, 11]},
						{"origin": [-3.95, 36.7558, -10.77057], "size": [0, 2, 1], "pivot": [-3.95, 37.2558, -10.27057], "rotation": [117.5, 0, 0], "uv": [0, 0]}
					]
				},
				{
					"name": "ear_right",
					"parent": "head",
					"pivot": [0.75, 29.85534, -9.21934],
					"cubes": [
						{"origin": [-0.75, 29.60534, -9.21934], "size": [3, 6, 0], "pivot": [0.75, 29.85534, -9.21934], "rotation": [0, -50, 35], "uv": [0, 39]}
					]
				},
				{
					"name": "ear_left",
					"parent": "head",
					"pivot": [-4.75, 29.85534, -9.21934],
					"cubes": [
						{"origin": [-6.25, 29.60534, -9.21934], "size": [3, 6, 0], "pivot": [-4.75, 29.85534, -9.21934], "rotation": [0, 50, -35], "uv": [0, 26]}
					]
				},
				{
					"name": "fin2",
					"parent": "upper_body",
					"pivot": [-6, 21.2, 11],
					"cubes": [
						{"origin": [-2, 21.2, 5], "size": [0, 5, 10], "uv": [24, 42]}
					]
				},
				{
					"name": "tail",
					"parent": "torso",
					"pivot": [-2.5, 18.8, 12]
				},
				{
					"name": "tail1",
					"parent": "tail",
					"pivot": [-2.5, 18.2, 10],
					"cubes": [
						{"origin": [-4, 17.2, 10], "size": [4, 4, 5], "uv": [65, 54]}
					]
				},
				{
					"name": "fin1",
					"parent": "tail1",
					"pivot": [-6, 21.2, 11]
				},
				{
					"name": "tail2",
					"parent": "tail1",
					"pivot": [-2.5, 18.2, 15],
					"cubes": [
						{"origin": [-3.5, 17.2, 14], "size": [3, 4, 5], "inflate": 0.01, "uv": [18, 72]},
						{"origin": [-2, 21.2, 15], "size": [0, 2, 4], "uv": [72, 21]}
					]
				},
				{
					"name": "tail3",
					"parent": "tail2",
					"pivot": [-2.5, 18.7, 19],
					"cubes": [
						{"origin": [-3.5, 17.7, 18], "size": [3, 3, 5], "uv": [29, 78]}
					]
				},
				{
					"name": "tail4",
					"parent": "tail3",
					"pivot": [-2.25, 18.95, 23],
					"cubes": [
						{"origin": [-3, 18.2, 22], "size": [2, 2, 5], "uv": [47, 89]}
					]
				},
				{
					"name": "tail5",
					"parent": "tail4",
					"pivot": [-2.5, 18.7, 27],
					"cubes": [
						{"origin": [-2.5, 18.7, 26], "size": [1, 1, 5], "uv": [22, 26]}
					]
				},
				{
					"name": "fin_right",
					"parent": "tail5",
					"pivot": [-3.5, 17.7, 30],
					"cubes": [
						{"origin": [-12.5, 19.2, 25], "size": [10, 0, 7], "pivot": [-2.5, 18.2, 27], "rotation": [0, 22.5, 0], "uv": [24, 7]}
					]
				},
				{
					"name": "fin_left",
					"parent": "tail5",
					"pivot": [-1.5, 17.7, 30],
					"cubes": [
						{"origin": [-1.5, 19.2, 25], "size": [10, 0, 7], "pivot": [-1.5, 18.2, 27], "rotation": [0, -22.5, 0], "uv": [24, 0]}
					]
				},
				{
					"name": "front_leg_right",
					"parent": "body",
					"pivot": [2.5, 17.8, -3.75],
					"rotation": [-7, 0, 0],
					"cubes": [
						{"origin": [0.6, 13.72982, -6.01252], "size": [3, 7, 5], "uv": [68, 38]},
						{"origin": [0.5, 9.67982, -5.76252], "size": [3, 5, 4], "inflate": 0.01, "uv": [83, 5]}
					]
				},
				{
					"name": "bone2",
					"parent": "front_leg_right",
					"pivot": [2.5, 9.92982, -3.76252],
					"rotation": [7, 0, 0],
					"cubes": [
						{"origin": [0.5, 3.91249, -5.30256], "size": [3, 7, 3], "uv": [86, 86]},
						{"origin": [0.5, 7.91249, -5.30256], "size": [3, 2, 3], "inflate": 0.011, "uv": [88, 73]}
					]
				},
				{
					"name": "bone3",
					"parent": "bone2",
					"pivot": [2, 3.49582, -3.88589],
					"cubes": [
						{"origin": [0.5, -0.08751, -5.70256], "size": [3, 4, 3], "uv": [93, 0]},
						{"origin": [0, 2.41249, -5.85256], "size": [4, 3, 4], "uv": [73, 82]},
						{"origin": [2, 2.41249, -1.85256], "size": [0, 3, 4], "uv": [41, 10]}
					]
				},
				{
					"name": "hind_leg_right",
					"parent": "body",
					"pivot": [2.5, 17.8, 7.75],
					"rotation": [-7, 0, 0],
					"cubes": [
						{"origin": [-0.4, 11.64075, 4.98375], "size": [4, 9, 6], "pivot": [2.6, 15.64075, 6.93375], "rotation": [12.5, 0, 0], "uv": [20, 57]},
						{"origin": [0.5, 9.89075, 6.73375], "size": [3, 5, 4], "inflate": 0.01, "pivot": [2.5, 13.89075, 9.23375], "rotation": [25, 0, 0], "uv": [12, 82]}
					]
				},
				{
					"name": "bone8",
					"parent": "hind_leg_right",
					"pivot": [2.5, 11.24075, 10.48375],
					"rotation": [7, 0, 0],
					"cubes": [
						{"origin": [0.5, 4.24826, 8.85123], "size": [3, 7, 3], "uv": [86, 20]},
						{"origin": [0.5, 8.24826, 8.85123], "size": [3, 2, 3], "inflate": 0.011, "uv": [34, 57]},
						{"origin": [2, 8.24826, 11.85123], "size": [0, 2, 5], "inflate": 0.01, "uv": [31, 9]}
					]
				},
				{
					"name": "bone9",
					"parent": "bone8",
					"pivot": [2.5, 4.24826, 10.35123],
					"cubes": [
						{"origin": [0.5, 0.24826, 8.45123], "size": [3, 4, 3], "uv": [12, 91]},
						{"origin": [0, 2.74826, 8.30123], "size": [4, 3, 4], "uv": [79, 59]},
						{"origin": [2, 2.74826, 12.30123], "size": [0, 3, 4], "uv": [58, 39]}
					]
				},
				{
					"name": "hind_leg_left",
					"parent": "body",
					"pivot": [-5.5, 17.8, 7.25],
					"rotation": [-7, 0, 0],
					"cubes": [
						{"origin": [-7.65, 11.70168, 4.98002], "size": [4, 9, 6], "pivot": [-4.65, 15.70168, 6.98002], "rotation": [12.5, 0, 0], "uv": [0, 54]},
						{"origin": [-7.5, 9.95168, 6.73002], "size": [3, 5, 4], "inflate": 0.01, "pivot": [-5.5, 13.95168, 9.23002], "rotation": [25, 0, 0], "uv": [45, 78]}
					]
				},
				{
					"name": "bone11",
					"parent": "hind_leg_left",
					"pivot": [-5.5, 11.30168, 10.48002],
					"rotation": [7, 0, 0],
					"cubes": [
						{"origin": [-7.5, 4.31659, 8.73628], "size": [3, 7, 3], "uv": [0, 86]},
						{"origin": [-7.5, 8.31659, 8.73628], "size": [3, 2, 3], "inflate": 0.011, "uv": [14, 54]},
						{"origin": [-6.25, 8.31659, 11.73628], "size": [0, 2, 5], "inflate": 0.01, "uv": [31, 11]}
					]
				},
				{
					"name": "bone12",
					"parent": "bone11",
					"pivot": [-6, 4.31659, 10.23628],
					"cubes": [
						{"origin": [-7.5, 0.31659, 8.33628], "size": [3, 4, 3], "uv": [90, 46]},
						{"origin": [-8, 2.81659, 8.18628], "size": [4, 3, 4], "uv": [78, 50]},
						{"origin": [-6, 2.81659, 12.18628], "size": [0, 3, 4], "uv": [50, 39]}
					]
				},
				{
					"name": "hind_leg_left2",
					"parent": "body",
					"pivot": [-5.65, 17.8, -3.75],
					"rotation": [-7, 0, 0],
					"cubes": [
						{"origin": [-7.5, 13.72982, -6.01252], "size": [3, 7, 5], "uv": [0, 0]},
						{"origin": [-7.4, 9.67982, -5.76252], "size": [3, 5, 4], "inflate": 0.01, "uv": [59, 82]}
					]
				},
				{
					"name": "bone5",
					"parent": "hind_leg_left2",
					"pivot": [-5.9, 9.92982, -3.76252],
					"rotation": [7, 0, 0],
					"cubes": [
						{"origin": [-7.4, 7.92982, -5.39], "size": [3, 2, 3], "inflate": 0.011, "uv": [69, 9]},
						{"origin": [-7.4, 3.93728, -5.38445], "size": [3, 7, 3], "uv": [26, 86]}
					]
				},
				{
					"name": "bone6",
					"parent": "bone5",
					"pivot": [-5.9, 3.52061, -3.96778],
					"cubes": [
						{"origin": [-7.4, -0.06272, -5.78445], "size": [3, 4, 3], "uv": [91, 54]},
						{"origin": [-7.9, 2.43728, -5.93445], "size": [4, 3, 4], "uv": [81, 66]},
						{"origin": [-5.9, 2.43728, -1.93445], "size": [0, 3, 4], "uv": [17, 35]}
					]
				}
			]
		}
	]
}