{
	"format_version": "1.12.0",
	"minecraft:geometry": [
		{
			"description": {
				"identifier": "geometry.honiel",
				"texture_width": 64,
				"texture_height": 64,
				"visible_bounds_width": 2,
				"visible_bounds_height": 2.5,
				"visible_bounds_offset": [0, 0.75, 0]
			},
			"bones": [
				{
					"name": "honiel",
					"pivot": [0, 0, 0]
				},
				{
					"name": "head",
					"parent": "honiel",
					"pivot": [0, 0, 0],
					"cubes": [
						{"origin": [-3, 3, -3], "size": [6, 6, 6], "uv": [0, 0]},
						{"origin": [-3.5, 0, -3.5], "size": [7, 3, 7], "uv": [3, 35]}
					]
				},
				{
					"name": "bone",
					"parent": "honiel",
					"pivot": [0, 0, 0],
					"cubes": [
						{"origin": [-6, 2, -6], "size": [12, 2, 12], "uv": [16, 15]}
					]
				}
			]
		}
	]
}