{
	"format_version": "1.12.0",
	"minecraft:geometry": [
		{
			"description": {
				"identifier": "geometry.unknown",
				"texture_width": 64,
				"texture_height": 64,
				"visible_bounds_width": 3,
				"visible_bounds_height": 2.5,
				"visible_bounds_offset": [0, 0.75, 0]
			},
			"bones": [
				{
					"name": "cephalange",
					"pivot": [0, 0, 0]
				},
				{
					"name": "body",
					"parent": "cephalange",
					"pivot": [-0.93333, 11.06286, 2.48709],
					"cubes": [
						{"origin": [-5.45, 8.5, -1], "size": [9, 3, 6], "uv": [0, 10]}
					]
				},
				{
					"name": "tentacle",
					"parent": "body",
					"pivot": [2.4, 11, -0.75],
					"rotation": [0, -12.75, 0],
					"cubes": [
						{"origin": [1.4, 9.275, -3.75], "size": [2, 2, 3], "inflate": 0.2, "uv": [27, 17]}
					]
				},
				{
					"name": "tentacleb",
					"parent": "tentacle",
					"pivot": [2.4, 11, -3.95],
					"cubes": [
						{"origin": [1.4, 9.275, -6.15], "size": [2, 2, 2], "inflate": 0.199, "uv": [24, 31]}
					]
				},
				{
					"name": "tentaclec",
					"parent": "tentacleb",
					"pivot": [2.4, 11, -6.35],
					"cubes": [
						{"origin": [1.4, 9.275, -9.55], "size": [2, 2, 3], "inflate": 0.198, "uv": [20, 24]}
					]
				},
				{
					"name": "puppet",
					"parent": "tentaclec",
					"pivot": [2.4, 9.6375, -8.42917],
					"cubes": [
						{"origin": [0.9, 8.775, -10.55], "size": [3, 3, 4], "uv": [34, 5]},
						{"origin": [1.9, 8.65, -8.675], "size": [1, 1, 1], "inflate": -0.1, "uv": [39, 2]},
						{"origin": [2.8, 8.425, -7.775], "size": [1, 1, 1], "inflate": -0.175, "uv": [37, 0]},
						{"origin": [1, 8.425, -7.775], "size": [1, 1, 1], "inflate": -0.175, "uv": [41, 0]},
						{"origin": [2.65, 8.775, -10.65], "size": [1.5, 3, 2], "inflate": 0.01, "pivot": [3.4, 10.275, -9.65], "rotation": [0, 0, -180], "uv": [43, 0]},
						{"origin": [0.65, 8.775, -10.65], "size": [1.5, 3, 2], "inflate": 0.01, "pivot": [1.4, 10.275, -9.65], "rotation": [0, 0, -180], "uv": [33, 0]}
					]
				},
				{
					"name": "tentacle2",
					"parent": "body",
					"pivot": [0.025, 11, -0.75],
					"rotation": [0, -5.75, 0],
					"cubes": [
						{"origin": [-0.975, 9.275, -3.75], "size": [2, 2, 3], "inflate": 0.2, "uv": [10, 24]}
					]
				},
				{
					"name": "tentacleb2",
					"parent": "tentacle2",
					"pivot": [0.025, 11, -3.95],
					"cubes": [
						{"origin": [-0.975, 9.275, -6.15], "size": [2, 2, 2], "inflate": 0.199, "uv": [20, 1]}
					]
				},
				{
					"name": "tentaclec2",
					"parent": "tentacleb2",
					"pivot": [0.025, 11, -6.35],
					"cubes": [
						{"origin": [-0.975, 9.275, -9.55], "size": [2, 2, 3], "inflate": 0.198, "uv": [20, 5]}
					]
				},
				{
					"name": "puppet2",
					"parent": "tentaclec2",
					"pivot": [-0.315, 9.695, -8.935],
					"cubes": [
						{"origin": [-1.475, 8.775, -10.55], "size": [3, 3, 4], "uv": [36, 13]},
						{"origin": [-2.175, 9.275, -9.475], "size": [1, 2, 2], "inflate": -0.01, "uv": [32, 12]},
						{"origin": [-0.975, 8.75, -9.55], "size": [2, 0, 2], "uv": [44, 12]},
						{"origin": [-0.475, 8.4, -9.05], "size": [1, 1, 1], "inflate": -0.2, "uv": [46, 14]},
						{"origin": [-1.975, 10.275, -12.55], "size": [4, 0, 4], "pivot": [0.025, 10.275, -10.55], "rotation": [0, -44.75, 0], "uv": [40, 5]}
					]
				},
				{
					"name": "tentacle3",
					"parent": "body",
					"pivot": [-2.3, 11, -0.75],
					"rotation": [0, 0.25, 0],
					"cubes": [
						{"origin": [-3.3, 9.275, -3.75], "size": [2, 2, 3], "inflate": 0.2, "uv": [20, 19]}
					]
				},
				{
					"name": "tentacleb3",
					"parent": "tentacle3",
					"pivot": [-2.3, 11, -3.95],
					"cubes": [
						{"origin": [-3.3, 9.275, -6.15], "size": [2, 2, 2], "inflate": 0.199, "uv": [18, 29]}
					]
				},
				{
					"name": "tentaclec3",
					"parent": "tentacleb3",
					"pivot": [-2.3, 11, -6.35],
					"cubes": [
						{"origin": [-3.3, 9.275, -9.55], "size": [2, 2, 3], "inflate": 0.198, "uv": [0, 24]}
					]
				},
				{
					"name": "tentacle4",
					"parent": "body",
					"pivot": [-4.325, 11, 0.2],
					"rotation": [0, 12.25, 0],
					"cubes": [
						{"origin": [-5.325, 9.275, -2.8], "size": [2, 2, 3], "inflate": 0.2, "uv": [0, 0]}
					]
				},
				{
					"name": "tentacleb4",
					"parent": "tentacle4",
					"pivot": [-4.325, 11, -3],
					"cubes": [
						{"origin": [-5.325, 9.275, -5.2], "size": [2, 2, 2], "inflate": 0.199, "uv": [10, 29]}
					]
				},
				{
					"name": "tentaclec4",
					"parent": "tentacleb4",
					"pivot": [-4.325, 11, -5.4],
					"cubes": [
						{"origin": [-5.325, 9.275, -8.6], "size": [2, 2, 3], "inflate": 0.198, "uv": [0, 5]}
					]
				},
				{
					"name": "tentacle5",
					"parent": "body",
					"pivot": [2.7, 11, 3.925],
					"rotation": [0, -90, 0],
					"cubes": [
						{"origin": [-0.3, 9, 1.925], "size": [3, 2, 2], "inflate": 0.2, "uv": [28, 22]}
					]
				},
				{
					"name": "tentacleb5",
					"parent": "tentacle5",
					"pivot": [1.7, 11, 1.725],
					"cubes": [
						{"origin": [-0.3, 9, -0.475], "size": [3, 2, 2], "inflate": 0.199, "uv": [28, 27]}
					]
				},
				{
					"name": "tentaclec5",
					"parent": "tentacleb5",
					"pivot": [1.7, 11, -0.675],
					"cubes": [
						{"origin": [-0.3, 9, -2.875], "size": [3, 2, 2], "inflate": 0.198, "uv": [0, 29]}
					]
				},
				{
					"name": "righteye",
					"parent": "body",
					"pivot": [-3.55, 11.45, 2],
					"cubes": [
						{"origin": [-5.15, 10.45, 1], "size": [3, 2, 2], "pivot": [-3.65, 11.45, 2], "rotation": [-29.99119, -35.27158, 44.98474], "uv": [10, 1]},
						{"origin": [-5.55, 10.95, 1.5], "size": [3, 1, 1], "inflate": 0.12, "pivot": [-3.55, 11.45, 2], "rotation": [-29.99119, -35.27158, 44.98474], "uv": [30, 31]}
					]
				},
				{
					"name": "lefteye",
					"parent": "body",
					"pivot": [1.75, 11.45, 2],
					"cubes": [
						{"origin": [0.25, 10.45, 1], "size": [3, 2, 2], "pivot": [1.75, 11.45, 2], "rotation": [-29.99119, 35.27158, -44.98474], "uv": [10, 6]},
						{"origin": [0.75, 10.95, 1.5], "size": [3, 1, 1], "inflate": 0.12, "pivot": [1.75, 11.45, 2], "rotation": [-29.99119, 35.27158, -44.98474], "uv": [0, 33]}
					]
				},
				{
					"name": "body2",
					"parent": "body",
					"pivot": [-0.95, 10, 4.86667],
					"cubes": [
						{"origin": [-4.45, 9, 4], "size": [7, 2, 3], "inflate": -0.11, "uv": [0, 19]}
					]
				},
				{
					"name": "body3",
					"parent": "body2",
					"pivot": [-0.95, 10, 6.9],
					"cubes": [
						{"origin": [-1.95, 9.5, 6.8], "size": [2, 1, 2], "inflate": -0.01, "uv": [24, 10]},
						{"origin": [-5.45, 10, 4], "size": [9, 0, 11], "uv": [28, 21]}
					]
				}
			]
		}
	]
}