{
	"format_version": "1.12.0",
	"minecraft:geometry": [
		{
			"description": {
				"identifier": "geometry.isuckle",
				"texture_width": 64,
				"texture_height": 64,
				"visible_bounds_width": 3,
				"visible_bounds_height": 2.5,
				"visible_bounds_offset": [0, 0.75, 0]
			},
			"bones": [
				{
					"name": "isuckle",
					"pivot": [0, 0, 0]
				},
				{
					"name": "body",
					"parent": "isuckle",
					"pivot": [0, 6, 0]
				},
				{
					"name": "torso",
					"parent": "body",
					"pivot": [0, 4, 0],
					"cubes": [
						{"origin": [-3, 3, -2.75], "size": [6, 4, 5], "uv": [0, 12]},
						{"origin": [-0.5, 4, -3.025], "size": [1, 1, 0], "uv": [42, 19]}
					]
				},
				{
					"name": "upper_torso",
					"parent": "torso",
					"pivot": [0, 7, 1],
					"cubes": [
						{"origin": [-2.5, 7, -2], "size": [5, 2, 4], "uv": [20, 0]}
					]
				},
				{
					"name": "arm_left",
					"parent": "upper_torso",
					"pivot": [2.5, 8, 0],
					"cubes": [
						{"origin": [1.5, 7, -1], "size": [3, 2, 2], "uv": [24, 36]}
					]
				},
				{
					"name": "arm_left2",
					"parent": "arm_left",
					"pivot": [4.5, 8, 1],
					"cubes": [
						{"origin": [4.5, 7, -1], "size": [2, 2, 2], "inflate": 0.001, "uv": [18, 38]},
						{"origin": [4.5, 8, 1], "size": [2, 0, 2], "uv": [0, 0]}
					]
				},
				{
					"name": "icicle",
					"parent": "arm_left2",
					"pivot": [7.5, 8, 0.25],
					"cubes": [
						{"origin": [6.5, 7.5, -3], "size": [2, 1, 5], "uv": [17, 16]},
						{"origin": [6.5, 7, 2], "size": [2, 2, 2], "uv": [44, 12]},
						{"origin": [6.5, 8, -7], "size": [2, 0, 4], "uv": [13, 12]}
					]
				},
				{
					"name": "thumb_left",
					"parent": "arm_left2",
					"pivot": [6.5, 8, -1],
					"cubes": [
						{"origin": [6.5, 7, -1], "size": [1, 1, 1], "uv": [38, 27]}
					]
				},
				{
					"name": "hand_left",
					"parent": "arm_left2",
					"pivot": [6.5, 9, 0],
					"cubes": [
						{"origin": [6.5, 8, -1], "size": [2, 1, 2], "inflate": 0.002, "uv": [38, 31]},
						{"origin": [8.5, 8, -0.5], "size": [1, 1, 0], "uv": [26, 20]},
						{"origin": [8.5, 8, 0.5], "size": [1, 1, 0], "uv": [24, 12]}
					]
				},
				{
					"name": "arm_right",
					"parent": "upper_torso",
					"pivot": [-2.5, 8, 0],
					"cubes": [
						{"origin": [-4.5, 7, -1], "size": [3, 2, 2], "uv": [0, 36]}
					]
				},
				{
					"name": "arm_right2",
					"parent": "arm_right",
					"pivot": [-4.5, 8, 1],
					"cubes": [
						{"origin": [-6.5, 7, -1], "size": [2, 2, 2], "inflate": 0.001, "uv": [38, 4]},
						{"origin": [-6.5, 8, 1], "size": [2, 0, 2], "uv": [0, 2]}
					]
				},
				{
					"name": "thumb_right",
					"parent": "arm_right2",
					"pivot": [-6.5, 8, -1],
					"cubes": [
						{"origin": [-7.5, 7, -1], "size": [1, 1, 1], "uv": [21, 12]}
					]
				},
				{
					"name": "hand_right",
					"parent": "arm_right2",
					"pivot": [-6.5, 9, 0],
					"cubes": [
						{"origin": [-8.5, 8, -1], "size": [2, 1, 2], "inflate": 0.002, "uv": [38, 24]},
						{"origin": [-9.5, 8, 0.5], "size": [1, 1, 0], "uv": [19, 16]},
						{"origin": [-9.5, 8, -0.5], "size": [1, 1, 0], "uv": [0, 0]}
					]
				},
				{
					"name": "head",
					"parent": "upper_torso",
					"pivot": [0, 8.8793, 0.06482],
					"cubes": [
						{"origin": [-3.5, 9, -3], "size": [7, 6, 6], "uv": [0, 0]},
						{"origin": [-3, 16.93012, 0.54216], "size": [6, 0, 3], "pivot": [0, 13.72457, 0], "rotation": [-57.5, 0, 0], "uv": [23, 6]},
						{"origin": [-3.5, 16.93012, -3.54216], "size": [4, 0, 3], "pivot": [-0.5, 13.72457, 0], "rotation": [0, 90, -57.5], "uv": [23, 14]},
						{"origin": [-2.5, 16.93012, 0.54216], "size": [4, 0, 3], "pivot": [0.5, 13.72457, 0], "rotation": [0, 90, 57.5], "uv": [23, 17]},
						{"origin": [-4, 9, -4], "size": [4, 7, 1], "inflate": 0.001, "pivot": [0, 11, -4], "rotation": [0, 15, 0], "uv": [10, 29]},
						{"origin": [0, 9, -4], "size": [4, 7, 1], "inflate": 0.001, "pivot": [0, 11, -4], "rotation": [0, -15, 0], "uv": [0, 28]},
						{"origin": [1, 7, -4], "size": [3, 2, 0], "pivot": [0, 10, -4], "rotation": [0, -15, 0], "uv": [32, 24]},
						{"origin": [-4, 7, -4], "size": [3, 2, 0], "pivot": [0, 10, -4], "rotation": [0, 15, 0], "uv": [0, 4]},
						{"origin": [-7.80313, 9.15093, 0.13941], "size": [7, 6, 1], "pivot": [-6.05313, 14.15093, 1.63941], "rotation": [-2.45356, 35.46052, -9.56525], "uv": [16, 22]},
						{"origin": [-11.80313, 9.65093, 0.13941], "size": [4, 5, 0], "pivot": [-6.05313, 14.15093, 1.63941], "rotation": [-2.45356, 35.46052, -9.56525], "uv": [10, 37]},
						{"origin": [3.32963, 9.5, -2.6809], "size": [2, 4, 0], "pivot": [4.82963, 12, -2.7059], "rotation": [-3.96713, -14.47751, 15.50409], "uv": [20, 0]},
						{"origin": [-5.32963, 9.5, -2.6809], "size": [2, 4, 0], "pivot": [-4.82963, 12, -2.7059], "rotation": [-3.96713, 14.47751, -15.50409], "uv": [0, 12]},
						{"origin": [-4.75, 10.75, -4.025], "size": [4, 3, 0], "pivot": [0, 11, -4], "rotation": [-2.00307, 14.8687, -7.7614], "uv": [40, 8]},
						{"origin": [0.75, 10.75, -4.025], "size": [4, 3, 0], "pivot": [0, 11, -4], "rotation": [-2.00307, -14.8687, 7.7614], "uv": [0, 40]},
						{"origin": [7.80313, 9.65093, 0.13941], "size": [4, 5, 0], "pivot": [6.05313, 14.15093, 1.63941], "rotation": [-2.45356, -35.46052, 9.56525], "uv": [34, 36]},
						{"origin": [0.80313, 9.15093, 0.13941], "size": [7, 6, 1], "pivot": [6.05313, 14.15093, 1.63941], "rotation": [-2.45356, -35.46052, 9.56525], "uv": [0, 21]}
					]
				},
				{
					"name": "hair",
					"parent": "head",
					"pivot": [0, 15.86983, -2.82829],
					"rotation": [-7.5, 0, 0],
					"cubes": [
						{"origin": [-3.5, 15.78691, -2.68688], "size": [7, 5, 0], "uv": [26, 9]}
					]
				},
				{
					"name": "tail",
					"parent": "torso",
					"pivot": [0, 4, 2.25],
					"cubes": [
						{"origin": [-1.5, 4, 2.25], "size": [3, 0, 3], "uv": [17, 34]}
					]
				},
				{
					"name": "leg_left",
					"parent": "body",
					"pivot": [2, 4, 0],
					"cubes": [
						{"origin": [0.5, 3, -1.5], "size": [3, 2, 3], "uv": [32, 19]}
					]
				},
				{
					"name": "leg_left2",
					"parent": "leg_left",
					"pivot": [2, 3, -1.5],
					"cubes": [
						{"origin": [0.5, 1, -1.5], "size": [3, 2, 3], "inflate": 0.001, "uv": [29, 31]}
					]
				},
				{
					"name": "foot_left",
					"parent": "leg_left2",
					"pivot": [2, 1, 0.5],
					"cubes": [
						{"origin": [0.5, 0, -1.5], "size": [3, 1, 3], "inflate": 0.002, "uv": [34, 14]},
						{"origin": [3, 0, -2.5], "size": [0, 1, 1], "uv": [0, 15]},
						{"origin": [2, 0, -2.5], "size": [0, 1, 1], "uv": [2, 15]},
						{"origin": [1, 0, -2.5], "size": [0, 1, 1], "uv": [17, 15]}
					]
				},
				{
					"name": "leg_right",
					"parent": "body",
					"pivot": [-2, 4, 0],
					"cubes": [
						{"origin": [-3.5, 3, -1.5], "size": [3, 2, 3], "uv": [29, 26]}
					]
				},
				{
					"name": "leg_right2",
					"parent": "leg_right",
					"pivot": [-2, 3, -1.5],
					"cubes": [
						{"origin": [-3.5, 1, -1.5], "size": [3, 2, 3], "inflate": 0.001, "uv": [20, 29]}
					]
				},
				{
					"name": "foot_right",
					"parent": "leg_right2",
					"pivot": [-2, 1, 0.5],
					"cubes": [
						{"origin": [-3.5, 0, -1.5], "size": [3, 1, 3], "inflate": 0.002, "uv": [34, 0]},
						{"origin": [-3, 0, -2.5], "size": [0, 1, 1], "uv": [0, 2]},
						{"origin": [-2, 0, -2.5], "size": [0, 1, 1], "uv": [0, 1]},
						{"origin": [-1, 0, -2.5], "size": [0, 1, 1], "uv": [0, 0]}
					]
				}
			]
		}
	]
}