{
	"format_version": "1.8.0",
	"animations": {
		"animation.piplup.ground_idle": {
			"loop": true,
			"bones": {
				"torso": {
					"rotation": ["5+math.sin(q.anim_time*90*3)*1", 0, 0],
					"position": [0, "0+math.sin(q.anim_time*90*3*2)*0.1", 0]
				},
				"wing_left": {
					"rotation": [0, 0, "65-math.sin(q.anim_time*90*3-60)*10"]
				},
				"wing_left2": {
					"rotation": [0, 0, "-math.sin(q.anim_time*90*3-120)*10"]
				},
				"wing_right": {
					"rotation": [0, 0, "-65+math.sin(q.anim_time*90*3-60)*10"]
				},
				"wing_right2": {
					"rotation": [0, 0, "math.sin(q.anim_time*90*3-120)*10"]
				},
				"head": {
					"rotation": ["-2.5+math.sin(q.anim_time*90*3-60)*2", 0, 0]
				},
				"body": {
					"position": [0, 0, 0]
				},
				"front_cape": {
					"rotation": ["0+math.sin(q.anim_time*90*3*1)*2", 0, 0]
				},
				"back_cape": {
					"rotation": ["0-math.sin(q.anim_time*90*3*1)*2", 0, 0]
				},
				"leg_right": {
					"rotation": [0, 7.5, 0]
				},
				"leg_left": {
					"rotation": [0, -7.5, 0]
				},
				"eyelid_left": {
					"position": [0, 0, 0]
				}
			}
		},
		"animation.piplup.ground_walk": {
			"loop": true,
			"bones": {
				"torso": {
					"rotation": ["5-math.cos(q.anim_time*90*4*2)*2", "0-math.sin(q.anim_time*90*4)*3", "0+math.cos(q.anim_time*90*4)*3"],
					"position": [0, "0+math.sin(q.anim_time*90*4*2)*0.2", 0]
				},
				"wing_left": {
					"rotation": [0, "-17.5+math.cos(q.anim_time*90*4)*3", "60-math.sin(q.anim_time*90*4)*6"]
				},
				"wing_left2": {
					"rotation": [0, 0, "0-math.sin(q.anim_time*90*4-30)*5"]
				},
				"wing_right": {
					"rotation": [0, "17.5-math.cos(q.anim_time*90*4)*3", "-60+math.sin(q.anim_time*90*4)*6"]
				},
				"wing_right2": {
					"rotation": [0, 0, "0+math.sin(q.anim_time*90*4-30)*5"]
				},
				"front_cape": {
					"rotation": ["0+math.sin(q.anim_time*90*4-30)*4", 0, 0]
				},
				"back_cape": {
					"rotation": ["10+math.sin(q.anim_time*90*4*2-60)*4", 0, 0]
				},
				"head": {
					"rotation": ["-2.5-math.cos(q.anim_time*90*4-30)*2", "-math.sin(q.anim_time*90*4-30)*1", "math.cos(q.anim_time*90*4-30)*3"]
				},
				"leg_right": {
					"rotation": ["math.sin(q.anim_time*90*4+180)*3", 7.5, 0],
					"position": [0, "0+math.clamp(math.cos(q.anim_time*90*4)*1,0,1)", "0-math.sin(q.anim_time*90*4)*1"]
				},
				"foot_right1": {
					"rotation": ["0-math.clamp(math.cos(q.anim_time*90*4)*1,0,1)+math.clamp(math.cos(q.anim_time*90*4+180)*3,0,3)", 0, 0]
				},
				"foot_right2": {
					"rotation": ["0-math.clamp(math.cos(q.anim_time*90*4-210)*6,0,6)", 0, 0]
				},
				"leg_left": {
					"rotation": ["-math.sin(q.anim_time*90*4+180)*3", -7.5, 0],
					"position": [0, "0+math.clamp(math.cos(q.anim_time*90*4+180)*1,0,1)", "0-math.sin(q.anim_time*90*4+180)*1"]
				},
				"foot_left1": {
					"rotation": ["0-math.clamp(math.cos(q.anim_time*90*4+180)*1,0,1)+math.clamp(math.cos(q.anim_time*90*4)*3,0,3)", 0, 0]
				},
				"foot_left2": {
					"rotation": ["0-math.clamp(math.cos(q.anim_time*90*4-30)*6,0,6)", 0, 0]
				}
			}
		},
		"animation.piplup.battle_idle": {
			"loop": true,
			"bones": {
				"torso": {
					"rotation": ["10+math.sin(q.anim_time*90*3)*1", 0, 0],
					"position": [0, "0+math.sin(q.anim_time*90*3*2)*0.1", 0]
				},
				"wing_left": {
					"rotation": [0, 0, "30-math.sin(q.anim_time*90*3-60)*15"]
				},
				"wing_left2": {
					"rotation": [0, 0, "-math.sin(q.anim_time*90*3-120)*10"]
				},
				"wing_right": {
					"rotation": [0, 0, "-42.5+math.sin(q.anim_time*90*3-60)*15"]
				},
				"wing_right2": {
					"rotation": [0, 0, "math.sin(q.anim_time*90*3-120)*10"]
				},
				"head": {
					"rotation": ["-7.7451+math.sin(q.anim_time*90*3-60)*2", 14.90559, -1.5]
				},
				"body": {
					"rotation": [0, -17.5, 0],
					"position": [0, 0, 0]
				},
				"front_cape": {
					"rotation": ["0+math.sin(q.anim_time*90*3*1)*2", 0, 0]
				},
				"back_cape": {
					"rotation": ["0-math.sin(q.anim_time*90*3*1)*2", 0, 0]
				},
				"leg_right": {
					"rotation": [0, 27.5, 0]
				},
				"leg_left": {
					"rotation": [0, -25, 0]
				}
			}
		},
		"animation.piplup.water_idle": {
			"loop": true,
			"bones": {
				"body": {
					"rotation": ["27-math.sin(q.anim_time*90*2)*3", 0, 0],
					"position": [0, "0-math.sin(q.anim_time*90*2+90)*0.2", 0]
				},
				"wing_left": {
					"rotation": [0, 0, "62.5-math.cos(q.anim_time*90*2-30)*10"]
				},
				"wing_left2": {
					"rotation": [0, 0, "0-math.cos(q.anim_time*90*2-60)*5"]
				},
				"wing_right": {
					"rotation": [0, 0, "-62.5+math.cos(q.anim_time*90*2-30)*10"]
				},
				"wing_right2": {
					"rotation": [0, 0, "0+math.cos(q.anim_time*90*2-60)*5"]
				},
				"front_cape": {
					"rotation": ["0+math.sin(q.anim_time*90*2-30)*3", 0, 0]
				},
				"back_cape": {
					"rotation": ["0-math.sin(q.anim_time*90*2-30)*3", 0, 0]
				},
				"head": {
					"rotation": ["-17.5-math.sin(q.anim_time*90*2+90)*2", 0, 0]
				},
				"leg_right": {
					"rotation": ["17.5-math.sin(q.anim_time*90*2-30)*10", 0, 0]
				},
				"foot_right1": {
					"rotation": ["30+math.cos(q.anim_time*90*2-60)*4", 0, 0]
				},
				"leg_left": {
					"rotation": ["17.5-math.sin(q.anim_time*90*2-30)*10", 0, 0]
				},
				"foot_left1": {
					"rotation": ["30+math.cos(q.anim_time*90*2-60)*4", 0, 0]
				}
			}
		},
		"animation.piplup.water_swim": {
			"loop": true,
			"bones": {
				"body": {
					"rotation": ["57-math.sin(q.anim_time*90*2)*3", 0, 0],
					"position": [
						0,
						"math.clamp(math.sin(q.anim_time*90*4)*0.2,0,1)+math.clamp(math.sin(q.anim_time*90*4)*0.3,-1,0)",
						"-math.sin(q.anim_time*90*4*2+90)*0.2"
					]
				},
				"wing_left": {
					"rotation": [0, 0, "72.5-math.cos(q.anim_time*90*2*2)*4"]
				},
				"wing_left2": {
					"rotation": [0, 0, 0]
				},
				"wing_right": {
					"rotation": [0, 0, "-72.5+math.cos(q.anim_time*90*2*2)*4"]
				},
				"wing_right2": {
					"rotation": [0, 0, 0]
				},
				"front_cape": {
					"rotation": ["0-math.cos(q.anim_time*90*4*2)*2", 0, 0]
				},
				"back_cape": {
					"rotation": ["0-math.cos(q.anim_time*90*4*2+30)*1", 0, 0]
				},
				"head": {
					"rotation": ["-32.5-math.sin(q.anim_time*90*3*2+90)*2", "0+math.cos(q.anim_time*90*4*2+90)*1", 0]
				},
				"leg_right": {
					"rotation": ["17.5-(math.sin(q.anim_time*90*4*3)*1-1)*20", 0, 0]
				},
				"foot_right1": {
					"rotation": ["30+math.cos(q.anim_time*90*2-60)*4", 0, 0]
				},
				"leg_left": {
					"rotation": ["17.5-(math.sin(q.anim_time*90*4*3+180)*1-1)*20", 0, 0],
					"position": [0, 0, 0]
				},
				"foot_left1": {
					"rotation": ["30+math.cos(q.anim_time*90*2-60)*4", 0, 0]
				}
			}
		},
		"animation.piplup.cry": {
			"animation_length": 1.5,
			"bones": {
				"neck": {
					"rotation": {
						"0.0": [0, 0, 0],
						"0.25": [10, 0, 0],
						"1.25": [10, 0, 0],
						"1.5": [0, 0, 0]
					}
				},
				"head": {
					"rotation": {
						"0.0": [0, 0, 0],
						"0.0833": [2.5, 0, 0],
						"0.1667": [-5, 0, 0],
						"0.25": [-5, 0, 0],
						"0.3333": [0, 0, 0],
						"0.4167": [-7.5, 0, 0],
						"0.5": {
							"pre": [-10, 0, 0],
							"post": [-10, 0, 0],
							"lerp_mode": "catmullrom"
						},
						"0.75": {
							"post": [-10, 0, 0],
							"lerp_mode": "catmullrom"
						},
						"0.9167": {
							"post": [-8.75, 0, 0],
							"lerp_mode": "catmullrom"
						},
						"1.0": {
							"post": [-7.5, 0, 0],
							"lerp_mode": "catmullrom"
						},
						"1.1667": {
							"post": [2.24, 0, 0],
							"lerp_mode": "catmullrom"
						},
						"1.3333": [0, 0, 0]
					},
					"position": {
						"0.0833": [0, 0, 0],
						"0.1667": [0, 0.25, -0.25],
						"0.9167": [0, 0.25, -0.25],
						"1.3333": [0, 0, 0]
					}
				},
				"jaw": {
					"rotation": {
						"0.0": [0, 0, 0],
						"0.0833": [0, 0, 0],
						"0.1667": [35, 0, 0],
						"0.25": [25, 0, 0],
						"0.3333": [0, 0, 0],
						"0.4167": [35, 0, 0],
						"0.75": [35, 0, 0],
						"1.0": [0, 0, 0],
						"1.5": [0, 0, 0]
					}
				},
				"torso": {
					"position": {
						"0.0": [0, 0, 0],
						"0.0833": [0, -0.25, 0],
						"0.1667": {
							"pre": [0, 0.75, -0.75],
							"post": [0, 0.75, -0.75],
							"lerp_mode": "catmullrom"
						},
						"0.6667": {
							"post": [0, 0.75, -0.75],
							"lerp_mode": "catmullrom"
						},
						"1.1667": {
							"post": [0, -0.25, 0],
							"lerp_mode": "catmullrom"
						},
						"1.3333": [0, 0, 0]
					}
				},
				"wing_left": {
					"rotation": {
						"0.0": [0, 0, 0],
						"0.0833": [0, 0, 7.5],
						"0.1667": {
							"pre": [0, 0, -60],
							"post": [0, 0, -60],
							"lerp_mode": "catmullrom"
						},
						"0.3333": {
							"post": [0, 0, 7.5],
							"lerp_mode": "catmullrom"
						},
						"0.6667": {
							"post": [0, 0, -60],
							"lerp_mode": "catmullrom"
						},
						"0.9167": {
							"post": [0, 0, -55],
							"lerp_mode": "catmullrom"
						},
						"1.25": {
							"post": [0, 0, 4],
							"lerp_mode": "catmullrom"
						},
						"1.5": [0, 0, 0]
					}
				},
				"wing_left2": {
					"rotation": {
						"0.0833": [0, 0, 0],
						"0.1667": [0, 0, 30],
						"0.25": {
							"pre": [0, 0, -25],
							"post": [0, 0, -25],
							"lerp_mode": "catmullrom"
						},
						"0.4167": {
							"post": [0, 0, 7.5],
							"lerp_mode": "catmullrom"
						},
						"0.6667": {
							"post": [0, 0, -25],
							"lerp_mode": "catmullrom"
						},
						"1.0833": {
							"post": [0, 0, -20],
							"lerp_mode": "catmullrom"
						},
						"1.3333": [0, 0, 0]
					}
				},
				"wing_right": {
					"rotation": {
						"0.0": [0, 0, 0],
						"0.0833": [0, 0, -7.5],
						"0.1667": {
							"pre": [0, 0, 60],
							"post": [0, 0, 60],
							"lerp_mode": "catmullrom"
						},
						"0.3333": {
							"post": [0, 0, -7.5],
							"lerp_mode": "catmullrom"
						},
						"0.6667": {
							"post": [0, 0, 60],
							"lerp_mode": "catmullrom"
						},
						"0.9167": {
							"post": [0, 0, 55],
							"lerp_mode": "catmullrom"
						},
						"1.25": {
							"post": [0, 0, -4],
							"lerp_mode": "catmullrom"
						},
						"1.5": [0, 0, 0]
					}
				},
				"wing_right2": {
					"rotation": {
						"0.0833": [0, 0, 0],
						"0.1667": [0, 0, -30],
						"0.25": {
							"pre": [0, 0, 25],
							"post": [0, 0, 25],
							"lerp_mode": "catmullrom"
						},
						"0.4167": {
							"post": [0, 0, -7.5],
							"lerp_mode": "catmullrom"
						},
						"0.6667": {
							"post": [0, 0, 25],
							"lerp_mode": "catmullrom"
						},
						"1.0833": {
							"post": [0, 0, 20],
							"lerp_mode": "catmullrom"
						},
						"1.3333": [0, 0, 0]
					}
				},
				"eyelid_left": {
					"position": {
						"0.0": [0, 0, -0.1],
						"0.1667": [0, 0, -0.1],
						"0.25": [0, 0, 0]
					}
				},
				"eyelid_right": {
					"position": {
						"0.0": [0, 0, -0.1],
						"0.1667": [0, 0, -0.1],
						"0.25": [0, 0, 0]
					}
				},
				"leg_right": {
					"rotation": {
						"0.0833": [0, 0, 0],
						"0.1667": [20, 0, 0],
						"0.9167": [20, 0, 0],
						"1.0833": [0, 0, 0]
					},
					"position": {
						"0.0833": [0, 0, 0],
						"0.1667": [0, 0.15, -0.75],
						"0.9167": [0, 0.15, -0.75],
						"1.0833": [0, 0, 0]
					}
				},
				"foot_right2": {
					"rotation": {
						"0.0833": [0, 0, 0],
						"0.1667": [-20, 0, 0],
						"0.9167": [-20, 0, 0],
						"1.0833": [0, 0, 0]
					}
				},
				"leg_left": {
					"rotation": {
						"0.0833": [0, 0, 0],
						"0.1667": [20, 0, 0],
						"0.9167": [20, 0, 0],
						"1.0833": [0, 0, 0]
					},
					"position": {
						"0.0833": [0, 0, 0],
						"0.1667": [0, 0.15, -0.75],
						"0.9167": [0, 0.15, -0.75],
						"1.0833": [0, 0, 0]
					}
				},
				"foot_left2": {
					"rotation": {
						"0.0833": [0, 0, 0],
						"0.1667": [-20, 0, 0],
						"0.9167": [-20, 0, 0],
						"1.0833": [0, 0, 0]
					}
				}
			},
			"sound_effects": {
				"0.1667": {
					"effect": "pokemon.piplup.cry"
				}
			}
		},
		"animation.piplup.blink": {
			"animation_length": 0.16667,
			"bones": {
				"eyelid_left": {
					"position": {
						"0.0": [0, 0, -0.1],
						"0.125": [0, 0, -0.1],
						"0.1667": [0, 0, 0]
					}
				},
				"eyelid_right": {
					"position": {
						"0.0": [0, 0, -0.1],
						"0.125": [0, 0, -0.1],
						"0.1667": [0, 0, 0]
					}
				}
			}
		},
		"animation.piplup.sleep": {
			"loop": true,
			"bones": {
				"body": {
					"position": [0, -2, 0]
				},
				"torso": {
					"rotation": ["5-math.cos(q.anim_time*90*1)*1", 0, 0]
				},
				"wing_left": {
					"rotation": [0, 0, "62.5+math.cos(q.anim_time*90*1-60)*2"]
				},
				"wing_right": {
					"rotation": [0, 0, "-62.5-math.cos(q.anim_time*90*1-60)*2"]
				},
				"back_cape": {
					"rotation": ["5-math.cos(q.anim_time*90*1)*1", 0, 0]
				},
				"head": {
					"rotation": ["15+math.sin(q.anim_time*90*1)*1", 0, 0]
				},
				"eyelid_left": {
					"position": [0, 0, -0.1]
				},
				"eyelid_right": {
					"position": [0, 0, -0.1]
				},
				"leg_right": {
					"rotation": [-90, 0, -17.5],
					"position": [0, 1, -4]
				},
				"foot_right1": {
					"rotation": ["17.5+math.cos(q.anim_time*90*1-60)*2", 0, 0]
				},
				"leg_left": {
					"rotation": [-90, 0, 17.5],
					"position": [0, 1, -4]
				},
				"foot_left1": {
					"rotation": ["17.5+math.cos(q.anim_time*90*1-60)*2", 0, 0]
				},
				"front_cape": {
					"rotation": ["0-math.cos(q.anim_time*90*1-30)*2", 0, 0]
				}
			}
		},
		"animation.piplup.walktest": {
			"loop": true,
			"bones": {
				"prinplup": {
					"position": [0, 0, "95-q.anim_time*10"]
				},
				"piplup": {
					"position": [0, 0, "38-q.anim_time*7"]
				}
			}
		},
		"animation.piplup.swimtest": {
			"loop": true,
			"bones": {
				"prinplup": {
					"position": [0, 0, "95-q.anim_time*10"]
				},
				"piplup": {
					"position": [0, 0, "44-q.anim_time*30"]
				}
			}
		},
		"animation.piplup.shoulder_left": {
			"loop": true,
			"animation_length": 1,
			"bones": {
				"body": {
					"rotation": [7.5, 0, 12.5],
					"position": [2, -8, 5]
				},
				"wing_left": {
					"rotation": [-34.46799, 68.60852, 53.60059]
				},
				"wing_left2": {
					"rotation": [0, 0, -45]
				},
				"wing_right": {
					"rotation": [-42.18626, -55.22456, -42.18626]
				},
				"wing_right2": {
					"rotation": [0, 0, 42.5]
				},
				"head": {
					"rotation": [-7.5, 0, -5]
				},
				"leg_right": {
					"rotation": {
						"0.0": {
							"post": [-20, 0, 0],
							"lerp_mode": "catmullrom"
						},
						"0.5": {
							"post": [42.5, 0, 0],
							"lerp_mode": "catmullrom"
						},
						"1.0": {
							"post": [-20, 0, 0],
							"lerp_mode": "catmullrom"
						}
					}
				},
				"foot_right1": {
					"rotation": {
						"0.0": {
							"post": [-2.5, 0, 0],
							"lerp_mode": "catmullrom"
						},
						"0.5": {
							"post": [25, 0, 0],
							"lerp_mode": "catmullrom"
						},
						"1.0": {
							"post": [-2.5, 0, 0],
							"lerp_mode": "catmullrom"
						}
					}
				},
				"leg_left": {
					"rotation": {
						"0.0": {
							"post": [42.5, 0, 0],
							"lerp_mode": "catmullrom"
						},
						"0.5": {
							"post": [-20, 0, 0],
							"lerp_mode": "catmullrom"
						},
						"1.0": {
							"post": [42.5, 0, 0],
							"lerp_mode": "catmullrom"
						}
					}
				},
				"foot_left1": {
					"rotation": {
						"0.0": {
							"post": [25, 0, 0],
							"lerp_mode": "catmullrom"
						},
						"0.5": {
							"post": [-2.5, 0, 0],
							"lerp_mode": "catmullrom"
						},
						"1.0": {
							"post": [25, 0, 0],
							"lerp_mode": "catmullrom"
						}
					}
				}
			}
		},
		"animation.piplup.shoulder_right": {
			"loop": true,
			"animation_length": 1,
			"bones": {
				"body": {
					"rotation": [7.5, 0, -12.5],
					"position": [-2, -8, 5]
				},
				"wing_left": {
					"rotation": [-34.46799, 68.60852, 53.60059]
				},
				"wing_left2": {
					"rotation": [0, 0, -45]
				},
				"wing_right": {
					"rotation": [-42.18626, -55.22456, -42.18626]
				},
				"wing_right2": {
					"rotation": [0, 0, 42.5]
				},
				"head": {
					"rotation": [-7.5, 0, 5]
				},
				"leg_right": {
					"rotation": {
						"0.0": {
							"post": [-20, 0, 0],
							"lerp_mode": "catmullrom"
						},
						"0.5": {
							"post": [42.5, 0, 0],
							"lerp_mode": "catmullrom"
						},
						"1.0": {
							"post": [-20, 0, 0],
							"lerp_mode": "catmullrom"
						}
					}
				},
				"foot_right1": {
					"rotation": {
						"0.0": {
							"post": [-2.5, 0, 0],
							"lerp_mode": "catmullrom"
						},
						"0.5": {
							"post": [25, 0, 0],
							"lerp_mode": "catmullrom"
						},
						"1.0": {
							"post": [-2.5, 0, 0],
							"lerp_mode": "catmullrom"
						}
					}
				},
				"leg_left": {
					"rotation": {
						"0.0": {
							"post": [42.5, 0, 0],
							"lerp_mode": "catmullrom"
						},
						"0.5": {
							"post": [-20, 0, 0],
							"lerp_mode": "catmullrom"
						},
						"1.0": {
							"post": [42.5, 0, 0],
							"lerp_mode": "catmullrom"
						}
					}
				},
				"foot_left1": {
					"rotation": {
						"0.0": {
							"post": [25, 0, 0],
							"lerp_mode": "catmullrom"
						},
						"0.5": {
							"post": [-2.5, 0, 0],
							"lerp_mode": "catmullrom"
						},
						"1.0": {
							"post": [25, 0, 0],
							"lerp_mode": "catmullrom"
						}
					}
				}
			}
		}
	}
}