{
	"format_version": "1.8.0",
	"animations": {
		"animation.umabe.ground_idle": {
			"loop": true,
			"animation_length": 3.36,
			"bones": {
				"head": {
					"rotation": {
						"0.0": [0, 0, 0],
						"1.68": [-5, 0, 0],
						"3.36": [0, 0, 0]
					}
				},
				"arm": {
					"rotation": {
						"0.0": [0, 0, 20],
						"1.68": [0, 0, 7.5],
						"3.36": [0, 0, 20]
					}
				},
				"bone2": {
					"rotation": {
						"0.0": [0, 0, 32.5],
						"3.36": [0, 0, 32.5]
					}
				},
				"arm2": {
					"rotation": {
						"0.0": [0, 0, -20],
						"1.68": [0, 0, -7.5],
						"3.36": [0, 0, -20]
					}
				},
				"bone3": {
					"rotation": {
						"0.0": [0, 0, -32.5],
						"3.36": [0, 0, -32.5]
					}
				}
			}
		},
		"animation.umabe.ground_walk": {
			"loop": true,
			"animation_length": 0.96,
			"bones": {
				"head": {
					"rotation": {
						"0.0": [5, 0, 0],
						"0.24": [0, 0, 0],
						"0.48": [5, 0, 0],
						"0.72": [0, 0, 0],
						"0.96": [5, 0, 0]
					}
				},
				"arm": {
					"rotation": {
						"0.0": [10.09541, -25.71543, 37.69002],
						"0.24": [4.08585, -32.23305, 51.15743],
						"0.48": [10.09541, -25.71543, 37.69002],
						"0.72": [4.08585, -32.23305, 51.15743],
						"0.96": [10.09541, -25.71543, 37.69002]
					}
				},
				"bone2": {
					"rotation": {
						"0.0": [0, -42.5, 0],
						"0.48": [0, -42.5, 0],
						"0.96": [0, -42.5, 0]
					},
					"position": {
						"0.0": [-2, 0, 0],
						"0.48": [-2, 0, 0],
						"0.96": [-2, 0, 0]
					}
				},
				"arm2": {
					"rotation": {
						"0.0": [10.09541, 25.71543, -37.69002],
						"0.24": [4.08585, 32.23305, -51.15743],
						"0.48": [10.09541, 25.71543, -37.69002],
						"0.72": [4.08585, 32.23305, -51.15743],
						"0.96": [10.09541, 25.71543, -37.69002]
					}
				},
				"bone3": {
					"rotation": {
						"0.0": [0, 42.5, 0],
						"0.48": [0, 42.5, 0],
						"0.96": [0, 42.5, 0]
					},
					"position": {
						"0.0": [2, 0, 0],
						"0.48": [2, 0, 0],
						"0.96": [2, 0, 0]
					}
				},
				"leg": {
					"rotation": {
						"0.0": [-27.5, 0, 0],
						"0.24": [0, 0, 0],
						"0.48": [27.5, 0, 0],
						"0.72": [0, 0, 0],
						"0.96": [-27.5, 0, 0]
					}
				},
				"leg2": {
					"rotation": {
						"0.0": [27.5, 0, 0],
						"0.24": [0, 0, 0],
						"0.48": [-27.5, 0, 0],
						"0.72": [0, 0, 0],
						"0.96": [27.5, 0, 0]
					}
				}
			}
		}
	}
}