{
	"format_version": "1.8.0",
	"animations": {
		"animation.tivick.ground_idle": {
			"loop": true,
			"animation_length": 4.16,
			"bones": {
				"head": {
					"rotation": {
						"0.0": [0, 0, 0],
						"1.04": [2.5, 0, 5],
						"2.08": [0, 0, 0],
						"3.12": [2.5, 0, -5],
						"4.16": [0, 0, 0]
					},
					"position": [0, 0, 0]
				}
			}
		},
		"animation.tivick.ground_walk": {
			"loop": true,
			"animation_length": 0.48,
			"bones": {
				"head": {
					"rotation": {
						"0.0": [7.47178, -0.65182, 4.95744],
						"0.24": [7.46475, 0.65121, -4.95748],
						"0.48": [7.47178, -0.65182, 4.95744]
					}
				},
				"leg": {
					"rotation": {
						"0.0": [32.5, 0, 0],
						"0.24": [-32.5, 0, 0],
						"0.48": [32.5, 0, 0]
					}
				},
				"leg2": {
					"rotation": {
						"0.0": [-32.5, 0, 0],
						"0.24": [32.5, 0, 0],
						"0.48": [-32.5, 0, 0]
					}
				},
				"leg3": {
					"rotation": {
						"0.0": [32.5, 0, 0],
						"0.24": [-32.5, 0, 0],
						"0.48": [32.5, 0, 0]
					}
				},
				"leg4": {
					"rotation": {
						"0.0": [-32.5, 0, 0],
						"0.24": [32.5, 0, 0],
						"0.48": [-32.5, 0, 0]
					}
				}
			}
		}
	}
}