{
	"format_version": "1.8.0",
	"animations": {
		"animation.swafly.ground_idle": {
			"loop": true,
			"animation_length": 2.4,
			"bones": {
				"bone": {
					"scale": {
						"0.0": [1, 1, 1],
						"1.2": [1, 0.95, 1],
						"2.4": [1, 1, 1]
					}
				},
				"head": {
					"rotation": {
						"0.0": [0, 0, 0],
						"1.24": [2.5, 0, 0],
						"2.4": [0, 0, 0]
					}
				},
				"wing": {
					"position": {
						"0.0": [0, 0, 0],
						"1.2": [0, -0.75, 0],
						"2.4": [0, 0, 0]
					}
				},
				"wing2": {
					"position": {
						"0.0": [0, 0, 0],
						"1.2": [0, -0.75, 0],
						"2.4": [0, 0, 0]
					}
				}
			}
		},
		"animation.swafly.ground_walk": {
			"loop": true,
			"animation_length": 0.48,
			"bones": {
				"wing": {
					"rotation": {
						"0.0": [0, 0, 0],
						"0.24": [-22.5, 0, 0],
						"0.48": [0, 0, 0]
					}
				},
				"wing2": {
					"rotation": {
						"0.0": [0, 0, 0],
						"0.24": [-22.5, 0, 0],
						"0.48": [0, 0, 0]
					}
				},
				"leg": {
					"rotation": {
						"0.0": [0, 0, 0],
						"0.24": [0, -40, 0],
						"0.48": [0, 0, 0]
					}
				},
				"leg2": {
					"rotation": {
						"0.0": [0, 0, 0],
						"0.24": [0, 40, 0],
						"0.48": [0, 0, 0]
					}
				},
				"leg3": {
					"rotation": {
						"0.0": [0, 0, 0],
						"0.24": [0, 40, 0],
						"0.48": [0, 0, 0]
					}
				},
				"leg4": {
					"rotation": {
						"0.0": [0, 0, 0],
						"0.24": [0, -40, 0],
						"0.48": [0, 0, 0]
					}
				},
				"leg5": {
					"rotation": {
						"0.0": [0, 0, 0],
						"0.24": [0, -40, 0],
						"0.48": [0, 0, 0]
					}
				},
				"leg6": {
					"rotation": {
						"0.0": [0, 0, 0],
						"0.24": [0, 40, 0],
						"0.48": [0, 0, 0]
					}
				},
				"leg7": {
					"rotation": {
						"0.0": [0, 0, 0],
						"0.24": [0, 40, 0],
						"0.48": [0, 0, 0]
					}
				},
				"leg8": {
					"rotation": {
						"0.0": [0, 0, 0],
						"0.24": [0, -40, 0],
						"0.48": [0, 0, 0]
					}
				}
			}
		}
	}
}