{
	"format_version": "1.12.0",
	"minecraft:geometry": [
		{
			"description": {
				"identifier": "geometry.masticat",
				"texture_width": 128,
				"texture_height": 128,
				"visible_bounds_width": 3,
				"visible_bounds_height": 3.5,
				"visible_bounds_offset": [0, 1.25, 0]
			},
			"bones": [
				{
					"name": "masticat",
					"pivot": [0, 0, 0]
				},
				{
					"name": "body",
					"parent": "masticat",
					"pivot": [0, 14.8, 0],
					"cubes": [
						{"origin": [-6, 9, -6], "size": [12, 7, 12], "pivot": [0, 16.25, 0], "rotation": [0, 45, 0], "uv": [0, 0]},
						{"origin": [5.5, 16.1, -5.5], "size": [0, 2, 11], "inflate": -0.01, "pivot": [0, 16.25, 0], "rotation": [0, 45, 0], "uv": [22, 33]},
						{"origin": [-5.5, 16.1, -5.5], "size": [0, 2, 11], "inflate": -0.01, "pivot": [0, 16.25, 0], "rotation": [0, 45, 0], "uv": [22, 33]},
						{"origin": [-5.5, 16.1, 5.5], "size": [11, 2, 0], "inflate": -0.01, "pivot": [0, 16.25, 0], "rotation": [0, 45, 0], "uv": [22, 44]},
						{"origin": [-5.5, 16.1, -5.5], "size": [11, 2, 0], "inflate": -0.01, "pivot": [0, 16.25, 0], "rotation": [0, 45, 0], "uv": [22, 44]}
					]
				},
				{
					"name": "head",
					"parent": "body",
					"pivot": [-0.02342, 16.04435, 7.75],
					"cubes": [
						{"origin": [-5.5, 16, -5.5], "size": [0, 2, 11], "pivot": [0, 16.25, 0], "rotation": [0, 45, 0], "uv": [0, 33]},
						{"origin": [5.5, 16, -5.5], "size": [0, 2, 11], "pivot": [0, 16.25, 0], "rotation": [0, 45, 0], "uv": [0, 33]},
						{"origin": [-5.5, 16, 5.5], "size": [11, 2, 0], "pivot": [0, 16.25, 0], "rotation": [0, 45, 0], "uv": [0, 44]},
						{"origin": [-5.5, 16, -5.5], "size": [11, 2, 0], "pivot": [0, 16.25, 0], "rotation": [0, 45, 0], "uv": [0, 44]},
						{"origin": [-5.5, 18, -5.5], "size": [11, 3, 11], "inflate": 0.1, "pivot": [0, 16.25, 0], "rotation": [0, 45, 0], "uv": [0, 19]},
						{"origin": [3.76737, 17.76631, -6.72299], "size": [0, 3, 5], "pivot": [3.76737, 19.36631, -4.72299], "rotation": [-5.12458, 52.20499, 3.16003], "uv": [0, 4]},
						{"origin": [-3.76737, 17.76631, -6.72299], "size": [0, 3, 5], "pivot": [-3.76737, 19.36631, -4.72299], "rotation": [-5.12458, -52.20499, -3.16003], "uv": [0, 1]},
						{"origin": [4.52145, 19.80602, 0.41381], "size": [4, 6, 0], "pivot": [6.52145, 22.80602, 0.41381], "rotation": [-17.25002, 2.99318, 34.54589], "uv": [33, 19]},
						{"origin": [-7.90631, 21.32738, 0], "size": [4, 6, 0], "pivot": [-3.90631, 22.57738, 0], "rotation": [-17.25002, -2.99318, -34.54589], "uv": [0, 33]},
						{"origin": [-4.5, 21, -4.5], "size": [9, 1, 9], "pivot": [0, 16.25, 0], "rotation": [0, 45, 0], "uv": [35, 37]},
						{"origin": [-1.5, 22, -1.5], "size": [3, 1, 3], "uv": [0, 46]},
						{"origin": [-0.5, 22.06432, 1.05624], "size": [1, 2, 0], "pivot": [0, 25.30051, 2.28788], "rotation": [-25, 0, 0], "uv": [10, 6]},
						{"origin": [-0.5, 23.70489, 1.53427], "size": [1, 2, 0], "pivot": [0, 25.30051, 2.28788], "rotation": [-42.5, 0, 0], "uv": [9, 0]},
						{"origin": [-0.5, 25.23993, 1.43304], "size": [1, 2, 0], "pivot": [0, 25.30051, 2.28788], "rotation": [-72.5, 0, 0], "uv": [0, 0]},
						{"origin": [-0.5, 26.98524, 0.4671], "size": [1, 1, 1], "pivot": [0, 25.30051, 2.28788], "rotation": [-85, 0, 0], "uv": [6, 19]}
					]
				},
				{
					"name": "tail",
					"parent": "body",
					"pivot": [0, 9, 0],
					"cubes": [
						{"origin": [-5, 7, -5], "size": [10, 2, 10], "pivot": [0, 16.25, 0], "rotation": [0, 45, 0], "uv": [36, 0]}
					]
				},
				{
					"name": "tail2",
					"parent": "tail",
					"pivot": [0, 7, 0],
					"cubes": [
						{"origin": [-3, 4, -3], "size": [6, 3, 6], "pivot": [0, 16.25, 0], "rotation": [0, 45, 0], "uv": [42, 13]}
					]
				},
				{
					"name": "tail3",
					"parent": "tail2",
					"pivot": [0, 4, 0],
					"cubes": [
						{"origin": [-1.5, 1, -1.5], "size": [3, 3, 3], "pivot": [0, 16.25, 0], "rotation": [0, 45, 0], "uv": [0, 0]}
					]
				},
				{
					"name": "tail4",
					"parent": "tail3",
					"pivot": [0, 1, 0],
					"cubes": [
						{"origin": [-1, -3, -1], "size": [2, 4, 2], "pivot": [0, 16.25, 0], "rotation": [0, 45, 0], "uv": [0, 19]}
					]
				}
			]
		}
	]
}