{
	"format_version": "1.8.0",
	"animations": {
		"animation.sonorosian.ground_idle": {
			"loop": true,
			"animation_length": 2,
			"bones": {
				"torso": {
					"rotation": [15, 0, 0],
					"position": [0, -0.1, 5]
				},
				"head": {
					"rotation": {
						"0.0": {
							"post": [-15, 0, 0],
							"lerp_mode": "catmullrom"
						},
						"1.0": {
							"post": [-20, 0, 0],
							"lerp_mode": "catmullrom"
						},
						"2.0": [-15, 0, 0]
					}
				},
				"arm_right": {
					"rotation": [0, -6.8855, -42.8347]
				},
				"arm_left": {
					"rotation": [0, 6.8855, 42.8347]
				},
				"leg_right": {
					"rotation": [-40, 0, 0]
				},
				"leg_left": {
					"rotation": [-40, 0, 0]
				},
				"hand_right": {
					"rotation": [0, -35, -40]
				},
				"hand_left": {
					"rotation": [0, 35, 40]
				},
				"foot_left": {
					"rotation": [-12.5, 0, 0]
				},
				"lower_leg_left": {
					"rotation": [37.5, 0, 0]
				},
				"lower_leg_right": {
					"rotation": [37.5, 0, 0]
				},
				"foot_right": {
					"rotation": [-12.5, 0, 0]
				},
				"torso_top": {
					"rotation": {
						"0.0": {
							"post": [0, 0, 0],
							"lerp_mode": "catmullrom"
						},
						"1.0": {
							"post": [5, 0, 0],
							"lerp_mode": "catmullrom"
						},
						"2.0": [0, 0, 0]
					}
				}
			}
		},
		"animation.sonorosian.ground_walk": {
			"loop": true,
			"animation_length": 1,
			"bones": {
				"torso": {
					"rotation": [20, 0, 0],
					"position": [0, -0.1, 5]
				},
				"head": {
					"rotation": {
						"0.0": {
							"post": [-20, 0, 0],
							"lerp_mode": "catmullrom"
						},
						"0.25": {
							"post": [-15, 0, 0],
							"lerp_mode": "catmullrom"
						},
						"0.5": {
							"post": [-20, 0, 0],
							"lerp_mode": "catmullrom"
						},
						"0.75": {
							"post": [-15, 0, 0],
							"lerp_mode": "catmullrom"
						},
						"1.0": [-20, 0, 0]
					},
					"position": [0, 0, 0]
				},
				"arm_right": {
					"rotation": {
						"0.0": {
							"post": [0, -30, -60],
							"lerp_mode": "catmullrom"
						},
						"0.5": {
							"post": [0, 30, -60],
							"lerp_mode": "catmullrom"
						},
						"1.0": [0, -30, -60]
					}
				},
				"arm_left": {
					"rotation": {
						"0.0": {
							"post": [0, -30, 60],
							"lerp_mode": "catmullrom"
						},
						"0.5": {
							"post": [0, 30, 60],
							"lerp_mode": "catmullrom"
						},
						"1.0": [0, -30, 60]
					}
				},
				"leg_right": {
					"rotation": {
						"0.0": {
							"post": [-85, 0, 0],
							"lerp_mode": "catmullrom"
						},
						"0.25": {
							"post": [-52.5, 0, 0],
							"lerp_mode": "catmullrom"
						},
						"0.5": {
							"post": [-15, 0, 0],
							"lerp_mode": "catmullrom"
						},
						"0.75": {
							"post": [-57.5, 0, 0],
							"lerp_mode": "catmullrom"
						},
						"1.0": [-85, 0, 0]
					}
				},
				"leg_left": {
					"rotation": {
						"0.0": {
							"post": [-15, 0, 0],
							"lerp_mode": "catmullrom"
						},
						"0.25": {
							"post": [-57.5, 0, 0],
							"lerp_mode": "catmullrom"
						},
						"0.5": {
							"post": [-85, 0, 0],
							"lerp_mode": "catmullrom"
						},
						"0.75": {
							"post": [-52.5, 0, 0],
							"lerp_mode": "catmullrom"
						},
						"1.0": [-15, 0, 0]
					}
				},
				"hand_right": {
					"rotation": {
						"0.0": {
							"post": [0, -15, -15],
							"lerp_mode": "catmullrom"
						},
						"0.5": {
							"post": [0, 15, -15],
							"lerp_mode": "catmullrom"
						},
						"1.0": [0, -15, -15]
					}
				},
				"hand_left": {
					"rotation": {
						"0.0": {
							"post": [0, -15, 15],
							"lerp_mode": "catmullrom"
						},
						"0.5": {
							"post": [0, 15, 15],
							"lerp_mode": "catmullrom"
						},
						"1.0": [0, -15, 15]
					}
				},
				"foot_left": {
					"rotation": {
						"0.0": {
							"post": [-35, 0, 0],
							"lerp_mode": "catmullrom"
						},
						"0.25": {
							"post": [27.5, 0, 0],
							"lerp_mode": "catmullrom"
						},
						"0.5": {
							"post": [-5, 0, 0],
							"lerp_mode": "catmullrom"
						},
						"0.75": {
							"post": [10, 0, 0],
							"lerp_mode": "catmullrom"
						},
						"1.0": [-35, 0, 0]
					}
				},
				"lower_leg_left": {
					"rotation": {
						"0.0": {
							"post": [30, 0, 0],
							"lerp_mode": "catmullrom"
						},
						"0.25": {
							"post": [80, 0, 0],
							"lerp_mode": "catmullrom"
						},
						"0.5": {
							"post": [67.5, 0, 0],
							"lerp_mode": "catmullrom"
						},
						"0.75": {
							"post": [22.5, 0, 0],
							"lerp_mode": "catmullrom"
						},
						"1.0": [30, 0, 0]
					}
				},
				"lower_leg_right": {
					"rotation": {
						"0.0": {
							"post": [67.5, 0, 0],
							"lerp_mode": "catmullrom"
						},
						"0.25": {
							"post": [22.5, 0, 0],
							"lerp_mode": "catmullrom"
						},
						"0.5": {
							"post": [30, 0, 0],
							"lerp_mode": "catmullrom"
						},
						"0.75": {
							"post": [80, 0, 0],
							"lerp_mode": "catmullrom"
						},
						"1.0": [67.5, 0, 0]
					}
				},
				"foot_right": {
					"rotation": {
						"0.0": {
							"post": [-5, 0, 0],
							"lerp_mode": "catmullrom"
						},
						"0.25": {
							"post": [10, 0, 0],
							"lerp_mode": "catmullrom"
						},
						"0.5": {
							"post": [-35, 0, 0],
							"lerp_mode": "catmullrom"
						},
						"0.75": {
							"post": [27.5, 0, 0],
							"lerp_mode": "catmullrom"
						},
						"1.0": [-5, 0, 0]
					}
				}
			}
		},
		"animation.sonorosian.faint": {
			"loop": "hold_on_last_frame",
			"animation_length": 3,
			"bones": {
				"torso": {
					"rotation": {
						"0.0": {
							"post": [15, 0, 0],
							"lerp_mode": "catmullrom"
						},
						"0.1": {
							"post": [-20, 0, 0],
							"lerp_mode": "catmullrom"
						},
						"0.2": {
							"post": [-47.5, 0, 0],
							"lerp_mode": "catmullrom"
						},
						"0.35": [-90, 0, 0]
					},
					"position": {
						"0.0": {
							"post": [0, -0.1, 5],
							"lerp_mode": "catmullrom"
						},
						"0.35": {
							"post": [0, 3.9, 5],
							"lerp_mode": "catmullrom"
						},
						"0.5": {
							"post": [0, 6.9, 6],
							"lerp_mode": "catmullrom"
						},
						"0.65": {
							"post": [0, 7.9, 7],
							"lerp_mode": "catmullrom"
						},
						"0.85": {
							"post": [0, 6.9, 8],
							"lerp_mode": "catmullrom"
						},
						"1.0": [0, 3.9, 10]
					}
				},
				"head": {
					"rotation": {
						"0.0": {
							"post": [-15, 0, 0],
							"lerp_mode": "catmullrom"
						},
						"0.05": {
							"post": [-2.5, 0, 0],
							"lerp_mode": "catmullrom"
						},
						"0.2": {
							"post": [10, 0, 0],
							"lerp_mode": "catmullrom"
						},
						"0.65": {
							"post": [-10, 0, 0],
							"lerp_mode": "catmullrom"
						},
						"1.0": [7.5, 0, 0]
					}
				},
				"arm_right": {
					"rotation": {
						"0.0": {
							"post": [0, -6.8855, -42.8347],
							"lerp_mode": "catmullrom"
						},
						"0.05": {
							"post": [-53.08121, -39.32278, -19.7617],
							"lerp_mode": "catmullrom"
						},
						"0.35": {
							"post": [-21.88444, -24.70913, -36.73555],
							"lerp_mode": "catmullrom"
						},
						"0.65": {
							"post": [7.31587, -0.04898, -43.27854],
							"lerp_mode": "catmullrom"
						},
						"1.0": [22.64313, 10.86784, -34.80677]
					}
				},
				"arm_left": {
					"rotation": {
						"0.0": {
							"post": [0, 6.8855, 42.8347],
							"lerp_mode": "catmullrom"
						},
						"0.05": {
							"post": [-53.08121, 39.32278, 19.7617],
							"lerp_mode": "catmullrom"
						},
						"0.35": {
							"post": [-21.88444, 24.70913, 36.73555],
							"lerp_mode": "catmullrom"
						},
						"0.65": {
							"post": [9.13645, -1.66462, 43.25287],
							"lerp_mode": "catmullrom"
						},
						"1.0": [16.48319, -8.48466, 42.60098]
					}
				},
				"leg_right": {
					"rotation": {
						"0.0": {
							"post": [-40, 0, 0],
							"lerp_mode": "catmullrom"
						},
						"0.05": {
							"post": [-57.5, 0, 0],
							"lerp_mode": "catmullrom"
						},
						"0.5": {
							"post": [-7.5, 0, 0],
							"lerp_mode": "catmullrom"
						},
						"0.65": {
							"post": [2.5, 0, 0],
							"lerp_mode": "catmullrom"
						},
						"1.0": [12.5, 0, 0]
					}
				},
				"leg_left": {
					"rotation": {
						"0.0": {
							"post": [-40, 0, 0],
							"lerp_mode": "catmullrom"
						},
						"0.05": {
							"post": [-57.5, 0, 0],
							"lerp_mode": "catmullrom"
						},
						"0.5": {
							"post": [-7.5, 0, 0],
							"lerp_mode": "catmullrom"
						},
						"0.65": {
							"post": [2.5, 0, 0],
							"lerp_mode": "catmullrom"
						},
						"1.0": [12.5, 0, 0]
					}
				},
				"hand_right": {
					"rotation": {
						"0.0": {
							"post": [0, -35, -40],
							"lerp_mode": "catmullrom"
						},
						"0.35": {
							"post": [0, 0, -40],
							"lerp_mode": "catmullrom"
						},
						"1.0": [0, -20, -40]
					}
				},
				"hand_left": {
					"rotation": {
						"0.0": {
							"post": [0, 35, 40],
							"lerp_mode": "catmullrom"
						},
						"0.35": {
							"post": [0, 0, 40],
							"lerp_mode": "catmullrom"
						},
						"1.0": [0, 12.5, 40]
					}
				},
				"foot_left": {
					"rotation": {
						"0.0": {
							"post": [-12.5, 0, 0],
							"lerp_mode": "catmullrom"
						},
						"0.95": {
							"post": [-5, 0, 0],
							"lerp_mode": "catmullrom"
						},
						"1.0": [-5, 0, 0]
					}
				},
				"lower_leg_left": {
					"rotation": {
						"0.0": {
							"post": [37.5, 0, 0],
							"lerp_mode": "catmullrom"
						},
						"0.95": {
							"post": [-5, 0, 0],
							"lerp_mode": "catmullrom"
						},
						"1.0": [-5, 0, 0]
					}
				},
				"lower_leg_right": {
					"rotation": {
						"0.0": {
							"post": [37.5, 0, 0],
							"lerp_mode": "catmullrom"
						},
						"0.95": {
							"post": [-5, 0, 0],
							"lerp_mode": "catmullrom"
						},
						"1.0": [-5, 0, 0]
					}
				},
				"foot_right": {
					"rotation": {
						"0.0": {
							"post": [-12.5, 0, 0],
							"lerp_mode": "catmullrom"
						},
						"0.95": {
							"post": [-5, 0, 0],
							"lerp_mode": "catmullrom"
						},
						"1.0": [-5, 0, 0]
					}
				},
				"torso_top": {
					"rotation": {
						"0.0": {
							"post": [20, 0, 0],
							"lerp_mode": "catmullrom"
						},
						"0.05": {
							"post": [40, 0, 0],
							"lerp_mode": "catmullrom"
						},
						"0.35": {
							"post": [22.5, 0, 0],
							"lerp_mode": "catmullrom"
						},
						"0.65": {
							"post": [5, 0, 0],
							"lerp_mode": "catmullrom"
						},
						"1.0": [0, 0, 0]
					}
				}
			}
		},
		"animation.sonorosian.cry": {
			"loop": "hold_on_last_frame",
			"animation_length": 3,
			"bones": {
				"head": {
					"rotation": {
						"0.0": {
							"post": [0, 0, 0],
							"lerp_mode": "catmullrom"
						},
						"0.25": {
							"post": [-32.5, 0, 0],
							"lerp_mode": "catmullrom"
						},
						"1.0": {
							"post": [-32.5, 0, 0],
							"lerp_mode": "catmullrom"
						},
						"2.0": [0, 0, 0]
					}
				},
				"arm_right": {
					"rotation": {
						"0.0": {
							"post": [0, 0, 0],
							"lerp_mode": "catmullrom"
						},
						"0.25": {
							"post": [0, 17.5, 0],
							"lerp_mode": "catmullrom"
						},
						"1.0": {
							"post": [0, 17.5, 0],
							"lerp_mode": "catmullrom"
						},
						"2.0": [0, 0, 0]
					}
				},
				"arm_left": {
					"rotation": {
						"0.0": {
							"post": [0, 0, 0],
							"lerp_mode": "catmullrom"
						},
						"0.25": {
							"post": [0, -17.5, 0],
							"lerp_mode": "catmullrom"
						},
						"1.0": {
							"post": [0, -17.5, 0],
							"lerp_mode": "catmullrom"
						},
						"2.0": [0, 0, 0]
					}
				},
				"leg_right": {
					"rotation": [0, 0, 0]
				},
				"hand_right": {
					"rotation": {
						"0.0": {
							"post": [0, 0, 0],
							"lerp_mode": "catmullrom"
						},
						"0.25": {
							"post": [0, -20, 0],
							"lerp_mode": "catmullrom"
						},
						"1.0": {
							"post": [0, -20, 0],
							"lerp_mode": "catmullrom"
						},
						"2.0": [0, 0, 0]
					}
				},
				"hand_left": {
					"rotation": {
						"0.0": {
							"post": [0, 0, 0],
							"lerp_mode": "catmullrom"
						},
						"0.25": {
							"post": [0, 20, 0],
							"lerp_mode": "catmullrom"
						},
						"1.0": {
							"post": [0, 20, 0],
							"lerp_mode": "catmullrom"
						},
						"2.0": [0, 0, 0]
					}
				},
				"lower_leg_right": {
					"rotation": [0, 0, 0]
				},
				"torso_top": {
					"rotation": {
						"0.0": {
							"post": [0, 0, 0],
							"lerp_mode": "catmullrom"
						},
						"0.25": {
							"post": [35, 0, 0],
							"lerp_mode": "catmullrom"
						},
						"1.0": {
							"post": [35, 0, 0],
							"lerp_mode": "catmullrom"
						},
						"2.0": [0, 0, 0]
					}
				}
			},
			"sound_effects": {
				"0.1": {
					"effect": "pokemon.sonorosian.cry"
				}
			}
		}
	}
}