{
	"format_version": "1.8.0",
	"animations": {
		"animation.steelpyre.ground_idle": {
			"loop": true,
			"animation_length": 2,
			"bones": {
				"body": {
					"position": {
						"0.0": [0, 0, 0],
						"1.0": [0, 1, 0],
						"2.0": [0, 0, 0]
					}
				},
				"segment1": {
					"rotation": {
						"0.0": [0, 0, 0],
						"1.0": [7.5, 0, 0],
						"2.0": [0, 0, 0]
					}
				},
				"flame1": {
					"scale": {
						"0.0": [1, 1, 1],
						"0.25": [1, 1, 0.8],
						"0.375": [1, 1, 1.3],
						"0.5833": [1.3, 1, 1.1],
						"0.75": [1.1, 1, 1.5],
						"1.0": [1, 1, 1],
						"1.25": [1, 1, 0.8],
						"1.375": [1, 1, 1.3],
						"1.5833": [1.3, 1, 1.1],
						"1.75": [1.1, 1, 1.5],
						"2.0": [1, 1, 1]
					}
				},
				"segment2": {
					"rotation": {
						"0.0": [0, 0, 0],
						"1.0": [7.5, 0, 0],
						"2.0": [0, 0, 0]
					}
				},
				"flame2": {
					"scale": {
						"0.0": [1, 1, 1],
						"0.25": [1, 1, 0.8],
						"0.375": [1, 1, 1.3],
						"0.5833": [1.3, 1, 1.1],
						"0.75": [1.1, 1, 1.5],
						"1.0": [1, 1, 1],
						"1.25": [1, 1, 0.8],
						"1.375": [1, 1, 1.3],
						"1.5833": [1.3, 1, 1.1],
						"1.75": [1.1, 1, 1.5],
						"2.0": [1, 1, 1]
					}
				},
				"segment3": {
					"rotation": {
						"0.0": [0, 0, 0],
						"1.0": [-7.5, 0, 0],
						"2.0": [0, 0, 0]
					}
				},
				"segment4": {
					"rotation": {
						"0.0": [0, 0, 0],
						"1.0": [-7.5, 0, 0],
						"2.0": [0, 0, 0]
					}
				},
				"head": {
					"rotation": {
						"0.0": [0, 0, 0],
						"1.0": [0, 0, 180],
						"2.0": [0, 0, 360]
					},
					"position": {
						"0.0": [0, 0, 0],
						"0.5": [0, -1, 0],
						"1.0": [0, 0, 0],
						"1.5": [0, 0, 0],
						"2.0": [0, 0, 0]
					}
				}
			}
		},
		"animation.steelpyre.ground_walk": {
			"loop": true,
			"animation_length": 0.75,
			"bones": {
				"body": {
					"position": {
						"0.0": [0, 0, 0],
						"0.375": [0, 1, 0],
						"0.75": [0, 0, 0]
					}
				},
				"torso": {
					"position": {
						"0.0": [0, 0, 0],
						"0.375": [0, 0, 1],
						"0.75": [0, 0, 0]
					}
				},
				"segment1": {
					"rotation": {
						"0.0": [0, 0, 0],
						"0.375": [0, -7.5, 0],
						"0.75": [0, 0, 0]
					}
				},
				"flame2": {
					"scale": {
						"0.0": [1, 0.8, 1.5],
						"0.125": [1, 0.8, 1.8],
						"0.2083": [1, 0.7, 1.8],
						"0.3333": [1, 0.8, 1.3],
						"0.5": [1, 1.1, 1.3],
						"0.625": [1, 0.8, 1.8],
						"0.75": [1, 0.8, 1.5]
					}
				},
				"segment2": {
					"rotation": {
						"0.0": [0, 0, 0],
						"0.375": [0, 7.5, 0],
						"0.75": [0, 0, 0]
					}
				},
				"flame1": {
					"scale": {
						"0.0": [1, 0.8, 1.5],
						"0.125": [1, 0.8, 1.8],
						"0.2083": [1, 0.7, 1.8],
						"0.3333": [1, 0.8, 1.3],
						"0.5": [1, 1.1, 1.3],
						"0.625": [1, 0.8, 1.8],
						"0.75": [1, 0.8, 1.5]
					}
				},
				"segment3": {
					"rotation": {
						"0.0": [30, 0, 0],
						"0.375": [10, 0, 0],
						"0.75": [30, 0, 0]
					}
				},
				"segment4": {
					"rotation": {
						"0.0": [30, 0, 0],
						"0.375": [10, 0, 0],
						"0.75": [30, 0, 0]
					}
				},
				"head": {
					"rotation": {
						"0.0": [0, 0, 0],
						"0.375": [0, 0, 180],
						"0.75": [0, 0, 360]
					},
					"position": [0, -1, -3]
				}
			}
		},
		"animation.steelpyre.sleep": {
			"loop": true,
			"bones": {
				"body": {
					"position": [0, -5, 0]
				},
				"segment1": {
					"position": [-4, -2, 0]
				},
				"flame2": {
					"scale": 0
				},
				"segment2": {
					"position": [4, -2, 0]
				},
				"flame1": {
					"scale": 0
				},
				"segment3": {
					"rotation": [-30, 0, 0],
					"position": [4, -0.2, 0.5]
				},
				"segment4": {
					"rotation": [-30, 0, 0],
					"position": [-4, -0.1, 0.4]
				},
				"head": {
					"position": [0, 0, 0]
				}
			}
		},
		"animation.steelpyre.faint": {
			"loop": true
		}
	}
}