{
	"format_version": "1.8.0",
	"animations": {
		"animation.poiryu_fixed.ground_idle": {
			"loop": true,
			"animation_length": 2.88,
			"bones": {
				"body": {
					"rotation": {
						"0.0": [0, 0, 0],
						"1.44": [2.5, 0, 0],
						"2.88": [0, 0, 0]
					}
				},
				"neck": {
					"rotation": {
						"0.0": [0, 0, 0],
						"1.44": [5, 0, 0],
						"2.88": [0, 0, 0]
					}
				},
				"arm": {
					"rotation": {
						"0.0": [0, 0, 0],
						"1.44": [0, 0, 10],
						"2.88": [0, 0, 0]
					}
				},
				"arm2": {
					"rotation": {
						"0.0": [0, 0, 0],
						"1.44": [0, 0, -10],
						"2.88": [0, 0, 0]
					}
				}
			}
		},
		"animation.poiryu_fixed.ground_walk": {
			"loop": true,
			"animation_length": 1.96,
			"bones": {
				"body": {
					"rotation": {
						"0.0": [0, 0, 0],
						"0.48": [2.5, 0, 0],
						"0.96": [0, 0, 0],
						"1.44": [2.5, 0, 0],
						"1.96": [0, 0, 0]
					}
				},
				"neck": {
					"rotation": {
						"0.0": [-7.5, 0, 0],
						"0.96": [-7.5, 0, 0],
						"1.96": [-7.5, 0, 0]
					}
				},
				"head": {
					"rotation": {
						"0.0": [10, 0, 0],
						"0.48": [7.5, 0, 0],
						"0.96": [10, 0, 0],
						"1.44": [7.5, 0, 0],
						"1.96": [10, 0, 0]
					}
				},
				"arm": {
					"rotation": {
						"0.0": [0, 0, 0],
						"0.48": [0, 0, -15],
						"0.96": [0, 0, 0],
						"1.44": [0, 0, -15],
						"1.96": [0, 0, 0]
					}
				},
				"arm2": {
					"rotation": {
						"0.0": [0, 0, 0],
						"0.48": [0, 0, 15],
						"0.96": [0, 0, 0],
						"1.44": [0, 0, 15],
						"1.96": [0, 0, 0]
					}
				},
				"leg": {
					"rotation": {
						"0.0": [0, 0, 0],
						"0.48": [-22.5, 0, 0],
						"0.96": [0, 0, 0],
						"1.44": [22.5, 0, 0],
						"1.96": [0, 0, 0]
					}
				},
				"leg2": {
					"rotation": {
						"0.0": [0, 0, 0],
						"0.48": [22.5, 0, 0],
						"0.96": [0, 0, 0],
						"1.44": [-22.5, 0, 0],
						"1.96": [0, 0, 0]
					}
				}
			}
		}
	}
}