{
	"format_version": "1.8.0",
	"animations": {
		"animation.coharto.ground_idle": {
			"loop": true,
			"animation_length": 2.76,
			"bones": {
				"head": {
					"rotation": {
						"0.0": [0, 0, 0],
						"1.2": [7.5, 0, 0],
						"2.76": [0, 0, 0]
					}
				},
				"tail": {
					"rotation": {
						"0.0": [0, 0, 0],
						"1.2": [-15, 0, 0],
						"2.76": [0, 0, 0]
					}
				},
				"arm": {
					"rotation": {
						"0.0": [0, 0, 0],
						"2.76": [0, 0, 0]
					}
				},
				"arm2": {
					"rotation": {
						"0.0": [0, 0, 0],
						"2.76": [0, 0, 0]
					}
				}
			}
		},
		"animation.coharto.ground_walk": {
			"loop": true,
			"animation_length": 1.36,
			"bones": {
				"head": {
					"rotation": {
						"0.0": [-22.5, 0, 0],
						"0.36": [-10, 0, 0],
						"0.72": [-22.5, 0, 0],
						"1.04": [-10, 0, 0],
						"1.36": [-22.5, 0, 0]
					},
					"position": [0, -1, 0]
				},
				"tail": {
					"rotation": {
						"0.0": [0, 0, 0],
						"0.36": [-12.5, 0, 0],
						"0.76": [0, 0, 0],
						"1.16": [-12.5, 0, 0],
						"1.36": [0, 0, 0]
					}
				},
				"arm": {
					"rotation": {
						"0.0": [-26.56505, 37.76124, -39.23152],
						"0.48": [2.49762, 44.94549, 3.53329],
						"0.68": [1.76749, -0.02727, 1.76749],
						"1.36": [-26.56505, 37.76124, -39.23152]
					}
				},
				"arm2": {
					"rotation": {
						"0.0": [0, 0, 0],
						"0.68": [-22.76048, -33.82584, 37.0045],
						"1.16": [0, -40, 0],
						"1.36": [0, 0, 0]
					}
				}
			}
		}
	}
}