{
	"format_version": "1.12.0",
	"minecraft:geometry": [
		{
			"description": {
				"identifier": "geometry.deervo",
				"texture_width": 128,
				"texture_height": 128,
				"visible_bounds_width": 4,
				"visible_bounds_height": 4.5,
				"visible_bounds_offset": [0, 1.75, 0]
			},
			"bones": [
				{
					"name": "deervo",
					"pivot": [0, 0, 0]
				},
				{
					"name": "bone3",
					"parent": "deervo",
					"pivot": [0, 1, 0]
				},
				{
					"name": "bone",
					"parent": "bone3",
					"pivot": [0, 15.75, 6.75],
					"cubes": [
						{"origin": [-4, 11.25, -7], "size": [8, 8, 17], "uv": [0, 0]}
					]
				},
				{
					"name": "neck",
					"parent": "bone",
					"pivot": [0, 17.25, -5],
					"rotation": [7.5, 0, 0],
					"cubes": [
						{"origin": [-3, 13.25, -7.5], "size": [6, 11, 6], "uv": [31, 26]}
					]
				},
				{
					"name": "head",
					"parent": "neck",
					"pivot": [0, 23.25, -4.5],
					"cubes": [
						{"origin": [-3.5, 23.25, -8.75], "size": [7, 7, 8], "uv": [0, 26]},
						{"origin": [1.5, 30.25, -6.75], "size": [2, 6, 2], "uv": [69, 8]},
						{"origin": [3.5, 33.25, -6.75], "size": [4, 2, 2], "uv": [80, 8]},
						{"origin": [7.5, 28.25, -6.75], "size": [2, 8, 2], "uv": [97, 7]},
						{"origin": [-3, 23.5, -11.75], "size": [6, 4, 3], "uv": [52, 22]},
						{"origin": [-9.5, 28.25, -6.75], "size": [2, 8, 2], "uv": [97, 7], "mirror": true},
						{"origin": [-3.5, 30.25, -6.75], "size": [2, 6, 2], "uv": [69, 8], "mirror": true},
						{"origin": [-7.5, 33.25, -6.75], "size": [4, 2, 2], "uv": [80, 8], "mirror": true}
					]
				},
				{
					"name": "ear",
					"parent": "head",
					"pivot": [-2, 28.25, -3.5],
					"rotation": [11.75595, 27.35719, 47.93838],
					"cubes": [
						{"origin": [-9, 26.25, -4.5], "size": [7, 4, 1], "uv": [61, 57]}
					]
				},
				{
					"name": "ear2",
					"parent": "head",
					"pivot": [2, 28.25, -3.5],
					"rotation": [11.75595, -27.35719, -47.93838],
					"cubes": [
						{"origin": [2, 26.25, -4.5], "size": [7, 4, 1], "uv": [61, 57], "mirror": true}
					]
				},
				{
					"name": "tail",
					"parent": "bone",
					"pivot": [0, 18, 9.5],
					"rotation": [7.5, 0, 0],
					"cubes": [
						{"origin": [0, 15, 9], "size": [0, 5, 8], "uv": [34, 44]}
					]
				},
				{
					"name": "leg",
					"parent": "bone",
					"pivot": [-3, 14.25, -5],
					"rotation": [5, 0, 0],
					"cubes": [
						{"origin": [-4.5, 0.75, -6.5], "size": [3, 7, 3], "uv": [0, 56]},
						{"origin": [-5, -0.5, -7.75], "size": [4, 2, 4], "uv": [30, 58]},
						{"origin": [-4.5, 7.75, -6.5], "size": [3, 8, 5], "uv": [17, 42]}
					]
				},
				{
					"name": "leg2",
					"parent": "bone",
					"pivot": [3, 14.25, -5],
					"rotation": [5, 0, 0],
					"cubes": [
						{"origin": [1.5, 7.75, -6.5], "size": [3, 8, 5], "uv": [17, 42], "mirror": true},
						{"origin": [1.5, 0.75, -6.5], "size": [3, 7, 3], "uv": [0, 56], "mirror": true},
						{"origin": [1, -0.5, -7.75], "size": [4, 2, 4], "uv": [30, 58], "mirror": true}
					]
				},
				{
					"name": "leg4",
					"parent": "bone3",
					"pivot": [-3, 14.75, 6.75],
					"rotation": [5, 0, 0],
					"cubes": [
						{"origin": [-4.5, 8.25, 4.25], "size": [3, 8, 5], "uv": [34, 0]},
						{"origin": [-4.51, 0.5, 6.75], "size": [3, 9, 3], "uv": [51, 44]},
						{"origin": [-5, -0.5, 5.5], "size": [4, 2, 4], "uv": [13, 56]}
					]
				},
				{
					"name": "leg3",
					"parent": "bone3",
					"pivot": [3, 14.75, 6.75],
					"rotation": [5, 0, 0],
					"cubes": [
						{"origin": [1.5, 8.25, 4.25], "size": [3, 8, 5], "uv": [34, 0], "mirror": true},
						{"origin": [1.51, 0.5, 6.75], "size": [3, 9, 3], "uv": [51, 44], "mirror": true},
						{"origin": [1, -0.5, 5.5], "size": [4, 2, 4], "uv": [13, 56], "mirror": true}
					]
				}
			]
		}
	]
}