{
	"format_version": "1.8.0",
	"animations": {
		"animation.valenpiu.ground_idle": {
			"loop": true,
			"animation_length": 4.36,
			"bones": {
				"head": {
					"rotation": {
						"0.0": [0, 0, 0],
						"1.44": [-7.5, 0, 0],
						"2.88": [2.5, 0, 0],
						"4.32": [0, 0, 0]
					}
				},
				"bone4": {
					"rotation": {
						"0.0": [37.5, 0, 0],
						"1.44": [52.5, 0, 0],
						"2.88": [25, 0, 0],
						"4.32": [37.5, 0, 0]
					}
				},
				"bone5": {
					"rotation": {
						"0.0": [37.5, 0, 0],
						"1.44": [52.5, 0, 0],
						"2.88": [25, 0, 0],
						"4.32": [37.5, 0, 0]
					}
				},
				"arm": {
					"rotation": {
						"0.0": [0, 0, 0],
						"1.44": [2.47864, -0.32621, 7.49294],
						"2.88": [-2.51187, 0.10839, -7.49763],
						"4.32": [0, 0, 0]
					}
				},
				"arm2": {
					"rotation": {
						"0.0": [0, 0, 0],
						"1.44": [2.47864, 0.32621, -7.49294],
						"2.88": [-2.51187, -0.10839, 7.49763],
						"4.32": [0, 0, 0]
					}
				},
				"wings": {
					"rotation": {
						"0.0": [0, 0, 0],
						"1.44": [0, -25, 0],
						"2.88": [0, -5, 0],
						"4.32": [0, 0, 0]
					}
				},
				"wings2": {
					"rotation": {
						"0.0": [0, 0, 0],
						"1.44": [0, 25, 0],
						"2.88": [0, 5, 0],
						"4.32": [0, 0, 0]
					}
				},
				"tail": {
					"rotation": {
						"0.0": [0, 0, 0],
						"1.44": [-7.5, 0, 0],
						"2.88": [10, 0, 0],
						"4.32": [0, 0, 0]
					}
				},
				"bone6": {
					"rotation": {
						"0.0": [-30, 0, 0],
						"2.88": [-17.5, 0, 0],
						"4.32": [-30, 0, 0]
					}
				},
				"bone7": {
					"rotation": {
						"0.0": [-12.5, 0, 0],
						"2.88": [-5, 0, 0],
						"4.32": [-12.5, 0, 0]
					}
				}
			}
		},
		"animation.valenpiu.ground_walk": {
			"loop": true,
			"animation_length": 0.8,
			"bones": {
				"head": {
					"rotation": {
						"0.0": [0, 0, 0],
						"0.2": [5, 0, 0],
						"0.4": [0, 0, 0],
						"0.6": [5, 0, 0],
						"0.8": [0, 0, 0]
					},
					"position": {
						"0.0": [0, 2, -3],
						"0.4": [0, 2, -3],
						"0.8": [0, 2, -3]
					}
				},
				"bone": {
					"rotation": {
						"0.0": [45, 0, 0],
						"0.4": [45, 0, 0],
						"0.8": [45, 0, 0]
					},
					"position": {
						"0.0": [0, 6, 4],
						"0.4": [0, 6, 4],
						"0.8": [0, 6, 4]
					}
				},
				"bone4": {
					"rotation": {
						"0.0": [0, 0, 0],
						"0.2": [-47.5, 0, 0],
						"0.4": [0, 0, 0],
						"0.6": [-47.5, 0, 0],
						"0.8": [0, 0, 0]
					}
				},
				"bone5": {
					"rotation": {
						"0.0": [0, 0, 0],
						"0.2": [-47.5, 0, 0],
						"0.4": [0, 0, 0],
						"0.6": [-47.5, 0, 0],
						"0.8": [0, 0, 0]
					}
				},
				"arm": {
					"rotation": {
						"0.0": [0, 0, 0],
						"0.2": [5, 0, 0],
						"0.4": [0, 0, 0],
						"0.6": [5, 0, 0],
						"0.8": [0, 0, 0]
					}
				},
				"arm2": {
					"rotation": {
						"0.0": [0, 0, 0],
						"0.2": [5, 0, 0],
						"0.4": [0, 0, 0],
						"0.6": [5, 0, 0],
						"0.8": [0, 0, 0]
					}
				},
				"leg": {
					"rotation": {
						"0.0": [15, 0, 0],
						"0.2": [30, 0, 0],
						"0.4": [15, 0, 0],
						"0.6": [30, 0, 0],
						"0.8": [15, 0, 0]
					}
				},
				"leg2": {
					"rotation": {
						"0.0": [15, 0, 0],
						"0.2": [30, 0, 0],
						"0.4": [15, 0, 0],
						"0.6": [30, 0, 0],
						"0.8": [15, 0, 0]
					}
				},
				"wings": {
					"rotation": {
						"0.0": [0, -50, 0],
						"0.2": [0, 0, 0],
						"0.4": [0, 50, 0],
						"0.6": [0, 0, 0],
						"0.8": [0, -50, 0]
					}
				},
				"wings2": {
					"rotation": {
						"0.0": [0, 50, 0],
						"0.2": [0, 0, 0],
						"0.4": [0, -50, 0],
						"0.6": [0, 0, 0],
						"0.8": [0, 50, 0]
					}
				},
				"tail": {
					"rotation": {
						"0.0": [-27.5, 0, 0],
						"0.2": [-32.5, 0, 0],
						"0.4": [-27.5, 0, 0],
						"0.6": [-32.5, 0, 0],
						"0.8": [-27.5, 0, 0]
					}
				},
				"bone6": {
					"rotation": {
						"0.0": [-57.5, 0, 0],
						"0.2": [-62.5, 0, 0],
						"0.4": [-57.5, 0, 0],
						"0.6": [-62.5, 0, 0],
						"0.8": [-57.5, 0, 0]
					}
				},
				"bone7": {
					"rotation": {
						"0.0": [-60, 0, 0],
						"0.4": [-60, 0, 0],
						"0.8": [-60, 0, 0]
					}
				}
			}
		}
	}
}