{
	"format_version": "1.8.0",
	"animations": {
		"animation.pungudua.ground_idle": {
			"loop": true,
			"bones": {
				"torso": {
					"rotation": ["-0.75*math.cos(q.anim_time*90*3-50)*1", "-0.25*math.cos(q.anim_time*90*1.5+10)*2", "-0.25*math.cos(q.anim_time*90*1.5-30)*1"],
					"position": [0, "2+0.1*math.cos(q.anim_time*90*3+60)*1", -0.5]
				},
				"head": {
					"rotation": ["-2*math.cos(q.anim_time*90*3-80)*1", "-1*math.cos(q.anim_time*90*1.50-20)*2", "-1*math.cos(q.anim_time*90*1.5-60)*1"],
					"position": [0, -0.5, 1]
				},
				"ear_right": {
					"rotation": [-90, "-65+2*math.cos(q.anim_time*90*1-70)*8", 90]
				},
				"snout": {
					"rotation": ["-2-2*math.cos(q.anim_time*90*3-140)*1", "-1*math.cos(q.anim_time*90*1.50-80)*2", "-1*math.cos(q.anim_time*90*1.5-120)*1"]
				},
				"snout2": {
					"rotation": ["-2*math.cos(q.anim_time*90*3-200)*1", "-1*math.cos(q.anim_time*90*1.50-140)*2", "-1*math.cos(q.anim_time*90*1.5-180)*1"]
				},
				"snout3": {
					"rotation": ["-2*math.cos(q.anim_time*90*3-260)*1", "-1*math.cos(q.anim_time*90*1.50-200)*2", "-1*math.cos(q.anim_time*90*1.5-240)*1"]
				},
				"snout4": {
					"rotation": ["-2*math.cos(q.anim_time*90*3-320)*1", "-1*math.cos(q.anim_time*90*1.50-260)*2", "-1*math.cos(q.anim_time*90*1.5-300)*1"]
				},
				"ear_left": {
					"rotation": [-90, "65-2*math.cos(q.anim_time*90*1-70)*8", -90]
				},
				"tail_middle": {
					"rotation": ["3*math.cos(q.anim_time*90*1.5-40)*1", 0, "-1*math.cos(q.anim_time*90*0.75-40)*2"]
				},
				"tail_middle2": {
					"rotation": ["22.5+3*math.cos(q.anim_time*90*1.5-50)*1", 0, "-1*math.cos(q.anim_time*90*0.75-50)*2"]
				},
				"tail_middle3": {
					"rotation": ["22.5+3*math.cos(q.anim_time*90*1.5-60)*1", 0, "-1*math.cos(q.anim_time*90*0.75-60)*2"]
				},
				"tail_middle4": {
					"rotation": ["10+3*math.cos(q.anim_time*90*1.5-70)*1", 0, "-1*math.cos(q.anim_time*90*0.75-70)*2"]
				},
				"tail_left": {
					"rotation": ["3*math.cos(q.anim_time*90*1.5-60)*1", 0, "-1*math.cos(q.anim_time*90*0.75-60)*2"]
				},
				"tail_left2": {
					"rotation": ["22.5+3*math.cos(q.anim_time*90*1.5-70)*1", 0, "-1*math.cos(q.anim_time*90*0.75-70)*2"]
				},
				"tail_left3": {
					"rotation": ["22.5+3*math.cos(q.anim_time*90*1.5-80)*1", 0, "-1*math.cos(q.anim_time*90*0.75-80)*2"]
				},
				"tail_left4": {
					"rotation": ["10+3*math.cos(q.anim_time*90*1.5-90)*1", 0, "-1*math.cos(q.anim_time*90*0.75-90)*2"]
				},
				"tail_right": {
					"rotation": ["3*math.cos(q.anim_time*90*1.5-60)*1", 0, "-1*math.cos(q.anim_time*90*0.75-60)*2"]
				},
				"tail_right2": {
					"rotation": ["22.5+3*math.cos(q.anim_time*90*1.5-70)*1", 0, "-1*math.cos(q.anim_time*90*0.75-70)*2"]
				},
				"tail_right3": {
					"rotation": ["22.5+3*math.cos(q.anim_time*90*1.5-80)*1", 0, "-1*math.cos(q.anim_time*90*0.75-80)*2"]
				},
				"tail_right4": {
					"rotation": ["10+3*math.cos(q.anim_time*90*1.5-90)*1", 0, "-1*math.cos(q.anim_time*90*0.75-90)*2"]
				}
			}
		},
		"animation.pungudua.battle_idle": {
			"loop": true,
			"bones": {
				"torso": {
					"rotation": ["7.5-0.75*math.cos(q.anim_time*90*3-50)*1", "-0.25*math.cos(q.anim_time*90*1.5+10)*2", "-0.25*math.cos(q.anim_time*90*1.5-30)*1"],
					"position": [0, "2+0.1*math.cos(q.anim_time*90*3+60)*1", -0.5]
				},
				"head": {
					"rotation": ["-7.5-2*math.cos(q.anim_time*90*3-80)*1", "-1*math.cos(q.anim_time*90*1.50-20)*2", "-1*math.cos(q.anim_time*90*1.5-60)*1"],
					"position": [0, -0.5, 1]
				},
				"ear_right": {
					"rotation": [-90, "-65+2*math.cos(q.anim_time*90*1-70)*8", 90]
				},
				"snout": {
					"rotation": ["-2-2*math.cos(q.anim_time*90*3-140)*1", "-1*math.cos(q.anim_time*90*1.50-80)*2", "-1*math.cos(q.anim_time*90*1.5-120)*1"]
				},
				"snout2": {
					"rotation": ["-2*math.cos(q.anim_time*90*3-200)*1", "-1*math.cos(q.anim_time*90*1.50-140)*2", "-1*math.cos(q.anim_time*90*1.5-180)*1"]
				},
				"snout3": {
					"rotation": ["-2*math.cos(q.anim_time*90*3-260)*1", "-1*math.cos(q.anim_time*90*1.50-200)*2", "-1*math.cos(q.anim_time*90*1.5-240)*1"]
				},
				"snout4": {
					"rotation": ["-2*math.cos(q.anim_time*90*3-320)*1", "-1*math.cos(q.anim_time*90*1.50-260)*2", "-1*math.cos(q.anim_time*90*1.5-300)*1"]
				},
				"ear_left": {
					"rotation": [-90, "65-2*math.cos(q.anim_time*90*1-70)*8", -90]
				},
				"tail_middle": {
					"rotation": ["3*math.cos(q.anim_time*90*1.5-40)*1", 0, "-1*math.cos(q.anim_time*90*0.75-40)*2"]
				},
				"tail_middle2": {
					"rotation": ["22.5+3*math.cos(q.anim_time*90*1.5-50)*1", 0, "-1*math.cos(q.anim_time*90*0.75-50)*2"]
				},
				"tail_middle3": {
					"rotation": ["22.5+3*math.cos(q.anim_time*90*1.5-60)*1", 0, "-1*math.cos(q.anim_time*90*0.75-60)*2"]
				},
				"tail_middle4": {
					"rotation": ["10+3*math.cos(q.anim_time*90*1.5-70)*1", 0, "-1*math.cos(q.anim_time*90*0.75-70)*2"]
				},
				"tail_left": {
					"rotation": ["3*math.cos(q.anim_time*90*1.5-60)*1", 0, "-1*math.cos(q.anim_time*90*0.75-60)*2"]
				},
				"tail_left2": {
					"rotation": ["22.5+3*math.cos(q.anim_time*90*1.5-70)*1", 0, "-1*math.cos(q.anim_time*90*0.75-70)*2"]
				},
				"tail_left3": {
					"rotation": ["22.5+3*math.cos(q.anim_time*90*1.5-80)*1", 0, "-1*math.cos(q.anim_time*90*0.75-80)*2"]
				},
				"tail_left4": {
					"rotation": ["10+3*math.cos(q.anim_time*90*1.5-90)*1", 0, "-1*math.cos(q.anim_time*90*0.75-90)*2"]
				},
				"tail_right": {
					"rotation": ["3*math.cos(q.anim_time*90*1.5-60)*1", 0, "-1*math.cos(q.anim_time*90*0.75-60)*2"]
				},
				"tail_right2": {
					"rotation": ["22.5+3*math.cos(q.anim_time*90*1.5-70)*1", 0, "-1*math.cos(q.anim_time*90*0.75-70)*2"]
				},
				"tail_right3": {
					"rotation": ["22.5+3*math.cos(q.anim_time*90*1.5-80)*1", 0, "-1*math.cos(q.anim_time*90*0.75-80)*2"]
				},
				"tail_right4": {
					"rotation": ["10+3*math.cos(q.anim_time*90*1.5-90)*1", 0, "-1*math.cos(q.anim_time*90*0.75-90)*2"]
				},
				"leg_back_left": {
					"rotation": [0, -22.5, 0]
				},
				"leg_back_right": {
					"rotation": [0, 22.5, 0]
				}
			}
		},
		"animation.pungudua.ground_walk": {
			"loop": true,
			"animation_length": 4,
			"bones": {
				"torso": {
					"rotation": ["-math.cos(query.anim_time*90*8+20)*2", "math.sin(query.anim_time*90*4+20)*10", "-math.cos(query.anim_time*90*4+20)*10"],
					"position": [0, "math.cos(query.anim_time*90*8+20)*0.4", 0]
				},
				"head": {
					"rotation": ["-5+math.sin(query.anim_time*90*8)*-4", "-math.sin(query.anim_time*90*4+20)*12", "math.sin(query.anim_time*90*4+60)*6"],
					"position": [0, 0, 0.5]
				},
				"ear_right": {
					"rotation": [-90, "-65+2*math.cos(q.anim_time*90*1-70)*8", 90]
				},
				"snout": {
					"rotation": ["math.sin(query.anim_time*90*8-60)*-4", "-math.sin(query.anim_time*90*4-40)*12", "math.sin(query.anim_time*90*4)*6"]
				},
				"snout2": {
					"rotation": ["math.sin(query.anim_time*90*8-120)*-4", "-math.sin(query.anim_time*90*4-100)*12", "math.sin(query.anim_time*90*4-60)*6"]
				},
				"snout3": {
					"rotation": ["math.sin(query.anim_time*90*8-180)*-4", "-math.sin(query.anim_time*90*4-160)*12", "math.sin(query.anim_time*90*4-120)*6"]
				},
				"snout4": {
					"rotation": ["math.sin(query.anim_time*90*8-240)*-4", "-math.sin(query.anim_time*90*4-220)*12", "math.sin(query.anim_time*90*4-180)*6"]
				},
				"ear_left": {
					"rotation": [-90, "65-2*math.cos(q.anim_time*90*1-70)*8", -90]
				},
				"tail_middle": {
					"rotation": ["math.sin(query.anim_time*90*8-60)*-4", "-math.sin(query.anim_time*90*4-40)*12", "math.sin(query.anim_time*90*4)*6"]
				},
				"tail_middle2": {
					"rotation": ["22.5+math.sin(query.anim_time*90*8-120)*-4", "-math.sin(query.anim_time*90*4-100)*12", "math.sin(query.anim_time*90*4-60)*6"]
				},
				"tail_middle3": {
					"rotation": ["22.5+math.sin(query.anim_time*90*8-180)*-4", "-math.sin(query.anim_time*90*4-160)*12", "math.sin(query.anim_time*90*4-120)*6"]
				},
				"tail_middle4": {
					"rotation": ["10+math.sin(query.anim_time*90*8-240)*-4", "-math.sin(query.anim_time*90*4-220)*12", "math.sin(query.anim_time*90*4-180)*6"]
				},
				"tail_left": {
					"rotation": ["math.sin(query.anim_time*90*8-120)*-4", "-math.sin(query.anim_time*90*4-100)*12", "math.sin(query.anim_time*90*4-60)*6"]
				},
				"tail_left2": {
					"rotation": ["22.5+math.sin(query.anim_time*90*8-180)*-4", "-math.sin(query.anim_time*90*4-160)*12", "math.sin(query.anim_time*90*4-120)*6"]
				},
				"tail_left3": {
					"rotation": ["22.5+math.sin(query.anim_time*90*8-240)*-4", "-math.sin(query.anim_time*90*4-220)*12", "math.sin(query.anim_time*90*4-180)*6"]
				},
				"tail_left4": {
					"rotation": ["10+math.sin(query.anim_time*90*8-300)*-4", "-math.sin(query.anim_time*90*4-280)*12", "math.sin(query.anim_time*90*4-240)*6"]
				},
				"tail_right": {
					"rotation": ["math.sin(query.anim_time*90*8-120)*-4", "-math.sin(query.anim_time*90*4-100)*12", "math.sin(query.anim_time*90*4-60)*6"]
				},
				"tail_right2": {
					"rotation": ["22.5+math.sin(query.anim_time*90*8-180)*-4", "-math.sin(query.anim_time*90*4-160)*12", "math.sin(query.anim_time*90*4-120)*6"]
				},
				"tail_right3": {
					"rotation": ["22.5+math.sin(query.anim_time*90*8-240)*-4", "-math.sin(query.anim_time*90*4-220)*12", "math.sin(query.anim_time*90*4-180)*6"]
				},
				"tail_right4": {
					"rotation": ["10+math.sin(query.anim_time*90*8-300)*-4", "-math.sin(query.anim_time*90*4-280)*12", "math.sin(query.anim_time*90*4-240)*6"]
				},
				"leg_front_left": {
					"rotation": {
						"0.0": {
							"post": [22.12, -0.28, -1.06],
							"lerp_mode": "catmullrom"
						},
						"0.25": {
							"post": [37.5, 0, 0],
							"lerp_mode": "catmullrom"
						},
						"0.5": {
							"post": [-1.71, 1.93, 7.25],
							"lerp_mode": "catmullrom"
						},
						"0.5833": {
							"post": [-14.78217, 2.57594, 9.6658],
							"lerp_mode": "catmullrom"
						},
						"0.75": {
							"post": [0, 0, 0],
							"lerp_mode": "catmullrom"
						},
						"1.25": {
							"post": [37.5, 0, 0],
							"lerp_mode": "catmullrom"
						},
						"1.5": {
							"post": [-1.71, 1.93, 7.25],
							"lerp_mode": "catmullrom"
						},
						"1.5833": {
							"post": [-14.78217, 2.57594, 9.6658],
							"lerp_mode": "catmullrom"
						},
						"1.75": {
							"post": [0, 0, 0],
							"lerp_mode": "catmullrom"
						},
						"2.25": {
							"post": [37.5, 0, 0],
							"lerp_mode": "catmullrom"
						},
						"2.5833": {
							"post": [-14.78217, 2.57594, 9.6658],
							"lerp_mode": "catmullrom"
						},
						"2.75": {
							"post": [0, 0, 0],
							"lerp_mode": "catmullrom"
						},
						"3.25": {
							"post": [37.5, 0, 0],
							"lerp_mode": "catmullrom"
						},
						"3.5833": {
							"post": [-14.78217, 2.57594, 9.6658],
							"lerp_mode": "catmullrom"
						},
						"3.75": {
							"post": [0, 0, 0],
							"lerp_mode": "catmullrom"
						},
						"4.0": {
							"post": [22.12, -0.28, -1.06],
							"lerp_mode": "catmullrom"
						}
					},
					"position": {
						"0.0": [0.5, 0, -2.5],
						"0.25": [0.5, 0, -1.5],
						"0.5": [0.5, 0, -2.5],
						"0.75": [0.5, 0, -3.5],
						"1.25": [0.5, 0, -1.5],
						"1.5": [0.5, 0, -2.5],
						"1.75": [0.5, 0, -3.5],
						"2.25": [0.5, 0, -1.5],
						"2.5": [0.5, 0, -2.5],
						"2.75": [0.5, 0, -3.5],
						"3.25": [0.5, 0, -1.5],
						"3.5": [0.5, 0, -2.5],
						"3.75": [0.5, 0, -3.5],
						"4.0": [0.5, 0, -2.5]
					}
				},
				"leg_front_right": {
					"rotation": {
						"0.0": {
							"post": [-1.71, -1.93, -7.25],
							"lerp_mode": "catmullrom"
						},
						"0.0833": {
							"post": [-14.78217, -2.57594, -9.6658],
							"lerp_mode": "catmullrom"
						},
						"0.25": {
							"post": [0, 0, 0],
							"lerp_mode": "catmullrom"
						},
						"0.75": {
							"post": [37.5, 0, 0],
							"lerp_mode": "catmullrom"
						},
						"1.0": {
							"post": [-1.71, -1.93, -7.25],
							"lerp_mode": "catmullrom"
						},
						"1.0833": {
							"post": [-14.78217, -2.57594, -9.6658],
							"lerp_mode": "catmullrom"
						},
						"1.25": {
							"post": [0, 0, 0],
							"lerp_mode": "catmullrom"
						},
						"1.75": {
							"post": [37.5, 0, 0],
							"lerp_mode": "catmullrom"
						},
						"2.0833": {
							"post": [-14.78217, -2.57594, -9.6658],
							"lerp_mode": "catmullrom"
						},
						"2.25": {
							"post": [0, 0, 0],
							"lerp_mode": "catmullrom"
						},
						"2.75": {
							"post": [37.5, 0, 0],
							"lerp_mode": "catmullrom"
						},
						"3.0833": {
							"post": [-14.78217, -2.57594, -9.6658],
							"lerp_mode": "catmullrom"
						},
						"3.25": {
							"post": [0, 0, 0],
							"lerp_mode": "catmullrom"
						},
						"3.75": {
							"post": [37.5, 0, 0],
							"lerp_mode": "catmullrom"
						},
						"4.0": {
							"post": [-1.71, -1.93, -7.25],
							"lerp_mode": "catmullrom"
						}
					},
					"position": {
						"0.0": [0.5, 0, -2.5],
						"0.25": [0.5, 0, -3.5],
						"0.75": [0.5, 0, -1.5],
						"1.0": [0.5, 0, -2.5],
						"1.25": [0.5, 0, -3.5],
						"1.75": [0.5, 0, -1.5],
						"2.0": [0.5, 0, -2.5],
						"2.25": [0.5, 0, -3.5],
						"2.75": [0.5, 0, -1.5],
						"3.0": [0.5, 0, -2.5],
						"3.25": [0.5, 0, -3.5],
						"3.75": [0.5, 0, -1.5],
						"4.0": [0.5, 0, -2.5]
					}
				},
				"leg_back_left": {
					"rotation": {
						"0.0": {
							"post": [-1.71, -1.93, -7.25],
							"lerp_mode": "catmullrom"
						},
						"0.0833": {
							"post": [-14.78217, -2.57594, -9.6658],
							"lerp_mode": "catmullrom"
						},
						"0.25": {
							"post": [0, 0, 0],
							"lerp_mode": "catmullrom"
						},
						"0.75": {
							"post": [37.5, 0, 0],
							"lerp_mode": "catmullrom"
						},
						"1.0": {
							"post": [-1.71, -1.93, -7.25],
							"lerp_mode": "catmullrom"
						},
						"1.0833": {
							"post": [-14.78217, -2.57594, -9.6658],
							"lerp_mode": "catmullrom"
						},
						"1.25": {
							"post": [0, 0, 0],
							"lerp_mode": "catmullrom"
						},
						"1.75": {
							"post": [37.5, 0, 0],
							"lerp_mode": "catmullrom"
						},
						"2.0833": {
							"post": [-14.78217, -2.57594, -9.6658],
							"lerp_mode": "catmullrom"
						},
						"2.25": {
							"post": [0, 0, 0],
							"lerp_mode": "catmullrom"
						},
						"2.75": {
							"post": [37.5, 0, 0],
							"lerp_mode": "catmullrom"
						},
						"3.0833": {
							"post": [-14.78217, -2.57594, -9.6658],
							"lerp_mode": "catmullrom"
						},
						"3.25": {
							"post": [0, 0, 0],
							"lerp_mode": "catmullrom"
						},
						"3.75": {
							"post": [37.5, 0, 0],
							"lerp_mode": "catmullrom"
						},
						"4.0": {
							"post": [-1.71, -1.93, -7.25],
							"lerp_mode": "catmullrom"
						}
					},
					"position": {
						"0.0": [0, 0, 1],
						"0.25": [0, 0, 0],
						"0.75": [0, 0, 2],
						"1.0": [0, 0.9, 1],
						"1.25": [0, 0, 0],
						"1.75": [0, 0, 2],
						"2.0": [0, 0.9, 1],
						"2.25": [0, 0, 0],
						"2.75": [0, 0, 2],
						"3.0": [0, 0.9, 1],
						"3.25": [0, 0, 0],
						"3.75": [0, 0, 2],
						"4.0": [0, 0, 1]
					}
				},
				"leg_back_right": {
					"rotation": {
						"0.0": {
							"post": [22.12, -0.28, -1.06],
							"lerp_mode": "catmullrom"
						},
						"0.25": {
							"post": [37.5, 0, 0],
							"lerp_mode": "catmullrom"
						},
						"0.5": {
							"post": [-1.71, 1.93, 7.25],
							"lerp_mode": "catmullrom"
						},
						"0.5833": {
							"post": [-14.78217, 2.57594, 9.6658],
							"lerp_mode": "catmullrom"
						},
						"0.75": {
							"post": [0, 0, 0],
							"lerp_mode": "catmullrom"
						},
						"1.25": {
							"post": [37.5, 0, 0],
							"lerp_mode": "catmullrom"
						},
						"1.5": {
							"post": [-1.71, 1.93, 7.25],
							"lerp_mode": "catmullrom"
						},
						"1.5833": {
							"post": [-14.78217, 2.57594, 9.6658],
							"lerp_mode": "catmullrom"
						},
						"1.75": {
							"post": [0, 0, 0],
							"lerp_mode": "catmullrom"
						},
						"2.25": {
							"post": [37.5, 0, 0],
							"lerp_mode": "catmullrom"
						},
						"2.5833": {
							"post": [-14.78217, 2.57594, 9.6658],
							"lerp_mode": "catmullrom"
						},
						"2.75": {
							"post": [0, 0, 0],
							"lerp_mode": "catmullrom"
						},
						"3.25": {
							"post": [37.5, 0, 0],
							"lerp_mode": "catmullrom"
						},
						"3.5833": {
							"post": [-14.78217, 2.57594, 9.6658],
							"lerp_mode": "catmullrom"
						},
						"3.75": {
							"post": [0, 0, 0],
							"lerp_mode": "catmullrom"
						},
						"4.0": {
							"post": [22.12, -0.28, -1.06],
							"lerp_mode": "catmullrom"
						}
					},
					"position": {
						"0.0": [0, 0, 1],
						"0.2917": [0, 0, 2],
						"0.5": [0, 0, 1],
						"0.75": [0, 0, 0],
						"1.25": [0, 0, 2],
						"1.5": [0, 0.9, 1],
						"1.75": [0, 0, 0],
						"2.25": [0, 0, 2],
						"2.5": [0, 0.9, 1],
						"2.75": [0, 0, 0],
						"3.25": [0, 0, 2],
						"3.5": [0, 0.9, 1],
						"3.75": [0, 0, 0],
						"4.0": [0, 0, 1]
					}
				},
				"knee_back_right": {
					"rotation": {
						"0.0": [0, 0, 0],
						"0.25": [0, 0, 0],
						"0.375": [45, 0, 0],
						"0.5": [45, 0, 0],
						"0.5833": [45, 0, 0],
						"0.75": [0, 0, 0],
						"1.25": [0, 0, 0],
						"1.375": [45, 0, 0],
						"1.5833": [45, 0, 0],
						"1.75": [0, 0, 0],
						"2.25": [0, 0, 0],
						"2.375": [45, 0, 0],
						"2.5833": [45, 0, 0],
						"2.75": [0, 0, 0],
						"3.25": [0, 0, 0],
						"3.375": [45, 0, 0],
						"3.5": [45, 0, 0],
						"3.5833": [45, 0, 0],
						"3.75": [0, 0, 0],
						"4.0": [0, 0, 0]
					}
				},
				"knee_back_left": {
					"rotation": {
						"0.0": [45, 0, 0],
						"0.0833": [45, 0, 0],
						"0.25": [0, 0, 0],
						"0.75": [0, 0, 0],
						"0.875": [45, 0, 0],
						"1.0833": [45, 0, 0],
						"1.25": [0, 0, 0],
						"1.75": [0, 0, 0],
						"1.875": [45, 0, 0],
						"2.0833": [45, 0, 0],
						"2.25": [0, 0, 0],
						"2.75": [0, 0, 0],
						"2.875": [45, 0, 0],
						"3.0": [45, 0, 0],
						"3.0833": [45, 0, 0],
						"3.25": [0, 0, 0],
						"3.75": [0, 0, 0],
						"3.875": [45, 0, 0],
						"4.0": [45, 0, 0]
					}
				},
				"knee_front_left": {
					"rotation": {
						"0.0": [0, 0, 0],
						"0.25": [0, 0, 0],
						"0.375": [-20, 0, 0],
						"0.5": [-20, 0, 0],
						"0.5833": [-20, 0, 0],
						"0.75": [0, 0, 0],
						"1.25": [0, 0, 0],
						"1.375": [-20, 0, 0],
						"1.5833": [-20, 0, 0],
						"1.75": [0, 0, 0],
						"2.25": [0, 0, 0],
						"2.375": [-20, 0, 0],
						"2.5833": [-20, 0, 0],
						"2.75": [0, 0, 0],
						"3.25": [0, 0, 0],
						"3.375": [-20, 0, 0],
						"3.5": [-20, 0, 0],
						"3.5833": [-20, 0, 0],
						"3.75": [0, 0, 0],
						"4.0": [0, 0, 0]
					}
				},
				"knee_front_right": {
					"rotation": {
						"0.0": [-20, 0, 0],
						"0.0833": [-20, 0, 0],
						"0.25": [0, 0, 0],
						"0.75": [0, 0, 0],
						"0.875": [-20, 0, 0],
						"1.0833": [-20, 0, 0],
						"1.25": [0, 0, 0],
						"1.75": [0, 0, 0],
						"1.875": [-20, 0, 0],
						"2.0833": [-20, 0, 0],
						"2.25": [0, 0, 0],
						"2.75": [0, 0, 0],
						"2.875": [-20, 0, 0],
						"3.0": [-20, 0, 0],
						"3.0833": [-20, 0, 0],
						"3.25": [0, 0, 0],
						"3.75": [0, 0, 0],
						"3.875": [-20, 0, 0],
						"4.0": [-20, 0, 0]
					}
				}
			}
		},
		"animation.pungudua.blink": {
			"animation_length": 0.2083,
			"bones": {
				"eye_left": {
					"position": {
						"0.0": [0, 0, 0],
						"0.0417": {
							"pre": [0, 0, 0],
							"post": [-0.03, 0, 0]
						},
						"0.2083": {
							"pre": [-0.03, 0, 0],
							"post": [0, 0, 0]
						}
					}
				},
				"eyelid_left": {
					"position": {
						"0.0": [0, 0, 0],
						"0.0417": {
							"pre": [0, 0, 0],
							"post": [0.03, 0, 0]
						},
						"0.2083": {
							"pre": [0.03, 0, 0],
							"post": [0, 0, 0]
						}
					}
				},
				"eye_right": {
					"position": {
						"0.0": [0, 0, 0],
						"0.0417": {
							"pre": [0, 0, 0],
							"post": [0.03, 0, 0]
						},
						"0.2083": {
							"pre": [0.03, 0, 0],
							"post": [0, 0, 0]
						}
					}
				},
				"eyelid_right": {
					"position": {
						"0.0": [0, 0, 0],
						"0.0417": {
							"pre": [0, 0, 0],
							"post": [-0.03, 0, 0]
						},
						"0.2083": {
							"pre": [-0.03, 0, 0],
							"post": [0, 0, 0]
						}
					}
				}
			}
		},
		"animation.pungudua.sleep": {
			"loop": true,
			"bones": {
				"body": {
					"position": [0, -2.5, 0]
				},
				"torso": {
					"rotation": ["0.5+0.25*math.cos(q.anim_time*90*1-60)*-0.5", 0, 0],
					"position": [0, "-0.1*math.cos(q.anim_time*90*1+30)*1", 0]
				},
				"head": {
					"rotation": ["10-0.25*math.cos(q.anim_time*90*1-60)*-0.01", 0, 0],
					"position": [0, "-1+0.1*math.cos(q.anim_time*90*1+30)*1", 1]
				},
				"ear_right": {
					"rotation": [-90, "-65+0.25*math.cos(q.anim_time*90*1-70)*8", 90]
				},
				"eye_left": {
					"position": [-1, 0, 0]
				},
				"eyelid_left": {
					"position": [0.02, 0, 0]
				},
				"snout": {
					"rotation": ["-2-0.25*math.cos(q.anim_time*90*1-30)*-2", 0, 0]
				},
				"snout2": {
					"rotation": [-15.5, 0, 0],
					"position": [0, 0, 0.5]
				},
				"snout3": {
					"rotation": [-15, 0, 0],
					"position": [0, 0, 0.25]
				},
				"snout4": {
					"rotation": [-10, 0, 0],
					"position": [0, 0, 0.25],
					"scale": "1+0.1*math.cos(q.anim_time*90*1+30)*-0.4"
				},
				"eye_right": {
					"position": [1, 0, 0]
				},
				"eyelid_right": {
					"position": [-0.02, 0, 0]
				},
				"ear_left": {
					"rotation": [-90, "65-0.25*math.cos(q.anim_time*90*1-70)*8", -90]
				},
				"tail": {
					"rotation": [10, 0, 0]
				},
				"tail_middle": {
					"rotation": [-17.5, "-1*math.cos(q.anim_time*90*0.5-250)*2", 0],
					"position": [0, 0, -0.45]
				},
				"tail_middle2": {
					"rotation": [10, "-1*math.cos(q.anim_time*90*0.5-260)*2", 0]
				},
				"tail_middle3": {
					"rotation": [12.5, "-1*math.cos(q.anim_time*90*0.5-270)*2", 0]
				},
				"tail_middle4": {
					"rotation": [12.5, "-1*math.cos(q.anim_time*90*0.5-280)*2", 0]
				},
				"tail_left": {
					"rotation": [-17.5, "-1*math.cos(q.anim_time*90*0.5-270)*2", 0]
				},
				"tail_left2": {
					"rotation": [10, "-1*math.cos(q.anim_time*90*0.5-280)*2", 0]
				},
				"tail_left3": {
					"rotation": [12.5, "-1*math.cos(q.anim_time*90*0.5-290)*2", 0]
				},
				"tail_left4": {
					"rotation": [12.5, "-1*math.cos(q.anim_time*90*0.5-300)*2", 0]
				},
				"tail_right": {
					"rotation": [-17.5, "-1*math.cos(q.anim_time*90*0.5-270)*2", 0]
				},
				"tail_right2": {
					"rotation": [10, "-1*math.cos(q.anim_time*90*0.5-280)*2", 0]
				},
				"tail_right3": {
					"rotation": [12.5, "-1*math.cos(q.anim_time*90*0.5-290)*2", 0]
				},
				"tail_right4": {
					"rotation": [12.5, "-1*math.cos(q.anim_time*90*0.5-300)*2", 0]
				},
				"leg_front_left": {
					"rotation": ["-77.5+2*math.cos(q.anim_time*90*1+30)*-1", -67.5, 0],
					"position": [-1.25, "-1.4-0.1*math.cos(q.anim_time*90*1+30)*1", -0.5]
				},
				"knee_front_left": {
					"rotation": [-12.5, 0, 0]
				},
				"leg_back_left": {
					"rotation": ["102.5+2*math.cos(q.anim_time*90*1+30)*-1", -62.5, -180],
					"position": [-1.25, "-1.4-0.1*math.cos(q.anim_time*90*1+30)*1", 0.1]
				},
				"knee_back_left": {
					"rotation": [15, 0, 0]
				},
				"leg_back_right": {
					"rotation": ["102.5+2*math.cos(q.anim_time*90*1+30)*-1", 62.5, 180],
					"position": [1.25, "-1.4-0.1*math.cos(q.anim_time*90*1+30)*1", 0.1]
				},
				"knee_back_right": {
					"rotation": [15, 0, 0]
				},
				"leg_front_right": {
					"rotation": ["-77.5+2*math.cos(q.anim_time*90*1+30)*-1", 67.5, 0],
					"position": [1.25, "-1.4-0.1*math.cos(q.anim_time*90*1+30)*1", -0.5]
				},
				"knee_front_right": {
					"rotation": [-12.5, 0, 0]
				}
			}
		},
		"animation.pungudua.sniff_quirk": {
			"animation_length": 0.875,
			"bones": {
				"torso": {
					"rotation": {
						"0.0": {
							"post": [0, 0, 0],
							"lerp_mode": "catmullrom"
						},
						"0.0833": {
							"post": [0, 0, 0],
							"lerp_mode": "catmullrom"
						},
						"0.2083": {
							"post": [-0.2, 0, 0],
							"lerp_mode": "catmullrom"
						},
						"0.3333": {
							"post": [0.25, 0, 0],
							"lerp_mode": "catmullrom"
						},
						"0.5": {
							"post": [-0.2, 0, 0],
							"lerp_mode": "catmullrom"
						},
						"0.625": {
							"post": [0.25, 0, 0],
							"lerp_mode": "catmullrom"
						},
						"0.875": {
							"post": [0, 0, 0],
							"lerp_mode": "catmullrom"
						}
					}
				},
				"head": {
					"rotation": {
						"0.0417": {
							"pre": [0, 0, 0],
							"post": [0, 0, 0],
							"lerp_mode": "catmullrom"
						},
						"0.125": {
							"post": [0, 0, 0],
							"lerp_mode": "catmullrom"
						},
						"0.25": {
							"post": [-0.2, 0, 0],
							"lerp_mode": "catmullrom"
						},
						"0.375": {
							"post": [0.25, 0, 0],
							"lerp_mode": "catmullrom"
						},
						"0.5417": {
							"post": [-0.2, 0, 0],
							"lerp_mode": "catmullrom"
						},
						"0.6667": {
							"post": [0.25, 0, 0],
							"lerp_mode": "catmullrom"
						},
						"0.875": {
							"post": [0, 0, 0],
							"lerp_mode": "catmullrom"
						}
					}
				},
				"snout": {
					"rotation": {
						"0.0833": {
							"pre": [0, 0, 0],
							"post": [0, 0, 0],
							"lerp_mode": "catmullrom"
						},
						"0.1667": {
							"post": [0, 0, 0],
							"lerp_mode": "catmullrom"
						},
						"0.2917": {
							"post": [-0.2, 0, 0],
							"lerp_mode": "catmullrom"
						},
						"0.4167": {
							"post": [0.25, 0, 0],
							"lerp_mode": "catmullrom"
						},
						"0.5833": {
							"post": [-0.2, 0, 0],
							"lerp_mode": "catmullrom"
						},
						"0.7083": {
							"post": [0.25, 0, 0],
							"lerp_mode": "catmullrom"
						},
						"0.875": {
							"post": [0, 0, 0],
							"lerp_mode": "catmullrom"
						}
					}
				},
				"snout2": {
					"rotation": {
						"0.125": {
							"pre": [0, 0, 0],
							"post": [0, 0, 0],
							"lerp_mode": "catmullrom"
						},
						"0.2083": {
							"post": [0, 0, 0],
							"lerp_mode": "catmullrom"
						},
						"0.3333": {
							"post": [-0.2, 0, 0],
							"lerp_mode": "catmullrom"
						},
						"0.4583": {
							"post": [0.25, 0, 0],
							"lerp_mode": "catmullrom"
						},
						"0.625": {
							"post": [-0.2, 0, 0],
							"lerp_mode": "catmullrom"
						},
						"0.75": {
							"post": [0.25, 0, 0],
							"lerp_mode": "catmullrom"
						},
						"0.875": {
							"post": [0, 0, 0],
							"lerp_mode": "catmullrom"
						}
					}
				},
				"snout3": {
					"rotation": {
						"0.1667": {
							"pre": [0, 0, 0],
							"post": [0, 0, 0],
							"lerp_mode": "catmullrom"
						},
						"0.25": {
							"post": [0, 0, 0],
							"lerp_mode": "catmullrom"
						},
						"0.375": {
							"post": [-0.2, 0, 0],
							"lerp_mode": "catmullrom"
						},
						"0.5": {
							"post": [0.25, 0, 0],
							"lerp_mode": "catmullrom"
						},
						"0.6667": {
							"post": [-0.2, 0, 0],
							"lerp_mode": "catmullrom"
						},
						"0.7917": {
							"post": [0.25, 0, 0],
							"lerp_mode": "catmullrom"
						},
						"0.875": {
							"post": [0, 0, 0],
							"lerp_mode": "catmullrom"
						}
					}
				},
				"snout4": {
					"position": {
						"0.0": [0, 0, 0],
						"0.2917": [0, 0, 0]
					},
					"scale": {
						"0.125": [1, 1, 1],
						"0.2083": [1.075, 1.075, 1.075],
						"0.375": [1, 1, 1],
						"0.4167": [1, 1, 1],
						"0.5": [1.075, 1.075, 1.075],
						"0.6667": [1, 1, 1]
					}
				}
			}
		},
		"animation.pungudua.recoil": {
			"animation_length": 1.5,
			"bones": {
				"torso": {
					"rotation": {
						"0.0": [0, 0, 0],
						"0.0833": {
							"pre": [-12, 0, 0],
							"post": [-12, 0, 0],
							"lerp_mode": "catmullrom"
						},
						"0.25": {
							"post": [-12, 0, 0],
							"lerp_mode": "catmullrom"
						},
						"0.8333": {
							"post": [0, 0, 0],
							"lerp_mode": "catmullrom"
						},
						"1.3333": [0, 0, 0]
					},
					"position": {
						"0.0": [0, 0, 0],
						"0.0417": {
							"pre": [0, -0.2, 0.3],
							"post": [0, -0.2, 0.3],
							"lerp_mode": "catmullrom"
						},
						"0.375": {
							"post": [0, 0.1, 0],
							"lerp_mode": "catmullrom"
						},
						"0.7083": {
							"post": [0, 0, 0],
							"lerp_mode": "catmullrom"
						},
						"0.9583": [0, 0, 0]
					}
				},
				"head": {
					"rotation": {
						"0.0833": [0, 0, 0],
						"0.1667": {
							"pre": [-12, 0, 0],
							"post": [-12, 0, 0],
							"lerp_mode": "catmullrom"
						},
						"0.3333": {
							"post": [-12, 0, 0],
							"lerp_mode": "catmullrom"
						},
						"0.9167": {
							"post": [0, 0, 0],
							"lerp_mode": "catmullrom"
						},
						"1.4167": [0, 0, 0]
					}
				},
				"ear_right": {
					"rotation": {
						"0.0": [0, 0, 0],
						"0.2083": {
							"pre": [0, 0, -22],
							"post": [0, 0, -22],
							"lerp_mode": "catmullrom"
						},
						"0.625": {
							"post": [0, 0, 5],
							"lerp_mode": "catmullrom"
						},
						"1.0833": {
							"post": [0, 0, 0],
							"lerp_mode": "catmullrom"
						},
						"1.4583": [0, 0, 0]
					}
				},
				"eye_left": {
					"position": {
						"0.0": [0, 0, 0],
						"0.0417": {
							"pre": [0, 0, 0],
							"post": [-1, 0, 0]
						},
						"0.2083": {
							"pre": [-1, 0, 0],
							"post": [-1, 0, 0]
						},
						"0.25": {
							"pre": [-1, 0, 0],
							"post": [0, 0, 0]
						}
					}
				},
				"eyelid_left": {
					"position": {
						"0.0": [0, 0, 0],
						"0.0417": {
							"pre": [0, 0, 0],
							"post": [0.02, 0, 0]
						},
						"0.2083": {
							"pre": [0.02, 0, 0],
							"post": [0.03, 0, 0]
						},
						"0.25": {
							"pre": [0.03, 0, 0],
							"post": [0, 0, 0]
						}
					}
				},
				"snout": {
					"rotation": {
						"0.0833": [0, 0, 0],
						"0.1667": {
							"pre": [-5, 0, 0],
							"post": [-5, 0, 0],
							"lerp_mode": "catmullrom"
						},
						"0.7917": {
							"post": [0, 0, 0],
							"lerp_mode": "catmullrom"
						},
						"1.5": [0, 0, 0]
					}
				},
				"eye_right": {
					"position": {
						"0.0": [0, 0, 0],
						"0.0417": {
							"pre": [0, 0, 0],
							"post": [1, 0, 0]
						},
						"0.2083": {
							"pre": [1, 0, 0],
							"post": [1, 0, 0]
						},
						"0.25": {
							"pre": [1, 0, 0],
							"post": [0, 0, 0]
						}
					}
				},
				"eyelid_right": {
					"position": {
						"0.0": [0, 0, 0],
						"0.0417": {
							"pre": [0, 0, 0],
							"post": [-0.02, 0, 0]
						},
						"0.2083": {
							"pre": [-0.02, 0, 0],
							"post": [-0.03, 0, 0]
						},
						"0.25": {
							"pre": [-0.03, 0, 0],
							"post": [0, 0, 0]
						}
					}
				},
				"ear_left": {
					"rotation": {
						"0.0": [0, 0, 0],
						"0.2083": {
							"pre": [0, 0, 22],
							"post": [0, 0, 22],
							"lerp_mode": "catmullrom"
						},
						"0.625": {
							"post": [0, 0, -5],
							"lerp_mode": "catmullrom"
						},
						"1.0833": {
							"post": [0, 0, 0],
							"lerp_mode": "catmullrom"
						},
						"1.4583": [0, 0, 0]
					}
				}
			}
		},
		"animation.pungudua.faint": {
			"loop": "hold_on_last_frame",
			"animation_length": 3,
			"bones": {
				"torso": {
					"rotation": {
						"0.0": {
							"post": [-1.5, 0, 0],
							"lerp_mode": "catmullrom"
						},
						"0.125": {
							"post": [3.5, 0, 0],
							"lerp_mode": "catmullrom"
						},
						"0.2083": {
							"post": [7.5, 0, 0],
							"lerp_mode": "catmullrom"
						},
						"0.3333": {
							"post": [-10, 0, 0],
							"lerp_mode": "catmullrom"
						},
						"0.625": {
							"post": [-17.5, 0, 0],
							"lerp_mode": "catmullrom"
						},
						"1.0417": {
							"post": [-12.6765, -0.66136, -2.92133],
							"lerp_mode": "catmullrom"
						},
						"1.4583": {
							"post": [-23.94838, 1.62255, 3.64063],
							"lerp_mode": "catmullrom"
						},
						"1.9167": {
							"post": [-19, 0, 0],
							"lerp_mode": "catmullrom"
						},
						"2.0417": {
							"post": [0.63, 0, 0],
							"lerp_mode": "catmullrom"
						},
						"2.5": {
							"post": [1, 0, 0],
							"lerp_mode": "catmullrom"
						},
						"2.9167": {
							"post": [0, 0, 0],
							"lerp_mode": "catmullrom"
						}
					},
					"position": {
						"0.0": {
							"post": [0, 0, 0],
							"lerp_mode": "catmullrom"
						},
						"0.4583": {
							"post": [0, 0.85, 0],
							"lerp_mode": "catmullrom"
						},
						"1.7083": {
							"post": [0, 0.95, 0],
							"lerp_mode": "catmullrom"
						},
						"1.8333": {
							"post": [0, 1.25, 0],
							"lerp_mode": "catmullrom"
						},
						"2.0417": {
							"post": [0, -2.7, 0],
							"lerp_mode": "catmullrom"
						},
						"2.1667": {
							"post": [0, -2.2, 0],
							"lerp_mode": "catmullrom"
						},
						"2.375": {
							"post": [0, -2.5, 0],
							"lerp_mode": "catmullrom"
						},
						"2.625": {
							"post": [0, -2.3, 0],
							"lerp_mode": "catmullrom"
						},
						"2.9167": {
							"post": [0, -2.7, 0],
							"lerp_mode": "catmullrom"
						}
					}
				},
				"ear_right": {
					"rotation": {
						"0.0": {
							"post": [0, 0, 0],
							"lerp_mode": "catmullrom"
						},
						"0.125": {
							"post": [0, -20, 0],
							"lerp_mode": "catmullrom"
						},
						"0.25": {
							"post": [0, -32.5, 0],
							"lerp_mode": "catmullrom"
						},
						"0.4583": {
							"post": [0, -17.5, 0],
							"lerp_mode": "catmullrom"
						},
						"0.6667": {
							"post": [87.78616, 6.7824, -92.80365],
							"lerp_mode": "catmullrom"
						},
						"0.9583": {
							"post": [0, -17.5, 0],
							"lerp_mode": "catmullrom"
						},
						"1.2083": {
							"post": [93.40169, 20.82176, -100.52043],
							"lerp_mode": "catmullrom"
						},
						"1.5": {
							"post": [45.91465, -17.2231, -46.93262],
							"lerp_mode": "catmullrom"
						},
						"1.7917": {
							"post": [78.32568, 21.73358, -91.90364],
							"lerp_mode": "catmullrom"
						},
						"1.9583": {
							"post": [0, -7.5, 0],
							"lerp_mode": "catmullrom"
						},
						"2.2083": {
							"post": [126.53917, 15.23237, -122.60809],
							"lerp_mode": "catmullrom"
						}
					}
				},
				"eye_left": {
					"position": {
						"0.0": [0, 0, 0],
						"0.1667": {
							"pre": [0, 0, 0],
							"post": [0, 0, 0]
						},
						"0.2083": {
							"pre": [0, 0, 0],
							"post": [-0.02, 0, 0]
						},
						"0.375": {
							"pre": [-0.02, 0, 0],
							"post": [-0.02, 0, 0]
						},
						"0.4167": {
							"pre": [-0.02, 0, 0],
							"post": [0, 0, 0]
						},
						"0.7083": {
							"pre": [0, 0, 0],
							"post": [0, 0, 0]
						},
						"0.75": {
							"pre": [0, 0, 0],
							"post": [-0.02, 0, 0]
						},
						"0.875": {
							"pre": [-0.02, 0, 0],
							"post": [-0.02, 0, 0]
						},
						"0.9167": {
							"pre": [-0.02, 0, 0],
							"post": [0, 0, 0]
						},
						"1.125": {
							"pre": [0, 0, 0],
							"post": [0, 0, 0]
						},
						"1.1667": {
							"pre": [0, 0, 0],
							"post": [-0.02, 0, 0]
						},
						"1.25": {
							"pre": [-0.02, 0, 0],
							"post": [-0.02, 0, 0]
						},
						"1.2917": {
							"pre": [-0.02, 0, 0],
							"post": [0, 0, 0]
						},
						"1.9167": {
							"pre": [0, 0, 0],
							"post": [0, 0, 0]
						},
						"1.9583": {
							"pre": [0, 0, 0],
							"post": [-0.02, 0, 0]
						}
					}
				},
				"eyelid_left": {
					"position": {
						"0.0": [0, 0, 0],
						"0.1667": {
							"pre": [0, 0, 0],
							"post": [0, 0, 0]
						},
						"0.2083": {
							"pre": [0, 0, 0],
							"post": [0.03, 0, 0]
						},
						"0.375": {
							"pre": [0.03, 0, 0],
							"post": [0.03, 0, 0]
						},
						"0.4167": {
							"pre": [0.03, 0, 0],
							"post": [0, 0, 0]
						},
						"0.7083": {
							"pre": [0, 0, 0],
							"post": [0, 0, 0]
						},
						"0.75": {
							"pre": [0, 0, 0],
							"post": [0.03, 0, 0]
						},
						"0.875": {
							"pre": [0.03, 0, 0],
							"post": [0.03, 0, 0]
						},
						"0.9167": {
							"pre": [0.03, 0, 0],
							"post": [0, 0, 0]
						},
						"1.125": {
							"pre": [0, 0, 0],
							"post": [0, 0, 0]
						},
						"1.1667": {
							"pre": [0, 0, 0],
							"post": [0.03, 0, 0]
						},
						"1.25": {
							"pre": [0.03, 0, 0],
							"post": [0.03, 0, 0]
						},
						"1.2917": {
							"pre": [0.03, 0, 0],
							"post": [0, 0, 0]
						},
						"1.9167": {
							"pre": [0, 0, 0],
							"post": [0, 0, 0]
						},
						"1.9583": {
							"pre": [0, 0, 0],
							"post": [0.03, 0, 0]
						}
					}
				},
				"eye_right": {
					"position": {
						"0.0": [0, 0, 0],
						"0.1667": {
							"pre": [0, 0, 0],
							"post": [0, 0, 0]
						},
						"0.2083": {
							"pre": [0, 0, 0],
							"post": [0.02, 0, 0]
						},
						"0.375": {
							"pre": [0.02, 0, 0],
							"post": [0.02, 0, 0]
						},
						"0.4167": {
							"pre": [0.02, 0, 0],
							"post": [0, 0, 0]
						},
						"0.7083": {
							"pre": [0, 0, 0],
							"post": [0, 0, 0]
						},
						"0.75": {
							"pre": [0, 0, 0],
							"post": [0.02, 0, 0]
						},
						"0.875": {
							"pre": [0.02, 0, 0],
							"post": [0.02, 0, 0]
						},
						"0.9167": {
							"pre": [0.02, 0, 0],
							"post": [0, 0, 0]
						},
						"1.125": {
							"pre": [0, 0, 0],
							"post": [0, 0, 0]
						},
						"1.1667": {
							"pre": [0, 0, 0],
							"post": [0.02, 0, 0]
						},
						"1.25": {
							"pre": [0.02, 0, 0],
							"post": [0.02, 0, 0]
						},
						"1.2917": {
							"pre": [0.02, 0, 0],
							"post": [0, 0, 0]
						},
						"1.9167": {
							"pre": [0, 0, 0],
							"post": [0, 0, 0]
						},
						"1.9583": {
							"pre": [0, 0, 0],
							"post": [0.02, 0, 0]
						}
					}
				},
				"eyelid_right": {
					"position": {
						"0.0": [0, 0, 0],
						"0.1667": {
							"pre": [0, 0, 0],
							"post": [0, 0, 0]
						},
						"0.2083": {
							"pre": [0, 0, 0],
							"post": [-0.03, 0, 0]
						},
						"0.375": {
							"pre": [-0.03, 0, 0],
							"post": [-0.03, 0, 0]
						},
						"0.4167": {
							"pre": [-0.03, 0, 0],
							"post": [0, 0, 0]
						},
						"0.7083": {
							"pre": [0, 0, 0],
							"post": [0, 0, 0]
						},
						"0.75": {
							"pre": [0, 0, 0],
							"post": [-0.03, 0, 0]
						},
						"0.875": {
							"pre": [-0.03, 0, 0],
							"post": [-0.03, 0, 0]
						},
						"0.9167": {
							"pre": [-0.03, 0, 0],
							"post": [0, 0, 0]
						},
						"1.125": {
							"pre": [0, 0, 0],
							"post": [0, 0, 0]
						},
						"1.1667": {
							"pre": [0, 0, 0],
							"post": [-0.03, 0, 0]
						},
						"1.25": {
							"pre": [-0.03, 0, 0],
							"post": [-0.03, 0, 0]
						},
						"1.2917": {
							"pre": [-0.03, 0, 0],
							"post": [0, 0, 0]
						},
						"1.9167": {
							"pre": [0, 0, 0],
							"post": [0, 0, 0]
						},
						"1.9583": {
							"pre": [0, 0, 0],
							"post": [-0.03, 0, 0]
						}
					}
				},
				"ear_left": {
					"rotation": {
						"0.0": {
							"post": [0, 0, 0],
							"lerp_mode": "catmullrom"
						},
						"0.125": {
							"post": [0, 20, 0],
							"lerp_mode": "catmullrom"
						},
						"0.25": {
							"post": [0, 32.5, 0],
							"lerp_mode": "catmullrom"
						},
						"0.4583": {
							"post": [0, 17.5, 0],
							"lerp_mode": "catmullrom"
						},
						"0.6667": {
							"post": [87.78616, -6.7824, 92.80365],
							"lerp_mode": "catmullrom"
						},
						"0.9583": {
							"post": [0, 17.5, 0],
							"lerp_mode": "catmullrom"
						},
						"1.2083": {
							"post": [93.40169, -20.82176, 100.52043],
							"lerp_mode": "catmullrom"
						},
						"1.5": {
							"post": [45.91465, 17.2231, 46.93262],
							"lerp_mode": "catmullrom"
						},
						"1.7917": {
							"post": [78.32568, -21.73358, 91.90364],
							"lerp_mode": "catmullrom"
						},
						"1.9583": {
							"post": [0, 7.5, 0],
							"lerp_mode": "catmullrom"
						},
						"2.2083": {
							"post": [126.53917, -15.23237, 122.60809],
							"lerp_mode": "catmullrom"
						}
					}
				},
				"tail": {
					"rotation": {
						"0.0": [25, 0, 0],
						"0.25": {
							"pre": [27.5, 0, 0],
							"post": [27.5, 0, 0],
							"lerp_mode": "catmullrom"
						},
						"0.5417": {
							"post": [12.5, 0, 0],
							"lerp_mode": "catmullrom"
						},
						"0.875": {
							"post": [7.5, 0, 0],
							"lerp_mode": "catmullrom"
						},
						"1.0417": {
							"post": [7.5, 0, 0],
							"lerp_mode": "catmullrom"
						},
						"1.25": {
							"post": [12.5, 0, 0],
							"lerp_mode": "catmullrom"
						},
						"1.4583": {
							"post": [20, 0, 0],
							"lerp_mode": "catmullrom"
						},
						"1.6667": {
							"post": [22.5, 0, 0],
							"lerp_mode": "catmullrom"
						},
						"1.8333": {
							"post": [15, 0, 0],
							"lerp_mode": "catmullrom"
						},
						"2.0": {
							"post": [10, 0, 0],
							"lerp_mode": "catmullrom"
						},
						"2.25": {
							"post": [10, 0, 0],
							"lerp_mode": "catmullrom"
						},
						"2.5": {
							"post": [10, 0, 0],
							"lerp_mode": "catmullrom"
						},
						"2.875": [17.5, 0, 0]
					}
				},
				"tail_middle": {
					"rotation": {
						"0.0": [-17.5, "-1*math.cos(q.anim_time*90*0.5-250)*2", 0],
						"2.0": [-17.5, "-1*math.cos(q.anim_time*90*0.5-250)*2", 0],
						"2.25": [-17.5, 0, 0]
					}
				},
				"tail_middle2": {
					"rotation": {
						"0.0": [22.5, "-1*math.cos(q.anim_time*90*0.5-260)*2", 0],
						"2.0": [22.5, "-1*math.cos(q.anim_time*90*0.5-260)*2", 0],
						"2.25": [0, 0, 0]
					}
				},
				"tail_middle3": {
					"rotation": {
						"0.0": [22.5, "-1*math.cos(q.anim_time*90*0.5-270)*2", 0],
						"2.0": [22.5, "-1*math.cos(q.anim_time*90*0.5-270)*2", 0],
						"2.25": [0, 0, 0]
					}
				},
				"tail_middle4": {
					"rotation": {
						"0.0": [12.5, "-1*math.cos(q.anim_time*90*0.5-280)*2", 0],
						"2.0": [12.5, "-1*math.cos(q.anim_time*90*0.5-280)*2", 0],
						"2.25": [5, 0, 0]
					}
				},
				"tail_left": {
					"rotation": {
						"0.0": [-17.5, "-1*math.cos(q.anim_time*90*0.5-270)*2", 0],
						"2.0": [-17.5, "-1*math.cos(q.anim_time*90*0.5-270)*2", 0],
						"2.25": [-25, 0, 0]
					}
				},
				"tail_left2": {
					"rotation": {
						"0.0": [22.5, "-1*math.cos(q.anim_time*90*0.5-280)*2", 0],
						"2.0": [22.5, "-1*math.cos(q.anim_time*90*0.5-280)*2", 0],
						"2.25": [10, 0, 0]
					}
				},
				"tail_left3": {
					"rotation": {
						"0.0": [22.5, "-1*math.cos(q.anim_time*90*0.5-290)*2", 0],
						"2.0": [22.5, "-1*math.cos(q.anim_time*90*0.5-290)*2", 0],
						"2.25": [5, 0, 0]
					}
				},
				"tail_left4": {
					"rotation": {
						"0.0": [12.5, "-1*math.cos(q.anim_time*90*0.5-300)*2", 0],
						"2.0": [12.5, "-1*math.cos(q.anim_time*90*0.5-300)*2", 0],
						"2.25": [12.5, 0, 0]
					}
				},
				"tail_right": {
					"rotation": {
						"0.0": [-17.5, "-1*math.cos(q.anim_time*90*0.5-270)*2", 0],
						"2.0": [-17.5, "-1*math.cos(q.anim_time*90*0.5-270)*2", 0],
						"2.25": [-25, 0, 0]
					}
				},
				"tail_right2": {
					"rotation": {
						"0.0": [22.5, "-1*math.cos(q.anim_time*90*0.5-280)*2", 0],
						"2.0": [22.5, "-1*math.cos(q.anim_time*90*0.5-280)*2", 0],
						"2.25": [10, 0, 0]
					}
				},
				"tail_right3": {
					"rotation": {
						"0.0": [22.5, "-1*math.cos(q.anim_time*90*0.5-290)*2", 0],
						"2.0": [22.5, "-1*math.cos(q.anim_time*90*0.5-290)*2", 0],
						"2.25": [5, 0, 0]
					}
				},
				"tail_right4": {
					"rotation": {
						"0.0": [12.5, "-1*math.cos(q.anim_time*90*0.5-300)*2", 0],
						"2.0": [12.5, "-1*math.cos(q.anim_time*90*0.5-300)*2", 0],
						"2.25": [12.5, 0, 0]
					}
				},
				"leg_front_left": {
					"rotation": {
						"0.25": {
							"pre": [0, 0, 0],
							"post": [0, 0, 0],
							"lerp_mode": "catmullrom"
						},
						"0.5417": {
							"post": [-39.27309, -16.42784, -3.84497],
							"lerp_mode": "catmullrom"
						},
						"1.0417": {
							"post": [10.2072, -17.50541, -4.09718],
							"lerp_mode": "catmullrom"
						},
						"1.2917": {
							"post": [-35.50015, -17.71231, -4.1456],
							"lerp_mode": "catmullrom"
						},
						"1.6667": {
							"post": [-19.03615, -17.0115, -3.98157],
							"lerp_mode": "catmullrom"
						},
						"1.8333": {
							"post": [-49.83702, -16.42784, -3.84497],
							"lerp_mode": "catmullrom"
						},
						"2.0": {
							"post": [-71.65422, -15.61448, -4.19456],
							"lerp_mode": "catmullrom"
						},
						"2.1667": {
							"post": [-79.98779, -34.1079, -5.67443],
							"lerp_mode": "catmullrom"
						},
						"2.375": {
							"post": [-88.74139, -47.23442, -5.2698],
							"lerp_mode": "catmullrom"
						},
						"2.5417": {
							"post": [-88.74139, -47.23442, -5.2698],
							"lerp_mode": "catmullrom"
						}
					},
					"position": {
						"0.25": {
							"pre": [0, 0, 0],
							"post": [0, 0, 0],
							"lerp_mode": "catmullrom"
						},
						"0.5417": {
							"post": [0, 1.6, 0],
							"lerp_mode": "catmullrom"
						},
						"0.9583": {
							"post": [0, 1.45, 0],
							"lerp_mode": "catmullrom"
						},
						"1.5417": {
							"post": [0, 2.7, 0],
							"lerp_mode": "catmullrom"
						},
						"1.8333": {
							"post": [0.3, 2.4, -0.2],
							"lerp_mode": "catmullrom"
						},
						"2.0": {
							"post": [0.57, -1.96, -1.33],
							"lerp_mode": "catmullrom"
						},
						"2.1667": {
							"post": [-0.19, -4.36, -0.8],
							"lerp_mode": "catmullrom"
						},
						"2.375": {
							"post": [-1, -4.3, -0.55],
							"lerp_mode": "catmullrom"
						},
						"2.5417": {
							"post": [-1.7, -4.8, -0.3],
							"lerp_mode": "catmullrom"
						}
					}
				},
				"leg_back_left": {
					"rotation": {
						"1.8333": [0, 0, 0],
						"2.0": {
							"pre": [75.59277, 11.64337, -0.42183],
							"post": [75.59277, 11.64337, -0.42183],
							"lerp_mode": "catmullrom"
						},
						"2.25": [94.10435, 28.90947, -1.86884],
						"3.0": [102.28925, 41.37236, -0.68599]
					},
					"position": {
						"0.625": [0, 0, 0],
						"0.8333": {
							"pre": [0, 0.4, 0],
							"post": [0, 0.4, 0],
							"lerp_mode": "catmullrom"
						},
						"0.9167": {
							"post": [0, 0.4, 0],
							"lerp_mode": "catmullrom"
						},
						"1.125": [0, 0, 0],
						"1.8333": [0, 0, 0],
						"2.0": {
							"pre": [0.45, -1.08, 1.34],
							"post": [0.45, -1.08, 1.34],
							"lerp_mode": "catmullrom"
						},
						"2.25": [0.1, -3.8, 1.3],
						"2.9167": [-0.68, -4.86, 2.3],
						"3.0": [-0.9, -4.8, 2.3]
					}
				},
				"leg_back_right": {
					"rotation": {
						"1.8333": [0, 0, 0],
						"2.0": {
							"pre": [75.59277, -11.64337, 0.42183],
							"post": [75.59277, -11.64337, 0.42183],
							"lerp_mode": "catmullrom"
						},
						"2.25": [94.10435, -28.90947, 1.86884],
						"3.0": [102.28925, -41.37236, 0.68599]
					},
					"position": {
						"1.8333": [0, 0, 0],
						"2.0": {
							"pre": [-0.45, -1.08, 1.34],
							"post": [-0.45, -1.08, 1.34],
							"lerp_mode": "catmullrom"
						},
						"2.25": [-0.1, -3.8, 1.3],
						"2.9167": [0.68, -4.86, 2.3],
						"3.0": [0.9, -4.8, 2.3]
					}
				},
				"leg_front_right": {
					"rotation": {
						"0.25": {
							"pre": [0, 0, 0],
							"post": [0, 0, 0],
							"lerp_mode": "catmullrom"
						},
						"0.5417": {
							"post": [-39.27309, 16.42784, 3.84497],
							"lerp_mode": "catmullrom"
						},
						"1.0417": {
							"post": [10.2072, 17.50541, 4.09718],
							"lerp_mode": "catmullrom"
						},
						"1.2917": {
							"post": [-35.50015, 17.71231, 4.1456],
							"lerp_mode": "catmullrom"
						},
						"1.6667": {
							"post": [-19.03615, 17.0115, 3.98157],
							"lerp_mode": "catmullrom"
						},
						"1.8333": {
							"post": [-49.83702, 16.42784, 3.84497],
							"lerp_mode": "catmullrom"
						},
						"2.0": {
							"post": [-71.65422, 15.61448, 4.19456],
							"lerp_mode": "catmullrom"
						},
						"2.1667": {
							"post": [-79.98779, 34.1079, 5.67443],
							"lerp_mode": "catmullrom"
						},
						"2.375": {
							"post": [-88.74139, 47.23442, 5.2698],
							"lerp_mode": "catmullrom"
						},
						"2.5417": {
							"post": [-88.74139, 47.23442, 5.2698],
							"lerp_mode": "catmullrom"
						}
					},
					"position": {
						"0.25": {
							"pre": [0, 0, 0],
							"post": [0, 0, 0],
							"lerp_mode": "catmullrom"
						},
						"0.5417": {
							"post": [0, 1.6, 0],
							"lerp_mode": "catmullrom"
						},
						"0.9583": {
							"post": [0, 1.45, 0],
							"lerp_mode": "catmullrom"
						},
						"1.5417": {
							"post": [0, 2.7, 0],
							"lerp_mode": "catmullrom"
						},
						"1.8333": {
							"post": [-0.3, 2.4, -0.2],
							"lerp_mode": "catmullrom"
						},
						"2.0": {
							"post": [-0.57, -1.96, -1.33],
							"lerp_mode": "catmullrom"
						},
						"2.1667": {
							"post": [0.19, -4.36, -0.8],
							"lerp_mode": "catmullrom"
						},
						"2.375": {
							"post": [1, -4.3, -0.55],
							"lerp_mode": "catmullrom"
						},
						"2.5417": {
							"post": [1.7, -4.8, -0.3],
							"lerp_mode": "catmullrom"
						}
					}
				},
				"head": {
					"rotation": {
						"0.0": {
							"post": [-1.5, 0, 0],
							"lerp_mode": "catmullrom"
						},
						"0.125": {
							"post": [3.5, 0, 0],
							"lerp_mode": "catmullrom"
						},
						"0.2083": {
							"post": [7.5, 0, 0],
							"lerp_mode": "catmullrom"
						},
						"0.3333": {
							"post": [-10, 0, 0],
							"lerp_mode": "catmullrom"
						},
						"0.625": {
							"post": [-17.5, 0, 0],
							"lerp_mode": "catmullrom"
						},
						"1.0417": {
							"post": [-12.6765, -0.66136, -2.92133],
							"lerp_mode": "catmullrom"
						},
						"1.4583": {
							"post": [-23.94838, 1.62255, 3.64063],
							"lerp_mode": "catmullrom"
						},
						"1.9167": {
							"post": [-19, 0, 0],
							"lerp_mode": "catmullrom"
						},
						"2.0417": {
							"post": [0.63, 0, 0],
							"lerp_mode": "catmullrom"
						},
						"2.5": {
							"post": [1, 0, 0],
							"lerp_mode": "catmullrom"
						},
						"2.9167": {
							"post": [0, 0, 0],
							"lerp_mode": "catmullrom"
						}
					},
					"position": {
						"0.0": {
							"post": [0, 0, 0],
							"lerp_mode": "catmullrom"
						},
						"0.4583": {
							"post": [0, 0.85, 0],
							"lerp_mode": "catmullrom"
						},
						"1.7083": {
							"post": [0, 0.95, 0],
							"lerp_mode": "catmullrom"
						},
						"1.8333": {
							"post": [0, 1.25, 0],
							"lerp_mode": "catmullrom"
						},
						"2.0417": {
							"post": [0, -2.7, 0],
							"lerp_mode": "catmullrom"
						},
						"2.1667": {
							"post": [0, -2.2, 0],
							"lerp_mode": "catmullrom"
						},
						"2.375": {
							"post": [0, -2.5, 0],
							"lerp_mode": "catmullrom"
						},
						"2.625": {
							"post": [0, -2.3, 0],
							"lerp_mode": "catmullrom"
						},
						"2.9167": {
							"post": [0, -1.7, 0],
							"lerp_mode": "catmullrom"
						}
					}
				},
				"snout": {
					"rotation": {
						"0.0": [0, 0, 0],
						"0.2083": [-7.5, 0, 0],
						"2.0417": [-4.5, 0, 0],
						"2.9167": [-1.5, 0, 0]
					}
				},
				"snout2": {
					"rotation": {
						"0.0": [0, 0, 0],
						"0.2083": [-10, 0, 0],
						"2.0417": [-8, 0, 0],
						"2.5": [-5.5, 0, 0]
					},
					"position": {
						"0.0": [0, 0, 0],
						"0.2083": [0, 0, 0.25],
						"2.0417": [0, 0, 0.5]
					}
				},
				"snout3": {
					"rotation": {
						"0.0": [0, 0, 0],
						"0.2083": [-12.5, 0, 0],
						"2.0417": [-7.5, 0, 0],
						"2.5": [-5, 0, 0]
					},
					"position": {
						"0.0": [0, 0, 0],
						"0.2083": [0, 0, 0.25],
						"2.0417": [0, 0, 0.25]
					}
				},
				"snout4": {
					"rotation": {
						"0.0": [0, 0, 0],
						"0.2083": [-20, 0, 0],
						"2.0417": [-10, 0, 0],
						"2.5": [0, 0, 0]
					},
					"position": {
						"0.0": [0, 0, 0],
						"0.2083": [0, -0.25, 0.5],
						"2.0417": [0, 0, 0.25],
						"2.5": [0, 0, 0]
					},
					"scale": {
						"0.0": {
							"post": [1, 1, 1],
							"lerp_mode": "catmullrom"
						},
						"0.2083": {
							"post": [0.85, 0.85, 0.85],
							"lerp_mode": "catmullrom"
						},
						"0.7083": {
							"post": [1.1, 1.1, 1.1],
							"lerp_mode": "catmullrom"
						},
						"1.0": {
							"post": [0.85, 0.85, 0.85],
							"lerp_mode": "catmullrom"
						},
						"1.4583": {
							"post": [1, 1, 1],
							"lerp_mode": "catmullrom"
						},
						"2.0": {
							"post": [1, 1, 1],
							"lerp_mode": "catmullrom"
						},
						"2.1667": {
							"post": [1.1, 1.1, 1.1],
							"lerp_mode": "catmullrom"
						},
						"2.5": {
							"post": [0.85, 0.85, 0.85],
							"lerp_mode": "catmullrom"
						}
					}
				}
			}
		},
		"animation.pungudua.cry": {
			"animation_length": 1.125,
			"bones": {
				"torso": {
					"rotation": {
						"0.0": {
							"post": [0, 0, 0],
							"lerp_mode": "catmullrom"
						},
						"0.125": {
							"post": [12.5, 0, 0],
							"lerp_mode": "catmullrom"
						},
						"0.2917": {
							"post": [-9.5, -10, 10],
							"lerp_mode": "catmullrom"
						},
						"0.4583": {
							"post": [3, 0, 0],
							"lerp_mode": "catmullrom"
						},
						"0.625": {
							"post": [-14.5, 10, -10],
							"lerp_mode": "catmullrom"
						},
						"1.125": {
							"post": [0, 0, 0],
							"lerp_mode": "catmullrom"
						}
					},
					"position": {
						"0.0": {
							"post": [0, 0, 0],
							"lerp_mode": "catmullrom"
						},
						"0.125": {
							"post": [0, 1, 0],
							"lerp_mode": "catmullrom"
						},
						"0.2917": {
							"post": [0, 0, 0],
							"lerp_mode": "catmullrom"
						},
						"0.4583": {
							"post": [0, 1, 0],
							"lerp_mode": "catmullrom"
						},
						"0.625": {
							"post": [0, 0, 0],
							"lerp_mode": "catmullrom"
						},
						"1.125": {
							"post": [0, 0, 0],
							"lerp_mode": "catmullrom"
						}
					}
				},
				"head": {
					"rotation": {
						"0.0": {
							"post": [0, 0, 0],
							"lerp_mode": "catmullrom"
						},
						"0.2083": {
							"post": [-10, -5, -5],
							"lerp_mode": "catmullrom"
						},
						"0.375": {
							"post": [0, 0, 0],
							"lerp_mode": "catmullrom"
						},
						"0.5417": {
							"post": [-15, 5, 5],
							"lerp_mode": "catmullrom"
						},
						"1.125": {
							"post": [0, 0, 0],
							"lerp_mode": "catmullrom"
						}
					},
					"position": {
						"0.0": {
							"post": [0, 0, 0],
							"lerp_mode": "catmullrom"
						},
						"0.2083": {
							"post": [0, 0, 1],
							"lerp_mode": "catmullrom"
						},
						"0.375": {
							"post": [0, 0, 0],
							"lerp_mode": "catmullrom"
						},
						"0.5417": {
							"post": [0, 0, 1],
							"lerp_mode": "catmullrom"
						},
						"1.125": {
							"post": [0, 0, 0],
							"lerp_mode": "catmullrom"
						}
					}
				},
				"ear_right": {
					"rotation": {
						"0.0": {
							"post": [0, 0, 0],
							"lerp_mode": "catmullrom"
						},
						"0.2083": {
							"post": [41.09498, 2.049, -47.81732],
							"lerp_mode": "catmullrom"
						},
						"0.5417": {
							"post": [87.38047, -6.96058, -101.84306],
							"lerp_mode": "catmullrom"
						},
						"1.125": {
							"post": [0, 0, 0],
							"lerp_mode": "catmullrom"
						}
					}
				},
				"snout": {
					"rotation": {
						"0.0": {
							"post": [0, 0, 0],
							"lerp_mode": "catmullrom"
						},
						"0.25": {
							"post": [-10, -5, -5],
							"lerp_mode": "catmullrom"
						},
						"0.4167": {
							"post": [0, 0, 0],
							"lerp_mode": "catmullrom"
						},
						"0.5833": {
							"post": [-15, 5, 5],
							"lerp_mode": "catmullrom"
						},
						"1.125": {
							"post": [0, 0, 0],
							"lerp_mode": "catmullrom"
						}
					},
					"position": {
						"0.0": {
							"post": [0, 0, 0],
							"lerp_mode": "catmullrom"
						},
						"0.25": {
							"post": [0, 0, 1],
							"lerp_mode": "catmullrom"
						},
						"0.4167": {
							"post": [0, 0, 0],
							"lerp_mode": "catmullrom"
						},
						"0.5833": {
							"post": [0, 0, 1],
							"lerp_mode": "catmullrom"
						},
						"1.125": {
							"post": [0, 0, 0],
							"lerp_mode": "catmullrom"
						}
					}
				},
				"snout2": {
					"rotation": {
						"0.0": {
							"post": [0, 0, 0],
							"lerp_mode": "catmullrom"
						},
						"0.2917": {
							"post": [-10, -5, -5],
							"lerp_mode": "catmullrom"
						},
						"0.4583": {
							"post": [0, 0, 0],
							"lerp_mode": "catmullrom"
						},
						"0.625": {
							"post": [-15, 5, 5],
							"lerp_mode": "catmullrom"
						},
						"1.125": {
							"post": [0, 0, 0],
							"lerp_mode": "catmullrom"
						}
					},
					"position": {
						"0.0": {
							"post": [0, 0, 0],
							"lerp_mode": "catmullrom"
						},
						"0.2917": {
							"post": [0, 0, 1],
							"lerp_mode": "catmullrom"
						},
						"0.4583": {
							"post": [0, 0, 0],
							"lerp_mode": "catmullrom"
						},
						"0.625": {
							"post": [0, 0, 1],
							"lerp_mode": "catmullrom"
						},
						"1.125": {
							"post": [0, 0, 0],
							"lerp_mode": "catmullrom"
						}
					}
				},
				"snout3": {
					"rotation": {
						"0.0": {
							"post": [0, 0, 0],
							"lerp_mode": "catmullrom"
						},
						"0.3333": {
							"post": [-10, -5, -5],
							"lerp_mode": "catmullrom"
						},
						"0.5": {
							"post": [0, 0, 0],
							"lerp_mode": "catmullrom"
						},
						"0.6667": {
							"post": [-15, 5, 5],
							"lerp_mode": "catmullrom"
						},
						"1.125": {
							"post": [0, 0, 0],
							"lerp_mode": "catmullrom"
						}
					},
					"position": {
						"0.0": {
							"post": [0, 0, 0],
							"lerp_mode": "catmullrom"
						},
						"0.3333": {
							"post": [0, 0, 1],
							"lerp_mode": "catmullrom"
						},
						"0.5": {
							"post": [0, 0, 0],
							"lerp_mode": "catmullrom"
						},
						"0.6667": {
							"post": [0, 0, 1],
							"lerp_mode": "catmullrom"
						},
						"1.125": {
							"post": [0, 0, 0],
							"lerp_mode": "catmullrom"
						}
					}
				},
				"snout4": {
					"rotation": {
						"0.0": {
							"post": [0, 0, 0],
							"lerp_mode": "catmullrom"
						},
						"0.375": {
							"post": [-10, -5, -5],
							"lerp_mode": "catmullrom"
						},
						"0.5417": {
							"post": [0, 0, 0],
							"lerp_mode": "catmullrom"
						},
						"0.7083": {
							"post": [-15, 5, 5],
							"lerp_mode": "catmullrom"
						},
						"1.125": {
							"post": [0, 0, 0],
							"lerp_mode": "catmullrom"
						}
					},
					"position": {
						"0.0": {
							"post": [0, 0, 0],
							"lerp_mode": "catmullrom"
						},
						"0.375": {
							"post": [0, 0, 1],
							"lerp_mode": "catmullrom"
						},
						"0.5417": {
							"post": [0, 0, 0],
							"lerp_mode": "catmullrom"
						},
						"0.7083": {
							"post": [0, 0, 1],
							"lerp_mode": "catmullrom"
						},
						"1.125": {
							"post": [0, 0, 0],
							"lerp_mode": "catmullrom"
						}
					}
				},
				"ear_left": {
					"rotation": {
						"0.0": {
							"post": [0, 0, 0],
							"lerp_mode": "catmullrom"
						},
						"0.2083": {
							"post": [41.09498, -2.049, 47.81732],
							"lerp_mode": "catmullrom"
						},
						"0.5417": {
							"post": [87.38047, 6.96058, 101.84306],
							"lerp_mode": "catmullrom"
						},
						"1.125": {
							"post": [0, 0, 0],
							"lerp_mode": "catmullrom"
						}
					}
				}
			},
			"sound_effects": {
				"0.125": {
					"effect": "pokemon.pungudua.cry"
				}
			}
		}
	}
}