{
	"format_version": "1.12.0",
	"minecraft:geometry": [
		{
			"description": {
				"identifier": "geometry.woohorn",
				"texture_width": 256,
				"texture_height": 256,
				"visible_bounds_width": 6,
				"visible_bounds_height": 4.5,
				"visible_bounds_offset": [0, 1.75, 0]
			},
			"bones": [
				{
					"name": "root",
					"pivot": [0, 0, 0]
				},
				{
					"name": "all",
					"parent": "root",
					"pivot": [0, 12, 2]
				},
				{
					"name": "boddy",
					"parent": "all",
					"pivot": [0, 12, 2],
					"cubes": [
						{"origin": [-6, 21.5, -16.02448], "size": [12, 4, 12], "pivot": [0, 25.5, -10.52448], "rotation": [-27.5, 0, 0], "uv": [42, 43]},
						{"origin": [-7, 23.96175, -13.91149], "size": [14, 4, 9], "pivot": [0.5, 25.96175, -11.41149], "rotation": [-27.5, 0, 0], "uv": [56, 25]},
						{"origin": [-8, 12, -14], "size": [16, 8, 12], "pivot": [0, 12, -2], "rotation": [-50, 0, 0], "uv": [0, 23]},
						{"origin": [-9, 12, -2], "size": [18, 9, 14], "pivot": [0, 12, -2], "rotation": [-10, 0, 0], "uv": [0, 0]},
						{"origin": [-11, 11, 5], "size": [22, 6, 5], "pivot": [0, 12, -2], "rotation": [-7.5, 0, 0], "uv": [0, 43]},
						{"origin": [-8, 11, 9], "size": [16, 7, 5], "pivot": [0, 12, -2], "rotation": [-10, 0, 0], "uv": [64, 66]},
						{"origin": [-7, 10, 11], "size": [14, 7, 5], "pivot": [0, 12, -2], "rotation": [-10, 0, 0], "uv": [74, 78]}
					]
				},
				{
					"name": "head",
					"parent": "boddy",
					"pivot": [0, 28.13333, -14.16667],
					"cubes": [
						{"origin": [-4.5, 23.75, -23], "size": [9, 2, 6], "uv": [108, 65]},
						{"origin": [-3, 26.75, -20], "size": [6, 2, 6], "pivot": [0, 26.75, -17], "rotation": [0, -90, 0], "uv": [91, 120]},
						{"origin": [-3, 24.75, -20], "size": [6, 2, 6], "pivot": [0, 26.75, -17], "rotation": [0, -90, 0], "uv": [91, 120]},
						{"origin": [1.4, 27.25, -25.75], "size": [3, 2, 2], "pivot": [2.9, 27.75, -24.75], "rotation": [0, 37.5, 0], "uv": [7, 66]},
						{"origin": [-4.4, 27.25, -25.75], "size": [3, 2, 2], "pivot": [-2.9, 27.75, -24.75], "rotation": [0, -37.5, 0], "uv": [7, 66], "mirror": true}
					]
				},
				{
					"name": "bone10",
					"parent": "head",
					"pivot": [0, 26.75, -22],
					"cubes": [
						{"origin": [-4, 25, -25], "size": [8, 2, 2], "uv": [61, 59]},
						{"origin": [-2.5, 25.5, -27], "size": [5, 2, 2], "uv": [111, 33]},
						{"origin": [-3.5, 26, -26], "size": [7, 1, 1], "uv": [20, 74]}
					]
				},
				{
					"name": "helmet",
					"parent": "head",
					"pivot": [0.5, 39.91656, -32.61877],
					"cubes": [
						{"origin": [1.9, 26.25, -27.25], "size": [3, 1, 4], "pivot": [3.4, 26.75, -24.25], "rotation": [0, 37.5, 0], "uv": [188, 0]},
						{"origin": [-4.9, 26.25, -27.25], "size": [3, 1, 4], "pivot": [-3.4, 26.75, -24.25], "rotation": [0, -37.5, 0], "uv": [188, 0]},
						{"origin": [-3.5, 27, -28], "size": [7, 4, 2], "uv": [234, 42]},
						{"origin": [-1.5, 28, -29], "size": [3, 2, 2], "uv": [202, 44]},
						{"origin": [-0.5, 26, -29], "size": [1, 2, 2], "uv": [233, 31]},
						{"origin": [-0.5, 29, -30], "size": [1, 2, 2], "uv": [223, 31]},
						{"origin": [-5.5, 29, -17], "size": [11, 3, 1], "uv": [214, 33]},
						{"origin": [-5.5, 29, -23], "size": [11, 4, 5], "uv": [201, 39]},
						{"origin": [-1.5, 32, -30], "size": [3, 2, 11], "uv": [207, 37]},
						{"origin": [-1, 32, -26], "size": [2, 2, 9.25], "pivot": [0, 33, -20.5], "rotation": [-15, 0, 0], "uv": [231, 76]},
						{"origin": [-2, 32, -22], "size": [4, 3, 3.25], "pivot": [0, 33, -20.5], "rotation": [-15, 0, 0], "uv": [236, 82]},
						{"origin": [-3.5, 32, -25], "size": [7, 1, 2], "uv": [222, 37]},
						{"origin": [-2.5, 31, -29], "size": [5, 2, 4], "uv": [238, 49]},
						{"origin": [-6.5, 29, -24], "size": [13, 3, 7], "uv": [214, 37]},
						{"origin": [-5.5, 29, -27], "size": [11, 3, 3], "uv": [203, 45]},
						{"origin": [-7.5, 26, -21], "size": [15, 2, 3], "uv": [207, 34]},
						{"origin": [-7.5, 29, -21], "size": [15, 2, 3], "uv": [207, 34]},
						{"origin": [-7, 27, -24.5], "size": [14, 3, 4], "uv": [209, 31]},
						{"origin": [-6.5, 26.5, -25], "size": [3, 3, 4], "uv": [198, 39]},
						{"origin": [3.5, 26.5, -25], "size": [3, 3, 3], "uv": [198, 40], "mirror": true},
						{"origin": [-6.5, 27, -21], "size": [13, 2, 5], "uv": [206, 36]},
						{"origin": [-5.5, 25.75, -23], "size": [11, 5, 6], "uv": [222, 53]}
					]
				},
				{
					"name": "Parpado",
					"parent": "helmet",
					"pivot": [-4, 30.5, -25],
					"cubes": [
						{"origin": [-5, 29.5, -26.5], "size": [2, 2, 3], "uv": [204, 45]}
					]
				},
				{
					"name": "Parpado2",
					"parent": "helmet",
					"pivot": [4, 30.5, -25],
					"cubes": [
						{"origin": [3, 29.5, -26.5], "size": [2, 2, 3], "uv": [204, 45], "mirror": true}
					]
				},
				{
					"name": "vines",
					"parent": "helmet",
					"pivot": [-1, 32.83244, -37.73376],
					"cubes": [
						{"origin": [-3, 38.58244, -33.98376], "size": [1, 1, 4], "pivot": [-2, 39.58244, -33.98376], "rotation": [-90, 0, -22.5], "uv": [237, 65]},
						{"origin": [-5.53744, 34.46765, -19.52471], "size": [0, 4, 5], "pivot": [-5.53744, 36.46765, -17.02471], "rotation": [-121.68028, -19.90804, -25.0935], "uv": [224, 87]},
						{"origin": [-2, 39.83244, -35.73376], "size": [1, 1, 3], "pivot": [-1.5, 40.33244, -34.23376], "rotation": [0, -90, -42.5], "uv": [234, 79]},
						{"origin": [1, 39.83244, -35.73376], "size": [1, 1, 3], "pivot": [1.5, 40.33244, -34.23376], "rotation": [0, 90, 42.5], "uv": [241, 75], "mirror": true},
						{"origin": [2.25, 37.58244, -34.48376], "size": [1, 1, 3], "pivot": [2.75, 38.08244, -32.98376], "rotation": [-50, 0, -12.5], "uv": [241, 75], "mirror": true},
						{"origin": [1.15, 36.08244, -32.88376], "size": [1, 1, 3], "pivot": [1.65, 36.58244, -31.38376], "rotation": [-35.90179, -67.50348, 17.97857], "uv": [241, 75], "mirror": true},
						{"origin": [-1.35, 35.08244, -32.88376], "size": [1, 1, 3], "pivot": [-0.85, 35.58244, -31.38376], "rotation": [-150.87723, -80.95406, 143.80897], "uv": [241, 75], "mirror": true},
						{"origin": [-3.35, 30.58244, -32.88376], "size": [1, 1, 3], "pivot": [-2.85, 31.08244, -31.38376], "rotation": [59.44553, -87.32305, -166.22173], "uv": [241, 75], "mirror": true},
						{"origin": [-1.85, 28.08244, -32.88376], "size": [1, 1, 3], "pivot": [-1.35, 28.58244, -31.38376], "rotation": [44.59995, -77.43558, 176.04851], "uv": [241, 75], "mirror": true},
						{"origin": [0.6, 28.08244, -32.13376], "size": [1, 1, 3], "pivot": [1.1, 28.58244, -30.63376], "rotation": [-145.7843, 82.48652, -6.58314], "uv": [241, 75]},
						{"origin": [1.85, 30.33244, -31.38376], "size": [1, 1, 3], "pivot": [2.35, 30.83244, -29.88376], "rotation": [-172.43512, 73.85388, -70.25919], "uv": [241, 75]},
						{"origin": [1.85, 32.83244, -30.13376], "size": [1, 1, 3], "pivot": [2.35, 33.33244, -28.63376], "rotation": [-175.00802, 56.38348, -97.62074], "uv": [241, 75]},
						{"origin": [0.6, 34.33244, -28.13376], "size": [1, 1, 3], "pivot": [1.1, 34.83244, -26.63376], "rotation": [-141.51358, 18.27961, -84.4255], "uv": [241, 75]},
						{"origin": [-3.9, 33.83244, -20.38376], "size": [1, 1, 4], "pivot": [-3.4, 34.33244, -18.88376], "rotation": [-123.39679, 15.74767, -79.0825], "uv": [240, 74]},
						{"origin": [5.53744, 34.46765, -19.52471], "size": [0, 4, 5], "pivot": [5.53744, 36.46765, -17.02471], "rotation": [-121.68028, 19.90804, 25.0935], "uv": [224, 87], "mirror": true},
						{"origin": [2.9, 33.83244, -20.38376], "size": [1, 1, 4], "pivot": [3.4, 34.33244, -18.88376], "rotation": [-123.39679, -15.74767, 79.0825], "uv": [240, 74], "mirror": true},
						{"origin": [-3.35, 33.58244, -32.88376], "size": [1, 1, 3], "pivot": [-2.85, 34.08244, -31.38376], "rotation": [7.91641, -83.79319, -84.80618], "uv": [241, 75], "mirror": true},
						{"origin": [-0.25, 40.83244, -35.48376], "size": [1, 1, 2], "pivot": [0.25, 41.33244, -33.98376], "rotation": [0, 90, 0], "uv": [235, 72], "mirror": true}
					]
				},
				{
					"name": "horns",
					"parent": "helmet",
					"pivot": [0, 40.05954, -26.27739]
				},
				{
					"name": "bigHorn",
					"parent": "horns",
					"pivot": [0.5, 39.91656, -32.61877],
					"cubes": [
						{"origin": [-2, 34.4059, -30.38495], "size": [4, 3, 9], "pivot": [0, 39.91656, -32.61877], "rotation": [-40, 0, 0], "uv": [209, 1]},
						{"origin": [-1.5, 35.86625, -35.26534], "size": [3, 3, 7], "pivot": [0.5, 39.91656, -32.61877], "rotation": [-65, 0, 0], "uv": [229, 0]},
						{"origin": [-1, 36.01862, -39.13561], "size": [2, 2, 6], "pivot": [0.5, 39.91656, -32.61877], "rotation": [-95, 0, 0], "uv": [240, 11]},
						{"origin": [-0.5, 34.74532, -40.53055], "size": [1, 1, 4], "pivot": [0.5, 39.91656, -32.61877], "rotation": [-117.5, 0, 0], "uv": [246, 6]}
					]
				},
				{
					"name": "lilHorn",
					"parent": "horns",
					"pivot": [0, 41.73883, -30.13245],
					"rotation": [-52.5, 0, 0],
					"cubes": [
						{"origin": [-2, 34.25928, -25.55025], "size": [4, 3, 3], "pivot": [0, 34.25928, -27.55025], "rotation": [102.5, 0, 0], "uv": [242, 0]},
						{"origin": [-1, 39.14076, -28.63245], "size": [2, 2, 3], "pivot": [0, 39.14076, -28.63245], "rotation": [120, 0, 0], "uv": [226, 0]},
						{"origin": [-0.5, 41.73883, -30.13245], "size": [1, 1, 3], "pivot": [0, 41.73883, -30.13245], "rotation": [132.5, 0, 0], "uv": [232, 10]}
					]
				},
				{
					"name": "corazaDer",
					"parent": "boddy",
					"pivot": [-2, 30, -15]
				},
				{
					"name": "coraza11",
					"parent": "corazaDer",
					"pivot": [-2, 1, 0],
					"cubes": [
						{"origin": [-8, 28.5, -10.02448], "size": [8, 5, 7], "pivot": [-2, 30.5, -10.52448], "rotation": [-5, 0, 0], "uv": [226, 243]},
						{"origin": [-8, 28.445, -16.765], "size": [8, 5, 7], "inflate": 0.1, "pivot": [-2.5, 33.445, -9.765], "rotation": [17.5, 0, 0], "uv": [226, 240]},
						{"origin": [-4, 19.67945, 18.85496], "size": [4, 2, 17], "pivot": [-2.5, 21.67945, 18.85496], "rotation": [-57.5, 0, 0], "uv": [214, 237]},
						{"origin": [-5, 22.36584, 15.47701], "size": [5, 3, 5], "pivot": [-2.5, 25.36584, 15.47701], "rotation": [-47.5, 0, 0], "uv": [228, 240]},
						{"origin": [-5, 25.8073, 10.56209], "size": [5, 3, 6], "pivot": [-2.5, 28.8073, 10.56209], "rotation": [-35, 0, 0], "uv": [229, 243]},
						{"origin": [-6, 28.1034, 5.01882], "size": [6, 3, 6], "pivot": [-2.5, 31.1034, 5.01882], "rotation": [-22.5, 0, 0], "uv": [226, 244]},
						{"origin": [-7, 28.83492, -2.79155], "size": [7, 4, 8], "pivot": [-2.5, 32.83492, -2.79155], "rotation": [-12.5, 0, 0], "uv": [226, 243]}
					]
				},
				{
					"name": "coraza12",
					"parent": "corazaDer",
					"pivot": [-2, 0, 0],
					"cubes": [
						{"origin": [-9, 27.5, -9.02448], "size": [2, 5, 6], "inflate": 0.1, "pivot": [-2, 29.5, -10.52448], "rotation": [-5, 0, 0], "uv": [238, 245]},
						{"origin": [-9, 26.35785, -14.76872], "size": [2, 6, 6], "pivot": [-2.5, 32.35785, -8.76872], "rotation": [15, 0, 0], "uv": [227, 244]},
						{"origin": [-5, 18.67945, 18.85496], "size": [2, 2, 15], "pivot": [-2.5, 20.67945, 18.85496], "rotation": [-57.5, 0, 0], "uv": [222, 239]},
						{"origin": [-6, 21.36584, 15.47701], "size": [2, 3, 5], "pivot": [-2.5, 24.36584, 15.47701], "rotation": [-47.5, 0, 0], "uv": [234, 243]},
						{"origin": [-6, 24.8073, 10.56209], "size": [2, 3, 6], "pivot": [-2.5, 27.8073, 10.56209], "rotation": [-35, 0, 0], "uv": [229, 239]},
						{"origin": [-7, 27.1034, 5.01882], "size": [2, 3, 6], "pivot": [-2.5, 30.1034, 5.01882], "rotation": [-22.5, 0, 0], "uv": [232, 239]},
						{"origin": [-8, 27.83492, -2.79155], "size": [2, 4, 8], "pivot": [-2.5, 31.83492, -2.79155], "rotation": [-12.5, 0, 0], "uv": [236, 243]}
					]
				},
				{
					"name": "coraza13",
					"parent": "corazaDer",
					"pivot": [-2, -1, 0],
					"cubes": [
						{"origin": [-10, 27.84205, -12.90039], "size": [2, 3, 10], "pivot": [-9, 30.84205, -2.90039], "rotation": [0, -7.5, 0], "uv": [229, 240]},
						{"origin": [-6, 17.67945, 18.85496], "size": [2, 2, 13], "pivot": [-2.5, 19.67945, 18.85496], "rotation": [-57.5, 0, 0], "uv": [226, 241]},
						{"origin": [-7, 20.36584, 15.47701], "size": [2, 3, 5], "pivot": [-2.5, 23.36584, 15.47701], "rotation": [-47.5, 0, 0], "uv": [236, 241]},
						{"origin": [-7, 23.8073, 10.56209], "size": [2, 3, 6], "pivot": [-2.5, 26.8073, 10.56209], "rotation": [-35, 0, 0], "uv": [228, 239]},
						{"origin": [-8, 26.1034, 5.01882], "size": [2, 3, 6], "pivot": [-2.5, 29.1034, 5.01882], "rotation": [-22.5, 0, 0], "uv": [229, 243]},
						{"origin": [-9, 26.83492, -3.79155], "size": [2, 4, 9], "pivot": [-2.5, 30.83492, -2.79155], "rotation": [-12.5, 0, 0], "uv": [222, 241]}
					]
				},
				{
					"name": "coraza14",
					"parent": "corazaDer",
					"pivot": [-2, -2, 0],
					"cubes": [
						{"origin": [-11.02844, 24.83492, -11.79342], "size": [2, 5, 9], "pivot": [-10.02844, 29.83492, -2.79342], "rotation": [-2.5, -7.5, 0], "uv": [229, 242]},
						{"origin": [-7, 16.67945, 18.85496], "size": [2, 2, 11], "pivot": [-2.5, 18.67945, 18.85496], "rotation": [-57.5, 0, 0], "uv": [222, 243]},
						{"origin": [-8, 19.36584, 15.47701], "size": [2, 3, 5], "pivot": [-2.5, 22.36584, 15.47701], "rotation": [-47.5, 0, 0], "uv": [232, 239]},
						{"origin": [-8, 22.8073, 10.56209], "size": [2, 3, 6], "pivot": [-2.5, 25.8073, 10.56209], "rotation": [-35, 0, 0], "uv": [234, 240]},
						{"origin": [-9, 25.1034, 5.01882], "size": [2, 3, 6], "pivot": [-2.5, 28.1034, 5.01882], "rotation": [-22.5, 0, 0], "uv": [234, 242]},
						{"origin": [-10, 25.83492, -2.79155], "size": [2, 4, 8], "pivot": [-2.5, 29.83492, -2.79155], "rotation": [-12.5, 0, 0], "uv": [228, 244]}
					]
				},
				{
					"name": "coraza15",
					"parent": "corazaDer",
					"pivot": [-2, -3, 0],
					"cubes": [
						{"origin": [-12, 23.84443, -11.00944], "size": [2, 5, 8], "pivot": [-11, 26.34443, -3.00944], "rotation": [-5, -7.5, 0], "uv": [230, 242]},
						{"origin": [-8, 15.67945, 18.85496], "size": [2, 2, 9], "pivot": [-2.5, 17.67945, 18.85496], "rotation": [-57.5, 0, 0], "uv": [226, 237]},
						{"origin": [-9, 18.36584, 15.47701], "size": [2, 3, 5], "pivot": [-2.5, 21.36584, 15.47701], "rotation": [-47.5, 0, 0], "uv": [232, 242]},
						{"origin": [-9, 21.8073, 10.56209], "size": [2, 3, 6], "pivot": [-2.5, 24.8073, 10.56209], "rotation": [-35, 0, 0], "uv": [232, 239]},
						{"origin": [-10, 24.1034, 5.01882], "size": [2, 3, 6], "pivot": [-2.5, 27.1034, 5.01882], "rotation": [-22.5, 0, 0], "uv": [227, 241]},
						{"origin": [-11, 24.83492, -2.79155], "size": [2, 4, 8], "pivot": [-2.5, 28.83492, -2.79155], "rotation": [-12.5, 0, 0], "uv": [224, 242]}
					]
				},
				{
					"name": "coraza16",
					"parent": "corazaDer",
					"pivot": [-2, -4, 0],
					"cubes": [
						{"origin": [-13, 22.84443, -10.00944], "size": [2, 5, 7], "pivot": [-12, 25.34443, -3.00944], "rotation": [-5, -10, 0], "uv": [232, 241]},
						{"origin": [-9, 14.67945, 18.85496], "size": [2, 2, 7], "pivot": [-2.5, 16.67945, 18.85496], "rotation": [-57.5, 0, 0], "uv": [238, 244]},
						{"origin": [-10, 17.36584, 15.47701], "size": [2, 3, 5], "pivot": [-2.5, 20.36584, 15.47701], "rotation": [-47.5, 0, 0], "uv": [242, 242]},
						{"origin": [-10, 20.8073, 10.56209], "size": [2, 3, 6], "pivot": [-2.5, 23.8073, 10.56209], "rotation": [-35, 0, 0], "uv": [226, 243]},
						{"origin": [-11, 23.1034, 5.01882], "size": [2, 3, 6], "pivot": [-2.5, 26.1034, 5.01882], "rotation": [-22.5, 0, 0], "uv": [235, 244]},
						{"origin": [-12, 23.83492, -2.79155], "size": [2, 4, 8], "pivot": [-2.5, 27.83492, -2.79155], "rotation": [-12.5, 0, 0], "uv": [225, 242]}
					]
				},
				{
					"name": "coraza17",
					"parent": "corazaDer",
					"pivot": [-2, -5, 0],
					"cubes": [
						{"origin": [-14, 21.84443, -9.00944], "size": [2, 5, 6], "pivot": [-13, 24.34443, -3.00944], "rotation": [-5, -15, 0], "uv": [237, 242]},
						{"origin": [-10, 13.67945, 18.85496], "size": [2, 2, 5], "pivot": [-2.5, 15.67945, 18.85496], "rotation": [-57.5, 0, 0], "uv": [222, 247]},
						{"origin": [-11, 16.36584, 15.47701], "size": [2, 3, 5], "pivot": [-2.5, 19.36584, 15.47701], "rotation": [-47.5, 0, 0], "uv": [224, 245]},
						{"origin": [-11, 19.8073, 10.56209], "size": [2, 3, 6], "pivot": [-2.5, 22.8073, 10.56209], "rotation": [-35, 0, 0], "uv": [239, 244]},
						{"origin": [-12, 22.1034, 5.01882], "size": [2, 3, 6], "pivot": [-2.5, 25.1034, 5.01882], "rotation": [-22.5, 0, 0], "uv": [225, 242]},
						{"origin": [-13, 22.83492, -2.79155], "size": [2, 4, 8], "pivot": [-2.5, 26.83492, -2.79155], "rotation": [-12.5, 0, 0], "uv": [221, 243]}
					]
				},
				{
					"name": "coraza18",
					"parent": "corazaDer",
					"pivot": [-2, -6, 0],
					"cubes": [
						{"origin": [-15, 20.84443, -8.00944], "size": [2, 5, 5], "pivot": [-14, 23.34443, -3.00944], "rotation": [-5, -15, 0], "uv": [227, 242]},
						{"origin": [-11, 12.67945, 18.85496], "size": [2, 2, 3], "pivot": [-2.5, 14.67945, 18.85496], "rotation": [-57.5, 0, 0], "uv": [236, 244]},
						{"origin": [-11.75, 15.36584, 15.47701], "size": [2, 3, 5], "pivot": [-2.25, 18.36584, 15.47701], "rotation": [-47.5, 0, 0], "uv": [227, 239]},
						{"origin": [-12, 18.8073, 10.56209], "size": [2, 3, 6], "pivot": [-2.5, 21.8073, 10.56209], "rotation": [-35, 0, 0], "uv": [238, 243]},
						{"origin": [-13, 21.1034, 5.01882], "size": [2, 3, 6], "pivot": [-2.5, 24.1034, 5.01882], "rotation": [-22.5, 0, 0], "uv": [231, 241]},
						{"origin": [-14, 21.83492, -2.79155], "size": [2, 4, 8], "pivot": [-2.5, 25.83492, -2.79155], "rotation": [-12.5, 0, 0], "uv": [221, 243]}
					]
				},
				{
					"name": "coraza19",
					"parent": "corazaDer",
					"pivot": [-2, -8, 0],
					"cubes": [
						{"origin": [-16, 19.84443, -7.00944], "size": [2, 4, 4], "pivot": [-15, 21.34443, -3.00944], "rotation": [-5, -15, 0], "uv": [238, 241]},
						{"origin": [-12, 13.36584, 15.47701], "size": [2, 3, 5], "pivot": [-2.5, 16.36584, 15.47701], "rotation": [-47.5, 0, 0], "uv": [242, 246]},
						{"origin": [-13, 16.8073, 10.56209], "size": [2, 3, 6], "pivot": [-2.5, 19.8073, 10.56209], "rotation": [-35, 0, 0], "uv": [229, 240]},
						{"origin": [-14, 19.1034, 5.01882], "size": [2, 3, 6], "pivot": [-2.5, 22.1034, 5.01882], "rotation": [-22.5, 0, 0], "uv": [238, 241]},
						{"origin": [-15, 19.83492, -2.79155], "size": [2, 4, 8], "pivot": [-2.5, 23.83492, -2.79155], "rotation": [-12.5, 0, 0], "uv": [236, 241]}
					]
				},
				{
					"name": "corazaIz",
					"parent": "boddy",
					"pivot": [2, 30, -15]
				},
				{
					"name": "coraza2",
					"parent": "corazaIz",
					"pivot": [2, 1, 0],
					"cubes": [
						{"origin": [0, 28.5, -10.02448], "size": [8, 5, 7], "pivot": [2, 30.5, -10.52448], "rotation": [-5, 0, 0], "uv": [226, 243], "mirror": true},
						{"origin": [0, 28.445, -16.765], "size": [8, 5, 7], "inflate": 0.1, "pivot": [2.5, 33.445, -9.765], "rotation": [17.5, 0, 0], "uv": [226, 240], "mirror": true},
						{"origin": [0, 19.67945, 18.85496], "size": [4, 2, 17], "pivot": [2.5, 21.67945, 18.85496], "rotation": [-57.5, 0, 0], "uv": [214, 237], "mirror": true},
						{"origin": [0, 22.36584, 15.47701], "size": [5, 3, 5], "pivot": [2.5, 25.36584, 15.47701], "rotation": [-47.5, 0, 0], "uv": [228, 240], "mirror": true},
						{"origin": [0, 25.8073, 10.56209], "size": [5, 3, 6], "pivot": [2.5, 28.8073, 10.56209], "rotation": [-35, 0, 0], "uv": [229, 243], "mirror": true},
						{"origin": [0, 28.1034, 5.01882], "size": [6, 3, 6], "pivot": [2.5, 31.1034, 5.01882], "rotation": [-22.5, 0, 0], "uv": [226, 244], "mirror": true},
						{"origin": [0, 28.83492, -2.79155], "size": [7, 4, 8], "pivot": [2.5, 32.83492, -2.79155], "rotation": [-12.5, 0, 0], "uv": [226, 243], "mirror": true}
					]
				},
				{
					"name": "coraza3",
					"parent": "corazaIz",
					"pivot": [2, 0, 0],
					"cubes": [
						{"origin": [7, 27.5, -9.02448], "size": [2, 5, 6], "inflate": 0.1, "pivot": [2, 29.5, -10.52448], "rotation": [-5, 0, 0], "uv": [238, 245], "mirror": true},
						{"origin": [7, 26.35785, -14.76872], "size": [2, 6, 6], "pivot": [2.5, 32.35785, -8.76872], "rotation": [15, 0, 0], "uv": [227, 244], "mirror": true},
						{"origin": [3, 18.67945, 18.85496], "size": [2, 2, 15], "pivot": [2.5, 20.67945, 18.85496], "rotation": [-57.5, 0, 0], "uv": [222, 239], "mirror": true},
						{"origin": [4, 21.36584, 15.47701], "size": [2, 3, 5], "pivot": [2.5, 24.36584, 15.47701], "rotation": [-47.5, 0, 0], "uv": [234, 243], "mirror": true},
						{"origin": [4, 24.8073, 10.56209], "size": [2, 3, 6], "pivot": [2.5, 27.8073, 10.56209], "rotation": [-35, 0, 0], "uv": [229, 239], "mirror": true},
						{"origin": [5, 27.1034, 5.01882], "size": [2, 3, 6], "pivot": [2.5, 30.1034, 5.01882], "rotation": [-22.5, 0, 0], "uv": [232, 239], "mirror": true},
						{"origin": [6, 27.83492, -2.79155], "size": [2, 4, 8], "pivot": [2.5, 31.83492, -2.79155], "rotation": [-12.5, 0, 0], "uv": [236, 243], "mirror": true}
					]
				},
				{
					"name": "coraza4",
					"parent": "corazaIz",
					"pivot": [2, -1, 0],
					"cubes": [
						{"origin": [8, 27.84205, -12.90039], "size": [2, 3, 10], "pivot": [9, 30.84205, -2.90039], "rotation": [0, 7.5, 0], "uv": [229, 240], "mirror": true},
						{"origin": [4, 17.67945, 18.85496], "size": [2, 2, 13], "pivot": [2.5, 19.67945, 18.85496], "rotation": [-57.5, 0, 0], "uv": [226, 241], "mirror": true},
						{"origin": [5, 20.36584, 15.47701], "size": [2, 3, 5], "pivot": [2.5, 23.36584, 15.47701], "rotation": [-47.5, 0, 0], "uv": [236, 241], "mirror": true},
						{"origin": [5, 23.8073, 10.56209], "size": [2, 3, 6], "pivot": [2.5, 26.8073, 10.56209], "rotation": [-35, 0, 0], "uv": [228, 239], "mirror": true},
						{"origin": [6, 26.1034, 5.01882], "size": [2, 3, 6], "pivot": [2.5, 29.1034, 5.01882], "rotation": [-22.5, 0, 0], "uv": [229, 243], "mirror": true},
						{"origin": [7, 26.83492, -3.79155], "size": [2, 4, 9], "pivot": [2.5, 30.83492, -2.79155], "rotation": [-12.5, 0, 0], "uv": [222, 241], "mirror": true}
					]
				},
				{
					"name": "coraza5",
					"parent": "corazaIz",
					"pivot": [2, -2, 0],
					"cubes": [
						{"origin": [9.02844, 24.83492, -11.79342], "size": [2, 5, 9], "pivot": [10.02844, 29.83492, -2.79342], "rotation": [-2.5, 7.5, 0], "uv": [229, 242], "mirror": true},
						{"origin": [5, 16.67945, 18.85496], "size": [2, 2, 11], "pivot": [2.5, 18.67945, 18.85496], "rotation": [-57.5, 0, 0], "uv": [222, 243], "mirror": true},
						{"origin": [6, 19.36584, 15.47701], "size": [2, 3, 5], "pivot": [2.5, 22.36584, 15.47701], "rotation": [-47.5, 0, 0], "uv": [232, 239], "mirror": true},
						{"origin": [6, 22.8073, 10.56209], "size": [2, 3, 6], "pivot": [2.5, 25.8073, 10.56209], "rotation": [-35, 0, 0], "uv": [234, 240], "mirror": true},
						{"origin": [7, 25.1034, 5.01882], "size": [2, 3, 6], "pivot": [2.5, 28.1034, 5.01882], "rotation": [-22.5, 0, 0], "uv": [234, 242], "mirror": true},
						{"origin": [8, 25.83492, -2.79155], "size": [2, 4, 8], "pivot": [2.5, 29.83492, -2.79155], "rotation": [-12.5, 0, 0], "uv": [228, 244], "mirror": true}
					]
				},
				{
					"name": "coraza6",
					"parent": "corazaIz",
					"pivot": [2, -3, 0],
					"cubes": [
						{"origin": [10, 23.84443, -11.00944], "size": [2, 5, 8], "pivot": [11, 26.34443, -3.00944], "rotation": [-5, 7.5, 0], "uv": [230, 242], "mirror": true},
						{"origin": [6, 15.67945, 18.85496], "size": [2, 2, 9], "pivot": [2.5, 17.67945, 18.85496], "rotation": [-57.5, 0, 0], "uv": [226, 237], "mirror": true},
						{"origin": [7, 18.36584, 15.47701], "size": [2, 3, 5], "pivot": [2.5, 21.36584, 15.47701], "rotation": [-47.5, 0, 0], "uv": [232, 242], "mirror": true},
						{"origin": [7, 21.8073, 10.56209], "size": [2, 3, 6], "pivot": [2.5, 24.8073, 10.56209], "rotation": [-35, 0, 0], "uv": [232, 239], "mirror": true},
						{"origin": [8, 24.1034, 5.01882], "size": [2, 3, 6], "pivot": [2.5, 27.1034, 5.01882], "rotation": [-22.5, 0, 0], "uv": [227, 241], "mirror": true},
						{"origin": [9, 24.83492, -2.79155], "size": [2, 4, 8], "pivot": [2.5, 28.83492, -2.79155], "rotation": [-12.5, 0, 0], "uv": [224, 242], "mirror": true}
					]
				},
				{
					"name": "coraza7",
					"parent": "corazaIz",
					"pivot": [2, -4, 0],
					"cubes": [
						{"origin": [11, 22.84443, -10.00944], "size": [2, 5, 7], "pivot": [12, 25.34443, -3.00944], "rotation": [-5, 10, 0], "uv": [232, 241], "mirror": true},
						{"origin": [7, 14.67945, 18.85496], "size": [2, 2, 7], "pivot": [2.5, 16.67945, 18.85496], "rotation": [-57.5, 0, 0], "uv": [238, 244], "mirror": true},
						{"origin": [8, 17.36584, 15.47701], "size": [2, 3, 5], "pivot": [2.5, 20.36584, 15.47701], "rotation": [-47.5, 0, 0], "uv": [242, 242], "mirror": true},
						{"origin": [8, 20.8073, 10.56209], "size": [2, 3, 6], "pivot": [2.5, 23.8073, 10.56209], "rotation": [-35, 0, 0], "uv": [226, 243], "mirror": true},
						{"origin": [9, 23.1034, 5.01882], "size": [2, 3, 6], "pivot": [2.5, 26.1034, 5.01882], "rotation": [-22.5, 0, 0], "uv": [235, 244], "mirror": true},
						{"origin": [10, 23.83492, -2.79155], "size": [2, 4, 8], "pivot": [2.5, 27.83492, -2.79155], "rotation": [-12.5, 0, 0], "uv": [225, 242], "mirror": true}
					]
				},
				{
					"name": "coraza8",
					"parent": "corazaIz",
					"pivot": [2, -5, 0],
					"cubes": [
						{"origin": [12, 21.84443, -9.00944], "size": [2, 5, 6], "pivot": [13, 24.34443, -3.00944], "rotation": [-5, 15, 0], "uv": [237, 242], "mirror": true},
						{"origin": [8, 13.67945, 18.85496], "size": [2, 2, 5], "pivot": [2.5, 15.67945, 18.85496], "rotation": [-57.5, 0, 0], "uv": [222, 247], "mirror": true},
						{"origin": [9, 16.36584, 15.47701], "size": [2, 3, 5], "pivot": [2.5, 19.36584, 15.47701], "rotation": [-47.5, 0, 0], "uv": [224, 245], "mirror": true},
						{"origin": [9, 19.8073, 10.56209], "size": [2, 3, 6], "pivot": [2.5, 22.8073, 10.56209], "rotation": [-35, 0, 0], "uv": [239, 244], "mirror": true},
						{"origin": [10, 22.1034, 5.01882], "size": [2, 3, 6], "pivot": [2.5, 25.1034, 5.01882], "rotation": [-22.5, 0, 0], "uv": [225, 242], "mirror": true},
						{"origin": [11, 22.83492, -2.79155], "size": [2, 4, 8], "pivot": [2.5, 26.83492, -2.79155], "rotation": [-12.5, 0, 0], "uv": [221, 243], "mirror": true}
					]
				},
				{
					"name": "coraza9",
					"parent": "corazaIz",
					"pivot": [2, -6, 0],
					"cubes": [
						{"origin": [13, 20.84443, -8.00944], "size": [2, 5, 5], "pivot": [14, 23.34443, -3.00944], "rotation": [-5, 15, 0], "uv": [227, 242], "mirror": true},
						{"origin": [9, 12.67945, 18.85496], "size": [2, 2, 3], "pivot": [2.5, 14.67945, 18.85496], "rotation": [-57.5, 0, 0], "uv": [236, 244], "mirror": true},
						{"origin": [9.75, 15.36584, 15.47701], "size": [2, 3, 5], "pivot": [2.25, 18.36584, 15.47701], "rotation": [-47.5, 0, 0], "uv": [227, 239], "mirror": true},
						{"origin": [10, 18.8073, 10.56209], "size": [2, 3, 6], "pivot": [2.5, 21.8073, 10.56209], "rotation": [-35, 0, 0], "uv": [238, 243], "mirror": true},
						{"origin": [11, 21.1034, 5.01882], "size": [2, 3, 6], "pivot": [2.5, 24.1034, 5.01882], "rotation": [-22.5, 0, 0], "uv": [231, 241], "mirror": true},
						{"origin": [12, 21.83492, -2.79155], "size": [2, 4, 8], "pivot": [2.5, 25.83492, -2.79155], "rotation": [-12.5, 0, 0], "uv": [221, 243], "mirror": true}
					]
				},
				{
					"name": "coraza10",
					"parent": "corazaIz",
					"pivot": [2, -8, 0],
					"cubes": [
						{"origin": [14, 19.84443, -7.00944], "size": [2, 4, 4], "pivot": [15, 21.34443, -3.00944], "rotation": [-5, 15, 0], "uv": [238, 241], "mirror": true},
						{"origin": [10, 13.36584, 15.47701], "size": [2, 3, 5], "pivot": [2.5, 16.36584, 15.47701], "rotation": [-47.5, 0, 0], "uv": [242, 246], "mirror": true},
						{"origin": [11, 16.8073, 10.56209], "size": [2, 3, 6], "pivot": [2.5, 19.8073, 10.56209], "rotation": [-35, 0, 0], "uv": [229, 240], "mirror": true},
						{"origin": [12, 19.1034, 5.01882], "size": [2, 3, 6], "pivot": [2.5, 22.1034, 5.01882], "rotation": [-22.5, 0, 0], "uv": [238, 241], "mirror": true},
						{"origin": [13, 19.83492, -2.79155], "size": [2, 4, 8], "pivot": [2.5, 23.83492, -2.79155], "rotation": [-12.5, 0, 0], "uv": [236, 241], "mirror": true}
					]
				},
				{
					"name": "PDerTr",
					"parent": "all",
					"pivot": [-11, 12, 9],
					"cubes": [
						{"origin": [-16, 9, 7], "size": [6, 6, 6], "uv": [0, 127]},
						{"origin": [-15, 10, 9], "size": [4, 5, 11], "pivot": [-12.5, 13.5, 9], "rotation": [45, 0, 0], "uv": [52, 95]}
					]
				},
				{
					"name": "bone7",
					"parent": "PDerTr",
					"pivot": [-13, 17.91927, 17.20402],
					"cubes": [
						{"origin": [-14, 1.76296, 16.1644], "size": [2, 17, 2], "pivot": [-13, 18.76296, 17.1644], "rotation": [-12.5, 0, 0], "uv": [143, 152], "mirror": true}
					]
				},
				{
					"name": "bone15",
					"parent": "bone7",
					"pivot": [-13, 2.14222, 13.70136],
					"cubes": [
						{"origin": [-13.5, -0.85778, 13.70136], "size": [1, 3, 1], "pivot": [-13, 2.14222, 13.70136], "rotation": [42.5, 0, 0], "uv": [0, 0], "mirror": true}
					]
				},
				{
					"name": "PDerFR",
					"parent": "all",
					"pivot": [-9, 13, 2],
					"cubes": [
						{"origin": [-12, 11, 0], "size": [4, 4, 4], "uv": [12, 139]},
						{"origin": [-13, 11, -4], "size": [4, 4, 5], "pivot": [-10.5, 13.5, 2], "rotation": [45, 0, 0], "uv": [156, 37]}
					]
				},
				{
					"name": "bone9",
					"parent": "PDerFR",
					"pivot": [-11, 9.14222, -1.70136],
					"cubes": [
						{"origin": [-12, 2, -2], "size": [2, 9, 2], "pivot": [-11, 9, -1], "rotation": [12.5, 0, 0], "uv": [143, 152]}
					]
				},
				{
					"name": "bone11",
					"parent": "bone9",
					"pivot": [-11, 2.14222, 0.29864],
					"cubes": [
						{"origin": [-11.5, -0.85778, -0.70136], "size": [1, 3, 1], "pivot": [-11, 2.14222, 0.29864], "rotation": [-42.5, 0, 0], "uv": [0, 0]}
					]
				},
				{
					"name": "PIzTr",
					"parent": "all",
					"pivot": [11, 12, 9],
					"cubes": [
						{"origin": [10, 9, 7], "size": [6, 6, 6], "uv": [60, 126]},
						{"origin": [11, 10, 9], "size": [4, 5, 11], "pivot": [12.5, 13.5, 9], "rotation": [45, 0, 0], "uv": [78, 90]}
					]
				},
				{
					"name": "bone6",
					"parent": "PIzTr",
					"pivot": [13, 17.91927, 17.20402],
					"cubes": [
						{"origin": [12, 1.76296, 16.1644], "size": [2, 17, 2], "pivot": [13, 18.76296, 17.1644], "rotation": [-12.5, 0, 0], "uv": [143, 152]}
					]
				},
				{
					"name": "bone16",
					"parent": "bone6",
					"pivot": [13, 2.14222, 13.70136],
					"cubes": [
						{"origin": [12.5, -0.85778, 13.70136], "size": [1, 3, 1], "pivot": [13, 2.14222, 13.70136], "rotation": [42.5, 0, 0], "uv": [0, 0]}
					]
				},
				{
					"name": "PIzFr",
					"parent": "all",
					"pivot": [9, 13, 2],
					"cubes": [
						{"origin": [8, 11, 0], "size": [4, 4, 4], "uv": [167, 67]},
						{"origin": [9, 11, -4], "size": [4, 4, 5], "pivot": [11.5, 13.5, 2], "rotation": [45, 0, 0], "uv": [156, 37]}
					]
				},
				{
					"name": "bone8",
					"parent": "PIzFr",
					"pivot": [11, 9.14222, -1.70136],
					"cubes": [
						{"origin": [10, 2, -2], "size": [2, 9, 2], "pivot": [11, 9, -1], "rotation": [12.5, 0, 0], "uv": [143, 152], "mirror": true}
					]
				},
				{
					"name": "bone14",
					"parent": "bone8",
					"pivot": [11, 2.14222, 0.29864],
					"cubes": [
						{"origin": [10.5, -0.85778, -0.70136], "size": [1, 3, 1], "pivot": [11, 2.14222, 0.29864], "rotation": [-42.5, 0, 0], "uv": [0, 0], "mirror": true}
					]
				},
				{
					"name": "bDer",
					"parent": "all",
					"pivot": [-8.5, 26, -12.5],
					"cubes": [
						{"origin": [-18.5, 17, -12.75], "size": [6, 14, 6], "pivot": [-15, 17, -9.75], "rotation": [14.33287, -2.49762, 39.9055], "uv": [91, 120]}
					]
				},
				{
					"name": "bone12",
					"parent": "bDer",
					"pivot": [-16, 18.699, -11.3923],
					"cubes": [
						{"origin": [-19, -0.30099, -14.39233], "size": [6, 19, 6], "pivot": [-16, 18.69901, -11.39233], "rotation": [-25, 0, 0], "uv": [189, 231]},
						{"origin": [-16, 7.69901, -16.39233], "size": [4, 8, 3], "pivot": [-10, 17.69901, -16.4], "rotation": [-25, 0, 0], "uv": [195, 234]},
						{"origin": [-20, 1.69901, -14.39233], "size": [3, 20, 3], "pivot": [-16, 21.69901, -12.4], "rotation": [-25, 0, 0], "uv": [194, 234]},
						{"origin": [-21, 4.69901, -18.39233], "size": [6, 8, 5], "pivot": [-16, 14.69901, -16.4], "rotation": [-25, 0, 0], "uv": [190, 232]}
					]
				},
				{
					"name": "bone17",
					"parent": "bone12",
					"pivot": [-16, 1.5, -18.75],
					"cubes": [
						{"origin": [-18.5, 0, -21.75], "size": [5, 3, 6], "uv": [128, 247]}
					]
				},
				{
					"name": "bone2",
					"parent": "bone17",
					"pivot": [-15.5, 0, -17],
					"rotation": [12.5, -2.5, 0],
					"cubes": [
						{"origin": [-18.5, 0, -15.75], "size": [2, 2, 3], "uv": [97, 92]},
						{"origin": [-18, 0, -12.75], "size": [1, 1, 3], "pivot": [-17, 0, -12.75], "rotation": [45, 0, 0], "uv": [78, 51]}
					]
				},
				{
					"name": "bone",
					"parent": "bone17",
					"pivot": [-14.5, 0, -17],
					"rotation": [7.5, 2.5, 0],
					"cubes": [
						{"origin": [-15, 0, -12.75], "size": [1, 1, 3], "pivot": [-14, 0, -12.75], "rotation": [45, 0, 0], "uv": [78, 51]},
						{"origin": [-15.5, 0, -15.75], "size": [2, 2, 3], "uv": [97, 92]}
					]
				},
				{
					"name": "bIz",
					"parent": "all",
					"pivot": [8.5, 26, -12.5],
					"cubes": [
						{"origin": [12.5, 17, -12.75], "size": [6, 14, 6], "pivot": [15, 17, -9.75], "rotation": [14.33287, 2.49762, -39.9055], "uv": [91, 120], "mirror": true}
					]
				},
				{
					"name": "bone5",
					"parent": "bIz",
					"pivot": [14, 18, -11.4]
				},
				{
					"name": "bone13",
					"parent": "bone5",
					"pivot": [14, 18, -11.4],
					"cubes": [
						{"origin": [13, -0.30099, -14.39233], "size": [6, 19, 6], "pivot": [14, 18.69901, -11.4], "rotation": [-25, 0, 0], "uv": [189, 231], "mirror": true},
						{"origin": [17, 1.69901, -14.39233], "size": [3, 20, 3], "pivot": [16, 21.69901, -12.4], "rotation": [-25, 0, 0], "uv": [194, 234], "mirror": true},
						{"origin": [15, 4.69901, -18.39233], "size": [6, 8, 5], "pivot": [16, 14.69901, -16.4], "rotation": [-25, 0, 0], "uv": [190, 232], "mirror": true},
						{"origin": [12, 7.69901, -16.39233], "size": [4, 8, 3], "pivot": [10, 17.69901, -16.4], "rotation": [-25, 0, 0], "uv": [195, 234], "mirror": true}
					]
				},
				{
					"name": "bone18",
					"parent": "bone13",
					"pivot": [16, 1.5, -18.75],
					"cubes": [
						{"origin": [13.5, 0, -21.75], "size": [5, 3, 6], "uv": [128, 247], "mirror": true}
					]
				},
				{
					"name": "bone4",
					"parent": "bone18",
					"pivot": [14.5, 0, -17],
					"rotation": [7.5, -2.5, 0],
					"cubes": [
						{"origin": [14, 0, -12.75], "size": [1, 1, 3], "pivot": [14, 0, -12.75], "rotation": [45, 0, 0], "uv": [78, 51], "mirror": true},
						{"origin": [13.5, 0, -15.75], "size": [2, 2, 3], "uv": [97, 92], "mirror": true}
					]
				},
				{
					"name": "bone3",
					"parent": "bone18",
					"pivot": [15.5, 0, -17],
					"rotation": [12.5, 2.5, 0],
					"cubes": [
						{"origin": [16.5, 0, -15.75], "size": [2, 2, 3], "uv": [97, 92], "mirror": true},
						{"origin": [17, 0, -12.75], "size": [1, 1, 3], "pivot": [17, 0, -12.75], "rotation": [45, 0, 0], "uv": [78, 51], "mirror": true}
					]
				}
			]
		}
	]
}