{
    "enabled": true,
    "neededInstalledMods": [],
    "neededUninstalledMods": [],
    "spawns": [
        {
            "id": "golurkgear-1",
            "pokemon": "golurkgear",
            "presets": [
                "ancient_city"
            ],
            "type": "pokemon",
            "context": "grounded",
            "bucket": "uncommon",
            "level": "43-48",
            "weight": 16.0,
            "condition": {
                "minSkyLight": 0,
                "maxSkyLight": 7,
                "biomes": [
                    "#cobblemon:is_deep_dark"
                ]
            }
        },
        {
            "id": "golurkgear-2",
            "pokemon": "golurkgear",
            "presets": [
                "natural"
            ],
            "type": "pokemon",
            "context": "grounded",
            "bucket": "rare",
            "level": "43-48",
            "weight": 5.0,
            "condition": {
                "minSkyLight": 8,
                "maxSkyLight": 15,
                "biomes": [
                    "#cobblemon:is_overworld"
                ],
                "structures": [
                    "#cobblemon:ruin"
                ]
            }
        },
        {
            "id": "golurkgear-3",
            "pokemon": "golurkgear",
            "presets": [
                "trail_ruins"
            ],
            "type": "pokemon",
            "context": "grounded",
            "bucket": "common",
            "level": "43-48",
            "weight": 2.0,
            "condition": {
                "minSkyLight": 8,
                "maxSkyLight": 15,
                "biomes": [
                    "#cobblemon:is_overworld"
                ]
            }
        },
        {
            "id": "golurkgear-4",
            "pokemon": "golurkgear",
            "presets": [
                "natural",
                "jungle_pyramid"
            ],
            "type": "pokemon",
            "context": "grounded",
            "bucket": "common",
            "level": "43-48",
            "weight": 2.0,
            "condition": {
                "biomes": [
                    "#cobblemon:is_jungle"
                ]
            }
        },
        {
            "id": "golurkgear-5",
            "pokemon": "golurkgear",
            "type": "pokemon",
            "context": "grounded",
            "bucket": "common",
            "level": "43-48",
            "weight": 0.6,
            "condition": {
                "biomes": [
                    "the_bumblezone:howling_constructs"
                ]
            },
            "anticondition": {
                "structures": [
                    "#the_bumblezone:sempiternal_sanctums"
                ]
            }
        }
    ]
}