{
	"format_version": "1.8.0",
	"animations": {
		"animation.looreo.ground_idle": {
			"loop": true,
			"animation_length": 7.04,
			"bones": {
				"head": {
					"rotation": {
						"0.0": [0, 0, 0],
						"2.0": [5, 0, 0],
						"5.04": [-25, 0, 0],
						"7.04": [0, 0, 0]
					}
				},
				"bone2": {
					"rotation": {
						"0.0": [0, 0, 0],
						"2.0": [17.5, 0, 0],
						"5.04": [-22.5, 0, 0],
						"7.04": [0, 0, 0]
					}
				},
				"arm": {
					"rotation": {
						"0.0": [0, 0, 0],
						"2.0": [-22.5, 0, 0],
						"5.04": [32.5, 0, 0],
						"7.04": [0, 0, 0]
					}
				},
				"arm2": {
					"rotation": {
						"0.0": [0, 0, 0],
						"2.0": [-22.5, 0, 0],
						"5.04": [32.5, 0, 0],
						"7.04": [0, 0, 0]
					}
				}
			}
		},
		"animation.looreo.ground_walk": {
			"loop": true,
			"animation_length": 0.92,
			"bones": {
				"head": {
					"rotation": {
						"0.0": [-27.5, 0, 0],
						"0.92": [-27.5, 0, 0]
					}
				},
				"bone2": {
					"rotation": {
						"0.0": [-17.5, 0, 0],
						"0.48": [-22.5, 0, 0],
						"0.92": [-17.5, 0, 0]
					}
				},
				"arm": {
					"rotation": {
						"0.0": [22.5, 0, 0],
						"0.92": [22.5, 0, 0]
					}
				},
				"arm2": {
					"rotation": {
						"0.0": [22.5, 0, 0],
						"0.92": [22.5, 0, 0]
					}
				},
				"leg": {
					"rotation": {
						"0.0": [22.5, 0, 0],
						"0.48": [-22.5, 0, 0],
						"0.92": [22.5, 0, 0]
					}
				},
				"leg2": {
					"rotation": {
						"0.0": [-22.5, 0, 0],
						"0.48": [22.5, 0, 0],
						"0.92": [-22.5, 0, 0]
					}
				}
			}
		}
	}
}