{
  "format_version": "1.8.0",
  "animations": {
    "animation.jestilaris.ground_idle": {
      "loop": true,
      "animation_length": 1.5,
      "bones": {
        "body": {
          "position": {
            "0.0": [0, 7.7, 0],
            "0.75": [0, 14.7, 0],
            "1.5": [0, 7.7, 0]
          }
        },
        "hair_back_middle3": {
          "rotation": {
            "0.0": [-5, 0, 0],
            "0.75": [-7.5, 0, 0],
            "1.5": [-5, 0, 0]
          }
        },
        "hair_back_middle4": {
          "rotation": {
            "0.0": [-5, 0, 0],
            "0.75": [-7.5, 0, 0],
            "1.5": [-5, 0, 0]
          }
        },
        "hair_back_middle6": {
          "rotation": [0, -5, 0]
        },
        "hair_back_middle8": {
          "rotation": {
            "0.0": [0, -2.5, 0],
            "0.75": [-7.5, -2.5, 0],
            "1.5": [0, -2.5, 0]
          }
        },
        "hair_back_middle13": {
          "rotation": {
            "0.0": [-10, 0, 0],
            "0.75": [-15, 0, 0],
            "1.5": [-10, 0, 0]
          }
        },
        "torso": {
          "position": {
            "0.0": [0, 2, 0],
            "0.3333": [0, 2, 0],
            "1.5": [0, 2, 0]
          }
        },
        "flap_front": {
          "rotation": {
            "0.0": [-9, 0, 0],
            "0.75": [-14, 0, 0],
            "1.5": [-9, 0, 0]
          },
          "position": [0, 0, 0]
        },
        "flap_right": {
          "rotation": {
            "0.0": [0, 0, 4],
            "0.75": [0, 0, 24],
            "1.5": [0, 0, 4]
          }
        },
        "flap_left": {
          "rotation": {
            "0.0": [0, 0, -4],
            "0.75": [0, 0, -21.5],
            "1.5": [0, 0, -4]
          }
        },
        "flap_back": {
          "rotation": {
            "0.0": [2, 0, 0],
            "0.75": [4.5, 0, 0],
            "1.5": [2, 0, 0]
          }
        },
        "left_flag": {
          "rotation": {
            "0.0": [6, 0, 0],
            "0.75": [15.87004, 2.06183, -7.21258],
            "1.5": [6, 0, 0]
          }
        },
        "left_flag2": {
          "rotation": {
            "0.0": [7.92314, 1.10984, -7.92314],
            "0.75": [12.92314, 1.10984, -7.92314],
            "1.5": [7.92314, 1.10984, -7.92314]
          }
        },
        "left_flag3": {
          "rotation": {
            "0.0": [-22.84622, 2.72935, 6.44842],
            "0.75": [11.45692, 10.8579, 0.5774],
            "1.5": [-22.84622, 2.72935, 6.44842]
          }
        },
        "left_flag4": {
          "rotation": {
            "0.0": [10, 0, 0],
            "0.75": [19.96271, 0.86717, -4.92442],
            "1.5": [10, 0, 0]
          }
        },
        "left_flag5": {
          "rotation": {
            "0.0": [9.97613, -0.69405, 3.93942],
            "0.75": [21.33735, -7.26758, 20.20645],
            "1.5": [9.97613, -0.69405, 3.93942]
          }
        },
        "left_flag6": {
          "rotation": {
            "0.0": [3, 0, 0],
            "0.75": [5.5, 0, 0],
            "1.5": [3, 0, 0]
          }
        },
        "left_flag7": {
          "rotation": {
            "0.0": [-11.85647, -1.86385, -8.80644],
            "0.75": [5.20049, -3.24555, 1.10776],
            "1.5": [-11.85647, -1.86385, -8.80644]
          }
        },
        "left_flag8": {
          "rotation": {
            "0.0": [8, 0, 0],
            "0.75": [33, 0, 0],
            "1.5": [8, 0, 0]
          }
        },
        "left_hand": {
          "rotation": {
            "0.0": [0, 0, -77.5],
            "0.75": [0, 0, -70],
            "1.5": [0, 0, -77.5]
          },
          "position": {
            "0.0": [0, -2.4, 0],
            "0.75": [0, -4.4, 0],
            "1.5": [0, -2.4, 0]
          }
        },
        "left_finger": {
          "rotation": {
            "0.0": [0, 0, -32.5],
            "1.5": [0, 0, -32.5]
          }
        },
        "left_finger2": {
          "rotation": {
            "0.0": [0, 0, -30],
            "1.5": [0, 0, -30]
          }
        },
        "left_finger3": {
          "rotation": {
            "0.0": [0, 0, -5],
            "1.5": [0, 0, -5]
          }
        },
        "left_finger4": {
          "rotation": {
            "0.0": [0, 0, -17.5],
            "1.5": [0, 0, -17.5]
          }
        },
        "left_finger5": {
          "rotation": {
            "0.0": [-27.25019, -17.69133, -40.35606],
            "1.5": [-27.25019, -17.69133, -40.35606]
          },
          "position": {
            "0.0": [0, 0.3, 0],
            "1.5": [0, 0.3, 0]
          }
        },
        "left_finger6": {
          "rotation": {
            "0.0": [0, 0, -28],
            "1.5": [0, 0, -28]
          }
        },
        "right_hand": {
          "rotation": {
            "0.0": [0, 0, 52.5],
            "0.75": [0, 0, 60],
            "1.5": [0, 0, 52.5]
          },
          "position": {
            "0.0": [-2, -2, 0],
            "0.75": [-1, -5, 0],
            "1.5": [-2, -2, 0]
          }
        },
        "right_finger": {
          "rotation": {
            "0.0": [4.41851, 5.43464, 39.20981],
            "1.5": [4.41851, 5.43464, 39.20981]
          }
        },
        "right_finger2": {
          "rotation": {
            "0.0": [0, 0, 36],
            "1.5": [0, 0, 36]
          }
        },
        "right_finger3": {
          "rotation": {
            "0.0": [-3.96825, -15.51257, 14.54071],
            "1.5": [-3.96825, -15.51257, 14.54071]
          }
        },
        "right_finger4": {
          "rotation": {
            "0.0": [0, 0, 47],
            "1.5": [0, 0, 47]
          }
        },
        "right_finger5": {
          "rotation": {
            "0.0": [-51.45942, 22.92851, 52.18033],
            "1.5": [-51.45942, 22.92851, 52.18033]
          }
        },
        "right_finger6": {
          "rotation": {
            "0.0": [0, 0, 47],
            "1.5": [0, 0, 47]
          }
        },
        "right_foot": {
          "rotation": {
            "0.0": [48.4877, -10.07026, -11.17505],
            "1.5": [48.4877, -10.07026, -11.17505]
          },
          "position": {
            "0.0": [1, 3, 0],
            "1.5": [1, 3, 0]
          }
        },
        "left_foot": {
          "rotation": {
            "0.0": [75.48918, 3.84097, 14.51082],
            "1.5": [75.48918, 3.84097, 14.51082]
          },
          "position": {
            "0.0": [-1, 3, 0],
            "1.5": [-1, 3, 0]
          }
        },
        "left_flag9": {
          "rotation": {
            "0.0": [33.80275, -6.27383, 38.57172],
            "1.0833": [46.75691, -2.0725, 32.34097],
            "1.5": [33.80275, -6.27383, 38.57172]
          },
          "position": {
            "0.0": [10.1, -7.8, -20],
            "0.75": [13.1, 1.2, -20],
            "1.5": [10.1, -7.8, -20]
          }
        },
        "left_flag10": {
          "rotation": {
            "0.0": [-3, 0, 0],
            "1.5": [-3, 0, 0]
          }
        },
        "left_flag11": {
          "rotation": {
            "0.0": [-4, 0, 0],
            "1.5": [-4, 0, 0]
          }
        },
        "left_flag12": {
          "rotation": {
            "0.0": [-4, 0, 0],
            "1.5": [-4, 0, 0]
          }
        },
        "left_flag13": {
          "rotation": {
            "0.0": [-8, 0, 0],
            "1.5": [-8, 0, 0]
          }
        },
        "left_flag14": {
          "rotation": {
            "0.0": [-6, 0, 0],
            "1.0833": [-5.99433, 0.26124, 2.48632],
            "1.5": [-6, 0, 0]
          }
        },
        "left_flag15": {
          "rotation": {
            "0.0": [-9, 0, 0],
            "1.5": [-9, 0, 0]
          }
        },
        "left_flag16": {
          "rotation": {
            "0.0": [-16, 0, 0],
            "1.5": [-16, 0, 0]
          }
        },
        "flap_left2": {
          "rotation": {
            "0.0": [0, 0, -17],
            "1.5": [0, 0, -17]
          }
        },
        "flap_right2": {
          "rotation": {
            "0.0": [0, 0, 12],
            "1.5": [0, 0, 12]
          }
        },
        "eye": {
          "position": {
            "0.0": [0.8, -0.2, 0],
            "0.75": [0.8, 1.9, 0],
            "1.5": [0.8, -0.2, 0]
          },
          "scale": {
            "0.0": [0.6, 1, 1],
            "0.75": [0.6, 0.69, 1],
            "1.5": [0.6, 1, 1]
          }
        },
        "bone": {
          "position": [0, 2.5, 0],
          "scale": [1, 0.74, 1]
        }
      }
    },
    "animation.jestilaris.ground_walk": {
      "loop": true,
      "animation_length": 1.5,
      "bones": {
        "body": {
          "rotation": {
            "0.0": [7.42603, 1.03815, -0.11268],
            "0.75": [19.92603, 1.03815, -0.11268],
            "1.5": [7.42603, 1.03815, -0.11268]
          },
          "position": {
            "0.0": [0, 7.7, -2],
            "0.75": [0, 12.7, -6],
            "1.5": [0, 7.7, -2]
          }
        },
        "hair_back_middle3": {
          "rotation": {
            "0.0": [-5, 0, 0],
            "0.75": [-7.5, 0, 0],
            "1.5": [-5, 0, 0]
          }
        },
        "hair_back_middle4": {
          "rotation": {
            "0.0": [-5, 0, 0],
            "0.75": [-7.5, 0, 0],
            "1.5": [-5, 0, 0]
          }
        },
        "hair_back_middle6": {
          "rotation": [0, -5, 0]
        },
        "hair_back_middle8": {
          "rotation": {
            "0.0": [0, -2.5, 0],
            "0.75": [-7.5, -2.5, 0],
            "1.5": [0, -2.5, 0]
          }
        },
        "hair_back_middle13": {
          "rotation": {
            "0.0": [-10, 0, 0],
            "0.75": [-15, 0, 0],
            "1.5": [-10, 0, 0]
          }
        },
        "torso": {
          "rotation": {
            "0.0": [10, 0, 0],
            "0.3333": [5, 0, 0],
            "1.5": [10, 0, 0]
          },
          "position": {
            "0.0": [0, 2, -1],
            "0.3333": [0, 2, 0],
            "1.5": [0, 2, -1]
          }
        },
        "flap_front": {
          "rotation": {
            "0.0": [-9, 0, 0],
            "0.75": [-14, 0, 0],
            "1.5": [-9, 0, 0]
          },
          "position": [0, 0, 0]
        },
        "flap_right": {
          "rotation": {
            "0.0": [0, 0, 4],
            "0.75": [0, 0, 24],
            "1.5": [0, 0, 4]
          }
        },
        "flap_left": {
          "rotation": {
            "0.0": [0, 0, -4],
            "0.75": [0, 0, -21.5],
            "1.5": [0, 0, -4]
          }
        },
        "flap_back": {
          "rotation": {
            "0.0": [2, 0, 0],
            "0.75": [4.5, 0, 0],
            "1.5": [2, 0, 0]
          }
        },
        "left_flag": {
          "rotation": {
            "0.0": [6, 0, 0],
            "0.75": [15.87004, 2.06183, -7.21258],
            "1.5": [6, 0, 0]
          }
        },
        "left_flag2": {
          "rotation": {
            "0.0": [7.92314, 1.10984, -7.92314],
            "0.75": [12.92314, 1.10984, -7.92314],
            "1.5": [7.92314, 1.10984, -7.92314]
          }
        },
        "left_flag3": {
          "rotation": {
            "0.0": [-22.84622, 2.72935, 6.44842],
            "0.75": [11.45692, 10.8579, 0.5774],
            "1.5": [-22.84622, 2.72935, 6.44842]
          }
        },
        "left_flag4": {
          "rotation": {
            "0.0": [10, 0, 0],
            "0.75": [19.96271, 0.86717, -4.92442],
            "1.5": [10, 0, 0]
          }
        },
        "left_flag5": {
          "rotation": {
            "0.0": [9.97613, -0.69405, 3.93942],
            "0.75": [21.33735, -7.26758, 20.20645],
            "1.5": [9.97613, -0.69405, 3.93942]
          }
        },
        "left_flag6": {
          "rotation": {
            "0.0": [3, 0, 0],
            "0.75": [5.5, 0, 0],
            "1.5": [3, 0, 0]
          }
        },
        "left_flag7": {
          "rotation": {
            "0.0": [-11.85647, -1.86385, -8.80644],
            "0.75": [5.20049, -3.24555, 1.10776],
            "1.5": [-11.85647, -1.86385, -8.80644]
          }
        },
        "left_flag8": {
          "rotation": {
            "0.0": [8, 0, 0],
            "0.75": [33, 0, 0],
            "1.5": [8, 0, 0]
          }
        },
        "left_hand": {
          "rotation": {
            "0.0": [0, 0, -77.5],
            "0.75": [0, 0, -70],
            "1.5": [0, 0, -77.5]
          },
          "position": {
            "0.0": [0, -2.4, 0],
            "0.75": [0, -4.4, 0],
            "1.5": [0, -2.4, 0]
          }
        },
        "left_finger": {
          "rotation": {
            "0.0": [0, 0, -32.5],
            "1.5": [0, 0, -32.5]
          }
        },
        "left_finger2": {
          "rotation": {
            "0.0": [0, 0, -30],
            "1.5": [0, 0, -30]
          }
        },
        "left_finger3": {
          "rotation": {
            "0.0": [0, 0, -5],
            "1.5": [0, 0, -5]
          }
        },
        "left_finger4": {
          "rotation": {
            "0.0": [0, 0, -17.5],
            "1.5": [0, 0, -17.5]
          }
        },
        "left_finger5": {
          "rotation": {
            "0.0": [-27.25019, -17.69133, -40.35606],
            "1.5": [-27.25019, -17.69133, -40.35606]
          },
          "position": {
            "0.0": [0, 0.3, 0],
            "1.5": [0, 0.3, 0]
          }
        },
        "left_finger6": {
          "rotation": {
            "0.0": [0, 0, -28],
            "1.5": [0, 0, -28]
          }
        },
        "right_hand": {
          "rotation": {
            "0.0": [0, 0, 52.5],
            "0.75": [0, 0, 60],
            "1.5": [0, 0, 52.5]
          },
          "position": {
            "0.0": [-2, -2, 0],
            "0.75": [-1, -5, 0],
            "1.5": [-2, -2, 0]
          }
        },
        "right_finger": {
          "rotation": {
            "0.0": [4.41851, 5.43464, 39.20981],
            "1.5": [4.41851, 5.43464, 39.20981]
          }
        },
        "right_finger2": {
          "rotation": {
            "0.0": [0, 0, 36],
            "1.5": [0, 0, 36]
          }
        },
        "right_finger3": {
          "rotation": {
            "0.0": [-3.96825, -15.51257, 14.54071],
            "1.5": [-3.96825, -15.51257, 14.54071]
          }
        },
        "right_finger4": {
          "rotation": {
            "0.0": [0, 0, 47],
            "1.5": [0, 0, 47]
          }
        },
        "right_finger5": {
          "rotation": {
            "0.0": [-51.45942, 22.92851, 52.18033],
            "1.5": [-51.45942, 22.92851, 52.18033]
          }
        },
        "right_finger6": {
          "rotation": {
            "0.0": [0, 0, 47],
            "1.5": [0, 0, 47]
          }
        },
        "right_foot": {
          "rotation": {
            "0.0": [48.4877, -10.07026, -11.17505],
            "1.5": [48.4877, -10.07026, -11.17505]
          },
          "position": {
            "0.0": [1, 3, 0],
            "1.5": [1, 3, 0]
          }
        },
        "left_foot": {
          "rotation": {
            "0.0": [75.48918, 3.84097, 14.51082],
            "1.5": [75.48918, 3.84097, 14.51082]
          },
          "position": {
            "0.0": [-1, 3, 0],
            "1.5": [-1, 3, 0]
          }
        },
        "left_flag9": {
          "rotation": {
            "0.0": [33.80275, -6.27383, 38.57172],
            "1.0833": [46.75691, -2.0725, 32.34097],
            "1.5": [33.80275, -6.27383, 38.57172]
          },
          "position": {
            "0.0": [10.1, -7.8, -20],
            "0.75": [13.1, 1.2, -20],
            "1.5": [10.1, -7.8, -20]
          }
        },
        "left_flag10": {
          "rotation": {
            "0.0": [-3, 0, 0],
            "1.5": [-3, 0, 0]
          }
        },
        "left_flag11": {
          "rotation": {
            "0.0": [-4, 0, 0],
            "1.5": [-4, 0, 0]
          }
        },
        "left_flag12": {
          "rotation": {
            "0.0": [-4, 0, 0],
            "1.5": [-4, 0, 0]
          }
        },
        "left_flag13": {
          "rotation": {
            "0.0": [-8, 0, 0],
            "1.5": [-8, 0, 0]
          }
        },
        "left_flag14": {
          "rotation": {
            "0.0": [-6, 0, 0],
            "1.0833": [-5.99433, 0.26124, 2.48632],
            "1.5": [-6, 0, 0]
          }
        },
        "left_flag15": {
          "rotation": {
            "0.0": [-9, 0, 0],
            "1.5": [-9, 0, 0]
          }
        },
        "left_flag16": {
          "rotation": {
            "0.0": [-16, 0, 0],
            "1.5": [-16, 0, 0]
          }
        },
        "flap_left2": {
          "rotation": {
            "0.0": [0, 0, -17],
            "1.5": [0, 0, -17]
          }
        },
        "flap_right2": {
          "rotation": {
            "0.0": [0, 0, 12],
            "1.5": [0, 0, 12]
          }
        },
        "eye": {
          "position": {
            "0.0": [0.8, -0.2, 0],
            "0.75": [0.8, 1.9, 0],
            "1.5": [0.8, -0.2, 0]
          },
          "scale": {
            "0.0": [0.6, 1, 1],
            "0.75": [0.6, 0.69, 1],
            "1.5": [0.6, 1, 1]
          }
        },
        "bone": {
          "position": [0, 2.5, 0],
          "scale": [1, 0.74, 1]
        }
      }
    },
    "animation.jestilaris.faint": {
      "animation_length": 4.54167,
      "bones": {
        "body": {
          "rotation": {
            "0.0": [-2, 0, 0],
            "0.2917": [-7, 0, 0],
            "0.3333": [-14, 0, 0],
            "0.7917": [-4, 0, 0],
            "2.5417": [-3.99621, -0.17434, -2.49392],
            "2.625": [-13.99014, -0.03513, -0.49875],
            "2.8333": [-30.22498, 0.31288, 4.48918],
            "3.125": [-67.32457, -9.12688, -2.20601],
            "3.2917": [-89, 0, 0],
            "3.5": [-81.5, 0, 0],
            "3.5833": [-89, 0, 0],
            "3.6667": [-81.5, 0, 0],
            "3.7083": [-89, 0, 0]
          },
          "position": {
            "0.0": [0, 11, 0],
            "0.3333": [0, 11, 4.8],
            "0.625": [0, 6.05, 4.8],
            "1.1667": [0, 14, 4.8],
            "1.5417": [0, 6.29, 4.8],
            "2.0833": [0, 18, 4.8],
            "2.625": [0, 5, 4.8],
            "3.2917": [0, -27.9, 4.8],
            "3.5": [0, -28.3, 4.8],
            "3.7917": [0, -28.1, 4.8]
          },
          "scale": {
            "3.75": [1, 1, 1],
            "4.4583": [0.01, -0.01, 0.03]
          }
        },
        "head": {
          "rotation": {
            "0.0": [-10, 0, 0],
            "0.3333": [17, 0, 0],
            "0.7917": [4.5, 0, 0],
            "1.3333": [2.54347, 0.23991, 7.85511],
            "1.6667": [1.34959, -0.48025, -7.4847],
            "2.0": [0.33195, -1.43802, -18.61225],
            "2.2917": [-0.77903, 1.12737, 7.2933],
            "2.4583": [20.74799, -0.92299, -8.29565],
            "2.625": [-22.03, -1.50881, -12.74964],
            "2.7083": [-2.169, -1.80172, -14.97663],
            "3.0417": [-1.61421, -1.34568, 8.11904],
            "3.25": [-2.87232, -2.5429, -7.6454],
            "3.5417": [-5.5, 0, 0]
          }
        },
        "mouth": {
          "rotation": {
            "0.0": [0, 0, -2.5],
            "0.2083": [0, 0, -2.5],
            "0.25": [0, 9, 180]
          },
          "position": {
            "0.0": [0, 0, 0],
            "1.2917": [0, 0, 0],
            "2.625": [0, -0.6, 0],
            "3.625": [0, -0.1, 0]
          },
          "scale": {
            "0.0": [1, 1.1, 1],
            "1.375": [1, 0.63, 1],
            "2.625": [1, 0.8118, 1],
            "3.625": [1, 0.95, 1]
          }
        },
        "eyes_happy": {
          "rotation": [0, 0, 0],
          "position": {
            "0.0": [0, 0, 0],
            "0.9583": [0, 0, -0.2],
            "1.2083": [0, 0, 0],
            "1.2917": [0, 0, 1]
          },
          "scale": {
            "0.0": [1, 1, 1],
            "0.4167": [1, 1.013, 1],
            "0.9583": [1, 0.59, 1]
          }
        },
        "hair_back_middle": {
          "rotation": {
            "0.0": [5, 0, 0],
            "0.9167": [-10, 0, 0],
            "1.5417": [5, 0, 0],
            "2.125": [-7.5, 0, 0],
            "2.9583": [10, 0, 0],
            "3.875": [24, 0, 0]
          }
        },
        "hair_back_middle2": {
          "rotation": {
            "0.0": [-10, 0, 0],
            "2.875": [-10, 0, 0],
            "3.375": [27.5, 0, 0],
            "3.875": [16.5, 0, 0]
          }
        },
        "hair_back_middle3": {
          "rotation": {
            "0.0": [-7.5, 0, 0],
            "2.875": [12.5, 0, 0],
            "3.375": [25, 0, 0],
            "3.875": [34, 0, 0]
          }
        },
        "hair_back_middle4": {
          "rotation": {
            "0.0": [-15, 0, 0],
            "2.875": [22.5, 0, 0],
            "3.375": [30, 0, 0]
          }
        },
        "hair_back_middle6": {
          "rotation": {
            "0.0": [-7.5, 0, 0],
            "0.9167": [-15, 0, 0],
            "1.5417": [0, 0, 0],
            "2.125": [-11.65926, -13.14726, -7.28598],
            "2.9583": [15.84074, -13.14726, -7.28598]
          }
        },
        "hair_back_middle7": {
          "rotation": {
            "0.0": [-7.5, 0, 0],
            "2.875": [5, 0, 0],
            "3.375": [25.85506, 14.11757, -5.15323],
            "3.875": [45.85506, 14.11757, -5.15323]
          },
          "position": {
            "3.0": [0, 0.1, 0],
            "3.375": [0, -0.5, 0],
            "3.875": [0, -1, 0]
          }
        },
        "hair_back_middle8": {
          "rotation": {
            "0.0": [-12.5, 0, 0],
            "2.875": [17.5, 0, 0],
            "3.375": [35, 0, 0]
          },
          "position": {
            "3.0": [0, -0.3, 0],
            "3.375": [0, -0.4, 0]
          }
        },
        "hair_back_middle5": {
          "rotation": {
            "0.0": [0, 0, 0],
            "0.9167": [-15, 0, 0],
            "1.5417": [2.5, 0, 0],
            "2.125": [-9.78223, 6.42386, 3.87906],
            "2.9583": [7.71777, 6.42386, 3.87906],
            "3.875": [20.71777, 6.42386, 3.87906]
          }
        },
        "hair_back_middle10": {
          "rotation": {
            "0.0": [-2.5, 0, 0],
            "2.875": [7.5, 0, 0],
            "3.375": [15, 0, 0]
          }
        },
        "hair_back_middle13": {
          "rotation": {
            "0.0": [-15, 0, 0],
            "2.875": [-5, 0, 0],
            "3.375": [45, 0, 0],
            "3.875": [32, 0, 0]
          },
          "position": {
            "3.5": [0, -0.4, 0],
            "3.875": [0, -0.2, 0]
          }
        },
        "torso": {
          "rotation": {
            "0.0": [10, 0, 0],
            "0.25": [7.5, 0, 0],
            "1.4167": [7.24721, 1.93597, -14.87739],
            "1.7917": [7.24721, -1.93597, 14.87739],
            "2.1667": [7.24721, 1.93597, -14.87739],
            "2.5417": [7.24721, -1.93597, 14.87739],
            "2.9167": [7.24721, 1.93597, -14.87739],
            "3.2917": [7.24721, -1.93597, 14.87739],
            "3.5417": [13.49294, 0.32621, -2.47864],
            "3.5833": [5.99294, 0.32621, -2.47864]
          },
          "position": {
            "0.0": [0, 0, 0],
            "1.625": [0, -0.2, 0],
            "2.7083": [0, -2, 0],
            "3.5833": [0, -2, 0.6]
          }
        },
        "flap_front": {
          "rotation": {
            "0.0": [-10, 0, 0],
            "2.7083": [-17.5, 0, 0],
            "3.625": [2.5, 0, 0]
          }
        },
        "flap_right": {
          "rotation": {
            "0.0": [0, 0, 5],
            "2.7083": [0, 0, 15],
            "3.625": [0, 0, 0]
          }
        },
        "flap_left": {
          "rotation": {
            "0.0": [0, 0, -5],
            "2.7083": [0, 0, -15],
            "3.625": [0, 0, 2.5]
          }
        },
        "flap_back": {
          "rotation": [-2.5, 0, 0]
        },
        "left_flag": {
          "rotation": {
            "0.0": [17.5, 0, 0],
            "0.625": [40, 0, 0],
            "1.1667": [7.5, 0, 0],
            "1.3333": [18.09036, -3.93802, 11.87285],
            "1.5833": [35, 0, 0],
            "1.75": [24.47336, 10.93357, -22.62187],
            "2.0833": [10, 0, 0],
            "2.25": [16.73634, -5.188, 16.73634],
            "2.75": [40, 0, 0],
            "3.125": [117.5, 0, 0],
            "3.375": [175.43512, 10.58927, 30.90686]
          }
        },
        "left_flag2": {
          "rotation": [-7.5, 0, 0]
        },
        "left_flag3": {
          "rotation": {
            "0.0": [10, 0, 0],
            "3.375": [-2.5, 0, 0]
          }
        },
        "left_flag4": {
          "rotation": [5, 0, 0]
        },
        "left_flag5": {
          "rotation": {
            "0.0": [7.5, 0, 0],
            "0.625": [22.5, 0, 0],
            "1.1667": [0, 0, 0],
            "1.3333": [8.88927, -4.59902, 27.14233],
            "1.5833": [25, 0, 0],
            "1.75": [14.92233, 5.35445, -19.29826],
            "2.0833": [-2.5, 0, 0],
            "2.25": [6.37997, -2.31606, 19.8709],
            "2.6667": [30, 0, 0],
            "3.125": [105, 0, 0],
            "3.375": [160.32844, -10.71541, -33.05438]
          }
        },
        "left_flag6": {
          "rotation": [7.5, 0, 0]
        },
        "left_flag7": {
          "rotation": {
            "0.0": [7.5, 0, 0],
            "3.375": [2.5, 0, 0]
          }
        },
        "left_flag8": {
          "rotation": [5, 0, 0]
        },
        "left_hand": {
          "rotation": {
            "0.0": [-16, 0, 0],
            "1.25": [24.91324, -4.24795, 9.06122],
            "3.3333": [94, 0, 0]
          },
          "position": {
            "0.0": [-0.4, -5, 0],
            "1.25": [-0.4, -1.7, 0],
            "3.3333": [-5, -1.7, 1.6]
          }
        },
        "left_finger": {
          "rotation": {
            "0.0": [0, 0, -30],
            "0.25": [0, -22.5, 25.71429],
            "0.2917": [0, 0, 35],
            "1.2917": [0, 0, -2.5]
          }
        },
        "left_finger2": {
          "rotation": {
            "0.0": [0, 0, -27.5],
            "1.2917": [0, 0, 2.5],
            "3.5833": [0, 0, 32.5]
          }
        },
        "left_finger3": {
          "rotation": {
            "0.0": [0, 0, 15],
            "0.25": [10.25103, 14.26008, 16.28567],
            "1.2917": [3.13388, 17.22575, -9.52521]
          }
        },
        "left_finger4": {
          "rotation": {
            "0.0": [0, 0, -20],
            "0.25": [0, 0, -30],
            "1.2917": [0, 0, 7.5],
            "3.5833": [0, 0, 32.5]
          }
        },
        "left_finger5": {
          "rotation": {
            "0.0": [0, 15, 15],
            "0.25": [-57.60231, -4.66845, -48.96655],
            "1.2917": [-39.56292, 8.66309, -27.67209],
            "3.5833": [-6.83392, 14.85071, 7.72519]
          }
        },
        "left_finger6": {
          "rotation": {
            "0.0": [0, 0, -20],
            "0.25": [0, 0, -72.5],
            "1.2917": [0, 0, -5]
          }
        },
        "right_hand": {
          "rotation": {
            "0.0": [0, 0, 5],
            "1.3333": [0, 0, -13],
            "3.3333": [95, 0, -13]
          },
          "position": {
            "0.0": [2.9, -4, 0],
            "1.3333": [1.85, -0.94, 0],
            "2.5417": [0.9, -5, 0],
            "3.3333": [3.7, -5, 0]
          }
        },
        "right_finger": {
          "rotation": {
            "0.0": [0, 0, -25],
            "0.2917": [0, 7.5, 67.5],
            "1.2917": [-7.38733, 1.29876, -12.58385],
            "3.5833": [-7.7971, 18.6478, -14.9225],
            "3.625": [1.13707, 20.12787, 11.5614]
          }
        },
        "right_finger2": {
          "rotation": {
            "0.0": [0, 0, 15],
            "0.2917": [0, 0, 67.5],
            "1.2917": [0, 0, 20],
            "3.2917": [0, 0, -3]
          }
        },
        "right_finger3": {
          "rotation": {
            "0.0": [0, 0, 7.5],
            "0.2917": [0, -7.5, 67.5],
            "1.2917": [5.31847, -5.29571, 22.25386],
            "3.5833": [7.24721, -1.93597, -7.62261],
            "3.625": [6.33586, -4.02155, 9.77733]
          }
        },
        "right_finger4": {
          "rotation": {
            "0.0": [0, 0, 20],
            "0.2917": [0, 0, 72.5],
            "1.2917": [0, 0, 2.5],
            "3.2917": [0, 0, -19.5]
          }
        },
        "right_finger5": {
          "rotation": {
            "0.0": [0, 0, 0],
            "0.2917": [-22.5, 10, 30],
            "1.2917": [-9.65487, 6.50364, 12.43688],
            "3.5833": [1.80595, 5.81404, -2.74679]
          }
        },
        "right_finger6": {
          "rotation": {
            "0.0": [0, 0, 2.5],
            "0.2917": [0, 0, 27.5],
            "1.2917": [0, 0, -10]
          }
        },
        "right_foot": {
          "rotation": {
            "0.0": [72.74998, -2.99318, -9.54589],
            "0.8333": [88.77539, -3.30326, 9.45437],
            "1.75": [109.2569, -4.09985, -16.97816],
            "2.2917": [101.92843, -7.38613, 3.08368],
            "2.7083": [98.57663, -5.08082, -3.18717],
            "3.0417": [24.40457, -4.28553, -5.60954],
            "3.5833": [90.24998, -2.99318, -9.54589]
          },
          "position": {
            "0.0": [0.5, 1.7, 0],
            "1.0833": [1.7, 1.7, 0],
            "2.1667": [1.7, 0.7, 0],
            "2.7083": [0.7, 0.31, 0],
            "2.9167": [1.7, 3.2, 0],
            "3.5": [1.7, -2.66, 0.05]
          }
        },
        "left_foot": {
          "rotation": {
            "0.0": [45.24614, 5.29571, 5.31847],
            "0.8333": [54.79458, -3.26746, -4.50109],
            "1.75": [66.80955, 11.47601, 19.14167],
            "2.2917": [75.02249, 13.54967, 28.98567],
            "2.7083": [76.88799, 8.93736, 14.86817],
            "3.0417": [28.07205, 7.55006, 11.23019],
            "3.5833": [85.24614, 5.29571, 5.31847]
          },
          "position": {
            "0.0": [-0.2, 1.8, 0],
            "1.0833": [0.5, 1.8, 0],
            "2.1667": [0.5, -0.1, 0],
            "2.7083": [-0.33, 1.2, 0],
            "2.9167": [1.7, 1.7, 0],
            "3.5": [-0.58, -1.55, 0.7]
          }
        },
        "left_flag9": {
          "rotation": {
            "0.0": [10, 0, 0],
            "1.875": [-7.5, 0, 0],
            "2.2083": [-68.87108, 25.42038, 9.41876]
          },
          "position": {
            "0.0": [0, 5, 0],
            "0.5": [0, -4, 0],
            "1.5": [0, 8, 0],
            "1.8333": [0, -33, 0],
            "2.2083": [11.6, -39.8, 0]
          }
        },
        "left_flag10": {
          "rotation": {
            "0.0": [-10, 0, 0],
            "1.4583": [-17.5, 0, 0]
          }
        },
        "left_flag11": {
          "rotation": {
            "0.0": [7.5, 0, 0],
            "1.4583": [22.5, 0, 0],
            "1.9583": [-47.5, 0, 0],
            "2.2083": [3.5, 0, 0]
          }
        },
        "left_flag12": {
          "rotation": {
            "0.0": [-7.5, 0, 0],
            "1.4583": [0, 0, 0],
            "1.75": [-15, 0, 0],
            "2.2083": [-6, 0, 0]
          }
        },
        "left_flag13": {
          "rotation": {
            "0.0": [-5, 0, 0],
            "1.4583": [2.5, 0, 0],
            "1.75": [-55, 0, 0],
            "1.9583": [0, 0, 0],
            "2.2083": [9, 0, 0]
          }
        },
        "left_flag14": {
          "rotation": {
            "0.0": [-12.5, 0, 0],
            "1.4583": [2.5, 0, 0],
            "1.75": [0, 0, 0]
          }
        },
        "left_flag15": {
          "rotation": {
            "0.0": [-15, 0, 0],
            "1.4583": [2.5, 0, 0],
            "1.75": [-5, 0, 0]
          }
        },
        "left_flag16": {
          "rotation": {
            "0.0": [-15, 0, 0],
            "1.75": [-17.5, 0, 0]
          }
        },
        "flap_left2": {
          "rotation": [0, 0, -12.5]
        },
        "flap_right2": {
          "rotation": [0, 0, 15]
        },
        "eye": {
          "position": {
            "0.5833": [0.8, 0, 0],
            "1.5417": [0.8, 7.7, 0]
          },
          "scale": {
            "0.5833": [0.5, 1, 1],
            "1.5417": [0.5, -0.03, 1]
          }
        },
        "bone": {
          "position": {
            "0.0": [-1.5, 0, 0],
            "0.6667": [-2.5, 0, 0]
          },
          "scale": [1.39, 1, 1]
        },
        "eyes_faint": {
          "rotation": {
            "1.2083": [-2.5, 0, 0],
            "1.25": [-3.50053, 0.99813, -0.06105]
          },
          "position": {
            "1.1667": [0, 0, 0.2],
            "1.2083": [0, 0, -0.1],
            "1.25": [0, 0, -0.5]
          },
          "scale": [0.9, 0.6, 1]
        },
        "bone2": {
          "rotation": {
            "1.25": [-361.43046, 7.43832, 0.23328],
            "4.2083": [-360, 16.5, 987.5]
          },
          "position": {
            "1.25": [0, 0.4, -0.5],
            "1.2917": [0, 0.4, -0.31],
            "4.2083": [0, 0.7, -0.9]
          },
          "scale": [0.9, 0.9, 1]
        },
        "bone3": {
          "rotation": {
            "1.25": [-4.99527, 0.21782, 0],
            "4.2083": [0, 5, 630]
          },
          "position": {
            "1.25": [0, 0.9, -0.31],
            "4.2083": [0, 0.9, -0.6]
          },
          "scale": [0.6, 0.7, 1]
        }
      }
    },
    "animation.jestilaris.quirk_tongue": {
      "animation_length": 1.41667,
      "bones": {
        "mouth": {
          "position": [0, 0, 0]
        },
        "eyes_happy": {
          "position": {
            "0.0": [0, 0, -0.1],
            "0.4583": [0, 0, 1],
            "0.9583": [0, 0, -0.12],
            "1.0": [0, 0, 0]
          }
        }
      },
      "sound_effects": {
        "0.0833": {
          "effect": "laugh"
        }
      }
    },
    "animation.jestilaris.quirk_smile": {
      "animation_length": 0.75,
      "bones": {
        "mouth": {
          "scale": {
            "0.0": [1, 0.9, 1],
            "0.625": [1, 1.84, 1]
          }
        },
        "eyes_happy": {
          "rotation": [0, 0, 0],
          "position": {
            "0.0": [0, 0, -0.1],
            "0.625": [0, 0.7, -0.1]
          },
          "scale": {
            "0.0": [1, 0.63, 1],
            "0.625": [1, 0.04, 1]
          }
        },
        "right_hand": {
          "rotation": {
            "0.0": [0, 0, 2.5],
            "0.625": [-259.71497, 74.88274, -168.85764],
            "0.75": [0, 0, 0]
          },
          "position": {
            "0.0": [0, 0, 0],
            "0.5": [-1.24, 0.02, -4.38],
            "0.625": [1.2, -1.6, -2.6],
            "0.75": [0, 0, 0]
          }
        },
        "right_finger": {
          "rotation": [0, 0, -5]
        },
        "right_finger2": {
          "rotation": {
            "0.0": [0, 0, 15],
            "0.5": [0, 0, -70.2],
            "0.625": [0, 0, -29]
          }
        },
        "right_finger3": {
          "rotation": {
            "0.0": [0, 0, -5],
            "0.625": [-3.28976, -10.35128, 58.20801]
          }
        },
        "right_finger4": {
          "rotation": {
            "0.0": [0, 0, 5],
            "0.625": [0, 0, 54]
          }
        },
        "right_finger5": {
          "rotation": {
            "0.0": [0, 0, -10],
            "0.625": [-68.11848, 21.01216, 67.34612]
          }
        },
        "right_finger6": {
          "rotation": {
            "0.0": [0, 0, 10],
            "0.625": [0, 0, 95]
          }
        }
      }
    },
    "animation.jestilaris.angry_quirk": {
      "animation_length": 1.41667,
      "bones": {
        "mouth": {
          "rotation": {
            "0.0": [0, 7, 179.5],
            "0.9167": [0, 7, 179.5],
            "0.9583": [0, 0, 359.5],
            "1.0": [0, -7, 359.5]
          },
          "position": {
            "0.0": [0, 0.1, -0.1],
            "0.9167": [0, 0.1, -0.1],
            "1.0": [-0.2, -0.8, -0.5]
          },
          "scale": [1, 1.12, 1]
        },
        "eyes_happy": {
          "position": {
            "0.0": [0, 0, 0.2],
            "0.9167": [0, 0, 0.2],
            "0.9583": [0, 0, -0.25],
            "1.0": [0, 0, -0.1]
          }
        }
      }
    },
    "animation.jestilaris.cry": {
      "animation_length": 3.16667,
      "bones": {
        "body": {
          "position": {
            "0.0": [0, 13, 0],
            "0.5417": [0, 10.3, 0],
            "1.0": [0, 17.3, 0],
            "1.6667": [0, 12.3, 0],
            "2.2917": [0, 17.3, 0],
            "2.9167": [0, 14.3, 0]
          }
        },
        "head": {
          "rotation": {
            "0.0": [6, 0, 0],
            "0.5417": [3.5, 0, 0]
          }
        },
        "mouth": {
          "position": {
            "0.0": [0, -0.2, 0],
            "0.5417": [0, -0.2, 0],
            "0.625": [0, 0.6, 0],
            "1.2917": [0, -0.2, 0]
          },
          "scale": [1, 1.11, 1]
        },
        "eyes_happy": {
          "position": {
            "0.5": [0, 0, -0.5],
            "0.5417": [0, 0, 0],
            "0.5833": [0, 0, 0.2],
            "1.2083": [0, 0, 1.2],
            "1.25": [0, 0, 0.2],
            "1.2917": [0, 0, -0.1],
            "1.3333": [0, 0, -0.4]
          },
          "scale": {
            "0.4583": [1, 1, 1],
            "0.5": [0.8, 0.8, 1],
            "1.3333": [0.8, 0.8, 1],
            "1.4167": [1, 1, 1]
          }
        },
        "hair_back_middle": {
          "rotation": [10, 0, 0]
        },
        "hair_back_middle2": {
          "rotation": [-12.5, 0, 0]
        },
        "hair_back_middle3": {
          "rotation": [-7.5, 0, 0]
        },
        "hair_back_middle4": {
          "rotation": [-5, 0, 0]
        },
        "hair_back_middle6": {
          "rotation": [0, -2, 0]
        },
        "hair_back_middle7": {
          "rotation": [-6, 0, 0]
        },
        "hair_back_middle8": {
          "rotation": [-5, 0, 0]
        },
        "hair_back_middle5": {
          "rotation": [-2.5, 0, 0]
        },
        "hair_back_middle10": {
          "rotation": [12.5, 0, 0]
        },
        "hair_back_middle13": {
          "rotation": [-17.5, 0, 0]
        },
        "torso": {
          "rotation": [7.5, 0, 0]
        },
        "flap_front": {
          "rotation": [-6, 0, 0]
        },
        "flap_right": {
          "rotation": [0, 0, 12.5]
        },
        "flap_left": {
          "rotation": [0, 0, -15]
        },
        "flap_back": {
          "rotation": [3, 0, 0]
        },
        "left_flag": {
          "rotation": [8.82523, 1.72715, -11.87645]
        },
        "left_flag2": {
          "rotation": [4, 0, 0]
        },
        "left_flag3": {
          "rotation": [6.98312, 0.48709, -3.97028]
        },
        "left_flag4": {
          "rotation": [8, 0, 0]
        },
        "left_flag5": {
          "rotation": [8.99894, -0.12186, 4.99255]
        },
        "left_flag6": {
          "rotation": [0, 0, 4]
        },
        "left_flag7": {
          "rotation": [0, 0, 6]
        },
        "left_flag8": {
          "rotation": [0, 0, 8]
        },
        "left_hand": {
          "rotation": [0, 0, -72.5],
          "position": [2, -5.5, -1.3]
        },
        "left_finger": {
          "rotation": {
            "0.0": [0, 0, 25],
            "1.2917": [0, 0, 15]
          }
        },
        "left_finger2": {
          "rotation": {
            "0.0": [0, 0, -19],
            "0.5417": [0, 0, -49],
            "1.2917": [0, 0, -24]
          }
        },
        "left_finger3": {
          "rotation": [0, 0, -9]
        },
        "left_finger4": {
          "rotation": {
            "0.0": [0, 0, -45],
            "1.2917": [0, 0, -5]
          }
        },
        "left_finger5": {
          "rotation": {
            "0.0": [-22.84025, -13.91715, -32.6571],
            "0.5417": [-25.54404, -9.63331, -29.37252],
            "1.2917": [-0.66, -17.66567, -34.47776]
          }
        },
        "left_finger6": {
          "rotation": {
            "0.0": [0, -15, -63],
            "0.5417": [-14.51082, -3.84097, 12.48918],
            "1.2917": [-13.9042, -5.68422, 5.19367]
          }
        },
        "right_hand": {
          "rotation": [1.05681, 1.25893, 62.0862],
          "position": [-0.9, -5, -1]
        },
        "right_finger": {
          "rotation": {
            "0.0": [0, 0, -21],
            "0.5417": [30.69734, 21.47329, 33.04123],
            "1.2917": [-3.32828, 18.1671, 2.77319]
          }
        },
        "right_finger2": {
          "rotation": {
            "0.0": [0, 0, 30],
            "0.5417": [0, 0, 0]
          }
        },
        "right_finger3": {
          "rotation": {
            "0.0": [0, 0, 14],
            "0.5417": [13.90928, -8.80348, 40.81282],
            "1.2917": [-2.49762, 0.10901, -1.00238]
          }
        },
        "right_finger4": {
          "rotation": {
            "0.0": [0, 0, 26],
            "0.5417": [0, 0, -1.5],
            "1.2917": [0, 0, 26]
          }
        },
        "right_finger5": {
          "rotation": {
            "0.0": [-24.46569, 21.52226, 30.80325],
            "0.5417": [-151.03732, -17.82137, 81.66102],
            "1.2917": [-8.10014, 15.07244, 3.78845]
          }
        },
        "right_finger6": {
          "rotation": {
            "0.0": [0, 0, 57],
            "0.5417": [0, 0, 12],
            "1.2917": [0, 0, -3]
          }
        },
        "right_foot": {
          "rotation": [87.55919, -0.54094, -12.48848],
          "position": [2.4, 0, 0]
        },
        "left_foot": {
          "rotation": [79.54588, 0.47688, 10.98979],
          "position": [-0.8, 0, -0.8]
        },
        "left_flag9": {
          "rotation": {
            "0.0": [15, 0, 0],
            "0.7083": [14.87739, -1.93597, 7.24721],
            "1.2083": [14.94548, 1.29256, -4.83045],
            "1.75": [14.87739, -1.93597, 7.24721],
            "2.25": [14.94548, 1.29256, -4.83045],
            "2.5833": [14.87739, -1.93597, 7.24721],
            "3.0833": [14.94548, 1.29256, -4.83045]
          },
          "position": {
            "0.0": [0, -5, 0],
            "0.5833": [0, -3, 0],
            "1.75": [0, 13, 0],
            "2.5417": [6, 1, 0],
            "3.0833": [0, -4, 0]
          }
        },
        "left_flag10": {
          "rotation": [12.5, 0, 0]
        },
        "left_flag11": {
          "rotation": [-30, 0, 0]
        },
        "left_flag13": {
          "rotation": [7.5, 0, 0]
        },
        "left_flag15": {
          "rotation": [-25, 0, 0]
        },
        "left_flag16": {
          "rotation": [-27.5, 0, 0]
        },
        "flap_left2": {
          "rotation": [0, 0, -14]
        },
        "flap_right2": {
          "rotation": [0, 0, 17.5]
        },
        "eye": {
          "position": [0.9, 0, 0],
          "scale": [0.56, 1, 1]
        },
        "bone": {
          "position": [-1.1, 0, 0],
          "scale": [1.31, 1, 1]
        }
      },
      "sound_effects": {
        "0.625": {
          "effect": "laugh"
        }
      }
    },
    "animation.jestilaris.quirk_blink": {
      "animation_length": 2.29167,
      "bones": {
        "eyes_happy": {
          "scale": {
            "0.0": [1, 1, 1],
            "0.2083": [1, 1, 1],
            "0.2917": [1, 0, 1],
            "0.5": [1, 0, 1],
            "1.375": [1, 0, 1],
            "1.4167": [1, 1, 1]
          }
        }
      },
      "sound_effects": {
        "0.2917": {
          "effect": "boing6222.mp3"
        }
      }
    },
    "animation.jestilaris.quirk_blink2": {
      "animation_length": 2.29167,
      "bones": {
        "eye": {
          "position": {
            "0.0": [0, -0.2, 0],
            "0.0417": [0, 7, 0],
            "1.75": [0, 6.9, 0],
            "1.7917": [0, 0.14, 0]
          },
          "scale": {
            "0.0": [1, 1, 1],
            "0.0417": [1, 0, 1],
            "1.75": [1, 0, 1],
            "1.7917": [1, 1, 1]
          }
        }
      },
      "sound_effects": {
        "0.0417": {
          "effect": "boing6222.mp3"
        },
        "1.75": {
          "effect": "boing101318.mp3"
        }
      }
    }
  }
}
