{
	"format_version": "1.12.0",
	"minecraft:geometry": [
		{
			"description": {
				"identifier": "geometry.ceruledge",
				"texture_width": 128,
				"texture_height": 256,
				"visible_bounds_width": 7,
				"visible_bounds_height": 4.5,
				"visible_bounds_offset": [0, 1.75, 0]
			},
			"bones": [
				{
					"name": "shimmerjinx",
					"pivot": [0, 0, 0]
				},
				{
					"name": "body",
					"parent": "shimmerjinx",
					"pivot": [0, 23.2, 0]
				},
				{
					"name": "torso",
					"parent": "body",
					"pivot": [0, 20.2, -1],
					"cubes": [
						{"origin": [-2, 17.2, -3], "size": [4, 4, 4], "inflate": 0.01, "uv": [1, 39]},
						{"origin": [-1.3, 18.2, -3.23], "size": [2, 2, 1], "inflate": -0.19, "pivot": [-0.3, 19.2, -2.7], "rotation": [0, 0, 10], "uv": [10, 97]}
					]
				},
				{
					"name": "hips_armor_front",
					"parent": "torso",
					"pivot": [0, 24.2, -2.7],
					"rotation": [-27.5, 0, 0]
				},
				{
					"name": "hips_armor_back",
					"parent": "torso",
					"pivot": [0, 23.8, 0.95],
					"rotation": [25, 0, 0]
				},
				{
					"name": "waist",
					"parent": "torso",
					"pivot": [0, 24.2, 0.1],
					"cubes": [
						{"origin": [-2, 20.9, -2.9], "size": [4, 2, 3], "uv": [0, 30]}
					]
				},
				{
					"name": "chest",
					"parent": "waist",
					"pivot": [0, 25.65, 0.05],
					"rotation": [-5, 0, 0],
					"cubes": [
						{"origin": [-3, 22.61142, -2.73853], "size": [6, 4, 5], "inflate": 0.01, "uv": [0, 21]}
					]
				},
				{
					"name": "torso_armor",
					"parent": "chest",
					"pivot": [0, 29, 1],
					"cubes": [
						{"origin": [-2, 22.60192, -4.3], "size": [4, 3, 2], "pivot": [0, 25.42505, -4], "rotation": [35, 0, 0], "uv": [34, 18]},
						{"origin": [0, 23.16913, -3.8468], "size": [1, 2, 0], "pivot": [0.5, 24.66913, -3.88683], "rotation": [26.341, 23.92746, -39.32269], "uv": [35, 77]},
						{"origin": [-0.5, 24.26913, -3.6468], "size": [1, 1, 0], "pivot": [0, 25.76913, -4.68683], "rotation": [35, 0, 0], "uv": [44, 106]},
						{"origin": [-1, 23.16913, -3.8468], "size": [1, 2, 0], "pivot": [-0.5, 24.66913, -3.88683], "rotation": [26.341, -23.92746, 39.32269], "uv": [35, 77], "mirror": true},
						{"origin": [-1, 25.33087, -3.78683], "size": [1, 1.7, 0], "pivot": [-0.5, 25.83087, -3.78683], "rotation": [-45.28089, -35.39626, -29.83757], "uv": [35, 77], "mirror": true},
						{"origin": [-0.5, 25.23087, -3.9468], "size": [1, 1, 1], "pivot": [0, 25.73087, -3.98683], "rotation": [0, -55, -90], "uv": [34, 76], "mirror": true},
						{"origin": [0, 25.33087, -3.78683], "size": [1, 1.7, 0], "pivot": [0.5, 25.83087, -3.78683], "rotation": [-45.28089, 35.39626, 29.83757], "uv": [35, 77]}
					]
				},
				{
					"name": "neck_armor_left",
					"parent": "torso_armor",
					"pivot": [1.1, 29.6, -2.825],
					"rotation": [25, 15, 0],
					"cubes": [
						{"origin": [0.53233, 24.78469, -3.85913], "size": [1, 2, 4], "inflate": 0.01, "uv": [28, 19]},
						{"origin": [0.53233, 24.78469, 0.06587], "size": [1, 1, 2], "uv": [18, 21]}
					]
				},
				{
					"name": "neck_armor_right",
					"parent": "torso_armor",
					"pivot": [-1.1, 29.6, -2.825],
					"rotation": [25, -15, 0],
					"cubes": [
						{"origin": [-1.53233, 24.78469, -3.85913], "size": [1, 2, 4], "inflate": 0.01, "uv": [22, 17], "mirror": true},
						{"origin": [-1.53233, 24.78469, 0.06587], "size": [1, 1, 2], "uv": [24, 23], "mirror": true}
					]
				},
				{
					"name": "arms",
					"parent": "chest",
					"pivot": [0, 25.4, 0],
					"rotation": [5, 0, 0]
				},
				{
					"name": "arm_left",
					"parent": "arms",
					"pivot": [3, 25.58668, 0.00505],
					"cubes": [
						{"origin": [3, 24.58668, -0.99495], "size": [6, 2, 2], "uv": [48, 18]}
					]
				},
				{
					"name": "shoulder_left",
					"parent": "arm_left",
					"pivot": [3, 29.38668, 0.00505],
					"cubes": [
						{"origin": [5, 25.39668, -0.99495], "size": [2, 0, 2], "inflate": 0.009, "uv": [28, 46]}
					]
				},
				{
					"name": "arm_left2",
					"parent": "arm_left",
					"pivot": [9, 25.58668, 0.00505],
					"cubes": [
						{"origin": [9, 24.58668, -0.99495], "size": [1, 2, 2], "inflate": 0.01, "uv": [49, 0]}
					]
				},
				{
					"name": "arm_left3",
					"parent": "arm_left2",
					"pivot": [10, 25.58668, 0.00505],
					"cubes": [
						{"origin": [10, 24.08668, -1.89495], "size": [4, 3, 4], "uv": [32, 25]}
					]
				},
				{
					"name": "arm_left4",
					"parent": "arm_left3",
					"pivot": [13.5, 25.68668, 0.00505],
					"cubes": [
						{"origin": [14, 24.68668, -1.49495], "size": [5, 2, 3], "uv": [32, 32]}
					]
				},
				{
					"name": "gun",
					"parent": "arm_left4",
					"pivot": [16.6, 24.38668, 0.30505],
					"rotation": [90, 0, -90]
				},
				{
					"name": "middle",
					"parent": "gun",
					"pivot": [16.6, 18.48668, -5.19495],
					"cubes": [
						{"origin": [13.6, 15.48668, -8.69495], "size": [6, 6, 7], "inflate": -0.4, "uv": [33, 75]}
					]
				},
				{
					"name": "back",
					"parent": "gun",
					"pivot": [21.79229, 18.26287, -2.28384],
					"cubes": [
						{"origin": [12.6, 14.98668, -2.99495], "size": [8, 7, 2], "inflate": -0.3, "uv": [0, 92]},
						{"origin": [12.6, 14.98668, -1.99495], "size": [8, 7, 1], "uv": [0, 102]},
						{"origin": [12.6, 16.58668, -0.99495], "size": [8, 5, 5], "uv": [37, 118]},
						{"origin": [12.6, 15.58668, -0.99495], "size": [8, 1, 5], "inflate": 0.3, "uv": [32, 96]},
						{"origin": [20.05206, 15.8291, -7.59495], "size": [2, 0, 5], "inflate": -0.2, "pivot": [23.69756, 16.33093, -4.79495], "rotation": [0, 0, 16.5], "uv": [45, 106]},
						{"origin": [20.55206, 16.0091, -6.59495], "size": [1, 0, 3], "inflate": -0.2, "pivot": [23.19756, 16.43093, -3.79495], "rotation": [0, 0, 16.5], "uv": [57, 106]},
						{"origin": [18.9, 15.48668, -7.59495], "size": [3, 1, 5], "uv": [26, 109]},
						{"origin": [19.97653, 16.01219, -7.59495], "size": [2, -1, 5], "pivot": [23.69756, 16.33093, -4.79495], "rotation": [0, 0, 16.5], "uv": [34, 108]},
						{"origin": [19.07653, 16.61219, -7.59495], "size": [1, -1, 5], "pivot": [21.79756, 16.93093, -4.79495], "rotation": [0, 0, 16.5], "uv": [0, 79]}
					]
				},
				{
					"name": "backhandle",
					"parent": "back",
					"pivot": [19.5, 21.18721, 1.46238],
					"cubes": [
						{"origin": [22, 22.78668, 0.10505], "size": [1, 2, 1], "inflate": -0.1, "pivot": [19.5, 23.60801, 0.54835], "rotation": [0, 180, 0], "uv": [16, 123]},
						{"origin": [22, 20.4899, 1.207], "size": [1, 2, 1], "inflate": 0.2, "pivot": [19.5, 21.12935, 1.70505], "rotation": [124, 0, 180], "uv": [21, 123]},
						{"origin": [22, 20.72935, 0.00505], "size": [1, 1, 1], "inflate": 0.2, "pivot": [19.5, 21.92935, 0.80505], "rotation": [0, 0, 180], "uv": [28, 124]},
						{"origin": [22, 22.16525, -0.08392], "size": [1, 2, 0.7], "inflate": -0.3, "pivot": [19.5, 22.82935, 0.30505], "rotation": [145, 0, 180], "uv": [2, 123]},
						{"origin": [22, 20.88668, -0.09495], "size": [1, 1, 1], "inflate": 0.1, "pivot": [19.5, 22.30801, 0.34835], "rotation": [0, 180, 0], "uv": [32, 119]},
						{"origin": [22, 24.34958, 0.05208], "size": [1, 2, 1], "inflate": -0.1, "pivot": [19.5, 24.92935, 0.40505], "rotation": [145, 0, 180], "uv": [11, 123]},
						{"origin": [22, 24.00333, -0.46668], "size": [1, 1.1, 0.7], "inflate": -0.3, "pivot": [19.5, 24.28115, -0.19004], "rotation": [140.5, 0, 180], "uv": [2, 124]},
						{"origin": [22, 23.73844, -0.70734], "size": [1, 1, 0.7], "inflate": -0.3, "pivot": [19.5, 24.48116, -0.48916], "rotation": [-90.5, 0, 180], "uv": [2, 124]},
						{"origin": [22, 23.38199, -0.47071], "size": [1, 1.2, 0.7], "inflate": -0.3, "pivot": [19.5, 24.22935, -0.19495], "rotation": [179.5, 0, 180], "uv": [2, 123]}
					]
				},
				{
					"name": "front",
					"parent": "gun",
					"pivot": [19.6, 18.40486, -8.18586],
					"cubes": [
						{"origin": [12.4, 14.78668, -12.99495], "size": [1, 1, 4], "inflate": -0.4, "uv": [50, 89]},
						{"origin": [12.6, 14.98668, -9.99495], "size": [8, 7, 2], "inflate": -0.3, "uv": [0, 92]},
						{"origin": [12.6, 14.98668, -13.99495], "size": [8, 7, 2], "inflate": -0.3, "uv": [0, 92]},
						{"origin": [16.1, 19.28668, -9.89495], "size": [1, 1, 0], "inflate": 0.2, "uv": [60, 109]},
						{"origin": [18, 16.38668, -9.89495], "size": [1, 1, 0], "inflate": 0.2, "uv": [60, 109]},
						{"origin": [14.2, 16.38668, -9.89495], "size": [1, 1, 0], "inflate": 0.2, "uv": [60, 109]},
						{"origin": [14.2, 16.38668, -13.89495], "size": [1, 1, 0], "inflate": 0.2, "uv": [60, 108]},
						{"origin": [18, 16.38668, -13.89495], "size": [1, 1, 0], "inflate": 0.2, "uv": [60, 108]},
						{"origin": [16.1, 19.28668, -13.89495], "size": [1, 1, 0], "inflate": 0.2, "uv": [60, 109]},
						{"origin": [17.8, 21.18668, -12.99495], "size": [1, 1, 4], "inflate": -0.4, "uv": [50, 89]},
						{"origin": [17.8, 21.18668, -9.89495], "size": [1, 1, 1], "inflate": -0.2, "uv": [14, 118]},
						{"origin": [14.4, 21.18668, -9.89495], "size": [1, 1, 1], "inflate": -0.2, "uv": [14, 118]},
						{"origin": [14.4, 21.18668, -12.99495], "size": [1, 1, 4], "inflate": -0.4, "uv": [50, 89]},
						{"origin": [19.8, 14.78668, -12.99495], "size": [1, 1, 4], "inflate": -0.4, "uv": [50, 89]},
						{"origin": [19.8, 14.78668, -9.89495], "size": [1, 1, 1], "inflate": -0.3, "uv": [15, 118]},
						{"origin": [19.8, 14.78668, -13.09495], "size": [1, 1, 1], "inflate": -0.3, "uv": [15, 118]},
						{"origin": [12.4, 14.78668, -9.89495], "size": [1, 1, 1], "inflate": -0.3, "uv": [15, 118]},
						{"origin": [12.4, 14.78668, -13.09495], "size": [1, 1, 1], "inflate": -0.3, "uv": [15, 118]},
						{"origin": [17.8, 21.18668, -13.69495], "size": [1, 1, 0.4], "inflate": 0, "uv": [8, 104]},
						{"origin": [14.4, 21.18668, -13.69495], "size": [1, 1, 0.4], "inflate": 0, "uv": [10, 106]},
						{"origin": [14.4, 21.18668, -13.29495], "size": [1, 1, 1], "inflate": 0, "uv": [7, 105]},
						{"origin": [17.8, 21.18668, -13.29495], "size": [1, 1, 1], "inflate": 0, "uv": [7, 105]}
					]
				},
				{
					"name": "fronthandle",
					"parent": "front",
					"pivot": [20.8, 20.98668, -12.39495],
					"cubes": [
						{"origin": [17.8, 21.78668, -13.29495], "size": [1, 2, 1], "inflate": -0.2, "uv": [26, 116]},
						{"origin": [17.8, 22.62981, -12.88722], "size": [1, 2, 1], "inflate": -0.2, "pivot": [19.6, 23.68668, -11.99495], "rotation": [-46, 0, 0], "uv": [26, 116]},
						{"origin": [17.8, 23.58355, -12.20147], "size": [1, 2, 2], "inflate": -0.2, "uv": [23, 101]},
						{"origin": [18.44, 24.12019, -11.71109], "size": [0.2, 1, 1], "inflate": 0, "uv": [6, 81]},
						{"origin": [14.56, 24.12019, -11.71109], "size": [0.2, 1, 1], "inflate": 0, "uv": [6, 81]},
						{"origin": [14.4, 21.78668, -13.29495], "size": [1, 2, 1], "inflate": -0.2, "uv": [26, 116]},
						{"origin": [14.4, 22.62981, -12.88722], "size": [1, 2, 1], "inflate": -0.2, "pivot": [19.6, 23.68668, -11.99495], "rotation": [-46, 0, 0], "uv": [26, 116]},
						{"origin": [14.4, 23.58355, -12.20147], "size": [1, 2, 2], "inflate": -0.2, "uv": [22, 101]},
						{"origin": [14.44, 24.13248, -11.70672], "size": [4, 1, 1], "inflate": -0.2, "pivot": [19.44, 24.41706, -10.9176], "rotation": [3, 0, 0], "uv": [46, 122]}
					]
				},
				{
					"name": "tubes",
					"parent": "front",
					"pivot": [19.6, 18.08668, -9.09495]
				},
				{
					"name": "tuberight",
					"parent": "tubes",
					"pivot": [14.7, 16.88668, -9.59495],
					"cubes": [
						{"origin": [14.2, 16.38668, -21.09495], "size": [1, 1, 15], "inflate": 0, "uv": [0, 74]},
						{"origin": [14.2, 16.38668, -21.09495], "size": [1, 1, 3], "inflate": 0.2, "uv": [22, 78]},
						{"origin": [14.2, 16.38668, -21.198], "size": [1, 1, 0], "inflate": 0.1, "uv": [2, 115]}
					]
				},
				{
					"name": "tubeleft",
					"parent": "tubes",
					"pivot": [18.5, 16.88668, -9.59495],
					"cubes": [
						{"origin": [18, 16.38668, -21.09495], "size": [1, 1, 15], "inflate": 0, "uv": [0, 74]},
						{"origin": [18, 16.38668, -21.09495], "size": [1, 1, 3], "inflate": 0.2, "uv": [23, 79]},
						{"origin": [18, 16.38668, -21.198], "size": [1, 1, 0], "inflate": 0.1, "uv": [2, 115]}
					]
				},
				{
					"name": "tubetop",
					"parent": "tubes",
					"pivot": [16.6, 19.78668, -8.59495],
					"cubes": [
						{"origin": [16.1, 19.28668, -21.09495], "size": [1, 1, 15], "inflate": 0, "uv": [0, 74]},
						{"origin": [16.1, 19.28668, -21.09495], "size": [1, 1, 3], "inflate": 0.2, "uv": [21, 78]},
						{"origin": [16.1, 19.28668, -21.198], "size": [1, 1, 0], "inflate": 0.1, "uv": [2, 115]}
					]
				},
				{
					"name": "arm_right",
					"parent": "arms",
					"pivot": [-3, 25.58668, 0.00505],
					"cubes": [
						{"origin": [-9, 24.58668, -0.99495], "size": [6, 2, 2], "uv": [0, 35], "mirror": true}
					]
				},
				{
					"name": "arm_right2",
					"parent": "arm_right",
					"pivot": [-9, 25.58668, 0.00505],
					"cubes": [
						{"origin": [-10, 24.58668, -0.99495], "size": [1, 2, 2], "inflate": 0.01, "uv": [55, 0], "mirror": true}
					]
				},
				{
					"name": "arm_right3",
					"parent": "arm_right2",
					"pivot": [-10, 25.58668, 0.00505],
					"cubes": [
						{"origin": [-14, 24.08668, -1.89495], "size": [4, 3, 4], "uv": [18, 28], "mirror": true}
					]
				},
				{
					"name": "arm_right4",
					"parent": "arm_right3",
					"pivot": [-13.5, 25.68668, 0.00505],
					"cubes": [
						{"origin": [-19, 24.68668, -1.49495], "size": [5, 2, 3], "uv": [13, 36], "mirror": true}
					]
				},
				{
					"name": "neck",
					"parent": "chest",
					"pivot": [0, 26.50799, 0.18303],
					"rotation": [5, 0, 0],
					"cubes": [
						{"origin": [-1, 26.00419, -0.72982], "size": [2, 3, 2], "uv": [42, 13]}
					]
				},
				{
					"name": "head",
					"parent": "neck",
					"pivot": [0, 31.30419, 0.27018],
					"cubes": [
						{"origin": [-3.5, 28.30419, -3.62982], "size": [7, 7, 7], "uv": [0, 0]},
						{"origin": [1.5, 28.70419, -3.4498], "size": [2, 1, 0], "inflate": -0.2, "uv": [97, 46]},
						{"origin": [-3.5, 28.70419, -3.4498], "size": [2, 1, 0], "inflate": -0.2, "uv": [97, 46], "mirror": true},
						{"origin": [-4.5, 28.50419, -2.42982], "size": [9, 7, 6], "inflate": 0.4, "uv": [94, 16]},
						{"origin": [-2.5, 29.66462, 2.48929], "size": [5, 5, 4], "inflate": 0.4, "pivot": [0, 32.24754, 5.74958], "rotation": [-12.5, 0, 0], "uv": [89, 4]},
						{"origin": [-1, 31.79654, 5.88705], "size": [2, 2, 2], "inflate": 0.4, "pivot": [0, 32.24754, 5.74958], "rotation": [-34.5, 0, 0], "uv": [120, 19]},
						{"origin": [-4.5, 35.50419, -4.22982], "size": [9, 0, 1], "inflate": 0.4, "uv": [107, 7]},
						{"origin": [3.7, 33.70419, -4.22982], "size": [0, 1, 1], "inflate": 0.4, "uv": [116, 7]},
						{"origin": [1.1, 34.40419, -4.2498], "size": [1, 1, -0.4], "inflate": 0.2, "pivot": [1.6, 34.90419, -4.42982], "rotation": [5, 5, -45], "uv": [122, 45]},
						{"origin": [3.2, 33.10419, -4.4498], "size": [1, 1, -0.4], "inflate": 0.2, "pivot": [3.7, 33.60419, -4.62982], "rotation": [-24.72265, -22.54349, 27.27557], "uv": [119, 45]},
						{"origin": [3.5, 30.00419, -4.4498], "size": [1, 1, -0.4], "inflate": 0.2, "pivot": [4, 30.50419, -4.62982], "rotation": [-25.39549, -25.54202, 49.27528], "uv": [119, 45]},
						{"origin": [-4.5, 30.00419, -4.4498], "size": [1, 1, -0.4], "inflate": 0.2, "pivot": [-4, 30.50419, -4.62982], "rotation": [-25.39549, 25.54202, -49.27528], "uv": [119, 45], "mirror": true},
						{"origin": [-4.2, 33.10419, -4.4498], "size": [1, 1, -0.4], "inflate": 0.2, "pivot": [-3.7, 33.60419, -4.62982], "rotation": [-24.72265, 22.54349, -27.27557], "uv": [119, 45], "mirror": true},
						{"origin": [-2.1, 34.40419, -4.2498], "size": [1, 1, -0.4], "inflate": 0.2, "pivot": [-1.6, 34.90419, -4.42982], "rotation": [5, 5, -45], "uv": [119, 45]},
						{"origin": [-3.7, 33.70419, -4.22982], "size": [0, 1, 1], "inflate": 0.4, "uv": [116, 7]},
						{"origin": [4.5, 28.70419, -4.22982], "size": [0, 6, 1], "inflate": 0.4, "uv": [114, 4]},
						{"origin": [-4.5, 28.70419, -4.22982], "size": [0, 6, 1], "inflate": 0.4, "uv": [121, 4]}
					]
				},
				{
					"name": "eyes",
					"parent": "head",
					"pivot": [0, 34.20419, -2.92982]
				},
				{
					"name": "eye_left",
					"parent": "eyes",
					"pivot": [2.51, 33.85419, -3.13982],
					"cubes": [
						{"origin": [1.51, 29.85419, -3.63982], "size": [2, 2, 1], "uv": [56, 9], "mirror": true}
					]
				},
				{
					"name": "eyelid_left",
					"parent": "eye_left",
					"pivot": [2.41, 33.85419, -3.03982],
					"cubes": [
						{"origin": [1.41, 29.85419, -3.53982], "size": [2, 2, 1], "inflate": 0.01, "uv": [56, 12], "mirror": true}
					]
				},
				{
					"name": "flame_left",
					"parent": "eye_left",
					"pivot": [2.5, 33.90419, -3.62982],
					"rotation": [-22.5, -55, -90]
				},
				{
					"name": "flame_left_rotation",
					"parent": "flame_left",
					"pivot": [2.5, 33.90419, -3.62982],
					"cubes": [
						{"origin": [0.77927, 32.84461, -4.35942], "size": [0, 2, 3], "uv": [56, 12]}
					]
				},
				{
					"name": "eye_right",
					"parent": "eyes",
					"pivot": [-2.51, 33.85419, -3.13982],
					"cubes": [
						{"origin": [-3.51, 29.85419, -3.63982], "size": [2, 2, 1], "uv": [50, 9]}
					]
				},
				{
					"name": "eyelid_right",
					"parent": "eye_right",
					"pivot": [-2.41, 33.85419, -3.03982],
					"cubes": [
						{"origin": [-3.41, 29.85419, -3.53982], "size": [2, 2, 1], "inflate": 0.01, "uv": [50, 12]}
					]
				},
				{
					"name": "flame_right",
					"parent": "eye_right",
					"pivot": [-2.5, 33.90419, -3.62982],
					"rotation": [-22.5, 55, 90]
				},
				{
					"name": "flame_right_rotation",
					"parent": "flame_right",
					"pivot": [-2.5, 33.90419, -3.62982],
					"cubes": [
						{"origin": [-0.77927, 32.84461, -4.35942], "size": [0, 2, 3], "uv": [50, 12], "mirror": true}
					]
				},
				{
					"name": "helmet",
					"parent": "head",
					"pivot": [0, 33.80419, 1.17018],
					"rotation": [5, 0, 0],
					"cubes": [
						{"origin": [-4, 31.8156, -4.09128], "size": [8, 4, 5], "uv": [28, 0]},
						{"origin": [-0.5, 34.8156, -4.09128], "size": [1, 1, 2], "inflate": 0.01, "uv": [54, 4]},
						{"origin": [2, 32.3156, -4.09128], "size": [2, 1, 1], "inflate": 0.01, "uv": [58, 4]},
						{"origin": [-4, 32.3156, -4.09128], "size": [2, 1, 1], "inflate": 0.01, "uv": [54, 7], "mirror": true},
						{"origin": [-4, 30.8156, -2.09128], "size": [8, 1, 3], "uv": [28, 9]}
					]
				},
				{
					"name": "head_flame",
					"parent": "helmet",
					"pivot": [2.8, 38.05419, -3.00982],
					"rotation": [-159.7047, 78.74354, -43.51609]
				},
				{
					"name": "head_flame2",
					"parent": "head_flame",
					"pivot": [2.8, 32.05419, -1.02982],
					"cubes": [
						{"origin": [2.89005, 32.92449, 1.65495], "size": [0, 5, 4], "inflate": 0.01, "uv": [10, 11]}
					]
				},
				{
					"name": "head_flame3",
					"parent": "head_flame2",
					"pivot": [2.8, 35.05419, 2.97018],
					"cubes": [
						{"origin": [2.89005, 31.92449, 5.65495], "size": [0, 7, 4], "uv": [18, 10]}
					]
				},
				{
					"name": "cheek_spikes",
					"parent": "head",
					"pivot": [0.1, 31.30419, -0.02982],
					"rotation": [12.5, 0, 0]
				},
				{
					"name": "legs",
					"parent": "body",
					"pivot": [0, 22.2, -1.1]
				},
				{
					"name": "leg_right",
					"parent": "legs",
					"pivot": [-2, 22.1, -1],
					"cubes": [
						{"origin": [-3.35, 17.55, -3], "size": [3, 3, 4], "pivot": [-1.85, 19.05, -1], "rotation": [0, 0, -45], "uv": [25, 37], "mirror": true}
					]
				},
				{
					"name": "leg_right2",
					"parent": "leg_right",
					"pivot": [-2.1, 19, -1],
					"cubes": [
						{"origin": [-3.6, 11, -2.5], "size": [3, 8, 3], "uv": [52, 42], "mirror": true}
					]
				},
				{
					"name": "leg_right3",
					"parent": "leg_right2",
					"pivot": [-2.1, 12, -2.5],
					"cubes": [
						{"origin": [-4.2, 5, -3], "size": [4, 7, 4], "inflate": 0.01, "uv": [6, 49], "mirror": true},
						{"origin": [-4.2, 7, -3], "size": [4, 3, 4], "inflate": 0.11, "uv": [67, 121], "mirror": true}
					]
				},
				{
					"name": "leg_right3_rotation",
					"parent": "leg_right3",
					"pivot": [-2.1, 5, -1.2],
					"rotation": [0, -45, 0],
					"cubes": [
						{"origin": [-3.67635, 1, -2.62635], "size": [3, 4, 3], "uv": [52, 54], "mirror": true}
					]
				},
				{
					"name": "foot_right",
					"parent": "leg_right3_rotation",
					"pivot": [-1.81924, 0.5, -0.76924],
					"rotation": [0, -45, 0]
				},
				{
					"name": "foot_right_rotation",
					"parent": "foot_right",
					"pivot": [-3.41924, 1, -0.76924]
				},
				{
					"name": "foot_right_pivot",
					"parent": "foot_right_rotation",
					"pivot": [0.33076, 1, -0.76924],
					"cubes": [
						{"origin": [-4.02635, 0, -2.97635], "size": [3, 1, 3], "inflate": 0.01, "pivot": [-1.81924, 0.5, -0.76924], "rotation": [0, 45, 0], "uv": [40, 69], "mirror": true}
					]
				},
				{
					"name": "leg_left",
					"parent": "legs",
					"pivot": [2, 22.1, -1],
					"cubes": [
						{"origin": [0.35, 17.55, -3], "size": [3, 3, 4], "pivot": [1.85, 19.05, -1], "rotation": [0, 0, 45], "uv": [25, 37]}
					]
				},
				{
					"name": "leg_left2",
					"parent": "leg_left",
					"pivot": [2.1, 19, -1],
					"cubes": [
						{"origin": [0.6, 11, -2.5], "size": [3, 8, 3], "uv": [52, 42]}
					]
				},
				{
					"name": "leg_left3",
					"parent": "leg_left2",
					"pivot": [2.1, 12, -2.5],
					"cubes": [
						{"origin": [0.2, 5, -3], "size": [4, 7, 4], "inflate": 0.01, "uv": [6, 49]},
						{"origin": [0.2, 7, -3], "size": [4, 3, 4], "inflate": 0.11, "uv": [6, 51]}
					]
				},
				{
					"name": "leg_left3_rotation",
					"parent": "leg_left3",
					"pivot": [2.1, 5, -1.1],
					"rotation": [0, 45, 0],
					"cubes": [
						{"origin": [0.74706, 1, -2.59706], "size": [3, 4, 3], "uv": [52, 54]}
					]
				},
				{
					"name": "foot_left",
					"parent": "leg_left3_rotation",
					"pivot": [1.88995, 0.5, -0.73995],
					"rotation": [0, 45, 0]
				},
				{
					"name": "foot_left_rotation",
					"parent": "foot_left",
					"pivot": [3.48995, 1, -0.73995]
				},
				{
					"name": "foot_left_pivot",
					"parent": "foot_left_rotation",
					"pivot": [-0.26005, 1, -0.73995],
					"cubes": [
						{"origin": [1.09706, 0, -2.94706], "size": [3, 1, 3], "inflate": 0.01, "pivot": [1.88995, 0.5, -0.73995], "rotation": [0, -45, 0], "uv": [40, 69]}
					]
				}
			]
		}
	]
}