{
	"format_version": "1.12.0",
	"minecraft:geometry": [
		{
			"description": {
				"identifier": "geometry.steelpyre",
				"texture_width": 64,
				"texture_height": 64,
				"visible_bounds_width": 3,
				"visible_bounds_height": 2.5,
				"visible_bounds_offset": [0, 0.75, 0]
			},
			"bones": [
				{
					"name": "steelpyre",
					"pivot": [0, 0, 0]
				},
				{
					"name": "body",
					"parent": "steelpyre",
					"pivot": [0, 0, 0]
				},
				{
					"name": "torso",
					"parent": "body",
					"pivot": [0, 8.5, 4],
					"cubes": [
						{"origin": [-2.5, 6.5, 4], "size": [5, 4, 3], "uv": [24, 0]},
						{"origin": [1.5, 9.5, 7], "size": [1, 1, 2], "uv": [20, 25]},
						{"origin": [1.5, 7.5, 7], "size": [1, 1, 1], "uv": [28, 29], "mirror": true},
						{"origin": [-2.5, 7.5, 7], "size": [1, 1, 1], "uv": [28, 29]},
						{"origin": [-2.5, 9.5, 7], "size": [1, 1, 2], "uv": [20, 25], "mirror": true}
					]
				},
				{
					"name": "segment1",
					"parent": "torso",
					"pivot": [4.03333, 11, 4.83333],
					"cubes": [
						{"origin": [4, 11, -3], "size": [4, 4, 8], "uv": [0, 12], "mirror": true},
						{"origin": [4.05, 10, -2.75], "size": [2, 1, 1], "uv": [26, 25], "mirror": true},
						{"origin": [5.05, 9, -2.75], "size": [1, 1, 1], "uv": [24, 29], "mirror": true}
					]
				},
				{
					"name": "flame2",
					"parent": "segment1",
					"pivot": [7.66667, 15, 2.33333],
					"cubes": [
						{"origin": [6.25, 16, 5], "size": [2, 2, 4], "uv": [24, 19], "mirror": true},
						{"origin": [6, 14, 2], "size": [3, 2, 4], "uv": [24, 7], "mirror": true},
						{"origin": [7.25, 15, 3], "size": [2, 2, 4], "uv": [24, 13], "mirror": true}
					]
				},
				{
					"name": "segment2",
					"parent": "torso",
					"pivot": [-4.03333, 11, 4.83333],
					"cubes": [
						{"origin": [-6.05, 9, -2.75], "size": [1, 1, 1], "uv": [24, 29]},
						{"origin": [-8, 11, -3], "size": [4, 4, 8], "uv": [0, 12]},
						{"origin": [-6.05, 10, -2.75], "size": [2, 1, 1], "uv": [26, 25]}
					]
				},
				{
					"name": "flame1",
					"parent": "segment2",
					"pivot": [-7.66667, 15, 2.33333],
					"cubes": [
						{"origin": [-9, 14, 2], "size": [3, 2, 4], "uv": [24, 7]},
						{"origin": [-9.25, 15, 3], "size": [2, 2, 4], "uv": [24, 13]},
						{"origin": [-8.25, 16, 5], "size": [2, 2, 4], "uv": [24, 19]}
					]
				},
				{
					"name": "segment3",
					"parent": "torso",
					"pivot": [-3.93333, 9.15064, 4.55951],
					"rotation": [30, 0, 0],
					"cubes": [
						{"origin": [-8, 5.16596, -3.50036], "size": [4, 4, 8], "uv": [0, 0]},
						{"origin": [-7.9, 9.16596, -3.25036], "size": [2, 1, 1], "uv": [26, 27]},
						{"origin": [-6.9, 10.16596, -3.25036], "size": [1, 1, 1], "uv": [20, 28]}
					]
				},
				{
					"name": "segment4",
					"parent": "torso",
					"pivot": [3.9333, 9.1506, 4.5595],
					"rotation": [30, 0, 0],
					"cubes": [
						{"origin": [4, 5.11603, -3.43301], "size": [4, 4, 8], "uv": [0, 0], "mirror": true},
						{"origin": [5.9, 10.11603, -3.18301], "size": [1, 1, 1], "uv": [20, 28], "mirror": true},
						{"origin": [5.9, 9.11603, -3.18301], "size": [2, 1, 1], "uv": [26, 27], "mirror": true}
					]
				},
				{
					"name": "head",
					"parent": "body",
					"pivot": [0, 9, 0.5],
					"cubes": [
						{"origin": [-2.5, 6.5, -2], "size": [5, 5, 5], "uv": [0, 24]}
					]
				}
			]
		}
	]
}