{
	"format_version": "1.12.0",
	"minecraft:geometry": [
		{
			"description": {
				"identifier": "geometry.geodon",
				"texture_width": 200,
				"texture_height": 200,
				"visible_bounds_width": 10,
				"visible_bounds_height": 5.5,
				"visible_bounds_offset": [0, 2.25, 0]
			},
			"bones": [
				{
					"name": "geodon",
					"pivot": [0, 0, 0]
				},
				{
					"name": "bone",
					"parent": "geodon",
					"pivot": [0, 26, 0],
					"cubes": [
						{"origin": [-20, 26, -20], "size": [40, 40, 40], "uv": [1, 0]}
					]
				},
				{
					"name": "head",
					"parent": "geodon",
					"pivot": [0, 44, -20],
					"cubes": [
						{"origin": [-10, 34, -29], "size": [20, 20, 20], "uv": [7, 154]}
					]
				},
				{
					"name": "arm",
					"parent": "geodon",
					"pivot": [20, 43, 0],
					"cubes": [
						{"origin": [17, 39, -4], "size": [16, 8, 8], "uv": [22, 92]}
					]
				},
				{
					"name": "bone2",
					"parent": "arm",
					"pivot": [33, 43, 0],
					"cubes": [
						{"origin": [33, 34, -9], "size": [37, 18, 18], "uv": [90, 84]}
					]
				},
				{
					"name": "arm2",
					"parent": "geodon",
					"pivot": [-20, 43, 0],
					"cubes": [
						{"origin": [-33, 39, -4], "size": [16, 8, 8], "uv": [22, 92], "mirror": true}
					]
				},
				{
					"name": "bone3",
					"parent": "arm2",
					"pivot": [-33, 43, 0],
					"cubes": [
						{"origin": [-70, 34, -9], "size": [37, 18, 18], "uv": [90, 84], "mirror": true}
					]
				},
				{
					"name": "floating_rocks",
					"parent": "geodon",
					"pivot": [0, 23, 0]
				},
				{
					"name": "bone4",
					"parent": "floating_rocks",
					"pivot": [0, 20.5, 0],
					"cubes": [
						{"origin": [-13, 18, -13], "size": [26, 5, 26], "uv": [94, 167]}
					]
				},
				{
					"name": "bone5",
					"parent": "floating_rocks",
					"pivot": [0, 12.5, 0],
					"cubes": [
						{"origin": [-10, 10, -10], "size": [20, 5, 20], "uv": [117, 125]}
					]
				},
				{
					"name": "bone6",
					"parent": "floating_rocks",
					"pivot": [0, 4.5, 0],
					"cubes": [
						{"origin": [-7, 2, -7], "size": [14, 5, 14], "uv": [43, 122]}
					]
				}
			]
		}
	]
}