{
	"format_version": "1.12.0",
	"minecraft:geometry": [
		{
			"description": {
				"identifier": "geometry.maskylium",
				"texture_width": 64,
				"texture_height": 64,
				"visible_bounds_width": 3,
				"visible_bounds_height": 2.5,
				"visible_bounds_offset": [0, 0.75, 0]
			},
			"bones": [
				{
					"name": "maskylium",
					"pivot": [0, 0, 0]
				},
				{
					"name": "body",
					"parent": "maskylium",
					"pivot": [0, 9, 0]
				},
				{
					"name": "torso",
					"parent": "body",
					"pivot": [0, 7.7, -0.1],
					"cubes": [
						{"origin": [-1, 7.45, -1.1], "size": [2, 4, 2], "uv": [26, 38]}
					]
				},
				{
					"name": "arm1",
					"parent": "torso",
					"pivot": [1, 9.95, 0.4],
					"cubes": [
						{"origin": [1, 9.45, -0.1], "size": [6, 1, 1], "uv": [38, 11]}
					]
				},
				{
					"name": "lowerarm1",
					"parent": "arm1",
					"pivot": [7, 9.95, 0.4],
					"cubes": [
						{"origin": [7, 8.95, -0.6], "size": [6, 2, 2], "uv": [36, 0]}
					]
				},
				{
					"name": "arm2",
					"parent": "torso",
					"pivot": [-1, 9.95, 0.4],
					"cubes": [
						{"origin": [-7, 9.45, -0.1], "size": [6, 1, 1], "uv": [38, 13]}
					]
				},
				{
					"name": "lowerarm2",
					"parent": "arm2",
					"pivot": [-7, 9.95, 0.4],
					"cubes": [
						{"origin": [-13, 8.95, -0.6], "size": [6, 2, 2], "uv": [26, 34]}
					]
				},
				{
					"name": "head",
					"parent": "torso",
					"pivot": [0, 10.95, -0.6],
					"cubes": [
						{"origin": [-1.5, 10.45, -3.6], "size": [3, 3, 4], "uv": [30, 19]}
					]
				},
				{
					"name": "hat",
					"parent": "head",
					"pivot": [0, 12.95, -3.35],
					"cubes": [
						{"origin": [-4.5, 12.95, -4.6], "size": [9, 3, 9], "uv": [0, 0]},
						{"origin": [-2.5, 15.95, -3.6], "size": [5, 3, 7], "uv": [0, 12]}
					]
				},
				{
					"name": "hattip",
					"parent": "hat",
					"pivot": [0, 17.95, 0.4],
					"cubes": [
						{"origin": [-1.5, 17.95, -0.6], "size": [3, 4, 5], "uv": [14, 22]}
					]
				},
				{
					"name": "mask",
					"parent": "head",
					"pivot": [0, 12.08333, -5.15556],
					"cubes": [
						{"origin": [-6.4, 11, -6.2], "size": [2, 1, 1], "pivot": [-1.65, 8, -5.2], "rotation": [0, 24, 0], "uv": [42, 41]},
						{"origin": [-0.4, 6, -6.2], "size": [1, 2, 1], "pivot": [-1.65, 9, -5.2], "rotation": [0, 24, 0], "uv": [26, 31]},
						{"origin": [-0.6, 8, -6.2], "size": [4, 2, 1], "pivot": [1.65, 11, -5.2], "rotation": [0, -24, 0], "uv": [42, 26]},
						{"origin": [-0.6, 6, -6.2], "size": [1, 2, 1], "pivot": [1.65, 9, -5.2], "rotation": [0, -24, 0], "uv": [44, 19]},
						{"origin": [-0.6, 10, -6.2], "size": [5, 6, 1], "pivot": [1.65, 11, -5.2], "rotation": [0, -24, 0], "uv": [0, 34]},
						{"origin": [0.4, 14, -5.7], "size": [6, 8, 0], "pivot": [1.65, 15, -5.7], "rotation": [0, -24, 0], "uv": [14, 31]},
						{"origin": [4.4, 13, -6.2], "size": [2, 2, 1], "pivot": [1.65, 11, -5.2], "rotation": [0, -24, 0], "uv": [24, 19]},
						{"origin": [4.4, 11, -6.2], "size": [2, 1, 1], "pivot": [1.65, 8, -5.2], "rotation": [0, -24, 0], "uv": [42, 43]},
						{"origin": [-6.4, 14, -5.7], "size": [6, 8, 0], "pivot": [-1.65, 15, -5.7], "rotation": [0, 24, 0], "uv": [30, 26]},
						{"origin": [-6.4, 13, -6.2], "size": [2, 2, 1], "pivot": [-1.65, 11, -5.2], "rotation": [0, 24, 0], "uv": [42, 38]},
						{"origin": [-4.4, 10, -6.2], "size": [5, 6, 1], "pivot": [-1.65, 11, -5.2], "rotation": [0, 24, 0], "uv": [36, 4]},
						{"origin": [-3.4, 8, -6.2], "size": [4, 2, 1], "pivot": [-1.65, 11, -5.2], "rotation": [0, 24, 0], "uv": [42, 29]}
					]
				},
				{
					"name": "lowertorso",
					"parent": "body",
					"pivot": [0, 7.5, -0.25],
					"cubes": [
						{"origin": [-2, 4, -2], "size": [4, 4, 3], "pivot": [0, 6, -0.5], "rotation": [-15, 0, 0], "uv": [24, 12]}
					]
				},
				{
					"name": "leg1",
					"parent": "lowertorso",
					"pivot": [2, 5.91348, -0.49178],
					"cubes": [
						{"origin": [2, 3, -1.5], "size": [2, 4, 2], "pivot": [4, 6, 0], "rotation": [-15, 0, 0], "uv": [34, 38]}
					]
				},
				{
					"name": "lowerleg1",
					"parent": "leg1",
					"pivot": [2.75, 4, -0.5],
					"cubes": [
						{"origin": [2.25, 1, -1.5], "size": [1, 4, 2], "uv": [20, 39]}
					]
				},
				{
					"name": "foot1",
					"parent": "lowerleg1",
					"pivot": [2.75, 1, 0],
					"cubes": [
						{"origin": [1.75, 0, -2.5], "size": [2, 1, 3], "uv": [0, 41]}
					]
				},
				{
					"name": "leg2",
					"parent": "lowertorso",
					"pivot": [-2, 5.91348, -0.49178],
					"cubes": [
						{"origin": [-4, 3, -1.5], "size": [2, 4, 2], "pivot": [-4, 6, 0], "rotation": [-15, 0, 0], "uv": [12, 39]}
					]
				},
				{
					"name": "lowerleg2",
					"parent": "leg2",
					"pivot": [-2.75, 4, -0.5],
					"cubes": [
						{"origin": [-3.25, 1, -1.5], "size": [1, 4, 2], "uv": [42, 32]}
					]
				},
				{
					"name": "foot2",
					"parent": "lowerleg2",
					"pivot": [-2.75, 1, 0],
					"cubes": [
						{"origin": [-3.75, 0, -2.5], "size": [2, 1, 3], "uv": [38, 15]}
					]
				}
			]
		}
	]
}