{
	"format_version": "1.8.0",
	"animations": {
		"animation.upsigenia_fetus.sleep": {
			"loop": true,
			"bones": {
				"body": {
					"rotation": ["42.5+Math.cos((query.anim_time) * 90 * 1/2 - 90) * -3", "-10+Math.cos((query.anim_time) * 90 * 1/2) * -3", 0],
					"position": [0, "-4+Math.cos((query.anim_time) * 90 * 1/2) * 1", 0]
				},
				"neck": {
					"rotation": ["-20+Math.cos((query.anim_time) * 90 * 1/2 - 150) * -5", 0, 0]
				},
				"head": {
					"rotation": [-60, 7.5, 0]
				},
				"leg_left_front": {
					"rotation": ["-20+Math.cos((query.anim_time) * 90 * 1/2 - 150) * -20", 0, -17.5]
				},
				"foot_left_front": {
					"rotation": [-27.5, 0, 0]
				},
				"spike_left_front": {
					"rotation": [-15, 0, -15]
				},
				"leg_right_front": {
					"rotation": ["20+Math.cos((query.anim_time) * 90 * 1/2 - 150) * -5", 0, 42.5],
					"position": [0, -0.25, 0]
				},
				"foot_right_front": {
					"rotation": [-27.5, 0, 0]
				},
				"leg_left_back": {
					"rotation": ["20+Math.cos((query.anim_time) * 90 * 1/2 - 180) * -20", 0, -17.5]
				},
				"foot_left_back": {
					"rotation": [27.5, 0, 0]
				},
				"leg_right_back": {
					"rotation": ["-2.5+Math.cos((query.anim_time) * 90 * 1/2 - 130) * -20", 0, 17.5]
				},
				"foot_right_back": {
					"rotation": [27.5, 0, 0]
				},
				"spike_right_front": {
					"rotation": [-15, 0, 15]
				},
				"spike_left_back": {
					"rotation": [17.5, 0, -20]
				},
				"spike_right_back": {
					"rotation": [17.5, 0, 20]
				},
				"tail1": {
					"rotation": ["25+Math.cos((query.anim_time) * 90 * 1/2 - 150) * 10", 17.5, 0]
				},
				"tail2": {
					"rotation": ["35+Math.cos((query.anim_time) * 90 * 1/2 - 210) * 30", -20, 0]
				}
			}
		},
		"animation.upsigenia_fetus.quirk": {
			"animation_length": 4,
			"bones": {
				"body": {
					"rotation": {
						"0.0": [0, 0, 0],
						"0.5": {
							"pre": [5, 0, 0],
							"post": [5, 0, 0],
							"lerp_mode": "catmullrom"
						},
						"0.8333": {
							"post": [6, 0, 0],
							"lerp_mode": "catmullrom"
						},
						"1.0417": {
							"post": [6, 0, 0],
							"lerp_mode": "catmullrom"
						},
						"1.2083": {
							"post": [8.5, 0, 0],
							"lerp_mode": "catmullrom"
						},
						"1.5417": {
							"post": [3.5, 0, 0],
							"lerp_mode": "catmullrom"
						},
						"1.7917": {
							"post": [2.5, 0, 0],
							"lerp_mode": "catmullrom"
						},
						"2.0833": {
							"post": [-2.5, 0, 0],
							"lerp_mode": "catmullrom"
						},
						"2.375": {
							"post": [-3.5, 0, 0],
							"lerp_mode": "catmullrom"
						},
						"3.125": [-0.42, 0, 0],
						"3.5": [0, 0, 0]
					},
					"position": {
						"0.0": [0, 0, 0],
						"0.625": {
							"pre": [0, 0.125, 0.5],
							"post": [0, 0.125, 0.5],
							"lerp_mode": "catmullrom"
						},
						"1.0": {
							"post": [0, 0.25, 0.6],
							"lerp_mode": "catmullrom"
						},
						"1.125": {
							"post": [0, 0.25, 0.6],
							"lerp_mode": "catmullrom"
						},
						"1.2083": {
							"post": [0, 0.25, 0.85],
							"lerp_mode": "catmullrom"
						},
						"1.4583": {
							"post": [0, 0.35, 0.075],
							"lerp_mode": "catmullrom"
						},
						"1.8333": {
							"post": [0, 0.425, -0.175],
							"lerp_mode": "catmullrom"
						},
						"2.0417": {
							"post": [0, 0.475, -0.425],
							"lerp_mode": "catmullrom"
						},
						"2.4583": {
							"post": [0, 0.4, -0.575],
							"lerp_mode": "catmullrom"
						},
						"3.0": {
							"post": [0, 0.255, -0.18],
							"lerp_mode": "catmullrom"
						},
						"3.2917": [0, 0.07, -0.055],
						"3.625": [0, 0, 0]
					}
				},
				"head": {
					"rotation": {
						"0.0": [0, 0, 0],
						"0.625": {
							"pre": [-6.5, 0, 0],
							"post": [-6.5, 0, 0],
							"lerp_mode": "catmullrom"
						},
						"1.0": {
							"post": [-8.5, 0, 0],
							"lerp_mode": "catmullrom"
						},
						"1.125": {
							"post": [-9.96, 0, 0],
							"lerp_mode": "catmullrom"
						},
						"1.2917": {
							"post": [-16, 0, 0],
							"lerp_mode": "catmullrom"
						},
						"1.5417": {
							"post": [-11, 0, 0],
							"lerp_mode": "catmullrom"
						},
						"1.7917": {
							"post": [-8.5, 0, 0],
							"lerp_mode": "catmullrom"
						},
						"2.0": {
							"post": [-12.25, 0, 0],
							"lerp_mode": "catmullrom"
						},
						"2.25": {
							"post": [-11, 0, 0],
							"lerp_mode": "catmullrom"
						},
						"2.6667": {
							"post": [-6.75, 0, 0],
							"lerp_mode": "catmullrom"
						},
						"3.0833": [-1.53, 0, 0],
						"3.3333": [0, 0, 0]
					}
				},
				"leg_right_front": {
					"rotation": {
						"0.0": [0, 0, 0],
						"0.7917": [-7.5, 0, 0],
						"0.9583": [-8.33, 0, 0],
						"1.4583": [-25, 0, 0],
						"2.0417": [-20.28, 0, 0],
						"2.5": [-15.65, 0, 0],
						"3.0417": [-1.76, 0, 0],
						"3.5": [0, 0, 0]
					}
				},
				"leg_left_back": {
					"rotation": {
						"0.0": [0, 0, 0],
						"0.3333": [19.59, 0, 0],
						"0.6667": {
							"pre": [30, 0, 0],
							"post": [30, 0, 0],
							"lerp_mode": "catmullrom"
						},
						"1.0417": {
							"post": [32.5, 0, 0],
							"lerp_mode": "catmullrom"
						},
						"1.2083": {
							"post": [40, 0, 0],
							"lerp_mode": "catmullrom"
						},
						"1.375": {
							"post": [-15.68, 0, 0],
							"lerp_mode": "catmullrom"
						},
						"1.5": {
							"post": [-32.5, 0, 0],
							"lerp_mode": "catmullrom"
						},
						"1.6667": {
							"post": [-3.25, 0, 0],
							"lerp_mode": "catmullrom"
						},
						"1.8333": {
							"post": [11.75, 0, 0],
							"lerp_mode": "catmullrom"
						},
						"2.0417": {
							"post": [-23.68, 0, 0],
							"lerp_mode": "catmullrom"
						},
						"2.1667": {
							"post": [-32.5, 0, 0],
							"lerp_mode": "catmullrom"
						},
						"2.3333": [-36.75, 0, 0],
						"2.5417": {
							"pre": [-32.54, 0, 0],
							"post": [-32.54, 0, 0],
							"lerp_mode": "catmullrom"
						},
						"2.875": {
							"post": [-6.77, 0, 0],
							"lerp_mode": "catmullrom"
						},
						"3.0833": [0, 0, 0],
						"3.2917": [0, 0, 0]
					},
					"position": {
						"1.3333": [0, 0, 0],
						"1.4167": {
							"pre": [0, -0.45, 0],
							"post": [0, -0.45, 0],
							"lerp_mode": "catmullrom"
						},
						"1.5417": {
							"post": [0, -0.5, 0],
							"lerp_mode": "catmullrom"
						},
						"1.8333": {
							"post": [0, 0, 0],
							"lerp_mode": "catmullrom"
						},
						"2.0833": {
							"post": [0, -0.5, 0],
							"lerp_mode": "catmullrom"
						},
						"2.5417": {
							"post": [0, -0.6, 0],
							"lerp_mode": "catmullrom"
						},
						"3.0833": [0, -0.05, 0],
						"3.375": [0, 0, 0]
					}
				},
				"leg_right_back": {
					"rotation": {
						"0.0": [0, 0, 0],
						"0.3333": [19.59, 0, 0],
						"0.6667": {
							"pre": [30, 0, 0],
							"post": [30, 0, 0],
							"lerp_mode": "catmullrom"
						},
						"0.9583": {
							"post": [32.5, 0, 0],
							"lerp_mode": "catmullrom"
						},
						"1.125": {
							"post": [40, 0, 0],
							"lerp_mode": "catmullrom"
						},
						"1.2917": {
							"post": [-15.68, 0, 0],
							"lerp_mode": "catmullrom"
						},
						"1.4167": {
							"post": [-32.5, 0, 0],
							"lerp_mode": "catmullrom"
						},
						"1.5833": {
							"post": [-3.25, 0, 0],
							"lerp_mode": "catmullrom"
						},
						"1.75": {
							"post": [11.75, 0, 0],
							"lerp_mode": "catmullrom"
						},
						"1.9583": {
							"post": [-23.68, 0, 0],
							"lerp_mode": "catmullrom"
						},
						"2.0833": {
							"post": [-32.5, 0, 0],
							"lerp_mode": "catmullrom"
						},
						"2.25": [-36.75, 0, 0],
						"2.4583": {
							"pre": [-32.54, 0, 0],
							"post": [-32.54, 0, 0],
							"lerp_mode": "catmullrom"
						},
						"2.7917": {
							"post": [-6.77, 0, 0],
							"lerp_mode": "catmullrom"
						},
						"3.0": [0, 0, 0],
						"3.2083": [0, 0, 0]
					},
					"position": {
						"1.25": [0, 0, 0],
						"1.3333": {
							"pre": [0, -0.45, 0],
							"post": [0, -0.45, 0],
							"lerp_mode": "catmullrom"
						},
						"1.4583": {
							"post": [0, -0.5, 0],
							"lerp_mode": "catmullrom"
						},
						"1.75": {
							"post": [0, 0, 0],
							"lerp_mode": "catmullrom"
						},
						"2.0": {
							"post": [0, -0.5, 0],
							"lerp_mode": "catmullrom"
						},
						"2.4583": {
							"post": [0, -0.6, 0],
							"lerp_mode": "catmullrom"
						},
						"3.0": [0, -0.05, 0],
						"3.2917": [0, 0, 0]
					}
				},
				"foot_right_back": {
					"rotation": [0, 0, 0]
				}
			}
		}
	}
}