{
    "id": "cobblemon:bronzombro",
    "speciesId": "cobblemon:bronzombro",
    "displayAspects": [],
    "conditionAspects": [],
    "forms": [
      {
        "displayForm": "Normal",
        "unlockForms": [
          "Normal"
        ]
      }
    ],
    "variations": [
      {
        "displayName": "cobblemon.pokedex.variation.netherite_coating",
        "icon": "cobblemon:textures/gui/pokedex/variation/material.png",
        "aspects": [
          "netherite-coating-none",
          "netherite-coating-stage1",
          "netherite-coating-stage2",
          "netherite-coating-stage3",
          "netherite-coating-stage4",
          "netherite-coating-stage5",
          "netherite-coating-stage6",
          "netherite-coating-stage7",
          "netherite-coating-full"
        ]
      }  
    ]
  }
  