{
	"format_version": "1.12.0",
	"minecraft:geometry": [
		{
			"description": {
				"identifier": "geometry.equirin",
				"texture_width": 128,
				"texture_height": 128,
				"visible_bounds_width": 6,
				"visible_bounds_height": 4.5,
				"visible_bounds_offset": [0, 1.75, 0]
			},
			"bones": [
				{
					"name": "equirin",
					"pivot": [0, 1, 0]
				},
				{
					"name": "body",
					"parent": "equirin",
					"pivot": [2, 17.3, 0]
				},
				{
					"name": "torso",
					"parent": "body",
					"pivot": [2, 18.3, 2]
				},
				{
					"name": "upper_body",
					"parent": "torso",
					"pivot": [-1.5, 16.85, 1],
					"cubes": [
						{"origin": [-3.5, 16.9, -10.2], "size": [2, 3, 2], "inflate": 0.1, "pivot": [-1.5, 17.9, -8.2], "rotation": [13, 0, 0], "uv": [36, 94]},
						{"origin": [-3, 13.94, -9.825], "size": [6, 8, 3], "inflate": 0.01, "pivot": [0, 16.95, -7.825], "rotation": [13, 0, 0], "uv": [31, 40]},
						{"origin": [-1.5, 16.4, -10.7], "size": [3, 4, 2], "pivot": [0.5, 17.4, -8.7], "rotation": [13, 0, 0], "uv": [93, 64]},
						{"origin": [1.5, 16.9, -10.2], "size": [2, 3, 2], "inflate": 0.1, "pivot": [3.5, 17.9, -8.2], "rotation": [13, 0, 0], "uv": [95, 12]},
						{"origin": [2.5, 17.65, -9.45], "size": [2, 2, 2], "pivot": [5.5, 18.65, -7.45], "rotation": [13, 0, 0], "uv": [19, 0]},
						{"origin": [-4.5, 17.65, -9.45], "size": [2, 2, 2], "pivot": [-2.5, 18.65, -7.45], "rotation": [13, 0, 0], "uv": [19, 0], "mirror": true},
						{"origin": [-3, 13.55, -8.1], "size": [6, 8, 19], "uv": [1, 101]},
						{"origin": [-4, 14.2, -8], "size": [8, 8, 6], "inflate": 0.1, "uv": [54, 114]},
						{"origin": [-4, 14.2, 5], "size": [8, 8, 6], "inflate": 0.1, "uv": [85, 114]},
						{"origin": [-3.5, 14.1, -2], "size": [7, 8, 7], "uv": [28, 24]}
					]
				},
				{
					"name": "neck",
					"parent": "upper_body",
					"pivot": [0, 22.03506, -6.57157],
					"cubes": [
						{"origin": [-2.5, 20.17044, -10.3308], "size": [5, 8, 7], "pivot": [0.48726, 23.17044, -7.3308], "rotation": [7.5, 0, 0], "uv": [0, 39]},
						{"origin": [-3, 23.90836, -11.12999], "size": [6, 3, 3], "inflate": 0.02, "pivot": [0.08726, 26.90836, -7.62999], "rotation": [10, 0, 0], "uv": [0, 12]}
					]
				},
				{
					"name": "head",
					"parent": "neck",
					"pivot": [-0.5, 26.60534, -8.71934],
					"cubes": [
						{"origin": [-3, 26.60534, -14.71934], "size": [6, 6, 7], "uv": [50, 7]},
						{"origin": [-1, 29.60534, -15.06934], "size": [2, 3, 1], "pivot": [2, 29.60534, -14.06934], "rotation": [-5, 0, 0], "uv": [0, 56]},
						{"origin": [-2, 26.60534, -19.21934], "size": [4, 3, 5], "pivot": [0, 26.60534, -14.21934], "rotation": [3, 0, 0], "uv": [71, 15]}
					]
				},
				{
					"name": "eyelid_right",
					"parent": "head",
					"pivot": [3, 31.25534, -12.21934],
					"cubes": [
						{"origin": [3, 30.60534, -14.31934], "size": [0, 1, 4], "inflate": 0.02, "pivot": [3, 31.35534, -12.31934], "rotation": [5, 0, 0], "uv": [31, 15]}
					]
				},
				{
					"name": "eye_right",
					"parent": "head",
					"pivot": [3, 30.10534, -12.21934],
					"rotation": [5, 0, 0],
					"cubes": [
						{"origin": [3, 29.10534, -14.21934], "size": [0, 2, 4], "inflate": 0.01, "uv": [67, 19]}
					]
				},
				{
					"name": "iris_right",
					"parent": "eye_right",
					"pivot": [3, 30.35534, -12.96934],
					"cubes": [
						{"origin": [3, 29.35534, -13.96934], "size": [0, 2, 2], "inflate": 0.011, "uv": [15, 10]},
						{"origin": [3, 29.85534, -13.46934], "size": [0, 1, 1], "inflate": 0.012, "uv": [15, 13]}
					]
				},
				{
					"name": "eyelid_left",
					"parent": "head",
					"pivot": [-3, 31.00534, -12.21934],
					"cubes": [
						{"origin": [-3, 30.60534, -14.31934], "size": [0, 1, 4], "inflate": 0.02, "pivot": [-3, 31.10534, -12.31934], "rotation": [5, 0, 0], "uv": [8, 15]}
					]
				},
				{
					"name": "eye_left",
					"parent": "head",
					"pivot": [-3, 30.10534, -12.21934],
					"rotation": [5, 0, 0],
					"cubes": [
						{"origin": [-3, 29.10534, -14.21934], "size": [0, 2, 4], "inflate": 0.01, "uv": [64, 46]}
					]
				},
				{
					"name": "iris_left",
					"parent": "eye_left",
					"pivot": [-3, 30.35534, -12.96934],
					"cubes": [
						{"origin": [-3, 29.35534, -13.96934], "size": [0, 2, 2], "inflate": 0.011, "uv": [0, 1]},
						{"origin": [-3, 29.85534, -13.46934], "size": [0, 1, 1], "inflate": 0.012, "uv": [11, 0]}
					]
				},
				{
					"name": "locator_mouth",
					"parent": "head",
					"pivot": [0, 28, -18],
					"locators": {
						"locator_mouth": [0, 27, -19.25],
						"locator_special": [0, 27, -19.25]
					}
				},
				{
					"name": "mouth_open",
					"parent": "head",
					"pivot": [1, 26.35534, -19.11934],
					"cubes": [
						{"origin": [-1, 26.35534, -19.11934], "size": [2, 2, 0], "pivot": [1, 26.35534, -19.11934], "rotation": [3, 0, 0], "uv": [15, 0]}
					]
				},
				{
					"name": "mouth_smile",
					"parent": "head",
					"pivot": [0.5, 26.75534, -19.31934],
					"cubes": [
						{"origin": [-2, 26.85534, -19.15], "size": [4, 1, 0], "pivot": [0, 26.85534, -19.41934], "rotation": [3, 0, 0], "uv": [65, 0]}
					]
				},
				{
					"name": "whisker_left",
					"parent": "head",
					"pivot": [-1.82217, 27.75, -18],
					"rotation": [-22.5, -55, -4],
					"cubes": [
						{"origin": [-1.82217, 27.25, -18], "size": [0, 1, 4], "uv": [0, 14]}
					]
				},
				{
					"name": "whisker_left2",
					"parent": "whisker_left",
					"pivot": [-1.8222, 27.25, -14],
					"cubes": [
						{"origin": [-1.8222, 27.25, -14], "size": [0, 1, 2], "uv": [0, 21]}
					]
				},
				{
					"name": "whisker_right",
					"parent": "head",
					"pivot": [1.81043, 27.75, -18],
					"rotation": [-22, 55, 4],
					"cubes": [
						{"origin": [1.81043, 27.25, -18], "size": [0, 1, 4], "uv": [11, 0]}
					]
				},
				{
					"name": "whisker_right2",
					"parent": "whisker_right",
					"pivot": [1.81043, 27.25, -14],
					"cubes": [
						{"origin": [1.81043, 27.25, -14], "size": [0, 1, 2], "uv": [0, 21]}
					]
				},
				{
					"name": "nose",
					"parent": "head",
					"pivot": [0, 30.12022, -19.56236],
					"rotation": [30, 0, 0],
					"cubes": [
						{"origin": [-2, 28.38, -19.8], "size": [4, 1, 1], "pivot": [0, 29.72022, -19.16236], "rotation": [3, 0, 0], "uv": [72, 50]}
					]
				},
				{
					"name": "mane",
					"parent": "head",
					"pivot": [0, 29.44326, -6.86853]
				},
				{
					"name": "mane_top_left",
					"parent": "mane",
					"pivot": [1.75, 31.44326, -6.46853],
					"rotation": [13, 27, 6],
					"cubes": [
						{"origin": [-1.06787, 28.27803, -7.63213], "size": [6, 6, 5], "inflate": 0.01, "pivot": [1.93213, 31.27803, -5.13213], "rotation": [0, 20, 0], "uv": [59, 63]}
					]
				},
				{
					"name": "mane_top_left2",
					"parent": "mane_top_left",
					"pivot": [2.18213, 31.27803, -3.63213],
					"cubes": [
						{"origin": [-0.31787, 28.85654, -3.63419], "size": [5, 5, 3], "pivot": [2.18213, 31.27803, -3.63213], "rotation": [-3, 0, 0], "uv": [72, 74]}
					]
				},
				{
					"name": "mane_top_left3",
					"parent": "mane_top_left2",
					"pivot": [2.18213, 31.27803, -0.63213],
					"cubes": [
						{"origin": [0.68213, 29.98595, -1.65398], "size": [3, 3, 4], "pivot": [2.18213, 31.27803, -0.63213], "rotation": [-12, 0, 0], "uv": [69, 89]},
						{"origin": [2.18213, 29.27803, 1.36787], "size": [0, 2, 4], "pivot": [2.18213, 30.77803, 1.36787], "rotation": [20, 0, 0], "uv": [70, 48]}
					]
				},
				{
					"name": "mane_top_right",
					"parent": "mane",
					"pivot": [-1.75, 31.44326, -6.46853],
					"rotation": [13, -27, -6],
					"cubes": [
						{"origin": [-4.68213, 28.24311, -7.63691], "size": [6, 6, 5], "inflate": 0.01, "pivot": [-1.68213, 31.24311, -5.13691], "rotation": [0, -20, 0], "uv": [50, 20]}
					]
				},
				{
					"name": "mane_top_right2",
					"parent": "mane_top_right",
					"pivot": [-2.18213, 31.24311, -4.13691],
					"cubes": [
						{"origin": [-4.68213, 28.8347, -3.88931], "size": [5, 5, 3], "pivot": [-2.18213, 31.24311, -4.13691], "rotation": [-3, 0, 0], "uv": [56, 74]}
					]
				},
				{
					"name": "mane_top_right3",
					"parent": "mane_top_right2",
					"pivot": [-2.18213, 30.74311, -1.13691],
					"cubes": [
						{"origin": [-3.68213, 29.95102, -1.90877], "size": [3, 3, 4], "pivot": [-2.18213, 31.24311, -0.88691], "rotation": [-12, 0, 0], "uv": [85, 78]},
						{"origin": [-2.18213, 29.24311, 1.11309], "size": [0, 2, 4], "pivot": [-2.18213, 30.74311, 1.11309], "rotation": [20, 0, 0], "uv": [41, 13]}
					]
				},
				{
					"name": "mane_left",
					"parent": "mane",
					"pivot": [-3.65, 28.44326, -5.86853],
					"rotation": [-17.5, -20, 0],
					"cubes": [
						{"origin": [-5.4, 25.44326, -6.86853], "size": [6, 6, 4], "pivot": [-2.4, 28.44326, -4.36853], "rotation": [0, -27.5, 0], "uv": [36, 68]}
					]
				},
				{
					"name": "mane_left2",
					"parent": "mane_left",
					"pivot": [-3.15, 28.44326, -4.86853],
					"cubes": [
						{"origin": [-5.4, 25.94326, -4.36853], "size": [5, 5, 4], "uv": [69, 0]}
					]
				},
				{
					"name": "mane_left3",
					"parent": "mane_left2",
					"pivot": [-3.15, 28.44326, -0.36853],
					"cubes": [
						{"origin": [-4.4, 26.94326, -1.36853], "size": [3, 3, 4], "uv": [88, 30]},
						{"origin": [-3.15, 26.94326, 2.38147], "size": [0, 2, 3], "pivot": [-3.15, 27.94326, 2.38147], "rotation": [12.5, 0, 0], "uv": [17, 41]}
					]
				},
				{
					"name": "mane_right",
					"parent": "mane",
					"pivot": [3.4, 28.44326, -5.86853],
					"rotation": [-17.5, 20, 0],
					"cubes": [
						{"origin": [-0.6, 25.44326, -6.86853], "size": [6, 6, 4], "pivot": [2.4, 28.44326, -4.36853], "rotation": [0, 27.5, 0], "uv": [68, 27]}
					]
				},
				{
					"name": "mane_right2",
					"parent": "mane_right",
					"pivot": [2.4, 28.44326, -4.86853],
					"cubes": [
						{"origin": [0.15, 25.86143, -4.3689], "size": [5, 5, 4], "uv": [0, 69]}
					]
				},
				{
					"name": "mane_right3",
					"parent": "mane_right2",
					"pivot": [2.4, 28.36143, -0.8689],
					"cubes": [
						{"origin": [0.9, 26.86143, -1.3689], "size": [3, 3, 4], "uv": [38, 87]},
						{"origin": [2.4, 26.86143, 2.3811], "size": [0, 2, 3], "pivot": [2.4, 27.86143, 2.3811], "rotation": [12.5, 0, 0], "uv": [17, 39]}
					]
				},
				{
					"name": "mane_bottom",
					"parent": "mane",
					"pivot": [0, 25.94326, -7.76853],
					"cubes": [
						{"origin": [-3, 23.59326, -8.76853], "size": [6, 3, 6], "uv": [40, 59]},
						{"origin": [-2.5, 23.94326, -2.76853], "size": [5, 4, 3], "inflate": 0.01, "uv": [51, 0]}
					]
				},
				{
					"name": "mane_bottom2",
					"parent": "mane_bottom",
					"pivot": [0, 26.44326, 0.23147],
					"cubes": [
						{"origin": [-1.5, 24.94326, -0.76853], "size": [3, 2, 4], "uv": [84, 14]},
						{"origin": [0, 24.94326, 2.73147], "size": [0, 2, 2], "pivot": [0, 25.94326, 2.73147], "rotation": [20, 0, 0], "uv": [22, 24]}
					]
				},
				{
					"name": "mane_top",
					"parent": "mane",
					"pivot": [0, 33.52777, -12.24682],
					"cubes": [
						{"origin": [-2.5, 31.52777, -13.74682], "size": [5, 4, 7], "pivot": [0, 33.52777, -10.24682], "rotation": [12.5, 0, 0], "uv": [49, 32]}
					]
				},
				{
					"name": "mane_top2",
					"parent": "mane_top",
					"pivot": [0, 34.5553, -8.63413],
					"cubes": [
						{"origin": [-2, 33.5553, -9.13413], "size": [4, 4, 4], "pivot": [0, 35.5553, -6.63413], "rotation": [42.5, 0, 0], "uv": [0, 78]}
					]
				},
				{
					"name": "mane_top3",
					"parent": "mane_top2",
					"pivot": [0, 36.49835, -6.20921],
					"cubes": [
						{"origin": [-1, 35.74835, -6.45921], "size": [2, 3, 3], "pivot": [0, 37.24835, -4.95921], "rotation": [27.5, 0, 0], "uv": [58, 93]},
						{"origin": [0, 37.74835, -4.45921], "size": [0, 2, 3], "pivot": [0, 38.24835, -2.95921], "rotation": [50, 0, 0], "uv": [0, 51]}
					]
				},
				{
					"name": "mane_hair",
					"parent": "mane",
					"pivot": [-0.5, 33.35534, -13.21934],
					"cubes": [
						{"origin": [-2, 32.60534, -16.21934], "size": [1, 0, 3], "inflate": 0.01, "pivot": [-1, 32.60534, -15.21934], "rotation": [31, 18, 44], "uv": [0, 0]},
						{"origin": [-2.22386, 32.99669, -15.85614], "size": [1, 0, 1], "pivot": [-1.80053, 32.38663, -15.02883], "rotation": [46.64039, -20.97348, 21.04378], "uv": [0, 0]}
					]
				},
				{
					"name": "horn_right",
					"parent": "head",
					"pivot": [1.45, 31.10534, -13.61934],
					"rotation": [-24, 7, 16],
					"cubes": [
						{"origin": [1.35, 31.10534, -14.61934], "size": [1, 5, 1], "pivot": [1.35, 31.10534, -13.61934], "rotation": [0.25, 0, 0], "uv": [79, 37]},
						{"origin": [1.35, 37.65534, -12.84434], "size": [1, 3, 1], "uv": [20, 59]},
						{"origin": [1.35, 35.73034, -14.76934], "size": [1, 3, 1], "inflate": 0.01, "pivot": [1.85, 35.73034, -14.21934], "rotation": [-42.5, 0, 0], "uv": [64, 46]},
						{"origin": [1.95, 40.10534, -12.69434], "size": [0, 3, 1], "pivot": [1.95, 40.10534, -12.19434], "rotation": [45.53121, 7.75413, 7.82613], "uv": [22, 27]},
						{"origin": [1.8, 32.10534, -14.74434], "size": [0, 3, 1], "pivot": [2.8, 32.10534, -14.76934], "rotation": [48.1299, 8.07464, 8.90656], "uv": [16, 7]},
						{"origin": [1.8, 37.7558, -11.67057], "size": [0, 2, 1], "pivot": [1.8, 38.2558, -11.17057], "rotation": [117.5, 0, 0], "uv": [17, 1]}
					]
				},
				{
					"name": "horn_left",
					"parent": "head",
					"pivot": [-2.3, 31.10534, -13.71934],
					"rotation": [-24, -7, -16],
					"cubes": [
						{"origin": [-2.4, 31.10534, -14.71934], "size": [1, 5, 1], "pivot": [-2.4, 31.10534, -13.71934], "rotation": [0.25, 0, 0], "uv": [58, 59]},
						{"origin": [-2.4, 37.65534, -12.94434], "size": [1, 3, 1], "uv": [50, 20]},
						{"origin": [-2.4, 35.73034, -14.86934], "size": [1, 3, 1], "inflate": 0.01, "pivot": [-1.9, 35.73034, -14.31934], "rotation": [-42.5, 0, 0], "uv": [29, 26]},
						{"origin": [-1.8, 40.10534, -12.79434], "size": [0, 3, 1], "pivot": [-1.8, 40.10534, -12.29434], "rotation": [45.63292, -8.45403, -8.54759], "uv": [16, 4]},
						{"origin": [-1.95, 32.10534, -14.84434], "size": [0, 3, 1], "pivot": [-0.95, 32.10534, -14.86934], "rotation": [47.93659, -6.73717, -7.40702], "uv": [0, 11]},
						{"origin": [-1.95, 37.7558, -11.77057], "size": [0, 2, 1], "pivot": [-1.95, 38.2558, -11.27057], "rotation": [117.5, 0, 0], "uv": [0, 0]}
					]
				},
				{
					"name": "ear_right",
					"parent": "head",
					"pivot": [2.75, 30.85534, -10.21934],
					"cubes": [
						{"origin": [1.25, 30.60534, -10.21934], "size": [3, 6, 0], "pivot": [2.75, 30.85534, -10.21934], "rotation": [0, -50, 35], "uv": [0, 39]}
					]
				},
				{
					"name": "ear_left",
					"parent": "head",
					"pivot": [-2.75, 30.85534, -10.21934],
					"cubes": [
						{"origin": [-4.25, 30.60534, -10.21934], "size": [3, 6, 0], "pivot": [-2.75, 30.85534, -10.21934], "rotation": [0, 50, -35], "uv": [0, 26]}
					]
				},
				{
					"name": "saddle",
					"parent": "upper_body",
					"pivot": [-1.5, 16.85, 1],
					"cubes": [
						{"origin": [-4.5, 12.85, -1], "size": [9, 10, 5], "uv": [32, 104]}
					],
					"locators": {
						"seat1": [0, 23, 2]
					}
				},
				{
					"name": "fin2",
					"parent": "upper_body",
					"pivot": [-4, 22.2, 11],
					"cubes": [
						{"origin": [0, 22.2, 5], "size": [0, 5, 10], "uv": [24, 42]}
					]
				},
				{
					"name": "tail",
					"parent": "upper_body",
					"pivot": [-0.5, 19.8, 12]
				},
				{
					"name": "tail1",
					"parent": "tail",
					"pivot": [-0.5, 19.2, 10],
					"cubes": [
						{"origin": [-2, 18.2, 10], "size": [4, 4, 5], "inflate": 0.03, "uv": [65, 54]}
					]
				},
				{
					"name": "fin1",
					"parent": "tail1",
					"pivot": [-4, 22.2, 11]
				},
				{
					"name": "tail2",
					"parent": "tail1",
					"pivot": [0, 22.2, 14],
					"cubes": [
						{"origin": [-1.5, 18.2, 14], "size": [3, 4, 5], "inflate": 0.01, "uv": [18, 72]},
						{"origin": [0, 22.2, 14], "size": [0, 2, 4], "inflate": 0.01, "uv": [72, 21]}
					]
				},
				{
					"name": "tail3",
					"parent": "tail2",
					"pivot": [0, 20.7, 18.75],
					"cubes": [
						{"origin": [-1.5, 18.7, 18.5], "size": [3, 3, 5], "uv": [29, 78]}
					]
				},
				{
					"name": "tail4",
					"parent": "tail3",
					"pivot": [-0.05, 21.15, 23.5],
					"cubes": [
						{"origin": [-1, 19.2, 22.5], "size": [2, 2, 5], "uv": [47, 89]}
					]
				},
				{
					"name": "tail5",
					"parent": "tail4",
					"pivot": [0, 20.7, 27.5],
					"cubes": [
						{"origin": [-0.5, 19.7, 26.5], "size": [1, 1, 5], "uv": [0, 20]}
					]
				},
				{
					"name": "fin_right",
					"parent": "tail5",
					"pivot": [-1.5, 18.7, 30.5],
					"cubes": [
						{"origin": [-10.5, 20.2, 25.5], "size": [10, 0, 7], "pivot": [-0.5, 19.2, 27.5], "rotation": [0, 22.5, 0], "uv": [24, 7]}
					]
				},
				{
					"name": "fin_left",
					"parent": "tail5",
					"pivot": [0.5, 18.7, 30.5],
					"cubes": [
						{"origin": [0.5, 20.2, 25.5], "size": [10, 0, 7], "pivot": [0.5, 19.2, 27.5], "rotation": [0, -22.5, 0], "uv": [24, 0]}
					]
				},
				{
					"name": "front_leg_right",
					"parent": "body",
					"pivot": [4.5, 18.8, -4.75],
					"rotation": [-7, 0, 0],
					"cubes": [
						{"origin": [2.6, 14.72982, -7.01252], "size": [3, 7, 5], "uv": [68, 38]},
						{"origin": [2.5, 10.67982, -6.76252], "size": [3, 5, 4], "inflate": 0.01, "uv": [83, 5]}
					]
				},
				{
					"name": "bone2",
					"parent": "front_leg_right",
					"pivot": [4, 10.60482, -6.51252],
					"rotation": [7, 0, 0],
					"cubes": [
						{"origin": [2.5, 4.76041, -6.39959], "size": [3, 5, 3], "uv": [86, 87]},
						{"origin": [2.5, 8.76041, -6.39959], "size": [3, 2, 3], "inflate": 0.011, "uv": [88, 73]}
					]
				},
				{
					"name": "hoof1",
					"parent": "bone2",
					"pivot": [4, 3.34374, -4.98292],
					"cubes": [
						{"origin": [2.5, -0.23959, -6.79959], "size": [3, 4, 3], "uv": [93, 0]},
						{"origin": [2, 2.26041, -6.94959], "size": [4, 3, 4], "uv": [73, 82]}
					]
				},
				{
					"name": "cloud",
					"parent": "hoof1",
					"pivot": [4, 3.76041, -2.94959],
					"cubes": [
						{"origin": [4, 2.26041, -2.94959], "size": [0, 3, 4], "uv": [41, 10]}
					]
				},
				{
					"name": "hind_leg_right",
					"parent": "body",
					"pivot": [4.5, 18.8, 8.25],
					"rotation": [-7, 0, 0],
					"cubes": [
						{"origin": [1.6, 12.64075, 5.48375], "size": [4, 9, 6], "pivot": [4.6, 16.64075, 7.43375], "rotation": [12.5, 0, 0], "uv": [20, 57]},
						{"origin": [2.5, 10.64075, 7.23375], "size": [3, 5, 4], "inflate": 0.01, "pivot": [4.5, 14.64075, 9.73375], "rotation": [15, 0, 0], "uv": [12, 82]}
					]
				},
				{
					"name": "hind_leg_right2",
					"parent": "hind_leg_right",
					"pivot": [4, 11.25, 11.98],
					"rotation": [7, 0, 0],
					"cubes": [
						{"origin": [2.5, 4.32013, 9.35869], "size": [3, 7, 3], "uv": [86, 20]},
						{"origin": [2.5, 9.32013, 9.35869], "size": [3, 2, 3], "inflate": 0.011, "uv": [34, 57]}
					]
				},
				{
					"name": "leg_cloud",
					"parent": "hind_leg_right2",
					"pivot": [4, 9.32013, 12.35869],
					"cubes": [
						{"origin": [4, 9.32013, 12.35869], "size": [0, 2, 5], "uv": [31, 9]}
					]
				},
				{
					"name": "hoof3",
					"parent": "hind_leg_right2",
					"pivot": [4.5, 4.32013, 10.85869],
					"cubes": [
						{"origin": [2.5, 0.42013, 8.95869], "size": [3, 4, 3], "uv": [12, 91]},
						{"origin": [2, 2.82013, 8.80869], "size": [4, 3, 4], "uv": [79, 59]}
					]
				},
				{
					"name": "cloud3",
					"parent": "hoof3",
					"pivot": [4, 4.32013, 12.80869],
					"cubes": [
						{"origin": [4, 2.82013, 12.80869], "size": [0, 3, 4], "uv": [58, 39]}
					]
				},
				{
					"name": "hind_leg_left",
					"parent": "body",
					"pivot": [-3.5, 18.8, 7.75],
					"rotation": [-7, 0, 0],
					"cubes": [
						{"origin": [-5.65, 12.70168, 5.48002], "size": [4, 9, 6], "pivot": [-2.65, 16.70168, 7.48002], "rotation": [12.5, 0, 0], "uv": [0, 54]},
						{"origin": [-5.5, 10.70168, 7.23002], "size": [3, 5, 4], "inflate": 0.01, "pivot": [-3.5, 14.70168, 9.73002], "rotation": [15, 0, 0], "uv": [45, 78]}
					]
				},
				{
					"name": "hind_leg_left2",
					"parent": "hind_leg_left",
					"pivot": [-4, 11.25, 11.98],
					"rotation": [7, 0, 0],
					"cubes": [
						{"origin": [-5.5, 4.47075, 9.74089], "size": [3, 7, 3], "uv": [0, 86]},
						{"origin": [-5.5, 9.47075, 9.74089], "size": [3, 2, 3], "inflate": 0.011, "uv": [14, 54]}
					]
				},
				{
					"name": "leg_cloud2",
					"parent": "hind_leg_left2",
					"pivot": [-4.25, 9.47075, 12.74089],
					"cubes": [
						{"origin": [-4.25, 9.47075, 12.74089], "size": [0, 2, 5], "uv": [31, 11]}
					]
				},
				{
					"name": "hoof4",
					"parent": "hind_leg_left2",
					"pivot": [-4, 4.5707, 11.24089],
					"cubes": [
						{"origin": [-5.5, 0.4701, 9.34089], "size": [3, 4, 3], "uv": [90, 46]},
						{"origin": [-6, 2.97075, 9.19089], "size": [4, 3, 4], "uv": [78, 50]}
					]
				},
				{
					"name": "cloud4",
					"parent": "hoof4",
					"pivot": [-4, 4.47075, 13.19089],
					"cubes": [
						{"origin": [-4, 2.97075, 13.19089], "size": [0, 3, 4], "uv": [50, 39]}
					]
				},
				{
					"name": "front_leg_left",
					"parent": "body",
					"pivot": [-3.65, 18.8, -4.75],
					"rotation": [-7, 0, 0],
					"cubes": [
						{"origin": [-5.5, 14.72982, -7.01252], "size": [3, 7, 5], "uv": [0, 0]},
						{"origin": [-5.4, 10.67982, -6.76252], "size": [3, 5, 4], "inflate": 0.01, "uv": [59, 82]}
					]
				},
				{
					"name": "front_leg_left2",
					"parent": "front_leg_left",
					"pivot": [-3.9, 10.65482, -6.26252],
					"rotation": [7, 0, 0],
					"cubes": [
						{"origin": [-5.4, 8.79956, -6.30983], "size": [3, 2, 3], "inflate": 0.011, "uv": [69, 9]},
						{"origin": [-5.4, 3.80702, -6.30428], "size": [3, 6, 3], "uv": [26, 87]}
					]
				},
				{
					"name": "hoof2",
					"parent": "front_leg_left2",
					"pivot": [-3.9, 3.39035, -4.88762],
					"cubes": [
						{"origin": [-5.4, -0.19298, -6.70428], "size": [3, 4, 3], "uv": [91, 54]},
						{"origin": [-5.9, 2.30702, -6.85428], "size": [4, 3, 4], "uv": [81, 66]}
					]
				},
				{
					"name": "cloud2",
					"parent": "hoof2",
					"pivot": [-3.9, 3.80702, -2.85428],
					"cubes": [
						{"origin": [-3.9, 2.30702, -2.85428], "size": [0, 3, 4], "uv": [17, 35]}
					]
				}
			]
		}
	]
}