{
	"format_version": "1.12.0",
	"minecraft:geometry": [
		{
			"description": {
				"identifier": "geometry.whipcealot",
				"texture_width": 64,
				"texture_height": 64,
				"visible_bounds_width": 3,
				"visible_bounds_height": 2.5,
				"visible_bounds_offset": [0, 0.75, 0]
			},
			"bones": [
				{
					"name": "whipcealot",
					"pivot": [0, 0, 0]
				},
				{
					"name": "full_body",
					"parent": "whipcealot",
					"pivot": [0, 0, 0]
				},
				{
					"name": "body",
					"parent": "full_body",
					"pivot": [0, 9, -1],
					"cubes": [
						{"origin": [-3.5, 6.5, -8], "size": [7, 5, 13], "uv": [0, 0]}
					]
				},
				{
					"name": "head",
					"parent": "body",
					"pivot": [0, 11.25, -7.5],
					"cubes": [
						{"origin": [-4, 10.5, -13], "size": [8, 7, 7], "inflate": 0.01, "uv": [0, 18]},
						{"origin": [-5, 15.25, -8], "size": [5, 7, 0], "pivot": [-2.5, 16, -8], "rotation": [0, 0, -45], "uv": [48, 45]},
						{"origin": [0.25, 15.25, -8], "size": [5, 7, 0], "pivot": [2.75, 16.25, -8], "rotation": [0, 0, 45], "uv": [12, 49]},
						{"origin": [-2.5, 11.5, -15], "size": [5, 2, 2], "uv": [44, 22]},
						{"origin": [-2.5, 10.5, -14.7], "size": [1, 1, 0], "pivot": [-2, 11.5, -14.7], "rotation": [0, 45, 0], "uv": [28, 36]},
						{"origin": [1.5, 10.5, -14.7], "size": [1, 1, 0], "pivot": [2, 11.5, -14.7], "rotation": [0, -45, 0], "uv": [28, 37]}
					]
				},
				{
					"name": "mouth",
					"parent": "head",
					"pivot": [0, 10.5, -12],
					"cubes": [
						{"origin": [-2, 10.5, -14], "size": [4, 1, 2], "uv": [36, 50]}
					]
				},
				{
					"name": "eyes",
					"parent": "head",
					"pivot": [0, 14.5, -13]
				},
				{
					"name": "left_eye",
					"parent": "eyes",
					"pivot": [-2.3, 14.5, -13],
					"rotation": [0, 0, 15],
					"cubes": [
						{"origin": [-3.8, 13.5, -13.02], "size": [3, 2, 0], "uv": [24, 32]},
						{"origin": [-3.3, 13.5, -13.03], "size": [2, 2, 0], "uv": [24, 38]},
						{"origin": [-2.8, 14.25, -13.04], "size": [1, 1, 0], "uv": [40, 16]}
					]
				},
				{
					"name": "right_eye",
					"parent": "eyes",
					"pivot": [2.3, 14.5, -13],
					"rotation": [0, 0, -15],
					"cubes": [
						{"origin": [0.8, 13.5, -13.02], "size": [3, 2, 0], "uv": [24, 34]},
						{"origin": [1.3, 13.5, -13.03], "size": [2, 2, 0], "uv": [24, 36]},
						{"origin": [1.8, 14.25, -13.04], "size": [1, 1, 0], "uv": [40, 15]}
					]
				},
				{
					"name": "tail",
					"parent": "body",
					"pivot": [0, 10.75, 4],
					"cubes": [
						{"origin": [-1, 9.75, 4], "size": [2, 2, 3], "uv": [0, 50]}
					]
				},
				{
					"name": "tail_1",
					"parent": "tail",
					"pivot": [0, 10.75, 7],
					"cubes": [
						{"origin": [-0.5, 10.25, 6], "size": [1, 1, 6], "inflate": 0.02, "uv": [24, 38]}
					]
				},
				{
					"name": "tail_2",
					"parent": "tail_1",
					"pivot": [0, 10.75, 12],
					"cubes": [
						{"origin": [-0.5, 10.25, 11], "size": [1, 1, 6], "inflate": 0.01, "uv": [38, 38]}
					]
				},
				{
					"name": "tail_3",
					"parent": "tail_2",
					"pivot": [0, 10.75, 17],
					"cubes": [
						{"origin": [-0.5, 10.25, 16], "size": [1, 1, 6], "uv": [40, 0]},
						{"origin": [-2, 10.75, 21], "size": [4, 0, 4], "uv": [21, 50]}
					]
				},
				{
					"name": "legs",
					"parent": "full_body",
					"pivot": [0, 8.5, -1]
				},
				{
					"name": "frong_legs",
					"parent": "legs",
					"pivot": [0, 10, -4]
				},
				{
					"name": "front_left_leg",
					"parent": "frong_legs",
					"pivot": [2.5, 9.75, -3.75],
					"rotation": [15, 0, 0],
					"cubes": [
						{"origin": [1, 5.25, -5.25], "size": [3, 7, 3], "inflate": 0.01, "uv": [0, 32]}
					]
				},
				{
					"name": "front_left_leg_1",
					"parent": "front_left_leg",
					"pivot": [2.5, 4.75, -3.75],
					"rotation": [-25, 0, 0],
					"cubes": [
						{"origin": [1, 0.83708, -5.60185], "size": [3, 5, 3], "uv": [40, 7]}
					]
				},
				{
					"name": "front_left_leg_2",
					"parent": "front_left_leg_1",
					"pivot": [2.5, 1.75, -3.75],
					"rotation": [10, 0, 0],
					"cubes": [
						{"origin": [1, -0.04842, -5.77782], "size": [3, 2, 3], "inflate": 0.01, "uv": [44, 26]}
					]
				},
				{
					"name": "front_right_leg",
					"parent": "frong_legs",
					"pivot": [-2.5, 9.75, -4.5],
					"rotation": [15, 0, 0],
					"cubes": [
						{"origin": [-4, 5.25, -5.25], "size": [3, 7, 3], "inflate": 0.01, "uv": [12, 32]}
					]
				},
				{
					"name": "front_right_leg_1",
					"parent": "front_right_leg",
					"pivot": [-2.5, 4.75, -3.75],
					"rotation": [-25, 0, 0],
					"cubes": [
						{"origin": [-4, 0.83708, -5.60185], "size": [3, 5, 3], "uv": [0, 42]}
					]
				},
				{
					"name": "front_right_leg_2",
					"parent": "front_right_leg_1",
					"pivot": [-2.5, 1.75, -2.25],
					"rotation": [10, 0, 0],
					"cubes": [
						{"origin": [-4, -0.1, -5.7], "size": [3, 2, 3], "inflate": 0.01, "uv": [44, 31]}
					]
				},
				{
					"name": "back_legs",
					"parent": "legs",
					"pivot": [0, 8, 2.5]
				},
				{
					"name": "back_left_leg",
					"parent": "back_legs",
					"pivot": [-2.5, 8.7, 2.2],
					"rotation": [20, 0, 0],
					"cubes": [
						{"origin": [-4, 4.2, 0.2], "size": [3, 6, 4], "inflate": 0.01, "uv": [30, 18]}
					]
				},
				{
					"name": "back_left_leg_1",
					"parent": "back_left_leg",
					"pivot": [-2.5, 4.7, 2.7],
					"rotation": [-30, 0, 0],
					"cubes": [
						{"origin": [-4, 1, 1.2], "size": [3, 4, 3], "uv": [12, 42]}
					]
				},
				{
					"name": "back_left_leg_2",
					"parent": "back_left_leg_1",
					"pivot": [-2.5, 1.7, 2.7],
					"rotation": [10, 0, 0],
					"cubes": [
						{"origin": [-4, -0.4, 1.05], "size": [3, 2, 3], "inflate": 0.01, "uv": [24, 45]}
					]
				},
				{
					"name": "back_right_leg",
					"parent": "back_legs",
					"pivot": [2.5, 8.7, 2.2],
					"rotation": [20, 0, 0],
					"cubes": [
						{"origin": [1, 4.2, 0.2], "size": [3, 6, 4], "inflate": 0.01, "uv": [30, 28]}
					]
				},
				{
					"name": "back_right_leg_1",
					"parent": "back_right_leg",
					"pivot": [2.5, 4.7, 2.7],
					"rotation": [-30, 0, 0],
					"cubes": [
						{"origin": [1, 1, 1.2], "size": [3, 4, 3], "uv": [44, 15]}
					]
				},
				{
					"name": "back_right_leg_2",
					"parent": "back_right_leg_1",
					"pivot": [2.5, 1.7, 2.7],
					"rotation": [10, 0, 0],
					"cubes": [
						{"origin": [1, -0.4, 1.05], "size": [3, 2, 3], "inflate": 0.01, "uv": [36, 45]}
					]
				}
			]
		}
	]
}