{
	"format_version": "1.8.0",
	"animations": {
		"animation.jelaray.ground_idle": {
			"loop": true,
			"animation_length": 2,
			"bones": {
				"head": {
					"rotation": {
						"0.0": [0, 0, 0],
						"1.0": [5, 0, 0],
						"2.0": [0, 0, 0]
					}
				},
				"bone": {
					"position": {
						"0.0": [0, 0, 0],
						"1.0": [0, 1, 0],
						"2.0": [0, 0, 0]
					}
				},
				"arm": {
					"rotation": {
						"0.0": [0, 0, 22.5],
						"1.0": [0, 0, 0],
						"2.0": [0, 0, 22.5]
					}
				},
				"arm2": {
					"rotation": {
						"0.0": [0, 0, -22.5],
						"1.0": [0, 0, 0],
						"2.0": [0, 0, -22.5]
					}
				},
				"bone3": {
					"rotation": {
						"0.0": [0, 0, 0],
						"1.0": [-15, 0, 0],
						"2.0": [0, 0, 0]
					}
				}
			}
		},
		"animation.jelaray.ground_walk": {
			"loop": true,
			"animation_length": 0.96,
			"bones": {
				"head": {
					"rotation": {
						"0.0": [-15, 0, 0],
						"0.48": [-5, 0, 0],
						"0.96": [-15, 0, 0]
					}
				},
				"bone": {
					"rotation": {
						"0.0": [27.5, 0, 0],
						"0.96": [27.5, 0, 0]
					},
					"position": {
						"0.0": [0, 0, 0],
						"0.48": [0, 1, -1],
						"0.96": [0, 0, 0]
					}
				},
				"arm": {
					"rotation": {
						"0.0": [0, 0, 0],
						"0.48": [0, 0, 52.5],
						"0.96": [0, 0, 0]
					}
				},
				"arm2": {
					"rotation": {
						"0.0": [0, 0, 0],
						"0.48": [0, 0, -52.5],
						"0.96": [0, 0, 0]
					}
				},
				"bone3": {
					"rotation": {
						"0.0": [0, 0, 0],
						"0.48": [-10, 0, 0],
						"0.96": [0, 0, 0]
					}
				}
			}
		}
	}
}