{
    
    "target": "cobblemon:sableye",
    "features": ["jetian"],
    "forms": [
    {
      "implemented": true,
      "nationalPokedexNumber": 302,
      "name": "Jetian",
      "primaryType": "water",
      "secondaryType": "rock",
      "maleRatio": 0.5,
      "height": 5,
      "weight": 110,
      "pokedex": [
        "cobblemon.species.sableye_jetian.desc"
      ],
      "labels": [
        "gen3",
        "jetian"
      ],
      "aspects": ["jetian"],
      "abilities": [
        "dryskin",
        "hydration",
        "h:prankster"
      ],
      "eggGroups": [
        "human_like"
      ],
      "baseStats": {
        "hp": 65,
        "attack": 75,
        "defence": 75,
        "special_attack": 50,
        "special_defence": 50,
        "speed": 65
      },
      "evYield": {
        "hp": 0,
        "attack": 1,
        "defence": 1,
        "special_attack": 0,
        "special_defence": 0,
        "speed": 0
      },
      "baseExperienceYield": 133,
      "experienceGroup": "medium_slow",
      "catchRate": 45,
      "eggCycles": 25,
      "baseFriendship": 35,
      "shoulderMountable": true,
      "baseScale": 0.65,
      "hitbox": {
        "width": 0.7,
        "height": 1.2,
        "fixed": false
      },
      "drops": {
        "amount": 5,
        "entries": [
          {
            "item": "minecraft:lapis_lazuli",
            "quantityRange": "0-2"
          },
          {
            "item": "minecraft:diamond",
            "percentage": 5.0
          },
          {
            "item": "minecraft:raw_iron",
            "percentage": 5.0
          },
          {
            "item": "cobblemon:roseli_berry",
            "percentage": 5.0
          }
        ]
      },
      "moves": [
        "1:leer",
        "1:scratch",
        "1:foresight",
        "1:feintattack",
        "3:astonish",
        "9:shadowsneak",
        "12:fakeout",
        "15:lifedew",
        "18:detect",
        "21:jetpunch",
        "24:ingrain",
        "27:soak",
        "30:aquacutter",
        "33:shadowclaw",
        "36:rockblast",
        "39:waterfall",
        "42:gunkshot",
        "45:shadowball",
        "48:headsmash",
        "egg:captivate",
        "egg:feint",
        "egg:flatter",
        "egg:meanlook",
        "egg:metalburst",
        "egg:moonlight",
        "egg:punishment",
        "egg:recover",
        "egg:suckerpunch",
        "egg:torment",
        "tm:aerialace",
        "tm:allyswitch",
        "tm:bodyslam",
        "tm:brickbreak",
        "tm:bulkup",
        "tm:calmmind",
        "tm:captivate",
        "tm:confuseray",
        "tm:cut",
        "tm:darkpulse",
        "tm:dazzlinggleam",
        "tm:dig",
        "tm:drainpunch",
        "tm:dreameater",
        "tm:embargo",
        "tm:encore",
        "tm:endure",
        "tm:energyball",
        "tm:facade",
        "tm:firepunch",
        "tm:flash",
        "tm:fling",
        "tm:focuspunch",
        "tm:foulplay",
        "tm:furycutter",
        "tm:gigadrain",
        "tm:gigaimpact",
        "tm:gravity",
        "tm:gyroball",
        "tm:headbutt",
        "tm:helpinghand",
        "tm:hex",
        "tm:honeclaws",
        "tm:hyperbeam",
        "tm:icepunch",
        "tm:icywind",
        "tm:imprison",
        "tm:incinerate",
        "tm:knockoff",
        "tm:lashout",
        "tm:lightscreen",
        "tm:lowkick",
        "tm:lowsweep",
        "tm:magiccoat",
        "tm:megakick",
        "tm:megapunch",
        "tm:metalclaw",
        "tm:metronome",
        "tm:mudshot",
        "tm:mudslap",
        "tm:nastyplot",
        "tm:nightshade",
        "tm:ominouswind",
        "tm:painsplit",
        "tm:payback",
        "tm:phantomforce",
        "tm:poisonjab",
        "tm:poltergeist",
        "tm:powergem",
        "tm:poweruppunch",
        "tm:protect",
        "tm:psybeam",
        "tm:psychic",
        "tm:psychup",
        "tm:quash",
        "tm:raindance",
        "tm:reflect",
        "tm:rest",
        "tm:retaliate",
        "tm:rocksmash",
        "tm:rocktomb",
        "tm:roleplay",
        "tm:shadowball",
        "tm:shadowclaw",
        "tm:shockwave",
        "tm:signalbeam",
        "tm:skillswap",
        "tm:skittersmack",
        "tm:sleeptalk",
        "tm:snarl",
        "tm:snatch",
        "tm:spite",
        "tm:substitute",
        "tm:suckerpunch",
        "tm:sunnyday",
        "tm:takedown",
        "tm:taunt",
        "tm:telekinesis",
        "tm:terablast",
        "tm:thief",
        "tm:throatchop",
        "tm:thunderpunch",
        "tm:thunderwave",
        "tm:torment",
        "tm:trick",
        "tm:willowisp",
        "tm:wonderroom",
        "tm:xscissor",
        "tm:zenheadbutt",
        "tutor:aerialace",
        "tutor:allyswitch",
        "tutor:bulkup",
        "tutor:calmmind",
        "tutor:darkpulse",
        "tutor:dazzlinggleam",
        "tutor:drainpunch",
        "tutor:energyball",
        "tutor:firepunch",
        "tutor:focuspunch",
        "tutor:foulplay",
        "tutor:furycutter",
        "tutor:gigadrain",
        "tutor:gigaimpact",
        "tutor:gravity",
        "tutor:helpinghand",
        "tutor:hyperbeam",
        "tutor:icepunch",
        "tutor:icywind",
        "tutor:knockoff",
        "tutor:lashout",
        "tutor:lowkick",
        "tutor:magiccoat",
        "tutor:mudslap",
        "tutor:ominouswind",
        "tutor:painsplit",
        "tutor:poisonjab",
        "tutor:poltergeist",
        "tutor:psychic",
        "tutor:rest",
        "tutor:rocksmash",
        "tutor:roleplay",
        "tutor:shadowball",
        "tutor:shadowclaw",
        "tutor:shockwave",
        "tutor:signalbeam",
        "tutor:skillswap",
        "tutor:skittersmack",
        "tutor:sleeptalk",
        "tutor:snarl",
        "tutor:snatch",
        "tutor:spite",
        "tutor:suckerpunch",
        "tutor:telekinesis",
        "tutor:throatchop",
        "tutor:thunderpunch",
        "tutor:trick",
        "tutor:wonderroom",
        "tutor:xscissor",
        "tutor:zenheadbutt"
      ]
    }
    ]}