{
	"format_version": "1.12.0",
	"minecraft:geometry": [
		{
			"description": {
				"identifier": "geometry.kamikiku",
				"texture_width": 64,
				"texture_height": 64,
				"visible_bounds_width": 4,
				"visible_bounds_height": 2.5,
				"visible_bounds_offset": [0, 0.75, 0]
			},
			"bones": [
				{
					"name": "kamikiku",
					"pivot": [0, 0, 0]
				},
				{
					"name": "body",
					"parent": "kamikiku",
					"pivot": [0.09976, 11.21725, 0.83164],
					"cubes": [
						{"origin": [-1.90024, 7.14749, -2.1708], "size": [6, 8, 8], "pivot": [0.09976, 11.14749, 1.8292], "rotation": [-90, 86, -90], "uv": [26, 14]}
					]
				},
				{
					"name": "mouth",
					"parent": "body",
					"pivot": [0.09976, 11.19137, -1.32614],
					"cubes": [
						{"origin": [-4.15024, 6.14749, -10.4208], "size": [5, 10, 12], "pivot": [0.09976, 10.64749, -4.4208], "rotation": [90, 78, 90], "uv": [0, 0]},
						{"origin": [0.84976, 7.74749, -10.4208], "size": [2, 8, 12], "pivot": [0.09976, 12.24749, -4.4208], "rotation": [90, 78, 90], "uv": [0, 22]},
						{"origin": [0.94976, 8.74749, -12.4208], "size": [0, 4, 12], "pivot": [0.09976, 12.24749, -6.4208], "rotation": [90, 85, 90], "uv": [16, 18]}
					]
				},
				{
					"name": "leftshoulder",
					"parent": "body",
					"pivot": [5, 13.58683, -2.82104],
					"cubes": [
						{"origin": [6.6, 11.14749, -10.4208], "size": [5, 7, 5], "pivot": [10.69976, 12.64749, -4.4208], "rotation": [0, 90, -45], "uv": [28, 34]}
					]
				},
				{
					"name": "leftforearm",
					"parent": "leftshoulder",
					"pivot": [9.01067, 10, -3.29604],
					"cubes": [
						{"origin": [7.01067, 3.88683, -5.29604], "size": [5, 7, 4], "pivot": [9.51067, 5.38683, -2.79604], "rotation": [0, 90, 0], "uv": [44, 42]}
					]
				},
				{
					"name": "leftfinger",
					"parent": "leftforearm",
					"pivot": [9, 4, -4.62104],
					"cubes": [
						{"origin": [8.51067, 0.18683, -7.42104], "size": [1, 2, 5], "pivot": [9.01067, 1.18683, -4.92104], "rotation": [-90, 67.5, -90], "uv": [50, 53]},
						{"origin": [9.01067, 1.88683, -5.29604], "size": [3, 2, 4], "pivot": [9.51067, -1.61317, -2.79604], "rotation": [0, 90, 0], "uv": [16, 50]}
					]
				},
				{
					"name": "leftfingertip",
					"parent": "leftfinger",
					"pivot": [9.01067, 1.18683, -4.92104],
					"cubes": [
						{"origin": [8.51067, 0.48681, -7.71499], "size": [1, 2, 5], "pivot": [9.01067, 0.48683, -5.22104], "rotation": [-89.6538, 0, -89.87761], "uv": [0, 22]}
					]
				},
				{
					"name": "rightshoulder",
					"parent": "body",
					"pivot": [-5, 13.58683, -2.6708],
					"cubes": [
						{"origin": [-14.70024, 11.14749, -6.9208], "size": [5, 7, 5], "pivot": [-10.45024, 12.64749, -0.9208], "rotation": [0, -90, 45], "uv": [22, 0]}
					]
				},
				{
					"name": "rightforearm",
					"parent": "rightshoulder",
					"pivot": [-8.78933, 10, -3.12104],
					"cubes": [
						{"origin": [-10.78933, 3.88683, -5.12104], "size": [5, 7, 4], "pivot": [-8.28933, 5.38683, -2.62104], "rotation": [0, 90, 0], "uv": [42, 0]}
					]
				},
				{
					"name": "rightfinger",
					"parent": "rightforearm",
					"pivot": [-8.78933, 4, -4.92104],
					"cubes": [
						{"origin": [-9.28933, 0.18683, -7.42104], "size": [1, 2, 5], "pivot": [-8.78933, 1.18683, -4.92104], "rotation": [-90, 67.5, -90], "uv": [0, 54]},
						{"origin": [-8.78933, 1.88683, -5.12104], "size": [3, 2, 4], "pivot": [-8.28933, -1.61317, -2.62104], "rotation": [0, 90, 0], "uv": [36, 53]}
					]
				},
				{
					"name": "rightfingertip",
					"parent": "rightfinger",
					"pivot": [-8.78933, 0.48683, -5.22104],
					"cubes": [
						{"origin": [-9.28933, -0.51317, -6.72104], "size": [1, 2, 5], "pivot": [-8.78933, 0.48683, -4.22104], "rotation": [-89.6538, 0, -89.87761], "uv": [0, 0]}
					]
				},
				{
					"name": "lowerbody",
					"parent": "body",
					"pivot": [0.09976, 10.5323, 3.39664],
					"cubes": [
						{"origin": [1.40074, 6.69749, 4.62968], "size": [4, 6, 6], "pivot": [0.10001, 8.39756, 7.62993], "rotation": [-90, 74.5, -90], "uv": [0, 42]}
					]
				},
				{
					"name": "tail",
					"parent": "lowerbody",
					"pivot": [0.0981, 9.47113, 5.99289],
					"cubes": [
						{"origin": [3.1027, 4.27823, 10.03255], "size": [5, 4, 4], "pivot": [0.1001, 6.27913, 12.03455], "rotation": [-90, 59.5, -90], "uv": [46, 11]}
					]
				},
				{
					"name": "tail2",
					"parent": "tail",
					"pivot": [0.1001, 7.87913, 9.23455],
					"cubes": [
						{"origin": [-2.2973, 5.40323, 10.13255], "size": [6, 4, 4], "pivot": [0.1001, 6.30413, 12.13455], "rotation": [-90, 79.5, -90], "uv": [43, 30]}
					]
				},
				{
					"name": "dollhead",
					"parent": "tail2",
					"pivot": [0.1, 6.62171, 13.54723],
					"cubes": [
						{"origin": [-1.47335, 6.8, 13.52335], "size": [4, 2.1, 4], "pivot": [0.15165, 4.5, 15.575], "rotation": [90, 77.5, 90], "uv": [14, 42]},
						{"origin": [-1.37335, 4.5, 13.52335], "size": [3, 4, 4], "pivot": [0.15165, 4.5, 15.575], "rotation": [90, 77.5, 90], "uv": [26, 46]},
						{"origin": [-1.47335, 2.8, 11.52335], "size": [0, 6.1, 3], "pivot": [0.15165, 4.5, 15.575], "rotation": [90, 77.5, 90], "uv": [30, 51]},
						{"origin": [-1.47335, 2.8, 16.52335], "size": [0, 6.1, 3], "pivot": [0.15165, 4.5, 15.575], "rotation": [90, 77.5, 90], "uv": [0, 39]}
					]
				},
				{
					"name": "dollbody",
					"parent": "dollhead",
					"pivot": [0.13443, 4.62084, 15.56766],
					"cubes": [
						{"origin": [-0.87335, 0.5, 14.02335], "size": [2, 4, 3], "pivot": [0.15165, 4.5, 15.575], "rotation": [90, 77.5, 90], "uv": [16, 22]},
						{"origin": [-0.813, 3.17794, 15.31127], "size": [2, 3, 3], "pivot": [0.15165, 4.5, 15.575], "rotation": [45, 77.5, 90], "uv": [54, 19]},
						{"origin": [-0.82335, 1.76373, 13.89706], "size": [2, 3, 3], "pivot": [0.15165, 4.5, 15.575], "rotation": [45, 77.5, 90], "uv": [12, 56]},
						{"origin": [0.17665, 4.77794, 18.21127], "size": [0, 1, 1], "pivot": [0.15165, 4.5, 15.575], "rotation": [45, 77.5, 90], "uv": [0, 1]},
						{"origin": [0.17665, 4.77794, 18.21127], "size": [0, 1, 1], "pivot": [0.15165, 4.5, 15.575], "rotation": [45, -77.5, -90], "uv": [0, 0]},
						{"origin": [0.12665, -0.1, 14.02335], "size": [0, 1, 3], "pivot": [0.15165, 4.5, 15.575], "rotation": [90, 77.5, 90], "uv": [0, 4]}
					]
				}
			]
		}
	]
}