{
	"format_version": "1.8.0",
	"animations": {
		"animation.pokokari.ground_idle": {
			"loop": true,
			"bones": {
				"torso": {
					"rotation": ["5+1*math.sin(q.anim_time*90*4)", "1*math.sin(q.anim_time*90*1)", "1*math.cos(q.anim_time*90*1)"],
					"position": [0, "1-0.1*(math.sin(q.anim_time*90*4-90)*1+1)", 0]
				},
				"tail": {
					"rotation": [0, "4*math.sin(q.anim_time*90*2)", 0]
				},
				"head": {
					"rotation": ["-4+1*(math.sin(q.anim_time*90*4+80))", 0, 0]
				},
				"leg_left": {
					"rotation": [90, 0, 0],
					"position": [0, 1.92, -1]
				},
				"leg_right": {
					"rotation": [90, 0, 0],
					"position": [0, 1.92, -1]
				},
				"nose_lower_left": {
					"rotation": ["2.5+4*math.sin(q.anim_time*90*2-60)", 0, 0]
				},
				"nose_left": {
					"rotation": ["2.5+4*math.sin(q.anim_time*90*2-60)", 0, 0]
				},
				"nose_upper": {
					"rotation": ["2.5+4*math.sin(q.anim_time*90*2-60)", 0, 0]
				},
				"nose_right": {
					"rotation": ["2.5+4*math.sin(q.anim_time*90*2-60)", 0, 0]
				},
				"nose_lower_right": {
					"rotation": ["2.5+4*math.sin(q.anim_time*90*2-60)", 0, 0]
				},
				"hand_right": {
					"rotation": [
						"3.5955+2*(math.sin(q.anim_time*90*4+40)*0.75)",
						"-12.234+2*(math.sin(q.anim_time*90*2+40)*1)",
						"-50.1116+2*(math.sin(q.anim_time*90*4+40)*1)"
					]
				},
				"claw_inner_right": {
					"rotation": ["22.5+2*(math.sin(q.anim_time*90*4+60)*0.75)", 0, 0]
				},
				"claw_inner_right2": {
					"rotation": ["22.5+2*(math.sin(q.anim_time*90*4+80)*0.75)", 0, 0]
				},
				"claw_outer_right": {
					"rotation": ["22.5+2*(math.sin(q.anim_time*90*4+60)*0.75)", 0, 0]
				},
				"claw_outer_right2": {
					"rotation": ["22.5+2*(math.sin(q.anim_time*90*4+80)*0.75)", 0, 0]
				},
				"hand_left": {
					"rotation": [
						"3.5955+2*(math.sin(q.anim_time*90*4+40)*0.75)",
						"12.234-2*(math.sin(q.anim_time*90*2+40)*1)",
						"50.1116-2*(math.sin(q.anim_time*90*4+40)*1)"
					]
				},
				"claw_outer_left": {
					"rotation": ["22.5+2*(math.sin(q.anim_time*90*4+60)*0.75)", 0, 0]
				},
				"claw_outer_left2": {
					"rotation": ["22.5+2*(math.sin(q.anim_time*90*4+80)*0.75)", 0, 0]
				},
				"claw_inner_left": {
					"rotation": ["22.5+2*(math.sin(q.anim_time*90*4+60)*0.75)", 0, 0]
				},
				"claw_inner_left2": {
					"rotation": ["22.5+2*(math.sin(q.anim_time*90*4+80)*0.75)", 0, 0]
				},
				"leg_left2": {
					"rotation": [-62.5, 0, 0]
				},
				"leg_left3": {
					"rotation": [-27.5, 0, 0]
				},
				"leg_right2": {
					"rotation": [-62.5, 0, 0]
				},
				"leg_right3": {
					"rotation": [-27.5, 0, 0]
				}
			}
		},
		"animation.pokokari.battle_idle": {
			"loop": true,
			"bones": {
				"torso": {
					"rotation": ["17.5+1*math.sin(q.anim_time*90*4)", "1*math.sin(q.anim_time*90*1)", "1*math.cos(q.anim_time*90*1)"],
					"position": [0, "1.1-0.1*(math.sin(q.anim_time*90*4-90)*1+1)", 0]
				},
				"tail": {
					"rotation": [0, "4*math.sin(q.anim_time*90*2)", 0]
				},
				"head": {
					"rotation": ["-16.5+1*(math.sin(q.anim_time*90*4+80))", 0, 0],
					"position": [0, -0.5, 0.75]
				},
				"leg_left": {
					"rotation": [90, -22.5, 0],
					"position": [0, 1.92, -1]
				},
				"leg_right": {
					"rotation": [90, 22.5, 0],
					"position": [0, 1.92, -1]
				},
				"nose_lower_left": {
					"rotation": ["2.5+4*math.sin(q.anim_time*90*2-60)", 0, 0]
				},
				"nose_left": {
					"rotation": ["2.5+4*math.sin(q.anim_time*90*2-60)", 0, 0]
				},
				"nose_upper": {
					"rotation": ["2.5+4*math.sin(q.anim_time*90*2-60)", 0, 0]
				},
				"nose_right": {
					"rotation": ["2.5+4*math.sin(q.anim_time*90*2-60)", 0, 0]
				},
				"nose_lower_right": {
					"rotation": ["2.5+4*math.sin(q.anim_time*90*2-60)", 0, 0]
				},
				"hand_right": {
					"rotation": [
						"-19.5603+2*(math.sin(q.anim_time*90*4+40)*0.75)",
						"-11.2761+2*(math.sin(q.anim_time*90*2+40)*1)",
						"-60.2347+2*(math.sin(q.anim_time*90*4+40)*1)"
					]
				},
				"claw_inner_right": {
					"rotation": ["22.5+2*(math.sin(q.anim_time*90*4+60)*0.75)", 0, 0]
				},
				"claw_inner_right2": {
					"rotation": ["22.5+2*(math.sin(q.anim_time*90*4+80)*0.75)", 0, 0]
				},
				"claw_outer_right": {
					"rotation": ["22.5+2*(math.sin(q.anim_time*90*4+60)*0.75)", 0, 0]
				},
				"claw_outer_right2": {
					"rotation": ["22.5+2*(math.sin(q.anim_time*90*4+80)*0.75)", 0, 0]
				},
				"hand_left": {
					"rotation": [
						"-19.5603+2*(math.sin(q.anim_time*90*4+40)*0.75)",
						"11.2761-2*(math.sin(q.anim_time*90*2+40)*1)",
						"60.2347-2*(math.sin(q.anim_time*90*4+40)*1)"
					]
				},
				"claw_outer_left": {
					"rotation": ["22.5+2*(math.sin(q.anim_time*90*4+60)*0.75)", 0, 0]
				},
				"claw_outer_left2": {
					"rotation": ["22.5+2*(math.sin(q.anim_time*90*4+80)*0.75)", 0, 0]
				},
				"claw_inner_left": {
					"rotation": ["22.5+2*(math.sin(q.anim_time*90*4+60)*0.75)", 0, 0]
				},
				"claw_inner_left2": {
					"rotation": ["22.5+2*(math.sin(q.anim_time*90*4+80)*0.75)", 0, 0]
				},
				"leg_left2": {
					"rotation": [-62.5, 0, 0]
				},
				"leg_left3": {
					"rotation": [-27.5, 0, 0]
				},
				"leg_right2": {
					"rotation": [-62.5, 0, 0]
				},
				"leg_right3": {
					"rotation": [-27.5, 0, 0]
				}
			}
		},
		"animation.pokokari.ground_walk": {
			"loop": true,
			"animation_length": 4,
			"bones": {
				"torso": {
					"rotation": ["15-math.cos(query.anim_time*90*8+20)*2", "math.sin(query.anim_time*90*4+20)*10", "-math.cos(query.anim_time*90*4+20)*10"],
					"position": [0, "1+math.cos(query.anim_time*90*8+20)*0.4", 0]
				},
				"tail": {
					"rotation": [0, "math.sin(query.anim_time*90*4-90)*10", 0]
				},
				"head": {
					"rotation": ["-7.5+math.sin(query.anim_time*90*8)*-4", "-math.sin(query.anim_time*90*4+20)*12", "math.sin(query.anim_time*90*4+60)*6"]
				},
				"nose_lower_left": {
					"rotation": ["7.5+math.sin(query.anim_time*90*4-90)*5", 0, 0]
				},
				"nose_left": {
					"rotation": ["7.5+math.sin(query.anim_time*90*4-90)*5", 0, 0]
				},
				"nose_upper": {
					"rotation": ["7.5+math.sin(query.anim_time*90*4-90)*5", 0, 0]
				},
				"nose_right": {
					"rotation": ["7.5+math.sin(query.anim_time*90*4-90)*5", 0, 0]
				},
				"nose_lower_right": {
					"rotation": ["7.5+math.sin(query.anim_time*90*4-90)*5", 0, 0]
				},
				"hand_right": {
					"rotation": [
						"3.5955+2*(math.sin(q.anim_time*90*4+40)*0.75)",
						"-12.234+2*(math.sin(q.anim_time*90*2+40)*1)",
						"-50.1116+2*(math.sin(q.anim_time*90*4+40)*1)"
					]
				},
				"claw_inner_right": {
					"rotation": ["22.5+2*(math.sin(q.anim_time*90*4+60)*0.75)", 0, 0]
				},
				"claw_inner_right2": {
					"rotation": ["22.5+2*(math.sin(q.anim_time*90*4+80)*0.75)", 0, 0]
				},
				"claw_outer_right": {
					"rotation": ["22.5+2*(math.sin(q.anim_time*90*4+60)*0.75)", 0, 0]
				},
				"claw_outer_right2": {
					"rotation": ["22.5+2*(math.sin(q.anim_time*90*4+80)*0.75)", 0, 0]
				},
				"hand_left": {
					"rotation": [
						"3.5955+2*(math.sin(q.anim_time*90*4+40)*0.75)",
						"12.234-2*(math.sin(q.anim_time*90*2+40)*1)",
						"50.1116-2*(math.sin(q.anim_time*90*4+40)*1)"
					]
				},
				"claw_outer_left": {
					"rotation": ["22.5+2*(math.sin(q.anim_time*90*4+60)*0.75)", 0, 0]
				},
				"claw_outer_left2": {
					"rotation": ["22.5+2*(math.sin(q.anim_time*90*4+80)*0.75)", 0, 0]
				},
				"claw_inner_left": {
					"rotation": ["22.5+2*(math.sin(q.anim_time*90*4+60)*0.75)", 0, 0]
				},
				"claw_inner_left2": {
					"rotation": ["22.5+2*(math.sin(q.anim_time*90*4+80)*0.75)", 0, 0]
				},
				"leg_left": {
					"rotation": {
						"0.0": {
							"post": [95.79, -1.93, -7.25],
							"lerp_mode": "catmullrom"
						},
						"0.0833": {
							"post": [75.21783, -2.57594, -9.6658],
							"lerp_mode": "catmullrom"
						},
						"0.25": [105, 0, 0],
						"0.75": [147.5, 0, 0],
						"1.0": {
							"pre": [95.79, -1.93, -7.25],
							"post": [95.79, -1.93, -7.25],
							"lerp_mode": "catmullrom"
						},
						"1.0833": {
							"post": [75.21783, -2.57594, -9.6658],
							"lerp_mode": "catmullrom"
						},
						"1.25": [105, 0, 0],
						"1.75": [147.5, 0, 0],
						"2.0": {
							"pre": [95.79, -1.93, -7.25],
							"post": [95.79, -1.93, -7.25],
							"lerp_mode": "catmullrom"
						},
						"2.0833": {
							"post": [75.21783, -2.57594, -9.6658],
							"lerp_mode": "catmullrom"
						},
						"2.25": [105, 0, 0],
						"2.75": [147.5, 0, 0],
						"3.0": {
							"pre": [95.79, -1.93, -7.25],
							"post": [95.79, -1.93, -7.25],
							"lerp_mode": "catmullrom"
						},
						"3.0833": {
							"post": [75.21783, -2.57594, -9.6658],
							"lerp_mode": "catmullrom"
						},
						"3.25": [105, 0, 0],
						"3.75": [147.5, 0, 0],
						"4.0": {
							"pre": [95.79, -1.93, -7.25],
							"post": [95.79, -1.93, -7.25],
							"lerp_mode": "catmullrom"
						}
					},
					"position": {
						"0.0": [0, 2.42, -1],
						"0.25": [0, 1.9, -1.5],
						"0.75": [0, 1.15, 0.5],
						"1.0": [0, 2.42, -1],
						"1.25": [0, 1.9, -1.5],
						"1.75": [0, 1.15, 0.5],
						"2.0": [0, 2.42, -1],
						"2.25": [0, 1.9, -1.5],
						"2.75": [0, 1.15, 0.5],
						"3.0": [0, 2.42, -1],
						"3.25": [0, 1.9, -1.5],
						"3.75": [0, 1.15, 0.5],
						"4.0": [0, 2.42, -1]
					}
				},
				"leg_left2": {
					"rotation": {
						"0.0": {
							"post": [-62.5, 0, 0],
							"lerp_mode": "catmullrom"
						},
						"0.25": {
							"post": [-62.5, 0, 0],
							"lerp_mode": "catmullrom"
						},
						"0.75": {
							"post": [-82.5, 0, 0],
							"lerp_mode": "catmullrom"
						},
						"1.0": {
							"post": [-62.5, 0, 0],
							"lerp_mode": "catmullrom"
						},
						"1.25": {
							"post": [-62.5, 0, 0],
							"lerp_mode": "catmullrom"
						},
						"1.75": {
							"post": [-82.5, 0, 0],
							"lerp_mode": "catmullrom"
						},
						"2.0": {
							"post": [-62.5, 0, 0],
							"lerp_mode": "catmullrom"
						},
						"2.25": {
							"post": [-62.5, 0, 0],
							"lerp_mode": "catmullrom"
						},
						"2.75": {
							"post": [-82.5, 0, 0],
							"lerp_mode": "catmullrom"
						},
						"3.0": {
							"post": [-62.5, 0, 0],
							"lerp_mode": "catmullrom"
						},
						"3.25": {
							"post": [-62.5, 0, 0],
							"lerp_mode": "catmullrom"
						},
						"3.75": {
							"post": [-82.5, 0, 0],
							"lerp_mode": "catmullrom"
						},
						"4.0": {
							"post": [-62.5, 0, 0],
							"lerp_mode": "catmullrom"
						}
					}
				},
				"leg_left3": {
					"rotation": {
						"0.0": {
							"post": [-27.5, 0, 0],
							"lerp_mode": "catmullrom"
						},
						"0.25": {
							"post": [-40, 0, 0],
							"lerp_mode": "catmullrom"
						},
						"0.75": {
							"post": [-37.5, 0, 0],
							"lerp_mode": "catmullrom"
						},
						"1.0": {
							"post": [-27.5, 0, 0],
							"lerp_mode": "catmullrom"
						},
						"1.25": {
							"post": [-40, 0, 0],
							"lerp_mode": "catmullrom"
						},
						"1.75": {
							"post": [-37.5, 0, 0],
							"lerp_mode": "catmullrom"
						},
						"2.0": {
							"post": [-27.5, 0, 0],
							"lerp_mode": "catmullrom"
						},
						"2.25": {
							"post": [-40, 0, 0],
							"lerp_mode": "catmullrom"
						},
						"2.75": {
							"post": [-37.5, 0, 0],
							"lerp_mode": "catmullrom"
						},
						"3.0": {
							"post": [-27.5, 0, 0],
							"lerp_mode": "catmullrom"
						},
						"3.25": {
							"post": [-40, 0, 0],
							"lerp_mode": "catmullrom"
						},
						"3.75": {
							"post": [-37.5, 0, 0],
							"lerp_mode": "catmullrom"
						},
						"4.0": {
							"post": [-27.5, 0, 0],
							"lerp_mode": "catmullrom"
						}
					}
				},
				"leg_right": {
					"rotation": {
						"0.0": [126.25, 0, 0],
						"0.25": [147.5, 0, 0],
						"0.5": {
							"pre": [95.79, -1.93, -7.25],
							"post": [95.79, -1.93, -7.25],
							"lerp_mode": "catmullrom"
						},
						"0.5833": {
							"post": [75.21783, -2.57594, -9.6658],
							"lerp_mode": "catmullrom"
						},
						"0.75": [105, 0, 0],
						"1.0": [126.25, 0, 0],
						"1.25": [147.5, 0, 0],
						"1.5": {
							"pre": [95.79, -1.93, -7.25],
							"post": [95.79, -1.93, -7.25],
							"lerp_mode": "catmullrom"
						},
						"1.5833": {
							"post": [75.21783, -2.57594, -9.6658],
							"lerp_mode": "catmullrom"
						},
						"1.75": [105, 0, 0],
						"2.0": [126.25, 0, 0],
						"2.25": [147.5, 0, 0],
						"2.5": {
							"pre": [95.79, -1.93, -7.25],
							"post": [95.79, -1.93, -7.25],
							"lerp_mode": "catmullrom"
						},
						"2.5833": {
							"post": [75.21783, -2.57594, -9.6658],
							"lerp_mode": "catmullrom"
						},
						"2.75": [105, 0, 0],
						"3.0": [126.25, 0, 0],
						"3.25": [147.5, 0, 0],
						"3.5": {
							"pre": [95.79, -1.93, -7.25],
							"post": [95.79, -1.93, -7.25],
							"lerp_mode": "catmullrom"
						},
						"3.5833": {
							"post": [75.21783, -2.57594, -9.6658],
							"lerp_mode": "catmullrom"
						},
						"3.75": [105, 0, 0],
						"4.0": [126.25, 0, 0]
					},
					"position": {
						"0.0": [0, 1.53, -0.5],
						"0.25": [0, 1.15, 0.5],
						"0.5": [0, 2.42, -1],
						"0.75": [0, 1.9, -1.5],
						"1.0": [0, 1.53, -0.5],
						"1.25": [0, 1.15, 0.5],
						"1.5": [0, 2.42, -1],
						"1.75": [0, 1.9, -1.5],
						"2.0": [0, 1.53, -0.5],
						"2.25": [0, 1.15, 0.5],
						"2.5": [0, 2.42, -1],
						"2.75": [0, 1.9, -1.5],
						"3.0": [0, 1.53, -0.5],
						"3.25": [0, 1.15, 0.5],
						"3.5": [0, 2.42, -1],
						"3.75": [0, 1.9, -1.5],
						"4.0": [0, 1.53, -0.5]
					}
				},
				"leg_right2": {
					"rotation": {
						"0.0": {
							"post": [-72.5, 0, 0],
							"lerp_mode": "catmullrom"
						},
						"0.25": {
							"post": [-82.5, 0, 0],
							"lerp_mode": "catmullrom"
						},
						"0.5": {
							"post": [-62.5, 0, 0],
							"lerp_mode": "catmullrom"
						},
						"0.75": {
							"post": [-62.5, 0, 0],
							"lerp_mode": "catmullrom"
						},
						"1.0": {
							"post": [-72.5, 0, 0],
							"lerp_mode": "catmullrom"
						},
						"1.25": {
							"post": [-82.5, 0, 0],
							"lerp_mode": "catmullrom"
						},
						"1.5": {
							"post": [-62.5, 0, 0],
							"lerp_mode": "catmullrom"
						},
						"1.75": {
							"post": [-62.5, 0, 0],
							"lerp_mode": "catmullrom"
						},
						"2.0": {
							"post": [-72.5, 0, 0],
							"lerp_mode": "catmullrom"
						},
						"2.25": {
							"post": [-82.5, 0, 0],
							"lerp_mode": "catmullrom"
						},
						"2.5": {
							"post": [-62.5, 0, 0],
							"lerp_mode": "catmullrom"
						},
						"2.75": {
							"post": [-62.5, 0, 0],
							"lerp_mode": "catmullrom"
						},
						"3.0": {
							"post": [-72.5, 0, 0],
							"lerp_mode": "catmullrom"
						},
						"3.25": {
							"post": [-82.5, 0, 0],
							"lerp_mode": "catmullrom"
						},
						"3.5": {
							"post": [-62.5, 0, 0],
							"lerp_mode": "catmullrom"
						},
						"3.75": {
							"post": [-62.5, 0, 0],
							"lerp_mode": "catmullrom"
						},
						"4.0": {
							"post": [-72.5, 0, 0],
							"lerp_mode": "catmullrom"
						}
					}
				},
				"leg_right3": {
					"rotation": {
						"0.0": {
							"post": [-38.75, 0, 0],
							"lerp_mode": "catmullrom"
						},
						"0.25": {
							"post": [-37.5, 0, 0],
							"lerp_mode": "catmullrom"
						},
						"0.5": {
							"post": [-27.5, 0, 0],
							"lerp_mode": "catmullrom"
						},
						"0.75": {
							"post": [-40, 0, 0],
							"lerp_mode": "catmullrom"
						},
						"1.0": {
							"post": [-38.75, 0, 0],
							"lerp_mode": "catmullrom"
						},
						"1.25": {
							"post": [-37.5, 0, 0],
							"lerp_mode": "catmullrom"
						},
						"1.5": {
							"post": [-27.5, 0, 0],
							"lerp_mode": "catmullrom"
						},
						"1.75": {
							"post": [-40, 0, 0],
							"lerp_mode": "catmullrom"
						},
						"2.0": {
							"post": [-38.75, 0, 0],
							"lerp_mode": "catmullrom"
						},
						"2.25": {
							"post": [-37.5, 0, 0],
							"lerp_mode": "catmullrom"
						},
						"2.5": {
							"post": [-27.5, 0, 0],
							"lerp_mode": "catmullrom"
						},
						"2.75": {
							"post": [-40, 0, 0],
							"lerp_mode": "catmullrom"
						},
						"3.0": {
							"post": [-38.75, 0, 0],
							"lerp_mode": "catmullrom"
						},
						"3.25": {
							"post": [-37.5, 0, 0],
							"lerp_mode": "catmullrom"
						},
						"3.5": {
							"post": [-27.5, 0, 0],
							"lerp_mode": "catmullrom"
						},
						"3.75": {
							"post": [-40, 0, 0],
							"lerp_mode": "catmullrom"
						},
						"4.0": {
							"post": [-38.75, 0, 0],
							"lerp_mode": "catmullrom"
						}
					}
				}
			}
		},
		"animation.pokokari.blink": {
			"animation_length": 0.2083,
			"bones": {
				"eye_left": {
					"position": {
						"0.0": [0, 0, 0],
						"0.0417": {
							"pre": [0, 0, 0],
							"post": [0, 0, 0.1]
						},
						"0.1667": {
							"pre": [0, 0, 0.1],
							"post": [0, 0, 0.1]
						},
						"0.2083": {
							"pre": [0, 0, 0.1],
							"post": [0, 0, 0]
						}
					}
				},
				"eyelid_right": {
					"position": {
						"0.0": [0, 0, 0],
						"0.0417": {
							"pre": [0, 0, 0],
							"post": [0, 0.25, -0.25]
						},
						"0.1667": {
							"pre": [0, 0.25, -0.25],
							"post": [0, 0.25, -0.25]
						},
						"0.2083": {
							"pre": [0, 0.25, -0.25],
							"post": [0, 0, 0]
						}
					}
				},
				"eyelid_left": {
					"position": {
						"0.0": [0, 0, 0],
						"0.0417": {
							"pre": [0, 0, 0],
							"post": [0, 0.25, -0.25]
						},
						"0.1667": {
							"pre": [0, 0.25, -0.25],
							"post": [0, 0.25, -0.25]
						},
						"0.2083": {
							"pre": [0, 0.25, -0.25],
							"post": [0, 0, 0]
						}
					}
				},
				"eye_right": {
					"position": {
						"0.0": [0, 0, 0],
						"0.0417": {
							"pre": [0, 0, 0],
							"post": [0, 0, 0.1]
						},
						"0.1667": {
							"pre": [0, 0, 0.1],
							"post": [0, 0, 0.1]
						},
						"0.2083": {
							"pre": [0, 0, 0.1],
							"post": [0, 0, 0]
						}
					}
				}
			}
		},
		"animation.pokokari.sleep": {
			"loop": true,
			"bones": {
				"body": {
					"rotation": [-105.35592, -9.85729, 103.65525],
					"position": [0, 0.75, 0]
				},
				"torso": {
					"rotation": ["math.sin(q.anim_time*90*1)*1", 0, 0]
				},
				"tail": {
					"rotation": ["-17.2501+math.sin(q.anim_time*90*1+30)*2", "30.0049+math.sin(q.anim_time*90*1+30)*1", "0.4291+math.sin(q.anim_time*90*1+30)*1"]
				},
				"head": {
					"rotation": ["8.0364+math.sin(q.anim_time*90*1-60)*1", 10.17709, 17.86006],
					"position": [-0.2, -0.5, -0.8]
				},
				"nose_lower_left": {
					"rotation": ["-1*math.sin(q.anim_time*90*1-60)", 0, 0]
				},
				"nose_left": {
					"rotation": ["-1*math.sin(q.anim_time*90*1-60)", 0, 0]
				},
				"nose_upper": {
					"rotation": ["-1*math.sin(q.anim_time*90*1-60)", 0, 0]
				},
				"nose_right": {
					"rotation": ["-1*math.sin(q.anim_time*90*1-60)", 0, 0]
				},
				"nose_lower_right": {
					"rotation": ["-1*math.sin(q.anim_time*90*1-60)", 0, 0]
				},
				"eye_left": {
					"position": [0, 0, 0.1]
				},
				"eyelid_right": {
					"position": [0, 0.25, -0.25]
				},
				"eyelid_left": {
					"position": [0, 0.25, -0.25]
				},
				"eye_right": {
					"position": [0, 0, 0.1]
				},
				"hand_right": {
					"rotation": ["-3*math.sin(q.anim_time*90*1)", -42.5, 0]
				},
				"claw_inner_right": {
					"rotation": [22.5, 0, 0]
				},
				"claw_inner_right2": {
					"rotation": [22.5, 0, 0]
				},
				"claw_outer_right": {
					"rotation": [22.5, 0, 0]
				},
				"claw_outer_right2": {
					"rotation": [22.5, 0, 0]
				},
				"hand_left": {
					"rotation": ["32.5-3*math.sin(q.anim_time*90*1)", 42.5, 0],
					"position": [-1, 0, 0]
				},
				"claw_outer_left": {
					"rotation": [22.5, 0, 0]
				},
				"claw_outer_left2": {
					"rotation": [22.5, 0, 0]
				},
				"claw_inner_left": {
					"rotation": [22.5, 0, 0]
				},
				"claw_inner_left2": {
					"rotation": [22.5, 0, 0]
				},
				"leg_left": {
					"rotation": ["34.9789-1*math.sin(q.anim_time*90*1-40)", 36.55384, -1.66254],
					"position": [0, 0.25, -1.25]
				},
				"leg_left2": {
					"rotation": ["-37.5+1*math.sin(q.anim_time*90*1-80)", 0, 0]
				},
				"leg_left3": {
					"rotation": ["-25+1*math.sin(q.anim_time*90*1-120)", 0, 0]
				},
				"leg_right": {
					"rotation": ["10.268-1*math.sin(q.anim_time*90*1-40)", -25.66678, -8.32409]
				},
				"leg_right2": {
					"rotation": ["-17.5+1*math.sin(q.anim_time*90*1-80)", 0, 0]
				},
				"leg_right3": {
					"rotation": ["-25+1*math.sin(q.anim_time*90*1-120)", 0, 0]
				}
			}
		},
		"animation.pokokari.recoil": {
			"animation_length": 1.5,
			"bones": {
				"torso": {
					"rotation": {
						"0.0": [0, 0, 0],
						"0.0417": [-13, 0, 0],
						"0.5833": {
							"pre": [8.66, 0, 0],
							"post": [8.66, 0, 0],
							"lerp_mode": "catmullrom"
						},
						"1.0833": {
							"post": [-2, 0, 0],
							"lerp_mode": "catmullrom"
						},
						"1.5": [0, 0, 0]
					}
				},
				"head": {
					"rotation": {
						"0.0": [0, 0, 0],
						"0.0417": {
							"pre": [11, 0, 0],
							"post": [11, 0, 0],
							"lerp_mode": "catmullrom"
						},
						"0.1667": {
							"post": [-9.58, 0, 0],
							"lerp_mode": "catmullrom"
						},
						"0.375": {
							"post": [-7, 0, 0],
							"lerp_mode": "catmullrom"
						},
						"0.7083": {
							"post": [-3.3, 0, 0],
							"lerp_mode": "catmullrom"
						},
						"1.0417": {
							"post": [0.7, 0, 0],
							"lerp_mode": "catmullrom"
						},
						"1.4583": [0, 0, 0]
					}
				},
				"nose_lower_left": {
					"rotation": {
						"0.0": [0, 0, 0],
						"0.1667": {
							"pre": [12.5, 0, 0],
							"post": [12.5, 0, 0],
							"lerp_mode": "catmullrom"
						},
						"0.625": {
							"post": [0, 0, 0],
							"lerp_mode": "catmullrom"
						},
						"1.5": [0, 0, 0]
					}
				},
				"nose_left": {
					"rotation": {
						"0.0": [0, 0, 0],
						"0.1667": {
							"pre": [12.5, 0, 0],
							"post": [12.5, 0, 0],
							"lerp_mode": "catmullrom"
						},
						"0.625": {
							"post": [0, 0, 0],
							"lerp_mode": "catmullrom"
						},
						"1.5": [0, 0, 0]
					}
				},
				"nose_upper": {
					"rotation": {
						"0.0": [0, 0, 0],
						"0.1667": {
							"pre": [12.5, 0, 0],
							"post": [12.5, 0, 0],
							"lerp_mode": "catmullrom"
						},
						"0.625": {
							"post": [0, 0, 0],
							"lerp_mode": "catmullrom"
						},
						"1.5": [0, 0, 0]
					}
				},
				"nose_right": {
					"rotation": {
						"0.0": [0, 0, 0],
						"0.1667": {
							"pre": [12.5, 0, 0],
							"post": [12.5, 0, 0],
							"lerp_mode": "catmullrom"
						},
						"0.625": {
							"post": [0, 0, 0],
							"lerp_mode": "catmullrom"
						},
						"1.5": [0, 0, 0]
					}
				},
				"nose_lower_right": {
					"rotation": {
						"0.0": [0, 0, 0],
						"0.1667": {
							"pre": [12.5, 0, 0],
							"post": [12.5, 0, 0],
							"lerp_mode": "catmullrom"
						},
						"0.625": {
							"post": [0, 0, 0],
							"lerp_mode": "catmullrom"
						},
						"1.5": [0, 0, 0]
					}
				},
				"eyelid_right": {
					"position": {
						"0.0": [-0.1, 0, -0.1],
						"0.25": {
							"pre": [-0.1, 0, -0.1],
							"post": [-0.1, 0, -0.1]
						},
						"0.2917": {
							"pre": [-0.1, 0, -0.1],
							"post": [0, 0, 0]
						}
					}
				},
				"eyelid_left": {
					"position": {
						"0.0": [0.1, 0, -0.1],
						"0.25": {
							"pre": [0.1, 0, -0.1],
							"post": [0.1, 0, -0.1]
						},
						"0.2917": {
							"pre": [0.1, 0, -0.1],
							"post": [0, 0, 0]
						}
					}
				},
				"hand_right": {
					"rotation": {
						"0.0": [0, 0, 0],
						"0.1667": {
							"pre": [0, 20, 0],
							"post": [0, 20, 0],
							"lerp_mode": "catmullrom"
						},
						"0.625": {
							"post": [0, -6.21, 0],
							"lerp_mode": "catmullrom"
						},
						"1.5": [0, 0, 0]
					}
				},
				"hand_left": {
					"rotation": {
						"0.0": [0, 0, 0],
						"0.1667": {
							"pre": [0, -20, 0],
							"post": [0, -20, 0],
							"lerp_mode": "catmullrom"
						},
						"0.625": {
							"post": [0, 6.21, 0],
							"lerp_mode": "catmullrom"
						},
						"1.5": [0, 0, 0]
					}
				}
			}
		},
		"animation.pokokari.cry": {
			"animation_length": 3,
			"bones": {
				"mouth": {
					"position": {
						"0.1667": [0, 0, 0],
						"0.2083": {
							"pre": [0, 0, 0],
							"post": [0, -0.1, -0.1]
						},
						"0.75": {
							"pre": [0, -0.1, -0.1],
							"post": [0, -0.1, -0.1]
						},
						"0.7917": {
							"pre": [0, -0.1, -0.1],
							"post": [0, 0, 0]
						}
					}
				},
				"torso": {
					"rotation": {
						"0.0": [0, 0, 0],
						"0.1667": {
							"pre": [5, 0, 0],
							"post": [5, 0, 0],
							"lerp_mode": "catmullrom"
						},
						"0.875": {
							"post": [-2.5, 0, 0],
							"lerp_mode": "catmullrom"
						},
						"1.7083": {
							"post": [3, 0, 0],
							"lerp_mode": "catmullrom"
						},
						"2.4583": [0, 0, 0]
					}
				},
				"head": {
					"rotation": {
						"0.0": {
							"post": [0, 0, 0],
							"lerp_mode": "catmullrom"
						},
						"0.1667": {
							"post": [10.44, 0, 0],
							"lerp_mode": "catmullrom"
						},
						"0.2917": {
							"post": [-7.5, 0, 0],
							"lerp_mode": "catmullrom"
						},
						"0.5417": {
							"post": [-10.83, 0, 0],
							"lerp_mode": "catmullrom"
						},
						"0.7083": {
							"post": [-2.9, 0, 0],
							"lerp_mode": "catmullrom"
						},
						"0.9167": {
							"post": [-8.71, 0, 0],
							"lerp_mode": "catmullrom"
						},
						"1.375": {
							"post": [5, 0, 0],
							"lerp_mode": "catmullrom"
						},
						"2.25": {
							"post": [0, 0, 0],
							"lerp_mode": "catmullrom"
						},
						"2.7083": {
							"post": [0, 0, 0],
							"lerp_mode": "catmullrom"
						}
					}
				},
				"nose_lower_left": {
					"rotation": {
						"0.0": [0, 0, 0],
						"0.125": [20, 0, 0],
						"0.2083": [-1.5, 0, 0],
						"0.5417": [0, 0, 0],
						"0.7083": [27.5, 0, 0],
						"0.9167": [-1.5, 0, 0],
						"2.25": {
							"pre": [7.5, 0, 0],
							"post": [7.5, 0, 0],
							"lerp_mode": "catmullrom"
						},
						"2.7083": {
							"post": [0, 0, 0],
							"lerp_mode": "catmullrom"
						},
						"3.0": {
							"post": [0, 0, 0],
							"lerp_mode": "catmullrom"
						}
					},
					"position": {
						"0.0": [0, 0, 0],
						"0.125": [0, -0.25, 0],
						"0.2083": [0, 0, 0],
						"0.5417": [0, 0, 0],
						"0.7083": [0, -0.25, 0],
						"0.9167": [0, 0, 0],
						"2.25": {
							"pre": [0, 0, 0],
							"post": [0, 0, 0],
							"lerp_mode": "catmullrom"
						},
						"2.7083": {
							"post": [0, 0, 0],
							"lerp_mode": "catmullrom"
						},
						"3.0": {
							"post": [0, 0, 0],
							"lerp_mode": "catmullrom"
						}
					}
				},
				"nose_left": {
					"rotation": {
						"0.0": [0, 0, 0],
						"0.125": [20, 0, 0],
						"0.2083": [-1.5, 0, 0],
						"0.5417": [0, 0, 0],
						"0.7083": [27.5, 0, 0],
						"0.9167": [-1.5, 0, 0],
						"2.25": {
							"pre": [7.5, 0, 0],
							"post": [7.5, 0, 0],
							"lerp_mode": "catmullrom"
						},
						"2.7083": {
							"post": [0, 0, 0],
							"lerp_mode": "catmullrom"
						},
						"3.0": {
							"post": [0, 0, 0],
							"lerp_mode": "catmullrom"
						}
					},
					"position": {
						"0.0": [0, 0, 0],
						"0.125": [0.25, 0, 0],
						"0.2083": [0, 0, 0],
						"0.5417": [0, 0, 0],
						"0.7083": [0.25, 0, 0],
						"0.9167": [0, 0, 0],
						"2.25": {
							"pre": [0, 0, 0],
							"post": [0, 0, 0],
							"lerp_mode": "catmullrom"
						},
						"2.7083": {
							"post": [0, 0, 0],
							"lerp_mode": "catmullrom"
						},
						"3.0": {
							"post": [0, 0, 0],
							"lerp_mode": "catmullrom"
						}
					}
				},
				"nose_upper": {
					"rotation": {
						"0.0": [0, 0, 0],
						"0.125": [20, 0, 0],
						"0.2083": [-1.5, 0, 0],
						"0.5417": [0, 0, 0],
						"0.7083": [27.5, 0, 0],
						"0.9167": [-1.5, 0, 0],
						"2.25": {
							"pre": [7.5, 0, 0],
							"post": [7.5, 0, 0],
							"lerp_mode": "catmullrom"
						},
						"2.7083": {
							"post": [0, 0, 0],
							"lerp_mode": "catmullrom"
						},
						"3.0": {
							"post": [0, 0, 0],
							"lerp_mode": "catmullrom"
						}
					},
					"position": {
						"0.0": [0, 0, 0],
						"0.125": [0, 0.25, 0],
						"0.2083": [0, 0, 0],
						"0.5417": [0, 0, 0],
						"0.7083": [0, 0.25, 0],
						"0.9167": [0, 0, 0],
						"2.25": {
							"pre": [0, 0, 0],
							"post": [0, 0, 0],
							"lerp_mode": "catmullrom"
						},
						"2.7083": {
							"post": [0, 0, 0],
							"lerp_mode": "catmullrom"
						},
						"3.0": {
							"post": [0, 0, 0],
							"lerp_mode": "catmullrom"
						}
					}
				},
				"nose_right": {
					"rotation": {
						"0.0": [0, 0, 0],
						"0.125": [20, 0, 0],
						"0.2083": [-1.5, 0, 0],
						"0.5417": [0, 0, 0],
						"0.7083": [27.5, 0, 0],
						"0.9167": [-1.5, 0, 0],
						"2.25": {
							"pre": [7.5, 0, 0],
							"post": [7.5, 0, 0],
							"lerp_mode": "catmullrom"
						},
						"2.7083": {
							"post": [0, 0, 0],
							"lerp_mode": "catmullrom"
						},
						"3.0": {
							"post": [0, 0, 0],
							"lerp_mode": "catmullrom"
						}
					},
					"position": {
						"0.0": [0, 0, 0],
						"0.125": [-0.25, 0, 0],
						"0.2083": [0, 0, 0],
						"0.5417": [0, 0, 0],
						"0.7083": [-0.25, 0, 0],
						"0.9167": [0, 0, 0],
						"2.25": {
							"pre": [0, 0, 0],
							"post": [0, 0, 0],
							"lerp_mode": "catmullrom"
						},
						"2.7083": {
							"post": [0, 0, 0],
							"lerp_mode": "catmullrom"
						},
						"3.0": {
							"post": [0, 0, 0],
							"lerp_mode": "catmullrom"
						}
					}
				},
				"nose_lower_right": {
					"rotation": {
						"0.0": [0, 0, 0],
						"0.125": [20, 0, 0],
						"0.2083": [-1.5, 0, 0],
						"0.5417": [0, 0, 0],
						"0.7083": [27.5, 0, 0],
						"0.9167": [-1.5, 0, 0],
						"2.25": {
							"pre": [7.5, 0, 0],
							"post": [7.5, 0, 0],
							"lerp_mode": "catmullrom"
						},
						"2.7083": {
							"post": [0, 0, 0],
							"lerp_mode": "catmullrom"
						},
						"3.0": {
							"post": [0, 0, 0],
							"lerp_mode": "catmullrom"
						}
					},
					"position": {
						"0.0": [0, 0, 0],
						"0.125": [0, -0.25, 0],
						"0.2083": [0, 0, 0],
						"0.5417": [0, 0, 0],
						"0.7083": [0, -0.25, 0],
						"0.9167": [0, 0, 0],
						"2.25": {
							"pre": [0, 0, 0],
							"post": [0, 0, 0],
							"lerp_mode": "catmullrom"
						},
						"2.7083": {
							"post": [0, 0, 0],
							"lerp_mode": "catmullrom"
						},
						"3.0": {
							"post": [0, 0, 0],
							"lerp_mode": "catmullrom"
						}
					}
				}
			},
			"sound_effects": {
				"0.2083": {
					"effect": "pokemon.pokokari.cry"
				}
			}
		},
		"animation.pokokari.faint": {
			"animation_length": 3,
			"bones": {
				"body": {
					"position": {
						"0.0": [0, 0, 0],
						"1.1": [0, 0, 0]
					}
				},
				"torso": {
					"rotation": {
						"0.0": [0, 0, 0],
						"0.05": [-13, 0, 0],
						"0.15": [-15.73, 0, 0],
						"0.7": {
							"pre": [18.55, 0, 0],
							"post": [18.55, 0, 0],
							"lerp_mode": "catmullrom"
						},
						"1.45": {
							"post": [6.05, 0, 0],
							"lerp_mode": "catmullrom"
						},
						"1.9": {
							"post": [67.5, 0, 0],
							"lerp_mode": "catmullrom"
						}
					},
					"position": {
						"0.0": [0, "1-0.1*(math.sin(q.anim_time*90*4-90)*1+1)", 0],
						"1.45": [0, "1.25-0.1*(math.sin(q.anim_time*90*4-90)*1+1)", 0],
						"1.9": [0, 1.6, 0]
					}
				},
				"tail": {
					"rotation": {
						"0.0": [0, "4*math.sin(q.anim_time*90*2)", 0],
						"0.15": [12.5, "4*math.sin(q.anim_time*90*2)", 0],
						"1.45": [0, 0, 0],
						"1.85": {
							"pre": [15, 0, 0],
							"post": [15, 0, 0],
							"lerp_mode": "catmullrom"
						},
						"2.05": {
							"post": [-57.5, 0, 0],
							"lerp_mode": "catmullrom"
						},
						"2.2": {
							"post": [-55, 0, 0],
							"lerp_mode": "catmullrom"
						},
						"2.25": {
							"post": [-56, 0, 0],
							"lerp_mode": "catmullrom"
						},
						"2.3": {
							"post": [-55, 0, 0],
							"lerp_mode": "catmullrom"
						},
						"2.4": {
							"post": [-56, 0, 0],
							"lerp_mode": "catmullrom"
						},
						"2.55": {
							"post": [-55, 0, 0],
							"lerp_mode": "catmullrom"
						}
					},
					"position": [0, 0, 0]
				},
				"head": {
					"rotation": {
						"0.0": [0, 0, 0],
						"0.05": {
							"pre": [11, 0, 0],
							"post": [11, 0, 0],
							"lerp_mode": "catmullrom"
						},
						"0.15": {
							"post": [-27.08, 0, 0],
							"lerp_mode": "catmullrom"
						},
						"0.4": {
							"post": [-7, 0, 0],
							"lerp_mode": "catmullrom"
						},
						"0.7": {
							"post": [6.7, 0, 0],
							"lerp_mode": "catmullrom"
						},
						"1.45": {
							"post": [1.7, 0, 0],
							"lerp_mode": "catmullrom"
						},
						"1.8": {
							"post": [-33.3, 0, 0],
							"lerp_mode": "catmullrom"
						},
						"2.1": {
							"post": [21.7, 0, 0],
							"lerp_mode": "catmullrom"
						}
					},
					"position": {
						"0.0": [0, 0, 0],
						"0.15": [-0.2, -0.5, -0.05],
						"1.45": [-0.2, -0.5, -0.05],
						"1.8": [-0.2, -1, 0.95],
						"2.1": [-0.2, -0.5, -0.8]
					}
				},
				"nose_lower_left": {
					"rotation": {
						"0.0": [0, 0, 0],
						"0.15": {
							"pre": [12.5, 0, 0],
							"post": [12.5, 0, 0],
							"lerp_mode": "catmullrom"
						},
						"0.65": {
							"post": [0, 0, 0],
							"lerp_mode": "catmullrom"
						},
						"1.9": [0, 0, 0]
					}
				},
				"nose_left": {
					"rotation": {
						"0.0": [0, 0, 0],
						"0.15": {
							"pre": [12.5, 0, 0],
							"post": [12.5, 0, 0],
							"lerp_mode": "catmullrom"
						},
						"0.65": {
							"post": [0, 0, 0],
							"lerp_mode": "catmullrom"
						},
						"1.9": [0, 0, 0]
					}
				},
				"nose_upper": {
					"rotation": {
						"0.0": [0, 0, 0],
						"0.15": {
							"pre": [12.5, 0, 0],
							"post": [12.5, 0, 0],
							"lerp_mode": "catmullrom"
						},
						"0.65": {
							"post": [0, 0, 0],
							"lerp_mode": "catmullrom"
						},
						"1.9": [0, 0, 0]
					}
				},
				"nose_right": {
					"rotation": {
						"0.0": [0, 0, 0],
						"0.15": {
							"pre": [12.5, 0, 0],
							"post": [12.5, 0, 0],
							"lerp_mode": "catmullrom"
						},
						"0.65": {
							"post": [0, 0, 0],
							"lerp_mode": "catmullrom"
						},
						"1.9": [0, 0, 0]
					}
				},
				"nose_lower_right": {
					"rotation": {
						"0.0": [0, 0, 0],
						"0.15": {
							"pre": [12.5, 0, 0],
							"post": [12.5, 0, 0],
							"lerp_mode": "catmullrom"
						},
						"0.65": {
							"post": [0, 0, 0],
							"lerp_mode": "catmullrom"
						},
						"1.9": [0, 0, 0]
					}
				},
				"eye_left": {
					"position": {
						"0.0": [0, 0, 0],
						"0.05": {"pre": [0, 0, 0], "post": [0, 0, 0.1]},
						"0.15": {"pre": [0, 0, 0.1], "post": [0, 0, 0.1]},
						"0.2": {"pre": [0, 0, 0.1], "post": [0, 0, 0]},
						"1.2": {"pre": [0, 0, 0], "post": [0, 0, 0]},
						"1.25": {"pre": [0, 0, 0], "post": [0, 0, 0.1]},
						"1.5": {"pre": [0, 0, 0.1], "post": [0, 0, 0.1]},
						"1.55": {"pre": [0, 0, 0.1], "post": [0, 0, 0]},
						"2.0": {"pre": [0, 0, 0], "post": [0, 0, 0.1]}
					}
				},
				"eyelid_right": {
					"position": {
						"0.0": [0, 0, 0],
						"0.05": {"pre": [0, 0, 0], "post": [0, 0.25, -0.25]},
						"0.15": {"pre": [0, 0.25, -0.25], "post": [0, 0.25, -0.25]},
						"0.2": {"pre": [0, 0.25, -0.25], "post": [0, 0, 0]},
						"1.2": {"pre": [0, 0, 0], "post": [0, 0, 0]},
						"1.25": {"pre": [0, 0, 0], "post": [0, 0.25, -0.25]},
						"1.5": {"pre": [0, 0.25, -0.25], "post": [0, 0.25, -0.25]},
						"1.55": {"pre": [0, 0.25, -0.25], "post": [0, 0, 0]},
						"2.0": {"pre": [0, 0, 0], "post": [0, 0.25, -0.25]}
					}
				},
				"eyelid_left": {
					"position": {
						"0.0": [0, 0, 0],
						"0.05": {"pre": [0, 0, 0], "post": [0, 0.25, -0.25]},
						"0.15": {"pre": [0, 0.25, -0.25], "post": [0, 0.25, -0.25]},
						"0.2": {"pre": [0, 0.25, -0.25], "post": [0, 0, 0]},
						"1.2": {"pre": [0, 0, 0], "post": [0, 0, 0]},
						"1.25": {"pre": [0, 0, 0], "post": [0, 0.25, -0.25]},
						"1.5": {"pre": [0, 0.25, -0.25], "post": [0, 0.25, -0.25]},
						"1.55": {"pre": [0, 0.25, -0.25], "post": [0, 0, 0]},
						"2.0": {"pre": [0, 0, 0], "post": [0, 0.25, -0.25]}
					}
				},
				"eye_right": {
					"position": {
						"0.0": [0, 0, 0],
						"0.05": {"pre": [0, 0, 0], "post": [0, 0, 0.1]},
						"0.15": {"pre": [0, 0, 0.1], "post": [0, 0, 0.1]},
						"0.2": {"pre": [0, 0, 0.1], "post": [0, 0, 0]},
						"1.2": {"pre": [0, 0, 0], "post": [0, 0, 0]},
						"1.25": {"pre": [0, 0, 0], "post": [0, 0, 0.1]},
						"1.5": {"pre": [0, 0, 0.1], "post": [0, 0, 0.1]},
						"1.55": {"pre": [0, 0, 0.1], "post": [0, 0, 0]},
						"2.0": {"pre": [0, 0, 0], "post": [0, 0, 0.1]}
					}
				},
				"hand_right": {
					"rotation": {
						"0.0": [0, 0, 0],
						"0.15": {
							"pre": [-25, 20, 0],
							"post": [-25, 20, 0],
							"lerp_mode": "catmullrom"
						},
						"0.65": {
							"post": [0, -6.21, 0],
							"lerp_mode": "catmullrom"
						},
						"1.45": {
							"post": [0, -13.71, 0],
							"lerp_mode": "catmullrom"
						},
						"1.7": {
							"post": [0, -13.71, 0],
							"lerp_mode": "catmullrom"
						},
						"1.9": {
							"post": [-8.85338, 64.7396, -1.5276],
							"lerp_mode": "catmullrom"
						},
						"2.1": {
							"post": [4.15307, 49.8564, 2.0147],
							"lerp_mode": "catmullrom"
						}
					}
				},
				"claw_inner_right": {
					"rotation": {
						"0.0": ["22.5+2*(math.sin(q.anim_time*90*4+60)*0.75)", 0, 0],
						"1.1": ["22.5+2*(math.sin(q.anim_time*90*4+60)*0.75)", 0, 0],
						"1.9": [22.5, 0, 0]
					}
				},
				"claw_inner_right2": {
					"rotation": {
						"0.0": ["22.5+2*(math.sin(q.anim_time*90*4+80)*0.75)", 0, 0],
						"1.1": ["22.5+2*(math.sin(q.anim_time*90*4+80)*0.75)", 0, 0],
						"1.9": [22.5, 0, 0]
					}
				},
				"claw_outer_right": {
					"rotation": {
						"0.0": ["22.5+2*(math.sin(q.anim_time*90*4+60)*0.75)", 0, 0],
						"1.1": ["22.5+2*(math.sin(q.anim_time*90*4+60)*0.75)", 0, 0],
						"1.9": [22.5, 0, 0]
					}
				},
				"claw_outer_right2": {
					"rotation": {
						"0.0": ["22.5+2*(math.sin(q.anim_time*90*4+80)*0.75)", 0, 0],
						"1.1": ["22.5+2*(math.sin(q.anim_time*90*4+80)*0.75)", 0, 0],
						"1.9": [22.5, 0, 0]
					}
				},
				"hand_left": {
					"rotation": {
						"0.0": [0, 0, 0],
						"0.15": {
							"pre": [-25, -20, 0],
							"post": [-25, -20, 0],
							"lerp_mode": "catmullrom"
						},
						"0.65": {
							"post": [0, 6.21, 0],
							"lerp_mode": "catmullrom"
						},
						"1.45": {
							"post": [0, 13.71, 0],
							"lerp_mode": "catmullrom"
						},
						"1.7": {
							"post": [0, -13.71, 0],
							"lerp_mode": "catmullrom"
						},
						"1.9": {
							"post": [-8.85338, -64.73958, 1.52761],
							"lerp_mode": "catmullrom"
						},
						"2.1": {
							"post": [4.15307, -49.8564, -2.0147],
							"lerp_mode": "catmullrom"
						}
					}
				},
				"claw_outer_left": {
					"rotation": {
						"0.0": ["22.5+2*(math.sin(q.anim_time*90*4+60)*0.75)", 0, 0],
						"1.1": ["22.5+2*(math.sin(q.anim_time*90*4+60)*0.75)", 0, 0],
						"1.9": [22.5, 0, 0]
					}
				},
				"claw_outer_left2": {
					"rotation": {
						"0.0": ["22.5+2*(math.sin(q.anim_time*90*4+80)*0.75)", 0, 0],
						"1.1": ["22.5+2*(math.sin(q.anim_time*90*4+80)*0.75)", 0, 0],
						"1.9": [22.5, 0, 0]
					}
				},
				"claw_inner_left": {
					"rotation": {
						"0.0": ["22.5+2*(math.sin(q.anim_time*90*4+60)*0.75)", 0, 0],
						"1.1": ["22.5+2*(math.sin(q.anim_time*90*4+60)*0.75)", 0, 0],
						"1.9": [22.5, 0, 0]
					}
				},
				"claw_inner_left2": {
					"rotation": {
						"0.0": ["22.5+2*(math.sin(q.anim_time*90*4+80)*0.75)", 0, 0],
						"1.1": ["22.5+2*(math.sin(q.anim_time*90*4+80)*0.75)", 0, 0],
						"1.9": [22.5, 0, 0]
					}
				},
				"leg_left": {
					"rotation": {
						"0.0": [90, 0, 0],
						"1.45": [90, 0, 0],
						"1.9": [127.39694, -14.9953, -58.7827]
					},
					"position": {
						"0.0": [0, 1.92, -1],
						"1.45": [0, 1.92, -1],
						"1.9": [0, 1.42, -1]
					}
				},
				"leg_left2": {
					"rotation": {
						"0.0": [-62.5, 0, 0],
						"1.45": [-62.5, 0, 0],
						"1.9": [-70, 0, 0]
					}
				},
				"leg_left3": {
					"rotation": {
						"0.0": [-27.5, 0, 0],
						"1.45": [-27.5, 0, 0]
					}
				},
				"leg_right": {
					"rotation": {
						"0.0": [90, 0, 0],
						"1.45": [90, 0, 0],
						"1.9": [127.39694, 14.99529, 58.78268]
					},
					"position": {
						"0.0": [0, 1.92, -1],
						"1.45": [0, 1.92, -1],
						"1.9": [0, 1.42, -1]
					}
				},
				"leg_right2": {
					"rotation": {
						"0.0": [-62.5, 0, 0],
						"1.45": [-62.5, 0, 0],
						"1.9": [-70, 0, 0]
					}
				},
				"leg_right3": {
					"rotation": {
						"0.0": [-27.5, 0, 0],
						"1.45": [-27.5, 0, 0]
					}
				}
			}
		}
	}
}