{
	"format_version": "1.8.0",
	"animations": {
		"animation.inostrasidian.ground_idle": {
			"loop": true,
			"animation_length": 4,
			"bones": {
				"waist": {
					"rotation": {
						"0.0": [0, 0, 0],
						"1.0": [2.5, 0, 0],
						"2.0": [0, 0, 0],
						"3.0": [2.5, 0, 0],
						"4.0": [0, 0, 0]
					}
				},
				"tail1": {
					"rotation": {
						"0.0": [0, 0, 0],
						"1.0": [0, 5, 0],
						"2.0": [0, 0, 0],
						"3.0": [0, -5, 0],
						"4.0": [0, 0, 0]
					}
				},
				"tail2": {
					"rotation": {
						"0.0": [0, 0, 0],
						"1.0": [0, 5, 0],
						"2.0": [0, 0, 0],
						"3.0": [0, -5, 0],
						"4.0": [0, 0, 0]
					},
					"position": {
						"0.0": [0, 0, 0],
						"1.0": [0, 0, -0.1],
						"2.0": [0, 0, 0],
						"3.0": [0, 0, -0.1],
						"4.0": [0, 0, -0.1]
					}
				},
				"tail3": {
					"rotation": {
						"0.0": [0, 0, 0],
						"1.0": [0, 5, 0],
						"2.0": [0, 0, 0],
						"3.0": [0, -5, 0],
						"4.0": [0, 0, 0]
					},
					"position": {
						"0.0": [0, 0, 0],
						"1.0": [0, 0, -0.1],
						"2.0": [0, 0, 0],
						"3.0": [0, 0, -0.1],
						"4.0": [0, 0, 0]
					}
				},
				"neck": {
					"rotation": {
						"0.0": [0, 0, 0],
						"1.0": [-2.5, 0, 0],
						"2.0": [0, 0, 0],
						"3.0": [-2.5, 0, 0],
						"4.0": [0, 0, 0]
					}
				},
				"head": {
					"rotation": {
						"0.0": [0, 0, 0],
						"1.0": [-2.5, 0, 0],
						"2.0": [0, 0, 0],
						"3.0": [-2.5, 0, 0],
						"4.0": [0, 0, 0]
					}
				}
			}
		},
		"animation.inostrasidian.ground_walk": {
			"loop": true,
			"animation_length": 1,
			"bones": {
				"waist": {
					"rotation": {
						"0.0": [0, 0, 0],
						"0.25": [-2.5, 0, 0],
						"0.5": [0, 0, 0],
						"0.75": [-2.5, 0, 0],
						"1.0": [0, 0, 0]
					}
				},
				"tail1": {
					"rotation": {
						"0.0": [0, 0, 0],
						"0.25": [0, 5, 0],
						"0.5": [0, 0, 0],
						"0.75": [0, -5, 0],
						"1.0": [0, 0, 0]
					}
				},
				"tail2": {
					"rotation": {
						"0.0": [0, 0, 0],
						"0.25": [0, 5, 0],
						"0.5": [0, 0, 0],
						"0.75": [0, -5, 0],
						"1.0": [0, 0, 0]
					},
					"position": {
						"0.0": [0, 0, 0],
						"0.25": [0, 0, -0.1],
						"0.5": [0, 0, 0],
						"0.75": [0, 0, -0.1],
						"1.0": [0, 0, 0]
					}
				},
				"tail3": {
					"rotation": {
						"0.0": [0, 0, 0],
						"0.25": [0, 5, 0],
						"0.5": [0, 0, 0],
						"0.75": [0, -5, 0],
						"1.0": [0, 0, 0]
					},
					"position": {
						"0.0": [0, 0, 0],
						"0.25": [0, 0, -0.1],
						"0.5": [0, 0, 0],
						"0.75": [0, 0, -0.1],
						"1.0": [0, 0, 0]
					}
				},
				"neck": {
					"rotation": {
						"0.0": [0, 0, 0],
						"0.25": [-5, 0, 0],
						"0.5": [0, 0, 0],
						"0.75": [-5, 0, 0],
						"1.0": [0, 0, 0]
					}
				},
				"head": {
					"rotation": {
						"0.0": [0, 0, 0],
						"0.25": [7.5, 0, 0],
						"0.5": [0, 0, 0],
						"0.75": [7.5, 0, 0],
						"1.0": [0, 0, 0]
					}
				},
				"leg_front_left1": {
					"rotation": {
						"0.0": [10, 0, 0],
						"0.25": [37.5, 0, 0],
						"0.5": [-15, 0, 0],
						"1.0": [10, 0, 0]
					},
					"position": {
						"0.0": [0, 0, 0],
						"0.25": [0, 1, 0],
						"0.5": [0, 0, 0],
						"1.0": [0, 0, 0]
					}
				},
				"leg_front_left2": {
					"rotation": {
						"0.0": [-10, 0, 0],
						"0.25": [-40, 0, 0],
						"0.5": [15, 0, 0],
						"1.0": [-10, 0, 0]
					},
					"position": {
						"0.0": [0, 0, -1],
						"0.25": [0, 1, -2.5],
						"0.5": [0, 0, 0],
						"1.0": [0, 0, -1]
					}
				},
				"leg_front_right1": {
					"rotation": {
						"0.0": [-15, 0, 0],
						"0.25": [10, 0, 0],
						"0.5": [22.5, 0, 0],
						"1.0": [-15, 0, 0]
					},
					"position": {
						"0.0": [0, 0, 0],
						"0.25": [0, 0, 0],
						"0.5": [0, 1, 0],
						"1.0": [0, 0, 0]
					}
				},
				"leg_front_right2": {
					"rotation": {
						"0.0": [15, 0, 0],
						"0.25": [-10, 0, 0],
						"0.5": [-22.5, 0, 0],
						"1.0": [15, 0, 0]
					},
					"position": {
						"0.0": [0, 0, 0],
						"0.25": [0, 0, -1],
						"0.5": [0, 1, -1.5],
						"1.0": [0, 0, 0]
					}
				},
				"leg_back_left1": {
					"rotation": {
						"0.0": [-15, 0, 0],
						"0.25": [10, 0, 0],
						"0.5": [-10, 0, 0],
						"1.0": [-15, 0, 0]
					},
					"position": {
						"0.0": [0, 0, 0],
						"0.25": [0, 0, 0],
						"0.5": [0, 1, 0],
						"1.0": [0, 0, 0]
					}
				},
				"leg_back_left2": {
					"rotation": {
						"0.0": [15, 0, 0],
						"0.25": [-10, 0, 0],
						"0.5": [12.5, 0, 0],
						"1.0": [15, 0, 0]
					}
				},
				"leg_back_right1": {
					"rotation": {
						"0.0": [10, 0, 0],
						"0.25": [-22.5, 0, 0],
						"0.5": [-15, 0, 0],
						"1.0": [10, 0, 0]
					},
					"position": {
						"0.0": [0, 0, 0],
						"0.25": [0, 1, 0],
						"0.5": [0, 0, 0]
					}
				},
				"leg_back_right2": {
					"rotation": {
						"0.0": [-10, 0, 0],
						"0.25": [22.5, 0, 0],
						"0.5": [15, 0, 0],
						"1.0": [-10, 0, 0]
					},
					"position": {
						"0.0": [0, 0, 0],
						"0.25": [0, 1, 1],
						"0.5": [0, 0, 0]
					}
				}
			}
		},
		"animation.inostrasidian.battle_idle": {
			"loop": true,
			"animation_length": 4,
			"bones": {
				"waist": {
					"rotation": [5, 0, 0]
				},
				"tail1": {
					"rotation": {
						"0.0": [0, 0, 0],
						"1.0": [0, 10, 0],
						"2.0": [0, 0, 0],
						"3.0": [0, -10, 0],
						"4.0": [0, 0, 0]
					}
				},
				"tail2": {
					"rotation": {
						"0.0": [0, 0, 0],
						"1.0": [0, 5, 0],
						"2.0": [0, 0, 0],
						"3.0": [0, -5, 0],
						"4.0": [0, 0, 0]
					},
					"position": {
						"0.0": [0, 0, 0],
						"1.0": [0, 0, -0.1],
						"2.0": [0, 0, 0],
						"3.0": [0, 0, -0.1],
						"4.0": [0, 0, -0.1]
					}
				},
				"tail3": {
					"rotation": {
						"0.0": [0, 0, 0],
						"1.0": [0, 5, 0],
						"2.0": [0, 0, 0],
						"3.0": [0, -5, 0],
						"4.0": [0, 0, 0]
					},
					"position": {
						"0.0": [0, 0, 0],
						"1.0": [0, 0, -0.1],
						"2.0": [0, 0, 0],
						"3.0": [0, 0, -0.1],
						"4.0": [0, 0, 0]
					}
				},
				"neck": {
					"rotation": [-7.5, 0, 0]
				},
				"head": {
					"rotation": {
						"0.0": [0, 0, 0],
						"1.0": [4.98107, -0.43523, 4.98107],
						"2.0": [0, 0, 0],
						"3.0": [4.98107, 0.43523, -4.98107],
						"4.0": [0, 0, 0]
					}
				},
				"jaw": {
					"rotation": {
						"0.0": [0, 0, 0],
						"1.0": [22.5, 0, 0],
						"2.0": [0, 0, 0],
						"3.0": [22.5, 0, 0],
						"4.0": [0, 0, 0]
					},
					"position": {
						"0.0": [0, 0, 0],
						"1.0": [0, -1, 0],
						"2.0": [0, 0, 0],
						"3.0": [0, -1, 0],
						"4.0": [0, 0, 0]
					}
				}
			}
		},
		"animation.inostrasidian.sleep": {
			"loop": true,
			"animation_length": 4,
			"bones": {
				"waist": {
					"position": [0, -2, 0]
				},
				"tail1": {
					"rotation": {
						"0.0": [0, 0, 0],
						"1.0": [0, 5, 0],
						"2.0": [0, 0, 0],
						"3.0": [0, -5, 0],
						"4.0": [0, 0, 0]
					}
				},
				"tail2": {
					"rotation": {
						"0.0": [0, 0, 0],
						"1.0": [0, 5, 0],
						"2.0": [0, 0, 0],
						"3.0": [0, -5, 0],
						"4.0": [0, 0, 0]
					},
					"position": {
						"0.0": [0, 0, 0],
						"1.0": [0, 0, -0.1],
						"2.0": [0, 0, 0],
						"3.0": [0, 0, -0.1],
						"4.0": [0, 0, -0.1]
					}
				},
				"tail3": {
					"rotation": {
						"0.0": [0, 0, 0],
						"1.0": [0, 5, 0],
						"2.0": [0, 0, 0],
						"3.0": [0, -5, 0],
						"4.0": [0, 0, 0]
					},
					"position": {
						"0.0": [0, 0, 0],
						"1.0": [0, 0, -0.1],
						"2.0": [0, 0, 0],
						"3.0": [0, 0, -0.1],
						"4.0": [0, 0, 0]
					}
				},
				"neck": {
					"rotation": [12.5, 0, 0]
				},
				"head": {
					"rotation": {
						"0.0": [0, 0, 0],
						"1.0": [-7.5, 0, 0],
						"2.0": [0, 0, 0],
						"3.0": [-7.5, 0, 0],
						"4.0": [0, 0, 0]
					}
				},
				"eyelid_right": {
					"position": [-0.1, 0, 0]
				},
				"eyelid_left": {
					"position": [0.1, 0, 0]
				},
				"jaw": {
					"rotation": {
						"0.0": [0, 0, 0],
						"1.0": [10, 0, 0],
						"2.0": [0, 0, 0],
						"3.0": [10, 0, 0],
						"4.0": [0, 0, 0]
					},
					"position": {
						"0.0": [0, 0, 0],
						"1.0": [0, -1, 1],
						"2.0": [0, 0, 0],
						"3.0": [0, -1, 1],
						"4.0": [0, 0, 0]
					}
				},
				"leg_front_left1": {
					"rotation": [0, -10, 0],
					"position": [0, -2, 0]
				},
				"leg_front_left2": {
					"rotation": [-90, 0, 0],
					"position": [0, 0, -2]
				},
				"leg_front_right1": {
					"rotation": [0, 10, 0],
					"position": [0, -2, 0]
				},
				"leg_front_right2": {
					"rotation": [-90, 0, 0],
					"position": [0, 0, -1]
				},
				"leg_back_left1": {
					"rotation": [0, -12.5, 0],
					"position": [0, -2, 0]
				},
				"leg_back_left2": {
					"rotation": [-90, 0, 0],
					"position": [0, 0, -2]
				},
				"leg_back_right1": {
					"position": [0, -2, 0]
				},
				"leg_back_right2": {
					"rotation": [-90, 0, 0],
					"position": [0, 0, -2]
				}
			}
		},
		"animation.inostrasidian.blink": {
			"animation_length": 4,
			"bones": {
				"eyelid_right": {
					"position": {
						"0.0": [-0.1, 0, 0],
						"0.125": [-0.1, 0, 0],
						"0.1667": [0, 0, 0]
					}
				},
				"eyelid_left": {
					"position": {
						"0.0": [0.1, 0, 0],
						"0.125": [0.1, 0, 0],
						"0.1667": [0, 0, 0]
					}
				}
			}
		}
	}
}