{
	"format_version": "1.8.0",
	"animations": {
		"animation.pikachu_ow.ground_idle": {
			"loop": true,
			"bones": {
				"torso": {
					"rotation": [0, "math.sin(q.anim_time*90)*2", 0],
					"position": [0, "0.1*(math.sin(q.anim_time*90*3-30)*1+1)", 0]
				},
				"tail": {
					"rotation": ["math.sin(query.anim_time*90)*6", "math.sin(query.anim_time*90)*4", 0]
				},
				"head": {
					"rotation": ["math.sin(query.anim_time*90*2)*2", "math.sin(query.anim_time*90)*4", 0]
				},
				"ear_right": {
					"rotation": [0, 0, "math.sin(q.anim_time*90*2+90)*4"]
				},
				"ear_left": {
					"rotation": [0, 0, "-math.sin(q.anim_time*90*2+90)*4"]
				},
				"arm_right": {
					"rotation": [0, -25, -40],
					"position": [0.4, -0.9, 0]
				},
				"arm_left": {
					"rotation": [0, 25, 40],
					"position": [-0.4, -0.9, 0]
				},
				"leg_left": {
					"rotation": [0, -5, 0]
				},
				"leg_right": {
					"rotation": [0, 5, 0]
				},
				"foot_left": {
					"rotation": [0, -5, 0]
				},
				"foot_right": {
					"rotation": [0, 5, 0]
				},
				"trail": {
					"position": [0, 0, -5],
					"scale": [1, -0.1, -0.1]
				},
				"pikachu2": {
					"position": [0, 0, 1],
					"scale": [0.2, -1.3, 1]
				},
				"pikachu3": {
					"position": [0, 0, 1],
					"scale": [0.2, -1.3, 1]
				}
			}
		},
		"animation.pikachu.render": {
			"loop": true,
			"bones": {
				"body": {
					"rotation": [30, 0, 0],
					"position": [0, 3, 0]
				},
				"head": {
					"rotation": [-35, 0, 0],
					"position": [0, -0.43, -0.25]
				},
				"ear_left": {
					"rotation": [-25, 0, 15]
				},
				"ear_right": {
					"rotation": [0, 30, -5]
				},
				"arm_right": {
					"rotation": [-45, -50, 40],
					"position": [0, -0.43, -0.25]
				},
				"arm_left": {
					"rotation": [-45, 50, -40],
					"position": [0, -0.43, -0.25]
				},
				"tail": {
					"rotation": [-25, 40, 0]
				},
				"leg_right": {
					"rotation": [0, 0, 10],
					"position": [0, -1.36, 0.36]
				},
				"foot_right": {
					"rotation": [27.5, 3, -7],
					"position": [0, -0.25, 0]
				},
				"leg_left": {
					"rotation": [0, 0, -10],
					"position": [0, -1.36, 0.36]
				},
				"foot_left": {
					"rotation": [25, -1.85, 6.85],
					"position": [0, -0.25, 0]
				},
				"mouth_closed": {
					"position": [0, 0, 0.1]
				},
				"mouth_open": {
					"rotation": [-25, 0, 180],
					"position": [0, -0.9, 0]
				}
			}
		},
		"animation.pikachu_ow.ground_walk": {
			"loop": true,
			"bones": {
				"body": {
					"rotation": ["89+6*(math.sin(q.anim_time*90*4*2-140))", 0, 0],
					"position": [0, "-0.5+math.clamp(1*(math.sin(q.anim_time*90*4*2-60)*1.25),0,2)", "-math.clamp(math.sin(q.anim_time*90*4*2-110)*1.25,0,2)"]
				},
				"tail": {
					"rotation": ["-80+12*(math.sin(q.anim_time*90*4*2-240)*1+1)", "10*(math.sin(q.anim_time*90*2*2-140))", 0]
				},
				"head": {
					"rotation": ["-90+3*(math.sin(q.anim_time*90*4*2-200)*1+1)", 0, 0],
					"position": [0, 2.5, -1]
				},
				"ear_left": {
					"rotation": ["-25+16*(math.sin(q.anim_time*90*4*2-240))", 0, "-10*(math.sin(q.anim_time*90*4*2-200))"]
				},
				"ear_right": {
					"rotation": ["-25+16*(math.sin(q.anim_time*90*4*2-240))", 0, "10*(math.sin(q.anim_time*90*4*2-200))"]
				},
				"arm_right": {
					"rotation": [
						-358.7,
						"-76.5+1.8*(math.clamp(math.sin(-q.anim_time*90*4)*40,-50,5)+math.clamp(math.sin(q.anim_time*90*4)*40,-50,5)+math.clamp(math.sin(-q.anim_time*90*8)*25,-15,50))",
						"266.25+5*(-math.sin(q.anim_time*90*4))"
					],
					"position": [0.5, "1-math.clamp(0.5*(math.sin(q.anim_time*90*4*2-30)*1),-1,0)", 0.015]
				},
				"arm_left": {
					"rotation": [
						-1.3,
						"76.5-1.8*(math.clamp(math.sin(-q.anim_time*90*4)*40,-50,5)+math.clamp(math.sin(q.anim_time*90*4)*40,-50,5)+math.clamp(math.sin(-q.anim_time*90*8)*25,-15,50))",
						"93.75-5*(-math.sin(q.anim_time*90*4))"
					],
					"position": [-0.5, "1-math.clamp(0.5*(math.sin(q.anim_time*90*4*2-30)*1),-1,0)", 0.015]
				},
				"leg_right": {
					"rotation": ["-70+math.clamp(math.sin(q.anim_time*90*8-80)*40,-17.5,50)-math.clamp(math.sin(-q.anim_time*90*8)*3,0,8)", 0, 0],
					"position": [
						0,
						"-math.clamp(math.sin(q.anim_time*90*4*2-80)*1,0,2)-math.clamp(math.sin(-q.anim_time*90*4*2)*0.5,0,2)",
						"-1+math.clamp(math.sin(q.anim_time*90*4*2-110)*1,0,2)"
					]
				},
				"foot_right": {
					"rotation": ["35+math.clamp(math.sin(q.anim_time*90*8-80)*20,-17.5,50)-math.clamp(math.sin(-q.anim_time*90*8)*3,0,8)", 0, 0],
					"position": [0, -0.175, 0.45]
				},
				"toes_right": {
					"rotation": ["math.clamp(math.sin(q.anim_time*90*8-20)*-40,-50,0)", 0, 0]
				},
				"leg_left": {
					"rotation": ["-70+math.clamp(math.sin(q.anim_time*90*8-80)*40,-17.5,50)-math.clamp(math.sin(-q.anim_time*90*8)*3,0,8)", 0, 0],
					"position": [
						0,
						"-math.clamp(math.sin(q.anim_time*90*4*2-80)*1,0,2)-math.clamp(math.sin(-q.anim_time*90*4*2)*0.5,0,2)",
						"-1+math.clamp(math.sin(q.anim_time*90*4*2-110)*1,0,2)"
					]
				},
				"foot_left": {
					"rotation": ["35+math.clamp(math.sin(q.anim_time*90*8-80)*20,-17.5,50)-math.clamp(math.sin(-q.anim_time*90*8)*3,0,8)", 0, 0],
					"position": [0, -0.175, 0.45]
				},
				"toes_left": {
					"rotation": ["math.clamp(math.sin(q.anim_time*90*8-20)*-40,-50,0)", 0, 0]
				},
				"body2": {
					"rotation": ["89+6*(math.sin(q.anim_time*90*4*2-140))", 0, 0],
					"position": [0, "-0.5+math.clamp(1*(math.sin(q.anim_time*90*4*2-60)*1.25),0,2)", "-math.clamp(math.sin(q.anim_time*90*4*2-110)*1.25,0,2)"]
				},
				"head2": {
					"rotation": ["-90+3*(math.sin(q.anim_time*90*4*2-200)*1+1)", 0, 0],
					"position": [0, 2.5, -1]
				},
				"ear_left2": {
					"rotation": ["-25+16*(math.sin(q.anim_time*90*4*2-240))", 0, "-10*(math.sin(q.anim_time*90*4*2-200))"]
				},
				"ear_right2": {
					"rotation": ["-25+16*(math.sin(q.anim_time*90*4*2-240))", 0, "10*(math.sin(q.anim_time*90*4*2-200))"]
				},
				"arm_right2": {
					"rotation": [
						-358.7,
						"-76.5+1.8*(math.clamp(math.sin(-q.anim_time*90*4)*40,-50,5)+math.clamp(math.sin(q.anim_time*90*4)*40,-50,5)+math.clamp(math.sin(-q.anim_time*90*8)*25,-15,50))",
						"266.25+5*(-math.sin(q.anim_time*90*4))"
					],
					"position": [0.5, "1-math.clamp(0.5*(math.sin(q.anim_time*90*4*2-30)*1),-1,0)", 0.015]
				},
				"arm_left2": {
					"rotation": [
						-1.3,
						"76.5-1.8*(math.clamp(math.sin(-q.anim_time*90*4)*40,-50,5)+math.clamp(math.sin(q.anim_time*90*4)*40,-50,5)+math.clamp(math.sin(-q.anim_time*90*8)*25,-15,50))",
						"93.75-5*(-math.sin(q.anim_time*90*4))"
					],
					"position": [-0.5, "1-math.clamp(0.5*(math.sin(q.anim_time*90*4*2-30)*1),-1,0)", 0.015]
				},
				"tail2": {
					"rotation": ["-80+12*(math.sin(q.anim_time*90*4*2-240)*1+1)", "10*(math.sin(q.anim_time*90*2*2-140))", 0]
				},
				"leg_right2": {
					"rotation": ["-70+math.clamp(math.sin(q.anim_time*90*8-80)*40,-17.5,50)-math.clamp(math.sin(-q.anim_time*90*8)*3,0,8)", 0, 0],
					"position": [
						0,
						"-math.clamp(math.sin(q.anim_time*90*4*2-80)*1,0,2)-math.clamp(math.sin(-q.anim_time*90*4*2)*0.5,0,2)",
						"-1+math.clamp(math.sin(q.anim_time*90*4*2-110)*1,0,2)"
					]
				},
				"foot_right2": {
					"rotation": ["35+math.clamp(math.sin(q.anim_time*90*8-80)*20,-17.5,50)-math.clamp(math.sin(-q.anim_time*90*8)*3,0,8)", 0, 0],
					"position": [0, -0.175, 0.45]
				},
				"toes_right2": {
					"rotation": ["math.clamp(math.sin(q.anim_time*90*8-20)*-40,-50,0)", 0, 0]
				},
				"leg_left2": {
					"rotation": ["-70+math.clamp(math.sin(q.anim_time*90*8-80)*40,-17.5,50)-math.clamp(math.sin(-q.anim_time*90*8)*3,0,8)", 0, 0],
					"position": [
						0,
						"-math.clamp(math.sin(q.anim_time*90*4*2-80)*1,0,2)-math.clamp(math.sin(-q.anim_time*90*4*2)*0.5,0,2)",
						"-1+math.clamp(math.sin(q.anim_time*90*4*2-110)*1,0,2)"
					]
				},
				"foot_left2": {
					"rotation": ["35+math.clamp(math.sin(q.anim_time*90*8-80)*20,-17.5,50)-math.clamp(math.sin(-q.anim_time*90*8)*3,0,8)", 0, 0],
					"position": [0, -0.175, 0.45]
				},
				"toes_left2": {
					"rotation": ["math.clamp(math.sin(q.anim_time*90*8-20)*-40,-50,0)", 0, 0]
				},
				"body3": {
					"rotation": ["89+6*(math.sin(q.anim_time*90*4*2-140))", 0, 0],
					"position": [0, "-0.5+math.clamp(1*(math.sin(q.anim_time*90*4*2-60)*1.25),0,2)", "-math.clamp(math.sin(q.anim_time*90*4*2-110)*1.25,0,2)"]
				},
				"head3": {
					"rotation": ["-90+3*(math.sin(q.anim_time*90*4*2-200)*1+1)", 0, 0],
					"position": [0, 2.5, -1]
				},
				"ear_left3": {
					"rotation": ["-25+16*(math.sin(q.anim_time*90*4*2-240))", 0, "-10*(math.sin(q.anim_time*90*4*2-200))"]
				},
				"ear_right3": {
					"rotation": ["-25+16*(math.sin(q.anim_time*90*4*2-240))", 0, "10*(math.sin(q.anim_time*90*4*2-200))"]
				},
				"arm_right3": {
					"rotation": [
						-358.7,
						"-76.5+1.8*(math.clamp(math.sin(-q.anim_time*90*4)*40,-50,5)+math.clamp(math.sin(q.anim_time*90*4)*40,-50,5)+math.clamp(math.sin(-q.anim_time*90*8)*25,-15,50))",
						"266.25+5*(-math.sin(q.anim_time*90*4))"
					],
					"position": [0.5, "1-math.clamp(0.5*(math.sin(q.anim_time*90*4*2-30)*1),-1,0)", 0.015]
				},
				"arm_left3": {
					"rotation": [
						-1.3,
						"76.5-1.8*(math.clamp(math.sin(-q.anim_time*90*4)*40,-50,5)+math.clamp(math.sin(q.anim_time*90*4)*40,-50,5)+math.clamp(math.sin(-q.anim_time*90*8)*25,-15,50))",
						"93.75-5*(-math.sin(q.anim_time*90*4))"
					],
					"position": [-0.5, "1-math.clamp(0.5*(math.sin(q.anim_time*90*4*2-30)*1),-1,0)", 0.015]
				},
				"tail3": {
					"rotation": ["-80+12*(math.sin(q.anim_time*90*4*2-240)*1+1)", "10*(math.sin(q.anim_time*90*2*2-140))", 0]
				},
				"leg_right3": {
					"rotation": ["-70+math.clamp(math.sin(q.anim_time*90*8-80)*40,-17.5,50)-math.clamp(math.sin(-q.anim_time*90*8)*3,0,8)", 0, 0],
					"position": [
						0,
						"-math.clamp(math.sin(q.anim_time*90*4*2-80)*1,0,2)-math.clamp(math.sin(-q.anim_time*90*4*2)*0.5,0,2)",
						"-1+math.clamp(math.sin(q.anim_time*90*4*2-110)*1,0,2)"
					]
				},
				"foot_right3": {
					"rotation": ["35+math.clamp(math.sin(q.anim_time*90*8-80)*20,-17.5,50)-math.clamp(math.sin(-q.anim_time*90*8)*3,0,8)", 0, 0],
					"position": [0, -0.175, 0.45]
				},
				"toes_right3": {
					"rotation": ["math.clamp(math.sin(q.anim_time*90*8-20)*-40,-50,0)", 0, 0]
				},
				"leg_left3": {
					"rotation": ["-70+math.clamp(math.sin(q.anim_time*90*8-80)*40,-17.5,50)-math.clamp(math.sin(-q.anim_time*90*8)*3,0,8)", 0, 0],
					"position": [
						0,
						"-math.clamp(math.sin(q.anim_time*90*4*2-80)*1,0,2)-math.clamp(math.sin(-q.anim_time*90*4*2)*0.5,0,2)",
						"-1+math.clamp(math.sin(q.anim_time*90*4*2-110)*1,0,2)"
					]
				},
				"foot_left3": {
					"rotation": ["35+math.clamp(math.sin(q.anim_time*90*8-80)*20,-17.5,50)-math.clamp(math.sin(-q.anim_time*90*8)*3,0,8)", 0, 0],
					"position": [0, -0.175, 0.45]
				},
				"toes_left3": {
					"rotation": ["math.clamp(math.sin(q.anim_time*90*8-20)*-40,-50,0)", 0, 0]
				}
			}
		},
		"animation.pikachu_ow.blink2": {
			"animation_length": 2,
			"bones": {
				"arm_right": {
					"rotation": {
						"0.0": [0, 0, 0],
						"0.25": [-22.5, -45, -20],
						"1.75": [-22.5, -45, -20],
						"2.0": [0, 0, 0]
					},
					"position": {
						"0.0": [0, 0, 0],
						"0.25": [-1.1, -0.7, 0],
						"1.75": [-1.1, -0.7, 0],
						"2.0": [0, 0, 0]
					}
				},
				"gun": {
					"rotation": {
						"0.0": [0, 0, 0],
						"0.25": [0, 0, 0],
						"1.75": ["-(q.anim_time*90*12)", 0, 0],
						"1.7917": [0, 0, 0],
						"2.0": [0, 0, 0]
					}
				},
				"arm_left": {
					"rotation": {
						"0.0": [0, 0, 0],
						"0.25": [-22.5, 45, 20],
						"1.75": [-22.5, 45, 20],
						"2.0": [0, 0, 0]
					},
					"position": {
						"0.0": [0, 0, 0],
						"0.25": [1.1, -0.7, 0],
						"1.75": [1.1, -0.7, 0],
						"2.0": [0, 0, 0]
					}
				},
				"gun2": {
					"rotation": {
						"0.0": [0, 0, 0],
						"0.25": [0, 0, 0],
						"1.75": ["-(q.anim_time*90*12)", 0, 0],
						"1.7917": [0, 0, 0],
						"2.0": [0, 0, 0]
					}
				}
			}
		},
		"animation.pikachu_ow.blink": {
			"animation_length": 0.1667,
			"bones": {
				"eyelid_left": {
					"position": {
						"0.0": [0, 0, -0.1],
						"0.125": [0, 0, -0.1],
						"0.1667": [0, 0, 0]
					}
				},
				"eyelid_right": {
					"position": {
						"0.0": [0, 0, -0.1],
						"0.125": [0, 0, -0.1],
						"0.1667": [0, 0, 0]
					}
				}
			}
		}
	}
}