{
	"format_version": "1.12.0",
	"minecraft:geometry": [
		{
			"description": {
				"identifier": "geometry.walug",
				"texture_width": 64,
				"texture_height": 64,
				"visible_bounds_width": 2,
				"visible_bounds_height": 2.5,
				"visible_bounds_offset": [0, 0.75, 0]
			},
			"bones": [
				{
					"name": "walug",
					"pivot": [0, 0, 0]
				},
				{
					"name": "head",
					"parent": "walug",
					"pivot": [0, 6, -3],
					"cubes": [
						{"origin": [-4, 6, -6], "size": [8, 6, 6], "uv": [0, 0]}
					]
				},
				{
					"name": "bone",
					"parent": "head",
					"pivot": [3.5, 10, -3],
					"cubes": [
						{"origin": [2, 10, -4.5], "size": [3, 5, 3], "uv": [36, 3]}
					]
				},
				{
					"name": "bone2",
					"parent": "head",
					"pivot": [-3.5, 10, -3],
					"cubes": [
						{"origin": [-5, 10, -4.5], "size": [3, 5, 3], "uv": [36, 3], "mirror": true}
					]
				},
				{
					"name": "bone3",
					"parent": "walug",
					"pivot": [0, 0, -1],
					"cubes": [
						{"origin": [-3, 0, -4], "size": [6, 6, 3], "uv": [0, 15]},
						{"origin": [-3, 0, -1], "size": [6, 4, 5], "uv": [22, 15]},
						{"origin": [-3, 0, 4], "size": [6, 3, 3], "uv": [45, 19]}
					]
				},
				{
					"name": "arm",
					"parent": "walug",
					"pivot": [3, 4, -2.5],
					"cubes": [
						{"origin": [2, 3, -3.5], "size": [5, 2, 2], "uv": [11, 32]}
					]
				},
				{
					"name": "arm2",
					"parent": "walug",
					"pivot": [-3, 4, -2.5],
					"cubes": [
						{"origin": [-7, 3, -3.5], "size": [5, 2, 2], "uv": [11, 32], "mirror": true}
					]
				}
			]
		}
	]
}