{
	"format_version": "1.12.0",
	"minecraft:geometry": [
		{
			"description": {
				"identifier": "geometry.tentango",
				"texture_width": 64,
				"texture_height": 64,
				"visible_bounds_width": 3,
				"visible_bounds_height": 2.5,
				"visible_bounds_offset": [0, 0.75, 0]
			},
			"bones": [
				{
					"name": "tentango",
					"pivot": [0, 0, 0]
				},
				{
					"name": "body",
					"parent": "tentango",
					"pivot": [0, 4, 0]
				},
				{
					"name": "head",
					"parent": "body",
					"pivot": [0, 10, 0],
					"cubes": [
						{"origin": [-4, 9.8, -4], "size": [8, 7, 8], "uv": [0, 0]},
						{"origin": [-2.5, 12, 4], "size": [2, 4, 0], "inflate": 0.01, "pivot": [0, 14.5, 4], "rotation": [0, 0, 45], "uv": [30, 42]},
						{"origin": [0.5, 12, 4], "size": [2, 4, 0], "inflate": 0.01, "pivot": [0, 14.5, 4], "rotation": [0, 0, -45], "uv": [34, 42]},
						{"origin": [0, 13.8, 2.2], "size": [2, 4, 0], "inflate": 0.01, "pivot": [0, 17.00711, 2.2], "rotation": [-90, -45, 0], "uv": [44, 4]},
						{"origin": [-2, 13.8, 2.2], "size": [2, 4, 0], "inflate": 0.01, "pivot": [0, 17.00711, 2.2], "rotation": [-90, 45, 0], "uv": [44, 0]},
						{"origin": [-0.3, 8.8, -4], "size": [2, 2, 0], "pivot": [0, 10, -4], "rotation": [-11.12501, -5.73576, -26.94093], "uv": [4, 46]},
						{"origin": [0.7, 7.8, -4], "size": [1, 1, 0], "pivot": [0, 10, -4], "rotation": [-11.12501, -5.73576, -26.94093], "uv": [38, 44]},
						{"origin": [-1.7, 7.8, -4], "size": [1, 1, 0], "pivot": [0, 10, -4], "rotation": [-11.12501, 5.73576, 26.94093], "uv": [22, 46]},
						{"origin": [-1.7, 8.8, -4], "size": [2, 2, 0], "pivot": [0, 10, -4], "rotation": [-11.12501, 5.73576, 26.94093], "uv": [8, 46]},
						{"origin": [-1, 15.62132, 4.91421], "size": [2, 2, 2], "pivot": [0, 19.12132, 5.41421], "rotation": [-45, 0, 0], "uv": [40, 37]},
						{"origin": [-0.5, 17.62132, 5.41421], "size": [1, 2, 1], "pivot": [0, 19.12132, 5.41421], "rotation": [-45, 0, 0], "uv": [36, 12]}
					]
				},
				{
					"name": "eye_left",
					"parent": "head",
					"pivot": [3.16738, 10.14313, -3.3224],
					"rotation": [32.5897, 36.835, 12.5306],
					"cubes": [
						{"origin": [2.3, 9.4, -4.2], "size": [2, 3, 3], "uv": [0, 51]},
						{"origin": [4.3, 9.9, -3.6], "size": [0, 2, 2], "inflate": 0.01, "uv": [18, 42]},
						{"origin": [4.3, 10.4, -4.2], "size": [0, 1, 2], "inflate": 0.02, "uv": [32, 12]},
						{"origin": [4.3, 9.9, -3.7], "size": [0, 1, 1], "inflate": 0.03, "uv": [38, 42]}
					]
				},
				{
					"name": "eyelid_left",
					"parent": "eye_left",
					"pivot": [0.1, 10.4, -1.8],
					"cubes": [
						{"origin": [-0.7, 9.9, -4.2], "size": [2, 2, 3], "inflate": 0.05, "uv": [10, 37]}
					]
				},
				{
					"name": "eye_right",
					"parent": "head",
					"pivot": [-3.16738, 10.14313, -3.3224],
					"rotation": [32.5897, -36.835, -12.5306],
					"cubes": [
						{"origin": [-4.3, 9.4, -4.2], "size": [2, 3, 3], "uv": [0, 51], "mirror": true},
						{"origin": [-4.3, 9.9, -3.6], "size": [0, 2, 2], "inflate": 0.01, "uv": [18, 42], "mirror": true},
						{"origin": [-4.3, 10.4, -4.2], "size": [0, 1, 2], "inflate": 0.02, "uv": [32, 12], "mirror": true},
						{"origin": [-4.3, 9.9, -3.7], "size": [0, 1, 1], "inflate": 0.03, "uv": [38, 42], "mirror": true}
					]
				},
				{
					"name": "eyelid_right",
					"parent": "eye_right",
					"pivot": [-0.1, 10.4, -1.8],
					"cubes": [
						{"origin": [-1.3, 9.9, -4.2], "size": [2, 2, 3], "inflate": 0.05, "uv": [10, 37], "mirror": true}
					]
				},
				{
					"name": "ear_left",
					"parent": "head",
					"pivot": [4, 14, 0],
					"cubes": [
						{"origin": [3, 12, 0], "size": [5, 4, 0], "pivot": [5.5, 14, 0], "rotation": [0, 0, 17.5], "uv": [34, 2]}
					]
				},
				{
					"name": "ear_right",
					"parent": "head",
					"pivot": [-4, 14, 0],
					"cubes": [
						{"origin": [-8, 12, 0], "size": [5, 4, 0], "pivot": [-5.5, 14, 0], "rotation": [0, 0, -17.5], "uv": [34, 2], "mirror": true}
					]
				},
				{
					"name": "arm_left",
					"parent": "head",
					"pivot": [2.7, 10, -2.7],
					"cubes": [
						{"origin": [2.2, 8, -3.2], "size": [1, 3, 1], "uv": [22, 42]}
					]
				},
				{
					"name": "arm_left2",
					"parent": "arm_left",
					"pivot": [2.7, 8, -2.7],
					"cubes": [
						{"origin": [2.2, 5, -3.2], "size": [1, 3, 1], "uv": [26, 42]}
					]
				},
				{
					"name": "arm_left3",
					"parent": "arm_left2",
					"pivot": [2.7, 5, -2.7],
					"cubes": [
						{"origin": [2.2, 3, -3.2], "size": [1, 2, 1], "uv": [40, 12]}
					]
				},
				{
					"name": "arm_left4",
					"parent": "arm_left3",
					"pivot": [2.7, 3, -2.7],
					"cubes": [
						{"origin": [1.7, 0, -3.2], "size": [2, 3, 1], "inflate": 0.01, "uv": [40, 41]}
					]
				},
				{
					"name": "arm_left5",
					"parent": "arm_left4",
					"pivot": [2.7, 0, -3.2],
					"cubes": [
						{"origin": [1.7, 0, -3.2], "size": [2, 3, 1], "pivot": [2.7, 0, -3.2], "rotation": [-42.5, 0, 0], "uv": [0, 42]}
					]
				},
				{
					"name": "arm_left6",
					"parent": "arm_left5",
					"pivot": [2.7, 2.2, -1.175],
					"cubes": [
						{"origin": [2.2, 1.44123, -1.31995], "size": [1, 1, 1], "pivot": [3.2, 1.94123, -0.51995], "rotation": [-22.5, 0, 0], "uv": [12, 46]}
					]
				},
				{
					"name": "arm_right",
					"parent": "head",
					"pivot": [-2.7, 10, -2.7],
					"cubes": [
						{"origin": [-3.2, 8, -3.2], "size": [1, 3, 1], "uv": [44, 8]}
					]
				},
				{
					"name": "arm_right2",
					"parent": "arm_right",
					"pivot": [-2.7, 8, -2.7],
					"cubes": [
						{"origin": [-3.2, 5, -3.2], "size": [1, 3, 1], "uv": [38, 45]}
					]
				},
				{
					"name": "arm_right3",
					"parent": "arm_right2",
					"pivot": [-2.7, 5, -2.7],
					"cubes": [
						{"origin": [-3.2, 3, -3.2], "size": [1, 2, 1], "uv": [44, 12]}
					]
				},
				{
					"name": "arm_right4",
					"parent": "arm_right3",
					"pivot": [-2.7, 3, -2.7],
					"cubes": [
						{"origin": [-3.7, 0, -3.2], "size": [2, 3, 1], "inflate": 0.01, "uv": [6, 42]}
					]
				},
				{
					"name": "arm_right5",
					"parent": "arm_right4",
					"pivot": [-2.7, 0, -3.2],
					"cubes": [
						{"origin": [-3.7, 0, -3.2], "size": [2, 3, 1], "pivot": [-2.7, 0, -3.2], "rotation": [-42.5, 0, 0], "uv": [12, 42]}
					]
				},
				{
					"name": "arm_right6",
					"parent": "arm_right5",
					"pivot": [-2.7, 2.2, -1.175],
					"cubes": [
						{"origin": [-3.2, 1.44123, -1.31995], "size": [1, 1, 1], "pivot": [-3.2, 1.94123, -0.51995], "rotation": [-22.5, 0, 0], "uv": [16, 46]}
					]
				},
				{
					"name": "berry_1",
					"parent": "body",
					"pivot": [0, 7.5, 0],
					"cubes": [
						{"origin": [-3, 5, -3], "size": [6, 5, 6], "inflate": 0.01, "uv": [24, 15]},
						{"origin": [-3, 5, -3], "size": [6, 5, 6], "inflate": 0.11, "uv": [24, 26]}
					]
				},
				{
					"name": "berry_2",
					"parent": "body",
					"pivot": [0, 2.5, 0],
					"cubes": [
						{"origin": [-3, 0, -3], "size": [6, 5, 6], "uv": [0, 15]},
						{"origin": [-3, 0, -3], "size": [6, 5, 6], "inflate": 0.1, "uv": [0, 26]}
					]
				},
				{
					"name": "berry_leaf",
					"parent": "berry_2",
					"pivot": [-2.9327, 4.89019, 2.9327],
					"rotation": [-30, -45, 0],
					"cubes": [
						{"origin": [-4.64791, 4.21462, 2.94799], "size": [2, 0, 4], "pivot": [-3.88251, 4.21462, 5.44799], "rotation": [0, 0, -40], "uv": [52, 12]},
						{"origin": [-3.35106, 4.8574, 2.94799], "size": [2, 0, 4], "pivot": [-2.93739, 4.36541, 5.44799], "rotation": [0, 0, 40], "uv": [51, 20]}
					]
				}
			]
		}
	]
}