{
	"format_version": "1.12.0",
	"minecraft:geometry": [
		{
			"description": {
				"identifier": "geometry.unknown",
				"texture_width": 128,
				"texture_height": 128,
				"visible_bounds_width": 3,
				"visible_bounds_height": 3.5,
				"visible_bounds_offset": [0, 1.25, 0]
			},
			"bones": [
				{
					"name": "copptomaton",
					"pivot": [0, 0, 0]
				},
				{
					"name": "whole",
					"parent": "copptomaton",
					"pivot": [0, 9, 0]
				},
				{
					"name": "head",
					"parent": "whole",
					"pivot": [0, 11.5, -1],
					"cubes": [
						{"origin": [-6, 11.5, -5], "size": [12, 9, 10], "uv": [0, 0]},
						{"origin": [-2, 22.5, -2], "size": [4, 4, 4], "uv": [40, 41]},
						{"origin": [-1, 20.5, -1], "size": [2, 2, 2], "uv": [0, 0]}
					]
				},
				{
					"name": "nose",
					"parent": "head",
					"pivot": [0, 14, -4.5],
					"cubes": [
						{"origin": [-2, 9.5, -7], "size": [4, 5, 3], "uv": [13, 51]}
					]
				},
				{
					"name": "eyes",
					"parent": "head",
					"pivot": [0, 15.5, -5]
				},
				{
					"name": "lefteye",
					"parent": "eyes",
					"pivot": [2.5, 15.25, -5.025],
					"cubes": [
						{"origin": [1, 13.75, -5.025], "size": [3, 3, 0], "uv": [0, 7]}
					]
				},
				{
					"name": "righteye",
					"parent": "eyes",
					"pivot": [-2.5, 15.25, -5.025],
					"cubes": [
						{"origin": [-4, 13.75, -5.025], "size": [3, 3, 0], "uv": [0, 4]}
					]
				},
				{
					"name": "torso",
					"parent": "whole",
					"pivot": [0, 10.5, 3],
					"cubes": [
						{"origin": [-5, 6.5, -2.5], "size": [10, 6, 5], "uv": [30, 19]},
						{"origin": [-4, 6.5, 2.5], "size": [8, 10, 7], "uv": [0, 19]}
					]
				},
				{
					"name": "legs",
					"parent": "whole",
					"pivot": [0, 2, 2]
				},
				{
					"name": "rightleg",
					"parent": "legs",
					"pivot": [-2.5, 7.5, 0],
					"rotation": [0, 0, 7.5],
					"cubes": [
						{"origin": [-5, -0.5, -2.5], "size": [5, 5, 5], "uv": [20, 41]},
						{"origin": [-5, 4.5, -1.5], "size": [5, 1, 3], "uv": [55, 16]},
						{"origin": [-4, 4.5, -2.5], "size": [3, 1, 5], "uv": [50, 30]},
						{"origin": [-4, 4, -1.5], "size": [3, 4, 3], "uv": [27, 55]}
					]
				},
				{
					"name": "leftleg",
					"parent": "legs",
					"pivot": [2.5, 7.5, 0],
					"rotation": [0, 0, -7.5],
					"cubes": [
						{"origin": [0, -0.5, -2.5], "size": [5, 5, 5], "uv": [34, 0]},
						{"origin": [0, 4.5, -1.5], "size": [5, 1, 3], "uv": [49, 0]},
						{"origin": [1, 4.5, -2.5], "size": [3, 1, 5], "uv": [44, 10]},
						{"origin": [1, 4, -1.5], "size": [3, 4, 3], "uv": [0, 53]}
					]
				},
				{
					"name": "arms",
					"parent": "whole",
					"pivot": [0, 2, 2]
				},
				{
					"name": "rightarm",
					"parent": "arms",
					"pivot": [-4.54111, 11.27225, 0],
					"cubes": [
						{"origin": [-5.88082, 5.69577, -1.5], "size": [3, 6, 3], "pivot": [-4.5, 11.5, 0], "rotation": [0, 0, 62.5], "uv": [52, 36]},
						{"origin": [-6.88082, 1.69577, -2.5], "size": [5, 6, 5], "pivot": [-4.5, 11.5, 0], "rotation": [0, 0, 62.5], "uv": [0, 36]},
						{"origin": [-6.88082, 7.69577, -1.5], "size": [5, 1, 3], "pivot": [-4.5, 11.5, 0], "rotation": [0, 0, 62.5], "uv": [55, 8]},
						{"origin": [-5.88082, 7.69577, -2.5], "size": [3, 1, 5], "pivot": [-4.5, 11.5, 0], "rotation": [0, 0, 62.5], "uv": [35, 49]}
					]
				},
				{
					"name": "leftarm",
					"parent": "arms",
					"pivot": [5.04111, 11.02225, 0],
					"cubes": [
						{"origin": [2.88082, 5.69577, -1.5], "size": [3, 6, 3], "pivot": [4.5, 11.5, 0], "rotation": [0, 0, -62.5], "uv": [51, 49]},
						{"origin": [1.88082, 1.69577, -2.5], "size": [5, 6, 5], "pivot": [4.5, 11.5, 0], "rotation": [0, 0, -62.5], "uv": [30, 30]},
						{"origin": [1.88082, 7.69577, -1.5], "size": [5, 1, 3], "pivot": [4.5, 11.5, 0], "rotation": [0, 0, -62.5], "uv": [54, 4]},
						{"origin": [2.88082, 7.69577, -2.5], "size": [3, 1, 5], "pivot": [4.5, 11.5, 0], "rotation": [0, 0, -62.5], "uv": [0, 47]}
					]
				}
			]
		}
	]
}