{
	"format_version": "1.12.0",
	"minecraft:geometry": [
		{
			"description": {
				"identifier": "geometry.emposter.unknown",
				"texture_width": 32,
				"texture_height": 32,
				"visible_bounds_width": 2,
				"visible_bounds_height": 2.5,
				"visible_bounds_offset": [0, 0.75, 0]
			},
			"bones": [
				{
					"name": "emposter",
					"pivot": [0, 0, 0]
				},
				{
					"name": "middle",
					"parent": "emposter",
					"pivot": [0.17341, 3.64413, -4.01186],
					"cubes": [
						{"origin": [-1.32718, 1.45534, -3.88686], "size": [3, 4, 5], "uv": [0, 0]},
						{"origin": [0.17282, 3.95534, -3.38686], "size": [0, 3, 3], "pivot": [0.17282, 5.45534, -1.88686], "rotation": [2.5, 0, 0], "uv": [10, 13]},
						{"origin": [1.675, -0.54466, -3.38686], "size": [0, 2, 2], "pivot": [1.67282, 1.48034, -1.88686], "rotation": [0, 0, -45], "uv": [0, 16]},
						{"origin": [1.675, 0.45534, 0.11314], "size": [0, 1, 1], "pivot": [1.67282, 1.48034, 1.61314], "rotation": [0, 0, -22.5], "uv": [2, 0]},
						{"origin": [-1.32718, -0.54466, -3.38686], "size": [0, 2, 2], "pivot": [-1.32718, 1.48034, -1.88686], "rotation": [0, 0, 45], "uv": [0, 0]},
						{"origin": [-1.32718, 0.45534, 0.11314], "size": [0, 1, 1], "pivot": [-1.32718, 1.48034, 1.61314], "rotation": [0, 0, 22.5], "uv": [0, 0]}
					]
				},
				{
					"name": "tail",
					"parent": "middle",
					"pivot": [0.17282, 3.56334, 0.56278],
					"cubes": [
						{"origin": [0.17282, -1.04466, 0.11314], "size": [0, 9, 5], "pivot": [0.17282, 2.35534, 0.11314], "rotation": [2.5, 0, 0], "uv": [5, 18]}
					]
				},
				{
					"name": "hair",
					"parent": "middle",
					"pivot": [0.17282, 2.35534, -4.88686],
					"cubes": [
						{"origin": [-2.82718, 0.45534, -4.88686], "size": [6, 6, 1], "uv": [10, 9]}
					]
				},
				{
					"name": "body",
					"parent": "emposter",
					"pivot": [0.17282, 3.45534, -4.91186],
					"cubes": [
						{"origin": [-1.82718, 1.45534, -4.91186], "size": [4, 4, 0], "uv": [11, 0]}
					]
				}
			]
		}
	]
}