{
	"format_version": "1.8.0",
	"animations": {
		"animation.cafe_salamence.ground_idle": {
			"loop": true,
			"animation_length": 5.25,
			"bones": {
				"neck2": {
					"rotation": ["5.75+math.sin(q.anim_time*90*2-205)*2", "math.sin(q.anim_time*90*2-235)*1", 0]
				},
				"neck3": {
					"rotation": ["12+math.sin(q.anim_time*90*2-255)*2", "-1.4753+math.sin(q.anim_time*90*2-295)*1", -0.31278]
				},
				"head_rotation": {
					"rotation": ["-1+math.sin(q.anim_time*90*2-310)*1", "math.sin(q.anim_time*90*2-310)*1", 0]
				},
				"leg_front_left_rotation": {
					"rotation": [-18.28501, -4.31548, "10-math.sin(q.anim_time*90*2)*3"],
					"position": [0, 0, 0]
				},
				"leg_front_left2": {
					"rotation": [16.7975, -0.43861, "16.9286+math.sin(q.anim_time*90*2)*4.5"]
				},
				"foot_front_left": {
					"rotation": [4.88206, "-1.0809-math.sin(q.anim_time*90*2)*0.9", "12.4539-math.sin(q.anim_time*90*2)*1.5"]
				},
				"body": {
					"rotation": [-2.5, 0, 0],
					"position": [0, "0.35-math.sin(q.anim_time*90*2)*0.2", 0]
				},
				"leg_front_right_rotation": {
					"rotation": [-18.28501, 4.31548, "-10+math.sin(q.anim_time*90*2)*3"],
					"position": [0, 0, 0]
				},
				"leg_front_right2": {
					"rotation": [16.7975, 0.43861, "-16.9286-math.sin(q.anim_time*90*2)*4.5"]
				},
				"foot_front_right": {
					"rotation": [4.88206, "1.0809+math.sin(q.anim_time*90*2)*0.9", "-12.4539+math.sin(q.anim_time*90*2)*1.5"]
				},
				"leg_back_left": {
					"rotation": ["math.sin(q.anim_time*90*2)*0.3", "-math.sin(q.anim_time*90*2)*0.3", 7.5],
					"position": ["math.sin(q.anim_time*90*2)*0.1", 0, 0]
				},
				"leg_back_left_rotation": {
					"rotation": [-1.33894, -2.13569, "-4.7259-math.sin(q.anim_time*90*2)*2"]
				},
				"leg_back_left2": {
					"rotation": [17.75131, -4.14797, "24.9786+math.sin(q.anim_time*90*2)*4"]
				},
				"foot_back_left": {
					"rotation": [-10.49016, 3.66863, "18.8825-math.sin(q.anim_time*90*2)*2"]
				},
				"leg_back_right": {
					"rotation": ["math.sin(q.anim_time*90*2)*0.3", "math.sin(q.anim_time*90*2)*0.3", -7.5],
					"position": ["-math.sin(q.anim_time*90*2)*0.1", 0, 0]
				},
				"leg_back_right_rotation": {
					"rotation": [-1.33894, 2.13569, "4.7259+math.sin(q.anim_time*90*2)*2"]
				},
				"leg_back_right2": {
					"rotation": [17.75131, 4.14797, "-24.9786-math.sin(q.anim_time*90*2)*4"]
				},
				"foot_back_right": {
					"rotation": [-10.49016, -3.66863, "-18.8825+math.sin(q.anim_time*90*2)*2"]
				},
				"wing_left": {
					"rotation": [0, 0, 47.5]
				},
				"wing_left2": {
					"rotation": [0, 0, "5+math.sin(q.anim_time*90*2-250)*2"]
				},
				"wing_left3": {
					"rotation": [0, 0, "7.5+math.sin(q.anim_time*90*2-310)*3"]
				},
				"wing_right": {
					"rotation": [0, 0, -47.5]
				},
				"wing_right2": {
					"rotation": [0, 0, "-5-math.sin(q.anim_time*90*2-250)*2"]
				},
				"wing_right3": {
					"rotation": [0, 0, "-7.5-math.sin(q.anim_time*90*2-310)*3"]
				},
				"neck4": {
					"rotation": [12.5, 0, 0]
				},
				"tail9": {
					"rotation": [15, -32.5, 0]
				},
				"tail10": {
					"rotation": [10, -25, 0]
				},
				"wing_right_rotation": {
					"rotation": [-10, 0, "10-math.sin(q.anim_time*90*2-190)*3"]
				},
				"wing_left_rotation": {
					"rotation": [-10, 0, "-10+math.sin(q.anim_time*90*2-190)*3"]
				},
				"torso": {
					"rotation": ["math.sin(q.anim_time*90*2-45)*0.3", 0, 0]
				},
				"waist": {
					"rotation": ["math.sin(q.anim_time*90*2)*0.2", "math.sin(q.anim_time*90*2-65)*0.5", 0]
				},
				"chest": {
					"rotation": [0, "math.sin(q.anim_time*90*2-85)*0.25", 0]
				},
				"neck": {
					"rotation": ["1.5+math.sin(q.anim_time*90*2-115)*2", "math.sin(q.anim_time*90*2-150)*1.5", 0]
				},
				"leg_front_left": {
					"position": ["0.4-math.sin(q.anim_time*90*2)*0.2", -0.3, 0]
				},
				"leg_front_right": {
					"position": ["-0.4+math.sin(q.anim_time*90*2)*0.2", -0.3, 0]
				},
				"jaw": {
					"rotation": ["9+math.sin(q.anim_time*90*2+45)*1.5", 0, 0]
				},
				"tail": {
					"rotation": ["2.5+math.sin(q.anim_time*90*2-45)*2", "math.sin(q.anim_time*90*1-135)*8", 0]
				},
				"tail2": {
					"rotation": ["2.5+math.sin(q.anim_time*90*2-135)*4", "math.sin(q.anim_time*90*1-235)*16", 0]
				},
				"tail3": {
					"rotation": ["5+math.sin(q.anim_time*90*2-195)*3", "math.sin(q.anim_time*90*1-295)*16", 0]
				},
				"tail4": {
					"rotation": ["2.5+math.sin(q.anim_time*90*2-245)*3", "math.sin(q.anim_time*90*1-345)*16", 0]
				},
				"tail5": {
					"rotation": ["2.5+math.sin(q.anim_time*90*2-285)*3", "math.sin(q.anim_time*90*1-380)*16", 0]
				},
				"tail6": {
					"rotation": ["2.5+math.sin(q.anim_time*90*2-325)*3", "math.sin(q.anim_time*90*1-400)*12", 0]
				},
				"tail7": {
					"rotation": ["2.5+math.sin(q.anim_time*90*2-335)*4", "math.sin(q.anim_time*90*1-430)*20", 0]
				},
				"tail8": {
					"rotation": ["2.5+math.sin(q.anim_time*90*2-285)*6", "math.sin(q.anim_time*90*1-460)*12", 0]
				}
			}
		},
		"animation.cafe_salamence.ground_walk": {
			"loop": true,
			"animation_length": 4,
			"bones": {
				"neck2": {
					"rotation": ["7.5+math.sin(q.anim_time*90*4-185)*3", "math.sin(q.anim_time*90*2-235)*1", 0]
				},
				"neck3": {
					"rotation": ["7.5+math.sin(q.anim_time*90*4-235)*2", "math.sin(q.anim_time*90*2-295)*1", -0.31278]
				},
				"head_rotation": {
					"rotation": ["-7.25+math.sin(q.anim_time*90*4-310)*1", "-math.sin(q.anim_time*90*2-200)*3", 0]
				},
				"leg_front_left_rotation": {
					"rotation": {
						"0.0": [-30.78501, -4.31548, 10],
						"1.0": [-5.78501, -4.31548, 10],
						"1.375": {
							"pre": [-3.28501, -4.31548, 10],
							"post": [-3.28501, -4.31548, 10],
							"lerp_mode": "catmullrom"
						},
						"1.6667": {
							"post": [-23.62, -4.32, 10],
							"lerp_mode": "catmullrom"
						},
						"2.0": [-30.78501, -4.31548, 10],
						"3.0": [-5.78501, -4.31548, 10],
						"3.375": {
							"pre": [-3.28501, -4.31548, 10],
							"post": [-3.28501, -4.31548, 10],
							"lerp_mode": "catmullrom"
						},
						"3.6667": {
							"post": [-23.62, -4.32, 10],
							"lerp_mode": "catmullrom"
						},
						"4.0": [-30.78501, -4.31548, 10]
					},
					"position": [0, 0, 0]
				},
				"leg_front_left2": {
					"rotation": {
						"0.0": [16.7975, -0.43861, 16.9286],
						"1.0": [24.2975, -0.43861, 16.9286],
						"1.25": {
							"pre": [26.8281, -2.66989, 15.80056],
							"post": [26.8281, -2.66989, 15.80056],
							"lerp_mode": "catmullrom"
						},
						"1.6667": {
							"post": [26.84227, -3.08277, 15.51819],
							"lerp_mode": "catmullrom"
						},
						"2.0": [16.7975, -0.43861, 16.9286],
						"3.0": [24.2975, -0.43861, 16.9286],
						"3.25": {
							"pre": [26.8281, -2.66989, 15.80056],
							"post": [26.8281, -2.66989, 15.80056],
							"lerp_mode": "catmullrom"
						},
						"3.6667": {
							"post": [26.84227, -3.08277, 15.51819],
							"lerp_mode": "catmullrom"
						},
						"4.0": [16.7975, -0.43861, 16.9286]
					}
				},
				"foot_front_left": {
					"rotation": {
						"0.0": [14.88206, -1.0809, 12.4539],
						"1.0": [-12.61794, -1.0809, 12.4539],
						"1.125": [-12.62, -1.08, 12.45],
						"1.2917": [-2.62, -1.08, 12.45],
						"1.5": [14.88, -1.08, 12.45],
						"1.7083": [-0.0254, -1.08635, 7.44911],
						"1.9167": [2.4746, -1.08635, 7.44911],
						"2.0": [14.88206, -1.0809, 12.4539],
						"3.0": [-12.61794, -1.0809, 12.4539],
						"3.125": [-12.62, -1.08, 12.45],
						"3.2917": [-2.62, -1.08, 12.45],
						"3.5": [14.88, -1.08, 12.45],
						"3.7083": [-0.0254, -1.08635, 7.44911],
						"3.9167": [2.4746, -1.08635, 7.44911],
						"4.0": [14.88206, -1.0809, 12.4539]
					}
				},
				"body": {
					"rotation": [-2.5, 0, 0],
					"position": {
						"0.0": [0, 0.35, 0],
						"0.0417": [0, -0.05, 0],
						"0.0833": [0, 0.35, 0],
						"1.0": [0, 0.35, 0],
						"1.0417": [0, -0.05, 0],
						"1.0833": [0, 0.35, 0],
						"2.0": [0, 0.35, 0],
						"2.0417": [0, -0.05, 0],
						"2.0833": [0, 0.35, 0],
						"3.0": [0, 0.35, 0],
						"3.0417": [0, -0.05, 0],
						"3.0833": [0, 0.35, 0]
					}
				},
				"leg_front_right_rotation": {
					"rotation": {
						"0.0": [-5.78501, 4.31548, -10],
						"0.375": {
							"pre": [-3.28501, 4.31548, -10],
							"post": [-3.28501, 4.31548, -10],
							"lerp_mode": "catmullrom"
						},
						"0.6667": {
							"post": [-23.62, 4.32, -10],
							"lerp_mode": "catmullrom"
						},
						"1.0": [-30.78501, 4.31548, -10],
						"2.0": [-5.78501, 4.31548, -10],
						"2.375": {
							"pre": [-3.28501, 4.31548, -10],
							"post": [-3.28501, 4.31548, -10],
							"lerp_mode": "catmullrom"
						},
						"2.6667": {
							"post": [-23.62, 4.32, -10],
							"lerp_mode": "catmullrom"
						},
						"3.0": [-30.78501, 4.31548, -10],
						"4.0": [-5.78501, 4.31548, -10]
					},
					"position": [0, 0, 0]
				},
				"leg_front_right2": {
					"rotation": {
						"0.0": [24.2975, 0.43861, -16.9286],
						"0.25": {
							"pre": [26.8281, 2.66989, -15.80056],
							"post": [26.8281, 2.66989, -15.80056],
							"lerp_mode": "catmullrom"
						},
						"0.6667": {
							"post": [26.84227, 3.08277, -15.51819],
							"lerp_mode": "catmullrom"
						},
						"1.0": [16.7975, 0.43861, -16.9286],
						"2.0": [24.2975, 0.43861, -16.9286],
						"2.25": {
							"pre": [26.8281, 2.66989, -15.80056],
							"post": [26.8281, 2.66989, -15.80056],
							"lerp_mode": "catmullrom"
						},
						"2.6667": {
							"post": [26.84227, 3.08277, -15.51819],
							"lerp_mode": "catmullrom"
						},
						"3.0": [16.7975, 0.43861, -16.9286],
						"4.0": [24.2975, 0.43861, -16.9286]
					}
				},
				"foot_front_right": {
					"rotation": {
						"0.0": [-12.61794, 1.0809, -12.4539],
						"0.125": [-12.62, 1.08, -12.45],
						"0.2917": [-2.62, 1.08, -12.45],
						"0.5": [14.88, 1.08, -12.45],
						"0.7083": [-0.0254, 1.08635, -7.44911],
						"0.9167": [2.4746, 1.08635, -7.44911],
						"1.0": [14.88206, 1.0809, -12.4539],
						"2.0": [-12.61794, 1.0809, -12.4539],
						"2.125": [-12.62, 1.08, -12.45],
						"2.2917": [-2.62, 1.08, -12.45],
						"2.5": [14.88, 1.08, -12.45],
						"2.7083": [-0.0254, 1.08635, -7.44911],
						"2.9167": [2.4746, 1.08635, -7.44911],
						"3.0": [14.88206, 1.0809, -12.4539],
						"4.0": [-12.61794, 1.0809, -12.4539]
					}
				},
				"leg_back_left": {
					"rotation": [0, 0, 7.5],
					"position": {
						"0.0": [-0.4, -0.7, 1],
						"0.5": {
							"pre": [-0.4, 1.7, -1.37],
							"post": [-0.4, 1.7, -1.37],
							"lerp_mode": "catmullrom"
						},
						"0.75": {
							"post": [-0.4, 0.6, -1.68],
							"lerp_mode": "catmullrom"
						},
						"1.0": [-0.4, 0, -2],
						"2.0": [-0.4, -0.7, 1],
						"2.5": {
							"pre": [-0.4, 1.7, -1.37],
							"post": [-0.4, 1.7, -1.37],
							"lerp_mode": "catmullrom"
						},
						"2.75": {
							"post": [-0.4, 0.6, -1.68],
							"lerp_mode": "catmullrom"
						},
						"3.0": [-0.4, 0, -2],
						"3.5": [-0.4, -0.8, -0.5],
						"4.0": [-0.4, -0.7, 1]
					}
				},
				"leg_back_left_rotation": {
					"rotation": {
						"0.0": [11.23904, -7.04058, -5.6999],
						"0.375": {
							"pre": [4.16652, -2.82028, -8.79423],
							"post": [4.16652, -2.82028, -8.79423],
							"lerp_mode": "catmullrom"
						},
						"0.6667": {
							"post": [-8.58325, 1.2729, -13.30385],
							"lerp_mode": "catmullrom"
						},
						"1.0": [-11.38, 5.22, -6.2],
						"1.5": [-0.04674, 4.08817, -7.45421],
						"2.0": [11.23904, -7.04058, -5.6999],
						"2.375": {
							"pre": [4.16652, -2.82028, -8.79423],
							"post": [4.16652, -2.82028, -8.79423],
							"lerp_mode": "catmullrom"
						},
						"2.6667": {
							"post": [-8.58325, 1.2729, -13.30385],
							"lerp_mode": "catmullrom"
						},
						"3.0": [-11.38, 5.22, -6.2],
						"3.5": [-0.04674, 4.08817, -7.45421],
						"4.0": [11.23904, -7.04058, -5.6999]
					},
					"position": [0, 0, 0]
				},
				"leg_back_left2": {
					"rotation": {
						"0.0": [17.75131, -4.14797, 24.9786],
						"0.3333": {
							"pre": [28.53132, -4.99293, 17.94025],
							"post": [28.53132, -4.99293, 17.94025],
							"lerp_mode": "catmullrom"
						},
						"0.75": {
							"post": [6.17526, -3.43297, 15.98131],
							"lerp_mode": "catmullrom"
						},
						"1.0417": [5.25131, -4.14797, 24.9786],
						"2.0": [17.75131, -4.14797, 24.9786],
						"2.3333": {
							"pre": [28.53132, -4.99293, 17.94025],
							"post": [28.53132, -4.99293, 17.94025],
							"lerp_mode": "catmullrom"
						},
						"2.75": {
							"post": [6.17526, -3.43297, 15.98131],
							"lerp_mode": "catmullrom"
						},
						"3.0417": [5.25131, -4.14797, 24.9786],
						"4.0": [17.75131, -4.14797, 24.9786]
					}
				},
				"foot_back_left": {
					"rotation": {
						"0.0": [-18.07582, 3.20426, 17.45362],
						"0.3333": [-0.57582, 3.20426, 17.45362],
						"0.6667": [-3.07582, 3.20426, 17.45362],
						"1.0": [0.42418, 3.20426, 17.45362],
						"2.0": [-18.07582, 3.20426, 17.45362],
						"2.3333": [-0.57582, 3.20426, 17.45362],
						"2.6667": [-3.07582, 3.20426, 17.45362],
						"3.0": [0.42418, 3.20426, 17.45362],
						"4.0": [-18.07582, 3.20426, 17.45362]
					}
				},
				"leg_back_right": {
					"rotation": [0, 0, -7.5],
					"position": {
						"0.0": [0.4, 0, -2],
						"1.0": [0.4, -0.7, 1],
						"1.5": {
							"pre": [0.4, 1.7, -1.37],
							"post": [0.4, 1.7, -1.37],
							"lerp_mode": "catmullrom"
						},
						"1.75": {
							"post": [0.4, 0.6, -1.68],
							"lerp_mode": "catmullrom"
						},
						"2.0": [0.4, 0, -2],
						"2.5": [0.4, -0.8, -0.5],
						"3.0": [0.4, -0.7, 1],
						"3.5": {
							"pre": [0.4, 1.7, -1.37],
							"post": [0.4, 1.7, -1.37],
							"lerp_mode": "catmullrom"
						},
						"3.75": {
							"post": [0.4, 0.6, -1.68],
							"lerp_mode": "catmullrom"
						},
						"4.0": [0.4, 0, -2]
					}
				},
				"leg_back_right_rotation": {
					"rotation": {
						"0.0": [-11.38, -5.22, 6.2],
						"0.5": [-0.04674, -4.08817, 7.45421],
						"1.0": [11.23904, 7.04058, 5.6999],
						"1.375": {
							"pre": [4.16652, 2.82028, 8.79423],
							"post": [4.16652, 2.82028, 8.79423],
							"lerp_mode": "catmullrom"
						},
						"1.6667": {
							"post": [-8.58325, -1.2729, 13.30385],
							"lerp_mode": "catmullrom"
						},
						"2.0": [-11.38, -5.22, 6.2],
						"2.5": [-0.04674, -4.08817, 7.45421],
						"3.0": [11.23904, 7.04058, 5.6999],
						"3.375": {
							"pre": [4.16652, 2.82028, 8.79423],
							"post": [4.16652, 2.82028, 8.79423],
							"lerp_mode": "catmullrom"
						},
						"3.6667": {
							"post": [-8.58325, -1.2729, 13.30385],
							"lerp_mode": "catmullrom"
						},
						"4.0": [-11.38, -5.22, 6.2]
					}
				},
				"leg_back_right2": {
					"rotation": {
						"0.0": [5.25131, 4.14797, -24.9786],
						"0.9583": [17.75131, 4.14797, -24.9786],
						"1.2917": {
							"pre": [28.53132, 4.99293, -17.94025],
							"post": [28.53132, 4.99293, -17.94025],
							"lerp_mode": "catmullrom"
						},
						"1.7083": {
							"post": [6.17526, 3.43297, -15.98131],
							"lerp_mode": "catmullrom"
						},
						"2.0": [5.25131, 4.14797, -24.9786],
						"2.9583": [17.75131, 4.14797, -24.9786],
						"3.2917": {
							"pre": [28.53132, 4.99293, -17.94025],
							"post": [28.53132, 4.99293, -17.94025],
							"lerp_mode": "catmullrom"
						},
						"3.7083": {
							"post": [6.17526, 3.43297, -15.98131],
							"lerp_mode": "catmullrom"
						},
						"4.0": [5.25131, 4.14797, -24.9786]
					}
				},
				"foot_back_right": {
					"rotation": {
						"0.0": [0.42418, -3.20426, -17.45362],
						"1.0": [-18.07582, -3.20426, -17.45362],
						"1.3333": [-0.57582, -3.20426, -17.45362],
						"1.6667": [-3.07582, -3.20426, -17.45362],
						"2.0": [0.42418, -3.20426, -17.45362],
						"3.0": [-18.07582, -3.20426, -17.45362],
						"3.3333": [-0.57582, -3.20426, -17.45362],
						"3.6667": [-3.07582, -3.20426, -17.45362],
						"4.0": [0.42418, -3.20426, -17.45362]
					}
				},
				"wing_left": {
					"rotation": [0, 0, 47.5]
				},
				"wing_left2": {
					"rotation": [0, 0, "5+math.sin(q.anim_time*90*4-85)*3"]
				},
				"wing_left3": {
					"rotation": [0, 0, "7.5+math.sin(q.anim_time*90*4-145)*3"]
				},
				"wing_right": {
					"rotation": [0, 0, -47.5]
				},
				"wing_right2": {
					"rotation": [0, 0, "-5-math.sin(q.anim_time*90*4-85)*3"]
				},
				"wing_right3": {
					"rotation": [0, 0, "-7.5-math.sin(q.anim_time*90*4-145)*3"]
				},
				"neck4": {
					"rotation": [12.5, 0, 0]
				},
				"tail9": {
					"rotation": [15, -32.5, 0]
				},
				"tail10": {
					"rotation": [10, -25, 0]
				},
				"wing_right_rotation": {
					"rotation": [-9.96271, -0.86717, "5.0756-math.sin(q.anim_time*90*4-15)*3"]
				},
				"wing_left_rotation": {
					"rotation": [-9.96271, 0.86717, "-5.0756+math.sin(q.anim_time*90*4-15)*3"]
				},
				"torso": {
					"rotation": ["math.sin(q.anim_time*90*4)*1.25", "-math.sin(q.anim_time*90*2-90)*2", 0],
					"position": [0, "-math.sin(q.anim_time*90*4+85)*0.5", 0]
				},
				"waist": {
					"rotation": ["2.5+math.sin(q.anim_time*90*2)*0.2", "0+math.sin(q.anim_time*90*2-65)*0.5", 0],
					"position": [0, 0.5, 0]
				},
				"chest": {
					"rotation": [0, "math.sin(q.anim_time*90*2-85)*0.25", 0]
				},
				"neck": {
					"rotation": ["-1.5+math.sin(q.anim_time*90*4-95)*3", "math.sin(q.anim_time*90*2-150)*2.5", 0]
				},
				"leg_front_left": {
					"position": {
						"0.0": [0.4, -1.9, -2],
						"0.5": [0.4, -0.8, -0.5],
						"1.0": [0.4, -0.7, 1],
						"1.5": {
							"pre": [0.4, 1.7, -1.37],
							"post": [0.4, 1.7, -1.37],
							"lerp_mode": "catmullrom"
						},
						"1.75": {
							"post": [0.4, 0.6, -1.68],
							"lerp_mode": "catmullrom"
						},
						"2.0": [0.4, -1.9, -2],
						"2.5": [0.4, -0.8, -0.5],
						"3.0": [0.4, -0.7, 1],
						"3.5": {
							"pre": [0.4, 1.7, -1.37],
							"post": [0.4, 1.7, -1.37],
							"lerp_mode": "catmullrom"
						},
						"3.75": {
							"post": [0.4, 0.6, -1.68],
							"lerp_mode": "catmullrom"
						},
						"4.0": [0.4, -1.9, -2]
					}
				},
				"leg_front_right": {
					"position": {
						"0.0": [-0.4, -0.7, 1],
						"0.5": {
							"pre": [-0.4, 1.7, -1.37],
							"post": [-0.4, 1.7, -1.37],
							"lerp_mode": "catmullrom"
						},
						"0.75": {
							"post": [-0.4, 0.6, -1.68],
							"lerp_mode": "catmullrom"
						},
						"1.0": [-0.4, -1.9, -2],
						"1.5": [-0.4, -0.8, -0.5],
						"2.0": [-0.4, -0.7, 1],
						"2.5": {
							"pre": [-0.4, 1.7, -1.37],
							"post": [-0.4, 1.7, -1.37],
							"lerp_mode": "catmullrom"
						},
						"2.75": {
							"post": [-0.4, 0.6, -1.68],
							"lerp_mode": "catmullrom"
						},
						"3.0": [-0.4, -1.9, -2],
						"3.5": [-0.4, -0.8, -0.5],
						"4.0": [-0.4, -0.7, 1]
					}
				},
				"jaw": {
					"rotation": ["12+math.sin(q.anim_time*90*4+90)*1", 0, 0]
				},
				"tail": {
					"rotation": ["5+math.sin(q.anim_time*90*2-45)*2", "math.sin(q.anim_time*90*1-135)*8", 0]
				},
				"tail2": {
					"rotation": ["2.5+math.sin(q.anim_time*90*2-135)*4", "math.sin(q.anim_time*90*1-235)*16", 0]
				},
				"tail3": {
					"rotation": ["5+math.sin(q.anim_time*90*2-195)*3", "math.sin(q.anim_time*90*1-295)*16", 0]
				},
				"tail4": {
					"rotation": ["2.5+math.sin(q.anim_time*90*2-245)*3", "math.sin(q.anim_time*90*1-345)*16", 0]
				},
				"tail5": {
					"rotation": ["2.5+math.sin(q.anim_time*90*2-285)*3", "math.sin(q.anim_time*90*1-380)*16", 0]
				},
				"tail6": {
					"rotation": ["2.5+math.sin(q.anim_time*90*2-325)*3", "math.sin(q.anim_time*90*1-400)*12", 0]
				},
				"tail7": {
					"rotation": ["2.5+math.sin(q.anim_time*90*2-335)*4", "math.sin(q.anim_time*90*1-430)*20", 0]
				},
				"tail8": {
					"rotation": ["2.5+math.sin(q.anim_time*90*2-285)*6", "math.sin(q.anim_time*90*1-460)*12", 0]
				}
			}
		},
		"animation.cafe_salamence.battle_idle": {
			"loop": true,
			"bones": {
				"neck2": {
					"rotation": ["4.25+math.sin(q.anim_time*90*2-205)*6", "math.sin(q.anim_time*90*2-235)*2", 0]
				},
				"neck3": {
					"rotation": ["6.75+math.sin(q.anim_time*90*2-255)*4", "-1.4753+math.sin(q.anim_time*90*2-295)*2", -0.31278]
				},
				"head_rotation": {
					"rotation": ["5.5+math.sin(q.anim_time*90*2-310)*3", "math.sin(q.anim_time*90*2-310)*1", 0]
				},
				"leg_front_left_rotation": {
					"rotation": [-18.28501, -4.31548, "10.5-math.sin(q.anim_time*90*2)*6"],
					"position": [0, 0, 0]
				},
				"leg_front_left2": {
					"rotation": [16.7975, -0.43861, "16.9286+math.sin(q.anim_time*90*2)*9"]
				},
				"foot_front_left": {
					"rotation": ["4.8821-math.sin(q.anim_time*90*2)*1", "-1.0809-math.sin(q.anim_time*90*2)*2.5", "12.4539-math.sin(q.anim_time*90*2)*2.5"]
				},
				"body": {
					"rotation": [-2.5, 0, 0],
					"position": [0, "0.35-math.sin(q.anim_time*90*2)*0.2", 0]
				},
				"leg_front_right_rotation": {
					"rotation": [-18.28501, 4.31548, "-10.5+math.sin(q.anim_time*90*2)*6"],
					"position": [0, 0, 0]
				},
				"leg_front_right2": {
					"rotation": [16.7975, 0.43861, "-16.9286-math.sin(q.anim_time*90*2)*9"]
				},
				"foot_front_right": {
					"rotation": ["4.8821-math.sin(q.anim_time*90*2)*1", "1.0809+math.sin(q.anim_time*90*2)*2.5", "-12.4539+math.sin(q.anim_time*90*2)*2.5"]
				},
				"leg_back_left": {
					"rotation": ["math.sin(q.anim_time*90*2)*0.3", "-math.sin(q.anim_time*90*2)*0.3", 7.5],
					"position": ["math.sin(q.anim_time*90*2)*0.1", 0, 0]
				},
				"leg_back_left_rotation": {
					"rotation": [-1.33894, -2.13569, "-4.7259-math.sin(q.anim_time*90*2)*2"]
				},
				"leg_back_left2": {
					"rotation": [17.75131, -4.14797, "24.9786+math.sin(q.anim_time*90*2)*4"]
				},
				"foot_back_left": {
					"rotation": [-10.49016, 3.66863, "18.8825-math.sin(q.anim_time*90*2)*2"]
				},
				"leg_back_right": {
					"rotation": ["math.sin(q.anim_time*90*2)*0.3", "math.sin(q.anim_time*90*2)*0.3", -7.5],
					"position": ["-math.sin(q.anim_time*90*2)*0.1", 0, 0]
				},
				"leg_back_right_rotation": {
					"rotation": [-1.33894, 2.13569, "4.7259+math.sin(q.anim_time*90*2)*2"]
				},
				"leg_back_right2": {
					"rotation": [17.75131, 4.14797, "-24.9786-math.sin(q.anim_time*90*2)*4"]
				},
				"foot_back_right": {
					"rotation": [-10.49016, -3.66863, "-18.8825+math.sin(q.anim_time*90*2)*2"]
				},
				"wing_left": {
					"rotation": [0, 0, 47.5]
				},
				"wing_left2": {
					"rotation": [0, 0, "2.5+math.sin(q.anim_time*90*2-250)*6"]
				},
				"wing_left3": {
					"rotation": [0, 0, "2.5+math.sin(q.anim_time*90*2-310)*10"]
				},
				"wing_right": {
					"rotation": [0, 0, -47.5]
				},
				"wing_right2": {
					"rotation": [0, 0, "-2.5-math.sin(q.anim_time*90*2-250)*6"]
				},
				"wing_right3": {
					"rotation": [0, 0, "-2.5-math.sin(q.anim_time*90*2-310)*10"]
				},
				"neck4": {
					"rotation": [12.5, 0, 0]
				},
				"tail9": {
					"rotation": [15, -32.5, 0]
				},
				"tail10": {
					"rotation": [10, -25, 0]
				},
				"wing_right_rotation": {
					"rotation": [-10, 0, "10-math.sin(q.anim_time*90*2-190)*10"]
				},
				"wing_left_rotation": {
					"rotation": [-10, 0, "-10+math.sin(q.anim_time*90*2-190)*10"]
				},
				"torso": {
					"rotation": ["1+math.sin(q.anim_time*90*2-25)*1", 0, 0]
				},
				"waist": {
					"rotation": ["-1.75+math.sin(q.anim_time*90*2)*0.2", "math.sin(q.anim_time*90*2-65)*0.5", 0]
				},
				"chest": {
					"rotation": [-3.5, "math.sin(q.anim_time*90*2-85)*0.25", 0]
				},
				"neck": {
					"rotation": ["3+math.sin(q.anim_time*90*2-115)*6", "math.sin(q.anim_time*90*2-150)*2", 0]
				},
				"leg_front_left": {
					"position": ["0.4-math.sin(q.anim_time*90*2)*0.5", "-0.3-math.sin(q.anim_time*90*2)*0.3", "-math.sin(q.anim_time*90*2)*0.15"]
				},
				"leg_front_right": {
					"position": ["-0.4+math.sin(q.anim_time*90*2)*0.5", "-0.3-math.sin(q.anim_time*90*2)*0.3", "-math.sin(q.anim_time*90*2)*0.15"]
				},
				"jaw": {
					"rotation": ["17.5+math.sin(q.anim_time*90*2+45)*5", 0, 0]
				},
				"tail": {
					"rotation": ["10+math.sin(q.anim_time*90*2-45)*6", "math.sin(q.anim_time*90*1-135)*20", 0]
				},
				"tail2": {
					"rotation": ["2.5+math.sin(q.anim_time*90*2-155)*6", "math.sin(q.anim_time*90*1-235)*24", 0]
				},
				"tail3": {
					"rotation": ["5+math.sin(q.anim_time*90*2-195)*6", "math.sin(q.anim_time*90*1-295)*16", 0]
				},
				"tail4": {
					"rotation": ["2.5+math.sin(q.anim_time*90*2-245)*6", "math.sin(q.anim_time*90*1-345)*16", 0]
				},
				"tail5": {
					"rotation": ["2.5+math.sin(q.anim_time*90*2-275)*8", "math.sin(q.anim_time*90*1-380)*16", 0]
				},
				"tail6": {
					"rotation": ["2.5+math.sin(q.anim_time*90*2-325)*8", "math.sin(q.anim_time*90*1-400)*12", 0]
				},
				"tail7": {
					"rotation": ["2.5+math.sin(q.anim_time*90*2-335)*6", "math.sin(q.anim_time*90*1-410)*28", 0]
				},
				"tail8": {
					"rotation": ["2.5+math.sin(q.anim_time*90*2-285)*6", "math.sin(q.anim_time*90*1-460)*16", 0]
				},
				"pupil_left": {
					"scale": 1
				},
				"teatray": {
					"rotation": [5, 0, 0],
					"position": [0, -2, 0]
				}
			}
		},
		"animation.cafe_salamence.air_idle": {
			"loop": true,
			"bones": {
				"neck2": {
					"rotation": ["5+math.sin(q.anim_time*90*2-105)*2", 0, 0]
				},
				"neck3": {
					"rotation": ["17.5+math.sin(q.anim_time*90*2-185)*4", 0, 0]
				},
				"head_rotation": {
					"rotation": ["-12.25+math.sin(q.anim_time*90*2-235)*2", 0, 0]
				},
				"leg_front_left_rotation": {
					"rotation": ["-25.5956-math.sin(q.anim_time*90*1)*3", -2.98686, "0.5304+math.sin(q.anim_time*90*2-25)*1"]
				},
				"leg_front_left2": {
					"rotation": ["15-math.sin(q.anim_time*90*1-50)*3", 0, "17.5+math.sin(q.anim_time*90*2-75)*2"]
				},
				"foot_front_left": {
					"rotation": ["9.8941-math.sin(q.anim_time*90*1-100)*3", -7.40941, 8.38085]
				},
				"body": {
					"rotation": ["10-math.sin(q.anim_time*90*2-40)*1", 0, 0],
					"position": [0, "7.5+math.sin(q.anim_time*90*2-70)*2", 0]
				},
				"leg_front_right_rotation": {
					"rotation": ["-25.5956-math.sin(q.anim_time*90*1)*3", 2.98686, "-0.5304-math.sin(q.anim_time*90*2-25)*1"]
				},
				"leg_front_right2": {
					"rotation": ["15-math.sin(q.anim_time*90*1-50)*3", 0, "-17.5-math.sin(q.anim_time*90*2-75)*2"]
				},
				"foot_front_right": {
					"rotation": ["9.8941-math.sin(q.anim_time*90*1-100)*3", 7.40941, -8.38085]
				},
				"leg_back_left": {
					"rotation": [0, 0, 7.5]
				},
				"leg_back_left_rotation": {
					"rotation": [1.06565, -20.07577, "4.6034+math.sin(q.anim_time*90*2-65)*3"]
				},
				"leg_back_left2": {
					"rotation": [30, 0, 0]
				},
				"foot_back_left": {
					"rotation": [7.43656, -0.9762, 7.43656]
				},
				"leg_back_right": {
					"rotation": [0, 0, -7.5]
				},
				"leg_back_right_rotation": {
					"rotation": [1.06565, 20.07577, "-4.6034-math.sin(q.anim_time*90*2-65)*3"]
				},
				"leg_back_right2": {
					"rotation": [30, 0, 0]
				},
				"foot_back_right": {
					"rotation": [7.43656, 0.9762, -7.43656]
				},
				"wing_left": {
					"rotation": [0, 0, 37.5]
				},
				"wing_left2": {
					"rotation": [0, 0, "2.5-math.sin(q.anim_time*90*2-250)*12"]
				},
				"wing_left3": {
					"rotation": [0, 0, "2.5-math.sin(q.anim_time*90*2-320)*12"]
				},
				"wing_right": {
					"rotation": [0, 0, -37.5]
				},
				"wing_right2": {
					"rotation": [0, 0, "-2.5+math.sin(q.anim_time*90*2-250)*12"]
				},
				"wing_right3": {
					"rotation": [0, 0, "-2.5+math.sin(q.anim_time*90*2-320)*12"]
				},
				"wing_right_rotation": {
					"rotation": [-14.94548, -1.29256, "-10+math.sin(q.anim_time*90*2-190)*20"]
				},
				"wing_left_rotation": {
					"rotation": [-14.94548, 1.29256, "10-math.sin(q.anim_time*90*2-190)*20"]
				},
				"toes_front_left": {
					"rotation": [22.5, 0, 0]
				},
				"toe_inner_front_left": {
					"rotation": [-10, 0, 0]
				},
				"toe_outer_front_left": {
					"rotation": [10, 0, 0]
				},
				"toes_back_left": {
					"rotation": [20, 0, 0]
				},
				"toe_inner_back_left": {
					"rotation": [-12.5, 0, 0]
				},
				"toe_middle_back_left": {
					"rotation": [-10, 0, 0]
				},
				"toes_back_right": {
					"rotation": [20, 0, 0]
				},
				"toe_inner_back_right": {
					"rotation": [-12.5, 0, 0]
				},
				"toe_middle_back_right": {
					"rotation": [-10, 0, 0]
				},
				"toes_front_right": {
					"rotation": [22.5, 0, 0]
				},
				"toe_inner_front_right": {
					"rotation": [-10, 0, 0]
				},
				"toe_outer_front_right": {
					"rotation": [10, 0, 0]
				},
				"torso": {
					"rotation": [0, 0, 0]
				},
				"neck": {
					"rotation": ["-5+math.sin(q.anim_time*90*2-35)*3", 0, 0]
				},
				"jaw": {
					"rotation": ["10+math.sin(q.anim_time*90*2-45)*2.5", 0, 0]
				},
				"tail": {
					"rotation": ["-7.5-math.sin(q.anim_time*90*2)*6", "math.sin(q.anim_time*90*1-135)*8", 0]
				},
				"tail2": {
					"rotation": ["-2.5+math.sin(q.anim_time*90*2+75)*6", "math.sin(q.anim_time*90*1-235)*16", 0]
				},
				"tail3": {
					"rotation": ["-2.5+math.sin(q.anim_time*90*2+120)*3", "math.sin(q.anim_time*90*1-295)*16", 0]
				},
				"tail4": {
					"rotation": ["-2.5+math.sin(q.anim_time*90*2)*6", "math.sin(q.anim_time*90*1-345)*16", 0]
				},
				"tail5": {
					"rotation": ["math.sin(q.anim_time*90*2-30)*4", "math.sin(q.anim_time*90*1-380)*16", 0]
				},
				"tail6": {
					"rotation": ["math.sin(q.anim_time*90*2-70)*4", "math.sin(q.anim_time*90*1-400)*12", 0]
				},
				"tail7": {
					"rotation": ["math.sin(q.anim_time*90*2-70)*4", "math.sin(q.anim_time*90*1-430)*20", 0]
				},
				"tail8": {
					"rotation": ["math.sin(q.anim_time*90*2-100)*6", "math.sin(q.anim_time*90*1-460)*12", 0]
				}
			}
		},
		"animation.cafe_salamence.air_fly": {
			"loop": true,
			"bones": {
				"neck2": {
					"rotation": ["4.75+math.sin(q.anim_time*90*2-105)*2", 0, 0]
				},
				"neck3": {
					"rotation": ["9.5+math.sin(q.anim_time*90*2-185)*4", 0, 0]
				},
				"head_rotation": {
					"rotation": ["-20.5+math.sin(q.anim_time*90*2-235)*2", 0, 0]
				},
				"leg_front_left_rotation": {
					"rotation": [-13.09556, -2.98686, "0.5304+math.sin(q.anim_time*90*2-25)*3"]
				},
				"leg_front_left2": {
					"rotation": [15, 0, "17.5+math.sin(q.anim_time*90*2-75)*2"]
				},
				"foot_front_left": {
					"rotation": [9.81997, -2.48312, 9.23974]
				},
				"body": {
					"rotation": ["12.5+math.sin(q.anim_time*90*2)*2", 0, 0],
					"position": [0, "9.925+math.sin(q.anim_time*90*2-80)*4", "-math.sin(q.anim_time*90*2-75)*2"]
				},
				"leg_front_right_rotation": {
					"rotation": [-13.09556, 2.98686, "-0.5304-math.sin(q.anim_time*90*2-25)*3"]
				},
				"leg_front_right2": {
					"rotation": [15, 0, "-17.5-math.sin(q.anim_time*90*2-75)*2"]
				},
				"foot_front_right": {
					"rotation": [9.8941, 7.40941, -8.38085]
				},
				"leg_back_left": {
					"rotation": [0, 0, 7.5]
				},
				"leg_back_left_rotation": {
					"rotation": [7.65122, -20.10232, "7.2652+math.sin(q.anim_time*90*2-65)*3"]
				},
				"leg_back_left2": {
					"rotation": [30, 0, 0]
				},
				"foot_back_left": {
					"rotation": [7.43656, -0.9762, 7.43656]
				},
				"leg_back_right": {
					"rotation": [0, 0, -7.5]
				},
				"leg_back_right_rotation": {
					"rotation": [7.65122, 20.10232, "-7.2652-math.sin(q.anim_time*90*2-65)*3"]
				},
				"leg_back_right2": {
					"rotation": [30, 0, 0]
				},
				"foot_back_right": {
					"rotation": [7.43656, 0.9762, -7.43656]
				},
				"wing_left": {
					"rotation": [0, 0, 37.5]
				},
				"wing_left2": {
					"rotation": [0, 0, "2.5-math.sin(q.anim_time*90*2-250)*12"]
				},
				"wing_left3": {
					"rotation": [0, 0, "2.5-math.sin(q.anim_time*90*2-320)*12"]
				},
				"wing_right": {
					"rotation": [0, 0, -37.5]
				},
				"wing_right2": {
					"rotation": [0, 0, "-2.5+math.sin(q.anim_time*90*2-250)*12"]
				},
				"wing_right3": {
					"rotation": [0, 0, "-2.5+math.sin(q.anim_time*90*2-320)*12"]
				},
				"tail9": {
					"rotation": [19.45124, -28.31831, 5.39882]
				},
				"tail10": {
					"rotation": [0, -27.5, 0]
				},
				"wing_right_rotation": {
					"rotation": [-14.94548, -1.29256, "-10+math.sin(q.anim_time*90*2-190)*24"]
				},
				"wing_left_rotation": {
					"rotation": [-14.94548, 1.29256, "10-math.sin(q.anim_time*90*2-190)*24"]
				},
				"neck4": {
					"rotation": [22.5, 0, 0]
				},
				"toes_front_left": {
					"rotation": [22.5, 0, 0]
				},
				"toe_inner_front_left": {
					"rotation": [-10, 0, 0]
				},
				"toe_outer_front_left": {
					"rotation": [10, 0, 0]
				},
				"toes_back_left": {
					"rotation": [20, 0, 0]
				},
				"toe_inner_back_left": {
					"rotation": [-12.5, 0, 0]
				},
				"toe_middle_back_left": {
					"rotation": [-10, 0, 0]
				},
				"toes_back_right": {
					"rotation": [20, 0, 0]
				},
				"toe_inner_back_right": {
					"rotation": [-12.5, 0, 0]
				},
				"toe_middle_back_right": {
					"rotation": [-10, 0, 0]
				},
				"toes_front_right": {
					"rotation": [22.5, 0, 0]
				},
				"toe_inner_front_right": {
					"rotation": [-10, 0, 0]
				},
				"toe_outer_front_right": {
					"rotation": [10, 0, 0]
				},
				"torso": {
					"rotation": [0, 0, 0]
				},
				"neck": {
					"rotation": ["9.25+math.sin(q.anim_time*90*2-35)*3", 0, 0],
					"position": [0, 0, -0.5]
				},
				"jaw": {
					"rotation": ["10+math.sin(q.anim_time*90*2-45)*2.5", 0, 0]
				},
				"tail": {
					"rotation": ["-10-math.sin(q.anim_time*90*2)*12", "math.sin(q.anim_time*90*1-135)*10", 0]
				},
				"tail2": {
					"rotation": ["math.sin(q.anim_time*90*2+75)*10", "math.sin(q.anim_time*90*1-235)*16", 0]
				},
				"tail3": {
					"rotation": ["math.sin(q.anim_time*90*2+120)*6", "math.sin(q.anim_time*90*1-295)*16", 0]
				},
				"tail4": {
					"rotation": ["math.sin(q.anim_time*90*2)*10", "math.sin(q.anim_time*90*1-345)*16", 0]
				},
				"tail5": {
					"rotation": ["math.sin(q.anim_time*90*2-30)*8", "math.sin(q.anim_time*90*1-380)*16", 0]
				},
				"tail6": {
					"rotation": ["math.sin(q.anim_time*90*2-70)*8", "math.sin(q.anim_time*90*1-400)*12", 0]
				},
				"tail7": {
					"rotation": ["math.sin(q.anim_time*90*2-70)*10", "math.sin(q.anim_time*90*1-430)*20", 0]
				},
				"tail8": {
					"rotation": ["math.sin(q.anim_time*90*2-100)*10", "math.sin(q.anim_time*90*1-460)*12", 0]
				}
			}
		},
		"animation.cafe_salamence.cry": {
			"animation_length": 2.5,
			"bones": {
				"neck": {
					"rotation": {
						"0.0": [0, 0, 0],
						"0.0833": {
							"pre": [-7.5, 0, 0],
							"post": [-7.5, 0, 0],
							"lerp_mode": "catmullrom"
						},
						"0.25": {
							"post": ["10+math.sin(q.anim_time*90*64)*0.3", 0, 0],
							"lerp_mode": "catmullrom"
						},
						"0.5833": {
							"post": ["9+math.sin(q.anim_time*90*64)*0.1", 0, 0],
							"lerp_mode": "catmullrom"
						},
						"1.0": {
							"post": ["8+math.sin(q.anim_time*90*64)*0.5", 0, 0],
							"lerp_mode": "catmullrom"
						},
						"1.6667": {
							"post": ["6+math.sin(q.anim_time*90*64)*0.1", 0, 0],
							"lerp_mode": "catmullrom"
						},
						"2.0833": {
							"post": [0, 0, 0],
							"lerp_mode": "catmullrom"
						},
						"2.5": [0, 0, 0]
					},
					"position": {
						"0.0": [0, 0, 0],
						"0.0833": {
							"pre": [0, 0, 0],
							"post": [0, 0, 0],
							"lerp_mode": "catmullrom"
						},
						"0.25": {
							"post": [0, -0.5, 0],
							"lerp_mode": "catmullrom"
						},
						"1.1667": {
							"post": [0, -0.5, 0],
							"lerp_mode": "catmullrom"
						},
						"1.6667": {
							"post": [0, -0.2, 0],
							"lerp_mode": "catmullrom"
						},
						"2.0833": {
							"post": [0, 0, 0],
							"lerp_mode": "catmullrom"
						},
						"2.5": [0, 0, 0]
					}
				},
				"neck2": {
					"rotation": {
						"0.0": [0, 0, 0],
						"0.0417": {
							"pre": [5, 0, 0],
							"post": [5, 0, 0],
							"lerp_mode": "catmullrom"
						},
						"0.125": {
							"post": [-7.5, 0, 0],
							"lerp_mode": "catmullrom"
						},
						"0.2917": {
							"post": [0, 0, 0],
							"lerp_mode": "catmullrom"
						}
					}
				},
				"neck3": {
					"rotation": {
						"0.0": [0, 0, 0],
						"0.0833": {
							"pre": [5, 0, 0],
							"post": [5, 0, 0],
							"lerp_mode": "catmullrom"
						},
						"0.1667": {
							"post": [-7.5, 0, 0],
							"lerp_mode": "catmullrom"
						},
						"0.3333": {
							"post": [0, 0, 0],
							"lerp_mode": "catmullrom"
						}
					}
				},
				"head_rotation": {
					"rotation": {
						"0.0": [0, 0, 0],
						"0.0833": {
							"pre": [5, 0, 0],
							"post": [5, 0, 0],
							"lerp_mode": "catmullrom"
						},
						"0.1667": {
							"post": [-5, 0, 0],
							"lerp_mode": "catmullrom"
						},
						"0.25": {
							"post": ["-30-math.sin(q.anim_time*90*64)*0.75", 0, 0],
							"lerp_mode": "catmullrom"
						},
						"1.4167": {
							"post": [-25, 0, 0],
							"lerp_mode": "catmullrom"
						},
						"1.75": {
							"post": [-12, 0, 0],
							"lerp_mode": "catmullrom"
						},
						"2.0833": {
							"post": [0, 0, 0],
							"lerp_mode": "catmullrom"
						},
						"2.5": [0, 0, 0]
					}
				},
				"jaw": {
					"rotation": {
						"0.0": [0, 0, 0],
						"0.1667": {
							"pre": [12.5, 0, 0],
							"post": [12.5, 0, 0],
							"lerp_mode": "catmullrom"
						},
						"0.25": {
							"post": ["55+math.sin(q.anim_time*90*64)*2.25", 0, 0],
							"lerp_mode": "catmullrom"
						},
						"1.1667": {
							"post": [55, 0, 0],
							"lerp_mode": "catmullrom"
						},
						"1.375": {
							"post": [30, 0, 0],
							"lerp_mode": "catmullrom"
						},
						"1.5833": [0, 0, 0]
					}
				}
			},
			"sound_effects": {
				"0.125": {
					"effect": "pokemon.salamence.cry"
				}
			}
		},
		"animation.cafe_salamence.blink": {
			"animation_length": 0.1667,
			"bones": {
				"eyelid_left": {
					"position": {
						"0.0": [0.1, 0, 0],
						"0.125": [0.1, 0, 0],
						"0.1667": [0, 0, 0]
					}
				},
				"eyelid_right": {
					"position": {
						"0.0": [-0.1, 0, 0],
						"0.125": [-0.1, 0, 0],
						"0.1667": [0, 0, 0]
					}
				}
			}
		}
	}
}