{
	"format_version": "1.12.0",
	"minecraft:geometry": [
		{
			"description": {
				"identifier": "geometry.icelion_colt",
				"texture_width": 128,
				"texture_height": 128,
				"visible_bounds_width": 7,
				"visible_bounds_height": 3.5,
				"visible_bounds_offset": [0, 1.25, 0]
			},
			"bones": [
				{
					"name": "icelion",
					"pivot": [0, 0, 0]
				},
				{
					"name": "body",
					"parent": "icelion",
					"pivot": [0, 0, 0]
				},
				{
					"name": "torso",
					"parent": "body",
					"pivot": [0, 15.59851, 7.29173],
					"cubes": [
						{"origin": [-5.5, 12.03902, -10.60897], "size": [11, 11, 10], "uv": [0, 22]},
						{"origin": [-4.5, 13.03902, -0.60897], "size": [9, 10, 12], "uv": [0, 0]},
						{"origin": [-1.5, 23.03902, -5.60897], "size": [3, 6, 5], "pivot": [-0.5, 12.03902, -7.60897], "rotation": [-20, 0, 0], "uv": [90, 46]},
						{"origin": [-0.5, 29.03902, -4.60897], "size": [1, 2, 3], "pivot": [-0.5, 12.03902, -7.60897], "rotation": [-20, 0, 0], "uv": [36, 72]},
						{"origin": [-1.5, 22.03902, 1.39103], "size": [3, 6, 5], "pivot": [-0.5, 11.03902, -0.60897], "rotation": [-20, 0, 0], "uv": [33, 90]},
						{"origin": [-0.5, 28.03902, 2.39103], "size": [1, 2, 3], "pivot": [-0.5, 11.03902, -0.60897], "rotation": [-20, 0, 0], "uv": [66, 51]},
						{"origin": [-0.5, 30.03902, -12.60897], "size": [1, 2, 3], "pivot": [-0.5, 13.03902, -15.60897], "rotation": [-20, 0, 0], "uv": [30, 5]},
						{"origin": [-1.5, 24.03902, -13.60897], "size": [3, 6, 5], "pivot": [-0.5, 13.03902, -15.60897], "rotation": [-20, 0, 0], "uv": [0, 90]}
					]
				},
				{
					"name": "neck",
					"parent": "torso",
					"pivot": [0, 18.73272, -8.89491],
					"cubes": [
						{"origin": [-4.5, 18.84217, -19.67104], "size": [9, 9, 9], "pivot": [-0.5, 16.84217, -17.67104], "rotation": [-35, 0, 0], "uv": [33, 34]}
					]
				},
				{
					"name": "head",
					"parent": "neck",
					"pivot": [0, 22.18535, -16.13765],
					"cubes": [
						{"origin": [-4.5, 18, -27], "size": [9, 3, 4], "uv": [82, 0]},
						{"origin": [-5.5, 16, -23], "size": [11, 2, 10], "uv": [30, 0]},
						{"origin": [-2.5, 17, -19], "size": [5, 2, 5], "pivot": [-0.5, 19, -23], "rotation": [-15, 0, 0], "uv": [90, 11]},
						{"origin": [-2.5, 18, -20], "size": [5, 2, 5], "pivot": [-0.5, 20, -24], "rotation": [-27.5, 0, 0], "uv": [90, 11]},
						{"origin": [-6.5, 20.8, -26.8], "size": [2, 1, 0], "pivot": [-9, 19.3, -22.8], "rotation": [0, 0, 10], "uv": [8, 8]},
						{"origin": [-6.5, 18.4, -26.8], "size": [2, 1, 0], "pivot": [-9, 16.9, -22.8], "rotation": [0, 0, 5], "uv": [8, 7]},
						{"origin": [-6.5, 19.7, -26.8], "size": [2, 1, 0], "pivot": [-9, 18.2, -22.8], "rotation": [0, 0, 10], "uv": [8, 3]},
						{"origin": [4.5, 20.8, -26.8], "size": [2, 1, 0], "pivot": [9, 19.3, -22.8], "rotation": [0, 0, -10], "uv": [8, 2]},
						{"origin": [4.5, 18.4, -26.8], "size": [2, 1, 0], "pivot": [9, 16.9, -22.8], "rotation": [0, 0, -5], "uv": [8, 1]},
						{"origin": [-8.1, 22, -23], "size": [5, 2, 2], "inflate": 0.05, "pivot": [-2.1, 16, -22], "rotation": [0, 0, 17.5], "uv": [62, 0]},
						{"origin": [4.5, 19.7, -26.8], "size": [2, 1, 0], "pivot": [9, 18.2, -22.8], "rotation": [0, 0, -10], "uv": [8, 0]},
						{"origin": [-5.5, 18, -23], "size": [11, 9, 10], "uv": [32, 12]},
						{"origin": [3.1, 22, -23], "size": [5, 2, 2], "inflate": 0.05, "pivot": [2.1, 16, -22], "rotation": [0, 0, -17.5], "uv": [60, 36]},
						{"origin": [-1, 32.11816, -27.25341], "size": [2, 3, 3], "pivot": [-1, 21.11816, -27.25341], "rotation": [-30, 0, 0], "uv": [0, 22]},
						{"origin": [-2, 27, -25], "size": [4, 4, 4], "pivot": [-1, 16, -25], "rotation": [-12.5, 0, 0], "uv": [96, 87]},
						{"origin": [-2, 35.04705, -22.60409], "size": [4, 3, 3], "pivot": [-1, 24.04705, -22.60409], "rotation": [-30, 0, 0], "uv": [41, 52]},
						{"origin": [-3, 27, -21], "size": [6, 7, 4], "pivot": [-1, 16, -21], "rotation": [-12.5, 0, 0], "uv": [90, 7]},
						{"origin": [-1, 38.18102, -23.10409], "size": [2, 1, 2], "pivot": [-1, 23.18102, -23.10409], "rotation": [-30, 0, 0], "uv": [42, 31]},
						{"origin": [2.5, 15, -27], "size": [2, 3, 1], "uv": [24, 49]},
						{"origin": [-3.5, 14, -27], "size": [0, 1, 1], "uv": [0, 7]},
						{"origin": [3.5, 14, -27], "size": [0, 1, 1], "uv": [0, 6]},
						{"origin": [-4.5, 15, -27], "size": [2, 3, 1], "uv": [0, 43]},
						{"origin": [-8.5, 17, -15], "size": [4, 3, 5], "pivot": [-10.5, 15, -15], "rotation": [0, 35, 0], "uv": [67, 91]},
						{"origin": [4.5, 25, -14], "size": [4, 2, 5], "pivot": [10.5, 22, -15], "rotation": [8.61775, -34.05444, -15.14371], "uv": [11, 96]},
						{"origin": [-10.5, 20, -14], "size": [6, 4, 5], "pivot": [-10.5, 18, -15], "rotation": [0, 35, 0], "uv": [84, 18]},
						{"origin": [4.5, 17, -15], "size": [4, 3, 5], "pivot": [10.5, 15, -15], "rotation": [0, -35, 0], "uv": [49, 91]},
						{"origin": [-8.5, 25, -14], "size": [4, 2, 5], "pivot": [-10.5, 22, -15], "rotation": [8.61775, 34.05444, 15.14371], "uv": [91, 39]},
						{"origin": [4.5, 20, -14], "size": [6, 4, 5], "pivot": [10.5, 18, -15], "rotation": [0, -35, 0], "uv": [37, 81]}
					]
				},
				{
					"name": "jaw",
					"parent": "head",
					"pivot": [0, 17, -22.5],
					"cubes": [
						{"origin": [-4, 16, -26], "size": [8, 2, 3], "uv": [84, 62]}
					]
				},
				{
					"name": "eyes",
					"parent": "head",
					"pivot": [0, 22.25, -22.25],
					"cubes": [
						{"origin": [-4, 21.5, -23], "size": [1, 1, 1], "inflate": 0.02, "uv": [0, 2]},
						{"origin": [-5.5, 21, -23], "size": [3, 3, 2], "inflate": 0.01, "uv": [0, 7]},
						{"origin": [3, 21.5, -23], "size": [1, 1, 1], "inflate": 0.02, "uv": [0, 0]},
						{"origin": [2.5, 21, -23], "size": [3, 3, 2], "inflate": 0.01, "uv": [30, 0]}
					]
				},
				{
					"name": "ear",
					"parent": "head",
					"pivot": [4.5, 26.5, -21.5],
					"cubes": [
						{"origin": [3, 26, -22], "size": [3, 3, 1], "uv": [64, 18]}
					]
				},
				{
					"name": "ear2",
					"parent": "head",
					"pivot": [-4.5, 26.5, -21.5],
					"cubes": [
						{"origin": [-6, 26, -22], "size": [3, 3, 1], "uv": [0, 28]}
					]
				},
				{
					"name": "tail",
					"parent": "torso",
					"pivot": [0, 19.5263, 11.58199],
					"cubes": [
						{"origin": [-2.5, 17.03902, 11.39103], "size": [5, 6, 8], "uv": [64, 4]},
						{"origin": [-1.5, 22.03902, 9.39103], "size": [3, 5, 5], "pivot": [-0.5, 10.03902, 7.39103], "rotation": [-20, 0, 0], "uv": [90, 67]},
						{"origin": [-0.5, 27.03902, 10.39103], "size": [1, 2, 3], "pivot": [-0.5, 10.03902, 7.39103], "rotation": [-20, 0, 0], "uv": [0, 63]}
					]
				},
				{
					"name": "tail2",
					"parent": "tail",
					"pivot": [0, 19.84958, 19.63899],
					"cubes": [
						{"origin": [-2.5, 18.03902, 19.39103], "size": [5, 5, 8], "uv": [66, 23]},
						{"origin": [-1.5, 23.03902, 17.39103], "size": [3, 4, 5], "pivot": [-0.5, 10.03902, 15.39103], "rotation": [-20, 0, 0], "uv": [85, 91]},
						{"origin": [-0.5, 27.03902, 18.39103], "size": [1, 2, 3], "pivot": [-0.5, 10.03902, 15.39103], "rotation": [-20, 0, 0], "uv": [62, 4]}
					]
				},
				{
					"name": "tail3",
					"parent": "tail2",
					"pivot": [0, 21.03902, 27.39103],
					"cubes": [
						{"origin": [-2, 19.03902, 27.39103], "size": [4, 4, 8], "uv": [40, 69]}
					]
				},
				{
					"name": "tail4",
					"parent": "tail3",
					"pivot": [0, 21.53902, 35.39103],
					"cubes": [
						{"origin": [-1, 20.03902, 35.39103], "size": [2, 3, 8], "uv": [85, 28]}
					]
				},
				{
					"name": "leftleg",
					"parent": "body",
					"pivot": [4.02592, 18.84505, -6.60935],
					"cubes": [
						{"origin": [1.5, 7.67962, -7.09866], "size": [5, 13, 7], "inflate": 0.01, "pivot": [4.5, 9.4429, -4.69276], "rotation": [20, 0, 0], "uv": [24, 52]}
					]
				},
				{
					"name": "kneeleft2",
					"parent": "leftleg",
					"pivot": [4.03111, 8.76043, -2.27428],
					"cubes": [
						{"origin": [1.5, 1.57193, -6.77359], "size": [5, 8, 5], "pivot": [4.5, 9.4429, -4.69276], "rotation": [-15, 0, 0], "uv": [79, 78]}
					]
				},
				{
					"name": "foot2",
					"parent": "kneeleft2",
					"pivot": [4.03888, 1.8017, -5.27041],
					"cubes": [
						{"origin": [1.5, -0.53043, -9.7362], "size": [5, 3, 6], "inflate": 0.01, "pivot": [4.5, 2.34054, -6.65537], "rotation": [2.5, 0, 0], "uv": [16, 86]},
						{"origin": [3, -0.79215, -13.73049], "size": [2, 3, 4], "pivot": [4, 2.07883, -12.64966], "rotation": [2.5, 0, 0], "uv": [57, 99]},
						{"origin": [1, -0.79215, -13.43049], "size": [2, 3, 4], "pivot": [2, 2.07883, -12.34966], "rotation": [2.56062, 12.48791, 0.55404], "uv": [81, 100]},
						{"origin": [5.15553, -0.79857, -13.37759], "size": [2, 3, 4], "pivot": [6.15553, 2.07241, -12.29676], "rotation": [2.56062, -12.48791, -0.55404], "uv": [33, 102]}
					]
				},
				{
					"name": "legright2",
					"parent": "body",
					"pivot": [-3.02592, 15.8634, 6.10236],
					"cubes": [
						{"origin": [-5.5, 9.03902, 1.39103], "size": [5, 9, 8], "inflate": 0.01, "pivot": [0.5, 10.03902, -0.60897], "rotation": [-10, 0, 0], "uv": [48, 52]},
						{"origin": [-5.5, -0.05451, 1.29979], "size": [5, 9, 6], "pivot": [-3.07776, 8.63272, 1.65264], "rotation": [32.5, 0, 0], "uv": [68, 63]},
						{"origin": [-5.5, -0.24438, 5.2613], "size": [5, 5, 6], "inflate": 0.01, "pivot": [-3.07776, 8.63272, 1.65264], "rotation": [-2.5, 0, 0], "uv": [74, 51]},
						{"origin": [-5.77152, -0.83815, 0.86744], "size": [1, 3, 4], "pivot": [-2.57776, 8.63272, 1.65264], "rotation": [2.56062, 12.48791, 0.55404], "uv": [102, 53]},
						{"origin": [-4.3, -0.81634, 0.98297], "size": [1, 3, 4], "pivot": [-3.37776, 8.63272, 1.65264], "rotation": [2.5, 0, 0], "uv": [69, 99]},
						{"origin": [-3, -0.81634, 0.98297], "size": [1, 3, 4], "pivot": [-2.07776, 8.63272, 1.65264], "rotation": [2.5, 0, 0], "uv": [69, 99]},
						{"origin": [-1.39539, -0.82943, 0.81612], "size": [1, 3, 4], "pivot": [-3.57776, 8.63272, 1.65264], "rotation": [2.56062, -12.48791, -0.55404], "uv": [1, 101]}
					]
				},
				{
					"name": "legleft",
					"parent": "body",
					"pivot": [3.02592, 15.8634, 6.10236],
					"cubes": [
						{"origin": [0.5, 9.03902, 1.39103], "size": [5, 9, 8], "inflate": 0.01, "pivot": [-0.5, 10.03902, -0.60897], "rotation": [-10, 0, 0], "uv": [0, 64]}
					]
				},
				{
					"name": "kneeleft",
					"parent": "legleft",
					"pivot": [3.03111, 8.14728, 1.94131],
					"cubes": [
						{"origin": [0.5, -0.11481, 5.79861], "size": [5, 9, 6], "pivot": [-0.5, 0.88519, 3.79861], "rotation": [32.5, 0, 0], "uv": [69, 36]}
					]
				},
				{
					"name": "foot3",
					"parent": "kneeleft",
					"pivot": [3.03888, 4.05322, 8.64288],
					"cubes": [
						{"origin": [0.5, -0.30324, 4.7417], "size": [5, 5, 6], "inflate": 0.01, "pivot": [-0.5, -3.30324, 2.7417], "rotation": [-2.5, 0, 0], "uv": [20, 75]},
						{"origin": [4.65553, -0.79857, 1.62241], "size": [1, 3, 4], "pivot": [4.65553, 2.07241, 2.70324], "rotation": [2.56062, -12.48791, -0.55404], "uv": [98, 96]},
						{"origin": [3.3, -0.79215, 1.26951], "size": [1, 3, 4], "pivot": [4.3, 2.07883, 2.35034], "rotation": [2.5, 0, 0], "uv": [25, 99]},
						{"origin": [1.7, -0.79215, 1.26951], "size": [1, 3, 4], "pivot": [2.7, 2.07883, 2.35034], "rotation": [2.5, 0, 0], "uv": [25, 99]},
						{"origin": [0.5, -0.79215, 1.56951], "size": [1, 3, 4], "pivot": [1.5, 2.07883, 2.65034], "rotation": [2.56062, 12.48791, 0.55404], "uv": [45, 99]}
					]
				},
				{
					"name": "legright",
					"parent": "body",
					"pivot": [-4.02592, 18.84505, -6.60935],
					"cubes": [
						{"origin": [-6.5, 7.67962, -7.09866], "size": [5, 13, 7], "inflate": 0.01, "pivot": [-4.5, 9.4429, -4.69276], "rotation": [20, 0, 0], "uv": [0, 43]}
					]
				},
				{
					"name": "kneeright",
					"parent": "legright",
					"pivot": [-4.03111, 8.76043, -2.27428],
					"cubes": [
						{"origin": [-6.5, 1.57193, -6.77359], "size": [5, 8, 5], "pivot": [-4.5, 9.4429, -4.69276], "rotation": [-15, 0, 0], "uv": [59, 78]}
					]
				},
				{
					"name": "foot",
					"parent": "kneeright",
					"pivot": [-4.03888, 1.8017, -4.27041],
					"cubes": [
						{"origin": [-6.5, -0.53043, -9.7362], "size": [5, 3, 6], "inflate": 0.01, "pivot": [-4.5, 2.34054, -6.65537], "rotation": [2.5, 0, 0], "uv": [0, 81]},
						{"origin": [-7.15553, -0.79857, -13.37759], "size": [2, 3, 4], "pivot": [-6.15553, 2.07241, -12.29676], "rotation": [2.56062, 12.48791, 0.55404], "uv": [0, 0]},
						{"origin": [-3, -0.79215, -13.43049], "size": [2, 3, 4], "pivot": [-2, 2.07883, -12.34966], "rotation": [2.56062, -12.48791, -0.55404], "uv": [97, 27]},
						{"origin": [-5, -0.79215, -13.73049], "size": [2, 3, 4], "pivot": [-4, 2.07883, -12.64966], "rotation": [2.5, 0, 0], "uv": [56, 69]}
					]
				}
			]
		}
	]
}