{
	"format_version": "1.12.0",
	"minecraft:geometry": [
		{
			"description": {
				"identifier": "geometry.hombeast",
				"texture_width": 128,
				"texture_height": 128,
				"visible_bounds_width": 4,
				"visible_bounds_height": 2.5,
				"visible_bounds_offset": [0, 0.75, 0]
			},
			"bones": [
				{
					"name": "hombeast",
					"pivot": [0, 0, 0]
				},
				{
					"name": "body",
					"parent": "hombeast",
					"pivot": [0, 14, -7]
				},
				{
					"name": "torso",
					"parent": "body",
					"pivot": [0.22254, 14.25, -6.94103],
					"cubes": [
						{"origin": [-4.27746, 9.75, -10.94103], "size": [9, 9, 8], "uv": [0, 34]},
						{"origin": [-3.27746, 8.75, -9.94103], "size": [7, 11, 6], "uv": [34, 57]},
						{"origin": [-3.27746, 10.75, -11.94103], "size": [7, 7, 10], "uv": [32, 8]},
						{"origin": [-5.27746, 10.75, -9.94103], "size": [11, 7, 6], "uv": [0, 51]}
					]
				},
				{
					"name": "tail1",
					"parent": "torso",
					"pivot": [0.22254, 14.25, -1.94103],
					"cubes": [
						{"origin": [-3.77746, 10.25, -0.94103], "size": [8, 8, 8], "pivot": [0.22254, 14.25, 3.05897], "rotation": [0, 0, -30], "uv": [34, 41]},
						{"origin": [-4.77746, 11.25, 0.05897], "size": [10, 6, 6], "pivot": [0.22254, 14.25, 3.05897], "rotation": [0, 0, -30], "uv": [56, 0]},
						{"origin": [-2.77746, 11.25, -1.94103], "size": [6, 6, 10], "pivot": [0.22254, 14.25, 3.05897], "rotation": [0, 0, -30], "uv": [32, 25]}
					]
				},
				{
					"name": "tail2",
					"parent": "tail1",
					"pivot": [0.92965, 14.25, 8.05897],
					"cubes": [
						{"origin": [-2.77746, 10.25, 8.05897], "size": [6, 6, 6], "pivot": [0.22254, 14.25, 11.05897], "rotation": [0, 0, -45], "uv": [60, 51]},
						{"origin": [-1.77746, 11.25, 9.05897], "size": [6, 6, 6], "pivot": [0.22254, 14.25, 11.05897], "rotation": [0, 0, -45], "uv": [60, 19]}
					]
				},
				{
					"name": "tail3",
					"parent": "tail2",
					"pivot": [0.48721, 13.87692, 15.05897],
					"cubes": [
						{"origin": [-2.39677, 11.44391, 15.05897], "size": [6, 6, 6], "pivot": [1.60323, 13.94391, 18.05897], "rotation": [0, 0, -30], "uv": [58, 35]}
					]
				},
				{
					"name": "tail4",
					"parent": "tail3",
					"pivot": [0.48721, 13.87692, 21.05897],
					"cubes": [
						{"origin": [-2.01279, 11.37692, 21.05897], "size": [5, 5, 5], "pivot": [0.48721, 13.87692, 23.55897], "rotation": [0, 0, -10], "uv": [60, 63]}
					]
				},
				{
					"name": "tail5",
					"parent": "tail4",
					"pivot": [0.48721, 13.87692, 26.05897],
					"cubes": [
						{"origin": [-1.51279, 11.87692, 26.05897], "size": [4, 4, 5], "pivot": [0.48721, 13.87692, 23.55897], "rotation": [0, 0, -10], "uv": [0, 64]}
					]
				},
				{
					"name": "tailclaw",
					"parent": "tail5",
					"pivot": [0.53062, 13.63072, 31.05897],
					"cubes": [
						{"origin": [-1.46938, 13.38072, 31.05897], "size": [4, 3, 5], "uv": [27, 74]}
					]
				},
				{
					"name": "bottonclaw",
					"parent": "tailclaw",
					"pivot": [0.53062, 13.38072, 31.05897],
					"cubes": [
						{"origin": [-1.46938, 11.38072, 31.05897], "size": [4, 2, 5], "uv": [66, 12]}
					]
				},
				{
					"name": "head",
					"parent": "body",
					"pivot": [0, 14, -15.5],
					"cubes": [
						{"origin": [-2, 12, -17.5], "size": [4, 4, 4], "uv": [74, 73]}
					]
				},
				{
					"name": "bottomjaw",
					"parent": "head",
					"pivot": [0, 12.5, -12],
					"cubes": [
						{"origin": [-4, 10, -25], "size": [8, 3, 13], "uv": [0, 18]}
					]
				},
				{
					"name": "topjaw",
					"parent": "head",
					"pivot": [0, 12.75, -12.05],
					"cubes": [
						{"origin": [-4, 13, -25], "size": [8, 5, 13], "uv": [0, 0]},
						{"origin": [-4, 11, -25.1], "size": [8, 5, 0], "uv": [13, 64]}
					]
				},
				{
					"name": "arm1",
					"parent": "body",
					"pivot": [5.47254, 13.75, -6.94103],
					"cubes": [
						{"origin": [5.72254, 11.75, -8.94103], "size": [5, 4, 4], "uv": [56, 73]}
					]
				},
				{
					"name": "joint1",
					"parent": "arm1",
					"pivot": [9.89897, 12.75, -5.62188],
					"cubes": [
						{"origin": [9.72254, 10.75, -5.94103], "size": [5, 4, 4], "pivot": [12.22254, 11.75, -4.94103], "rotation": [0, -35, 0], "uv": [0, 73]}
					]
				},
				{
					"name": "tip1",
					"parent": "joint1",
					"pivot": [12.13744, 12.25, -1.35663],
					"cubes": [
						{"origin": [10.99163, 10.75, -1.52969], "size": [3, 3, 3], "pivot": [13.49163, 12.25, 0.22031], "rotation": [0, -20, 0], "uv": [0, 0]}
					]
				},
				{
					"name": "arm2",
					"parent": "body",
					"pivot": [-5.22254, 13.75, -6.94103],
					"cubes": [
						{"origin": [-9.72254, 11.75, -8.94103], "size": [5, 4, 4], "uv": [14, 69]}
					]
				},
				{
					"name": "joint2",
					"parent": "arm2",
					"pivot": [-8.64897, 12.75, -5.87188],
					"cubes": [
						{"origin": [-13.72254, 10.75, -5.94103], "size": [5, 4, 4], "pivot": [-11.22254, 11.75, -4.94103], "rotation": [0, 35, 0], "uv": [29, 0]}
					]
				},
				{
					"name": "tip2",
					"parent": "joint2",
					"pivot": [-11.38744, 12.25, -1.85663],
					"cubes": [
						{"origin": [-12.99163, 10.75, -1.52969], "size": [3, 3, 3], "pivot": [-12.49163, 12.25, 0.22031], "rotation": [0, 20, 0], "uv": [0, 6]}
					]
				}
			]
		}
	]
}