{ 
  "target": "cobblemon:Mimikyu",
  "features":["hk"],
  "forms": [
	{
      "name": "hk",
      "primaryType": "ghost",
      "secondaryType": "bug",
      "abilities": [
        "soulheart"
      ],
      "baseStats": {
        "hp": 90,
        "attack": 110,
        "defence": 50,
        "special_attack": 85,
        "special_defence": 55,
        "speed": 96
      },
      "catchRate": 45,
      "maleRatio": 0.5,
      "baseExperienceYield": 167,
      "baseFriendship": 50,
      "evYield": {
        "hp": 0,
        "attack": 2,
        "defence": 0,
        "special_attack": 0,
        "special_defence": 0,
        "speed": 0
      },
      "experienceGroup": "medium_fast",
      "eggCycles": 20,
      "eggGroups": [
        "amorphous"
      ],
      "moves": [
        "1:furycutter",
        "1:copycat",
        "1:scratch",
        "1:splash",
        "1:focusblast",
        "6:shadowsneak",
        "12:agility",
        "18:babydolleyes",
        "24:detect",
        "30:honeclaws",
        "36:xscissor",
        "42:shadowclaw",
        "48:swordsdance",
        "54:sacredsword",
        "60:wish",
        "tm:attract",
        "tm:bulkup",
        "tm:chargebeam",
        "tm:confide",
        "tm:darkpulse",
        "tm:dazzlinggleam",
        "tm:doubleteam",
        "tm:dreameater",
        "tm:embargo",
        "tm:facade",
        "tm:fling",
        "tm:frustration",
        "tm:hiddenpower",
        "tm:hyperbeam",
        "tm:infestation",
        "tm:leechlife",
        "tm:lightscreenlight",
        "tm:payback",
        "tm:psychic",
        "tm:psychup",
        "tm:rest",
        "tm:return",
        "tm:roundsound",
        "tm:safeguard",
        "tm:shadowball",
        "tm:shadowclaw",
        "tm:sleeptalksound",
        "tm:substitute",
        "tm:swagger",
        "tm:swordsdance",
        "tm:taunt",
        "tm:thief",
        "tm:thunder",
        "tm:thunderbolt",
        "tm:thunderwave",
        "tm:toxic",
        "tm:trickroom",
        "tm:willowisp",
        "tm:workup",
        "tm:xscissor",
        "tutor:afteryou",
        "tutor:charm",
        "tutor:covet",
        "tutor:drainpunch",
        "tutor:feintattack",
        "tutor:gigadrain",
        "tutor:lastresort",
        "tutor:magicroom",
        "tutor:painsplit",
        "tutor:shadowclaw",
        "tutor:slash",
        "tutor:snatch",
        "tutor:snoresound",
        "tutor:spite",
        "tutor:telekinesis",
        "tutor:trick"
      ],
      "labels": [
        "gen7",
        "hk"
      ],
      "aspects": [
        "hk"
      ],
      "height": 4,
      "weight": 28,
      "evolutions": [],
      "cannotDynamax": false,
      "battleOnly": false
    }
  ]
}