{
	"format_version": "1.12.0",
	"minecraft:geometry": [
		{
			"description": {
				"identifier": "geometry.unknown",
				"texture_width": 64,
				"texture_height": 64,
				"visible_bounds_width": 2,
				"visible_bounds_height": 4.5,
				"visible_bounds_offset": [0, 1.75, 0]
			},
			"bones": [
				{
					"name": "dreadline",
					"pivot": [0, 0, 0]
				},
				{
					"name": "body",
					"parent": "dreadline",
					"pivot": [0, 31, 0.5]
				},
				{
					"name": "bottle",
					"parent": "body",
					"pivot": [0, 31, 0.5],
					"cubes": [
						{"origin": [-5.5, 31, -5], "size": [11, 16, 11], "uv": [0, 0]},
						{"origin": [-2.5, 29, -2], "size": [5, 2, 5], "uv": [33, 0]},
						{"origin": [-3.5, 27.75, -3], "size": [7, 2, 7], "uv": [0, 27]}
					]
				},
				{
					"name": "head",
					"parent": "bottle",
					"pivot": [0, 34.25, -5],
					"cubes": [
						{"origin": [-3.5, 31.25, -7], "size": [7, 10, 4], "pivot": [-0.75, 39.5, -6], "rotation": [-12.5, 0, 0], "uv": [41, 24]},
						{"origin": [-2.5, 40.31912, -7.09836], "size": [5, 2, 4], "pivot": [0, 37.81912, -5.34836], "rotation": [-12.5, 0, 0], "uv": [26, 36]},
						{"origin": [1.5, 32.75, -8.25], "size": [3, 3, 3], "pivot": [3.5, 33.5, -7], "rotation": [-10, 0, -25], "uv": [46, 18]},
						{"origin": [0.99448, 27.28308, -8.99848], "size": [1, 1, 2], "pivot": [2.49448, 26.78308, -7.99848], "rotation": [-8.0394, 7.04603, 4.78116], "uv": [21, 27]},
						{"origin": [-1.99448, 27.28308, -8.99848], "size": [1, 1, 2], "pivot": [-2.49448, 26.78308, -7.99848], "rotation": [-8.0394, -7.04603, -4.78116], "uv": [21, 27], "mirror": true},
						{"origin": [1.25, 28.25, -8.5], "size": [2, 4, 3], "pivot": [2.5, 31, -7.5], "rotation": [-9.96271, 0.86717, 4.92442], "uv": [10, 36]},
						{"origin": [-1, 27.75, -9], "size": [2, 4, 3], "pivot": [2.5, 31, -7.5], "rotation": [-7.5, 0, 0], "uv": [0, 0]},
						{"origin": [-1, 31.18, -8.8], "size": [2, 6, 3], "pivot": [0, 33.17363, -7.81888], "rotation": [-5, 0, 0], "uv": [53, 44]},
						{"origin": [-0.5, 26.75, -8], "size": [1, 1, 2], "pivot": [2.5, 31, -7.5], "rotation": [-7.5, 0, 0], "uv": [0, 27]},
						{"origin": [-3.25, 28.25, -8.5], "size": [2, 4, 3], "pivot": [-2.5, 31, -7.5], "rotation": [-9.96271, -0.86717, -4.92442], "uv": [10, 36], "mirror": true},
						{"origin": [-4.5, 32.75, -8.25], "size": [3, 3, 3], "pivot": [-3.5, 33.5, -7], "rotation": [-10, 0, 25], "uv": [46, 18], "mirror": true},
						{"origin": [-3.71175, 33.63406, -8.46126], "size": [3, 3, 0], "pivot": [-2.46175, 33.63406, -8.46126], "rotation": [-12.11163, 3.10726, 14.67983], "uv": [58, 12]},
						{"origin": [0.71175, 33.63406, -8.46126], "size": [3, 3, 0], "pivot": [2.46175, 33.63406, -8.46126], "rotation": [-12.11163, -3.10726, -14.67983], "uv": [58, 12], "mirror": true}
					]
				},
				{
					"name": "l_brow",
					"parent": "head",
					"pivot": [0.5, 36.25, -7.5],
					"cubes": [
						{"origin": [0.75, 35.25, -8.5], "size": [3, 2, 2], "pivot": [1.75, 35.75, -8], "rotation": [-2.49067, -0.43399, -2.46207], "uv": [46, 0], "mirror": true}
					]
				},
				{
					"name": "r_brow",
					"parent": "head",
					"pivot": [-0.75, 36.25, -7.75],
					"cubes": [
						{"origin": [-3.75, 35.25, -8.5], "size": [3, 2, 2], "pivot": [-1.75, 35.75, -8], "rotation": [-2.49067, 0.43399, 2.46207], "uv": [46, 0]}
					]
				},
				{
					"name": "r_pupil",
					"parent": "head",
					"pivot": [-2, 34.5, -8.5],
					"rotation": [-15.01365, -2.41476, 0.64743],
					"cubes": [
						{"origin": [-2.46175, 33.88406, -8.3], "size": [1, 1, 0], "pivot": [-2.46175, 33.63406, -8.46126], "rotation": [0.38837, 3.10726, 14.67983], "uv": [47, 12]},
						{"origin": [-2.96175, 34.38406, -8.3], "size": [1, 1, 0], "pivot": [-2.46175, 33.63406, -8.46126], "rotation": [2.88837, 3.10726, 14.67983], "uv": [49, 13]}
					]
				},
				{
					"name": "l_pupil",
					"parent": "head",
					"pivot": [2, 34.5, -8.25],
					"rotation": [-12.54624, 4.88119, -1.08482],
					"cubes": [
						{"origin": [1.96175, 34.38406, -8.3], "size": [1, 1, 0], "pivot": [2.46175, 33.63406, -8.21126], "rotation": [0.38837, -3.10726, -14.67983], "uv": [49, 13], "mirror": true},
						{"origin": [1.46175, 33.88406, -8.3], "size": [1, 1, 0], "pivot": [2.46175, 33.63406, -8.21126], "rotation": [0.38837, -3.10726, -14.67983], "uv": [47, 12], "mirror": true}
					]
				},
				{
					"name": "ink",
					"parent": "bottle",
					"pivot": [0, 36.75, 0.5],
					"cubes": [
						{"origin": [-5, 31.5, -4.5], "size": [10, 11, 10], "uv": [22, 43]}
					]
				},
				{
					"name": "fr_tent01",
					"parent": "body",
					"pivot": [-0.75, 32, -0.25],
					"cubes": [
						{"origin": [-1.25, 26, -0.75], "size": [1, 6, 1], "uv": [0, 57]}
					]
				},
				{
					"name": "fr_tent02",
					"parent": "fr_tent01",
					"pivot": [-0.75, 26, -0.25],
					"cubes": [
						{"origin": [-1.25, 20, -0.75], "size": [1, 6, 1], "uv": [8, 57]}
					]
				},
				{
					"name": "fr_tent03",
					"parent": "fr_tent02",
					"pivot": [-0.75, 20, -0.25],
					"cubes": [
						{"origin": [-1.25, 14, -0.75], "size": [1, 6, 1], "uv": [4, 57]}
					]
				},
				{
					"name": "fr_tent04",
					"parent": "fr_tent03",
					"pivot": [-0.75, 14, -0.25],
					"cubes": [
						{"origin": [-1.25, 8, -0.75], "size": [1, 6, 1], "uv": [12, 57]}
					]
				},
				{
					"name": "fr_quil",
					"parent": "fr_tent04",
					"pivot": [-0.75, 8.75, -0.25],
					"cubes": [
						{"origin": [-2.25, 1.5, -0.6], "size": [3, 5, 0], "uv": [57, 38]},
						{"origin": [-1.25, 3.5, -0.5], "size": [1, 3, 1], "uv": [46, 39]},
						{"origin": [-1.75, 6, -1.25], "size": [2, 3, 2], "uv": [24, 48]}
					]
				},
				{
					"name": "fl_tent01",
					"parent": "body",
					"pivot": [0.75, 32, -0.25],
					"cubes": [
						{"origin": [0.25, 26, -0.75], "size": [1, 6, 1], "uv": [0, 57], "mirror": true}
					]
				},
				{
					"name": "fl_tent02",
					"parent": "fl_tent01",
					"pivot": [0.75, 26, -0.25],
					"cubes": [
						{"origin": [0.25, 20, -0.75], "size": [1, 6, 1], "uv": [4, 57], "mirror": true}
					]
				},
				{
					"name": "fl_tent03",
					"parent": "fl_tent02",
					"pivot": [0.75, 20, -0.25],
					"cubes": [
						{"origin": [0.25, 14, -0.75], "size": [1, 6, 1], "pivot": [0.75, 17, -0.25], "rotation": [180, 0, 0], "uv": [8, 57], "mirror": true}
					]
				},
				{
					"name": "fl_tent04",
					"parent": "fl_tent03",
					"pivot": [0.75, 14, -0.25],
					"cubes": [
						{"origin": [0.25, 8, -0.75], "size": [1, 6, 1], "uv": [12, 57], "mirror": true}
					]
				},
				{
					"name": "fl_quil",
					"parent": "fl_tent04",
					"pivot": [0.75, 8.75, -0.25],
					"cubes": [
						{"origin": [-0.75, 1.5, -0.6], "size": [3, 5, 0], "uv": [57, 38], "mirror": true},
						{"origin": [-0.25, 6, -1.25], "size": [2, 3, 2], "uv": [24, 48]},
						{"origin": [0.25, 3.5, -0.5], "size": [1, 3, 1], "uv": [46, 39], "mirror": true}
					]
				},
				{
					"name": "br_tent01",
					"parent": "body",
					"pivot": [-0.75, 32, 1.25],
					"cubes": [
						{"origin": [-1.25, 26, 0.75], "size": [1, 6, 1], "uv": [0, 57], "mirror": true}
					]
				},
				{
					"name": "br_tent02",
					"parent": "br_tent01",
					"pivot": [-0.75, 26, 1.25],
					"cubes": [
						{"origin": [-1.25, 20, 0.75], "size": [1, 6, 1], "uv": [4, 57]}
					]
				},
				{
					"name": "br_tent03",
					"parent": "br_tent02",
					"pivot": [-0.75, 20, 1.25],
					"cubes": [
						{"origin": [-1.25, 14, 0.75], "size": [1, 6, 1], "pivot": [-0.75, 17, 1.25], "rotation": [0, -90, 0], "uv": [8, 57], "mirror": true}
					]
				},
				{
					"name": "br_tent04",
					"parent": "br_tent03",
					"pivot": [-0.75, 14, 1.25],
					"cubes": [
						{"origin": [-1.25, 8, 0.75], "size": [1, 6, 1], "uv": [12, 57]}
					]
				},
				{
					"name": "br_quil",
					"parent": "br_tent04",
					"pivot": [-0.75, 8.75, 1.25],
					"cubes": [
						{"origin": [-1.75, 6, 0.25], "size": [2, 3, 2], "uv": [24, 48]},
						{"origin": [-1.75, 1.5, 0.4], "size": [3, 5, 0], "pivot": [-0.5, 4.5, 1], "rotation": [0, 180, 0], "uv": [57, 38]},
						{"origin": [-1.25, 3.5, 0.5], "size": [1, 3, 1], "uv": [46, 39]}
					]
				},
				{
					"name": "bl_tent01",
					"parent": "body",
					"pivot": [0.75, 32, 1.25],
					"cubes": [
						{"origin": [0.25, 26, 0.75], "size": [1, 6, 1], "uv": [0, 57]}
					]
				},
				{
					"name": "bl_tent02",
					"parent": "bl_tent01",
					"pivot": [0.75, 26, 1.25],
					"cubes": [
						{"origin": [0.25, 20, 0.75], "size": [1, 6, 1], "pivot": [0.75, 23, 1.25], "rotation": [180, -90, 0], "uv": [8, 57]}
					]
				},
				{
					"name": "bl_tent03",
					"parent": "bl_tent02",
					"pivot": [0.75, 20, 1.25],
					"cubes": [
						{"origin": [0.25, 14, 0.75], "size": [1, 6, 1], "pivot": [0.75, 17, 1.25], "rotation": [180, 0, 0], "uv": [4, 57], "mirror": true}
					]
				},
				{
					"name": "bl_tent04",
					"parent": "bl_tent03",
					"pivot": [0.75, 14, 1.25],
					"cubes": [
						{"origin": [0.25, 8, 0.75], "size": [1, 6, 1], "uv": [12, 57], "mirror": true}
					]
				},
				{
					"name": "bl_quil",
					"parent": "bl_tent04",
					"pivot": [0.75, 8.75, 1.25],
					"cubes": [
						{"origin": [-0.25, 6, 0.25], "size": [2, 3, 2], "uv": [24, 48]},
						{"origin": [-1.25, 1.5, 0.4], "size": [3, 5, 0], "pivot": [0.5, 4.5, 1], "rotation": [0, -180, 0], "uv": [57, 38], "mirror": true},
						{"origin": [0.25, 3.5, 0.5], "size": [1, 3, 1], "uv": [46, 39], "mirror": true}
					]
				}
			]
		}
	]
}