{
	"format_version": "1.8.0",
	"animations": {
		"animation.stingwing_pup.pose": {
			"loop": true,
			"bones": {
				"body": {
					"position": [0, -0.2, 0]
				},
				"leftleg": {
					"rotation": [-55.37066, -24.59477, -11.00966]
				},
				"leftknee": {
					"rotation": [75, 0, 0]
				},
				"leftfoot": {
					"rotation": [22.5, 0, 0]
				},
				"rightleg": {
					"rotation": [-15, 25, 0]
				},
				"rightknee": {
					"rotation": [17.5, 0, 0]
				},
				"rightfoot": {
					"rotation": [-2.5, 0, 0]
				},
				"torso": {
					"rotation": [0, -15, -5]
				},
				"rightarm": {
					"rotation": [-42.5, 0, 7.5]
				},
				"rightelbow": {
					"rotation": [0, -55, 0]
				},
				"righthand": {
					"rotation": [0, -25, 0]
				},
				"leftarm": {
					"rotation": [-50, 0, 25]
				},
				"leftelbow": {
					"rotation": [0, 75, 0],
					"position": [-1, 0, 0]
				},
				"neck": {
					"rotation": [-10, 0, -10]
				},
				"head": {
					"rotation": [14.33501, -4.46375, 16.93839]
				},
				"leftwing": {
					"rotation": [0, 0, -22.5]
				},
				"rightwing": {
					"rotation": [0, 0, 25]
				},
				"leftarm2": {
					"rotation": [0, 0, 30]
				},
				"leftelbow2": {
					"rotation": [-10, 57.5, 0],
					"position": [-0.4, 0, 0]
				},
				"rightarm2": {
					"rotation": [0, 0, -40]
				},
				"rightelbow2": {
					"rotation": [0, -55, 0],
					"position": [0.5, 0, -0.5]
				},
				"righthand2": {
					"rotation": [-40.52368, -28.02432, 21.88151]
				},
				"tail": {
					"rotation": [-45, 20, 0]
				}
			}
		},
		"animation.stingwing_pup.ground_idle": {
			"loop": true,
			"animation_length": 4,
			"bones": {
				"body": {
					"rotation": [-2.5, 0, 0],
					"position": [0, -0.6, 0]
				},
				"leftleg": {
					"rotation": ["-10+math.sin(query.anim_time*90*2)*2", 0, 0],
					"position": [0, "0+math.sin(query.anim_time*90*2)*0.2", 0]
				},
				"leftknee": {
					"rotation": ["30-math.sin(query.anim_time*90*2)*4", 0, 0]
				},
				"leftfoot": {
					"rotation": ["-17.5+math.sin(query.anim_time*90*2)*2", 0, 0]
				},
				"rightleg": {
					"rotation": ["-12.5+math.sin(query.anim_time*90*2)*2", 0, 0],
					"position": [0, "0+math.sin(query.anim_time*90*2)*0.2", 0]
				},
				"rightknee": {
					"rotation": ["32.5-math.sin(query.anim_time*90*2)*4", 0, 0]
				},
				"rightfoot": {
					"rotation": ["-18.0778+math.sin(query.anim_time*90*2)*2", 14.2906, -4.6066]
				},
				"torso": {
					"rotation": ["10+math.sin(query.anim_time*90*2+60)", 0, "0-math.sin(query.anim_time*90*2)"],
					"position": [0, "0+math.sin(query.anim_time*90*2)*0.2", 0]
				},
				"chest": {
					"rotation": [-2.5, 0, "0+math.sin(query.anim_time*90*2)"]
				},
				"rightarm": {
					"rotation": [104.80645, "-26.4899595668+math.sin(query.anim_time*90*2+60)*2", "-31.3304042736+math.sin(query.anim_time*90*2+60)*5"]
				},
				"rightelbow": {
					"rotation": [7.30737, -6.40865, "50.431313044+math.sin(query.anim_time*90*2+120)*5"]
				},
				"righthand": {
					"rotation": [0, -20, 0]
				},
				"leftarm": {
					"rotation": [114.52579, "37.7821247704-math.sin(query.anim_time*90*2+60)*5", "24.8824360714-math.sin(query.anim_time*90*2+60)*2"]
				},
				"leftelbow": {
					"rotation": [0, 0, "-40-math.sin(query.anim_time*90*2+120)*5"]
				},
				"lefthand": {
					"rotation": [0, 42.5, 0],
					"position": [-0.4, 0, 0.7]
				},
				"neck": {
					"rotation": ["-10+math.sin(query.anim_time*90*2+60)*2", 0, 0]
				},
				"head": {
					"rotation": ["10+math.sin(query.anim_time*90*2-60)*5", 0, "0+math.sin(query.anim_time*90*2+60)*2"]
				},
				"leftwing": {
					"rotation": ["0-math.sin(query.anim_time*90*2+60)*5", 0, 0]
				},
				"rightwing": {
					"rotation": ["2.5-math.sin(query.anim_time*90*2+60)*5", 0, 0]
				},
				"leftarm2": {
					"rotation": [110.10605, "32.6879130167+math.sin(query.anim_time*90*2+120)*5", "55.1502955798+math.sin(query.anim_time*90*2+120)*5"]
				},
				"leftelbow2": {
					"rotation": [0, 0, -52.5]
				},
				"lefthand2": {
					"rotation": [0, 0, "-2.5+math.sin(query.anim_time*90*2+180)*5"]
				},
				"rightarm2": {
					"rotation": [101.93744, "-18.3074425209-math.sin(query.anim_time*90*2+120)*5", "-60.201952396-math.sin(query.anim_time*90*2+120)*5"]
				},
				"rightelbow2": {
					"rotation": [0, 0, 47.5]
				},
				"righthand2": {
					"rotation": [0, 0, "2.5-math.sin(query.anim_time*90*2+180)*5"]
				},
				"tail": {
					"rotation": ["-25-math.sin(query.anim_time*90*2+120)*5", 0, 0]
				},
				"lefttail": {
					"rotation": ["0-math.sin(query.anim_time*90*2)*5", 0, 0]
				}
			}
		},
		"animation.stingwing_pup.ground_walk": {
			"loop": true,
			"animation_length": 1,
			"bones": {
				"body": {
					"position": {
						"0.0": {
							"post": [0, -1.4, 0],
							"lerp_mode": "catmullrom"
						},
						"0.25": {
							"post": [0, -0.1, 0],
							"lerp_mode": "catmullrom"
						},
						"0.5": {
							"post": [0, -1.4, 0],
							"lerp_mode": "catmullrom"
						},
						"0.75": {
							"post": [0, -0.1, 0],
							"lerp_mode": "catmullrom"
						},
						"1.0": {
							"post": [0, -1.4, 0],
							"lerp_mode": "catmullrom"
						}
					}
				},
				"leftleg": {
					"rotation": {
						"0.0": {
							"post": [17.5, 0, 0],
							"lerp_mode": "catmullrom"
						},
						"0.5": {
							"post": [-32.5, 0, 0],
							"lerp_mode": "catmullrom"
						},
						"1.0": {
							"post": [17.5, 0, 0],
							"lerp_mode": "catmullrom"
						}
					},
					"position": {
						"0.0": {
							"post": [0, 0, 0],
							"lerp_mode": "catmullrom"
						},
						"0.25": {
							"post": [0, 2, 0],
							"lerp_mode": "catmullrom"
						},
						"0.5": {
							"post": [0, 1, 0],
							"lerp_mode": "catmullrom"
						},
						"1.0": {
							"post": [0, 0, 0],
							"lerp_mode": "catmullrom"
						}
					}
				},
				"leftknee": {
					"rotation": {
						"0.0": {
							"post": [25, 0, 0],
							"lerp_mode": "catmullrom"
						},
						"0.25": {
							"post": [48.75, 0, 0],
							"lerp_mode": "catmullrom"
						},
						"0.375": {
							"post": [39.58, 0, 0],
							"lerp_mode": "catmullrom"
						},
						"0.5": {
							"post": [17.5, 0, 0],
							"lerp_mode": "catmullrom"
						},
						"1.0": {
							"post": [25, 0, 0],
							"lerp_mode": "catmullrom"
						}
					}
				},
				"leftfoot": {
					"rotation": {
						"0.0": {
							"post": [-42.5, 0, 0],
							"lerp_mode": "catmullrom"
						},
						"0.2083": {
							"post": [1.97, 0, 0],
							"lerp_mode": "catmullrom"
						},
						"0.4167": {
							"post": [-28.57, 0, 0],
							"lerp_mode": "catmullrom"
						},
						"0.5": {
							"post": [15, 0, 0],
							"lerp_mode": "catmullrom"
						},
						"1.0": {
							"post": [-42.5, 0, 0],
							"lerp_mode": "catmullrom"
						}
					}
				},
				"rightleg": {
					"rotation": {
						"0.0": {
							"post": [-40, 0, 0],
							"lerp_mode": "catmullrom"
						},
						"0.5": {
							"post": [15, 0, 0],
							"lerp_mode": "catmullrom"
						},
						"1.0": {
							"post": [-40, 0, 0],
							"lerp_mode": "catmullrom"
						}
					},
					"position": {
						"0.0": {
							"post": [0, 0.4, 0],
							"lerp_mode": "catmullrom"
						},
						"0.5": {
							"post": [0, 0.4, 0],
							"lerp_mode": "catmullrom"
						},
						"0.75": {
							"post": [0, 2, 0],
							"lerp_mode": "catmullrom"
						},
						"1.0": {
							"post": [0, 0.4, 0],
							"lerp_mode": "catmullrom"
						}
					}
				},
				"rightknee": {
					"rotation": {
						"0.0": {
							"post": [22.5, 0, 0],
							"lerp_mode": "catmullrom"
						},
						"0.5": {
							"post": [30, 0, 0],
							"lerp_mode": "catmullrom"
						},
						"0.75": {
							"post": [56.25, 0, 0],
							"lerp_mode": "catmullrom"
						},
						"1.0": {
							"post": [22.5, 0, 0],
							"lerp_mode": "catmullrom"
						}
					}
				},
				"rightfoot": {
					"rotation": {
						"0.0": {
							"post": [17.5, 0, 0],
							"lerp_mode": "catmullrom"
						},
						"0.5": {
							"post": [-27.5, 0, 0],
							"lerp_mode": "catmullrom"
						},
						"0.7917": {
							"post": [8.29, 0, 0],
							"lerp_mode": "catmullrom"
						},
						"0.9167": {
							"post": [-29.28, 0, 0],
							"lerp_mode": "catmullrom"
						},
						"1.0": {
							"post": [17.5, 0, 0],
							"lerp_mode": "catmullrom"
						}
					}
				},
				"torso": {
					"rotation": ["10-math.sin(query.anim_time*90*8)", "-math.sin(query.anim_time*90*4)*5", 0]
				},
				"chest": {
					"rotation": ["-7.5-math.sin(query.anim_time*90*8+60)*2", 0, 0]
				},
				"rightarm": {
					"rotation": [75, 0, "-42.5+math.sin(query.anim_time*90*8)"]
				},
				"rightelbow": {
					"rotation": [-5.85463, -13.83447, "23.2108845648-math.sin(query.anim_time*90*8+120)*5"]
				},
				"leftarm": {
					"rotation": [90.73801, 2.81531, "40.2386777631-math.sin(query.anim_time*90*8)*2"]
				},
				"leftelbow": {
					"rotation": [0, 0, "-32.5+math.sin(query.anim_time*90*8+120)*5"]
				},
				"head": {
					"rotation": ["0+math.sin(query.anim_time*90*8)*5", "0+math.sin(query.anim_time*90*4)*5", "0+math.sin(query.anim_time*90*4+60)"]
				},
				"leftwing": {
					"rotation": [0, "0+math.sin(query.anim_time*90*4+160)*5", "0-math.sin(query.anim_time*90*8-180)*10"]
				},
				"rightwing": {
					"rotation": [0, "0+math.sin(query.anim_time*90*4+120)*5", "0+math.sin(query.anim_time*90*8-180)*10"]
				},
				"leftarm2": {
					"rotation": [0, "0+math.sin(query.anim_time*90*4+120)*5", 42.5]
				},
				"leftelbow2": {
					"rotation": [0, 72.5, 0]
				},
				"lefthand2": {
					"rotation": [0, "15-math.sin(query.anim_time*90*8+120)*5", 0]
				},
				"rightarm2": {
					"rotation": [0, "-7.5+math.sin(query.anim_time*90*4+120)*5", -37.5]
				},
				"rightelbow2": {
					"rotation": [-12.5, -62.5, 0]
				},
				"righthand2": {
					"rotation": [0, "-10-math.sin(query.anim_time*90*8+120)*5", 0]
				},
				"tail": {
					"rotation": ["-12.5+math.sin(query.anim_time*90*8+120)*5", "math.sin(query.anim_time*90*4+60)*5", 0]
				}
			}
		},
		"animation.stingwing_pup.battle_idle": {
			"loop": true,
			"animation_length": 2,
			"bones": {
				"body": {
					"rotation": [0, -35, 0],
					"position": [0, -2, 0]
				},
				"leftleg": {
					"rotation": [31.5355, 22.57168, -3.93804]
				},
				"leftknee": {
					"rotation": [32.5, 0, 0]
				},
				"leftfoot": {
					"rotation": [-35, 0, 0]
				},
				"rightleg": {
					"rotation": [-55, 30, 0]
				},
				"rightknee": {
					"rotation": [55, 0, 0]
				},
				"torso": {
					"rotation": ["15+math.sin(query.anim_time*90*4-60)", 15, 0],
					"position": [0, "0+math.sin(query.anim_time*90*4)*0.2", 0]
				},
				"chest": {
					"rotation": ["0+math.sin(query.anim_time*90*4-120)*2", 12.5, 0]
				},
				"rightarm": {
					"rotation": ["-82.5+math.sin(query.anim_time*90*4-60)*5", "0+math.sin(query.anim_time*90*4)*5", -7.5]
				},
				"rightelbow": {
					"rotation": [0, -35, 0]
				},
				"righthand": {
					"rotation": [0, "45+math.sin(query.anim_time*90*4)*5", 0],
					"position": [0.6, 0, -0.6]
				},
				"leftarm": {
					"rotation": [-92.46207, "-0.4339868564+math.sin(query.anim_time*90*4-60)*5", "-9.9906740596+math.sin(query.anim_time*90*4)*5"]
				},
				"leftelbow": {
					"rotation": [0, "45+math.sin(query.anim_time*90*4)*5", 0]
				},
				"lefthand": {
					"rotation": [0, "-52.5-math.sin(query.anim_time*90*4-120)*5", 0]
				},
				"head": {
					"rotation": ["-9.3668943257+math.sin(query.anim_time*90*4+120)*5", 4.45274, "-3.2957522732+math.sin(query.anim_time*90*4)*2"]
				},
				"leftwing": {
					"rotation": [0, 22.5, "0-math.sin(math.sin(query.anim_time*90*16+query.anim_time*90*8)*5)*5*40"]
				},
				"rightwing": {
					"rotation": [0, -27.5, "0+math.sin(math.sin(query.anim_time*90*16+query.anim_time*90*8)*5)*5*40"]
				},
				"leftarm2": {
					"rotation": [-85, "0+math.sin(query.anim_time*90*4)*5", "22.5+math.sin(query.anim_time*90*4-60)*5"]
				},
				"leftelbow2": {
					"rotation": [0, 32.5, 0]
				},
				"lefthand2": {
					"rotation": [0, -32.5, 0]
				},
				"rightarm2": {
					"rotation": ["-67.5+math.sin(query.anim_time*90*4)*5", "0+math.sin(query.anim_time*90*4-60)*5", -40]
				},
				"rightelbow2": {
					"rotation": [0, -40, 0]
				},
				"righthand2": {
					"rotation": [0, 37.5, 0]
				},
				"tail": {
					"rotation": [-30, "0+math.sin(query.anim_time*90*4-60)*5", "0+math.sin(query.anim_time*90*4-120)*5"]
				}
			}
		},
		"animation.stingwing_pup.air_idle": {
			"loop": true,
			"animation_length": 2,
			"bones": {
				"body": {
					"rotation": ["35+math.sin(query.anim_time*90*2+60)*2", 0, 0],
					"position": [0, "0+math.sin(query.anim_time*90*2)", 6]
				},
				"leftleg": {
					"rotation": ["-57.5+math.sin(query.anim_time*90*2-120)*5", 0, 0]
				},
				"leftknee": {
					"rotation": ["90+math.sin(query.anim_time*90*2-180)*5", 0, 0]
				},
				"leftfoot": {
					"rotation": [35, 0, 0]
				},
				"rightleg": {
					"rotation": ["-62.5+math.sin(query.anim_time*90*2-150)*5", 0, 0],
					"position": [0, 1, 0]
				},
				"rightknee": {
					"rotation": ["72.5+math.sin(query.anim_time*90*2-180)*5", 0, 0]
				},
				"rightfoot": {
					"rotation": [22.5, 0, 0]
				},
				"rightarm": {
					"rotation": ["0+math.sin(query.anim_time*90*2-60)*5", 0, "-37.5+math.sin(query.anim_time*90*2)*5"]
				},
				"rightelbow": {
					"rotation": [0, -20, 0]
				},
				"leftarm": {
					"rotation": ["0+math.sin(query.anim_time*90*2-60)*5", 0, "45-math.sin(query.anim_time*90*2)*5"]
				},
				"leftelbow": {
					"rotation": [0, 22.5, 0]
				},
				"head": {
					"rotation": ["-20+math.sin(query.anim_time*90*2-60)*2", 0, "0+math.sin(query.anim_time*90*2)"]
				},
				"leftwing": {
					"rotation": ["0+math.sin(query.anim_time*90*30)*30", "0-math.sin(query.anim_time*90*30)*30", 0]
				},
				"rightwing": {
					"rotation": ["0+math.sin(query.anim_time*90*30)*30", "-10+math.sin(query.anim_time*90*30)*30", 0]
				},
				"leftarm2": {
					"rotation": ["0+math.sin(query.anim_time*90*2)*5", 0, "40-math.sin(query.anim_time*90*2+60)*5"]
				},
				"leftelbow2": {
					"rotation": [0, 22.5, 0]
				},
				"rightarm2": {
					"rotation": ["0-math.sin(query.anim_time*90*2-60)*5", 0, "-35+math.sin(query.anim_time*90*2+60)*5"]
				},
				"rightelbow2": {
					"rotation": [0, -32.5, 0]
				},
				"tail": {
					"rotation": ["-67.5+math.sin(query.anim_time*90*2-120)*5", 0, 0]
				}
			}
		},
		"animation.stingwing_pup.air_fly": {
			"loop": true,
			"animation_length": 2,
			"bones": {
				"body": {
					"rotation": ["80+math.sin(query.anim_time*90*2+60)*2", 0, "0+math.sin(query.anim_time*90*2+60)*5"],
					"position": ["0+math.sin(query.anim_time*90*2-60)*2", "11+math.sin(query.anim_time*90*2)", 13]
				},
				"leftleg": {
					"rotation": ["-57.5+math.sin(query.anim_time*90*2-120)*5", 0, 0]
				},
				"leftknee": {
					"rotation": ["90+math.sin(query.anim_time*90*2-180)*5", 0, 0]
				},
				"leftfoot": {
					"rotation": [35, 0, 0]
				},
				"rightleg": {
					"rotation": ["-62.5+math.sin(query.anim_time*90*2-150)*5", 0, 0],
					"position": [0, 1, 0]
				},
				"rightknee": {
					"rotation": ["72.5+math.sin(query.anim_time*90*2-180)*5", 0, 0]
				},
				"rightfoot": {
					"rotation": [22.5, 0, 0]
				},
				"rightarm": {
					"rotation": ["0+math.sin(query.anim_time*90*2-60)*5", 0, "-37.5+math.sin(query.anim_time*90*2)*5"]
				},
				"rightelbow": {
					"rotation": [0, -20, 0]
				},
				"leftarm": {
					"rotation": ["0+math.sin(query.anim_time*90*2-60)*5", 0, "45-math.sin(query.anim_time*90*2)*5"]
				},
				"leftelbow": {
					"rotation": [0, 22.5, 0]
				},
				"head": {
					"rotation": ["-72.5+math.sin(query.anim_time*90*2-60)*2", "0+math.sin(query.anim_time*90*2+120)*5", "0+math.sin(query.anim_time*90*2)"],
					"position": [0, 1, -1]
				},
				"leftwing": {
					"rotation": ["0+math.sin(query.anim_time*90*30)*30", "0-math.sin(query.anim_time*90*30)*30", 0]
				},
				"rightwing": {
					"rotation": ["0+math.sin(query.anim_time*90*30)*30", "-10+math.sin(query.anim_time*90*30)*30", 0]
				},
				"leftarm2": {
					"rotation": ["0+math.sin(query.anim_time*90*2)*5", 0, "40-math.sin(query.anim_time*90*2+60)*5"]
				},
				"leftelbow2": {
					"rotation": [0, 22.5, 0]
				},
				"rightarm2": {
					"rotation": ["0-math.sin(query.anim_time*90*2-60)*5", 0, "-35+math.sin(query.anim_time*90*2+60)*5"]
				},
				"rightelbow2": {
					"rotation": [0, -32.5, 0]
				},
				"tail": {
					"rotation": ["-67.5+math.sin(query.anim_time*90*2-120)*5", 0, 0]
				}
			}
		},
		"animation.stingwing_pup.sleep": {
			"loop": true,
			"animation_length": 4,
			"bones": {
				"body": {
					"position": [0, -9, 0]
				},
				"leftleg": {
					"rotation": [-90, -45, 0]
				},
				"leftfoot": {
					"rotation": ["35+math.sin(query.anim_time*90*1)*2", 0, 0]
				},
				"rightleg": {
					"rotation": [-90, 30, 0]
				},
				"rightfoot": {
					"rotation": ["57.5+math.sin(query.anim_time*90*1)*2", 0, 0]
				},
				"uppertorso": {
					"rotation": [17.5, 0, 0]
				},
				"chest": {
					"rotation": ["0+math.sin(query.anim_time*90*1)", 0, 0]
				},
				"rightarm": {
					"rotation": [83.7732, 6.51932, -37.52706]
				},
				"rightelbow": {
					"rotation": [0, -25, 0]
				},
				"leftarm": {
					"rotation": [77.47886, -12.09795, 30.71192]
				},
				"leftelbow": {
					"rotation": [0, 35, 0]
				},
				"head": {
					"rotation": ["17.5+math.sin(query.anim_time*90*1-60)*5", 0, 0]
				},
				"eyelids": {
					"position": [0, 0, -1]
				},
				"leftwing": {
					"rotation": [0, 0, "45+math.sin(query.anim_time*90*1)*2"]
				},
				"rightwing": {
					"rotation": [0, 0, "-47.5+math.sin(query.anim_time*90*1)*2"]
				},
				"leftarm2": {
					"rotation": [137.84172, 29.37236, 51.86443]
				},
				"lefthand2": {
					"rotation": [-49.10661, -20.70481, 22.20765]
				},
				"rightarm2": {
					"rotation": [94.65019, -46.42265, -49.8893]
				},
				"righthand2": {
					"rotation": [0, 40, 0]
				},
				"tail": {
					"rotation": [0, "0+math.sin(query.anim_time*90*1)*2", "0+math.sin(query.anim_time*90*1-60)*2"]
				}
			}
		},
		"animation.stingwing_pup.blink": {
			"animation_length": 0.125,
			"bones": {
				"eyelids": {
					"position": {
						"0.0": [0, 0, 0],
						"0.0417": [0, 0, -1]
					}
				}
			}
		},
		"animation.stingwing_pup.cry": {
			"animation_length": 0.75,
			"bones": {
				"chest": {
					"rotation": {
						"0.0": {
							"post": [0, 0, 0],
							"lerp_mode": "catmullrom"
						},
						"0.0833": {
							"post": [10, 0, 0],
							"lerp_mode": "catmullrom"
						},
						"0.4167": {
							"post": [-5, 0, 0],
							"lerp_mode": "catmullrom"
						},
						"0.75": {
							"post": [0, 0, 0],
							"lerp_mode": "catmullrom"
						}
					},
					"position": {
						"0.0": {
							"post": [0, 0, 0],
							"lerp_mode": "catmullrom"
						},
						"0.125": {
							"post": [0, -0.5, 0],
							"lerp_mode": "catmullrom"
						},
						"0.5833": {
							"post": [0, 0, 0],
							"lerp_mode": "catmullrom"
						},
						"0.75": {
							"post": [0, 0, 0],
							"lerp_mode": "catmullrom"
						}
					}
				},
				"head": {
					"rotation": {
						"0.0": [0, 0, 0],
						"0.125": [-5, 0, 0],
						"0.25": [0.43815, -0.01913, 2.49993],
						"0.3333": [6.46908, -0.00957, 1.24996],
						"0.4167": [2.5, 0, 0],
						"0.5833": [0, 0, 0],
						"0.75": [0, 0, 0]
					}
				}
			},
			"sound_effects": {
				"0.1667": {
					"effect": "pokemon.stingwing_pup.cry"
				}
			}
		}
	}
}