{
	"format_version": "1.10.0",
	"particle_effect": {
		"description": {
			"identifier": "cobblemon:debugs_swarm_shiny",
			"basic_render_parameters": {
				"material": "particles_alpha",
				"texture": "textures/particles/locust_shiny"
			}
		},
		"curves": {
			"variable.size": {
				"type": "linear",
				"input": "v.particle_age",
				"horizontal_range": "v.particle_lifetime",
				"nodes": [0.12, 0.82, 0.96, 1, 0.97, 0.86, 0.31]
			}
		},
		"components": {
			"minecraft:emitter_local_space": {
				"position": true,
				"rotation": false,
				"velocity": true
			},
			"minecraft:emitter_rate_steady": {
				"spawn_rate": 20,
				"max_particles": 50
			},
			"minecraft:emitter_lifetime_expression": {
				"activation_expression": 1
			},
			"minecraft:emitter_shape_sphere": {
				"radius": 0.6,
				"surface_only": true,
				"direction": ["math.random(-1,1)", "math.random(-1,1)", "math.random(-1,1)"]
			},
			"minecraft:particle_lifetime_expression": {
				"max_lifetime": "math.random(4,6)"
			},
			"minecraft:particle_initial_speed": 0.3,
			"minecraft:particle_motion_dynamic": {
				"linear_acceleration": ["math.random(-3,3)", "math.random(-3,3)", "math.random(-3,3)"],
				"linear_drag_coefficient": 4
			},
			"minecraft:particle_appearance_billboard": {
				"size": ["math.random(0.4,0.44)*variable.size", "math.random(0.4,0.44)*variable.size"],
				"facing_camera_mode": "rotate_xyz",
				"uv": {
					"texture_width": 32,
					"texture_height": 48,
					"flipbook": {
						"base_UV": ["Math.floor(v.particle_random_3 * 2) * 16", 0],
						"size_UV": [16, 16],
						"step_UV": [0, "Math.floor(16)"],
						"frames_per_second": 24,
						"max_frame": 3,
						"loop": true
					}
				}
			}
		}
	}
}