{
	"format_version": "1.8.0",
	"animations": {
		"animation.slacho.ground_idle": {
			"loop": true,
			"bones": {
				"fire2": {
					"rotation": ["-19.5623+(math.sin(q.anim_time*90*5)*1)", 4.2453, "11.7678+(math.sin(q.anim_time*90*5)*1)"],
					"scale": "1+(math.sin(q.anim_time*90*5)*0.01)"
				},
				"fire3": {
					"rotation": ["-26.9409+(math.sin(q.anim_time*90*6)*1)", -5.73576, "-11.125+(math.sin(q.anim_time*90*6)*1)"],
					"scale": "1+(math.sin(q.anim_time*90*6)*0.01)"
				},
				"fire4": {
					"rotation": ["-22.0182+(math.sin(q.anim_time*90*7)*1)", 4.75113, "11.5752+(math.sin(q.anim_time*90*7)*1)"],
					"scale": "1+(math.sin(q.anim_time*90*7)*0.01)"
				},
				"fire5": {
					"rotation": ["-25.2577+(math.sin(q.anim_time*90*8)*1)", -11.2531, "-22.471+(math.sin(q.anim_time*90*8)*1)"],
					"scale": "1+(math.sin(q.anim_time*90*8)*0.01)"
				},
				"fire6": {
					"rotation": ["-31.2822+(math.sin(q.anim_time*90*9)*1)", 9.29798, "14.8915+(math.sin(q.anim_time*90*9)*1)"],
					"scale": "1+(math.sin(q.anim_time*90*9)*0.01)"
				},
				"torso": {
					"position": [0, "-0.1*(math.sin(q.anim_time*90*3-90)*2+1)", 0]
				},
				"upper_torso": {
					"rotation": ["-2.5+1*math.sin(q.anim_time*90*2-110)", "0.5*math.cos(q.anim_time*90*1-60)", 0]
				},
				"fire": {
					"rotation": ["(math.sin(q.anim_time*90*4)*1)", 0, 0],
					"scale": "1+(math.sin(q.anim_time*90*4)*0.01)"
				},
				"brow_right": {
					"scale": "1+(math.sin(q.anim_time*90*4)*0.015)"
				},
				"brow_right2": {
					"rotation": [0, 0, "1*(math.sin(q.anim_time*90*4)*6)"],
					"scale": "1+(math.sin(q.anim_time*90*5)*0.015)"
				},
				"brow_left": {
					"scale": "1+(math.sin(q.anim_time*90*4)*0.015)"
				},
				"brow_left2": {
					"rotation": [0, 0, "-1*(math.sin(q.anim_time*90*4)*6)"],
					"scale": "1+(math.sin(q.anim_time*90*5)*0.015)"
				},
				"arm_right": {
					"rotation": [0, 0, "10-2*(math.sin(q.anim_time*90*3)*1+1)"]
				},
				"elbow_right": {
					"rotation": [0, 0, "40-2*(math.sin(q.anim_time*90*3)*1+1)"]
				},
				"hand_right": {
					"rotation": [0, 0, "-17.5-2*(math.sin(q.anim_time*90*3)*1)"]
				},
				"claws_right": {
					"rotation": [0, 0, "-20-2*(math.sin(q.anim_time*90*3)*1)"]
				},
				"claws_right2": {
					"rotation": [0, 0, "-32.5-2*(math.sin(q.anim_time*90*3)*1)"]
				},
				"claws_right3": {
					"rotation": [0, 0, "-22.5-2*(math.sin(q.anim_time*90*3)*1)"]
				},
				"arm_left": {
					"rotation": [0, 0, "-10+2*(math.sin(q.anim_time*90*3)*1+1)"]
				},
				"elbow_left": {
					"rotation": [0, 0, "-40+2*(math.sin(q.anim_time*90*3)*1+1)"]
				},
				"hand_left": {
					"rotation": [0, 0, "17.5+2*(math.sin(q.anim_time*90*3)*1+1)"]
				},
				"claws_left": {
					"rotation": [0, 0, "20+2*(math.sin(q.anim_time*90*3)*1)"]
				},
				"claws_left2": {
					"rotation": [0, 0, "32.5+2*(math.sin(q.anim_time*90*3)*1)"]
				},
				"claws_left3": {
					"rotation": [0, 0, "22.5+2*(math.sin(q.anim_time*90*3)*1)"]
				},
				"waist_lower": {
					"position": [0, 0, 0]
				}
			}
		},
		"animation.slacho.ground_walk": {
			"loop": true,
			"bones": {
				"body": {
					"position": [0, "0.15+math.clamp(-math.sin(q.anim_time*90*6+180)*0.65,-0.5,0)", 0]
				},
				"torso": {
					"rotation": [
						"0+math.sin(query.anim_time*90*6*1+30+180)*3.5",
						"0+math.sin(query.anim_time*90*3*1+20+180)*12.5",
						"0+math.sin(query.anim_time*90*3*1+10+180)*4"
					]
				},
				"fire": {
					"rotation": ["(math.sin(q.anim_time*90*4)*1)", 0, 0],
					"scale": "1+(math.sin(q.anim_time*90*4)*0.01)"
				},
				"fire2": {
					"rotation": ["-19.5623+(math.sin(q.anim_time*90*5)*1),-4*math.sin(q.anim_time*90*3*1.5-60)*1", 4.2453, "11.7678+(math.sin(q.anim_time*90*5)*1)"],
					"scale": "1+(math.sin(q.anim_time*90*5)*0.01)"
				},
				"fire3": {
					"rotation": ["-26.9409+(math.sin(q.anim_time*90*6)*1),-4*math.sin(q.anim_time*90*3*1.5-60)*1", -5.73576, "-11.125+(math.sin(q.anim_time*90*6)*1)"],
					"scale": "1+(math.sin(q.anim_time*90*6)*0.01)"
				},
				"fire4": {
					"rotation": ["-22.0182+(math.sin(q.anim_time*90*7)*1),-4*math.sin(q.anim_time*90*3*1.5-60)*1", 4.75113, "11.5752+(math.sin(q.anim_time*90*7)*1)"],
					"scale": "1+(math.sin(q.anim_time*90*7)*0.01)"
				},
				"fire5": {
					"rotation": ["-25.2577+(math.sin(q.anim_time*90*8)*1),-4*math.sin(q.anim_time*90*3*1.5-60)*1", -11.2531, "-22.471+(math.sin(q.anim_time*90*8)*1)"],
					"scale": "1+(math.sin(q.anim_time*90*8)*0.01)"
				},
				"fire6": {
					"rotation": ["-31.2822+(math.sin(q.anim_time*90*9)*1),-4*math.sin(q.anim_time*90*3*1.5-60)*1", 9.29798, "14.8915+(math.sin(q.anim_time*90*9)*1)"],
					"scale": "1+(math.sin(q.anim_time*90*9)*0.01)"
				},
				"brow_right": {
					"scale": "1+(math.sin(q.anim_time*90*4)*0.015)"
				},
				"brow_right2": {
					"rotation": [0, 0, "1*(math.sin(q.anim_time*90*4)*6)"],
					"scale": "1+(math.sin(q.anim_time*90*5)*0.015)"
				},
				"brow_left": {
					"scale": "1+(math.sin(q.anim_time*90*4)*0.015)"
				},
				"brow_left2": {
					"rotation": [0, 0, "-1*(math.sin(q.anim_time*90*4)*6)"],
					"scale": "1+(math.sin(q.anim_time*90*5)*0.015)"
				},
				"arm_right": {
					"rotation": [0, "-5-math.sin(query.anim_time*90*3*1.5)*10", "10-2*(math.sin(q.anim_time*90*3)*1+1)"]
				},
				"elbow_right": {
					"rotation": [0, 0, "40-2*(math.sin(q.anim_time*90*3)*1+1)"]
				},
				"hand_right": {
					"rotation": [0, 0, "-17.5-2*(math.sin(q.anim_time*90*3)*1)"]
				},
				"claws_right": {
					"rotation": [0, 0, "-20-2*(math.sin(q.anim_time*90*3)*1)"]
				},
				"claws_right2": {
					"rotation": [0, 0, "-32.5-2*(math.sin(q.anim_time*90*3)*1)"]
				},
				"claws_right3": {
					"rotation": [0, 0, "-22.5-2*(math.sin(q.anim_time*90*3)*1)"]
				},
				"arm_left": {
					"rotation": [0, "5-math.sin(query.anim_time*90*3*1.5)*10", "-10+2*(math.sin(q.anim_time*90*3)*1+1)"]
				},
				"elbow_left": {
					"rotation": [0, 0, "-40+2*(math.sin(q.anim_time*90*3)*1+1)"]
				},
				"hand_left": {
					"rotation": [0, 0, "17.5+2*(math.sin(q.anim_time*90*3)*1+1)"]
				},
				"claws_left": {
					"rotation": [0, 0, "20+2*(math.sin(q.anim_time*90*3)*1)"]
				},
				"claws_left2": {
					"rotation": [0, 0, "32.5+2*(math.sin(q.anim_time*90*3)*1)"]
				},
				"claws_left3": {
					"rotation": [0, 0, "22.5+2*(math.sin(q.anim_time*90*3)*1)"]
				},
				"leg_left": {
					"position": [
						"math.cos(q.anim_time*90*3+70)*0.1",
						"math.sin(q.anim_time*90*3+90)*1+math.clamp(-math.sin(q.anim_time*90*3+90)*1,0,1)",
						"0.5+math.cos(q.anim_time*90*3+120)*1.5"
					]
				},
				"leg_right": {
					"position": [
						"math.cos(q.anim_time*90*3+70+180)*0.1",
						"math.sin(q.anim_time*90*3+90+180)*1+math.clamp(-math.sin(q.anim_time*90*3+90+180)*1,0,1)",
						"0.5+math.cos(q.anim_time*90*3+120+180)*1.5"
					]
				}
			}
		},
		"animation.slacho.sleep": {
			"loop": true,
			"bones": {
				"slacho": {
					"rotation": [0, -90, 0]
				},
				"body": {
					"rotation": [-90, 15, -90],
					"position": [0, 7, -8]
				},
				"upper_torso": {
					"rotation": [0, 0, 17.5],
					"position": [0, -1, 0]
				},
				"fire": {
					"scale": "1+(math.sin(q.anim_time*90*4)*0.01)"
				},
				"fire2": {
					"rotation": [-20, 0, 0],
					"scale": "1+(math.sin(q.anim_time*90*5)*0.01)"
				},
				"fire3": {
					"rotation": [-36.20348, -14.36495, -29.47028],
					"scale": "1+(math.sin(q.anim_time*90*6)*0.01)"
				},
				"fire4": {
					"rotation": [-20, 0, 0],
					"scale": "1+(math.sin(q.anim_time*90*7)*0.01)"
				},
				"fire5": {
					"rotation": [-15, 0, -57.5],
					"scale": "1+(math.sin(q.anim_time*90*8)*0.01)"
				},
				"fire6": {
					"rotation": [0, 0, -12.5],
					"position": [0, -0.5, 0],
					"scale": "1+(math.sin(q.anim_time*90*9)*0.01)"
				},
				"brow_right": {
					"position": [0, 0, 1],
					"scale": [1, 0, 1]
				},
				"brow_left": {
					"position": [0, 0, 1],
					"scale": [1, 0, 1]
				},
				"arm_right": {
					"rotation": [0, 0, "50+2*(math.sin(q.anim_time*90*3)*0.1+1)"]
				},
				"elbow_right": {
					"rotation": [0, 0, 17.5]
				},
				"hand_right": {
					"rotation": [0.162, -0.01205, "2.4947+2*(math.sin(q.anim_time*90*3)*0.1+1)"]
				},
				"claws_right": {
					"rotation": [0, 0, "-37.5+2*(math.sin(q.anim_time*90*3)*0.1+1)"]
				},
				"claws_right2": {
					"rotation": [0, 0, "-25+2*(math.sin(q.anim_time*90*3)*0.1+1)"]
				},
				"claws_right3": {
					"rotation": [0, 0, -7.5]
				},
				"arm_left": {
					"rotation": [0, 0, "47.5+2*(math.sin(q.anim_time*90*3)*0.1+1)"],
					"position": [-8.5, 3, 0]
				},
				"elbow_left": {
					"rotation": [0, 0, "30+2*(math.sin(q.anim_time*90*3)*0.1+1)"],
					"position": [-6, 1.75, 0]
				},
				"hand_left": {
					"rotation": [0, 0, "2*(math.sin(q.anim_time*90*3)*0.1+1)"]
				},
				"claws_left": {
					"rotation": [0, 0, "5+2*(math.sin(q.anim_time*90*3)*0.1+1)"]
				},
				"claws_left2": {
					"rotation": [0, 0, "5+2*(math.sin(q.anim_time*90*3)*0.1+1)"]
				},
				"claws_left3": {
					"rotation": [0, 0, "25-2*(math.sin(q.anim_time*90*3)*0.1+1)"]
				},
				"muscle_left": {
					"position": [-0.5, 0, 0]
				},
				"leg_left": {
					"rotation": [0, 0, "15-2*(math.sin(q.anim_time*90*3)*0.15+1)"]
				},
				"foot_left": {
					"rotation": [0, 0, 5]
				},
				"foot_right": {
					"rotation": [0, 0, -7.5]
				}
			}
		},
		"animation.slacho.blink": {
			"animation_length": 0.1667,
			"bones": {
				"brow_right": {
					"scale": {
						"0.0": [1, 1, 1],
						"0.0833": [1, 0, 1],
						"0.1667": [1, 1, 1]
					}
				},
				"brow_left": {
					"scale": {
						"0.0": [1, 1, 1],
						"0.0833": [1, 0, 1],
						"0.1667": [1, 1, 1]
					}
				}
			}
		},
		"animation.slacho.flex_right": {
			"animation_length": 1.25,
			"bones": {
				"arm_right": {
					"rotation": {
						"0.0": {
							"post": [0, 0, 0],
							"lerp_mode": "catmullrom"
						},
						"0.25": {
							"post": [0, 0, 27.5],
							"lerp_mode": "catmullrom"
						},
						"1.0": {
							"post": [0, 0, 27.5],
							"lerp_mode": "catmullrom"
						},
						"1.25": {
							"post": [0, 0, 0],
							"lerp_mode": "catmullrom"
						}
					}
				},
				"elbow_right": {
					"rotation": {
						"0.0": {
							"post": [0, 0, 0],
							"lerp_mode": "catmullrom"
						},
						"0.25": {
							"post": [0, 0, 25],
							"lerp_mode": "catmullrom"
						},
						"0.375": {
							"post": [0, 0, 32.5],
							"lerp_mode": "catmullrom"
						},
						"0.5": {
							"post": [0, 0, 25],
							"lerp_mode": "catmullrom"
						},
						"0.625": {
							"post": [0, 0, 32.5],
							"lerp_mode": "catmullrom"
						},
						"0.75": {
							"post": [0, 0, 25],
							"lerp_mode": "catmullrom"
						},
						"0.875": {
							"post": [0, 0, 32.5],
							"lerp_mode": "catmullrom"
						},
						"1.0": {
							"post": [0, 0, 25],
							"lerp_mode": "catmullrom"
						},
						"1.25": {
							"post": [0, 0, 0],
							"lerp_mode": "catmullrom"
						}
					}
				},
				"muscle_right": {
					"scale": {
						"0.0": {
							"post": [1, 1, 1],
							"lerp_mode": "catmullrom"
						},
						"0.25": {
							"post": [1.01, 1.02, 1],
							"lerp_mode": "catmullrom"
						},
						"0.375": {
							"post": [1, 1, 1],
							"lerp_mode": "catmullrom"
						},
						"0.5": {
							"post": [1.01, 1.02, 1],
							"lerp_mode": "catmullrom"
						},
						"0.625": {
							"post": [1, 1, 1],
							"lerp_mode": "catmullrom"
						},
						"0.75": {
							"post": [1.01, 1.02, 1],
							"lerp_mode": "catmullrom"
						},
						"0.875": {
							"post": [1, 1, 1],
							"lerp_mode": "catmullrom"
						},
						"1.0": {
							"post": [1.01, 1.02, 1],
							"lerp_mode": "catmullrom"
						},
						"1.25": {
							"post": [1, 1, 1],
							"lerp_mode": "catmullrom"
						}
					}
				},
				"hand_right": {
					"rotation": {
						"0.0": {
							"post": [0, 0, 0],
							"lerp_mode": "catmullrom"
						},
						"0.25": {
							"post": [0, 0, -17.5],
							"lerp_mode": "catmullrom"
						},
						"0.375": {
							"post": [0, 0, -25],
							"lerp_mode": "catmullrom"
						},
						"0.5": {
							"post": [0, 0, -17.5],
							"lerp_mode": "catmullrom"
						},
						"0.625": {
							"post": [0, 0, -25],
							"lerp_mode": "catmullrom"
						},
						"0.75": {
							"post": [0, 0, -17.5],
							"lerp_mode": "catmullrom"
						},
						"0.875": {
							"post": [0, 0, -25],
							"lerp_mode": "catmullrom"
						},
						"1.0": {
							"post": [0, 0, -17.5],
							"lerp_mode": "catmullrom"
						},
						"1.25": {
							"post": [0, 0, 0],
							"lerp_mode": "catmullrom"
						}
					}
				}
			}
		},
		"animation.slacho.flex_left": {
			"animation_length": 1.25,
			"bones": {
				"arm_left": {
					"rotation": {
						"0.0": {
							"post": [0, 0, 0],
							"lerp_mode": "catmullrom"
						},
						"0.25": {
							"post": [0, 0, -27.5],
							"lerp_mode": "catmullrom"
						},
						"1.0": {
							"post": [0, 0, -27.5],
							"lerp_mode": "catmullrom"
						},
						"1.25": {
							"post": [0, 0, 0],
							"lerp_mode": "catmullrom"
						}
					}
				},
				"elbow_left": {
					"rotation": {
						"0.0": {
							"post": [0, 0, 0],
							"lerp_mode": "catmullrom"
						},
						"0.25": {
							"post": [0, 0, -25],
							"lerp_mode": "catmullrom"
						},
						"0.375": {
							"post": [0, 0, -32.5],
							"lerp_mode": "catmullrom"
						},
						"0.5": {
							"post": [0, 0, -25],
							"lerp_mode": "catmullrom"
						},
						"0.625": {
							"post": [0, 0, -32.5],
							"lerp_mode": "catmullrom"
						},
						"0.75": {
							"post": [0, 0, -25],
							"lerp_mode": "catmullrom"
						},
						"0.875": {
							"post": [0, 0, -32.5],
							"lerp_mode": "catmullrom"
						},
						"1.0": {
							"post": [0, 0, -25],
							"lerp_mode": "catmullrom"
						},
						"1.25": {
							"post": [0, 0, 0],
							"lerp_mode": "catmullrom"
						}
					}
				},
				"hand_left": {
					"rotation": {
						"0.0": {
							"post": [0, 0, 0],
							"lerp_mode": "catmullrom"
						},
						"0.25": {
							"post": [0, 0, 17.5],
							"lerp_mode": "catmullrom"
						},
						"0.375": {
							"post": [0, 0, 25],
							"lerp_mode": "catmullrom"
						},
						"0.5": {
							"post": [0, 0, 17.5],
							"lerp_mode": "catmullrom"
						},
						"0.625": {
							"post": [0, 0, 25],
							"lerp_mode": "catmullrom"
						},
						"0.75": {
							"post": [0, 0, 17.5],
							"lerp_mode": "catmullrom"
						},
						"0.875": {
							"post": [0, 0, 25],
							"lerp_mode": "catmullrom"
						},
						"1.0": {
							"post": [0, 0, 17.5],
							"lerp_mode": "catmullrom"
						},
						"1.25": {
							"post": [0, 0, 0],
							"lerp_mode": "catmullrom"
						}
					}
				},
				"muscle_left": {
					"scale": {
						"0.0": {
							"post": [1, 1, 1],
							"lerp_mode": "catmullrom"
						},
						"0.25": {
							"post": [1.01, 1.02, 1],
							"lerp_mode": "catmullrom"
						},
						"0.375": {
							"post": [1, 1, 1],
							"lerp_mode": "catmullrom"
						},
						"0.5": {
							"post": [1.01, 1.02, 1],
							"lerp_mode": "catmullrom"
						},
						"0.625": {
							"post": [1, 1, 1],
							"lerp_mode": "catmullrom"
						},
						"0.75": {
							"post": [1.01, 1.02, 1],
							"lerp_mode": "catmullrom"
						},
						"0.875": {
							"post": [1, 1, 1],
							"lerp_mode": "catmullrom"
						},
						"1.0": {
							"post": [1.01, 1.02, 1],
							"lerp_mode": "catmullrom"
						},
						"1.25": {
							"post": [1, 1, 1],
							"lerp_mode": "catmullrom"
						}
					}
				}
			}
		},
		"animation.slacho.battle_idle": {
			"loop": true,
			"bones": {
				"fire2": {
					"rotation": ["-19.5623+(math.sin(q.anim_time*90*5)*1)", 4.2453, "11.7678+(math.sin(q.anim_time*90*5)*1)"],
					"scale": "1+(math.sin(q.anim_time*90*5)*0.01)"
				},
				"fire3": {
					"rotation": ["-26.9409+(math.sin(q.anim_time*90*6)*1)", -5.73576, "-11.125+(math.sin(q.anim_time*90*6)*1)"],
					"scale": "1+(math.sin(q.anim_time*90*6)*0.01)"
				},
				"fire4": {
					"rotation": ["-22.0182+(math.sin(q.anim_time*90*7)*1)", 4.75113, "11.5752+(math.sin(q.anim_time*90*7)*1)"],
					"scale": "1+(math.sin(q.anim_time*90*7)*0.01)"
				},
				"fire5": {
					"rotation": ["-25.2577+(math.sin(q.anim_time*90*8)*1)", -11.2531, "-22.471+(math.sin(q.anim_time*90*8)*1)"],
					"scale": "1+(math.sin(q.anim_time*90*8)*0.01)"
				},
				"fire6": {
					"rotation": ["-31.2822+(math.sin(q.anim_time*90*9)*1)", 9.29798, "14.8915+(math.sin(q.anim_time*90*9)*1)"],
					"scale": "1+(math.sin(q.anim_time*90*9)*0.01)"
				},
				"torso": {
					"position": [0, "-0.1*(math.sin(q.anim_time*90*3-90)*2+1)", 0]
				},
				"upper_torso": {
					"rotation": ["-7.8471+1*math.sin(q.anim_time*90*2-110)", "-24.9519+0.5*math.cos(q.anim_time*90*1-60)", 1.59934]
				},
				"fire": {
					"rotation": ["(math.sin(q.anim_time*90*4)*1)", 0, 0],
					"scale": "1+(math.sin(q.anim_time*90*4)*0.01)"
				},
				"brow_right": {
					"rotation": [0, 0, 2.5],
					"position": [0.1, 0, 0],
					"scale": "1+(math.sin(q.anim_time*90*4)*0.015)"
				},
				"brow_right2": {
					"rotation": [0, 0, "1*(math.sin(q.anim_time*90*4)*6)"],
					"scale": "1+(math.sin(q.anim_time*90*5)*0.015)"
				},
				"brow_left": {
					"rotation": [0, 0, -2.5],
					"position": [-0.1, 0, 0],
					"scale": "1+(math.sin(q.anim_time*90*4)*0.015)"
				},
				"brow_left2": {
					"rotation": [0, 0, "-1*(math.sin(q.anim_time*90*4)*6)"],
					"scale": "1+(math.sin(q.anim_time*90*5)*0.015)"
				},
				"arm_right": {
					"rotation": [5, 0, "10-2*(math.sin(q.anim_time*90*3)*1+1)"],
					"position": [0, 0, 3]
				},
				"elbow_right": {
					"rotation": [0, 0, "40-2*(math.sin(q.anim_time*90*3)*1+1)"]
				},
				"hand_right": {
					"rotation": [0, 0, "-17.5-2*(math.sin(q.anim_time*90*3)*1)"]
				},
				"claws_right": {
					"rotation": [0, 0, "-20-2*(math.sin(q.anim_time*90*3)*1)"]
				},
				"claws_right2": {
					"rotation": [0, 0, "-32.5-2*(math.sin(q.anim_time*90*3)*1)"]
				},
				"claws_right3": {
					"rotation": [0, 0, "-22.5-2*(math.sin(q.anim_time*90*3)*1)"]
				},
				"arm_left": {
					"rotation": [5, 0, "-10+2*(math.sin(q.anim_time*90*3)*1+1)"],
					"position": [0, 0, 3]
				},
				"elbow_left": {
					"rotation": [0, 0, "-40+2*(math.sin(q.anim_time*90*3)*1+1)"]
				},
				"hand_left": {
					"rotation": [0, 0, "17.5+2*(math.sin(q.anim_time*90*3)*1+1)"]
				},
				"claws_left": {
					"rotation": [0, 0, "20+2*(math.sin(q.anim_time*90*3)*1)"]
				},
				"claws_left2": {
					"rotation": [0, 0, "32.5+2*(math.sin(q.anim_time*90*3)*1)"]
				},
				"claws_left3": {
					"rotation": [0, 0, "22.5+2*(math.sin(q.anim_time*90*3)*1)"]
				},
				"waist_lower": {
					"position": [0, 0, 0]
				},
				"body": {
					"rotation": [0, 30, 0]
				}
			}
		},
		"animation.slacho.recoil": {
			"animation_length": 1.5,
			"bones": {
				"torso": {
					"rotation": {
						"0.0": [0, 0, 0],
						"0.125": [-12, 0, 0],
						"0.4583": {
							"pre": [2.24067, 0, 0],
							"post": [2.24067, 0, 0],
							"lerp_mode": "catmullrom"
						},
						"0.8333": {
							"post": [2.24067, 0, 0],
							"lerp_mode": "catmullrom"
						},
						"1.2917": [0, 0, 0]
					}
				},
				"upper_torso": {
					"rotation": {
						"0.0": [0, 0, 0],
						"0.0833": [4.98, 0, 0],
						"0.4167": {
							"pre": [0, 0, 0],
							"post": [0, 0, 0],
							"lerp_mode": "catmullrom"
						},
						"0.7083": {
							"post": [1.5, 0, 0],
							"lerp_mode": "catmullrom"
						},
						"1.4167": [0, 0, 0]
					}
				},
				"arm_right": {
					"rotation": {
						"0.0": [0, 0, 0],
						"0.125": {
							"pre": [0, -30, 0],
							"post": [0, -30, 0],
							"lerp_mode": "catmullrom"
						},
						"0.9167": {
							"post": [0, 0, 0],
							"lerp_mode": "catmullrom"
						},
						"1.2917": [0, 0, 0]
					}
				},
				"arm_left": {
					"rotation": {
						"0.0": [0, 0, 0],
						"0.125": {
							"pre": [0, 30, 0],
							"post": [0, 30, 0],
							"lerp_mode": "catmullrom"
						},
						"0.9167": {
							"post": [0, 0, 0],
							"lerp_mode": "catmullrom"
						},
						"1.2917": [0, 0, 0]
					}
				}
			}
		},
		"animation.slacho.faint": {
			"loop": "hold_on_last_frame",
			"animation_length": 4.375,
			"bones": {
				"slacho": {
					"rotation": {
						"0.0": [0, 0, 0],
						"0.5": [0, -90, 0]
					}
				},
				"body": {
					"rotation": {
						"0.0": [0, 30, 0],
						"0.5": [-90, 15, -90]
					},
					"position": {
						"0.0": [0, 0, 0],
						"0.5": [0, 7, -8]
					}
				},
				"upper_torso": {
					"rotation": {
						"0.0": ["-7.8471+1*math.sin(q.anim_time*90*2-110)", "-24.9519+0.5*math.cos(q.anim_time*90*1-60)", 1.59934],
						"0.5": [0, 0, 17.5]
					},
					"position": [0, -1, 0]
				},
				"fire": {
					"rotation": ["(math.sin(q.anim_time*90*4)*1)", 0, 0],
					"scale": {
						"0.0": ["1+(math.sin(q.anim_time*90*4)*0.01)", "1+(math.sin(q.anim_time*90*4)*0.01)", "1+(math.sin(q.anim_time*90*4)*0.01)"],
						"0.5": ["1+(math.sin(q.anim_time*90*4)*0.01)", "1+(math.sin(q.anim_time*90*4)*0.01)", "1+(math.sin(q.anim_time*90*4)*0.01)"]
					}
				},
				"fire2": {
					"rotation": {
						"0.0": ["-19.5623+(math.sin(q.anim_time*90*5)*1)", 4.2453, "11.7678+(math.sin(q.anim_time*90*5)*1)"],
						"0.5": [-20, 0, 0]
					},
					"scale": {
						"0.0": ["1+(math.sin(q.anim_time*90*5)*0.01)", "1+(math.sin(q.anim_time*90*5)*0.01)", "1+(math.sin(q.anim_time*90*5)*0.01)"],
						"0.5": ["1+(math.sin(q.anim_time*90*5)*0.01)", "1+(math.sin(q.anim_time*90*5)*0.01)", "1+(math.sin(q.anim_time*90*5)*0.01)"]
					}
				},
				"fire3": {
					"rotation": {
						"0.0": ["-26.9409+(math.sin(q.anim_time*90*6)*1)", -5.73576, "-11.125+(math.sin(q.anim_time*90*6)*1)"],
						"0.5": [-36.20348, -14.36495, -29.47028]
					},
					"scale": {
						"0.0": ["1+(math.sin(q.anim_time*90*6)*0.01)", "1+(math.sin(q.anim_time*90*6)*0.01)", "1+(math.sin(q.anim_time*90*6)*0.01)"],
						"0.5": ["1+(math.sin(q.anim_time*90*6)*0.01)", "1+(math.sin(q.anim_time*90*6)*0.01)", "1+(math.sin(q.anim_time*90*6)*0.01)"]
					}
				},
				"fire4": {
					"rotation": {
						"0.0": ["-22.0182+(math.sin(q.anim_time*90*7)*1)", 4.75113, "11.5752+(math.sin(q.anim_time*90*7)*1)"],
						"0.5": [-20, 0, 0]
					},
					"scale": {
						"0.0": ["1+(math.sin(q.anim_time*90*7)*0.01)", "1+(math.sin(q.anim_time*90*7)*0.01)", "1+(math.sin(q.anim_time*90*7)*0.01)"],
						"0.5": ["1+(math.sin(q.anim_time*90*7)*0.01)", "1+(math.sin(q.anim_time*90*7)*0.01)", "1+(math.sin(q.anim_time*90*7)*0.01)"]
					}
				},
				"fire5": {
					"rotation": {
						"0.0": ["-25.2577+(math.sin(q.anim_time*90*8)*1)", -11.2531, "-22.471+(math.sin(q.anim_time*90*8)*1)"],
						"0.5": [-15, 0, -57.5]
					},
					"scale": {
						"0.0": ["1+(math.sin(q.anim_time*90*8)*0.01)", "1+(math.sin(q.anim_time*90*8)*0.01)", "1+(math.sin(q.anim_time*90*8)*0.01)"],
						"0.5": ["1+(math.sin(q.anim_time*90*8)*0.01)", "1+(math.sin(q.anim_time*90*8)*0.01)", "1+(math.sin(q.anim_time*90*8)*0.01)"]
					}
				},
				"fire6": {
					"rotation": {
						"0.0": ["-31.2822+(math.sin(q.anim_time*90*9)*1)", 9.29798, "14.8915+(math.sin(q.anim_time*90*9)*1)"],
						"0.5": [0, 0, -12.5]
					},
					"position": [0, -0.5, 0],
					"scale": {
						"0.0": ["1+(math.sin(q.anim_time*90*9)*0.01)", "1+(math.sin(q.anim_time*90*9)*0.01)", "1+(math.sin(q.anim_time*90*9)*0.01)"],
						"0.5": ["1+(math.sin(q.anim_time*90*9)*0.01)", "1+(math.sin(q.anim_time*90*9)*0.01)", "1+(math.sin(q.anim_time*90*9)*0.01)"]
					}
				},
				"brow_right": {
					"rotation": [0, 0, 2.5],
					"position": {
						"0.0": [0.1, 0, 0],
						"0.5": [0, 0, 1]
					},
					"scale": {
						"0.0": ["1+(math.sin(q.anim_time*90*4)*0.015)", "1+(math.sin(q.anim_time*90*4)*0.015)", "1+(math.sin(q.anim_time*90*4)*0.015)"],
						"0.5": [1, 0, 1]
					}
				},
				"brow_left": {
					"rotation": [0, 0, -2.5],
					"position": {
						"0.0": [-0.1, 0, 0],
						"0.5": [0, 0, 1]
					},
					"scale": {
						"0.0": ["1+(math.sin(q.anim_time*90*4)*0.015)", "1+(math.sin(q.anim_time*90*4)*0.015)", "1+(math.sin(q.anim_time*90*4)*0.015)"],
						"0.5": [1, 0, 1]
					}
				},
				"arm_right": {
					"rotation": {
						"0.0": [5, 0, "10-2*(math.sin(q.anim_time*90*3)*1+1)"],
						"0.5": [0, 0, "50+2*(math.sin(q.anim_time*90*3)*0.1+1)"]
					},
					"position": [0, 0, 3]
				},
				"elbow_right": {
					"rotation": {
						"0.0": [0, 0, "40-2*(math.sin(q.anim_time*90*3)*1+1)"],
						"0.5": [0, 0, 17.5]
					}
				},
				"hand_right": {
					"rotation": {
						"0.0": [0, 0, "-17.5-2*(math.sin(q.anim_time*90*3)*1)"],
						"0.5": [0.162, -0.01205, "2.4947+2*(math.sin(q.anim_time*90*3)*0.1+1)"]
					}
				},
				"claws_right": {
					"rotation": {
						"0.0": [0, 0, "-20-2*(math.sin(q.anim_time*90*3)*1)"],
						"0.5": [0, 0, "-37.5+2*(math.sin(q.anim_time*90*3)*0.1+1)"]
					}
				},
				"claws_right2": {
					"rotation": {
						"0.0": [0, 0, "-32.5-2*(math.sin(q.anim_time*90*3)*1)"],
						"0.5": [0, 0, "-25+2*(math.sin(q.anim_time*90*3)*0.1+1)"]
					}
				},
				"claws_right3": {
					"rotation": {
						"0.0": [0, 0, "-22.5-2*(math.sin(q.anim_time*90*3)*1)"],
						"0.5": [0, 0, -7.5]
					}
				},
				"arm_left": {
					"rotation": {
						"0.0": [5, 0, "-10+2*(math.sin(q.anim_time*90*3)*1+1)"],
						"0.5": [0, 0, "47.5+2*(math.sin(q.anim_time*90*3)*0.1+1)"]
					},
					"position": {
						"0.0": [0, 0, 3],
						"0.5": [-8.5, 3, 0]
					}
				},
				"elbow_left": {
					"rotation": {
						"0.0": [0, 0, "-40+2*(math.sin(q.anim_time*90*3)*1+1)"],
						"0.5": [0, 0, "30+2*(math.sin(q.anim_time*90*3)*0.1+1)"]
					},
					"position": {
						"0.0": [0, 1.75, 0],
						"0.5": [-6, 1.75, 0]
					}
				},
				"hand_left": {
					"rotation": {
						"0.0": [0, 0, "17.5+2*(math.sin(q.anim_time*90*3)*1+1)"],
						"0.5": [0, 0, "2*(math.sin(q.anim_time*90*3)*0.1+1)"]
					}
				},
				"claws_left": {
					"rotation": {
						"0.0": [0, 0, "20+2*(math.sin(q.anim_time*90*3)*1)"],
						"0.5": [0, 0, "5+2*(math.sin(q.anim_time*90*3)*0.1+1)"]
					}
				},
				"claws_left2": {
					"rotation": {
						"0.0": [0, 0, "32.5+2*(math.sin(q.anim_time*90*3)*1)"],
						"0.5": [0, 0, "5+2*(math.sin(q.anim_time*90*3)*0.1+1)"]
					}
				},
				"claws_left3": {
					"rotation": {
						"0.0": [0, 0, "22.5+2*(math.sin(q.anim_time*90*3)*1)"],
						"0.5": [0, 0, "25-2*(math.sin(q.anim_time*90*3)*0.1+1)"]
					}
				},
				"muscle_left": {
					"position": [-0.5, 0, 0]
				},
				"leg_left": {
					"rotation": {
						"0.0": [0, 0, 0],
						"0.5": [0, 0, "15-2*(math.sin(q.anim_time*90*3)*0.15+1)"]
					}
				},
				"foot_left": {
					"rotation": {
						"0.0": [0, 0, 0],
						"0.5": [0, 0, 5]
					}
				},
				"foot_right": {
					"rotation": {
						"0.0": [0, 0, 0],
						"0.5": [0, 0, -7.5]
					}
				},
				"torso": {
					"position": [0, "-0.1*(math.sin(q.anim_time*90*3-90)*2+1)", 0]
				},
				"brow_right2": {
					"rotation": [0, 0, "1*(math.sin(q.anim_time*90*4)*6)"],
					"scale": "1+(math.sin(q.anim_time*90*5)*0.015)"
				},
				"brow_left2": {
					"rotation": [0, 0, "-1*(math.sin(q.anim_time*90*4)*6)"],
					"scale": "1+(math.sin(q.anim_time*90*5)*0.015)"
				},
				"waist_lower": {
					"position": [0, 0, 0]
				}
			}
		},
		"animation.slacho.cry": {
			"animation_length": 1.6667,
			"bones": {
				"arm_right": {
					"rotation": {
						"0.0": {
							"post": [0, 0, 0],
							"lerp_mode": "catmullrom"
						},
						"0.25": {
							"post": [0, 0, 10],
							"lerp_mode": "catmullrom"
						},
						"0.8333": {
							"post": [0, 0, 12.5],
							"lerp_mode": "catmullrom"
						},
						"1.0833": {
							"post": [0, 0, 0],
							"lerp_mode": "catmullrom"
						}
					}
				},
				"elbow_right": {
					"rotation": {
						"0.0": {
							"post": [0, 0, 0],
							"lerp_mode": "catmullrom"
						},
						"0.25": {
							"post": [0, 0, 25],
							"lerp_mode": "catmullrom"
						},
						"0.8333": {
							"post": [0, 0, 7.5],
							"lerp_mode": "catmullrom"
						},
						"1.0833": {
							"post": [0, 0, 0],
							"lerp_mode": "catmullrom"
						}
					}
				},
				"muscle_right": {
					"scale": {
						"0.0": {
							"post": [1, 1, 1],
							"lerp_mode": "catmullrom"
						},
						"0.25": {
							"post": [1.01, 1.02, 1],
							"lerp_mode": "catmullrom"
						},
						"0.8333": {
							"post": [1.01, 1.02, 1],
							"lerp_mode": "catmullrom"
						},
						"1.0833": {
							"post": [1, 1, 1],
							"lerp_mode": "catmullrom"
						}
					}
				},
				"hand_right": {
					"rotation": {
						"0.0": {
							"post": [0, 0, 0],
							"lerp_mode": "catmullrom"
						},
						"0.25": {
							"post": [0, 0, -17.5],
							"lerp_mode": "catmullrom"
						},
						"0.8333": {
							"post": [0, 0, -17.5],
							"lerp_mode": "catmullrom"
						},
						"1.0833": {
							"post": [0, 0, 0],
							"lerp_mode": "catmullrom"
						}
					}
				},
				"arm_left": {
					"rotation": {
						"0.4167": {
							"pre": [0, 0, 0],
							"post": [0, 0, 0],
							"lerp_mode": "catmullrom"
						},
						"0.6667": {
							"post": [0, 0, -10],
							"lerp_mode": "catmullrom"
						},
						"1.25": {
							"post": [0, 0, -12.5],
							"lerp_mode": "catmullrom"
						},
						"1.5": {
							"post": [0, 0, 0],
							"lerp_mode": "catmullrom"
						}
					}
				},
				"elbow_left": {
					"rotation": {
						"0.4167": {
							"pre": [0, 0, 0],
							"post": [0, 0, 0],
							"lerp_mode": "catmullrom"
						},
						"0.6667": {
							"post": [0, 0, -25],
							"lerp_mode": "catmullrom"
						},
						"1.25": {
							"post": [0, 0, -7.5],
							"lerp_mode": "catmullrom"
						},
						"1.5": {
							"post": [0, 0, 0],
							"lerp_mode": "catmullrom"
						}
					}
				},
				"hand_left": {
					"rotation": {
						"0.4167": {
							"pre": [0, 0, 0],
							"post": [0, 0, 0],
							"lerp_mode": "catmullrom"
						},
						"0.6667": {
							"post": [0, 0, 17.5],
							"lerp_mode": "catmullrom"
						},
						"1.25": {
							"post": [0, 0, 17.5],
							"lerp_mode": "catmullrom"
						},
						"1.5": {
							"post": [0, 0, 0],
							"lerp_mode": "catmullrom"
						}
					}
				},
				"muscle_left": {
					"scale": {
						"0.4167": {
							"pre": [1, 1, 1],
							"post": [1, 1, 1],
							"lerp_mode": "catmullrom"
						},
						"0.6667": {
							"post": [1.01, 1.02, 1],
							"lerp_mode": "catmullrom"
						},
						"1.25": {
							"post": [1.01, 1.02, 1],
							"lerp_mode": "catmullrom"
						},
						"1.5": {
							"post": [1, 1, 1],
							"lerp_mode": "catmullrom"
						}
					}
				},
				"upper_torso": {
					"rotation": {
						"0.0": {
							"post": [0, 0, 0],
							"lerp_mode": "catmullrom"
						},
						"0.25": {
							"post": [-5, 0, 0],
							"lerp_mode": "catmullrom"
						},
						"0.4167": {
							"post": [0, 0, 0],
							"lerp_mode": "catmullrom"
						},
						"0.625": {
							"post": [-5, 0, 0],
							"lerp_mode": "catmullrom"
						},
						"1.2917": {
							"post": [0, 0, 0],
							"lerp_mode": "catmullrom"
						},
						"1.6667": {
							"post": [0, 0, 0],
							"lerp_mode": "catmullrom"
						}
					}
				}
			},
			"sound_effects": {
				"0.25": {
					"effect": "pokemon.slacho.cry"
				}
			}
		}
	}
}