{
	"format_version": "1.12.0",
	"minecraft:geometry": [
		{
			"description": {
				"identifier": "geometry.bastiodon",
				"texture_width": 128,
				"texture_height": 128,
				"visible_bounds_width": 4,
				"visible_bounds_height": 3.5,
				"visible_bounds_offset": [0, 1.25, 0]
			},
			"bones": [
				{
					"name": "triceraearth",
					"pivot": [0, -0.5, 0]
				},
				{
					"name": "body",
					"parent": "triceraearth",
					"pivot": [0, -1, 0]
				},
				{
					"name": "torso",
					"parent": "body",
					"pivot": [0, 13, 7],
					"cubes": [
						{"origin": [-7.5, 5.5, -10], "size": [15, 15, 20], "uv": [0, 0]}
					]
				},
				{
					"name": "neck",
					"parent": "torso",
					"pivot": [-0.5, 14.75, -11],
					"cubes": [
						{"origin": [-5, 7.75, -16], "size": [10, 11, 11], "pivot": [-0.5, 14.75, -10], "rotation": [-15, 0, 0], "uv": [78, 106]}
					]
				},
				{
					"name": "head",
					"parent": "neck",
					"pivot": [-0.5, 15.75, -14],
					"cubes": [
						{"origin": [-5.5, 9.5, -24], "size": [11, 12, 11], "uv": [34, 105]},
						{"origin": [-9.5, 14.5, -15], "size": [19, 20, 2], "pivot": [-0.5, 24.75, -15], "rotation": [-17.5, 0, 0], "uv": [43, 43]},
						{"origin": [2, 20.75, -19], "size": [3, 15, 3], "pivot": [2.5, 20.75, -16], "rotation": [45, 0, 0], "uv": [115, 52]},
						{"origin": [-5, 20.75, -19], "size": [3, 15, 3], "pivot": [-2.5, 20.75, -16], "rotation": [45, 0, 0], "uv": [115, 52]},
						{"origin": [-1.5, 18.75, -30], "size": [3, 3, 3], "pivot": [-0.5, 18.75, -28], "rotation": [20, 0, 0], "uv": [25, 35]},
						{"origin": [-3.5, 12.5, -34], "size": [7, 7, 10], "uv": [0, 40]}
					]
				},
				{
					"name": "eyes",
					"parent": "head",
					"pivot": [-0.5, 19.5, -20]
				},
				{
					"name": "eye_right",
					"parent": "eyes",
					"pivot": [-6.52, 18, -24.5],
					"cubes": [
						{"origin": [-5.51, 16.5, -23], "size": [0, 4, 5], "uv": [0, 11]}
					]
				},
				{
					"name": "eyelid_right",
					"parent": "eye_right",
					"pivot": [-5.91, 18.5, -24.5],
					"cubes": [
						{"origin": [-5.45, 16.5, -23], "size": [1, 3, 4], "inflate": 0.025, "uv": [10, 7]}
					]
				},
				{
					"name": "eye_left",
					"parent": "eyes",
					"pivot": [5.52, 18, -18.5],
					"cubes": [
						{"origin": [5.51, 16.5, -23], "size": [0, 4, 5], "uv": [0, 7]}
					]
				},
				{
					"name": "eyelid_left",
					"parent": "eye_left",
					"pivot": [4.91, 18.5, -18.5],
					"cubes": [
						{"origin": [4.47, 16.5, -23], "size": [1, 3, 4], "inflate": 0.025, "uv": [10, 13]}
					]
				},
				{
					"name": "jaw",
					"parent": "head",
					"pivot": [-0.5, 9.75, -23],
					"cubes": [
						{"origin": [-3.5, 9.5, -34], "size": [7, 3, 10], "uv": [86, 38]}
					]
				},
				{
					"name": "tail",
					"parent": "torso",
					"pivot": [0, 12.5, 10],
					"cubes": [
						{"origin": [-5, 7.5, 9], "size": [10, 10, 8], "uv": [50, 0]}
					]
				},
				{
					"name": "tail2",
					"parent": "tail",
					"pivot": [0, 12.5, 17],
					"cubes": [
						{"origin": [-3, 9.5, 16], "size": [6, 6, 8], "uv": [0, 74]},
						{"origin": [-1, 14.5, 19], "size": [2, 3, 2], "uv": [48, 35]},
						{"origin": [-1, 14.5, 21], "size": [2, 4, 2], "uv": [0, 5]}
					]
				},
				{
					"name": "back_spikes",
					"parent": "torso",
					"pivot": [0, 21, -2.75],
					"rotation": [45, 0, 0],
					"cubes": [
						{"origin": [-1, 21, -8.75], "size": [2, 4, 4], "uv": [102, 77]},
						{"origin": [-1, 18, -6.75], "size": [2, 5, 5], "inflate": 0.01, "uv": [98, 67]},
						{"origin": [-1, 15.5, -4.25], "size": [2, 5, 5], "inflate": 0.02, "uv": [98, 24]},
						{"origin": [-1, 13, -1.75], "size": [2, 5, 5], "inflate": 0.01, "uv": [0, 98]},
						{"origin": [-1, 11, 1.25], "size": [2, 4, 4], "uv": [100, 92]}
					]
				},
				{
					"name": "left_front_upper_leg",
					"parent": "body",
					"pivot": [7.5, 14, -6],
					"rotation": [0, 0, -40],
					"cubes": [
						{"origin": [1.36603, 7.5, -9], "size": [6, 9, 6], "uv": [86, 0]}
					]
				},
				{
					"name": "left_front_lower_leg",
					"parent": "left_front_upper_leg",
					"pivot": [7.36603, 7.5, -6],
					"rotation": [0, 0, 40],
					"cubes": [
						{"origin": [0.86603, -1.5, -9.5], "size": [7, 9, 7], "uv": [70, 18]}
					]
				},
				{
					"name": "left_front_toes",
					"parent": "left_front_lower_leg",
					"pivot": [4.36603, -1.5, -9.5],
					"cubes": [
						{"origin": [2.86603, -1.5, -11.5], "size": [3, 5, 3], "inflate": 0.02, "uv": [23, 105]},
						{"origin": [5.36603, -1.5, -10.5], "size": [2, 3, 2], "inflate": 0.01, "uv": [9, 98]},
						{"origin": [1.36603, -1.5, -10.5], "size": [2, 3, 2], "inflate": 0.01, "uv": [50, 96]}
					]
				},
				{
					"name": "right_front_upper_leg",
					"parent": "body",
					"pivot": [-7.5, 14, -6],
					"rotation": [0, 0, 40],
					"cubes": [
						{"origin": [-7.36603, 7.5, -9], "size": [6, 9, 6], "uv": [28, 81]}
					]
				},
				{
					"name": "right_front_lower_leg",
					"parent": "right_front_upper_leg",
					"pivot": [-7.36603, 7.5, -6],
					"rotation": [0, 0, -40],
					"cubes": [
						{"origin": [-7.86603, -1.5, -9.5], "size": [7, 9, 7], "uv": [28, 65]}
					]
				},
				{
					"name": "right_front_toes",
					"parent": "right_front_lower_leg",
					"pivot": [-4.36603, -1.5, -9.5],
					"cubes": [
						{"origin": [-5.86603, -1.5, -11.5], "size": [3, 5, 3], "inflate": 0.02, "uv": [88, 92]},
						{"origin": [-7.36603, -1.5, -10.5], "size": [2, 3, 2], "inflate": 0.01, "uv": [18, 88]},
						{"origin": [-3.36603, -1.5, -10.5], "size": [2, 3, 2], "inflate": 0.01, "uv": [46, 81]}
					]
				},
				{
					"name": "left_back_upper_leg",
					"parent": "body",
					"pivot": [7.5, 14, 6],
					"rotation": [0, 0, -40],
					"cubes": [
						{"origin": [1.36603, 7.5, 3], "size": [6, 9, 6], "uv": [52, 81]}
					]
				},
				{
					"name": "left_back_lower_leg",
					"parent": "left_back_upper_leg",
					"pivot": [7.36603, 7.5, 6],
					"rotation": [0, 0, 40],
					"cubes": [
						{"origin": [0.86603, -1.5, 2.5], "size": [7, 9, 7], "uv": [56, 65]}
					]
				},
				{
					"name": "left_back_toes",
					"parent": "left_back_lower_leg",
					"pivot": [4.36603, -1.5, 2.5],
					"cubes": [
						{"origin": [2.86603, -1.5, 0.5], "size": [3, 5, 3], "inflate": 0.02, "uv": [11, 105]},
						{"origin": [5.36603, -1.5, 1.5], "size": [2, 3, 2], "inflate": 0.01, "uv": [32, 96]},
						{"origin": [1.36603, -1.5, 1.5], "size": [2, 3, 2], "inflate": 0.01, "uv": [90, 51]}
					]
				},
				{
					"name": "right_back_upper_leg",
					"parent": "body",
					"pivot": [-7.5, 14, 6],
					"rotation": [0, 0, 40],
					"cubes": [
						{"origin": [-7.36603, 7.5, 3], "size": [6, 9, 6], "uv": [78, 75]}
					]
				},
				{
					"name": "right_back_lower_leg",
					"parent": "right_back_upper_leg",
					"pivot": [-7.36603, 7.5, 6],
					"rotation": [0, 0, -40],
					"cubes": [
						{"origin": [-7.86603, -1.5, 2.5], "size": [7, 9, 7], "uv": [0, 58]}
					]
				},
				{
					"name": "right_back_toes",
					"parent": "right_back_lower_leg",
					"pivot": [-4.36603, -1.5, 2.5],
					"cubes": [
						{"origin": [-5.86603, -1.5, 0.5], "size": [3, 5, 3], "inflate": 0.02, "uv": [76, 92]},
						{"origin": [-7.36603, -1.5, 1.5], "size": [2, 3, 2], "inflate": 0.01, "uv": [30, 58]},
						{"origin": [-3.36603, -1.5, 1.5], "size": [2, 3, 2], "inflate": 0.01, "uv": [39, 35]}
					]
				}
			]
		}
	]
}