{
  "head": "head",
  "portraitScale": 1.25,
  "faint": "bedrock(jestilaris, faint)",
  "cry": "bedrock(jestilaris, cry)",
  "portraitTranslation": [0, 0.5, 0],
  "profileScale": 0.8,
  "poses": {
    "standing": {
      "poseName": "standing",
      "transformTicks": 10,
      "poseTypes": ["STAND", "NONE", "PORTRAIT", "PROFILE"],
      "animations": ["bedrock(jestilaris, ground_idle)"]
    },
    "walking": {
      "poseName": "walking",
      "transformTicks": 10,
      "poseTypes": ["WALK"],
      "animations": ["bedrock(jestilaris, ground_walk)"]
    }
  }
}
