{
	"format_version": "1.12.0",
	"minecraft:geometry": [
		{
			"description": {
				"identifier": "geometry.lagaworks",
				"texture_width": 200,
				"texture_height": 200,
				"visible_bounds_width": 7,
				"visible_bounds_height": 5.5,
				"visible_bounds_offset": [0, 2.25, 0]
			},
			"bones": [
				{
					"name": "lagaworks",
					"pivot": [0, 0, 0]
				},
				{
					"name": "head",
					"parent": "lagaworks",
					"pivot": [0, 41, -14],
					"rotation": [32.5, 0, 0],
					"cubes": [
						{"origin": [-9, 37, -32], "size": [18, 14, 18], "uv": [0, 0]},
						{"origin": [-13, 32, -13.9], "size": [26, 24, 0], "uv": [124, 5]},
						{"origin": [0, 51, -30], "size": [0, 24, 16], "uv": [5, 75]}
					]
				},
				{
					"name": "bone",
					"parent": "lagaworks",
					"pivot": [0, -5, 0],
					"cubes": [
						{"origin": [-7, 37, -22], "size": [14, 10, 24], "pivot": [0, 42, -18], "rotation": [-37.5, 0, 0], "uv": [59, 12]},
						{"origin": [-6.98, 51, -10], "size": [14, 10, 24], "pivot": [0, 42, -18], "rotation": [-90, 0, 0], "uv": [59, 12]},
						{"origin": [-7, 0, -9], "size": [14, 10, 30], "uv": [52, 90]}
					]
				},
				{
					"name": "tail",
					"parent": "bone",
					"pivot": [0.13333, 2.75104, 18.07275],
					"cubes": [
						{"origin": [-6, 2, 17], "size": [12, 10, 26], "pivot": [0, 5, 21], "rotation": [40, 0, 0], "uv": [0, 42]},
						{"origin": [6.2, 15, 62], "size": [4, 4, 4], "pivot": [0, 21, 37], "rotation": [130, 0, 0], "uv": [129, 95]},
						{"origin": [3.2, 15, 69], "size": [4, 4, 4], "pivot": [0, 21, 37], "rotation": [130, 0, 0], "uv": [129, 95]},
						{"origin": [4.2, 15, 56], "size": [4, 4, 4], "pivot": [0, 21, 37], "rotation": [130, 0, 0], "uv": [129, 95]},
						{"origin": [-8.2, 15, 56], "size": [4, 4, 4], "pivot": [0, 21, 37], "rotation": [130, 0, 0], "uv": [129, 95], "mirror": true},
						{"origin": [-10.2, 15, 62], "size": [4, 4, 4], "pivot": [0, 21, 37], "rotation": [130, 0, 0], "uv": [129, 95], "mirror": true},
						{"origin": [-7.2, 15, 69], "size": [4, 4, 4], "pivot": [0, 21, 37], "rotation": [130, 0, 0], "uv": [129, 95], "mirror": true},
						{"origin": [-6.2, 12.02789, 32], "size": [12, 10, 26], "pivot": [0, 21, 37], "rotation": [130, 0, 0], "uv": [0, 42], "mirror": true},
						{"origin": [-6.2, 11, 58], "size": [12, 12, 12], "pivot": [0, 21, 37], "rotation": [130, 0, 0], "uv": [91, 54], "mirror": true}
					]
				},
				{
					"name": "arm",
					"parent": "lagaworks",
					"pivot": [11, 24, -4],
					"rotation": [-37.5, 0, 0],
					"cubes": [
						{"origin": [7, -9, -8], "size": [8, 33, 8], "uv": [157, 50]}
					]
				},
				{
					"name": "arm2",
					"parent": "lagaworks",
					"pivot": [-11, 24, -4],
					"rotation": [-37.5, 0, 0],
					"cubes": [
						{"origin": [-15, -9, -8], "size": [8, 33, 8], "uv": [157, 50], "mirror": true}
					]
				}
			]
		}
	]
}