{
	"format_version": "1.8.0",
	"animations": {
		"animation.branchief.ground_idle": {
			"loop": true,
			"bones": {
				"torso": {
					"rotation": [
						"(math.sin((q.anim_time - 1.45) * 360 / (3/2*2)) * 2.2)",
						"(math.sin((q.anim_time - 0.05) * 360 / (3/1*2)) * 3.35) - 0.25",
						"(math.sin((q.anim_time - 0.05) * 360 / (3/1*2)) * 1.2)"
					],
					"position": ["(math.sin((q.anim_time - 0.15) * 360 / (3/1)) * 0.195) - 0.015", "-(math.sin((q.anim_time - 0) * 360 / (3/2)) * 0.22)", 0]
				},
				"tail": {
					"position": [0, 0, 0]
				},
				"tail_middle": {
					"rotation": [
						"5-(math.sin((q.anim_time - 1.55) * 360 / (3/2)) * 3)",
						"(math.sin((q.anim_time - 0.15) * 360 / (3/0.75)) * 10)",
						"(math.sin((q.anim_time - 0.3) * 360 / (3/2)) * 4)"
					]
				},
				"tail_left": {
					"rotation": [
						"5-(math.sin((q.anim_time - 1.7) * 360 / (3/2)) * 3)",
						"(math.sin((q.anim_time - 0.3) * 360 / (3/0.75)) * 10)",
						"(math.sin((q.anim_time - 0.45) * 360 / (3/2)) * 4)"
					]
				},
				"tail_right": {
					"rotation": [
						"5-(math.sin((q.anim_time - 1.7) * 360 / (3/2)) * 3)",
						"(math.sin((q.anim_time - 0.3) * 360 / (3/0.75)) * 10)",
						"(math.sin((q.anim_time - 0.45) * 360 / (3/2)) * 4)"
					]
				},
				"tail_left2": {
					"rotation": [
						"5-(math.sin((q.anim_time - 1.85) * 360 / (3/2)) * 3)",
						"(math.sin((q.anim_time - 0.45) * 360 / (3/0.75)) * 10)",
						"(math.sin((q.anim_time - 0.6) * 360 / (3/2)) * 4)"
					]
				},
				"tail_right2": {
					"rotation": [
						"5-(math.sin((q.anim_time - 1.85) * 360 / (3/2)) * 3)",
						"(math.sin((q.anim_time - 0.45) * 360 / (3/0.75)) * 10)",
						"(math.sin((q.anim_time - 0.6) * 360 / (3/2)) * 4)"
					]
				},
				"neck": {
					"rotation": [
						"math.sin((q.anim_time - 1.725) * 360 / (3/2*2)) * -3",
						"math.sin((q.anim_time - 1.725) * 360 / (3/2*2)) * -3",
						"math.sin((q.anim_time - 1.725) * 360 / (3/2*2)) * -3"
					]
				},
				"head": {
					"rotation": [
						"math.sin((q.anim_time - 2.725) * 360 / (3/1*2)) * -3",
						"math.sin((q.anim_time - 2.725) * 360 / (3/1*2)) * -3",
						"math.sin((q.anim_time - 2.725) * 360 / (3/1*2)) * -3"
					]
				},
				"neck_right": {
					"rotation": [
						"math.sin((q.anim_time - 3.725) * 360 / (3/1*2)) * -3",
						"-math.sin((q.anim_time - 3.725) * 360 / (3/1*2)) * -3",
						"-5-math.sin((q.anim_time - 3.725) * 360 / (3/1*2)) * -3"
					]
				},
				"head_right": {
					"rotation": [
						"math.sin((q.anim_time - 4.725) * 360 / (3/1*2)) * -3",
						"-math.sin((q.anim_time - 4.725) * 360 / (3/1*2)) * -3",
						"-math.sin((q.anim_time - 4.725) * 360 / (3/1*2)) * -3"
					]
				},
				"bandana_upper_right": {
					"rotation": ["5-(math.sin((q.anim_time - 5.20) * 360 / (3/1)) * 10)", "-(math.sin((q.anim_time - 5.20) * 360 / (3/1*2)) * 10)", 0]
				},
				"bandana_upper_right2": {
					"rotation": [0, "-(math.sin((q.anim_time - 5.30) * 360 / (3/1*2)) * 10)", 0]
				},
				"bandana_upper_right3": {
					"rotation": [0, "-(math.sin((q.anim_time - 5.40) * 360 / (3/1*2)) * 10)", 0]
				},
				"bandana_upper_right4": {
					"rotation": [0, "-(math.sin((q.anim_time - 5.50) * 360 / (3/1*2)) * 10)", 0]
				},
				"bandana_upper_right5": {
					"rotation": [0, "-(math.sin((q.anim_time - 5.60) * 360 / (3/1*2)) * 10)", 0]
				},
				"bandana_lower_right": {
					"rotation": ["-5+(math.sin((q.anim_time - 5.45) * 360 / (3/1)) * 10)", "-(math.sin((q.anim_time - 5.45) * 360 / (3/1*2)) * 10)", 0]
				},
				"bandana_lower_right2": {
					"rotation": [0, "-(math.sin((q.anim_time - 5.55) * 360 / (3/1*2)) * 10)", 0]
				},
				"bandana_lower_right3": {
					"rotation": [0, "-(math.sin((q.anim_time - 5.65) * 360 / (3/1*2)) * 10)", 0]
				},
				"bandana_lower_right4": {
					"rotation": [0, "-(math.sin((q.anim_time - 5.75) * 360 / (3/1*2)) * 10)", 0]
				},
				"bandana_lower_right5": {
					"rotation": [0, "-(math.sin((q.anim_time - 5.85) * 360 / (3/1*2)) * 10)", 0]
				},
				"neck_left": {
					"rotation": [
						"math.sin((q.anim_time - 2.725) * 360 / (3/1*2)) * -3",
						"math.sin((q.anim_time - 2.725) * 360 / (3/1*2)) * -3",
						"5+math.sin((q.anim_time - 2.725) * 360 / (3/1*2)) * -3"
					]
				},
				"head_left": {
					"rotation": [
						"math.sin((q.anim_time - 3.725) * 360 / (3/1*2)) * -3",
						"math.sin((q.anim_time - 3.725) * 360 / (3/1*2)) * -3",
						"math.sin((q.anim_time - 3.725) * 360 / (3/1*2)) * -3"
					]
				},
				"bandana_left": {
					"rotation": ["(math.sin((q.anim_time - 4.20) * 360 / (3/1)) * 10)", "(math.sin((q.anim_time - 4.20) * 360 / (3/1*2)) * 10)", 0]
				},
				"bush_front": {
					"rotation": ["math.sin((q.anim_time - 2.55) * 360 / (3/2)) * 6", 0, 0]
				},
				"bush_front2": {
					"rotation": ["math.sin((q.anim_time - 3.55) * 360 / (3/2)) * 6", 0, 0]
				},
				"bush_front3": {
					"rotation": ["math.sin((q.anim_time - 4.55) * 360 / (3/2)) * 6", 0, 0]
				},
				"bush_front4": {
					"rotation": ["math.sin((q.anim_time - 5.55) * 360 / (3/2)) * 6", 0, 0]
				},
				"bush_upper4": {
					"rotation": ["-math.sin((q.anim_time - 5.55) * 360 / (3/2)) * 6", 0, 0]
				},
				"bush_upper3": {
					"rotation": ["-math.sin((q.anim_time - 4.55) * 360 / (3/2)) * 6", 0, 0]
				},
				"bush_upper2": {
					"rotation": ["-math.sin((q.anim_time - 3.55) * 360 / (3/2)) * 6", 0, 0]
				},
				"bush_upper": {
					"rotation": ["-math.sin((q.anim_time - 2.55) * 360 / (3/2)) * 6", 0, 0]
				},
				"bush_lower": {
					"rotation": ["math.sin((q.anim_time - 2.55) * 360 / (3/2)) * 6", 0, 0]
				},
				"bush_lower2": {
					"rotation": ["math.sin((q.anim_time - 3.55) * 360 / (3/2)) * 6", 0, 0]
				},
				"bush_lower3": {
					"rotation": ["math.sin((q.anim_time - 4.55) * 360 / (3/2)) * 6", 0, 0]
				},
				"bush_lower4": {
					"rotation": ["math.sin((q.anim_time - 5.55) * 360 / (3/2)) * 6", 0, 0]
				},
				"bush_right2": {
					"rotation": [0, "math.sin((q.anim_time - 3.55) * 360 / (3/2)) * 6", 0]
				},
				"bush_right": {
					"rotation": [0, "math.sin((q.anim_time - 2.55) * 360 / (3/2)) * 6", 0]
				},
				"bush_right3": {
					"rotation": [0, "math.sin((q.anim_time - 4.55) * 360 / (3/2)) * 6", 0]
				},
				"bush_right4": {
					"rotation": [0, "math.sin((q.anim_time - 5.55) * 360 / (3/2)) * 6", 0]
				},
				"bush_left4": {
					"rotation": [0, "-math.sin((q.anim_time - 5.55) * 360 / (3/2)) * 6", 0]
				},
				"bush_left3": {
					"rotation": [0, "-math.sin((q.anim_time - 4.55) * 360 / (3/2)) * 6", 0]
				},
				"bush_left2": {
					"rotation": [0, "-math.sin((q.anim_time - 3.55) * 360 / (3/2)) * 6", 0]
				},
				"bush_left": {
					"rotation": [0, "-math.sin((q.anim_time - 2.55) * 360 / (3/2)) * 6", 0]
				},
				"leg_back_left": {
					"rotation": [0, 0, -1],
					"position": [0, -0.05, 0]
				},
				"leg_back_right": {
					"rotation": [0, 0, 1],
					"position": [0, -0.05, 0]
				},
				"leg_front_right": {
					"rotation": [0, 0, 1],
					"position": [0, -0.05, 0]
				},
				"leg_front_left": {
					"rotation": [0, 0, -1],
					"position": [0, -0.05, 0]
				},
				"leg_back_left2": {
					"rotation": [0, 0, 1]
				},
				"leg_back_right2": {
					"rotation": [0, 0, -1]
				},
				"leg_front_right2": {
					"rotation": [0, 0, -1]
				},
				"leg_front_left2": {
					"rotation": [0, 0, 1]
				},
				"bush_back4": {
					"rotation": ["-math.sin((q.anim_time - 5.55) * 360 / (3/2)) * 6", 0, 0]
				},
				"bush_back": {
					"rotation": ["-math.sin((q.anim_time - 2.55) * 360 / (3/2)) * 6", 0, 0]
				},
				"bush_back2": {
					"rotation": ["-math.sin((q.anim_time - 3.55) * 360 / (3/2)) * 6", 0, 0]
				},
				"bush_back3": {
					"rotation": ["-math.sin((q.anim_time - 4.55) * 360 / (3/2)) * 6", 0, 0]
				},
				"bandana_left2": {
					"rotation": [0, "(math.sin((q.anim_time - 4.25) * 360 / (3/1*2)) * 10)", 0]
				},
				"bandana_left3": {
					"rotation": [0, "(math.sin((q.anim_time - 4.30) * 360 / (3/1*2)) * 10)", 0]
				},
				"bandana_left4": {
					"rotation": [0, "(math.sin((q.anim_time - 4.35) * 360 / (3/1*2)) * 10)", 0]
				},
				"bandana_left5": {
					"rotation": [0, "(math.sin((q.anim_time - 4.40) * 360 / (3/1*2)) * 10)", 0]
				},
				"bandana_left6": {
					"rotation": [0, "(math.sin((q.anim_time - 4.45) * 360 / (3/1*2)) * 10)", 0]
				},
				"eyebrow_right_right2": {
					"rotation": [12.5, 0, 0],
					"position": [-0.01, 0, 0]
				},
				"eyebrow_right_right3": {
					"rotation": [12.5, 0, 0],
					"position": [-0.01, 0, 0]
				},
				"eyebrow_right_right4": {
					"rotation": [12.5, 0, 0],
					"position": [0.01, 0, 0]
				},
				"eyebrow_right_right5": {
					"rotation": [12.5, 0, 0],
					"position": [0.01, 0, 0]
				},
				"eyebrow_left_right2": {
					"rotation": [12.5, 0, 0],
					"position": [0.01, 0, 0]
				},
				"eyebrow_left_right3": {
					"rotation": [12.5, 0, 0],
					"position": [0.01, 0, 0]
				},
				"eyebrow_left_right4": {
					"rotation": [12.5, 0, 0],
					"position": [-0.01, 0, 0]
				},
				"eyebrow_left_right5": {
					"rotation": [12.5, 0, 0],
					"position": [-0.01, 0, 0]
				}
			}
		},
		"animation.branchief.battle_idle": {
			"loop": true,
			"bones": {
				"torso": {
					"rotation": [
						"10+(math.sin((q.anim_time - 1.45) * 360 / (3/2*2)) * 2.2)",
						"(math.sin((q.anim_time - 0.05) * 360 / (3/1*2)) * 3.35) +NaN",
						"(math.sin((q.anim_time - 0.05) * 360 / (3/1*2)) * 1.2)"
					],
					"position": ["(math.sin((q.anim_time - 0.15) * 360 / (3/1)) * 0.195) - 0.015", "-(math.sin((q.anim_time - 0) * 360 / (3/2)) * 0.22)", 0]
				},
				"tail": {
					"position": [0, 0, 0]
				},
				"tail_middle": {
					"rotation": [
						"5-(math.sin((q.anim_time - 1.55) * 360 / (3/2)) * 3)",
						"(math.sin((q.anim_time - 0.15) * 360 / (3/0.75)) * 10)",
						"(math.sin((q.anim_time - 0.3) * 360 / (3/2)) * 4)"
					]
				},
				"tail_left": {
					"rotation": [
						"5-(math.sin((q.anim_time - 1.7) * 360 / (3/2)) * 3)",
						"(math.sin((q.anim_time - 0.3) * 360 / (3/0.75)) * 10)",
						"(math.sin((q.anim_time - 0.45) * 360 / (3/2)) * 4)"
					]
				},
				"tail_right": {
					"rotation": [
						"5-(math.sin((q.anim_time - 1.7) * 360 / (3/2)) * 3)",
						"(math.sin((q.anim_time - 0.3) * 360 / (3/0.75)) * 10)",
						"(math.sin((q.anim_time - 0.45) * 360 / (3/2)) * 4)"
					]
				},
				"tail_left2": {
					"rotation": [
						"5-(math.sin((q.anim_time - 1.85) * 360 / (3/2)) * 3)",
						"(math.sin((q.anim_time - 0.45) * 360 / (3/0.75)) * 10)",
						"(math.sin((q.anim_time - 0.6) * 360 / (3/2)) * 4)"
					]
				},
				"tail_right2": {
					"rotation": [
						"5-(math.sin((q.anim_time - 1.85) * 360 / (3/2)) * 3)",
						"(math.sin((q.anim_time - 0.45) * 360 / (3/0.75)) * 10)",
						"(math.sin((q.anim_time - 0.6) * 360 / (3/2)) * 4)"
					]
				},
				"neck": {
					"rotation": [
						"-10+math.sin((q.anim_time - 1.725) * 360 / (3/2*2)) * -3",
						"math.sin((q.anim_time - 1.725) * 360 / (3/2*2)) * -3",
						"math.sin((q.anim_time - 1.725) * 360 / (3/2*2)) * -3"
					]
				},
				"head": {
					"rotation": [
						"math.sin((q.anim_time - 2.725) * 360 / (3/1*2)) * -3",
						"math.sin((q.anim_time - 2.725) * 360 / (3/1*2)) * -3",
						"math.sin((q.anim_time - 2.725) * 360 / (3/1*2)) * -3"
					]
				},
				"neck_right": {
					"rotation": [
						"-10+math.sin((q.anim_time - 3.725) * 360 / (3/1*2)) * -3",
						"-math.sin((q.anim_time - 3.725) * 360 / (3/1*2)) * -3",
						"-5-math.sin((q.anim_time - 3.725) * 360 / (3/1*2)) * -3"
					]
				},
				"head_right": {
					"rotation": [
						"math.sin((q.anim_time - 4.725) * 360 / (3/1*2)) * -3",
						"-math.sin((q.anim_time - 4.725) * 360 / (3/1*2)) * -3",
						"-math.sin((q.anim_time - 4.725) * 360 / (3/1*2)) * -3"
					]
				},
				"bandana_upper_right": {
					"rotation": ["5-(math.sin((q.anim_time - 5.20) * 360 / (3/1)) * 10)", "-(math.sin((q.anim_time - 5.20) * 360 / (3/1*2)) * 10)", 0]
				},
				"bandana_upper_right2": {
					"rotation": [0, "-(math.sin((q.anim_time - 5.30) * 360 / (3/1*2)) * 10)", 0]
				},
				"bandana_upper_right3": {
					"rotation": [0, "-(math.sin((q.anim_time - 5.40) * 360 / (3/1*2)) * 10)", 0]
				},
				"bandana_upper_right4": {
					"rotation": [0, "-(math.sin((q.anim_time - 5.50) * 360 / (3/1*2)) * 10)", 0]
				},
				"bandana_upper_right5": {
					"rotation": [0, "-(math.sin((q.anim_time - 5.60) * 360 / (3/1*2)) * 10)", 0]
				},
				"bandana_lower_right": {
					"rotation": ["-5+(math.sin((q.anim_time - 5.45) * 360 / (3/1)) * 10)", "-(math.sin((q.anim_time - 5.45) * 360 / (3/1*2)) * 10)", 0]
				},
				"bandana_lower_right2": {
					"rotation": [0, "-(math.sin((q.anim_time - 5.55) * 360 / (3/1*2)) * 10)", 0]
				},
				"bandana_lower_right3": {
					"rotation": [0, "-(math.sin((q.anim_time - 5.65) * 360 / (3/1*2)) * 10)", 0]
				},
				"bandana_lower_right4": {
					"rotation": [0, "-(math.sin((q.anim_time - 5.75) * 360 / (3/1*2)) * 10)", 0]
				},
				"bandana_lower_right5": {
					"rotation": [0, "-(math.sin((q.anim_time - 5.85) * 360 / (3/1*2)) * 10)", 0]
				},
				"neck_left": {
					"rotation": [
						"-10+math.sin((q.anim_time - 2.725) * 360 / (3/1*2)) * -3",
						"math.sin((q.anim_time - 2.725) * 360 / (3/1*2)) * -3",
						"5+math.sin((q.anim_time - 2.725) * 360 / (3/1*2)) * -3"
					]
				},
				"head_left": {
					"rotation": [
						"math.sin((q.anim_time - 3.725) * 360 / (3/1*2)) * -3",
						"math.sin((q.anim_time - 3.725) * 360 / (3/1*2)) * -3",
						"math.sin((q.anim_time - 3.725) * 360 / (3/1*2)) * -3"
					]
				},
				"bandana_left": {
					"rotation": ["(math.sin((q.anim_time - 4.20) * 360 / (3/1)) * 10)", "(math.sin((q.anim_time - 4.20) * 360 / (3/1*2)) * 10)", 0]
				},
				"bush_front": {
					"rotation": ["math.sin((q.anim_time - 2.55) * 360 / (3/2)) * 6", 0, 0]
				},
				"bush_front2": {
					"rotation": ["math.sin((q.anim_time - 3.55) * 360 / (3/2)) * 6", 0, 0]
				},
				"bush_front3": {
					"rotation": ["math.sin((q.anim_time - 4.55) * 360 / (3/2)) * 6", 0, 0]
				},
				"bush_front4": {
					"rotation": ["math.sin((q.anim_time - 5.55) * 360 / (3/2)) * 6", 0, 0]
				},
				"bush_upper4": {
					"rotation": ["-math.sin((q.anim_time - 5.55) * 360 / (3/2)) * 6", 0, 0]
				},
				"bush_upper3": {
					"rotation": ["-math.sin((q.anim_time - 4.55) * 360 / (3/2)) * 6", 0, 0]
				},
				"bush_upper2": {
					"rotation": ["-math.sin((q.anim_time - 3.55) * 360 / (3/2)) * 6", 0, 0]
				},
				"bush_upper": {
					"rotation": ["-math.sin((q.anim_time - 2.55) * 360 / (3/2)) * 6", 0, 0]
				},
				"bush_lower": {
					"rotation": ["math.sin((q.anim_time - 2.55) * 360 / (3/2)) * 6", 0, 0]
				},
				"bush_lower2": {
					"rotation": ["math.sin((q.anim_time - 3.55) * 360 / (3/2)) * 6", 0, 0]
				},
				"bush_lower3": {
					"rotation": ["math.sin((q.anim_time - 4.55) * 360 / (3/2)) * 6", 0, 0]
				},
				"bush_lower4": {
					"rotation": ["math.sin((q.anim_time - 5.55) * 360 / (3/2)) * 6", 0, 0]
				},
				"bush_right2": {
					"rotation": [0, "math.sin((q.anim_time - 3.55) * 360 / (3/2)) * 6", 0]
				},
				"bush_right": {
					"rotation": [0, "math.sin((q.anim_time - 2.55) * 360 / (3/2)) * 6", 0]
				},
				"bush_right3": {
					"rotation": [0, "math.sin((q.anim_time - 4.55) * 360 / (3/2)) * 6", 0]
				},
				"bush_right4": {
					"rotation": [0, "math.sin((q.anim_time - 5.55) * 360 / (3/2)) * 6", 0]
				},
				"bush_left4": {
					"rotation": [0, "-math.sin((q.anim_time - 5.55) * 360 / (3/2)) * 6", 0]
				},
				"bush_left3": {
					"rotation": [0, "-math.sin((q.anim_time - 4.55) * 360 / (3/2)) * 6", 0]
				},
				"bush_left2": {
					"rotation": [0, "-math.sin((q.anim_time - 3.55) * 360 / (3/2)) * 6", 0]
				},
				"bush_left": {
					"rotation": [0, "-math.sin((q.anim_time - 2.55) * 360 / (3/2)) * 6", 0]
				},
				"leg_back_left": {
					"rotation": [0, -22.5, -8],
					"position": [0, -0.7, 1]
				},
				"leg_back_right": {
					"rotation": [0, 22.5, 8],
					"position": [0, -0.7, 1]
				},
				"leg_front_right": {
					"rotation": [-10, 22.5, 1],
					"position": [1.1, -0.89, 0]
				},
				"leg_front_left": {
					"rotation": [-10, -22.5, -1],
					"position": [-1.1, -0.89, 0]
				},
				"leg_back_left2": {
					"rotation": [4, 0, 8]
				},
				"leg_back_right2": {
					"rotation": [4, 0, -8]
				},
				"leg_front_right2": {
					"rotation": [10, 0, -1]
				},
				"leg_front_left2": {
					"rotation": [10, 0, 1]
				},
				"bush_back4": {
					"rotation": ["-math.sin((q.anim_time - 5.55) * 360 / (3/2)) * 6", 0, 0]
				},
				"bush_back": {
					"rotation": ["-math.sin((q.anim_time - 2.55) * 360 / (3/2)) * 6", 0, 0]
				},
				"bush_back2": {
					"rotation": ["-math.sin((q.anim_time - 3.55) * 360 / (3/2)) * 6", 0, 0]
				},
				"bush_back3": {
					"rotation": ["-math.sin((q.anim_time - 4.55) * 360 / (3/2)) * 6", 0, 0]
				},
				"bandana_left2": {
					"rotation": [0, "(math.sin((q.anim_time - 4.25) * 360 / (3/1*2)) * 10)", 0]
				},
				"bandana_left3": {
					"rotation": [0, "(math.sin((q.anim_time - 4.30) * 360 / (3/1*2)) * 10)", 0]
				},
				"bandana_left4": {
					"rotation": [0, "(math.sin((q.anim_time - 4.35) * 360 / (3/1*2)) * 10)", 0]
				},
				"bandana_left5": {
					"rotation": [0, "(math.sin((q.anim_time - 4.40) * 360 / (3/1*2)) * 10)", 0]
				},
				"bandana_left6": {
					"rotation": [0, "(math.sin((q.anim_time - 4.45) * 360 / (3/1*2)) * 10)", 0]
				},
				"eyebrow_right_right2": {
					"rotation": [12.5, 0, 0],
					"position": [-0.01, 0, 0]
				},
				"eyebrow_right_right3": {
					"rotation": [12.5, 0, 0],
					"position": [-0.01, 0, 0]
				},
				"eyebrow_right_right4": {
					"rotation": [12.5, 0, 0],
					"position": [0.01, 0, 0]
				},
				"eyebrow_right_right5": {
					"rotation": [12.5, 0, 0],
					"position": [0.01, 0, 0]
				},
				"eyebrow_left_right2": {
					"rotation": [12.5, 0, 0],
					"position": [0.01, 0, 0]
				},
				"eyebrow_left_right3": {
					"rotation": [12.5, 0, 0],
					"position": [0.01, 0, 0]
				},
				"eyebrow_left_right4": {
					"rotation": [12.5, 0, 0],
					"position": [-0.01, 0, 0]
				},
				"eyebrow_left_right5": {
					"rotation": [12.5, 0, 0],
					"position": [-0.01, 0, 0]
				}
			}
		},
		"animation.branchief.sleep": {
			"loop": true,
			"bones": {
				"torso": {
					"rotation": [
						"20+(math.sin((q.anim_time - 1.45) * 360 / (3/2*2*8)) * 2.2)",
						"(math.sin((q.anim_time - 0.05) * 360 / (3/1*2*8)) * 3.35) +NaN",
						"(math.sin((q.anim_time - 0.05) * 360 / (3/1*2*8)) * 1.2)"
					],
					"position": ["(math.sin((q.anim_time - 0.15) * 360 / (3/1*8)) * 0.195) - 0.015", "-(math.sin((q.anim_time - 0) * 360 / (3/2*8)) * 0.22)", -1.5]
				},
				"tail": {
					"position": [0, 0, 0]
				},
				"tail_middle": {
					"rotation": [
						"5-(math.sin((q.anim_time - 1.55) * 360 / (3/2*8)) * 3)",
						"(math.sin((q.anim_time - 0.15) * 360 / (3/0.75*8)) * 10)",
						"(math.sin((q.anim_time - 0.3) * 360 / (3/2*8)) * 4)"
					]
				},
				"tail_left": {
					"rotation": [
						"5-(math.sin((q.anim_time - 1.7) * 360 / (3/2*8)) * 3)",
						"(math.sin((q.anim_time - 0.3) * 360 / (3/0.75*8)) * 10)",
						"(math.sin((q.anim_time - 0.45) * 360 / (3/2*8)) * 4)"
					]
				},
				"tail_right": {
					"rotation": [
						"5-(math.sin((q.anim_time - 1.7) * 360 / (3/2*8)) * 3)",
						"(math.sin((q.anim_time - 0.3) * 360 / (3/0.75*8)) * 10)",
						"(math.sin((q.anim_time - 0.45) * 360 / (3/2*8)) * 4)"
					]
				},
				"tail_left2": {
					"rotation": [
						"5-(math.sin((q.anim_time - 1.85) * 360 / (3/2*8)) * 3)",
						"(math.sin((q.anim_time - 0.45) * 360 / (3/0.75*8)) * 10)",
						"(math.sin((q.anim_time - 0.6) * 360 / (3/2*8)) * 4)"
					]
				},
				"tail_right2": {
					"rotation": [
						"5-(math.sin((q.anim_time - 1.85) * 360 / (3/2*8)) * 3)",
						"(math.sin((q.anim_time - 0.45) * 360 / (3/0.75*8)) * 10)",
						"(math.sin((q.anim_time - 0.6) * 360 / (3/2*8)) * 4)"
					]
				},
				"neck": {
					"rotation": [
						"math.sin((q.anim_time - 1.725) * 360 / (3/2*2*8)) * -3",
						"math.sin((q.anim_time - 1.725) * 360 / (3/2*2*8)) * -3",
						"math.sin((q.anim_time - 1.725) * 360 / (3/2*2*8)) * -3"
					]
				},
				"head": {
					"rotation": [
						"27.5+math.sin((q.anim_time - 2.725) * 360 / (3/1*2*8)) * -3",
						"math.sin((q.anim_time - 2.725) * 360 / (3/1*2*8)) * -3",
						"math.sin((q.anim_time - 2.725) * 360 / (3/1*2*8)) * -3"
					],
					"position": [0, -3, -4]
				},
				"neck_right": {
					"rotation": [
						"math.sin((q.anim_time - 3.725) * 360 / (3/1*2*8)) * -3",
						"-math.sin((q.anim_time - 3.725) * 360 / (3/1*2*8)) * -3",
						"-5-math.sin((q.anim_time - 3.725) * 360 / (3/1*2*8)) * -3"
					]
				},
				"head_right": {
					"rotation": [
						"37.5+math.sin((q.anim_time - 4.725) * 360 / (3/1*2*8)) * -3",
						"-math.sin((q.anim_time - 4.725) * 360 / (3/1*2*8)) * -3",
						"-math.sin((q.anim_time - 4.725) * 360 / (3/1*2*8)) * -3"
					],
					"position": [-0.5, -1.5, -4]
				},
				"bandana_upper_right": {
					"rotation": ["5-(math.sin((q.anim_time - 5.20) * 360 / (3/1*8)) * 10)", "-22.5-(math.sin((q.anim_time - 5.20) * 360 / (3/1*2*8)) * 10)", 0]
				},
				"bandana_upper_right2": {
					"rotation": [0, "-22.5-(math.sin((q.anim_time - 5.30) * 360 / (3/1*2*8)) * 10)", 0]
				},
				"bandana_upper_right3": {
					"rotation": [0, "-22.5-(math.sin((q.anim_time - 5.40) * 360 / (3/1*2*8)) * 10)", 0]
				},
				"bandana_upper_right4": {
					"rotation": [0, "-22.5-(math.sin((q.anim_time - 5.50) * 360 / (3/1*2*8)) * 10)", 0]
				},
				"bandana_upper_right5": {
					"rotation": [0, "-22.5-(math.sin((q.anim_time - 5.60) * 360 / (3/1*2*8)) * 10)", 0]
				},
				"bandana_lower_right": {
					"rotation": ["-5+(math.sin((q.anim_time - 5.45) * 360 / (3/1*8)) * 10)", "-22.5-(math.sin((q.anim_time - 5.45) * 360 / (3/1*2*8)) * 10)", 0]
				},
				"bandana_lower_right2": {
					"rotation": [0, "-22.5-(math.sin((q.anim_time - 5.55) * 360 / (3/1*2*8)) * 10)", 0]
				},
				"bandana_lower_right3": {
					"rotation": [0, "-22.5-(math.sin((q.anim_time - 5.65) * 360 / (3/1*2*8)) * 10)", 0]
				},
				"bandana_lower_right4": {
					"rotation": [0, "-22.5-(math.sin((q.anim_time - 5.75) * 360 / (3/1*2*8)) * 10)", 0]
				},
				"bandana_lower_right5": {
					"rotation": [0, "-22.5-(math.sin((q.anim_time - 5.85) * 360 / (3/1*2*8)) * 10)", 0]
				},
				"neck_left": {
					"rotation": [
						"math.sin((q.anim_time - 2.725) * 360 / (3/1*2*8)) * -3",
						"math.sin((q.anim_time - 2.725) * 360 / (3/1*2*8)) * -3",
						"5+math.sin((q.anim_time - 2.725) * 360 / (3/1*2*8)) * -3"
					]
				},
				"head_left": {
					"rotation": [
						"37.5+math.sin((q.anim_time - 3.725) * 360 / (3/1*2*8)) * -3",
						"math.sin((q.anim_time - 3.725) * 360 / (3/1*2*8)) * -3",
						"math.sin((q.anim_time - 3.725) * 360 / (3/1*2*8)) * -3"
					],
					"position": [0.5, -1.5, -4]
				},
				"bandana_left": {
					"rotation": ["-0.9529+(math.sin((q.anim_time - 4.20) * 360 / (3/1*8)) * 10)", "22.366+(math.sin((q.anim_time - 4.20) * 360 / (3/1*2*8)) * 10)", -2.64513]
				},
				"bush_front": {
					"rotation": ["math.sin((q.anim_time - 2.55) * 360 / (3/2*8)) * 6", 0, 0]
				},
				"bush_front2": {
					"rotation": ["math.sin((q.anim_time - 3.55) * 360 / (3/2*8)) * 6", 0, 0]
				},
				"bush_front3": {
					"rotation": ["math.sin((q.anim_time - 4.55) * 360 / (3/2*8)) * 6", 0, 0]
				},
				"bush_front4": {
					"rotation": ["math.sin((q.anim_time - 5.55) * 360 / (3/2*8)) * 6", 0, 0]
				},
				"bush_upper4": {
					"rotation": ["-math.sin((q.anim_time - 5.55) * 360 / (3/2*8)) * 6", 0, 0]
				},
				"bush_upper3": {
					"rotation": ["-math.sin((q.anim_time - 4.55) * 360 / (3/2*8)) * 6", 0, 0]
				},
				"bush_upper2": {
					"rotation": ["-math.sin((q.anim_time - 3.55) * 360 / (3/2*8)) * 6", 0, 0]
				},
				"bush_upper": {
					"rotation": ["-math.sin((q.anim_time - 2.55) * 360 / (3/2*8)) * 6", 0, 0]
				},
				"bush_lower": {
					"rotation": ["math.sin((q.anim_time - 2.55) * 360 / (3/2*8)) * 6", 0, 0]
				},
				"bush_lower2": {
					"rotation": ["math.sin((q.anim_time - 3.55) * 360 / (3/2*8)) * 6", 0, 0]
				},
				"bush_lower3": {
					"rotation": ["math.sin((q.anim_time - 4.55) * 360 / (3/2*8)) * 6", 0, 0]
				},
				"bush_lower4": {
					"rotation": ["math.sin((q.anim_time - 5.55) * 360 / (3/2*8)) * 6", 0, 0]
				},
				"bush_right2": {
					"rotation": [0, "math.sin((q.anim_time - 3.55) * 360 / (3/2*8)) * 6", 0]
				},
				"bush_right": {
					"rotation": [0, "math.sin((q.anim_time - 2.55) * 360 / (3/2*8)) * 6", 0]
				},
				"bush_right3": {
					"rotation": [0, "math.sin((q.anim_time - 4.55) * 360 / (3/2*8)) * 6", 0]
				},
				"bush_right4": {
					"rotation": [0, "math.sin((q.anim_time - 5.55) * 360 / (3/2*8)) * 6", 0]
				},
				"bush_left4": {
					"rotation": [0, "-math.sin((q.anim_time - 5.55) * 360 / (3/2*8)) * 6", 0]
				},
				"bush_left3": {
					"rotation": [0, "-math.sin((q.anim_time - 4.55) * 360 / (3/2*8)) * 6", 0]
				},
				"bush_left2": {
					"rotation": [0, "-math.sin((q.anim_time - 3.55) * 360 / (3/2*8)) * 6", 0]
				},
				"bush_left": {
					"rotation": [0, "-math.sin((q.anim_time - 2.55) * 360 / (3/2*8)) * 6", 0]
				},
				"leg_back_left": {
					"rotation": [0, 0, -1],
					"position": [0, -0.05, -0.75]
				},
				"leg_back_right": {
					"rotation": [0, 0, 1],
					"position": [0, -0.05, -0.75]
				},
				"leg_front_right": {
					"rotation": [-10, 5, 5],
					"position": [1, -0.9, 0]
				},
				"leg_front_left": {
					"rotation": [-10, -5, -5],
					"position": [-1, -0.9, 0]
				},
				"leg_back_left2": {
					"rotation": [0, 0, 1]
				},
				"leg_back_right2": {
					"rotation": [0, 0, -1]
				},
				"leg_front_right2": {
					"rotation": [10, 0, -5]
				},
				"leg_front_left2": {
					"rotation": [10, 0, 5]
				},
				"bush_back4": {
					"rotation": ["-math.sin((q.anim_time - 5.55) * 360 / (3/2*8)) * 6", 0, 0]
				},
				"bush_back": {
					"rotation": ["-math.sin((q.anim_time - 2.55) * 360 / (3/2*8)) * 6", 0, 0]
				},
				"bush_back2": {
					"rotation": ["-math.sin((q.anim_time - 3.55) * 360 / (3/2*8)) * 6", 0, 0]
				},
				"bush_back3": {
					"rotation": ["-math.sin((q.anim_time - 4.55) * 360 / (3/2*8)) * 6", 0, 0]
				},
				"bandana_left2": {
					"rotation": [0, "22.5+(math.sin((q.anim_time - 4.25) * 360 / (3/1*2*8)) * 10)", 0]
				},
				"bandana_left3": {
					"rotation": [0, "22.5+(math.sin((q.anim_time - 4.30) * 360 / (3/1*2*8)) * 10)", 0]
				},
				"bandana_left4": {
					"rotation": [0, "22.5+(math.sin((q.anim_time - 4.35) * 360 / (3/1*2*8)) * 10)", 0]
				},
				"bandana_left5": {
					"rotation": [0, "22.5+(math.sin((q.anim_time - 4.40) * 360 / (3/1*2*8)) * 10)", 0]
				},
				"bandana_left6": {
					"rotation": [0, "22.5+(math.sin((q.anim_time - 4.45) * 360 / (3/1*2*8)) * 10)", 0]
				},
				"eyebrow_right_right2": {
					"rotation": [12.5, 0, 0],
					"position": [-0.01, 0, 0]
				},
				"eyebrow_right_right3": {
					"rotation": [12.5, 0, 0],
					"position": [-0.01, 0, 0]
				},
				"eyebrow_right_right4": {
					"rotation": [12.5, 0, 0],
					"position": [0.01, 0, 0]
				},
				"eyebrow_right_right5": {
					"rotation": [12.5, 0, 0],
					"position": [0.01, 0, 0]
				},
				"eyebrow_left_right2": {
					"rotation": [12.5, 0, 0],
					"position": [0.01, 0, 0]
				},
				"eyebrow_left_right3": {
					"rotation": [12.5, 0, 0],
					"position": [0.01, 0, 0]
				},
				"eyebrow_left_right4": {
					"rotation": [12.5, 0, 0],
					"position": [-0.01, 0, 0]
				},
				"eyebrow_left_right5": {
					"rotation": [12.5, 0, 0],
					"position": [-0.01, 0, 0]
				},
				"eyelid_left": {
					"position": [0.02, 0, 0]
				},
				"eye_left": {
					"position": [-0.03, 0, 0]
				},
				"eye_right": {
					"position": [0.3, 0, 0]
				},
				"eyelid_right": {
					"position": [-0.02, 0, 0]
				},
				"eyelid_left_right": {
					"position": [-0.02, 0, 0]
				},
				"eye_right_right": {
					"position": [0.3, 0, 0]
				},
				"eye_left_right": {
					"position": [-0.03, 0, 0]
				},
				"eyelid_right_right": {
					"position": [0.02, 0, 0]
				},
				"eyelid_left_left": {
					"position": [0.02, 0, 0]
				},
				"eye_left_left": {
					"position": [-0.03, 0, 0]
				},
				"eye_right_left": {
					"position": [0.3, 0, 0]
				},
				"eyelid_right_left": {
					"position": [-0.02, 0, 0]
				}
			}
		},
		"animation.branchief.ground_walk": {
			"loop": true,
			"animation_length": 2,
			"bones": {
				"body": {
					"position": {
						"0.0": [0, 0, 0],
						"0.0417": [0, -0.425, 0],
						"0.0833": [0, 0, 0],
						"0.125": [0, -0.3, 0],
						"0.1667": [0, 0.025, 0],
						"0.2083": [0, -0.225, 0],
						"0.25": [0, 0.025, 0],
						"0.2917": [0, -0.15, 0],
						"0.3333": [0, 0.05, 0],
						"0.375": [0, -0.075, 0],
						"0.4167": [0, 0, 0],
						"1.0": [0, 0, 0],
						"1.0417": [0, -0.425, 0],
						"1.0833": [0, 0, 0],
						"1.125": [0, -0.3, 0],
						"1.1667": [0, 0.025, 0],
						"1.2083": [0, -0.225, 0],
						"1.25": [0, 0.025, 0],
						"1.2917": [0, -0.15, 0],
						"1.3333": [0, 0.05, 0],
						"1.375": [0, -0.075, 0],
						"1.4167": [0, 0, 0]
					}
				},
				"torso": {
					"rotation": [0, "-math.cos(q.anim_time*90*2-10)*1", "2.5*math.cos(q.anim_time*90*2-40)*1"],
					"position": [0, "-math.cos(q.anim_time*90*4)*1", 0]
				},
				"tail": {
					"rotation": {
						"0.0": ["-math.sin(q.anim_time*90*4-30)*5", "-math.cos(q.anim_time*90*2-60)*6", 0],
						"0.2083": ["-3-math.sin(q.anim_time*90*20-30)*2", "0-math.cos(q.anim_time*90*2-60)*6", 0],
						"0.5833": ["-math.sin(q.anim_time*90*4-30)*5", "-math.cos(q.anim_time*90*2-60)*6", 0],
						"1.0": ["-math.sin(q.anim_time*90*4-30)*5", "-math.cos(q.anim_time*90*2-60)*6", 0],
						"1.2083": ["-3-math.sin(q.anim_time*90*20-30)*2", "0-math.cos(q.anim_time*90*2-60)*6", 0],
						"1.5833": ["-math.sin(q.anim_time*90*4-30)*5", "-math.cos(q.anim_time*90*2-60)*6", 0]
					},
					"position": [0, 0, 0]
				},
				"tail_middle": {
					"rotation": [
						"5-(math.sin((q.anim_time - 1.55) * 360 / (1)) * 3)",
						"(math.sin((q.anim_time - 0.15) * 360 / (1)) * 10)",
						"(math.sin((q.anim_time - 0.3) * 360 / (1)) * 4)"
					]
				},
				"tail_left": {
					"rotation": [
						"5-(math.sin((q.anim_time - 1.7) * 360 / (1)) * 3)",
						"(math.sin((q.anim_time - 0.3) * 360 / (1)) * 10)",
						"(math.sin((q.anim_time - 0.45) * 360 / (1)) * 4)"
					]
				},
				"tail_right": {
					"rotation": [
						"5-(math.sin((q.anim_time - 1.7) * 360 / (1)) * 3)",
						"(math.sin((q.anim_time - 0.3) * 360 / (1)) * 10)",
						"(math.sin((q.anim_time - 0.45) * 360 / (1)) * 4)"
					]
				},
				"tail_left2": {
					"rotation": [
						"5-(math.sin((q.anim_time - 1.85) * 360 / (1)) * 3)",
						"(math.sin((q.anim_time - 0.45) * 360 / (1)) * 10)",
						"(math.sin((q.anim_time - 0.6) * 360 / (1)) * 4)"
					]
				},
				"tail_right2": {
					"rotation": [
						"5-(math.sin((q.anim_time - 1.85) * 360 / (1)) * 3)",
						"(math.sin((q.anim_time - 0.45) * 360 / (1)) * 10)",
						"(math.sin((q.anim_time - 0.6) * 360 / (1)) * 4)"
					]
				},
				"neck": {
					"rotation": [
						"math.sin((q.anim_time - 1.725) * 360 / (1)) * -3",
						"math.sin((q.anim_time - 1.725) * 360 / (1)) * -3",
						"math.sin((q.anim_time - 1.725) * 360 / (1)) * -3"
					]
				},
				"head": {
					"rotation": [
						"math.sin((q.anim_time - 2.725) * 360 / (2)) * -3",
						"math.sin((q.anim_time - 2.725) * 360 / (2)) * -3",
						"math.sin((q.anim_time - 2.725) * 360 / (2)) * -3"
					]
				},
				"neck_right": {
					"rotation": [
						"math.sin((q.anim_time - 3.725) * 360 / (1)) * -3",
						"-math.sin((q.anim_time - 3.725) * 360 / (1)) * -3",
						"-5-math.sin((q.anim_time - 3.725) * 360 / (1)) * -3"
					]
				},
				"head_right": {
					"rotation": [
						"math.sin((q.anim_time - 4.725) * 360 / (2)) * -3",
						"-math.sin((q.anim_time - 4.725) * 360 / (2)) * -3",
						"-math.sin((q.anim_time - 4.725) * 360 / (2)) * -3"
					]
				},
				"eyebrow_right_right2": {
					"rotation": [12.5, 0, 0],
					"position": [-0.01, 0, 0]
				},
				"eyebrow_right_right3": {
					"rotation": [12.5, 0, 0],
					"position": [-0.01, 0, 0]
				},
				"eyebrow_right_right4": {
					"rotation": [12.5, 0, 0],
					"position": [0.01, 0, 0]
				},
				"eyebrow_right_right5": {
					"rotation": [12.5, 0, 0],
					"position": [0.01, 0, 0]
				},
				"eyebrow_left_right2": {
					"rotation": [12.5, 0, 0],
					"position": [0.01, 0, 0]
				},
				"eyebrow_left_right3": {
					"rotation": [12.5, 0, 0],
					"position": [0.01, 0, 0]
				},
				"eyebrow_left_right4": {
					"rotation": [12.5, 0, 0],
					"position": [-0.01, 0, 0]
				},
				"eyebrow_left_right5": {
					"rotation": [12.5, 0, 0],
					"position": [-0.01, 0, 0]
				},
				"bandana_upper_right": {
					"rotation": ["5-(math.sin((q.anim_time - 5.20) * 360 / (2)) * 10)", "-(math.sin((q.anim_time - 5.20) * 360 / (2)) * 10)", 0]
				},
				"bandana_upper_right2": {
					"rotation": [0, "-(math.sin((q.anim_time - 5.30) * 360 / (2)) * 10)", 0]
				},
				"bandana_upper_right3": {
					"rotation": [0, "-(math.sin((q.anim_time - 5.40) * 360 / (2)) * 10)", 0]
				},
				"bandana_upper_right4": {
					"rotation": [0, "-(math.sin((q.anim_time - 5.50) * 360 / (2)) * 10)", 0]
				},
				"bandana_upper_right5": {
					"rotation": [0, "-(math.sin((q.anim_time - 5.60) * 360 / (2)) * 10)", 0]
				},
				"bandana_lower_right": {
					"rotation": ["-5+(math.sin((q.anim_time - 5.45) * 360 / (2)) * 10)", "-(math.sin((q.anim_time - 5.45) * 360 / (2)) * 10)", 0]
				},
				"bandana_lower_right2": {
					"rotation": [0, "-(math.sin((q.anim_time - 5.55) * 360 / (2)) * 10)", 0]
				},
				"bandana_lower_right3": {
					"rotation": [0, "-(math.sin((q.anim_time - 5.65) * 360 / (2)) * 10)", 0]
				},
				"bandana_lower_right4": {
					"rotation": [0, "-(math.sin((q.anim_time - 5.75) * 360 / (2)) * 10)", 0]
				},
				"bandana_lower_right5": {
					"rotation": [0, "-(math.sin((q.anim_time - 5.85) * 360 / (2)) * 10)", 0]
				},
				"neck_left": {
					"rotation": [
						"math.sin((q.anim_time - 2.725) * 360 / (1)) * -3",
						"math.sin((q.anim_time - 2.725) * 360 / (1)) * -3",
						"5+math.sin((q.anim_time - 2.725) * 360 / (1)) * -3"
					]
				},
				"head_left": {
					"rotation": [
						"math.sin((q.anim_time - 3.725) * 360 / (2)) * -3",
						"math.sin((q.anim_time - 3.725) * 360 / (2)) * -3",
						"math.sin((q.anim_time - 3.725) * 360 / (2)) * -3"
					]
				},
				"bandana_left": {
					"rotation": ["(math.sin((q.anim_time - 4.20) * 360 / (2)) * 10)", "(math.sin((q.anim_time - 4.20) * 360 / (2)) * 10)", 0]
				},
				"bandana_left2": {
					"rotation": [0, "(math.sin((q.anim_time - 4.25) * 360 / (2)) * 10)", 0]
				},
				"bandana_left3": {
					"rotation": [0, "(math.sin((q.anim_time - 4.30) * 360 / (2)) * 10)", 0]
				},
				"bandana_left4": {
					"rotation": [0, "(math.sin((q.anim_time - 4.35) * 360 / (2)) * 10)", 0]
				},
				"bandana_left5": {
					"rotation": [0, "(math.sin((q.anim_time - 4.40) * 360 / (2)) * 10)", 0]
				},
				"bandana_left6": {
					"rotation": [0, "(math.sin((q.anim_time - 4.45) * 360 / (2)) * 10)", 0]
				},
				"bush_back4": {
					"rotation": ["-math.sin((q.anim_time - 5.55) * 360 / (1)) * 6", 0, 0]
				},
				"bush_back3": {
					"rotation": ["-math.sin((q.anim_time - 4.55) * 360 / (1)) * 6", 0, 0]
				},
				"bush_back2": {
					"rotation": ["-math.sin((q.anim_time - 3.55) * 360 / (1)) * 6", 0, 0]
				},
				"bush_back": {
					"rotation": ["-math.sin((q.anim_time - 2.55) * 360 / (1)) * 6", 0, 0]
				},
				"bush_front": {
					"rotation": ["math.sin((q.anim_time - 2.55) * 360 / (1)) * 6", 0, 0]
				},
				"bush_front2": {
					"rotation": ["math.sin((q.anim_time - 3.55) * 360 / (1)) * 6", 0, 0]
				},
				"bush_front3": {
					"rotation": ["math.sin((q.anim_time - 4.55) * 360 / (1)) * 6", 0, 0]
				},
				"bush_front4": {
					"rotation": ["math.sin((q.anim_time - 5.55) * 360 / (1)) * 6", 0, 0]
				},
				"bush_upper4": {
					"rotation": ["-math.sin((q.anim_time - 5.55) * 360 / (1)) * 6", 0, 0]
				},
				"bush_upper3": {
					"rotation": ["-math.sin((q.anim_time - 4.55) * 360 / (1)) * 6", 0, 0]
				},
				"bush_upper2": {
					"rotation": ["-math.sin((q.anim_time - 3.55) * 360 / (1)) * 6", 0, 0]
				},
				"bush_upper": {
					"rotation": ["-math.sin((q.anim_time - 2.55) * 360 / (1)) * 6", 0, 0]
				},
				"bush_lower": {
					"rotation": ["math.sin((q.anim_time - 2.55) * 360 / (1)) * 6", 0, 0]
				},
				"bush_lower2": {
					"rotation": ["math.sin((q.anim_time - 3.55) * 360 / (1)) * 6", 0, 0]
				},
				"bush_lower3": {
					"rotation": ["math.sin((q.anim_time - 4.55) * 360 / (1)) * 6", 0, 0]
				},
				"bush_lower4": {
					"rotation": ["math.sin((q.anim_time - 5.55) * 360 / (1)) * 6", 0, 0]
				},
				"bush_right2": {
					"rotation": [0, "math.sin((q.anim_time - 3.55) * 360 / (1)) * 6", 0]
				},
				"bush_right": {
					"rotation": [0, "math.sin((q.anim_time - 2.55) * 360 / (1)) * 6", 0]
				},
				"bush_right3": {
					"rotation": [0, "math.sin((q.anim_time - 4.55) * 360 / (1)) * 6", 0]
				},
				"bush_right4": {
					"rotation": [0, "math.sin((q.anim_time - 5.55) * 360 / (1)) * 6", 0]
				},
				"bush_left4": {
					"rotation": [0, "-math.sin((q.anim_time - 5.55) * 360 / (1)) * 6", 0]
				},
				"bush_left3": {
					"rotation": [0, "-math.sin((q.anim_time - 4.55) * 360 / (1)) * 6", 0]
				},
				"bush_left2": {
					"rotation": [0, "-math.sin((q.anim_time - 3.55) * 360 / (1)) * 6", 0]
				},
				"bush_left": {
					"rotation": [0, "-math.sin((q.anim_time - 2.55) * 360 / (1)) * 6", 0]
				},
				"leg_back_left": {
					"rotation": {
						"0.0": [-2.5, -5.625, 0],
						"1.0": [5.019, -5.625, 0.43688],
						"1.3333": {
							"pre": [8.54912, -5.625, 0.32168],
							"post": [8.54912, -5.625, 0.32168],
							"lerp_mode": "catmullrom"
						},
						"1.6667": {
							"post": [-2.353, -5.625, 0.1097],
							"lerp_mode": "catmullrom"
						},
						"1.9167": [-1.3, -5.625, 0],
						"2.0": [-2.5, -5.625, 0]
					},
					"position": {
						"0.0": [0, -0.35, -2],
						"0.3333": [0.235, -0.7, -0.585],
						"0.6667": [0.42, -1.15, 0.9],
						"1.0": [0.7, -0.85, 2.475],
						"1.25": {
							"pre": [0.65, -1.045, 1.45],
							"post": [0.65, -1.045, 1.45],
							"lerp_mode": "catmullrom"
						},
						"1.625": {
							"post": [0.45, 3, -1],
							"lerp_mode": "catmullrom"
						},
						"1.9167": [0, 2.17, -2.09],
						"2.0": [0, -0.35, -2]
					}
				},
				"leg_back_right": {
					"rotation": {
						"0.0": [5.019, 5.625, -0.43688],
						"0.3333": {
							"pre": [8.54912, 5.625, -0.32168],
							"post": [8.54912, 5.625, -0.32168],
							"lerp_mode": "catmullrom"
						},
						"0.6667": {
							"post": [-2.353, 5.625, -0.1097],
							"lerp_mode": "catmullrom"
						},
						"0.9167": [-1.3, 5.625, 0],
						"1.0": [-2.5, 5.625, 0],
						"2.0": [5.019, 5.625, -0.43688]
					},
					"position": {
						"0.0": [0, -0.05, 0],
						"0.25": {
							"pre": [-0.65, -1.045, 1.45],
							"post": [-0.65, -1.045, 1.45],
							"lerp_mode": "catmullrom"
						},
						"0.625": {
							"post": [-0.45, 3, -1],
							"lerp_mode": "catmullrom"
						},
						"0.9167": [0, 2.17, -2.09],
						"1.0": [0, -0.35, -2],
						"1.3333": [-0.235, -0.7, -0.585],
						"1.6667": [-0.42, -1.15, 0.9],
						"2.0": [0, -0.05, 0]
					}
				},
				"leg_front_right": {
					"rotation": {
						"0.0": [-10, 5.625, 0],
						"0.9167": [-3.73258, 5.625, 0.40047],
						"1.0": [-2.481, 5.625, 0.43688],
						"1.3333": {
							"pre": [3.54912, 5.625, 0.32168],
							"post": [3.54912, 5.625, 0.32168],
							"lerp_mode": "catmullrom"
						},
						"1.7083": {
							"post": [-2.353, 5.625, 0.1097],
							"lerp_mode": "catmullrom"
						},
						"1.9167": [-8.8, 5.625, 0],
						"2.0": [-10, 5.625, 0]
					},
					"position": {
						"0.0": [0, -0.35, -2],
						"0.3333": [-0.11, -0.7, -0.585],
						"0.6667": [-0.22, -1.15, 0.9],
						"1.0": [-0.325, -0.85, 2.475],
						"1.25": {
							"pre": [-0.475, -1.045, 1.45],
							"post": [-0.475, -1.045, 1.45],
							"lerp_mode": "catmullrom"
						},
						"1.625": {
							"post": [-0.45, 3, -1],
							"lerp_mode": "catmullrom"
						},
						"1.9167": [0, 2.17, -2.09],
						"2.0": [0, -0.35, -2]
					}
				},
				"leg_front_left": {
					"rotation": {
						"0.0": [-2.481, -5.625, -0.43688],
						"0.3333": {
							"pre": [3.54912, -5.625, -0.32168],
							"post": [3.54912, -5.625, -0.32168],
							"lerp_mode": "catmullrom"
						},
						"0.6667": {
							"post": [-2.353, -5.625, -0.1097],
							"lerp_mode": "catmullrom"
						},
						"0.9167": [-8.8, -5.625, 0],
						"1.0": [-10, -5.625, 0],
						"2.0": [-2.481, -5.625, -0.43688]
					},
					"position": {
						"0.0": [0.325, -0.85, 2.475],
						"0.25": {
							"pre": [0.475, -1.045, 1.45],
							"post": [0.475, -1.045, 1.45],
							"lerp_mode": "catmullrom"
						},
						"0.625": {
							"post": [0.45, 3, -1],
							"lerp_mode": "catmullrom"
						},
						"0.9167": [0, 2.17, -2.09],
						"1.0": [0, -0.35, -2],
						"1.3333": [0.11, -0.7, -0.585],
						"1.6667": [0.22, -1.15, 0.9],
						"2.0": [0.325, -0.85, 2.475]
					}
				}
			}
		},
		"animation.branchief.blink1": {
			"animation_length": 0.25,
			"bones": {
				"eyelid_left": {
					"position": {
						"0.0": [0, 0, 0],
						"0.0417": {
							"pre": [0, 0, 0],
							"post": [0.02, 0, 0]
						},
						"0.25": {
							"pre": [0.02, 0, 0],
							"post": [0, 0, 0]
						}
					}
				},
				"eye_left": {
					"position": {
						"0.0": [0, 0, 0],
						"0.0417": {
							"pre": [0, 0, 0],
							"post": [-0.03, 0, 0]
						},
						"0.25": {
							"pre": [-0.03, 0, 0],
							"post": [0, 0, 0]
						}
					}
				},
				"eye_right": {
					"position": {
						"0.0": [0, 0, 0],
						"0.0417": {
							"pre": [0, 0, 0],
							"post": [0.3, 0, 0]
						},
						"0.25": {
							"pre": [0.3, 0, 0],
							"post": [0, 0, 0]
						}
					}
				},
				"eyelid_right": {
					"position": {
						"0.0": [0, 0, 0],
						"0.0417": {
							"pre": [0, 0, 0],
							"post": [-0.02, 0, 0]
						},
						"0.25": {
							"pre": [-0.02, 0, 0],
							"post": [0, 0, 0]
						}
					}
				}
			}
		},
		"animation.branchief.blink2": {
			"animation_length": 0.25,
			"bones": {
				"eyelid_left_left": {
					"position": {
						"0.0": [0, 0, 0],
						"0.0417": {
							"pre": [0, 0, 0],
							"post": [0.02, 0, 0]
						},
						"0.25": {
							"pre": [0.02, 0, 0],
							"post": [0, 0, 0]
						}
					}
				},
				"eye_left_left": {
					"position": {
						"0.0": [0, 0, 0],
						"0.0417": {
							"pre": [0, 0, 0],
							"post": [-0.03, 0, 0]
						},
						"0.25": {
							"pre": [-0.03, 0, 0],
							"post": [0, 0, 0]
						}
					}
				},
				"eye_right_left": {
					"position": {
						"0.0": [0, 0, 0],
						"0.0417": {
							"pre": [0, 0, 0],
							"post": [0.3, 0, 0]
						},
						"0.25": {
							"pre": [0.3, 0, 0],
							"post": [0, 0, 0]
						}
					}
				},
				"eyelid_right_left": {
					"position": {
						"0.0": [0, 0, 0],
						"0.0417": {
							"pre": [0, 0, 0],
							"post": [-0.02, 0, 0]
						},
						"0.25": {
							"pre": [-0.02, 0, 0],
							"post": [0, 0, 0]
						}
					}
				}
			}
		},
		"animation.branchief.blink3": {
			"animation_length": 0.25,
			"bones": {
				"eyelid_left_right": {
					"position": {
						"0.0": [0, 0, 0],
						"0.0417": {
							"pre": [0, 0, 0],
							"post": [-0.02, 0, 0]
						},
						"0.25": {
							"pre": [-0.02, 0, 0],
							"post": [0, 0, 0]
						}
					}
				},
				"eye_right_right": {
					"position": {
						"0.0": [0, 0, 0],
						"0.0417": {
							"pre": [0, 0, 0],
							"post": [0.3, 0, 0]
						},
						"0.25": {
							"pre": [0.3, 0, 0],
							"post": [0, 0, 0]
						}
					}
				},
				"eye_left_right": {
					"position": {
						"0.0": [0, 0, 0],
						"0.0417": {
							"pre": [0, 0, 0],
							"post": [-0.03, 0, 0]
						},
						"0.25": {
							"pre": [-0.03, 0, 0],
							"post": [0, 0, 0]
						}
					}
				},
				"eyelid_right_right": {
					"position": {
						"0.0": [0, 0, 0],
						"0.0417": {
							"pre": [0, 0, 0],
							"post": [0.02, 0, 0]
						},
						"0.25": {
							"pre": [0.02, 0, 0],
							"post": [0, 0, 0]
						}
					}
				}
			}
		},
		"animation.branchief.recoil": {
			"animation_length": 0.9583,
			"bones": {
				"eyelid_left": {
					"position": {
						"0.0": [0, 0, 0],
						"0.0417": {
							"pre": [0, 0, 0],
							"post": [0.02, 0, 0]
						},
						"0.25": {
							"pre": [0.02, 0, 0],
							"post": [0, 0, 0]
						}
					}
				},
				"eye_left": {
					"position": {
						"0.0": [0, 0, 0],
						"0.0417": {
							"pre": [0, 0, 0],
							"post": [-0.03, 0, 0]
						},
						"0.25": {
							"pre": [-0.03, 0, 0],
							"post": [0, 0, 0]
						}
					}
				},
				"eye_right": {
					"position": {
						"0.0": [0, 0, 0],
						"0.0417": {
							"pre": [0, 0, 0],
							"post": [0.3, 0, 0]
						},
						"0.25": {
							"pre": [0.3, 0, 0],
							"post": [0, 0, 0]
						}
					}
				},
				"eyelid_right": {
					"position": {
						"0.0": [0, 0, 0],
						"0.0417": {
							"pre": [0, 0, 0],
							"post": [-0.02, 0, 0]
						},
						"0.25": {
							"pre": [-0.02, 0, 0],
							"post": [0, 0, 0]
						}
					}
				},
				"eyelid_left_right": {
					"position": {
						"0.0417": [0, 0, 0],
						"0.0833": {
							"pre": [0, 0, 0],
							"post": [-0.02, 0, 0]
						},
						"0.2917": {
							"pre": [-0.02, 0, 0],
							"post": [0, 0, 0]
						}
					}
				},
				"eye_right_right": {
					"position": {
						"0.0417": [0, 0, 0],
						"0.0833": {
							"pre": [0, 0, 0],
							"post": [0.3, 0, 0]
						},
						"0.2917": {
							"pre": [0.3, 0, 0],
							"post": [0, 0, 0]
						}
					}
				},
				"eye_left_right": {
					"position": {
						"0.0417": [0, 0, 0],
						"0.0833": {
							"pre": [0, 0, 0],
							"post": [-0.03, 0, 0]
						},
						"0.2917": {
							"pre": [-0.03, 0, 0],
							"post": [0, 0, 0]
						}
					}
				},
				"eyelid_right_right": {
					"position": {
						"0.0417": [0, 0, 0],
						"0.0833": {
							"pre": [0, 0, 0],
							"post": [0.02, 0, 0]
						},
						"0.2917": {
							"pre": [0.02, 0, 0],
							"post": [0, 0, 0]
						}
					}
				},
				"eyelid_left_left": {
					"position": {
						"0.125": [0, 0, 0],
						"0.1667": {
							"pre": [0, 0, 0],
							"post": [0.02, 0, 0]
						},
						"0.375": {
							"pre": [0.02, 0, 0],
							"post": [0, 0, 0]
						}
					}
				},
				"eye_left_left": {
					"position": {
						"0.125": [0, 0, 0],
						"0.1667": {
							"pre": [0, 0, 0],
							"post": [-0.03, 0, 0]
						},
						"0.375": {
							"pre": [-0.03, 0, 0],
							"post": [0, 0, 0]
						}
					}
				},
				"eye_right_left": {
					"position": {
						"0.125": [0, 0, 0],
						"0.1667": {
							"pre": [0, 0, 0],
							"post": [0.3, 0, 0]
						},
						"0.375": {
							"pre": [0.3, 0, 0],
							"post": [0, 0, 0]
						}
					}
				},
				"eyelid_right_left": {
					"position": {
						"0.125": [0, 0, 0],
						"0.1667": {
							"pre": [0, 0, 0],
							"post": [-0.02, 0, 0]
						},
						"0.375": {
							"pre": [-0.02, 0, 0],
							"post": [0, 0, 0]
						}
					}
				},
				"torso": {
					"rotation": {
						"0.0": {
							"post": [0, 0, 0],
							"lerp_mode": "catmullrom"
						},
						"0.125": {
							"post": [-16, 0, 0],
							"lerp_mode": "catmullrom"
						},
						"0.4583": {
							"post": [1, 0, 0],
							"lerp_mode": "catmullrom"
						},
						"0.7917": {
							"post": [0, 0, 0],
							"lerp_mode": "catmullrom"
						}
					}
				},
				"tail_middle": {
					"rotation": {
						"0.0417": {
							"pre": [0, 0, 0],
							"post": [0, 0, 0],
							"lerp_mode": "catmullrom"
						},
						"0.1667": {
							"post": [-16, 0, 0],
							"lerp_mode": "catmullrom"
						},
						"0.5": {
							"post": [1, 0, 0],
							"lerp_mode": "catmullrom"
						},
						"0.8333": {
							"post": [0, 0, 0],
							"lerp_mode": "catmullrom"
						}
					}
				},
				"tail_left": {
					"rotation": {
						"0.0833": {
							"pre": [0, 0, 0],
							"post": [0, 0, 0],
							"lerp_mode": "catmullrom"
						},
						"0.2083": {
							"post": [-16, 0, 0],
							"lerp_mode": "catmullrom"
						},
						"0.5417": {
							"post": [1, 0, 0],
							"lerp_mode": "catmullrom"
						},
						"0.875": {
							"post": [0, 0, 0],
							"lerp_mode": "catmullrom"
						}
					}
				},
				"tail_right": {
					"rotation": {
						"0.0833": {
							"pre": [0, 0, 0],
							"post": [0, 0, 0],
							"lerp_mode": "catmullrom"
						},
						"0.2083": {
							"post": [-16, 0, 0],
							"lerp_mode": "catmullrom"
						},
						"0.5417": {
							"post": [1, 0, 0],
							"lerp_mode": "catmullrom"
						},
						"0.875": {
							"post": [0, 0, 0],
							"lerp_mode": "catmullrom"
						}
					}
				},
				"tail_left2": {
					"rotation": {
						"0.125": {
							"pre": [0, 0, 0],
							"post": [0, 0, 0],
							"lerp_mode": "catmullrom"
						},
						"0.25": {
							"post": [-16, 0, 0],
							"lerp_mode": "catmullrom"
						},
						"0.5833": {
							"post": [1, 0, 0],
							"lerp_mode": "catmullrom"
						},
						"0.9167": {
							"post": [0, 0, 0],
							"lerp_mode": "catmullrom"
						}
					}
				},
				"tail_right2": {
					"rotation": {
						"0.125": {
							"pre": [0, 0, 0],
							"post": [0, 0, 0],
							"lerp_mode": "catmullrom"
						},
						"0.25": {
							"post": [-16, 0, 0],
							"lerp_mode": "catmullrom"
						},
						"0.5833": {
							"post": [1, 0, 0],
							"lerp_mode": "catmullrom"
						},
						"0.9167": {
							"post": [0, 0, 0],
							"lerp_mode": "catmullrom"
						}
					}
				},
				"neck": {
					"rotation": {
						"0.0": {
							"post": [0, 0, 0],
							"lerp_mode": "catmullrom"
						},
						"0.0833": {
							"post": [-12.5, 0, 0],
							"lerp_mode": "catmullrom"
						},
						"0.5": {
							"post": [1, 0, 0],
							"lerp_mode": "catmullrom"
						},
						"0.8333": {
							"post": [0, 0, 0],
							"lerp_mode": "catmullrom"
						}
					}
				},
				"head": {
					"rotation": {
						"0.0417": {
							"pre": [0, 0, 0],
							"post": [0, 0, 0],
							"lerp_mode": "catmullrom"
						},
						"0.125": {
							"post": [-12.5, 0, 0],
							"lerp_mode": "catmullrom"
						},
						"0.5417": {
							"post": [1, 0, 0],
							"lerp_mode": "catmullrom"
						},
						"0.875": {
							"post": [0, 0, 0],
							"lerp_mode": "catmullrom"
						}
					}
				},
				"neck_right": {
					"rotation": {
						"0.0417": {
							"pre": [0, 0, 0],
							"post": [0, 0, 0],
							"lerp_mode": "catmullrom"
						},
						"0.125": {
							"post": [-12.5, 0, 0],
							"lerp_mode": "catmullrom"
						},
						"0.5417": {
							"post": [1, 0, 0],
							"lerp_mode": "catmullrom"
						},
						"0.875": {
							"post": [0, 0, 0],
							"lerp_mode": "catmullrom"
						}
					}
				},
				"head_right": {
					"rotation": {
						"0.0833": {
							"pre": [0, 0, 0],
							"post": [0, 0, 0],
							"lerp_mode": "catmullrom"
						},
						"0.1667": {
							"post": [-12.5, 0, 0],
							"lerp_mode": "catmullrom"
						},
						"0.5833": {
							"post": [1, 0, 0],
							"lerp_mode": "catmullrom"
						},
						"0.9167": {
							"post": [0, 0, 0],
							"lerp_mode": "catmullrom"
						}
					}
				},
				"neck_left": {
					"rotation": {
						"0.0833": {
							"pre": [0, 0, 0],
							"post": [0, 0, 0],
							"lerp_mode": "catmullrom"
						},
						"0.1667": {
							"post": [-12.5, 0, 0],
							"lerp_mode": "catmullrom"
						},
						"0.5833": {
							"post": [1, 0, 0],
							"lerp_mode": "catmullrom"
						},
						"0.9167": {
							"post": [0, 0, 0],
							"lerp_mode": "catmullrom"
						}
					}
				},
				"head_left": {
					"rotation": {
						"0.125": {
							"pre": [0, 0, 0],
							"post": [0, 0, 0],
							"lerp_mode": "catmullrom"
						},
						"0.2083": {
							"post": [-12.5, 0, 0],
							"lerp_mode": "catmullrom"
						},
						"0.625": {
							"post": [1, 0, 0],
							"lerp_mode": "catmullrom"
						},
						"0.9583": {
							"post": [0, 0, 0],
							"lerp_mode": "catmullrom"
						}
					}
				}
			}
		},
		"animation.branchief.faint": {
			"animation_length": 3,
			"bones": {
				"eyelid_left": {
					"position": {
						"0.0": [0, 0, 0],
						"0.0417": {
							"pre": [0, 0, 0],
							"post": [0.02, 0, 0]
						},
						"0.25": {
							"pre": [0.02, 0, 0],
							"post": [0, 0, 0]
						},
						"1.0833": {
							"pre": [0, 0, 0],
							"post": [0.02, 0, 0]
						},
						"1.3333": {
							"pre": [0.02, 0, 0],
							"post": [0, 0, 0]
						},
						"2.2083": {
							"pre": [0, 0, 0],
							"post": [0.02, 0, 0]
						}
					}
				},
				"eye_left": {
					"position": {
						"0.0": [0, 0, 0],
						"0.0417": {
							"pre": [0, 0, 0],
							"post": [-0.03, 0, 0]
						},
						"0.25": {
							"pre": [-0.03, 0, 0],
							"post": [0, 0, 0]
						},
						"1.0833": {
							"pre": [0, 0, 0],
							"post": [-0.03, 0, 0]
						},
						"1.3333": {
							"pre": [-0.03, 0, 0],
							"post": [0, 0, 0]
						},
						"1.9167": {
							"pre": [0, 0, 0],
							"post": [-0.03, 0, 0]
						},
						"2.2083": {
							"pre": [-0.03, 0, 0],
							"post": [-0.03, 0, 0]
						}
					}
				},
				"eye_right": {
					"position": {
						"0.0": [0, 0, 0],
						"0.0417": {
							"pre": [0, 0, 0],
							"post": [0.3, 0, 0]
						},
						"0.25": {
							"pre": [0.3, 0, 0],
							"post": [0, 0, 0]
						},
						"1.0833": {
							"pre": [0, 0, 0],
							"post": [0.3, 0, 0]
						},
						"1.3333": {
							"pre": [0.3, 0, 0],
							"post": [0, 0, 0]
						},
						"1.9167": {
							"pre": [0, 0, 0],
							"post": [0.3, 0, 0]
						},
						"2.2083": {
							"pre": [0.3, 0, 0],
							"post": [0.3, 0, 0]
						}
					}
				},
				"eyelid_right": {
					"position": {
						"0.0": [0, 0, 0],
						"0.0417": {
							"pre": [0, 0, 0],
							"post": [-0.02, 0, 0]
						},
						"0.25": {
							"pre": [-0.02, 0, 0],
							"post": [0, 0, 0]
						},
						"1.0833": {
							"pre": [0, 0, 0],
							"post": [-0.02, 0, 0]
						},
						"1.3333": {
							"pre": [-0.02, 0, 0],
							"post": [0, 0, 0]
						},
						"1.9167": {
							"pre": [0, 0, 0],
							"post": [-0.02, 0, 0]
						},
						"2.2083": {
							"pre": [-0.02, 0, 0],
							"post": [-0.02, 0, 0]
						}
					}
				},
				"eyelid_left_right": {
					"position": {
						"0.0417": [0, 0, 0],
						"0.0833": {
							"pre": [0, 0, 0],
							"post": [-0.02, 0, 0]
						},
						"0.2917": {
							"pre": [-0.02, 0, 0],
							"post": [0, 0, 0]
						},
						"1.0833": {
							"pre": [0, 0, 0],
							"post": [-0.02, 0, 0]
						},
						"1.3333": {
							"pre": [-0.02, 0, 0],
							"post": [0, 0, 0]
						},
						"1.9167": {
							"pre": [0, 0, 0],
							"post": [-0.02, 0, 0]
						},
						"2.2083": {
							"pre": [-0.02, 0, 0],
							"post": [-0.02, 0, 0]
						}
					}
				},
				"eye_right_right": {
					"position": {
						"0.0417": [0, 0, 0],
						"0.0833": {
							"pre": [0, 0, 0],
							"post": [0.3, 0, 0]
						},
						"0.2917": {
							"pre": [0.3, 0, 0],
							"post": [0, 0, 0]
						},
						"1.0833": {
							"pre": [0, 0, 0],
							"post": [0.3, 0, 0]
						},
						"1.3333": {
							"pre": [0.3, 0, 0],
							"post": [0, 0, 0]
						},
						"1.9167": {
							"pre": [0, 0, 0],
							"post": [0.3, 0, 0]
						},
						"2.2083": {
							"pre": [0.3, 0, 0],
							"post": [0.3, 0, 0]
						}
					}
				},
				"eye_left_right": {
					"position": {
						"0.0417": [0, 0, 0],
						"0.0833": {
							"pre": [0, 0, 0],
							"post": [-0.03, 0, 0]
						},
						"0.2917": {
							"pre": [-0.03, 0, 0],
							"post": [0, 0, 0]
						},
						"1.0833": {
							"pre": [0, 0, 0],
							"post": [-0.03, 0, 0]
						},
						"1.3333": {
							"pre": [-0.03, 0, 0],
							"post": [0, 0, 0]
						},
						"1.9167": {
							"pre": [0, 0, 0],
							"post": [-0.03, 0, 0]
						},
						"2.2083": {
							"pre": [-0.03, 0, 0],
							"post": [-0.03, 0, 0]
						}
					}
				},
				"eyelid_right_right": {
					"position": {
						"0.0417": [0, 0, 0],
						"0.0833": {
							"pre": [0, 0, 0],
							"post": [0.02, 0, 0]
						},
						"0.2917": {
							"pre": [0.02, 0, 0],
							"post": [0, 0, 0]
						},
						"1.0833": {
							"pre": [0, 0, 0],
							"post": [0.02, 0, 0]
						},
						"1.3333": {
							"pre": [0.02, 0, 0],
							"post": [0, 0, 0]
						},
						"1.9167": {
							"pre": [0, 0, 0],
							"post": [0.02, 0, 0]
						},
						"2.2083": {
							"pre": [0.02, 0, 0],
							"post": [0.02, 0, 0]
						}
					}
				},
				"eyelid_left_left": {
					"position": {
						"0.125": [0, 0, 0],
						"0.1667": {
							"pre": [0, 0, 0],
							"post": [0.02, 0, 0]
						},
						"0.375": {
							"pre": [0.02, 0, 0],
							"post": [0, 0, 0]
						},
						"1.0833": {
							"pre": [0, 0, 0],
							"post": [0.02, 0, 0]
						},
						"1.3333": {
							"pre": [0.02, 0, 0],
							"post": [0, 0, 0]
						},
						"1.9167": {
							"pre": [0, 0, 0],
							"post": [0.02, 0, 0]
						},
						"2.2083": {
							"pre": [0.02, 0, 0],
							"post": [0.02, 0, 0]
						}
					}
				},
				"eye_left_left": {
					"position": {
						"0.125": [0, 0, 0],
						"0.1667": {
							"pre": [0, 0, 0],
							"post": [-0.03, 0, 0]
						},
						"0.375": {
							"pre": [-0.03, 0, 0],
							"post": [0, 0, 0]
						},
						"1.0833": {
							"pre": [0, 0, 0],
							"post": [-0.03, 0, 0]
						},
						"1.3333": {
							"pre": [-0.03, 0, 0],
							"post": [0, 0, 0]
						},
						"1.9167": {
							"pre": [0, 0, 0],
							"post": [-0.03, 0, 0]
						},
						"2.2083": {
							"pre": [-0.03, 0, 0],
							"post": [-0.03, 0, 0]
						}
					}
				},
				"eye_right_left": {
					"position": {
						"0.125": [0, 0, 0],
						"0.1667": {
							"pre": [0, 0, 0],
							"post": [0.3, 0, 0]
						},
						"0.375": {
							"pre": [0.3, 0, 0],
							"post": [0, 0, 0]
						},
						"1.0833": {
							"pre": [0, 0, 0],
							"post": [0.3, 0, 0]
						},
						"1.3333": {
							"pre": [0.3, 0, 0],
							"post": [0, 0, 0]
						},
						"1.9167": {
							"pre": [0, 0, 0],
							"post": [0.3, 0, 0]
						},
						"2.2083": {
							"pre": [0.3, 0, 0],
							"post": [0.3, 0, 0]
						}
					}
				},
				"eyelid_right_left": {
					"position": {
						"0.125": [0, 0, 0],
						"0.1667": {
							"pre": [0, 0, 0],
							"post": [-0.02, 0, 0]
						},
						"0.375": {
							"pre": [-0.02, 0, 0],
							"post": [0, 0, 0]
						},
						"1.0833": {
							"pre": [0, 0, 0],
							"post": [-0.02, 0, 0]
						},
						"1.3333": {
							"pre": [-0.02, 0, 0],
							"post": [0, 0, 0]
						},
						"1.9167": {
							"pre": [0, 0, 0],
							"post": [-0.02, 0, 0]
						},
						"2.2083": {
							"pre": [-0.02, 0, 0],
							"post": [-0.02, 0, 0]
						}
					}
				},
				"torso": {
					"rotation": {
						"0.0": {
							"post": [0, 0, 0],
							"lerp_mode": "catmullrom"
						},
						"0.125": {
							"post": [-16, 0, 0],
							"lerp_mode": "catmullrom"
						},
						"0.4583": {
							"post": [1, 0, 0],
							"lerp_mode": "catmullrom"
						},
						"0.7917": {
							"post": [0, 0, 0],
							"lerp_mode": "catmullrom"
						},
						"1.0833": [20, 0, 0],
						"1.5417": {
							"pre": [0, 0, 0],
							"post": [0, 0, 0],
							"lerp_mode": "catmullrom"
						},
						"2.2083": [20, 0, 0],
						"3.0": [32.5, 0, 0]
					},
					"position": {
						"1.0833": ["(math.sin((q.anim_time - 0.15) * 360 / (3/1*8)) * 0.195) - 0.015", "-(math.sin((q.anim_time - 0) * 360 / (3/2*8)) * 0.22)", -1.5],
						"2.2083": ["(math.sin((q.anim_time - 0.15) * 360 / (3/1*8)) * 0.195) - 0.015", "-(math.sin((q.anim_time - 0) * 360 / (3/2*8)) * 0.22)", -1.5],
						"3.0": ["(math.sin((q.anim_time - 0.15) * 360 / (3/1*8)) * 0.195) - 0.015", "-2.5-(math.sin((q.anim_time - 0) * 360 / (3/2*8)) * 0.22)", -1.5]
					}
				},
				"tail": {
					"position": {
						"1.0833": [0, 0, 0],
						"2.2083": [0, 0, 0]
					}
				},
				"tail_middle": {
					"rotation": {
						"0.0417": [0, 0, 0],
						"0.1667": [-16, 0, 0],
						"0.5": [1, 0, 0],
						"0.8333": [0, 0, 0],
						"1.0833": [
							"5-(math.sin((q.anim_time - 1.55) * 360 / (3/2*8)) * 3)",
							"(math.sin((q.anim_time - 0.15) * 360 / (3/0.75*8)) * 10)",
							"(math.sin((q.anim_time - 0.3) * 360 / (3/2*8)) * 4)"
						],
						"1.5833": [0, 0, 0],
						"2.2083": [
							"5-(math.sin((q.anim_time - 1.55) * 360 / (3/2*8)) * 3)",
							"(math.sin((q.anim_time - 0.15) * 360 / (3/0.75*8)) * 10)",
							"(math.sin((q.anim_time - 0.3) * 360 / (3/2*8)) * 4)"
						]
					}
				},
				"tail_left": {
					"rotation": {
						"0.0833": [0, 0, 0],
						"0.2083": [-16, 0, 0],
						"0.5417": [1, 0, 0],
						"0.875": [0, 0, 0],
						"1.0833": [
							"5-(math.sin((q.anim_time - 1.7) * 360 / (3/2*8)) * 3)",
							"(math.sin((q.anim_time - 0.3) * 360 / (3/0.75*8)) * 10)",
							"(math.sin((q.anim_time - 0.45) * 360 / (3/2*8)) * 4)"
						],
						"1.625": [0, 0, 0],
						"2.2083": [
							"5-(math.sin((q.anim_time - 1.7) * 360 / (3/2*8)) * 3)",
							"(math.sin((q.anim_time - 0.3) * 360 / (3/0.75*8)) * 10)",
							"(math.sin((q.anim_time - 0.45) * 360 / (3/2*8)) * 4)"
						]
					}
				},
				"tail_right": {
					"rotation": {
						"0.0833": [0, 0, 0],
						"0.2083": [-16, 0, 0],
						"0.5417": [1, 0, 0],
						"0.875": [0, 0, 0],
						"1.0833": [
							"5-(math.sin((q.anim_time - 1.7) * 360 / (3/2*8)) * 3)",
							"(math.sin((q.anim_time - 0.3) * 360 / (3/0.75*8)) * 10)",
							"(math.sin((q.anim_time - 0.45) * 360 / (3/2*8)) * 4)"
						],
						"1.625": [0, 0, 0],
						"2.2083": [
							"5-(math.sin((q.anim_time - 1.7) * 360 / (3/2*8)) * 3)",
							"(math.sin((q.anim_time - 0.3) * 360 / (3/0.75*8)) * 10)",
							"(math.sin((q.anim_time - 0.45) * 360 / (3/2*8)) * 4)"
						]
					}
				},
				"tail_left2": {
					"rotation": {
						"0.125": [0, 0, 0],
						"0.25": [-16, 0, 0],
						"0.5833": [1, 0, 0],
						"0.9167": [0, 0, 0],
						"1.0833": [
							"5-(math.sin((q.anim_time - 1.85) * 360 / (3/2*8)) * 3)",
							"(math.sin((q.anim_time - 0.45) * 360 / (3/0.75*8)) * 10)",
							"(math.sin((q.anim_time - 0.6) * 360 / (3/2*8)) * 4)"
						],
						"1.6667": [0, 0, 0],
						"2.2083": [
							"5-(math.sin((q.anim_time - 1.85) * 360 / (3/2*8)) * 3)",
							"(math.sin((q.anim_time - 0.45) * 360 / (3/0.75*8)) * 10)",
							"(math.sin((q.anim_time - 0.6) * 360 / (3/2*8)) * 4)"
						]
					}
				},
				"tail_right2": {
					"rotation": {
						"0.125": [0, 0, 0],
						"0.25": [-16, 0, 0],
						"0.5833": [1, 0, 0],
						"0.9167": [0, 0, 0],
						"1.0833": [
							"5-(math.sin((q.anim_time - 1.85) * 360 / (3/2*8)) * 3)",
							"(math.sin((q.anim_time - 0.45) * 360 / (3/0.75*8)) * 10)",
							"(math.sin((q.anim_time - 0.6) * 360 / (3/2*8)) * 4)"
						],
						"1.6667": [0, 0, 0],
						"2.2083": [
							"5-(math.sin((q.anim_time - 1.85) * 360 / (3/2*8)) * 3)",
							"(math.sin((q.anim_time - 0.45) * 360 / (3/0.75*8)) * 10)",
							"(math.sin((q.anim_time - 0.6) * 360 / (3/2*8)) * 4)"
						]
					}
				},
				"neck": {
					"rotation": {
						"0.0": {
							"post": [0, 0, 0],
							"lerp_mode": "catmullrom"
						},
						"0.0833": {
							"post": [-12.5, 0, 0],
							"lerp_mode": "catmullrom"
						},
						"0.5": {
							"post": [1, 0, 0],
							"lerp_mode": "catmullrom"
						},
						"0.8333": {
							"post": [0, 0, 0],
							"lerp_mode": "catmullrom"
						},
						"1.0833": [0, 0, 0],
						"1.5833": {
							"pre": [0, 0, 0],
							"post": [0, 0, 0],
							"lerp_mode": "catmullrom"
						},
						"2.2083": [0, 0, 0],
						"3.0": [52.5, 0, 0]
					},
					"position": {
						"0.0": [0, 0, 0],
						"3.0": [0, -4, 3]
					}
				},
				"head": {
					"rotation": {
						"0.0417": {
							"pre": [0, 0, 0],
							"post": [0, 0, 0],
							"lerp_mode": "catmullrom"
						},
						"0.125": {
							"post": [-12.5, 0, 0],
							"lerp_mode": "catmullrom"
						},
						"0.5417": {
							"post": [1, 0, 0],
							"lerp_mode": "catmullrom"
						},
						"0.875": {
							"post": [0, 0, 0],
							"lerp_mode": "catmullrom"
						},
						"1.0833": [27.5, 0, 0],
						"1.625": {
							"pre": [0, 0, 0],
							"post": [0, 0, 0],
							"lerp_mode": "catmullrom"
						},
						"2.2083": [27.5, 0, 0],
						"3.0": [47.5, 0, 0]
					},
					"position": {
						"0.875": [0, 0, 0],
						"1.0833": [0, -3, -4],
						"1.625": [0, 0, 0],
						"2.2083": [0, -3, -4],
						"3.0": [0, -5, -4]
					}
				},
				"neck_right": {
					"rotation": {
						"0.0417": {
							"pre": [0, 0, 0],
							"post": [0, 0, 0],
							"lerp_mode": "catmullrom"
						},
						"0.125": {
							"post": [-12.5, 0, 0],
							"lerp_mode": "catmullrom"
						},
						"0.5417": {
							"post": [1, 0, 0],
							"lerp_mode": "catmullrom"
						},
						"0.875": {
							"post": [0, 0, 0],
							"lerp_mode": "catmullrom"
						},
						"1.0833": [0, 0, -5],
						"1.625": {
							"pre": [0, 0, 0],
							"post": [0, 0, 0],
							"lerp_mode": "catmullrom"
						},
						"2.2083": [0, 0, -5],
						"3.0": [32.5, 10, -5]
					}
				},
				"head_right": {
					"rotation": {
						"0.0833": {
							"pre": [0, 0, 0],
							"post": [0, 0, 0],
							"lerp_mode": "catmullrom"
						},
						"0.1667": {
							"post": [-12.5, 0, 0],
							"lerp_mode": "catmullrom"
						},
						"0.5833": {
							"post": [1, 0, 0],
							"lerp_mode": "catmullrom"
						},
						"0.9167": {
							"post": [0, 0, 0],
							"lerp_mode": "catmullrom"
						},
						"1.0833": [37.5, 0, 0],
						"1.6667": {
							"pre": [0, 0, 0],
							"post": [0, 0, 0],
							"lerp_mode": "catmullrom"
						},
						"2.2083": [37.5, 0, 0],
						"3.0": [50, 0, -10]
					},
					"position": {
						"0.9167": [0, 0, 0],
						"1.0833": [-0.5, -1.5, -4],
						"1.6667": [0, 0, 0],
						"2.2083": [-0.5, -1.5, -4],
						"3.0": [-1.5, -3.5, -5]
					}
				},
				"eyebrow_right_right2": {
					"rotation": {
						"1.0833": [12.5, 0, 0],
						"2.2083": [12.5, 0, 0]
					},
					"position": {
						"1.0833": [-0.01, 0, 0],
						"2.2083": [-0.01, 0, 0]
					}
				},
				"eyebrow_right_right3": {
					"rotation": {
						"1.0833": [12.5, 0, 0],
						"2.2083": [12.5, 0, 0]
					},
					"position": {
						"1.0833": [-0.01, 0, 0],
						"2.2083": [-0.01, 0, 0]
					}
				},
				"eyebrow_right_right4": {
					"rotation": {
						"1.0833": [12.5, 0, 0],
						"2.2083": [12.5, 0, 0]
					},
					"position": {
						"1.0833": [0.01, 0, 0],
						"2.2083": [0.01, 0, 0]
					}
				},
				"eyebrow_right_right5": {
					"rotation": {
						"1.0833": [12.5, 0, 0],
						"2.2083": [12.5, 0, 0]
					},
					"position": {
						"1.0833": [0.01, 0, 0],
						"2.2083": [0.01, 0, 0]
					}
				},
				"eyebrow_left_right2": {
					"rotation": {
						"1.0833": [12.5, 0, 0],
						"2.2083": [12.5, 0, 0]
					},
					"position": {
						"1.0833": [0.01, 0, 0],
						"2.2083": [0.01, 0, 0]
					}
				},
				"eyebrow_left_right3": {
					"rotation": {
						"1.0833": [12.5, 0, 0],
						"2.2083": [12.5, 0, 0]
					},
					"position": {
						"1.0833": [0.01, 0, 0],
						"2.2083": [0.01, 0, 0]
					}
				},
				"eyebrow_left_right4": {
					"rotation": {
						"1.0833": [12.5, 0, 0],
						"2.2083": [12.5, 0, 0]
					},
					"position": {
						"1.0833": [-0.01, 0, 0],
						"2.2083": [-0.01, 0, 0]
					}
				},
				"eyebrow_left_right5": {
					"rotation": {
						"1.0833": [12.5, 0, 0],
						"2.2083": [12.5, 0, 0]
					},
					"position": {
						"1.0833": [-0.01, 0, 0],
						"2.2083": [-0.01, 0, 0]
					}
				},
				"bandana_upper_right": {
					"rotation": {
						"1.0833": ["5-(math.sin((q.anim_time - 5.20) * 360 / (3/1*8)) * 10)", "-22.5-(math.sin((q.anim_time - 5.20) * 360 / (3/1*2*8)) * 10)", 0],
						"2.2083": ["5-(math.sin((q.anim_time - 5.20) * 360 / (3/1*8)) * 10)", "-22.5-(math.sin((q.anim_time - 5.20) * 360 / (3/1*2*8)) * 10)", 0]
					}
				},
				"bandana_upper_right2": {
					"rotation": {
						"1.0833": [0, "-22.5-(math.sin((q.anim_time - 5.30) * 360 / (3/1*2*8)) * 10)", 0],
						"2.2083": [0, "-22.5-(math.sin((q.anim_time - 5.30) * 360 / (3/1*2*8)) * 10)", 0]
					}
				},
				"bandana_upper_right3": {
					"rotation": {
						"1.0833": [0, "-22.5-(math.sin((q.anim_time - 5.40) * 360 / (3/1*2*8)) * 10)", 0],
						"2.2083": [0, "-22.5-(math.sin((q.anim_time - 5.40) * 360 / (3/1*2*8)) * 10)", 0]
					}
				},
				"bandana_upper_right4": {
					"rotation": {
						"1.0833": [0, "-22.5-(math.sin((q.anim_time - 5.50) * 360 / (3/1*2*8)) * 10)", 0],
						"2.2083": [0, "-22.5-(math.sin((q.anim_time - 5.50) * 360 / (3/1*2*8)) * 10)", 0]
					}
				},
				"bandana_upper_right5": {
					"rotation": {
						"1.0833": [0, "-22.5-(math.sin((q.anim_time - 5.60) * 360 / (3/1*2*8)) * 10)", 0],
						"2.2083": [0, "-22.5-(math.sin((q.anim_time - 5.60) * 360 / (3/1*2*8)) * 10)", 0]
					}
				},
				"bandana_lower_right": {
					"rotation": {
						"1.0833": ["-5+(math.sin((q.anim_time - 5.45) * 360 / (3/1*8)) * 10)", "-22.5-(math.sin((q.anim_time - 5.45) * 360 / (3/1*2*8)) * 10)", 0],
						"2.2083": ["-5+(math.sin((q.anim_time - 5.45) * 360 / (3/1*8)) * 10)", "-22.5-(math.sin((q.anim_time - 5.45) * 360 / (3/1*2*8)) * 10)", 0]
					}
				},
				"bandana_lower_right2": {
					"rotation": {
						"1.0833": [0, "-22.5-(math.sin((q.anim_time - 5.55) * 360 / (3/1*2*8)) * 10)", 0],
						"2.2083": [0, "-22.5-(math.sin((q.anim_time - 5.55) * 360 / (3/1*2*8)) * 10)", 0]
					}
				},
				"bandana_lower_right3": {
					"rotation": {
						"1.0833": [0, "-22.5-(math.sin((q.anim_time - 5.65) * 360 / (3/1*2*8)) * 10)", 0],
						"2.2083": [0, "-22.5-(math.sin((q.anim_time - 5.65) * 360 / (3/1*2*8)) * 10)", 0]
					}
				},
				"bandana_lower_right4": {
					"rotation": {
						"1.0833": [0, "-22.5-(math.sin((q.anim_time - 5.75) * 360 / (3/1*2*8)) * 10)", 0],
						"2.2083": [0, "-22.5-(math.sin((q.anim_time - 5.75) * 360 / (3/1*2*8)) * 10)", 0]
					}
				},
				"bandana_lower_right5": {
					"rotation": {
						"1.0833": [0, "-22.5-(math.sin((q.anim_time - 5.85) * 360 / (3/1*2*8)) * 10)", 0],
						"2.2083": [0, "-22.5-(math.sin((q.anim_time - 5.85) * 360 / (3/1*2*8)) * 10)", 0]
					}
				},
				"neck_left": {
					"rotation": {
						"0.0833": {
							"pre": [0, 0, 0],
							"post": [0, 0, 0],
							"lerp_mode": "catmullrom"
						},
						"0.1667": {
							"post": [-12.5, 0, 0],
							"lerp_mode": "catmullrom"
						},
						"0.5833": {
							"post": [1, 0, 0],
							"lerp_mode": "catmullrom"
						},
						"0.9167": {
							"post": [0, 0, 0],
							"lerp_mode": "catmullrom"
						},
						"1.0833": [0, 0, 5],
						"1.6667": {
							"pre": [0, 0, 0],
							"post": [0, 0, 0],
							"lerp_mode": "catmullrom"
						},
						"2.2083": [0, 0, 5],
						"3.0": [32.5, -10, 5]
					}
				},
				"head_left": {
					"rotation": {
						"0.125": {
							"pre": [0, 0, 0],
							"post": [0, 0, 0],
							"lerp_mode": "catmullrom"
						},
						"0.2083": {
							"post": [-12.5, 0, 0],
							"lerp_mode": "catmullrom"
						},
						"0.625": {
							"post": [1, 0, 0],
							"lerp_mode": "catmullrom"
						},
						"1.0833": [37.5, 0, 0],
						"1.375": {
							"pre": [1, 0, 0],
							"post": [1, 0, 0],
							"lerp_mode": "catmullrom"
						},
						"2.2083": [37.5, 0, 0],
						"3.0": [50, 0, 10]
					},
					"position": {
						"0.625": [0, 0, 0],
						"1.0833": [0.5, -1.5, -4],
						"1.375": [0, 0, 0],
						"2.2083": [0.5, -1.5, -4],
						"3.0": [1.5, -2.5, -5]
					}
				},
				"bandana_left": {
					"rotation": {
						"1.0833": ["-0.9529+(math.sin((q.anim_time - 4.20) * 360 / (3/1*8)) * 10)", "22.366+(math.sin((q.anim_time - 4.20) * 360 / (3/1*2*8)) * 10)", -2.64513],
						"2.2083": ["-0.9529+(math.sin((q.anim_time - 4.20) * 360 / (3/1*8)) * 10)", "22.366+(math.sin((q.anim_time - 4.20) * 360 / (3/1*2*8)) * 10)", -2.64513]
					}
				},
				"bandana_left2": {
					"rotation": {
						"1.0833": [0, "22.5+(math.sin((q.anim_time - 4.25) * 360 / (3/1*2*8)) * 10)", 0],
						"2.2083": [0, "22.5+(math.sin((q.anim_time - 4.25) * 360 / (3/1*2*8)) * 10)", 0]
					}
				},
				"bandana_left3": {
					"rotation": {
						"1.0833": [0, "22.5+(math.sin((q.anim_time - 4.30) * 360 / (3/1*2*8)) * 10)", 0],
						"2.2083": [0, "22.5+(math.sin((q.anim_time - 4.30) * 360 / (3/1*2*8)) * 10)", 0]
					}
				},
				"bandana_left4": {
					"rotation": {
						"1.0833": [0, "22.5+(math.sin((q.anim_time - 4.35) * 360 / (3/1*2*8)) * 10)", 0],
						"2.2083": [0, "22.5+(math.sin((q.anim_time - 4.35) * 360 / (3/1*2*8)) * 10)", 0]
					}
				},
				"bandana_left5": {
					"rotation": {
						"1.0833": [0, "22.5+(math.sin((q.anim_time - 4.40) * 360 / (3/1*2*8)) * 10)", 0],
						"2.2083": [0, "22.5+(math.sin((q.anim_time - 4.40) * 360 / (3/1*2*8)) * 10)", 0]
					}
				},
				"bandana_left6": {
					"rotation": {
						"1.0833": [0, "22.5+(math.sin((q.anim_time - 4.45) * 360 / (3/1*2*8)) * 10)", 0],
						"2.2083": [0, "22.5+(math.sin((q.anim_time - 4.45) * 360 / (3/1*2*8)) * 10)", 0]
					}
				},
				"bush_back4": {
					"rotation": {
						"1.0833": ["-math.sin((q.anim_time - 5.55) * 360 / (3/2*8)) * 6", 0, 0],
						"2.2083": ["-math.sin((q.anim_time - 5.55) * 360 / (3/2*8)) * 6", 0, 0]
					}
				},
				"bush_back3": {
					"rotation": {
						"1.0833": ["-math.sin((q.anim_time - 4.55) * 360 / (3/2*8)) * 6", 0, 0],
						"2.2083": ["-math.sin((q.anim_time - 4.55) * 360 / (3/2*8)) * 6", 0, 0]
					}
				},
				"bush_back2": {
					"rotation": {
						"1.0833": ["-math.sin((q.anim_time - 3.55) * 360 / (3/2*8)) * 6", 0, 0],
						"2.2083": ["-math.sin((q.anim_time - 3.55) * 360 / (3/2*8)) * 6", 0, 0]
					}
				},
				"bush_back": {
					"rotation": {
						"1.0833": ["-math.sin((q.anim_time - 2.55) * 360 / (3/2*8)) * 6", 0, 0],
						"2.2083": ["-math.sin((q.anim_time - 2.55) * 360 / (3/2*8)) * 6", 0, 0]
					}
				},
				"bush_front": {
					"rotation": {
						"1.0833": ["math.sin((q.anim_time - 2.55) * 360 / (3/2*8)) * 6", 0, 0],
						"2.2083": ["math.sin((q.anim_time - 2.55) * 360 / (3/2*8)) * 6", 0, 0]
					}
				},
				"bush_front2": {
					"rotation": {
						"1.0833": ["math.sin((q.anim_time - 3.55) * 360 / (3/2*8)) * 6", 0, 0],
						"2.2083": ["math.sin((q.anim_time - 3.55) * 360 / (3/2*8)) * 6", 0, 0]
					}
				},
				"bush_front3": {
					"rotation": {
						"1.0833": ["math.sin((q.anim_time - 4.55) * 360 / (3/2*8)) * 6", 0, 0],
						"2.2083": ["math.sin((q.anim_time - 4.55) * 360 / (3/2*8)) * 6", 0, 0]
					}
				},
				"bush_front4": {
					"rotation": {
						"1.0833": ["math.sin((q.anim_time - 5.55) * 360 / (3/2*8)) * 6", 0, 0],
						"2.2083": ["math.sin((q.anim_time - 5.55) * 360 / (3/2*8)) * 6", 0, 0]
					}
				},
				"bush_upper4": {
					"rotation": {
						"1.0833": ["-math.sin((q.anim_time - 5.55) * 360 / (3/2*8)) * 6", 0, 0],
						"2.2083": ["-math.sin((q.anim_time - 5.55) * 360 / (3/2*8)) * 6", 0, 0]
					}
				},
				"bush_upper3": {
					"rotation": {
						"1.0833": ["-math.sin((q.anim_time - 4.55) * 360 / (3/2*8)) * 6", 0, 0],
						"2.2083": ["-math.sin((q.anim_time - 4.55) * 360 / (3/2*8)) * 6", 0, 0]
					}
				},
				"bush_upper2": {
					"rotation": {
						"1.0833": ["-math.sin((q.anim_time - 3.55) * 360 / (3/2*8)) * 6", 0, 0],
						"2.2083": ["-math.sin((q.anim_time - 3.55) * 360 / (3/2*8)) * 6", 0, 0]
					}
				},
				"bush_upper": {
					"rotation": {
						"1.0833": ["-math.sin((q.anim_time - 2.55) * 360 / (3/2*8)) * 6", 0, 0],
						"2.2083": ["-math.sin((q.anim_time - 2.55) * 360 / (3/2*8)) * 6", 0, 0]
					}
				},
				"bush_lower": {
					"rotation": {
						"1.0833": ["math.sin((q.anim_time - 2.55) * 360 / (3/2*8)) * 6", 0, 0],
						"2.2083": ["math.sin((q.anim_time - 2.55) * 360 / (3/2*8)) * 6", 0, 0]
					}
				},
				"bush_lower2": {
					"rotation": {
						"1.0833": ["math.sin((q.anim_time - 3.55) * 360 / (3/2*8)) * 6", 0, 0],
						"2.2083": ["math.sin((q.anim_time - 3.55) * 360 / (3/2*8)) * 6", 0, 0]
					}
				},
				"bush_lower3": {
					"rotation": {
						"1.0833": ["math.sin((q.anim_time - 4.55) * 360 / (3/2*8)) * 6", 0, 0],
						"2.2083": ["math.sin((q.anim_time - 4.55) * 360 / (3/2*8)) * 6", 0, 0]
					}
				},
				"bush_lower4": {
					"rotation": {
						"1.0833": ["math.sin((q.anim_time - 5.55) * 360 / (3/2*8)) * 6", 0, 0],
						"2.2083": ["math.sin((q.anim_time - 5.55) * 360 / (3/2*8)) * 6", 0, 0]
					}
				},
				"bush_right2": {
					"rotation": {
						"1.0833": [0, "math.sin((q.anim_time - 3.55) * 360 / (3/2*8)) * 6", 0],
						"2.2083": [0, "math.sin((q.anim_time - 3.55) * 360 / (3/2*8)) * 6", 0]
					}
				},
				"bush_right": {
					"rotation": {
						"1.0833": [0, "math.sin((q.anim_time - 2.55) * 360 / (3/2*8)) * 6", 0],
						"2.2083": [0, "math.sin((q.anim_time - 2.55) * 360 / (3/2*8)) * 6", 0]
					}
				},
				"bush_right3": {
					"rotation": {
						"1.0833": [0, "math.sin((q.anim_time - 4.55) * 360 / (3/2*8)) * 6", 0],
						"2.2083": [0, "math.sin((q.anim_time - 4.55) * 360 / (3/2*8)) * 6", 0]
					}
				},
				"bush_right4": {
					"rotation": {
						"1.0833": [0, "math.sin((q.anim_time - 5.55) * 360 / (3/2*8)) * 6", 0],
						"2.2083": [0, "math.sin((q.anim_time - 5.55) * 360 / (3/2*8)) * 6", 0]
					}
				},
				"bush_left4": {
					"rotation": {
						"1.0833": [0, "-math.sin((q.anim_time - 5.55) * 360 / (3/2*8)) * 6", 0],
						"2.2083": [0, "-math.sin((q.anim_time - 5.55) * 360 / (3/2*8)) * 6", 0]
					}
				},
				"bush_left3": {
					"rotation": {
						"1.0833": [0, "-math.sin((q.anim_time - 4.55) * 360 / (3/2*8)) * 6", 0],
						"2.2083": [0, "-math.sin((q.anim_time - 4.55) * 360 / (3/2*8)) * 6", 0]
					}
				},
				"bush_left2": {
					"rotation": {
						"1.0833": [0, "-math.sin((q.anim_time - 3.55) * 360 / (3/2*8)) * 6", 0],
						"2.2083": [0, "-math.sin((q.anim_time - 3.55) * 360 / (3/2*8)) * 6", 0]
					}
				},
				"bush_left": {
					"rotation": {
						"1.0833": [0, "-math.sin((q.anim_time - 2.55) * 360 / (3/2*8)) * 6", 0],
						"2.2083": [0, "-math.sin((q.anim_time - 2.55) * 360 / (3/2*8)) * 6", 0]
					}
				},
				"leg_back_left": {
					"rotation": {
						"1.0833": {
							"pre": [0, 0, -1],
							"post": [0, 0, -1],
							"lerp_mode": "catmullrom"
						},
						"2.2083": {
							"post": [0, 0, -1],
							"lerp_mode": "catmullrom"
						}
					},
					"position": {
						"1.0833": {
							"pre": [0, -0.05, -0.75],
							"post": [0, -0.05, -0.75],
							"lerp_mode": "catmullrom"
						},
						"2.2083": {
							"post": [0, -0.05, -0.75],
							"lerp_mode": "catmullrom"
						}
					}
				},
				"leg_back_left2": {
					"rotation": {
						"1.0833": {
							"pre": [0, 0, 1],
							"post": [0, 0, 1],
							"lerp_mode": "catmullrom"
						},
						"2.2083": {
							"post": [0, 0, 1],
							"lerp_mode": "catmullrom"
						}
					}
				},
				"leg_back_right": {
					"rotation": {
						"1.0833": {
							"pre": [0, 0, 1],
							"post": [0, 0, 1],
							"lerp_mode": "catmullrom"
						},
						"2.2083": {
							"post": [0, 0, 1],
							"lerp_mode": "catmullrom"
						}
					},
					"position": {
						"1.0833": {
							"pre": [0, -0.05, -0.75],
							"post": [0, -0.05, -0.75],
							"lerp_mode": "catmullrom"
						},
						"2.2083": {
							"post": [0, -0.05, -0.75],
							"lerp_mode": "catmullrom"
						}
					}
				},
				"leg_back_right2": {
					"rotation": {
						"1.0833": {
							"pre": [0, 0, -1],
							"post": [0, 0, -1],
							"lerp_mode": "catmullrom"
						},
						"2.2083": {
							"post": [0, 0, -1],
							"lerp_mode": "catmullrom"
						}
					}
				},
				"leg_front_right": {
					"rotation": {
						"1.0833": {
							"pre": [-10, 5, 5],
							"post": [-10, 5, 5],
							"lerp_mode": "catmullrom"
						},
						"1.2083": {
							"post": [-20, 0, 5],
							"lerp_mode": "catmullrom"
						},
						"1.5417": {
							"post": [-10, 5, 5],
							"lerp_mode": "catmullrom"
						},
						"2.2083": {
							"post": [-10, 5, 5],
							"lerp_mode": "catmullrom"
						}
					},
					"position": {
						"1.0833": {
							"pre": [1, -0.9, 0],
							"post": [1, -0.9, 0],
							"lerp_mode": "catmullrom"
						},
						"1.2083": {
							"post": [1, 5.1, 3],
							"lerp_mode": "catmullrom"
						},
						"1.5417": {
							"post": [1, -0.9, 0],
							"lerp_mode": "catmullrom"
						},
						"2.2083": {
							"post": [1, -0.9, 0],
							"lerp_mode": "catmullrom"
						}
					}
				},
				"leg_front_right2": {
					"rotation": {
						"1.0833": {
							"pre": [10, 0, -5],
							"post": [10, 0, -5],
							"lerp_mode": "catmullrom"
						},
						"1.2083": {
							"post": [36.25, 0, -5],
							"lerp_mode": "catmullrom"
						},
						"1.5417": [10, 0, -5],
						"2.2083": [10, 0, -5]
					},
					"position": {
						"1.0833": {
							"pre": [0, 0, 0],
							"post": [0, 0, 0],
							"lerp_mode": "catmullrom"
						},
						"1.2083": {
							"post": [0, -1, 0],
							"lerp_mode": "catmullrom"
						},
						"1.5417": {
							"post": [0, 0, 0],
							"lerp_mode": "catmullrom"
						}
					}
				},
				"leg_front_left": {
					"rotation": {
						"0.0": {
							"post": [-10, -5, -5],
							"lerp_mode": "catmullrom"
						},
						"0.125": {
							"post": [-12.5, -5, -5],
							"lerp_mode": "catmullrom"
						},
						"0.4583": {
							"post": [-10, -5, -5],
							"lerp_mode": "catmullrom"
						},
						"1.0833": {
							"post": [-10, -5, -5],
							"lerp_mode": "catmullrom"
						},
						"2.2083": {
							"post": [-10, -5, -5],
							"lerp_mode": "catmullrom"
						}
					},
					"position": {
						"0.0": {
							"post": [-1, -0.9, 0],
							"lerp_mode": "catmullrom"
						},
						"0.125": {
							"post": [-1, 5.1, 0],
							"lerp_mode": "catmullrom"
						},
						"0.4583": {
							"post": [-1, -0.9, 0],
							"lerp_mode": "catmullrom"
						},
						"1.0833": {
							"post": [-1, -0.9, 0],
							"lerp_mode": "catmullrom"
						},
						"2.2083": {
							"post": [-1, -0.9, 0],
							"lerp_mode": "catmullrom"
						}
					}
				},
				"leg_front_left2": {
					"rotation": {
						"0.0": {
							"post": [10, 0, 5],
							"lerp_mode": "catmullrom"
						},
						"0.125": {
							"post": [32.5, 0, 5],
							"lerp_mode": "catmullrom"
						},
						"0.4583": [10, 0, 5],
						"1.0833": [10, 0, 5],
						"2.2083": [10, 0, 5]
					},
					"position": {
						"0.0": {
							"post": [0, 0, 0],
							"lerp_mode": "catmullrom"
						},
						"0.125": {
							"post": [0, -1, 0],
							"lerp_mode": "catmullrom"
						},
						"0.4583": {
							"post": [0, 0, 0],
							"lerp_mode": "catmullrom"
						}
					}
				}
			}
		},
		"animation.branchief.cry": {
			"animation_length": 2.7917,
			"bones": {
				"eyelid_left": {
					"position": {
						"0.0": [0, 0, 0],
						"0.0417": {"pre": [0, 0, 0], "post": [0.02, 0, 0]},
						"0.25": {"pre": [0.02, 0, 0], "post": [0, 0, 0]}
					}
				},
				"eye_left": {
					"position": {
						"0.0": [0, 0, 0],
						"0.0417": {"pre": [0, 0, 0], "post": [-0.03, 0, 0]},
						"0.25": {"pre": [-0.03, 0, 0], "post": [0, 0, 0]}
					}
				},
				"eye_right": {
					"position": {
						"0.0": [0, 0, 0],
						"0.0417": {"pre": [0, 0, 0], "post": [0.3, 0, 0]},
						"0.25": {"pre": [0.3, 0, 0], "post": [0, 0, 0]}
					}
				},
				"eyelid_right": {
					"position": {
						"0.0": [0, 0, 0],
						"0.0417": {"pre": [0, 0, 0], "post": [-0.02, 0, 0]},
						"0.25": {"pre": [-0.02, 0, 0], "post": [0, 0, 0]}
					}
				},
				"eyelid_left_right": {
					"position": {
						"0.0417": [0, 0, 0],
						"0.0833": {"pre": [0, 0, 0], "post": [-0.02, 0, 0]},
						"0.2917": {"pre": [-0.02, 0, 0], "post": [0, 0, 0]}
					}
				},
				"eye_right_right": {
					"position": {
						"0.0417": [0, 0, 0],
						"0.0833": {"pre": [0, 0, 0], "post": [0.3, 0, 0]},
						"0.2917": {"pre": [0.3, 0, 0], "post": [0, 0, 0]}
					}
				},
				"eye_left_right": {
					"position": {
						"0.0417": [0, 0, 0],
						"0.0833": {"pre": [0, 0, 0], "post": [-0.03, 0, 0]},
						"0.2917": {"pre": [-0.03, 0, 0], "post": [0, 0, 0]}
					}
				},
				"eyelid_right_right": {
					"position": {
						"0.0417": [0, 0, 0],
						"0.0833": {"pre": [0, 0, 0], "post": [0.02, 0, 0]},
						"0.2917": {"pre": [0.02, 0, 0], "post": [0, 0, 0]}
					}
				},
				"eyelid_left_left": {
					"position": {
						"0.125": [0, 0, 0],
						"0.1667": {"pre": [0, 0, 0], "post": [0.02, 0, 0]},
						"0.375": {"pre": [0.02, 0, 0], "post": [0, 0, 0]}
					}
				},
				"eye_left_left": {
					"position": {
						"0.125": [0, 0, 0],
						"0.1667": {"pre": [0, 0, 0], "post": [-0.03, 0, 0]},
						"0.375": {"pre": [-0.03, 0, 0], "post": [0, 0, 0]}
					}
				},
				"eye_right_left": {
					"position": {
						"0.125": [0, 0, 0],
						"0.1667": {"pre": [0, 0, 0], "post": [0.3, 0, 0]},
						"0.375": {"pre": [0.3, 0, 0], "post": [0, 0, 0]}
					}
				},
				"eyelid_right_left": {
					"position": {
						"0.125": [0, 0, 0],
						"0.1667": {"pre": [0, 0, 0], "post": [-0.02, 0, 0]},
						"0.375": {"pre": [-0.02, 0, 0], "post": [0, 0, 0]}
					}
				},
				"torso": {
					"rotation": {
						"0.0": {
							"post": [0, 0, 0],
							"lerp_mode": "catmullrom"
						},
						"0.1667": {
							"post": [5, 0, 0],
							"lerp_mode": "catmullrom"
						},
						"0.2083": {
							"post": [0, 0, 0],
							"lerp_mode": "catmullrom"
						},
						"0.25": {
							"post": [-5, 0, 0],
							"lerp_mode": "catmullrom"
						},
						"0.3333": {
							"post": [-6, 0, 0],
							"lerp_mode": "catmullrom"
						},
						"0.375": {
							"post": [-9, 0, 0],
							"lerp_mode": "catmullrom"
						},
						"0.5": {
							"post": [-10, 0, 0],
							"lerp_mode": "catmullrom"
						},
						"0.5417": {
							"post": [-15, 0, 0],
							"lerp_mode": "catmullrom"
						},
						"2.2083": {
							"post": [-25, 0, 0],
							"lerp_mode": "catmullrom"
						},
						"2.75": {
							"post": [0, 0, 0],
							"lerp_mode": "catmullrom"
						}
					}
				},
				"tail_middle": {
					"rotation": {
						"0.0417": [0, 0, 0],
						"0.1667": [-16, 0, 0],
						"0.5": ["1-math.sin(q.anim_time*90*40)*2", 0, 0],
						"2.375": [0, 0, 0]
					}
				},
				"tail_left": {
					"rotation": {
						"0.0833": [0, 0, 0],
						"0.2083": [-16, 0, 0],
						"0.5417": ["1-math.sin(q.anim_time*90*40-60)*2", 0, 0],
						"2.4167": [0, 0, 0]
					}
				},
				"tail_right": {
					"rotation": {
						"0.0833": [0, 0, 0],
						"0.2083": [-16, 0, 0],
						"0.5417": ["1-math.sin(q.anim_time*90*40-60)*2", 0, 0],
						"2.4167": [0, 0, 0]
					}
				},
				"tail_left2": {
					"rotation": {
						"0.125": [0, 0, 0],
						"0.25": [-16, 0, 0],
						"0.5833": ["1-math.sin(q.anim_time*90*40-120)*2", 0, 0],
						"2.4583": [0, 0, 0]
					}
				},
				"tail_right2": {
					"rotation": {
						"0.125": [0, 0, 0],
						"0.25": [-16, 0, 0],
						"0.5833": ["1-math.sin(q.anim_time*90*40-120)*2", 0, 0],
						"2.4583": [0, 0, 0]
					}
				},
				"neck": {
					"rotation": {
						"0.1667": [0, 0, 0],
						"0.25": ["-12.5-math.sin(q.anim_time*90*40)*2", 0, 0],
						"2.1667": [0, 0, 0]
					}
				},
				"head": {
					"rotation": {
						"0.2083": [0, 0, 0],
						"0.2917": ["-12.5-math.sin(q.anim_time*90*40)*2", 0, 0],
						"2.2083": [0, 0, 0]
					}
				},
				"neck_right": {
					"rotation": {
						"0.5417": [0, 0, 0],
						"0.625": ["-12.5-math.sin(q.anim_time*90*40)*2", 0, 0],
						"2.5417": [0, 0, 0]
					}
				},
				"head_right": {
					"rotation": {
						"0.5833": [0, 0, 0],
						"0.6667": ["-12.5-math.sin(q.anim_time*90*40)*2", 0, 0],
						"2.5833": [0, 0, 0]
					}
				},
				"neck_left": {
					"rotation": {
						"0.3333": [0, 0, 0],
						"0.4167": ["-12.5-math.sin(q.anim_time*90*40)*2", 0, 0],
						"2.3333": [0, 0, 0]
					}
				},
				"head_left": {
					"rotation": {
						"0.375": [0, 0, 0],
						"0.4583": ["-12.5-math.sin(q.anim_time*90*40)*2", 0, 0],
						"2.375": [0, 0, 0]
					}
				},
				"mouth": {
					"position": {
						"0.25": [0, 0, 0],
						"0.2917": {"pre": [0, 0, 0], "post": [0, -2, 0]},
						"2.25": {"pre": [0, -2, 0], "post": [0, 0, 0]}
					}
				},
				"mouth_right": {
					"position": {
						"0.5833": [0, 0, 0],
						"0.625": {"pre": [0, 0, 0], "post": [0, -2, 0]},
						"2.5833": {"pre": [0, -2, 0], "post": [0, 0, 0]}
					}
				},
				"mouth_left": {
					"position": {
						"0.375": [0, 0, 0],
						"0.4167": {"pre": [0, 0, 0], "post": [0, -2, 0]},
						"2.375": {"pre": [0, -2, 0], "post": [0, 0, 0]}
					}
				}
			},
			"sound_effects": {
				"0.0417": {
					"effect": "pokemon.branchief.cry"
				}
			}
		}
	}
}