
{
  "head": "head_ai",
  "portraitScale": 1,
  "portraitTranslation": [ 0.1, 1.3, 0 ],
  "profileScale": 0.6,
  "profileTranslation": [ 0, 0.9, 0 ],
  "poses": {
    "standing": {
      "poseName": "standing",
      "transformTicks": 10,
      "poseTypes": [
        "STAND",
        "NONE",
        "PORTRAIT",
        "PROFILE"
      ],
      "animations": [
        "look",
        "bedrock(musclekarp, ground_idle)"
      ]
    },
    "walking": {
      "poseName": "walking",
      "transformTicks": 10,
      "poseTypes": [ "WALK" ],
      "animations": [ "bedrock(musclekarp, ground_walk)" ]
    },
    "battle-idle": {
      "poseName": "battle-idle",
      "transformTicks": 20,
      "poseTypes": [ "STAND" ],
      "isBattle": true,
      "animations": [ "bedrock(musclekarp, battle_idle)" ]
    },
    "floating": {
      "poseName": "floating",
      "transformTicks": 10,
      "poseTypes": [ "FLOAT" ],
      "animations": [ "bedrock(musclekarp, water_idle)" ]
    },
    "swimming": {
      "poseName": "swimming",
      "transformTicks": 10,
      "poseTypes": [ "SWIM" ],
      "animations": [ "bedrock(musclekarp, water_swim)" ]
    }
  }
}
