
{
  "head": "head",
  "portraitScale": 2,
  "portraitTranslation": [ -0.1, 0.65, 0 ],
  "profileScale": 0.8,
  "profileTranslation": [ 0, 0.6, 0 ],
  "poses": {
    "standing": {
      "poseName": "standing",
      "transformTicks": 10,
      "poseTypes": [
        "STAND",
        "NONE",
        "PORTRAIT",
        "PROFILE"
      ],
      "animations": [
        "look",
        "bedrock(sphytty, ground_idle)"
      ],
	  "quirks": [
  {
    "name": "blink",
    "animations": ["bedrock(sphytty, blink)"]
  }
]
    },
    "walking": {
      "poseName": "walking",
      "transformTicks": 10,
      "poseTypes": [ "WALK" ],
      "animations": [ "bedrock(sphytty, ground_walk)" 
      ],
	  "quirks": [
  {
    "name": "blink",
    "animations": ["bedrock(sphytty, blink)"]
  }
]
    }
  }
}
