{
	"format_version": "1.8.0",
	"animations": {
		"animation.jolphoa.ground_idle": {
			"loop": true,
			"animation_length": 2,
			"bones": {
				"bone6": {
					"rotation": {
						"0.0": [0, 0, 0],
						"1.0": [5, 0, 0],
						"2.0": [0, 0, 0]
					},
					"position": {
						"0.0": [0, 0, 0],
						"1.0": [0, 1, 0],
						"2.0": [0, 0, 0]
					}
				},
				"tentacle5": {
					"rotation": {
						"0.0": [0, 0, 0],
						"1.0": [-5, 0, 0],
						"2.0": [0, 0, 0]
					}
				},
				"tentacle7": {
					"rotation": {
						"0.0": [0, 0, 0],
						"1.0": [-5, 0, 0],
						"2.0": [0, 0, 0]
					}
				},
				"tentacle6": {
					"rotation": {
						"0.0": [0, 0, 0],
						"1.0": [-5, 0, 0],
						"2.0": [0, 0, 0]
					}
				},
				"tentacle8": {
					"rotation": {
						"0.0": [0, 0, 0],
						"1.0": [-5, 0, 0],
						"2.0": [0, 0, 0]
					}
				},
				"tentacle": {
					"rotation": {
						"0.0": [0, 0, 0],
						"1.0": [-5, 0, 0],
						"2.0": [0, 0, 0]
					}
				},
				"tentacle2": {
					"rotation": {
						"0.0": [0, 0, 0],
						"1.0": [-5, 0, 0],
						"2.0": [0, 0, 0]
					}
				},
				"tentacle3": {
					"rotation": {
						"0.0": [0, 0, 0],
						"1.0": [-5, 0, 0],
						"2.0": [0, 0, 0]
					}
				},
				"tentacle4": {
					"rotation": {
						"0.0": [0, 0, 0],
						"1.0": [-5, 0, 0],
						"2.0": [0, 0, 0]
					}
				},
				"bone11": {
					"rotation": {
						"0.0": [0, 0, 0],
						"1.0": [5, 0, 0],
						"2.0": [0, 0, 0]
					}
				},
				"bone9": {
					"rotation": {
						"0.0": [0, 0, 0],
						"1.0": [2.5, 0, 0],
						"2.0": [0, 0, 0]
					}
				}
			}
		},
		"animation.jolphoa.ground_walk": {
			"loop": true,
			"animation_length": 0.96,
			"bones": {
				"bone6": {
					"rotation": {
						"0.0": [27.5, 0, 0],
						"0.96": [27.5, 0, 0]
					},
					"position": {
						"0.0": [0, 0, 0],
						"0.48": [0, 1, 0],
						"0.96": [0, 0, 0]
					}
				},
				"neck": {
					"rotation": {
						"0.0": [-10, 0, 0],
						"0.96": [-10, 0, 0]
					}
				},
				"tentacle5": {
					"rotation": {
						"0.0": [-10, 0, 0],
						"0.48": [-2.5, 0, 0],
						"0.96": [-10, 0, 0]
					}
				},
				"tentacle7": {
					"rotation": {
						"0.0": [-10, 0, 0],
						"0.48": [-2.5, 0, 0],
						"0.96": [-10, 0, 0]
					}
				},
				"tentacle6": {
					"rotation": {
						"0.0": [-10, 0, 0],
						"0.48": [-2.5, 0, 0],
						"0.96": [-10, 0, 0]
					}
				},
				"tentacle8": {
					"rotation": {
						"0.0": [-10, 0, 0],
						"0.48": [-2.5, 0, 0],
						"0.96": [-10, 0, 0]
					}
				},
				"head": {
					"rotation": {
						"0.0": [-5, 0, 0],
						"0.96": [-5, 0, 0]
					},
					"position": {
						"0.0": [0, -1, 0],
						"0.96": [0, -1, 0]
					}
				},
				"tentacle": {
					"rotation": {
						"0.0": [-10, 0, 0],
						"0.48": [-2.5, 0, 0],
						"0.96": [-10, 0, 0]
					}
				},
				"tentacle2": {
					"rotation": {
						"0.0": [-10, 0, 0],
						"0.48": [-2.5, 0, 0],
						"0.96": [-10, 0, 0]
					}
				},
				"tentacle3": {
					"rotation": {
						"0.0": [-10, 0, 0],
						"0.48": [-2.5, 0, 0],
						"0.96": [-10, 0, 0]
					}
				},
				"tentacle4": {
					"rotation": {
						"0.0": [-10, 0, 0],
						"0.48": [-2.5, 0, 0],
						"0.96": [-10, 0, 0]
					}
				},
				"bone8": {
					"rotation": {
						"0.0": [0, 0, 0],
						"0.48": [-5, 0, 0],
						"0.96": [0, 0, 0]
					},
					"position": {
						"0.0": [0, 1, 0],
						"0.96": [0, 1, 0]
					}
				},
				"bone11": {
					"rotation": {
						"0.0": [15, 0, 0],
						"0.48": [7.5, 0, 0],
						"0.96": [15, 0, 0]
					},
					"position": {
						"0.0": [0, 1, 0],
						"0.96": [0, 1, 0]
					}
				},
				"bone9": {
					"rotation": {
						"0.0": [17.5, 0, 0],
						"0.48": [5, 0, 0],
						"0.96": [17.5, 0, 0]
					},
					"position": {
						"0.0": [0, 1, 0],
						"0.96": [0, 1, 0]
					}
				}
			}
		}
	}
}