{
	"format_version": "1.12.0",
	"minecraft:geometry": [
		{
			"description": {
				"identifier": "geometry.brunatee",
				"texture_width": 256,
				"texture_height": 256,
				"visible_bounds_width": 5,
				"visible_bounds_height": 5.5,
				"visible_bounds_offset": [0, 2.25, 0]
			},
			"bones": [
				{
					"name": "brunatee",
					"pivot": [0, 0, 0]
				},
				{
					"name": "body",
					"parent": "brunatee",
					"pivot": [0, 27, 1],
					"cubes": [
						{"origin": [-13.5, 17, -11.5], "size": [27, 29, 24], "uv": [0, 0]},
						{"origin": [0, 17, 12.5], "size": [0, 29, 4], "uv": [40, 106]}
					]
				},
				{
					"name": "tail1",
					"parent": "body",
					"pivot": [0, 17, 2.5],
					"cubes": [
						{"origin": [-11, 13, -8], "size": [22, 8, 18], "uv": [80, 83]},
						{"origin": [0, 13, 10], "size": [0, 8, 4], "uv": [151, 5]}
					]
				},
				{
					"name": "tail2",
					"parent": "tail1",
					"pivot": [0, 12.75, 5],
					"cubes": [
						{"origin": [-9, 9, -5], "size": [18, 7, 14], "uv": [86, 53]}
					]
				},
				{
					"name": "tail3",
					"parent": "tail2",
					"pivot": [0, 9, 3],
					"cubes": [
						{"origin": [-7, 6, 1.5], "size": [14, 4, 3], "uv": [112, 74]}
					]
				},
				{
					"name": "tail4",
					"parent": "tail3",
					"pivot": [0, 6, 3],
					"cubes": [
						{"origin": [-9, -11, 3], "size": [18, 17, 0], "uv": [62, 83]}
					]
				},
				{
					"name": "skirt",
					"parent": "body",
					"pivot": [0, 33, 0],
					"cubes": [
						{"origin": [-15, 22, -12.5], "size": [30, 4, 26], "uv": [0, 53]}
					]
				},
				{
					"name": "skirt_front",
					"parent": "skirt",
					"pivot": [0, 0, 0]
				},
				{
					"name": "left_grass1_front_1",
					"parent": "skirt_front",
					"pivot": [-2.5, 22, -12.5],
					"cubes": [
						{"origin": [-5, 18, -12.5], "size": [5, 4, 0], "uv": [89, 136]}
					]
				},
				{
					"name": "left_grass1_front_2",
					"parent": "left_grass1_front_1",
					"pivot": [-2.5, 18, -12.5],
					"cubes": [
						{"origin": [-4.5, 13, -12.5], "size": [4, 5, 0], "uv": [138, 117]}
					]
				},
				{
					"name": "left_grass1_front_3",
					"parent": "left_grass1_front_2",
					"pivot": [-2.5, 13, -12.5],
					"cubes": [
						{"origin": [-3.5, 7, -12.5], "size": [2, 6, 0], "uv": [88, 144]}
					]
				},
				{
					"name": "right_grass1_front_1",
					"parent": "skirt_front",
					"pivot": [2.5, 22, -12.5],
					"cubes": [
						{"origin": [0, 18, -12.5], "size": [5, 4, 0], "uv": [69, 136]}
					]
				},
				{
					"name": "right_grass1_front_2",
					"parent": "right_grass1_front_1",
					"pivot": [2.5, 18, -12.5],
					"cubes": [
						{"origin": [0.5, 13, -12.5], "size": [4, 5, 0], "uv": [115, 138]}
					]
				},
				{
					"name": "right_grass1_front_3",
					"parent": "right_grass1_front_2",
					"pivot": [2.5, 13, -12.5],
					"cubes": [
						{"origin": [1.5, 7, -12.5], "size": [2, 6, 0], "uv": [80, 144]}
					]
				},
				{
					"name": "left_grass2_front_1",
					"parent": "skirt_front",
					"pivot": [-7.5, 22, -12.25],
					"cubes": [
						{"origin": [-10, 18, -12.25], "size": [5, 4, 0], "uv": [79, 136]}
					]
				},
				{
					"name": "left_grass2_front_2",
					"parent": "left_grass2_front_1",
					"pivot": [-7.5, 18, -12.25],
					"cubes": [
						{"origin": [-9.5, 14, -12.25], "size": [4, 4, 0], "uv": [40, 142]}
					]
				},
				{
					"name": "left_grass2_front_3",
					"parent": "left_grass2_front_2",
					"pivot": [-7.5, 14, -12.25],
					"cubes": [
						{"origin": [-8.5, 8, -12.25], "size": [2, 6, 0], "uv": [84, 144]}
					]
				},
				{
					"name": "right_grass2_front_1",
					"parent": "skirt_front",
					"pivot": [7.5, 22, -12.25],
					"cubes": [
						{"origin": [5, 18, -12.25], "size": [5, 4, 0], "uv": [128, 0]}
					]
				},
				{
					"name": "right_grass2_front_2",
					"parent": "right_grass2_front_1",
					"pivot": [7.5, 18, -12.25],
					"cubes": [
						{"origin": [5.5, 14, -12.25], "size": [4, 4, 0], "uv": [141, 40]}
					]
				},
				{
					"name": "right_grass2_front_3",
					"parent": "right_grass2_front_2",
					"pivot": [7.5, 14, -12.25],
					"cubes": [
						{"origin": [6.5, 8, -12.25], "size": [2, 6, 0], "uv": [76, 144]}
					]
				},
				{
					"name": "left_grass3_front_1",
					"parent": "skirt_front",
					"pivot": [-12, 22, -12],
					"cubes": [
						{"origin": [-14.5, 19, -12], "size": [5, 3, 0], "uv": [138, 0]}
					]
				},
				{
					"name": "left_grass3_front_2",
					"parent": "left_grass3_front_1",
					"pivot": [-12, 19, -12],
					"cubes": [
						{"origin": [-14, 15, -12], "size": [4, 4, 0], "uv": [141, 44]}
					]
				},
				{
					"name": "left_grass3_front_3",
					"parent": "left_grass3_front_2",
					"pivot": [-12, 15, -12],
					"cubes": [
						{"origin": [-13, 10, -12], "size": [2, 5, 0], "uv": [104, 126]}
					]
				},
				{
					"name": "right_grass3_front_1",
					"parent": "skirt_front",
					"pivot": [12, 22, -12],
					"cubes": [
						{"origin": [9.5, 19, -12], "size": [5, 3, 0], "uv": [137, 132]}
					]
				},
				{
					"name": "right_grass3_front_2",
					"parent": "right_grass3_front_1",
					"pivot": [12, 19, -12],
					"cubes": [
						{"origin": [10, 15, -12], "size": [4, 4, 0], "uv": [32, 141]}
					]
				},
				{
					"name": "right_grass3_front_3",
					"parent": "right_grass3_front_2",
					"pivot": [12, 15, -12],
					"cubes": [
						{"origin": [11, 10, -12], "size": [2, 5, 0], "uv": [95, 53]}
					]
				},
				{
					"name": "skirt_right",
					"parent": "skirt",
					"pivot": [-2.5, 0, 0.5],
					"rotation": [0, 90, 0]
				},
				{
					"name": "left_grass1_right_1",
					"parent": "skirt_right",
					"pivot": [-5, 22, -12],
					"cubes": [
						{"origin": [-7.5, 18, -12], "size": [5, 4, 0], "uv": [68, 116]}
					]
				},
				{
					"name": "left_grass1_right_2",
					"parent": "left_grass1_right_1",
					"pivot": [-5, 18, -12],
					"cubes": [
						{"origin": [-7, 13, -12], "size": [4, 5, 0], "uv": [99, 138]}
					]
				},
				{
					"name": "left_grass1_right_3",
					"parent": "left_grass1_right_2",
					"pivot": [-5, 13, -12],
					"cubes": [
						{"origin": [-6, 7, -12], "size": [2, 6, 0], "uv": [110, 23]}
					]
				},
				{
					"name": "right_grass1_right_1",
					"parent": "skirt_right",
					"pivot": [0, 22, -12],
					"cubes": [
						{"origin": [-2.5, 18, -12], "size": [5, 4, 0], "uv": [30, 114]}
					]
				},
				{
					"name": "right_grass1_right_2",
					"parent": "right_grass1_right_1",
					"pivot": [0, 18, -12],
					"cubes": [
						{"origin": [-2, 13, -12], "size": [4, 5, 0], "uv": [138, 28]}
					]
				},
				{
					"name": "right_grass1_right_3",
					"parent": "right_grass1_right_2",
					"pivot": [0, 13, -12],
					"cubes": [
						{"origin": [-1, 7, -12], "size": [2, 6, 0], "uv": [22, 71]}
					]
				},
				{
					"name": "left_grass2_right_1",
					"parent": "skirt_right",
					"pivot": [-9, 22, -11.75],
					"cubes": [
						{"origin": [-11.5, 18, -11.75], "size": [5, 4, 0], "uv": [0, 114]}
					]
				},
				{
					"name": "left_grass2_right_2",
					"parent": "left_grass2_right_1",
					"pivot": [-9, 18, -11.75],
					"cubes": [
						{"origin": [-11, 14, -11.75], "size": [4, 4, 0], "uv": [77, 140]}
					]
				},
				{
					"name": "left_grass2_right_3",
					"parent": "left_grass2_right_2",
					"pivot": [-9, 14, -11.75],
					"cubes": [
						{"origin": [-10, 8, -11.75], "size": [2, 6, 0], "uv": [20, 60]}
					]
				},
				{
					"name": "right_grass2_right_1",
					"parent": "skirt_right",
					"pivot": [4, 22, -11.75],
					"cubes": [
						{"origin": [1.5, 18, -11.75], "size": [5, 4, 0], "uv": [30, 110]}
					]
				},
				{
					"name": "right_grass2_right_2",
					"parent": "right_grass2_right_1",
					"pivot": [4, 18, -11.75],
					"cubes": [
						{"origin": [2, 14, -11.75], "size": [4, 4, 0], "uv": [69, 140]}
					]
				},
				{
					"name": "right_grass2_right_3",
					"parent": "right_grass2_right_2",
					"pivot": [4, 14, -11.75],
					"cubes": [
						{"origin": [3, 8, -11.75], "size": [2, 6, 0], "uv": [0, 60]}
					]
				},
				{
					"name": "left_grass3_right_1",
					"parent": "skirt_right",
					"pivot": [-12.5, 22, -11.5],
					"cubes": [
						{"origin": [-15, 19, -11.5], "size": [5, 3, 0], "uv": [123, 109]}
					]
				},
				{
					"name": "left_grass3_right_2",
					"parent": "left_grass3_right_1",
					"pivot": [-12.5, 19, -11.5],
					"cubes": [
						{"origin": [-14.5, 15, -11.5], "size": [4, 4, 0], "uv": [139, 138]}
					]
				},
				{
					"name": "left_grass3_right_3",
					"parent": "left_grass3_right_2",
					"pivot": [-12.5, 15, -11.5],
					"cubes": [
						{"origin": [-13.5, 10, -11.5], "size": [2, 5, 0], "uv": [86, 53]}
					]
				},
				{
					"name": "right_grass3_right_1",
					"parent": "skirt_right",
					"pivot": [7.5, 22, -11.5],
					"cubes": [
						{"origin": [5, 19, -11.5], "size": [5, 3, 0], "uv": [113, 109]}
					]
				},
				{
					"name": "right_grass3_right_2",
					"parent": "right_grass3_right_1",
					"pivot": [7.5, 19, -11.5],
					"cubes": [
						{"origin": [5.5, 15, -11.5], "size": [4, 4, 0], "uv": [0, 139]}
					]
				},
				{
					"name": "right_grass3_right_3",
					"parent": "right_grass3_right_2",
					"pivot": [7.5, 15, -11.5],
					"cubes": [
						{"origin": [6.5, 10, -11.5], "size": [2, 5, 0], "uv": [13, 83]}
					]
				},
				{
					"name": "skirt_left",
					"parent": "skirt",
					"pivot": [2.5, 0, 0.5],
					"rotation": [0, -90, 0]
				},
				{
					"name": "left_grass1_left_1",
					"parent": "skirt_left",
					"pivot": [0, 22, -12],
					"cubes": [
						{"origin": [-2.5, 18, -12], "size": [5, 4, 0], "uv": [0, 110]}
					]
				},
				{
					"name": "left_grass1_left_2",
					"parent": "left_grass1_left_1",
					"pivot": [0, 18, -12],
					"cubes": [
						{"origin": [-2, 13, -12], "size": [4, 5, 0], "uv": [138, 23]}
					]
				},
				{
					"name": "left_grass1_left_3",
					"parent": "left_grass1_left_2",
					"pivot": [0, 13, -12],
					"cubes": [
						{"origin": [-1, 7, -12], "size": [2, 6, 0], "uv": [20, 53]}
					]
				},
				{
					"name": "right_grass1_left_1",
					"parent": "skirt_left",
					"pivot": [5, 22, -12],
					"cubes": [
						{"origin": [2.5, 18, -12], "size": [5, 4, 0], "uv": [88, 20]}
					]
				},
				{
					"name": "right_grass1_left_2",
					"parent": "right_grass1_left_1",
					"pivot": [5, 18, -12],
					"cubes": [
						{"origin": [3, 13, -12], "size": [4, 5, 0], "uv": [102, 40]}
					]
				},
				{
					"name": "right_grass1_left_3",
					"parent": "right_grass1_left_2",
					"pivot": [5, 13, -12],
					"cubes": [
						{"origin": [4, 7, -12], "size": [2, 6, 0], "uv": [0, 53]}
					]
				},
				{
					"name": "left_grass2_left_1",
					"parent": "skirt_left",
					"pivot": [-4, 22, -11.75],
					"cubes": [
						{"origin": [-6.5, 18, -11.75], "size": [5, 4, 0], "uv": [86, 63]}
					]
				},
				{
					"name": "left_grass2_left_2",
					"parent": "left_grass2_left_1",
					"pivot": [-4, 18, -11.75],
					"cubes": [
						{"origin": [-6, 14, -11.75], "size": [4, 4, 0], "uv": [131, 138]}
					]
				},
				{
					"name": "left_grass2_left_3",
					"parent": "left_grass2_left_2",
					"pivot": [-4, 14, -11.75],
					"cubes": [
						{"origin": [-5, 8, -11.75], "size": [2, 6, 0], "uv": [20, 2]}
					]
				},
				{
					"name": "right_grass2_left_1",
					"parent": "skirt_left",
					"pivot": [9, 22, -11.75],
					"cubes": [
						{"origin": [6.5, 18, -11.75], "size": [5, 4, 0], "uv": [78, 20]}
					]
				},
				{
					"name": "right_grass2_left_2",
					"parent": "right_grass2_left_1",
					"pivot": [9, 18, -11.75],
					"cubes": [
						{"origin": [7, 14, -11.75], "size": [4, 4, 0], "uv": [123, 138]}
					]
				},
				{
					"name": "right_grass2_left_3",
					"parent": "right_grass2_left_2",
					"pivot": [9, 14, -11.75],
					"cubes": [
						{"origin": [8, 8, -11.75], "size": [2, 6, 0], "uv": [18, 15]}
					]
				},
				{
					"name": "left_grass3_left_1",
					"parent": "skirt_left",
					"pivot": [-7.5, 22, -11.5],
					"cubes": [
						{"origin": [-10, 19, -11.5], "size": [5, 3, 0], "uv": [105, 74]}
					]
				},
				{
					"name": "left_grass3_left_2",
					"parent": "left_grass3_left_1",
					"pivot": [-7.5, 19, -11.5],
					"cubes": [
						{"origin": [-9.5, 15, -11.5], "size": [4, 4, 0], "uv": [72, 123]}
					]
				},
				{
					"name": "left_grass3_left_3",
					"parent": "left_grass3_left_2",
					"pivot": [-7.5, 15, -11.5],
					"cubes": [
						{"origin": [-8.5, 10, -11.5], "size": [2, 5, 0], "uv": [0, 83]}
					]
				},
				{
					"name": "right_grass3_left_1",
					"parent": "skirt_left",
					"pivot": [12.5, 22, -11.5],
					"cubes": [
						{"origin": [10, 19, -11.5], "size": [5, 3, 0], "uv": [14, 21]}
					]
				},
				{
					"name": "right_grass3_left_2",
					"parent": "right_grass3_left_1",
					"pivot": [12.5, 19, -11.5],
					"cubes": [
						{"origin": [10.5, 15, -11.5], "size": [4, 4, 0], "uv": [102, 45]}
					]
				},
				{
					"name": "right_grass3_left_3",
					"parent": "right_grass3_left_2",
					"pivot": [12.5, 15, -11.5],
					"cubes": [
						{"origin": [11.5, 10, -11.5], "size": [2, 5, 0], "uv": [0, 67]}
					]
				},
				{
					"name": "skirt_back",
					"parent": "skirt",
					"pivot": [0, 0, 1],
					"rotation": [-180, 0, 180]
				},
				{
					"name": "left_grass1_back_1",
					"parent": "skirt_back",
					"pivot": [-2.5, 22, -11.5],
					"cubes": [
						{"origin": [-5, 18, -11.5], "size": [5, 4, 0], "uv": [121, 126]}
					]
				},
				{
					"name": "left_grass1_back_2",
					"parent": "left_grass1_back_1",
					"pivot": [-2.5, 18, -11.5],
					"cubes": [
						{"origin": [-4.5, 13, -11.5], "size": [4, 5, 0], "uv": [138, 112]}
					]
				},
				{
					"name": "left_grass1_back_3",
					"parent": "left_grass1_back_2",
					"pivot": [-2.5, 13, -11.5],
					"cubes": [
						{"origin": [-3.5, 7, -11.5], "size": [2, 6, 0], "uv": [72, 144]}
					]
				},
				{
					"name": "right_grass1_back_1",
					"parent": "skirt_back",
					"pivot": [2.5, 22, -11.5],
					"cubes": [
						{"origin": [0, 18, -11.5], "size": [5, 4, 0], "uv": [58, 119]}
					]
				},
				{
					"name": "right_grass1_back_2",
					"parent": "right_grass1_back_1",
					"pivot": [2.5, 18, -11.5],
					"cubes": [
						{"origin": [0.5, 13, -11.5], "size": [4, 5, 0], "uv": [107, 138]}
					]
				},
				{
					"name": "right_grass1_back_3",
					"parent": "right_grass1_back_2",
					"pivot": [2.5, 13, -11.5],
					"cubes": [
						{"origin": [1.5, 7, -11.5], "size": [2, 6, 0], "uv": [68, 144]}
					]
				},
				{
					"name": "left_grass2_back_1",
					"parent": "skirt_back",
					"pivot": [-7.5, 22, -11.25],
					"cubes": [
						{"origin": [-10, 18, -11.25], "size": [5, 4, 0], "uv": [48, 119]}
					]
				},
				{
					"name": "left_grass2_back_2",
					"parent": "left_grass2_back_1",
					"pivot": [-7.5, 18, -11.25],
					"cubes": [
						{"origin": [-9.5, 14, -11.25], "size": [4, 4, 0], "uv": [24, 141]}
					]
				},
				{
					"name": "left_grass2_back_3",
					"parent": "left_grass2_back_2",
					"pivot": [-7.5, 14, -11.25],
					"cubes": [
						{"origin": [-8.5, 8, -11.25], "size": [2, 6, 0], "uv": [115, 143]}
					]
				},
				{
					"name": "right_grass2_back_1",
					"parent": "skirt_back",
					"pivot": [7.5, 22, -11.25],
					"cubes": [
						{"origin": [5, 18, -11.25], "size": [5, 4, 0], "uv": [118, 0]}
					]
				},
				{
					"name": "right_grass2_back_2",
					"parent": "right_grass2_back_1",
					"pivot": [7.5, 18, -11.25],
					"cubes": [
						{"origin": [5.5, 14, -11.25], "size": [4, 4, 0], "uv": [16, 141]}
					]
				},
				{
					"name": "right_grass2_back_3",
					"parent": "right_grass2_back_2",
					"pivot": [7.5, 14, -11.25],
					"cubes": [
						{"origin": [6.5, 8, -11.25], "size": [2, 6, 0], "uv": [64, 142]}
					]
				},
				{
					"name": "left_grass3_back_1",
					"parent": "skirt_back",
					"pivot": [-12, 22, -11],
					"cubes": [
						{"origin": [-14.5, 19, -11], "size": [5, 3, 0], "uv": [133, 109]}
					]
				},
				{
					"name": "left_grass3_back_2",
					"parent": "left_grass3_back_1",
					"pivot": [-12, 19, -11],
					"cubes": [
						{"origin": [-14, 15, -11], "size": [4, 4, 0], "uv": [8, 141]}
					]
				},
				{
					"name": "left_grass3_back_3",
					"parent": "left_grass3_back_2",
					"pivot": [-12, 15, -11],
					"cubes": [
						{"origin": [-13, 10, -11], "size": [2, 5, 0], "uv": [13, 89]}
					]
				},
				{
					"name": "right_grass3_back_1",
					"parent": "skirt_back",
					"pivot": [12, 22, -11],
					"cubes": [
						{"origin": [9.5, 19, -11], "size": [5, 3, 0], "uv": [129, 46]}
					]
				},
				{
					"name": "right_grass3_back_2",
					"parent": "right_grass3_back_1",
					"pivot": [12, 19, -11],
					"cubes": [
						{"origin": [10, 15, -11], "size": [4, 4, 0], "uv": [85, 140]}
					]
				},
				{
					"name": "right_grass3_back_3",
					"parent": "right_grass3_back_2",
					"pivot": [12, 15, -11],
					"cubes": [
						{"origin": [11, 10, -11], "size": [2, 5, 0], "uv": [0, 89]}
					]
				},
				{
					"name": "neck1",
					"parent": "body",
					"pivot": [0, 46, 4],
					"cubes": [
						{"origin": [-11, 44, -8], "size": [22, 9, 18], "uv": [0, 83]},
						{"origin": [0, 44, 10], "size": [0, 9, 4], "uv": [151, -4]}
					]
				},
				{
					"name": "arm_right",
					"parent": "neck1",
					"pivot": [-11, 51, 3],
					"rotation": [0, -90, 0],
					"cubes": [
						{"origin": [-13, 50.5, 1], "size": [4, 1, 5], "uv": [0, 89]}
					]
				},
				{
					"name": "flipper_right",
					"parent": "arm_right",
					"pivot": [-12, 51, 6],
					"cubes": [
						{"origin": [-14, 50.5, 6], "size": [7, 1, 6], "uv": [0, 60]}
					]
				},
				{
					"name": "flipper_right2",
					"parent": "flipper_right",
					"pivot": [-13.5, 51.5, 12],
					"cubes": [
						{"origin": [-13.5, 50.5, 12], "size": [6, 1, 5], "uv": [126, 126]}
					]
				},
				{
					"name": "arm_left",
					"parent": "neck1",
					"pivot": [11, 51, 3],
					"rotation": [0, 90, 0],
					"cubes": [
						{"origin": [9, 50.5, 1], "size": [4, 1, 5], "uv": [0, 83]}
					]
				},
				{
					"name": "flipper_left",
					"parent": "arm_left",
					"pivot": [12, 51, 6],
					"cubes": [
						{"origin": [7, 50.5, 6], "size": [7, 1, 6], "uv": [0, 53]}
					]
				},
				{
					"name": "flipper_left2",
					"parent": "flipper_left",
					"pivot": [13.5, 51.5, 12],
					"cubes": [
						{"origin": [7.5, 50.5, 12], "size": [6, 1, 5], "uv": [104, 126]}
					]
				},
				{
					"name": "shield",
					"parent": "flipper_left2",
					"pivot": [10.5, 51.5, 15],
					"cubes": [
						{"origin": [2.5, 51.5, 7], "size": [16, 3, 16], "uv": [102, 4]},
						{"origin": [6.5, 49.5, 13.5], "size": [8, 2, 3], "uv": [86, 74]},
						{"origin": [0.5, 52.5, 5], "size": [20, 0, 20], "uv": [58, 0]},
						{"origin": [4.5, 54.5, 9], "size": [12, 2, 12], "uv": [68, 109]}
					]
				},
				{
					"name": "neck2",
					"parent": "neck1",
					"pivot": [0, 53, 4],
					"cubes": [
						{"origin": [-6, 51, -4], "size": [12, 5, 12], "uv": [102, 23]}
					]
				},
				{
					"name": "head",
					"parent": "neck2",
					"pivot": [0, 56.0405, 2.625],
					"cubes": [
						{"origin": [-5, 55, -3.5], "size": [10, 9, 10], "uv": [0, 110]},
						{"origin": [-3, 55, -8.5], "size": [6, 5, 5], "uv": [0, 67]},
						{"origin": [-2.5, 58.5, -8.525], "size": [2, 1, 0], "pivot": [-1.5, 59, -8.525], "rotation": [0, 0, 17.5], "uv": [17, 71]},
						{"origin": [0.5, 58.5, -8.525], "size": [2, 1, 0], "pivot": [1.5, 59, -8.525], "rotation": [0, 0, -17.5], "uv": [20, 8]},
						{"origin": [-3.7, 55.175, -8.5], "size": [2, 5, 5], "inflate": -0.01, "pivot": [-1.7, 55.175, -6], "rotation": [0, 0, -15], "uv": [0, 129]},
						{"origin": [1.7, 55.175, -8.5], "size": [2, 5, 5], "inflate": -0.01, "pivot": [1.7, 55.175, -6], "rotation": [0, 0, 15], "uv": [86, 53]}
					]
				},
				{
					"name": "eye_left",
					"parent": "head",
					"pivot": [2.25, 61.6, -3.545],
					"cubes": [
						{"origin": [1.5, 60.25, -3.55], "size": [1, 2, 0], "uv": [22, 19]},
						{"origin": [2, 61.45, -3.54], "size": [1, 1, 0], "pivot": [2.5, 61.95, -3.54], "rotation": [0, 0, -20], "uv": [24, 54]}
					]
				},
				{
					"name": "eyelid_left",
					"parent": "head",
					"pivot": [2.25, 61.6, -3.445],
					"cubes": [
						{"origin": [1.5, 60.25, -3.43], "size": [1, 2, 0], "uv": [22, 15]},
						{"origin": [2, 60.025, -3.42], "size": [1, 1, 0], "pivot": [2.5, 60.525, -3.44], "rotation": [0, 0, 25], "uv": [24, 53]}
					]
				},
				{
					"name": "eyelid_right",
					"parent": "head",
					"pivot": [-2.25, 61.6, -3.445],
					"cubes": [
						{"origin": [-2.5, 60.25, -3.43], "size": [1, 2, 0], "uv": [0, 0]},
						{"origin": [-3, 60.025, -3.42], "size": [1, 1, 0], "pivot": [-2.5, 60.525, -3.44], "rotation": [0, 0, -25], "uv": [4, 53]}
					]
				},
				{
					"name": "eye_right",
					"parent": "head",
					"pivot": [-2.25, 61.6, -3.545],
					"cubes": [
						{"origin": [-2.5, 60.25, -3.55], "size": [1, 2, 0], "uv": [22, 17]},
						{"origin": [-3, 61.45, -3.54], "size": [1, 1, 0], "pivot": [-2.5, 61.95, -3.54], "rotation": [0, 0, 20], "uv": [4, 54]}
					]
				},
				{
					"name": "braid_left1",
					"parent": "head",
					"pivot": [5, 61, 5.5],
					"rotation": [0, -90, 0],
					"cubes": [
						{"origin": [3.5, 59.5, 3], "size": [3, 3, 3], "uv": [136, 60]},
						{"origin": [4, 60, 1], "size": [2, 2, 2], "uv": [107, 143]}
					]
				},
				{
					"name": "braid_left2",
					"parent": "braid_left1",
					"pivot": [5, 61, 1.5],
					"rotation": [0, 0, 0],
					"cubes": [
						{"origin": [3.5, 59.5, -1], "size": [3, 3, 3], "uv": [57, 136]},
						{"origin": [4, 60, -3], "size": [2, 2, 2], "uv": [99, 143]}
					]
				},
				{
					"name": "braid_left3",
					"parent": "braid_left2",
					"pivot": [5, 61, -2.5],
					"rotation": [0, 0, 0],
					"cubes": [
						{"origin": [3.5, 59.5, -5], "size": [3, 3, 3], "uv": [136, 54]},
						{"origin": [4, 60, -7], "size": [2, 2, 2], "uv": [0, 143]}
					]
				},
				{
					"name": "braid_left4",
					"parent": "braid_left3",
					"pivot": [5, 61, -6.5],
					"rotation": [0, 0, 0],
					"cubes": [
						{"origin": [3.5, 59.5, -9], "size": [3, 3, 3], "uv": [136, 48]},
						{"origin": [4, 60, -11], "size": [2, 2, 2], "uv": [137, 142]}
					]
				},
				{
					"name": "braid_left5",
					"parent": "braid_left4",
					"pivot": [5, 61, -10.5],
					"rotation": [0, 0, 0],
					"cubes": [
						{"origin": [3.5, 59.5, -13], "size": [3, 3, 3], "uv": [45, 136]},
						{"origin": [4, 60, -15], "size": [2, 2, 2], "uv": [129, 142]}
					]
				},
				{
					"name": "braid_left6",
					"parent": "braid_left5",
					"pivot": [5, 61, -14.5],
					"rotation": [0, 0, 0],
					"cubes": [
						{"origin": [3.5, 59.5, -17], "size": [3, 3, 3], "uv": [26, 135]},
						{"origin": [4, 60, -19], "size": [2, 2, 2], "uv": [121, 142]}
					]
				},
				{
					"name": "braid_left7",
					"parent": "braid_left6",
					"pivot": [5, 61, -18.5],
					"rotation": [0, 0, 0],
					"cubes": [
						{"origin": [3.5, 59.5, -21], "size": [3, 3, 3], "uv": [14, 135]},
						{"origin": [4, 60, -23], "size": [2, 2, 2], "uv": [142, 97]}
					]
				},
				{
					"name": "braid_left_end",
					"parent": "braid_left7",
					"pivot": [5, 61, -22.5],
					"rotation": [0, 0, 0],
					"cubes": [
						{"origin": [3.5, 62.5, -27], "size": [3, 0, 2], "uv": [16, 13]},
						{"origin": [3.5, 59.5, -27], "size": [3, 0, 2], "uv": [16, 11]},
						{"origin": [6.5, 59.5, -27], "size": [0, 3, 2], "uv": [98, 18]},
						{"origin": [3.5, 59.5, -27], "size": [0, 3, 2], "uv": [96, 61]},
						{"origin": [3.5, 59.5, -25], "size": [3, 3, 3], "uv": [128, 132]}
					]
				},
				{
					"name": "braid_right1",
					"parent": "head",
					"pivot": [-5, 61, 5.5],
					"rotation": [0, 90, 0],
					"cubes": [
						{"origin": [-6.5, 59.5, 3], "size": [3, 3, 3], "uv": [116, 132]},
						{"origin": [-6, 60, 1], "size": [2, 2, 2], "uv": [142, 93]}
					]
				},
				{
					"name": "braid_right2",
					"parent": "braid_right1",
					"pivot": [-5, 61, 1.5],
					"rotation": [0, 0, 0],
					"cubes": [
						{"origin": [-6.5, 59.5, -1], "size": [3, 3, 3], "uv": [104, 132]},
						{"origin": [-6, 60, -3], "size": [2, 2, 2], "uv": [142, 89]}
					]
				},
				{
					"name": "braid_right3",
					"parent": "braid_right2",
					"pivot": [-5, 61, -2.5],
					"rotation": [0, 0, 0],
					"cubes": [
						{"origin": [-6.5, 59.5, -5], "size": [3, 3, 3], "uv": [129, 40]},
						{"origin": [-6, 60, -7], "size": [2, 2, 2], "uv": [142, 85]}
					]
				},
				{
					"name": "braid_right4",
					"parent": "braid_right3",
					"pivot": [-5, 61, -6.5],
					"rotation": [0, 0, 0],
					"cubes": [
						{"origin": [-6.5, 59.5, -9], "size": [3, 3, 3], "uv": [26, 129]},
						{"origin": [-6, 60, -11], "size": [2, 2, 2], "uv": [142, 81]}
					]
				},
				{
					"name": "braid_right5",
					"parent": "braid_right4",
					"pivot": [-5, 61, -10.5],
					"rotation": [0, 0, 0],
					"cubes": [
						{"origin": [-6.5, 59.5, -13], "size": [3, 3, 3], "uv": [14, 129]},
						{"origin": [-6, 60, -15], "size": [2, 2, 2], "uv": [56, 142]}
					]
				},
				{
					"name": "braid_right6",
					"parent": "braid_right5",
					"pivot": [-5, 61, -14.5],
					"rotation": [0, 0, 0],
					"cubes": [
						{"origin": [-6.5, 59.5, -17], "size": [3, 3, 3], "uv": [104, 115]},
						{"origin": [-6, 60, -19], "size": [2, 2, 2], "uv": [48, 142]}
					]
				},
				{
					"name": "braid_right7",
					"parent": "braid_right6",
					"pivot": [-5, 61, -18.5],
					"rotation": [0, 0, 0],
					"cubes": [
						{"origin": [-6.5, 59.5, -21], "size": [3, 3, 3], "uv": [68, 110]},
						{"origin": [-6, 60, -23], "size": [2, 2, 2], "uv": [93, 141]}
					]
				},
				{
					"name": "braid_right_end",
					"parent": "braid_right7",
					"pivot": [-5, 61, -22.5],
					"rotation": [0, 0, 0],
					"cubes": [
						{"origin": [-6.5, 62.5, -27], "size": [3, 0, 2], "uv": [16, 9]},
						{"origin": [-6.5, 59.5, -27], "size": [3, 0, 2], "uv": [16, 0]},
						{"origin": [-6.5, 59.5, -27], "size": [0, 3, 2], "uv": [12, 93]},
						{"origin": [-3.5, 59.5, -27], "size": [0, 3, 2], "uv": [0, 93]},
						{"origin": [-6.5, 59.5, -25], "size": [3, 3, 3], "uv": [104, 109]}
					]
				},
				{
					"name": "jaw",
					"parent": "head",
					"pivot": [0, 55, -4],
					"cubes": [
						{"origin": [-2, 54, -7.5], "size": [4, 1, 4], "uv": [0, 95]}
					]
				},
				{
					"name": "helmet",
					"parent": "head",
					"pivot": [0, 63, 1.5],
					"rotation": [-7.5, 0, 0],
					"cubes": [
						{"origin": [-5.5, 62, -4], "size": [11, 3, 11], "uv": [105, 112]},
						{"origin": [-4.5, 65, -3], "size": [9, 2, 9], "uv": [102, 40]},
						{"origin": [-1.5, 67, 0], "size": [3, 2, 3], "pivot": [0, 88, 1.5], "rotation": [0, 45, 0], "uv": [102, 30]},
						{"origin": [-1, 69, 0.5], "size": [2, 2, 2], "pivot": [0, 90, 1.5], "rotation": [0, 45, 0], "uv": [143, 126]},
						{"origin": [-0.5, 71, 1], "size": [1, 2, 1], "pivot": [0, 92, 1.5], "rotation": [0, 45, 0], "uv": [48, 123]}
					]
				},
				{
					"name": "helmet_wing_left",
					"parent": "helmet",
					"pivot": [4.5, 65, 1.5],
					"rotation": [165, -60, -180],
					"cubes": [
						{"origin": [4.5, 62, -7.5], "size": [0, 6, 9], "uv": [0, 6]}
					]
				},
				{
					"name": "helmet_wing_right",
					"parent": "helmet",
					"pivot": [-4.5, 65, 1.5],
					"rotation": [165, 60, 180],
					"cubes": [
						{"origin": [-4.5, 62, -7.5], "size": [0, 6, 9], "uv": [0, 0]}
					]
				},
				{
					"name": "bra",
					"parent": "neck1",
					"pivot": [0, 47.27964, -11.11033],
					"cubes": [
						{"origin": [-11.25, 43.75, -13.5], "size": [8, 7, 2], "pivot": [-7.25, 47.25, -10], "rotation": [-12.39638, 1.61888, 7.32417], "uv": [48, 110]},
						{"origin": [-12.25, 42.75, -11.5], "size": [10, 9, 4], "pivot": [-7.25, 47.25, -10], "rotation": [-12.39638, 1.61888, 7.32417], "uv": [76, 123]},
						{"origin": [-3.5, 45.06699, -11.8617], "size": [7, 3, 0], "pivot": [0, 45.56699, -11.9117], "rotation": [-12.5, 0, 0], "uv": [0, 21]},
						{"origin": [2.25, 42.75, -11.5], "size": [10, 9, 4], "pivot": [7.25, 47.25, -10], "rotation": [-12.39638, -1.61888, -7.32417], "uv": [48, 123]},
						{"origin": [3.25, 43.75, -13.5], "size": [8, 7, 2], "pivot": [7.25, 47.25, -10], "rotation": [-12.39638, -1.61888, -7.32417], "uv": [0, 0]}
					]
				}
			]
		}
	]
}