{
	"format_version": "1.12.0",
	"minecraft:geometry": [
		{
			"description": {
				"identifier": "geometry.gubble",
				"texture_width": 32,
				"texture_height": 32,
				"visible_bounds_width": 3,
				"visible_bounds_height": 1.5,
				"visible_bounds_offset": [0, 0.25, 0]
			},
			"bones": [
				{
					"name": "gubble",
					"pivot": [0, 0, 0]
				},
				{
					"name": "body",
					"parent": "gubble",
					"pivot": [0, 0.1, 0],
					"cubes": [
						{"origin": [-3, 0.1, -3], "size": [6, 0, 6], "uv": [0, 0]}
					]
				},
				{
					"name": "head",
					"parent": "body",
					"pivot": [0, 0.1, 0],
					"cubes": [
						{"origin": [-2, 0.1, -2], "size": [4, 3, 4], "uv": [0, 6]},
						{"origin": [-2, 1.8, 0], "size": [4, 4, 0], "uv": [12, 6]}
					]
				},
				{
					"name": "rightear",
					"parent": "head",
					"pivot": [-2, 2.1, 0],
					"cubes": [
						{"origin": [-9, 0.1, 0], "size": [7, 7, 0], "uv": [0, 25]}
					]
				},
				{
					"name": "leftear",
					"parent": "head",
					"pivot": [2, 2.1, 0],
					"cubes": [
						{"origin": [2, 0.1, 0], "size": [7, 7, 0], "uv": [16, 21]}
					]
				}
			]
		}
	]
}