{
	"format_version": "1.12.0",
	"minecraft:geometry": [
		{
			"description": {
				"identifier": "geometry.joculudum",
				"texture_width": 128,
				"texture_height": 128,
				"visible_bounds_width": 4,
				"visible_bounds_height": 5.5,
				"visible_bounds_offset": [0, 2.25, 0]
			},
			"bones": [
				{
					"name": "joculudum",
					"pivot": [0, 0, 0]
				},
				{
					"name": "body",
					"parent": "joculudum",
					"pivot": [0, 0, 0]
				},
				{
					"name": "left_hand",
					"parent": "body",
					"pivot": [-9.1, 25.7, -3.8],
					"cubes": [
						{"origin": [-12.62, 23.02621, -5], "size": [4.5, 1.8, 7.9], "inflate": 0.01, "uv": [106, 110], "mirror": true},
						{"origin": [-7.92, 25.02621, 3.1], "size": [-4.9, -2.2, -8.3], "uv": [18, 114], "mirror": true}
					]
				},
				{
					"name": "left_finger",
					"parent": "left_hand",
					"pivot": [-12.3, 23.9, -4],
					"rotation": [0, -16, 0],
					"cubes": [
						{"origin": [-12.02, 25.02621, -2.8], "size": [-3.4, -2.2, -2.4], "uv": [18, 114], "mirror": true},
						{"origin": [-15.22, 23.02621, -5], "size": [3, 1.8, 2], "inflate": 0.01, "uv": [106, 114], "mirror": true}
					]
				},
				{
					"name": "left_finger2",
					"parent": "left_finger",
					"pivot": [-15.3, 23.9, -4],
					"cubes": [
						{"origin": [-15.02, 25.02621, -2.8], "size": [-3.4, -2.2, -2.4], "uv": [18, 114], "mirror": true},
						{"origin": [-18.22, 23.02621, -5], "size": [3, 1.8, 2], "inflate": 0.01, "uv": [109, 114], "mirror": true}
					]
				},
				{
					"name": "left_finger7",
					"parent": "left_hand",
					"pivot": [-12.2, 23.9, 1.9],
					"rotation": [0, 10, 0],
					"cubes": [
						{"origin": [-15.12, 23.02621, 0.9], "size": [3, 1.8, 2], "inflate": 0.01, "uv": [108, 115], "mirror": true},
						{"origin": [-11.92, 25.02621, 3.1], "size": [-3.4, -2.2, -2.4], "uv": [18, 114], "mirror": true}
					]
				},
				{
					"name": "left_finger8",
					"parent": "left_finger7",
					"pivot": [-15.2, 23.9, 1.9],
					"cubes": [
						{"origin": [-18.12, 23.02621, 0.9], "size": [3, 1.8, 2], "inflate": 0.01, "uv": [108, 114], "mirror": true},
						{"origin": [-14.92, 25.02621, 3.1], "size": [-3.4, -2.2, -2.4], "uv": [18, 114], "mirror": true}
					]
				},
				{
					"name": "left_finger9",
					"parent": "left_hand",
					"pivot": [-10.4, 23.9, -5.1],
					"rotation": [0, -90, 0],
					"cubes": [
						{"origin": [-13.32, 23.02621, -6.1], "size": [3, 1.8, 2.8], "inflate": 0.01, "uv": [108, 116], "mirror": true},
						{"origin": [-10.12, 25.02621, -3.1], "size": [-3.4, -2.2, -3.2], "uv": [18, 114], "mirror": true}
					]
				},
				{
					"name": "left_finger10",
					"parent": "left_finger9",
					"pivot": [-13.4, 23.9, -5.1],
					"cubes": [
						{"origin": [-16.32, 23.02621, -6.1], "size": [3, 1.8, 2.8], "inflate": 0.01, "uv": [111, 113], "mirror": true},
						{"origin": [-13.12, 25.02621, -3.1], "size": [-3.4, -2.2, -3.2], "uv": [18, 114], "mirror": true}
					]
				},
				{
					"name": "left_finger3",
					"parent": "left_hand",
					"pivot": [-12.5, 23.9, -2],
					"rotation": [0, -6, 0],
					"cubes": [
						{"origin": [-15.42, 23.02621, -3], "size": [3, 1.8, 2], "inflate": 0.01, "uv": [110, 116], "mirror": true},
						{"origin": [-12.22, 25.02621, -0.8], "size": [-3.4, -2.2, -2.4], "uv": [18, 114], "mirror": true}
					]
				},
				{
					"name": "left_finger4",
					"parent": "left_finger3",
					"pivot": [-15.5, 23.9, -2],
					"cubes": [
						{"origin": [-19.42, 23.02621, -3], "size": [4, 1.8, 2], "inflate": 0.01, "uv": [107, 114], "mirror": true},
						{"origin": [-15.22, 25.02621, -0.8], "size": [-4.4, -2.2, -2.4], "uv": [18, 114], "mirror": true}
					]
				},
				{
					"name": "left_finger5",
					"parent": "left_hand",
					"pivot": [-12.5, 23.9, -0.2],
					"rotation": [0, 5, 0],
					"cubes": [
						{"origin": [-15.42, 23.02621, -1.2], "size": [3, 1.8, 2], "inflate": 0.01, "uv": [108, 116], "mirror": true},
						{"origin": [-12.22, 25.02621, 1], "size": [-3.4, -2.2, -2.4], "uv": [18, 114], "mirror": true}
					]
				},
				{
					"name": "left_finger6",
					"parent": "left_finger5",
					"pivot": [-15.5, 23.9, -0.2],
					"cubes": [
						{"origin": [-19.42, 23.02621, -1.2], "size": [4, 1.8, 2], "inflate": 0.01, "uv": [110, 116], "mirror": true},
						{"origin": [-15.22, 25.02621, 1], "size": [-4.4, -2.2, -2.4], "uv": [18, 114], "mirror": true}
					]
				},
				{
					"name": "cards",
					"parent": "body",
					"pivot": [-8, 17, -9]
				},
				{
					"name": "card",
					"parent": "cards",
					"pivot": [-8, 17, -9],
					"cubes": [
						{"origin": [-10, 14, -9], "size": [4, 6, 0], "uv": [44, 47]}
					]
				},
				{
					"name": "card5",
					"parent": "cards",
					"pivot": [14, 17, -9],
					"cubes": [
						{"origin": [12, 14, -9], "size": [4, 6, 0], "uv": [44, 47]}
					]
				},
				{
					"name": "card2",
					"parent": "cards",
					"pivot": [-2, 17, -10],
					"cubes": [
						{"origin": [-4, 14, -10], "size": [4, 6, 0], "uv": [36, 47]}
					]
				},
				{
					"name": "card3",
					"parent": "cards",
					"pivot": [4, 17, -10],
					"cubes": [
						{"origin": [2, 14, -10], "size": [4, 6, 0], "uv": [0, 47]}
					]
				},
				{
					"name": "card4",
					"parent": "cards",
					"pivot": [9, 17, -8],
					"cubes": [
						{"origin": [7, 14, -8], "size": [4, 6, 0], "uv": [46, 0]}
					]
				},
				{
					"name": "right_hand",
					"parent": "body",
					"pivot": [9.1, 25.7, -3.8],
					"cubes": [
						{"origin": [8.12, 23.02621, -5], "size": [4.5, 1.8, 7.9], "inflate": 0.01, "uv": [102, 115]},
						{"origin": [12.82, 25.02621, 3.1], "size": [-4.9, -2.2, -8.3], "uv": [18, 114]}
					]
				},
				{
					"name": "right_finger7",
					"parent": "right_hand",
					"pivot": [12.2, 23.9, 1.9],
					"rotation": [0, -10, 0],
					"cubes": [
						{"origin": [12.12, 23.02621, 0.9], "size": [3, 1.8, 2], "inflate": 0.01, "uv": [110, 114]},
						{"origin": [15.32, 25.02621, 3.1], "size": [-3.4, -2.2, -2.4], "uv": [18, 114]}
					]
				},
				{
					"name": "right_finger8",
					"parent": "right_finger7",
					"pivot": [15.2, 23.9, 1.9],
					"cubes": [
						{"origin": [15.12, 23.02621, 0.9], "size": [3, 1.8, 2], "inflate": 0.01, "uv": [111, 115]},
						{"origin": [18.32, 25.02621, 3.1], "size": [-3.4, -2.2, -2.4], "uv": [18, 114]}
					]
				},
				{
					"name": "right_finger9",
					"parent": "right_hand",
					"pivot": [10.4, 23.9, -5.1],
					"rotation": [0, 90, 0],
					"cubes": [
						{"origin": [10.32, 23.02621, -6.1], "size": [3, 1.8, 2.8], "inflate": 0.01, "uv": [111, 119]},
						{"origin": [13.52, 25.02621, -3.1], "size": [-3.4, -2.2, -3.2], "uv": [18, 114]}
					]
				},
				{
					"name": "right_finger10",
					"parent": "right_finger9",
					"pivot": [13.4, 23.9, -5.1],
					"cubes": [
						{"origin": [13.32, 23.02621, -6.1], "size": [3, 1.8, 2.8], "inflate": 0.01, "uv": [108, 115]},
						{"origin": [16.52, 25.02621, -3.1], "size": [-3.4, -2.2, -3.2], "uv": [18, 114]}
					]
				},
				{
					"name": "right_finger3",
					"parent": "right_hand",
					"pivot": [12.5, 23.9, -2],
					"rotation": [0, 6, 0],
					"cubes": [
						{"origin": [12.42, 23.02621, -3], "size": [3, 1.8, 2], "inflate": 0.01, "uv": [111, 112]},
						{"origin": [15.62, 25.02621, -0.8], "size": [-3.4, -2.2, -2.4], "uv": [18, 114]}
					]
				},
				{
					"name": "right_finger4",
					"parent": "right_finger3",
					"pivot": [15.5, 23.9, -2],
					"cubes": [
						{"origin": [15.42, 23.02621, -3], "size": [4, 1.8, 2], "inflate": 0.01, "uv": [112, 114]},
						{"origin": [19.62, 25.02621, -0.8], "size": [-4.4, -2.2, -2.4], "uv": [18, 114]}
					]
				},
				{
					"name": "right_finger5",
					"parent": "right_hand",
					"pivot": [12.5, 23.9, -0.2],
					"rotation": [0, -5, 0],
					"cubes": [
						{"origin": [12.42, 23.02621, -1.2], "size": [3, 1.8, 2], "inflate": 0.01, "uv": [110, 117]},
						{"origin": [15.62, 25.02621, 1], "size": [-3.4, -2.2, -2.4], "uv": [18, 114]}
					]
				},
				{
					"name": "right_finger6",
					"parent": "right_finger5",
					"pivot": [15.5, 23.9, -0.2],
					"cubes": [
						{"origin": [15.42, 23.02621, -1.2], "size": [4, 1.8, 2], "inflate": 0.01, "uv": [107, 116]},
						{"origin": [19.62, 25.02621, 1], "size": [-4.4, -2.2, -2.4], "uv": [18, 114]}
					]
				},
				{
					"name": "right_finger",
					"parent": "right_hand",
					"pivot": [12.3, 23.9, -4],
					"rotation": [0, 16, 0],
					"cubes": [
						{"origin": [15.42, 25.02621, -2.8], "size": [-3.4, -2.2, -2.4], "uv": [18, 114]},
						{"origin": [12.22, 23.02621, -5], "size": [3, 1.8, 2], "inflate": 0.01, "uv": [110, 116]}
					]
				},
				{
					"name": "right_finger2",
					"parent": "right_finger",
					"pivot": [15.3, 23.9, -4],
					"cubes": [
						{"origin": [15.22, 23.02621, -5], "size": [3, 1.8, 2], "inflate": 0.01, "uv": [112, 114]},
						{"origin": [18.42, 25.02621, -2.8], "size": [-3.4, -2.2, -2.4], "uv": [18, 114]}
					]
				},
				{
					"name": "torso",
					"parent": "body",
					"pivot": [1.1, 26, 0],
					"cubes": [
						{"origin": [-2.5, 19.6643, -3], "size": [5, 4.2, 4], "inflate": 0.0015, "uv": [16, 16]},
						{"origin": [-1.4, 23.6643, -3], "size": [2.8, 3.2, 4], "inflate": 0.0015, "uv": [20, 32]},
						{"origin": [-1.95, 23.4643, -3], "size": [2, 2.3, 4], "inflate": 0.0015, "pivot": [-1.1, 26, 0], "rotation": [0, 0, 13], "uv": [36, 41]},
						{"origin": [-0.05, 23.4643, -3], "size": [2, 2.1, 4], "inflate": 0.0015, "pivot": [1.1, 26, 0], "rotation": [0, 0, -13], "uv": [20, 39]},
						{"origin": [2.15, 25.7643, 1.2], "size": [-2.4, -2.5, -4.4], "pivot": [1.1, 26, 0], "rotation": [0, 0, -13], "uv": [84, 56]},
						{"origin": [0.25, 25.9643, 1.2], "size": [-2.4, -2.7, -4.4], "pivot": [-1.1, 26, 0], "rotation": [0, 0, 13], "uv": [81, 81]}
					]
				},
				{
					"name": "cape",
					"parent": "torso",
					"pivot": [0.7, 26.9, -2.3],
					"cubes": [
						{"origin": [-0.3, 26.5, -3.6], "size": [2, 2, 1], "inflate": 0.1, "pivot": [0.7, 26.5, -2.6], "rotation": [0, 0, -45], "uv": [64, 8]},
						{"origin": [-0.3, 26.5, 1.91], "size": [2, 2, 0], "inflate": 0.1, "pivot": [0.7, 26.5, 2.4], "rotation": [0, 0, -45], "uv": [8, 28]},
						{"origin": [-1, 18.7, -3.3], "size": [2, 8, 0], "uv": [60, 14]},
						{"origin": [-1, 18.7, 1.81], "size": [2, 8, 0], "uv": [51, 59]},
						{"origin": [1.8, 27.6, -3.25], "size": [5, 2.2, 0], "pivot": [2.8, 25.9, -2.2], "rotation": [0, -90, -90], "uv": [56, 12]},
						{"origin": [-4.3, 26.8, -3.2], "size": [2.4, 0, 5], "pivot": [-1.3, 24.8, -2.2], "rotation": [0, 0, 30], "uv": [29, 16]},
						{"origin": [-4.3, 26.8, 1.8001], "size": [2.4, 2, 0], "pivot": [-1.3, 24.8, -2.2], "rotation": [0, 0, 30], "uv": [0, 34]},
						{"origin": [-2.9, 28, 1.801], "size": [4.3, 1.8, 0], "uv": [8, 27]},
						{"origin": [-0.9, 26.8, 1.8], "size": [2.3, 2.2, 0], "uv": [34, 0]},
						{"origin": [-2.90096, 28.00551, -3.2], "size": [0, 1.8, 5], "uv": [8, 29]},
						{"origin": [2.90096, 28.00551, -3.2], "size": [0, 1.8, 5], "uv": [15, 9]},
						{"origin": [1.9, 26.8, -3.2], "size": [2.4, 0, 5], "pivot": [1.3, 24.8, -2.2], "rotation": [0, 0, -30], "uv": [10, 0]},
						{"origin": [1.9, 26.8, 1.8001], "size": [2.4, 2, 0], "pivot": [1.3, 24.8, -2.2], "rotation": [0, 0, -30], "uv": [26, 0]},
						{"origin": [-1.4, 28, 1.801], "size": [4.3, 1.8, 0], "uv": [8, 26]}
					]
				},
				{
					"name": "right_armcape",
					"parent": "cape",
					"pivot": [0.4, 26, 0.8],
					"cubes": [
						{"origin": [0.4, 19, -3.2], "size": [2, 8, 0], "pivot": [1.4, 25, -2.2], "rotation": [0, 0, -30], "uv": [59, 59]},
						{"origin": [0.4, 19, -3.2], "size": [2, 7.8, 0], "pivot": [1.4, 25, -2.2], "rotation": [0, -90, -30], "uv": [43, 60]},
						{"origin": [0.5, 18, -1.7], "size": [2, 8.9, 0], "pivot": [1.5, 25, -0.7], "rotation": [0, -90, -30], "uv": [55, 59]},
						{"origin": [0.4, 19, -0.2], "size": [2, 7.8, 0], "pivot": [1.4, 25, 0.8], "rotation": [0, -90, -30], "uv": [39, 60]},
						{"origin": [2.4, 19, -0.2], "size": [0, 7.8, 2], "pivot": [1.4, 25, 0.8], "rotation": [0, -90, -30], "uv": [8, 45]}
					]
				},
				{
					"name": "right_armcape2",
					"parent": "cape",
					"pivot": [-0.6, 26.1, -2.2],
					"rotation": [0, 180, 0],
					"cubes": [
						{"origin": [-0.6, 19.1, -6.2], "size": [2, 8, 0], "pivot": [0.4, 25.1, -5.2], "rotation": [0, 0, -30], "uv": [47, 56]},
						{"origin": [-0.6, 19.1, -6.2], "size": [2, 7.8, 0], "pivot": [0.4, 25.1, -5.2], "rotation": [0, -90, -30], "uv": [26, 60]},
						{"origin": [-0.5, 18.1, -4.7], "size": [2, 8.9, 0], "pivot": [0.5, 25.1, -3.7], "rotation": [0, -90, -30], "uv": [18, 56]},
						{"origin": [-0.6, 19.1, -3.2], "size": [2, 7.8, 0], "pivot": [0.4, 25.1, -2.2], "rotation": [0, -90, -30], "uv": [22, 60]},
						{"origin": [1.4, 19.1, -3.2], "size": [0, 7.8, 2], "pivot": [0.4, 25.1, -2.2], "rotation": [0, -90, -30], "uv": [0, 6]}
					]
				},
				{
					"name": "right_leg",
					"parent": "torso",
					"pivot": [1.5, 23.5, 0],
					"rotation": [0, 0, -8],
					"cubes": [
						{"origin": [0.75909, 19.3643, -3], "size": [2, 4.3, 4], "inflate": 0.001, "pivot": [3, 21.9, 0], "rotation": [0, 0, -11], "uv": [109, 113]},
						{"origin": [-2.86, 15.28, -3], "size": [2, 3, 4], "pivot": [-4.8, 25.3, 0], "rotation": [0, 0, -21], "uv": [32, 28]},
						{"origin": [-0.04091, 18.9643, -3], "size": [2, 4.2, 4], "inflate": 0.001, "pivot": [2.2, 21.5, 0], "rotation": [0, 0, 11], "uv": [0, 26]},
						{"origin": [1.12, 17.12621, -3], "size": [2, 3, 4], "pivot": [1.3, 19.4, 0.5], "rotation": [0, 0, 21], "uv": [108, 111]},
						{"origin": [0.42, 17.42621, -3], "size": [2, 6.2, 4], "inflate": 0.01, "uv": [109, 110]},
						{"origin": [0.62, 16.62621, -3], "size": [1.5, 0.8, 4], "inflate": 0.01, "uv": [107, 114]},
						{"origin": [2.95909, 23.8643, 1.2], "size": [-2.4, -4.7, -4.4], "pivot": [3, 21.9, 0], "rotation": [0, 0, -11], "uv": [59, 96]},
						{"origin": [-0.66, 18.48, 1.2], "size": [-2.4, -3.4, -4.4], "pivot": [-4.8, 25.3, 0], "rotation": [0, 0, -21], "uv": [107, 80]},
						{"origin": [3.32, 20.32621, 1.2], "size": [-2.4, -3.4, -4.4], "pivot": [1.3, 19.4, 0.5], "rotation": [0, 0, 21], "uv": [101, 31]},
						{"origin": [2.32, 17.62621, 1.2], "size": [-1.9, -1.2, -4.4], "uv": [15, 127]},
						{"origin": [2.15909, 23.3643, 1.2], "size": [-2.4, -4.6, -4.4], "pivot": [2.2, 21.5, 0], "rotation": [0, 0, 11], "uv": [89, 11]}
					]
				},
				{
					"name": "right_shoe",
					"parent": "right_leg",
					"pivot": [0.1, 14.7, -3.5],
					"rotation": [17.5, 0, 0],
					"cubes": [
						{"origin": [0.42, 13.82621, -1.9], "size": [2, 0.8, 2], "inflate": 0.01, "uv": [108, 116]},
						{"origin": [0.12, 12.02621, -2.7], "size": [2.5, 1.8, 3], "inflate": 0.01, "uv": [104, 117]},
						{"origin": [0.12, 12.02621, -6.5], "size": [2.5, 1, 2], "inflate": 0.013, "uv": [109, 117]},
						{"origin": [0.12, 12.02621, -5.5], "size": [2.5, 1, 3], "inflate": 0.01, "uv": [105, 117]},
						{"origin": [0.12, 12.92621, -5.8], "size": [2.5, 0.8, 3], "inflate": 0.012, "pivot": [0.1, 15.2, -3.3], "rotation": [9, 0, 0], "uv": [109, 114]},
						{"origin": [0.12, 12.02621, -5.6], "size": [2.5, 1.4, 2.6], "inflate": 0.013, "pivot": [0.1, 14.7, -3.5], "rotation": [-23, 0, 0], "uv": [107, 111]},
						{"origin": [2.82, 13.62621, -2.7], "size": [-2.9, -1.8, -3], "pivot": [0.1, 14.7, -3.4], "rotation": [-23, 0, 0], "uv": [116, 60]},
						{"origin": [2.82, 13.92621, -2.6], "size": [-2.9, -1.2, -3.4], "pivot": [0.1, 15.2, -3.3], "rotation": [9, 0, 0], "uv": [63, 124]},
						{"origin": [2.82, 13.22621, -4.2], "size": [-2.9, -1.4, -2.4], "uv": [10, 92]},
						{"origin": [2.82, 14.02621, 0.5], "size": [-2.9, -2.2, -3.4], "uv": [88, 94]},
						{"origin": [2.82, 13.22621, -2.3], "size": [-2.9, -1.4, -3.4], "uv": [40, 110]},
						{"origin": [2.62, 14.82621, 0.3], "size": [-2.4, -1.2, -2.4], "uv": [13, 125]}
					]
				},
				{
					"name": "left_leg",
					"parent": "torso",
					"pivot": [-1.5, 23.5, 0],
					"rotation": [0, 0, 8],
					"cubes": [
						{"origin": [-2.75909, 19.3643, -3], "size": [2, 4.3, 4], "inflate": 0.001, "pivot": [-3, 21.9, 0], "rotation": [0, 0, 11], "uv": [110, 113]},
						{"origin": [0.86, 15.28, -3], "size": [2, 3, 4], "pivot": [4.8, 25.3, 0], "rotation": [0, 0, 21], "uv": [0, 34]},
						{"origin": [-1.95909, 18.9643, -3], "size": [2, 4.2, 4], "inflate": 0.001, "pivot": [-2.2, 21.5, 0], "rotation": [0, 0, -11], "uv": [24, 24]},
						{"origin": [-3.12, 17.12621, -3], "size": [2, 3, 4], "pivot": [-1.3, 19.4, 0.5], "rotation": [0, 0, -21], "uv": [110, 112]},
						{"origin": [-2.42, 17.42621, -3], "size": [2, 6.2, 4], "inflate": 0.01, "uv": [108, 111]},
						{"origin": [-2.12, 16.62621, -3], "size": [1.5, 0.8, 4], "inflate": 0.01, "uv": [110, 115]},
						{"origin": [-3.46, 18.48, 1.2], "size": [-2.4, -3.4, -4.4], "pivot": [-7.6, 25.3, 0], "rotation": [0, 0, -21], "uv": [107, 80]},
						{"origin": [0.15909, 23.8643, 1.2], "size": [-2.4, -4.7, -4.4], "pivot": [0.2, 21.9, 0], "rotation": [0, 0, -11], "uv": [59, 96]},
						{"origin": [-0.48, 17.62621, 1.2], "size": [-1.9, -1.2, -4.4], "uv": [15, 127]},
						{"origin": [0.52, 20.32621, 1.2], "size": [-2.4, -3.4, -4.4], "pivot": [-1.5, 19.4, 0.5], "rotation": [0, 0, 21], "uv": [101, 31]},
						{"origin": [-0.64091, 23.3643, 1.2], "size": [-2.4, -4.6, -4.4], "pivot": [-0.6, 21.5, 0], "rotation": [0, 0, 11], "uv": [89, 11]}
					]
				},
				{
					"name": "left_shoe",
					"parent": "left_leg",
					"pivot": [-0.1, 14.7, -3.5],
					"rotation": [17.5, 0, 0],
					"cubes": [
						{"origin": [-2.42, 13.82621, -1.9], "size": [2, 0.8, 2], "inflate": 0.01, "uv": [109, 117]},
						{"origin": [-2.62, 12.02621, -2.7], "size": [2.5, 1.8, 3], "inflate": 0.01, "uv": [109, 116]},
						{"origin": [-2.62, 12.02621, -6.5], "size": [2.5, 1, 2], "inflate": 0.013, "uv": [110, 115]},
						{"origin": [-2.62, 12.02621, -5.5], "size": [2.5, 1, 3], "inflate": 0.01, "uv": [106, 114]},
						{"origin": [-2.62, 12.92621, -5.8], "size": [2.5, 0.8, 3], "inflate": 0.012, "pivot": [-0.1, 15.2, -3.3], "rotation": [9, 0, 0], "uv": [112, 115]},
						{"origin": [-2.62, 12.02621, -5.6], "size": [2.5, 1.4, 2.6], "inflate": 0.013, "pivot": [-0.1, 14.7, -3.5], "rotation": [-23, 0, 0], "uv": [108, 115]},
						{"origin": [0.12, 13.62621, -2.7], "size": [-2.9, -1.8, -3], "pivot": [-2.6, 14.7, -3.4], "rotation": [-23, 0, 0], "uv": [116, 60]},
						{"origin": [0.12, 13.92621, -2.6], "size": [-2.9, -1.2, -3.4], "pivot": [-2.6, 15.2, -3.3], "rotation": [9, 0, 0], "uv": [63, 124]},
						{"origin": [0.12, 14.02621, 0.5], "size": [-2.9, -2.2, -3.4], "uv": [88, 94]},
						{"origin": [0.12, 13.22621, -2.3], "size": [-2.9, -1.4, -3.4], "uv": [40, 110]},
						{"origin": [-0.08, 14.82621, 0.3], "size": [-2.4, -1.2, -2.4], "uv": [13, 125]},
						{"origin": [0.12, 13.22621, -4.2], "size": [-2.9, -1.4, -2.4], "uv": [10, 92]}
					]
				},
				{
					"name": "head",
					"parent": "torso",
					"pivot": [-0.3, 34.4, 0.5],
					"rotation": [4, 0, 0]
				},
				{
					"name": "hair13",
					"parent": "head",
					"pivot": [1.4, 37.8, -1],
					"rotation": [0, 0, 72.5],
					"cubes": [
						{"origin": [0, 37.6643, -2.5], "size": [3, 3.2, 1], "inflate": 0.0015, "uv": [20, 24]}
					]
				},
				{
					"name": "hair14",
					"parent": "hair13",
					"pivot": [1.4, 40.8, -1],
					"cubes": [
						{"origin": [0, 40.6643, -2.5], "size": [3, 4.2, 1], "inflate": 0.0015, "uv": [52, 54]}
					]
				},
				{
					"name": "hair15",
					"parent": "hair14",
					"pivot": [1.4, 44.6, -1],
					"cubes": [
						{"origin": [1.05, 43.9643, -2.5], "size": [1.1, 4.8, 1], "pivot": [-1, 48.5, 0.5], "rotation": [0, 0, -12], "uv": [63, 62]},
						{"origin": [1.45, 46.9643, -2.5], "size": [0.5, 4.8, 1], "pivot": [-1.2, 51.5, 0.5], "rotation": [0, 0, -4.5], "uv": [15, 7]},
						{"origin": [1.05, 46.9643, -2.5], "size": [0.5, 4.8, 1], "pivot": [-1.6, 51.5, 0.5], "rotation": [0, 0, 4.5], "uv": [0, 0]},
						{"origin": [0.95, 44.4643, -2.5], "size": [1.1, 5, 1], "inflate": 0.001, "uv": [12, 61]},
						{"origin": [1.05, 49.4643, -2.5], "size": [0.9, 1, 1], "inflate": 0.001, "uv": [6, 21]},
						{"origin": [-0.05, 50.4643, -3.5], "size": [3.1, 3, 3], "inflate": 0.001, "uv": [39, 13]},
						{"origin": [0.85, 43.9643, -2.5], "size": [1, 4.8, 1], "pivot": [4, 48.5, 0.5], "rotation": [0, 0, 12], "uv": [63, 25]}
					]
				},
				{
					"name": "mask",
					"parent": "head",
					"pivot": [-2.4, 35.8, -3],
					"cubes": [
						{"origin": [-3.6, 29.8, -4.2], "size": [3.8, 9, 1.3], "pivot": [-0.6, 35.8, -3.2], "rotation": [0, 10, 0], "uv": [38, 0]},
						{"origin": [-0.4, 29.8, -3.7], "size": [3.8, 9, 1.3], "inflate": 0.001, "pivot": [3.6, 35.8, -2.7], "rotation": [0, -10, 0], "uv": [32, 35]},
						{"origin": [-0.4, 29.8, -3.6], "size": [3.8, 9, 1.3], "inflate": 0.0011, "pivot": [3.6, 35.8, -2.6], "rotation": [0, -10, 0], "uv": [32, 35]},
						{"origin": [-0.9, 33.5, -3.7], "size": [0.8, 1, 1.3], "pivot": [3.1, 35.5, -2.7], "rotation": [0, -10, 0], "uv": [32, 35]},
						{"origin": [2.1, 29.4, -3.5], "size": [2.1, 10, 1.4], "pivot": [4.6, 35.4, -2.6], "rotation": [-1.58002, -9.87564, 9.13652], "uv": [18, 45]},
						{"origin": [-4.6, 29.8, -3.9], "size": [2, 10, 1.4], "pivot": [-2.4, 35.8, -3], "rotation": [-1.58002, 9.8756, -9.1365], "uv": [12, 42]}
					]
				},
				{
					"name": "mouth",
					"parent": "mask",
					"pivot": [3.6, 35.8, -6.2],
					"cubes": [
						{"origin": [-3.6, 29.8, -4.4], "size": [3.3, 4, 0], "pivot": [-0.6, 35.8, -6.7], "rotation": [0, 10, 0], "uv": [0, 61]},
						{"origin": [0.2, 29.8, -3.9], "size": [3.2, 4, 0], "pivot": [3.6, 35.8, -6.2], "rotation": [0, -10, 0], "uv": [6, 61]}
					]
				},
				{
					"name": "eyes",
					"parent": "mask",
					"pivot": [3.6, 40.8, -6.2],
					"cubes": [
						{"origin": [-5.2, 34.8, -4.2], "size": [4.3, 3, 0], "pivot": [-1.2, 40.8, -6.5], "rotation": [0, 10, 0], "uv": [58, 44]},
						{"origin": [0.4, 34.8, -3.7], "size": [4.3, 3, 0], "pivot": [4.4, 40.8, -6], "rotation": [0, -10, 0], "uv": [8, 35]}
					]
				},
				{
					"name": "hair10",
					"parent": "head",
					"pivot": [-1.9, 37.6, -1],
					"rotation": [0, 0, -72.5],
					"cubes": [
						{"origin": [-3.3, 37.4643, -2.5], "size": [3, 3.2, 1], "inflate": 0.0015, "uv": [39, 56]}
					]
				},
				{
					"name": "hair11",
					"parent": "hair10",
					"pivot": [-1.9, 40.6, -1],
					"cubes": [
						{"origin": [-3.3, 40.4643, -2.5], "size": [3, 4.2, 1], "inflate": 0.0015, "uv": [23, 55]}
					]
				},
				{
					"name": "hair12",
					"parent": "hair11",
					"pivot": [-1.9, 44.4, -1],
					"cubes": [
						{"origin": [-2.25, 43.7643, -2.5], "size": [1.1, 4.8, 1], "pivot": [-4.3, 48.3, 0.5], "rotation": [0, 0, -12], "uv": [16, 64]},
						{"origin": [-1.85, 46.7643, -2.5], "size": [0.5, 4.8, 1], "pivot": [-4.5, 51.3, 0.5], "rotation": [0, 0, -4.5], "uv": [7, 19]},
						{"origin": [-2.25, 46.7643, -2.5], "size": [0.5, 4.8, 1], "pivot": [-4.9, 51.3, 0.5], "rotation": [0, 0, 4.5], "uv": [0, 25]},
						{"origin": [-2.35, 44.2643, -2.5], "size": [1.1, 5, 1], "inflate": 0.001, "uv": [30, 61]},
						{"origin": [-2.25, 49.2643, -2.5], "size": [0.9, 1, 1], "inflate": 0.001, "uv": [7, 20]},
						{"origin": [-3.35, 50.2643, -3.5], "size": [3.1, 3, 3], "inflate": 0.001, "uv": [40, 19]},
						{"origin": [-2.45, 43.7643, -2.5], "size": [1, 4.8, 1], "pivot": [0.7, 48.3, 0.5], "rotation": [0, 0, 12], "uv": [64, 14]}
					]
				},
				{
					"name": "hair7",
					"parent": "head",
					"pivot": [-1.8, 37.2, -1.1],
					"rotation": [0, 0, -22.5],
					"cubes": [
						{"origin": [-3.2, 37.0643, -2.6], "size": [3, 3.2, 1], "inflate": 0.0015, "uv": [56, 40]}
					]
				},
				{
					"name": "hair8",
					"parent": "hair7",
					"pivot": [-1.8, 40.2, -1.1],
					"cubes": [
						{"origin": [-3.2, 40.0643, -2.6], "size": [3, 4.2, 1], "inflate": 0.0015, "uv": [0, 56]}
					]
				},
				{
					"name": "hair9",
					"parent": "hair8",
					"pivot": [-1.8, 44, -1.1],
					"cubes": [
						{"origin": [-2.15, 43.3643, -2.6], "size": [1.1, 4.8, 1], "pivot": [-4.2, 47.9, 0.4], "rotation": [0, 0, -12], "uv": [47, 64]},
						{"origin": [-1.75, 46.3643, -2.6], "size": [0.5, 4.8, 1], "pivot": [-4.4, 50.9, 0.4], "rotation": [0, 0, -4.5], "uv": [59, 6]},
						{"origin": [-2.15, 46.3643, -2.6], "size": [0.5, 4.8, 1], "pivot": [-4.8, 50.9, 0.4], "rotation": [0, 0, 4.5], "uv": [30, 7]},
						{"origin": [-2.25, 43.8643, -2.6], "size": [1.1, 5, 1], "inflate": 0.001, "uv": [34, 61]},
						{"origin": [-2.15, 48.8643, -2.6], "size": [0.9, 1, 1], "inflate": 0.001, "uv": [60, 8]},
						{"origin": [-3.25, 49.8643, -3.6], "size": [3.1, 3, 3], "inflate": 0.001, "uv": [40, 35]},
						{"origin": [-2.35, 43.3643, -2.6], "size": [1, 4.8, 1], "pivot": [0.8, 47.9, 0.4], "rotation": [0, 0, 12], "uv": [64, 37]}
					]
				},
				{
					"name": "hair4",
					"parent": "head",
					"pivot": [1.2, 37.2, -1.1],
					"rotation": [0, 0, 22.5],
					"cubes": [
						{"origin": [-0.2, 37.0643, -2.6], "size": [3, 3.2, 1], "inflate": 0.0015, "uv": [8, 57]}
					]
				},
				{
					"name": "hair5",
					"parent": "hair4",
					"pivot": [1.2, 40.2, -1.1],
					"cubes": [
						{"origin": [-0.2, 40.0643, -2.6], "size": [3, 4.2, 1], "inflate": 0.0015, "uv": [56, 7]}
					]
				},
				{
					"name": "hair6",
					"parent": "hair5",
					"pivot": [1.2, 44, -1.1],
					"cubes": [
						{"origin": [0.85, 43.3643, -2.6], "size": [1.1, 4.8, 1], "pivot": [-1.2, 47.9, 0.4], "rotation": [0, 0, -12], "uv": [0, 65]},
						{"origin": [1.25, 46.3643, -2.6], "size": [0.5, 4.8, 1], "pivot": [-1.4, 50.9, 0.4], "rotation": [0, 0, -4.5], "uv": [59, 7]},
						{"origin": [0.85, 46.3643, -2.6], "size": [0.5, 4.8, 1], "pivot": [-1.8, 50.9, 0.4], "rotation": [0, 0, 4.5], "uv": [28, 31]},
						{"origin": [0.75, 43.8643, -2.6], "size": [1.1, 4, 1], "inflate": 0.001, "uv": [63, 2]},
						{"origin": [0.85, 47.8643, -2.6], "size": [0.9, 2, 1], "inflate": 0.001, "uv": [59, 7]},
						{"origin": [-0.25, 49.8643, -3.6], "size": [3.1, 3, 3], "inflate": 0.001, "uv": [0, 41]},
						{"origin": [0.65, 43.3643, -2.6], "size": [1, 4.8, 1], "pivot": [3.8, 47.9, 0.4], "rotation": [0, 0, 12], "uv": [64, 47]}
					]
				},
				{
					"name": "hair",
					"parent": "head",
					"pivot": [-0.4, 37.5, -1],
					"cubes": [
						{"origin": [-1.8, 37.3643, -2.5], "size": [3, 4.2, 1], "inflate": 0.0014, "uv": [31, 56]},
						{"origin": [-3.8, 29.5643, -2.5], "size": [7, 9, 1], "inflate": 0.0014, "uv": [72, 31]}
					]
				},
				{
					"name": "hair3",
					"parent": "hair",
					"pivot": [-0.4, 41.5, -1],
					"cubes": [
						{"origin": [-1.8, 41.3643, -2.5], "size": [3, 4.2, 1], "inflate": 0.0015, "uv": [56, 29]}
					]
				},
				{
					"name": "hair2",
					"parent": "hair3",
					"pivot": [-0.4, 45.3, -1],
					"cubes": [
						{"origin": [-0.75, 44.6643, -2.5], "size": [1.1, 4.8, 1], "pivot": [-2.8, 49.2, 0.5], "rotation": [0, 0, -12], "uv": [8, 65]},
						{"origin": [-0.35, 47.6643, -2.5], "size": [0.5, 4.8, 1], "pivot": [-3, 52.2, 0.5], "rotation": [0, 0, -4.5], "uv": [5, 17]},
						{"origin": [-0.75, 47.6643, -2.5], "size": [0.5, 4.8, 1], "pivot": [-3.4, 52.2, 0.5], "rotation": [0, 0, 4.5], "uv": [6, 17]},
						{"origin": [-0.85, 45.1643, -2.5], "size": [1.1, 5, 1], "inflate": 0.001, "uv": [63, 56]},
						{"origin": [-0.75, 50.1643, -2.5], "size": [0.9, 1, 1], "inflate": 0.001, "uv": [6, 21]},
						{"origin": [-1.85, 51.1643, -3.5], "size": [3.1, 3, 3], "inflate": 0.001, "uv": [41, 25]},
						{"origin": [-0.95, 44.6643, -2.5], "size": [1, 4.8, 1], "pivot": [2.2, 49.2, 0.5], "rotation": [0, 0, 12], "uv": [4, 65]}
					]
				}
			]
		}
	]
}