{
	"format_version": "1.12.0",
	"minecraft:geometry": [
		{
			"description": {
				"identifier": "geometry.dracanor",
				"texture_width": 64,
				"texture_height": 64,
				"visible_bounds_width": 4,
				"visible_bounds_height": 3.5,
				"visible_bounds_offset": [0, 1.25, 0]
			},
			"bones": [
				{
					"name": "dracanor",
					"pivot": [0, 0, 0]
				},
				{
					"name": "bone",
					"parent": "dracanor",
					"pivot": [0, 16, -2]
				},
				{
					"name": "head",
					"parent": "bone",
					"pivot": [0, 17, -3],
					"cubes": [
						{"origin": [-4, 17, -6.5], "size": [8, 8, 8], "uv": [32, 0]}
					]
				},
				{
					"name": "wing",
					"parent": "head",
					"pivot": [3, 20.5, -1],
					"cubes": [
						{"origin": [3, 17, -1], "size": [11, 9, 0], "uv": [20, 25]}
					]
				},
				{
					"name": "wing2",
					"parent": "head",
					"pivot": [-3, 20.5, -1],
					"cubes": [
						{"origin": [-14, 17, -1], "size": [11, 9, 0], "uv": [20, 25], "mirror": true}
					]
				},
				{
					"name": "bone2",
					"parent": "bone",
					"pivot": [0, 18, -3],
					"rotation": [40, 0, 0],
					"cubes": [
						{"origin": [-2.5, 5.59789, -5.5], "size": [5, 14, 5], "uv": [0, 0]}
					]
				},
				{
					"name": "arm",
					"parent": "bone2",
					"pivot": [3, 15.59789, -3.81541],
					"cubes": [
						{"origin": [2, 14.59789, -4.81541], "size": [5, 2, 2], "uv": [6, 43]},
						{"origin": [5, 14.59789, -9.81541], "size": [2, 2, 5], "uv": [7, 51]},
						{"origin": [4, 14.59789, -10.81541], "size": [1, 2, 2], "uv": [27, 55]},
						{"origin": [7, 14.59789, -10.81541], "size": [1, 2, 2], "uv": [27, 55]}
					]
				},
				{
					"name": "arm2",
					"parent": "bone2",
					"pivot": [-3, 15.59789, -3.81541],
					"cubes": [
						{"origin": [-5, 14.59789, -10.81541], "size": [1, 2, 2], "uv": [27, 55]},
						{"origin": [-8, 14.59789, -10.81541], "size": [1, 2, 2], "uv": [27, 55]},
						{"origin": [-7, 14.59789, -4.81541], "size": [5, 2, 2], "uv": [6, 43], "mirror": true},
						{"origin": [-7, 14.59789, -9.81541], "size": [2, 2, 5], "uv": [7, 51], "mirror": true}
					]
				},
				{
					"name": "bone3",
					"parent": "bone2",
					"pivot": [0, 6.59789, -3],
					"cubes": [
						{"origin": [-1.5, -0.40211, -4.5], "size": [3, 9, 3], "pivot": [0, 6.59789, -3], "rotation": [62.5, 0, 0], "uv": [2, 22]},
						{"origin": [-2.5, -5.40211, -5.5], "size": [5, 5, 5], "pivot": [0, 6.59789, -3], "rotation": [62.5, 0, 0], "uv": [23, 39]}
					]
				}
			]
		}
	]
}