{
	"format_version": "1.8.0",
	"animations": {
		"animation.megagarchomp.ground_idle": {
			"loop": true,
			"bones": {
				"torso": {
					"rotation": [0, "math.sin(q.anim_time*90*1)*1", "-math.sin(q.anim_time*90*1)*2"]
				},
				"chest": {
					"rotation": ["2.5+math.sin(q.anim_time*90*1-45)*2", 0, 0]
				},
				"head": {
					"rotation": ["-25-math.sin(q.anim_time*90*2-45)*4", "-math.sin(q.anim_time*90*1-45)*2", 0]
				},
				"arm_left": {
					"rotation": [11.00917, "12.6658-math.sin(q.anim_time*90*2-45)*4", 16.72337]
				},
				"arm_left2": {
					"rotation": [18.71569, "11.4859+math.sin(q.anim_time*90*2)*4", 12.20301]
				},
				"arm_left3": {
					"rotation": [-7.59113, "32.9977+math.sin(q.anim_time*90*2)*2", "-42.9278+math.sin(q.anim_time*90*2)*4"]
				},
				"tail2": {
					"rotation": [10, "math.sin(q.anim_time*90*1-45)*8", 0]
				},
				"tail3": {
					"rotation": [22.5, "math.sin(q.anim_time*90*1-90)*8", 0]
				},
				"tail4": {
					"rotation": [17.5, "math.sin(q.anim_time*90*1-135)*8", 0]
				},
				"body": {
					"rotation": ["17.5+math.sin(q.anim_time*90*2)*2", 0, 0],
					"position": [0, "-0.75-math.sin(q.anim_time*90*2)*0.7", "0-math.sin(q.anim_time*90*2)*0.25"]
				},
				"neck": {
					"rotation": [7.5, 0, 0]
				},
				"jaw": {
					"rotation": ["10-math.sin(q.anim_time*90*1-45)*4", 0, 0]
				},
				"tail": {
					"rotation": ["-10+math.sin(q.anim_time*90*2-45)*2", 0, 0]
				},
				"leg_left2": {
					"rotation": ["23.5+math.sin(q.anim_time*90*2)*6", 0, 0],
					"position": [0, 0, 1]
				},
				"foot_left": {
					"rotation": ["15-math.sin(q.anim_time*90*2)*2", 0, 0]
				},
				"foot_left2": {
					"rotation": [-25, 0, 0]
				},
				"leg_right2": {
					"rotation": ["23.5+math.sin(q.anim_time*90*2)*6", 0, 0],
					"position": [0, 0, 1]
				},
				"foot_right": {
					"rotation": ["15-math.sin(q.anim_time*90*2)*2", 0, 0]
				},
				"foot_right2": {
					"rotation": [-25, 0, 0]
				},
				"hand_left": {
					"rotation": [0, 0, "40+math.sin(q.anim_time*90*2)*4"]
				},
				"leg_left1": {
					"rotation": ["-30-math.sin(q.anim_time*90*2)*6", 0, "5+math.sin(q.anim_time*90*2)*1"]
				},
				"leg_right1": {
					"rotation": ["-30-math.sin(q.anim_time*90*2)*6", 0, "-5-math.sin(q.anim_time*90*2)*1"]
				},
				"arm_right": {
					"rotation": [11.37209, "-3.1978+math.sin(q.anim_time*90*2-45)*4", -24.77773]
				},
				"arm_right2": {
					"rotation": [8.94606, "-27.6352-math.sin(q.anim_time*90*2)*4", 1.95053]
				},
				"arm_right3": {
					"rotation": [8.73169, "-34.2435-math.sin(q.anim_time*90*2)*4", 21.20861]
				},
				"hand_right": {
					"rotation": [0, 0, "-40-math.sin(q.anim_time*90*2)*4"]
				},
				"garchomp": {
					"position": [0, -0.6, 0]
				}
			}
		},
		"animation.megagarchomp.battle_idle": {
			"loop": true,
			"bones": {
				"torso": {
					"rotation": [-2.5, "0+math.sin(q.anim_time*90*2)*1", "0-math.sin(q.anim_time*90*2)*2"]
				},
				"chest": {
					"rotation": ["-2.5+math.sin(q.anim_time*90*4-45)*2", 0, 0]
				},
				"head": {
					"rotation": ["-22.5-math.sin(q.anim_time*90*4-45)*4", "0-math.sin(q.anim_time*90*2-45)*2", 0],
					"scale": 1
				},
				"arm_left": {
					"rotation": [-4.48476, "19.7103-math.sin(q.anim_time*90*4-45)*4", 17.33108]
				},
				"arm_left2": {
					"rotation": [0, "17.5+math.sin(q.anim_time*90*4)*4", 0]
				},
				"arm_left3": {
					"rotation": [10, "19+math.sin(q.anim_time*90*4)*2", "-34+math.sin(q.anim_time*90*4)*2"]
				},
				"tail2": {
					"rotation": [15, "math.sin(q.anim_time*90*2-45)*8", 0]
				},
				"tail3": {
					"rotation": [22.5, "math.sin(q.anim_time*90*2-90)*8", 0]
				},
				"tail4": {
					"rotation": [17.5, "math.sin(q.anim_time*90*2-135)*8", 0]
				},
				"body": {
					"rotation": ["17.5+math.sin(q.anim_time*90*4)*2", 0, 0],
					"position": [0, "-2.1-math.sin(q.anim_time*90*4)*1", "0-math.sin(q.anim_time*90*4)*0.25"]
				},
				"neck": {
					"rotation": [17.5, 0, 0]
				},
				"jaw": {
					"rotation": ["15-math.sin(q.anim_time*90*2-45)*6", 0, 0]
				},
				"tail": {
					"rotation": ["-7.5+math.sin(q.anim_time*90*4-45)*2", 0, 0]
				},
				"leg_left0": {
					"rotation": ["7.5-math.sin(q.anim_time*90*4)*6", 0, "0-math.sin(q.anim_time*90*4)*1.5"]
				},
				"leg_left2": {
					"rotation": ["13+math.sin(q.anim_time*90*4)*8", "0-math.sin(q.anim_time*90*4)*2", 5]
				},
				"foot_left": {
					"rotation": ["-10-math.sin(q.anim_time*90*4)*4", 0, 0]
				},
				"foot_left2": {
					"rotation": [-22.5, 0, 0]
				},
				"leg_right0": {
					"rotation": ["-35-math.sin(q.anim_time*90*4)*6", 0, "2.5+math.sin(q.anim_time*90*4)*2"],
					"position": [0, "math.sin(q.anim_time*90*4)*0.2", 0]
				},
				"leg_right2": {
					"rotation": ["20+math.sin(q.anim_time*90*4)*6", "5+math.sin(q.anim_time*90*4)*0.5", "5+math.sin(q.anim_time*90*4)*1"]
				},
				"foot_right": {
					"rotation": ["5-math.sin(q.anim_time*90*4)*2", 0, 0]
				},
				"foot_right2": {
					"rotation": [-5, 0, 0]
				},
				"hand_left": {
					"rotation": [0, 0, "40+math.sin(q.anim_time*90*4)*6"]
				},
				"arm_right": {
					"rotation": [-6.71829, "-0.4396+math.sin(q.anim_time*90*4-45)*4", -31.91188]
				},
				"arm_right2": {
					"rotation": [0, "-17.5-math.sin(q.anim_time*90*4)*4", 0]
				},
				"arm_right3": {
					"rotation": [17.5, "-34-math.sin(q.anim_time*90*4)*2", "30-math.sin(q.anim_time*90*4)*2"]
				},
				"hand_right": {
					"rotation": [0, 0, "-40-math.sin(q.anim_time*90*4)*6"]
				},
				"leg_left1": {
					"rotation": [-6.71655, 3.71054, -3.4423]
				},
				"garchomp": {
					"position": [0, -0.3, 0]
				}
			}
		},
		"animation.megagarchomp.ground_walk": {
			"loop": true,
			"animation_length": 4,
			"bones": {
				"body": {
					"position": {
						"0.0": [0, 0.5, 0],
						"0.12": [0, 0, 0],
						"0.16": [0, -1, 0],
						"0.2": [0, 0.57, 0],
						"0.24": [0, -0.61, 0],
						"0.32": [0, 0.33, 0],
						"0.4": [0, -0.2, 0],
						"0.6": [0, 0, 0],
						"0.64": [0, -1, 0],
						"0.68": [0, 0.57, 0],
						"0.72": [0, -0.61, 0],
						"0.8": [0, 0.33, 0],
						"0.88": [0, -0.2, 0],
						"1.12": [0, 0, 0],
						"1.16": [0, -1, 0],
						"1.2": [0, 0.57, 0],
						"1.24": [0, -0.61, 0],
						"1.32": [0, 0.33, 0],
						"1.4": [0, -0.2, 0],
						"1.6": [0, 0, 0],
						"1.64": [0, -1, 0],
						"1.68": [0, 0.57, 0],
						"1.72": [0, -0.61, 0],
						"1.8": [0, 0.33, 0],
						"1.88": [0, -0.2, 0],
						"2.12": [0, 0, 0],
						"2.16": [0, -1, 0],
						"2.2": [0, 0.57, 0],
						"2.24": [0, -0.61, 0],
						"2.32": [0, 0.33, 0],
						"2.4": [0, -0.2, 0],
						"2.6": [0, 0, 0],
						"2.64": [0, -1, 0],
						"2.68": [0, 0.57, 0],
						"2.72": [0, -0.61, 0],
						"2.8": [0, 0.33, 0],
						"2.88": [0, -0.2, 0],
						"3.12": [0, 0, 0],
						"3.16": [0, -1, 0],
						"3.2": [0, 0.57, 0],
						"3.24": [0, -0.61, 0],
						"3.32": [0, 0.33, 0],
						"3.4": [0, -0.2, 0],
						"3.6": [0, 0, 0],
						"3.64": [0, -1, 0],
						"3.68": [0, 0.57, 0],
						"3.72": [0, -0.61, 0],
						"3.8": [0, 0.33, 0],
						"3.88": [0, -0.2, 0],
						"4.0": [0, 0.5, 0]
					}
				},
				"torso": {
					"rotation": ["40+5*math.cos(q.anim_time*90*8-60)", "0-7*math.cos(q.anim_time*90*4-40)", "0-6*math.sin(q.anim_time*90*4-40)"],
					"position": [0, "1*math.cos(q.anim_time*90*8+60)", "-1.1-1*math.cos(q.anim_time*90*8)"]
				},
				"chest": {
					"rotation": ["11.5-1*math.cos(q.anim_time*90*8-40)", "7*math.cos(q.anim_time*90*4-40)", 0]
				},
				"neck": {
					"rotation": ["25-1*(11.5-1*math.cos(q.anim_time*90*8-40))", "-7*math.cos(q.anim_time*90*4-40)", 0]
				},
				"head": {
					"rotation": ["-1*(55+5*math.cos(q.anim_time*90*8-60))", "7*math.cos(q.anim_time*90*4-40)", "6*math.sin(q.anim_time*90*4-40)"]
				},
				"jaw": {
					"rotation": ["11.5-1*math.sin(q.anim_time*90*8-60)", 0, 0]
				},
				"arm_left": {
					"rotation": [12.98113, "13.009+5*math.cos(q.anim_time*90*4-40)", "25.3359-15*math.cos(q.anim_time*90*4-40)"]
				},
				"arm_left2": {
					"rotation": [20.26295, 38.70537, -3.81653]
				},
				"arm_left3": {
					"rotation": ["-25.5269+(25.3359-15*math.cos(q.anim_time*90*4-40))", 17.15903, "2*(-33.4906+7*math.cos(q.anim_time*90*4-70))"]
				},
				"hand_left": {
					"rotation": [0, 0, 60]
				},
				"hand_right": {
					"rotation": [0, 0, -60]
				},
				"tail": {
					"rotation": ["-2*math.sin(q.anim_time*90*8)", "-math.cos(q.anim_time*90*4)", "2*math.sin(q.anim_time*90*4)"]
				},
				"tail2": {
					"rotation": ["5-4*math.sin(q.anim_time*90*8-20)", "0-5*math.cos(q.anim_time*90*4-60)", "0+2*math.sin(q.anim_time*90*4)"]
				},
				"tail3": {
					"rotation": ["15-1*math.sin(q.anim_time*90*8-120)", "-5*math.cos(q.anim_time*90*4-120)", "2*math.sin(q.anim_time*90*4)"]
				},
				"tail4": {
					"rotation": ["15-5*math.sin(q.anim_time*90*8-180)", "-10*math.cos(q.anim_time*90*4-180)", 0]
				},
				"leg_left0": {
					"rotation": ["25-math.sin(q.anim_time*90*4-45)*48", 0, 0]
				},
				"leg_left1": {
					"position": {
						"0.0": [0, 1, 0],
						"0.32": [0, 1.4, 0],
						"0.44": [0, 0, 0],
						"0.6": [0, 0.6, 0],
						"0.68": [0, 0.5, 0.5],
						"0.72": [0, 0.4, 0],
						"0.96": [0, 1.4, 0],
						"1.32": [0, 1.4, 0],
						"1.44": [0, 0, 0],
						"1.6": [0, 0.6, 0],
						"1.68": [0, 0.5, 0.5],
						"1.72": [0, 0.4, 0],
						"1.96": [0, 1.4, 0],
						"2.32": [0, 1.4, 0],
						"2.44": [0, 0, 0],
						"2.6": [0, 0.6, 0],
						"2.68": [0, 0.5, 0.5],
						"2.72": [0, 0.4, 0],
						"2.96": [0, 1.4, 0],
						"3.32": [0, 1.4, 0],
						"3.44": [0, 0, 0],
						"3.6": [0, 0.6, 0],
						"3.68": [0, 0.5, 0.5],
						"3.72": [0, 0.4, 0],
						"4.0": [0, 1.4, 0]
					}
				},
				"leg_left2": {
					"rotation": ["-math.sin(q.anim_time*90*4-135)*36", 0, 0]
				},
				"foot_left": {
					"rotation": ["math.sin(q.anim_time*90*4+60)*9", 0, 0]
				},
				"foot_left2": {
					"rotation": {
						"0.0": [0, 0, 0],
						"0.48": [0, 0, 0],
						"0.6": [27.5, 0, 0],
						"0.72": [20, 0, 0],
						"0.76": [30.83, 0, 0],
						"0.96": [0, 0, 0],
						"1.48": [0, 0, 0],
						"1.6": [27.5, 0, 0],
						"1.72": [20, 0, 0],
						"1.76": [30.83, 0, 0],
						"1.96": [0, 0, 0],
						"2.48": [0, 0, 0],
						"2.6": [27.5, 0, 0],
						"2.72": [20, 0, 0],
						"2.76": [30.83, 0, 0],
						"2.96": [0, 0, 0],
						"3.48": [0, 0, 0],
						"3.6": [27.5, 0, 0],
						"3.72": [20, 0, 0],
						"3.76": [30.83, 0, 0],
						"4.0": [0, 0, 0]
					}
				},
				"garchomp": {
					"position": [0, 3, 0]
				},
				"arm_right": {
					"rotation": [13.6103, "-13.0334+5*math.cos(q.anim_time*90*4-40)", "-25.4781-15*math.cos(q.anim_time*90*4-40)"]
				},
				"arm_right2": {
					"rotation": [20.26295, -38.70537, 3.81653]
				},
				"arm_right3": {
					"rotation": ["25.5269-(25.3359-15*math.cos(q.anim_time*90*4-40))", -17.159, "-2*(-33.4906-7*math.cos(q.anim_time*90*4-70))"]
				},
				"leg_right0": {
					"rotation": ["25+math.sin(q.anim_time*90*4-45)*48", 0, 0]
				},
				"leg_right1": {
					"position": {
						"0.0": [0, 0.3, 0],
						"0.08": [0, 0.6, 0],
						"0.16": [0, 0.5, 0.5],
						"0.2": [0, 0.4, 0],
						"0.44": [0, 1.4, 0],
						"0.8": [0, 1.4, 0],
						"0.92": [0, 0, 0],
						"1.08": [0, 0.6, 0],
						"1.16": [0, 0.5, 0.5],
						"1.2": [0, 0.4, 0],
						"1.44": [0, 1.4, 0],
						"1.8": [0, 1.4, 0],
						"1.92": [0, 0, 0],
						"2.08": [0, 0.6, 0],
						"2.16": [0, 0.5, 0.5],
						"2.2": [0, 0.4, 0],
						"2.44": [0, 1.4, 0],
						"2.8": [0, 1.4, 0],
						"2.92": [0, 0, 0],
						"3.08": [0, 0.6, 0],
						"3.16": [0, 0.5, 0.5],
						"3.2": [0, 0.4, 0],
						"3.44": [0, 1.4, 0],
						"3.8": [0, 1.4, 0],
						"3.92": [0, 0, 0],
						"4.0": [0, 0.3, 0]
					}
				},
				"leg_right2": {
					"rotation": ["math.sin(q.anim_time*90*4-135)*36", 0, 0]
				},
				"foot_right": {
					"rotation": ["-math.sin(q.anim_time*90*4+60)*9", 0, 0]
				},
				"foot_right2": {
					"rotation": {
						"0.0": [9.17, 0, 0],
						"0.08": [27.5, 0, 0],
						"0.2": [20, 0, 0],
						"0.24": [30.83, 0, 0],
						"0.44": [0, 0, 0],
						"0.96": [0, 0, 0],
						"1.08": [27.5, 0, 0],
						"1.2": [20, 0, 0],
						"1.24": [30.83, 0, 0],
						"1.44": [0, 0, 0],
						"1.96": [0, 0, 0],
						"2.08": [27.5, 0, 0],
						"2.2": [20, 0, 0],
						"2.24": [30.83, 0, 0],
						"2.44": [0, 0, 0],
						"2.96": [0, 0, 0],
						"3.08": [27.5, 0, 0],
						"3.2": [20, 0, 0],
						"3.24": [30.83, 0, 0],
						"3.44": [0, 0, 0],
						"3.96": [0, 0, 0],
						"4.0": [9.17, 0, 0]
					}
				},
				"toes_right": {
					"rotation": {
						"0.0": [-13.59, 0, 0],
						"0.12": [-7.5, 0, 0],
						"0.2": [-30, 0, 0],
						"0.24": [-45, 0, 0],
						"0.44": [0, 0, 0],
						"1.0": [-13.59, 0, 0],
						"1.12": [-7.5, 0, 0],
						"1.2": [-30, 0, 0],
						"1.24": [-45, 0, 0],
						"1.44": [0, 0, 0],
						"2.0": [-13.59, 0, 0],
						"2.12": [-7.5, 0, 0],
						"2.2": [-30, 0, 0],
						"2.24": [-45, 0, 0],
						"2.44": [0, 0, 0],
						"3.0": [-13.59, 0, 0],
						"3.12": [-7.5, 0, 0],
						"3.2": [-30, 0, 0],
						"3.24": [-45, 0, 0],
						"3.44": [0, 0, 0],
						"4.0": [-13.59, 0, 0]
					}
				},
				"toes_left": {
					"rotation": {
						"0.0": [0, 0, 0],
						"0.52": [-13.59, 0, 0],
						"0.64": [-7.5, 0, 0],
						"0.72": [-30, 0, 0],
						"0.76": [-45, 0, 0],
						"0.96": [0, 0, 0],
						"1.52": [-13.59, 0, 0],
						"1.64": [-7.5, 0, 0],
						"1.72": [-30, 0, 0],
						"1.76": [-45, 0, 0],
						"1.96": [0, 0, 0],
						"2.52": [-13.59, 0, 0],
						"2.64": [-7.5, 0, 0],
						"2.72": [-30, 0, 0],
						"2.76": [-45, 0, 0],
						"2.96": [0, 0, 0],
						"3.52": [-13.59, 0, 0],
						"3.64": [-7.5, 0, 0],
						"3.72": [-30, 0, 0],
						"3.76": [-45, 0, 0],
						"4.0": [0, 0, 0]
					}
				}
			}
		},
		"animation.megagarchomp.ground_run": {
			"loop": true,
			"bones": {
				"garchomp": {
					"position": [0, "math.abs(math.sin(q.anim_time*90*8-45)*2)", 0]
				},
				"torso": {
					"rotation": ["35+math.sin(q.anim_time*90*16-45)*2", 0, 0]
				},
				"head": {
					"rotation": ["-35-math.sin(q.anim_time*90*16-45)*2", 0, 0]
				},
				"arm_left": {
					"rotation": [0, -15, 0]
				},
				"arm_left2": {
					"rotation": [0, 0, -40]
				},
				"arm_left3": {
					"rotation": [0, -30, 10]
				},
				"leg_left2": {
					"rotation": ["-math.sin(q.anim_time*90*8-135)*48", 0, 0]
				},
				"leg_right2": {
					"rotation": ["math.sin(q.anim_time*90*8-135)*48", 0, 0]
				},
				"foot_left": {
					"rotation": ["math.sin(q.anim_time*90*8+60)*12", 0, 0]
				},
				"foot_right": {
					"rotation": ["-math.sin(q.anim_time*90*8+60)*12", 0, 0]
				},
				"leg_left0": {
					"rotation": ["25-math.sin(q.anim_time*90*8-45)*64", 0, 0]
				},
				"leg_right0": {
					"rotation": ["25+math.sin(q.anim_time*90*8-45)*64", 0, 0]
				},
				"arm_right": {
					"rotation": [0, 15, 0]
				},
				"arm_right2": {
					"rotation": [0, 0, 40]
				},
				"arm_right3": {
					"rotation": [0, 30, -10]
				}
			}
		},
		"animation.megagarchomp.air_idle": {
			"loop": true,
			"bones": {
				"body": {
					"rotation": [92.5, 0, 0],
					"position": [0, "-5+0.2*math.sin(q.anim_time*90*2+90)", 0]
				},
				"chest": {
					"rotation": [-5, 0, 0]
				},
				"neck2": {
					"rotation": [-17.5, 0, 0]
				},
				"head": {
					"rotation": [-57.5, 0, 0]
				},
				"jaw": {
					"rotation": [5, 0, 0]
				},
				"arm_left": {
					"rotation": [0, 12.5, -20]
				},
				"arm_left3": {
					"rotation": ["-22.5+1*math.sin(q.anim_time*90*3+90)", 0, -52.5]
				},
				"hand_left": {
					"rotation": [0, 0, 40]
				},
				"tail": {
					"rotation": [-20, 0, 0]
				},
				"leg_left1": {
					"rotation": ["0.4*math.sin(q.anim_time*90*3+90)", 0, "0.4*math.sin(q.anim_time*90*3+90)"]
				},
				"foot_left": {
					"rotation": [10, 0, 0]
				},
				"foot_left2": {
					"rotation": ["10+1*math.sin(q.anim_time*90*4+90)", 0, 0]
				},
				"leg_right1": {
					"rotation": ["0+0.4*math.sin(q.anim_time*90*3+90)", 0, "0+0.4*math.sin(q.anim_time*90*3+90)"]
				},
				"foot_right": {
					"rotation": [10, 0, 0]
				},
				"foot_right2": {
					"rotation": ["10+1*math.sin(q.anim_time*90*4+90)", 0, 0]
				},
				"fin": {
					"rotation": [0, "0+0.5*math.sin(q.anim_time*90*4+90)", 0]
				},
				"tail2": {
					"rotation": [-7.5, "1+1.5*math.sin(q.anim_time*90*2.5+90)", 0]
				},
				"tail3": {
					"rotation": [-12.5, "0-1*math.sin(q.anim_time*90*2+90)", 0]
				},
				"leg_right2": {
					"rotation": ["0-1*math.sin(q.anim_time*90*2+90)", 0, 0]
				},
				"arm_left2": {
					"rotation": [0, 0, "0-0.8*math.sin(q.anim_time*90*2+90)"]
				},
				"leg_left0": {
					"rotation": [0, -25, 0]
				},
				"leg_right0": {
					"rotation": [0, 25, 0]
				},
				"arm_right": {
					"rotation": [0, -12.5, 20]
				},
				"arm_right2": {
					"rotation": [0, 0, "0-0.8*math.sin(q.anim_time*90*2+90)"]
				},
				"arm_right3": {
					"rotation": ["-22.5+1*math.sin(q.anim_time*90*2+90)", 0, 52.5]
				}
			}
		},
		"animation.megagarchomp.blink": {
			"animation_length": 0.1667
		},
		"animation.megagarchomp.cry": {
			"animation_length": 1.83333,
			"bones": {
				"neck": {
					"rotation": {
						"0.0": {
							"post": [0, 0, 0],
							"lerp_mode": "catmullrom"
						},
						"0.25": {
							"post": [10, 0, 0],
							"lerp_mode": "catmullrom"
						},
						"1.5": {
							"post": [10, 0, 0],
							"lerp_mode": "catmullrom"
						},
						"1.75": {
							"post": [0, 0, 0],
							"lerp_mode": "catmullrom"
						}
					}
				},
				"head": {
					"rotation": {
						"0.0": {
							"post": [0, 0, 0],
							"lerp_mode": "catmullrom"
						},
						"0.1667": {
							"post": [17.5, 0, 0],
							"lerp_mode": "catmullrom"
						},
						"0.3333": {
							"post": [-52.5, 0, 0],
							"lerp_mode": "catmullrom"
						},
						"1.1667": {
							"post": [-62.59, 0, 0],
							"lerp_mode": "catmullrom"
						},
						"1.5": {
							"post": [0, 0, 0],
							"lerp_mode": "catmullrom"
						}
					}
				},
				"jaw": {
					"rotation": {
						"0.0": {
							"post": [0, 0, 0],
							"lerp_mode": "catmullrom"
						},
						"0.25": {
							"post": [25, 0, 0],
							"lerp_mode": "catmullrom"
						},
						"1.25": {
							"post": [25, 0, 0],
							"lerp_mode": "catmullrom"
						},
						"1.5": {
							"post": [0, 0, 0],
							"lerp_mode": "catmullrom"
						}
					}
				},
				"torso": {
					"rotation": {
						"0.0": {
							"post": [0, 0, 0],
							"lerp_mode": "catmullrom"
						},
						"0.1667": {
							"post": [17.5, 0, 0],
							"lerp_mode": "catmullrom"
						},
						"0.3333": {
							"post": [-10, 0, 0],
							"lerp_mode": "catmullrom"
						},
						"1.1667": {
							"post": [-10.09, 0, 0],
							"lerp_mode": "catmullrom"
						},
						"1.5": {
							"post": [0, 0, 0],
							"lerp_mode": "catmullrom"
						}
					}
				},
				"chest": {
					"rotation": {
						"0.0": {
							"post": [0, 0, 0],
							"lerp_mode": "catmullrom"
						},
						"0.1667": {
							"post": [17.5, 0, 0],
							"lerp_mode": "catmullrom"
						},
						"0.3333": {
							"post": [-10, 0, 0],
							"lerp_mode": "catmullrom"
						},
						"1.1667": {
							"post": [-10.09, 0, 0],
							"lerp_mode": "catmullrom"
						},
						"1.5": {
							"post": [0, 0, 0],
							"lerp_mode": "catmullrom"
						}
					}
				},
				"arm_right": {
					"rotation": {
						"0.0": {
							"post": [0, 0, 0],
							"lerp_mode": "catmullrom"
						},
						"0.1667": {
							"post": [0, -32.5, 0],
							"lerp_mode": "catmullrom"
						},
						"0.3333": {
							"post": [0, 20, 0],
							"lerp_mode": "catmullrom"
						},
						"1.1667": {
							"post": [0, 21, 0],
							"lerp_mode": "catmullrom"
						},
						"1.5": {
							"post": [0, 0, 0],
							"lerp_mode": "catmullrom"
						}
					}
				},
				"arm_right2": {
					"rotation": {
						"0.0": {
							"post": [0, 0, 0],
							"lerp_mode": "catmullrom"
						},
						"0.1667": {
							"post": [25, -15, 15],
							"lerp_mode": "catmullrom"
						},
						"0.3333": {
							"post": [0, 20, 0],
							"lerp_mode": "catmullrom"
						},
						"1.1667": {
							"post": [0, 21, 0],
							"lerp_mode": "catmullrom"
						},
						"1.5": {
							"post": [0, 0, 0],
							"lerp_mode": "catmullrom"
						}
					}
				},
				"arm_left": {
					"rotation": {
						"0.0": {
							"post": [0, 0, 0],
							"lerp_mode": "catmullrom"
						},
						"0.1667": {
							"post": [0, 32.5, 0],
							"lerp_mode": "catmullrom"
						},
						"0.3333": {
							"post": [0, -20, 0],
							"lerp_mode": "catmullrom"
						},
						"1.1667": {
							"post": [0, -21, 0],
							"lerp_mode": "catmullrom"
						},
						"1.5": {
							"post": [0, 0, 0],
							"lerp_mode": "catmullrom"
						}
					}
				},
				"arm_left2": {
					"rotation": {
						"0.0": {
							"post": [0, 0, 0],
							"lerp_mode": "catmullrom"
						},
						"0.1667": {
							"post": [25, 15, -15],
							"lerp_mode": "catmullrom"
						},
						"0.3333": {
							"post": [0, -20, 0],
							"lerp_mode": "catmullrom"
						},
						"1.1667": {
							"post": [0, -21, 0],
							"lerp_mode": "catmullrom"
						},
						"1.5": {
							"post": [0, 0, 0],
							"lerp_mode": "catmullrom"
						}
					}
				},
				"arm_left3": {
					"rotation": {
						"0.0": [0, 0, 0],
						"0.1667": [20, 0, 0],
						"0.3333": [0, 0, 0]
					}
				},
				"tail": {
					"rotation": {
						"0.0": {
							"post": [0, 0, 0],
							"lerp_mode": "catmullrom"
						},
						"0.1667": {
							"post": [-17.5, 0, 0],
							"lerp_mode": "catmullrom"
						},
						"0.3333": {
							"post": [10, 0, 0],
							"lerp_mode": "catmullrom"
						},
						"1.1667": {
							"post": [10.09, 0, 0],
							"lerp_mode": "catmullrom"
						},
						"1.5": {
							"post": [0, 0, 0],
							"lerp_mode": "catmullrom"
						}
					}
				}
			},
			"sound_effects": {
				"0.25": {
					"effect": "megagarchomp"
				}
			}
		},
		"animation.megagarchomp.stomp_quirk": {
			"animation_length": 2.08,
			"bones": {
				"body": {
					"position": {
						"0.52": [0, 0, 0],
						"0.56": [0, -1, 0],
						"0.6": [0, 0.57, 0],
						"0.64": [0, -0.61, 0],
						"0.72": [0, 0.33, 0],
						"0.8": [0, -0.2, 0]
					}
				},
				"torso": {
					"rotation": {
						"0.0": {
							"post": [0, 0, 0],
							"lerp_mode": "catmullrom"
						},
						"0.32": {
							"post": [-12.94384, 1.33462, 4.81902],
							"lerp_mode": "catmullrom"
						},
						"0.48": {
							"post": [-14.85932, 2.24944, 7.15656],
							"lerp_mode": "catmullrom"
						},
						"0.52": {
							"post": [0, 0, 0],
							"lerp_mode": "catmullrom"
						}
					}
				},
				"chest": {
					"rotation": {
						"0.0": {
							"post": [0, 0, 0],
							"lerp_mode": "catmullrom"
						},
						"0.32": {
							"post": [-2.5, 0, 0],
							"lerp_mode": "catmullrom"
						},
						"0.48": {
							"post": [-5, 0, 0],
							"lerp_mode": "catmullrom"
						},
						"0.52": {
							"post": [0, 0, 0],
							"lerp_mode": "catmullrom"
						}
					}
				},
				"neck": {
					"rotation": {
						"0.0": {
							"post": [0, 0, 0],
							"lerp_mode": "catmullrom"
						},
						"0.4": {
							"post": [15, 0, 0],
							"lerp_mode": "catmullrom"
						},
						"0.6": {
							"post": [20, 0, 0],
							"lerp_mode": "catmullrom"
						},
						"1.8": {
							"post": [15, 0, 0],
							"lerp_mode": "catmullrom"
						},
						"2.0": {
							"post": [0, 0, 0],
							"lerp_mode": "catmullrom"
						}
					}
				},
				"head": {
					"rotation": {
						"0.0": {
							"post": [0, 0, 0],
							"lerp_mode": "catmullrom"
						},
						"0.4": {
							"post": [15, 0, 0],
							"lerp_mode": "catmullrom"
						},
						"0.6": {
							"post": [-20, 0, 0],
							"lerp_mode": "catmullrom"
						},
						"1.8": {
							"post": [-15, 0, 0],
							"lerp_mode": "catmullrom"
						},
						"2.0": {
							"post": [0, 0, 0],
							"lerp_mode": "catmullrom"
						}
					}
				},
				"jaw": {
					"rotation": {
						"0.4": {
							"pre": [0, 0, 0],
							"post": [0, 0, 0],
							"lerp_mode": "catmullrom"
						},
						"0.6": {
							"post": [27.5, 0, 0],
							"lerp_mode": "catmullrom"
						},
						"1.24": {
							"post": [30.31, 0, 0],
							"lerp_mode": "catmullrom"
						},
						"1.88": {
							"post": [17.5, 0, 0],
							"lerp_mode": "catmullrom"
						},
						"2.08": {
							"post": [0, 0, 0],
							"lerp_mode": "catmullrom"
						}
					}
				},
				"tail": {
					"rotation": {
						"0.0": {
							"post": [0, 0, 0],
							"lerp_mode": "catmullrom"
						},
						"0.32": {
							"post": [15.53476, -1.89871, -4.58582],
							"lerp_mode": "catmullrom"
						},
						"0.48": {
							"post": [17.63202, -3.05689, -6.82395],
							"lerp_mode": "catmullrom"
						},
						"0.52": {
							"post": [0, 0, 0],
							"lerp_mode": "catmullrom"
						}
					}
				},
				"leg_right1": {
					"rotation": {
						"0.0": {
							"post": [0, 0, 0],
							"lerp_mode": "catmullrom"
						},
						"0.32": {
							"post": [-27.5, 0, 0],
							"lerp_mode": "catmullrom"
						},
						"0.48": {
							"post": [-32.5, 0, 0],
							"lerp_mode": "catmullrom"
						},
						"0.52": {
							"post": [0, 0, 0],
							"lerp_mode": "catmullrom"
						}
					}
				},
				"leg_right2": {
					"rotation": {
						"0.0": {
							"post": [0, 0, 0],
							"lerp_mode": "catmullrom"
						},
						"0.32": {
							"post": [22.5, 0, 0],
							"lerp_mode": "catmullrom"
						},
						"0.48": {
							"post": [27.5, 0, 0],
							"lerp_mode": "catmullrom"
						},
						"0.52": {
							"post": [0, 0, 0],
							"lerp_mode": "catmullrom"
						}
					}
				}
			},
			"sound_effects": {
				"0.52": {
					"effect": "megagarchomp"
				}
			}
		}
	}
}