{
	"format_version": "1.12.0",
	"minecraft:geometry": [
		{
			"description": {
				"identifier": "geometry.fossoil",
				"texture_width": 64,
				"texture_height": 64,
				"visible_bounds_width": 3,
				"visible_bounds_height": 2.5,
				"visible_bounds_offset": [0, 0.75, 0]
			},
			"bones": [
				{
					"name": "fossoil",
					"pivot": [0, 0, 0]
				},
				{
					"name": "body",
					"parent": "fossoil",
					"pivot": [0, 0, 0]
				},
				{
					"name": "torso",
					"parent": "body",
					"pivot": [0, 0, 0]
				},
				{
					"name": "head",
					"parent": "torso",
					"pivot": [0, 8.70833, 9],
					"cubes": [
						{"origin": [-2, 3.75, 7], "size": [4, 2, 3], "inflate": -0.001, "uv": [18, 17]},
						{"origin": [-2, 3.5, 11], "size": [4, 9, 3], "uv": [0, 8]},
						{"origin": [-2, 5.5, 5], "size": [4, 2, 6], "uv": [0, 0]},
						{"origin": [-2, 7.5, 10], "size": [4, 6, 1], "uv": [30, 11]},
						{"origin": [-2, 7.5, 5], "size": [4, 6, 2], "uv": [21, 22]},
						{"origin": [-2, 10.5, 7], "size": [4, 3, 3], "uv": [14, 0]}
					]
				},
				{
					"name": "spike_small",
					"parent": "head",
					"pivot": [0, 13.25825, 12.9047],
					"cubes": [
						{"origin": [-1, 17.5, -1.25], "size": [2, 2, 2], "pivot": [0, 0, 0], "rotation": [-45, 0, 0], "uv": [32, 28]}
					]
				},
				{
					"name": "spike_big",
					"parent": "head",
					"pivot": [0, 14.49569, 8.13173],
					"cubes": [
						{"origin": [-1, 14.5, -6], "size": [2, 3, 3], "pivot": [0, 0, 0], "rotation": [-45, 0, 0], "uv": [16, 30]}
					]
				},
				{
					"name": "eye",
					"parent": "head",
					"pivot": [0, 9.5, 8.5],
					"cubes": [
						{"origin": [-1.5, 7.5, 6], "size": [3, 4, 5], "uv": [14, 8]}
					]
				},
				{
					"name": "torso2",
					"parent": "torso",
					"pivot": [0, 9.5, 3]
				},
				{
					"name": "torso3",
					"parent": "torso2",
					"pivot": [0, 9.46937, 0]
				},
				{
					"name": "torso4",
					"parent": "torso3",
					"pivot": [0, 9.5, -3]
				},
				{
					"name": "tail_back",
					"parent": "torso4",
					"pivot": [0, 0, 0]
				},
				{
					"name": "tail_back_top",
					"parent": "tail_back",
					"pivot": [0, 9.5, -5],
					"cubes": [
						{"origin": [-1, 8.25, -6.25], "size": [2, 4, 2], "inflate": 0.001, "pivot": [0, 9.5, -8], "rotation": [40, 0, 0], "uv": [26, 30]}
					]
				},
				{
					"name": "tail_back_bottom",
					"parent": "tail_back",
					"pivot": [0, 9.5, -5],
					"cubes": [
						{"origin": [-1, 6.75, -6.25], "size": [2, 4, 2], "inflate": 0.001, "pivot": [0, 9.5, -8], "rotation": [-40, 0, 0], "uv": [32, 18]}
					]
				},
				{
					"name": "bone4",
					"parent": "torso4",
					"pivot": [0, 9.5, -3],
					"cubes": [
						{"origin": [-1, 5, -4], "size": [2, 9, 2], "inflate": 0.001, "uv": [28, 0]}
					]
				},
				{
					"name": "bone3",
					"parent": "torso3",
					"pivot": [0, 9.46937, 0],
					"cubes": [
						{"origin": [-1, 4, -1], "size": [2, 11, 2], "inflate": 0.001, "uv": [0, 20]}
					]
				},
				{
					"name": "spike_bottom",
					"parent": "bone3",
					"pivot": [0, 3.7972, 0],
					"cubes": [
						{"origin": [-1, 7.25, 9.75], "size": [2, 2, 2], "pivot": [0, 19, 0], "rotation": [-45, 0, 0], "uv": [0, 33]}
					]
				},
				{
					"name": "spike_top",
					"parent": "bone3",
					"pivot": [0, 15.11091, 0],
					"cubes": [
						{"origin": [-1, 15.25, 1.75], "size": [2, 2, 2], "pivot": [0, 19, 0], "rotation": [-45, 0, 0], "uv": [33, 24]}
					]
				},
				{
					"name": "bone2",
					"parent": "torso2",
					"pivot": [0, 9.5, 3],
					"cubes": [
						{"origin": [-1, 5, 2], "size": [2, 9, 2], "inflate": 0.001, "uv": [8, 24]}
					]
				},
				{
					"name": "fin_left",
					"parent": "body",
					"pivot": [0, 6.75, 3.5],
					"cubes": [
						{"origin": [-3.5, 5.75, -1.75], "size": [2, 2, 5], "inflate": 0.001, "uv": [9, 17], "mirror": true}
					]
				},
				{
					"name": "fin_right",
					"parent": "body",
					"pivot": [0, 6.75, 3.5],
					"cubes": [
						{"origin": [1.5, 5.75, -1.75], "size": [2, 2, 5], "inflate": 0.001, "uv": [9, 17]}
					]
				}
			]
		}
	]
}