{
	"format_version": "1.12.0",
	"minecraft:geometry": [
		{
			"description": {
				"identifier": "geometry.unknown",
				"texture_width": 128,
				"texture_height": 128,
				"visible_bounds_width": 6,
				"visible_bounds_height": 4,
				"visible_bounds_offset": [0, 1, 0]
			},
			"bones": [
				{
					"name": "lystrowatt",
					"pivot": [0, 0, 0]
				},
				{
					"name": "body",
					"parent": "lystrowatt",
					"pivot": [0, 0, 0]
				},
				{
					"name": "waist",
					"parent": "body",
					"pivot": [0, 9, 4],
					"cubes": [
						{"origin": [-5, 5, -1], "size": [9, 8, 6], "uv": [0, 0]}
					]
				},
				{
					"name": "tail1",
					"parent": "waist",
					"pivot": [0, 8, 7],
					"cubes": [
						{"origin": [-4, 6.5, 5], "size": [7, 6, 6], "inflate": 0.02, "uv": [34, 26]}
					]
				},
				{
					"name": "tail2",
					"parent": "tail1",
					"pivot": [0, 9, 13],
					"cubes": [
						{"origin": [-3, 8.5, 11], "size": [5, 3, 6], "inflate": 0.01, "uv": [36, 44]}
					]
				},
				{
					"name": "torso",
					"parent": "waist",
					"pivot": [0, -2, 0],
					"cubes": [
						{"origin": [-3, 13, -14], "size": [5, 2, 11], "uv": [30, 0]},
						{"origin": [-6, 5, -10], "size": [11, 8, 9], "uv": [0, 14]}
					]
				},
				{
					"name": "chest",
					"parent": "torso",
					"pivot": [0, -2, 0],
					"cubes": [
						{"origin": [-5, 5, -16], "size": [9, 8, 6], "uv": [0, 31]}
					]
				},
				{
					"name": "neck",
					"parent": "chest",
					"pivot": [-0.5, 9.53806, -17.19134],
					"cubes": [
						{"origin": [-3, 7, -21], "size": [5, 6, 8], "pivot": [0, 10, -17], "rotation": [-22.5, 0, 0], "uv": [0, 45]}
					]
				},
				{
					"name": "head",
					"parent": "neck",
					"pivot": [0, 11, -19],
					"cubes": [
						{"origin": [-4, 8.44834, -24.69136], "size": [7, 6, 6], "uv": [0, 59]},
						{"origin": [-4, 9.44834, -29.69136], "size": [7, 4, 5], "uv": [0, 71]},
						{"origin": [-2, 13, -29], "size": [3, 3, 5], "uv": [43, 76]},
						{"origin": [2, 7.45, -27], "size": [1, 2, 1], "uv": [1, 15]},
						{"origin": [-4, 7.45, -27], "size": [1, 2, 1], "uv": [1, 15]}
					]
				},
				{
					"name": "eyes",
					"parent": "head",
					"pivot": [-0.5, 15.5, -24]
				},
				{
					"name": "eye_right",
					"parent": "eyes",
					"pivot": [-5.52, 13, -26.5],
					"cubes": [
						{"origin": [-4.01, 10.5, -24], "size": [0, 3, 4], "uv": [25, 79]}
					]
				},
				{
					"name": "eyelid_right",
					"parent": "eye_right",
					"pivot": [-3.5, 12.5, -22],
					"cubes": [
						{"origin": [-3.9, 10.5, -24], "size": [1, 3, 4], "inflate": 0.025, "uv": [33, 83]}
					]
				},
				{
					"name": "eye_left",
					"parent": "eyes",
					"pivot": [3.52, 13, -21.5],
					"cubes": [
						{"origin": [3.01, 10.5, -24], "size": [0, 3, 4], "uv": [25, 76]}
					]
				},
				{
					"name": "eyelid_left",
					"parent": "eye_left",
					"pivot": [2.47, 12.5, -22],
					"cubes": [
						{"origin": [1.97, 10.5, -24], "size": [1, 3, 4], "inflate": 0.025, "uv": [33, 76]}
					]
				},
				{
					"name": "jaw",
					"parent": "head",
					"pivot": [-0.5, 9, -27],
					"cubes": [
						{"origin": [-3, 8.5, -28], "size": [5, 1, 4], "uv": [2, 83]}
					]
				},
				{
					"name": "leg_front_left1",
					"parent": "body",
					"pivot": [5.5, 8.75, -13.5],
					"cubes": [
						{"origin": [4, 6.25, -15.5], "size": [3, 5, 4], "inflate": 0.01, "uv": [64, 22]}
					]
				},
				{
					"name": "leg_front_left2",
					"parent": "leg_front_left1",
					"pivot": [5.5, 4.25, -13.25],
					"cubes": [
						{"origin": [4, 1.75, -14.75], "size": [3, 5, 3], "uv": [64, 31]}
					]
				},
				{
					"name": "foot_front_left",
					"parent": "leg_front_left2",
					"pivot": [5.5, 2.25, -12.5],
					"cubes": [
						{"origin": [4, 0.25, -15], "size": [3, 2, 3], "inflate": 0.01, "uv": [64, 39]}
					]
				},
				{
					"name": "toe_front_left",
					"parent": "foot_front_left",
					"pivot": [11.5, 0.25, -24],
					"cubes": [
						{"origin": [4.5, 0.3, -15.5], "size": [2, 1, 1], "uv": [1, 20]}
					]
				},
				{
					"name": "leg_front_right1",
					"parent": "body",
					"pivot": [-6.5, 8.75, -13.5],
					"cubes": [
						{"origin": [-8, 6.25, -15.5], "size": [3, 5, 4], "inflate": 0.01, "uv": [64, 22]}
					]
				},
				{
					"name": "leg_front_right2",
					"parent": "leg_front_right1",
					"pivot": [-6.5, 4.25, -13.25],
					"cubes": [
						{"origin": [-8, 1.75, -14.75], "size": [3, 5, 3], "uv": [64, 31]}
					]
				},
				{
					"name": "foot_front_right",
					"parent": "leg_front_right2",
					"pivot": [-6.5, 2.25, -12.5],
					"cubes": [
						{"origin": [-8, 0.25, -15], "size": [3, 2, 3], "inflate": 0.01, "uv": [64, 39]}
					]
				},
				{
					"name": "toe_front_right",
					"parent": "foot_front_right",
					"pivot": [-2.5, 0.25, -16],
					"cubes": [
						{"origin": [-7.5, 0.3, -15.5], "size": [2, 1, 1], "uv": [1, 20]}
					]
				},
				{
					"name": "leg_back_left1",
					"parent": "body",
					"pivot": [6, 9.25, 1.5],
					"cubes": [
						{"origin": [4, 6.25, -0.5], "size": [4, 6, 4], "inflate": 0.01, "uv": [78, 21]}
					]
				},
				{
					"name": "leg_back_left2",
					"parent": "leg_back_left1",
					"pivot": [6, 4.25, 1.5],
					"cubes": [
						{"origin": [4.5, 1.75, 0], "size": [3, 5, 3], "uv": [80, 31]}
					]
				},
				{
					"name": "foot_back_left",
					"parent": "leg_back_left2",
					"pivot": [6, 3.25, 2.25],
					"cubes": [
						{"origin": [4.5, 0.25, -0.25], "size": [3, 2, 3], "inflate": 0.01, "uv": [80, 39]}
					]
				},
				{
					"name": "toe_back_left",
					"parent": "foot_back_left",
					"pivot": [9.5, 0.25, 14],
					"cubes": [
						{"origin": [5, 0.3, -1], "size": [2, 1, 1], "uv": [1, 20]}
					]
				},
				{
					"name": "leg_back_right1",
					"parent": "body",
					"pivot": [-7, 9.25, 1.5],
					"cubes": [
						{"origin": [-9, 6.25, -0.5], "size": [4, 6, 4], "inflate": 0.01, "uv": [78, 21]}
					]
				},
				{
					"name": "leg_back_right2",
					"parent": "leg_back_right1",
					"pivot": [-7, 4.25, 1.5],
					"cubes": [
						{"origin": [-8.5, 1.75, 0], "size": [3, 5, 3], "uv": [80, 31]}
					]
				},
				{
					"name": "foot_back_right",
					"parent": "leg_back_right2",
					"pivot": [-7, 3.25, 2.25],
					"cubes": [
						{"origin": [-8.5, 0.25, -0.25], "size": [3, 2, 3], "inflate": 0.01, "uv": [80, 39]}
					]
				},
				{
					"name": "toe_back_right",
					"parent": "foot_back_right",
					"pivot": [9.5, 0.25, -1],
					"cubes": [
						{"origin": [-8, 0.3, -1], "size": [2, 1, 1], "uv": [1, 20]}
					]
				}
			]
		}
	]
}