{
  "head": "head",
  "portraitScale": 0.25,
  "portraitTranslation": [ 0, 0, 0 ],
  "profileScale": 0.5,
  "profileTranslation": [ 0, 0, 0 ],
  "faint": "bedrock(chialeef, faint)",
  "poses": {
    "standing": {
      "poseName": "standing",
      "transformTicks": 10,
      "poseTypes": [
        "STAND",
        "NONE",
        "PORTRAIT",
        "PROFILE"
      ],
      "animations": [
        "look",
	"bedrock(chialeef, ground_idle)",
      "bedrock(chialeef, blink)"
      ]
    },
    "walking": {
      "poseName": "walking",
      "transformTicks": 10,
      "poseTypes": [ "WALK" ],
      "animations": [ "bedrock(chialeef, ground_walk)",
      "bedrock(chialeef, blink)" ]
    },
    "sleeping": {
      "poseName": "sleeping",
      "transformTicks": 10,
      "poseTypes": [ "SLEEP" ],
      "animations": [ "bedrock(chialeef, sleep)" ]
    }
}
}
