{
    "head": "head",
    "portraitScale": 0.25,
    "portraitTranslation": [ 0, 0, 0 ],
    "profileScale": 0.5,
    "profileTranslation": [ 0, 0, 0 ],
    "faint": "bedrock(selkuddle, faint)",
    "poses": {
      "standing": {
        "poseName": "standing",
        "transformTicks": 10,
        "poseTypes": [
          "STAND",
          "NONE",
          "PORTRAIT",
          "PROFILE"
        ],
        "animations": [
          "look",
      "bedrock(selkuddle, ground_idle)",
    "bedrock(selkuddle, blink)"
        ]
      },
      "walking": {
        "poseName": "walking",
        "transformTicks": 10,
        "poseTypes": [ "WALK" ],
        "animations": [ "bedrock(selkuddle, ground_walk)",
        "bedrock(selkuddle, blink)" ]
      },
      "sleeping": {
        "poseName": "sleeping",
        "transformTicks": 10,
        "poseTypes": [ "SLEEP" ],
        "animations": [ "bedrock(selkuddle, sleep)" ]
      },
      "floating": {
        "poseName": "floating",
        "transformTicks": 10,
        "poseTypes": [ "FLOAT" ],
        "animations": [ "bedrock(selkuddle, water_idle)",
        "bedrock(selkuddle, blink)" ]
      },
      "swimming": {
        "poseName": "swimming",
        "transformTicks": 10,
        "poseTypes": [ "SWIM" ],
        "animations": [ "bedrock(selkuddle, water_swim)",
        "bedrock(selkuddle, blink)" ]
      }
  }
  }
  