{
  "head": "head",
  "portraitScale": 0.25,
  "portraitTranslation": [ 0, 0, 0 ],
  "profileScale": 0.5,
  "profileTranslation": [ 0, 0, 0 ],
  "faint": "bedrock(terroferno, faint)",
  "poses": {
    "standing": {
      "poseName": "standing",
      "transformTicks": 10,
      "poseTypes": [
        "STAND",
        "NONE",
        "PORTRAIT",
        "PROFILE"
      ],
      "animations": [
        "look",
	"bedrock(terroferno, ground_idle)",
      "bedrock(terroferno, blink)"
      ]
    },
    "walking": {
      "poseName": "walking",
      "transformTicks": 10,
      "poseTypes": [ "WALK" ],
      "animations": [ "bedrock(terroferno, ground_walk)",
      "bedrock(terroferno, blink)" ]
    },
    "sleeping": {
      "poseName": "sleeping",
      "transformTicks": 10,
      "poseTypes": [ "SLEEP" ],
      "animations": [ "bedrock(terroferno, sleep)" ]
    },
    "flying": {
      "poseName": "flying",
      "transformTicks": 10,
      "poseTypes": [ "FLY" ],
      "animations": [ "bedrock(terroferno, air_fly)",
      "bedrock(terroferno, blink)" ]
    },
    "hovering": {
      "poseName": "hovering",
      "transformTicks": 10,
      "poseTypes": [ "HOVER" ],
      "animations": [ "bedrock(terroferno, air_idle)",
      "bedrock(terroferno, blink)" ]
    }
}
}
