{
	"format_version": "1.12.0",
	"minecraft:geometry": [
		{
			"description": {
				"identifier": "geometry.annihilape",
				"texture_width": 128,
				"texture_height": 128,
				"visible_bounds_width": 3,
				"visible_bounds_height": 3.5,
				"visible_bounds_offset": [0, 1.25, 0]
			},
			"bones": [
				{
					"name": "annihilape",
					"pivot": [0, 0, 0]
				},
				{
					"name": "body",
					"parent": "annihilape",
					"pivot": [0, 7.25, 1.5]
				},
				{
					"name": "torso",
					"parent": "body",
					"pivot": [0, 9, 1.5],
					"cubes": [
						{"origin": [-5.5, 8, -5], "size": [11, 11, 10], "uv": [0, 0]},
						{"origin": [-2.5, 18, -3.5], "size": [5, 5, 4], "uv": [22, 21]}
					]
				},
				{
					"name": "nose",
					"parent": "torso",
					"pivot": [0, 14.5, -5],
					"cubes": [
						{"origin": [-1.5, 10.5, -6], "size": [3, 2, 1], "uv": [40, 27]}
					]
				},
				{
					"name": "ears",
					"parent": "torso",
					"pivot": [0, 18, -5],
					"rotation": [-27.5, 0, 0]
				},
				{
					"name": "ear_left",
					"parent": "ears",
					"pivot": [1.25, 18, -5],
					"rotation": [56.8939, -27.73062, -7.6685],
					"cubes": [
						{"origin": [1.25, 18, -5], "size": [4, 4, 0], "inflate": 0.01, "uv": [56, 10]}
					]
				},
				{
					"name": "ear_left_fur",
					"parent": "ear_left",
					"pivot": [3.25, 22, -5],
					"rotation": [-20, 0, 0],
					"cubes": [
						{"origin": [0.25, 22, -5], "size": [6, 4, 0], "uv": [42, 15]}
					]
				},
				{
					"name": "ear_left_fur2",
					"parent": "ear_left_fur",
					"pivot": [0.25, 26, -5],
					"cubes": [
						{"origin": [-0.75, 26, -5], "size": [8, 6, 0], "uv": [14, 39]}
					]
				},
				{
					"name": "ear_right",
					"parent": "ears",
					"pivot": [-1.25, 18, -5],
					"rotation": [56.8939, 27.73062, 7.6685],
					"cubes": [
						{"origin": [-5.25, 18, -5], "size": [4, 4, 0], "inflate": 0.01, "uv": [48, 57]}
					]
				},
				{
					"name": "ear_right_fur",
					"parent": "ear_right",
					"pivot": [-3.25, 22, -5],
					"rotation": [-20, 0, 0],
					"cubes": [
						{"origin": [-6.25, 22, -5], "size": [6, 4, 0], "uv": [48, 53]}
					]
				},
				{
					"name": "ear_right_fur2",
					"parent": "ear_right_fur",
					"pivot": [-0.25, 26, -5],
					"cubes": [
						{"origin": [-7.25, 26, -5], "size": [8, 6, 0], "uv": [40, 21]}
					]
				},
				{
					"name": "hair",
					"parent": "torso",
					"pivot": [0, 21, 1],
					"rotation": [-52.5, 0, 0]
				},
				{
					"name": "hair_front",
					"parent": "hair",
					"pivot": [0, 20, 1.5],
					"cubes": [
						{"origin": [-2, 20, -2.5], "size": [4, 4, 4], "inflate": 0.03, "uv": [32, 30]}
					]
				},
				{
					"name": "hair_front2",
					"parent": "hair_front",
					"pivot": [0, 23.5, -0.5],
					"cubes": [
						{"origin": [-1.5, 23.5, -2.5], "size": [3, 3, 4], "inflate": 0.02, "uv": [42, 8]}
					]
				},
				{
					"name": "hair_front3",
					"parent": "hair_front2",
					"pivot": [0, 26, -0.5],
					"cubes": [
						{"origin": [-1, 26, -2.5], "size": [2, 3, 4], "inflate": 0.01, "uv": [0, 47]}
					]
				},
				{
					"name": "hair_front4",
					"parent": "hair_front3",
					"pivot": [0, 28.5, -0.5],
					"cubes": [
						{"origin": [-1, 28.5, -2], "size": [2, 3, 3], "uv": [0, 54]}
					]
				},
				{
					"name": "hair_front5",
					"parent": "hair_front4",
					"pivot": [0, 31, -0.5],
					"cubes": [
						{"origin": [-0.5, 31, -1.5], "size": [1, 3, 2], "uv": [56, 57]}
					]
				},
				{
					"name": "hair_front_end",
					"parent": "hair_front5",
					"pivot": [0, 33.5, -0.5],
					"cubes": [
						{"origin": [0, 33.5, -1.5], "size": [0, 4, 3], "uv": [32, 55]}
					]
				},
				{
					"name": "hair_back",
					"parent": "hair",
					"pivot": [0, 22, 0],
					"rotation": [-40, 0, 0]
				},
				{
					"name": "hair_back_rotation",
					"parent": "hair_back",
					"pivot": [0, 22, 0],
					"cubes": [
						{"origin": [-1.5, 22, 0], "size": [3, 4, 4], "inflate": 0.02, "uv": [42, 0]}
					]
				},
				{
					"name": "hair_back2",
					"parent": "hair_back_rotation",
					"pivot": [0, 25.5, 2],
					"cubes": [
						{"origin": [-1, 25.5, 0], "size": [2, 4, 4], "uv": [46, 45]}
					]
				},
				{
					"name": "hair_back3",
					"parent": "hair_back2",
					"pivot": [0, 29, 2],
					"cubes": [
						{"origin": [-0.5, 29, 0.5], "size": [1, 3, 3], "inflate": 0.01, "uv": [56, 4]}
					]
				},
				{
					"name": "hair_back_end",
					"parent": "hair_back3",
					"pivot": [0, 31.5, 2],
					"cubes": [
						{"origin": [0, 31.5, 1], "size": [0, 3, 2], "inflate": 0.01, "uv": [18, 59]}
					]
				},
				{
					"name": "hair_left",
					"parent": "hair",
					"pivot": [0.5, 21, 2],
					"rotation": [0, 0, 10]
				},
				{
					"name": "hair_left_rotation",
					"parent": "hair_left",
					"pivot": [-0.5, 21, 2],
					"rotation": [0, 0, 12.5],
					"cubes": [
						{"origin": [-0.5, 21, -2], "size": [4, 5, 4], "inflate": 0.01, "uv": [0, 29]}
					]
				},
				{
					"name": "hair_left2",
					"parent": "hair_left_rotation",
					"pivot": [1.5, 25.5, -2],
					"cubes": [
						{"origin": [0, 25.5, -2], "size": [3, 3, 4], "uv": [14, 45]}
					]
				},
				{
					"name": "hair_left3",
					"parent": "hair_left2",
					"pivot": [1.5, 28, -1.5],
					"cubes": [
						{"origin": [0.5, 28, -1.5], "size": [2, 3, 3], "inflate": 0.01, "uv": [54, 15]}
					]
				},
				{
					"name": "hair_left4",
					"parent": "hair_left3",
					"pivot": [1.5, 30.5, -1.5],
					"cubes": [
						{"origin": [1, 30.5, -1.5], "size": [1, 3, 3], "uv": [38, 47]}
					]
				},
				{
					"name": "hair_left_end",
					"parent": "hair_left4",
					"pivot": [1.5, 33, -1],
					"cubes": [
						{"origin": [1.5, 33, -1], "size": [0, 3, 2], "inflate": 0.01, "uv": [58, 45]}
					]
				},
				{
					"name": "hair_back_left",
					"parent": "hair",
					"pivot": [2.5, 21, 2.5],
					"rotation": [0, 0, 35]
				},
				{
					"name": "hair_back_left_rotation",
					"parent": "hair_back_left",
					"pivot": [2.5, 18, 2.5],
					"cubes": [
						{"origin": [2.5, 17.5, 0.5], "size": [3, 5, 4], "inflate": 0.02, "uv": [0, 38]}
					]
				},
				{
					"name": "hair_back_left2",
					"parent": "hair_back_left_rotation",
					"pivot": [4, 22, 1],
					"cubes": [
						{"origin": [3, 22, 1], "size": [2, 4, 3], "uv": [12, 52]}
					]
				},
				{
					"name": "hair_back_left3",
					"parent": "hair_back_left2",
					"pivot": [4, 25.5, 1.5],
					"cubes": [
						{"origin": [3.5, 25.5, 1.5], "size": [1, 3, 2], "inflate": 0.01, "uv": [58, 27]}
					]
				},
				{
					"name": "hair_back_left_end2",
					"parent": "hair_back_left3",
					"pivot": [3.5, 28.5, 2.5],
					"rotation": [0, 0, -30],
					"cubes": [
						{"origin": [3.5, 28.5, 2.5], "size": [0, 3, 2], "uv": [14, 59]}
					]
				},
				{
					"name": "hair_back_left4",
					"parent": "hair_back_left3",
					"pivot": [4, 28, 1.5],
					"cubes": [
						{"origin": [4, 28, 1.5], "size": [0, 3, 2], "inflate": 0.01, "uv": [10, 59]}
					]
				},
				{
					"name": "hair_back_left_end",
					"parent": "hair_back_left4",
					"pivot": [4, 31, 1.5],
					"cubes": [
						{"origin": [4, 31, 1.5], "size": [0, 2, 2], "uv": [38, 60]}
					]
				},
				{
					"name": "hair_right",
					"parent": "hair",
					"pivot": [-0.5, 21, 2],
					"rotation": [0, 0, -10]
				},
				{
					"name": "hair_right_rotation",
					"parent": "hair_right",
					"pivot": [0.5, 21, 2],
					"rotation": [0, 0, -12.5],
					"cubes": [
						{"origin": [-3.5, 21, -2], "size": [4, 5, 4], "inflate": 0.01, "uv": [16, 30]}
					]
				},
				{
					"name": "hair_right2",
					"parent": "hair_right_rotation",
					"pivot": [-1.5, 25.5, -2],
					"cubes": [
						{"origin": [-3, 25.5, -2], "size": [3, 3, 4], "uv": [46, 38]}
					]
				},
				{
					"name": "hair_right3",
					"parent": "hair_right2",
					"pivot": [-1.5, 28, -1.5],
					"cubes": [
						{"origin": [-2.5, 28, -1.5], "size": [2, 3, 3], "inflate": 0.01, "uv": [22, 55]}
					]
				},
				{
					"name": "hair_right4",
					"parent": "hair_right3",
					"pivot": [-1.5, 30.5, -1.5],
					"cubes": [
						{"origin": [-2, 30.5, -1.5], "size": [1, 3, 3], "uv": [56, 21]}
					]
				},
				{
					"name": "hair_right_end",
					"parent": "hair_right4",
					"pivot": [-1.5, 33, -1],
					"cubes": [
						{"origin": [-1.5, 33, -1], "size": [0, 3, 2], "inflate": 0.01, "uv": [0, 60]}
					]
				},
				{
					"name": "hair_back_right",
					"parent": "hair",
					"pivot": [-2.5, 21, 2.5],
					"rotation": [0, 0, -35]
				},
				{
					"name": "hair_back_right_rotation",
					"parent": "hair_back_right",
					"pivot": [-2.5, 18, 2.5],
					"cubes": [
						{"origin": [-5.5, 17.5, 0.5], "size": [3, 5, 4], "inflate": 0.02, "uv": [32, 38]}
					]
				},
				{
					"name": "hair_back_right2",
					"parent": "hair_back_right_rotation",
					"pivot": [-4, 22, 1],
					"cubes": [
						{"origin": [-5, 22, 1], "size": [2, 4, 3], "uv": [38, 53]}
					]
				},
				{
					"name": "hair_back_right3",
					"parent": "hair_back_right2",
					"pivot": [-4, 25.5, 1.5],
					"cubes": [
						{"origin": [-4.5, 25.5, 1.5], "size": [1, 3, 2], "inflate": 0.01, "uv": [58, 32]}
					]
				},
				{
					"name": "hair_back_right_end2",
					"parent": "hair_back_right3",
					"pivot": [-3.5, 28.5, 2.5],
					"rotation": [0, 0, 30],
					"cubes": [
						{"origin": [-3.5, 28.5, 2.5], "size": [0, 3, 2], "uv": [4, 60]}
					]
				},
				{
					"name": "hair_back_right4",
					"parent": "hair_back_right3",
					"pivot": [-4, 28, 1.5],
					"cubes": [
						{"origin": [-4, 28, 1.5], "size": [0, 3, 2], "inflate": 0.01, "uv": [60, 37]}
					]
				},
				{
					"name": "hair_back_right_end",
					"parent": "hair_back_right4",
					"pivot": [-4, 31, 1.5],
					"cubes": [
						{"origin": [-4, 31, 1.5], "size": [0, 2, 2], "uv": [42, 60]}
					]
				},
				{
					"name": "fur",
					"parent": "torso",
					"pivot": [0, 14, 1.5]
				},
				{
					"name": "leg_fur_left",
					"parent": "fur",
					"pivot": [5, 8, 0],
					"rotation": [0, 0, -10],
					"cubes": [
						{"origin": [5, 5.5, -2.5], "size": [0, 3, 5], "uv": [28, 47]}
					]
				},
				{
					"name": "leg_fur_right",
					"parent": "fur",
					"pivot": [-5, 8, 0],
					"rotation": [0, 0, 10],
					"cubes": [
						{"origin": [-5, 5.5, -2.5], "size": [0, 3, 5], "uv": [48, 27]}
					]
				},
				{
					"name": "fur_front",
					"parent": "fur",
					"pivot": [0, 11.5, -5],
					"rotation": [-10, 0, 0]
				},
				{
					"name": "fur_back",
					"parent": "fur",
					"pivot": [0, 14, 5],
					"rotation": [10, 0, 0]
				},
				{
					"name": "fur_bottom",
					"parent": "fur",
					"pivot": [0, 7.25, 0],
					"cubes": [
						{"origin": [-3, 6, -2.5], "size": [6, 3, 5], "uv": [0, 21]}
					]
				},
				{
					"name": "fur_bottom2",
					"parent": "fur_bottom",
					"pivot": [0, 5.5, 0],
					"cubes": [
						{"origin": [-2.5, 2, 0], "size": [5, 4, 0], "uv": [56, 0]}
					]
				}
			]
		}
	]
}