{
	"format_version": "1.12.0",
	"minecraft:geometry": [
		{
			"description": {
				"identifier": "geometry.snowkie",
				"texture_width": 32,
				"texture_height": 32,
				"visible_bounds_width": 2,
				"visible_bounds_height": 2.5,
				"visible_bounds_offset": [0, 0.75, 0]
			},
			"bones": [
				{
					"name": "snowkie",
					"pivot": [0, 0, 0]
				},
				{
					"name": "body",
					"parent": "snowkie",
					"pivot": [0, 6, 0],
					"cubes": [
						{"origin": [-3, 3.025, -3], "size": [6, 6, 6], "uv": [0, 0]},
						{"origin": [-0.45, 6.3, -3.325], "size": [1, 1, 1], "uv": [14, 14]},
						{"origin": [-0.45004, 5.70057, -3.50035], "size": [1.0001, 1.0001, 1.0001], "pivot": [0.05001, 6.20062, -3.0003], "rotation": [-16.32495, 15.69986, 42.73421], "uv": [0, 4]}
					]
				},
				{
					"name": "rightleg",
					"parent": "body",
					"pivot": [-2, 3.05, 0],
					"cubes": [
						{"origin": [-2.5, 0.025, -0.5], "size": [1, 3, 1], "uv": [0, 14]},
						{"origin": [-3.5, 0.025, -1.5], "size": [3, 0, 3], "uv": [0, 12]}
					]
				},
				{
					"name": "leftleg",
					"parent": "body",
					"pivot": [2, 3.05, 0],
					"cubes": [
						{"origin": [0.5, 0.025, -1.5], "size": [3, 0, 3], "uv": [6, 12]},
						{"origin": [1.5, 0.025, -0.5], "size": [1, 3, 1], "uv": [0, 0]}
					]
				}
			]
		}
	]
}