{
	"format_version": "1.12.0",
	"minecraft:geometry": [
		{
			"description": {
				"identifier": "geometry.snonco",
				"texture_width": 128,
				"texture_height": 128,
				"visible_bounds_width": 4,
				"visible_bounds_height": 3.5,
				"visible_bounds_offset": [0, 1.25, 0]
			},
			"bones": [
				{
					"name": "snonco",
					"pivot": [0, 0, 0]
				},
				{
					"name": "bone",
					"parent": "snonco",
					"pivot": [0, 0, 0]
				},
				{
					"name": "bone2",
					"parent": "bone",
					"pivot": [0, 0, -8],
					"cubes": [
						{"origin": [-6, 7, -8], "size": [12, 5, 11], "uv": [59, 5]},
						{"origin": [-6, 0, -8], "size": [12, 7, 26], "uv": [0, 0]}
					]
				},
				{
					"name": "bone3",
					"parent": "bone",
					"pivot": [0, 12, -4],
					"cubes": [
						{"origin": [-4, 12, -8], "size": [8, 12, 8], "uv": [5, 40]}
					]
				},
				{
					"name": "head",
					"parent": "bone3",
					"pivot": [0, 24.5, -5],
					"cubes": [
						{"origin": [-5, 24, -10], "size": [10, 8, 10], "uv": [63, 39]},
						{"origin": [2, 32, -9], "size": [3, 7, 3], "uv": [88, 63]},
						{"origin": [-5, 32, -9], "size": [3, 7, 3], "uv": [88, 63], "mirror": true}
					]
				},
				{
					"name": "shell",
					"parent": "bone",
					"pivot": [0, 0, 0],
					"cubes": [
						{"origin": [-7, 7, 3], "size": [14, 8, 14], "uv": [10, 67]},
						{"origin": [-8, 15, 2], "size": [16, 14, 16], "uv": [54, 86]},
						{"origin": [5, 3, 3], "size": [2, 4, 2], "uv": [62, 70]},
						{"origin": [5, 3, 15], "size": [2, 4, 2], "uv": [62, 70]},
						{"origin": [-7, 3, 15], "size": [2, 4, 2], "uv": [62, 70]},
						{"origin": [-7, 3, 3], "size": [2, 4, 2], "uv": [62, 70]}
					]
				}
			]
		}
	]
}