{
	"format_version": "1.12.0",
	"minecraft:geometry": [
		{
			"description": {
				"identifier": "geometry.sparkulus",
				"texture_width": 32,
				"texture_height": 32,
				"visible_bounds_width": 3,
				"visible_bounds_height": 2.5,
				"visible_bounds_offset": [0, 0.75, 0]
			},
			"bones": [
				{
					"name": "sparkulus",
					"pivot": [0, 0, 0]
				},
				{
					"name": "body",
					"parent": "sparkulus",
					"pivot": [0, 10.5, 0]
				},
				{
					"name": "head",
					"parent": "body",
					"pivot": [0, 10.25, 3.5],
					"cubes": [
						{"origin": [-3.5, 7, -3.5], "size": [7, 7, 7], "uv": [0, 0]}
					]
				},
				{
					"name": "flame",
					"parent": "head",
					"pivot": [0, 10.5, 3.53571],
					"cubes": [
						{"origin": [-1.5, 9, 3.5], "size": [3, 3, 2], "uv": [0, 14]},
						{"origin": [1, 10, 4.25], "size": [1, 1, 3], "uv": [0, 19]},
						{"origin": [-0.5, 11.25, 4.25], "size": [1, 1, 3], "uv": [8, 19]},
						{"origin": [-0.5, 8.75, 4.25], "size": [1, 1, 3], "uv": [16, 19]},
						{"origin": [-0.5, 10, 8.5], "size": [1, 1, 2], "uv": [0, 23]},
						{"origin": [-1, 9.5, 5.5], "size": [2, 2, 3], "uv": [10, 14]},
						{"origin": [-2, 10, 4.25], "size": [1, 1, 3], "uv": [0, 19], "mirror": true}
					]
				},
				{
					"name": "teef",
					"parent": "head",
					"pivot": [0, 9, -5]
				},
				{
					"name": "fang1",
					"parent": "teef",
					"pivot": [-2.8, 8.875, -5],
					"cubes": [
						{"origin": [-3.725, 7, -5.625], "size": [1, 2, 2], "pivot": [-3.05, 8.875, -5], "rotation": [0, -90, 0], "uv": [20, 14]},
						{"origin": [-4.11235, 5.8183, -5.375], "size": [1, 2, 1], "pivot": [-3.05, 8.875, -5], "rotation": [90, -70, -90], "uv": [6, 23], "mirror": true}
					]
				},
				{
					"name": "fang2",
					"parent": "teef",
					"pivot": [2.8, 8.875, -5],
					"cubes": [
						{"origin": [3.11235, 5.8183, -5.375], "size": [1, 2, 1], "pivot": [3.05, 8.875, -5], "rotation": [90, 70, 90], "uv": [6, 23]},
						{"origin": [2.725, 7, -5.625], "size": [1, 2, 2], "pivot": [3.05, 8.875, -5], "rotation": [0, 90, 0], "uv": [20, 14], "mirror": true}
					]
				},
				{
					"name": "eye",
					"parent": "head",
					"pivot": [0, 10.5, -3.6],
					"cubes": [
						{"origin": [-3.5, 7, -3.6], "size": [7, 7, 0], "uv": [10, 23]}
					]
				}
			]
		}
	]
}