{
	"format_version": "1.12.0",
	"minecraft:geometry": [
		{
			"description": {
				"identifier": "geometry.omanyte",
				"texture_width": 64,
				"texture_height": 64,
				"visible_bounds_width": 3,
				"visible_bounds_height": 3.5,
				"visible_bounds_offset": [0, 1.25, 0]
			},
			"bones": [
				{
					"name": "lordhelix",
					"pivot": [0, 0, 0]
				},
				{
					"name": "body",
					"parent": "lordhelix",
					"pivot": [0, 0, 0]
				},
				{
					"name": "shell",
					"parent": "body",
					"pivot": [0, 4, -2.75],
					"rotation": [-10, 0, 0],
					"cubes": [
						{"origin": [-3, 2, -1.75], "size": [6, 8, 9], "inflate": 0.02, "pivot": [0, 6, 4.25], "rotation": [-22.5, 0, 0], "uv": [0, 0]},
						{"origin": [-3.5, 1.45, -1.8], "size": [7, 2, 7], "inflate": 0.02, "pivot": [0, 6, 4.25], "rotation": [-22.5, 0, 0], "uv": [0, 17]},
						{"origin": [-3, 1.48, -1.35], "size": [6, 0, 6], "inflate": 0.02, "pivot": [0, 6, 4.15], "rotation": [-22.5, 0, 0], "uv": [15, 0]},
						{"origin": [-0.5, 1.15, -1.89], "size": [1, 1, 1], "inflate": 0.021, "pivot": [0, 5.75, 4.25], "rotation": [-22.5, 0, 0], "uv": [7, 27]}
					]
				},
				{
					"name": "torso",
					"parent": "body",
					"pivot": [0, 4, -3],
					"cubes": [
						{"origin": [-3, 0, -2], "size": [6, 4, 4], "uv": [24, 22]}
					]
				},
				{
					"name": "eyes",
					"parent": "torso",
					"pivot": [0, 2.5, -1.75]
				},
				{
					"name": "eye_right",
					"parent": "eyes",
					"pivot": [-1.65, 2.55, -1.75],
					"cubes": [
						{"origin": [-2.6, 1.5, -2.5], "size": [2, 2, 1], "uv": [18, 26]}
					]
				},
				{
					"name": "open_pupil_right",
					"parent": "eye_right",
					"pivot": [-1.65, 2.55, -2.32],
					"cubes": [
						{"origin": [-2.6, 1.8, -2.52], "size": [2, 1, 0], "uv": [0, 31]}
					]
				},
				{
					"name": "eye_left",
					"parent": "eyes",
					"pivot": [1.65, 2.55, -1.75],
					"cubes": [
						{"origin": [0.6, 1.5, -2.5], "size": [2, 2, 1], "uv": [12, 26]}
					]
				},
				{
					"name": "open_pupil_left",
					"parent": "eye_left",
					"pivot": [1.65, 2.55, -2.32],
					"cubes": [
						{"origin": [0.6, 1.8, -2.52], "size": [2, 1, 0], "uv": [0, 30]}
					]
				},
				{
					"name": "right_hand",
					"parent": "torso",
					"pivot": [-3, 2, -1],
					"cubes": [
						{"origin": [-5.75, 1, -1], "size": [3, 4, 0], "uv": [0, 26]}
					]
				},
				{
					"name": "left_hand",
					"parent": "torso",
					"pivot": [3, 2, -1],
					"cubes": [
						{"origin": [3, 1, -1], "size": [3, 4, 0], "uv": [0, 20]}
					]
				},
				{
					"name": "front_legs",
					"parent": "torso",
					"pivot": [0, 0, -2]
				},
				{
					"name": "front_leg_left",
					"parent": "front_legs",
					"pivot": [2.05, 0.1, -2],
					"cubes": [
						{"origin": [1, 0, -4], "size": [2, 0, 2], "uv": [19, 18]}
					]
				},
				{
					"name": "front_leg_middle",
					"parent": "front_legs",
					"pivot": [0.05, 0.1, -2],
					"cubes": [
						{"origin": [-1, 0, -4], "size": [2, 0, 2], "uv": [19, 7]}
					]
				},
				{
					"name": "front_leg_right",
					"parent": "front_legs",
					"pivot": [-1.95, 0.1, -2],
					"cubes": [
						{"origin": [-3, 0, -4], "size": [2, 0, 2], "uv": [1, 18]}
					]
				},
				{
					"name": "back_legs",
					"parent": "torso",
					"pivot": [0, 0, 2]
				},
				{
					"name": "back_leg_left",
					"parent": "back_legs",
					"pivot": [2, 0, 2],
					"cubes": [
						{"origin": [1, 0, 2], "size": [2, 0, 2], "uv": [1, 6]}
					]
				},
				{
					"name": "back_leg_middle",
					"parent": "back_legs",
					"pivot": [0, 0, 2],
					"cubes": [
						{"origin": [-1, 0, 2], "size": [2, 0, 2], "uv": [1, 0]}
					]
				},
				{
					"name": "back_leg_right",
					"parent": "back_legs",
					"pivot": [-2, 0, 2],
					"cubes": [
						{"origin": [-3, 0, 2], "size": [2, 0, 2], "uv": [1, 3]}
					]
				},
				{
					"name": "right_legs",
					"parent": "torso",
					"pivot": [-2.95, 0, 0]
				},
				{
					"name": "right_back_leg",
					"parent": "right_legs",
					"pivot": [-3, 0, 1],
					"cubes": [
						{"origin": [-5, 0.01, 0], "size": [2, 0, 2], "uv": [23, 6]}
					]
				},
				{
					"name": "right_front_leg",
					"parent": "right_legs",
					"pivot": [-3, 0, -1],
					"cubes": [
						{"origin": [-5, 0.01, -2], "size": [2, 0, 2], "uv": [23, 17]}
					]
				},
				{
					"name": "left_legs",
					"parent": "torso",
					"pivot": [3, 0, 0]
				},
				{
					"name": "left_back_leg",
					"parent": "left_legs",
					"pivot": [3, 0, 1],
					"cubes": [
						{"origin": [3, 0, 0], "size": [2, 0, 2], "uv": [23, 6], "mirror": true}
					]
				},
				{
					"name": "left_front_leg",
					"parent": "left_legs",
					"pivot": [3, 0, -1],
					"cubes": [
						{"origin": [3, 0, -2], "size": [2, 0, 2], "uv": [23, 17], "mirror": true}
					]
				},
				{
					"name": "ring",
					"parent": "body",
					"pivot": [0, 14.5, -5],
					"cubes": [
						{"origin": [-4.5, 10, -5], "size": [9, 9, 0], "pivot": [0, 14.5, -5], "rotation": [0, 0, 45], "uv": [0, 32]},
						{"origin": [-5.5, 19, -5.5], "size": [11, 1, 1], "pivot": [0, 14.5, -5.5], "rotation": [0, 0, 45], "uv": [18, 34]},
						{"origin": [2.5, 19, -5.52], "size": [1, 2, 0], "pivot": [0, 14.5, -5.5], "rotation": [0, 0, 45], "uv": [0, 42]},
						{"origin": [1.6, 19.8, -5.53], "size": [2, 1, 0], "pivot": [-0.9, 14.3, -5.5], "rotation": [0, 0, 45], "uv": [0, 42]},
						{"origin": [-0.5, 19, -5.52], "size": [1, 2, 0], "pivot": [0, 14.5, -5.5], "rotation": [0, 0, 45], "uv": [0, 42]},
						{"origin": [-1, 20.2, -5.53], "size": [2, 1, 0], "pivot": [-0.5, 14.7, -5.5], "rotation": [0, 0, 45], "uv": [0, 44]},
						{"origin": [-3.5, 19, -5.52], "size": [1, 2, 0], "pivot": [0, 14.5, -5.5], "rotation": [0, 0, 45], "uv": [0, 42]},
						{"origin": [-4, 20.2, -5.53], "size": [2, 1, 0], "pivot": [-0.5, 14.7, -5.5], "rotation": [0, 0, 45], "uv": [0, 42]},
						{"origin": [4.5, 10, -5.5], "size": [1, 9, 1], "pivot": [0, 14.5, -5.5], "rotation": [0, 0, 45], "uv": [18, 36]},
						{"origin": [4.2, 10.6, -5.52], "size": [1, 2, 0], "pivot": [-0.3, 14.1, -5.5], "rotation": [0, 0, 45], "uv": [0, 42]},
						{"origin": [3.7, 10.4, -5.53], "size": [2, 1, 0], "pivot": [0.2, 13.9, -5.5], "rotation": [0, 0, 45], "uv": [0, 42]},
						{"origin": [4.5, 17, -5.52], "size": [2, 1, 0], "pivot": [0, 14.5, -5.5], "rotation": [0, 0, 45], "uv": [0, 44]},
						{"origin": [4.2, 13.6, -5.52], "size": [1, 2, 0], "pivot": [-0.3, 14.1, -5.5], "rotation": [0, 0, 45], "uv": [0, 42]},
						{"origin": [3.7, 14.8, -5.53], "size": [2, 1, 0], "pivot": [-0.8, 14.3, -5.5], "rotation": [0, 0, 45], "uv": [0, 42]},
						{"origin": [4.6, 17.2, -5.53], "size": [1, 2, 0], "pivot": [-0.9, 14.7, -5.5], "rotation": [0, 0, 45], "uv": [0, 42]},
						{"origin": [-5.5, 9, -5.5], "size": [11, 1, 1], "pivot": [0, 14.5, -5.5], "rotation": [0, 0, 45], "uv": [18, 32]},
						{"origin": [-3.5, 8, -5.52], "size": [1, 2, 0], "pivot": [0, 14.5, -5.5], "rotation": [0, 0, 45], "uv": [0, 42]},
						{"origin": [-3.7, 9.4, -5.53], "size": [1, 1, 0], "pivot": [-0.2, 14.9, -5.5], "rotation": [0, 0, 45], "uv": [0, 42]},
						{"origin": [-4.3, 8.4, -5.53], "size": [1, 1, 0], "pivot": [-0.8, 13.9, -5.5], "rotation": [0, 0, 45], "uv": [0, 45]},
						{"origin": [-0.9, 9.3, -5.52], "size": [2, 1, 0], "pivot": [-0.4, 14.8, -5.5], "rotation": [0, 0, 45], "uv": [0, 44]},
						{"origin": [-1.1, 8.8, -5.53], "size": [1, 2, 0], "pivot": [-0.6, 14.3, -5.5], "rotation": [0, 0, 45], "uv": [0, 42]},
						{"origin": [2.1, 9.3, -5.52], "size": [2, 1, 0], "pivot": [-0.4, 14.8, -5.5], "rotation": [0, 0, 45], "uv": [0, 44]},
						{"origin": [2.6, 9.1, -5.53], "size": [1, 2, 0], "pivot": [-0.9, 14.6, -5.5], "rotation": [0, 0, 45], "uv": [0, 42]},
						{"origin": [-5.5, 10, -5.5], "size": [1, 9, 1], "pivot": [0, 14.5, -5.5], "rotation": [0, 0, 45], "uv": [22, 36]},
						{"origin": [-6.5, 17, -5.52], "size": [2, 1, 0], "pivot": [0, 14.5, -5.5], "rotation": [0, 0, 45], "uv": [0, 44]},
						{"origin": [-6.3, 16.1, -5.53], "size": [1, 2, 0], "pivot": [0.2, 13.6, -5.5], "rotation": [0, 0, 45], "uv": [0, 42]},
						{"origin": [-6.5, 14, -5.52], "size": [2, 1, 0], "pivot": [0, 14.5, -5.5], "rotation": [0, 0, 45], "uv": [0, 44]},
						{"origin": [-6.7, 13.5, -5.53], "size": [1, 2, 0], "pivot": [-0.2, 14, -5.5], "rotation": [0, 0, 45], "uv": [0, 42]},
						{"origin": [-7, 10.5, -5.52], "size": [2, 1, 0], "pivot": [-0.5, 14, -5.5], "rotation": [0, 0, 45], "uv": [0, 44]},
						{"origin": [-6, 11.5, -5.52], "size": [2, 1, 0], "pivot": [0.5, 15, -5.5], "rotation": [0, 0, 45], "uv": [0, 44]},
						{"origin": [-7, 11.5, -5.53], "size": [1, 1, 0], "pivot": [-0.5, 15, -5.5], "rotation": [0, 0, 45], "uv": [0, 44]},
						{"origin": [-6, 10.5, -5.53], "size": [1, 1, 0], "pivot": [0.5, 14, -5.5], "rotation": [0, 0, 45], "uv": [0, 43]}
					]
				}
			]
		}
	]
}