{
	"format_version": "1.12.0",
	"minecraft:geometry": [
		{
			"description": {
				"identifier": "geometry.machamp",
				"texture_width": 128,
				"texture_height": 128,
				"visible_bounds_width": 5,
				"visible_bounds_height": 4.5,
				"visible_bounds_offset": [0, 1.75, 0]
			},
			"bones": [
				{
					"name": "musclekarp",
					"pivot": [0, -0.5, 0]
				},
				{
					"name": "body",
					"parent": "musclekarp",
					"pivot": [0, -0.5, 0]
				},
				{
					"name": "torso",
					"parent": "body",
					"pivot": [0, 14.5, 0],
					"cubes": [
						{"origin": [-4, 12.75, -2.5], "size": [8, 4, 5], "inflate": 0.01, "uv": [21, 23]},
						{"origin": [-2, 14.75, -3], "size": [4, 1, 1], "inflate": 0.01, "uv": [28, 62]},
						{"origin": [-2, 12.75, -3], "size": [4, 1, 1], "inflate": 0.01, "uv": [28, 64]},
						{"origin": [-2, 10.75, -2.5], "size": [4, 2, 5], "uv": [26, 16]}
					]
				},
				{
					"name": "tail_back",
					"parent": "torso",
					"pivot": [0, 16, 1],
					"rotation": [-30, 0, 0],
					"cubes": [
						{"origin": [-3, 13, 0], "size": [6, 4, 10], "uv": [28, 48]},
						{"origin": [-1, 15, 6], "size": [2, 2, 5], "pivot": [0, 17, 6], "rotation": [15, 0, 0], "uv": [14, 56]}
					]
				},
				{
					"name": "tail_back2",
					"parent": "tail_back",
					"pivot": [0, 13, 10],
					"rotation": [40, 0, 0],
					"cubes": [
						{"origin": [-2, 13, 10], "size": [4, 4, 7], "uv": [0, 63]},
						{"origin": [-1, 13, 17], "size": [2, 4, 1], "uv": [0, 62]}
					]
				},
				{
					"name": "tail_back3",
					"parent": "tail_back2",
					"pivot": [0, 15, 18],
					"cubes": [
						{"origin": [0, 8, 18], "size": [0, 14, 6], "uv": [78, 10]}
					]
				},
				{
					"name": "chest",
					"parent": "torso",
					"pivot": [0, 16.25, 0.5],
					"cubes": [
						{"origin": [-1.5, 24.25, -1.75], "size": [3, 4, 3], "uv": [22, 68]},
						{"origin": [-5, 16.25, -4.25], "size": [10, 8, 8], "uv": [0, 0]},
						{"origin": [-2, 16.55, -4.65], "size": [4, 1, 1], "uv": [27, 66]},
						{"origin": [2, 19.25, -4.75], "size": [3, 4, 1], "uv": [15, 63]},
						{"origin": [-5, 19.25, -4.75], "size": [3, 4, 1], "uv": [15, 63], "mirror": true},
						{"origin": [4.5, 19.25, -4.55], "size": [1, 4, 1], "inflate": -0.01, "uv": [23, 63]},
						{"origin": [-5.5, 19.25, -4.55], "size": [1, 4, 1], "inflate": -0.01, "uv": [23, 63], "mirror": true}
					]
				},
				{
					"name": "head",
					"parent": "chest",
					"pivot": [0, 22.75, -3]
				},
				{
					"name": "head_correction",
					"parent": "head",
					"pivot": [0, 22.75, -3]
				},
				{
					"name": "head_ai",
					"parent": "head_correction",
					"pivot": [0, 23.95, 0]
				},
				{
					"name": "head_angle",
					"parent": "head_ai",
					"pivot": [0, 44, 0],
					"cubes": [
						{"origin": [-2.5, 24, -4.5], "size": [5, 11, 5], "inflate": 0.01, "uv": [50, 0]},
						{"origin": [-2, 25, -6.5], "size": [4, 9, 2], "uv": [90, 18]},
						{"origin": [-2, 30, -7.25], "size": [4, 1, 1], "inflate": 0.01, "uv": [65, 2]},
						{"origin": [-2, 27, -7.25], "size": [1, 3, 1], "inflate": 0.01, "uv": [50, 16]},
						{"origin": [1, 27, -7.25], "size": [1, 3, 1], "inflate": 0.01, "uv": [60, 16]},
						{"origin": [-2, 26, -7.25], "size": [4, 1, 1], "inflate": 0.01, "uv": [65, 0]},
						{"origin": [0, 35, -3], "size": [0, 7, 7], "pivot": [0, 35, -2], "rotation": [-10, 0, 0], "uv": [64, 9]}
					]
				},
				{
					"name": "eyes",
					"parent": "head_angle",
					"pivot": [0, 47.25, -4]
				},
				{
					"name": "eye_right",
					"parent": "eyes",
					"pivot": [-2.515, 47.25, -3],
					"cubes": [
						{"origin": [-2.515, 29.75, -4.5], "size": [0, 3, 3], "uv": [85, -3]}
					]
				},
				{
					"name": "eyelid_right",
					"parent": "eye_right",
					"pivot": [-1.915, 47.25, -2.905],
					"cubes": [
						{"origin": [-2.415, 29.75, -4.405], "size": [1, 3, 3], "inflate": 0.01, "uv": [28, 0]}
					]
				},
				{
					"name": "eye_left",
					"parent": "eyes",
					"pivot": [2.515, 47.25, -3],
					"cubes": [
						{"origin": [2.515, 29.75, -4.5], "size": [0, 3, 3], "uv": [91, -3]}
					]
				},
				{
					"name": "eyelid_left",
					"parent": "eye_left",
					"pivot": [1.915, 47.25, -2.905],
					"cubes": [
						{"origin": [1.415, 29.75, -4.405], "size": [1, 3, 3], "inflate": 0.01, "uv": [18, 18]}
					]
				},
				{
					"name": "whisker_right",
					"parent": "head_angle",
					"pivot": [-2, 45, -5],
					"rotation": [-15, 0, -45],
					"cubes": [
						{"origin": [-16.31371, 33.0718, -2.0718], "size": [4, 1, 0], "uv": [102, 21]}
					]
				},
				{
					"name": "whisker_right2",
					"parent": "whisker_right",
					"pivot": [-5, 45, -5],
					"rotation": [0, 0, -15],
					"cubes": [
						{"origin": [-24.75663, 36.37237, -2.0718], "size": [6, 1, 0], "inflate": 0.01, "uv": [102, 19]}
					]
				},
				{
					"name": "whisker_right3",
					"parent": "whisker_right2",
					"pivot": [-11, 44, -5],
					"rotation": [0, 0, 15],
					"cubes": [
						{"origin": [-25.31371, 33.0718, -2.0718], "size": [3, 1, 0], "uv": [102, 20]}
					]
				},
				{
					"name": "whisker_left",
					"parent": "head_angle",
					"pivot": [2, 45, -5],
					"rotation": [-15, 0, 45],
					"cubes": [
						{"origin": [12.31371, 33.0718, -2.0718], "size": [4, 1, 0], "uv": [102, 24]}
					]
				},
				{
					"name": "whisker_left2",
					"parent": "whisker_left",
					"pivot": [5, 45, -5],
					"rotation": [0, 0, 15],
					"cubes": [
						{"origin": [18.75663, 36.37237, -2.0718], "size": [6, 1, 0], "inflate": 0.01, "uv": [102, 22]}
					]
				},
				{
					"name": "whisker_left3",
					"parent": "whisker_left2",
					"pivot": [11, 44, -5],
					"rotation": [0, 0, -15],
					"cubes": [
						{"origin": [22.31371, 33.0718, -2.0718], "size": [3, 1, 0], "uv": [102, 23]}
					]
				},
				{
					"name": "fin_right",
					"parent": "head_angle",
					"pivot": [-2.5, 44, -2],
					"rotation": [0, -30, 0],
					"cubes": [
						{"origin": [-2.5, 25, -2], "size": [0, 6, 8], "uv": [90, -2]}
					]
				},
				{
					"name": "fin_left",
					"parent": "head_angle",
					"pivot": [2.5, 44, -2],
					"rotation": [0, 30, 0],
					"cubes": [
						{"origin": [2.5, 25, -2], "size": [0, 6, 8], "uv": [90, 4]}
					]
				},
				{
					"name": "tail",
					"parent": "head_angle",
					"pivot": [0, 45.5, -0.5],
					"cubes": [
						{"origin": [-2.5, 24, -0.5], "size": [5, 11, 5], "uv": [70, 0]}
					]
				},
				{
					"name": "tail2",
					"parent": "tail",
					"pivot": [0, 45.5, 4],
					"cubes": [
						{"origin": [-1.5, 25, 3], "size": [3, 9, 4], "uv": [50, 16]}
					]
				},
				{
					"name": "tail3",
					"parent": "tail2",
					"pivot": [0, 45.5, 7],
					"cubes": [
						{"origin": [0, 22.5, 7], "size": [0, 14, 6], "uv": [78, 10]}
					]
				},
				{
					"name": "arm_right",
					"parent": "chest",
					"pivot": [-5, 24.25, -1.5],
					"cubes": [
						{"origin": [-10, 19.75, -3.5], "size": [5, 5, 4], "inflate": 0.01, "uv": [24, 32]},
						{"origin": [-14, 19.75, -3.5], "size": [4, 4, 4], "uv": [22, 48]}
					]
				},
				{
					"name": "forearm_right",
					"parent": "arm_right",
					"pivot": [-14, 21.5, 0.5],
					"cubes": [
						{"origin": [-21, 20, -3.5], "size": [7, 3, 4], "uv": [0, 49]}
					]
				},
				{
					"name": "hand_right",
					"parent": "forearm_right",
					"pivot": [-21, 21.5, -1.25],
					"rotation": [0, 0, 0],
					"cubes": [
						{"origin": [-24, 20.5, -3.25], "size": [3, 2, 4], "uv": [0, 56]}
					]
				},
				{
					"name": "finger_index_right",
					"parent": "hand_right",
					"pivot": [-24, 22.5, -2.75],
					"cubes": [
						{"origin": [-26, 21.5, -3.25], "size": [2, 1, 1], "inflate": 0.01, "uv": [0, 31]}
					]
				},
				{
					"name": "finger_index_right2",
					"parent": "finger_index_right",
					"pivot": [-26, 22.5, -2.75],
					"cubes": [
						{"origin": [-28, 21.5, -3.25], "size": [2, 1, 1], "uv": [0, 29]}
					]
				},
				{
					"name": "finger_middle_right",
					"parent": "hand_right",
					"pivot": [-24, 22.5, -1.75],
					"cubes": [
						{"origin": [-26, 21.5, -2.25], "size": [2, 1, 1], "inflate": 0.01, "uv": [14, 37]}
					]
				},
				{
					"name": "finger_middle_right2",
					"parent": "finger_middle_right",
					"pivot": [-26, 22.5, -1.75],
					"cubes": [
						{"origin": [-28, 21.5, -2.25], "size": [2, 1, 1], "uv": [0, 4]}
					]
				},
				{
					"name": "finger_ring_right",
					"parent": "hand_right",
					"pivot": [-24, 22.5, -0.75],
					"cubes": [
						{"origin": [-26, 21.5, -1.25], "size": [2, 1, 1], "inflate": 0.01, "uv": [0, 27]}
					]
				},
				{
					"name": "finger_ring_right2",
					"parent": "finger_ring_right",
					"pivot": [-26, 22.5, -0.75],
					"cubes": [
						{"origin": [-28, 21.5, -1.25], "size": [2, 1, 1], "uv": [14, 39]}
					]
				},
				{
					"name": "finger_pinky_right",
					"parent": "hand_right",
					"pivot": [-24, 22.5, 0.25],
					"cubes": [
						{"origin": [-26, 21.5, -0.25], "size": [2, 1, 1], "inflate": 0.01, "uv": [0, 6]}
					]
				},
				{
					"name": "finger_pinky_right2",
					"parent": "finger_pinky_right",
					"pivot": [-26, 22.5, 0.25],
					"cubes": [
						{"origin": [-28, 21.5, -0.25], "size": [2, 1, 1], "uv": [0, 0]}
					]
				},
				{
					"name": "thumb_right",
					"parent": "hand_right",
					"pivot": [-23.5, 21, -3],
					"cubes": [
						{"origin": [-25, 20.5, -3.5], "size": [2, 1, 1], "inflate": 0.01, "uv": [0, 2]}
					]
				},
				{
					"name": "thumb_right2",
					"parent": "thumb_right",
					"pivot": [-25, 21, -3.5],
					"cubes": [
						{"origin": [-26, 20.5, -3.5], "size": [1, 1, 1], "uv": [22, 16]}
					]
				},
				{
					"name": "arm_left",
					"parent": "chest",
					"pivot": [5, 24.25, -1.5],
					"cubes": [
						{"origin": [5, 19.75, -3.5], "size": [5, 5, 4], "inflate": 0.01, "uv": [24, 32], "mirror": true},
						{"origin": [10, 19.75, -3.5], "size": [4, 4, 4], "uv": [22, 48], "mirror": true}
					]
				},
				{
					"name": "forearm_left",
					"parent": "arm_left",
					"pivot": [14, 21.5, 0.5],
					"cubes": [
						{"origin": [14, 20, -3.5], "size": [7, 3, 4], "uv": [0, 49], "mirror": true}
					]
				},
				{
					"name": "hand_left",
					"parent": "forearm_left",
					"pivot": [21, 21.5, -1.25],
					"rotation": [0, 0, 0],
					"cubes": [
						{"origin": [21, 20.5, -3.25], "size": [3, 2, 4], "uv": [0, 56], "mirror": true}
					]
				},
				{
					"name": "finger_index_left",
					"parent": "hand_left",
					"pivot": [24, 22.5, -2.75],
					"cubes": [
						{"origin": [24, 21.5, -3.25], "size": [2, 1, 1], "inflate": 0.01, "uv": [0, 31], "mirror": true}
					]
				},
				{
					"name": "finger_index_left2",
					"parent": "finger_index_left",
					"pivot": [26, 22.5, -2.75],
					"cubes": [
						{"origin": [26, 21.5, -3.25], "size": [2, 1, 1], "uv": [0, 29], "mirror": true}
					]
				},
				{
					"name": "finger_middle_left",
					"parent": "hand_left",
					"pivot": [24, 22.5, -1.75],
					"cubes": [
						{"origin": [24, 21.5, -2.25], "size": [2, 1, 1], "inflate": 0.01, "uv": [14, 37], "mirror": true}
					]
				},
				{
					"name": "finger_middle_left2",
					"parent": "finger_middle_left",
					"pivot": [26, 22.5, -1.75],
					"cubes": [
						{"origin": [26, 21.5, -2.25], "size": [2, 1, 1], "uv": [0, 4], "mirror": true}
					]
				},
				{
					"name": "finger_ring_left",
					"parent": "hand_left",
					"pivot": [24, 22.5, -0.75],
					"cubes": [
						{"origin": [24, 21.5, -1.25], "size": [2, 1, 1], "inflate": 0.01, "uv": [0, 27], "mirror": true}
					]
				},
				{
					"name": "finger_ring_left2",
					"parent": "finger_ring_left",
					"pivot": [26, 22.5, -0.75],
					"cubes": [
						{"origin": [26, 21.5, -1.25], "size": [2, 1, 1], "uv": [14, 39], "mirror": true}
					]
				},
				{
					"name": "finger_pinky_left",
					"parent": "hand_left",
					"pivot": [24, 22.5, 0.25],
					"cubes": [
						{"origin": [24, 21.5, -0.25], "size": [2, 1, 1], "inflate": 0.01, "uv": [0, 6], "mirror": true}
					]
				},
				{
					"name": "finger_pinky_left2",
					"parent": "finger_pinky_left",
					"pivot": [26, 22.5, 0.25],
					"cubes": [
						{"origin": [26, 21.5, -0.25], "size": [2, 1, 1], "uv": [0, 0], "mirror": true}
					]
				},
				{
					"name": "thumb_left",
					"parent": "hand_left",
					"pivot": [23.5, 21, -3],
					"cubes": [
						{"origin": [23, 20.5, -3.5], "size": [2, 1, 1], "inflate": 0.01, "uv": [0, 2], "mirror": true}
					]
				},
				{
					"name": "thumb_left2",
					"parent": "thumb_left",
					"pivot": [25, 21, -3.5],
					"cubes": [
						{"origin": [25, 20.5, -3.5], "size": [1, 1, 1], "uv": [22, 16], "mirror": true}
					]
				},
				{
					"name": "leg_right",
					"parent": "body",
					"pivot": [-2.5, 12.5, 0],
					"rotation": [-10, 2.5, 10],
					"cubes": [
						{"origin": [-4.5, 6.5, -2], "size": [4, 7, 4], "uv": [38, 37]}
					]
				},
				{
					"name": "leg_right2",
					"parent": "leg_right",
					"pivot": [-2.5, 6.5, -2],
					"rotation": [27.5, 0, 0],
					"cubes": [
						{"origin": [-4, -0.5, -2], "size": [3, 7, 4], "uv": [36, 5]}
					]
				},
				{
					"name": "foot_right",
					"parent": "leg_right2",
					"pivot": [-2.5, 0.5, 0],
					"rotation": [-17.5, 0, -10],
					"cubes": [
						{"origin": [-4.5, -1.5, -2.75], "size": [4, 2, 5], "inflate": 0.01, "uv": [14, 41]}
					]
				},
				{
					"name": "toe_right1",
					"parent": "foot_right",
					"pivot": [-1.5, -1.5, -2.75],
					"rotation": [0, -5, 0],
					"cubes": [
						{"origin": [-1.5, -1.5, -4.5], "size": [1, 2, 2], "uv": [0, 74]}
					]
				},
				{
					"name": "toe_right3",
					"parent": "foot_right",
					"pivot": [-2.5, -1.5, -2.45],
					"cubes": [
						{"origin": [-3, -1.5, -5.45], "size": [1, 2, 3], "uv": [6, 74]}
					]
				},
				{
					"name": "toe_right2",
					"parent": "foot_right",
					"pivot": [-3.5, -1.5, -2.75],
					"rotation": [0, 5, 0],
					"cubes": [
						{"origin": [-4.5, -1.5, -4.5], "size": [1, 2, 2], "uv": [14, 74]},
						{"origin": [-4, -0.5, -4.15], "size": [3, 0, 2], "uv": [18, 75]}
					]
				},
				{
					"name": "leg_left",
					"parent": "body",
					"pivot": [2.5, 12.5, 0],
					"rotation": [-10, -2.5, -10],
					"cubes": [
						{"origin": [0.5, 6.5, -2], "size": [4, 7, 4], "uv": [38, 37], "mirror": true}
					]
				},
				{
					"name": "leg_left2",
					"parent": "leg_left",
					"pivot": [2.5, 6.5, -2],
					"rotation": [27.5, 0, 0],
					"cubes": [
						{"origin": [1, -0.5, -2], "size": [3, 7, 4], "uv": [36, 5], "mirror": true}
					]
				},
				{
					"name": "foot_left",
					"parent": "leg_left2",
					"pivot": [2.5, 0.5, 0],
					"rotation": [-17.5, 0, 10],
					"cubes": [
						{"origin": [0.5, -1.5, -2.75], "size": [4, 2, 5], "inflate": 0.01, "uv": [14, 41], "mirror": true}
					]
				},
				{
					"name": "toe_left1",
					"parent": "foot_left",
					"pivot": [1.5, -1.5, -2.75],
					"rotation": [0, 5, 0],
					"cubes": [
						{"origin": [0.5, -1.5, -4.5], "size": [1, 2, 2], "uv": [0, 74], "mirror": true}
					]
				},
				{
					"name": "toe_left2",
					"parent": "foot_left",
					"pivot": [3.5, -1.5, -2.75],
					"rotation": [0, -5, 0],
					"cubes": [
						{"origin": [3.5, -1.5, -4.5], "size": [1, 2, 2], "uv": [14, 74], "mirror": true}
					]
				},
				{
					"name": "toe_left3",
					"parent": "foot_left",
					"pivot": [2.5, -1.5, -2.45],
					"cubes": [
						{"origin": [2, -1.5, -5.45], "size": [1, 2, 3], "uv": [6, 74], "mirror": true},
						{"origin": [1, -0.5, -4.15], "size": [3, 0, 2], "uv": [18, 75], "mirror": true}
					]
				}
			]
		}
	]
}