{
	"format_version": "1.12.0",
	"minecraft:geometry": [
		{
			"description": {
				"identifier": "geometry.purrloin",
				"texture_width": 64,
				"texture_height": 64,
				"visible_bounds_width": 2,
				"visible_bounds_height": 3.5,
				"visible_bounds_offset": [0, 1.25, 0]
			},
			"bones": [
				{
					"name": "sphytty",
					"pivot": [0, 0, 0]
				},
				{
					"name": "body",
					"parent": "sphytty",
					"pivot": [0, 11, 0]
				},
				{
					"name": "torso",
					"parent": "body",
					"pivot": [0, 8, 0],
					"cubes": [
						{"origin": [-3, 6, -2.5], "size": [6, 5, 5], "inflate": 0.01, "uv": [0, 17]}
					]
				},
				{
					"name": "chest",
					"parent": "torso",
					"pivot": [0, 11, 0],
					"cubes": [
						{"origin": [-2.5, 10, -2], "size": [5, 6, 4], "uv": [22, 22]},
						{"origin": [-0.5, 14.4, -2.01], "size": [1, 1, 0], "uv": [10, 59]}
					]
				},
				{
					"name": "arm_right",
					"parent": "chest",
					"pivot": [-2.5, 14.5, 0],
					"cubes": [
						{"origin": [-6.5, 13.5, -1], "size": [5, 2, 2], "inflate": 0.01, "uv": [28, 2]}
					]
				},
				{
					"name": "arm_right2",
					"parent": "arm_right",
					"pivot": [-6.5, 13.5, 1],
					"cubes": [
						{"origin": [-9.5, 13.5, -1], "size": [3, 2, 2], "uv": [40, 4]}
					]
				},
				{
					"name": "hand_right",
					"parent": "arm_right2",
					"pivot": [-9.5, 14.5, 0],
					"cubes": [
						{"origin": [-11.5, 13.5, -1], "size": [2, 2, 2], "inflate": 0.01, "uv": [40, 0]},
						{"origin": [-12.5, 14, 0], "size": [1, 1, 0], "inflate": 0.01, "uv": [1, 47], "mirror": true},
						{"origin": [-11.5, 13.5, -0.5], "size": [1, 2, 1], "inflate": 0.015, "uv": [17, 17], "mirror": true}
					]
				},
				{
					"name": "arm_left",
					"parent": "chest",
					"pivot": [2.5, 14.5, 0],
					"cubes": [
						{"origin": [1.5, 13.5, -1], "size": [5, 2, 2], "inflate": 0.01, "uv": [39, 17]}
					]
				},
				{
					"name": "arm_left2",
					"parent": "arm_left",
					"pivot": [6.5, 13.5, 1],
					"cubes": [
						{"origin": [6.5, 13.5, -1], "size": [3, 2, 2], "uv": [36, 22]}
					]
				},
				{
					"name": "hand_left",
					"parent": "arm_left2",
					"pivot": [9.5, 14.5, 0],
					"cubes": [
						{"origin": [9.5, 13.5, -1], "size": [2, 2, 2], "inflate": 0.01, "uv": [12, 27]},
						{"origin": [11.5, 14, 0], "size": [1, 1, 0], "inflate": 0.01, "uv": [1, 47]},
						{"origin": [10.5, 13.5, -0.5], "size": [1, 2, 1], "inflate": 0.015, "uv": [21, 17]}
					]
				},
				{
					"name": "neck",
					"parent": "chest",
					"pivot": [0, 16, 0],
					"cubes": [
						{"origin": [-1.5, 15, -1.5], "size": [3, 4, 3], "uv": [0, 27]}
					]
				},
				{
					"name": "head",
					"parent": "neck",
					"pivot": [0, 18, 0],
					"cubes": [
						{"origin": [-5, 18, -4], "size": [10, 9, 8], "uv": [0, 0]},
						{"origin": [0.9, 21.7, -4.01], "size": [4, 1, 0], "pivot": [2.9, 22.2, -4], "rotation": [0, 0, -7], "uv": [20, 38]},
						{"origin": [-4.9, 21.7, -4.01], "size": [4, 1, 0], "pivot": [-2.9, 22.2, -4], "rotation": [0, 0, 7], "uv": [20, 38], "mirror": true}
					]
				},
				{
					"name": "ear_right",
					"parent": "head",
					"pivot": [-3.3, 25.9, 0],
					"rotation": [0, 0, -12.5],
					"cubes": [
						{"origin": [-4.78861, 25.909, 0], "size": [3, 5, 0], "uv": [26, 32]}
					]
				},
				{
					"name": "ear_left",
					"parent": "head",
					"pivot": [3.3, 25.9, 0],
					"rotation": [0, 0, 12.5],
					"cubes": [
						{"origin": [1.76903, 25.90899, 0], "size": [3, 5, 0], "uv": [20, 32]}
					]
				},
				{
					"name": "eye_right",
					"parent": "head",
					"pivot": [-2.9, 20.4, -4],
					"rotation": [0, 0, 7],
					"cubes": [
						{"origin": [-4.4, 20.4, -4.02], "size": [3, 2, 0], "inflate": 0.01, "uv": [1, 35]},
						{"origin": [-4.9, 20.4, -4.02], "size": [3, 2, 0], "inflate": 0.005, "uv": [1, 41]}
					]
				},
				{
					"name": "eye_emote_right",
					"parent": "eye_right",
					"pivot": [-1.9, 21.9, -3.9],
					"cubes": [
						{"origin": [-2.4, 21.4, -4.02], "size": [1, 1, 0], "inflate": 0.01, "uv": [13, 38]}
					]
				},
				{
					"name": "iris_right",
					"parent": "eye_right",
					"pivot": [-2.9, 21.4, -4],
					"cubes": [
						{"origin": [-3.9, 20.4, -4.02], "size": [2, 2, 0], "inflate": 0.015, "uv": [8, 35]}
					]
				},
				{
					"name": "pupil_right",
					"parent": "iris_right",
					"pivot": [-2.8, 21.4, -4],
					"cubes": [
						{"origin": [-3.3, 20.4, -4.02], "size": [1, 2, 0], "inflate": 0.02, "uv": [8, 41]}
					]
				},
				{
					"name": "eyelid_right",
					"parent": "eye_right",
					"pivot": [-2.9, 21.4, -3.9],
					"cubes": [
						{"origin": [-4.9, 20.4, -3.9], "size": [4, 2, 1], "inflate": 0.02, "uv": [46, 35]}
					]
				},
				{
					"name": "eye_left",
					"parent": "head",
					"pivot": [2.9, 20.4, -4],
					"rotation": [0, 0, -7],
					"cubes": [
						{"origin": [1.4, 20.4, -4.02], "size": [3, 2, 0], "inflate": 0.01, "uv": [1, 38]},
						{"origin": [1.9, 20.4, -4.02], "size": [3, 2, 0], "inflate": 0.005, "uv": [1, 44]}
					]
				},
				{
					"name": "eye_emote_left",
					"parent": "eye_left",
					"pivot": [1.9, 21.9, -3.9],
					"cubes": [
						{"origin": [1.4, 21.4, -4.02], "size": [1, 1, 0], "inflate": 0.01, "uv": [13, 36]}
					]
				},
				{
					"name": "iris_left",
					"parent": "eye_left",
					"pivot": [2.9, 21.4, -4],
					"cubes": [
						{"origin": [1.9, 20.4, -4.02], "size": [2, 2, 0], "inflate": 0.015, "uv": [8, 38]}
					]
				},
				{
					"name": "pupil_left",
					"parent": "iris_left",
					"pivot": [2.8, 21.4, -4],
					"cubes": [
						{"origin": [2.3, 20.4, -4.02], "size": [1, 2, 0], "inflate": 0.02, "uv": [8, 44]}
					]
				},
				{
					"name": "eyelid_left",
					"parent": "eye_left",
					"pivot": [2.9, 21.4, -3.9],
					"cubes": [
						{"origin": [0.9, 20.4, -3.9], "size": [4, 2, 1], "inflate": 0.02, "uv": [46, 32]}
					]
				},
				{
					"name": "snout",
					"parent": "head",
					"pivot": [0, 19, -4],
					"rotation": [15, 0, 0],
					"cubes": [
						{"origin": [-2.5, 18, -5], "size": [5, 2, 2], "uv": [25, 18]},
						{"origin": [-1, 20, -5], "size": [2, 0, 2], "inflate": 0.005, "uv": [9, 41]}
					]
				},
				{
					"name": "mouth_closed",
					"parent": "snout",
					"pivot": [0, 19.2, -5],
					"cubes": [
						{"origin": [-0.5, 18.7, -5], "size": [1, 1, 0], "inflate": 0.015, "uv": [10, 47]}
					]
				},
				{
					"name": "mouth_closed_emote",
					"parent": "mouth_closed",
					"pivot": [0, 18.7, -5],
					"cubes": [
						{"origin": [-1.5, 18.2, -5], "size": [3, 1, 0], "inflate": 0.01, "uv": [10, 49]}
					]
				},
				{
					"name": "mouth_open",
					"parent": "snout",
					"pivot": [0, 19.4, -4.91],
					"cubes": [
						{"origin": [-0.5, 18.9, -4.91], "size": [1, 1, 0], "inflate": 0.005, "uv": [10, 53]}
					]
				},
				{
					"name": "mouth_open_emote",
					"parent": "mouth_open",
					"pivot": [0, 18.6, -4.91],
					"cubes": [
						{"origin": [-1.5, 18.1, -4.91], "size": [3, 1, 0], "inflate": 0.005, "uv": [10, 55]}
					]
				},
				{
					"name": "mouth_open_emote2",
					"parent": "mouth_open",
					"pivot": [0, 18.9, -4.8],
					"cubes": [
						{"origin": [-2, 18.4, -4.8], "size": [4, 1, 0], "inflate": 0.005, "uv": [10, 57]}
					]
				},
				{
					"name": "tail1",
					"parent": "chest",
					"pivot": [2.5, 11.4, -2],
					"cubes": [
						{"origin": [2.51, 8.4, -2], "size": [0, 3, 4], "uv": [32, 28]}
					]
				},
				{
					"name": "tail2",
					"parent": "tail1",
					"pivot": [2.5, 8.4, -2],
					"cubes": [
						{"origin": [2.51, 5.4, -2], "size": [0, 3, 4], "uv": [32, 31]}
					]
				},
				{
					"name": "tail3",
					"parent": "tail2",
					"pivot": [2.5, 5.4, -1.5],
					"cubes": [
						{"origin": [2.51, 2.4, -1.5], "size": [0, 3, 3], "uv": [40, 29]}
					]
				},
				{
					"name": "tail4",
					"parent": "tail3",
					"pivot": [2.5, 2.4, -1.5],
					"cubes": [
						{"origin": [2.51, -0.6, -1.5], "size": [0, 3, 3], "uv": [40, 32]}
					]
				},
				{
					"name": "leg_right",
					"parent": "body",
					"pivot": [-2.5, 8.4, 0],
					"rotation": [5, 0, 0],
					"cubes": [
						{"origin": [-3.5, 5.4, -1.5], "size": [2, 5, 3], "uv": [46, 22]}
					]
				},
				{
					"name": "leg_right2",
					"parent": "leg_right",
					"pivot": [-2.5, 5.4, 1.5],
					"rotation": [-17.5, 0, 0],
					"cubes": [
						{"origin": [-3.5, 0.4, 0], "size": [2, 5, 2], "inflate": -0.01, "uv": [0, 0]}
					]
				},
				{
					"name": "foot_right",
					"parent": "leg_right2",
					"pivot": [-2.5, 0.4, 2],
					"rotation": [12.5, 0, 0],
					"cubes": [
						{"origin": [-3.5, -0.1, 0], "size": [2, 2, 2], "inflate": 0.01, "uv": [40, 28]},
						{"origin": [-3, -0.1, 0], "size": [1, 2, 1], "inflate": 0.015, "uv": [48, 8], "mirror": true},
						{"origin": [-2.5, -0.1, -1], "size": [0, 1, 1], "uv": [1, 48], "mirror": true}
					]
				},
				{
					"name": "leg_left",
					"parent": "body",
					"pivot": [2.5, 8.4, 0],
					"rotation": [5, 0, 0],
					"cubes": [
						{"origin": [1.5, 5.4, -1.5], "size": [2, 5, 3], "uv": [54, 17]}
					]
				},
				{
					"name": "leg_left2",
					"parent": "leg_left",
					"pivot": [2.5, 5.4, 1.5],
					"rotation": [-17.5, 0, 0],
					"cubes": [
						{"origin": [1.5, 0.4, 0], "size": [2, 5, 2], "inflate": -0.01, "uv": [56, 25]}
					]
				},
				{
					"name": "foot_left",
					"parent": "leg_left2",
					"pivot": [2.5, 0.4, 2],
					"rotation": [12.5, 0, 0],
					"cubes": [
						{"origin": [1.5, -0.1, 0], "size": [2, 2, 2], "inflate": 0.01, "uv": [12, 31]},
						{"origin": [2, -0.1, 0], "size": [1, 2, 1], "inflate": 0.015, "uv": [48, 11]},
						{"origin": [2.5, -0.1, -1], "size": [0, 1, 1], "uv": [1, 48]}
					]
				}
			]
		}
	]
}