{
	"format_version": "1.12.0",
	"minecraft:geometry": [
		{
			"description": {
				"identifier": "geometry.unknown",
				"texture_width": 128,
				"texture_height": 128,
				"visible_bounds_width": 4,
				"visible_bounds_height": 3.5,
				"visible_bounds_offset": [0, 1.25, 0]
			},
			"bones": [
				{
					"name": "grugg",
					"pivot": [0, -0.06187, 1.11827]
				},
				{
					"name": "body",
					"parent": "grugg",
					"pivot": [0, 9, 1]
				},
				{
					"name": "torso",
					"parent": "body",
					"pivot": [0, 7.16313, 1.11827],
					"cubes": [
						{"origin": [-3, 5.875, -1.25], "size": [6, 5, 5], "uv": [26, 6]}
					]
				},
				{
					"name": "torso2",
					"parent": "torso",
					"pivot": [0, 9.675, 2],
					"cubes": [
						{"origin": [-4.5, 8.675, -3], "size": [9, 5, 6], "pivot": [0, 11.675, 0], "rotation": [26.5, 0, 0], "uv": [0, 0]},
						{"origin": [-4.225, 13.025, 0], "size": [2, 3, 3], "inflate": 0.01, "uv": [32, 55]},
						{"origin": [2.225, 13.025, 0], "size": [2, 3, 3], "inflate": 0.01, "uv": [52, 55]}
					]
				},
				{
					"name": "rightwing",
					"parent": "torso2",
					"pivot": [-2.5, 14.98194, 2.15038],
					"rotation": [0, 0, 70],
					"cubes": [
						{"origin": [-4.75, 4.98194, 2.25038], "size": [5, 10, 0], "pivot": [-2.5, 14.98194, 2.15038], "rotation": [26.21763, -4.00254, 8.06757], "uv": [110, 45]}
					]
				},
				{
					"name": "leftwing",
					"parent": "torso2",
					"pivot": [2.5, 14.98194, 2.15038],
					"rotation": [0, 0, -70],
					"cubes": [
						{"origin": [-0.25, 4.98194, 2.25038], "size": [5, 10, 0], "pivot": [2.5, 14.98194, 2.15038], "rotation": [26.21763, 4.00254, -8.06757], "uv": [110, 32]}
					]
				},
				{
					"name": "rightshell",
					"parent": "torso2",
					"pivot": [-2.5, 14.98194, 2.15038],
					"cubes": [
						{"origin": [-4.25, 6.07118, 2.32937], "size": [4, 9, 0], "pivot": [-2.5, 15.07118, 2.32937], "rotation": [24.88607, -9.41197, 19.41878], "uv": [24, 55]}
					]
				},
				{
					"name": "leftshell",
					"parent": "torso2",
					"pivot": [2.5, 14.98194, 2.15038],
					"cubes": [
						{"origin": [0.25, 6.07118, 2.32937], "size": [4, 9, 0], "pivot": [2.5, 15.07118, 2.32937], "rotation": [24.88607, 9.41197, -19.41878], "uv": [8, 55]}
					]
				},
				{
					"name": "rightshell2",
					"parent": "torso2",
					"pivot": [-2.5, 14.98194, 2.15038],
					"cubes": [
						{"origin": [-4.25, 5.98194, 2.15038], "size": [4, 9, 0], "pivot": [-2.5, 14.98194, 2.15038], "rotation": [26.49216, -0.66924, 1.34246], "uv": [16, 55]}
					]
				},
				{
					"name": "leftshell2",
					"parent": "torso2",
					"pivot": [2.5, 14.98194, 2.15038],
					"cubes": [
						{"origin": [0.25, 5.98194, 2.15038], "size": [4, 9, 0], "pivot": [2.5, 14.98194, 2.15038], "rotation": [26.49216, 0.66924, -1.34246], "uv": [0, 55]}
					]
				},
				{
					"name": "head",
					"parent": "torso2",
					"pivot": [0, 13.69113, -0.36667],
					"cubes": [
						{"origin": [-3, 16.975, -2.925], "size": [3, 1, 5], "pivot": [-1.5, 16.625, -0.425], "rotation": [0, 0, 2.5], "uv": [43, 25]},
						{"origin": [0, 16.975, -2.925], "size": [3, 1, 5], "pivot": [1.5, 16.625, -0.425], "rotation": [0, 0, -2.5], "uv": [43, 5]},
						{"origin": [-3, 13.875, -2.75], "size": [6, 4, 5], "uv": [26, 21]}
					]
				},
				{
					"name": "nose",
					"parent": "head",
					"pivot": [0, 18.125, -2.95],
					"rotation": [-6.5, 0, 0],
					"cubes": [
						{"origin": [-1, 16.87661, -2.9217], "size": [2, 1, 0], "uv": [24, 5]},
						{"origin": [-0.5, 15.87661, -2.9217], "size": [1, 1, 0], "pivot": [0, 16.87661, -2.9217], "rotation": [4, 0, 0], "uv": [28, 25]}
					]
				},
				{
					"name": "lefteye",
					"parent": "head",
					"pivot": [1.4891, 16.87476, -0.425],
					"cubes": [
						{"origin": [0, 15.875, -2.925], "size": [3, 2, 5], "inflate": -0.1, "pivot": [1.5, 16.625, -0.425], "rotation": [0, 0, -2.5], "uv": [0, 39]}
					]
				},
				{
					"name": "lefteyelid",
					"parent": "lefteye",
					"pivot": [1.5, 16.625, -0.175],
					"cubes": [
						{"origin": [0, 15.875, -2.675], "size": [3, 2, 2], "inflate": -0.05, "pivot": [1.5, 16.625, -0.175], "rotation": [0, 0, -2.5], "uv": [46, 74]}
					]
				},
				{
					"name": "leftpupil",
					"parent": "lefteye",
					"pivot": [1.23933, 16.86386, -2.85],
					"cubes": [
						{"origin": [0.75, 16.375, -2.85], "size": [1, 1, 0], "pivot": [1.5, 16.625, -0.425], "rotation": [0, 0, -2.5], "uv": [26, 25]}
					]
				},
				{
					"name": "righteye",
					"parent": "head",
					"pivot": [-1.4891, 16.87476, -0.425],
					"cubes": [
						{"origin": [-3, 15.875, -2.925], "size": [3, 2, 5], "inflate": -0.1, "pivot": [-1.5, 16.625, -0.425], "rotation": [0, 0, 2.5], "uv": [37, 39]}
					]
				},
				{
					"name": "righteyelid",
					"parent": "righteye",
					"pivot": [-1.5, 16.625, -0.175],
					"cubes": [
						{"origin": [-3, 15.875, -2.675], "size": [3, 2, 2], "inflate": -0.05, "pivot": [-1.5, 16.625, -0.175], "rotation": [0, 0, 2.5], "uv": [46, 74], "mirror": true}
					]
				},
				{
					"name": "rightpupil",
					"parent": "righteye",
					"pivot": [-1.23933, 16.86386, -2.85],
					"cubes": [
						{"origin": [-1.75, 16.375, -2.85], "size": [1, 1, 0], "pivot": [-1.5, 16.625, -0.425], "rotation": [0, 0, 2.5], "uv": [28, 5]}
					]
				},
				{
					"name": "jaw",
					"parent": "head",
					"pivot": [0, 14.575, -0.88333],
					"cubes": [
						{"origin": [-2.5, 13.075, -3.25], "size": [5, 2, 5], "uv": [35, 32]},
						{"origin": [0.9, 13.825, -3.2], "size": [1, 2, 0], "pivot": [1.4, 14.825, -3.2], "rotation": [0, 0, 52], "uv": [4, 2]},
						{"origin": [-1.9, 13.825, -3.2], "size": [1, 2, 0], "pivot": [-1.4, 14.825, -3.2], "rotation": [0, 0, -52], "uv": [4, 2], "mirror": true}
					]
				},
				{
					"name": "horn1",
					"parent": "head",
					"pivot": [0, 17.875, -1.75],
					"cubes": [
						{"origin": [0, 16.125, -1.75], "size": [7, 9, 0], "pivot": [0, 20.625, -1.75], "rotation": [0, -8, 0], "uv": [108, 17]},
						{"origin": [-7, 16.125, -1.75], "size": [7, 9, 0], "pivot": [0, 20.625, -1.75], "rotation": [0, 8, 0], "uv": [108, 3]}
					]
				},
				{
					"name": "horn2",
					"parent": "head",
					"pivot": [0, 17.875, -0.25],
					"cubes": [
						{"origin": [0, 15.875, -0.25], "size": [13, 14, 0], "pivot": [0, 22.875, -0.25], "rotation": [0, -10, 0], "uv": [76, 18]},
						{"origin": [-13, 15.875, -0.25], "size": [13, 14, 0], "pivot": [0, 22.875, -0.25], "rotation": [0, 10, 0], "uv": [76, 2]}
					]
				},
				{
					"name": "horn3",
					"parent": "head",
					"pivot": [0, 16.625, 1.5],
					"cubes": [
						{"origin": [0, 15.875, 1.5], "size": [13, 5, 0], "pivot": [0, 22.875, 1.5], "rotation": [0, -12, 0], "uv": [74, 37]},
						{"origin": [-13, 15.875, 1.5], "size": [13, 5, 0], "pivot": [0, 22.875, 1.5], "rotation": [0, 12, 0], "uv": [74, 45]}
					]
				},
				{
					"name": "leftarm",
					"parent": "torso2",
					"pivot": [3.75, 14.375, 1.5],
					"cubes": [
						{"origin": [3.75, 13.025, 0], "size": [3, 3, 3], "pivot": [5.75, 14.525, 1.5], "rotation": [0, 0, 0], "uv": [54, 0]},
						{"origin": [6.75, 15.025, 0], "size": [1, 1, 3], "pivot": [5.75, 14.525, 1.5], "rotation": [0, 0, 0], "uv": [29, 61]},
						{"origin": [5.75, 13.375, 0.5], "size": [4, 2, 2], "uv": [60, 17]}
					]
				},
				{
					"name": "leftarm2",
					"parent": "leftarm",
					"pivot": [10.8694, 14.46158, 1.5],
					"cubes": [
						{"origin": [10.80643, 11.86279, 0], "size": [4, 6, 3], "pivot": [12.96444, 14.82339, 1.11605], "rotation": [0, 0, -90], "uv": [28, 46]},
						{"origin": [14.83143, 13.86279, 0.5], "size": [0, 2, 2], "pivot": [12.96444, 14.82339, 1.11605], "rotation": [0, 0, -90], "uv": [60, 75]},
						{"origin": [14.85643, 14.36279, 1], "size": [0, 1, 1], "pivot": [12.96444, 14.82339, 1.11605], "rotation": [0, 0, -90], "uv": [61, 74]},
						{"origin": [14.83143, 16.36279, 1], "size": [0, 1, 1], "pivot": [12.96444, 14.82339, 1.11605], "rotation": [0, 0, -90], "uv": [61, 72]},
						{"origin": [10.80643, 17.86279, 0], "size": [3, 1, 3], "pivot": [12.96444, 14.82339, 1.11605], "rotation": [0, 0, -90], "uv": [59, 58]},
						{"origin": [10.80643, 18.36279, 1.5], "size": [3, 2, 0], "pivot": [12.96444, 14.82339, 1.11605], "rotation": [0, 0, -90], "uv": [3, 68]}
					]
				},
				{
					"name": "leftclaw1",
					"parent": "leftarm2",
					"pivot": [10.12809, 5.74285, 0.73211],
					"cubes": [
						{"origin": [12.43833, 8.36279, 0.09918], "size": [2, 4, 0], "pivot": [12.96444, 14.82339, 1.11605], "rotation": [0, -45, -90], "uv": [37, 39]}
					]
				},
				{
					"name": "leftclaw2",
					"parent": "leftarm2",
					"pivot": [7.73545, 6.21878, 0.76746],
					"cubes": [
						{"origin": [11.23131, 8.36279, -0.11006], "size": [2, 4, 0], "pivot": [12.96444, 14.82339, 1.11605], "rotation": [0, 45, -90], "uv": [0, 39]}
					]
				},
				{
					"name": "rightarm",
					"parent": "torso2",
					"pivot": [-3.75, 14.375, 1.5],
					"cubes": [
						{"origin": [-6.72324, 13.025, 0], "size": [3, 3, 3], "pivot": [-6.44291, 14.59224, 1.5], "rotation": [0, 0, 0], "uv": [52, 11]},
						{"origin": [-7.72324, 15.025, 0], "size": [1, 1, 3], "pivot": [-6.44291, 16.59224, 1.5], "rotation": [0, 0, 0], "uv": [43, 21]},
						{"origin": [-9.75, 13.375, 0.5], "size": [4, 2, 2], "uv": [11, 39]}
					]
				},
				{
					"name": "rightarm2",
					"parent": "rightarm",
					"pivot": [-10.8694, 14.4616, 1.5],
					"cubes": [
						{"origin": [-14.75643, 11.81279, 0], "size": [4, 6, 3], "pivot": [-12.91444, 14.77339, 1.11605], "rotation": [0, 0, 90], "uv": [23, 37]},
						{"origin": [-13.75643, 17.81279, 0], "size": [3, 1, 3], "pivot": [-12.91444, 14.77339, 1.11605], "rotation": [0, 0, 90], "uv": [54, 6]},
						{"origin": [-13.75643, 18.31279, 1.5], "size": [3, 2, 0], "pivot": [-12.91444, 14.77339, 1.11605], "rotation": [0, 0, 90], "uv": [9, 68]},
						{"origin": [-14.80643, 14.31279, 1], "size": [0, 1, 1], "pivot": [-12.91444, 14.77339, 1.11605], "rotation": [0, 0, 90], "uv": [61, 74], "mirror": true},
						{"origin": [-14.78143, 13.81279, 0.5], "size": [0, 2, 2], "pivot": [-12.91444, 14.77339, 1.11605], "rotation": [0, 0, 90], "uv": [60, 75], "mirror": true},
						{"origin": [-14.78143, 16.31279, 1], "size": [0, 1, 1], "pivot": [-12.91444, 14.77339, 1.11605], "rotation": [0, 0, 90], "uv": [61, 72], "mirror": true}
					]
				},
				{
					"name": "rightclaw1",
					"parent": "rightarm2",
					"pivot": [-10.42003, 5.78424, 0.025],
					"cubes": [
						{"origin": [-14.38833, 8.31279, 0.09918], "size": [2, 4, 0], "pivot": [-12.91444, 14.77339, 1.11605], "rotation": [0, 45, 90], "uv": [26, 21]}
					]
				},
				{
					"name": "rightclaw2",
					"parent": "rightarm2",
					"pivot": [-10.42003, 5.78424, 0.025],
					"cubes": [
						{"origin": [-13.18131, 8.31279, -0.11006], "size": [2, 4, 0], "pivot": [-12.91444, 14.77339, 1.11605], "rotation": [0, -45, 90], "uv": [0, 2]}
					]
				},
				{
					"name": "tail",
					"parent": "torso",
					"pivot": [0, 7.125, 2.75],
					"cubes": [
						{"origin": [-1.5, 5.625, 1.75], "size": [3, 3, 4], "uv": [42, 46]}
					]
				},
				{
					"name": "tail2",
					"parent": "tail",
					"pivot": [0, 7.875, 5],
					"cubes": [
						{"origin": [-1, 5.875, 5.25], "size": [2, 2, 4], "uv": [52, 49]}
					]
				},
				{
					"name": "tail3",
					"parent": "tail2",
					"pivot": [0, 6.975, 9],
					"cubes": [
						{"origin": [-0.5, 5.975, 8.75], "size": [1, 1, 3], "uv": [61, 28]}
					]
				},
				{
					"name": "tail4",
					"parent": "tail3",
					"pivot": [0, 6.475, 11.75],
					"cubes": [
						{"origin": [0, 5.975, 11.25], "size": [0, 7, 7], "uv": [80, 46]}
					]
				},
				{
					"name": "leftleg",
					"parent": "body",
					"pivot": [2.9, 7.825, 1.25],
					"cubes": [
						{"origin": [4, 5.85, 0.25], "size": [4, 2, 2], "pivot": [4, 7.85, 1.25], "rotation": [0, 0, 90], "uv": [60, 49]}
					]
				},
				{
					"name": "leftleg2",
					"parent": "leftleg",
					"pivot": [3, 3.975, 1.25],
					"cubes": [
						{"origin": [2, 1.475, -0.25], "size": [4, 3, 3], "pivot": [3, 2.975, 1.25], "rotation": [90, 0, 90], "uv": [50, 31]},
						{"origin": [4, 3.975, 0.05], "size": [2, 3, 0], "pivot": [3, 2.975, 1.25], "rotation": [90, 0, 90], "uv": [16, 67]},
						{"origin": [4, 4.225, 2.45], "size": [2, 3, 0], "pivot": [3, 2.975, 1.25], "rotation": [90, 0, 90], "uv": [23, 67]},
						{"origin": [1, 2.475, -0.25], "size": [1, 2, 3], "pivot": [3, 2.975, 1.25], "rotation": [90, 0, 90], "uv": [66, 10], "mirror": true}
					]
				},
				{
					"name": "rightleg",
					"parent": "body",
					"pivot": [-2.9, 7.825, 1.25],
					"cubes": [
						{"origin": [-8, 5.875, 0.25], "size": [4, 2, 2], "pivot": [-4, 7.875, 1.25], "rotation": [0, 0, -90], "uv": [54, 24]}
					]
				},
				{
					"name": "rightleg2",
					"parent": "rightleg",
					"pivot": [-3, 3.975, 1.25],
					"cubes": [
						{"origin": [-5.49994, -0.54519, -1.65047], "size": [4, 3, 3], "pivot": [-2.74994, 2.725, -0.50454], "rotation": [90, 0, -90], "uv": [49, 18]},
						{"origin": [-5.49994, 1.95481, -1.35047], "size": [2, 3, 0], "pivot": [-2.74994, 2.725, -0.50454], "rotation": [90, 0, -90], "uv": [29, 67]},
						{"origin": [-5.49994, 2.20481, 1.04953], "size": [2, 3, 0], "pivot": [-2.74994, 2.725, -0.50454], "rotation": [90, 0, -90], "uv": [35, 67]},
						{"origin": [-1.49994, 0.45481, -1.65047], "size": [1, 2, 3], "pivot": [-2.74994, 2.725, -0.50454], "rotation": [90, 0, -90], "uv": [66, 10]}
					]
				}
			]
		}
	]
}