{
    "implemented": true,
    "nationalPokedexNumber": 2410,
    "name": "Bovittle",
    "primaryType": "normal",
    "maleRatio": 0.5,
    "shoulderMountable": true,
    "height": 5,
    "weight": 102,
    "pokedex": [
      "cobblemon.species.bovittle.desc"
    ],
    "labels": ["baby"],
    "aspects": [],
    "abilities": [
      "thickfat",
      "sapsipper",
      "h:sheerforce"
    ],
    "eggGroups": [
      "field"
    ],
"baseStats": {
    "hp": 100,
    "attack": 5,
    "defence": 5,
    "special_attack": 15,
    "special_defence": 65,
    "speed": 30
  },
  "evYield": {
    "hp": 1,
    "attack": 0,
    "defence": 0,
    "special_attack": 0,
    "special_defence": 0,
    "speed": 0
  },
  "baseExperienceYield": 110,
  "experienceGroup": "fast",
  "catchRate": 130,
  "eggCycles": 40,
  "baseFriendship": 140,
  "baseScale": 0.7,
  "hitbox": {
    "width": 0.6,
    "height": 0.9,
    "fixed": false
  },
  "behaviour": {
    "moving": {
      "walk": {
        "walkSpeed": 0.25
      }
    },
    "resting": {
      "canSleep": true,
      "willSleepOnBed": true,
      "light": "0-4"
    }
  },
  "drops": {
    "amount": 1,
    "entries": [
      {
        "item": "minecraft:leather",
        "percentage": 25.0
      }
    ]
  },
  "moves": [
    "1:pound",
    "1:copycat",
    "1:refresh",
    "1:minimize",
    "4:defensecurl",
    "8:sweetkiss",
    "12:disarmingvoice",
    "16:covet",
    "20:charm",
    "egg:aromatherapy",
    "egg:counter",
    "egg:gravity",
    "egg:healbell",
    "egg:mudbomb",
    "egg:naturalgift",
    "egg:present",
    "egg:seismictoss",
    "tm:babydolleyes",
    "tm:charm",
    "tm:covet",
    "tm:disarmingvoice",
    "tm:dreameater",
    "tm:echoedvoice",
    "tm:endure",
    "tm:facade",
    "tm:flash",
    "tm:fling",
    "tm:grassknot",
    "tm:gravity",
    "tm:hail",
    "tm:headbutt",
    "tm:healbell",
    "tm:helpinghand",
    "tm:hypervoice",
    "tm:icywind",
    "tm:incinerate",
    "tm:lastresort",
    "tm:lightscreen",
    "tm:metronome",
    "tm:naturalgift",
    "tm:protect",
    "tm:psychic",
    "tm:raindance",
    "tm:recycle",
    "tm:rest",
    "tm:rollout",
    "tm:safeguard",
    "tm:shadowball",
    "tm:shockwave",
    "tm:sleeptalk",
    "tm:snowscape",
    "tm:solarbeam",
    "tm:storedpower",
    "tm:substitute",
    "tm:sunnyday",
    "tm:takedown",
    "tm:terablast",
    "tm:thunderwave",
    "tm:workup",
    "tm:zenheadbutt",
    "tutor:babydolleyes",
    "tutor:covet",
    "tutor:gravity",
    "tutor:healbell",
    "tutor:helpinghand",
    "tutor:hypervoice",
    "tutor:icywind",
    "tutor:lastresort",
    "tutor:psychic",
    "tutor:recycle",
    "tutor:rest",
    "tutor:rollout",
    "tutor:shadowball",
    "tutor:shockwave",
    "tutor:sleeptalk",
    "tutor:zenheadbutt"
  ],
  "evolutions": [
    {
      "id": "bovittle_tauros_kanto",
      "variant": "level_up",
      "result": "tauros",
      "consumeHeldItem": true,
      "learnableMoves": [],
      "requirements": [
        {
         "variant": "friendship",
         "amount": 160  
        },
        {
          "variant": "time_range",
          "range": "day"
        },
        {
          "variant": "properties",
          "target": "gender=male"
        }
      ]
    },
    {
      "id": "bovittle_tauros_paldea",
      "variant": "level_up",
      "result": "tauros paldean",
      "consumeHeldItem": true,
      "learnableMoves": [],
      "requirements": [
        {
         "variant": "friendship",
         "amount": 160  
        },
        {
          "variant": "time_range",
          "range": "night"
        },
        {
          "variant": "properties",
          "target": "gender=male"
        }
      ]
    },
    {
      "id": "bovittle_miltank",
      "variant": "level_up",
      "result": "miltank",
      "consumeHeldItem": true,
      "learnableMoves": [],
      "requirements": [
        {
         "variant": "friendship",
         "amount": 160  
        },
        {
          "variant": "time_range",
          "range": "day"
        },
        {
          "variant": "properties",
          "target": "gender=female"
        }
      ]
    },
    {
      "id": "bovittle_bouffalant",
      "variant": "level_up",
      "result": "bouffalant",
      "consumeHeldItem": true,
      "learnableMoves": [],
      "requirements": [
        {
         "variant": "friendship",
         "amount": 160  
        },
        {
          "variant": "time_range",
          "range": "dusk"
        }
      ]
    }
  ]
}