{
    "implemented": true,
    "nationalPokedexNumber": 2402,
    "name": "Dodiwi",
    "primaryType": "fairy",
    "maleRatio": 0.5,
    "shoulderMountable": true,
    "height": 5,
    "weight": 102,
    "pokedex": [
      "cobblemon.species.dodiwi.desc"
    ],
    "labels": [],
    "aspects": [],
    "abilities": [
      "aromaveil",
      "gluttony",
      "h:thickfat"
    ],
    "eggGroups": [
      "field",
      "fairy"
    ],
    "baseStats": {
      "hp": 54,
      "attack": 45,
      "defence": 40,
      "special_attack": 35,
      "special_defence": 45,
      "speed": 35
    },
    "evYield": {
      "hp": 1,
      "attack": 0,
      "defence": 0,
      "special_attack": 0,
      "special_defence": 0,
      "speed": 0
    },
    "baseExperienceYield": 51,
    "experienceGroup": "medium_fast",
    "catchRate": 255,
    "eggCycles": 15,
    "baseFriendship": 50,
    "baseScale": 0.6,
    "hitbox": {
      "width": 0.6,
      "height": 0.6,
      "fixed": false
    },
    "behaviour": {
      "resting": {
        "canSleep": true,
        "willSleepOnBed": true,
        "light": "0-4"
      },
      "moving": {
        "walk": {
          "walkSpeed": 0.4
        }
      }
    },
    "drops": {
      "amount": 1,
      "entries": [
        {
          "item": "minecraft:sugar",
          "quantityRange": "1"
        }
      ]
    },
    "moves": [
      "1:growl",
      "1:pound",
      "4:sweetkiss",
      "8:lifedew",
      "12:charm",
      "16:ancientpower",
      "20:yawn",
      "24:metronome",
      "28:afteryou",
      "32:doubleedge",
      "36:safeguard",
      "40:followme",
      "44:batonpass",
      "48:lastresort",
      "52:wish",
      "egg:aerialace",
      "egg:bestow",
      "egg:extrasensory",
      "egg:foresight",
      "egg:luckychant",
      "egg:mirrormove",
      "egg:morningsun",
      "egg:peck",
      "egg:present",
      "egg:psychoshift",
      "egg:secretpower",
      "tm:aerialace",
      "tm:afteryou",
      "tm:ancientpower",
      "tm:babydolleyes",
      "tm:batonpass",
      "tm:bodyslam",
      "tm:charm",
      "tm:covet",
      "tm:dazzlinggleam",
      "tm:doubleedge",
      "tm:drainingkiss",
      "tm:dreameater",
      "tm:echoedvoice",
      "tm:encore",
      "tm:endeavor",
      "tm:endure",
      "tm:facade",
      "tm:fireblast",
      "tm:flamethrower",
      "tm:flash",
      "tm:fling",
      "tm:futuresight",
      "tm:grassknot",
      "tm:headbutt",
      "tm:healbell",
      "tm:helpinghand",
      "tm:hypervoice",
      "tm:incinerate",
      "tm:lastresort",
      "tm:lightscreen",
      "tm:magiccoat",
      "tm:megakick",
      "tm:megapunch",
      "tm:metronome",
      "tm:mudslap",
      "tm:mysticalfire",
      "tm:nastyplot",
      "tm:playrough",
      "tm:protect",
      "tm:psychic",
      "tm:psychup",
      "tm:psyshock",
      "tm:raindance",
      "tm:reflect",
      "tm:rest",
      "tm:rocksmash",
      "tm:rollout",
      "tm:safeguard",
      "tm:secretpower",
      "tm:shadowball",
      "tm:shockwave",
      "tm:signalbeam",
      "tm:sleeptalk",
      "tm:solarbeam",
      "tm:storedpower",
      "tm:substitute",
      "tm:sunnyday",
      "tm:swift",
      "tm:telekinesis",
      "tm:terablast",
      "tm:thunderwave",
      "tm:triattack",
      "tm:trick",
      "tm:uproar",
      "tm:waterpulse",
      "tm:workup",
      "tm:zenheadbutt",
      "tutor:aerialace",
      "tutor:afteryou",
      "tutor:ancientpower",
      "tutor:babydolleyes",
      "tutor:covet",
      "tutor:dazzlinggleam",
      "tutor:endeavor",
      "tutor:flamethrower",
      "tutor:healbell",
      "tutor:helpinghand",
      "tutor:hypervoice",
      "tutor:lastresort",
      "tutor:magiccoat",
      "tutor:mudslap",
      "tutor:mysticalfire",
      "tutor:playrough",
      "tutor:psychic",
      "tutor:rest",
      "tutor:rocksmash",
      "tutor:rollout",
      "tutor:shadowball",
      "tutor:shockwave",
      "tutor:signalbeam",
      "tutor:sleeptalk",
      "tutor:swift",
      "tutor:telekinesis",
      "tutor:trick",
      "tutor:uproar",
      "tutor:waterpulse",
      "tutor:zenheadbutt"  
    ],
    "evolutions": [
      {
        "id": "dodiwi_doduo_jetian",
        "variant": "level_up",
        "result": "doduo jetian",
        "consumeHeldItem": false,
        "learnableMoves": [],
        "requirements": [
          {
            "variant": "level",
            "minLevel": 14
          }
        ]
      }
    ]
  }
  