{
    "implemented": true,
    "nationalPokedexNumber": 2430,
    "name": "Regisecto",
    "primaryType": "bug",
    "maleRatio": -1,
    "height": 19,
    "weight": 2050,
    "pokedex": [
      "cobblemon.species.regisecto.desc"
    ],
    "labels": [
      "legendary"
    ],
    "aspects": [],
    "abilities": [
      "clearbody",
      "h:gooey"
    ],
    "eggGroups": [
      "undiscovered"
    ],
    "baseStats": {
      "hp": 80,
      "attack": 75,
      "defence": 150,
      "special_attack": 75,
      "special_defence": 150,
      "speed": 50
    },
    "evYield": {
      "hp": 0,
      "attack": 0,
      "defence": 3,
      "special_attack": 0,
      "special_defence": 0,
      "speed": 0
    },
    "baseExperienceYield": 290,
    "experienceGroup": "slow",
    "catchRate": 3,
    "eggCycles": 80,
    "baseFriendship": 35,
    "baseScale": 1,
    "hitbox": {
      "width": 1.65,
      "height": 2.7,
      "fixed": false
    },
    "behaviour": {
        "moving": {
        "walk": {
          "walkSpeed": 0.2
        }
      }
    },
    "drops": {
      "amount": 1,
      "entries": [
        {
          "item": "cobblemon:black_sludge"
        }
      ]
    },
    "moves": [
      "1:suckerpunch",
      "1:signalbeam",
      "6:bulldoze",
      "12:ancientpower",
      "18:stomp",
      "24:furycutter",
      "24:poisontail",
      "30:lunge",
      "36:acidspray",
      "36:pollenpuff",
      "42:xscissor",
      "48:heavyslam",
      "54:thrash",
      "60:liquidation",
      "66:swordsdance",
      "70:firstimpression",
      "72:muddywater",
      "78:explosion",
      "tm:amnesia",
      "tm:ancientpower",
      "tm:block",
      "tm:bodypress",
      "tm:bodyslam",
      "tm:brickbreak",
      "tm:bulldoze",
      "tm:chargebeam",
      "tm:curse",
      "tm:doubleedge",
      "tm:earthquake",
      "tm:endure",
      "tm:explosion",
      "tm:facade",
      "tm:bugbuzz",
      "tm:fling",
      "tm:focusblast",
      "tm:focuspunch",
      "tm:gigaimpact",
      "tm:gravity",
      "tm:hardpress",
      "tm:headbutt",
      "tm:heavyslam",
      "tm:honeclaws",
      "tm:hyperbeam",
      "tm:icepunch",
      "tm:icespinner",
      "tm:irondefense",
      "tm:skittersmack",
      "tm:magnetrise",
      "tm:megakick",
      "tm:megapunch",
      "tm:uturn",
      "tm:knockoff",
      "tm:liquidation",
      "tm:meteorbeam",
      "tm:poweruppunch",
      "tm:protect",
      "tm:raindance",
      "tm:rest",
      "tm:rockclimb",
      "tm:rockpolish",
      "tm:rockslide",
      "tm:rocksmash",
      "tm:megahorn",
      "tm:rollout",
      "tm:safeguard",
      "tm:sandstorm",
      "tm:sandtomb",
      "tm:selfdestruct",
      "tm:shadowclaw",
      "tm:shockwave",
      "tm:sleeptalk",
      "tm:toxicspikes",
      "tm:steelbeam",
      "tm:steelroller",
      "tm:stompingtantrum",
      "tm:strength",
      "tm:substitute",
      "tm:sunnyday",
      "tm:superpower",
      "tm:takedown",
      "tm:terablast",
      "tm:gunkshot",
      "tm:sludgebomb",
      "tm:thunderpunch",
      "tm:thunderwave",
      "tutor:ancientpower",
      "tutor:block",
      "tutor:bulldoze",
      "tutor:chargebeam",
      "tutor:flashcannon",
      "tutor:focuspunch",
      "tutor:gigaimpact",
      "tutor:gravity",
      "tutor:hyperbeam",
      "tutor:icepunch",
      "tutor:irondefense",
      "tutor:ironhead",
      "tutor:magnetrise",
      "tutor:meteorbeam",
      "tutor:rest",
      "tutor:rockslide",
      "tutor:rocksmash",
      "tutor:rollout",
      "tutor:shadowclaw",
      "tutor:shockwave",
      "tutor:sleeptalk",
      "tutor:stealthrock",
      "tutor:steelbeam",
      "tutor:steelroller",
      "tutor:stompingtantrum",
      "tutor:superpower",
      "tutor:thunderbolt",
      "tutor:thunderpunch"
    ],
    "evolutions": []
  }
  