{
    "implemented": true,
    "nationalPokedexNumber": 5,
    "name": "Squashologne",
    "primaryType": "grass",
    "secondaryType": "ground",
    "maleRatio": 1,
    "height": 10,
    "weight": 1200,
    "pokedex": [
      "cobblemon.species.squashologne.desc"
    ],
    "labels": [
      "gen9"
    ],
    "aspects": [
      "male"
    ],
    "abilities": [
      "lingeringaroma",
      "gluttony",
      "h:thickfat"
    ],
    "eggGroups": [
      "field"
    ],
    "baseStats": {
      "hp": 110,
      "attack": 100,
      "defence": 75,
      "special_attack": 59,
      "special_defence": 80,
      "speed": 65
    },
    "evYield": {
      "hp": 2,
      "attack": 0,
      "defence": 0,
      "special_attack": 0,
      "special_defence": 0,
      "speed": 0
    },
    "baseExperienceYield": 171,
    "experienceGroup": "medium_fast",
    "catchRate": 100,
    "eggCycles": 15,
    "baseFriendship": 50,
    "baseScale": 1,
    "hitbox": {
      "width": 0.8,
      "height": 1.1,
      "fixed": false
    },
    "drops": {
      "amount": 2,
      "entries": [
        {
          "item": "minecraft:pumpkin",
          "quantityRange": "1"
        },
        {
          "item": "minecraft:pumpkin_seeds",
          "percentage": 25
        }
      ]
    },
    "moves": [
      "1:tackle",
      "1:tailwhip",
      "5:disarmingvoice",
      "8:echoedvoice",
      "12:mudshot",
      "15:covet",
      "17:dig",
      "23:headbutt",
      "26:takedown",
      "27:yawn",
      "34:workup",
      "38:uproar",
      "42:doubleedge",
      "48:earthpower",
      "54:belch",
      "egg:endeavor",
      "egg:spitup",
      "egg:stockpile",
      "egg:stuffcheeks",
      "egg:swallow",
      "tm:bodypress",
      "tm:bodyslam",
      "tm:bulldoze",
      "tm:bulletseed",
      "tm:chillingwater",
      "tm:covet",
      "tm:curse",
      "tm:dig",
      "tm:disarmingvoice",
      "tm:doubleedge",
      "tm:earthpower",
      "tm:echoedvoice",
      "tm:endeavor",
      "tm:endure",
      "tm:energyball",
      "tm:facade",
      "tm:gigaimpact",
      "tm:headbutt",
      "tm:helpinghand",
      "tm:highhorsepower",
      "tm:hyperbeam",
      "tm:hypervoice",
      "tm:ironhead",
      "tm:lashout",
      "tm:mudshot",
      "tm:mudslap",
      "tm:playrough",
      "tm:protect",
      "tm:raindance",
      "tm:rest",
      "tm:seedbomb",
      "tm:sleeptalk",
      "tm:stompingtantrum",
      "tm:substitute",
      "tm:sunnyday",
      "tm:superfang",
      "tm:takedown",
      "tm:terablast",
      "tm:thief",
      "tm:trailblaze",
      "tm:uproar",
      "tm:workup",
      "tm:zenheadbutt",
      "tutor:bulldoze",
      "tutor:covet",
      "tutor:earthpower",
      "tutor:endeavor",
      "tutor:energyball",
      "tutor:gigaimpact",
      "tutor:helpinghand",
      "tutor:highhorsepower",
      "tutor:hyperbeam",
      "tutor:hypervoice",
      "tutor:ironhead",
      "tutor:lashout",
      "tutor:mudslap",
      "tutor:playrough",
      "tutor:rest",
      "tutor:seedbomb",
      "tutor:sleeptalk",
      "tutor:stompingtantrum",
      "tutor:superfang",
      "tutor:uproar",
      "tutor:zenheadbutt"
    ],
    "preEvolution": "vegonk",
    "evolutions": [],
    "forms": []
  }