{
	"format_version": "1.12.0",
	"minecraft:geometry": [
		{
			"description": {
				"identifier": "geometry.vulamb",
				"texture_width": 128,
				"texture_height": 128,
				"visible_bounds_width": 3,
				"visible_bounds_height": 2.5,
				"visible_bounds_offset": [0, 0.75, 0]
			},
			"bones": [
				{
					"name": "vulamb",
					"pivot": [0, 0, 0]
				},
				{
					"name": "full_body",
					"parent": "vulamb",
					"pivot": [0, 7.825, 0]
				},
				{
					"name": "body",
					"parent": "full_body",
					"pivot": [0, 7.825, 0],
					"cubes": [
						{"origin": [-4, 5.625, -6.5], "size": [8, 6, 13], "uv": [0, 0]},
						{"origin": [-3, 11.625, -2.5], "size": [6, 3, 6], "uv": [42, 12]},
						{"origin": [4.01, 3.635, -6.5], "size": [0, 8, 13], "uv": [0, 32]},
						{"origin": [-4.01, 3.635, -6.5], "size": [0, 8, 13], "uv": [26, 32]},
						{"origin": [-4, 11.635, -6.5], "size": [8, 0, 13], "uv": [0, 19]},
						{"origin": [-4, 3.625, 6.51], "size": [8, 8, 0], "uv": [52, 27]},
						{"origin": [-4, 3.625, -6.51], "size": [8, 8, 0], "uv": [52, 35]},
						{"origin": [-3, 14.615, -2.5], "size": [6, 0, 6], "uv": [42, 21]}
					]
				},
				{
					"name": "tail",
					"parent": "body",
					"pivot": [0, 11.075, 6.25],
					"cubes": [
						{"origin": [-1, 10.625, 5.75], "size": [2, 2, 2], "uv": [54, 61]}
					]
				},
				{
					"name": "head",
					"parent": "full_body",
					"pivot": [0, 9.825, -6.25],
					"cubes": [
						{"origin": [-3, 9.125, -12.25], "size": [6, 5, 7], "uv": [42, 0]}
					]
				},
				{
					"name": "horns",
					"parent": "head",
					"pivot": [0, 13.325, -6.75]
				},
				{
					"name": "left_horn",
					"parent": "horns",
					"pivot": [3, 13.325, -6.75],
					"rotation": [-30, 0, 0],
					"cubes": [
						{"origin": [2.25, 12.625, -7.75], "size": [2, 2, 2], "uv": [0, 61]},
						{"origin": [1.25, 14.625, -7.75], "size": [3, 3, 2], "uv": [42, 27]}
					]
				},
				{
					"name": "right_horn",
					"parent": "horns",
					"pivot": [-3, 13.325, -6.75],
					"rotation": [-30, 0, 0],
					"cubes": [
						{"origin": [-4.25, 12.625, -7.75], "size": [2, 2, 2], "uv": [8, 61]},
						{"origin": [-4.25, 14.625, -7.75], "size": [3, 3, 2], "uv": [20, 53]}
					]
				},
				{
					"name": "eyes",
					"parent": "head",
					"pivot": [0, 11.575, -8.95]
				},
				{
					"name": "left_eye",
					"parent": "eyes",
					"pivot": [3, 11.575, -9.05],
					"cubes": [
						{"origin": [3.01, 10.625, -10.75], "size": [0, 2, 3], "uv": [46, 53]},
						{"origin": [3.02, 10.625, -10.5], "size": [0, 2, 2], "uv": [16, 61]},
						{"origin": [3.03, 11.375, -10], "size": [0, 1, 1], "uv": [28, 58]}
					]
				},
				{
					"name": "right_eye",
					"parent": "eyes",
					"pivot": [-3, 11.575, -9.05],
					"cubes": [
						{"origin": [-3.01, 10.625, -10.75], "size": [0, 2, 3], "uv": [40, 60]},
						{"origin": [-3.02, 10.625, -10.5], "size": [0, 2, 2], "uv": [36, 62]},
						{"origin": [-3.03, 11.375, -10], "size": [0, 1, 1], "uv": [62, 54]}
					]
				},
				{
					"name": "mouth",
					"parent": "head",
					"pivot": [0, 10.075, -12.25]
				},
				{
					"name": "small_mouth",
					"parent": "mouth",
					"pivot": [0, 10.075, -12.25],
					"cubes": [
						{"origin": [-1, 9.625, -12.26], "size": [2, 1, 0], "uv": [46, 58]}
					]
				},
				{
					"name": "large_mouth",
					"parent": "mouth",
					"pivot": [0, 10.075, -11.25],
					"cubes": [
						{"origin": [-1, 9.125, -11.26], "size": [2, 2, 0], "uv": [62, 52]}
					]
				},
				{
					"name": "ears",
					"parent": "head",
					"pivot": [0, 12.125, -6.5]
				},
				{
					"name": "left_ear",
					"parent": "ears",
					"pivot": [3, 12.125, -6.5],
					"cubes": [
						{"origin": [2, 12.125, -7.55], "size": [4, 0, 2], "uv": [54, 59]}
					]
				},
				{
					"name": "right_ear",
					"parent": "ears",
					"pivot": [-3, 12.125, -6.5],
					"cubes": [
						{"origin": [-6, 12.125, -7.55], "size": [4, 0, 2], "uv": [28, 60]}
					]
				},
				{
					"name": "legs",
					"parent": "full_body",
					"pivot": [0, 8.625, 0.75]
				},
				{
					"name": "front_legs",
					"parent": "legs",
					"pivot": [0, 8.625, -3.5]
				},
				{
					"name": "front_left_leg",
					"parent": "front_legs",
					"pivot": [3.005, 8.625, -3.5],
					"rotation": [10, 0, 0],
					"cubes": [
						{"origin": [2.005, 4.625, -5], "size": [2, 5, 3], "uv": [52, 43]}
					]
				},
				{
					"name": "front_left_leg_1",
					"parent": "front_left_leg",
					"pivot": [3, 4.625, -2.9],
					"rotation": [-10, 0, 0],
					"cubes": [
						{"origin": [2, 0.625, -4], "size": [2, 5, 2], "uv": [30, 53]}
					]
				},
				{
					"name": "front_left_leg_2",
					"parent": "front_left_leg_1",
					"pivot": [3, 0.625, -3],
					"cubes": [
						{"origin": [2, -0.175, -4.1], "size": [2, 1, 2], "inflate": 0.01, "uv": [28, 62]}
					]
				},
				{
					"name": "front_right_leg",
					"parent": "front_legs",
					"pivot": [-3.005, 8.625, -3.5],
					"rotation": [10, 0, 0],
					"cubes": [
						{"origin": [-4.005, 4.625, -5], "size": [2, 5, 3], "uv": [52, 51]}
					]
				},
				{
					"name": "front_right_leg_1",
					"parent": "front_right_leg",
					"pivot": [-3, 4.625, -2.9],
					"rotation": [-10, 0, 0],
					"cubes": [
						{"origin": [-4, 0.625, -4], "size": [2, 5, 2], "uv": [38, 53]}
					]
				},
				{
					"name": "front_right_leg_2",
					"parent": "front_right_leg_1",
					"pivot": [-3, 0.625, -2.9],
					"cubes": [
						{"origin": [-4, -0.175, -4.1], "size": [2, 1, 2], "inflate": 0.01, "uv": [62, 43]}
					]
				},
				{
					"name": "back_legs",
					"parent": "legs",
					"pivot": [0, 8.625, 4.65]
				},
				{
					"name": "back_left_leg",
					"parent": "back_legs",
					"pivot": [3.005, 8.625, 4.65],
					"rotation": [10, 0, 0],
					"cubes": [
						{"origin": [2.005, 4.625, 3], "size": [2, 5, 3], "uv": [0, 53]}
					]
				},
				{
					"name": "back_left_leg_1",
					"parent": "back_left_leg",
					"pivot": [3, 4.625, 5.05],
					"rotation": [-10, 0, 0],
					"cubes": [
						{"origin": [2, 0.625, 4], "size": [2, 5, 2], "uv": [20, 58]}
					]
				},
				{
					"name": "back_left_leg_2",
					"parent": "back_left_leg_1",
					"pivot": [3, 0.625, 5.05],
					"cubes": [
						{"origin": [2, -0.175, 3.9], "size": [2, 1, 2], "inflate": 0.01, "uv": [62, 46]}
					]
				},
				{
					"name": "back_right_leg",
					"parent": "back_legs",
					"pivot": [-3.005, 8.625, 4.65],
					"rotation": [10, 0, 0],
					"cubes": [
						{"origin": [-4.005, 4.625, 3], "size": [2, 5, 3], "uv": [10, 53]}
					]
				},
				{
					"name": "back_right_leg_1",
					"parent": "back_right_leg",
					"pivot": [-3, 4.625, 5.05],
					"rotation": [-10, 0, 0],
					"cubes": [
						{"origin": [-4, 0.625, 4], "size": [2, 5, 2], "uv": [46, 59]}
					]
				},
				{
					"name": "back_right_leg_2",
					"parent": "back_right_leg_1",
					"pivot": [-3, 0.625, 5.05],
					"cubes": [
						{"origin": [-4, -0.175, 3.9], "size": [2, 1, 2], "inflate": 0.01, "uv": [62, 49]}
					]
				}
			]
		}
	]
}