{
    "enabled": true,
    "neededInstalledMods": [],
    "neededUninstalledMods": [],
    "spawns": [
        {
            "id": "duskit-1",
            "pokemon": "duskit",
            "presets": [
                "natural",
                "wild"
            ],
            "type": "pokemon",
            "context": "grounded",
            "bucket": "rare",
            "level": "5-25",
            "weight": 6,
            "condition": {
                "biomes": [
                    "minecraft:cherry_grove",
                    "terralith:sakura_grove",
                    "terralith:sakura_valley"                   
                ]
            }
        },
        {
            "id": "duskit-2",
            "pokemon": "duskit",
            "presets": [
                "natural"
            ],
            "type": "pokemon",
            "context": "grounded",
            "bucket": "ultra-rare",
            "level": "5-30",
            "weight": 3,
            "condition": {
                "minSkyLight": 0,
                "maxSkyLight": 7,
                "biomes": [
                    "minecraft:forest"
                ],
                "minY": 0
            }
        },
        {
            "id": "duskit-3",
            "pokemon": "duskit",
            "presets": [
                "natural"
            ],
            "type": "pokemon",
            "context": "grounded",
            "bucket": "rare",
            "level": "12-34",
            "weight": 12.0,
            "condition": {
                "biomes": [
                    "minecraft:cherry_grove",
                    "terralith:sakura_grove",
                    "terralith:sakura_valley"  
                ],
                "neededNearbyBlocks": [
                    "minecraft:cracked_stone_bricks",
                    "minecraft:mossy_stone_bricks",
                    "minecraft:stone_bricks",
                    "minecraft:stone_brick_slab",
                    "minecraft:stone_brick_wall",
                    "minecraft:mossy_stone_brick_wall",
                    "minecraft:stone_brick_stairs",
                    "minecraft:mossy_stone_brick_slab",
                    "minecraft:mossy_stone_brick_stairs",
                    "minecraft:chiseled_stone_bricks"
                ]
            }
        }
    ]
}