{
	"format_version": "1.12.0",
	"minecraft:geometry": [
		{
			"description": {
				"identifier": "geometry.shawamp",
				"texture_width": 128,
				"texture_height": 128,
				"visible_bounds_width": 3,
				"visible_bounds_height": 3.5,
				"visible_bounds_offset": [0, 1.25, 0]
			},
			"bones": [
				{
					"name": "torso",
					"pivot": [0, 0, 0],
					"cubes": [
						{"origin": [-5.5, 0, -5.5], "size": [11, 9, 11], "uv": [0, 0]},
						{"origin": [-5.5, 1, -11.75], "size": [11, 0, 7], "pivot": [0, 0, -9], "rotation": [20, 0, 0], "uv": [37, 11]},
						{"origin": [-5.5, 1, 4.75], "size": [11, 0, 7], "pivot": [0, 0, 9], "rotation": [-20, 0, 0], "uv": [33, 31]},
						{"origin": [-11.75, 1, -5.5], "size": [7, 0, 11], "pivot": [-9, 0, 0], "rotation": [0, 0, -20], "uv": [29, 20]},
						{"origin": [4.75, 1, -5.5], "size": [7, 0, 11], "pivot": [9, 0, 0], "rotation": [0, 0, 20], "uv": [22, 0]}
					]
				},
				{
					"name": "head",
					"parent": "torso",
					"pivot": [0, 9, 0],
					"cubes": [
						{"origin": [-5, 9, -5], "size": [10, 10, 10], "uv": [0, 20]},
						{"origin": [-2.5, 12.25, -5.1], "size": [5, 5, 0], "uv": [0, 25]},
						{"origin": [5.1, 12.25, -2.5], "size": [0, 5, 5], "uv": [0, 20]},
						{"origin": [-2.5, 12.25, 5.1], "size": [5, 5, 0], "uv": [0, 25]},
						{"origin": [-5.1, 12.25, -2.5], "size": [0, 5, 5], "uv": [0, 20]}
					]
				},
				{
					"name": "pupil_left",
					"parent": "head",
					"pivot": [5.3, 14.75, 0],
					"cubes": [
						{"origin": [5.3, 14.25, -0.5], "size": [0, 1, 1], "uv": [1, 9]}
					]
				},
				{
					"name": "pupil_right",
					"parent": "head",
					"pivot": [-5.3, 14.75, 0],
					"cubes": [
						{"origin": [-5.2, 14.25, -0.5], "size": [0, 1, 1], "uv": [5, 9]}
					]
				},
				{
					"name": "pupil_back",
					"parent": "head",
					"pivot": [0, 14.75, 5.3],
					"cubes": [
						{"origin": [-0.5, 14.25, 5.3], "size": [1, 1, 0], "uv": [4, 10]}
					]
				},
				{
					"name": "pupil_front",
					"parent": "head",
					"pivot": [0, 14.75, -5.3],
					"cubes": [
						{"origin": [-0.5, 14.25, -5.3], "size": [1, 1, 0], "uv": [6, 10]}
					]
				},
				{
					"name": "tentacle1",
					"parent": "head",
					"pivot": [-0.03088, 18.98101, 0.19296],
					"cubes": [
						{"origin": [-1.72688, 27.08055, -1.94174], "size": [4, 5, 4], "pivot": [0.05826, 25.53202, 0.05826], "rotation": [0.33608, -44.85146, 178.86916], "uv": [0, 43]}
					]
				},
				{
					"name": "tentacle2",
					"parent": "tentacle1",
					"pivot": [0.05826, 24.03202, 0.05826],
					"cubes": [
						{"origin": [-1.5, 22.66809, -1.25], "size": [3, 5, 3], "pivot": [0.05826, 25.53202, 0.05826], "rotation": [0, -45, 0], "uv": [0, 52]}
					]
				},
				{
					"name": "tentacle3",
					"parent": "tentacle2",
					"pivot": [-0.6026, 27.83303, 0.67356],
					"cubes": [
						{"origin": [-0.7956, 18.59242, -0.94174], "size": [2, 5, 2], "pivot": [0.05826, 25.53202, 0.05826], "rotation": [0, -45, -180], "uv": [16, 45]}
					]
				}
			]
		}
	]
}