{
	"format_version": "1.8.0",
	"animations": {
		"animation.allayze.ground_idle": {
			"loop": true,
			"animation_length": 4,
			"bones": {
				"body": {
					"position": {
						"0.0": [0, 0, 0],
						"2.0": [0, 1, 0],
						"4.0": [0, 0, 0]
					}
				},
				"torso": {
					"rotation": [15, 0, 0]
				},
				"head": {
					"rotation": {
						"0.0": [0, 0, 0],
						"2.0": [5, 0, 0],
						"4.0": [0, 0, 0]
					}
				},
				"arm1": {
					"rotation": [0, 0, 60]
				},
				"arm2": {
					"rotation": [0, 0, -60]
				},
				"wing1": {
					"rotation": {
						"0.0": [0, 60, 0],
						"1.0": [0, 30, 0],
						"2.0": [0, 60, 0],
						"3.0": [0, 30, 0],
						"4.0": [0, 60, 0]
					}
				},
				"wing2": {
					"rotation": {
						"0.0": [0, -60, 0],
						"1.0": [0, -30, 0],
						"2.0": [0, -60, 0],
						"3.0": [0, -30, 0],
						"4.0": [0, -60, 0]
					}
				}
			}
		},
		"animation.allayze.ground_walk": {
			"loop": true,
			"animation_length": 1,
			"bones": {
				"body": {
					"position": {
						"0.0": [0, 0, 0],
						"0.5": [0, 1, 0],
						"1.0": [0, 0, 0]
					}
				},
				"torso": {
					"rotation": [45, 0, 0]
				},
				"head": {
					"rotation": {
						"0.0": [0, 0, 0],
						"0.5": [5, 0, 0],
						"1.0": [0, 0, 0]
					}
				},
				"arm1": {
					"rotation": {
						"0.0": [0, 0, 30],
						"0.5": [0, 0, 35],
						"1.0": [0, 0, 30]
					}
				},
				"arm2": {
					"rotation": {
						"0.0": [0, 0, -30],
						"0.5": [0, 0, -35],
						"1.0": [0, 0, -30]
					}
				},
				"wing1": {
					"rotation": {
						"0.0": [0, 70, 0],
						"0.25": [0, 15, 0],
						"0.5": [0, 70, 0],
						"0.75": [0, 15, 0],
						"1.0": [0, 70, 0]
					}
				},
				"wing2": {
					"rotation": {
						"0.0": [0, -70, 0],
						"0.25": [0, -15, 0],
						"0.5": [0, -70, 0],
						"0.75": [0, -15, 0],
						"1.0": [0, -70, 0]
					}
				}
			}
		},
		"animation.allayze.faint": {
			"animation_length": 3,
			"bones": {
				"body": {
					"position": {
						"0.0": [0, 0, 0],
						"1.0": [0, -9, 0],
						"2.9583": [0, -9, 0]
					},
					"scale": {
						"0.0": [1, 1, 1],
						"1.0": [0, 0, 0],
						"2.9583": [0, 0, 0]
					}
				},
				"torso": {
					"rotation": {
						"0.0": [-20, 0, 0],
						"1.0": [-50, 0, 0]
					}
				},
				"eyes": {
					"scale": {
						"0.0": [1, 1, 1],
						"0.5": [1, 0, 1]
					}
				},
				"arm1": {
					"rotation": [0, 0, 50]
				},
				"arm2": {
					"rotation": [0, 0, -50]
				},
				"wing1": {
					"rotation": [0, 75, 0]
				},
				"wing2": {
					"rotation": [0, -75, 0]
				}
			}
		},
		"animation.allayze.sleep": {
			"loop": true,
			"animation_length": 4,
			"bones": {
				"body": {
					"position": {
						"0.0": [0, -3, 0],
						"2.0": [0, -3.5, 0],
						"4.0": [0, -3, 0]
					}
				},
				"torso": {
					"rotation": [70, 0, 0]
				},
				"head": {
					"rotation": {
						"0.0": [30, 0, 0],
						"2.0": [27.5, 0, 0],
						"4.0": [30, 0, 0]
					}
				},
				"eyes": {
					"scale": [1, 0, 1]
				},
				"arm1": {
					"rotation": [90, 70, 90]
				},
				"arm2": {
					"rotation": [89.99999, -70, -89.99999]
				},
				"wing1": {
					"rotation": {
						"0.0": [0, 80, 0],
						"2.0": [0, 55, 0],
						"4.0": [0, 80, 0]
					}
				},
				"wing2": {
					"rotation": {
						"0.0": [0, -80, 0],
						"2.0": [0, -55, 0],
						"4.0": [0, -80, 0]
					}
				}
			}
		}
	}
}