{
	"format_version": "1.12.0",
	"minecraft:geometry": [
		{
			"description": {
				"identifier": "geometry.flotone",
				"texture_width": 64,
				"texture_height": 64,
				"visible_bounds_width": 3,
				"visible_bounds_height": 2.5,
				"visible_bounds_offset": [0, 0.75, 0]
			},
			"bones": [
				{
					"name": "flotone",
					"pivot": [0, 0, 0]
				},
				{
					"name": "bone",
					"parent": "flotone",
					"pivot": [0, 0, 0],
					"cubes": [
						{"origin": [-6, 0, -6], "size": [12, 7, 12], "uv": [0, 0]}
					]
				},
				{
					"name": "head",
					"parent": "bone",
					"pivot": [0, 7, 0],
					"cubes": [
						{"origin": [-4, 6, -4], "size": [8, 8, 8], "uv": [1, 31]},
						{"origin": [2.5, 12.5, -0.5], "size": [2, 3, 1], "pivot": [4, 13, 0], "rotation": [0, 0, 45], "uv": [44, 38]},
						{"origin": [-2.5, 14, -2.5], "size": [5, 4, 5], "uv": [41, 1]},
						{"origin": [-4.5, 12.5, -0.5], "size": [2, 3, 1], "pivot": [-4, 13, 0], "rotation": [0, 0, -45], "uv": [44, 38], "mirror": true}
					]
				},
				{
					"name": "arm",
					"parent": "head",
					"pivot": [4, 9.5, 0],
					"rotation": [0, 0, 15],
					"cubes": [
						{"origin": [3, 7, -2.5], "size": [9, 5, 5], "uv": [35, 22]}
					]
				},
				{
					"name": "arm2",
					"parent": "head",
					"pivot": [-4, 9.5, 0],
					"rotation": [0, 0, -15],
					"cubes": [
						{"origin": [-12, 7, -2.5], "size": [9, 5, 5], "uv": [35, 22], "mirror": true}
					]
				}
			]
		}
	]
}