{
	"format_version": "1.12.0",
	"minecraft:geometry": [
		{
			"description": {
				"identifier": "geometry.xuehu_colt",
				"texture_width": 128,
				"texture_height": 128,
				"visible_bounds_width": 7,
				"visible_bounds_height": 3.5,
				"visible_bounds_offset": [0, 1.25, 0]
			},
			"bones": [
				{
					"name": "xuehu",
					"pivot": [0, 0, 0]
				},
				{
					"name": "body",
					"parent": "xuehu",
					"pivot": [0, 0, 0]
				},
				{
					"name": "leg3",
					"parent": "body",
					"pivot": [5, 14.70516, 5.39729],
					"cubes": [
						{"origin": [2, 9.7, 1], "size": [6, 11, 8], "uv": [0, 59]},
						{"origin": [2.5, 2.94378, 5.62735], "size": [5, 7, 6], "uv": [28, 66]},
						{"origin": [2.5, -4.43133, 16.66183], "size": [5, 7, 6], "inflate": 0.01, "pivot": [-0.5, -11.43133, -1.33817], "rotation": [42.5, 0, 0], "uv": [70, 21], "mirror": true},
						{"origin": [2.5, 0, 4.6], "size": [5, 3, 7], "uv": [82, 0]},
						{"origin": [3.5, 0, 2.6], "size": [0, 2, 2], "uv": [68, 99]},
						{"origin": [2.5, 0, 2.6], "size": [0, 2, 2], "uv": [46, 79]},
						{"origin": [6.5, 0, 2.6], "size": [0, 2, 2], "uv": [18, 95]},
						{"origin": [7.5, 0, 2.6], "size": [0, 2, 2], "uv": [40, 89]}
					]
				},
				{
					"name": "leg",
					"parent": "body",
					"pivot": [-4.5, 16.71429, -8.07143],
					"cubes": [
						{"origin": [-7.5, 9, -11], "size": [6, 11, 7], "uv": [60, 65]}
					]
				},
				{
					"name": "knee",
					"parent": "leg",
					"pivot": [-4.5, 8.91667, -6.33333],
					"cubes": [
						{"origin": [-7, 3, -8], "size": [5, 6, 5], "inflate": 0.01, "uv": [86, 47]}
					]
				},
				{
					"name": "paw",
					"parent": "knee",
					"pivot": [-4.5, 2.1, -8.1],
					"cubes": [
						{"origin": [-7, 0, -10], "size": [5, 3, 7], "uv": [22, 79]},
						{"origin": [-7, 0, -12], "size": [0, 2, 2], "uv": [86, 75]},
						{"origin": [-6, 0, -12], "size": [0, 2, 2], "uv": [18, 91]},
						{"origin": [-3, 0, -12], "size": [0, 2, 2], "uv": [86, 79]},
						{"origin": [-2, 0, -12], "size": [0, 2, 2], "uv": [64, 99]}
					]
				},
				{
					"name": "leg4",
					"parent": "body",
					"pivot": [-5, 15.69266, 5.39729],
					"cubes": [
						{"origin": [-8, 9.7, 1], "size": [6, 11, 8], "uv": [32, 47]},
						{"origin": [-7.5, -4.43133, 16.66183], "size": [5, 7, 6], "inflate": 0.01, "pivot": [0.5, -11.43133, -1.33817], "rotation": [42.5, 0, 0], "uv": [70, 21]},
						{"origin": [-7.5, 2.94378, 5.62735], "size": [5, 7, 6], "uv": [70, 34]},
						{"origin": [-7.5, 0, 2.6], "size": [0, 2, 2], "uv": [84, 100]},
						{"origin": [-6.5, 0, 2.6], "size": [0, 2, 2], "uv": [80, 100]},
						{"origin": [-7.5, 0, 4.6], "size": [5, 3, 7], "uv": [82, 10]},
						{"origin": [-3.5, -0.1, 2.6], "size": [0, 2.1, 2], "uv": [72, 99]},
						{"origin": [-2.5, -0.1, 2.6], "size": [0, 2.1, 2], "uv": [76, 100]}
					]
				},
				{
					"name": "leg2",
					"parent": "body",
					"pivot": [4.5, 18.5, -7.5],
					"cubes": [
						{"origin": [1.5, 9, -11], "size": [6, 11, 7], "uv": [60, 47]}
					]
				},
				{
					"name": "knee2",
					"parent": "leg2",
					"pivot": [4.5, 8.91667, -7.33333],
					"cubes": [
						{"origin": [2, 3, -8], "size": [5, 6, 5], "inflate": 0.01, "uv": [70, 83]}
					]
				},
				{
					"name": "paw2",
					"parent": "knee2",
					"pivot": [4.5, 3.1, -8.1],
					"cubes": [
						{"origin": [2, 0, -12], "size": [0, 2, 2], "uv": [92, 100]},
						{"origin": [3, 0, -12], "size": [0, 2, 2], "uv": [88, 100]},
						{"origin": [6, 0, -12], "size": [0, 2, 2], "uv": [96, 100]},
						{"origin": [7, 0, -12], "size": [0, 2, 2], "uv": [100, 100]},
						{"origin": [2, 0, -10], "size": [5, 3, 7], "uv": [46, 83]}
					]
				},
				{
					"name": "torso",
					"parent": "body",
					"pivot": [0, 17.9, 3],
					"cubes": [
						{"origin": [-5, 12.4, -2], "size": [10, 11, 10], "uv": [42, 0]}
					]
				},
				{
					"name": "tail",
					"parent": "torso",
					"pivot": [0, 21.9, 7.5],
					"cubes": [
						{"origin": [-1, 20.4, 8], "size": [2, 3, 7], "uv": [86, 65]}
					]
				},
				{
					"name": "tail2",
					"parent": "tail",
					"pivot": [0, 21.9, 14.5],
					"cubes": [
						{"origin": [-1, 20.4, 15], "size": [2, 3, 7], "uv": [22, 89]}
					]
				},
				{
					"name": "tail3",
					"parent": "tail2",
					"pivot": [0, 21.9, 22.5],
					"cubes": [
						{"origin": [-1, 20.4, 22], "size": [2, 3, 7], "uv": [90, 75]}
					]
				},
				{
					"name": "tail4",
					"parent": "tail3",
					"pivot": [0, 21.9, 29.5],
					"cubes": [
						{"origin": [-1, 20.4, 29], "size": [2, 3, 7], "uv": [90, 85]}
					]
				},
				{
					"name": "tail5",
					"parent": "tail4",
					"pivot": [0, 22.15, 36.25],
					"cubes": [
						{"origin": [-1, 20.4, 36], "size": [2, 3, 7], "uv": [0, 91]},
						{"origin": [0, 16.4, 36], "size": [0, 12, 14], "uv": [42, 21]}
					]
				},
				{
					"name": "uppertorso",
					"parent": "torso",
					"pivot": [0, 23.06395, -2.13704],
					"cubes": [
						{"origin": [-5.5, 10.4, -12], "size": [11, 13, 10], "uv": [0, 0]},
						{"origin": [-3.5, 25.4, -10], "size": [3, 5, 3], "pivot": [2.5, 18.4, -17], "rotation": [-5, 0, -20], "uv": [92, 31]},
						{"origin": [3.08426, 32.5002, -11.12671], "size": [3, 5, 3], "pivot": [0.08426, 25.5002, -18.12671], "rotation": [-22.5, 0, 20], "uv": [92, 39]},
						{"origin": [-6.08426, 32.5002, -11.12671], "size": [3, 5, 3], "pivot": [-0.08426, 25.5002, -18.12671], "rotation": [-22.5, 0, -20], "uv": [40, 93]},
						{"origin": [0.5, 25.4, -10], "size": [3, 5, 3], "pivot": [-2.5, 18.4, -17], "rotation": [-5, 0, 20], "uv": [52, 93]}
					]
				},
				{
					"name": "neck",
					"parent": "uppertorso",
					"pivot": [0, 20.07502, -12.09687],
					"cubes": [
						{"origin": [-5, 13.37482, -15.15299], "size": [10, 10, 6], "pivot": [0, 12.37482, -9.15299], "rotation": [5, 0, 0], "uv": [0, 43]},
						{"origin": [0, 24.1, -16.3], "size": [0, 3, 3], "pivot": [0, 19.87953, -15.8], "rotation": [-17.5, 0, 0], "uv": [24, 99]},
						{"origin": [-2, 22.1, -15], "size": [4, 2, 3], "uv": [92, 95]}
					]
				},
				{
					"name": "head",
					"parent": "neck",
					"pivot": [0, 17.50687, -18.02569],
					"cubes": [
						{"origin": [-4, 13.5, -27], "size": [8, 4, 3], "uv": [86, 58]},
						{"origin": [-3.5, 12.5, -27], "size": [1, 1, 0], "uv": [35, 45]},
						{"origin": [2.5, 12.5, -27], "size": [1, 1, 0], "uv": [35, 45]},
						{"origin": [-1.5, 17.30086, -27.15382], "size": [3, 2, 4], "pivot": [0, 18.77953, -22.5], "rotation": [10, 0, 0], "uv": [92, 25]},
						{"origin": [-8, 13, -23.5], "size": [2, 7, 0], "uv": [28, 59]},
						{"origin": [6, 13, -23.5], "size": [2, 7, 0], "uv": [56, 76]},
						{"origin": [-6, 12, -24], "size": [12, 11, 9], "uv": [0, 23]},
						{"origin": [-2, 23, -23], "size": [4, 2, 3], "uv": [64, 94]},
						{"origin": [0, 25, -24.3], "size": [0, 3, 3], "pivot": [0, 20.77953, -23.8], "rotation": [-17.5, 0, 0], "uv": [50, 76]},
						{"origin": [0, 24.6, -20.3], "size": [0, 3, 3], "pivot": [0, 20.37953, -19.8], "rotation": [-17.5, 0, 0], "uv": [18, 99]},
						{"origin": [-2, 22.6, -19], "size": [4, 2, 3], "uv": [78, 95]},
						{"origin": [4.3, 13.1, -24], "size": [2, 1, 0], "inflate": 0.01, "pivot": [4.3, 11.87953, -22.5], "rotation": [0, 0, -15], "uv": [78, 0]},
						{"origin": [-5.9, 14.6, -24], "size": [1, 1, 0], "inflate": 0.01, "pivot": [-3.9, 13.37953, -22.5], "rotation": [0, 0, 15], "uv": [78, 0], "mirror": true},
						{"origin": [-4.6, 20.5, -24], "size": [3, 1, 0], "inflate": 0.01, "pivot": [-1.6, 19.27953, -22.5], "rotation": [0, 0, 15], "uv": [77, 0], "mirror": true},
						{"origin": [1.6, 20.5, -24], "size": [3, 1, 0], "inflate": 0.01, "pivot": [1.6, 19.27953, -22.5], "rotation": [0, 0, -15], "uv": [77, 0]},
						{"origin": [4.9, 14.6, -24], "size": [1, 1, 0], "inflate": 0.01, "pivot": [3.9, 13.37953, -22.5], "rotation": [0, 0, -15], "uv": [78, 0]},
						{"origin": [-6.3, 13.1, -24], "size": [2, 1, 0], "inflate": 0.01, "pivot": [-4.3, 11.87953, -22.5], "rotation": [0, 0, 15], "uv": [78, 0], "mirror": true}
					]
				},
				{
					"name": "eyes",
					"parent": "head",
					"pivot": [0, 19.15794, -24],
					"cubes": [
						{"origin": [-5.60554, 17.18653, -24], "size": [4, 3, 0], "inflate": 0.02, "pivot": [0, 18.77953, -22.5], "rotation": [0, 0, 7.5], "uv": [32, 43], "mirror": true},
						{"origin": [1.60554, 17.18653, -24], "size": [4, 3, 0], "inflate": 0.02, "pivot": [0, 18.77953, -22.5], "rotation": [0, 0, -7.5], "uv": [32, 43]}
					]
				},
				{
					"name": "ear",
					"parent": "head",
					"pivot": [-4.05494, 22.55906, -22],
					"cubes": [
						{"origin": [-6.47454, 22.84904, -22], "size": [5, 5, 0], "pivot": [0, 18.77953, -22.5], "rotation": [0, 0, -10], "uv": [50, 66]}
					]
				},
				{
					"name": "ear2",
					"parent": "head",
					"pivot": [4.05494, 22.55906, -22],
					"cubes": [
						{"origin": [1.47454, 22.84904, -22], "size": [5, 5, 0], "pivot": [0, 18.77953, -22.5], "rotation": [0, 0, 10], "uv": [50, 71]}
					]
				},
				{
					"name": "jaw",
					"parent": "head",
					"pivot": [0, 14, -23],
					"cubes": [
						{"origin": [-3.5, 12, -26.5], "size": [7, 2, 3], "uv": [92, 20]}
					]
				}
			]
		}
	]
}