{
	"format_version": "1.8.0",
	"animations": {
		"animation.woohorn.show": {
			"loop": true,
			"animation_length": 4,
			"bones": {
				"all": {
					"rotation": {
						"0.0": [0, 0, 0],
						"4.0": [0, 360, 0]
					}
				}
			}
		},
		"animation.woohorn.actionShow": {
			"loop": true,
			"animation_length": 4,
			"bones": {
				"root": {
					"rotation": {
						"0.0": [0, 0, 0],
						"4.0": [0, 360, 0]
					}
				},
				"head": {
					"rotation": [12.5, 0, 0]
				},
				"all": {
					"rotation": [22.5, 0, 0],
					"position": [0, 7, 0]
				},
				"corazaDer": {
					"rotation": [87.5, -35, -42.5]
				},
				"corazaIz": {
					"rotation": [87.5, 35, 42.5]
				},
				"PIzTr": {
					"rotation": [-95, 0, 0]
				},
				"PIzFr": {
					"rotation": [-70, 0, 0]
				},
				"bIz": {
					"rotation": [32.5, 0, 0]
				},
				"bone5": {
					"rotation": [-87.5, 0, 0]
				},
				"bone6": {
					"rotation": [127.5, 0, 0]
				},
				"bone9": {
					"rotation": [7.5, 0, 0]
				},
				"bone8": {
					"rotation": [7.5, 0, 0]
				}
			}
		},
		"animation.woohorn.ground_idle": {
			"loop": true,
			"animation_length": 8,
			"bones": {
				"all": {
					"rotation": {
						"0.0": [0, 0, 0],
						"4.0": [5, 0, 0],
						"8.0": [0, 0, 0]
					}
				},
				"head": {
					"rotation": {
						"0.0": [0, 0, 0],
						"4.0": [-5, 0, 0],
						"8.0": [0, 0, 0]
					}
				},
				"bone10": {
					"rotation": {
						"0.0": [15, 0, 0],
						"4.0": [0, 0, 0],
						"8.0": [15, 0, 0]
					}
				},
				"PDerTr": {
					"rotation": {
						"0.0": [-2.20198, -23.7643, -4.06529],
						"4.0": [-12.28031, -25.0681, -2.69801],
						"8.0": [-2.20198, -23.7643, -4.06529]
					}
				},
				"bone7": {
					"rotation": {
						"0.0": [22.5, 0, 0],
						"4.0": [26.34, 0, 0],
						"8.0": [22.5, 0, 0]
					}
				},
				"PDerFR": {
					"rotation": {
						"0.0": [0, 0, 0],
						"4.0": [-4.47, 0, 0],
						"8.0": [0, 0, 0]
					}
				},
				"bone9": {
					"rotation": {
						"0.0": [0, 0, 0],
						"4.0": [-0.5, 0, 0],
						"8.0": [0, 0, 0]
					}
				},
				"PIzTr": {
					"rotation": {
						"0.0": [-2.20198, 23.7643, 4.0653],
						"4.0": [-12.28031, 25.0681, 2.698],
						"8.0": [-2.20198, 23.7643, 4.0653]
					}
				},
				"bone6": {
					"rotation": {
						"0.0": [22.5, 0, 0],
						"4.0": [26.34, 0, 0],
						"8.0": [22.5, 0, 0]
					}
				},
				"PIzFr": {
					"rotation": {
						"0.0": [0, 0, 0],
						"4.0": [-4.47, 0, 0],
						"8.0": [0, 0, 0]
					}
				},
				"bone8": {
					"rotation": {
						"0.0": [0, 0, 0],
						"4.0": [-0.5, 0, 0],
						"8.0": [0, 0, 0]
					}
				},
				"bDer": {
					"rotation": {
						"0.0": [0, 0, 0],
						"4.0": [-0.34007, 3.2113, 4.6168],
						"8.0": [0, 0, 0]
					}
				},
				"bone12": {
					"rotation": {
						"0.0": [0, 0, 0],
						"4.0": [-4.94918, -0.4327, -7.4091],
						"8.0": [0, 0, 0]
					}
				},
				"bIz": {
					"rotation": {
						"0.0": [0, 0, 0],
						"4.0": [-0.34007, -3.2113, -4.6168],
						"8.0": [0, 0, 0]
					}
				},
				"bone13": {
					"rotation": {
						"0.0": [0, 0, 0],
						"4.0": [-4.94918, 0.43271, 7.40912],
						"8.0": [0, 0, 0]
					}
				}
			}
		},
		"animation.woohorn.ground_walk": {
			"loop": true,
			"animation_length": 2,
			"bones": {
				"all": {
					"rotation": [0, 0, 0]
				},
				"boddy": {
					"rotation": {
						"0.0": [0, -2.5, 2.5],
						"0.5": [-2.5, 0, 0],
						"1.0": [0, 2.5, -2.5],
						"1.5": [-2.5, 0, 0],
						"2.0": [0, -2.5, 2.5]
					}
				},
				"head": {
					"relative_to": {
						"rotation": "entity"
					},
					"rotation": [0, 0, 0.01]
				},
				"bone10": {
					"rotation": {
						"0.0": [7.5, 0, 0],
						"1.0": [15, 0, 0],
						"2.0": [7.5, 0, 0]
					}
				},
				"PDerTr": {
					"rotation": {
						"0.0": [-4.23323, -23.7643, -4.0653],
						"0.5": [-0.7176, -23.7643, -4.0653],
						"1.0": [-2.20198, -23.7643, -4.0653],
						"1.5": [35.29802, -23.7643, -4.0653],
						"2.0": [-4.23323, -23.7643, -4.0653]
					}
				},
				"bone7": {
					"rotation": {
						"0.0": [-3.75, 0, 0],
						"1.0": [22.5, 0, 0],
						"1.5": [-12.5, 0, 0],
						"2.0": [-3.75, 0, 0]
					}
				},
				"PDerFR": {
					"rotation": {
						"0.0": [37.5, 0, 0],
						"0.5": [-20, 0, 0],
						"1.0": [10, 0, 0],
						"2.0": [37.5, 0, 0]
					}
				},
				"bone9": {
					"relative_to": {
						"rotation": "entity"
					},
					"rotation": {
						"0.0": [27.5, 0, 0],
						"0.5": [7.5, 0, 0],
						"1.0": [-15, 0, 0],
						"2.0": [27.5, 0, 0]
					}
				},
				"PIzTr": {
					"rotation": {
						"0.0": [-2.20198, 23.7643, 4.0653],
						"0.5": [35.29802, 23.7643, 4.0653],
						"1.0": [-9.23323, 23.7643, 4.0653],
						"1.5": [-0.7176, 23.7643, 4.0653],
						"2.0": [-2.20198, 23.7643, 4.0653]
					}
				},
				"bone6": {
					"rotation": {
						"0.0": [22.5, 0, 0],
						"0.5": [-12.5, 0, 0],
						"1.0": [-3.75, 0, 0],
						"2.0": [22.5, 0, 0]
					}
				},
				"PIzFr": {
					"rotation": {
						"0.0": [10, 0, 0],
						"1.0": [37.5, 0, 0],
						"1.5": [-20, 0, 0],
						"2.0": [10, 0, 0]
					}
				},
				"bone8": {
					"relative_to": {
						"rotation": "entity"
					},
					"rotation": {
						"0.0": [-15, 0, 0],
						"1.0": [27.5, 0, 0],
						"1.5": [7.5, 0, 0],
						"2.0": [-15, 0, 0]
					}
				},
				"bDer": {
					"rotation": {
						"0.0": [-29.1099, -5.49158, -16.64714],
						"1.0": [26.54124, -4.0715, -6.0125],
						"1.5": [-12.5, 0, 0],
						"2.0": [-29.1099, -5.49158, -16.64714]
					}
				},
				"bone12": {
					"rotation": {
						"0.0": [22.33334, -8.83003, 18.35262],
						"1.0": [-12.81302, 1.1809, -0.6149],
						"1.5": [-35, 0, 0],
						"2.0": [22.33334, -8.83003, 18.35262]
					}
				},
				"bone2": {
					"relative_to": {
						"rotation": "entity"
					},
					"rotation": {
						"0.0": [-13.35, 0.1, -0.57],
						"1.0": [0, 0, 0.01],
						"1.5": [-20.01754, 0.1509, 0.8555],
						"2.0": [-13.35, -0.1, 0.57]
					}
				},
				"bone": {
					"relative_to": {
						"rotation": "entity"
					},
					"rotation": {
						"0.0": [-5, 0.01, 0.22],
						"1.0": [0, 0, 0.01],
						"1.5": [-7.50706, -0.0214, -0.3265],
						"2.0": [-5, 0.01, 0.22]
					}
				},
				"bIz": {
					"rotation": {
						"0.0": [26.54124, 4.07152, 6.01254],
						"0.5": [-12.5, 0, 0],
						"1.0": [-21.08703, 7.31282, 21.33311],
						"2.0": [26.54124, 4.07152, 6.01254]
					}
				},
				"bone13": {
					"rotation": {
						"0.0": [-12.81302, -1.18088, 0.6149],
						"0.5": [-35, 0, 0],
						"1.0": [16.94641, 9.56692, -20.7727],
						"2.0": [-12.81302, -1.18088, 0.6149]
					}
				},
				"bone3": {
					"relative_to": {
						"rotation": "entity"
					},
					"rotation": {
						"0.0": [0, 0, 0.01],
						"0.5": [-20.01754, -0.15086, -0.85553],
						"1.0": [-13.35, -0.1, -0.57],
						"2.0": [0, 0, 0.01]
					}
				},
				"bone4": {
					"relative_to": {
						"rotation": "entity"
					},
					"rotation": {
						"0.0": [0, 0, 0.01],
						"0.5": [-7.50706, 0.0214, 0.32652],
						"1.0": [-5, 0.01, 0.22],
						"2.0": [0, 0, 0.01]
					}
				},
				"bone16": {
					"rotation": {
						"0.0": [0, 0, 0],
						"0.5": [-37.5, 0, 0],
						"1.0": [17.5, 0, 0],
						"1.5417": [3.02, 0, 0],
						"2.0": [0, 0, 0]
					}
				},
				"bone11": {
					"rotation": {
						"0.0": [-12.5, 0, 0],
						"0.5": [-34.05, 0, 0],
						"1.0": [0, 0, 0],
						"1.5": [-21.67, 0, 0],
						"1.75": [-25, 0, 0],
						"2.0": [-12.5, 0, 0]
					}
				},
				"bone14": {
					"rotation": {
						"0.0": [0, 0, 0],
						"0.5": [-21.67, 0, 0],
						"0.75": [-25, 0, 0],
						"1.0": [-12.5, 0, 0],
						"1.5": [-34.05, 0, 0],
						"2.0": [0, 0, 0]
					}
				},
				"bone15": {
					"rotation": {
						"0.0": [17.5, 0, 0],
						"0.5": [3.02, 0, 0],
						"1.0": [0, 0, 0],
						"1.5417": [-37.5, 0, 0],
						"2.0": [17.5, 0, 0]
					}
				}
			}
		},
		"animation.woohorn.water_idle": {
			"loop": true,
			"animation_length": 8,
			"bones": {
				"all": {
					"rotation": {
						"0.0": [0, 0, 0],
						"4.0": [5, 0, 0],
						"8.0": [0, 0, 0]
					}
				},
				"head": {
					"rotation": {
						"0.0": [0, 0, 0],
						"4.0": [-5, 0, 0],
						"8.0": [0, 0, 0]
					}
				},
				"bone10": {
					"rotation": {
						"0.0": [15, 0, 0],
						"4.0": [0, 0, 0],
						"8.0": [15, 0, 0]
					}
				},
				"PDerTr": {
					"rotation": {
						"0.0": [-2.20198, -23.7643, -4.06529],
						"4.0": [-12.28031, -25.0681, -2.69801],
						"8.0": [-2.20198, -23.7643, -4.06529]
					}
				},
				"bone7": {
					"rotation": {
						"0.0": [22.5, 0, 0],
						"4.0": [26.34, 0, 0],
						"8.0": [22.5, 0, 0]
					}
				},
				"PDerFR": {
					"rotation": {
						"0.0": [0, 0, 0],
						"4.0": [-4.47, 0, 0],
						"8.0": [0, 0, 0]
					}
				},
				"bone9": {
					"rotation": {
						"0.0": [0, 0, 0],
						"4.0": [-0.5, 0, 0],
						"8.0": [0, 0, 0]
					}
				},
				"PIzTr": {
					"rotation": {
						"0.0": [-2.20198, 23.7643, 4.0653],
						"4.0": [-12.28031, 25.0681, 2.698],
						"8.0": [-2.20198, 23.7643, 4.0653]
					}
				},
				"bone6": {
					"rotation": {
						"0.0": [22.5, 0, 0],
						"4.0": [26.34, 0, 0],
						"8.0": [22.5, 0, 0]
					}
				},
				"PIzFr": {
					"rotation": {
						"0.0": [0, 0, 0],
						"4.0": [-4.47, 0, 0],
						"8.0": [0, 0, 0]
					}
				},
				"bone8": {
					"rotation": {
						"0.0": [0, 0, 0],
						"4.0": [-0.5, 0, 0],
						"8.0": [0, 0, 0]
					}
				},
				"bDer": {
					"rotation": {
						"0.0": [0, 0, 0],
						"4.0": [14.65993, 3.21132, -4.61681],
						"8.0": [0, 0, 0]
					}
				},
				"bone12": {
					"relative_to": {
						"rotation": "entity"
					},
					"rotation": {
						"0.0": [0, 0, 0.01],
						"4.0": [-4.94922, 0.43222, 2.55352],
						"8.0": [0, 0, 0.01]
					}
				},
				"bIz": {
					"rotation": {
						"0.0": [0, 0, 0],
						"4.0": [14.65993, -3.2113, -4.6168],
						"8.0": [0, 0, 0]
					}
				},
				"bone13": {
					"relative_to": {
						"rotation": "entity"
					},
					"rotation": {
						"0.0": [0, 0, 0.01],
						"4.0": [-4.94922, -0.4322, -2.5535],
						"8.0": [0, 0, 0.01]
					}
				}
			}
		},
		"animation.woohorn.water_swim": {
			"loop": true,
			"animation_length": 2,
			"bones": {
				"all": {
					"rotation": [0, 0, 0]
				},
				"boddy": {
					"rotation": {
						"0.0": [0, -2.5, 2.5],
						"0.5": [-2.5, 0, 0],
						"1.0": [0, 2.5, -2.5],
						"1.5": [-2.5, 0, 0],
						"2.0": [0, -2.5, 2.5]
					}
				},
				"head": {
					"relative_to": {
						"rotation": "entity"
					},
					"rotation": [0, 0, 0.01]
				},
				"bone10": {
					"rotation": {
						"0.0": [7.5, 0, 0],
						"1.0": [15, 0, 0],
						"2.0": [7.5, 0, 0]
					}
				},
				"PDerTr": {
					"rotation": {
						"0.0": [-4.23323, -23.7643, -4.0653],
						"0.5": [-0.7176, -23.7643, -4.0653],
						"1.0": [-2.20198, -23.7643, -4.0653],
						"1.5": [35.29802, -23.7643, -4.0653],
						"2.0": [-4.23323, -23.7643, -4.0653]
					}
				},
				"bone7": {
					"rotation": {
						"0.0": [-3.75, 0, 0],
						"1.0": [22.5, 0, 0],
						"1.5": [-12.5, 0, 0],
						"2.0": [-3.75, 0, 0]
					}
				},
				"PDerFR": {
					"rotation": {
						"0.0": [37.5, 0, 0],
						"0.5": [-20, 0, 0],
						"1.0": [10, 0, 0],
						"2.0": [37.5, 0, 0]
					}
				},
				"bone9": {
					"relative_to": {
						"rotation": "entity"
					},
					"rotation": {
						"0.0": [27.5, 0, 0],
						"0.5": [7.5, 0, 0],
						"1.0": [-15, 0, 0],
						"2.0": [27.5, 0, 0]
					}
				},
				"PIzTr": {
					"rotation": {
						"0.0": [-2.20198, 23.7643, 4.0653],
						"0.5": [35.29802, 23.7643, 4.0653],
						"1.0": [-9.23323, 23.7643, 4.0653],
						"1.5": [-0.7176, 23.7643, 4.0653],
						"2.0": [-2.20198, 23.7643, 4.0653]
					}
				},
				"bone6": {
					"rotation": {
						"0.0": [22.5, 0, 0],
						"0.5": [-12.5, 0, 0],
						"1.0": [-3.75, 0, 0],
						"2.0": [22.5, 0, 0]
					}
				},
				"PIzFr": {
					"rotation": {
						"0.0": [10, 0, 0],
						"1.0": [37.5, 0, 0],
						"1.5": [-20, 0, 0],
						"2.0": [10, 0, 0]
					}
				},
				"bone8": {
					"relative_to": {
						"rotation": "entity"
					},
					"rotation": {
						"0.0": [-15, 0, 0],
						"1.0": [27.5, 0, 0],
						"1.5": [7.5, 0, 0],
						"2.0": [-15, 0, 0]
					}
				},
				"bDer": {
					"rotation": {
						"0.0": [-36.64314, -5.90316, -16.50371],
						"1.0": [4.17843, -2.95158, -8.25186],
						"1.5": [-12.5, 0, 0],
						"2.0": [-36.64314, -5.90316, -16.50371]
					}
				},
				"bone12": {
					"relative_to": {
						"rotation": "entity"
					},
					"rotation": {
						"0.0": [-5, 0, 0],
						"1.0": [-2.5, 0, 2.5],
						"1.5": [-35, 0, 0],
						"2.0": [-5, 0, 0]
					}
				},
				"bone2": {
					"relative_to": {
						"rotation": "entity"
					},
					"rotation": {
						"0.0": [-13.35, 0.1, -0.57],
						"1.0": [0, 0, 0.01],
						"1.5": [-20.01754, 0.1509, 0.8555],
						"2.0": [-13.35, -0.1, 0.57]
					}
				},
				"bone": {
					"relative_to": {
						"rotation": "entity"
					},
					"rotation": {
						"0.0": [-5, 0.01, 0.22],
						"1.0": [0, 0, 0.01],
						"1.5": [-7.50706, -0.0214, -0.3265],
						"2.0": [-5, 0.01, 0.22]
					}
				},
				"bIz": {
					"rotation": {
						"0.0": [4.17843, 2.9516, 8.2519],
						"0.5": [-12.5, 0, 0],
						"1.0": [-36.64314, 5.9032, 16.5037],
						"2.0": [4.17843, 2.9516, 8.2519]
					}
				},
				"bone13": {
					"relative_to": {
						"rotation": "entity"
					},
					"rotation": {
						"0.0": [-2.5, 0, -2.5],
						"0.5": [-35, 0, 0],
						"1.0": [-5, 0, 0],
						"2.0": [-2.5, 0, -2.5]
					}
				},
				"bone3": {
					"relative_to": {
						"rotation": "entity"
					},
					"rotation": {
						"0.0": [0, 0, 0.01],
						"0.5": [-20.01754, -0.15086, -0.85553],
						"1.0": [-13.35, -0.1, -0.57],
						"2.0": [0, 0, 0.01]
					}
				},
				"bone4": {
					"relative_to": {
						"rotation": "entity"
					},
					"rotation": {
						"0.0": [0, 0, 0.01],
						"0.5": [-7.50706, 0.0214, 0.32652],
						"1.0": [-5, 0.01, 0.22],
						"2.0": [0, 0, 0.01]
					}
				},
				"bone16": {
					"rotation": {
						"0.0": [0, 0, 0],
						"0.5": [-37.5, 0, 0],
						"1.0": [17.5, 0, 0],
						"1.5417": [3.02, 0, 0],
						"2.0": [0, 0, 0]
					}
				},
				"bone11": {
					"rotation": {
						"0.0": [-12.5, 0, 0],
						"0.5": [-34.05, 0, 0],
						"1.0": [0, 0, 0],
						"1.5": [-21.67, 0, 0],
						"1.75": [-25, 0, 0],
						"2.0": [-12.5, 0, 0]
					}
				},
				"bone14": {
					"rotation": {
						"0.0": [0, 0, 0],
						"0.5": [-21.67, 0, 0],
						"0.75": [-25, 0, 0],
						"1.0": [-12.5, 0, 0],
						"1.5": [-34.05, 0, 0],
						"2.0": [0, 0, 0]
					}
				},
				"bone15": {
					"rotation": {
						"0.0": [17.5, 0, 0],
						"0.5": [3.02, 0, 0],
						"1.0": [0, 0, 0],
						"1.5417": [-37.5, 0, 0],
						"2.0": [17.5, 0, 0]
					}
				}
			}
		},
		"animation.woohorn.air_idle": {
			"loop": true,
			"animation_length": 4,
			"bones": {
				"head": {
					"rotation": [12.5, 0, 0]
				},
				"all": {
					"rotation": [22.5, 0, 0],
					"position": [0, 7, 0]
				},
				"corazaDer": {
					"rotation": [87.5, -35, -42.5]
				},
				"corazaIz": {
					"rotation": [87.5, 35, 42.5]
				},
				"PIzTr": {
					"rotation": [-95, 0, 0]
				},
				"PIzFr": {
					"rotation": [-70, 0, 0]
				},
				"bIz": {
					"rotation": [32.5, 0, 0]
				},
				"bone5": {
					"rotation": [-87.5, 0, 0]
				},
				"bone6": {
					"rotation": [127.5, 0, 0]
				},
				"bone9": {
					"rotation": [7.5, 0, 0]
				},
				"bone8": {
					"rotation": [7.5, 0, 0]
				}
			}
		},
		"animation.woohorn.air_fly": {
			"loop": true,
			"animation_length": 4,
			"bones": {
				"head": {
					"rotation": [12.5, 0, 0]
				},
				"all": {
					"rotation": [22.5, 0, 0],
					"position": [0, 7, 0]
				},
				"corazaDer": {
					"rotation": [87.5, -35, -42.5]
				},
				"corazaIz": {
					"rotation": [87.5, 35, 42.5]
				},
				"PIzTr": {
					"rotation": [-95, 0, 0]
				},
				"PIzFr": {
					"rotation": [-70, 0, 0]
				},
				"bIz": {
					"rotation": [32.5, 0, 0]
				},
				"bone5": {
					"rotation": [-87.5, 0, 0]
				},
				"bone6": {
					"rotation": [127.5, 0, 0]
				},
				"bone9": {
					"rotation": [7.5, 0, 0]
				},
				"bone8": {
					"rotation": [7.5, 0, 0]
				}
			}
		},
		"animation.woohorn.sleep": {
			"loop": true,
			"animation_length": 8,
			"bones": {
				"all": {
					"rotation": [12.5, 0, 0],
					"position": [0, -11, 0]
				},
				"head": {
					"rotation": {
						"0.0": [26.78135, -20.29348, -57.42926],
						"4.0": [23.48, -13.43, -52.99],
						"8.0": [26.78135, -20.29348, -57.42926]
					},
					"position": {
						"0.0": [0, 0, -2],
						"4.0": [0, -2, -1.5],
						"8.0": [0, 0, -2]
					}
				},
				"bone10": {
					"rotation": [15, 0, 0]
				},
				"PDerTr": {
					"rotation": [-10.86829, -18.9618, -28.7464]
				},
				"bone7": {
					"rotation": [85, 0, 0]
				},
				"PDerFR": {
					"rotation": [-90, 0, 0]
				},
				"bone9": {
					"rotation": [0, 0, 0]
				},
				"PIzTr": {
					"rotation": [44.13171, 18.96179, 28.74637]
				},
				"bone6": {
					"rotation": [7.5, 0, 0]
				},
				"PIzFr": {
					"rotation": [-97.34941, 0.85481, 19.98247]
				},
				"bone8": {
					"rotation": [20, 0, 0]
				},
				"bDer": {
					"rotation": [-71.59031, -16.41343, -39.9908]
				},
				"bone12": {
					"rotation": [33.65181, 23.03568, -30.44729]
				},
				"bIz": {
					"rotation": [-61.79513, -42.87262, 10.56189]
				},
				"bone13": {
					"rotation": [10, 0, 72.5]
				},
				"boddy": {
					"rotation": {
						"0.0": [0, 0, 0],
						"4.0": [-4.99527, -0.21782, -2.4905],
						"8.0": [0, 0, 0]
					}
				},
				"bone2": {
					"rotation": [22.5, 0, 0]
				},
				"bone": {
					"rotation": [17.5, 0, 0]
				},
				"bone3": {
					"rotation": [20, 0, 0]
				},
				"bone4": {
					"rotation": [25, 0, 0]
				},
				"bone18": {
					"rotation": [5, 0, 0]
				},
				"Parpado": {
					"position": [0, -2.5, 0]
				},
				"Parpado2": {
					"position": [0, -2.25, 0]
				}
			}
		},
		"animation.woohorn.faint": {
			"loop": "hold_on_last_frame",
			"animation_length": 4,
			"bones": {
				"all": {
					"rotation": {
						"0.0": [0, 0, 0],
						"1.0": [25, 0, 0],
						"1.3333": [25, 0, 0],
						"1.5": [30, 0, 0],
						"1.6667": [25, 0, 0],
						"1.8333": [27.5, 0, 0],
						"2.0": [32.5, 0, 0]
					},
					"position": {
						"0.0": [0, 0, 0],
						"1.0": [0, 0, 0],
						"1.3333": [0, -11, 0],
						"1.5": [0, -9, 0],
						"1.6667": [0, -11, 0],
						"1.8333": [0, -11, 0],
						"2.0": [0, -11, 0]
					}
				},
				"head": {
					"rotation": {
						"0.0": [0, 0, 0],
						"0.9167": [-32.5, 0, 0],
						"1.4583": [2.5, 0, 0],
						"1.5833": [-9.6658, -2.57594, -14.78217],
						"1.8333": [-6.73718, 0.09234, -47.9475],
						"2.0": [-6.1203, -22.819, -50.46206]
					},
					"position": {
						"0.0": [0, 0, 0],
						"0.9167": [0, 0, -1],
						"1.4583": [0, 0, 0]
					}
				},
				"bone10": {
					"rotation": {
						"0.0": [15, 0, 0],
						"0.2083": [15, 0, 0],
						"0.5417": [33.91, 0, 0],
						"0.625": [47.5, 0, 0],
						"0.7083": [33.91, 0, 0],
						"0.7917": [47.5, 0, 0],
						"0.875": [33.91, 0, 0],
						"0.9583": [47.5, 0, 0],
						"1.4583": [12.5, 0, 0],
						"1.5833": [17.5, 0, 0],
						"1.75": [17.5, 0, 0],
						"1.9583": [25, 0, 0]
					},
					"position": [0, 0, 0]
				},
				"PDerTr": {
					"rotation": {
						"0.0": [-2.20198, -23.7643, -4.06529],
						"1.0": [-47.87724, -21.84792, -2.32354],
						"1.2083": [-13.71057, -21.84792, -2.32354],
						"1.3333": [5.03943, -21.84792, -2.32354],
						"1.375": [4.62276, -21.84792, -2.32354],
						"1.5": [-7.87724, -21.84792, -2.32354]
					}
				},
				"bone7": {
					"rotation": {
						"0.0": [22.5, 0, 0],
						"1.0": [45, 0, 0],
						"1.375": [20, 0, 0],
						"1.6667": [42.5, 0, 0],
						"2.0": [25, 0, 0]
					}
				},
				"PDerFR": {
					"rotation": {
						"0.0": [0, 0, 0],
						"1.0": [-20, 0, 0],
						"1.2083": [-64.3932, 6.08163, 5.85989],
						"1.375": [-90.90777, 10.94693, 10.54781]
					}
				},
				"bone9": {
					"rotation": {
						"0.0": [0, 0, 0],
						"1.375": [0, 0, 30]
					}
				},
				"PIzTr": {
					"rotation": {
						"0.0": [-2.20198, 23.7643, 4.0653],
						"1.0": [-54.70198, 23.7643, 4.0653],
						"1.3333": [-28.40597, 27.77725, 9.67056],
						"1.375": [-30.49647, 29.16525, 13.4747],
						"1.5": [-35.49647, 29.16525, 13.4747],
						"1.6667": [-22.99647, 29.16525, 13.4747],
						"2.0": [-26.10054, 35.3595, 26.33578]
					}
				},
				"bone6": {
					"rotation": {
						"0.0": [22.5, 0, 0],
						"1.375": [85, 0, 0],
						"1.5": [77.5, 0, 0],
						"2.0": [80, 0, 0]
					}
				},
				"PIzFr": {
					"rotation": {
						"0.0": [0, 0, 0],
						"1.0": [-22.81179, -9.23186, 3.86032],
						"1.3333": [-101.80574, -23.02574, 19.31045],
						"1.375": [-106.05498, -24.74997, 21.24172]
					}
				},
				"bone8": {
					"rotation": [0, 0, 0]
				},
				"bDer": {
					"rotation": {
						"0.0": [0, 0, 0],
						"1.0": [0, 0, 40],
						"1.3333": [0, 0, 47.5],
						"1.5": [0, 0, 40],
						"1.7917": [12.5, 0, 44.375],
						"2.0": [0, 0, 47.5]
					}
				},
				"bone12": {
					"rotation": {
						"0.0": [0, 0, 0],
						"1.0": [-27.5, 0, -40],
						"1.3333": [-8.89674, 26.12797, 30.43162],
						"1.7917": [-13.89674, 26.12797, 30.43162]
					}
				},
				"bIz": {
					"rotation": {
						"0.0": [0, 0, 0],
						"0.4583": [-55, 0, 0],
						"1.0": [-55, 0, 0],
						"1.375": [-42.33043, -26.48742, -39.76538]
					}
				},
				"bone13": {
					"rotation": {
						"0.0": [0, 0, 0],
						"0.4583": [-45, 0, 0],
						"1.0": [-45, 0, 0],
						"1.375": [-47.26579, -15.69986, 16.32495]
					}
				},
				"bone17": {
					"rotation": [0, 0, 0]
				},
				"bone18": {
					"rotation": {
						"0.0": [0, 0, 0],
						"0.5": [-55, 0, 0],
						"1.0": [-55, 0, 0]
					}
				},
				"Parpado": {
					"position": {
						"1.0": [0, 0, 0],
						"1.2083": [0, -1, 0],
						"1.3333": [0, -2.25, 0]
					}
				},
				"Parpado2": {
					"rotation": {
						"0.0": [0, 0, 0],
						"1.5417": [0, 0, 0],
						"2.0": [-22.5, 0, 0]
					},
					"position": {
						"1.0": [0, 0, 0],
						"1.2083": [0, -1, 0],
						"1.3333": [0, -2.5, 0],
						"1.5417": [0, -1.75, 0],
						"2.0": [0, -1.25, 0]
					}
				}
			}
		},
		"animation.woohorn.battle_idle": {
			"loop": true,
			"animation_length": 21.7917,
			"bones": {
				"all": {
					"rotation": {
						"0.0": [0, 0, 0],
						"0.5": [-12.5, 0, 0],
						"1.5": [-12.5, 0, 0],
						"2.0": [5, 0, 0],
						"4.0": [0, 0, 0],
						"5.9583": [0, 0, 0],
						"9.9167": [0, 0, 0],
						"11.875": [5, 0, 0],
						"13.875": [0, 0, 0],
						"15.8333": [5, 0, 0],
						"17.8333": [0, 0, 0],
						"19.7917": [5, 0, 0],
						"21.7917": [0, 0, 0]
					},
					"position": {
						"0.0": [0, 0, 0],
						"0.5": [0, -1, 0],
						"2.0": [0, 0, 0]
					}
				},
				"head": {
					"rotation": {
						"0.0": [0, 0, 0],
						"0.5": [17.5, 0, 0],
						"0.9583": [10.99083, 14.73694, 2.82837],
						"1.5": [2.58807, -14.98539, -0.66963],
						"2.0": [-5, 0, 0],
						"4.0": [0, 0, 0],
						"5.9583": [0, 0, 0],
						"9.9167": [0, 0, 0],
						"11.875": [-5, 0, 0],
						"13.875": [0, 0, 0],
						"15.8333": [-5, 0, 0],
						"17.8333": [0, 0, 0],
						"19.7917": [-5, 0, 0],
						"21.7917": [0, 0, 0]
					},
					"position": {
						"0.0": [0, 0, 0],
						"0.5": [0, 0, 0],
						"0.9583": [0, -2, -1],
						"1.5": [0, -2, -1],
						"2.0": [0, 0, 0]
					}
				},
				"bone10": {
					"rotation": {
						"0.0": [15, 0, 0],
						"0.5": [37.5, 0, 0],
						"0.9583": [70, 0, 0],
						"1.5": [70, 0, 0],
						"2.0": [15, 0, 0],
						"3.9583": [0, 0, 0],
						"5.9583": [15, 0, 0],
						"7.9167": [0, 0, 0],
						"9.9167": [15, 0, 0],
						"11.875": [0, 0, 0],
						"13.875": [15, 0, 0],
						"15.8333": [0, 0, 0],
						"17.8333": [15, 0, 0],
						"19.7917": [0, 0, 0],
						"21.7917": [15, 0, 0]
					},
					"position": {
						"0.0": [0, 0, 0],
						"0.9583": [0, 0, -1],
						"2.0": [0, 0, 0]
					}
				},
				"PDerTr": {
					"relative_to": {
						"rotation": "entity"
					},
					"rotation": {
						"0.0": [-2.20198, -23.7643, -4.06529],
						"0.5": [12.07371, -22.03213, -12.55696],
						"1.5": [12.07371, -22.03213, -12.55696],
						"2.0": [-12.28031, -25.0681, -2.69801],
						"4.0": [-2.20198, -23.7643, -4.06529],
						"5.9583": [-2.20198, -23.7643, -4.06529],
						"9.9167": [-2.20198, -23.7643, -4.06529],
						"11.875": [-12.28031, -25.0681, -2.69801],
						"13.875": [-2.20198, -23.7643, -4.06529],
						"15.8333": [-12.28031, -25.0681, -2.69801],
						"17.8333": [-2.20198, -23.7643, -4.06529],
						"19.7917": [-12.28031, -25.0681, -2.69801],
						"21.7917": [-2.20198, -23.7643, -4.06529]
					}
				},
				"bone7": {
					"rotation": {
						"0.0": [22.5, 0, 0],
						"0.5": [26.34, 0, 0],
						"1.5": [26.34, 0, 0],
						"2.0": [26.34, 0, 0],
						"4.0": [22.5, 0, 0],
						"5.9583": [22.5, 0, 0],
						"9.9167": [22.5, 0, 0],
						"11.875": [26.34, 0, 0],
						"13.875": [22.5, 0, 0],
						"15.8333": [26.34, 0, 0],
						"17.8333": [22.5, 0, 0],
						"19.7917": [26.34, 0, 0],
						"21.7917": [22.5, 0, 0]
					}
				},
				"PDerFR": {
					"relative_to": {
						"rotation": "entity"
					},
					"rotation": {
						"0.0": [0, 0, 0.01],
						"0.5": [-4.47, 0, 0],
						"1.5": [-4.47, 0, 0],
						"2.0": [-4.47, 0, 0],
						"4.0": [0, 0, 0.01],
						"5.9583": [0, 0, 0.01],
						"9.9167": [0, 0, 0.01],
						"11.875": [-4.47, 0, 0],
						"13.875": [0, 0, 0.01],
						"15.8333": [-4.47, 0, 0],
						"17.8333": [0, 0, 0.01],
						"19.7917": [-4.47, 0, 0],
						"21.7917": [0, 0, 0.01]
					}
				},
				"bone9": {
					"rotation": {
						"0.0": [0, 0, 0],
						"0.5": [-0.5, 0, 0],
						"1.5": [-0.5, 0, 0],
						"2.0": [-0.5, 0, 0],
						"4.0": [0, 0, 0],
						"5.9583": [0, 0, 0],
						"9.9167": [0, 0, 0],
						"11.875": [-0.5, 0, 0],
						"13.875": [0, 0, 0],
						"15.8333": [-0.5, 0, 0],
						"17.8333": [0, 0, 0],
						"19.7917": [-0.5, 0, 0],
						"21.7917": [0, 0, 0]
					}
				},
				"PIzTr": {
					"relative_to": {
						"rotation": "entity"
					},
					"rotation": {
						"0.0": [-2.20198, 23.7643, 4.0653],
						"0.5": [6.76969, 23.03316, 10.52308],
						"1.5": [6.76969, 23.03316, 10.52308],
						"2.0": [-12.28031, 25.0681, 2.698],
						"4.0": [-2.20198, 23.7643, 4.0653],
						"5.9583": [-2.20198, 23.7643, 4.0653],
						"9.9167": [-2.20198, 23.7643, 4.0653],
						"11.875": [-12.28031, 25.0681, 2.698],
						"13.875": [-2.20198, 23.7643, 4.0653],
						"15.8333": [-12.28031, 25.0681, 2.698],
						"17.8333": [-2.20198, 23.7643, 4.0653],
						"19.7917": [-12.28031, 25.0681, 2.698],
						"21.7917": [-2.20198, 23.7643, 4.0653]
					}
				},
				"bone6": {
					"rotation": {
						"0.0": [22.5, 0, 0],
						"0.5": [26.34, 0, 0],
						"1.5": [26.34, 0, 0],
						"2.0": [26.34, 0, 0],
						"4.0": [22.5, 0, 0],
						"5.9583": [22.5, 0, 0],
						"9.9167": [22.5, 0, 0],
						"11.875": [26.34, 0, 0],
						"13.875": [22.5, 0, 0],
						"15.8333": [26.34, 0, 0],
						"17.8333": [22.5, 0, 0],
						"19.7917": [26.34, 0, 0],
						"21.7917": [22.5, 0, 0]
					}
				},
				"PIzFr": {
					"relative_to": {
						"rotation": "entity"
					},
					"rotation": {
						"0.0": [0, 0, 0.01],
						"0.5": [-4.47, 0, 0],
						"1.5": [-4.47, 0, 0],
						"2.0": [-4.47, 0, 0],
						"4.0": [0, 0, 0.01],
						"5.9583": [0, 0, 0.01],
						"9.9167": [0, 0, 0.01],
						"11.875": [-4.47, 0, 0],
						"13.875": [0, 0, 0.01],
						"15.8333": [-4.47, 0, 0],
						"17.8333": [0, 0, 0.01],
						"19.7917": [-4.47, 0, 0],
						"21.7917": [0, 0, 0.01]
					}
				},
				"bone8": {
					"rotation": {
						"0.0": [0, 0, 0],
						"0.5": [-0.5, 0, 0],
						"1.5": [-0.5, 0, 0],
						"2.0": [-0.5, 0, 0],
						"4.0": [0, 0, 0],
						"5.9583": [0, 0, 0],
						"9.9167": [0, 0, 0],
						"11.875": [-0.5, 0, 0],
						"13.875": [0, 0, 0],
						"15.8333": [-0.5, 0, 0],
						"17.8333": [0, 0, 0],
						"19.7917": [-0.5, 0, 0],
						"21.7917": [0, 0, 0]
					}
				},
				"bDer": {
					"rotation": {
						"0.0": [0, 0, 0],
						"0.5": [14.65993, 3.21132, -4.61681],
						"1.5": [14.65993, 3.21132, -4.61681],
						"2.0": [-0.34007, 3.2113, 4.6168],
						"4.0": [0, 0, 0],
						"5.9583": [0, 0, 0],
						"9.9167": [0, 0, 0],
						"11.875": [14.65993, 3.21132, -4.61681],
						"13.875": [0, 0, 0],
						"15.8333": [14.65993, 3.21132, -4.61681],
						"17.8333": [0, 0, 0],
						"19.7917": [14.65993, 3.21132, -4.61681],
						"21.7917": [0, 0, 0]
					}
				},
				"bone12": {
					"rotation": {
						"0.0": [0, 0, 0],
						"0.5": [-4.94922, 0.43222, 2.55352],
						"1.5": [-4.94922, 0.43222, 2.55352],
						"2.0": [-4.94918, -0.4327, -7.4091],
						"4.0": [0, 0, 0],
						"5.9583": [0, 0, 0],
						"9.9167": [0, 0, 0],
						"11.875": [-4.94922, 0.43222, 2.55352],
						"13.875": [0, 0, 0],
						"15.8333": [-4.94922, 0.43222, 2.55352],
						"17.8333": [0, 0, 0],
						"19.7917": [-4.94922, 0.43222, 2.55352],
						"21.7917": [0, 0, 0]
					}
				},
				"bIz": {
					"rotation": {
						"0.0": [0, 0, 0],
						"0.5": [14.65993, -3.2113, -4.6168],
						"1.5": [14.65993, -3.2113, -4.6168],
						"2.0": [-0.34007, -3.2113, -4.6168],
						"4.0": [0, 0, 0],
						"5.9583": [0, 0, 0],
						"9.9167": [0, 0, 0],
						"11.875": [14.65993, -3.2113, -4.6168],
						"13.875": [0, 0, 0],
						"15.8333": [14.65993, -3.2113, -4.6168],
						"17.8333": [0, 0, 0],
						"19.7917": [14.65993, -3.2113, -4.6168],
						"21.7917": [0, 0, 0]
					}
				},
				"bone13": {
					"rotation": {
						"0.0": [0, 0, 0],
						"0.5": [-4.94922, -0.4322, -2.5535],
						"1.5": [-4.94922, -0.4322, -2.5535],
						"2.0": [-4.94918, 0.43271, 7.40912],
						"4.0": [0, 0, 0],
						"5.9583": [0, 0, 0],
						"9.9167": [0, 0, 0],
						"11.875": [-4.94922, -0.4322, -2.5535],
						"13.875": [0, 0, 0],
						"15.8333": [-4.94922, -0.4322, -2.5535],
						"17.8333": [0, 0, 0],
						"19.7917": [-4.94922, -0.4322, -2.5535],
						"21.7917": [0, 0, 0]
					}
				},
				"corazaDer": {
					"rotation": {
						"0.0": [0, 0, 0],
						"3.5": [0, 0, 0],
						"3.75": [34.13554, -16.76559, -11.06517],
						"4.0": [0, 0, 0],
						"4.25": [34.13554, -16.76559, -11.06517],
						"4.5": [0, 0, 0]
					}
				},
				"corazaIz": {
					"rotation": {
						"3.5": [0, 0, 0],
						"3.75": [34.13554, 16.7656, 11.0652],
						"4.0": [0, 0, 0],
						"4.25": [34.13554, 16.7656, 11.0652],
						"4.5": [0, 0, 0]
					}
				}
			}
		},
		"animation.woohorn.cry": {
			"loop": true,
			"animation_length": 8,
			"bones": {
				"all": {
					"rotation": {
						"0.0": [0, 0, 0],
						"4.0": [5, 0, 0],
						"8.0": [0, 0, 0]
					}
				},
				"head": {
					"rotation": {
						"0.0": [0, 0, 0],
						"0.5": [17.5, 0, 0],
						"1.0": [10.99083, 14.73694, 2.82837],
						"3.0": [2.58807, -14.98539, -0.66963],
						"3.5": [-5, 0, 0],
						"4.0": [-5, 0, 0],
						"8.0": [0, 0, 0]
					},
					"position": {
						"0.0": [0, 0, 0],
						"0.5": [0, 0, 0],
						"1.0": [0, -2, -1],
						"3.0": [0, -2, -1],
						"3.5": [0, 0, 0]
					}
				},
				"bone10": {
					"rotation": {
						"0.0": [15, 0, 0],
						"0.5": [37.5, 0, 0],
						"1.0": [70, 0, 0],
						"3.0": [70, 0, 0],
						"3.5": [15, 0, 0],
						"4.0": [0, 0, 0],
						"8.0": [15, 0, 0]
					},
					"position": {
						"0.0": [0, 0, 0],
						"1.0": [0, 0, -1],
						"3.5": [0, 0, 0]
					}
				},
				"PDerTr": {
					"rotation": {
						"0.0": [-2.20198, -23.7643, -4.06529],
						"4.0": [-12.28031, -25.0681, -2.69801],
						"8.0": [-2.20198, -23.7643, -4.06529]
					}
				},
				"bone7": {
					"rotation": {
						"0.0": [22.5, 0, 0],
						"4.0": [26.34, 0, 0],
						"8.0": [22.5, 0, 0]
					}
				},
				"PDerFR": {
					"rotation": {
						"0.0": [0, 0, 0],
						"4.0": [-4.47, 0, 0],
						"8.0": [0, 0, 0]
					}
				},
				"bone9": {
					"rotation": {
						"0.0": [0, 0, 0],
						"4.0": [-0.5, 0, 0],
						"8.0": [0, 0, 0]
					}
				},
				"PIzTr": {
					"rotation": {
						"0.0": [-2.20198, 23.7643, 4.0653],
						"4.0": [-12.28031, 25.0681, 2.698],
						"8.0": [-2.20198, 23.7643, 4.0653]
					}
				},
				"bone6": {
					"rotation": {
						"0.0": [22.5, 0, 0],
						"4.0": [26.34, 0, 0],
						"8.0": [22.5, 0, 0]
					}
				},
				"PIzFr": {
					"rotation": {
						"0.0": [0, 0, 0],
						"4.0": [-4.47, 0, 0],
						"8.0": [0, 0, 0]
					}
				},
				"bone8": {
					"rotation": {
						"0.0": [0, 0, 0],
						"4.0": [-0.5, 0, 0],
						"8.0": [0, 0, 0]
					}
				},
				"bDer": {
					"rotation": {
						"0.0": [0, 0, 0],
						"4.0": [14.65993, 3.21132, -4.61681],
						"8.0": [0, 0, 0]
					}
				},
				"bone12": {
					"relative_to": {
						"rotation": "entity"
					},
					"rotation": {
						"0.0": [0, 0, 0.01],
						"4.0": [-4.94922, 0.43222, 2.55352],
						"8.0": [0, 0, 0.01]
					}
				},
				"bIz": {
					"rotation": {
						"0.0": [0, 0, 0],
						"4.0": [14.65993, -3.2113, -4.6168],
						"8.0": [0, 0, 0]
					}
				},
				"bone13": {
					"relative_to": {
						"rotation": "entity"
					},
					"rotation": {
						"0.0": [0, 0, 0.01],
						"4.0": [-4.94922, -0.4322, -2.5535],
						"8.0": [0, 0, 0.01]
					}
				},
				"corazaDer": {
					"rotation": {
						"0.75": [0, 0, 0],
						"0.8333": [67.84535, 2.744, -34.6217],
						"0.9167": [62.84535, 2.744, -34.6217],
						"1.0": [67.84535, 2.744, -34.6217],
						"1.0833": [62.84535, 2.744, -34.6217],
						"1.1667": [67.84535, 2.744, -34.6217],
						"1.25": [62.84535, 2.744, -34.6217],
						"1.3333": [67.84535, 2.744, -34.6217],
						"1.4167": [62.84535, 2.744, -34.6217],
						"1.5": [67.84535, 2.744, -34.6217],
						"1.5833": [62.84535, 2.744, -34.6217],
						"1.6667": [67.84535, 2.744, -34.6217],
						"1.75": [62.84535, 2.744, -34.6217],
						"1.8333": [67.84535, 2.744, -34.6217],
						"1.9167": [62.84535, 2.744, -34.6217],
						"2.0": [67.84535, 2.744, -34.6217],
						"2.0833": [62.84535, 2.744, -34.6217],
						"3.0": [0, 0, 0]
					},
					"position": {
						"0.75": [0, 0, 0],
						"0.8333": [0, 1, 1],
						"0.9167": [0, 1, 1],
						"1.0": [0, 1, 1],
						"1.0833": [0, 1, 1],
						"1.1667": [0, 1, 1],
						"1.25": [0, 1, 1],
						"1.3333": [0, 1, 1],
						"1.4167": [0, 1, 1],
						"1.5": [0, 1, 1],
						"1.5833": [0, 1, 1],
						"1.6667": [0, 1, 1],
						"1.75": [0, 1, 1],
						"1.8333": [0, 1, 1],
						"1.9167": [0, 1, 1],
						"2.0": [0, 1, 1],
						"2.0833": [0, 1, 1],
						"3.0": [0, 0, 0]
					}
				},
				"corazaIz": {
					"rotation": {
						"0.75": [0, 0, 0],
						"0.8333": [67.84535, -2.744, 34.6217],
						"0.9167": [62.84535, -2.744, 34.6217],
						"1.0": [67.84535, -2.744, 34.6217],
						"1.0833": [62.84535, -2.744, 34.6217],
						"1.1667": [67.84535, -2.744, 34.6217],
						"1.25": [62.84535, -2.744, 34.6217],
						"1.3333": [67.84535, -2.744, 34.6217],
						"1.4167": [62.84535, -2.744, 34.6217],
						"1.5": [67.84535, -2.744, 34.6217],
						"1.5833": [62.84535, -2.744, 34.6217],
						"1.6667": [67.84535, -2.744, 34.6217],
						"1.75": [62.84535, -2.744, 34.6217],
						"1.8333": [67.84535, -2.744, 34.6217],
						"1.9167": [62.84535, -2.744, 34.6217],
						"2.0": [67.84535, -2.744, 34.6217],
						"2.0833": [62.84535, -2.744, 34.6217],
						"3.0": [0, 0, 0]
					},
					"position": {
						"0.75": [0, 0, 0],
						"0.8333": [0, 1, 1],
						"0.9167": [0, 1, 1],
						"1.0": [0, 1, 1],
						"1.0833": [0, 1, 1],
						"1.1667": [0, 1, 1],
						"1.25": [0, 1, 1],
						"1.3333": [0, 1, 1],
						"1.4167": [0, 1, 1],
						"1.5": [0, 1, 1],
						"1.5833": [0, 1, 1],
						"1.6667": [0, 1, 1],
						"1.75": [0, 1, 1],
						"1.8333": [0, 1, 1],
						"1.9167": [0, 1, 1],
						"2.0": [0, 1, 1],
						"2.0833": [0, 1, 1],
						"3.0": [0, 0, 0]
					}
				}
			}
		}
	}
}