{
	"format_version": "1.12.0",
	"minecraft:geometry": [
		{
			"description": {
				"identifier": "geometry.brachioforest",
				"texture_width": 256,
				"texture_height": 256,
				"visible_bounds_width": 8,
				"visible_bounds_height": 6.5,
				"visible_bounds_offset": [0, 2.75, 0]
			},
			"bones": [
				{
					"name": "brachioforest",
					"pivot": [0, 0, 0]
				},
				{
					"name": "body",
					"parent": "brachioforest",
					"pivot": [0, 22, 0]
				},
				{
					"name": "waist",
					"parent": "body",
					"pivot": [0, 22.5, 9.75],
					"cubes": [
						{"origin": [-8.5, 13.75, 4], "size": [17, 16, 11], "uv": [0, 64]}
					]
				},
				{
					"name": "torso",
					"parent": "waist",
					"pivot": [0, 22.25, 7],
					"cubes": [
						{"origin": [-9.5, 13.75, -8], "size": [19, 17, 15], "inflate": 0.01, "uv": [0, 0]},
						{"origin": [2, 30.25, -7], "size": [6, 5, 13], "uv": [8, 96]}
					]
				},
				{
					"name": "tree",
					"parent": "torso",
					"pivot": [-9.17384, 39.25277, 8.52995],
					"rotation": [-18.62501, -5.73576, -14.44093],
					"cubes": [
						{"origin": [-13.20499, 35.14342, 4.103], "size": [4, 12, 4], "inflate": 0.001, "pivot": [-12.43704, 38.96257, 7.17657], "rotation": [35, 0, -30], "uv": [172, 165]},
						{"origin": [-11.93704, 27.96257, 5.67657], "size": [5, 12, 5], "inflate": 0.001, "uv": [123, 165]},
						{"origin": [-10.93704, 36.96257, 7.67657], "size": [3, 12, 3], "inflate": 0.001, "pivot": [-11.43704, 37.96257, 9.17657], "rotation": [-37.5, 0, 0], "uv": [209, 163]},
						{"origin": [-10.40496, 38.24815, 7.17657], "size": [3, 9, 3], "inflate": 0.001, "pivot": [-10.43704, 37.46257, 8.67657], "rotation": [0, 0, 40], "uv": [184, 212]}
					]
				},
				{
					"name": "leaves2",
					"parent": "tree",
					"pivot": [-9.93704, 45.55699, 7.7558],
					"rotation": [9.91615, 1.29876, -7.38733],
					"cubes": [
						{"origin": [-25.43704, 40.97223, -13.76817], "size": [6, 9, 31], "inflate": 0.001, "uv": [114, 152]},
						{"origin": [-19.43704, 40.97223, -13.76817], "size": [7, 9, 5], "inflate": 0.001, "uv": [97, 168]},
						{"origin": [-19.43704, 40.97223, -8.76817], "size": [7, 2, 26], "inflate": 0.001, "uv": [190, 179]},
						{"origin": [-19.43704, 42.97223, -8.76817], "size": [18, 14, 26], "inflate": 0.001, "uv": [168, 59]},
						{"origin": [-15.43704, 42.97223, 17.23183], "size": [12, 9, 8], "inflate": 0.001, "uv": [67, 182]},
						{"origin": [-6.43704, 38.97223, -0.76817], "size": [11, 10, 13], "inflate": 0.001, "uv": [168, 100]}
					]
				},
				{
					"name": "outerleaves2",
					"parent": "leaves2",
					"pivot": [-19.43704, 16.97223, -4.26817],
					"cubes": [
						{"origin": [-24.93704, 41.47223, -13.26817], "size": [12, 8, 30], "inflate": 0.002, "uv": [172, 20]},
						{"origin": [-18.93704, 43.47223, -8.26817], "size": [17, 13, 25], "inflate": 0.001, "uv": [172, 124]},
						{"origin": [-14.93704, 43.47223, 16.73183], "size": [11, 8, 8], "inflate": 0.001, "uv": [218, 101]},
						{"origin": [-5.93704, 39.47223, -0.26817], "size": [10, 9, 12], "inflate": 0.001, "uv": [133, 193]}
					]
				},
				{
					"name": "chest",
					"parent": "torso",
					"pivot": [0, 22.25, -8],
					"cubes": [
						{"origin": [-8.5, 13.75, -16], "size": [17, 16, 11], "uv": [57, 53]}
					]
				},
				{
					"name": "neck1",
					"parent": "chest",
					"pivot": [0, 20.75, -14],
					"cubes": [
						{"origin": [-6, 15.75, -18.5], "size": [12, 15, 10], "uv": [68, 0]}
					]
				},
				{
					"name": "neck2",
					"parent": "neck1",
					"pivot": [0, 30.75, -13.5],
					"cubes": [
						{"origin": [-4.5, 29.75, -18], "size": [9, 10, 9], "uv": [80, 101]}
					]
				},
				{
					"name": "neck3",
					"parent": "neck2",
					"pivot": [0, 39.75, -13.5],
					"cubes": [
						{"origin": [-4, 38.75, -17.5], "size": [8, 9, 8], "uv": [112, 0]}
					]
				},
				{
					"name": "neck4",
					"parent": "neck3",
					"pivot": [0, 47.75, -13.5],
					"cubes": [
						{"origin": [-3.5, 46.75, -17], "size": [7, 9, 7], "uv": [122, 83]}
					]
				},
				{
					"name": "neck5",
					"parent": "neck4",
					"pivot": [-0.5, 55.75, -13.5],
					"cubes": [
						{"origin": [-3, 54.75, -16.5], "size": [6, 10, 6], "uv": [24, 128]}
					]
				},
				{
					"name": "head",
					"parent": "neck5",
					"pivot": [-0.5, 63.75, -13.5],
					"cubes": [
						{"origin": [-4.5, 62.75, -23], "size": [9, 9, 13], "uv": [68, 25]},
						{"origin": [-1.5, 70.75, -17.5], "size": [3, 6, 6], "uv": [17, 33]}
					]
				},
				{
					"name": "mouth",
					"parent": "head",
					"pivot": [-1, 58.25, -12.75],
					"cubes": [
						{"origin": [-1, 63.4, -23], "size": [2, 1, 0], "inflate": 0.01, "uv": [0, 8]},
						{"origin": [-2, 63.9, -23], "size": [4, 1, 0], "inflate": 0.01, "uv": [69, 33]}
					]
				},
				{
					"name": "mouth_open",
					"parent": "mouth",
					"pivot": [-1, 58.25, -12.75],
					"cubes": [
						{"origin": [-1, 63.4, -22.25], "size": [2, 1, 0], "inflate": 0.02, "uv": [69, 35]},
						{"origin": [-2, 63.9, -22.25], "size": [4, 1, 0], "inflate": 0.01, "uv": [69, 34]}
					]
				},
				{
					"name": "eyes",
					"parent": "head",
					"pivot": [-1, 68.475, -15.2]
				},
				{
					"name": "eye_right",
					"parent": "eyes",
					"pivot": [-4.5, 68.91526, -15.00428],
					"rotation": [7.5, 0, 0],
					"cubes": [
						{"origin": [-4.5, 65.91526, -19.25428], "size": [0, 5, 8], "inflate": 0.01, "uv": [159, 9], "mirror": true}
					]
				},
				{
					"name": "pupil_right",
					"parent": "eye_right",
					"pivot": [-4.5, 68.66526, -17.50428],
					"cubes": [
						{"origin": [-4.5, 67.66526, -18.00428], "size": [0, 2, 1], "inflate": 0.02, "uv": [175, 1], "mirror": true}
					]
				},
				{
					"name": "eyelid_right",
					"parent": "eye_right",
					"pivot": [-4.4, 68.38691, -15.18688],
					"cubes": [
						{"origin": [-4.4, 65.88691, -19.28688], "size": [1, 4, 8], "inflate": 0.03, "uv": [154, 34], "mirror": true}
					]
				},
				{
					"name": "eye_left",
					"parent": "eyes",
					"pivot": [4.5, 68.91526, -15.00428],
					"rotation": [7.5, 0, 0],
					"cubes": [
						{"origin": [4.5, 65.91526, -19.25428], "size": [0, 5, 8], "inflate": 0.01, "uv": [159, -8]}
					]
				},
				{
					"name": "pupil_left",
					"parent": "eye_left",
					"pivot": [4.5, 68.66526, -17.50428],
					"cubes": [
						{"origin": [4.5, 67.66526, -18.00428], "size": [0, 2, 1], "inflate": 0.02, "uv": [175, -1]}
					]
				},
				{
					"name": "eyelid_left",
					"parent": "eye_left",
					"pivot": [4.4, 68.38691, -15.18688],
					"cubes": [
						{"origin": [3.4, 65.88691, -19.28688], "size": [1, 4, 8], "inflate": 0.03, "uv": [154, 22]}
					]
				},
				{
					"name": "tail1",
					"parent": "waist",
					"pivot": [0, 21.75, 15],
					"cubes": [
						{"origin": [-6.5, 15.25, 13], "size": [13, 13, 8], "uv": [80, 80]}
					]
				},
				{
					"name": "tail2",
					"parent": "tail1",
					"pivot": [0, 22.25, 21],
					"cubes": [
						{"origin": [-5, 17.25, 19], "size": [10, 10, 8], "uv": [104, 17]}
					]
				},
				{
					"name": "tail3",
					"parent": "tail2",
					"pivot": [0, 22.5, 27],
					"cubes": [
						{"origin": [-4.5, 18.5, 25], "size": [9, 8, 8], "uv": [102, 47]}
					]
				},
				{
					"name": "tail4",
					"parent": "tail3",
					"pivot": [0, 22.25, 33],
					"cubes": [
						{"origin": [-3.5, 19, 31], "size": [7, 7, 8], "uv": [114, 112]}
					]
				},
				{
					"name": "tail5",
					"parent": "tail4",
					"pivot": [0, 22.5, 39],
					"cubes": [
						{"origin": [-2.5, 19.5, 37], "size": [5, 6, 8], "uv": [128, 128]}
					]
				},
				{
					"name": "tail6",
					"parent": "tail5",
					"pivot": [0, 22.5, 45],
					"cubes": [
						{"origin": [-2, 20, 44], "size": [4, 5, 7], "uv": [137, 10]}
					]
				},
				{
					"name": "leg_back_right1",
					"parent": "body",
					"pivot": [-7, 22.75, 9.5],
					"cubes": [
						{"origin": [-10, 12.25, 5.5], "size": [6, 12, 8], "inflate": 0.01, "uv": [60, 112], "mirror": true}
					]
				},
				{
					"name": "leg_back_right2",
					"parent": "leg_back_right1",
					"pivot": [-7, 12.25, 13],
					"cubes": [
						{"origin": [-9.5, 1.75, 9], "size": [5, 11, 5], "uv": [105, 136], "mirror": true}
					]
				},
				{
					"name": "foot_back_right",
					"parent": "leg_back_right2",
					"pivot": [-7, 2.25, 11.25],
					"cubes": [
						{"origin": [-9.5, -0.75, 8.75], "size": [5, 4, 5], "inflate": 0.01, "uv": [144, 0], "mirror": true}
					]
				},
				{
					"name": "toes_back_right",
					"parent": "foot_back_right",
					"pivot": [-7, 0.25, 8.75],
					"cubes": [
						{"origin": [-9, -0.75, 7.75], "size": [4, 1, 1], "uv": [45, 70]}
					]
				},
				{
					"name": "leg_front_right1",
					"parent": "body",
					"pivot": [-7.5, 20.25, -10.5],
					"cubes": [
						{"origin": [-10, 12.25, -13.5], "size": [5, 15, 7], "inflate": 0.01, "uv": [52, 154]}
					]
				},
				{
					"name": "leg_front_right2",
					"parent": "leg_front_right1",
					"pivot": [-7.5, 12.25, -7.75],
					"cubes": [
						{"origin": [-10, 1.75, -12.75], "size": [5, 11, 5], "uv": [136, 55]}
					]
				},
				{
					"name": "foot_front_right",
					"parent": "leg_front_right2",
					"pivot": [-7.5, 2.25, -10.5],
					"cubes": [
						{"origin": [-10, -0.75, -13], "size": [5, 4, 5], "inflate": 0.01, "uv": [53, 0]}
					]
				},
				{
					"name": "thumb_front_right",
					"parent": "foot_front_right",
					"pivot": [-5.55, -0.25, -12.15],
					"cubes": [
						{"origin": [-5.8, -0.75, -12.65], "size": [3, 1, 1], "uv": [5, 9]}
					]
				},
				{
					"name": "toes_front_right",
					"parent": "foot_front_right",
					"pivot": [-7.5, 0.25, -13],
					"cubes": [
						{"origin": [-9.5, -0.75, -14], "size": [4, 1, 1], "uv": [0, 13]}
					]
				},
				{
					"name": "leg_front_left1",
					"parent": "body",
					"pivot": [7.5, 20.25, -10.5],
					"cubes": [
						{"origin": [5, 12.25, -13.5], "size": [5, 15, 7], "inflate": 0.01, "uv": [52, 132]}
					]
				},
				{
					"name": "leg_front_left2",
					"parent": "leg_front_left1",
					"pivot": [7.5, 12.25, -7.75],
					"cubes": [
						{"origin": [5, 1.75, -12.75], "size": [5, 11, 5], "uv": [136, 99]}
					]
				},
				{
					"name": "foot_front_left",
					"parent": "leg_front_left2",
					"pivot": [7.5, 2.25, -10.5],
					"cubes": [
						{"origin": [5, -0.75, -13], "size": [5, 4, 5], "inflate": 0.01, "uv": [141, 142]}
					]
				},
				{
					"name": "thumb_front_left",
					"parent": "foot_front_left",
					"pivot": [5.55, -0.25, -12.15],
					"cubes": [
						{"origin": [2.8, -0.75, -12.65], "size": [3, 1, 1], "uv": [4, 7]}
					]
				},
				{
					"name": "toes_front_left",
					"parent": "foot_front_left",
					"pivot": [7.5, 0.25, -13],
					"cubes": [
						{"origin": [5.5, -0.75, -14], "size": [4, 1, 1], "uv": [68, 51]}
					]
				},
				{
					"name": "leg_back_left1",
					"parent": "body",
					"pivot": [7, 22.25, 9.5],
					"cubes": [
						{"origin": [4, 12.25, 5.5], "size": [6, 12, 8], "inflate": 0.01, "uv": [114, 63]}
					]
				},
				{
					"name": "leg_back_left2",
					"parent": "leg_back_left1",
					"pivot": [7, 12.25, 13],
					"cubes": [
						{"origin": [4.5, 1.75, 9], "size": [5, 11, 5], "uv": [76, 138]}
					]
				},
				{
					"name": "foot_back_left",
					"parent": "leg_back_left2",
					"pivot": [7, 2.25, 11.25],
					"cubes": [
						{"origin": [4.5, -0.75, 8.75], "size": [5, 4, 5], "inflate": 0.01, "uv": [144, 115]}
					]
				},
				{
					"name": "toes_back_left",
					"parent": "foot_back_left",
					"pivot": [7, 0.25, 8.75],
					"cubes": [
						{"origin": [5, -0.75, 7.75], "size": [4, 1, 1], "uv": [45, 72]}
					]
				}
			]
		}
	]
}