{
	"format_version": "1.8.0",
	"animations": {
		"animation.abyssringe.pose": {
			"animation_length": 0.1667,
			"bones": {
				"body": {
					"position": [-11, 12.98763, 0.56705]
				},
				"segment1": {
					"rotation": [5.11794, -1.08089, -12.45392]
				},
				"segment2": {
					"rotation": [10.11443, 9.92327, 0.88034]
				},
				"segment_2": {
					"rotation": [10.38592, 19.882, 1.38109]
				},
				"segment3": {
					"rotation": [10.19383, 14.92267, 0.89744]
				},
				"segment4": {
					"rotation": [10.19383, 9.92267, 0.89744]
				},
				"segment5": {
					"rotation": [0.18664, 9.76061, 2.18558]
				},
				"segment6": {
					"rotation": [-10, 0, 10]
				},
				"leg_right": {
					"rotation": [20, 0, 12.5]
				},
				"leg_right2": {
					"rotation": [32.5, 0, 0]
				},
				"segment7": {
					"rotation": [-17.5, 0, 0]
				},
				"segment8": {
					"rotation": [-25.33761, 9.05478, -4.26175]
				},
				"segment9": {
					"rotation": [-15.22074, 9.65594, -2.61298]
				},
				"segment10": {
					"rotation": [18.07779, 14.2906, 4.60659]
				},
				"segment11": {
					"rotation": [30.86748, 12.95254, 7.63074]
				},
				"segment12": {
					"rotation": [30.86748, 12.95254, 7.63074]
				},
				"head": {
					"rotation": [0, 0, -60]
				},
				"upper_fin_right_rotation": {
					"rotation": [-5, 0, -10]
				},
				"upper_fin_right2": {
					"rotation": [-10.80524, 22.13991, 10.88595]
				},
				"upper_fin_right3": {
					"rotation": [-5, 0, 15]
				},
				"upper_fin_right4": {
					"rotation": [0, 0, 7.5]
				},
				"upper_fin_right5": {
					"rotation": [0, 0, 15]
				},
				"upper_fin_right6": {
					"rotation": [0, 0, 17.5]
				},
				"upper_fin_right7": {
					"rotation": [0, 0, 12.5]
				},
				"upper_fin_right8": {
					"rotation": [0, 0, -20]
				},
				"upper_fin_right9": {
					"rotation": [0, 0, -20]
				},
				"leg_left": {
					"rotation": [27.5, 0, -12.5]
				},
				"leg_left2": {
					"rotation": [32.5, 0, 0]
				},
				"torso": {
					"rotation": [22.32648, -2.86313, 6.93488]
				},
				"ear_right": {
					"rotation": [-7.5, 0, 0]
				},
				"ear_right2": {
					"rotation": [-32.5, -5, 0]
				},
				"ear_right3": {
					"rotation": [-25, -5, 0]
				},
				"head2": {
					"rotation": [-20, -5, 0]
				},
				"ear_left": {
					"rotation": [-7.5, 0, 0]
				},
				"ear_left2": {
					"rotation": [-32.5, -5, 0]
				},
				"ear_left3": {
					"rotation": [-25, -5, 0]
				},
				"head3": {
					"rotation": [-20, -5, 0]
				},
				"upper_fin_right10": {
					"rotation": [-29.14743, 7.43547, 30.56431]
				},
				"upper_fin_right11": {
					"rotation": [0, 0, 20]
				},
				"upper_fin_right12": {
					"rotation": [0, 0, -20]
				},
				"upper_fin_right13": {
					"rotation": [0, 0, -20]
				},
				"upper_fin_right14": {
					"rotation": [32.39936, 14.02846, -3.4057]
				},
				"upper_fin_right15": {
					"rotation": [0, 0, 17.5]
				},
				"upper_fin_right16": {
					"rotation": [0, 0, -30]
				},
				"upper_fin_right17": {
					"rotation": [0, 0, -27.5]
				},
				"upper_fin_left_rotation": {
					"rotation": [-5, 0, 10]
				},
				"upper_fin_left2": {
					"rotation": [-10, 0, -15]
				},
				"upper_fin_left3": {
					"rotation": [-5, 0, -15]
				},
				"upper_fin_left4": {
					"rotation": [0, 0, 7.5]
				},
				"upper_fin_left5": {
					"rotation": [0, 0, 15]
				},
				"upper_fin_left6": {
					"rotation": [0, 0, 17.5]
				},
				"upper_fin_left7": {
					"rotation": [0, 0, 25]
				},
				"upper_fin_left8": {
					"rotation": [0, 0, 25]
				},
				"upper_fin_left9": {
					"rotation": [0, 0, 20]
				},
				"upper_fin_left14": {
					"rotation": [32.39936, 14.02846, -3.4057]
				},
				"upper_fin_left15": {
					"rotation": [0, 0, 17.5]
				},
				"upper_fin_left16": {
					"rotation": [0, 0, -30]
				},
				"upper_fin_left17": {
					"rotation": [0, 0, -27.5]
				},
				"upper_fin_left10": {
					"rotation": [-29.14743, 7.43547, 30.56431]
				},
				"upper_fin_left11": {
					"rotation": [0, 0, 30]
				},
				"upper_fin_left12": {
					"rotation": [0, 0, 27.5]
				},
				"upper_fin_left13": {
					"rotation": [0, 0, 20]
				},
				"bone": {
					"rotation": [0, 20, 0]
				},
				"bone2": {
					"rotation": [5.30188, -7.9363, 0.50008]
				},
				"bone3": {
					"rotation": [24.14867, -20.70481, -9.00717]
				},
				"bone4": {
					"rotation": [22.79588, -28.02432, -11.17023]
				},
				"bone5": {
					"rotation": [20.88852, -16.41371, -6.15491]
				},
				"bone6": {
					"rotation": [-22.87315, 22.30664, -1.03382]
				},
				"mouth_closed": {
					"position": [0, 0, -1]
				},
				"mouth_open": {
					"position": [0, 0, 0.1]
				},
				"jelly_right": {
					"rotation": [0, -7.5, 0]
				},
				"jelly_right2": {
					"rotation": [0, 15, 0]
				},
				"jelly_right3": {
					"rotation": [0, 17.5, 0]
				},
				"jelly_front": {
					"rotation": [0, 7.5, 0]
				},
				"jelly_front2": {
					"rotation": [-5, 5, 0]
				},
				"jelly_front3": {
					"rotation": [-10, 10, 0]
				},
				"extra_front_right": {
					"rotation": [-35, 0, 0]
				},
				"extra_right": {
					"rotation": [0, -42.5, 0]
				},
				"extra_segment_right": {
					"rotation": [0, 30, 0]
				},
				"extra_right2": {
					"rotation": [0, -30, 0]
				},
				"extra_segment_right2": {
					"rotation": [0, -47.5, 0]
				},
				"extra_right3": {
					"rotation": [0, 20, 0]
				},
				"extra_segment_right3": {
					"rotation": [0, -47.5, 0]
				},
				"extra_right4": {
					"rotation": [0, -60, 0]
				},
				"extra_segment_right4": {
					"rotation": [0, -47.5, 0]
				},
				"bubble_right": {
					"rotation": [0, -15, 0]
				},
				"bubble_right2": {
					"rotation": [0, -22.5, 0]
				},
				"bubble_right3": {
					"rotation": [0, -30, 0]
				},
				"extra_front_right2": {
					"rotation": [-22.5, 0, 0]
				},
				"extra_back_right": {
					"rotation": [60, 0, 0]
				},
				"extra_back_right2": {
					"rotation": [42.5, 0, 0]
				},
				"jelly_left": {
					"rotation": [0, 20, 0]
				},
				"jelly_left2": {
					"rotation": [7.5, 15, 0]
				},
				"jelly_left3": {
					"rotation": [12.5, 17.5, 0]
				},
				"extra_back_left5": {
					"rotation": [60, 0, 0]
				},
				"extra_back_left6": {
					"rotation": [42.5, 0, 0]
				},
				"extra_front_left": {
					"rotation": [-35, 0, 0]
				},
				"extra_front_left2": {
					"rotation": [-22.5, 0, 0]
				},
				"extra_left": {
					"rotation": [0, -42.5, 0]
				},
				"extra_segment_left": {
					"rotation": [0, 30, 0]
				},
				"extra_left2": {
					"rotation": [0, -30, 0]
				},
				"extra_segment_left2": {
					"rotation": [0, -47.5, 0]
				},
				"extra_left3": {
					"rotation": [0, 20, 0]
				},
				"extra_segment_left3": {
					"rotation": [0, -47.5, 0]
				},
				"extra_left4": {
					"rotation": [0, -60, 0]
				},
				"extra_segment_left4": {
					"rotation": [0, -47.5, 0]
				},
				"bubble_left": {
					"rotation": [0, -15, 0]
				},
				"bubble_left2": {
					"rotation": [0, -22.5, 0]
				},
				"bubble_left3": {
					"rotation": [0, -30, 0]
				},
				"jelly_back2": {
					"rotation": [7.79362, 12.19908, 2.74715]
				},
				"jelly_back": {
					"rotation": [12.26091, 4.51889, -3.29185]
				},
				"jelly_back3": {
					"rotation": [15.34721, 12.06754, 3.28396]
				},
				"extra_back_right4": {
					"rotation": [40, 0, 0]
				},
				"extra_back_left3": {
					"rotation": [22.5, 0, 0]
				},
				"extra_back_left4": {
					"rotation": [22.5, 0, 0]
				},
				"extra_back_left2": {
					"rotation": [-32.5, 0, 0]
				},
				"extra_back_left7": {
					"rotation": [40, 0, 0]
				},
				"extra_back_left8": {
					"rotation": [-30, 0, 0]
				},
				"arm_right": {
					"rotation": [14.24266, 20.56285, -60.94834]
				},
				"arm_left": {
					"rotation": [14.24266, -20.56285, 60.94834]
				}
			}
		},
		"animation.abyssringe.blink": {
			"animation_length": 0.25,
			"bones": {
				"eye_right": {
					"position": {
						"0.2083": [1, 0, 0],
						"0.25": [0, 0, 0]
					}
				},
				"eye_left": {
					"position": {
						"0.2083": [-1, 0, 0],
						"0.25": [0, 0, 0]
					}
				}
			}
		},
		"animation.abyssringe.water_swim": {
			"loop": true,
			"bones": {
				"body": {
					"rotation": ["85+math.sin(q.anim_time*90*2)*4", 0, 0],
					"position": [0, 15, "0+math.sin(q.anim_time*90*2+180)*2"]
				},
				"neck": {
					"rotation": ["0-math.cos(q.anim_time*90*2+180)*10", 0, 0],
					"position": [0, -0.10445, -0.00624]
				},
				"head": {
					"rotation": ["-75-math.sin(q.anim_time*90*2-45)*5", 0, 0],
					"position": [0, -1.21938, -3.71542]
				},
				"ear_right": {
					"rotation": ["0+math.cos(q.anim_time*90*2-45)*5", "0-math.cos(q.anim_time*90*2-45)*5", 0]
				},
				"ear_right2": {
					"rotation": ["0+math.cos(q.anim_time*90*2-120)*5", "0-math.cos(q.anim_time*90*2-120)*5", 0]
				},
				"ear_right3": {
					"rotation": ["0+math.cos(q.anim_time*90*2-180)*8", "0-math.cos(q.anim_time*90*2-180)*8", "0+math.cos(q.anim_time*90*2-180)*8"]
				},
				"ear_left": {
					"rotation": ["0+math.cos(q.anim_time*90*2-45)*5", "0+math.cos(q.anim_time*90*2-45)*5", 0]
				},
				"ear_left2": {
					"rotation": ["0+math.cos(q.anim_time*90*2-120)*5", "0+math.cos(q.anim_time*90*2-120)*5", 0]
				},
				"ear_left3": {
					"rotation": ["0+math.cos(q.anim_time*90*2-180)*8", "0+math.cos(q.anim_time*90*2-180)*8", "0-math.cos(q.anim_time*90*2-180)*8"]
				},
				"head3": {
					"rotation": ["0+math.sin(q.anim_time*90*2-45)*5", "0+math.sin(q.anim_time*90*2-45)*5", "0-math.sin(q.anim_time*90*2-45)*5"]
				},
				"upper_fin_right_rotation": {
					"rotation": [0, 0, 0]
				},
				"upper_fin_right2": {
					"rotation": ["-15-math.sin(q.anim_time*90*2-90)*2", "0+math.sin(q.anim_time*90*2-180)*5", "0+math.sin(q.anim_time*90*2-45)*5"]
				},
				"upper_fin_right3": {
					"rotation": [-10, 0, "0+math.sin(q.anim_time*90*2-90)*10"]
				},
				"upper_fin_right4": {
					"rotation": [-15, 0, "0+math.sin(q.anim_time*90*2-150)*15"]
				},
				"upper_fin_right5": {
					"rotation": [-15, 0, "0-math.cos(q.anim_time*90*2-45)*15"]
				},
				"upper_fin_right6": {
					"rotation": [0, 0, "0-math.cos(q.anim_time*90*2-120)*10"]
				},
				"upper_fin_right7": {
					"rotation": [0, 0, "0-math.cos(q.anim_time*90*2-150)*10"]
				},
				"upper_fin_right8": {
					"rotation": [0, 0, "0-math.cos(q.anim_time*90*2-150)*10"]
				},
				"upper_fin_right14": {
					"rotation": [30, 0, "0-math.cos(q.anim_time*90*2-120)*10"]
				},
				"upper_fin_right15": {
					"rotation": [0, 0, "0-math.cos(q.anim_time*90*2-150)*10"]
				},
				"upper_fin_right16": {
					"rotation": [0, 0, "0-math.cos(q.anim_time*90*2-150)*10"]
				},
				"upper_fin_right10": {
					"rotation": [-30, 0, "0-math.cos(q.anim_time*90*2-120)*10"]
				},
				"upper_fin_right11": {
					"rotation": [0, 0, "0-math.cos(q.anim_time*90*2-150)*10"]
				},
				"upper_fin_right12": {
					"rotation": [0, 0, "0-math.sin(q.anim_time*90*2-45)*15"]
				},
				"upper_fin_left_rotation": {
					"rotation": [0, 0, 0]
				},
				"upper_fin_left2": {
					"rotation": ["-15-math.sin(q.anim_time*90*2-90)*2", "0-math.sin(q.anim_time*90*2-180)*5", "0-math.sin(q.anim_time*90*2-45)*2"]
				},
				"upper_fin_left3": {
					"rotation": [-10, 0, "0-math.sin(q.anim_time*90*2-90)*10"]
				},
				"upper_fin_left4": {
					"rotation": [-15, 0, "0-math.sin(q.anim_time*90*2-150)*10"]
				},
				"upper_fin_left5": {
					"rotation": [-15, 0, "0+math.cos(q.anim_time*90*2-45)*15"]
				},
				"upper_fin_left6": {
					"rotation": [0, 0, "0+math.cos(q.anim_time*90*2-120)*10"]
				},
				"upper_fin_left7": {
					"rotation": [0, 0, "0+math.cos(q.anim_time*90*2-150)*10"]
				},
				"upper_fin_left8": {
					"rotation": [0, 0, "0+math.sin(q.anim_time*90*2-45)*15"]
				},
				"upper_fin_left14": {
					"rotation": [30, 0, "0+math.cos(q.anim_time*90*2-120)*10"]
				},
				"upper_fin_left15": {
					"rotation": [0, 0, "0+math.cos(q.anim_time*90*2-150)*10"]
				},
				"upper_fin_left16": {
					"rotation": [0, 0, "0+math.sin(q.anim_time*90*2-45)*15"]
				},
				"upper_fin_left10": {
					"rotation": [-30, 0, "0+math.cos(q.anim_time*90*2-120)*10"]
				},
				"upper_fin_left11": {
					"rotation": [0, 0, "0+math.cos(q.anim_time*90*2-150)*10"]
				},
				"upper_fin_left12": {
					"rotation": [0, 0, "0+math.sin(q.anim_time*90*2-45)*15"]
				},
				"lower_fin_right": {
					"rotation": ["0-math.cos(q.anim_time*90*2-45)*3", "0-math.cos(q.anim_time*90*2-45)*5", "0+math.cos(q.anim_time*90*2-45)*3"]
				},
				"lower_fin_left": {
					"rotation": ["0-math.cos(q.anim_time*90*2-45)*3", "0+math.cos(q.anim_time*90*2-45)*5", "0-math.cos(q.anim_time*90*2-45)*3"]
				},
				"segment1": {
					"rotation": ["7.5-math.cos(q.anim_time*90*2-45)*4", 0, 0]
				},
				"segment2": {
					"rotation": ["0+math.cos(q.anim_time*90*2+45)*8", 0, 0],
					"position": [0, -0.30071, -0.95372]
				},
				"segment_2": {
					"rotation": ["0+math.cos(q.anim_time*90*2-45)*8", 0, 0]
				},
				"jelly_front": {
					"rotation": ["-5-math.cos(q.anim_time*90*2+45)*4", 0, 0]
				},
				"jelly_front2": {
					"rotation": ["-15-math.sin(q.anim_time*90*2+150)*6", 0, 0]
				},
				"jelly_front3": {
					"rotation": ["-5+math.sin(q.anim_time*90*2+45)*8", 0, 0]
				},
				"jelly_back": {
					"rotation": ["5+math.cos(q.anim_time*90*2+45)*4", 0, 0]
				},
				"jelly_back2": {
					"rotation": ["15-math.sin(q.anim_time*90*2+150)*6", 0, 0]
				},
				"jelly_back3": {
					"rotation": ["5+math.sin(q.anim_time*90*2+45)*8", 0, 0]
				},
				"extra_back_right3": {
					"rotation": ["0-math.sin(q.anim_time*90*2+120)*8", 0, 0]
				},
				"extra_back_right4": {
					"rotation": ["0-math.sin(q.anim_time*90*2+180)*8", 0, 0]
				},
				"extra_back_left": {
					"rotation": ["0-math.sin(q.anim_time*90*2+120)*8", 0, 0]
				},
				"extra_back_left2": {
					"rotation": ["0-math.sin(q.anim_time*90*2+180)*8", 0, 0]
				},
				"extra_back_left7": {
					"rotation": ["0-math.sin(q.anim_time*90*2+120)*8", 0, 0]
				},
				"extra_back_left8": {
					"rotation": ["0-math.sin(q.anim_time*90*2+180)*8", 0, 0]
				},
				"extra_back_left3": {
					"rotation": ["0-math.sin(q.anim_time*90*2+120)*8", 0, 0]
				},
				"extra_back_left4": {
					"rotation": ["0-math.sin(q.anim_time*90*2+180)*8", 0, 0]
				},
				"jelly_right": {
					"rotation": [20, "0+math.cos(q.anim_time*90*2+45)*5", 0]
				},
				"jelly_right2": {
					"rotation": [0, "-15-math.cos(q.anim_time*90*2+150)*10", 0]
				},
				"jelly_right3": {
					"rotation": [0, "-15+math.sin(q.anim_time*90*2+45)*10", 0]
				},
				"extra_back_right": {
					"rotation": [0, "0-math.sin(q.anim_time*90*2+120)*10", 0]
				},
				"extra_back_right2": {
					"rotation": [0, "0-math.sin(q.anim_time*90*2+150)*10", 0]
				},
				"extra_front_right": {
					"rotation": [0, "0-math.sin(q.anim_time*90*2+120)*10", 0]
				},
				"extra_front_right2": {
					"rotation": [0, "0-math.sin(q.anim_time*90*2+150)*10", 0]
				},
				"extra_right": {
					"rotation": [0, "0-math.sin(q.anim_time*90*2+120)*10", 0]
				},
				"extra_segment_right": {
					"rotation": [0, "0-math.sin(q.anim_time*90*2+150)*10", 0]
				},
				"extra_right2": {
					"rotation": [0, "0-math.sin(q.anim_time*90*2+120)*10", 0]
				},
				"extra_segment_right2": {
					"rotation": [0, "0-math.sin(q.anim_time*90*2+150)*10", 0]
				},
				"extra_right3": {
					"rotation": [0, "0-math.sin(q.anim_time*90*2+120)*10", 0]
				},
				"extra_segment_right3": {
					"rotation": [0, "0-math.sin(q.anim_time*90*2+150)*10", 0]
				},
				"extra_right4": {
					"rotation": [0, "0-math.sin(q.anim_time*90*2+120)*10", 0]
				},
				"extra_segment_right4": {
					"rotation": [0, "0-math.sin(q.anim_time*90*2+150)*10", 0]
				},
				"bubble_right": {
					"rotation": [0, "0-math.sin(q.anim_time*90*2+120)*10", 0]
				},
				"bubble_right2": {
					"rotation": [0, "0-math.sin(q.anim_time*90*2+150)*10", 0]
				},
				"bubble_right3": {
					"rotation": [0, 0, 0]
				},
				"jelly_left": {
					"rotation": [20, "0-math.cos(q.anim_time*90*2+45)*5", 0]
				},
				"jelly_left2": {
					"rotation": [0, "15+math.cos(q.anim_time*90*2+150)*10", 0]
				},
				"jelly_left3": {
					"rotation": [0, "15-math.sin(q.anim_time*90*2+45)*10", 0]
				},
				"extra_back_left5": {
					"rotation": [0, "0+math.sin(q.anim_time*90*2+120)*10", 0]
				},
				"extra_back_left6": {
					"rotation": [0, "0+math.sin(q.anim_time*90*2+150)*10", 0]
				},
				"extra_front_left": {
					"rotation": [0, "0+math.sin(q.anim_time*90*2+120)*10", 0]
				},
				"extra_front_left2": {
					"rotation": [0, "0+math.sin(q.anim_time*90*2+150)*10", 0]
				},
				"extra_left": {
					"rotation": [0, "0+math.sin(q.anim_time*90*2+120)*10", 0]
				},
				"extra_segment_left": {
					"rotation": [0, "0+math.sin(q.anim_time*90*2+150)*10", 0]
				},
				"extra_left2": {
					"rotation": [0, "0+math.sin(q.anim_time*90*2+120)*10", 0]
				},
				"extra_segment_left2": {
					"rotation": [0, "0+math.sin(q.anim_time*90*2+150)*10", 0]
				},
				"extra_left3": {
					"rotation": [0, "0+math.sin(q.anim_time*90*2+120)*10", 0]
				},
				"extra_segment_left3": {
					"rotation": [0, "0+math.sin(q.anim_time*90*2+150)*10", 0]
				},
				"extra_left4": {
					"rotation": [0, "0+math.sin(q.anim_time*90*2+120)*10", 0]
				},
				"extra_segment_left4": {
					"rotation": [0, "0+math.sin(q.anim_time*90*2+150)*10", 0]
				},
				"bubble_left": {
					"rotation": [0, "0+math.sin(q.anim_time*90*2+120)*10", 0]
				},
				"bubble_left2": {
					"rotation": [0, "0+math.sin(q.anim_time*90*2+150)*10", 0]
				},
				"bubble_left3": {
					"rotation": [0, 0, 0]
				},
				"segment3": {
					"rotation": ["0+math.cos(q.anim_time*90*2-120)*8", 0, 0]
				},
				"segment4": {
					"rotation": ["0+math.cos(q.anim_time*90*2-150)*4", 0, 0]
				},
				"arm_right": {
					"rotation": ["55.447-math.cos(q.anim_time*90*2-180)*10", "32.8289+math.cos(q.anim_time*90*2-90)*20", "-44.8577-math.cos(q.anim_time*90*2-180)*10"]
				},
				"arm_left": {
					"rotation": ["55.447-math.cos(q.anim_time*90*2-180)*10", "-32.8289-math.cos(q.anim_time*90*2-90)*20", "44.8577+math.cos(q.anim_time*90*2-180)*10"]
				},
				"segment5": {
					"rotation": ["0+math.sin(q.anim_time*90*2-120)*8", 0, 0]
				},
				"segment6": {
					"rotation": ["0+math.sin(q.anim_time*90*2-150)*8", 0, 0]
				},
				"leg_right": {
					"rotation": ["13.4153-math.cos(q.anim_time*90*2-120)*5", -19.291, -5.38152]
				},
				"leg_right2": {
					"rotation": ["38.7468-math.cos(q.anim_time*90*2-45)*10", 13.76448, -3.11561]
				},
				"leg_left": {
					"rotation": ["13.4153-math.cos(q.anim_time*90*2-120)*5", 19.291, 5.38152]
				},
				"leg_left2": {
					"rotation": ["38.7468-math.cos(q.anim_time*90*2-45)*10", -13.76448, 3.11561]
				},
				"segment7": {
					"rotation": ["0+math.cos(q.anim_time*90*2+45)*12", 0, 0]
				},
				"segment8": {
					"rotation": ["0+math.sin(q.anim_time*90*2-180)*15", 0, 0]
				},
				"segment9": {
					"rotation": ["0-math.sin(q.anim_time*90*2-45)*8", 0, 0]
				},
				"segment10": {
					"rotation": ["0-math.sin(q.anim_time*90*2-90)*15", 0, 0]
				},
				"segment11": {
					"rotation": ["0-math.sin(q.anim_time*90*2-120)*15", 0, 0]
				},
				"segment12": {
					"rotation": ["0-math.sin(q.anim_time*90*2-120)*15", 0, 0]
				},
				"bone": {
					"rotation": ["0+math.sin(q.anim_time*90*2-20)*12", 0, 0]
				},
				"bone6": {
					"rotation": ["0+math.sin(q.anim_time*90*2-45)*15", 0, 0]
				},
				"bone2": {
					"rotation": ["0+math.cos(q.anim_time*90*2-90)*10", 0, 0]
				},
				"bone3": {
					"rotation": ["0+math.cos(q.anim_time*90*2-110)*15", 0, 0]
				},
				"bone5": {
					"rotation": ["0+math.cos(q.anim_time*90*2-120)*20", 0, 0]
				},
				"bone4": {
					"rotation": ["0+math.cos(q.anim_time*90*2-150)*10", 0, 0]
				}
			}
		},
		"animation.abyssringe.water_idle": {
			"loop": true,
			"bones": {
				"body": {
					"rotation": ["85+math.sin(q.anim_time*90*1)*4", 0, 0],
					"position": ["0+math.sin(q.anim_time*90*1+45)*2", "46+math.sin(q.anim_time*90*1+45)*2", "0-math.sin(q.anim_time*90*1+45)*2"]
				},
				"neck": {
					"rotation": ["-47.5-math.cos(q.anim_time*90*1+180)*10", 0, 0],
					"position": [0, -0.10445, -0.00624]
				},
				"head": {
					"rotation": ["-30-math.sin(q.anim_time*90*1-45)*5", 0, 0],
					"position": [0, -1.21938, -3.71542]
				},
				"ear_right": {
					"rotation": ["0+math.cos(q.anim_time*90*1-45)*5", "0-math.cos(q.anim_time*90*1-45)*5", 0]
				},
				"ear_right2": {
					"rotation": ["0+math.cos(q.anim_time*90*1-120)*5", "0-math.cos(q.anim_time*90*1-120)*5", 0]
				},
				"ear_right3": {
					"rotation": ["0+math.cos(q.anim_time*90*1-180)*8", "0-math.cos(q.anim_time*90*1-180)*8", "0+math.cos(q.anim_time*90*1-180)*8"]
				},
				"ear_left": {
					"rotation": ["0+math.cos(q.anim_time*90*1-45)*5", "0+math.cos(q.anim_time*90*1-45)*5", 0]
				},
				"ear_left2": {
					"rotation": ["0+math.cos(q.anim_time*90*1-120)*5", "0+math.cos(q.anim_time*90*1-120)*5", 0]
				},
				"ear_left3": {
					"rotation": ["0+math.cos(q.anim_time*90*1-180)*8", "0+math.cos(q.anim_time*90*1-180)*8", "0-math.cos(q.anim_time*90*1-180)*8"]
				},
				"head3": {
					"rotation": ["0+math.sin(q.anim_time*90*1-45)*5", "0+math.sin(q.anim_time*90*1-45)*5", "0-math.sin(q.anim_time*90*1-45)*5"]
				},
				"upper_fin_right_rotation": {
					"rotation": [0, 0, 0]
				},
				"upper_fin_right2": {
					"rotation": ["-11.2716-math.sin(q.anim_time*90*1-90)*2", "9.1526+math.sin(q.anim_time*90*1-180)*5", "44.2561+math.sin(q.anim_time*90*1-45)*5"]
				},
				"upper_fin_right3": {
					"rotation": [-10, 0, "0+math.sin(q.anim_time*90*1-90)*10"]
				},
				"upper_fin_right4": {
					"rotation": [-15, 0, "0+math.sin(q.anim_time*90*1-150)*15"]
				},
				"upper_fin_right5": {
					"rotation": [-15, 0, "0-math.cos(q.anim_time*90*1-45)*15"]
				},
				"upper_fin_right6": {
					"rotation": [0, 0, "0-math.cos(q.anim_time*90*1-120)*10"]
				},
				"upper_fin_right7": {
					"rotation": [0, 0, "0-math.cos(q.anim_time*90*1-150)*10"]
				},
				"upper_fin_right8": {
					"rotation": [0, 0, "0-math.cos(q.anim_time*90*1-150)*10"]
				},
				"upper_fin_right14": {
					"rotation": [30, 0, "0-math.cos(q.anim_time*90*1-120)*10"]
				},
				"upper_fin_right15": {
					"rotation": [0, 0, "0-math.cos(q.anim_time*90*1-150)*10"]
				},
				"upper_fin_right16": {
					"rotation": [0, 0, "0-math.cos(q.anim_time*90*1-150)*10"]
				},
				"upper_fin_right10": {
					"rotation": [-30, 0, "0-math.cos(q.anim_time*90*1-120)*10"]
				},
				"upper_fin_right11": {
					"rotation": [0, 0, "0-math.cos(q.anim_time*90*1-150)*10"]
				},
				"upper_fin_right12": {
					"rotation": [0, 0, "0-math.sin(q.anim_time*90*1-45)*15"]
				},
				"upper_fin_left_rotation": {
					"rotation": [0, 0, 0]
				},
				"upper_fin_left2": {
					"rotation": ["-11.2717-math.sin(q.anim_time*90*1-90)*2", "-9.1528-math.sin(q.anim_time*90*1-180)*5", "-44.2561-math.sin(q.anim_time*90*1-45)*2"]
				},
				"upper_fin_left3": {
					"rotation": [-10, 0, "0-math.sin(q.anim_time*90*1-90)*10"]
				},
				"upper_fin_left4": {
					"rotation": [-15, 0, "0-math.sin(q.anim_time*90*1-150)*10"]
				},
				"upper_fin_left5": {
					"rotation": [-15, 0, "0+math.cos(q.anim_time*90*1-45)*15"]
				},
				"upper_fin_left6": {
					"rotation": [0, 0, "0+math.cos(q.anim_time*90*1-120)*10"]
				},
				"upper_fin_left7": {
					"rotation": [0, 0, "0+math.cos(q.anim_time*90*1-150)*10"]
				},
				"upper_fin_left8": {
					"rotation": [0, 0, "0+math.sin(q.anim_time*90*1-45)*15"]
				},
				"upper_fin_left14": {
					"rotation": [30, 0, "0+math.cos(q.anim_time*90*1-120)*10"]
				},
				"upper_fin_left15": {
					"rotation": [0, 0, "0+math.cos(q.anim_time*90*1-150)*10"]
				},
				"upper_fin_left16": {
					"rotation": [0, 0, "0+math.sin(q.anim_time*90*1-45)*15"]
				},
				"upper_fin_left10": {
					"rotation": [-30, 0, "0+math.cos(q.anim_time*90*1-120)*10"]
				},
				"upper_fin_left11": {
					"rotation": [0, 0, "0+math.cos(q.anim_time*90*1-150)*10"]
				},
				"upper_fin_left12": {
					"rotation": [0, 0, "0+math.sin(q.anim_time*90*1-45)*15"]
				},
				"lower_fin_right": {
					"rotation": ["0-math.cos(q.anim_time*90*1-45)*3", "0-math.cos(q.anim_time*90*1-45)*5", "0+math.cos(q.anim_time*90*1-45)*3"]
				},
				"lower_fin_left": {
					"rotation": ["0-math.cos(q.anim_time*90*1-45)*3", "0+math.cos(q.anim_time*90*1-45)*5", "0-math.cos(q.anim_time*90*1-45)*3"]
				},
				"segment1": {
					"rotation": ["-37.5-math.cos(q.anim_time*90*1-45)*4", 0, 0]
				},
				"segment2": {
					"rotation": ["-17.5+math.cos(q.anim_time*90*1+45)*8", 0, 0],
					"position": [0, -0.30071, -0.95372]
				},
				"segment_2": {
					"rotation": ["17.5+math.cos(q.anim_time*90*1-45)*8", 0, 0]
				},
				"jelly_front": {
					"rotation": ["-5-math.cos(q.anim_time*90*1+45)*4", 0, 0]
				},
				"jelly_front2": {
					"rotation": ["-15-math.sin(q.anim_time*90*1+150)*6", 0, 0]
				},
				"jelly_front3": {
					"rotation": ["-5+math.sin(q.anim_time*90*1+45)*8", 0, 0]
				},
				"jelly_back": {
					"rotation": ["5+math.cos(q.anim_time*90*1+45)*4", 0, 0]
				},
				"jelly_back2": {
					"rotation": ["15-math.sin(q.anim_time*90*1+150)*6", 0, 0]
				},
				"jelly_back3": {
					"rotation": ["5+math.sin(q.anim_time*90*1+45)*8", 0, 0]
				},
				"extra_back_right3": {
					"rotation": ["0-math.sin(q.anim_time*90*1+120)*8", 0, 0]
				},
				"extra_back_right4": {
					"rotation": ["0-math.sin(q.anim_time*90*1+180)*8", 0, 0]
				},
				"extra_back_left": {
					"rotation": ["0-math.sin(q.anim_time*90*1+120)*8", 0, 0]
				},
				"extra_back_left2": {
					"rotation": ["0-math.sin(q.anim_time*90*1+180)*8", 0, 0]
				},
				"extra_back_left7": {
					"rotation": ["0-math.sin(q.anim_time*90*1+120)*8", 0, 0]
				},
				"extra_back_left8": {
					"rotation": ["0-math.sin(q.anim_time*90*1+180)*8", 0, 0]
				},
				"extra_back_left3": {
					"rotation": ["0-math.sin(q.anim_time*90*1+120)*8", 0, 0]
				},
				"extra_back_left4": {
					"rotation": ["0-math.sin(q.anim_time*90*1+180)*8", 0, 0]
				},
				"jelly_right": {
					"rotation": [20, "0+math.cos(q.anim_time*90*1+45)*5", 0]
				},
				"jelly_right2": {
					"rotation": [0, "-15-math.cos(q.anim_time*90*1+150)*10", 0]
				},
				"jelly_right3": {
					"rotation": [0, "-15+math.sin(q.anim_time*90*1+45)*10", 0]
				},
				"extra_back_right": {
					"rotation": [0, "0-math.sin(q.anim_time*90*1+120)*10", 0]
				},
				"extra_back_right2": {
					"rotation": [0, "0-math.sin(q.anim_time*90*1+150)*10", 0]
				},
				"extra_front_right": {
					"rotation": [0, "0-math.sin(q.anim_time*90*1+120)*10", 0]
				},
				"extra_front_right2": {
					"rotation": [0, "0-math.sin(q.anim_time*90*1+150)*10", 0]
				},
				"extra_right": {
					"rotation": [0, "0-math.sin(q.anim_time*90*1+120)*10", 0]
				},
				"extra_segment_right": {
					"rotation": [0, "0-math.sin(q.anim_time*90*1+150)*10", 0]
				},
				"extra_right2": {
					"rotation": [0, "0-math.sin(q.anim_time*90*1+120)*10", 0]
				},
				"extra_segment_right2": {
					"rotation": [0, "0-math.sin(q.anim_time*90*1+150)*10", 0]
				},
				"extra_right3": {
					"rotation": [0, "0-math.sin(q.anim_time*90*1+120)*10", 0]
				},
				"extra_segment_right3": {
					"rotation": [0, "0-math.sin(q.anim_time*90*1+150)*10", 0]
				},
				"extra_right4": {
					"rotation": [0, "0-math.sin(q.anim_time*90*1+120)*10", 0]
				},
				"extra_segment_right4": {
					"rotation": [0, "0-math.sin(q.anim_time*90*1+150)*10", 0]
				},
				"bubble_right": {
					"rotation": [0, "0-math.sin(q.anim_time*90*1+120)*10", 0]
				},
				"bubble_right2": {
					"rotation": [0, "0-math.sin(q.anim_time*90*1+150)*10", 0]
				},
				"bubble_right3": {
					"rotation": [0, 0, 0]
				},
				"jelly_left": {
					"rotation": [20, "0-math.cos(q.anim_time*90*1+45)*5", 0]
				},
				"jelly_left2": {
					"rotation": [0, "15+math.cos(q.anim_time*90*1+150)*10", 0]
				},
				"jelly_left3": {
					"rotation": [0, "15-math.sin(q.anim_time*90*1+45)*10", 0]
				},
				"extra_back_left5": {
					"rotation": [0, "0+math.sin(q.anim_time*90*1+120)*10", 0]
				},
				"extra_back_left6": {
					"rotation": [0, "0+math.sin(q.anim_time*90*1+150)*10", 0]
				},
				"extra_front_left": {
					"rotation": [0, "0+math.sin(q.anim_time*90*1+120)*10", 0]
				},
				"extra_front_left2": {
					"rotation": [0, "0+math.sin(q.anim_time*90*1+150)*10", 0]
				},
				"extra_left": {
					"rotation": [0, "0+math.sin(q.anim_time*90*1+120)*10", 0]
				},
				"extra_segment_left": {
					"rotation": [0, "0+math.sin(q.anim_time*90*1+150)*10", 0]
				},
				"extra_left2": {
					"rotation": [0, "0+math.sin(q.anim_time*90*1+120)*10", 0]
				},
				"extra_segment_left2": {
					"rotation": [0, "0+math.sin(q.anim_time*90*1+150)*10", 0]
				},
				"extra_left3": {
					"rotation": [0, "0+math.sin(q.anim_time*90*1+120)*10", 0]
				},
				"extra_segment_left3": {
					"rotation": [0, "0+math.sin(q.anim_time*90*1+150)*10", 0]
				},
				"extra_left4": {
					"rotation": [0, "0+math.sin(q.anim_time*90*1+120)*10", 0]
				},
				"extra_segment_left4": {
					"rotation": [0, "0+math.sin(q.anim_time*90*1+150)*10", 0]
				},
				"bubble_left": {
					"rotation": [0, "0+math.sin(q.anim_time*90*1+120)*10", 0]
				},
				"bubble_left2": {
					"rotation": [0, "0+math.sin(q.anim_time*90*1+150)*10", 0]
				},
				"bubble_left3": {
					"rotation": [0, 0, 0]
				},
				"segment3": {
					"rotation": ["0+math.cos(q.anim_time*90*1-120)*8", 0, 0]
				},
				"segment4": {
					"rotation": ["-5+math.cos(q.anim_time*90*1-150)*4", 0, 0]
				},
				"arm_right": {
					"rotation": ["55.447-math.cos(q.anim_time*90*1-180)*10", "32.8289+math.cos(q.anim_time*90*1-90)*20", "-44.8577-math.cos(q.anim_time*90*1-180)*10"]
				},
				"arm_left": {
					"rotation": ["55.447-math.cos(q.anim_time*90*1-180)*10", "-32.8289-math.cos(q.anim_time*90*1-90)*20", "44.8577+math.cos(q.anim_time*90*1-180)*10"]
				},
				"segment5": {
					"rotation": ["15+math.sin(q.anim_time*90*1-120)*8", 0, 0]
				},
				"segment6": {
					"rotation": ["15+math.sin(q.anim_time*90*1-150)*8", 0, 0]
				},
				"leg_right": {
					"rotation": ["-46.5847-math.cos(q.anim_time*90*1-120)*5", -19.291, -5.38152]
				},
				"leg_right2": {
					"rotation": ["41.2195-math.cos(q.anim_time*90*1-45)*10", -2.80636, 22.10013]
				},
				"leg_left": {
					"rotation": ["-46.5847-math.cos(q.anim_time*90*1-120)*5", 19.291, 5.38152]
				},
				"leg_left2": {
					"rotation": ["41.2195-math.cos(q.anim_time*90*1-45)*10", 2.80636, -22.10013]
				},
				"segment7": {
					"rotation": ["0+math.cos(q.anim_time*90*1+45)*12", 0, 0]
				},
				"segment8": {
					"rotation": ["0+math.sin(q.anim_time*90*1-180)*15", 0, 0]
				},
				"segment9": {
					"rotation": ["0-math.sin(q.anim_time*90*1-45)*8", 0, 0]
				},
				"segment10": {
					"rotation": ["0-math.sin(q.anim_time*90*1-90)*15", 0, 0]
				},
				"segment11": {
					"rotation": ["0-math.sin(q.anim_time*90*1-120)*15", 0, 0]
				},
				"segment12": {
					"rotation": ["0-math.sin(q.anim_time*90*1-120)*15", 0, 0]
				},
				"bone": {
					"rotation": ["0+math.sin(q.anim_time*90*1-20)*12", 0, 0]
				},
				"bone6": {
					"rotation": ["0+math.sin(q.anim_time*90*1-45)*15", 0, 0]
				},
				"bone2": {
					"rotation": ["0+math.cos(q.anim_time*90*1-90)*10", 0, 0]
				},
				"bone3": {
					"rotation": ["0+math.cos(q.anim_time*90*1-110)*15", 0, 0]
				},
				"bone5": {
					"rotation": ["0+math.cos(q.anim_time*90*1-120)*20", 0, 0]
				},
				"bone4": {
					"rotation": ["0+math.cos(q.anim_time*90*1-150)*10", 0, 0]
				}
			}
		},
		"animation.abyssringe.ground_walk": {
			"loop": true,
			"animation_length": 2,
			"bones": {
				"body": {
					"rotation": [90, 0, 0],
					"position": {
						"0.0": [0, 8.5, -8],
						"0.6667": [0, 9.75, -8],
						"1.0": [0, 8.5, -8],
						"1.6667": [0, 9.75, -8],
						"2.0": [0, 8.5, -8]
					}
				},
				"neck": {
					"rotation": ["-42.5-math.cos(q.anim_time*90*4+45)*6", "0-math.cos(q.anim_time*90*2-60)*10", 0],
					"position": ["0-math.cos(q.anim_time*90*2+30)*0.25", 0, 0]
				},
				"head": {
					"rotation": ["-40-math.sin(q.anim_time*90*4+45)*1", 0, "0-math.cos(q.anim_time*90*2-90)*3"]
				},
				"ear_right": {
					"rotation": ["0+math.sin(q.anim_time*90*4+45)*5", 0, "0-math.sin(q.anim_time*90*4+45)*5"]
				},
				"ear_right2": {
					"rotation": ["0-math.cos(q.anim_time*90*4+45)*4", 0, 0]
				},
				"ear_right3": {
					"rotation": ["0+math.cos(q.anim_time*90*4+180)*4", 0, 0]
				},
				"head2": {
					"rotation": ["0-math.sin(q.anim_time*90*4+45)*6", 0, 0]
				},
				"ear_left": {
					"rotation": ["0+math.sin(q.anim_time*90*4+45)*5", 0, "0+math.sin(q.anim_time*90*4+45)*5"]
				},
				"ear_left2": {
					"rotation": ["0-math.cos(q.anim_time*90*4+45)*4", 0, 0]
				},
				"ear_left3": {
					"rotation": ["0+math.cos(q.anim_time*90*4+180)*4", 0, 0]
				},
				"head3": {
					"rotation": ["0-math.sin(q.anim_time*90*4+45)*6", 0, 0]
				},
				"upper_fin_right_rotation": {
					"rotation": [-2.48848, -0.54094, -12.44081]
				},
				"upper_fin_right2": {
					"rotation": [0, 0, "20-math.sin(q.anim_time*90*4+45)*2"]
				},
				"upper_fin_right3": {
					"rotation": [-10, 0, "0+math.sin(q.anim_time*90*4-120)*2"]
				},
				"upper_fin_right4": {
					"rotation": [-10, 0, "0+math.sin(q.anim_time*90*4-180)*4"]
				},
				"upper_fin_right5": {
					"rotation": [-10, 0, "0+math.cos(q.anim_time*90*4+45)*4"]
				},
				"upper_fin_right6": {
					"rotation": [0, 0, "0+math.sin(q.anim_time*90*4+120)*6"]
				},
				"upper_fin_right7": {
					"rotation": [0, 0, "0+math.sin(q.anim_time*90*4+45)*8"]
				},
				"upper_fin_right8": {
					"rotation": [0, 0, "0-math.cos(q.anim_time*90*4+120)*8"]
				},
				"upper_fin_right14": {
					"rotation": [30, 0, "0+math.sin(q.anim_time*90*4+120)*6"]
				},
				"upper_fin_right15": {
					"rotation": [0, 0, "0+math.sin(q.anim_time*90*4+45)*8"]
				},
				"upper_fin_right16": {
					"rotation": [0, 0, "0-math.cos(q.anim_time*90*4+120)*8"]
				},
				"upper_fin_right10": {
					"rotation": [-30, 0, "0+math.sin(q.anim_time*90*4+120)*6"]
				},
				"upper_fin_right11": {
					"rotation": [0, 0, "0+math.sin(q.anim_time*90*4+45)*8"]
				},
				"upper_fin_right12": {
					"rotation": [0, 0, "0-math.cos(q.anim_time*90*4+120)*8"]
				},
				"upper_fin_left_rotation": {
					"rotation": [-2.48848, 0.54094, 12.44081]
				},
				"upper_fin_left2": {
					"rotation": [0, 0, "-20+math.sin(q.anim_time*90*4+45)*2"]
				},
				"upper_fin_left3": {
					"rotation": [-10, 0, "0-math.sin(q.anim_time*90*4-120)*2"]
				},
				"upper_fin_left5": {
					"rotation": [-10, 0, "0-math.cos(q.anim_time*90*4+45)*4"]
				},
				"upper_fin_left6": {
					"rotation": [0, 0, "0-math.sin(q.anim_time*90*4+120)*6"]
				},
				"upper_fin_left7": {
					"rotation": [0, 0, "0-math.sin(q.anim_time*90*4+45)*8"]
				},
				"upper_fin_left8": {
					"rotation": [0, 0, "0+math.cos(q.anim_time*90*4+120)*8"]
				},
				"upper_fin_left14": {
					"rotation": [30, 0, "0-math.sin(q.anim_time*90*4+120)*6"]
				},
				"upper_fin_left15": {
					"rotation": [0, 0, "0-math.sin(q.anim_time*90*4+45)*8"]
				},
				"upper_fin_left16": {
					"rotation": [0, 0, "0+math.cos(q.anim_time*90*4+120)*8"]
				},
				"upper_fin_left10": {
					"rotation": [-30, 0, "0-math.sin(q.anim_time*90*4+120)*6"]
				},
				"upper_fin_left11": {
					"rotation": [0, 0, "0-math.sin(q.anim_time*90*4+45)*8"]
				},
				"upper_fin_left12": {
					"rotation": [0, 0, "0+math.cos(q.anim_time*90*4+120)*8"]
				},
				"segment1": {
					"rotation": ["-32.5-math.cos(q.anim_time*90*4+180)", 0, "0-math.cos(q.anim_time*90*2-30)*20"]
				},
				"segment2": {
					"rotation": ["10-math.cos(q.anim_time*90*4+180)*2", "0-math.cos(q.anim_time*90*2-30)*15", 0]
				},
				"segment_2": {
					"rotation": ["7.5+math.cos(q.anim_time*90*4+120)*2", "0-math.cos(q.anim_time*90*2-90)*10", 0]
				},
				"jelly_front": {
					"rotation": ["-math.cos(q.anim_time*90*4+45)*5", 0, 0]
				},
				"jelly_front2": {
					"rotation": ["15-math.sin(q.anim_time*90*4+45)*6", 0, 0]
				},
				"jelly_front3": {
					"rotation": ["5+math.cos(q.anim_time*90*4+45)*4", 0, 0]
				},
				"jelly_back": {
					"rotation": ["17.5+math.cos(q.anim_time*90*4+45)*4", 0, 0]
				},
				"jelly_back2": {
					"rotation": ["2.5-math.sin(q.anim_time*90*4+150)*6", 0, 0]
				},
				"jelly_back3": {
					"rotation": ["-10+math.sin(q.anim_time*90*4+45)*8", 0, 0]
				},
				"extra_back_right3": {
					"rotation": ["0-math.sin(q.anim_time*90*4+180)*8", 0, 0]
				},
				"extra_back_right4": {
					"rotation": ["0-math.sin(q.anim_time*90*4+180)*8", 0, 0]
				},
				"extra_back_left": {
					"rotation": ["0-math.sin(q.anim_time*90*4+180)*8", 0, 0]
				},
				"extra_back_left2": {
					"rotation": ["0-math.sin(q.anim_time*90*4+180)*8", 0, 0]
				},
				"extra_back_left7": {
					"rotation": ["0-math.sin(q.anim_time*90*4+120)*8", 0, 0]
				},
				"extra_back_left8": {
					"rotation": ["0-math.sin(q.anim_time*90*4+180)*8", 0, 0]
				},
				"extra_back_left3": {
					"rotation": ["0-math.sin(q.anim_time*90*4+180)*8", 0, 0]
				},
				"extra_back_left4": {
					"rotation": ["0-math.sin(q.anim_time*90*4+180)*8", 0, 0]
				},
				"jelly_right": {
					"rotation": [30.66282, "-31.9445-math.cos(q.anim_time*90*4+45)*2", -17.97549]
				},
				"jelly_right2": {
					"rotation": [0, "25-math.cos(q.anim_time*90*4+45)*4", 0]
				},
				"jelly_right3": {
					"rotation": [0, "0+math.cos(q.anim_time*90*4+120)*6", 0]
				},
				"extra_front_right": {
					"rotation": [0, "0+math.sin(q.anim_time*90*4+120)*4", 0]
				},
				"extra_front_right2": {
					"rotation": [0, "0+math.sin(q.anim_time*90*4+150)*4", 0]
				},
				"extra_right": {
					"rotation": [0, "0+math.sin(q.anim_time*90*4+120)*4", 0]
				},
				"extra_segment_right": {
					"rotation": [0, "0+math.sin(q.anim_time*90*4+150)*4", 0]
				},
				"extra_right2": {
					"rotation": [0, "0+math.sin(q.anim_time*90*4+120)*4", 0]
				},
				"extra_segment_right2": {
					"rotation": [0, "0+math.sin(q.anim_time*90*4+150)*4", 0]
				},
				"extra_right3": {
					"rotation": [0, "0+math.sin(q.anim_time*90*4+120)*4", 0]
				},
				"extra_segment_right3": {
					"rotation": [0, "0+math.sin(q.anim_time*90*4+150)*4", 0]
				},
				"extra_right4": {
					"rotation": [0, "0+math.sin(q.anim_time*90*4+120)*4", 0]
				},
				"extra_segment_right4": {
					"rotation": [0, "0+math.sin(q.anim_time*90*4+150)*4", 0]
				},
				"bubble_right": {
					"rotation": [0, "0+math.sin(q.anim_time*90*4+120)*4", 0]
				},
				"bubble_right2": {
					"rotation": [0, "0+math.sin(q.anim_time*90*4+150)*4", 0]
				},
				"bubble_right3": {
					"rotation": [0, 0, 0]
				},
				"jelly_left": {
					"rotation": [30.66282, "31.9445-math.cos(q.anim_time*90*4+45)*2", 17.97549]
				},
				"jelly_left2": {
					"rotation": [0, "-25-math.cos(q.anim_time*90*4+45)*4", 0]
				},
				"jelly_left3": {
					"rotation": [0, "0+math.cos(q.anim_time*90*4+120)*6", 0]
				},
				"extra_back_left5": {
					"rotation": [0, "0+math.sin(q.anim_time*90*4+120)*4", 0]
				},
				"extra_back_left6": {
					"rotation": [0, "0+math.sin(q.anim_time*90*4+150)*4", 0]
				},
				"extra_front_left": {
					"rotation": [0, "0+math.sin(q.anim_time*90*4+120)*4", 0]
				},
				"extra_front_left2": {
					"rotation": [0, "0+math.sin(q.anim_time*90*4+150)*4", 0]
				},
				"extra_left": {
					"rotation": [0, "0+math.sin(q.anim_time*90*4+120)*4", 0]
				},
				"extra_segment_left": {
					"rotation": [0, "0+math.sin(q.anim_time*90*4+150)*4", 0]
				},
				"extra_left2": {
					"rotation": [0, "0+math.sin(q.anim_time*90*4+120)*4", 0]
				},
				"extra_segment_left2": {
					"rotation": [0, "0+math.sin(q.anim_time*90*4+150)*4", 0]
				},
				"extra_left3": {
					"rotation": [0, "0+math.sin(q.anim_time*90*4+120)*4", 0]
				},
				"extra_segment_left3": {
					"rotation": [0, "0+math.sin(q.anim_time*90*4+150)*4", 0]
				},
				"extra_left4": {
					"rotation": [0, "0+math.sin(q.anim_time*90*4+120)*4", 0]
				},
				"extra_segment_left4": {
					"rotation": [0, "0+math.sin(q.anim_time*90*4+150)*4", 0]
				},
				"bubble_left": {
					"rotation": [0, "0+math.sin(q.anim_time*90*4+120)*4", 0]
				},
				"bubble_left2": {
					"rotation": [0, "0+math.sin(q.anim_time*90*4+150)*4", 0]
				},
				"bubble_left3": {
					"rotation": [0, 0, 0]
				},
				"segment3": {
					"rotation": ["10-math.cos(q.anim_time*90*4+45)*2", "0-math.cos(q.anim_time*90*2-150)*10", 0]
				},
				"segment4": {
					"rotation": [10, "0-math.cos(q.anim_time*90*2-270)*10", 0]
				},
				"arm_right": {
					"rotation": ["73.4808-math.cos(q.anim_time*90*2-180)*10", "39.7103-math.cos(q.anim_time*90*2-90)*20", "-14.8784+math.cos(q.anim_time*90*2-180)*10"]
				},
				"arm_left": {
					"rotation": ["73.4808-math.cos(q.anim_time*90*2-180)*10", "-39.7103-math.cos(q.anim_time*90*2-90)*20", "14.8784+math.cos(q.anim_time*90*2-180)*10"]
				},
				"segment5": {
					"rotation": [0, "0-math.cos(q.anim_time*90*2-300)*20", 0]
				},
				"segment6": {
					"rotation": [-5, "0-math.cos(q.anim_time*90*2-360)*15", 0]
				},
				"leg_right": {
					"rotation": ["28.1882-math.cos(q.anim_time*90*2)*28", "-1.0537-math.sin(q.anim_time*90*2+20)*20", "77.626-math.cos(q.anim_time*90*2-45)*20"],
					"position": [0, 1, 0]
				},
				"leg_right2": {
					"rotation": ["-65-math.cos(q.anim_time*90*2-20)*20", 0, 0],
					"position": [0, -1, 0]
				},
				"leg_left": {
					"rotation": ["28.1882+math.cos(q.anim_time*90*2)*28", "1.0537-math.sin(q.anim_time*90*2+20)*20", "-77.626-math.cos(q.anim_time*90*2-45)*20"],
					"position": [0, 1, 0]
				},
				"leg_left2": {
					"rotation": ["-65+math.cos(q.anim_time*90*2-20)*20", 0, 0],
					"position": [0, -1, 0]
				},
				"segment7": {
					"rotation": ["-2.5-math.cos(q.anim_time*90*4)*3", "-math.cos(q.anim_time*90*2-30)*5", 0]
				},
				"segment8": {
					"rotation": ["-2.5-math.cos(q.anim_time*90*4+120)", "0-math.cos(q.anim_time*90*2-60)*5", 0]
				},
				"segment9": {
					"rotation": ["2.5-math.cos(q.anim_time*90*4+180)", "0-math.cos(q.anim_time*90*2-90)*10", 0]
				},
				"segment10": {
					"rotation": [2.5, "-math.cos(q.anim_time*90*2-120)*15", 0]
				},
				"segment11": {
					"rotation": [-2.5, "-math.cos(q.anim_time*90*2-120)*15", 0]
				},
				"segment12": {
					"rotation": [2.5, "-math.cos(q.anim_time*90*2-120)*15", 0]
				},
				"bone": {
					"rotation": [0, "0-math.cos(q.anim_time*90*2-150)*20", 0]
				},
				"bone6": {
					"rotation": [0, "0-math.cos(q.anim_time*90*2-150)*20", 0]
				},
				"bone2": {
					"rotation": [0, "0-math.cos(q.anim_time*90*2-180)*20", 0]
				},
				"bone3": {
					"rotation": [0, "0-math.cos(q.anim_time*90*2-180)*20", 0]
				},
				"bone5": {
					"rotation": [0, "0-math.cos(q.anim_time*90*2-180)*20", 0]
				},
				"bone4": {
					"rotation": [0, "0-math.cos(q.anim_time*90*2-210)*20", 0]
				},
				"torso": {
					"position": ["math.cos(q.anim_time*90*2+180)*4", 0, 0]
				}
			}
		},
		"animation.abyssringe.ground_idle": {
			"loop": true,
			"bones": {
				"body": {
					"rotation": ["90-math.cos(q.anim_time*90*2+45)*3", 0, 0],
					"position": [0, "17-math.sin(q.anim_time*90*2)*0.25", "-6+math.cos(q.anim_time*90*2+45)*0.75"]
				},
				"torso": {
					"rotation": ["0+math.cos(q.anim_time*90*2+45)", 0, 0],
					"position": [0, "0+math.cos(q.anim_time*90*2+45)*0.3", "0-math.cos(q.anim_time*90*2+45)*0.05"]
				},
				"neck": {
					"rotation": ["-65-math.cos(q.anim_time*90*2+45)*4", 0, 0],
					"position": [0, 0, 0.25]
				},
				"head": {
					"rotation": [-22.5, 0, 0]
				},
				"ear_right": {
					"rotation": ["0+math.sin(q.anim_time*90*2+45)*5", 0, "0-math.sin(q.anim_time*90*2+45)*5"]
				},
				"ear_right2": {
					"rotation": ["0-math.cos(q.anim_time*90*2+45)*4", 0, 0]
				},
				"ear_right3": {
					"rotation": ["0+math.cos(q.anim_time*90*2+180)*4", 0, 0]
				},
				"head2": {
					"rotation": ["0-math.sin(q.anim_time*90*2+45)*6", 0, 0]
				},
				"ear_left": {
					"rotation": ["0+math.sin(q.anim_time*90*2+45)*5", 0, "0+math.sin(q.anim_time*90*2+45)*5"]
				},
				"ear_left2": {
					"rotation": ["0-math.cos(q.anim_time*90*2+45)*4", 0, 0]
				},
				"ear_left3": {
					"rotation": ["0+math.cos(q.anim_time*90*2+180)*4", 0, 0]
				},
				"head3": {
					"rotation": ["0-math.sin(q.anim_time*90*2+45)*6", 0, 0]
				},
				"upper_fin_right_rotation": {
					"rotation": [0, 0, -17.5]
				},
				"upper_fin_right2": {
					"rotation": [0, 0, "30-math.sin(q.anim_time*90*2+45)*2"]
				},
				"upper_fin_right3": {
					"rotation": [-10, 0, "0+math.sin(q.anim_time*90*2-120)*2"]
				},
				"upper_fin_right4": {
					"rotation": [-10, 0, "0+math.sin(q.anim_time*90*2-180)*4"]
				},
				"upper_fin_right5": {
					"rotation": [-10, 0, "0+math.cos(q.anim_time*90*2+45)*4"]
				},
				"upper_fin_right6": {
					"rotation": [0, 0, "0+math.sin(q.anim_time*90*2+120)*6"]
				},
				"upper_fin_right7": {
					"rotation": [0, 0, "0+math.sin(q.anim_time*90*2+45)*8"]
				},
				"upper_fin_right8": {
					"rotation": [0, 0, "0+math.sin(q.anim_time*90*2+45)*8"]
				},
				"upper_fin_right14": {
					"rotation": [30, 0, "0+math.sin(q.anim_time*90*2+120)*6"]
				},
				"upper_fin_right15": {
					"rotation": [0, 0, "0+math.sin(q.anim_time*90*2+45)*8"]
				},
				"upper_fin_right16": {
					"rotation": [0, 0, "0+math.sin(q.anim_time*90*2+45)*8"]
				},
				"upper_fin_right10": {
					"rotation": [-30, 0, "0+math.sin(q.anim_time*90*2+120)*6"]
				},
				"upper_fin_right11": {
					"rotation": [0, 0, "0+math.sin(q.anim_time*90*2+45)*8"]
				},
				"upper_fin_right12": {
					"rotation": [0, 0, "0+math.sin(q.anim_time*90*2+45)*8"]
				},
				"upper_fin_left_rotation": {
					"rotation": [0, 0, 17.5]
				},
				"upper_fin_left2": {
					"rotation": [0, 0, "-30+math.sin(q.anim_time*90*2+45)*2"]
				},
				"upper_fin_left3": {
					"rotation": [-10, 0, "0-math.sin(q.anim_time*90*2-120)*2"]
				},
				"upper_fin_left4": {
					"rotation": [-10, 0, "0-math.sin(q.anim_time*90*2-180)*4"]
				},
				"upper_fin_left5": {
					"rotation": [-10, 0, "0-math.cos(q.anim_time*90*2+45)*4"]
				},
				"upper_fin_left6": {
					"rotation": [0, 0, "0-math.sin(q.anim_time*90*2+120)*6"]
				},
				"upper_fin_left7": {
					"rotation": [0, 0, "0-math.sin(q.anim_time*90*2+45)*8"]
				},
				"upper_fin_left8": {
					"rotation": [0, 0, "0+math.cos(q.anim_time*90*2+120)*8"]
				},
				"upper_fin_left14": {
					"rotation": [30, 0, "0-math.sin(q.anim_time*90*2+120)*6"]
				},
				"upper_fin_left15": {
					"rotation": [0, 0, "0-math.sin(q.anim_time*90*2+45)*8"]
				},
				"upper_fin_left16": {
					"rotation": [0, 0, "0+math.cos(q.anim_time*90*2+120)*8"]
				},
				"upper_fin_left10": {
					"rotation": [-30, 0, "0-math.sin(q.anim_time*90*2+120)*6"]
				},
				"upper_fin_left11": {
					"rotation": [0, 0, "0-math.sin(q.anim_time*90*2+45)*8"]
				},
				"upper_fin_left12": {
					"rotation": [0, 0, "0+math.cos(q.anim_time*90*2+120)*8"]
				},
				"segment1": {
					"rotation": ["-57.5-math.sin(q.anim_time*90*2+180)", 0, 0]
				},
				"segment2": {
					"rotation": ["20-math.sin(q.anim_time*90*2+180)", 0, 0],
					"position": [0, -0.25, -0.5]
				},
				"jelly_top": {
					"rotation": [-7.5, 0, 0]
				},
				"segment_2": {
					"rotation": ["20+math.sin(q.anim_time*90*2+120)", 0, 0]
				},
				"jelly_front": {
					"rotation": ["-2.5-math.cos(q.anim_time*90*2+45)*5", 0, 0]
				},
				"jelly_front2": {
					"rotation": ["25-math.sin(q.anim_time*90*2+45)*6", 0, 0]
				},
				"jelly_front3": {
					"rotation": ["-10+math.cos(q.anim_time*90*2+45)*4", 0, 0]
				},
				"jelly_back2": {
					"rotation": ["37.5-math.sin(q.anim_time*90*2+150)*6", 0, 0],
					"position": [0, 0, 0]
				},
				"jelly_back3": {
					"rotation": ["-12.5+math.sin(q.anim_time*90*2+45)*8", 0, 0]
				},
				"extra_back_right3": {
					"rotation": ["0-math.sin(q.anim_time*90*2+120)*8", 0, 0]
				},
				"extra_back_right4": {
					"rotation": ["0-math.sin(q.anim_time*90*2+180)*8", 0, 0]
				},
				"extra_back_left": {
					"rotation": ["0-math.sin(q.anim_time*90*2+120)*8", 0, 0]
				},
				"extra_back_left2": {
					"rotation": ["0-math.sin(q.anim_time*90*2+180)*8", 0, 0]
				},
				"extra_back_left7": {
					"rotation": ["0-math.sin(q.anim_time*90*2+120)*8", 0, 0]
				},
				"extra_back_left8": {
					"rotation": ["0-math.sin(q.anim_time*90*2+180)*8", 0, 0]
				},
				"extra_back_left3": {
					"rotation": ["0-math.sin(q.anim_time*90*2+120)*8", 0, 0]
				},
				"extra_back_left4": {
					"rotation": ["0-math.sin(q.anim_time*90*2+180)*8", 0, 0]
				},
				"jelly_right": {
					"rotation": [20, "0+math.cos(q.anim_time*90*2+45)*2", 0]
				},
				"jelly_right3": {
					"rotation": [0, "0-math.cos(q.anim_time*90*2+120)*6", 0]
				},
				"extra_back_right": {
					"rotation": [0, "0-math.sin(q.anim_time*90*2+120)*4", 0]
				},
				"extra_back_right2": {
					"rotation": [0, "0-math.sin(q.anim_time*90*2+150)*4", 0]
				},
				"extra_front_right": {
					"rotation": [0, "0-math.sin(q.anim_time*90*2+120)*4", 0]
				},
				"extra_front_right2": {
					"rotation": [0, "0-math.sin(q.anim_time*90*2+150)*4", 0]
				},
				"extra_right": {
					"rotation": [0, "0-math.sin(q.anim_time*90*2+120)*4", 0]
				},
				"extra_segment_right": {
					"rotation": [0, "0-math.sin(q.anim_time*90*2+150)*4", 0]
				},
				"extra_right2": {
					"rotation": [0, "0-math.sin(q.anim_time*90*2+120)*4", 0]
				},
				"extra_segment_right2": {
					"rotation": [0, "0-math.sin(q.anim_time*90*2+150)*4", 0]
				},
				"extra_right3": {
					"rotation": [0, "0-math.sin(q.anim_time*90*2+120)*4", 0]
				},
				"extra_segment_right3": {
					"rotation": [0, "0-math.sin(q.anim_time*90*2+150)*4", 0]
				},
				"extra_right4": {
					"rotation": [0, "0-math.sin(q.anim_time*90*2+120)*4", 0]
				},
				"extra_segment_right4": {
					"rotation": [0, "0-math.sin(q.anim_time*90*2+150)*4", 0]
				},
				"bubble_right": {
					"rotation": [0, "0-math.sin(q.anim_time*90*2+120)*4", 0]
				},
				"bubble_right2": {
					"rotation": [0, "0-math.sin(q.anim_time*90*2+150)*4", 0]
				},
				"jelly_left": {
					"rotation": [20, "0-math.cos(q.anim_time*90*2+45)*2", 0]
				},
				"jelly_left2": {
					"rotation": [0, "15-math.cos(q.anim_time*90*2+45)*4", 0]
				},
				"jelly_left3": {
					"rotation": [0, "0+math.cos(q.anim_time*90*2+120)*6", 0]
				},
				"extra_back_left5": {
					"rotation": [0, "0+math.sin(q.anim_time*90*2+120)*4", 0]
				},
				"extra_back_left6": {
					"rotation": [0, "0+math.sin(q.anim_time*90*2+150)*4", 0]
				},
				"extra_front_left": {
					"rotation": [0, "0+math.sin(q.anim_time*90*2+120)*4", 0]
				},
				"extra_front_left2": {
					"rotation": [0, "0+math.sin(q.anim_time*90*2+150)*4", 0]
				},
				"extra_left": {
					"rotation": [0, "0+math.sin(q.anim_time*90*2+120)*4", 0]
				},
				"extra_segment_left": {
					"rotation": [0, "0+math.sin(q.anim_time*90*2+150)*4", 0]
				},
				"extra_left2": {
					"rotation": [0, "0+math.sin(q.anim_time*90*2+120)*4", 0]
				},
				"extra_segment_left2": {
					"rotation": [0, "0+math.sin(q.anim_time*90*2+150)*4", 0]
				},
				"extra_left3": {
					"rotation": [0, "0+math.sin(q.anim_time*90*2+120)*4", 0]
				},
				"extra_segment_left3": {
					"rotation": [0, "0+math.sin(q.anim_time*90*2+150)*4", 0]
				},
				"extra_left4": {
					"rotation": [0, "0+math.sin(q.anim_time*90*2+120)*4", 0]
				},
				"extra_segment_left4": {
					"rotation": [0, "0+math.sin(q.anim_time*90*2+150)*4", 0]
				},
				"bubble_left": {
					"rotation": [0, "0+math.sin(q.anim_time*90*2+120)*4", 0]
				},
				"bubble_left2": {
					"rotation": [0, "0+math.sin(q.anim_time*90*2+150)*4", 0]
				},
				"bubble_left3": {
					"rotation": [0, 0, 0]
				},
				"segment3": {
					"rotation": ["15-math.sin(q.anim_time*90*2+45)", 0, 0]
				},
				"segment4": {
					"rotation": ["-2.5-math.sin(q.anim_time*90*2+45)", 0, 0]
				},
				"arm_right": {
					"rotation": [-4.84386, -13.5639, "-72.7884-math.cos(q.anim_time*90*2+180)*2"],
					"position": [0, 2, -1]
				},
				"arm_left": {
					"rotation": [-4.84386, 13.5639, "72.7884-math.cos(q.anim_time*90*2+180)*2"],
					"position": [0, 2, -1]
				},
				"segment5": {
					"rotation": ["5+math.cos(q.anim_time*90*2+45)*3", 0, 0]
				},
				"segment6": {
					"rotation": [0, 0, 0]
				},
				"leg_right": {
					"rotation": ["-57.5+math.cos(q.anim_time*90*2+45)", 0, 0],
					"position": [0, "0.8263-math.cos(q.anim_time*90*2+45)*0.25", -0.12738]
				},
				"leg_right2": {
					"rotation": ["-30-math.cos(q.anim_time*90*2+45)*2", 0, 0],
					"position": [0, "0.4868-math.cos(q.anim_time*90*2+45)*0.1", "1.1568-math.cos(q.anim_time*90*2+45)*0.1"]
				},
				"leg_left": {
					"rotation": ["-57.5+math.cos(q.anim_time*90*2+45)", 0, 0],
					"position": [0, "0.8263-math.cos(q.anim_time*90*2+45)*0.25", -0.12738]
				},
				"leg_left2": {
					"rotation": ["-30-math.cos(q.anim_time*90*2+45)*2", 0, 0],
					"position": [0, "0.4868-math.cos(q.anim_time*90*2+45)*0.1", "1.1568-math.cos(q.anim_time*90*2+45)*0.1"]
				},
				"segment7": {
					"rotation": ["-7.5-math.sin(q.anim_time*90*2)*2", "-math.cos(q.anim_time*90*2-30)*7", 0]
				},
				"segment8": {
					"rotation": ["2.5-math.sin(q.anim_time*90*2-30)*1.5", "-math.cos(q.anim_time*90*2-60)*5", 0]
				},
				"segment9": {
					"rotation": ["5-math.sin(q.anim_time*90*2-60)", "-math.cos(q.anim_time*90*2-90)*5", 0]
				},
				"segment10": {
					"rotation": [2.5, "-math.cos(q.anim_time*90*2-120)*4", 0]
				},
				"segment11": {
					"rotation": [2.5, "-math.cos(q.anim_time*90*2-120)*4", 0]
				},
				"segment12": {
					"rotation": [10, "-math.cos(q.anim_time*90*2-120)*4", 0]
				},
				"bone": {
					"rotation": [0, "0-math.cos(q.anim_time*90*2-150)*5", 0]
				},
				"bone6": {
					"rotation": [0, "0-math.cos(q.anim_time*90*2-150)*15", 0]
				},
				"bone2": {
					"rotation": [0, "0-math.cos(q.anim_time*90*2-180)*15", 0]
				},
				"bone3": {
					"rotation": [0, "0-math.cos(q.anim_time*90*2-180)*15", 0]
				},
				"bone5": {
					"rotation": [0, "0-math.cos(q.anim_time*90*2-180)*25", 0]
				},
				"bone4": {
					"rotation": [0, "0-math.cos(q.anim_time*90*2-210)*25", 0]
				}
			}
		}
	}
}