{
    "species": "cobblemon:sonorosian",
    "order": 0,
    "variations": [
        {
            "aspects": [],
            "poser": "cobblemon:sonorosian",
            "model": "cobblemon:sonorosian.geo",
            "texture": "cobblemon:textures/pokemon/sonorosian/sonorosian.png",
            "layers": [
                {
                    "name": "emissive",
                    "emissive": true,
                    "texture": "cobblemon:textures/pokemon/sonorosian/sonorosian_emissive.png",
                    "translucent": true
                }
            ]
        },
        {
            "aspects": [
                "shiny"
            ],
            "texture": "cobblemon:textures/pokemon/sonorosian/sonorosian_shiny.png",
            "layers": [
                {
                    "name": "emissive",
                    "emissive": true,
                    "texture": "cobblemon:textures/pokemon/sonorosian/sonorosian_shiny_emissive.png",
                    "translucent": true
                }
            ]
        }
    ]
}