{
    "enabled": true,
    "neededInstalledMods": [],
    "neededUninstalledMods": [],
    "spawns": [
        {
            "id": "kirlia-1",
            "pokemon": "kirlia",
            "presets": [
                "natural"
            ],
            "type": "pokemon",
            "context": "grounded",
            "bucket": "rare",
            "level": "20-29",
            "weight": 2.25,
            "condition": {
                "minSkyLight": 8,
                "maxSkyLight": 15,
                "biomes": [
                    "#cobblemon:is_floral",
                    "#cobblemon:is_magical",
                    "aether:skyroot_grove",
                    "aether:skyroot_meadow",
                    "#cobblemon:is_snowy_forest"
                ]
            }
        },
        {
            "id": "kirlia_goth-1",
            "pokemon": "kirlia aspect=goth",
            "presets": [
                "natural"
            ],
            "type": "pokemon",
            "context": "grounded",
            "bucket": "rare",
            "level": "20-29",
            "weight": 2.25,
            "condition": {
                "minSkyLight": 8,
                "maxSkyLight": 15,
                "biomes": [
                    "#cobblemon:is_spooky",
                    "#cobblemon:is_swamp"
                ],
                "timeRange": "night"
            }
        },
        {
            "id": "kirlia-2",
            "pokemon": "kirlia",
            "presets": [
                "natural",
                "urban"
            ],
            "type": "pokemon",
            "context": "grounded",
            "bucket": "rare",
            "level": "20-29",
            "weight": 0.45,
            "condition": {
                "minSkyLight": 8,
                "maxSkyLight": 15,
                "biomes": [
                    "#cobblemon:is_overworld"
                ]
            }
        },
        {
            "id": "kirlia-3",
            "pokemon": "kirlia",
            "presets": [
                "natural"
            ],
            "type": "pokemon",
            "context": "grounded",
            "bucket": "rare",
            "level": "20-29",
            "weight": 0.45,
            "condition": {
                "minSkyLight": 8,
                "maxSkyLight": 15,
                "biomes": [
                    "#cobblemon:is_overworld"
                ],
                "structures": [
                    "#minecraft:village"
                ]
            }
        },
        {
            "id": "kirlia_goth-3",
            "pokemon": "kirlia aspect=goth",
            "presets": [
                "natural"
            ],
            "type": "pokemon",
            "context": "grounded",
            "bucket": "rare",
            "level": "20-29",
            "weight": 0.45,
            "condition": {
                "minSkyLight": 8,
                "maxSkyLight": 15,
                "biomes": [
                    "#cobblemon:is_overworld"
                ],
                "structures": [
                    "minecraft:pillager_outpost"
                ],
                "timeRange": "night"
            }
        },
        {
            "id": "kirlia-4",
            "pokemon": "kirlia",
            "presets": [
                "mansion"
            ],
            "type": "pokemon",
            "context": "grounded",
            "bucket": "common",
            "level": "20-29",
            "weight": 0.19,
            "condition": {
                "canSeeSky": false,
                "biomes": [
                    "#cobblemon:is_overworld"
                ],
                "timeRange": "day"
            }
        },
        {
            "id": "kirlia_goth-4",
            "pokemon": "kirlia aspect=goth",
            "presets": [
                "mansion"
            ],
            "type": "pokemon",
            "context": "grounded",
            "bucket": "common",
            "level": "20-29",
            "weight": 0.19,
            "condition": {
                "canSeeSky": false,
                "biomes": [
                    "#cobblemon:is_overworld"
                ],
                "timeRange": "night"
            }
        }
    ]
}