{
    "enabled": true,
    "neededInstalledMods": [],
    "neededUninstalledMods": [],
    "spawns": [
        {
            "id": "pumpkaboom-1",
            "pokemon": "pumpkaboom",
            "presets": [
                "natural"
            ],
            "type": "pokemon",
            "context": "grounded",
            "bucket": "common",
            "level": "9-34",
            "weight": 5.7,
            "condition": {
                "biomes": [
                    "#cobblemon:is_overworld"
                ],
                "timeRange": "night",
                "neededNearbyBlocks": [
                    "minecraft:jack_o_lantern"
                ]
            }
        },
        {
            "id": "pumpkaboom-2",
            "pokemon": "pumpkaboom",
            "presets": [
                "natural"
            ],
            "type": "pokemon",
            "context": "grounded",
            "bucket": "uncommon",
            "level": "9-34",
            "weight": 9.2,
            "condition": {
                "biomes": [
                    "#cobblemon:nether/is_soul_fire"
                ]
            }
        }
    ]
}