{
    "enabled": true,
    "neededInstalledMods": [],
    "neededUninstalledMods": [],
    "spawns": [
        {
            "id": "umbrelligant-red-1",
            "pokemon": "umbrelligant umbrella=red",
            "presets": [
                "natural"
            ],
            "type": "pokemon",
            "context": "grounded",
            "bucket": "common",
            "level": "39-48",
            "weight": 0.5,
            "condition": {
                "minSkyLight": 8,
                "maxSkyLight": 15,
                "biomes": [
                    "#cobblemon:is_cherry_blossom",
                    "#cobblemon:is_bamboo"
                ]
            }
        },
        {
            "id": "umbrelligant-yellow-2",
            "pokemon": "umbrelligant umbrella=yellow",
            "presets": [
                "natural"
            ],
            "type": "pokemon",
            "context": "grounded",
            "bucket": "common",
            "level": "39-48",
            "weight": 0.5,
            "weightMultiplier": {
                "multiplier": 0.25,
                "condition": {
                    "timeRange": "night"
                }
            },
            "condition": {
                "minSkyLight": 8,
                "maxSkyLight": 15,
                "biomes": [
                    "#cobblemon:is_cherry_blossom",
                    "#cobblemon:is_bamboo"
                ]
            }
        },
        {
            "id": "umbrelligant-green-3",
            "pokemon": "umbrelligant umbrella=green",
            "presets": [
                "natural"
            ],
            "type": "pokemon",
            "context": "grounded",
            "bucket": "common",
            "level": "39-48",
            "weight": 0.5,
            "weightMultiplier": {
                "multiplier": 0.25,
                "condition": {
                    "timeRange": "night"
                }
            },
            "condition": {
                "minSkyLight": 8,
                "maxSkyLight": 15,
                "biomes": [
                    "#cobblemon:is_cherry_blossom",
                    "#cobblemon:is_bamboo"
                ]
            }
        },
        {
            "id": "umbrelligant-blue-4",
            "pokemon": "umbrelligant umbrella=blue",
            "presets": [
                "natural"
            ],
            "type": "pokemon",
            "context": "grounded",
            "bucket": "common",
            "level": "39-48",
            "weight": 0.5,
            "weightMultiplier": {
                "multiplier": 0.25,
                "condition": {
                    "timeRange": "night"
                }
            },
            "condition": {
                "minSkyLight": 8,
                "maxSkyLight": 15,
                "biomes": [
                    "#cobblemon:is_cherry_blossom",
                    "#cobblemon:is_bamboo"
                ]
            }
        },
        {
            "id": "umbrelligant-light_blue-5",
            "pokemon": "umbrelligant umbrella=light_blue",
            "presets": [
                "natural"
            ],
            "type": "pokemon",
            "context": "grounded",
            "bucket": "common",
            "level": "39-48",
            "weight": 0.5,
            "weightMultiplier": {
                "multiplier": 0.25,
                "condition": {
                    "timeRange": "night"
                }
            },
            "condition": {
                "minSkyLight": 8,
                "maxSkyLight": 15,
                "biomes": [
                    "#cobblemon:is_cherry_blossom",
                    "#cobblemon:is_bamboo"
                ]
            }
        },
        {
            "id": "umbrelligant-pink-6",
            "pokemon": "umbrelligant umbrella=pink",
            "presets": [
                "natural"
            ],
            "type": "pokemon",
            "context": "grounded",
            "bucket": "common",
            "level": "39-48",
            "weight": 0.5,
            "weightMultiplier": {
                "multiplier": 0.25,
                "condition": {
                    "timeRange": "night"
                }
            },
            "condition": {
                "minSkyLight": 8,
                "maxSkyLight": 15,
                "biomes": [
                    "#cobblemon:is_cherry_blossom",
                    "#cobblemon:is_bamboo"
                ]
            }
        }
    ]
}