{
	"format_version": "1.8.0",
	"animations": {
		"animation.terroferno.ground_idle": {
			"loop": true,
			"animation_length": 1,
			"bones": {
				"body": {
					"rotation": {
						"0.0": [0, 0, 0],
						"0.5": [2.5, 0, 0],
						"1.0": [0, 0, 0]
					},
					"position": {
						"0.0": [0, 0, 0],
						"0.5": [0, 0, -1],
						"1.0": [0, 0, 0]
					}
				},
				"leftwingopen": {
					"scale": 0
				},
				"rightwingopen": {
					"scale": 0
				},
				"leftfoot": {
					"rotation": {
						"0.0": [0, 0, 0],
						"0.5": [-7.5, 0, 0],
						"1.0": [0, 0, 0]
					}
				},
				"rightfoot": {
					"rotation": {
						"0.0": [0, 0, 0],
						"0.5": [-7.5, 0, 0],
						"1.0": [0, 0, 0]
					}
				},
				"neck1": {
					"rotation": {
						"0.0": [0, 0, 0],
						"0.5": [-7.5, 0, 0],
						"1.0": [0, 0, 0]
					}
				},
				"head": {
					"rotation": {
						"0.0": [0, 0, 0],
						"0.5": [7.5, 0, 0],
						"1.0": [0, 0, 0]
					}
				},
				"tail1": {
					"rotation": {
						"0.0": [0, 0, 0],
						"0.5": [-7.5, 0, 0],
						"1.0": [0, 0, 0]
					}
				},
				"tail2": {
					"rotation": {
						"0.0": [0, 0, 0],
						"0.5": [-7.5, 0, 0],
						"1.0": [0, 0, 0]
					}
				},
				"tail3": {
					"rotation": {
						"0.0": [0, 0, 0],
						"0.5": [-7.5, 0, 0],
						"1.0": [0, 0, 0]
					}
				}
			}
		},
		"animation.terroferno.ground_walk": {
			"loop": true,
			"animation_length": 1,
			"bones": {
				"body": {
					"rotation": {
						"0.0": [0, 0, 5],
						"0.25": [0, 0, 2.5],
						"0.5": [0, 0, -5],
						"0.75": [0, 0, -2.5],
						"1.0": [0, 0, 5]
					}
				},
				"leftwingopen": {
					"scale": 0
				},
				"rightwingopen": {
					"scale": 0
				},
				"leftwingclosed": {
					"rotation": {
						"0.0": [0, 0, 0],
						"0.25": [0, 0, 0],
						"0.5": [0, 0, -7.5],
						"0.75": [0, 0, 0],
						"1.0": [0, 0, 0]
					}
				},
				"rightwingclosed": {
					"rotation": {
						"0.0": [0, 0, 7.5],
						"0.25": [0, 0, 0],
						"0.5": [0, 0, 0],
						"0.75": [0, 0, 0],
						"1.0": [0, 0, 7.5]
					}
				},
				"leftleg": {
					"rotation": {
						"0.0": [0, 0, -7.5],
						"0.25": [42.5, 0, 0],
						"0.5": [-30, 0, 0],
						"0.75": [-30, 0, 0],
						"1.0": [0, 0, -7.5]
					},
					"position": {
						"0.0": [0, 0, 0],
						"0.25": [0, 0, 3],
						"0.5": [0, -2, -1],
						"0.75": [0, -2, -1],
						"1.0": [0, 0, 0]
					}
				},
				"leftleg2": {
					"rotation": {
						"0.0": [0, 0, 0],
						"0.25": [-17.5, 0, 0],
						"0.3333": [34.17, 0, 0],
						"0.5": [47.5, 0, 0],
						"0.75": [-27.5, 0, 0],
						"1.0": [0, 0, 0]
					},
					"position": {
						"0.0": [0, 0, 0],
						"0.5": [0, 1, 1],
						"0.75": [0, 0, 0],
						"1.0": [0, 0, 0]
					}
				},
				"leftleg3": {
					"rotation": {
						"0.0": [0, 0, 0],
						"0.125": [1.25, 0, 0],
						"0.25": [32.5, 0, 0],
						"0.5": [-55, 0, 0],
						"0.75": [32.5, 0, 0],
						"1.0": [0, 0, 0]
					},
					"position": {
						"0.0": [0, 0, 0],
						"1.0": [0, 0, 0]
					}
				},
				"leftfoot": {
					"rotation": {
						"0.0": [0, 0, 0],
						"0.25": [-32.5, 0, 0],
						"0.3333": [80.83, 0, 0],
						"0.5": [90, 0, 0],
						"0.75": [22.5, 0, 0],
						"1.0": [0, 0, 0]
					},
					"position": {
						"0.0": [0, 0, 0],
						"0.5": [0, 1, 2],
						"0.75": [0, 0, 0.5],
						"1.0": [0, 0, 0]
					}
				},
				"rightleg": {
					"rotation": {
						"0.0": [-30, 0, 0],
						"0.25": [-30, 0, 0],
						"0.5": [0, 0, 7.5],
						"0.75": [42.5, 0, 0],
						"1.0": [-30, 0, 0]
					},
					"position": {
						"0.25": [0, -2, -1],
						"0.5": [0, 0, 0],
						"0.75": [0, 0, 3],
						"1.0": [0, -2, -1]
					}
				},
				"rightleg2": {
					"rotation": {
						"0.0": [47.5, 0, 0],
						"0.25": [-27.5, 0, 0],
						"0.5": [0, 0, 0],
						"0.75": [-17.5, 0, 0],
						"0.8333": [34.17, 0, 0],
						"1.0": [47.5, 0, 0]
					},
					"position": {
						"0.0": [0, 1, 1],
						"0.25": [0, 0, 0],
						"0.5": [0, 0, 0],
						"1.0": [0, 1, 1]
					}
				},
				"rightleg3": {
					"rotation": {
						"0.0": [-55, 0, 0],
						"0.25": [32.5, 0, 0],
						"0.5": [0, 0, 0],
						"0.625": [1.25, 0, 0],
						"0.75": [32.5, 0, 0],
						"1.0": [-55, 0, 0]
					},
					"position": [0, 0, 0]
				},
				"rightfoot": {
					"rotation": {
						"0.0": [90, 0, 0],
						"0.25": [22.5, 0, 0],
						"0.5": [0, 0, 0],
						"0.75": [-32.5, 0, 0],
						"0.8333": [80.83, 0, 0],
						"1.0": [90, 0, 0]
					},
					"position": {
						"0.0": [0, 1, 2],
						"0.25": [0, 0, 0.5],
						"0.5": [0, 0, 0],
						"1.0": [0, 1, 2]
					}
				},
				"neck1": {
					"rotation": {
						"0.0": [-0.18803, 3.1622, -11.80423],
						"0.25": [0, 0, -2.5],
						"0.5": [-0.18803, -3.1622, 11.80423],
						"0.75": [0, 0, 2.5],
						"1.0": [-0.18803, 3.1622, -11.80423]
					}
				},
				"head": {
					"rotation": {
						"0.0": [-0.18803, -3.1622, 11.80423],
						"0.25": [0, 0, 2.5],
						"0.5": [-0.18803, 3.1622, -11.80423],
						"0.75": [0, 0, -2.5],
						"1.0": [-0.18803, -3.1622, 11.80423]
					}
				},
				"actuallythehead": {
					"rotation": {
						"0.0": [-0.93452, 6.79386, -8.72014],
						"0.25": [-0.93452, 6.79386, -8.72014],
						"0.5": [-0.93452, -6.79386, 8.72014],
						"0.75": [-0.93452, -6.79386, 8.72014],
						"1.0": [-0.93452, 6.79386, -8.72014]
					}
				},
				"tail1": {
					"rotation": {
						"0.0": [0.10753, 3.21154, 8.83424],
						"0.25": [0.10753, -3.21154, -8.83424],
						"0.5": [0.10753, -3.21154, -8.83424],
						"0.75": [0.10753, 3.21154, 8.83424],
						"1.0": [0.10753, 3.21154, 8.83424]
					}
				},
				"tail2": {
					"rotation": {
						"0.0": [0, 12.5, 0],
						"0.25": [0, -12.5, 0],
						"0.5": [0, -12.5, 0],
						"0.75": [0, 12.5, 0],
						"1.0": [0, 12.5, 0]
					}
				},
				"tail3": {
					"rotation": {
						"0.0": [0, 22.5, 0],
						"0.25": [0, 22.5, 0],
						"0.5": [0, -22.5, 0],
						"0.75": [0, -22.5, 0],
						"1.0": [0, 22.5, 0]
					},
					"position": {
						"0.0": [2, 0, -0.5],
						"0.25": [2, 0, -0.5],
						"0.5": [-2, 0, -0.5],
						"0.75": [-2, 0, -0.5],
						"1.0": [2, 0, -0.5]
					}
				}
			}
		},
		"animation.terroferno.air_idle": {
			"loop": true,
			"animation_length": 1,
			"bones": {
				"body": {
					"rotation": {
						"0.0": [-30, 0, 0],
						"1.0": [-30, 0, 0]
					},
					"position": {
						"0.0": [0, -4, -2],
						"0.25": [0, -1, 0],
						"0.5": [0, 7, 6],
						"0.75": [0, 3, 4],
						"1.0": [0, -4, -2]
					}
				},
				"leftwingopen": {
					"rotation": {
						"0.0": [0, 0, -62.5],
						"0.125": [0, 0, -15],
						"0.375": [16.3936, -2.15172, 50.27512],
						"0.5": [18.09412, -10.63689, 57.12229],
						"0.75": [23.40416, -2.9018, -45.65918],
						"0.875": [4.74118, -2.25784, -79.92161],
						"1.0": [0, 0, -62.5]
					}
				},
				"leftwingopen2": {
					"rotation": {
						"0.0": [0, 0, 0],
						"0.25": [0, 0, -15],
						"0.5": [0, 0, 15],
						"1.0": [0, 0, 0]
					}
				},
				"leftwingopen3": {
					"rotation": {
						"0.0": [0.87299, 15.24391, -10.05649],
						"0.5": [-3.39715, 14.69328, 16.57562],
						"0.625": [-5.76044, 29.85912, 78.38898],
						"0.75": [-0.78311, 40.45034, 74.95608],
						"0.875": [6.44339, 30.94263, 4.90258],
						"1.0": [0.87299, 15.24391, -10.05649]
					}
				},
				"leftwingopentip": {
					"rotation": {
						"0.0": [0, 0, 30],
						"0.0417": [0, 0, -37.5],
						"0.25": [0, 0, -37.5],
						"0.5": [0, 0, -37.5],
						"0.5417": [0, 0, 52.5],
						"0.75": [0, 0, 52.5],
						"1.0": [0, 0, 30]
					}
				},
				"rightwingopen": {
					"rotation": {
						"0.0": [0, 0, 62.5],
						"0.125": [0, 0, 15],
						"0.375": [16.3936, 2.15172, -50.27512],
						"0.5": [18.09412, 10.63689, -57.12229],
						"0.75": [23.40416, 2.9018, 45.65918],
						"0.875": [4.74118, 2.25784, 79.92161],
						"1.0": [0, 0, 62.5]
					}
				},
				"rightwingopen2": {
					"rotation": {
						"0.0": [0, 0, 0],
						"0.25": [0, 0, 15],
						"0.5": [0, 0, -15],
						"1.0": [0, 0, 0]
					}
				},
				"rightwingopen3": {
					"rotation": {
						"0.0": [0.87299, -15.24391, 10.05649],
						"0.5": [-3.39715, -14.69328, -16.57562],
						"0.625": [-5.76044, -29.85912, -78.38898],
						"0.75": [-0.78311, -40.45034, -74.95608],
						"0.875": [6.44339, -30.94263, -4.90258],
						"1.0": [0.87299, -15.24391, 10.05649]
					}
				},
				"rightwingopentip": {
					"rotation": {
						"0.0": [0, 0, -30],
						"0.0417": [0, 0, 37.5],
						"0.25": [0, 0, 37.5],
						"0.5": [0, 0, 37.5],
						"0.5417": [0, 0, -52.5],
						"0.75": [0, 0, -52.5],
						"1.0": [0, 0, -30]
					}
				},
				"leftwingclosed": {
					"scale": 0
				},
				"rightwingclosed": {
					"scale": 0
				},
				"leftleg": {
					"rotation": {
						"0.0": [17.25002, 2.99318, -9.54589],
						"0.5": [29.75002, 2.99318, -9.54589],
						"0.75": [29.75002, 2.99318, -9.54589],
						"1.0": [17.25002, 2.99318, -9.54589]
					}
				},
				"leftleg2": {
					"rotation": [15, 0, 0]
				},
				"leftleg3": {
					"rotation": [-32.5, 0, 0]
				},
				"leftfoot": {
					"rotation": [82.5, 0, 0],
					"position": [0, 1.5, 1.75]
				},
				"rightleg": {
					"rotation": {
						"0.0": [-31.60659, 7.99365, 12.73415],
						"0.5": [-14.10659, 7.99365, 12.73415],
						"0.75": [-14.10659, 7.99365, 12.73415],
						"1.0": [-31.60659, 7.99365, 12.73415]
					},
					"position": [0, -1, 0]
				},
				"rightleg2": {
					"rotation": [55, 0, 0],
					"position": [0, 0, 2]
				},
				"rightleg3": {
					"rotation": [-37.5, 0, 0]
				},
				"rightfoot": {
					"rotation": [72.5, 0, 0],
					"position": [0, 1, 2]
				},
				"neck1": {
					"rotation": [55, 0, 0],
					"position": [0, -1.5, -2]
				},
				"head": {
					"rotation": {
						"0.0": [-32.5, 0, 0],
						"0.5": [0, 0, 0],
						"1.0": [-32.5, 0, 0]
					},
					"position": {
						"0.0": [0, -1, 2],
						"0.5": [0, 0, 0],
						"1.0": [0, -1, 2]
					}
				},
				"spine3": {
					"rotation": {
						"0.0": [25, 0, 0],
						"0.5": [0, 0, 0],
						"1.0": [25, 0, 0]
					}
				},
				"topjaw": {
					"rotation": {
						"0.0": [0, 0, 0],
						"0.5": [-7.5, 0, 0],
						"1.0": [0, 0, 0]
					}
				},
				"tail1": {
					"rotation": {
						"0.0": [0, 0, 0],
						"0.25": [-15, 0, 0],
						"0.5": [-37.5, 0, 0],
						"0.75": [-37.5, 0, 0],
						"1.0": [0, 0, 0]
					},
					"position": {
						"0.0": [0, 0, 0],
						"0.25": [0, 0, 1],
						"0.5": [0, 0, 4],
						"0.75": [0, 0, 4],
						"1.0": [0, 0, 0]
					}
				}
			}
		},
		"animation.terroferno.air_fly": {
			"loop": true,
			"animation_length": 3,
			"bones": {
				"body": {
					"rotation": [10, 0, 0],
					"position": {
						"0.0": [0, -4, 0],
						"0.25": [0, -1, 0],
						"0.5": [0, 3, 0],
						"0.75": [0, 1, 0],
						"1.0": [0, -4, 0],
						"1.25": [0, -2, 0],
						"1.375": [0, 2, 0],
						"1.5": [0, 1, 0],
						"3.0": [0, -4, 0]
					}
				},
				"leftwingopen": {
					"rotation": {
						"0.0": [-5, 0, -75],
						"0.25": [-12.58116, 7.71082, -27.5197],
						"0.5": [23.64122, 9.24734, 37.61461],
						"0.75": [5.38451, -26.73564, 35.46956],
						"0.9167": [5.10952, -16.1144, -19.87819],
						"1.0": [-5, 0, -75],
						"1.125": [-12.58116, 7.71082, -27.5197],
						"1.25": [6.81059, 15.14874, 4.14579],
						"1.375": [7.26147, 13.30092, 19.03898],
						"1.5": [-16.44545, 13.20534, -12.92026],
						"1.75": [-16.40065, 11.08209, -20.11399],
						"2.0": [-16.44545, 13.20534, -12.92026],
						"2.25": [-16.40065, 11.08209, -20.11399],
						"2.5": [-16.44545, 13.20534, -12.92026],
						"3.0": [-5, 0, -75]
					}
				},
				"leftwingopen2": {
					"rotation": {
						"0.0": [0, 0, 0],
						"0.25": [-2.5, 0, -17.5],
						"0.75": [1.51313, -1.8043, 8.89863],
						"1.0": [0, 0, 0],
						"1.125": [-2.5, 0, -17.5],
						"1.375": [0, 0, 0],
						"1.75": [0, 0, 2],
						"2.0": [0, 0, -5],
						"2.25": [0, 0, 16.67],
						"2.5": [0, 0, -6.66],
						"2.75": [0, 0, 0],
						"3.0": [0, 0, 0]
					}
				},
				"leftwingopen3": {
					"rotation": {
						"0.0": [0, 0, 0],
						"0.25": [0, 0, 0],
						"0.5": [0, 0, -12.5],
						"0.75": [-2.87277, 30.90595, 35.1027],
						"0.9167": [-2.87277, 30.90595, 35.1027],
						"1.0": [0, 0, 0],
						"1.125": [0, 0, 0],
						"1.375": [-5, 0, 17.5],
						"1.5": [-5, 0, 17.5],
						"1.75": [2.05573, -0.25805, 5.26928],
						"2.0": [2.05573, -0.25805, 5.26928],
						"2.25": [-1.45459, 0.84286, 24.50852],
						"2.5": [-1.45459, 0.84286, 24.50852],
						"2.75": [-5, 0, 17.5],
						"3.0": [0, 0, 0]
					}
				},
				"leftwingopentip": {
					"rotation": {
						"0.0": [0, 0, 0],
						"0.25": [0, 0, -22.5],
						"0.5": [0, 0, -22.5],
						"0.75": [0, 0, 30],
						"0.9167": [0, 0, 30],
						"1.0": [0, 0, 0],
						"1.125": [0, 0, -22.5],
						"1.375": [0, 0, 22.5],
						"1.625": [0, 0, -20],
						"1.75": [0, 0, -2.5],
						"1.875": [0, 0, -20],
						"2.0": [0, 0, -2.5],
						"2.125": [0, 0, -20],
						"2.25": [0, 0, -2.5],
						"2.375": [0, 0, -20],
						"2.5": [0, 0, -20],
						"2.75": [0, 0, 22.5],
						"3.0": [0, 0, 0]
					}
				},
				"rightwingopen": {
					"rotation": {
						"0.0": [-5, 0, 75],
						"0.25": [-12.58116, -7.71082, 27.5197],
						"0.5": [23.64122, -9.24734, -37.61461],
						"0.75": [5.38451, 26.73564, -35.46956],
						"0.9167": [5.10952, 16.1144, 19.87819],
						"1.0": [-5, 0, 75],
						"1.125": [-12.58116, -7.71082, 27.5197],
						"1.25": [6.81059, -15.14874, -4.14579],
						"1.375": [7.26147, -13.30092, -19.03898],
						"1.5": [-16.44545, -13.20534, 12.92026],
						"1.75": [-16.40065, -11.08209, 20.11399],
						"2.0": [-16.44545, -13.20534, 12.92026],
						"2.25": [-16.40065, -11.08209, 20.11399],
						"2.5": [-16.44545, -13.20534, 12.92026],
						"3.0": [-5, 0, 75]
					}
				},
				"rightwingopen2": {
					"rotation": {
						"0.0": [0, 0, 0],
						"0.25": [-2.5, 0, 17.5],
						"0.75": [1.51313, 1.8043, -8.89863],
						"1.0": [0, 0, 0],
						"1.125": [-2.5, 0, 17.5],
						"1.375": [0, 0, 0],
						"1.75": [0, 0, -2],
						"2.0": [0, 0, 5],
						"2.25": [0, 0, -16.67],
						"2.5": [0, 0, 6.66],
						"2.75": [0, 0, 0],
						"3.0": [0, 0, 0]
					}
				},
				"rightwingopen3": {
					"rotation": {
						"0.0": [0, 0, 0],
						"0.25": [0, 0, 0],
						"0.5": [0, 0, 12.5],
						"0.75": [-2.87277, -30.90595, -35.1027],
						"0.9167": [-2.87277, -30.90595, -35.1027],
						"1.0": [0, 0, 0],
						"1.125": [0, 0, 0],
						"1.375": [-5, 0, -17.5],
						"1.5": [-5, 0, -17.5],
						"1.75": [2.05573, 0.25805, -5.26928],
						"2.0": [2.05573, 0.25805, -5.26928],
						"2.25": [-1.45459, -0.84286, -24.50852],
						"2.5": [-1.45459, -0.84286, -24.50852],
						"2.75": [-5, 0, -17.5],
						"3.0": [0, 0, 0]
					}
				},
				"rightwingopentip": {
					"rotation": {
						"0.0": [0, 0, 0],
						"0.25": [0, 0, 22.5],
						"0.5": [0, 0, 22.5],
						"0.75": [0, 0, -30],
						"0.9167": [0, 0, -30],
						"1.0": [0, 0, 0],
						"1.125": [0, 0, 22.5],
						"1.375": [0, 0, -22.5],
						"1.625": [0, 0, 20],
						"1.75": [0, 0, 2.5],
						"1.875": [0, 0, 20],
						"2.0": [0, 0, 2.5],
						"2.125": [0, 0, 20],
						"2.25": [0, 0, 2.5],
						"2.375": [0, 0, 20],
						"2.5": [0, 0, 20],
						"2.75": [0, 0, -22.5],
						"3.0": [0, 0, 0]
					}
				},
				"leftwingclosed": {
					"scale": 0
				},
				"rightwingclosed": {
					"scale": 0
				},
				"leftleg": {
					"rotation": [65.33431, -4.20854, -9.07947],
					"position": [0, 0, 4]
				},
				"leftleg3": {
					"rotation": [25, 0, 0]
				},
				"leftfoot": {
					"rotation": [60, 0, 0],
					"position": [0, 0, 2]
				},
				"rightleg": {
					"rotation": [65.33431, 4.20854, 9.07947],
					"position": [0, 0, 4]
				},
				"rightleg3": {
					"rotation": [25, 0, 0]
				},
				"rightfoot": {
					"rotation": [60, 0, 0],
					"position": [0, 0, 2]
				},
				"neck1": {
					"rotation": {
						"0.0": [45, 0, 0],
						"0.5": [60, 0, 0],
						"1.0": [45, 0, 0],
						"2.0": [37.60633, -0.77965, -0.93982],
						"3.0": [45, 0, 0]
					},
					"position": {
						"0.0": [0, -1, -3],
						"1.0": [0, -1, -3],
						"3.0": [0, -1, -3]
					}
				},
				"head": {
					"rotation": {
						"0.0": [50, 0, 0],
						"0.5": [70, 0, 0],
						"1.0": [70, 0, 0],
						"1.5": [50, 0, 0],
						"3.0": [50, 0, 0]
					}
				},
				"spine2": {
					"rotation": [-82.5, 0, 0]
				},
				"spine3": {
					"rotation": [-60, 0, 0]
				},
				"actuallythehead": {
					"rotation": {
						"0.0": [-105, 0, 0],
						"0.75": [-120, 0, 0],
						"3.0": [-105, 0, 0]
					},
					"position": {
						"0.0": [0, 0, 0],
						"0.75": [0, 1, -1],
						"3.0": [0, 0, 0]
					}
				},
				"spine1": {
					"rotation": [-5, 0, 0]
				},
				"bottomjaw": {
					"rotation": {
						"0.25": [0, 0, 0],
						"0.5": [12.5, 0, 0],
						"0.75": [0, 0, 0]
					}
				},
				"topjaw": {
					"rotation": {
						"0.25": [0, 0, 0],
						"0.5": [-7.5, 0, 0],
						"0.75": [0, 0, 0]
					}
				},
				"tail1": {
					"rotation": {
						"0.0": [-35, 0, 0],
						"0.5": [-34.97365, -4.18284, -3.70978],
						"1.5": [-34.97365, 4.18284, 3.70978],
						"2.5": [-35, 0, 0]
					},
					"position": {
						"0.0": [0, -0.5, 2],
						"2.5": [0, -0.5, 2]
					}
				},
				"tail2": {
					"rotation": {
						"0.0": [0, 0, 0],
						"0.5": [0, -10, 0],
						"1.5": [0, 10, 0],
						"2.5": [0, 0, 0]
					},
					"position": {
						"0.0": [0, 0, 0],
						"2.5": [0, 0, 0]
					}
				},
				"tail3": {
					"rotation": {
						"0.0": [0, 0, 0],
						"0.5": [0, -12.5, 0],
						"1.5": [0, 12.5, 0],
						"2.5": [0, 0, 0]
					},
					"position": {
						"0.0": [0, 0, 0],
						"0.5": [-0.5, 0, 0],
						"1.5": [0.5, 0, 0],
						"2.5": [0, 0, 0]
					}
				}
			}
		},
		"animation.terroferno.faint": {
			"animation_length": 1.375,
			"bones": {
				"body": {
					"rotation": {
						"0.0": [0, 0, 0],
						"0.25": [-7.5, 0, 0],
						"0.5": [-7.5, 0, 0],
						"0.75": [12.5, 0, 0],
						"1.0": [12.5, 0, 0]
					},
					"position": {
						"0.0": [0, 0, 0],
						"0.25": [0, 1, 1],
						"0.5": [0, 1, 1],
						"0.75": [0, 0, -4],
						"1.0": [0, 0, -4]
					}
				},
				"leftwingopen": {
					"scale": 0
				},
				"rightwingopen": {
					"scale": 0
				},
				"leftwingclosed": {
					"rotation": {
						"0.0": [0, 0, 0],
						"0.25": [-11.63377, 1.94395, -17.67097],
						"0.5": [-11.63377, 1.94395, -17.67097],
						"0.75": [9.2174, -13.90307, -79.9248]
					}
				},
				"leftwingclosedp2": {
					"rotation": {
						"0.5": [0, 0, 0],
						"0.75": [-15, 0, 0]
					}
				},
				"rightwingclosed": {
					"rotation": {
						"0.0": [0, 0, 0],
						"0.25": [-11.63377, -1.94395, 17.67097],
						"0.5": [-11.63377, -1.94395, 17.67097],
						"0.75": [9.2174, 13.90307, 79.9248]
					}
				},
				"rightwingclosedp2": {
					"rotation": {
						"0.5": [0, 0, 0],
						"0.75": [-15, 0, 0]
					}
				},
				"leftleg": {
					"rotation": {
						"0.0": [0, 0, 0],
						"0.25": [17.5, 0, 0],
						"0.5": [17.5, 0, 0],
						"0.75": [5, 0, 0]
					},
					"position": [0, 0, 0]
				},
				"leftleg2": {
					"rotation": {
						"0.0": [0, 0, 0],
						"0.25": [-15, 0, 0],
						"0.5": [-15, 0, 0],
						"0.75": [-5, 0, 0]
					},
					"position": [0, 0, 0]
				},
				"leftleg3": {
					"rotation": {
						"0.0": [0, 0, 0],
						"0.25": [10, 0, 0],
						"0.5": [10, 0, 0],
						"0.75": [-7.5, 0, 0]
					},
					"position": [0, 0, 0]
				},
				"leftfoot": {
					"rotation": {
						"0.0": [0, 0, 0],
						"0.25": [-12.5, 0, 0]
					},
					"position": [0, 0, 0]
				},
				"rightleg": {
					"rotation": {
						"0.0": [0, 0, 0],
						"0.25": [-10, 0, 0],
						"0.5": [-10, 0, 0],
						"0.75": [-30, 0, 0]
					},
					"position": {
						"0.0": [0, 0, 0],
						"0.5": [0, 0, 0],
						"0.75": [0, -1, -1]
					}
				},
				"rightleg2": {
					"rotation": {
						"0.0": [0, 0, 0],
						"0.25": [30, 0, 0],
						"0.5": [30, 0, 0],
						"0.75": [-37.5, 0, 0]
					},
					"position": [0, 0, 0]
				},
				"rightleg3": {
					"rotation": {
						"0.0": [0, 0, 0],
						"0.25": [-40, 0, 0],
						"0.5": [-40, 0, 0],
						"0.625": [-28.75, 0, 0],
						"0.75": [17.5, 0, 0]
					},
					"position": [0, 0, 0]
				},
				"rightfoot": {
					"rotation": {
						"0.0": [0, 0, 0],
						"0.25": [50, 0, 0],
						"0.5": [50, 0, 0],
						"0.75": [35, 0, 0]
					},
					"position": {
						"0.0": [0, 0, 0],
						"0.25": [0, 0, 2],
						"0.5": [0, 0, 2],
						"0.75": [0, 0, 1]
					}
				},
				"neck1": {
					"rotation": {
						"0.0": [0, 0, 0],
						"0.25": [0, 0, 0],
						"0.5": [0, 0, 0],
						"0.75": [49.97549, -5.95308, 6.77001],
						"1.0833": [51.2921, -12.65592, 0.67109],
						"1.25": [6.97554, -9.60835, -7.91637]
					},
					"position": {
						"0.0": [0, 0, 0],
						"0.25": [0, 0, 0],
						"0.5": [0, 0, 0],
						"0.75": [0, -1, -4],
						"1.0833": [0, -1, -4],
						"1.25": [0, 1, 0]
					}
				},
				"head": {
					"rotation": {
						"0.5": [0, 0, 0],
						"0.75": [63.2566, -6.50075, 17.01347],
						"1.0833": [78.2566, -6.50075, 17.01347],
						"1.1667": [75.7566, -6.50075, 17.01347]
					},
					"position": {
						"0.5": [0, 0, 0],
						"0.75": [0, 0, -1]
					}
				},
				"spine2": {
					"rotation": {
						"0.5": [0, 0, 0],
						"0.75": [-82.5, 0, 0]
					},
					"position": {
						"0.5": [0, 0, 0],
						"0.75": [0, -1, 0]
					}
				},
				"spine3": {
					"rotation": {
						"0.5": [0, 0, 0],
						"0.75": [-57.5, 0, 0]
					},
					"position": [0, 0, 0]
				},
				"actuallythehead": {
					"rotation": {
						"0.5": [0, 0, 0],
						"0.75": [-127.5, 0, 0],
						"0.9167": [-127.38206, -1.08089, -12.45392],
						"1.0833": [-137.54292, 7.4713, -0.6574],
						"1.25": [-105.04292, 7.4713, -0.6574]
					},
					"position": [0, 0, 0]
				},
				"bottomjaw": {
					"rotation": {
						"0.5": [0, 0, 0],
						"0.75": [17.5, 0, 0],
						"1.0833": [42.5, 0, 0],
						"1.25": [0, 0, 0]
					},
					"position": {
						"0.75": [0, 0, 0],
						"1.0833": [0, 1, -0.75],
						"1.25": [0, 0, 0]
					}
				},
				"topjaw": {
					"rotation": {
						"0.5": [0, 0, 0],
						"0.75": [-10, 0, 0],
						"1.0833": [-20, 0, 0],
						"1.25": [0, 0, 0]
					},
					"position": {
						"0.75": [0, 0, 0],
						"1.0833": [0, -1, 0],
						"1.25": [0, 0, 0]
					}
				},
				"tail1": {
					"rotation": {
						"0.0": [0, 0, 0],
						"0.25": [7.5, 0, 0],
						"0.5": [15, 0, 0],
						"0.75": [-27.5, 0, 0]
					},
					"position": {
						"0.0": [0, 0, 0],
						"0.5": [0, 0, -2],
						"0.75": [0, 1, 5]
					}
				},
				"bone2": {
					"rotation": {
						"0.5": [0, 0, 0],
						"0.75": [31.76017, 29.8742, 51.17995]
					}
				},
				"bone": {
					"rotation": {
						"0.5": [0, 0, 0],
						"0.75": [31.76017, -29.8742, -51.17995]
					}
				}
			}
		},
		"animation.terroferno.sleep": {
			"loop": true,
			"animation_length": 1,
			"bones": {
				"body": {
					"position": {
						"0.0": [0, -11, 0],
						"0.5": [0, -10.5, 0],
						"1.0": [0, -11, 0]
					}
				},
				"leftwingopen": {
					"scale": 0
				},
				"rightwingopen": {
					"scale": 0
				},
				"leftwingclosed": {
					"rotation": [0.08957, -4.43385, -22.31336]
				},
				"rightwingclosed": {
					"rotation": [0.08957, 4.43385, 22.31336]
				},
				"leftleg": {
					"rotation": {
						"0.0": [-25, 0, 0],
						"1.0": [-25, 0, 0]
					},
					"position": {
						"0.0": [0, 2.25, 0],
						"0.5": [0, 1.75, 0],
						"1.0": [0, 2.25, 0]
					}
				},
				"leftleg2": {
					"rotation": [70, 0, 0],
					"position": [0, 2, 3]
				},
				"leftleg3": {
					"rotation": [-52.5, 0, 0]
				},
				"rightleg": {
					"rotation": {
						"0.0": [-25, 0, 0],
						"1.0": [-25, 0, 0]
					},
					"position": {
						"0.0": [0, 2.25, 0],
						"0.5": [0, 1.75, 0],
						"1.0": [0, 2.25, 0]
					}
				},
				"rightleg2": {
					"rotation": [70, 0, 0],
					"position": [0, 2, 3]
				},
				"rightleg3": {
					"rotation": [-52.5, 0, 0]
				},
				"actuallythehead": {
					"rotation": [22.5, 0, 0],
					"position": [0, -2, 0]
				},
				"spine1": {
					"rotation": [-35, 0, 0],
					"position": [0, -2, 0]
				},
				"lefteyelid": {
					"position": [1, 0, 0]
				},
				"righteyelid": {
					"position": [-1, 0, 0]
				},
				"tail1": {
					"rotation": [-12.5, 0, 0],
					"position": [0, -1, 1]
				},
				"bone": {
					"rotation": [15.35085, -31.63886, -14.72765]
				},
				"bone2": {
					"rotation": [15.35085, 31.63886, 14.72765]
				}
			}
		},
		"animation.terroferno.blink": {
			"animation_length": 0.25,
			"bones": {
				"lefteyelid": {
					"position": {
						"0.0": [0, 0, 0],
						"0.0417": [0, 0, 0],
						"0.0833": [0, 0, 0],
						"0.125": [1, 0, 0],
						"0.1667": [1, 0, 0],
						"0.2083": [1, 0, 0],
						"0.25": [0, 0, 0]
					}
				},
				"righteyelid": {
					"position": {
						"0.0": [0, 0, 0],
						"0.0417": [0, 0, 0],
						"0.0833": [0, 0, 0],
						"0.125": [-1, 0, 0],
						"0.1667": [-1, 0, 0],
						"0.2083": [-1, 0, 0],
						"0.25": [0, 0, 0]
					}
				}
			}
		},
		"animation.terroferno.cry": {
			"animation_length": 0.5,
			"bones": {
				"neck1": {
					"rotation": {
						"0.0": [0, 0, 0],
						"0.125": [10, 0, 0],
						"0.5": [0, 0, 0]
					},
					"position": {
						"0.0": [0, 0, 0],
						"0.125": [0, 0, -1],
						"0.5": [0, 0, 0]
					}
				},
				"head": {
					"rotation": {
						"0.0": [0, 0, 0],
						"0.25": [-10, 0, 0],
						"0.5": [0, 0, 0]
					},
					"position": {
						"0.0": [0, 0, 0],
						"0.25": [0, 0, 1],
						"0.5": [0, 0, 0]
					}
				},
				"spine2": {
					"rotation": {
						"0.0": [0, 0, 0],
						"0.25": [-50, 0, 0],
						"0.5": [0, 0, 0]
					},
					"position": {
						"0.0": [0, 0, 0],
						"0.5": [0, 0, 0]
					}
				},
				"actuallythehead": {
					"rotation": {
						"0.0": [0, 0, 0],
						"0.25": [-52.5, 0, 0],
						"0.5": [0, 0, 0]
					},
					"position": {
						"0.0": [0, 0, 0],
						"0.5": [0, 0, 0]
					}
				},
				"bottomjaw": {
					"rotation": {
						"0.0": [0, 0, 0],
						"0.25": [12.5, 0, 0],
						"0.5": [0, 0, 0]
					},
					"position": {
						"0.0": [0, 0, 0],
						"0.5": [0, 0, 0]
					}
				},
				"topjaw": {
					"rotation": {
						"0.0": [0, 0, 0],
						"0.25": [-15, 0, 0],
						"0.5": [0, 0, 0]
					},
					"position": {
						"0.0": [0, 0, 0],
						"0.25": [0, -0.5, 0],
						"0.5": [0, 0, 0]
					}
				}
			}
		}
	}
}