{
	"format_version": "1.12.0",
	"minecraft:geometry": [
		{
			"description": {
				"identifier": "geometry.keylem",
				"texture_width": 64,
				"texture_height": 64,
				"visible_bounds_width": 2,
				"visible_bounds_height": 2.5,
				"visible_bounds_offset": [0, 0.75, 0]
			},
			"bones": [
				{
					"name": "keylem",
					"pivot": [0, 0, 0]
				},
				{
					"name": "head",
					"parent": "keylem",
					"pivot": [0, 4, 0],
					"cubes": [
						{"origin": [-4, 4, -4], "size": [8, 8, 8], "uv": [0, 0]},
						{"origin": [-1, 12, -1], "size": [2, 10, 2], "uv": [4, 20]},
						{"origin": [1, 20, -1], "size": [4, 2, 2], "uv": [17, 20]},
						{"origin": [1, 16, -1], "size": [4, 2, 2], "uv": [17, 20]}
					]
				},
				{
					"name": "leg",
					"parent": "keylem",
					"pivot": [-2, 4, 0],
					"cubes": [
						{"origin": [-3, 0, -1], "size": [2, 6, 2], "uv": [38, 3]}
					]
				},
				{
					"name": "leg2",
					"parent": "keylem",
					"pivot": [2, 4, 0],
					"cubes": [
						{"origin": [1, 0, -1], "size": [2, 6, 2], "uv": [38, 3], "mirror": true}
					]
				}
			]
		}
	]
}