{
	"format_version": "1.8.0",
	"animations": {
		"animation.airaptor_fetus.sleep": {
			"loop": true,
			"animation_length": 16,
			"bones": {
				"body": {
					"rotation": ["-15+math.sin(q.anim_time*90*0.5-180)*3", "math.sin(q.anim_time*90*0.75-60)*-2", "math.sin(q.anim_time*90*1)*1"],
					"position": ["math.sin(q.anim_time*90*0.25)*0.2", "-1.5+math.sin(q.anim_time*90*0.5-45)*0.8", "1+math.sin(q.anim_time*90*0.25-90)*0.1"]
				},
				"arm_right": {
					"rotation": ["-55+math.sin(q.anim_time*90*0.5+60)*3", "-60+math.sin(q.anim_time*90*0.5+120)*3", -45]
				},
				"arm_right2": {
					"rotation": [25, "-58+math.sin(q.anim_time*90*0.5+60)*6", -45]
				},
				"arm_right3": {
					"rotation": [-44, "75+math.sin(q.anim_time*90*0.5)*6", -45]
				},
				"neck": {
					"rotation": ["16+math.sin(q.anim_time*90*0.5-250)*1", 0, 0]
				},
				"head": {
					"rotation": ["16+math.sin(q.anim_time*90*0.5-300)*2.5", 0, 0]
				},
				"leg_right": {
					"rotation": ["-70.6623+math.sin(q.anim_time*90*0.5+60)*3", 16.06073, 10.74582]
				},
				"leg_right2": {
					"rotation": ["-39.9365+math.sin(q.anim_time*90*0.5)*6", 12.20398, -19.48458]
				},
				"foot_right": {
					"rotation": ["75+math.sin(q.anim_time*90*0.5-60)*8", 0, 0]
				},
				"tail": {
					"rotation": ["-30+math.sin(q.anim_time*90*0.5)*8", 0, "math.sin(q.anim_time*90*0.75)*10"]
				},
				"tail2": {
					"rotation": ["-40+math.sin(q.anim_time*90*0.5-30)*12", 0, "math.sin(q.anim_time*90*0.75-60)*12"]
				},
				"leg_left": {
					"rotation": ["-75+math.sin(q.anim_time*90*0.5+60)*3", -25, 0]
				},
				"leg_left2": {
					"rotation": ["-39.9365+math.sin(q.anim_time*90*0.5)*6", -12.20398, 19.48458]
				},
				"foot_left": {
					"rotation": ["75+math.sin(q.anim_time*90*0.5-60)*8", 0, 0]
				},
				"arm_left": {
					"rotation": ["-55+math.sin(q.anim_time*90*0.5+60)*3", "60+math.sin(q.anim_time*90*0.5+120)*-3", 45]
				},
				"arm_left2": {
					"rotation": [25, "58+math.sin(q.anim_time*90*0.5+60)*-6", 45]
				},
				"arm_left3": {
					"rotation": [-44, "-75+math.sin(q.anim_time*90*0.5)*-6", 45]
				},
				"arms": {
					"rotation": [5, 0, 0]
				},
				"head_feather": {
					"rotation": ["math.sin(q.anim_time*90*0.5-160)*3", 0, 0]
				},
				"head_feather2": {
					"rotation": ["-12.5+math.sin(q.anim_time*90*0.5-120)*4", 0, 0]
				},
				"head_feather3": {
					"rotation": ["-10+math.sin(q.anim_time*90*0.5-130)*6", 0, 0]
				},
				"jaw": {
					"rotation": ["3+math.sin(q.anim_time*90*0.5)*3.2", 0, 0]
				},
				"tail3": {
					"rotation": ["math.sin(q.anim_time*90*0.5-90)*12", 0, "math.sin(q.anim_time*90*0.75-120)*12"]
				}
			}
		},
		"animation.airaptor_fetus.quirk1": {
			"animation_length": 1.25,
			"bones": {
				"body": {
					"rotation": {
						"0.0": {
							"post": [0, 0, 0],
							"lerp_mode": "catmullrom"
						},
						"0.125": {
							"post": [0.5, 0, 0],
							"lerp_mode": "catmullrom"
						},
						"0.2917": {
							"post": [-1.8, 0, 0],
							"lerp_mode": "catmullrom"
						},
						"0.5": {
							"post": [2, 0, 0],
							"lerp_mode": "catmullrom"
						},
						"0.75": {
							"post": [0, 0, 0],
							"lerp_mode": "catmullrom"
						},
						"1.25": {
							"post": [0, 0, 0],
							"lerp_mode": "catmullrom"
						}
					}
				},
				"tail": {
					"rotation": {
						"0.0": {
							"post": [0, 0, 0],
							"lerp_mode": "catmullrom"
						},
						"0.2083": {
							"post": [1.5, 0, 0],
							"lerp_mode": "catmullrom"
						},
						"0.375": {
							"post": [-3.8, 0, 0],
							"lerp_mode": "catmullrom"
						},
						"0.5833": {
							"post": [4, 0, 0],
							"lerp_mode": "catmullrom"
						},
						"0.8333": {
							"post": [-3, 0, 0],
							"lerp_mode": "catmullrom"
						},
						"1.125": {
							"post": [0, 0, 0],
							"lerp_mode": "catmullrom"
						}
					}
				},
				"tail2": {
					"rotation": {
						"0.0": {
							"post": [0, 0, 0],
							"lerp_mode": "catmullrom"
						},
						"0.2917": {
							"post": [2.5, 0, 0],
							"lerp_mode": "catmullrom"
						},
						"0.5": {
							"post": [-1.8, 0, 0],
							"lerp_mode": "catmullrom"
						},
						"0.6667": {
							"post": [8, 0, 0],
							"lerp_mode": "catmullrom"
						},
						"0.9583": {
							"post": [-3, 0, 0],
							"lerp_mode": "catmullrom"
						},
						"1.25": {
							"post": [0, 0, 0],
							"lerp_mode": "catmullrom"
						}
					}
				},
				"arm_right": {
					"rotation": {
						"0.125": {
							"pre": [0, 0, 0],
							"post": [0, 0, 0],
							"lerp_mode": "catmullrom"
						},
						"0.2917": {
							"post": [0, 2, 0],
							"lerp_mode": "catmullrom"
						},
						"0.4167": {
							"post": [0, -4, 0],
							"lerp_mode": "catmullrom"
						},
						"0.6667": {
							"post": [0, 0, 0],
							"lerp_mode": "catmullrom"
						},
						"1.125": {
							"post": [0, 0, 0],
							"lerp_mode": "catmullrom"
						}
					}
				},
				"arm_right2": {
					"rotation": {
						"0.125": {
							"pre": [0, 0, 0],
							"post": [0, 0, 0],
							"lerp_mode": "catmullrom"
						},
						"0.2917": {
							"post": [0, -7.5, 0],
							"lerp_mode": "catmullrom"
						},
						"0.4583": {
							"post": [0, 5.6, 0],
							"lerp_mode": "catmullrom"
						},
						"0.75": {
							"post": [0, -2, 0],
							"lerp_mode": "catmullrom"
						},
						"1.1667": {
							"post": [0, 0, 0],
							"lerp_mode": "catmullrom"
						}
					}
				},
				"arm_right3": {
					"rotation": {
						"0.125": {
							"pre": [0, 0, 0],
							"post": [0, 0, 0],
							"lerp_mode": "catmullrom"
						},
						"0.3333": {
							"post": [0, 12.5, 0],
							"lerp_mode": "catmullrom"
						},
						"0.5": {
							"post": [0, -3.5, 0],
							"lerp_mode": "catmullrom"
						},
						"0.7083": {
							"post": [0, 6.21, 0],
							"lerp_mode": "catmullrom"
						},
						"0.9167": {
							"post": [0, 0, 0],
							"lerp_mode": "catmullrom"
						},
						"1.2083": {
							"post": [0, 0, 0],
							"lerp_mode": "catmullrom"
						}
					}
				},
				"arm_left": {
					"rotation": {
						"0.0": {
							"post": [0, 0, 0],
							"lerp_mode": "catmullrom"
						},
						"0.1667": {
							"post": [0, -2, 0],
							"lerp_mode": "catmullrom"
						},
						"0.2917": {
							"post": [0, 4, 0],
							"lerp_mode": "catmullrom"
						},
						"0.5417": {
							"post": [0, 0, 0],
							"lerp_mode": "catmullrom"
						},
						"1.0": {
							"post": [0, 0, 0],
							"lerp_mode": "catmullrom"
						}
					}
				},
				"arm_left2": {
					"rotation": {
						"0.0": {
							"post": [0, 0, 0],
							"lerp_mode": "catmullrom"
						},
						"0.1667": {
							"post": [0, 7.5, 0],
							"lerp_mode": "catmullrom"
						},
						"0.3333": {
							"post": [0, -5.6, 0],
							"lerp_mode": "catmullrom"
						},
						"0.625": {
							"post": [0, 2, 0],
							"lerp_mode": "catmullrom"
						},
						"1.0417": {
							"post": [0, 0, 0],
							"lerp_mode": "catmullrom"
						}
					}
				},
				"arm_left3": {
					"rotation": {
						"0.0": {
							"post": [0, 0, 0],
							"lerp_mode": "catmullrom"
						},
						"0.2083": {
							"post": [0, -12.5, 0],
							"lerp_mode": "catmullrom"
						},
						"0.375": {
							"post": [0, 3.5, 0],
							"lerp_mode": "catmullrom"
						},
						"0.5833": {
							"post": [0, -6.21, 0],
							"lerp_mode": "catmullrom"
						},
						"0.7917": {
							"post": [0, 0, 0],
							"lerp_mode": "catmullrom"
						},
						"1.0833": {
							"post": [0, 0, 0],
							"lerp_mode": "catmullrom"
						}
					}
				},
				"neck": {
					"rotation": {
						"0.0": {
							"post": [0, 0, 0],
							"lerp_mode": "catmullrom"
						},
						"0.25": {
							"post": [1.5, 0, 0],
							"lerp_mode": "catmullrom"
						},
						"0.4583": {
							"post": [0.2, 0, 0],
							"lerp_mode": "catmullrom"
						},
						"0.7083": {
							"post": [1, 0, 0],
							"lerp_mode": "catmullrom"
						},
						"0.9583": {
							"post": [0, 0, 0],
							"lerp_mode": "catmullrom"
						},
						"1.1667": {
							"post": [0, 0, 0],
							"lerp_mode": "catmullrom"
						}
					}
				},
				"head": {
					"rotation": {
						"0.0": {
							"post": [0, 0, 0],
							"lerp_mode": "catmullrom"
						},
						"0.1667": {
							"post": [2.64, 0, 0],
							"lerp_mode": "catmullrom"
						},
						"0.2917": {
							"post": [6.5, 0, 0],
							"lerp_mode": "catmullrom"
						},
						"0.5": {
							"post": [-5.3, 0, 0],
							"lerp_mode": "catmullrom"
						},
						"0.7917": {
							"post": [0.25, 0, 0],
							"lerp_mode": "catmullrom"
						},
						"1.0417": {
							"post": [0, 0, 0],
							"lerp_mode": "catmullrom"
						},
						"1.25": {
							"post": [0, 0, 0],
							"lerp_mode": "catmullrom"
						}
					}
				},
				"head_feather": {
					"rotation": {
						"0.0": {
							"post": [0, 0, 0],
							"lerp_mode": "catmullrom"
						},
						"0.1667": {
							"post": [-2.5, 0, 0],
							"lerp_mode": "catmullrom"
						},
						"0.3333": {
							"post": [-2.37, 0, 0],
							"lerp_mode": "catmullrom"
						},
						"0.5417": {
							"post": [4.56, 0, 0],
							"lerp_mode": "catmullrom"
						},
						"0.7917": {
							"post": [-1.36, 0, 0],
							"lerp_mode": "catmullrom"
						},
						"1.0833": {
							"post": [0, 0, 0],
							"lerp_mode": "catmullrom"
						},
						"1.25": {
							"post": [0, 0, 0],
							"lerp_mode": "catmullrom"
						}
					}
				},
				"head_feather2": {
					"rotation": {
						"0.0": {
							"post": [0, 0, 0],
							"lerp_mode": "catmullrom"
						},
						"0.2083": {
							"post": [-2.5, 0, 0],
							"lerp_mode": "catmullrom"
						},
						"0.375": {
							"post": [-2.37, 0, 0],
							"lerp_mode": "catmullrom"
						},
						"0.5833": {
							"post": [4.56, 0, 0],
							"lerp_mode": "catmullrom"
						},
						"0.8333": {
							"post": [-1.36, 0, 0],
							"lerp_mode": "catmullrom"
						},
						"1.125": {
							"post": [0, 0, 0],
							"lerp_mode": "catmullrom"
						},
						"1.25": {
							"post": [0, 0, 0],
							"lerp_mode": "catmullrom"
						}
					}
				},
				"head_feather3": {
					"rotation": {
						"0.0": {
							"post": [0, 0, 0],
							"lerp_mode": "catmullrom"
						},
						"0.125": {
							"post": [-2.5, 0, 0],
							"lerp_mode": "catmullrom"
						},
						"0.2917": {
							"post": [-2.37, 0, 0],
							"lerp_mode": "catmullrom"
						},
						"0.5": {
							"post": [4.56, 0, 0],
							"lerp_mode": "catmullrom"
						},
						"0.75": {
							"post": [-1.36, 0, 0],
							"lerp_mode": "catmullrom"
						},
						"1.0417": {
							"post": [0, 0, 0],
							"lerp_mode": "catmullrom"
						},
						"1.25": {
							"post": [0, 0, 0],
							"lerp_mode": "catmullrom"
						}
					}
				},
				"leg_right": {
					"rotation": {
						"0.0": {
							"post": [0, 0, 0],
							"lerp_mode": "catmullrom"
						},
						"0.1667": {
							"post": [0, 0, 0],
							"lerp_mode": "catmullrom"
						},
						"0.4167": {
							"post": [-4, 0, 0],
							"lerp_mode": "catmullrom"
						},
						"0.7083": {
							"post": [1, 0, 0],
							"lerp_mode": "catmullrom"
						},
						"0.9167": {
							"post": [0, 0, 0],
							"lerp_mode": "catmullrom"
						}
					}
				},
				"leg_right2": {
					"rotation": {
						"0.0": {
							"post": [0, 0, 0],
							"lerp_mode": "catmullrom"
						},
						"0.2083": {
							"post": [0, 0, 0],
							"lerp_mode": "catmullrom"
						},
						"0.4583": {
							"post": [-4, 0, 0],
							"lerp_mode": "catmullrom"
						},
						"0.75": {
							"post": [1, 0, 0],
							"lerp_mode": "catmullrom"
						},
						"1.0417": {
							"post": [0, 0, 0],
							"lerp_mode": "catmullrom"
						}
					}
				},
				"foot_right": {
					"rotation": {
						"0.0": {
							"post": [0, 0, 0],
							"lerp_mode": "catmullrom"
						},
						"0.25": {
							"post": [0, 0, 0],
							"lerp_mode": "catmullrom"
						},
						"0.5": {
							"post": [-4, 0, 0],
							"lerp_mode": "catmullrom"
						},
						"0.7917": {
							"post": [1, 0, 0],
							"lerp_mode": "catmullrom"
						},
						"1.0833": {
							"post": [0, 0, 0],
							"lerp_mode": "catmullrom"
						}
					}
				},
				"leg_left": {
					"rotation": {
						"0.0": {
							"post": [0, 0, 0],
							"lerp_mode": "catmullrom"
						},
						"0.2083": {
							"post": [10, 0, 0],
							"lerp_mode": "catmullrom"
						},
						"0.3333": {
							"post": [-12.5, 0, 0],
							"lerp_mode": "catmullrom"
						},
						"0.4167": {
							"post": [-0.76, 0, 0],
							"lerp_mode": "catmullrom"
						},
						"0.5": {
							"post": [-3.64, 0, 0],
							"lerp_mode": "catmullrom"
						},
						"0.6667": {
							"post": [0, 0, 0],
							"lerp_mode": "catmullrom"
						},
						"1.0": {
							"post": [0, 0, 0],
							"lerp_mode": "catmullrom"
						}
					}
				},
				"leg_left2": {
					"rotation": {
						"0.0": {
							"post": [0, 0, 0],
							"lerp_mode": "catmullrom"
						},
						"0.1667": {
							"post": [-5, 0, 0],
							"lerp_mode": "catmullrom"
						},
						"0.2917": {
							"post": [25.12, 0, 0],
							"lerp_mode": "catmullrom"
						},
						"0.375": {
							"post": [-2.96, 0, 0],
							"lerp_mode": "catmullrom"
						},
						"0.4583": {
							"post": [5.9, 0, 0],
							"lerp_mode": "catmullrom"
						},
						"0.5833": {
							"post": [-0.57, 0, 0],
							"lerp_mode": "catmullrom"
						},
						"1.0417": {
							"post": [0, 0, 0],
							"lerp_mode": "catmullrom"
						}
					}
				},
				"foot_left": {
					"rotation": {
						"0.0": {
							"post": [0, 0, 0],
							"lerp_mode": "catmullrom"
						},
						"0.125": {
							"post": [-17, 0, 0],
							"lerp_mode": "catmullrom"
						},
						"0.2083": {
							"post": [-22.38, 0, 0],
							"lerp_mode": "catmullrom"
						},
						"0.2917": {
							"post": [-0.86, 0, 0],
							"lerp_mode": "catmullrom"
						},
						"0.375": {
							"post": [8.54, 0, 0],
							"lerp_mode": "catmullrom"
						},
						"0.4583": {
							"post": [6.36, 0, 0],
							"lerp_mode": "catmullrom"
						},
						"0.5417": {
							"post": [-10.73, 0, 0],
							"lerp_mode": "catmullrom"
						},
						"0.75": {
							"post": [0, 0, 0],
							"lerp_mode": "catmullrom"
						},
						"1.0833": {
							"post": [0, 0, 0],
							"lerp_mode": "catmullrom"
						}
					}
				}
			}
		},
		"animation.airaptor_fetus.quirk2": {
			"animation_length": 1.25,
			"bones": {
				"body": {
					"rotation": {
						"0.0": {
							"post": [0, 0, 0],
							"lerp_mode": "catmullrom"
						},
						"0.125": {
							"post": [0.5, 0, 0],
							"lerp_mode": "catmullrom"
						},
						"0.2917": {
							"post": [-1.8, 0, 0],
							"lerp_mode": "catmullrom"
						},
						"0.5": {
							"post": [2, 0, 0],
							"lerp_mode": "catmullrom"
						},
						"0.75": {
							"post": [0, 0, 0],
							"lerp_mode": "catmullrom"
						},
						"1.25": {
							"post": [0, 0, 0],
							"lerp_mode": "catmullrom"
						}
					}
				},
				"tail": {
					"rotation": {
						"0.0": {
							"post": [0, 0, 0],
							"lerp_mode": "catmullrom"
						},
						"0.2083": {
							"post": [1.5, 0, 0],
							"lerp_mode": "catmullrom"
						},
						"0.375": {
							"post": [-3.8, 0, 0],
							"lerp_mode": "catmullrom"
						},
						"0.5833": {
							"post": [4, 0, 0],
							"lerp_mode": "catmullrom"
						},
						"0.8333": {
							"post": [-3, 0, 0],
							"lerp_mode": "catmullrom"
						},
						"1.125": {
							"post": [0, 0, 0],
							"lerp_mode": "catmullrom"
						}
					}
				},
				"tail2": {
					"rotation": {
						"0.0": {
							"post": [0, 0, 0],
							"lerp_mode": "catmullrom"
						},
						"0.2917": {
							"post": [2.5, 0, 0],
							"lerp_mode": "catmullrom"
						},
						"0.5": {
							"post": [-1.8, 0, 0],
							"lerp_mode": "catmullrom"
						},
						"0.6667": {
							"post": [8, 0, 0],
							"lerp_mode": "catmullrom"
						},
						"0.9583": {
							"post": [-3, 0, 0],
							"lerp_mode": "catmullrom"
						},
						"1.25": {
							"post": [0, 0, 0],
							"lerp_mode": "catmullrom"
						}
					}
				},
				"arm_right": {
					"rotation": {
						"0.125": {
							"pre": [0, 0, 0],
							"post": [0, 0, 0],
							"lerp_mode": "catmullrom"
						},
						"0.2917": {
							"post": [0, -2, 0],
							"lerp_mode": "catmullrom"
						},
						"0.4167": {
							"post": [0, 4, 0],
							"lerp_mode": "catmullrom"
						},
						"0.6667": {
							"post": [0, 0, 0],
							"lerp_mode": "catmullrom"
						},
						"1.125": {
							"post": [0, 0, 0],
							"lerp_mode": "catmullrom"
						}
					}
				},
				"arm_right2": {
					"rotation": {
						"0.125": {
							"pre": [0, 0, 0],
							"post": [0, 0, 0],
							"lerp_mode": "catmullrom"
						},
						"0.2917": {
							"post": [0, 7.5, 0],
							"lerp_mode": "catmullrom"
						},
						"0.4583": {
							"post": [0, -5.6, 0],
							"lerp_mode": "catmullrom"
						},
						"0.75": {
							"post": [0, 2, 0],
							"lerp_mode": "catmullrom"
						},
						"1.1667": {
							"post": [0, 0, 0],
							"lerp_mode": "catmullrom"
						}
					}
				},
				"arm_right3": {
					"rotation": {
						"0.125": {
							"pre": [0, 0, 0],
							"post": [0, 0, 0],
							"lerp_mode": "catmullrom"
						},
						"0.3333": {
							"post": [0, -12.5, 0],
							"lerp_mode": "catmullrom"
						},
						"0.5": {
							"post": [0, 3.5, 0],
							"lerp_mode": "catmullrom"
						},
						"0.7083": {
							"post": [0, -6.21, 0],
							"lerp_mode": "catmullrom"
						},
						"0.9167": {
							"post": [0, 0, 0],
							"lerp_mode": "catmullrom"
						},
						"1.2083": {
							"post": [0, 0, 0],
							"lerp_mode": "catmullrom"
						}
					}
				},
				"arm_left": {
					"rotation": {
						"0.0": {
							"post": [0, 0, 0],
							"lerp_mode": "catmullrom"
						},
						"0.1667": {
							"post": [0, 2, 0],
							"lerp_mode": "catmullrom"
						},
						"0.2917": {
							"post": [0, -4, 0],
							"lerp_mode": "catmullrom"
						},
						"0.5417": {
							"post": [0, 0, 0],
							"lerp_mode": "catmullrom"
						},
						"1.0": {
							"post": [0, 0, 0],
							"lerp_mode": "catmullrom"
						}
					}
				},
				"arm_left2": {
					"rotation": {
						"0.0": {
							"post": [0, 0, 0],
							"lerp_mode": "catmullrom"
						},
						"0.1667": {
							"post": [0, -7.5, 0],
							"lerp_mode": "catmullrom"
						},
						"0.3333": {
							"post": [0, 5.6, 0],
							"lerp_mode": "catmullrom"
						},
						"0.625": {
							"post": [0, -2, 0],
							"lerp_mode": "catmullrom"
						},
						"1.0417": {
							"post": [0, 0, 0],
							"lerp_mode": "catmullrom"
						}
					}
				},
				"arm_left3": {
					"rotation": {
						"0.0": {
							"post": [0, 0, 0],
							"lerp_mode": "catmullrom"
						},
						"0.2083": {
							"post": [0, 12.5, 0],
							"lerp_mode": "catmullrom"
						},
						"0.375": {
							"post": [0, -3.5, 0],
							"lerp_mode": "catmullrom"
						},
						"0.5833": {
							"post": [0, 6.21, 0],
							"lerp_mode": "catmullrom"
						},
						"0.7917": {
							"post": [0, 0, 0],
							"lerp_mode": "catmullrom"
						},
						"1.0833": {
							"post": [0, 0, 0],
							"lerp_mode": "catmullrom"
						}
					}
				},
				"neck": {
					"rotation": {
						"0.0": {
							"post": [0, 0, 0],
							"lerp_mode": "catmullrom"
						},
						"0.25": {
							"post": [1.5, 0, 0],
							"lerp_mode": "catmullrom"
						},
						"0.4583": {
							"post": [0.2, 0, 0],
							"lerp_mode": "catmullrom"
						},
						"0.7083": {
							"post": [1, 0, 0],
							"lerp_mode": "catmullrom"
						},
						"0.9583": {
							"post": [0, 0, 0],
							"lerp_mode": "catmullrom"
						},
						"1.1667": {
							"post": [0, 0, 0],
							"lerp_mode": "catmullrom"
						}
					}
				},
				"head": {
					"rotation": {
						"0.0": {
							"post": [0, 0, 0],
							"lerp_mode": "catmullrom"
						},
						"0.1667": {
							"post": [2.64, 0, 0],
							"lerp_mode": "catmullrom"
						},
						"0.2917": {
							"post": [6.5, 0, 0],
							"lerp_mode": "catmullrom"
						},
						"0.5": {
							"post": [-5.3, 0, 0],
							"lerp_mode": "catmullrom"
						},
						"0.7917": {
							"post": [0.25, 0, 0],
							"lerp_mode": "catmullrom"
						},
						"1.0417": {
							"post": [0, 0, 0],
							"lerp_mode": "catmullrom"
						},
						"1.25": {
							"post": [0, 0, 0],
							"lerp_mode": "catmullrom"
						}
					}
				},
				"head_feather": {
					"rotation": {
						"0.0": {
							"post": [0, 0, 0],
							"lerp_mode": "catmullrom"
						},
						"0.1667": {
							"post": [-2.5, 0, 0],
							"lerp_mode": "catmullrom"
						},
						"0.3333": {
							"post": [-2.37, 0, 0],
							"lerp_mode": "catmullrom"
						},
						"0.5417": {
							"post": [4.56, 0, 0],
							"lerp_mode": "catmullrom"
						},
						"0.7917": {
							"post": [-1.36, 0, 0],
							"lerp_mode": "catmullrom"
						},
						"1.0833": {
							"post": [0, 0, 0],
							"lerp_mode": "catmullrom"
						},
						"1.25": {
							"post": [0, 0, 0],
							"lerp_mode": "catmullrom"
						}
					}
				},
				"head_feather2": {
					"rotation": {
						"0.0": {
							"post": [0, 0, 0],
							"lerp_mode": "catmullrom"
						},
						"0.2083": {
							"post": [-2.5, 0, 0],
							"lerp_mode": "catmullrom"
						},
						"0.375": {
							"post": [-2.37, 0, 0],
							"lerp_mode": "catmullrom"
						},
						"0.5833": {
							"post": [4.56, 0, 0],
							"lerp_mode": "catmullrom"
						},
						"0.8333": {
							"post": [-1.36, 0, 0],
							"lerp_mode": "catmullrom"
						},
						"1.125": {
							"post": [0, 0, 0],
							"lerp_mode": "catmullrom"
						},
						"1.25": {
							"post": [0, 0, 0],
							"lerp_mode": "catmullrom"
						}
					}
				},
				"head_feather3": {
					"rotation": {
						"0.0": {
							"post": [0, 0, 0],
							"lerp_mode": "catmullrom"
						},
						"0.125": {
							"post": [-2.5, 0, 0],
							"lerp_mode": "catmullrom"
						},
						"0.2917": {
							"post": [-2.37, 0, 0],
							"lerp_mode": "catmullrom"
						},
						"0.5": {
							"post": [4.56, 0, 0],
							"lerp_mode": "catmullrom"
						},
						"0.75": {
							"post": [-1.36, 0, 0],
							"lerp_mode": "catmullrom"
						},
						"1.0417": {
							"post": [0, 0, 0],
							"lerp_mode": "catmullrom"
						},
						"1.25": {
							"post": [0, 0, 0],
							"lerp_mode": "catmullrom"
						}
					}
				},
				"leg_right": {
					"rotation": {
						"0.0": {
							"post": [0, 0, 0],
							"lerp_mode": "catmullrom"
						},
						"0.2083": {
							"post": [10, 0, 0],
							"lerp_mode": "catmullrom"
						},
						"0.3333": {
							"post": [-12.5, 0, 0],
							"lerp_mode": "catmullrom"
						},
						"0.4167": {
							"post": [-0.76, 0, 0],
							"lerp_mode": "catmullrom"
						},
						"0.5": {
							"post": [-3.64, 0, 0],
							"lerp_mode": "catmullrom"
						},
						"0.6667": {
							"post": [0, 0, 0],
							"lerp_mode": "catmullrom"
						},
						"1.0": {
							"post": [0, 0, 0],
							"lerp_mode": "catmullrom"
						}
					}
				},
				"leg_right2": {
					"rotation": {
						"0.0": {
							"post": [0, 0, 0],
							"lerp_mode": "catmullrom"
						},
						"0.1667": {
							"post": [-5, 0, 0],
							"lerp_mode": "catmullrom"
						},
						"0.2917": {
							"post": [25.12, 0, 0],
							"lerp_mode": "catmullrom"
						},
						"0.375": {
							"post": [-2.96, 0, 0],
							"lerp_mode": "catmullrom"
						},
						"0.4583": {
							"post": [5.9, 0, 0],
							"lerp_mode": "catmullrom"
						},
						"0.5833": {
							"post": [-0.57, 0, 0],
							"lerp_mode": "catmullrom"
						},
						"1.0417": {
							"post": [0, 0, 0],
							"lerp_mode": "catmullrom"
						}
					}
				},
				"foot_right": {
					"rotation": {
						"0.0": {
							"post": [0, 0, 0],
							"lerp_mode": "catmullrom"
						},
						"0.125": {
							"post": [-17, 0, 0],
							"lerp_mode": "catmullrom"
						},
						"0.2083": {
							"post": [-22.38, 0, 0],
							"lerp_mode": "catmullrom"
						},
						"0.2917": {
							"post": [-0.86, 0, 0],
							"lerp_mode": "catmullrom"
						},
						"0.375": {
							"post": [8.54, 0, 0],
							"lerp_mode": "catmullrom"
						},
						"0.4583": {
							"post": [6.36, 0, 0],
							"lerp_mode": "catmullrom"
						},
						"0.5417": {
							"post": [-10.73, 0, 0],
							"lerp_mode": "catmullrom"
						},
						"0.75": {
							"post": [0, 0, 0],
							"lerp_mode": "catmullrom"
						},
						"1.0833": {
							"post": [0, 0, 0],
							"lerp_mode": "catmullrom"
						}
					}
				},
				"leg_left": {
					"rotation": {
						"0.0": {
							"post": [0, 0, 0],
							"lerp_mode": "catmullrom"
						},
						"0.1667": {
							"post": [0, 0, 0],
							"lerp_mode": "catmullrom"
						},
						"0.4167": {
							"post": [-4, 0, 0],
							"lerp_mode": "catmullrom"
						},
						"0.7083": {
							"post": [1, 0, 0],
							"lerp_mode": "catmullrom"
						},
						"0.9167": {
							"post": [0, 0, 0],
							"lerp_mode": "catmullrom"
						}
					}
				}
			}
		},
		"animation.airaptor_fetus.quirk3": {
			"animation_length": 1,
			"bones": {
				"body": {
					"rotation": {
						"0.0": {
							"post": [0, 0, 0],
							"lerp_mode": "catmullrom"
						},
						"0.2917": {
							"post": [0, 0, 0],
							"lerp_mode": "catmullrom"
						},
						"0.4167": {
							"post": [0.12, 0, 0],
							"lerp_mode": "catmullrom"
						},
						"0.5417": {
							"post": [-0.1, 0, 0],
							"lerp_mode": "catmullrom"
						},
						"0.6667": {
							"post": [0, 0, 0],
							"lerp_mode": "catmullrom"
						},
						"0.875": {
							"post": [0, 0, 0],
							"lerp_mode": "catmullrom"
						},
						"0.9583": {
							"post": [0, 0, 0],
							"lerp_mode": "catmullrom"
						}
					}
				},
				"neck": {
					"rotation": {
						"0.0": {
							"post": [0, 0, 0],
							"lerp_mode": "catmullrom"
						},
						"0.2917": {
							"post": [-0.15, 0, 0],
							"lerp_mode": "catmullrom"
						},
						"0.4167": {
							"post": [0.62, 0, 0],
							"lerp_mode": "catmullrom"
						},
						"0.5417": {
							"post": [-0.3, 0, 0],
							"lerp_mode": "catmullrom"
						},
						"0.6667": {
							"post": [0.12, 0, 0],
							"lerp_mode": "catmullrom"
						},
						"0.875": {
							"post": [0, 0, 0],
							"lerp_mode": "catmullrom"
						},
						"0.9583": {
							"post": [0, 0, 0],
							"lerp_mode": "catmullrom"
						}
					}
				},
				"head": {
					"rotation": {
						"0.0": {
							"post": [0, 0, 0],
							"lerp_mode": "catmullrom"
						},
						"0.2083": {
							"post": [-0.25, 0, 0],
							"lerp_mode": "catmullrom"
						},
						"0.3333": {
							"post": [1.62, 0, 0],
							"lerp_mode": "catmullrom"
						},
						"0.4583": {
							"post": [-0.5, 0, 0],
							"lerp_mode": "catmullrom"
						},
						"0.5833": {
							"post": [0.42, 0, 0],
							"lerp_mode": "catmullrom"
						},
						"0.7917": {
							"post": [0, 0, 0],
							"lerp_mode": "catmullrom"
						},
						"0.9583": {
							"post": [0, 0, 0],
							"lerp_mode": "catmullrom"
						}
					}
				},
				"head_feather": {
					"rotation": {
						"0.0": {
							"post": [0, 0, 0],
							"lerp_mode": "catmullrom"
						},
						"0.1667": {
							"post": [0.2, 0, 0],
							"lerp_mode": "catmullrom"
						},
						"0.2917": {
							"post": [-1.37, 0, 0],
							"lerp_mode": "catmullrom"
						},
						"0.4583": {
							"post": [1.1, 0, 0],
							"lerp_mode": "catmullrom"
						},
						"0.7917": {
							"post": [0, 0, 0],
							"lerp_mode": "catmullrom"
						},
						"1.0": {
							"post": [0, 0, 0],
							"lerp_mode": "catmullrom"
						}
					}
				},
				"head_feather2": {
					"rotation": {
						"0.0": {
							"post": [0, 0, 0],
							"lerp_mode": "catmullrom"
						},
						"0.2083": {
							"post": [0.2, 0, 0],
							"lerp_mode": "catmullrom"
						},
						"0.3333": {
							"post": [-1.37, 0, 0],
							"lerp_mode": "catmullrom"
						},
						"0.5": {
							"post": [1.1, 0, 0],
							"lerp_mode": "catmullrom"
						},
						"0.8333": {
							"post": [0, 0, 0],
							"lerp_mode": "catmullrom"
						},
						"1.0": {
							"post": [0, 0, 0],
							"lerp_mode": "catmullrom"
						}
					}
				},
				"head_feather3": {
					"rotation": {
						"0.0": {
							"post": [0, 0, 0],
							"lerp_mode": "catmullrom"
						},
						"0.125": {
							"post": [0.2, 0, 0],
							"lerp_mode": "catmullrom"
						},
						"0.25": {
							"post": [-1.37, 0, 0],
							"lerp_mode": "catmullrom"
						},
						"0.4167": {
							"post": [1.1, 0, 0],
							"lerp_mode": "catmullrom"
						},
						"0.75": {
							"post": [0, 0, 0],
							"lerp_mode": "catmullrom"
						},
						"1.0": {
							"post": [0, 0, 0],
							"lerp_mode": "catmullrom"
						}
					}
				},
				"jaw": {
					"rotation": {
						"0.0": {
							"post": [0, 0, 0],
							"lerp_mode": "catmullrom"
						},
						"0.2083": {
							"post": [12.5, 0, 0],
							"lerp_mode": "catmullrom"
						},
						"0.2917": {
							"post": [-1, 0, 0],
							"lerp_mode": "catmullrom"
						},
						"0.4167": {
							"post": [10, 0, 0],
							"lerp_mode": "catmullrom"
						},
						"0.5": {
							"post": [0, 0, 0],
							"lerp_mode": "catmullrom"
						},
						"0.625": {
							"post": [1, 0, 0],
							"lerp_mode": "catmullrom"
						},
						"0.8333": {
							"post": [0, 0, 0],
							"lerp_mode": "catmullrom"
						}
					}
				}
			}
		}
	}
}