{
	"format_version": "1.8.0",
	"animations": {
		"animation.arthropeater_fetus.sleep": {
			"loop": true,
			"animation_length": 6,
			"bones": {
				"body": {
					"rotation": {
						"0.0": [0, 0, 0],
						"3.0": [15, 0, 0],
						"6.0": [0, 0, 0]
					},
					"position": {
						"0.0": [0, 0, 1],
						"3.0": [0, 2, -1],
						"6.0": [0, 0, 1]
					}
				},
				"head": {
					"rotation": [35, 0, 0]
				},
				"torso": {
					"rotation": [-5, 0, 0],
					"position": [0, 0, 0]
				},
				"tail": {
					"rotation": [-35, 0, 0],
					"position": [0, 1, 0]
				},
				"leg_right": {
					"position": [0, -1, 1]
				},
				"leg_left": {
					"position": [0, -1, 1]
				},
				"tail2": {
					"rotation": [-35, 0, 0],
					"position": [0, 0, -1]
				},
				"leg_right2": {
					"rotation": [17.5, 0, 0],
					"position": [0, -2, 2]
				},
				"leg_left2": {
					"rotation": [35, 0, 0],
					"position": [0, -2, 2]
				},
				"leg_right3": {
					"rotation": [27.5, 0, 0],
					"position": [0, -1, 1]
				},
				"leg_left3": {
					"rotation": [32.5, 0, 0],
					"position": [0, -1, 1]
				},
				"leg_right4": {
					"position": [0, 0, 1]
				},
				"leg_left4": {
					"position": [0, 0, 1]
				}
			}
		},
		"animation.arthropeater_fetus.quirk": {
			"animation_length": 6,
			"bones": {
				"leg_left_front": {
					"scale": 1
				},
				"body": {
					"rotation": {
						"0.0": [0, 0, 0],
						"1.5": [0, 2.5, 0],
						"3.0": [0, 0, 0],
						"4.5": [0, -5, 0],
						"6.0": [0, 0, 0]
					}
				}
			}
		}
	}
}