{
	"format_version": "1.8.0",
	"animations": {
		"animation.dirtops_fetus.sleep": {
			"loop": true,
			"bones": {
				"body": {
					"rotation": ["20+math.sin(q.anim_time*90*0.5-180)*3", "math.sin(q.anim_time*90*0.75-60)*-2", "math.sin(q.anim_time*90*1)*1"],
					"position": ["math.sin(q.anim_time*90*0.25)*0.2", "0.25+math.sin(q.anim_time*90*0.5-45)*0.8", "-0.25+math.sin(q.anim_time*90*0.25-90)*0.1"]
				},
				"torso": {
					"rotation": [10, 0, 0]
				},
				"neck": {
					"rotation": ["32.5+math.sin(q.anim_time*90*0.5-210)*3", 0, 0]
				},
				"tail": {
					"rotation": ["-25+math.sin(q.anim_time*90*0.5-240)*-6", 0, 0]
				},
				"tail2": {
					"rotation": ["-25+math.sin(q.anim_time*90*0.5-270)*-10", 0, 0]
				},
				"arm_right": {
					"rotation": [-207, -45, "223+math.sin(q.anim_time*90*0.5-240)*6"],
					"position": [0, -0.1, 0]
				},
				"leg_right": {
					"rotation": [188, -38, "-200+math.sin(q.anim_time*90*0.5-240)*-6"]
				},
				"arm_left": {
					"rotation": [-207, 45, "-223+math.sin(q.anim_time*90*0.5-240)*-6"],
					"position": [0, -0.1, 0]
				},
				"leg_left": {
					"rotation": [188, 38, "200+math.sin(q.anim_time*90*0.5-240)*6"]
				},
				"head": {
					"rotation": ["-47.5+math.sin(q.anim_time*90*0.5-210)*3", 0, 0],
					"position": [0, 0, -1]
				}
			}
		},
		"animation.dirtops_fetus.quirk": {
			"animation_length": 2,
			"bones": {
				"body": {
					"rotation": {
						"0.0": {
							"post": [0, 0, 0],
							"lerp_mode": "catmullrom"
						},
						"0.5417": {
							"post": [0, 0, 0],
							"lerp_mode": "catmullrom"
						},
						"0.75": {
							"post": [0, 0, -7],
							"lerp_mode": "catmullrom"
						},
						"1.0833": {
							"post": [0, 0, 1],
							"lerp_mode": "catmullrom"
						},
						"1.4583": {
							"post": [0, 0, -3.5],
							"lerp_mode": "catmullrom"
						},
						"2.0": {
							"post": [0, 0, 0],
							"lerp_mode": "catmullrom"
						}
					}
				},
				"tail": {
					"rotation": {
						"0.0": {
							"post": [0, 0, 0],
							"lerp_mode": "catmullrom"
						},
						"0.5417": {
							"post": [0, 0, 1],
							"lerp_mode": "catmullrom"
						},
						"0.875": {
							"post": [0, 0, -7],
							"lerp_mode": "catmullrom"
						},
						"1.2083": {
							"post": [0, 0, 1],
							"lerp_mode": "catmullrom"
						},
						"1.5833": {
							"post": [0, 0, -3.5],
							"lerp_mode": "catmullrom"
						},
						"2.0": {
							"post": [0, 0, 0],
							"lerp_mode": "catmullrom"
						}
					}
				}
			}
		}
	}
}