{
	"format_version": "1.8.0",
	"animations": {
		"animation.dryopsi_fetus.sleep": {
			"loop": true,
			"bones": {
				"body": {
					"rotation": ["-5+math.sin(q.anim_time*90*0.5-180)*3", "math.sin(q.anim_time*90*0.75-60)*-2", "math.sin(q.anim_time*90*1)*1"],
					"position": ["math.sin(q.anim_time*90*0.25)*0.2", "-2+math.sin(q.anim_time*90*0.5-45)*0.8", "1+math.sin(q.anim_time*90*0.25-90)*0.1"]
				},
				"neck": {
					"rotation": ["20+math.sin(q.anim_time*90*0.5-210)*3", 0, 0]
				},
				"head": {
					"rotation": ["10+math.sin(q.anim_time*90*0.5-240)*5", 0, 0]
				},
				"tail": {
					"rotation": ["-20+math.sin(q.anim_time*90*0.5-210)*-3", 0, 0]
				},
				"tail2": {
					"rotation": ["-20+math.sin(q.anim_time*90*0.5-250)*-5", 0, 0]
				},
				"arm_right": {
					"rotation": [-210, -55, "222+math.sin(q.anim_time*90*0.5-240)*6"]
				},
				"leg_right": {
					"rotation": ["-65+math.sin(q.anim_time*90*0.5-210)*-6", 10, 0]
				},
				"leg_right2": {
					"rotation": ["-45+math.sin(q.anim_time*90*0.5-250)*9", 0, 0],
					"position": [0, 0, 0.5]
				},
				"foot_right": {
					"rotation": ["80+math.sin(q.anim_time*90*0.5-280)*9", 0, 0]
				},
				"tail3": {
					"rotation": ["-15+math.sin(q.anim_time*90*0.5-290)*-8", 0, 0]
				},
				"leg_left": {
					"rotation": ["-65+math.sin(q.anim_time*90*0.5-210)*6", -10, 0]
				},
				"leg_left2": {
					"rotation": ["-45+math.sin(q.anim_time*90*0.5-250)*-9", 0, 0],
					"position": [0, 0, 0.5]
				},
				"foot_left": {
					"rotation": ["80+math.sin(q.anim_time*90*0.5-280)*-9", 0, 0]
				},
				"arm_left": {
					"rotation": [-210, 55, "-222+math.sin(q.anim_time*90*0.5-240)*6"]
				},
				"jaw": {
					"rotation": ["7.5+math.sin(q.anim_time*90*0.5-200)*-6", 0, 0]
				}
			}
		},
		"animation.dryopsi_fetus.quirk": {
			"animation_length": 3,
			"bones": {
				"body": {
					"rotation": {
						"0.0": {
							"post": [0, 0, 0],
							"lerp_mode": "catmullrom"
						},
						"0.75": {
							"post": [0, 0, 0],
							"lerp_mode": "catmullrom"
						},
						"1.4583": {
							"post": [8, 0, 0],
							"lerp_mode": "catmullrom"
						},
						"2.0417": {
							"post": [-1, 0, 0],
							"lerp_mode": "catmullrom"
						},
						"2.8333": {
							"post": [0, 0, 0],
							"lerp_mode": "catmullrom"
						}
					}
				},
				"neck": {
					"rotation": {
						"0.0": {
							"post": [0, 0, 0],
							"lerp_mode": "catmullrom"
						},
						"1.0": {
							"post": [5, 0, 0],
							"lerp_mode": "catmullrom"
						},
						"1.375": {
							"post": [-7.5, 0, 0],
							"lerp_mode": "catmullrom"
						},
						"2.0417": {
							"post": [0, 0, 0],
							"lerp_mode": "catmullrom"
						},
						"2.875": {
							"post": [0, 0, 0],
							"lerp_mode": "catmullrom"
						}
					}
				},
				"head": {
					"rotation": {
						"0.0": {
							"post": [0, 0, 0],
							"lerp_mode": "catmullrom"
						},
						"1.0": {
							"post": [10, 0, 0],
							"lerp_mode": "catmullrom"
						},
						"1.375": {
							"post": [-30, 0, 0],
							"lerp_mode": "catmullrom"
						},
						"2.0833": {
							"post": [0, 0, 0],
							"lerp_mode": "catmullrom"
						},
						"2.9583": {
							"post": [0, 0, 0],
							"lerp_mode": "catmullrom"
						}
					}
				},
				"jaw": {
					"rotation": {
						"0.0": {
							"post": [0, 0, 0],
							"lerp_mode": "catmullrom"
						},
						"0.6667": {
							"post": [-7.5, 0, 0],
							"lerp_mode": "catmullrom"
						},
						"1.4167": {
							"post": [18.4, 0, 0],
							"lerp_mode": "catmullrom"
						},
						"1.6667": {
							"post": [-13.5, 0, 0],
							"lerp_mode": "catmullrom"
						},
						"2.1667": {
							"post": [-3.3, 0, 0],
							"lerp_mode": "catmullrom"
						},
						"2.9167": {
							"post": [0, 0, 0],
							"lerp_mode": "catmullrom"
						}
					}
				}
			}
		}
	}
}