{
	"format_version": "1.8.0",
	"animations": {
		"animation.edastone_fetus.sleep": {
			"loop": true,
			"animation_length": 6,
			"bones": {
				"body": {
					"rotation": {
						"0.0": [0, 0, 0],
						"3.0": [-15, 0, 0],
						"6.0": [0, 0, 0]
					},
					"position": {
						"0.0": [0, 0, 0],
						"3.0": [0, -1, 0],
						"6.0": [0, 0, 0]
					}
				},
				"neck": {
					"rotation": {
						"0.0": [35, 0, 0],
						"3.0": [45, 0, 0],
						"6.0": [35, 0, 0]
					},
					"position": {
						"0.0": [0, 0, 0],
						"6.0": [0, 0, 0]
					}
				},
				"head": {
					"rotation": [22.5, 0, 0]
				},
				"tail": {
					"rotation": {
						"0.0": [-50, 0, 0],
						"3.0": [-60, 0, 0],
						"6.0": [-50, 0, 0]
					},
					"position": {
						"0.0": [0, 1, -1],
						"3.0": [0, 1, -1],
						"6.0": [0, 1, -1]
					}
				},
				"tail2": {
					"rotation": [-75, 0, 0],
					"position": [0, 1, -1]
				},
				"leg_front_right": {
					"rotation": [0, -35, 0]
				},
				"leg_front_left": {
					"rotation": [0, 22.5, 0]
				},
				"leg_back_right": {
					"rotation": [0, -15, 0]
				},
				"leg_back_left": {
					"rotation": [0, 17.5, 0]
				}
			}
		},
		"animation.edastone_fetus.quirk": {
			"loop": true
		}
	}
}