{
	"format_version": "1.8.0",
	"animations": {
		"animation.hadrosong_fetus.sleep": {
			"loop": true,
			"animation_length": 6,
			"bones": {
				"body": {
					"rotation": {
						"0.0": [0, 0, 0],
						"3.0": [-15, 0, 0],
						"6.0": [0, 0, 0]
					}
				},
				"neck": {
					"rotation": [15, 0, 0],
					"position": [0, -1, 0]
				},
				"head": {
					"rotation": {
						"0.0": [87.5, 0, 0],
						"3.0": [67.5, 0, 0],
						"6.0": [87.5, 0, 0]
					},
					"position": [0, 1, 1]
				},
				"tail": {
					"rotation": {
						"0.0": [-30, 0, 0],
						"3.0": [-22.5, 0, 0],
						"6.0": [-30, 0, 0]
					},
					"position": [0, -1, 0]
				},
				"tail2": {
					"rotation": {
						"0.0": [-47.5, 0, 0],
						"3.0": [-32.5, 0, 0]
					},
					"position": {
						"0.0": [0, 0, -1],
						"3.0": [0, 0, -0.5]
					}
				},
				"leg_front_right": {
					"rotation": [0, -15, 0]
				},
				"leg_front_left": {
					"rotation": [0, 15, 0]
				},
				"leg_back_right": {
					"rotation": [0, -15, 0]
				},
				"leg_back_left": {
					"rotation": [0, 20, 0]
				}
			}
		},
		"animation.hadrosong_fetus.quirk": {
			"animation_length": 4,
			"bones": {
				"neck": {
					"rotation": {
						"0.0": [0, 0, 0],
						"2.0": [22.5, 0, 0],
						"4.0": [0, 0, 0]
					},
					"position": {
						"0.0": [0, 0, 0],
						"2.0": [0, -1, 0],
						"4.0": [0, 0, 0]
					}
				},
				"head": {
					"rotation": {
						"0.0": [0, 0, 0],
						"2.0": [50, 0, 0],
						"4.0": [0, 0, 0]
					},
					"position": {
						"0.0": [0, 0, 0],
						"4.0": [0, 0, 0]
					}
				},
				"tail": {
					"rotation": {
						"0.0": [0, 0, 0],
						"1.0": [0, 0, -10],
						"2.0": [0, 0, 0],
						"3.0": [0, 0, 15],
						"4.0": [0, 0, 0]
					},
					"position": {
						"0.0": [0, 0, 0],
						"2.0": [0, 0, 0],
						"4.0": [0, 0, 0]
					}
				}
			}
		}
	}
}