{
	"format_version": "1.8.0",
	"animations": {
		"animation.lycoalpod_fetus.sleep": {
			"loop": true,
			"animation_length": 6,
			"bones": {
				"body": {
					"rotation": {
						"0.0": [-20, 0, 0],
						"3.0": [-25, 0, 0],
						"6.0": [-20, 0, 0]
					},
					"position": {
						"0.0": [0, 0, -1],
						"3.0": [0, 1, -1],
						"6.0": [0, 0, -1]
					}
				},
				"tail": {
					"rotation": {
						"0.0": [-110, 0, 0],
						"3.0": [-110, 0, 0],
						"6.0": [-110, 0, 0]
					},
					"position": {
						"0.0": [0, -1, -1],
						"6.0": [0, -1, -1]
					}
				},
				"torso": {
					"rotation": [-27.5, 0, 0]
				},
				"neck": {
					"rotation": [20, 0, 0]
				},
				"neck2": {
					"rotation": {
						"0.0": [42.5, 0, 0],
						"3.0": [47.5, 0, 0],
						"6.0": [42.5, 0, 0]
					},
					"position": {
						"0.0": [0, -1, -1],
						"3.0": [0, -1, -1],
						"6.0": [0, -1, -1]
					}
				},
				"head": {
					"rotation": {
						"0.0": [15, 0, 0],
						"3.0": [22.5, 0, 0],
						"6.0": [15, 0, 0]
					},
					"position": {
						"0.0": [0, 0, 0],
						"3.0": [0, 0, -1],
						"6.0": [0, 0, 0]
					}
				}
			}
		},
		"animation.lycoalpod_fetus.quirk": {
			"animation_length": 6,
			"bones": {
				"body": {
					"rotation": {
						"0.0": [0, 0, 0],
						"1.5": [0, 0, -5],
						"4.5": [0, 0, 5],
						"6.0": [0, 0, 0]
					}
				}
			}
		}
	}
}