{
	"format_version": "1.8.0",
	"animations": {
		"animation.mosaga_fetus.sleep": {
			"loop": true,
			"animation_length": 0.1667,
			"bones": {
				"body": {
					"rotation": ["-100+math.sin(q.anim_time*90*0.5-180)*3", "math.sin(q.anim_time*90*0.75-60)*-2", "math.sin(q.anim_time*90*1)*1"],
					"position": ["math.sin(q.anim_time*90*0.25)*0.2", "2.25+math.sin(q.anim_time*90*0.5-45)*0.8", "-0.25+math.sin(q.anim_time*90*0.25-90)*0.1"]
				},
				"left_leg": {
					"rotation": [0, 0, 90],
					"position": [-1, -1, 0]
				},
				"right_leg": {
					"rotation": [0, 0, -90],
					"position": [1, -1, 0]
				},
				"neck": {
					"rotation": ["15+math.sin(q.anim_time*90*0.5-210)*1", 0, 0]
				},
				"neck2": {
					"rotation": {
						"0.0": ["7.5+math.sin(q.anim_time*90*0.5-240)*2", 0, 0],
						"0.1667": ["12.5+math.sin(q.anim_time*90*0.5-240)*2", 0, 0]
					},
					"position": {
						"0.0": [0, 0, 1],
						"0.1667": [0, 0, 1]
					}
				},
				"head": {
					"rotation": ["57+math.sin(q.anim_time*90*0.5-270)*-3", 0, 0],
					"position": [0, 0, -1]
				},
				"jaw": {
					"rotation": ["5+math.sin(q.anim_time*90*0.5-300)*3", 0, 0]
				},
				"tail": {
					"rotation": ["-35+math.sin(q.anim_time*90*0.5-210)*-3", 0, 0]
				},
				"tail2": {
					"rotation": ["-60+math.sin(q.anim_time*90*0.5-250)*-5", 0, 0]
				},
				"tail3": {
					"rotation": ["-60+math.sin(q.anim_time*90*0.5-290)*-6", 0, 0],
					"position": [0, -1, -3]
				},
				"left_arm": {
					"rotation": [0, -22.5, 90],
					"position": [-1, 1, 1]
				},
				"right_arm": {
					"rotation": [0, 22.5, -90],
					"position": [1.5, -1, 1.5]
				}
			}
		},
		"animation.mosaga_fetus.quirk": {
			"animation_length": 4,
			"bones": {
				"body": {
					"rotation": {
						"0.0": {
							"post": [0, 0, 0],
							"lerp_mode": "catmullrom"
						},
						"0.8333": {
							"post": [-0.8, 0, 0],
							"lerp_mode": "catmullrom"
						},
						"1.4167": {
							"post": [7.24, 0, 0],
							"lerp_mode": "catmullrom"
						},
						"2.125": {
							"post": [-2.61, 0, 0],
							"lerp_mode": "catmullrom"
						},
						"3.75": {
							"post": [0, 0, 0],
							"lerp_mode": "catmullrom"
						}
					}
				}
			}
		}
	}
}