{
	"format_version": "1.8.0",
	"animations": {
		"animation.pariartz_fetus.sleep": {
			"loop": true,
			"animation_length": 6,
			"bones": {
				"body": {
					"rotation": {
						"0.0": [0, 0, 0],
						"3.0": [-12.5, 0, 0],
						"6.0": [0, 0, 0]
					},
					"position": {
						"0.0": [0, 0, 0],
						"3.0": [0, 1, 0],
						"6.0": [0, 0, 0]
					}
				},
				"neck": {
					"rotation": {
						"0.0": [35, 0, 0],
						"3.0": [55, 0, 0],
						"6.0": [35, 0, 0]
					},
					"position": {
						"0.0": [0, -1, 0],
						"3.0": [0, -1, 0],
						"6.0": [0, -1, 0]
					}
				},
				"head": {
					"rotation": {
						"0.0": [40, 0, 0],
						"3.0": [27.5, 0, 0],
						"6.0": [40, 0, 0]
					},
					"position": {
						"0.0": [0, 0, -2],
						"3.0": [0, 0, -1],
						"6.0": [0, 0, -2]
					}
				},
				"tail": {
					"rotation": {
						"0.0": [-22.5, 0, 0],
						"3.0": [-27.5, 0, 0],
						"6.0": [-22.5, 0, 0]
					}
				},
				"tail2": {
					"rotation": {
						"0.0": [-25, 0, 0],
						"3.0": [-30, 0, 0],
						"6.0": [-25, 0, 0]
					}
				},
				"leg_front_right": {
					"rotation": [25.56145, -27.51235, -12.45891]
				},
				"leg_front_left": {
					"rotation": [23.34288, 30.32448, 12.2921]
				},
				"leg_back_right": {
					"rotation": [-24.14867, -20.70481, 9.00717]
				},
				"leg_back_left": {
					"rotation": [-21.17283, 18.74724, -7.09597]
				}
			}
		},
		"animation.pariartz_fetus.quirk": {
			"animation_length": 6,
			"bones": {
				"head": {
					"rotation": {
						"0.0": [0, 0, 0],
						"3.0": [-10, 0, 0],
						"6.0": [0, 0, 0]
					},
					"position": {
						"0.0": [0, 0, 0],
						"3.0": [0, 0, 1],
						"6.0": [0, 0, 0]
					}
				},
				"jaw": {
					"rotation": {
						"0.0": [0, 0, 0],
						"2.75": [17.5, 0, 0],
						"3.25": [17.5, 0, 0],
						"6.0": [0, 0, 0]
					},
					"position": {
						"0.0": [0, 0, 0],
						"2.75": [0, 0, 1],
						"3.25": [0, 0, 1],
						"6.0": [0, 0, 0]
					}
				}
			}
		}
	}
}