{
	"format_version": "1.8.0",
	"animations": {
		"animation.pteropix_fetus.sleep": {
			"loop": true,
			"bones": {
				"body": {
					"rotation": ["-100+math.sin(q.anim_time*90*0.5-180)*3", "math.sin(q.anim_time*90*0.75-60)*-2", "math.sin(q.anim_time*90*1)*1"],
					"position": ["math.sin(q.anim_time*90*0.25)*0.2", "2.25+math.sin(q.anim_time*90*0.5-45)*0.8", "-0.25+math.sin(q.anim_time*90*0.25-90)*0.1"]
				},
				"neck": {
					"rotation": ["15+math.sin(q.anim_time*90*0.5-210)*1", 0, 0]
				},
				"head": {
					"rotation": ["79.5+math.sin(q.anim_time*90*0.5-270)*-3", 0, 0]
				},
				"tail": {
					"rotation": ["-35+math.sin(q.anim_time*90*0.5-210)*-3", 0, 0]
				},
				"right_leg": {
					"rotation": ["-15+math.sin(q.anim_time*90*0.5-210)*-6", -3, 14]
				},
				"right_leg2": {
					"rotation": ["65+math.sin(q.anim_time*90*0.5-270)*6", 0, 0]
				},
				"right_foot": {
					"rotation": ["20+math.sin(q.anim_time*90*0.5-280)*8", 0, 0]
				},
				"neck2": {
					"rotation": ["50+math.sin(q.anim_time*90*0.5-240)*2", 0, 0]
				},
				"wing_right2": {
					"rotation": [0, "math.sin(q.anim_time*90*0.5-90)*-8", -155]
				},
				"wing_right": {
					"rotation": [0, "math.sin(q.anim_time*90*0.5-30)*-5", 75]
				},
				"wing_right3": {
					"rotation": [3, "74+math.sin(q.anim_time*90*0.5-90)*-4", -20]
				},
				"wing_left": {
					"rotation": [0, "-(math.sin(q.anim_time*90*0.5-30)*-5)", -75]
				},
				"wing_left2": {
					"rotation": [0, "-(math.sin(q.anim_time*90*0.5-90)*-8)", 155]
				},
				"wing_left3": {
					"rotation": [3, "-74+math.sin(q.anim_time*90*0.5-90)*4", 20]
				},
				"left_leg": {
					"rotation": ["-15+math.sin(q.anim_time*90*0.5-210)*-6", 3, -14]
				},
				"left_leg2": {
					"rotation": ["65+math.sin(q.anim_time*90*0.5-270)*6", 0, 0]
				},
				"left_foot": {
					"rotation": ["20+math.sin(q.anim_time*90*0.5-280)*8", 0, 0]
				},
				"jaw": {
					"rotation": ["5+math.sin(q.anim_time*90*0.5-300)*3", 0, 0]
				}
			}
		},
		"animation.pteropix_fetus.quirk": {
			"animation_length": 4,
			"bones": {
				"body": {
					"rotation": {
						"0.0": {
							"post": [0, 0, 0],
							"lerp_mode": "catmullrom"
						},
						"0.8333": {
							"post": [-0.8, 0, 0],
							"lerp_mode": "catmullrom"
						},
						"1.4167": {
							"post": [7.24, 0, 0],
							"lerp_mode": "catmullrom"
						},
						"2.125": {
							"post": [-2.61, 0, 0],
							"lerp_mode": "catmullrom"
						},
						"3.75": {
							"post": [0, 0, 0],
							"lerp_mode": "catmullrom"
						}
					}
				},
				"wing_right": {
					"rotation": {
						"0.0": {
							"post": [0, 0, 0],
							"lerp_mode": "catmullrom"
						},
						"0.75": {
							"post": [0, 0, 7.5],
							"lerp_mode": "catmullrom"
						},
						"1.0833": {
							"post": [0, 0, -3],
							"lerp_mode": "catmullrom"
						},
						"2.0": {
							"post": [0, 0, 2],
							"lerp_mode": "catmullrom"
						},
						"3.0": {
							"post": [0, 0, 0],
							"lerp_mode": "catmullrom"
						}
					}
				},
				"wing_right2": {
					"rotation": {
						"0.0": {
							"post": [0, 0, 0],
							"lerp_mode": "catmullrom"
						},
						"0.8333": {
							"post": [0, -10, -7.5],
							"lerp_mode": "catmullrom"
						},
						"1.2083": {
							"post": [0, 7.5, 10],
							"lerp_mode": "catmullrom"
						},
						"2.2083": {
							"post": [0, -2, -1],
							"lerp_mode": "catmullrom"
						},
						"3.2083": {
							"post": [0, 0, 0],
							"lerp_mode": "catmullrom"
						}
					}
				},
				"wing_right3": {
					"rotation": {
						"0.0": {
							"post": [0, 0, 0],
							"lerp_mode": "catmullrom"
						},
						"0.8333": {
							"post": [0, 17.5, 0],
							"lerp_mode": "catmullrom"
						},
						"1.3333": {
							"post": [0, -18.14, 0],
							"lerp_mode": "catmullrom"
						},
						"2.25": {
							"post": [0, 10.53, 0],
							"lerp_mode": "catmullrom"
						},
						"3.375": {
							"post": [0, 0, 0],
							"lerp_mode": "catmullrom"
						}
					}
				},
				"wing_left": {
					"rotation": {
						"0.0": {
							"post": [0, 0, 0],
							"lerp_mode": "catmullrom"
						},
						"0.75": {
							"post": [0, 0, -7.5],
							"lerp_mode": "catmullrom"
						},
						"1.0833": {
							"post": [0, 0, 3],
							"lerp_mode": "catmullrom"
						},
						"2.0": {
							"post": [0, 0, -2],
							"lerp_mode": "catmullrom"
						},
						"3.0": {
							"post": [0, 0, 0],
							"lerp_mode": "catmullrom"
						}
					}
				},
				"wing_left2": {
					"rotation": {
						"0.0": {
							"post": [0, 0, 0],
							"lerp_mode": "catmullrom"
						},
						"0.8333": {
							"post": [0, 10, 7.5],
							"lerp_mode": "catmullrom"
						},
						"1.2083": {
							"post": [0, -7.5, -10],
							"lerp_mode": "catmullrom"
						},
						"2.2083": {
							"post": [0, 2, 1],
							"lerp_mode": "catmullrom"
						},
						"3.2083": {
							"post": [0, 0, 0],
							"lerp_mode": "catmullrom"
						}
					}
				},
				"wing_left3": {
					"rotation": {
						"0.0": {
							"post": [0, 0, 0],
							"lerp_mode": "catmullrom"
						},
						"0.8333": {
							"post": [0, -17.5, 0],
							"lerp_mode": "catmullrom"
						},
						"1.3333": {
							"post": [0, 18.14, 0],
							"lerp_mode": "catmullrom"
						},
						"2.25": {
							"post": [0, -10.53, 0],
							"lerp_mode": "catmullrom"
						},
						"3.375": {
							"post": [0, 0, 0],
							"lerp_mode": "catmullrom"
						}
					}
				}
			}
		}
	}
}