{
	"format_version": "1.8.0",
	"animations": {
		"animation.spinot_fetus.sleep": {
			"loop": true,
			"bones": {
				"body": {
					"rotation": ["-37.5+math.sin(q.anim_time*90*0.5-180)*3", "math.sin(q.anim_time*90*0.75-60)*-2", "0+math.sin(q.anim_time*90*1)*1"],
					"position": ["math.sin(q.anim_time*90*0.25)*0.2", "-2+math.sin(q.anim_time*90*0.5-45)*0.8", "1+math.sin(q.anim_time*90*0.25-90)*0.1"]
				},
				"leg_right": {
					"rotation": ["-65+math.sin(q.anim_time*90*0.5)*3", -5, -10]
				},
				"leg_right2": {
					"rotation": ["-55+math.sin(q.anim_time*90*0.5-60)*6", 0, 0]
				},
				"foot_right": {
					"rotation": ["80+math.sin(q.anim_time*90*0.5-120)*8", 0, 0]
				},
				"head": {
					"rotation": ["-27.5+math.sin(q.anim_time*90*0.5-270)*-4", 0, 0]
				},
				"neck": {
					"rotation": ["45+math.sin(q.anim_time*90*0.5-210)*5", 0, 0]
				},
				"tail": {
					"rotation": ["-27+math.sin(q.anim_time*90*0.5-200)*-5", 0, 0]
				},
				"tail2": {
					"rotation": ["-15+math.sin(q.anim_time*90*0.5-270)*-7", 0, 0]
				},
				"arm_right": {
					"rotation": ["37.5+math.sin(q.anim_time*90*0.5)*3", "-30+math.cos(q.anim_time*90*0.5)*9", 0]
				},
				"arm_left": {
					"rotation": ["37.5+math.sin(q.anim_time*90*0.5)*3", "30+math.cos(q.anim_time*90*0.5)*-9", 0]
				},
				"leg_left": {
					"rotation": ["-65+math.sin(q.anim_time*90*0.5+60)*3", 5, 10]
				},
				"leg_left2": {
					"rotation": ["-55+math.sin(q.anim_time*90*0.5)*6", 0, 0]
				},
				"foot_left": {
					"rotation": ["80+math.sin(q.anim_time*90*0.5-60)*8", 0, 0]
				},
				"jaw": {
					"rotation": ["10+math.sin(q.anim_time*90*0.5)*9", 0, 0]
				}
			}
		},
		"animation.spinot_fetus.quirk": {
			"animation_length": 4.0417,
			"bones": {
				"body": {
					"rotation": {
						"0.0": {
							"post": [0, 0, 0],
							"lerp_mode": "catmullrom"
						},
						"0.375": {
							"post": [0, 0, 0],
							"lerp_mode": "catmullrom"
						},
						"0.8333": {
							"post": [3, 0, 0],
							"lerp_mode": "catmullrom"
						},
						"1.375": {
							"post": [-1, 0, 0],
							"lerp_mode": "catmullrom"
						},
						"1.8333": {
							"post": [5, 0, 0],
							"lerp_mode": "catmullrom"
						},
						"2.5833": {
							"post": [3, 0, 0],
							"lerp_mode": "catmullrom"
						},
						"3.1667": {
							"post": [1.14, 0, 0],
							"lerp_mode": "catmullrom"
						},
						"3.9167": [0, 0, 0]
					}
				},
				"tail": {
					"rotation": {
						"0.0": {
							"post": [0, 0, 0],
							"lerp_mode": "catmullrom"
						},
						"0.375": {
							"post": [1, 0, 0],
							"lerp_mode": "catmullrom"
						},
						"0.7917": {
							"post": [-2.5, 0, 0],
							"lerp_mode": "catmullrom"
						},
						"1.25": {
							"post": [2.5, 0, 0],
							"lerp_mode": "catmullrom"
						},
						"1.625": {
							"post": [-3, 0, 0],
							"lerp_mode": "catmullrom"
						},
						"2.0417": {
							"post": [-2.36, 0, 0],
							"lerp_mode": "catmullrom"
						},
						"2.5": {
							"post": [1.5, 0, 0],
							"lerp_mode": "catmullrom"
						},
						"3.7917": [0, 0, 0]
					}
				},
				"tail2": {
					"rotation": {
						"0.0": {
							"post": [0, 0, 0],
							"lerp_mode": "catmullrom"
						},
						"0.5": {
							"post": [1, 0, 0],
							"lerp_mode": "catmullrom"
						},
						"1.0417": {
							"post": [-2, 0, 0],
							"lerp_mode": "catmullrom"
						},
						"1.25": {
							"post": [1, 0, 0],
							"lerp_mode": "catmullrom"
						},
						"1.8333": {
							"post": [-2, 0, 0],
							"lerp_mode": "catmullrom"
						},
						"2.375": {
							"post": [-1.31, 0, 0],
							"lerp_mode": "catmullrom"
						},
						"3.0833": {
							"post": [0.25, 0, 0],
							"lerp_mode": "catmullrom"
						},
						"3.9167": [0, 0, 0]
					}
				},
				"neck": {
					"rotation": {
						"0.0": {
							"post": [0, 0, 0],
							"lerp_mode": "catmullrom"
						},
						"0.4167": {
							"post": [-2, 0, 0],
							"lerp_mode": "catmullrom"
						},
						"0.6667": {
							"post": [5, 0, 0],
							"lerp_mode": "catmullrom"
						},
						"1.0": {
							"post": [7.38, 0, 0],
							"lerp_mode": "catmullrom"
						},
						"1.4167": {
							"post": [-1, 0, 0],
							"lerp_mode": "catmullrom"
						},
						"1.7083": {
							"post": [12.03, 0, 0],
							"lerp_mode": "catmullrom"
						},
						"2.0417": {
							"post": [15.03, 0, 0],
							"lerp_mode": "catmullrom"
						},
						"2.5417": {
							"post": [8, 0, 0],
							"lerp_mode": "catmullrom"
						},
						"3.125": {
							"post": [1.64, 0, 0],
							"lerp_mode": "catmullrom"
						},
						"3.6667": [0, 0, 0]
					}
				},
				"head": {
					"rotation": {
						"0.0": {
							"post": [0, 0, 0],
							"lerp_mode": "catmullrom"
						},
						"0.375": {
							"post": [1, 0, 0],
							"lerp_mode": "catmullrom"
						},
						"0.625": {
							"post": [-6.72, 0, 0],
							"lerp_mode": "catmullrom"
						},
						"0.9583": {
							"post": [-5, 0, 0],
							"lerp_mode": "catmullrom"
						},
						"1.1667": {
							"post": [0.8, 0, 0],
							"lerp_mode": "catmullrom"
						},
						"1.4167": {
							"post": [1.4, 0, 0],
							"lerp_mode": "catmullrom"
						},
						"1.5417": {
							"post": [-5.72, 0, 0],
							"lerp_mode": "catmullrom"
						},
						"1.7917": {
							"post": [-8.31, 0, 0],
							"lerp_mode": "catmullrom"
						},
						"2.375": {
							"post": [-3.93, 0, 0],
							"lerp_mode": "catmullrom"
						},
						"2.9167": {
							"post": [-1.3, 0, 0],
							"lerp_mode": "catmullrom"
						},
						"3.6667": [0, 0, 0]
					}
				},
				"jaw": {
					"rotation": {
						"0.0": {
							"post": [0, 0, 0],
							"lerp_mode": "catmullrom"
						},
						"0.125": {
							"post": [2.23, 0, 0],
							"lerp_mode": "catmullrom"
						},
						"0.2917": {
							"post": [8.5, 0, 0],
							"lerp_mode": "catmullrom"
						},
						"0.4583": {
							"post": [13.5, 0, 0],
							"lerp_mode": "catmullrom"
						},
						"0.625": {
							"post": [-11.6, 0, 0],
							"lerp_mode": "catmullrom"
						},
						"1.0": {
							"post": [-8.53, 0, 0],
							"lerp_mode": "catmullrom"
						},
						"1.2083": {
							"post": [9.5, 0, 0],
							"lerp_mode": "catmullrom"
						},
						"1.4167": {
							"post": [16.5, 0, 0],
							"lerp_mode": "catmullrom"
						},
						"1.5417": {
							"post": [-11.5, 0, 0],
							"lerp_mode": "catmullrom"
						},
						"1.9167": {
							"post": [-15.09, 0, 0],
							"lerp_mode": "catmullrom"
						},
						"2.5417": {
							"post": [-3, 0, 0],
							"lerp_mode": "catmullrom"
						},
						"2.9583": [0, 0, 0]
					}
				},
				"leg_right": {
					"rotation": {
						"0.0": {
							"post": [0, 0, 0],
							"lerp_mode": "catmullrom"
						},
						"0.5833": {
							"post": [0, 0, 0],
							"lerp_mode": "catmullrom"
						},
						"0.8333": {
							"post": [-2, 0, 0],
							"lerp_mode": "catmullrom"
						},
						"1.25": {
							"post": [-2, 0, 0],
							"lerp_mode": "catmullrom"
						},
						"2.125": {
							"post": [-7.5, 0, 0],
							"lerp_mode": "catmullrom"
						},
						"3.5": [0, 0, 0]
					}
				},
				"leg_right2": {
					"rotation": {
						"0.0": {
							"post": [0, 0, 0],
							"lerp_mode": "catmullrom"
						},
						"0.4583": {
							"post": [7.5, 0, 0],
							"lerp_mode": "catmullrom"
						},
						"0.75": {
							"post": [-5, 0, 0],
							"lerp_mode": "catmullrom"
						},
						"1.3333": {
							"post": [5, 0, 0],
							"lerp_mode": "catmullrom"
						},
						"1.7083": {
							"post": [-5, 0, 0],
							"lerp_mode": "catmullrom"
						},
						"1.9583": {
							"post": [-5, 0, 0],
							"lerp_mode": "catmullrom"
						},
						"3.375": [0, 0, 0]
					}
				},
				"foot_right": {
					"rotation": {
						"0.0": {
							"post": [0, 0, 0],
							"lerp_mode": "catmullrom"
						},
						"0.5417": {
							"post": [7.5, 0, 0],
							"lerp_mode": "catmullrom"
						},
						"0.875": {
							"post": [-10, 0, 0],
							"lerp_mode": "catmullrom"
						},
						"1.5": {
							"post": [-5, 0, 0],
							"lerp_mode": "catmullrom"
						},
						"1.8333": {
							"post": [-15, 0, 0],
							"lerp_mode": "catmullrom"
						},
						"2.1667": {
							"post": [-12.53, 0, 0],
							"lerp_mode": "catmullrom"
						},
						"3.625": [0, 0, 0]
					}
				},
				"leg_left": {
					"rotation": {
						"0.0": {
							"post": [0, 0, 0],
							"lerp_mode": "catmullrom"
						},
						"0.5833": {
							"post": [0, 0, 0],
							"lerp_mode": "catmullrom"
						},
						"0.8333": {
							"post": [-2, 0, 0],
							"lerp_mode": "catmullrom"
						},
						"1.25": {
							"post": [-2, 0, 0],
							"lerp_mode": "catmullrom"
						},
						"2.125": {
							"post": [-7.5, 0, 0],
							"lerp_mode": "catmullrom"
						},
						"3.5": [0, 0, 0]
					}
				},
				"leg_left2": {
					"rotation": {
						"0.0": {
							"post": [0, 0, 0],
							"lerp_mode": "catmullrom"
						},
						"0.4583": {
							"post": [7.5, 0, 0],
							"lerp_mode": "catmullrom"
						},
						"0.75": {
							"post": [-5, 0, 0],
							"lerp_mode": "catmullrom"
						},
						"1.3333": {
							"post": [5, 0, 0],
							"lerp_mode": "catmullrom"
						},
						"1.7083": {
							"post": [-5, 0, 0],
							"lerp_mode": "catmullrom"
						},
						"1.9583": {
							"post": [-5, 0, 0],
							"lerp_mode": "catmullrom"
						},
						"3.375": [0, 0, 0]
					}
				},
				"foot_left": {
					"rotation": {
						"0.0": {
							"post": [0, 0, 0],
							"lerp_mode": "catmullrom"
						},
						"0.5417": {
							"post": [7.5, 0, 0],
							"lerp_mode": "catmullrom"
						},
						"0.875": {
							"post": [-10, 0, 0],
							"lerp_mode": "catmullrom"
						},
						"1.5": {
							"post": [-5, 0, 0],
							"lerp_mode": "catmullrom"
						},
						"1.8333": {
							"post": [-15, 0, 0],
							"lerp_mode": "catmullrom"
						},
						"2.1667": {
							"post": [-12.53, 0, 0],
							"lerp_mode": "catmullrom"
						},
						"3.625": [0, 0, 0]
					}
				}
			}
		}
	}
}