{
  "implemented": true,
  "name": "Jibanyan",
  "nationalPokedexNumber": 2000,
  "primaryType": "fire",
  "abilities": [
    "blaze",
    "h:protean"
  ],
  "baseStats": {
    "hp": 75,
    "attack": 69,
    "defence": 46,
    "special_attack": 122,
    "special_defence": 52,
    "speed": 86
  },
  "behaviour": {
    "resting": {
      "canSleep": true,
      "depth": "normal",
      "light": "4-15",
      "willSleepOnBed": false
    },
    "moving": {
      "canLook": true,
      "walk": {
        "canWalk": true,
        "avoidsLand": false
      },
      "swim": {
        "swimSpeed": 0.3,
        "canSwimInWater": true,
        "canBreatheUnderwater": false
      },
      "fly": {
        "canFly": false,
        "flySpeedHorizontal": 0.3
      },
      "wanderChance": 50
    }
  },
  "catchRate": 100,
  "maleRatio": 0.8,
  "shoulderMountable": false,
  "baseExperienceYield": 100,
  "eggCycles": 25,
  "eggGroups": [
    "undiscovered"
  ],
  "drops": {
    "amount": 1,
    "entries": []
  },
  "moves": [
    "1:tackle",
    "1:hex",
    "1:doubleteam",
    "5:ember",
    "11:bite",
    "14:swift",
    "17:nastyplot",
    "22:feint",
    "27:overheat",
    "33:heatwave",
    "44:growl",
    "56:firepunch",
    "69:energyball",
    "78:hex",
    "84:confuseray",
    "100:flamethrower"
  ],
  "labels": [
    "custom"
  ],
  "pokedex": [
    "cobblemon.species.jibanyan.desc1",
    "cobblemon.species.jibanyan.desc2"
  ],
  "baseScale": 0.7,
  "hitbox": {
    "width": 0.7,
    "height": 0.7,
    "fixed": false
  },
  "baseFriendship": 50,
  "evYield": {
    "hp": 0,
    "attack": 0,
    "defence": 0,
    "special_attack": 1,
    "special_defence": 0,
    "speed": 0
  },
  "height": 1,
  "weight": 20,
  "evolutions": []
}