{
  "implemented": true,
  "name": "Spoilerina",
  "nationalPokedexNumber": 2050,
  "primaryType": "fairy",
  "secondaryType": "water",
  "abilities": [
    "healer",
    "h:healer"
  ],
  "baseStats": {
    "hp": 68,
    "attack": 147,
    "defence": 85,
    "special_attack": 136,
    "special_defence": 53,
    "speed": 111
  },
  "behaviour": {
    "resting": {
      "canSleep": true,
      "depth": "normal",
      "light": "0-4",
      "willSleepOnBed": false
    },
    "moving": {
      "canLook": true,
      "walk": {
        "canWalk": true,
        "avoidsLand": false
      },
      "swim": {
        "swimSpeed": 0.3,
        "canSwimInWater": false,
        "canBreatheUnderwater": false
      },
      "fly": {
        "canFly": false,
        "flySpeedHorizontal": 0.3
      },
      "wanderChance": 50
    }
  },
  "catchRate": 50,
  "maleRatio": 0.8,
  "shoulderMountable": false,
  "baseExperienceYield": 100,
  "eggCycles": 120,
  "eggGroups": [
    "undiscovered"
  ],
  "drops": {
    "amount": 1,
    "entries": [
      {
        "item": "",
        "quantityRange": "1-2",
        "percentage": 50
      }
    ]
  },
  "moves": [
    "1:aquajet",
    "1:attract",
    "5:babydolleyes",
    "10:doublekick",
    "20:aurorabeam",
    "30:disarmingvoice",
    "40:charm",
    "50:drainingkiss",
    "60:flowertrick",
    "70:fishiousrend",
    "80:futuresight",
    "90:fleurcannon",
    "100:energyball"
  ],
  "labels": [
    "custom"
  ],
  "pokedex": [
    "cobblemon.species.spoilirina.desc1",
    "cobblemon.species.spoilirina.desc2"
  ],
  "baseScale": 0.9,
  "hitbox": {
    "width": 0.9,
    "height": 0.9,
    "fixed": false
  },
  "baseFriendship": 50,
  "evYield": {
    "hp": 0,
    "attack": 1,
    "defence": 0,
    "special_attack": 0,
    "special_defence": 0,
    "speed": 0
  },
  "height": 1,
  "weight": 20,
  "evolutions": []
}