{
  "implemented": true,
  "name": "whisper",
  "nationalPokedexNumber": 2001,
  "primaryType": "ghost",
  "secondaryType": "normal",
  "abilities": [
    "levitate",
    "h:illusion"
  ],
  "baseStats": {
    "hp": 107,
    "attack": 41,
    "defence": 48,
    "special_attack": 80,
    "special_defence": 91,
    "speed": 83
  },
  "behaviour": {
    "resting": {
      "canSleep": true,
      "depth": "normal",
      "light": "4-15",
      "willSleepOnBed": false
    },
    "moving": {
      "canLook": true,
      "walk": {
        "canWalk": true,
        "avoidsLand": false
      },
      "swim": {
        "swimSpeed": 0.3,
        "canSwimInWater": false,
        "canBreatheUnderwater": false
      },
      "fly": {
        "canFly": true,
        "flySpeedHorizontal": 0.3
      },
      "wanderChance": 1
    }
  },
  "catchRate": 150,
  "maleRatio": 0.8,
  "shoulderMountable": false,
  "baseExperienceYield": 100,
  "eggCycles": 30,
  "eggGroups": [
    "undiscovered"
  ],
  "drops": {
    "amount": 1,
    "entries": []
  },
  "moves": [
    "1:acupressure",
    "1:calmmind",
    "1:defensecurl",
    "5:celebrate",
    "11:focusenergy",
    "17:swift",
    "22:extrasensory",
    "28:lick",
    "33:healpulse",
    "45:hex",
    "57:growl",
    "69:moongeistbeam",
    "83:roost",
    "95:screech",
    "100:spiritshackle"
  ],
  "labels": [
    "custom"
  ],
  "pokedex": [
    "cobblemon.species.whisper.desc1",
    "cobblemon.species.whisper.desc2"
  ],
  "baseScale": 0.9,
  "hitbox": {
    "width": 0.9,
    "height": 0.9,
    "fixed": false
  },
  "baseFriendship": 50,
  "evYield": {
    "hp": 1,
    "attack": 0,
    "defence": 0,
    "special_attack": 0,
    "special_defence": 0,
    "speed": 0
  },
  "height": 1,
  "weight": 5,
  "evolutions": []
}