{
	"format_version": "1.8.0",
	"animations": {
		"animation.icelion_pup.pose": {
			"loop": true,
			"bones": {
				"torso": {
					"rotation": [-10, 0, 0]
				},
				"head": {
					"rotation": [12.5, -25, 0]
				},
				"jaw": {
					"rotation": [45, 0, 0]
				},
				"tail": {
					"rotation": [0, 22.5, 0]
				},
				"tail2": {
					"rotation": [0, 27.5, 0]
				},
				"tail3": {
					"rotation": [15, 25, 0]
				},
				"tail4": {
					"rotation": [20, 0, 0]
				},
				"tail5": {
					"rotation": [-20, 0, 0]
				},
				"leftbackleg": {
					"rotation": [12.5, -27.5, 0]
				},
				"leftfrontleg": {
					"rotation": [0, 0, -12.5],
					"position": [0, 3, 0]
				},
				"leftfrontknee": {
					"rotation": [-42.5, 0, 0]
				},
				"leftbackankle": {
					"rotation": [-12.5, 0, 0]
				},
				"leftbackpaw": {
					"rotation": [15.22074, 9.65594, 2.61298]
				},
				"leftfrontpaw": {
					"rotation": [42.5, 0, 0]
				}
			}
		},
		"animation.icelion_pup.ground_idle": {
			"loop": true,
			"animation_length": 4,
			"bones": {
				"torso": {
					"rotation": ["0+math.sin(query.anim_time*90*1)", 0, 0],
					"position": [0, 0, 0]
				},
				"head": {
					"rotation": ["7.5+math.sin(query.anim_time*90*1-60)*5", 0, 0]
				},
				"tail": {
					"rotation": ["-0.2069+math.sin(query.anim_time*90*1-60)*10", 12.35522, -1.91192]
				},
				"tail2": {
					"rotation": ["2.3517+math.sin(query.anim_time*90*1-120)*10", -12.42666, 1.3628]
				},
				"tail3": {
					"rotation": ["12.6866+math.sin(query.anim_time*90*1-180)*15", -9.76061, -2.18558]
				},
				"tail4": {
					"rotation": ["15.2207-math.sin(query.anim_time*90*1)*15", 9.65594, 2.61298]
				},
				"tail5": {
					"rotation": ["-25.368-math.sin(query.anim_time*90*1-60)*20", 17.33804, -2.41268]
				},
				"rightfrontleg": {
					"rotation": ["0+math.sin(query.anim_time*90*1)*2", 0, 0]
				},
				"rightbackleg": {
					"rotation": ["0-math.sin(query.anim_time*90*1)*2", 0, 0]
				},
				"leftbackleg": {
					"rotation": ["0-math.sin(query.anim_time*90*1)*2", 0, 0]
				},
				"leftfrontleg": {
					"rotation": ["0+math.sin(query.anim_time*90*1)*2", 0, 0]
				},
				"leftfrontknee": {
					"rotation": ["0-math.sin(query.anim_time*90*1)*3", 0, 0]
				},
				"rightfrontknee": {
					"rotation": ["0-math.sin(query.anim_time*90*1)*3", 0, 0]
				},
				"rightbackankle": {
					"rotation": ["0+math.sin(query.anim_time*90*1)*4", 0, 0]
				},
				"leftbackankle": {
					"rotation": ["0+math.sin(query.anim_time*90*1)*4", 0, 0]
				},
				"leftfrontpaw": {
					"rotation": [0, 0, 0]
				}
			}
		},
		"animation.icelion_pup.ground_walk": {
			"loop": true,
			"animation_length": 1,
			"bones": {
				"body": {
					"rotation": {
						"0.0": {
							"post": [0, 0, 0],
							"lerp_mode": "catmullrom"
						},
						"0.125": {
							"post": [-5, 0, 0],
							"lerp_mode": "catmullrom"
						},
						"0.4167": {
							"post": [10, 0, 0],
							"lerp_mode": "catmullrom"
						},
						"0.625": {
							"post": [-5, 0, 0],
							"lerp_mode": "catmullrom"
						},
						"0.875": {
							"post": [10, 0, 0],
							"lerp_mode": "catmullrom"
						},
						"1.0": {
							"post": [0, 0, 0],
							"lerp_mode": "catmullrom"
						}
					},
					"position": {
						"0.0": {
							"post": [0, 0, 0],
							"lerp_mode": "catmullrom"
						},
						"0.25": {
							"post": [0, 5, 0],
							"lerp_mode": "catmullrom"
						},
						"0.5": {
							"post": [0, 0, 0],
							"lerp_mode": "catmullrom"
						},
						"0.75": {
							"post": [0, 5, 0],
							"lerp_mode": "catmullrom"
						},
						"1.0": {
							"post": [0, 0, 0],
							"lerp_mode": "catmullrom"
						}
					}
				},
				"neck": {
					"rotation": ["0+math.sin(query.anim_time*90*8)*5", 0, 0]
				},
				"head": {
					"rotation": ["0+math.sin(query.anim_time*90*8)*5", 0, 0]
				},
				"tail": {
					"rotation": ["0-math.sin(query.anim_time*90*8)*10", 0, 0]
				},
				"tail2": {
					"rotation": ["2.5-math.sin(query.anim_time*90*8-60)*10", 0, 0]
				},
				"tail3": {
					"rotation": ["15-math.sin(query.anim_time*90*8-120)*10", 0, 0]
				},
				"tail4": {
					"rotation": ["10-math.sin(query.anim_time*90*8-180)*20", 0, 0]
				},
				"tail5": {
					"rotation": ["15+math.sin(query.anim_time*90*8)*30", 0, 0]
				},
				"rightfrontleg": {
					"rotation": {
						"0.0": {
							"post": [12.5, 0, 0],
							"lerp_mode": "catmullrom"
						},
						"0.125": {
							"post": [12.5, 0, 0],
							"lerp_mode": "catmullrom"
						},
						"0.375": {
							"post": [-45, 0, 0],
							"lerp_mode": "catmullrom"
						},
						"0.5833": {
							"post": [15, 0, 0],
							"lerp_mode": "catmullrom"
						},
						"0.8333": {
							"post": [-47.5, 0, 0],
							"lerp_mode": "catmullrom"
						},
						"1.0": {
							"post": [12.5, 0, 0],
							"lerp_mode": "catmullrom"
						}
					}
				},
				"rightbackleg": {
					"rotation": {
						"0.0": {
							"post": [-10, 0, 0],
							"lerp_mode": "catmullrom"
						},
						"0.25": {
							"post": [30, 0, 0],
							"lerp_mode": "catmullrom"
						},
						"0.4583": {
							"post": [-17.5, 0, 0],
							"lerp_mode": "catmullrom"
						},
						"0.75": {
							"post": [32.5, 0, 0],
							"lerp_mode": "catmullrom"
						},
						"1.0": {
							"post": [-10, 0, 0],
							"lerp_mode": "catmullrom"
						}
					}
				},
				"leftbackleg": {
					"rotation": {
						"0.0": {
							"post": [-10, 0, 0],
							"lerp_mode": "catmullrom"
						},
						"0.25": {
							"post": [30, 0, 0],
							"lerp_mode": "catmullrom"
						},
						"0.4583": {
							"post": [-17.5, 0, 0],
							"lerp_mode": "catmullrom"
						},
						"0.75": {
							"post": [32.5, 0, 0],
							"lerp_mode": "catmullrom"
						},
						"1.0": {
							"post": [-10, 0, 0],
							"lerp_mode": "catmullrom"
						}
					}
				},
				"leftfrontleg": {
					"rotation": {
						"0.0": {
							"post": [12.5, 0, 0],
							"lerp_mode": "catmullrom"
						},
						"0.125": {
							"post": [12.5, 0, 0],
							"lerp_mode": "catmullrom"
						},
						"0.375": {
							"post": [-45, 0, 0],
							"lerp_mode": "catmullrom"
						},
						"0.5833": {
							"post": [15, 0, 0],
							"lerp_mode": "catmullrom"
						},
						"0.8333": {
							"post": [-47.5, 0, 0],
							"lerp_mode": "catmullrom"
						},
						"1.0": {
							"post": [12.5, 0, 0],
							"lerp_mode": "catmullrom"
						}
					}
				},
				"leftfrontknee": {
					"rotation": {
						"0.0": {
							"post": [0, 0, 0],
							"lerp_mode": "catmullrom"
						},
						"0.125": {
							"post": [-42.5, 0, 0],
							"lerp_mode": "catmullrom"
						},
						"0.3333": {
							"post": [-37.5, 0, 0],
							"lerp_mode": "catmullrom"
						},
						"0.4583": {
							"post": [12.5, 0, 0],
							"lerp_mode": "catmullrom"
						},
						"0.75": {
							"post": [-42.5, 0, 0],
							"lerp_mode": "catmullrom"
						},
						"1.0": {
							"post": [0, 0, 0],
							"lerp_mode": "catmullrom"
						}
					}
				},
				"rightfrontknee": {
					"rotation": {
						"0.0": {
							"post": [0, 0, 0],
							"lerp_mode": "catmullrom"
						},
						"0.125": {
							"post": [-42.5, 0, 0],
							"lerp_mode": "catmullrom"
						},
						"0.3333": {
							"post": [-37.5, 0, 0],
							"lerp_mode": "catmullrom"
						},
						"0.4583": {
							"post": [12.5, 0, 0],
							"lerp_mode": "catmullrom"
						},
						"0.75": {
							"post": [-42.5, 0, 0],
							"lerp_mode": "catmullrom"
						},
						"1.0": {
							"post": [0, 0, 0],
							"lerp_mode": "catmullrom"
						}
					}
				},
				"rightbackankle": {
					"rotation": {
						"0.0": {
							"post": [0, 0, 0],
							"lerp_mode": "catmullrom"
						},
						"0.1667": {
							"post": [12.5, 0, 0],
							"lerp_mode": "catmullrom"
						},
						"0.3333": {
							"post": [-22.5, 0, 0],
							"lerp_mode": "catmullrom"
						},
						"0.5": {
							"post": [2.5, 0, 0],
							"lerp_mode": "catmullrom"
						},
						"0.75": {
							"post": [7.5, 0, 0],
							"lerp_mode": "catmullrom"
						},
						"0.8333": {
							"post": [-27.5, 0, 0],
							"lerp_mode": "catmullrom"
						},
						"1.0": {
							"post": [0, 0, 0],
							"lerp_mode": "catmullrom"
						}
					}
				},
				"leftbackankle": {
					"rotation": {
						"0.0": {
							"post": [0, 0, 0],
							"lerp_mode": "catmullrom"
						},
						"0.1667": {
							"post": [12.5, 0, 0],
							"lerp_mode": "catmullrom"
						},
						"0.3333": {
							"post": [-22.5, 0, 0],
							"lerp_mode": "catmullrom"
						},
						"0.5": {
							"post": [2.5, 0, 0],
							"lerp_mode": "catmullrom"
						},
						"0.75": {
							"post": [7.5, 0, 0],
							"lerp_mode": "catmullrom"
						},
						"0.8333": {
							"post": [-27.5, 0, 0],
							"lerp_mode": "catmullrom"
						},
						"1.0": {
							"post": [0, 0, 0],
							"lerp_mode": "catmullrom"
						}
					}
				}
			}
		},
		"animation.icelion_pup.cry": {
			"animation_length": 1.0417,
			"bones": {
				"neck": {
					"rotation": {
						"0.0": {
							"post": [0, 0, 0],
							"lerp_mode": "catmullrom"
						},
						"0.0833": {
							"post": [15, 0, 0],
							"lerp_mode": "catmullrom"
						},
						"0.375": {
							"post": [17.5, 0, 0],
							"lerp_mode": "catmullrom"
						},
						"0.625": {
							"post": [0, 0, 0],
							"lerp_mode": "catmullrom"
						}
					}
				},
				"head": {
					"rotation": {
						"0.0": {
							"post": [0, 0, 0],
							"lerp_mode": "catmullrom"
						},
						"0.0833": {
							"post": [7.5, 0, 0],
							"lerp_mode": "catmullrom"
						},
						"0.2083": {
							"post": [-5, 0, 0],
							"lerp_mode": "catmullrom"
						},
						"0.375": {
							"post": [-15, 0, 0],
							"lerp_mode": "catmullrom"
						},
						"0.9583": {
							"post": [0, 0, 0],
							"lerp_mode": "catmullrom"
						}
					}
				},
				"jaw": {
					"rotation": {
						"0.0": [0, 0, 0],
						"0.1667": [45, 0, 0],
						"0.375": [37.5, 0, 0],
						"0.5": [50, 0, 0],
						"0.5833": [42.5, 0, 0],
						"0.75": [0, 0, 0]
					}
				}
			},
			"sound_effects": {
				"0.0": {
					"effect": "hiss3103123"
				}
			}
		},
		"animation.icelion_pup.battle_idle": {
			"loop": true,
			"animation_length": 4,
			"bones": {
				"torso": {
					"rotation": [5, 0, 0],
					"position": [0, "1+math.sin(query.anim_time*90*2)*0.3", 0]
				},
				"neck": {
					"rotation": [17.5, 0, 0]
				},
				"head": {
					"rotation": ["-22.5-math.sin(query.anim_time*90*2-60)*5", 0, 0]
				},
				"jaw": {
					"rotation": [12.5, 0, 0]
				},
				"tail": {
					"rotation": [12.5, "0-math.sin(query.anim_time*90*2-60)*5", 0]
				},
				"tail2": {
					"rotation": [15, "0-math.sin(query.anim_time*90*2-120)*10", 0]
				},
				"tail3": {
					"rotation": [15, "0-math.sin(query.anim_time*90*2-180)*15", 0]
				},
				"tail4": {
					"rotation": [20, "0-math.sin(query.anim_time*90*2-60)*5-math.sin(query.anim_time*90*2-240)*20", 0]
				},
				"tail5": {
					"rotation": [-20.01754, "2.3491-math.sin(query.anim_time*90*2-300)*25", -0.85553]
				},
				"rightfrontleg": {
					"rotation": [0, 0, "15-math.sin(query.anim_time*90*2)*2"]
				},
				"rightbackleg": {
					"rotation": ["27.5-math.sin(query.anim_time*90*2)*2", 0, 0]
				},
				"leftbackleg": {
					"rotation": ["0-math.sin(query.anim_time*90*2)*2", 0, 0]
				},
				"leftfrontleg": {
					"rotation": [0, 0, "-15+math.sin(query.anim_time*90*2)*2"]
				},
				"leftfrontknee": {
					"rotation": [0, 0, "15-math.sin(query.anim_time*90*2)*4"]
				},
				"rightfrontknee": {
					"rotation": [0, 0, "-15+math.sin(query.anim_time*90*2)*4"]
				},
				"rightbackknee": {
					"rotation": [-10, 0, 0]
				},
				"rightbackankle": {
					"rotation": ["0+math.sin(query.anim_time*90*2)*4", 0, 0]
				},
				"leftbackankle": {
					"rotation": ["0+math.sin(query.anim_time*90*2)*4", 0, 0]
				},
				"rightbackpaw": {
					"rotation": ["-12.5-math.sin(query.anim_time*90*2)*4", 0, 0]
				},
				"leftbackpaw": {
					"rotation": ["0-math.sin(query.anim_time*90*2)*4", 0, 0]
				}
			}
		},
		"animation.icelion_pup.physical": {
			"animation_length": 0.875,
			"bones": {
				"body": {
					"rotation": {
						"0.0": {
							"post": [0, 0, 0],
							"lerp_mode": "catmullrom"
						},
						"0.1667": {
							"post": [10, 0, 0],
							"lerp_mode": "catmullrom"
						},
						"0.3333": {
							"post": [-22.5, 0, 0],
							"lerp_mode": "catmullrom"
						},
						"0.5": {
							"post": [-25, 0, 0],
							"lerp_mode": "catmullrom"
						},
						"0.6667": {
							"post": [-25, 0, 0],
							"lerp_mode": "catmullrom"
						},
						"0.875": {
							"post": [0, 0, 0],
							"lerp_mode": "catmullrom"
						}
					},
					"position": {
						"0.0": {
							"post": [0, 0, 0],
							"lerp_mode": "catmullrom"
						},
						"0.3333": {
							"post": [0, 3, 0],
							"lerp_mode": "catmullrom"
						},
						"0.6667": {
							"post": [0, 3, 0],
							"lerp_mode": "catmullrom"
						},
						"0.875": {
							"post": [0, 0, 0],
							"lerp_mode": "catmullrom"
						}
					}
				},
				"torso": {
					"rotation": {
						"0.0": {
							"post": [0, 0, 0],
							"lerp_mode": "catmullrom"
						},
						"0.1667": {
							"post": [0, 5, 0],
							"lerp_mode": "catmullrom"
						},
						"0.3333": {
							"post": [0, -12.5, 0],
							"lerp_mode": "catmullrom"
						},
						"0.5": {
							"post": [0, 5, 0],
							"lerp_mode": "catmullrom"
						},
						"0.6667": {
							"post": [0, 5, 0],
							"lerp_mode": "catmullrom"
						},
						"0.8333": {
							"post": [0, 0, 0],
							"lerp_mode": "catmullrom"
						}
					}
				},
				"head": {
					"rotation": {
						"0.0": {
							"post": [0, 0, 0],
							"lerp_mode": "catmullrom"
						},
						"0.1667": {
							"post": [-15, 0, 0],
							"lerp_mode": "catmullrom"
						},
						"0.375": {
							"post": [27.5, 0, 0],
							"lerp_mode": "catmullrom"
						},
						"0.5417": {
							"post": [25, 0, 0],
							"lerp_mode": "catmullrom"
						},
						"0.875": {
							"post": [0, 0, 0],
							"lerp_mode": "catmullrom"
						}
					}
				},
				"jaw": {
					"rotation": {
						"0.0": {
							"post": [0, 0, 0],
							"lerp_mode": "catmullrom"
						},
						"0.1667": {
							"post": [27.5, 0, 0],
							"lerp_mode": "catmullrom"
						},
						"0.4583": {
							"post": [40, 0, 0],
							"lerp_mode": "catmullrom"
						},
						"0.875": {
							"post": [0, 0, 0],
							"lerp_mode": "catmullrom"
						}
					}
				},
				"tail": {
					"rotation": {
						"0.0": {
							"post": [0, 0, 0],
							"lerp_mode": "catmullrom"
						},
						"0.2083": {
							"post": [-7.5, 0, 0],
							"lerp_mode": "catmullrom"
						},
						"0.375": {
							"post": [22.5, 0, 0],
							"lerp_mode": "catmullrom"
						},
						"0.5417": {
							"post": [5, 0, 0],
							"lerp_mode": "catmullrom"
						},
						"0.6667": {
							"post": [10, 0, 0],
							"lerp_mode": "catmullrom"
						},
						"0.875": {
							"post": [0, 0, 0],
							"lerp_mode": "catmullrom"
						}
					}
				},
				"tail2": {
					"rotation": {
						"0.0": {
							"post": [0, 0, 0],
							"lerp_mode": "catmullrom"
						},
						"0.125": {
							"post": [-12.5, 0, 0],
							"lerp_mode": "catmullrom"
						},
						"0.2917": {
							"post": [37.5, 0, 0],
							"lerp_mode": "catmullrom"
						},
						"0.4167": {
							"post": [-20, 0, 0],
							"lerp_mode": "catmullrom"
						},
						"0.5417": {
							"post": [-5, 0, 0],
							"lerp_mode": "catmullrom"
						},
						"0.6667": {
							"post": [-20, 0, 0],
							"lerp_mode": "catmullrom"
						},
						"0.875": {
							"post": [0, 0, 0],
							"lerp_mode": "catmullrom"
						}
					}
				},
				"tail3": {
					"rotation": {
						"0.0": {
							"post": [0, 0, 0],
							"lerp_mode": "catmullrom"
						},
						"0.125": {
							"post": [-10, 0, 0],
							"lerp_mode": "catmullrom"
						},
						"0.25": {
							"post": [-15, 0, 0],
							"lerp_mode": "catmullrom"
						},
						"0.4167": {
							"post": [27.5, 0, 0],
							"lerp_mode": "catmullrom"
						},
						"0.5417": {
							"post": [2.5, 0, 0],
							"lerp_mode": "catmullrom"
						},
						"0.7083": {
							"post": [-5, 0, 0],
							"lerp_mode": "catmullrom"
						},
						"0.875": {
							"post": [0, 0, 0],
							"lerp_mode": "catmullrom"
						}
					}
				},
				"tail4": {
					"rotation": {
						"0.0": {
							"post": [0, 0, 0],
							"lerp_mode": "catmullrom"
						},
						"0.2083": {
							"post": [-10, 0, 0],
							"lerp_mode": "catmullrom"
						},
						"0.3333": {
							"post": [30, 0, 0],
							"lerp_mode": "catmullrom"
						},
						"0.5": {
							"post": [35, 0, 0],
							"lerp_mode": "catmullrom"
						},
						"0.625": {
							"post": [25, 0, 0],
							"lerp_mode": "catmullrom"
						},
						"0.75": {
							"post": [-15, 0, 0],
							"lerp_mode": "catmullrom"
						},
						"0.875": {
							"post": [0, 0, 0],
							"lerp_mode": "catmullrom"
						}
					}
				},
				"tail5": {
					"rotation": {
						"0.0": {
							"post": [0, 0, 0],
							"lerp_mode": "catmullrom"
						},
						"0.1667": {
							"post": [-20, 0, 0],
							"lerp_mode": "catmullrom"
						},
						"0.2917": {
							"post": [-27.5, 0, 0],
							"lerp_mode": "catmullrom"
						},
						"0.4167": {
							"post": [30, 0, 0],
							"lerp_mode": "catmullrom"
						},
						"0.625": {
							"post": [36.66068, 2.48331, 0.40033],
							"lerp_mode": "catmullrom"
						},
						"0.75": {
							"post": [9.16068, 2.48331, 0.40033],
							"lerp_mode": "catmullrom"
						},
						"0.7917": {
							"post": [-35.59063, 1.74752, 0.28171],
							"lerp_mode": "catmullrom"
						},
						"0.875": {
							"post": [0, 0, 0],
							"lerp_mode": "catmullrom"
						}
					}
				},
				"rightfrontleg": {
					"rotation": {
						"0.0": {
							"post": [0, 0, 0],
							"lerp_mode": "catmullrom"
						},
						"0.125": {
							"post": [0, 0, 55],
							"lerp_mode": "catmullrom"
						},
						"0.375": {
							"post": [-17.37794, 48.4001, -7.51032],
							"lerp_mode": "catmullrom"
						},
						"0.5833": {
							"post": [0, 0, 25],
							"lerp_mode": "catmullrom"
						},
						"0.875": {
							"post": [0, 0, 0],
							"lerp_mode": "catmullrom"
						}
					}
				},
				"rightbackleg": {
					"rotation": {
						"0.0": {
							"post": [0, 0, 0],
							"lerp_mode": "catmullrom"
						},
						"0.375": {
							"post": [25, 0, 0],
							"lerp_mode": "catmullrom"
						},
						"0.6667": {
							"post": [25, 0, 0],
							"lerp_mode": "catmullrom"
						},
						"0.875": {
							"post": [0, 0, 0],
							"lerp_mode": "catmullrom"
						}
					},
					"position": {
						"0.0": {
							"post": [0, 0, 0],
							"lerp_mode": "catmullrom"
						},
						"0.1667": {
							"post": [0, -1, -3],
							"lerp_mode": "catmullrom"
						},
						"0.375": {
							"post": [0, -1, -5],
							"lerp_mode": "catmullrom"
						},
						"0.6667": {
							"post": [0, -1, -5],
							"lerp_mode": "catmullrom"
						},
						"0.875": {
							"post": [0, 0, 0],
							"lerp_mode": "catmullrom"
						}
					}
				},
				"leftbackleg": {
					"rotation": {
						"0.0": {
							"post": [0, 0, 0],
							"lerp_mode": "catmullrom"
						},
						"0.375": {
							"post": [25, 0, 0],
							"lerp_mode": "catmullrom"
						},
						"0.6667": {
							"post": [25, 0, 0],
							"lerp_mode": "catmullrom"
						},
						"0.875": {
							"post": [0, 0, 0],
							"lerp_mode": "catmullrom"
						}
					},
					"position": {
						"0.0": {
							"post": [0, 0, 0],
							"lerp_mode": "catmullrom"
						},
						"0.1667": {
							"post": [0, -1, -3],
							"lerp_mode": "catmullrom"
						},
						"0.375": {
							"post": [0, -1, -5],
							"lerp_mode": "catmullrom"
						},
						"0.6667": {
							"post": [0, -1, -5],
							"lerp_mode": "catmullrom"
						},
						"0.875": {
							"post": [0, 0, 0],
							"lerp_mode": "catmullrom"
						}
					}
				},
				"leftfrontleg": {
					"rotation": {
						"0.0": {
							"post": [0, 0, 0],
							"lerp_mode": "catmullrom"
						},
						"0.25": {
							"post": [0, 0, 0],
							"lerp_mode": "catmullrom"
						},
						"0.375": {
							"post": [0, 0, -50],
							"lerp_mode": "catmullrom"
						},
						"0.5833": {
							"post": [-36.4519, -28.12079, 14.77067],
							"lerp_mode": "catmullrom"
						},
						"0.875": {
							"post": [0, 0, 0],
							"lerp_mode": "catmullrom"
						}
					}
				},
				"leftfrontknee": {
					"rotation": {
						"0.0": {
							"post": [0, 0, 0],
							"lerp_mode": "catmullrom"
						},
						"0.2083": {
							"post": [10, 0, 0],
							"lerp_mode": "catmullrom"
						},
						"0.375": {
							"post": [-32.5, 0, 0],
							"lerp_mode": "catmullrom"
						},
						"0.5833": {
							"post": [-35, 0, 0],
							"lerp_mode": "catmullrom"
						},
						"0.7083": {
							"post": [5, 0, 0],
							"lerp_mode": "catmullrom"
						},
						"0.875": {
							"post": [0, 0, 0],
							"lerp_mode": "catmullrom"
						}
					}
				},
				"rightfrontknee": {
					"rotation": {
						"0.0": {
							"post": [0, 0, 0],
							"lerp_mode": "catmullrom"
						},
						"0.125": {
							"post": [-47.5, 0, 0],
							"lerp_mode": "catmullrom"
						},
						"0.3333": {
							"post": [-44.06852, -19.90349, -19.37626],
							"lerp_mode": "catmullrom"
						},
						"0.5417": {
							"post": [-13.48405, -19.90349, -19.37626],
							"lerp_mode": "catmullrom"
						},
						"0.875": {
							"post": [0, 0, 0],
							"lerp_mode": "catmullrom"
						}
					}
				},
				"rightfrontpaw": {
					"rotation": {
						"0.0": {
							"post": [0, 0, 0],
							"lerp_mode": "catmullrom"
						},
						"0.125": {
							"post": [45, 0, 0],
							"lerp_mode": "catmullrom"
						},
						"0.25": {
							"post": [-15, 0, 0],
							"lerp_mode": "catmullrom"
						},
						"0.4167": {
							"post": [-20, 0, 0],
							"lerp_mode": "catmullrom"
						},
						"0.5417": {
							"post": [37.5, 0, 0],
							"lerp_mode": "catmullrom"
						},
						"0.7917": {
							"post": [8.87979, -1.34992, -9.4043],
							"lerp_mode": "catmullrom"
						},
						"0.875": {
							"post": [0, 0, 0],
							"lerp_mode": "catmullrom"
						}
					}
				},
				"leftfrontpaw": {
					"rotation": {
						"0.0": {
							"post": [0, 0, 0],
							"lerp_mode": "catmullrom"
						},
						"0.1667": {
							"post": [5, 0, 0],
							"lerp_mode": "catmullrom"
						},
						"0.3333": {
							"post": [50, 0, 0],
							"lerp_mode": "catmullrom"
						},
						"0.5": {
							"post": [-10, 0, 0],
							"lerp_mode": "catmullrom"
						},
						"0.6667": {
							"post": [-12.5, 0, 0],
							"lerp_mode": "catmullrom"
						},
						"0.875": {
							"post": [0, 0, 0],
							"lerp_mode": "catmullrom"
						}
					}
				}
			}
		},
		"animation.icelion_pup.special": {
			"animation_length": 1,
			"bones": {
				"torso": {
					"rotation": {
						"0.0": {
							"post": [0, 0, 0],
							"lerp_mode": "catmullrom"
						},
						"0.125": {
							"post": [7.5, 0, 0],
							"lerp_mode": "catmullrom"
						},
						"0.6667": {
							"post": [-10, 0, 0],
							"lerp_mode": "catmullrom"
						},
						"1.0": {
							"post": [0, 0, 0],
							"lerp_mode": "catmullrom"
						}
					}
				},
				"head": {
					"rotation": {
						"0.0": {
							"post": [0, 0, 0],
							"lerp_mode": "catmullrom"
						},
						"0.0833": {
							"post": [20, 0, 0],
							"lerp_mode": "catmullrom"
						},
						"0.2083": {
							"post": [12.12154, 0.56846, -2.42872],
							"lerp_mode": "catmullrom"
						},
						"0.2917": {
							"post": [6.11176, 0.24177, 0.31702],
							"lerp_mode": "catmullrom"
						},
						"0.375": {
							"post": [-0.55654, 0.13531, -2.05946],
							"lerp_mode": "catmullrom"
						},
						"0.4583": {
							"post": [-8.23634, 0.43521, 1.01799],
							"lerp_mode": "catmullrom"
						},
						"0.5833": {
							"post": [-17.5, 0, 0],
							"lerp_mode": "catmullrom"
						},
						"1.0": {
							"post": [0, 0, 0],
							"lerp_mode": "catmullrom"
						}
					}
				},
				"jaw": {
					"rotation": {
						"0.0": [0, 0, 0],
						"0.2083": [40, 0, 0],
						"0.75": [50, 0, 0],
						"1.0": [0, 0, 0]
					}
				},
				"tail": {
					"rotation": {
						"0.0": {
							"post": [0, 0, 0],
							"lerp_mode": "catmullrom"
						},
						"0.125": {
							"post": [-19.96466, 0.27652, -0.32065],
							"lerp_mode": "catmullrom"
						},
						"0.625": {
							"post": [21.65966, 1.11618, -3.65821],
							"lerp_mode": "catmullrom"
						},
						"1.0": {
							"post": [0, 0, 0],
							"lerp_mode": "catmullrom"
						}
					}
				},
				"tail2": {
					"rotation": {
						"0.0": {
							"post": [0, 0, 0],
							"lerp_mode": "catmullrom"
						},
						"0.0833": {
							"post": [12.5, 0, 0],
							"lerp_mode": "catmullrom"
						},
						"0.1667": {
							"post": [5, 0, 0],
							"lerp_mode": "catmullrom"
						},
						"0.3333": {
							"post": [-2.5, 0, 0],
							"lerp_mode": "catmullrom"
						},
						"0.5": {
							"post": [-5, 0, 0],
							"lerp_mode": "catmullrom"
						},
						"0.625": {
							"post": [15, 0, 0],
							"lerp_mode": "catmullrom"
						},
						"0.7917": {
							"post": [20, 0, 0],
							"lerp_mode": "catmullrom"
						},
						"1.0": {
							"post": [0, 0, 0],
							"lerp_mode": "catmullrom"
						}
					}
				},
				"tail4": {
					"rotation": {
						"0.0": {
							"post": [0, 0, 0],
							"lerp_mode": "catmullrom"
						},
						"0.1667": {
							"post": [10, 0, 0],
							"lerp_mode": "catmullrom"
						},
						"0.3333": {
							"post": [-12.5, 0, 0],
							"lerp_mode": "catmullrom"
						},
						"0.5417": {
							"post": [-15, 0, 0],
							"lerp_mode": "catmullrom"
						},
						"0.7083": {
							"post": [-2.5, 0, 0],
							"lerp_mode": "catmullrom"
						},
						"0.875": {
							"post": [29.59568, -1.03406, -2.70976],
							"lerp_mode": "catmullrom"
						},
						"1.0": {
							"post": [0, 0, 0],
							"lerp_mode": "catmullrom"
						}
					}
				},
				"tail5": {
					"rotation": {
						"0.0": {
							"post": [0, 0, 0],
							"lerp_mode": "catmullrom"
						},
						"0.125": {
							"post": [15, 0, 0],
							"lerp_mode": "catmullrom"
						},
						"0.2083": {
							"post": [17.3955, -0.07901, -0.71257],
							"lerp_mode": "catmullrom"
						},
						"0.375": {
							"post": [-13.33228, 1.47825, 7.93605],
							"lerp_mode": "catmullrom"
						},
						"0.5833": {
							"post": [-18.24428, 1.47825, 7.93605],
							"lerp_mode": "catmullrom"
						},
						"0.75": {
							"post": [6.77822, 1.47825, 7.93605],
							"lerp_mode": "catmullrom"
						},
						"0.875": {
							"post": [26.77822, 1.47825, 7.93605],
							"lerp_mode": "catmullrom"
						},
						"1.0": {
							"post": [0, 0, 0],
							"lerp_mode": "catmullrom"
						}
					}
				}
			}
		},
		"animation.icelion_pup.status": {
			"animation_length": 0.7917,
			"bones": {
				"body": {
					"rotation": {
						"0.0": {
							"post": [0, 0, 0],
							"lerp_mode": "catmullrom"
						},
						"0.1667": {
							"post": [0, -30, 0],
							"lerp_mode": "catmullrom"
						},
						"0.625": {
							"post": [0, -30, 0],
							"lerp_mode": "catmullrom"
						},
						"0.7917": {
							"post": [0, 0, 0],
							"lerp_mode": "catmullrom"
						}
					},
					"position": {
						"0.0": {
							"post": [0, 0, 0],
							"lerp_mode": "catmullrom"
						},
						"0.1667": {
							"post": [0, -2, 0],
							"lerp_mode": "catmullrom"
						},
						"0.625": {
							"post": [0, -2, 0],
							"lerp_mode": "catmullrom"
						},
						"0.7917": {
							"post": [0, 0, 0],
							"lerp_mode": "catmullrom"
						}
					}
				},
				"torso": {
					"rotation": {
						"0.0": {
							"post": [0, 0, 0],
							"lerp_mode": "catmullrom"
						},
						"0.5": {
							"post": [-2.5, 0, 0],
							"lerp_mode": "catmullrom"
						},
						"0.7917": {
							"post": [0, 0, 0],
							"lerp_mode": "catmullrom"
						}
					}
				},
				"head": {
					"rotation": {
						"0.0": {
							"post": [0, 0, 0],
							"lerp_mode": "catmullrom"
						},
						"0.125": {
							"post": [0, 20, 0],
							"lerp_mode": "catmullrom"
						},
						"0.5417": {
							"post": [-20, -17.5, 0],
							"lerp_mode": "catmullrom"
						},
						"0.6667": {
							"post": [2.5, -8.75, 0],
							"lerp_mode": "catmullrom"
						},
						"0.7917": {
							"post": [0, 0, 0],
							"lerp_mode": "catmullrom"
						}
					}
				},
				"jaw": {
					"rotation": {
						"0.0": [0, 0, 0],
						"0.2083": [25, 0, 0],
						"0.4167": [35, 0, 0],
						"0.7917": [0, 0, 0]
					}
				},
				"tail": {
					"rotation": {
						"0.0": {
							"post": [0, 0, 0],
							"lerp_mode": "catmullrom"
						},
						"0.1667": {
							"post": [16.74642, 10.66714, 0],
							"lerp_mode": "catmullrom"
						},
						"0.2917": {
							"post": [0, -15, 0],
							"lerp_mode": "catmullrom"
						},
						"0.625": {
							"post": [9.52576, -15, 0],
							"lerp_mode": "catmullrom"
						},
						"0.7917": {
							"post": [0, 0, 0],
							"lerp_mode": "catmullrom"
						}
					}
				},
				"tail2": {
					"rotation": {
						"0.0": {
							"post": [0, 0, 0],
							"lerp_mode": "catmullrom"
						},
						"0.1667": {
							"post": [0, 25, 0],
							"lerp_mode": "catmullrom"
						},
						"0.2917": {
							"post": [0, 17.5, 0],
							"lerp_mode": "catmullrom"
						},
						"0.375": {
							"post": [0, -22.5, 0],
							"lerp_mode": "catmullrom"
						},
						"0.7083": {
							"post": [0, -25, 0],
							"lerp_mode": "catmullrom"
						},
						"0.7917": {
							"post": [0, 0, 0],
							"lerp_mode": "catmullrom"
						}
					}
				},
				"tail3": {
					"rotation": {
						"0.0": {
							"post": [0, 0, 0],
							"lerp_mode": "catmullrom"
						},
						"0.0833": {
							"post": [0, 25, 0],
							"lerp_mode": "catmullrom"
						},
						"0.25": {
							"post": [0, 27.5, 0],
							"lerp_mode": "catmullrom"
						},
						"0.4167": {
							"post": [0, 2.5, 0],
							"lerp_mode": "catmullrom"
						},
						"0.5833": {
							"post": [0, -25, 0],
							"lerp_mode": "catmullrom"
						},
						"0.7917": {
							"post": [0, 0, 0],
							"lerp_mode": "catmullrom"
						}
					}
				},
				"tail4": {
					"rotation": {
						"0.0": {
							"post": [0, 0, 0],
							"lerp_mode": "catmullrom"
						},
						"0.1667": {
							"post": [4.59207, 16.5943, 11.71908],
							"lerp_mode": "catmullrom"
						},
						"0.3333": {
							"post": [4.92083, 26.56008, 12.60965],
							"lerp_mode": "catmullrom"
						},
						"0.5": {
							"post": [4.41193, 4.13255, 10.7236],
							"lerp_mode": "catmullrom"
						},
						"0.6667": {
							"post": [5.12234, -30.75436, 7.78051],
							"lerp_mode": "catmullrom"
						},
						"0.7917": {
							"post": [0, 0, 0],
							"lerp_mode": "catmullrom"
						}
					}
				},
				"tail5": {
					"rotation": {
						"0.0": {
							"post": [0, 0, 0],
							"lerp_mode": "catmullrom"
						},
						"0.125": {
							"post": [0, -12.5, 0],
							"lerp_mode": "catmullrom"
						},
						"0.2083": {
							"post": [0, 40, 0],
							"lerp_mode": "catmullrom"
						},
						"0.375": {
							"post": [0, 40, 0],
							"lerp_mode": "catmullrom"
						},
						"0.5417": {
							"post": [0, 17.5, 0],
							"lerp_mode": "catmullrom"
						},
						"0.7083": {
							"post": [0, -42.5, 0],
							"lerp_mode": "catmullrom"
						},
						"0.7917": {
							"post": [0, 0, 0],
							"lerp_mode": "catmullrom"
						}
					}
				},
				"rightfrontleg": {
					"rotation": {
						"0.0": {
							"post": [0, 0, 0],
							"lerp_mode": "catmullrom"
						},
						"0.1667": {
							"post": [4.24211, -0.01113, 8.61205],
							"lerp_mode": "catmullrom"
						},
						"0.625": {
							"post": [4.24211, -0.01113, 8.61205],
							"lerp_mode": "catmullrom"
						},
						"0.7917": {
							"post": [0, 0, 0],
							"lerp_mode": "catmullrom"
						}
					}
				},
				"rightbackleg": {
					"rotation": {
						"0.0": {
							"post": [0, 0, 0],
							"lerp_mode": "catmullrom"
						},
						"0.1667": {
							"post": [4.04547, -0.53217, -6.75005],
							"lerp_mode": "catmullrom"
						},
						"0.625": {
							"post": [4.04547, -0.53217, -6.75005],
							"lerp_mode": "catmullrom"
						},
						"0.7917": {
							"post": [0, 0, 0],
							"lerp_mode": "catmullrom"
						}
					}
				},
				"leftbackleg": {
					"rotation": {
						"0.0": {
							"post": [0, 0, 0],
							"lerp_mode": "catmullrom"
						},
						"0.625": {
							"post": [0, 0, 0],
							"lerp_mode": "catmullrom"
						},
						"0.7917": {
							"post": [0, 0, 0],
							"lerp_mode": "catmullrom"
						}
					}
				},
				"leftfrontleg": {
					"rotation": {
						"0.0": {
							"post": [0, 0, 0],
							"lerp_mode": "catmullrom"
						},
						"0.2083": {
							"post": [-35, 0, 0],
							"lerp_mode": "catmullrom"
						},
						"0.625": {
							"post": [-34.89799, -2.85513, -4.08441],
							"lerp_mode": "catmullrom"
						},
						"0.7917": {
							"post": [0, 0, 0],
							"lerp_mode": "catmullrom"
						}
					}
				},
				"leftfrontknee": {
					"rotation": {
						"0.0": {
							"post": [0, 0, 0],
							"lerp_mode": "catmullrom"
						},
						"0.2083": {
							"post": [-45, 0, 0],
							"lerp_mode": "catmullrom"
						},
						"0.625": {
							"post": [-45, 0, 0],
							"lerp_mode": "catmullrom"
						},
						"0.7917": {
							"post": [0, 0, 0],
							"lerp_mode": "catmullrom"
						}
					}
				},
				"rightfrontpaw": {
					"rotation": {
						"0.0": {
							"post": [0, 0, 0],
							"lerp_mode": "catmullrom"
						},
						"0.2083": {
							"post": [-22.5, 0, 0],
							"lerp_mode": "catmullrom"
						},
						"0.625": {
							"post": [-22.5, 0, 0],
							"lerp_mode": "catmullrom"
						},
						"0.7917": {
							"post": [0, 0, 0],
							"lerp_mode": "catmullrom"
						}
					}
				},
				"leftfrontpaw": {
					"rotation": {
						"0.0": {
							"post": [0, 0, 0],
							"lerp_mode": "catmullrom"
						},
						"0.2083": {
							"post": [45, 0, 0],
							"lerp_mode": "catmullrom"
						},
						"0.7917": {
							"post": [0, 0, 0],
							"lerp_mode": "catmullrom"
						}
					}
				},
				"eyes": {
					"scale": {
						"0.0": [1, 1, 1],
						"0.0417": [0.8, 1, 0.8],
						"0.7083": [0.8, 1, 0.8],
						"0.7917": [1, 1, 1]
					}
				}
			}
		},
		"animation.icelion_pup.recoil": {
			"animation_length": 0.4583,
			"bones": {
				"torso": {
					"rotation": {
						"0.0": {
							"post": [0, 0, 0],
							"lerp_mode": "catmullrom"
						},
						"0.125": {
							"post": [-7.5, 0, 0],
							"lerp_mode": "catmullrom"
						},
						"0.2917": {
							"post": [5, 0, 0],
							"lerp_mode": "catmullrom"
						},
						"0.375": {
							"post": [0, 0, 0],
							"lerp_mode": "catmullrom"
						}
					}
				},
				"head": {
					"rotation": {
						"0.0": {
							"post": [0, 0, 0],
							"lerp_mode": "catmullrom"
						},
						"0.125": {
							"post": [0, 37.5, 0],
							"lerp_mode": "catmullrom"
						},
						"0.2083": {
							"post": [-15, 8.61111, 0],
							"lerp_mode": "catmullrom"
						},
						"0.2917": {
							"post": [0, -5, 0],
							"lerp_mode": "catmullrom"
						},
						"0.4583": {
							"post": [0, 0, 0],
							"lerp_mode": "catmullrom"
						}
					}
				},
				"jaw": {
					"rotation": {
						"0.0": {
							"post": [0, 0, 0],
							"lerp_mode": "catmullrom"
						},
						"0.125": {
							"post": [20, 0, 0],
							"lerp_mode": "catmullrom"
						},
						"0.2917": {
							"post": [15, 0, 0],
							"lerp_mode": "catmullrom"
						},
						"0.4583": {
							"post": [0, 0, 0],
							"lerp_mode": "catmullrom"
						}
					}
				}
			}
		},
		"animation.icelion_pup.blink": {
			"animation_length": 0.1667,
			"bones": {
				"eyes": {
					"scale": {
						"0.0": [1, 1, 1],
						"0.0417": [0.7, 1, 0.6],
						"0.125": [0.7, 1, 0.6],
						"0.1667": [1, 1, 1]
					}
				}
			}
		},
		"animation.icelion_pup.sleep": {
			"loop": true,
			"bones": {
				"body": {
					"rotation": [-10, 0, 0],
					"position": [0, -6, 0]
				},
				"neck": {
					"rotation": [20, 0, 0]
				},
				"head": {
					"rotation": ["5+math.sin(query.anim_time*90*1)", 0, 0]
				},
				"tail": {
					"rotation": [-1.64305, -30.33579, -30.6858]
				},
				"tail2": {
					"rotation": [2.66022, -19.98015, -0.90956]
				},
				"tail3": {
					"rotation": [0, -35, 0]
				},
				"tail4": {
					"rotation": ["29.5202+math.sin(query.anim_time*90*2)*5", -46.04179, -22.17599]
				},
				"tail5": {
					"rotation": ["0+math.sin(query.anim_time*90*2-60)*5", -42.5, 0]
				},
				"rightfrontleg": {
					"rotation": [22.5, 0, 0]
				},
				"rightbackleg": {
					"rotation": [-41.15088, 11.72145, 13.0867]
				},
				"leftbackleg": {
					"rotation": [-34.0123, -10.07026, -11.17505]
				},
				"leftfrontleg": {
					"rotation": [32.5, 0, 0]
				},
				"leftfrontknee": {
					"rotation": [-62.5, 0, 0]
				},
				"leftbackknee": {
					"rotation": [7.5, 0, 0]
				},
				"rightfrontknee": {
					"rotation": [-65, 0, 0]
				},
				"rightbackknee": {
					"rotation": [10, 0, 0]
				},
				"rightbackankle": {
					"rotation": [-12.5, 0, 0]
				},
				"leftbackankle": {
					"rotation": [-30, 0, 0]
				},
				"eyes": {
					"scale": [0.8, 1, 0.9]
				}
			}
		}
	}
}