{
	"format_version": "1.12.0",
	"minecraft:geometry": [
		{
			"description": {
				"identifier": "geometry.reita",
				"texture_width": 64,
				"texture_height": 64,
				"visible_bounds_width": 3,
				"visible_bounds_height": 2.5,
				"visible_bounds_offset": [0, 0.75, 0]
			},
			"bones": [
				{
					"name": "reita",
					"pivot": [0, 0, 0]
				},
				{
					"name": "body",
					"parent": "reita",
					"pivot": [0, 8.95, 0],
					"cubes": [
						{"origin": [-2, 8.2, -1.5], "size": [4, 4, 3], "uv": [17, 13]},
						{"origin": [-1.5, 7.2, -1.5], "size": [3, 1, 3], "uv": [0, 21]}
					]
				},
				{
					"name": "atfield1",
					"parent": "body",
					"pivot": [0, 11.5, 0],
					"cubes": [
						{"origin": [-7, 2, -0.05], "size": [14, 19, 0], "uv": [36, 45]}
					]
				},
				{
					"name": "atfield2",
					"parent": "body",
					"pivot": [-0.05, 11, 0],
					"cubes": [
						{"origin": [-9.05, -0.5, 0], "size": [18, 23, 0], "uv": [0, 41]}
					]
				},
				{
					"name": "head",
					"parent": "body",
					"pivot": [0.0573, 11.61481, 0.13308],
					"cubes": [
						{"origin": [1.1, 20.4, -3.59], "size": [2, 2, 0], "pivot": [1.4, 16.4, 0.5], "rotation": [0, 0, -90], "uv": [18, 21]},
						{"origin": [8.3, 20.3, -3.59], "size": [2, 2, 0], "pivot": [8.6, 16.4, 0.5], "rotation": [0, 0, -90], "uv": [9, 21]},
						{"origin": [2.8, 16.4, -3.89], "size": [1, 2, 1], "pivot": [3.3, 17.4, -3.39], "rotation": [6.1191, 21.69365, -73.82646], "uv": [28, 7]},
						{"origin": [-3.8, 16.4, -3.89], "size": [1, 2, 1], "pivot": [-3.3, 17.4, -3.39], "rotation": [6.1191, -21.69365, 73.82646], "uv": [25, 27]},
						{"origin": [1.9, 18.2, -3.59], "size": [3, 2, 0], "pivot": [2, 13.2, 0.5], "rotation": [0, 0, -90], "uv": [0, 4]},
						{"origin": [-8.2, 14, -3.6], "size": [3, 2, 0], "pivot": [-8.1, 9, 0.5], "rotation": [0, 0, 40], "uv": [21, 5]},
						{"origin": [9.9, 18.2, -3.59], "size": [3, 2, 0], "pivot": [10, 13.2, 0.5], "rotation": [0, 0, -90], "uv": [0, 17]},
						{"origin": [-3.5, 12.6, -3.5], "size": [7, 6, 7], "uv": [0, 0]},
						{"origin": [-2.5, 11.6, -3.5], "size": [5, 1, 7], "uv": [0, 13]},
						{"origin": [5.9, 12.2, -3.6], "size": [3, 2, 0], "pivot": [6, 7.2, 0.5], "rotation": [0, 0, -40], "uv": [26, 20]},
						{"origin": [-0.4, 12.3, -3.41], "size": [1, 1, 0], "pivot": [0.6, 12.8, -3.41], "rotation": [-18, 0, 0], "uv": [35, 0]},
						{"origin": [-2.25, 16.35, -3.41], "size": [2, 1, 0], "pivot": [-1.25, 16.85, -3.41], "rotation": [-18, 0, -5], "uv": [39, 15]},
						{"origin": [0.25, 16.35, -3.41], "size": [2, 1, 0], "pivot": [1.25, 16.85, -3.41], "rotation": [18, 0, -175], "uv": [39, 15]}
					]
				},
				{
					"name": "eyes",
					"parent": "head",
					"pivot": [0.00833, 14.70833, -3.56167],
					"cubes": [
						{"origin": [-2.5, 13.3, -3.52], "size": [2, 2, 0], "uv": [35, 16]},
						{"origin": [0.5, 13.3, -3.52], "size": [2, 2, 0], "uv": [35, 16]},
						{"origin": [-3, 13.3, -3.51], "size": [2, 2, 0], "uv": [35, 11]},
						{"origin": [1, 13.3, -3.51], "size": [2, 2, 0], "uv": [35, 11]},
						{"origin": [0.4, 15.2, -3.61], "size": [3, 1, 0], "pivot": [-0.6, 15.7, -3.61], "rotation": [-18, 0, 0], "uv": [41, 11]},
						{"origin": [2.9, 14.5, -3.61], "size": [1, 1, 0], "pivot": [1.9, 15, -3.61], "rotation": [2, 0, 0], "uv": [41, 11]},
						{"origin": [-1.5, 13.3, -3.51], "size": [1, 1, 0], "pivot": [-2.5, 13.8, -3.51], "rotation": [-6, 0, 0], "uv": [41, 11]},
						{"origin": [1.5, 13.3, -3.51], "size": [1, 1, 0], "pivot": [-2.5, 13.8, -3.51], "rotation": [-6, 0, 0], "uv": [41, 11]},
						{"origin": [0.5, 14.5, -3.61], "size": [1, 1, 0], "pivot": [-0.5, 15, -3.61], "rotation": [2, 0, 0], "uv": [43, 14]},
						{"origin": [-2.5, 14.5, -3.61], "size": [1, 1, 0], "pivot": [-3.5, 15, -3.61], "rotation": [2, 0, 0], "uv": [43, 14]},
						{"origin": [-3.9, 14.5, -3.61], "size": [1, 1, 0], "pivot": [-4.9, 15, -3.61], "rotation": [2, 0, 0], "uv": [41, 11]},
						{"origin": [-3.3, 15.2, -3.61], "size": [3, 1, 0], "pivot": [-4.3, 15.7, -3.61], "rotation": [-18, 0, 0], "uv": [41, 11]}
					]
				},
				{
					"name": "leftarm",
					"parent": "body",
					"pivot": [2.1059, 11, 0],
					"cubes": [
						{"origin": [1, 8.7, -1], "size": [2, 2, 2], "pivot": [3.75, 9.7, 0], "rotation": [0, 0, 25], "uv": [0, 25]},
						{"origin": [3, 8.85, -1], "size": [1, 2, 2], "pivot": [3.75, 9.7, 0], "rotation": [0, 0, 25], "uv": [27, 3]},
						{"origin": [4, 8.7, -1], "size": [1, 2, 2], "pivot": [3.75, 9.7, 0], "rotation": [0, 0, 25], "uv": [0, 13]}
					]
				},
				{
					"name": "rightarm",
					"parent": "body",
					"pivot": [-2.10593, 11, 0],
					"cubes": [
						{"origin": [-2.9, 8.2, -1], "size": [2, 2, 2], "pivot": [-4.85, 9.2, 0], "rotation": [0, 0, -25], "uv": [20, 21]},
						{"origin": [-3.66577, 7.29345, -1], "size": [1, 2, 2], "pivot": [-7.11577, 8.14345, 0], "rotation": [0, 0, -25], "uv": [26, 23]},
						{"origin": [-4.9, 8.2, -1], "size": [1, 2, 2], "pivot": [-4.85, 9.2, 0], "rotation": [0, 0, -25], "uv": [0, 0]}
					]
				},
				{
					"name": "leftleg",
					"parent": "body",
					"pivot": [1.25, 8, -0.05],
					"cubes": [
						{"origin": [0.1, 5.2, -1], "size": [2, 3, 2], "pivot": [-0.4, 1.3, 0.9], "rotation": [0, 0, 1.5], "uv": [12, 21]}
					]
				},
				{
					"name": "leftfoot",
					"parent": "leftleg",
					"pivot": [1.2, 5, -0.1],
					"cubes": [
						{"origin": [0.2, 4.2, -1.1], "size": [2, 1, 2], "uv": [18, 25]}
					]
				},
				{
					"name": "rightleg",
					"parent": "body",
					"pivot": [-1.25, 8, -0.05],
					"cubes": [
						{"origin": [-2.1, 5.1, -1], "size": [2, 3, 2], "pivot": [-2.6, 1, 0.9], "rotation": [0, 0, -1.5], "uv": [21, 0]}
					]
				},
				{
					"name": "rightfoot",
					"parent": "rightleg",
					"pivot": [-1.2, 5, -0.1],
					"cubes": [
						{"origin": [-2.2, 4.2, -1.1], "size": [2, 1, 2], "uv": [8, 26]}
					]
				}
			]
		}
	]
}