{
	"format_version": "1.12.0",
	"minecraft:geometry": [
		{
			"description": {
				"identifier": "geometry.goom",
				"texture_width": 32,
				"texture_height": 32,
				"visible_bounds_width": 2,
				"visible_bounds_height": 1.5,
				"visible_bounds_offset": [0, 0.25, 0]
			},
			"bones": [
				{
					"name": "goom",
					"pivot": [0, 0, 0]
				},
				{
					"name": "body",
					"parent": "goom",
					"pivot": [0, -2.9, 0],
					"cubes": [
						{"origin": [-1.5, 0.775, -1.5], "size": [3, 3, 3], "uv": [16, 15]}
					]
				},
				{
					"name": "head",
					"parent": "body",
					"pivot": [1.7, 3.925, -3.25],
					"cubes": [
						{"origin": [-3, 2.825, -3], "size": [6, 2, 6], "uv": [0, 0]},
						{"origin": [-3.5, 4.425, -3.05], "size": [3, 2, 0], "pivot": [0.5, 2.425, -0.05], "rotation": [0, 0, 5], "uv": [18, 4]},
						{"origin": [0.5, 4.425, -3.05], "size": [3, 2, 0], "pivot": [-0.5, 2.425, -0.05], "rotation": [0, 0, -5], "uv": [12, 15]},
						{"origin": [-2.5, 4, -2.5], "size": [5, 2, 5], "uv": [0, 8]},
						{"origin": [-2, 5.775, -2], "size": [4, 1, 4], "uv": [0, 15]}
					]
				},
				{
					"name": "lefteyebrow",
					"parent": "head",
					"pivot": [1.3, 6, -3.075],
					"cubes": [
						{"origin": [0.05, 6, -3.075], "size": [3, 1, 0], "pivot": [1.55, 6.5, -3.075], "rotation": [0, 0, -17.5], "uv": [12, 17]}
					]
				},
				{
					"name": "righteyebrow",
					"parent": "head",
					"pivot": [-1.3, 6, -3.075],
					"cubes": [
						{"origin": [-3.05, 6, -3.075], "size": [3, 1, 0], "pivot": [-1.55, 6.5, -3.075], "rotation": [0, 0, 17.5], "uv": [15, 12]}
					]
				},
				{
					"name": "jaw",
					"parent": "head",
					"pivot": [0, 2.925, -2.85],
					"rotation": [-7.5, 0, 0],
					"cubes": [
						{"origin": [-2.125, 3.4, -3.25], "size": [1, 1, 0], "pivot": [-1.7, 3.95, -3.25], "rotation": [20.60502, -19.38818, 41.44282], "uv": [0, 0], "mirror": true},
						{"origin": [1.125, 3.4, -3.25], "size": [1, 1, 0], "pivot": [1.7, 3.95, -3.25], "rotation": [20.60502, 19.38818, -41.44282], "uv": [0, 1], "mirror": true},
						{"origin": [-2.5, 2.925, -3.015], "size": [5, 1, 1], "pivot": [0, 2.925, -2.85], "rotation": [28, 0, 0], "uv": [15, 8], "mirror": true}
					]
				},
				{
					"name": "rightleg",
					"parent": "body",
					"pivot": [-2.975, -3.675, 0],
					"cubes": [
						{"origin": [-2.975, 0, -1], "size": [1, 2, 2], "uv": [0, 0]}
					]
				},
				{
					"name": "rightfoot",
					"parent": "rightleg",
					"pivot": [-1.475, 1.325, 0],
					"cubes": [
						{"origin": [-2.475, 0.825, -0.5], "size": [2, 1, 1], "pivot": [-1.475, 1.325, 0], "rotation": [-1.7251, 4.15683, -22.56261], "uv": [0, 4]}
					]
				},
				{
					"name": "leftleg",
					"parent": "body",
					"pivot": [1.475, 1.325, 0],
					"cubes": [
						{"origin": [0.475, 0.825, -0.5], "size": [2, 1, 1], "pivot": [1.475, 1.325, 0], "rotation": [-1.7251, -4.15683, 22.56261], "uv": [15, 10]}
					]
				},
				{
					"name": "leftfoot",
					"parent": "leftleg",
					"pivot": [2.975, -3.675, 0],
					"cubes": [
						{"origin": [1.975, 0, -1], "size": [1, 2, 2], "uv": [18, 0]}
					]
				}
			]
		}
	]
}