{
	"format_version": "1.12.0",
	"minecraft:geometry": [
		{
			"description": {
				"identifier": "geometry.kricketot_male",
				"texture_width": 64,
				"texture_height": 64,
				"visible_bounds_width": 2,
				"visible_bounds_height": 2.5,
				"visible_bounds_offset": [0, 0.75, 0]
			},
			"bones": [
				{
					"name": "kricketot",
					"pivot": [0, 0, 0]
				},
				{
					"name": "body",
					"parent": "kricketot",
					"pivot": [0, 5, 0]
				},
				{
					"name": "torso",
					"parent": "body",
					"pivot": [0, 10, 0],
					"rotation": [0, 0, -180],
					"cubes": [
						{"origin": [-3, 15, -2], "size": [6, 4, 5], "uv": [24, 15]}
					]
				},
				{
					"name": "foot_right",
					"parent": "torso",
					"pivot": [-1.25, 20, 0],
					"rotation": [0, 180, 0],
					"cubes": [
						{"origin": [-2.25, 19, -2], "size": [2, 1, 3], "uv": [0, 0]}
					]
				},
				{
					"name": "foot_left",
					"parent": "torso",
					"pivot": [1.25, 20, 0],
					"rotation": [0, 180, 0],
					"cubes": [
						{"origin": [0.25, 19, -2], "size": [2, 1, 3], "uv": [0, 4]}
					]
				},
				{
					"name": "head",
					"parent": "torso",
					"pivot": [0, 15, 0],
					"cubes": [
						{"origin": [-3.5, 10, -3], "size": [7, 6, 7], "uv": [0, 20]}
					]
				},
				{
					"name": "antenna_left",
					"parent": "head",
					"pivot": [2, 9, -3.1],
					"rotation": [0, 0, 92.5],
					"cubes": [
						{"origin": [0.75, 7, -2.1], "size": [6, 7, 0], "uv": [0, 33]}
					]
				},
				{
					"name": "antenna_right",
					"parent": "head",
					"pivot": [-2, 9, -3.1],
					"rotation": [0, 0, -92.5],
					"cubes": [
						{"origin": [-6.75, 7, -2.1], "size": [6, 7, 0], "uv": [28, 26]}
					]
				},
				{
					"name": "eye_left",
					"parent": "head",
					"pivot": [2.25, 12, -2.51],
					"cubes": [
						{"origin": [1.75, 11, -3.01], "size": [1, 2, 1], "uv": [3, 22]}
					]
				},
				{
					"name": "eyelid_left",
					"parent": "eye_left",
					"pivot": [2.25, 12, -2.41],
					"cubes": [
						{"origin": [1.75, 11, -2.91], "size": [1, 2, 1], "inflate": 0.01, "uv": [0, 20]}
					]
				},
				{
					"name": "eye_right",
					"parent": "head",
					"pivot": [-2.25, 12, -2.51],
					"cubes": [
						{"origin": [-2.75, 11, -3.01], "size": [1, 2, 1], "uv": [7, 4]}
					]
				},
				{
					"name": "eyelid_right",
					"parent": "eye_right",
					"pivot": [-2.25, 12, -2.51],
					"cubes": [
						{"origin": [-2.75, 11, -2.91], "size": [1, 2, 1], "inflate": 0.01, "uv": [7, 0]}
					]
				},
				{
					"name": "hand_right",
					"parent": "torso",
					"pivot": [-2.25, 12, -3],
					"cubes": [
						{"origin": [-4.25, 15, -4], "size": [2, 2, 2], "uv": [0, 12]}
					]
				},
				{
					"name": "hand_left",
					"parent": "torso",
					"pivot": [2.25, 12, -3],
					"cubes": [
						{"origin": [2.25, 15, -4], "size": [2, 2, 2], "uv": [0, 8]}
					]
				}
			]
		}
	]
}