{
	"format_version": "1.12.0",
	"minecraft:geometry": [
		{
			"description": {
				"identifier": "geometry.banshelor",
				"texture_width": 128,
				"texture_height": 128,
				"visible_bounds_width": 2,
				"visible_bounds_height": 3.5,
				"visible_bounds_offset": [0, 1.25, 0]
			},
			"bones": [
				{
					"name": "banshelor",
					"pivot": [0, 0, 0]
				},
				{
					"name": "bone",
					"parent": "banshelor",
					"pivot": [0, 0, 0]
				},
				{
					"name": "puddle",
					"parent": "bone",
					"pivot": [0, 0.1, -2.5],
					"cubes": [
						{"origin": [-6, 0.1, -3], "size": [12, 0, 11], "uv": [76, 25]}
					]
				},
				{
					"name": "body",
					"parent": "bone",
					"pivot": [0, 0, 0],
					"cubes": [
						{"origin": [-1, 0, -1], "size": [2, 20, 2], "uv": [6, 5]}
					]
				},
				{
					"name": "neck",
					"parent": "body",
					"pivot": [0, 20, 0],
					"cubes": [
						{"origin": [-1, 24, -1], "size": [2, 5, 2], "uv": [6, 5]},
						{"origin": [-2, 20, -2], "size": [4, 4, 4], "uv": [24, 12]}
					]
				},
				{
					"name": "head",
					"parent": "neck",
					"pivot": [0, 29, 0],
					"cubes": [
						{"origin": [-4, 29, -4], "size": [8, 8, 8], "uv": [48, 16]}
					]
				},
				{
					"name": "bone5",
					"parent": "head",
					"pivot": [0, 37, 4],
					"rotation": [5, 0, 0],
					"cubes": [
						{"origin": [-7, 3, 4], "size": [14, 34, 0], "uv": [23, 49]}
					]
				}
			]
		}
	]
}