{
  "portraitScale": 2.109,
  "portraitTranslation": [0.030, 0.539, 0],
  "profileScale": 0.75,
  "profileTranslation": [0.09, 0.59, 0],
  "animations": {
      "cry": "q.bedrock_stateful('simisage', 'cry')",
      "faint": "q.bedrock_primary('simisage', 'faint', q.curve('one'))",
      "recoil": "q.bedrock_stateful('simisage', 'recoil')",
      "physical": "q.bedrock_primary('simisage', 'physical')",
      "special": "q.bedrock_primary('simisage', 'special')",
      "status": "q.bedrock_primary('simisage', 'status', q.curve('symmetrical_wide'))"
},
  "poses": {
      "battle-standing": {
      "poseTypes": ["STAND", "WALK"],
      "isBattle": true,
      "animations": [
      		"q.look('head')",
		"q.bedrock('simisage', 'battle_idle')"
      ],
      "quirks": [
        "q.bedrock_quirk('simisage', 'blink')"
      ]
    },
    "standing": {
      "poseTypes": ["STAND", "NONE", "PORTRAIT", "PROFILE"],
      "isBattle": false,
      "animations": [
      		"q.look('head')",
		"q.bedrock('simisage', 'ground_idle')"
      ],
      "quirks": [
        "q.bedrock_quirk('simisage', 'blink')"
      ]
    },
    "walking": {
      "poseTypes": ["WALK"],
      "animations": [
      	"q.look('head')",
        "q.bedrock('simisage', 'ground_walk')"
      ]
    },
    "sleeping": {
     "poseTypes": ["SLEEP"],
     "animations": ["q.bedrock('simisage', 'sleep')"]
   }
  }
}
