{
	"format_version": "1.12.0",
	"minecraft:geometry": [
		{
			"description": {
				"identifier": "geometry.shoggroll",
				"texture_width": 64,
				"texture_height": 64,
				"visible_bounds_width": 2,
				"visible_bounds_height": 2.5,
				"visible_bounds_offset": [0, 0.75, 0]
			},
			"bones": [
				{
					"name": "shoggroll",
					"pivot": [0, 0, 0]
				},
				{
					"name": "body",
					"parent": "shoggroll",
					"pivot": [0, 0, 0]
				},
				{
					"name": "torso",
					"parent": "body",
					"pivot": [-0.5, 1.75, -1],
					"cubes": [
						{"origin": [-4, 0, -5], "size": [6, 2, 6], "uv": [0, 11]},
						{"origin": [-3, 0, -3], "size": [6, 5, 6], "pivot": [0, 2.5, 0], "rotation": [0, -12.5, 0], "uv": [0, 0]}
					]
				},
				{
					"name": "tentacle",
					"parent": "torso",
					"pivot": [2.5, 3.25, 0.5],
					"cubes": [
						{"origin": [2.5, 1.75, -1], "size": [6, 3, 3], "uv": [24, 0]}
					]
				},
				{
					"name": "midtacle",
					"parent": "tentacle",
					"pivot": [8.5, 3.25, 0.5],
					"cubes": [
						{"origin": [8.5, 2.25, -0.5], "size": [6, 2, 2], "uv": [24, 15]}
					]
				},
				{
					"name": "lowtacle",
					"parent": "midtacle",
					"pivot": [14.5, 3.25, 0.5],
					"cubes": [
						{"origin": [14.5, 2.75, 0], "size": [6, 1, 1], "uv": [34, 27]}
					]
				},
				{
					"name": "neck",
					"parent": "torso",
					"pivot": [0, 5, -0.5],
					"cubes": [
						{"origin": [-2, 5, -2], "size": [4, 4, 3], "uv": [0, 31]}
					]
				},
				{
					"name": "head",
					"parent": "neck",
					"pivot": [-0.00355, 7.5, -0.39645],
					"cubes": [
						{"origin": [-2.65, 7.5, -5.25], "size": [5, 3, 5], "pivot": [0.35, 7.5, -2.75], "rotation": [0, 45, 0], "uv": [20, 19]}
					]
				},
				{
					"name": "bwain",
					"parent": "head",
					"pivot": [0, 9.311, -1.19658],
					"cubes": [
						{"origin": [-2.5, 7, -3], "size": [5, 7, 5], "pivot": [0.5, 8.5, 0], "rotation": [-60, 0, 0], "uv": [0, 19]},
						{"origin": [-7.5, 8, 0], "size": [7, 9, 0], "pivot": [0.5, 8.5, 0], "rotation": [-60, 0, 0], "uv": [24, 6]},
						{"origin": [0.5, 8, 0], "size": [7, 9, 0], "pivot": [-0.5, 8.5, 0], "rotation": [-60, 0, 0], "uv": [20, 27]}
					]
				},
				{
					"name": "eyes",
					"parent": "head",
					"pivot": [-0.00355, 7.5, -0.39645],
					"cubes": [
						{"origin": [-2.35, 8.5, -4.5], "size": [0, 1, 3], "pivot": [-0.35, 7.5, -3], "rotation": [0, -45, 0], "uv": [0, 35], "mirror": true},
						{"origin": [2.35, 8.5, -4.5], "size": [0, 1, 3], "pivot": [0.35, 7.5, -3], "rotation": [0, 45, 0], "uv": [0, 35]}
					]
				}
			]
		}
	]
}