{
  "implemented": true,
  "name": "ancientgale",
  "nationalPokedexNumber": 9912,
  "primaryType": "flying",
  "secondaryType": "dragon",
  "abilities": [
    "protosynthesis"
  ],
  "drops": {
    "amount": 2,
    "entries": [
      {
        "item": "minecraft:feather",
        "quantityRange": "10-15"
      },
      {
        "item": "cobblemon:starf_berry",
        "percentage": 10
      }
    ]
  },
  "baseStats": {
    "hp": 97,
    "attack": 101,
    "defence": 85,
    "special_attack": 103,
    "special_defence": 91,
    "speed": 113
  },
  "catchRate": 10,
  "maleRatio": -1,
  "shoulderMountable": false,
  "baseExperienceYield": 169,
  "experienceGroup": "slow",
  "eggCycles": 20,
  "eggGroups": [
    "undiscovered"
  ],
  "moves": [
    "1:defog",
    "1:airslash",
    "4:dragonrage",
    "8:dragontail",
    "12:lightscreen",
    "16:icywind",
    "20:featherdance",
    "24:playrough",
    "28:nastyplot",
    "32:teeterdance",
    "36:leafstorm",
    "40:dragondance",
    "44:calmmind",
    "48:aeroblast",
    "52:dragonpulse",
    "56:tailwind",
    "60:hurricane",
    "64:dracometeor",
    "68:bleakwindstorm",
    "74:recover",
    "82:weatherball",
    "tm:blizzard",
    "tm:sunnyday",
    "tm:acrobatics",
    "tm:snowscape",
    "tm:rest",
    "tm:sandstorm",
    "tm:heatwave",
    "tm:sludgebomb",
    "tm:sludgewave",
    "tm:crunch",
    "tm:fly",
    "tm:reflect",
    "tm:bulkup",
    "tm:substitute",
    "tm:toxic",
    "tm:futuresight", 
    "tm:thief",
    "tm:uturn",
    "tm:reversal",
    "tm:protect",
    "tm:icebeam",
    "tm:terablast" ],
  "labels": [
    "gen9"
  ],
  "pokedex": [
    "Ancient Gale, seemingly connected to the pokemon Tornadus, it is believed to be a ancient deity or guardian of dense forests"
  ],
  "baseFriendship": 50,
  "evYield": {
    "hp": 0,
    "attack": 0,
    "defence": 0,
    "special_attack": 1,
    "special_defence": 0,
    "speed": 2
  },
  "height": 4.5,
  "weight": 252,
  "aspects": [],
  "cannotDynamax": false,
  "hitbox": {
    "width": 3,
    "height": 4.5,
    "fixed": false
  },
  "behaviour": {
    "moving": {
      "canLook": true,
      "walk": {
        "walkSpeed": 0.32
      },
      "fly": {
        "canFly": true
      }
    }
  }
}
