{
  "implemented": true,
  "name": "crimsonveil",
  "nationalPokedexNumber": 9903,
  "primaryType": "dark",
  "secondaryType": "ghost",
  "abilities": [
    "protosynthesis"
  ],
  "drops": {
    "amount": 2,
    "entries": [
      {
        "item": "cobblemon:reaper_cloth",
        "quantityRange": "1"
      },
      {
        "item": "cobblemon:starf_berry",
        "percentage": 10
      }
    ]
  },
  "baseStats": {
    "hp": 90,
    "attack": 130,
    "defence": 115,
    "special_attack": 60,
    "special_defence": 80,
    "speed": 115
  },
  "catchRate": 10,
  "maleRatio": -1,
  "shoulderMountable": false,
  "baseExperienceYield": 169,
  "experienceGroup": "slow",
  "eggCycles": 20,
  "eggGroups": [
    "undiscovered"
  ],
  "moves": [
    "1:grudge",
    "1:phantomforce",
    "1:shadowsneak",
    "8:dragontail",
    "16:torment",
    "20:knockoff",
    "28:nightslash",
    "32:shadowclaw",
    "36:hypnosis",
    "40:nightmare",
    "44:crushclaw",
    "48:punishment",
    "52:brutalswing",
    "59:shadowforce",
    "64:outrage",
    "71:lastrespects",
    "78:destinybond",
    "tm:defog",
    "tm:meanlook",
    "tm:dragondance",
    "tm:mist",
    "tm:nightshade",
    "tm:wilowisp",
    "tm:beatup",
    "tm:shadowball",
    "tm:nastyplot",
    "tm:protect",
    "tm:darkestlariat",
    "tm:disable",
    "tm:haze",
    "tm:hex",
    "tm:frustration",
    "tm:dreameater",
    "tm:revenge",
    "tm:wakeupslap",
    "tm:swagger",
    "tm:spite",
    "tm:poltergeist"  ],
  "labels": [
    "gen9"
  ],
  "pokedex": [
    "Said to haunt even the most legendary pokemon, this nightmare fuel pokemon is rarely ever seen in person."
  ],
  "baseFriendship": 50,
  "evYield": {
    "hp": 0,
    "attack": 2,
    "defence": 0,
    "special_attack": 0,
    "special_defence": 0,
    "speed": 0
  },
  "height": 3,
  "weight": 265,
  "aspects": [],
  "cannotDynamax": false,
  "hitbox": {
    "width": 1.3,
    "height": 3.3,
    "fixed": false
  }
}
