{
  "implemented": true,
  "name": "feralwish",
  "nationalPokedexNumber": 9907,
  "primaryType": "steel",
  "secondaryType": "dark",
  "abilities": [
    "protosynthesis"
  ],
  "drops": {
    "amount": 2,
    "entries": [
      {
        "item": "cobblemon:star_sweet",
        "quantityRange": "1-3"
      },
      {
        "item": "cobblemon:starf_berry",
        "percentage": 10
      }
    ]
  },
  "baseStats": {
    "hp": 95,
    "attack": 83,
    "defence": 101,
    "special_attack": 137,
    "special_defence": 81,
    "speed": 93
  },
  "catchRate": 10,
  "maleRatio": -1,
  "shoulderMountable": false,
  "baseExperienceYield": 169,
  "experienceGroup": "slow",
  "eggCycles": 20,
  "eggGroups": [
    "undiscovered"
  ],
  "moves": [
    "1:wish",
    "1:swift",
    "4:uturn",
    "8:psychic",
    "12:healingwish",
    "16:triattack",
    "20:doubleslap",
    "24:helpinghand",
    "28:nightdaze",
    "32:fierywrath",
    "36:darkpulse",
    "40:nightshade",
    "44:nastyplot",
    "48:doomdesire",
    "52:knockoff",
    "56:wakeupslap",
    "60:yawn",
    "64:playrough",
    "68:lastresort",
    "74:lifedew",
    "82:weatherball",
    "tm:skillswap",
    "tm:shadowball",
    "tm:aurasphere",
    "tm:doubleteam",
    "tm:rest",
    "tm:faketears",
    "tm:psybeam",
    "tm:confuseray",
    "tm:facade",
    "tm:sleeptalk",
    "tm:snarl",
    "tm:irontail",
    "tm:confusion",
    "tm:futuresight", 
    "tm:dracometeor",
    "tm:steelbeam",
    "tm:protect",
    "tm:psychicnoise",
    "tm:terablast" ],
  "labels": [
    "gen9"
  ],
  "pokedex": [
    "This feral pokemon likes to grant wishes but it has a habit of twisting words to form completely different wishes."
  ],
  "baseFriendship": 50,
  "evYield": {
    "hp": 0,
    "attack": 0,
    "defence": 0,
    "special_attack": 2,
    "special_defence": 0,
    "speed": 0
  },
  "height": 2,
  "weight": 152,
  "aspects": [],
  "cannotDynamax": false,
  "hitbox": {
    "width": 1,
    "height": 1.3,
    "fixed": false
   }
  }
