{
  "implemented": true,
  "name": "irondrone",
  "nationalPokedexNumber": 9904,
  "primaryType": "water",
  "secondaryType": "flying",
  "abilities": [
    "quarkdrive"
  ],
  "drops": {
    "amount": 2,
    "entries": [
      {
        "item": "minecraft:iron_ingot",
        "quantityRange": "10-15"
      },
      {
        "item": "cobblemon:starf_berry",
        "percentage": 10
      }
    ]
  },
  "baseStats": {
    "hp": 86,
    "attack": 72,
    "defence": 96,
    "special_attack": 112,
    "special_defence": 92,
    "speed": 132
  },
  "catchRate": 10,
  "maleRatio": -1,
  "shoulderMountable": false,
  "baseExperienceYield": 169,
  "experienceGroup": "slow",
  "eggCycles": 20,
  "eggGroups": [
    "undiscovered"
  ],
  "moves": [
    "1:defog",
    "1:psychup",
    "4:stickyweb",
    "8:psychic",
    "12:lightscreen",
    "16:icywind",
    "20:raindance",
    "24:aquaring",
    "28:skillswap",
    "32:heartswap",
    "36:takeheart",
    "40:metalsound",
    "44:calmmind",
    "48:substitute",
    "52:chillingwater",
    "56:tailwind",
    "60:hurricane",
    "64:dazzlinggleam",
    "68:hydropump",
    "74:recover",
    "82:weatherball",
    "tm:blizzard",
    "tm:surf",
    "tm:barrier",
    "tm:doubleteam",
    "tm:rest",
    "tm:voltswitch",
    "tm:psybeam",
    "tm:brine",
    "tm:autotomize",
    "tm:airslash",
    "tm:thunderwave",
    "tm:reflect",
    "tm:amnesia",
    "tm:psyshock",
    "tm:confusion",
    "tm:futuresight", 
    "tm:chargebeam",
    "tm:charge",
    "tm:explosion",
    "tm:protect",
    "tm:icebeam",
    "tm:terablast" ],
  "labels": [
    "gen9"
  ],
  "pokedex": [
    "Incredibly friendly but rather cautious, this pokemon is often reported delivering old relics from the seafloor to unsuspecting divers."
  ],
  "baseFriendship": 50,
  "evYield": {
    "hp": 0,
    "attack": 0,
    "defence": 0,
    "special_attack": 0,
    "special_defence": 0,
    "speed": 2
  },
  "height": 2,
  "weight": 152,
  "aspects": [],
  "cannotDynamax": false,
  "hitbox": {
    "width": 1,
    "height": 1.3,
    "fixed": false
  },
  "behaviour": {
    "moving": {
      "canLook": true,
      "walk": {
        "avoidsLand": false,
        "walkSpeed": 0.25
      },
      "swim": {
        "swimSpeed": 0.25,
        "canBreatheUnderwater": true,
        "canSwimInWater": true,
        "canSwimInLava": false
      }
    }
  }
}
