{
  "implemented": true,
  "name": "ironvictory",
  "nationalPokedexNumber": 9901,
  "primaryType": "fairy",
  "secondaryType": "fire",
  "abilities": [
    "quarkdrive"
  ],
  "drops": {
    "amount": 2,
    "entries": [
      {
        "item": "minecraft:magma_cream",
        "quantityRange": "10-15"
      },
      {
        "item": "cobblemon:starf_berry",
        "percentage": 10
      }
    ]
  },
  "baseStats": {
    "hp": 89,
    "attack": 73,
    "defence": 85,
    "special_attack": 135,
    "special_defence": 78,
    "speed": 130
  },
  "catchRate": 90,
  "maleRatio": -1,
  "shoulderMountable": false,
  "baseExperienceYield": 169,
  "experienceGroup": "slow",
  "eggCycles": 20,
  "eggGroups": [
    "undiscovered"
  ],
  "moves": [
    "1:rest",
    "1:vcreate",
    "4:quickattack",
    "8:psychic",
    "12:lightscreen",
    "16:disarmingvoice",
    "20:speedswap",
    "24:agility",
    "28:flamethrower",
    "32:powerswap",
    "36:guardswap",
    "40:metalsound",
    "44:calmmind",
    "48:craftyshield",
    "52:flashcannon",
    "56:moonblast",
    "60:expandingforce",
    "64:mysticalfire",
    "68:telekinesis",
    "72:dazzlinggleam",
    "tm:barrier",
    "tm:blastburn",
    "tm:moonlight",
    "tm:mirrorshot",
    "tm:teleport",
    "tm:boomburst",
    "tm:storedpower",
    "tm:autotomize",
    "tm:psychicterrain",
    "tm:reflect",
    "tm:confusion",
    "tm:overheat"
  ],
  "labels": [
    "gen9"
  ],
  "pokedex": [
    "cobblemon.species.ironvictory.desc"
  ],
  "baseFriendship": 50,
  "evYield": {
    "hp": 0,
    "attack": 0,
    "defence": 0,
    "special_attack": 2,
    "special_defence": 0,
    "speed": 0
  },
  "height": 2,
  "weight": 172,
  "aspects": [],
  "cannotDynamax": false,
  "hitbox": {
    "width": 1,
    "height": 1.3,
    "fixed": false
  }
}
