{
  "implemented": true,
  "name": "ironmirage",
  "nationalPokedexNumber": 9910,
  "primaryType": "fairy",
  "secondaryType": "poison",
  "abilities": [
    "quarkdrive"
  ],
  "drops": {
    "amount": 2,
    "entries": [
      {
        "item": "minecraft:emerald",
        "quantityRange": "2"
      },
      {
        "item": "cobblemon:starf_berry",
        "percentage": 10
      }
    ]
  },
  "baseStats": {
    "hp": 90,
    "attack": 84,
    "defence": 70,
    "special_attack": 140,
    "special_defence": 90,
    "speed": 116
  },
  "catchRate": 10,
  "maleRatio": -1,
  "shoulderMountable": false,
  "baseExperienceYield": 169,
  "experienceGroup": "slow",
  "eggCycles": 20,
  "eggGroups": [
    "undiscovered"
  ],
  "moves": [
    "1:protect",
    "1:toxicspikes",
    "4:fleurcannon",
    "8:mistyterrain",
    "12:moonlight",
    "16:airslash",
    "20:charm",
    "24:psychic",
    "28:playrough",
    "32:glare",
    "36:calmmind",
    "40:metalsound",
    "44:disarmingvoice",
    "48:moonblast",
    "52:psyblade",
    "56:wrap",
    "60:fairylock",
    "64:focusblast",
    "68:fairywind",
    "74:dazzlinggleam",
    "82:freezingglare",
    "tm:sludgewave",
    "tm:hurricane",
    "tm:aircutter",
    "tm:airslash",
    "tm:icebeam",
    "tm:psychocut",
    "tm:psybeam",
    "tm:mysticalfire",
    "tm:autotomize",
    "tm:sludgebomb",
    "tm:aeroblast",
    "tm:reflect",
    "tm:sleeptalk",
    "tm:psyshock",
    "tm:confusion",
    "tm:futuresight", 
    "tm:rest",
    "tm:flashcannon",
    "tm:psychicterrain",
    "tm:toxic",
    "tm:substitute",
    "tm:terablast" ],
  "labels": [
    "gen9"
  ],
  "pokedex": [
    "Iron Mirage has been observed moving towards to Hoenn region and have been proven to hang around the Mirage Islands."
  ],
  "baseFriendship": 50,
  "evYield": {
    "hp": 0,
    "attack": 1,
    "defence": 0,
    "special_attack": 2,
    "special_defence": 0,
    "speed": 0
  },
  "height": 3.5,
  "weight": 152,
  "aspects": [],
  "cannotDynamax": false,
  "hitbox": {
    "width": 1.6,
    "height": 3,
    "fixed": false
  }
}
