{
  "implemented": true,
  "name": "ironmight",
  "nationalPokedexNumber": 9911,
  "primaryType": "ground",
  "secondaryType": "fighting",
  "abilities": [
    "quarkdrive"
  ],
  "drops": {
    "amount": 2,
    "entries": [
      {
        "item": "minecraft:gold_ingot",
        "quantityRange": "2"
      },
      {
        "item": "cobblemon:starf_berry",
        "percentage": 10
      }
    ]
  },
  "baseStats": {
    "hp": 94,
    "attack": 130,
    "defence": 84,
    "special_attack": 94,
    "special_defence": 92,
    "speed": 96
  },
  "catchRate": 10,
  "maleRatio": -1,
  "shoulderMountable": false,
  "baseExperienceYield": 169,
  "experienceGroup": "slow",
  "eggCycles": 20,
  "eggGroups": [
    "undiscovered"
  ],
  "moves": [
    "1:poweruppunch",
    "1:irontail",
    "4:doublehit",
    "8:bulkup",
    "12:uturn",
    "16:airslash",
    "20:landswrath",
    "24:rototiller",
    "28:playrough",
    "32:bulletpunch",
    "36:calmmind",
    "40:metalsound",
    "44:dynamicpunch",
    "48:earthpower",
    "52:psyblade",
    "56:seismictoss",
    "60:sandsearstorm",
    "64:focusblast",
    "68:precipiceblades",
    "74:aurasphere",
    "82:freezingglare",
    "tm:psychic",
    "tm:hurricane",
    "tm:aircutter",
    "tm:airslash",
    "tm:icepunch",
    "tm:psychocut",
    "tm:psybeam",
    "tm:mysticalfire",
    "tm:autotomize",
    "tm:closecombat",
    "tm:earthquake",
    "tm:thunderpunch",
    "tm:sleeptalk",
    "tm:revenge",
    "tm:confusion",
    "tm:futuresight", 
    "tm:rest",
    "tm:flashcannon",
    "tm:psychicterrain",
    "tm:toxic",
    "tm:substitute",
    "tm:terablast" ],
  "labels": [
    "gen9"
  ],
  "pokedex": [
    ""
  ],
  "baseFriendship": 50,
  "evYield": {
    "hp": 0,
    "attack": 1,
    "defence": 0,
    "special_attack": 2,
    "special_defence": 0,
    "speed": 0
  },
  "height": 3.5,
  "weight": 152,
  "aspects": [],
  "cannotDynamax": false,
  "hitbox": {
    "width": 1.6,
    "height": 3,
    "fixed": false
  }
}
