{
  "implemented": true,
  "name": "ironvictory",
  "nationalPokedexNumber": 9901,
  "primaryType": "fire",
  "secondaryType": "fairy",
  "abilities": [
    "quarkdrive"
  ],
  "drops": {
    "amount": 2,
    "entries": [
      {
        "item": "minecraft:magma_cream",
        "quantityRange": "10-15"
      },
      {
        "item": "cobblemon:starf_berry",
        "percentage": 10
      }
    ]
  },
  "baseStats": {
    "hp": 90,
    "attack": 74,
    "defence": 86,
    "special_attack": 132,
    "special_defence": 78,
    "speed": 130
  },
  "catchRate": 10,
  "maleRatio": -1,
  "shoulderMountable": false,
  "baseExperienceYield": 169,
  "experienceGroup": "slow",
  "eggCycles": 20,
  "eggGroups": [
    "undiscovered"
  ],
  "moves": [
  "1:vcreate",
    "1:charge",
    "4:incinerate",
    "8:psychic",
    "12:lightscreen",
    "16:chargebeam",
    "20:imprison",
    "24:dazzlinggleam",
    "28:flamethrower",
    "32:trickroom",
    "36:voltswitch",
    "40:metalsound",
    "44:calmmind",
    "48:craftyshield",
    "52:flashcannon",
    "56:moonblast",
    "60:expandingforce",
    "64:mysticalfire",
    "68:storedpower",
    "74:searingshot",
    "82:moonblast",
    "tm:heatwave",
    "tm:yawn",
    "tm:barrier",
    "tm:blastburn",
    "tm:moonlight",
    "tm:energyball",
    "tm:teleport",
    "tm:boomburst",
    "tm:autotomize",
    "tm:psychicterrain",
    "tm:willowisp",
    "tm:reflect",
    "tm:sunnyday",
    "tm:thunderwave",
    "tm:confusion",
    "tm:overheat", 
    "tm:guardswap",
    "tm:powerswap",
    "tm:speedswap",
    "tm:protect" ],
  "labels": [
    "gen9"
  ],
  "pokedex": [
    "Although rare, few sightings have been reported of this pokemon. The sightings are very well known as this pokemon is very docile despite other similar cases."
  ],
  "baseFriendship": 50,
  "evYield": {
    "hp": 0,
    "attack": 0,
    "defence": 0,
    "special_attack": 2,
    "special_defence": 0,
    "speed": 0
  },
  "height": 2,
  "weight": 172,
  "aspects": [],
  "cannotDynamax": false,
  "hitbox": {
    "width": 1,
    "height": 1.3,
    "fixed": false
  }
}
