{
  "implemented": true,
  "name": "ironvirus",
  "nationalPokedexNumber": 9906,
  "primaryType": "psychic",
  "secondaryType": "bug",
  "abilities": [
    "quarkdrive"
  ],
  "drops": {
    "amount": 2,
    "entries": [
      {
        "item": "minecraft:ender_pearl",
        "quantityRange": "2"
      },
      {
        "item": "cobblemon:starf_berry",
        "percentage": 10
      }
    ]
  },
  "baseStats": {
    "hp": 82,
    "attack": 100,
    "defence": 90,
    "special_attack": 120,
    "special_defence": 78,
    "speed": 120
  },
  "catchRate": 10,
  "maleRatio": -1,
  "shoulderMountable": false,
  "baseExperienceYield": 169,
  "experienceGroup": "slow",
  "eggCycles": 20,
  "eggGroups": [
    "undiscovered"
  ],
  "moves": [
    "1:triattack",
    "1:signalbeam",
    "4:shadowball",
    "8:psychic",
    "12:lightscreen",
    "16:xscissor",
    "20:uturn",
    "24:infestation",
    "28:psychicterrain",
    "32:bugbuzz",
    "36:pollenpuff",
    "40:metalsound",
    "44:calmmind",
    "48:sleeppowder",
    "52:firstimpression",
    "56:psychoboost",
    "60:expandingforce",
    "64:darkpulse",
    "68:storedpower",
    "74:recover",
    "82:nightshade",
    "tm:agility",
    "tm:sunnyday",
    "tm:barrier",
    "tm:hyperbeam",
    "tm:icebeam",
    "tm:knockoff",
    "tm:psybeam",
    "tm:meteorbeam",
    "tm:autotomize",
    "tm:solarbeam",
    "tm:gravity",
    "tm:reflect",
    "tm:amnesia",
    "tm:psyshock",
    "tm:confusion",
    "tm:futuresight", 
    "tm:firepunch",
    "tm:thunderpunch",
    "tm:icepunch",
    "tm:rockslide",
    "tm:substitute",
    "tm:terablast" ],
  "labels": [
    "gen9"
  ],
  "pokedex": [
    "This Pokémon hates Deoxys and will go out of its way to defeat any and all Deoxys, it is the ultimate antivirus."
  ],
  "baseFriendship": 50,
  "evYield": {
    "hp": 0,
    "attack": 1,
    "defence": 0,
    "special_attack": 2,
    "special_defence": 0,
    "speed": 0
  },
  "height": 2,
  "weight": 152,
  "aspects": [],
  "cannotDynamax": false,
  "hitbox": {
    "width": 1.3,
    "height": 3.3,
    "fixed": false
  }
}
