{
  "implemented": true,
  "name": "ironcore",
  "nationalPokedexNumber": 9902,
  "primaryType": "poison",
  "secondaryType": "psychic",
  "abilities": [
    "quarkdrive"
  ],
  "drops": {
    "amount": 2,
    "entries": [
      {
        "item": "minecraft:ender_pearl",
        "quantityRange": "2"
      },
      {
        "item": "cobblemon:starf_berry",
        "percentage": 10
      }
    ]
  },
  "baseStats": {
    "hp": 98,
    "attack": 60,
    "defence": 158,
    "special_attack": 98,
    "special_defence": 88,
    "speed": 88
  },
  "catchRate": 10,
  "maleRatio": -1,
  "shoulderMountable": false,
  "baseExperienceYield": 169,
  "experienceGroup": "slow",
  "eggCycles": 20,
  "eggGroups": [
    "undiscovered"
  ],
  "moves": [
    "1:nastyplot",
    "1:toxic",
    "4:shadowball",
    "8:psychic",
    "12:lightscreen",
    "16:defensecurl",
    "20:imprison",
    "24:toxicspikes",
    "28:hex",
    "32:trickroom",
    "36:overheat",
    "40:metalsound",
    "44:calmmind",
    "48:destinybond",
    "52:nightshade",
    "56:malignantchain",
    "60:expandingforce",
    "64:memento",
    "68:storedpower",
    "74:recover",
    "82:rest",
    "tm:sleeptalk",
    "tm:yawn",
    "tm:barrier",
    "tm:spite",
    "tm:poltergeist",
    "tm:hypnosis",
    "tm:psybeam",
    "tm:acidspray",
    "tm:autotomize",
    "tm:psychicterrain",
    "tm:dreameater",
    "tm:reflect",
    "tm:amnesia",
    "tm:psyshock",
    "tm:confusion",
    "tm:futuresight", 
    "tm:gunkshot",
    "tm:sludgewave",
    "tm:sludgebomb",
    "tm:protect",
    "tm:heatwave",
    "tm:terablast" ],
  "labels": [
    "gen9"
  ],
  "pokedex": [
    "They may seem docile or rather peaceful, but if you get too close, they'll poison and send you into a deep slumber with various toxins."
  ],
  "baseFriendship": 50,
  "evYield": {
    "hp": 0,
    "attack": 0,
    "defence": 0,
    "special_attack": 0,
    "special_defence": 2,
    "speed": 0
  },
  "height": 2,
  "weight": 152,
  "aspects": [],
  "cannotDynamax": false,
  "hitbox": {
    "width": 1,
    "height": 1.3,
    "fixed": false
  }
}
