{
  "implemented": true,
  "name": "ironjustice",
  "nationalPokedexNumber": 9909,
  "primaryType": "water",
  "secondaryType": "psychic",
  "abilities": [
    "quarkdrive"
  ],
  "drops": {
    "amount": 2,
    "entries": [
      {
        "item": "minecraft:diamond",
        "quantityRange": "2"
      },
      {
        "item": "cobblemon:starf_berry",
        "percentage": 10
      }
    ]
  },
  "baseStats": {
    "hp": 82,
    "attack": 130,
    "defence": 70,
    "special_attack": 115,
    "special_defence": 68,
    "speed": 125
  },
  "catchRate": 10,
  "maleRatio": -1,
  "shoulderMountable": false,
  "baseExperienceYield": 169,
  "experienceGroup": "slow",
  "eggCycles": 20,
  "eggGroups": [
    "undiscovered"
  ],
  "moves": [
    "1:protect",
    "1:quickguard",
    "4:painsplit",
    "8:raindance",
    "12:chillingwater",
    "16:airslash",
    "20:upperhand",
    "24:psychic",
    "28:swordsdance",
    "32:xscissor",
    "36:calmmind",
    "40:metalsound",
    "44:secretsword",
    "48:sacredsword",
    "52:psyblade",
    "56:trailblaze",
    "60:highhorsepower",
    "64:focusblast",
    "68:aquatail",
    "74:aquaring",
    "82:finalgambit",
    "tm:agility",
    "tm:hydropump",
    "tm:barrier",
    "tm:bulldoze",
    "tm:icebeam",
    "tm:psychocut",
    "tm:psybeam",
    "tm:mysticalfire",
    "tm:autotomize",
    "tm:solarbeam",
    "tm:sunnyday",
    "tm:reflect",
    "tm:blazekick",
    "tm:psyshock",
    "tm:confusion",
    "tm:futuresight", 
    "tm:rest",
    "tm:closecombat",
    "tm:psychicterrain",
    "tm:rockslide",
    "tm:substitute",
    "tm:terablast" ],
  "labels": [
    "gen9"
  ],
  "pokedex": [
    "Iron Justice makes its task to rid the Paldea region of pokemon it deems evil. As of lately its been proven its not limited to just pokemon."
  ],
  "baseFriendship": 50,
  "evYield": {
    "hp": 0,
    "attack": 1,
    "defence": 0,
    "special_attack": 2,
    "special_defence": 0,
    "speed": 0
  },
  "height": 2,
  "weight": 152,
  "aspects": [],
  "cannotDynamax": false,
  "hitbox": {
    "width": 1.3,
    "height": 2,
    "fixed": false
  }
}
