{
  "implemented": true,
  "name": "lumintail",
  "nationalPokedexNumber": 9905,
  "primaryType": "water",
  "secondaryType": "electric",
  "abilities": [
    "quarkdrive"
  ],
  "drops": {
    "amount": 2,
    "entries": [
      {
        "item": "cobblemon:prism_scale",
        "quantityRange": "1-3"
      },
      {
        "item": "cobblemon:starf_berry",
        "percentage": 10
      }
    ]
  },
  "baseStats": {
    "hp": 95,
    "attack": 51,
    "defence": 93,
    "special_attack": 141,
    "special_defence": 89,
    "speed": 121
  },
  "catchRate": 10,
  "maleRatio": -1,
  "shoulderMountable": false,
  "baseExperienceYield": 169,
  "experienceGroup": "slow",
  "eggCycles": 20,
  "eggGroups": [
    "undiscovered"
  ],
  "moves": [
    "1:tailglow",
    "1:psychup",
    "4:uturn",
    "8:psychic",
    "12:eerieimpulse",
    "16:electricterrain",
    "20:raindance",
    "24:aquaring",
    "28:discharge",
    "32:heartswap",
    "36:takeheart",
    "40:shockwave",
    "44:calmmind",
    "48:electroweb",
    "52:chillingwater",
    "56:thundercage",
    "60:sparklingaria",
    "64:dazzlinggleam",
    "68:soak",
    "74:lifedew",
    "82:weatherball",
    "tm:blizzard",
    "tm:surf",
    "tm:dragonpulse",
    "tm:doubleteam",
    "tm:rest",
    "tm:voltswitch",
    "tm:psybeam",
    "tm:brine",
    "tm:thunderbolt",
    "tm:hydropump",
    "tm:thunderwave",
    "tm:muddywater",
    "tm:amnesia",
    "tm:psyshock",
    "tm:confusion",
    "tm:futuresight", 
    "tm:chargebeam",
    "tm:charge",
    "tm:protect",
    "tm:icebeam",
    "tm:terablast" ],
  "labels": [
    "gen9"
  ],
  "pokedex": [
    "Rather Hostile despite its similarities with Manaphy, it's been reported that they often attack Iron Drone if they cross pathes because Iron Drone steals Lumin Tail's relics."
  ],
  "baseFriendship": 50,
  "evYield": {
    "hp": 0,
    "attack": 0,
    "defence": 0,
    "special_attack": 2,
    "special_defence": 0,
    "speed": 0
  },
  "height": 2,
  "weight": 152,
  "aspects": [],
  "cannotDynamax": false,
  "hitbox": {
    "width": 1,
    "height": 1.3,
    "fixed": false
  },
  "behaviour": {
    "moving": {
      "canLook": true,
      "walk": {
        "avoidsLand": false,
        "walkSpeed": 0.25
      },
      "swim": {
        "swimSpeed": 0.25,
        "canBreatheUnderwater": true,
        "canSwimInWater": true,
        "canSwimInLava": false
      }
    }
  }
}
