{
  "implemented": true,
  "name": "toxicmelody",
  "nationalPokedexNumber": 9900,
  "primaryType": "poison",
  "secondaryType": "normal",
  "abilities": [
    "protosynthesis"
  ],
  "drops": {
    "amount": 2,
    "entries": [
      {
        "item": "minecraft:slime_ball",
        "quantityRange": "10-15"
      },
      {
        "item": "cobblemon:starf_berry",
        "percentage": 10
      }
    ]
  },
  "baseStats": {
    "hp": 98,
    "attack": 127,
    "defence": 73,
    "special_attack": 112,
    "special_defence": 60,
    "speed": 120
  },
  "catchRate": 90,
  "maleRatio": -1,
  "shoulderMountable": false,
  "baseExperienceYield": 169,
  "experienceGroup": "slow",
  "eggCycles": 20,
  "eggGroups": [
    "undiscovered"
  ],
  "moves": [
    "1:wrap",
    "1:toxic",
    "4:quickattack",
    "8:dragontail",
    "12:beatup",
    "16:disarmingvoice",
    "20:bite",
    "24:agility",
    "28:acidarmor",
    "32:crosspoison",
    "36:crunch",
    "40:metalsound",
    "44:poisonjab",
    "48:poisontail",
    "52:swagger",
    "56:toxicspikes",
    "60:venomdrench",
    "64:drillrun",
    "68:venomshock",
    "72:perishsong",
    "tm:acid",
    "tm:constrict",
    "tm:attract",
    "tm:endure",
    "tm:beatup",
    "tm:bide",
    "tm:crunch",
    "tm:playrough",
    "tm:dig",
    "tm:boomburst",
    "tm:facade",
    "tm:frustration",
    "tm:spiritbreak",
    "tm:attract",
    "tm:honeclaws",
    "tm:trumpcard",
    "tm:charm",
    "tm:alluringvoice",
    "tm:rest",
    "tm:screech"
  ],
  "labels": [
    "gen9"
  ],
  "pokedex": [
    "cobblemon.species.toxicmelody.desc"
  ],
  "baseFriendship": 50,
  "evYield": {
    "hp": 0,
    "attack": 2,
    "defence": 0,
    "special_attack": 0,
    "special_defence": 0,
    "speed": 0
  },
  "height": 3,
  "weight": 265,
  "aspects": [],
  "cannotDynamax": false,
  "hitbox": {
    "width": 1.3,
    "height": 2.3,
    "fixed": false
  }
}
