{
  "implemented": true,
  "name": "toxicmelody",
  "nationalPokedexNumber": 9900,
  "primaryType": "normal",
  "secondaryType": "poison",
  "abilities": [
    "protosynthesis"
  ],
  "drops": {
    "amount": 2,
    "entries": [
      {
        "item": "minecraft:slime_ball",
        "quantityRange": "10-15"
      },
      {
        "item": "cobblemon:starf_berry",
        "percentage": 10
      }
    ]
  },
  "baseStats": {
    "hp": 103,
    "attack": 51,
    "defence": 99,
    "special_attack": 96,
    "special_defence": 125,
    "speed": 115
  },
  "catchRate": 90,
  "maleRatio": -1,
  "shoulderMountable": false,
  "baseExperienceYield": 169,
  "experienceGroup": "slow",
  "eggCycles": 20,
  "eggGroups": [
    "undiscovered"
  ],
  "moves": [
    "1:wrap",
    "1:toxic",
    "1:acidspray",
    "8:dragontail",
    "16:disarmingvoice",
    "20:screech",
    "28:superfang",
    "32:perishsong",
    "36:alluringvoice",
    "40:encore",
    "44:venoshock",
    "48:faketears",
    "52:toxicspikes",
    "59:sludgebomb",
    "64:earthpower",
    "71:imprison",
    "78:hypervoice",
    "tm:sing",
    "tm:helpinghand",
    "tm:acid",
    "tm:constrict",
    "tm:attract",
    "tm:endure",
    "tm:beatup",
    "tm:bide",
    "tm:nastyplot",
    "tm:dazzlinggleam",
    "tm:protect",
    "tm:disable",
    "tm:boomburst",
    "tm:faketears",
    "tm:frustration",
    "tm:spiritbreak",
    "tm:attract",
    "tm:sleeptalk",
    "tm:swagger",
    "tm:charm",
    "tm:rest"  ],
  "labels": [
    "gen9"
  ],
  "pokedex": [
    "cobblemon.species.toxicmelody.desc"
  ],
  "baseFriendship": 50,
  "evYield": {
    "hp": 0,
    "attack": 2,
    "defence": 0,
    "special_attack": 0,
    "special_defence": 0,
    "speed": 0
  },
  "height": 3,
  "weight": 265,
  "aspects": [],
  "cannotDynamax": false,
  "hitbox": {
    "width": 1.3,
    "height": 2.3,
    "fixed": false
  }
}
