{
  "implemented": true,
  "name": "wildgene",
  "nationalPokedexNumber": 9908,
  "primaryType": "bug",
  "secondaryType": "dragon",
  "abilities": [
    "protosynthesis"
  ],
  "drops": {
    "amount": 2,
    "entries": [
      {
        "item": "cobblemon:dragon_claw",
        "quantityRange": "1-3"
      },
      {
        "item": "cobblemon:starf_berry",
        "percentage": 10
      }
    ]
  },
  "baseStats": {
    "hp": 99,
    "attack": 105,
    "defence": 101,
    "special_attack": 97,
    "special_defence": 101,
    "speed": 87
  },
  "catchRate": 10,
  "maleRatio": -1,
  "shoulderMountable": false,
  "baseExperienceYield": 169,
  "experienceGroup": "slow",
  "eggCycles": 20,
  "eggGroups": [
    "undiscovered"
  ],
  "moves": [
    "1:stickyweb",
    "1:conversion",
    "4:uturn",
    "8:breakingswipe",
    "12:bulletpunch",
    "16:triattack",
    "20:conversion2",
    "24:dragonrage",
    "28:powder",
    "32:meteormash",
    "36:dragondance",
    "40:dragonrush",
    "44:dig",
    "48:firstimpression",
    "52:megahorn",
    "56:glaiverush",
    "60:dragonclaw",
    "64:playrough",
    "68:dualchop",
    "74:shellsmash",
    "82:magnetbomb",
    "tm:scaleshot",
    "tm:xscissor",
    "tm:ironhead",
    "tm:dragontail",
    "tm:rest",
    "tm:outrage",
    "tm:sunnyday",
    "tm:toxicspikes",
    "tm:defensecurl",
    "tm:toxic",
    "tm:sleeptalk",
    "tm:irontail",
    "tm:facade",
    "tm:futuresight", 
    "tm:dracometeor",
    "tm:solarblade",
    "tm:protect",
    "tm:blazekick",
    "tm:seismictoss",
    "tm:terablast" ],
  "labels": [
    "gen9"
  ],
  "pokedex": [
    "Wild Gene seems to be a distant relative of a Pokémon modified by Team Plasma called Genesect."
  ],
  "baseFriendship": 50,
  "evYield": {
    "hp": 0,
    "attack": 0,
    "defence": 0,
    "special_attack": 2,
    "special_defence": 0,
    "speed": 0
  },
  "height": 2,
  "weight": 152,
  "aspects": [],
  "cannotDynamax": false,
  "hitbox": {
    "width": 1,
    "height": 2.1,
    "fixed": false
      }
    }
