{
	"format_version": "1.12.0",
	"minecraft:geometry": [
		{
			"description": {
				"identifier": "geometry.levilord",
				"texture_width": 512,
				"texture_height": 512,
				"visible_bounds_width": 11,
				"visible_bounds_height": 5.5,
				"visible_bounds_offset": [0, 2.25, 0]
			},
			"bones": [
				{
					"name": "levilord",
					"pivot": [0, 0, 0]
				},
				{
					"name": "body",
					"parent": "levilord",
					"pivot": [0, 0, 0]
				},
				{
					"name": "torso",
					"parent": "body",
					"pivot": [0, 0, 0]
				},
				{
					"name": "head",
					"parent": "torso",
					"pivot": [0, 19, -9],
					"cubes": [
						{"origin": [-21.5, 19, -41], "size": [43, 19, 32], "inflate": 0.04, "uv": [124, 114]},
						{"origin": [-28.5, 13, -21], "size": [7, 11, 18], "inflate": 0.04, "uv": [121, 0]},
						{"origin": [21.5, 13, -20.75], "size": [7, 11, 18], "inflate": 0.04, "uv": [121, 0], "mirror": true},
						{"origin": [-18.5, 38, -38], "size": [37, 14, 32], "inflate": 0.04, "uv": [0, 146]},
						{"origin": [-13.5, 31, -44], "size": [27, 14, 32], "inflate": 0.04, "uv": [0, 192]},
						{"origin": [-18.5, 21, -48], "size": [37, 14, 12], "inflate": 0.04, "uv": [242, 38]},
						{"origin": [-21.5, 14, -39], "size": [0, 5, 30], "inflate": 0.03, "pivot": [-21, 19, -9], "rotation": [-10, 0, 0], "uv": [0, 242]},
						{"origin": [21.5, 14, -39], "size": [0, 5, 30], "inflate": 0.03, "pivot": [21, 19, -9], "rotation": [-10, 0, 0], "uv": [116, 237]},
						{"origin": [-20.5, 14, -40.5], "size": [0, 5, 30], "uv": [116, 232]},
						{"origin": [-20.5, 14, -40.5], "size": [41, 5, 0], "uv": [256, 188]},
						{"origin": [20.5, 14, -40.5], "size": [0, 5, 30], "uv": [89, 227]}
					]
				},
				{
					"name": "eyes",
					"parent": "head",
					"pivot": [0, 20.25, -25.5]
				},
				{
					"name": "eye_right",
					"parent": "eyes",
					"pivot": [-21.5, 20.25, -25.5],
					"cubes": [
						{"origin": [-21.5, 19.25, -26.5], "size": [0, 2, 2], "inflate": 0.05, "uv": [0, 8]},
						{"origin": [-21.5, 19.75, -26], "size": [0, 1, 1], "inflate": 0.06, "uv": [0, 1]}
					]
				},
				{
					"name": "eyelid_right",
					"parent": "eye_right",
					"pivot": [-21.4, 20.25, -26],
					"cubes": [
						{"origin": [-21.4, 19.25, -27], "size": [1, 2, 3], "inflate": 0.07, "uv": [0, 5]}
					]
				},
				{
					"name": "eye_left",
					"parent": "eyes",
					"pivot": [21.5, 20.25, -25.5],
					"cubes": [
						{"origin": [21.5, 19.25, -26.5], "size": [0, 2, 2], "inflate": 0.05, "uv": [5, 3]},
						{"origin": [21.5, 19.75, -26], "size": [0, 1, 1], "inflate": 0.06, "uv": [0, 0]}
					]
				},
				{
					"name": "eyelid_left",
					"parent": "eye_left",
					"pivot": [21.4, 20.25, -26],
					"cubes": [
						{"origin": [20.4, 19.25, -27], "size": [1, 2, 3], "inflate": 0.07, "uv": [0, 0]}
					]
				},
				{
					"name": "lower_jaw",
					"parent": "head",
					"pivot": [0, 19, -7],
					"cubes": [
						{"origin": [-21.5, 0, -41], "size": [43, 19, 32], "inflate": 0.02, "uv": [124, 41]},
						{"origin": [-18.5, 2, -46], "size": [37, 15, 5], "inflate": 0.02, "uv": [156, 92]},
						{"origin": [-24.5, 1, -40], "size": [3, 15, 16], "inflate": 0.02, "uv": [262, 0]},
						{"origin": [21.5, 2, -21], "size": [3, 10, 13], "inflate": 0.02, "uv": [0, 0]},
						{"origin": [-23.75, 2.25, -21.25], "size": [3, 10, 13], "inflate": 0.02, "uv": [0, 0], "mirror": true},
						{"origin": [21.5, 1, -40], "size": [3, 15, 16], "inflate": 0.02, "uv": [160, 257]},
						{"origin": [-18.5, -6, -38], "size": [37, 6, 32], "inflate": 0.04, "uv": [156, 0]}
					]
				},
				{
					"name": "tongue",
					"parent": "lower_jaw",
					"pivot": [0, 19.5, -9],
					"rotation": [2.5, 0, 0],
					"cubes": [
						{"origin": [-15.5, 15.5, -36], "size": [31, 7, 27], "uv": [0, 238]}
					]
				},
				{
					"name": "brow_left",
					"parent": "head",
					"pivot": [21.5, 23, -25.75],
					"cubes": [
						{"origin": [20.5, 21, -30.75], "size": [2, 2, 9], "inflate": 0.04, "uv": [162, 20]},
						{"origin": [20.5, 23, -28.75], "size": [2, 2, 7], "inflate": 0.02, "uv": [143, 165]}
					]
				},
				{
					"name": "brow_right",
					"parent": "head",
					"pivot": [-21.5, 23, -25.75],
					"cubes": [
						{"origin": [-22.5, 23, -28.75], "size": [2, 2, 7], "inflate": 0.02, "uv": [0, 166]},
						{"origin": [-22.5, 21, -30.75], "size": [2, 2, 9], "inflate": 0.04, "uv": [130, 165]}
					]
				},
				{
					"name": "torso_middle",
					"parent": "torso",
					"pivot": [0, 19, -10],
					"cubes": [
						{"origin": [-21.5, 0, -12], "size": [43, 38, 35], "inflate": 0.01, "uv": [0, 73]},
						{"origin": [-26.5, 3, -6], "size": [34, 32, 25], "inflate": 0.01, "uv": [138, 165], "mirror": true},
						{"origin": [-7.5, 3, -6], "size": [34, 32, 25], "inflate": 0.01, "uv": [138, 165]},
						{"origin": [-16.5, 38, -6], "size": [33, 8, 27], "inflate": 0.04, "uv": [91, 222]},
						{"origin": [-16.5, -4, -3], "size": [33, 4, 27], "inflate": 0.04, "uv": [211, 222]}
					]
				},
				{
					"name": "fin_right_front",
					"parent": "torso_middle",
					"pivot": [26.5, 17, 9.5],
					"cubes": [
						{"origin": [26.5, 17, 4], "size": [9, 0, 10], "uv": [0, 156]}
					]
				},
				{
					"name": "fin_right_front2",
					"parent": "fin_right_front",
					"pivot": [35.5, 17, 9],
					"cubes": [
						{"origin": [35.5, 17, 4], "size": [10, 0, 10], "uv": [0, 93]}
					]
				},
				{
					"name": "fin_left_front",
					"parent": "torso_middle",
					"pivot": [-26.25, 17, 9.5],
					"cubes": [
						{"origin": [-35.25, 17, 4], "size": [9, 0, 10], "uv": [96, 146]}
					]
				},
				{
					"name": "fin_left_front2",
					"parent": "fin_left_front",
					"pivot": [-35.25, 17, 9],
					"cubes": [
						{"origin": [-45.25, 17, 4], "size": [10, 0, 10], "uv": [0, 83]}
					]
				},
				{
					"name": "torso_back",
					"parent": "torso_middle",
					"pivot": [0, 19, 20],
					"cubes": [
						{"origin": [-21.5, 0, 20], "size": [43, 38, 35], "uv": [0, 0]},
						{"origin": [-25.5, 4, 27], "size": [5, 31, 25], "uv": [249, 67]},
						{"origin": [20.5, 4, 27], "size": [5, 31, 25], "uv": [249, 67], "mirror": true},
						{"origin": [-15.5, 4, 55], "size": [31, 30, 6], "uv": [205, 253]},
						{"origin": [-10.5, 38, 27], "size": [21, 4, 19], "inflate": 0.04, "uv": [231, 165]},
						{"origin": [-10.5, -2, 27], "size": [21, 2, 19], "inflate": 0.04, "uv": [242, 123]}
					]
				},
				{
					"name": "fin_right_back",
					"parent": "torso_back",
					"pivot": [21.5, 17, 25.5],
					"cubes": [
						{"origin": [21.5, 17, 20], "size": [9, 0, 10], "uv": [0, 146]}
					]
				},
				{
					"name": "fin_right_back2",
					"parent": "fin_right_back",
					"pivot": [30.5, 17, 25],
					"cubes": [
						{"origin": [30.5, 17, 20], "size": [10, 0, 10], "uv": [0, 73]}
					]
				},
				{
					"name": "fin_left_back",
					"parent": "torso_back",
					"pivot": [-21.5, 17, 25.5],
					"cubes": [
						{"origin": [-30.5, 17, 20], "size": [9, 0, 10], "uv": [111, 0]}
					]
				},
				{
					"name": "fin_left_back2",
					"parent": "fin_left_back",
					"pivot": [-30.5, 17, 25],
					"cubes": [
						{"origin": [-40.5, 17, 20], "size": [10, 0, 10], "uv": [0, 23]}
					]
				},
				{
					"name": "tail_base",
					"parent": "torso_back",
					"pivot": [0, 19.033, 67.1257],
					"rotation": [-90, 0, 0],
					"cubes": [
						{"origin": [-3, 8.133, 64.1257], "size": [6, 13, 6], "inflate": 0.01, "uv": [106, 159]},
						{"origin": [3, 20.133, 64.6257], "size": [11, 0, 5], "pivot": [8.5, 20.133, 67.1257], "rotation": [-27.5, 0, 0], "uv": [148, 11]},
						{"origin": [-14, 20.133, 64.6257], "size": [11, 0, 5], "pivot": [-8.5, 20.133, 67.1257], "rotation": [27.5, 0, 0], "uv": [116, 103]},
						{"origin": [-5.5, 20.133, 73.1257], "size": [11, 0, 5], "pivot": [0, 20.133, 75.6257], "rotation": [0, -90, -27.5], "uv": [0, 103]},
						{"origin": [-5.5, 20.133, 56.1257], "size": [11, 0, 5], "pivot": [0, 20.133, 58.6257], "rotation": [0, -90, 27.5], "uv": [116, 29]}
					]
				},
				{
					"name": "white_fin_right",
					"parent": "torso_back",
					"pivot": [17.25, 7.5, 49.25],
					"rotation": [0, -40, 0],
					"cubes": [
						{"origin": [15.75, 7.5, 43.25], "size": [15, 0, 11], "uv": [142, 0]}
					]
				},
				{
					"name": "white_fin_left",
					"parent": "torso_back",
					"pivot": [-17.25, 7.5, 49.25],
					"rotation": [0, 40, 0],
					"cubes": [
						{"origin": [-30.75, 7.5, 43.25], "size": [15, 0, 11], "uv": [110, 92]}
					]
				}
			]
		}
	]
}