{
	"implemented": true,
	"name": "learva",
	"nationalPokedexNumber": 1,
	"labels": ["custom", "duna_regional"],
	"pokedex": [
		"cobblemon.species.learva.desc"
	],
	"height": 5,
	"weight": 100,
	"shoulderMountable": false,
	
	"primaryType": "grass",
	"secondaryType": "bug",
	"baseStats": {
		"hp": 60,
		"attack": 50,
		"defence": 65,
		"special_attack": 45,
		"special_defence": 65,
		"speed": 33
	},
	"catchRate": 45,
	"maleRation": 0.875,
	"baseExperienceYield": 64,
	"experienceGroup": "medium_slow",
	"eggCycles": 20,
	"eggGroups": [
		"grass",
		"bug"
	],
	"baseFriendship": 50,
	"evYield": {
		"hp": 0,
		"attack": 1,
		"defence": 0,
		"special_attack": 1,
		"special_defence": 0,
		"speed": 0
	},
	
	"moves": [
		"1:tackle",
		"1:stringshot",
		"3:withdraw",
		"4:leafage",
		"6:growth",
		"9:leechseed",
		"10:lockon",
		"12:bulletseed",
		"15:pinmissile",
		"17:bugbite",
		"18:cottonspore",
		"21:magnetbomb",
		"21:bulkup",
		"24:stickyweb",
		"27:bodyslam",
		"30:swordsdance",
		"33:woodhammer",
		"36:solarbeam",
		"tm:magicalleaf",
		"tm:megadrain",
		"tm:uturn",
		"tm:sludgebomb",
		"tm:solarbeam",
		"tm:substitute",
		"tm:protect",
		"tm:endure",
		"tm:bugbuzz",
		"tm:flash",
		"tm:falseswipe",
		"tm:energyball",
		"tm:cut",
		"tutor:grasspledge",
		"tutor:worryseed",
		"tutor:furycutter",
		"tutor:rollout",
		"tutor:explosion",
		"tutor:aurorabeam",
		"egg:agility",
		"egg:silverwind",
		"egg:skullbash",
		"egg:petaldance",
		"egg:toxic"
	],
	"abilities": [
		"overgrow",
		"h:analytic"
	],
	
	"evolutions": [
		{
			"id": "learva_milliflower",
			"variant": "level_up",
			"result": "milliflower",
			"consumeHeldItem": false,
			"learnableMoves": [
				
			],
			"requirements": [
				{
					"variant": "level",
					"minLevel": 16
				}
			]
		}
	],
	
	"baseScale": 0.8,
	"hitbox": {
		"width": 1,
		"height": 0.8,
		"fixed": false
	},
	"drops": {
		"amount": 2,
		"entries": [
			{
				"item": "minecraft:moss_block",
				"percentage": 20
			},
			{
				"item": "cobblemon:miracle_seed",
				"percentage": 5
			}
		]
	},
	"behaviour": {
		"moving": {
			"canLook": false,
			"walk": {
				"walkSpeed": 0.29
			},
			"resting": {
				"canSleep": true,
				"willSleepOnBed": true,
				"depth": "normal",
				"light": "0-4"
			}
		}
	}
}