{
	"implemented": true,
	"name": "tentail",
	"nationalPokedexNumber": 8,
	"preEvolution": "swetnail",
	"labels": ["custom", "duna_regional"],
	"pokedex": [
		"cobblemon.species.tentail.desc"
	],
	"height": 12,
	"weight": 300,
	"shoulderMountable": false,
	
	"primaryType": "water",
	"secondaryType": "dark",
	"baseStats": {
		"hp": 54,
		"attack": 94,
		"defence": 53,
		"special_attack": 96,
		"special_defence": 53,
		"speed": 55
	},
	"catchRate": 45,
	"maleRation": 0.875,
	"baseExperienceYield": 142,
	"experienceGroup": "medium_slow",
	"eggCycles": 20,
	"eggGroups": [
		"water_1",
		"fairy"
	],
	"baseFriendship": 50,
	"evYield": {
		"hp": 1,
		"attack": 0,
		"defence": 0,
		"special_attack": 0,
		"special_defence": 0,
		"speed": 1
	},
	
	"moves": [
		"1:pound",
		"1:tailwhip",
		"3:wrap",
		"4:bubble",
		"6:babydolleyes",
		"9:fairywind",
		"10:swift",
		"12:aquajet",
		"15:hypnosis",
		"17:nightmare",
		"18:rest",
		"18:jawlock",
		"21:dazzlinggleam",
		"21:acidarmor",
		"24:poisonjab",
		"25:crunch",
		"27:slam",
		"30:dreameater",
		"33:moonblast",
		"36:hydropump",
		"40:darkpulse",
		"tm:sleeptalk",
		"tm:irontail",
		"tm:dig",
		"tm:silverwind",
		"tm:foulplay",
		"tm:rocksmash",
		"tm:substitute",
		"tm:protect",
		"tm:lightscreen",
		"tm:reflect",
		"tm:flash",
		"tm:falseswipe",
		"tm:flamethrower",
		"tm:surf",
		"tutor:partingshot",
		"tutor:waterpledge",
		"tutor:worryseed",
		"tutor:pursuit",
		"tutor:mirrorcoat",
		"tutor:sweetkiss",
		"tutor:batonpass",
		"tutor:wakeupslap",
		"egg:whirlpool",
		"egg:octazooka",
		"egg:powerwhip",
		"egg:aurasphere",
		"egg:willowisp"
	],
	"abilities": [
		"torrent",
		"h:pixilate"
	],
	
	"evolutions": [
		{
			"id": "tentail_terrorshell",
			"variant": "level_up",
			"result": "terrorshell",
			"consumeHeldItem": false,
			"learnableMoves": [],
			"requirements": [
				{
					"variant": "level",
					"minLevel": 32
				}
			]
		}
	],
	
	"baseScale": 1.2,
	"hitbox": {
		"width": 1.2,
		"height": 1.5,
		"fixed": false
	},
	"drops": {
		"amount": 3,
		"entries": [
			{
				"item": "minecraft:nautilus_shell"
			},
			{
				"item": "minecraft:sand",
				"percentage": 40
			},
			{
				"item": "cobblemon:mystic_water",
				"percentage": 10
			}
		]
	},
	"behaviour": {
		"moving": {
			"canLook": false,
			"walk": {
				"walkSpeed": 0.3
			},
			"resting": {
				"canSleep": true,
				"willSleepOnBed": true,
				"depth": "normal",
				"light": "0-4"
			},
			"swim": {
				"swimSpeed": 0.22,
				"canSwimInWater": false,
				"canBreatheUnderwater": true
			}
		}
	}
}