{
	"implemented": true,
	"name": "whipcealot",
	"nationalPokedexNumber": 12,
	"labels": ["custom", "duna_regional"],
	"pokedex": [
		"cobblemon.species.whipcealot.desc"
	],
	"height": 7.8,
	"weight": 180,
	"shoulderMountable": false,
	
	"primaryType": "normal",
	"secondaryType": "dark",
	"baseStats": {
		"hp": 60,
		"attack": 76,
		"defence": 62,
		"special_attack": 32,
		"special_defence": 30,
		"speed": 70
	},
	"catchRate": 200,
	"maleRation": 0.5,
	"baseExperienceYield": 128,
	"experienceGroup": "medium_fast",
	"eggCycles": 15,
	"eggGroups": [
		"field"
	],
	"baseFriendship": 50,
	"evYield": {
		"hp": 0,
		"attack": 0,
		"defence": 0,
		"special_attack": 0,
		"special_defence": 0,
		"speed": 1
	},
	
	"moves": [
		"1:scratch",
		"1:tailwhip",
		"4:bite",
		"5:honeclaws",
		"7:glare",
		"9:furyswipes",
		"10:sandattack",
		"12:quickattack",
		"14:pursuit",
		"15:payback",
		"16:pounce",
		"18:metalclaw",
		"20:shadowsneak",
		"22:taunt",
		"24:knockoff",
		"25:crunch",
		"28:extremespeed",
		"31:acrobatics",
		"33:nightslash",
		"35:submission",
		"35:agility",
		"38:doubleedge",
		"42:partingshot",
		"45:powerwhip",
		"48:skullbash",
		"50:zenheadbutt",
		"52:crushclaw",
		"tm:firefang",
		"tm:icefang",
		"tm:thunderfang",
		"tm:protect",
		"tm:toxic",
		"tm:hyperbeam",
		"tm:closecombat",
		"tm:irontail",
		"tm:falseswipe",
		"tm:shadowclaw",
		"tm:curse",
		"tm:dig",
		"tm:cut",
		"tutor:endeavor",
		"tutor:recover",
		"tutor:aquatail",
		"tutor:astonish",
		"tutor:healblock",
		"egg:tailwind",
		"egg:belch",
		"egg:doublekick"
	],
	"abilities": [
		"scrappy",
		"runaway",
		"h:guts"
	],
	
	"baseScale": 0.8,
	"hitbox": {
		"width": 1.2,
		"height": 1,
		"fixed": false
	},
	"drops": {
		"amount": 2,
		"entries": [
			{
				"item": "minecraft:leather",
				"quantityRange": "0-1"
			},
			{
				"item": "cobblemon:quick_claw",
				"percentage": 1
			}
		]
	},
	"behaviour": {
		"moving": {
			"canLook": true,
			"walk": {
				"walkSpeed": 0.3
			},
			"resting": {
				"canSleep": true,
				"willSleepOnBed": false,
				"depth": "normal",
				"light": "7-15"
			}
		}
	}
}