{
	"format_version": "1.12.0",
	"minecraft:geometry": [
		{
			"description": {
				"identifier": "geometry.marill",
				"texture_width": 64,
				"texture_height": 64,
				"visible_bounds_width": 7,
				"visible_bounds_height": 2.5,
				"visible_bounds_offset": [0, 0.75, 0]
			},
			"bones": [
				{
					"name": "marill",
					"pivot": [0, 0, 0]
				},
				{
					"name": "body",
					"parent": "marill",
					"pivot": [0, 8, 0]
				},
				{
					"name": "torso",
					"parent": "body",
					"pivot": [0, 2.16667, 0.005]
				},
				{
					"name": "head_ai",
					"parent": "torso",
					"pivot": [0, 2.16667, 0.005],
					"cubes": [
						{"origin": [-6.5, 2, -6], "size": [13, 13, 12], "uv": [0, 0]},
						{"origin": [-0.5, 11, -5.995], "size": [1, 1, 0], "inflate": 0.01, "uv": [26, 39]},
						{"origin": [-1, 11.5, -5.99], "size": [2, 1, 0], "inflate": 0.02, "uv": [16, 40]}
					]
				},
				{
					"name": "tail",
					"parent": "head_ai",
					"pivot": [0, 3.5, 6],
					"cubes": [
						{"origin": [0, 3.5, 6], "size": [0, 1, 4], "uv": [32, 47]}
					]
				},
				{
					"name": "tail2",
					"parent": "tail",
					"pivot": [0, 4.5, 10],
					"cubes": [
						{"origin": [0, 3.5, 10], "size": [0, 1, 4], "uv": [12, 48]}
					]
				},
				{
					"name": "tail3",
					"parent": "tail2",
					"pivot": [0, 3.5, 14],
					"cubes": [
						{"origin": [0, 3.5, 14], "size": [0, 1, 4], "uv": [20, 48]}
					]
				},
				{
					"name": "tail4",
					"parent": "tail3",
					"pivot": [0, 4.5, 18],
					"cubes": [
						{"origin": [0, 3.5, 18], "size": [0, 1, 4], "uv": [40, 48]}
					]
				},
				{
					"name": "tail5",
					"parent": "tail4",
					"pivot": [0, 3.5, 22],
					"cubes": [
						{"origin": [0, 3.5, 22], "size": [0, 1, 4], "uv": [48, 48]}
					]
				},
				{
					"name": "tail6",
					"parent": "tail5",
					"pivot": [0, 4.5, 26],
					"cubes": [
						{"origin": [0, 3.5, 26], "size": [0, 1, 3], "uv": [50, 0]}
					]
				},
				{
					"name": "tail7",
					"parent": "tail6",
					"pivot": [0, 3.5, 29],
					"cubes": [
						{"origin": [0, 3.5, 29], "size": [0, 1, 3], "uv": [50, 4]}
					]
				},
				{
					"name": "tail8",
					"parent": "tail7",
					"pivot": [0, 4.5, 32],
					"cubes": [
						{"origin": [0, 3.5, 32], "size": [0, 1, 3], "uv": [50, 8]}
					]
				},
				{
					"name": "tail9",
					"parent": "tail8",
					"pivot": [0, 3.5, 35],
					"cubes": [
						{"origin": [0, 3.5, 35], "size": [0, 1, 3], "uv": [50, 12]}
					]
				},
				{
					"name": "tail_ball",
					"parent": "tail9",
					"pivot": [0, 4, 38],
					"cubes": [
						{"origin": [-3.5, 0.5, 38], "size": [7, 7, 7], "inflate": 0.01, "uv": [0, 25]}
					]
				},
				{
					"name": "tail_ball_glow",
					"parent": "tail_ball",
					"pivot": [-4, 4, 42],
					"cubes": [
						{"origin": [-3.5, 0.5, 38], "size": [7, 7, 7], "inflate": -0.1, "uv": [28, 25]}
					]
				},
				{
					"name": "ear_left",
					"parent": "head_ai",
					"pivot": [6.5, 15, 0],
					"cubes": [
						{"origin": [2.23423, 12.94345, -1], "size": [7, 6, 2], "pivot": [6.5, 15, 0], "rotation": [0, 0, 25], "uv": [0, 56], "mirror": true}
					]
				},
				{
					"name": "ear_right",
					"parent": "head_ai",
					"pivot": [-6.5, 15, 0],
					"cubes": [
						{"origin": [-9.23423, 12.94345, -1], "size": [7, 6, 2], "pivot": [-6.5, 15, 0], "rotation": [0, 0, -25], "uv": [0, 56]}
					]
				},
				{
					"name": "arm_left",
					"parent": "head_ai",
					"pivot": [6.5, 9, -2.5],
					"cubes": [
						{"origin": [5.5, 7.5, -4], "size": [3, 3, 3], "uv": [32, 41]}
					]
				},
				{
					"name": "arm_left2",
					"parent": "arm_left",
					"pivot": [8.5, 7.5, -2.5],
					"cubes": [
						{"origin": [8.5, 7.5, -4], "size": [3, 3, 3], "inflate": 0.01, "uv": [20, 58]}
					]
				},
				{
					"name": "arm_right",
					"parent": "head_ai",
					"pivot": [-6.5, 9, -2.5],
					"cubes": [
						{"origin": [-8.5, 7.5, -4], "size": [3, 3, 3], "uv": [32, 41], "mirror": true}
					]
				},
				{
					"name": "arm_right2",
					"parent": "arm_right",
					"pivot": [-8.5, 7.5, -2.5],
					"cubes": [
						{"origin": [-11.5, 7.5, -4], "size": [3, 3, 3], "inflate": 0.01, "uv": [20, 58], "mirror": true}
					]
				},
				{
					"name": "mouth_closed",
					"parent": "head_ai",
					"pivot": [0, 9.75, -6],
					"cubes": [
						{"origin": [-1.5, 9.25, -6], "size": [3, 1, 0], "inflate": 0.01, "uv": [16, 39]}
					]
				},
				{
					"name": "mouth_closed2",
					"parent": "mouth_closed",
					"pivot": [0, 10.25, -6],
					"cubes": [
						{"origin": [-2.5, 9.75, -6], "size": [1, 1, 0], "inflate": 0.01, "uv": [40, 47], "mirror": true},
						{"origin": [1.5, 9.75, -6], "size": [1, 1, 0], "inflate": 0.01, "uv": [40, 47]}
					]
				},
				{
					"name": "mouth_open",
					"parent": "head_ai",
					"pivot": [0, 10, -5.9],
					"cubes": [
						{"origin": [-2, 9.75, -5.9], "size": [4, 1, 0], "inflate": 0.01, "uv": [22, 26]},
						{"origin": [-1.5, 9, -5.9], "size": [3, 1, 0], "inflate": 0.02, "uv": [23, 29]}
					]
				},
				{
					"name": "eyes",
					"parent": "head_ai",
					"pivot": [-3, 12, -5]
				},
				{
					"name": "eye_left",
					"parent": "eyes",
					"pivot": [3, 12, -5],
					"cubes": [
						{"origin": [2, 11, -6], "size": [2, 2, 0], "inflate": 0.01, "uv": [22, 39]},
						{"origin": [2.15, 11.85, -6.02], "size": [1, 1, 0], "uv": [26, 40]}
					]
				},
				{
					"name": "eye_right",
					"parent": "eyes",
					"pivot": [-3, 12, -5],
					"cubes": [
						{"origin": [-4, 11, -6], "size": [2, 2, 0], "inflate": 0.01, "uv": [22, 39], "mirror": true},
						{"origin": [-3.15, 11.85, -6.02], "size": [1, 1, 0], "uv": [26, 40], "mirror": true}
					]
				},
				{
					"name": "eyelid_left",
					"parent": "eyes",
					"pivot": [3, 11.5, -5.9],
					"cubes": [
						{"origin": [2, 11, -5.9], "size": [2, 1, 0], "inflate": 0.01, "uv": [29, 39]}
					]
				},
				{
					"name": "eyelid_right",
					"parent": "eyes",
					"pivot": [-3, 11.5, -5.9],
					"cubes": [
						{"origin": [-4, 11, -5.9], "size": [2, 1, 0], "inflate": 0.01, "uv": [29, 39], "mirror": true}
					]
				},
				{
					"name": "foot_left",
					"parent": "body",
					"pivot": [4, 2, 1],
					"cubes": [
						{"origin": [2.5, 0, -2], "size": [3, 2, 4], "uv": [1, 40]}
					]
				},
				{
					"name": "foot_left2",
					"parent": "foot_left",
					"pivot": [4, 0, -2],
					"cubes": [
						{"origin": [2.5, 0, -5], "size": [3, 2, 3], "inflate": 0.01, "uv": [0, 46]}
					]
				},
				{
					"name": "foot_right",
					"parent": "body",
					"pivot": [-4, 2, 1],
					"cubes": [
						{"origin": [-5.5, 0, -2], "size": [3, 2, 4], "uv": [17, 42]}
					]
				},
				{
					"name": "foot_right2",
					"parent": "foot_right",
					"pivot": [-4, 0, -2],
					"cubes": [
						{"origin": [-5.5, 0, -5], "size": [3, 2, 3], "inflate": 0.01, "uv": [46, 43]}
					]
				}
			]
		}
	]
}