{
	"format_version": "1.8.0",
	"animations": {
		"test pose": {
			"loop": true,
			"bones": {
				"gliscor": {
					"rotation": [5, 0, 0]
				},
				"head": {
					"rotation": [-5, -10, 0]
				},
				"left_upper_arm": {
					"rotation": [0, 25, 0]
				},
				"left_lower_arm": {
					"rotation": [0, 32.5, 0]
				},
				"left_claw": {
					"rotation": [-87.5, 0, 0]
				},
				"left_claw_top": {
					"rotation": [0, 22.5, 0]
				},
				"left_claw_bottom": {
					"rotation": [0, -27.5, 0]
				},
				"right_upper_arm": {
					"rotation": [8.95891, -15.09492, -31.18939]
				},
				"right_lower_arm": {
					"rotation": [-24.89867, -62.22995, 27.68035]
				},
				"right_arm_nub": {
					"rotation": [20, 0, 0]
				},
				"right_claw": {
					"rotation": [-90, 0, 0]
				},
				"lower_spine": {
					"rotation": [-22.5, 0, 0]
				},
				"tail_segment_1": {
					"rotation": [45, 22.5, 0]
				},
				"tail_segment_2": {
					"rotation": [44.00703, 10.54529, -10.72858]
				},
				"tail_segment_3": {
					"rotation": [-12.5, 5, 0]
				},
				"tail_segment_4": {
					"rotation": [25.09869, 23.00354, -14.189]
				},
				"tail_segment_5": {
					"rotation": [46.4724, 19.81174, 54.2266]
				},
				"tail_segment_end": {
					"rotation": [0, 0, 12.5]
				},
				"left_thigh": {
					"rotation": [-39.74444, -72.86317, 15.64458]
				},
				"left_foot": {
					"rotation": [-22.39078, 3.53329, 3.54002]
				},
				"right_thigh": {
					"rotation": [-27.61093, 34.45586, 2.16607]
				},
				"right_pupil": {
					"position": [0.1, 0, 0]
				},
				"left_pupil": {
					"position": [0.3, 0, 0]
				}
			}
		},
		"animation.gliscor.ground_idle": {
			"loop": true,
			"bones": {
				"left_pincer": {
					"rotation": [0, 0, "6+math.sin(q.anim_time*90*2-120)*6"]
				},
				"right_pincer": {
					"rotation": [0, 0, "-6-math.sin(q.anim_time*90*2-120)*6"]
				},
				"left_flying_membrane": {
					"rotation": [7.36497, "12.1473-math.sin(q.anim_time*90*2-180)*3", 1.16824]
				},
				"left_upper_membrane": {
					"rotation": [0, 0, 22.5]
				},
				"left_middle_membrane": {
					"rotation": [-4.87569, 0, 10.2197]
				},
				"left_lower_membrane": {
					"rotation": [-24.70389, 4.52238, -2.08722]
				},
				"right_flying_membrane": {
					"rotation": [7.36497, "-12.1473+math.sin(q.anim_time*90*2-180)*3", -1.16824]
				},
				"right_upper_membrane": {
					"rotation": [0, 0, -22.5]
				},
				"right_middle_membrane": {
					"rotation": [-4.87569, 0, -10.2197]
				},
				"right_lower_membrane": {
					"rotation": [-24.70389, -4.52238, 2.08722]
				},
				"tail_end": {
					"rotation": [15, "math.sin(q.anim_time*90*2-90)*6", 0]
				},
				"left_upper_leg": {
					"rotation": ["-25+math.sin(q.anim_time*90*2-15+180)*6", -15, 0],
					"position": [0.5, "-0.6+math.sin(q.anim_time*90*2-20+180)*0.1", "0+math.sin(q.anim_time*90*2-20)*0.1"]
				},
				"left_lower_leg": {
					"rotation": ["50+math.sin(q.anim_time*90*2-30)*8", 0, 0]
				},
				"left_leg_nub": {
					"rotation": ["-10+math.sin(q.anim_time*90*2-45+180)*3", 0, 0]
				},
				"left_leg_foot": {
					"rotation": [-15, 0, 0]
				},
				"right_upper_leg": {
					"rotation": ["-25+math.sin(q.anim_time*90*2-15+180)*6", 15, 0],
					"position": [-0.5, "-0.6+math.sin(q.anim_time*90*2-20+180)*0.1", "0+math.sin(q.anim_time*90*2-20)*0.1"]
				},
				"right_lower_leg": {
					"rotation": ["50+math.sin(q.anim_time*90*2-30)*8", 0, 0]
				},
				"right_leg_nub": {
					"rotation": ["-10+math.sin(q.anim_time*90*2-45+180)*3", 0, 0]
				},
				"right_leg_foot": {
					"rotation": [-15, 0, 0]
				},
				"torso": {
					"rotation": ["-12.5+math.sin(q.anim_time*90*2-45)*2", 0, 0],
					"position": [0, "-0.2+math.sin(q.anim_time*90*2-20+180)*0.2", "0+math.sin(q.anim_time*90*2-200)*-0.1"]
				},
				"lower_spine": {
					"rotation": ["5+math.sin(q.anim_time*90*2)*2", 0, 0]
				},
				"lower_spine2": {
					"rotation": [15, "math.sin(q.anim_time*90*1)*1", "-math.sin(q.anim_time*90*1)*1"]
				},
				"upper_torso": {
					"rotation": ["7.5-math.sin(q.anim_time*90*2-45)*1", 0, "0+math.sin(q.anim_time*90*1)*0.5"]
				},
				"head": {
					"rotation": ["-10-math.sin(q.anim_time*90*2-45)*4", "0-math.sin(q.anim_time*90*1-45)*2", 0]
				},
				"left_upper_arm": {
					"rotation": [14.98536, "-5.652+math.sin(q.anim_time*90*2)*4", 42.86553]
				},
				"left_lower_arm": {
					"rotation": [-4.50105, "36.8657+math.sin(q.anim_time*90*2)*2", "-18.7687+math.sin(q.anim_time*90*2)*4"]
				},
				"left_arm_nub": {
					"rotation": [49.14474, "22.1587-math.sin(q.anim_time*90*2)*4", -1.64897]
				},
				"left_claw": {
					"rotation": [-7.5, 12.5, 0]
				},
				"left_claw_bottom": {
					"rotation": [0, "-6-math.sin(q.anim_time*90*2-120)*6", 0]
				},
				"right_upper_arm": {
					"rotation": [14.98536, "5.652-math.sin(q.anim_time*90*2)*4", -42.86553]
				},
				"right_lower_arm": {
					"rotation": [-4.50105, "-36.8657-math.sin(q.anim_time*90*2)*2", "18.7687-math.sin(q.anim_time*90*2)*4"]
				},
				"right_arm_nub": {
					"rotation": [49.14474, "-22.1587+math.sin(q.anim_time*90*2)*4", 1.64897]
				},
				"right_claw": {
					"rotation": [-7.5, -12.5, 0]
				},
				"right_claw_bottom": {
					"rotation": [0, "6+math.sin(q.anim_time*90*2-120)*6", 0]
				},
				"top_left_membrane": {
					"rotation": [0, 0, 42.5],
					"position": [1, 1, 0]
				},
				"top_right_membrane": {
					"rotation": [0, 0, -42.5],
					"position": [-1, 1, 0]
				},
				"middle_left_membrane": {
					"rotation": [0, 0, 20]
				},
				"middle_right_membrane": {
					"rotation": [0, 0, -20]
				},
				"bottom_left_membrane": {
					"rotation": [0, 0, 7.5]
				},
				"bottom_right_membrane": {
					"rotation": [0, 0, -7.5]
				},
				"tail_segment_1": {
					"rotation": ["30+math.sin(q.anim_time*90*4)*1", "math.sin(q.anim_time*90*2+90)*3", "-math.sin(q.anim_time*90*2+90)*2"],
					"position": [0, 2, 1]
				},
				"tail_segment_2": {
					"rotation": [47.5, "0+math.sin(q.anim_time*90*2+0)*6", 0]
				},
				"tail_segment_3": {
					"rotation": [40, "0+math.sin(q.anim_time*90*2-90)*6", 0]
				},
				"tail_segment_4": {
					"rotation": [32.5, "0+math.sin(q.anim_time*90*2-120)*6", 0]
				},
				"tail_segment_end": {
					"rotation": [17.5, "0+math.sin(q.anim_time*90*2-120)*6", 0]
				},
				"left_thigh": {
					"rotation": ["2.5+math.sin(q.anim_time*90*2-15+180)*6", -15, 0],
					"position": [-0.5, "-0.7+math.sin(q.anim_time*90*2-20+180)*0.4", "0+math.sin(q.anim_time*90*2-20)*0.1"]
				},
				"left_calf": {
					"rotation": ["15+math.sin(q.anim_time*90*2-30)*8", 0, 0]
				},
				"left_foot": {
					"rotation": ["-17.5+math.sin(q.anim_time*90*2-45+180)*3", 0, 0]
				},
				"right_thigh": {
					"rotation": ["2.5+math.sin(q.anim_time*90*2-15+180)*6", 15, 0],
					"position": [0.5, "-0.7+math.sin(q.anim_time*90*2-20+180)*0.4", "0+math.sin(q.anim_time*90*2-20)*0.1"]
				},
				"right_calf": {
					"rotation": ["15+math.sin(q.anim_time*90*2-30)*8", 0, 0]
				},
				"right_foot": {
					"rotation": ["-17.5+math.sin(q.anim_time*90*2-45+180)*3", 0, 0]
				}
			}
		},
		"animation.gliscor.ground_walk": {
			"loop": true,
			"animation_length": 1,
			"bones": {
				"left_flying_membrane": {
					"rotation": {
						"0.0": {
							"post": [-21.55613, 6.60796, 16.24074],
							"lerp_mode": "catmullrom"
						},
						"0.28": {
							"post": [-0.05299, 11.48682, 14.88268],
							"lerp_mode": "catmullrom"
						},
						"0.56": {
							"post": [22.04967, 25.02681, 19.30486],
							"lerp_mode": "catmullrom"
						},
						"0.8": {
							"post": [12.18093, 20.71176, 18.24694],
							"lerp_mode": "catmullrom"
						},
						"1.0": {
							"post": [-21.55613, 6.60796, 16.24074],
							"lerp_mode": "catmullrom"
						}
					}
				},
				"left_upper_membrane": {
					"rotation": [0, 0, 5]
				},
				"left_lower_membrane": {
					"rotation": [0, 0, -12.5]
				},
				"right_flying_membrane": {
					"rotation": {
						"0.0": {
							"post": [20.56, -23.95, -18.91],
							"lerp_mode": "catmullrom"
						},
						"0.04": {
							"post": [22.04967, -25.0268, -19.3049],
							"lerp_mode": "catmullrom"
						},
						"0.28": {
							"post": [12.18093, -25.0268, -19.3049],
							"lerp_mode": "catmullrom"
						},
						"0.48": {
							"post": [-19.05613, -6.608, -16.2407],
							"lerp_mode": "catmullrom"
						},
						"0.52": {
							"post": [-19.05613, -6.608, -16.2407],
							"lerp_mode": "catmullrom"
						},
						"0.8": {
							"post": [-0.05299, -11.4868, -14.8827],
							"lerp_mode": "catmullrom"
						},
						"1.0": {
							"post": [20.56, -23.95, -18.91],
							"lerp_mode": "catmullrom"
						}
					}
				},
				"right_upper_membrane": {
					"rotation": [0, 0, -5]
				},
				"right_lower_membrane": {
					"rotation": [0, 0, 12.5]
				},
				"tail_end": {
					"rotation": [15, "Math.cos((query.anim_time) * 90 * 4 - 90) * -6", 0]
				},
				"left_upper_leg": {
					"rotation": {
						"0.0": {
							"post": [-40, 0, 0],
							"lerp_mode": "catmullrom"
						},
						"0.16": {
							"post": [-23.75, 0, 0],
							"lerp_mode": "catmullrom"
						},
						"0.36": {
							"post": [17.33, 0, 0],
							"lerp_mode": "catmullrom"
						},
						"0.52": {
							"post": [25, 0, 0],
							"lerp_mode": "catmullrom"
						},
						"0.64": {
							"post": [13.75, 0, 0],
							"lerp_mode": "catmullrom"
						},
						"0.8": {
							"post": [-20.75, 0, 0],
							"lerp_mode": "catmullrom"
						},
						"0.92": {
							"post": [-35.5, 0, 0],
							"lerp_mode": "catmullrom"
						},
						"1.0": {
							"post": [-40, 0, 0],
							"lerp_mode": "catmullrom"
						}
					},
					"position": {
						"0.0": [0, 0.2, -0.5],
						"0.24": [0, 0, 0],
						"0.56": [0, 0, 0.3],
						"0.72": [0, 0.2, 0.2],
						"1.0": [0, 0.2, -0.5]
					}
				},
				"left_lower_leg": {
					"rotation": {
						"0.0": {
							"post": [30, 0, 0],
							"lerp_mode": "catmullrom"
						},
						"0.24": {
							"post": [5, 0, 0],
							"lerp_mode": "catmullrom"
						},
						"0.52": {
							"post": [2.5, 0, 0],
							"lerp_mode": "catmullrom"
						},
						"0.76": {
							"post": [60, 0, 0],
							"lerp_mode": "catmullrom"
						},
						"0.84": {
							"post": [42.3, 0, 0],
							"lerp_mode": "catmullrom"
						},
						"1.0": {
							"post": [30, 0, 0],
							"lerp_mode": "catmullrom"
						}
					}
				},
				"left_leg_foot": {
					"rotation": {
						"0.16": {
							"pre": [0, 0, 0],
							"post": [0, 0, 0],
							"lerp_mode": "catmullrom"
						},
						"0.24": {
							"post": [2.5, 0, 0],
							"lerp_mode": "catmullrom"
						},
						"0.32": {
							"post": [-10, 0, 0],
							"lerp_mode": "catmullrom"
						},
						"0.56": {
							"post": [-15, 0, 0],
							"lerp_mode": "catmullrom"
						},
						"0.84": {
							"post": [0, 0, 0],
							"lerp_mode": "catmullrom"
						}
					}
				},
				"left_toe": {
					"rotation": {
						"0.0": {
							"post": [0, 0, 0],
							"lerp_mode": "catmullrom"
						},
						"0.28": {
							"post": [0, 0, 0],
							"lerp_mode": "catmullrom"
						},
						"0.48": {
							"post": [-10, 0, 0],
							"lerp_mode": "catmullrom"
						},
						"0.68": {
							"post": [-30, 0, 0],
							"lerp_mode": "catmullrom"
						},
						"0.84": {
							"post": [0, 0, 0],
							"lerp_mode": "catmullrom"
						}
					}
				},
				"right_upper_leg": {
					"rotation": {
						"0.0": {
							"post": [25, 0, 0],
							"lerp_mode": "catmullrom"
						},
						"0.12": {
							"post": [13.75, 0, 0],
							"lerp_mode": "catmullrom"
						},
						"0.28": {
							"post": [-20.75, 0, 0],
							"lerp_mode": "catmullrom"
						},
						"0.4": {
							"post": [-35.5, 0, 0],
							"lerp_mode": "catmullrom"
						},
						"0.52": {
							"post": [-40, 0, 0],
							"lerp_mode": "catmullrom"
						},
						"0.68": {
							"post": [-23.75, 0, 0],
							"lerp_mode": "catmullrom"
						},
						"0.88": {
							"post": [17.33, 0, 0],
							"lerp_mode": "catmullrom"
						},
						"1.0": {
							"post": [25, 0, 0],
							"lerp_mode": "catmullrom"
						}
					},
					"position": {
						"0.0": [0, 0, 0.26],
						"0.04": [0, 0, 0.3],
						"0.2": [0, 0.2, 0.2],
						"0.48": [0, 0.2, -0.5],
						"0.72": [0, 0, 0],
						"1.0": [0, 0, 0.26]
					}
				},
				"right_lower_leg": {
					"rotation": {
						"0.0": {
							"post": [2.5, 0, 0],
							"lerp_mode": "catmullrom"
						},
						"0.24": {
							"post": [60, 0, 0],
							"lerp_mode": "catmullrom"
						},
						"0.32": {
							"post": [42.3, 0, 0],
							"lerp_mode": "catmullrom"
						},
						"0.52": {
							"post": [30, 0, 0],
							"lerp_mode": "catmullrom"
						},
						"0.76": {
							"post": [5, 0, 0],
							"lerp_mode": "catmullrom"
						},
						"1.0": {
							"post": [2.5, 0, 0],
							"lerp_mode": "catmullrom"
						}
					}
				},
				"right_leg_foot": {
					"rotation": {
						"0.0": {
							"post": [-15.09, 0, 0],
							"lerp_mode": "catmullrom"
						},
						"0.08": {
							"post": [-15, 0, 0],
							"lerp_mode": "catmullrom"
						},
						"0.36": {
							"post": [0, 0, 0],
							"lerp_mode": "catmullrom"
						},
						"0.68": {
							"post": [0, 0, 0],
							"lerp_mode": "catmullrom"
						},
						"0.76": {
							"post": [2.5, 0, 0],
							"lerp_mode": "catmullrom"
						},
						"0.84": {
							"post": [-10, 0, 0],
							"lerp_mode": "catmullrom"
						},
						"1.0": {
							"post": [-15.09, 0, 0],
							"lerp_mode": "catmullrom"
						}
					}
				},
				"right_toe": {
					"rotation": {
						"0.0": {
							"post": [-10, 0, 0],
							"lerp_mode": "catmullrom"
						},
						"0.2": {
							"post": [-30, 0, 0],
							"lerp_mode": "catmullrom"
						},
						"0.36": {
							"post": [0, 0, 0],
							"lerp_mode": "catmullrom"
						},
						"0.8": {
							"post": [0, 0, 0],
							"lerp_mode": "catmullrom"
						},
						"1.0": {
							"post": [-10, 0, 0],
							"lerp_mode": "catmullrom"
						}
					}
				},
				"torso": {
					"rotation": ["-15+Math.cos((query.anim_time) * 90 * 4*2-90) * 2", "-Math.cos((query.anim_time) * 90 * 2*2-150) * 4", 0],
					"position": [0, "0+Math.cos((query.anim_time) * 90 * 4*2) * 0.4", 0]
				},
				"lower_spine": {
					"rotation": [10, "math.sin(q.anim_time*90*4-45)*-2", "math.sin(q.anim_time*90*4-45)*-1"]
				},
				"lower_spine2": {
					"rotation": ["15+math.sin(q.anim_time*90*4*2-45)*2", 0, 0]
				},
				"upper_torso": {
					"rotation": [15, "math.sin(q.anim_time*90*4-45)*5", 0]
				},
				"head": {
					"rotation": ["-14+Math.cos((query.anim_time) * 90 * 4*2-50) * -2", 0, 0],
					"position": [0, 0, 0]
				},
				"left_ear": {
					"rotation": ["Math.cos((query.anim_time) * 90 * 4*2 -30) * -2", 0, 0]
				},
				"right_ear": {
					"rotation": ["Math.cos((query.anim_time) * 90 * 4*2 -30) * -2", 0, 0]
				},
				"left_upper_arm": {
					"rotation": [-4.58148, "-1.3499+Math.cos((query.anim_time) * 90 * 4) * -10", 48.06507],
					"position": [0, 0, "0.5*math.cos((query.anim_time)*90*4-60)"]
				},
				"left_lower_arm": {
					"rotation": [-6.48009, "54.7168+Math.cos((query.anim_time) * 90 * 4 - 60) * -5", 4.32169]
				},
				"left_arm_nub": {
					"rotation": [56.43374, "25.9128+Math.cos((query.anim_time) * 90 * 4 - 60) * -5", 1.24793]
				},
				"left_claw": {
					"rotation": [2.35666, 17.34551, 7.85952]
				},
				"right_upper_arm": {
					"rotation": [-4.58148, "1.3499+Math.cos((query.anim_time) * 90 * 4) * -10", -48.06507],
					"position": [0, 0, "0.5*math.cos((query.anim_time)*90*4-60)"]
				},
				"right_lower_arm": {
					"rotation": [-6.48009, "-54.7168+Math.cos((query.anim_time) * 90 * 4 - 60) * -5", -4.32169]
				},
				"right_arm_nub": {
					"rotation": [56.43374, "-25.9128+Math.cos((query.anim_time) * 90 * 4 - 60) * -5", -1.24793]
				},
				"right_claw": {
					"rotation": [2.35666, -17.34551, -7.85952]
				},
				"top_left_membrane": {
					"rotation": [0, 0, 42.5],
					"position": [1, 1, 0]
				},
				"top_right_membrane": {
					"rotation": [0, 0, -42.5],
					"position": [-1, 1, 0]
				},
				"middle_left_membrane": {
					"rotation": [0, 0, 20]
				},
				"middle_right_membrane": {
					"rotation": [0, 0, -20]
				},
				"bottom_left_membrane": {
					"rotation": [0, 0, 7.5]
				},
				"bottom_right_membrane": {
					"rotation": [0, 0, -7.5]
				},
				"tail_segment_1": {
					"rotation": ["57.5+math.sin(q.anim_time*90*4*2-45)*2", "Math.cos((query.anim_time) * 90 * 4) * -3", 0]
				},
				"tail_segment_2": {
					"rotation": ["33.7611+math.sin(q.anim_time*90*4*2-75)*2", "Math.cos((query.anim_time) * 90 * 4 - 30) * -5", 0]
				},
				"tail_segment_3": {
					"rotation": ["32.5+math.sin(q.anim_time*90*4*2-105)*2", "Math.cos((query.anim_time) * 90 * 4 - 60) * -5", 0]
				},
				"tail_segment_4": {
					"rotation": ["32.5+math.sin(q.anim_time*90*4*2-135)*2", "Math.cos((query.anim_time) * 90 * 4 - 90) * -5", 0]
				},
				"tail_segment_end": {
					"rotation": ["32.5+math.sin(q.anim_time*90*4*2-165)*1", "Math.cos((query.anim_time) * 90 * 4 - 120) * -8", 0]
				},
				"left_thigh": {
					"rotation": {
						"0.0": {
							"post": [-40, 0, 0],
							"lerp_mode": "catmullrom"
						},
						"0.16": {
							"post": [-23.75, 0, 0],
							"lerp_mode": "catmullrom"
						},
						"0.36": {
							"post": [17.33, 0, 0],
							"lerp_mode": "catmullrom"
						},
						"0.52": {
							"post": [25, 0, 0],
							"lerp_mode": "catmullrom"
						},
						"0.64": {
							"post": [13.75, 0, 0],
							"lerp_mode": "catmullrom"
						},
						"0.8": {
							"post": [-20.75, 0, 0],
							"lerp_mode": "catmullrom"
						},
						"0.92": {
							"post": [-35.5, 0, 0],
							"lerp_mode": "catmullrom"
						},
						"1.0": {
							"post": [-40, 0, 0],
							"lerp_mode": "catmullrom"
						}
					},
					"position": {
						"0.0": [0, 0.2, -0.5],
						"0.24": [0, 0, 0],
						"0.56": [0, 0.3, 0.9],
						"0.72": [0, 0.9, 0.2],
						"1.0": [0, 0.2, -0.5]
					}
				},
				"left_calf": {
					"rotation": {
						"0.0": {
							"post": [30, 0, 0],
							"lerp_mode": "catmullrom"
						},
						"0.24": {
							"post": [5, 0, 0],
							"lerp_mode": "catmullrom"
						},
						"0.52": {
							"post": [2.5, 0, 0],
							"lerp_mode": "catmullrom"
						},
						"0.76": {
							"post": [40, 0, 0],
							"lerp_mode": "catmullrom"
						},
						"0.84": {
							"post": [42.3, 0, 0],
							"lerp_mode": "catmullrom"
						},
						"1.0": {
							"post": [30, 0, 0],
							"lerp_mode": "catmullrom"
						}
					}
				},
				"left_foot": {
					"rotation": {
						"0.0": {
							"post": [0, 0, 0],
							"lerp_mode": "catmullrom"
						},
						"0.08": {
							"post": [2.5, 0, 0],
							"lerp_mode": "catmullrom"
						},
						"0.16": {
							"post": [-10, 0, 0],
							"lerp_mode": "catmullrom"
						},
						"0.4": {
							"post": [-15, 0, 0],
							"lerp_mode": "catmullrom"
						},
						"0.68": {
							"post": [0, 0, 0],
							"lerp_mode": "catmullrom"
						}
					}
				},
				"left_inner_toe": {
					"rotation": {
						"0.0": {
							"post": [0, 0, 0],
							"lerp_mode": "catmullrom"
						},
						"0.28": {
							"post": [0, 0, 0],
							"lerp_mode": "catmullrom"
						},
						"0.48": {
							"post": [-10, 0, 0],
							"lerp_mode": "catmullrom"
						},
						"0.68": {
							"post": [-30, 0, 0],
							"lerp_mode": "catmullrom"
						},
						"0.84": {
							"post": [0, 0, 0],
							"lerp_mode": "catmullrom"
						}
					}
				},
				"left_outer_toe": {
					"rotation": {
						"0.0": {
							"post": [0, 0, 0],
							"lerp_mode": "catmullrom"
						},
						"0.28": {
							"post": [0, 0, 0],
							"lerp_mode": "catmullrom"
						},
						"0.48": {
							"post": [-10, 0, 0],
							"lerp_mode": "catmullrom"
						},
						"0.68": {
							"post": [-30, 0, 0],
							"lerp_mode": "catmullrom"
						},
						"0.84": {
							"post": [0, 0, 0],
							"lerp_mode": "catmullrom"
						}
					}
				},
				"right_thigh": {
					"rotation": {
						"0.0": {
							"post": [25, 0, 0],
							"lerp_mode": "catmullrom"
						},
						"0.12": {
							"post": [13.75, 0, 0],
							"lerp_mode": "catmullrom"
						},
						"0.28": {
							"post": [-20.75, 0, 0],
							"lerp_mode": "catmullrom"
						},
						"0.4": {
							"post": [-35.5, 0, 0],
							"lerp_mode": "catmullrom"
						},
						"0.52": {
							"post": [-40, 0, 0],
							"lerp_mode": "catmullrom"
						},
						"0.68": {
							"post": [-23.75, 0, 0],
							"lerp_mode": "catmullrom"
						},
						"0.88": {
							"post": [17.33, 0, 0],
							"lerp_mode": "catmullrom"
						},
						"1.0": {
							"post": [25, 0, 0],
							"lerp_mode": "catmullrom"
						}
					},
					"position": {
						"0.0": [0, 0.26, 0.79],
						"0.04": [0, 0.3, 0.9],
						"0.2": [0, 0.9, 0.2],
						"0.48": [0, 0.2, -0.5],
						"0.72": [0, 0, 0],
						"1.0": [0, 0.26, 0.79]
					}
				},
				"right_calf": {
					"rotation": {
						"0.0": {
							"post": [2.5, 0, 0],
							"lerp_mode": "catmullrom"
						},
						"0.24": {
							"post": [40, 0, 0],
							"lerp_mode": "catmullrom"
						},
						"0.32": {
							"post": [42.3, 0, 0],
							"lerp_mode": "catmullrom"
						},
						"0.52": {
							"post": [30, 0, 0],
							"lerp_mode": "catmullrom"
						},
						"0.76": {
							"post": [5, 0, 0],
							"lerp_mode": "catmullrom"
						},
						"1.0": {
							"post": [2.5, 0, 0],
							"lerp_mode": "catmullrom"
						}
					}
				},
				"right_foot": {
					"rotation": {
						"0.0": {
							"post": [-15.09, 0, 0],
							"lerp_mode": "catmullrom"
						},
						"0.08": {
							"post": [-15, 0, 0],
							"lerp_mode": "catmullrom"
						},
						"0.36": {
							"post": [0, 0, 0],
							"lerp_mode": "catmullrom"
						},
						"0.68": {
							"post": [0, 0, 0],
							"lerp_mode": "catmullrom"
						},
						"0.76": {
							"post": [2.5, 0, 0],
							"lerp_mode": "catmullrom"
						},
						"0.84": {
							"post": [-10, 0, 0],
							"lerp_mode": "catmullrom"
						},
						"1.0": {
							"post": [-15.09, 0, 0],
							"lerp_mode": "catmullrom"
						}
					}
				},
				"right_inner_toe": {
					"rotation": {
						"0.0": {
							"post": [-10, 0, 0],
							"lerp_mode": "catmullrom"
						},
						"0.2": {
							"post": [-30, 0, 0],
							"lerp_mode": "catmullrom"
						},
						"0.36": {
							"post": [0, 0, 0],
							"lerp_mode": "catmullrom"
						},
						"0.8": {
							"post": [0, 0, 0],
							"lerp_mode": "catmullrom"
						},
						"1.0": {
							"post": [-10, 0, 0],
							"lerp_mode": "catmullrom"
						}
					}
				},
				"right_outer_toe": {
					"rotation": {
						"0.0": {
							"post": [-10, 0, 0],
							"lerp_mode": "catmullrom"
						},
						"0.2": {
							"post": [-30, 0, 0],
							"lerp_mode": "catmullrom"
						},
						"0.36": {
							"post": [0, 0, 0],
							"lerp_mode": "catmullrom"
						},
						"0.8": {
							"post": [0, 0, 0],
							"lerp_mode": "catmullrom"
						},
						"1.0": {
							"post": [-10, 0, 0],
							"lerp_mode": "catmullrom"
						}
					}
				},
				"flying_membrane": {
					"rotation": ["math.sin(q.anim_time*90*4*2-75)*2", "Math.cos((query.anim_time) * 90 * 4) * -3", 0]
				}
			}
		},
		"animation.gliscor.battle_idle": {
			"loop": true,
			"bones": {
				"left_pincer": {
					"rotation": [0, 0, 25]
				},
				"left_flying_membrane": {
					"rotation": [-5, 0, 0],
					"position": [0, 0, -0.3]
				},
				"left_upper_membrane": {
					"rotation": [-0.00863, 7.49885, "-22.6316+math.sin(q.anim_time*90*1-45)*-5"]
				},
				"left_middle_membrane": {
					"rotation": [2.34489, 2.60568, "-15.0026+math.sin(q.anim_time*90*1-45)*-2.5"]
				},
				"left_lower_membrane": {
					"rotation": [0, 0, -15]
				},
				"right_upper_membrane": {
					"rotation": [-0.00863, -7.49885, "22.6316+math.sin(q.anim_time*90*1-45)*-5"]
				},
				"right_middle_membrane": {
					"rotation": [2.34489, -2.60568, "15.0026+math.sin(q.anim_time*90*1-45)*-2.5"]
				},
				"right_lower_membrane": {
					"rotation": [0, 0, 15]
				},
				"tail_end": {
					"rotation": ["+math.sin(q.anim_time*90*1-75)*5", "+math.sin(q.anim_time*90*1-15)*5", 0]
				},
				"left_upper_leg": {
					"rotation": ["-46.9674-math.sin(q.anim_time*90*1)*4", -34.24473, 3.82626],
					"position": [0.5, -0.4, -0.5]
				},
				"left_lower_leg": {
					"rotation": ["27.4753+math.sin(q.anim_time*90*1+30)*10", 1.34295, -2.10886]
				},
				"left_leg_nub": {
					"rotation": [24.93987, 12.59816, 1.93586]
				},
				"left_leg_foot": {
					"rotation": [20, 0, 0]
				},
				"left_toe": {
					"rotation": [10, 0, 0]
				},
				"right_upper_leg": {
					"rotation": ["-46.9674-math.sin(q.anim_time*90*1)*4", 34.24473, -3.82626],
					"position": [-0.5, -0.4, -0.5]
				},
				"right_lower_leg": {
					"rotation": ["27.4753+math.sin(q.anim_time*90*1+30)*10", -1.34295, 2.10886]
				},
				"right_leg_nub": {
					"rotation": [24.93987, -12.59816, -1.93586]
				},
				"right_leg_foot": {
					"rotation": [20, 0, 0]
				},
				"right_toe": {
					"rotation": [10, 0, 0]
				},
				"right_pincer": {
					"rotation": [0, 0, -25]
				},
				"body": {
					"rotation": ["15+math.sin(q.anim_time*90*1-45)*-5", 0, 0],
					"position": ["math.cos(q.anim_time*90*1-15)*1.5", "16+math.sin(q.anim_time*90*1-15)*1", 0]
				},
				"torso": {
					"rotation": [-47.5, 0, 0]
				},
				"lower_spine": {
					"rotation": ["17.5+math.sin(q.anim_time*90*1-45)*5", 0, 0]
				},
				"lower_spine2": {
					"rotation": [20, 0, 0]
				},
				"upper_torso": {
					"rotation": ["15+math.sin(q.anim_time*90*1-45)*-10", 0, 0]
				},
				"head": {
					"rotation": ["-15-math.sin(q.anim_time*90*1-45)*-15", "-math.sin(q.anim_time*90*0.5-45)*2", 0]
				},
				"mouth_open": {
					"position": [0, 0, -0.1]
				},
				"face": {
					"position": [0, "0.5+math.sin(q.anim_time*90*1-45)*0.2", 0]
				},
				"tongue": {
					"position": [0, -1, 0]
				},
				"tongue_tip": {
					"position": [0, 0, -0.1]
				},
				"left_upper_arm": {
					"rotation": [-41.60998, 0.20541, "22.0919+math.sin(q.anim_time*90*1-45)*-5"],
					"position": [0, -1, 0.5]
				},
				"left_lower_arm": {
					"rotation": [12.92973, 63.72685, 25.53661]
				},
				"left_arm_nub": {
					"rotation": [57.5, "5+math.sin(q.anim_time*90*1-45)*2.5", 0]
				},
				"left_claw": {
					"rotation": [35, "5+math.sin(q.anim_time*90*1-75)*2.5", 0]
				},
				"left_claw_top": {
					"rotation": [0, 7.5, 0]
				},
				"left_claw_bottom": {
					"rotation": [0, -10, 0]
				},
				"right_upper_arm": {
					"rotation": [-41.60998, -0.20541, "-22.0919+math.sin(q.anim_time*90*1-45)*-5"],
					"position": [0, -1, 0.5]
				},
				"right_lower_arm": {
					"rotation": [12.92973, -63.72685, -25.53661]
				},
				"right_arm_nub": {
					"rotation": [57.5, "-5+math.sin(q.anim_time*90*1-45)*2.5", 0]
				},
				"right_claw": {
					"rotation": [35, "-5+math.sin(q.anim_time*90*1-75)*2.5", 0]
				},
				"right_claw_top": {
					"rotation": [0, -7.5, 0]
				},
				"right_claw_bottom": {
					"rotation": [0, 10, 0]
				},
				"tail_segment_1": {
					"rotation": ["40+math.sin(q.anim_time*90*1-45)*5", 0, 0]
				},
				"tail_segment_2": {
					"rotation": ["-12.5++math.sin(q.anim_time*90*1-75)*5", "0++math.sin(q.anim_time*90*1-15)*5", 0]
				},
				"tail_segment_3": {
					"rotation": ["-20++math.sin(q.anim_time*90*1-75)*5", "+math.sin(q.anim_time*90*1-15)*5", 0]
				},
				"tail_segment_4": {
					"rotation": ["-27.5++math.sin(q.anim_time*90*1-75)*5", "0++math.sin(q.anim_time*90*1-15)*5", 0]
				},
				"tail_segment_end": {
					"rotation": ["-30++math.sin(q.anim_time*90*1-75)*5", "0++math.sin(q.anim_time*90*1-15)*5", 0]
				},
				"left_thigh": {
					"rotation": ["-64.7509-math.sin(q.anim_time*90*1)*5", -57.67617, 23.02669]
				},
				"left_calf": {
					"rotation": ["7.5+math.sin(q.anim_time*90*1+30)*10", 0, 0]
				},
				"left_foot": {
					"rotation": ["27.3836+math.sin(q.anim_time*90*1+100)*10", 2.60697, 1.51187]
				},
				"right_thigh": {
					"rotation": ["-64.7509+math.sin(q.anim_time*90*1)*5", 57.67617, -23.02669]
				},
				"right_calf": {
					"rotation": ["7.5+math.sin(q.anim_time*90*1+30)*10", 0, 0]
				},
				"right_foot": {
					"rotation": ["27.3836+math.sin(q.anim_time*90*1+100)*10", -2.60697, -1.51187]
				}
			}
		},
		"animation.gliscor.air_idle": {
			"loop": true,
			"bones": {
				"left_pincer": {
					"rotation": [0, 0, 25]
				},
				"left_flying_membrane": {
					"rotation": [-5, 0, 0],
					"position": [0, 0, -0.3]
				},
				"left_upper_membrane": {
					"rotation": [-0.00863, 7.49885, "-22.6316+math.sin(q.anim_time*90*1-45)*-5"]
				},
				"left_middle_membrane": {
					"rotation": [2.34489, 2.60568, "-15.0026+math.sin(q.anim_time*90*1-45)*-2.5"]
				},
				"left_lower_membrane": {
					"rotation": [0, 0, -15]
				},
				"right_upper_membrane": {
					"rotation": [-0.00863, -7.49885, "22.6316+math.sin(q.anim_time*90*1-45)*-5"]
				},
				"right_middle_membrane": {
					"rotation": [2.34489, -2.60568, "15.0026+math.sin(q.anim_time*90*1-45)*-2.5"]
				},
				"right_lower_membrane": {
					"rotation": [0, 0, 15]
				},
				"tail_end": {
					"rotation": ["+math.sin(q.anim_time*90*1-75)*5", "+math.sin(q.anim_time*90*1-15)*5", 0]
				},
				"left_upper_leg": {
					"rotation": ["-46.9674-math.sin(q.anim_time*90*1)*4", -34.24473, 3.82626],
					"position": [0.5, -0.4, -0.5]
				},
				"left_lower_leg": {
					"rotation": ["27.4753+math.sin(q.anim_time*90*1+30)*10", 1.34295, -2.10886]
				},
				"left_leg_nub": {
					"rotation": [24.93987, 12.59816, 1.93586]
				},
				"left_leg_foot": {
					"rotation": [20, 0, 0]
				},
				"left_toe": {
					"rotation": [10, 0, 0]
				},
				"right_upper_leg": {
					"rotation": ["-46.9674-math.sin(q.anim_time*90*1)*4", 34.24473, -3.82626],
					"position": [-0.5, -0.4, -0.5]
				},
				"right_lower_leg": {
					"rotation": ["27.4753+math.sin(q.anim_time*90*1+30)*10", -1.34295, 2.10886]
				},
				"right_leg_nub": {
					"rotation": [24.93987, -12.59816, -1.93586]
				},
				"right_leg_foot": {
					"rotation": [20, 0, 0]
				},
				"right_toe": {
					"rotation": [10, 0, 0]
				},
				"right_pincer": {
					"rotation": [0, 0, -25]
				},
				"body": {
					"rotation": ["15+math.sin(q.anim_time*90*1-45)*-5", 0, 0],
					"position": ["math.cos(q.anim_time*90*1-15)*1.5", "math.sin(q.anim_time*90*1-15)*1", 0]
				},
				"torso": {
					"rotation": [-47.5, 0, 0]
				},
				"lower_spine": {
					"rotation": ["17.5+math.sin(q.anim_time*90*1-45)*5", 0, 0]
				},
				"lower_spine2": {
					"rotation": [20, 0, 0]
				},
				"upper_torso": {
					"rotation": ["15+math.sin(q.anim_time*90*1-45)*-10", 0, 0]
				},
				"head": {
					"rotation": ["-15-math.sin(q.anim_time*90*1-45)*-15", "-math.sin(q.anim_time*90*0.5-45)*2", 0]
				},
				"mouth_open": {
					"position": [0, 0, -0.1]
				},
				"face": {
					"position": [0, "0.5+math.sin(q.anim_time*90*1-45)*0.2", 0]
				},
				"tongue": {
					"position": [0, -1, 0]
				},
				"tongue_tip": {
					"position": [0, 0, -0.1]
				},
				"left_upper_arm": {
					"rotation": [-41.60998, 0.20541, "22.0919+math.sin(q.anim_time*90*1-45)*-5"],
					"position": [0, -1, 0.5]
				},
				"left_lower_arm": {
					"rotation": [12.92973, 63.72685, 25.53661]
				},
				"left_arm_nub": {
					"rotation": [57.5, "5+math.sin(q.anim_time*90*1-45)*2.5", 0]
				},
				"left_claw": {
					"rotation": [35, "5+math.sin(q.anim_time*90*1-75)*2.5", 0]
				},
				"left_claw_top": {
					"rotation": [0, 7.5, 0]
				},
				"left_claw_bottom": {
					"rotation": [0, -10, 0]
				},
				"right_upper_arm": {
					"rotation": [-41.60998, -0.20541, "-22.0919+math.sin(q.anim_time*90*1-45)*-5"],
					"position": [0, -1, 0.5]
				},
				"right_lower_arm": {
					"rotation": [12.92973, -63.72685, -25.53661]
				},
				"right_arm_nub": {
					"rotation": [57.5, "-5+math.sin(q.anim_time*90*1-45)*2.5", 0]
				},
				"right_claw": {
					"rotation": [35, "-5+math.sin(q.anim_time*90*1-75)*2.5", 0]
				},
				"right_claw_top": {
					"rotation": [0, -7.5, 0]
				},
				"right_claw_bottom": {
					"rotation": [0, 10, 0]
				},
				"tail_segment_1": {
					"rotation": ["40+math.sin(q.anim_time*90*1-45)*5", 0, 0]
				},
				"tail_segment_2": {
					"rotation": ["-12.5++math.sin(q.anim_time*90*1-75)*5", "0++math.sin(q.anim_time*90*1-15)*5", 0]
				},
				"tail_segment_3": {
					"rotation": ["-20++math.sin(q.anim_time*90*1-75)*5", "+math.sin(q.anim_time*90*1-15)*5", 0]
				},
				"tail_segment_4": {
					"rotation": ["-27.5++math.sin(q.anim_time*90*1-75)*5", "0++math.sin(q.anim_time*90*1-15)*5", 0]
				},
				"tail_segment_end": {
					"rotation": ["-30++math.sin(q.anim_time*90*1-75)*5", "0++math.sin(q.anim_time*90*1-15)*5", 0]
				},
				"left_thigh": {
					"rotation": ["-64.7509-math.sin(q.anim_time*90*1)*5", -57.67617, 23.02669]
				},
				"left_calf": {
					"rotation": ["7.5+math.sin(q.anim_time*90*1+30)*10", 0, 0]
				},
				"left_foot": {
					"rotation": ["27.3836+math.sin(q.anim_time*90*1+100)*10", 2.60697, 1.51187]
				},
				"right_thigh": {
					"rotation": ["-64.7509+math.sin(q.anim_time*90*1)*5", 57.67617, -23.02669]
				},
				"right_calf": {
					"rotation": ["7.5+math.sin(q.anim_time*90*1+30)*10", 0, 0]
				},
				"right_foot": {
					"rotation": ["27.3836+math.sin(q.anim_time*90*1+100)*10", -2.60697, -1.51187]
				}
			}
		},
		"animation.gliscor.air_fly": {
			"loop": true,
			"bones": {
				"left_flying_membrane": {
					"rotation": ["10+math.cos(q.anim_time*90*4*4-45)*-1", "0+math.sin(q.anim_time*90*4*4-45)*-1", 0],
					"position": [0, 0, 0.4]
				},
				"left_upper_membrane": {
					"rotation": [17.5, 0, -10]
				},
				"left_middle_membrane": {
					"rotation": [-7.5, -15, -12.5]
				},
				"left_lower_membrane": {
					"rotation": [-17.5, 0, -10]
				},
				"right_flying_membrane": {
					"rotation": ["10+math.cos(q.anim_time*90*4*4-45)*-1", "0-math.sin(q.anim_time*90*4*4-45)*-1", 0],
					"position": [0, 0, 0.4]
				},
				"right_upper_membrane": {
					"rotation": [17.5, 0, 10]
				},
				"right_middle_membrane": {
					"rotation": [-7.5, 15, 12.5]
				},
				"right_lower_membrane": {
					"rotation": [-17.5, 0, 10]
				},
				"tail_end": {
					"rotation": ["7.5++math.sin(q.anim_time*90*4-135)*5", 0, 0]
				},
				"left_upper_leg": {
					"rotation": ["20-math.sin(q.anim_time*90*8-30)*1", 0, -12.5],
					"position": [0, -0.2, 0.5]
				},
				"left_lower_leg": {
					"rotation": ["20-math.sin(q.anim_time*90*8-60)*-1", 0, 0]
				},
				"left_leg_nub": {
					"rotation": ["7.5-math.sin(q.anim_time*90*8-90)*-1", 0, 0]
				},
				"left_leg_foot": {
					"rotation": ["32.5-math.sin(q.anim_time*90*8-120)*-1", 0, 0]
				},
				"left_toe": {
					"rotation": ["0-math.sin(q.anim_time*90*8-150)*-2", 0, 0]
				},
				"right_upper_leg": {
					"rotation": ["20-math.sin(q.anim_time*90*8-30)*1", 0, 12.5],
					"position": [0, -0.2, 0.5]
				},
				"right_lower_leg": {
					"rotation": ["20-math.sin(q.anim_time*90*8-60)*-1", 0, 0]
				},
				"right_leg_nub": {
					"rotation": ["7.5-math.sin(q.anim_time*90*8-90)*-1", 0, 0]
				},
				"right_leg_foot": {
					"rotation": ["32.5-math.sin(q.anim_time*90*8-120)*-1", 0, 0]
				},
				"right_toe": {
					"rotation": ["0-math.sin(q.anim_time*90*8-150)*-2", 0, 0]
				},
				"body": {
					"rotation": ["47.5+math.sin(q.anim_time*90*4*2-45)*-1", 0, 0],
					"position": [0, "math.sin(q.anim_time*90*4-15)*0.2", "9+math.sin(q.anim_time*90*2-15)*0.5"]
				},
				"torso": {
					"rotation": [37.5, 0, 0]
				},
				"lower_spine": {
					"rotation": [10, 0, 0]
				},
				"lower_spine2": {
					"rotation": [-7.5, 0, 0]
				},
				"upper_torso": {
					"rotation": [2.5, 0, 0]
				},
				"head": {
					"rotation": ["-75+math.sin(q.anim_time*90*4*2-145)*-2", 0, 0],
					"position": [0, 0.6, -0.5]
				},
				"mouth_open": {
					"position": [0, 0, -0.1]
				},
				"face": {
					"position": [0, "0.5+math.sin(q.anim_time*90*2-45)*0.1", 0]
				},
				"left_ear": {
					"rotation": ["+math.sin(q.anim_time*90*4*2-205)*-2", 0, 0]
				},
				"right_ear": {
					"rotation": ["+math.sin(q.anim_time*90*4*2-205)*-2", 0, 0]
				},
				"tongue_tip": {
					"position": [0, -1, -0.1]
				},
				"left_upper_arm": {
					"rotation": [-59.10998, 0.20541, "22.0919+math.sin(q.anim_time*90*4-45)*-5"],
					"position": [0, -1, 0.5]
				},
				"left_lower_arm": {
					"rotation": [0, 60, 0]
				},
				"left_arm_nub": {
					"rotation": [-7.5, 20, 0]
				},
				"left_claw": {
					"rotation": [1.31833, 9.88476, 10.14251]
				},
				"right_upper_arm": {
					"rotation": [-59.10998, -0.20541, "-22.0919-math.sin(q.anim_time*90*4-45)*-5"],
					"position": [0, -1, 0.5]
				},
				"right_lower_arm": {
					"rotation": [0, -60, 0]
				},
				"right_arm_nub": {
					"rotation": [-7.5, -20, 0]
				},
				"right_claw": {
					"rotation": [1.31833, -9.88476, -10.14251]
				},
				"flying_membrane": {
					"rotation": ["5+math.cos(q.anim_time*90*4*4-45)*-1", "math.sin(q.anim_time*90*4*4-45)*-1", 0]
				},
				"tail_segment_1": {
					"rotation": ["-12.5+math.sin(q.anim_time*90*4-45)*5", 0, 0]
				},
				"tail_segment_2": {
					"rotation": ["12.5++math.sin(q.anim_time*90*4-75)*5", 0, 0]
				},
				"tail_segment_3": {
					"rotation": ["15++math.sin(q.anim_time*90*4-105)*5", 0, 0]
				},
				"tail_segment_4": {
					"rotation": ["15++math.sin(q.anim_time*90*4-135)*5", 0, 0]
				},
				"tail_segment_end": {
					"rotation": ["15++math.sin(q.anim_time*90*4-165)*5", 0, 0]
				},
				"left_thigh": {
					"rotation": ["20-math.sin(q.anim_time*90*8-30)*1", 0, -12.5],
					"position": [0, -0.2, 0.5]
				},
				"left_calf": {
					"rotation": ["20-math.sin(q.anim_time*90*8-60)*-1", 0, 0]
				},
				"left_foot": {
					"rotation": ["32.5-math.sin(q.anim_time*90*8-120)*-1", 0, 0]
				},
				"left_inner_toe": {
					"rotation": ["0-math.sin(q.anim_time*90*8-150)*-2", 0, 0]
				},
				"left_outer_toe": {
					"rotation": ["0-math.sin(q.anim_time*90*8-150)*-2", 0, 0]
				},
				"right_thigh": {
					"rotation": ["20-math.sin(q.anim_time*90*8-30)*1", 0, 12.5],
					"position": [0, -0.2, 0.5]
				},
				"right_calf": {
					"rotation": ["20-math.sin(q.anim_time*90*8-60)*-1", 0, 0]
				},
				"right_foot": {
					"rotation": ["32.5-math.sin(q.anim_time*90*8-120)*-1", 0, 0]
				},
				"right_inner_toe": {
					"rotation": ["0-math.sin(q.anim_time*90*8-150)*-2", 0, 0]
				},
				"right_outer_toe": {
					"rotation": ["0-math.sin(q.anim_time*90*8-150)*-2", 0, 0]
				}
			}
		},
		"animation.gliscor.test": {
			"loop": true,
			"animation_length": 1,
			"bones": {
				"tongue": {
					"rotation": {
						"0.25": [-10, 0, 0],
						"0.75": [0, 0, 0]
					}
				},
				"tongue_tip": {
					"rotation": {
						"0.25": [35, 0, 0],
						"0.75": [0, 0, 0]
					},
					"position": {
						"0.25": [0, 0, -3],
						"0.5": [0, 0, -3],
						"0.75": [0, 0, 0]
					}
				},
				"gliscor": {
					"position": {
						"0.25": [0, 7, 0],
						"0.75": [0, 0.25, 0]
					}
				},
				"head": {
					"rotation": [-7.5, 0, 0]
				},
				"left_ear_back": {
					"rotation": [0, 0, 0]
				},
				"torso": {
					"rotation": {
						"0.25": [-30, 0, 0],
						"0.75": [-5, 0, 0]
					}
				},
				"lower_spine": {
					"rotation": {
						"0.25": [7.5, 0, 0],
						"0.75": [-7.5, 0, 0]
					}
				},
				"upper_torso": {
					"rotation": {
						"0.25": [10, 0, 0],
						"0.75": [12.5, 0, 0]
					}
				},
				"top_front_chest_armor": {
					"rotation": [0, 0, 0]
				},
				"lower_spine2": {
					"rotation": {
						"0.25": [15, 0, 0],
						"0.75": [12.5, 0, 0]
					}
				},
				"left_calf": {
					"rotation": {
						"0.25": [-17.77694, -2.93925, 9.69463],
						"0.75": [-5.0335, -1.26059, 2.18098]
					}
				},
				"left_thigh": {
					"rotation": {
						"0.25": [-13.32143, -33.39273, -16.57381],
						"0.75": [15.95979, -22.61139, -1.29665]
					}
				},
				"left_foot": {
					"rotation": {
						"0.25": [-14.0155, -17.00117, 19.67362],
						"0.75": [-4.78987, -12.0197, 3.07934]
					}
				},
				"left_outer_toe": {
					"rotation": {
						"0.25": [25, 0, 0],
						"0.75": [0, 0, 0]
					}
				},
				"left_inner_toe": {
					"rotation": {
						"0.25": [15, 0, 0],
						"0.75": [0, 0, 0]
					}
				},
				"left_upper_arm": {
					"rotation": {
						"0.25": [-52.10534, -0.46691, 21.51624],
						"0.75": [15.16955, 1.29256, 39.94548]
					},
					"position": {
						"0.25": [0, 0, 0.5],
						"0.75": [0, 0, 0]
					}
				},
				"left_lower_arm": {
					"rotation": {
						"0.25": [7.56696, 57.16941, 9.24198],
						"0.75": [1.41267, 49.75604, -5.16875]
					}
				},
				"flying_membrane": {
					"rotation": {
						"0.25": [6.98, 0, 0],
						"0.75": [15, 0, 0]
					}
				},
				"top_left_membrane": {
					"rotation": {
						"0.25": [0, 0, -2.5],
						"0.75": [0, 0, 59]
					}
				},
				"middle_left_membrane": {
					"rotation": {
						"0.25": [0, 0, -5],
						"0.75": [0, 0, 34]
					}
				},
				"bottom_left_membrane": {
					"rotation": {
						"0.25": [0, 0, -5],
						"0.75": [0, 0, 15.5]
					}
				},
				"left_arm_nub": {
					"rotation": {
						"0.25": [-12.19099, 8.09966, 13.60369],
						"0.75": [20, 7.5, -7.5]
					}
				},
				"left_claw_bottom": {
					"rotation": {
						"0.25": [0, -32.5, 0],
						"0.75": [0, 0, 0]
					}
				},
				"left_claw_top": {
					"rotation": {
						"0.25": [0, 27.5, 0],
						"0.75": [0, 0, 0]
					}
				},
				"left_claw": {
					"rotation": {
						"0.25": [-5.07673, 9.96156, -0.88045],
						"0.75": [-44.62034, 8.18198, -0.76232]
					}
				},
				"tail_segment_1": {
					"rotation": {
						"0.25": [37.5, 0, 0],
						"0.75": [67.5, 0, 0]
					}
				},
				"tail_segment_2": {
					"rotation": {
						"0.25": [-17.5, 0, 0],
						"0.75": [5, 0, 0]
					}
				},
				"tail_segment_3": {
					"rotation": {
						"0.25": [-20, 0, 0],
						"0.75": [20, 0, 0]
					}
				},
				"tail_segment_4": {
					"rotation": {
						"0.25": [-22.5, 0, 0],
						"0.75": [15, 0, 0]
					}
				},
				"tail_segment_end": {
					"rotation": {
						"0.25": [-17.5, 0, 0],
						"0.75": [2.5, 0, 0]
					}
				},
				"tail_left_stinger": {
					"rotation": {
						"0.25": [-5, 0, 0],
						"0.75": [7.5, 0, 0]
					}
				},
				"tail_right_stinger": {
					"rotation": {
						"0.25": [-5, 0, 0],
						"0.75": [7.5, 0, 0]
					}
				},
				"right_thigh": {
					"rotation": {
						"0.25": [-13.32143, 33.39273, 16.57381],
						"0.75": [15.95979, 22.61139, 1.29665]
					}
				},
				"right_calf": {
					"rotation": {
						"0.25": [-17.77694, 2.93925, -9.69463],
						"0.75": [-5.0335, 1.26059, -2.18098]
					}
				},
				"right_foot": {
					"rotation": {
						"0.25": [-14.0155, 17.00117, -19.67362],
						"0.75": [-4.78987, 12.0197, -3.07934]
					}
				},
				"right_inner_toe": {
					"rotation": {
						"0.25": [15, 0, 0],
						"0.75": [0, 0, 0]
					}
				},
				"right_outer_toe": {
					"rotation": {
						"0.25": [25, 0, 0],
						"0.75": [0, 0, 0]
					}
				},
				"top_right_membrane": {
					"rotation": {
						"0.25": [0, 0, 2.5],
						"0.75": [0, 0, -59]
					}
				},
				"middle_right_membrane": {
					"rotation": {
						"0.25": [0, 0, 5],
						"0.75": [0, 0, -34]
					}
				},
				"bottom_right_membrane": {
					"rotation": {
						"0.25": [0, 0, 5],
						"0.75": [0, 0, -15.5]
					}
				},
				"right_upper_arm": {
					"rotation": {
						"0.25": [-52.10534, 0.46691, -21.51624],
						"0.75": [15.16955, -1.29256, -39.94548]
					},
					"position": {
						"0.25": [0, 0, 0.5],
						"0.75": [0, 0, 0]
					}
				},
				"right_lower_arm": {
					"rotation": {
						"0.25": [7.56696, -57.16941, -9.24198],
						"0.75": [1.41267, -49.75604, 5.16875]
					}
				},
				"right_arm_nub": {
					"rotation": {
						"0.25": [-12.19099, -8.09966, -13.60369],
						"0.75": [20, -7.5, 7.5]
					}
				}
			}
		},
		"animation.gliscor.pose": {
			"loop": true,
			"bones": {
				"gliscor": {
					"position": [0, 7, 0]
				},
				"body": {
					"rotation": [0, 0, 7.5]
				},
				"torso": {
					"rotation": [-29.9055, 2.49762, 4.33287]
				},
				"lower_spine": {
					"rotation": [7.38733, 1.29876, -9.91615]
				},
				"lower_spine2": {
					"rotation": [14.87739, 1.93597, -7.24721]
				},
				"upper_torso": {
					"rotation": [9.99067, 0.43399, -2.46207]
				},
				"head": {
					"rotation": [-7.43656, -0.9762, -7.43656]
				},
				"left_ear_back": {
					"rotation": [0, 0, 0]
				},
				"tongue": {
					"rotation": [32.02521, -17.22575, 3.13388],
					"position": [0, -0.8, -3]
				},
				"tongue_tip": {
					"rotation": [36.06284, -29.07516, -11.26563],
					"position": [0, 0, -3]
				},
				"top_front_chest_armor": {
					"rotation": [0, 0, 0]
				},
				"left_upper_arm": {
					"rotation": [-53.2538, -2.1024, 35.97476],
					"position": [0, 0, 0.5]
				},
				"left_lower_arm": {
					"rotation": [8.78164, 62.11895, 10.64831]
				},
				"left_arm_nub": {
					"rotation": [76.89799, 22.7402, 10.20626]
				},
				"left_claw": {
					"rotation": [4.92327, 9.96156, -0.88045]
				},
				"left_claw_top": {
					"rotation": [0, 7.5, 0]
				},
				"left_claw_bottom": {
					"rotation": [0, -17.5, 0]
				},
				"right_upper_arm": {
					"rotation": [-52.96615, -8.69028, -9.59208],
					"position": [0, 0, 0.5]
				},
				"right_lower_arm": {
					"rotation": [6.03602, -47.23855, -7.3119]
				},
				"right_arm_nub": {
					"rotation": [75.30901, -8.09966, -13.60369]
				},
				"flying_membrane": {
					"rotation": [6.97763, -0.18226, 1.48889]
				},
				"top_left_membrane": {
					"rotation": [0, 0, -2.5]
				},
				"top_right_membrane": {
					"rotation": [0, 0, 2.5]
				},
				"middle_left_membrane": {
					"rotation": [0, 0, -5]
				},
				"middle_right_membrane": {
					"rotation": [0, 0, 5]
				},
				"bottom_left_membrane": {
					"rotation": [0, 0, -5]
				},
				"bottom_right_membrane": {
					"rotation": [0, 0, 5]
				},
				"tail_segment_1": {
					"rotation": [37.52822, -0.65182, -4.95744]
				},
				"tail_segment_2": {
					"rotation": [-22.25002, -2.99318, -9.54589]
				},
				"tail_segment_3": {
					"rotation": [-26.64314, -5.90316, -16.50371]
				},
				"tail_segment_4": {
					"rotation": [-22.01816, -4.75113, -11.57518]
				},
				"tail_segment_end": {
					"rotation": [-12.5, 0, 0]
				},
				"tail_left_stinger": {
					"rotation": [-12.5, 0, 0]
				},
				"tail_right_stinger": {
					"rotation": [-20, 0, 0]
				},
				"left_thigh": {
					"rotation": [-38.32143, -33.39273, -16.57381]
				},
				"left_calf": {
					"rotation": [-5.06951, -7.38186, 7.39054]
				},
				"left_foot": {
					"rotation": [-12.91855, -10.92774, 15.13663]
				},
				"left_inner_toe": {
					"rotation": [15, 0, 0]
				},
				"left_outer_toe": {
					"rotation": [25, 0, 0]
				},
				"right_thigh": {
					"rotation": [6.67857, 33.39273, 16.57381]
				},
				"right_calf": {
					"rotation": [-18.32041, 6.3424, -16.4011]
				},
				"right_foot": {
					"rotation": [-14.0155, 17.00117, -19.67362]
				},
				"right_inner_toe": {
					"rotation": [15, 0, 0]
				},
				"right_outer_toe": {
					"rotation": [25, 0, 0]
				},
				"mouth_open": {
					"position": [0, 0, -0.1]
				},
				"eyes": {
					"position": [0, 0, 0]
				},
				"right_claw": {
					"rotation": [-7.66354, -14.03947, -10.1529]
				},
				"right_claw_top": {
					"rotation": [0, -22.5, 0]
				},
				"right_claw_bottom": {
					"rotation": [0, 22.5, 0]
				},
				"face": {
					"position": [0, 0.5, 0]
				}
			}
		},
		"animation.gliscor.cry": {
			"animation_length": 1.52,
			"bones": {
				"torso": {
					"rotation": {
						"0.0": {
							"post": [0, 0, 0],
							"lerp_mode": "catmullrom"
						},
						"0.16": {
							"post": [-17.5, 0, 0],
							"lerp_mode": "catmullrom"
						},
						"0.32": {
							"post": [32.5, 0, 0],
							"lerp_mode": "catmullrom"
						},
						"1.16": {
							"post": [30, 0, 0],
							"lerp_mode": "catmullrom"
						},
						"1.52": {
							"post": [0, 0, 0],
							"lerp_mode": "catmullrom"
						}
					},
					"position": {
						"0.0": [0, 0, 0],
						"0.16": {
							"pre": [0, -0.27, 0.21875],
							"post": [0, -0.27, 0.21875],
							"lerp_mode": "catmullrom"
						},
						"0.32": {
							"post": [0, -0.40625, 0],
							"lerp_mode": "catmullrom"
						},
						"0.52": {
							"post": [0, 0.1, -0.2675],
							"lerp_mode": "catmullrom"
						},
						"0.8": {
							"post": [0, 0.05875, -0.125],
							"lerp_mode": "catmullrom"
						},
						"1.32": [0, 0, 0]
					}
				},
				"lower_spine": {
					"rotation": {
						"0.0": {
							"post": [0, 0, 0],
							"lerp_mode": "catmullrom"
						},
						"0.16": {
							"post": [17.5, 0, 0],
							"lerp_mode": "catmullrom"
						},
						"0.32": {
							"post": [-15, 0, 0],
							"lerp_mode": "catmullrom"
						},
						"1.16": {
							"post": [-15.09, 0, 0],
							"lerp_mode": "catmullrom"
						},
						"1.52": {
							"post": [0, 0, 0],
							"lerp_mode": "catmullrom"
						}
					}
				},
				"lower_spine2": {
					"rotation": {
						"0.0": {
							"post": [0, 0, 0],
							"lerp_mode": "catmullrom"
						},
						"0.16": {
							"post": [0, 0, 0],
							"lerp_mode": "catmullrom"
						},
						"0.32": {
							"post": [-10, 0, 0],
							"lerp_mode": "catmullrom"
						},
						"1.16": {
							"post": [-10.09, 0, 0],
							"lerp_mode": "catmullrom"
						},
						"1.52": {
							"post": [0, 0, 0],
							"lerp_mode": "catmullrom"
						}
					}
				},
				"upper_torso": {
					"rotation": {
						"0.0": {
							"post": [0, 0, 0],
							"lerp_mode": "catmullrom"
						},
						"0.16": {
							"post": [17.5, 0, 0],
							"lerp_mode": "catmullrom"
						},
						"0.32": {
							"post": [-15, 0, 0],
							"lerp_mode": "catmullrom"
						},
						"1.16": {
							"post": [-10.09, 0, 0],
							"lerp_mode": "catmullrom"
						},
						"1.52": {
							"post": [0, 0, 0],
							"lerp_mode": "catmullrom"
						}
					}
				},
				"head": {
					"rotation": {
						"0.0": [0, 0, 0],
						"0.12": {
							"pre": [1.58125, 0, 0],
							"post": [1.58125, 0, 0],
							"lerp_mode": "catmullrom"
						},
						"0.32": {
							"post": [-0.8125, 0, 0],
							"lerp_mode": "catmullrom"
						},
						"0.52": {
							"post": [-11.1875, 0, 0],
							"lerp_mode": "catmullrom"
						},
						"0.88": {
							"post": [-8.245, 0, 0],
							"lerp_mode": "catmullrom"
						},
						"1.2": {
							"post": [-1.29, 0, 0],
							"lerp_mode": "catmullrom"
						},
						"1.52": [0, 0, 0]
					}
				},
				"mouth_open": {
					"position": {
						"0.0": [0, 0, 0],
						"0.04": [0, 0, -0.1],
						"0.84": [0, 0, -0.1],
						"0.88": [0, 0, 0]
					}
				},
				"face": {
					"position": {
						"0.0": [0, 0, 0],
						"0.04": [0, 0.5, 0],
						"0.4": [0, 0.1, 0],
						"0.8": [0, 0.5, 0],
						"0.92": [0, 0, 0]
					}
				},
				"left_upper_arm": {
					"rotation": {
						"0.0": {
							"post": [0, 0, 0],
							"lerp_mode": "catmullrom"
						},
						"0.16": {
							"post": [-45, 15, -15],
							"lerp_mode": "catmullrom"
						},
						"0.32": {
							"post": [0, -20, 0],
							"lerp_mode": "catmullrom"
						},
						"1.16": {
							"post": [0, -21, 0],
							"lerp_mode": "catmullrom"
						},
						"1.52": {
							"post": [0, 0, 0],
							"lerp_mode": "catmullrom"
						}
					}
				},
				"left_lower_arm": {
					"rotation": {
						"0.0": [0, 0, 0],
						"0.16": [0, 40, 0],
						"0.32": [0, 0, 0]
					}
				},
				"right_upper_arm": {
					"rotation": {
						"0.0": {
							"post": [0, 0, 0],
							"lerp_mode": "catmullrom"
						},
						"0.16": {
							"post": [-45, -15, 15],
							"lerp_mode": "catmullrom"
						},
						"0.32": {
							"post": [0, 20, 0],
							"lerp_mode": "catmullrom"
						},
						"1.16": {
							"post": [0, 21, 0],
							"lerp_mode": "catmullrom"
						},
						"1.52": {
							"post": [0, 0, 0],
							"lerp_mode": "catmullrom"
						}
					}
				},
				"right_lower_arm": {
					"rotation": {
						"0.0": [0, 0, 0],
						"0.16": [0, -40, 0],
						"0.32": [0, 0, 0]
					}
				},
				"flying_membrane": {
					"rotation": {
						"0.0": {
							"post": [0, 0, 0],
							"lerp_mode": "catmullrom"
						},
						"0.16": {
							"post": [-17.5, 0, 0],
							"lerp_mode": "catmullrom"
						},
						"0.32": {
							"post": [15, 0, 0],
							"lerp_mode": "catmullrom"
						},
						"1.16": {
							"post": [10.09, 0, 0],
							"lerp_mode": "catmullrom"
						},
						"1.52": {
							"post": [0, 0, 0],
							"lerp_mode": "catmullrom"
						}
					}
				},
				"tail_segment_end": {
					"rotation": {
						"1.0": [0, 0, 0],
						"1.08": [10, 0, 0],
						"1.16": [-10, 0, 0],
						"1.24": [0, 0, 0]
					}
				}
			},
			"sound_effects": {
				"0.04": {
					"effect": "gliscor"
				}
			}
		},
		"animation.gliscor.blink": {
			"animation_length": 0.16667
		},
		"animation.gliscor.tongue_quirk": {
			"animation_length": 1.25,
			"bones": {
				"head": {
					"rotation": {
						"0.0": {
							"post": [0, 0, 0],
							"lerp_mode": "catmullrom"
						},
						"0.12": {
							"post": [17.5, 0, 0],
							"lerp_mode": "catmullrom"
						},
						"0.28": {
							"post": [-10, 0, 0],
							"lerp_mode": "catmullrom"
						},
						"0.92": {
							"post": [-10.09, 0, 0],
							"lerp_mode": "catmullrom"
						},
						"1.24": {
							"post": [0, 0, 0],
							"lerp_mode": "catmullrom"
						}
					}
				},
				"mouth_open": {
					"position": {
						"0.0": [0, 0, -0.1],
						"1.12": [0, 0, -0.1],
						"1.2": [0, 0, 0]
					}
				},
				"face": {
					"position": {
						"0.0": [0, 0.5, 0],
						"1.12": [0, 0.5, 0],
						"1.2": [0, 0, 0]
					}
				},
				"tongue": {
					"rotation": {
						"0.0": [0, 0, 0],
						"0.16": ["5+Math.cos((query.anim_time) * 67.5 * 24) * 6", 0, 0],
						"1.0": ["0+Math.cos((query.anim_time) * 67.5 * 24) * 6", 0, 0],
						"1.16": [0, 0, 0]
					},
					"position": {
						"0.0": [0, 0, 0],
						"0.04": [0, 0, 0],
						"0.16": [0, -0.5, -3],
						"1.0": [0, -0.6, -3],
						"1.16": [0, 0, 0]
					}
				},
				"tongue_tip": {
					"rotation": {
						"0.0": [0, 0, 0],
						"0.16": ["22.5+2*Math.cos((query.anim_time) * 67.5 * 24) * 6", 0, 0],
						"1.0": ["0+2*Math.cos((query.anim_time) * 67.5 * 24) * 6", 0, 0],
						"1.16": [0, 0, 0]
					},
					"position": {
						"0.0": [0, 0, 0],
						"0.16": [0, 0, -3],
						"1.0": [0, 0, -3],
						"1.16": [0, 0, 0]
					}
				}
			}
		},
		"animation.gliscor.glide_test": {
			"animation_length": 3.12,
			"bones": {
				"body": {
					"position": {
						"0.0": [0, 56, 41],
						"3.12": [0, -56, -364]
					}
				}
			}
		}
	}
}