{
    "target": "cobblemon:ampharos",
  "forms":[
        {
            "implemented": true,
            "name": "Coterian",
            "nationalPokedexNumber": 181,
            "primaryType": "normal",
            "secondaryType": "steel",
            "abilities": [
              "cottondown",
              "h:scrappy"
            ],
            "baseStats": {
                "hp": 95,
                "attack": 115,
                "defence": 85,
                "special_attack": 75,
                "special_defence": 90,
                "speed": 50            
              },
              "catchRate": 45,
              "maleRatio": 0.5,
              "shoulderMountable": false,
              "baseExperienceYield": 230,
              "experienceGroup": "medium_slow",
              "eggCycles": 20,
              "eggGroups": [
                "monster",
                "field"
              ],
              "behaviour": {
                "moving": {
                  "walk": {
                    "walkSpeed": 0.2
                  }
                },
                "resting": {
                  "canSleep": true,
                  "depth": "normal",
                  "light": "0-4"
                }
              },                                
            "moves": [
    "1:dragonrush",
    "1:icepunch",
    "1:growl",
    "1:swagger",
    "1:tailslap",
    "1:tackle",
    "1:smartstrike",
    "1:headbutt",
    "1:harden",
    "1:steelbeam",
    "11:cottonspore",
    "16:metalsound",
    "20:takedown",
    "25:gyroball",
    "29:confuseray",
    "35:doubleedge",
    "40:flashcannon",
    "46:irondefense",
    "51:zenheadbutt",
    "51:skullbash",
    "57:headlongrush",
    "62:gigaimpact",
    "tm:agility",
    "tm:attract",
    "tm:bodyslam",
    "tm:breakingswipe",
    "tm:brickbreak",
    "tm:brutalswing",
    "tm:bulldoze",
    "tm:captivate",
    "tm:charge",
    "tm:chargebeam",
    "tm:confide",
    "tm:confuseray",
    "tm:dazzlinggleam",
    "tm:dig",
    "tm:doubleedge",
    "tm:doubleteam",
    "tm:dragoncheer",
    "tm:dragonpulse",
    "tm:dragontail",
    "tm:echoedvoice",
    "tm:eerieimpulse",
    "tm:electricterrain",
    "tm:electroball",
    "tm:electroweb",
    "tm:endeavor",
    "tm:endure",
    "tm:facade",
    "tm:firepunch",
    "tm:flash",
    "tm:fling",
    "tm:focusblast",
    "tm:focuspunch",
    "tm:frustration",
    "tm:gigaimpact",
    "tm:helpinghand",
    "tm:hiddenpower",
    "tm:hyperbeam",
    "tm:icepunch",
    "tm:irontail",
    "tm:lightscreen",
    "tm:lowkick",
    "tm:meteorbeam",
    "tm:naturalgift",
    "tm:outrage",
    "tm:powergem",
    "tm:poweruppunch",
    "tm:protect",
    "tm:raindance",
    "tm:reflect",
    "tm:rest",
    "tm:return",
    "tm:roar",
    "tm:rockclimb",
    "tm:rocksmash",
    "tm:round",
    "tm:safeguard",
    "tm:secretpower",
    "tm:shockwave",
    "tm:sleeptalk",
    "tm:stompingtantrum",
    "tm:strength",
    "tm:substitute",
    "tm:sunnyday",
    "tm:supercellslam",
    "tm:swagger",
    "tm:swift",
    "tm:takedown",
    "tm:terablast",
    "tm:thunder",
    "tm:thunderbolt",
    "tm:thunderpunch",
    "tm:thunderwave",
    "tm:toxic",
    "tm:trailblaze",
    "tm:voltswitch",
    "tm:wildcharge",
    "tutor:afteryou",
    "tutor:attract",
    "tutor:bodyslam",
    "tutor:cottonspore",
    "tutor:counter",
    "tutor:curse",
    "tutor:defensecurl",
    "tutor:doubleedge",
    "tutor:doubleteam",
    "tutor:dragonpulse",
    "tutor:dynamicpunch",
    "tutor:electroweb",
    "tutor:endure",
    "tutor:firepunch",
    "tutor:flash",
    "tutor:focuspunch",
    "tutor:frustration",
    "tutor:growl",
    "tutor:headbutt",
    "tutor:healbell",
    "tutor:hiddenpower",
    "tutor:hyperbeam",
    "tutor:irontail",
    "tutor:laserfocus",
    "tutor:lightscreen",
    "tutor:magnetrise",
    "tutor:megakick",
    "tutor:megapunch",
    "tutor:mimic",
    "tutor:outrage",
    "tutor:protect",
    "tutor:raindance",
    "tutor:rest",
    "tutor:return",
    "tutor:rocksmash",
    "tutor:seismictoss",
    "tutor:shockwave",
    "tutor:signalbeam",
    "tutor:sleeptalk",
    "tutor:snore",
    "tutor:strength",
    "tutor:substitute",
    "tutor:swagger",
    "tutor:swift",
    "tutor:tackle",
    "tutor:thunder",
    "tutor:thunderpunch",
    "tutor:thundershock",
    "tutor:thunderwave",
    "tutor:toxic",
    "tutor:zapcannon"
            ],
            "labels": [
              "gen2",
              "coterian"
            ],
            "pokedex": [
              "cobblemon.species.ampharos_coterian.desc"
            ],
            "aspects": [
              "coterian"
            ],
            "preEvolution": "flaaffy",
            "evolutions": [],
            "baseScale": 0.8,
            "hitbox": {
              "width": 1,
              "height": 2.5,
              "fixed": false
            },
            "baseFriendship": 70,
            "evYield": {
              "hp": 0,
              "attack": 0,
              "defence": 0,
              "special_attack": 3,
              "special_defence": 0,
              "speed": 0
            },
            "height": 14,
            "weight": 615,
            "cannotDynamax": false                 
          }
  ]
  }