{
    "target": "cobblemon:flaaffy",
  "forms":[
        {
            "implemented": true,
            "name": "Coterian",
            "nationalPokedexNumber": 179,
            "primaryType": "normal",
            "abilities": [
              "cottondown",
              "h:scrappy"
            ],
            "baseStats": {
                "hp": 75,
                "attack": 80,
                "defence": 55,
                "special_attack": 55,
                "special_defence": 60,
                "speed": 40
              },
              "catchRate": 120,
              "maleRatio": 0.5,
              "shoulderMountable": false,
              "baseExperienceYield": 128,
              "experienceGroup": "medium_slow",
              "eggCycles": 20,
              "eggGroups": [
                "monster",
                "field"
              ],
              "behaviour": {
                "moving": {
                  "walk": {
                    "walkSpeed": 0.2
                  }
                },
                "resting": {
                  "canSleep": true,
                  "depth": "normal",
                  "light": "0-4"
                }
              },                     
            "moves": [
    "1:growl",
    "1:tackle",
    "6:headbutt",
    "9:harden",
    "11:cottonspore",
    "16:metalsound",
    "20:takedown",
    "25:gyroball",
    "29:confuseray",
    "34:doubleedge",
    "38:flashcannon",
    "43:irondefense",
    "47:zenheadbutt",
    "47:skullbash",
    "52:headlongrush",
    "56:gigaimpact",
    "tm:agility",
    "tm:attract",
    "tm:bodyslam",
    "tm:brickbreak",
    "tm:captivate",
    "tm:charge",
    "tm:chargebeam",
    "tm:confide",
    "tm:confuseray",
    "tm:dazzlinggleam",
    "tm:dig",
    "tm:doubleedge",
    "tm:doubleteam",
    "tm:echoedvoice",
    "tm:eerieimpulse",
    "tm:electricterrain",
    "tm:electroball",
    "tm:electroweb",
    "tm:endeavor",
    "tm:endure",
    "tm:facade",
    "tm:firepunch",
    "tm:flash",
    "tm:fling",
    "tm:focuspunch",
    "tm:frustration",
    "tm:helpinghand",
    "tm:hiddenpower",
    "tm:icepunch",
    "tm:irontail",
    "tm:lightscreen",
    "tm:lowkick",
    "tm:naturalgift",
    "tm:powergem",
    "tm:poweruppunch",
    "tm:protect",
    "tm:raindance",
    "tm:reflect",
    "tm:rest",
    "tm:return",
    "tm:roar",
    "tm:rocksmash",
    "tm:round",
    "tm:safeguard",
    "tm:secretpower",
    "tm:shockwave",
    "tm:sleeptalk",
    "tm:strength",
    "tm:substitute",
    "tm:sunnyday",
    "tm:swagger",
    "tm:swift",
    "tm:takedown",
    "tm:terablast",
    "tm:thunder",
    "tm:thunderbolt",
    "tm:thunderpunch",
    "tm:thunderwave",
    "tm:toxic",
    "tm:trailblaze",
    "tm:voltswitch",
    "tm:wildcharge",
    "tutor:afteryou",
    "tutor:attract",
    "tutor:bodyslam",
    "tutor:cottonspore",
    "tutor:counter",
    "tutor:curse",
    "tutor:defensecurl",
    "tutor:doubleedge",
    "tutor:doubleteam",
    "tutor:dynamicpunch",
    "tutor:electroweb",
    "tutor:endure",
    "tutor:firepunch",
    "tutor:flash",
    "tutor:focuspunch",
    "tutor:frustration",
    "tutor:growl",
    "tutor:headbutt",
    "tutor:healbell",
    "tutor:hiddenpower",
    "tutor:irontail",
    "tutor:lightscreen",
    "tutor:magnetrise",
    "tutor:megakick",
    "tutor:megapunch",
    "tutor:mimic",
    "tutor:protect",
    "tutor:raindance",
    "tutor:rest",
    "tutor:return",
    "tutor:rocksmash",
    "tutor:seismictoss",
    "tutor:shockwave",
    "tutor:signalbeam",
    "tutor:sleeptalk",
    "tutor:snore",
    "tutor:strength",
    "tutor:substitute",
    "tutor:swagger",
    "tutor:swift",
    "tutor:tackle",
    "tutor:thunder",
    "tutor:thunderpunch",
    "tutor:thundershock",
    "tutor:thunderwave",
    "tutor:toxic",
    "tutor:zapcannon"
            ],
            "labels": [
              "gen2",
              "coterian"
            ],
            "pokedex": [
              "cobblemon.species.flaaffy_coterian.desc"
            ],
            "aspects": [
              "coterian"
            ],
            "evolutions": [
              {
                "id": "flaaffy_ampharos_coterian",
                "variant": "level_up",
                "result": "ampharos form=coterian",
                "consumeHeldItem": false,
                "learnableMoves": [
                    "ironhead"
                ],
                "requirements": [
                  {
                    "variant": "level",
                    "minLevel": 30
                  }
                ]
              }
            ],
            "baseScale": 1.0,
            "hitbox": {
              "width": 0.7,
              "height": 1.3,
              "fixed": false
            },
            "baseFriendship": 70,
            "evYield": {
              "hp": 0,
              "attack": 0,
              "defence": 0,
              "special_attack": 2,
              "special_defence": 0,
              "speed": 0
            },
            "height": 8,
            "weight": 133,
            "cannotDynamax": false          
          }
  ]
  }