{
	"format_version": "1.12.0",
	"minecraft:geometry": [
		{
			"description": {
				"identifier": "geometry.kamerog",
				"texture_width": 64,
				"texture_height": 64,
				"visible_bounds_width": 9,
				"visible_bounds_height": 3.5,
				"visible_bounds_offset": [0, 1.25, 0]
			},
			"bones": [
				{
					"name": "kamerog",
					"pivot": [0, 0, 0]
				},
				{
					"name": "body",
					"parent": "kamerog",
					"pivot": [0, 0, 0],
					"cubes": [
						{"origin": [-4, 17, -4], "size": [8, 3, 7], "pivot": [0, 17.5, -0.5], "rotation": [22.5, 0, 0], "uv": [0, 0]},
						{"origin": [-3, 16, -4], "size": [6, 1, 7], "pivot": [0, 17.5, -0.5], "rotation": [22.5, 0, 0], "uv": [23, 3]},
						{"origin": [4, 17, -2], "size": [2, 3, 3], "pivot": [5, 18.5, -0.5], "rotation": [-45, 0, 0], "uv": [51, 28]},
						{"origin": [-6, 17, -2], "size": [2, 3, 3], "pivot": [5, 18.5, -0.5], "rotation": [-45, 0, 0], "uv": [51, 16]}
					]
				},
				{
					"name": "neck",
					"parent": "body",
					"pivot": [0, 19.5, -2],
					"cubes": [
						{"origin": [-2, 17, -2], "size": [4, 5, 0], "uv": [56, 42]},
						{"origin": [-2, 17, -2], "size": [4, 5, 0], "pivot": [0, 19.5, -2], "rotation": [0, -90, 0], "uv": [56, 42]}
					]
				},
				{
					"name": "head",
					"parent": "neck",
					"pivot": [-0.05625, 20.86011, -2.025],
					"cubes": [
						{"origin": [-3, 22, -5], "size": [6, 5, 6], "uv": [0, 24]},
						{"origin": [-2.5, 22, -5.025], "size": [5, 5, 0], "uv": [54, 59]},
						{"origin": [2.025, 24.9, -4.975], "size": [4, 3, 1], "pivot": [4.05, 26.4, -4.475], "rotation": [0, 0, -22.5], "uv": [51, 22]},
						{"origin": [-6.175, 24.9, -4.975], "size": [4, 3, 1], "pivot": [-4.2, 26.4, -4.475], "rotation": [0, 0, 22.5], "uv": [0, 55]},
						{"origin": [4.45, 25.775, -5], "size": [2, 4, 1], "uv": [0, 23]},
						{"origin": [-6.6, 25.775, -5], "size": [2, 4, 1], "uv": [0, 0]},
						{"origin": [4.45, 29.275, -5.025], "size": [1, 2, 1], "uv": [18, 38]},
						{"origin": [-5.6, 29.275, -5.025], "size": [1, 2, 1], "uv": [0, 38]},
						{"origin": [-3, 27, -2], "size": [6, 5, 0], "uv": [50, 37]},
						{"origin": [-3, 27, -2], "size": [6, 5, 0], "pivot": [0, 29.5, -2], "rotation": [0, -90, 0], "uv": [50, 37]}
					]
				},
				{
					"name": "jaw",
					"parent": "head",
					"pivot": [0, 21.975, 0.7125],
					"cubes": [
						{"origin": [-3, 21, -5.3], "size": [6, 1, 6], "uv": [0, 35]},
						{"origin": [-3, 21.5, -5.325], "size": [6, 1, 0], "uv": [0, 22]}
					]
				},
				{
					"name": "leftwing",
					"parent": "body",
					"pivot": [3.18966, 20.00284, 2.98929],
					"cubes": [
						{"origin": [5, 17, 6.75], "size": [0, 3, 8], "pivot": [3, 21, 5], "rotation": [0, 90, -22.5], "uv": [0, 34]},
						{"origin": [4, 20, 4.75], "size": [2, 2, 7], "pivot": [3, 21, 5], "rotation": [0, 90, -22.5], "uv": [40, 28]}
					]
				},
				{
					"name": "leftwing2",
					"parent": "leftwing",
					"pivot": [8.52168, 23.02942, 2.98125],
					"cubes": [
						{"origin": [7.1, 15.8, 11.725], "size": [2, 2, 10], "pivot": [6.1, 16.8, 4.975], "rotation": [0, 90, -67.5], "uv": [14, 12]},
						{"origin": [8.1, 5.8, 11.725], "size": [0, 10, 8], "pivot": [6.1, 16.8, 4.975], "rotation": [0, 90, -67.5], "uv": [24, 26]},
						{"origin": [7.1, 5.8, 19.725], "size": [2, 10, 2], "pivot": [6.1, 16.8, 4.975], "rotation": [0, 90, -67.5], "uv": [50, 46]},
						{"origin": [25.88434, 19.47817, -1.85], "size": [2, 10, 2], "pivot": [26.90934, 25.22817, 2.975], "rotation": [0, 90, -22.5], "uv": [26, 50]},
						{"origin": [26.88434, 19.47817, -6.925], "size": [0, 10, 5.075], "pivot": [26.90934, 25.22817, 2.975], "rotation": [0, 90, -22.5], "uv": [0, 40]}
					]
				},
				{
					"name": "rightwing",
					"parent": "body",
					"pivot": [-3.15195, 20.00757, 2.98929],
					"cubes": [
						{"origin": [-2, 20, -1.75], "size": [2, 2, 7], "pivot": [-3, 21, 5], "rotation": [0, 90, 22.5], "uv": [40, 19]},
						{"origin": [-1, 17, -4.75], "size": [0, 3, 8], "pivot": [-3, 21, 5], "rotation": [0, 90, 22.5], "uv": [28, 11]}
					]
				},
				{
					"name": "rightwing2",
					"parent": "rightwing",
					"pivot": [-8.73945, 23.0259, 2.9875],
					"cubes": [
						{"origin": [-11.575, 23.825, 9.725], "size": [0, 10, 8], "pivot": [-13.575, 34.825, 4.975], "rotation": [0, 90, 67.5], "uv": [24, 16]},
						{"origin": [-12.575, 23.825, 7.725], "size": [2, 10, 2], "pivot": [-13.575, 34.825, 4.975], "rotation": [0, 90, 67.5], "uv": [34, 50]},
						{"origin": [-19.89066, 16.55317, 0.15], "size": [0, 10, 5.075], "pivot": [-19.86566, 22.30317, 2.975], "rotation": [0, 90, 22.5], "uv": [16, 39]},
						{"origin": [-20.89066, 16.55317, -1.85], "size": [2, 10, 2], "pivot": [-19.86566, 22.30317, 2.975], "rotation": [0, 90, 22.5], "uv": [42, 46]},
						{"origin": [-9.7842, 22.15463, -6.95015], "size": [2, 2, 10], "pivot": [-8.7842, 23.08993, 2.975], "rotation": [0, 90, 67.5], "uv": [0, 10]}
					]
				},
				{
					"name": "leftarm",
					"parent": "body",
					"pivot": [5.875, 18.5, -0.5],
					"cubes": [
						{"origin": [6, 17.5, -1.5], "size": [7, 2, 2], "pivot": [5, 18.5, -0.5], "rotation": [-90, 0, 0], "uv": [42, 4]},
						{"origin": [13, 17, -2], "size": [1, 3, 3], "pivot": [5, 18.5, -0.5], "rotation": [-90, 0, 0], "uv": [0, 10]}
					]
				},
				{
					"name": "leftarm2",
					"parent": "leftarm",
					"pivot": [13.475, 18.5, -0.5],
					"cubes": [
						{"origin": [14, 17.5, -1.5], "size": [6, 2, 2], "pivot": [5, 18.5, -0.5], "rotation": [-90, 0, 0], "uv": [46, 11]},
						{"origin": [20, 17.5, -1.5], "size": [1, 2, 2], "pivot": [5, 18.5, -0.5], "rotation": [-90, 0, 0], "uv": [18, 24]}
					]
				},
				{
					"name": "rightarm",
					"parent": "body",
					"pivot": [-6, 18.5, -0.5],
					"cubes": [
						{"origin": [-13, 17.5, -1.5], "size": [7, 2, 2], "pivot": [5, 18.5, -0.5], "rotation": [-90, 0, 0], "uv": [42, 0]},
						{"origin": [-14, 17, -2], "size": [1, 3, 3], "pivot": [5, 18.5, -0.5], "rotation": [-90, 0, 0], "uv": [10, 51]}
					]
				},
				{
					"name": "rightarm2",
					"parent": "rightarm",
					"pivot": [-13.55, 18.5, -0.5],
					"cubes": [
						{"origin": [-20, 17.5, -1.5], "size": [6, 2, 2], "pivot": [5, 18.5, -0.5], "rotation": [-90, 0, 0], "uv": [26, 46]},
						{"origin": [-21, 17.5, -1.5], "size": [1, 2, 2], "pivot": [5, 18.5, -0.5], "rotation": [-90, 0, 0], "uv": [23, 3]}
					]
				},
				{
					"name": "waist",
					"parent": "body",
					"pivot": [0, 16.04567, -0.48796],
					"cubes": [
						{"origin": [-2, 12, -1], "size": [4, 5, 0], "pivot": [0, 17.5, -0.5], "rotation": [22.5, 0, 0], "uv": [18, 54]},
						{"origin": [-2, 12.03702, 0.18611], "size": [4, 5, 0], "pivot": [0, 14.53702, 0.18611], "rotation": [90, -67.5, -90], "uv": [18, 54]},
						{"origin": [-3, 12, -3], "size": [6, 2, 6], "uv": [28, 11]},
						{"origin": [-2.5, 10, -2.5], "size": [5, 2, 5], "uv": [35, 39]}
					]
				},
				{
					"name": "tail",
					"parent": "waist",
					"pivot": [0, 13, 2.5],
					"cubes": [
						{"origin": [-0.5, 13, 2.5], "size": [1, 0, 2], "uv": [0, 5]}
					]
				},
				{
					"name": "tail2",
					"parent": "tail",
					"pivot": [0, 12.975, 4.5],
					"cubes": [
						{"origin": [-0.5, 13, 4.5], "size": [1, 0, 10], "uv": [10, 10]}
					]
				},
				{
					"name": "tail3",
					"parent": "tail2",
					"pivot": [0, 12.95, 14.5],
					"cubes": [
						{"origin": [-0.5, 13, 14.5], "size": [1, 0, 10], "uv": [8, 10]}
					]
				},
				{
					"name": "tail4",
					"parent": "tail3",
					"pivot": [0, 12.925, 24.5],
					"cubes": [
						{"origin": [-0.5, 13, 24.5], "size": [1, 0, 10], "uv": [6, 10]}
					]
				},
				{
					"name": "tail5",
					"parent": "tail4",
					"pivot": [0, 13, 34.5],
					"cubes": [
						{"origin": [-0.5, 13, 34.5], "size": [1, 0, 8], "uv": [0, 10]}
					]
				},
				{
					"name": "tail6",
					"parent": "tail5",
					"pivot": [0, 13, 42.5],
					"cubes": [
						{"origin": [-0.5, 13, 42.5], "size": [1, 0, 10], "uv": [4, 10]}
					]
				},
				{
					"name": "tailtip",
					"parent": "tail6",
					"pivot": [0, 13, 52.5],
					"cubes": [
						{"origin": [-0.5, 13, 52.5], "size": [1, 0, 7], "uv": [15, 11]}
					]
				},
				{
					"name": "leftleg",
					"parent": "waist",
					"pivot": [2.50335, 11.67015, -0.0125],
					"cubes": [
						{"origin": [2.5, 11, -0.5], "size": [4, 2, 1], "pivot": [2, 12, 0], "rotation": [0, 0, 67.5], "uv": [49, 8]},
						{"origin": [2.75, 6.25, -0.525], "size": [2, 2, 1], "uv": [0, 35]}
					]
				},
				{
					"name": "leftleg2",
					"parent": "leftleg",
					"pivot": [3.725, 6.41967, -0.06967],
					"cubes": [
						{"origin": [2.725, 5.25, -0.5], "size": [2, 1, 2], "pivot": [3.725, 5.75, 0.5], "rotation": [-45, 0, 0], "uv": [33, 0]},
						{"origin": [2.725, 4.75, 1.5], "size": [2, 2, 1], "pivot": [3.725, 5.75, 0.5], "rotation": [-45, 0, 0], "uv": [28, 14]}
					]
				},
				{
					"name": "rightleg",
					"parent": "waist",
					"pivot": [-2.47835, 11.62015, -0.0125],
					"cubes": [
						{"origin": [-6.5, 11, -0.5], "size": [4, 2, 1], "pivot": [-2, 12, 0], "rotation": [0, 0, -67.5], "uv": [23, 0]},
						{"origin": [-4.75, 6.25, -0.525], "size": [2, 2, 1], "uv": [18, 35]}
					]
				},
				{
					"name": "rightleg2",
					"parent": "rightleg",
					"pivot": [-3.725, 6.21967, -0.36967],
					"cubes": [
						{"origin": [-4.725, 5.25, -0.5], "size": [2, 1, 2], "pivot": [-3.725, 5.75, 0.5], "rotation": [-45, 0, 0], "uv": [0, 16]},
						{"origin": [-4.725, 4.75, 1.5], "size": [2, 2, 1], "pivot": [3.725, 5.75, 0.5], "rotation": [-45, 0, 0], "uv": [28, 11]}
					]
				}
			]
		}
	]
}