{
	"format_version": "1.8.0",
	"animations": {
		"animation.deepole.ground_idle": {
			"loop": true,
			"animation_length": 2,
			"bones": {
				"torso": {
					"rotation": {
						"0.0": [0, 0, 0],
						"1.0": [0, -5, 0],
						"2.0": [0, 0, 0]
					}
				},
				"head": {
					"scale": {
						"0.0": [1, 1, 1],
						"1.0": [1.0225, 1.025, 1],
						"2.0": [1, 1, 1]
					}
				},
				"tail": {
					"rotation": {
						"0.0": [-32.15172, -20.43663, 60.9473],
						"1.0": [-33.19268, -15.63365, 63.95368],
						"2.0": [-32.15172, -20.43663, 60.9473]
					}
				}
			}
		},
		"animation.deepole.ground_walk": {
			"loop": true,
			"animation_length": 0.5,
			"bones": {
				"deepole": {
					"rotation": {
						"0.0": [0, 0, 0],
						"0.125": [0, 0, 0],
						"0.25": [-15, 0, 0],
						"0.3333": [5, 0, 0],
						"0.4167": [10, 0, 0],
						"0.5": [0, 0, 0]
					},
					"position": {
						"0.0": [0, 0, 0],
						"0.125": [0, 0, 0],
						"0.25": [0, 3, 0],
						"0.4167": [0, 1, 0],
						"0.5": [0, 0, 0]
					},
					"scale": {
						"0.0": [1, 1, 1],
						"0.125": [1, 0.8, 1],
						"0.1667": [1, 1, 1],
						"0.5": [1, 1, 1]
					}
				},
				"eye1": {
					"rotation": {
						"0.0": [0, 0, 0],
						"0.125": [10, 0, 0],
						"0.5": [0, 0, 0]
					}
				},
				"eye2": {
					"rotation": {
						"0.0": [0, 0, 0],
						"0.125": [10, 0, 0],
						"0.5": [0, 0, 0]
					}
				},
				"tail": {
					"rotation": {
						"0.0": [17.5, 0, 0],
						"0.25": [7.5, 0, 0],
						"0.4167": [-25, 0, 0],
						"0.5": [17.5, 0, 0]
					}
				}
			}
		},
		"animation.deepole.faint": {
			"loop": true
		},
		"animation.deepole.water_idle": {
			"loop": true,
			"animation_length": 2,
			"bones": {
				"deepole": {
					"rotation": [7.5, 0, 0],
					"position": [0, 2, 0]
				},
				"torso": {
					"rotation": {
						"0.0": [-22.5, 0, 0],
						"1.0": [-17.5, 0, 0],
						"2.0": [-22.5, 0, 0]
					}
				},
				"head": {
					"scale": {
						"0.0": [1, 1, 1],
						"0.5": [1.015, 1.015, 1],
						"1.0": [1, 1, 1],
						"1.5": [1.015, 1.015, 1],
						"2.0": [1, 1, 1]
					}
				},
				"tail": {
					"rotation": {
						"0.0": [0, -15, 0],
						"1.0": [0, 15, 0],
						"2.0": [0, -15, 0]
					}
				}
			}
		},
		"animation.deepole.water_swim": {
			"loop": true,
			"animation_length": 0.5,
			"bones": {
				"deepole": {
					"position": [0, 2, 0]
				},
				"body": {
					"rotation": {
						"0.0": [0, -10, 0],
						"0.25": [0, 10, 0],
						"0.5": [0, -10, 0]
					}
				},
				"torso": {
					"rotation": {
						"0.0": [0, -15, 0],
						"0.25": [0, 15, 0],
						"0.5": [0, -15, 0]
					}
				},
				"eye1": {
					"scale": [1, 0.7, 1]
				},
				"eye2": {
					"scale": [1, 0.7, 1]
				},
				"tail": {
					"rotation": {
						"0.0": [0, 50, 0],
						"0.25": [0, -50, 0],
						"0.5": [0, 50, 0]
					}
				}
			}
		},
		"animation.deepole.sleep": {
			"animation_length": 4,
			"bones": {
				"torso": {
					"rotation": [0, -35, 0]
				},
				"head": {
					"scale": {
						"0.0": [0.955, 0.945, 1],
						"2.0": [1.0325, 0.9875, 1],
						"4.0": [0.955, 0.945, 1]
					}
				},
				"eye1": {
					"scale": [1, 0, 1]
				},
				"eye2": {
					"scale": [1, 0, 1]
				},
				"tail": {
					"rotation": [-25.03742, 8.23975, 87.75858]
				}
			}
		}
	}
}