{
	"format_version": "1.8.0",
	"animations": {
		"animation.gaunterror.ground_idle": {
			"loop": true,
			"animation_length": 4,
			"bones": {
				"torso": {
					"rotation": {
						"0.0": [22.5, 0, 0],
						"4.0": [22.5, 0, 0]
					},
					"scale": {
						"0.0": [1, 1, 1],
						"2.0": [1, 1, 1.025],
						"4.0": [1, 1, 1]
					}
				},
				"neck": {
					"rotation": [20, 0, 0]
				},
				"head": {
					"rotation": {
						"0.0": [-25, 0, 0],
						"2.0": [-27.5, 0, 0],
						"4.0": [-25, 0, 0]
					}
				},
				"wing1": {
					"rotation": {
						"0.0": [40, -75, 90],
						"2.75": [40, -75, 90],
						"2.8333": [30, -75, 90],
						"3.0417": [40, -75, 90],
						"3.1667": [20, -75, 90],
						"4.0": [40, -75, 90]
					}
				},
				"subwing1": {
					"rotation": {
						"0.0": [0, 30, 0],
						"3.0417": [0, 30, 0],
						"3.1667": [0, -15, 0],
						"4.0": [0, 30, 0]
					}
				},
				"wing2": {
					"rotation": {
						"0.0": [40, 75, -90],
						"2.75": [40, 75, -90],
						"2.8333": [30, 75, -90],
						"3.0417": [40, 75, -90],
						"3.1667": [20, 75, -90],
						"4.0": [40, 75, -90]
					}
				},
				"subwing2": {
					"rotation": {
						"0.0": [0, -30, 0],
						"3.0417": [0, -30, 0],
						"3.1667": [0, 15, 0],
						"4.0": [0, -30, 0]
					}
				},
				"arm1": {
					"rotation": {
						"0.0": [0, -25, -80],
						"4.0": [0, -25, -80]
					}
				},
				"arm2": {
					"rotation": {
						"0.0": [0, 25, 80],
						"4.0": [0, 25, 80]
					}
				},
				"tail2": {
					"rotation": {
						"0.0": [0, 45, 0],
						"4.0": [0, 45, 0]
					}
				},
				"tail3": {
					"rotation": {
						"0.0": [0, 35, 0],
						"4.0": [0, 35, 0]
					}
				},
				"tailtip": {
					"rotation": {
						"0.0": [0, 55, 0],
						"1.25": [0, 55, 0],
						"1.3333": [0, 67.5, 0],
						"1.375": [0, 55, 0],
						"2.0": [0, 55, 0],
						"2.0833": [0, 40, 0],
						"2.125": [0, 55, 0],
						"4.0": [0, 55, 0]
					}
				}
			}
		},
		"animation.gaunterror.faint": {
			"loop": true,
			"animation_length": 4,
			"bones": {
				"torso": {
					"rotation": {
						"0.0": [22.5, 0, 0],
						"4.0": [22.5, 0, 0]
					},
					"scale": {
						"0.0": [1, 1, 1],
						"2.0": [1, 1, 1.025],
						"4.0": [1, 1, 1]
					}
				},
				"neck": {
					"rotation": [20, 0, 0]
				},
				"head": {
					"rotation": {
						"0.0": [-25, 0, 0],
						"2.0": [-27.5, 0, 0],
						"4.0": [-25, 0, 0]
					}
				},
				"wing1": {
					"rotation": {
						"0.0": [40, -75, 90],
						"2.75": [40, -75, 90],
						"2.8333": [30, -75, 90],
						"3.0417": [40, -75, 90],
						"3.1667": [20, -75, 90],
						"4.0": [40, -75, 90]
					}
				},
				"subwing1": {
					"rotation": {
						"0.0": [0, 30, 0],
						"3.0417": [0, 30, 0],
						"3.1667": [0, -15, 0],
						"4.0": [0, 30, 0]
					}
				},
				"wing2": {
					"rotation": {
						"0.0": [40, 75, -90],
						"2.75": [40, 75, -90],
						"2.8333": [30, 75, -90],
						"3.0417": [40, 75, -90],
						"3.1667": [20, 75, -90],
						"4.0": [40, 75, -90]
					}
				},
				"subwing2": {
					"rotation": {
						"0.0": [0, -30, 0],
						"3.0417": [0, -30, 0],
						"3.1667": [0, 15, 0],
						"4.0": [0, -30, 0]
					}
				},
				"arm1": {
					"rotation": {
						"0.0": [0, -25, -80],
						"4.0": [0, -25, -80]
					}
				},
				"arm2": {
					"rotation": {
						"0.0": [0, 25, 80],
						"4.0": [0, 25, 80]
					}
				},
				"tail2": {
					"rotation": {
						"0.0": [0, 45, 0],
						"4.0": [0, 45, 0]
					}
				},
				"tail3": {
					"rotation": {
						"0.0": [0, 35, 0],
						"4.0": [0, 35, 0]
					}
				},
				"tailtip": {
					"rotation": {
						"0.0": [0, 55, 0],
						"1.25": [0, 55, 0],
						"1.3333": [0, 67.5, 0],
						"1.375": [0, 55, 0],
						"2.0": [0, 55, 0],
						"2.0833": [0, 40, 0],
						"2.125": [0, 55, 0],
						"4.0": [0, 55, 0]
					}
				}
			}
		},
		"animation.gaunterror.ground_walk": {
			"loop": true,
			"animation_length": 2.5,
			"bones": {
				"torso": {
					"rotation": {
						"0.0": [20, 0, 0],
						"1.25": [25, 0, 0],
						"2.5": [20, 0, 0]
					}
				},
				"head": {
					"rotation": {
						"0.0": [0, 0, 0],
						"1.25": [-10, 0, 0],
						"2.5": [0, 0, 0]
					}
				},
				"wing1": {
					"rotation": {
						"0.0": [-70, -5, 105],
						"1.25": [-69.61158, -12.0402, 102.38372],
						"2.5": [-70, -5, 105]
					}
				},
				"subwing1": {
					"rotation": {
						"0.0": [0, 107.5, 0],
						"2.5": [0, 107.5, 0]
					}
				},
				"wing2": {
					"rotation": {
						"0.0": [-70, 5, -105],
						"1.25": [-69.61158, 12.0402, -102.38372],
						"2.5": [-70, 5, -105]
					}
				},
				"subwing2": {
					"rotation": {
						"0.0": [0, -107.5, 0],
						"2.5": [0, -107.5, 0]
					}
				},
				"arm1": {
					"rotation": {
						"0.0": [1, 20, -65],
						"1.25": [0.95419, 10.00145, -65.17632],
						"2.5": [1, 20, -65]
					}
				},
				"lowerarm1": {
					"rotation": {
						"0.0": [10, -50, 0],
						"2.5": [10, -50, 0]
					}
				},
				"arm2": {
					"rotation": {
						"0.0": [-1, -20, 65],
						"1.25": [-0.95419, -10.00145, 64.82368],
						"2.5": [-1, -20, 65]
					}
				},
				"lowerarm2": {
					"rotation": {
						"0.0": [10, 50, 0],
						"2.5": [10, 50, 0]
					}
				},
				"tail1": {
					"rotation": {
						"0.0": [0, -15, 0],
						"1.25": [0, 15, 0],
						"2.5": [0, -15, 0]
					}
				},
				"tail2": {
					"rotation": {
						"0.0": [0, -10, 0],
						"1.25": [0, 10, 0],
						"2.5": [0, -10, 0]
					}
				},
				"tail3": {
					"rotation": {
						"0.0": [0, 0, 0],
						"1.25": [0, -20, 0],
						"2.5": [0, 0, 0]
					}
				},
				"tailtip": {
					"rotation": {
						"0.0": [0, 15, 0],
						"0.5": [0, -15, 0],
						"2.0": [0, 20, 0],
						"2.5": [0, 15, 0]
					}
				}
			}
		},
		"animation.gaunterror.air_idle": {
			"loop": true,
			"animation_length": 0.75,
			"bones": {
				"gaunterror": {
					"position": {
						"0.0": [0, 17, 0],
						"0.75": [0, 17, 0]
					}
				},
				"body": {
					"position": {
						"0.0": [0, 0, 0],
						"0.4167": [0, 2, 0],
						"0.5": [0, 2, 0],
						"0.75": [0, 0, 0]
					}
				},
				"torso": {
					"rotation": {
						"0.0": [15, 0, 0],
						"0.375": [10, 0, 0],
						"0.75": [15, 0, 0]
					}
				},
				"neck": {
					"rotation": {
						"0.0": [0, 0, 0],
						"0.25": [10, 0, 0],
						"0.75": [0, 0, 0]
					}
				},
				"head": {
					"rotation": {
						"0.0": [0, 0, 0],
						"0.2083": [5.38, 0, 0],
						"0.75": [0, 0, 0]
					}
				},
				"wing1": {
					"rotation": {
						"0.0": [-15, -60, 35],
						"0.25": [80, -60, 35],
						"0.4167": [85, -60, 35],
						"0.75": [-15, -60, 35]
					}
				},
				"subwing1": {
					"rotation": {
						"0.0": [0, 30, 0],
						"0.25": [0, -20, 0],
						"0.4167": [0, 10, 0],
						"0.75": [0, 30, 0]
					}
				},
				"wing2": {
					"rotation": {
						"0.0": [-15, 60, -35],
						"0.25": [80, 60, -35],
						"0.4167": [85, 60, -35],
						"0.75": [-15, 60, -35]
					}
				},
				"subwing2": {
					"rotation": {
						"0.0": [0, -30, 0],
						"0.25": [0, 20, 0],
						"0.4167": [0, -10, 0],
						"0.75": [0, -30, 0]
					}
				},
				"arm1": {
					"rotation": {
						"0.0": [0, 0, -75],
						"0.75": [0, 0, -75]
					}
				},
				"lowerarm1": {
					"rotation": {
						"0.0": [0, -25, 0],
						"0.75": [0, -25, 0]
					}
				},
				"arm2": {
					"rotation": {
						"0.0": [0, 0, 75],
						"0.75": [0, 0, 75]
					}
				},
				"lowerarm2": {
					"rotation": {
						"0.0": [0, 25, 0],
						"0.75": [0, 25, 0]
					}
				},
				"tail1": {
					"rotation": {
						"0.0": [-52.5, 0, 0],
						"0.1667": [-45, 0, 0],
						"0.4167": [-77.5, 0, 0],
						"0.75": [-52.5, 0, 0]
					}
				},
				"tail2": {
					"rotation": {
						"0.0": [-42.5, 0, 0],
						"0.75": [-42.5, 0, 0]
					}
				},
				"tail3": {
					"rotation": {
						"0.0": [-35, 0, 0],
						"0.4167": [-45, 0, 0],
						"0.75": [-35, 0, 0]
					}
				},
				"tailtip": {
					"rotation": {
						"0.0": [-75, 0, 0],
						"0.75": [-75, 0, 0]
					}
				}
			}
		},
		"animation.gaunterror.air_fly": {
			"loop": true,
			"animation_length": 0.75,
			"bones": {
				"gaunterror": {
					"rotation": {
						"0.0": [35, 0, 0],
						"0.75": [35, 0, 0]
					},
					"position": {
						"0.0": [0, 9, 0],
						"0.125": [0, 8, 0],
						"0.4167": [0, 12, 0],
						"0.75": [0, 9, 0]
					}
				},
				"torso": {
					"rotation": {
						"0.0": [0, 0, 0],
						"0.125": [-5, 0, 0],
						"0.4167": [5, 0, 0],
						"0.75": [0, 0, 0]
					}
				},
				"head": {
					"rotation": {
						"0.0": [-27.5, 0, 0],
						"0.25": [-10, 0, 0],
						"0.5833": [-36.67, 0, 0],
						"0.75": [-27.5, 0, 0]
					}
				},
				"wing1": {
					"rotation": {
						"0.0": [-15, -60, 35],
						"0.25": [80, -60, 35],
						"0.4167": [85, -60, 35],
						"0.75": [-15, -60, 35]
					}
				},
				"subwing1": {
					"rotation": {
						"0.0": [0, 30, 0],
						"0.25": [0, -20, 0],
						"0.4167": [0, 10, 0],
						"0.75": [0, 30, 0]
					}
				},
				"wing2": {
					"rotation": {
						"0.0": [-15, 60, -35],
						"0.25": [80, 60, -35],
						"0.4167": [85, 60, -35],
						"0.75": [-15, 60, -35]
					}
				},
				"subwing2": {
					"rotation": {
						"0.0": [0, -30, 0],
						"0.25": [0, 20, 0],
						"0.4167": [0, -10, 0],
						"0.75": [0, -30, 0]
					}
				},
				"arm1": {
					"rotation": {
						"0.0": [0, 30, -75],
						"0.75": [0, 30, -75]
					}
				},
				"lowerarm1": {
					"rotation": {
						"0.0": [-20, -50, 0],
						"0.75": [-20, -50, 0]
					}
				},
				"arm2": {
					"rotation": {
						"0.0": [0, -30, 75],
						"0.75": [0, -30, 75]
					}
				},
				"lowerarm2": {
					"rotation": {
						"0.0": [-20, 50, 0],
						"0.75": [-20, 50, 0]
					}
				},
				"tail1": {
					"rotation": {
						"0.0": [-50, 0, 0],
						"0.125": [-45, 0, 0],
						"0.4167": [-60, 0, 0],
						"0.75": [-50, 0, 0]
					}
				},
				"tail2": {
					"rotation": {
						"0.0": [22.5, 0, 0],
						"0.125": [31, 0, 0],
						"0.4167": [17.5, 0, 0],
						"0.75": [22.5, 0, 0]
					}
				},
				"tail3": {
					"rotation": {
						"0.0": [0, 0, 0],
						"0.4167": [-5, 0, 0],
						"0.75": [0, 0, 0]
					}
				},
				"tailtip": {
					"rotation": {
						"0.0": [-17.5, 0, 0],
						"0.25": [6, 0, 0],
						"0.4167": [-7.5, 0, 0],
						"0.75": [-17.5, 0, 0]
					}
				}
			}
		}
	}
}