{
	"format_version": "1.8.0",
	"animations": {
		"animation.dandefluff.ground_idle": {
			"loop": true,
			"animation_length": 2,
			"bones": {
				"body": {
					"rotation": {
						"0.0": [-2.4905, -0.21782, -4.99527],
						"0.5": [2.5, 0, 0],
						"1.0": [-2.4905, 0.21782, 4.99527],
						"1.5": [2.5, 0, 0],
						"2.0": [-2.4905, -0.21782, -4.99527]
					}
				},
				"tailleavesupper": {
					"rotation": {
						"0.0": [0, 0, -10],
						"0.5": [0, 0, -10],
						"1.0": [0, 0, 10],
						"1.5": [0, 0, 10],
						"2.0": [0, 0, -10]
					}
				},
				"tailleaveslower": {
					"rotation": {
						"0.0": [0, 0, -10],
						"0.5": [0, 0, -10],
						"1.0": [0, 0, 10],
						"1.5": [0, 0, 10],
						"2.0": [0, 0, -10]
					}
				},
				"neckp1": {
					"rotation": {
						"0.0": [0, 0, 0],
						"0.5": [0, 0, 0],
						"1.0": [0, 0, 0],
						"1.5": [0, 0, 0],
						"2.0": [0, 0, 0]
					}
				},
				"rightear": {
					"rotation": {
						"0.0": [0, 0, 0],
						"1.0": [17.5, 0, 0],
						"2.0": [0, 0, 0]
					}
				},
				"leftear": {
					"rotation": {
						"0.0": [0, 0, 0],
						"1.0": [17.5, 0, 0],
						"2.0": [0, 0, 0]
					}
				},
				"rightarm": {
					"rotation": {
						"0.0": [0, 0, 5],
						"0.5": [-5, 0, 0],
						"1.0": [0, 0, -5],
						"1.5": [-5, 0, 0],
						"2.0": [0, 0, 5]
					}
				},
				"leftarm": {
					"rotation": {
						"0.0": [0, 0, 5],
						"0.5": [-5, 0, 0],
						"1.0": [0, 0, -5],
						"1.5": [-5, 0, 0],
						"2.0": [0, 0, 5]
					}
				},
				"rightleg": {
					"rotation": {
						"0.0": [0, 0, 7.5],
						"0.5": [-5.02136, 0.32621, 2.50706],
						"1.0": [-5.03793, 0.43399, 0.00933],
						"1.5": [-5.02136, 0.32621, 2.50706],
						"2.0": [0, 0, 7.5]
					}
				},
				"leftleg": {
					"rotation": {
						"0.0": [-5.03793, -0.43399, -0.00933],
						"0.5": [-5.02136, -0.32621, -2.50706],
						"1.0": [0, 0, -7.5],
						"1.5": [-5.02136, -0.32621, -2.50706],
						"2.0": [-5.03793, -0.43399, -0.00933]
					}
				},
				"tailleavesrightmain": {
					"rotation": {
						"0.0": [0, 0, -10],
						"0.5": [0, 0, -10],
						"1.0": [0, 0, 10],
						"1.5": [0, 0, 10],
						"2.0": [0, 0, -10]
					}
				},
				"tailleavesrightmain2": {
					"rotation": {
						"0.0": [0, 0, -10],
						"0.5": [0, 0, -10],
						"1.0": [0, 0, 10],
						"1.5": [0, 0, 10],
						"2.0": [0, 0, -10]
					}
				},
				"tailleavesrightmain3": {
					"rotation": {
						"0.0": [0, 0, -10],
						"0.5": [0, 0, -10],
						"1.0": [0, 0, 10],
						"1.5": [0, 0, 10],
						"2.0": [0, 0, -10]
					}
				},
				"tailleavesleftmain2": {
					"rotation": {
						"0.0": [0, 0, -10],
						"0.5": [0, 0, -10],
						"1.0": [0, 0, 10],
						"1.5": [0, 0, 10],
						"2.0": [0, 0, -10]
					}
				},
				"tailleavesleftmain3": {
					"rotation": {
						"0.0": [0, 0, -10],
						"0.5": [0, 0, -10],
						"1.0": [0, 0, 10],
						"1.5": [0, 0, 10],
						"2.0": [0, 0, -10]
					}
				},
				"tailleavesleftmain": {
					"rotation": {
						"0.0": [0, 0, -10],
						"0.5": [0, 0, -10],
						"1.0": [0, 0, 10],
						"1.5": [0, 0, 10],
						"2.0": [0, 0, -10]
					}
				}
			}
		},
		"animation.dandefluff.ground_walk": {
			"loop": true,
			"animation_length": 2,
			"bones": {
				"body": {
					"rotation": {
						"0.0": [-2.4905, -0.21782, -4.99527],
						"0.5": [2.5, 0, 0],
						"1.0": [-2.4905, 0.21782, 4.99527],
						"1.5": [2.5, 0, 0],
						"2.0": [-2.4905, -0.21782, -4.99527]
					}
				},
				"tailleavesupper": {
					"rotation": {
						"0.0": [0, 0, -10],
						"0.5": [0, 0, -10],
						"1.0": [0, 0, 10],
						"1.5": [0, 0, 10],
						"2.0": [0, 0, -10]
					}
				},
				"tailleaveslower": {
					"rotation": {
						"0.0": [0, 0, -10],
						"0.5": [0, 0, -10],
						"1.0": [0, 0, 10],
						"1.5": [0, 0, 10],
						"2.0": [0, 0, -10]
					}
				},
				"neckp1": {
					"rotation": {
						"0.0": [0, 0, 5],
						"0.5": [0, 0, 0],
						"1.0": [0, 0, -5],
						"1.5": [0, 0, 0],
						"2.0": [0, 0, 5]
					}
				},
				"rightear": {
					"rotation": {
						"0.0": [0, 0, 0],
						"1.0": [17.5, 0, 0],
						"2.0": [0, 0, 0]
					}
				},
				"leftear": {
					"rotation": {
						"0.0": [0, 0, 0],
						"1.0": [17.5, 0, 0],
						"2.0": [0, 0, 0]
					}
				},
				"rightarm": {
					"rotation": {
						"0.0": [-40, 0, 5],
						"0.5": [-5, 0, 0],
						"1.0": [32.5, 0, -5],
						"1.5": [-20, 0, 0],
						"2.0": [-40, 0, 5]
					}
				},
				"leftarm": {
					"rotation": {
						"0.0": [32.5, 0, 5],
						"0.5": [-20, 0, 0],
						"1.0": [-40, 0, -5],
						"1.5": [-5, 0, 0],
						"2.0": [32.5, 0, 5]
					}
				},
				"rightleg": {
					"rotation": {
						"0.0": [22.5, 0, 7.5],
						"0.5": [-22.52136, 0.32621, 2.50706],
						"1.0": [-22.53793, 0.43399, 0.00933],
						"1.5": [-5.02136, 0.32621, 2.50706],
						"2.0": [22.5, 0, 7.5]
					},
					"position": {
						"0.0": [0, 0, 0],
						"0.5": [0, 1, 0],
						"1.0": [0, 0, 0],
						"2.0": [0, 0, 0]
					}
				},
				"leftleg": {
					"rotation": {
						"0.0": [-22.53793, -0.43399, -0.00933],
						"0.5": [-5.02136, -0.32621, -2.50706],
						"1.0": [22.5, 0, -7.5],
						"1.5": [-22.52136, -0.32621, -2.50706],
						"2.0": [-22.53793, -0.43399, -0.00933]
					},
					"position": {
						"0.0": [0, 0, 0],
						"1.0": [0, 0, 0],
						"1.5": [0, 1, 0],
						"2.0": [0, 0, 0]
					}
				},
				"tailleavesrightmain": {
					"rotation": {
						"0.0": [0, 0, -10],
						"0.5": [0, 0, -10],
						"1.0": [0, 0, 10],
						"1.5": [0, 0, 10],
						"2.0": [0, 0, -10]
					}
				},
				"tailleavesrightmain2": {
					"rotation": {
						"0.0": [0, 0, -10],
						"0.5": [0, 0, -10],
						"1.0": [0, 0, 10],
						"1.5": [0, 0, 10],
						"2.0": [0, 0, -10]
					}
				},
				"tailleavesrightmain3": {
					"rotation": {
						"0.0": [0, 0, -10],
						"0.5": [0, 0, -10],
						"1.0": [0, 0, 10],
						"1.5": [0, 0, 10],
						"2.0": [0, 0, -10]
					}
				},
				"tailleavesleftmain2": {
					"rotation": {
						"0.0": [0, 0, -10],
						"0.5": [0, 0, -10],
						"1.0": [0, 0, 10],
						"1.5": [0, 0, 10],
						"2.0": [0, 0, -10]
					}
				},
				"tailleavesleftmain3": {
					"rotation": {
						"0.0": [0, 0, -10],
						"0.5": [0, 0, -10],
						"1.0": [0, 0, 10],
						"1.5": [0, 0, 10],
						"2.0": [0, 0, -10]
					}
				},
				"tailleavesleftmain": {
					"rotation": {
						"0.0": [0, 0, -10],
						"0.5": [0, 0, -10],
						"1.0": [0, 0, 10],
						"1.5": [0, 0, 10],
						"2.0": [0, 0, -10]
					}
				},
				"tail": {
					"rotation": [15, 0, 0]
				},
				"rightarmp2": {
					"rotation": {
						"1.0": [0, 0, 0],
						"1.5": [17.5, 0, 0],
						"2.0": [0, 0, 0]
					},
					"position": {
						"1.0": [0, 0, 0],
						"1.5": [0, 3, 1],
						"2.0": [0, 0, 0]
					}
				},
				"leftarmp2": {
					"rotation": {
						"0.0": [0, 0, 0],
						"0.5": [17.5, 0, 0],
						"1.0": [0, 0, 0]
					},
					"position": {
						"0.0": [0, 0, 0],
						"0.5": [0, 3, 1],
						"1.0": [0, 0, 0]
					}
				},
				"rightlegp2": {
					"position": {
						"0.0": [0, 0, 0],
						"0.5": [0, 2, 0],
						"1.0417": [0, 0, 0],
						"1.5": [0, 0, 0],
						"2.0": [0, 0, 0]
					}
				},
				"leftlegp2": {
					"position": {
						"0.0": [0, 0, 0],
						"0.5": [0, 0, 0],
						"1.0": [0, 0, 0],
						"1.5": [0, 2, 0],
						"2.0": [0, 0, 0]
					}
				}
			}
		},
		"animation.dandefluff.sleep": {
			"loop": true,
			"animation_length": 2,
			"bones": {
				"body": {
					"rotation": [-12.5, 0, 0],
					"position": [0, -5.5, 0.25]
				},
				"tail": {
					"rotation": [20, 0, 0]
				},
				"tailleavesupper": {
					"rotation": [-77.5, 0, 0]
				},
				"tailleaveslower": {
					"rotation": [27.5, 0, 0]
				},
				"neckp1": {
					"rotation": {
						"0.0": [-2.5, 0, 0],
						"1.0": [2.5, 0, 0],
						"2.0": [-2.5, 0, 0]
					},
					"position": [0, -4, 0]
				},
				"head": {
					"rotation": {
						"0.0": [27.5, 0, 0],
						"1.0": [20, 0, 0],
						"2.0": [27.5, 0, 0]
					}
				},
				"righteye": {
					"position": [0, -1, 0],
					"scale": [1, 0.2, 1]
				},
				"lefteye": {
					"position": [0, -1, 0],
					"scale": [1, 0.2, 1]
				},
				"rightarm": {
					"rotation": [2.5, 0, 0]
				},
				"rightarmp2": {
					"position": [0, 4, 1]
				},
				"leftarm": {
					"rotation": [2.5, 0, 0]
				},
				"leftarmp2": {
					"position": [0, 4, 1]
				},
				"rightleg": {
					"rotation": [-52.45208, 30.66101, 27.05847],
					"position": [1, 0, 1]
				},
				"rightlegp2": {
					"rotation": [25, 0, 0],
					"position": [0, 3, 1]
				},
				"leftleg": {
					"rotation": [-52.45208, -30.66101, -27.05847],
					"position": [-1, 0, 1]
				},
				"leftlegp2": {
					"rotation": [25, 0, 0],
					"position": [0, 3, 1]
				},
				"tailleavesrightmain": {
					"rotation": [59.6263, 19.20141, -6.00997]
				},
				"tailleavesrightmain2": {
					"rotation": [78.49257, 14.20196, -4.94055]
				},
				"tailleavesrightmain3": {
					"rotation": [30.20077, 26.85862, 58.70398]
				},
				"tailleavesleftmain2": {
					"rotation": [78.49257, -14.20196, 4.94055]
				},
				"tailleavesleftmain3": {
					"rotation": [30.20077, -26.85862, -58.70398]
				},
				"tailleavesleftmain": {
					"rotation": [59.6263, -19.20141, 6.00997]
				}
			}
		},
		"animation.dandefluff.faint": {
			"animation_length": 2,
			"bones": {
				"body": {
					"rotation": {
						"0.0": [0, 0, 0],
						"0.25": [-20, 0, 0],
						"0.5": [-32.5, 0, 0],
						"1.5": [-32.5, 0, 0],
						"1.75": [0, 0, 0]
					},
					"position": {
						"0.0": [0, 0, 0],
						"0.25": [0, 2, 1],
						"0.5": [0, 2, 2],
						"1.5": [0, 2, 2],
						"1.75": [0, 0, 0]
					}
				},
				"tail": {
					"rotation": {
						"0.0": [0, 0, 0],
						"0.5": [22.5, 0, 0]
					}
				},
				"tailleavesupper": {
					"rotation": {
						"1.0": [0, 0, 0],
						"1.5": [-77.5, 0, 0]
					}
				},
				"tailleaveslower": {
					"rotation": {
						"1.0": [0, 0, 0],
						"1.5": [27.5, 0, 0]
					}
				},
				"neckp1": {
					"rotation": {
						"0.0": [0, 0, 0],
						"0.25": [22.5, 0, 0],
						"0.5": [50, 0, 0],
						"2.0": [12.5, 0, 0]
					},
					"position": {
						"0.0": [0, 0, 0],
						"0.25": [0, -1, 0],
						"0.5": [0, -2, 0],
						"2.0": [0, -1, 0]
					}
				},
				"head": {
					"rotation": {
						"1.5": [0, 0, 0],
						"1.8333": [12.5, 0, 0],
						"2.0": [-10, 0, 0]
					}
				},
				"rightear": {
					"rotation": {
						"0.5": [0, 0, 0],
						"1.0": [-20, 0, 0]
					}
				},
				"leftear": {
					"rotation": {
						"0.5": [0, 0, 0],
						"1.0": [-20, 0, 0]
					}
				},
				"rightarm": {
					"rotation": {
						"0.0": [0, 0, 0],
						"0.4583": [-22.5, 0, 0],
						"0.5833": [-2.5, 0, 0],
						"0.7083": [30, 0, 0],
						"0.8333": [-7.5, 0, 0],
						"1.0": [-22.5, 0, 0]
					},
					"position": {
						"0.0": [0, 0, 0],
						"0.4583": [0, 0, 0],
						"0.5833": [0, -1, 0],
						"1.0": [0, 0, 0]
					}
				},
				"rightarmp2": {
					"rotation": {
						"0.0": [0, 0, 0],
						"0.4583": [-15, 0, 0],
						"0.7083": [15, 0, 0],
						"0.8333": [55, 0, 0],
						"1.0": [-15, 0, 0],
						"1.8333": [7.5, 0, 0]
					},
					"position": {
						"0.0": [0, 0, 0],
						"0.4583": [0, -1, 0],
						"0.7083": [0, -1, 1],
						"0.8333": [0, 0, 1],
						"1.0": [0, -1, 0]
					}
				},
				"leftarm": {
					"rotation": {
						"0.5": [0, 0, 0],
						"0.9583": [-22.5, 0, 0],
						"1.0833": [-2.5, 0, 0],
						"1.2083": [30, 0, 0],
						"1.3333": [-7.5, 0, 0],
						"1.5": [-22.5, 0, 0]
					},
					"position": {
						"0.5": [0, 0, 0],
						"0.9583": [0, 0, 0],
						"1.0833": [0, -1, 0],
						"1.5": [0, 0, 0]
					}
				},
				"leftarmp2": {
					"rotation": {
						"0.5": [0, 0, 0],
						"0.9583": [-15, 0, 0],
						"1.2083": [15, 0, 0],
						"1.3333": [55, 0, 0],
						"1.5": [-15, 0, 0],
						"1.8333": [7.5, 0, 0]
					},
					"position": {
						"0.5": [0, 0, 0],
						"0.9583": [0, -1, 0],
						"1.2083": [0, -1, 1],
						"1.3333": [0, 0, 1],
						"1.5": [0, -1, 0]
					}
				},
				"rightleg": {
					"rotation": {
						"0.0": [0, 0, 0],
						"0.25": [15, 0, 0],
						"0.5": [32.5, 0, 0],
						"1.5": [32.5, 0, 0],
						"1.75": [0, 0, 0]
					},
					"position": {
						"0.0": [0, 0, 0],
						"0.25": [0, -1, 0],
						"0.5": [0, -0.75, -1],
						"1.5": [0, -0.75, -1],
						"1.75": [0, 0, 0]
					}
				},
				"leftleg": {
					"rotation": {
						"0.0": [0, 0, 0],
						"0.25": [15, 0, 0],
						"0.5": [32.5, 0, 0],
						"1.5": [32.5, 0, 0],
						"1.75": [0, 0, 0]
					},
					"position": {
						"0.0": [0, 0, 0],
						"0.25": [0, -1, 0],
						"0.5": [0, -0.75, -1],
						"1.5": [0, -0.75, -1],
						"1.75": [0, 0, 0]
					}
				},
				"tailleavesrightmain": {
					"rotation": {
						"1.0": [0, 0, 0],
						"1.5": [59.6263, 19.20141, -6.00997]
					}
				},
				"tailleavesrightmain2": {
					"rotation": {
						"1.0": [0, 0, 0],
						"1.5": [78.49257, 14.20196, -4.94055]
					}
				},
				"tailleavesrightmain3": {
					"rotation": {
						"1.0": [0, 0, 0],
						"1.5": [30.20077, 26.85862, 58.70398]
					}
				},
				"tailleavesleftmain2": {
					"rotation": {
						"1.0": [0, 0, 0],
						"1.5": [78.49257, -14.20196, 4.94055]
					}
				},
				"tailleavesleftmain3": {
					"rotation": {
						"1.0": [0, 0, 0],
						"1.5": [30.20077, -26.85862, -58.70398]
					}
				},
				"tailleavesleftmain": {
					"rotation": {
						"1.0": [0, 0, 0],
						"1.5": [59.6263, -19.20141, 6.00997]
					}
				}
			}
		},
		"animation.dandefluff.blink": {
			"animation_length": 0.41667,
			"bones": {
				"face": {
					"rotation": [0, 0, 0]
				},
				"righteye": {
					"position": {
						"0.0": [0, 0, 0],
						"0.0417": [0, 0, 0],
						"0.0833": [0, 0, 0],
						"0.125": [0, 0, 0],
						"0.1667": [0, 0, 0],
						"0.25": [0, -1, 0],
						"0.375": [0, -1, 0],
						"0.4167": [0, 0, 0]
					},
					"scale": {
						"0.0": [1, 1, 1],
						"0.0417": [1, 1, 1],
						"0.0833": [1, 1, 1],
						"0.125": [1, 1, 1],
						"0.1667": [1, 1, 1],
						"0.25": [1, 0.2, 1],
						"0.375": [1, 0.2, 1],
						"0.4167": [1, 1, 1]
					}
				},
				"lefteye": {
					"position": {
						"0.0": [0, 0, 0],
						"0.0417": [0, 0, 0],
						"0.0833": [0, 0, 0],
						"0.125": [0, 0, 0],
						"0.1667": [0, 0, 0],
						"0.25": [0, -1, 0],
						"0.375": [0, -1, 0],
						"0.4167": [0, 0, 0]
					},
					"scale": {
						"0.0": [1, 1, 1],
						"0.0417": [1, 1, 1],
						"0.0833": [1, 1, 1],
						"0.125": [1, 1, 1],
						"0.1667": [1, 1, 1],
						"0.25": [1, 0.2, 1],
						"0.375": [1, 0.2, 1],
						"0.4167": [1, 1, 1]
					}
				}
			}
		},
		"animation.dandefluff.cry": {
			"animation_length": 0.75,
			"bones": {
				"head": {
					"rotation": {
						"0.0": [0, 0, 0],
						"0.3333": [-7.5, 0, 0],
						"0.75": [0, 0, 0]
					}
				},
				"mouth": {
					"scale": {
						"0.0": [1, 1, 1],
						"0.3333": [1, 1.4, 1],
						"0.75": [1, 1, 1]
					}
				}
			}
		}
	}
}