{
	"format_version": "1.8.0",
	"animations": {
		"animation.yangino.ground_idle": {
			"loop": true,
			"animation_length": 2.88,
			"bones": {
				"head": {
					"rotation": {
						"0.0": [0, 35, 0],
						"1.44": [-5, 22.5, 0],
						"2.88": [0, 35, 0]
					}
				},
				"body": {
					"rotation": {
						"0.0": [0, -37.5, 0],
						"1.44": [5, -23.75, 0],
						"2.88": [0, -37.5, 0]
					}
				},
				"arm": {
					"rotation": {
						"0.0": [0, 0, 0],
						"1.44": [-7.5, 0, 0],
						"2.88": [0, 0, 0]
					}
				},
				"arm2": {
					"rotation": {
						"0.0": [0, 0, 0],
						"1.44": [0, 0, 2.5],
						"2.88": [0, 0, 0]
					}
				}
			}
		},
		"animation.yangino.ground_walk": {
			"loop": true,
			"animation_length": 0.4,
			"bones": {
				"head": {
					"rotation": {
						"0.0": [-12.5, 0, 0],
						"0.2": [-17.5, 0, 0],
						"0.4": [-12.5, 0, 0]
					}
				},
				"body": {
					"rotation": {
						"0.0": [17.5, 0, 0],
						"0.2": [22.5, 0, 0],
						"0.4": [17.5, 0, 0]
					}
				},
				"arm": {
					"rotation": {
						"0.0": [67.5, 0, 0],
						"0.2": [60, 0, 0],
						"0.4": [67.5, 0, 0]
					}
				},
				"arm2": {
					"rotation": {
						"0.0": [67.5, 0, 0],
						"0.2": [60, 0, 0],
						"0.4": [67.5, 0, 0]
					}
				},
				"leg": {
					"rotation": {
						"0.0": [45, 0, 0],
						"0.2": [-45, 0, 0],
						"0.4": [45, 0, 0]
					}
				},
				"leg2": {
					"rotation": {
						"0.0": [-45, 0, 0],
						"0.2": [45, 0, 0],
						"0.4": [-45, 0, 0]
					}
				}
			}
		}
	}
}