{
  "implemented": true,
  "name": "Zoroark",
  "nationalPokedexNumber": 571,
  "primaryType": "dark",
  "abilities": [
    "illusion"
  ],
  "drops": {
    "amount": 5,
    "entries": [
      {
        "item": "minecraft:sweet_berries",
        "quantityRange": "2-4"
      },
      {
        "item": "cobblemon:roseli_berry",
        "percentage": 5.0
      }
    ]
  },
  "baseStats": {
    "hp": 60,
    "attack": 105,
    "defence": 60,
    "special_attack": 120,
    "special_defence": 60,
    "speed": 105
  },
  "features": [
    "hisuian"
  ],
  "catchRate": 45,
  "maleRatio": 0.875,
  "shoulderMountable": false,
  "forms": [
    {
      "name": "Hisui",
      "primaryType": "normal",
      "secondaryType": "ghost",
      "abilities": [
        "illusion"
      ],
      "baseStats": {
        "hp": 55,
        "attack": 100,
        "defence": 60,
        "special_attack": 125,
        "special_defence": 60,
        "speed": 110
      },
      "catchRate": 45,
      "maleRatio": 0.875,
      "baseExperienceYield": 179,
      "baseFriendship": 50,
      "evYield": {
        "hp": 0,
        "attack": 0,
        "defence": 0,
        "special_attack": 2,
        "special_defence": 0,
        "speed": 0
      },
      "experienceGroup": "medium_slow",
      "eggCycles": 20,
      "eggGroups": [
        "field"
      ],
      "moves": [
        "1:honeclaws",
        "1:leer",
        "1:scratch",
        "1:torment",
        "1:uturn",
        "12:shadowsneak",
        "16:curse",
        "20:taunt",
        "24:knockoff",
        "28:spite",
        "34:agility",
        "40:shadowball",
        "46:bittermalice",
        "52:nastyplot",
        "58:foulplay",
        "tm:aerialace",
        "tm:agility",
        "tm:bodyslam",
        "tm:brickbreak",
        "tm:burningjealousy",
        "tm:calmmind",
        "tm:confuseray",
        "tm:crunch",
        "tm:curse",
        "tm:darkpulse",
        "tm:dig",
        "tm:endure",
        "tm:facade",
        "tm:faketears",
        "tm:flamethrower",
        "tm:fling",
        "tm:focusblast",
        "tm:focuspunch",
        "tm:foulplay",
        "tm:gigaimpact",
        "tm:grassknot",
        "tm:helpinghand",
        "tm:hex",
        "tm:hyperbeam",
        "tm:hypervoice",
        "tm:icywind",
        "tm:imprison",
        "tm:knockoff",
        "tm:lashout",
        "tm:lowkick",
        "tm:lowsweep",
        "tm:nastyplot",
        "tm:nightshade",
        "tm:painsplit",
        "tm:phantomforce",
        "tm:poltergeist",
        "tm:protect",
        "tm:psychic",
        "tm:psychup",
        "tm:raindance",
        "tm:rest",
        "tm:roar",
        "tm:scaryface",
        "tm:shadowball",
        "tm:shadowclaw",
        "tm:skittersmack",
        "tm:sleeptalk",
        "tm:sludgebomb",
        "tm:snarl",
        "tm:snowscape",
        "tm:spite",
        "tm:substitute",
        "tm:swift",
        "tm:swordsdance",
        "tm:takedown",
        "tm:taunt",
        "tm:terablast",
        "tm:thief",
        "tm:throatchop",
        "tm:trick",
        "tm:uturn",
        "tm:willowisp"
      ],
      "labels": [
        "gen8",
        "hisui_regional"
      ],
      "aspects": [
        "hisuian"
      ],
      "height": 16,
      "weight": 730,
      "preEvolution": "zorua hisuian",
      "baseScale": 0.85,
      "hitbox": {
        "width": 1.3,
        "height": 3.3,
        "fixed": false
      },
      "cannotDynamax": false,
      "battleOnly": false,
      "drops": {
        "amount": 5,
        "entries": [
          {
            "item": "minecraft:sweet_berries",
            "quantityRange": "2-4"
          },
          {
            "item": "cobblemon:colbur_berry",
            "percentage": 5.0
          }
        ]
      }
    }
  ],
  "baseExperienceYield": 179,
  "experienceGroup": "medium_slow",
  "eggCycles": 20,
  "eggGroups": [
    "field"
  ],
  "moves": [
    "1:honeclaws",
    "1:leer",
    "1:nightslash",
    "1:pursuit",
    "1:scratch",
    "1:torment",
    "1:uturn",
    "12:furyswipes",
    "16:scaryface",
    "17:feintattack",
    "20:taunt",
    "24:knockoff",
    "28:faketears",
    "34:agility",
    "40:imprison",
    "44:embargo",
    "46:nightdaze",
    "49:punishment",
    "52:nastyplot",
    "58:foulplay",
    "tm:aerialace",
    "tm:agility",
    "tm:assurance",
    "tm:attract",
    "tm:bodyslam",
    "tm:bounce",
    "tm:brickbreak",
    "tm:burningjealousy",
    "tm:calmmind",
    "tm:confide",
    "tm:confuseray",
    "tm:crunch",
    "tm:cut",
    "tm:darkpulse",
    "tm:dig",
    "tm:doubleteam",
    "tm:embargo",
    "tm:encore",
    "tm:endure",
    "tm:facade",
    "tm:faketears",
    "tm:flamethrower",
    "tm:fling",
    "tm:focusblast",
    "tm:foulplay",
    "tm:frustration",
    "tm:gigaimpact",
    "tm:grassknot",
    "tm:helpinghand",
    "tm:hex",
    "tm:hiddenpower",
    "tm:honeclaws",
    "tm:hyperbeam",
    "tm:hypervoice",
    "tm:imprison",
    "tm:incinerate",
    "tm:knockoff",
    "tm:lashout",
    "tm:lowkick",
    "tm:lowsweep",
    "tm:megakick",
    "tm:megapunch",
    "tm:nastyplot",
    "tm:nightshade",
    "tm:painsplit",
    "tm:payback",
    "tm:protect",
    "tm:psychic",
    "tm:psychup",
    "tm:raindance",
    "tm:rest",
    "tm:retaliate",
    "tm:return",
    "tm:revenge",
    "tm:roar",
    "tm:rocksmash",
    "tm:round",
    "tm:scaryface",
    "tm:secretpower",
    "tm:shadowball",
    "tm:shadowclaw",
    "tm:skittersmack",
    "tm:sleeptalk",
    "tm:sludgebomb",
    "tm:snarl",
    "tm:snore",
    "tm:spite",
    "tm:substitute",
    "tm:sunnyday",
    "tm:swagger",
    "tm:swift",
    "tm:swordsdance",
    "tm:takedown",
    "tm:taunt",
    "tm:terablast",
    "tm:thief",
    "tm:throatchop",
    "tm:torment",
    "tm:toxic",
    "tm:trick",
    "tm:uproar",
    "tm:uturn",
    "tutor:agility",
    "tutor:bounce",
    "tutor:burningjealousy",
    "tutor:covet",
    "tutor:darkpulse",
    "tutor:embargo",
    "tutor:flamethrower",
    "tutor:foulplay",
    "tutor:furyswipes",
    "tutor:hypervoice",
    "tutor:knockoff",
    "tutor:laserfocus",
    "tutor:lashout",
    "tutor:lowkick",
    "tutor:nastyplot",
    "tutor:punishment",
    "tutor:scaryface",
    "tutor:skittersmack",
    "tutor:sleeptalk",
    "tutor:sludgebomb",
    "tutor:snarl",
    "tutor:snatch",
    "tutor:snore",
    "tutor:spite",
    "tutor:suckerpunch",
    "tutor:throatchop",
    "tutor:trick",
    "tutor:uproar"
  ],
  "labels": [
    "gen5",
    "unova_regional"
  ],
  "pokedex": [
    "cobblemon.species.zoroark.desc"
  ],
  "preEvolution": "zorua",
  "evolutions": [ {
      "id": "zoroark_warwick",
      "variant": "item_interact",
      "result": "zoroak_warwick",
      "consumeHeldItem": true,
      "learnableMoves": [],
      "requirements": [],
      "requiredContext": "cobblemon:razor_fang"
    }],
  "baseScale": 0.65,
  "hitbox": {
    "width": 1.3,
    "height": 2.9,
    "fixed": false
  },
  "baseFriendship": 50,
  "evYield": {
    "hp": 0,
    "attack": 0,
    "defence": 0,
    "special_attack": 2,
    "special_defence": 0,
    "speed": 0
  },
  "height": 16,
  "weight": 811,
  "aspects": [],
  "cannotDynamax": false
}
