{
	"format_version": "1.12.0",
	"minecraft:geometry": [
		{
			"description": {
				"identifier": "geometry.sonosorianultim",
				"texture_width": 256,
				"texture_height": 256,
				"visible_bounds_width": 5,
				"visible_bounds_height": 9.5,
				"visible_bounds_offset": [0, 4.25, 0]
			},
			"bones": [
				{
					"name": "sonorosianultim",
					"pivot": [0, 0, 0]
				},
				{
					"name": "body",
					"parent": "sonorosianultim",
					"pivot": [0, 0, 0]
				},
				{
					"name": "torso",
					"parent": "body",
					"pivot": [0, 67, 1],
					"cubes": [
						{"origin": [-11, 55, -5], "size": [22, 25, 12], "uv": [120, 29]}
					]
				},
				{
					"name": "leg_right",
					"parent": "torso",
					"pivot": [-8, 55, 1],
					"cubes": [
						{"origin": [-12, 32, -4], "size": [8, 23, 10], "uv": [150, 187]}
					]
				},
				{
					"name": "boot_right",
					"parent": "leg_right",
					"pivot": [-8, 32, 1],
					"cubes": [
						{"origin": [-10, 29, -5], "size": [4, 6, 5], "uv": [216, 130]},
						{"origin": [-14, 14, -6], "size": [12, 18, 14], "uv": [98, 173]},
						{"origin": [-13, 15, -8], "size": [3, 16, 2], "uv": [64, 220]},
						{"origin": [-6, 15, -8], "size": [3, 16, 2], "uv": [96, 149]},
						{"origin": [-10, 15, -8], "size": [4, 3, 2], "uv": [40, 118]},
						{"origin": [-10, 28, -8], "size": [4, 3, 2], "uv": [107, 70]}
					]
				},
				{
					"name": "foot_right",
					"parent": "boot_right",
					"pivot": [-8, 14, 1],
					"cubes": [
						{"origin": [-15, 0, -8], "size": [14, 14, 16], "uv": [144, 157]},
						{"origin": [-6, 2, -10], "size": [3, 10, 2], "uv": [90, 203]},
						{"origin": [-10, 2, -10], "size": [4, 3, 2], "uv": [106, 64]},
						{"origin": [-13, 2, -10], "size": [3, 10, 2], "uv": [218, 224]},
						{"origin": [-10, 9, -10], "size": [4, 3, 2], "uv": [96, 61]}
					]
				},
				{
					"name": "leg_left",
					"parent": "torso",
					"pivot": [8, 55, 1],
					"cubes": [
						{"origin": [4, 32, -4], "size": [8, 23, 10], "uv": [54, 187]}
					]
				},
				{
					"name": "boot_left",
					"parent": "leg_left",
					"pivot": [8, 32, 1],
					"cubes": [
						{"origin": [6, 29, -5], "size": [4, 6, 5], "uv": [0, 143]},
						{"origin": [2, 14, -6], "size": [12, 18, 14], "uv": [170, 66]},
						{"origin": [3, 15, -8], "size": [3, 16, 2], "uv": [118, 106]},
						{"origin": [10, 15, -8], "size": [3, 16, 2], "uv": [14, 100]},
						{"origin": [6, 15, -8], "size": [4, 3, 2], "uv": [95, 70]},
						{"origin": [6, 28, -8], "size": [4, 3, 2], "uv": [8, 70]}
					]
				},
				{
					"name": "foot_left",
					"parent": "boot_left",
					"pivot": [8, 14, 1],
					"cubes": [
						{"origin": [1, 0, -8], "size": [14, 14, 16], "uv": [52, 157]},
						{"origin": [10, 2, -10], "size": [3, 10, 2], "uv": [186, 187]},
						{"origin": [6, 2, -10], "size": [4, 3, 2], "uv": [12, 61]},
						{"origin": [3, 2, -10], "size": [3, 10, 2], "uv": [174, 66]},
						{"origin": [6, 9, -10], "size": [4, 3, 2], "uv": [0, 61]}
					]
				},
				{
					"name": "torso_top",
					"parent": "torso",
					"pivot": [0, 80, 1],
					"cubes": [
						{"origin": [-17, 104, -10], "size": [34, 1, 28], "uv": [0, 41]},
						{"origin": [-15, 80, -8], "size": [30, 6, 24], "uv": [86, 76]},
						{"origin": [-18, 93, -11], "size": [36, 11, 30], "uv": [0, 0]},
						{"origin": [-16, 86, -6], "size": [32, 7, 23], "uv": [0, 70]},
						{"origin": [-16, 86, -9], "size": [2, 7, 3], "uv": [0, 15]},
						{"origin": [14, 86, -9], "size": [2, 7, 3], "uv": [0, 0]},
						{"origin": [-7, 86, -9], "size": [14, 7, 3], "uv": [124, 66]}
					]
				},
				{
					"name": "neck",
					"parent": "torso_top",
					"pivot": [0, 105, 4],
					"cubes": [
						{"origin": [-5, 99, -1], "size": [10, 20, 10], "uv": [179, 226]}
					]
				},
				{
					"name": "head",
					"parent": "neck",
					"pivot": [0, 113, 4],
					"cubes": [
						{"origin": [-15, 113, -8], "size": [8, 19, 24], "uv": [0, 100]},
						{"origin": [-7, 113, -1], "size": [14, 17, 10], "uv": [174, 0]},
						{"origin": [-13, 114, -10], "size": [26, 17, 1], "uv": [0, 187]},
						{"origin": [-13, 114, 17], "size": [26, 17, 1], "uv": [140, 133]},
						{"origin": [-16, 114, 9], "size": [1, 17, 6], "uv": [104, 106]},
						{"origin": [15, 114, -7], "size": [1, 17, 6], "uv": [0, 70]},
						{"origin": [15, 114, -1], "size": [1, 4, 10], "uv": [192, 98]},
						{"origin": [-16, 127, -1], "size": [1, 4, 10], "uv": [32, 143]},
						{"origin": [-16, 114, -1], "size": [1, 4, 10], "uv": [44, 147]},
						{"origin": [15, 127, -1], "size": [1, 4, 10], "uv": [176, 27]},
						{"origin": [-16, 114, -7], "size": [1, 17, 6], "uv": [87, 70]},
						{"origin": [15, 114, 9], "size": [1, 17, 6], "uv": [0, 100]},
						{"origin": [-14, 113, -9], "size": [28, 19, 8], "uv": [128, 106]},
						{"origin": [7, 113, -8], "size": [8, 19, 24], "uv": [64, 106]},
						{"origin": [-14, 113, 9], "size": [28, 19, 8], "uv": [102, 0]}
					]
				},
				{
					"name": "shoulder_left",
					"parent": "torso_top",
					"pivot": [18, 99, 4],
					"cubes": [
						{"origin": [18, 90, -10], "size": [6, 20, 20], "pivot": [23, 95, 1], "rotation": [-45, 0, 0], "uv": [108, 133]},
						{"origin": [24, 92, -8], "size": [1, 16, 16], "pivot": [24, 95, 1], "rotation": [-45, 0, 0], "uv": [188, 27]},
						{"origin": [25, 93, 7], "size": [2, 12, 3], "pivot": [25, 99, 4], "rotation": [-45, 0, 0], "uv": [222, 72]},
						{"origin": [25, 93, -2], "size": [2, 12, 3], "pivot": [25, 99, 4], "rotation": [-45, 0, 0], "uv": [222, 40]},
						{"origin": [25, 93, 1], "size": [2, 3, 6], "pivot": [25, 99, 4], "rotation": [-45, 0, 0], "uv": [0, 154]},
						{"origin": [25, 102, 1], "size": [2, 3, 6], "pivot": [26, 99, 4], "rotation": [-45, 0, 0], "uv": [70, 100]}
					]
				},
				{
					"name": "arm_left",
					"parent": "shoulder_left",
					"pivot": [21, 99, 4],
					"cubes": [
						{"origin": [19, 77, 2], "size": [4, 14, 4], "uv": [3, 43]}
					]
				},
				{
					"name": "arm_left_bottom",
					"parent": "arm_left",
					"pivot": [23, 76, 5],
					"cubes": [
						{"origin": [18, 63, 0], "size": [6, 14, 8], "uv": [2, 207]}
					]
				},
				{
					"name": "hand_left",
					"parent": "arm_left_bottom",
					"pivot": [21, 63, 4],
					"cubes": [
						{"origin": [17, 49, -2], "size": [8, 14, 12], "uv": [186, 187]},
						{"origin": [16, 59, -1], "size": [1, 3, 10], "uv": [206, 27]},
						{"origin": [16, 53, -1], "size": [1, 6, 3], "uv": [14, 84]},
						{"origin": [16, 50, -1], "size": [1, 3, 10], "uv": [122, 205]},
						{"origin": [16, 53, 6], "size": [1, 6, 3], "uv": [14, 75]},
						{"origin": [25, 59, -1], "size": [1, 3, 10], "uv": [32, 205]},
						{"origin": [25, 53, -1], "size": [1, 6, 3], "uv": [19, 15]},
						{"origin": [25, 50, -1], "size": [1, 3, 10], "uv": [204, 165]},
						{"origin": [25, 53, 6], "size": [1, 6, 3], "uv": [19, 0]}
					]
				},
				{
					"name": "thumb_left",
					"parent": "hand_left",
					"pivot": [21, 59, -2],
					"cubes": [
						{"origin": [19, 57, -9], "size": [4, 4, 11], "uv": [0, 0]}
					]
				},
				{
					"name": "thumb_left_joint",
					"parent": "thumb_left",
					"pivot": [21, 59, -9],
					"cubes": [
						{"origin": [19, 57, -16], "size": [4, 4, 7], "uv": [64, 118]}
					]
				},
				{
					"name": "index_left",
					"parent": "hand_left",
					"pivot": [21, 53, -1],
					"cubes": [
						{"origin": [19, 44, -3], "size": [4, 9, 4], "uv": [218, 94]}
					]
				},
				{
					"name": "index_left_joint",
					"parent": "index_left",
					"pivot": [21, 44, -1],
					"cubes": [
						{"origin": [19, 37, -3], "size": [4, 7, 4], "uv": [152, 220]}
					]
				},
				{
					"name": "middle_left",
					"parent": "hand_left",
					"pivot": [21, 53, 4],
					"cubes": [
						{"origin": [19, 44, 2], "size": [4, 9, 4], "uv": [32, 218]}
					]
				},
				{
					"name": "middle_left_joint",
					"parent": "middle_left",
					"pivot": [21, 44, 4],
					"cubes": [
						{"origin": [19, 37, 2], "size": [4, 7, 4], "uv": [74, 220]}
					]
				},
				{
					"name": "pinky_left",
					"parent": "hand_left",
					"pivot": [21, 53, 9],
					"cubes": [
						{"origin": [19, 44, 7], "size": [4, 9, 4], "uv": [218, 23]}
					]
				},
				{
					"name": "pinky_left_joint",
					"parent": "pinky_left",
					"pivot": [21, 44, 9],
					"cubes": [
						{"origin": [19, 37, 7], "size": [4, 7, 4], "uv": [52, 161]}
					]
				},
				{
					"name": "shoulder_right",
					"parent": "torso_top",
					"pivot": [-18, 99, 4],
					"cubes": [
						{"origin": [-24, 90, -10], "size": [6, 20, 20], "pivot": [-19, 95, 1], "rotation": [-45, 0, 0], "uv": [0, 143]},
						{"origin": [-25, 92, -8], "size": [1, 16, 16], "pivot": [-25, 95, 1], "rotation": [-45, 0, 0], "uv": [200, 98]},
						{"origin": [-27, 93, 7], "size": [2, 12, 3], "pivot": [-27, 99, 4], "rotation": [-45, 0, 0], "uv": [168, 223]},
						{"origin": [-27, 93, -2], "size": [2, 12, 3], "pivot": [-27, 99, 4], "rotation": [-45, 0, 0], "uv": [138, 223]},
						{"origin": [-27, 93, 1], "size": [2, 3, 6], "pivot": [-27, 99, 4], "rotation": [-45, 0, 0], "uv": [80, 187]},
						{"origin": [-27, 102, 1], "size": [2, 3, 6], "pivot": [-27, 99, 4], "rotation": [-45, 0, 0], "uv": [158, 66]}
					]
				},
				{
					"name": "arm_right",
					"parent": "shoulder_right",
					"pivot": [-21, 99, 4],
					"cubes": [
						{"origin": [-23, 77, 2], "size": [4, 14, 4], "uv": [100, 43]}
					]
				},
				{
					"name": "arm_right_bottom",
					"parent": "arm_right",
					"pivot": [-19, 76, 5],
					"cubes": [
						{"origin": [-24, 63, 0], "size": [6, 14, 8], "uv": [92, 207]}
					]
				},
				{
					"name": "hand_right",
					"parent": "arm_right_bottom",
					"pivot": [-21, 63, 4],
					"cubes": [
						{"origin": [-25, 49, -2], "size": [8, 14, 12], "uv": [188, 139]},
						{"origin": [-26, 59, -1], "size": [1, 3, 10], "uv": [176, 213]},
						{"origin": [-26, 53, -1], "size": [1, 6, 3], "uv": [101, 84]},
						{"origin": [-26, 50, -1], "size": [1, 3, 10], "uv": [198, 213]},
						{"origin": [-26, 53, 6], "size": [1, 6, 3], "uv": [80, 109]},
						{"origin": [-17, 59, -1], "size": [1, 3, 10], "uv": [134, 210]},
						{"origin": [-17, 53, -1], "size": [1, 6, 3], "uv": [101, 75]},
						{"origin": [-17, 50, -1], "size": [1, 3, 10], "uv": [208, 59]},
						{"origin": [-17, 53, 6], "size": [1, 6, 3], "uv": [40, 100]}
					]
				},
				{
					"name": "thumb_right",
					"parent": "hand_right",
					"pivot": [-21, 59, -2],
					"cubes": [
						{"origin": [-23, 57, -9], "size": [4, 4, 11], "uv": [0, 15]}
					]
				},
				{
					"name": "thumb_right_joint",
					"parent": "thumb_right",
					"pivot": [-21, 59, -9],
					"cubes": [
						{"origin": [-23, 57, -16], "size": [4, 4, 7], "uv": [214, 178]}
					]
				},
				{
					"name": "index_right",
					"parent": "hand_right",
					"pivot": [-21, 53, -1],
					"cubes": [
						{"origin": [-23, 44, -3], "size": [4, 9, 4], "uv": [220, 55]}
					]
				},
				{
					"name": "index_right_joint",
					"parent": "index_right",
					"pivot": [-21, 44, -1],
					"cubes": [
						{"origin": [-23, 37, -3], "size": [4, 7, 4], "uv": [220, 213]}
					]
				},
				{
					"name": "middle_right",
					"parent": "hand_right",
					"pivot": [-21, 53, 4],
					"cubes": [
						{"origin": [-23, 44, 2], "size": [4, 9, 4], "uv": [48, 220]}
					]
				},
				{
					"name": "middle_right_joint",
					"parent": "middle_right",
					"pivot": [-21, 44, 4],
					"cubes": [
						{"origin": [-23, 37, 2], "size": [4, 7, 4], "uv": [222, 0]}
					]
				},
				{
					"name": "pinky_right",
					"parent": "hand_right",
					"pivot": [-21, 53, 9],
					"cubes": [
						{"origin": [-23, 44, 7], "size": [4, 9, 4], "uv": [122, 219]}
					]
				},
				{
					"name": "pinky_right_joint",
					"parent": "pinky_right",
					"pivot": [-21, 44, 9],
					"cubes": [
						{"origin": [-23, 37, 7], "size": [4, 7, 4], "uv": [222, 11]}
					]
				}
			]
		}
	]
}