{
	"format_version": "1.12.0",
	"minecraft:geometry": [
		{
			"description": {
				"identifier": "geometry.sizzlipede",
				"texture_width": 64,
				"texture_height": 64,
				"visible_bounds_width": 5,
				"visible_bounds_height": 1.5,
				"visible_bounds_offset": [0, 0.25, 0]
			},
			"bones": [
				{
					"name": "arthropeater",
					"pivot": [0, 0, 0]
				},
				{
					"name": "body",
					"parent": "arthropeater",
					"pivot": [0, 0, 0]
				},
				{
					"name": "head",
					"parent": "body",
					"pivot": [0, 2, -15],
					"cubes": [
						{"origin": [-3, 1, -17], "size": [6, 2, 2], "inflate": 0.01, "uv": [19, 26]}
					]
				},
				{
					"name": "head2",
					"parent": "head",
					"pivot": [0, 3, -17],
					"cubes": [
						{"origin": [-3, 1, -20], "size": [6, 2, 3], "uv": [1, 24]}
					]
				},
				{
					"name": "mandibles",
					"parent": "head2",
					"pivot": [-5, 4.5, -22],
					"cubes": [
						{"origin": [-2, 1.5, -22], "size": [4, 0, 3], "uv": [11, 30]}
					]
				},
				{
					"name": "antenna_right",
					"parent": "head2",
					"pivot": [-2, 1.5, -18],
					"cubes": [
						{"origin": [-3, 1.5, -18], "size": [0, 3, 1], "uv": [22, 29]}
					]
				},
				{
					"name": "antenna_left",
					"parent": "head2",
					"pivot": [-5, 4.5, -22],
					"cubes": [
						{"origin": [3.1, 1.5, -18], "size": [0, 3, 1], "uv": [22, 29]}
					]
				},
				{
					"name": "eyes",
					"parent": "head2",
					"pivot": [0, 2, -19.5]
				},
				{
					"name": "eye_right",
					"parent": "eyes",
					"pivot": [-2, 2, -19.5],
					"cubes": [
						{"origin": [-3, 1.5, -20], "size": [2, 1, 1], "inflate": 0.01, "uv": [0, 29], "mirror": true}
					]
				},
				{
					"name": "eye_left",
					"parent": "eyes",
					"pivot": [2, 2, -19.5],
					"cubes": [
						{"origin": [1, 1.5, -20], "size": [2, 1, 1], "inflate": 0.01, "uv": [0, 29]}
					]
				},
				{
					"name": "eyelids",
					"parent": "eyes",
					"pivot": [0, 2, -19.4]
				},
				{
					"name": "eyelid_right",
					"parent": "eyelids",
					"pivot": [-1.9, 2, -19.4],
					"cubes": [
						{"origin": [-2.9, 1.5, -19.9], "size": [2, 1, 1], "inflate": 0.02, "uv": [6, 29], "mirror": true}
					]
				},
				{
					"name": "eyelid_left",
					"parent": "eyelids",
					"pivot": [1.9, 2, -19.4],
					"cubes": [
						{"origin": [0.9, 1.5, -19.9], "size": [2, 1, 1], "inflate": 0.02, "uv": [6, 29]}
					]
				},
				{
					"name": "torso",
					"parent": "body",
					"pivot": [0, 2, -15],
					"cubes": [
						{"origin": [-3, 1, -15], "size": [6, 2, 6], "uv": [18, 10]}
					]
				},
				{
					"name": "leg_right_front",
					"parent": "torso",
					"pivot": [-2.75, 1.75, -12],
					"rotation": [0, 0, 20],
					"cubes": [
						{"origin": [-3.25, -0.25, -12.5], "size": [1, 2, 1], "uv": [0, 2]}
					]
				},
				{
					"name": "leg_left_front",
					"parent": "torso",
					"pivot": [2.75, 1.75, -12],
					"rotation": [0, 0, -20],
					"cubes": [
						{"origin": [2.25, -0.25, -12.5], "size": [1, 2, 1], "uv": [0, 8]}
					]
				},
				{
					"name": "tail",
					"parent": "torso",
					"pivot": [0, 2, -9],
					"cubes": [
						{"origin": [-3, 1, -9], "size": [6, 2, 6], "inflate": 0.01, "uv": [18, 2]}
					]
				},
				{
					"name": "leg_right",
					"parent": "tail",
					"pivot": [-2.75, 1.75, -6],
					"rotation": [0, 0, 20],
					"cubes": [
						{"origin": [-3.25, -0.25, -6.5], "size": [1, 2, 1], "uv": [36, 20]}
					]
				},
				{
					"name": "leg_left",
					"parent": "tail",
					"pivot": [2.75, 1.75, -6],
					"rotation": [0, 0, -20],
					"cubes": [
						{"origin": [2.25, -0.25, -6.5], "size": [1, 2, 1], "uv": [0, 24]}
					]
				},
				{
					"name": "tail2",
					"parent": "tail",
					"pivot": [0, 2, -3],
					"cubes": [
						{"origin": [-3, 1, -3], "size": [6, 2, 6], "uv": [0, 16]}
					]
				},
				{
					"name": "leg_right2",
					"parent": "tail2",
					"pivot": [-2.75, 1.75, 0],
					"rotation": [0, 0, 20],
					"cubes": [
						{"origin": [-3.25, -0.25, -0.5], "size": [1, 2, 1], "uv": [18, 19]}
					]
				},
				{
					"name": "leg_left2",
					"parent": "tail2",
					"pivot": [2.75, 1.75, 0],
					"rotation": [0, 0, -20],
					"cubes": [
						{"origin": [2.25, -0.25, -0.5], "size": [1, 2, 1], "uv": [0, 19]}
					]
				},
				{
					"name": "tail3",
					"parent": "tail2",
					"pivot": [0, 2, 3],
					"cubes": [
						{"origin": [-3, 1, 3], "size": [6, 2, 6], "inflate": 0.01, "uv": [0, 8]}
					]
				},
				{
					"name": "leg_right3",
					"parent": "tail3",
					"pivot": [-2.75, 1.75, 6],
					"rotation": [0, 0, 20],
					"cubes": [
						{"origin": [-3.25, -0.25, 5.5], "size": [1, 2, 1], "uv": [18, 10]}
					]
				},
				{
					"name": "leg_left3",
					"parent": "tail3",
					"pivot": [2.75, 1.75, 6],
					"rotation": [0, 0, -20],
					"cubes": [
						{"origin": [2.25, -0.25, 5.5], "size": [1, 2, 1], "uv": [18, 2]}
					]
				},
				{
					"name": "tail4",
					"parent": "tail3",
					"pivot": [0, 2, 9],
					"cubes": [
						{"origin": [-3, 1, 9], "size": [6, 2, 6], "uv": [0, 0]}
					]
				},
				{
					"name": "leg_right4",
					"parent": "tail4",
					"pivot": [-2.75, 1.75, 12],
					"rotation": [0, 0, 20],
					"cubes": [
						{"origin": [-3.25, -0.25, 11.5], "size": [1, 2, 1], "uv": [0, 16]}
					]
				},
				{
					"name": "leg_left4",
					"parent": "tail4",
					"pivot": [2.75, 1.75, 12],
					"rotation": [0, 0, -20],
					"cubes": [
						{"origin": [2.25, -0.25, 11.5], "size": [1, 2, 1], "uv": [0, 11]}
					]
				},
				{
					"name": "tail5",
					"parent": "tail4",
					"pivot": [0, 2, 15],
					"cubes": [
						{"origin": [-3, 1, 15], "size": [6, 2, 5], "inflate": 0.01, "uv": [19, 19]}
					]
				},
				{
					"name": "tail_end",
					"parent": "tail5",
					"pivot": [0, 2, 20],
					"cubes": [
						{"origin": [-1.5, 2, 20], "size": [3, 0, 2], "uv": [16, 0]}
					]
				}
			]
		}
	]
}