{
  "implemented": true,
  "name": "Hoplissey",
  "nationalPokedexNumber": 5034,
  "primaryType": "ground",
  "secondaryType": "fighting",
  "abilities": [
    "cutecharm",
    "quickfeet",
    "h:pickpocket"
  ],
  "baseStats": {
    "hp": 255,
    "attack": 75,
    "defence": 135,
    "special_attack": 10,
    "special_defence": 10,
    "speed": 55
  },
  "catchRate": 30,
  "maleRatio": 0,
  "shoulderMountable": false,
  "baseExperienceYield": 635,
  "experienceGroup": "fast",
  "eggCycles": 40,
  "eggGroups": [
    "fairy",
    "field"
  ],
  "drops": {
    "amount": 1,
    "entries": [
      {
        "item": "cobblemon:lucky_egg",
        "percentage": 25.0
      },
      {
        "item": "cobblemon:black_tumblestone",
        "percentage": 25.0
      },
      {
        "item": "minecraft:egg",
        "percentage": 50.0
      }
    ]
  },
  "behaviour": {
    "resting": {
      "canSleep": true,
      "depth": "normal",
      "light": "0-4"
    }
  },
  "moves": [
    "1:charm",
    "1:copycat",
    "1:covet",
    "1:present",
    "1:eggbomb",
    "1:agility",
    "4:tailwhip",
    "8:brickbreak",
    "12:bulldoze",
    "16:stompingtantrum",
    "20:drainpunch",
    "24:highjumpkick",
    "28:healpulse",
    "32:helpinghand",
    "36:circlethrow",
    "40:earthquake",
    "44:softboiled",
    "48:superpower",
    "52:bounce",
    "tm:brickbreak",
    "tm:bulldoze",
    "tm:drainpunch",
    "tm:earthquake",
    "tm:stompingtantrum",
    "tm:strength",
    "tm:lightscreen",
    "tm:helpinghand",
    "tm:protect",
    "tm:rest",
    "tm:retaliate",
    "tm:round",
    "tm:workup",
    "tm:substitute"
  ],
  "labels": [
    "cotere"
  ],
  "pokedex": [
    "cobblemon.species.hoplissey.desc"
  ],
  "preEvolution": "hoppsey",
  "evolutions": [],
  "baseScale": 1,
  "hitbox": {
    "width": 1.3,
    "height": 1.7,
    "fixed": false
  },
  "baseFriendship": 140,
  "evYield": {
    "hp": 3,
    "attack": 0,
    "defence": 0,
    "special_attack": 0,
    "special_defence": 0,
    "speed": 0
  },
  "height": 15,
  "weight": 468,
  "aspects": [],
  "cannotDynamax": false
}
