{
  "implemented": true,
  "name": "Hoppsey",
  "nationalPokedexNumber": 5033,
  "primaryType": "ground",
  "secondaryType": "fighting",
  "abilities": [
    "cutecharm",
    "quickfeet",
    "h:pickpocket"
  ],
  "baseStats": {
    "hp": 250,
    "attack": 35,
    "defence": 105,
    "special_attack": 5,
    "special_defence": 5,
    "speed": 50
  },
  "catchRate": 30,
  "maleRatio": 0,
  "shoulderMountable": false,
  "baseExperienceYield": 395,
  "experienceGroup": "fast",
  "eggCycles": 40,
  "eggGroups": [
    "fairy"
  ],
  "drops": {
    "amount": 1,
    "entries": [
      {
        "item": "cobblemon:lucky_egg",
        "percentage": 10.0
      },
      {
        "item": "cobblemon:black_tumblestone",
        "percentage": 10.0
      },
      {
        "item": "minecraft:egg",
        "percentage": 50.0
      }
    ]
  },
  "behaviour": {
    "moving": {
      "walk": {
        "walkSpeed": 0.25
      }
    },
    "resting": {
      "canSleep": true,
      "willSleepOnBed": false,
      "depth": "normal",
      "light": "0-4"
    }
  },
  "moves": [
    "1:charm",
    "1:copycat",
    "1:covet",
    "1:eggbomb",
    "1:present",
    "1:sweetkiss",
    "4:tailwhip",
    "8:rockthrow",
    "12:stomp",
    "16:bulldoze",
    "20:brickbreak",
    "24:doublekick",
    "28:circlethrow",
    "32:helpinghand",
    "36:lightscreen",
    "40:earthquake",
    "44:softboiled",
    "48:bounce",
    "52:superpower",
    "egg:counter",
    "egg:endure",
    "egg:present",
    "egg:seismictoss",
    "egg:substitute",
    "tm:attract",
    "tm:bulldoze",
    "tm:earthquake",
    "tm:facade",
    "tm:focuspunch",
    "tm:helpinghand",
    "tm:lightscreen",
    "tm:protect",
    "tm:rest",
    "tm:rockslide",
    "tm:rocktomb",
    "tm:safeguard",
    "tm:stompingtantrum",
    "tm:strength",
    "tm:substitute",
    "tm:sunnyday",
    "tm:toxic"
  ],
  "labels": [
    "cotere"
  ],
  "pokedex": [
    "Hoppsey is a gentle Pokémon that hides eggs filled with nutrients underground. Its powerful kicks can split boulders."
  ],
  "preEvolution": "hoppiny",
  "evolutions": [
    {
      "id": "hoppsey_hoplissey",
      "variant": "level_up",
      "result": "hoplissey",
      "consumeHeldItem": false,
      "learnableMoves": [],
      "requirements": [
        {
          "variant": "friendship",
          "amount": 160
        }
      ]
    }
  ],
  "baseScale": 1,
  "hitbox": {
    "width": 1.2,
    "height": 1.4,
    "fixed": false
  },
  "baseFriendship": 140,
  "evYield": {
    "hp": 2,
    "attack": 0,
    "defence": 0,
    "special_attack": 0,
    "special_defence": 0,
    "speed": 0
  },
  "height": 11,
  "weight": 346,
  "aspects": [],
  "cannotDynamax": false
}