{
  "implemented": true,
  "name": "inklett",
  "nationalPokedexNumber": 5025,
  "primaryType": "dark",
  "secondaryType": "psychic",
  "abilities": [
    "clearbody",
    "liquidooze",
    "h:darkaura"
  ],
  "baseStats": {
    "hp": 20,
    "attack": 35,
    "defence": 25,
    "special_attack": 48,
    "special_defence": 45,
    "speed": 92
  },
  "behaviour": {
    "resting": {
      "canSleep": true,
      "depth": "normal",
      "light": "0-4",
      "willSleepOnBed": false,
      "times": "night"
    },
    "moving": {
		"walk": {
			"walkSpeed": 0.29,
      "swim": {
        "canSwimInWater": false
      }
    }
  }
},
  "catchRate": 255,
  "maleRatio": 0.5,
  "shoulderMountable": false,
  "baseExperienceYield": 41,
  "experienceGroup": "medium_fast",
  "eggCycles": 20,
  "eggGroups": [
    "amorphous"
  ],
  "drops": {
    "amount": 3,
    "entries": [
      {
        "item": "minecraft:ink_sac",
        "quantityRange": "0-1"
      },
      {
        "item": "minecraft:feather",
        "quantityRange": "0-1"
      },
	  {
        "item": "minecraft:cyan_dye",
        "quantityRange": "0-1"
      },
	  {
        "item": "minecraft:yellow_dye",
        "quantityRange": "0-1"
      },
	  {
        "item": "minecraft:magenta_dye",
        "quantityRange": "0-1"
      }
    ]
  },
  "moves": [
	"1:faketears",
	"1:scratch",
	"4:growl",
	"8:astonish",
	"12:confusion",
	"14:feintattack",
	"16:psybeam",
	"20:suckerpunch",
	"21:furyswipes",
	"24:nightslash",
	"26:eeriespell",
	"28:psychicterrain",
	"32:zenheadbutt",
	"36:psychic",
	"40:darkpulse",
	"44:comeuppance"
  ],
  "labels": [
    "cotere"
  ],
  "pokedex": [
    "cobblemon.species.inklett.desc"
  ],
  "baseScale": 0.8,
  "hitbox": {
    "width": 0.5,
    "height": 0.7,
    "fixed": false
  },
  "baseFriendship": 50,
  "evYield": {
    "hp": 0,
    "attack": 0,
    "defence": 0,
    "special_attack": 0,
    "special_defence": 0,
    "speed": 1
  },
  "height": 4,
  "weight": 8,
  "evolutions": [
    {
      "id": "inklett-inktrio",
      "variant": "level_up",
      "result": "inktrio",
      "consumeHeldItem": false,
      "learnableMoves": [
        "doodle"
      ],
      "requirements": [
        {
          "variant": "has_move",
          "move": "eeriespell"
        }
      ]
    }
  ]
}