{
  "implemented": true,
  "name": "inktrio",
  "nationalPokedexNumber": 5026,
  "primaryType": "dark",
  "secondaryType": "psychic",
  "abilities": [
    "clearbody",
    "liquidooze",
    "h:darkaura"
  ],
"baseStats": {
	"hp": 45,
	"attack": 40,
	"defence": 55,
	"special_attack": 108,
	"special_defence": 75,
	"speed": 102
},
  "behaviour": {
    "resting": {
      "canSleep": true,
      "depth": "normal",
      "light": "0-4",
      "willSleepOnBed": false,
      "times": "night"
    },
    "moving": {
		"walk": {
			"walkSpeed": 0.35,
      "swim": {
        "canSwimInWater": false
      }
    }
  }
},
  "catchRate": 50,
  "maleRatio": 0.5,
  "shoulderMountable": false,
  "baseExperienceYield": 149,
  "experienceGroup": "medium_fast",
  "eggCycles": 20,
  "eggGroups": [
    "amorphous"
  ],
  "drops": {
    "amount": 3,
    "entries": [
      {
        "item": "minecraft:ink_sac",
        "quantityRange": "0-3"
      },
      {
        "item": "minecraft:feather",
        "quantityRange": "0-1"
      },
	  {
        "item": "minecraft:cyan_dye",
        "quantityRange": "0-1"
      },
	  {
        "item": "minecraft:yellow_dye",
        "quantityRange": "0-1"
      },
	  {
        "item": "minecraft:magenta_dye",
        "quantityRange": "0-1"
      },
	  {
		  "item": "minecraft:book",
		  "quantityRange": "0-1"
	  }
    ]
  },
  "moves": [
	"1:doodle",
	"1:astonish",
	"1:growl",
	"1:clearsmog",
	"1:nightslash",
	"1:topsyturvy",
	"1:hypnosis",
	"1:firespin",
	"1:triattack",
	"12:confusion",
	"14:psybeam",
	"16:bulldoze",
	"20:suckerpunch",
	"24:eeriespell",
	"25:mudbomb",
	"30:psychicterrain",
	"36:zenheadbutt",
	"42:psychic",
	"48:darkpulse",
	"54:comeuppance"
  ],
  "labels": [
    "cotere"
  ],
  "pokedex": [
    "cobblemon.species.inktrio.desc"
  ],
  "baseScale": 0.8,
  "hitbox": {
    "width": 1.3,
    "height": 1.1,
    "fixed": false
  },
    "preEvolution": "inklett",
  "baseFriendship": 50,
  "evYield": {
    "hp": 0,
    "attack": 0,
    "defence": 0,
    "special_attack": 1,
    "special_defence": 0,
    "speed": 1
  },
  "height": 7,
  "weight": 10,
  "evolutions": []
}