{
	"format_version": "1.12.0",
	"minecraft:geometry": [
		{
			"description": {
				"identifier": "geometry.aurorus",
				"texture_width": 256,
				"texture_height": 256,
				"visible_bounds_width": 8,
				"visible_bounds_height": 3.5,
				"visible_bounds_offset": [0, 1.25, 0]
			},
			"bones": [
				{
					"name": "ankylonorse",
					"pivot": [0, 0, 0]
				},
				{
					"name": "body",
					"parent": "ankylonorse",
					"pivot": [0, 22, 0]
				},
				{
					"name": "waist",
					"parent": "body",
					"pivot": [0, 19.5, 9.75],
					"cubes": [
						{"origin": [-11.5, 10.75, 4], "size": [23, 16, 11], "uv": [0, 0]}
					]
				},
				{
					"name": "torso",
					"parent": "waist",
					"pivot": [0, 19.25, 7],
					"cubes": [
						{"origin": [-12.5, 10.75, -8], "size": [25, 17, 15], "inflate": 0.01, "uv": [0, 57]}
					]
				},
				{
					"name": "tail",
					"parent": "torso",
					"pivot": [0, 18, 15],
					"rotation": [0.5, 0, 0],
					"cubes": [
						{"origin": [-5, 16.00053, 14.87783], "size": [10, 7, 16], "uv": [0, 142]}
					]
				},
				{
					"name": "tail2",
					"parent": "tail",
					"pivot": [0, 18.00053, 28.87783],
					"cubes": [
						{"origin": [-3, 17.00053, 28.87783], "size": [6, 5, 19], "uv": [54, 145]}
					]
				},
				{
					"name": "club",
					"parent": "tail2",
					"pivot": [0, -10.99947, -8.12217],
					"cubes": [
						{"origin": [-9, 16.00053, 47.87783], "size": [18, 7, 8], "uv": [75, 40]}
					]
				},
				{
					"name": "chest",
					"parent": "torso",
					"pivot": [0, 19.25, -8],
					"cubes": [
						{"origin": [9, 16.25, -17], "size": [10, 2, 4], "pivot": [11, 16.25, -15], "rotation": [0, 40, 0], "uv": [85, 89]},
						{"origin": [-18, 16.25, -22], "size": [10, 2, 4], "pivot": [-17, 16.25, -20], "rotation": [0, -40, 0], "uv": [85, 89]},
						{"origin": [-11.5, 10.75, -19], "size": [23, 16, 14], "uv": [0, 27]}
					]
				},
				{
					"name": "neck",
					"parent": "chest",
					"pivot": [1, 18, -23],
					"cubes": [
						{"origin": [-6, 14, -27], "size": [13, 10, 8], "uv": [4, 166]}
					]
				},
				{
					"name": "head",
					"parent": "neck",
					"pivot": [1, 19, -27],
					"cubes": [
						{"origin": [-7, 16.44834, -39.69136], "size": [15, 9, 13], "uv": [69, 0]},
						{"origin": [-8, 24, -31], "size": [1, 6, 4], "pivot": [-7, 24, -30], "rotation": [-57.5, 0, 0], "uv": [116, 89]},
						{"origin": [8, 24, -31], "size": [1, 6, 4], "pivot": [9, 24, -30], "rotation": [-57.5, 0, 0], "uv": [116, 89]},
						{"origin": [-5, 15.44834, -41.69136], "size": [11, 7, 2], "uv": [57, 95]}
					]
				},
				{
					"name": "eyes",
					"parent": "head",
					"pivot": [0.5, 22.5, -34]
				},
				{
					"name": "eye_right",
					"parent": "eyes",
					"pivot": [-8.52, 22, -38.5],
					"cubes": [
						{"origin": [-7.1, 19.5, -38], "size": [0, 4, 7], "uv": [103, 106]}
					]
				},
				{
					"name": "eyelid_right",
					"parent": "eye_right",
					"pivot": [-7.91, 21.5, -38.5],
					"cubes": [
						{"origin": [-6.9, 19.5, -38], "size": [1, 3, 7], "inflate": 0.025, "uv": [118, 109]}
					]
				},
				{
					"name": "eye_left",
					"parent": "eyes",
					"pivot": [8.52, 23, -31.5],
					"cubes": [
						{"origin": [8.05, 19.5, -37], "size": [0, 4, 7], "uv": [103, 101]}
					]
				},
				{
					"name": "eyelid_left",
					"parent": "eye_left",
					"pivot": [7.91, 22.5, -31.5],
					"cubes": [
						{"origin": [6.9, 19.5, -37], "size": [1, 3, 7], "inflate": 0.025, "uv": [118, 99]}
					]
				},
				{
					"name": "jaw",
					"parent": "head",
					"pivot": [1, 15, -27],
					"cubes": [
						{"origin": [-7, 13.44834, -39.69136], "size": [15, 3, 13], "uv": [81, 72]}
					]
				},
				{
					"name": "leg_back_right1",
					"parent": "body",
					"pivot": [-7, 22.75, 9.5],
					"cubes": [
						{"origin": [-10, 12.25, 5.5], "size": [6, 9, 9], "inflate": 0.01, "uv": [0, 122], "mirror": true}
					]
				},
				{
					"name": "leg_back_right2",
					"parent": "leg_back_right1",
					"pivot": [-7, 12.25, 13],
					"cubes": [
						{"origin": [-10.5, 1.75, 8], "size": [7, 11, 6], "uv": [83, 127], "mirror": true}
					]
				},
				{
					"name": "foot_back_right",
					"parent": "leg_back_right2",
					"pivot": [-7, 2.25, 11.25],
					"cubes": [
						{"origin": [-10.5, -0.75, 7.75], "size": [7, 4, 7], "inflate": 0.01, "uv": [73, 114], "mirror": true}
					]
				},
				{
					"name": "toes_back_right",
					"parent": "foot_back_right",
					"pivot": [-7, 0.25, 8.75],
					"cubes": [
						{"origin": [-9, -0.75, 6.75], "size": [4, 1, 3], "uv": [84, 108]}
					]
				},
				{
					"name": "leg_front_right1",
					"parent": "body",
					"pivot": [-7.5, 20.25, -10.5],
					"cubes": [
						{"origin": [-10, 12.25, -13.5], "size": [5, 11, 6], "inflate": 0.01, "uv": [63, 22]}
					]
				},
				{
					"name": "leg_front_right2",
					"parent": "leg_front_right1",
					"pivot": [-7.5, 12.25, -7.75],
					"cubes": [
						{"origin": [-11, 1.75, -12.75], "size": [7, 11, 5], "uv": [86, 23]}
					]
				},
				{
					"name": "foot_front_right",
					"parent": "leg_front_right2",
					"pivot": [-7.5, 2.25, -10.5],
					"cubes": [
						{"origin": [-11, -0.75, -13], "size": [7, 4, 6], "inflate": 0.01, "uv": [85, 96]}
					]
				},
				{
					"name": "toes_front_right",
					"parent": "foot_front_right",
					"pivot": [-7.5, 0.25, -13],
					"cubes": [
						{"origin": [-9.5, -0.75, -14], "size": [4, 1, 1], "uv": [105, 119]}
					]
				},
				{
					"name": "leg_front_left1",
					"parent": "body",
					"pivot": [7.5, 20.25, -10.5],
					"cubes": [
						{"origin": [5, 12.25, -13.5], "size": [5, 11, 6], "inflate": 0.01, "uv": [32, 123]}
					]
				},
				{
					"name": "leg_front_left2",
					"parent": "leg_front_left1",
					"pivot": [7.5, 12.25, -7.75],
					"cubes": [
						{"origin": [4, 1.75, -12.75], "size": [7, 11, 5], "uv": [0, 99]}
					]
				},
				{
					"name": "foot_front_left",
					"parent": "leg_front_left2",
					"pivot": [7.5, 2.25, -10.5],
					"cubes": [
						{"origin": [4, -0.75, -13], "size": [7, 4, 6], "inflate": 0.01, "uv": [90, 148]}
					]
				},
				{
					"name": "toes_front_left",
					"parent": "foot_front_left",
					"pivot": [7.5, 0.25, -13],
					"cubes": [
						{"origin": [5.5, -0.75, -14], "size": [4, 1, 1], "uv": [67, 116]}
					]
				},
				{
					"name": "leg_back_left1",
					"parent": "body",
					"pivot": [7, 22.25, 9.5],
					"cubes": [
						{"origin": [4, 12.25, 5.5], "size": [6, 9, 9], "inflate": 0.01, "uv": [35, 97]}
					]
				},
				{
					"name": "leg_back_left2",
					"parent": "leg_back_left1",
					"pivot": [7, 12.25, 13],
					"cubes": [
						{"origin": [3.5, 1.75, 8], "size": [7, 11, 6], "uv": [55, 126]}
					]
				},
				{
					"name": "foot_back_left",
					"parent": "leg_back_left2",
					"pivot": [7, 2.25, 11.25],
					"cubes": [
						{"origin": [3.5, -0.75, 7.75], "size": [7, 4, 7], "inflate": 0.01, "uv": [38, 145]}
					]
				},
				{
					"name": "toes_back_left",
					"parent": "foot_back_left",
					"pivot": [7, 0.25, 8.75],
					"cubes": [
						{"origin": [5, -0.75, 6.75], "size": [4, 1, 3], "uv": [68, 108]}
					]
				}
			]
		}
	]
}