{
  "implemented": true,
  "nationalPokedexNumber": 194,
  "name": "Wooper",
  "primaryType": "water",
  "secondaryType": "ground",
  "maleRatio": 0.5,
  "height": 4,
  "weight": 85,
  "pokedex": [
    "cobblemon.species.wooper.desc"
  ],
  "labels": [
    "gen2",
    "johtonian_form"
  ],
  "aspects": [],
  "abilities": [
    "damp",
    "waterabsorb",
    "h:unaware"
  ],
  "eggGroups": [
    "water_1",
    "field"
  ],
  "baseStats": {
    "hp": 55,
    "attack": 45,
    "defence": 45,
    "special_attack": 25,
    "special_defence": 25,
    "speed": 15
  },
  "evYield": {
    "hp": 1,
    "attack": 0,
    "defence": 0,
    "special_attack": 0,
    "special_defence": 0,
    "speed": 0
  },
  "baseExperienceYield": 42,
  "experienceGroup": "medium_fast",
  "catchRate": 255,
  "eggCycles": 20,
  "baseFriendship": 50,
  "features": [
    "paldean",
    "tokyo2"
  ],
  "shoulderMountable": true,
  "baseScale": 0.5,
  "hitbox": {
    "width": 0.8,
    "height": 1,
    "fixed": false
  },
  "behaviour": {
    "moving": {
      "swim": {
        "canBreatheUnderwater": true,
        "canSwimInWater": true,
        "canSwimInLava": false,
        "swimSpeed": "0.2"
      }
    },
    "resting": {
      "canSleep": true,
      "willSleepOnBed": true,
      "light": "0-4"
    }
  },
  "drops": {
    "amount": 2,
    "entries": [
      {
        "item": "minecraft:clay_ball",
        "quantityRange": "0-1"
      },
      {
        "item": "cobblemon:rindo_berry",
        "percentage": 2.5
      }
    ]
  },
  "moves": [
    "1:watergun",
    "1:tailwhip",
    "1:mudsport",
    "4:raindance",
    "8:mudshot",
    "12:mist",
    "12:haze",
    "16:slam",
    "21:yawn",
    "24:aquatail",
    "28:muddywater",
    "32:amnesia",
    "36:toxic",
    "40:earthquake",
    "egg:acidspray",
    "egg:afteryou",
    "egg:ancientpower",
    "egg:counter",
    "egg:curse",
    "egg:doublekick",
    "egg:mudbomb",
    "egg:mudsport",
    "egg:recover",
    "egg:spitup",
    "egg:stockpile",
    "egg:swallow",
    "tm:acidspray",
    "tm:afteryou",
    "tm:amnesia",
    "tm:ancientpower",
    "tm:aquatail",
    "tm:avalanche",
    "tm:blizzard",
    "tm:bodyslam",
    "tm:bulldoze",
    "tm:chillingwater",
    "tm:curse",
    "tm:dig",
    "tm:dive",
    "tm:doubleedge",
    "tm:earthpower",
    "tm:earthquake",
    "tm:encore",
    "tm:endure",
    "tm:facade",
    "tm:flash",
    "tm:guardswap",
    "tm:hail",
    "tm:haze",
    "tm:headbutt",
    "tm:helpinghand",
    "tm:hydropump",
    "tm:icebeam",
    "tm:icywind",
    "tm:infestation",
    "tm:irontail",
    "tm:liquidation",
    "tm:muddywater",
    "tm:mudshot",
    "tm:mudslap",
    "tm:poweruppunch",
    "tm:protect",
    "tm:raindance",
    "tm:rest",
    "tm:rockslide",
    "tm:rocksmash",
    "tm:rocktomb",
    "tm:rollout",
    "tm:safeguard",
    "tm:sandstorm",
    "tm:sleeptalk",
    "tm:sludgebomb",
    "tm:sludgewave",
    "tm:snowscape",
    "tm:spikes",
    "tm:stealthrock",
    "tm:stompingtantrum",
    "tm:stoneedge",
    "tm:substitute",
    "tm:surf",
    "tm:takedown",
    "tm:terablast",
    "tm:toxic",
    "tm:trailblaze",
    "tm:waterfall",
    "tm:waterpulse",
    "tm:whirlpool",
    "tutor:afteryou",
    "tutor:ancientpower",
    "tutor:aquatail",
    "tutor:bulldoze",
    "tutor:dive",
    "tutor:earthpower",
    "tutor:helpinghand",
    "tutor:icebeam",
    "tutor:icywind",
    "tutor:irontail",
    "tutor:liquidation",
    "tutor:mudslap",
    "tutor:rest",
    "tutor:rockslide",
    "tutor:rocksmash",
    "tutor:rollout",
    "tutor:sleeptalk",
    "tutor:sludgebomb",
    "tutor:spikes",
    "tutor:stealthrock",
    "tutor:stompingtantrum",
    "tutor:stoneedge",
    "tutor:waterpulse"
  ],
  "evolutions": [
    {
      "id": "wooper_quagsire",
      "variant": "level_up",
      "result": "quagsire",
      "consumeHeldItem": false,
      "learnableMoves": [],
      "requirements": [
        {
          "variant": "level",
          "minLevel": 20
        }
      ]
    }
  ],
  "forms": [
    {
      "name": "Paldea",
      "primaryType": "poison",
      "secondaryType": "ground",
      "maleRatio": 0.5,
      "height": 4,
      "weight": 110,
      "pokedex": [
        "cobblemon.species.wooper-paldea.desc"
      ],
      "labels": [
        "gen9",
        "paldean_form"
      ],
      "aspects": [
        "paldean"
      ],
      "abilities": [
        "poisonpoint",
        "waterabsorb",
        "h:unaware"
      ],
      "drops": {
        "amount": 2,
        "entries": [
          {
            "item": "minecraft:clay_ball",
            "quantityRange": "0-1"
          },
          {
            "item": "cobblemon:pecha_berry",
            "percentage": 2.5
          }
        ]
      },
      "moves": [
        "1:tailwhip",
        "1:mudshot",
        "4:tackle",
        "8:poisontail",
        "12:toxicspikes",
        "16:slam",
        "21:yawn",
        "24:poisonjab",
        "28:sludgewave",
        "32:amnesia",
        "36:toxic",
        "40:earthquake",
        "egg:acidspray",
        "egg:afteryou",
        "egg:ancientpower",
        "egg:counter",
        "egg:curse",
        "egg:doublekick",
        "egg:haze",
        "egg:mist",
        "egg:recover",
        "egg:spitup",
        "egg:stockpile",
        "egg:swallow",
        "tm:acidspray",
        "tm:afteryou",
        "tm:amnesia",
        "tm:ancientpower",
        "tm:bodypress",
        "tm:bodyslam",
        "tm:bulldoze",
        "tm:chillingwater",
        "tm:curse",
        "tm:dig",
        "tm:doubleedge",
        "tm:earthpower",
        "tm:earthquake",
        "tm:endure",
        "tm:facade",
        "tm:gunkshot",
        "tm:haze",
        "tm:helpinghand",
        "tm:hydropump",
        "tm:liquidation",
        "tm:lowkick",
        "tm:mudshot",
        "tm:mudslap",
        "tm:poisonjab",
        "tm:poisontail",
        "tm:protect",
        "tm:raindance",
        "tm:rest",
        "tm:rockslide",
        "tm:rocktomb",
        "tm:sandstorm",
        "tm:sleeptalk",
        "tm:sludgebomb",
        "tm:sludgewave",
        "tm:spikes",
        "tm:stealthrock",
        "tm:stompingtantrum",
        "tm:stoneedge",
        "tm:substitute",
        "tm:surf",
        "tm:takedown",
        "tm:terablast",
        "tm:toxic",
        "tm:toxicspikes",
        "tm:trailblaze",
        "tm:venoshock",
        "tm:waterfall",
        "tm:waterpulse",
        "tutor:afteryou",
        "tutor:ancientpower",
        "tutor:bulldoze",
        "tutor:earthpower",
        "tutor:gunkshot",
        "tutor:helpinghand",
        "tutor:liquidation",
        "tutor:lowkick",
        "tutor:mudslap",
        "tutor:poisonjab",
        "tutor:rest",
        "tutor:rockslide",
        "tutor:sleeptalk",
        "tutor:sludgebomb",
        "tutor:spikes",
        "tutor:stealthrock",
        "tutor:stompingtantrum",
        "tutor:stoneedge",
        "tutor:waterpulse"
      ],
      "evolutions": [
        {
          "id": "wooper_clodsire",
          "variant": "level_up",
          "result": "clodsire",
          "consumeHeldItem": false,
          "learnableMoves": [
            "amnesia"
          ],
          "requirements": [
            {
              "variant": "level",
              "minLevel": 20
            }
          ]
        }
      ],
      "battleOnly": false
    },
    {
      "name": "Tokyo-2",
      "primaryType": "water",
      "secondaryType": "ghost",
      "maleRatio": 0.875,
      "height": 4,
      "weight": 52,
      "pokedex": [
        "cobblemon.species.wooper-tokyo2.desc"
      ],
      "labels": [
        "gen4"
      ],
      "aspects": [
        "tokyo2"
      ],
      "abilities": [
        "damp",
        "waterabsorb",
        "h:unaware"
      ],
      "moves": [
      "1:watergun",
      "1:tailwhip",
      "1:mudsport",
      "4:raindance",
      "8:mudshot",
      "12:mist",
      "12:haze",
      "16:slam",
      "21:yawn",
      "24:aquatail",
      "28:muddywater",
      "32:amnesia",
      "36:toxic",
      "40:earthquake",
      "egg:acidspray",
      "egg:afteryou",
      "egg:ancientpower",
      "egg:counter",
      "egg:curse",
      "egg:doublekick",
      "egg:mudbomb",
      "egg:mudsport",
      "egg:recover",
      "egg:spitup",
      "egg:stockpile",
      "egg:swallow",
      "tm:acidspray",
      "tm:afteryou",
      "tm:amnesia",
      "tm:ancientpower",
      "tm:aquatail",
      "tm:avalanche",
      "tm:blizzard",
      "tm:bodyslam",
      "tm:bulldoze",
      "tm:chillingwater",
      "tm:curse",
      "tm:dig",
      "tm:dive",
      "tm:doubleedge",
      "tm:earthpower",
      "tm:earthquake",
      "tm:encore",
      "tm:endure",
      "tm:facade",
      "tm:flash",
      "tm:guardswap",
      "tm:hail",
      "tm:haze",
      "tm:headbutt",
      "tm:helpinghand",
      "tm:hydropump",
      "tm:icebeam",
      "tm:icywind",
      "tm:infestation",
      "tm:irontail",
      "tm:liquidation",
      "tm:muddywater",
      "tm:mudshot",
      "tm:mudslap",
      "tm:poweruppunch",
      "tm:protect",
      "tm:raindance",
      "tm:rest",
      "tm:rockslide",
      "tm:rocksmash",
      "tm:rocktomb",
      "tm:rollout",
      "tm:safeguard",
      "tm:sandstorm",
      "tm:sleeptalk",
      "tm:sludgebomb",
      "tm:sludgewave",
      "tm:snowscape",
      "tm:spikes",
      "tm:stealthrock",
      "tm:stompingtantrum",
      "tm:stoneedge",
      "tm:substitute",
      "tm:surf",
      "tm:takedown",
      "tm:terablast",
      "tm:toxic",
      "tm:trailblaze",
      "tm:waterfall",
      "tm:waterpulse",
      "tm:whirlpool",
      "tutor:afteryou",
      "tutor:ancientpower",
      "tutor:aquatail",
      "tutor:bulldoze",
      "tutor:dive",
      "tutor:earthpower",
      "tutor:helpinghand",
      "tutor:icebeam",
      "tutor:icywind",
      "tutor:irontail",
      "tutor:liquidation",
      "tutor:mudslap",
      "tutor:rest",
      "tutor:rockslide",
      "tutor:rocksmash",
      "tutor:rollout",
      "tutor:sleeptalk",
      "tutor:sludgebomb",
      "tutor:spikes",
      "tutor:stealthrock",
      "tutor:stompingtantrum",
      "tutor:stoneedge",
      "tutor:waterpulse"
      ],
      "evolutions": [
        {
          "id": "wooper_clodsire-tokyo2",
        "variant": "item_interact",
        "result": "clodsire",
        "consumeHeldItem": true,
        "learnableMoves": [
          "amnesia"
        ],
        "requirements": [],
        "requiredContext": "cobblemon:water_stone"
        },
        {
          "id": "wooper_quagsire-tokyo2",
        "variant": "item_interact",
        "result": "quagsire",
        "consumeHeldItem": true,
        "learnableMoves": [],
        "requirements": [],
        "requiredContext": "cobblemon:water_stone"
        }
      ],
      "battleOnly": false
    }
  ]
}