{
	"format_version": "1.8.0",
	"animations": {
		"animation.whipcealot.blink": {
			"animation_length": 0.16,
			"bones": {
				"left_eye": {
					"rotation": {
						"0.0": [0, 180, 0],
						"0.16": {"pre": [0, 180, 0], "post": [0, 0, 0]}
					},
					"position": {
						"0.0": [0, 0, -0.1],
						"0.16": {"pre": [0, 0, -0.1], "post": [0, 0, 0]}
					}
				},
				"right_eye": {
					"rotation": {
						"0.0": [0, 180, 0],
						"0.16": {"pre": [0, 180, 0], "post": [0, 0, 0]}
					},
					"position": {
						"0.0": [0, 0, -0.1],
						"0.16": {"pre": [0, 0, -0.1], "post": [0, 0, 0]}
					}
				}
			}
		},
		"animation.whipcealot.ground_idle": {
			"loop": true,
			"bones": {
				"body": {
					"position": [0, "0.1-math.sin(q.anim_time*90*2)*0.1", 0]
				},
				"tail": {
					"rotation": [15, 0, 0]
				},
				"tail_1": {
					"rotation": ["17.5+math.cos(q.anim_time*90*2)*35", 0, 0]
				},
				"tail_2": {
					"rotation": ["30+math.cos(q.anim_time*90*2+25)*40", 0, 0],
					"position": [0, "0.3+math.cos(q.anim_time*90*2+25)*0.3", "0.05+math.cos(q.anim_time*90*2+25)*0.3"]
				},
				"tail_3": {
					"rotation": ["35+math.cos(q.anim_time*90*2+40)*50", 0, 0],
					"position": [0, "0.4+math.cos(q.anim_time*90*2+40)*0.4", "-0.5+math.cos(q.anim_time*90*2+40)*0.5"]
				}
			}
		},
		"animation.whipcealot.ground_walk": {
			"loop": true,
			"bones": {
				"body": {
					"position": [0, "0.5-math.sin(q.anim_time*90*1.5)*0.5", 0]
				},
				"tail": {
					"rotation": [15, 0, 0]
				},
				"tail_1": {
					"rotation": ["17.5+math.cos(q.anim_time*90*2)*35", 0, 0]
				},
				"tail_2": {
					"rotation": ["30+math.cos(q.anim_time*90*2+25)*40", 0, 0],
					"position": [0, "0.3+math.cos(q.anim_time*90*2+25)*0.3", "0.05+math.cos(q.anim_time*90*2+25)*0.3"]
				},
				"tail_3": {
					"rotation": ["35+math.cos(q.anim_time*90*2+40)*50", 0, 0],
					"position": [0, "0.4+math.cos(q.anim_time*90*2+40)*0.4", "-0.5+math.cos(q.anim_time*90*2+40)*0.5"]
				},
				"front_left_leg": {
					"rotation": ["0+math.cos(q.anim_time*90*3+90)*15", 0, 0],
					"position": [0, "0+math.clamp((math.cos(q.anim_time*90*3)*1), 0, 1)", 0]
				},
				"front_left_leg_1": {
					"rotation": ["0+math.clamp((math.cos(q.anim_time*90*3)*-25), -25, 0)", 0, 0]
				},
				"front_right_leg": {
					"rotation": ["0-math.cos(q.anim_time*90*3+90)*15", 0, 0],
					"position": [0, "0+math.clamp((-math.cos(q.anim_time*90*3)*1), 0, 1)", 0]
				},
				"front_right_leg_1": {
					"rotation": ["0+math.clamp((-math.cos(q.anim_time*90*3)*-25), -25, 0)", 0, 0]
				},
				"back_left_leg": {
					"rotation": ["0+math.cos(q.anim_time*90*3+90)*10", 0, 0],
					"position": [0, "0+math.clamp((math.cos(q.anim_time*90*3)*1), 0, 1)", 0]
				},
				"back_left_leg_1": {
					"rotation": ["0+math.clamp((math.cos(q.anim_time*90*3)*-15), -15, 0)", 0, 0]
				},
				"back_right_leg": {
					"rotation": ["0-math.cos(q.anim_time*90*3+90)*10", 0, 0],
					"position": [0, "0+math.clamp((-math.cos(q.anim_time*90*3)*1), 0, 1)", 0]
				},
				"back_right_leg_1": {
					"rotation": ["0+math.clamp((-math.cos(q.anim_time*90*3)*-15), -15, 0)", 0, 0]
				}
			}
		}
	}
}