{
	"format_version": "1.8.0",
	"animations": {
		"animation.golakey.ground_idle": {
			"loop": true,
			"animation_length": 5.24,
			"bones": {
				"head": {
					"rotation": {
						"1.88": [0, 0, 0],
						"1.96": [0, 0, 7.5],
						"2.04": [0, 0, 0],
						"2.12": [0, 0, 12.5],
						"2.2": [0, 0, 0],
						"2.28": [0, 0, 0],
						"2.4": [0, -25, 0],
						"3.36": [0, -25, 0],
						"3.56": [0, 0, 0]
					}
				},
				"arm": {
					"rotation": {
						"0.0": [0, 0, 42.5],
						"3.92": [0, 0, 42.5],
						"4.0": [0, 0, 16.67],
						"4.08": [0, 0, 42.5],
						"4.16": [0, 0, -35],
						"4.84": [0, 0, -35],
						"4.92": [0, 0, -20],
						"5.04": [0, 0, -35],
						"5.24": [0, 0, 42.5]
					}
				},
				"arm2": {
					"rotation": {
						"0.0": [0, 0, -42.5],
						"0.84": [0, 0, -42.5],
						"0.92": [-20.81, -25.6, -22.84],
						"1.0": [0, 0, -42.5],
						"1.08": [-41.62019, -51.19846, -3.17174],
						"2.24": [-41.62019, -51.19846, -3.17174],
						"2.36": [0, 0, -42.5]
					}
				}
			}
		},
		"animation.golakey.ground_walk": {
			"loop": true,
			"animation_length": 0.6,
			"bones": {
				"leg": {
					"rotation": {
						"0.0": [32.5, 0, 0],
						"0.16": [32.5, 0, 0],
						"0.24": [17.5, 0, 0],
						"0.36": [-32.5, 0, 0],
						"0.52": [-32.5, 0, 0],
						"0.6": [17.5, 0, 0]
					}
				},
				"leg2": {
					"rotation": {
						"0.0": [-32.5, 0, 0],
						"0.16": [-32.5, 0, 0],
						"0.24": [-17.5, 0, 0],
						"0.36": [32.5, 0, 0],
						"0.52": [32.5, 0, 0],
						"0.6": [-17.5, 0, 0]
					}
				},
				"arm": {
					"rotation": {
						"0.0": [0, -40, 40],
						"0.16": [0, -40, 40],
						"0.24": [0, -40, 40],
						"0.36": [0, 40, 40],
						"0.52": [0, 40, 40],
						"0.6": [0, -40, 40]
					}
				},
				"arm2": {
					"rotation": {
						"0.0": [0, -40, -40],
						"0.16": [0, -40, -40],
						"0.24": [0, -40, -40],
						"0.36": [0, 40, -40],
						"0.52": [0, 40, -40],
						"0.6": [0, -40, -40]
					}
				}
			}
		}
	}
}