{
    
    "target": "cobblemon:pignite",
    "features": ["jetian"],
    "forms": [
  {
    "implemented": true,
    "nationalPokedexNumber": 499,
    "name": "Jetian",
    "primaryType": "fairy",
    "secondaryType": "ground",
    "maleRatio": 0.875,
    "height": 7,
    "weight": 96,
    "pokedex": [
      "cobblemon.species.pignite_jetian.desc"
    ],
    "labels": [
      "gen5",
      "starter",
      "jetian"
    ],
    "aspects": ["jetian"],
    "abilities": [
      "aromaveil",
      "h:thickfat"
    ],
    "eggGroups": [
      "fairy",
      "field"
    ],
    "baseStats": {
      "hp": 90,
      "attack": 55,
      "defence": 93,
      "special_attack": 70,
      "special_defence": 55,
      "speed": 55
    },
    "evYield": {
      "hp": 0,
      "attack": 0,
      "defence": 2,
      "special_attack": 0,
      "special_defence": 0,
      "speed": 0
    },
    "baseExperienceYield": 64,
    "experienceGroup": "medium_slow",
    "catchRate": 45,
    "eggCycles": 20,
    "baseFriendship": 50,
    "baseScale": 1,
    "hitbox": {
      "width": 0.7,
      "height": 1.1,
      "fixed": false
    },
    "behaviour": {
      "resting": {
        "canSleep": true,
        "willSleepOnBed": true,
        "light": "0-4"
      },
      "moving": {
        "walk": {
          "walkSpeed": 0.2
        }
      }
    },
    "drops": {
      "amount": 3,
      "entries": [
        {
          "item": "cobblemon:leek_and_potato_stew",
          "percentage": 5.0
        },
        {
            "item": "minecraft:porkchop",
            "percentage": 85   
        },
        {
            "item": "minecraft:brown_mushroom",
            "percentage": 20
        }
      ]
    },
    "moves": [
      "1:tackle",
      "1:scaryface",
      "1:tailwhip",
      "1:charm",
      "1:dig",
      "7:bite",
      "13:earthpower",
      "19:headbutt",
      "25:roar",
      "31:mudbomb",
      "37:earthquake",
      "43:payback",
      "49:crunch",
      "egg:counter",
      "egg:feintattack",
      "egg:mimic",
      "egg:present",
      "egg:retaliate",
      "egg:smellingsalts",
      "egg:snore",
      "tm:bodyslam",
      "tm:brickbreak",
      "tm:bulkup",
      "tm:bulldoze",
      "tm:charm",
      "tm:closecombat",
      "tm:covet",
      "tm:crunch",
      "tm:curse",
      "tm:dazzlinggleam",
      "tm:dig",
      "tm:doubleedge",
      "tm:earthquake",
      "tm:encore",
      "tm:endeavor",
      "tm:endure",
      "tm:facade",
      "tm:faketears",
      "tm:fireblast",
      "tm:firefang",
      "tm:firepunch",
      "tm:flamethrower",
      "tm:fling",
      "tm:focuspunch",
      "tm:headbutt",
      "tm:healbell",
      "tm:helpinghand",
      "tm:hypervoice",
      "tm:icefang",
      "tm:icepunch",
      "tm:incinerate",
      "tm:lashout",
      "tm:lastresort",
      "tm:lowkick",
      "tm:megakick",
      "tm:megapunch",
      "tm:metronome",
      "tm:mudslap",
      "tm:overheat",
      "tm:payback",
      "tm:playrough",
      "tm:poweruppunch",
      "tm:protect",
      "tm:psychicfangs",
      "tm:raindance",
      "tm:rest",
      "tm:retaliate",
      "tm:reversal",
      "tm:roar",
      "tm:rocksmash",
      "tm:scaryface",
      "tm:shadowball",
      "tm:shockwave",
      "tm:sleeptalk",
      "tm:sludgebomb",
      "tm:snarl",
      "tm:snore",
      "tm:solarbeam",
      "tm:spite",
      "tm:stompingtantrum",
      "tm:strength",
      "tm:substitute",
      "tm:sunnyday",
      "tm:superfang",
      "tm:superpower",
      "tm:takedown",
      "tm:taunt",
      "tm:temperflare",
      "tm:terablast",
      "tm:thief",
      "tm:thunder",
      "tm:thunderbolt",
      "tm:thunderfang",
      "tm:thunderpunch",
      "tm:thunderwave",
      "tm:torment",
      "tm:trailblaze",
      "tm:uproar",
      "tm:waterpulse",
      "tm:wildcharge",
      "tm:workup",
      "tutor:bulkup",
      "tutor:bulldoze",
      "tutor:covet",
      "tutor:dazzlinggleam",
      "tutor:endeavor",
      "tutor:firefang",
      "tutor:firepunch",
      "tutor:flamethrower",
      "tutor:focuspunch",
      "tutor:healbell",
      "tutor:helpinghand",
      "tutor:hypervoice",
      "tutor:icefang",
      "tutor:icepunch",
      "tutor:lashout",
      "tutor:lastresort",
      "tutor:lowkick",
      "tutor:mudslap",
      "tutor:playrough",
      "tutor:psychic",
      "tutor:rest",
      "tutor:rocksmash",
      "tutor:shadowball",
      "tutor:shockwave",
      "tutor:sleeptalk",
      "tutor:sludgebomb",
      "tutor:snarl",
      "tutor:snore",
      "tutor:spite",
      "tutor:stompingtantrum",
      "tutor:superfang",
      "tutor:superpower",
      "tutor:thunderbolt",
      "tutor:thunderfang",
      "tutor:thunderpunch",
      "tutor:uproar",
      "tutor:waterpulse",
      "tutor:wildcharge"  
    ],
    "evolutions": [
      {
        "id": "pignite_emboar_jetian",
        "variant": "level_up",
        "result": "emboar jetian",
        "consumeHeldItem": false,
        "learnableMoves": [],
        "requirements": [
          {
            "variant": "level",
            "minLevel": 36
          }
        ]
      }
    ]
  }]}