{
	"format_version": "1.8.0",
	"animations": {
		"animation.hopine.ground_idle": {
			"loop": true,
			"animation_length": 2.04,
			"bones": {
				"bone": {
					"position": {
						"0.0": [0, 0, 0],
						"0.4": [0, 2, 0],
						"0.88": [0, 0, 0],
						"1.44": [0, 2, 0],
						"1.8": [0, 0, 0],
						"2.04": [0, 0, 0]
					}
				},
				"head": {
					"rotation": {
						"0.0": [0, 0, 0],
						"0.44": [-5, 0, 0],
						"0.84": [0, 0, 0],
						"1.44": [-5, 0, 0],
						"2.04": [0, 0, 0]
					},
					"position": {
						"0.0": [0, -2, 0],
						"0.4": [0, 0, 0],
						"0.88": [0, 0, 0],
						"1.16": [0, -2, 0],
						"1.44": [0, 0, 0],
						"1.8": [0, 0, 0],
						"2.04": [0, -2, 0]
					}
				},
				"bone2": {
					"scale": {
						"0.0": [1, 0.8, 1],
						"0.4": [1, 1, 1],
						"0.88": [1, 1, 1],
						"1.16": [1, 0.8, 1],
						"1.44": [1, 1, 1],
						"1.8": [1, 1, 1],
						"2.04": [1, 0.8, 1]
					}
				},
				"bone3": {
					"rotation": {
						"0.0": [0, 0, 0],
						"0.4": [0, 0, -12.5],
						"0.88": [0, 0, 0],
						"1.44": [0, 0, -20],
						"2.04": [0, 0, 0]
					}
				}
			}
		},
		"animation.hopine.ground_walk": {
			"loop": true,
			"animation_length": 0.72,
			"bones": {
				"bone": {
					"position": {
						"0.0": [0, 0, 0],
						"0.36": [0, 5, 0],
						"0.72": [0, 0, 0]
					}
				},
				"head": {
					"position": {
						"0.0": [0, -3, -1],
						"0.36": [0, 2, -2],
						"0.72": [0, -3, -1]
					}
				},
				"bone2": {
					"rotation": [17.5, 0, 0],
					"scale": {
						"0.0": [1, 0.7, 1],
						"0.36": [1, 1.3, 1],
						"0.72": [1, 0.7, 1]
					}
				},
				"bone3": {
					"rotation": {
						"0.0": [0, 0, 0],
						"0.36": [0, 0, -32.5],
						"0.72": [0, 0, 0]
					}
				},
				"bone4": {
					"rotation": {
						"0.0": [0, 0, 0],
						"0.36": [0, 0, -22.5],
						"0.72": [0, 0, 0]
					}
				}
			}
		}
	}
}