{
	"format_version": "1.12.0",
	"minecraft:geometry": [
		{
			"description": {
				"identifier": "geometry.unknown",
				"texture_width": 64,
				"texture_height": 64,
				"visible_bounds_width": 3,
				"visible_bounds_height": 3.5,
				"visible_bounds_offset": [0, 1.25, 0]
			},
			"bones": [
				{
					"name": "petrillop",
					"pivot": [0, 0, 0]
				},
				{
					"name": "freeze",
					"parent": "petrillop",
					"pivot": [0, 7.75, 0]
				},
				{
					"name": "body",
					"parent": "freeze",
					"pivot": [0, 7.5, 0],
					"cubes": [
						{"origin": [-2, 5.75, -2.35], "size": [4, 4, 5], "uv": [0, 17]}
					]
				},
				{
					"name": "chest",
					"parent": "body",
					"pivot": [0, 9.75, -0.5],
					"cubes": [
						{"origin": [-1.5, 9.25, -2], "size": [3, 3, 3], "uv": [30, 18]}
					]
				},
				{
					"name": "chestshell",
					"parent": "chest",
					"pivot": [0, 9.75, -0.5],
					"cubes": [
						{"origin": [-1.5, 9.25, -2], "size": [3, 3, 3], "inflate": 0.1, "uv": [13, 46]}
					]
				},
				{
					"name": "neck",
					"parent": "chest",
					"pivot": [0, 12.25, -0.5],
					"cubes": [
						{"origin": [-1, 12, -1.5], "size": [2, 2, 2], "uv": [0, 37]}
					]
				},
				{
					"name": "head",
					"parent": "neck",
					"pivot": [0, 13.5, -0.5],
					"cubes": [
						{"origin": [-2.5, 13.5, -3.25], "size": [5, 5, 5], "uv": [0, 0]},
						{"origin": [-2, 13, -5.75], "size": [4, 4, 3], "pivot": [0, 15.5, -4.75], "rotation": [10, 0, 0], "uv": [28, 25]},
						{"origin": [2, 14.5, -3.5], "size": [1, 3, 3], "pivot": [2.5, 16, -2], "rotation": [0, 7.5, 0], "uv": [32, 10]},
						{"origin": [-3, 14.5, -3.5], "size": [1, 3, 3], "pivot": [-2.5, 16, -2], "rotation": [0, -7.5, 0], "uv": [31, 4]},
						{"origin": [0, 17.25, -5.75], "size": [0, 5, 3], "pivot": [0, 20.25, -3.25], "rotation": [27.5, 0, 0], "uv": [28, 29]},
						{"origin": [0.5, 17, -5], "size": [0, 5, 3], "pivot": [0, 19.62279, -3.57651], "rotation": [90, 62.5, 90], "uv": [0, 7]},
						{"origin": [0, 18.37279, -1.82651], "size": [0, 3, 1], "pivot": [0, 18.87279, -1.32651], "rotation": [90, 85, 90], "uv": [0, 25]},
						{"origin": [0, 18.5, -2], "size": [0, 3, 1], "pivot": [0, 19.5, -1], "rotation": [5, 0, 0], "uv": [2, 25]},
						{"origin": [-1, 12, -5], "size": [2, 2, 1], "pivot": [0, 13, -4.5], "rotation": [15, 0, 0], "uv": [34, 39]}
					]
				},
				{
					"name": "l_eyelid",
					"parent": "head",
					"pivot": [1.5, 16, -1],
					"cubes": [
						{"origin": [1, 14.5, -2.5], "size": [1, 3, 3], "inflate": 0.1, "pivot": [1.5, 16, -1], "rotation": [0, 7.5, 0], "uv": [46, 10]}
					]
				},
				{
					"name": "r_ear_01",
					"parent": "head",
					"pivot": [-1.75, 18.25, 0.5],
					"cubes": [
						{"origin": [-13, 20.25, 0], "size": [4, 2, 1], "pivot": [-7.25, 16, 0.625], "rotation": [0, 0, 90], "uv": [13, 33]},
						{"origin": [-13, 17.25, 0.75], "size": [4, 3, 0], "pivot": [-7.25, 16, 0.625], "rotation": [0, 0, 90], "uv": [39, 7]}
					]
				},
				{
					"name": "r_ear_02",
					"parent": "r_ear_01",
					"pivot": [-2, 21.75, 0.5],
					"cubes": [
						{"origin": [-16, 21.25, 0], "size": [4, 2, 1], "pivot": [-7.25, 17, 0.625], "rotation": [0, 0, 90], "uv": [32, 0]},
						{"origin": [-16, 18.25, 0.73], "size": [4, 3, 0], "pivot": [-7.25, 17, 0.625], "rotation": [0, 0, 90], "uv": [56, 61]}
					]
				},
				{
					"name": "r_ear_03",
					"parent": "r_ear_02",
					"pivot": [-2, 25.75, 0.75],
					"cubes": [
						{"origin": [-20, 19.25, 0.72], "size": [4, 4, 0], "pivot": [-7.25, 17, 0.625], "rotation": [0, 0, 90], "uv": [36, 3]}
					]
				},
				{
					"name": "r_ear_1b",
					"parent": "r_ear_01",
					"pivot": [-2.75, 21.75, 0.5],
					"cubes": [
						{"origin": [-6, 20.25, 0.74], "size": [4, 3, 0], "uv": [56, 50]}
					]
				},
				{
					"name": "l_ear_01",
					"parent": "head",
					"pivot": [1.75, 18.25, 0.5],
					"cubes": [
						{"origin": [9, 20.25, 0], "size": [4, 2, 1], "pivot": [7.25, 16, 0.625], "rotation": [0, 0, -90], "uv": [34, 32]},
						{"origin": [9, 17.25, 0.75], "size": [4, 3, 0], "pivot": [7.25, 16, 0.625], "rotation": [0, 0, -90], "uv": [37, 10]}
					]
				},
				{
					"name": "l_ear_02",
					"parent": "l_ear_01",
					"pivot": [2, 21.75, 0.5],
					"cubes": [
						{"origin": [12, 21.25, 0], "size": [4, 2, 1], "pivot": [7.25, 17, 0.625], "rotation": [0, 0, -90], "uv": [0, 34]},
						{"origin": [12, 18.25, 0.73], "size": [4, 3, 0], "pivot": [7.25, 17, 0.625], "rotation": [0, 0, -90], "uv": [56, 58]}
					]
				},
				{
					"name": "l_ear_03",
					"parent": "l_ear_02",
					"pivot": [2, 25.75, 0.75],
					"cubes": [
						{"origin": [16, 19.25, 0.72], "size": [4, 4, 0], "pivot": [7.25, 17, 0.625], "rotation": [0, 0, -90], "uv": [34, 35]}
					]
				},
				{
					"name": "l_ear_1b",
					"parent": "l_ear_01",
					"pivot": [2.75, 21.75, 0.5],
					"cubes": [
						{"origin": [2, 20.25, 0.74], "size": [4, 3, 0], "uv": [56, 53]}
					]
				},
				{
					"name": "r_eyelid",
					"parent": "head",
					"pivot": [-1.5, 16, -1],
					"cubes": [
						{"origin": [-2, 14.5, -2.5], "size": [1, 3, 3], "inflate": 0.1, "pivot": [-1.5, 16, -1], "rotation": [0, -7.5, 0], "uv": [46, 10], "mirror": true}
					]
				},
				{
					"name": "r_arm_01",
					"parent": "chest",
					"pivot": [-1.5, 11.25, -0.5],
					"cubes": [
						{"origin": [-3.25, 9.25, -1], "size": [1, 2, 1], "pivot": [-2, 10.5, -0.5], "rotation": [0, 0, 90], "uv": [0, 17]}
					]
				},
				{
					"name": "r_arm_02",
					"parent": "r_arm_01",
					"pivot": [-3.25, 11.25, -0.5],
					"cubes": [
						{"origin": [-1.25, 5.25, -1], "size": [1, 2, 1], "pivot": [0, 10.5, -0.5], "rotation": [0, 0, 90], "uv": [20, 7]}
					]
				},
				{
					"name": "r_hand",
					"parent": "r_arm_02",
					"pivot": [-4.75, 11.25, -0.5],
					"cubes": [
						{"origin": [-6.75, 10.75, -1.5], "size": [2, 1, 2], "inflate": 0.01, "uv": [38, 14]}
					]
				},
				{
					"name": "r_claws",
					"parent": "r_hand",
					"pivot": [-6.5, 11.25, -0.5],
					"cubes": [
						{"origin": [-8.5, 10.5, 0.25], "size": [2, 1, 1], "pivot": [-7.75, 11, 0.5], "rotation": [0, 27.5, 0], "uv": [17, 42]},
						{"origin": [-8.75, 10.5, -1], "size": [2, 1, 1], "uv": [0, 41]},
						{"origin": [-8.5, 10.5, -2.25], "size": [2, 1, 1], "pivot": [-7.75, 11, -1.5], "rotation": [0, -27.5, 0], "uv": [32, 16]}
					]
				},
				{
					"name": "r_handshell",
					"parent": "r_hand",
					"pivot": [-4.75, 11.25, -0.5],
					"cubes": [
						{"origin": [-6.75, 10.75, -1.5], "size": [2, 1, 2], "inflate": 0.11, "uv": [9, 43]}
					]
				},
				{
					"name": "r_armshell_02",
					"parent": "r_arm_02",
					"pivot": [-3.25, 11.25, -0.5],
					"cubes": [
						{"origin": [-1.25, 5.25, -1], "size": [1, 2, 1], "inflate": 0.1, "pivot": [0, 10.5, -0.5], "rotation": [0, 0, 90], "uv": [4, 43]}
					]
				},
				{
					"name": "r_armshell_01",
					"parent": "r_arm_01",
					"pivot": [-1.5, 11.25, -0.5],
					"cubes": [
						{"origin": [-3.25, 9.25, -1], "size": [1, 2, 1], "inflate": 0.1, "pivot": [-2, 10.5, -0.5], "rotation": [0, 0, 90], "uv": [0, 43]}
					]
				},
				{
					"name": "l_arm_01",
					"parent": "chest",
					"pivot": [1.5, 11.25, -0.5],
					"cubes": [
						{"origin": [2.25, 9.25, -1], "size": [1, 2, 1], "pivot": [2, 10.5, -0.5], "rotation": [0, 0, -90], "uv": [24, 24]}
					]
				},
				{
					"name": "l_arm_02",
					"parent": "l_arm_01",
					"pivot": [3.25, 11.25, -0.5],
					"cubes": [
						{"origin": [0.25, 5.25, -1], "size": [1, 2, 1], "pivot": [0, 10.5, -0.5], "rotation": [0, 0, -90], "uv": [13, 17]}
					]
				},
				{
					"name": "l_hand",
					"parent": "l_arm_02",
					"pivot": [4.75, 11.25, -0.5],
					"cubes": [
						{"origin": [4.75, 10.75, -1.5], "size": [2, 1, 2], "inflate": 0.01, "uv": [27, 37]}
					]
				},
				{
					"name": "l_claws",
					"parent": "l_hand",
					"pivot": [6.5, 11.25, -0.5],
					"cubes": [
						{"origin": [6.5, 10.5, -2.25], "size": [2, 1, 1], "pivot": [7.75, 11, -1.5], "rotation": [0, 27.5, 0], "uv": [42, 0]},
						{"origin": [6.5, 10.5, 0.25], "size": [2, 1, 1], "pivot": [7.75, 11, 0.5], "rotation": [0, -27.5, 0], "uv": [14, 36]},
						{"origin": [6.75, 10.5, -1], "size": [2, 1, 1], "uv": [0, 15]}
					]
				},
				{
					"name": "l_handshell",
					"parent": "l_hand",
					"pivot": [4.75, 11.25, -0.5],
					"cubes": [
						{"origin": [4.75, 10.75, -1.5], "size": [2, 1, 2], "inflate": 0.11, "uv": [33, 43]}
					]
				},
				{
					"name": "l_armshell_02",
					"parent": "l_arm_02",
					"pivot": [3.25, 11.25, -0.5],
					"cubes": [
						{"origin": [0.25, 5.25, -1], "size": [1, 2, 1], "inflate": 0.1, "pivot": [0, 10.5, -0.5], "rotation": [0, 0, -90], "uv": [28, 43]}
					]
				},
				{
					"name": "l_armshell_01",
					"parent": "l_arm_01",
					"pivot": [1.5, 11.25, -0.5],
					"cubes": [
						{"origin": [2.25, 9.25, -1], "size": [1, 2, 1], "inflate": 0.1, "pivot": [2, 10.5, -0.5], "rotation": [0, 0, -90], "uv": [24, 43]}
					]
				},
				{
					"name": "pelvisshell",
					"parent": "body",
					"pivot": [0, 7.5, 0],
					"cubes": [
						{"origin": [-2, 5.75, -2.35], "size": [4, 4, 5], "inflate": 0.1, "uv": [0, 47]}
					]
				},
				{
					"name": "tail",
					"parent": "body",
					"pivot": [0, 7, 2.5],
					"cubes": [
						{"origin": [-1.5, 9.75, 2.75], "size": [3, 0, 7], "pivot": [-0.5, 8, 5], "rotation": [37.5, 0, 0], "uv": [23, 57]},
						{"origin": [-1.5, 5, 3], "size": [3, 0, 7], "pivot": [-0.5, 8, 5], "rotation": [-37.5, 0, 0], "uv": [5, 57]},
						{"origin": [-1.75, 6.75, 3], "size": [2, 0, 7], "pivot": [-1, 6, 6], "rotation": [22.5, 0, -125], "uv": [19, 57]},
						{"origin": [-1.75, 6, 3], "size": [3, 0, 7], "pivot": [0.5, 8, 5], "rotation": [-37.5, 0, -90], "uv": [-1, 57]},
						{"origin": [-0.25, 7.5, 3], "size": [2, 0, 7], "pivot": [1, 8.25, 6], "rotation": [-22.5, 0, -125], "uv": [35, 57]},
						{"origin": [0.25, 7.5, 2.5], "size": [1, 0, 8], "pivot": [0.75, 7, 6.5], "rotation": [7.5, 0, 90], "uv": [10, 56]},
						{"origin": [-0.25, 6.75, 3], "size": [2, 0, 7], "pivot": [1, 6, 6], "rotation": [22.5, 0, 125], "uv": [29, 57]},
						{"origin": [-1.25, 6, 3], "size": [3, 0, 7], "pivot": [-0.5, 8, 5], "rotation": [-37.5, 0, 90], "uv": [-7, 57]},
						{"origin": [-1.25, 7.5, 2.5], "size": [1, 0, 8], "pivot": [-0.75, 7, 6.5], "rotation": [7.5, 0, -90], "uv": [12, 56]},
						{"origin": [-1.75, 7.5, 3], "size": [2, 0, 7], "pivot": [-1, 8.25, 6], "rotation": [-22.5, 0, 125], "uv": [15, 57]},
						{"origin": [-0.5, 8.25, 2.5], "size": [1, 0, 8], "pivot": [0.75, 7, 6.5], "rotation": [7.5, 0, 0], "uv": [32, 56]},
						{"origin": [-0.5, 5.85, 2.5], "size": [1, 0, 8], "pivot": [0.75, 7, 6.5], "rotation": [-7.5, 0, 0], "uv": [38, 56]}
					]
				},
				{
					"name": "r_leg",
					"parent": "freeze",
					"pivot": [-2, 7.25, 0],
					"cubes": [
						{"origin": [-3.75, 5, -1.75], "size": [3, 4, 4], "uv": [14, 25]}
					]
				},
				{
					"name": "r_calf",
					"parent": "r_leg",
					"pivot": [-2.25, 5, 0],
					"cubes": [
						{"origin": [-3.25, 3.5, -1], "size": [2, 2, 2], "uv": [21, 35]}
					]
				},
				{
					"name": "r_ankle",
					"parent": "r_calf",
					"pivot": [-2.25, 3.5, 0.25],
					"cubes": [
						{"origin": [-2.75, 0.5, -0.25], "size": [1, 3, 1], "uv": [0, 0]}
					]
				},
				{
					"name": "r_foot",
					"parent": "r_ankle",
					"pivot": [-2.25, 1, 0.25],
					"cubes": [
						{"origin": [-3.25, 0, -1], "size": [2, 1, 2], "uv": [39, 17]}
					]
				},
				{
					"name": "r_toes",
					"parent": "r_foot",
					"pivot": [-2.25, 0.5, -0.75],
					"cubes": [
						{"origin": [-4, 0, -2.75], "size": [1, 1, 2], "inflate": 0.01, "pivot": [-3.25, 0.5, -2], "rotation": [0, 17.5, 0], "uv": [38, 40]},
						{"origin": [-1.5, 0, -2.75], "size": [1, 1, 2], "inflate": 0.01, "pivot": [-1.25, 0.5, -2], "rotation": [0, -17.5, 0], "uv": [28, 40]},
						{"origin": [-2.75, 0, -3], "size": [1, 1, 2], "inflate": 0.02, "uv": [12, 40]}
					]
				},
				{
					"name": "r_ankleshell",
					"parent": "r_ankle",
					"pivot": [-2.25, 3.5, 0.25],
					"cubes": [
						{"origin": [-2.75, 0.5, -0.25], "size": [1, 3, 1], "inflate": 0.1, "uv": [50, 47]}
					]
				},
				{
					"name": "r_calfshell",
					"parent": "r_calf",
					"pivot": [-2.25, 5, 0],
					"cubes": [
						{"origin": [-3.25, 3.5, -1], "size": [2, 2, 2], "inflate": 0.1, "uv": [42, 43]}
					]
				},
				{
					"name": "r_thighshell",
					"parent": "r_leg",
					"pivot": [-2, 7.25, 0],
					"cubes": [
						{"origin": [-3.75, 5, -1.75], "size": [3, 4, 4], "inflate": 0.1, "uv": [39, 48]}
					]
				},
				{
					"name": "l_leg",
					"parent": "freeze",
					"pivot": [1.75, 7.25, 0],
					"cubes": [
						{"origin": [0.75, 5, -1.75], "size": [3, 4, 4], "uv": [0, 26]}
					]
				},
				{
					"name": "l_calf",
					"parent": "l_leg",
					"pivot": [2.25, 5, 0],
					"cubes": [
						{"origin": [1.25, 3.5, -1], "size": [2, 2, 2], "uv": [8, 36]}
					]
				},
				{
					"name": "l_ankle",
					"parent": "l_calf",
					"pivot": [2.25, 3.5, 0.25],
					"cubes": [
						{"origin": [1.75, 0.5, -0.25], "size": [1, 3, 1], "uv": [15, 0]}
					]
				},
				{
					"name": "l_foot",
					"parent": "l_ankle",
					"pivot": [2.25, 1, 0.25],
					"cubes": [
						{"origin": [1.25, 0, -1], "size": [2, 1, 2], "uv": [39, 24]}
					]
				},
				{
					"name": "l_toes",
					"parent": "l_foot",
					"pivot": [2.25, 0.5, -1],
					"cubes": [
						{"origin": [1.75, 0, -3], "size": [1, 1, 2], "inflate": 0.02, "uv": [40, 37]},
						{"origin": [3, 0, -2.75], "size": [1, 1, 2], "inflate": 0.01, "pivot": [3.25, 0.5, -2], "rotation": [0, -17.5, 0], "uv": [22, 40]},
						{"origin": [0.5, 0, -2.75], "size": [1, 1, 2], "inflate": 0.01, "pivot": [1.25, 0.5, -2], "rotation": [0, 17.5, 0], "uv": [6, 40]}
					]
				},
				{
					"name": "l_ankleshell",
					"parent": "l_ankle",
					"pivot": [2.25, 3.5, 0.25],
					"cubes": [
						{"origin": [1.75, 0.5, -0.25], "size": [1, 3, 1], "inflate": 0.1, "uv": [35, 52]}
					]
				},
				{
					"name": "l_calfshell",
					"parent": "l_calf",
					"pivot": [2.25, 5, 0],
					"cubes": [
						{"origin": [1.25, 3.5, -1], "size": [2, 2, 2], "inflate": 0.1, "uv": [31, 48]}
					]
				},
				{
					"name": "l_thighshell",
					"parent": "l_leg",
					"pivot": [1.75, 7.25, 0],
					"cubes": [
						{"origin": [0.75, 5, -1.75], "size": [3, 4, 4], "inflate": 0.1, "uv": [21, 48]}
					]
				}
			]
		}
	]
}