{
	"format_version": "1.8.0",
	"animations": {
		"animation.jaddo.ground_idle": {
			"loop": true,
			"animation_length": 2.4,
			"bones": {
				"head": {
					"rotation": {
						"0.0": [0, 0, 0],
						"0.6": [0, 0, -7.5],
						"1.2": [0, 0, 0],
						"1.8": [0, 0, 7.5],
						"2.4": [0, 0, 0]
					},
					"position": {
						"0.0": [0, 4, 0],
						"0.6": [-1.5, 7, 0],
						"1.2": [0, 4, 0],
						"1.8": [1.5, 6, 0],
						"2.4": [0, 4, 0]
					}
				},
				"bone": {
					"rotation": {
						"0.0": [0, 0, 0],
						"0.6": [0, 0, -7.5],
						"1.2": [0, 0, 0],
						"1.8": [0, 0, 7.5],
						"2.4": [0, 0, 0]
					},
					"position": {
						"0.0": [0, 4, 0],
						"0.6": [0, 7, 0],
						"1.2": [0, 4, 0],
						"1.8": [0, 6, 0],
						"2.4": [0, 4, 0]
					}
				},
				"bowl": {
					"rotation": {
						"0.0": [0, 0, 0],
						"1.2": [0, 0, 0],
						"2.4": [0, 0, 0]
					},
					"position": {
						"0.0": [0, 0, 0],
						"0.6": [0, 1, 0],
						"1.2": [0, 0, 0],
						"1.8": [0, 1, 0],
						"2.4": [0, 0, 0]
					}
				},
				"arm": {
					"rotation": {
						"0.0": [24.79, 38.84, 36.36],
						"0.6": [-20.93333, 40.79115, -30.35951],
						"1.2": [24.79, 38.84, 36.36],
						"1.8": [-20.93333, 40.79115, -30.35951],
						"2.4": [24.79, 38.84, 36.36]
					},
					"position": {
						"0.0": [0, 0, -1],
						"1.2": [0, 0, -1],
						"2.4": [0, 0, -1]
					}
				},
				"arm2": {
					"rotation": {
						"0.0": [24.79, -38.84, -36.36],
						"0.6": [-20.93333, -40.79115, 30.35951],
						"1.2": [24.79, -38.84, -36.36],
						"1.8": [-20.93333, -40.79115, 30.35951],
						"2.4": [24.79, -38.84, -36.36]
					},
					"position": {
						"0.0": [0, 0, -1],
						"1.2": [0, 0, -1],
						"2.4": [0, 0, -1]
					}
				}
			}
		},
		"animation.jaddo.ground_walk": {
			"loop": true,
			"animation_length": 1.04,
			"bones": {
				"head": {
					"rotation": {
						"0.0": [0, 0, 0],
						"0.52": [5, 0, 0],
						"1.04": [0, 0, 0]
					},
					"position": {
						"0.0": [0, 3.5, 0],
						"0.52": [0, 4, 0],
						"1.04": [0, 3.5, 0]
					}
				},
				"bone": {
					"rotation": {
						"0.0": [10, 0, 0],
						"1.04": [10, 0, 0]
					},
					"position": {
						"0.0": [0, 4, 2],
						"0.52": [0, 4.5, 2],
						"1.04": [0, 4, 2]
					}
				},
				"bowl": {
					"rotation": {
						"0.0": [27.5, 0, 0],
						"0.52": [30, 0, 0],
						"1.04": [27.5, 0, 0]
					},
					"position": {
						"0.0": [0, 1, 1],
						"1.04": [0, 1, 1]
					}
				},
				"arm": {
					"rotation": {
						"0.0": [0, -22.5, 30],
						"0.52": [-6.1191, -21.69365, 46.17354],
						"1.04": [0, -22.5, 30]
					}
				},
				"arm2": {
					"rotation": {
						"0.0": [0, 22.5, -30],
						"0.52": [-6.1191, 21.69365, -46.17354],
						"1.04": [0, 22.5, -30]
					}
				}
			}
		}
	}
}