{
	"format_version": "1.8.0",
	"animations": {
		"animation.mosaduskrus.ground_idle": {
			"loop": true,
			"animation_length": 4,
			"bones": {
				"mosaduskrus": {
					"position": {
						"0.0": [0, 0, 0],
						"1.0": [0, -1, 0],
						"2.0": [0, 0, 0],
						"3.0": [0, -1, 0],
						"4.0": [0, 0, 0]
					}
				},
				"left_leg": {
					"rotation": [0, -45, 90],
					"position": [-2, -1, 0]
				},
				"right_leg": {
					"rotation": [0, -45, 90],
					"position": [2, -1, 0]
				},
				"neck": {
					"rotation": {
						"0.0": [0, 0, 0],
						"1.0": [-5, 0, 0],
						"2.0": [0, 0, 0],
						"3.0": [-5, 0, 0],
						"4.0": [0, 0, 0]
					}
				},
				"head": {
					"rotation": {
						"0.0": [0, 0, 0],
						"1.0": [10, 0, 0],
						"2.0": [0, 0, 0],
						"3.0": [10, 0, 0],
						"4.0": [0, 0, 0]
					},
					"position": {
						"0.0": [0, 0, 0],
						"1.0": [0, -1, 0],
						"2.0": [0, 0, 0],
						"3.0": [0, -1, 0],
						"4.0": [0, 0, 0]
					}
				},
				"tail": {
					"rotation": {
						"0.0": [0, 0, 0],
						"1.0": [0, -2.5, 0],
						"2.0": [0, 0, 0],
						"3.0": [0, 2.5, 0],
						"4.0": [0, 0, 0]
					},
					"position": {
						"0.0": [0, 0, 0],
						"1.0": [0, 0, 0],
						"2.0": [0, 0, 0],
						"3.0": [0, 0, 0],
						"4.0": [0, 0, 0]
					}
				},
				"left_arm": {
					"rotation": [0, -45, 90],
					"position": [-2, -1, 2]
				},
				"right_arm": {
					"rotation": [0, -45, 90],
					"position": [2, -1, 2]
				}
			}
		},
		"animation.mosaduskrus.ground_walk": {
			"loop": true,
			"animation_length": 4,
			"bones": {
				"left_leg": {
					"rotation": {
						"0.0": [0, -20, 90],
						"1.0": [0, -5, 90],
						"2.0": [0, -20, 90],
						"3.0": [0, -5, 90],
						"4.0": [0, -20, 90]
					},
					"position": {
						"0.0": [-2, -2, 0],
						"2.0": [-2, -2, 0],
						"4.0": [-2, -2, 0]
					}
				},
				"right_leg": {
					"rotation": {
						"0.0": [0, 20, -90],
						"1.0": [0, 5, -90],
						"2.0": [0, 20, -90],
						"3.0": [0, 5, -90],
						"4.0": [0, 20, -90]
					},
					"position": {
						"0.0": [2, -2, 0],
						"2.0": [2, -2, 0],
						"4.0": [2, -2, 0]
					}
				},
				"tail": {
					"rotation": {
						"0.0": [0, 0, 0],
						"1.0": [0, -17.5, 0],
						"2.0": [0, 0, 0],
						"3.0": [0, 17.5, 0],
						"4.0": [0, 0, 0]
					},
					"position": {
						"0.0": [0, 0, 0],
						"1.0": [0, 0, -2],
						"2.0": [0, 0, 0],
						"3.0": [0, 0, -2],
						"4.0": [0, 0, 0]
					}
				},
				"tail2": {
					"rotation": {
						"0.0": [0, 0, 0],
						"1.0": [0, -25, 0],
						"2.0": [0, 0, 0],
						"3.0": [0, 25, 0],
						"4.0": [0, 0, 0]
					},
					"position": {
						"0.0": [0, 0, 0],
						"1.0": [-2, 0, -2],
						"2.0": [0, 0, 0],
						"3.0": [2, 0, -2],
						"4.0": [0, 0, 0]
					}
				},
				"tail3": {
					"rotation": {
						"0.0": [0, 0, 0],
						"1.0": [0, -20, 0],
						"2.0": [0, 0, 0],
						"3.0": [0, 20, 0],
						"4.0": [0, 0, 0]
					},
					"position": {
						"0.0": [0, 0, 0],
						"1.0": [-1, 0, -1],
						"2.0": [0, 0, 0],
						"3.0": [1, 0, -1],
						"4.0": [0, 0, 0]
					}
				},
				"left_arm": {
					"rotation": {
						"0.0": [0, -25, 90],
						"1.0": [0, -10, 90],
						"2.0": [0, -25, 90],
						"3.0": [0, -10, 90],
						"4.0": [0, -25, 90]
					},
					"position": {
						"0.0": [-2, -2, 1],
						"2.0": [-2, -2, 1],
						"4.0": [-2, -2, 1]
					}
				},
				"right_arm": {
					"rotation": {
						"0.0": [0, 25, -90],
						"1.0": [0, 10, -90],
						"2.0": [0, 25, -90],
						"3.0": [0, 10, -90],
						"4.0": [0, 25, -90]
					},
					"position": {
						"0.0": [2, -2, 2],
						"2.0": [2, -2, 2],
						"4.0": [2, -2, 2]
					}
				},
				"neck": {
					"rotation": {
						"0.0": [0, 0, 0],
						"1.0": [0, -15, 0],
						"2.0": [0, 0, 0],
						"3.0": [0, 15, 0],
						"4.0": [0, 0, 0]
					},
					"position": {
						"0.0": [0, 0, 0],
						"1.0": [0, 0, 1],
						"2.0": [0, 0, 0],
						"3.0": [0, 0, 1],
						"4.0": [0, 0, 0]
					}
				},
				"neck2": {
					"rotation": {
						"0.0": [0, 0, 0],
						"1.0": [0, -7.5, 0],
						"2.0": [0, 0, 0],
						"3.0": [0, 15, 0],
						"4.0": [0, 0, 0]
					},
					"position": {
						"0.0": [0, 0, 0],
						"1.0": [0, 0, 1],
						"2.0": [0, 0, 0],
						"3.0": [0, 0, 1],
						"4.0": [0, 0, 0]
					}
				},
				"head": {
					"rotation": {
						"0.0": [0, 0, 0],
						"2.0": [0, 0, 0],
						"4.0": [0, 0, 0]
					},
					"position": {
						"0.0": [0, 0, 0],
						"2.0": [0, 0, 0],
						"4.0": [0, 0, 0]
					}
				}
			}
		},
		"animation.mosaduskrus.battle_idle": {
			"loop": true,
			"animation_length": 4,
			"bones": {
				"left_leg": {
					"rotation": {
						"0.0": [0, -30, 87.5],
						"1.0": [0, -25, 87.5],
						"2.0": [0, -30, 87.5],
						"3.0": [0, -25, 87.5],
						"4.0": [0, -30, 87.5]
					},
					"position": {
						"0.0": [-2, -1, 0],
						"2.0": [-2, -1, 0],
						"4.0": [-2, -1, 0]
					}
				},
				"right_leg": {
					"rotation": {
						"0.0": [0, 30, -90],
						"1.0": [0, 25, -90],
						"2.0": [0, 30, -90],
						"3.0": [0, 25, -90],
						"4.0": [0, 30, -90]
					},
					"position": {
						"0.0": [2, -1, 0],
						"2.0": [2, -1, 0],
						"4.0": [2, -1, 0]
					}
				},
				"neck": {
					"rotation": {
						"0.0": [0, 0, 0],
						"1.0": [-7.5, 0, 0],
						"2.0": [0, 0, 0],
						"3.0": [-7.5, 0, 0],
						"4.0": [0, 0, 0]
					}
				},
				"neck2": {
					"rotation": {
						"0.0": [0, 0, 0],
						"1.0": [-5, 0, 0],
						"2.0": [0, 0, 0],
						"3.0": [-5, 0, 0],
						"4.0": [0, 0, 0]
					},
					"position": {
						"0.0": [0, 0, 0],
						"1.0": [0, 0, 1],
						"2.0": [0, 0, 0],
						"3.0": [0, 0, 1],
						"4.0": [0, 0, 0]
					}
				},
				"head": {
					"rotation": {
						"0.0": [0, 0, 0],
						"1.0": [7.5, 0, 0],
						"2.0": [0, 0, 0],
						"3.0": [7.5, 0, 0],
						"4.0": [0, 0, 0]
					},
					"position": {
						"0.0": [0, 0, 0],
						"1.0": [0, -1, 0],
						"2.0": [0, 0, 0],
						"3.0": [0, -1, 0],
						"4.0": [0, 0, 0]
					}
				},
				"jaw": {
					"rotation": {
						"0.0": [12.5, 0, 0],
						"1.0": [22.5, 0, 0],
						"2.0": [12.5, 0, 0],
						"3.0": [22.5, 0, 0],
						"4.0": [12.5, 0, 0]
					},
					"position": {
						"0.0": [0, -1, 0],
						"1.0": [0, -2, 0],
						"2.0": [0, -1, 0],
						"3.0": [0, -2, 0],
						"4.0": [0, -1, 0]
					}
				},
				"tail": {
					"rotation": {
						"0.0": [0, 0, 0],
						"1.0": [0, -5, 0],
						"2.0": [0, 0, 0],
						"3.0": [0, 5, 0],
						"4.0": [0, 0, 0]
					},
					"position": {
						"0.0": [0, 0, 0],
						"1.0": [0, 0, -1],
						"2.0": [0, 0, 0],
						"3.0": [0, 0, -1],
						"4.0": [0, 0, 0]
					}
				},
				"tail2": {
					"rotation": {
						"0.0": [0, 0, 0],
						"1.0": [0, -5, 0],
						"2.0": [0, 0, 0],
						"3.0": [0, 5, 0],
						"4.0": [0, 0, 0]
					},
					"position": {
						"0.0": [0, 0, 0],
						"1.0": [-0.5, 0, -1],
						"2.0": [0, 0, 0],
						"3.0": [0.5, 0, -1],
						"4.0": [0, 0, 0]
					}
				},
				"tail3": {
					"rotation": {
						"0.0": [0, 0, 0],
						"1.0": [0, -10, 0],
						"2.0": [0, 0, 0],
						"3.0": [0, 10, 0],
						"4.0": [0, 0, 0]
					},
					"position": {
						"0.0": [0, 0, 0],
						"1.0": [-1, 0, -1],
						"2.0": [0, 0, 0],
						"3.0": [1, 0, -1],
						"4.0": [0, 0, 0]
					}
				},
				"left_arm": {
					"rotation": {
						"0.0": [0, -20, 90],
						"1.0": [0, -10, 90],
						"2.0": [0, -20, 90],
						"3.0": [0, -10, 90],
						"4.0": [0, -20, 90]
					},
					"position": {
						"0.0": [-2, -1, 1],
						"2.0": [-2, -1, 1],
						"4.0": [-2, -1, 1]
					}
				},
				"right_arm": {
					"rotation": {
						"0.0": [0, 20, -90],
						"1.0": [0, 5, -90],
						"2.0": [0, 20, -90],
						"3.0": [0, 5, -90],
						"4.0": [0, 20, -90]
					},
					"position": {
						"0.0": [2, -1, 2],
						"2.0": [2, -1, 2],
						"4.0": [2, -1, 2]
					}
				}
			}
		},
		"animation.mosaduskrus.sleep": {
			"loop": true,
			"animation_length": 4,
			"bones": {
				"mosaduskrus": {
					"position": {
						"0.0": [0, 0, 0],
						"2.0": [0, 2, 0],
						"4.0": [0, 0, 0]
					}
				},
				"left_leg": {
					"rotation": [0, -35, 90],
					"position": [-2, -1, 0]
				},
				"right_leg": {
					"rotation": [0, 35, -90],
					"position": [2, -1, 0]
				},
				"tail": {
					"rotation": {
						"0.0": [-5, 0, 0],
						"2.0": [-12.5, 0, 0],
						"4.0": [-5, 0, 0]
					},
					"position": {
						"0.0": [0, 0, -1],
						"4.0": [0, 0, -1]
					}
				},
				"tail2": {
					"rotation": {
						"0.0": [-12.5, 0, 0],
						"2.0": [-17.5, 0, 0],
						"4.0": [-12.5, 0, 0]
					},
					"position": {
						"0.0": [0, -1, -1],
						"2.0": [0, -2, -2],
						"4.0": [0, -1, -1]
					}
				},
				"tail3": {
					"rotation": {
						"0.0": [-7.5, 0, 0],
						"2.0": [-15, 0, 0],
						"4.0": [-7.5, 0, 0]
					},
					"position": {
						"0.0": [0, -1, -1],
						"4.0": [0, -1, -1]
					}
				},
				"left_arm": {
					"rotation": [0, -45, 90],
					"position": [-1.6, -1, 2]
				},
				"right_arm": {
					"rotation": [0, 45, -90],
					"position": [2, -1, 2]
				},
				"neck": {
					"rotation": {
						"0.0": [5, 0, 0],
						"2.0": [15, 0, 0],
						"4.0": [5, 0, 0]
					},
					"position": {
						"0.0": [0, 0, 0],
						"2.0": [0, 0, 1],
						"4.0": [0, 0, 0]
					}
				},
				"head": {
					"rotation": {
						"0.0": [7.5, 0, 0],
						"2.0": [15, 0, 0],
						"4.0": [7.5, 0, 0]
					},
					"position": {
						"0.0": [0, -1, 0],
						"2.0": [0, -2, 0],
						"4.0": [0, -1, 0]
					}
				},
				"eyelid_right": {
					"position": [-0.1, 0, 0]
				},
				"eyelid_left": {
					"position": [0.1, 0, 0]
				}
			}
		},
		"animation.mosaduskrus.blink": {
			"animation_length": 0.1667,
			"bones": {
				"eyelid_right": {
					"position": {
						"0.0": [-0.1, 0, 0],
						"0.125": [-0.1, 0, 0],
						"0.1667": [0, 0, 0]
					}
				},
				"eyelid_left": {
					"position": {
						"0.0": [0.1, 0, 0],
						"0.125": [0.1, 0, 0],
						"0.1667": [0, 0, 0]
					}
				}
			}
		},
		"animation.mosaduskrus.cry": {
			"loop": true
		},
		"animation.mosaduskrus.water_idle": {
			"loop": true,
			"animation_length": 4,
			"bones": {
				"mosaduskrus": {
					"position": {
						"0.0": [0, 0, 0],
						"1.0": [0, -1, 0],
						"2.0": [0, 0, 0],
						"3.0": [0, -1, 0],
						"4.0": [0, 0, 0]
					}
				},
				"left_leg": {
					"rotation": [0, -45, 90],
					"position": [-2, -1, 0]
				},
				"right_leg": {
					"rotation": [0, -45, 90],
					"position": [2, -1, 0]
				},
				"neck": {
					"rotation": {
						"0.0": [0, 0, 0],
						"1.0": [-5, 0, 0],
						"2.0": [0, 0, 0],
						"3.0": [-5, 0, 0],
						"4.0": [0, 0, 0]
					}
				},
				"head": {
					"rotation": {
						"0.0": [0, 0, 0],
						"1.0": [10, 0, 0],
						"2.0": [0, 0, 0],
						"3.0": [10, 0, 0],
						"4.0": [0, 0, 0]
					},
					"position": {
						"0.0": [0, 0, 0],
						"1.0": [0, -1, 0],
						"2.0": [0, 0, 0],
						"3.0": [0, -1, 0],
						"4.0": [0, 0, 0]
					}
				},
				"tail": {
					"rotation": {
						"0.0": [0, 0, 0],
						"1.0": [0, -2.5, 0],
						"2.0": [0, 0, 0],
						"3.0": [0, 2.5, 0],
						"4.0": [0, 0, 0]
					},
					"position": {
						"0.0": [0, 0, 0],
						"1.0": [0, 0, 0],
						"2.0": [0, 0, 0],
						"3.0": [0, 0, 0],
						"4.0": [0, 0, 0]
					}
				},
				"left_arm": {
					"rotation": [0, -45, 90],
					"position": [-2, -1, 2]
				},
				"right_arm": {
					"rotation": [0, -45, 90],
					"position": [2, -1, 2]
				}
			}
		},
		"animation.mosaduskrus.water_walk": {
			"loop": true,
			"animation_length": 4,
			"bones": {
				"left_leg": {
					"rotation": {
						"0.0": [0, -20, 90],
						"1.0": [0, -5, 90],
						"2.0": [0, -20, 90],
						"3.0": [0, -5, 90],
						"4.0": [0, -20, 90]
					},
					"position": {
						"0.0": [-2, -2, 0],
						"2.0": [-2, -2, 0],
						"4.0": [-2, -2, 0]
					}
				},
				"right_leg": {
					"rotation": {
						"0.0": [0, 20, -90],
						"1.0": [0, 5, -90],
						"2.0": [0, 20, -90],
						"3.0": [0, 5, -90],
						"4.0": [0, 20, -90]
					},
					"position": {
						"0.0": [2, -2, 0],
						"2.0": [2, -2, 0],
						"4.0": [2, -2, 0]
					}
				},
				"tail": {
					"rotation": {
						"0.0": [0, 0, 0],
						"1.0": [0, -17.5, 0],
						"2.0": [0, 0, 0],
						"3.0": [0, 17.5, 0],
						"4.0": [0, 0, 0]
					},
					"position": {
						"0.0": [0, 0, 0],
						"1.0": [0, 0, -2],
						"2.0": [0, 0, 0],
						"3.0": [0, 0, -2],
						"4.0": [0, 0, 0]
					}
				},
				"tail2": {
					"rotation": {
						"0.0": [0, 0, 0],
						"1.0": [0, -25, 0],
						"2.0": [0, 0, 0],
						"3.0": [0, 25, 0],
						"4.0": [0, 0, 0]
					},
					"position": {
						"0.0": [0, 0, 0],
						"1.0": [-2, 0, -2],
						"2.0": [0, 0, 0],
						"3.0": [2, 0, -2],
						"4.0": [0, 0, 0]
					}
				},
				"tail3": {
					"rotation": {
						"0.0": [0, 0, 0],
						"1.0": [0, -20, 0],
						"2.0": [0, 0, 0],
						"3.0": [0, 20, 0],
						"4.0": [0, 0, 0]
					},
					"position": {
						"0.0": [0, 0, 0],
						"1.0": [-1, 0, -1],
						"2.0": [0, 0, 0],
						"3.0": [1, 0, -1],
						"4.0": [0, 0, 0]
					}
				},
				"left_arm": {
					"rotation": {
						"0.0": [0, -25, 90],
						"1.0": [0, -10, 90],
						"2.0": [0, -25, 90],
						"3.0": [0, -10, 90],
						"4.0": [0, -25, 90]
					},
					"position": [-1, -1, 1]
				},
				"right_arm": {
					"rotation": {
						"0.0": [0, 25, -90],
						"1.0": [0, 10, -90],
						"2.0": [0, 25, -90],
						"3.0": [0, 10, -90],
						"4.0": [0, 25, -90]
					},
					"position": {
						"0.0": [2, -2, 2],
						"2.0": [2, -2, 2],
						"4.0": [2, -2, 2]
					}
				},
				"neck": {
					"rotation": {
						"0.0": [0, 0, 0],
						"1.0": [0, -15, 0],
						"2.0": [0, 0, 0],
						"3.0": [0, 15, 0],
						"4.0": [0, 0, 0]
					},
					"position": {
						"0.0": [0, 0, 0],
						"1.0": [0, 0, 1],
						"2.0": [0, 0, 0],
						"3.0": [0, 0, 1],
						"4.0": [0, 0, 0]
					}
				},
				"neck2": {
					"rotation": {
						"0.0": [0, 0, 0],
						"1.0": [0, -7.5, 0],
						"2.0": [0, 0, 0],
						"3.0": [0, 15, 0],
						"4.0": [0, 0, 0]
					},
					"position": {
						"0.0": [0, 0, 0],
						"1.0": [0, 0, 1],
						"2.0": [0, 0, 0],
						"3.0": [0, 0, 1],
						"4.0": [0, 0, 0]
					}
				},
				"head": {
					"rotation": {
						"0.0": [0, 0, 0],
						"2.0": [0, 0, 0],
						"4.0": [0, 0, 0]
					},
					"position": {
						"0.0": [0, 0, 0],
						"2.0": [0, 0, 0],
						"4.0": [0, 0, 0]
					}
				}
			}
		}
	}
}