{
	"format_version": "1.12.0",
	"minecraft:geometry": [
		{
			"description": {
				"identifier": "geometry.unknown",
				"texture_width": 128,
				"texture_height": 128,
				"visible_bounds_width": 4,
				"visible_bounds_height": 3.5,
				"visible_bounds_offset": [0, 1.25, 0]
			},
			"bones": [
				{
					"name": "slowking",
					"pivot": [0, 0, 0]
				},
				{
					"name": "body",
					"parent": "slowking",
					"pivot": [0, 11, 1]
				},
				{
					"name": "torso",
					"parent": "body",
					"pivot": [-0.5, 5.5, 0.5],
					"cubes": [
						{"origin": [-5, 11, -4], "size": [10, 6, 9], "uv": [0, 56]},
						{"origin": [-5.5, 3, -4.5], "size": [11, 8, 11], "uv": [0, 36]},
						{"origin": [-4, 17, -3.5], "size": [8, 1, 8], "inflate": 0.01, "uv": [60, 25]}
					]
				},
				{
					"name": "frills",
					"parent": "torso",
					"pivot": [0, 18.3, 0.5]
				},
				{
					"name": "front_frill",
					"parent": "frills",
					"pivot": [0, 18.3, -1.5],
					"rotation": [27.5, 0, 0],
					"cubes": [
						{"origin": [-6.5, 18.3, -5.5], "size": [13, 0, 3], "uv": [59, 48]}
					]
				},
				{
					"name": "front_frill2",
					"parent": "front_frill",
					"pivot": [0, 18.3, -5.5],
					"rotation": [42.5, 0, 0],
					"cubes": [
						{"origin": [-7.5, 18.3, -11.5], "size": [15, 0, 6], "uv": [92, 0]}
					]
				},
				{
					"name": "right_frill",
					"parent": "frills",
					"pivot": [-2, 18.3, 0.25],
					"rotation": [0, 0, -22.5]
				},
				{
					"name": "left_frill",
					"parent": "frills",
					"pivot": [2, 18.3, 0.5],
					"rotation": [0, 0, 22.5],
					"cubes": [
						{"origin": [3, 18.3, -5], "size": [3, 0, 11], "uv": [31, 21]}
					]
				},
				{
					"name": "left_frill2",
					"parent": "left_frill",
					"pivot": [6, 18.3, 0.5],
					"rotation": [0, 0, -20],
					"cubes": [
						{"origin": [6, 18.3, -6.5], "size": [8, 0, 14], "uv": [98, 14]}
					]
				},
				{
					"name": "left_frill3",
					"parent": "frills",
					"pivot": [-2, 18.3, 0.5],
					"rotation": [0, 0, -22.5],
					"cubes": [
						{"origin": [-6, 18.3, -5], "size": [3, 0, 11], "uv": [25, 21]}
					]
				},
				{
					"name": "right_frill2",
					"parent": "left_frill3",
					"pivot": [-6, 18.3, 0.5],
					"rotation": [0, 0, -57.5],
					"cubes": [
						{"origin": [-14, 18.3, -6.5], "size": [8, 0, 14], "pivot": [-6, 18.3, 0.5], "rotation": [0, 0, 77.5], "uv": [81, 14]}
					]
				},
				{
					"name": "back_frill",
					"parent": "frills",
					"pivot": [0, 18.3, 2.5],
					"rotation": [-27.5, 0, 0],
					"cubes": [
						{"origin": [-6, 18.3, 3.5], "size": [12, 0, 3], "uv": [59, 51]}
					]
				},
				{
					"name": "back_frill2",
					"parent": "back_frill",
					"pivot": [0, 18.3, 6.5],
					"rotation": [-55, 0, 0],
					"cubes": [
						{"origin": [-7.5, 18.3, 6.5], "size": [15, 0, 6], "uv": [92, 7]}
					]
				},
				{
					"name": "neck",
					"parent": "torso",
					"pivot": [0, 17, 0.5],
					"cubes": [
						{"origin": [-3.5, 16.5, -3], "size": [7, 5, 7], "uv": [64, 58]}
					]
				},
				{
					"name": "head",
					"parent": "neck",
					"pivot": [0, 17.8, 0.5],
					"cubes": [
						{"origin": [-0.55, 18.5, -6], "size": [4, 2, 3], "pivot": [4.5, 18.5, -5.5], "rotation": [0, 0, 12.5], "uv": [82, 9]},
						{"origin": [-3.45, 18.5, -6], "size": [4, 2, 3], "pivot": [-4.5, 18.5, -5.5], "rotation": [0, 0, -12.5], "uv": [78, 77]},
						{"origin": [0.5, 20, -6.151], "size": [1, 1, 1], "inflate": -0.15, "pivot": [1.5, 20.5, -6.5], "rotation": [0, 0, -25], "uv": [33, 36]},
						{"origin": [-1.5, 20, -6.151], "size": [1, 1, 1], "inflate": -0.15, "pivot": [-1.5, 20.5, -6.5], "rotation": [0, 0, 25], "uv": [8, 31]},
						{"origin": [1.5, 18.75, -5.75], "size": [1, 1, 0], "uv": [0, 1]},
						{"origin": [-2.5, 18.75, -5.75], "size": [1, 1, 0], "uv": [0, 0]},
						{"origin": [-4.5, 17.8, -4], "size": [9, 8, 9], "uv": [35, 48]}
					]
				},
				{
					"name": "jaw",
					"parent": "head",
					"pivot": [0, 19.5, -4],
					"rotation": [10, 0, 0],
					"cubes": [
						{"origin": [-3, 18.5, -5.7], "size": [6, 1, 3], "uv": [74, 41]}
					]
				},
				{
					"name": "shell",
					"parent": "head",
					"pivot": [0, 17.8, 0.5],
					"cubes": [
						{"origin": [-7.5, 21, -7], "size": [15, 6, 15], "uv": [0, 0]},
						{"origin": [-1.5, 23.5, -8], "size": [3, 3, 1], "uv": [82, 14]},
						{"origin": [-6.5, 20, -4], "size": [0, 1, 2], "uv": [0, 12]},
						{"origin": [6.5, 20, -4], "size": [0, 1, 2], "uv": [11, 0]},
						{"origin": [-6.5, 19.5, -6.01], "size": [13, 2, 0], "uv": [0, 85]},
						{"origin": [-7.5, 19, -7], "size": [15, 2, 0], "uv": [62, 54]},
						{"origin": [4.5, 22.5, -1], "size": [3, 4, 3], "pivot": [7, 22.3, 1], "rotation": [0, 0, 60], "uv": [0, 21]},
						{"origin": [7.6, 25.7, -0.5], "size": [2, 3, 2], "pivot": [7, 22.3, 1], "rotation": [0, 0, 25], "uv": [60, 25]},
						{"origin": [8.1, 27.7, 0], "size": [1, 1, 1], "inflate": 0.01, "pivot": [7, 22.3, 1], "rotation": [0, 0, 25], "uv": [92, 0]},
						{"origin": [-9.1, 27.7, 0], "size": [1, 1, 1], "inflate": 0.01, "pivot": [-7, 22.3, 1], "rotation": [0, 0, -25], "uv": [92, 0], "mirror": true},
						{"origin": [-7.5, 22.5, -1], "size": [3, 4, 3], "pivot": [-7, 22.3, 1], "rotation": [0, 0, -60], "uv": [0, 7]},
						{"origin": [-9.6, 25.7, -0.5], "size": [2, 3, 2], "pivot": [-7, 22.3, 1], "rotation": [0, 0, -25], "uv": [0, 60]},
						{"origin": [-6, 27, -5.5], "size": [12, 3, 12], "uv": [0, 21]},
						{"origin": [4, 28.9, -8.4], "size": [2, 3, 2], "pivot": [0, 28.3, -6.5], "rotation": [57.50001, -35, -0.00004], "uv": [0, 55]},
						{"origin": [-2.8, 28.5, 5.5], "size": [2, 3, 2], "pivot": [0, 28.3, 6.5], "rotation": [-75, -25, 0.00004], "uv": [0, 39]},
						{"origin": [-5, 30, -4.5], "size": [10, 3, 10], "uv": [44, 35]},
						{"origin": [-2, 33, -1], "size": [4, 4, 3], "uv": [0, 0]},
						{"origin": [0, 33.7, -0.5], "size": [2, 3, 2], "pivot": [0, 31.8, 0.5], "rotation": [-23.75529, -29.91193, 41.43138], "uv": [84, 25]},
						{"origin": [-2, 33.7, -0.5], "size": [2, 3, 2], "pivot": [0, 31.8, 0.5], "rotation": [23.75529, -29.91193, -41.43138], "uv": [35, 78]}
					]
				},
				{
					"name": "eye_left",
					"parent": "shell",
					"pivot": [0, 17.8, 0.5],
					"cubes": [
						{"origin": [1.4, 20.6, -7.22], "size": [4, 2, 1], "inflate": -0.2, "pivot": [0, 17.8, 0.5], "rotation": [0, 0, -7.5], "uv": [0, 36]},
						{"origin": [1.3, 21.5, -6.71], "size": [4, 1, 1], "inflate": 0.3, "pivot": [0, 17.8, 0.5], "rotation": [0, 0, -7.5], "uv": [56, 84]},
						{"origin": [0.4, 20.7, -6.71], "size": [4, 1, 1], "inflate": 0.3, "pivot": [0, 17.8, 0.5], "rotation": [0, 0, -7.5], "uv": [56, 84]}
					]
				},
				{
					"name": "pupil_left",
					"parent": "eye_left",
					"pivot": [-0.3, 17.7, 0.5],
					"cubes": [
						{"origin": [2.1, 21.9, -7.15], "size": [1, 1, 1], "inflate": -0.1, "uv": [11, 13]}
					]
				},
				{
					"name": "eye_right",
					"parent": "shell",
					"pivot": [0, 17.8, 0.5],
					"cubes": [
						{"origin": [-5.4, 20.6, -7.22], "size": [4, 2, 1], "inflate": -0.2, "pivot": [0, 17.8, 0.5], "rotation": [0, 0, 7.5], "uv": [0, 28]},
						{"origin": [-5.3, 21.5, -6.71], "size": [4, 1, 1], "inflate": 0.3, "pivot": [0, 17.8, 0.5], "rotation": [0, 0, 7.5], "uv": [57, 84]},
						{"origin": [-4.4, 20.7, -6.71], "size": [4, 1, 1], "inflate": 0.3, "pivot": [0, 17.8, 0.5], "rotation": [0, 0, 7.5], "uv": [57, 84]}
					]
				},
				{
					"name": "pupil_right",
					"parent": "eye_right",
					"pivot": [0.3, 17.7, 0.5],
					"cubes": [
						{"origin": [-3.1, 21.9, -7.15], "size": [1, 1, 1], "inflate": -0.1, "uv": [11, 0]}
					]
				},
				{
					"name": "arm_left",
					"parent": "torso",
					"pivot": [4, 14.5, -0.75],
					"cubes": [
						{"origin": [3.5, 13.5, -2.25], "size": [6, 3, 4], "inflate": 0.001, "uv": [71, 70]}
					]
				},
				{
					"name": "arm_left2",
					"parent": "arm_left",
					"pivot": [9.5, 16.5, 1.75],
					"cubes": [
						{"origin": [9.5, 14, -1.75], "size": [4, 2, 3], "uv": [15, 71]}
					]
				},
				{
					"name": "finger_left",
					"parent": "arm_left2",
					"pivot": [13.5, 16, -0.25],
					"cubes": [
						{"origin": [13.5, 15, -1.25], "size": [1, 1, 2], "uv": [29, 58]}
					]
				},
				{
					"name": "thumb_left",
					"parent": "arm_left2",
					"pivot": [12.75, 15, -1.25],
					"cubes": [
						{"origin": [12.25, 14.5, -2.75], "size": [1, 1, 2], "uv": [29, 55]}
					]
				},
				{
					"name": "arm_right",
					"parent": "torso",
					"pivot": [-4, 14.5, -0.75],
					"cubes": [
						{"origin": [-9.5, 13.5, -2.25], "size": [6, 3, 4], "inflate": 0.001, "uv": [33, 36]}
					]
				},
				{
					"name": "arm_right2",
					"parent": "arm_right",
					"pivot": [-9.5, 16.5, 1.75],
					"cubes": [
						{"origin": [-13.5, 14, -1.75], "size": [4, 2, 3], "uv": [48, 65]}
					]
				},
				{
					"name": "finger_right",
					"parent": "arm_right2",
					"pivot": [-13.5, 16, -0.25],
					"cubes": [
						{"origin": [-14.5, 15, -1.25], "size": [1, 1, 2], "uv": [55, 12]}
					]
				},
				{
					"name": "thumb_right",
					"parent": "arm_right2",
					"pivot": [-12.75, 15, -1.25],
					"cubes": [
						{"origin": [-13.25, 14.5, -2.75], "size": [1, 1, 2], "uv": [9, 7]}
					]
				},
				{
					"name": "tail",
					"parent": "torso",
					"pivot": [0, 6.5, 5.5],
					"cubes": [
						{"origin": [-4, 3.5, 4.5], "size": [8, 7, 6], "uv": [60, 12]}
					]
				},
				{
					"name": "tail2",
					"parent": "tail",
					"pivot": [0, 6.5, 7.6],
					"cubes": [
						{"origin": [-2.5, 4.5, 6.5], "size": [5, 5, 8], "uv": [30, 65]}
					]
				},
				{
					"name": "tail3",
					"parent": "tail2",
					"pivot": [0, 7, 13.5],
					"cubes": [
						{"origin": [-1.5, 5.5, 12.5], "size": [3, 3, 5], "uv": [40, 78]}
					]
				},
				{
					"name": "leg_left",
					"parent": "body",
					"pivot": [6, 6, -0.5],
					"cubes": [
						{"origin": [4, 2.5, -3.5], "size": [4, 7, 7], "uv": [0, 71]}
					]
				},
				{
					"name": "leg_left2",
					"parent": "leg_left",
					"pivot": [6, 2.5, -0.5],
					"cubes": [
						{"origin": [4.5, 0.5, -0.5], "size": [3, 3, 3], "uv": [83, 0]}
					]
				},
				{
					"name": "foot_left",
					"parent": "leg_left2",
					"pivot": [6, 1.5, 2],
					"cubes": [
						{"origin": [4, 0, -2], "size": [4, 2, 5], "inflate": 0.001, "uv": [22, 78]},
						{"origin": [4.5, 0, -3], "size": [3, 1, 2], "uv": [0, 44]}
					]
				},
				{
					"name": "leg_right",
					"parent": "body",
					"pivot": [-6, 6, -0.5],
					"cubes": [
						{"origin": [-8, 2.5, -3.5], "size": [4, 7, 7], "uv": [56, 70]}
					]
				},
				{
					"name": "leg_right2",
					"parent": "leg_right",
					"pivot": [-6, 2.5, -0.5],
					"cubes": [
						{"origin": [-7.5, 0.5, -0.5], "size": [3, 3, 3], "uv": [75, 82]}
					]
				},
				{
					"name": "foot_right",
					"parent": "leg_right2",
					"pivot": [-6, 1.5, 2],
					"cubes": [
						{"origin": [-8, 0, -2], "size": [4, 2, 5], "inflate": 0.001, "uv": [74, 34]},
						{"origin": [-7.5, 0, -3], "size": [3, 1, 2], "uv": [33, 43]}
					]
				}
			]
		}
	]
}