{
    "implemented": true,
    "name": "jestilaris",
    "nationalPokedexNumber": 8899,
    "primaryType": "normal",
    "secondaryType": "ghost",
    "abilities": [
        "tangledfeet"
    ],
    "baseStats": {
        "hp": 55,
        "attack": 65,
        "defence": 40,
        "special_attack": 130,
        "special_defence": 135,
        "speed": 250
    },
    "behaviour": {
        "resting": {
            "canSleep": false,
            "depth": "normal",
            "light": "0-0"
        },
        "moving": {
            "canLook": true,
            "walk": {
                "canWalk": true,
                "avoidsLand": false
            },
            "swim": {
                "swimSpeed": 0.1,
                "canSwimInWater": false,
                "canBreatheUnderwater": false
            },
            "wanderChance": 1
        }
    },
    "catchRate": 3,
    "maleRatio": -1,
    "shoulderMountable": true,
    
    "baseExperienceYield": 141,
    "experienceGroup": "slow",
    "eggCycles": 125,
    "eggGroups": [
        "human_like",
        "undiscovered"
    ],
    "moves": [
        "1:vanish",
        "1:minimize",
        "1:shadowball",
        "1:moonblast",
        "16:shadowblast",
        "16:stealthrock",
        "16:spikes",
        "27:psychic",
        "27:shadowsneak",
        "28:poltergeist",
        "41:curse",
        "41:moongeistbeam",
        "50:spectralthief",
        "51:phantomforce",
        "51:wickedblow",
        "51:crunch",
        "54:fireblast",
        "54:pyroball",
        "54:doubleteam",
        "54:icepunch",
        "54:liquidation",
        "54:protect",
        "54:substitute",
        "55:dynamaxcannon",
        "71:thunderbolt",
        "71:shadowforce",
        "71:nightdaze",
        "71:behemothbash",
        "71:lightofruin",
        "71:snipeshot"
    ],
    "labels": [
        "custom"
    ],
    "pokedex": [
        "cobblemon.species.jestilaris.desc1",
        "cobblemon.species.jestilaris.desc2"
    ],
    "baseScale": 1.0,
    "hitbox": {
        "width": 1.0,
        "height": 1.0,
        "fixed": false
    },
    "baseFriendship": 50,
    "evYield": {
        "hp": 0,
        "attack": 0,
        "defence": 0,
        "special_attack": 2,
        "special_defence": 0,
        "speed": 3
    },
    "height": 1,
    "weight": 1
}