{
    "implemented": true,
    "name": "joculudum",
    "nationalPokedexNumber": 8900,
    "primaryType": "dark",
    "secondaryType": "fairy",
    "abilities": [
        "moody"
    ],
    "baseStats": {
        "hp": 100,
        "attack": 160,
        "defence": 180,
        "special_attack": 65,
        "special_defence": 75,
        "speed": 85
    },
    "behaviour": {
        "resting": {
            "canSleep": false,
            "depth": "normal",
            "light": "0-4"
        },
        "moving": {
            "canLook": true,
            "walk": {
                "canWalk": true,
                "avoidsLand": false
            },
            "swim": {
                "swimSpeed": 0.1,
                "canSwimInWater": false,
                "canBreatheUnderwater": false
            },
            "wanderChance": 1
        }
    },
    "catchRate": 2,
    "maleRatio": 0.5,
    "shoulderMountable": false,
    
    "baseExperienceYield": 150,
    "experienceGroup": "slow",
    "eggCycles": 150,
    "eggGroups": [
        "human_like",
        "undiscovered"
    ],
    "moves": [
        "1:playrough",
        "1:darkpulse",
        "1:shadowsneak",
        "1:protect",
        "1:tailglow",
        "1:moonblast",
        "1:mysticalfire",
        "12:takedown",
        "13:toxicspikes",
        "14:curse",
        "15:psychoboost",
        "15:roaroftime",
        "20:blastburn",
        "20:hydrocannon",
        "20:frenzyplant",
        "20:dragondarts",
        "20:rockwrecker",
        "25:counter",
        "25:geomancy",
        "30:foulplay"
    ],
    "labels": [
        "custom"
    ],
    "pokedex": [
        "cobblemon.species.joculudum.desc1",
        "cobblemon.species.joculudum.desc2"
    ],
    "baseScale": 1.0,
    "hitbox": {
        "width": 1.0,
        "height": 1.0,
        "fixed": false
    },
    "baseFriendship": 50,
    "evYield": {
        "hp": 2,
        "attack": 2,
        "defence": 2,
        "special_attack": 0,
        "special_defence": 0,
        "speed": 0
    },
    "height": 1,
    "weight": 1
}