{
  "portraitScale": 0.7,
  "portraitTranslation": [0, 2.5, 0],
  "profileScale": 0.4,
  "profileTranslation": [0, 1.2, 0],
  "animations": {
    "cry": "q.bedrock_stateful('ancientgale', 'cry')"
  },
  "poses": {
    "battle-standing": {
      "poseTypes": ["STAND"],
      "isBattle": true,
      "animations": [
        "q.look('head')",
        "q.bedrock('ancientgale', 'ground_idle')"
      ],
      "quirks": []
    },
    "standing": {
      "poseTypes": ["STAND", "NONE", "PORTRAIT", "PROFILE"],
      "isBattle": false,
      "animations": [
        "q.look('head')",
        "q.bedrock('ancientgale', 'ground_idle')"
      ],
      "quirks": []
    },
    "walking": {
      "poseTypes": ["WALK"],
      "animations": [
        "q.look('head')",
        "q.bedrock('ancientgale', 'ground_walk')"
      ],
      "quirks": []
    },
    "hover": {
      "poseTypes": ["HOVER"],
      "animations": [
        "q.look('head')",
        "q.bedrock('ancientgale', 'air_idle')"
      ],
      "quirks": []
    },
    "fly": {
      "poseTypes": ["FLY"],
      "animations": [
        "q.look('head')",
        "q.bedrock('ancientgale', 'air_fly')"
      ],
      "quirks": []
    }
    },
    "sleep": {
      "poseTypes": ["SLEEP"],
      "animations": ["q.bedrock('ancientgale', 'sleep')"]
    }
}
 