{
  "portraitScale": 1.3,
  "portraitTranslation": [-0.1, 0.58, 0],
  "profileScale": 0.75,
  "profileTranslation": [0, 0.88, 0],
  "animations": {
    "cry": "q.bedrock_stateful('ironcore', 'cry')"
  },
  "poses": {
    "battle-standing": {
      "poseTypes": ["STAND"],
      "isBattle": true,
      "animations": [
        "q.look('head')",
        "q.bedrock('ironcore', 'ground_idle')"
      ],
      "quirks": []
    },
    "standing": {
      "poseTypes": ["STAND", "NONE", "PORTRAIT", "PROFILE"],
      "isBattle": false,
      "animations": [
        "q.look('head')",
        "q.bedrock('ironcore', 'ground_idle')"
      ],
      "quirks": []
    },
    "walking": {
      "poseTypes": ["WALK"],
      "animations": [
        "q.look('head')",
        "q.bedrock('ironcore', 'ground_walk')"
      ],
      "quirks": []
    }
    },
    "sleep": {
      "poseTypes": ["SLEEP"],
      "animations": ["q.bedrock('ironcore', 'sleep')"]
    }
}
 