{
 "portraitScale": 1,
 "portraitTranslation": [0.1, 1.5, 0],
 "profileScale": 0.7,
 "profileTranslation": [-0.2, 0.7, 0],
 "animations": {
   "cry": "q.bedrock_stateful('toxicmelody', 'cry')"
 },
 "poses": {
   "battle-standing": {
     "poseTypes": ["STAND"],
     "isBattle": true,
     "animations": [
       "q.look('head')",
       "q.bedrock('toxicmelody', 'battle_idle')"
     ],
     "quirks": ["q.bedrock_quirk('toxicmelody', 'blink')"]
   },
   "standing": {
     "poseTypes": ["STAND", "NONE", "PORTRAIT", "PROFILE"],
     "isBattle": false,
     "animations": [
       "q.look('head')",
       "q.bedrock('toxicmelody', 'ground_idle')"
     ],
     "quirks": [
       "q.bedrock_quirk('toxicmelody', 'blink')"
     ]
   },
   "walking": {
     "poseTypes": ["WALK"],
     "animations": [
       "q.look('head')",
       "q.bedrock('toxicmelody', 'ground_walk')"
     ],
     "quirks": ["q.bedrock_quirk('toxicmelody', 'blink')"]
   }
 }
}