{
 "portraitScale": 2.7,
 "portraitTranslation": [-0.4, 1.5, 0],
 "profileScale": 0.7,
 "profileTranslation": [0, 0.9, 0],
 "animations": {
   "cry": "q.bedrock_stateful('wildgene', 'cry')"
 },
 "poses": {
   "battle-standing": {
     "poseTypes": ["STAND"],
     "isBattle": true,
     "animations": [
       "q.look('head')",
       "q.bedrock('wildgene', 'ground_idle')"
     ],
     "quirks": []
   },
   "standing": {
     "poseTypes": ["STAND", "NONE", "PORTRAIT", "PROFILE"],
     "isBattle": false,
     "animations": [
       "q.look('head')",
       "q.bedrock('wildgene', 'ground_idle')"
     ],
     "quirks": []
   },
   "walking": {
     "poseTypes": ["WALK"],
     "animations": [
       "q.look('head')",
       "q.bedrock('wildgene', 'ground_walk')"
     ],
     "quirks": []
   },
   "sleep": {
      "poseTypes": ["SLEEP"],
      "animations": ["q.bedrock('wildgene', 'sleep')"]
    }
 }
}