{
	"format_version": "1.12.0",
	"minecraft:geometry": [
		{
			"description": {
				"identifier": "geometry.hadorm",
				"texture_width": 64,
				"texture_height": 64,
				"visible_bounds_width": 2,
				"visible_bounds_height": 2.5,
				"visible_bounds_offset": [0, 0.75, 0]
			},
			"bones": [
				{
					"name": "hadorm",
					"pivot": [0, 0, 0]
				},
				{
					"name": "head",
					"parent": "hadorm",
					"pivot": [0, 4, -3],
					"cubes": [
						{"origin": [-3, 4, -6], "size": [6, 5, 6], "uv": [0, 0]},
						{"origin": [0, 9, -7], "size": [0, 3, 5], "uv": [13, 33]}
					]
				},
				{
					"name": "bone",
					"parent": "hadorm",
					"pivot": [0, 0, 0],
					"cubes": [
						{"origin": [-2, 0, -4], "size": [4, 5, 3], "pivot": [0, 4, -2.5], "rotation": [30, 0, 0], "uv": [34, 7]},
						{"origin": [-2, 0, -1.5], "size": [4, 3, 6], "inflate": 0.1, "uv": [13, 15]}
					]
				},
				{
					"name": "tail",
					"parent": "bone",
					"pivot": [0, 3, 3],
					"cubes": [
						{"origin": [0, 3, 3], "size": [0, 2, 4], "uv": [22, 28]}
					]
				},
				{
					"name": "leg",
					"parent": "bone",
					"pivot": [2, 0.5, -0.5],
					"cubes": [
						{"origin": [2, 0, -1], "size": [1, 1, 1], "uv": [44, 25]}
					]
				},
				{
					"name": "leg3",
					"parent": "bone",
					"pivot": [2, 0.5, 2.5],
					"cubes": [
						{"origin": [2, 0, 2], "size": [1, 1, 1], "uv": [44, 25]}
					]
				},
				{
					"name": "leg4",
					"parent": "bone",
					"pivot": [-2, 0.5, -0.5],
					"cubes": [
						{"origin": [-3, 0, -1], "size": [1, 1, 1], "uv": [44, 25], "mirror": true}
					]
				},
				{
					"name": "leg6",
					"parent": "bone",
					"pivot": [-2, 0.5, 2.5],
					"cubes": [
						{"origin": [-3, 0, 2], "size": [1, 1, 1], "uv": [44, 25], "mirror": true}
					]
				},
				{
					"name": "leg5",
					"parent": "hadorm",
					"pivot": [1.5, 2.5, -3],
					"cubes": [
						{"origin": [1.5, 2, -3.5], "size": [1, 1, 1], "uv": [44, 25]}
					]
				},
				{
					"name": "leg2",
					"parent": "hadorm",
					"pivot": [-1.5, 2.5, -3],
					"cubes": [
						{"origin": [-2.5, 2, -3.5], "size": [1, 1, 1], "uv": [44, 25], "mirror": true}
					]
				}
			]
		}
	]
}