{
	"format_version": "1.8.0",
	"animations": {
		"animation.xuehu_max.pose": {
			"loop": true,
			"bones": {
				"torso": {
					"rotation": [-17.5, 0, 0]
				},
				"head": {
					"rotation": [22.5, 0, 0]
				},
				"jaw": {
					"rotation": [37.5, 0, 0]
				},
				"crest": {
					"rotation": [0, 0, 0]
				},
				"wing": {
					"rotation": [4.49414, 44.77196, -26.42992]
				},
				"wing2": {
					"rotation": [0, 0, 12.5]
				},
				"wing3": {
					"rotation": [0, 0, 17.5]
				},
				"wing4": {
					"rotation": [0, 0, 20]
				},
				"wing6": {
					"rotation": [-6.63796, -27.77624, 25.58133]
				},
				"wing7": {
					"rotation": [0, 0, -10]
				},
				"wing8": {
					"rotation": [0, 0, -17.5]
				},
				"wing9": {
					"rotation": [0, 0, -15]
				},
				"tail": {
					"rotation": [30, 0, 0]
				},
				"tail3": {
					"rotation": [20, 0, 0]
				},
				"tail4": {
					"rotation": [-12.5, 0, 0]
				},
				"tail5": {
					"rotation": [-22.5, 0, 0]
				},
				"tail6": {
					"rotation": [-20, 0, 0]
				},
				"leg": {
					"rotation": [-16.7221, 16.85261, 9.76089],
					"position": [0, 3, 0]
				},
				"knee": {
					"rotation": [-55, 0, 0]
				},
				"foot": {
					"rotation": [52.5, 0, -17.5]
				},
				"leg2": {
					"rotation": [-27.13805, -22.80206, -7.98306],
					"position": [0, 3, 0]
				},
				"knee2": {
					"rotation": [-40, 0, 0]
				},
				"foot2": {
					"rotation": [65, 0, 0]
				},
				"leg3": {
					"rotation": [52.5, 0, 0]
				},
				"foot3": {
					"rotation": [35, 0, 0]
				},
				"leg4": {
					"rotation": [52.5, 0, 0]
				},
				"foot4": {
					"rotation": [35, 0, 0]
				},
				"snout": {
					"rotation": [-10, 0, 0],
					"position": [0, 0, -0.4]
				}
			}
		},
		"animation.xuehu_max.ground_idle": {
			"loop": true,
			"animation_length": 4,
			"bones": {
				"leg": {
					"rotation": ["0-math.sin(query.anim_time*90*2)*2", 10, 0],
					"position": [0, "0+math.sin(query.anim_time*90*2)*0.2", 0]
				},
				"knee": {
					"rotation": ["0+math.sin(query.anim_time*90*2)*3", 0, 0]
				},
				"leg4": {
					"rotation": [0, 17.5, 0]
				},
				"leg2": {
					"rotation": ["0-math.sin(query.anim_time*90*2)*2", -10, 0],
					"position": [0, "0+math.sin(query.anim_time*90*2)*0.2", 0]
				},
				"knee2": {
					"rotation": ["0+math.sin(query.anim_time*90*2)*3", 0, 0]
				},
				"torso": {
					"position": ["0+math.sin(query.anim_time*90*1-60)*0.2", "0+math.sin(query.anim_time*90*2)*0.2", 0]
				},
				"tail": {
					"rotation": ["5+math.sin(query.anim_time*90*2)*5", "0+math.sin(query.anim_time*90*2-60)*5", 0]
				},
				"tail2": {
					"rotation": ["0+math.sin(query.anim_time*90*2-60)*10", "0+math.sin(query.anim_time*90*2-120)*10", 0]
				},
				"tail3": {
					"rotation": ["0+math.sin(query.anim_time*90*2-120)*15", "0+math.sin(query.anim_time*90*2-180)*15", 0]
				},
				"tail4": {
					"rotation": ["0+math.sin(query.anim_time*90*2-180)*20", "0+math.sin(query.anim_time*90*2+80)*20", 0]
				},
				"tail5": {
					"rotation": ["-0.0001+math.sin(query.anim_time*90*2+190)*25", "math.sin(query.anim_time*90*2+100)*25", 0]
				},
				"tail6": {
					"rotation": ["0+math.sin(query.anim_time*90*2-270)*30", "0-math.sin(query.anim_time*90*2-140)*30", 0]
				},
				"wing": {
					"rotation": [-22.01675, 53.47537, "-50.8029+math.sin(query.anim_time*90*2)*2"]
				},
				"wing2": {
					"rotation": [0, 0, "-15+math.sin(query.anim_time*90*2-60)*2"]
				},
				"wing3": {
					"rotation": [0, 0, "-22.5+math.sin(query.anim_time*90*2-120)*2"]
				},
				"wing4": {
					"rotation": [0, 0, "-27.5+math.sin(query.anim_time*90*2-180)*5"]
				},
				"wing6": {
					"rotation": [-19.31611, -54.00971, "45.2815-math.sin(query.anim_time*90*2)*2"]
				},
				"wing7": {
					"rotation": [0, 0, "17.5+math.sin(query.anim_time*90*2+60)*2"]
				},
				"wing8": {
					"rotation": [0, 0, "20+math.sin(query.anim_time*90*2+120)*2"]
				},
				"wing9": {
					"rotation": [0, 0, "32.5-math.sin(query.anim_time*90*2+170)*5"]
				},
				"head": {
					"rotation": ["0+math.sin(query.anim_time*90*2-60)*2", 0, "0+math.sin(query.anim_time*90*1)*2"]
				}
			}
		},
		"animation.xuehu_max.ground_walk": {
			"loop": true,
			"animation_length": 1,
			"bones": {
				"body": {
					"position": {
						"0.0": {
							"post": [0, -4, 0],
							"lerp_mode": "catmullrom"
						},
						"1.0": {
							"post": [0, -4, 0],
							"lerp_mode": "catmullrom"
						}
					}
				},
				"leg": {
					"rotation": {
						"0.0": {
							"post": [22.5, 0, 0],
							"lerp_mode": "catmullrom"
						},
						"0.5": {
							"post": [-17.5, 0, 0],
							"lerp_mode": "catmullrom"
						},
						"1.0": {
							"post": [22.5, 0, 0],
							"lerp_mode": "catmullrom"
						}
					},
					"position": {
						"0.0": {
							"post": [0, 0, 0],
							"lerp_mode": "catmullrom"
						},
						"0.25": {
							"post": [0, 3, 0],
							"lerp_mode": "catmullrom"
						},
						"0.5": {
							"post": [0, 0, 0],
							"lerp_mode": "catmullrom"
						}
					}
				},
				"knee": {
					"rotation": {
						"0.0": {
							"post": [-37.5, 0, 0],
							"lerp_mode": "catmullrom"
						},
						"0.125": {
							"post": [-24.37, 0, 0],
							"lerp_mode": "catmullrom"
						},
						"0.375": {
							"post": [-33.12, 0, 0],
							"lerp_mode": "catmullrom"
						},
						"0.5": {
							"post": [-15, 0, 0],
							"lerp_mode": "catmullrom"
						},
						"1.0": {
							"post": [-37.5, 0, 0],
							"lerp_mode": "catmullrom"
						}
					}
				},
				"foot": {
					"rotation": {
						"0.0": {
							"post": [12.5, 0, 0],
							"lerp_mode": "catmullrom"
						},
						"0.5": {
							"post": [32.5, 0, 0],
							"lerp_mode": "catmullrom"
						},
						"1.0": {
							"post": [12.5, 0, 0],
							"lerp_mode": "catmullrom"
						}
					}
				},
				"leg4": {
					"rotation": {
						"0.0": {
							"post": [-15, 0, 0],
							"lerp_mode": "catmullrom"
						},
						"0.5": {
							"post": [47.5, 0, 0],
							"lerp_mode": "catmullrom"
						},
						"1.0": {
							"post": [-15, 0, 0],
							"lerp_mode": "catmullrom"
						}
					},
					"position": {
						"0.0": {
							"post": [0, 0, 0],
							"lerp_mode": "catmullrom"
						},
						"0.5": {
							"post": [0, 0, 0],
							"lerp_mode": "catmullrom"
						},
						"0.75": {
							"post": [0, 6, 0],
							"lerp_mode": "catmullrom"
						},
						"1.0": {
							"post": [0, 0, 0],
							"lerp_mode": "catmullrom"
						}
					}
				},
				"knee4": {
					"rotation": {
						"0.0": {
							"post": [30, 0, 0],
							"lerp_mode": "catmullrom"
						},
						"0.5": {
							"post": [0, 0, 0],
							"lerp_mode": "catmullrom"
						},
						"0.8333": {
							"post": [11.57, 0, 0],
							"lerp_mode": "catmullrom"
						},
						"1.0": {
							"post": [30, 0, 0],
							"lerp_mode": "catmullrom"
						}
					}
				},
				"foot4": {
					"rotation": {
						"0.0": {
							"post": [-12.5, 0, 0],
							"lerp_mode": "catmullrom"
						},
						"0.5": {
							"post": [-45, 0, 0],
							"lerp_mode": "catmullrom"
						},
						"1.0": {
							"post": [-12.5, 0, 0],
							"lerp_mode": "catmullrom"
						}
					}
				},
				"leg2": {
					"rotation": {
						"0.0": {
							"post": [-7.5, 0, 0],
							"lerp_mode": "catmullrom"
						},
						"0.5": {
							"post": [27.5, 0, 0],
							"lerp_mode": "catmullrom"
						},
						"1.0": {
							"post": [-7.5, 0, 0],
							"lerp_mode": "catmullrom"
						}
					},
					"position": {
						"0.0": {
							"post": [0, 0, 0],
							"lerp_mode": "catmullrom"
						},
						"0.5": {
							"post": [0, 0, 0],
							"lerp_mode": "catmullrom"
						},
						"0.75": {
							"post": [0, 3, 0],
							"lerp_mode": "catmullrom"
						},
						"1.0": {
							"post": [0, 0, 0],
							"lerp_mode": "catmullrom"
						}
					}
				},
				"knee2": {
					"rotation": {
						"0.0": {
							"post": [-22.5, 0, 0],
							"lerp_mode": "catmullrom"
						},
						"0.5": {
							"post": [-37.5, 0, 0],
							"lerp_mode": "catmullrom"
						},
						"0.625": {
							"post": [-20.63, 0, 0],
							"lerp_mode": "catmullrom"
						},
						"0.8333": {
							"post": [-39.2, 0, 0],
							"lerp_mode": "catmullrom"
						},
						"1.0": {
							"post": [-22.5, 0, 0],
							"lerp_mode": "catmullrom"
						}
					}
				},
				"foot2": {
					"rotation": {
						"0.0": {
							"post": [30, 0, 0],
							"lerp_mode": "catmullrom"
						},
						"0.5": {
							"post": [7.5, 0, 0],
							"lerp_mode": "catmullrom"
						},
						"1.0": {
							"post": [30, 0, 0],
							"lerp_mode": "catmullrom"
						}
					}
				},
				"leg3": {
					"rotation": {
						"0.0": {
							"post": [47.51639, -0.37127, -0.30533],
							"lerp_mode": "catmullrom"
						},
						"0.5": {
							"post": [-19.98361, -0.37127, -0.30533],
							"lerp_mode": "catmullrom"
						},
						"1.0": {
							"post": [47.51639, -0.37127, -0.30533],
							"lerp_mode": "catmullrom"
						}
					},
					"position": {
						"0.0": {
							"post": [0, 0, 0],
							"lerp_mode": "catmullrom"
						},
						"0.25": {
							"post": [0, 4, 0],
							"lerp_mode": "catmullrom"
						},
						"0.5": {
							"post": [0, 0, 0],
							"lerp_mode": "catmullrom"
						},
						"1.0": {
							"post": [0, 0, 0],
							"lerp_mode": "catmullrom"
						}
					}
				},
				"knee3": {
					"rotation": {
						"0.0": {
							"post": [-2.5, 0, 0],
							"lerp_mode": "catmullrom"
						},
						"0.25": {
							"post": [17.5, 0, 0],
							"lerp_mode": "catmullrom"
						},
						"0.5": {
							"post": [27.5, 0, 0],
							"lerp_mode": "catmullrom"
						},
						"1.0": {
							"post": [-2.5, 0, 0],
							"lerp_mode": "catmullrom"
						}
					}
				},
				"foot3": {
					"rotation": {
						"0.0": {
							"post": [-32.5, 0, 0],
							"lerp_mode": "catmullrom"
						},
						"0.5": {
							"post": [-10, 0, 0],
							"lerp_mode": "catmullrom"
						},
						"1.0": {
							"post": [-32.5, 0, 0],
							"lerp_mode": "catmullrom"
						}
					}
				},
				"torso": {
					"rotation": [0, 0, "0-math.sin(query.anim_time*90*4)*5"],
					"position": [0, "0+math.sin(query.anim_time*90*8)*0.2", 0]
				},
				"tail": {
					"rotation": ["0-math.sin(query.anim_time*90*8)*5", 0, 0]
				},
				"tail2": {
					"rotation": ["0-math.sin(query.anim_time*90*8-60)*10", 0, 0]
				},
				"tail3": {
					"rotation": ["0-math.sin(query.anim_time*90*8-120)*15", 0, 0]
				},
				"tail4": {
					"rotation": ["0-math.sin(query.anim_time*90*8-180)*20", 0, 0]
				},
				"tail5": {
					"rotation": ["0-math.sin(query.anim_time*90*8-240)*25", 2.5, 0]
				},
				"tail6": {
					"rotation": ["-0.0198-math.sin(query.anim_time*90*8-240)*25", 0.02679, 0.36406]
				},
				"wing": {
					"rotation": [2.5, 52.5, "-15-math.sin(query.anim_time*90*4-60)*5"]
				},
				"wing2": {
					"rotation": [0, 0, "-15-math.sin(query.anim_time*90*4-120)*10"]
				},
				"wing3": {
					"rotation": [0, 0, "-25-math.sin(query.anim_time*90*4-180)*15"]
				},
				"wing4": {
					"rotation": [0, 0, "-27.5-math.sin(query.anim_time*90*4+80)*20"]
				},
				"wing6": {
					"rotation": [2.17778, -42.45252, "6.614-math.sin(query.anim_time*90*4-60)*5"]
				},
				"wing7": {
					"rotation": [0, 0, "15-math.sin(query.anim_time*90*4-120)*10"]
				},
				"wing8": {
					"rotation": [0, 0, "20-math.sin(query.anim_time*90*4-180)*15"]
				},
				"wing9": {
					"rotation": [0, 0, "30-math.sin(query.anim_time*90*4+80)*20"]
				},
				"head": {
					"rotation": ["0+math.sin(query.anim_time*90*8+60)", 0, "0+math.sin(query.anim_time*90*4)*5"]
				}
			}
		},
		"animation.xuehu_max.battle_idle": {
			"loop": true,
			"animation_length": 2,
			"bones": {
				"leg": {
					"rotation": ["-30+math.sin(query.anim_time*90*4)*2", 0, 0],
					"position": [0, "-5+math.sin(query.anim_time*90*4)*0.2", "0-math.sin(query.anim_time*90*4)*0.3"]
				},
				"knee": {
					"rotation": ["0-math.sin(query.anim_time*90*4)*2", 0, 0]
				},
				"foot": {
					"rotation": [30, 0, 0]
				},
				"leg4": {
					"rotation": ["42.5+math.sin(query.anim_time*90*4)*2", 0, 0],
					"position": [0, -3, "0-math.sin(query.anim_time*90*4)*0.3"]
				},
				"knee4": {
					"rotation": ["0-math.sin(query.anim_time*90*4)*2", 0, 0]
				},
				"foot4": {
					"rotation": [-35, 0, 0]
				},
				"leg2": {
					"rotation": ["45+math.sin(query.anim_time*90*4)*2", 0, 0],
					"position": [0, "-5-math.sin(query.anim_time*90*4)*0.4", "0-math.sin(query.anim_time*90*4)*0.2"]
				},
				"knee2": {
					"rotation": ["-47.5-math.sin(query.anim_time*90*4)*2", 0, 0]
				},
				"leg3": {
					"rotation": ["0-math.sin(query.anim_time*90*4)*2", 0, 0],
					"position": [0, "0-math.sin(query.anim_time*90*4)*0.2", "0+math.sin(query.anim_time*90*4)*0.2"]
				},
				"knee3": {
					"rotation": ["0+math.sin(query.anim_time*90*4)*2", 0, 0]
				},
				"torso": {
					"rotation": [12.5, 0, 0],
					"position": ["0+math.sin(query.anim_time*90*2-60)*0.2", "0+math.sin(query.anim_time*90*4)*0.2", 0]
				},
				"tail": {
					"rotation": ["20-math.sin(query.anim_time*90*4)*5", "0-math.sin(query.anim_time*90*4-60)*5", 0]
				},
				"tail2": {
					"rotation": ["0-math.sin(query.anim_time*90*4-60)*10", "0-math.sin(query.anim_time*90*4-120)*10", 0]
				},
				"tail3": {
					"rotation": ["0-math.sin(query.anim_time*90*4-120)*20", "0-math.sin(query.anim_time*90*4-180)*20", 0]
				},
				"tail4": {
					"rotation": ["0-math.sin(query.anim_time*90*4-180)*30", "0-math.sin(query.anim_time*90*4-240)*30", 0]
				},
				"tail5": {
					"rotation": ["0-math.sin(query.anim_time*90*4-240)*35", "0-math.sin(query.anim_time*90*4-300)*35", 0]
				},
				"tail6": {
					"rotation": ["0-math.sin(query.anim_time*90*4-300)*40", "0-math.sin(query.anim_time*90*4-360)*40", 0]
				},
				"wing": {
					"rotation": ["0-math.sin(query.anim_time*90*16-60)", 0, "-15-math.sin(query.anim_time*90*16)"]
				},
				"wing2": {
					"rotation": [0, 0, "7.5-math.sin(query.anim_time*90*16-60)*2"]
				},
				"wing3": {
					"rotation": [0, 0, "12.5-math.sin(query.anim_time*90*16-120)*4"]
				},
				"wing4": {
					"rotation": [0, 0, "12.5-math.sin(query.anim_time*90*16-180)*6"]
				},
				"wing5": {
					"rotation": [0, 0, 45]
				},
				"wing6": {
					"rotation": ["-10+math.sin(query.anim_time*90*16)", 0, "22.5+math.sin(query.anim_time*90*16)"]
				},
				"wing7": {
					"rotation": [0, 0, "-10+math.sin(query.anim_time*90*16-60)*2"]
				},
				"wing8": {
					"rotation": [0, 0, "-15+math.sin(query.anim_time*90*16-120)*4"]
				},
				"wing9": {
					"rotation": [0, 0, "-12.5+math.sin(query.anim_time*90*16-180)*6"]
				},
				"wing10": {
					"rotation": [0, 0, -35]
				},
				"head": {
					"rotation": ["-15+math.sin(query.anim_time*90*4)*2", 0, "0+math.sin(query.anim_time*90*2)*2"]
				}
			}
		},
		"animation.xuehu_max.air_idle": {
			"loop": true,
			"animation_length": 4,
			"bones": {
				"body": {
					"position": [0, "3+math.sin(query.anim_time*90*2)*2", "0+math.sin(query.anim_time*90*2-60)*2"]
				},
				"leg": {
					"rotation": ["12.5+math.sin(query.anim_time*90*2-180)*5", 0, 0]
				},
				"knee": {
					"rotation": ["-32.2773+math.sin(query.anim_time*90*2-120)*5", -4.02155, -6.33586]
				},
				"foot": {
					"rotation": [40, 0, 0]
				},
				"leg4": {
					"rotation": ["5+math.sin(query.anim_time*90*2-120)*5", 0, 0]
				},
				"knee4": {
					"rotation": ["0+math.sin(query.anim_time*90*2-60)*5", 0, 0]
				},
				"foot4": {
					"rotation": [20, 0, 0]
				},
				"leg2": {
					"rotation": ["7.5+math.sin(query.anim_time*90*2-120)*5", 0, 0]
				},
				"knee2": {
					"rotation": ["-40+math.sin(query.anim_time*90*2-180)*5", 0, 7.5]
				},
				"foot2": {
					"rotation": [42.5, 0, 0]
				},
				"leg3": {
					"rotation": ["5+math.sin(query.anim_time*90*2-60)*5", 0, 0]
				},
				"knee3": {
					"rotation": ["20+math.sin(query.anim_time*90*2-120)*5", 0, 0]
				},
				"foot3": {
					"rotation": [15, 0, 0]
				},
				"torso": {
					"rotation": [-7.5, 0, 0]
				},
				"tail": {
					"rotation": ["5+math.sin(query.anim_time*90*2)*5", 0, 0]
				},
				"tail2": {
					"rotation": ["5+math.sin(query.anim_time*90*2-60)*10", 0, 0]
				},
				"tail3": {
					"rotation": ["0+math.sin(query.anim_time*90*2-120)*15", 0, 0]
				},
				"tail4": {
					"rotation": ["0+math.sin(query.anim_time*90*2-180)*20", 0, 0]
				},
				"tail5": {
					"rotation": ["0+math.sin(query.anim_time*90*2-240)*30", 0, 0]
				},
				"tail6": {
					"rotation": ["0+math.sin(query.anim_time*90*2-300)*40", 0, 0]
				},
				"wing": {
					"rotation": ["29.2715+math.sin(query.anim_time*90*2-60)*35", 35.41224, "-14.6715-math.sin(query.anim_time*90*2)*15"]
				},
				"wing2": {
					"rotation": ["0+math.sin(query.anim_time*90*2-120)*20", 0, "0-math.sin(query.anim_time*90*2-60)*20"]
				},
				"wing3": {
					"rotation": ["0+math.sin(query.anim_time*90*2-180)*35", 0, "0-math.sin(query.anim_time*90*2-120)*35"]
				},
				"wing4": {
					"rotation": ["0+math.sin(query.anim_time*90*2-200)*40", 0, "0-math.sin(query.anim_time*90*2-180)*40"]
				},
				"wing5": {
					"rotation": [0, 0, 22.5]
				},
				"wing6": {
					"rotation": ["32.3893+math.sin(query.anim_time*90*2-60)*35", -20.75339, "15.5065+math.sin(query.anim_time*90*2)*15"]
				},
				"wing7": {
					"rotation": ["0+math.sin(query.anim_time*90*2-120)*20", 0, "0+math.sin(query.anim_time*90*2-60)*20"]
				},
				"wing8": {
					"rotation": ["0+math.sin(query.anim_time*90*2-180)*30", 0, "0+math.sin(query.anim_time*90*2-120)*30"]
				},
				"wing9": {
					"rotation": ["0+math.sin(query.anim_time*90*2-200)*40", 0, "0+math.sin(query.anim_time*90*2-180)*40"]
				},
				"wing10": {
					"rotation": [0, 0, -42.5]
				},
				"neck": {
					"rotation": [5, 0, 0]
				},
				"head": {
					"rotation": ["7.5+math.sin(query.anim_time*90*2-60)*5", 0, 0]
				}
			}
		},
		"animation.xuehu_max.air_fly": {
			"loop": true,
			"animation_length": 4,
			"bones": {
				"xue_hu": {
					"position": [0, 0, -3]
				},
				"body": {
					"rotation": [5, 0, 0],
					"position": [0, "0+math.sin(query.anim_time*90*2)*2", "0+math.sin(query.anim_time*90*2-60)*2"]
				},
				"leg": {
					"rotation": ["-36.1623+math.sin(query.anim_time*90*2-180)*5", 8.31087, 18.25613]
				},
				"knee": {
					"rotation": ["-32.2773+math.sin(query.anim_time*90*2-120)*5", -4.02155, -6.33586]
				},
				"foot": {
					"rotation": [25, 0, 0]
				},
				"leg4": {
					"rotation": ["40+math.sin(query.anim_time*90*2-120)*5", 0, 0]
				},
				"knee4": {
					"rotation": ["27.5+math.sin(query.anim_time*90*2-60)*5", 0, 0]
				},
				"foot4": {
					"rotation": [20, 0, 0]
				},
				"leg2": {
					"rotation": ["-33.6756+math.sin(query.anim_time*90*2-120)*5", -10.98685, -13.70606]
				},
				"knee2": {
					"rotation": ["-40+math.sin(query.anim_time*90*2-180)*5", 0, 7.5]
				},
				"foot2": {
					"rotation": [42.5, 0, 0]
				},
				"leg3": {
					"rotation": ["5+math.sin(query.anim_time*90*2-60)*5", 0, 0]
				},
				"knee3": {
					"rotation": ["47.5+math.sin(query.anim_time*90*2-120)*5", 0, 0]
				},
				"foot3": {
					"rotation": [15, 0, 0]
				},
				"torso": {
					"rotation": [-7.5, 0, 0]
				},
				"tail": {
					"rotation": ["5+math.sin(query.anim_time*90*2)*5", 0, 0]
				},
				"tail2": {
					"rotation": ["5+math.sin(query.anim_time*90*2-60)*10", 0, 0]
				},
				"tail3": {
					"rotation": ["0+math.sin(query.anim_time*90*2-120)*15", 0, 0]
				},
				"tail4": {
					"rotation": ["0+math.sin(query.anim_time*90*2-180)*20", 0, 0]
				},
				"tail5": {
					"rotation": ["0+math.sin(query.anim_time*90*2-240)*30", 0, 0]
				},
				"tail6": {
					"rotation": ["0+math.sin(query.anim_time*90*2-300)*40", 0, 0]
				},
				"wing": {
					"rotation": ["88.2174+math.sin(query.anim_time*90*16)", 59.01389, "13.679+math.sin(query.anim_time*90*16)"]
				},
				"wing2": {
					"rotation": ["10.1511+math.sin(query.anim_time*90*16-60)", -9.84655, "8.2462+math.sin(query.anim_time*90*16-60)"]
				},
				"wing3": {
					"rotation": ["0+math.sin(query.anim_time*90*16-120)*2", 0, "10+math.sin(query.anim_time*90*16-120)*2"]
				},
				"wing4": {
					"rotation": ["-4.9575+math.sin(query.anim_time*90*16-180)*5", 0.65182, "14.9718+math.sin(query.anim_time*90*16-180)*5"]
				},
				"wing5": {
					"rotation": [0, 0, 42.5]
				},
				"wing6": {
					"rotation": ["98.5299+math.sin(query.anim_time*90*16)", -57.73257, "-23.0301+math.sin(query.anim_time*90*16)"]
				},
				"wing7": {
					"rotation": ["10+math.sin(query.anim_time*90*16-60)", 0, "0+math.sin(query.anim_time*90*16-60)"]
				},
				"wing8": {
					"rotation": ["7.3641+math.sin(query.anim_time*90*16-120)*2", 1.2464, "-12.4387+math.sin(query.anim_time*90*16-120)*2"]
				},
				"wing9": {
					"rotation": ["-17.5+math.sin(query.anim_time*90*16-180)*5", 0, "0+math.sin(query.anim_time*90*16-180)*5"]
				},
				"wing10": {
					"rotation": [0, 0, -42.5]
				},
				"neck": {
					"rotation": [5, 0, 0]
				},
				"head": {
					"rotation": ["2.5+math.sin(query.anim_time*90*2-60)*5", 0, 0]
				}
			}
		},
		"animation.xuehu_max.physical": {
			"animation_length": 2,
			"bones": {
				"body": {
					"rotation": {
						"0.0": {
							"post": [0, 0, 0],
							"lerp_mode": "catmullrom"
						},
						"0.9167": {
							"post": [0, 0, 0],
							"lerp_mode": "catmullrom"
						},
						"1.0417": {
							"post": [-7.5, 0, 0],
							"lerp_mode": "catmullrom"
						},
						"1.1667": {
							"post": [-14.64, 0, 0],
							"lerp_mode": "catmullrom"
						},
						"1.3333": {
							"post": [5, 0, 0],
							"lerp_mode": "catmullrom"
						},
						"1.5": {
							"post": [0, 0, 0],
							"lerp_mode": "catmullrom"
						},
						"1.7083": {
							"post": [0, 0, 0],
							"lerp_mode": "catmullrom"
						}
					},
					"position": {
						"0.0": {
							"post": [0, 0, 0],
							"lerp_mode": "catmullrom"
						},
						"0.9167": {
							"post": [0, 0, 0],
							"lerp_mode": "catmullrom"
						},
						"1.125": {
							"post": [0, 17, -11],
							"lerp_mode": "catmullrom"
						},
						"1.25": {
							"post": [0, 0, -29],
							"lerp_mode": "catmullrom"
						},
						"1.5": {
							"post": [0, 0, -29],
							"lerp_mode": "catmullrom"
						},
						"1.625": {
							"post": [0, 5, -11.6],
							"lerp_mode": "catmullrom"
						},
						"1.7083": {
							"post": [0, 0, 0],
							"lerp_mode": "catmullrom"
						}
					}
				},
				"leg": {
					"rotation": {
						"0.0": {
							"post": [-30, 0, 0],
							"lerp_mode": "catmullrom"
						},
						"0.2917": {
							"post": [-17.5, 0, 0],
							"lerp_mode": "catmullrom"
						},
						"0.875": {
							"post": [-17.5, 0, 0],
							"lerp_mode": "catmullrom"
						},
						"1.125": {
							"post": [-33.55721, 13.69372, 2.96852],
							"lerp_mode": "catmullrom"
						},
						"1.375": {
							"post": [-7.46058, -16.07149, 11.97952],
							"lerp_mode": "catmullrom"
						},
						"1.625": {
							"post": [-30, 0, 0],
							"lerp_mode": "catmullrom"
						}
					},
					"position": {
						"0.0": {
							"post": [0, -5, 0],
							"lerp_mode": "catmullrom"
						},
						"0.2917": {
							"post": [0, -5.4, -1.1],
							"lerp_mode": "catmullrom"
						},
						"0.875": {
							"post": [0, -5.4, -1.1],
							"lerp_mode": "catmullrom"
						},
						"1.125": {
							"post": [0, -3.27, -3.73],
							"lerp_mode": "catmullrom"
						},
						"1.625": {
							"post": [0, -5, 0],
							"lerp_mode": "catmullrom"
						}
					}
				},
				"knee": {
					"rotation": {
						"0.0": {
							"post": [0, 0, 0],
							"lerp_mode": "catmullrom"
						},
						"0.4167": {
							"post": [-31.16, 0, 0],
							"lerp_mode": "catmullrom"
						},
						"1.0": {
							"post": [-20, 0, 0],
							"lerp_mode": "catmullrom"
						},
						"1.125": {
							"post": [-55, 0, 0],
							"lerp_mode": "catmullrom"
						},
						"1.375": {
							"post": [-32.5, 0, 0],
							"lerp_mode": "catmullrom"
						},
						"1.625": {
							"post": [0, 0, 0],
							"lerp_mode": "catmullrom"
						}
					}
				},
				"foot": {
					"rotation": {
						"0.0": {
							"post": [30, 0, 0],
							"lerp_mode": "catmullrom"
						},
						"1.0417": {
							"post": [57.18, 0, 0],
							"lerp_mode": "catmullrom"
						},
						"1.4583": {
							"post": [30, 0, 0],
							"lerp_mode": "catmullrom"
						}
					}
				},
				"leg4": {
					"rotation": {
						"0.0": {
							"post": [42.5, 0, 0],
							"lerp_mode": "catmullrom"
						},
						"1.0": {
							"post": [42.5, 0, 0],
							"lerp_mode": "catmullrom"
						},
						"1.2083": {
							"post": [12.5, 0, 0],
							"lerp_mode": "catmullrom"
						},
						"1.5833": {
							"post": [12.5, 0, 0],
							"lerp_mode": "catmullrom"
						},
						"1.6667": {
							"post": [2.5, 0, 0],
							"lerp_mode": "catmullrom"
						},
						"1.8333": {
							"post": [42.5, 0, 0],
							"lerp_mode": "catmullrom"
						}
					},
					"position": {
						"0.0": {
							"post": [0, -3, 0],
							"lerp_mode": "catmullrom"
						}
					}
				},
				"knee4": {
					"rotation": {
						"0.0": {
							"post": [0, 0, 0],
							"lerp_mode": "catmullrom"
						},
						"1.0": {
							"post": [0, 0, 0],
							"lerp_mode": "catmullrom"
						},
						"1.2083": {
							"post": [30, 0, 0],
							"lerp_mode": "catmullrom"
						},
						"1.4167": {
							"post": [37.5, 0, 0],
							"lerp_mode": "catmullrom"
						},
						"1.75": {
							"post": [0, 0, 0],
							"lerp_mode": "catmullrom"
						}
					}
				},
				"foot4": {
					"rotation": {
						"0.0": {
							"post": [-35, 0, 0],
							"lerp_mode": "catmullrom"
						},
						"1.0": {
							"post": [-35, 0, 0],
							"lerp_mode": "catmullrom"
						},
						"1.2083": {
							"post": [25, 0, 0],
							"lerp_mode": "catmullrom"
						},
						"1.4167": {
							"post": [-25, 0, 0],
							"lerp_mode": "catmullrom"
						},
						"1.75": {
							"post": [-35, 0, 0],
							"lerp_mode": "catmullrom"
						}
					}
				},
				"leg2": {
					"rotation": {
						"0.0": {
							"post": [45, 0, 0],
							"lerp_mode": "catmullrom"
						},
						"0.4583": {
							"post": [50, 0, 0],
							"lerp_mode": "catmullrom"
						},
						"0.875": {
							"post": [50, 0, 0],
							"lerp_mode": "catmullrom"
						},
						"1.0833": {
							"post": [-20, 0, 0],
							"lerp_mode": "catmullrom"
						},
						"1.25": {
							"post": [-20, 0, 0],
							"lerp_mode": "catmullrom"
						},
						"1.4583": {
							"post": [45, 0, 0],
							"lerp_mode": "catmullrom"
						},
						"1.5833": {
							"post": [32.5, 0, 0],
							"lerp_mode": "catmullrom"
						},
						"1.7917": {
							"post": [45, 0, 0],
							"lerp_mode": "catmullrom"
						}
					},
					"position": {
						"0.0": {
							"post": [0, -5, 0],
							"lerp_mode": "catmullrom"
						},
						"0.9167": {
							"post": [0, -5, 0],
							"lerp_mode": "catmullrom"
						},
						"1.0833": {
							"post": [0, -2, -6],
							"lerp_mode": "catmullrom"
						},
						"1.25": {
							"post": [0, -5, 0],
							"lerp_mode": "catmullrom"
						},
						"1.4583": {
							"post": [0, -5, 0],
							"lerp_mode": "catmullrom"
						},
						"1.5833": {
							"post": [0, -7, 0],
							"lerp_mode": "catmullrom"
						},
						"1.7083": {
							"post": [0, -5, 0],
							"lerp_mode": "catmullrom"
						}
					}
				},
				"knee2": {
					"rotation": {
						"0.0": {
							"post": [-47.5, 0, 0],
							"lerp_mode": "catmullrom"
						},
						"1.125": {
							"post": [-55, 0, 0],
							"lerp_mode": "catmullrom"
						},
						"1.375": {
							"post": [-20, 0, 0],
							"lerp_mode": "catmullrom"
						},
						"1.5": {
							"post": [-47.5, 0, 0],
							"lerp_mode": "catmullrom"
						}
					}
				},
				"leg3": {
					"rotation": {
						"0.0": {
							"post": [0, 0, 0],
							"lerp_mode": "catmullrom"
						},
						"1.0": {
							"post": [0, 0, 0],
							"lerp_mode": "catmullrom"
						},
						"1.125": {
							"post": [42.5, 0, 0],
							"lerp_mode": "catmullrom"
						},
						"1.375": {
							"post": [10, 0, 0],
							"lerp_mode": "catmullrom"
						},
						"1.6667": {
							"post": [-2.5, 0, 0],
							"lerp_mode": "catmullrom"
						},
						"1.9583": {
							"post": [0, 0, 0],
							"lerp_mode": "catmullrom"
						}
					},
					"position": {
						"0.0": {
							"post": [0, 0, 0],
							"lerp_mode": "catmullrom"
						},
						"1.0": {
							"post": [0, 0, 0],
							"lerp_mode": "catmullrom"
						},
						"1.5": {
							"post": [0, 0, 0],
							"lerp_mode": "catmullrom"
						},
						"1.6667": {
							"post": [0, 4, 0],
							"lerp_mode": "catmullrom"
						},
						"1.7917": {
							"post": [0, 0, 0],
							"lerp_mode": "catmullrom"
						},
						"1.9583": {
							"post": [0, 0, 0],
							"lerp_mode": "catmullrom"
						}
					}
				},
				"knee3": {
					"rotation": {
						"0.0": {
							"post": [0, 0, 0],
							"lerp_mode": "catmullrom"
						}
					}
				},
				"torso": {
					"rotation": {
						"0.0": {
							"post": [12.5, 0, 0],
							"lerp_mode": "catmullrom"
						},
						"1.25": {
							"post": [12.5, 0, 0],
							"lerp_mode": "catmullrom"
						},
						"1.625": {
							"post": [15, 0, 0],
							"lerp_mode": "catmullrom"
						},
						"1.7917": {
							"post": [10, 0, 0],
							"lerp_mode": "catmullrom"
						},
						"2.0": {
							"post": [12.5, 0, 0],
							"lerp_mode": "catmullrom"
						}
					},
					"position": {
						"0.0": {
							"post": [0, 0, 0],
							"lerp_mode": "catmullrom"
						},
						"0.2083": {
							"post": [0, -2, 0],
							"lerp_mode": "catmullrom"
						},
						"0.4583": {
							"post": [0, -2.5, 0.9],
							"lerp_mode": "catmullrom"
						},
						"0.8333": {
							"post": [0, -2.5, 1.4],
							"lerp_mode": "catmullrom"
						},
						"1.25": {
							"post": [0, 0, 0],
							"lerp_mode": "catmullrom"
						}
					}
				},
				"tail": {
					"rotation": ["20-math.sin(query.anim_time*90*4)*5", "0-math.sin(query.anim_time*90*4-60)*5", 0]
				},
				"tail2": {
					"rotation": ["0-math.sin(query.anim_time*90*4-60)*10", "0-math.sin(query.anim_time*90*4-120)*10", 0]
				},
				"tail3": {
					"rotation": ["0-math.sin(query.anim_time*90*4-120)*20", "0-math.sin(query.anim_time*90*4-180)*20", 0]
				},
				"tail4": {
					"rotation": ["0-math.sin(query.anim_time*90*4-180)*30", "0-math.sin(query.anim_time*90*4-240)*30", 0]
				},
				"tail5": {
					"rotation": ["0-math.sin(query.anim_time*90*4-240)*35", "0-math.sin(query.anim_time*90*4-300)*35", 0]
				},
				"tail6": {
					"rotation": ["0-math.sin(query.anim_time*90*4-300)*40", "0-math.sin(query.anim_time*90*4-360)*40", 0]
				},
				"wing": {
					"rotation": {
						"0.0": {
							"post": [0, 0, -15],
							"lerp_mode": "catmullrom"
						},
						"0.25": {
							"post": [0, 0, -27.5],
							"lerp_mode": "catmullrom"
						},
						"0.5": {
							"post": [0, 31.42212, -27.74001],
							"lerp_mode": "catmullrom"
						},
						"0.9167": {
							"post": [-14.74047, 31.43913, -27.74014],
							"lerp_mode": "catmullrom"
						},
						"1.0833": {
							"post": [48.82263, 55.97785, -26.5396],
							"lerp_mode": "catmullrom"
						},
						"1.375": {
							"post": [-42.59682, 78.24347, -83.38158],
							"lerp_mode": "catmullrom"
						},
						"1.875": {
							"post": [0, 0, -15],
							"lerp_mode": "catmullrom"
						}
					}
				},
				"wing2": {
					"rotation": {
						"0.0": {
							"post": [0, 0, 7.5],
							"lerp_mode": "catmullrom"
						},
						"0.25": {
							"post": [1.3452, -7.42854, -1.26424],
							"lerp_mode": "catmullrom"
						},
						"0.4583": {
							"post": [6.99079, -7.28291, -6.30362],
							"lerp_mode": "catmullrom"
						},
						"0.625": {
							"post": [-5.16437, -7.2827, -6.31063],
							"lerp_mode": "catmullrom"
						},
						"0.8333": {
							"post": [-7.66437, -7.2827, -6.31063],
							"lerp_mode": "catmullrom"
						},
						"1.0": {
							"post": [-16.73577, -4.87689, 9.62764],
							"lerp_mode": "catmullrom"
						},
						"1.1667": {
							"post": [13.96312, -19.60136, -1.29689],
							"lerp_mode": "catmullrom"
						},
						"1.5": {
							"post": [10.26756, -21.70637, 9.15316],
							"lerp_mode": "catmullrom"
						},
						"1.875": {
							"post": [0, 0, 7.5],
							"lerp_mode": "catmullrom"
						}
					}
				},
				"wing3": {
					"rotation": {
						"0.0": {
							"post": [0, 0, 12.5],
							"lerp_mode": "catmullrom"
						},
						"0.2083": {
							"post": [0, 0, 20],
							"lerp_mode": "catmullrom"
						},
						"0.375": {
							"post": [0, 0, 2.5],
							"lerp_mode": "catmullrom"
						},
						"0.5833": {
							"post": [9.48228, 0, 2.38825],
							"lerp_mode": "catmullrom"
						},
						"0.75": {
							"post": [-9.52927, 0, 2.38655],
							"lerp_mode": "catmullrom"
						},
						"1.0417": {
							"post": [-9.32549, 2.01684, 14.4891],
							"lerp_mode": "catmullrom"
						},
						"1.125": {
							"post": [-23.94168, 2.0559, 14.72352],
							"lerp_mode": "catmullrom"
						},
						"1.25": {
							"post": [34.9587, -20.00094, -6.01154],
							"lerp_mode": "catmullrom"
						},
						"1.625": {
							"post": [39.9587, -20.00094, -6.01154],
							"lerp_mode": "catmullrom"
						},
						"1.875": {
							"post": [0, 0, 12.5],
							"lerp_mode": "catmullrom"
						}
					}
				},
				"wing4": {
					"rotation": {
						"0.0": {
							"post": [0, 0, 12.5],
							"lerp_mode": "catmullrom"
						},
						"0.125": {
							"post": [-9.85108, 1.72794, 22.35108],
							"lerp_mode": "catmullrom"
						},
						"0.3333": {
							"post": [-9.07947, -4.20854, -12.16569],
							"lerp_mode": "catmullrom"
						},
						"0.5833": {
							"post": [13.42053, -4.20854, -12.16569],
							"lerp_mode": "catmullrom"
						},
						"0.875": {
							"post": [-16.57947, -4.20854, -12.16569],
							"lerp_mode": "catmullrom"
						},
						"1.1667": {
							"post": [-16.81881, 3.08146, 11.76519],
							"lerp_mode": "catmullrom"
						},
						"1.4167": {
							"post": [36.05601, -21.79662, -5.3752],
							"lerp_mode": "catmullrom"
						},
						"1.8333": {
							"post": [22.31863, -5.73178, 7.89371],
							"lerp_mode": "catmullrom"
						},
						"2.0": {
							"post": [0, 0, 12.5],
							"lerp_mode": "catmullrom"
						}
					}
				},
				"wing5": {
					"rotation": {
						"0.0": {
							"post": [0, 0, 45],
							"lerp_mode": "catmullrom"
						}
					}
				},
				"wing6": {
					"rotation": {
						"0.0": {
							"post": [-10, 0, 22.5],
							"lerp_mode": "catmullrom"
						},
						"0.25": {
							"post": [-11.26821, -11.37361, 29.72362],
							"lerp_mode": "catmullrom"
						},
						"0.5": {
							"post": [-14.84119, -32.76886, 37.75523],
							"lerp_mode": "catmullrom"
						},
						"0.875": {
							"post": [-23.78094, -38.05712, 27.32714],
							"lerp_mode": "catmullrom"
						},
						"1.125": {
							"post": [37.73441, -46.45877, 39.88296],
							"lerp_mode": "catmullrom"
						},
						"1.3333": {
							"post": [-36.45062, -40.02279, 72.72446],
							"lerp_mode": "catmullrom"
						},
						"1.75": {
							"post": [-10, 0, 22.5],
							"lerp_mode": "catmullrom"
						}
					}
				},
				"wing7": {
					"rotation": {
						"0.0": {
							"post": [0, 0, -10],
							"lerp_mode": "catmullrom"
						},
						"0.0833": {
							"post": [0, 0, -15],
							"lerp_mode": "catmullrom"
						},
						"0.5": {
							"post": [0, 7.48285, 4.72572],
							"lerp_mode": "catmullrom"
						},
						"0.75": {
							"post": [14.00247, 7.5298, 4.84948],
							"lerp_mode": "catmullrom"
						},
						"1.0417": {
							"post": [-24.60012, -0.69053, -13.43176],
							"lerp_mode": "catmullrom"
						},
						"1.25": {
							"post": [34.58619, 26.95116, 4.32747],
							"lerp_mode": "catmullrom"
						},
						"1.625": {
							"post": [38.47287, 9.37767, 11.82311],
							"lerp_mode": "catmullrom"
						},
						"1.875": {
							"post": [0, 0, -10],
							"lerp_mode": "catmullrom"
						}
					}
				},
				"wing8": {
					"rotation": {
						"0.0": {
							"post": [0, 0, -15],
							"lerp_mode": "catmullrom"
						},
						"0.2917": {
							"post": [0, 0, 10],
							"lerp_mode": "catmullrom"
						},
						"0.5417": {
							"post": [0, 0, 22.5],
							"lerp_mode": "catmullrom"
						},
						"0.8333": {
							"post": [0, 0, 25],
							"lerp_mode": "catmullrom"
						},
						"0.9583": {
							"post": [0, 0, -20],
							"lerp_mode": "catmullrom"
						},
						"1.1667": {
							"post": [-22.5, 0, -20],
							"lerp_mode": "catmullrom"
						},
						"1.2917": {
							"post": [37.80522, 18.33237, 7.03839],
							"lerp_mode": "catmullrom"
						},
						"1.7917": {
							"post": [0, 0, -15],
							"lerp_mode": "catmullrom"
						}
					}
				},
				"wing9": {
					"rotation": {
						"0.0": {
							"post": [0, 0, -12.5],
							"lerp_mode": "catmullrom"
						},
						"0.125": {
							"post": [0, 0, -27.5],
							"lerp_mode": "catmullrom"
						},
						"0.6667": {
							"post": [-2.79457, 0.20696, 2.71054],
							"lerp_mode": "catmullrom"
						},
						"1.25": {
							"post": [-34.13554, -16.76559, 3.56517],
							"lerp_mode": "catmullrom"
						},
						"1.4167": {
							"post": [44.27887, 14.60559, 6.31465],
							"lerp_mode": "catmullrom"
						},
						"1.625": {
							"post": [0, 0, -12.5],
							"lerp_mode": "catmullrom"
						},
						"1.8333": {
							"post": [10, 0, -12.5],
							"lerp_mode": "catmullrom"
						},
						"2.0": {
							"post": [0, 0, -12.5],
							"lerp_mode": "catmullrom"
						}
					}
				},
				"wing10": {
					"rotation": {
						"0.0": {
							"post": [0, 0, -35],
							"lerp_mode": "catmullrom"
						}
					}
				},
				"head": {
					"rotation": {
						"0.0": {
							"post": [-15, 0, 0],
							"lerp_mode": "catmullrom"
						},
						"0.2083": {
							"post": [-20, 0, 0],
							"lerp_mode": "catmullrom"
						},
						"0.375": {
							"post": [-10, 0, 0],
							"lerp_mode": "catmullrom"
						},
						"0.625": {
							"post": [-7.5, 0, 0],
							"lerp_mode": "catmullrom"
						},
						"0.9583": {
							"post": [-2.04, 0, 0],
							"lerp_mode": "catmullrom"
						},
						"1.125": {
							"post": [-42.5, 0, 0],
							"lerp_mode": "catmullrom"
						},
						"1.375": {
							"post": [1.91561, 1.60667, -39.97314],
							"lerp_mode": "catmullrom"
						},
						"1.7083": {
							"post": [-15, 0, 0],
							"lerp_mode": "catmullrom"
						},
						"1.8333": {
							"post": [-17.5, 0, 0],
							"lerp_mode": "catmullrom"
						},
						"2.0": {
							"post": [-15, 0, 0],
							"lerp_mode": "catmullrom"
						}
					}
				},
				"jaw": {
					"rotation": {
						"0.0": [0, 0, 0],
						"0.3333": [15, 0, 0],
						"0.7083": [10, 0, 0],
						"1.0417": [70, 0, 0],
						"1.2917": [0, 0, 0]
					}
				},
				"iris": {
					"position": {
						"0.0": [0, 0, 0],
						"0.25": [0.5, -0.3, 0],
						"0.7917": [0.5, 0.2, 0],
						"1.0": [0.5, 0.2, 0],
						"1.25": [0.2, -0.4, 0],
						"1.625": [0, 0, 0]
					}
				},
				"iris2": {
					"position": {
						"0.0": [0, 0, 0],
						"0.25": [-0.4, -0.3, 0],
						"0.7917": [-0.5, 0.2, 0],
						"1.0": [-0.5, 0.2, 0],
						"1.25": [0, -0.3, 0],
						"1.625": [0, 0, 0]
					}
				},
				"crest": {
					"rotation": {
						"0.0": [0, 0, 0],
						"1.0": [0, 0, 0],
						"1.0833": [12.5, 0, 0],
						"1.25": [12.5, 0, 0],
						"1.375": [0, 0, 0]
					}
				}
			}
		},
		"animation.xuehu_max.special": {
			"animation_length": 4,
			"bones": {
				"body": {
					"rotation": {
						"0.0": {
							"post": [0, 0, 0],
							"lerp_mode": "catmullrom"
						},
						"1.1667": {
							"post": [-8.4, 0, 0],
							"lerp_mode": "catmullrom"
						},
						"2.0": {
							"post": [9.25, 0, 0],
							"lerp_mode": "catmullrom"
						},
						"2.2917": {
							"post": [-15, 0, 0],
							"lerp_mode": "catmullrom"
						},
						"2.7917": {
							"post": [13.75, 0, 0],
							"lerp_mode": "catmullrom"
						},
						"3.125": {
							"post": [0, 0, 0],
							"lerp_mode": "catmullrom"
						},
						"3.4167": {
							"post": [-2.5, 0, 0],
							"lerp_mode": "catmullrom"
						},
						"3.8333": {
							"post": [0, 0, 0],
							"lerp_mode": "catmullrom"
						},
						"7.25": {
							"post": [-2.5, 0, 0],
							"lerp_mode": "catmullrom"
						}
					},
					"position": {
						"0.0": {
							"post": [0, 0, 0],
							"lerp_mode": "catmullrom"
						},
						"0.125": {
							"post": [0, -2, 0],
							"lerp_mode": "catmullrom"
						},
						"0.9167": {
							"post": [0, -2.6, 0],
							"lerp_mode": "catmullrom"
						},
						"1.0833": {
							"post": [0, 25.4, -2],
							"lerp_mode": "catmullrom"
						},
						"1.375": {
							"post": [0, 30.4, -4],
							"lerp_mode": "catmullrom"
						},
						"1.7917": {
							"post": [0, 21.47, -9.19],
							"lerp_mode": "catmullrom"
						},
						"2.125": {
							"post": [0, 30.4, -7],
							"lerp_mode": "catmullrom"
						},
						"2.4583": {
							"post": [0, 22.4, 12],
							"lerp_mode": "catmullrom"
						},
						"2.7083": {
							"post": [0, 21.4, 7],
							"lerp_mode": "catmullrom"
						},
						"2.8333": {
							"post": [0, 12.64, -1.44],
							"lerp_mode": "catmullrom"
						},
						"2.9583": {
							"post": [0, 0, 0],
							"lerp_mode": "catmullrom"
						},
						"3.0833": {
							"post": [0, -1.7, 0],
							"lerp_mode": "catmullrom"
						},
						"3.125": {
							"post": [0, 0.1, 0],
							"lerp_mode": "catmullrom"
						},
						"3.1667": {
							"post": [0, 0, 0],
							"lerp_mode": "catmullrom"
						}
					}
				},
				"leg": {
					"rotation": {
						"0.0": {
							"post": [-30, 0, 0],
							"lerp_mode": "catmullrom"
						},
						"0.125": {
							"post": [-25, 0, 0],
							"lerp_mode": "catmullrom"
						},
						"0.875": {
							"post": [-18.29, 0, 0],
							"lerp_mode": "catmullrom"
						},
						"1.0833": {
							"post": [-5, 0, 0],
							"lerp_mode": "catmullrom"
						},
						"1.3333": {
							"post": [10.1, 0, 0],
							"lerp_mode": "catmullrom"
						},
						"2.0": {
							"post": [-30, 0, 0],
							"lerp_mode": "catmullrom"
						},
						"2.625": {
							"post": [-15, 0, 0],
							"lerp_mode": "catmullrom"
						},
						"2.9167": {
							"post": [-45, 0, 0],
							"lerp_mode": "catmullrom"
						},
						"3.375": {
							"post": [-30, 0, 0],
							"lerp_mode": "catmullrom"
						}
					},
					"position": {
						"0.0": {
							"post": [0, -5, 0],
							"lerp_mode": "catmullrom"
						},
						"0.7083": {
							"post": [0, -5, 0],
							"lerp_mode": "catmullrom"
						}
					}
				},
				"knee": {
					"rotation": {
						"0.0": {
							"post": [0, 0, 0],
							"lerp_mode": "catmullrom"
						},
						"0.125": {
							"post": [-25, 0, 0],
							"lerp_mode": "catmullrom"
						},
						"0.9167": {
							"post": [-25, 0, 0],
							"lerp_mode": "catmullrom"
						},
						"1.0833": {
							"post": [-7.5, 0, 0],
							"lerp_mode": "catmullrom"
						},
						"2.4167": {
							"post": [0, 0, 0],
							"lerp_mode": "catmullrom"
						}
					}
				},
				"foot": {
					"rotation": {
						"0.0": {
							"post": [30, 0, 0],
							"lerp_mode": "catmullrom"
						},
						"0.125": {
							"post": [52.5, 0, 0],
							"lerp_mode": "catmullrom"
						},
						"2.4167": {
							"post": [52.5, 0, 0],
							"lerp_mode": "catmullrom"
						},
						"2.625": {
							"post": [65, 0, 0],
							"lerp_mode": "catmullrom"
						},
						"2.9583": {
							"post": [7.5, 0, 0],
							"lerp_mode": "catmullrom"
						},
						"3.0833": {
							"post": [30, 0, 0],
							"lerp_mode": "catmullrom"
						}
					}
				},
				"leg4": {
					"rotation": {
						"0.0": {
							"post": [42.5, 0, 0],
							"lerp_mode": "catmullrom"
						},
						"1.125": {
							"post": [12.5, 0, 0],
							"lerp_mode": "catmullrom"
						},
						"1.7083": {
							"post": [25, 0, 0],
							"lerp_mode": "catmullrom"
						},
						"1.9583": {
							"post": [-10, 0, 0],
							"lerp_mode": "catmullrom"
						},
						"2.2917": {
							"post": [-12.5, 0, 0],
							"lerp_mode": "catmullrom"
						},
						"2.6667": {
							"post": [15, 0, 0],
							"lerp_mode": "catmullrom"
						},
						"3.0833": {
							"post": [42.5, 0, 0],
							"lerp_mode": "catmullrom"
						}
					},
					"position": {
						"0.0": {
							"post": [0, -3, 0],
							"lerp_mode": "catmullrom"
						},
						"0.7083": {
							"post": [0, 1, 0],
							"lerp_mode": "catmullrom"
						},
						"0.9167": {
							"post": [0, 1, 0],
							"lerp_mode": "catmullrom"
						},
						"1.125": {
							"post": [0, -3, 0],
							"lerp_mode": "catmullrom"
						},
						"3.0833": {
							"post": [0, -3, 0],
							"lerp_mode": "catmullrom"
						}
					}
				},
				"knee4": {
					"rotation": {
						"0.0": {
							"post": [0, 0, 0],
							"lerp_mode": "catmullrom"
						},
						"0.125": {
							"post": [42.5, 0, 0],
							"lerp_mode": "catmullrom"
						},
						"0.875": {
							"post": [42.5, 0, 0],
							"lerp_mode": "catmullrom"
						},
						"1.125": {
							"post": [-5, 0, 0],
							"lerp_mode": "catmullrom"
						},
						"1.625": {
							"post": [0, 0, 0],
							"lerp_mode": "catmullrom"
						}
					}
				},
				"foot4": {
					"rotation": {
						"0.0": {
							"post": [-35, 0, 0],
							"lerp_mode": "catmullrom"
						},
						"0.875": {
							"post": [-35, 0, 0],
							"lerp_mode": "catmullrom"
						},
						"1.125": {
							"post": [37.5, 0, 0],
							"lerp_mode": "catmullrom"
						},
						"1.625": {
							"post": [-35, 0, 0],
							"lerp_mode": "catmullrom"
						}
					}
				},
				"leg2": {
					"rotation": {
						"0.0": {
							"post": [45, 0, 0],
							"lerp_mode": "catmullrom"
						},
						"1.2083": {
							"post": [30, 0, 0],
							"lerp_mode": "catmullrom"
						},
						"1.7917": {
							"post": [17.5, 0, 0],
							"lerp_mode": "catmullrom"
						},
						"2.0417": {
							"post": [10, 0, 0],
							"lerp_mode": "catmullrom"
						},
						"2.3333": {
							"post": [25, 0, 0],
							"lerp_mode": "catmullrom"
						},
						"2.6667": {
							"post": [27.5, 0, 0],
							"lerp_mode": "catmullrom"
						},
						"3.0833": {
							"post": [20, 0, 0],
							"lerp_mode": "catmullrom"
						},
						"3.375": {
							"post": [45, 0, 0],
							"lerp_mode": "catmullrom"
						}
					},
					"position": {
						"0.0": {
							"post": [0, -5, 0],
							"lerp_mode": "catmullrom"
						},
						"0.7083": {
							"post": [0, -3, 0],
							"lerp_mode": "catmullrom"
						},
						"3.375": {
							"post": [0, -5, 0],
							"lerp_mode": "catmullrom"
						}
					}
				},
				"knee2": {
					"rotation": {
						"0.0": {
							"post": [-47.5, 0, 0],
							"lerp_mode": "catmullrom"
						},
						"0.125": {
							"post": [-65, 0, 0],
							"lerp_mode": "catmullrom"
						},
						"0.8333": {
							"post": [-55, 0, 0],
							"lerp_mode": "catmullrom"
						},
						"1.4167": {
							"post": [-32.5, 0, 0],
							"lerp_mode": "catmullrom"
						},
						"1.9583": {
							"post": [-47.5, 0, 0],
							"lerp_mode": "catmullrom"
						},
						"2.75": {
							"post": [0, 0, 0],
							"lerp_mode": "catmullrom"
						},
						"3.125": {
							"post": [-47.5, 0, 0],
							"lerp_mode": "catmullrom"
						}
					}
				},
				"foot2": {
					"rotation": {
						"0.0": [0, 0, 0],
						"0.125": [22.5, 0, 0],
						"1.0": {
							"pre": [25, 0, 0],
							"post": [25, 0, 0],
							"lerp_mode": "catmullrom"
						},
						"1.3333": [90, 0, 0],
						"1.9583": [0, 0, 0]
					}
				},
				"leg3": {
					"rotation": {
						"0.0": {
							"post": [0, 0, 0],
							"lerp_mode": "catmullrom"
						},
						"0.125": {
							"post": [-10, 0, 0],
							"lerp_mode": "catmullrom"
						},
						"0.9583": {
							"post": [-10, 0, 0],
							"lerp_mode": "catmullrom"
						},
						"1.25": {
							"post": [20, 0, 0],
							"lerp_mode": "catmullrom"
						},
						"3.3333": {
							"post": [0, 0, 0],
							"lerp_mode": "catmullrom"
						}
					},
					"position": {
						"0.0": {
							"post": [0, 0, 0],
							"lerp_mode": "catmullrom"
						},
						"0.7083": {
							"post": [0, 3, 0],
							"lerp_mode": "catmullrom"
						},
						"1.125": {
							"post": [0, 0, 0],
							"lerp_mode": "catmullrom"
						},
						"2.0": [0, 0, 0],
						"3.3333": {
							"pre": [0, 0, 0],
							"post": [0, 0, 0],
							"lerp_mode": "catmullrom"
						}
					}
				},
				"knee3": {
					"rotation": {
						"0.0": {
							"post": [0, 0, 0],
							"lerp_mode": "catmullrom"
						},
						"0.125": {
							"post": [25, 0, 0],
							"lerp_mode": "catmullrom"
						},
						"1.1667": {
							"post": [25, 0, 0],
							"lerp_mode": "catmullrom"
						},
						"1.375": {
							"post": [-7.5, 0, 0],
							"lerp_mode": "catmullrom"
						},
						"3.3333": {
							"post": [0, 0, 0],
							"lerp_mode": "catmullrom"
						}
					}
				},
				"foot3": {
					"rotation": {
						"0.0": [0, 0, 0],
						"0.125": [-10, 0, 0],
						"1.1667": [-10, 0, 0],
						"1.375": [40, 0, 0],
						"2.4167": [40, 0, 0],
						"3.4583": [0, 0, 0]
					}
				},
				"torso": {
					"rotation": {
						"0.0": {
							"post": [12.5, 0, 0],
							"lerp_mode": "catmullrom"
						}
					},
					"position": {
						"0.0": {
							"post": [0, 0, 0],
							"lerp_mode": "catmullrom"
						}
					}
				},
				"tail": {
					"rotation": ["20-math.sin(query.anim_time*90*4)*5", "0-math.sin(query.anim_time*90*4-60)*5", 0]
				},
				"tail2": {
					"rotation": ["0-math.sin(query.anim_time*90*4-60)*10", "0-math.sin(query.anim_time*90*4-120)*10", 0]
				},
				"tail3": {
					"rotation": ["0-math.sin(query.anim_time*90*4-120)*20", "0-math.sin(query.anim_time*90*4-180)*20", 0]
				},
				"tail4": {
					"rotation": ["0-math.sin(query.anim_time*90*4-180)*30", "0-math.sin(query.anim_time*90*4-240)*30", 0]
				},
				"tail5": {
					"rotation": ["0-math.sin(query.anim_time*90*4-240)*35", "0-math.sin(query.anim_time*90*4-300)*35", 0]
				},
				"tail6": {
					"rotation": ["0-math.sin(query.anim_time*90*4-300)*40", "0-math.sin(query.anim_time*90*4-360)*40", 0]
				},
				"wing": {
					"rotation": {
						"0.0": {
							"post": [0, 0, -15],
							"lerp_mode": "catmullrom"
						},
						"0.2917": {
							"post": [12.31594, 2.15393, -24.76758],
							"lerp_mode": "catmullrom"
						},
						"0.625": {
							"post": [-0.55956, 30.43177, -37.218],
							"lerp_mode": "catmullrom"
						},
						"1.0833": {
							"post": [5.09831, 11.91106, -11.45705],
							"lerp_mode": "catmullrom"
						},
						"1.375": {
							"post": [126.07284, 57.9747, 46.16554],
							"lerp_mode": "catmullrom"
						},
						"1.5417": {
							"post": [126.07284, 57.9747, 46.16554],
							"lerp_mode": "catmullrom"
						},
						"2.0417": {
							"post": [0, 27.5, -15],
							"lerp_mode": "catmullrom"
						},
						"2.25": {
							"post": [59.73538, 13.56176, -58.61214],
							"lerp_mode": "catmullrom"
						},
						"2.75": {
							"post": [-22.24378, 13.56008, -58.61737],
							"lerp_mode": "catmullrom"
						},
						"3.375": {
							"post": [0, 0, -15],
							"lerp_mode": "catmullrom"
						}
					}
				},
				"wing2": {
					"rotation": {
						"0.0": {
							"post": [0, 0, 7.5],
							"lerp_mode": "catmullrom"
						},
						"0.1667": {
							"post": [0, 0, 12.5],
							"lerp_mode": "catmullrom"
						},
						"0.3333": {
							"post": [0, 0, -10],
							"lerp_mode": "catmullrom"
						},
						"0.7917": {
							"post": [0, 0, 2.5],
							"lerp_mode": "catmullrom"
						},
						"0.9167": {
							"post": [-9.83821, 0, 2.51073],
							"lerp_mode": "catmullrom"
						},
						"1.1667": {
							"post": [32.66179, 0, 2.51073],
							"lerp_mode": "catmullrom"
						},
						"1.7083": {
							"post": [27.68103, 0, 2.51073],
							"lerp_mode": "catmullrom"
						},
						"1.9583": {
							"post": [-3.99613, 0.17433, 5.00465],
							"lerp_mode": "catmullrom"
						},
						"2.2917": {
							"post": [31.00387, 0.17433, 5.00465],
							"lerp_mode": "catmullrom"
						},
						"3.25": {
							"post": [3.50387, 0.17433, 5.00465],
							"lerp_mode": "catmullrom"
						},
						"3.5833": {
							"post": [0, 0, 7.5],
							"lerp_mode": "catmullrom"
						}
					}
				},
				"wing3": {
					"rotation": {
						"0.0": {
							"post": [0, 0, 12.5],
							"lerp_mode": "catmullrom"
						},
						"0.25": {
							"post": [0, 0, -5],
							"lerp_mode": "catmullrom"
						},
						"0.5417": {
							"post": [0, 0, -10],
							"lerp_mode": "catmullrom"
						},
						"0.75": {
							"post": [0, 0, 12.5],
							"lerp_mode": "catmullrom"
						},
						"1.0": {
							"post": [-20, 0, 12.5],
							"lerp_mode": "catmullrom"
						},
						"1.125": {
							"post": [30, 0, 12.5],
							"lerp_mode": "catmullrom"
						},
						"1.8333": {
							"post": [32.5, 0, 12.5],
							"lerp_mode": "catmullrom"
						},
						"2.0417": {
							"post": [-22.5, 0, 12.5],
							"lerp_mode": "catmullrom"
						},
						"2.2917": {
							"post": [-17.5, 0, 12.5],
							"lerp_mode": "catmullrom"
						},
						"2.5417": {
							"post": [37.02599, 0, 12.5],
							"lerp_mode": "catmullrom"
						},
						"2.9583": {
							"post": [-17.97401, 0, 12.5],
							"lerp_mode": "catmullrom"
						},
						"3.375": {
							"post": [1.89446, 0.59605, -2.2348],
							"lerp_mode": "catmullrom"
						},
						"3.7917": {
							"post": [0, 0, 12.5],
							"lerp_mode": "catmullrom"
						}
					}
				},
				"wing4": {
					"rotation": {
						"0.0": {
							"post": [0, 0, 12.5],
							"lerp_mode": "catmullrom"
						},
						"0.2917": {
							"post": [0, 0, 25],
							"lerp_mode": "catmullrom"
						},
						"0.4167": {
							"post": [0, 0, -17.5],
							"lerp_mode": "catmullrom"
						},
						"0.75": {
							"post": [0, 0, -22.5],
							"lerp_mode": "catmullrom"
						},
						"0.9583": {
							"post": [-4.02574, 5.66814, 11.92481],
							"lerp_mode": "catmullrom"
						},
						"1.125": {
							"post": [-34.02574, 5.66814, 11.92481],
							"lerp_mode": "catmullrom"
						},
						"1.2917": {
							"post": [29.44297, 5.66814, 11.92481],
							"lerp_mode": "catmullrom"
						},
						"1.5417": {
							"post": [31.94297, 5.66814, 11.92481],
							"lerp_mode": "catmullrom"
						},
						"1.9583": {
							"post": [10.00838, 5.66814, 11.92481],
							"lerp_mode": "catmullrom"
						},
						"2.2083": {
							"post": [-7.49162, 5.66814, 11.92481],
							"lerp_mode": "catmullrom"
						},
						"2.75": {
							"post": [28.52738, 5.66814, 11.92481],
							"lerp_mode": "catmullrom"
						},
						"3.125": {
							"post": [6.26981, 5.66814, 11.92481],
							"lerp_mode": "catmullrom"
						},
						"3.8333": {
							"post": [0, 0, 12.5],
							"lerp_mode": "catmullrom"
						}
					}
				},
				"wing5": {
					"rotation": {
						"0.0": {
							"post": [0, 0, 45],
							"lerp_mode": "catmullrom"
						}
					}
				},
				"wing6": {
					"rotation": {
						"0.0": {
							"post": [-10, 0, 22.5],
							"lerp_mode": "catmullrom"
						},
						"0.3333": {
							"post": [-10.09904, -19.18548, 43.60293],
							"lerp_mode": "catmullrom"
						},
						"0.8333": {
							"post": [-6.50543, -20.63374, 33.07727],
							"lerp_mode": "catmullrom"
						},
						"1.2083": {
							"post": [173.52343, -64.64485, -87.37109],
							"lerp_mode": "catmullrom"
						},
						"1.4167": {
							"post": [181.02343, -64.64485, -87.37109],
							"lerp_mode": "catmullrom"
						},
						"1.875": {
							"post": [-11.58364, -56.43494, 26.41106],
							"lerp_mode": "catmullrom"
						},
						"2.0833": {
							"post": [-16.84737, -33.26276, 29.65346],
							"lerp_mode": "catmullrom"
						},
						"2.2917": {
							"post": [43.73958, -3.1093, 65.43319],
							"lerp_mode": "catmullrom"
						},
						"2.7083": {
							"post": [-46.26042, -3.1093, 65.43319],
							"lerp_mode": "catmullrom"
						},
						"3.2083": {
							"post": [-10, 0, 22.5],
							"lerp_mode": "catmullrom"
						}
					}
				},
				"wing7": {
					"rotation": {
						"0.0": {
							"post": [0, 0, -10],
							"lerp_mode": "catmullrom"
						},
						"0.2083": {
							"post": [0, 0, -20],
							"lerp_mode": "catmullrom"
						},
						"0.7917": {
							"post": [0, 0, 2.5],
							"lerp_mode": "catmullrom"
						},
						"0.9583": {
							"post": [-14.81152, 0, 2.51064],
							"lerp_mode": "catmullrom"
						},
						"1.0833": {
							"post": [-30.85219, -0.36678, 3.15824],
							"lerp_mode": "catmullrom"
						},
						"1.2083": {
							"post": [27.68848, 0, 2.51064],
							"lerp_mode": "catmullrom"
						},
						"1.4167": {
							"post": [28.66372, 9.90317, -14.95331],
							"lerp_mode": "catmullrom"
						},
						"1.75": {
							"post": [23.66372, 9.90317, -14.95331],
							"lerp_mode": "catmullrom"
						},
						"2.0": {
							"post": [-6.6679, 9.90317, -14.95331],
							"lerp_mode": "catmullrom"
						},
						"2.25": {
							"post": [30.3078, 10.74563, -5.87247],
							"lerp_mode": "catmullrom"
						},
						"2.4583": {
							"post": [32.8078, 10.74563, -5.87247],
							"lerp_mode": "catmullrom"
						},
						"2.75": {
							"post": [-12.1922, 10.74563, -5.87247],
							"lerp_mode": "catmullrom"
						},
						"3.0833": {
							"post": [-13.47185, 9.07756, -13.29585],
							"lerp_mode": "catmullrom"
						},
						"3.5833": {
							"post": [0, 0, -10],
							"lerp_mode": "catmullrom"
						}
					}
				},
				"wing8": {
					"rotation": {
						"0.0": {
							"post": [0, 0, -15],
							"lerp_mode": "catmullrom"
						},
						"0.25": {
							"post": [0, 0, -17.5],
							"lerp_mode": "catmullrom"
						},
						"0.4583": {
							"post": [0, 0, -2.5],
							"lerp_mode": "catmullrom"
						},
						"0.9167": {
							"post": [0, 0, 5],
							"lerp_mode": "catmullrom"
						},
						"1.1667": {
							"post": [24.37691, 0, 5.01387],
							"lerp_mode": "catmullrom"
						},
						"1.5": {
							"post": [36.93732, 0, 5.01388],
							"lerp_mode": "catmullrom"
						},
						"1.7083": {
							"post": [39.43732, 0, 5.01388],
							"lerp_mode": "catmullrom"
						},
						"2.0": {
							"post": [-29.38771, -8.7952, -10.17552],
							"lerp_mode": "catmullrom"
						},
						"2.25": {
							"post": [-31.88771, -8.7952, -10.17552],
							"lerp_mode": "catmullrom"
						},
						"2.4583": {
							"post": [67.85887, -18.04677, -6.62077],
							"lerp_mode": "catmullrom"
						},
						"2.8333": {
							"post": [-3.923, -6.33459, -8.25976],
							"lerp_mode": "catmullrom"
						},
						"3.6667": {
							"post": [0, 0, -15],
							"lerp_mode": "catmullrom"
						}
					}
				},
				"wing9": {
					"rotation": {
						"0.0": {
							"post": [0, 0, -12.5],
							"lerp_mode": "catmullrom"
						},
						"0.2083": {
							"post": [0, 0, -20],
							"lerp_mode": "catmullrom"
						},
						"0.375": {
							"post": [0, 0, 2.5],
							"lerp_mode": "catmullrom"
						},
						"0.75": {
							"post": [0, 0, 7.5],
							"lerp_mode": "catmullrom"
						},
						"1.2083": {
							"post": [-20, 0, 7.5],
							"lerp_mode": "catmullrom"
						},
						"1.2917": {
							"post": [9.29211, 0, 7.5],
							"lerp_mode": "catmullrom"
						},
						"1.5833": {
							"post": [19.16814, 0, 7.5],
							"lerp_mode": "catmullrom"
						},
						"1.9167": {
							"post": [24.15748, 0, 7.5],
							"lerp_mode": "catmullrom"
						},
						"2.0833": {
							"post": [-19.68487, -6.9897, -11.28588],
							"lerp_mode": "catmullrom"
						},
						"2.5833": {
							"post": [58.20919, -4.96948, 8.72287],
							"lerp_mode": "catmullrom"
						},
						"3.4583": {
							"post": [-30.66543, -4.96917, 8.72598],
							"lerp_mode": "catmullrom"
						},
						"3.8333": {
							"post": [0, 0, -12.5],
							"lerp_mode": "catmullrom"
						}
					}
				},
				"wing10": {
					"rotation": {
						"0.0": {
							"post": [0, 0, -35],
							"lerp_mode": "catmullrom"
						}
					}
				},
				"head": {
					"rotation": {
						"0.0": {
							"post": [-15, 0, 0],
							"lerp_mode": "catmullrom"
						},
						"0.4167": {
							"post": [-10, 0, 0],
							"lerp_mode": "catmullrom"
						},
						"0.75": {
							"post": [-7.5, 0, 0],
							"lerp_mode": "catmullrom"
						},
						"1.25": {
							"post": [15, 0, 0],
							"lerp_mode": "catmullrom"
						},
						"1.375": {
							"post": [-5, 0, 0],
							"lerp_mode": "catmullrom"
						},
						"1.75": {
							"post": [-18.90054, 2.81509, -5.25544],
							"lerp_mode": "catmullrom"
						},
						"2.0417": {
							"post": [-12.34511, 2.81744, -5.25983],
							"lerp_mode": "catmullrom"
						},
						"2.2083": {
							"post": [-1.68986, 2.81693, -5.25888],
							"lerp_mode": "catmullrom"
						},
						"2.375": {
							"post": [-27.88951, 2.8169, -5.25882],
							"lerp_mode": "catmullrom"
						},
						"2.5417": {
							"post": [-11.65604, 2.81693, -5.25888],
							"lerp_mode": "catmullrom"
						},
						"3.0": {
							"post": [-21.53579, 2.81693, -5.25888],
							"lerp_mode": "catmullrom"
						},
						"3.125": {
							"post": [-12.38513, 2.81693, -5.25888],
							"lerp_mode": "catmullrom"
						},
						"3.75": {
							"post": [-15, 0, 0],
							"lerp_mode": "catmullrom"
						}
					}
				},
				"jaw": {
					"rotation": {
						"0.0": [0, 0, 0],
						"0.5833": [7.5, 0, 0],
						"0.9167": [35, 0, 0],
						"1.2917": [0, 0, 0],
						"1.75": [-2.5, 0, 0],
						"2.1667": [57.5, 0, 0],
						"2.9583": [0, 0, 0]
					}
				},
				"iris": {
					"position": [0, 0, 0]
				},
				"iris2": {
					"position": [0, 0, 0]
				},
				"crest": {
					"rotation": [0, 0, 0]
				}
			}
		},
		"animation.xuehu_max.status": {
			"animation_length": 2,
			"bones": {
				"body": {
					"rotation": {
						"0.0": {
							"post": [0, 0, 0],
							"lerp_mode": "catmullrom"
						}
					},
					"position": {
						"0.0": {
							"post": [0, 0, 0],
							"lerp_mode": "catmullrom"
						}
					}
				},
				"leg": {
					"rotation": {
						"0.0": {
							"post": [-30, 0, 0],
							"lerp_mode": "catmullrom"
						}
					},
					"position": {
						"0.0": {
							"post": [0, -5, 0],
							"lerp_mode": "catmullrom"
						}
					}
				},
				"knee": {
					"rotation": {
						"0.0": {
							"post": [0, 0, 0],
							"lerp_mode": "catmullrom"
						}
					}
				},
				"foot": {
					"rotation": {
						"0.0": {
							"post": [30, 0, 0],
							"lerp_mode": "catmullrom"
						}
					}
				},
				"leg4": {
					"rotation": {
						"0.0": {
							"post": [42.5, 0, 0],
							"lerp_mode": "catmullrom"
						}
					},
					"position": {
						"0.0": {
							"post": [0, -3, 0],
							"lerp_mode": "catmullrom"
						}
					}
				},
				"knee4": {
					"rotation": {
						"0.0": {
							"post": [0, 0, 0],
							"lerp_mode": "catmullrom"
						}
					}
				},
				"foot4": {
					"rotation": {
						"0.0": {
							"post": [-35, 0, 0],
							"lerp_mode": "catmullrom"
						}
					}
				},
				"leg2": {
					"rotation": {
						"0.0": {
							"post": [45, 0, 0],
							"lerp_mode": "catmullrom"
						}
					},
					"position": {
						"0.0": {
							"post": [0, -5, 0],
							"lerp_mode": "catmullrom"
						}
					}
				},
				"knee2": {
					"rotation": {
						"0.0": {
							"post": [-47.5, 0, 0],
							"lerp_mode": "catmullrom"
						}
					}
				},
				"foot2": {
					"rotation": [0, 0, 0]
				},
				"leg3": {
					"rotation": {
						"0.0": {
							"post": [0, 0, 0],
							"lerp_mode": "catmullrom"
						}
					},
					"position": {
						"0.0": {
							"post": [0, 0, 0],
							"lerp_mode": "catmullrom"
						}
					}
				},
				"knee3": {
					"rotation": {
						"0.0": {
							"post": [0, 0, 0],
							"lerp_mode": "catmullrom"
						}
					}
				},
				"foot3": {
					"rotation": [0, 0, 0]
				},
				"torso": {
					"rotation": {
						"0.0": {
							"post": [12.5, 0, 0],
							"lerp_mode": "catmullrom"
						}
					},
					"position": {
						"0.0": {
							"post": [0, 0, 0],
							"lerp_mode": "catmullrom"
						}
					}
				},
				"tail": {
					"rotation": ["20-math.sin(query.anim_time*90*4)*5", "0-math.sin(query.anim_time*90*4-60)*5", 0]
				},
				"tail2": {
					"rotation": ["0-math.sin(query.anim_time*90*4-60)*10", "0-math.sin(query.anim_time*90*4-120)*10", 0]
				},
				"tail3": {
					"rotation": ["0-math.sin(query.anim_time*90*4-120)*20", "0-math.sin(query.anim_time*90*4-180)*20", 0]
				},
				"tail4": {
					"rotation": ["0-math.sin(query.anim_time*90*4-180)*30", "0-math.sin(query.anim_time*90*4-240)*30", 0]
				},
				"tail5": {
					"rotation": ["0-math.sin(query.anim_time*90*4-240)*35", "0-math.sin(query.anim_time*90*4-300)*35", 0]
				},
				"tail6": {
					"rotation": ["0-math.sin(query.anim_time*90*4-300)*40", "0-math.sin(query.anim_time*90*4-360)*40", 0]
				},
				"uppertorso": {
					"rotation": {
						"0.0": {
							"post": [0, 0, 0],
							"lerp_mode": "catmullrom"
						},
						"0.0833": {
							"post": [2.5, 0, 0],
							"lerp_mode": "catmullrom"
						},
						"0.5": {
							"post": [5, 0, 0],
							"lerp_mode": "catmullrom"
						},
						"0.5833": {
							"post": [2.5, 0, 0],
							"lerp_mode": "catmullrom"
						},
						"0.6667": {
							"post": [5, 0, 0],
							"lerp_mode": "catmullrom"
						},
						"0.75": {
							"post": [2.5, 0, 0],
							"lerp_mode": "catmullrom"
						},
						"0.8333": {
							"post": [5, 0, 0],
							"lerp_mode": "catmullrom"
						},
						"0.9167": {
							"post": [2.5, 0, 0],
							"lerp_mode": "catmullrom"
						},
						"1.0": {
							"post": [0, 0, 0],
							"lerp_mode": "catmullrom"
						},
						"1.125": {
							"post": [-15, 0, 0],
							"lerp_mode": "catmullrom"
						},
						"1.4167": {
							"post": [-17.5, 0, 0],
							"lerp_mode": "catmullrom"
						},
						"1.625": {
							"post": [2.5, 0, 0],
							"lerp_mode": "catmullrom"
						},
						"1.75": {
							"post": [0, 0, 0],
							"lerp_mode": "catmullrom"
						}
					}
				},
				"wing": {
					"rotation": {
						"0.0": {
							"post": [0, 0, -15],
							"lerp_mode": "catmullrom"
						},
						"0.4583": {
							"post": [0, 0, -30],
							"lerp_mode": "catmullrom"
						},
						"1.0": {
							"post": [0, 0, -32.5],
							"lerp_mode": "catmullrom"
						},
						"1.25": {
							"post": [0, 0, -2.5],
							"lerp_mode": "catmullrom"
						},
						"1.7917": {
							"post": [0, 0, -15],
							"lerp_mode": "catmullrom"
						}
					}
				},
				"wing2": {
					"rotation": {
						"0.0": {
							"post": [0, 0, 7.5],
							"lerp_mode": "catmullrom"
						},
						"0.5417": {
							"post": [0, 0, -15],
							"lerp_mode": "catmullrom"
						},
						"1.0": {
							"post": [0, 0, -17.5],
							"lerp_mode": "catmullrom"
						},
						"1.25": {
							"post": [0, 0, 17.5],
							"lerp_mode": "catmullrom"
						},
						"1.875": {
							"post": [0, 0, 7.5],
							"lerp_mode": "catmullrom"
						}
					}
				},
				"wing3": {
					"rotation": {
						"0.0": {
							"post": [0, 0, 12.5],
							"lerp_mode": "catmullrom"
						},
						"0.4583": {
							"post": [0, 0, -20],
							"lerp_mode": "catmullrom"
						},
						"1.0": {
							"post": [0, 0, -25],
							"lerp_mode": "catmullrom"
						},
						"1.4167": {
							"post": [0, 0, 15],
							"lerp_mode": "catmullrom"
						},
						"1.9167": {
							"post": [0, 0, 12.5],
							"lerp_mode": "catmullrom"
						}
					}
				},
				"wing4": {
					"rotation": {
						"0.0": {
							"post": [0, 0, 12.5],
							"lerp_mode": "catmullrom"
						},
						"0.7083": {
							"post": [0, 0, -25],
							"lerp_mode": "catmullrom"
						},
						"1.0": {
							"post": [0, 0, -30],
							"lerp_mode": "catmullrom"
						},
						"1.5833": {
							"post": [0, 0, 17.5],
							"lerp_mode": "catmullrom"
						},
						"2.0": {
							"post": [0, 0, 12.5],
							"lerp_mode": "catmullrom"
						}
					}
				},
				"wing5": {
					"rotation": {
						"0.0": {
							"post": [0, 0, 45],
							"lerp_mode": "catmullrom"
						}
					}
				},
				"wing6": {
					"rotation": {
						"0.0": {
							"post": [-10, 0, 22.5],
							"lerp_mode": "catmullrom"
						},
						"0.4583": {
							"post": [-9.6658, 2.57594, 37.28217],
							"lerp_mode": "catmullrom"
						},
						"1.0": {
							"post": [-9.54589, 2.99318, 39.75002],
							"lerp_mode": "catmullrom"
						},
						"1.25": {
							"post": [-9.54589, -2.99318, 5.24998],
							"lerp_mode": "catmullrom"
						},
						"1.75": {
							"post": [-10, 0, 22.5],
							"lerp_mode": "catmullrom"
						}
					}
				},
				"wing7": {
					"rotation": {
						"0.0": {
							"post": [0, 0, -10],
							"lerp_mode": "catmullrom"
						},
						"0.4583": {
							"post": [0, 0, 20],
							"lerp_mode": "catmullrom"
						},
						"1.0": {
							"post": [0, 0, 22.5],
							"lerp_mode": "catmullrom"
						},
						"1.25": {
							"post": [0, 0, -7.5],
							"lerp_mode": "catmullrom"
						},
						"1.8333": {
							"post": [0, 0, -10],
							"lerp_mode": "catmullrom"
						}
					}
				},
				"wing8": {
					"rotation": {
						"0.0": {
							"post": [0, 0, -15],
							"lerp_mode": "catmullrom"
						},
						"0.4583": {
							"post": [0, 0, 15],
							"lerp_mode": "catmullrom"
						},
						"1.0": {
							"post": [0, 0, 17.5],
							"lerp_mode": "catmullrom"
						},
						"1.4583": {
							"post": [0, 0, -20],
							"lerp_mode": "catmullrom"
						},
						"1.9167": {
							"post": [0, 0, -15],
							"lerp_mode": "catmullrom"
						}
					}
				},
				"wing9": {
					"rotation": {
						"0.0": {
							"post": [0, 0, -12.5],
							"lerp_mode": "catmullrom"
						},
						"0.4583": {
							"post": [0, 0, 20],
							"lerp_mode": "catmullrom"
						},
						"1.0": {
							"post": [0, 0, 22.5],
							"lerp_mode": "catmullrom"
						},
						"1.5417": {
							"post": [0, 0, -10],
							"lerp_mode": "catmullrom"
						},
						"2.0": {
							"post": [0, 0, -12.5],
							"lerp_mode": "catmullrom"
						}
					}
				},
				"wing10": {
					"rotation": {
						"0.0": {
							"post": [0, 0, -35],
							"lerp_mode": "catmullrom"
						}
					}
				},
				"head": {
					"rotation": {
						"0.0": {
							"post": [-15, 0, 0],
							"lerp_mode": "catmullrom"
						},
						"0.375": {
							"post": [-5, 0, 0],
							"lerp_mode": "catmullrom"
						},
						"0.9167": {
							"post": [7.5, 0, 0],
							"lerp_mode": "catmullrom"
						},
						"1.3333": {
							"post": [-32.5, 0, 0],
							"lerp_mode": "catmullrom"
						},
						"1.5417": {
							"post": [-35, 0, 0],
							"lerp_mode": "catmullrom"
						},
						"1.7083": {
							"post": [-5, 0, 0],
							"lerp_mode": "catmullrom"
						},
						"1.9167": {
							"post": [-15, 0, 0],
							"lerp_mode": "catmullrom"
						}
					}
				},
				"jaw": {
					"rotation": {
						"0.0": [0, 0, 0],
						"1.0417": [0, 0, 0],
						"1.25": [55, 0, 0],
						"1.625": [5, 0, 0],
						"2.0": [0, 0, 0]
					}
				},
				"eyes": {
					"position": {
						"0.0": [0, 0, 0],
						"0.2083": [0, 0, 1],
						"1.7083": [0, 0, 0]
					}
				},
				"iris": {
					"position": [0, 0, 0]
				},
				"iris2": {
					"position": [0, 0, 0]
				},
				"crest": {
					"rotation": {
						"0.0": [0, 0, 0],
						"1.1667": [0, 0, 0],
						"1.3333": [22.5, 0, 0],
						"1.7917": [0, 0, 0]
					}
				}
			}
		},
		"animation.xuehu_max.recoil": {
			"animation_length": 0.375,
			"bones": {
				"torso": {
					"rotation": {
						"0.0": [0, 0, 0],
						"0.0833": [-5, 0, 0],
						"0.2083": [0, 0, 0]
					}
				},
				"head": {
					"rotation": {
						"0.0": [0, 0, 0],
						"0.0833": [2.5, 0, 0],
						"0.2083": [-5, 0, 0],
						"0.2917": [5, 0, 0],
						"0.375": [0, 0, 0]
					}
				},
				"eyes": {
					"position": {
						"0.0": [0, 0, 0],
						"0.1667": [0, 0, 2],
						"0.375": [0, 0, 0]
					}
				}
			}
		},
		"animation.xuehu_max.blink": {
			"animation_length": 0.25,
			"bones": {
				"eyes": {
					"position": {
						"0.0": [0, 0, 0],
						"0.0417": [0, 0, 1],
						"0.2083": [0, 0, 1],
						"0.25": [0, 0, 0]
					}
				}
			}
		},
		"animation.xuehu_max.sleep": {
			"loop": true,
			"bones": {
				"body": {
					"position": [0, -16, 0]
				},
				"leg": {
					"rotation": [-25, 0, 0]
				},
				"knee": {
					"rotation": [-75, 0, 0]
				},
				"foot": {
					"rotation": [65, 0, 0]
				},
				"leg4": {
					"rotation": [95.51385, -24.89837, -2.3273]
				},
				"leg2": {
					"rotation": [-16.35045, -13.88812, -16.46866]
				},
				"knee2": {
					"rotation": [-65, 0, 0]
				},
				"leg3": {
					"rotation": [79.84892, -9.84655, 1.75378]
				},
				"torso": {
					"rotation": [0, -5, 0]
				},
				"tail2": {
					"rotation": [0, -15, 0]
				},
				"tail4": {
					"rotation": [0, -17.5, 0]
				},
				"tail5": {
					"rotation": [0, -12.5, 0]
				},
				"tail6": {
					"rotation": [0, -20, 0]
				},
				"wing": {
					"rotation": [0, 0, -20]
				},
				"wing2": {
					"rotation": [0, 0, -40]
				},
				"wing3": {
					"rotation": [0, 0, -22.5]
				},
				"wing4": {
					"rotation": [0, 0, -37.5]
				},
				"wing6": {
					"rotation": [0, 0, 20]
				},
				"wing7": {
					"rotation": [0, 0, 35]
				},
				"wing8": {
					"rotation": [0, 0, 32.5]
				},
				"wing9": {
					"rotation": [0, 0, 45]
				},
				"eyes": {
					"position": [0, 0, 3]
				}
			}
		}
	}
}