{
  "implemented": true,
  "name": "charcadet_isha",
  "nationalPokedexNumber": 935,
  "primaryType": "steel",
  "abilities": [
    "unburden",
    "h:clearbody"
  ],
  "drops": {
    "amount": 4,
    "entries": [
      {
        "item": "minecraft:copper_ingot",
        "quantityRange": "0-2"
      }
    ]
  },
  "baseStats": {
    "hp": 40,
    "attack": 50,
    "defence": 40,
    "special_attack": 50,
    "special_defence": 40,
    "speed": 35
  },
  "behaviour": {
    "resting": {
      "canSleep": true,
      "willSleepOnBed": true,
      "depth": "normal",
      "light": "0-4"
    },
    "moving": {
      "walk": {
        "walkSpeed": 0.25
      }
    }
  },
  "shoulderMountable": true,
  "catchRate": 90,
  "maleRatio": 0,
  "shoulderMountable": true,
  "baseExperienceYield": 51,
  "baseFriendship": 50,
  "evYield": {
    "hp": 0,
    "attack": 0,
    "defence": 0,
    "special_attack": 1,
    "special_defence": 0,
    "speed": 0
  },
  "experienceGroup": "slow",
  "eggCycles": 35,
  "eggGroups": [
    "human_like"
  ],
  "moves": [
    "1:astonish",
    "1:automize",
    "1:leer",
    "8:endure",
    "12:helpinghand",
    "16:rest",
    "20:nightshade",
    "24:takedown",
    "28:slam"
  ],
  "labels": [
    "gen9"
  ],
  "aspects": [],
  "height": 6,
  "weight": 105,
  "evolutions": [
    {
      "id": "charcadet_shimmerjinx_2",
      "variant": "item_interact",
      "result": "shimmerjinx_2",
      "consumeHeldItem": true,
      "learnableMoves": [
      ],
      "requirements": [],
      "requiredContext": "cobblemon:poison_barb"
    }
  ],
  "baseScale": 0.55,
  "hitbox": {
    "width": 0.6,
    "height": 1.3,
    "fixed": false
  },
  "cannotDynamax": false,
  "pokedex": [
    "cobblemon.species.charcadet.desc"
  ]
}
