{
  "implemented": true,
  "name": "shimmerjinx",
  "nationalPokedexNumber": 937,
  "primaryType": "poison",
  "secondaryType": "steel",
  "abilities": [
    "speedboost",
    "h:infiltrator"
  ],
  "drops": {
    "amount": 5,
    "entries": [
      {
        "item": "minecraft:diamond",
        "quantityRange": "0-2"
      }
    ]
  },
  "baseStats": {
    "hp": 105,
    "attack": 125,
    "defence": 80,
    "special_attack": 90,
    "special_defence": 80,
    "speed": 145
  },
  "behaviour": {
    "resting": {
      "canSleep": true,
      "willSleepOnBed": false,
      "depth": "normal",
      "light": "0-4"
    }
  },
  "catchRate": 25,
  "maleRatio": 0,
  "baseExperienceYield": 263,
  "baseScale": 0.85,
  "hitbox": {
    "width": 0.8,
    "height": 2.1,
    "fixed": false
  },
  "baseFriendship": 20,
  "evYield": {
    "hp": 0,
    "attack": 2,
    "defence": 0,
    "special_attack": 0,
    "special_defence": 0,
    "speed": 0
  },
  "experienceGroup": "slow",
  "eggCycles": 35,
  "eggGroups": [
    "human_like"
  ],
  "moves": [
    "1:detect",
    "1:quickattack",
    "1:swift",
    "1:pyroball",
    "1:energyball",
    "1:pinneedle",
    "1:electroball",
    "12:shadowball",
    "14:sludgebomb",
    "16:iceball",
    "21:gunkshot",
    "26:acidspray",
    "28:octazooka",
    "55:zapcannon",
    "19:toxic",
    "34:revenge",
    "23:hex",
    "25:extremespeed",
    "30:detect",
    "41:focusblast"
  ],
  "labels": [
    "gen9"
  ],
  "aspects": [],
  "height": 16,
  "weight": 620,
  "preEvolution": "charcadet_lol",
  "evolutions": [],
  "cannotDynamax": false,
  "pokedex": [
    "cobblemon.species.ceruledge.desc"
  ]
}
