{
  "implemented": true,
  "name": "viforcer",
  "nationalPokedexNumber": 936,
  "primaryType": "fighting",
  "secondaryType": "steel",
  "abilities": [
    "lightmetal",
    "h:clearbody"
  ],
  "drops": {
    "amount": 5,
    "entries": [
      {
        "item": "minecraft:diamond",
        "quantityRange": "0-1"
      }
    ]
  },
  "baseStats": {
    "hp": 105,
    "attack": 120,
    "defence": 100,
    "special_attack": 135,
    "special_defence": 80,
    "speed": 85
  },
  "behaviour": {
    "resting": {
      "canSleep": true,
      "willSleepOnBed": false,
      "depth": "normal",
      "light": "0-4"
    },
    "moving": {
      "walk": {
        "walkSpeed": 0.23
      }
    }
  },
  "catchRate": 25,
  "maleRatio": 0,
  "baseExperienceYield": 263,
  "baseFriendship": 20,
  "baseScale": 0.9,
  "hitbox": {
    "width": 0.9,
    "height": 2.1,
    "fixed": false
  },
  "evYield": {
    "hp": 0,
    "attack": 0,
    "defence": 0,
    "special_attack": 2,
    "special_defence": 0,
    "speed": 0
  },
  "experienceGroup": "slow",
  "eggCycles": 35,
  "eggGroups": [
    "human_like"
  ],
  "moves": [
    "1:firepunch",
    "1:machpunch",
    "1:thunderpunch",
    "1:icepunch",
    "1:bulletpunch",
    "1:cometpunch",
    "10:dynamicpunch",
    "12:poweruppunch",
    "14:focuspunch",
    "16:skyuppercut",
    "25:megapunch",
    "35:hammerarm",
    "55:wickedblow",
    "19:matblock",
    "21:revenge",
    "23:reversal",
    "25:rocksmash",
    "30:detect",
    "41:closecombat"
  ],
  "labels": [
    "gen9"
  ],
  "aspects": [],
  "height": 15,
  "weight": 850,
  "preEvolution": "charcadet_lol",
  "evolutions": [],
  "cannotDynamax": false,
  "pokedex": [
    "cobblemon.species.armarouge.desc"
  ]
}
