{
  "implemented": true,
  "name": "zoroark_warwick",
  "nationalPokedexNumber": 571,
  "primaryType": "poison",
  "secondaryType": "dark",
  "abilities": [
    "intimidate"
  ],
  "drops": {
    "amount": 5,
    "entries": [
    ]
  },
  "baseStats": {
    "hp": 110,
    "attack": 102,
    "defence": 102,
    "special_attack": 102,
    "special_defence": 90,
    "speed": 124
  },
  "catchRate": 45,
  "maleRatio": 0.875,
  "shoulderMountable": false,
  "baseExperienceYield": 179,
  "experienceGroup": "medium_slow",
  "eggCycles": 20,
  "eggGroups": [
    "field"
  ],
  "moves": [
    "1:honeclaws",
    "1:leer",
    "1:nightslash",
    "1:pursuit",
    "1:scratch",
    "1:torment",
    "1:uturn",
    "12:furyswipes",
    "16:scaryface",
    "17:feintattack",
    "20:taunt",
    "24:knockoff",
    "28:faketears",
    "34:agility",
    "40:imprison",
    "44:embargo",
    "46:nightdaze",
    "49:punishment",
    "52:nastyplot",
    "58:foulplay",
    "1:harden",
    "1:poisonfang",
    "1:poisonsting",
    "1:poisontail",
    "25:armthrust",
    "40:aurasphere",
    "41:revenge",
    "53:seismictoss",
    "32:direclaw",
    "35:venoshock",
    "38:poisonjab",
    "55:noxioustorque",
    "tm:aerialace",
    "tm:agility",
    "tm:assurance",
    "tm:attract",
    "tm:bodyslam",
    "tm:bounce",
    "tm:brickbreak",
    "tm:burningjealousy",
    "tm:calmmind",
    "tm:confide",
    "tm:confuseray",
    "tm:crunch",
    "tm:cut",
    "tm:darkpulse",
    "tm:dig",
    "tm:doubleteam",
    "tm:embargo",
    "tm:encore",
    "tm:endure",
    "tm:facade",
    "tm:faketears",
    "tm:flamethrower",
    "tm:fling",
    "tm:focusblast",
    "tm:foulplay",
    "tm:frustration",
    "tm:gigaimpact",
    "tm:grassknot",
    "tm:helpinghand",
    "tm:hex",
    "tm:hiddenpower",
    "tm:honeclaws",
    "tm:hyperbeam",
    "tm:hypervoice",
    "tm:imprison",
    "tm:incinerate",
    "tm:knockoff",
    "tm:lashout",
    "tm:lowkick",
    "tm:lowsweep",
    "tm:megakick",
    "tm:megapunch",
    "tm:nastyplot",
    "tm:nightshade",
    "tm:painsplit",
    "tm:payback",
    "tm:protect",
    "tm:psychic",
    "tm:psychup",
    "tm:raindance",
    "tm:rest",
    "tm:retaliate",
    "tm:return",
    "tm:revenge",
    "tm:roar",
    "tm:rocksmash",
    "tm:round",
    "tm:scaryface",
    "tm:secretpower",
    "tm:shadowball",
    "tm:shadowclaw",
    "tm:skittersmack",
    "tm:sleeptalk",
    "tm:sludgebomb",
    "tm:snarl",
    "tm:snore",
    "tm:spite",
    "tm:substitute",
    "tm:sunnyday",
    "tm:swagger",
    "tm:swift",
    "tm:swordsdance",
    "tm:takedown",
    "tm:taunt",
    "tm:terablast",
    "tm:thief",
    "tm:throatchop",
    "tm:torment",
    "tm:toxic",
    "tm:trick",
    "tm:uproar",
    "tm:uturn",
    "tutor:agility",
    "tutor:bounce",
    "tutor:burningjealousy",
    "tutor:covet",
    "tutor:darkpulse",
    "tutor:embargo",
    "tutor:flamethrower",
    "tutor:foulplay",
    "tutor:furyswipes",
    "tutor:hypervoice",
    "tutor:knockoff",
    "tutor:laserfocus",
    "tutor:lashout",
    "tutor:lowkick",
    "tutor:nastyplot",
    "tutor:punishment",
    "tutor:scaryface",
    "tutor:skittersmack",
    "tutor:sleeptalk",
    "tutor:sludgebomb",
    "tutor:snarl",
    "tutor:snatch",
    "tutor:snore",
    "tutor:spite",
    "tutor:suckerpunch",
    "tutor:throatchop",
    "tutor:trick",
    "tutor:uproar"
  ],
  "labels": [
    "gen5",
    "unova_regional"
  ],
  "pokedex": [
    "cobblemon.species.zoroark.desc"
  ],
  "preEvolution": "zoroark",
  "evolutions": [],
  "baseScale": 0.85,
  "hitbox": {
    "width": 1.3,
    "height": 2.9,
    "fixed": false
  },
  "baseFriendship": 50,
  "evYield": {
    "hp": 0,
    "attack": 0,
    "defence": 0,
    "special_attack": 2,
    "special_defence": 0,
    "speed": 0
  },
  "height": 16,
  "weight": 811,
  "aspects": [],
  "cannotDynamax": false
}
