{
    "music_disc.thecruelangelsthesis": {
        "sounds": [
            {
                "name": "tokyo_two_music:records/thecruelangelsthesis",
                "stream": true
            }
        ]
    },
    "music_disc.angelattack": {
        "sounds": [
            {
                "name": "tokyo_two_music:records/angelattack",
                "stream": true
            }
        ]
    },
    "music_disc.hallelujah": {
        "sounds": [
            {
                "name": "tokyo_two_music:records/hallelujah",
                "stream": true
            }
        ]
    },
    "music_disc.reiiii": {
        "sounds": [
            {
                "name": "tokyo_two_music:records/reiiii",
                "stream": true
            }
        ]
    },
    "music_disc.kommsussertod": {
        "sounds": [
            {
                "name": "tokyo_two_music:records/kommsussertod",
                "stream": true
            }
        ]
    },
    "music_disc.flymetothemoon": {
        "sounds": [
            {
                "name": "tokyo_two_music:records/flymetothemoon",
                "stream": true
            }
        ]
    }
}