{
	"format_version": "1.12.0",
	"minecraft:geometry": [
		{
			"description": {
				"identifier": "geometry.coharto",
				"texture_width": 128,
				"texture_height": 128,
				"visible_bounds_width": 4,
				"visible_bounds_height": 3.5,
				"visible_bounds_offset": [0, 1.25, 0]
			},
			"bones": [
				{
					"name": "coharto",
					"pivot": [0, 0, 0]
				},
				{
					"name": "head",
					"parent": "coharto",
					"pivot": [0, 20, -7],
					"rotation": [32.5, 0, 0],
					"cubes": [
						{"origin": [-4, 18, -16], "size": [8, 7, 9], "uv": [0, 0]},
						{"origin": [0, 25, -15], "size": [0, 14, 8], "uv": [14, 46]}
					]
				},
				{
					"name": "bone",
					"parent": "coharto",
					"pivot": [0, -3, 0],
					"cubes": [
						{"origin": [-3.5, 18, -11], "size": [7, 5, 12], "pivot": [0, 20.5, -9], "rotation": [-37.5, 0, 0], "uv": [38, 3]},
						{"origin": [-3.49, 25, -5], "size": [7, 5, 12], "pivot": [0, 20.5, -9], "rotation": [-90, 0, 0], "uv": [38, 3]},
						{"origin": [-3.5, -0.5, -4.5], "size": [7, 5, 15], "uv": [72, 13]}
					]
				},
				{
					"name": "tail",
					"parent": "bone",
					"pivot": [0.06667, 0.87552, 9.03637],
					"cubes": [
						{"origin": [-3, 0.5, 8.5], "size": [6, 5, 13], "pivot": [0, 2, 10.5], "rotation": [40, 0, 0], "uv": [17, 25]},
						{"origin": [-2.9, 5.51395, 16], "size": [6, 5, 13], "pivot": [0, 10, 18.5], "rotation": [130, 0, 0], "uv": [17, 25]},
						{"origin": [-2.9, 5, 29], "size": [6, 6, 6], "pivot": [0, 10, 18.5], "rotation": [130, 0, 0], "uv": [66, 44]}
					]
				},
				{
					"name": "arm",
					"parent": "coharto",
					"pivot": [4, 6, -2],
					"cubes": [
						{"origin": [3, 6, -4], "size": [3, 4, 4], "uv": [41, 64]},
						{"origin": [6, 0, -4], "size": [4, 10, 4], "uv": [66, 77]}
					]
				},
				{
					"name": "arm2",
					"parent": "coharto",
					"pivot": [-4, 6, -2],
					"cubes": [
						{"origin": [-10, 0, -4], "size": [4, 10, 4], "uv": [66, 77], "mirror": true},
						{"origin": [-6, 6, -4], "size": [3, 4, 4], "uv": [41, 64], "mirror": true}
					]
				}
			]
		}
	]
}