{
	"format_version": "1.12.0",
	"minecraft:geometry": [
		{
			"description": {
				"identifier": "geometry.tigriff",
				"texture_width": 64,
				"texture_height": 64,
				"visible_bounds_width": 3,
				"visible_bounds_height": 2.5,
				"visible_bounds_offset": [0, 0.75, 0]
			},
			"bones": [
				{
					"name": "tigriff",
					"pivot": [0, 0, 0]
				},
				{
					"name": "body",
					"parent": "tigriff",
					"pivot": [0, 6, 0]
				},
				{
					"name": "hind_leg_left",
					"parent": "body",
					"pivot": [-2.25, 6.25, 2],
					"cubes": [
						{"origin": [-3.25, 4.25, 1], "size": [2, 4, 3], "inflate": 0.01, "pivot": [-2.25, 6.25, 2], "rotation": [7.5, 0, 0], "uv": [33, 31]}
					]
				},
				{
					"name": "lower_hind_leg_left",
					"parent": "hind_leg_left",
					"pivot": [-2.25, 4.5, 3],
					"cubes": [
						{"origin": [-3.25, 0.75, 1.75], "size": [2, 4, 2], "pivot": [-2.25, 2.75, 2.75], "rotation": [-12.5, 0, 0], "uv": [22, 34]}
					]
				},
				{
					"name": "foot_left",
					"parent": "lower_hind_leg_left",
					"pivot": [-2.25, 0, 2.25],
					"cubes": [
						{"origin": [-3.25, 0, 1.25], "size": [2, 2, 2], "inflate": 0.01, "uv": [0, 41]}
					]
				},
				{
					"name": "front_leg_left",
					"parent": "body",
					"pivot": [-2.25, 8, -3],
					"cubes": [
						{"origin": [-3.25, 4.25, -4.5], "size": [3, 4, 3], "uv": [0, 27]}
					]
				},
				{
					"name": "lower_front_leg_left",
					"parent": "front_leg_left",
					"pivot": [-1.65, 5, -3.05],
					"cubes": [
						{"origin": [-2.65, 1.25, -4.05], "size": [2, 3, 2], "uv": [36, 38]}
					]
				},
				{
					"name": "claw_left",
					"parent": "lower_front_leg_left",
					"pivot": [-1.6, 1.25, -2.7],
					"cubes": [
						{"origin": [-2.6, 0, -4.75], "size": [2, 2, 2], "inflate": 0.01, "uv": [41, 12]},
						{"origin": [-1.6, 0, -5.7], "size": [0, 1, 2], "uv": [5, 19]},
						{"origin": [-2.6, 0, -5.7], "size": [0, 1, 2], "pivot": [-2.6, 0, -4.7], "rotation": [0, 27.5, 0], "uv": [5, 18]},
						{"origin": [-0.6, 0, -5.7], "size": [0, 1, 2], "pivot": [-0.6, 0, -4.7], "rotation": [0, -27.5, 0], "uv": [5, 17]}
					]
				},
				{
					"name": "front_leg_right",
					"parent": "body",
					"pivot": [2.25, 8, -3],
					"cubes": [
						{"origin": [0.25, 4.25, -4.5], "size": [3, 4, 3], "uv": [12, 27]}
					]
				},
				{
					"name": "lower_front_leg_right",
					"parent": "front_leg_right",
					"pivot": [1.85, 5.25, -3.05],
					"cubes": [
						{"origin": [0.85, 1.25, -4.05], "size": [2, 3, 2], "uv": [8, 39]}
					]
				},
				{
					"name": "claw_right",
					"parent": "lower_front_leg_right",
					"pivot": [1.9, 1.25, -2.75],
					"cubes": [
						{"origin": [0.9, 0, -4.75], "size": [2, 2, 2], "inflate": 0.01, "uv": [41, 16]},
						{"origin": [1.9, 0, -5.7], "size": [0, 1, 2], "uv": [19, 20]},
						{"origin": [0.9, 0, -5.7], "size": [0, 1, 2], "pivot": [0.9, 0, -4.7], "rotation": [0, 27.5, 0], "uv": [0, 4]},
						{"origin": [2.9, 0, -5.7], "size": [0, 1, 2], "pivot": [2.9, 0, -4.7], "rotation": [0, -27.5, 0], "uv": [0, 3]}
					]
				},
				{
					"name": "hind_leg_right",
					"parent": "body",
					"pivot": [2.25, 6.25, 2],
					"cubes": [
						{"origin": [1.25, 4.25, 1], "size": [2, 4, 3], "inflate": 0.01, "pivot": [2.25, 6.25, 2], "rotation": [7.5, 0, 0], "uv": [0, 34]}
					]
				},
				{
					"name": "lower_hind_leg_right",
					"parent": "hind_leg_right",
					"pivot": [2.25, 4.5, 3],
					"cubes": [
						{"origin": [1.25, 0.75, 1.75], "size": [2, 4, 2], "pivot": [2.25, 2.75, 2.75], "rotation": [-12.5, 0, 0], "uv": [36, 20]}
					]
				},
				{
					"name": "foot_right",
					"parent": "lower_hind_leg_right",
					"pivot": [2.25, 0, 2.25],
					"cubes": [
						{"origin": [1.25, 0, 1.25], "size": [2, 2, 2], "inflate": 0.01, "uv": [42, 36]}
					]
				},
				{
					"name": "torso",
					"parent": "body",
					"pivot": [0, 10, -3],
					"cubes": [
						{"origin": [-1.5, 6.25, -5], "size": [3, 1, 0], "inflate": 0.01, "uv": [21, 6]},
						{"origin": [-2.5, 4.75, -5], "size": [5, 4, 9], "uv": [0, 14]}
					]
				},
				{
					"name": "neck",
					"parent": "torso",
					"pivot": [0, 9.75, -3],
					"cubes": [
						{"origin": [-2, 8.75, -5], "size": [4, 3, 4], "uv": [24, 23]}
					]
				},
				{
					"name": "head",
					"parent": "neck",
					"pivot": [0, 10, -3],
					"cubes": [
						{"origin": [-3.5, 10, -7], "size": [7, 7, 7], "uv": [0, 0]},
						{"origin": [0, 14, -2], "size": [0, 5, 4], "pivot": [-1, 16, 0], "rotation": [7.5, 0, 0], "uv": [0, 10]},
						{"origin": [-1.5, 13, -7], "size": [3, 4, 0], "inflate": 0.01, "uv": [24, 43]}
					]
				},
				{
					"name": "upper_beak",
					"parent": "head",
					"pivot": [0.5, 11, -8],
					"rotation": [7.5, 0, 0],
					"cubes": [
						{"origin": [-1.5, 11, -9], "size": [3, 2, 3], "inflate": 0.01, "uv": [10, 34]},
						{"origin": [-0.5, 10.5, -9], "size": [1, 1, 0], "uv": [25, 22]}
					]
				},
				{
					"name": "lower_beak",
					"parent": "upper_beak",
					"pivot": [0, 10.7, -7],
					"cubes": [
						{"origin": [-1, 10.13901, -8.43046], "size": [2, 1, 2], "pivot": [0, 10.7, -7], "rotation": [-5, 0, 0], "uv": [40, 31]}
					]
				},
				{
					"name": "head_feather_right",
					"parent": "head",
					"pivot": [3.5, 11.75, -2.85],
					"cubes": [
						{"origin": [3.20711, 10, -2.89289], "size": [4, 5, 0], "pivot": [3.5, 11.5, -2.6], "rotation": [0, -45, 0], "uv": [40, 26]}
					]
				},
				{
					"name": "head_feather_left",
					"parent": "head",
					"pivot": [-3.5, 11.75, -2.85],
					"cubes": [
						{"origin": [-6, 10, -1.1], "size": [4, 5, 0], "pivot": [-5, 10, -0.1], "rotation": [0, 45, 0], "uv": [16, 40]}
					]
				},
				{
					"name": "feather_top",
					"parent": "head",
					"pivot": [0, 17, -7],
					"cubes": [
						{"origin": [-1.5, 17.45, -6.9], "size": [3, 5, 0], "inflate": 0.01, "pivot": [-0.5, 17.5, -7.9], "rotation": [-27, 0, 0], "uv": [0, 0]}
					]
				},
				{
					"name": "eye_lid_left",
					"parent": "head",
					"pivot": [-2.4, 12, -5.75],
					"cubes": [
						{"origin": [-3.4, 12, -6.9], "size": [2, 3, 2], "inflate": 0.01, "uv": [28, 38]}
					]
				},
				{
					"name": "eye_lid_right",
					"parent": "head",
					"pivot": [2.4, 12, -5.9],
					"cubes": [
						{"origin": [1.4, 12, -6.9], "size": [2, 3, 2], "inflate": 0.01, "uv": [37, 0]}
					]
				},
				{
					"name": "eye_left",
					"parent": "head",
					"pivot": [-2.5, 12, -6],
					"cubes": [
						{"origin": [-3.5, 12, -7], "size": [2, 3, 1], "inflate": 0.01, "uv": [30, 43]},
						{"origin": [-3.25, 13.75, -7], "size": [1, 1, 0], "inflate": 0.03, "uv": [0, 21]}
					]
				},
				{
					"name": "iris_left",
					"parent": "eye_left",
					"pivot": [-3, 12.5, -6],
					"cubes": [
						{"origin": [-3, 12.5, -7], "size": [1, 2, 0], "inflate": 0.02, "uv": [4, 5]}
					]
				},
				{
					"name": "eye_right",
					"parent": "head",
					"pivot": [2.5, 12, -6],
					"cubes": [
						{"origin": [1.5, 12, -7], "size": [2, 3, 1], "inflate": 0.01, "uv": [36, 43]},
						{"origin": [1.75, 13.75, -7], "size": [1, 1, 0], "inflate": 0.03, "uv": [23, 22]}
					]
				},
				{
					"name": "iris_right",
					"parent": "eye_right",
					"pivot": [2, 12.5, -6],
					"cubes": [
						{"origin": [2, 12.5, -7], "size": [1, 2, 0], "inflate": 0.02, "uv": [0, 19]}
					]
				},
				{
					"name": "wing_right",
					"parent": "torso",
					"pivot": [2, 8.75, 0.5],
					"cubes": [
						{"origin": [2, 8.75, -1.5], "size": [8, 0, 3], "inflate": 0.01, "uv": [18, 3]}
					]
				},
				{
					"name": "lower_wing_right",
					"parent": "wing_right",
					"pivot": [6, 8.75, 1.5],
					"cubes": [
						{"origin": [2, 8.75, 1.5], "size": [8, 0, 2], "inflate": 0.01, "uv": [17, 20]}
					]
				},
				{
					"name": "wing_left",
					"parent": "torso",
					"pivot": [-2.25, 8.75, 0.5],
					"cubes": [
						{"origin": [-10.25, 8.75, -1.5], "size": [8, 0, 3], "inflate": 0.01, "uv": [18, 0]}
					]
				},
				{
					"name": "lower_wing_left",
					"parent": "wing_left",
					"pivot": [-6.25, 8.75, 1.5],
					"cubes": [
						{"origin": [-10.25, 8.75, 1.5], "size": [8, 0, 2], "inflate": 0.01, "uv": [26, 6]}
					]
				},
				{
					"name": "tail",
					"parent": "torso",
					"pivot": [0, 8.25, 3.5],
					"cubes": [
						{"origin": [-0.5, 7.75, 3.5], "size": [1, 1, 3], "inflate": 0.01, "uv": [40, 8]}
					]
				},
				{
					"name": "tail2",
					"parent": "tail",
					"pivot": [0, 8.25, 6.5],
					"cubes": [
						{"origin": [-0.5, 7.75, 6.5], "size": [1, 1, 3], "uv": [0, 19]}
					]
				},
				{
					"name": "tail3",
					"parent": "tail2",
					"pivot": [0, 8.25, 9.5],
					"cubes": [
						{"origin": [-0.5, 7.75, 9.5], "size": [1, 1, 2], "uv": [9, 27]},
						{"origin": [-2.5, 8.25, 9.5], "size": [5, 0, 6], "uv": [13, 14]}
					]
				},
				{
					"name": "collar",
					"parent": "torso",
					"pivot": [-0.5, 9.5, -5],
					"cubes": [
						{"origin": [-1.5, 9.5, -8], "size": [3, 0, 4], "inflate": 0.01, "pivot": [-0.5, 9.5, -5], "rotation": [22.5, 0, 0], "uv": [31, 16]},
						{"origin": [0.75, 9.5, -8], "size": [3, 0, 4], "pivot": [1.75, 9.5, -5], "rotation": [22.5, -45, 0], "uv": [30, 8]},
						{"origin": [0.54289, 9.5, -2.87868], "size": [3, 0, 4], "pivot": [2.25, 9.5, -2], "rotation": [-22.5, 45, 0], "uv": [24, 8]},
						{"origin": [-3.5, 9.5, -7.25], "size": [3, 0, 4], "pivot": [-2.5, 9.5, -4.25], "rotation": [22.5, 45, 0], "uv": [25, 16]},
						{"origin": [-3.45711, 9.5, -2.62868], "size": [3, 0, 4], "pivot": [-1.75, 9.5, -1.75], "rotation": [-22.5, -45, 0], "uv": [25, 12]},
						{"origin": [-1.5, 9.5, -2.25], "size": [3, 0, 4], "pivot": [0, 9.5, -1.25], "rotation": [-14.5, 0, 0], "uv": [20, 30]},
						{"origin": [-3.75, 9.5, -5.5], "size": [3, 0, 4], "inflate": 0.01, "pivot": [-2.75, 9.5, -2.5], "rotation": [0, 90, -22.5], "uv": [31, 12]},
						{"origin": [2, 9.5, -3.5], "size": [3, 0, 4], "inflate": 0.01, "pivot": [3, 9.5, -2.5], "rotation": [0, 90, 22.5], "uv": [26, 30]}
					]
				}
			]
		}
	]
}