{
	"format_version": "1.8.0",
	"animations": {
		"animation.gauntdusk.ground_idle": {
			"loop": true,
			"animation_length": 4,
			"bones": {
				"body": {
					"rotation": {
						"0.0": [0, 0, 0],
						"2.0": [5, 0, 0],
						"4.0": [0, 0, 0]
					}
				},
				"lowertail": {
					"rotation": {
						"0.0": [0, -55, 0],
						"1.25": [0, -60, 0],
						"2.0": [0, -45, 0],
						"4.0": [0, -55, 0]
					}
				},
				"tailtip": {
					"rotation": {
						"0.0": [0, -40, 0],
						"1.25": [0, -55, 0],
						"3.0": [0, 20, 0],
						"4.0": [0, -40, 0]
					}
				},
				"lowerbody": {
					"rotation": [0, -10, 0]
				},
				"head": {
					"rotation": {
						"0.0": [10, 0, 0],
						"2.0": [7.5, 0, 0],
						"3.5": [19.38, 0, 0],
						"4.0": [10, 0, 0]
					}
				}
			}
		},
		"animation.gauntdusk.ground_walk": {
			"loop": true,
			"animation_length": 2,
			"bones": {
				"body": {
					"rotation": {
						"0.0": [20, 0, 0],
						"1.0": [30, 0, 0],
						"2.0": [20, 0, 0]
					}
				},
				"lowertail": {
					"rotation": {
						"0.0": [0, 20, 0],
						"0.5": [0, 40, 0],
						"1.5": [0, -28.33, 0],
						"2.0": [0, 20, 0]
					}
				},
				"tailtip": {
					"rotation": {
						"0.0": [0, -40, 0],
						"0.75": [0, 30, 0],
						"1.75": [0, -30, 0],
						"2.0": [0, -40, 0]
					}
				},
				"lowerbody": {
					"rotation": {
						"0.0": [0, 15, 0],
						"1.0": [0, -15, 0],
						"2.0": [0, 15, 0]
					}
				},
				"neck": {
					"rotation": {
						"0.0": [-17.5, 0, 0],
						"0.5": [-35, 0, 0],
						"0.7917": [-15, 0, 0],
						"2.0": [-17.5, 0, 0]
					}
				},
				"head": {
					"rotation": [20, 0, 0]
				}
			}
		},
		"animation.gauntdusk.faint": {
			"loop": true
		}
	}
}