{
	"format_version": "1.8.0",
	"animations": {
		"animation.carnitrap.ground_idle": {
			"loop": true,
			"animation_length": 2.52,
			"bones": {
				"bone2": {
					"rotation": {
						"0.0": [0, 0, 0],
						"1.2": [7.5, 0, 0],
						"2.52": [0, 0, 0]
					}
				},
				"head": {
					"rotation": {
						"0.0": [0, 0, 0],
						"1.2": [-7.5, 0, 0],
						"2.52": [0, 0, 0]
					}
				},
				"arm": {
					"rotation": {
						"0.0": [0, 0, 0],
						"1.2": [0, 0, 65],
						"2.52": [0, 0, 0]
					}
				},
				"arm2": {
					"rotation": {
						"0.0": [0, 0, 0],
						"1.2": [0, 0, -65],
						"2.52": [0, 0, 0]
					}
				}
			}
		},
		"animation.carnitrap.ground_walk": {
			"loop": true,
			"animation_length": 1,
			"bones": {
				"leg": {
					"rotation": {
						"0.0": [-22.5, 0, 0],
						"0.52": [22.5, 0, 0],
						"1.0": [-22.5, 0, 0]
					}
				},
				"leg2": {
					"rotation": {
						"0.0": [-22.5, 0, 0],
						"0.52": [22.5, 0, 0],
						"1.0": [-22.5, 0, 0]
					}
				},
				"leg3": {
					"rotation": {
						"0.0": [22.5, 0, 0],
						"0.52": [-22.5, 0, 0],
						"1.0": [22.5, 0, 0]
					}
				},
				"leg4": {
					"rotation": {
						"0.0": [22.5, 0, 0],
						"0.52": [-22.5, 0, 0],
						"1.0": [22.5, 0, 0]
					}
				},
				"bone2": {
					"rotation": {
						"0.0": [27.5, 0, 0],
						"0.52": [17.5, 0, 0],
						"1.0": [27.5, 0, 0]
					}
				},
				"head": {
					"rotation": {
						"0.0": [-27.5, 0, 0],
						"0.52": [-17.5, 0, 0],
						"1.0": [-27.5, 0, 0]
					}
				},
				"arm": {
					"rotation": {
						"0.0": [0, 0, 70],
						"0.52": [0, 0, 60],
						"1.0": [0, 0, 70]
					}
				},
				"arm2": {
					"rotation": {
						"0.0": [0, 0, -70],
						"0.52": [0, 0, -60],
						"1.0": [0, 0, -70]
					}
				}
			}
		}
	}
}