{
	"format_version": "1.12.0",
	"minecraft:geometry": [
		{
			"description": {
				"identifier": "geometry.rainish",
				"texture_width": 128,
				"texture_height": 128,
				"visible_bounds_width": 7,
				"visible_bounds_height": 2.5,
				"visible_bounds_offset": [0, 0.75, 0]
			},
			"bones": [
				{
					"name": "rainish",
					"pivot": [0, 0, 0]
				},
				{
					"name": "bone4",
					"parent": "rainish",
					"pivot": [0, 6, 0]
				},
				{
					"name": "head",
					"parent": "bone4",
					"pivot": [0, 11, -0.5],
					"cubes": [
						{"origin": [-5, 6, -15], "size": [10, 10, 15], "uv": [3, 4]},
						{"origin": [0, 16, -17], "size": [0, 6, 11], "uv": [71, 32]}
					]
				},
				{
					"name": "bone2",
					"parent": "head",
					"pivot": [5, 9, -10.5],
					"rotation": [0, 10, 0],
					"cubes": [
						{"origin": [5, 7, -11], "size": [0, 4, 7], "uv": [94, 28]}
					]
				},
				{
					"name": "bone3",
					"parent": "head",
					"pivot": [-5, 9, -10.5],
					"rotation": [0, -10, 0],
					"cubes": [
						{"origin": [-5, 7, -11], "size": [0, 4, 7], "uv": [94, 28], "mirror": true}
					]
				},
				{
					"name": "bone",
					"parent": "bone4",
					"pivot": [0, 11, 0],
					"cubes": [
						{"origin": [-2, 9, -1], "size": [4, 4, 8], "uv": [67, 14]},
						{"origin": [-9, 12, 6], "size": [20, 0, 24], "pivot": [0, 12, 16.5], "rotation": [0, 0, 90], "uv": [-10, 45]}
					]
				}
			]
		}
	]
}