{
	"format_version": "1.8.0",
	"animations": {
		"animation.pungirit.ground_idle": {
			"loop": true,
			"animation_length": 3.56,
			"bones": {
				"bone": {
					"rotation": {
						"0.0": [22.5, 0, 0],
						"1.52": [12.5, 0, 0],
						"2.52": [12.31594, 2.15393, -9.76758],
						"3.56": [22.5, 0, 0]
					},
					"position": {
						"0.0": [0, 7, 3],
						"1.52": [0, 6, 3],
						"3.56": [0, 7, 3]
					}
				},
				"head": {
					"rotation": {
						"0.0": [0, 0, 0],
						"1.52": [-5, 0, 0],
						"2.52": [-4.95744, -0.65182, -7.47178],
						"3.56": [0, 0, 0]
					},
					"position": {
						"0.0": [0, 7, 0],
						"1.52": [0, 7.8, 0],
						"2.52": [-1, 7.8, 0],
						"3.56": [0, 7, 0]
					}
				},
				"bone3": {
					"rotation": {
						"0.0": [0, 0, 0],
						"1.52": [5, 0, 0],
						"2.52": [4.95744, -0.65182, 7.47178],
						"3.56": [0, 0, 0]
					}
				},
				"bone2": {
					"rotation": {
						"0.0": [0, 0, 0],
						"1.52": [0, 0, -8.57],
						"2.52": [0, 0, -22.5],
						"3.56": [0, 0, 0]
					}
				},
				"bone4": {
					"rotation": {
						"0.0": [0, 0, 0],
						"1.52": [0, 0, 8.57],
						"2.52": [0, 0, 22.5],
						"3.56": [0, 0, 0]
					}
				},
				"bone5": {
					"rotation": {
						"0.0": [-42.5, 0, 0],
						"1.52": [-20, 0, 0],
						"3.56": [-42.5, 0, 0]
					}
				},
				"leg": {
					"rotation": {
						"0.0": [45, 0, 0],
						"1.52": [75, 0, 0],
						"2.52": [90, 0, 0],
						"3.56": [45, 0, 0]
					}
				},
				"leg2": {
					"rotation": {
						"0.0": [45, 0, 0],
						"1.52": [75, 0, 0],
						"2.52": [87.5, 0, 0],
						"3.56": [45, 0, 0]
					}
				},
				"leg3": {
					"rotation": {
						"0.0": [67.5, 0, 0],
						"1.52": [77.5, 0, 0],
						"2.52": [82.5, 0, 0],
						"3.56": [67.5, 0, 0]
					},
					"position": {
						"0.0": [0, 0, -1],
						"3.56": [0, 0, -1]
					}
				},
				"leg4": {
					"rotation": {
						"0.0": [67.5, 0, 0],
						"1.52": [77.5, 0, 0],
						"2.52": [82.5, 0, 0],
						"3.56": [67.5, 0, 0]
					},
					"position": {
						"0.0": [0, 0, -1],
						"3.56": [0, 0, -1]
					}
				}
			}
		},
		"animation.pungirit.ground_walk": {
			"loop": true,
			"animation_length": 1.08,
			"bones": {
				"bone": {
					"rotation": {
						"0.0": [22.5, 0, 0],
						"1.08": [22.5, 0, 0]
					},
					"position": {
						"0.0": [0, 7, 3],
						"0.52": [0, 6, 3],
						"1.08": [0, 7, 3]
					}
				},
				"head": {
					"rotation": {
						"0.0": [0, 0, 0],
						"1.08": [0, 0, 0]
					},
					"position": {
						"0.0": [0, 7, 0],
						"0.52": [0, 6, 0],
						"1.08": [0, 7, 0]
					}
				},
				"bone3": {
					"rotation": {
						"0.0": [0, 0, 0],
						"0.52": [-2.5, 0, 0],
						"1.08": [0, 0, 0]
					}
				},
				"bone2": {
					"rotation": {
						"0.0": [7.5, 0, 0],
						"0.52": [22.5, 0, 0],
						"1.08": [7.5, 0, 0]
					}
				},
				"bone4": {
					"rotation": {
						"0.0": [7.5, 0, 0],
						"0.52": [22.5, 0, 0],
						"1.08": [7.5, 0, 0]
					}
				},
				"bone5": {
					"rotation": {
						"0.0": [-25, 0, 0],
						"0.52": [-42.5, 0, 0],
						"1.08": [-25, 0, 0]
					}
				},
				"leg": {
					"rotation": {
						"0.0": [122.5, 0, 0],
						"0.52": [42.5, 0, 0],
						"1.08": [122.5, 0, 0]
					}
				},
				"leg2": {
					"rotation": {
						"0.0": [45, 0, 0],
						"0.52": [120, 0, 0],
						"1.08": [45, 0, 0]
					}
				},
				"leg3": {
					"rotation": {
						"0.0": [122.5, 0, 0],
						"0.52": [52.5, 0, 0],
						"1.08": [122.5, 0, 0]
					},
					"position": {
						"0.0": [0, 0, -1],
						"1.08": [0, 0, -1]
					}
				},
				"leg4": {
					"rotation": {
						"0.0": [67.5, 0, 0],
						"0.52": [122.5, 0, 0],
						"1.08": [67.5, 0, 0]
					},
					"position": {
						"0.0": [0, 0, -1],
						"1.08": [0, 0, -1]
					}
				}
			}
		}
	}
}