{
	"format_version": "1.8.0",
	"animations": {
		"animation.balelant.ground_idle": {
			"loop": true,
			"animation_length": 4.08,
			"bones": {
				"bone2": {
					"rotation": {
						"0.0": [0, 0, 0],
						"1.08": [5.019, -4.98093, 2.06312],
						"2.04": [0, 0, 0],
						"3.08": [5.019, 4.98093, -2.06312],
						"4.08": [0, 0, 0]
					}
				}
			}
		},
		"animation.balelant.ground_walk": {
			"loop": true,
			"animation_length": 0.96,
			"bones": {
				"bone2": {
					"rotation": {
						"0.0": [7.5, 0, 0],
						"0.24": [10.00186, -2.80485, 2.15234],
						"0.48": [7.5, 0, 0],
						"0.72": [9.89115, 2.9106, -2.13861],
						"0.96": [7.5, 0, 0]
					}
				},
				"leg": {
					"rotation": {
						"0.0": [0, 0, 0],
						"0.24": [22.5, 0, 0],
						"0.48": [0, 0, 0],
						"0.72": [-22.5, 0, 0],
						"0.96": [0, 0, 0]
					}
				},
				"leg2": {
					"rotation": {
						"0.0": [0, 0, 0],
						"0.24": [-22.5, 0, 0],
						"0.48": [0, 0, 0],
						"0.72": [22.5, 0, 0],
						"0.96": [0, 0, 0]
					}
				}
			}
		}
	}
}