{
  "implemented": true,
  "name": "deepole",
  "nationalPokedexNumber": 1930,
  "primaryType": "water",
  "abilities": [
    "torrent",
    "h:waterabsorb"
  ],
  "baseStats": {
    "hp": 50,
    "attack": 35,
    "defence": 50,
    "special_attack": 60,
    "special_defence": 50,
    "speed": 65
  },
  "behaviour": {
    "resting": {
      "canSleep": true,
      "depth": "normal",
      "light": "0-4",
      "willSleepOnBed": false,
      "times": "night"
    },
    "moving": {
      "canLook": false,
      "walk": {
        "canWalk": true,
        "avoidsLand": true
      },
      "swim": {
        "swimSpeed": 0.3,
        "canSwimInWater": true,
        "canBreatheUnderwater": true
      },
      "fly": {
        "canFly": false,
        "flySpeedHorizontal": 0.3
      },
      "wanderChance": 1
    }
  },
  "catchRate": 38,
  "maleRatio": 0.8,
  "shoulderMountable": true,
  "baseExperienceYield": 100,
  "experienceGroup": "medium_slow",
  "eggCycles": 25,
  "eggGroups": [
    "monster",
    "water_3"
  ],
  "drops": {
    "amount": 1,
    "entries": [
      {
        "item": "minecraft:slime_ball",
        "quantityRange": "1-2",
        "percentage": 50
      }
    ]
  },
  "moves": [
    "0:tackle",
    "0:tailwhip",
    "0:bubble",
    "5:nightshade",
    "13:bubblebeam",
    "8:bite",
    "10:screech",
    "20:waterpulse",
    "24:curse",
    "22:confuseray",
    "31:surf",
    "38:ancientpower",
    "40:scald",
    "tm:fireblast",
    "tm:detect",
    "tm:muddywater",
    "tm:amnesia",
    "tm:followme",
    "tm:darkpulse",
    "tm:crosspoison",
    "tm:watergun",
    "tm:waterfall",
    "tm:dive",
    "tm:earthpower"
  ],
  "labels": [
    "custom"
  ],
  "pokedex": [
    "cobblemon.species.deepole.desc1",
    "cobblemon.species.deepole.desc2"
  ],
  "baseScale": 0.8,
  "hitbox": {
    "width": 1,
    "height": 0.5,
    "fixed": false
  },
  "baseFriendship": 50,
  "evYield": {
    "hp": 0,
    "attack": 0,
    "defence": 0,
    "special_attack": 0,
    "special_defence": 0,
    "speed": 1
  },
  "height": 1,
  "weight": 10,
  "evolutions": [
    {
      "id": "deepole-deepeon-level_up",
      "variant": "level_up",
      "result": "deepeon",
      "consumeHeldItem": false,
      "learnableMoves": [
        "doublekick",
        "lowkick"
      ],
      "requirements": [
        {
          "variant": "level",
          "minLevel": 18
        }
      ],
      "requiredContext": ""
    }
  ]
}