{
  "implemented": true,
  "name": "deepeon",
  "nationalPokedexNumber": 1931,
  "primaryType": "water",
  "secondaryType": "ghost",
  "abilities": [
    "torrent",
    "h:waterabsorb"
  ],
  "baseStats": {
    "hp": 60,
    "attack": 44,
    "defence": 70,
    "special_attack": 86,
    "special_defence": 80,
    "speed": 70
  },
  "behaviour": {
    "resting": {
      "canSleep": true,
      "depth": "normal",
      "light": "0-4",
      "willSleepOnBed": false,
      "times": "night"
    },
    "moving": {
      "canLook": true,
      "walk": {
        "canWalk": true,
        "avoidsLand": true
      },
      "swim": {
        "swimSpeed": 0.3,
        "canSwimInWater": true,
        "canBreatheUnderwater": true
      },
      "fly": {
        "canFly": false,
        "flySpeedHorizontal": 0.3
      },
      "wanderChance": 1
    }
  },
  "catchRate": 25,
  "maleRatio": 0.8,
  "shoulderMountable": false,
  "baseExperienceYield": 100,
  "experienceGroup": "medium_slow",
  "eggCycles": 25,
  "eggGroups": [
    "monster",
    "water_3"
  ],
  "drops": {
    "amount": 1,
    "entries": [
      {
        "item": "minecraft:slime_ball",
        "quantityRange": "1-5",
        "percentage": 50
      },
      {
        "item": "minecraft:raw_gold",
        "quantityRange": "1-2",
        "percentage": 26
      }
    ]
  },
  "moves": [
    "0:tackle",
    "0:tailwhip",
    "0:bubble",
    "5:nightshade",
    "13:bubblebeam",
    "8:bite",
    "10:screech",
    "20:waterpulse",
    "24:curse",
    "22:confuseray",
    "31:surf",
    "38:ancientpower",
    "40:scald",
    "42:spiritshackle",
    "36:shadowball",
    "48:psyshock",
    "50:waterpledge",
    "tm:fireblast",
    "tm:detect",
    "tm:muddywater",
    "tm:amnesia",
    "tm:followme",
    "tm:darkpulse",
    "tm:crosspoison",
    "tm:watergun",
    "tm:waterfall",
    "tm:dive",
    "tm:earthpower"
  ],
  "labels": [
    "custom"
  ],
  "pokedex": [
    "cobblemon.species.deepeon.desc1",
    "cobblemon.species.deepeon.desc2"
  ],
  "baseScale": 1.8,
  "hitbox": {
    "width": 1,
    "height": 1.4,
    "fixed": false
  },
  "baseFriendship": 50,
  "evYield": {
    "hp": 0,
    "attack": 0,
    "defence": 0,
    "special_attack": 1,
    "special_defence": 1,
    "speed": 0
  },
  "height": 5,
  "weight": 120,
  "evolutions": [
    {
      "id": "deepeon-abyssoak-level_up",
      "variant": "level_up",
      "result": "abyssoak",
      "consumeHeldItem": false,
      "learnableMoves": [
        "nastyplot",
        "hex",
        "spore"
      ],
      "requirements": [
        {
          "variant": "level",
          "minLevel": 35
        }
      ],
      "requiredContext": ""
    }
  ]
}