{
  "implemented": true,
  "name": "gaunterror",
  "nationalPokedexNumber": 1929,
  "primaryType": "grass",
  "secondaryType": "dark",
  "abilities": [
    "overgrow",
    "h:protean"
  ],
  "baseStats": {
    "hp": 100,
    "attack": 125,
    "defence": 95,
    "special_attack": 60,
    "special_defence": 60,
    "speed": 100
  },
  "behaviour": {
    "resting": {
      "canSleep": true,
      "depth": "normal",
      "light": "4-15",
      "willSleepOnBed": false,
      "times": "day"
    },
    "moving": {
      "canLook": false,
      "walk": {
        "canWalk": true,
        "avoidsLand": false
      },
      "swim": {
        "swimSpeed": 0.3,
        "canSwimInWater": false,
        "canBreatheUnderwater": false
      },
      "fly": {
        "canFly": true,
        "flySpeedHorizontal": 0.3
      },
      "wanderChance": 1
    }
  },
  "catchRate": 18,
  "maleRatio": 0.8,
  "shoulderMountable": false,
  "baseExperienceYield": 100,
  "experienceGroup": "medium_slow",
  "eggCycles": 25,
  "eggGroups": [
    "grass",
    "monster"
  ],
  "drops": {
    "amount": 1,
    "entries": [
      {
        "item": "minecraft:rotten_flesh",
        "quantityRange": "1-2",
        "percentage": 50
      },
      {
        "item": "minecraft:vine",
        "quantityRange": "1-2",
        "percentage": 50
      }
    ]
  },
  "moves": [
    "0:tackle",
    "0:tailwhip",
    "0:leafage",
    "5:feintattack",
    "13:quickattack",
    "16:seedbomb",
    "21:sleeppowder",
    "21:poisonpowder",
    "25:worryseed",
    "28:leafblade",
    "32:aerialace",
    "36:forestscurse",
    "38:poisontail",
    "40:nastyplot",
    "50:powerwhip",
    "60:grassyterrain",
    "tm:aquatail",
    "tm:rest",
    "tm:hypnosis",
    "tm:dragontail",
    "tm:irontail",
    "tm:shedtail",
    "tm:poisontail",
    "tm:knockoff",
    "tm:gigadrain",
    "tm:megadrain",
    "tm:swordsdance",
    "tm:spikyshield",
    "tm:flamecharge"
  ],
  "labels": [
    "custom"
  ],
  "pokedex": [
    "cobblemon.species.gaunterror.desc1",
    "cobblemon.species.gaunterror.desc2"
  ],
  "baseScale": 2,
  "hitbox": {
    "width": 1,
    "height": 1.5,
    "fixed": false
  },
  "baseFriendship": 50,
  "evYield": {
    "hp": 1,
    "attack": 2,
    "defence": 0,
    "special_attack": 0,
    "special_defence": 0,
    "speed": 0
  },
  "height": 9,
  "weight": 560
  
}