{
  "implemented": true,
  "name": "gauntdusk",
  "nationalPokedexNumber": 1928,
  "primaryType": "grass",
  "secondaryType": "dark",
  "abilities": [
    "overgrow",
    "h:protean"
  ],
  "baseStats": {
    "hp": 68,
    "attack": 82,
    "defence": 78,
    "special_attack": 51,
    "special_defence": 51,
    "speed": 80
  },
  "behaviour": {
    "resting": {
      "canSleep": true,
      "depth": "normal",
      "light": "4-15",
      "willSleepOnBed": false,
      "times": "day"
    },
    "moving": {
      "canLook": false,
      "walk": {
        "canWalk": true,
        "avoidsLand": false
      },
      "swim": {
        "swimSpeed": 0.3,
        "canSwimInWater": true,
        "canBreatheUnderwater": false
      },
      "fly": {
        "canFly": false,
        "flySpeedHorizontal": 0.3
      },
      "wanderChance": 1
    }
  },
  "catchRate": 30,
  "maleRatio": 0.8,
  "shoulderMountable": false,
  "baseExperienceYield": 100,
  "experienceGroup": "medium_slow",
  "eggCycles": 25,
  "eggGroups": [
    "grass",
    "monster"
  ],
  "drops": {
    "amount": 1,
    "entries": [
      {
        "item": "minecraft:rotten_flesh",
        "quantityRange": "1-2",
        "percentage": 50
      },
      {
        "item": "minecraft:vine",
        "quantityRange": "1-2",
        "percentage": 50
      }
    ]
  },
  "moves": [
    "0:tackle",
    "0:tailwhip",
    "0:leafage",
    "5:feintattack",
    "13:quickattack",
    "16:seedbomb",
    "21:sleeppowder",
    "21:poisonpowder",
    "25:worryseed",
    "28:leafblade",
    "32:aerialace",
    "36:forestscurse",
    "38:poisontail",
    "40:nastyplot",
    "tm:aquatail",
    "tm:dragontail",
    "tm:irontail",
    "tm:poisontail",
    "tm:knockoff",
    "tm:megadrain"
  ],
  "labels": [
    "custom"
  ],
  "pokedex": [
    "cobblemon.species.gauntdusk.desc1",
    "cobblemon.species.gauntdusk.desc2"
  ],
  "baseScale": 2,
  "hitbox": {
    "width": 1.2,
    "height": 1.2,
    "fixed": false
  },
  "baseFriendship": 50,
  "evYield": {
    "hp": 0,
    "attack": 1,
    "defence": 0,
    "special_attack": 0,
    "special_defence": 0,
    "speed": 1
  },
  "height": 5,
  "weight": 200,
  "evolutions": [
    {
      "id": "gauntdusk-gaunterror-level_up",
      "variant": "level_up",
      "result": "gaunterror",
      "consumeHeldItem": false,
      "learnableMoves": [
        "wingattack",
        "dreameater"
      ],
      "requirements": [
        {
          "variant": "level",
          "minLevel": 36
        }
      ],
      "requiredContext": ""
    }
  ]
}