{
  "implemented": true,
  "name": "gauntlet",
  "nationalPokedexNumber": 1927,
  "primaryType": "grass",
  "abilities": [
    "overgrow",
    "h:protean"
  ],
  "baseStats": {
    "hp": 50,
    "attack": 58,
    "defence": 55,
    "special_attack": 41,
    "special_defence": 41,
    "speed": 65
  },
  "behaviour": {
    "resting": {
      "canSleep": true,
      "depth": "normal",
      "light": "4-15",
      "willSleepOnBed": true,
      "times": "day"
    },
    "moving": {
      "canLook": false,
      "walk": {
        "canWalk": true,
        "avoidsLand": false
      },
      "swim": {
        "swimSpeed": 0.3,
        "canSwimInWater": true,
        "canBreatheUnderwater": false
      },
      "fly": {
        "canFly": false,
        "flySpeedHorizontal": 0.3
      },
      "wanderChance": 1
    }
  },
  "catchRate": 60,
  "maleRatio": 0.8,
  "shoulderMountable": true,
  "baseExperienceYield": 100,
  "experienceGroup": "medium_slow",
  "eggCycles": 25,
  "eggGroups": [
    "grass",
    "monster"
  ],
  "drops": {
    "amount": 1,
    "entries": [
      {
        "item": "minecraft:rotten_flesh",
        "quantityRange": "1-2",
        "percentage": 50
      }
    ]
  },
  "moves": [
    "0:tackle",
    "0:tailwhip",
    "0:leafage",
    "5:feintattack",
    "13:quickattack",
    "16:seedbomb",
    "21:sleeppowder",
    "21:poisonpowder",
    "25:worryseed",
    "28:leafblade",
    "32:aerialace",
    "36:forestscurse",
    "tm:aquatail",
    "tm:irontail",
    "tm:poisontail",
    "tm:knockoff"
  ],
  "labels": [
    "custom"
  ],
  "pokedex": [
    "cobblemon.species.gauntlet.desc1",
    "cobblemon.species.gauntlet.desc2"
  ],
  "baseScale": 1,
  "hitbox": {
    "width": 0.8,
    "height": 0.8,
    "fixed": false
  },
  "baseFriendship": 50,
  "evYield": {
    "hp": 0,
    "attack": 0,
    "defence": 0,
    "special_attack": 0,
    "special_defence": 0,
    "speed": 1
  },
  "height": 3,
  "weight": 30,
  "evolutions": [
    {
      "id": "gauntlet-gauntdusk-level_up",
      "variant": "level_up",
      "result": "gauntdusk",
      "consumeHeldItem": false,
      "learnableMoves": [],
      "requirements": [
        {
          "variant": "level",
          "minLevel": 16
        }
      ],
      "requiredContext": ""
    }
  ]
}