{
  "implemented": true,
  "name": "hombone",
  "nationalPokedexNumber": 1941,
  "primaryType": "ground",
  "secondaryType": "rock",
  "abilities": [
    "sturdy",
    "h:sandveil"
  ],
  "baseStats": {
    "hp": 72,
    "attack": 80,
    "defence": 95,
    "special_attack": 40,
    "special_defence": 65,
    "speed": 15
  },
  "behaviour": {
    "resting": {
      "canSleep": true,
      "depth": "normal",
      "light": "0-4",
      "willSleepOnBed": false
    },
    "moving": {
      "canLook": false,
      "walk": {
        "canWalk": true,
        "avoidsLand": false,
        "moveSpeed": 0.5
      },
      "swim": {
        "swimSpeed": 0.3,
        "canSwimInWater": false,
        "canBreatheUnderwater": false
      },
      "fly": {
        "canFly": false,
        "flySpeedHorizontal": 0.3
      },
      "wanderChance": 1
    }
  },
  "catchRate": 150,
  "maleRatio": 0.7,
  "shoulderMountable": false,
  "baseExperienceYield": 100,
  "eggCycles": 25,
  "eggGroups": [
    "field",
    "mineral"
  ],
  "drops": {
    "amount": 1,
    "entries": [
      {
        "item": "cobblemon:oran_berry",
        "quantityRange": "1-2",
        "percentage": 38
      },
      {
        "item": "cobblemon:liechi_berry",
        "quantityRange": "1-2",
        "percentage": 29
      }
    ]
  },
  "moves": [
    "1:bide",
    "1:tackle",
    "1:leer",
    "8:protect",
    "14:visegrip",
    "20:feintattack",
    "20:rockblast",
    "27:crushclaw",
    "32:guillotine",
    "41:crabhammer",
    "52:fissure",
    "80:dynamicpunch",
    "90:mindreader",
    "30:return",
    "12:metalclaw",
    "18:honeclaws",
    "tm:dragonclaw",
    "tm:shadowclaw",
    "tm:rockthrow",
    "tm:rocktomb"
  ],
  "labels": [
    "custom"
  ],
  "pokedex": [
    "cobblemon.species.hombone.desc1",
    "cobblemon.species.hombone.desc2"
  ],
  "baseScale": 1.5,
  "hitbox": {
    "width": 1,
    "height": 1,
    "fixed": false
  },
  "baseFriendship": 50,
  "evYield": {
    "hp": 0,
    "attack": 0,
    "defence": 1,
    "special_attack": 0,
    "special_defence": 0,
    "speed": 0
  },
  "height": 2,
  "weight": 300,
  "evolutions": [
    {
      "id": "hombone-hombeast-level_up",
      "variant": "level_up",
      "result": "hombeast",
      "consumeHeldItem": false,
      "learnableMoves": [
        "bite",
        "crunch"
      ],
      "requirements": [
        {
          "variant": "use_move",
          "move": "crushclaw",
          "amount": 5
        }
      ],
      "requiredContext": ""
    }
  ]
}