{
  "implemented": true,
  "name": "hombeast",
  "nationalPokedexNumber": 1942,
  "primaryType": "ground",
  "secondaryType": "rock",
  "abilities": [
    "sturdy",
    "levitate",
    "h:sandveil"
  ],
  "baseStats": {
    "hp": 100,
    "attack": 120,
    "defence": 100,
    "special_attack": 60,
    "special_defence": 90,
    "speed": 120
  },
  "behaviour": {
    "resting": {
      "canSleep": true,
      "depth": "normal",
      "light": "0-4",
      "willSleepOnBed": false
    },
    "moving": {
      "canLook": true,
      "walk": {
        "canWalk": true,
        "avoidsLand": false
      },
      "swim": {
        "swimSpeed": 0.3,
        "canSwimInWater": true,
        "canBreatheUnderwater": false
      },
      "fly": {
        "canFly": true,
        "flySpeedHorizontal": 0.3
      },
      "wanderChance": 1
    }
  },
  "catchRate": 100,
  "maleRatio": 0.7,
  "shoulderMountable": false,
  "baseExperienceYield": 100,
  "eggCycles": 25,
  "eggGroups": [
    "field",
    "mineral"
  ],
  "drops": {
    "amount": 2,
    "entries": [
      {
        "item": "minecraft:raw_gold",
        "quantityRange": "1-5",
        "percentage": 71
      },
      {
        "item": "minecraft:gold_ingot",
        "quantityRange": "1-2",
        "percentage": 29
      }
    ]
  },
  "moves": [
    "1:bide",
    "1:tackle",
    "1:leer",
    "8:protect",
    "14:visegrip",
    "20:feintattack",
    "20:rockblast",
    "27:crushclaw",
    "32:guillotine",
    "41:crabhammer",
    "52:fissure",
    "80:dynamicpunch",
    "90:mindreader",
    "30:return",
    "12:metalclaw",
    "18:honeclaws",
    "22:dracometeor",
    "45:dragondance",
    "34:dig",
    "46:earthquake",
    "50:sandstorm",
    "52:rest",
    "52:doubleteam",
    "23:falseswipe",
    "tm:dragonclaw",
    "tm:shadowclaw",
    "tm:rockthrow",
    "tm:rocktomb"
  ],
  "labels": [
    "custom"
  ],
  "pokedex": [
    "cobblemon.species.hombeast.desc1",
    "cobblemon.species.hombeast.desc2"
  ],
  "baseScale": 3,
  "hitbox": {
    "width": 1.1,
    "height": 1.8,
    "fixed": false
  },
  "baseFriendship": 50,
  "evYield": {
    "hp": 0,
    "attack": 2,
    "defence": 0,
    "special_attack": 0,
    "special_defence": 0,
    "speed": 0
  },
  "height": 6,
  "weight": 2400,
  "evolutions": []
}