{
  "implemented": true,
  "name": "maskylium",
  "nationalPokedexNumber": 9999,
  "primaryType": "dark",
  "secondaryType": "poison",
  "abilities": [
    "poisonpuppeteer",
    "levitate",
    "h:filter"
  ],
  "baseStats": {
    "hp": 120,
    "attack": 60,
    "defence": 60,
    "special_attack": 120,
    "special_defence": 90,
    "speed": 70
  },
  "behaviour": {
    "resting": {
      "canSleep": true,
      "depth": "normal",
      "light": "7-15",
      "willSleepOnBed": false,
      "times": "day"
    },
    "moving": {
      "canLook": true,
      "walk": {
        "canWalk": true,
        "avoidsLand": true
      },
      "swim": {
        "swimSpeed": 0.3,
        "canSwimInWater": false,
        "canBreatheUnderwater": true
      },
      "fly": {
        "canFly": false,
        "flySpeedHorizontal": 0.3
      },
      "wanderChance": 1
    }
  },
  "catchRate": 10,
  "maleRatio": -1,
  "shoulderMountable": false,
  "baseExperienceYield": 100,
  "experienceGroup": "erratic",
  "eggCycles": 25,
  "eggGroups": [
    "undiscovered"
  ],
  "drops": {
    "amount": 1,
    "entries": []
  },
  "moves": [
    "0:poisongas",
    "0:tackle",
    "16:clearsmog",
    "10:screech",
    "20:snarl",
    "26:sludge",
    "30:toxicspikes",
    "36:darkpulse",
    "40:sludgebomb",
    "22:poisonpowder",
    "22:sleeppowder",
    "22:stunspore",
    "34:spore",
    "tm:nightdaze",
    "tm:razorleaf",
    "tm:magicalleaf",
    "70:dracometeor",
    "tm:fireblast",
    "tm:falseswipe",
    "tm:trickroom",
    "tm:acidarmor",
    "37:nastyplot",
    "25:workup",
    "80:nightmare",
    "tm:shadowball",
    "5:nightshade"
  ],
  "labels": [
    "custom"
  ],
  "pokedex": [
    "cobblemon.species.maskylium.desc1",
    "cobblemon.species.maskylium.desc2"
  ],
  "baseScale": 1,
  "hitbox": {
    "width": 1,
    "height": 1,
    "fixed": false
  },
  "baseFriendship": 50,
  "evYield": {
    "hp": 1,
    "attack": 0,
    "defence": 0,
    "special_attack": 0,
    "special_defence": 0,
    "speed": 0
  },
  "height": 4,
  "weight": 130,
  "evolutions": [
    {
      "id": "maskylium-nyarlium-level_up",
      "variant": "level_up",
      "result": "nyarlium",
      "consumeHeldItem": false,
      "learnableMoves": [
        "banefulbunker",
        "sludgewave"
      ],
      "requirements": [
        {
          "variant": "friendship",
          "amount": 255
        }
      ],
      "requiredContext": ""
    },
    {
      "id": "maskylium-maskonylum-level_up",
      "variant": "level_up",
      "result": "maskonylum",
      "consumeHeldItem": false,
      "learnableMoves": [
        "amnesia"
      ],
      "requirements": [
        {
          "variant": "has_move",
          "move": "nightmare"
        }
      ],
      "requiredContext": ""
    }
  ]
}