{
  "implemented": true,
  "name": "maskonylum",
  "nationalPokedexNumber": 9999,
  "primaryType": "dark",
  "secondaryType": "ghost",
  "abilities": [
    "baddreams",
    "h:filter"
  ],
  "baseStats": {
    "hp": 120,
    "attack": 65,
    "defence": 65,
    "special_attack": 160,
    "special_defence": 90,
    "speed": 150
  },
  "behaviour": {
    "resting": {
      "canSleep": false,
      "depth": "normal",
      "light": "7-15",
      "willSleepOnBed": false,
      "times": "day"
    },
    "moving": {
      "canLook": true,
      "walk": {
        "canWalk": true,
        "avoidsLand": true
      },
      "swim": {
        "swimSpeed": 0.3,
        "canSwimInWater": false,
        "canBreatheUnderwater": true
      },
      "fly": {
        "canFly": false,
        "flySpeedHorizontal": 0.3
      },
      "wanderChance": 1
    }
  },
  "catchRate": 5,
  "maleRatio": -1,
  "shoulderMountable": false,
  "baseExperienceYield": 100,
  "experienceGroup": "erratic",
  "eggCycles": 25,
  "eggGroups": [
    "undiscovered"
  ],
  "drops": {
    "amount": 1,
    "entries": []
  },
  "moves": [
    "0:poisongas",
    "0:tackle",
    "16:clearsmog",
    "10:screech",
    "20:snarl",
    "26:sludge",
    "30:toxicspikes",
    "36:darkpulse",
    "22:poisonpowder",
    "22:sleeppowder",
    "tm:nightdaze",
    "tm:razorleaf",
    "tm:magicalleaf",
    "70:dracometeor",
    "tm:fireblast",
    "tm:falseswipe",
    "tm:trickroom",
    "tm:acidarmor",
    "37:nastyplot",
    "25:workup",
    "80:nightmare",
    "tm:shadowball",
    "5:nightshade",
    "50:grassyterrain",
    "50:mistyterrain",
    "35:amnesia",
    "36:shadowball",
    "0:hypnosis",
    "0:yawn",
    "0:dreameater",
    "0:mimic",
    "0:ancientpower",
    "tm:surf",
    "tm:scald",
    "tm:waterfall",
    "tm:whirlpool",
    "tm:hyrdopump"
  ],
  "labels": [
    "custom"
  ],
  "pokedex": [
    "cobblemon.species.maskonylum.desc1",
    "cobblemon.species.maskonylum.desc2"
  ],
  "baseScale": 1.5,
  "hitbox": {
    "width": 1,
    "height": 1.5,
    "fixed": false
  },
  "baseFriendship": 50,
  "evYield": {
    "hp": 0,
    "attack": 0,
    "defence": 0,
    "special_attack": 1,
    "special_defence": 0,
    "speed": 1
  },
  "height": 6,
  "weight": 60,
  "evolutions": []
}