{
  "implemented": true,
  "name": "mysteryegg",
  "nationalPokedexNumber": 9999,
  "primaryType": "psychic",
  "secondaryType": "dragon",
  "abilities": [
    "intimidate",
    "drizzle",
    "h:filter"
  ],
  "baseStats": {
    "hp": 50,
    "attack": 1,
    "defence": 200,
    "special_attack": 48,
    "special_defence": 200,
    "speed": 1
  },
  "behaviour": {
    "resting": {
      "canSleep": true,
      "depth": "normal",
      "light": "0-0",
      "willSleepOnBed": false,
      "times": "night"
    },
    "moving": {
      "canLook": true,
      "walk": {
        "canWalk": false,
        "avoidsLand": true
      },
      "swim": {
        "swimSpeed": 0.3,
        "canSwimInWater": false,
        "canBreatheUnderwater": true
      },
      "fly": {
        "canFly": false,
        "flySpeedHorizontal": 0.3
      },
      "wanderChance": 1
    }
  },
  "catchRate": 20,
  "maleRatio": -1,
  "shoulderMountable": false,
  "baseExperienceYield": 100,
  "experienceGroup": "erratic",
  "eggCycles": 25,
  "eggGroups": [
    "undiscovered"
  ],
  "drops": {
    "amount": 1,
    "entries": []
  },
  "moves": [
    "0:psychic",
    "0:leer",
    "tm:glare",
    "tm:psychicterrain"
  ],
  "labels": [
    "custom"
  ],
  "pokedex": [
    "cobblemon.species.mysteryegg.desc1",
    "cobblemon.species.mysteryegg.desc2"
  ],
  "baseScale": 1,
  "hitbox": {
    "width": 1,
    "height": 1,
    "fixed": false
  },
  "baseFriendship": 50,
  "evYield": {
    "hp": 0,
    "attack": 0,
    "defence": 1,
    "special_attack": 0,
    "special_defence": 0,
    "speed": 0
  },
  "height": 1,
  "weight": 30,
  "evolutions": [
    {
      "id": "mysteryegg-cthulon-level_up",
      "variant": "level_up",
      "result": "cthulon",
      "consumeHeldItem": false,
      "learnableMoves": [],
      "requirements": [
        {
          "variant": "defeat",
          "target": "shoggroll",
          "amount": 20
        }
      ],
      "requiredContext": ""
    }
  ]
}