{
  "implemented": true,
  "name": "nyarlium",
  "nationalPokedexNumber": 9999,
  "primaryType": "dark",
  "secondaryType": "poison",
  "abilities": [
    "poisonpuppeteer",
    "h:filter"
  ],
  "baseStats": {
    "hp": 170,
    "attack": 65,
    "defence": 65,
    "special_attack": 170,
    "special_defence": 150,
    "speed": 80
  },
  "behaviour": {
    "resting": {
      "canSleep": true,
      "depth": "normal",
      "light": "7-15",
      "willSleepOnBed": false,
      "times": "day"
    },
    "moving": {
      "canLook": true,
      "walk": {
        "canWalk": true,
        "walkSpeed": 0.5,
        "avoidsLand": true
      },
      "swim": {
        "swimSpeed": 0.3,
        "canSwimInWater": false,
        "canBreatheUnderwater": true
      },
      "fly": {
        "canFly": false,
        "flySpeedHorizontal": 0.3
      },
      "wanderChance": 1
    }
  },
  "catchRate": 10,
  "maleRatio": -1,
  "shoulderMountable": false,
  "baseExperienceYield": 100,
  "experienceGroup": "erratic",
  "eggCycles": 25,
  "eggGroups": [
    "undiscovered"
  ],
  "drops": {
    "amount": 1,
    "entries": []
  },
  "moves": [
    "0:poisongas",
    "0:tackle",
    "16:clearsmog",
    "10:screech",
    "20:snarl",
    "26:sludge",
    "30:toxicspikes",
    "36:darkpulse",
    "40:sludgebomb",
    "22:poisonpowder",
    "22:sleeppowder",
    "22:stunspore",
    "34:spore",
    "tm:nightdaze",
    "tm:razorleaf",
    "tm:magicalleaf",
    "70:dracometeor",
    "tm:fireblast",
    "tm:falseswipe",
    "tm:trickroom",
    "tm:acidarmor",
    "37:nastyplot",
    "25:workup",
    "80:nightmare",
    "tm:shadowball",
    "5:nightshade",
    "50:grassyterrain",
    "50:mistyterrain",
    "35:amnesia",
    "36:shadowball"
  ],
  "labels": [
    "custom"
  ],
  "pokedex": [
    "cobblemon.species.nyarlium.desc1",
    "cobblemon.species.nyarlium.desc2"
  ],
  "baseScale": 1.6,
  "hitbox": {
    "width": 1,
    "height": 2.5,
    "fixed": false
  },
  "baseFriendship": 50,
  "evYield": {
    "hp": 1,
    "attack": 0,
    "defence": 0,
    "special_attack": 1,
    "special_defence": 0,
    "speed": 0
  },
  "height": 30,
  "weight": 3400,
  "evolutions": []
}