{
  "implemented": true,
  "name": "parawasp",
  "nationalPokedexNumber": 1938,
  "primaryType": "poison",
  "secondaryType": "flying",
  "abilities": [
    "compoundeyes",
    "shielddust",
    "h:contrary"
  ],
  "baseStats": {
    "hp": 80,
    "attack": 120,
    "defence": 65,
    "special_attack": 40,
    "special_defence": 40,
    "speed": 160
  },
  "behaviour": {
    "resting": {
      "canSleep": true,
      "depth": "normal",
      "light": "4-15",
      "willSleepOnBed": true,
      "times": "day"
    },
    "moving": {
      "canLook": true,
      "walk": {
        "canWalk": true,
        "avoidsLand": false,
        "walkSpeed": 3.5
      },
      "swim": {
        "swimSpeed": 0.3,
        "canSwimInWater": false,
        "canBreatheUnderwater": false
      },
      "fly": {
        "canFly": true,
        "flySpeedHorizontal": 3
      },
      "wanderChance": 1
    }
  },
  "catchRate": 125,
  "maleRatio": 0.2,
  "shoulderMountable": false,
  "baseExperienceYield": 100,
  "experienceGroup": "erratic",
  "eggCycles": 25,
  "eggGroups": [
    "bug",
    "flying"
  ],
  "drops": {
    "amount": 1,
    "entries": [
      {
        "item": "minecraft:egg",
        "quantityRange": "1-2",
        "percentage": 50
      },
      {
        "item": "minecraft:string",
        "quantityRange": "1-2",
        "percentage": 50
      }
    ]
  },
  "moves": [
    "21:metalclaw",
    "30:crosspoison",
    "23:acidarmor",
    "33:aircutter",
    "31:wingattack",
    "36:followme",
    "37:agility",
    "40:swordsdance",
    "26:bite",
    "33:crunch",
    "26:glare",
    "0:screech",
    "tm:bulletpunch",
    "tm:firepunch",
    "tm:icepunch",
    "tm:suckerpunch",
    "tm:fakeout",
    "tm:shadowclaw",
    "tm:slash",
    "tm:skyattack",
    "tm:bravebird",
    "1:stringshot",
    "1:tackle",
    "5:poisonsting",
    "9:bugbite",
    "tm:electroweb",
    "tm:toxic",
    "tutor:bugbite",
    "tutor:electroweb",
    "tutor:snore",
    "tutor:stringshot",
    "tutor:tackle"
  ],
  "labels": [
    "custom"
  ],
  "pokedex": [
    "cobblemon.species.parawasp.desc1",
    "cobblemon.species.parawasp.desc2"
  ],
  "baseScale": 1,
  "hitbox": {
    "width": 1,
    "height": 1,
    "fixed": false
  },
  "baseFriendship": 50,
  "evYield": {
    "hp": 0,
    "attack": 1,
    "defence": 0,
    "special_attack": 0,
    "special_defence": 0,
    "speed": 1
  },
  "height": 2,
  "weight": 40,
  "evolutions": []
}