{
  "implemented": true,
  "name": "scrawn",
  "nationalPokedexNumber": 1939,
  "primaryType": "water",
  "secondaryType": "ghost",
  "abilities": [
    "levitate",
    "h:gooey"
  ],
  "baseStats": {
    "hp": 50,
    "attack": 30,
    "defence": 40,
    "special_attack": 60,
    "special_defence": 60,
    "speed": 30
  },
  "behaviour": {
    "resting": {
      "canSleep": true,
      "depth": "normal",
      "light": "4-15",
      "willSleepOnBed": false,
      "times": "day"
    },
    "moving": {
      "canLook": false,
      "walk": {
        "canWalk": true,
        "avoidsLand": false
      },
      "swim": {
        "swimSpeed": 0.3,
        "canSwimInWater": true,
        "canBreatheUnderwater": true
      },
      "fly": {
        "canFly": false,
        "flySpeedHorizontal": 0.3
      },
      "wanderChance": 1
    }
  },
  "catchRate": 125,
  "maleRatio": 0.6,
  "shoulderMountable": false,
  "baseExperienceYield": 100,
  "experienceGroup": "medium_fast",
  "eggCycles": 25,
  "eggGroups": [
    "water_1",
    "amorphous"
  ],
  "drops": {
    "amount": 1,
    "entries": [
      {
        "item": "minecraft:slime_ball",
        "quantityRange": "1-2",
        "percentage": 65
      }
    ]
  },
  "moves": [
    "0:bubble",
    "0:leer",
    "10:bubblebeam",
    "13:absorb",
    "19:nightshade",
    "22:destinybond",
    "26:raindance",
    "35:hydropump",
    "38:shadowball",
    "42:calmmind",
    "48:toxicspikes",
    "50:sludgebomb",
    "50:sludgewave",
    "55:toxic",
    "0:poisongas",
    "25:stockpile",
    "tm:darkpulse",
    "tm:aircutter",
    "tm:nastyplot",
    "tm:powerswap",
    "tm:speedswap",
    "tm:aquajet",
    "tm:beatup",
    "tm:acidarmor",
    "tm:honeclaws",
    "tm:surf",
    "tm:mudbomb",
    "tm:muddywater",
    "tm:mudshot",
    "tm:mudsport"
  ],
  "labels": [
    "custom"
  ],
  "pokedex": [
    "cobblemon.species.scrawn.desc1",
    "cobblemon.species.scrawn.desc2"
  ],
  "baseScale": 0.6,
  "hitbox": {
    "width": 1,
    "height": 1,
    "fixed": false
  },
  "baseFriendship": 50,
  "evYield": {
    "hp": 0,
    "attack": 0,
    "defence": 0,
    "special_attack": 1,
    "special_defence": 0,
    "speed": 0
  },
  "height": 1,
  "weight": 5,
  "evolutions": [
    {
      "id": "scrawn-amalgawn-level_up",
      "variant": "level_up",
      "result": "amalgawn",
      "consumeHeldItem": false,
      "learnableMoves": [
        "spitup",
        "gigadrain"
      ],
      "requirements": [
        {
          "variant": "use_move",
          "move": "stockpile",
          "amount": 5
        }
      ],
      "requiredContext": ""
    }
  ]
}