{
  "implemented": true,
  "name": "shoggroll",
  "nationalPokedexNumber": 1936,
  "primaryType": "psychic",
  "secondaryType": "normal",
  "abilities": [
    "analytic",
    "arenatrap",
    "h:wonderguard"
  ],
  "baseStats": {
    "hp": 40,
    "attack": 10,
    "defence": 50,
    "special_attack": 200,
    "special_defence": 80,
    "speed": 15
  },
  "behaviour": {
    "resting": {
      "canSleep": true,
      "depth": "normal",
      "light": "4-15",
      "willSleepOnBed": false,
      "times": "day"
    },
    "moving": {
      "canLook": true,
      "walk": {
        "canWalk": true,
        "avoidsLand": true
      },
      "swim": {
        "swimSpeed": 0.3,
        "canSwimInWater": false,
        "canBreatheUnderwater": true
      },
      "fly": {
        "canFly": false,
        "flySpeedHorizontal": 0.3
      },
      "wanderChance": 1
    }
  },
  "catchRate": 20,
  "maleRatio": 0.5,
  "shoulderMountable": false,
  "baseExperienceYield": 100,
  "experienceGroup": "medium_slow",
  "eggCycles": 25,
  "eggGroups": [
    "amorphous",
    "field"
  ],
  "drops": {
    "amount": 1,
    "entries": [
      {
        "item": "minecraft:rotten_flesh",
        "quantityRange": "1-5",
        "percentage": 50
      },
      {
        "item": "minecraft:spider_eye",
        "quantityRange": "1-2",
        "percentage": 23
      }
    ]
  },
  "moves": [
    "0:substitute",
    "0:transform",
    "8:confuseray",
    "16:confusion",
    "26:followme",
    "35:ancientpower",
    "45:psychicterrain",
    "30:spikes",
    "30:toxicspikes",
    "30:spore",
    "tm:falseswipe",
    "tm:trickroom",
    "tm:guardswap",
    "tm:heartswap",
    "tm:powerswap",
    "tm:skillswap",
    "tm:speedswap",
    "tm:psyshock",
    "tm:psychic",
    "tm:stockpile",
    "tm:spitup"
  ],
  "labels": [
    "custom"
  ],
  "pokedex": [
    "cobblemon.species.shoggroll.desc1",
    "cobblemon.species.shoggroll.desc2"
  ],
  "baseScale": 1,
  "hitbox": {
    "width": 1,
    "height": 1,
    "fixed": false
  },
  "baseFriendship": 50,
  "evYield": {
    "hp": 0,
    "attack": 0,
    "defence": 0,
    "special_attack": 1,
    "special_defence": 0,
    "speed": 0
  },
  "height": 3,
  "weight": 140,
  "evolutions": []
}