{
  "implemented": true,
  "name": "smogmatism",
  "nationalPokedexNumber": 1933,
  "primaryType": "fire",
  "abilities": [
    "blaze",
    "flamebody",
    "h:levitate"
  ],
  "baseStats": {
    "hp": 70,
    "attack": 40,
    "defence": 40,
    "special_attack": 60,
    "special_defence": 50,
    "speed": 50
  },
  "behaviour": {
    "resting": {
      "canSleep": true,
      "depth": "normal",
      "light": "0-4",
      "willSleepOnBed": true,
      "times": "night"
    },
    "moving": {
      "canLook": true,
      "walk": {
        "canWalk": true,
        "avoidsLand": true
      },
      "swim": {
        "swimSpeed": 0.3,
        "canSwimInWater": false,
        "canBreatheUnderwater": true
      },
      "fly": {
        "canFly": false,
        "flySpeedHorizontal": 0.3
      },
      "wanderChance": 1
    }
  },
  "catchRate": 45,
  "maleRatio": 0.8,
  "shoulderMountable": true,
  "baseExperienceYield": 100,
  "experienceGroup": "medium_slow",
  "eggCycles": 25,
  "eggGroups": [
    "amorphous",
    "mineral"
  ],
  "drops": {
    "amount": 1,
    "entries": [
      {
        "item": "minecraft:flint",
        "quantityRange": "1-2",
        "percentage": 50
      }
    ]
  },
  "moves": [
    "0:tackle",
    "0:leer",
    "8:ember",
    "15:absorb",
    "22:flamecharge",
    "24:glare",
    "5:smokescreen",
    "26:firespin",
    "30:lavaplume",
    "33:sunnyday",
    "24:bite",
    "40:flareblitz",
    "37:fireblast",
    "50:amnesia",
    "tm:firepledge",
    "tm:drainingkiss",
    "tm:bitterblade",
    "tm:bugbite",
    "tm:crunch",
    "tm:glare",
    "tm:swordsdance",
    "tm:stockpile",
    "tm:spitup",
    "tm:protect"
  ],
  "labels": [
    "custom"
  ],
  "pokedex": [
    "cobblemon.species.smogmatism.desc1",
    "cobblemon.species.smogmatism.desc2"
  ],
  "baseScale": 1,
  "hitbox": {
    "width": 1,
    "height": 1,
    "fixed": false
  },
  "baseFriendship": 50,
  "evYield": {
    "hp": 1,
    "attack": 0,
    "defence": 0,
    "special_attack": 0,
    "special_defence": 0,
    "speed": 0
  },
  "height": 1,
  "weight": 30,
  "evolutions": [
    {
      "id": "smogmatism-sparkulus-level_up",
      "variant": "level_up",
      "result": "sparkulus",
      "consumeHeldItem": false,
      "learnableMoves": [
        "megadrain"
      ],
      "requirements": [
        {
          "variant": "level",
          "minLevel": 18
        }
      ],
      "requiredContext": ""
    }
  ]
}