{
  "implemented": true,
  "name": "sparkulus",
  "nationalPokedexNumber": 1934,
  "primaryType": "fire",
  "secondaryType": "steel",
  "abilities": [
    "blaze",
    "flamebody",
    "h:levitate"
  ],
  "baseStats": {
    "hp": 90,
    "attack": 50,
    "defence": 50,
    "special_attack": 80,
    "special_defence": 70,
    "speed": 70
  },
  "behaviour": {
    "resting": {
      "canSleep": true,
      "depth": "normal",
      "light": "0-4",
      "willSleepOnBed": true,
      "times": "night"
    },
    "moving": {
      "canLook": true,
      "walk": {
        "canWalk": true,
        "avoidsLand": true
      },
      "swim": {
        "swimSpeed": 0.3,
        "canSwimInWater": false,
        "canBreatheUnderwater": true
      },
      "fly": {
        "canFly": true,
        "flySpeedHorizontal": 0.3
      },
      "wanderChance": 1
    }
  },
  "catchRate": 29,
  "maleRatio": 0.8,
  "shoulderMountable": true,
  "baseExperienceYield": 100,
  "experienceGroup": "medium_slow",
  "eggCycles": 25,
  "eggGroups": [
    "amorphous",
    "mineral"
  ],
  "drops": {
    "amount": 1,
    "entries": [
      {
        "item": "minecraft:raw_iron",
        "quantityRange": "1-2",
        "percentage": 50
      },
      {
        "item": "minecraft:coal",
        "quantityRange": "1-2",
        "percentage": 50
      }
    ]
  },
  "moves": [
    "0:tackle",
    "0:leer",
    "8:ember",
    "15:absorb",
    "22:flamecharge",
    "24:glare",
    "5:smokescreen",
    "26:firespin",
    "30:lavaplume",
    "33:sunnyday",
    "24:bite",
    "40:flareblitz",
    "37:fireblast",
    "50:amnesia",
    "25:metalclaw",
    "31:metalsound",
    "44:steelbeam",
    "tm:firepledge",
    "tm:drainingkiss",
    "tm:bitterblade",
    "tm:bugbite",
    "tm:crunch",
    "tm:glare",
    "tm:swordsdance",
    "tm:firefang",
    "tm:icefang",
    "tm:poisonfang",
    "tm:psychicfangs",
    "tm:thunderfang",
    "tm:stockpile",
    "tm:spitup",
    "tm:protect"
  ],
  "labels": [
    "custom"
  ],
  "pokedex": [
    "cobblemon.species.sparkulus.desc1",
    "cobblemon.species.sparkulus.desc2"
  ],
  "baseScale": 1.5,
  "hitbox": {
    "width": 1,
    "height": 1.3,
    "fixed": false
  },
  "baseFriendship": 50,
  "evYield": {
    "hp": 1,
    "attack": 0,
    "defence": 0,
    "special_attack": 1,
    "special_defence": 0,
    "speed": 0
  },
  "height": 2,
  "weight": 60,
  "evolutions": [
    {
      "id": "sparkulus-steelpyre-level_up",
      "variant": "level_up",
      "result": "steelpyre",
      "consumeHeldItem": false,
      "learnableMoves": [
        "gigadrain"
      ],
      "requirements": [
        {
          "variant": "level",
          "minLevel": 36
        }
      ],
      "requiredContext": ""
    }
  ]
}