{
	"format_version": "1.12.0",
	"minecraft:geometry": [
		{
			"description": {
				"identifier": "geometry.incineroar",
				"texture_width": 128,
				"texture_height": 128,
				"visible_bounds_width": 5,
				"visible_bounds_height": 3.5,
				"visible_bounds_offset": [0, 1.25, 0]
			},
			"bones": [
				{
					"name": "incineroar",
					"pivot": [0, 1, 0]
				},
				{
					"name": "body",
					"parent": "incineroar",
					"pivot": [0, 2, 0],
					"cubes": [
						{"origin": [-5, 14.5, -4.25], "size": [10, 4, 7], "inflate": 0.01, "uv": [0, 35]}
					]
				},
				{
					"name": "belt",
					"parent": "body",
					"pivot": [0, 17.75, -0.75],
					"cubes": [
						{"origin": [-5.5, 16.25, -4.75], "size": [11, 3, 8], "inflate": 0.01, "uv": [26, 24]},
						{"origin": [-1, 16.75, -4.75], "size": [2, 2, 0], "inflate": 0.02, "uv": [37, 16]},
						{"origin": [5.33716, 14.75381, -4.75], "size": [0, 2, 8], "pivot": [5.53716, 15.75381, -0.75], "rotation": [0, 0, -5], "uv": [28, 50]},
						{"origin": [-5.5, 14.75381, -4.61284], "size": [11, 2, 0], "pivot": [-0.5, 15.75381, -4.61284], "rotation": [-5, 0, 0], "uv": [62, 8]},
						{"origin": [-5.5, 14.75381, 3.11284], "size": [11, 2, 0], "pivot": [-0.5, 15.75381, 3.11284], "rotation": [5, 0, 0], "uv": [60, 3]},
						{"origin": [5.36284, 18.75, -4.75], "size": [0, 3, 8], "pivot": [5.36284, 19.99619, -0.75], "rotation": [0, 0, 5], "uv": [34, 13]},
						{"origin": [-5.33716, 14.75381, -4.75], "size": [0, 2, 8], "pivot": [-5.53716, 15.75381, -0.75], "rotation": [0, 0, 5], "uv": [46, 0]},
						{"origin": [-5.36284, 18.75, -4.75], "size": [0, 3, 8], "pivot": [-5.36284, 19.99619, -0.75], "rotation": [0, 0, -5], "uv": [0, 24]},
						{"origin": [-5.5, 18.75, 3.11284], "size": [11, 3, 0], "pivot": [-0.5, 19.99619, 3.11284], "rotation": [-5, 0, 0], "uv": [55, 39]},
						{"origin": [-5.5, 18.75, -4.61284], "size": [11, 3, 0], "pivot": [-0.5, 19.99619, -4.61284], "rotation": [5, 0, 0], "uv": [60, 0]}
					]
				},
				{
					"name": "torso_main",
					"parent": "body",
					"pivot": [0, 18.5, -0.75],
					"cubes": [
						{"origin": [-5, 18.5, -4.25], "size": [10, 9, 7], "uv": [0, 16]}
					]
				},
				{
					"name": "torso",
					"parent": "torso_main",
					"pivot": [0, 25.5, -0.75],
					"cubes": [
						{"origin": [-7.5, 25.5, -4.75], "size": [15, 8, 8], "uv": [0, 0]}
					]
				},
				{
					"name": "neck",
					"parent": "torso",
					"pivot": [-0.17348, 33.49624, 3.25],
					"rotation": [12.5, 0, 0],
					"cubes": [
						{"origin": [-4, 33.5, -2.75], "size": [8, 2, 6], "uv": [38, 0]}
					]
				},
				{
					"name": "head",
					"parent": "neck",
					"pivot": [0, 35.5, -0.75],
					"cubes": [
						{"origin": [-3.5, 35, -4.25], "size": [7, 6, 7], "uv": [34, 35]}
					]
				},
				{
					"name": "muzzle",
					"parent": "head",
					"pivot": [0, 38.2, -4.1],
					"rotation": [-7.5, 0, 0],
					"cubes": [
						{"origin": [-2.5, 36.2, -6.15], "size": [5, 2, 3], "uv": [67, 16]},
						{"origin": [-2, 35.45, -5.9], "size": [4, 1, 0], "inflate": 0.01, "uv": [21, 50]},
						{"origin": [2, 35.45, -5.9], "size": [0, 1, 3], "inflate": 0.02, "uv": [0, 16]},
						{"origin": [-2, 35.45, -5.9], "size": [0, 1, 3], "inflate": 0.02, "uv": [0, 15]}
					]
				},
				{
					"name": "jaw",
					"parent": "muzzle",
					"pivot": [0, 36.2, -3.15],
					"cubes": [
						{"origin": [-2.5, 35.2, -6.15], "size": [5, 1, 3], "uv": [69, 21]},
						{"origin": [1.3, 35.95, -6.15], "size": [1, 1, 0], "inflate": 0.01, "pivot": [1.5, 36.45, -6.15], "rotation": [1.76833, -1.76749, 44.97272], "uv": [6, 4]},
						{"origin": [-2.3, 35.95, -6.15], "size": [1, 1, 0], "inflate": 0.01, "pivot": [-1.5, 36.45, -6.15], "rotation": [1.76833, 1.76749, -44.97272], "uv": [6, 1]},
						{"origin": [-2, 35.95, -5.8], "size": [4, 1, 0], "inflate": 0.01, "uv": [46, 10]},
						{"origin": [2, 35.95, -5.8], "size": [0, 1, 3], "inflate": 0.01, "uv": [0, 14]},
						{"origin": [-2, 35.95, -5.8], "size": [0, 1, 3], "inflate": 0.01, "uv": [0, 13]}
					]
				},
				{
					"name": "eyes",
					"parent": "head",
					"pivot": [0, 39.5, -4.25]
				},
				{
					"name": "eye_right",
					"parent": "eyes",
					"pivot": [0, 39.5, -4.25],
					"cubes": [
						{"origin": [-3.5, 37.8, -4.25], "size": [2, 2, 1], "inflate": 0.01, "uv": [0, 20]},
						{"origin": [-2, 37.8, -4.25], "size": [1, 2, 1], "inflate": 0.01, "uv": [27, 35]}
					]
				},
				{
					"name": "pupil_right",
					"parent": "eye_right",
					"pivot": [-1.5, 38.5, -4.5],
					"cubes": [
						{"origin": [-2.3, 38.2, -4.37], "size": [1, 2, 1], "inflate": -0.1, "uv": [55, 35]}
					]
				},
				{
					"name": "eyebrow_right",
					"parent": "eye_right",
					"pivot": [0, 39, -4.3],
					"rotation": [0, 0, -7.5],
					"cubes": [
						{"origin": [-7, 38.5, -4.3], "size": [7, 1, 0], "pivot": [0, 39, -4.3], "rotation": [0, 0, 32.5], "uv": [27, 20]}
					]
				},
				{
					"name": "eye_left",
					"parent": "eyes",
					"pivot": [0, 39.5, -4.25],
					"cubes": [
						{"origin": [1.5, 37.8, -4.25], "size": [2, 2, 1], "inflate": 0.01, "uv": [0, 35]},
						{"origin": [1, 37.8, -4.25], "size": [1, 2, 1], "inflate": 0.01, "uv": [37, 35]}
					]
				},
				{
					"name": "pupil_left",
					"parent": "eye_left",
					"pivot": [1.5, 38.5, -4.5],
					"cubes": [
						{"origin": [1.3, 38.2, -4.37], "size": [1, 2, 1], "inflate": -0.1, "uv": [0, 56]}
					]
				},
				{
					"name": "eyebrow_left",
					"parent": "eye_left",
					"pivot": [0, 39, -4.3],
					"rotation": [0, 0, 7.5],
					"cubes": [
						{"origin": [0, 38.5, -4.3], "size": [7, 1, 0], "pivot": [0, 39, -4.3], "rotation": [0, 0, -32.5], "uv": [27, 41]}
					]
				},
				{
					"name": "eyelid_right",
					"parent": "eyes",
					"pivot": [0.1, 39.5, -4.15],
					"cubes": [
						{"origin": [-3.4, 37.8, -4.15], "size": [3, 2, 1], "inflate": 0.03, "uv": [70, 81], "mirror": true}
					]
				},
				{
					"name": "eyelid_left",
					"parent": "eyes",
					"pivot": [-0.1, 39.5, -4.15],
					"cubes": [
						{"origin": [0.4, 37.8, -4.15], "size": [3, 2, 1], "inflate": 0.03, "uv": [0, 81]}
					]
				},
				{
					"name": "ear_right",
					"parent": "head",
					"pivot": [-2.25, 41, -0.75],
					"rotation": [0, 10, -20],
					"cubes": [
						{"origin": [-3.25, 40, -0.75], "size": [2, 3, 0], "inflate": 0.01, "uv": [12, 56]}
					]
				},
				{
					"name": "ear_left",
					"parent": "head",
					"pivot": [2.25, 41, -0.75],
					"rotation": [0, -10, 20],
					"cubes": [
						{"origin": [1.25, 40, -0.75], "size": [2, 3, 0], "inflate": 0.01, "uv": [30, 67]}
					]
				},
				{
					"name": "fluff_right",
					"parent": "head",
					"pivot": [-3, 36.75, -0.95]
				},
				{
					"name": "fluff_right1",
					"parent": "fluff_right",
					"pivot": [-3, 36.75, -3.45],
					"rotation": [9.92256, -36.19413, -18.63202],
					"cubes": [
						{"origin": [-6, 35.25, -4.45], "size": [3, 2, 2], "inflate": 0.01, "uv": [78, 32]}
					]
				},
				{
					"name": "fluff_right2",
					"parent": "fluff_right1",
					"pivot": [-6, 36.75, -3.45],
					"rotation": [0, 0, 22.5],
					"cubes": [
						{"origin": [-8, 35.25, -3.45], "size": [3, 2, 0], "inflate": 0.01, "uv": [60, 65]}
					]
				},
				{
					"name": "fluff_right3",
					"parent": "fluff_right",
					"pivot": [-3, 37.55, -1.45],
					"rotation": [10.15874, -7.04533, -2.57816],
					"cubes": [
						{"origin": [-7, 35.05, -3.45], "size": [4, 3, 3], "inflate": 0.01, "uv": [61, 69]}
					]
				},
				{
					"name": "fluff_right4",
					"parent": "fluff_right3",
					"pivot": [-7, 37.55, -2.45],
					"rotation": [0, 0, 22.5],
					"cubes": [
						{"origin": [-10, 35.05, -1.95], "size": [4, 3, 0], "inflate": 0.01, "uv": [41, 48]}
					]
				},
				{
					"name": "fluff_right5",
					"parent": "fluff_right",
					"pivot": [-3, 38.35, 0.75],
					"rotation": [13.58264, 19.13973, 5.94828],
					"cubes": [
						{"origin": [-7, 35.85, -1.25], "size": [4, 3, 3], "inflate": 0.01, "uv": [68, 52]}
					]
				},
				{
					"name": "fluff_right6",
					"parent": "fluff_right5",
					"pivot": [-7, 38.35, -0.25],
					"rotation": [0, 0, 22.5],
					"cubes": [
						{"origin": [-10, 35.85, 0.25], "size": [4, 3, 0], "inflate": 0.01, "uv": [16, 32]}
					]
				},
				{
					"name": "fluff_right7",
					"parent": "fluff_right",
					"pivot": [-2.9, 37.75, 2.05],
					"rotation": [50.52964, 45.18665, 45.18787],
					"cubes": [
						{"origin": [-5.9, 36.25, 1.05], "size": [4, 2, 2], "inflate": 0.01, "uv": [27, 16]}
					]
				},
				{
					"name": "fluff_right8",
					"parent": "fluff_right7",
					"pivot": [-5.9, 37.75, 2.05],
					"rotation": [0, 0, 22.5],
					"cubes": [
						{"origin": [-7.9, 36.25, 2.05], "size": [3, 2, 0], "inflate": 0.01, "uv": [60, 63]}
					]
				},
				{
					"name": "fluff_left",
					"parent": "head",
					"pivot": [3, 36.75, -0.95]
				},
				{
					"name": "fluff_left1",
					"parent": "fluff_left",
					"pivot": [3, 36.75, -3.45],
					"rotation": [9.92256, 36.19413, 18.63202],
					"cubes": [
						{"origin": [3, 35.25, -4.45], "size": [3, 2, 2], "inflate": 0.01, "uv": [78, 67]}
					]
				},
				{
					"name": "fluff_left2",
					"parent": "fluff_left1",
					"pivot": [6, 36.75, -3.45],
					"rotation": [0, 0, -22.5],
					"cubes": [
						{"origin": [5, 35.25, -3.45], "size": [3, 2, 0], "inflate": 0.01, "uv": [42, 66]}
					]
				},
				{
					"name": "fluff_left3",
					"parent": "fluff_left",
					"pivot": [3, 37.55, -1.45],
					"rotation": [10.15874, 7.04533, 2.57816],
					"cubes": [
						{"origin": [3, 35.05, -3.45], "size": [4, 3, 3], "inflate": 0.01, "uv": [24, 72]}
					]
				},
				{
					"name": "fluff_left4",
					"parent": "fluff_left3",
					"pivot": [7, 37.55, -2.45],
					"rotation": [0, 0, -22.5],
					"cubes": [
						{"origin": [6, 35.05, -1.95], "size": [4, 3, 0], "inflate": 0.01, "uv": [28, 60]}
					]
				},
				{
					"name": "fluff_left5",
					"parent": "fluff_left",
					"pivot": [3, 38.35, 0.75],
					"rotation": [13.58264, -19.13973, -5.94828],
					"cubes": [
						{"origin": [3, 35.85, -1.25], "size": [4, 3, 3], "inflate": 0.01, "uv": [43, 71]}
					]
				},
				{
					"name": "fluff_left6",
					"parent": "fluff_left5",
					"pivot": [7, 38.35, -0.25],
					"rotation": [0, 0, -22.5],
					"cubes": [
						{"origin": [6, 35.85, 0.25], "size": [4, 3, 0], "inflate": 0.01, "uv": [50, 21]}
					]
				},
				{
					"name": "fluff_left7",
					"parent": "fluff_left",
					"pivot": [2.9, 37.75, 2.05],
					"rotation": [50.52964, -45.18665, -45.18787],
					"cubes": [
						{"origin": [1.9, 36.25, 1.05], "size": [4, 2, 2], "inflate": 0.01, "uv": [74, 58]}
					]
				},
				{
					"name": "fluff_left8",
					"parent": "fluff_left7",
					"pivot": [5.9, 37.75, 2.05],
					"rotation": [0, 0, -22.5],
					"cubes": [
						{"origin": [4.9, 36.25, 2.05], "size": [3, 2, 0], "inflate": 0.01, "uv": [66, 5]}
					]
				},
				{
					"name": "arm_right1",
					"parent": "torso",
					"pivot": [-7.5, 30.5, -0.75],
					"cubes": [
						{"origin": [-14.5, 28, -3.25], "size": [8, 5, 5], "uv": [41, 11]},
						{"origin": [-19.5, 28.25, -2.75], "size": [5, 4, 4], "uv": [58, 44]}
					]
				},
				{
					"name": "fur_right",
					"parent": "arm_right1",
					"pivot": [-7.67348, 30.49624, -0.75],
					"cubes": [
						{"origin": [-7.67348, 28.49624, -2.55], "size": [0, 9, 4], "inflate": 0.01, "pivot": [-6.17348, 30.49624, -2.15], "rotation": [5, 0, -2.5], "uv": [0, 64]},
						{"origin": [-7.67348, 28.49624, -3.95], "size": [0, 8, 3], "pivot": [-6.17348, 30.49624, -0.75], "rotation": [27.5, 0, -2.5], "uv": [38, 74]},
						{"origin": [-7.67348, 28.49624, -0.45], "size": [0, 8, 3], "pivot": [-6.17348, 30.49624, -0.65], "rotation": [-27.5, 0, -2.5], "uv": [17, 73]}
					]
				},
				{
					"name": "arm_right2",
					"parent": "arm_right1",
					"pivot": [-19.5, 30.25, 1.25],
					"cubes": [
						{"origin": [-25.5, 28.25, -2.25], "size": [6, 3, 3], "inflate": 0.01, "uv": [34, 60]}
					]
				},
				{
					"name": "hand_right",
					"parent": "arm_right2",
					"pivot": [-25.5, 29.75, -0.75],
					"cubes": [
						{"origin": [-28.5, 28.75, -2.75], "size": [3, 2, 4], "uv": [27, 35]}
					]
				},
				{
					"name": "finger_right1",
					"parent": "hand_right",
					"pivot": [-28.5, 30.25, 0.75],
					"cubes": [
						{"origin": [-30.5, 29.75, 0.25], "size": [2, 1, 1], "inflate": 0.01, "uv": [62, 52]}
					]
				},
				{
					"name": "finger_right_joint1",
					"parent": "finger_right1",
					"pivot": [-30, 30.25, 0.75],
					"cubes": [
						{"origin": [-32.5, 29.25, -0.25], "size": [3, 2, 2], "inflate": -0.1, "uv": [23, 78]}
					]
				},
				{
					"name": "finger_right_nail1",
					"parent": "finger_right_joint1",
					"pivot": [-32.5, 30.75, 0.75],
					"cubes": [
						{"origin": [-33.3, 29.75, 0.75], "size": [1, 1, 0], "inflate": 0.01, "uv": [6, 0]}
					]
				},
				{
					"name": "finger_right2",
					"parent": "hand_right",
					"pivot": [-28.5, 30.25, -0.25],
					"cubes": [
						{"origin": [-30.5, 29.75, -0.75], "size": [2, 1, 1], "inflate": 0.01, "uv": [49, 60]}
					]
				},
				{
					"name": "finger_right_joint2",
					"parent": "finger_right2",
					"pivot": [-30.5, 30.25, -0.25],
					"cubes": [
						{"origin": [-33, 29.25, -1.25], "size": [3, 2, 2], "inflate": -0.1, "uv": [70, 77]}
					]
				},
				{
					"name": "finger_right_nail2",
					"parent": "finger_right_joint2",
					"pivot": [-33, 30.75, -0.25],
					"cubes": [
						{"origin": [-33.8, 29.75, -0.25], "size": [1, 1, 0], "inflate": 0.01, "uv": [0, 5]}
					]
				},
				{
					"name": "finger_right3",
					"parent": "hand_right",
					"pivot": [-28.5, 30.25, -1.25],
					"cubes": [
						{"origin": [-30.5, 29.75, -1.75], "size": [2, 1, 1], "inflate": 0.01, "uv": [0, 40]}
					]
				},
				{
					"name": "finger_right_joint3",
					"parent": "finger_right3",
					"pivot": [-30.5, 30.25, -1.25],
					"cubes": [
						{"origin": [-33, 29.25, -2.25], "size": [3, 2, 2], "inflate": -0.1, "uv": [44, 77]}
					]
				},
				{
					"name": "finger_right_nail3",
					"parent": "finger_right_joint3",
					"pivot": [-33, 30.75, -1.25],
					"cubes": [
						{"origin": [-33.8, 29.75, -1.25], "size": [1, 1, 0], "inflate": 0.01, "uv": [0, 4]}
					]
				},
				{
					"name": "finger_right4",
					"parent": "hand_right",
					"pivot": [-28.5, 30.25, -2.25],
					"cubes": [
						{"origin": [-30.5, 29.75, -2.75], "size": [2, 1, 1], "inflate": 0.01, "uv": [0, 38]}
					]
				},
				{
					"name": "finger_right_joint4",
					"parent": "finger_right4",
					"pivot": [-30.5, 30.25, -2.25],
					"cubes": [
						{"origin": [-33, 29.25, -3.25], "size": [3, 2, 2], "inflate": -0.1, "uv": [21, 46]}
					]
				},
				{
					"name": "finger_right_nail4",
					"parent": "finger_right_joint4",
					"pivot": [-33, 30.75, -2.25],
					"cubes": [
						{"origin": [-33.8, 29.75, -2.25], "size": [1, 1, 0], "inflate": 0.01, "uv": [0, 1]}
					]
				},
				{
					"name": "finger_right5",
					"parent": "hand_right",
					"pivot": [-27.5, 29.25, -2.5],
					"cubes": [
						{"origin": [-29.5, 28.75, -3], "size": [2, 1, 1], "inflate": 0.01, "uv": [27, 21]}
					]
				},
				{
					"name": "finger_right_joint5",
					"parent": "finger_right5",
					"pivot": [-28.5, 29.25, -2.5],
					"cubes": [
						{"origin": [-30.5, 28.25, -3.5], "size": [2, 2, 2], "inflate": -0.1, "uv": [0, 0]}
					]
				},
				{
					"name": "finger_right_nail5",
					"parent": "finger_right_joint5",
					"pivot": [-30.5, 29.75, -2.5],
					"cubes": [
						{"origin": [-31.3, 28.75, -2.5], "size": [1, 1, 0], "inflate": 0.01, "uv": [0, 0]}
					]
				},
				{
					"name": "arm_left1",
					"parent": "torso",
					"pivot": [7.5, 30.5, -0.75],
					"cubes": [
						{"origin": [6.5, 28, -3.25], "size": [8, 5, 5], "uv": [0, 46]},
						{"origin": [14.5, 28.25, -2.75], "size": [5, 4, 4], "uv": [60, 31]}
					]
				},
				{
					"name": "fur_left",
					"parent": "arm_left1",
					"pivot": [7.67348, 30.49624, -0.75],
					"cubes": [
						{"origin": [7.67348, 28.49624, -3.95], "size": [0, 8, 3], "pivot": [6.17348, 30.49624, -0.75], "rotation": [27.5, 0, 2.5], "uv": [64, 72]},
						{"origin": [7.67348, 28.49624, -2.55], "size": [0, 9, 4], "inflate": 0.01, "pivot": [6.17348, 30.49624, -2.15], "rotation": [5, 0, 2.5], "uv": [16, 63]},
						{"origin": [7.67348, 28.49624, -0.45], "size": [0, 8, 3], "pivot": [6.17348, 30.49624, -0.65], "rotation": [-27.5, 0, 2.5], "uv": [16, 53]}
					]
				},
				{
					"name": "arm_left2",
					"parent": "arm_left1",
					"pivot": [19.5, 30.25, 1.25],
					"cubes": [
						{"origin": [19.5, 28.25, -2.25], "size": [6, 3, 3], "inflate": 0.01, "uv": [62, 10]}
					]
				},
				{
					"name": "hand_left",
					"parent": "arm_left2",
					"pivot": [25.5, 29.75, -0.75],
					"cubes": [
						{"origin": [25.5, 28.75, -2.75], "size": [3, 2, 4], "uv": [71, 71]}
					]
				},
				{
					"name": "finger_left1",
					"parent": "hand_left",
					"pivot": [28.5, 30.25, 0.75],
					"cubes": [
						{"origin": [28.5, 29.75, 0.25], "size": [2, 1, 1], "inflate": 0.01, "uv": [24, 69]}
					]
				},
				{
					"name": "finger_left_joint1",
					"parent": "finger_left1",
					"pivot": [30, 30.75, 0.75],
					"cubes": [
						{"origin": [29.5, 29.25, -0.25], "size": [3, 2, 2], "inflate": -0.1, "uv": [80, 10]}
					]
				},
				{
					"name": "finger_left_nail1",
					"parent": "finger_left_joint1",
					"pivot": [32.5, 30.75, 0.75],
					"cubes": [
						{"origin": [32.3, 29.75, 0.75], "size": [1, 1, 0], "inflate": 0.01, "uv": [32, 21]}
					]
				},
				{
					"name": "finger_left2",
					"parent": "hand_left",
					"pivot": [28.5, 30.25, -0.25],
					"cubes": [
						{"origin": [28.5, 29.75, -0.75], "size": [2, 1, 1], "inflate": 0.01, "uv": [68, 58]}
					]
				},
				{
					"name": "finger_left_joint2",
					"parent": "finger_left2",
					"pivot": [30.5, 30.75, -0.25],
					"cubes": [
						{"origin": [30, 29.25, -1.25], "size": [3, 2, 2], "inflate": -0.1, "uv": [80, 3]}
					]
				},
				{
					"name": "finger_left_nail2",
					"parent": "finger_left_joint2",
					"pivot": [33, 30.75, -0.25],
					"cubes": [
						{"origin": [32.8, 29.75, -0.25], "size": [1, 1, 0], "inflate": 0.01, "uv": [27, 17]}
					]
				},
				{
					"name": "finger_left3",
					"parent": "hand_left",
					"pivot": [28.5, 30.25, -1.25],
					"cubes": [
						{"origin": [28.5, 29.75, -1.75], "size": [2, 1, 1], "inflate": 0.01, "uv": [42, 68]}
					]
				},
				{
					"name": "finger_left_joint3",
					"parent": "finger_left3",
					"pivot": [30.5, 30.75, -1.25],
					"cubes": [
						{"origin": [30, 29.25, -2.25], "size": [3, 2, 2], "inflate": -0.1, "uv": [78, 79]}
					]
				},
				{
					"name": "finger_left_nail3",
					"parent": "finger_left_joint3",
					"pivot": [33, 30.75, -1.25],
					"cubes": [
						{"origin": [32.8, 29.75, -1.25], "size": [1, 1, 0], "inflate": 0.01, "uv": [27, 16]}
					]
				},
				{
					"name": "finger_left4",
					"parent": "hand_left",
					"pivot": [28.5, 30.25, -2.25],
					"cubes": [
						{"origin": [28.5, 29.75, -2.75], "size": [2, 1, 1], "inflate": 0.01, "uv": [8, 68]}
					]
				},
				{
					"name": "finger_left_joint4",
					"parent": "finger_left4",
					"pivot": [30.5, 30.75, -2.25],
					"cubes": [
						{"origin": [30, 29.25, -3.25], "size": [3, 2, 2], "inflate": -0.1, "uv": [79, 51]}
					]
				},
				{
					"name": "finger_left_nail4",
					"parent": "finger_left_joint4",
					"pivot": [33, 30.75, -2.25],
					"cubes": [
						{"origin": [32.8, 29.75, -2.25], "size": [1, 1, 0], "inflate": 0.01, "uv": [5, 20]}
					]
				},
				{
					"name": "finger_left5",
					"parent": "hand_left",
					"pivot": [27.5, 29.25, -2.5],
					"cubes": [
						{"origin": [27.5, 28.75, -3], "size": [2, 1, 1], "inflate": 0.01, "uv": [24, 67]}
					]
				},
				{
					"name": "finger_left_joint5",
					"parent": "finger_left5",
					"pivot": [28.5, 29.75, -2.5],
					"cubes": [
						{"origin": [28.5, 28.25, -3.5], "size": [2, 2, 2], "inflate": -0.1, "uv": [0, 4]}
					]
				},
				{
					"name": "finger_left_nail5",
					"parent": "finger_left_joint5",
					"pivot": [30.5, 29.75, -2.5],
					"cubes": [
						{"origin": [30.3, 28.75, -2.5], "size": [1, 1, 0], "inflate": 0.01, "uv": [6, 5]}
					]
				},
				{
					"name": "tail1",
					"parent": "torso_main",
					"pivot": [0, 16, 1.75],
					"cubes": [
						{"origin": [-1.5, 14.5, 1.75], "size": [3, 3, 6], "uv": [16, 58]}
					]
				},
				{
					"name": "tail2",
					"parent": "tail1",
					"pivot": [0, 16, 7.75],
					"cubes": [
						{"origin": [-1.5, 14.5, 7.75], "size": [3, 3, 6], "inflate": 0.01, "uv": [56, 54]}
					]
				},
				{
					"name": "tail3",
					"parent": "tail2",
					"pivot": [0, 16, 13.75],
					"cubes": [
						{"origin": [-2, 14, 13.75], "size": [4, 4, 5], "uv": [56, 21]}
					]
				},
				{
					"name": "tail4",
					"parent": "tail3",
					"pivot": [0, 16, 18.75],
					"cubes": [
						{"origin": [-2, 14, 18.75], "size": [4, 4, 4], "inflate": 0.01, "uv": [48, 63]}
					]
				},
				{
					"name": "tail5",
					"parent": "tail4",
					"pivot": [0, 16, 22.75],
					"cubes": [
						{"origin": [-2.5, 13.5, 22.75], "size": [5, 5, 5], "uv": [26, 48]}
					]
				},
				{
					"name": "tail_fluff1",
					"parent": "tail5",
					"pivot": [0, 18, 22.25],
					"rotation": [-45, 0, 0],
					"cubes": [
						{"origin": [-2, 18, 22.25], "size": [4, 2, 0], "inflate": 0.01, "uv": [62, 42]}
					]
				},
				{
					"name": "tail_fluff2",
					"parent": "tail5",
					"pivot": [0, 14, 22.25],
					"rotation": [45, 0, 0],
					"cubes": [
						{"origin": [-2, 12, 22.25], "size": [4, 2, 0], "inflate": 0.01, "uv": [56, 30]}
					]
				},
				{
					"name": "tail_fluff3",
					"parent": "tail5",
					"pivot": [-2, 16, 22.25],
					"rotation": [0, 45, 0],
					"cubes": [
						{"origin": [-4, 13.5, 22.25], "size": [2, 5, 0], "inflate": 0.01, "uv": [0, 46]}
					]
				},
				{
					"name": "tail_fluff4",
					"parent": "tail5",
					"pivot": [2, 16, 22.25],
					"rotation": [0, -45, 0],
					"cubes": [
						{"origin": [2, 13.5, 22.25], "size": [2, 5, 0], "inflate": 0.01, "uv": [38, 0]}
					]
				},
				{
					"name": "leg_right1",
					"parent": "body",
					"pivot": [-3, 16.5, -0.75],
					"cubes": [
						{"origin": [-5, 10, -2.75], "size": [4, 8, 4], "uv": [0, 56]}
					]
				},
				{
					"name": "leg_right2",
					"parent": "leg_right1",
					"pivot": [-3, 10, -2.75],
					"cubes": [
						{"origin": [-4.5, 6, -2.25], "size": [3, 4, 3], "uv": [74, 25]},
						{"origin": [-4, 1, -2.25], "size": [2, 5, 3], "uv": [54, 74]}
					]
				},
				{
					"name": "foot_right1",
					"parent": "leg_right2",
					"pivot": [-3, 2, -0.75],
					"cubes": [
						{"origin": [-5, 0, -2.5], "size": [4, 2, 4], "inflate": 0.01, "uv": [30, 66]}
					]
				},
				{
					"name": "foot_right2",
					"parent": "foot_right1",
					"pivot": [-3, 0, -2.5],
					"cubes": [
						{"origin": [-5, 0, -4.5], "size": [4, 2, 2], "uv": [76, 62]}
					]
				},
				{
					"name": "leg_left1",
					"parent": "body",
					"pivot": [3, 16.5, -0.75],
					"cubes": [
						{"origin": [1, 10, -2.75], "size": [4, 8, 4], "uv": [46, 48]}
					]
				},
				{
					"name": "leg_left2",
					"parent": "leg_left1",
					"pivot": [3, 10, -2.75],
					"cubes": [
						{"origin": [1.5, 6, -2.25], "size": [3, 4, 3], "uv": [5, 74]},
						{"origin": [2, 1, -2.25], "size": [2, 5, 3], "uv": [74, 39]}
					]
				},
				{
					"name": "foot_left1",
					"parent": "leg_left2",
					"pivot": [3, 2, -0.75],
					"cubes": [
						{"origin": [1, 0, -2.5], "size": [4, 2, 4], "inflate": 0.01, "uv": [64, 63]}
					]
				},
				{
					"name": "foot_left2",
					"parent": "foot_left1",
					"pivot": [3, 0, -2.5],
					"cubes": [
						{"origin": [1, 0, -4.5], "size": [4, 2, 2], "uv": [76, 47]}
					]
				}
			]
		}
	]
}