{
	"format_version": "1.8.0",
	"animations": {
		"endisite.animation.ground_idle": {
			"loop": true,
			"animation_length": 2,
			"bones": {
				"tail": {
					"rotation": {
						"0.0": [0, 0, 0],
						"1.0": [0, -32.5, 0],
						"1.5": [0, 32.5, 0],
						"2.0": [0, 0, 0]
					}
				},
				"lowertail": {
					"rotation": {
						"0.0": [0, 0, 0],
						"0.25": [0, 30, 0],
						"0.5": [0, 47.5, 0],
						"1.25": [0, -35, 0],
						"1.5": [0, -57.5, 0],
						"2.0": [0, 0, 0]
					}
				},
				"head": {
					"rotation": {
						"0.0": [0, 0, 0],
						"0.5": [5, 0, 0],
						"1.5": [0, 0, 0]
					},
					"position": {
						"0.0": [0, 0, 0],
						"1.0": [0, 0.25, 0],
						"2.0": [0, 0, 0]
					}
				}
			}
		},
		"endisite.animation.ground_walk": {
			"loop": true,
			"animation_length": 1,
			"bones": {
				"body": {
					"rotation": {
						"0.0": [0, 15, 0],
						"0.5": [0, -15, 0],
						"1.0": [0, 15, 0]
					}
				},
				"tail": {
					"rotation": {
						"0.0": [0, 0, 0],
						"0.25": [0, 15, 0],
						"0.5": [0, 20, 0],
						"0.75": [0, -20, 0],
						"1.0": [0, 0, 0]
					}
				},
				"lowertail": {
					"rotation": {
						"0.0": [0, 0, 0],
						"0.25": [0, 22.5, 0],
						"0.5": [0, 25, 0],
						"0.75": [0, -2.5, 0],
						"0.875": [0, -21.25, 0],
						"1.0": [0, 0, 0]
					}
				},
				"head": {
					"rotation": {
						"0.0": [0, 0, 0],
						"0.25": [0, -20, 0],
						"0.5": [0, 1.67, 0],
						"0.75": [0, 15.84, 0],
						"1.0": [0, 0, 0]
					}
				}
			}
		},
		"animation.endisite.ground_idle": {
			"loop": true,
			"animation_length": 2,
			"bones": {
				"tail": {
					"rotation": {
						"0.0": [0, 0, 0],
						"1.0": [0, -32.5, 0],
						"1.5": [0, 32.5, 0],
						"2.0": [0, 0, 0]
					}
				},
				"lowertail": {
					"rotation": {
						"0.0": [0, 0, 0],
						"0.25": [0, 30, 0],
						"0.5": [0, 47.5, 0],
						"1.25": [0, -35, 0],
						"1.5": [0, -57.5, 0],
						"2.0": [0, 0, 0]
					}
				},
				"head": {
					"rotation": {
						"0.0": [0, 0, 0],
						"0.5": [5, 0, 0],
						"1.5": [0, 0, 0]
					},
					"position": {
						"0.0": [0, 0, 0],
						"1.0": [0, 0.25, 0],
						"2.0": [0, 0, 0]
					}
				}
			}
		},
		"animation.endisite.ground_walk": {
			"loop": true,
			"animation_length": 1,
			"bones": {
				"body": {
					"rotation": {
						"0.0": [0, 15, 0],
						"0.5": [0, -15, 0],
						"1.0": [0, 15, 0]
					}
				},
				"tail": {
					"rotation": {
						"0.0": [0, 0, 0],
						"0.25": [0, 15, 0],
						"0.5": [0, 20, 0],
						"0.75": [0, -20, 0],
						"1.0": [0, 0, 0]
					}
				},
				"lowertail": {
					"rotation": {
						"0.0": [0, 0, 0],
						"0.25": [0, 22.5, 0],
						"0.5": [0, 25, 0],
						"0.75": [0, -2.5, 0],
						"0.875": [0, -21.25, 0],
						"1.0": [0, 0, 0]
					}
				},
				"head": {
					"rotation": {
						"0.0": [0, 0, 0],
						"0.25": [0, -20, 0],
						"0.5": [0, 1.67, 0],
						"0.75": [0, 15.84, 0],
						"1.0": [0, 0, 0]
					}
				}
			}
		},
		"animation.endisite.faint": {
			"animation_length": 3.29167,
			"bones": {
				"body": {
					"rotation": {
						"0.0": [0, 0, 0],
						"0.0417": [0, 0, -22.5],
						"0.125": [0, 0, -75],
						"0.25": [0, 0, -90]
					},
					"position": {
						"0.0": [0, 0, 0],
						"0.0417": [-2, 2, 0],
						"0.125": [-5, 5, 0],
						"0.25": [-7, 4, 0],
						"0.3333": [-8, 2, 0],
						"0.4167": [-10, 2, 0]
					}
				},
				"tail": {
					"rotation": {
						"0.0": [0, 0, 0],
						"0.0417": [0, 15, 0],
						"0.3333": [-10, 0, 0],
						"0.625": [-72.5, 0, 0]
					}
				},
				"lowertail": {
					"rotation": {
						"0.0": [0, 0, 0],
						"0.0417": [0, 12.5, 0],
						"0.2083": [-22.5, 12.5, 0],
						"0.3333": [-25.77959, 30.78927, -8.7637],
						"0.4167": [-28.32159, -13.27207, 7.05309],
						"0.5833": [18.31584, -28.46296, 16.39211],
						"3.2917": [18.31584, -28.46296, 16.39211]
					}
				},
				"head": {
					"rotation": {
						"0.0": [0, 0, 0],
						"0.0417": [17.5, -25, 0],
						"0.25": [12.5, -25, 0],
						"0.3333": [11.50122, -10.32366, 3.26422],
						"0.375": [7.5, 12.5, 0],
						"0.4167": [7.35007, 5.06271, -0.98002],
						"0.625": [50.69966, 9.09838, 3.73126],
						"0.8333": [92.28131, 8.83758, 13.8519]
					}
				}
			}
		}
	}
}