{
  "implemented": true,
  "name": "Aurnaram",
  "nationalPokedexNumber": 4005,
  "primaryType": "fire",
  "abilities": [
    "blaze",
    "h:sturdy"
  ],
  "baseStats": {
    "hp": 80,
    "attack": 80,
    "defence": 90,
    "special_attack": 50,
    "special_defence": 60,
    "speed": 60
  },
  "behaviour": {
    "resting": {
      "canSleep": true,
      "depth": "normal",
      "light": "0-4",
      "willSleepOnBed": false,
      "times": "night"
    },
    "moving": {
      "canLook": true,
      "walk": {
        "walkSpeed": 0.25
      },
      "swim": {
        "swimSpeed": 0.3,
        "canSwimInWater": false,
        "canBreatheUnderwater": false
      },
      "fly": {
        "canFly": false,
        "flySpeedHorizontal": 0.3
      }
    }
  },
  "catchRate": 45,
  "maleRatio": 0.88,
  "shoulderMountable": false,
  "baseExperienceYield": 140,
  "experienceGroup": "medium_fast",
  "eggCycles": 20,
  "eggGroups": [
    "field"
  ],
  "drops": {
    "amount": 1,
    "entries": [
      {
        "item": "minecraft:gold_ingot",
        "quantityRange": "1-2",
        "percentage": 50
      },
      {
        "item": "minecraft:coal",
        "quantityRange": "4-5",
        "percentage": 36
      }
    ]
  },
  "moves": [
    "1:tackle",
    "1:leer",
    "1:ember",
    "6:harden",
    "10:headbutt",
    "12:detect",
    "15:flamecharge",
    "20:smartstrike",
    "26:flamethrower",
    "29:doubleedge",
    "36:irondefense",
    "40:flareblitz",
    "44:heavyslam",
    "tm:takedown",
    "tm:ironhead",
    "tm:flamethrower",
    "tm:irondefense",
    "tm:fireblast",
    "tm:sunnyday",
    "tm:firepledge",
    "tm:brickbreak",
    "tm:heatwave",
    "tm:mudshot",
    "tm:zenheadbutt",
    "tm:sleeptalk",
    "tm:rest",
    "tm:protect",
    "tm:knockoff",
    "tm:fling",
    "tm:firepunch",
    "tm:return",
    "tm:frustration",
    "tm:superpower",
    "tm:firefang",
    "tm:substitute",
    "tm:terablast",
    "tutor:rocksmash",
    "tutor:doubleedge",
    "egg:doubleedge",
    "egg:hornleech",
    "egg:recover",
    "egg:counter",
    "egg:meteormash",
    "egg:wideguard" 
  ],
  "labels": [
    "lumora"
  ],
  "pokedex": [
    "cobblemon.species.aurnaram.desc1"
  ],
  "baseScale": 0.7,
  "hitbox": {
    "width": 1,
    "height": 1.7,
    "fixed": false
  },
  "baseFriendship": 50,
  "evYield": {
    "hp": 0,
    "attack": 0,
    "defence": 1,
    "special_attack": 0,
    "special_defence": 0,
    "speed": 0
  },
  "height": 11,
  "weight": 208,
  "evolutions": [
    {
      "id": "aurnaram-furnauries-level_up",
      "variant": "level_up",
      "result": "furnauries",
      "consumeHeldItem": false,
      "learnableMoves": [
        "ironhead"
      ],
      "requirements": [
        {
          "variant": "level",
          "minLevel": 36
        }
      ],
      "requiredContext": ""
    }
  ]
}