{
    "implemented": true,
    "name": "Equelpi",
    "nationalPokedexNumber": 4007,
    "primaryType": "water",
    "abilities": [
        "torrent",
        "h:anticipation"
    ],
    "baseStats": {
        "hp": 45,
        "attack": 54,
        "defence": 35,
        "special_attack": 66,
        "special_defence": 65,
        "speed": 45
    },
    "catchRate": 45,
    "maleRatio": 0.875,
    "shoulderMountable": false,
    "forms": [],
    "baseExperienceYield": 60,
    "experienceGroup": "medium_fast",
    "eggCycles": 20,
    "eggGroups": [
        "water_1",
        "dragon"
    ],
    "behaviour": {
        "resting": {
          "canSleep": true,
          "willSleepOnBed": true,
          "depth": "normal",
          "light": "0-4"
        },
        "moving": {
          "walk": {
            "walkSpeed": 0.15
          },
          "swim": {
            "swimSpeed": 0.3,
            "canSwimInWater": true,
            "canBreatheUnderwater": true
          }
        }
      },
    "drops": {
        "amount": "2",
        "entries": [
            {
                "item": "minecraft:kelp",
                "quantityRange": "1-2",
                "percentage": 33
            },
            {
                "item": "cobblemon:mystic_water",
                "percentage": 5.0
            }
        ]
    },
    "moves": [
        "1:pound",
        "1:tailwhip",
        "1:watergun",
        "6:twister",
        "10:aquajet",
        "12:mist",
        "15:bubblebeam",
        "19:stomp",
        "24:aquatail",
        "26:highhorsepower",
        "32:agility",
        "35:hydropump",
        "egg:magnetrise",
        "egg:haze",
        "egg:extrasensory",
        "egg:dragonrage",
        "egg:extremespeed",
        "egg:dragonbreath",
        "egg:aquaring",
        "tm:takedown",
        "tm:agility",
        "tm:protect",
        "tm:waterpulse",
        "tm:confuseray",
        "tm:disarmingvoice",
        "tm:chillingwater",
        "tm:facade",
        "tm:swift",
        "tm:icywind",
        "tm:raindance",
        "tm:psyshock",
        "tm:sleeptalk",
        "tm:waterfall",
        "tm:thunderwave",
        "tm:rest",
        "tm:substitute",
        "tm:tailwind",
        "tm:surf",
        "tm:helpinghand",
        "tm:hydropump",
        "tm:waterpledge",
        "tm:terablast",
        "tm:dive",
        "tm:round",
        "tm:tailslap",
        "tm:hiddenpower",
        "tm:frustration",
        "tm:return",
        "tm:doubleteam",
        "tm:flipturn",
        "tm:defog",
        "tm:doubleedge"
    ],
    "labels": [ "lumora"
    ],
    "pokedex": [
        "cobblemon.species.equelpi.desc1"
    ],
    "evolutions": [
    {
      "id": "equelpi_equiross",
      "variant": "level_up",
      "result": "equiross",
      "consumeHeldItem": false,
      "learnableMoves": [
        "doublekick"
      ],
      "requirements": [
        {
          "variant": "level",
          "minLevel": 16
        }
      ]
    }
  ],
    "baseScale": 0.7,
    "hitbox": {
        "width": 1.0,
        "height": 1.0,
        "fixed": false
    },
    "baseFriendship": 70,
    "evYield": {
        "special_attack": 1
    },
    "height": 5,
    "weight": 110
}