{
  "implemented": true,
  "name": "Furnauries",
  "nationalPokedexNumber": 4006,
  "primaryType": "fire",
  "secondaryType": "steel",
  "abilities": [
    "blaze",
    "h:goodasgold"
  ],
  "baseStats": {
    "hp": 100,
    "attack": 100,
    "defence": 120,
    "special_attack": 55,
    "special_defence": 90,
    "speed": 70
  },
  "behaviour": {
    "resting": {
      "canSleep": true,
      "depth": "normal",
      "light": "0-4",
      "willSleepOnBed": false,
      "times": "night"
    },
    "moving": {
      "canLook": true,
      "walk": {
        "canWalk": true,
        "avoidsLand": false,
        "walkSpeed": 0.3
      },
      "swim": {
        "swimSpeed": 0.3,
        "canSwimInWater": false,
        "canBreatheUnderwater": false
      },
      "fly": {
        "canFly": false,
        "flySpeedHorizontal": 0.3
      }
    }
  },
  "catchRate": 45,
  "maleRatio": 0.88,
  "shoulderMountable": false,
  "baseExperienceYield": 240,
  "experienceGroup": "medium_fast",
  "eggCycles": 20,
  "eggGroups": [
    "field"
  ],
  "drops": {
    "amount": 1,
    "entries": [
      {
        "item": "minecraft:gold_ingot",
        "quantityRange": "3-4",
        "percentage": 50
      },
      {
        "item": "minecraft:coal",
        "quantityRange": "4-5",
        "percentage": 36
      },
      {
        "item": "minecraft:goat_horn",
        "quantityRange": "1-1",
        "percentage": 41
      },
      {
        "item": "minecraft:golden_chestplate",
        "quantityRange": "1-1",
        "percentage": 20
      }
    ]
  },
  "moves": [
    "1:takedown",
    "1:ironhead",
    "1:superpower",
    "1:burningbulwark",
    "1:tackle",
    "1:leer",
    "1:ember",
    "6:harden",
    "10:headbutt",
    "12:detect",
    "15:flamecharge",
    "20:smartstrike",
    "26:flamethrower",
    "29:doubleedge",
    "36:irondefense",
    "41:flareblitz",
    "46:heavyslam",
    "52:headlongrush",
    "59:noretreat",
    "66:ragingfury",
    "tm:takedown",
    "tm:ironhead",
    "tm:flamethrower",
    "tm:irondefense",
    "tm:bodypress",
    "tm:fireblast",
    "tm:sunnyday",
    "tm:megahorn",
    "tm:earthquake",
    "tm:superpower",
    "tm:firepledge",
    "tm:brickbreak",
    "tm:heatcrash",
    "tm:thunderpunch",
    "tm:bulkup",
    "tm:heatwave",
    "tm:mudshot",
    "tm:highhorsepower",
    "tm:zenheadbutt",
    "tm:sleeptalk",
    "tm:rest",
    "tm:protect",
    "tm:rockslide",
    "tm:stoneedge",
    "tm:knockoff",
    "tm:wildcharge",
    "tm:coaching",
    "tm:hardpress",
    "tm:bulldoze",
    "tm:fling",
    "tm:bodyslam",
    "tutor:blastburn",
    "tm:firepunch",
    "tm:return",
    "tm:frustration",
    "tm:metalsound",
    "tm:superpower",
    "tm:focusblast",
    "tm:flashcannon",
    "tm:drainpunch",
    "tm:upperhand",
    "tm:firefang",
    "tm:rocktomb",
    "tm:substitute",
    "tm:terablast",
    "tm:sleeptalk",
    "tm:snore",
    "tm:swordsdance",
    "tutor:rocksmash",
    "tutor:doubleedge",
    "egg:doubleedge",
    "egg:hornleech",
    "egg:recover",
    "egg:counter",
    "egg:meteormash",
    "egg:wideguard"
  ],
  "labels": [
    "lumora"
  ],
  "pokedex": [
    "cobblemon.species.furnauries.desc1"
  ],
  "baseScale": 1.0,
  "hitbox": {
    "width": 2.1,
    "height": 2.8,
    "fixed": false
  },
  "baseFriendship": 50,
  "evYield": {
    "hp": 1,
    "attack": 0,
    "defence": 2,
    "special_attack": 0,
    "special_defence": 0,
    "speed": 0
  },
  "height": 22,
  "weight": 5100
  
}