{
  "implemented": true,
  "name": "infastella",
  "nationalPokedexNumber": 4398,
  "primaryType": "psychic",
  "secondaryType": "fairy",
  "abilities": [
    "unaware",
    "synchronize",
    "h:mistysurge"
  ],
  "baseStats": {
    "hp": 60,
    "attack": 60,
    "defence": 60,
    "special_attack": 60,
    "special_defence": 60,
    "speed": 60
  },
  "behaviour": {
    "resting": {
      "canSleep": true,
      "depth": "normal",
      "light": "0-4",
      "willSleepOnBed": false,
      "times": "night"
    },
    "moving": {
      "canLook": true,
      "walk": {
        "canWalk": true,
        "avoidsLand": false
      },
      "swim": {
        "swimSpeed": 0.4,
        "canSwimInWater": true,
        "canBreatheUnderwater": true
      },
      "fly": {
        "canFly": true,
        "flySpeedHorizontal": 0.3
      }
    }
  },
  "catchRate": 3,
  "maleRatio": -1,
  "shoulderMountable": false,
  "baseExperienceYield": 275,
  "experienceGroup": "slow",
  "eggCycles": 100,
  "eggGroups": [
    "undiscovered"
  ],
  "drops": {
    "amount": 1,
    "entries": [
      {
        "item": "minecraft:nether_star",
        "quantityRange": "1-1",
        "percentage": 63
      }
    ]
  },
  "moves": [
    "1:rest",
    "1:splash",
    "1:teleport",
    "1:flail",
    "7:fairywind",
    "7:astonish",
    "17:babydolleyes",
    "24:swift",
    "31:calmmind",
    "34:dazzlinggleam",
    "34:phantomforce",
    "41:cosmicpower",
    "48:yawn",
    "51:return",
    "51:frustration",
    "54:takeheart",
    "tm:calmmind",
    "tm:dazzlinggleam",
    "tm:rest",
    "tm:sleeptalk",
    "tm:protect",
    "tm:return",
    "tm:frustration",
    "tm:meteorbeam"
  ],
  "labels": [
    "custom","legendary"
  ],
  "pokedex": [
    "cobblemon.species.infastella.desc1"
  ],
  "baseScale": 0.6,
  "hitbox": {
    "width": 1,
    "height": 1,
    "fixed": false
  },
  "baseFriendship": 0,
  "evYield": {
    "hp": 0,
    "attack": 0,
    "defence": 0,
    "special_attack": 0,
    "special_defence": 0,
    "speed": 1
  },
  "height": 3,
  "weight": 8640,
  "evolutions": [
    {
      "id": "infastella-stellotl-level_up",
      "variant": "level_up",
      "result": "stellotl",
      "consumeHeldItem": false,
      "learnableMoves": [
        "dracometeor"
      ],
      "requirements": [
        {
          "variant": "level",
          "minLevel": 55
        },
        {
          "variant": "friendship",
          "amount": 180
        },
        {
          "variant": "time_range",
          "range": "midnight"
        }
      ],
      "requiredContext": ""
    }
  ]
}