
{"implemented": false,
"name": "stellumbra",
"nationalPokedexNumber": 4400,
"labels": [ "custom","legendary" ],
"pokedex": [
  "cobblemon.species.stellumbra.desc1"
],
"height": 4,
"weight": 1,
"forms": [
  { "name": "normal" }
],
"shoulderMountable": true,
"shoulderEffects": [
  {
    "type": "potion_effect",
    "effect": "minecraft:slow_falling",
    "amplifier": 0,
    "ambient": true,
    "showParticles": false,
    "showIcon": false
  }
],

"primaryType": "psychic",
"secondaryType": "ghost",
"baseStats": {
  "hp": 90,
  "attack": 130,
  "defence": 90,
  "special_attack": 90,
  "special_defence": 80,
  "speed": 120
},
"catchRate": 3,
"maleRatio": -1,
"baseExperienceYield": 275,
"experienceGroup": "slow",
"eggCycles": 120,
"eggGroups": [
  "undiscovered"
],
"baseFriendship": 0,
"evYield": {
  "attack": 2,
  "speed": 1
},
"moves": [
    "1:psychicfangs",
    "1:dreameater",
    "1:nastyplot",
    "1:confusion",
    "1:confuseray",
    "1:swift",
    "1:cometpunch",
    "1:takeheart",
    "7:dragonrage",
    "14:astonish",
    "17:meanlook",
    "24:nightshade",
    "31:barrier",
    "34:phantomforce",
    "41:slam",
    "48:hypnosis",
    "51:meteormash",
    "58:shadowball",
    "68:strangesteam",
    "75:cosmicpower",
    "82:recover",
    "85:nightdaze",
    "92:spectralthief",
    "99:meteorbeam",
    "100:boltstrike",
    "tm:charm",
    "tm:faketears",
    "tm:agility",
    "tm:protect",
    "tm:waterpulse",
    "tm:acrobatics",
    "tm:psybeam",
    "tm:confuseray",
    "tm:hex",
    "tm:chillingwater",
    "tm:chargebeam",
    "tm:facade",
    "tm:poisontail",
    "tm:aerialace",
    "tm:swift",
    "tm:magicalleaf",
    "tm:icywind",
    "tm:mudshot",
    "tm:leechlife",
    "tm:storedpower",
    "tm:fling",
    "tm:dragontail",
    "tm:venoshock",
    "tm:voltswitch",
    "tm:sunnyday",
    "tm:raindance",
    "tm:sandstorm",
    "tm:snowscape",
    "tm:psyshock",
    "tm:dig",
    "tm:zenheadbutt",
    "tm:uturn",
    "tm:shadowclaw",
    "tm:sleeptalk",
    "tm:reflect",
    "tm:lightscreen",
    "tm:waterfall",
    "tm:dragonclaw",
    "tm:dazzlinggleam",
    "tm:metronome",
    "tm:thunderwave",
    "tm:poisonjab",
    "tm:rest",
    "tm:imprison",
    "tm:flashcannon",
    "tm:eerieimpulse",
    "tm:skillswap",
    "tm:ironhead",
    "tm:dragondance",
    "tm:powergem",
    "tm:substitute",
    "tm:trick",
    "tm:liquidation",
    "tm:aurasphere",
    "tm:dragonpulse",
    "tm:hypervoice",
    "tm:energyball",
    "tm:psychic",
    "tm:encore",
    "tm:surf",
    "tm:flamethrower",
    "tm:thunderbolt",
    "tm:playrough",
    "tm:amnesia",
    "tm:calmmind",
    "tm:helpinghand",
    "tm:batonpass",
    "tm:icebeam",
    "tm:fireblast",
    "tm:hydropump",
    "tm:blizzard",
    "tm:wildcharge",
    "tm:sludgebomb",
    "tm:gigaimpact",
    "tm:focusblast",
    "tm:trickroom",
    "tm:hyperbeam",
    "tm:thunder",
    "tm:solarbeam",
    "tm:shadowball",
    "tm:terablast",
    "tm:screech",
    "tm:safeguard",
    "tm:snore",
    "tm:taunt",
    "tm:whirlpool",
    "tm:dive",
    "tm:weatherball",
    "tm:bounce",
    "tm:powerswap",
    "tm:guardswap",
    "tm:speedswap",
    "tm:wonderroom",
    "tm:magicroom",
    "tm:round",
    "tm:tailslap",
    "tm:firefang",
    "tm:breakingswipe",
    "tm:roar",
    "tm:toxic",
    "tm:hiddenpower",
    "tm:frustration",
    "tm:frustration",
    "tm:doubleteam",
    "tm:echoedvoice",
    "tm:scald",
    "tm:psychup",
    "tm:frostbreath",
    "tm:dreameater",
    "tm:naturepower",
    "tm:confide",
    "tm:triattack",
    "tm:irontail",
    "tm:futuresight",
    "tm:uproar",
    "tm:cosmicpower",
    "tm:muddywater",
    "tm:powerwhip",
    "tm:allyswitch",
    "tm:mistyexplosion",
    "tm:flipturn",
    "tm:lashout",
    "tm:honeclaws",
    "tm:defog",
    "tm:meteorbeam",
    "tm:skittersmack",
    "tm:signalbeam"
  ],
  "abilities": [ 
    "illusion",
    "prankster",
    "h:shadowshield"
  ],

  "baseScale": 0.6,
  "hitbox": {
    "width": 0.9,
    "height": 1.4,
    "fixed": false
  },
  "drops": {
  "amount": "1",
    "entries": [
      {
        "item": "minecraft:nether_star",
        "quantityRange": "0-1",
        "percentage": 66
      }
    ]
  },
  "behaviour": {
    "resting": {
     "canSleep": true,
     "willSleepOnBed": false,
     "depth": "normal",
     "light": "0-4"
   },
    "moving": {  
      "canLook": true,
      "fly": {
        "canFly": true
      },          
      "swim": {
        "swimSpeed": 0.8,
        "canSwimInWater": true,
        "canBreatheUnderwater": true
      }
    }
  }

}
