{
    "implemented": true,
    "name": "Tigriff",
    "nationalPokedexNumber": 4001,
    "primaryType": "grass",
    "secondaryType": "flying",
    "abilities": [
        "overgrow",
        "h:keeneye"
    ],
    "baseStats": {
        "hp": 57,
        "attack": 89,
        "defence": 50,
        "special_attack": 60,
        "special_defence": 60,
        "speed": 104
    },
    "catchRate": 45,
    "maleRatio": 0.875,
    "shoulderMountable": false,
    "forms": [],
    "baseExperienceYield": 60,
    "experienceGroup": "medium_fast",
    "eggCycles": 20,
    "eggGroups": [
        "grass",
        "monster"
    ],
    "behaviour": {
        "resting": {
          "canSleep": true,
          "willSleepOnBed": false,
          "depth": "normal",
          "light": "0-4"
        },
        "moving": {
          "fly": {
            "canFly": true
          },
          "swim": {
            "swimSpeed": 0.5,
            "canSwimInWater": true,
            "canBreatheUnderwater": true
          }
        }
      },
    "drops": {
        "amount": "2",
        "entries": [
            {
                "item": "minecraft:feather",
                "quantityRange": "1-2",
                "percentage": 33
            },
            {
                "item": "cobblemon:fairy_feather",
                "percentage": 10.0
            }
        ]
    },
    "moves": [
      "1:scratch",
      "1:growl",
      "1:leafage",
      "6:peck",
      "10:aromatherapy",
      "12:charm",
      "15:trailblaze",
      "19:furyswipes",
      "24:leafblade",
      "26:pluck",
      "32:screech",
      "35:bravebird",
      "egg:ancientpower",
      "egg:flowershield",
      "egg:poisontail",
      "egg:leechseed",
      "egg:featherdance",
      "tm:takedown",
      "tm:protect",
      "tm:rest",
      "tm:sleeptalk",
      "tm:terablast",
      "tm:charm",
      "tm:bravebird",
      "tm:tailwind",
      "tm:energyball",
      "tm:gigadrain",
      "tm:seedbomb",
      "tm:bulletseed",
      "tm:uturn",
      "tm:aerialace",
      "tm:fly",
      "tm:rocksmash",
      "tm:cut",
      "tm:grasspledge",
      "tm:grassyterrain",
      "tm:grassyglide",
      "tm:helpinghand",
      "tm:airslash",
      "tm:roost",
      "tm:solarbeam",
      "tm:magicalleaf",
      "tm:irontail",
      "tm:swordsdance",
      "tm:knockoff",
      "tm:return"
    ],
    "labels": [ "lumora"
    ],
    "pokedex": [
        "cobblemon.species.tigriff.desc1"
    ],
    "evolutions": [
    {
      "id": "tigriff_griffern",
      "variant": "level_up",
      "result": "griffern",
      "consumeHeldItem": false,
      "learnableMoves": [
        "slash"
      ],
      "requirements": [
        {
          "variant": "level",
          "minLevel": 16
        }
      ]
    }
  ],
    "baseScale": 0.7,
    "hitbox": {
        "width": 1.0,
        "height": 1.0,
        "fixed": false
    },
    "baseFriendship": 70,
    "evYield": {
        "attack": 1
    },
    "height": 4,
    "weight": 90
}