{
	"format_version": "1.12.0",
	"minecraft:geometry": [
		{
			"description": {
				"identifier": "geometry.highyena",
				"texture_width": 128,
				"texture_height": 128,
				"visible_bounds_width": 6,
				"visible_bounds_height": 3.5,
				"visible_bounds_offset": [0, 1.25, 0]
			},
			"bones": [
				{
					"name": "highyena",
					"pivot": [0, 0, 0]
				},
				{
					"name": "body",
					"parent": "highyena",
					"pivot": [0, 19, 2]
				},
				{
					"name": "torso",
					"parent": "body",
					"pivot": [0, 21, -5.25],
					"cubes": [
						{"origin": [-5.5, 14.5, -2.25], "size": [11, 11, 9], "uv": [0, 21]},
						{"origin": [-4.5, 12.5, 5.75], "size": [9, 11, 7], "inflate": 0.01, "uv": [40, 21]}
					]
				},
				{
					"name": "waist",
					"parent": "torso",
					"pivot": [0, 25, -2.25]
				},
				{
					"name": "hip",
					"parent": "waist",
					"pivot": [0, 28.5, 5.75]
				},
				{
					"name": "tail",
					"parent": "hip",
					"pivot": [0, 22.25, 12.75],
					"cubes": [
						{"origin": [-2, 18.25, 11.75], "size": [4, 4, 6], "uv": [0, 92]}
					]
				},
				{
					"name": "tail2",
					"parent": "tail",
					"pivot": [0, 23.25, 16.75],
					"cubes": [
						{"origin": [-2.5, 17.75, 16.75], "size": [5, 5, 7], "uv": [76, 0]},
						{"origin": [0, 20.5, 18.75], "size": [0, 5, 11], "uv": [46, 74]}
					]
				},
				{
					"name": "tail3",
					"parent": "tail2",
					"pivot": [0, 23.25, 21.75],
					"cubes": [
						{"origin": [-3, 17.25, 21.75], "size": [6, 6, 8], "uv": [30, 55]}
					]
				},
				{
					"name": "tail_tip",
					"parent": "tail3",
					"pivot": [0, 23.5, 26.75],
					"cubes": [
						{"origin": [-2, 16.87, 28.75], "size": [0, 4, 8], "pivot": [-3, 20.5, 33.75], "rotation": [0, 0, -37.5], "uv": [20, 97]},
						{"origin": [2, 16.87, 28.75], "size": [0, 4, 8], "pivot": [3, 20.5, 33.75], "rotation": [0, 0, 37.5], "uv": [98, 12]}
					]
				},
				{
					"name": "chest",
					"parent": "torso",
					"pivot": [0, 22, -0.25],
					"cubes": [
						{"origin": [-7.5, 15, -9.25], "size": [15, 12, 9], "pivot": [0, 21, -4.75], "rotation": [0, 180, 0], "uv": [0, 0]},
						{"origin": [2.5, 24, -5.25], "size": [4, 4, 7], "uv": [72, 28]},
						{"origin": [-6.5, 24, -5.25], "size": [4, 4, 7], "uv": [88, 67]}
					]
				},
				{
					"name": "tail7",
					"parent": "chest",
					"pivot": [0, 29.25, -8.25],
					"cubes": [
						{"origin": [-2.5, 23.75, -8.25], "size": [5, 5, 7], "uv": [76, 0]},
						{"origin": [0, 26.5, -6.25], "size": [0, 5, 11], "uv": [46, 74]}
					]
				},
				{
					"name": "tail8",
					"parent": "tail7",
					"pivot": [0, 29.25, -3.25],
					"cubes": [
						{"origin": [-3, 23.25, -3.25], "size": [6, 6, 8], "uv": [30, 55]}
					]
				},
				{
					"name": "tail_tip3",
					"parent": "tail8",
					"pivot": [0, 22.5, 1.75],
					"cubes": [
						{"origin": [-2, 25.13, 3.75], "size": [0, 4, 8], "pivot": [-3, 25.5, 8.75], "rotation": [0, 0, 37.5], "uv": [20, 97]},
						{"origin": [2, 25.13, 3.75], "size": [0, 4, 8], "pivot": [3, 25.5, 8.75], "rotation": [0, 0, -37.5], "uv": [98, 12]}
					]
				},
				{
					"name": "torso_fluff_left",
					"parent": "chest",
					"pivot": [3.5, 23, -5.25],
					"cubes": [
						{"origin": [5.5, 17, -0.25], "size": [0, 6, 10], "pivot": [5.5, 23, 4.75], "rotation": [0, 0, -25], "uv": [68, 74]}
					]
				},
				{
					"name": "torso_fluff_right",
					"parent": "chest",
					"pivot": [-5.5, 23, -5.25],
					"cubes": [
						{"origin": [-5.5, 17, -0.25], "size": [0, 6, 10], "pivot": [-5.5, 23, 4.75], "rotation": [0, 0, 25], "uv": [0, 76]}
					]
				},
				{
					"name": "neck",
					"parent": "chest",
					"pivot": [-2.5, 21.8, -6.8],
					"rotation": [82.5, 0, 0],
					"cubes": [
						{"origin": [-3.5, 19.5, -10.85], "size": [7, 8, 8], "inflate": 0.01, "pivot": [0, 23.75, -7.6], "rotation": [-72.5, 0, 0], "uv": [40, 39]}
					]
				},
				{
					"name": "neck2",
					"parent": "neck",
					"pivot": [0, 25.05, -9.3],
					"cubes": [
						{"origin": [-3, 25, -14.2], "size": [6, 7, 9], "pivot": [0, 28.3, -10.8], "rotation": [-57.5, 0, 0], "uv": [0, 41]},
						{"origin": [-4, 27.8, -13.5], "size": [3, 4.9, 8], "pivot": [0, 28.3, -10.8], "rotation": [-57.5, 0, 0], "uv": [80, 55]},
						{"origin": [1, 27.8, -13.5], "size": [3, 4.9, 8], "pivot": [0, 28.3, -10.8], "rotation": [-57.5, 0, 0], "uv": [20, 85]},
						{"origin": [-2, 27.8, -9.3], "size": [5, 0, 7], "pivot": [2.5, 27.8, -5.3], "rotation": [0, 57.5, 90], "uv": [48, 14]},
						{"origin": [-3, 27.8, -9.3], "size": [5, 0, 7], "pivot": [-2.5, 27.8, -5.3], "rotation": [0, -57.5, -90], "uv": [78, 93]}
					]
				},
				{
					"name": "neck_fluff_left",
					"parent": "neck2",
					"pivot": [4, 30.85, -9.5],
					"rotation": [-63.4, 12, -17.4],
					"cubes": [
						{"origin": [3.95, 24.85, -9.5], "size": [0, 8.9, 11], "uv": [0, 57]}
					]
				},
				{
					"name": "neck_fluff_right",
					"parent": "neck2",
					"pivot": [-4, 30.85, -9.5],
					"rotation": [-63.4, -12, 17.4],
					"cubes": [
						{"origin": [-3.95, 24.85, -9.5], "size": [0, 8.9, 11], "uv": [58, 55]}
					]
				},
				{
					"name": "head",
					"parent": "neck2",
					"pivot": [0, 30.4, -12.45],
					"rotation": [-85, 0, 0],
					"cubes": [
						{"origin": [-4.5, 26.5, -18.5], "size": [9, 9, 7], "uv": [96, 112]},
						{"origin": [-1, 35.8, -18.3], "size": [3, 0, 7], "pivot": [1.5, 35.8, -14.3], "rotation": [0, 0, 90], "uv": [50, 14]},
						{"origin": [-4, 35.8, -18.3], "size": [3, 0, 7], "pivot": [-1.5, 35.8, -14.3], "rotation": [0, 0, 90], "uv": [50, 14]},
						{"origin": [-4.5, 35.8, -18.3], "size": [5, 0, 7], "pivot": [0, 35.8, -14.3], "rotation": [0, 0, 90], "uv": [48, 14]},
						{"origin": [-2, 28.4, -23.25], "size": [4, 3, 5], "inflate": 0.01, "pivot": [0, 29.4, -19], "rotation": [5, 0, 0], "uv": [78, 100]},
						{"origin": [-2, 28.1, -22.25], "size": [0.25, 1, 1], "inflate": 0.01, "pivot": [-1.5, 28.1, -21.25], "rotation": [51.44583, -1.44989, 12.34501], "uv": [42, 85]},
						{"origin": [1.75, 28.1, -22.25], "size": [0.25, 1, 1], "inflate": 0.01, "pivot": [1.5, 28.1, -21.25], "rotation": [51.44583, 1.44989, -12.34501], "uv": [43, 85], "mirror": true},
						{"origin": [-1.75, 28, -20.7], "size": [0, 1, 1], "pivot": [-1, 28.15, -20.2], "rotation": [-40, 0, 0], "uv": [22, 67]},
						{"origin": [-1.75, 28.25, -19.7], "size": [0, 1, 1], "pivot": [-1, 28.4, -19.2], "rotation": [-40, 0, 0], "uv": [24, 67]},
						{"origin": [1.75, 28, -20.7], "size": [0, 1, 1], "pivot": [1, 28.15, -20.2], "rotation": [-40, 0, 0], "uv": [26, 67]},
						{"origin": [1.75, 28.25, -19.7], "size": [0, 1, 1], "pivot": [1, 28.4, -19.2], "rotation": [-40, 0, 0], "uv": [28, 67]}
					]
				},
				{
					"name": "jaw",
					"parent": "head",
					"pivot": [0, 28.85, -17.5],
					"cubes": [
						{"origin": [-1, 28, -20.5], "size": [0, 1, 1], "pivot": [-1, 28.65, -20.5], "rotation": [-40, 0, 0], "uv": [56, 69]},
						{"origin": [-1.75, 28, -19.5], "size": [0, 1, 1], "pivot": [-1, 28.65, -19.25], "rotation": [-40, 0, 0], "uv": [56, 71]},
						{"origin": [1.75, 28, -19.5], "size": [0, 1, 1], "pivot": [1, 28.65, -19.25], "rotation": [-40, 0, 0], "uv": [76, 12]},
						{"origin": [1, 28, -20.5], "size": [0, 1, 1], "pivot": [1, 28.65, -20.5], "rotation": [-40, 0, 0], "uv": [20, 76]},
						{"origin": [-2, 27.4, -23.25], "size": [4, 1, 5], "pivot": [0, 31.5, -19.5], "rotation": [5, 0, 0], "uv": [96, 100]}
					]
				},
				{
					"name": "ear_right",
					"parent": "head",
					"pivot": [-3.5, 31.5, -16.5],
					"cubes": [
						{"origin": [-8.5, 31.5, -17.5], "size": [5, 8, 0], "pivot": [-2.5, 31.5, -17], "rotation": [0, 45, 0], "uv": [30, 41]}
					]
				},
				{
					"name": "ear_left",
					"parent": "head",
					"pivot": [3.5, 31.5, -16.5],
					"cubes": [
						{"origin": [3.5, 31.5, -17.5], "size": [5, 8, 0], "pivot": [2.5, 31.5, -17], "rotation": [0, -45, 0], "uv": [78, 108]}
					]
				},
				{
					"name": "eye_right",
					"parent": "head",
					"pivot": [-2.5, 31, -18.25],
					"cubes": [
						{"origin": [-3, 30.5, -18.5], "size": [1, 1, 0], "inflate": 0.02, "uv": [30, 54]},
						{"origin": [-3.5, 30, -18.5], "size": [2, 2, 1], "inflate": 0.01, "uv": [78, 90]}
					]
				},
				{
					"name": "eye_left",
					"parent": "head",
					"pivot": [2.5, 31, -18.25],
					"cubes": [
						{"origin": [2, 30.5, -18.5], "size": [1, 1, 0], "inflate": 0.02, "uv": [32, 54]},
						{"origin": [1.5, 30, -18.5], "size": [2, 2, 1], "inflate": 0.01, "uv": [94, 52]}
					]
				},
				{
					"name": "eyelid_right",
					"parent": "head",
					"pivot": [-1.5, 31, -17],
					"cubes": [
						{"origin": [-2.5, 29.5, -17.5], "size": [2, 3, 1], "inflate": 0.01, "uv": [36, 97]}
					]
				},
				{
					"name": "eyelid_left",
					"parent": "head",
					"pivot": [1.5, 31, -17],
					"cubes": [
						{"origin": [0.5, 29.5, -17.5], "size": [2, 3, 1], "inflate": 0.01, "uv": [98, 24]}
					]
				},
				{
					"name": "arm_left",
					"parent": "body",
					"pivot": [-9.5, 19, -5.5],
					"cubes": [
						{"origin": [-11.25, 11.25, -7.5], "size": [4, 10, 5], "uv": [88, 78]}
					]
				},
				{
					"name": "fur_end_left",
					"parent": "arm_left",
					"pivot": [-7.25, 22, 2.25],
					"cubes": [
						{"origin": [-11.75, 17.25, -8.75], "size": [5, 6, 8], "uv": [72, 14], "mirror": true},
						{"origin": [-9.5, 22.75, -7.75], "size": [0, 3, 7], "uv": [36, 105], "mirror": true},
						{"origin": [-11.5, 18, -7.75], "size": [0, 4, 8], "pivot": [-11.5, 20, -7.75], "rotation": [0, -10, 0], "uv": [100, 0]}
					]
				},
				{
					"name": "fluff_tip_left",
					"parent": "fur_end_left",
					"pivot": [-8.75, 19.75, 7.25],
					"cubes": [
						{"origin": [-11.5, 15.25, -6.75], "size": [0, 6, 9], "pivot": [-9, 16.25, -4.25], "rotation": [-50, 18, 14], "uv": [60, 90], "mirror": true}
					]
				},
				{
					"name": "elbow_left",
					"parent": "arm_left",
					"pivot": [-9.25, 11.25, -2.75],
					"cubes": [
						{"origin": [-10.75, 6.25, -6.75], "size": [3, 5, 4], "inflate": 0.01, "uv": [50, 105]}
					]
				},
				{
					"name": "forearm_left",
					"parent": "elbow_left",
					"pivot": [-9.25, 6, -3.5],
					"cubes": [
						{"origin": [-10.75, 2, -6.25], "size": [3, 5, 3], "uv": [106, 85]}
					]
				},
				{
					"name": "front_paw_left",
					"parent": "forearm_left",
					"pivot": [-9.25, 1, -4.25],
					"cubes": [
						{"origin": [-10.75, 0, -7.25], "size": [3, 2, 4], "inflate": 0.01, "uv": [96, 106]}
					]
				},
				{
					"name": "toes_left",
					"parent": "front_paw_left",
					"pivot": [-9.25, 0.75, -6]
				},
				{
					"name": "toe1_left",
					"parent": "toes_left",
					"pivot": [-10.75, 0.75, -6],
					"cubes": [
						{"origin": [-11.25, 0, -8.75], "size": [1, 2, 3], "uv": [22, 57]},
						{"origin": [-10.75, -0.5, -11.25], "size": [0, 3, 4], "uv": [64, 89]}
					]
				},
				{
					"name": "toe_right",
					"parent": "toes_left",
					"pivot": [-9.25, 0.75, -6],
					"cubes": [
						{"origin": [-10.25, 0, -8.75], "size": [2, 2, 3], "uv": [30, 49]},
						{"origin": [-9.25, -0.5, -11.25], "size": [0, 3, 4], "uv": [64, 89]}
					]
				},
				{
					"name": "toe3_left",
					"parent": "toes_left",
					"pivot": [-7.75, 0.75, -6],
					"cubes": [
						{"origin": [-8.25, 0, -8.75], "size": [1, 2, 3], "uv": [22, 62]},
						{"origin": [-7.75, -0.5, -11.25], "size": [0, 3, 4], "uv": [64, 89]}
					]
				},
				{
					"name": "arm_right",
					"parent": "body",
					"pivot": [9.5, 19, -5.5],
					"cubes": [
						{"origin": [7.25, 11.25, -7.5], "size": [4, 10, 5], "uv": [42, 90]}
					]
				},
				{
					"name": "fur_end_right",
					"parent": "arm_right",
					"pivot": [7.25, 22, 2.25],
					"cubes": [
						{"origin": [6.75, 17.25, -8.75], "size": [5, 6, 8], "uv": [72, 14]},
						{"origin": [9.5, 22.75, -7.75], "size": [0, 3, 7], "uv": [36, 105]},
						{"origin": [11.5, 18, -7.75], "size": [0, 4, 8], "pivot": [11.5, 20, -7.75], "rotation": [0, 10, 0], "uv": [100, 0], "mirror": true}
					]
				},
				{
					"name": "fluff_tip_right",
					"parent": "fur_end_right",
					"pivot": [8.75, 19.75, 7.25],
					"cubes": [
						{"origin": [11.5, 15.25, -6.75], "size": [0, 6, 9], "pivot": [9, 16.25, -4.25], "rotation": [-50, -18, -14], "uv": [60, 90]}
					]
				},
				{
					"name": "elbow_right",
					"parent": "arm_right",
					"pivot": [9.25, 11.25, -2.75],
					"cubes": [
						{"origin": [7.75, 6.25, -6.75], "size": [3, 5, 4], "inflate": 0.01, "uv": [50, 105]}
					]
				},
				{
					"name": "forearm_right",
					"parent": "elbow_right",
					"pivot": [9.25, 6, -3.5],
					"cubes": [
						{"origin": [7.75, 2, -6.25], "size": [3, 5, 3], "uv": [106, 85], "mirror": true}
					]
				},
				{
					"name": "front_paw_right",
					"parent": "forearm_right",
					"pivot": [9.25, 1, -4.25],
					"cubes": [
						{"origin": [7.75, 0, -7.25], "size": [3, 2, 4], "inflate": 0.01, "uv": [96, 106], "mirror": true}
					]
				},
				{
					"name": "toes_right",
					"parent": "front_paw_right",
					"pivot": [9.25, 0.75, -6]
				},
				{
					"name": "toe1_right",
					"parent": "toes_right",
					"pivot": [10.75, 0.75, -6],
					"cubes": [
						{"origin": [10.25, 0, -8.75], "size": [1, 2, 3], "uv": [22, 57], "mirror": true},
						{"origin": [10.75, -0.5, -11.25], "size": [0, 3, 4], "uv": [64, 89], "mirror": true}
					]
				},
				{
					"name": "toe_left",
					"parent": "toes_right",
					"pivot": [9.25, 0.75, -6],
					"cubes": [
						{"origin": [8.25, 0, -8.75], "size": [2, 2, 3], "uv": [30, 49], "mirror": true},
						{"origin": [9.25, -0.5, -11.25], "size": [0, 3, 4], "uv": [64, 89], "mirror": true}
					]
				},
				{
					"name": "toe3_right",
					"parent": "toes_right",
					"pivot": [7.75, 0.75, -6],
					"cubes": [
						{"origin": [7.25, 0, -8.75], "size": [1, 2, 3], "uv": [22, 62], "mirror": true},
						{"origin": [7.75, -0.5, -11.25], "size": [0, 3, 4], "uv": [64, 89], "mirror": true}
					]
				},
				{
					"name": "leg_left",
					"parent": "body",
					"pivot": [5.25, 14.5, 7.25],
					"cubes": [
						{"origin": [2.75, 8, 4.75], "size": [5, 9, 7], "uv": [22, 69]}
					]
				},
				{
					"name": "knee_left",
					"parent": "leg_left",
					"pivot": [5.25, 11, 7.25],
					"cubes": [
						{"origin": [3.25, 2.25, 9.25], "size": [4, 7, 5], "inflate": -0.01, "pivot": [5, 4.5, 7.25], "rotation": [45, 0, 0], "uv": [94, 28]}
					]
				},
				{
					"name": "ankle_left",
					"parent": "knee_left",
					"pivot": [5.25, 7.75, 13.75],
					"cubes": [
						{"origin": [3.75, 1.75, 9.75], "size": [3, 6, 4], "uv": [0, 102]}
					]
				},
				{
					"name": "back_paw_left",
					"parent": "ankle_left",
					"pivot": [5.25, 3, 11.25],
					"cubes": [
						{"origin": [3.75, 0, 9.75], "size": [3, 3, 4], "inflate": 0.01, "uv": [102, 93]}
					]
				},
				{
					"name": "back_toes_left",
					"parent": "back_paw_left",
					"pivot": [5.25, 1, 10.5]
				},
				{
					"name": "back_toe1_left",
					"parent": "back_toes_left",
					"pivot": [6.75, 0.75, 10.5],
					"cubes": [
						{"origin": [6.25, 0, 7.75], "size": [1, 2, 3], "uv": [80, 67]},
						{"origin": [6.75, 0, 6.75], "size": [0, 1, 2], "uv": [104, 24]}
					]
				},
				{
					"name": "back_toe2_left",
					"parent": "back_toes_left",
					"pivot": [5.25, 0.75, 10.5],
					"cubes": [
						{"origin": [4.25, 0, 7.75], "size": [2, 2, 3], "uv": [46, 69]},
						{"origin": [5.25, 0, 6.75], "size": [0, 1, 2], "uv": [14, 105]}
					]
				},
				{
					"name": "back_toe3_left",
					"parent": "back_toes_left",
					"pivot": [3.75, 0.75, 10.5],
					"cubes": [
						{"origin": [3.25, 0, 7.75], "size": [1, 2, 3], "uv": [88, 108]},
						{"origin": [3.75, 0, 6.75], "size": [0, 1, 2], "uv": [108, 24]}
					]
				},
				{
					"name": "leg_right",
					"parent": "body",
					"pivot": [-5.25, 14.5, 7.25],
					"cubes": [
						{"origin": [-7.75, 8, 4.75], "size": [5, 9, 7], "uv": [70, 39]}
					]
				},
				{
					"name": "knee_right",
					"parent": "leg_right",
					"pivot": [-5.25, 11, 7.25],
					"cubes": [
						{"origin": [-7.25, 2.25, 9.25], "size": [4, 7, 5], "inflate": -0.01, "pivot": [-5, 4.5, 7.25], "rotation": [45, 0, 0], "uv": [94, 40]}
					]
				},
				{
					"name": "ankle_right",
					"parent": "knee_right",
					"pivot": [-5.25, 7.75, 13.75],
					"cubes": [
						{"origin": [-6.75, 1.75, 9.75], "size": [3, 6, 4], "uv": [102, 52]}
					]
				},
				{
					"name": "back_paw_right",
					"parent": "ankle_right",
					"pivot": [-5.25, 3, 11.25],
					"cubes": [
						{"origin": [-6.75, 0, 9.75], "size": [3, 3, 4], "inflate": 0.01, "uv": [106, 78]}
					]
				},
				{
					"name": "back_toes_right",
					"parent": "back_paw_right",
					"pivot": [-5.25, 1, 10.5]
				},
				{
					"name": "back_toe1_right",
					"parent": "back_toes_right",
					"pivot": [-6.75, 0.75, 10.5],
					"cubes": [
						{"origin": [-7.25, 0, 7.75], "size": [1, 2, 3], "uv": [14, 109]},
						{"origin": [-6.75, 0, 6.75], "size": [0, 1, 2], "uv": [30, 109]}
					]
				},
				{
					"name": "back_toe2_right",
					"parent": "back_toes_right",
					"pivot": [-5.25, 0.75, 10.5],
					"cubes": [
						{"origin": [-6.25, 0, 7.75], "size": [2, 2, 3], "uv": [102, 62]},
						{"origin": [-5.25, 0, 6.75], "size": [0, 1, 2], "uv": [110, 67]}
					]
				},
				{
					"name": "back_toe3_right",
					"parent": "back_toes_right",
					"pivot": [-3.75, 0.75, 10.5],
					"cubes": [
						{"origin": [-4.25, 0, 7.75], "size": [1, 2, 3], "uv": [22, 109]},
						{"origin": [-3.75, 0, 6.75], "size": [0, 1, 2], "uv": [110, 70]}
					]
				}
			]
		}
	]
}