{
	"format_version": "1.12.0",
	"minecraft:geometry": [
		{
			"description": {
				"identifier": "geometry.unknown",
				"texture_width": 128,
				"texture_height": 128,
				"visible_bounds_width": 6,
				"visible_bounds_height": 4.5,
				"visible_bounds_offset": [0, 1.75, 0]
			},
			"bones": [
				{
					"name": "lepidoniferous",
					"pivot": [0, 0, 0]
				},
				{
					"name": "body",
					"parent": "lepidoniferous",
					"pivot": [0.25, 0, 4]
				},
				{
					"name": "torso",
					"parent": "body",
					"pivot": [0.25, 1.25, 0],
					"cubes": [
						{"origin": [-6, 0, -6], "size": [12, 7, 13], "inflate": 0.01, "uv": [0, 22]}
					]
				},
				{
					"name": "neck_base",
					"parent": "torso",
					"pivot": [0.25, 6.75, 0.75],
					"cubes": [
						{"origin": [-2.5, 5.75, -2], "size": [5, 4, 5], "inflate": 0.2, "uv": [0, 42]}
					]
				},
				{
					"name": "neck",
					"parent": "neck_base",
					"pivot": [0, 9.25, 1.25],
					"cubes": [
						{"origin": [-2, 8.4, -1.5], "size": [4, 5, 4], "inflate": 0.2, "uv": [20, 42]}
					]
				},
				{
					"name": "neck2",
					"parent": "neck",
					"pivot": [0, 15.5, 0.5],
					"cubes": [
						{"origin": [-2, 13.5, -1.5], "size": [4, 4, 4], "uv": [0, 51]}
					]
				},
				{
					"name": "neck3",
					"parent": "neck2",
					"pivot": [0, 17.5, 2.9],
					"cubes": [
						{"origin": [-2, 17.3, -1.5], "size": [4, 4, 4], "inflate": -0.05, "uv": [16, 51]}
					]
				},
				{
					"name": "neck4",
					"parent": "neck3",
					"pivot": [0, 23, 0.5],
					"cubes": [
						{"origin": [-2, 21, -1.5], "size": [4, 4, 4], "inflate": -0.06, "uv": [32, 51]}
					]
				},
				{
					"name": "neck5",
					"parent": "neck4",
					"pivot": [0, 27, 0.5],
					"cubes": [
						{"origin": [-2, 25, -1.5], "size": [4, 4, 4], "inflate": 0.2, "uv": [0, 59]}
					]
				},
				{
					"name": "neck6",
					"parent": "neck5",
					"pivot": [0, 31, 0.5],
					"cubes": [
						{"origin": [-2, 29, -1.5], "size": [4, 4, 4], "inflate": 0.6, "uv": [16, 59]}
					]
				},
				{
					"name": "head",
					"parent": "neck6",
					"pivot": [0, 33.25, 2],
					"cubes": [
						{"origin": [-5, 32.25, -4], "size": [10, 12, 10], "uv": [0, 0]}
					]
				},
				{
					"name": "eyes",
					"parent": "head",
					"pivot": [-0.5, 39.76161, -19.00856]
				},
				{
					"name": "eye_right",
					"parent": "eyes",
					"pivot": [-8.52, 37.26161, -21.50856],
					"cubes": [
						{"origin": [-4.52, 38.26161, -4.01], "size": [3, 2, 0], "uv": [95, 11]}
					]
				},
				{
					"name": "eyelid_right",
					"parent": "eye_right",
					"pivot": [-7.91, 37.76161, -21.50856],
					"cubes": [
						{"origin": [-4.52, 38.26161, -4], "size": [3, 2, 1], "uv": [94, 8]}
					]
				},
				{
					"name": "eye_left",
					"parent": "eyes",
					"pivot": [6.52, 37.26161, -16.50856],
					"cubes": [
						{"origin": [1.48, 38.26161, -4.01], "size": [3, 2, 0], "uv": [95, 13]}
					]
				},
				{
					"name": "eyelid_left",
					"parent": "eye_left",
					"pivot": [2.98, 39.26161, -3.5],
					"cubes": [
						{"origin": [1.48, 38.26161, -4], "size": [3, 2, 1], "uv": [94, 8]}
					]
				},
				{
					"name": "petals",
					"parent": "head",
					"pivot": [0, 43.25, 1.75],
					"rotation": [92.5, 0, 0]
				},
				{
					"name": "right_petals",
					"parent": "petals",
					"pivot": [0, 43.25, 2.25]
				},
				{
					"name": "front_right_petal",
					"parent": "right_petals",
					"pivot": [-1.5, 40.75, 2],
					"cubes": [
						{"origin": [-3, 34.75, 1.5], "size": [3, 8, 1], "uv": [42, 0]}
					]
				},
				{
					"name": "front_right_petal2",
					"parent": "front_right_petal",
					"pivot": [-1.5, 34.75, 2.5],
					"cubes": [
						{"origin": [-3, 31.75, 1.5], "size": [3, 3, 1], "inflate": 0.01, "uv": [42, 9]}
					]
				},
				{
					"name": "front_right_petal3",
					"parent": "front_right_petal2",
					"pivot": [-1.5, 31.75, 2.5],
					"cubes": [
						{"origin": [-3, 27.75, 1.5], "size": [3, 4, 1], "uv": [42, 13]}
					]
				},
				{
					"name": "front_right_petal4",
					"parent": "front_right_petal3",
					"pivot": [-1.5, 27.75, 2.5],
					"cubes": [
						{"origin": [-3, 23.75, 1.5], "size": [3, 4, 1], "inflate": 0.01, "uv": [42, 18]}
					]
				},
				{
					"name": "front_right_middle_petal",
					"parent": "right_petals",
					"pivot": [-3, 41.5, 2],
					"cubes": [
						{"origin": [-9, 40.25, 1.5], "size": [8, 3, 1], "uv": [50, 34]}
					]
				},
				{
					"name": "front_right_middle_petal2",
					"parent": "front_right_middle_petal",
					"pivot": [-9, 41.5, 2.5],
					"cubes": [
						{"origin": [-13, 40.25, 1.5], "size": [4, 3, 1], "inflate": 0.01, "uv": [54, 38]}
					]
				},
				{
					"name": "front_right_middle_petal3",
					"parent": "front_right_middle_petal2",
					"pivot": [-13, 41.5, 2.5],
					"cubes": [
						{"origin": [-17, 40.25, 1.5], "size": [4, 3, 1], "uv": [54, 42]}
					]
				},
				{
					"name": "front_right_middle_petal4",
					"parent": "front_right_middle_petal3",
					"pivot": [-17, 41.5, 2.5],
					"cubes": [
						{"origin": [-21, 40.25, 1.5], "size": [4, 3, 1], "inflate": 0.01, "uv": [54, 46]}
					]
				},
				{
					"name": "back_right_middle_petal",
					"parent": "right_petals",
					"pivot": [-3, 44.5, 2],
					"cubes": [
						{"origin": [-9, 43.25, 1.5], "size": [8, 3, 1], "uv": [68, 34]}
					]
				},
				{
					"name": "back_right_middle_petal2",
					"parent": "back_right_middle_petal",
					"pivot": [-9, 44.5, 2.5],
					"cubes": [
						{"origin": [-13, 43.25, 1.5], "size": [4, 3, 1], "inflate": 0.01, "uv": [72, 38]}
					]
				},
				{
					"name": "back_right_middle_petal3",
					"parent": "back_right_middle_petal2",
					"pivot": [-13, 44.5, 2.5],
					"cubes": [
						{"origin": [-17, 43.25, 1.5], "size": [4, 3, 1], "uv": [72, 42]}
					]
				},
				{
					"name": "back_right_middle_petal4",
					"parent": "back_right_middle_petal3",
					"pivot": [-17, 44.5, 2.5],
					"cubes": [
						{"origin": [-21, 43.25, 1.5], "size": [4, 3, 1], "inflate": 0.01, "uv": [72, 46]}
					]
				},
				{
					"name": "back_right_petal",
					"parent": "right_petals",
					"pivot": [-1.5, 46.25, 2],
					"cubes": [
						{"origin": [-3, 44.25, 1.5], "size": [3, 8, 1], "uv": [94, 33]}
					]
				},
				{
					"name": "back_right_petal2",
					"parent": "back_right_petal",
					"pivot": [-1.5, 52.25, 2.5],
					"cubes": [
						{"origin": [-3, 52.25, 1.5], "size": [3, 3, 1], "inflate": 0.01, "uv": [94, 42]}
					]
				},
				{
					"name": "back_right_petal3",
					"parent": "back_right_petal2",
					"pivot": [-1.5, 55.25, 2.5],
					"cubes": [
						{"origin": [-3, 55.25, 1.5], "size": [3, 4, 1], "uv": [95, 46]}
					]
				},
				{
					"name": "back_right_petal4",
					"parent": "back_right_petal3",
					"pivot": [-1.5, 59.25, 2.5],
					"cubes": [
						{"origin": [-3, 59.25, 1.5], "size": [3, 4, 1], "inflate": 0.01, "uv": [95, 51]}
					]
				},
				{
					"name": "left_petals",
					"parent": "petals",
					"pivot": [0, 43.25, 2.25]
				},
				{
					"name": "front_left_petal",
					"parent": "left_petals",
					"pivot": [1.5, 40.75, 2],
					"cubes": [
						{"origin": [0, 34.75, 1.5], "size": [3, 8, 1], "uv": [50, 0]}
					]
				},
				{
					"name": "front_left_petal2",
					"parent": "front_left_petal",
					"pivot": [1.5, 34.75, 2.5],
					"cubes": [
						{"origin": [0, 31.75, 1.5], "size": [3, 3, 1], "inflate": 0.01, "uv": [50, 9]}
					]
				},
				{
					"name": "front_left_petal3",
					"parent": "front_left_petal2",
					"pivot": [1.5, 31.75, 2.5],
					"cubes": [
						{"origin": [0, 27.75, 1.5], "size": [3, 4, 1], "uv": [51, 13]}
					]
				},
				{
					"name": "front_left_petal4",
					"parent": "front_left_petal3",
					"pivot": [1.5, 27.75, 2.5],
					"cubes": [
						{"origin": [0, 23.75, 1.5], "size": [3, 4, 1], "inflate": 0.01, "uv": [51, 18]}
					]
				},
				{
					"name": "front_left_middle_petal",
					"parent": "left_petals",
					"pivot": [3, 41.5, 2],
					"cubes": [
						{"origin": [1, 40.25, 1.5], "size": [8, 3, 1], "uv": [76, 0]}
					]
				},
				{
					"name": "front_left_middle_petal2",
					"parent": "front_left_middle_petal",
					"pivot": [9, 41.5, 2.5],
					"cubes": [
						{"origin": [9, 40.25, 1.5], "size": [4, 3, 1], "inflate": 0.01, "uv": [80, 4]}
					]
				},
				{
					"name": "front_left_middle_petal3",
					"parent": "front_left_middle_petal2",
					"pivot": [13, 41.5, 2.5],
					"cubes": [
						{"origin": [13, 40.25, 1.5], "size": [4, 3, 1], "uv": [80, 8]}
					]
				},
				{
					"name": "front_left_middle_petal4",
					"parent": "front_left_middle_petal3",
					"pivot": [17, 41.5, 2.5],
					"cubes": [
						{"origin": [17, 40.25, 1.5], "size": [4, 3, 1], "inflate": 0.01, "uv": [80, 12]}
					]
				},
				{
					"name": "back_left_middle_petal",
					"parent": "left_petals",
					"pivot": [3, 44.5, 2],
					"cubes": [
						{"origin": [1, 43.25, 1.5], "size": [8, 3, 1], "uv": [58, 0]}
					]
				},
				{
					"name": "back_left_middle_petal2",
					"parent": "back_left_middle_petal",
					"pivot": [9, 44.5, 2.5],
					"cubes": [
						{"origin": [9, 43.25, 1.5], "size": [4, 3, 1], "inflate": 0.01, "uv": [62, 4]}
					]
				},
				{
					"name": "back_left_middle_petal3",
					"parent": "back_left_middle_petal2",
					"pivot": [13, 44.5, 2.5],
					"cubes": [
						{"origin": [13, 43.25, 1.5], "size": [4, 3, 1], "uv": [62, 8]}
					]
				},
				{
					"name": "back_left_middle_petal4",
					"parent": "back_left_middle_petal3",
					"pivot": [17, 44.5, 2.5],
					"cubes": [
						{"origin": [17, 43.25, 1.5], "size": [4, 3, 1], "inflate": 0.01, "uv": [62, 12]}
					]
				},
				{
					"name": "back_left_petal",
					"parent": "left_petals",
					"pivot": [1.5, 46.25, 2],
					"cubes": [
						{"origin": [0, 44.25, 1.5], "size": [3, 8, 1], "uv": [86, 33]}
					]
				},
				{
					"name": "back_left_petal2",
					"parent": "back_left_petal",
					"pivot": [1.5, 52.25, 2.5],
					"cubes": [
						{"origin": [0, 52.25, 1.5], "size": [3, 3, 1], "inflate": 0.01, "uv": [86, 42]}
					]
				},
				{
					"name": "back_left_petal3",
					"parent": "back_left_petal2",
					"pivot": [1.5, 55.25, 2.5],
					"cubes": [
						{"origin": [0, 55.25, 1.5], "size": [3, 4, 1], "uv": [86, 46]}
					]
				},
				{
					"name": "back_left_petal4",
					"parent": "back_left_petal3",
					"pivot": [1.5, 59.25, 2.5],
					"cubes": [
						{"origin": [0, 59.25, 1.5], "size": [3, 4, 1], "inflate": 0.01, "uv": [86, 51]}
					]
				},
				{
					"name": "backleg_right",
					"parent": "body",
					"pivot": [-4, 2, 5],
					"cubes": [
						{"origin": [-6, 0, 5.25], "size": [4, 4, 5], "uv": [96, 24]}
					]
				},
				{
					"name": "frontleg_left",
					"parent": "body",
					"pivot": [4, 2, -4.25],
					"cubes": [
						{"origin": [2, 0, -10], "size": [4, 4, 6], "uv": [58, 23]}
					]
				},
				{
					"name": "frontleg_right",
					"parent": "body",
					"pivot": [-4, 2, -4],
					"cubes": [
						{"origin": [-6, 0, -10], "size": [4, 4, 6], "uv": [38, 23]}
					]
				},
				{
					"name": "backleg_left",
					"parent": "body",
					"pivot": [4, 2, 5],
					"cubes": [
						{"origin": [2, 0, 5.25], "size": [4, 4, 5], "uv": [78, 24]}
					]
				},
				{
					"name": "tail",
					"parent": "body",
					"pivot": [0, 3, 5],
					"cubes": [
						{"origin": [-1, 1, 5.25], "size": [2, 3, 5], "uv": [91, 0]}
					]
				}
			]
		}
	]
}