{
	"format_version": "1.12.0",
	"minecraft:geometry": [
		{
			"description": {
				"identifier": "geometry.heracross_male",
				"texture_width": 128,
				"texture_height": 64,
				"visible_bounds_width": 4,
				"visible_bounds_height": 2.5,
				"visible_bounds_offset": [0, 0.75, 0]
			},
			"bones": [
				{
					"name": "heracross_male",
					"pivot": [0, 0, 0]
				},
				{
					"name": "body",
					"parent": "heracross_male",
					"pivot": [0, 6.5, 9],
					"rotation": [90, 0, 0]
				},
				{
					"name": "torso",
					"parent": "body",
					"pivot": [0, 6.5, 9],
					"cubes": [
						{"origin": [-5, 21.5, 7.5], "size": [10, 2, 7], "inflate": -0.01, "uv": [33, 0]},
						{"origin": [-6, 6.5, 6.5], "size": [12, 15, 9], "uv": [0, 0]},
						{"origin": [-5, 4.5, 7.5], "size": [10, 2, 7], "uv": [42, 9]},
						{"origin": [-6.01, 6.49, 15.53], "size": [6, 8, 0], "inflate": 0.01, "uv": [91, 8], "mirror": true},
						{"origin": [-6.01, 6.49, 10.53], "size": [0, 8, 5], "inflate": 0.01, "uv": [103, 3], "mirror": true},
						{"origin": [-6.01, 6.49, 10.53], "size": [6, 0, 5], "inflate": 0.01, "uv": [72, 9], "mirror": true},
						{"origin": [-5.01, 4.49, 14.53], "size": [5, 2, 0], "inflate": 0.01, "uv": [76, 2], "mirror": true},
						{"origin": [-5.01, 4.49, 10.53], "size": [0, 2, 4], "inflate": 0.01, "uv": [86, -2], "mirror": true},
						{"origin": [-5.01, 4.49, 10.53], "size": [5, 0, 4], "inflate": 0.01, "uv": [85, 4], "mirror": true},
						{"origin": [0.01, 6.49, 15.53], "size": [6, 8, 0], "inflate": 0.01, "uv": [79, 14]},
						{"origin": [6.01, 6.49, 10.53], "size": [0, 8, 5], "inflate": 0.01, "uv": [104, -5]},
						{"origin": [0.01, 6.49, 10.53], "size": [6, 0, 5], "inflate": 0.01, "uv": [72, 4]},
						{"origin": [0.01, 4.49, 14.53], "size": [5, 2, 0], "inflate": 0.01, "uv": [74, 0]},
						{"origin": [5.01, 4.49, 10.53], "size": [0, 2, 4], "inflate": 0.01, "uv": [84, -4]},
						{"origin": [0.01, 4.49, 10.53], "size": [5, 0, 4], "inflate": 0.01, "uv": [90, 0]}
					]
				},
				{
					"name": "eyes",
					"parent": "torso",
					"pivot": [0, 18.75, 6.5]
				},
				{
					"name": "eye_left",
					"parent": "eyes",
					"pivot": [3.25, 23.5, 9.49],
					"rotation": [-90, 10, 0]
				},
				{
					"name": "pupil_left",
					"parent": "eye_left",
					"pivot": [3.25, 24, 9.48],
					"cubes": [
						{"origin": [1.25, 22.5, 9.49], "size": [3, 4, 0], "uv": [28, 60], "mirror": true}
					]
				},
				{
					"name": "eye_shine_left",
					"parent": "pupil_left",
					"pivot": [3, 24.75, 9.47],
					"cubes": [
						{"origin": [1.5, 24.25, 9.47], "size": [2, 2, 0], "uv": [24, 62]},
						{"origin": [3, 22.75, 9.47], "size": [1, 1, 0], "uv": [0, 5]}
					]
				},
				{
					"name": "eyelid_left",
					"parent": "eye_left",
					"pivot": [3.25, 24, 9.58],
					"cubes": [
						{"origin": [1.25, 23.5, 9.58], "size": [3, 1, 0], "uv": [28, 62]}
					]
				},
				{
					"name": "eye_right",
					"parent": "eyes",
					"pivot": [-3.25, 23.55, 9.49],
					"rotation": [-90, -10, 0]
				},
				{
					"name": "pupil_right",
					"parent": "eye_right",
					"pivot": [-3.25, 24.05, 9.48],
					"cubes": [
						{"origin": [-4.25, 22.55, 9.49], "size": [3, 4, 0], "uv": [31, 60], "mirror": true}
					]
				},
				{
					"name": "eye_shine_right",
					"parent": "pupil_right",
					"pivot": [-3, 24.8, 9.47],
					"cubes": [
						{"origin": [-3.5, 24.05, 9.47], "size": [2, 2, 0], "uv": [24, 62], "mirror": true},
						{"origin": [-4, 22.8, 9.47], "size": [1, 1, 0], "uv": [40, 62], "mirror": true}
					]
				},
				{
					"name": "eyelid_right",
					"parent": "eye_right",
					"pivot": [-3.25, 24.05, 9.58],
					"cubes": [
						{"origin": [-4.25, 23.55, 9.58], "size": [3, 1, 0], "uv": [28, 62], "mirror": true}
					]
				},
				{
					"name": "mouth",
					"parent": "torso",
					"pivot": [0, 7, 9]
				},
				{
					"name": "mouth_closed",
					"parent": "mouth",
					"pivot": [0, 7, 9],
					"cubes": [
						{"origin": [-3, 16.5, 6.48], "size": [6, 1, 0], "uv": [55, 18]},
						{"origin": [-1.5, 17, 6.48], "size": [3, 1, 0], "inflate": 0.01, "uv": [55, 19]}
					]
				},
				{
					"name": "mouth_open",
					"parent": "mouth",
					"pivot": [0, 17, 6.59],
					"cubes": [
						{"origin": [-2.5, 16, 6.59], "size": [5, 2, 0], "uv": [62, 28]}
					]
				},
				{
					"name": "horn",
					"parent": "torso",
					"pivot": [0, 22.25, 11.5],
					"rotation": [95, 0, 180],
					"cubes": [
						{"origin": [-1.5, 21.5, 7.5], "size": [3, 3, 5], "uv": [55, 20]}
					]
				},
				{
					"name": "horn2",
					"parent": "horn",
					"pivot": [0, 22.25, 8],
					"rotation": [-15, 0, 0],
					"cubes": [
						{"origin": [-1, 21.75, 3], "size": [2, 2, 5], "inflate": 0.01, "uv": [46, 18]}
					]
				},
				{
					"name": "horn3",
					"parent": "horn2",
					"pivot": [0, 21.75, 3],
					"rotation": [-15, 0, 0],
					"cubes": [
						{"origin": [-1, 21.75, -2], "size": [2, 2, 5], "uv": [37, 20]}
					]
				},
				{
					"name": "horn_tip_left",
					"parent": "horn3",
					"pivot": [1, 22.25, -0.5],
					"rotation": [0, 0, -15],
					"cubes": [
						{"origin": [1, 22.25, -6], "size": [4, 0, 10], "uv": [-2, 54]}
					]
				},
				{
					"name": "horn_tip_right",
					"parent": "horn3",
					"pivot": [-1, 22.25, -0.5],
					"rotation": [0, 0, 15],
					"cubes": [
						{"origin": [-5, 22.25, -6], "size": [4, 0, 10], "uv": [-10, 54], "mirror": true}
					]
				},
				{
					"name": "antenna_left",
					"parent": "horn",
					"pivot": [-1.5, 21.5, 9.25],
					"rotation": [72.5, 45, 0],
					"cubes": [
						{"origin": [-1.5, 21.5, 6.25], "size": [1, 0, 3], "uv": [57, 4]}
					]
				},
				{
					"name": "antenna_left2",
					"parent": "antenna_left",
					"pivot": [-1, 21.5, 6.25],
					"rotation": [-60, 0, 0],
					"cubes": [
						{"origin": [-1.5, 21.5, 4.25], "size": [1, 0, 2], "uv": [62, 5]}
					]
				},
				{
					"name": "antenna_left3",
					"parent": "antenna_left2",
					"pivot": [-1, 21.5, 4.25],
					"rotation": [-32.5, 0, 0],
					"cubes": [
						{"origin": [-2, 20.5, 2.25], "size": [2, 2, 2], "uv": [60, 0]}
					]
				},
				{
					"name": "antenna_right",
					"parent": "horn",
					"pivot": [1.5, 21.5, 9.25],
					"rotation": [72.5, -45, 0],
					"cubes": [
						{"origin": [0.5, 21.5, 6.25], "size": [1, 0, 3], "uv": [59, 4]}
					]
				},
				{
					"name": "antenna_right2",
					"parent": "antenna_right",
					"pivot": [1, 21.5, 6.25],
					"rotation": [-60, 0, 0],
					"cubes": [
						{"origin": [0.5, 21.5, 4.25], "size": [1, 0, 2], "uv": [64, 5]}
					]
				},
				{
					"name": "antenna_right3",
					"parent": "antenna_right2",
					"pivot": [1, 21.5, 4.25],
					"rotation": [-32.5, 0, 0],
					"cubes": [
						{"origin": [0, 20.5, 2.25], "size": [2, 2, 2], "uv": [68, 0]}
					]
				},
				{
					"name": "legs",
					"parent": "body",
					"pivot": [0, 6.5, 9]
				},
				{
					"name": "leg_right_middle",
					"parent": "legs",
					"pivot": [-6.5, 15, 10.25],
					"rotation": [-90, 2.5, 0],
					"cubes": [
						{"origin": [-8.5, 13.5, 8.75], "size": [3, 3, 3], "uv": [0, 30], "mirror": true},
						{"origin": [-11, 14, 9.25], "size": [3, 2, 2], "uv": [10, 28], "mirror": true}
					]
				},
				{
					"name": "leg_right_middle2",
					"parent": "leg_right_middle",
					"pivot": [-11, 15, 10.25],
					"rotation": [0, 0, -25],
					"cubes": [
						{"origin": [-13.5, 14.5, 9.75], "size": [3, 1, 1], "uv": [28, 24], "mirror": true}
					]
				},
				{
					"name": "leg_right_middle3",
					"parent": "leg_right_middle2",
					"pivot": [-13, 15, 10.25],
					"rotation": [0, 0, -37.5],
					"cubes": [
						{"origin": [-16, 14, 9.25], "size": [3, 2, 2], "uv": [18, 30], "mirror": true},
						{"origin": [-20, 13.5, 8.75], "size": [4, 3, 3], "uv": [42, 27], "mirror": true},
						{"origin": [-17, 15, 10.25], "size": [3, 0, 3], "uv": [59, 30], "mirror": true},
						{"origin": [-20, 15, 11], "size": [3, 0, 3], "uv": [65, 30], "mirror": true}
					]
				},
				{
					"name": "foot_right",
					"parent": "leg_right_middle3",
					"pivot": [-20, 15, 10.25],
					"rotation": [0, 0, 60],
					"cubes": [
						{"origin": [-22, 14, 9.25], "size": [3, 2, 2], "uv": [20, 34], "mirror": true}
					]
				},
				{
					"name": "claw_right1",
					"parent": "foot_right",
					"pivot": [-22, 15.5, 9.75],
					"cubes": [
						{"origin": [-24, 14.5, 9.75], "size": [2, 1, 0], "uv": [6, 36], "mirror": true}
					]
				},
				{
					"name": "claw_right2",
					"parent": "foot_right",
					"pivot": [-22, 15.5, 10.75],
					"cubes": [
						{"origin": [-24, 14.5, 10.75], "size": [2, 1, 0], "uv": [6, 37], "mirror": true}
					]
				},
				{
					"name": "leg_left_middle",
					"parent": "legs",
					"pivot": [6.5, 15, 10.25],
					"rotation": [-90, -2.5, 0],
					"cubes": [
						{"origin": [5.5, 13.5, 8.75], "size": [3, 3, 3], "uv": [0, 24]},
						{"origin": [8, 14, 9.25], "size": [3, 2, 2], "uv": [12, 24]}
					]
				},
				{
					"name": "leg_left_middle2",
					"parent": "leg_left_middle",
					"pivot": [11, 15, 10.25],
					"rotation": [0, 0, 25],
					"cubes": [
						{"origin": [10.5, 14.5, 9.75], "size": [3, 1, 1], "uv": [20, 24]}
					]
				},
				{
					"name": "leg_left_middle3",
					"parent": "leg_left_middle2",
					"pivot": [13, 15, 10.25],
					"rotation": [0, 0, 37.5],
					"cubes": [
						{"origin": [13, 14, 9.25], "size": [3, 2, 2], "uv": [20, 26]},
						{"origin": [16, 13.5, 8.75], "size": [4, 3, 3], "uv": [28, 27]},
						{"origin": [14, 15, 10.25], "size": [3, 0, 3], "uv": [53, 28]},
						{"origin": [17, 15, 11], "size": [3, 0, 3], "uv": [53, 31]}
					]
				},
				{
					"name": "foot_right_middle",
					"parent": "leg_left_middle3",
					"pivot": [20, 15, 10.25],
					"rotation": [0, 0, -60],
					"cubes": [
						{"origin": [19, 14, 9.25], "size": [3, 2, 2], "uv": [10, 34]}
					]
				},
				{
					"name": "claw_left1",
					"parent": "foot_right_middle",
					"pivot": [22, 15.5, 9.75],
					"cubes": [
						{"origin": [22, 14.5, 9.75], "size": [2, 1, 0], "uv": [2, 36]}
					]
				},
				{
					"name": "claw_left2",
					"parent": "foot_right_middle",
					"pivot": [22, 15.5, 10.75],
					"cubes": [
						{"origin": [22, 14.5, 10.75], "size": [2, 1, 0], "uv": [2, 37]}
					]
				},
				{
					"name": "leg_right_back",
					"parent": "legs",
					"pivot": [-5.5, 11, 10.25],
					"rotation": [-90, -47.5, 0],
					"cubes": [
						{"origin": [-7.5, 9.5, 8.75], "size": [3, 3, 3], "uv": [0, 30], "mirror": true},
						{"origin": [-10, 10, 9.25], "size": [3, 2, 2], "uv": [10, 28], "mirror": true}
					]
				},
				{
					"name": "leg_right_back2",
					"parent": "leg_right_back",
					"pivot": [-10, 11, 10.25],
					"rotation": [0, 0, -30],
					"cubes": [
						{"origin": [-12.5, 10.5, 9.75], "size": [3, 1, 1], "uv": [28, 24], "mirror": true}
					]
				},
				{
					"name": "foot_right_back",
					"parent": "leg_right_back2",
					"pivot": [-13.5, 11, 10.25],
					"rotation": [0, 0, 77.5],
					"cubes": [
						{"origin": [-15.5, 10, 9.25], "size": [3, 2, 2], "uv": [20, 34], "mirror": true}
					]
				},
				{
					"name": "claw_right5",
					"parent": "foot_right_back",
					"pivot": [-15.5, 11.5, 9.75],
					"cubes": [
						{"origin": [-17.5, 10.5, 9.75], "size": [2, 1, 0], "uv": [6, 36], "mirror": true}
					]
				},
				{
					"name": "claw_right6",
					"parent": "foot_right_back",
					"pivot": [-15.5, 11.5, 10.75],
					"cubes": [
						{"origin": [-17.5, 10.5, 10.75], "size": [2, 1, 0], "uv": [6, 37], "mirror": true}
					]
				},
				{
					"name": "leg_right_front",
					"parent": "legs",
					"pivot": [-5.5, 19, 10.25],
					"rotation": [-90, -47.5, 0],
					"cubes": [
						{"origin": [-7.5, 17.5, 8.75], "size": [3, 3, 3], "uv": [0, 30], "mirror": true},
						{"origin": [-10, 18, 9.25], "size": [3, 2, 2], "uv": [10, 28], "mirror": true}
					]
				},
				{
					"name": "leg_right_front2",
					"parent": "leg_right_front",
					"pivot": [-10, 19, 10.25],
					"rotation": [0, 0, -30],
					"cubes": [
						{"origin": [-12.5, 18.5, 9.75], "size": [3, 1, 1], "uv": [28, 24], "mirror": true}
					]
				},
				{
					"name": "foot_right_front",
					"parent": "leg_right_front2",
					"pivot": [-13.5, 19, 10.25],
					"rotation": [0, 0, 77.5],
					"cubes": [
						{"origin": [-15.5, 18, 9.25], "size": [3, 2, 2], "uv": [20, 34], "mirror": true}
					]
				},
				{
					"name": "claw_right3",
					"parent": "foot_right_front",
					"pivot": [-15.5, 19.5, 9.75],
					"cubes": [
						{"origin": [-17.5, 18.5, 9.75], "size": [2, 1, 0], "uv": [6, 36], "mirror": true}
					]
				},
				{
					"name": "claw_right4",
					"parent": "foot_right_front",
					"pivot": [-15.5, 19.5, 10.75],
					"cubes": [
						{"origin": [-17.5, 18.5, 10.75], "size": [2, 1, 0], "uv": [6, 37], "mirror": true}
					]
				},
				{
					"name": "leg_left_front",
					"parent": "legs",
					"pivot": [5.5, 19, 10.25],
					"rotation": [-90, 47.5, 0],
					"cubes": [
						{"origin": [4.5, 17.5, 8.75], "size": [3, 3, 3], "uv": [0, 24]},
						{"origin": [7, 18, 9.25], "size": [3, 2, 2], "uv": [12, 24]}
					]
				},
				{
					"name": "leg_left_front2",
					"parent": "leg_left_front",
					"pivot": [10, 19, 10.25],
					"rotation": [0, 0, 30],
					"cubes": [
						{"origin": [9.5, 18.5, 9.75], "size": [3, 1, 1], "uv": [20, 24]}
					]
				},
				{
					"name": "foot_left_front",
					"parent": "leg_left_front2",
					"pivot": [13.5, 19, 10.25],
					"rotation": [0, 0, -77.5],
					"cubes": [
						{"origin": [12.5, 18, 9.25], "size": [3, 2, 2], "uv": [10, 34]}
					]
				},
				{
					"name": "claw_left3",
					"parent": "foot_left_front",
					"pivot": [15.5, 19.5, 9.75],
					"cubes": [
						{"origin": [15.5, 18.5, 9.75], "size": [2, 1, 0], "uv": [2, 36]}
					]
				},
				{
					"name": "claw_left4",
					"parent": "foot_left_front",
					"pivot": [15.5, 19.5, 10.75],
					"cubes": [
						{"origin": [15.5, 18.5, 10.75], "size": [2, 1, 0], "uv": [2, 37]}
					]
				},
				{
					"name": "leg_left_back",
					"parent": "legs",
					"pivot": [5.5, 11, 10.25],
					"rotation": [-90, 47.5, 0],
					"cubes": [
						{"origin": [4.5, 9.5, 8.75], "size": [3, 3, 3], "uv": [0, 24]},
						{"origin": [7, 10, 9.25], "size": [3, 2, 2], "uv": [12, 24]}
					]
				},
				{
					"name": "leg_left_back2",
					"parent": "leg_left_back",
					"pivot": [10, 11, 10.25],
					"rotation": [0, 0, 30],
					"cubes": [
						{"origin": [9.5, 10.5, 9.75], "size": [3, 1, 1], "uv": [20, 24]}
					]
				},
				{
					"name": "foot_left_back",
					"parent": "leg_left_back2",
					"pivot": [13.5, 11, 10.25],
					"rotation": [0, 0, -77.5],
					"cubes": [
						{"origin": [12.5, 10, 9.25], "size": [3, 2, 2], "uv": [10, 34]}
					]
				},
				{
					"name": "claw_left5",
					"parent": "foot_left_back",
					"pivot": [15.5, 11.5, 9.75],
					"cubes": [
						{"origin": [15.5, 10.5, 9.75], "size": [2, 1, 0], "uv": [2, 36]}
					]
				},
				{
					"name": "claw_left6",
					"parent": "foot_left_back",
					"pivot": [15.5, 11.5, 10.75],
					"cubes": [
						{"origin": [15.5, 10.5, 10.75], "size": [2, 1, 0], "uv": [2, 37]}
					]
				}
			]
		}
	]
}