{
	"format_version": "1.12.0",
	"minecraft:geometry": [
		{
			"description": {
				"identifier": "geometry.gligar",
				"texture_width": 64,
				"texture_height": 64,
				"visible_bounds_width": 3,
				"visible_bounds_height": 3.5,
				"visible_bounds_offset": [0, 1.25, 0]
			},
			"bones": [
				{
					"name": "gligar",
					"pivot": [0, 0, 0]
				},
				{
					"name": "body",
					"parent": "gligar",
					"pivot": [0, 0, 0]
				},
				{
					"name": "torso",
					"parent": "body",
					"pivot": [0, 6, 0],
					"cubes": [
						{"origin": [-2.5, 8.5, -2], "size": [5, 2, 4], "uv": [23, 0]},
						{"origin": [-3, 4.5, -2.5], "size": [6, 4, 5], "uv": [0, 13]}
					]
				},
				{
					"name": "head",
					"parent": "torso",
					"pivot": [0, 10.5, 0],
					"cubes": [
						{"origin": [-4, 10.5, -3.75], "size": [8, 6, 7], "uv": [0, 0]}
					]
				},
				{
					"name": "mouth_open",
					"parent": "head",
					"pivot": [0, 11.5, -3.65],
					"cubes": [
						{"origin": [-3.5, 10.5, -3.65], "size": [7, 2, 0], "inflate": 0.002, "uv": [37, 0]}
					]
				},
				{
					"name": "face",
					"parent": "head",
					"pivot": [0, -3.5, -0.25],
					"cubes": [
						{"origin": [-4, 11.5, -3.75], "size": [8, 1, 0], "inflate": 0.004, "uv": [25, 35]},
						{"origin": [2, 11, -3.75], "size": [1, 1, 0], "inflate": 0.003, "pivot": [2.5, 11.5, -3.85], "rotation": [0, 0, 45], "uv": [22, 32]},
						{"origin": [-3, 11, -3.75], "size": [1, 1, 0], "inflate": 0.003, "pivot": [-2.5, 11.5, -3.85], "rotation": [0, 0, -45], "uv": [15, 24]},
						{"origin": [-0.5, 13.4, -3.75], "size": [1, 1, 0], "inflate": 0.01, "uv": [17, 15]},
						{"origin": [-1, 13.4, -3.75], "size": [2, 1, 0], "inflate": 0.005, "uv": [17, 17]}
					]
				},
				{
					"name": "eyes",
					"parent": "face",
					"pivot": [0, 10.5, 0]
				},
				{
					"name": "open",
					"parent": "eyes",
					"pivot": [0, 10.5, 0]
				},
				{
					"name": "left_eye",
					"parent": "open",
					"pivot": [2.1, 13.5, -3.75],
					"rotation": [0, 0, -2.5],
					"cubes": [
						{"origin": [1.3, 12.25, -3.75], "size": [2, 2, 0], "inflate": 0.01, "uv": [23, 2]},
						{"origin": [0.8, 12.25, -3.75], "size": [3, 1, 0], "inflate": 0.005, "uv": [39, 12]}
					]
				},
				{
					"name": "left_pupil",
					"parent": "left_eye",
					"pivot": [2.1, 13.5, -3.75],
					"cubes": [
						{"origin": [1.55, 12.25, -3.97], "size": [1, 2, 1], "inflate": -0.2, "uv": [0, 22]}
					]
				},
				{
					"name": "right_eye",
					"parent": "open",
					"pivot": [-2.1, 13.5, -3.75],
					"rotation": [0, 0, 2.5],
					"cubes": [
						{"origin": [-3.3, 12.25, -3.75], "size": [2, 2, 0], "inflate": 0.01, "uv": [23, 0]},
						{"origin": [-3.8, 12.25, -3.75], "size": [3, 1, 0], "inflate": 0.005, "uv": [37, 3]}
					]
				},
				{
					"name": "right_pupil",
					"parent": "right_eye",
					"pivot": [-2.1, 13.5, -3.75],
					"cubes": [
						{"origin": [-2.55, 12.25, -3.97], "size": [1, 2, 1], "inflate": -0.2, "uv": [0, 13]}
					]
				},
				{
					"name": "closed",
					"parent": "eyes",
					"pivot": [0, 10.5, 0]
				},
				{
					"name": "right_eye_closed",
					"parent": "closed",
					"pivot": [-2.1, 13.5, -3.65],
					"rotation": [0, 0, 2.5],
					"cubes": [
						{"origin": [-3.8, 12.25, -3.65], "size": [3, 1, 0], "inflate": 0.02, "uv": [37, 2]},
						{"origin": [-3.3, 12.25, -3.65], "size": [2, 2, 0], "inflate": 0.025, "uv": [12, 22]}
					]
				},
				{
					"name": "left_eye_closed",
					"parent": "closed",
					"pivot": [2.1, 13.5, -3.65],
					"rotation": [0, 0, -2.5],
					"cubes": [
						{"origin": [0.8, 12.25, -3.65], "size": [3, 1, 0], "inflate": 0.02, "uv": [23, 6]},
						{"origin": [1.3, 12.25, -3.65], "size": [2, 2, 0], "inflate": 0.025, "uv": [0, 16]}
					]
				},
				{
					"name": "left_ear",
					"parent": "head",
					"pivot": [2.25, 16.5, -0.25],
					"rotation": [-16.00966, -24.59477, 22.12934],
					"cubes": [
						{"origin": [0.75, 15, -0.25], "size": [3, 7, 0], "uv": [22, 41]}
					]
				},
				{
					"name": "right_ear",
					"parent": "head",
					"pivot": [-2.25, 16.5, -0.25],
					"rotation": [-16.00966, 24.59477, -22.12934],
					"cubes": [
						{"origin": [-3.75, 15, -0.25], "size": [3, 7, 0], "uv": [0, 0]}
					]
				},
				{
					"name": "tongue",
					"parent": "head",
					"pivot": [0, 11.5, -2.25],
					"cubes": [
						{"origin": [-2, 10.52, -3.73], "size": [4, 1, 3], "inflate": -0.015, "uv": [28, 10]},
						{"origin": [-0.5, 10.53, -3.73], "size": [1, 1, 3], "inflate": -0.014, "uv": [41, 2]}
					]
				},
				{
					"name": "tongue_tip",
					"parent": "tongue",
					"pivot": [0, 11.5, -0.75],
					"cubes": [
						{"origin": [-2, 10.52, -3.73], "size": [4, 1, 3], "inflate": -0.01, "uv": [17, 13]},
						{"origin": [-0.5, 10.53, -2.73], "size": [1, 1, 2], "inflate": -0.014, "uv": [22, 32]}
					]
				},
				{
					"name": "left_upper_arm",
					"parent": "torso",
					"pivot": [2.5, 10.5, 0.25],
					"cubes": [
						{"origin": [1.5, 9.5, -0.25], "size": [3, 1, 1], "inflate": 0.01, "uv": [12, 42]}
					]
				},
				{
					"name": "left_lower_arm",
					"parent": "left_upper_arm",
					"pivot": [4.5, 10, 0.75],
					"cubes": [
						{"origin": [4.5, 9.5, -0.25], "size": [3, 1, 1], "uv": [34, 41]}
					]
				},
				{
					"name": "left_arm_nub",
					"parent": "left_lower_arm",
					"pivot": [6.5, 10, 0.25],
					"cubes": [
						{"origin": [6.5, 9, -0.75], "size": [3, 2, 2], "uv": [12, 38]}
					]
				},
				{
					"name": "left_claw",
					"parent": "left_arm_nub",
					"pivot": [8.5, 10, 0.25],
					"cubes": [
						{"origin": [8.48, 8.24, -1.75], "size": [4, 4, 4], "inflate": 0.01, "uv": [0, 22]},
						{"origin": [11.725, 10, -1.25], "size": [3, 2, 3], "inflate": 0.01, "uv": [34, 24]},
						{"origin": [13.925, 6.1, 0.25], "size": [1, 2, 0], "inflate": 0.01, "pivot": [8.5, 10, 0.25], "rotation": [0, 0, -25], "uv": [17, 13]}
					]
				},
				{
					"name": "left_pincer",
					"parent": "left_claw",
					"pivot": [11.5, 9, 0.25],
					"cubes": [
						{"origin": [11, 8.5, -0.75], "size": [3, 1, 2], "inflate": 0.01, "uv": [38, 29]},
						{"origin": [13.8, 8.8, 0.25], "size": [1, 1, 0], "uv": [3, 13]}
					]
				},
				{
					"name": "right_upper_arm",
					"parent": "torso",
					"pivot": [-2.5, 10.5, 0.25],
					"cubes": [
						{"origin": [-4.5, 9.5, -0.25], "size": [3, 1, 1], "inflate": 0.01, "uv": [39, 10]}
					]
				},
				{
					"name": "right_lower_arm",
					"parent": "right_upper_arm",
					"pivot": [-4.5, 10, 0.75],
					"cubes": [
						{"origin": [-7.5, 9.5, -0.25], "size": [3, 1, 1], "uv": [37, 22]}
					]
				},
				{
					"name": "right_arm_nub",
					"parent": "right_lower_arm",
					"pivot": [-6.5, 10, 0.25],
					"cubes": [
						{"origin": [-9.5, 9, -0.75], "size": [3, 2, 2], "uv": [12, 38], "mirror": true}
					]
				},
				{
					"name": "right_claw",
					"parent": "right_arm_nub",
					"pivot": [-8.5, 10, 0.25],
					"cubes": [
						{"origin": [-12.48, 8.24, -1.75], "size": [4, 4, 4], "inflate": 0.01, "uv": [0, 22], "mirror": true},
						{"origin": [-14.725, 10, -1.25], "size": [3, 2, 3], "inflate": 0.01, "uv": [34, 24], "mirror": true},
						{"origin": [-14.925, 6.1, 0.25], "size": [1, 2, 0], "inflate": 0.01, "pivot": [-8.5, 10, 0.25], "rotation": [0, 0, 25], "uv": [17, 13], "mirror": true}
					]
				},
				{
					"name": "right_pincer",
					"parent": "right_claw",
					"pivot": [-11.5, 9, 0.25],
					"cubes": [
						{"origin": [-14, 8.5, -0.75], "size": [3, 1, 2], "inflate": 0.01, "uv": [38, 29], "mirror": true},
						{"origin": [-14.8, 8.8, 0.25], "size": [1, 1, 0], "uv": [3, 13], "mirror": true}
					]
				},
				{
					"name": "left_flying_membrane",
					"parent": "torso",
					"pivot": [2.5, 7.5, 0.25]
				},
				{
					"name": "left_upper_membrane",
					"parent": "left_flying_membrane",
					"pivot": [2.5, 9.5, 0.35],
					"rotation": [-1, 0, 0],
					"cubes": [
						{"origin": [1.5, 5.5, 0.35], "size": [7, 4, 0], "uv": [30, 6]}
					]
				},
				{
					"name": "left_middle_membrane",
					"parent": "left_flying_membrane",
					"pivot": [2.5, 8.5, 0.25],
					"rotation": [0, 1, 45],
					"cubes": [
						{"origin": [1.70711, 5.79289, 0.25], "size": [8, 5, 0], "uv": [0, 30]}
					]
				},
				{
					"name": "left_membrane_spike",
					"parent": "left_middle_membrane",
					"pivot": [9.45, 8.25, 0.2],
					"cubes": [
						{"origin": [8.95, 7.8, 0.25], "size": [2, 1, 0], "inflate": 0.01, "uv": [9, 37]}
					]
				},
				{
					"name": "left_lower_membrane",
					"parent": "left_flying_membrane",
					"pivot": [2.5, 7.5, 0.15],
					"rotation": [0, 1, 90],
					"cubes": [
						{"origin": [1.85, 6.5, 0.15], "size": [6, 4, 0], "uv": [0, 41]}
					]
				},
				{
					"name": "right_flying_membrane",
					"parent": "torso",
					"pivot": [-2.5, 7.5, 0.25]
				},
				{
					"name": "right_upper_membrane",
					"parent": "right_flying_membrane",
					"pivot": [-2.5, 9.5, 0.35],
					"rotation": [-1, 0, 0],
					"cubes": [
						{"origin": [-8.5, 5.5, 0.35], "size": [7, 4, 0], "uv": [32, 14]}
					]
				},
				{
					"name": "right_middle_membrane",
					"parent": "right_flying_membrane",
					"pivot": [-2.5, 8.5, 0.25],
					"rotation": [0, -1, -45],
					"cubes": [
						{"origin": [-9.70711, 5.79289, 0.25], "size": [8, 5, 0], "uv": [16, 27]}
					]
				},
				{
					"name": "right_membrane_spike",
					"parent": "right_middle_membrane",
					"pivot": [-9.45, 8.25, 0.2],
					"cubes": [
						{"origin": [-10.95, 7.8, 0.25], "size": [2, 1, 0], "inflate": 0.01, "uv": [0, 25]}
					]
				},
				{
					"name": "right_lower_membrane",
					"parent": "right_flying_membrane",
					"pivot": [-2.5, 7.5, 0.15],
					"rotation": [0, -1, -90],
					"cubes": [
						{"origin": [-7.85, 6.5, 0.15], "size": [6, 4, 0], "uv": [38, 18]}
					]
				},
				{
					"name": "tail_segment_1",
					"parent": "torso",
					"pivot": [0, 6, 1.5],
					"cubes": [
						{"origin": [-1.5, 4.5, 1.5], "size": [3, 3, 3], "inflate": 0.01, "pivot": [0, 6, 3], "rotation": [-45, 0, 0], "uv": [0, 35]}
					]
				},
				{
					"name": "tail_segment_2",
					"parent": "tail_segment_1",
					"pivot": [0, 6, 4.5],
					"cubes": [
						{"origin": [-1.5, 4.5, 4.5], "size": [3, 3, 3], "pivot": [0, 6, 6], "rotation": [-45, 0, 0], "uv": [13, 32]}
					]
				},
				{
					"name": "tail_segment_3",
					"parent": "tail_segment_2",
					"pivot": [0, 6, 7.5],
					"cubes": [
						{"origin": [-1.5, 4.5, 7.5], "size": [3, 3, 3], "inflate": -0.01, "pivot": [0, 6, 9], "rotation": [-45, 0, 0], "uv": [29, 29]}
					]
				},
				{
					"name": "tail_end",
					"parent": "tail_segment_3",
					"pivot": [0, 6, 10.5],
					"cubes": [
						{"origin": [-2.5, 3.5, 10.5], "size": [5, 5, 5], "uv": [17, 17]}
					]
				},
				{
					"name": "tail_stinger",
					"parent": "tail_end",
					"pivot": [0, 6, 15.5],
					"cubes": [
						{"origin": [-1.5, 6, 15], "size": [3, 0, 4], "uv": [28, 18]}
					]
				},
				{
					"name": "left_upper_leg",
					"parent": "body",
					"pivot": [1.75, 4.7, 0],
					"cubes": [
						{"origin": [1.25, 3.95, -0.5], "size": [1, 1, 1], "inflate": 0.01, "uv": [43, 24]}
					]
				},
				{
					"name": "left_lower_leg",
					"parent": "left_upper_leg",
					"pivot": [1.75, 3.95, -0.5],
					"cubes": [
						{"origin": [1.25, 2.95, -0.5], "size": [1, 1, 1], "uv": [9, 35]}
					]
				},
				{
					"name": "left_leg_nub",
					"parent": "left_lower_leg",
					"pivot": [1.75, 3, 0],
					"cubes": [
						{"origin": [0.75, 1, -1], "size": [2, 2, 2], "uv": [41, 32]}
					]
				},
				{
					"name": "left_leg_foot",
					"parent": "left_leg_nub",
					"pivot": [1.75, 2, 0],
					"cubes": [
						{"origin": [0.25, 0, -1.75], "size": [3, 2, 3], "uv": [34, 36]}
					]
				},
				{
					"name": "left_toe",
					"parent": "left_leg_foot",
					"pivot": [1.75, 0.75, -1.75],
					"rotation": [10, 0, 0],
					"cubes": [
						{"origin": [1.25, 0.25, -3.25], "size": [1, 1, 2], "uv": [40, 41]}
					]
				},
				{
					"name": "right_upper_leg",
					"parent": "body",
					"pivot": [-1.75, 4.7, 0],
					"cubes": [
						{"origin": [-2.25, 3.95, -0.5], "size": [1, 1, 1], "inflate": 0.01, "uv": [28, 14]}
					]
				},
				{
					"name": "right_lower_leg",
					"parent": "right_upper_leg",
					"pivot": [-1.75, 3.95, -0.5],
					"cubes": [
						{"origin": [-2.25, 2.95, -0.5], "size": [1, 1, 1], "uv": [12, 24]}
					]
				},
				{
					"name": "right_leg_nub",
					"parent": "right_lower_leg",
					"pivot": [-1.75, 3, 0],
					"cubes": [
						{"origin": [-2.75, 1, -1], "size": [2, 2, 2], "uv": [28, 41]}
					]
				},
				{
					"name": "right_leg_foot",
					"parent": "right_leg_nub",
					"pivot": [-1.75, 2, 0],
					"cubes": [
						{"origin": [-3.25, 0, -1.75], "size": [3, 2, 3], "uv": [22, 36]}
					]
				},
				{
					"name": "right_toe",
					"parent": "right_leg_foot",
					"pivot": [-1.75, 0.75, -1.75],
					"rotation": [10, 0, 0],
					"cubes": [
						{"origin": [-2.25, 0.25, -3.25], "size": [1, 1, 2], "uv": [31, 36]}
					]
				}
			]
		}
	]
}