{
    
    "target": "cobblemon:thievul",
    "features": ["jetian"],
    "forms": [
      {
        "implemented": true,
        "nationalPokedexNumber": 828,
        "name": "Jetian",
        "primaryType": "ice",
        "secondaryType": "ghost",
        "maleRatio": 0.5,
        "height": 12,
        "weight": 199,
        "pokedex": [
          "cobblemon.species.thievul_jetian.desc"
        ],
        "labels": [
          "gen8",
          "jetian"
        ],
        "aspects": ["jetian"],
        "abilities": [
          "runaway",
          "unburden",
          "h:stakeout"
        ],
        "eggGroups": [
          "field"
        ],
        "baseStats": {
          "hp": 70,
          "attack": 58,
          "defence": 58,
          "special_attack": 87,
          "special_defence": 92,
          "speed": 90
        },
        "evYield": {
          "hp": 0,
          "attack": 0,
          "defence": 0,
          "special_attack": 2,
          "special_defence": 0,
          "speed": 0
        },
        "baseExperienceYield": 159,
        "experienceGroup": "fast",
        "catchRate": 127,
        "eggCycles": 15,
        "baseFriendship": 50,
        "baseScale": 0.7,
        "hitbox": {
          "width": 1.2,
          "height": 2,
          "fixed": false
        },
        "behaviour": {
          "resting": {
            "canSleep": true,
            "light": "0-4"
          }
        },
        "drops": {
          "amount": 6,
          "entries": [
            {
              "item": "minecraft:sweet_berries",
              "quantityRange": "2-4"
            },
            {
              "item": "minecraft:diamond",
              "percentage": 5.0
            },
            {
              "item": "cobblemon:roseli_berry",
              "percentage": 5.0
            }
          ]
        },
        "moves": [
          "1:powdersnow",
          "1:leer",
          "1:doubleteam",
          "1:astonish",
          "1:ominouswind",
          "1:wakeupslap",
          "1:destinybond",
          "1:headbutt",
          "1:protect",
          "1:captivate",
          "1:icefang",
          "1:hex",
          "1:bite",
          "1:crunch",
          "15:iceshard",
          "20:drainingkiss",
          "25:icywind",
          "30:frostbreath",
          "35:confuseray",
          "40:snowscape",
          "47:willowisp",
          "54:auroraveil",
          "61:shadowball",
          "68:blizzard",
          "egg:bide",
          "egg:block",
          "egg:disable",
          "egg:iciclecrash",
          "egg:rollout",
          "egg:switcheroo",
          "tm:allyswitch",
          "tm:auroraveil",
          "tm:avalanche",
          "tm:blizzard",
          "tm:block",
          "tm:bodyslam",
          "tm:captivate",
          "tm:charm",
          "tm:chillingwater",
          "tm:confuseray",
          "tm:crunch",
          "tm:curse",
          "tm:doubleteam",
          "tm:drainingkiss",
          "tm:dreameater",
          "tm:embargo",
          "tm:endure",
          "tm:facade",
          "tm:faketears",
          "tm:flash",
          "tm:fling",
          "tm:frostbreath",
          "tm:gigaimpact",
          "tm:hail",
          "tm:haze",
          "tm:headbutt",
          "tm:helpinghand",
          "tm:hex",
          "tm:hyperbeam",
          "tm:icebeam",
          "tm:icefang",
          "tm:icepunch",
          "tm:icespinner",
          "tm:iciclespear",
          "tm:icywind",
          "tm:imprison",
          "tm:laserfocus",
          "tm:lightscreen",
          "tm:nightshade",
          "tm:ominouswind",
          "tm:painsplit",
          "tm:payback",
          "tm:poltergeist",
          "tm:protect",
          "tm:psychic",
          "tm:psychup",
          "tm:raindance",
          "tm:reflect",
          "tm:rest",
          "tm:rollout",
          "tm:safeguard",
          "tm:scaryface",
          "tm:shadowball",
          "tm:shockwave",
          "tm:signalbeam",
          "tm:sleeptalk",
          "tm:snatch",
          "tm:snowscape",
          "tm:spikes",
          "tm:spite",
          "tm:substitute",
          "tm:suckerpunch",
          "tm:takedown",
          "tm:taunt",
          "tm:telekinesis",
          "tm:terablast",
          "tm:thunder",
          "tm:thunderbolt",
          "tm:thunderwave",
          "tm:torment",
          "tm:trailblaze",
          "tm:trick",
          "tm:tripleaxel",
          "tm:waterpulse",
          "tm:weatherball",
          "tm:willowisp",
          "tutor:allyswitch",
          "tutor:block",
          "tutor:gigaimpact",
          "tutor:helpinghand",
          "tutor:hyperbeam",
          "tutor:icebeam",
          "tutor:icefang",
          "tutor:icepunch",
          "tutor:icywind",
          "tutor:laserfocus",
          "tutor:ominouswind",
          "tutor:painsplit",
          "tutor:poltergeist",
          "tutor:psychic",
          "tutor:rest",
          "tutor:rollout",
          "tutor:shadowball",
          "tutor:shockwave",
          "tutor:signalbeam",
          "tutor:sleeptalk",
          "tutor:snatch",
          "tutor:spikes",
          "tutor:spite",
          "tutor:suckerpunch",
          "tutor:telekinesis",
          "tutor:thunderbolt",
          "tutor:trick",
          "tutor:tripleaxel",
          "tutor:waterpulse"

        ],
        "preEvolution": "nickit jetian",
        "evolutions": []
      }
      ]}