{
	"format_version": "1.12.0",
	"minecraft:geometry": [
		{
			"description": {
				"identifier": "geometry.venipena",
				"texture_width": 128,
				"texture_height": 128,
				"visible_bounds_width": 5,
				"visible_bounds_height": 3.5,
				"visible_bounds_offset": [0, 1.25, 0]
			},
			"bones": [
				{
					"name": "vipena",
					"pivot": [0, 0, 0]
				},
				{
					"name": "head",
					"parent": "vipena",
					"pivot": [0, 19, -6],
					"cubes": [
						{"origin": [-4, 20, -13], "size": [8, 6, 11], "uv": [0, 0]}
					]
				},
				{
					"name": "bone2",
					"parent": "head",
					"pivot": [0, 19.5, -2],
					"cubes": [
						{"origin": [-4, 19, -14], "size": [8, 1, 12], "uv": [42, 3]},
						{"origin": [-2, 20.05, -17], "size": [4, 0, 7], "uv": [18, 37]},
						{"origin": [-4, 20, -14], "size": [8, 3, 1], "uv": [88, 8]}
					]
				},
				{
					"name": "hat",
					"parent": "head",
					"pivot": [0, 27.75, -7.5],
					"cubes": [
						{"origin": [-8.5, 28, -16], "size": [17, 1, 17], "uv": [2, 61]},
						{"origin": [-11.5, 26, -19], "size": [23, 2, 23], "uv": [35, 31]}
					]
				},
				{
					"name": "bone",
					"parent": "vipena",
					"pivot": [0, -1, -3],
					"cubes": [
						{"origin": [-3, 4, -9], "size": [6, 15, 6], "uv": [84, 64]}
					]
				},
				{
					"name": "bone3",
					"parent": "bone",
					"pivot": [0, 4, -9],
					"cubes": [
						{"origin": [-3, 0, -9], "size": [6, 4, 16], "uv": [14, 83]}
					]
				},
				{
					"name": "bone4",
					"parent": "bone3",
					"pivot": [0, 2, 6],
					"cubes": [
						{"origin": [-2.99, 0.3, 5.9], "size": [6, 4, 16], "pivot": [0, 2, 7], "rotation": [37.5, 0, 0], "uv": [62, 90]},
						{"origin": [-6, 2.3, 16.9], "size": [12, 0, 14], "pivot": [0, 2, 7], "rotation": [37.5, 0, 0], "uv": [10, 110]}
					]
				}
			]
		}
	]
}