{
	"format_version": "1.8.0",
	"animations": {
		"animation.petrelly.ground_idle": {
			"loop": true,
			"animation_length": 4,
			"bones": {
				"head": {
					"rotation": {
						"0.0": [0, 0, 0],
						"1.0": [0, 0, 2.5],
						"3.0": [0, 0, -2.5],
						"4.0": [0, 0, 0]
					},
					"position": {
						"0.0": [0, 0, 0],
						"2.0": [0, -0.5, 0],
						"4.0": [0, 0, 0]
					}
				},
				"slime": {
					"position": {
						"0.0": [0, 0, 0],
						"2.0": [0, -0.5, 0],
						"4.0": [0, 0, 0]
					},
					"scale": {
						"0.0": [1, 1, 1],
						"2.0": [1.1, 0.9, 1.1],
						"4.0": [1, 1, 1]
					}
				}
			}
		},
		"animation.petrelly.ground_walk": {
			"loop": true,
			"animation_length": 1,
			"bones": {
				"body": {
					"rotation": {
						"0.0": [-10, 0, 0],
						"0.25": [0, 0, 0],
						"0.5": [5, 0, 0],
						"0.75": [5, 0, 0],
						"1.0": [-10, 0, 0]
					},
					"position": {
						"0.0": [0, 4, 0],
						"0.25": [0, -1, 0],
						"0.5": [0, -2, 0],
						"0.75": [0, 6, 0],
						"1.0": [0, 4, 0]
					}
				},
				"head": {
					"rotation": {
						"0.2083": [0, 0, 0],
						"0.5": [-5, 0, 0],
						"1.0": [0, 0, 0]
					},
					"position": {
						"0.2083": [0, 0, 0],
						"0.5": [0, 1, 0],
						"1.0": [0, 0, 0]
					}
				},
				"slime": {
					"rotation": {
						"0.0": [0, 0, 0],
						"0.5": [-5, 0, 0],
						"1.0": [0, 0, 0]
					},
					"position": {
						"0.0": [0, 0, 0],
						"0.5": [0, 1.3, 0],
						"0.75": [0, -3, -0.5],
						"0.875": [0, 2, -0.25],
						"1.0": [0, 0, 0]
					},
					"scale": {
						"0.2083": [1, 1, 1],
						"0.25": [1.1, 0.9, 1.1],
						"0.5": [1.3, 0.9, 1.3],
						"0.75": [0.9, 1.5, 1],
						"1.0": [1, 1, 1]
					}
				}
			}
		},
		"animation.petrelly.faint": {
			"animation_length": 3,
			"bones": {
				"head": {
					"rotation": {
						"0.0": [0, 0, 0],
						"0.25": [0, 7.5, 0],
						"0.375": [0, -70, 0],
						"0.5": [0, -180, 0],
						"0.625": [0, -270, 0]
					},
					"scale": {
						"0.0": [1, 1, 1],
						"0.25": [1, 1, 1],
						"0.4583": [0.5, 0.5, 0.5],
						"0.625": [0, 0, 0]
					}
				},
				"slime": {
					"position": {
						"0.0": [0, 0, 0],
						"0.375": [0, 1.1, 0],
						"1.0": [0, -3.1, 0],
						"2.0": [0, -4.9, 0],
						"3.0": [0, -4.9, 0]
					},
					"scale": {
						"0.0": [1, 1, 1],
						"0.375": [1, 1.2, 1],
						"1.0": [2, 0.5, 2],
						"2.0": [2.1, 0.2, 2.1],
						"3.0": [2.1, 0.2, 2.1]
					}
				}
			}
		}
	}
}