{
    "enabled": "true",
    "neededInstalledMods": [],
    "neededUninstalledMods": [],
    "spawns": [
        {
            "id": "typenull-1",
            "pokemon": "typenull",
            "type": "pokemon",
            "context": "grounded",
            "bucket": "ultra-rare",
            "level": "15",
            "weight": 2,
            "condition": {
                "structures": [
                    "minecraft:ancient_city"
                ],
		"maxY": 62,
		"neededNearbyBlocks": [
		    "#cobblemon:ancient_city_blocks"
		]
            }
        }
    ]
}