{
	"format_version": "1.8.0",
	"animations": {
		"animation.emberam.pose": {
			"loop": true,
			"bones": {
				"head": {
					"rotation": [170, -82.5, -180],
					"position": [0, -0.3, 0]
				},
				"front_leg_right": {
					"rotation": [-7.5, 0, 0]
				},
				"front_leg_right2": {
					"rotation": [10, 0, 0]
				},
				"hoof1": {
					"rotation": [-5, 0, 0]
				},
				"hind_leg_right2": {
					"rotation": [10, 0, 0]
				},
				"hoof2": {
					"rotation": [-7.5, 0, 0]
				},
				"hind_leg_left2": {
					"rotation": [-7.5, 0, 0]
				},
				"hoof3": {
					"rotation": [10, 0, 0]
				},
				"front_leg_left": {
					"rotation": [-62.5, 0, 0]
				},
				"front_leg_left2": {
					"rotation": [90, 0, 0]
				}
			}
		},
		"animation.emberam.ground_idle": {
			"loop": true,
			"animation_length": 1,
			"bones": {
				"torso": {
					"rotation": ["Math.cos((query.anim_time-0.13) * 90 * 8) *0.5", 0, "Math.cos((query.anim_time-0.35) * 90 * 4) *1.5"]
				},
				"head": {
					"rotation": ["Math.cos((query.anim_time+0.3) * 90 * 8) * 3", 0, "Math.cos((query.anim_time-0.55) * 90 * 4) *1.5"]
				},
				"fur_tuft_right": {
					"rotation": [0, 0, "2.5+Math.cos((query.anim_time-0.44) * 90 * 8) * 3"]
				},
				"fur_ruft_left": {
					"rotation": [0, 0, "2.5-Math.cos((query.anim_time-0.43) * 90 * 8) * 2.5 "]
				},
				"ear_right": {
					"rotation": ["-4.4812-Math.cos((query.anim_time-0.40) * 90 * 8) * 1.5", 0.79579, "4.9306+Math.cos((query.anim_time-0.40) * 90 * 4) * 5"]
				},
				"ear_left": {
					"rotation": ["-2.4967-Math.cos((query.anim_time-0.43) * 90 * 8) * 1.5", 0.15066, "2.4955+Math.cos((query.anim_time-0.45) * 90 * 4) * 5"]
				},
				"hair_tip": {
					"rotation": ["Math.cos((query.anim_time-0.68) * 90 * 8) * 4.5", 0, 0]
				},
				"tail": {
					"rotation": ["Math.cos((query.anim_time-0.68) * 90 * 8) * 3.5", 0, 0]
				}
			}
		},
		"animation.emberam.battle_idle": {
			"loop": true,
			"animation_length": 1,
			"bones": {
				"torso": {
					"rotation": ["15+Math.cos((query.anim_time-0.13) * 90 * 8) *0.5", 0, "Math.cos((query.anim_time-0.35) * 90 * 4) *1.5"]
				},
				"head": {
					"rotation": ["-12.5+Math.cos((query.anim_time+0.3) * 90 * 8) * 4", 0, "Math.cos((query.anim_time-0.55) * 90 * 4) *0.5"],
					"position": [0, 0, -0.4]
				},
				"fur_tuft_right": {
					"rotation": [0, 0, "2.5+Math.cos((query.anim_time-0.44) * 90 * 8) * 3"]
				},
				"fur_ruft_left": {
					"rotation": [0, 0, "2.5-Math.cos((query.anim_time-0.43) * 90 * 8) * 2.5 "]
				},
				"ear_right": {
					"rotation": ["-4.4812-Math.cos((query.anim_time-0.40) * 90 * 8) * 1.5", 0.79579, "4.9306+Math.cos((query.anim_time-0.40) * 90 * 4) * 5"]
				},
				"ear_left": {
					"rotation": ["-2.4967-Math.cos((query.anim_time-0.43) * 90 * 8) * 1.5", 0.15066, "2.4955+Math.cos((query.anim_time-0.45) * 90 * 4) * 5"]
				},
				"hair_tip": {
					"rotation": ["Math.cos((query.anim_time-0.68) * 90 * 8) * 4.5", 0, 0]
				},
				"tail": {
					"rotation": ["Math.cos((query.anim_time-0.68) * 90 * 8) * 3.5", 0, 0]
				},
				"front_leg_right": {
					"rotation": [0, 0, -7.5]
				},
				"front_leg_right2": {
					"rotation": [0, 0, 7]
				},
				"hind_leg_right": {
					"rotation": [0, 0, -15]
				},
				"hind_leg_right2": {
					"rotation": [0, 0, 15]
				},
				"hind_leg_left": {
					"rotation": [0, 0, 15]
				},
				"hind_leg_left2": {
					"rotation": [0, 0, -15]
				},
				"front_leg_left": {
					"rotation": [0, 0, 5]
				},
				"front_leg_left2": {
					"rotation": [0, 0, -5]
				}
			}
		},
		"animation.emberam.ground_walk": {
			"loop": true,
			"bones": {
				"head": {
					"rotation": ["math.sin(q.anim_time*90*4-90)*0.2+2.5", 0, "math.clamp(math.sin(q.anim_time*90*4-90)*1,-0.8,0.8)+math.sin(q.anim_time*90*4-90)*2"]
				},
				"ear_right": {
					"rotation": [0, 0, "math.sin(q.anim_time*90*4-90)*-10+5.5"]
				},
				"ear_left": {
					"rotation": [0, 0, "math.sin(q.anim_time*90*4-90)*10+5.5"]
				},
				"torso": {
					"rotation": ["math.sin(q.anim_time*90*4-90)*0.2+2.5", 0, "math.clamp(math.sin(q.anim_time*90*4-90)*1,-0.8,0.8)+math.sin(q.anim_time*90*4-180)*2"]
				},
				"front_leg_right": {
					"rotation": ["20-math.clamp(19*(math.sin(q.anim_time*90*4-90+33)*1+1),-0,60)", 0, 0]
				},
				"front_leg_right2": {
					"rotation": [
						"math.clamp(math.sin(q.anim_time*90*4-180*0+33)*40,0,40)+(math.clamp(math.sin(q.anim_time*90*2-90*0)*1,0.5,1)*1-0.5)*30+(math.clamp(math.sin(q.anim_time*90*2-90*2)*1,0.5,1)*1-0.5)*30",
						0,
						0
					]
				},
				"hind_leg_right": {
					"rotation": ["-20+math.clamp(15*(math.sin(q.anim_time*90*4-90)*1+1),-0,60)", 0, 0]
				},
				"hind_leg_right2": {
					"rotation": [
						"math.clamp(math.sin(q.anim_time*90*4)*10,0,10)-math.clamp(math.sin(q.anim_time*90*4-95)*10,0,45)-math.clamp(math.sin(q.anim_time*90*4+180)*10,0,45)",
						0,
						0
					]
				},
				"hind_leg_left": {
					"rotation": ["-20+math.clamp(15*(math.sin(q.anim_time*90*4-90+180)*1+1),-0,60)", 0, 0]
				},
				"hind_leg_left2": {
					"rotation": [
						"math.clamp(math.sin(q.anim_time*90*4+180)*10,0,10)-math.clamp(math.sin(q.anim_time*90*4-95+180)*10,0,45)-math.clamp(math.sin(q.anim_time*90*4+180*0)*10,0,45)",
						0,
						0
					]
				},
				"front_leg_left": {
					"rotation": ["20-math.clamp(19*(math.sin(q.anim_time*90*4-90+33+180)*1+1),-0,60)", 0, 0]
				},
				"front_leg_left2": {
					"rotation": [
						"math.clamp(math.sin(q.anim_time*90*4-180*1+33)*40,0,40)+(math.clamp(math.sin(q.anim_time*90*2-90*3)*1,0.5,1)*1-0.5)*30+(math.clamp(math.sin(q.anim_time*90*2-90*1)*1,0.5,1)*1-0.5)*30",
						0,
						0
					]
				}
			}
		},
		"animation.emberam.battle_quirk": {
			"animation_length": 1,
			"bones": {
				"front_leg_left": {
					"rotation": {
						"0.0": {
							"post": [-45, 0, 0],
							"lerp_mode": "catmullrom"
						},
						"0.5417": {
							"post": [12.5, 0, 0],
							"lerp_mode": "catmullrom"
						},
						"1.0": {
							"post": [-45, 0, 0],
							"lerp_mode": "catmullrom"
						}
					},
					"position": {
						"0.0": {
							"post": [0, 0, 0],
							"lerp_mode": "catmullrom"
						},
						"0.25": {
							"post": [0, -0.25, 0],
							"lerp_mode": "catmullrom"
						},
						"1.0": {
							"post": [0, 0, 0],
							"lerp_mode": "catmullrom"
						}
					}
				},
				"front_leg_left2": {
					"rotation": {
						"0.0": [37.5, 0, 0],
						"0.5": [-7.5, 0, 0],
						"0.7917": [66.25, 0, 0],
						"1.0": [37.5, 0, 0]
					}
				},
				"head": {
					"rotation": {
						"0.0": {
							"post": [0, 0, 0],
							"lerp_mode": "catmullrom"
						},
						"0.375": {
							"post": [15, 0, 0],
							"lerp_mode": "catmullrom"
						},
						"1.0": {
							"post": [0, 0, 0],
							"lerp_mode": "catmullrom"
						}
					}
				},
				"mouth": {
					"position": [0, 0, 0.1]
				}
			}
		},
		"animation.emberam.blink": {
			"animation_length": 0.125,
			"bones": {
				"eye_right": {
					"position": {
						"0.0": [-0.25, 0, 0.25],
						"0.0833": [-0.25, 0, 0.25],
						"0.125": [0, 0, 0]
					}
				},
				"eye_white_left": {
					"position": {
						"0.0": [0.1, 0, 0.1],
						"0.0833": [0.1, 0, 0.1],
						"0.125": [0, 0, 0]
					}
				}
			}
		},
		"animation.emberam.sleep": {
			"loop": true,
			"bones": {
				"body": {
					"rotation": [0, 0, -85],
					"position": [-2, -6.35, 0]
				},
				"torso": {
					"rotation": ["7.5 + (math.sin((q.anim_time - 0.2 + (math.sin((q.anim_time - 0.2) * 360 / 4) * 0.1)) * 360 / 4) * 1) - 1", 0, 0]
				},
				"head": {
					"rotation": ["23.034 + (math.sin((q.anim_time - 0.5 + (math.sin((q.anim_time - 0.5) * 360 / 4) * 0.1)) * 360 / 4) * 1) - 1", -0.90671, 2.32988]
				},
				"ear_right": {
					"rotation": ["20 + (math.sin((q.anim_time - 0.8 + (math.sin((q.anim_time - 0.8) * 360 / 4) * 0.1)) * 360 / 4) * 3)", 0, 0]
				},
				"ear_left": {
					"rotation": ["-0.9905+ (math.sin((q.anim_time -0.5 + (math.sin((q.anim_time - 0.5) * 360 / 4) * -0.1)) * 360 / 4) * 1) - 1", 0.10841, 19.99942]
				},
				"hair": {
					"rotation": [0, 0, -7.5]
				},
				"eye_right": {
					"position": [-0.1, 0, 0.1]
				},
				"eye_white_left": {
					"position": [0.1, 0, 0.1]
				},
				"mouth": {
					"position": [0, -0.1, 0]
				},
				"tail": {
					"rotation": [0, -22.5, 0]
				},
				"front_leg_right": {
					"rotation": [0, 0, 12.5]
				},
				"front_leg_right2": {
					"rotation": ["-42.3908+(math.sin((q.anim_time - 0.8 + (math.sin((q.anim_time - 0.8) * 360 / 4) * 0.1)) * 360 / 4) * 3)", 3.56154, 3.5116]
				},
				"hind_leg_right": {
					"rotation": [-27.29887, 3.45533, 6.66067]
				},
				"hind_leg_right2": {
					"rotation": ["24.5268+(math.sin((q.anim_time - 0.9 + (math.sin((q.anim_time - 0.8) * 360 / 4) * 0.1)) * 360 / 4) * 3)", -4.65066, 11.61545]
				},
				"hind_leg_left": {
					"rotation": [-10, 0, 0]
				},
				"front_leg_left": {
					"rotation": [0, 0, -5]
				},
				"front_leg_left2": {
					"rotation": [-35, 0, 0]
				}
			}
		},
		"animation.emberam.cry": {
			"animation_length": 2,
			"bones": {
				"neck": {
					"rotation": {
						"0.0": [0, 0, 0],
						"0.125": {
							"pre": [15, 0, 0],
							"post": [15, 0, 0],
							"lerp_mode": "catmullrom"
						},
						"0.5417": {
							"post": [-10, 0, 0],
							"lerp_mode": "catmullrom"
						},
						"1.25": {
							"post": [-12.5, 0, 0],
							"lerp_mode": "catmullrom"
						},
						"1.75": [0, 0, 0]
					}
				},
				"head": {
					"rotation": {
						"0.0": [0, 0, 0],
						"0.125": [7.5, 0, 0],
						"0.3333": [-12.5, 0, 0],
						"0.625": [-17.5, 0, 0],
						"0.75": [-6.5, 0, 0],
						"0.875": [-15.5, 0, 0],
						"1.0": [-9.5, 0, 0],
						"1.125": [-16, 0, 0],
						"1.25": [-12.5, 0, 0],
						"2.0": [0, 0, 0]
					}
				},
				"mouth_open": {
					"position": {
						"0.3333": [0, 0, 0],
						"0.375": [0, 0, -0.1],
						"1.5": [0, 0, -0.1],
						"2.0": [0, 0, 0]
					}
				},
				"mouth": {
					"position": {
						"0.0": [0, 0, 0],
						"0.125": [0, 0, 0.1],
						"1.5": [0, 0, 0.1],
						"1.5417": [0, 0, 0]
					}
				}
			},
			"sound_effects": {
				"0.2083": {
					"effect": "pokemon.emberam.cry"
				}
			}
		}
	}
}