{
	"format_version": "1.8.0",
	"animations": {
		"animation.equirin.pose": {
			"loop": true,
			"bones": {
				"iris_right": {
					"position": [0, 0, 1.25]
				},
				"iris_left": {
					"position": [0, 0, 0]
				},
				"mane_bottom": {
					"rotation": [-12.5, 0, 0]
				},
				"ear_right": {
					"rotation": [-30.86748, -12.95254, 7.63074]
				},
				"ear_left": {
					"rotation": [-21.17283, 18.74724, -7.09597]
				},
				"bone2": {
					"rotation": [-7.5, 0, 0]
				},
				"bone3": {
					"rotation": [7.5, 0, 0]
				},
				"hind_leg_right": {
					"rotation": [10, 0, 0]
				},
				"bone9": {
					"rotation": [-7.5, 0, 0]
				},
				"hind_leg_left": {
					"rotation": [-12.5, 0, 0]
				},
				"bone11": {
					"rotation": [-12.5, 0, 0]
				},
				"bone12": {
					"rotation": [17.5, 0, 0]
				},
				"hind_leg_left2": {
					"rotation": [-32.5, 0, 0]
				},
				"bone5": {
					"rotation": [65, 0, 0],
					"position": [0, 1, 0]
				},
				"tail1": {
					"rotation": [-15, 0, 0]
				},
				"tail2": {
					"rotation": [-20, 0, 0]
				},
				"tail3": {
					"rotation": [37.5, 0, 0]
				},
				"tail4": {
					"rotation": [40, 0, 0]
				},
				"tail5": {
					"rotation": [36.83829, -7.57131, 9.97528]
				},
				"head": {
					"rotation": [7.56397, -7.43547, -0.98448]
				},
				"fin1": {
					"rotation": [10, 0, 0],
					"position": [0, -0.5, 0]
				},
				"fin2": {
					"rotation": [-7.5, 0, 0],
					"position": [0, -0.75, 0]
				}
			}
		},
		"animation.equirin.ground_walk": {
			"loop": true,
			"animation_length": 1.25,
			"bones": {
				"torso": {
					"rotation": ["math.sin(q.anim_time*90*6.4-90)*2", "math.sin(q.anim_time*90*3.2)*2", "math.sin(q.anim_time*90*3.2-90)*-3"],
					"position": [0, "math.sin(q.anim_time*90*6.4-20)*0.3-0.6", 0]
				},
				"head": {
					"rotation": ["math.sin(q.anim_time*90*6.4)*3-5.5", 0, "0+math.sin(q.anim_time*90*3.2-30)*2"]
				},
				"mane_top_left": {
					"rotation": ["math.sin(q.anim_time*90*6.4-150)*3", 0, 0]
				},
				"mane_top_right": {
					"rotation": ["math.sin(q.anim_time*90*6.4-150)*3", 0, 0]
				},
				"mane_left": {
					"rotation": ["math.sin(q.anim_time*90*6.4-150)*3", 0, 0]
				},
				"mane_right": {
					"rotation": ["math.sin(q.anim_time*90*6.4-150)*3", 0, 0]
				},
				"mane_top2": {
					"rotation": ["math.sin(q.anim_time*90*6.4-150)*3", 0, 0]
				},
				"mane_top3": {
					"rotation": ["math.sin(q.anim_time*90*6.4-210)*4", 0, 0]
				},
				"mane_hair": {
					"rotation": ["math.sin(q.anim_time*90*6.4+20)*3.1", 0, 0]
				},
				"ear_right": {
					"rotation": ["math.sin(q.anim_time*90*6.4-90)*-2", 0, 0]
				},
				"ear_left": {
					"rotation": ["math.sin(q.anim_time*90*6.4-90)*-2", 0, 0]
				},
				"neck": {
					"rotation": ["10+math.sin(q.anim_time*90*6.4-60)*-3", 0, "math.sin(q.anim_time*90*3.2-30)*2"]
				},
				"fin2": {
					"rotation": [-5, 0, 0],
					"position": [0, -0.5, 0]
				},
				"tail1": {
					"rotation": [-7.5, "math.sin(q.anim_time*90*6.4-200)*3", 0]
				},
				"tail2": {
					"rotation": ["7.5+math.sin(q.anim_time*90*6.4-210)*3", "math.sin(q.anim_time*90*6.4-210)*3.5", 0]
				},
				"tail3": {
					"rotation": ["10+math.sin(q.anim_time*90*6.4-210)*3", "math.sin(q.anim_time*90*6.4-230)*3.5", 0]
				},
				"tail4": {
					"rotation": ["12.5+math.sin(q.anim_time*90*6.4-210)*3", 0, 0]
				},
				"tail5": {
					"rotation": ["12.5+math.sin(q.anim_time*90*6.4-220)*3", 0, 0]
				},
				"front_leg_right": {
					"rotation": {
						"0.0": {
							"post": [7.5, 0, 0],
							"lerp_mode": "catmullrom"
						},
						"0.2917": {
							"post": [-35, 0, 0],
							"lerp_mode": "catmullrom"
						},
						"0.4583": [-30.83, 0, 0],
						"0.625": [-6.18, 0, 0],
						"0.7917": [10.19, 0, 0],
						"0.9167": [18.3, 0, 0],
						"1.0": {
							"pre": [20.43, 0, 0],
							"post": [20.43, 0, 0],
							"lerp_mode": "catmullrom"
						},
						"1.25": {
							"post": [7.5, 0, 0],
							"lerp_mode": "catmullrom"
						}
					},
					"position": {
						"0.0": {
							"post": [0, 0.05, 0.8],
							"lerp_mode": "catmullrom"
						},
						"0.1667": {
							"post": [0, 0.81, -0.26],
							"lerp_mode": "catmullrom"
						},
						"0.3333": {
							"post": [0, -0.22, -0.65],
							"lerp_mode": "catmullrom"
						},
						"0.5": {
							"post": [0, -0.85, -0.5],
							"lerp_mode": "catmullrom"
						},
						"0.625": [0, -0.26, -0.22],
						"0.7083": [0, -0.16, 0.01],
						"0.7917": [0, -0.26, 0.23],
						"1.0": [0, -0.9, 0.85],
						"1.125": {
							"pre": [0, -0.49, 1.09],
							"post": [0, -0.49, 1.09],
							"lerp_mode": "catmullrom"
						},
						"1.25": {
							"post": [0, 0.05, 0.8],
							"lerp_mode": "catmullrom"
						}
					}
				},
				"bone2": {
					"rotation": {
						"0.0": {
							"post": [22.5, 0, 0],
							"lerp_mode": "catmullrom"
						},
						"0.2917": {
							"post": [43.6, 0, 0],
							"lerp_mode": "catmullrom"
						},
						"0.5": [0, 0, 0],
						"0.625": [0.04, 0, 0],
						"0.9167": [0.04, 0, 0],
						"1.25": [22.5, 0, 0]
					}
				},
				"bone3": {
					"rotation": {
						"0.0": {
							"post": [40, 0, 0],
							"lerp_mode": "catmullrom"
						},
						"0.1667": {
							"post": [22.5, 0, 0],
							"lerp_mode": "catmullrom"
						},
						"0.2917": {
							"post": [19.64, 0, 0],
							"lerp_mode": "catmullrom"
						},
						"0.5": [20.06, 0, 0],
						"0.625": [2.36, 0, 0],
						"0.9167": {
							"pre": [-14.48, 0, 0],
							"post": [-14.48, 0, 0],
							"lerp_mode": "catmullrom"
						},
						"1.25": {
							"post": [40, 0, 0],
							"lerp_mode": "catmullrom"
						}
					}
				},
				"hind_leg_right": {
					"rotation": {
						"0.0": [-20, 0, 0],
						"0.1667": [-30.02, 0, 0],
						"0.2917": [-23.59, 0, 0],
						"0.625": {
							"pre": [8.38, 0, 0],
							"post": [8.38, 0, 0],
							"lerp_mode": "catmullrom"
						},
						"0.8333": {
							"post": [24.67, 0, 0],
							"lerp_mode": "catmullrom"
						},
						"1.0": {
							"post": [15.29, 0, 0],
							"lerp_mode": "catmullrom"
						},
						"1.25": {
							"post": [-20, 0, 0],
							"lerp_mode": "catmullrom"
						}
					},
					"position": {
						"0.0": [0, -0.08, -0.55],
						"0.1667": [0, -0.53, -0.36],
						"0.2917": [0, -0.83, -0.09],
						"0.625": [0, -0.5, 1.1],
						"0.7917": {
							"pre": [0, -0.3, 1.1],
							"post": [0, -0.3, 1.1],
							"lerp_mode": "catmullrom"
						},
						"0.9167": {
							"post": [0, 0, 1.1],
							"lerp_mode": "catmullrom"
						},
						"1.125": {
							"post": [0, 0.46, 0.21],
							"lerp_mode": "catmullrom"
						},
						"1.25": {
							"post": [0, -0.08, -0.55],
							"lerp_mode": "catmullrom"
						}
					}
				},
				"bone8": {
					"rotation": {
						"0.0": [-6.39, 0, 0],
						"0.1667": [15.28, 0, 0],
						"0.625": [12.5, 0, 0],
						"0.875": {
							"pre": [-2.5, 0, 0],
							"post": [-2.5, 0, 0],
							"lerp_mode": "catmullrom"
						},
						"1.125": {
							"post": [-19.72, 0, 0],
							"lerp_mode": "catmullrom"
						},
						"1.25": {
							"post": [-6.39, 0, 0],
							"lerp_mode": "catmullrom"
						}
					},
					"position": {
						"0.0": [0, 1.07, 0],
						"0.1667": [0, 0.5, 0],
						"0.2917": [0, 1.05, 0],
						"0.4167": [0, 1.21, 0],
						"0.625": [0, 0.25, 0],
						"0.875": {
							"pre": [0, 1.5, 0],
							"post": [0, 1.5, 0],
							"lerp_mode": "catmullrom"
						},
						"1.125": {
							"post": [0, 1.5, 0],
							"lerp_mode": "catmullrom"
						},
						"1.25": {
							"post": [0, 1.07, 0],
							"lerp_mode": "catmullrom"
						}
					}
				},
				"bone9": {
					"rotation": {
						"0.0": [17.5, 0, 0],
						"0.1667": [15, 0, 0],
						"0.2917": [7.5, 0, 0],
						"0.4167": [-2.5, 0, 0],
						"0.5417": [-12.5, 0, 0],
						"0.625": [-12.5, 0, 0],
						"0.875": {
							"pre": [22.5, 0, 0],
							"post": [22.5, 0, 0],
							"lerp_mode": "catmullrom"
						},
						"1.125": {
							"post": [43.33, 0, 0],
							"lerp_mode": "catmullrom"
						},
						"1.25": {
							"post": [17.5, 0, 0],
							"lerp_mode": "catmullrom"
						}
					}
				},
				"hind_leg_left": {
					"rotation": {
						"0.0": {
							"post": [8.38, 0, 0],
							"lerp_mode": "catmullrom"
						},
						"0.2083": {
							"post": [24.67, 0, 0],
							"lerp_mode": "catmullrom"
						},
						"0.375": {
							"post": [15.29, 0, 0],
							"lerp_mode": "catmullrom"
						},
						"0.625": {
							"post": [-20, 0, 0],
							"lerp_mode": "catmullrom"
						},
						"0.7917": [-30.02, 0, 0],
						"0.9167": [-23.59, 0, 0],
						"1.25": [8.38, 0, 0]
					},
					"position": {
						"0.0": [0, -0.5, 1.1],
						"0.1667": {
							"pre": [0, -0.3, 1.1],
							"post": [0, -0.3, 1.1],
							"lerp_mode": "catmullrom"
						},
						"0.2917": {
							"post": [0, 0, 1.1],
							"lerp_mode": "catmullrom"
						},
						"0.5": {
							"post": [0, 0.46, 0.21],
							"lerp_mode": "catmullrom"
						},
						"0.625": {
							"post": [0, -0.08, -0.55],
							"lerp_mode": "catmullrom"
						},
						"0.7917": [0, -0.53, -0.36],
						"0.9167": [0, -0.83, -0.09],
						"1.25": [0, -0.5, 1.1]
					}
				},
				"bone11": {
					"rotation": {
						"0.0": [12.5, 0, 0],
						"0.25": {
							"pre": [-2.5, 0, 0],
							"post": [-2.5, 0, 0],
							"lerp_mode": "catmullrom"
						},
						"0.5": {
							"post": [-19.72, 0, 0],
							"lerp_mode": "catmullrom"
						},
						"0.625": {
							"post": [-6.39, 0, 0],
							"lerp_mode": "catmullrom"
						},
						"0.7917": [15.28, 0, 0],
						"1.25": [12.5, 0, 0]
					},
					"position": {
						"0.0": [0, 0.25, 0],
						"0.25": {
							"pre": [0, 1.5, 0],
							"post": [0, 1.5, 0],
							"lerp_mode": "catmullrom"
						},
						"0.5": {
							"post": [0, 1.5, 0],
							"lerp_mode": "catmullrom"
						},
						"0.625": {
							"post": [0, 1.07, 0],
							"lerp_mode": "catmullrom"
						},
						"0.7917": [0, 0.5, 0],
						"0.9167": [0, 1.05, 0],
						"1.0417": [0, 1.21, 0],
						"1.25": [0, 0.25, 0]
					}
				},
				"bone12": {
					"rotation": {
						"0.0": [-12.5, 0, 0],
						"0.25": {
							"pre": [22.5, 0, 0],
							"post": [22.5, 0, 0],
							"lerp_mode": "catmullrom"
						},
						"0.5": {
							"post": [43.33, 0, 0],
							"lerp_mode": "catmullrom"
						},
						"0.625": {
							"post": [17.5, 0, 0],
							"lerp_mode": "catmullrom"
						},
						"0.7917": [15, 0, 0],
						"0.9167": [7.5, 0, 0],
						"1.0417": [-2.5, 0, 0],
						"1.1667": [-12.5, 0, 0],
						"1.25": [-12.5, 0, 0]
					}
				},
				"hind_leg_left2": {
					"rotation": {
						"0.0": [-6.18, 0, 0],
						"0.1667": [10.19, 0, 0],
						"0.375": {
							"pre": [20.43, 0, 0],
							"post": [20.43, 0, 0],
							"lerp_mode": "catmullrom"
						},
						"0.625": {
							"post": [7.5, 0, 0],
							"lerp_mode": "catmullrom"
						},
						"0.9167": {
							"post": [-35, 0, 0],
							"lerp_mode": "catmullrom"
						},
						"1.0833": [-30.83, 0, 0],
						"1.25": [-6.18, 0, 0]
					},
					"position": {
						"0.0": [0, -0.26, -0.22],
						"0.0833": [0, -0.16, 0.01],
						"0.1667": [0, -0.26, 0.23],
						"0.375": [0, -0.9, 0.85],
						"0.5": {
							"pre": [0, -0.49, 1.09],
							"post": [0, -0.49, 1.09],
							"lerp_mode": "catmullrom"
						},
						"0.625": {
							"post": [0, 0.05, 0.8],
							"lerp_mode": "catmullrom"
						},
						"0.7917": {
							"post": [0, 0.81, -0.26],
							"lerp_mode": "catmullrom"
						},
						"0.9583": {
							"post": [0, -0.22, -0.65],
							"lerp_mode": "catmullrom"
						},
						"1.125": {
							"post": [0, -0.85, -0.5],
							"lerp_mode": "catmullrom"
						},
						"1.25": [0, -0.26, -0.22]
					}
				},
				"bone5": {
					"rotation": {
						"0.0": [0.04, 0, 0],
						"0.2917": [0.04, 0, 0],
						"0.625": {
							"pre": [40, 0, 0],
							"post": [40, 0, 0],
							"lerp_mode": "catmullrom"
						},
						"0.9167": {
							"post": [43.6, 0, 0],
							"lerp_mode": "catmullrom"
						},
						"1.125": [0, 0, 0],
						"1.25": [0.04, 0, 0]
					}
				},
				"bone6": {
					"rotation": {
						"0.0": [2.36, 0, 0],
						"0.2917": {
							"pre": [-14.48, 0, 0],
							"post": [-14.48, 0, 0],
							"lerp_mode": "catmullrom"
						},
						"0.625": {
							"post": [40, 0, 0],
							"lerp_mode": "catmullrom"
						},
						"0.7917": {
							"post": [22.5, 0, 0],
							"lerp_mode": "catmullrom"
						},
						"0.9167": {
							"post": [19.64, 0, 0],
							"lerp_mode": "catmullrom"
						},
						"1.125": [20.06, 0, 0],
						"1.25": [2.36, 0, 0]
					}
				},
				"whisker_right": {
					"rotation": [0, "math.sin(q.anim_time*90*6.4)*5-13", "math.sin(q.anim_time*90*3.2-30)*2"]
				},
				"whisker_left": {
					"rotation": [0, "math.sin(q.anim_time*-90*6.4)*5+13", "math.sin(q.anim_time*-90*3.2+30)*2"]
				},
				"mane_top_right3": {
					"rotation": ["math.sin(q.anim_time*90*6.4-210)*4", 0, 0]
				},
				"mane_top_right2": {
					"rotation": ["-6+math.sin(q.anim_time*90*6.4-190)*3", 0, 0]
				},
				"mane_top_left2": {
					"rotation": ["-6+math.sin(q.anim_time*90*6.4-190)*3", 0, 0]
				},
				"mane_top_left3": {
					"rotation": ["math.sin(q.anim_time*90*6.4-210)*4", 0, 0]
				},
				"mane_left2": {
					"rotation": ["0+math.sin(q.anim_time*90*6.4-210)*3", 0, 0]
				},
				"mane_left3": {
					"rotation": ["10+math.sin(q.anim_time*90*6.4-230)*4", 0, 0]
				},
				"mane_right2": {
					"rotation": ["0+math.sin(q.anim_time*90*6.4-210)*3", 0, 0]
				},
				"mane_right3": {
					"rotation": ["10+math.sin(q.anim_time*90*6.4-230)*4", 0, 0]
				}
			}
		},
		"animation.equirin.ground_run": {
			"loop": true,
			"animation_length": 0.5833,
			"bones": {
				"torso": {
					"rotation": ["math.sin(q.anim_time*90*6.9-30)*-3", 0, "math.sin(q.anim_time*90*6.9)*3"],
					"position": [0, "math.sin(q.anim_time*90*6.9+60)*0.4", "math.sin(q.anim_time*90*6.9-30)*-0.8"]
				},
				"neck": {
					"rotation": ["17.5+math.sin(q.anim_time*90*6.9-90)*-8.5", 0, 0]
				},
				"head": {
					"rotation": ["-10+math.sin(q.anim_time*90*6.9-120)*9", 0, 0],
					"position": [0, -1, 0]
				},
				"eyelid_right": {
					"rotation": [6, 0, 0]
				},
				"eyelid_left": {
					"rotation": [6, 0, 0]
				},
				"whisker_left": {
					"rotation": {
						"0.0": [12.5, 17.5, 0],
						"0.2917": [-2.5, 17.5, 0],
						"0.5833": [12.5, 17.5, 0]
					}
				},
				"whisker_right": {
					"rotation": {
						"0.0": [12.5, -20, 0],
						"0.2917": [-20, -20, 0],
						"0.5833": [12.5, -20, 0]
					}
				},
				"mane_top_left": {
					"rotation": ["math.sin(q.anim_time*90*6.4-70)*-8", 0, 0]
				},
				"mane_top_left2": {
					"rotation": ["math.sin(q.anim_time*90*6.4-50)*-9", 0, 0]
				},
				"mane_top_left3": {
					"rotation": ["math.sin(q.anim_time*90*6.4-30)*-10", 0, 0]
				},
				"mane_top_right": {
					"rotation": ["math.sin(q.anim_time*90*6.4-70)*-8", 0, 0]
				},
				"mane_top_right2": {
					"rotation": ["math.sin(q.anim_time*90*6.4-50)*-9", 0, 0]
				},
				"mane_top_right3": {
					"rotation": ["math.sin(q.anim_time*90*6.4-30)*-10", 0, 0]
				},
				"mane_left": {
					"rotation": ["math.sin(q.anim_time*90*6.4-90)*-8", 0, 0]
				},
				"mane_left2": {
					"rotation": ["math.sin(q.anim_time*90*6.4-70)*-9", 0, 0]
				},
				"mane_left3": {
					"rotation": ["math.sin(q.anim_time*90*6.4-100)*-10", 0, 0]
				},
				"mane_right": {
					"rotation": ["math.sin(q.anim_time*90*6.4-90)*-8", 0, 0]
				},
				"mane_right2": {
					"rotation": ["math.sin(q.anim_time*90*6.4-70)*-9", 0, 0]
				},
				"mane_right3": {
					"rotation": ["math.sin(q.anim_time*90*6.4-100)*-10", 0, 0]
				},
				"mane_bottom": {
					"rotation": ["math.sin(q.anim_time*90*6.4-90)*-8", 0, 0]
				},
				"mane_top2": {
					"rotation": ["math.sin(q.anim_time*90*6.4-60)*-14.5", 0, 0]
				},
				"mane_top3": {
					"rotation": ["math.sin(q.anim_time*90*6.4-60)*-10.5", 0, 0]
				},
				"ear_right": {
					"rotation": ["math.sin(q.anim_time*90*6.4-50)*-8", 0, 0]
				},
				"ear_left": {
					"rotation": ["math.sin(q.anim_time*90*6.4-50)*-8", 0, 0]
				},
				"fin2": {
					"position": [0, -0.6, 0]
				},
				"tail1": {
					"rotation": ["math.sin(q.anim_time*90*6.9-120)*6", 0, 0]
				},
				"tail2": {
					"rotation": ["math.sin(q.anim_time*90*6.9-140)*6", 0, 0]
				},
				"tail3": {
					"rotation": ["math.sin(q.anim_time*90*6.9-160)*6", 0, 0]
				},
				"tail4": {
					"rotation": ["math.sin(q.anim_time*90*6.9-180)*6", 0, 0]
				},
				"tail5": {
					"rotation": ["math.sin(q.anim_time*90*6.9-210)*6", 0, 0]
				},
				"front_leg_right": {
					"rotation": {
						"0.0": {
							"post": [26.4, -8.8, 1.4],
							"lerp_mode": "catmullrom"
						},
						"0.0417": {
							"post": [35.9, -10.61, 2.4],
							"lerp_mode": "catmullrom"
						},
						"0.0833": {
							"post": [35.9, -10.61, 2.4],
							"lerp_mode": "catmullrom"
						},
						"0.125": {
							"post": [20.14928, -10.28382, 2.55395],
							"lerp_mode": "catmullrom"
						},
						"0.2083": {
							"post": [-32.5, 0, 0],
							"lerp_mode": "catmullrom"
						},
						"0.3333": {
							"post": [-52.5, 0, -5.3],
							"lerp_mode": "catmullrom"
						},
						"0.4583": {
							"post": [-35.2, 1, 0],
							"lerp_mode": "catmullrom"
						},
						"0.5833": {
							"post": [26.4, -8.8, 1.4],
							"lerp_mode": "catmullrom"
						},
						"0.625": {
							"post": [35.9, -10.61, 2.4],
							"lerp_mode": "catmullrom"
						}
					},
					"position": {
						"0.0": [-0.1, -0.5, 1],
						"0.0833": {
							"pre": [-0.22, -0.91, 1.32],
							"post": [-0.22, -0.91, 1.32],
							"lerp_mode": "catmullrom"
						},
						"0.125": {
							"post": [-0.25, 0, 1.5],
							"lerp_mode": "catmullrom"
						},
						"0.2083": {
							"post": [0, 0.57, -0.82],
							"lerp_mode": "catmullrom"
						},
						"0.375": {
							"post": [0, -0.68, -0.82],
							"lerp_mode": "catmullrom"
						},
						"0.4583": [-0.03, -0.62, -0.28],
						"0.5": [-0.05, -0.31, 0.04],
						"0.5417": [-0.07, 0.03, 0.36],
						"0.5833": [-0.1, -0.5, 1]
					}
				},
				"bone2": {
					"rotation": {
						"0.0": [1.86, 0, 0],
						"0.0417": {
							"pre": [8.3, 0, 0],
							"post": [8.3, 0, 0],
							"lerp_mode": "catmullrom"
						},
						"0.125": {
							"post": [45, 0, 0],
							"lerp_mode": "catmullrom"
						},
						"0.2083": {
							"post": [86.47, 0, 0],
							"lerp_mode": "catmullrom"
						},
						"0.3333": {
							"post": [3.97, 0, 0],
							"lerp_mode": "catmullrom"
						},
						"0.4583": [0, 0, 0],
						"0.5417": [0, 0, 0],
						"0.5833": [1.86, 0, 0]
					}
				},
				"bone3": {
					"rotation": {
						"0.0": [-10, 0, 0],
						"0.125": {
							"pre": [22.5, 0, 0],
							"post": [22.5, 0, 0],
							"lerp_mode": "catmullrom"
						},
						"0.2083": {
							"post": [35.8, 0, 0],
							"lerp_mode": "catmullrom"
						},
						"0.3333": {
							"post": [37.5, 0, 0],
							"lerp_mode": "catmullrom"
						},
						"0.4583": [17.5, 0, 0],
						"0.5417": [-5, 0, 0],
						"0.5833": [-10, 0, 0]
					}
				},
				"hind_leg_right": {
					"rotation": {
						"0.0": {
							"post": [32.37, -4.1, 0],
							"lerp_mode": "catmullrom"
						},
						"0.125": {
							"post": [-20.12656, 6.90116, 1.52371],
							"lerp_mode": "catmullrom"
						},
						"0.2083": {
							"post": [-40.12656, -5.50116, -1.52371],
							"lerp_mode": "catmullrom"
						},
						"0.375": {
							"post": [-25.12656, -2.3, 0],
							"lerp_mode": "catmullrom"
						},
						"0.5": {
							"post": [12.37, 1.4, 0],
							"lerp_mode": "catmullrom"
						},
						"0.5833": {
							"post": [32.37, -4.1, 0],
							"lerp_mode": "catmullrom"
						}
					},
					"position": {
						"0.0": {
							"post": [0, 0.25, 2],
							"lerp_mode": "catmullrom"
						},
						"0.125": {
							"post": [0, 0.75, 0.1],
							"lerp_mode": "catmullrom"
						},
						"0.2083": {
							"post": [0, 0.43, -0.7],
							"lerp_mode": "catmullrom"
						},
						"0.3333": [0, -0.25, -0.5],
						"0.375": [0, 0, -0.3],
						"0.5": {
							"pre": [0, -0.75, 2],
							"post": [0, -0.75, 2],
							"lerp_mode": "catmullrom"
						},
						"0.5833": {
							"post": [0, 0.25, 2],
							"lerp_mode": "catmullrom"
						}
					}
				},
				"bone8": {
					"rotation": {
						"0.0": {
							"post": [30, 0, 0],
							"lerp_mode": "catmullrom"
						},
						"0.125": {
							"post": [12.5, 0, 0],
							"lerp_mode": "catmullrom"
						},
						"0.2083": {
							"post": [-2.5, 0, 0],
							"lerp_mode": "catmullrom"
						},
						"0.2917": {
							"post": [-2.5, 0, 0],
							"lerp_mode": "catmullrom"
						},
						"0.375": {
							"post": [12.5, 0, 0],
							"lerp_mode": "catmullrom"
						},
						"0.5": {
							"post": [29.09, 0, 0],
							"lerp_mode": "catmullrom"
						},
						"0.5833": {
							"post": [30, 0, 0],
							"lerp_mode": "catmullrom"
						}
					},
					"position": {
						"0.0": {
							"post": [0, 1.75, 0.75],
							"lerp_mode": "catmullrom"
						},
						"0.125": {
							"post": [0, 3.5, 0.75],
							"lerp_mode": "catmullrom"
						},
						"0.2083": {
							"post": [0, 1, 0.75],
							"lerp_mode": "catmullrom"
						},
						"0.375": {
							"post": [0, 0.25, 0.75],
							"lerp_mode": "catmullrom"
						},
						"0.4167": [0, 0.71, 0.75],
						"0.5": {
							"pre": [0, 0.75, 0.75],
							"post": [0, 0.75, 0.75],
							"lerp_mode": "catmullrom"
						},
						"0.5833": {
							"post": [0, 1.75, 0.75],
							"lerp_mode": "catmullrom"
						}
					}
				},
				"bone9": {
					"rotation": {
						"0.0": {
							"post": [37.5, 0, 0],
							"lerp_mode": "catmullrom"
						},
						"0.125": {
							"post": [35, 0, 0],
							"lerp_mode": "catmullrom"
						},
						"0.2083": {
							"post": [12.5, 0, 0],
							"lerp_mode": "catmullrom"
						},
						"0.375": [12.5, 0, 0],
						"0.4167": [-7.5, 0, 0],
						"0.5": [-12.5, 0, 0],
						"0.5833": {
							"pre": [37.5, 0, 0],
							"post": [37.5, 0, 0],
							"lerp_mode": "catmullrom"
						}
					}
				},
				"hind_leg_left": {
					"rotation": {
						"0.0": {
							"post": [-20.12656, 6.90116, 1.52371],
							"lerp_mode": "catmullrom"
						},
						"0.0833": {
							"post": [-40.12656, 5.50116, 1.52371],
							"lerp_mode": "catmullrom"
						},
						"0.25": {
							"post": [-25.12656, 2.3, 0],
							"lerp_mode": "catmullrom"
						},
						"0.375": {
							"post": [12.37, -1.4, 0],
							"lerp_mode": "catmullrom"
						},
						"0.4583": {
							"post": [32.37, 4.1, 0],
							"lerp_mode": "catmullrom"
						},
						"0.5833": {
							"post": [-20.12656, 6.90116, 1.52371],
							"lerp_mode": "catmullrom"
						}
					},
					"position": {
						"0.0": {
							"post": [0, 0.75, 0.1],
							"lerp_mode": "catmullrom"
						},
						"0.0833": {
							"post": [0, 0.43, -0.7],
							"lerp_mode": "catmullrom"
						},
						"0.2083": [0, -0.25, -0.5],
						"0.25": [0, 0, -0.3],
						"0.375": {
							"pre": [0, -0.75, 2],
							"post": [0, -0.75, 2],
							"lerp_mode": "catmullrom"
						},
						"0.4583": {
							"post": [0, 0.25, 2],
							"lerp_mode": "catmullrom"
						},
						"0.5833": {
							"post": [0, 0.75, 0.1],
							"lerp_mode": "catmullrom"
						}
					}
				},
				"bone11": {
					"rotation": {
						"0.0": {
							"post": [12.5, 0, 0],
							"lerp_mode": "catmullrom"
						},
						"0.0833": {
							"post": [-2.5, 0, 0],
							"lerp_mode": "catmullrom"
						},
						"0.1667": {
							"post": [-2.5, 0, 0],
							"lerp_mode": "catmullrom"
						},
						"0.25": {
							"post": [12.5, 0, 0],
							"lerp_mode": "catmullrom"
						},
						"0.375": {
							"post": [29.09, 0, 0],
							"lerp_mode": "catmullrom"
						},
						"0.4583": {
							"post": [30, 0, 0],
							"lerp_mode": "catmullrom"
						},
						"0.5833": {
							"post": [12.5, 0, 0],
							"lerp_mode": "catmullrom"
						}
					},
					"position": {
						"0.0": {
							"post": [0, 3.5, 0.75],
							"lerp_mode": "catmullrom"
						},
						"0.0833": {
							"post": [0, 1, 0.75],
							"lerp_mode": "catmullrom"
						},
						"0.25": {
							"post": [0, 0.25, 0.75],
							"lerp_mode": "catmullrom"
						},
						"0.2917": [0, 0.71, 0.75],
						"0.375": {
							"pre": [0, 0.75, 0.75],
							"post": [0, 0.75, 0.75],
							"lerp_mode": "catmullrom"
						},
						"0.4583": {
							"post": [0, 1.75, 0.75],
							"lerp_mode": "catmullrom"
						},
						"0.5833": {
							"post": [0, 3.5, 0.75],
							"lerp_mode": "catmullrom"
						}
					}
				},
				"bone12": {
					"rotation": {
						"0.0": {
							"post": [35, 0, 0],
							"lerp_mode": "catmullrom"
						},
						"0.0833": {
							"post": [12.5, 0, 0],
							"lerp_mode": "catmullrom"
						},
						"0.25": [12.5, 0, 0],
						"0.2917": [-7.5, 0, 0],
						"0.375": [-12.5, 0, 0],
						"0.4583": {
							"pre": [37.5, 0, 0],
							"post": [37.5, 0, 0],
							"lerp_mode": "catmullrom"
						},
						"0.5833": {
							"post": [35, 0, 0],
							"lerp_mode": "catmullrom"
						}
					}
				},
				"hind_leg_left2": {
					"rotation": {
						"0.0": {
							"post": [20.14928, 10.28382, -2.55395],
							"lerp_mode": "catmullrom"
						},
						"0.0833": {
							"post": [-32.5, 0, 0],
							"lerp_mode": "catmullrom"
						},
						"0.2083": {
							"post": [-52.5, 0, 5.3],
							"lerp_mode": "catmullrom"
						},
						"0.3333": {
							"post": [-35.2, -1, 0],
							"lerp_mode": "catmullrom"
						},
						"0.4583": {
							"post": [26.4, 8.8, -1.4],
							"lerp_mode": "catmullrom"
						},
						"0.5833": {
							"post": [20.14928, 10.28382, -2.55395],
							"lerp_mode": "catmullrom"
						}
					},
					"position": {
						"0.0": {
							"post": [0.25, 0, 1.5],
							"lerp_mode": "catmullrom"
						},
						"0.0833": {
							"post": [0, 0.57, -0.82],
							"lerp_mode": "catmullrom"
						},
						"0.25": {
							"post": [0, -0.68, -0.82],
							"lerp_mode": "catmullrom"
						},
						"0.3333": [0.03, -0.62, -0.28],
						"0.375": [0.05, -0.31, 0.04],
						"0.4167": [0.07, 0.03, 0.36],
						"0.4583": [0.1, -0.5, 1],
						"0.5417": {
							"pre": [0.22, -0.91, 1.32],
							"post": [0.22, -0.91, 1.32],
							"lerp_mode": "catmullrom"
						},
						"0.5833": {
							"post": [0.25, 0, 1.5],
							"lerp_mode": "catmullrom"
						}
					}
				},
				"bone5": {
					"rotation": {
						"0.0": {
							"post": [45, 0, 0],
							"lerp_mode": "catmullrom"
						},
						"0.0833": {
							"post": [86.47, 0, 0],
							"lerp_mode": "catmullrom"
						},
						"0.2083": {
							"post": [3.97, 0, 0],
							"lerp_mode": "catmullrom"
						},
						"0.3333": [0, 0, 0],
						"0.4167": [0, 0, 0],
						"0.4583": [1.86, 0, 0],
						"0.5": {
							"pre": [8.3, 0, 0],
							"post": [8.3, 0, 0],
							"lerp_mode": "catmullrom"
						},
						"0.5833": {
							"post": [45, 0, 0],
							"lerp_mode": "catmullrom"
						}
					}
				},
				"bone6": {
					"rotation": {
						"0.0": {
							"post": [22.5, 0, 0],
							"lerp_mode": "catmullrom"
						},
						"0.0833": {
							"post": [35.8, 0, 0],
							"lerp_mode": "catmullrom"
						},
						"0.2083": {
							"post": [37.5, 0, 0],
							"lerp_mode": "catmullrom"
						},
						"0.3333": [17.5, 0, 0],
						"0.4167": [-5, 0, 0],
						"0.4583": [-10, 0, 0],
						"0.5833": {
							"pre": [22.5, 0, 0],
							"post": [22.5, 0, 0],
							"lerp_mode": "catmullrom"
						}
					}
				},
				"mane_bottom2": {
					"rotation": ["math.sin(q.anim_time*90*6.4-100)*-10", 0, 0]
				}
			}
		},
		"animation.equirin.cry": {
			"animation_length": 3.5,
			"bones": {
				"neck": {
					"rotation": {
						"0.0": [0, 0, 0],
						"0.1667": {
							"pre": [3.03497, 3.86349, 1.03685],
							"post": [3.03497, 3.86349, 1.03685],
							"lerp_mode": "catmullrom"
						},
						"0.5833": {
							"post": [10.03497, 3.86349, 1.03685],
							"lerp_mode": "catmullrom"
						},
						"0.8333": {
							"post": [-3, 0, 0],
							"lerp_mode": "catmullrom"
						},
						"1.75": [0, 0, 0]
					}
				},
				"head": {
					"rotation": {
						"0.0": [0, 0, 0],
						"0.1667": {
							"pre": [4.8806, -2.0782, 0.81874],
							"post": [4.8806, -2.0782, 0.81874],
							"lerp_mode": "catmullrom"
						},
						"0.5833": {
							"post": [4.89914, 5.39458, 1.45786],
							"lerp_mode": "catmullrom"
						},
						"0.7917": {
							"post": [-24.01438, -6.41418, -0.7839],
							"lerp_mode": "catmullrom"
						},
						"1.375": {
							"post": [0, 0, 0],
							"lerp_mode": "catmullrom"
						},
						"1.9167": [0, 0, 0]
					}
				},
				"eyelid_right": {
					"position": {
						"0.0": [0, 0, 0],
						"0.3333": [0, -0.1, 0],
						"0.7083": [0, -0.1, 0],
						"0.8333": [0, 0, 0]
					}
				},
				"eyelid_left": {
					"position": {
						"0.0": [0, 0, 0],
						"0.3333": [0, -0.1, 0],
						"0.7083": [0, -0.1, 0],
						"0.8333": [0, 0, 0]
					}
				},
				"mouth_open": {
					"position": {
						"0.0": [0, 0, 0],
						"0.8333": [0, 0, -0.1],
						"1.3333": [0, 0, -0.1],
						"1.4167": [0, 0, 0]
					}
				},
				"iris_right": {
					"position": {
						"0.0": [0, 0, 0],
						"0.375": [0, -0.1, 0],
						"0.7917": [0, 0, 0]
					}
				},
				"iris_left": {
					"position": {
						"0.0": [0, 0, 0],
						"0.375": [0, -0.1, 0],
						"0.7917": [0, 0, 0]
					}
				}
			},
			"sound_effects": {
				"0.5": {
					"effect": "pokemon.equirin.cry"
				}
			}
		},
		"animation.equirin.ground_idle": {
			"loop": true,
			"bones": {
				"torso": {
					"rotation": ["math.sin(q.anim_time*90*2-90)*0.5+1", "math.sin(q.anim_time*90*1+33)*0.5", 0],
					"position": [0, "-math.sin(q.anim_time*90*2-45)*0.15", 0]
				},
				"neck": {
					"rotation": ["math.sin(q.anim_time*90*2+40)*-0.6-5", 0, 0],
					"position": [0, "math.sin(q.anim_time*90*2-30)*0.1", 0]
				},
				"head": {
					"rotation": ["math.sin(q.anim_time*90*2-60)*-3+5.3417", 0, 0],
					"position": [0, "math.sin(q.anim_time*90*2+60)*0.05", 0]
				},
				"mane_top_left": {
					"rotation": ["math.sin(q.anim_time*90*2-120+180)*2", 0, 0]
				},
				"mane_top_left2": {
					"rotation": ["math.sin(q.anim_time*90*2-210+180)*4", 0, 0]
				},
				"mane_top_left3": {
					"rotation": ["math.sin(q.anim_time*90*2-300+180)*8+5", 0, 0]
				},
				"mane_top_right": {
					"rotation": ["math.sin(q.anim_time*90*2-120+180)*2", 0, 0]
				},
				"mane_top_right2": {
					"rotation": ["math.sin(q.anim_time*90*2-210+180)*4", 0, 0]
				},
				"mane_top_right3": {
					"rotation": ["math.sin(q.anim_time*90*2-300+180)*8+5", 0, 0]
				},
				"mane_left2": {
					"rotation": ["math.sin(q.anim_time*90*2-210+90)*4", 0, 0]
				},
				"mane_left3": {
					"rotation": ["math.sin(q.anim_time*90*2-270+90)*6", 0, 0]
				},
				"mane_right": {
					"rotation": ["math.sin(q.anim_time*90*2-120+90)*3", 0, 0]
				},
				"mane_right2": {
					"rotation": [0, "math.sin(q.anim_time*90*1-210+90)*5", 0]
				},
				"mane_right3": {
					"rotation": ["math.sin(q.anim_time*90*2-270+90)*6", 0, 0]
				},
				"mane_bottom": {
					"rotation": ["math.sin(q.anim_time*90*2)*1", 0, 0]
				},
				"mane_top2": {
					"rotation": ["math.sin(q.anim_time*90*2-240)*6", 0, 0]
				},
				"mane_top3": {
					"rotation": ["math.sin(q.anim_time*90*2-300)*8", 0, 0]
				},
				"fin2": {
					"rotation": [-7.5, 0, 0],
					"position": [0, -1, 0]
				},
				"tail1": {
					"rotation": [-17.5, "math.sin(q.anim_time*90*1-210+90)*5", 0]
				},
				"tail2": {
					"rotation": [-12.5, "math.sin(q.anim_time*90*1-230+90)*5", 0]
				},
				"tail3": {
					"rotation": [12.5, "math.sin(q.anim_time*90*1-230+90)*5", 0]
				},
				"tail4": {
					"rotation": [20, "math.sin(q.anim_time*90*1-250+90)*5", 0]
				},
				"tail5": {
					"rotation": [17.5, "math.sin(q.anim_time*90*1-250+90)*6", 0]
				},
				"front_leg_right": {
					"rotation": ["-0.6208-math.sin(q.anim_time*90*2-66)*0.5", 4.33525, -3.6458],
					"position": [0, "-0.15-math.sin(q.anim_time*90*2-75)*0.06", 0]
				},
				"bone2": {
					"rotation": ["math.sin(q.anim_time*90*2-66)*1.5+1.5", 0, 0]
				},
				"bone3": {
					"rotation": ["-math.sin(q.anim_time*90*2-66)*2-2", 0.00754, 3.49999]
				},
				"hind_leg_right": {
					"rotation": ["math.sin(q.anim_time*90*2-90)*1+3", 0, -2],
					"position": [0, "-0.1-math.sin(q.anim_time*90*2-75)*0.15-0.25-math.sin(q.anim_time*90*2+15)*0.04", "math.sin(q.anim_time*90*2+60)*0.02"]
				},
				"bone8": {
					"rotation": ["-math.sin(q.anim_time*90*2-90)*2-6.5", 0, 0],
					"position": [0, "(math.sin(q.anim_time*90*2-33*1)*1+1)*0.1-0.1", 0]
				},
				"bone9": {
					"rotation": ["-math.sin(q.anim_time*90*2-66)*-1+3", 0, 2]
				},
				"hind_leg_left": {
					"rotation": ["math.sin(q.anim_time*90*2-90)*1+3", 0, 2],
					"position": [0, "-0.1-math.sin(q.anim_time*90*2-75)*0.15-0.25-math.sin(q.anim_time*90*2+15)*0.04", "math.sin(q.anim_time*90*2+60)*0.02"]
				},
				"bone11": {
					"rotation": ["-math.sin(q.anim_time*90*2-90)*2-6.5", 0, 0],
					"position": [0, "(math.sin(q.anim_time*90*2-33*1)*1+1)*0.1-0.1", 0]
				},
				"bone12": {
					"rotation": ["-math.sin(q.anim_time*90*2-66)*-1+3", 0, -2]
				},
				"hind_leg_left2": {
					"rotation": ["-0.2185-math.sin(q.anim_time*90*2-66)*0.5", -4.98906, 2.50951],
					"position": [0, "-0.15-math.sin(q.anim_time*90*2-75)*0.06", 0]
				},
				"bone5": {
					"rotation": ["math.sin(q.anim_time*90*2-66)*1.5+1.5", 0, 0]
				},
				"bone6": {
					"rotation": ["-math.sin(q.anim_time*90*2-66)*2-2", -0.00754, -3.49999]
				},
				"mane_bottom2": {
					"rotation": ["math.sin(q.anim_time*90*2-300)*8", 0, 0]
				},
				"whisker_left": {
					"rotation": [0, "math.sin(q.anim_time*-90*2-120+180)*-2.5", 0]
				},
				"whisker_right": {
					"rotation": [0, "math.sin(q.anim_time*-90*2-120+180)*2.5", 0]
				},
				"mane_hair": {
					"rotation": ["math.sin(q.anim_time*90*3-300)*2.5", 0, 0]
				}
			}
		},
		"animation.equirin.sleep": {
			"loop": true,
			"bones": {
				"torso": {
					"rotation": ["math.sin(q.anim_time*90*1-90)*0.5+3.5", "0+math.sin(q.anim_time*90*0.5+33)*0.5", 0],
					"position": [0, "-math.sin(q.anim_time*90*1-45)*0.15", 0]
				},
				"neck": {
					"rotation": ["math.sin(q.anim_time*90*1+40)*-0.8+5", 0, 0],
					"position": [0, "math.sin(q.anim_time*90*2-30)*0.1", 0]
				},
				"head": {
					"rotation": ["math.sin(q.anim_time*90*1-60)*-5+12.8417", 0, 0],
					"position": [0, "math.sin(q.anim_time*90*2+60)*0.05", 0]
				},
				"mane_top_left": {
					"rotation": ["-12.5+math.sin(q.anim_time*90*2-120+180)*2", 0, 0]
				},
				"mane_top_left2": {
					"rotation": ["math.sin(q.anim_time*90*2-210+180)*4", 0, 0]
				},
				"mane_top_left3": {
					"rotation": ["math.sin(q.anim_time*90*2-300+180)*8+5", 0, 0]
				},
				"mane_top_right": {
					"rotation": ["-12.5+math.sin(q.anim_time*90*2-120+180)*2", 0, 0]
				},
				"mane_top_right2": {
					"rotation": ["math.sin(q.anim_time*90*2-210+180)*4", 0, 0]
				},
				"mane_top_right3": {
					"rotation": ["math.sin(q.anim_time*90*2-300+180)*8+5", 0, 0]
				},
				"mane_left2": {
					"rotation": ["math.sin(q.anim_time*90*2-210+90)*4", 0, 0]
				},
				"mane_left3": {
					"rotation": ["math.sin(q.anim_time*90*2-270+90)*6", 0, 0]
				},
				"mane_right": {
					"rotation": ["-12.5+math.sin(q.anim_time*90*2-120+90)*3", 0, 0]
				},
				"mane_right2": {
					"rotation": [0, "math.sin(q.anim_time*90*1-210+90)*5", 0]
				},
				"mane_right3": {
					"rotation": ["math.sin(q.anim_time*90*2-270+90)*6", 0, 0]
				},
				"mane_bottom": {
					"rotation": ["math.sin(q.anim_time*90*2)*1", 0, 0]
				},
				"mane_top2": {
					"rotation": ["-7.5+math.sin(q.anim_time*90*2-240)*6", 0, 0]
				},
				"mane_top3": {
					"rotation": ["math.sin(q.anim_time*90*2-300)*8", 0, 0]
				},
				"fin2": {
					"rotation": [-7.5, 0, 0],
					"position": [0, -1, 0]
				},
				"tail1": {
					"rotation": [-17.5, "math.sin(q.anim_time*90*0.5-210+90)*5", 0]
				},
				"tail2": {
					"rotation": [-12.5, "math.sin(q.anim_time*90*0.5-230+90)*5", 0]
				},
				"tail3": {
					"rotation": [12.5, "math.sin(q.anim_time*90*0.5-230+90)*5", 0]
				},
				"tail4": {
					"rotation": [20, "math.sin(q.anim_time*90*0.5-250+90)*5", 0]
				},
				"tail5": {
					"rotation": [17.5, "math.sin(q.anim_time*90*0.5-250+90)*6", 0]
				},
				"front_leg_right": {
					"rotation": ["-0.6208-math.sin(q.anim_time*90*2-66)*0.5", 4.33525, -3.6458],
					"position": [0, "-0.15-math.sin(q.anim_time*90*2-75)*0.06", 0]
				},
				"bone2": {
					"rotation": ["math.sin(q.anim_time*90*2-66)*1.5+1.5", 0, 0]
				},
				"bone3": {
					"rotation": ["-math.sin(q.anim_time*90*2-66)*2-2", 0.00754, 3.49999]
				},
				"hind_leg_right": {
					"rotation": ["math.sin(q.anim_time*90*2-90)*1+3", 0, -2],
					"position": [0, "-0.1-math.sin(q.anim_time*90*2-75)*0.15-0.25-math.sin(q.anim_time*90*2+15)*0.04", "math.sin(q.anim_time*90*2+60)*0.02"]
				},
				"bone8": {
					"rotation": ["-math.sin(q.anim_time*90*2-90)*2-6.5", 0, 0],
					"position": [0, "(math.sin(q.anim_time*90*2-33*1)*1+1)*0.1-0.1", 0]
				},
				"bone9": {
					"rotation": ["-math.sin(q.anim_time*90*2-66)*-1+3", 0, 2]
				},
				"hind_leg_left": {
					"rotation": ["math.sin(q.anim_time*90*2-90)*1+3", 0, 2],
					"position": [0, "-0.1-math.sin(q.anim_time*90*2-75)*0.15-0.25-math.sin(q.anim_time*90*2+15)*0.04", "math.sin(q.anim_time*90*2+60)*0.02"]
				},
				"bone11": {
					"rotation": ["-math.sin(q.anim_time*90*2-90)*2-6.5", 0, 0],
					"position": [0, "(math.sin(q.anim_time*90*2-33*1)*1+1)*0.1-0.1", 0]
				},
				"bone12": {
					"rotation": ["-math.sin(q.anim_time*90*2-66)*-1+3", 0, -2]
				},
				"hind_leg_left2": {
					"rotation": ["-0.2185-math.sin(q.anim_time*90*2-66)*0.5", -4.98906, 2.50951],
					"position": [0, "-0.15-math.sin(q.anim_time*90*2-75)*0.06", 0]
				},
				"bone5": {
					"rotation": ["math.sin(q.anim_time*90*2-66)*1.5+1.5", 0, 0]
				},
				"bone6": {
					"rotation": ["-math.sin(q.anim_time*90*2-66)*2-2", -0.00754, -3.49999]
				},
				"mane_bottom2": {
					"rotation": ["math.sin(q.anim_time*90*2-300)*8", 0, 0]
				},
				"whisker_left": {
					"rotation": [0, "math.sin(q.anim_time*-90*2-120+180)*-2.5", 0]
				},
				"whisker_right": {
					"rotation": [0, "math.sin(q.anim_time*-90*2-120+180)*2.5", 0]
				},
				"mane_hair": {
					"rotation": ["math.sin(q.anim_time*90*3-300)*2.5", 0, 0]
				},
				"eyelid_right": {
					"position": [0, -1, 0]
				},
				"eye_right": {
					"position": [-0.1, 0, 0]
				},
				"eyelid_left": {
					"position": [0, -1, 0]
				},
				"eye_left": {
					"position": [0.1, 0, 0]
				},
				"mane_left": {
					"rotation": [-12.5, 0, 0]
				},
				"fin_right": {
					"rotation": [0, 0, -15]
				},
				"fin_left": {
					"rotation": [0, 0, 15]
				}
			}
		},
		"animation.equirin.battle_idle": {
			"loop": true,
			"bones": {
				"torso": {
					"rotation": ["math.sin(q.anim_time*90*4-90)*0.5+3", "math.sin(q.anim_time*90*2+33*1)*0.5", 0],
					"position": [0, "-0.3-math.sin(q.anim_time*90*4-45)*0.15", 0]
				},
				"neck": {
					"rotation": ["math.sin(q.anim_time*90*4+40)*-0.6-0.6", 0, 0],
					"position": [0, "math.sin(q.anim_time*90*4-30)*0.1", 0]
				},
				"head": {
					"rotation": ["12.5+math.sin(q.anim_time*90*4-20)*2", 0, 0],
					"position": [0, "math.sin(q.anim_time*90*4+60)*0.05", 0]
				},
				"eyelid_right": {
					"rotation": [6, 0, 0],
					"position": [0, 0.1, 0]
				},
				"iris_right": {
					"position": [0, 0.25, 0]
				},
				"eyelid_left": {
					"rotation": [6, 0, 0],
					"position": [0, 0.1, 0]
				},
				"iris_left": {
					"position": [0, 0.25, 0]
				},
				"tail1": {
					"rotation": [-17.5, "math.sin(q.anim_time*90*2-210+90)*6", 0]
				},
				"tail2": {
					"rotation": [-12.5, "math.sin(q.anim_time*90*2-230+90)*7", 0]
				},
				"tail3": {
					"rotation": [12.5, "math.sin(q.anim_time*90*2-230+90)*7", 0]
				},
				"tail4": {
					"rotation": [20, "math.sin(q.anim_time*90*2-250+90)*7", 0]
				},
				"tail5": {
					"rotation": [17.5, "math.sin(q.anim_time*90*2-250+90)*8", 0]
				},
				"front_leg_right": {
					"rotation": ["0.0138-math.sin(q.anim_time*90*4-66)*1", -12.37918, -8.69976],
					"position": [-0.25, "-0.35-math.sin(q.anim_time*90*4-75)*0.12-math.sin(q.anim_time*90*4+15)*0.02", 0]
				},
				"bone2": {
					"rotation": ["math.sin(q.anim_time*90*4-66)*2.5+2.5", 0, 0]
				},
				"bone3": {
					"rotation": ["-math.sin(q.anim_time*90*4-66)*2-2.0052", 0.29694, 7.99999]
				},
				"hind_leg_right": {
					"rotation": ["math.sin(q.anim_time*90*4-90)*1+3.0605", -7.95276, -2.87088],
					"position": [0, "-math.sin(q.anim_time*90*4-75)*0.15-0.25-math.sin(q.anim_time*90*4+15)*0.04", "math.sin(q.anim_time*90*4+60)*0.02"]
				},
				"bone8": {
					"rotation": ["-math.sin(q.anim_time*90*4-90)*2-6.5", 0, 0],
					"position": [0, "(math.sin(q.anim_time*90*4-33*1)*1+1)*0.1-0.1", 0]
				},
				"bone9": {
					"rotation": ["-math.sin(q.anim_time*90*4-66)*-1+3", 0, 2]
				},
				"hind_leg_left2": {
					"rotation": ["-40-math.sin(q.anim_time*90*4-66)*1+math.sin(q.anim_time*90*2-66)*20", 9.14595, 7.29546],
					"position": [0, "-0.55-math.sin(q.anim_time*90*4-75)*0.12-math.sin(q.anim_time*90*4+15)*0.02", 0]
				},
				"bone5": {
					"rotation": ["72.5+math.sin(q.anim_time*90*2)*-15", 0, 0],
					"position": [0, 1, -0.65]
				},
				"bone6": {
					"rotation": ["10+math.sin(q.anim_time*90*2)*-5", 0, -1]
				},
				"whisker_left": {
					"rotation": [0, "math.sin(q.anim_time*-90*5-120+180)*-3", 0]
				},
				"whisker_right": {
					"rotation": [0, "math.sin(q.anim_time*-90*5-120+180)*3", 0]
				},
				"mane_top_left": {
					"rotation": ["math.sin(q.anim_time*90*3-120+180)*2", 0, 0]
				},
				"mane_top_left2": {
					"rotation": ["math.sin(q.anim_time*90*4-210+180)*4", 0, 0]
				},
				"mane_top_left3": {
					"rotation": ["math.sin(q.anim_time*90*5-300+180)*8+5", 0, 0]
				},
				"mane_top_right": {
					"rotation": ["math.sin(q.anim_time*90*4-210+180)*4", 0, 0]
				},
				"mane_top_right2": {
					"rotation": ["math.sin(q.anim_time*90*4-210+180)*4", 0, 0]
				},
				"mane_top_right3": {
					"rotation": ["math.sin(q.anim_time*90*5-300+180)*8+5", 0, 0]
				},
				"mane_left": {
					"rotation": ["math.sin(q.anim_time*90*3-120+90)*3", 0, 0]
				},
				"mane_left2": {
					"rotation": [0, "math.sin(q.anim_time*90*4-210+90)*5", 0]
				},
				"mane_left3": {
					"rotation": ["math.sin(q.anim_time*90*5-270+90)*6", 0, 0]
				},
				"mane_right": {
					"rotation": ["math.sin(q.anim_time*90*3-120+90)*3", 0, 0]
				},
				"mane_right2": {
					"rotation": [0, "math.sin(q.anim_time*90*4-210+90)*5", 0]
				},
				"mane_right3": {
					"rotation": ["math.sin(q.anim_time*90*5-270+90)*6", 0, 0]
				},
				"mane_bottom": {
					"rotation": ["math.sin(q.anim_time*90*4-120+90)*3.5", 0, 0]
				},
				"mane_bottom2": {
					"rotation": ["math.sin(q.anim_time*90*5-120+90)*5", 0, 0]
				},
				"mane_top2": {
					"rotation": ["math.sin(q.anim_time*90*2-240)*6", 0, 0]
				},
				"mane_top3": {
					"rotation": ["math.sin(q.anim_time*90*2-300)*8", 0, 0]
				},
				"mane_hair": {
					"rotation": ["math.sin(q.anim_time*90*5-300)*3", 0, 0]
				},
				"ear_right": {
					"rotation": [0, 0, "math.sin(q.anim_time*90*4-110)*5+20"]
				},
				"ear_left": {
					"rotation": [0, 0, "-(math.sin(q.anim_time*90*4-110)*5+20)"]
				},
				"fin2": {
					"rotation": [-7.5, 0, 0],
					"position": [0, -1, 0]
				}
			}
		},
		"animation.equirin.faint": {
			"loop": true,
			"animation_length": 3,
			"bones": {
				"torso": {
					"rotation": {
						"0.0": ["math.sin(q.anim_time*90*4-90)*0.5+3", "math.sin(q.anim_time*90*2+33*1)*0.5", 0],
						"0.25": [2.5, 0, 0],
						"0.4167": [10, 0, 0],
						"0.625": [12.5, 0, 0],
						"0.7083": [9.64, 0, 0],
						"1.0833": [10, 0, 0],
						"1.6667": [-7.5, 0, 0],
						"1.75": [-8.5, 0, 0],
						"1.7917": [-7.3, 0, 0],
						"1.8333": [-8.35, 0, 0],
						"1.875": [-7.07, 0, 0],
						"1.9167": [-8.29, 0, 0],
						"1.9583": [-7.5, 0, 0],
						"2.25": [20, 0, 0],
						"2.2917": [17.5, 0, 0]
					},
					"position": {
						"0.0": [0, "-0.3-math.sin(q.anim_time*90*4-45)*0.15", 0],
						"0.5": [0, 0, 0],
						"0.5417": [0, -0.2, 0],
						"0.5833": [0, 0, 0],
						"1.9583": {
							"pre": [0, 0, 0],
							"post": [0, 0, 0],
							"lerp_mode": "catmullrom"
						},
						"2.25": {
							"post": [0, -1.3, 0],
							"lerp_mode": "catmullrom"
						}
					}
				},
				"neck": {
					"rotation": {
						"0.0": ["math.sin(q.anim_time*90*4+40)*-0.6-0.6", 0, 0],
						"0.6667": [32.17, 0, 0],
						"0.7083": [29.67, 0, 0],
						"0.7917": [22.5, 0, 0],
						"1.0833": [22.5, 0, 0],
						"1.3333": [10, 0, 0],
						"1.9583": [-10, 0, 0],
						"2.25": [40, 0, 0],
						"2.4167": [52.5, 0, 0],
						"2.5": [55, 0, 0],
						"2.5833": [52.5, 0, 0]
					},
					"position": {
						"0.0": [0, 0, 0],
						"2.4167": [0, -1.5, -0.25]
					}
				},
				"head": {
					"rotation": {
						"0.0": [12.5, 0, 0],
						"0.5833": {
							"pre": [22.5, 0, 0],
							"post": [22.5, 0, 0],
							"lerp_mode": "catmullrom"
						},
						"0.6667": {
							"post": [20, 0, 0],
							"lerp_mode": "catmullrom"
						},
						"0.9167": {
							"post": [25, 0, 0],
							"lerp_mode": "catmullrom"
						},
						"1.3333": {
							"post": [25, 0, 0],
							"lerp_mode": "catmullrom"
						},
						"1.625": [-17.5, 0, 0],
						"1.6667": [-20, 0, 0],
						"1.7083": [-17.5, 0, 0],
						"1.75": [-20, 0, 0],
						"1.7917": [-17.5, 0, 0],
						"1.8333": [-17.5, 0, 0],
						"1.875": [-20, 0, 0],
						"1.9167": [-17.5, 0, 0],
						"1.9583": [-20, 0, 0],
						"2.0": [-17.5, 0, 0],
						"2.25": [-17.5, 0, 0],
						"2.3333": [-12.5, 0, 0],
						"2.4167": [7.5, 0, 0],
						"2.5": [10, 0, 0],
						"2.5833": [7.5, 0, 0]
					},
					"position": [0, "math.sin(q.anim_time*90*4+60)*0.05", 0]
				},
				"eyelid_right": {
					"rotation": {
						"0.0": [6, 0, 0],
						"1.375": [6, 0, 0],
						"1.4583": [-7, 0, 0],
						"2.1667": [-7, 0, 0]
					},
					"position": {
						"0.0": [0, 0.1, 0],
						"0.1667": [0, -0.9, 0],
						"1.375": [0, -0.9, 0],
						"1.4583": [0, -0.1, 0],
						"2.1667": [0, -0.1, 0],
						"2.375": [0, -0.9, 0]
					}
				},
				"iris_right": {
					"position": {
						"0.0": [0, 0.25, 0],
						"1.75": [0, 0.05, 0]
					}
				},
				"eyelid_left": {
					"rotation": {
						"0.0": [6, 0, 0],
						"1.375": [6, 0, 0],
						"1.4583": [-7, 0, 0],
						"2.1667": [-7, 0, 0]
					},
					"position": {
						"0.0": [0, 0.1, 0],
						"0.1667": [0, -0.9, 0],
						"1.375": [0, -0.9, 0],
						"1.4583": [0, -0.1, 0],
						"2.1667": [0, -0.1, 0],
						"2.375": [0, -0.9, 0]
					}
				},
				"iris_left": {
					"position": {
						"0.0": [0, 0.25, 0],
						"1.75": [0, 0.05, 0]
					}
				},
				"tail1": {
					"rotation": {
						"0.0": {
							"post": [-17.5, 0, 0],
							"lerp_mode": "catmullrom"
						},
						"0.4167": {
							"post": [-17.5, 0, 0],
							"lerp_mode": "catmullrom"
						},
						"0.5417": {
							"post": [-30, 0, 0],
							"lerp_mode": "catmullrom"
						},
						"0.625": {
							"post": [-26.1, 0, 0],
							"lerp_mode": "catmullrom"
						},
						"1.0417": {
							"post": [-30, 0, 0],
							"lerp_mode": "catmullrom"
						},
						"1.8333": {
							"post": [2.5, 0, 0],
							"lerp_mode": "catmullrom"
						},
						"2.0": {
							"post": [2.5, 0, 0],
							"lerp_mode": "catmullrom"
						},
						"2.5": {
							"post": [-35, 0, 0],
							"lerp_mode": "catmullrom"
						}
					}
				},
				"tail2": {
					"rotation": {
						"0.0": {
							"post": [-17.5, 0, 0],
							"lerp_mode": "catmullrom"
						},
						"0.4167": {
							"post": [-17.5, 0, 0],
							"lerp_mode": "catmullrom"
						},
						"0.5417": {
							"post": [-30, 0, 0],
							"lerp_mode": "catmullrom"
						},
						"0.625": {
							"post": [-21.1, 0, 0],
							"lerp_mode": "catmullrom"
						},
						"1.0417": {
							"post": [-30, 0, 0],
							"lerp_mode": "catmullrom"
						},
						"1.8333": {
							"post": [2.5, 0, 0],
							"lerp_mode": "catmullrom"
						},
						"2.0": {
							"post": [2.5, 0, 0],
							"lerp_mode": "catmullrom"
						},
						"2.3333": {
							"post": [-35, 0, 0],
							"lerp_mode": "catmullrom"
						},
						"2.6667": {
							"post": [-32.5, 0, 0],
							"lerp_mode": "catmullrom"
						}
					}
				},
				"tail3": {
					"rotation": {
						"0.0": [12.5, 0, 0],
						"0.4167": [13.55, 0, 0],
						"0.5417": [-16.44, 0, 0],
						"2.3333": {
							"pre": [12.5, 0, 0],
							"post": [12.5, 0, 0],
							"lerp_mode": "catmullrom"
						},
						"2.5": {
							"post": [0, 0, 0],
							"lerp_mode": "catmullrom"
						},
						"2.6667": {
							"post": [5, 0, 0],
							"lerp_mode": "catmullrom"
						}
					}
				},
				"tail4": {
					"rotation": {
						"0.0": [20, 0, 0],
						"2.3333": {
							"pre": [20, 0, 0],
							"post": [20, 0, 0],
							"lerp_mode": "catmullrom"
						},
						"2.5": {
							"post": [-7.5, 0, 0],
							"lerp_mode": "catmullrom"
						},
						"2.6667": {
							"post": [-2.5, 0, 0],
							"lerp_mode": "catmullrom"
						}
					}
				},
				"tail5": {
					"rotation": {
						"0.0": [17.5, 0, 0],
						"2.3333": {
							"pre": [17.5, 0, 0],
							"post": [17.5, 0, 0],
							"lerp_mode": "catmullrom"
						},
						"2.5": {
							"post": [-22.5, 0, 0],
							"lerp_mode": "catmullrom"
						},
						"2.6667": {
							"post": [-17.5, 0, 0],
							"lerp_mode": "catmullrom"
						}
					}
				},
				"front_leg_right": {
					"rotation": ["0.0138-math.sin(q.anim_time*90*4-66)*1", -12.37918, -8.69976],
					"position": [-0.25, "-0.35-math.sin(q.anim_time*90*4-75)*0.12-math.sin(q.anim_time*90*4+15)*0.02", 0]
				},
				"bone2": {
					"rotation": ["math.sin(q.anim_time*90*4-66)*2.5+2.5", 0, 0]
				},
				"bone3": {
					"rotation": ["-math.sin(q.anim_time*90*4-66)*2-2.0052", 0.29694, 7.99999]
				},
				"hind_leg_right": {
					"rotation": ["math.sin(q.anim_time*90*4-90)*1+3.0605", -7.95276, -2.87088],
					"position": [0, "-math.sin(q.anim_time*90*4-75)*0.15-0.25-math.sin(q.anim_time*90*4+15)*0.04", "math.sin(q.anim_time*90*4+60)*0.02"]
				},
				"bone8": {
					"rotation": ["-math.sin(q.anim_time*90*4-90)*2-6.5", 0, 0],
					"position": [0, "(math.sin(q.anim_time*90*4-33*1)*1+1)*0.1-0.1", 0]
				},
				"bone9": {
					"rotation": ["-math.sin(q.anim_time*90*4-66)*-1+3", 0, 2]
				},
				"hind_leg_left2": {
					"rotation": {
						"0.3333": [-40, 9.14595, 7.29546],
						"0.5": [4.5, 9.14595, 7.29546],
						"0.5833": [2.5, 9.14595, 7.29546]
					},
					"position": [0, "-0.55-math.sin(q.anim_time*90*4-75)*0.12-math.sin(q.anim_time*90*4+15)*0.02", 0]
				},
				"bone5": {
					"rotation": {
						"0.3333": [72.5, 0, 0],
						"0.5": [-2, 0, 0],
						"0.5833": [0, 0, 0]
					},
					"position": {
						"0.3333": [0, 1, -0.65],
						"0.5": [0, 1, 0],
						"0.5833": [0, 1, 0]
					}
				},
				"whisker_left": {
					"rotation": [0, "math.sin(q.anim_time*-90*5-120+180)*-3", 0]
				},
				"whisker_right": {
					"rotation": [0, "math.sin(q.anim_time*-90*5-120+180)*3", 0]
				},
				"mane_top_left": {
					"rotation": ["math.sin(q.anim_time*90*3-120+180)*2", 0, 0]
				},
				"mane_top_left2": {
					"rotation": ["math.sin(q.anim_time*90*4-210+180)*4", 0, 0]
				},
				"mane_top_left3": {
					"rotation": ["math.sin(q.anim_time*90*5-300+180)*8+5", 0, 0]
				},
				"mane_top_right": {
					"rotation": ["math.sin(q.anim_time*90*4-210+180)*4", 0, 0]
				},
				"mane_top_right2": {
					"rotation": ["math.sin(q.anim_time*90*4-210+180)*4", 0, 0]
				},
				"mane_top_right3": {
					"rotation": ["math.sin(q.anim_time*90*5-300+180)*8+5", 0, 0]
				},
				"mane_left": {
					"rotation": ["math.sin(q.anim_time*90*3-120+90)*3", 0, 0]
				},
				"mane_left2": {
					"rotation": [0, "math.sin(q.anim_time*90*4-210+90)*5", 0]
				},
				"mane_left3": {
					"rotation": ["math.sin(q.anim_time*90*5-270+90)*6", 0, 0]
				},
				"mane_right": {
					"rotation": ["math.sin(q.anim_time*90*3-120+90)*3", 0, 0]
				},
				"mane_right2": {
					"rotation": [0, "math.sin(q.anim_time*90*4-210+90)*5", 0]
				},
				"mane_right3": {
					"rotation": ["math.sin(q.anim_time*90*5-270+90)*6", 0, 0]
				},
				"mane_bottom": {
					"rotation": ["math.sin(q.anim_time*90*4-120+90)*3.5", 0, 0]
				},
				"mane_bottom2": {
					"rotation": ["math.sin(q.anim_time*90*5-120+90)*5", 0, 0]
				},
				"mane_top2": {
					"rotation": ["math.sin(q.anim_time*90*2-240)*6", 0, 0]
				},
				"mane_top3": {
					"rotation": ["math.sin(q.anim_time*90*2-300)*8", 0, 0]
				},
				"mane_hair": {
					"rotation": ["math.sin(q.anim_time*90*5-300)*3", 0, 0]
				},
				"ear_right": {
					"rotation": [0, 0, "math.sin(q.anim_time*90*4-110)*5+20"]
				},
				"ear_left": {
					"rotation": [0, 0, "-(math.sin(q.anim_time*90*4-110)*5+20)"]
				},
				"fin2": {
					"rotation": [-7.5, 0, 0],
					"position": [0, -1, 0]
				},
				"body": {
					"position": {
						"0.0": [0, 0, 0],
						"0.5": [0, 0, 0],
						"0.5417": [0, -0.2, 0],
						"0.5833": [0, 0, 0]
					}
				},
				"upper_body": {
					"rotation": [0, 0, 0]
				},
				"eye_right": {
					"position": {
						"0.0": [0, 0, 0],
						"0.25": [-0.1, 0, 0],
						"1.375": [-0.1, 0, 0],
						"1.4583": [0, 0, 0],
						"2.1667": [0, 0, 0],
						"2.2917": [-0.1, 0, 0]
					}
				},
				"eye_left": {
					"position": {
						"0.0": [0, 0, 0],
						"0.25": [0.1, 0, 0],
						"1.375": [0.1, 0, 0],
						"1.4583": [0, 0, 0],
						"2.1667": [0, 0, 0],
						"2.2917": [0.1, 0, 0]
					}
				},
				"mouth_open": {
					"position": {
						"1.6667": [0, 0, 0],
						"1.7083": [0, 0, -0.1],
						"2.125": [0, 0, -0.1],
						"2.1667": [0, 0, 0]
					}
				}
			}
		},
		"animation.equirin.battle_quirk": {
			"animation_length": 1.5,
			"bones": {
				"head": {
					"rotation": {
						"0.0": {
							"post": [0, 0, 0],
							"lerp_mode": "catmullrom"
						},
						"0.2917": {
							"post": [0, 32.5, 0],
							"lerp_mode": "catmullrom"
						},
						"0.75": [0, 32.5, 0],
						"0.9167": {
							"pre": [10, 32.5, 0],
							"post": [10, 32.5, 0],
							"lerp_mode": "catmullrom"
						},
						"1.0833": [0, 32.5, 0],
						"1.1667": [0, 32.5, 0],
						"1.2083": [0, 30.917, 0],
						"1.25": [0, 27.07893, 0],
						"1.2917": [0, 21.95731, 0],
						"1.375": [0, 10.53827, 0],
						"1.4167": [0, 5.4174, 0],
						"1.4583": [0, 1.58068, 0],
						"1.5": [0, 0, 0]
					}
				},
				"iris_right": {
					"position": {
						"0.0": {
							"post": [0, 0, 0],
							"lerp_mode": "catmullrom"
						},
						"0.1667": {
							"post": [0, 0, -0.2],
							"lerp_mode": "catmullrom"
						},
						"1.2083": {
							"post": [0, 0, -0.2],
							"lerp_mode": "catmullrom"
						},
						"1.5": {
							"post": [0, 0, 0],
							"lerp_mode": "catmullrom"
						}
					}
				},
				"iris_left": {
					"position": {
						"0.0": {
							"post": [0, 0, 0],
							"lerp_mode": "catmullrom"
						},
						"0.1667": {
							"post": [0, 0, 1.5],
							"lerp_mode": "catmullrom"
						},
						"1.2083": {
							"post": [0, 0, 1.5],
							"lerp_mode": "catmullrom"
						},
						"1.5": {
							"post": [0, 0, 0],
							"lerp_mode": "catmullrom"
						}
					}
				},
				"mane_top_left": {
					"rotation": {
						"0.0": [0, 0, 0],
						"0.2917": [0, -17.5, 0],
						"1.1667": [0, -17.5, 0],
						"1.5": [0, 0, 0]
					}
				},
				"mane_top_right": {
					"rotation": {
						"0.0": [0, 0, 0],
						"0.2917": [0, -25, 0],
						"1.1667": [0, -25, 0],
						"1.5": [0, 0, 0]
					}
				},
				"mane_left": {
					"rotation": {
						"0.0": [0, 0, 0],
						"0.2917": [0, -22.5, 0],
						"1.1667": [0, -22.5, 0],
						"1.5": [0, 0, 0]
					}
				},
				"mane_right": {
					"rotation": {
						"0.0": [0, 0, 0],
						"0.2917": [0, -12.5, 0],
						"1.1667": [0, -12.5, 0],
						"1.5": [0, 0, 0]
					}
				},
				"mane_top2": {
					"rotation": {
						"0.0": [0, 0, 0],
						"0.2917": [0, -20, 0],
						"0.75": [0, -20, 0],
						"0.9583": [10, -20, 0],
						"1.1667": [0, -20, 0],
						"1.5": [0, 0, 0]
					}
				}
			}
		},
		"animation.equirin.water_idle": {
			"loop": true,
			"bones": {
				"torso": {
					"rotation": ["math.sin(q.anim_time*90*2-90)*0.5+1", "math.sin(q.anim_time*90*1+33)*0.5", 0],
					"position": [0, "-math.sin(q.anim_time*90*2-45)*0.15", 0]
				},
				"neck": {
					"rotation": ["math.sin(q.anim_time*90*2+40)*-0.6+2.5", 0, 0],
					"position": [0, "math.sin(q.anim_time*90*2-30)*0.1", 0]
				},
				"head": {
					"rotation": ["math.sin(q.anim_time*90*2-60)*-3-2.1583", 0, 0],
					"position": [0, "math.sin(q.anim_time*90*2+60)*0.05", 0]
				},
				"mane_top_left": {
					"rotation": ["math.sin(q.anim_time*90*2-120+180)*2", 0, 0]
				},
				"mane_top_left2": {
					"rotation": ["math.sin(q.anim_time*90*2-210+180)*4", 0, 0]
				},
				"mane_top_left3": {
					"rotation": ["math.sin(q.anim_time*90*2-300+180)*8+5", 0, 0]
				},
				"mane_top_right": {
					"rotation": ["math.sin(q.anim_time*90*2-120+180)*2", 0, 0]
				},
				"mane_top_right2": {
					"rotation": ["math.sin(q.anim_time*90*2-210+180)*4", 0, 0]
				},
				"mane_top_right3": {
					"rotation": ["math.sin(q.anim_time*90*2-300+180)*8+5", 0, 0]
				},
				"mane_left2": {
					"rotation": ["math.sin(q.anim_time*90*2-210+90)*4", 0, 0]
				},
				"mane_left3": {
					"rotation": ["math.sin(q.anim_time*90*2-270+90)*6", 0, 0]
				},
				"mane_right": {
					"rotation": ["math.sin(q.anim_time*90*2-120+90)*3", 0, 0]
				},
				"mane_right2": {
					"rotation": [0, "math.sin(q.anim_time*90*1-210+90)*5", 0]
				},
				"mane_right3": {
					"rotation": ["math.sin(q.anim_time*90*2-270+90)*6", 0, 0]
				},
				"mane_bottom": {
					"rotation": ["math.sin(q.anim_time*90*2)*1", 0, 0]
				},
				"mane_top2": {
					"rotation": ["math.sin(q.anim_time*90*2-240)*6", 0, 0]
				},
				"mane_top3": {
					"rotation": ["math.sin(q.anim_time*90*2-300)*8", 0, 0]
				},
				"fin2": {
					"rotation": [-7.5, 0, 0],
					"position": [0, -1, 0]
				},
				"tail1": {
					"rotation": [-17.5, "math.sin(q.anim_time*90*1-210+90)*5", 0]
				},
				"tail2": {
					"rotation": [-12.5, "math.sin(q.anim_time*90*1-230+90)*5", 0]
				},
				"tail3": {
					"rotation": [12.5, "math.sin(q.anim_time*90*1-230+90)*5", 0]
				},
				"tail4": {
					"rotation": [20, "math.sin(q.anim_time*90*1-250+90)*5", 0]
				},
				"tail5": {
					"rotation": [17.5, "math.sin(q.anim_time*90*1-250+90)*6", 0]
				},
				"front_leg_right": {
					"rotation": ["-0.6208-math.sin(q.anim_time*90*2-66)*0.5", 4.33525, -3.6458],
					"position": [0, "-0.15-math.sin(q.anim_time*90*2-75)*0.06", 0]
				},
				"bone2": {
					"rotation": ["math.sin(q.anim_time*90*2-66)*1.5+24", 0, 0]
				},
				"bone3": {
					"rotation": ["-math.sin(q.anim_time*90*2-66)*2-2", 0.00754, 3.49999]
				},
				"hind_leg_right": {
					"rotation": ["math.sin(q.anim_time*90*2-90)*1+3", 0, -2],
					"position": [0, "-0.1-math.sin(q.anim_time*90*2-75)*0.15-0.25-math.sin(q.anim_time*90*2+15)*0.04", "math.sin(q.anim_time*90*2+60)*0.02"]
				},
				"bone8": {
					"rotation": ["-math.sin(q.anim_time*90*2-90)*2+13.5", 0, 0],
					"position": [0, "(math.sin(q.anim_time*90*2-33*1)*1+1)*0.1-0.1", 0]
				},
				"bone9": {
					"rotation": ["-math.sin(q.anim_time*90*2-66)*-1+3", 0, 2]
				},
				"hind_leg_left": {
					"rotation": ["math.sin(q.anim_time*90*2-90)*1+3", 0, 2],
					"position": [0, "-0.1-math.sin(q.anim_time*90*2-75)*0.15-0.25-math.sin(q.anim_time*90*2+15)*0.04", "math.sin(q.anim_time*90*2+60)*0.02"]
				},
				"bone11": {
					"rotation": ["-math.sin(q.anim_time*90*2-90)*2+13.5", 0, 0],
					"position": [0, "(math.sin(q.anim_time*90*2-33*1)*1+1)*0.1-0.1", 0]
				},
				"bone12": {
					"rotation": ["-math.sin(q.anim_time*90*2-66)*-1+3", 0, -2]
				},
				"hind_leg_left2": {
					"rotation": ["-0.2185-math.sin(q.anim_time*90*2-66)*0.5", -4.98906, 2.50951],
					"position": [0, "-0.15-math.sin(q.anim_time*90*2-75)*0.06", 0]
				},
				"bone5": {
					"rotation": ["math.sin(q.anim_time*90*2-66)*1.5+24", 0, 0]
				},
				"bone6": {
					"rotation": ["-math.sin(q.anim_time*90*2-66)*2-2", -0.00754, -3.49999]
				},
				"mane_bottom2": {
					"rotation": ["math.sin(q.anim_time*90*2-300)*8", 0, 0]
				},
				"whisker_left": {
					"rotation": [0, "math.sin(q.anim_time*-90*2-120+180)*-2.5", 0]
				},
				"whisker_right": {
					"rotation": [0, "math.sin(q.anim_time*-90*2-120+180)*2.5", 0]
				},
				"mane_hair": {
					"rotation": ["math.sin(q.anim_time*90*3-300)*2.5", 0, 0]
				},
				"body": {
					"position": [0, "0+math.sin(q.anim_time*80+30)*1", 0]
				}
			}
		},
		"animation.equirin.water_swim": {
			"loop": true,
			"animation_length": 1.25,
			"bones": {
				"torso": {
					"rotation": {
						"0.0": {
							"post": [2.2, 0, 0],
							"lerp_mode": "catmullrom"
						},
						"0.0833": {
							"post": [2, 0, 0],
							"lerp_mode": "catmullrom"
						},
						"0.5": {
							"post": [-10, 0, 0],
							"lerp_mode": "catmullrom"
						},
						"0.75": {
							"post": [-4.17, 0, 0],
							"lerp_mode": "catmullrom"
						},
						"1.1667": {
							"post": [2, 0, 0],
							"lerp_mode": "catmullrom"
						},
						"1.25": [2.2, 0, 0]
					},
					"position": {
						"0.25": [0, 0, 0],
						"0.6667": [0, -0.4, 0],
						"1.1667": [0, 0, 0]
					}
				},
				"neck": {
					"rotation": [20, 0, 0]
				},
				"head": {
					"rotation": [-10, 0, 0],
					"position": [0, -1, 0]
				},
				"eyelid_right": {
					"rotation": [6, 0, 0]
				},
				"eyelid_left": {
					"rotation": [6, 0, 0]
				},
				"whisker_left": {
					"rotation": {
						"0.0": [12.5, 17.5, 0],
						"0.5833": [-2.5, 17.5, 0],
						"1.1667": [12.5, 17.5, 0]
					}
				},
				"whisker_right": {
					"rotation": {
						"0.0": [12.5, -20, 0],
						"0.5833": [-20, -20, 0],
						"1.1667": [12.5, -20, 0]
					}
				},
				"mane_top_left": {
					"rotation": ["math.sin(q.anim_time*90*6.4-70)*-8", 0, 0]
				},
				"mane_top_left2": {
					"rotation": ["math.sin(q.anim_time*90*6.4-50)*-9", 0, 0]
				},
				"mane_top_left3": {
					"rotation": ["math.sin(q.anim_time*90*6.4-30)*-10", 0, 0]
				},
				"mane_top_right": {
					"rotation": ["math.sin(q.anim_time*90*6.4-70)*-8", 0, 0]
				},
				"mane_top_right2": {
					"rotation": ["math.sin(q.anim_time*90*6.4-50)*-9", 0, 0]
				},
				"mane_top_right3": {
					"rotation": ["math.sin(q.anim_time*90*6.4-30)*-10", 0, 0]
				},
				"mane_left": {
					"rotation": ["math.sin(q.anim_time*90*6.4-90)*-8", 0, 0]
				},
				"mane_left2": {
					"rotation": ["math.sin(q.anim_time*90*6.4-70)*-9", 0, 0]
				},
				"mane_left3": {
					"rotation": ["math.sin(q.anim_time*90*6.4-100)*-10", 0, 0]
				},
				"mane_right": {
					"rotation": ["math.sin(q.anim_time*90*6.4-90)*-8", 0, 0]
				},
				"mane_right2": {
					"rotation": ["math.sin(q.anim_time*90*6.4-70)*-9", 0, 0]
				},
				"mane_right3": {
					"rotation": ["math.sin(q.anim_time*90*6.4-100)*-10", 0, 0]
				},
				"mane_bottom": {
					"rotation": ["math.sin(q.anim_time*90*6.4-90)*-8", 0, 0]
				},
				"mane_top2": {
					"rotation": ["math.sin(q.anim_time*90*6.4-60)*-14.5", 0, 0]
				},
				"mane_top3": {
					"rotation": ["math.sin(q.anim_time*90*6.4-60)*-10.5", 0, 0]
				},
				"ear_right": {
					"rotation": ["math.sin(q.anim_time*90*6.4-50)*-8", 0, 0]
				},
				"ear_left": {
					"rotation": ["math.sin(q.anim_time*90*6.4-50)*-8", 0, 0]
				},
				"fin2": {
					"position": [0, -0.6, 0]
				},
				"tail1": {
					"rotation": ["math.sin(q.anim_time*90*6.9-120)*6", 0, 0]
				},
				"tail2": {
					"rotation": ["math.sin(q.anim_time*90*6.9-140)*6", 0, 0]
				},
				"tail3": {
					"rotation": ["math.sin(q.anim_time*90*6.9-160)*6", 0, 0]
				},
				"tail4": {
					"rotation": ["math.sin(q.anim_time*90*6.9-180)*6", 0, 0]
				},
				"tail5": {
					"rotation": ["math.sin(q.anim_time*90*6.9-210)*6", 0, 0]
				},
				"front_leg_right": {
					"rotation": {
						"0.0": {
							"post": [26.4, -8.8, 1.4],
							"lerp_mode": "catmullrom"
						},
						"0.0833": {
							"post": [35.9, -10.61, 2.4],
							"lerp_mode": "catmullrom"
						},
						"0.1667": {
							"post": [35.9, -10.61, 2.4],
							"lerp_mode": "catmullrom"
						},
						"0.25": {
							"post": [20.14928, -10.28382, 2.55395],
							"lerp_mode": "catmullrom"
						},
						"0.4167": {
							"post": [-32.5, 0, 0],
							"lerp_mode": "catmullrom"
						},
						"0.6667": {
							"post": [-52.5, 0, -5.3],
							"lerp_mode": "catmullrom"
						},
						"0.9167": {
							"post": [-35.2, 1, 0],
							"lerp_mode": "catmullrom"
						},
						"1.25": {
							"post": [26.4, -8.8, 1.4],
							"lerp_mode": "catmullrom"
						}
					},
					"position": {
						"0.0": [-0.1, -0.5, 1],
						"0.1667": {
							"pre": [-0.22, -0.91, 1.32],
							"post": [-0.22, -0.91, 1.32],
							"lerp_mode": "catmullrom"
						},
						"0.25": {
							"post": [-0.25, 0, 1.5],
							"lerp_mode": "catmullrom"
						},
						"0.4167": {
							"post": [0, 0.57, -0.82],
							"lerp_mode": "catmullrom"
						},
						"0.75": {
							"post": [0, -0.68, -0.82],
							"lerp_mode": "catmullrom"
						},
						"0.9167": [-0.03, -0.62, -0.28],
						"1.0": [-0.05, -0.31, 0.04],
						"1.0833": [-0.07, 0.03, 0.36],
						"1.1667": [-0.1, -0.5, 1],
						"1.25": [-0.1, -0.5, 1]
					}
				},
				"bone2": {
					"rotation": {
						"0.0": [1.86, 0, 0],
						"0.0833": {
							"pre": [8.3, 0, 0],
							"post": [8.3, 0, 0],
							"lerp_mode": "catmullrom"
						},
						"0.25": {
							"post": [45, 0, 0],
							"lerp_mode": "catmullrom"
						},
						"0.4167": {
							"post": [86.47, 0, 0],
							"lerp_mode": "catmullrom"
						},
						"0.6667": {
							"post": [3.97, 0, 0],
							"lerp_mode": "catmullrom"
						},
						"0.9167": [0, 0, 0],
						"1.0833": [0, 0, 0],
						"1.1667": [1.86, 0, 0]
					}
				},
				"bone3": {
					"rotation": {
						"0.0": [-10, 0, 0],
						"0.25": {
							"pre": [22.5, 0, 0],
							"post": [22.5, 0, 0],
							"lerp_mode": "catmullrom"
						},
						"0.4167": {
							"post": [35.8, 0, 0],
							"lerp_mode": "catmullrom"
						},
						"0.6667": {
							"post": [37.5, 0, 0],
							"lerp_mode": "catmullrom"
						},
						"0.9167": [17.5, 0, 0],
						"1.0833": [-5, 0, 0],
						"1.1667": [-10, 0, 0]
					}
				},
				"hind_leg_right": {
					"rotation": {
						"0.0": {
							"post": [32.37, -4.1, 0],
							"lerp_mode": "catmullrom"
						},
						"0.25": {
							"post": [-20.12656, 6.90116, 1.52371],
							"lerp_mode": "catmullrom"
						},
						"0.4167": {
							"post": [-40.12656, -5.50116, -1.52371],
							"lerp_mode": "catmullrom"
						},
						"0.75": {
							"post": [-25.12656, -2.3, 0],
							"lerp_mode": "catmullrom"
						},
						"1.0": {
							"post": [12.37, 1.4, 0],
							"lerp_mode": "catmullrom"
						},
						"1.25": {
							"post": [32.37, -4.1, 0],
							"lerp_mode": "catmullrom"
						}
					},
					"position": {
						"0.0": {
							"post": [0, 0.25, 2],
							"lerp_mode": "catmullrom"
						},
						"0.25": {
							"post": [0, 0.75, 0.1],
							"lerp_mode": "catmullrom"
						},
						"0.4167": {
							"post": [0, 0.43, -0.7],
							"lerp_mode": "catmullrom"
						},
						"0.6667": [0, -0.25, -0.5],
						"0.75": [0, 0, -0.3],
						"1.0": {
							"pre": [0, -0.75, 2],
							"post": [0, -0.75, 2],
							"lerp_mode": "catmullrom"
						},
						"1.25": {
							"post": [0, 0.25, 2],
							"lerp_mode": "catmullrom"
						}
					}
				},
				"bone8": {
					"rotation": {
						"0.0": {
							"post": [30, 0, 0],
							"lerp_mode": "catmullrom"
						},
						"0.25": {
							"post": [12.5, 0, 0],
							"lerp_mode": "catmullrom"
						},
						"0.4167": {
							"post": [-2.5, 0, 0],
							"lerp_mode": "catmullrom"
						},
						"0.5833": {
							"post": [-2.5, 0, 0],
							"lerp_mode": "catmullrom"
						},
						"0.75": {
							"post": [12.5, 0, 0],
							"lerp_mode": "catmullrom"
						},
						"1.0": {
							"post": [29.09, 0, 0],
							"lerp_mode": "catmullrom"
						},
						"1.1667": {
							"post": [30, 0, 0],
							"lerp_mode": "catmullrom"
						}
					},
					"position": {
						"0.0": {
							"post": [0, 1.75, 0.75],
							"lerp_mode": "catmullrom"
						},
						"0.25": {
							"post": [0, 3.5, 0.75],
							"lerp_mode": "catmullrom"
						},
						"0.4167": {
							"post": [0, 1, 0.75],
							"lerp_mode": "catmullrom"
						},
						"0.75": {
							"post": [0, 0.25, 0.75],
							"lerp_mode": "catmullrom"
						},
						"0.8333": [0, 0.71, 0.75],
						"1.0": {
							"pre": [0, 0.75, 0.75],
							"post": [0, 0.75, 0.75],
							"lerp_mode": "catmullrom"
						},
						"1.1667": {
							"post": [0, 1.75, 0.75],
							"lerp_mode": "catmullrom"
						}
					}
				},
				"bone9": {
					"rotation": {
						"0.0": {
							"post": [37.5, 0, 0],
							"lerp_mode": "catmullrom"
						},
						"0.25": {
							"post": [35, 0, 0],
							"lerp_mode": "catmullrom"
						},
						"0.4167": {
							"post": [12.5, 0, 0],
							"lerp_mode": "catmullrom"
						},
						"0.75": [12.5, 0, 0],
						"0.8333": [-7.5, 0, 0],
						"1.0": [-12.5, 0, 0],
						"1.1667": {
							"pre": [37.5, 0, 0],
							"post": [37.5, 0, 0],
							"lerp_mode": "catmullrom"
						}
					}
				},
				"hind_leg_left": {
					"rotation": {
						"0.0": {
							"post": [-20.12656, 6.90116, 1.52371],
							"lerp_mode": "catmullrom"
						},
						"0.1667": {
							"post": [-40.12656, 5.50116, 1.52371],
							"lerp_mode": "catmullrom"
						},
						"0.5": {
							"post": [-25.12656, 2.3, 0],
							"lerp_mode": "catmullrom"
						},
						"0.75": {
							"post": [12.37, -1.4, 0],
							"lerp_mode": "catmullrom"
						},
						"0.9167": {
							"post": [32.37, 4.1, 0],
							"lerp_mode": "catmullrom"
						},
						"1.25": {
							"post": [-20.12656, 6.90116, 1.52371],
							"lerp_mode": "catmullrom"
						}
					},
					"position": {
						"0.0": {
							"post": [0, 0.75, 0.1],
							"lerp_mode": "catmullrom"
						},
						"0.1667": {
							"post": [0, 0.43, -0.7],
							"lerp_mode": "catmullrom"
						},
						"0.4167": [0, -0.25, -0.5],
						"0.5": [0, 0, -0.3],
						"0.75": {
							"pre": [0, -0.75, 2],
							"post": [0, -0.75, 2],
							"lerp_mode": "catmullrom"
						},
						"0.9167": {
							"post": [0, 0.25, 2],
							"lerp_mode": "catmullrom"
						},
						"1.25": {
							"post": [0, 0.75, 0.1],
							"lerp_mode": "catmullrom"
						}
					}
				},
				"bone11": {
					"rotation": {
						"0.0": {
							"post": [12.5, 0, 0],
							"lerp_mode": "catmullrom"
						},
						"0.1667": {
							"post": [-2.5, 0, 0],
							"lerp_mode": "catmullrom"
						},
						"0.3333": {
							"post": [-2.5, 0, 0],
							"lerp_mode": "catmullrom"
						},
						"0.5": {
							"post": [12.5, 0, 0],
							"lerp_mode": "catmullrom"
						},
						"0.75": {
							"post": [29.09, 0, 0],
							"lerp_mode": "catmullrom"
						},
						"0.9167": {
							"post": [30, 0, 0],
							"lerp_mode": "catmullrom"
						},
						"1.1667": {
							"post": [12.5, 0, 0],
							"lerp_mode": "catmullrom"
						}
					},
					"position": {
						"0.0": {
							"post": [0, 3.5, 0.75],
							"lerp_mode": "catmullrom"
						},
						"0.1667": {
							"post": [0, 1, 0.75],
							"lerp_mode": "catmullrom"
						},
						"0.5": {
							"post": [0, 0.25, 0.75],
							"lerp_mode": "catmullrom"
						},
						"0.5833": [0, 0.71, 0.75],
						"0.75": {
							"pre": [0, 0.75, 0.75],
							"post": [0, 0.75, 0.75],
							"lerp_mode": "catmullrom"
						},
						"0.9167": {
							"post": [0, 1.75, 0.75],
							"lerp_mode": "catmullrom"
						},
						"1.1667": {
							"post": [0, 3.5, 0.75],
							"lerp_mode": "catmullrom"
						}
					}
				},
				"bone12": {
					"rotation": {
						"0.0": {
							"post": [35, 0, 0],
							"lerp_mode": "catmullrom"
						},
						"0.1667": {
							"post": [12.5, 0, 0],
							"lerp_mode": "catmullrom"
						},
						"0.5": [12.5, 0, 0],
						"0.5833": [-7.5, 0, 0],
						"0.75": [-12.5, 0, 0],
						"0.9167": {
							"pre": [37.5, 0, 0],
							"post": [37.5, 0, 0],
							"lerp_mode": "catmullrom"
						},
						"1.1667": {
							"post": [35, 0, 0],
							"lerp_mode": "catmullrom"
						}
					}
				},
				"hind_leg_left2": {
					"rotation": {
						"0.0": {
							"post": [20.14928, 10.28382, -2.55395],
							"lerp_mode": "catmullrom"
						},
						"0.1667": {
							"post": [-32.5, 0, 0],
							"lerp_mode": "catmullrom"
						},
						"0.4167": {
							"post": [-52.5, 0, 5.3],
							"lerp_mode": "catmullrom"
						},
						"0.6667": {
							"post": [-35.2, -1, 0],
							"lerp_mode": "catmullrom"
						},
						"0.9167": {
							"post": [26.4, 8.8, -1.4],
							"lerp_mode": "catmullrom"
						},
						"1.25": {
							"post": [20.14928, 10.28382, -2.55395],
							"lerp_mode": "catmullrom"
						}
					},
					"position": {
						"0.0": {
							"post": [0.25, 0, 1.5],
							"lerp_mode": "catmullrom"
						},
						"0.1667": {
							"post": [0, 0.57, -0.82],
							"lerp_mode": "catmullrom"
						},
						"0.5": {
							"post": [0, -0.68, -0.82],
							"lerp_mode": "catmullrom"
						},
						"0.6667": [0.03, -0.62, -0.28],
						"0.75": [0.05, -0.31, 0.04],
						"0.8333": [0.07, 0.03, 0.36],
						"0.9167": [0.1, -0.5, 1],
						"1.0833": {
							"pre": [0.22, -0.91, 1.32],
							"post": [0.22, -0.91, 1.32],
							"lerp_mode": "catmullrom"
						},
						"1.25": {
							"post": [0.25, 0, 1.5],
							"lerp_mode": "catmullrom"
						}
					}
				},
				"bone5": {
					"rotation": {
						"0.0": {
							"post": [45, 0, 0],
							"lerp_mode": "catmullrom"
						},
						"0.1667": {
							"post": [86.47, 0, 0],
							"lerp_mode": "catmullrom"
						},
						"0.4167": {
							"post": [3.97, 0, 0],
							"lerp_mode": "catmullrom"
						},
						"0.6667": [0, 0, 0],
						"0.8333": [0, 0, 0],
						"0.9167": [1.86, 0, 0],
						"1.0": {
							"pre": [8.3, 0, 0],
							"post": [8.3, 0, 0],
							"lerp_mode": "catmullrom"
						},
						"1.1667": {
							"post": [45, 0, 0],
							"lerp_mode": "catmullrom"
						}
					}
				},
				"bone6": {
					"rotation": {
						"0.0": {
							"post": [22.5, 0, 0],
							"lerp_mode": "catmullrom"
						},
						"0.1667": {
							"post": [35.8, 0, 0],
							"lerp_mode": "catmullrom"
						},
						"0.4167": {
							"post": [37.5, 0, 0],
							"lerp_mode": "catmullrom"
						},
						"0.6667": [17.5, 0, 0],
						"0.8333": [-5, 0, 0],
						"0.9167": [-10, 0, 0],
						"1.1667": {
							"pre": [22.5, 0, 0],
							"post": [22.5, 0, 0],
							"lerp_mode": "catmullrom"
						}
					}
				},
				"mane_bottom2": {
					"rotation": ["math.sin(q.anim_time*90*6.4-100)*-10", 0, 0]
				},
				"body": {
					"position": [0, -7, 0]
				}
			}
		},
		"animation.equirin.blink": {
			"animation_length": 0.1667,
			"bones": {
				"eyelid_right": {
					"position": {
						"0.0": [0, -1, 0],
						"0.125": {
							"pre": [0, -1, 0],
							"post": [0, -1, 0],
							"lerp_mode": "catmullrom"
						},
						"0.1667": [0, 0, 0]
					}
				},
				"eye_right": {
					"position": {
						"0.0": [-0.1, 0, 0],
						"0.125": [-0.1, 0, 0],
						"0.1667": [0, 0, 0]
					}
				},
				"eyelid_left": {
					"position": {
						"0.0": [0, -1, 0],
						"0.125": {
							"pre": [0, -1, 0],
							"post": [0, -1, 0],
							"lerp_mode": "catmullrom"
						},
						"0.1667": [0, 0, 0]
					}
				},
				"eye_left": {
					"position": {
						"0.0": [0.1, 0, 0],
						"0.125": [0.1, 0, 0],
						"0.1667": [0, 0, 0]
					}
				}
			}
		},
		"animation.equirin.recoil": {
			"animation_length": 0.6667,
			"bones": {
				"torso": {
					"rotation": {
						"0.0": [0, 0, 0],
						"0.1389": [12.63689, 12.43517, 0.77637],
						"0.1944": [7.52889, 9.99519, 0.22118],
						"0.5278": [0, 0, 0]
					}
				},
				"neck": {
					"rotation": {
						"0.0": [0, 0, 0],
						"0.1667": [15.22074, 9.65594, 2.61298],
						"0.5556": [0, 0, 0]
					}
				},
				"head": {
					"rotation": {
						"0.0": [0, 0, 0],
						"0.1944": [13.4936, 21.93857, 5.123],
						"0.5556": [0, 0, 0]
					}
				},
				"eyelid_right": {
					"position": {
						"0.0": [0, 0, 0],
						"0.0278": [0, -1, 0],
						"0.2778": [0, 0, 0]
					}
				},
				"eye_right": {
					"position": {
						"0.0": [0, 0, 0],
						"0.0278": [-0.1, 0, 0],
						"0.25": [-0.1, 0, 0],
						"0.2778": [0, 0, 0]
					}
				},
				"eyelid_left": {
					"position": {
						"0.0": [0, 0, 0],
						"0.0278": [0, -1, 0],
						"0.2778": [0, 0, 0]
					}
				},
				"eye_left": {
					"position": {
						"0.0": [0, 0, 0],
						"0.0278": [0.1, 0, 0],
						"0.25": [0.1, 0, 0],
						"0.2778": [0, 0, 0]
					}
				},
				"hind_leg_left2": {
					"rotation": {
						"0.0": {
							"post": [0, 0, 0],
							"lerp_mode": "catmullrom"
						},
						"0.1389": {
							"post": [-1.61423, 7.88315, 12.80215],
							"lerp_mode": "catmullrom"
						},
						"0.4444": {
							"post": [0, 0, 0],
							"lerp_mode": "catmullrom"
						}
					}
				}
			}
		}
	}
}