{
	"format_version": "1.8.0",
	"animations": {
		"animation.furnauries.pose": {
			"loop": true,
			"bones": {
				"body": {
					"position": [0, -0.5, 0]
				},
				"torso": {
					"rotation": [17.5, 0, -2.5],
					"position": [0, 0, -0.75]
				},
				"head": {
					"rotation": [0, 12.5, 0]
				},
				"arm_right": {
					"rotation": [0.55999, -14.98779, 19.91436]
				},
				"middle_arm_right": {
					"rotation": [0, -5, 17.5]
				},
				"lower_arm_right": {
					"rotation": [17.5, 15, 0]
				},
				"finger_right2": {
					"rotation": [0, 0, 20]
				},
				"finger_right": {
					"rotation": [0, 0, 22.5]
				},
				"thumb_right": {
					"rotation": [-43.59836, 9.26983, 31.45605]
				},
				"arm_left": {
					"rotation": [0, -35, -742.5]
				},
				"middle_arm_left": {
					"rotation": [0, 0, -17.5]
				},
				"lower_arm_left": {
					"rotation": [23.56502, -69.95213, -95.85108]
				},
				"thumb_left": {
					"rotation": [-3.86787, 27.48136, -36.32584]
				},
				"finger_left": {
					"rotation": [0, 5, -55]
				},
				"finger_left2": {
					"rotation": [0, -12.5, -55]
				},
				"tail": {
					"rotation": [0, 17.5, 0]
				},
				"tail_fire": {
					"rotation": [0, 10, 0]
				},
				"leg_right": {
					"rotation": [22.7614, -14.8687, -12.00307]
				},
				"shin_right": {
					"rotation": [-10, 0, 0]
				},
				"leg_left": {
					"rotation": [-6.8569, 7.13136, 17.79284]
				},
				"shin_left": {
					"rotation": [12.29887, 3.45533, -9.16067]
				},
				"furnauries": {
					"scale": 1
				},
				"foot_left": {
					"rotation": [7.5, 0, -2.5]
				},
				"foot_right": {
					"rotation": [-0.18371, -4.74193, 8.73521]
				},
				"iris_right": {
					"position": [0.5, 0, 0]
				},
				"iris_left": {
					"position": [0.25, 0, 0]
				}
			}
		},
		"animation.furnauries.ground_idle": {
			"loop": true,
			"bones": {
				"torso": {
					"rotation": ["10+Math.cos((query.anim_time) * 90 * 2) * -0.4", 0, 0],
					"position": [0, "Math.cos((query.anim_time) * 90 * 2) * 0.25", 0]
				},
				"head": {
					"rotation": [5, 0, 0]
				},
				"fire_hair": {
					"rotation": ["math.sin(q.anim_time*90*2-60)*2.5", 0, 0]
				},
				"ear_right": {
					"rotation": ["math.sin(q.anim_time*90*2-30)*1", 0, "math.sin(q.anim_time*90*2-30)*-3"]
				},
				"ear_left": {
					"rotation": ["math.sin(q.anim_time*90*2-30)*1", 0, "-(math.sin(q.anim_time*90*2-30)*-3)"]
				},
				"arm_right": {
					"rotation": [0, 0, 50]
				},
				"middle_arm_right": {
					"rotation": [0, 0, 10]
				},
				"lower_arm_right": {
					"rotation": [3, "20+math.sin(q.anim_time*90*2-150)*-2", "8.5+math.sin(q.anim_time*90*2-150)*-0.2"]
				},
				"arm_left": {
					"rotation": [0, 0, -50]
				},
				"middle_arm_left": {
					"rotation": [0, 0, -10]
				},
				"lower_arm_left": {
					"rotation": [3, "-20+math.sin(q.anim_time*90*2-150)*2", "-8.5+math.sin(q.anim_time*90*2-150)*0.2"]
				},
				"lower_torso": {
					"position": [0, "Math.cos((query.anim_time) * 90 * 2-15) * 0.15", 0]
				},
				"tail": {
					"rotation": [12.5, "Math.cos((query.anim_time+0.6) * 90 * 1) * 20", 0]
				},
				"tail_fire": {
					"rotation": [0, "Math.cos((query.anim_time+0.3) * 90 * 1) * 10", 0]
				},
				"goatie": {
					"rotation": ["math.sin(q.anim_time*90*2)*1.5", 0, 0]
				}
			}
		},
		"animation.furnauries.battle_idle": {
			"loop": true,
			"bones": {
				"torso": {
					"rotation": ["17.5+Math.cos((query.anim_time) * 90 * 2) * -0.4", 0, 0],
					"position": [0, "Math.cos((query.anim_time) * 90 * 2) * 0.25", -0.5]
				},
				"head": {
					"rotation": [0, -12.5, 0]
				},
				"fire_hair": {
					"rotation": ["math.sin(q.anim_time*90*2-60)*2.5", 0, 0]
				},
				"ear_right": {
					"rotation": ["math.sin(q.anim_time*90*2-30)*1", 0, "math.sin(q.anim_time*90*2-30)*-3"]
				},
				"ear_left": {
					"rotation": ["math.sin(q.anim_time*90*2-30)*1", 0, "-(math.sin(q.anim_time*90*2-30)*-3)"]
				},
				"arm_right": {
					"rotation": [0, 10, 50]
				},
				"middle_arm_right": {
					"rotation": [0, 0, 10]
				},
				"lower_arm_right": {
					"rotation": [3.05401, "22.4965+math.sin(q.anim_time*90*2-150)*-2", "8.6426+math.sin(q.anim_time*90*2-150)*-0.2"]
				},
				"arm_left": {
					"rotation": [0, -10, -50]
				},
				"middle_arm_left": {
					"rotation": [0, 0, -10]
				},
				"lower_arm_left": {
					"rotation": [0, "-20+math.sin(q.anim_time*90*2-150)*2", "-8.5+math.sin(q.anim_time*90*2-150)*0.2"]
				},
				"lower_torso": {
					"position": [0, "Math.cos((query.anim_time) * 90 * 2-15) * 0.15", 0]
				},
				"tail": {
					"rotation": [12.5, "Math.cos((query.anim_time+0.6) * 90 * 1) * 20", 0]
				},
				"tail_fire": {
					"rotation": [0, "Math.cos((query.anim_time+0.3) * 90 * 1) * 10", 0]
				},
				"goatie": {
					"rotation": ["math.sin(q.anim_time*90*2)*1.5", 0, 0]
				},
				"body": {
					"rotation": [0, 15, 0]
				},
				"finger_right2": {
					"rotation": [0, -10, -10]
				},
				"finger_right": {
					"rotation": [0, 10, -15]
				},
				"thumb_left": {
					"rotation": [0, 22.5, 0]
				},
				"finger_left": {
					"rotation": [0, 0, -40]
				},
				"finger_left2": {
					"rotation": [0, 0, -45]
				},
				"leg_right": {
					"rotation": [12.52136, -0.32621, -7.49294]
				},
				"shin_right": {
					"rotation": [0, 0, 7.5]
				},
				"foot_right": {
					"rotation": [-7.5, 0, 0]
				},
				"leg_left": {
					"rotation": [-4.8423, 2.55868, 7.05239]
				},
				"shin_left": {
					"rotation": [0, 0, -7.5]
				},
				"foot_left": {
					"rotation": [5, 0, 0]
				},
				"brow_left": {
					"rotation": [0, 0, 5],
					"position": [0, -0.2, 0]
				},
				"brow_right": {
					"rotation": [0, 0, -5],
					"position": [0, -0.2, 0]
				}
			}
		},
		"animation.furnauries.ground_walk": {
			"loop": true,
			"animation_length": 2,
			"bones": {
				"body": {
					"position": [0, "-0.75+Math.cos((query.anim_time-0.1) * 90 * 4) * -0.7", 0]
				},
				"torso": {
					"rotation": ["12.5+Math.cos((query.anim_time+0.1) * 90 * 4) * 2", 0, "Math.cos((query.anim_time+0.1) * 90 * 2) * 5"]
				},
				"head": {
					"rotation": ["Math.cos((query.anim_time-0.2) * 90 * 4) * 3", 0, "Math.cos((query.anim_time-0.2) * 90 * 2) * 2"]
				},
				"fire_hair": {
					"rotation": ["Math.cos((query.anim_time-0.2) * 90 * 4) * 3", 0, "Math.cos((query.anim_time-0.2) * 90 * 2) * 2"]
				},
				"ear_right": {
					"rotation": [0, 0, "6+math.sin(q.anim_time*90*4+30)*-5"]
				},
				"ear_left": {
					"rotation": [0, 0, "-6+math.sin(q.anim_time*90*4+30)*5"]
				},
				"arm_right": {
					"rotation": [0, "Math.cos((query.anim_time-1) * 90 * 2) * 20", 35]
				},
				"middle_arm_right": {
					"rotation": [0, 10, 0]
				},
				"lower_arm_right": {
					"rotation": [0, "17.5+Math.cos((query.anim_time-1.4) * 90 * 2) * 20", 0]
				},
				"arm_left": {
					"rotation": [0, "(Math.cos((query.anim_time-1) * 90 * 2) * 20)", -35]
				},
				"middle_arm_left": {
					"rotation": [0, -10, 0]
				},
				"lower_arm_left": {
					"rotation": [0, "-17.5+Math.cos((query.anim_time-1.4) * 90 * 2) * 20", 0]
				},
				"tail": {
					"rotation": [5, "Math.cos((query.anim_time-0.2) * 90 * 2) * 15", 0]
				},
				"tail_fire": {
					"rotation": [1, "Math.cos((query.anim_time-0.4) * 90 * 2) * 10", 0]
				},
				"leg_right": {
					"rotation": {
						"0.0": [-30, 0, 0],
						"0.25": [-15, 0, 0],
						"0.5": [0, 0, 0],
						"0.75": [27.5, 0, 0],
						"1.0": [37.5, 0, 0],
						"1.25": [27.5, 0, 0],
						"1.5": [2.5, 0, 0],
						"1.75": [-15, 0, 0],
						"2.0": [-30, 0, 0]
					},
					"position": {
						"0.0": [0, 0, 0],
						"1.0": [0, 0, 0],
						"1.5": [0, 1, 0],
						"2.0": [0, 0, 0]
					}
				},
				"shin_right": {
					"rotation": {
						"0.0": [-22.5, 0, 0],
						"0.25": [-1.25, 0, 0],
						"0.5": [0, 0, 0],
						"0.75": [-27.5, 0, 0],
						"1.0": [-7.5, 0, 0],
						"1.25": [15, 0, 0],
						"1.5": [31.67, 0, 0],
						"1.75": [-1.25, 0, 0],
						"2.0": [-22.5, 0, 0]
					}
				},
				"leg_left": {
					"rotation": {
						"0.0": [37.5, 0, 0],
						"0.25": [27.5, 0, 0],
						"0.5": [2.5, 0, 0],
						"0.75": [-15, 0, 0],
						"1.0": [-30, 0, 0],
						"1.25": [-25, 0, 0],
						"1.5": [0, 0, 0],
						"1.75": [27.5, 0, 0],
						"2.0": [37.5, 0, 0]
					},
					"position": {
						"0.0": [0, 0, 0],
						"0.5": [0, 1, 0],
						"1.0": [0, 0, 0],
						"2.0": [0, 0, 0]
					}
				},
				"shin_left": {
					"rotation": {
						"0.0": [-7.5, 0, 0],
						"0.25": [15, 0, 0],
						"0.5": [31.67, 0, 0],
						"0.75": [-1.25, 0, 0],
						"1.0": [-22.5, 0, 0],
						"1.25": [-1.25, 0, 0],
						"1.5": [0, 0, 0],
						"1.75": [-27.5, 0, 0],
						"2.0": [-7.5, 0, 0]
					}
				}
			}
		},
		"animation.furnauries.battle_quirk": {
			"animation_length": 2.5,
			"bones": {
				"head": {
					"rotation": {
						"0.0": {
							"post": [0, 0, 0],
							"lerp_mode": "catmullrom"
						},
						"0.25": {
							"post": [0, -37.5, 0],
							"lerp_mode": "catmullrom"
						},
						"1.5": {
							"post": [0, -37.5, 0],
							"lerp_mode": "catmullrom"
						},
						"1.875": {
							"post": [10, -37.5, 0],
							"lerp_mode": "catmullrom"
						},
						"2.2083": {
							"post": [10, -37.5, 0],
							"lerp_mode": "catmullrom"
						},
						"2.4167": {
							"post": [2.49845, -11.53668, -0.43942],
							"lerp_mode": "catmullrom"
						},
						"2.5": {
							"post": [0, 0, 0],
							"lerp_mode": "catmullrom"
						}
					}
				},
				"mouth_smile": {
					"position": {
						"0.0": [0, 0, 0],
						"1.5833": [0, 0, 0],
						"1.625": [0, 0, -0.1]
					}
				},
				"iris_left": {
					"position": {
						"0.0": [0, 0, 0],
						"0.375": [0.5, 0, 0],
						"2.25": [0.5, 0, 0],
						"2.5": [0, 0, 0]
					}
				},
				"iris_right": {
					"position": {
						"0.0": [0, 0, 0],
						"0.375": [0.75, 0, 0],
						"2.25": [0.75, 0, 0],
						"2.5": [0, 0, 0]
					}
				},
				"ear_right": {
					"rotation": {
						"1.8333": [0, 0, 0],
						"1.9583": [-12.5, 0, 0],
						"2.0833": [0, 0, 0]
					}
				},
				"ear_left": {
					"rotation": {
						"1.8333": [0, 0, 0],
						"1.9583": [-12.5, 0, 0],
						"2.0833": [0, 0, 0]
					}
				}
			}
		},
		"animation.furnauries.blink": {
			"animation_length": 0.125,
			"bones": {
				"iris_left": {
					"position": [0, 0, 0]
				},
				"eye_left": {
					"position": {
						"0.0": [0.1, 0, 0.1],
						"0.0833": [0.1, 0, 0.1],
						"0.125": [0, 0, 0]
					}
				},
				"eye_right": {
					"position": {
						"0.0": [-0.1, 0, 0.1],
						"0.0833": [-0.1, 0, 0.1],
						"0.125": [0, 0, 0]
					}
				}
			}
		},
		"animation.furnauries.sleep": {
			"loop": true,
			"bones": {
				"body": {
					"rotation": [15, 0, 0],
					"position": [0, -12, 4]
				},
				"torso": {
					"rotation": ["7.5+math.sin(q.anim_time*90*1)*-1", 0, 0],
					"position": [0, 0, 0.5]
				},
				"head": {
					"rotation": ["22.2721+math.sin(q.anim_time*90*1-60)*2", -2.70464, 0]
				},
				"mouth_closed": {
					"position": [0, 0.2, -0.02]
				},
				"fire_hair": {
					"rotation": [-17.5, "-(math.sin(q.anim_time*90*1-120)*2)", "-(math.sin(q.anim_time*90*1-120)*-1)"]
				},
				"ear_right": {
					"rotation": [-0.43855, 7.05302, "math.sin(q.anim_time*90*1-90)*3+21.6334"]
				},
				"ear_left": {
					"rotation": [-1.35707, -12.27659, "math.sin(q.anim_time*90*1-90)*-3-16.1721"]
				},
				"arm_right": {
					"rotation": ["33.5772+math.sin(q.anim_time*90*1)*1", 3.91539, 40.3599]
				},
				"middle_arm_right": {
					"rotation": [0, 30, 0],
					"position": [-1.7, 0, 0]
				},
				"lower_arm_right": {
					"rotation": [9.27312, 21.08422, 18.63417],
					"position": [-1.3, 0, 0]
				},
				"finger_right2": {
					"rotation": [0, 0, 65]
				},
				"finger_right": {
					"rotation": [0, 0, 65]
				},
				"thumb_right": {
					"rotation": [0, 0, -30]
				},
				"arm_left": {
					"rotation": ["36.0772+math.sin(q.anim_time*90*1)*1", 3.91539, -40.3599]
				},
				"middle_arm_left": {
					"rotation": [0, -30, 0],
					"position": [1.7, 0, 0]
				},
				"lower_arm_left": {
					"rotation": [9.2731, -21.0842, -18.6342],
					"position": [1.3, 0, 0]
				},
				"thumb_left": {
					"rotation": [0, 0, 20]
				},
				"finger_left": {
					"rotation": [0, 0, -65]
				},
				"finger_left2": {
					"rotation": [0, 0, -67.5]
				},
				"lower_torso": {
					"rotation": [-0.5, 0, 0],
					"position": [0, -0.5, 0.75]
				},
				"tail": {
					"rotation": [-22.5, 0, 0]
				},
				"leg_right": {
					"rotation": [-20, 0, 0]
				},
				"shin_right": {
					"rotation": [90, 0, 0]
				},
				"foot_right": {
					"rotation": [5, 0, 0],
					"position": [0, 0, 0.6]
				},
				"leg_left": {
					"rotation": [-20, 0, 0]
				},
				"shin_left": {
					"rotation": [90, 0, 0]
				},
				"foot_left": {
					"rotation": [5, 0, 0],
					"position": [0, 0, 0.6]
				},
				"eye_right": {
					"position": [-0.1, 0, 0.1]
				},
				"eye_left": {
					"position": [0.1, 0.1, 0.1]
				}
			}
		},
		"animation.furnauries.faint": {
			"animation_length": 3,
			"bones": {
				"body": {
					"rotation": {
						"0.0": [0, 0, 0],
						"0.9583": [0, 0, 0],
						"1.2083": [5.5, 0, 0],
						"1.4167": [14.86, 0, 0],
						"1.5833": [32.43, 0, 0],
						"1.75": [95, 0, 0],
						"1.7917": [100, 0, 0],
						"1.875": [92.5, 0, 0]
					},
					"position": {
						"0.0": [0, 0, 0],
						"0.125": [0, 0, 1.25],
						"0.375": [0, 0, 3.67],
						"0.5": [0, 0, 4],
						"0.9583": [0, 0, 4],
						"1.1667": [0, 0.05, 0.92],
						"1.4167": [0, -0.38, -0.89],
						"1.5833": [0, -2.18, -3.91],
						"1.75": [0, -18, -15]
					}
				},
				"torso": {
					"rotation": {
						"0.0": [0, 0, 0],
						"0.1667": [11.21, 0, 0],
						"0.2917": [15, 0, 0],
						"0.375": [12.5, 0, 0],
						"0.5417": [0, 0, 0],
						"0.6667": [-4.5, 0, 0],
						"0.875": [-5.5, 0, 0],
						"1.0417": [-6.71369, 0.4006, 7.46928],
						"1.125": [-7.88, 1.38481, 9.90462],
						"1.375": [-10.41214, 1.363, 7.37581],
						"1.4583": [-13.47564, -0.03724, 4.76908],
						"1.5833": [-15.5, 0, 0],
						"1.75": [-5.5, 0, 0],
						"1.8333": [-13, 0, 0],
						"2.0": [-5.5, 0, 0]
					},
					"position": {
						"0.0": [0, 0, 0],
						"0.125": [0, -1, 0],
						"0.25": [0, -1.5, 0],
						"0.375": [0, -1, 0],
						"0.5": [0, 0, 0],
						"0.7083": [0, 0, 0],
						"0.7917": [0, -0.75, 0],
						"0.875": [0, -1, 0],
						"0.9583": [0, -0.75, 0],
						"1.0417": [0, 0, 0]
					}
				},
				"head": {
					"rotation": {
						"0.0": [0, 0, 0],
						"0.4167": [5, 0, 0],
						"0.625": [0, 0, 0],
						"0.75": [0, 0, 0],
						"1.1667": [-9.96271, -0.86717, -4.92442],
						"1.5": [-12.49057, 0.21369, -0.04249],
						"1.6667": [-34.99057, 0.21369, -0.04249],
						"1.75": [7.50943, 0.21369, -0.04249],
						"1.8333": [-9.99057, 0.21369, -0.04249],
						"1.9583": [5.00943, 0.21369, -0.04249]
					},
					"position": {
						"0.0": [0, 0, 0],
						"0.375": [0, -0.75, 0],
						"0.5833": [0, 0, 0],
						"0.75": [0, 0, 0],
						"0.9167": [0, -0.75, 0],
						"1.125": [0, 0, 0]
					}
				},
				"mouth_open": {
					"position": {
						"0.3333": [0, 0, 0],
						"0.375": [0, 0, -0.1],
						"0.5": [0, 0, 0],
						"1.0": [0, 0, 0],
						"1.0417": [0, 0, -0.1]
					}
				},
				"arm_right": {
					"rotation": {
						"0.0": [0, 42.5, 35],
						"0.3333": [-13.96236, -5.57556, 25.82921],
						"1.0833": [-13.96236, -5.57556, 25.82921],
						"1.25": [-12.46013, -8.44337, 13.56932],
						"1.6667": [-49.96013, -8.44337, 13.56932],
						"1.7917": [-46.1063, -23.39003, -0.3012],
						"1.8333": [-48.03897, -5.85367, 15.66585],
						"2.0": [-47.91222, 18.30597, 36.44063]
					},
					"position": [0, 0, 1]
				},
				"lower_arm_right": {
					"rotation": {
						"0.0": [0, 0, 0],
						"0.375": [0, 27.5, 0],
						"1.7917": [-32.25692, 21.68935, -28.84923],
						"1.875": [-24.79203, 30.86914, -10.91166],
						"2.0": [-33.76653, 25.25199, -25.03149]
					}
				},
				"arm_left": {
					"rotation": {
						"0.0": [0, -42.5, -35],
						"0.3333": [-13.96236, 5.57556, -25.82921],
						"1.0833": [-13.96236, 5.57556, -25.82921],
						"1.25": [-11.68815, 9.48991, -8.61947],
						"1.6667": [-44.18815, 9.48991, -8.61947],
						"1.7917": [-39.81798, 22.95836, 6.8274],
						"1.8333": [-42.82264, 8.39618, -9.36938],
						"2.0": [-44.40674, -8.11232, -26.44404]
					},
					"position": [0, 0, 1]
				},
				"lower_arm_left": {
					"rotation": {
						"0.0": [0, 0, 0],
						"0.375": [0, -27.5, 0],
						"1.7917": [-29.70801, -23.92424, 8.13151],
						"1.875": [-25.91454, -28.60165, -1.94421],
						"2.0": [-27.59895, -29.91043, -4.99549]
					}
				},
				"tail": {
					"rotation": {
						"0.0": [-12.5, 0, 0],
						"0.5833": [31.5667, -17.2294, -10.3141],
						"0.9583": [43.41295, -22.7642, -15.7032],
						"1.0833": [30.91295, -22.7642, -15.7032],
						"1.4167": [38.41295, -22.7642, -15.7032],
						"1.7083": [-11.58705, -22.7642, -15.7032],
						"1.75": [-69.08705, -22.7642, -15.7032],
						"1.875": [-54.08705, -22.7642, -15.7032],
						"2.125": [-71.58705, -22.7642, -15.7032]
					}
				},
				"tail_fire": {
					"rotation": {
						"0.0": [35, 0, 0],
						"0.5417": [-18.54835, 19.03771, -6.24605],
						"1.125": [-28.16392, 16.83759, -4.99808],
						"1.4583": [4.33608, 16.83759, -4.99808],
						"1.6667": [14.33608, 16.83759, -4.99808],
						"1.7917": [-41.89131, 11.3065, 0.22643],
						"1.875": [-24.39131, 11.3065, 0.22643],
						"2.0833": [-34.39131, 11.3065, 0.22643]
					}
				},
				"leg_right": {
					"rotation": {
						"0.0": [0, 0, 0],
						"0.375": [-15, 0, 0],
						"0.5833": [0, 0, 0],
						"1.5417": [0, 0, 0],
						"1.6667": [30, 0, 0],
						"1.75": [-10, 0, 0],
						"1.8333": [-2.5, 0, 0],
						"1.9583": [-30, 0, 0]
					}
				},
				"leg_left": {
					"rotation": {
						"0.875": [0, 0, 0],
						"1.125": [-20, 22.5, 0],
						"1.375": [-35, 22.5, 0],
						"1.5833": [0, 0, 0],
						"1.625": [0, 0, 0],
						"1.75": [30, 0, 0],
						"1.8333": [-10, 0, 0],
						"1.9167": [0, 0, 0],
						"2.0417": [-25, 0, 0]
					},
					"position": {
						"0.875": [0, 0, 0],
						"1.125": [0, 2, 0],
						"1.375": [0, 1.25, 0],
						"1.5833": [0, 0, 0]
					}
				},
				"eye_right": {
					"position": {
						"0.0": [-0.1, 0, 0.1],
						"0.8333": [-0.1, 0, 0.1],
						"0.875": [0, 0, 0],
						"1.5": [0, 0, 0],
						"1.5417": [-0.1, 0, 0.1]
					}
				},
				"eye_left": {
					"position": {
						"0.0": [0.1, 0, 0.1],
						"0.8333": [0.1, 0, 0.1],
						"0.875": [0, 0, 0],
						"1.5": [0, 0, 0],
						"1.5417": [0.1, 0, 0.1]
					}
				},
				"brow_right": {
					"rotation": {
						"0.0": [0, 0, 0],
						"0.8333": [0, 0, 0],
						"0.875": [0, 0, 1.67883],
						"0.9167": [0, 0, 5.49147],
						"0.9583": [0, 0, 10.42207],
						"1.0": [0, 0, 15.91616],
						"1.0417": [0, 0, 21.58384],
						"1.0833": [0, 0, 27.07793],
						"1.125": [0, 0, 32.00853],
						"1.1667": [0, 0, 35.82117],
						"1.2083": [0, 0, 37.5]
					}
				},
				"brow_left": {
					"rotation": {
						"0.0": [0, 0, 0],
						"0.8333": [0, 0, 0],
						"0.875": [0, 0, -1.67883],
						"0.9167": [0, 0, -5.49147],
						"0.9583": [0, 0, -10.42207],
						"1.0": [0, 0, -15.91616],
						"1.0417": [0, 0, -21.58384],
						"1.0833": [0, 0, -27.07793],
						"1.125": [0, 0, -32.00853],
						"1.1667": [0, 0, -35.82117],
						"1.2083": [0, 0, -37.5]
					}
				}
			}
		},
		"animation.furnauries.cry": {
			"animation_length": 2.5,
			"bones": {
				"torso": {
					"rotation": {
						"0.0": [0, 0, 0],
						"0.2083": [-11.79, 0, 0],
						"0.3333": [17.14, 0, 0],
						"0.375": [13.03, 0, 0],
						"0.4167": [14.76, 0, 0],
						"0.4583": [7.74, 0, 0],
						"0.5": [10.71, 0, 0],
						"0.75": [10.71, 0, 0],
						"1.0417": [-25, 0, 0],
						"2.0": [-25, 0, 0],
						"2.3333": [0, 0, 0]
					}
				},
				"head": {
					"rotation": {
						"0.0": {
							"post": [0, 0, 0],
							"lerp_mode": "catmullrom"
						},
						"0.25": {
							"post": [-22.03653, -0.53778, 0.12298],
							"lerp_mode": "catmullrom"
						},
						"0.4167": {
							"post": [15, 0, 0],
							"lerp_mode": "catmullrom"
						},
						"0.8333": {
							"post": [15, 0, 0],
							"lerp_mode": "catmullrom"
						},
						"1.0417": {
							"post": [-35.58619, 17.07228, -3.90399],
							"lerp_mode": "catmullrom"
						},
						"1.875": {
							"post": [-25.42638, -14.63639, 3.31914],
							"lerp_mode": "catmullrom"
						},
						"2.125": {
							"post": [0, 0, 0],
							"lerp_mode": "catmullrom"
						}
					}
				},
				"mouth_open": {
					"position": {
						"0.0": [0, 0, 0],
						"1.125": [0, 0, 0],
						"1.1667": [0, 0, -0.1],
						"2.0833": [0, 0, -0.1],
						"2.125": [0, 0, 0]
					}
				},
				"mouth_smile": {
					"position": {
						"0.0": [0, 0, 0],
						"0.2083": [0, 0, 0],
						"0.25": [0, 0, -0.1],
						"0.7917": [0, 0, -0.1],
						"0.8333": [0, 0, 0]
					}
				},
				"arm_right": {
					"rotation": {
						"0.0": [0, 0, 0],
						"0.25": [-52.30776, -11.08881, -62.12571],
						"0.3333": [0, 35, 0],
						"0.625": [5.22206, 34.65749, 9.13039],
						"0.7917": [5.22206, 34.65749, 9.13039],
						"1.0": [-16.48457, 31.3213, -29.65098],
						"1.1667": [-14.23193, 9.60127, -23.32806],
						"1.5": [-14.24039, -9.79638, -18.43312],
						"2.5": [0, 0, 0]
					}
				},
				"middle_arm_right": {
					"rotation": {
						"0.0": [0, 0, 0],
						"0.25": [0, 7.5, 0],
						"2.25": [0, 7.5, 0],
						"2.5": [0, 0, 0]
					}
				},
				"lower_arm_right": {
					"rotation": {
						"0.0": [0, 0, 0],
						"0.25": [-33.94916, 29.41524, 0.4632],
						"0.375": [39.95575, 6.06955, 89.26908],
						"0.7917": [39.95575, 6.06955, 89.26908],
						"1.1667": [-18.75724, 27.46339, 2.47126],
						"1.3333": [-68.73701, -1.17673, -15.9685],
						"2.5": [0, 0, 0]
					}
				},
				"arm_left": {
					"rotation": {
						"0.0": [0, 0, 0],
						"0.25": [-44.80276, 11.61782, 57.76479],
						"0.3333": [0, -35, 0],
						"0.625": [10.27206, -33.64409, -18.11321],
						"0.7917": [10.27206, -33.64409, -18.11321],
						"1.0": [-10.27206, -33.64409, 18.11321],
						"1.1667": [-8.64379, -8.97104, 13.73754],
						"1.5": [-8.99133, 18.2162, 9.54789],
						"2.5": [0, 0, 0]
					}
				},
				"middle_arm_left": {
					"rotation": {
						"0.0": [0, 0, 0],
						"0.25": [0, -7.5, 0],
						"2.25": [0, -7.5, 0],
						"2.5": [0, 0, 0]
					}
				},
				"lower_arm_left": {
					"rotation": {
						"0.0": [0, 0, 0],
						"0.25": [-38.59163, -26.84883, 10.98184],
						"0.375": [41.32713, -3.91304, -86.35311],
						"0.7917": [41.32713, -3.91304, -86.35311],
						"1.1667": [-18.09872, -27.96243, 2.17572],
						"1.3333": [-72.35687, 6.27205, 20.24983],
						"2.5": [0, 0, 0]
					}
				}
			},
			"sound_effects": {
				"0.0": {
					"effect": "pokemon.furnauries.cry"
				}
			}
		},
		"animation.furnauries.recoil": {
			"animation_length": 1,
			"bones": {
				"torso": {
					"rotation": {
						"0.0": [0, 0, 0],
						"0.1667": [7.5, 0, 0],
						"0.2083": [-2.5, 0, 0],
						"0.3333": [7.5, 0, 0],
						"1.0": [0, 0, 0]
					}
				},
				"head": {
					"rotation": {
						"0.0": {
							"post": [0, 0, 0],
							"lerp_mode": "catmullrom"
						},
						"0.0833": {
							"post": [15, 0, 0],
							"lerp_mode": "catmullrom"
						},
						"0.2083": {
							"post": [16.49, 0, 0],
							"lerp_mode": "catmullrom"
						},
						"0.5417": [15, 0, 0],
						"1.0": [0, 0, 0]
					}
				},
				"arm_right": {
					"rotation": {
						"0.0": {
							"post": [0, 0, 0],
							"lerp_mode": "catmullrom"
						},
						"0.125": {
							"post": [0, 47.5, 0],
							"lerp_mode": "catmullrom"
						},
						"0.5417": [0, 47.5, 0],
						"1.0": [0, 0, 0]
					}
				},
				"lower_arm_right": {
					"rotation": {
						"0.0": {
							"post": [0, 0, 0],
							"lerp_mode": "catmullrom"
						},
						"0.125": {
							"post": [72.98065, 47.32323, 164.96053],
							"lerp_mode": "catmullrom"
						},
						"0.5417": [72.98065, 47.32323, 164.96053],
						"1.0": [0, 0, 0]
					}
				},
				"finger_right2": {
					"rotation": {
						"0.0": [0, 0, 0],
						"0.1667": [0, 0, 40],
						"0.875": [0, 0, 0]
					}
				},
				"finger_right": {
					"rotation": {
						"0.0": [0, 0, 0],
						"0.1667": [0, 0, 35],
						"0.875": [0, 0, 0]
					}
				},
				"thumb_right": {
					"rotation": {
						"0.0": [0, 0, 0],
						"0.1667": [4.46377, -25.17659, 25.10088],
						"0.875": [0, 0, 0]
					}
				},
				"arm_left": {
					"rotation": {
						"0.0": {
							"post": [0, 0, 0],
							"lerp_mode": "catmullrom"
						},
						"0.125": {
							"post": [0, -47.5, 0],
							"lerp_mode": "catmullrom"
						},
						"0.5417": [0, -47.5, 0],
						"1.0": [0, 0, 0]
					}
				},
				"lower_arm_left": {
					"rotation": {
						"0.0": {
							"post": [0, 0, 0],
							"lerp_mode": "catmullrom"
						},
						"0.125": {
							"post": [68.62979, -36.3277, -160.58252],
							"lerp_mode": "catmullrom"
						},
						"0.5417": [68.62979, -36.3277, -160.58252],
						"1.0": [0, 0, 0]
					}
				},
				"thumb_left": {
					"rotation": {
						"0.0": [0, 0, 0],
						"0.1667": [0, 30, 0],
						"0.875": [0, 0, 0]
					}
				},
				"finger_left": {
					"rotation": {
						"0.0": [0, 0, 0],
						"0.1667": [0, 0, -17.5],
						"0.875": [0, 0, 0]
					}
				},
				"finger_left2": {
					"rotation": {
						"0.0": [0, 0, 0],
						"0.1667": [0, 0, -12.5],
						"0.875": [0, 0, 0]
					}
				}
			}
		}
	}
}