{
	"format_version": "1.8.0",
	"animations": {
		"animation.griffaera.pose": {
			"loop": true,
			"bones": {
				"torso": {
					"rotation": [15, 0, 0]
				},
				"tail": {
					"rotation": [-20, -65, 0]
				},
				"tail1": {
					"rotation": [-8.15595, -14.75832, 1.58989]
				},
				"tail2": {
					"rotation": [-14.64107, -30.5835, 6.11624]
				},
				"stinger": {
					"rotation": [0, -20, 0]
				},
				"tail_petal": {
					"rotation": [-15, 0, 0]
				},
				"tail_petal2": {
					"rotation": [-20, 0, 0]
				},
				"tail_petal3": {
					"rotation": [-9, 0, 0]
				},
				"tail_petal4": {
					"rotation": [-12.5, 0, 0]
				},
				"tail_petal5": {
					"rotation": [-20, 0, 0]
				},
				"neck": {
					"rotation": [30, 0, 0]
				},
				"head": {
					"rotation": [-83.06113, 55.21437, -81.93325]
				},
				"iris_right": {
					"position": [0.5, 0, 0]
				},
				"iris_left": {
					"position": [0.5, 0, 0]
				},
				"leaf": {
					"rotation": [-12.5, 0, 0]
				},
				"lower_beak": {
					"rotation": [25, 0, 0]
				},
				"petal_tip": {
					"rotation": [0, 5, 0]
				},
				"petal_middle8": {
					"rotation": [0, 7.5, 0]
				},
				"petal_tip12": {
					"rotation": [0.69084, 9.18272, 4.75889]
				},
				"petal_tip13": {
					"rotation": [0, 0, 10]
				},
				"petal_middle7": {
					"rotation": [7.5, 0, 0]
				},
				"wing_right": {
					"rotation": [-80, 0, -32.5]
				},
				"front_leg_right": {
					"rotation": [-17.5, 0, -20]
				},
				"claw_right": {
					"rotation": [24.24769, -6.27967, 13.64973]
				},
				"talon_right": {
					"rotation": [-7.5, 0, 0]
				},
				"talon_right3": {
					"rotation": [-7.5, 0, 0]
				},
				"front_leg_left": {
					"rotation": [32.10382, -5.35355, 23.45862]
				},
				"lower_leg_left": {
					"rotation": [-24.05613, -6.60796, -16.24074]
				},
				"claw_left": {
					"rotation": [-7.25127, 20.13642, -2.57493]
				},
				"petal_left": {
					"rotation": [4.54572, -3.35166, -10.09465]
				},
				"petal_middle3": {
					"rotation": [0, -7.5, 0]
				},
				"leg_left": {
					"rotation": [24.0724, -8.53726, 12.37961]
				},
				"shin_left": {
					"rotation": [-22.32648, -2.86313, -6.93488],
					"position": [0, 1, 0]
				},
				"leg_right": {
					"rotation": [-25, 0, 0]
				},
				"shin_right": {
					"rotation": [15, 0, 0]
				},
				"foot_right": {
					"rotation": [10, 0, 0]
				},
				"wing_left": {
					"rotation": [-47.5, 47.5, 37.5]
				},
				"leaf_end": {
					"rotation": [-12.5, 0, 0]
				}
			}
		},
		"animation.griffaera.air_idle": {
			"loop": true,
			"bones": {
				"torso": {
					"rotation": ["0+math.sin(q.anim_time*90*3+180)*5", 0, 0]
				},
				"tail": {
					"rotation": ["5+math.sin(q.anim_time*90*3+150)*10", 0, 0]
				},
				"tail1": {
					"rotation": ["5+math.sin(q.anim_time*90*3+125)*12.5", 0, 0]
				},
				"tail2": {
					"rotation": ["math.sin(q.anim_time*90*3+105)*15", 0, 0]
				},
				"tail_petal": {
					"rotation": [-77, 0, 0]
				},
				"tail_petal2": {
					"rotation": [-82.5, 0, 0]
				},
				"tail_petal3": {
					"rotation": [-85, 0, 0]
				},
				"tail_petal4": {
					"rotation": [-82, 0, 0]
				},
				"tail_petal5": {
					"rotation": [-87.5, 0, 0]
				},
				"tail_petal6": {
					"rotation": [-91.5, 0, 0]
				},
				"head": {
					"rotation": ["10+math.sin(q.anim_time*90*3-85)*3", 0, 0]
				},
				"back_feather": {
					"rotation": ["math.sin(q.anim_time*90*3+105)*-8", 0, 0]
				},
				"whisker_right": {
					"rotation": [0, "math.sin(q.anim_time*90*3+105)*8", 0]
				},
				"whisker_left": {
					"rotation": [0, "math.sin(q.anim_time*90*3+105)*-8", 0]
				},
				"leaf": {
					"rotation": ["math.sin(q.anim_time*90*2-150)*20", 0, "math.sin(q.anim_time*90*0.5-120)*3"]
				},
				"petal": {
					"rotation": ["math.sin(q.anim_time*90*3+105)*8", 0, 0]
				},
				"petal_middle": {
					"rotation": ["math.sin(q.anim_time*90*3+105)*9", 0, 0]
				},
				"petal_tip": {
					"rotation": ["math.sin(q.anim_time*90*3+105)*10", 0, 0]
				},
				"petal_middle6": {
					"rotation": ["math.sin(q.anim_time*90*3+105)*8", 0, 0]
				},
				"petal_tip8": {
					"rotation": ["math.sin(q.anim_time*90*3+105)*9", 0, 0]
				},
				"petal_right2": {
					"rotation": [0, 0, 0]
				},
				"petal_middle2": {
					"rotation": ["math.sin(q.anim_time*90*3+105)*8", 0, 0]
				},
				"petal_tip3": {
					"rotation": ["math.sin(q.anim_time*90*3+105)*10", 0, 0]
				},
				"petal_middle8": {
					"rotation": ["math.sin(q.anim_time*90*3+105)*8", 0, 0]
				},
				"petal_tip12": {
					"rotation": ["math.sin(q.anim_time*90*3+105)*10", 0, 0]
				},
				"petal_middle7": {
					"rotation": ["math.sin(q.anim_time*90*3+105)*8", 0, 0]
				},
				"petal_tip10": {
					"rotation": ["math.sin(q.anim_time*90*3+105)*9", 0, 0]
				},
				"wing_right1": {
					"rotation": ["math.sin(q.anim_time*90*3+0)*15", 0, "-10+math.sin(q.anim_time*90*3+0)*45"]
				},
				"wing_right2": {
					"rotation": [9.97231, "0.6395+math.sin(q.anim_time*90*3-50)*5", "25.1139+math.sin(q.anim_time*90*3-50)*35"]
				},
				"wing_right3": {
					"rotation": [-9.9861, 0.10695, "22.4732+math.sin(q.anim_time*90*3-80)*20"]
				},
				"front_leg_right": {
					"rotation": ["17.4017+math.sin(q.anim_time*90*3+150)*7.5", -9.08664, "-6.8906+math.sin(q.anim_time*90*3+130+180)*5"]
				},
				"lower_leg_right": {
					"rotation": ["-10+math.sin(q.anim_time*90*3+180)*5", 0, 5]
				},
				"claw_right": {
					"rotation": ["47.5508+math.sin(q.anim_time*90*3+115)*10", 2.15188, 1.50107]
				},
				"talon_right": {
					"rotation": [22.5, 0, 0]
				},
				"talon_right2": {
					"rotation": [22.5, 0, 0]
				},
				"talon_right3": {
					"rotation": [32.5, 0, 0]
				},
				"front_leg_left": {
					"rotation": ["17.4017+math.sin(q.anim_time*90*3+155)*7.5", 9.08664, "6.8906+math.sin(q.anim_time*90*3+130)*5"]
				},
				"lower_leg_left": {
					"rotation": ["-10+math.sin(q.anim_time*90*3+190)*5", 0, -5]
				},
				"claw_left": {
					"rotation": ["47.5508+math.sin(q.anim_time*90*3+115)*10", 2.15188, 1.50107]
				},
				"talon_left": {
					"rotation": [15, 0, 0]
				},
				"talon_left2": {
					"rotation": [32.5, 0, 0]
				},
				"talon_left3": {
					"rotation": [20, 0, 0]
				},
				"petal_middle3": {
					"rotation": ["math.sin(q.anim_time*90*3+105)*8", 0, 0]
				},
				"petal_tip5": {
					"rotation": ["math.sin(q.anim_time*90*3+105)*9", 0, 0]
				},
				"leg_left": {
					"rotation": ["17.4017+math.sin(q.anim_time*90*3+155)*7.5", 9.08664, "6.8906+math.sin(q.anim_time*90*3+130)*5"]
				},
				"shin_left": {
					"rotation": ["-10+math.sin(q.anim_time*90*3+190)*5", 0, -5]
				},
				"foot_left": {
					"rotation": ["47.5508+math.sin(q.anim_time*90*3+115)*10", 2.15188, 1.50107]
				},
				"leg_right": {
					"rotation": ["17.4017+math.sin(q.anim_time*90*3+150)*7.5", -9.08664, "-6.8906+math.sin(q.anim_time*90*3+130+180)*5"]
				},
				"shin_right": {
					"rotation": ["-10+math.sin(q.anim_time*90*3+190)*5", 0, -5]
				},
				"foot_right": {
					"rotation": ["47.5508+math.sin(q.anim_time*90*3+115)*10", 2.15188, 1.50107]
				},
				"wing_left1": {
					"rotation": ["math.sin(q.anim_time*90*3+0)*15", 0, "10+math.sin(q.anim_time*90*3+0+180)*45"]
				},
				"wing_left2": {
					"rotation": [9.97231, "-0.6395+math.sin(q.anim_time*90*3-50+190)*5", "-25.1139+math.sin(q.anim_time*90*3-50+180)*35"]
				},
				"wing_left3": {
					"rotation": [-9.9861, -0.10695, "-22.4732+math.sin(q.anim_time*90*3-80+180)*20"]
				},
				"body": {
					"position": [0, "0+math.sin(q.anim_time*90*3-55)*5", 0]
				},
				"leaf_end": {
					"rotation": ["math.sin(q.anim_time*90*2-90)*-20+math.sin(q.anim_time*90*12-180)*2", 0, "math.sin(q.anim_time*90*0.5-180)*4"]
				}
			}
		},
		"animation.griffaera.air_fly": {
			"loop": true,
			"bones": {
				"torso": {
					"rotation": ["0+math.sin(q.anim_time*90*3+180)*5", 0, 0]
				},
				"tail": {
					"rotation": ["5+math.sin(q.anim_time*90*3+150)*10", 0, 0]
				},
				"tail1": {
					"rotation": ["5+math.sin(q.anim_time*90*3+125)*12.5", 0, 0]
				},
				"tail2": {
					"rotation": ["math.sin(q.anim_time*90*3+105)*15", 0, 0]
				},
				"tail_petal": {
					"rotation": [-77, 0, 0]
				},
				"tail_petal2": {
					"rotation": [-82.5, 0, 0]
				},
				"tail_petal3": {
					"rotation": [-85, 0, 0]
				},
				"tail_petal4": {
					"rotation": [-82, 0, 0]
				},
				"tail_petal5": {
					"rotation": [-87.5, 0, 0]
				},
				"tail_petal6": {
					"rotation": [-91.5, 0, 0]
				},
				"head": {
					"rotation": ["-12.5+math.sin(q.anim_time*90*3-85)*3", 0, 0]
				},
				"back_feather": {
					"rotation": ["math.sin(q.anim_time*90*3+105)*-8", 0, 0]
				},
				"whisker_right": {
					"rotation": [0, "math.sin(q.anim_time*90*3+105)*8", 0]
				},
				"whisker_left": {
					"rotation": [0, "math.sin(q.anim_time*90*3+105)*-8", 0]
				},
				"leaf": {
					"rotation": ["-15+math.sin(q.anim_time*90*4-50)*20", 0, "math.sin(q.anim_time*90*0.5-120)*3"]
				},
				"petal": {
					"rotation": ["math.sin(q.anim_time*90*3+105)*8", 0, 0]
				},
				"petal_middle": {
					"rotation": ["math.sin(q.anim_time*90*3+105)*9", 0, 0]
				},
				"petal_tip": {
					"rotation": ["math.sin(q.anim_time*90*3+105)*10", 0, 0]
				},
				"petal_middle6": {
					"rotation": ["math.sin(q.anim_time*90*3+105)*8", 0, 0]
				},
				"petal_tip8": {
					"rotation": ["math.sin(q.anim_time*90*3+105)*9", 0, 0]
				},
				"petal_right2": {
					"rotation": [0, 0, 0]
				},
				"petal_middle2": {
					"rotation": ["math.sin(q.anim_time*90*3+105)*8", 0, 0]
				},
				"petal_tip3": {
					"rotation": ["math.sin(q.anim_time*90*3+105)*10", 0, 0]
				},
				"petal_middle8": {
					"rotation": ["math.sin(q.anim_time*90*3+105)*8", 0, 0]
				},
				"petal_tip12": {
					"rotation": ["math.sin(q.anim_time*90*3+105)*10", 0, 0]
				},
				"petal_middle7": {
					"rotation": ["math.sin(q.anim_time*90*3+105)*8", 0, 0]
				},
				"petal_tip10": {
					"rotation": ["math.sin(q.anim_time*90*3+105)*9", 0, 0]
				},
				"wing_right1": {
					"rotation": ["math.sin(q.anim_time*90*3+0)*15", 0, "-10+math.sin(q.anim_time*90*3+0)*45"]
				},
				"wing_right2": {
					"rotation": [9.97231, "0.6395+math.sin(q.anim_time*90*3-50)*5", "25.1139+math.sin(q.anim_time*90*3-50)*35"]
				},
				"wing_right3": {
					"rotation": [-9.9861, 0.10695, "22.4732+math.sin(q.anim_time*90*3-80)*20"]
				},
				"front_leg_right": {
					"rotation": ["29.9017+math.sin(q.anim_time*90*3+150)*7.5", -9.08664, "-6.8906+math.sin(q.anim_time*90*3+130+180)*5"]
				},
				"lower_leg_right": {
					"rotation": ["-10+math.sin(q.anim_time*90*3+180)*5", 0, 5]
				},
				"claw_right": {
					"rotation": ["47.5508+math.sin(q.anim_time*90*3+115)*10", 2.15188, 1.50107]
				},
				"talon_right": {
					"rotation": [22.5, 0, 0]
				},
				"talon_right2": {
					"rotation": [22.5, 0, 0]
				},
				"talon_right3": {
					"rotation": [32.5, 0, 0]
				},
				"front_leg_left": {
					"rotation": ["29.9017+math.sin(q.anim_time*90*3+155)*7.5", 9.08664, "6.8906+math.sin(q.anim_time*90*3+130)*5"]
				},
				"lower_leg_left": {
					"rotation": ["-10+math.sin(q.anim_time*90*3+190)*5", 0, -5]
				},
				"claw_left": {
					"rotation": ["47.5508+math.sin(q.anim_time*90*3+115)*10", 2.15188, 1.50107]
				},
				"talon_left": {
					"rotation": [15, 0, 0]
				},
				"talon_left2": {
					"rotation": [32.5, 0, 0]
				},
				"talon_left3": {
					"rotation": [20, 0, 0]
				},
				"petal_middle3": {
					"rotation": ["math.sin(q.anim_time*90*3+105)*8", 0, 0]
				},
				"petal_tip5": {
					"rotation": ["math.sin(q.anim_time*90*3+105)*9", 0, 0]
				},
				"leg_left": {
					"rotation": ["37.4017+math.sin(q.anim_time*90*3+155)*7.5", 9.08664, "6.8906+math.sin(q.anim_time*90*3+130)*5"]
				},
				"shin_left": {
					"rotation": ["-10+math.sin(q.anim_time*90*3+190)*5", 0, -5]
				},
				"foot_left": {
					"rotation": ["47.5508+math.sin(q.anim_time*90*3+115)*10", 2.15188, 1.50107]
				},
				"leg_right": {
					"rotation": ["34.9017+math.sin(q.anim_time*90*3+150)*7.5", -9.08664, "-6.8906+math.sin(q.anim_time*90*3+130+180)*5"]
				},
				"shin_right": {
					"rotation": ["-10+math.sin(q.anim_time*90*3+190)*5", 0, -5]
				},
				"foot_right": {
					"rotation": ["47.5508+math.sin(q.anim_time*90*3+115)*10", 2.15188, 1.50107]
				},
				"wing_left1": {
					"rotation": ["math.sin(q.anim_time*90*3+0)*15", 0, "10+math.sin(q.anim_time*90*3+0+180)*45"]
				},
				"wing_left2": {
					"rotation": [9.97231, "-0.6395+math.sin(q.anim_time*90*3-50+190)*5", "-25.1139+math.sin(q.anim_time*90*3-50+180)*35"]
				},
				"wing_left3": {
					"rotation": [-9.9861, -0.10695, "-22.4732+math.sin(q.anim_time*90*3-80+180)*20"]
				},
				"body": {
					"position": [0, "0+math.sin(q.anim_time*90*3-55)*5", 0]
				},
				"leaf_end": {
					"rotation": ["-15+math.sin(q.anim_time*90*4-150)*20", 0, "math.sin(q.anim_time*90*0.5-120)*3"]
				},
				"neck": {
					"rotation": [17.5, 0, 0]
				}
			}
		},
		"animation.griffaera.battle_idle": {
			"loop": true,
			"bones": {
				"torso": {
					"rotation": ["17 + (math.cos((q.anim_time - 0.1) * 360 ) * 3) - 2", 0, 0],
					"position": [0, "0.8 - (math.cos((q.anim_time - 0) * 360 ) * 0.1)", -1.1687]
				},
				"tail": {
					"rotation": [-27.5, "0+math.sin(q.anim_time*220+80)*20", 0]
				},
				"tail1": {
					"rotation": [32.5, "0+math.sin(q.anim_time*220)*30-math.sin(q.anim_time*220)*10", 0]
				},
				"tail2": {
					"rotation": [22.5, "0+math.sin(q.anim_time*220)*30", 0]
				},
				"neck": {
					"rotation": ["28 + (math.sin((q.anim_time - 0.1) * 360 ) * 3) + 2", 0, 0],
					"position": [0, 0, -0.46875]
				},
				"head": {
					"rotation": ["-45.5 + (math.sin((q.anim_time - 0.6) * 360 * 1) * 5)", 0, 0],
					"position": [0, 0.75, -3.25]
				},
				"back_feather": {
					"rotation": ["(math.cos((q.anim_time - 0.2) * 360 ) * 5)", 0, 0]
				},
				"whisker_right": {
					"rotation": [0, "(math.cos((q.anim_time - 0.2) * 360 ) * 5)", 0]
				},
				"whisker_left": {
					"rotation": [0, "(math.cos((q.anim_time - 0.2) * 360 ) * -5)", 0]
				},
				"leaf": {
					"rotation": ["-12.5+(math.cos((q.anim_time - 0.1) * 370 * 1) * 10)", 0, 0]
				},
				"leaf_end": {
					"rotation": ["(math.cos((q.anim_time - 0.3) * 370 * 1) * 12)", 0, 0]
				},
				"wing_right": {
					"rotation": [-34.07726, -44.64489, "-9.0237 + (math.cos((q.anim_time - 0.3) * 360 ) * -6) -2"]
				},
				"wing_right2": {
					"rotation": [0, 0, 0]
				},
				"wing_left": {
					"rotation": [-39.171, 44.15751, "7.4881  + (math.cos((q.anim_time - 0.3) * 360 ) * 6) - 2"]
				},
				"wing_left2": {
					"rotation": [0, 0, 0]
				},
				"petal_middle": {
					"rotation": ["-12.5+(math.cos((q.anim_time - 0.2) * 370 * 1) * 10)", 0, 0]
				},
				"petal_tip": {
					"rotation": ["-12.5+(math.cos((q.anim_time - 0.2) * 370 * 1) * 10)", 0, 0]
				},
				"petal_middle6": {
					"rotation": ["-12.5+(math.cos((q.anim_time - 0.2) * 370 * 1) * 10)", 0, 0]
				},
				"petal_tip8": {
					"rotation": ["-12.5+(math.cos((q.anim_time - 0.2) * 370 * 1) * 8)", 0, 0]
				},
				"petal_middle2": {
					"rotation": ["15+(math.cos((q.anim_time - 0.3) * 370 * 1) * 10)", 0, 0]
				},
				"petal_tip3": {
					"rotation": ["-12.5+(math.cos((q.anim_time - 0.4) * 370 * 1) * 10)", 0, 0]
				},
				"petal_middle8": {
					"rotation": ["12.5+(math.cos((q.anim_time - 0.3) * 370 * 1) * 10)", 0, 0]
				},
				"petal_tip12": {
					"rotation": ["-12.5+(math.cos((q.anim_time - 0.4) * 370 * 1) * 10)", 0, 0]
				},
				"petal_middle7": {
					"rotation": ["-12.5+(math.cos((q.anim_time - 0.2) * 370 * 1) * 10)", 0, 0]
				},
				"petal_tip10": {
					"rotation": ["-12.5+(math.cos((q.anim_time - 0.3) * 370 * 1) * 9)", 0, 0]
				},
				"petal_middle3": {
					"rotation": ["-12.5+(math.cos((q.anim_time - 0.2) * 370 * 1) * 10)", 0, 0]
				},
				"petal_tip5": {
					"rotation": ["-12.5+(math.cos((q.anim_time - 0.3) * 370 * 1) * 8)", 0, 0]
				},
				"front_leg_right": {
					"rotation": ["10 - (math.sin((q.anim_time - 0.3) * 360 * 1) * 4) + 4", 0, 0],
					"position": [-0.1875, "-0.54 + (math.sin((q.anim_time - 0.3) * 360 * 1) * 0.11)", "0.3125 + (math.sin((q.anim_time - 0.3) * 360 * 1) * 0.106) - 0.106"]
				},
				"lower_leg_right": {
					"rotation": ["-17.5 + (math.sin((q.anim_time - 0.3) * 360 * 1) * 7) - 4", 0, 0]
				},
				"claw_right": {
					"rotation": ["5+(math.sin((q.anim_time - 0.3) * 360 * -1) * 3)", 0, 0]
				},
				"front_leg_left": {
					"rotation": ["-12.5 + (math.sin((q.anim_time - 0.8) * 360 * 1) * 5) - 1", 0, 0],
					"position": [0, "-1.27 - (math.sin((q.anim_time - 0.8) * 360 * 1) * 0.04) - 0.1", "-0.55 - (math.sin((q.anim_time - 0.8) * 360 * 1) * 0.12)"]
				},
				"lower_leg_left": {
					"rotation": ["-27.5 - (math.sin((q.anim_time - 0.8) * 360 * 1) * 8.6) + 6", 0, 0]
				},
				"claw_left": {
					"rotation": ["42.5 +(math.sin((q.anim_time - 0.8) * 360 * 1) * 3) - 7", 0, 0],
					"position": [0, 0, -0.15625]
				},
				"leg_left": {
					"rotation": ["-17.2548 - (math.sin((q.anim_time - 0.25) * 360 * 1) * 3) + 3", 10.30055, 0.29332],
					"position": [
						"-0.32 + (math.sin((q.anim_time - 0.25) * 360 * 1) * 0.03)",
						"-0.1875 + (math.sin((q.anim_time - 0.25) * 360 * 1) * 0.027)",
						"-1.1 + (math.sin((q.anim_time - 0.25) * 360 * 1) * 0.15)"
					]
				},
				"shin_left": {
					"rotation": ["-7.5 + (math.sin((q.anim_time - 0.25) * 360 * 1) * 4) - 3", 0, 0]
				},
				"foot_left": {
					"rotation": [25, 0, 0]
				},
				"leg_right": {
					"rotation": ["5.2377 - (math.sin((q.anim_time - 0.25) * 360 * 1) * 3) + 3", -12.3071, -2.20462],
					"position": [
						"0.0625 - (math.sin((q.anim_time - 0.25) * 360 * 1) * 0.03) + 0.03",
						"-0.28 + (math.sin((q.anim_time - 0.25) * 360 * 1) * 0.075)",
						"-0.0313+(math.sin((q.anim_time - 0.25) * 360 * 1) * 0.13)"
					]
				},
				"shin_right": {
					"rotation": ["17.5 + (math.sin((q.anim_time - 0.25) * 360 * 1) * 4) - 3", 0, 0]
				},
				"foot_right": {
					"rotation": [-20, 0, 0]
				},
				"wing_right3": {
					"rotation": [0, 0, "0 + (math.cos((q.anim_time - 0.4) * 360 ) * -7) -2"]
				},
				"wing_left3": {
					"rotation": [0, 0, "0 + (math.cos((q.anim_time - 0.4) * 360 ) * 7) -2"]
				}
			}
		},
		"animation.griffaera.battle_quirk": {
			"animation_length": 2.5,
			"bones": {
				"neck": {
					"rotation": {
						"0.0": [0, 0, 0],
						"0.25": [0, 37.5, 0],
						"2.0417": {
							"pre": [0, 37.5, 0],
							"post": [0, 37.5, 0],
							"lerp_mode": "catmullrom"
						},
						"2.5": {
							"post": [0, 0, 0],
							"lerp_mode": "catmullrom"
						}
					}
				},
				"head": {
					"rotation": {
						"0.0": {
							"post": [0, 0, 0],
							"lerp_mode": "catmullrom"
						},
						"0.3333": {
							"post": [0, 20, 0],
							"lerp_mode": "catmullrom"
						},
						"1.0": [0, 20, 0],
						"1.25": [-15, 20, 0],
						"2.25": {
							"pre": [-15, 20, 0],
							"post": [-15, 20, 0],
							"lerp_mode": "catmullrom"
						},
						"2.5": {
							"post": [0, 0, 0],
							"lerp_mode": "catmullrom"
						}
					}
				},
				"iris_right": {
					"position": {
						"0.0": [0, 0, 0],
						"0.1667": [-0.75, 0, 0],
						"2.0": [-0.75, 0, 0],
						"2.5": [0, 0, 0]
					}
				},
				"iris_left": {
					"position": {
						"0.0": [0, 0, 0],
						"0.1667": [-0.75, 0, 0],
						"2.0": [-0.75, 0, 0],
						"2.5": [0, 0, 0]
					}
				},
				"lower_beak": {
					"rotation": {
						"1.0": [0, 0, 0],
						"1.125": [32.5, 0, 0],
						"2.125": [32.5, 0, 0],
						"2.5": [0, 0, 0]
					}
				}
			}
		},
		"animation.griffaera.blink": {
			"animation_length": 0.125,
			"bones": {
				"eye_right": {
					"position": {
						"0.0": [-0.1, 0, 0.1],
						"0.0833": [-0.1, 0, 0.1],
						"0.125": [0, 0, 0]
					}
				},
				"eye_left": {
					"position": {
						"0.0": [0.1, 0, 0.1],
						"0.0833": [0.1, 0, 0.1],
						"0.125": [0, 0, 0]
					}
				}
			}
		},
		"animation.griffaera.ground_idle": {
			"loop": true,
			"bones": {
				"tail_petal": {
					"rotation": [-77, 0, 0]
				},
				"tail_petal2": {
					"rotation": [-82.5, 0, 0]
				},
				"tail_petal3": {
					"rotation": [-85, 0, 0]
				},
				"tail_petal4": {
					"rotation": [-90, 0, 0]
				},
				"tail_petal5": {
					"rotation": [-87.5, 0, 0]
				},
				"tail_petal6": {
					"rotation": [-91.5, 0, 0]
				},
				"torso": {
					"rotation": ["o+math.sin(q.anim_time*90*1.5-100)*3", "0+math.sin(q.anim_time*90*1-80)*1", 0]
				},
				"tail": {
					"rotation": ["-20+math.sin(q.anim_time*220*1)*10", 0, 0]
				},
				"tail1": {
					"rotation": ["0+math.sin(q.anim_time*220-30*2)*15", 0, 0]
				},
				"tail2": {
					"rotation": ["15+math.sin(q.anim_time*220-60*2)*20", 0, 0]
				},
				"neck": {
					"rotation": ["0+math.sin(q.anim_time*90*1.5-75)*1.5", "0+math.sin(q.anim_time*90*1-120)*1.5", 0]
				},
				"head": {
					"rotation": ["10+math.sin(q.anim_time*90*1.5-100)*2", "math.sin(q.anim_time*90*1-80)*0.5", 0]
				},
				"whisker_right": {
					"rotation": [0, "-12.5+(math.cos((q.anim_time - 0.4) * 90 * 1.5) * 8)", 0]
				},
				"whisker_left": {
					"rotation": [0, "12.5+(math.cos((q.anim_time - 0.4) * 90 * 1.5) * -8)", 0]
				},
				"leaf": {
					"rotation": ["-12.5+(math.cos((q.anim_time - 0.3) * 90 * 1.5) * 10)", 0, 0]
				},
				"leaf_end": {
					"rotation": ["-12.5+(math.cos((q.anim_time - 0.3) * 90 * 1.5) * 12)", 0, 0]
				},
				"wing_right": {
					"rotation": [0, -70, 0]
				},
				"wing_right1": {
					"rotation": [49.26288, 33.86334, 44.89351]
				},
				"wing_right2": {
					"rotation": [3.30215, 28.00008, 19.42045],
					"position": [0, 0, 0]
				},
				"wing_right3": {
					"rotation": [0, -77.5, 0]
				},
				"feathers_right": {
					"position": [2, 0, 0]
				},
				"wing_left": {
					"rotation": [0, 70, 0]
				},
				"wing_left1": {
					"rotation": [36.74986, -31.77272, -42.15268]
				},
				"wing_left2": {
					"rotation": [7.63074, -12.95254, -30.86748]
				},
				"wing_left3": {
					"rotation": [0, 67.5, 0]
				},
				"feathers_left": {
					"position": [-1, 0, 0]
				},
				"petal_middle": {
					"rotation": ["-12.5+(math.cos((q.anim_time - 0.3) * 90 * 1.5) * 10)", 0, 0]
				},
				"petal_tip": {
					"rotation": ["-12.5+(math.cos((q.anim_time - 0.3) * 90 * 1.5) * 13)", 0, 0]
				},
				"petal_middle6": {
					"rotation": ["-12.5+(math.cos((q.anim_time - 0.3) * 90 * 1.5) * 10)", 0, 0]
				},
				"petal_tip8": {
					"rotation": ["-12.5+(math.cos((q.anim_time - 0.3) * 90 * 1.5) * 12)", 0, 0]
				},
				"petal_middle2": {
					"rotation": ["-12.5+(math.cos((q.anim_time - 0.3) * 90 * 1.5) * 10)", 0, 0]
				},
				"petal_tip3": {
					"rotation": ["-12.5+(math.cos((q.anim_time - 0.3) * 90 * 1.5) * 12)", 0, 0]
				},
				"petal_middle8": {
					"rotation": ["-12.5+(math.cos((q.anim_time - 0.3) * 90 * 1.5) * 10)", 0, 0]
				},
				"petal_tip12": {
					"rotation": ["-12.5+(math.cos((q.anim_time - 0.3) * 90 * 1.5) * 12)", 0, 0]
				},
				"petal_middle7": {
					"rotation": ["-12.5+(math.cos((q.anim_time - 0.3) * 90 * 1.5) * 10)", 0, 0]
				},
				"petal_tip10": {
					"rotation": ["-12.5+(math.cos((q.anim_time - 0.3) * 90 * 1.5) * 12)", 0, 0]
				},
				"petal_middle3": {
					"rotation": ["-12.5+(math.cos((q.anim_time - 0.3) * 90 * 1.5) * 10)", 0, 0]
				},
				"petal_tip5": {
					"rotation": ["-12.5+(math.cos((q.anim_time - 0.3) * 90 * 1.5) * 12)", 0, 0]
				},
				"front_leg_right": {
					"rotation": ["2.9549+math.sin(q.anim_time*90*1.5-100)*1", -9.45227, -2.30786]
				},
				"lower_leg_right": {
					"rotation": ["0+math.sin(q.anim_time*90*1.5-100)*-1", 0, 0]
				},
				"claw_right": {
					"rotation": ["-0.9635+math.sin(q.anim_time*90*1.5-100+180)*2", 0.17458, 0.38461]
				},
				"front_leg_left": {
					"rotation": ["2.9549+math.sin(q.anim_time*90*1.5-100)*1", 9.45227, 2.30786]
				},
				"lower_leg_left": {
					"rotation": ["0+math.sin(q.anim_time*90*1.5-100)*-1", 0, 0]
				},
				"claw_left": {
					"rotation": ["-0.9635+math.sin(q.anim_time*90*1.5-100+180)*2", 0.17458, 0.38461]
				},
				"leg_left": {
					"rotation": ["2.9549+math.sin(q.anim_time*90*1.5-100)*1", 9.4523, -2.30786]
				},
				"leg_right": {
					"rotation": ["2.9549+math.sin(q.anim_time*90*1.5-100)*1", -9.45227, -2.30786]
				}
			}
		},
		"animation.griffaera.cry": {
			"animation_length": 2.1667,
			"bones": {
				"neck": {
					"rotation": {
						"0.0": {
							"post": [0, 0, 0],
							"lerp_mode": "catmullrom"
						},
						"0.2083": {
							"post": [10, 0, 0],
							"lerp_mode": "catmullrom"
						},
						"0.4583": {
							"post": [-15, 0, 0],
							"lerp_mode": "catmullrom"
						},
						"1.2083": {
							"post": [-15, 0, 0],
							"lerp_mode": "catmullrom"
						},
						"1.4583": {
							"post": [5, 0, 0],
							"lerp_mode": "catmullrom"
						},
						"1.7083": {
							"post": [0, 0, 0],
							"lerp_mode": "catmullrom"
						}
					}
				},
				"head": {
					"rotation": {
						"0.0": {
							"post": [0, 0, 0],
							"lerp_mode": "catmullrom"
						},
						"0.25": {
							"post": [22.5, 0, 0],
							"lerp_mode": "catmullrom"
						},
						"0.9167": {
							"post": [2.5, 0, 0],
							"lerp_mode": "catmullrom"
						},
						"1.7083": {
							"post": [0, 0, 0],
							"lerp_mode": "catmullrom"
						}
					}
				},
				"lower_beak": {
					"rotation": {
						"0.0": [0, 0, 0],
						"0.25": [35, 0, 0],
						"1.5": [35, 0, 0],
						"1.75": [0, 0, 0]
					}
				}
			},
			"sound_effects": {
				"0.0417": {
					"effect": "pokemon.griffaera.cry"
				}
			}
		},
		"animation.griffaera.sleep": {
			"loop": true,
			"bones": {
				"body": {
					"position": [0, -10.9, 0]
				},
				"torso": {
					"rotation": ["0+2*math.sin(q.anim_time*90*1-25)*0.5", 0, 0]
				},
				"lower_torso": {
					"rotation": [0, -12.5, 0]
				},
				"tail": {
					"rotation": ["math.sin(q.anim_time*90*1)*5", -20, 0]
				},
				"tail1": {
					"rotation": ["-0.2413+math.sin(q.anim_time*90*1-90)*5", -17.43127, 1.57409]
				},
				"tail2": {
					"rotation": ["math.sin(q.anim_time*90*1-180)*6", -22.5, 0]
				},
				"tail_petal": {
					"rotation": [-60, 0, 0]
				},
				"tail_petal2": {
					"rotation": [-57.5, 0, 0]
				},
				"tail_petal3": {
					"rotation": [-60, 0, 0]
				},
				"tail_petal4": {
					"rotation": [-82.5, 0, 0]
				},
				"tail_petal5": {
					"rotation": [-77.5, 0, 0]
				},
				"tail_petal6": {
					"rotation": [-75, 0, 0]
				},
				"neck": {
					"rotation": [28.32159, 13.27207, 7.05309]
				},
				"head": {
					"rotation": ["0+math.sin(q.anim_time*90*1-100)*5", 7.5, 0]
				},
				"whisker_right": {
					"rotation": [0, -15, 0]
				},
				"whisker_left": {
					"rotation": [0, 15, 0]
				},
				"eye_right": {
					"position": [-0.1, 0, 0.1]
				},
				"eye_left": {
					"position": [0.1, 0, 0.2]
				},
				"leaf": {
					"rotation": ["-10+math.sin(q.anim_time*90*1-130)*6", 0, 0]
				},
				"leaf_end": {
					"rotation": ["0+math.sin(q.anim_time*90*1-140)*7.5", 0, 0]
				},
				"lower_beak": {
					"rotation": ["17.5+math.sin(q.anim_time*90*1-100)*-12", 0, 0]
				},
				"wing_right1": {
					"rotation": [0, 0, 30]
				},
				"wing_right2": {
					"rotation": [0, 0, "5+2*math.sin(q.anim_time*90*1-25)*-0.5"]
				},
				"wing_right3": {
					"rotation": [0, 0, -30]
				},
				"wing_feathers_right4": {
					"rotation": [0, 0, -5]
				},
				"wing_left1": {
					"rotation": [0, 0, -25]
				},
				"wing_left2": {
					"rotation": [0, 0, "-7.5+2*math.sin(q.anim_time*90*1-25)*0.5"]
				},
				"wing_left3": {
					"rotation": [0, 0, 17]
				},
				"wing_feathers_left4": {
					"rotation": [0, 0, 12.5]
				},
				"petal": {
					"rotation": [22.5, 0, 0]
				},
				"petal_right2": {
					"rotation": [22.5, 0, 0]
				},
				"petal_left2": {
					"rotation": [20, 0, 0]
				},
				"petal_middle7": {
					"rotation": [22.5, 0, 0]
				},
				"petal_middle3": {
					"rotation": [20, 0, 0]
				},
				"front_leg_right": {
					"rotation": [-48.71433, 14.26008, 10.25103],
					"position": [0.3, 0, 0]
				},
				"lower_leg_right": {
					"rotation": [-27.47657, 24.86143, 17.70304],
					"position": [-0.4, 0, 0]
				},
				"claw_right": {
					"rotation": [82.5, 0, 32.5],
					"position": [0, 0.25, -1]
				},
				"front_leg_left": {
					"rotation": [-67.4807, 2.30959, 0.95723]
				},
				"lower_leg_left": {
					"rotation": [-12.5, 0, -40],
					"position": [0.5, 0, 0]
				},
				"claw_left": {
					"rotation": [92.5, 0, 0],
					"position": [0, 0, -1]
				},
				"leg_left": {
					"rotation": [59.65473, -14.76689, 2.66399],
					"position": [-1, 0, -1.75]
				},
				"shin_left": {
					"rotation": [32.5, 0, 0]
				},
				"foot_left": {
					"rotation": [30, 0, 0]
				},
				"leg_right": {
					"rotation": [64.19601, 5.47222, -11.08224],
					"position": [-1.5, 0, 0]
				},
				"shin_right": {
					"rotation": [20, 0, 0]
				},
				"foot_right": {
					"rotation": [52.5, 0, 0]
				}
			}
		},
		"animation.griffaera.faint": {
			"animation_length": 5,
			"bones": {
				"body": {
					"position": {
						"0.0": [0, 0, 0],
						"0.1667": [0, -3, 0],
						"1.5833": [0, -3, 0],
						"2.0417": [0, -2, 0]
					}
				},
				"torso": {
					"rotation": {
						"0.0": [17, 0, 0],
						"0.25": [19.5, 0, 0],
						"0.5": [24.88, 0, 0],
						"0.75": {
							"pre": [25.91297, 0, 0.16216],
							"post": [25.91297, 0, 0.16216],
							"lerp_mode": "catmullrom"
						},
						"1.0833": {
							"post": [22.85479, 0, 0.16513],
							"lerp_mode": "catmullrom"
						},
						"1.5": {
							"post": [33.89618, 0, 0.09333],
							"lerp_mode": "catmullrom"
						},
						"2.0": [-12.89, 0, 0.09],
						"2.3333": [-15, 0, "0+math.sin(query.anim_time * 3000) * 1"],
						"3.0": [-18, 0, "math.sin(query.anim_time * 3000) * 1"],
						"3.25": [2.5, 0, 0]
					},
					"position": {
						"0.0": [0, 0.8, -1.1687],
						"1.5": [0, -0.2, -1.1687],
						"1.9167": [0, 2.8, -1.17],
						"3.125": [0, 2.8, -1.17],
						"3.25": [0, -7.8, -1.17]
					}
				},
				"tail": {
					"rotation": {
						"0.0": [0, 0, 0],
						"0.625": [-37.41, 0, 0],
						"1.0": [-29.34, 0, 0],
						"3.5": [-27.5, 0, 0],
						"3.625": [-12.5, 0, 0],
						"3.75": [-20, 0, 0],
						"3.8333": [-40, 0, 0],
						"4.0833": [-32.5, 0, 0]
					}
				},
				"tail1": {
					"rotation": {
						"0.0": [0, 0, 0],
						"0.625": [14.54043, 2.61364, 0.5927],
						"3.5": [25.42638, 14.63639, 3.31914],
						"4.0": [15.42638, 14.63639, 3.31914]
					}
				},
				"tail2": {
					"rotation": {
						"0.0": [0, 0, 0],
						"0.625": [15.68666, 2.63694, 0.47571],
						"3.5": [17.84527, 14.76689, 2.66399],
						"4.0": [7.84527, 14.76689, 2.66399]
					}
				},
				"neck": {
					"rotation": {
						"0.0": [0, 0, 0],
						"0.25": [20, 0, 0],
						"2.25": [-5, 0, 0],
						"3.0": [-5, 0, 0],
						"3.1667": [20, 0, 0],
						"3.4167": [55, 0, 0],
						"4.0": [65, 0, 0]
					}
				},
				"head": {
					"rotation": {
						"0.0": [0, 0, 0],
						"0.3333": [15, 0, 0],
						"2.25": [-12.5, 0, 0],
						"2.9583": [-12.5, 0, 0],
						"3.1667": [2.5, 0, 0],
						"3.5": [10.62, 0, 0],
						"3.625": [1.82, 0, 0],
						"3.75": [8.08, 0, 0],
						"4.0": [-7.5, 0, 0]
					}
				},
				"eye_right": {
					"position": [-0.1, 0, 0.1]
				},
				"eye_left": {
					"position": [0.1, 0, 0.1]
				},
				"leaf": {
					"rotation": {
						"0.0": [0, 0, 0],
						"0.4167": [21.21, 0, 0],
						"0.875": [38.27, 0, 0],
						"1.1667": [26.74, 0, 0],
						"1.7917": [6.74, 0, 0],
						"2.0": [-6.21, 0, 0],
						"2.6667": [-10.91, 0, 0],
						"3.25": [-10.91, 0, 0],
						"3.625": [50, 0, 0],
						"3.75": [60, 0, 0],
						"3.8333": [40, 0, 0],
						"4.0": [77.5, 0, 0]
					}
				},
				"lower_beak": {
					"rotation": {
						"0.0": [0, 0, 0],
						"0.5417": [22.5, 0, 0],
						"0.875": [31.29, 0, 0],
						"1.75": [0, 0, 0],
						"2.25": [55, 0, 0],
						"2.9167": [55, 0, 0],
						"3.0": [0, 0, 0]
					}
				},
				"wing_right": {
					"rotation": [-34.07726, -44.64489, -9.0237]
				},
				"wing_right1": {
					"rotation": {
						"0.0": [0, 0, 0],
						"2.0": [-40, 0, 0],
						"3.0": [-40, 0, 0],
						"3.5": [19.7339, -11.0311, 28.07555],
						"3.625": [21.55613, -6.60796, 16.24074],
						"3.75": [19.25656, -11.86554, 30.48005],
						"3.9167": [20.17393, -10.17781, 25.68482],
						"4.0833": [19.7339, -11.0311, 28.07555]
					}
				},
				"wing_right2": {
					"rotation": {
						"0.0": [0, 0, 0],
						"1.0": [0, 0, 15],
						"3.0": [0, 0, -15]
					}
				},
				"wing_right3": {
					"rotation": {
						"0.0": [0, 0, 0],
						"1.0": [0, 0, 19.05],
						"3.0": [0, 0, -10.34],
						"3.625": [0, 0, -20],
						"3.7917": [0, 0, 20],
						"4.0": [0, 0, -10],
						"4.25": [0, 0, 0]
					}
				},
				"wing_left": {
					"rotation": [-34.07726, 44.6449, 9.0237]
				},
				"wing_left1": {
					"rotation": {
						"0.0": [0, 0, 0],
						"2.0": [-40, 0, 0],
						"3.0": [-40, 0, 0],
						"3.5": [32.5, 0, -32.5],
						"3.625": [32.27733, -4.02155, -26.16414],
						"3.75": [32.5, 0, -32.5],
						"3.9167": [32.27733, -4.02155, -26.16414],
						"4.0833": [32.47528, 1.34295, -34.60886]
					}
				},
				"wing_left2": {
					"rotation": {
						"0.0": [0, 0, 0],
						"1.0": [5.62783, 0.99937, -14.89922],
						"3.0": [17.00436, -2.20888, 7.54564],
						"3.5": [19.98247, 0.85481, -2.34941]
					}
				},
				"wing_left3": {
					"rotation": {
						"0.0": [0, 0, 0],
						"1.0": [0, 0, -16.55],
						"3.0": [0, 0, 10.34],
						"3.625": [0, 0, 20],
						"3.7917": [0, 0, -20],
						"4.0": [0, 0, 10],
						"4.25": [0, 0, 0]
					}
				},
				"petal_middle": {
					"rotation": {
						"0.0": [0, 0, 0],
						"3.0": {
							"pre": [-6.07, 0, 0],
							"post": [-6.07, 0, 0],
							"lerp_mode": "catmullrom"
						},
						"3.5": {
							"post": [-27.5, 0, 0],
							"lerp_mode": "catmullrom"
						},
						"3.7083": {
							"post": [0, 0, 0],
							"lerp_mode": "catmullrom"
						},
						"3.9167": {
							"post": [-27.5, 0, 0],
							"lerp_mode": "catmullrom"
						},
						"4.125": {
							"post": [-35, 0, 0],
							"lerp_mode": "catmullrom"
						}
					}
				},
				"petal_middle2": {
					"rotation": {
						"0.0": [0, 0, 0],
						"3.0": {
							"pre": [-6.07, 0, 0],
							"post": [-6.07, 0, 0],
							"lerp_mode": "catmullrom"
						},
						"3.5": {
							"post": [-27.5, 0, 0],
							"lerp_mode": "catmullrom"
						},
						"3.7083": {
							"post": [0, 0, 0],
							"lerp_mode": "catmullrom"
						},
						"3.9167": {
							"post": [-27.5, 0, 0],
							"lerp_mode": "catmullrom"
						},
						"4.125": {
							"post": [-35, 0, 0],
							"lerp_mode": "catmullrom"
						}
					}
				},
				"petal_middle8": {
					"rotation": {
						"0.0": [0, 0, 0],
						"3.0": {
							"pre": [-6.07, 0, 0],
							"post": [-6.07, 0, 0],
							"lerp_mode": "catmullrom"
						},
						"3.5": {
							"post": [-27.5, 0, 0],
							"lerp_mode": "catmullrom"
						},
						"3.7083": {
							"post": [0, 0, 0],
							"lerp_mode": "catmullrom"
						},
						"3.9167": {
							"post": [-27.5, 0, 0],
							"lerp_mode": "catmullrom"
						},
						"4.125": {
							"post": [-35, 0, 0],
							"lerp_mode": "catmullrom"
						}
					}
				},
				"petal_middle7": {
					"rotation": {
						"0.0": [0, 0, 0],
						"3.0": {
							"pre": [-6.07, 0, 0],
							"post": [-6.07, 0, 0],
							"lerp_mode": "catmullrom"
						},
						"3.5": {
							"post": [-27.5, 0, 0],
							"lerp_mode": "catmullrom"
						},
						"3.7083": {
							"post": [0, 0, 0],
							"lerp_mode": "catmullrom"
						},
						"3.9167": {
							"post": [-27.5, 0, 0],
							"lerp_mode": "catmullrom"
						},
						"4.125": {
							"post": [-35, 0, 0],
							"lerp_mode": "catmullrom"
						}
					}
				},
				"petal_tip11": {
					"rotation": {
						"0.0": [0, 0, 0],
						"3.5": [-2.5, 0, 0]
					}
				},
				"petal_middle3": {
					"rotation": {
						"0.0": [0, 0, 0],
						"3.0": {
							"pre": [-6.07, 0, 0],
							"post": [-6.07, 0, 0],
							"lerp_mode": "catmullrom"
						},
						"3.5": {
							"post": [-27.5, 0, 0],
							"lerp_mode": "catmullrom"
						},
						"3.7083": {
							"post": [0, 0, 0],
							"lerp_mode": "catmullrom"
						},
						"3.9167": {
							"post": [-27.5, 0, 0],
							"lerp_mode": "catmullrom"
						},
						"4.125": {
							"post": [-35, 0, 0],
							"lerp_mode": "catmullrom"
						}
					}
				},
				"front_leg_right": {
					"rotation": {
						"0.0": [0, 0, 0],
						"0.1667": [0, 0, -30],
						"1.6667": [0, 0, -30],
						"2.0": [0, 0, -20],
						"3.0": [0, 0, -20],
						"3.2917": [-82.49058, -42.68932, -2.50942],
						"3.4167": [-91.24058, -42.68932, -2.50942],
						"3.5417": [-76.65725, -42.68932, -2.50942],
						"3.7083": [-84.41366, -42.68932, -2.50942],
						"3.875": [-77.49058, -42.68932, -2.50942]
					},
					"position": {
						"0.0": [0, 0, 0],
						"1.6667": [0, 0, 0],
						"2.0": [0, 1, 0],
						"3.0": [0, 1, 0],
						"3.5": [0, -9, 0]
					}
				},
				"lower_leg_right": {
					"rotation": {
						"0.0": [0, 0, 0],
						"0.1667": [0, 0, 0]
					}
				},
				"claw_right": {
					"rotation": {
						"0.0": [0, 0, 0],
						"0.1667": [0, 0, 37.5],
						"1.6667": [0, 0, 37.5],
						"2.0": [0, 0, 20],
						"3.0": [0, 0, 20],
						"3.3333": [27.21402, 8.20499, 4.48926],
						"4.0": [80.59196, -3.40487, 0.28025]
					}
				},
				"front_leg_left": {
					"rotation": {
						"0.0": [0, 0, 0],
						"0.1667": [0, 0, 30],
						"1.6667": [0, 0, 30],
						"2.0": [0, 0, 20],
						"3.0": [0, 0, 20],
						"3.25": [-98.96136, 39.27057, -8.3748],
						"3.375": [-102.71136, 39.27057, -8.3748],
						"3.5": [-81.46136, 39.27057, -8.3748],
						"3.6667": [-89.73059, 39.27057, -8.3748],
						"3.875": [-83.96136, 39.27057, -8.3748]
					},
					"position": {
						"0.0": [0, 0, 0],
						"1.6667": [0, 0, 0],
						"2.0": [0, 1, 0],
						"3.0": [0, 1, 0],
						"3.5": [0, -10, 0]
					}
				},
				"lower_leg_left": {
					"rotation": {
						"0.0": [0, 0, 0],
						"0.1667": [0, 0, 0]
					}
				},
				"claw_left": {
					"rotation": {
						"0.0": [0, 0, 0],
						"0.1667": [0, 0, -27.5],
						"1.6667": [0, 0, -27.5],
						"2.0": [0, 0, -17.5],
						"3.0": [0, 0, -17.5],
						"3.3333": [39.42646, -14.73841, -0.30647],
						"4.0": [80.74751, 3.81024, 4.69157]
					}
				},
				"leg_left": {
					"rotation": {
						"0.0": [0, 0, 0],
						"0.4167": [22.5, 0, 0],
						"1.625": [22.5, 0, 0],
						"2.0": [0, 0, 0],
						"3.1667": [0, 0, 0],
						"3.4167": [79.65473, -14.76689, 2.66399],
						"3.5417": [94.65473, -14.76689, 2.66399],
						"3.6667": [74.65473, -14.76689, 2.66399],
						"3.7917": [79.65473, -14.76689, 2.66399],
						"4.0": [77.15473, -14.76689, 2.66399]
					},
					"position": {
						"0.0": [0, 0, 0],
						"3.1667": [0, 0, 0],
						"3.4167": [0, -7, 0]
					}
				},
				"shin_left": {
					"rotation": {
						"0.0": [0, 0, 0],
						"0.4167": [-17.5, 0, 0],
						"1.5": [-17.5, 0, 0],
						"2.0417": [0, 0, 0]
					},
					"position": {
						"0.0": [0, 0, 0],
						"0.4167": [0, 1, 0],
						"2.0417": [0, 1, 0],
						"3.0": [0, 1, 0],
						"3.25": [0, 0, 0]
					}
				},
				"leg_right": {
					"rotation": {
						"0.0": [0, 0, 0],
						"0.4167": [20, 0, 0],
						"1.625": [22.5, 0, 0],
						"2.0": [0, 0, 0],
						"3.1667": [0, 0, 0],
						"3.4167": [76.91381, 17.07228, -3.90399],
						"3.5417": [86.91381, 17.07228, -3.90399],
						"3.6667": [76.91381, 17.07228, -3.90399],
						"3.7917": [84.41381, 17.07228, -3.90399],
						"4.0": [74.41381, 17.07228, -3.90399]
					},
					"position": {
						"0.0": [0, 0, 0],
						"3.1667": [0, 0, 0],
						"3.4167": [0, -7, 0]
					}
				},
				"shin_right": {
					"rotation": {
						"0.0": [0, 0, 0],
						"0.4167": [-27.5, 0, 0],
						"1.4583": [-27.5, 0, 0],
						"2.0417": [0, 0, 0]
					},
					"position": {
						"0.0": [0, 0, 0],
						"0.4167": [0, 1, 0],
						"2.0417": [0, 1, 0],
						"3.0": [0, 1, 0],
						"3.25": [0, 0, 0]
					}
				}
			}
		},
		"animation.griffaera.ground_walk": {
			"loop": true,
			"animation_length": 4,
			"bones": {
				"body": {
					"rotation": [0, 0, "math.clamp(math.sin(q.anim_time*90*4-90)*1,-0.8,0.8)+math.sin(q.anim_time*90*4-180)*1"],
					"position": [0, "-1.5+math.clamp(math.sin(q.anim_time*90*4)*1.1,0.5,1)+math.clamp(math.sin(q.anim_time*90*4+180)*1.1,0.5,1)", 0]
				},
				"torso": {
					"rotation": ["12.5+math.sin(q.anim_time*90*8-90+180)*-3", "math.sin(q.anim_time*90*4-90)*1", "math.sin(q.anim_time*90*4-90)*0.5"]
				},
				"tail": {
					"rotation": ["-12 + (math.sin((q.anim_time - 1.06 + (math.sin((q.anim_time - 0.9) * 360 * 2) * 0.01)) * 360 * 2) * 5) + 8", 0, 0]
				},
				"tail1": {
					"rotation": [
						"10 + (math.sin((q.anim_time - 1.06 + (math.sin((q.anim_time - 0.9) * 360 * 2) * 0.01)) * 360 * 2) * 5) + 8",
						"-12 + (math.sin((q.anim_time - 1.06 + (math.sin((q.anim_time - 0.9) * 360 * 1) * 0.01)) * 360 * 1) * 5) + 8",
						0
					]
				},
				"tail2": {
					"rotation": [
						"25+(math.sin((q.anim_time - 1.11 + (math.sin((q.anim_time - 0.95) * 360 * 2) * 0.01)) * 360 * 2) * 5)",
						"-12 + (math.sin((q.anim_time - 1.06 + (math.sin((q.anim_time - 0.9) * 360 * 1) * 0.01)) * 360 * 1) * 8) + 8",
						0
					]
				},
				"tail_petal": {
					"rotation": [-90, 0, 0]
				},
				"tail_petal2": {
					"rotation": [-90, 0, 0]
				},
				"tail_petal3": {
					"rotation": [-90, 0, 0]
				},
				"tail_petal4": {
					"rotation": [-90, 0, 0]
				},
				"tail_petal5": {
					"rotation": [-90, 0, 0]
				},
				"tail_petal6": {
					"rotation": [-90, 0, 0]
				},
				"neck": {
					"rotation": ["-2+math.sin(q.anim_time*90*8-120+140)*4", "0+math.sin(q.anim_time*90*4-140)*0.25", 0]
				},
				"head": {
					"rotation": ["-2+math.sin(q.anim_time*90*8-120+960)*-2", 0, 0]
				},
				"leaf": {
					"rotation": ["-17.5+0.5*math.sin(q.anim_time*90*8+45)+8.5*math.clamp(math.sin(q.anim_time*90*8+90),-1,1)", 0, 0]
				},
				"leaf_end": {
					"rotation": ["-17.5+0.5*math.sin(q.anim_time*90*8+90)-8.5*math.clamp(math.sin(q.anim_time*90*8+90),-1,1)", 0, 0]
				},
				"wing_right": {
					"rotation": [0, -70, 0]
				},
				"wing_right1": {
					"rotation": [49.26288, 33.86334, 44.89351]
				},
				"wing_right2": {
					"rotation": [0, 0, "2.5+0.5*math.sin(q.anim_time*90*8+180)+8.5*math.clamp(math.sin(q.anim_time*90*8+90),-1,1)"]
				},
				"wing_right3": {
					"rotation": [2.5, -35, 0]
				},
				"wing_left": {
					"rotation": [0, 70, 0]
				},
				"wing_left1": {
					"rotation": [36.74986, -31.77272, -42.15268]
				},
				"wing_left2": {
					"rotation": [0, 0, "-2.5+0.5*math.sin(q.anim_time*90*8+180)-8.5*math.clamp(math.sin(q.anim_time*90*8+90),-1,1)"]
				},
				"wing_left3": {
					"rotation": [2.5, 35, 0]
				},
				"petal_middle": {
					"rotation": ["-17.5+0.5*math.sin(q.anim_time*90*8+45)+8.5*math.clamp(math.sin(q.anim_time*90*8+90),-1,1)", 0, 0]
				},
				"petal_middle6": {
					"rotation": ["-17.5+0.5*math.sin(q.anim_time*90*8+45)+8.5*math.clamp(math.sin(q.anim_time*90*8+90),-1,1)", 0, 0]
				},
				"petal_middle2": {
					"rotation": ["-17.5+0.5*math.sin(q.anim_time*90*8+45)+8.5*math.clamp(math.sin(q.anim_time*90*8+90),-1,1)", 0, 0]
				},
				"petal_middle8": {
					"rotation": ["-17.5+0.5*math.sin(q.anim_time*90*8+45)+8.5*math.clamp(math.sin(q.anim_time*90*8+90),-1,1)", 0, 0]
				},
				"petal_middle7": {
					"rotation": ["-17.5+0.5*math.sin(q.anim_time*90*8+45)+8.5*math.clamp(math.sin(q.anim_time*90*8+90),-1,1)", 0, 0]
				},
				"petal_middle3": {
					"rotation": ["-17.5+0.5*math.sin(q.anim_time*90*8+45)+8.5*math.clamp(math.sin(q.anim_time*90*8+90),-1,1)", 0, 0]
				},
				"front_leg_right": {
					"rotation": [
						"30-math.clamp(20*(math.sin(q.anim_time*90*4-90)*1+1),-0,60)",
						0,
						"-math.clamp(math.sin(q.anim_time*90*4-90)*1,-0.8,0.8)-math.sin(q.anim_time*90*4-180)*1"
					],
					"position": [
						0,
						"-0.5+0.8*(math.clamp(math.sin(q.anim_time*90*4-155)*1.6,1,1.6)-0.2)+0.5*(math.clamp(math.sin(q.anim_time*90*4-75)*1.8,1,1.8)-1)-0.2*(math.clamp(math.sin(q.anim_time*90*4)*1.4,1,1.4)+1)",
						0
					]
				},
				"lower_leg_right": {
					"rotation": [
						"math.clamp(math.sin(q.anim_time*90*4-180+10)*20,0,10)+math.clamp(math.sin(q.anim_time*90*4-180+10)*20,-50,50)-math.clamp(math.sin(q.anim_time*90*4+10)*70,50,60)+25",
						0,
						0
					]
				},
				"claw_right": {
					"rotation": [
						"-45+math.clamp(20*(math.sin(q.anim_time*90*4-90)*1+1),-0,60)-math.clamp(math.sin(q.anim_time*90*4-180+10)*20,0,10)-math.clamp(math.sin(q.anim_time*90*4-180+10)*20,-50,50)+math.clamp(math.sin(q.anim_time*90*4+10)*70,50,60)+math.clamp(math.sin(q.anim_time*90*4+40)*80,50,80)-60",
						0,
						0
					],
					"position": [0, "math.clamp(math.sin(q.anim_time*90*4-120)*1.1,0.9,1)-0.9+math.clamp(math.sin(q.anim_time*90*2-130)*1.3,0.9,1)-0.9", 0]
				},
				"front_leg_left": {
					"rotation": [
						"30-math.clamp(20*(math.sin(q.anim_time*90*4-90+180)*1+1),-0,60)",
						0,
						"math.clamp(math.sin(q.anim_time*90*4-90+180)*1,-0.8,0.8)+math.sin(q.anim_time*90*4-180+180)*1"
					],
					"position": [
						0,
						"-0.5+0.8*(math.clamp(math.sin(q.anim_time*90*4-155+180)*1.6,1,1.6)-0.2)+0.5*(math.clamp(math.sin(q.anim_time*90*4-75+180)*1.8,1,1.8)-1)-0.2*(math.clamp(math.sin(q.anim_time*90*4+180)*1.4,1,1.4)+1)",
						0
					]
				},
				"lower_leg_left": {
					"rotation": [
						"math.clamp(math.sin(q.anim_time*90*4-180+10+180)*20,0,10)+math.clamp(math.sin(q.anim_time*90*4-180+10+180)*20,-50,50)-math.clamp(math.sin(q.anim_time*90*4+10+180)*70,50,60)+25",
						0,
						0
					]
				},
				"claw_left": {
					"rotation": [
						"-45+math.clamp(20*(math.sin(q.anim_time*90*4-90+180)*1+1),-0,60)-math.clamp(math.sin(q.anim_time*90*4-180+10+180)*20,0,10)-math.clamp(math.sin(q.anim_time*90*4-180+10+180)*20,-50,50)+math.clamp(math.sin(q.anim_time*90*4+10+180)*70,50,60)+math.clamp(math.sin(q.anim_time*90*4+40+180)*80,50,80)-60",
						0,
						0
					],
					"position": [0, "math.clamp(math.sin(q.anim_time*90*4-120+180)*1.1,0.9,1)-0.9+math.clamp(math.sin(q.anim_time*90*2-130+180)*1.3,0.9,1)-0.9", 0]
				},
				"leg_left": {
					"rotation": [
						"-20+math.clamp(15*(math.sin(q.anim_time*90*4-90+180)*1+1),-0,60)",
						0,
						"math.clamp(math.sin(q.anim_time*90*4-90+180)*1,-0.8,0.8)+math.sin(q.anim_time*90*4-180+180)*1"
					],
					"position": [
						0,
						"-math.clamp(-math.sin(q.anim_time*90*4+90+180)*0.01,0,0.01)+math.clamp(-math.sin(q.anim_time*90*4+20+180)*1,0.4,1)-0.4+math.clamp(math.sin(q.anim_time*90*4-130+180)*1.5,0.4,0.6)-0.3",
						-0.1
					]
				},
				"shin_left": {
					"rotation": [
						"math.clamp(math.sin(q.anim_time*90*4+180)*10,0,10)+math.clamp(math.sin(q.anim_time*90*4-95+180)*25,0,45)-math.clamp(math.sin(q.anim_time*90*4+180+180)*10,0,45)",
						0,
						0
					],
					"position": [0, "math.clamp(math.sin(q.anim_time*90*4-130+180)*1.5,0.5,0.8)-0.5", 0]
				},
				"foot_left": {
					"rotation": [
						"-math.clamp(math.sin(q.anim_time*90*4+180)*10,0,10)-math.clamp(math.sin(q.anim_time*90*4-95+180)*25,0,45)+math.clamp(math.sin(q.anim_time*90*4+180+180)*15,0,45)-(-20+math.clamp(15*(math.sin(q.anim_time*90*4-90+180)*1+1),-0,60))+math.clamp(math.sin(q.anim_time*90*4-100+180)*100,60,100)-60",
						0,
						0
					],
					"position": [0, "math.clamp(math.sin(q.anim_time*90*4-110)*1,0.8,1)-0.8", 0]
				},
				"leg_right": {
					"rotation": [
						"-20+math.clamp(15*(math.sin(q.anim_time*90*4-90)*1+1),-0,60)",
						0,
						"-math.clamp(math.sin(q.anim_time*90*4-90)*1,-0.8,0.8)-math.sin(q.anim_time*90*4-180)*1"
					],
					"position": [
						0,
						"-math.clamp(-math.sin(q.anim_time*90*4+90)*0.01,0,0.01)+math.clamp(-math.sin(q.anim_time*90*4+20)*1,0.4,1)-0.4+math.clamp(math.sin(q.anim_time*90*4-130)*1.5,0.4,0.6)-0.3",
						-0.1
					]
				},
				"shin_right": {
					"rotation": [
						"math.clamp(math.sin(q.anim_time*90*4)*10,0,10)+math.clamp(math.sin(q.anim_time*90*4-95)*25,0,45)-math.clamp(math.sin(q.anim_time*90*4+180)*10,0,45)",
						0,
						0
					],
					"position": [0, "math.clamp(math.sin(q.anim_time*90*4-130)*1.5,0.5,0.8)-0.5", 0]
				},
				"foot_right": {
					"rotation": [
						"-math.clamp(math.sin(q.anim_time*90*4)*10,0,10)-math.clamp(math.sin(q.anim_time*90*4-95)*25,0,45)+math.clamp(math.sin(q.anim_time*90*4+180)*15,0,45)-(-20+math.clamp(15*(math.sin(q.anim_time*90*4-90)*1+1),-0,60))+math.clamp(math.sin(q.anim_time*90*4-100)*100,60,100)-60",
						0,
						0
					],
					"position": [0, "math.clamp(math.sin(q.anim_time*90*4-110+180)*1,0.8,1)-0.8", 0]
				}
			}
		}
	}
}