{
	"format_version": "1.8.0",
	"animations": {
		"animation.quantom.cry": {
			"animation_length": 1.5,
			"bones": {
				"head": {
					"rotation": {
						"0.0": [0, 0, 0],
						"0.125": {
							"pre": [9.08125, 0, 0],
							"post": [9.08125, 0, 0],
							"lerp_mode": "catmullrom"
						},
						"0.3333": {
							"post": [-0.8125, 0, 0],
							"lerp_mode": "catmullrom"
						},
						"0.5": {
							"post": [-11.1875, 0, 0],
							"lerp_mode": "catmullrom"
						},
						"0.875": {
							"post": [-8.245, 0, 0],
							"lerp_mode": "catmullrom"
						},
						"1.2083": {
							"post": [-1.29, 0, 0],
							"lerp_mode": "catmullrom"
						},
						"1.5": [0, 0, 0]
					}
				},
				"ear_right": {
					"rotation": {
						"0.0": [0, 0, 0],
						"0.1667": [11.4375, 0, 0],
						"0.3333": [13.53125, 0, 0],
						"0.4583": [-14.34375, 0, 0],
						"0.6667": [-11.345, 0, 0],
						"0.9167": [0, 0, 0]
					}
				},
				"ear_left": {
					"rotation": {
						"0.0": [0, 0, 0],
						"0.1667": [8.25, 0, 0],
						"0.375": [10.0625, 0, 0],
						"0.5": [-13.6875, 0, 0],
						"0.7083": [-11.345, 0, 0],
						"0.9583": [0, 0, 0]
					}
				},
				"torso": {
					"rotation": {
						"0.0": [0, 0, 0],
						"0.1667": {
							"pre": [5, 0, 0],
							"post": [5, 0, 0],
							"lerp_mode": "catmullrom"
						},
						"0.5": {
							"post": [-2.5, 0, 0],
							"lerp_mode": "catmullrom"
						},
						"0.5833": {
							"post": [-1.19, 0, 0],
							"lerp_mode": "catmullrom"
						},
						"0.75": [-1.85, 0, 0],
						"0.875": [-0.6725, 0, 0],
						"0.9583": [-1.04375, 0, 0],
						"1.125": [0, 0, 0]
					},
					"position": {
						"0.0": [0, 0, 0],
						"0.1667": {
							"pre": [0, -0.27, 0.21875],
							"post": [0, -0.27, 0.21875],
							"lerp_mode": "catmullrom"
						},
						"0.3333": {
							"post": [0, -0.40625, 0],
							"lerp_mode": "catmullrom"
						},
						"0.5": {
							"post": [0, 0.1, -0.2675],
							"lerp_mode": "catmullrom"
						},
						"0.7917": {
							"post": [0, 0.05875, -0.125],
							"lerp_mode": "catmullrom"
						},
						"1.3333": [0, 0, 0]
					}
				},
				"tail": {
					"rotation": {
						"0.0": [-12, 0, 0],
						"0.2083": [-25, 0, 0],
						"0.375": [3.5, 0, 0],
						"0.5": [8.5, 0, 0],
						"0.625": [6.5, 0, 0],
						"0.75": [8.5, 0, 0],
						"0.875": [6.5, 0, 0],
						"1.0": [8.5, 0, 0],
						"1.5": [-12, 0, 0]
					}
				},
				"tail1": {
					"rotation": {
						"0.0": [20, 0, 0],
						"0.2083": [42.5, 0, 0],
						"1.5": [20, 0, 0]
					}
				},
				"tail2": {
					"rotation": {
						"0.0": [15, 0, 0],
						"0.2083": [32.5, 0, 0],
						"1.5": [15, 0, 0]
					}
				},
				"mouth_open": {
					"position": {
						"0.125": [0, 0, 0],
						"0.1667": [0, 0, -0.1],
						"0.7917": [0, 0, -0.1],
						"0.8333": [0, 0, 0]
					}
				},
				"head_fur_left": {
					"rotation": {
						"0.0": [0, 0, 0],
						"0.2083": [-0.46942, 3.81744, -7.01564],
						"0.5417": [0, 10, 0],
						"0.625": [0, 6, 0],
						"0.7083": [0, 10, 0],
						"0.7917": [0, 6, 0],
						"0.875": [0, 10, 0],
						"0.9583": [0, 6, 0],
						"1.5": [0, 0, 0]
					}
				},
				"head_fur_right": {
					"rotation": {
						"0.0": [0, 0, 0],
						"0.2083": [-0.46942, -3.81744, 7.01564],
						"0.5417": [0, -10, 0],
						"0.625": [0, -6, 0],
						"0.7083": [0, -10, 0],
						"0.7917": [0, -6, 0],
						"0.875": [0, -10, 0],
						"0.9583": [0, -6, 0],
						"1.5": [0, 0, 0]
					}
				},
				"bell": {
					"rotation": {
						"0.0": [0, 0, 0],
						"0.5": [0, 0, 5],
						"0.5833": [0, 0, -5],
						"0.6667": [0, 0, 5],
						"0.75": [0, 0, -5],
						"1.0": [0, 0, 0]
					}
				},
				"whisker_right": {
					"rotation": {
						"0.0": [0, 0, 0],
						"0.2083": [-0.46942, -3.81744, 7.01564],
						"0.5417": [0, -10, 0],
						"0.625": [0, -8, 0],
						"0.7083": [0, -10, 0],
						"0.7917": [0, -8, 0],
						"0.875": [0, -10, 0],
						"0.9583": [0, -8, 0],
						"1.5": [0, 0, 0]
					}
				},
				"whiskers_left": {
					"rotation": {
						"0.0": [0, 0, 0],
						"0.2083": [-0.46942, 3.81744, -7.01564],
						"0.5417": [0, 10, 0],
						"0.625": [0, 8, 0],
						"0.7083": [0, 10, 0],
						"0.7917": [0, 8, 0],
						"0.875": [0, 10, 0],
						"0.9583": [0, 8, 0],
						"1.5": [0, 0, 0]
					}
				}
			},
			"sound_effects": {
				"0.25": {
					"effect": "pokemon.quantom.cry"
				}
			}
		},
		"animation.quantom.ground_idle": {
			"loop": true,
			"animation_length": 1.5,
			"bones": {
				"torso": {
					"position": [0, "(math.sin((q.anim_time - 0) * 360 * 1) * 0.1)", 0]
				},
				"head": {
					"rotation": ["0 + (math.cos((q.anim_time - 0.2) * 360 * 1) * 2) + 2", 0, "(math.cos((q.anim_time - 0.1) * 360 / 2) * 2)"]
				},
				"head_fur_right": {
					"rotation": [0, 0, "(math.cos((q.anim_time - 0.15) * 360 / 2) * 2) + 1"]
				},
				"head_fur_left": {
					"rotation": [0, 0, "(math.cos((q.anim_time - 0.3) * 360 / 2) * 2) - 1"]
				},
				"tail": {
					"rotation": [15, "0+math.sin(q.anim_time*180)*30", 0]
				},
				"tail1": {
					"rotation": [15, "0+math.sin(q.anim_time*180-30)*30-math.sin(q.anim_time*180)*30", 0]
				},
				"tail2": {
					"rotation": [0, "0+math.sin(q.anim_time*180-30)*30-math.sin(q.anim_time*180)*30", 0]
				},
				"whisp_head_end": {
					"rotation": [0, 0, "(math.cos((q.anim_time - 0.15) * 360 / 2) * 6) + 1"]
				},
				"tail_end": {
					"rotation": [1.86933, "-1.6183+math.sin(q.anim_time*180-30)*30-math.sin(q.anim_time*180)*30", 0.16306]
				}
			}
		},
		"animation.quantom.air_idle": {
			"loop": true,
			"bones": {
				"torso": {
					"position": [0, "(math.sin((q.anim_time - 0) * 90 * 2) * 0.1)", 0]
				},
				"head": {
					"rotation": ["0 + (math.cos((q.anim_time - 0.2) * 360 * 1) * 2) + 2", 0, "(math.cos((q.anim_time - 0.1) * 360 / 2) * 2)"]
				},
				"head_fur_right": {
					"rotation": [0, 0, "(math.cos((q.anim_time - 0.15) * 360 / 2) * 2) + 1"]
				},
				"head_fur_left": {
					"rotation": [0, 0, "(math.cos((q.anim_time - 0.3) * 360 / 2) * 2) - 1"]
				},
				"tail": {
					"rotation": [15, "0+math.sin(q.anim_time*180)*30", 0]
				},
				"tail1": {
					"rotation": [15, "0+math.sin(q.anim_time*180-30)*30-math.sin(q.anim_time*180)*30", 0]
				},
				"tail2": {
					"rotation": [0, "0+math.sin(q.anim_time*180-30)*30-math.sin(q.anim_time*180)*30", 0]
				},
				"whisp_head_end": {
					"rotation": [0, 0, "(math.cos((q.anim_time - 0.15) * 360 / 2) * 6) + 1"]
				},
				"tail_end": {
					"rotation": [1.86933, "-1.6183+math.sin(q.anim_time*180-30)*30-math.sin(q.anim_time*180)*30", 0.16306]
				},
				"body": {
					"position": [0, "2+math.sin(q.anim_time*50*3)*1", 0]
				},
				"leg_front_right": {
					"rotation": [9.98637, 0.64686, -2.41492],
					"position": [0, -0.25, 0]
				},
				"leg_front_right2": {
					"rotation": [-10, 0, 0]
				},
				"leg_front_right3": {
					"rotation": [10, 0, 0]
				},
				"leg_back_right": {
					"rotation": [-9.98107, -0.43523, -4.98107],
					"position": [0, "-0.25+(math.sin((q.anim_time - 0) * 90 * 2) * 0.1)", 0]
				},
				"leg_back_right2": {
					"rotation": [7.5, 0, 0]
				},
				"leg_back_right3": {
					"rotation": [7.5, 0, 0]
				},
				"leg_front_left_rot4": {
					"rotation": [9.99067, -0.43399, 2.46207],
					"position": [0, "-0.5+(math.sin((q.anim_time - 0) * 90 * 2) * 0.1)", 0]
				},
				"leg_front_left9": {
					"rotation": [-10, 0, 0],
					"position": [0, "(math.sin((q.anim_time - 0) * 90 * 2) * 0.1)", 0]
				},
				"leg_front_left3": {
					"rotation": [12.5, 0, 0]
				},
				"leg_back_left": {
					"rotation": [-17.48848, 0.54094, 2.44081],
					"position": [0, "-0.25+(math.sin((q.anim_time - 0) * 90 * 2) * 0.1)", 0]
				},
				"leg_back_left2": {
					"rotation": [7.5, 0, 0]
				},
				"leg_back_left3": {
					"rotation": [10, 0, 0]
				}
			}
		},
		"animation.quantom.air_fly": {
			"loop": true,
			"bones": {
				"torso": {
					"rotation": ["7.5-(math.sin((q.anim_time - 90) * 180 * 1) * 2)", 0, 0],
					"position": [0, "(math.sin((q.anim_time - 0) * 90 * 2) * 0.1)", 0]
				},
				"head": {
					"rotation": ["-1-(math.sin((q.anim_time - 0) * 180 * 1) * 4)", 0, 0]
				},
				"head_fur_right": {
					"rotation": [0, -15, "(math.cos((q.anim_time - 0.15) * 360 / 2) * 2) +NaN"]
				},
				"head_fur_left": {
					"rotation": [0, 12.5, "(math.cos((q.anim_time - 0.3) * 360 / 2) * 2) +NaN"]
				},
				"tail": {
					"rotation": [15, "0+math.sin(q.anim_time*180)*30", 0]
				},
				"tail1": {
					"rotation": [15, "0+math.sin(q.anim_time*180-30)*30-math.sin(q.anim_time*180)*30", 0]
				},
				"tail2": {
					"rotation": [0, "0+math.sin(q.anim_time*180-30)*30-math.sin(q.anim_time*180)*30", 0]
				},
				"whisp_head_end": {
					"rotation": [-30, 0, "(math.cos((q.anim_time - 0.15) * 360 / 2) * 6) +NaN"]
				},
				"tail_end": {
					"rotation": [1.86933, "-1.6183+math.sin(q.anim_time*180-30)*30-math.sin(q.anim_time*180)*30", 0.16306]
				},
				"body": {
					"position": [0, "2+math.sin(q.anim_time*50*6)*1", 0]
				},
				"leg_front_right": {
					"rotation": [39.98637, 0.64686, -2.41492],
					"position": [0, -0.25, 0]
				},
				"leg_front_right2": {
					"rotation": [-10, 0, 0]
				},
				"leg_front_right3": {
					"rotation": [10, 0, 0]
				},
				"leg_back_right": {
					"rotation": [35.01893, -0.43523, -4.98107],
					"position": [0, "-0.25+(math.sin((q.anim_time - 0) * 90 * 2) * 0.1)", 0]
				},
				"leg_back_right2": {
					"rotation": [7.5, 0, 0]
				},
				"leg_back_right3": {
					"rotation": [7.5, 0, 0]
				},
				"leg_front_left_rot4": {
					"rotation": [27.49067, -0.43399, 2.46207],
					"position": [0, "-0.5+(math.sin((q.anim_time - 0) * 90 * 2) * 0.1)", 0]
				},
				"leg_front_left9": {
					"rotation": [-10, 0, 0],
					"position": [0, "(math.sin((q.anim_time - 0) * 90 * 2) * 0.1)", 0]
				},
				"leg_front_left3": {
					"rotation": [12.5, 0, 0]
				},
				"leg_back_left": {
					"rotation": [10.01152, 0.54094, 2.44081],
					"position": [0, "-0.25+(math.sin((q.anim_time - 0) * 90 * 2) * 0.1)", 0]
				},
				"leg_back_left2": {
					"rotation": [7.5, 0, 0]
				},
				"leg_back_left3": {
					"rotation": [10, 0, 0]
				}
			}
		},
		"animation.quantom.blink": {
			"animation_length": 0.125,
			"bones": {
				"eye": {
					"position": {
						"0.0": [-0.2, 0, 0.3],
						"0.0833": [-0.2, 0, 0.3],
						"0.125": [0, 0, 0]
					}
				}
			}
		},
		"animation.quantom.quirk": {
			"animation_length": 1,
			"bones": {
				"bell": {
					"rotation": {
						"0.0": [0, 0, 0],
						"0.2083": [0, 0, -25],
						"0.2917": [0, 0, 20],
						"0.375": [0, 0, -25],
						"0.4583": [0, 0, 20],
						"0.5833": [0, 0, 5],
						"0.6667": [0, 0, -7.5],
						"0.7917": [0, 0, 2.5],
						"1.0": [0, 0, 0]
					}
				}
			}
		},
		"animation.quantom.ground_run": {
			"loop": true,
			"animation_length": 0.5,
			"bones": {
				"torso": {
					"rotation": ["(math.sin((q.anim_time - 0.96 + (math.sin((q.anim_time - 0.8) * 360 * 2) * 0.01)) * 360 * 2) * 10)", 0, 0],
					"position": [0, "-(math.sin((q.anim_time - 0.08) * 360 * 2) * 0.31) - 0.31", 0]
				},
				"bell": {
					"rotation": {
						"0.0": [0, 0, 0],
						"0.1667": [17, 0, 0],
						"0.2917": [1, 0, 0]
					}
				},
				"head": {
					"rotation": ["-1-(math.sin((q.anim_time - 0) * 360 * 2) * 7) +NaN", 0, 0]
				},
				"head_fur_right": {
					"rotation": ["-((math.sin((q.anim_time - 1.37 + (math.sin((q.anim_time - 0.22) * 360 * 2) * 0.02)) * 360 * 2) * 1.5))", 0, 0]
				},
				"head_fur_left": {
					"rotation": [0, "(math.sin((q.anim_time - 1.37 + (math.sin((q.anim_time - 0.22) * 360 * 2) * 0.02)) * 360 * 2) * 1.5)", 0]
				},
				"whiskers_left": {
					"rotation": [0, "(math.sin((q.anim_time - 1.4 + (math.sin((q.anim_time - 0.23) * 360 * 2) * 0.02)) * 360 * 2) * 1)", 0]
				},
				"whisker_right": {
					"rotation": [0, "-((math.sin((q.anim_time - 1.4 + (math.sin((q.anim_time - 0.23) * 360 * 2) * 0.02)) * 360 * 2) * 1))", 0]
				},
				"ear_right": {
					"rotation": ["-17.5-(math.sin((q.anim_time - 0) * 360 * 2) * 10)", 0, 0]
				},
				"ear_left": {
					"rotation": ["-17.5-(math.sin((q.anim_time - 0.03) * 360 * 2) * 10)", 0, 0]
				},
				"leg_front_right": {
					"rotation": {
						"0.0": [-7, 0, 0],
						"0.0833": {
							"pre": [25.89625, 0.96, -0.8],
							"post": [25.89625, 0.96, -0.8],
							"lerp_mode": "catmullrom"
						},
						"0.1667": {
							"post": [44.97313, 1.91486, -1.60757],
							"lerp_mode": "catmullrom"
						},
						"0.25": {
							"post": [33.55018, 6.413, -3.23135],
							"lerp_mode": "catmullrom"
						},
						"0.3333": {
							"post": [-19.06607, 4.01549, -0.04399],
							"lerp_mode": "catmullrom"
						},
						"0.4167": {
							"post": [-40.22607, 1.61798, 3.14337],
							"lerp_mode": "catmullrom"
						},
						"0.5": [-7, 0, 0]
					},
					"position": {
						"0.0": [0, -0.91875, 0.05],
						"0.1667": [0, -1.00125, 0],
						"0.2083": [-0.03, -0.59, -0.29],
						"0.25": [-0.0625, 0.03125, -0.09375],
						"0.3333": [-0.06, -0.13875, -0.03125],
						"0.4167": [-0.06, 0.62375, -0.1525],
						"0.5": [0, -0.91875, 0.15]
					}
				},
				"leg_front_right2": {
					"rotation": {
						"0.0": [-8.8, 0, 0],
						"0.0833": {
							"pre": [-14.025, 0, 0],
							"post": [-14.025, 0, 0],
							"lerp_mode": "catmullrom"
						},
						"0.1667": {
							"post": [-9.275, 0, 0],
							"lerp_mode": "catmullrom"
						},
						"0.25": {
							"post": [-3.55625, 0, 0],
							"lerp_mode": "catmullrom"
						},
						"0.3333": {
							"post": [-26.67062, -0.11178, 0.19416],
							"lerp_mode": "catmullrom"
						},
						"0.4583": {
							"post": [-15.99123, -0.22355, 0.38832],
							"lerp_mode": "catmullrom"
						},
						"0.5": [-8.8, 0, 0]
					}
				},
				"leg_front_right3": {
					"rotation": {
						"0.0": [15, 0, 0],
						"0.1667": [-27.5, 0, 0],
						"0.25": [27.5, 0, 0],
						"0.3333": [107.5, 0, 0],
						"0.4167": [77.5, 0, 0],
						"0.5": [15, 0, 0]
					},
					"position": {
						"0.0": [0, 0, 0],
						"0.1667": [0, 0, 0],
						"0.25": [0, 0, 0],
						"0.3333": [0, 0, -0.17125],
						"0.4167": [0, 0, -0.03125],
						"0.5": [0, 0, 0]
					}
				},
				"leg_front_left": {
					"rotation": {
						"0.0": [-52.09375, 0, 0],
						"0.1667": [14.98247, -0.85481, 2.34941],
						"0.25": [47.53333, -2.76983, 2.74144],
						"0.3333": [26.31, -1.31, -3.36],
						"0.4167": [-35.76072, 0.15783, -4.96895],
						"0.5": [-52.09375, 0, 0]
					},
					"position": {
						"0.0": [0, -0.88125, 0.5],
						"0.0833": [0, -0.98125, 0.75],
						"0.1667": [0, -0.255, 0.05625],
						"0.2083": [0, 0.06, -0.12],
						"0.25": [0, 0.54, -0.27125],
						"0.3333": [0, 1.2875, 0.1875],
						"0.4167": [0, 1.35875, 0.765],
						"0.5": [0, -0.88125, 0.5]
					}
				},
				"leg_front_left2": {
					"rotation": {
						"0.0": [-7.53125, 0, 0],
						"0.1667": [-7.5, 0, 0],
						"0.25": [-5, 0, 0],
						"0.2917": {
							"pre": [-31.45, 0, 0],
							"post": [-31.45, 0, 0],
							"lerp_mode": "catmullrom"
						},
						"0.375": {
							"post": [-27.8, 0, 0],
							"lerp_mode": "catmullrom"
						},
						"0.4167": {
							"post": [-12.62, 0, 0],
							"lerp_mode": "catmullrom"
						},
						"0.5": [-7.53125, 0, 0]
					}
				},
				"leg_front_left3": {
					"rotation": {
						"0.0": [47.71875, 0, 0],
						"0.1667": [-7.5, 0, 0],
						"0.25": [17.5, 0, 0],
						"0.3333": [36.25, 0, 0],
						"0.4167": [40, 0, 0],
						"0.5": [47.71875, 0, 0]
					},
					"position": {
						"0.0": [0, 0, 0],
						"0.4167": [0, 0, 0.25]
					}
				},
				"leg_back_right": {
					"rotation": {
						"0.0": [28.3861, -4.25605, -1.0625],
						"0.0417": [37.16625, -1.96, 0.64],
						"0.0833": [39.39375, 0.34375, 2.34375],
						"0.125": [35.23875, 2.01, 4.05],
						"0.1667": [11.35, 3.6675, 5.75125],
						"0.25": [-14.80539, 4.65573, 6.44465],
						"0.3333": [-22.74884, 4.97671, 5.96755],
						"0.375": [-12.5775, 4.36625, 4.97375],
						"0.4167": [2.8325, 2.46875, 3.295],
						"0.5": [28.3861, -4.25605, -1.0625]
					},
					"position": {
						"0.0": [0.15625, -0.68, 0.5],
						"0.0833": [-0.1875, -0.3125, 0],
						"0.1667": [-0.57625, -0.31, 0],
						"0.25": [-0.75, -0.31, 0],
						"0.3333": [-0.44, -0.685, 0],
						"0.375": [-0.0175, -0.68, -0.15625],
						"0.4583": [0.1, -0.555, 0.28],
						"0.5": [0.15625, -0.68, 0.5]
					}
				},
				"leg_back_right2": {
					"rotation": {
						"0.0": [13.125, 0, 0],
						"0.0417": [10.80125, 0, 0],
						"0.0833": [12.8125, 0, 0],
						"0.125": [3.595, 0, 0],
						"0.1667": [-37.37, 0, 0],
						"0.25": [-40, 0, 0],
						"0.3333": [5.375, 0, 0],
						"0.4167": [14.21875, 0, 0],
						"0.5": [13.125, 0, 0]
					}
				},
				"leg_back_right3": {
					"rotation": {
						"0.0": [-3.71875, 0, 0],
						"0.0833": [3.71875, 0, 0],
						"0.25": [32.5, 0, 0],
						"0.3333": [19.65625, 0, 0],
						"0.4167": [-6.3125, 0, 0],
						"0.5": [-3.71875, 0, 0]
					}
				},
				"leg_back_left": {
					"rotation": {
						"0.0": [36.9125, -0.34375, -2.34375],
						"0.0833": [11.35, -3.6675, -5.75125],
						"0.1667": [-14.80539, -4.65573, -6.44465],
						"0.25": [-25.94884, -4.97671, -5.65505],
						"0.2917": [-12.89, -3.42875, -0.88],
						"0.3333": [6.20125, 2.15625, 0.205],
						"0.4167": [32.61735, 4.25605, 1.0625],
						"0.5": [36.9125, -0.34375, -2.34375]
					},
					"position": {
						"0.0": [0.1875, -0.3125, 0],
						"0.0833": [0.57625, -0.31, 0],
						"0.1667": [0.75, -0.31, 0],
						"0.25": [0.44, -0.685, 0],
						"0.2917": [0.0175, -0.68, -0.09375],
						"0.3333": [-0.07, -1.18, 0.19],
						"0.4167": [-0.15625, -0.68, 0.5],
						"0.5": [0.1875, -0.3125, 0]
					}
				},
				"leg_back_left2": {
					"rotation": {
						"0.0": [2, 0, 0],
						"0.0833": [-35.49625, 0, 0],
						"0.1667": [-40, 0, 0],
						"0.25": [-12.5, 0, 0],
						"0.3333": [-1.34375, 0, 0],
						"0.4167": [0.84375, 0, 0],
						"0.5": [2, 0, 0]
					}
				},
				"leg_back_left3": {
					"rotation": {
						"0.0": [19.28125, 0, 0],
						"0.0833": [38.265, 0, 0],
						"0.1667": [32.5, 0, 0],
						"0.25": [32.5, 0, 0],
						"0.3333": [-0.625, 0, 0],
						"0.4167": [4.1875, 0, 0],
						"0.5": [19.28125, 0, 0]
					}
				},
				"tail": {
					"rotation": {
						"0.0": [-9, 0, 0],
						"0.25": [-11, 0, 0],
						"0.5": [-9, 0, 0]
					},
					"position": {
						"0.0": [0, 0.5, 0.1],
						"0.125": [0, 0.3, 0],
						"0.2083": [0, -0.3, 0],
						"0.25": [0, -0.7, 0],
						"0.2917": [0, -0.9, 0],
						"0.375": [0, -0.6, 0],
						"0.4583": [0, 0.2, 0],
						"0.5": [0, 0.5, 0.1]
					}
				},
				"tail1": {
					"rotation": {
						"0.0": [-13.5, 0, 0],
						"0.25": [26.5, 0, 0],
						"0.5": [-13.5, 0, 0]
					}
				},
				"tail2": {
					"rotation": {
						"0.0": {
							"post": [1, 0, 0],
							"lerp_mode": "catmullrom"
						},
						"0.25": {
							"post": [18, 0, 0],
							"lerp_mode": "catmullrom"
						},
						"0.5": {
							"post": [1, 0, 0],
							"lerp_mode": "catmullrom"
						}
					}
				}
			}
		},
		"animation.quantom.sleep": {
			"loop": true,
			"bones": {
				"quantom": {
					"position": [0, -0.7, 0]
				},
				"torso": {
					"rotation": ["5 + (math.sin((q.anim_time - 0.2 + (math.sin((q.anim_time - 0.2) * 360 / 4) * 0.1)) * 360 / 4) * 1) - 1", 0, 0],
					"position": [0, "-2.2 - (math.sin((q.anim_time - 0 + (math.sin((q.anim_time - 0) * 360 / 4) * 0.1)) * 360 / 4) * 0.05)", 0]
				},
				"bell": {
					"rotation": [25, 0, 0],
					"position": [0, -1, 0]
				},
				"head": {
					"rotation": ["35.5524 + (math.sin((q.anim_time - 0.5 + (math.sin((q.anim_time - 0.5) * 360 / 4) * 0.1)) * 360 / 4) * 1) - 1", 22.26162, 1.62278],
					"position": [0, -0.46875, 0.09375]
				},
				"head_fur_right": {
					"rotation": [-11.55171, "34.7947 + (math.sin((q.anim_time - 0.8 + (math.sin((q.anim_time - 0.8) * 360 / 4) * 0.1)) * 360 / 4) * 3)", -18.91128],
					"position": [0, 0.21875, 0]
				},
				"head_fur_left": {
					"rotation": [-11.55171, "-34.7947 - (math.sin((q.anim_time - 0.7 + (math.sin((q.anim_time - 0.7) * 360 / 4) * 0.1)) * 360 / 4) * 3)", 18.91128],
					"position": [0, 0.21875, 0]
				},
				"whiskers_left": {
					"rotation": [14.18264, "-33.8125 - (math.sin((q.anim_time - 0.7 + (math.sin((q.anim_time - 0.7) * 360 / 4) * 0.1)) * 360 / 4) * 3)", -28.35541],
					"position": [0, 0.21875, 0]
				},
				"whisker_right": {
					"rotation": [14.07775, "33.8517 + (math.sin((q.anim_time - 0.8 + (math.sin((q.anim_time - 0.8) * 360 / 4) * 0.1)) * 360 / 4) * 3)", 28.30148],
					"position": [0, 0.21875, 0]
				},
				"ear_right": {
					"rotation": ["24.6041 + (math.sin((q.anim_time - 0.7 + (math.sin((q.anim_time - 0.7) * 360 / 4) * 0.1)) * 360 / 4) * 3)", -9.10615, -4.15582]
				},
				"ear_left": {
					"rotation": ["20 + (math.sin((q.anim_time - 0.8 + (math.sin((q.anim_time - 0.8) * 360 / 4) * 0.1)) * 360 / 4) * 3)", 0, 0]
				},
				"leg_front_right": {
					"rotation": [0, 0, 0],
					"position": [0, -1.5, 0.75]
				},
				"leg_front_right2": {
					"rotation": [-32.5, 0, 0],
					"position": [0, 1, 0]
				},
				"leg_front_right3": {
					"rotation": [32.5, 0, 0],
					"position": [0, -1, 0]
				},
				"leg_back_right": {
					"rotation": [-22.5, 0, 0],
					"position": [0, -1.75, 0.5]
				},
				"leg_back_right2": {
					"rotation": [-22.5, 0, 0],
					"position": [0, 0.8, 0]
				},
				"leg_back_right3": {
					"rotation": [42.5, 0, 0],
					"position": [0, -0.3, 0]
				},
				"tail": {
					"rotation": [-38.99798, -39.61542, 15.93443],
					"position": [0, -1.75, 0]
				},
				"tail1": {
					"rotation": [0, -42.5, 0]
				},
				"tail2": {
					"rotation": [-11.55171, "-34.7947 - (math.sin((q.anim_time - 0.7 + (math.sin((q.anim_time - 0.7) * 360 / 4) * 0.1)) * 360 / 4) * 3)", 18.91128]
				},
				"body": {
					"position": [0, 0, 0]
				},
				"whisp_head_end": {
					"rotation": [-29.40842, -6.21271, -10.86815]
				},
				"leg_front_left9": {
					"rotation": [-12.5, 0, 0]
				},
				"leg_front_left3": {
					"rotation": [5, 0, 0]
				},
				"leg_back_left2": {
					"rotation": [-22.5, 0, 0]
				},
				"leg_back_left3": {
					"rotation": [15, 0, 0]
				},
				"eye": {
					"position": [-0.3, 0, 0.1]
				}
			}
		}
	}
}