{
	"format_version": "1.8.0",
	"animations": {
		"animation.cherrim_jetian.ground_idle": {
			"loop": true,
			"bones": {
				"main_stem": {
					"rotation": ["-45+math.sin(q.anim_time*90*2-25)*2", 22.5, "0+math.sin(q.anim_time*90*1-25)*3"]
				},
				"main_stem2": {
					"rotation": [14.87739, -1.93597, 7.24721]
				},
				"second_stem": {
					"rotation": ["-22.5+math.sin(q.anim_time*90*2-50)*2", 0, "0+math.sin(q.anim_time*90*2-50)*3"]
				},
				"second_stem2": {
					"rotation": [14.78217, 2.57594, -9.6658]
				},
				"lil_cherry": {
					"rotation": ["15+math.sin(q.anim_time*90*1-75)*3", "70+math.sin(q.anim_time*90*0.5-75)*1.5", "0+math.sin(q.anim_time*90*2-75)*2"]
				},
				"main_leaf": {
					"rotation": ["18.9272+math.sin(q.anim_time*90*2-50)*3", 2.97886, 15.69176]
				},
				"main_leaf2": {
					"rotation": ["35+math.sin(q.anim_time*90*2-75)*2", 0, 0]
				},
				"second_leaf": {
					"rotation": ["-6.4271+math.sin(q.anim_time*90*2-62.5)*4", 5.04349, -13.66203]
				},
				"second_leaf2": {
					"rotation": ["-45+math.sin(q.anim_time*90*2-87.5)*2.5", 0, 0]
				},
				"body": {
					"rotation": ["0+math.sin(q.anim_time*90*4+0)*1.5", 0, "0+math.sin(q.anim_time*90*2+0)*2"]
				},
				"left_arm": {
					"rotation": ["0+math.sin(q.anim_time*90*2-10+180)*3", 0, "22.5+math.sin(q.anim_time*90*4-20+180)*5"]
				},
				"right_arm": {
					"rotation": ["0+math.sin(q.anim_time*90*2-10)*3", 0, "-22.5+math.sin(q.anim_time*90*4-20)*5"]
				},
				"dress_front": {
					"rotation": ["0+math.sin(q.anim_time*90*4-30)*3", 0, 0]
				},
				"dress_left": {
					"rotation": [0, 0, "0+math.sin(q.anim_time*90*2-40)*3.5"]
				},
				"dress_right": {
					"rotation": [0, 0, "0+math.sin(q.anim_time*90*2-40)*3.5"]
				},
				"dress_back": {
					"rotation": ["0+math.sin(q.anim_time*90*4-30)*3", 0, 0]
				},
				"head": {
					"rotation": ["0+math.sin(q.anim_time*90*1-45+180)*3", 0, "0+math.sin(q.anim_time*90*2-90)*4"]
				},
				"closed": {
					"position": [0, 0, 0]
				},
				"forehead_petal": {
					"rotation": ["2.5+math.sin(q.anim_time*90*4-40)*1", 0, "math.sin(q.anim_time*90*2-25)*2"],
					"position": [0, 0, -0.025]
				},
				"forehead_petal_tip": {
					"rotation": ["-10+math.sin(q.anim_time*90*4-60)*3", 0, "0+math.sin(q.anim_time*90*2-50)*1"]
				},
				"head_flower": {
					"rotation": ["0+math.sin(q.anim_time*90*4-40)*1.5", 0, "math.sin(q.anim_time*90*2-25)*1"]
				},
				"top_left_petal": {
					"rotation": ["2.5+math.sin(q.anim_time*90*4-60)*1", 0, "math.sin(q.anim_time*90*2-50)*2"]
				},
				"top_left_petal_tip": {
					"rotation": ["-7.5+math.sin(q.anim_time*90*4-80)*3", 0, "0+math.sin(q.anim_time*90*2-75)*1"]
				},
				"top_right_petal": {
					"rotation": ["2.5+math.sin(q.anim_time*90*4-60)*1", 0, "-(math.sin(q.anim_time*90*2-50+180)*2)"]
				},
				"top_right_petal_tip": {
					"rotation": ["-7.5+math.sin(q.anim_time*90*4-80)*3", 0, "0+math.sin(q.anim_time*90*2-75+180)*1"]
				},
				"bottom_left_petal": {
					"rotation": ["2.5+math.sin(q.anim_time*90*4-50)*1", 0, "math.sin(q.anim_time*90*2-40)*2"]
				},
				"bottom_left_petal_tip": {
					"rotation": ["-7.5+math.sin(q.anim_time*90*4-70)*3", 0, "0+math.sin(q.anim_time*90*2-65)*1"]
				},
				"bottom_right_petal": {
					"rotation": ["2.5+math.sin(q.anim_time*90*4-50)*1", 0, "-(math.sin(q.anim_time*90*2-40+180)*2)"]
				},
				"bottom_right_petal_tip": {
					"rotation": ["-7.5+math.sin(q.anim_time*90*4-70)*3", 0, "0+math.sin(q.anim_time*90*2-65+180)*1"]
				},
				"left_cherry": {
					"rotation": [0, 0, "0+math.sin(q.anim_time*90*2-20)*2.5"]
				},
				"right_cherry": {
					"rotation": [0, 0, "0+math.sin(q.anim_time*90*2-20)*2.5"]
				},
				"left_leg": {
					"rotation": [0, 0, 0]
				}
			}
		},
		"animation.cherrim_jetian.ground_walk": {
			"loop": true,
			"bones": {
				"main_stem": {
					"rotation": ["-45+math.sin(q.anim_time*90*8-5)*1", "22.5+math.sin(q.anim_time*90*4-5)*2", "0+math.sin(q.anim_time*90*4-5)*2.5"]
				},
				"main_stem2": {
					"rotation": [14.87739, -1.93597, "7.2472+math.sin(q.anim_time*90*4-30)*3.5"]
				},
				"second_stem": {
					"rotation": ["-22.5+math.sin(q.anim_time*90*8-50)*1", 0, "0+math.sin(q.anim_time*90*4-50)*3"]
				},
				"second_stem2": {
					"rotation": [14.78217, "2.5759+math.sin(q.anim_time*90*4-75)*1.5", "-9.6658+math.sin(q.anim_time*90*4-75)*2"]
				},
				"lil_cherry": {
					"rotation": ["15+math.sin(q.anim_time*90*4-100)*1.5", "70+math.sin(q.anim_time*90*4-100)*1", "0 +math.sin(q.anim_time*90*8-100)*2"]
				},
				"main_leaf": {
					"rotation": ["18.9272+math.sin(q.anim_time*90*8-50)*1", "2.9789+math.sin(q.anim_time*90*4-50)*3.5", 15.69176]
				},
				"main_leaf2": {
					"rotation": ["35+math.sin(q.anim_time*90*8-75)*1.5", "0+math.sin(q.anim_time*90*4-75)*1", 0]
				},
				"second_leaf": {
					"rotation": ["-6.4271+math.sin(q.anim_time*90*8-60)*1", "5.0435+math.sin(q.anim_time*90*4-60)*3.5", -13.66203]
				},
				"second_leaf2": {
					"rotation": ["-45+math.sin(q.anim_time*90*8-85)*1.5", "0+math.sin(q.anim_time*90*4-85)*1", 0]
				},
				"body": {
					"rotation": [0, "0+math.sin(q.anim_time*90*4-75+180)*2", "0+math.sin(q.anim_time*90*4+15)*3.5"],
					"position": [0, "0+math.sin(q.anim_time*90*8+10)*0.15", 0]
				},
				"left_arm": {
					"rotation": [0, "0+math.sin(q.anim_time*90*4-10)*10", "27.5+math.sin(q.anim_time*90*8-10)*3"]
				},
				"right_arm": {
					"rotation": [0, "0+math.sin(q.anim_time*90*4-10)*10", "-27.5+math.sin(q.anim_time*90*8-10+180)*3"]
				},
				"dress": {
					"position": [0, "-0.05+math.sin(q.anim_time*90*8-50)*0.05", 0]
				},
				"dress_front": {
					"rotation": ["0+math.sin(q.anim_time*90*8-10)*4", 0, "0+math.sin(q.anim_time*90*4-10)*2"]
				},
				"dress_left": {
					"rotation": ["0+math.sin(q.anim_time*90*4-10)*2", 0, "0+math.sin(q.anim_time*90*8-10)*4"]
				},
				"dress_right": {
					"rotation": ["0+math.sin(q.anim_time*90*4-10)*2", 0, "0+math.sin(q.anim_time*90*8-10)*4"]
				},
				"dress_back": {
					"rotation": ["0+math.sin(q.anim_time*90*8-10+180)*4", 0, "0+math.sin(q.anim_time*90*4-10)*2"]
				},
				"head": {
					"rotation": ["0+math.sin(q.anim_time*90*8-10)*1.5", "0+math.sin(q.anim_time*90*4-100)*3", "0+math.sin(q.anim_time*90*4+0)*1.5"]
				},
				"closed": {
					"position": [0, 0, 0]
				},
				"forehead_petal": {
					"rotation": ["3.5+math.sin(q.anim_time*90*8-30)*1", 0, "0+math.sin(q.anim_time*90*4-25)*3"],
					"position": [0, 0, -0.025]
				},
				"forehead_petal_tip": {
					"rotation": ["-10+math.sin(q.anim_time*90*8-60)*3", 0, "0+math.sin(q.anim_time*90*4-50)*1.5"]
				},
				"head_flower": {
					"rotation": ["0+math.sin(q.anim_time*90*8-40)*1.5", 0, "math.sin(q.anim_time*90*4-25)*2"]
				},
				"top_left_petal": {
					"rotation": ["2.5+math.sin(q.anim_time*90*8-60)*1", 0, "math.sin(q.anim_time*90*4-50)*3"]
				},
				"top_left_petal_tip": {
					"rotation": ["-7.5+math.sin(q.anim_time*90*8-80)*3", 0, "0+math.sin(q.anim_time*90*4-75)*1"]
				},
				"top_right_petal": {
					"rotation": ["2.5+math.sin(q.anim_time*90*8-60)*1", 0, "-(math.sin(q.anim_time*90*4-50+180)*3)"]
				},
				"top_right_petal_tip": {
					"rotation": ["-7.5+math.sin(q.anim_time*90*8-80)*3", 0, "0+math.sin(q.anim_time*90*4-75+180)*1"]
				},
				"bottom_left_petal": {
					"rotation": ["2.5+math.sin(q.anim_time*90*8-50)*1", 0, "math.sin(q.anim_time*90*4-40)*3"]
				},
				"bottom_left_petal_tip": {
					"rotation": ["-7.5+math.sin(q.anim_time*90*8-70)*3", 0, "0+math.sin(q.anim_time*90*4-65)*1"]
				},
				"bottom_right_petal": {
					"rotation": ["2.5+math.sin(q.anim_time*90*8-50)*1", 0, "-(math.sin(q.anim_time*90*4-40+180)*3)"]
				},
				"bottom_right_petal_tip": {
					"rotation": ["-7.5+math.sin(q.anim_time*90*8-70)*3", 0, "0+math.sin(q.anim_time*90*4-65+180)*1"]
				},
				"left_cherry": {
					"rotation": ["0+math.sin(q.anim_time*90*8-30)*1", 0, "0+math.sin(q.anim_time*90*4-20)*2.5"]
				},
				"right_cherry": {
					"rotation": ["0+math.sin(q.anim_time*90*8-30)*1", 0, "0+math.sin(q.anim_time*90*4-20)*2.5"]
				},
				"left_leg": {
					"rotation": [
						"math.clamp(math.sin(query.anim_time*90*4*1+0)*22.5,-22,0)+math.clamp(math.sin(query.anim_time*90*4*1+0)*22.5,0,22)",
						0,
						"math.clamp(math.sin(query.anim_time*90*4*1+10)*7.5,-7,0)"
					],
					"position": [-0.1, "math.clamp(math.sin(query.anim_time*90*4*1+200)*0.4,-0.05,0.3)", "0+math.sin(q.anim_time*90*4-75)*0.5"]
				},
				"right_leg": {
					"rotation": [
						"math.clamp(math.sin(query.anim_time*90*4*1+180)*22.5,-22,0)+math.clamp(math.sin(query.anim_time*90*4*1+180)*22.5,0,22)",
						0,
						"math.clamp(math.sin(query.anim_time*90*4*-1+10+180)*7.5,-0,7)"
					],
					"position": [0.1, "math.clamp(math.sin(query.anim_time*90*4*1+200+180)*0.4,-0.05,0.3)", "0+math.sin(q.anim_time*90*4-75+180)*0.5"]
				}
			}
		},
		"animation.cherrim_jetian.sleep": {
			"loop": true,
			"bones": {
				"main_stem": {
					"rotation": ["-44.236+math.sin(q.anim_time*90*1-25)*0.5", 24.2692, 1.92454]
				},
				"main_stem2": {
					"rotation": ["14.8774+math.sin(q.anim_time*90*1-35)*1", -1.93597, 7.24721]
				},
				"second_stem": {
					"rotation": ["-20.0794+math.sin(q.anim_time*90*1-50)*0.5", 4.59249, -1.97925]
				},
				"second_stem2": {
					"rotation": ["14.7822+math.sin(q.anim_time*90*1-60)*1", 2.57594, -9.6658]
				},
				"lil_cherry": {
					"rotation": [-22.99707, "69.2404+math.sin(q.anim_time*90*0.5-80)*3", "-38.4348+math.sin(q.anim_time*90*1-80)*2"]
				},
				"main_leaf": {
					"rotation": ["36.2962+math.sin(q.anim_time*90*1-50)*2", 4.46122, 13.67434]
				},
				"main_leaf2": {
					"rotation": ["35+math.sin(q.anim_time*90*1-75)*3", 0, 0]
				},
				"second_leaf": {
					"rotation": ["-28.7105+math.sin(q.anim_time*90*1-60)*2", 6.24874, -11.46102]
				},
				"second_leaf2": {
					"rotation": ["-45+math.sin(q.anim_time*90*1-85)*3", 0, 0]
				},
				"cherubi": {
					"position": [0, -1, 0]
				},
				"cherrim": {
					"position": [0, -1, 0]
				},
				"body": {
					"rotation": ["-2.5+math.sin(q.anim_time*90*1+0)*1.25", 0, "0+math.sin(q.anim_time*90*0.5+90)*0.5"],
					"position": [0, 0, 0]
				},
				"left_arm": {
					"rotation": [0, "17.5+math.sin(q.anim_time*90*1-20)*3", 52.5]
				},
				"right_arm": {
					"rotation": [0, "-17.5+math.sin(q.anim_time*90*1-20)*3", -52.5]
				},
				"head": {
					"rotation": ["17.5+math.sin(q.anim_time*90*1-20)*2", 0, "0+math.sin(q.anim_time*90*0.5+60)*0.5"],
					"position": [0, -0.25, 0]
				},
				"closed": {
					"position": [0, 0, -0.1]
				},
				"open_mouth": {
					"position": [0, 0, 0]
				},
				"forehead_petal": {
					"rotation": ["2.5+math.sin(q.anim_time*90*1-40)*1", 0, 0],
					"position": [0, 0, -0.025]
				},
				"forehead_petal_tip": {
					"rotation": ["-10+math.sin(q.anim_time*90*1-60)*2", 0, 0]
				},
				"top_left_petal": {
					"rotation": ["2.5+math.sin(q.anim_time*90*1-60)*1", 0, "math.sin(q.anim_time*90*0.5-50)*2"]
				},
				"top_left_petal_tip": {
					"rotation": ["-7.5+math.sin(q.anim_time*90*1-80)*3", 0, "0+math.sin(q.anim_time*90*0.5-75)*1"]
				},
				"top_right_petal": {
					"rotation": ["2.5+math.sin(q.anim_time*90*1-60)*1", 0, "-(math.sin(q.anim_time*90*0.5-50+180)*2)"]
				},
				"top_right_petal_tip": {
					"rotation": ["-7.5+math.sin(q.anim_time*90*1-80)*3", 0, "0+math.sin(q.anim_time*90*0.5-75+180)*1"]
				},
				"bottom_left_petal": {
					"rotation": ["2.5+math.sin(q.anim_time*90*1-60)*1", 0, "math.sin(q.anim_time*90*0.5-50)*2"]
				},
				"bottom_left_petal_tip": {
					"rotation": ["-7.5+math.sin(q.anim_time*90*1-80)*3", 0, "0+math.sin(q.anim_time*90*0.5-75)*1"]
				},
				"bottom_right_petal": {
					"rotation": ["2.5+math.sin(q.anim_time*90*1-60)*1", 0, "-(math.sin(q.anim_time*90*0.5-50+180)*2)"]
				},
				"bottom_right_petal_tip": {
					"rotation": ["-7.5+math.sin(q.anim_time*90*1-80)*3", 0, "0+math.sin(q.anim_time*90*0.5-75+180)*1"]
				},
				"left_cherry": {
					"rotation": ["0+math.sin(q.anim_time*90*1-20)*1.5", 0, 0]
				},
				"right_cherry": {
					"rotation": ["0+math.sin(q.anim_time*90*1-20)*1.5", 0, 0]
				},
				"left_leg": {
					"rotation": [-77.05418, -11.73507, -4.3361],
					"position": [0, -0.5, 0]
				},
				"right_leg": {
					"rotation": [-77.05418, 11.73507, 4.3361],
					"position": [0, -0.5, 0]
				}
			}
		},
		"animation.cherrim_jetian.cry": {
			"animation_length": 1.25,
			"bones": {
				"head": {
					"rotation": {
						"0.0": [0, 0, 0],
						"0.0417": [-0.5, 0, 0],
						"0.125": [-3.5, 0, 0],
						"0.1667": [-4, 0, 0],
						"0.2917": [-3.5, 0, 0],
						"0.5": [-2, 0, 0],
						"0.625": [-1.5, 0, 0],
						"0.6667": [-1.5, 0, 0],
						"0.7917": [-2, 0, 0],
						"0.9583": [-3.5, 0, 0],
						"1.0833": [-4, 0, 0],
						"1.125": [-3.5, 0, 0],
						"1.2083": [-0.5, 0, 0],
						"1.25": [0, 0, 0]
					}
				},
				"open_mouth": {
					"position": {
						"0.0": [0, 0, 0],
						"0.1667": {"pre": [0, 0, 0], "post": [0, 0, -0.1]},
						"1.0833": [0, 0, -0.1],
						"1.25": {"pre": [0, 0, -0.1], "post": [0, 0, 0]}
					}
				},
				"closed_mouth": {
					"position": {
						"0.0": [0, 0, 0],
						"0.1667": {"pre": [0, 0, 0], "post": [0, 0, 0.1]},
						"1.0833": [0, 0, 0.1],
						"1.25": {"pre": [0, 0, 0.1], "post": [0, 0, 0]}
					}
				}
			}
		},
		"animation.cherrim_jetian.blink": {
			"animation_length": 0.25,
			"bones": {
				"closed": {
					"position": {
						"0.0": [0, 0, -0.1],
						"0.2083": [0, 0, -0.1],
						"0.25": [0, 0, 0]
					}
				}
			}
		}
	}
}