{

    "enabled": true,
    "neededInstalledMods": [],
    "neededUninstalledMods": [],
    "spawns": [
      {
        "id": "charcadet_lol-1",
        "pokemon": "charcadet_lol",
        "presets": [                
            "natural"
        ],
        "type": "pokemon",
        "context": "grounded",
        "bucket": "uncommon",
        "level": "5-15",
        "weight": 4.0,
        "weightMultiplier": {
            "multiplier": 1.5,
            "condition": {
                "timeRange": "night"
            }
        },
        "condition": {
            "canSeeSky": true,
            "biomes": [
                "#cobblemon:is_swamp"
            ]
        }}, 
{
            "id": "charcadet_lol-2",
            "pokemon": "charcadet_lol",
            "type": "pokemon",
            "context": "grounded",
            "bucket": "uncommon",
            "level": "7-18",
            "weight": 4,
            "condition": {
                "canSeeSky": true,
                "biomes": [
                    "minecraft:mangrove_swamp"
                ]
            }
        }
    ]
}