{
	"format_version": "1.12.0",
	"minecraft:geometry": [
		{
			"description": {
				"identifier": "geometry.xuehu_pup",
				"texture_width": 128,
				"texture_height": 128,
				"visible_bounds_width": 5,
				"visible_bounds_height": 2.5,
				"visible_bounds_offset": [0, 0.75, 0]
			},
			"bones": [
				{
					"name": "xuehu",
					"pivot": [0, 0, 0]
				},
				{
					"name": "body",
					"parent": "xuehu",
					"pivot": [0, 0, 0]
				},
				{
					"name": "leftleg",
					"parent": "body",
					"pivot": [4, 12.27159, -6.25519],
					"cubes": [
						{"origin": [2.5, 6.7, -8.3], "size": [3, 7, 5], "inflate": 0.01, "pivot": [1.5, 11.7, -5.3], "rotation": [22.5, 0, 0], "uv": [30, 41]}
					]
				},
				{
					"name": "leftelbow2",
					"parent": "leftleg",
					"pivot": [4, 7.84597, -1.78882],
					"cubes": [
						{"origin": [2.5, 1.84597, -5.53882], "size": [3, 6, 4], "uv": [0, 51]},
						{"origin": [2.5, -0.15403, -6.53882], "size": [3, 2, 5], "uv": [52, 26]}
					]
				},
				{
					"name": "legright",
					"parent": "body",
					"pivot": [-3.94258, 12.03399, 3.91487],
					"cubes": [
						{"origin": [-5.5, 5.1, 1.2], "size": [3, 8, 6], "inflate": 0.01, "pivot": [-1.5, 11.1, 4.2], "rotation": [-24.77485, -0.89257, -0.35319], "uv": [12, 41]}
					]
				},
				{
					"name": "rightelbow2",
					"parent": "legright",
					"pivot": [-3.92618, 5.9166, 1.71078],
					"cubes": [
						{"origin": [-5.5, 2.24597, 0.96118], "size": [3, 5, 4], "pivot": [-1.5, 6.24597, 2.96118], "rotation": [1.6961, -1.53957, -1.69898], "uv": [26, 53]},
						{"origin": [-5.5, 0.24597, -0.03882], "size": [3, 2, 5], "pivot": [-1.5, 4.24597, 2.96118], "rotation": [1.6961, -1.53957, -1.69898], "uv": [52, 19]}
					]
				},
				{
					"name": "leftleg2",
					"parent": "body",
					"pivot": [3.94258, 12.03399, 3.91487],
					"cubes": [
						{"origin": [2.5, 5.1, 1.2], "size": [3, 8, 6], "inflate": 0.01, "pivot": [1.5, 11.1, 4.2], "rotation": [-24.77485, 0.89257, 0.35319], "uv": [0, 33]}
					]
				},
				{
					"name": "leftelbow",
					"parent": "leftleg2",
					"pivot": [3.92618, 5.9166, 1.71078],
					"cubes": [
						{"origin": [2.5, 2.24597, 0.96118], "size": [3, 5, 4], "pivot": [1.5, 6.24597, 2.96118], "rotation": [1.6961, 1.53957, 1.69898], "uv": [52, 7]},
						{"origin": [2.5, 0.24597, -0.03882], "size": [3, 2, 5], "pivot": [1.5, 4.24597, 2.96118], "rotation": [1.6961, 1.53957, 1.69898], "uv": [52, 0]}
					]
				},
				{
					"name": "legright2",
					"parent": "body",
					"pivot": [-4, 12.27159, -6.25519],
					"cubes": [
						{"origin": [-5.5, 6.7, -8.3], "size": [3, 7, 5], "inflate": 0.01, "pivot": [-1.5, 11.7, -5.3], "rotation": [22.5, 0, 0], "uv": [36, 0]}
					]
				},
				{
					"name": "rightelbow",
					"parent": "legright2",
					"pivot": [-4, 7.84597, -1.78882],
					"cubes": [
						{"origin": [-5.5, 1.84597, -5.53882], "size": [3, 6, 4], "uv": [46, 41]},
						{"origin": [-5.5, -0.15403, -6.53882], "size": [3, 2, 5], "uv": [41, 51]}
					]
				},
				{
					"name": "torso",
					"parent": "body",
					"pivot": [0, 11.23319, 2.93691],
					"cubes": [
						{"origin": [-4.5, 7.4, -8.5], "size": [9, 8, 6], "uv": [28, 27]},
						{"origin": [-4, 8.4, -2.5], "size": [8, 7, 9], "uv": [0, 17]},
						{"origin": [-4.5, 15.4, -4.5], "size": [2, 4, 2], "pivot": [-1.5, 19.4, -4.5], "rotation": [-19.5623, -4.2453, -11.76782], "uv": [0, 17]},
						{"origin": [2.5, 15.4, -4.5], "size": [2, 4, 2], "pivot": [1.5, 19.4, -4.5], "rotation": [-19.5623, 4.2453, 11.76782], "uv": [0, 0]}
					]
				},
				{
					"name": "neck",
					"parent": "torso",
					"pivot": [0, 12.65328, -7.2706],
					"cubes": [
						{"origin": [-4, 9, -12], "size": [8, 7, 5], "pivot": [0, 12, -9], "rotation": [-22.5, 0, 0], "uv": [31, 12]}
					]
				},
				{
					"name": "head",
					"parent": "neck",
					"pivot": [0, 14.56552, -12.38095],
					"cubes": [
						{"origin": [-3.5, 11, -18.5], "size": [7, 3, 2], "uv": [52, 51]},
						{"origin": [-5.1, 13.6, -17], "size": [4, 2, 2], "inflate": 0.01, "pivot": [-0.1, 12.6, -8], "rotation": [0, 0, 7.5], "uv": [60, 44]},
						{"origin": [2.5, 13.5, -17], "size": [1, 2, 0], "inflate": 0.02, "pivot": [0.5, 12.5, -8], "rotation": [0, 0, -7.5], "uv": [13, 19], "mirror": true},
						{"origin": [-5, 10, -17], "size": [10, 9, 8], "uv": [0, 0]},
						{"origin": [0, 19, -15], "size": [0, 1, 1], "uv": [0, 6]},
						{"origin": [0, 19, -13], "size": [0, 1, 1], "uv": [4, 5]},
						{"origin": [0, 19, -11], "size": [0, 1, 1], "uv": [2, 5]},
						{"origin": [0, 18, -9], "size": [0, 1, 1], "uv": [0, 5]},
						{"origin": [0, 16, -9], "size": [0, 1, 1], "uv": [0, 0]},
						{"origin": [-3.4, 13.5, -17], "size": [1, 2, 0], "inflate": 0.02, "pivot": [-0.4, 13.5, -8], "rotation": [0, 0, 7.5], "uv": [14, 19]},
						{"origin": [1.1, 13.6, -17], "size": [4, 2, 2], "inflate": 0.01, "pivot": [0.1, 12.6, -8], "rotation": [0, 0, -7.5], "uv": [60, 44], "mirror": true},
						{"origin": [-6, 12, -15], "size": [1, 1, 0], "uv": [8, 8]},
						{"origin": [5, 14.2, -15], "size": [1, 1, 0], "uv": [8, 8], "mirror": true},
						{"origin": [-6, 13.1, -15], "size": [1, 1, 0], "uv": [8, 8]},
						{"origin": [5, 12, -15], "size": [1, 1, 0], "uv": [8, 8], "mirror": true},
						{"origin": [-6, 14.2, -15], "size": [1, 1, 0], "uv": [8, 8]},
						{"origin": [5, 13.1, -15], "size": [1, 1, 0], "uv": [8, 8], "mirror": true}
					]
				},
				{
					"name": "ear2",
					"parent": "head",
					"pivot": [-3, 18.5, -14.5],
					"cubes": [
						{"origin": [-5, 19, -15], "size": [4, 3, 1], "uv": [0, 47]}
					]
				},
				{
					"name": "jaw",
					"parent": "head",
					"pivot": [0, 10.5, -16.5],
					"cubes": [
						{"origin": [-2.5, 10, -18], "size": [5, 1, 1], "uv": [25, 24]}
					]
				},
				{
					"name": "ear",
					"parent": "head",
					"pivot": [3, 18.5, -14.5],
					"cubes": [
						{"origin": [1, 19, -15], "size": [4, 3, 1], "uv": [24, 41]}
					]
				},
				{
					"name": "tail",
					"parent": "torso",
					"pivot": [0, 14.4, 6.5],
					"cubes": [
						{"origin": [-1, 13.4, 6.5], "size": [2, 2, 4], "uv": [36, 58]}
					]
				},
				{
					"name": "tail2",
					"parent": "tail",
					"pivot": [0, 14.4, 10.5],
					"cubes": [
						{"origin": [-1, 13.4, 10.5], "size": [2, 2, 4], "uv": [53, 56]}
					]
				},
				{
					"name": "tail3",
					"parent": "tail2",
					"pivot": [0, 14.4, 14.5],
					"cubes": [
						{"origin": [-1, 13.4, 14.5], "size": [2, 2, 4], "uv": [56, 37]}
					]
				},
				{
					"name": "tail4",
					"parent": "tail3",
					"pivot": [0, 14.56667, 18.66667],
					"cubes": [
						{"origin": [-1, 13.4, 18.5], "size": [2, 2, 4], "uv": [14, 55]}
					]
				},
				{
					"name": "tail5",
					"parent": "tail4",
					"pivot": [0, 14.65, 22.25],
					"cubes": [
						{"origin": [-1, 13.4, 22.5], "size": [2, 2, 4], "uv": [12, 33]},
						{"origin": [0, 11.4, 22.5], "size": [0, 7, 11], "uv": [106, -4]}
					]
				}
			]
		}
	]
}