{
	"format_version": "1.12.0",
	"minecraft:geometry": [
		{
			"description": {
				"identifier": "geometry.paragizo",
				"texture_width": 64,
				"texture_height": 64,
				"visible_bounds_width": 2,
				"visible_bounds_height": 3.5,
				"visible_bounds_offset": [0, 1.25, 0]
			},
			"bones": [
				{
					"name": "paragizo",
					"pivot": [0, 0, 0]
				},
				{
					"name": "head",
					"parent": "paragizo",
					"pivot": [0, 14, 0],
					"cubes": [
						{"origin": [-3, 14, -3], "size": [6, 6, 6], "uv": [40, 17]},
						{"origin": [-1, 20, -1], "size": [2, 6, 2], "uv": [9, 36]},
						{"origin": [-7, 23, -7], "size": [14, 1, 14], "uv": [0, 0]},
						{"origin": [-5, 24, -5], "size": [10, 1, 10], "uv": [5, 49]},
						{"origin": [-7, 22, -7], "size": [14, 1, 1], "uv": [32, 31]},
						{"origin": [-7, 22, 6], "size": [14, 1, 1], "uv": [32, 31]},
						{"origin": [6, 22, -6], "size": [1, 1, 12], "uv": [2, 18]},
						{"origin": [-7, 22, -6], "size": [1, 1, 12], "uv": [2, 18]}
					]
				},
				{
					"name": "bone",
					"parent": "head",
					"pivot": [6.5, 22, -7],
					"cubes": [
						{"origin": [6, 17, -7], "size": [1, 5, 1], "uv": [44, 2]},
						{"origin": [5.5, 15, -7.5], "size": [2, 2, 2], "uv": [26, 19]}
					]
				},
				{
					"name": "bone2",
					"parent": "head",
					"pivot": [-6.5, 22, -7],
					"cubes": [
						{"origin": [-7, 17, -7], "size": [1, 5, 1], "uv": [44, 2]},
						{"origin": [-7.5, 15, -7.5], "size": [2, 2, 2], "uv": [26, 19]}
					]
				},
				{
					"name": "bone3",
					"parent": "head",
					"pivot": [-6.5, 22, 7],
					"cubes": [
						{"origin": [-7, 17, 6], "size": [1, 5, 1], "uv": [44, 2]},
						{"origin": [-7.5, 15, 5.5], "size": [2, 2, 2], "uv": [26, 19]}
					]
				},
				{
					"name": "bone4",
					"parent": "head",
					"pivot": [6.5, 22, 7],
					"cubes": [
						{"origin": [6, 17, 6], "size": [1, 5, 1], "uv": [44, 2]},
						{"origin": [5.5, 15, 5.5], "size": [2, 2, 2], "uv": [26, 19]}
					]
				},
				{
					"name": "tail",
					"parent": "paragizo",
					"pivot": [0, 14, 0],
					"cubes": [
						{"origin": [-1, 6.5, -1], "size": [2, 8, 2], "uv": [51, 2]},
						{"origin": [-5, 5.5, -1], "size": [6, 1, 2], "uv": [24, 35]},
						{"origin": [-4, 4.5, -1], "size": [4, 1, 2], "uv": [45, 35]},
						{"origin": [-5, 6.5, -1], "size": [2, 3, 2], "uv": [38, 40]}
					]
				}
			]
		}
	]
}