{
	"format_version": "1.12.0",
	"minecraft:geometry": [
		{
			"description": {
				"identifier": "geometry.equiross",
				"texture_width": 128,
				"texture_height": 128,
				"visible_bounds_width": 5,
				"visible_bounds_height": 3.5,
				"visible_bounds_offset": [0, 1.25, 0]
			},
			"bones": [
				{
					"name": "equiross",
					"pivot": [0, 0, 0]
				},
				{
					"name": "body",
					"parent": "equiross",
					"pivot": [1, 11, -3.25]
				},
				{
					"name": "torso",
					"parent": "body",
					"pivot": [1, 12.6, -1.4],
					"cubes": [
						{"origin": [-2.5, 9, -9], "size": [7, 6, 13], "uv": [0, 0]},
						{"origin": [-3, 8.5, -4], "size": [8, 7, 3], "uv": [42, 12]},
						{"origin": [-0.5, 11, -9.5], "size": [3, 4, 1], "uv": [41, 76]},
						{"origin": [2.5, 12.5, -9], "size": [1, 1, 0], "inflate": 0.01, "uv": [8, 12]},
						{"origin": [-1.5, 12.5, -9], "size": [1, 1, 0], "inflate": 0.01, "uv": [6, 12]}
					]
				},
				{
					"name": "neck",
					"parent": "torso",
					"pivot": [1.5, 15, -6.75],
					"cubes": [
						{"origin": [-1.5, 14.75, -9], "size": [5, 2, 5], "inflate": 0.01, "uv": [47, 55]}
					]
				},
				{
					"name": "head",
					"parent": "neck",
					"pivot": [1.1, 16.25, -6.5],
					"cubes": [
						{"origin": [-2.9, 16.25, -12], "size": [8, 8, 8], "uv": [0, 19]},
						{"origin": [-0.9, 16.15, -14], "size": [4, 3, 3], "pivot": [2.1, 16.15, -13], "rotation": [10, 0, 0], "uv": [11, 71]},
						{"origin": [5.2, 17.55, -9.05], "size": [0, 2, 2], "uv": [24, 33]},
						{"origin": [-2.91, 17.55, -9.05], "size": [0, 2, 2], "uv": [20, 33]},
						{"origin": [-3.4, 23.25, -12.25], "size": [9, 2, 4], "uv": [40, 31]}
					]
				},
				{
					"name": "eye_lid_left",
					"parent": "head",
					"pivot": [-1.9, 22, -11],
					"cubes": [
						{"origin": [-2.9, 21.75, -12], "size": [1, 1, 4], "inflate": 0.02, "uv": [58, 72]}
					]
				},
				{
					"name": "eye_lid_right",
					"parent": "head",
					"pivot": [5.1, 22, -11],
					"cubes": [
						{"origin": [4.1, 21.75, -12], "size": [1, 1, 4], "inflate": 0.02, "uv": [55, 7]}
					]
				},
				{
					"name": "eye_left",
					"parent": "head",
					"pivot": [-2.4, 21.44508, -10.68246],
					"cubes": [
						{"origin": [-2.9, 18.75, -12], "size": [1, 4, 3], "inflate": 0.01, "uv": [65, 74]},
						{"origin": [-2.9, 20.5, -12], "size": [1, 1, 1], "inflate": 0.02, "uv": [28, 35]}
					]
				},
				{
					"name": "eye_right",
					"parent": "head",
					"pivot": [4.6, 21.44508, -10.68246],
					"cubes": [
						{"origin": [4.1, 18.75, -12], "size": [1, 4, 3], "inflate": 0.01, "uv": [74, 12]},
						{"origin": [4.1, 20.5, -12], "size": [1, 1, 1], "inflate": 0.02, "uv": [0, 0]}
					]
				},
				{
					"name": "mouth",
					"parent": "head",
					"pivot": [-0.4, 16.35, -14.1],
					"cubes": [
						{"origin": [-0.4, 16.1, -14.025], "size": [3, 1, 0], "pivot": [-0.4, 16.1, -15.1], "rotation": [10, 0, 0], "uv": [0, 12]}
					]
				},
				{
					"name": "mouth_open",
					"parent": "head",
					"pivot": [0.6, 15.9, -14.8],
					"cubes": [
						{"origin": [-0.4, 15.9, -13.9], "size": [3, 2, 0], "pivot": [0.6, 15.9, -14.7], "rotation": [10, 0, 0], "uv": [27, 0]}
					]
				},
				{
					"name": "ear_right",
					"parent": "head",
					"pivot": [5.35, 22.25, -7.5],
					"cubes": [
						{"origin": [1.6, 22.25, -8.75], "size": [4, 6, 0], "pivot": [2.6, 22.25, -7.75], "rotation": [-17, -27, 43], "uv": [73, 75]}
					]
				},
				{
					"name": "ear_left",
					"parent": "head",
					"pivot": [-2.95, 22, -7.25],
					"cubes": [
						{"origin": [-2.95, 21.75, -8.25], "size": [4, 6, 0], "pivot": [-0.95, 21.5, -7.25], "rotation": [-17, 27, -43], "uv": [25, 76]}
					]
				},
				{
					"name": "mane",
					"parent": "head",
					"pivot": [1.1, 22.25, -12.45],
					"cubes": [
						{"origin": [-2.4, 22, -11], "size": [7, 5, 7], "inflate": 0.01, "uv": [27, 0]},
						{"origin": [-1.4, 23.65, -11.6], "size": [5, 4, 4], "pivot": [0.6, 22.65, -8.6], "rotation": [30, 0, 0], "uv": [0, 59]}
					]
				},
				{
					"name": "mane_top",
					"parent": "mane",
					"pivot": [0.6, 26.4, -7.1],
					"cubes": [
						{"origin": [-0.4, 25.40643, -9.9868], "size": [3, 4, 6], "pivot": [0.6, 25.40643, -6.9868], "rotation": [22.5, 0, 0], "uv": [34, 48]},
						{"origin": [0.1, 28.00643, -4.8868], "size": [2, 3, 3], "pivot": [0.1, 27.80643, -3.0868], "rotation": [42.5, 0, 0], "uv": [72, 31]},
						{"origin": [1.1, 30.75643, -4.0368], "size": [0, 2, 2], "pivot": [0.1, 30.75643, -2.0368], "rotation": [62.5, 0, 0], "uv": [27, 3]}
					]
				},
				{
					"name": "mane_front",
					"parent": "mane",
					"pivot": [1.6, 22.65, -11.6],
					"cubes": [
						{"origin": [0.6, 22.15, -12.00192], "size": [2, 4, 1], "pivot": [1.6, 22.65, -11.6], "rotation": [45.23502, -16.3882, 15.63367], "uv": [0, 40]},
						{"origin": [2.05485, 24.54324, -14.06662], "size": [1, 2, 0], "pivot": [2.95, 25, -14.1], "rotation": [18, -4, 2], "uv": [20, 37]}
					]
				},
				{
					"name": "mane_front2",
					"parent": "mane",
					"pivot": [3.9, 22.65, -11.6],
					"cubes": [
						{"origin": [2.9, 21.15, -12.00192], "size": [1, 3, 1], "pivot": [3.9, 22.65, -11.6], "rotation": [43.20093, -37.43386, 23.88076], "uv": [8, 0]},
						{"origin": [4.46998, 23.26273, -12.61756], "size": [1, 1, 0], "pivot": [4.9, 23.65, -13.3], "rotation": [18, -37, 24], "uv": [11, 0]}
					]
				},
				{
					"name": "mane1",
					"parent": "mane",
					"pivot": [1.6, 21.4, -5.5],
					"cubes": [
						{"origin": [0.6, 20.4, -7.5], "size": [4, 5, 7], "pivot": [1.6, 21.4, -5.5], "rotation": [26, 16, 7], "uv": [0, 40]},
						{"origin": [3, 23, -4], "size": [2, 3, 4], "pivot": [4.05, 23.95, -1.3], "rotation": [0, 16, 8], "uv": [70, 68]},
						{"origin": [4.5, 23, -2.5], "size": [0, 2, 4], "pivot": [4.45, 23.75, 0.2], "rotation": [-15, 16, 8], "uv": [0, 6]}
					]
				},
				{
					"name": "mane2",
					"parent": "mane",
					"pivot": [-1.4, 21.2, -6],
					"cubes": [
						{"origin": [-2.4, 20.2, -8], "size": [4, 5, 7], "pivot": [-1.4, 21.2, -6], "rotation": [26, -16, -7], "uv": [25, 31]},
						{"origin": [-3, 23, -4], "size": [2, 3, 4], "pivot": [-2.15, 23.95, -1.55], "rotation": [0, -16, -8], "uv": [15, 40]},
						{"origin": [-2.5, 23, -2.5], "size": [0, 2, 4], "pivot": [-2.55, 24, 0.2], "rotation": [-15, -16, -8], "uv": [24, 21]}
					]
				},
				{
					"name": "mane3",
					"parent": "mane",
					"pivot": [-0.65, 19, -5],
					"rotation": [31, -13, -8],
					"cubes": [
						{"origin": [-1.65, 18, -6], "size": [3, 5, 5], "pivot": [-0.65, 19, -5], "rotation": [-27.5, 0, 0], "uv": [31, 58]},
						{"origin": [-1.15, 16.25, -2.25], "size": [2, 3, 2], "pivot": [-0.15, 17.25, -1.25], "rotation": [-47.5, 0, 0], "uv": [33, 76]},
						{"origin": [-0.15, 14.75, -1.25], "size": [0, 2, 2], "pivot": [-0.15, 15.75, -0.25], "rotation": [-60, 0, 0], "uv": [0, 0]}
					]
				},
				{
					"name": "mane4",
					"parent": "mane",
					"pivot": [1.85, 19, -5],
					"rotation": [31, 13, 8],
					"cubes": [
						{"origin": [0.85, 18, -6], "size": [3, 5, 5], "pivot": [1.85, 19, -5], "rotation": [-27.5, 0, 0], "uv": [61, 32]},
						{"origin": [1.35, 16.25, -2.25], "size": [2, 3, 2], "pivot": [2.35, 17.25, -1.25], "rotation": [-47.5, 0, 0], "uv": [49, 76]},
						{"origin": [2.35, 14.75, -1.25], "size": [0, 2, 2], "pivot": [2.35, 15.75, -0.25], "rotation": [-60, 0, 0], "uv": [8, 8]}
					]
				},
				{
					"name": "bone4",
					"parent": "mane",
					"pivot": [1.1, 17.55, -5.2],
					"rotation": [45, 0, 0],
					"cubes": [
						{"origin": [1.1, 10.8359, -4.86987], "size": [0, 2, 3], "pivot": [1.1, 10.8359, -2.86987], "rotation": [-47.5, 0, 0], "uv": [27, 0]},
						{"origin": [-0.4, 12.2859, -4.66987], "size": [3, 4, 2], "uv": [72, 6]},
						{"origin": [-0.9, 14.4859, -5.96987], "size": [4, 4, 4], "pivot": [1.1, 15.4859, -3.96987], "rotation": [24.5, 0, 0], "uv": [14, 63]}
					]
				},
				{
					"name": "horn_left",
					"parent": "head",
					"pivot": [-1.4, 23.25, -10],
					"cubes": [
						{"origin": [-2.4, 23.25, -11], "size": [2, 5, 2], "pivot": [-1.4, 23.25, -10], "rotation": [7, 1, -17], "uv": [0, 19]},
						{"origin": [-2.9, 28.25, -10.625], "size": [0, 2, 1], "pivot": [-1.9, 28.25, -10.65], "rotation": [-0.5, 1, -17], "uv": [31, 4]},
						{"origin": [-1.85, 24.85, -11.625], "size": [0, 2, 1], "pivot": [-0.85, 24.85, -11.65], "rotation": [37, 1, -17], "uv": [6, 18]}
					]
				},
				{
					"name": "horn_left2",
					"parent": "head",
					"pivot": [3.6, 23.25, -10],
					"cubes": [
						{"origin": [2.6, 23.25, -11], "size": [2, 5, 2], "pivot": [3.6, 23.25, -10], "rotation": [7, 1, 17], "uv": [0, 73]},
						{"origin": [5, 27.75, -10.625], "size": [0, 2, 1], "pivot": [6, 27.75, -10.65], "rotation": [-0.5, 1, 17], "uv": [0, 18]},
						{"origin": [3.95, 24.25, -11.625], "size": [0, 2, 1], "pivot": [4.95, 24.25, -11.65], "rotation": [37, 1, 17], "uv": [10, 7]}
					]
				},
				{
					"name": "tail",
					"parent": "torso",
					"pivot": [1, 12, 4]
				},
				{
					"name": "tail1",
					"parent": "tail",
					"pivot": [1, 11.5, 3],
					"cubes": [
						{"origin": [-1.5, 9.5, 3], "size": [5, 5, 5], "uv": [42, 38]},
						{"origin": [1, 14.5, -2], "size": [0, 5, 10], "uv": [0, 25]}
					]
				},
				{
					"name": "tail2",
					"parent": "tail1",
					"pivot": [1, 11.5, 8],
					"cubes": [
						{"origin": [-1, 9.5, 7], "size": [4, 5, 5], "inflate": 0.01, "uv": [22, 43]},
						{"origin": [1, 14.5, 8], "size": [0, 2, 5], "uv": [0, 3]}
					]
				},
				{
					"name": "tail3",
					"parent": "tail2",
					"pivot": [1, 12, 13],
					"cubes": [
						{"origin": [-1, 10, 11], "size": [4, 4, 5], "uv": [50, 22]}
					]
				},
				{
					"name": "tail4",
					"parent": "tail3",
					"pivot": [1.25, 12, 17],
					"cubes": [
						{"origin": [-0.5, 10.5, 15], "size": [3, 3, 5], "uv": [61, 7]}
					]
				},
				{
					"name": "tail5",
					"parent": "tail4",
					"pivot": [1, 12, 20],
					"cubes": [
						{"origin": [0, 11, 19], "size": [2, 2, 5], "uv": [60, 65]}
					]
				},
				{
					"name": "fin_right",
					"parent": "tail5",
					"pivot": [0, 11, 23],
					"cubes": [
						{"origin": [-9, 12, 19], "size": [9, 0, 6], "pivot": [0, 11, 20], "rotation": [0, 22.5, 0], "uv": [26, 25]}
					]
				},
				{
					"name": "fin_left",
					"parent": "tail5",
					"pivot": [2, 11, 23],
					"cubes": [
						{"origin": [2, 12, 19], "size": [9, 0, 6], "pivot": [2, 11, 20], "rotation": [0, -22.5, 0], "uv": [18, 19]}
					]
				},
				{
					"name": "arm_right",
					"parent": "equiross",
					"pivot": [4.5, 13, -6.1],
					"rotation": [0, 0, 90]
				},
				{
					"name": "upper_arm_right",
					"parent": "arm_right",
					"pivot": [4.5, 13, -6.1],
					"cubes": [
						{"origin": [3.5, 11, -9.1], "size": [6, 3, 4], "inflate": 0.01, "pivot": [2.5, 11, -8.1], "rotation": [0, -10, 0], "uv": [16, 55]}
					]
				},
				{
					"name": "lower_arm_right",
					"parent": "upper_arm_right",
					"pivot": [9.25, 12.5, -6.6],
					"cubes": [
						{"origin": [8.5, 11, -8.1], "size": [4, 3, 3], "pivot": [8.5, 11, -7.1], "rotation": [0, 10, 0], "uv": [69, 52]}
					]
				},
				{
					"name": "hoof_right",
					"parent": "lower_arm_right",
					"pivot": [12.25, 12.5, -7.35],
					"cubes": [
						{"origin": [11.25, 11, -8.9], "size": [6, 3, 3], "inflate": 0.01, "uv": [64, 59]},
						{"origin": [14.35, 10.5, -9.4], "size": [2, 4, 4], "uv": [50, 68]}
					]
				},
				{
					"name": "leg_right",
					"parent": "equiross",
					"pivot": [3.6, 11, 1.65],
					"rotation": [0, 0, 90]
				},
				{
					"name": "thigh_right",
					"parent": "leg_right",
					"pivot": [6.6, 10, 0.65],
					"cubes": [
						{"origin": [0.6, 10, -1.35], "size": [6, 3, 4], "inflate": 0.01, "pivot": [-0.4, 10, 0.65], "rotation": [0, -10, 0], "uv": [48, 0]}
					]
				},
				{
					"name": "shin_right",
					"parent": "thigh_right",
					"pivot": [6.1, 11.55, 1.85],
					"cubes": [
						{"origin": [8.35, 10, -0.15], "size": [6, 3, 3], "inflate": 0.01, "uv": [62, 42]}
					]
				},
				{
					"name": "hoof_right2",
					"parent": "shin_right",
					"pivot": [9.05322, 11.55, 1.57255],
					"cubes": [
						{"origin": [5.6, 10, 0.65], "size": [4, 3, 3], "pivot": [5.6, 10, 1.65], "rotation": [0, 10, 0], "uv": [0, 67]},
						{"origin": [11.45, 9.5, -0.65], "size": [2, 4, 4], "uv": [0, 0]}
					]
				},
				{
					"name": "arm_left",
					"parent": "equiross",
					"pivot": [-2.4, 13, -6.1],
					"rotation": [0, 0, 90]
				},
				{
					"name": "upper_arm_left",
					"parent": "arm_left",
					"pivot": [-2.4, 13, -6.1],
					"cubes": [
						{"origin": [-3.4, 11.75, -9.1], "size": [6, 3, 4], "inflate": 0.01, "pivot": [-4.4, 11.75, -8.1], "rotation": [0, -10, 0], "uv": [52, 48]}
					]
				},
				{
					"name": "lower_arm_left",
					"parent": "upper_arm_left",
					"pivot": [2.35, 13, -6.85],
					"cubes": [
						{"origin": [1.6, 11.75, -8.1], "size": [4, 3, 3], "pivot": [1.6, 11.75, -7.1], "rotation": [0, 10, 0], "uv": [68, 25]}
					]
				},
				{
					"name": "hoof_left",
					"parent": "lower_arm_left",
					"pivot": [5.35, 13.25, -7.35],
					"cubes": [
						{"origin": [4.35, 11.75, -8.9], "size": [6, 3, 3], "inflate": 0.01, "uv": [63, 19]},
						{"origin": [7.45, 11.25, -9.4], "size": [2, 4, 4], "uv": [38, 68]}
					]
				},
				{
					"name": "leg_left",
					"parent": "equiross",
					"pivot": [-2.4, 11, 1.65],
					"rotation": [0, 0, 90]
				},
				{
					"name": "thigh_left",
					"parent": "leg_left",
					"pivot": [0.6, 9.75, 0.65],
					"cubes": [
						{"origin": [-5.4, 9.75, -1.35], "size": [6, 3, 4], "inflate": 0.01, "pivot": [-6.4, 9.75, 0.65], "rotation": [0, -10, 0], "uv": [0, 52]}
					]
				},
				{
					"name": "shin_left",
					"parent": "thigh_left",
					"pivot": [0.35, 11.3, 2.1],
					"cubes": [
						{"origin": [-0.4, 9.75, 0.65], "size": [4, 3, 3], "pivot": [-0.4, 9.75, 1.65], "rotation": [0, 10, 0], "uv": [68, 0]}
					]
				},
				{
					"name": "hoof_left2",
					"parent": "shin_left",
					"pivot": [2.9, 11.3, 1.35],
					"cubes": [
						{"origin": [2.35, 9.75, -0.15], "size": [6, 3, 3], "inflate": 0.01, "uv": [47, 62]},
						{"origin": [5.45, 9.25, -0.65], "size": [2, 4, 4], "uv": [26, 68]}
					]
				}
			]
		}
	]
}