{
  "portraitScale": 1.3,
  "portraitTranslation": [0, 0, 0],
  "profileScale": 0.45,
  "profileTranslation": [-0.1, 1.0, 0],
  "poses": {
    "battle-standing": {
      "poseTypes": ["STAND"],
      "isBattle": true,
      "animations": [
        "q.look('head_ai')",
        "q.bedrock('airaptor', 'battle_idle')"
      ],
      "quirks": [
        "q.bedrock_quirk('airaptor', 'blink')"
      ]
    },
    "standing": {
      "poseTypes": ["STAND", "NONE", "PORTRAIT", "PROFILE"],
      "isBattle": false,
      "animations": [
        "q.look('head_ai')",
        "q.bedrock('airaptor', 'ground_idle')",
        "q.bedrock_stateful('airaptor', 'cry')"
      ],
      "quirks": [
        "q.bedrock_quirk('airaptor', 'blink')"
      ]
    },
    "walking": {
      "poseTypes": ["WALK"],
      "animations": [
        "q.look(head_ai)",
        "q.bedrock('airaptor', 'ground_walk')"
      ],
      "quirks": ["q.bedrock_quirk('airaptor', 'blink')"]
    },
    "sleep": {
      "poseTypes": ["SLEEP"],
      "animations": ["q.bedrock('airaptor', 'sleep')"]
    },
   "shoulder_left": {
     "poseTypes": ["SHOULDER_LEFT"],
     "animations": [
       "q.look('head')",
       "q.bedrock('airaptor', 'shoulder_left')"
     ],
     "quirks": ["q.bedrock_quirk('airaptor', 'blink')"]
   },
   "shoulder_right": {
     "poseTypes": ["SHOULDER_RIGHT"],
     "animations": [
       "q.look('head')",
       "q.bedrock('airaptor', 'shoulder_right')"
     ],
     "quirks": ["q.bedrock_quirk('airaptor', 'blink')"]
    }
  }
}