{
  "portraitScale": 1.3,
  "portraitTranslation": [-1.4, 0.3, 0],
  "profileScale": 0.45,
  "profileTranslation": [0, 1.0, 0],
  "poses": {
    "battle-standing": {
      "poseTypes": ["STAND"],
      "isBattle": true,
      "animations": [
        "q.look(head_ai)",
        "q.bedrock('ankylonorse', 'battle_idle')"
      ],
      "quirks": [
        "q.bedrock_quirk('ankylonorse', 'blink')"
      ]
    },
    "standing": {
      "poseTypes": ["STAND", "NONE", "PORTRAIT", "PROFILE"],
      "isBattle": false,
      "animations": [
        "q.look(head_ai)",
        "q.bedrock('ankylonorse', 'ground_idle')",
        "q.bedrock_stateful('ankylonorse', 'cry')"
      ],
      "quirks": [
        "q.bedrock_quirk('ankylonorse', 'blink')"
      ]
    },
    "walking": {
      "poseTypes": ["WALK"],
      "animations": [
        "q.look('head_ai')",
        "q.bedrock('ankylonorse', 'ground_walk')"
      ],
      "quirks": ["q.bedrock_quirk('ankylonorse', 'blink')"]
    },
    "sleep": {
      "poseTypes": ["SLEEP"],
      "animations": ["q.bedrock('ankylonorse', 'sleep')"]
    }
  }
}