{
  "portraitScale": 1.2,
  "portraitTranslation": [-0.9, 2.9, 0],
  "profileScale": 0.45,
  "profileTranslation": [0, 1.3, 0],
  "poses": {
    "battle-standing": {
      "poseTypes": ["STAND"],
      "isBattle": true,
      "animations": [
        "q.look(head_ai)",
        "q.bedrock('carnobrawlrus', 'battle_idle')"
      ],
      "quirks": [
        "q.bedrock_quirk('carnobrawlrus', 'blink')"
      ]
    },
    "standing": {
      "poseTypes": ["STAND", "NONE", "PORTRAIT", "PROFILE"],
      "isBattle": false,
      "animations": [
        "q.look(head_ai)",
        "q.bedrock('carnobrawlrus', 'ground_idle')"
      ],
      "quirks": [
        "q.bedrock_quirk('carnobrawlrus', 'blink')"
      ]
    },
    "walking": {
      "poseTypes": ["WALK"],
      "animations": [
        "q.look('head_ai')",
        "q.bedrock('carnobrawlrus', 'ground_walk')"
      ],
      "quirks": ["q.bedrock_quirk('carnobrawlrus', 'blink')"]
    },
    "sleep": {
      "poseTypes": ["SLEEP"],
      "animations": ["q.bedrock('carnobrawlrus', 'sleep')"]
    }
  }
}