{
  "portraitScale": 1.3,
  "portraitTranslation": [-0.3, -0.2, 0],
  "profileScale": 0.5,
  "profileTranslation": [0, 0.5, 0],
  "poses": {
    "battle-standing": {
      "poseTypes": ["STAND"],
      "isBattle": true,
      "animations": [
        "q.bedrock('ichthyst', 'battle_idle')"
      ],
      "quirks": [
        "q.bedrock_quirk('ichthyst', 'blink')"
      ]
    },
    "standing": {
      "poseTypes": ["STAND", "NONE", "PORTRAIT", "PROFILE"],
      "isBattle": false,
      "animations": [
        "q.bedrock('ichthyst', 'ground_idle')",
        "q.bedrock_stateful('ichthyst', 'cry')"
      ],
      "quirks": [
        "q.bedrock_quirk('ichthyst', 'blink')"
      ]
    },
    "walking": {
        "poseTypes": ["WALK"],
        "animations": [
          "q.bedrock('ichthyst', 'ground_walk')"
        ],
        "quirks": ["q.bedrock_quirk('ichthyst', 'blink')"]
      },
      "float": {
        "poseTypes": ["FLOAT"],
        "isSubmergedInWater":true,
        "animations": [
          "q.bedrock('ichthyst', 'water_idle')"
        ],
        "quirks": ["q.bedrock_quirk('ichthyst', 'blink')"]
      },
      "swim": {
        "poseTypes": ["SWIM"],
        "isSubmergedInWater":true,
        "animations": [
          "q.bedrock('ichthyst', 'water_swim')"
        ],
        "quirks": ["q.bedrock_quirk('ichthyst', 'blink')"]
      },
    "sleep": {
      "poseTypes": ["SLEEP"],
      "animations": ["q.bedrock('ichthyst', 'sleep')"]
    }
  }
}