{
  "portraitScale": 1.3,
  "portraitTranslation": [0, 0, 0],
  "profileScale": 0.45,
  "profileTranslation": [0, 1.0, 0],
  "poses": {
    "battle-standing": {
      "poseTypes": ["STAND"],
      "isBattle": true,
      "animations": [
        "q.look('head_ai')",
        "q.bedrock('pterae', 'battle_idle')"
      ],
      "quirks": [
        "q.bedrock_quirk('pterae', 'blink')"
      ]
    },
    "standing": {
      "poseTypes": ["STAND", "NONE", "PORTRAIT", "PROFILE"],
      "isBattle": false,
      "animations": [
        "q.look('head_ai')",
        "q.bedrock('pterae', 'ground_idle')"
      ],
      "quirks": [
        "q.bedrock_quirk('pterae', 'blink')"
      ]
    },
    "walking": {
      "poseTypes": ["WALK"],
      "animations": [
        "q.look(head_ai)",
        "q.bedrock('pterae', 'ground_walk')"
      ],
      "quirks": ["q.bedrock_quirk('pterae', 'blink')"]
    },
    "hover": {
        "poseTypes": ["HOVER"],
        "animations": [
          "q.look('head')",
          "q.bedrock('pterae', 'air_idle')"
        ],
        "quirks": ["q.bedrock_quirk('pterae', 'blink')"]
      },
      "fly": {
        "poseTypes": ["FLY"],
        "animations": [
          "q.look('head')",
          "q.bedrock('pterae', 'air_fly')"
        ],
        "quirks": ["q.bedrock_quirk('pterae', 'blink')"]
      },
    "sleep": {
      "poseTypes": ["SLEEP"],
      "animations": ["q.bedrock('pterae', 'sleep')"]
    }
  }
}