{
  "portraitScale": 1.0,
  "portraitTranslation": [-0.6, 0.3, 0],
  "profileScale": 0.45,
  "profileTranslation": [0, 1.0, 0],
  "poses": {
    "battle-standing": {
        "poseTypes": ["STAND"],
        "isBattle": true,
        "animations": [
          "q.look(head_ai)",
          "q.bedrock('spinot', 'battle_idle')"
        ],
        "quirks": [
          "q.bedrock_quirk('spinot', 'blink')"
        ]
      },
      "standing": {
        "poseTypes": ["STAND", "NONE", "PORTRAIT", "PROFILE"],
        "isBattle": false,
        "animations": [
          "q.look(head_ai)",
          "q.bedrock('spinot', 'ground_idle')",
          "q.bedrock_stateful('spinot', 'cry')"
        ],
        "quirks": [
          "q.bedrock_quirk('spinot', 'blink')"
        ]
      },
      "walking": {
          "poseTypes": ["WALK"],
          "animations": [
            "q.look('head')",
            "q.bedrock('spinot', 'ground_walk')"
          ],
          "quirks": ["q.bedrock_quirk('spinot', 'blink')"]
        },
      "float": {
          "poseTypes": ["FLOAT"],
          "isSubmergedInWater":true,
          "animations": [
            "q.look('head')",
            "q.bedrock('spinot', 'water_idle')"
          ],
          "quirks": ["q.bedrock_quirk('spinot', 'blink')"]
        },
      "swim": {
          "poseTypes": ["SWIM"],
          "isSubmergedInWater":true,
          "animations": [
            "q.look('head')",
            "q.bedrock('spinot', 'water_swim')"
          ],
          "quirks": ["q.bedrock_quirk('spinot', 'blink')"]
        },
      "sleep": {
        "poseTypes": ["SLEEP"],
        "animations": ["q.bedrock('spinot', 'sleep')"]
      }
  }
}