{
  "portraitScale": 0.5,
  "portraitTranslation": [-1.0, 1.7, 0],
  "profileScale": 0.3,
  "profileTranslation": [-0.3, 1.3, 0],
  "poses": {
    "battle-standing": {
      "poseTypes": ["STAND"],
      "isBattle": true,
      "animations": [
        "q.look(head_ai)",
        "q.bedrock('spinospecter', 'battle_idle')"
      ],
      "quirks": [
        "q.bedrock_quirk('spinospecter', 'blink')"
      ]
    },
    "standing": {
      "poseTypes": ["STAND", "NONE", "PORTRAIT", "PROFILE"],
      "isBattle": false,
      "animations": [
        "q.look(head_ai)",
        "q.bedrock('spinospecter', 'ground_idle')",
        "q.bedrock_stateful('spinospecter', 'cry')"
      ],
      "quirks": [
        "q.bedrock_quirk('spinospecter', 'blink')"
      ]
    },
    "walking": {
        "poseTypes": ["WALK"],
        "animations": [
          "q.look('head')",
          "q.bedrock('spinospecter', 'ground_walk')"
        ],
        "quirks": ["q.bedrock_quirk('spinospecter', 'blink')"]
      },
      "float": {
        "poseTypes": ["FLOAT"],
        "isSubmergedInWater":true,
        "animations": [
          "q.look('head')",
          "q.bedrock('spinospecter', 'water_idle')"
        ],
        "quirks": ["q.bedrock_quirk('spinospecter', 'blink')"]
      },
    "swim": {
        "poseTypes": ["SWIM"],
        "isSubmergedInWater":true,
        "animations": [
          "q.look('head')",
          "q.bedrock('spinospecter', 'water_swim')"
        ],
        "quirks": ["q.bedrock_quirk('spinospecter', 'blink')"]
      },
    "sleep": {
      "poseTypes": ["SLEEP"],
      "animations": ["q.bedrock('spinospecter', 'sleep')"]
    }
  }
}