{
	"format_version": "1.12.0",
	"minecraft:geometry": [
		{
			"description": {
				"identifier": "geometry.florion",
				"texture_width": 128,
				"texture_height": 128,
				"visible_bounds_width": 7,
				"visible_bounds_height": 3.5,
				"visible_bounds_offset": [0, 1.25, 0]
			},
			"bones": [
				{
					"name": "florion",
					"pivot": [0, 0, 0]
				},
				{
					"name": "body",
					"parent": "florion",
					"pivot": [0, 17, 0],
					"cubes": [
						{"origin": [-5.5, 9, -9], "size": [11, 10, 18], "uv": [0, 0]}
					]
				},
				{
					"name": "tailp1",
					"parent": "body",
					"pivot": [0, 18, 8.75],
					"rotation": [-35, 0, 0],
					"cubes": [
						{"origin": [-2, 16.5, 7.75], "size": [4, 2, 9], "uv": [88, 59]}
					]
				},
				{
					"name": "tailp2",
					"parent": "tailp1",
					"pivot": [0, 17.5, 16.25],
					"rotation": [15, 0, 0],
					"cubes": [
						{"origin": [-2, 16.57358, 16.06915], "size": [4, 2, 9], "uv": [41, 87]}
					]
				},
				{
					"name": "tailp3",
					"parent": "tailp2",
					"pivot": [0, 17.5, 25.25],
					"rotation": [15, 0, 0],
					"cubes": [
						{"origin": [-2, 16.57358, 25.06915], "size": [4, 2, 9], "uv": [23, 84]}
					]
				},
				{
					"name": "endleaves",
					"parent": "tailp3",
					"pivot": [0, 18.57358, 33.06915],
					"cubes": [
						{"origin": [-2, 18.57358, 34.06915], "size": [4, 0, 10], "uv": [71, 0]}
					]
				},
				{
					"name": "leftleavesp3",
					"parent": "tailp3",
					"pivot": [2, 18.57358, 30.06915],
					"rotation": [0, 0, 50],
					"cubes": [
						{"origin": [2, 18.57358, 25.06915], "size": [6, 0, 17], "uv": [41, 0]}
					]
				},
				{
					"name": "rightleavesp3",
					"parent": "tailp3",
					"pivot": [-2, 18.57358, 30.06915],
					"rotation": [0, 0, -50],
					"cubes": [
						{"origin": [-8, 18.57358, 25.06915], "size": [6, 0, 17], "uv": [37, 29]}
					]
				},
				{
					"name": "leftleavesp2",
					"parent": "tailp2",
					"pivot": [2, 18.57358, 21.06915],
					"rotation": [0, 0, 50],
					"cubes": [
						{"origin": [2, 18.57358, 16.06915], "size": [6, 0, 17], "uv": [50, 48]}
					]
				},
				{
					"name": "rightleavesp2",
					"parent": "tailp2",
					"pivot": [-2, 18.57358, 21.06915],
					"rotation": [0, 0, -50],
					"cubes": [
						{"origin": [-8, 18.57358, 16.06915], "size": [6, 0, 17], "uv": [20, 47]}
					]
				},
				{
					"name": "leftleavesp1",
					"parent": "tailp1",
					"pivot": [2, 18.5, 12.75],
					"rotation": [0, 0, 50],
					"cubes": [
						{"origin": [2, 18.5, 7.75], "size": [6, 0, 17], "uv": [30, 66]}
					]
				},
				{
					"name": "rightleavesp1",
					"parent": "tailp1",
					"pivot": [-2, 18.5, 12.75],
					"rotation": [0, 0, -50],
					"cubes": [
						{"origin": [-8, 18.5, 7.75], "size": [6, 0, 17], "uv": [0, 65]}
					]
				},
				{
					"name": "neckp1",
					"parent": "body",
					"pivot": [0, 18, -6],
					"cubes": [
						{"origin": [-4, 12, -10], "size": [8, 20, 8], "uv": [69, 76]},
						{"origin": [-5, 11.5, -10.5], "size": [10, 21, 9], "uv": [0, 29]}
					]
				},
				{
					"name": "head",
					"parent": "neckp1",
					"pivot": [0, 31, -6],
					"cubes": [
						{"origin": [-4.5, 29, -11], "size": [9, 9, 8], "uv": [61, 111]}
					]
				},
				{
					"name": "flower",
					"parent": "head",
					"pivot": [0, 38, -7],
					"cubes": [
						{"origin": [-0.5, 38, -7.5], "size": [1, 1, 1], "uv": [0, 11]},
						{"origin": [-1, 39, -8], "size": [2, 1, 2], "uv": [0, 29]}
					]
				},
				{
					"name": "petal1",
					"parent": "flower",
					"pivot": [0, 39, -8],
					"rotation": [15, 0, 0],
					"cubes": [
						{"origin": [-1.5, 39, -13], "size": [3, 0, 5], "uv": [30, 65]}
					]
				},
				{
					"name": "petal2",
					"parent": "flower",
					"pivot": [0, 39, -6],
					"rotation": [-15, 0, 0],
					"cubes": [
						{"origin": [-1.5, 39, -6], "size": [3, 0, 5], "uv": [0, 60]}
					]
				},
				{
					"name": "petal3",
					"parent": "flower",
					"pivot": [-1, 39, -7],
					"rotation": [0, -90, -15],
					"cubes": [
						{"origin": [-2.5, 39, -7], "size": [3, 0, 5], "uv": [50, 53]}
					]
				},
				{
					"name": "petal4",
					"parent": "flower",
					"pivot": [1, 39, -7],
					"rotation": [0, 90, 15],
					"cubes": [
						{"origin": [-0.5, 39, -7], "size": [3, 0, 5], "uv": [50, 47]}
					]
				},
				{
					"name": "petal5",
					"parent": "flower",
					"pivot": [1, 38.75, -8],
					"rotation": [170, 40, 180],
					"cubes": [
						{"origin": [-0.5, 38.75, -8], "size": [3, 0, 5], "uv": [41, 6]}
					]
				},
				{
					"name": "petal6",
					"parent": "flower",
					"pivot": [-1, 38.75, -8],
					"rotation": [170, -40, -180],
					"cubes": [
						{"origin": [-2.5, 38.75, -8], "size": [3, 0, 5], "uv": [41, 0]}
					]
				},
				{
					"name": "petal7",
					"parent": "flower",
					"pivot": [-1, 38.75, -6],
					"rotation": [-170, 40, -180],
					"cubes": [
						{"origin": [-2.5, 38.75, -11], "size": [3, 0, 5], "uv": [37, 40]}
					]
				},
				{
					"name": "petal8",
					"parent": "flower",
					"pivot": [1, 38.75, -6],
					"rotation": [-170, -40, 180],
					"cubes": [
						{"origin": [-0.5, 38.75, -11], "size": [3, 0, 5], "uv": [0, 11]}
					]
				},
				{
					"name": "rightear",
					"parent": "head",
					"pivot": [-3.5, 35.75, -5],
					"rotation": [-24.48891, -51.07914, 10.55439],
					"cubes": [
						{"origin": [-4.5, 33.75, -6], "size": [3, 4, 6], "uv": [100, 0]}
					]
				},
				{
					"name": "leftear",
					"parent": "head",
					"pivot": [3.5, 35.75, -5],
					"rotation": [-24.48891, 51.07914, -10.55439],
					"cubes": [
						{"origin": [1.5, 33.75, -6], "size": [3, 4, 6], "uv": [67, 35]}
					]
				},
				{
					"name": "face",
					"parent": "head",
					"pivot": [0, 22, -8]
				},
				{
					"name": "righteye",
					"parent": "face",
					"pivot": [-2, 21.75, -8],
					"cubes": [
						{"origin": [-2.75, 28.75, -11.005], "size": [1, 6, 0], "uv": [7, 110]}
					]
				},
				{
					"name": "bone",
					"parent": "righteye",
					"pivot": [-2, 35.75, -11],
					"cubes": [
						{"origin": [-2.5, 34.25, -11.01], "size": [1, 1, 1], "uv": [13, 0]}
					]
				},
				{
					"name": "lefteye",
					"parent": "face",
					"pivot": [2, 21.75, -8],
					"cubes": [
						{"origin": [1.75, 28.75, -11.005], "size": [1, 6, 0], "uv": [7, 110], "mirror": true}
					]
				},
				{
					"name": "bone2",
					"parent": "lefteye",
					"pivot": [2, 35.75, -11],
					"cubes": [
						{"origin": [1.5, 34.25, -11.01], "size": [1, 1, 1], "uv": [12, 11]}
					]
				},
				{
					"name": "mouth",
					"parent": "face",
					"pivot": [0, 19, -8],
					"cubes": [
						{"origin": [-1.5, 32.75, -11.01], "size": [2, 1, 0], "pivot": [0, 33, -11], "rotation": [0, 0, -37.5], "uv": [34, 31]},
						{"origin": [-0.5, 32.75, -11.02], "size": [2, 1, 0], "pivot": [0, 33, -11], "rotation": [0, 0, 37.5], "uv": [34, 29]},
						{"origin": [-2, 31.5, -11.02], "size": [2, 1, 0], "pivot": [0, 33, -11], "rotation": [0, 0, 37.5], "uv": [0, 33]},
						{"origin": [0, 31.5, -11.01], "size": [2, 1, 0], "pivot": [0, 33, -11], "rotation": [0, 0, -37.5], "uv": [12, 14]}
					]
				},
				{
					"name": "rightarm",
					"parent": "body",
					"pivot": [-5, 15, -7],
					"cubes": [
						{"origin": [-6, 8.5, -9.5], "size": [5, 9, 5], "uv": [18, 96]}
					]
				},
				{
					"name": "rightarmp2",
					"parent": "rightarm",
					"pivot": [-4.25, 9, -7],
					"rotation": [42.5, 0, 0],
					"cubes": [
						{"origin": [-5.75, 5, -8], "size": [4, 6, 4], "uv": [37, 29]}
					]
				},
				{
					"name": "rightarmp3",
					"parent": "rightarmp2",
					"pivot": [-4.25, 6, -6],
					"rotation": [-57.5, 0, 0],
					"cubes": [
						{"origin": [-5.25, 0.61931, -7.69391], "size": [3, 6, 3], "uv": [60, 66]}
					]
				},
				{
					"name": "rightarmp4",
					"parent": "rightarmp3",
					"pivot": [-4.25, 1, -6],
					"rotation": [-12.5, 0, 0],
					"cubes": [
						{"origin": [-5.26, -2.88069, -7.69391], "size": [3, 5, 3], "uv": [73, 66]}
					]
				},
				{
					"name": "leftarm",
					"parent": "body",
					"pivot": [5, 15, -7],
					"cubes": [
						{"origin": [1, 8.5, -9.5], "size": [5, 9, 5], "uv": [92, 11]}
					]
				},
				{
					"name": "leftarmp2",
					"parent": "leftarm",
					"pivot": [4.25, 9, -7],
					"rotation": [42.5, 0, 0],
					"cubes": [
						{"origin": [1.75, 5, -8], "size": [4, 6, 4], "uv": [0, 0]}
					]
				},
				{
					"name": "leftarmp3",
					"parent": "leftarmp2",
					"pivot": [4.25, 6, -6],
					"rotation": [-57.5, 0, 0],
					"cubes": [
						{"origin": [2.25, 0.61931, -7.69391], "size": [3, 6, 3], "uv": [0, 66]}
					]
				},
				{
					"name": "leftarmp4",
					"parent": "leftarmp3",
					"pivot": [4.25, 1, -6],
					"rotation": [-12.5, 0, 0],
					"cubes": [
						{"origin": [2.26, -2.88069, -7.69391], "size": [3, 5, 3], "uv": [30, 71]}
					]
				},
				{
					"name": "rightleg",
					"parent": "body",
					"pivot": [-4, 15, 7],
					"rotation": [0, 0, 7.5],
					"cubes": [
						{"origin": [-6, 6, 2], "size": [5, 11, 6], "uv": [0, 83]}
					]
				},
				{
					"name": "rightlegp2",
					"parent": "rightleg",
					"pivot": [-3.5, 7, 4],
					"rotation": [-20, 0, 0],
					"cubes": [
						{"origin": [-5.5, 6, 3], "size": [4, 4, 7], "uv": [39, 99]}
					]
				},
				{
					"name": "rightlegp3",
					"parent": "rightlegp2",
					"pivot": [-3.5, 7, 9],
					"rotation": [-90, 0, 0],
					"cubes": [
						{"origin": [-5, 6, 7], "size": [3, 3, 8], "uv": [94, 97]}
					]
				},
				{
					"name": "leftleg",
					"parent": "body",
					"pivot": [4, 15, 7],
					"rotation": [0, 0, -7.5],
					"cubes": [
						{"origin": [1, 6, 2], "size": [5, 11, 6], "uv": [80, 41]}
					]
				},
				{
					"name": "leftlegp2",
					"parent": "leftleg",
					"pivot": [3.5, 7, 4],
					"rotation": [-20, 0, 0],
					"cubes": [
						{"origin": [1.5, 6, 3], "size": [4, 4, 7], "uv": [94, 71]}
					]
				},
				{
					"name": "leftlegp3",
					"parent": "leftlegp2",
					"pivot": [3.5, 7, 9],
					"rotation": [-90, 0, 0],
					"cubes": [
						{"origin": [2, 6, 7], "size": [3, 3, 8], "uv": [92, 27]}
					]
				}
			]
		}
	]
}