{
	"format_version": "1.8.0",
	"animations": {
		"animation.auoro.ground_idle": {
			"loop": true,
			"animation_length": 4,
			"bones": {
				"head": {
					"rotation": {
						"0.0": [0, 0, 0],
						"1.0": [7.5, 0, 7.5],
						"2.0": [0, 0, 0],
						"3.0": [7.5, 0, -7.5],
						"4.0": [0, 0, 0]
					}
				}
			}
		},
		"animation.auoro.ground_walk": {
			"loop": true,
			"animation_length": 0.96,
			"bones": {
				"head": {
					"rotation": {
						"0.0": [9.85108, 1.72794, -9.85108],
						"0.24": [7.5, 0, 0],
						"0.48": [9.85108, -1.72794, 9.85108],
						"0.72": [7.5, 0, 0],
						"0.96": [9.85108, 1.72794, -9.85108]
					}
				},
				"leg": {
					"rotation": {
						"0.0": [-21.26765, -7.52076, -18.58597],
						"0.24": [0, 0, 0],
						"0.48": [32.5, 0, 0],
						"0.72": [0, 0, 0],
						"0.96": [-21.26765, -7.52076, -18.58597]
					}
				},
				"leg2": {
					"rotation": {
						"0.0": [30, 0, 0],
						"0.24": [0, 0, 0],
						"0.48": [-22.5, 0, 20],
						"0.72": [0, 0, 0],
						"0.96": [30, 0, 0]
					}
				}
			}
		}
	}
}