{
	"format_version": "1.12.0",
	"minecraft:geometry": [
		{
			"description": {
				"identifier": "geometry.ovenso",
				"texture_width": 64,
				"texture_height": 64,
				"visible_bounds_width": 3,
				"visible_bounds_height": 3.5,
				"visible_bounds_offset": [0, 1.25, 0]
			},
			"bones": [
				{
					"name": "ovenso",
					"pivot": [0, 0, 0]
				},
				{
					"name": "bone",
					"parent": "ovenso",
					"pivot": [0, 0, 0]
				},
				{
					"name": "head",
					"parent": "bone",
					"pivot": [0, 3, 0],
					"cubes": [
						{"origin": [-5, 3, -5], "size": [10, 10, 10], "uv": [0, 0]},
						{"origin": [2, 13, -2], "size": [2, 2, 2], "uv": [42, 11]},
						{"origin": [-4, 13, -2], "size": [2, 2, 2], "uv": [42, 11], "mirror": true}
					]
				},
				{
					"name": "tail",
					"parent": "head",
					"pivot": [0, 3, 5],
					"cubes": [
						{"origin": [-2, 3, 5], "size": [4, 0, 5], "uv": [47, 15]}
					]
				},
				{
					"name": "bone2",
					"parent": "tail",
					"pivot": [0, 3, 10],
					"cubes": [
						{"origin": [-9, 3, 10], "size": [18, 22, 0], "uv": [8, 23]}
					]
				},
				{
					"name": "arm",
					"parent": "head",
					"pivot": [4.5, 7, -1],
					"rotation": [0, 0, -35],
					"cubes": [
						{"origin": [3, 3, -2.5], "size": [3, 6, 3], "uv": [50, 1]}
					]
				},
				{
					"name": "arm2",
					"parent": "head",
					"pivot": [-4.5, 7, -1],
					"rotation": [0, 0, 35],
					"cubes": [
						{"origin": [-6, 3, -2.5], "size": [3, 6, 3], "uv": [50, 1], "mirror": true}
					]
				},
				{
					"name": "leg",
					"parent": "bone",
					"pivot": [2.5, 3, 0.5],
					"cubes": [
						{"origin": [1, 0, -1.5], "size": [3, 4, 3], "uv": [33, 0]}
					]
				},
				{
					"name": "leg2",
					"parent": "bone",
					"pivot": [-2.5, 3, 0.5],
					"cubes": [
						{"origin": [-4, 0, -1.5], "size": [3, 4, 3], "uv": [33, 0], "mirror": true}
					]
				}
			]
		}
	]
}