{
	"format_version": "1.8.0",
	"animations": {
		"animation.swetnail.blink": {
			"animation_length": 0.16,
			"bones": {
				"left_eye": {
					"scale": {
						"0.0": [1, 0.1, 1],
						"0.16": {"pre": [1, 0.1, 1], "post": [1, 1, 1]}
					}
				},
				"left_eye_shine": {
					"position": {
						"0.0": [0, 0, 1],
						"0.16": {"pre": [0, 0, 1], "post": [0, 0, 0]}
					}
				},
				"right_eye": {
					"scale": {
						"0.0": [1, 0.1, 1],
						"0.16": {"pre": [1, 0.1, 1], "post": [1, 1, 1]}
					}
				},
				"right_eye_shine": {
					"position": {
						"0.0": [0, 0, 1],
						"0.16": {"pre": [0, 0, 1], "post": [0, 0, 0]}
					}
				}
			}
		},
		"animation.swetnail.ground_idle": {
			"loop": true,
			"bones": {
				"shell": {
					"rotation": ["0+((math.cos(q.anim_time*90*2)*2)*(math.cos(q.anim_time*90*0.75)*1.25))", 0, 0]
				},
				"tentacle": {
					"rotation": ["-7.5+((math.cos(q.anim_time*90*2)*3)*(math.cos(q.anim_time*90*1)*1.25))", 0, 0]
				},
				"tentacle_1": {
					"rotation": ["-17.5-math.cos(q.anim_time*90*2.5)*6", 0, 0]
				},
				"tentacle_2": {
					"rotation": ["35+((math.sin(q.anim_time*75*2)*9)*(math.cos(q.anim_time*90*2)*2))", 0, 0]
				},
				"goop": {
					"scale": [1, "1+math.clamp((math.cos(q.anim_time*90)*0.1), 0, 0.1)", 1]
				}
			}
		},
		"animation.swetnail.ground_walk": {
			"loop": true,
			"bones": {
				"body": {
					"rotation": ["0-math.cos(q.anim_time*90*2)*3", 0, 0],
					"position": [0, "0+math.cos(q.anim_time*90*2)*0.15", 0]
				},
				"shell": {
					"rotation": ["0-math.cos(q.anim_time*90*2)*3", 0, 0]
				},
				"tentacle": {
					"rotation": ["-7.5+((math.cos(q.anim_time*90*2)*3)*(math.cos(q.anim_time*90*1)*1.25))", 0, 0]
				},
				"tentacle_1": {
					"rotation": ["-17.5-math.clamp((math.cos(q.anim_time*90*2.5)*8), -6.5, 8)", 0, 0]
				},
				"tentacle_2": {
					"rotation": ["35+((math.sin(q.anim_time*75*2)*11)*(math.cos(q.anim_time*90*2)*3))", 0, 0]
				},
				"goop": {
					"rotation": ["0+math.cos(q.anim_time*90*2)*3", 0, 0],
					"position": [0, "0-math.cos(q.anim_time*90*2)*0.15", "0+math.sin(q.anim_time*90*2)*0.2"],
					"scale": [1, 1, "1+math.sin(q.anim_time*90*2)*0.1"]
				}
			}
		}
	}
}