{
	"format_version": "1.12.0",
	"minecraft:geometry": [
		{
			"description": {
				"identifier": "geometry.chamairy",
				"texture_width": 128,
				"texture_height": 128,
				"visible_bounds_width": 4,
				"visible_bounds_height": 3.5,
				"visible_bounds_offset": [0, 1.25, 0]
			},
			"bones": [
				{
					"name": "chamairy",
					"pivot": [0, 0, 0]
				},
				{
					"name": "bone",
					"parent": "chamairy",
					"pivot": [0, 6, 0],
					"cubes": [
						{"origin": [-5, 6, -6], "size": [10, 6, 12], "uv": [23, 21]},
						{"origin": [-5.5, 7, -5], "size": [11, 7, 12], "uv": [26, 45]},
						{"origin": [3.5, 13, 1], "size": [7, 7, 0], "uv": [92, 59]},
						{"origin": [-10.5, 13, 1], "size": [7, 7, 0], "uv": [92, 59], "mirror": true}
					]
				},
				{
					"name": "head",
					"parent": "bone",
					"pivot": [0, 12, -6],
					"cubes": [
						{"origin": [-4, 6, -14], "size": [8, 8, 8], "uv": [0, 0]},
						{"origin": [1, 8, -15], "size": [4, 4, 4], "uv": [3, 37]},
						{"origin": [-1, 14, -12], "size": [2, 4, 6], "uv": [0, 18]},
						{"origin": [-1, 18, -10], "size": [2, 9, 4], "uv": [68, 6]},
						{"origin": [-5, 8, -15], "size": [4, 4, 4], "uv": [3, 37], "mirror": true}
					]
				},
				{
					"name": "tail",
					"parent": "bone",
					"pivot": [0, 13, 6],
					"cubes": [
						{"origin": [-2, 7, 4], "size": [4, 4, 15], "pivot": [0, 8, 6], "rotation": [27.5, 0, 0], "uv": [69, 26]}
					]
				},
				{
					"name": "leg",
					"parent": "bone",
					"pivot": [3, 8, -4],
					"cubes": [
						{"origin": [1, 0, -6], "size": [4, 6, 4], "uv": [4, 49]}
					]
				},
				{
					"name": "leg2",
					"parent": "bone",
					"pivot": [3, 8, 4],
					"cubes": [
						{"origin": [1, 0, 2], "size": [4, 6, 4], "uv": [4, 49]}
					]
				},
				{
					"name": "leg3",
					"parent": "bone",
					"pivot": [-3, 8, 4],
					"cubes": [
						{"origin": [-5, 0, 2], "size": [4, 6, 4], "uv": [4, 49], "mirror": true}
					]
				},
				{
					"name": "leg4",
					"parent": "bone",
					"pivot": [-3, 8, -4],
					"cubes": [
						{"origin": [-5, 0, -6], "size": [4, 6, 4], "uv": [4, 49], "mirror": true}
					]
				}
			]
		}
	]
}