{
	"format_version": "1.8.0",
	"animations": {
		"animation.lupayena.ground_idle": {
			"loop": true,
			"bones": {
				"torso": {
					"rotation": ["- (math.cos((q.anim_time - 0 + (math.cos((q.anim_time - 0) * 360 / 2 ) * 0.05)) * 360 / 2 ) * 1)", 0, 0],
					"position": [0, "-1+(math.cos((q.anim_time - 0) * 360 / 2) * 0.3)", "1 + (math.sin((q.anim_time - 0) * 360 / 2) * 0.1)"]
				},
				"mane": {
					"rotation": ["-2*(math.sin(q.anim_time*90*1.5)*0.3)", "1*(math.sin(q.anim_time*180*1)*0.1)", 0]
				},
				"mane_tuft": {
					"rotation": ["2*(math.sin(q.anim_time*180*1.5)*1)", "2*(math.sin(q.anim_time*180*1)*1)", "2*(math.sin(q.anim_time*180*1)*1)"]
				},
				"head": {
					"rotation": ["7 - (math.cos((q.anim_time - 0.5 + (math.cos((q.anim_time - 0.5) * 360 / 2 ) * 0.05)) * 360 / 2 ) * 0.5) + 0.5", 0, 0],
					"position": [0, 0, 0.25]
				},
				"ear_right": {
					"rotation": [
						"-(math.cos((q.anim_time - 0.65 + (math.cos((q.anim_time - 0.65) * 360 / 2 ) * 0.05)) * 360 / 2 ) * 2) + 2",
						"((math.cos((q.anim_time - 0.52 + (math.cos((q.anim_time - 0.52) * 360 / 2 ) * 0.05)) * 360 / 2 ) * 1) - 1)",
						"((math.cos((q.anim_time - 0.65 + (math.cos((q.anim_time - 0.65) * 360 / 2 ) * 0.05)) * 360 / 2 ) * 0.5) - 0.5)"
					]
				},
				"ear_left": {
					"rotation": [
						"-(math.cos((q.anim_time - 0.6 + (math.cos((q.anim_time - 0.6) * 360 / 2 ) * 0.05)) * 360 / 2 ) * 2) + 2",
						"-(math.cos((q.anim_time - 0.55 + (math.cos((q.anim_time - 0.55) * 360 / 2 ) * 0.05)) * 360 / 2 ) * 1) + 1",
						"-(math.cos((q.anim_time - 0.6 + (math.cos((q.anim_time - 0.6) * 360 / 2 ) * 0.05)) * 360 / 2 ) * 0.5) + 0.5"
					]
				},
				"waist_tuft_upper": {
					"rotation": [0, 0, "2*(math.sin(q.anim_time*180*1)*2)"]
				},
				"tail": {
					"rotation": ["2*(math.sin(q.anim_time*90*1.5)*2)", "1*(math.sin(q.anim_time*180*1)*2)", 0]
				},
				"tail2": {
					"rotation": ["10+2*(math.sin(q.anim_time*90*1.5-30)*2)", "1*(math.sin(q.anim_time*180*1-30)*2)", 0]
				},
				"tuft_upper": {
					"rotation": ["2*(math.sin(q.anim_time*180*1.5)*1)", "2*(math.sin(q.anim_time*180*1)*1)", "2*(math.sin(q.anim_time*180*1)*1)"]
				},
				"tuft_lower": {
					"rotation": ["2*(math.sin(q.anim_time*180*1.5)*1)", "2*(math.sin(q.anim_time*180*1)*1)", "2*(math.sin(q.anim_time*180*1)*1)"]
				},
				"tail3": {
					"rotation": ["10+2*(math.sin(q.anim_time*90*1.5-60)*2)", "1*(math.sin(q.anim_time*180*1-60)*2)", 0],
					"position": [0, 0.0625, 0.28125]
				},
				"tuft_upper4": {
					"rotation": ["-2*(math.sin(q.anim_time*180*1.5)*1)", "-2*(math.sin(q.anim_time*180*1)*1)", "-2*(math.sin(q.anim_time*180*1)*1)"]
				},
				"tuft_left_lower": {
					"rotation": ["-2*(math.sin(q.anim_time*180*1.5)*1)", "-2*(math.sin(q.anim_time*180*1)*1)", "-2*(math.sin(q.anim_time*180*1)*1)"]
				},
				"tuft_right_lower": {
					"rotation": ["-2*(math.sin(q.anim_time*180*1.5)*1)", "-2*(math.sin(q.anim_time*180*1)*1)", "-2*(math.sin(q.anim_time*180*1)*1)"]
				},
				"tail4": {
					"rotation": ["10+2*(math.sin(q.anim_time*90*1.5-90)*2)", "1*(math.sin(q.anim_time*180*1-90)*2)", 0]
				},
				"tuft_upper2": {
					"rotation": ["2*(math.sin(q.anim_time*180*1.5)*1)", "2*(math.sin(q.anim_time*180*1)*1)", "2*(math.sin(q.anim_time*180*1)*1)"]
				},
				"tuft_lower2": {
					"rotation": ["2*(math.sin(q.anim_time*180*1.5)*1)", "2*(math.sin(q.anim_time*180*1)*1)", "2*(math.sin(q.anim_time*180*1)*1)"]
				},
				"tail5": {
					"rotation": ["10+2*(math.sin(q.anim_time*90*1.5-120)*2)", "1*(math.sin(q.anim_time*180*1-120)*2)", 0]
				},
				"tail6": {
					"rotation": ["10+2*(math.sin(q.anim_time*90*1.5-150)*2)", "1*(math.sin(q.anim_time*180*1-150)*2)", 0]
				},
				"tail_end": {
					"rotation": ["2*(math.sin(q.anim_time*180*1.5)*1)", "4*(math.sin(q.anim_time*180*1)*1)", "2*(math.sin(q.anim_time*180*1)*1)"]
				},
				"tuft_upper3": {
					"rotation": ["-2*(math.sin(q.anim_time*180*1.5)*1)", "-2*(math.sin(q.anim_time*180*1)*1)", "-2*(math.sin(q.anim_time*180*1)*1)"]
				},
				"tuft_lower3": {
					"rotation": ["-2*(math.sin(q.anim_time*180*1.5)*1)", "-2*(math.sin(q.anim_time*180*1)*1)", "-2*(math.sin(q.anim_time*180*1)*1)"]
				},
				"waist_tuft_lower": {
					"rotation": [0, 0, "2*(math.sin(q.anim_time*180*1)*2)"]
				},
				"leg_right": {
					"rotation": ["12.5 - (math.cos((q.anim_time - 0) * 360 / 2) * 1) + 1", 0, 0],
					"position": [0, "0.68 + (math.cos((q.anim_time - 0) * 360 / 2) * 0.11)", "-0.6 + (math.cos((q.anim_time - 0) * 360 / 2) * 0.075)"]
				},
				"knee_right": {
					"rotation": ["-14 + (math.cos((q.anim_time - 0) * 360 / 2) * 0.2) - 3", 0, 0]
				},
				"ankle_right": {
					"rotation": ["(math.cos((q.anim_time - 0) * 360 / 2) * 1) + 1", 0, 0]
				},
				"back_paw_right": {
					"rotation": [2.5, 0, 0]
				},
				"leg_left": {
					"rotation": ["12.5 - (math.cos((q.anim_time - 0) * 360 / 2) * 1) + 1", 0, 0],
					"position": [0, "0.68 + (math.cos((q.anim_time - 0) * 360 / 2) * 0.11)", "-0.6 + (math.cos((q.anim_time - 0) * 360 / 2) * 0.075)"]
				},
				"ankle_left": {
					"rotation": ["(math.cos((q.anim_time - 0) * 360 / 2) * 1) + 1", 0, 0]
				},
				"back_paw_left": {
					"rotation": [2.5, 0, 0]
				},
				"leg_front_right": {
					"rotation": ["12.5 - (math.cos((q.anim_time - 0) * 360 / 2) * 1) + 1", 0, 0],
					"position": [0, "-0.32 + (math.cos((q.anim_time - 0) * 360 / 2) * 0.11)", "-0.6 + (math.cos((q.anim_time - 0) * 360 / 2) * 0.075)"]
				},
				"foot_front_right": {
					"rotation": ["-9 + (math.cos((q.anim_time - 0) * 360 / 2) * 0.2) - 3", 0, 0]
				},
				"leg_front_left": {
					"rotation": ["12.5 - (math.cos((q.anim_time - 0) * 360 / 2) * 1) + 1", 0, 0],
					"position": [0, "-0.32 + (math.cos((q.anim_time - 0) * 360 / 2) * 0.11)", "-0.6 + (math.cos((q.anim_time - 0) * 360 / 2) * 0.075)"]
				},
				"front_front_left": {
					"rotation": ["-9 + (math.cos((q.anim_time - 0) * 360 / 2) * 0.2) - 3", 0, 0]
				},
				"mane2": {
					"rotation": ["-4.5-2*(math.sin(q.anim_time*90*1.5)*2)", "1*(math.sin(q.anim_time*180*1)*2)", 0]
				},
				"mane3": {
					"rotation": ["2-2*(math.sin(q.anim_time*90*1.5-30)*2)", "1*(math.sin(q.anim_time*180*1)*2)", 0]
				},
				"mane_end": {
					"rotation": ["-10-2*(math.sin(q.anim_time*90*1.5-60)*2)", "2*(math.sin(q.anim_time*180*1-60)*2)", 0]
				},
				"mane_tuft_left": {
					"rotation": ["-2*(math.sin(q.anim_time*180*1.5)*1)", "-2*(math.sin(q.anim_time*180*1)*1)", "-2*(math.sin(q.anim_time*180*1)*1)"]
				},
				"mane_tuft_right": {
					"rotation": ["-2*(math.sin(q.anim_time*180*1.5)*1)", "-2*(math.sin(q.anim_time*180*1)*1)", "-2*(math.sin(q.anim_time*180*1)*1)"]
				},
				"mane_tuft_left2": {
					"rotation": ["2*(math.sin(q.anim_time*180*1.5)*1)", "2*(math.sin(q.anim_time*180*1)*1)", "2*(math.sin(q.anim_time*180*1)*1)"]
				},
				"mane_tuft_right2": {
					"rotation": ["2*(math.sin(q.anim_time*180*1.5)*1)", "2*(math.sin(q.anim_time*180*1)*1)", "2*(math.sin(q.anim_time*180*1)*1)"]
				},
				"tuft_head_lower": {
					"rotation": [0, 0, "2*(math.sin(q.anim_time*180*1)*2)"]
				},
				"tuft_head_upper": {
					"rotation": [0, 0, "2*(math.sin(q.anim_time*180*1)*2)"]
				},
				"mane_tuft_right3": {
					"rotation": ["2*(math.sin(q.anim_time*180*1.5)*1)", "2*(math.sin(q.anim_time*180*1)*1)", "2*(math.sin(q.anim_time*180*1)*1)"]
				},
				"mane_tuft_right4": {
					"rotation": ["-3*(math.sin(q.anim_time*180*1.5)*2)", "-3*(math.sin(q.anim_time*180*1)*2)", "-3*(math.sin(q.anim_time*180*1)*2)"]
				},
				"mane_tuft_right5": {
					"rotation": ["-2*(math.sin(q.anim_time*180*1.5)*1)", "-2*(math.sin(q.anim_time*180*1)*1)", "-2*(math.sin(q.anim_time*180*1)*1)"]
				},
				"mane_tuft_left3": {
					"rotation": ["-2*(math.sin(q.anim_time*180*1.5)*1)", "-2*(math.sin(q.anim_time*180*1)*1)", "-2*(math.sin(q.anim_time*180*1)*1)"]
				},
				"mane_tuft_left4": {
					"rotation": ["3*(math.sin(q.anim_time*180*1.5)*2)", "3*(math.sin(q.anim_time*180*1)*2)", "3*(math.sin(q.anim_time*180*1)*2)"]
				},
				"mane_tuft_left5": {
					"rotation": ["2*(math.sin(q.anim_time*180*1.5)*1)", "2*(math.sin(q.anim_time*180*1)*1)", "2*(math.sin(q.anim_time*180*1)*1)"]
				},
				"mane_tuft_lower_left": {
					"rotation": ["2*(math.sin(q.anim_time*180*1.5)*1)", "2*(math.sin(q.anim_time*180*1)*1)", "2*(math.sin(q.anim_time*180*1)*1)"]
				},
				"mane_tuft_lower_right": {
					"rotation": ["2*(math.sin(q.anim_time*180*1.5)*1)", "2*(math.sin(q.anim_time*180*1)*1)", "2*(math.sin(q.anim_time*180*1)*1)"]
				},
				"mane_tuft_lower": {
					"rotation": ["-2*(math.sin(q.anim_time*180*1.5)*1)", "-2*(math.sin(q.anim_time*180*1)*1)", "-2*(math.sin(q.anim_time*180*1)*1)"]
				},
				"mane_tuft_lower_left2": {
					"rotation": ["-2*(math.sin(q.anim_time*180*1.5)*1)", "-2*(math.sin(q.anim_time*180*1)*1)", "-2*(math.sin(q.anim_time*180*1)*1)"]
				},
				"mane_tuft_lower_right2": {
					"rotation": ["-2*(math.sin(q.anim_time*180*1.5)*1)", "-2*(math.sin(q.anim_time*180*1)*1)", "-2*(math.sin(q.anim_time*180*1)*1)"]
				},
				"knee_left": {
					"rotation": ["-14 + (math.cos((q.anim_time - 0) * 360 / 2) * 0.2) - 3", 0, 0]
				}
			}
		},
		"animation.lupayena.battle_idle": {
			"loop": true,
			"bones": {
				"torso": {
					"rotation": ["- (math.cos((q.anim_time - 0 + (math.cos((q.anim_time - 0) * 360 / 2 ) * 0.05)) * 360 / 2 ) * 1)", 0, 0],
					"position": [0, "-1+(math.cos((q.anim_time - 0) * 360 / 2) * 0.3)", "1 + (math.sin((q.anim_time - 0) * 360 / 2) * 0.1)"]
				},
				"mane": {
					"rotation": ["-2*(math.sin(q.anim_time*90*1.5)*0.3)", "1*(math.sin(q.anim_time*180*1)*0.1)", 0]
				},
				"mane_tuft": {
					"rotation": ["2*(math.sin(q.anim_time*180*1.5)*1)", "2*(math.sin(q.anim_time*180*1)*1)", "2*(math.sin(q.anim_time*180*1)*1)"]
				},
				"head": {
					"rotation": ["-8.3597 - (math.cos((q.anim_time - 0.5 + (math.cos((q.anim_time - 0.5) * 360 / 2 ) * 0.05)) * 360 / 2 ) * 0.5) + 0.5", 17.34551, -2.3567],
					"position": [-2.25, 0, 0.75]
				},
				"ear_right": {
					"rotation": [
						"22.6241-(math.cos((q.anim_time - 0.65 + (math.cos((q.anim_time - 0.65) * 360 / 2 ) * 0.05)) * 360 / 2 ) * 2) +NaN",
						"-13.8267+((math.cos((q.anim_time - 0.52 + (math.cos((q.anim_time - 0.52) * 360 / 2 ) * 0.05)) * 360 / 2 ) * 1) - 1)",
						"-4.7679+((math.cos((q.anim_time - 0.65 + (math.cos((q.anim_time - 0.65) * 360 / 2 ) * 0.05)) * 360 / 2 ) * 0.5) - 0.5)"
					]
				},
				"ear_left": {
					"rotation": [
						"21.7325-(math.cos((q.anim_time - 0.6 + (math.cos((q.anim_time - 0.6) * 360 / 2 ) * 0.05)) * 360 / 2 ) * 2) +NaN",
						"13.3973-(math.cos((q.anim_time - 0.55 + (math.cos((q.anim_time - 0.55) * 360 / 2 ) * 0.05)) * 360 / 2 ) * 1) +NaN",
						"4.4637-(math.cos((q.anim_time - 0.6 + (math.cos((q.anim_time - 0.6) * 360 / 2 ) * 0.05)) * 360 / 2 ) * 0.5) +NaN"
					]
				},
				"waist_tuft_upper": {
					"rotation": [0, 0, "2*(math.sin(q.anim_time*180*1)*2)"]
				},
				"tail": {
					"rotation": ["2*(math.sin(q.anim_time*90*1.5)*2)", "-20+1*(math.sin(q.anim_time*180*1)*2)", 0]
				},
				"tail2": {
					"rotation": ["10.0866+2*(math.sin(q.anim_time*90*1.5-30)*2)", "-7.4264+1*(math.sin(q.anim_time*180*1-30)*2)", -1.05224]
				},
				"tuft_upper": {
					"rotation": ["2*(math.sin(q.anim_time*180*1.5)*1)", "2*(math.sin(q.anim_time*180*1)*1)", "2*(math.sin(q.anim_time*180*1)*1)"]
				},
				"tuft_lower": {
					"rotation": ["2*(math.sin(q.anim_time*180*1.5)*1)", "2*(math.sin(q.anim_time*180*1)*1)", "2*(math.sin(q.anim_time*180*1)*1)"]
				},
				"tail3": {
					"rotation": ["10.6226+2*(math.sin(q.anim_time*90*1.5-60)*2)", "-22.3439+1*(math.sin(q.anim_time*180*1-60)*2)", -2.73463],
					"position": [0, 0.0625, -2.21875]
				},
				"tuft_upper4": {
					"rotation": ["-2*(math.sin(q.anim_time*180*1.5)*1)", "-2*(math.sin(q.anim_time*180*1)*1)", "-2*(math.sin(q.anim_time*180*1)*1)"]
				},
				"tuft_left_lower": {
					"rotation": ["-2*(math.sin(q.anim_time*180*1.5)*1)", "-2*(math.sin(q.anim_time*180*1)*1)", "-2*(math.sin(q.anim_time*180*1)*1)"]
				},
				"tuft_right_lower": {
					"rotation": ["-2*(math.sin(q.anim_time*180*1.5)*1)", "-2*(math.sin(q.anim_time*180*1)*1)", "-2*(math.sin(q.anim_time*180*1)*1)"]
				},
				"tail4": {
					"rotation": ["10.7242+2*(math.sin(q.anim_time*90*1.5-90)*2)", "-24.8513+1*(math.sin(q.anim_time*180*1-90)*2)", -2.83812],
					"position": [0, 0, -2]
				},
				"tuft_upper2": {
					"rotation": ["2*(math.sin(q.anim_time*180*1.5)*1)", "2*(math.sin(q.anim_time*180*1)*1)", "2*(math.sin(q.anim_time*180*1)*1)"]
				},
				"tuft_lower2": {
					"rotation": ["2*(math.sin(q.anim_time*180*1.5)*1)", "2*(math.sin(q.anim_time*180*1)*1)", "2*(math.sin(q.anim_time*180*1)*1)"]
				},
				"tail5": {
					"rotation": ["10.3799+2*(math.sin(q.anim_time*90*1.5-120)*2)", "-17.3814+1*(math.sin(q.anim_time*180*1-120)*2)", -2.07603],
					"position": [0, 0, -1.75]
				},
				"tail6": {
					"rotation": ["12.1804+2*(math.sin(q.anim_time*90*1.5-150)*2)", "-37.0676+1*(math.sin(q.anim_time*180*1-150)*2)", -6.17779],
					"position": [0, 0, -0.75]
				},
				"tail_end": {
					"rotation": ["2*(math.sin(q.anim_time*180*1.5)*1)", "-27.5+4*(math.sin(q.anim_time*180*1)*1)", "2*(math.sin(q.anim_time*180*1)*1)"]
				},
				"tuft_upper3": {
					"rotation": ["-2*(math.sin(q.anim_time*180*1.5)*1)", "-2*(math.sin(q.anim_time*180*1)*1)", "-2*(math.sin(q.anim_time*180*1)*1)"]
				},
				"tuft_lower3": {
					"rotation": ["-2*(math.sin(q.anim_time*180*1.5)*1)", "-2*(math.sin(q.anim_time*180*1)*1)", "-2*(math.sin(q.anim_time*180*1)*1)"]
				},
				"waist_tuft_lower": {
					"rotation": [0, 0, "2*(math.sin(q.anim_time*180*1)*2)"]
				},
				"leg_right": {
					"rotation": ["12.5 - (math.cos((q.anim_time - 0) * 360 / 2) * 1) + 1", 0, 0],
					"position": [0, "0.68 + (math.cos((q.anim_time - 0) * 360 / 2) * 0.11)", "-0.6 + (math.cos((q.anim_time - 0) * 360 / 2) * 0.075)"]
				},
				"knee_right": {
					"rotation": ["-14 + (math.cos((q.anim_time - 0) * 360 / 2) * 0.2) - 3", 0, 0]
				},
				"ankle_right": {
					"rotation": ["(math.cos((q.anim_time - 0) * 360 / 2) * 1) + 1", 0, 0]
				},
				"back_paw_right": {
					"rotation": [2.5, 0, 0]
				},
				"leg_left": {
					"rotation": ["-2.724- (math.cos((q.anim_time - 0) * 360 / 2) * 1) +NaN", 19.96111, -1.27288],
					"position": [0, "0.18 + (math.cos((q.anim_time - 0) * 360 / 2) * 0.11)", "-0.6 + (math.cos((q.anim_time - 0) * 360 / 2) * 0.075)"]
				},
				"ankle_left": {
					"rotation": ["(math.cos((q.anim_time - 0) * 360 / 2) * 1) + 1", 0, 0]
				},
				"back_paw_left": {
					"rotation": [2.5, 0, 0]
				},
				"leg_front_right": {
					"rotation": ["12.5 - (math.cos((q.anim_time - 0) * 360 / 2) * 1) + 1", 25, 0],
					"position": [0, "-0.32 + (math.cos((q.anim_time - 0) * 360 / 2) * 0.11)", "-0.6 + (math.cos((q.anim_time - 0) * 360 / 2) * 0.075)"]
				},
				"foot_front_right": {
					"rotation": ["-9 + (math.cos((q.anim_time - 0) * 360 / 2) * 0.2) - 3", 0, 0]
				},
				"leg_front_left": {
					"rotation": ["12.5 - (math.cos((q.anim_time - 0) * 360 / 2) * 1) + 1", -25, 0],
					"position": [0, "-0.32 + (math.cos((q.anim_time - 0) * 360 / 2) * 0.11)", "-0.6 + (math.cos((q.anim_time - 0) * 360 / 2) * 0.075)"]
				},
				"front_front_left": {
					"rotation": ["-9 + (math.cos((q.anim_time - 0) * 360 / 2) * 0.2) - 3", 0, 0]
				},
				"mane2": {
					"rotation": ["-4.5-2*(math.sin(q.anim_time*90*1.5)*2)", "1*(math.sin(q.anim_time*180*1)*2)", 0]
				},
				"mane3": {
					"rotation": ["2-2*(math.sin(q.anim_time*90*1.5-30)*2)", "1*(math.sin(q.anim_time*180*1)*2)", 0]
				},
				"mane_end": {
					"rotation": ["-10-2*(math.sin(q.anim_time*90*1.5-60)*2)", "2*(math.sin(q.anim_time*180*1-60)*2)", 0]
				},
				"mane_tuft_left": {
					"rotation": ["-2*(math.sin(q.anim_time*180*1.5)*1)", "-2*(math.sin(q.anim_time*180*1)*1)", "-2*(math.sin(q.anim_time*180*1)*1)"]
				},
				"mane_tuft_right": {
					"rotation": ["-2*(math.sin(q.anim_time*180*1.5)*1)", "-2*(math.sin(q.anim_time*180*1)*1)", "-2*(math.sin(q.anim_time*180*1)*1)"]
				},
				"mane_tuft_left2": {
					"rotation": ["2*(math.sin(q.anim_time*180*1.5)*1)", "2*(math.sin(q.anim_time*180*1)*1)", "2*(math.sin(q.anim_time*180*1)*1)"]
				},
				"mane_tuft_right2": {
					"rotation": ["2*(math.sin(q.anim_time*180*1.5)*1)", "2*(math.sin(q.anim_time*180*1)*1)", "2*(math.sin(q.anim_time*180*1)*1)"]
				},
				"tuft_head_lower": {
					"rotation": [0, 0, "2*(math.sin(q.anim_time*180*1)*2)"]
				},
				"tuft_head_upper": {
					"rotation": [0, 0, "2*(math.sin(q.anim_time*180*1)*2)"]
				},
				"mane_tuft_right3": {
					"rotation": ["2*(math.sin(q.anim_time*180*1.5)*1)", "2*(math.sin(q.anim_time*180*1)*1)", "2*(math.sin(q.anim_time*180*1)*1)"]
				},
				"mane_tuft_right4": {
					"rotation": ["-3*(math.sin(q.anim_time*180*1.5)*2)", "-3*(math.sin(q.anim_time*180*1)*2)", "-3*(math.sin(q.anim_time*180*1)*2)"]
				},
				"mane_tuft_right5": {
					"rotation": ["-2*(math.sin(q.anim_time*180*1.5)*1)", "-2*(math.sin(q.anim_time*180*1)*1)", "-2*(math.sin(q.anim_time*180*1)*1)"]
				},
				"mane_tuft_left3": {
					"rotation": ["-2*(math.sin(q.anim_time*180*1.5)*1)", "-2*(math.sin(q.anim_time*180*1)*1)", "-2*(math.sin(q.anim_time*180*1)*1)"]
				},
				"mane_tuft_left4": {
					"rotation": ["3*(math.sin(q.anim_time*180*1.5)*2)", "3*(math.sin(q.anim_time*180*1)*2)", "3*(math.sin(q.anim_time*180*1)*2)"]
				},
				"mane_tuft_left5": {
					"rotation": ["2*(math.sin(q.anim_time*180*1.5)*1)", "2*(math.sin(q.anim_time*180*1)*1)", "2*(math.sin(q.anim_time*180*1)*1)"]
				},
				"mane_tuft_lower_left": {
					"rotation": ["2*(math.sin(q.anim_time*180*1.5)*1)", "2*(math.sin(q.anim_time*180*1)*1)", "2*(math.sin(q.anim_time*180*1)*1)"]
				},
				"mane_tuft_lower_right": {
					"rotation": ["2*(math.sin(q.anim_time*180*1.5)*1)", "2*(math.sin(q.anim_time*180*1)*1)", "2*(math.sin(q.anim_time*180*1)*1)"]
				},
				"mane_tuft_lower": {
					"rotation": ["-2*(math.sin(q.anim_time*180*1.5)*1)", "-2*(math.sin(q.anim_time*180*1)*1)", "-2*(math.sin(q.anim_time*180*1)*1)"]
				},
				"mane_tuft_lower_left2": {
					"rotation": ["-2*(math.sin(q.anim_time*180*1.5)*1)", "-2*(math.sin(q.anim_time*180*1)*1)", "-2*(math.sin(q.anim_time*180*1)*1)"]
				},
				"mane_tuft_lower_right2": {
					"rotation": ["-2*(math.sin(q.anim_time*180*1.5)*1)", "-2*(math.sin(q.anim_time*180*1)*1)", "-2*(math.sin(q.anim_time*180*1)*1)"]
				},
				"body": {
					"rotation": [0, -20, 0]
				},
				"upper_torso": {
					"rotation": [5, 0, 0]
				},
				"waist": {
					"rotation": [0, -15, 0],
					"position": [1.25, 0, -1.5]
				}
			}
		},
		"animation.lupayena.ground_walk": {
			"loop": true,
			"animation_length": 1.3333,
			"bones": {
				"torso": {
					"rotation": ["-1.6251+(math.sin((q.anim_time - 0) * 360 / (2/3)) * 1)", 0, "(math.sin((q.anim_time - 0) * 360 / (4/3)) * 1)"],
					"position": [
						"-(math.sin((q.anim_time - 0) * 360 / (4/3)) * 0.5)",
						"0.4688-(math.cos((q.anim_time - 0) * 360 / (2/3)) * 0.2)",
						"-0.5-(math.sin((q.anim_time - 1) * 360 / (2/3)) * 0.5)"
					]
				},
				"mane2": {
					"rotation": ["-5+2*(math.sin(q.anim_time*90*1.5)*2)", "1*(math.sin(q.anim_time*180*1.5)*2)", 0]
				},
				"mane3": {
					"rotation": ["-5+2*(math.sin(q.anim_time*90*1.5)*2)", "1*(math.sin(q.anim_time*180*1.5)*2)", 0]
				},
				"mane_end": {
					"rotation": [-7.5, 0, 0]
				},
				"mane_tuft_left": {
					"rotation": ["2*(math.sin(q.anim_time*90*1.5)*2)", "1*(math.sin(q.anim_time*180*1.5)*2)", "2*(math.sin(q.anim_time*180*1.5)*2)"]
				},
				"mane_tuft_right": {
					"rotation": ["2*(math.sin(q.anim_time*90*1.5)*2)", "1*(math.sin(q.anim_time*180*1.5)*2)", "2*(math.sin(q.anim_time*180*1.5)*2)"]
				},
				"mane_tuft_right2": {
					"rotation": ["2*(math.sin(q.anim_time*90*1.5)*2)", "1*(math.sin(q.anim_time*180*1.5)*2)", "2*(math.sin(q.anim_time*180*1.5)*2)"]
				},
				"mane_tuft_lower_right": {
					"rotation": ["2*(math.sin(q.anim_time*90*1.5)*2)", "1*(math.sin(q.anim_time*180*1.5)*2)", "2*(math.sin(q.anim_time*180*1.5)*2)"]
				},
				"mane_tuft_lower_left": {
					"rotation": ["2*(math.sin(q.anim_time*90*1.5)*2)", "1*(math.sin(q.anim_time*180*1.5)*2)", "2*(math.sin(q.anim_time*180*1.5)*2)"]
				},
				"mane_tuft_lower": {
					"rotation": ["2*(math.sin(q.anim_time*90*1.5)*2)", "1*(math.sin(q.anim_time*180*1.5)*2)", "2*(math.sin(q.anim_time*180*1.5)*2)"]
				},
				"mane_tuft_left5": {
					"rotation": ["2*(math.sin(q.anim_time*90*1.5)*2)", "1*(math.sin(q.anim_time*180*1.5)*2)", "2*(math.sin(q.anim_time*180*1.5)*2)"]
				},
				"mane_tuft_left3": {
					"rotation": ["2*(math.sin(q.anim_time*90*1.5)*2)", "1*(math.sin(q.anim_time*180*1.5)*2)", "2*(math.sin(q.anim_time*180*1.5)*2)"]
				},
				"mane_tuft_right5": {
					"rotation": ["2*(math.sin(q.anim_time*90*1.5)*2)", "1*(math.sin(q.anim_time*180*1.5)*2)", "2*(math.sin(q.anim_time*180*1.5)*2)"]
				},
				"mane_tuft_right4": {
					"rotation": ["2*(math.sin(q.anim_time*90*1.5)*2)", "1*(math.sin(q.anim_time*180*1.5)*2)", "2*(math.sin(q.anim_time*180*1.5)*2)"]
				},
				"mane_tuft_left4": {
					"rotation": ["2*(math.sin(q.anim_time*90*1.5)*2)", "1*(math.sin(q.anim_time*180*1.5)*2)", "2*(math.sin(q.anim_time*180*1.5)*2)"]
				},
				"mane_tuft_right3": {
					"rotation": ["2*(math.sin(q.anim_time*90*1.5)*2)", "1*(math.sin(q.anim_time*180*1.5)*2)", "2*(math.sin(q.anim_time*180*1.5)*2)"]
				},
				"mane_tuft_lower_left2": {
					"rotation": ["2*(math.sin(q.anim_time*90*1.5)*2)", "1*(math.sin(q.anim_time*180*1.5)*2)", "2*(math.sin(q.anim_time*180*1.5)*2)"]
				},
				"mane_tuft_lower_right2": {
					"rotation": ["2*(math.sin(q.anim_time*90*1.5)*2)", "1*(math.sin(q.anim_time*180*1.5)*2)", "2*(math.sin(q.anim_time*180*1.5)*2)"]
				},
				"mane_tuft": {
					"rotation": ["2*(math.sin(q.anim_time*90*1.5)*2)", "1*(math.sin(q.anim_time*180*1.5)*2)", "2*(math.sin(q.anim_time*180*1.5)*2)"]
				},
				"mane_tuft_left2": {
					"rotation": ["2*(math.sin(q.anim_time*90*1.5)*2)", "1*(math.sin(q.anim_time*180*1.5)*2)", "2*(math.sin(q.anim_time*180*1.5)*2)"]
				},
				"head": {
					"rotation": ["- (math.cos((q.anim_time - 0.2) * 360 / (2/3)) * 2)", 0, 0]
				},
				"ear_right": {
					"rotation": [0, 0, "-(math.sin((q.anim_time - 0.14) * 360 / (2/3)) * 2)*2"]
				},
				"ear_left": {
					"rotation": [0, 0, "(math.sin((q.anim_time - 0.1) * 360 / (2/3)) * 2)*2"]
				},
				"tuft_head_lower": {
					"rotation": ["2*(math.sin(q.anim_time*90*1.5)*2)", "1*(math.sin(q.anim_time*180*1.5)*2)", "2*(math.sin(q.anim_time*180*1.5)*2)"]
				},
				"tuft_head_upper": {
					"rotation": ["2*(math.sin(q.anim_time*90*1.5)*2)", "1*(math.sin(q.anim_time*180*1.5)*2)", "2*(math.sin(q.anim_time*180*1.5)*2)"]
				},
				"waist": {
					"position": [0, 0, "-0.5+(math.sin((q.anim_time - 0.45) * 360 / (2/3)) * 0.1)"]
				},
				"waist_tuft_upper": {
					"rotation": ["2*(math.sin(q.anim_time*90*1.5)*2)", "1*(math.sin(q.anim_time*180*1.5)*2)", "2*(math.sin(q.anim_time*180*1.5)*2)"]
				},
				"tail": {
					"rotation": ["2*(math.sin(q.anim_time*90*1.5)*2)", "1*(math.sin(q.anim_time*180*1.5)*2)", 0]
				},
				"tail2": {
					"rotation": ["2*(math.sin(q.anim_time*90*1.5)*2)", "1*(math.sin(q.anim_time*180*1.5)*2)", 0],
					"position": [0, 0.375, -0.375]
				},
				"tuft_upper": {
					"rotation": ["2*(math.sin(q.anim_time*90*1.5)*2)", "1*(math.sin(q.anim_time*180*1.5)*2)", "2*(math.sin(q.anim_time*180*1.5)*2)"]
				},
				"tuft_lower": {
					"rotation": ["2*(math.sin(q.anim_time*90*1.5)*2)", "1*(math.sin(q.anim_time*180*1.5)*2)", "2*(math.sin(q.anim_time*180*1.5)*2)"]
				},
				"tail3": {
					"rotation": ["2*(math.sin(q.anim_time*90*1.5)*2)", "1*(math.sin(q.anim_time*180*1.5)*2)", 0],
					"position": [0, 0.0625, 0.28125]
				},
				"tuft_upper4": {
					"rotation": ["2*(math.sin(q.anim_time*90*1.5)*2)", "1*(math.sin(q.anim_time*180*1.5)*2)", "2*(math.sin(q.anim_time*180*1.5)*2)"]
				},
				"tuft_left_lower": {
					"rotation": ["2*(math.sin(q.anim_time*90*1.5)*2)", "1*(math.sin(q.anim_time*180*1.5)*2)", "2*(math.sin(q.anim_time*180*1.5)*2)"]
				},
				"tuft_right_lower": {
					"rotation": ["2*(math.sin(q.anim_time*90*1.5)*2)", "1*(math.sin(q.anim_time*180*1.5)*2)", "2*(math.sin(q.anim_time*180*1.5)*2)"]
				},
				"tail4": {
					"rotation": ["2*(math.sin(q.anim_time*90*1.5)*2)", "1*(math.sin(q.anim_time*180*1.5)*2)", 0]
				},
				"tuft_upper2": {
					"rotation": ["2*(math.sin(q.anim_time*90*1.5)*2)", "1*(math.sin(q.anim_time*180*1.5)*2)", "2*(math.sin(q.anim_time*180*1.5)*2)"]
				},
				"tuft_lower2": {
					"rotation": ["2*(math.sin(q.anim_time*90*1.5)*2)", "1*(math.sin(q.anim_time*180*1.5)*2)", "2*(math.sin(q.anim_time*180*1.5)*2)"]
				},
				"tail5": {
					"rotation": ["2*(math.sin(q.anim_time*90*1.5)*2)", "1*(math.sin(q.anim_time*180*1.5)*2)", 0]
				},
				"tail6": {
					"rotation": ["2*(math.sin(q.anim_time*90*1.5)*2)", "1*(math.sin(q.anim_time*180*1.5)*2)", 0]
				},
				"tail_end": {
					"rotation": ["2*(math.sin(q.anim_time*90*1.5)*2)", "1*(math.sin(q.anim_time*180*1.5)*2)", 0]
				},
				"tuft_upper3": {
					"rotation": ["2*(math.sin(q.anim_time*90*1.5)*2)", "1*(math.sin(q.anim_time*180*1.5)*2)", "2*(math.sin(q.anim_time*180*1.5)*2)"]
				},
				"tuft_lower3": {
					"rotation": ["2*(math.sin(q.anim_time*90*1.5)*2)", "1*(math.sin(q.anim_time*180*1.5)*2)", "2*(math.sin(q.anim_time*180*1.5)*2)"]
				},
				"waist_tuft_lower": {
					"rotation": ["2*(math.sin(q.anim_time*90*1.5)*2)", "1*(math.sin(q.anim_time*180*1.5)*2)", "2*(math.sin(q.anim_time*180*1.5)*2)"]
				},
				"leg_right": {
					"rotation": {
						"0.0": [-3.22, 0, 0],
						"0.0833": [1.255, 0, 0],
						"0.2083": [6.46875, 0, 0],
						"0.4583": [15.75, 0, 0],
						"0.6667": {
							"pre": [8.34375, 0, 0],
							"post": [8.34375, 0, 0],
							"lerp_mode": "catmullrom"
						},
						"0.8333": {
							"post": [-14.5, 0, 0],
							"lerp_mode": "catmullrom"
						},
						"1.0417": {
							"post": [-25.495, 0, 0],
							"lerp_mode": "catmullrom"
						},
						"1.2083": {
							"post": [-18.9375, 0, 0],
							"lerp_mode": "catmullrom"
						},
						"1.3333": [-3.22, 0, 0]
					},
					"position": {
						"0.0": [0, 1.37625, -1.2],
						"0.0833": [0, 1.58375, -1.1],
						"0.2083": [0, 1.46875, -1],
						"0.4583": [0, 0.86, -0.69],
						"0.5": [0, 0.66, -0.57],
						"0.5833": [0, 0.4575, -0.46],
						"0.6667": {
							"pre": [0, 0.94375, -0.35625],
							"post": [0, 0.94375, -0.35625],
							"lerp_mode": "catmullrom"
						},
						"0.7917": {
							"post": [0, 1.8725, -0.5275],
							"lerp_mode": "catmullrom"
						},
						"0.9583": {
							"post": [0, 2.06625, -1.155],
							"lerp_mode": "catmullrom"
						},
						"1.0833": {
							"post": [0, 1.6575, -1.49375],
							"lerp_mode": "catmullrom"
						},
						"1.2083": {
							"post": [0, 0.65, -1.6],
							"lerp_mode": "catmullrom"
						},
						"1.3333": {
							"post": [0, 1.37625, -1.2],
							"lerp_mode": "catmullrom"
						}
					}
				},
				"knee_right": {
					"rotation": {
						"0.0": [-26.38, 0, 0],
						"0.0833": [-23.96, 0, 0],
						"0.2083": {
							"pre": [-20.5, 0, 0],
							"post": [-20.5, 0, 0],
							"lerp_mode": "catmullrom"
						},
						"0.5": {
							"post": [-15.46, 0, 0],
							"lerp_mode": "catmullrom"
						},
						"0.6667": {
							"post": [5.76875, 0, 0],
							"lerp_mode": "catmullrom"
						},
						"0.7917": {
							"post": [13.73, 0, 0],
							"lerp_mode": "catmullrom"
						},
						"0.9167": {
							"post": [5.875, 0, 0],
							"lerp_mode": "catmullrom"
						},
						"1.0833": {
							"post": [-26.53625, 0, 0],
							"lerp_mode": "catmullrom"
						},
						"1.2083": {
							"post": [-30, 0, 0],
							"lerp_mode": "catmullrom"
						},
						"1.3333": [-26.38, 0, 0]
					},
					"position": {
						"0.0": {
							"post": [0, 0, 0.07813],
							"lerp_mode": "catmullrom"
						},
						"0.5417": {
							"post": [0, 0, 0.01],
							"lerp_mode": "catmullrom"
						},
						"0.6667": {
							"post": [0, 0.3, 0],
							"lerp_mode": "catmullrom"
						},
						"1.0": {
							"post": [0, 0.3, 0],
							"lerp_mode": "catmullrom"
						},
						"1.3333": {
							"post": [0, 0, 0.07813],
							"lerp_mode": "catmullrom"
						}
					}
				},
				"ankle_right": {
					"rotation": {
						"0.0": [1.82, 0, 0],
						"0.0833": [1.0275, 0, 0],
						"0.4167": {
							"pre": [9.08125, 0, 0],
							"post": [9.08125, 0, 0],
							"lerp_mode": "catmullrom"
						},
						"0.5417": {
							"post": [11.60875, 0, 0],
							"lerp_mode": "catmullrom"
						},
						"0.6667": {
							"post": [-6.1875, 0, 0],
							"lerp_mode": "catmullrom"
						},
						"0.875": {
							"post": [-5.21875, 0, 0],
							"lerp_mode": "catmullrom"
						},
						"1.0833": {
							"post": [0.63, 0, 0],
							"lerp_mode": "catmullrom"
						},
						"1.2083": {
							"post": [3, 0, 0],
							"lerp_mode": "catmullrom"
						},
						"1.3333": [1.82, 0, 0]
					}
				},
				"back_paw_right": {
					"rotation": {
						"0.0": {
							"post": [28.29, 0, 0],
							"lerp_mode": "catmullrom"
						},
						"0.2083": {
							"post": [9.15625, 0, 0],
							"lerp_mode": "catmullrom"
						},
						"0.4583": {
							"post": [0, 0, 0],
							"lerp_mode": "catmullrom"
						},
						"0.6667": {
							"post": [21.40625, 0, 0],
							"lerp_mode": "catmullrom"
						},
						"0.875": {
							"post": [48.03125, 0, 0],
							"lerp_mode": "catmullrom"
						},
						"1.0833": {
							"post": [30.50375, 0, 0],
							"lerp_mode": "catmullrom"
						},
						"1.2083": {
							"post": [41.75, 0, 0],
							"lerp_mode": "catmullrom"
						},
						"1.3333": {
							"post": [28.29, 0, 0],
							"lerp_mode": "catmullrom"
						}
					},
					"position": {
						"0.0": [0, 0.27, -0.08],
						"0.0833": [0, 0.16125, -0.0775],
						"0.2083": [0, 0.185, 0.00125],
						"0.4583": [0, 0.06625, 0.0075],
						"0.5417": [0, 0.07, -0.0625],
						"0.5833": [0, 0.09, -0.0725],
						"0.625": [0, 0.205, -0.06],
						"0.6667": [0, 0.2125, -0.1],
						"0.875": [0, -0.05625, -0.5],
						"1.0833": [0, 0.27, -0.04125],
						"1.2083": [0, 0.11875, -0.3375],
						"1.3333": [0, 0.27, -0.08]
					}
				},
				"leg_left": {
					"rotation": {
						"0.0": {
							"post": [8.34375, 0, 0],
							"lerp_mode": "catmullrom"
						},
						"0.1667": {
							"post": [-14.5, 0, 0],
							"lerp_mode": "catmullrom"
						},
						"0.375": {
							"post": [-25.495, 0, 0],
							"lerp_mode": "catmullrom"
						},
						"0.5417": {
							"post": [-18.9375, 0, 0],
							"lerp_mode": "catmullrom"
						},
						"0.6667": [-3.22, 0, 0],
						"0.75": [1.255, 0, 0],
						"0.875": [6.46875, 0, 0],
						"1.125": [15.75, 0, 0],
						"1.3333": [8.34375, 0, 0]
					},
					"position": {
						"0.0": {
							"post": [0, 0.94375, -0.25625],
							"lerp_mode": "catmullrom"
						},
						"0.125": {
							"post": [0, 1.8725, -0.4275],
							"lerp_mode": "catmullrom"
						},
						"0.2917": {
							"post": [0, 2.06625, -1.055],
							"lerp_mode": "catmullrom"
						},
						"0.4167": {
							"post": [0, 1.6575, -1.39375],
							"lerp_mode": "catmullrom"
						},
						"0.5417": {
							"post": [0, 0.65, -1.5],
							"lerp_mode": "catmullrom"
						},
						"0.6667": {
							"post": [0, 1.37625, -1.1],
							"lerp_mode": "catmullrom"
						},
						"0.75": [0, 1.58375, -1],
						"0.875": [0, 1.46875, -0.9],
						"1.125": [0, 0.86, -0.59],
						"1.1667": [0, 0.66, -0.47],
						"1.2083": [0, 0.5575, -0.36],
						"1.3333": [0, 0.94375, -0.25625]
					}
				},
				"knee_left": {
					"rotation": {
						"0.0": {
							"post": [5.76875, 0, 0],
							"lerp_mode": "catmullrom"
						},
						"0.125": {
							"post": [13.73, 0, 0],
							"lerp_mode": "catmullrom"
						},
						"0.25": {
							"post": [5.875, 0, 0],
							"lerp_mode": "catmullrom"
						},
						"0.4167": {
							"post": [-26.53625, 0, 0],
							"lerp_mode": "catmullrom"
						},
						"0.5417": {
							"post": [-30, 0, 0],
							"lerp_mode": "catmullrom"
						},
						"0.6667": [-26.38, 0, 0],
						"0.75": [-23.96, 0, 0],
						"0.875": {
							"pre": [-20.5, 0, 0],
							"post": [-20.5, 0, 0],
							"lerp_mode": "catmullrom"
						},
						"1.1667": {
							"post": [-13.91875, 0, 0],
							"lerp_mode": "catmullrom"
						},
						"1.3333": {
							"post": [5.76875, 0, 0],
							"lerp_mode": "catmullrom"
						}
					},
					"position": {
						"0.0": {
							"post": [0, 0.3, 0],
							"lerp_mode": "catmullrom"
						},
						"0.3333": {
							"post": [0, 0.3, 0],
							"lerp_mode": "catmullrom"
						},
						"0.6667": {
							"post": [0, 0, 0.07813],
							"lerp_mode": "catmullrom"
						},
						"1.2083": {
							"post": [0, 0, 0.01],
							"lerp_mode": "catmullrom"
						},
						"1.3333": {
							"post": [0, 0.3, 0],
							"lerp_mode": "catmullrom"
						}
					}
				},
				"ankle_left": {
					"rotation": {
						"0.0": {
							"post": [-6.1875, 0, 0],
							"lerp_mode": "catmullrom"
						},
						"0.2083": {
							"post": [-5.21875, 0, 0],
							"lerp_mode": "catmullrom"
						},
						"0.4167": {
							"post": [0.63, 0, 0],
							"lerp_mode": "catmullrom"
						},
						"0.5417": {
							"post": [3, 0, 0],
							"lerp_mode": "catmullrom"
						},
						"0.6667": [1.82, 0, 0],
						"0.75": [1.0275, 0, 0],
						"1.2083": {
							"pre": [9.10875, 0, 0],
							"post": [9.10875, 0, 0],
							"lerp_mode": "catmullrom"
						},
						"1.3333": {
							"post": [-6.1875, 0, 0],
							"lerp_mode": "catmullrom"
						}
					}
				},
				"back_paw_left": {
					"rotation": {
						"0.0": {
							"post": [21.40625, 0, 0],
							"lerp_mode": "catmullrom"
						},
						"0.2083": {
							"post": [48.03125, 0, 0],
							"lerp_mode": "catmullrom"
						},
						"0.4167": {
							"post": [30.50375, 0, 0],
							"lerp_mode": "catmullrom"
						},
						"0.5417": {
							"post": [41.75, 0, 0],
							"lerp_mode": "catmullrom"
						},
						"0.6667": {
							"post": [28.29, 0, 0],
							"lerp_mode": "catmullrom"
						},
						"0.875": {
							"post": [9.15625, 0, 0],
							"lerp_mode": "catmullrom"
						},
						"1.125": {
							"post": [0, 0, 0],
							"lerp_mode": "catmullrom"
						},
						"1.3333": {
							"post": [21.40625, 0, 0],
							"lerp_mode": "catmullrom"
						}
					},
					"position": {
						"0.0": [0, 0.27, -0.08],
						"0.2083": [0, 0.36625, -0.0925],
						"0.4167": [0, 0.21875, -0.1375],
						"0.5417": [0, 0.37, -0.18],
						"0.6667": [0, 0.27, -0.08],
						"0.75": [0, 0.16125, -0.0775],
						"0.875": [0, 0.185, 0.00125],
						"1.125": [0, 0.06625, 0.0075],
						"1.2083": [0, 0.07, -0.0625],
						"1.25": [0, 0.09, -0.0725],
						"1.2917": [0, 0.205, -0.06],
						"1.3333": [0, 0.27, -0.08]
					}
				},
				"leg_front_right": {
					"rotation": {
						"0.0": {
							"post": [-25, 0, 0],
							"lerp_mode": "catmullrom"
						},
						"0.3333": {
							"post": [0, 0, 0],
							"lerp_mode": "catmullrom"
						},
						"0.6667": {
							"post": [35, 0, 0],
							"lerp_mode": "catmullrom"
						},
						"1.3333": {
							"post": [-25, 0, 0],
							"lerp_mode": "catmullrom"
						}
					},
					"position": {
						"0.0": {
							"post": [0, -1, -1],
							"lerp_mode": "catmullrom"
						},
						"0.3333": {
							"post": [0, 0, 0],
							"lerp_mode": "catmullrom"
						},
						"0.6667": {
							"post": [0, -1.25, 0.5],
							"lerp_mode": "catmullrom"
						},
						"1.0": {
							"post": [0, 1.25, 0],
							"lerp_mode": "catmullrom"
						},
						"1.3333": {
							"post": [0, -1, -1],
							"lerp_mode": "catmullrom"
						}
					}
				},
				"foot_front_right": {
					"rotation": {
						"0.0": {
							"post": [25, 0, 0],
							"lerp_mode": "catmullrom"
						},
						"0.3333": {
							"post": [0, 0, 0],
							"lerp_mode": "catmullrom"
						},
						"0.6667": {
							"post": [-35.00893, 0.44497, 0.67826],
							"lerp_mode": "catmullrom"
						},
						"1.0": {
							"post": [10, 0, 0],
							"lerp_mode": "catmullrom"
						},
						"1.3333": {
							"post": [25, 0, 0],
							"lerp_mode": "catmullrom"
						}
					},
					"position": {
						"0.0": {
							"post": [0, 1, -0.5],
							"lerp_mode": "catmullrom"
						},
						"0.3333": {
							"post": [0, 0, 0],
							"lerp_mode": "catmullrom"
						},
						"0.6667": {
							"post": [0, 0, 0],
							"lerp_mode": "catmullrom"
						},
						"1.0": {
							"post": [0, 0.5, -0.25],
							"lerp_mode": "catmullrom"
						},
						"1.3333": {
							"post": [0, 1, -0.5],
							"lerp_mode": "catmullrom"
						}
					}
				},
				"leg_front_left": {
					"rotation": {
						"0.0": {
							"post": [35, 0, 0],
							"lerp_mode": "catmullrom"
						},
						"0.6667": {
							"post": [0, 0, 0],
							"lerp_mode": "catmullrom"
						},
						"1.3333": {
							"post": [35, 0, 0],
							"lerp_mode": "catmullrom"
						}
					},
					"position": {
						"0.0": {
							"post": [0, -0.85, 0.5],
							"lerp_mode": "catmullrom"
						},
						"0.3333": {
							"post": [0, 1.25, 0],
							"lerp_mode": "catmullrom"
						},
						"0.6667": {
							"post": [0, 0, 0],
							"lerp_mode": "catmullrom"
						},
						"1.3333": {
							"post": [0, -0.85, 0.5],
							"lerp_mode": "catmullrom"
						}
					}
				},
				"front_front_left": {
					"rotation": {
						"0.0": {
							"post": [-35.00893, 0.44497, 0.67826],
							"lerp_mode": "catmullrom"
						},
						"0.3333": {
							"post": [10, 0, 0],
							"lerp_mode": "catmullrom"
						},
						"0.6667": {
							"post": [0, 0, 0],
							"lerp_mode": "catmullrom"
						},
						"1.3333": {
							"post": [-35.00893, 0.44497, 0.67826],
							"lerp_mode": "catmullrom"
						}
					},
					"position": {
						"0.0": {
							"post": [0, 0, 0],
							"lerp_mode": "catmullrom"
						},
						"0.3333": {
							"post": [0, 0.5, -0.25],
							"lerp_mode": "catmullrom"
						},
						"0.6667": {
							"post": [0, 0, 0],
							"lerp_mode": "catmullrom"
						},
						"1.3333": {
							"post": [0, 0, 0],
							"lerp_mode": "catmullrom"
						}
					}
				},
				"front_paw_left": {
					"rotation": {
						"0.0": {
							"post": [0, 0, 0],
							"lerp_mode": "catmullrom"
						},
						"0.3333": {
							"post": [35, 0, 0],
							"lerp_mode": "catmullrom"
						},
						"0.6667": {
							"post": [0, 0, 0],
							"lerp_mode": "catmullrom"
						},
						"1.3333": {
							"post": [0, 0, 0],
							"lerp_mode": "catmullrom"
						}
					},
					"position": {
						"0.0": {
							"post": [0, 0, 0],
							"lerp_mode": "catmullrom"
						},
						"0.3333": {
							"post": [0, 0.5, 0],
							"lerp_mode": "catmullrom"
						},
						"0.6667": {
							"post": [0, 0, 0],
							"lerp_mode": "catmullrom"
						},
						"1.3333": {
							"post": [0, 0, 0],
							"lerp_mode": "catmullrom"
						}
					}
				},
				"front_paw_right": {
					"rotation": {
						"0.0": {
							"post": [0, 0, 0],
							"lerp_mode": "catmullrom"
						},
						"0.3333": {
							"post": [0, 0, 0],
							"lerp_mode": "catmullrom"
						},
						"0.6667": {
							"post": [0, 0, 0],
							"lerp_mode": "catmullrom"
						},
						"1.0": {
							"post": [35, 0, 0],
							"lerp_mode": "catmullrom"
						},
						"1.3333": {
							"post": [0, 0, 0],
							"lerp_mode": "catmullrom"
						}
					},
					"position": {
						"0.0": {
							"post": [0, 0, 0],
							"lerp_mode": "catmullrom"
						},
						"0.3333": {
							"post": [0, 0, 0],
							"lerp_mode": "catmullrom"
						},
						"0.6667": {
							"post": [0, 0, 0],
							"lerp_mode": "catmullrom"
						},
						"1.0": {
							"post": [0, 0.5, 0],
							"lerp_mode": "catmullrom"
						},
						"1.3333": {
							"post": [0, 0, 0],
							"lerp_mode": "catmullrom"
						}
					}
				},
				"paw_front_left": {
					"rotation": {
						"0.0": {
							"post": [0, 0, 0],
							"lerp_mode": "catmullrom"
						},
						"0.6667": {
							"post": [0, 0, 0],
							"lerp_mode": "catmullrom"
						},
						"1.0": {
							"post": [37.5, 0, 0],
							"lerp_mode": "catmullrom"
						},
						"1.3333": {
							"post": [0, 0, 0],
							"lerp_mode": "catmullrom"
						}
					}
				},
				"claw_front_right": {
					"rotation": {
						"0.0": {
							"post": [0, 0, 0],
							"lerp_mode": "catmullrom"
						},
						"0.6667": {
							"post": [0, 0, 0],
							"lerp_mode": "catmullrom"
						},
						"1.0": {
							"post": [37.5, 0, 0],
							"lerp_mode": "catmullrom"
						},
						"1.3333": {
							"post": [0, 0, 0],
							"lerp_mode": "catmullrom"
						}
					}
				}
			}
		},
		"animation.lupayena.blink": {
			"animation_length": 0.1667,
			"bones": {
				"eye_right": {
					"position": {
						"0.0": [0.25, 0, 0.25],
						"0.125": [0, 0, 0]
					}
				},
				"eye_left": {
					"position": {
						"0.0": [-0.25, 0, 0.25],
						"0.125": [0, 0, 0]
					}
				},
				"eyelid_right": {
					"position": {
						"0.0": [-1.01, 0, -1.01],
						"0.125": [-1.01, 0, -1.01],
						"0.1667": [-0.75, 0, -0.75]
					}
				},
				"eyelid_left": {
					"position": {
						"0.0": [1.01, 0, -1.01],
						"0.125": [1.01, 0, -1.01],
						"0.1667": [0, 0, 0]
					}
				}
			}
		},
		"animation.lupayena.quirk": {
			"animation_length": 3,
			"bones": {
				"torso": {
					"rotation": {
						"0.0": [0, 0, 0],
						"0.1667": ["math.sin(q.anim_time*90*16)*0.5", 0, 0],
						"3.0": [0, 0, 0]
					}
				},
				"upper_torso": {
					"rotation": {
						"0.0": [0, 0, 0],
						"0.1667": ["math.sin(q.anim_time*90*16+60)*0.5", 0, 0],
						"1.25": ["math.sin(q.anim_time*90*16+60)*1", 0, 0],
						"3.0": [0, 0, 0]
					}
				},
				"head": {
					"rotation": {
						"0.0": [0, 0, 0],
						"0.1667": ["15+math.sin(q.anim_time*90*16-90)*4", 0, 0],
						"1.0": [15, 0, 0],
						"1.2083": ["-17.5+math.sin(q.anim_time*90*16-90)*5", 0, 0],
						"2.4167": [-17.5, 0, 0],
						"3.0": [0, 0, 0]
					},
					"position": {
						"0.0": [0, 0, 0],
						"0.1667": [0, 0, 0.5],
						"1.0": [0, 0, 0],
						"1.2083": [0, 0, 0.2],
						"2.4167": [0, 0, 0.45],
						"2.75": [0, 0, 0.5],
						"3.0": [0, 0, 0]
					}
				},
				"jaw": {
					"rotation": {
						"0.0": [0, 0, 0],
						"0.1667": ["math.sin(q.anim_time*90*16)*8+8", 0, 0],
						"1.0": ["math.sin(q.anim_time*90*10)*3+3", 0, 0],
						"1.25": ["2+math.sin(q.anim_time*90*10)*10+32+math.sin(q.anim_time*90*16)*8", 0, 0],
						"2.4167": ["2+math.sin(q.anim_time*90*10)*10+32+math.sin(q.anim_time*90*16)*8", 0, 0],
						"3.0": [0, 0, 0]
					}
				},
				"ear_right": {
					"rotation": {
						"0.0": [0, 0, 0],
						"0.1667": [0, 0, "5+math.sin(q.anim_time*90*16-150)*6"],
						"0.9167": [0, 0, "-(math.sin(q.anim_time*90*16-150)*2)"],
						"1.2083": [0, -12.5, -16.75],
						"1.3333": [0, 0, "-27.5+math.sin(q.anim_time*90*16-150)*8"],
						"1.5417": [22.5, -4.7619, -29.70536],
						"2.2083": [0, -20, -11.1625],
						"2.4167": [15.27778, -14.73684, -8.225],
						"2.5833": [5, -10.52632, -5.875],
						"2.9167": [1.00256, -4.60488, -1.21876],
						"3.0": [0, 0, 0]
					}
				},
				"ear_left": {
					"rotation": {
						"0.0": [0, 0, 0],
						"0.1667": [0, 0, "-5+math.sin(q.anim_time*90*16-150)*6"],
						"0.9167": [0, 0, "math.sin(q.anim_time*90*16-150)*2"],
						"1.2083": [0, 2.5, 22.35],
						"1.2917": [0, 10.83333, 20.45],
						"1.3333": [0, 0, "27.5+math.sin(q.anim_time*90*16-150)*8"],
						"1.5417": [22.5, 4.7619, 17.51488],
						"2.2083": [0, 20, 11.1625],
						"2.4167": [15.27778, 14.73684, 8.225],
						"2.5833": [5, 10.52632, 5.875],
						"2.9167": [1.00256, 4.60488, 1.21876],
						"3.0": [0, 0, 0]
					}
				}
			},
			"sound_effects": {
				"0.1667": {
					"effect": "pokemon.lupayena.quirk1"
				}
			}
		},
		"animation.lupayena.cry": {
			"animation_length": 1.6667,
			"bones": {
				"hip": {
					"rotation": {
						"0.0": [0, 0, 0],
						"0.625": [0, 0, "math.sin(q.anim_time*90*18-60)*2"],
						"1.25": [0, 0, "math.sin(q.anim_time*90*18-60)*1.5"],
						"1.5": [0, 0, 0]
					}
				},
				"fluff_tip_left": {
					"rotation": {
						"0.0": [0, 0, 0],
						"0.625": [0, 0, "-(math.sin(q.anim_time*90*18-60)*4)"],
						"1.25": [0, 0, "-(math.sin(q.anim_time*90*18-60)*1.5)"],
						"1.5": [0, 0, 0]
					}
				},
				"fluff_tip_right": {
					"rotation": {
						"0.0": [0, 0, 0],
						"0.625": [0, 0, "math.sin(q.anim_time*90*18-60)*4"],
						"1.25": [0, 0, "math.sin(q.anim_time*90*18-60)*1.5"],
						"1.5": [0, 0, 0]
					}
				},
				"tail_tip": {
					"rotation": {
						"0.0": [0, 0, 0],
						"0.625": [0, 0, "math.sin(q.anim_time*90*18-300)*13"],
						"1.25": [0, 0, "math.sin(q.anim_time*90*18-300)*4"],
						"1.5": [0, 0, 0]
					}
				},
				"chest": {
					"rotation": {
						"0.0": [0, 0, 0],
						"0.625": [0, 0, "math.sin(q.anim_time*90*18-20)*2"],
						"1.25": [0, 0, "math.sin(q.anim_time*90*18-20)*1.5"],
						"1.5": [0, 0, 0]
					}
				},
				"torso_fluff_left": {
					"rotation": {
						"0.0": [0, 0, 0],
						"0.625": [0, 0, "math.sin(q.anim_time*90*18-60)*4"],
						"1.25": [0, 0, "math.sin(q.anim_time*90*18-60)*1.5"],
						"1.5": [0, 0, 0]
					}
				},
				"torso_fluff_right": {
					"rotation": {
						"0.0": [0, 0, 0],
						"0.625": [0, 0, "-(math.sin(q.anim_time*90*18-60)*4)"],
						"1.25": [0, 0, "-(math.sin(q.anim_time*90*18-60)*1.5)"],
						"1.5": [0, 0, 0]
					}
				},
				"neck": {
					"rotation": {
						"0.0": {
							"post": [0, 0, 0],
							"lerp_mode": "catmullrom"
						},
						"0.125": {
							"post": [-4, 0, 0],
							"lerp_mode": "catmullrom"
						},
						"0.4583": {
							"post": [13.5, 0, 0],
							"lerp_mode": "catmullrom"
						},
						"0.7083": {
							"post": [8.5, 0, 0],
							"lerp_mode": "catmullrom"
						},
						"0.8333": {
							"post": [16, 0, 0],
							"lerp_mode": "catmullrom"
						},
						"1.0": {
							"post": [26, 0, 0],
							"lerp_mode": "catmullrom"
						},
						"1.375": {
							"post": [0, 0, 0],
							"lerp_mode": "catmullrom"
						}
					}
				},
				"neck2": {
					"rotation": {
						"0.0": [0, 0, 0],
						"0.625": [0, 0, "math.sin(q.anim_time*90*18-60)*2"],
						"1.25": [0, 0, "math.sin(q.anim_time*90*18-60)*1.5"],
						"1.5": [0, 0, 0]
					}
				},
				"neck_fluff_left": {
					"rotation": {
						"0.0": [0, 0, 0],
						"0.625": [0, 0, "-(math.sin(q.anim_time*90*18-60)*7)"],
						"1.25": [0, 0, "-(math.sin(q.anim_time*90*18-60)*1.5)"],
						"1.5": [0, 0, 0]
					}
				},
				"neck_fluff_right": {
					"rotation": {
						"0.0": [0, 0, 0],
						"0.625": [0, 0, "math.sin(q.anim_time*90*18-60)*7"],
						"1.25": [0, 0, "math.sin(q.anim_time*90*18-60)*1.5"],
						"1.5": [0, 0, 0]
					}
				},
				"torso": {
					"rotation": {
						"0.0": [0, 0, 0],
						"0.625": [0, 0, "math.sin(q.anim_time*90*18 )*2"],
						"1.25": [0, 0, "math.sin(q.anim_time*90*18)*1.5"],
						"1.5": [0, 0, 0]
					}
				},
				"head": {
					"rotation": {
						"0.0": {
							"post": [0, 0, 0],
							"lerp_mode": "catmullrom"
						},
						"0.125": {
							"post": [14.48678, -0.62576, 2.42047],
							"lerp_mode": "catmullrom"
						},
						"0.25": {
							"post": [6.95501, -0.76037, -4.02792],
							"lerp_mode": "catmullrom"
						},
						"0.375": {
							"post": [-4.45562, -0.60155, 2.30547],
							"lerp_mode": "catmullrom"
						},
						"0.4583": {
							"post": [-10.41214, -1.363, -7.37581],
							"lerp_mode": "catmullrom"
						},
						"0.5833": {
							"post": [-9.77986, 1.31391, 6.76171],
							"lerp_mode": "catmullrom"
						},
						"0.7083": {
							"post": [-9.96271, -0.86717, -4.92442],
							"lerp_mode": "catmullrom"
						},
						"0.8333": {
							"post": [-16.33969, 0.96441, 3.21954],
							"lerp_mode": "catmullrom"
						},
						"0.9583": {
							"post": [-20.21394, -3.48647, -9.37834],
							"lerp_mode": "catmullrom"
						},
						"1.0833": {
							"post": [-9.99037, -0.04246, 6.73181],
							"lerp_mode": "catmullrom"
						},
						"1.1667": {
							"post": [-3.0471, 0.13298, 1.49646],
							"lerp_mode": "catmullrom"
						},
						"1.5417": [0, 0, 0]
					}
				},
				"jaw": {
					"rotation": {
						"0.0": [0, 0, 0],
						"0.125": {
							"pre": [14.5, 0, 0],
							"post": [14.5, 0, 0],
							"lerp_mode": "catmullrom"
						},
						"0.4167": {
							"post": [19.5, 0, 0],
							"lerp_mode": "catmullrom"
						},
						"0.5417": {
							"post": [2, 0, 0],
							"lerp_mode": "catmullrom"
						},
						"0.625": {
							"post": [15, 0, 0],
							"lerp_mode": "catmullrom"
						},
						"0.7083": {
							"post": [14.1, 0, 0],
							"lerp_mode": "catmullrom"
						},
						"0.8333": {
							"post": [1, 0, 0],
							"lerp_mode": "catmullrom"
						},
						"0.9167": {
							"post": [20, 0, 0],
							"lerp_mode": "catmullrom"
						},
						"1.0833": {
							"post": [18.55, 0, 0],
							"lerp_mode": "catmullrom"
						},
						"1.25": {
							"post": [2.91, 0, 0],
							"lerp_mode": "catmullrom"
						},
						"1.6667": [0, 0, 0]
					}
				},
				"ear_right": {
					"rotation": {
						"0.0": [0, 0, 0],
						"0.625": ["2.5+math.sin(q.anim_time*90*4-90)*6.7462", "-12.4172+math.sin(q.anim_time*90*18-90)*9", "math.sin(q.anim_time*90*18-90)*-7.4595"],
						"0.9583": [4.54237, -36.4053, -2.9605],
						"1.25": ["math.sin(q.anim_time*90*4-90)*-1", "math.sin(q.anim_time*90*18-90)*1", "math.sin(q.anim_time*90*18-90)*-4"],
						"1.5": [0, 0, 0]
					}
				},
				"ear_left": {
					"rotation": {
						"0.0": [0, 0, 0],
						"0.625": ["2.5+math.sin(q.anim_time*90*4-90)*6.7462", "12.4172-math.sin(q.anim_time*90*18-90)*9", "-math.sin(q.anim_time*90*18-90)*-7.4595"],
						"0.9583": [4.54237, 36.40532, 2.96047],
						"1.25": ["math.sin(q.anim_time*90*4-90)*-1", "math.sin(q.anim_time*90*18-90)*-1", "math.sin(q.anim_time*90*18-90)*-4"],
						"1.5": [0, 0, 0]
					}
				},
				"eyelid_right": {
					"position": {
						"0.0833": [-0.75, 0, -0.75],
						"0.125": [-1.01, 0, -1.01],
						"0.4167": [-1.01, 0, -1.01],
						"0.4583": [-0.75, 0, -0.75]
					}
				},
				"eyelid_left": {
					"position": {
						"0.0833": [0.75, 0, -0.75],
						"0.125": [1.01, 0, -1.01],
						"0.4167": [1.01, 0, -1.01],
						"0.4583": [0.75, 0, -0.75]
					}
				},
				"tail": {
					"rotation": {
						"0.0": [0, 0, 0],
						"0.625": [0, 0, "math.sin(q.anim_time*90*18-120)*6"],
						"1.25": [0, 0, "math.sin(q.anim_time*90*18-120)*2"],
						"1.5": [0, 0, 0]
					}
				},
				"tail2": {
					"rotation": {
						"0.0": [0, 0, 0],
						"0.625": [0, 0, "math.sin(q.anim_time*90*18-180)*10"],
						"1.25": [0, 0, "math.sin(q.anim_time*90*18-180)*2"],
						"1.5": [0, 0, 0]
					}
				},
				"tail3": {
					"rotation": {
						"0.0": [0, 0, 0],
						"0.625": [0, 0, "math.sin(q.anim_time*90*18-240)*10"],
						"1.25": [0, 0, "math.sin(q.anim_time*90*18-240)*3"],
						"1.5": [0, 0, 0]
					}
				}
			},
			"sound_effects": {
				"0.125": {
					"effect": "pokemon.lupayena.cry"
				}
			}
		},
		"animation.lupayena.recoil": {
			"animation_length": 1.5,
			"bones": {
				"torso": {
					"rotation": {
						"0.0": [0, 0, 0],
						"0.125": [-7, 0, 0],
						"0.4583": {
							"pre": [2.24067, 0, 0],
							"post": [2.24067, 0, 0],
							"lerp_mode": "catmullrom"
						},
						"0.8333": {
							"post": [2.24067, 0, 0],
							"lerp_mode": "catmullrom"
						},
						"1.2917": [0, 0, 0]
					}
				},
				"head": {
					"rotation": {
						"0.0": [0, 0, 0],
						"0.125": {
							"pre": [10, 0, 0],
							"post": [10, 0, 0],
							"lerp_mode": "catmullrom"
						},
						"0.25": {
							"post": [-10, 0, 0],
							"lerp_mode": "catmullrom"
						},
						"0.5833": {
							"post": [-10, 0, 0],
							"lerp_mode": "catmullrom"
						},
						"0.9583": {
							"post": [0, 0, 0],
							"lerp_mode": "catmullrom"
						},
						"1.3333": [0, 0, 0]
					}
				},
				"eye_right": {
					"position": {
						"0.0": [0.25, 0, 0.25],
						"0.125": [0, 0, 0]
					}
				},
				"eye_left": {
					"position": {
						"0.0": [-0.25, 0, 0.25],
						"0.125": [0, 0, 0]
					}
				},
				"eyelid_right": {
					"position": {
						"0.0": [-1.01, 0, -1.01],
						"0.125": [-1.01, 0, -1.01],
						"0.3333": [0, 0, 0]
					}
				},
				"eyelid_left": {
					"position": {
						"0.0": [1.01, 0, -1.01],
						"0.125": [1.01, 0, -1.01],
						"0.3333": [0, 0, 0]
					}
				},
				"tail": {
					"rotation": {
						"0.0": [0, 0, 0],
						"0.1667": {
							"pre": [10, 0, 0],
							"post": [10, 0, 0],
							"lerp_mode": "catmullrom"
						},
						"0.625": {
							"post": [7.88, 0, 0],
							"lerp_mode": "catmullrom"
						},
						"1.3333": [0, 0, 0]
					}
				}
			}
		},
		"animation.lupayena.sleep": {
			"loop": true,
			"bones": {
				"torso": {
					"position": [0, -4.5, 0]
				},
				"mane3": {
					"rotation": [-12.5, 0, 0]
				},
				"mane_end": {
					"rotation": ["-47.5+2*(math.sin(q.anim_time*180*1)*2)", 0, 0]
				},
				"mane_tuft_left": {
					"rotation": ["-2*(math.sin(q.anim_time*180*1.5)*1)", "-2*(math.sin(q.anim_time*180*1)*1)", "-2*(math.sin(q.anim_time*180*1)*1)"]
				},
				"mane_tuft_right": {
					"rotation": ["-2*(math.sin(q.anim_time*180*1.5)*1)", "-2*(math.sin(q.anim_time*180*1)*1)", "-2*(math.sin(q.anim_time*180*1)*1)"]
				},
				"mane_tuft_right2": {
					"rotation": ["2*(math.sin(q.anim_time*180*1.5)*1)", "2*(math.sin(q.anim_time*180*1)*1)", "2*(math.sin(q.anim_time*180*1)*1)"]
				},
				"mane_tuft_lower_right": {
					"rotation": ["2*(math.sin(q.anim_time*180*1.5)*1)", "-2*(math.sin(q.anim_time*180*1)*1)", "50-2*(math.sin(q.anim_time*180*1)*1)"]
				},
				"mane_tuft_lower_left": {
					"rotation": ["2*(math.sin(q.anim_time*180*1.5)*1)", "2*(math.sin(q.anim_time*180*1)*1)", "-50+2*(math.sin(q.anim_time*180*1)*1)"]
				},
				"mane_tuft_lower": {
					"rotation": ["-2*(math.sin(q.anim_time*180*1.5)*1)", "-2*(math.sin(q.anim_time*180*1)*1)", "-2*(math.sin(q.anim_time*180*1)*1)"]
				},
				"mane_tuft_left5": {
					"rotation": ["2*(math.sin(q.anim_time*180*1.5)*1)", "2*(math.sin(q.anim_time*180*1)*1)", "2*(math.sin(q.anim_time*180*1)*1)"]
				},
				"mane_tuft_left3": {
					"rotation": ["-2*(math.sin(q.anim_time*180*1.5)*1)", "-2*(math.sin(q.anim_time*180*1)*1)", "-2*(math.sin(q.anim_time*180*1)*1)"]
				},
				"mane_tuft_right5": {
					"rotation": ["-2*(math.sin(q.anim_time*180*1.5)*1)", "-2*(math.sin(q.anim_time*180*1)*1)", "-2*(math.sin(q.anim_time*180*1)*1)"]
				},
				"mane_tuft_right4": {
					"rotation": ["-3*(math.sin(q.anim_time*180*1.5)*2)", "-3*(math.sin(q.anim_time*180*1)*2)", "-3*(math.sin(q.anim_time*180*1)*2)"]
				},
				"mane_tuft_left4": {
					"rotation": ["3*(math.sin(q.anim_time*180*1.5)*2)", "3*(math.sin(q.anim_time*180*1)*2)", "3*(math.sin(q.anim_time*180*1)*2)"]
				},
				"mane_tuft_right3": {
					"rotation": ["2*(math.sin(q.anim_time*180*1.5)*1)", "2*(math.sin(q.anim_time*180*1)*1)", "2*(math.sin(q.anim_time*180*1)*1)"]
				},
				"mane_tuft_lower_left2": {
					"rotation": ["-2*(math.sin(q.anim_time*180*1.5)*1)", "-2*(math.sin(q.anim_time*180*1)*1)", "-2*(math.sin(q.anim_time*180*1)*1)"]
				},
				"mane_tuft_lower_right2": {
					"rotation": ["-2*(math.sin(q.anim_time*180*1.5)*1)", "-2*(math.sin(q.anim_time*180*1)*1)", "-2*(math.sin(q.anim_time*180*1)*1)"]
				},
				"mane_tuft": {
					"rotation": ["2*(math.sin(q.anim_time*180*1.5)*1)", "2*(math.sin(q.anim_time*180*1)*1)", "2*(math.sin(q.anim_time*180*1)*1)"]
				},
				"mane_tuft_left2": {
					"rotation": ["2*(math.sin(q.anim_time*180*1.5)*1)", "2*(math.sin(q.anim_time*180*1)*1)", "2*(math.sin(q.anim_time*180*1)*1)"]
				},
				"head": {
					"rotation": ["7 - (math.cos((q.anim_time - 0.5 + (math.cos((q.anim_time - 0.5) * 360 / 2 ) * 0.05)) * 360 / 2 ) * 0.5) + 0.5", 0, 0],
					"position": [0, 0, 0.25]
				},
				"ear_right": {
					"rotation": [
						"-(math.cos((q.anim_time - 0.65 + (math.cos((q.anim_time - 0.65) * 360 / 2 ) * 0.05)) * 360 / 2 ) * 2) + 2",
						"((math.cos((q.anim_time - 0.52 + (math.cos((q.anim_time - 0.52) * 360 / 2 ) * 0.05)) * 360 / 2 ) * 1) - 1)",
						"((math.cos((q.anim_time - 0.65 + (math.cos((q.anim_time - 0.65) * 360 / 2 ) * 0.05)) * 360 / 2 ) * 0.5) - 0.5)"
					]
				},
				"ear_left": {
					"rotation": [
						"-(math.cos((q.anim_time - 0.6 + (math.cos((q.anim_time - 0.6) * 360 / 2 ) * 0.05)) * 360 / 2 ) * 2) + 2",
						"-(math.cos((q.anim_time - 0.55 + (math.cos((q.anim_time - 0.55) * 360 / 2 ) * 0.05)) * 360 / 2 ) * 1) + 1",
						"-(math.cos((q.anim_time - 0.6 + (math.cos((q.anim_time - 0.6) * 360 / 2 ) * 0.05)) * 360 / 2 ) * 0.5) + 0.5"
					]
				},
				"eye_right": {
					"position": [0.25, 0, 0.25]
				},
				"eye_left": {
					"position": [-0.25, 0, 0.25]
				},
				"eyelid_right": {
					"position": [-1.01, 0, -1.01]
				},
				"eyelid_left": {
					"position": [1.01, 0, -1.01]
				},
				"tuft_head_lower": {
					"rotation": [0, 0, "2*(math.sin(q.anim_time*180*1)*2)"]
				},
				"tuft_head_upper": {
					"rotation": [0, 0, "2*(math.sin(q.anim_time*180*1)*2)"]
				},
				"waist": {
					"rotation": [-25, 0, 0],
					"position": [0, -1.5, -1]
				},
				"waist_tuft_upper": {
					"rotation": [0, 0, "2*(math.sin(q.anim_time*180*1)*2)"]
				},
				"tail": {
					"rotation": [17.64168, 7.15102, 2.26708]
				},
				"tuft_upper": {
					"rotation": ["2*(math.sin(q.anim_time*180*1.5)*1)", "2*(math.sin(q.anim_time*180*1)*1)", "2*(math.sin(q.anim_time*180*1)*1)"]
				},
				"tail3": {
					"rotation": [0, -27.5, 0],
					"position": [0.5, 0, -5.25]
				},
				"tuft_upper4": {
					"rotation": ["-2*(math.sin(q.anim_time*180*1.5)*1)", "-2*(math.sin(q.anim_time*180*1)*1)", "-2*(math.sin(q.anim_time*180*1)*1)"]
				},
				"tuft_left_lower": {
					"rotation": [0, 0, -80]
				},
				"tuft_right_lower": {
					"rotation": [0, 0, 80]
				},
				"tail4": {
					"rotation": [-12.5, -25, 0],
					"position": [0, 0, -3]
				},
				"tuft_upper2": {
					"rotation": ["2*(math.sin(q.anim_time*180*1.5)*1)", "2*(math.sin(q.anim_time*180*1)*1)", "2*(math.sin(q.anim_time*180*1)*1)"]
				},
				"tuft_lower2": {
					"rotation": [0, 0, 37.5]
				},
				"tail5": {
					"rotation": [0, -27.5, 0],
					"position": [0, 0, -2.25]
				},
				"tail6": {
					"rotation": [-20, -37.5, 0],
					"position": [0.5, 0, -1.5]
				},
				"tail_end": {
					"rotation": [12.5, -45, 0]
				},
				"tuft_upper3": {
					"rotation": ["-2*(math.sin(q.anim_time*180*1.5)*1)", "-2*(math.sin(q.anim_time*180*1)*1)", "-2*(math.sin(q.anim_time*180*1)*1)"]
				},
				"waist_tuft_lower": {
					"rotation": [0, 0, "2*(math.sin(q.anim_time*180*1)*2)"]
				},
				"leg_right": {
					"position": [0, -3.75, 0]
				},
				"knee_right": {
					"rotation": [15, 0, 0]
				},
				"ankle_right": {
					"rotation": [-80, 0, 0],
					"position": [0, 0, -2.75]
				},
				"back_paw_right": {
					"rotation": [62.5, 0, 0]
				},
				"leg_left": {
					"position": [0, -3.75, 0]
				},
				"knee_left": {
					"rotation": [15, 0, 0]
				},
				"ankle_left": {
					"rotation": [-80, 0, 0],
					"position": [0, 0, -2.75]
				},
				"back_paw_left": {
					"rotation": [62.5, 0, 0]
				},
				"leg_front_right": {
					"rotation": [-90, 45, 0],
					"position": [-1.75, -5.25, -3]
				},
				"leg_front_left": {
					"rotation": [-90, -45, 0],
					"position": [2.75, -3.25, -4]
				},
				"front_paw_right": {
					"rotation": [30, 0, 0]
				},
				"front_paw_left": {
					"rotation": [30, 0, 0]
				},
				"claw_front_right": {
					"rotation": [40, 0, 0]
				},
				"paw_front_left": {
					"rotation": [40, 0, 0]
				}
			}
		},
		"animation.lupayena.faint": {
			"animation_length": 7.7917,
			"bones": {
				"torso": {
					"rotation": {
						"0.0": [0, 0, 0],
						"0.125": [-7, 0, 0],
						"0.4583": {
							"pre": [2.24067, 0, 0],
							"post": [2.24067, 0, 0],
							"lerp_mode": "catmullrom"
						},
						"0.8333": {
							"post": [2.24067, 0, 0],
							"lerp_mode": "catmullrom"
						},
						"1.125": [0, 0, 0]
					},
					"position": {
						"0.0": [0, 0, 0.5],
						"1.0833": [0, 0, 0.5],
						"1.5": [0, -4.5, 0]
					}
				},
				"head": {
					"rotation": {
						"0.0": [0, 0, 0],
						"0.125": {
							"pre": [10, 0, 0],
							"post": [10, 0, 0],
							"lerp_mode": "catmullrom"
						},
						"0.25": {
							"post": [-10, 0, 0],
							"lerp_mode": "catmullrom"
						},
						"0.5833": {
							"post": [-10, 0, 0],
							"lerp_mode": "catmullrom"
						},
						"1.0833": {
							"post": [30.19, 0, 0],
							"lerp_mode": "catmullrom"
						},
						"1.5": [15, 0, 0]
					},
					"position": {
						"0.0": [0, 0, 0.5],
						"1.0833": [0, 0, 0.5],
						"1.5": [0, -4, 0.5]
					}
				},
				"eyelid_right": {
					"position": {
						"0.0": [-1.01, 0, -1.01],
						"0.125": [-1.01, 0, -1.01],
						"0.3333": [0, 0, 0],
						"1.0833": [-1.01, 0, -1.01],
						"1.5": [-1.01, 0, -1.01]
					}
				},
				"eyelid_left": {
					"position": {
						"0.0": [1.01, 0, -1.01],
						"0.125": [1.01, 0, -1.01],
						"0.3333": [0, 0, 0],
						"1.0833": [1.01, 0, -1.01],
						"1.5": [1.01, 0, -1.01]
					}
				},
				"tail": {
					"rotation": {
						"0.0": [17.5, 0, 0],
						"0.1667": {
							"pre": [10, 0, 0],
							"post": [10, 0, 0],
							"lerp_mode": "catmullrom"
						},
						"0.625": {
							"post": [7.88, 0, 0],
							"lerp_mode": "catmullrom"
						},
						"1.3333": [0, 0, 0],
						"1.5": [17.64168, 7.15102, 2.26708]
					}
				},
				"mane3": {
					"rotation": {
						"0.0": [0, 0, 0],
						"1.0833": [0, 0, 0],
						"1.5": [-12.5, 0, 0]
					},
					"position": {
						"0.0": [0, 0, 0],
						"1.0833": [0, 0, 0]
					}
				},
				"mane_end": {
					"rotation": {
						"0.0": [0, 0, 0],
						"1.0833": [0, 0, 0],
						"1.5": [-50, 0, 0]
					},
					"position": {
						"0.0": [0, 0, 0],
						"1.0833": [0, 0, 0]
					}
				},
				"mane_tuft_lower_right": {
					"rotation": {
						"0.0": [0, 0, 0],
						"1.0833": [0, 0, 0],
						"1.5": [0, 0, 42.5]
					},
					"position": {
						"0.0": [0, 0, 0],
						"1.0833": [0, 0, 0]
					}
				},
				"mane_tuft_lower_left": {
					"rotation": {
						"0.0": [0, 0, 0],
						"1.0833": [0, 0, 0],
						"1.5": [0, 0, -42.5]
					},
					"position": {
						"0.0": [0, 0, 0],
						"1.0833": [0, 0, 0]
					}
				},
				"mane_tuft_lower": {
					"rotation": {
						"0.0": [0, 0, 0],
						"1.0833": [0, 0, 0],
						"1.5": [0, 0, -90]
					},
					"position": {
						"0.0": [0, 0, 0],
						"1.0833": [0, 0, 0]
					}
				},
				"eye_right": {
					"rotation": {
						"0.0": [0, 0, 0],
						"1.0833": [0, 0, 0]
					},
					"position": {
						"0.0": [0.25, 0, 0.25],
						"0.125": [0, 0, 0],
						"1.0833": [0, 0, 0],
						"1.5": [0.25, 0, 0.25]
					}
				},
				"eye_left": {
					"rotation": {
						"0.0": [0, 0, 0],
						"1.0833": [0, 0, 0]
					},
					"position": {
						"0.0": [-0.25, 0, 0.25],
						"0.125": [0, 0, 0],
						"1.0833": [0, 0, 0],
						"1.5": [-0.25, 0, 0.25]
					}
				},
				"tuft_head_lower": {
					"rotation": {
						"0.0": [0, 0, 0],
						"1.0833": [0, 0, 0],
						"1.5": [0, 0, -72.5]
					},
					"position": {
						"0.0": [0, 0, 0],
						"1.0833": [0, 0, 0]
					}
				},
				"waist": {
					"rotation": {
						"0.0": [0, 0, 0],
						"1.0833": [0, 0, 0],
						"1.5": [-25, 0, 0]
					},
					"position": {
						"0.0": [0, 0, 0],
						"1.0833": [0, 0, 0],
						"1.5": [0, -1.5, -1]
					}
				},
				"tail2": {
					"rotation": [17.5, 0, 0]
				},
				"tail3": {
					"rotation": {
						"0.0": [20, 0, 0],
						"1.0833": [0, 0, 0],
						"1.5": [0, -27.5, 0]
					},
					"position": {
						"0.0": [0, 0, 0],
						"1.0833": [0, 0, 0],
						"1.5": [0.5, 0, -5.25]
					}
				},
				"tail4": {
					"rotation": {
						"0.0": [15, 0, 0],
						"1.0833": [0, 0, 0],
						"1.5": [0, -45, 0]
					},
					"position": {
						"0.0": [0, 0, 0],
						"1.0833": [0, 0, 0],
						"1.5": [0, 0, -3]
					}
				},
				"tail5": {
					"rotation": {
						"0.0": [20, 0, 0],
						"1.0833": [0, 0, 0],
						"1.5": [0, -32.5, 0]
					},
					"position": {
						"0.0": [0, 0, 0],
						"1.0833": [0, 0, 0],
						"1.5": [0, 0, -2.25]
					}
				},
				"tail6": {
					"rotation": {
						"0.0": [27.5, 0, 0],
						"1.0833": [0, 0, 0],
						"1.5": [0, -37.5, 0]
					},
					"position": {
						"0.0": [0, 0, 0],
						"1.0833": [0, 0, 0],
						"1.5": [0, 0, -1]
					}
				},
				"tail_end": {
					"rotation": {
						"0.0": [37.5, 0, 0],
						"1.0833": [0, 0, 0],
						"1.5": [12.5, -45, 0]
					},
					"position": {
						"0.0": [0, 0, 0],
						"1.0833": [0, 0, 0]
					}
				},
				"leg_right": {
					"rotation": {
						"0.0": [0, 0, 0],
						"1.0833": [0, 0, 0]
					},
					"position": {
						"0.0": [0, 0, 0],
						"1.0833": [0, 0, 0],
						"1.5": [0, -3.75, 0]
					}
				},
				"knee_right": {
					"rotation": {
						"0.0": [0, 0, 0],
						"1.0833": [0, 0, 0],
						"1.5": [15, 0, 0]
					},
					"position": {
						"0.0": [0, 0, 0],
						"1.0833": [0, 0, 0]
					}
				},
				"ankle_right": {
					"rotation": {
						"0.0": [0, 0, 0],
						"1.0833": [0, 0, 0],
						"1.5": [-80, 0, 0]
					},
					"position": {
						"0.0": [0, 0, 0],
						"1.0833": [0, 0, 0],
						"1.5": [0, 0, -2.75]
					}
				},
				"back_paw_right": {
					"rotation": {
						"0.0": [0, 0, 0],
						"1.0833": [0, 0, 0],
						"1.5": [62.5, 0, 0]
					},
					"position": {
						"0.0": [0, 0, 0],
						"1.0833": [0, 0, 0]
					}
				},
				"leg_left": {
					"rotation": {
						"0.0": [0, 0, 0],
						"1.0833": [0, 0, 0]
					},
					"position": {
						"0.0": [0, 0, 0],
						"1.0833": [0, 0, 0],
						"1.5": [0, -3.75, 0]
					}
				},
				"knee_left": {
					"rotation": {
						"0.0": [0, 0, 0],
						"1.0833": [0, 0, 0],
						"1.5": [15, 0, 0]
					},
					"position": {
						"0.0": [0, 0, 0],
						"1.0833": [0, 0, 0]
					}
				},
				"ankle_left": {
					"rotation": {
						"0.0": [0, 0, 0],
						"1.0833": [0, 0, 0],
						"1.5": [-80, 0, 0]
					},
					"position": {
						"0.0": [0, 0, 0],
						"1.0833": [0, 0, 0],
						"1.5": [0, 0, -2.75]
					}
				},
				"back_paw_left": {
					"rotation": {
						"0.0": [0, 0, 0],
						"1.0833": [0, 0, 0],
						"1.5": [62.5, 0, 0]
					},
					"position": {
						"0.0": [0, 0, 0],
						"1.0833": [0, 0, 0]
					}
				},
				"leg_front_right": {
					"rotation": {
						"0.0": [0, 0, 0],
						"1.0833": [0, 0, 0],
						"1.5": [-90, 45, 0]
					},
					"position": {
						"0.0": [0, 0, 0],
						"1.0833": [0, 0, 0],
						"1.5": [-1.75, -5.25, -3]
					}
				},
				"leg_front_left": {
					"rotation": {
						"0.0": [0, 0, 0],
						"1.0833": [0, 0, 0],
						"1.5": [-90, -45, 0]
					},
					"position": {
						"0.0": [0, 0, 0],
						"1.0833": [0, 0, 0],
						"1.5": [2.75, -3.25, -4]
					}
				},
				"front_paw_right": {
					"rotation": {
						"0.0": [0, 0, 0],
						"1.0833": [0, 0, 0],
						"1.5": [30, 0, 0]
					},
					"position": {
						"0.0": [0, 0, 0],
						"1.0833": [0, 0, 0]
					}
				},
				"front_paw_left": {
					"rotation": {
						"0.0": [0, 0, 0],
						"1.0833": [0, 0, 0],
						"1.5": [30, 0, 0]
					},
					"position": {
						"0.0": [0, 0, 0],
						"1.0833": [0, 0, 0]
					}
				},
				"claw_front_right": {
					"rotation": {
						"0.0": [0, 0, 0],
						"1.0833": [0, 0, 0],
						"1.5": [40, 0, 0]
					},
					"position": {
						"0.0": [0, 0, 0],
						"1.0833": [0, 0, 0]
					}
				},
				"paw_front_left": {
					"rotation": {
						"0.0": [0, 0, 0],
						"1.0833": [0, 0, 0],
						"1.5": [40, 0, 0]
					},
					"position": {
						"0.0": [0, 0, 0],
						"1.0833": [0, 0, 0]
					}
				},
				"ear_right": {
					"rotation": {
						"0.0": [0, 0, 0],
						"0.3333": [0, -22.5, 0],
						"0.5833": [0, -22.5, 0],
						"1.5": [0, 0, 0]
					}
				},
				"ear_left": {
					"rotation": {
						"0.0": [0, 0, 0],
						"0.3333": [0, 22.5, 0],
						"0.5833": [0, 22.5, 0],
						"1.5": [0, 0, 0]
					}
				}
			}
		}
	}
}