{
	"format_version": "1.8.0",
	"animations": {
		"animation.vulamb.blink": {
			"animation_length": 0.15,
			"bones": {
				"left_eye": {
					"rotation": {
						"0.0": [0, 180, 0],
						"0.15": {"pre": [0, 180, 0], "post": [0, 0, 0]}
					},
					"position": {
						"0.0": [0.015, 0, 0],
						"0.15": {"pre": [0.015, 0, 0], "post": [0, 0, 0]}
					}
				},
				"right_eye": {
					"rotation": {
						"0.0": [0, 180, 0],
						"0.15": {"pre": [0, 180, 0], "post": [0, 0, 0]}
					},
					"position": {
						"0.0": [-0.015, 0, 0],
						"0.15": {"pre": [-0.015, 0, 0], "post": [0, 0, 0]}
					}
				}
			}
		},
		"animation.vulamb.ground_idle": {
			"loop": true,
			"bones": {
				"body": {
					"position": [0, "0+math.cos(q.anim_time*90*0.8)*0.2", 0]
				},
				"head": {
					"position": [0, "0+math.cos(q.anim_time*90*0.8+10)*0.2", 0]
				},
				"left_ear": {
					"rotation": [0, 0, "15+math.cos(q.anim_time*90*0.8+10)*5"]
				},
				"right_ear": {
					"rotation": [0, 0, "-15-math.cos(q.anim_time*90*0.8+10)*5"]
				}
			}
		},
		"animation.vulamb.ground_walk": {
			"loop": true,
			"bones": {
				"body": {
					"position": [0, "0+math.cos(q.anim_time*90*2)*0.2", 0]
				},
				"head": {
					"position": [0, "0+math.cos(q.anim_time*90*2+10)*0.2", 0]
				},
				"left_ear": {
					"rotation": [0, 0, "15+math.cos(q.anim_time*90*2+10)*5"]
				},
				"right_ear": {
					"rotation": [0, 0, "-15-math.cos(q.anim_time*90*2+10)*5"]
				},
				"front_left_leg": {
					"rotation": ["0+math.cos(q.anim_time*90*2)*25", 0, 0],
					"position": [0, "0+math.clamp((-math.cos(q.anim_time*90*2+90)*1), 0, 1)", 0]
				},
				"front_right_leg": {
					"rotation": ["0-math.cos(q.anim_time*90*2)*25", 0, 0],
					"position": [0, "0-math.clamp((-math.cos(q.anim_time*90*2+90)*1), -1, 0)", 0]
				},
				"back_left_leg_1": {
					"rotation": ["0-math.cos(q.anim_time*90*2)*25", 0, 0],
					"position": [0, "0-math.clamp((-math.cos(q.anim_time*90*2+90)*1), -1, 0)", 0]
				},
				"back_right_leg": {
					"rotation": ["0+math.cos(q.anim_time*90*2)*25", 0, 0],
					"position": [0, "0+math.clamp((-math.cos(q.anim_time*90*2+90)*1), 0, 1)", 0]
				}
			}
		}
	}
}