{
	"format_version": "1.12.0",
	"minecraft:geometry": [
		{
			"description": {
				"identifier": "geometry.unknown",
				"texture_width": 128,
				"texture_height": 128,
				"visible_bounds_width": 5,
				"visible_bounds_height": 3.5,
				"visible_bounds_offset": [0, 1.25, 0]
			},
			"bones": [
				{
					"name": "whole",
					"pivot": [0, 0, 0]
				},
				{
					"name": "head",
					"parent": "whole",
					"pivot": [0, 26, -6],
					"cubes": [
						{"origin": [-3.5, 26, -12], "size": [7, 7, 8], "uv": [54, 0]}
					]
				},
				{
					"name": "antennae",
					"parent": "head",
					"pivot": [0, 26, -6]
				},
				{
					"name": "left",
					"parent": "antennae",
					"pivot": [3, 26, -6],
					"cubes": [
						{"origin": [1.5, 31, -19], "size": [0, 4, 7], "uv": [0, 30]}
					]
				},
				{
					"name": "right",
					"parent": "antennae",
					"pivot": [-3, 26, -6],
					"cubes": [
						{"origin": [-1.5, 31, -19], "size": [0, 4, 7], "uv": [0, 5]}
					]
				},
				{
					"name": "abdomen",
					"parent": "whole",
					"pivot": [0, 26, -6],
					"cubes": [
						{"origin": [-6, 22.5, -6], "size": [12, 12, 15], "pivot": [0, 29.5, 3], "rotation": [-7.5, 0, 0], "uv": [0, 37]},
						{"origin": [-6, 19.5, -6], "size": [0, 3, 15], "pivot": [0, 29.5, 3], "rotation": [-7.5, 0, 0], "uv": [39, 25]},
						{"origin": [6, 19.5, -6], "size": [0, 3, 15], "pivot": [0, 29.5, 3], "rotation": [-7.5, 0, 0], "uv": [39, 22]}
					]
				},
				{
					"name": "wings",
					"parent": "abdomen",
					"pivot": [0, 28.25, -2],
					"rotation": [-20, 0, 0]
				},
				{
					"name": "leftwing",
					"parent": "wings",
					"pivot": [3.5, 35.25, -3.75],
					"rotation": [0, 0, -15],
					"cubes": [
						{"origin": [3.5, 35.25, -4], "size": [5, 0, 6], "pivot": [3.5, 35.25, -2], "rotation": [-9.29839, 27.90034, -27.25555], "uv": [0, 6]}
					]
				},
				{
					"name": "rightwing",
					"parent": "wings",
					"pivot": [-3.5, 35.25, -2.5],
					"cubes": [
						{"origin": [-7.69336, 36.55651, -4.85505], "size": [5, 0, 6], "pivot": [-5.46836, 36.55651, -2.85505], "rotation": [5, -27.5, 27.5], "uv": [0, 0]}
					]
				},
				{
					"name": "feetsies",
					"parent": "abdomen",
					"pivot": [0, 4, 0]
				},
				{
					"name": "leftfeetsies",
					"parent": "feetsies",
					"pivot": [0, 3, 0.5]
				},
				{
					"name": "frontleftfootsy",
					"parent": "leftfeetsies",
					"pivot": [0, 3, -0.5],
					"cubes": [
						{"origin": [1, 21.75, -6.5], "size": [1, 2, 0], "pivot": [1.5, 23.75, -6.5], "rotation": [20, 0, 0], "uv": [4, 0]}
					]
				},
				{
					"name": "midleftfootsy",
					"parent": "leftfeetsies",
					"pivot": [0, 3, 1.5],
					"cubes": [
						{"origin": [1, 21.75, -4.5], "size": [1, 2, 0], "pivot": [1.5, 23.75, -4.5], "rotation": [20, 0, 0], "uv": [0, 4]}
					]
				},
				{
					"name": "backleftfootsy",
					"parent": "leftfeetsies",
					"pivot": [0, 3, 3.5],
					"cubes": [
						{"origin": [1, 21.75, -2.5], "size": [1, 2, 0], "pivot": [1.5, 23.75, -2.5], "rotation": [20, 0, 0], "uv": [2, 2]}
					]
				},
				{
					"name": "rightfeetsies",
					"parent": "feetsies",
					"pivot": [0, 3, 0.5]
				},
				{
					"name": "frontrightfootsy",
					"parent": "rightfeetsies",
					"pivot": [0, 3, -0.5],
					"cubes": [
						{"origin": [-2, 21.75, -6.5], "size": [1, 2, 0], "pivot": [-1.5, 23.75, -6.5], "rotation": [20, 0, 0], "uv": [2, 0]}
					]
				},
				{
					"name": "midrightfootsy",
					"parent": "rightfeetsies",
					"pivot": [0, 3, 1.5],
					"cubes": [
						{"origin": [-2, 21.75, -4.5], "size": [1, 2, 0], "pivot": [-1.5, 23.75, -4.5], "rotation": [20, 0, 0], "uv": [0, 2]}
					]
				},
				{
					"name": "backrightfootsy",
					"parent": "rightfeetsies",
					"pivot": [0, 3, 3.5],
					"cubes": [
						{"origin": [-2, 21.75, -2.5], "size": [1, 2, 0], "pivot": [-1.5, 23.75, -2.5], "rotation": [20, 0, 0], "uv": [0, 0]}
					]
				},
				{
					"name": "thorax",
					"parent": "whole",
					"pivot": [0, 26.38803, 4.77964],
					"rotation": [-42.5, 0, 0],
					"cubes": [
						{"origin": [-9, 18.0782, 4.54866], "size": [18, 19, 18], "pivot": [0, 23.5782, 10.54866], "rotation": [10, 0, 0], "uv": [0, 0]}
					]
				}
			]
		}
	]
}