{
	"format_version": "1.8.0",
	"animations": {
		"animation.blodge.ground_idle": {
			"loop": true,
			"animation_length": 2.4,
			"bones": {
				"bone2": {
					"rotation": {
						"0.0": [0, 0, 0],
						"1.2": [7.5, 0, 0],
						"2.4": [0, 0, 0]
					}
				},
				"arm": {
					"rotation": {
						"0.0": [0, 0, 0],
						"1.2": [-5, 0, 0],
						"2.4": [0, 0, 0]
					}
				},
				"arm2": {
					"rotation": {
						"0.0": [0, 0, 0],
						"1.2": [-5, 0, 0],
						"2.4": [0, 0, 0]
					}
				},
				"head": {
					"rotation": {
						"0.0": [0, 0, 0],
						"1.2": [-10, 0, 0],
						"2.4": [0, 0, 0]
					}
				}
			}
		},
		"animation.blodge.ground_walk": {
			"loop": true,
			"animation_length": 0.72,
			"bones": {
				"puddle": {
					"scale": {
						"0.0": [1, 1, 1],
						"0.36": [1, 1, 1.2],
						"0.72": [1, 1, 1]
					}
				},
				"bone": {
					"scale": {
						"0.0": [1, 1, 1],
						"0.36": [1, 0.9, 1],
						"0.72": [1, 1, 1]
					}
				},
				"bone2": {
					"rotation": {
						"0.0": [0, 0, 0],
						"0.36": [7.5, 0, 0],
						"0.72": [0, 0, 0]
					}
				},
				"arm": {
					"rotation": {
						"0.0": [0, 0, 0],
						"0.36": [-12.5, 0, 0],
						"0.72": [0, 0, 0]
					}
				},
				"arm2": {
					"rotation": {
						"0.0": [0, 0, 0],
						"0.36": [-12.5, 0, 0],
						"0.72": [0, 0, 0]
					}
				},
				"head": {
					"rotation": {
						"0.0": [0, 0, 0],
						"0.36": [-10, 0, 0],
						"0.72": [0, 0, 0]
					}
				}
			}
		}
	}
}