{
	"format_version": "1.12.0",
	"minecraft:geometry": [
		{
			"description": {
				"identifier": "geometry.shulkle",
				"texture_width": 64,
				"texture_height": 64,
				"visible_bounds_width": 3,
				"visible_bounds_height": 2.5,
				"visible_bounds_offset": [0, 0.75, 0]
			},
			"bones": [
				{
					"name": "shulkle",
					"pivot": [0, 0, 0]
				},
				{
					"name": "body",
					"parent": "shulkle",
					"pivot": [0, 0, 0]
				},
				{
					"name": "torso",
					"parent": "body",
					"pivot": [0, 1.92308, 0],
					"cubes": [
						{"origin": [-4, 0, -4], "size": [8, 1, 8], "uv": [0, 9]},
						{"origin": [-2, 0, -5], "size": [4, 3, 1], "uv": [0, 39]},
						{"origin": [-2, 0, 4], "size": [4, 3, 1], "uv": [33, 9]},
						{"origin": [4, 0, -4], "size": [1, 3, 3], "uv": [18, 39]},
						{"origin": [4, 0, 1], "size": [1, 3, 3], "uv": [0, 9]},
						{"origin": [-4, 1, 4], "size": [8, 3, 0], "uv": [32, 32]},
						{"origin": [-4, 1, -4], "size": [8, 3, 0], "uv": [16, 32]},
						{"origin": [-3.5, 1, -3.5], "size": [7, 2, 7], "uv": [0, 18]},
						{"origin": [-2.5, 3, -2.5], "size": [5, 1, 5], "uv": [24, 0]},
						{"origin": [-4, 1, -4], "size": [0, 3, 8], "uv": [21, 13]},
						{"origin": [4, 1, -4], "size": [0, 3, 8], "uv": [21, 10]},
						{"origin": [-5, 0, 1], "size": [1, 3, 3], "uv": [10, 39]},
						{"origin": [-5, 0, -4], "size": [1, 3, 3], "uv": [0, 0]}
					]
				},
				{
					"name": "neck",
					"parent": "torso",
					"pivot": [0, 1, -5],
					"cubes": [
						{"origin": [-1, 0, -10], "size": [2, 2, 5], "uv": [27, 25]}
					]
				},
				{
					"name": "neck2",
					"parent": "neck",
					"pivot": [0, 1, -10],
					"cubes": [
						{"origin": [-1, 0, -15], "size": [2, 2, 5], "uv": [24, 9]}
					]
				},
				{
					"name": "head",
					"parent": "neck2",
					"pivot": [0, 1, -15],
					"cubes": [
						{"origin": [-1.5, 0, -18], "size": [3, 3, 3], "uv": [0, 33]}
					]
				},
				{
					"name": "topshell",
					"parent": "torso",
					"pivot": [0, 10.9, 0],
					"cubes": [
						{"origin": [-4, 12, -4], "size": [8, 1, 8], "uv": [0, 0]},
						{"origin": [-4, 9, 4], "size": [8, 3, 0], "uv": [32, 6]},
						{"origin": [-4, 9, -4], "size": [8, 3, 0], "uv": [0, 30]},
						{"origin": [-4, 9, -4], "size": [0, 3, 8], "uv": [16, 19]},
						{"origin": [4, 9, -4], "size": [0, 3, 8], "uv": [0, 19]}
					]
				},
				{
					"name": "leg1",
					"parent": "body",
					"pivot": [5, 1, -2.5],
					"cubes": [
						{"origin": [5, 0, -3.5], "size": [3, 2, 2], "uv": [37, 18]}
					]
				},
				{
					"name": "foot1",
					"parent": "leg1",
					"pivot": [8, 1, -2.5],
					"cubes": [
						{"origin": [8, 0, -3.5], "size": [3, 2, 2], "uv": [36, 26]}
					]
				},
				{
					"name": "leg2",
					"parent": "body",
					"pivot": [-5, 1, -2.5],
					"cubes": [
						{"origin": [-8, 0, -3.5], "size": [3, 2, 2], "uv": [12, 35]}
					]
				},
				{
					"name": "foot2",
					"parent": "leg2",
					"pivot": [-8, 1, -2.5],
					"cubes": [
						{"origin": [-11, 0, -3.5], "size": [3, 2, 2], "uv": [22, 35]}
					]
				},
				{
					"name": "leg3",
					"parent": "body",
					"pivot": [5, 1, 2.5],
					"cubes": [
						{"origin": [5, 0, 1.5], "size": [3, 2, 2], "uv": [32, 35]}
					]
				},
				{
					"name": "foot3",
					"parent": "leg3",
					"pivot": [8, 1, 2.5],
					"cubes": [
						{"origin": [8, 0, 1.5], "size": [3, 2, 2], "uv": [36, 14]}
					]
				},
				{
					"name": "leg4",
					"parent": "body",
					"pivot": [-5, 1, 2.5],
					"cubes": [
						{"origin": [-8, 0, 1.5], "size": [3, 2, 2], "uv": [36, 22]}
					]
				},
				{
					"name": "foot4",
					"parent": "leg4",
					"pivot": [-8, 1, 2.5],
					"cubes": [
						{"origin": [-11, 0, 1.5], "size": [3, 2, 2], "uv": [39, 0]}
					]
				}
			]
		}
	]
}