{
	"format_version": "1.8.0",
	"animations": {
		"animation.dissonitten.ground_idle": {
			"loop": true,
			"animation_length": 2.5,
			"bones": {
				"head": {
					"rotation": {
						"0.0": [0, 2.5, 0],
						"0.625": [0, -2.5, 0],
						"1.25": [0, 2.5, 0],
						"1.875": [0, -2.5, 0],
						"2.5": [0, 2.5, 0]
					},
					"position": {
						"0.0": [0, 0, 0],
						"0.2917": [-0.5, -0.5, 0],
						"0.625": [0, 0, 0],
						"0.9167": [0.5, -0.5, 0],
						"1.25": [0, 0, 0],
						"1.5417": [-0.5, -0.5, 0],
						"1.875": [0, 0, 0],
						"2.1667": [0.5, -0.5, 0],
						"2.5": [0, 0, 0]
					},
					"scale": {
						"0.0": [1, 1, 1],
						"0.625": [1, 1, 1],
						"1.25": [1, 1, 1],
						"1.875": [1, 1, 1],
						"2.5": [1, 1, 1]
					}
				},
				"leftear": {
					"rotation": {
						"0.0": [0, 0, 0],
						"0.5833": [0, 0, 0],
						"0.625": [27.5, 0, 0],
						"0.7083": [0, 0, 0],
						"1.375": [0, 0, 0],
						"1.4167": [27.5, 0, 0],
						"1.5": [0, 0, 0]
					},
					"position": {
						"0.0": [0, 0, 0],
						"0.5833": [0, 0, 0],
						"1.375": [0, 0, 0]
					},
					"scale": {
						"0.0": [1, 1, 1],
						"0.5833": [1, 1, 1],
						"1.375": [1, 1, 1]
					}
				},
				"rightear": {
					"rotation": {
						"0.0": [0, 0, 0],
						"0.375": [0, 0, 0],
						"0.4167": [27.5, 0, 0],
						"0.5": [0, 0, 0],
						"2.0833": [0, 0, 0],
						"2.125": [27.5, 0, 0],
						"2.2083": [0, 0, 0]
					},
					"position": {
						"0.0": [0, 0, 0],
						"0.375": [0, 0, 0],
						"2.0833": [0, 0, 0]
					},
					"scale": {
						"0.0": [1, 1, 1],
						"0.375": [1, 1, 1],
						"2.0833": [1, 1, 1]
					}
				},
				"leftarm": {
					"rotation": {
						"0.0": [0, 0, 0],
						"0.625": [0, 10, 0],
						"1.25": [0, 0, 0],
						"1.875": [0, 10, 0],
						"2.5": [0, 0, 0]
					},
					"position": {
						"0.0": [0, 0, 0],
						"0.625": [0, 0, 1],
						"1.25": [0, 0, 0],
						"1.875": [0, 0, 1],
						"2.5": [0, 0, 0]
					},
					"scale": {
						"0.0": [1, 1, 1],
						"0.625": [1, 1, 1],
						"1.25": [1, 1, 1],
						"1.875": [1, 1, 1],
						"2.5": [1, 1, 1]
					}
				},
				"legs": {
					"rotation": [0, 0, 0],
					"position": [0, 0, 0],
					"scale": 1
				},
				"tail": {
					"rotation": [0, 0, 0],
					"position": [0, 0, 0],
					"scale": 1
				},
				"segment1": {
					"rotation": {
						"0.0": [0, -25, 0],
						"0.625": [0, 25, 0],
						"1.25": [0, -25, 0],
						"1.875": [0, 25, 0],
						"2.5": [0, -25, 0]
					},
					"position": {
						"0.0": [0, 0, 0],
						"0.625": [0, 0, 0],
						"1.25": [0, 0, 0],
						"1.875": [0, 0, 0],
						"2.5": [0, 0, 0]
					},
					"scale": {
						"0.0": [1, 1, 1],
						"0.625": [1, 1, 1],
						"1.25": [1, 1, 1],
						"1.875": [1, 1, 1],
						"2.5": [1, 1, 1]
					}
				},
				"segment2": {
					"rotation": {
						"0.0": [0, -25, 0],
						"0.2917": [-30, -1.66667, 0],
						"0.625": [0, 25, 0],
						"0.9167": [-30, -1.66667, 0],
						"1.25": [0, -25, 0],
						"1.5417": [-30, -1.66667, 0],
						"1.875": [0, 25, 0],
						"2.1667": [-30, -1.66667, 0],
						"2.5": [0, -25, 0]
					},
					"position": {
						"0.0": [0, 0, 0],
						"0.625": [0, 0, 0],
						"1.25": [0, 0, 0],
						"1.875": [0, 0, 0],
						"2.5": [0, 0, 0]
					},
					"scale": {
						"0.0": [1, 1, 1],
						"0.625": [1, 1, 1],
						"1.25": [1, 1, 1],
						"1.875": [1, 1, 1],
						"2.5": [1, 1, 1]
					}
				},
				"segment3": {
					"rotation": {
						"0.0": [0, -25, 0],
						"0.2917": [-12.5, -1.66667, 0],
						"0.625": [0, 25, 0],
						"0.9167": [-12.5, -1.66667, 0],
						"1.25": [0, -25, 0],
						"1.5417": [-12.5, -1.66667, 0],
						"1.875": [0, 25, 0],
						"2.1667": [-12.5, -1.66667, 0],
						"2.5": [0, -25, 0]
					},
					"position": {
						"0.0": [0, 0, 0],
						"0.625": [0, 0, 0],
						"1.25": [0, 0, 0],
						"1.875": [0, 0, 0],
						"2.5": [0, 0, 0]
					},
					"scale": {
						"0.0": [1, 1, 1],
						"0.625": [1, 1, 1],
						"1.25": [1, 1, 1],
						"1.875": [1, 1, 1],
						"2.5": [1, 1, 1]
					}
				},
				"segment4": {
					"rotation": {
						"0.0": [12.5, -25, 0],
						"0.625": [12.5, 25, 0],
						"1.25": [12.5, -25, 0],
						"1.875": [12.5, 25, 0],
						"2.5": [12.5, -25, 0]
					},
					"position": {
						"0.0": [0, 0, 0],
						"0.625": [0, 0, 0],
						"1.25": [0, 0, 0],
						"1.875": [0, 0, 0],
						"2.5": [0, 0, 0]
					},
					"scale": {
						"0.0": [1, 1, 1],
						"0.625": [1, 1, 1],
						"1.25": [1, 1, 1],
						"1.875": [1, 1, 1],
						"2.5": [1, 1, 1]
					}
				},
				"segment5": {
					"rotation": {
						"0.0": [12.5, -25, 0],
						"0.2917": [14.16667, -1.66667, 0],
						"0.625": [12.5, 25, 0],
						"0.9167": [14.16667, -1.66667, 0],
						"1.25": [12.5, -25, 0],
						"1.5417": [14.16667, -1.66667, 0],
						"1.875": [12.5, 25, 0],
						"2.1667": [14.16667, -1.66667, 0],
						"2.5": [12.5, -25, 0]
					},
					"position": {
						"0.0": [0, 0, 0],
						"0.625": [0, 0, 0],
						"1.25": [0, 0, 0],
						"1.875": [0, 0, 0],
						"2.5": [0, 0, 0]
					},
					"scale": {
						"0.0": [1, 1, 1],
						"0.625": [1, 1, 1],
						"1.25": [1, 1, 1],
						"1.875": [1, 1, 1],
						"2.5": [1, 1, 1]
					}
				},
				"segment6": {
					"rotation": {
						"0.0": [12.5, -25, 0],
						"0.2917": [1.66667, -1.66667, 0],
						"0.625": [12.5, 25, 0],
						"0.9167": [1.66667, -1.66667, 0],
						"1.25": [12.5, -25, 0],
						"1.5417": [1.66667, -1.66667, 0],
						"1.875": [12.5, 25, 0],
						"2.1667": [1.66667, -1.66667, 0],
						"2.5": [12.5, -25, 0]
					},
					"position": {
						"0.0": [0, 0, 0],
						"0.625": [0, 0, 0],
						"1.25": [0, 0, 0],
						"1.875": [0, 0, 0],
						"2.5": [0, 0, 0]
					},
					"scale": {
						"0.0": [1, 1, 1],
						"0.625": [1, 1, 1],
						"1.25": [1, 1, 1],
						"1.875": [1, 1, 1],
						"2.5": [1, 1, 1]
					}
				},
				"bulb": {
					"rotation": {
						"0.0": [12.5, -25, 0],
						"0.2917": [-0.83333, -1.66667, 0],
						"0.625": [12.5, 25, 0],
						"0.9167": [-0.83333, -1.66667, 0],
						"1.25": [12.5, -25, 0],
						"1.5417": [-0.83333, -1.66667, 0],
						"1.875": [12.5, 25, 0],
						"2.1667": [-0.83333, -1.66667, 0],
						"2.5": [12.5, -25, 0]
					},
					"position": {
						"0.0": [0, 0, 0],
						"0.625": [0, 0, 0],
						"1.25": [0, 0, 0],
						"1.875": [0, 0, 0],
						"2.5": [0, 0, 0]
					},
					"scale": {
						"0.0": [1, 1, 1],
						"0.625": [1, 1, 1],
						"1.25": [1, 1, 1],
						"1.875": [1, 1, 1],
						"2.5": [1, 1, 1]
					}
				},
				"torso": {
					"rotation": {
						"0.0": [0, -5, 0],
						"0.625": [0, 5, 0],
						"1.25": [0, -5, 0],
						"1.875": [0, 5, 0],
						"2.5": [0, -5, 0]
					},
					"position": [0, 0, 0],
					"scale": 1
				},
				"leftleg": {
					"rotation": {
						"0.0": [0, 0, 0],
						"1.4583": [0, 0, 0],
						"1.5833": [-42.5, 0, 0],
						"1.7083": [52.5, 0, 0],
						"1.7917": [67.5, 0, 0],
						"1.9167": [0, 0, 0]
					},
					"position": {
						"0.0": [0, 0, 0],
						"1.4583": [0, 0, 0],
						"1.5833": [0, 3, 0],
						"1.625": [0, 2, 0],
						"1.7083": [0, 1, 0],
						"1.9167": [0, 0, 0]
					},
					"scale": {
						"0.0": [1, 1, 1],
						"1.4583": [1, 1, 1],
						"1.9167": [1, 1, 1]
					}
				},
				"rightleg": {
					"rotation": {
						"0.0": [0, 0, 0],
						"1.0": [0, 0, 0],
						"1.125": [-42.5, 0, 0],
						"1.25": [52.5, 0, 0],
						"1.3333": [67.5, 0, 0],
						"1.4583": [0, 0, 0]
					},
					"position": {
						"0.0": [0, 0, 0],
						"1.0": [0, 0, 0],
						"1.125": [0, 3, 0],
						"1.1667": [0, 2, 0],
						"1.25": [0, 1, 0],
						"1.4583": [0, 0, 0]
					},
					"scale": {
						"0.0": [1, 1, 1],
						"1.0": [1, 1, 1],
						"1.4583": [1, 1, 1]
					}
				},
				"rightarm": {
					"rotation": {
						"0.0": [0, 0, 0],
						"0.625": [0, -10, 0],
						"1.25": [0, 0, 0],
						"1.875": [0, -10, 0],
						"2.5": [0, 0, 0]
					},
					"position": {
						"0.0": [0, 0, 0],
						"0.625": [0, 0, 1],
						"1.25": [0, 0, 0],
						"1.875": [0, 0, 1],
						"2.5": [0, 0, 0]
					},
					"scale": {
						"0.0": [1, 1, 1],
						"0.625": [1, 1, 1],
						"1.25": [1, 1, 1],
						"1.875": [1, 1, 1],
						"2.5": [1, 1, 1]
					}
				}
			}
		},
		"animation.dissonitten.water_idle": {
			"loop": true,
			"animation_length": 10.04167,
			"bones": {
				"head": {
					"position": [0, 1, 0]
				},
				"leftear": {
					"rotation": [-82.5, 0, 0]
				},
				"rightear": {
					"rotation": [-82.5, 0, 0]
				},
				"torso": {
					"rotation": [-12.5, 0, 0]
				},
				"segment1": {
					"rotation": [2.5, 0, 0]
				},
				"segment2": {
					"rotation": [-2.5, 0, 0]
				},
				"segment3": {
					"rotation": [20, 0, 0]
				},
				"segment4": {
					"rotation": [27.5, 0, 0]
				},
				"segment5": {
					"rotation": [37.5, 0, 0]
				},
				"segment6": {
					"rotation": [27.5, 0, 0]
				},
				"bulb": {
					"rotation": {
						"0.0": [0, 0, 0],
						"10.0417": [0, 0, -360]
					}
				},
				"leftarm": {
					"rotation": [0, 0, -22.5]
				},
				"rightarm": {
					"rotation": [0, 0, 22.5]
				},
				"leftleg": {
					"rotation": [67.5, 0, 0],
					"position": [0, -2, 0]
				},
				"rightleg": {
					"rotation": [67.5, 0, 0],
					"position": [0, -2, 0]
				},
				"everything": {
					"rotation": {
						"0.0": [0, 0, 0],
						"10.0417": [0, -360, 0]
					},
					"position": {
						"0.0": [0, -3, -10],
						"4.7083": [0, -2, -10]
					},
					"scale": 1
				}
			}
		},
		"animation.dissonitten.water_swim": {
			"loop": true,
			"animation_length": 1,
			"bones": {
				"head": {
					"rotation": [0, 0, 0],
					"position": {
						"0.0": [0, 0, 0],
						"0.125": [0, 0.5, 0],
						"0.25": [0, 0, 0],
						"0.375": [0, -0.5, 0],
						"0.5": [0, 0, 0],
						"0.625": [0, 0.5, 0],
						"0.75": [0, 0, 0],
						"0.875": [0, -0.5, 0],
						"1.0": [0, 0, 0]
					},
					"scale": 1
				},
				"ears": {
					"rotation": {
						"0.0": [0, 0, 0],
						"0.25": [-7.5, 0, 0],
						"0.5": [0, 0, 0],
						"0.75": [-7.5, 0, 0],
						"1.0": [0, 0, 0]
					},
					"position": {
						"0.0": [0, 0, 0],
						"0.25": [0, 0.1, 0],
						"0.5": [0, 0, 0],
						"0.75": [0, 0.1, 0],
						"1.0": [0, 0, 0]
					},
					"scale": 1
				},
				"leftear": {
					"rotation": [-72.5, 0, 0]
				},
				"rightear": {
					"rotation": [-72.5, 0, 0]
				},
				"torso": {
					"rotation": [-7.5, 0, 0],
					"position": [0, 0, 0],
					"scale": 1
				},
				"segment1": {
					"rotation": {
						"0.0": {
							"post": [-24.91643, -2.11089, -4.53359],
							"lerp_mode": "catmullrom"
						},
						"0.125": {
							"post": [-30.07826, -6.64304, -2.41508],
							"lerp_mode": "catmullrom"
						},
						"0.25": {
							"post": [-49.7412, -3.42186, -6.25454],
							"lerp_mode": "catmullrom"
						},
						"0.375": {
							"post": [-30.07826, 6.643, 2.4151],
							"lerp_mode": "catmullrom"
						},
						"0.5": {
							"post": [-24.91643, -2.11089, -4.53359],
							"lerp_mode": "catmullrom"
						},
						"0.625": {
							"post": [-30.07826, -6.64304, -2.41508],
							"lerp_mode": "catmullrom"
						},
						"0.75": {
							"post": [-49.7412, -3.42186, -6.25454],
							"lerp_mode": "catmullrom"
						},
						"0.875": {
							"post": [-30.07826, 6.643, 2.4151],
							"lerp_mode": "catmullrom"
						},
						"1.0": {
							"post": [-24.91643, -2.11089, -4.53359],
							"lerp_mode": "catmullrom"
						}
					},
					"position": {
						"0.0": {
							"post": [0, 0, 0],
							"lerp_mode": "catmullrom"
						},
						"0.5": {
							"post": [0, 0, 0],
							"lerp_mode": "catmullrom"
						},
						"1.0": {
							"post": [0, 0, 0],
							"lerp_mode": "catmullrom"
						}
					},
					"scale": {
						"0.0": {
							"post": [1, 1, 1],
							"lerp_mode": "catmullrom"
						},
						"0.5": {
							"post": [1, 1, 1],
							"lerp_mode": "catmullrom"
						},
						"1.0": {
							"post": [1, 1, 1],
							"lerp_mode": "catmullrom"
						}
					}
				},
				"segment2": {
					"rotation": {
						"0.0": {
							"post": [0, -5, 0],
							"lerp_mode": "catmullrom"
						},
						"0.125": {
							"post": [-12.5, -5, 0],
							"lerp_mode": "catmullrom"
						},
						"0.25": {
							"post": [-19.99554, 0, 0],
							"lerp_mode": "catmullrom"
						},
						"0.375": {
							"post": [-12.5, 5, 0],
							"lerp_mode": "catmullrom"
						},
						"0.5": {
							"post": [0, -5, 0],
							"lerp_mode": "catmullrom"
						},
						"0.625": {
							"post": [-12.5, -5, 0],
							"lerp_mode": "catmullrom"
						},
						"0.75": {
							"post": [-19.99554, 0, 0],
							"lerp_mode": "catmullrom"
						},
						"0.875": {
							"post": [-12.5, 5, 0],
							"lerp_mode": "catmullrom"
						},
						"1.0": {
							"post": [0, -5, 0],
							"lerp_mode": "catmullrom"
						}
					},
					"position": {
						"0.0": {
							"post": [0, 0, 0],
							"lerp_mode": "catmullrom"
						},
						"0.5": {
							"post": [0, 0, 0],
							"lerp_mode": "catmullrom"
						},
						"1.0": {
							"post": [0, 0, 0],
							"lerp_mode": "catmullrom"
						}
					},
					"scale": {
						"0.0": {
							"post": [1, 1, 1],
							"lerp_mode": "catmullrom"
						},
						"0.5": {
							"post": [1, 1, 1],
							"lerp_mode": "catmullrom"
						},
						"1.0": {
							"post": [1, 1, 1],
							"lerp_mode": "catmullrom"
						}
					}
				},
				"segment3": {
					"rotation": {
						"0.0": {
							"post": [25.08377, -4.53051, -2.11751],
							"lerp_mode": "catmullrom"
						},
						"0.125": {
							"post": [17.83761, -9.05478, -4.26175],
							"lerp_mode": "catmullrom"
						},
						"0.25": {
							"post": [12.65916, -4.29247, -2.7276],
							"lerp_mode": "catmullrom"
						},
						"0.375": {
							"post": [17.83761, 9.0548, 4.2617],
							"lerp_mode": "catmullrom"
						},
						"0.5": {
							"post": [25.08377, -4.53051, -2.11751],
							"lerp_mode": "catmullrom"
						},
						"0.625": {
							"post": [17.83761, -9.05478, -4.26175],
							"lerp_mode": "catmullrom"
						},
						"0.75": {
							"post": [12.65916, -4.29247, -2.7276],
							"lerp_mode": "catmullrom"
						},
						"0.875": {
							"post": [17.83761, 9.0548, 4.2617],
							"lerp_mode": "catmullrom"
						},
						"1.0": {
							"post": [25.08377, -4.53051, -2.11751],
							"lerp_mode": "catmullrom"
						}
					},
					"position": {
						"0.0": {
							"post": [0, 0, 0],
							"lerp_mode": "catmullrom"
						},
						"0.5": {
							"post": [0, 0, 0],
							"lerp_mode": "catmullrom"
						},
						"1.0": {
							"post": [0, 0, 0],
							"lerp_mode": "catmullrom"
						}
					},
					"scale": {
						"0.0": {
							"post": [1, 1, 1],
							"lerp_mode": "catmullrom"
						},
						"0.5": {
							"post": [1, 1, 1],
							"lerp_mode": "catmullrom"
						},
						"1.0": {
							"post": [1, 1, 1],
							"lerp_mode": "catmullrom"
						}
					}
				},
				"segment4": {
					"rotation": {
						"0.0": {
							"post": [17.56274, -4.76804, -1.50701],
							"lerp_mode": "catmullrom"
						},
						"0.125": {
							"post": [15.39807, -11.91276, -3.81397],
							"lerp_mode": "catmullrom"
						},
						"0.25": {
							"post": [15.10999, 0, 0],
							"lerp_mode": "catmullrom"
						},
						"0.375": {
							"post": [15.39807, 11.9128, 3.814],
							"lerp_mode": "catmullrom"
						},
						"0.5": {
							"post": [17.56274, -4.76804, -1.50701],
							"lerp_mode": "catmullrom"
						},
						"0.625": {
							"post": [15.39807, -11.91276, -3.81397],
							"lerp_mode": "catmullrom"
						},
						"0.75": {
							"post": [15.10999, 0, 0],
							"lerp_mode": "catmullrom"
						},
						"0.875": {
							"post": [15.39807, 11.9128, 3.814],
							"lerp_mode": "catmullrom"
						},
						"1.0": {
							"post": [17.56274, -4.76804, -1.50701],
							"lerp_mode": "catmullrom"
						}
					},
					"position": {
						"0.0": {
							"post": [0, 0, 0],
							"lerp_mode": "catmullrom"
						},
						"0.5": {
							"post": [0, 0, 0],
							"lerp_mode": "catmullrom"
						},
						"1.0": {
							"post": [0, 0, 0],
							"lerp_mode": "catmullrom"
						}
					},
					"scale": {
						"0.0": {
							"post": [1, 1, 1],
							"lerp_mode": "catmullrom"
						},
						"0.5": {
							"post": [1, 1, 1],
							"lerp_mode": "catmullrom"
						},
						"1.0": {
							"post": [1, 1, 1],
							"lerp_mode": "catmullrom"
						}
					}
				},
				"segment5": {
					"rotation": {
						"0.0": {
							"post": [10.03742, -4.92385, -0.87038],
							"lerp_mode": "catmullrom"
						},
						"0.125": {
							"post": [17.78199, -9.53834, -2.81159],
							"lerp_mode": "catmullrom"
						},
						"0.25": {
							"post": [17.54389, 0, 0],
							"lerp_mode": "catmullrom"
						},
						"0.375": {
							"post": [17.78199, 9.5383, 2.8116],
							"lerp_mode": "catmullrom"
						},
						"0.5": {
							"post": [10.03742, -4.92385, -0.87038],
							"lerp_mode": "catmullrom"
						},
						"0.625": {
							"post": [17.78199, -9.53834, -2.81159],
							"lerp_mode": "catmullrom"
						},
						"0.75": {
							"post": [17.54389, 0, 0],
							"lerp_mode": "catmullrom"
						},
						"0.875": {
							"post": [17.78199, 9.5383, 2.8116],
							"lerp_mode": "catmullrom"
						},
						"1.0": {
							"post": [10.03742, -4.92385, -0.87038],
							"lerp_mode": "catmullrom"
						}
					},
					"position": {
						"0.0": {
							"post": [0, 0, 0],
							"lerp_mode": "catmullrom"
						},
						"0.5": {
							"post": [0, 0, 0],
							"lerp_mode": "catmullrom"
						},
						"1.0": {
							"post": [0, 0, 0],
							"lerp_mode": "catmullrom"
						}
					},
					"scale": {
						"0.0": {
							"post": [1, 1, 1],
							"lerp_mode": "catmullrom"
						},
						"0.5": {
							"post": [1, 1, 1],
							"lerp_mode": "catmullrom"
						},
						"1.0": {
							"post": [1, 1, 1],
							"lerp_mode": "catmullrom"
						}
					}
				},
				"segment6": {
					"rotation": {
						"0.0": {
							"post": [-12.60443, -7.32123, 1.63219],
							"lerp_mode": "catmullrom"
						},
						"0.125": {
							"post": [-2.60443, -7.32123, 1.63219],
							"lerp_mode": "catmullrom"
						},
						"0.25": {
							"post": [-2.6, 0, 0],
							"lerp_mode": "catmullrom"
						},
						"0.375": {
							"post": [-2.60443, 7.3212, 1.63219],
							"lerp_mode": "catmullrom"
						},
						"0.5": {
							"post": [-12.60443, -7.32123, 1.63219],
							"lerp_mode": "catmullrom"
						},
						"0.625": {
							"post": [-2.60443, -7.32123, 1.63219],
							"lerp_mode": "catmullrom"
						},
						"0.75": {
							"post": [-2.6, 0, 0],
							"lerp_mode": "catmullrom"
						},
						"0.875": {
							"post": [-2.60443, 7.3212, 1.63219],
							"lerp_mode": "catmullrom"
						},
						"1.0": {
							"post": [-12.60443, -7.32123, 1.63219],
							"lerp_mode": "catmullrom"
						}
					},
					"position": {
						"0.0": {
							"post": [0, 0, 0],
							"lerp_mode": "catmullrom"
						},
						"0.5": {
							"post": [0, 0, 0],
							"lerp_mode": "catmullrom"
						},
						"1.0": {
							"post": [0, 0, 0],
							"lerp_mode": "catmullrom"
						}
					},
					"scale": {
						"0.0": {
							"post": [1, 1, 1],
							"lerp_mode": "catmullrom"
						},
						"0.5": {
							"post": [1, 1, 1],
							"lerp_mode": "catmullrom"
						},
						"1.0": {
							"post": [1, 1, 1],
							"lerp_mode": "catmullrom"
						}
					}
				},
				"leftarm": {
					"rotation": {
						"0.0": [0, 0, 0],
						"0.25": [152.80811, 24.43779, 2.00424],
						"0.5833": [314.44688, -0.3867, -19.09253],
						"1.0": [360, 0, 0]
					},
					"position": [0, 0, 0],
					"scale": 1
				},
				"rightarm": {
					"rotation": {
						"0.0": [0, 0, 0],
						"0.25": [152.8081, -24.4378, -2.0042],
						"0.5833": [314.4469, 0.3867, 19.0925],
						"1.0": [360, 0, 0]
					},
					"position": [0, 0, 0],
					"scale": 1
				},
				"leftleg": {
					"rotation": {
						"0.0": [79.74363, 0.75102, -29.10443],
						"0.1667": [28.70347, -23.00962, -18.34532],
						"0.3333": [79.74363, 0.75102, -29.10443],
						"0.5": [28.70347, -23.00962, -18.34532],
						"0.6667": [79.74363, 0.75102, -29.10443],
						"0.8333": [28.70347, -23.00962, -18.34532],
						"1.0": [79.74363, 0.75102, -29.10443]
					},
					"position": [0, -2, 0],
					"scale": 1
				},
				"rightleg": {
					"rotation": {
						"0.0": [28.70347, 23.00956, 18.3453],
						"0.1667": [79.74364, -0.75103, 29.10437],
						"0.3333": [28.70347, 23.00956, 18.3453],
						"0.5": [79.74364, -0.75103, 29.10437],
						"0.6667": [28.70347, 23.00956, 18.3453],
						"0.8333": [79.74364, -0.75103, 29.10437],
						"1.0": [28.70347, 23.00956, 18.3453]
					},
					"position": [0, -2, 0],
					"scale": 1
				}
			}
		},
		"animation.dissonitten.ground_walk": {
			"loop": true,
			"animation_length": 0.75,
			"bones": {
				"head": {
					"rotation": {
						"0.0": [7.5, 0, 0],
						"0.125": [-2.5, 0, 0],
						"0.3333": [7.5, 0, 0],
						"0.4583": [12.5, 0, 0],
						"0.5417": [12.5, 0, 0],
						"0.6667": [7.5, 0, 0],
						"0.75": [7.5, 0, 0]
					},
					"position": {
						"0.0": [0, 4, 0],
						"0.125": [0, 6, 0],
						"0.4583": [0, 2, 0],
						"0.5833": [0, 1, 0],
						"0.75": [0, 4, 0]
					}
				},
				"leftear": {
					"rotation": {
						"0.0": [0, 0, 0],
						"0.125": [-17.5, 0, 0],
						"0.25": [-30, 0, 0],
						"0.375": [-42.5, 0, 0],
						"0.5": [-17.5, 0, 0],
						"0.625": [10, 0, 0],
						"0.75": [0, 0, 0]
					},
					"position": {
						"0.0": [0, 0, 0],
						"0.75": [0, 0, 0]
					},
					"scale": {
						"0.0": [1, 1, 1],
						"0.75": [1, 1, 1]
					}
				},
				"rightear": {
					"rotation": {
						"0.0": [0, 0, 0],
						"0.125": [-17.5, 0, 0],
						"0.25": [-30, 0, 0],
						"0.375": [-42.5, 0, 0],
						"0.5": [-17.5, 0, 0],
						"0.625": [10, 0, 0],
						"0.75": [0, 0, 0]
					},
					"position": {
						"0.0": [0, 0, 0],
						"0.75": [0, 0, 0]
					},
					"scale": {
						"0.0": [1, 1, 1],
						"0.75": [1, 1, 1]
					}
				},
				"torso": {
					"rotation": {
						"0.0": [-22.5, 0, 0],
						"0.125": [-35, 0, 0],
						"0.3333": [-7.5, 0, 0],
						"0.4583": [5, 0, 0],
						"0.5833": [-2.5, 0, 0],
						"0.7083": [-30, 0, 0],
						"0.75": [-22.5, 0, 0]
					},
					"position": {
						"0.0": [0, 3, 0],
						"0.125": [0, 5, 0],
						"0.4583": [0, 1, 0],
						"0.5833": [0, 0, 0],
						"0.6667": [0, 1.5, 1],
						"0.7083": [0, 2, 0],
						"0.75": [0, 3, 0]
					}
				},
				"segment1": {
					"rotation": {
						"0.0": [-7.5, 0, 0],
						"0.25": [-7.5, 0, 0],
						"0.4583": [0, 0, 0],
						"0.75": [-7.5, 0, 0]
					}
				},
				"segment2": {
					"rotation": {
						"0.0": [-47.5, 0, 0],
						"0.25": [-47.5, 0, 0],
						"0.4583": [-32.96928, 1.84227, -3.02013],
						"0.75": [-47.5, 0, 0]
					},
					"position": {
						"0.0": [0, 0.1, -0.1],
						"0.75": [0, 0.1, -0.1]
					}
				},
				"segment3": {
					"rotation": {
						"0.0": [-2.5, 0, 0],
						"0.25": [-7.5, 0, 0],
						"0.4583": [22.45075, 0.33979, 1.79811],
						"0.5417": [26.37729, 0.22243, 1.93893],
						"0.75": [-2.5, 0, 0]
					}
				},
				"segment4": {
					"rotation": {
						"0.0": [20, 0, 0],
						"0.25": [7.5, 0, 0],
						"0.4583": [32.44251, 0.06748, 1.97733],
						"0.5417": [35.65711, -0.04167, 1.95828],
						"0.75": [20, 0, 0]
					}
				},
				"segment5": {
					"rotation": {
						"0.0": [34.95357, -0.03994, -0.47881],
						"0.25": [12.45422, -0.22013, -0.42708],
						"0.3333": [9.45101, -0.08703, -0.4964],
						"0.4583": [29.93436, 0.05887, 0.12646],
						"0.5417": [35.64361, 0.08986, 0.32108],
						"0.75": [34.95357, -0.03994, -0.47881]
					}
				},
				"segment6": {
					"rotation": {
						"0.0": [29.99879, 0.22591, -0.10402],
						"0.25": [7.49972, 0.05086, -0.03692],
						"0.3333": [-5.00134, 0.13606, -0.36003],
						"0.4583": [19.97819, 0.55135, 0.57086],
						"0.75": [29.99879, 0.22591, -0.10402]
					}
				},
				"bulb": {
					"rotation": {
						"0.0": [0, 0, 0],
						"0.25": [0, 0, 0],
						"0.3333": [-13.00051, 0.11605, -0.40696],
						"0.4583": [17.47093, 0.77076, 0.78505],
						"0.75": [0, 0, 0]
					}
				},
				"leftarm": {
					"rotation": {
						"0.0": [0, -25, 40],
						"0.125": [-43.94056, 17.04997, 43.4322],
						"0.4583": [-36.58255, 10.05629, 45.16199],
						"0.5833": [-20.83752, -6.07724, 45.71756],
						"0.6667": [-4.12155, -21.73019, 41.63582],
						"0.75": [0, -25, 40]
					},
					"position": {
						"0.0": [0, 0.3, 0],
						"0.125": [0, 2.3, 0],
						"0.4583": [0, -1.7, 0],
						"0.5833": [0, -0.7, 0],
						"0.6667": [0, 0.3, 0],
						"0.75": [0, 0.3, 0]
					},
					"scale": {
						"0.0": [1, 1, 1],
						"0.75": [1, 1, 1]
					}
				},
				"rightarm": {
					"rotation": {
						"0.0": [0, 25, -40],
						"0.125": [-43.94056, -17.04997, -43.4322],
						"0.4583": [-36.58255, -10.05629, -45.16199],
						"0.5833": [-20.83752, 6.07724, -45.71756],
						"0.6667": [-4.12155, 21.73019, -41.63582],
						"0.75": [0, 25, -40]
					},
					"position": {
						"0.0": [0, 0.3, 0],
						"0.125": [0, 2.3, 0],
						"0.4583": [0, -1.7, 0],
						"0.5833": [0, -0.7, 0],
						"0.6667": [0, 0.3, 0],
						"0.75": [0, 0.3, 0]
					},
					"scale": {
						"0.0": [1, 1, 1],
						"0.75": [1, 1, 1]
					}
				},
				"leftleg": {
					"rotation": {
						"0.0": [-38.27361, -14.08383, 24.87917],
						"0.125": [-23.81161, -19.91729, 20.6246],
						"0.3333": [52.83253, -25.32268, -13.22873],
						"0.6667": [-42.90904, -11.93785, 25.92349],
						"0.75": [-38.27361, -14.08383, 24.87917]
					},
					"position": {
						"0.0": [0, -0.7, 1],
						"0.3333": [0, 2.3, 1],
						"0.4583": [0, 2.3, 0],
						"0.5833": [0, -0.7, 0],
						"0.75": [0, -0.7, 1]
					}
				},
				"rightleg": {
					"rotation": {
						"0.0": [-38.27361, 14.08383, -24.87917],
						"0.125": [-23.81161, 19.91729, -20.6246],
						"0.3333": [52.83253, 25.32268, 13.22873],
						"0.6667": [-42.90904, 11.93785, -25.92349],
						"0.75": [-38.27361, 14.08383, -24.87917]
					},
					"position": {
						"0.0": [0, -0.7, 1],
						"0.125": [0, 0.8, 1],
						"0.3333": [0, 2.3, 1],
						"0.4583": [0, 2.3, 0],
						"0.5833": [0, -0.7, 0],
						"0.75": [0, -0.7, 1]
					},
					"scale": {
						"0.0": [1, 1, 1],
						"0.125": [1, 1, 1],
						"0.3333": [1, 1, 1],
						"0.75": [1, 1, 1]
					}
				},
				"everything": {
					"rotation": [0, 0, 0],
					"position": [0, 1, -3],
					"scale": 1
				}
			}
		}
	}
}