{
	"format_version": "1.12.0",
	"minecraft:geometry": [
		{
			"description": {
				"identifier": "geometry.stellotl",
				"texture_width": 64,
				"texture_height": 64,
				"visible_bounds_width": 6,
				"visible_bounds_height": 5.5,
				"visible_bounds_offset": [0, 2.25, 0]
			},
			"bones": [
				{
					"name": "stellotl",
					"pivot": [0, 0, 0]
				},
				{
					"name": "stellotlbody",
					"parent": "stellotl",
					"pivot": [0, 13.25, 0]
				},
				{
					"name": "head",
					"parent": "stellotlbody",
					"pivot": [-0.25, 18.25, 0],
					"cubes": [
						{"origin": [-4.75, 15.75, -3], "size": [9, 7, 6], "uv": [0, 0]},
						{"origin": [-2.25, 21.75, -3.15], "size": [1, 2, 1], "pivot": [-1.25, 22.75, -3.15], "rotation": [0, 0, -22.5], "uv": [24, 0]},
						{"origin": [0.55, 21.35, -3.15], "size": [1, 2, 1], "pivot": [1.55, 22.35, -3.15], "rotation": [0, 0, 22.5], "uv": [22, 22]},
						{"origin": [-2.8, 18.35, -3.2], "size": [5, 5, 0], "uv": [11, 40]}
					]
				},
				{
					"name": "eye_right",
					"parent": "head",
					"pivot": [3.2, 18, -2],
					"rotation": [0, 0, -3],
					"cubes": [
						{"origin": [2.2, 18, -3.05], "size": [2, 3, 0], "uv": [20, 16]},
						{"origin": [2.45, 19.9, -3.1], "size": [1, 1, 0], "uv": [20, 19]}
					]
				},
				{
					"name": "eye_left",
					"parent": "head",
					"pivot": [-3.75, 18, -2],
					"rotation": [0, 0, 3],
					"cubes": [
						{"origin": [-4.75, 18, -3.05], "size": [2, 3, 0], "uv": [20, 13]},
						{"origin": [-4, 19.9, -3.1], "size": [1, 1, 0], "uv": [22, 19]}
					]
				},
				{
					"name": "eye_lid_left",
					"parent": "head",
					"pivot": [-3.5, 18.05, -1.9],
					"cubes": [
						{"origin": [-4.5, 18.05, -2.9], "size": [2, 3, 0], "uv": [0, 3]}
					]
				},
				{
					"name": "eye_lid_right",
					"parent": "head",
					"pivot": [3, 18.05, -1.9],
					"cubes": [
						{"origin": [2, 18.05, -2.9], "size": [2, 3, 0], "uv": [0, 0]}
					]
				},
				{
					"name": "mouth2",
					"parent": "head",
					"pivot": [1.65, 22.35, -3.15]
				},
				{
					"name": "mouth",
					"parent": "mouth2",
					"pivot": [1.65, 22.35, -3.05],
					"cubes": [
						{"origin": [-2.7, 16.45, -3.05], "size": [5, 1, 0], "uv": [40, 39]},
						{"origin": [-3.25, 16.85, -3.05], "size": [6, 1, 0], "uv": [46, 29]}
					]
				},
				{
					"name": "mouth_open",
					"parent": "mouth2",
					"pivot": [-2.2, 16.75, -1.9],
					"cubes": [
						{"origin": [-3.2, 15.75, -2.9], "size": [6, 3, 0], "uv": [30, 10]}
					]
				},
				{
					"name": "fins",
					"parent": "head",
					"pivot": [-1, 10.25, 0]
				},
				{
					"name": "fin_left",
					"parent": "fins",
					"pivot": [-4.8, 18, 0.25],
					"cubes": [
						{"origin": [-8.77284, 15.75, -0.08519], "size": [5, 7, 0], "pivot": [-4.77284, 17.75, 1], "rotation": [0, 22.5, 0], "uv": [37, 48]},
						{"origin": [-12.77284, 15.75, 0.61481], "size": [8, 10, 0], "pivot": [-5.77284, 19.75, -0.38519], "rotation": [0, 45, 0], "uv": [24, 35]}
					]
				},
				{
					"name": "fin_right",
					"parent": "fins",
					"pivot": [4.2, 18, -0.5],
					"cubes": [
						{"origin": [2.45, 15.75, 4.75], "size": [8, 10, 0], "pivot": [9.45, 19.75, 3.75], "rotation": [0, -45, 0], "uv": [30, 0]},
						{"origin": [3.25, 15.75, 0.6], "size": [5, 7, 0], "pivot": [6.25, 17.75, 1.6], "rotation": [0, -22.5, 0], "uv": [0, 48]}
					]
				},
				{
					"name": "antennas",
					"parent": "head",
					"pivot": [0.75, 21.25, -3]
				},
				{
					"name": "bone",
					"parent": "antennas",
					"pivot": [0.5, 21.65, -4.1],
					"cubes": [
						{"origin": [0.5, 21.65, -3.1], "size": [1, 2, 0], "pivot": [0.5, 21.65, -4.1], "rotation": [0, 0, 46.5], "uv": [0, 30]}
					]
				},
				{
					"name": "bone2",
					"parent": "bone",
					"pivot": [2.32071, 22.56335, -3.1],
					"cubes": [
						{"origin": [1.82177, 22.50937, -3.1], "size": [1, 3, 0], "inflate": 0.01, "pivot": [2.35, 22.59645, -3.1], "rotation": [0, 0, 1.5], "uv": [0, 40]}
					]
				},
				{
					"name": "bone3",
					"parent": "bone2",
					"pivot": [2.49142, 25.49828, -3.1],
					"cubes": [
						{"origin": [1.88593, 25.40842, -3.1], "size": [1, 3, 0], "pivot": [2.42071, 25.24558, -3.1], "rotation": [0, 0, 1.5], "uv": [20, 30]}
					]
				},
				{
					"name": "bone4",
					"parent": "bone3",
					"pivot": [2.56213, 28.31163, -3.1],
					"cubes": [
						{"origin": [1.95665, 28.30756, -3.1], "size": [1, 3, 0], "pivot": [2.49142, 28.14472, -3.1], "rotation": [0, 0, 1.5], "uv": [18, 30]}
					]
				},
				{
					"name": "bone5",
					"parent": "bone4",
					"pivot": [2.63284, 31.21076, -3.1],
					"cubes": [
						{"origin": [2.02736, 31.20669, -3.1], "size": [1, 3, 0], "pivot": [2.56213, 31.04386, -3.1], "rotation": [0, 0, 1.5], "uv": [16, 30]}
					]
				},
				{
					"name": "bone6",
					"parent": "bone5",
					"pivot": [2.62678, 34.08313, -3.1],
					"cubes": [
						{"origin": [2.09807, 34.10583, -3.1], "size": [1, 3, 0], "pivot": [2.63284, 33.943, -3.1], "rotation": [0, 0, 1.5], "uv": [28, 3]}
					]
				},
				{
					"name": "bone7",
					"parent": "bone6",
					"pivot": [2.67426, 36.90193, -3.1],
					"cubes": [
						{"origin": [2.16878, 37.00497, -3.1], "size": [1, 3, 0], "pivot": [2.70355, 36.84214, -3.1], "rotation": [0, 0, 1.5], "uv": [28, 0]}
					]
				},
				{
					"name": "bone8",
					"parent": "bone7",
					"pivot": [2.77426, 40, -3.1],
					"cubes": [
						{"origin": [2.23949, 40.00411, -3.1], "size": [1, 2, 0], "pivot": [2.77426, 39.84127, -3.1], "rotation": [0, 0, 1.5], "uv": [24, 25]}
					]
				},
				{
					"name": "antennas2",
					"parent": "head",
					"pivot": [-2.35, 20.25, -3],
					"rotation": [0, 0, -90]
				},
				{
					"name": "bone9",
					"parent": "antennas2",
					"pivot": [-1.85, 19.65, -4.1],
					"cubes": [
						{"origin": [-1.6, 19.65, -3.1], "size": [1, 2, 0], "pivot": [-1.6, 19.65, -4.1], "rotation": [0, 0, 46.5], "uv": [22, 25]}
					]
				},
				{
					"name": "bone10",
					"parent": "bone9",
					"pivot": [0.09914, 20.7634, -3.1],
					"cubes": [
						{"origin": [-0.44245, 20.61292, -3.1], "size": [1, 3, 0], "inflate": 0.01, "pivot": [0.08579, 20.7, -3.1], "rotation": [0, 0, 91.5], "uv": [26, 3]}
					]
				},
				{
					"name": "bone11",
					"parent": "bone10",
					"pivot": [2.80183, 20.65858, -2.75],
					"cubes": [
						{"origin": [2.15751, 20.79212, -3.08192], "size": [1, 3, 0], "pivot": [2.69228, 20.62929, -3.08192], "rotation": [0, 0, 91.5], "uv": [24, 16]}
					]
				},
				{
					"name": "bone12",
					"parent": "bone11",
					"pivot": [5.75832, 20.58787, -3.08192],
					"cubes": [
						{"origin": [5.05664, 20.72141, -3.08192], "size": [1, 3, 0], "pivot": [5.59142, 20.55858, -3.08192], "rotation": [0, 0, 91.5], "uv": [24, 13]}
					]
				},
				{
					"name": "bone13",
					"parent": "bone12",
					"pivot": [8.65746, 20.51716, -3.08192],
					"cubes": [
						{"origin": [7.95578, 20.6507, -3.08192], "size": [1, 3, 0], "pivot": [8.49056, 20.48787, -3.08192], "rotation": [0, 0, 91.5], "uv": [24, 3]}
					]
				},
				{
					"name": "bone14",
					"parent": "bone13",
					"pivot": [11.5566, 20.44645, -3.08192],
					"cubes": [
						{"origin": [10.85492, 20.57999, -3.08192], "size": [1, 3, 0], "pivot": [11.3897, 20.41716, -3.08192], "rotation": [0, 0, 91.5], "uv": [4, 3]}
					]
				},
				{
					"name": "bone15",
					"parent": "bone14",
					"pivot": [14.60218, 20.37574, -3.08192],
					"cubes": [
						{"origin": [13.75406, 20.50928, -3.08192], "size": [1, 3, 0], "pivot": [14.28883, 20.34645, -3.08192], "rotation": [0, 0, 91.5], "uv": [4, 0]}
					]
				},
				{
					"name": "bone16",
					"parent": "bone15",
					"pivot": [17.43797, 20.27574, -3.08192],
					"cubes": [
						{"origin": [16.7532, 20.43857, -3.08192], "size": [1, 2, 0], "pivot": [17.28797, 20.27574, -3.08192], "rotation": [0, 0, 91.5], "uv": [20, 22]}
					]
				},
				{
					"name": "body",
					"parent": "stellotlbody",
					"pivot": [-0.75, 10.5, 0],
					"cubes": [
						{"origin": [-3.75, 7.75, -2], "size": [7, 8, 5], "uv": [22, 22]},
						{"origin": [-2.25, 13.75, -3.65], "size": [4, 2, 8], "uv": [0, 30]},
						{"origin": [-4.25, 13.75, -3.05], "size": [8, 2, 7], "inflate": 0.01, "uv": [20, 13]},
						{"origin": [-5, 13.75, -1.5], "size": [2, 2, 4], "uv": [25, 47]},
						{"origin": [2.65, 13.75, -1.5], "size": [2, 2, 4], "uv": [46, 0]},
						{"origin": [-3.25, 8.75, -2.5], "size": [6, 6, 1], "uv": [46, 22]}
					]
				},
				{
					"name": "arms",
					"parent": "body",
					"pivot": [-0.75, 13.75, 0]
				},
				{
					"name": "arm_left",
					"parent": "arms",
					"pivot": [-4.5, 14, -0.5],
					"cubes": [
						{"origin": [-8.67678, 12.53806, -0.92678], "size": [5, 3, 3], "uv": [13, 45]}
					]
				},
				{
					"name": "arm_right",
					"parent": "arms",
					"pivot": [4.5, 14, -0.5],
					"cubes": [
						{"origin": [3.17678, 12.53806, -0.92678], "size": [5, 3, 3], "uv": [43, 14]}
					]
				},
				{
					"name": "legs",
					"parent": "body",
					"pivot": [-0.25, 7.75, 0.75]
				},
				{
					"name": "leg_left",
					"parent": "legs",
					"pivot": [-4, 9.25, 0.5],
					"cubes": [
						{"origin": [-4.53047, 6.5, -0.00186], "size": [3, 4, 4], "pivot": [-4.53047, 5.5, 1.99814], "rotation": [22.5, 0, 0], "uv": [43, 6]}
					]
				},
				{
					"name": "foot_left",
					"parent": "leg_left",
					"pivot": [-3.03047, 5.75, 1.24814],
					"cubes": [
						{"origin": [-4.03047, 2.93085, 0.82171], "size": [2, 4, 2], "pivot": [-3.03047, 5.75, 1.24814], "rotation": [-35, 0, 0], "uv": [47, 48]}
					]
				},
				{
					"name": "leg_right",
					"parent": "legs",
					"pivot": [3, 9.25, 0.75],
					"cubes": [
						{"origin": [1, 6.5, 0], "size": [3, 4, 4], "pivot": [1, 5.5, 2], "rotation": [22.5, 0, 0], "uv": [42, 31]}
					]
				},
				{
					"name": "foot_right",
					"parent": "leg_right",
					"pivot": [2.5, 6.25, 1.25],
					"cubes": [
						{"origin": [1.5, 2.93085, 0.82358], "size": [2, 4, 2], "pivot": [2.5, 5.75, 1.25], "rotation": [-35, 0, 0], "uv": [0, 30]}
					]
				},
				{
					"name": "tail",
					"parent": "body",
					"pivot": [-0.25, 9, 2.25]
				},
				{
					"name": "tail_1",
					"parent": "tail",
					"pivot": [-0.75, 7.5, 2],
					"cubes": [
						{"origin": [-1.75, 7.5, 1], "size": [3, 3, 5], "pivot": [-0.75, 7.5, 2], "rotation": [-22.5, 0, 0], "uv": [35, 40]}
					]
				},
				{
					"name": "tail_2",
					"parent": "tail_1",
					"pivot": [-0.15, 7.5, 6],
					"cubes": [
						{"origin": [-1.8, 6, 6], "size": [3, 3, 5], "uv": [0, 40]}
					]
				},
				{
					"name": "tail_3",
					"parent": "tail_2",
					"pivot": [-0.25, 7.75, 11],
					"cubes": [
						{"origin": [-1.25, 6.75, 11], "size": [2, 2, 4], "pivot": [-0.25, 6.75, 12], "rotation": [15, 0, 0], "uv": [46, 39]}
					]
				},
				{
					"name": "tail_4",
					"parent": "tail_3",
					"pivot": [-0.25, 8.8, 14.9],
					"cubes": [
						{"origin": [-1.25, 9.05, 14.4], "size": [2, 1, 2], "pivot": [-0.25, 9.05, 15.4], "rotation": [42.5, 0, 0], "uv": [10, 51]}
					]
				},
				{
					"name": "tail_5",
					"parent": "tail_4",
					"pivot": [-0.25, 9.95, 15.8],
					"cubes": [
						{"origin": [-1.25, 9.95, 15.8], "size": [2, 1, 2], "pivot": [-0.25, 9.95, 16.8], "rotation": [20, 0, 0], "uv": [16, 33]}
					]
				},
				{
					"name": "fire",
					"parent": "tail",
					"pivot": [-0.25, 10.75, 2.9],
					"cubes": [
						{"origin": [-0.25, 7.75, 2.9], "size": [0, 6, 11], "uv": [0, 13]}
					]
				},
				{
					"name": "fire2",
					"parent": "fire",
					"pivot": [-0.2, 11, 13.9],
					"cubes": [
						{"origin": [-0.25, 7.75, 13.9], "size": [0, 11, 10], "uv": [0, 3]}
					]
				}
			]
		}
	]
}