{
  "slowpoke": {
       "sounds": ["cobblemon:pokemon/slowpoke/slowpoke"]
  },
  "slowbro": {
       "sounds": ["cobblemon:pokemon/slowbro/slowbro"]
  },
  "slowking": {
       "sounds": ["cobblemon:pokemon/slowking/slowking"]
  },
  "megaslowbro": {
       "sounds": ["cobblemon:pokemon/megaslowbro/megaslowbro"]
  },
  
  "gastly": {
       "sounds": ["cobblemon:pokemon/gastly/gastly"]
  },
  "haunter": {
       "sounds": ["cobblemon:pokemon/haunter/haunter"]
  },
  "gengar": {
       "sounds": ["cobblemon:pokemon/gengar/gengar"]
  },
  "gengarlaugh": {
       "sounds": ["cobblemon:pokemon/gengar/gengarlaugh"]
  },
  "megagengar": {
       "sounds": ["cobblemon:pokemon/megagengar/megagengar"]
  },
  
  "gible": {
       "sounds": ["cobblemon:pokemon/gible/gible"]
  },
  "gabite": {
       "sounds": ["cobblemon:pokemon/gabite/gabite"]
  },
  "garchomp": {
       "sounds": ["cobblemon:pokemon/garchomp/garchomp"]
  },
  "mudkip": {
       "sounds": ["cobblemon:pokemon/mudkip/mudkip"]
  },
  "marshtomp": {
       "sounds": ["cobblemon:pokemon/marshtomp/marshtomp"]
  },
  "swampert": {
       "sounds": ["cobblemon:pokemon/swampert/swampert"]
  },
  "kangaskhan": {
       "sounds": ["cobblemon:pokemon/kangaskhan/kangaskhan"]
  },
  "megakangaskhan": {
       "sounds": ["cobblemon:pokemon/megakangaskhan/megakangaskhan"]
  },
  "kangaskhanbaby": {
       "sounds": ["cobblemon:pokemon/kangaskhan/kangaskhanbaby"]
  },
  "litten": {
       "sounds": ["cobblemon:pokemon/litten/litten"]
  },
  "torracat": {
       "sounds": ["cobblemon:pokemon/torracat/torracat"]
  },
  "incineroar": {
       "sounds": ["cobblemon:pokemon/incineroar/incineroar"]
  },
  "gligar": {
       "sounds": ["cobblemon:pokemon/gligar/gligar"]
  },
  "gliscor": {
       "sounds": ["cobblemon:pokemon/gliscor/gliscor"]
  },
  "scizor": {
       "sounds": ["cobblemon:pokemon/scizor/scizor"]
  },
  "megascizor": {
       "sounds": ["cobblemon:pokemon/megascizor/megascizor"]
  },
  "megagarchomp": {
       "sounds": ["cobblemon:pokemon/megagarchomp/megagarchomp"]
  }

}