{
	"format_version": "1.12.0",
	"minecraft:geometry": [
		{
			"description": {
				"identifier": "geometry.chamost",
				"texture_width": 64,
				"texture_height": 64,
				"visible_bounds_width": 3,
				"visible_bounds_height": 2.5,
				"visible_bounds_offset": [0, 0.75, 0]
			},
			"bones": [
				{
					"name": "chamost",
					"pivot": [0, 0, 0]
				},
				{
					"name": "bone",
					"parent": "chamost",
					"pivot": [0, 6, 0],
					"cubes": [
						{"origin": [-5, 6, -6], "size": [10, 6, 12], "uv": [20, 17]}
					]
				},
				{
					"name": "head",
					"parent": "bone",
					"pivot": [0, 12, -6],
					"cubes": [
						{"origin": [-4, 6, -14], "size": [8, 8, 8], "uv": [0, 0]},
						{"origin": [1, 8, -15], "size": [4, 4, 4], "uv": [3, 37]},
						{"origin": [-1, 14, -12], "size": [2, 2, 6], "uv": [0, 18]},
						{"origin": [-1, 16, -10], "size": [2, 2, 4], "uv": [0, 27]},
						{"origin": [-5, 8, -15], "size": [4, 4, 4], "uv": [3, 37], "mirror": true}
					]
				},
				{
					"name": "tail",
					"parent": "bone",
					"pivot": [0, 13, 6],
					"cubes": [
						{"origin": [-2, 6, 6], "size": [4, 10, 10], "uv": [36, 37]}
					]
				},
				{
					"name": "leg",
					"parent": "bone",
					"pivot": [3, 8, -4],
					"cubes": [
						{"origin": [1, 2.01, -6], "size": [4, 4, 4], "uv": [22, 37]}
					]
				},
				{
					"name": "leg2",
					"parent": "bone",
					"pivot": [3, 8, 4],
					"cubes": [
						{"origin": [1, 2.01, 2], "size": [4, 4, 4], "uv": [22, 37]}
					]
				},
				{
					"name": "leg3",
					"parent": "bone",
					"pivot": [-3, 8, 4],
					"cubes": [
						{"origin": [-5, 2.01, 2], "size": [4, 4, 4], "uv": [22, 37], "mirror": true}
					]
				},
				{
					"name": "leg4",
					"parent": "bone",
					"pivot": [-3, 8, -4],
					"cubes": [
						{"origin": [-5, 2.01, -6], "size": [4, 4, 4], "uv": [22, 37], "mirror": true}
					]
				}
			]
		}
	]
}