{
	"format_version": "1.12.0",
	"minecraft:geometry": [
		{
			"description": {
				"identifier": "geometry.elderqwil",
				"texture_width": 128,
				"texture_height": 128,
				"visible_bounds_width": 4,
				"visible_bounds_height": 3,
				"visible_bounds_offset": [0, 0.5, 0]
			},
			"bones": [
				{
					"name": "elderqwil",
					"pivot": [0, 0, 0]
				},
				{
					"name": "body",
					"parent": "elderqwil",
					"pivot": [0, 0, 0]
				},
				{
					"name": "head",
					"parent": "body",
					"pivot": [0, 5, -3.4],
					"cubes": [
						{"origin": [-5, 0, -9], "size": [10, 10, 10], "uv": [0, 32]},
						{"origin": [-16, 1, -12], "size": [12, 0, 16], "uv": [24, 16]},
						{"origin": [-16, 9, -12], "size": [12, 0, 16], "uv": [24, 0]},
						{"origin": [4, 9, -12], "size": [12, 0, 16], "uv": [0, 16]},
						{"origin": [4, 1, -12], "size": [12, 0, 16], "uv": [0, 0]},
						{"origin": [4, 9, -12], "size": [0, 10, 16], "uv": [40, 26]},
						{"origin": [-4, 9, -12], "size": [0, 10, 16], "uv": [32, 36]},
						{"origin": [-4, -9, -12], "size": [0, 10, 16], "uv": [0, 36]},
						{"origin": [4, -9, -12], "size": [0, 10, 16], "uv": [30, 16]},
						{"origin": [-4, 1, 1], "size": [8, 8, 2], "uv": [62, 30]}
					]
				},
				{
					"name": "tail",
					"parent": "head",
					"pivot": [0, 4.5, 3],
					"cubes": [
						{"origin": [-3, 1.5, 3], "size": [6, 6, 6], "uv": [24, 62]}
					]
				},
				{
					"name": "lowertail",
					"parent": "tail",
					"pivot": [0, 3.5, 9],
					"cubes": [
						{"origin": [-2, 1.5, 9], "size": [4, 4, 9], "uv": [55, 53]},
						{"origin": [0, 5.5, 9], "size": [0, 2, 8], "uv": [0, 0]}
					]
				},
				{
					"name": "tailfin",
					"parent": "lowertail",
					"pivot": [0, 3.5, 17],
					"cubes": [
						{"origin": [0, -2.5, 17], "size": [0, 12, 12], "uv": [0, 50]}
					]
				},
				{
					"name": "eyelid",
					"parent": "head",
					"pivot": [0, -8, -1],
					"cubes": [
						{"origin": [-4, 3, -8.1], "size": [8, 5, 0], "uv": [0, 0]}
					]
				}
			]
		}
	]
}