{
	"format_version": "1.8.0",
	"animations": {
		"animation.florion.ground_idle": {
			"loop": true,
			"animation_length": 2,
			"bones": {
				"body": {
					"rotation": {
						"0.0": [0, 0, 0],
						"1.0": [5, 0, 0],
						"2.0": [0, 0, 0]
					},
					"position": {
						"0.0": [0, 0, 0],
						"1.0": [0, 0, -1],
						"2.0": [0, 0, 0]
					}
				},
				"tailp1": {
					"rotation": {
						"0.0": [-7.5, 10, 0],
						"0.5": [7.5, -12.5, 0],
						"1.0": [12.5, -10, 0],
						"1.5": [-10, 12.5, 0],
						"2.0": [-7.5, 10, 0]
					}
				},
				"tailp2": {
					"rotation": {
						"0.0": [0, 17.5, 0],
						"0.5": [0, 17.5, 0],
						"1.0": [0, -17.5, 0],
						"1.5": [0, -17.5, 0],
						"2.0": [0, 17.5, 0]
					}
				},
				"tailp3": {
					"rotation": {
						"0.0": [0, 27.5, 0],
						"0.5": [0, 27.5, 0],
						"1.0": [0, -27.5, 0],
						"1.5": [0, -27.5, 0],
						"2.0": [0, 27.5, 0]
					}
				},
				"neckp1": {
					"rotation": {
						"0.0": [0, 0, 0],
						"1.0": [-5, 0, 0],
						"2.0": [0, 0, 0]
					}
				},
				"rightarm": {
					"rotation": {
						"0.0": [0, 0, 0],
						"1.0": [-2.5, 0, 0],
						"2.0": [0, 0, 0]
					}
				},
				"leftarm": {
					"rotation": {
						"0.0": [0, 0, 0],
						"1.0": [-2.5, 0, 0],
						"2.0": [0, 0, 0]
					}
				},
				"rightleg": {
					"rotation": {
						"0.0": [0, 0, 0],
						"1.0": [0, 0, 0],
						"2.0": [0, 0, 0]
					},
					"position": {
						"0.0": [0, 0, 0],
						"1.0": [0, -1, 0],
						"2.0": [0, 0, 0]
					}
				},
				"leftleg": {
					"rotation": {
						"0.0": [0, 0, 0],
						"1.0": [0, 0, 0],
						"2.0": [0, 0, 0]
					},
					"position": {
						"0.0": [0, 0, 0],
						"1.0": [0, -1, 0],
						"2.0": [0, 0, 0]
					}
				}
			}
		},
		"animation.florion.ground_walk": {
			"loop": true,
			"animation_length": 1,
			"bones": {
				"body": {
					"rotation": {
						"0.0": [12.5, 0, 0],
						"0.25": [5, 0, 0],
						"0.5": [-7.5, 0, 0],
						"0.75": [-2.5, 0, 0],
						"1.0": [12.5, 0, 0]
					},
					"position": {
						"0.0": [0, 0, -2],
						"0.25": [0, -1, 3],
						"0.5": [0, -1, 9],
						"0.75": [0, 1, 3],
						"1.0": [0, 0, -2]
					}
				},
				"tailp1": {
					"rotation": {
						"0.0": [35, 0, 0],
						"0.25": [12.5, 0, 0],
						"0.5": [-5, 0, 0],
						"0.625": [8.75, 0, 0],
						"1.0": [35, 0, 0]
					}
				},
				"tailp2": {
					"rotation": {
						"0.0": [-25, 0, 0],
						"0.25": [7.5, 0, 0],
						"0.75": [-15, 0, 0],
						"1.0": [-25, 0, 0]
					}
				},
				"tailp3": {
					"rotation": {
						"0.0": [-25, 0, 0],
						"0.25": [17.5, 0, 0],
						"0.625": [-13.12, 0, 0],
						"0.75": [0, 0, 0],
						"1.0": [-25, 0, 0]
					}
				},
				"neckp1": {
					"rotation": {
						"0.0": [-10, 0, 0],
						"0.25": [-5, 0, 0],
						"0.5": [10, 0, 0],
						"0.75": [2.5, 0, 0],
						"1.0": [-10, 0, 0]
					},
					"position": {
						"0.25": [0, 0, 0],
						"0.5": [0, 0, -1],
						"0.75": [0, 0, 0]
					}
				},
				"head": {
					"rotation": {
						"0.0": [-5, 0, 0],
						"0.25": [12.5, 0, 0],
						"0.5": [12.5, 0, 0],
						"0.75": [2.5, 0, 0],
						"1.0": [-5, 0, 0]
					}
				},
				"flower": {
					"rotation": {
						"0.0": [-7.5, 0, 0],
						"0.25": [10, 0, 0],
						"0.5": [10, 0, 0],
						"0.75": [10, 0, 0],
						"1.0": [-7.5, 0, 0]
					}
				},
				"petal1": {
					"rotation": {
						"0.0": [0, 0, 0],
						"0.25": [-10, 0, 0],
						"0.75": [-10, 0, 0],
						"1.0": [0, 0, 0]
					}
				},
				"petal2": {
					"rotation": {
						"0.0": [10, 0, 0],
						"0.5": [0, 0, 0],
						"1.0": [10, 0, 0]
					}
				},
				"petal5": {
					"rotation": {
						"0.0": [0, 0, 0],
						"0.25": [12.5, 0, 0],
						"0.75": [12.5, 0, 0],
						"1.0": [0, 0, 0]
					}
				},
				"petal6": {
					"rotation": {
						"0.0": [0, 0, 0],
						"0.25": [12.5, 0, 0],
						"0.75": [12.5, 0, 0],
						"1.0": [0, 0, 0]
					}
				},
				"petal7": {
					"rotation": {
						"0.0": [-7.5, 0, 0],
						"0.5": [0, 0, 0],
						"1.0": [-7.5, 0, 0]
					}
				},
				"petal8": {
					"rotation": {
						"0.0": [-7.5, 0, 0],
						"0.5": [0, 0, 0],
						"1.0": [-7.5, 0, 0]
					}
				},
				"rightarm": {
					"rotation": {
						"0.0": [-37.5, 0, 0],
						"0.25": [5, 0, 0],
						"0.5": [4.92442, 0.86717, -9.96271],
						"0.75": [5, 0, 0],
						"1.0": [-37.5, 0, 0]
					}
				},
				"rightarmp2": {
					"rotation": {
						"0.0": [0, 0, 0],
						"0.25": [7.5, 0, 0],
						"0.5": [47.5, 0, 0],
						"0.75": [62.61595, 0.38284, 0.64003],
						"1.0": [0, 0, 0]
					},
					"position": {
						"0.5": [0, 0, 0],
						"0.75": [0, 0, 0.5],
						"1.0": [0, 0, 0]
					}
				},
				"rightarmp3": {
					"rotation": {
						"0.0": [0, 0, 0],
						"0.25": [-22.5, 0, 0],
						"0.5": [-7.5, 0, 0],
						"0.75": [-60, 0, 0],
						"1.0": [0, 0, 0]
					}
				},
				"rightarmp4": {
					"rotation": {
						"0.25": [0, 0, 0],
						"0.5": [55, 0, 0],
						"1.0": [0, 0, 0]
					}
				},
				"leftarm": {
					"rotation": {
						"0.0": [-37.5, 0, 0],
						"0.25": [5, 0, 0],
						"0.5": [4.92442, -0.86717, 9.96271],
						"0.75": [5, 0, 0],
						"1.0": [-37.5, 0, 0]
					}
				},
				"leftarmp2": {
					"rotation": {
						"0.0": [0, 0, 0],
						"0.25": [7.5, 0, 0],
						"0.5": [47.5, 0, 0],
						"0.75": [65, 0, 0],
						"1.0": [0, 0, 0]
					},
					"position": {
						"0.5": [0, 0, 0],
						"0.75": [0, 0, 0.5],
						"1.0": [0, 0, 0]
					}
				},
				"leftarmp3": {
					"rotation": {
						"0.0": [0, 0, 0],
						"0.25": [-22.5, 0, 0],
						"0.5": [-7.5, 0, 0],
						"0.75": [-60, 0, 0],
						"1.0": [0, 0, 0]
					}
				},
				"leftarmp4": {
					"rotation": {
						"0.25": [0, 0, 0],
						"0.5": [55, 0, 0],
						"1.0": [0, 0, 0]
					}
				},
				"rightleg": {
					"rotation": {
						"0.0": [55, 0, 0],
						"0.25": [0, 0, 0],
						"0.5": [-35, 0, 0],
						"0.75": [2.5, 0, 0],
						"1.0": [55, 0, 0]
					}
				},
				"rightlegp2": {
					"rotation": {
						"0.0": [-25, 0, 0],
						"0.25": [35, 0, 0],
						"0.5": [-17.5, 0, 0],
						"0.75": [-7.5, 0, 0],
						"1.0": [-25, 0, 0]
					}
				},
				"rightlegp3": {
					"rotation": {
						"0.0": [50, 0, 0],
						"0.25": [-40, 0, 0],
						"0.5": [42.5, 0, 0],
						"0.75": [12.5, 0, 0],
						"1.0": [50, 0, 0]
					}
				},
				"leftleg": {
					"rotation": {
						"0.0": [55, 0, 0],
						"0.25": [0, 0, 0],
						"0.5": [-35, 0, 0],
						"0.75": [2.5, 0, 0],
						"1.0": [55, 0, 0]
					}
				},
				"leftlegp2": {
					"rotation": {
						"0.0": [-25, 0, 0],
						"0.25": [35, 0, 0],
						"0.5": [-17.5, 0, 0],
						"0.75": [-7.5, 0, 0],
						"1.0": [-25, 0, 0]
					}
				},
				"leftlegp3": {
					"rotation": {
						"0.0": [50, 0, 0],
						"0.25": [-40, 0, 0],
						"0.5": [42.5, 0, 0],
						"0.75": [12.5, 0, 0],
						"1.0": [50, 0, 0]
					}
				}
			}
		},
		"animation.florion.sleep": {
			"loop": true,
			"animation_length": 2,
			"bones": {
				"body": {
					"rotation": [-7.5, 0, 0],
					"position": [0, -6, 0]
				},
				"tailp1": {
					"rotation": {
						"0.0": [0, -30, 0],
						"1.0": [2.5, -30, 0],
						"2.0": [0, -30, 0]
					}
				},
				"tailp2": {
					"rotation": [0, -20, 0]
				},
				"tailp3": {
					"rotation": [0, -25, 0],
					"position": [0, 0, -1]
				},
				"leftleavesp3": {
					"rotation": [0, 0, -57.5]
				},
				"leftleavesp2": {
					"rotation": [0, 0, -80]
				},
				"leftleavesp1": {
					"rotation": [0, 0, -87.5]
				},
				"neckp1": {
					"rotation": [7.5, 0, 0],
					"position": {
						"0.0": [0, -1, -1],
						"1.0": [0, -0.5, -1],
						"2.0": [0, -1, -1]
					}
				},
				"head": {
					"rotation": [12.5, 0, 0]
				},
				"rightear": {
					"rotation": [-27.5, 0, 0]
				},
				"leftear": {
					"rotation": [-27.5, 0, 0]
				},
				"rightarm": {
					"rotation": [-2.45563, -0.46857, 0.03207],
					"position": [0, -1, 0]
				},
				"rightarmp2": {
					"rotation": [-10, 0, 0]
				},
				"rightarmp3": {
					"rotation": [-67.5, 0, 0]
				},
				"rightarmp4": {
					"rotation": [57.5, 0, 0]
				},
				"leftarm": {
					"rotation": [-2.45563, -0.46857, 0.03207],
					"position": [0, -1, 0]
				},
				"leftarmp2": {
					"rotation": [-10, 0, 0]
				},
				"leftarmp3": {
					"rotation": [-67.5, 0, 0]
				},
				"leftarmp4": {
					"rotation": [57.5, 0, 0]
				},
				"rightleg": {
					"rotation": [-25, 0, 0],
					"position": [0, 0, 2]
				},
				"rightlegp2": {
					"rotation": [27.5, 0, 0]
				},
				"rightlegp3": {
					"rotation": [-67.5, 0, 0]
				},
				"leftleg": {
					"rotation": [-25, 0, 0],
					"position": [0, 0, 2]
				},
				"leftlegp2": {
					"rotation": [27.5, 0, 0]
				},
				"leftlegp3": {
					"rotation": [-67.5, 0, 0]
				},
				"bone": {
					"position": [0, -1, 0],
					"scale": [1, 0.2, 1]
				},
				"bone2": {
					"position": [0, -1, 0],
					"scale": [1, 0.2, 1]
				}
			}
		},
		"animation.florion.faint": {
			"animation_length": 1.5,
			"bones": {
				"body": {
					"rotation": {
						"0.0": [0, 0, 0],
						"0.125": [-5, 0, 0],
						"0.25": [-25, 0, 0],
						"0.75": [-32.5, 0, 0]
					},
					"position": {
						"0.0": [0, 0, 0],
						"0.125": [0, 0, 2],
						"0.25": [0, 1, 7],
						"0.75": [0, 1, 9]
					}
				},
				"tailp1": {
					"rotation": {
						"0.0": [0, 0, 0],
						"0.25": [5, 0, 0],
						"0.5": [20, 0, 0]
					}
				},
				"tailp2": {
					"rotation": {
						"0.0": [0, 0, 0],
						"0.5": [15, 0, 0]
					}
				},
				"tailp3": {
					"rotation": {
						"0.0": [0, 0, 0],
						"0.5": [20, 0, 0]
					}
				},
				"neckp1": {
					"rotation": {
						"0.0": [0, 0, 0],
						"0.25": [25, 0, 0],
						"1.0": [32.5, 0, 0]
					},
					"position": {
						"0.0": [0, 0, 0],
						"0.25": [0, 0, -2],
						"1.0": [0, 0, -3]
					}
				},
				"head": {
					"rotation": {
						"0.0": [0, 0, 0],
						"0.25": [12.5, 0, 0]
					}
				},
				"rightear": {
					"rotation": {
						"0.0": [0, 0, 0],
						"1.0": [0, 40, 0]
					}
				},
				"leftear": {
					"rotation": {
						"0.0": [0, 0, 0],
						"1.0": [0, -40, 0]
					}
				},
				"rightarm": {
					"rotation": {
						"0.0": [0, 0, 0],
						"0.25": [-15, 0, 0],
						"0.375": [-25, 0, 0],
						"0.5": [5, 0, 0],
						"0.625": [12.5, 0, 0],
						"0.75": [-15, 0, 0]
					},
					"position": {
						"0.0": [0, 0, 0],
						"0.25": [0, 1, 0],
						"0.375": [0, -3, -1],
						"0.5": [0, -1, 0],
						"0.625": [0, 0, 0],
						"0.75": [0, 1, 0],
						"1.5": [0, 1, 0]
					}
				},
				"rightarmp2": {
					"rotation": {
						"0.0": [0, 0, 0],
						"0.2083": [37.5, 0, 0],
						"0.3333": [-17.5, 0, 0],
						"0.4583": [-17.5, 0, 0],
						"0.5833": [32.5, 0, 0],
						"0.7083": [37.5, 0, 0]
					}
				},
				"rightarmp3": {
					"rotation": {
						"0.0": [0, 0, 0],
						"0.25": [-47.5, 0, 0],
						"0.375": [15, 0, 0],
						"0.5": [15, 0, 0],
						"0.625": [-55, 0, 0],
						"0.75": [-47.5, 0, 0]
					}
				},
				"rightarmp4": {
					"rotation": {
						"0.0": [0, 0, 0],
						"0.25": [62.5, 0, 0],
						"0.375": [20, 0, 0],
						"0.5": [20, 0, 0],
						"0.625": [90, 0, 0],
						"0.75": [62.5, 0, 0]
					}
				},
				"leftarm": {
					"rotation": {
						"0.5": [0, 0, 0],
						"0.75": [-15, 0, 0],
						"0.875": [-25, 0, 0],
						"1.0": [5, 0, 0],
						"1.125": [12.5, 0, 0],
						"1.25": [-15, 0, 0]
					},
					"position": {
						"0.0": [0, 0, 0],
						"0.75": [0, 1, 0],
						"0.875": [0, -3, -1],
						"1.0": [0, -1, 0],
						"1.125": [0, 0, 0],
						"1.25": [0, 1, 0],
						"1.5": [0, 1, 0]
					}
				},
				"leftarmp2": {
					"rotation": {
						"0.5": [0, 0, 0],
						"0.75": [37.5, 0, 0],
						"0.875": [-17.5, 0, 0],
						"1.0": [-17.5, 0, 0],
						"1.125": [32.5, 0, 0],
						"1.25": [37.5, 0, 0]
					}
				},
				"leftarmp3": {
					"rotation": {
						"0.5": [0, 0, 0],
						"0.75": [-47.5, 0, 0],
						"0.875": [15, 0, 0],
						"1.0": [15, 0, 0],
						"1.125": [-55, 0, 0],
						"1.25": [-47.5, 0, 0]
					}
				},
				"leftarmp4": {
					"rotation": {
						"0.5": [0, 0, 0],
						"0.75": [62.5, 0, 0],
						"0.875": [20, 0, 0],
						"1.0": [20, 0, 0],
						"1.125": [90, 0, 0],
						"1.25": [62.5, 0, 0]
					}
				}
			}
		},
		"animation.florion.blink": {
			"animation_length": 0.41667,
			"bones": {
				"bone": {
					"position": {
						"0.0": [0, 0, 0],
						"0.0417": [0, 0, 0],
						"0.0833": [0, 0, 0],
						"0.125": [0, 0, 0],
						"0.1667": [0, 0, 0],
						"0.25": [0, -1, 0],
						"0.375": [0, -1, 0],
						"0.4167": [0, 0, 0]
					},
					"scale": {
						"0.0": [1, 1, 1],
						"0.0417": [1, 1, 1],
						"0.0833": [1, 1, 1],
						"0.125": [1, 1, 1],
						"0.1667": [1, 1, 1],
						"0.25": [1, 0.2, 1],
						"0.375": [1, 0.2, 1],
						"0.4167": [1, 1, 1]
					}
				},
				"bone2": {
					"position": {
						"0.0": [0, 0, 0],
						"0.0417": [0, 0, 0],
						"0.0833": [0, 0, 0],
						"0.125": [0, 0, 0],
						"0.1667": [0, 0, 0],
						"0.25": [0, -1, 0],
						"0.375": [0, -1, 0],
						"0.4167": [0, 0, 0]
					},
					"scale": {
						"0.0": [1, 1, 1],
						"0.0417": [1, 1, 1],
						"0.0833": [1, 1, 1],
						"0.125": [1, 1, 1],
						"0.1667": [1, 1, 1],
						"0.25": [1, 0.2, 1],
						"0.375": [1, 0.2, 1],
						"0.4167": [1, 1, 1]
					}
				}
			}
		},
		"animation.florion.cry": {
			"animation_length": 0.75,
			"bones": {
				"head": {
					"rotation": {
						"0.0": [0, 0, 0],
						"0.2083": [-5, 0, 0],
						"0.5": [-20, 0, 0],
						"0.75": [0, 0, 0]
					}
				},
				"mouth": {
					"position": {
						"0.0": [0, 0, 0],
						"0.3333": [0, -13, 0],
						"0.75": [0, 0, 0]
					},
					"scale": {
						"0.0": [1, 1, 1],
						"0.3333": [1, 1.9, 1],
						"0.75": [1, 1, 1]
					}
				}
			}
		}
	}
}