{
    "enabled": true,
    "neededInstalledMods": [],
    "neededUninstalledMods": [],
    "spawns": [
        {
            "id": "piplup-1",
            "pokemon": "piplup",
            "presets": [
                "natural"
            ],
            "type": "pokemon",
            "context": "grounded",
            "bucket": "ultra-rare",
            "level": "5-31",
            "weight": 6.0,
            "condition": {
                "minSkyLight": 8,
                "maxSkyLight": 15,
                "biomes": [
                    "#cobblemon:is_frozen_ocean"
                ]
            }
        },
        {
            "id": "piplup-2",
            "pokemon": "piplup",
            "presets": [
                "water"
            ],
            "type": "pokemon",
            "context": "submerged",
            "bucket": "ultra-rare",
            "level": "5-31",
            "weight": 6.0,
            "condition": {
                "canSeeSky": true,
                "biomes": [
                    "#cobblemon:is_frozen_ocean"
                ]
            }
        },
        {
            "id": "piplup-3",
            "pokemon": "piplup",
            "type": "pokemon",
            "context": "fishing",
            "bucket": "ultra-rare",
            "level": "5-31",
            "weight": 6.0,
            "condition": {
                "canSeeSky": true,
                "biomes": [
                    "#cobblemon:is_cold_ocean",
                    "#cobblemon:is_frozen_ocean",
                    "#minecraft:frozen_river",
                    "#cobblemon:is_glacial",
                    "#cobblemon:is_tundra"
                ]
            }
        },
        {
            "id": "piplup-4",
            "pokemon": "piplup",
            "presets": [
                "water"
            ],
            "type": "pokemon",
            "context": "submerged",
            "bucket": "ultra-rare",
            "level": "5-31",
            "weight": 6.0,
            "condition": {
                "canSeeSky": false,
                "minSkyLight": 8,
                "maxSkyLight": 15,
                "biomes": [
                    "#cobblemon:is_frozen_ocean"
                ]
            }
        },
        {
            "id": "piplup-5",
            "pokemon": "piplup",
            "type": "pokemon",
            "context": "fishing",
            "bucket": "ultra-rare",
            "level": "5-31",
            "weight": 6.0,
            "condition": {
                "canSeeSky": false,
                "minSkyLight": 8,
                "maxSkyLight": 15,
                "biomes": [
                    "#cobblemon:is_cold_ocean",
                    "#cobblemon:is_frozen_ocean",
                    "#minecraft:frozen_river",
                    "#cobblemon:is_glacial",
                    "#cobblemon:is_tundra"
                ]
            }
        },
        {
            "id": "piplup-tokyo2-6",
            "pokemon": "piplup_tokyo2",
            "presets": [
                "natural"
            ],
            "type": "pokemon",
            "context": "grounded",
            "bucket": "rare",
            "level": "5-31",
            "weight": 0.25,
            "condition": {
                "minSkyLight": 8,
                "maxSkyLight": 15,
                "biomes": [
                    "#cobblemon:is_warm_ocean"
                ]
            }
        },
        {
            "id": "piplup-tokyo2-7",
            "pokemon": "piplup_tokyo2",
            "presets": [
                "water"
            ],
            "type": "pokemon",
            "context": "submerged",
            "bucket": "rare",
            "level": "5-31",
            "weight": 0.25,
            "condition": {
                "canSeeSky": true,
                "biomes": [
                    "#cobblemon:is_warm_ocean"
                ]
            }
        },
        {
            "id": "piplup-tokyo2-8",
            "pokemon": "piplup_tokyo2",
            "type": "pokemon",
            "context": "fishing",
            "bucket": "rare",
            "level": "5-31",
            "weight": 0.25,
            "condition": {
                "canSeeSky": true,
                "biomes": [
                    "#cobblemon:is_warm_ocean",
                    "#cobblemon:is_lukewarm_ocean",
                    "#minecraft:frozen_river",
                    "#cobblemon:is_glacial",
                    "#cobblemon:is_tundra"
                ]
            }
        },
        {
            "id": "piplup-tokyo2-9",
            "pokemon": "piplup_tokyo2",
            "presets": [
                "water"
            ],
            "type": "pokemon",
            "context": "submerged",
            "bucket": "rare",
            "level": "5-31",
            "weight": 0.25,
            "condition": {
                "canSeeSky": false,
                "minSkyLight": 8,
                "maxSkyLight": 15,
                "biomes": [
                    "#cobblemon:is_frozen_ocean"
                ]
            }
        }
    ]
}