{
    "enabled": true,
    "neededInstalledMods": [],
    "neededUninstalledMods": [],
    "spawns": [
        {
            "id": "sahaquiellegend-1",
            "pokemon": "sahaquiellegend",
            "presets": [
                "natural"
            ],
            "type": "pokemon",
            "context": "grounded",
            "bucket": "ultra-rare",
            "level": "45-60",
            "weight": 0.25,
            "condition": {
                "biomes": [
                    "#cobblemon:is_end"
                ]
            }
        }
    ]
}