{
	"format_version": "1.8.0",
	"animations": {
		"animation.sealost.ground_idle": {
			"loop": true,
			"animation_length": 1,
			"bones": {
				"bone": {
					"rotation": {
						"0.0": [0, 0, 0],
						"0.5": [5, 0, 0],
						"1.0": [0, 0, 0]
					},
					"position": {
						"0.0": [0, 0, 0],
						"0.5": [0, 0, -1],
						"1.0": [0, 0, 0]
					}
				},
				"tailp1": {
					"rotation": {
						"0.0": [1.69146, 16.27014, 11.79198],
						"0.5": [-6.0146, 17.66046, 9.54013],
						"1.0": [1.69146, 16.27014, 11.79198]
					}
				},
				"tailp2": {
					"rotation": [0, -47.5, 0]
				},
				"tailp3": {
					"rotation": [1.38581, -49.93505, -2.97576]
				},
				"tailp4": {
					"rotation": [0, -55, 0]
				},
				"tailp5": {
					"rotation": [0, -35, 0]
				},
				"neck": {
					"rotation": {
						"0.0": [0, 0, 0],
						"0.5": [-7.5, 0, 0],
						"1.0": [0, 0, 0]
					}
				}
			}
		},
		"animation.sealost.ground_walk": {
			"loop": true,
			"animation_length": 1,
			"bones": {
				"bone": {
					"rotation": {
						"0.0": [-2.5, 0, 0],
						"0.25": [25, 0, 0],
						"0.5": [35, 0, 0],
						"1.0": [-2.5, 0, 0]
					},
					"position": {
						"0.0": [0, 5, 0],
						"0.25": [0, 7, -7],
						"0.5": [0, -2, -4],
						"0.75": [0, -2, 7],
						"1.0": [0, 5, 0]
					}
				},
				"tailp1": {
					"rotation": {
						"0.0": [-12.5, 0, 0],
						"0.25": [-12.5, 0, 0],
						"0.5": [-7.5, 0, 0],
						"1.0": [-12.5, 0, 0]
					}
				},
				"tailp2": {
					"rotation": {
						"0.0": [15, 0, 0],
						"0.25": [-15, 0, 0],
						"0.5": [12.5, 0, 0],
						"0.75": [12.5, 0, 0],
						"1.0": [15, 0, 0]
					}
				},
				"tailp3": {
					"rotation": {
						"0.0": [0, 0, 0],
						"0.25": [-10, 0, 0],
						"0.5": [10, 0, 0],
						"0.75": [15, 0, 0],
						"1.0": [0, 0, 0]
					}
				},
				"tailp4": {
					"rotation": {
						"0.0": [0, 0, 0],
						"0.25": [-7.5, 0, 0],
						"0.5": [-15, 0, 0],
						"0.75": [20, 0, 0],
						"1.0": [0, 0, 0]
					}
				},
				"tailp5": {
					"rotation": {
						"0.0": [0, 0, 0],
						"0.25": [-7.5, 0, 0],
						"0.5": [-10, 0, 0],
						"0.75": [17.5, 0, 0],
						"1.0": [0, 0, 0]
					}
				},
				"rightarm": {
					"rotation": {
						"0.0": [3.42657, 20.34459, 30.48802],
						"0.25": [34.18049, -6.54604, 21.86611],
						"0.5": [4.47543, -13.94094, 65.18667],
						"0.75": [-54.93948, 1.24706, 56.878],
						"1.0": [3.42657, 20.34459, 30.48802]
					}
				},
				"rightarmp2": {
					"rotation": {
						"0.0": [51.87336, -23.23528, -65.56182],
						"0.25": [-14.73939, 15.2547, -70.34046],
						"0.5": [27.21904, 48.72669, -89.29584],
						"0.75": [-11.23268, -24.73952, -45.53537],
						"1.0": [51.87336, -23.23528, -65.56182]
					}
				},
				"neck": {
					"rotation": {
						"0.0": [27.5, 0, 0],
						"0.25": [40, 0, 0],
						"0.5": [7.5, 0, 0],
						"0.75": [-17.5, 0, 0],
						"1.0": [27.5, 0, 0]
					}
				},
				"head": {
					"rotation": {
						"0.0": [-20, 0, 0],
						"0.25": [-40, 0, 0],
						"0.5": [-20, 0, 0],
						"0.75": [12.5, 0, 0],
						"1.0": [-20, 0, 0]
					}
				},
				"leftarm": {
					"rotation": {
						"0.0": [3.42657, -20.34459, -30.48802],
						"0.25": [34.18049, 6.54604, -21.86611],
						"0.5": [4.47543, 13.94094, -65.18667],
						"0.75": [-54.93948, -1.24706, -56.878],
						"1.0": [3.42657, -20.34459, -30.48802]
					}
				},
				"leftarmp2": {
					"rotation": {
						"0.0": [51.87336, 23.23528, 65.56182],
						"0.25": [-14.73939, -15.2547, 70.34046],
						"0.5": [27.21904, -48.72669, 89.29584],
						"0.75": [-11.23268, 24.73952, 45.53537],
						"1.0": [51.87336, 23.23528, 65.56182]
					}
				}
			}
		},
		"animation.sealost.water_idle": {
			"loop": true,
			"animation_length": 1.25,
			"bones": {
				"bone": {
					"rotation": {
						"0.0": [0, 12.5, 0],
						"0.25": [17.5, 12.5, 0],
						"0.75": [7.5, 12.5, 0],
						"1.25": [0, 12.5, 0]
					},
					"position": {
						"0.0": [3, 0, 0],
						"1.25": [3, 0, 0]
					}
				},
				"tailp1": {
					"rotation": {
						"0.0": [-37.75806, -24.97457, 1.16524],
						"0.25": [-37.5, -24.9746, 0],
						"0.5": [-25, -24.9746, 0],
						"0.75": [-15, -24.9746, 0],
						"1.25": [-37.75806, -24.97457, 1.16524]
					}
				},
				"tailp2": {
					"rotation": {
						"0.0": [-9.64787, -34.39275, 6.93255],
						"0.25": [-7.5, -34.3927, 0],
						"0.5": [15, -34.3927, 0],
						"0.75": [7.5, -34.3927, 0],
						"1.0": [7.5, -34.3927, 0],
						"1.25": [-9.64787, -34.39275, 6.93255]
					}
				},
				"tailp3": {
					"rotation": {
						"0.0": [-41.98564, -61.77771, 35.97845],
						"0.25": [-35, -61.7777, 0],
						"0.5": [-20, -61.7777, 0],
						"0.75": [20, -61.7777, 0],
						"1.0": [20, -61.7777, 0],
						"1.25": [-41.98564, -61.77771, 35.97845]
					}
				},
				"tailp4": {
					"rotation": {
						"0.0": [-35.95886, -43.96924, 26.73242],
						"0.25": [-47.5, -43.9692, 26.7324],
						"0.5": [-25, -43.9692, 26.7324],
						"0.75": [25, -43.9692, 26.7324],
						"1.0": [47.5, -43.9692, 26.7324],
						"1.25": [-35.95886, -43.96924, 26.73242]
					}
				},
				"tailp5": {
					"rotation": {
						"0.0": [-56.82794, -38.62085, 19.32397],
						"0.25": [-22.5, -38.6209, 0],
						"0.5": [-22.5, -38.6209, 0],
						"0.75": [22.5, -38.6209, 0],
						"1.0": [45, -38.6209, 0],
						"1.25": [-56.82794, -38.62085, 19.32397]
					}
				},
				"rightarm": {
					"rotation": [39.58084, -26.93904, -4.69886],
					"position": [0, -3, 0]
				},
				"rightarmp2": {
					"rotation": {
						"0.0": [0.76863, -29.8742, -80.38066],
						"0.625": [0.07673, -9.96156, -78.38045],
						"1.25": [0.76863, -29.8742, -80.38066]
					}
				},
				"neck": {
					"rotation": {
						"0.0": [15.01925, -7.02039, -5.65521],
						"0.25": [-12.48075, -7.02039, -5.65521],
						"0.5": [-9.98075, -7.02039, -5.65521],
						"0.75": [-2.48075, -7.02039, -5.65521],
						"1.25": [15.01925, -7.02039, -5.65521]
					}
				},
				"leftarm": {
					"rotation": [45.93794, 14.84521, 8.14379],
					"position": [0, -3, 0]
				},
				"leftarmp2": {
					"rotation": [0, 0, 77.5]
				}
			}
		},
		"animation.sealost.water_swim": {
			"loop": true,
			"animation_length": 1,
			"bones": {
				"bone": {
					"rotation": {
						"0.0": [62.5, 0, 0],
						"0.25": [32.5, 0, 0],
						"0.5": [0, 0, 0],
						"0.75": [6.25, 0, 0],
						"1.0": [62.5, 0, 0]
					},
					"position": {
						"0.0": [0, 4, -5],
						"0.25": [0, 0, -5],
						"0.5": [0, -6, -5],
						"1.0": [0, 4, -5]
					}
				},
				"tailp1": {
					"rotation": {
						"0.0": [-60, 0, 0],
						"0.2083": [-7.5, 0, 0],
						"0.5": [-22.5, 0, 0],
						"0.75": [-45, 0, 0],
						"1.0": [-60, 0, 0]
					}
				},
				"tailp2": {
					"rotation": {
						"0.0": [-17.5, 0, 0],
						"0.25": [-2.83861, 3.08971, -0.44547],
						"0.5": [12.16139, 3.08971, -0.44547],
						"0.75": [12.16139, 3.08971, -0.44547],
						"1.0": [-17.5, 0, 0]
					}
				},
				"tailp3": {
					"rotation": {
						"0.0": [-7.5, 0, 0],
						"0.25": [-7.5, 0, 0],
						"0.5": [10, 0, 0],
						"0.75": [10, 0, 0],
						"0.875": [-8.75, 0, 0],
						"1.0": [-7.5, 0, 0]
					}
				},
				"tailp4": {
					"rotation": {
						"0.0": [-12.5, 0, 0],
						"0.25": [-12.5, 0, 0],
						"0.5": [27.5, 0, 0],
						"0.75": [27.5, 0, 0],
						"0.875": [-10, 0, 0],
						"1.0": [-12.5, 0, 0]
					}
				},
				"tailp5": {
					"rotation": {
						"0.0": [-10, 0, 0],
						"0.25": [-10, 0, 0],
						"0.5": [25, 0, 0],
						"0.75": [25, 0, 0],
						"0.875": [-27.5, 0, 0],
						"1.0": [-10, 0, 0]
					}
				},
				"rightarm": {
					"rotation": {
						"0.0": [35, 0, 0],
						"0.25": [50, 0, 0],
						"0.5": [40, 0, 0],
						"0.75": [15, 0, 0],
						"1.0": [35, 0, 0]
					},
					"position": {
						"0.0": [0, -1, 0],
						"1.0": [0, -1, 0]
					}
				},
				"rightarmp2": {
					"rotation": [0, 0, -70]
				},
				"neck": {
					"rotation": {
						"0.0": [37.5, 0, 0],
						"0.25": [17.5, 0, 0],
						"0.5": [22.5, 0, 0],
						"0.75": [47.5, 0, 0],
						"1.0": [37.5, 0, 0]
					}
				},
				"head": {
					"rotation": {
						"0.0": [-62.5, 0, 0],
						"0.25": [-75, 0, 0],
						"0.5": [-25, 0, 0],
						"0.75": [-20, 0, 0],
						"1.0": [-62.5, 0, 0]
					},
					"position": {
						"0.0": [0, 0, -4],
						"0.25": [0, 0, -2],
						"0.5": [0, 0, -2],
						"0.75": [0, -1, -1],
						"1.0": [0, 0, -4]
					}
				},
				"rightear": {
					"rotation": {
						"0.0": [0, 0, 0],
						"0.25": [22.5, 0, 0],
						"0.5": [0, 0, 0]
					}
				},
				"leftear": {
					"rotation": {
						"0.0": [0, 0, 0],
						"0.25": [22.5, 0, 0],
						"0.5": [0, 0, 0]
					}
				},
				"leftarm": {
					"rotation": {
						"0.0": [35, 0, 0],
						"0.25": [50, 0, 0],
						"0.5": [40, 0, 0],
						"0.75": [15, 0, 0],
						"1.0": [35, 0, 0]
					},
					"position": {
						"0.0": [0, -1, 0],
						"1.0": [0, -1, 0]
					}
				},
				"leftarmp2": {
					"rotation": [0, 0, 70]
				}
			}
		},
		"animation.sealost.faint": {
			"animation_length": 1,
			"bones": {
				"bone": {
					"rotation": {
						"0.0": [0, 0, 0],
						"0.5": [35, 30, 0]
					},
					"position": {
						"0.0": [0, 0, 0],
						"0.5": [0, -2, -4]
					}
				},
				"tailp1": {
					"rotation": {
						"0.0": [1.69146, 16.27014, 11.79198],
						"0.5": [-31.71239, -22.22485, -16.62484]
					}
				},
				"tailp2": {
					"rotation": {
						"0.0": [0, -47.5, 0],
						"0.5": [10, -67.5, 0]
					}
				},
				"tailp3": {
					"rotation": {
						"0.0": [1.38581, -49.93505, -2.97576],
						"0.5": [3.88581, -49.93505, -2.97576]
					}
				},
				"tailp4": {
					"rotation": [0, -55, 0]
				},
				"tailp5": {
					"rotation": [0, -35, 0]
				},
				"rightarm": {
					"rotation": {
						"0.0": [0, 0, 0],
						"0.25": [0, 0, 30],
						"0.5": [0, 0, 40]
					},
					"position": [0, 0, 0]
				},
				"rightarmp2": {
					"rotation": {
						"0.0": [0, 0, 0],
						"0.5": [0, 0, -42.5]
					},
					"position": [0, 0, 0]
				},
				"neck": {
					"rotation": {
						"0.0": [0, 0, 0],
						"0.5": [45.58619, 17.07228, 3.90399]
					},
					"position": [0, 0, 0]
				},
				"head": {
					"rotation": {
						"0.0": [0, 0, 0],
						"0.5": [-67.90961, 22.40972, -2.06754]
					},
					"position": {
						"0.0": [0, 0, 0],
						"0.5": [0, 1, -2]
					}
				},
				"righteyelid": {
					"rotation": [0, 0, 0],
					"position": {
						"0.2083": [0, 0, 0],
						"0.25": [0, -0.1, 0]
					}
				},
				"lefteyelid": {
					"rotation": [0, 0, 0],
					"position": {
						"0.2083": [0, 0, 0],
						"0.25": [0, -0.1, 0]
					}
				},
				"leftarm": {
					"rotation": {
						"0.0": [0, 0, 0],
						"0.25": [16.5402, 18.80403, -16.90448],
						"0.5": [40, 0, 0]
					},
					"position": {
						"0.0": [0, 0, 0],
						"0.5": [0, -2, 0]
					}
				},
				"leftarmp2": {
					"rotation": {
						"0.0": [0, 0, 0],
						"0.5": [0.3191, -19.92066, 53.18307]
					}
				}
			}
		},
		"animation.sealost.blink": {
			"animation_length": 0.41667,
			"bones": {
				"righteyelid": {
					"position": {
						"0.0": [0, 0, 0],
						"0.0833": [0, 0, 0],
						"0.1667": [0, 0, 0],
						"0.2083": [0, -0.09339, -0.0373],
						"0.25": [0, -0.09339, -0.0373],
						"0.375": [0, -0.09339, -0.0373],
						"0.4167": [0, 0, 0]
					}
				},
				"lefteyelid": {
					"position": {
						"0.0": [0, 0, 0],
						"0.0833": [0, 0, 0],
						"0.1667": [0, 0, 0],
						"0.2083": [0, -0.09339, -0.0373],
						"0.25": [0, -0.09339, -0.0373],
						"0.375": [0, -0.09339, -0.0373],
						"0.4167": [0, 0, 0]
					}
				}
			}
		},
		"animation.sealost.cry": {
			"animation_length": 0.5,
			"bones": {
				"head": {
					"rotation": {
						"0.0": [0, 0, 0],
						"0.125": [-5, 0, 0],
						"0.2917": [-17.5, 0, 0],
						"0.4167": [-20, 0, 0],
						"0.5": [0, 0, 0]
					}
				},
				"mouth": {
					"position": {
						"0.25": [0, 0, 0],
						"0.2917": [0, 0, 1],
						"0.4167": [0, 0, 1],
						"0.4583": [0, 0, 0]
					},
					"scale": {
						"0.0": [1, 1, 1],
						"0.25": [1, 1, 1],
						"0.2917": [1, 1, 2.2],
						"0.4167": [1, 1, 2.2],
						"0.4583": [1, 1, 1]
					}
				}
			}
		},
		"animation.sealost.sleep": {
			"loop": true,
			"animation_length": 1,
			"bones": {
				"bone": {
					"rotation": {
						"0.0": [82.5, 0, 90],
						"1.0": [82.5, 0, 90]
					},
					"position": {
						"0.0": [13, -7, -9],
						"0.5": [13, -6, -9],
						"1.0": [13, -7, -9]
					}
				},
				"tailp1": {
					"rotation": {
						"0.0": [-62.5, 0, 0],
						"0.5": [-62.58957, 4.43385, -2.31336],
						"1.0": [-62.5, 0, 0]
					}
				},
				"tailp2": {
					"rotation": [-52.5, 0, 0]
				},
				"tailp3": {
					"rotation": [-60.22267, 4.02155, -6.33586]
				},
				"tailp4": {
					"rotation": {
						"0.0": [-51.74437, -12.70001, 15.57939],
						"0.5": [-50.24222, -4.81281, 5.7589],
						"1.0": [-51.74437, -12.70001, 15.57939]
					}
				},
				"tailp5": {
					"rotation": {
						"0.0": [-35, 0, 0],
						"0.3333": [-29.87433, -23.33201, -12.85711],
						"0.7083": [-30.12567, 23.33201, -12.85711],
						"1.0": [-35, 0, 0]
					}
				},
				"rightarm": {
					"rotation": [40, 0, 0],
					"position": [0, -2, 0]
				},
				"rightarmp2": {
					"rotation": [0, 0, -72.5]
				},
				"neck": {
					"rotation": {
						"0.0": [45, 0, 0],
						"0.5": [45.04624, -4.88119, -1.08482],
						"1.0": [45, 0, 0]
					}
				},
				"righteyelid": {
					"position": [0, -0.1, 0]
				},
				"lefteyelid": {
					"position": [0, -0.1, 0]
				},
				"leftarm": {
					"rotation": [42.4559, 2.38435, 29.24706]
				},
				"leftarmp2": {
					"rotation": [0, 0, 67.5]
				}
			}
		}
	}
}