{
	"portraitScale": 1.2,
	"portraitTranslation": [-0.7, 2.3, 0],
	"profileScale": 0.4,
	"profileTranslation": [-0.1, 1.05, 0],
	
	"animations": {
		"faint": "q.bedrock_primary('sunglarer', 'faint', q.curve('one'))",
		"physical": "q.bedrock_primary('sunglarer', 'attack', q.curve('symmetrical_wide'))",
		"special": "q.bedrock_primary('sunglarer', 'attack', q.curve('symmetrical_wide'))",
		"status": "q.bedrock_primary('sunglarer', 'attack', 'look', q.curve('symmetrical_wide'))",
		"cry": "q.bedrock_stateful('sunglarer', 'cry')"
	},
	"poses": {
		"battle-standing": {
			"poseTypes": ["STAND"],
			"isBattle": true,
			"animations": [
				"q.look('head')",
				"q.bedrock('sunglarer', 'battle_idle')"
			]
		},
		"standing": {
			"poseTypes": ["STAND", "NONE", "PORTRAIT", "PROFILE"],
			"isBattle": false,
			"animations": [
				"q.look('head')",
				"q.bedrock('sunglarer', 'ground_idle')"
			]
		},
		
		"walking": {
			"poseName": "walking",
			"transformTicks": 10,
			"poseTypes": [ "WALK" ],
			"animations": [ 
				"q.bedrock('sunglarer', 'walk')" 
			]
		},
		"sleep": {
			"poseTypes": ["SLEEP"],
			"animations": ["q.bedrock('sunglarer', 'sleep')"]
		}
	}
}