{
  "species": "cobblemon:shoggroll",
  "order": 0,
  "variations": [
    {
      "aspects": [],
      "poser": "cobblemon:shoggroll",
      "model": "cobblemon:shoggroll.geo",
      "texture": "cobblemon:textures/pokemon/shoggroll/shoggroll_cuthol.png",
      "layers": []
    },
    {
      "aspects": ["shoggroll-pokegod_pattern-cuthol"],
      "texture": "cobblemon:textures/pokemon/shoggroll/shoggroll_cuthol.png"
    },
    {
      "aspects": ["shiny", "shoggroll-pokegod_pattern-cuthol"],
      "texture": "cobblemon:textures/pokemon/shoggroll/shoggroll_cuthol_shiny.png"
    },
    {
      "aspects": ["shoggroll-pokegod_pattern-azagorge"],
      "texture": "cobblemon:textures/pokemon/shoggroll/shoggroll_azagorge.png"
    },
    {
      "aspects": ["shiny", "shoggroll-pokegod_pattern-azagorge"],
      "texture": "cobblemon:textures/pokemon/shoggroll/shoggroll_azagorge_shiny.png"
    },
    {
      "aspects": ["shoggroll-pokegod_pattern-nyarlium"],
      "texture": "cobblemon:textures/pokemon/shoggroll/shoggroll_nyarlium.png"
    },
    {
      "aspects": ["shiny", "shoggroll-pokegod_pattern-nyarlium"],
      "texture": "cobblemon:textures/pokemon/shoggroll/shoggroll_nyarlium_shiny.png"
    }
  ]
}

