{
	"format_version": "1.12.0",
	"minecraft:geometry": [
		{
			"description": {
				"identifier": "geometry.unknown",
				"texture_width": 64,
				"texture_height": 64,
				"visible_bounds_width": 4,
				"visible_bounds_height": 2.5,
				"visible_bounds_offset": [0, 0.75, 0]
			},
			"bones": [
				{
					"name": "silestone",
					"pivot": [0, 0, 0]
				},
				{
					"name": "body",
					"parent": "silestone",
					"pivot": [0, 0, 0]
				},
				{
					"name": "waist",
					"parent": "body",
					"pivot": [0, 10, 4],
					"cubes": [
						{"origin": [-5, 5, -1], "size": [9, 6, 6], "uv": [0, 0]}
					]
				},
				{
					"name": "tail1",
					"parent": "waist",
					"pivot": [0, 7, 6],
					"cubes": [
						{"origin": [-3, 5.5, 4], "size": [5, 5, 6], "inflate": 0.02, "uv": [35, 21]}
					]
				},
				{
					"name": "tail2",
					"parent": "tail1",
					"pivot": [0, 8, 9],
					"cubes": [
						{"origin": [-2, 5.5, 10], "size": [3, 4, 5], "inflate": 0.01, "uv": [38, 32]}
					]
				},
				{
					"name": "tail3",
					"parent": "tail2",
					"pivot": [-0.5, 7, 18],
					"cubes": [
						{"origin": [-1, 5.5, 15], "size": [1, 3, 6], "uv": [43, 41]},
						{"origin": [-0.5, 8, 17], "size": [0, 4, 2], "uv": [1, -1]}
					]
				},
				{
					"name": "torso",
					"parent": "waist",
					"pivot": [0, -1, 0],
					"cubes": [
						{"origin": [-5, 5, -8], "size": [9, 6, 7], "uv": [0, 12]}
					]
				},
				{
					"name": "neck",
					"parent": "torso",
					"pivot": [-0.5, 8.53806, -8.19134],
					"cubes": [
						{"origin": [-2, 6, -14], "size": [3, 5, 9], "pivot": [0, 9, -8], "rotation": [-22.5, 0, 0], "uv": [0, 25]}
					]
				},
				{
					"name": "head",
					"parent": "neck",
					"pivot": [0, 11, -13],
					"cubes": [
						{"origin": [-3, 8.44834, -18.69136], "size": [5, 5, 6], "uv": [1, 39]},
						{"origin": [-2, 9.44834, -23.69136], "size": [3, 4, 5], "uv": [2, 51]}
					]
				},
				{
					"name": "jaw",
					"parent": "head",
					"pivot": [-0.5, 9, -20.5],
					"cubes": [
						{"origin": [-2, 8.5, -23], "size": [3, 1, 5], "uv": [25, 0]}
					]
				},
				{
					"name": "eyes",
					"parent": "head",
					"pivot": [-0.5, 15.5, -18]
				},
				{
					"name": "eye_right",
					"parent": "eyes",
					"pivot": [-4.52, 12, -20.5],
					"cubes": [
						{"origin": [-3.01, 10.5, -18], "size": [0, 2, 3], "uv": [27, 32]}
					]
				},
				{
					"name": "eyelid_right",
					"parent": "eye_right",
					"pivot": [-2.4, 11.5, -16],
					"cubes": [
						{"origin": [-2.9, 10.5, -18], "size": [1, 2, 4], "inflate": 0.025, "uv": [26, 45]}
					]
				},
				{
					"name": "eye_left",
					"parent": "eyes",
					"pivot": [2.52, 13, -15.5],
					"cubes": [
						{"origin": [2.01, 10.5, -18], "size": [0, 2, 3], "uv": [27, 29]}
					]
				},
				{
					"name": "eyelid_left",
					"parent": "eye_left",
					"pivot": [1.47, 12.5, -16],
					"cubes": [
						{"origin": [0.97, 10.5, -18], "size": [1, 2, 3], "inflate": 0.025, "uv": [27, 39]}
					]
				},
				{
					"name": "leg_front_left1",
					"parent": "body",
					"pivot": [3.65, 4.5, -5],
					"cubes": [
						{"origin": [2.15, 2, -7], "size": [3, 5, 2], "uv": [32, 8]}
					]
				},
				{
					"name": "leg_front_left2",
					"parent": "leg_front_left1",
					"pivot": [3.65, 1, -5],
					"cubes": [
						{"origin": [2.15, 0, -7], "size": [3, 2, 2], "inflate": 0.01, "uv": [34, 17]},
						{"origin": [2.65, 0, -8], "size": [2, 1, 1], "uv": [42, 4]}
					]
				},
				{
					"name": "leg_front_right1",
					"parent": "body",
					"pivot": [-4.65, 4.5, -5],
					"cubes": [
						{"origin": [-6.15, 2, -7], "size": [3, 5, 2], "uv": [32, 8]}
					]
				},
				{
					"name": "leg_front_right2",
					"parent": "leg_front_right1",
					"pivot": [-4.65, 1, -5],
					"cubes": [
						{"origin": [-6.15, 0, -7], "size": [3, 2, 2], "inflate": 0.01, "uv": [34, 17]},
						{"origin": [-5.6, 0, -8], "size": [2, 1, 1], "uv": [42, 4]}
					]
				},
				{
					"name": "leg_back_right1",
					"parent": "body",
					"pivot": [-4.35, 4.5, 2.75],
					"cubes": [
						{"origin": [-5.85, 2, 0.75], "size": [3, 5, 3], "uv": [45, 7]}
					]
				},
				{
					"name": "leg_back_right2",
					"parent": "leg_back_right1",
					"pivot": [-4.35, 2.71023, 3.2342],
					"cubes": [
						{"origin": [-5.85, 0.0936, 0.06055], "size": [3, 2, 4], "inflate": 0.01, "uv": [46, 15]},
						{"origin": [-5.3, 0, -0.9], "size": [2, 1, 1], "uv": [42, 4]}
					]
				},
				{
					"name": "leg_back_left1",
					"parent": "body",
					"pivot": [3.35, 4.5, 2.75],
					"cubes": [
						{"origin": [1.85, 2, 0.75], "size": [3, 5, 3], "uv": [45, 7]}
					]
				},
				{
					"name": "leg_back_left2",
					"parent": "leg_back_left1",
					"pivot": [3.35, 2.0784, 3.19463],
					"cubes": [
						{"origin": [1.85, 0.09359, 0.02098], "size": [3, 2, 4], "inflate": 0.01, "uv": [46, 15]},
						{"origin": [2.3, 0, -1], "size": [2, 1, 1], "uv": [42, 4]}
					]
				}
			]
		}
	]
}