{
	"format_version": "1.12.0",
	"minecraft:geometry": [
		{
			"description": {
				"identifier": "geometry.shiboom",
				"texture_width": 128,
				"texture_height": 128,
				"visible_bounds_width": 5,
				"visible_bounds_height": 2.5,
				"visible_bounds_offset": [0, 0.75, 0]
			},
			"bones": [
				{
					"name": "shiboom",
					"pivot": [0, 0, 0]
				},
				{
					"name": "body",
					"parent": "shiboom",
					"pivot": [-0.5, 6, -17]
				},
				{
					"name": "segment1",
					"parent": "body",
					"pivot": [0, 6.5, -17.5],
					"cubes": [
						{"origin": [-2.5, 1, -17.5], "size": [5, 5, 8], "inflate": 0.5, "uv": [0, 14]}
					]
				},
				{
					"name": "frill6",
					"parent": "segment1",
					"pivot": [3, 3, -9],
					"cubes": [
						{"origin": [3, 0.5, -9], "size": [0, 6, 4], "pivot": [3, 3, -9], "rotation": [0, 22.5, 0], "uv": [52, 54]}
					]
				},
				{
					"name": "frill5",
					"parent": "segment1",
					"pivot": [0, 6.5, -9],
					"cubes": [
						{"origin": [-3, 6.5, -9], "size": [6, 0, 4], "pivot": [0, 6.5, -9], "rotation": [22.5, 0, 0], "uv": [28, 41]}
					]
				},
				{
					"name": "frill8",
					"parent": "segment1",
					"pivot": [0, 0.5, -9],
					"cubes": [
						{"origin": [-3, 0.5, -9], "size": [6, 0, 4], "pivot": [0, 0.5, -9], "rotation": [-22.5, 0, 0], "uv": [28, 41]}
					]
				},
				{
					"name": "frill7",
					"parent": "segment1",
					"pivot": [-3, 3, -9],
					"cubes": [
						{"origin": [-3, 0.5, -9], "size": [0, 6, 4], "pivot": [-3, 3, -9], "rotation": [0, -22.5, 0], "uv": [26, 55]}
					]
				},
				{
					"name": "segment2",
					"parent": "segment1",
					"pivot": [0, 6, -9.5],
					"cubes": [
						{"origin": [-2.5, 1, -9.6], "size": [5, 5, 8], "uv": [26, 14]}
					]
				},
				{
					"name": "frill12",
					"parent": "segment2",
					"pivot": [-2.5, 3.5, -1.6],
					"cubes": [
						{"origin": [-2.5, 1, -1.6], "size": [0, 5, 4], "pivot": [-2.5, 3.5, -1.6], "rotation": [0, -22.5, 0], "uv": [56, 26]}
					]
				},
				{
					"name": "frill9",
					"parent": "segment2",
					"pivot": [0, 6, -1.6],
					"cubes": [
						{"origin": [-2.5, 6, -1.6], "size": [5, 0, 4], "pivot": [0, 6, -1.6], "rotation": [22.5, 0, 0], "uv": [44, 4]}
					]
				},
				{
					"name": "frill11",
					"parent": "segment2",
					"pivot": [0, 1, -1.6],
					"cubes": [
						{"origin": [-2.5, 1, -1.6], "size": [5, 0, 4], "pivot": [0, 1, -1.6], "rotation": [-22.5, 0, 0], "uv": [44, 8]}
					]
				},
				{
					"name": "frill10",
					"parent": "segment2",
					"pivot": [2.5, 3.5, -1.6],
					"cubes": [
						{"origin": [2.5, 1, -1.6], "size": [0, 5, 4], "pivot": [2.5, 3.5, -1.6], "rotation": [0, 22.5, 0], "uv": [34, 59]}
					]
				},
				{
					"name": "segment3",
					"parent": "segment2",
					"pivot": [0, 5.5, -2],
					"cubes": [
						{"origin": [-1.5, 2, -2.75], "size": [3, 3, 7], "inflate": 0.5, "uv": [20, 27]}
					]
				},
				{
					"name": "frill15",
					"parent": "segment3",
					"pivot": [-2, 4, 4.75],
					"cubes": [
						{"origin": [-2, 1.5, 4.75], "size": [0, 4, 4], "pivot": [-2, 4, 4.75], "rotation": [0, -22.5, 0], "uv": [8, 60]}
					]
				},
				{
					"name": "frill13",
					"parent": "segment3",
					"pivot": [0, 5.5, 4.75],
					"cubes": [
						{"origin": [-2, 5.5, 4.75], "size": [4, 0, 4], "pivot": [0, 5.5, 4.75], "rotation": [22.5, 0, 0], "uv": [52, 12]}
					]
				},
				{
					"name": "frill16",
					"parent": "segment3",
					"pivot": [0, 1.5, 4.75],
					"cubes": [
						{"origin": [-2, 1.5, 4.75], "size": [4, 0, 4], "pivot": [0, 1.5, 4.75], "rotation": [-22.5, 0, 0], "uv": [52, 16]}
					]
				},
				{
					"name": "frill14",
					"parent": "segment3",
					"pivot": [2, 4, 4.75],
					"cubes": [
						{"origin": [2, 1.5, 4.75], "size": [0, 4, 4], "pivot": [2, 4, 4.75], "rotation": [0, 22.5, 0], "uv": [16, 60]}
					]
				},
				{
					"name": "segment4",
					"parent": "segment3",
					"pivot": [0, 5, 4.27821],
					"cubes": [
						{"origin": [-1.5, 2, 3.75], "size": [3, 3, 7], "uv": [0, 27]}
					]
				},
				{
					"name": "frill19",
					"parent": "segment4",
					"pivot": [-1.5, 4.5, 10.75],
					"cubes": [
						{"origin": [-1.5, 2, 10.75], "size": [0, 3, 4], "pivot": [-1.5, 4.5, 10.75], "rotation": [0, -22.5, 0], "uv": [60, 58]}
					]
				},
				{
					"name": "frill18",
					"parent": "segment4",
					"pivot": [0, 5, 10.75],
					"cubes": [
						{"origin": [-1.5, 5, 10.75], "size": [3, 0, 4], "pivot": [0, 5, 10.75], "rotation": [22.5, 0, 0], "uv": [34, 55]}
					]
				},
				{
					"name": "frill20",
					"parent": "segment4",
					"pivot": [0, 2, 10.75],
					"cubes": [
						{"origin": [-1.5, 2, 10.75], "size": [3, 0, 4], "pivot": [0, 2, 10.75], "rotation": [-22.5, 0, 0], "uv": [8, 56]}
					]
				},
				{
					"name": "frill17",
					"parent": "segment4",
					"pivot": [1.5, 4.5, 10.75],
					"cubes": [
						{"origin": [1.5, 2, 10.75], "size": [0, 3, 4], "pivot": [1.5, 4.5, 10.75], "rotation": [0, 22.5, 0], "uv": [60, 51]}
					]
				},
				{
					"name": "segment5",
					"parent": "segment4",
					"pivot": [0, 4.5, 10.27821],
					"cubes": [
						{"origin": [-1, 2.5, 9.75], "size": [2, 2, 7], "uv": [85, 6]}
					]
				},
				{
					"name": "frill23",
					"parent": "segment5",
					"pivot": [-1, 3, 16.75],
					"cubes": [
						{"origin": [-1, 2.5, 16.75], "size": [0, 2, 4], "pivot": [-1, 3, 16.75], "rotation": [0, -22.5, 0], "uv": [62, 4]}
					]
				},
				{
					"name": "frill22",
					"parent": "segment5",
					"pivot": [0, 4.5, 16.75],
					"cubes": [
						{"origin": [-1, 4.5, 16.75], "size": [2, 0, 4], "pivot": [0, 4.5, 16.75], "rotation": [22.5, 0, 0], "uv": [60, 43]}
					]
				},
				{
					"name": "frill24",
					"parent": "segment5",
					"pivot": [0, 2.5, 16.75],
					"cubes": [
						{"origin": [-1, 2.5, 16.75], "size": [2, 0, 4], "pivot": [0, 2.5, 16.75], "rotation": [-22.5, 0, 0], "uv": [60, 47]}
					]
				},
				{
					"name": "frill21",
					"parent": "segment5",
					"pivot": [1, 3, 16.75],
					"cubes": [
						{"origin": [1, 2.5, 16.75], "size": [0, 2, 4], "pivot": [1, 3, 16.75], "rotation": [0, 22.5, 0], "uv": [62, 35]}
					]
				},
				{
					"name": "segment6",
					"parent": "segment5",
					"pivot": [0, 4, 16.06517],
					"cubes": [
						{"origin": [-0.5, 3, 16.25], "size": [1, 1, 6], "uv": [12, 49]},
						{"origin": [-0.5, 3, 22.25], "size": [1, 1, 1], "uv": [12, 75]}
					]
				},
				{
					"name": "frill26",
					"parent": "segment6",
					"pivot": [0, 4, 22.25],
					"cubes": [
						{"origin": [-0.5, 4, 22.25], "size": [1, 0, 4], "pivot": [0, 4, 22.25], "rotation": [22.5, 0, 0], "uv": [64, 0]}
					]
				},
				{
					"name": "frill27",
					"parent": "segment6",
					"pivot": [0.5, 3.55, 22.25],
					"cubes": [
						{"origin": [0.5, 3, 22.25], "size": [0, 1, 4], "pivot": [0.5, 3.55, 22.25], "rotation": [0, 22.5, 0], "uv": [64, 30]}
					]
				},
				{
					"name": "frill25",
					"parent": "segment6",
					"pivot": [-0.5, 3.55, 22.25],
					"cubes": [
						{"origin": [-0.5, 3, 22.25], "size": [0, 1, 4], "pivot": [-0.5, 3.55, 22.25], "rotation": [0, -22.5, 0], "uv": [0, 65]}
					]
				},
				{
					"name": "frill28",
					"parent": "segment6",
					"pivot": [0, 3, 22.25],
					"cubes": [
						{"origin": [-0.5, 3, 22.25], "size": [1, 0, 4], "pivot": [0, 3, 22.25], "rotation": [-22.5, 0, 0], "uv": [64, 20]}
					]
				},
				{
					"name": "arm_back_left",
					"parent": "segment3",
					"pivot": [2, 3.75, 3],
					"rotation": [-6.40311, 44.9045, -2.4121],
					"cubes": [
						{"origin": [2, 1.75, 3], "size": [0, 2, 2], "uv": [48, 55]}
					]
				},
				{
					"name": "hand_back_left",
					"parent": "arm_back_left",
					"pivot": [2, 3, 5],
					"rotation": [0, 165, 0],
					"cubes": [
						{"origin": [1, 1.75, 3], "size": [1, 2, 2], "uv": [22, 70]}
					]
				},
				{
					"name": "arm_back_right",
					"parent": "segment3",
					"pivot": [-2, 3.75, 3],
					"rotation": [-6.40311, -44.90453, 2.4121],
					"cubes": [
						{"origin": [-2, 1.75, 3], "size": [0, 2, 2], "uv": [44, 36]}
					]
				},
				{
					"name": "hand_back_right",
					"parent": "arm_back_right",
					"pivot": [-2, 3, 5],
					"rotation": [0, -165, 0],
					"cubes": [
						{"origin": [-2, 1.75, 3], "size": [1, 2, 2], "uv": [68, 16]}
					]
				},
				{
					"name": "arm_mid_right",
					"parent": "segment2",
					"pivot": [-2.5, 3.75, -3.5],
					"rotation": [-6.14239, -42.41949, 2.03455],
					"cubes": [
						{"origin": [-2.5, 1.75, -3.5], "size": [0, 2, 3], "uv": [68, 61]}
					]
				},
				{
					"name": "hand_mid_right",
					"parent": "arm_mid_right",
					"pivot": [-2.5, 3, -0.5],
					"rotation": [0, 32.5, 0],
					"cubes": [
						{"origin": [-3.5, 1.75, -0.5], "size": [1, 2, 3], "uv": [42, 66]}
					]
				},
				{
					"name": "arm_mid_left",
					"parent": "segment2",
					"pivot": [2.5, 3.75, -3.5],
					"rotation": [-6.14239, 42.41946, -2.03452],
					"cubes": [
						{"origin": [2.5, 1.75, -3.5], "size": [0, 2, 3], "uv": [68, 56]}
					]
				},
				{
					"name": "hand_mid_left",
					"parent": "arm_mid_left",
					"pivot": [2.5, 3, -0.5],
					"rotation": [0, -32.5, 0],
					"cubes": [
						{"origin": [2.5, 1.75, -0.5], "size": [1, 2, 3], "uv": [60, 65]}
					]
				},
				{
					"name": "arm_front_left",
					"parent": "segment1",
					"pivot": [3, 3.25, -13],
					"rotation": [-5.91272, 39.93327, -1.68578],
					"cubes": [
						{"origin": [3, 1.25, -13], "size": [0, 2, 3], "uv": [16, 68]}
					]
				},
				{
					"name": "arm_front_left2",
					"parent": "arm_front_left",
					"pivot": [3, 2.5, -10],
					"rotation": [0, -37.5, 0],
					"cubes": [
						{"origin": [3, 1.25, -10], "size": [0, 2, 3], "uv": [32, 68]}
					]
				},
				{
					"name": "arm_front_left3",
					"parent": "arm_front_left2",
					"pivot": [3, 2.5, -7],
					"rotation": [0, 35, 0],
					"cubes": [
						{"origin": [3, 1.25, -7], "size": [0, 2, 3], "uv": [68, 51]}
					]
				},
				{
					"name": "hand_front_left",
					"parent": "arm_front_left3",
					"pivot": [3, 2.5, -4],
					"rotation": [0, -52.5, 0],
					"cubes": [
						{"origin": [3, 1.25, -4], "size": [1, 2, 3], "uv": [24, 65]}
					]
				},
				{
					"name": "arm_front_right",
					"parent": "segment1",
					"pivot": [-3, 3.25, -13],
					"rotation": [-5.91272, -39.9333, 1.6858],
					"cubes": [
						{"origin": [-3, 1.25, -13], "size": [0, 2, 3], "uv": [68, 66]}
					]
				},
				{
					"name": "arm_front_right2",
					"parent": "arm_front_right",
					"pivot": [-3, 2.5, -10],
					"rotation": [0, 37.5, 0],
					"cubes": [
						{"origin": [-3, 1.25, -10], "size": [0, 2, 3], "uv": [0, 70]}
					]
				},
				{
					"name": "arm_front_right3",
					"parent": "arm_front_right2",
					"pivot": [-3, 2.5, -7],
					"rotation": [0, -35, 0],
					"cubes": [
						{"origin": [-3, 1.25, -7], "size": [0, 2, 3], "uv": [70, 4]}
					]
				},
				{
					"name": "hand_front_right",
					"parent": "arm_front_right3",
					"pivot": [-3, 2.5, -4],
					"rotation": [0, 52.5, 0],
					"cubes": [
						{"origin": [-4, 1.25, -4], "size": [1, 2, 3], "uv": [8, 68]}
					]
				},
				{
					"name": "head",
					"parent": "body",
					"pivot": [0, 2.75, -19],
					"cubes": [
						{"origin": [-3.5, 0, -24], "size": [7, 7, 7], "uv": [0, 0]}
					]
				},
				{
					"name": "snout",
					"parent": "head",
					"pivot": [-0.5, 6, -17]
				},
				{
					"name": "jaw",
					"parent": "snout",
					"pivot": [0, 1, -24],
					"cubes": [
						{"origin": [-1, 0, -30], "size": [2, 1, 6], "uv": [40, 29]}
					]
				},
				{
					"name": "tuft_jaw",
					"parent": "jaw",
					"pivot": [0, 0, -28],
					"cubes": [
						{"origin": [0, -3.25, -29], "size": [0, 3, 3], "pivot": [0, -0.25, -28], "rotation": [37.5, 0, 0], "uv": [68, 10]}
					]
				},
				{
					"name": "nose",
					"parent": "snout",
					"pivot": [-0.5, 1, -24],
					"cubes": [
						{"origin": [-2, 0.75266, -30.82977], "size": [4, 4, 4], "uv": [12, 41]},
						{"origin": [-1.5, 0.75266, -26.82977], "size": [3, 3, 3], "uv": [52, 20]},
						{"origin": [-1.01, 0.25266, -30.32977], "size": [0, 2, 2], "pivot": [0, 2.25266, -28.32977], "rotation": [45, 0, 0], "uv": [22, 56]},
						{"origin": [1.01, 0.25266, -30.32977], "size": [0, 2, 2], "pivot": [2, 2.25266, -28.32977], "rotation": [45, 0, 0], "uv": [38, 68]},
						{"origin": [-1.01, 0.25266, -27.82977], "size": [0, 1, 1], "pivot": [0, 2.25266, -26.82977], "rotation": [45, 0, 0], "uv": [26, 49]},
						{"origin": [1.01, 0.25266, -27.82977], "size": [0, 1, 1], "pivot": [2, 2.25266, -26.82977], "rotation": [45, 0, 0], "uv": [26, 51]}
					]
				},
				{
					"name": "whisker_right",
					"parent": "nose",
					"pivot": [-1.65, 3, -29],
					"rotation": [91.39417, -21.7203, -31.6127],
					"cubes": [
						{"origin": [-1.65, 2, -29], "size": [0, 1, 2], "pivot": [-1.65, 3, -29], "rotation": [0, 0, 0], "uv": [70, 71]}
					]
				},
				{
					"name": "whisker_right2",
					"parent": "whisker_right",
					"pivot": [-1.65, 2, -27],
					"rotation": [0, 55, 0],
					"cubes": [
						{"origin": [-1.65, 2, -27], "size": [0, 1, 2], "inflate": 0.01, "pivot": [-1.65, 2, -27], "rotation": [0, 0, 0], "uv": [72, 24]}
					]
				},
				{
					"name": "whisker_right3",
					"parent": "whisker_right2",
					"pivot": [-1.65, 3, -25],
					"rotation": [-60, 0, 0],
					"cubes": [
						{"origin": [-1.65, 2, -25], "size": [0, 1, 2], "pivot": [-1.65, 3, -25], "rotation": [0, 0, 0], "uv": [72, 27]}
					]
				},
				{
					"name": "whisker_right4",
					"parent": "whisker_right3",
					"pivot": [-1.65, 3, -23],
					"rotation": [0, -67.5, 0],
					"cubes": [
						{"origin": [-1.65, 2, -23], "size": [0, 1, 2], "pivot": [-1.65, 3, -23], "rotation": [0, 0, 0], "uv": [72, 30]}
					]
				},
				{
					"name": "whisker_right5",
					"parent": "whisker_right4",
					"pivot": [-1.65, 3, -21],
					"rotation": [0, 72.5, 0],
					"cubes": [
						{"origin": [-1.65, 2, -21], "size": [0, 1, 2], "pivot": [-1.65, 3, -21], "rotation": [0, 0, 0], "uv": [38, 72]}
					]
				},
				{
					"name": "whisker_right6",
					"parent": "whisker_right5",
					"pivot": [-1.65, 3, -19],
					"rotation": [0, -57.5, 0],
					"cubes": [
						{"origin": [-1.65, 2, -19], "size": [0, 1, 2], "inflate": 0.01, "pivot": [-1.65, 3, -19], "rotation": [0, 0, 0], "uv": [72, 43]}
					]
				},
				{
					"name": "whisker_right7",
					"parent": "whisker_right6",
					"pivot": [-1.65, 3, -17],
					"rotation": [-47.5, 0, 0],
					"cubes": [
						{"origin": [-1.65, 2, -17], "size": [0, 1, 2], "pivot": [-1.65, 3, -17], "rotation": [0, 0, 0], "uv": [72, 46]}
					]
				},
				{
					"name": "whisker_right8",
					"parent": "whisker_right7",
					"pivot": [-1.65, 3, -15],
					"rotation": [0, 65, 0],
					"cubes": [
						{"origin": [-1.65, 2, -15], "size": [0, 1, 2], "pivot": [-1.65, 3, -15], "rotation": [0, 0, 0], "uv": [6, 73]}
					]
				},
				{
					"name": "whisker_right9",
					"parent": "whisker_right8",
					"pivot": [-1.65, 2.5, -13],
					"cubes": [
						{"origin": [-2.15, 2, -13], "size": [1, 1, 1], "pivot": [-1.15, 3, -13], "rotation": [0, 0, 0], "uv": [8, 54]}
					]
				},
				{
					"name": "tuft_snout",
					"parent": "nose",
					"pivot": [0, 5, -29.5],
					"cubes": [
						{"origin": [0, 5, -31.5], "size": [0, 2, 5], "uv": [42, 59]}
					]
				},
				{
					"name": "whisker_left",
					"parent": "nose",
					"pivot": [1.65, 3, -29],
					"rotation": [91.39417, 21.72032, 31.61269],
					"cubes": [
						{"origin": [1.65, 2, -29], "size": [0, 1, 2], "pivot": [1.65, 3, -29], "rotation": [0, 0, 0], "uv": [28, 70]}
					]
				},
				{
					"name": "whisker_left2",
					"parent": "whisker_left",
					"pivot": [1.65, 2, -27],
					"rotation": [0, -55, 0],
					"cubes": [
						{"origin": [1.65, 2, -27], "size": [0, 1, 2], "inflate": 0.01, "pivot": [1.65, 2, -27], "rotation": [0, 0, 0], "uv": [50, 70]}
					]
				},
				{
					"name": "whisker_left3",
					"parent": "whisker_left2",
					"pivot": [1.65, 3, -25],
					"rotation": [-60, 0, 0],
					"cubes": [
						{"origin": [1.65, 2, -25], "size": [0, 1, 2], "pivot": [1.65, 3, -25], "rotation": [0, 0, 0], "uv": [54, 70]}
					]
				},
				{
					"name": "whisker_left4",
					"parent": "whisker_left3",
					"pivot": [1.65, 3, -23],
					"rotation": [0, 67.5, 0],
					"cubes": [
						{"origin": [1.65, 2, -23], "size": [0, 1, 2], "pivot": [1.65, 3, -23], "rotation": [0, 0, 0], "uv": [58, 70]}
					]
				},
				{
					"name": "whisker_left5",
					"parent": "whisker_left4",
					"pivot": [1.65, 3, -21],
					"rotation": [0, -72.5, 0],
					"cubes": [
						{"origin": [1.65, 2, -21], "size": [0, 1, 2], "pivot": [1.65, 3, -21], "rotation": [0, 0, 0], "uv": [62, 70]}
					]
				},
				{
					"name": "whisker_left6",
					"parent": "whisker_left5",
					"pivot": [1.65, 3, -19],
					"rotation": [0, 57.5, 0],
					"cubes": [
						{"origin": [1.65, 2, -19], "size": [0, 1, 2], "inflate": 0.01, "pivot": [1.65, 3, -19], "rotation": [0, 0, 0], "uv": [42, 71]}
					]
				},
				{
					"name": "whisker_left7",
					"parent": "whisker_left6",
					"pivot": [1.65, 3, -17],
					"rotation": [-47.5, 0, 0],
					"cubes": [
						{"origin": [1.65, 2, -17], "size": [0, 1, 2], "pivot": [1.65, 3, -17], "rotation": [0, 0, 0], "uv": [46, 71]}
					]
				},
				{
					"name": "whisker_left8",
					"parent": "whisker_left7",
					"pivot": [1.65, 3, -15],
					"rotation": [0, -65, 0],
					"cubes": [
						{"origin": [1.65, 2, -15], "size": [0, 1, 2], "pivot": [1.65, 3, -15], "rotation": [0, 0, 0], "uv": [66, 71]}
					]
				},
				{
					"name": "whisker_left9",
					"parent": "whisker_left8",
					"pivot": [1.65, 2.5, -13],
					"cubes": [
						{"origin": [1.13878, 1.99975, -12.98879], "size": [1, 1, 1], "pivot": [1.13878, 2.99975, -12.98879], "rotation": [0, 0, 0], "uv": [48, 43]}
					]
				},
				{
					"name": "tuft_chin",
					"parent": "head",
					"pivot": [0, 0, -23],
					"cubes": [
						{"origin": [0, -7, -24], "size": [0, 7, 6], "pivot": [0, 0, -23], "rotation": [27.5, 0, 0], "uv": [0, 41]}
					]
				},
				{
					"name": "tuft_head",
					"parent": "head",
					"pivot": [0, 7, -21],
					"cubes": [
						{"origin": [0, 7, -24], "size": [0, 5, 7], "uv": [29, 0]}
					]
				},
				{
					"name": "tuft_left",
					"parent": "head",
					"pivot": [3.5, 3.5, -19],
					"cubes": [
						{"origin": [3.5, -0.5, -19], "size": [0, 4, 6], "pivot": [3.5, 3.5, -19], "rotation": [0, 40, 0], "uv": [28, 45]}
					]
				},
				{
					"name": "tuft_right",
					"parent": "head",
					"pivot": [-3.5, 3.5, -19],
					"cubes": [
						{"origin": [-3.5, -0.5, -19], "size": [0, 4, 6], "pivot": [-3.5, 3.5, -19], "rotation": [0, -40, 0], "uv": [40, 45]}
					]
				},
				{
					"name": "frill4",
					"parent": "head",
					"pivot": [0, 0, -17],
					"cubes": [
						{"origin": [-3.5, 0, -17], "size": [7, 0, 4], "pivot": [0, 0, -17], "rotation": [-22.5, 0, 0], "uv": [0, 37]}
					]
				},
				{
					"name": "frill2",
					"parent": "head",
					"pivot": [0, 7, -17],
					"cubes": [
						{"origin": [-3.5, 7, -17], "size": [7, 0, 4], "pivot": [0, 7, -17], "rotation": [22.5, 0, 0], "uv": [22, 37]}
					]
				},
				{
					"name": "frill",
					"parent": "head",
					"pivot": [-3.5, 3.5, -17],
					"cubes": [
						{"origin": [-3.5, 0, -17], "size": [0, 7, 4], "pivot": [-3.5, 3.5, -17], "rotation": [0, -22.5, 0], "uv": [0, 54]}
					]
				},
				{
					"name": "frill3",
					"parent": "head",
					"pivot": [3.5, 3.5, -17],
					"cubes": [
						{"origin": [3.5, 0, -17], "size": [0, 7, 4], "pivot": [3.5, 3.5, -17], "rotation": [0, 22.5, 0], "uv": [52, 43]}
					]
				},
				{
					"name": "eyes",
					"parent": "head",
					"pivot": [3.52, 3, -21]
				},
				{
					"name": "eye_left",
					"parent": "eyes",
					"pivot": [3.52, 2.5, -21],
					"cubes": [
						{"origin": [2.51, 1.5, -22.5], "size": [1, 3, 3], "uv": [64, 24]}
					]
				},
				{
					"name": "eye_sprinkle_left",
					"parent": "eye_left",
					"pivot": [3.52, 1.75, -19.75],
					"cubes": [
						{"origin": [1.52, 1.25, -20.25], "size": [2, 1, 1], "uv": [62, 41]}
					]
				},
				{
					"name": "eye_sparkle_left",
					"parent": "eye_left",
					"pivot": [3.52, 3, -21],
					"cubes": [
						{"origin": [1.52, 1.5, -21.5], "size": [2, 3, 1], "uv": [70, 35]},
						{"origin": [1.52, 2.5, -20.5], "size": [2, 1, 1], "uv": [28, 12]},
						{"origin": [1.52, 2.5, -22.5], "size": [2, 1, 1], "uv": [34, 12]}
					]
				},
				{
					"name": "eye_right",
					"parent": "eyes",
					"pivot": [-3.48, 2.5, -21],
					"cubes": [
						{"origin": [-3.51, 1.5, -22.5], "size": [1, 3, 3], "uv": [52, 64]}
					]
				},
				{
					"name": "eye_sparkle_right",
					"parent": "eye_right",
					"pivot": [-2.52, 3, -21],
					"cubes": [
						{"origin": [-3.52, 1.5, -21.5], "size": [2, 3, 1], "uv": [70, 39]},
						{"origin": [-3.52, 2.5, -22.5], "size": [2, 1, 1], "uv": [46, 12]},
						{"origin": [-3.52, 2.5, -20.5], "size": [2, 1, 1], "uv": [40, 12]}
					]
				},
				{
					"name": "eye_sprinkle_right",
					"parent": "eye_right",
					"pivot": [-3.52, 1.75, -19.75],
					"cubes": [
						{"origin": [-3.52, 1.25, -20.25], "size": [2, 1, 1], "uv": [62, 10]}
					]
				}
			]
		}
	]
}