{
	"format_version": "1.12.0",
	"minecraft:geometry": [
		{
			"description": {
				"identifier": "geometry.gaunterror",
				"texture_width": 128,
				"texture_height": 128,
				"visible_bounds_width": 7,
				"visible_bounds_height": 4.5,
				"visible_bounds_offset": [0, 1.75, 0]
			},
			"bones": [
				{
					"name": "gaunterror",
					"pivot": [0, 0, 0]
				},
				{
					"name": "body",
					"parent": "gaunterror",
					"pivot": [0, 13, -3]
				},
				{
					"name": "torso",
					"parent": "body",
					"pivot": [0, 11.25, -1.75],
					"cubes": [
						{"origin": [-3.5, 10, -4.5], "size": [7, 7, 6], "pivot": [0, 13.5, -1.5], "rotation": [-15, 0, 0], "uv": [44, 42]},
						{"origin": [-4, 13, 0], "size": [8, 4, 3], "uv": [76, 13]}
					]
				},
				{
					"name": "neck",
					"parent": "torso",
					"pivot": [0, 15.61698, -0.42861],
					"cubes": [
						{"origin": [-1.5, 15, -4.25], "size": [3, 5, 3], "pivot": [0, 18, -2.75], "rotation": [40, 0, 0], "uv": [44, 80]}
					]
				},
				{
					"name": "head",
					"parent": "neck",
					"pivot": [0, 19.375, -3.875],
					"cubes": [
						{"origin": [-1.5, 18, -8.25], "size": [3, 1, 3], "uv": [86, 51]},
						{"origin": [-2.5, 19, -8.25], "size": [5, 6, 5], "uv": [0, 71]},
						{"origin": [-2.25, 20, -8.25], "size": [0, 18, 11], "uv": [0, 42]},
						{"origin": [2.25, 20, -8.25], "size": [0, 18, 11], "uv": [22, 42]}
					]
				},
				{
					"name": "wing1",
					"parent": "torso",
					"pivot": [2.2375, 17.0625, 1.75],
					"cubes": [
						{"origin": [1.75, 17, 0.75], "size": [2, 9, 2], "uv": [0, 86]},
						{"origin": [3.5, 25.25, 0.75], "size": [2, 9, 2], "pivot": [4.5, 29.75, 1.75], "rotation": [0, 0, 25], "uv": [8, 86]},
						{"origin": [9.1, 29.75, 0.75], "size": [2, 9, 2], "pivot": [10.1, 34.25, 1.75], "rotation": [0, 0, 77.5], "uv": [44, 88]},
						{"origin": [2.1, 20.75, 1.75], "size": [12, 14, 0], "uv": [52, 13]},
						{"origin": [14.1, 32.25, 0.25], "size": [4, 2, 3], "pivot": [17.1, 35.75, 1.25], "rotation": [0, 0, 77.5], "uv": [88, 83]},
						{"origin": [9.1, 30.25, 1.75], "size": [7, 5, 0], "pivot": [17.1, 35.75, 1.75], "rotation": [0, 0, 77.5], "uv": [88, 88]}
					]
				},
				{
					"name": "subwing1",
					"parent": "wing1",
					"pivot": [14.71691, 35.0069, 1.75],
					"cubes": [
						{"origin": [14.1, 19.75, 1.75], "size": [10, 15, 0], "uv": [64, 55]},
						{"origin": [13.467, 34.29183, 0.75], "size": [6, 2, 2], "pivot": [13.95062, 34.25577, 1.75], "rotation": [0, 0, 70], "uv": [56, 81]},
						{"origin": [19.20906, 32.86382, 0.75], "size": [6, 2, 2], "pivot": [13.95062, 34.25577, 1.75], "rotation": [0, 0, 55], "uv": [72, 81]},
						{"origin": [23.43211, 38.35312, 0.75], "size": [6, 2, 2], "pivot": [13.95062, 34.25577, 1.75], "rotation": [0, 0, 85], "uv": [84, 55]}
					]
				},
				{
					"name": "wing2",
					"parent": "torso",
					"pivot": [-2.2375, 17.0625, 1.75],
					"cubes": [
						{"origin": [-16.1, 30.25, 1.75], "size": [7, 5, 0], "pivot": [-17.1, 35.75, 1.75], "rotation": [0, 0, -77.5], "uv": [86, 67]},
						{"origin": [-3.75, 17, 0.75], "size": [2, 9, 2], "uv": [88, 29]},
						{"origin": [-5.5, 25.25, 0.75], "size": [2, 9, 2], "pivot": [-4.5, 29.75, 1.75], "rotation": [0, 0, -25], "uv": [88, 72]},
						{"origin": [-18.1, 32.25, 0.25], "size": [4, 2, 3], "pivot": [-17.1, 35.75, 1.25], "rotation": [0, 0, -77.5], "uv": [52, 89]},
						{"origin": [-11.1, 29.75, 0.75], "size": [2, 9, 2], "pivot": [-10.1, 34.25, 1.75], "rotation": [0, 0, -77.5], "uv": [66, 89]},
						{"origin": [-14.1, 20.75, 1.75], "size": [12, 14, 0], "uv": [52, 27]}
					]
				},
				{
					"name": "subwing2",
					"parent": "wing2",
					"pivot": [-14.71691, 35.0069, 1.75],
					"cubes": [
						{"origin": [-24.1, 19.75, 1.75], "size": [10, 15, 0], "uv": [44, 55]},
						{"origin": [-19.467, 34.29183, 0.75], "size": [6, 2, 2], "pivot": [-13.95062, 34.25577, 1.75], "rotation": [0, 0, -70], "uv": [84, 63]},
						{"origin": [-25.20906, 32.86382, 0.75], "size": [6, 2, 2], "pivot": [-13.95062, 34.25577, 1.75], "rotation": [0, 0, -55], "uv": [56, 85]},
						{"origin": [-29.43211, 38.35312, 0.75], "size": [6, 2, 2], "pivot": [-13.95062, 34.25577, 1.75], "rotation": [0, 0, -85], "uv": [72, 85]}
					]
				},
				{
					"name": "arm1",
					"parent": "torso",
					"pivot": [-3.5, 15.5, -1],
					"cubes": [
						{"origin": [-8.5, 12, -2.5], "size": [3, 7, 3], "pivot": [-7, 15.5, -1], "rotation": [0, 0, 90], "uv": [76, 29]}
					]
				},
				{
					"name": "lowerarm1",
					"parent": "arm1",
					"pivot": [-10.5, 15.5, -1],
					"cubes": [
						{"origin": [-15.5, 12, -2.5], "size": [3, 7, 3], "pivot": [-14, 15.5, -1], "rotation": [0, 0, 90], "uv": [20, 80]}
					]
				},
				{
					"name": "arm2",
					"parent": "torso",
					"pivot": [3.5, 15.5, -1],
					"cubes": [
						{"origin": [5.5, 12, -2.5], "size": [3, 7, 3], "pivot": [7, 15.5, -1], "rotation": [0, 0, -90], "uv": [76, 29], "mirror": true}
					]
				},
				{
					"name": "lowerarm2",
					"parent": "arm2",
					"pivot": [10.5, 15.5, -1],
					"cubes": [
						{"origin": [12.5, 12, -2.5], "size": [3, 7, 3], "pivot": [14, 15.5, -1], "rotation": [0, 0, -90], "uv": [20, 80], "mirror": true}
					]
				},
				{
					"name": "lowertorso",
					"parent": "body",
					"pivot": [0, 6.25, -2],
					"cubes": [
						{"origin": [-2.5, 6, -4.25], "size": [5, 6, 5], "uv": [66, 70]},
						{"origin": [-3.5, 0, -5.25], "size": [7, 7, 6], "pivot": [0, 3.5, -2.25], "rotation": [-12.5, 0, 0], "uv": [52, 0]}
					]
				},
				{
					"name": "tail1",
					"parent": "body",
					"pivot": [0, 2.5, -0.75],
					"cubes": [
						{"origin": [-3, 0, -0.25], "size": [6, 5, 5], "uv": [70, 41]}
					]
				},
				{
					"name": "tail2",
					"parent": "tail1",
					"pivot": [0, 2, 4.75],
					"cubes": [
						{"origin": [-2.5, 0, 4.75], "size": [5, 4, 6], "uv": [44, 70]}
					]
				},
				{
					"name": "tail3",
					"parent": "tail2",
					"pivot": [0, 1.5, 10.75],
					"cubes": [
						{"origin": [-2, 0, 10.75], "size": [4, 3, 6], "uv": [20, 71]}
					]
				},
				{
					"name": "tailtip",
					"parent": "tail3",
					"pivot": [0, 1.5, 16.75],
					"cubes": [
						{"origin": [-1.5, 0, 16.75], "size": [3, 3, 6], "uv": [76, 20]},
						{"origin": [0, 0, 16.75], "size": [0, 16, 26], "uv": [0, 0]}
					]
				}
			]
		}
	]
}