{
	"format_version": "1.12.0",
	"minecraft:geometry": [
		{
			"description": {
				"identifier": "geometry.deepole",
				"texture_width": 64,
				"texture_height": 64,
				"visible_bounds_width": 3,
				"visible_bounds_height": 2.5,
				"visible_bounds_offset": [0, 0.75, 0]
			},
			"bones": [
				{
					"name": "deepole",
					"pivot": [0, 0, 0]
				},
				{
					"name": "body",
					"parent": "deepole",
					"pivot": [0, 0, 0]
				},
				{
					"name": "torso",
					"parent": "body",
					"pivot": [0, 2, 2],
					"cubes": [
						{"origin": [-2, 0, 1], "size": [4, 4, 2], "uv": [24, 35]}
					]
				},
				{
					"name": "tail",
					"parent": "torso",
					"pivot": [0, 2, 3],
					"cubes": [
						{"origin": [0, -3, 3], "size": [0, 11, 13], "uv": [0, 0]}
					]
				},
				{
					"name": "head",
					"parent": "body",
					"pivot": [0, 1.75, 1],
					"cubes": [
						{"origin": [0, 3, -7], "size": [0, 8, 12], "uv": [0, 24]},
						{"origin": [-2.5, 0, -5], "size": [5, 5, 6], "uv": [24, 24]}
					]
				},
				{
					"name": "eye1",
					"parent": "head",
					"pivot": [2.6, 3, -2],
					"cubes": [
						{"origin": [2.6, 1, -5], "size": [0, 4, 6], "pivot": [2.6, 3, -2], "rotation": [10, 0, 0], "uv": [26, 0]}
					]
				},
				{
					"name": "eye2",
					"parent": "head",
					"pivot": [-2.6, 3, -2],
					"cubes": [
						{"origin": [-2.6, 1, -5], "size": [0, 4, 6], "pivot": [-2.6, 3, -2], "rotation": [10, 0, 0], "uv": [26, 10]}
					]
				}
			]
		}
	]
}