{
	"format_version": "1.12.0",
	"minecraft:geometry": [
		{
			"description": {
				"identifier": "geometry.shieldon",
				"texture_width": 64,
				"texture_height": 64,
				"visible_bounds_width": 3,
				"visible_bounds_height": 2.5,
				"visible_bounds_offset": [0, 0.75, 0]
			},
			"bones": [
				{
					"name": "dirtops",
					"pivot": [0, 0, 0]
				},
				{
					"name": "body",
					"parent": "dirtops",
					"pivot": [0, 0, 0]
				},
				{
					"name": "torso",
					"parent": "body",
					"pivot": [0, 6.5, 2],
					"cubes": [
						{"origin": [-4, 3, -1.5], "size": [8, 7, 7], "inflate": 0.01, "uv": [1, 9]},
						{"origin": [-1.5, 9.5, -2.5], "size": [3, 2, 7], "uv": [5, 0]}
					]
				},
				{
					"name": "tail_1",
					"parent": "torso",
					"pivot": [0, 7, 5.5],
					"cubes": [
						{"origin": [-2.5, 4.5, 4.5], "size": [5, 5, 4], "uv": [21, 39]}
					]
				},
				{
					"name": "tail_2",
					"parent": "tail_1",
					"pivot": [0, 7, 8.5],
					"cubes": [
						{"origin": [-1.5, 5.5, 7.5], "size": [3, 3, 4], "uv": [0, 49]},
						{"origin": [-0.5, 7, 9.5], "size": [1, 2, 1], "uv": [29, 5]}
					]
				},
				{
					"name": "front_torso",
					"parent": "torso",
					"pivot": [0, 6.5, -1.5],
					"cubes": [
						{"origin": [-3.5, 3, -5.5], "size": [7, 7, 5], "uv": [28, 4]}
					]
				},
				{
					"name": "neck",
					"parent": "front_torso",
					"pivot": [-0.5, 6.75, -6],
					"cubes": [
						{"origin": [-2, 3.75, -8], "size": [4, 5, 4], "pivot": [-0.5, 6.75, -5], "rotation": [-15, 0, 0], "uv": [32, 16]}
					]
				},
				{
					"name": "head",
					"parent": "neck",
					"pivot": [-0.5, 7.75, -6],
					"cubes": [
						{"origin": [-3.5, 4.5, -13], "size": [7, 6, 6], "uv": [15, 26]},
						{"origin": [-4.5, 6.5, -8], "size": [9, 8, 1], "pivot": [-0.5, 10.75, -9], "rotation": [-17.5, 0, 0], "uv": [1, 23]},
						{"origin": [2, 9.75, -11], "size": [1, 3, 1], "pivot": [2.5, 9.75, -10], "rotation": [20, 0, 0], "uv": [25, 5]},
						{"origin": [-3, 9.75, -11], "size": [1, 3, 1], "pivot": [-2.5, 9.75, -10], "rotation": [20, 0, 0], "uv": [25, 5]},
						{"origin": [-1.5, 5.5, -17], "size": [3, 3, 4], "uv": [1, 32]}
					]
				},
				{
					"name": "eyes",
					"parent": "head",
					"pivot": [-0.5, 11.5, -12]
				},
				{
					"name": "eye_right",
					"parent": "eyes",
					"pivot": [-4.52, 8, -14.5],
					"cubes": [
						{"origin": [-3.51, 6.5, -13], "size": [0, 3, 4], "uv": [41, 31]}
					]
				},
				{
					"name": "eyelid_right",
					"parent": "eye_right",
					"pivot": [-3.91, 8.5, -14.5],
					"cubes": [
						{"origin": [-3.45, 6.5, -13], "size": [1, 3, 3], "inflate": 0.025, "uv": [48, 38]}
					]
				},
				{
					"name": "eye_left",
					"parent": "eyes",
					"pivot": [3.52, 8, -9.5],
					"cubes": [
						{"origin": [3.51, 6.5, -13], "size": [0, 3, 4], "uv": [49, 31]}
					]
				},
				{
					"name": "eyelid_left",
					"parent": "eye_left",
					"pivot": [2.91, 8.5, -9.5],
					"cubes": [
						{"origin": [2.47, 6.5, -13], "size": [1, 3, 3], "inflate": 0.025, "uv": [40, 38]}
					]
				},
				{
					"name": "jaw",
					"parent": "head",
					"pivot": [-0.5, 4.75, -12],
					"cubes": [
						{"origin": [-1.5, 4.5, -17], "size": [3, 1, 4], "uv": [1, 39]}
					]
				},
				{
					"name": "left_front_upper_leg",
					"parent": "body",
					"pivot": [3.5, 5, -3.5],
					"cubes": [
						{"origin": [1.5, 3, -5], "size": [3, 3, 3], "inflate": 0.01, "uv": [26, 48]}
					]
				},
				{
					"name": "left_front_lower_leg",
					"parent": "left_front_upper_leg",
					"pivot": [3, 3, -5],
					"cubes": [
						{"origin": [1.5, 0, -5], "size": [3, 3, 3], "uv": [14, 48]}
					]
				},
				{
					"name": "left_front_claw",
					"parent": "left_front_lower_leg",
					"pivot": [3, 1.75, -5],
					"cubes": [
						{"origin": [2.5, 0, -5.5], "size": [1, 2, 1], "inflate": 0.01, "uv": [1, 4]}
					]
				},
				{
					"name": "right_front_upper_leg",
					"parent": "body",
					"pivot": [-3.5, 5, -3.5],
					"cubes": [
						{"origin": [-4.5, 3, -5], "size": [3, 3, 3], "inflate": 0.01, "uv": [48, 45]}
					]
				},
				{
					"name": "right_front_lower_leg",
					"parent": "right_front_upper_leg",
					"pivot": [-3, 3, -5],
					"cubes": [
						{"origin": [-4.5, 0, -5], "size": [3, 3, 3], "uv": [36, 45]}
					]
				},
				{
					"name": "right_front_claw",
					"parent": "right_front_lower_leg",
					"pivot": [-3, 1.75, -5],
					"cubes": [
						{"origin": [-3.5, 0, -5.5], "size": [1, 2, 1], "inflate": 0.01, "uv": [1, 7]}
					]
				},
				{
					"name": "left_back_upper_leg",
					"parent": "body",
					"pivot": [4, 5, 3.5],
					"cubes": [
						{"origin": [2, 3, 2], "size": [3, 3, 3], "inflate": 0.01, "uv": [52, 9]}
					]
				},
				{
					"name": "left_back_lower_leg",
					"parent": "left_back_upper_leg",
					"pivot": [3.5, 3, 2],
					"cubes": [
						{"origin": [2, 0, 2], "size": [3, 3, 3], "uv": [51, 22]}
					]
				},
				{
					"name": "left_back_claw",
					"parent": "left_back_lower_leg",
					"pivot": [3.5, 1.75, 2],
					"cubes": [
						{"origin": [3, 0, 1.5], "size": [1, 2, 1], "inflate": 0.02, "uv": [1, 13]}
					]
				},
				{
					"name": "right_back_upper_leg",
					"parent": "body",
					"pivot": [-4, 5, 3.5],
					"cubes": [
						{"origin": [-5, 3, 2], "size": [3, 3, 3], "inflate": 0.01, "uv": [48, 29]}
					]
				},
				{
					"name": "right_back_lower_leg",
					"parent": "right_back_upper_leg",
					"pivot": [-3.5, 3, 2],
					"cubes": [
						{"origin": [-5, 0, 2], "size": [3, 3, 3], "uv": [48, 16]}
					]
				},
				{
					"name": "right_back_claw",
					"parent": "right_back_lower_leg",
					"pivot": [-3.5, 1.75, 2],
					"cubes": [
						{"origin": [-4, 0, 1.5], "size": [1, 2, 1], "inflate": 0.02, "uv": [1, 10]}
					]
				}
			]
		}
	]
}