{
	"format_version": "1.12.0",
	"minecraft:geometry": [
		{
			"description": {
				"identifier": "geometry.lurefin",
				"texture_width": 64,
				"texture_height": 64,
				"visible_bounds_width": 3,
				"visible_bounds_height": 2.5,
				"visible_bounds_offset": [0, 0.75, 0]
			},
			"bones": [
				{
					"name": "lurefin",
					"pivot": [0, 0, 0]
				},
				{
					"name": "body",
					"parent": "lurefin",
					"pivot": [0, 0, 0]
				},
				{
					"name": "torso",
					"parent": "body",
					"pivot": [0, 8.5, -0.5],
					"cubes": [
						{"origin": [-2.5, 4, -7.5], "size": [5, 9, 6], "inflate": 0.01, "uv": [0, 20]},
						{"origin": [0, 13, -4], "size": [0, 4, 5], "uv": [38, 14]},
						{"origin": [0, 1, -3.75], "size": [0, 3, 3], "uv": [24, 14]},
						{"origin": [0, 4, -19], "size": [0, 8, 12], "uv": [0, 0]}
					]
				},
				{
					"name": "eyes",
					"parent": "torso",
					"pivot": [0, 0, 0]
				},
				{
					"name": "eye_right",
					"parent": "eyes",
					"pivot": [2.55, 8.5, -4],
					"cubes": [
						{"origin": [2.55, 6, -6], "size": [0, 5, 4], "uv": [38, 23]}
					]
				},
				{
					"name": "eye_left",
					"parent": "eyes",
					"pivot": [-2.55, 8.5, -4],
					"cubes": [
						{"origin": [-2.55, 6, -6], "size": [0, 5, 4], "uv": [38, 32]}
					]
				},
				{
					"name": "tail",
					"parent": "torso",
					"pivot": [0, 8.5, -3],
					"cubes": [
						{"origin": [-2.5, 4, -2.5], "size": [5, 9, 5], "uv": [24, 0]},
						{"origin": [0, 1, -0.25], "size": [0, 3, 3], "uv": [30, 14]}
					]
				},
				{
					"name": "tail1",
					"parent": "tail",
					"pivot": [0, 8.5, 2],
					"cubes": [
						{"origin": [-2, 4, 1.5], "size": [4, 9, 4], "inflate": -0.01, "uv": [0, 35]}
					]
				},
				{
					"name": "tail2",
					"parent": "tail1",
					"pivot": [0, 8.5, 4.5],
					"cubes": [
						{"origin": [-1, 6.5, 4.5], "size": [2, 4, 2], "uv": [22, 40]},
						{"origin": [0, 2.5, 5], "size": [0, 12, 8], "uv": [22, 20]}
					]
				}
			]
		}
	]
}