{
	"format_version": "1.8.0",
	"animations": {
		"animation.puffeon.ground_idle": {
			"loop": true,
			"animation_length": 1.96,
			"bones": {
				"head": {
					"rotation": {
						"0.0": [0, 0, 0],
						"0.6": [-5, 0, 0],
						"1.08": [-3.98483, -0.34834, -4.98788],
						"1.64": [-4.99527, 0.21782, 2.4905],
						"1.96": [0, 0, 0]
					},
					"position": [0, 0, 0]
				},
				"leg": {
					"rotation": [0, 0, 0],
					"position": [0, 0, 0]
				},
				"leg2": {
					"rotation": [0, 0, 0],
					"position": [0, 0, 0]
				}
			}
		},
		"animation.puffeon.ground_walk": {
			"loop": true,
			"animation_length": 0.72,
			"bones": {
				"head": {
					"rotation": {
						"0.0": [0, 0, -5],
						"0.2": [0, 0, -1.94],
						"0.36": [0, 0, 5],
						"0.52": [0, 0, 5.56],
						"0.72": [0, 0, -5]
					}
				},
				"leg": {
					"rotation": {
						"0.0": [22.5, 0, 0],
						"0.36": [-22.5, 0, 0],
						"0.72": [22.5, 0, 0]
					}
				},
				"leg2": {
					"rotation": {
						"0.0": [-22.5, 0, 0],
						"0.36": [22.5, 0, 0],
						"0.72": [-22.5, 0, 0]
					}
				}
			}
		},
		"animation.puffeon.sleep": {
			"loop": true,
			"animation_length": 4,
			"bones": {
				"head": {
					"rotation": {
						"0.0": [0, 0, 0],
						"2.0": [-7.5, 0, 0],
						"4.0": [0, 0, 0]
					}
				},
				"leg": {
					"rotation": [-45, 0, 0]
				},
				"leg2": {
					"rotation": [-42.5, 0, 0]
				},
				"puffeon": {
					"rotation": [88.32569, 6.35461, -3.89279],
					"position": [0, 3, 5]
				}
			}
		}
	}
}