{
    "enabled": true,
    "neededInstalledMods": [],
    "neededUninstalledMods": [],
    "spawns": [
        {
            "id": "scorbunny-coterian-1",
            "pokemon": "scorbunny coterian",
            "presets": [
                "natural"
            ],
            "type": "pokemon",
            "context": "grounded",
            "bucket": "ultra-rare",
            "level": "5-31",
            "weight": 9.0,
            "weightMultiplier": {
                "multiplier": 2.0,
                "condition": {
                    "isThundering": true
                }
            },
            "condition": {
                "isRaining": true,
                "canSeeSky": true,
                "biomes": [
                    "#cobblemon:is_grassland",
                    "#cobblemon:is_tundra",
                    "#cobblemon:is_arid"
                ]
            }
        }
    ]
}