{
	"format_version": "1.12.0",
	"minecraft:geometry": [
		{
			"description": {
				"identifier": "geometry.penguki",
				"texture_width": 64,
				"texture_height": 64,
				"visible_bounds_width": 4,
				"visible_bounds_height": 3.5,
				"visible_bounds_offset": [0, 1.25, 0]
			},
			"bones": [
				{
					"name": "penguki",
					"pivot": [0, 0, 0]
				},
				{
					"name": "body",
					"parent": "penguki",
					"pivot": [0, 5, -1],
					"cubes": [
						{"origin": [-6, 3.5, -5.5], "size": [12, 9, 10], "uv": [0, 24]}
					]
				},
				{
					"name": "chest",
					"parent": "body",
					"pivot": [0, 12.5, -0.5],
					"cubes": [
						{"origin": [-5, 12, -5], "size": [10, 6, 9], "uv": [26, 6]}
					]
				},
				{
					"name": "neck",
					"parent": "chest",
					"pivot": [0, 16, -0.5]
				},
				{
					"name": "head",
					"parent": "neck",
					"pivot": [0, 18.25, -0.5],
					"cubes": [
						{"origin": [-3.5, 17.5, -4], "size": [7, 7, 7], "uv": [0, 0]},
						{"origin": [0, 21.5, -1], "size": [0, 5, 6], "uv": [4, 43]},
						{"origin": [-1, 19.25, -5.5], "size": [2, 2, 2], "uv": [54, 31]}
					]
				},
				{
					"name": "arm_left",
					"parent": "chest",
					"pivot": [5, 15.5, -0.5],
					"cubes": [
						{"origin": [4, 14.5, -4.5], "size": [11, 2, 8], "uv": [26, 44]},
						{"origin": [15, 14.5, -3.5], "size": [4, 2, 6], "uv": [3, 15]}
					]
				},
				{
					"name": "arm_right",
					"parent": "chest",
					"pivot": [-5, 15.5, -0.5],
					"cubes": [
						{"origin": [-15, 14.5, -4.5], "size": [11, 2, 8], "uv": [26, 44], "mirror": true},
						{"origin": [-19, 14.5, -3.5], "size": [4, 2, 6], "uv": [3, 15], "mirror": true}
					]
				},
				{
					"name": "leg_left",
					"parent": "body",
					"pivot": [3, 3.5, -0.25],
					"cubes": [
						{"origin": [1, 0.25, -2.25], "size": [4, 4, 4], "uv": [38, 23]}
					]
				},
				{
					"name": "leg_right",
					"parent": "body",
					"pivot": [-3, 3.5, -0.25],
					"cubes": [
						{"origin": [-5, 0.25, -2.25], "size": [4, 4, 4], "uv": [38, 23], "mirror": true}
					]
				}
			]
		}
	]
}