{
	"format_version": "1.8.0",
	"animations": {
		"animation.energarus.ground_idle": {
			"loop": true,
			"animation_length": 2,
			"bones": {
				"bone2": {
					"rotation": {
						"0.0": [0, 0, 0],
						"1.0": [2.5, 0, 0],
						"2.0": [0, 0, 0]
					}
				},
				"neck": {
					"rotation": {
						"0.0": [0, 0, 0],
						"1.0": [-2.5, 0, 0],
						"2.0": [0, 0, 0]
					}
				},
				"head": {
					"rotation": {
						"0.0": [0, 0, 0],
						"1.0": [0, 0, 0],
						"2.0": [0, 0, 0]
					},
					"position": {
						"0.0": [0, 0, 0],
						"2.0": [0, 0, 0]
					}
				},
				"arm": {
					"rotation": {
						"0.0": [0, 0, 0],
						"1.0": [-2.5, 0, 0],
						"2.0": [0, 0, 0]
					}
				},
				"arm2": {
					"rotation": {
						"0.0": [0, 0, 0],
						"1.0": [-2.5, 0, 0],
						"2.0": [0, 0, 0]
					}
				},
				"tail": {
					"rotation": {
						"0.0": [0, 0, 0],
						"1.0": [-7.5, 0, 0],
						"2.0": [0, 0, 0]
					}
				}
			}
		},
		"animation.energarus.ground_walk": {
			"loop": true,
			"animation_length": 1.92,
			"bones": {
				"neck": {
					"rotation": {
						"0.0": [0, 0, 0],
						"0.48": [10, 0, 0],
						"0.96": [0, 0, 0],
						"1.44": [10, 0, 0],
						"1.92": [0, 0, 0]
					}
				},
				"head": {
					"rotation": {
						"0.0": [0, 0, 0],
						"0.48": [-5, 0, 0],
						"0.96": [0, 0, 0],
						"1.44": [-5, 0, 0],
						"1.92": [0, 0, 0]
					}
				},
				"left_leg": {
					"rotation": {
						"0.0": [0, 0, 0],
						"0.48": [-22.5, 0, 0],
						"0.96": [0, 0, 0],
						"1.44": [22.5, 0, 0],
						"1.92": [0, 0, 0]
					}
				},
				"right_leg": {
					"rotation": {
						"0.0": [0, 0, 0],
						"0.48": [22.5, 0, 0],
						"0.96": [0, 0, 0],
						"1.44": [-22.5, 0, 0],
						"1.92": [0, 0, 0]
					}
				},
				"arm": {
					"rotation": {
						"0.0": [0, 0, 0],
						"0.48": [22.5, 0, 0],
						"0.96": [0, 0, 0],
						"1.44": [-22.5, 0, 0],
						"1.92": [0, 0, 0]
					}
				},
				"arm2": {
					"rotation": {
						"0.0": [0, 0, 0],
						"0.48": [-22.5, 0, 0],
						"0.96": [0, 0, 0],
						"1.44": [22.5, 0, 0],
						"1.92": [0, 0, 0]
					}
				},
				"tail": {
					"rotation": {
						"0.0": [0, 0, 0],
						"0.48": [0, 22.5, 0],
						"0.96": [0, 0, 0],
						"1.44": [0, -22.5, 0],
						"1.92": [0, 0, 0]
					}
				}
			}
		}
	}
}