{
	"format_version": "1.12.0",
	"minecraft:geometry": [
		{
			"description": {
				"identifier": "geometry.gastly",
				"texture_width": 32,
				"texture_height": 32,
				"visible_bounds_width": 2,
				"visible_bounds_height": 2.5,
				"visible_bounds_offset": [0, 0.75, 0]
			},
			"bones": [
				{
					"name": "gastly",
					"pivot": [0, 0, 0]
				},
				{
					"name": "body",
					"parent": "gastly",
					"pivot": [0, 4, 0]
				},
				{
					"name": "torso",
					"parent": "body",
					"pivot": [0, 4, 0],
					"cubes": [
						{"origin": [-3, 2, -3], "size": [6, 5, 6], "uv": [0, 0]},
						{"origin": [-3, 2, -3.015], "size": [6, 1, 0], "uv": [12, 15]},
						{"origin": [-3, 1, 0], "size": [6, 1, 3], "inflate": 0.001, "uv": [0, 18]},
						{"origin": [-2.85, 1.35, -3.01], "size": [1, 1, 0], "pivot": [-2, 1.5, -2.8], "rotation": [0, 0, 45], "uv": [4, 0]},
						{"origin": [1.85, 1.35, -3.01], "size": [1, 1, 0], "pivot": [2, 1.5, -3], "rotation": [0, 0, -45], "uv": [0, 4]}
					],
					"locators": {
						"gas": [0, 4, 0]
					}
				},
				{
					"name": "mouth",
					"parent": "torso",
					"pivot": [0, 2, 0],
					"cubes": [
						{"origin": [-3, 1, -3], "size": [6, 1, 3], "uv": [12, 11]}
					]
				},
				{
					"name": "tongue_1",
					"parent": "mouth",
					"pivot": [0, 2, -0.5],
					"cubes": [
						{"origin": [-1.5, 1.5, -3.5], "size": [3, 1, 4], "uv": [0, 12]}
					]
				},
				{
					"name": "tongue_2",
					"parent": "tongue_1",
					"pivot": [0, 2.5, -3.5],
					"cubes": [
						{"origin": [-1.5, 1.5, -6.5], "size": [3, 1, 3], "uv": [15, 17]}
					]
				},
				{
					"name": "tongue_3",
					"parent": "tongue_2",
					"pivot": [0, 2.5, -6.5],
					"cubes": [
						{"origin": [-1.5, 1.5, -9.5], "size": [3, 1, 3], "inflate": 0.01, "uv": [19, 1]}
					]
				},
				{
					"name": "eyes",
					"parent": "torso",
					"pivot": [0, 4.5, -3]
				},
				{
					"name": "eye_right",
					"parent": "eyes",
					"pivot": [-2.4, 4.5, -3],
					"rotation": [0, 0, 35],
					"cubes": [
						{"origin": [-5.4, 2.5, -3.11], "size": [5, 3, 0], "uv": [1, 23]}
					]
				},
				{
					"name": "pupil_open_right",
					"parent": "eye_right",
					"pivot": [-0.8, 4.1, -3.115],
					"rotation": [0, 0, -35],
					"cubes": [
						{"origin": [-1.8, 4.1, -3.115], "size": [1, 1, 0], "uv": [2, 3]},
						{"origin": [-2.3, 4.1, -3.12], "size": [1, 1, 0], "uv": [0, 3]}
					]
				},
				{
					"name": "pupil_closed_right",
					"parent": "pupil_open_right",
					"pivot": [-1, 3.8, -2],
					"rotation": [0, 0, 45],
					"cubes": [
						{"origin": [-2, 3.8, -2.125], "size": [1, 1, 0], "uv": [2, 2]},
						{"origin": [-2.3, 4.1, -2.126], "size": [1, 1, 0], "uv": [2, 1]}
					]
				},
				{
					"name": "eye_left",
					"parent": "eyes",
					"pivot": [2.4, 4.5, -3],
					"rotation": [0, 0, -35],
					"cubes": [
						{"origin": [0.4, 2.5, -3.11], "size": [5, 3, 0], "uv": [12, 23]}
					]
				},
				{
					"name": "pupil_open_left",
					"parent": "eye_left",
					"pivot": [0.8, 4.1, -3.115],
					"rotation": [0, 0, 35],
					"cubes": [
						{"origin": [0.8, 4.1, -3.115], "size": [1, 1, 0], "uv": [2, 0]},
						{"origin": [1.3, 4.1, -3.12], "size": [1, 1, 0], "uv": [0, 2]}
					]
				},
				{
					"name": "pupil_closed_left",
					"parent": "pupil_open_left",
					"pivot": [1, 3.8, -2],
					"rotation": [0, 0, -45],
					"cubes": [
						{"origin": [1, 3.8, -2.125], "size": [1, 1, 0], "uv": [0, 1]},
						{"origin": [1.3, 4.1, -2.126], "size": [1, 1, 0], "uv": [0, 0]}
					]
				}
			]
		}
	]
}