{
	"format_version": "1.8.0",
	"animations": {
		"animation.beweler.ground_idle": {
			"loop": true,
			"animation_length": 3.68,
			"bones": {
				"head": {
					"rotation": {
						"0.0": [0, 0, 0],
						"0.92": [7.5, 0, 0],
						"1.84": [0, 0, 0],
						"2.76": [-7.5, 0, 0],
						"3.68": [0, 0, 0]
					}
				},
				"arm": {
					"rotation": {
						"0.0": [0, 0, 0],
						"1.84": [0, -2.5, 0],
						"3.68": [0, 0, 0]
					}
				},
				"arm2": {
					"rotation": {
						"0.0": [0, 0, 0],
						"1.84": [0, 2.5, 0],
						"3.68": [0, 0, 0]
					}
				},
				"bone": {
					"rotation": {
						"0.0": [0, 0, 0],
						"0.92": [-7.5, 0, 0],
						"1.84": [0, 0, 0],
						"2.76": [7.5, 0, 0],
						"3.68": [0, 0, 0]
					}
				},
				"bone2": {
					"rotation": {
						"0.0": [0, 0, 0],
						"0.92": [-7.5, 0, 0],
						"1.84": [0, 0, 0],
						"2.76": [7.5, 0, 0],
						"3.68": [0, 0, 0]
					}
				}
			}
		},
		"animation.beweler.ground_walk": {
			"loop": true,
			"animation_length": 1.28,
			"bones": {
				"head": {
					"rotation": {
						"0.0": [15, 0, 0],
						"0.4": [15.12353, 7.24305, 1.95155],
						"0.72": [15, 0, 0],
						"0.96": [15.50409, -14.47751, -3.96713],
						"1.28": [15, 0, 0]
					}
				},
				"arm": {
					"rotation": {
						"0.0": [0, 0, 0],
						"0.4": [-26.73242, 43.96924, -35.95886],
						"0.56": [-2.97576, 49.93505, -3.88581],
						"0.72": [0, 0, 0]
					}
				},
				"arm2": {
					"rotation": {
						"0.0": [0, 0, 0],
						"0.56": [0, 0, 0],
						"0.96": [-26.73242, -43.96924, 35.95886],
						"1.12": [0, -50, 0],
						"1.28": [0, 0, 0]
					}
				},
				"bone": {
					"rotation": {
						"0.0": [-15, 0, 0],
						"0.4": [-14.87739, -1.93597, -7.24721],
						"0.72": [-15, 0, 0],
						"0.96": [-14.87739, 1.93597, 7.24721],
						"1.28": [-15, 0, 0]
					}
				},
				"bone2": {
					"rotation": {
						"0.0": [-15, 0, 0],
						"0.4": [-14.87739, -1.93597, -7.24721],
						"0.72": [-15, 0, 0],
						"0.96": [-14.87739, 1.93597, 7.24721],
						"1.28": [-15, 0, 0]
					}
				}
			}
		}
	}
}