
{
    "enabled": true,
    "neededInstalledMods": [],
    "neededUninstalledMods": [],
    "spawns": [
      {
        "id": "beelder-1",
        "pokemon": "beelder",
        "presets": [ "natural" ],
        "type": "pokemon",
        "context": "grounded",
        "bucket": "common",
        "level": "1-10",
        "weight": 9.9,
        "weightMultiplier":{
          "multiplier":5.0,
          "condition":{
            "neededNearbyBlocks":[
              "#minecraft:beehives"
            ]
          }
        },
        "condition": {
            "minSkyLight":8,
            "maxSkyLight":15,
            "biomes":["#cobblemon:is_floral"],
            "timeRange":"day",
            "isRaining":false
        },
        "anticondition":{
          "biomes":[
            "#cobblemon:is_freezing",
            "#cobblemon:is_spooky"
          ]
        }
      }
    ]
  }
