
{
    "enabled": true,
    "neededInstalledMods": [],
    "neededUninstalledMods": [],
    "spawns": [
      {
        "id": "buckid-1",
        "pokemon": "buckid",
        "presets": [ "underwater" ],
        "type": "pokemon",
        "context": "submerged",
        "bucket": "ultra-rare",
        "level": "1-15",
        "weight": 9.0,
        "condition": {
            "fluid":"#minecraft:water",
            "biomes":["#cobblemon:is_cold_ocean"]
        }
      }
    ]
  }
