
{
    "enabled": true,
    "neededInstalledMods": [],
    "neededUninstalledMods": [],
    "spawns": [
      {
        "id": "copptomaton-1",
        "pokemon": "copptomaton",
        "presets": [ "underground_ruins" ],
        "type": "pokemon",
        "context": "grounded",
        "bucket": "rare",
        "level": "1-50",
        "weight": 4.0
      },
      {
        "id": "copptomaton-2",
        "pokemon": "copptomaton",
        "presets": [ "village" ],
        "type": "pokemon",
        "context": "grounded",
        "bucket": "uncommon",
        "level": "1-50",
        "weight": 6.0
      }
    ]
  }
