
{
    "enabled": true,
    "neededInstalledMods": [],
    "neededUninstalledMods": [],
    "spawns": [
      {
        "id": "stringlett-1",
        "pokemon": "stringlett",
        "presets": [ "natural" ],
        "type": "pokemon",
        "context": "grounded",
        "bucket": "common",
        "level": "1-15",
        "weight": 7.0,
        "condition": {
          "minSkyLight":8,
          "maxSkyLight":15,
          "biomes":["#cobblemon:is_spooky"],
          "timeRange":"night"
        }
      },
      {
        "id": "stringlett-2",
        "pokemon": "stringlett",
        "presets": [ "natural" ],
        "type": "pokemon",
        "context": "grounded",
        "bucket": "uncommon",
        "level": "1-29",
        "weight": 3.0,
        "condition": {
          "minSkyLight": 0,
          "maxSkyLight": 7,
          "biomes": ["#cobblemon:is_overworld"]
          },
          "anticondition": {
          "biomes": ["#cobblemon:is_deep_dark"]
        }
      },
      {
        "id": "stringlett-3",
        "pokemon": "stringlett",
        "presets": ["webs","natural"],
        "type": "pokemon",
        "context": "grounded",
        "bucket": "common",
        "level": "1-29",
        "weight": 8.0,
        "condition": {
          "minSkyLight": 0,
          "maxSkyLight": 7
          }
      }
    ]
  }
