
{
    "enabled": true,
    "neededInstalledMods": [],
    "neededUninstalledMods": [],
    "spawns": [
      {
        "id": "stroddler-1",
        "pokemon": "stroddler",
        "presets": [ "natural" ],
        "type": "pokemon",
        "context": "surface",
        "bucket": "ultra-rare",
        "level": "1-15",
        "weight": 9.0,
        "condition": {
            "fluid":"#minecraft:lava",
            "biomes":["#cobblemon:nether/is_basalt"]
        }
      }
    ]
  }
