{
	"format_version": "1.12.0",
	"minecraft:geometry": [
		{
			"description": {
				"identifier": "geometry.taytohtot",
				"texture_width": 32,
				"texture_height": 32,
				"visible_bounds_width": 3,
				"visible_bounds_height": 2.5,
				"visible_bounds_offset": [0, 0.75, 0]
			},
			"bones": [
				{
					"name": "taytohtot",
					"pivot": [0, 0, 0]
				},
				{
					"name": "waist",
					"parent": "taytohtot",
					"pivot": [0, 4.4924, 0.08682]
				},
				{
					"name": "torso",
					"parent": "waist",
					"pivot": [0, 4.2424, 0.08682],
					"cubes": [
						{"origin": [-3, 2, -3], "size": [6, 5, 6], "pivot": [0, 4, 0], "rotation": [-10, 0, 0], "uv": [0, 0]}
					]
				},
				{
					"name": "head",
					"parent": "torso",
					"pivot": [0.00606, 6.64087, 0.71336],
					"cubes": [
						{"origin": [-2, 6.5, -1.25], "size": [4, 3, 4], "uv": [0, 11]},
						{"origin": [-1, 6.83127, -1.8935], "size": [2, 2, 2], "pivot": [0, 8.08127, -1.0435], "rotation": [65, 0, 0], "uv": [20, 18]},
						{"origin": [-1.15, 9.4, 1.5], "size": [3, 6, 0], "pivot": [0, 12.5, 0.75], "rotation": [-13.4936, -21.93857, 5.123], "uv": [0, 0]},
						{"origin": [-2.1, 8, -1.35], "size": [1, 2, 0], "pivot": [-1.6, 8.5, -1.35], "rotation": [0, 0, -10], "uv": [12, 11]},
						{"origin": [1.1, 8, -1.35], "size": [1, 2, 0], "pivot": [1.6, 8.5, -1.35], "rotation": [0, 0, 10], "uv": [12, 11]},
						{"origin": [-1.5, 5.51025, -3.05193], "size": [3, 2, 2], "pivot": [0, 6.51025, -2.05193], "rotation": [52.5, 0, 0], "uv": [12, 11]}
					]
				},
				{
					"name": "shoulder_left",
					"parent": "torso",
					"pivot": [3, 5.5, 1],
					"cubes": [
						{"origin": [3, 4.5, 0], "size": [1, 2, 2], "uv": [6, 22]}
					]
				},
				{
					"name": "arm_left",
					"parent": "shoulder_left",
					"pivot": [4, 5.5, 1],
					"cubes": [
						{"origin": [4, 5, 0.5], "size": [2, 1, 1], "uv": [24, 0]}
					]
				},
				{
					"name": "forearm_left",
					"parent": "arm_left",
					"pivot": [6, 5.5, 1],
					"cubes": [
						{"origin": [6, 5, 0.5], "size": [2, 1, 1], "uv": [22, 22]}
					]
				},
				{
					"name": "hand_left",
					"parent": "forearm_left",
					"pivot": [8, 5.5, 1],
					"cubes": [
						{"origin": [8, 4.5, 0], "size": [2, 2, 2], "uv": [0, 18]}
					]
				},
				{
					"name": "shoulder_right",
					"parent": "torso",
					"pivot": [-3, 5.5, 1],
					"cubes": [
						{"origin": [-4, 4.5, 0], "size": [1, 2, 2], "uv": [0, 22]}
					]
				},
				{
					"name": "arm_right",
					"parent": "shoulder_right",
					"pivot": [-4, 5.5, 1],
					"cubes": [
						{"origin": [-6, 5, 0.5], "size": [2, 1, 1], "uv": [20, 11]}
					]
				},
				{
					"name": "forearm_right",
					"parent": "arm_right",
					"pivot": [-6, 5.5, 1],
					"cubes": [
						{"origin": [-8, 5, 0.5], "size": [2, 1, 1], "uv": [18, 4]}
					]
				},
				{
					"name": "hand_right",
					"parent": "forearm_right",
					"pivot": [-8, 5.5, 1],
					"cubes": [
						{"origin": [-10, 4.5, 0], "size": [2, 2, 2], "uv": [14, 16]}
					]
				},
				{
					"name": "legfront_left",
					"parent": "waist",
					"pivot": [2.25, 2.5, -2.5],
					"cubes": [
						{"origin": [1.25, 1, -3.5], "size": [2, 2, 2], "uv": [14, 20]}
					]
				},
				{
					"name": "footfront_left",
					"parent": "legfront_left",
					"pivot": [2.25, 1, -2.5],
					"cubes": [
						{"origin": [1.75, 0, -3], "size": [1, 1, 1], "uv": [4, 22]}
					]
				},
				{
					"name": "legback_left",
					"parent": "waist",
					"pivot": [2.25, 2.5, 2],
					"cubes": [
						{"origin": [1.25, 1, 1], "size": [2, 2, 2], "uv": [20, 13]}
					]
				},
				{
					"name": "footback_left",
					"parent": "legback_left",
					"pivot": [2.25, 1, 2],
					"cubes": [
						{"origin": [1.75, 0, 1.5], "size": [1, 1, 1], "uv": [6, 18]}
					]
				},
				{
					"name": "legfront_right",
					"parent": "waist",
					"pivot": [-2.25, 2.5, -2.5],
					"cubes": [
						{"origin": [-3.25, 1, -3.5], "size": [2, 2, 2], "uv": [8, 18]}
					]
				},
				{
					"name": "footfront_right",
					"parent": "legfront_right",
					"pivot": [-2.25, 1, -2.5],
					"cubes": [
						{"origin": [-2.75, 0, -3], "size": [1, 1, 1], "uv": [0, 13]}
					]
				},
				{
					"name": "legback_right",
					"parent": "waist",
					"pivot": [-2.25, 2.5, 2],
					"cubes": [
						{"origin": [-3.25, 1, 1], "size": [2, 2, 2], "uv": [18, 0]}
					]
				},
				{
					"name": "footback_right",
					"parent": "legback_right",
					"pivot": [-2.25, 1, 2],
					"cubes": [
						{"origin": [-2.75, 0, 1.5], "size": [1, 1, 1], "uv": [0, 11]}
					]
				}
			]
		}
	]
}