{
	"format_version": "1.8.0",
	"animations": {
		"animation.beelder.ground_idle": {
			"loop": true,
			"animation_length": 3,
			"bones": {
				"whole": {
					"rotation": {
						"0.0": {
							"post": [-2.5, 0, 0],
							"lerp_mode": "catmullrom"
						},
						"1.5": {
							"post": [5, 0, 0],
							"lerp_mode": "catmullrom"
						},
						"3.0": {
							"post": [-2.5, 0, 0],
							"lerp_mode": "catmullrom"
						}
					},
					"position": {
						"0.0": {
							"post": [0, 20, 0],
							"lerp_mode": "catmullrom"
						},
						"1.5": {
							"post": [0, 19, 0],
							"lerp_mode": "catmullrom"
						},
						"3.0": {
							"post": [0, 20, 0],
							"lerp_mode": "catmullrom"
						}
					}
				},
				"leftwing": {
					"rotation": {
						"0.0": {
							"post": [0, 0, -17.5],
							"lerp_mode": "catmullrom"
						},
						"0.125": {
							"post": [0, 0, 52.5],
							"lerp_mode": "catmullrom"
						},
						"0.25": {
							"post": [0, 0, -17.5],
							"lerp_mode": "catmullrom"
						},
						"0.375": {
							"post": [0, 0, 52.5],
							"lerp_mode": "catmullrom"
						},
						"0.5": {
							"post": [0, 0, -17.5],
							"lerp_mode": "catmullrom"
						},
						"0.625": {
							"post": [0, 0, 52.5],
							"lerp_mode": "catmullrom"
						},
						"0.75": {
							"post": [0, 0, -17.5],
							"lerp_mode": "catmullrom"
						},
						"0.875": {
							"post": [0, 0, 52.5],
							"lerp_mode": "catmullrom"
						},
						"1.0": {
							"post": [0, 0, -17.5],
							"lerp_mode": "catmullrom"
						},
						"1.125": {
							"post": [0, 0, 52.5],
							"lerp_mode": "catmullrom"
						},
						"1.25": {
							"post": [0, 0, -17.5],
							"lerp_mode": "catmullrom"
						},
						"1.375": {
							"post": [0, 0, 52.5],
							"lerp_mode": "catmullrom"
						},
						"1.5": {
							"post": [0, 0, -17.5],
							"lerp_mode": "catmullrom"
						},
						"1.625": {
							"post": [0, 0, 52.5],
							"lerp_mode": "catmullrom"
						},
						"1.75": {
							"post": [0, 0, -17.5],
							"lerp_mode": "catmullrom"
						},
						"1.875": {
							"post": [0, 0, 52.5],
							"lerp_mode": "catmullrom"
						},
						"2.0": {
							"post": [0, 0, -17.5],
							"lerp_mode": "catmullrom"
						},
						"2.125": {
							"post": [0, 0, 52.5],
							"lerp_mode": "catmullrom"
						},
						"2.25": {
							"post": [0, 0, -17.5],
							"lerp_mode": "catmullrom"
						},
						"2.375": {
							"post": [0, 0, 52.5],
							"lerp_mode": "catmullrom"
						},
						"2.5": {
							"post": [0, 0, -17.5],
							"lerp_mode": "catmullrom"
						},
						"2.625": {
							"post": [0, 0, 52.5],
							"lerp_mode": "catmullrom"
						},
						"2.75": {
							"post": [0, 0, -17.5],
							"lerp_mode": "catmullrom"
						},
						"2.875": {
							"post": [0, 0, 52.5],
							"lerp_mode": "catmullrom"
						},
						"3.0": {
							"post": [0, 0, -17.5],
							"lerp_mode": "catmullrom"
						}
					}
				},
				"rightwing": {
					"rotation": {
						"0.0": {
							"post": [0, 0, 22.5],
							"lerp_mode": "catmullrom"
						},
						"0.125": {
							"post": [0, 0, -60],
							"lerp_mode": "catmullrom"
						},
						"0.25": {
							"post": [0, 0, 22.5],
							"lerp_mode": "catmullrom"
						},
						"0.375": {
							"post": [0, 0, -60],
							"lerp_mode": "catmullrom"
						},
						"0.5": {
							"post": [0, 0, 22.5],
							"lerp_mode": "catmullrom"
						},
						"0.625": {
							"post": [0, 0, -60],
							"lerp_mode": "catmullrom"
						},
						"0.75": {
							"post": [0, 0, 22.5],
							"lerp_mode": "catmullrom"
						},
						"0.875": {
							"post": [0, 0, -60],
							"lerp_mode": "catmullrom"
						},
						"1.0": {
							"post": [0, 0, 22.5],
							"lerp_mode": "catmullrom"
						},
						"1.125": {
							"post": [0, 0, -60],
							"lerp_mode": "catmullrom"
						},
						"1.25": {
							"post": [0, 0, 22.5],
							"lerp_mode": "catmullrom"
						},
						"1.375": {
							"post": [0, 0, -60],
							"lerp_mode": "catmullrom"
						},
						"1.5": {
							"post": [0, 0, 22.5],
							"lerp_mode": "catmullrom"
						},
						"1.625": {
							"post": [0, 0, -60],
							"lerp_mode": "catmullrom"
						},
						"1.75": {
							"post": [0, 0, 22.5],
							"lerp_mode": "catmullrom"
						},
						"1.875": {
							"post": [0, 0, -60],
							"lerp_mode": "catmullrom"
						},
						"2.0": {
							"post": [0, 0, 22.5],
							"lerp_mode": "catmullrom"
						},
						"2.125": {
							"post": [0, 0, -60],
							"lerp_mode": "catmullrom"
						},
						"2.25": {
							"post": [0, 0, 22.5],
							"lerp_mode": "catmullrom"
						},
						"2.375": {
							"post": [0, 0, -60],
							"lerp_mode": "catmullrom"
						},
						"2.5": {
							"post": [0, 0, 22.5],
							"lerp_mode": "catmullrom"
						},
						"2.625": {
							"post": [0, 0, -60],
							"lerp_mode": "catmullrom"
						},
						"2.75": {
							"post": [0, 0, 22.5],
							"lerp_mode": "catmullrom"
						},
						"2.875": {
							"post": [0, 0, -60],
							"lerp_mode": "catmullrom"
						},
						"3.0": {
							"post": [0, 0, 22.5],
							"lerp_mode": "catmullrom"
						}
					}
				}
			}
		},
		"animation.beelder.ground_faint": {
			"loop": "hold_on_last_frame",
			"animation_length": 3,
			"bones": {
				"whole": {
					"rotation": {
						"0.0": {
							"post": [-2.5, 0, 0],
							"lerp_mode": "catmullrom"
						},
						"0.375": {
							"post": [-2.5, 0, 0],
							"lerp_mode": "catmullrom"
						},
						"0.75": {
							"post": [90, 0, 0],
							"lerp_mode": "catmullrom"
						}
					},
					"position": {
						"0.0": {
							"post": [0, 20, 0],
							"lerp_mode": "catmullrom"
						},
						"0.375": {
							"post": [0, 20, 0],
							"lerp_mode": "catmullrom"
						},
						"0.75": {
							"post": [0, 5, 0],
							"lerp_mode": "catmullrom"
						}
					}
				},
				"leftwing": {
					"rotation": {
						"0.0": {
							"post": [0, 0, -17.5],
							"lerp_mode": "catmullrom"
						},
						"0.125": {
							"post": [0, 0, 52.5],
							"lerp_mode": "catmullrom"
						},
						"0.25": {
							"post": [0, 0, -17.5],
							"lerp_mode": "catmullrom"
						},
						"0.375": {
							"post": [0, 0, 52.5],
							"lerp_mode": "catmullrom"
						},
						"0.5": {
							"post": [0, 0, -17.5],
							"lerp_mode": "catmullrom"
						},
						"0.625": {
							"post": [0, 0, 52.5],
							"lerp_mode": "catmullrom"
						},
						"0.75": {
							"post": [27.5, 20, -17.5],
							"lerp_mode": "catmullrom"
						}
					}
				},
				"rightwing": {
					"rotation": {
						"0.0": {
							"post": [0, 0, 22.5],
							"lerp_mode": "catmullrom"
						},
						"0.125": {
							"post": [0, 0, -60],
							"lerp_mode": "catmullrom"
						},
						"0.25": {
							"post": [0, 0, 22.5],
							"lerp_mode": "catmullrom"
						},
						"0.375": {
							"post": [0, 0, -60],
							"lerp_mode": "catmullrom"
						},
						"0.5": {
							"post": [0, 0, 22.5],
							"lerp_mode": "catmullrom"
						},
						"0.625": {
							"post": [0, 0, -60],
							"lerp_mode": "catmullrom"
						},
						"0.75": {
							"post": [22.76221, -38.68494, 6.79391],
							"lerp_mode": "catmullrom"
						}
					}
				},
				"stinger": {
					"rotation": {
						"0.0": {
							"post": [0, 0, 0],
							"lerp_mode": "catmullrom"
						},
						"0.75": {
							"post": [0, 0, 0],
							"lerp_mode": "catmullrom"
						},
						"0.875": {
							"post": [0, -12.5, 0],
							"lerp_mode": "catmullrom"
						},
						"1.0": {
							"post": [0, 0, 0],
							"lerp_mode": "catmullrom"
						},
						"1.125": {
							"post": [0, -12.5, 0],
							"lerp_mode": "catmullrom"
						},
						"1.25": {
							"post": [0, 0, 0],
							"lerp_mode": "catmullrom"
						},
						"1.375": {
							"post": [0, -12.5, 0],
							"lerp_mode": "catmullrom"
						},
						"1.5": {
							"post": [0, 0, 0],
							"lerp_mode": "catmullrom"
						}
					}
				},
				"feetsies": {
					"rotation": {
						"0.0": {
							"post": [0, 0, 0],
							"lerp_mode": "catmullrom"
						},
						"0.75": {
							"post": [-12.5, 0, 0],
							"lerp_mode": "catmullrom"
						}
					}
				}
			}
		},
		"animation.beelder.ground_walk": {
			"loop": true,
			"animation_length": 3,
			"bones": {
				"whole": {
					"rotation": {
						"0.0": {
							"post": [20, 0, 0],
							"lerp_mode": "catmullrom"
						},
						"1.5": {
							"post": [12.5, 0, 0],
							"lerp_mode": "catmullrom"
						},
						"3.0": {
							"post": [20, 0, 0],
							"lerp_mode": "catmullrom"
						}
					},
					"position": {
						"0.0": {
							"post": [0, 20, 0],
							"lerp_mode": "catmullrom"
						},
						"1.5": {
							"post": [0, 19, 0],
							"lerp_mode": "catmullrom"
						},
						"3.0": {
							"post": [0, 20, 0],
							"lerp_mode": "catmullrom"
						}
					}
				},
				"leftwing": {
					"rotation": {
						"0.0": {
							"post": [0, 0, -17.5],
							"lerp_mode": "catmullrom"
						},
						"0.125": {
							"post": [0, 0, 52.5],
							"lerp_mode": "catmullrom"
						},
						"0.25": {
							"post": [0, 0, -17.5],
							"lerp_mode": "catmullrom"
						},
						"0.375": {
							"post": [0, 0, 52.5],
							"lerp_mode": "catmullrom"
						},
						"0.5": {
							"post": [0, 0, -17.5],
							"lerp_mode": "catmullrom"
						},
						"0.625": {
							"post": [0, 0, 52.5],
							"lerp_mode": "catmullrom"
						},
						"0.75": {
							"post": [0, 0, -17.5],
							"lerp_mode": "catmullrom"
						},
						"0.875": {
							"post": [0, 0, 52.5],
							"lerp_mode": "catmullrom"
						},
						"1.0": {
							"post": [0, 0, -17.5],
							"lerp_mode": "catmullrom"
						},
						"1.125": {
							"post": [0, 0, 52.5],
							"lerp_mode": "catmullrom"
						},
						"1.25": {
							"post": [0, 0, -17.5],
							"lerp_mode": "catmullrom"
						},
						"1.375": {
							"post": [0, 0, 52.5],
							"lerp_mode": "catmullrom"
						},
						"1.5": {
							"post": [0, 0, -17.5],
							"lerp_mode": "catmullrom"
						},
						"1.625": {
							"post": [0, 0, 52.5],
							"lerp_mode": "catmullrom"
						},
						"1.75": {
							"post": [0, 0, -17.5],
							"lerp_mode": "catmullrom"
						},
						"1.875": {
							"post": [0, 0, 52.5],
							"lerp_mode": "catmullrom"
						},
						"2.0": {
							"post": [0, 0, -17.5],
							"lerp_mode": "catmullrom"
						},
						"2.125": {
							"post": [0, 0, 52.5],
							"lerp_mode": "catmullrom"
						},
						"2.25": {
							"post": [0, 0, -17.5],
							"lerp_mode": "catmullrom"
						},
						"2.375": {
							"post": [0, 0, 52.5],
							"lerp_mode": "catmullrom"
						},
						"2.5": {
							"post": [0, 0, -17.5],
							"lerp_mode": "catmullrom"
						},
						"2.625": {
							"post": [0, 0, 52.5],
							"lerp_mode": "catmullrom"
						},
						"2.75": {
							"post": [0, 0, -17.5],
							"lerp_mode": "catmullrom"
						},
						"2.875": {
							"post": [0, 0, 52.5],
							"lerp_mode": "catmullrom"
						},
						"3.0": {
							"post": [0, 0, -17.5],
							"lerp_mode": "catmullrom"
						}
					}
				},
				"rightwing": {
					"rotation": {
						"0.0": {
							"post": [0, 0, 22.5],
							"lerp_mode": "catmullrom"
						},
						"0.125": {
							"post": [0, 0, -60],
							"lerp_mode": "catmullrom"
						},
						"0.25": {
							"post": [0, 0, 22.5],
							"lerp_mode": "catmullrom"
						},
						"0.375": {
							"post": [0, 0, -60],
							"lerp_mode": "catmullrom"
						},
						"0.5": {
							"post": [0, 0, 22.5],
							"lerp_mode": "catmullrom"
						},
						"0.625": {
							"post": [0, 0, -60],
							"lerp_mode": "catmullrom"
						},
						"0.75": {
							"post": [0, 0, 22.5],
							"lerp_mode": "catmullrom"
						},
						"0.875": {
							"post": [0, 0, -60],
							"lerp_mode": "catmullrom"
						},
						"1.0": {
							"post": [0, 0, 22.5],
							"lerp_mode": "catmullrom"
						},
						"1.125": {
							"post": [0, 0, -60],
							"lerp_mode": "catmullrom"
						},
						"1.25": {
							"post": [0, 0, 22.5],
							"lerp_mode": "catmullrom"
						},
						"1.375": {
							"post": [0, 0, -60],
							"lerp_mode": "catmullrom"
						},
						"1.5": {
							"post": [0, 0, 22.5],
							"lerp_mode": "catmullrom"
						},
						"1.625": {
							"post": [0, 0, -60],
							"lerp_mode": "catmullrom"
						},
						"1.75": {
							"post": [0, 0, 22.5],
							"lerp_mode": "catmullrom"
						},
						"1.875": {
							"post": [0, 0, -60],
							"lerp_mode": "catmullrom"
						},
						"2.0": {
							"post": [0, 0, 22.5],
							"lerp_mode": "catmullrom"
						},
						"2.125": {
							"post": [0, 0, -60],
							"lerp_mode": "catmullrom"
						},
						"2.25": {
							"post": [0, 0, 22.5],
							"lerp_mode": "catmullrom"
						},
						"2.375": {
							"post": [0, 0, -60],
							"lerp_mode": "catmullrom"
						},
						"2.5": {
							"post": [0, 0, 22.5],
							"lerp_mode": "catmullrom"
						},
						"2.625": {
							"post": [0, 0, -60],
							"lerp_mode": "catmullrom"
						},
						"2.75": {
							"post": [0, 0, 22.5],
							"lerp_mode": "catmullrom"
						},
						"2.875": {
							"post": [0, 0, -60],
							"lerp_mode": "catmullrom"
						},
						"3.0": {
							"post": [0, 0, 22.5],
							"lerp_mode": "catmullrom"
						}
					}
				}
			}
		},
		"animation.beelder.quirk_twitch": {
			"animation_length": 0.5,
			"bones": {
				"leftantennae": {
					"rotation": {
						"0.0": [0, 10, 0],
						"0.125": [0, -10, 0],
						"0.25": [0, 10, 0],
						"0.375": [0, -10, 0],
						"0.5": [0, 10, 0]
					}
				},
				"rightantennae": {
					"rotation": {
						"0.0": [0, -10, 0],
						"0.125": [0, 10, 0],
						"0.25": [0, -10, 0],
						"0.375": [0, 10, 0],
						"0.5": [0, -10, 0]
					}
				}
			}
		},
		"animation.beelder.left_shoulder": {
			"loop": true,
			"animation_length": 2,
			"bones": {
				"whole": {
					"position": {
						"0.0": {
							"post": [0, -3, 0],
							"lerp_mode": "catmullrom"
						}
					}
				},
				"body": {
					"rotation": {
						"0.0": {
							"post": [-25, 0, 0],
							"lerp_mode": "catmullrom"
						}
					},
					"position": {
						"0.0": {
							"post": [0, -1, 2],
							"lerp_mode": "catmullrom"
						}
					}
				},
				"leftwing": {
					"rotation": {
						"0.0": {
							"post": [0, 0, 0],
							"lerp_mode": "catmullrom"
						},
						"1.0": {
							"post": [0, 0, 25],
							"lerp_mode": "catmullrom"
						},
						"2.0": {
							"post": [0, 0, 0],
							"lerp_mode": "catmullrom"
						}
					}
				},
				"rightwing": {
					"rotation": {
						"0.0": {
							"post": [0, 0, 0],
							"lerp_mode": "catmullrom"
						},
						"1.0": {
							"post": [0, 0, -20],
							"lerp_mode": "catmullrom"
						},
						"2.0": {
							"post": [0, 0, 0],
							"lerp_mode": "catmullrom"
						}
					}
				}
			}
		},
		"animation.beelder.right_shoulder": {
			"loop": true,
			"animation_length": 2,
			"bones": {
				"whole": {
					"position": {
						"0.0": {
							"post": [0, -3, 0],
							"lerp_mode": "catmullrom"
						}
					}
				},
				"body": {
					"rotation": {
						"0.0": {
							"post": [-25, 0, 0],
							"lerp_mode": "catmullrom"
						}
					},
					"position": {
						"0.0": {
							"post": [-1, -1, 2],
							"lerp_mode": "catmullrom"
						}
					}
				},
				"leftwing": {
					"rotation": {
						"0.0": {
							"post": [0, 0, 0],
							"lerp_mode": "catmullrom"
						},
						"1.0": {
							"post": [0, 0, 25],
							"lerp_mode": "catmullrom"
						},
						"2.0": {
							"post": [0, 0, 0],
							"lerp_mode": "catmullrom"
						}
					}
				},
				"rightwing": {
					"rotation": {
						"0.0": {
							"post": [0, 0, 0],
							"lerp_mode": "catmullrom"
						},
						"1.0": {
							"post": [0, 0, -20],
							"lerp_mode": "catmullrom"
						},
						"2.0": {
							"post": [0, 0, 0],
							"lerp_mode": "catmullrom"
						}
					}
				}
			}
		}
	}
}