{
	"format_version": "1.12.0",
	"minecraft:geometry": [
		{
			"description": {
				"identifier": "geometry.archeops",
				"texture_width": 128,
				"texture_height": 128,
				"visible_bounds_width": 9,
				"visible_bounds_height": 3.5,
				"visible_bounds_offset": [0, 1.25, 0]
			},
			"bones": [
				{
					"name": "plateonyx",
					"pivot": [0, 0, 0]
				},
				{
					"name": "body",
					"parent": "plateonyx",
					"pivot": [0, 20.2, 5]
				},
				{
					"name": "torso",
					"parent": "body",
					"pivot": [0, 18.2, 4],
					"cubes": [
						{"origin": [-5.5, 12.2, -3.5], "size": [11, 12, 13], "inflate": 0.01, "uv": [34, 35]}
					]
				},
				{
					"name": "chest",
					"parent": "torso",
					"pivot": [0, 24.2, -3.5],
					"cubes": [
						{"origin": [-5, 13.2, -10], "size": [10, 11, 7], "uv": [0, 47]}
					]
				},
				{
					"name": "arms",
					"parent": "chest",
					"pivot": [0, 21.2, -5.5]
				},
				{
					"name": "left_arm",
					"parent": "arms",
					"pivot": [5.5, 15.5, -7],
					"rotation": [90, 0, 0],
					"cubes": [
						{"origin": [5, 13.5, -9], "size": [7, 4, 3], "uv": [71, 0]}
					]
				},
				{
					"name": "left_arm2",
					"parent": "left_arm",
					"pivot": [10, 15.5, -6.5],
					"rotation": [0, 0, 0],
					"cubes": [
						{"origin": [10.5, 14, -8.5], "size": [4, 3, 2], "inflate": 0.01, "uv": [75, 7]}
					]
				},
				{
					"name": "left_arm3",
					"parent": "left_arm2",
					"pivot": [13.5, 15.5, -7.25],
					"rotation": [0, 0, 0],
					"cubes": [
						{"origin": [13.5, 14, -8.5], "size": [3, 3, 2], "uv": [76, 12]}
					]
				},
				{
					"name": "left_fingers",
					"parent": "left_arm3",
					"pivot": [15.5, 15.5, -7.5]
				},
				{
					"name": "left_thumb",
					"parent": "left_fingers",
					"pivot": [15, 17, -7.5],
					"rotation": [0, 0, -90],
					"cubes": [
						{"origin": [15, 16, -7.5], "size": [2, 1, 0], "uv": [91, 4]}
					]
				},
				{
					"name": "left_finger1",
					"parent": "left_fingers",
					"pivot": [16.5, 14, -7.5],
					"rotation": [0, 0, 0],
					"cubes": [
						{"origin": [16.5, 14, -7.5], "size": [2, 1, 0], "uv": [91, 5]}
					]
				},
				{
					"name": "left_finger2",
					"parent": "left_fingers",
					"pivot": [16.5, 16.5, -7.5],
					"rotation": [0, 0, 0],
					"cubes": [
						{"origin": [16.5, 16, -7.5], "size": [2, 1, 0], "uv": [91, 6]}
					]
				},
				{
					"name": "right_arm",
					"parent": "arms",
					"pivot": [-5.5, 15.5, -7],
					"rotation": [90, 0, 0],
					"cubes": [
						{"origin": [-12, 13.5, -9], "size": [7, 4, 3], "uv": [95, 0]}
					]
				},
				{
					"name": "right_arm2",
					"parent": "right_arm",
					"pivot": [-10, 15.5, -6.5],
					"rotation": [0, 0, 0],
					"cubes": [
						{"origin": [-14.5, 14, -8.5], "size": [4, 3, 2], "inflate": 0.01, "uv": [99, 7]}
					]
				},
				{
					"name": "right_arm3",
					"parent": "right_arm2",
					"pivot": [-13.5, 15.5, -7.25],
					"rotation": [0, 0, 0],
					"cubes": [
						{"origin": [-16.5, 14, -8.5], "size": [3, 3, 2], "uv": [100, 12]}
					]
				},
				{
					"name": "right_fingers",
					"parent": "right_arm3",
					"pivot": [-15.25, 15.5, -7.5]
				},
				{
					"name": "right_thumb",
					"parent": "right_fingers",
					"pivot": [-16.5, 14, -7.5],
					"rotation": [0, 0, 0],
					"cubes": [
						{"origin": [-18.5, 14, -7.5], "size": [2, 1, 0], "uv": [115, 4]}
					]
				},
				{
					"name": "right_finger1",
					"parent": "right_fingers",
					"pivot": [-16.5, 16.5, -7.5],
					"rotation": [0, 0, 0],
					"cubes": [
						{"origin": [-18.5, 16, -7.5], "size": [2, 1, 0], "uv": [115, 6]}
					]
				},
				{
					"name": "right_finger2",
					"parent": "right_fingers",
					"pivot": [-15, 17, -7.5],
					"rotation": [0, 0, 90],
					"cubes": [
						{"origin": [-17, 16, -7.5], "size": [2, 1, 0], "uv": [115, 5]}
					]
				},
				{
					"name": "chest_fur",
					"parent": "chest",
					"pivot": [0, 20.2, -9.5],
					"rotation": [-5, 0, 0],
					"cubes": [
						{"origin": [-4.5, 16.7, -10.5], "size": [9, 8, 2], "inflate": 0.01, "uv": [6, 23]}
					]
				},
				{
					"name": "neck",
					"parent": "chest_fur",
					"pivot": [0, 21, -11.5],
					"rotation": [5, 0, 0],
					"cubes": [
						{"origin": [-3, 18, -16], "size": [6, 6, 6], "uv": [29, 13]}
					]
				},
				{
					"name": "neck2",
					"parent": "neck",
					"pivot": [0, 21, -16],
					"cubes": [
						{"origin": [-3, 18, -23], "size": [6, 6, 8], "inflate": 0.01, "uv": [47, 4]}
					]
				},
				{
					"name": "head",
					"parent": "neck2",
					"pivot": [0, 21, -21],
					"cubes": [
						{"origin": [-4, 17.5, -26], "size": [8, 7, 5], "inflate": 0.01, "uv": [-1, -1]}
					]
				},
				{
					"name": "eyes",
					"parent": "head",
					"pivot": [0, 22, -23.5]
				},
				{
					"name": "eye_left",
					"parent": "eyes",
					"pivot": [4, 22, -23.5],
					"cubes": [
						{"origin": [4.03, 20.5, -24.5], "size": [0, 3, 3], "uv": [0, 44]}
					]
				},
				{
					"name": "pupil_left",
					"parent": "eye_left",
					"pivot": [4.02, 22, -23.5],
					"cubes": [
						{"origin": [4.04, 21, -24], "size": [0, 2, 1], "uv": [0, 51]}
					]
				},
				{
					"name": "pupil_closed_left",
					"parent": "eye_left",
					"pivot": [3.92, 22, -23.5],
					"cubes": [
						{"origin": [3.94, 21.5, -24.5], "size": [0, 1, 2], "uv": [2, 50]}
					]
				},
				{
					"name": "eyelid_left",
					"parent": "eye_left",
					"pivot": [3.44, 22, -23.5],
					"cubes": [
						{"origin": [2.94, 20.5, -25.5], "size": [1, 3, 4], "inflate": 0.01, "uv": [45, 85]}
					]
				},
				{
					"name": "eye_right",
					"parent": "eyes",
					"pivot": [-4, 22, -23.5],
					"cubes": [
						{"origin": [-4.03, 20.5, -24.5], "size": [0, 3, 3], "uv": [27, 44], "mirror": true}
					]
				},
				{
					"name": "pupil_right",
					"parent": "eye_right",
					"pivot": [-4.02, 22, -23.5],
					"cubes": [
						{"origin": [-4.04, 21, -24], "size": [0, 2, 1], "uv": [27, 51], "mirror": true}
					]
				},
				{
					"name": "pupil_closed_right",
					"parent": "eye_right",
					"pivot": [-3.92, 22, -23.5],
					"cubes": [
						{"origin": [-3.94, 21.5, -24.5], "size": [0, 1, 2], "uv": [29, 50], "mirror": true}
					]
				},
				{
					"name": "eyelid_right",
					"parent": "eye_right",
					"pivot": [-3.44, 22, -23.5],
					"cubes": [
						{"origin": [-3.94, 20.5, -25.5], "size": [1, 3, 4], "inflate": 0.01, "uv": [94, 35], "mirror": true}
					]
				},
				{
					"name": "muzzle",
					"parent": "head",
					"pivot": [0, 24.5, -26],
					"cubes": [
						{"origin": [-3, 19.5, -33], "size": [6, 5, 7], "inflate": 0.01, "uv": [25, 0]}
					]
				},
				{
					"name": "jaw",
					"parent": "head",
					"pivot": [0, 19.5, -26],
					"cubes": [
						{"origin": [-2, 17.5, -32.5], "size": [4, 2, 2], "uv": [20, 12]},
						{"origin": [-2.5, 17.5, -30.5], "size": [5, 2, 5], "uv": [1, 11]}
					]
				},
				{
					"name": "tongue",
					"parent": "jaw",
					"pivot": [0, 19.5, -27.25],
					"cubes": [
						{"origin": [-1.5, 18.75, -32.25], "size": [3, 1, 5], "uv": [71, 40]}
					]
				},
				{
					"name": "tail_fur",
					"parent": "torso",
					"pivot": [0, 20.7, 11],
					"rotation": [5, 0, 0],
					"cubes": [
						{"origin": [-4, 16.7, 8.5], "size": [8, 8, 4], "inflate": 0.01, "uv": [34, 60]}
					]
				},
				{
					"name": "tail",
					"parent": "tail_fur",
					"pivot": [0, 21.2, 12.5],
					"rotation": [-5, 0, 0],
					"cubes": [
						{"origin": [-2.5, 18.7, 11], "size": [5, 5, 10], "inflate": 0.02, "uv": [12, 77]}
					]
				},
				{
					"name": "tail2",
					"parent": "tail",
					"pivot": [0, 21.2, 21],
					"cubes": [
						{"origin": [-2.5, 19.2, 20], "size": [5, 4, 9], "inflate": 0.01, "uv": [32, 72]}
					]
				},
				{
					"name": "tail3",
					"parent": "tail2",
					"pivot": [0, 21.2, 29],
					"cubes": [
						{"origin": [-2, 19.2, 28], "size": [4, 4, 9], "uv": [51, 76]}
					]
				},
				{
					"name": "tail4",
					"parent": "tail3",
					"pivot": [0, 21.2, 37],
					"cubes": [
						{"origin": [-1.5, 19.7, 36], "size": [3, 3, 9], "inflate": 0.01, "uv": [68, 80]}
					]
				},
				{
					"name": "tail5",
					"parent": "tail4",
					"pivot": [0, 21.2, 45],
					"cubes": [
						{"origin": [-1, 20.2, 44], "size": [2, 2, 8], "inflate": 0.01, "uv": [83, 79]}
					]
				},
				{
					"name": "legs",
					"parent": "body",
					"pivot": [0, 20.2, 5]
				},
				{
					"name": "leg_left",
					"parent": "legs",
					"pivot": [4.75, 20.2, 4.5],
					"rotation": [-25, 0, 0],
					"cubes": [
						{"origin": [2.75, 7.2, 1], "size": [4, 14, 8], "inflate": 0.02, "uv": [0, 92]}
					]
				},
				{
					"name": "leg_left2",
					"parent": "leg_left",
					"pivot": [4.85, 7.2, 1.5],
					"rotation": [-10, 0, 0],
					"cubes": [
						{"origin": [3.35, 7.2, 1.5], "size": [3, 4, 11], "inflate": 0.01, "uv": [51, 89]}
					]
				},
				{
					"name": "leg_left3",
					"parent": "leg_left2",
					"pivot": [4.85, 11.2, 12.5],
					"rotation": [25, 0, 0],
					"cubes": [
						{"origin": [3.35, 4.2, 8.5], "size": [3, 7, 4], "uv": [99, 43]}
					]
				},
				{
					"name": "leg_fur_left",
					"parent": "leg_left3",
					"pivot": [4.85, 6.7, 10.5],
					"rotation": [-2.5, 0, 0],
					"cubes": [
						{"origin": [2.85, 5.7, 7.5], "size": [4, 2, 6], "inflate": 0.01, "uv": [26, 37]}
					]
				},
				{
					"name": "foot_left",
					"parent": "leg_left3",
					"pivot": [4.85, 4.2, 12.5],
					"rotation": [10, 0, 0],
					"cubes": [
						{"origin": [2.85, 4.2, 6.5], "size": [4, 2, 6], "uv": [5, 37]}
					]
				},
				{
					"name": "toes_left",
					"parent": "foot_left",
					"pivot": [4.85, 6.2, 6.5]
				},
				{
					"name": "toe_inner_left",
					"parent": "toes_left",
					"pivot": [3.35, 6.2, 6.5],
					"cubes": [
						{"origin": [2.85, 4.2, 4.5], "size": [1, 2, 2], "uv": [22, 92]}
					]
				},
				{
					"name": "toe_inner_left2",
					"parent": "toe_inner_left",
					"pivot": [3.35, 6.2, 4.5],
					"cubes": [
						{"origin": [3.35, 4.2, 2.5], "size": [0, 2, 2], "uv": [28, 94]}
					]
				},
				{
					"name": "toe_middle_left",
					"parent": "toes_left",
					"pivot": [4.85, 6.2, 6.5],
					"cubes": [
						{"origin": [4.35, 4.2, 3.5], "size": [1, 2, 3], "uv": [12, 82]}
					]
				},
				{
					"name": "toe_middle_left2",
					"parent": "toe_middle_left",
					"pivot": [4.85, 6.2, 3.5],
					"cubes": [
						{"origin": [4.85, 4.2, 1.5], "size": [0, 2, 2], "uv": [0, 94]}
					]
				},
				{
					"name": "toe_outer_left",
					"parent": "toes_left",
					"pivot": [6.35, 6.2, 6.5],
					"cubes": [
						{"origin": [5.85, 4.2, 4.5], "size": [1, 2, 2], "uv": [22, 92]}
					]
				},
				{
					"name": "toe_outer_left2",
					"parent": "toe_outer_left",
					"pivot": [6.35, 6.2, 4.5],
					"cubes": [
						{"origin": [6.35, 4.2, 2.5], "size": [0, 2, 2], "uv": [28, 94]}
					]
				},
				{
					"name": "leg_right",
					"parent": "legs",
					"pivot": [-4.75, 20.2, 4.5],
					"rotation": [-25, 0, 0],
					"cubes": [
						{"origin": [-6.75, 7.2, 1], "size": [4, 14, 8], "inflate": 0.02, "uv": [24, 92], "mirror": true}
					]
				},
				{
					"name": "leg_right2",
					"parent": "leg_right",
					"pivot": [-4.75, 7.2, 1.5],
					"rotation": [-10, 0, 0],
					"cubes": [
						{"origin": [-6.25, 7.2, 1.5], "size": [3, 4, 11], "inflate": 0.01, "uv": [91, 99], "mirror": true}
					]
				},
				{
					"name": "leg_right3",
					"parent": "leg_right2",
					"pivot": [-4.75, 11.2, 12.5],
					"rotation": [25, 0, 0],
					"cubes": [
						{"origin": [-6.25, 4.2, 8.5], "size": [3, 7, 4], "uv": [113, 43], "mirror": true}
					]
				},
				{
					"name": "leg_fur_right",
					"parent": "leg_right3",
					"pivot": [-4.75, 6.7, 10.5],
					"rotation": [-2.5, 0, 0],
					"cubes": [
						{"origin": [-6.75, 5.7, 7.5], "size": [4, 2, 6], "inflate": 0.01, "uv": [74, 100], "mirror": true}
					]
				},
				{
					"name": "foot_right",
					"parent": "leg_right3",
					"pivot": [-4.75, 4.2, 12.5],
					"rotation": [10, 0, 0],
					"cubes": [
						{"origin": [-6.75, 4.2, 6.5], "size": [4, 2, 6], "uv": [48, 104], "mirror": true}
					]
				},
				{
					"name": "toes_right",
					"parent": "foot_right",
					"pivot": [-4.75, 6.2, 6.5]
				},
				{
					"name": "toe_inner_right",
					"parent": "toes_right",
					"pivot": [-3.25, 6.2, 6.5],
					"cubes": [
						{"origin": [-3.75, 4.2, 4.5], "size": [1, 2, 2], "uv": [22, 96], "mirror": true}
					]
				},
				{
					"name": "toe_inner_right2",
					"parent": "toe_inner_right",
					"pivot": [-3.25, 6.2, 4.5],
					"cubes": [
						{"origin": [-3.25, 4.2, 2.5], "size": [0, 2, 2], "uv": [28, 96], "mirror": true}
					]
				},
				{
					"name": "toe_middle_right",
					"parent": "toes_right",
					"pivot": [-4.75, 6.2, 6.5],
					"cubes": [
						{"origin": [-5.25, 4.2, 3.5], "size": [1, 2, 3], "uv": [0, 91], "mirror": true}
					]
				},
				{
					"name": "toe_middle_right2",
					"parent": "toe_middle_right",
					"pivot": [-4.75, 6.2, 3.5],
					"cubes": [
						{"origin": [-4.75, 4.2, 1.5], "size": [0, 2, 2], "uv": [0, 96], "mirror": true}
					]
				},
				{
					"name": "toe_outer_right",
					"parent": "toes_right",
					"pivot": [-6.25, 6.2, 6.5],
					"cubes": [
						{"origin": [-6.75, 4.2, 4.5], "size": [1, 2, 2], "uv": [22, 96], "mirror": true}
					]
				},
				{
					"name": "toe_outer_right2",
					"parent": "toe_outer_right",
					"pivot": [-6.25, 6.2, 4.5],
					"cubes": [
						{"origin": [-6.25, 4.2, 2.5], "size": [0, 2, 2], "uv": [28, 96], "mirror": true}
					]
				}
			]
		}
	]
}