{
	"format_version": "1.8.0",
	"animations": {
		"animation.jellynit.ground_idle": {
			"loop": true,
			"bones": {
				"body": {
					"position": [0, "-0.5+math.abs(math.sin(query.anim_time * 360) * 0.75)", 0]
				},
				"torso": {
					"rotation": [0, "math.sin((query.anim_time -0.2) * 360) * 4", "math.cos(query.anim_time * 360) * 4"]
				},
				"head": {
					"rotation": [0, "math.sin((query.anim_time -0.4) * 360) * 2", "math.cos((query.anim_time -0.2) * 360) * 4"]
				},
				"tail": {
					"rotation": [0, "math.cos((query.anim_time -0.2) * 360) * 12", "math.sin((query.anim_time -0.4) * 360) * 7"]
				},
				"tail2": {
					"rotation": [0, "math.cos((query.anim_time -0.4) * 360) * 8", 0]
				},
				"tail3": {
					"rotation": [0, "math.cos((query.anim_time -0.6) * 360) * 15", 0]
				},
				"tail4": {
					"rotation": [0, "math.cos((query.anim_time -0.7) * 360) * 20", 0]
				},
				"leg_right": {
					"rotation": ["-12.5+math.abs(math.sin(query.anim_time * 360) * 12)", 0, 0]
				},
				"leg_left": {
					"rotation": ["-12.5+math.abs(math.sin(query.anim_time * 360) * 12)", 0, 0]
				},
				"ear_left": {
					"rotation": [0, 0, "math.cos((query.anim_time -0.3) * 360) * 4"]
				},
				"ear_right": {
					"rotation": [0, 0, "math.cos((query.anim_time -0.35) * 360) * 4"]
				}
			}
		},
		"animation.jellynit.ground_walk": {
			"loop": true,
			"animation_length": 0.75,
			"bones": {
				"body": {
					"rotation": ["math.sin((query.anim_time -0.2) * ((360 / 0.75) *2)) * 2", 0, 0],
					"position": {
						"0.0": {
							"post": [0, 0.5, 0],
							"lerp_mode": "catmullrom"
						},
						"0.125": {
							"post": [0, 0, 0],
							"lerp_mode": "catmullrom"
						},
						"0.3333": {
							"post": [0, 0, 0],
							"lerp_mode": "catmullrom"
						},
						"0.4167": {
							"post": [0, 0.5, 0],
							"lerp_mode": "catmullrom"
						},
						"0.5417": {
							"post": [0, 0, 0],
							"lerp_mode": "catmullrom"
						},
						"0.6667": {
							"post": [0, 0, 0],
							"lerp_mode": "catmullrom"
						},
						"0.75": {
							"post": [0, 0.5, 0],
							"lerp_mode": "catmullrom"
						}
					}
				},
				"torso": {
					"rotation": {
						"0.0": {
							"post": [0, -2.5, -5],
							"lerp_mode": "catmullrom"
						},
						"0.375": {
							"post": [0, 2.5, 5],
							"lerp_mode": "catmullrom"
						},
						"0.75": {
							"post": [0, -2.5, -5],
							"lerp_mode": "catmullrom"
						}
					},
					"position": {
						"0.0": {
							"post": [0, 0.5, 0],
							"lerp_mode": "catmullrom"
						},
						"0.1667": {
							"post": [0, 0, 0],
							"lerp_mode": "catmullrom"
						},
						"0.375": {
							"post": [0, 0.5, 0],
							"lerp_mode": "catmullrom"
						},
						"0.5833": {
							"post": [0, 0, 0],
							"lerp_mode": "catmullrom"
						},
						"0.75": {
							"post": [0, 0.5, 0],
							"lerp_mode": "catmullrom"
						}
					}
				},
				"head": {
					"rotation": ["math.sin((query.anim_time -0.35) * ((360 / 0.75) *2)) * 3.5", 0, 0]
				},
				"tail": {
					"rotation": [
						"math.sin((query.anim_time -0.35) * ((360 / 0.75) *2)) * 5",
						"math.cos((query.anim_time -0.1) * (360 / 0.75)) * 12",
						"math.sin((query.anim_time -0.2) * (360 / 0.75)) * 7"
					]
				},
				"tail2": {
					"rotation": ["math.sin((query.anim_time -0.4) * ((360 / 0.75) *2))", "math.cos((query.anim_time -0.2) * (360 / 0.75)) * 8", 0]
				},
				"tail3": {
					"rotation": ["math.sin((query.anim_time -0.5) * ((360 / 0.75) *2))", "math.cos((query.anim_time -0.35) * (360 / 0.75)) * 15", 0]
				},
				"tail4": {
					"rotation": ["math.sin((query.anim_time -0.4) * ((360 / 0.75) *2))", "math.cos((query.anim_time -0.5) * (360 / 0.75)) * 20", 0]
				},
				"leg_right": {
					"rotation": {
						"0.0": {
							"post": [-12.5, 0, 0],
							"lerp_mode": "catmullrom"
						},
						"0.1667": {
							"post": [-2.04154, 8.83747, 11.00845],
							"lerp_mode": "catmullrom"
						},
						"0.2917": {
							"post": [-18.55, 2.24, 2.8],
							"lerp_mode": "catmullrom"
						},
						"0.375": {
							"post": [5, 0, 0],
							"lerp_mode": "catmullrom"
						},
						"0.5417": {
							"post": [-12.5, 0, 0],
							"lerp_mode": "catmullrom"
						},
						"0.75": {
							"post": [-12.5, 0, 0],
							"lerp_mode": "catmullrom"
						}
					},
					"position": {
						"0.0": {
							"post": [0, -0.5, 1.25],
							"lerp_mode": "catmullrom"
						},
						"0.1667": {
							"post": [0, -0.25, 1.5],
							"lerp_mode": "catmullrom"
						},
						"0.375": {
							"post": [0, 0, 0],
							"lerp_mode": "catmullrom"
						},
						"0.5417": {
							"post": [0, -0.5, 0.5],
							"lerp_mode": "catmullrom"
						},
						"0.75": {
							"post": [0, -0.5, 1.25],
							"lerp_mode": "catmullrom"
						}
					}
				},
				"leg_left": {
					"rotation": {
						"0.0": {
							"post": [5, 0, 0],
							"lerp_mode": "catmullrom"
						},
						"0.1667": {
							"post": [-12.5, 0, 0],
							"lerp_mode": "catmullrom"
						},
						"0.375": {
							"post": [-12.5, 0, 0],
							"lerp_mode": "catmullrom"
						},
						"0.5417": {
							"post": [-2.04154, -8.83747, -11.00845],
							"lerp_mode": "catmullrom"
						},
						"0.6667": {
							"post": [-18.55, -2.24, -2.8],
							"lerp_mode": "catmullrom"
						},
						"0.75": {
							"post": [5, 0, 0],
							"lerp_mode": "catmullrom"
						}
					},
					"position": {
						"0.0": {
							"post": [0, 0, 0],
							"lerp_mode": "catmullrom"
						},
						"0.1667": {
							"post": [0, -0.5, 0.5],
							"lerp_mode": "catmullrom"
						},
						"0.375": {
							"post": [0, -0.5, 1.25],
							"lerp_mode": "catmullrom"
						},
						"0.5417": {
							"post": [0, 0.25, 1.5],
							"lerp_mode": "catmullrom"
						},
						"0.75": {
							"post": [0, 0, 0],
							"lerp_mode": "catmullrom"
						}
					}
				},
				"ear_left": {
					"rotation": ["math.sin((query.anim_time -0.4) * ((360 / 0.75) *2)) * 2", 0, 0]
				},
				"ear_right": {
					"rotation": ["math.sin((query.anim_time -0.4) * ((360 / 0.75) *2)) * 2", 0, 0]
				}
			}
		},
		"animation.jellynit.sleep": {
			"loop": true,
			"bones": {
				"body": {
					"position": [0, -1, 0]
				},
				"torso": {
					"rotation": ["7.5-math.sin(query.anim_time * 90) * 3", 0, "math.cos(query.anim_time * (90/2)) * 3"]
				},
				"head": {
					"rotation": ["27.5-math.sin((query.anim_time -0.4) * 90) * 6", 0, "math.cos((query.anim_time -0.5) * (90/2)) * 3"]
				},
				"eye_right": {
					"position": [0, 0, 1]
				},
				"eye_left": {
					"position": [0, 0, 1]
				},
				"tail": {
					"rotation": [-5, "math.cos((query.anim_time -0.2) * 90) * 12", "math.sin((query.anim_time -0.4) * 90) * 7"]
				},
				"tail2": {
					"rotation": [0, "math.cos((query.anim_time -0.4) * 90) * 8", 0]
				},
				"tail3": {
					"rotation": [0, "math.cos((query.anim_time -0.6) * 90) * 15", 0]
				},
				"tail4": {
					"rotation": [0, "math.cos((query.anim_time -0.7) * 90) * 20", 0]
				},
				"leg_right": {
					"rotation": ["-55-math.sin((query.anim_time -0.95) * 90) * 3", 0, 0],
					"position": [0, 0.5, -1.5]
				},
				"leg_left": {
					"rotation": ["-55-math.sin((query.anim_time -0.8) * 90) * 3", 0, 0],
					"position": [0, 0.5, -1.5]
				},
				"ear_left": {
					"rotation": ["60-math.sin((query.anim_time -0.6) * 90) * 6", 0, 0]
				},
				"ear_right": {
					"rotation": ["60-math.sin((query.anim_time -0.7) * 90) * 6", 0, 0]
				}
			}
		},
		"animation.jellynit.blink": {
			"animation_length": 0.125,
			"bones": {
				"eye_right": {
					"position": {
						"0.0833": [0, 0, 1],
						"0.125": [0, 0, 0]
					}
				},
				"eye_left": {
					"position": {
						"0.0833": [0, 0, 1],
						"0.125": [0, 0, 0]
					}
				}
			}
		},
		"animation.jellynit.water_swim": {
			"loop": true,
			"bones": {
				"body": {
					"rotation": ["62.5-math.cos((query.anim_time -0.1) * 720) * 6", 0, "-math.sin((query.anim_time -0.15) * 360) * 4"],
					"position": [
						"-math.cos((query.anim_time -0.1) * 360) * 1",
						"-math.sin((query.anim_time -0.2) * 720) * 0.5",
						"-math.cos((query.anim_time -0.2) * 720) * 0.5"
					]
				},
				"torso": {
					"rotation": [0, "-math.cos((query.anim_time -0.1) * 360) * 10", "math.sin((query.anim_time -0.2) * 360) * 10"]
				},
				"head": {
					"rotation": [
						"-27.5-math.cos((query.anim_time -0.7) * 720) * 6",
						"-math.cos((query.anim_time -0.2) * 360) * 5",
						"math.sin((query.anim_time -0.4) * 360) * 5"
					]
				},
				"ear_left": {
					"rotation": [0, "-math.cos((query.anim_time -0.4) * 360) * 2", "math.sin((query.anim_time -0.6) * 360) * 3"]
				},
				"ear_right": {
					"rotation": [0, "math.cos((query.anim_time -0.4) * 360) * 2", "math.sin((query.anim_time -0.6) * 360) * 3"]
				},
				"tail": {
					"rotation": [
						"-60-math.cos((query.anim_time -0.3) * 720) * 6",
						"-math.cos((query.anim_time -0.2) * 360) * 35",
						"math.sin((query.anim_time -0.4) * 360) * 26"
					],
					"position": [0, 0, -1]
				},
				"tail2": {
					"rotation": ["-math.cos((query.anim_time -0.5) * 720)", "-math.cos((query.anim_time -0.4) * 360) * 30", 0]
				},
				"tail3": {
					"rotation": ["-math.cos((query.anim_time -0.7) * 720)", "-math.cos((query.anim_time -0.6) * 360) * 35", 0]
				},
				"tail4": {
					"rotation": ["-math.cos((query.anim_time -0.9) * 720)", "-math.cos((query.anim_time -0.7) * 360) * 55", 0]
				},
				"leg_right": {
					"rotation": ["15-math.sin(query.anim_time * 360) * 55", "math.sin((query.anim_time -0.2) * 360) * 20", 0],
					"position": [0, "math.sin(query.anim_time * 360) * 0.75", "-0.5+math.cos((query.anim_time +0.1) * 360) * 1"]
				},
				"leg_left": {
					"rotation": ["15+math.sin(query.anim_time * 360) * 55", "math.sin((query.anim_time -0.2) * 360) * 20", 0],
					"position": [0, "-math.sin(query.anim_time * 360) * 0.75", "-0.5-math.cos((query.anim_time +0.1) * 360) * 1"]
				}
			}
		},
		"animation.jellynit.water_idle": {
			"loop": true,
			"bones": {
				"body": {
					"rotation": ["40-math.cos((query.anim_time -0.1) * 360) * 6", 0, "-math.sin((query.anim_time -0.15) * 180) * 4"],
					"position": [
						"-math.cos((query.anim_time -0.1) * 180) * 0.5",
						"-math.sin((query.anim_time -0.2) * 360) * 0.25",
						"-math.cos((query.anim_time -0.2) * 360) * 0.25"
					]
				},
				"torso": {
					"rotation": [0, "-math.cos((query.anim_time -0.1) * 180) * 5", "math.sin((query.anim_time -0.2) * 180) * 10"]
				},
				"head": {
					"rotation": [
						"-27.5-math.cos((query.anim_time -0.7) * 360) * 6",
						"-math.cos((query.anim_time -0.2) * 180) * 2",
						"math.sin((query.anim_time -0.4) * 180) * 5"
					]
				},
				"ear_left": {
					"rotation": [0, "-math.cos((query.anim_time -0.4) * 180) * 2", "math.sin((query.anim_time -0.6) * 180) * 3"]
				},
				"ear_right": {
					"rotation": [0, "math.cos((query.anim_time -0.4) * 180) * 2", "math.sin((query.anim_time -0.6) * 180) * 3"]
				},
				"tail": {
					"rotation": [
						"-27.5-math.cos((query.anim_time -0.3) * 360) * 2",
						"-math.cos((query.anim_time -0.2) * 180) * 15",
						"math.sin((query.anim_time -0.4) * 180) * 2"
					]
				},
				"tail2": {
					"rotation": ["-math.cos((query.anim_time -0.5) * 360)", "-math.cos((query.anim_time -0.4) * 180) * 22", 0]
				},
				"tail3": {
					"rotation": ["-math.cos((query.anim_time -0.7) * 360)", "-math.cos((query.anim_time -0.6) * 180) * 22", 0]
				},
				"tail4": {
					"rotation": ["-math.cos((query.anim_time -0.9) * 360)", "-math.cos((query.anim_time -0.7) * 180) * 25", 0]
				},
				"leg_right": {
					"rotation": ["5+math.sin(query.anim_time * 360) * 15", "-(math.sin((query.anim_time -0.2) * 360) * 6)", 0]
				},
				"leg_left": {
					"rotation": ["5+math.sin(query.anim_time * 360) * 15", "math.sin((query.anim_time -0.2) * 360) * 6", 0]
				}
			}
		},
		"animation.jellynit.cry": {
			"animation_length": 1.25,
			"bones": {
				"torso": {
					"rotation": {
						"0.0": {
							"post": [0, 0, 0],
							"lerp_mode": "catmullrom"
						},
						"0.125": {
							"post": [5, 0, 0],
							"lerp_mode": "catmullrom"
						},
						"0.2917": {
							"post": [-5, 0, 0],
							"lerp_mode": "catmullrom"
						},
						"0.8333": {
							"post": [-10, 0, 0],
							"lerp_mode": "catmullrom"
						},
						"1.0417": {
							"post": [5, 0, 0],
							"lerp_mode": "catmullrom"
						},
						"1.2083": {
							"post": [0, 0, 0],
							"lerp_mode": "catmullrom"
						}
					}
				},
				"head": {
					"rotation": {
						"0.0": {
							"post": [0, 0, 0],
							"lerp_mode": "catmullrom"
						},
						"0.1667": {
							"post": [15, 0, 0],
							"lerp_mode": "catmullrom"
						},
						"0.375": {
							"post": [-5, 0, 0],
							"lerp_mode": "catmullrom"
						},
						"0.7917": {
							"post": [-12.5, 0, 0],
							"lerp_mode": "catmullrom"
						},
						"1.0": {
							"post": [17.5, 0, 0],
							"lerp_mode": "catmullrom"
						},
						"1.2083": {
							"post": [0, 0, 0],
							"lerp_mode": "catmullrom"
						}
					}
				},
				"ear_left": {
					"rotation": {
						"0.0": {
							"post": [0, 0, 0],
							"lerp_mode": "catmullrom"
						},
						"0.1667": {
							"post": [12.5, 0, 0],
							"lerp_mode": "catmullrom"
						},
						"0.3333": {
							"post": [-5, 0, 0],
							"lerp_mode": "catmullrom"
						},
						"0.9167": {
							"post": [-17.5, 0, 0],
							"lerp_mode": "catmullrom"
						},
						"1.125": {
							"post": [17.5, 0, 0],
							"lerp_mode": "catmullrom"
						},
						"1.25": {
							"post": [0, 0, 0],
							"lerp_mode": "catmullrom"
						}
					}
				},
				"ear_right": {
					"rotation": {
						"0.0": {
							"post": [0, 0, 0],
							"lerp_mode": "catmullrom"
						},
						"0.1667": {
							"post": [12.5, 0, 0],
							"lerp_mode": "catmullrom"
						},
						"0.3333": {
							"post": [-5, 0, 0],
							"lerp_mode": "catmullrom"
						},
						"0.9167": {
							"post": [-17.5, 0, 0],
							"lerp_mode": "catmullrom"
						},
						"1.125": {
							"post": [17.5, 0, 0],
							"lerp_mode": "catmullrom"
						},
						"1.25": {
							"post": [0, 0, 0],
							"lerp_mode": "catmullrom"
						}
					}
				},
				"mouth": {
					"scale": {
						"0.0417": {
							"pre": [1, 1, 1],
							"post": [1, 1, 1],
							"lerp_mode": "catmullrom"
						},
						"0.125": {
							"post": [1, 0.2, 1],
							"lerp_mode": "catmullrom"
						},
						"0.25": {
							"post": [1, 1, 1],
							"lerp_mode": "catmullrom"
						},
						"0.875": {
							"post": [1, 1.2, 1],
							"lerp_mode": "catmullrom"
						},
						"1.0417": {
							"post": [1, 0.2, 1],
							"lerp_mode": "catmullrom"
						},
						"1.2083": {
							"post": [1, 1, 1],
							"lerp_mode": "catmullrom"
						}
					}
				}
			},
			"sound_effects": {
				"0.2917": {
					"effect": "pokemon.jellynit.cry"
				}
			}
		}
	}
}