{
	"format_version": "1.12.0",
	"minecraft:geometry": [
		{
			"description": {
				"identifier": "geometry.squelio",
				"texture_width": 64,
				"texture_height": 64,
				"visible_bounds_width": 3,
				"visible_bounds_height": 3.5,
				"visible_bounds_offset": [0, 1.25, 0]
			},
			"bones": [
				{
					"name": "squelio",
					"pivot": [0, 0, 0]
				},
				{
					"name": "head",
					"parent": "squelio",
					"pivot": [0, 11, 0]
				},
				{
					"name": "face",
					"parent": "head",
					"pivot": [0, 11, 0],
					"cubes": [
						{"origin": [-5, 11, -4], "size": [10, 14, 8], "uv": [0, 0]},
						{"origin": [-8, 21, 0], "size": [16, 14, 0], "uv": [3, 25]},
						{"origin": [-2.5, 13, -6], "size": [5, 5, 3], "uv": [43, 5]}
					]
				},
				{
					"name": "bone2",
					"parent": "squelio",
					"pivot": [0, 11, 0],
					"cubes": [
						{"origin": [-2, 5, -2], "size": [4, 6, 4], "uv": [41, 16]}
					]
				},
				{
					"name": "bone3",
					"parent": "bone2",
					"pivot": [0, 5, 0],
					"cubes": [
						{"origin": [-1.5, 0, -1.5], "size": [3, 5, 3], "uv": [43, 30]}
					]
				},
				{
					"name": "bone4",
					"parent": "squelio",
					"pivot": [3, 12, 0],
					"rotation": [0, 0, -22.5],
					"cubes": [
						{"origin": [1, 6, -2], "size": [4, 6, 4], "uv": [41, 16]}
					]
				},
				{
					"name": "bone5",
					"parent": "bone4",
					"pivot": [3, 6, 0],
					"cubes": [
						{"origin": [1.5, 1, -1.5], "size": [3, 5, 3], "uv": [43, 30]}
					]
				},
				{
					"name": "bone10",
					"parent": "squelio",
					"pivot": [4, 13, 0],
					"rotation": [0, 0, -67.5],
					"cubes": [
						{"origin": [2, 7, -2], "size": [4, 6, 4], "uv": [41, 16]}
					]
				},
				{
					"name": "bone11",
					"parent": "bone10",
					"pivot": [4, 7, 0],
					"cubes": [
						{"origin": [2.5, 2, -1.5], "size": [3, 5, 3], "uv": [43, 30]}
					]
				},
				{
					"name": "bone6",
					"parent": "squelio",
					"pivot": [-3, 12, 0],
					"rotation": [0, 0, 22.5],
					"cubes": [
						{"origin": [-5, 6, -2], "size": [4, 6, 4], "uv": [41, 16], "mirror": true}
					]
				},
				{
					"name": "bone8",
					"parent": "bone6",
					"pivot": [-3, 6, 0],
					"cubes": [
						{"origin": [-4.5, 1, -1.5], "size": [3, 5, 3], "uv": [43, 30], "mirror": true}
					]
				},
				{
					"name": "bone7",
					"parent": "squelio",
					"pivot": [-4, 13, 0],
					"rotation": [0, 0, 67.5],
					"cubes": [
						{"origin": [-6, 7, -2], "size": [4, 6, 4], "uv": [41, 16], "mirror": true}
					]
				},
				{
					"name": "bone9",
					"parent": "bone7",
					"pivot": [-4, 7, 0],
					"cubes": [
						{"origin": [-5.5, 2, -1.5], "size": [3, 5, 3], "uv": [43, 30], "mirror": true}
					]
				}
			]
		}
	]
}