{
	"format_version": "1.12.0",
	"minecraft:geometry": [
		{
			"description": {
				"identifier": "geometry.unknown",
				"texture_width": 64,
				"texture_height": 64,
				"visible_bounds_width": 6,
				"visible_bounds_height": 2.5,
				"visible_bounds_offset": [0, 0.75, 0]
			},
			"bones": [
				{
					"name": "fenskito",
					"pivot": [0, 0, 0]
				},
				{
					"name": "body",
					"parent": "fenskito",
					"pivot": [0, 10.3, 0],
					"cubes": [
						{"origin": [-3, 9.55, -2.5], "size": [6, 4, 5], "uv": [23, 8]},
						{"origin": [-2.5, 8.55, -2.5], "size": [5, 1, 5], "uv": [21, 1]}
					]
				},
				{
					"name": "head",
					"parent": "body",
					"pivot": [-0.19687, 13.55, 0.0375],
					"cubes": [
						{"origin": [-3.5, 13.55, -3.5], "size": [7, 6, 7], "uv": [0, 0]},
						{"origin": [-2.075, 13.375, -3.475], "size": [1, 1, 0], "pivot": [-1.575, 13.875, -3.475], "rotation": [-6.92766, 6.87757, 44.58321], "uv": [0, 6]},
						{"origin": [0.225, 15.05, -3.525], "size": [3, 2, 0], "pivot": [1.725, 16.05, -3.525], "rotation": [0, 0, -2.5], "uv": [0, 13]},
						{"origin": [-3.225, 15.05, -3.525], "size": [3, 2, 0], "pivot": [-1.725, 16.05, -3.525], "rotation": [0, 0, 2.5], "uv": [0, 15]},
						{"origin": [-4, 17.05, -3.475], "size": [8, 3, 7], "uv": [0, 13]},
						{"origin": [-4, 17.225, -3.525], "size": [8, 3, 0], "uv": [12, 35]},
						{"origin": [-3.5, 19.55, -3.5], "size": [7, 1, 7], "uv": [0, 23]},
						{"origin": [1.075, 19.55, 0.025], "size": [5, 2, 0], "pivot": [3.575, 20.55, 0.025], "rotation": [0, 0, -27.5], "uv": [14, 49]},
						{"origin": [-2, 19.05, 2.525], "size": [4, 3, 4], "uv": [24, 28]}
					]
				},
				{
					"name": "rightwing",
					"parent": "body",
					"pivot": [-2.75, 12.05, 2.50705],
					"cubes": [
						{"origin": [-2.75, 10.55, 2.5], "size": [0, 3, 4], "pivot": [-2.75, 12.05, 2.5], "rotation": [0, -30, 0], "uv": [20, 34]}
					]
				},
				{
					"name": "leftwing",
					"parent": "body",
					"pivot": [2.75, 12.05, 2.50705],
					"cubes": [
						{"origin": [2.75, 10.55, 2.5], "size": [0, 3, 4], "pivot": [2.75, 12.05, 2.5], "rotation": [0, 30, 0], "uv": [0, 35]}
					]
				},
				{
					"name": "abdomen",
					"parent": "body",
					"pivot": [0, 8.49142, 0.76822],
					"cubes": [
						{"origin": [-1.75, 4.8, -2.3], "size": [3.5, 5.5, 4.75], "pivot": [0, 9.1, 2.45], "rotation": [20.5, 0, 0], "uv": [26, 19]}
					]
				},
				{
					"name": "arm_left",
					"parent": "body",
					"pivot": [2.95, 12.175, 0],
					"cubes": [
						{"origin": [3, 9.575, 1], "size": [6, 4, 0], "uv": [36, 1]},
						{"origin": [3, 12.55, -0.5], "size": [6, 1, 1], "uv": [40, 8]},
						{"origin": [3, 13.575, -1], "size": [6, 0, 2], "uv": [21, 17]},
						{"origin": [3, 7.575, -1], "size": [6, 6, 0], "uv": [28, 35]}
					]
				},
				{
					"name": "arm_left2",
					"parent": "arm_left",
					"pivot": [9.00434, 11.92088, 0],
					"cubes": [
						{"origin": [9, 12.55, -0.5], "size": [6, 1, 1], "uv": [40, 6]},
						{"origin": [12.80644, 19.52674, -0.5], "size": [1, 1, 1], "pivot": [-3.61414, 11.5255, 0.44921], "rotation": [0, 0, 22.5], "uv": [3, 5]},
						{"origin": [9, 5.575, -1], "size": [6, 8, 0], "uv": [0, 31]},
						{"origin": [9, 13.575, -1], "size": [6, 0, 2], "uv": [10, 31]},
						{"origin": [9, 7.6, 1], "size": [6, 6, 0], "uv": [36, 17]}
					]
				},
				{
					"name": "arm_right",
					"parent": "body",
					"pivot": [-2.975, 13.05, 0],
					"cubes": [
						{"origin": [-9, 12.55, -0.5], "size": [6, 1, 1], "uv": [36, 30]}
					]
				},
				{
					"name": "arm_right2",
					"parent": "arm_right",
					"pivot": [-9, 13.05, 0],
					"cubes": [
						{"origin": [-15, 12.55, -0.5], "size": [6, 1, 1], "uv": [36, 28]}
					]
				},
				{
					"name": "arm_right3",
					"parent": "arm_right2",
					"pivot": [-15.025, 13.05, 0],
					"cubes": [
						{"origin": [-33, 12.55, 0], "size": [18, 1, 0], "uv": [21, 0]},
						{"origin": [-15, 11.05, -2], "size": [0, 4, 4], "uv": [12, 34]},
						{"origin": [-15, 10.05, 0], "size": [1, 6, 0], "pivot": [-14.5, 13.05, 0], "rotation": [0, 0, 0], "uv": [0, 0]},
						{"origin": [-15, 10.05, 0], "size": [1, 6, 0], "pivot": [-14.5, 13.05, 0], "rotation": [-90, 0, 0], "uv": [2, 0]}
					]
				},
				{
					"name": "leg_back_right",
					"parent": "body",
					"pivot": [-2.1439, 8.75098, 1.91892],
					"cubes": [
						{"origin": [-1.85616, 4.68978, -0.54741], "size": [1, 4, 0], "pivot": [-3.61414, 11.5255, 0.44921], "rotation": [27.5, -37.5, 0], "uv": [2, 23]}
					]
				},
				{
					"name": "leg_back_right2",
					"parent": "leg_back_right",
					"pivot": [-3.61414, 11.5255, 0.44921],
					"cubes": [
						{"origin": [-1.85616, 0.001, 2.72159], "size": [1, 5, 0], "pivot": [-3.61414, 11.5255, 0.44921], "rotation": [0, -37.5, 0], "uv": [4, 0]}
					]
				},
				{
					"name": "leg_back_left",
					"parent": "body",
					"pivot": [1.9439, 8.82598, 2.06892],
					"cubes": [
						{"origin": [-0.63754, 2.65795, 3.3557], "size": [1, 4, 0], "pivot": [-3.61414, 11.5255, 0.44921], "rotation": [27.5, 37.5, 0], "uv": [4, 23]}
					]
				},
				{
					"name": "leg_back_left2",
					"parent": "leg_back_left",
					"pivot": [-3.61414, 11.5255, 0.44921],
					"cubes": [
						{"origin": [-0.63754, 0.001, 7.12188], "size": [1, 5, 0], "pivot": [-3.61414, 11.5255, 0.44921], "rotation": [0, 37.5, 0], "uv": [21, 1]}
					]
				},
				{
					"name": "leg_front_right",
					"parent": "body",
					"pivot": [-2.0439, 8.75098, -2.14392],
					"cubes": [
						{"origin": [-1.30923, 4.36066, 0.8136], "size": [1, 4, 0], "pivot": [-3.61414, 11.5255, 0.44921], "rotation": [-27.5, 37.5, 0], "uv": [23, 23]}
					]
				},
				{
					"name": "leg_front_right2",
					"parent": "leg_front_right",
					"pivot": [-3.61414, 11.5255, 0.44921],
					"cubes": [
						{"origin": [-1.30923, 0.001, -2.53593], "size": [1, 5, 0], "pivot": [-3.61414, 11.5255, 0.44921], "rotation": [0, 37.5, 0], "uv": [23, 1]}
					]
				},
				{
					"name": "leg_front_left",
					"parent": "body",
					"pivot": [1.9939, 8.67598, -2.06892],
					"cubes": [
						{"origin": [-1.18447, 2.32883, -3.08951], "size": [1, 4, 0], "pivot": [-3.61414, 11.5255, 0.44921], "rotation": [-27.5, -37.5, 0], "uv": [21, 23]}
					]
				},
				{
					"name": "leg_front_left2",
					"parent": "leg_front_left",
					"pivot": [-3.61414, 11.5255, 0.44921],
					"cubes": [
						{"origin": [-1.18447, 0.001, -6.93623], "size": [1, 5, 0], "pivot": [-3.61414, 11.5255, 0.44921], "rotation": [0, -37.5, 0], "uv": [0, 23]}
					]
				}
			]
		}
	]
}