{
	"format_version": "1.12.0",
	"minecraft:geometry": [
		{
			"description": {
				"identifier": "geometry.amalgawn",
				"texture_width": 64,
				"texture_height": 64,
				"visible_bounds_width": 4,
				"visible_bounds_height": 2.5,
				"visible_bounds_offset": [0, 0.75, 0]
			},
			"bones": [
				{
					"name": "amalgawn",
					"pivot": [0, 0, 0]
				},
				{
					"name": "body",
					"parent": "amalgawn",
					"pivot": [0, 5, -2]
				},
				{
					"name": "uppertorso",
					"parent": "body",
					"pivot": [0, 4.42857, 0.92857],
					"cubes": [
						{"origin": [-3, 3, -4], "size": [6, 4, 5], "uv": [0, 7]},
						{"origin": [1.5, 7, -3.25], "size": [1, 1, 2], "uv": [0, 40]},
						{"origin": [1.5, 8, -3.25], "size": [1, 1, 1], "uv": [16, 40]},
						{"origin": [0.5, 7, -0.25], "size": [1, 1, 1], "uv": [20, 40]},
						{"origin": [-2.5, 7, -3.25], "size": [1, 1, 2], "uv": [6, 40]},
						{"origin": [-2.5, 8, -3.25], "size": [1, 1, 1], "uv": [24, 40]},
						{"origin": [-1.5, 7, -0.25], "size": [1, 1, 1], "uv": [32, 41]}
					]
				},
				{
					"name": "head",
					"parent": "uppertorso",
					"pivot": [0, 3.85058, -3.17957],
					"cubes": [
						{"origin": [-2, 2.75, -6], "size": [4, 3, 3], "uv": [0, 24]},
						{"origin": [-1, 3.75, -7], "size": [2, 3, 2], "pivot": [0, 5.75, -6.5], "rotation": [20, 0, 0], "uv": [34, 34]}
					]
				},
				{
					"name": "whisker1",
					"parent": "head",
					"pivot": [2, 2.75, -5.5],
					"cubes": [
						{"origin": [2, 2.75, -6], "size": [7, 0, 1], "uv": [22, 14]}
					]
				},
				{
					"name": "lowerwhisker",
					"parent": "whisker1",
					"pivot": [9, 2.75, -5.5],
					"cubes": [
						{"origin": [9, 2.75, -6], "size": [7, 0, 1], "uv": [32, 4]}
					]
				},
				{
					"name": "whisker2",
					"parent": "head",
					"pivot": [-2, 2.75, -5.5],
					"cubes": [
						{"origin": [-9, 2.75, -6], "size": [7, 0, 1], "uv": [32, 5]}
					]
				},
				{
					"name": "lowerwhisker2",
					"parent": "whisker2",
					"pivot": [-9, 2.75, -5.5],
					"cubes": [
						{"origin": [-16, 2.75, -6], "size": [7, 0, 1], "uv": [22, 15]}
					]
				},
				{
					"name": "eyes",
					"parent": "head",
					"pivot": [0, 4.5, -4.75],
					"cubes": [
						{"origin": [2.1, 4, -5.25], "size": [0, 1, 1], "uv": [12, 42]},
						{"origin": [-2.1, 4, -5.25], "size": [0, 1, 1], "uv": [14, 42]}
					]
				},
				{
					"name": "upperarm1",
					"parent": "uppertorso",
					"pivot": [3, 5, -1],
					"cubes": [
						{"origin": [3, 4, -2], "size": [6, 2, 2], "uv": [0, 30]}
					]
				},
				{
					"name": "lowerarm1",
					"parent": "upperarm1",
					"pivot": [9, 5, -1],
					"cubes": [
						{"origin": [9, 4, -2], "size": [6, 2, 2], "uv": [16, 30]}
					]
				},
				{
					"name": "claw1",
					"parent": "lowerarm1",
					"pivot": [14.5, 5.5, -1]
				},
				{
					"name": "topclaw1",
					"parent": "claw1",
					"pivot": [14.5902, 5.61627, -1],
					"cubes": [
						{"origin": [14, 5, -3], "size": [3, 3, 4], "uv": [22, 7]},
						{"origin": [13.25, 7.5, -2.5], "size": [3, 1, 1], "uv": [36, 21]},
						{"origin": [13.25, 7.5, -0.5], "size": [3, 1, 1], "uv": [38, 14]},
						{"origin": [16.71031, 4.74202, -2.5], "size": [3, 3, 3], "pivot": [18.21031, 6.24202, -1], "rotation": [0, 0, 10], "uv": [0, 34]},
						{"origin": [19.21031, 3.74202, -2], "size": [1, 3, 2], "pivot": [21.71031, 5.24202, -0.5], "rotation": [0, 0, 10], "uv": [36, 16]}
					]
				},
				{
					"name": "bottomclaw1",
					"parent": "claw1",
					"pivot": [15, 4.45, -1],
					"cubes": [
						{"origin": [15, 3.95, -2], "size": [3, 1, 2], "uv": [36, 6]}
					]
				},
				{
					"name": "upperarm2",
					"parent": "uppertorso",
					"pivot": [-3, 5, -1],
					"cubes": [
						{"origin": [-9, 4, -2], "size": [6, 2, 2], "uv": [32, 0]}
					]
				},
				{
					"name": "lowerarm2",
					"parent": "upperarm2",
					"pivot": [-9, 5, -1],
					"cubes": [
						{"origin": [-15, 4, -2], "size": [6, 2, 2], "uv": [32, 30]}
					]
				},
				{
					"name": "claw2",
					"parent": "lowerarm2",
					"pivot": [-14.5, 5.5, -1]
				},
				{
					"name": "topclaw2",
					"parent": "claw2",
					"pivot": [-14.5902, 5.61627, -1],
					"cubes": [
						{"origin": [-20.21031, 3.74202, -2], "size": [1, 3, 2], "pivot": [-21.71031, 5.24202, -0.5], "rotation": [0, 0, -10], "uv": [14, 24]},
						{"origin": [-19.71031, 4.74202, -2.5], "size": [3, 3, 3], "pivot": [-18.21031, 6.24202, -1], "rotation": [0, 0, -10], "uv": [12, 34]},
						{"origin": [-16.25, 7.5, -0.5], "size": [3, 1, 1], "uv": [36, 12]},
						{"origin": [-17, 5, -3], "size": [3, 3, 4], "uv": [20, 23]},
						{"origin": [-16.25, 7.5, -2.5], "size": [3, 1, 1], "uv": [34, 39]}
					]
				},
				{
					"name": "bottomclaw2",
					"parent": "claw2",
					"pivot": [-15, 4.45, -1],
					"cubes": [
						{"origin": [-18, 3.95, -2], "size": [3, 1, 2], "uv": [36, 9]}
					]
				},
				{
					"name": "lowertorso",
					"parent": "body",
					"pivot": [0, 4.35, 0.95],
					"cubes": [
						{"origin": [0.5, 6, 1.75], "size": [1, 1, 1], "uv": [28, 40]},
						{"origin": [0.5, 6, 4.75], "size": [1, 1, 1], "uv": [36, 41]},
						{"origin": [-2.5, 3, 1], "size": [5, 3, 5], "uv": [0, 16]},
						{"origin": [-1.5, 6, 4.75], "size": [1, 1, 1], "uv": [12, 40]},
						{"origin": [-1.5, 6, 1.75], "size": [1, 1, 1], "uv": [40, 41]}
					]
				},
				{
					"name": "tail",
					"parent": "lowertorso",
					"pivot": [0, 4, 5.91667],
					"cubes": [
						{"origin": [-1.5, 3, 6], "size": [3, 2, 5], "uv": [20, 16]},
						{"origin": [-1, 2.5, 9.5], "size": [2, 3, 3], "uv": [24, 34]}
					]
				},
				{
					"name": "tailfin",
					"parent": "tail",
					"pivot": [0, 4, 11],
					"cubes": [
						{"origin": [-4.5, 4, 11], "size": [9, 0, 7], "uv": [0, 0]}
					]
				}
			]
		}
	]
}