{
	"format_version": "1.12.0",
	"minecraft:geometry": [
		{
			"description": {
				"identifier": "geometry.workahollo",
				"texture_width": 64,
				"texture_height": 64,
				"visible_bounds_width": 2,
				"visible_bounds_height": 2.5,
				"visible_bounds_offset": [0, 0.75, 0]
			},
			"bones": [
				{
					"name": "workahollo",
					"pivot": [0, 0, 0]
				},
				{
					"name": "leftleg",
					"parent": "workahollo",
					"pivot": [1.75, 2.025, 0],
					"cubes": [
						{"origin": [0.25, 0.025, -2], "size": [3, 2, 4], "uv": [10, 33]}
					]
				},
				{
					"name": "rightleg",
					"parent": "workahollo",
					"pivot": [-1.75, 2.025, 0],
					"cubes": [
						{"origin": [-3.25, 0.025, -2], "size": [3, 2, 4], "uv": [0, 31]}
					]
				},
				{
					"name": "body",
					"parent": "workahollo",
					"pivot": [0, 4.53572, -0.01875],
					"cubes": [
						{"origin": [-2.5, 2.025, -2.5], "size": [5, 6, 5], "uv": [27, 26]},
						{"origin": [-2, 7.625, -2], "size": [4, 1, 4], "uv": [26, 12]},
						{"origin": [0, 6.95, -2.55], "size": [1, 1, 0], "pivot": [0, 7.95, -2.55], "rotation": [0, 0, 45], "uv": [7, 62]},
						{"origin": [-0.5, 4.25, -2.525], "size": [1, 3, 0], "uv": [2, 58]}
					]
				},
				{
					"name": "head",
					"parent": "body",
					"pivot": [0.06961, 8.71574, 0.0755],
					"cubes": [
						{"origin": [-4.5, 12.625, -4], "size": [9, 4, 8], "uv": [0, 0]},
						{"origin": [3.225, 14.325, -2], "size": [4, 4, 3], "pivot": [4.725, 16.825, 0], "rotation": [0, 0, 125.75], "uv": [1, 49]},
						{"origin": [-7.225, 14.325, -2], "size": [4, 4, 3], "pivot": [-4.725, 16.825, 0], "rotation": [0, 0, -125.75], "uv": [1, 49], "mirror": true},
						{"origin": [-1.525, 14.275, 1], "size": [3, 5, 4], "pivot": [-0.025, 17.775, 3], "rotation": [-15.25, 0, 0], "uv": [17, 55]},
						{"origin": [-1.525, 14.275, 1], "size": [3, 5, 4], "pivot": [-0.025, 17.775, 3], "rotation": [-15.25, 0, 0], "uv": [17, 55]},
						{"origin": [-4.5, 9.625, -2], "size": [9, 3, 6], "uv": [0, 22]},
						{"origin": [-4.5, 9.625, -4], "size": [9, 3, 0], "uv": [25, 21]},
						{"origin": [-4.5, 9.625, -4], "size": [0, 3, 2], "uv": [2, 3]},
						{"origin": [4.5, 9.625, -4], "size": [0, 3, 2], "uv": [0, 3]},
						{"origin": [-4.5, 8.625, -4], "size": [9, 1, 8], "uv": [0, 12]},
						{"origin": [1, 12.875, -4.05], "size": [3, 3, 0], "pivot": [2.5, 14.875, -4.05], "rotation": [0, 0, 1.75], "uv": [20, 45]},
						{"origin": [-4, 12.675, -4.05], "size": [4, 4, 0], "pivot": [-2, 15.175, -4.05], "rotation": [0, 0, -2], "uv": [0, 43]},
						{"origin": [-0.55976, 18.45948, -1.475], "size": [2, 2, 0], "inflate": 0.02, "pivot": [0.41524, 19.45948, -0.5], "rotation": [90, 12.5, 8.25], "uv": [0, 37]},
						{"origin": [-1.3, 16.475, -0.5], "size": [3, 2, 0], "pivot": [0.2, 17.975, -0.5], "rotation": [0, -47.5, 8.25], "uv": [0, 39]}
					]
				},
				{
					"name": "leftarm",
					"parent": "body",
					"pivot": [2.375, 7.525, 0],
					"cubes": [
						{"origin": [2.375, 5.525, -1.5], "size": [4, 2, 3], "uv": [35, 0]}
					]
				},
				{
					"name": "rightarm",
					"parent": "body",
					"pivot": [-2.375, 7.525, 0],
					"cubes": [
						{"origin": [-6.375, 5.525, -1.5], "size": [4, 2, 3], "uv": [37, 5]}
					]
				},
				{
					"name": "case",
					"parent": "rightarm",
					"pivot": [-5.825, 5.8125, 0],
					"cubes": [
						{"origin": [-5.825, 4.1, -2.5], "size": [0, 2, 5], "uv": [25, 19]},
						{"origin": [-6.825, 1.7, -3], "size": [2, 3, 6], "uv": [47, 12]}
					]
				}
			]
		}
	]
}