{
    "implemented": true,
    "name": "calciopi",
    "nationalPokedexNumber": 2035,
    "primaryType": "rock",
    "secondaryType": "ghost",
    "abilities": [
      "technician",
      "soundproof",
      "h:weakarmor"
    ],
    "baseStats": {
      "hp": 80,
      "attack": 60,
      "defence": 100,
      "special_attack": 108,
      "special_defence": 132,
      "speed": 32
    },
    "catchRate": 45,
    "maleRatio": 0.875,
    "shoulderMountable": false,
    "baseExperienceYield": 173,
    "experienceGroup": "medium_fast",
    "eggCycles": 30,
    "eggGroups": [
      "monster"
    ],
    "behaviour": {
      "resting": {
        "canSleep": true,
        "willSleepOnBed": false,
        "depth": "normal",
        "light": "0-4"
      },
      "moving": {
        "canLook": true,
        "swim": {
          "canSwimInWater": false,
          "canBreatheUnderwater": false
        },
        "walk": {
          "walkSpeed": 0.27
        }
      }
    },
    "drops": {
      "amount": 3,
      "entries": [
        {
          "item": "minecraft:bone",
          "quantityRange": "1-4"          
        },
        {
          "item": "minecraft:bone_block",
          "quantityRange": "1",
          "percentage": 30.0          
        },
        {
          "item": "minecraft:bone_meal",
          "percentage": 5.0
        }
      ]
    },
    "moves": [
      "1:tackle",
      "1:harden",
      "1:shadowsneak",
      "5:rockpolish",
      "7:echoedvoice",
      "10:curse",
      "15:ominouswind",
      "20:perishsong",
      "25:ancientpower",
      "30:uproar",
      "36:shadowball",
      "43:hypervoice",
      "47:powergem",
      "50:gigadrain",
      "55:rest",
      "60:meteorbeam",
      "65:boomburst",

      "egg:bodyslam",
      "egg:fissure",
      "egg:headbutt",
      "egg:screech",
      "egg:sing",
      "egg:sleeptalk",

      "tm:uproar",
      "tm:shadowball",
      "tm:hypervoice",
      "tm:powergem",
      "tm:gigadrain",
      "tm:rest",
      "tm:meteorbeam",
      "tm:boomburst",
      "tm:endure",
      "tm:facade",
      "tm:fireblast",
      "tm:flamethrower",
      "tm:flashcannon",
      "tm:frustration",
      "tm:hardpress",
      "tm:heavyslam",
      "tm:hiddenpower",
      "tm:icebeam",
      "tm:incinerate",
      "tm:irondefense",
      "tm:ironhead",
      "tm:irontail",
      "tm:metalsound",
      "tm:mudslap",
      "tm:naturalgift",
      "tm:protect",
      "tm:raindance",
      "tm:return",
      "tm:rockblast",  
      
      "tutor:roar",
      "tutor:sandstorm",
      "tutor:taunt",
      "tutor:calmmind"
    ],
    "labels": [
      "custom"
    ],
    "pokedex": [
      "cobblemon.species.calciopi.desc1"
    ],
    "baseScale": 1,
    "hitbox": {
      "width": 1.45,
      "height": 3,
      "fixed": false
    },
    "baseFriendship": 50,
    "evYield": {
      "hp": 0,
      "attack": 0,
      "defence": 0,
      "special_attack": 0,
      "special_defence": 2,
      "speed": 0
    },
    "height": 19,
    "weight": 425,
    "aspects": [],
    "cannotDynamax": false
  }  