{
    "implemented": true,
    "name": "dollamb",
    "nationalPokedexNumber": 2025,
    "labels": [ "custom" ],
    "primaryType": "normal",
    "secondaryType": "poison",
    "abilities": [
      "adaptability"
    ],
    "baseStats": {
      "hp": 42,
      "attack": 40,
      "defence": 55,
      "special_attack": 40,
      "special_defence": 45,
      "speed": 48
    },
    "behaviour": {
        "moving": {
          "canLook": true,        
          "walk": {
            "canWalk": true,
            "walkSpeed":0.2
          }
        },
          "resting": {
            "canSleep": true,
            "willSleepOnBed": true,
            "depth": "normal",
            "light": "0-4"
          }
        },
    "catchRate": 255,
    "maleRatio": 0.5,
    "shoulderMountable": false,
    "baseExperienceYield": 122,
    "experienceGroup": "medium_fast",
    "eggCycles": 15,

    "eggGroups": [
      "field"
    ],
    "drops": {
      "amount": 2,
      "entries": [
        {
          "item": "minecraft:mutton",
          "quantityRange": "1-2"
        },
        {
          "item": "minecraft:white_wool",
          "quantityRange": "0-1"
        }
      ]
    },
    "moves": [
      "1:tailwhip",
      "1:tackle",
      "3:poisontail",
      "6:gastroacid",
      "9:copycat",
      "12:workup",
      "16:poisonfang",
      "18:grassyglide",
      "21:headbutt",
      "25:venoshock",
      "28:lunge",
      "32:acidspray",
      "36:crunch",
      "40:sludgebomb",
      "44:doubleedge",
      "48:sludgewave",
      "egg:agility",
      "egg:stomp",
      "egg:milkdrink",
      "egg:defensecurl",
      "egg:crosspoison",
      "egg:toxicspikes",
      "tm:toxic",
      "tm:guardsplit",
      "tm:batonpass",
      "tm:bodyslam",
      "tm:endeavor",
      "tm:facade",
      "tm:guardswap",
      "tm:encore",
      "tm:knockoff",
      "tm:protect",
      "tm:rest",
      "tm:yawn",
      "tm:round",
      "tm:sleeptalk",
      "tm:snore",
      "tm:substitute",
      "tm:nastyplot",
      "tm:thunderwave",
      "tm:wildcharge",
      "tutor:banefulbunker"  
    ],
    "pokedex": [
      "cobblemon.species.dollamb.desc1"
    ],
    "evolutions": [
      {
        "id": "dollamb_folly_lvl",
        "variant": "level_up",
        "result": "folly",
        "consumeHeldItem": false,
        "learnableMoves": ["acidspray"],
        "requirements": [
          {
            "variant": "level",
            "minLevel": 26
          }
        ]
      }
    ],
    "baseScale": 0.8,
    "hitbox": {
      "width": 0.4,
      "height": 0.75,
      "fixed": false
    },
    "baseFriendship": 50,
    "evYield": {
      "hp": 0,
      "attack": 0,
      "defence": 0,
      "special_attack": 0,
      "special_defence": 0,
      "speed": 1
    },
    "height": 6,
    "weight": 78,
    "aspects": [],
    "cannotDynamax": false
  }
  