{
    "implemented": true,
"name": "orbiclad",
"nationalPokedexNumber": 2020,
"labels": [ "custom" ],
"pokedex": [
  "cobblemon.species.orbiclad.desc1"
],
"height": 13,
"weight": 755,

"shoulderMountable": false,
"shoulderEffects": [ "slow_fall" ],

"preEvolution": "moistery",

"primaryType": "psychic",
"secondaryType":"water",
  "baseStats": {
    "hp": 55,
    "attack": 65,
    "defence": 85,
    "special_attack": 70,
    "special_defence": 80,
    "speed": 25
  },
  "catchRate": 90,
  "maleRatio": -1,
  "baseExperienceYield": 133,
  "experienceGroup": "medium_slow",
  "eggCycles": 20,
  "eggGroups": [
    "amorphous"
  ],
  "baseFriendship": 50,
  "evYield": {
    "defence": 2,
    "special_defence": 1
  },
  "moves": [
    "1:withdraw",
    "1:tackle",
    "1:watergun",
    "3:hypnosis",
    "6:whirlpool",
    "9:confusion",
    "13:bubblebeam",
    "17:gyroball",
    "21:psybeam",
    "26:bubblebeam",
    "29:metalsound",
    "32:skittersmack",
    "35:flashcannon",
    "38:brine",
    "41:psychic",
    "45:recover",
    "49:stoneedge",
    "52:hydropump",
    "55:steelbeam",
  
    "tm:blizzard",
    "tm:brine",
    "tm:confide",
    "tm:cosmicpower",
    "tm:dazzlinggleam",
    "tm:dive",
    "tm:doubleteam",
    "tm:endure",
    "tm:facade",
    "tm:flash",
    "tm:flashcannon",
    "tm:frustration",
    "tm:gyroball",
    "tm:hail",
    "tm:hiddenpower",
    "tm:hydropump",
    "tm:icebeam",
    "tm:icywind",
    "tm:lightscreen",
    "tm:naturalgift",
    "tm:powergem",
    "tm:protect",
    "tm:psychic",
    "tm:psychup",
    "tm:raindance",
    "tm:recycle",
    "tm:reflect",
    "tm:rest",
    "tm:return",
    "tm:round",
    "tm:scald",
    "tm:secretpower",
    "tm:sleeptalk",
    "tm:snore",
    "tm:substitute",
    "tm:surf",
    "tm:swagger",
    "tm:swift",
    "tm:thunder",
    "tm:thunderbolt",
    "tm:thunderwave",
    "tm:toxic",
    "tm:triattack",
    "tm:waterfall",
    "tm:waterpulse",
    "tm:whirlpool",
    "tm:swagger",
    "tm:tailwind",
    "tm:takedown",
    "tm:uproar",
    "tm:terablast",
    "tm:thief",
    "tm:thunderwave",
    "tm:explosion",
    "tm:toxic",
    "tm:rockslide",
    "tm:rocktomb",
    "tm:stealthrock",
    "tm:skillswap",
    "tm:steelbeam",
    "tm:terablast",
  
    "tutor:blizzard",
    "tutor:brine",
    "tutor:confide",
    "tutor:cosmicpower",
    "tutor:dazzlinggleam",
    "tutor:dive",
    "tutor:doubleteam",
    "tutor:endure",
    "tutor:facade",
    "tutor:flash",
    "tutor:flashcannon",
    "tutor:frustration",
    "tutor:gyroball",
    "tutor:hail",
    "tutor:hiddenpower",
    "tutor:hydropump",
    "tutor:icebeam",
    "tutor:icywind",
    "tutor:lightscreen",
    "tutor:naturalgift",
    "tutor:powergem",
    "tutor:protect",
    "tutor:psychic",
    "tutor:psychup",
    "tutor:raindance",
    "tutor:recycle",
    "tutor:reflect",
    "tutor:rest",
    "tutor:return",
    "tutor:round",
    "tutor:scald",
    "tutor:secretpower",
    "tutor:sleeptalk",
    "tutor:snore",
    "tutor:substitute",
    "tutor:surf",
    "tutor:swagger",
    "tutor:swift",
    "tutor:thunder",
    "tutor:thunderbolt",
    "tutor:thunderwave",
    "tutor:toxic",
    "tutor:triattack",
    "tutor:waterfall",
    "tutor:waterpulse",
    "tutor:whirlpool",
    "tutor:swagger",
    "tutor:tailwind",
    "tutor:takedown",
    "tutor:uproar",
    "tutor:terablast",
    "tutor:thief",
    "tutor:thunderwave",
    "tutor:explosion",
    "tutor:toxic",
    "tutor:rockslide",
    "tutor:rocktomb",
    "tutor:stealthrock",
    "tutor:skillswap",
    "tutor:steelbeam",
    "tutor:terablast"
  ],
  "abilities": [
    "compoundeyes",
    "steelworker",
    "h:shellarmor"
  ],

  "evolutions": [
  {
    "id": "orbiclad_xenoster_lvl",
    "variant": "level_up",
    "result": "xenoster",
    "consumeHeldItem": false,
    "learnableMoves": [],
    "requirements": [
      {
        "variant": "level",
        "minLevel": 38
      }
    ]
  }
],


  "baseScale": 0.8,
"hitbox": {
  "width": 0.5,
  "height": 1.5,
  "fixed": false
},
"drops": {
"amount": "2",
  "entries": [
    {
      "item": "minecraft:nautilus_shell"
    },
    {
      "item": "minecraft:slime_ball",
      "quantityRange": "1-2"
    }
]
},
"behaviour": {
  "moving": {
    "canLook": true,
    "fly": {
      "canFly": true,
      "flySpeed": 0.2
    },          
    "swim": {
      "swimSpeed": 0.2,
      "canSwimInWater": true,
      "canBreatheUnderwater": true
    }
  },
    "resting": {
      "canSleep": true,
      "willSleepOnBed": true,
      "depth": "normal",
      "light": "0-4"
    }
  }
}