{
    "implemented": true,
    "name": "slacho",
    "nationalPokedexNumber": 2005,
    "primaryType": "fire",
    "secondaryType":"ice",
    "abilities": [
      "blaze",
      "h:fluffy"
    ],
    "preEvolution":"pillosinge",
    "baseStats": {
      "hp": 80,
      "attack": 110,
      "defence": 120,
      "special_attack": 80,
      "special_defence": 80,
      "speed": 60
    },
    "behaviour": {
      "moving": {
        "walk": {
          "walkSpeed": 0.3
        }
      },
      "resting": {
        "canSleep": true,
        "willSleepOnBed": false,
        "depth": "normal",
        "light": "0-4"
      }
    },
    "catchRate": 45,
    "maleRatio": 0.875,
    "shoulderMountable": false,
    "baseExperienceYield": 239,
    "experienceGroup": "medium_slow",
    "eggCycles": 20,
    "eggGroups": [
      "monster"
    ],
    "drops": {
      "amount": 3,
      "entries": [
        {
          "item": "minecraft:wool",
          "quantityRange": "4-10"
        },
        {
        "item":"minecraft:blaze_powder",
        "quantityRange":"1-2"
        },
        {
          "item": "cobblemon:charcoal_stick",
          "percentage": 5.0
        }
      ]
    },
    "moves": [
      "1:growl",
      "1:scratch",
      "3:ember",
      "6:doubleslap",
      "9:flamecharge",
      "12:haze",
      "14:rocksmash",
      "15:babydolleyes",
      "20:assurance",
      "21:firespin",
      "23:iceshard",
      "26:dig",
      "29:focusenergy",
      "30:heatcrash",
      "32:bellydrum",
      "38:chillyreception",
      "41:icespinner",
      "44:flareblitz",
      "46:avalanche",
      "50:bulkup",
      "54:flareblitz",
      "58:closecombat",
      "63:iceburn",  

      "tm:assurance",
      "tm:agility",
      "tm:assurance",
      "tm:attract",
      "tm:batonpass",
      "tm:bodyslam",
      "tm:dig",
      "tm:captivate",
      "tm:confide",
      "tm:curse",
      "tm:cut",
      "tm:dig",
      "tm:doubleedge",
      "tm:doubleteam",
      "tm:echoedvoice",
      "tm:endure",
      "tm:facade",
      "tm:chillyreception",
      "tm:fireblast",
      "tm:firepledge",
      "tm:firespin",
      "tm:flamecharge",
      "tm:flamethrower",
      "tm:flareblitz",
      "tm:focusenergy",
      "tm:frustration",
      "tm:heatwave",
      "tm:helpinghand",
      "tm:hiddenpower",
      "tm:honeclaws",
      "tm:incinerate",
      "tm:lowkick",
      "tm:megakick",
      "tm:megapunch",
      "tm:naturalgift",
      "tm:overheat",
      "tm:protect",
      "tm:rest",
      "tm:return",
      "tm:icespinner",
      "tm:rockslide",
      "tm:rocksmash",
      "tm:rocktomb",
      "tm:round",
      "tm:secretpower",
      "tm:shadowclaw",
      "tm:sleeptalk",
      "tm:snore",
      "tm:strength",
      "tm:substitute",
      "tm:sunnyday",
      "tm:swagger",
      "tm:swift",
      "tm:swordsdance",
      "tm:takedown",
      "tm:temperflare",
      "tm:terablast",
      "tm:toxic",
      "tm:uproar",
      "tm:willowisp",
      "tm:workup",

      "tutor:bodyslam",
      "tutor:dig",
      "tutor:counter",
      "tutor:defog",
      "tutor:doubleedge",
      "tutor:ember",
      "tutor:endure",
      "tutor:firepledge",
      "tutor:focusenergy",
      "tutor:growl",
      "tutor:headbutt",
      "tutor:heatwave",
      "tutor:helpinghand",
      "tutor:lastresort",
      "tutor:lowkick",
      "tutor:megakick",
      "tutor:megapunch",
      "tutor:mimic",
      "tutor:mudslap",
      "tutor:rockslide",
      "tutor:scratch",
      "tutor:seismictoss",
      "tutor:sleeptalk",
      "tutor:snore",
      "tutor:substitute",
      "tutor:swagger",
      "tutor:swift",
      "tutor:swordsdance"  
    ],
    "labels": [
      "custom"
    ],
    "pokedex": [
      "cobblemon.species.slacho.desc1"
    ],

    "baseScale": 0.85,
    "hitbox": {
      "width": 1.5,
      "height": 2.7,
      "fixed": false
    },
    "baseFriendship": 50,
    "evYield": {
      "hp": 0,
      "attack": 0,
      "defence": 3,
      "special_attack": 0,
      "special_defence": 0,
      "speed": 0
    },
    "height": 25,
    "weight": 2910,
    "aspects": [],
    "cannotDynamax": false
  }
  