{
    "implemented": true,
"name": "voltite",
"nationalPokedexNumber": 2010,
"labels": [ "custom" ],
"pokedex": [
  "cobblemon.species.voltite.desc1"
],
"height": 8,
"weight": 180,

"preEvolution": "eggward",

"shoulderMountable": false,
"shoulderEffects": [ "slow_fall" ],


"primaryType": "flying",
"secondaryType": "electric",

  "baseStats": {
    "hp": 40,
    "attack": 35,
    "defence": 35,
    "special_attack": 75,
    "special_defence": 35,
    "speed": 120
  },
  "catchRate": 120,
  "maleRatio": 0.5,
  "baseExperienceYield": 119,
  "experienceGroup": "medium_slow",
  "eggCycles": 15,
  "eggGroups": [
    "flying"
  ],
  "baseFriendship": 50,
  "evYield": {
    "speed": 2,
    "special_attack": 1
  },
  "moves": [

    "1:tackle",
    "5:sandattack",
    "9:gust",
    "13:quickattack",
    "17:chargebeam",
    "21:wingattack",
    "25:discharge",
    "29:electroball",
    "33:roost",
    "37:thunderbolt",
    "41:tailwind",
    "45:earthpower",
    "49:airslash", 
    "53:hurricane",

    "tm:iondeluge",
    "tm:hypervoice",
    "tm:risingvoltage",
    "tm:chargebeam",
    "tutor:iondeluge",
    "tutor:hypervoice",
    "tutor:risingvoltage",
    "tm:chargebeam",
    "tm:electroball",
    "tm:discharge",
    "tm:thunderbolt",
    "tm:thunder",
    "tm:zapcannon",
    "tutor:chargebeam",
    "tutor:electroball",
    "tutor:discharge",
    "tutor:thunderbolt",
    "tutor:thunder",
    "tutor:zapcannon",
    "tm:acrobatics",
    "tm:aerialace",
    "tm:aircutter",
    "tm:airslash",
    "tm:attract",
    "tm:bravebird",
    "tm:calmmind",
    "tm:captivate",
    "tm:confide",
    "tm:confuseray",
    "tm:drillpeck",
    "tm:defog",
    "tm:doubleteam",
    "tm:rest",
    "tm:embargo",
    "tm:endure",
    "tm:facade",
    "tm:fly",
    "tm:playrough",
    "tm:frustration",
    "tm:gigaimpact",
    "tm:heatwave",
    "tm:rocktomb",
    "tm:hiddenpower",
    "tm:hurricane",
    "tm:hyperbeam",
    "tm:volttackle",
    "tm:protect",
    "tm:astonish",
    "tm:babydolleyes",
    "tm:secretpower",
    "tm:electroball",
    "tm:sleeptalk",
    "tm:fling",
    "tm:snatch",
    "tm:steelwing",
    "tm:substitute",
    "tm:sunnyday",
    "tm:swagger",
    "tm:tailwind",
    "tm:takedown",
    "tm:uproar",
    "tm:terablast",
    "tm:thief",
    "tm:thunderwave",
    "tm:explosion",
    "tm:toxic",
    "tutor:aircutter",
    "tutor:captivate",
    "tutor:defog",
    "tutor:endure",
    "tutor:mimic",
    "tutor:naturalgift",
    "tutor:uturn",
    "tutor:secretpower",
    "tutor:snore",
    "tutor:steelwing",
    "tutor:twister"
  ],
  "abilities": [
    "speedboost",
    "speedboost",
    "h:speedboost"
  ],

  "evolutions": [
  {
    "id": "voltite_ostrike_lvl",
    "variant": "level_up",
    "result": "ostrike",
    "consumeHeldItem": false,
    "learnableMoves": [],
    "requirements": [
      {
        "variant": "level",
        "minLevel": 34
      }
    ]
  }
],


  "baseScale": 0.8,
"hitbox": {
  "width": 0.65,
  "height": 1,
  "fixed": false
},
"drops": {
"amount": "2",
  "entries": [
    {
      "item": "minecraft:chicken"
    },
    {
      "item": "minecraft:feather",
      "quantityRange": "1-2",
      "percentage": 66
    }
]
},
"behaviour": {
  "moving": {
    "canLook": true,
    "fly": {
      "canFly": false
    },          
    "swim": {
      "swimSpeed": 0.1,
      "canSwimInWater": true,
      "canBreatheUnderwater": false
    }
  },
    "resting": {
      "canSleep": true,
      "willSleepOnBed": false,
      "depth": "normal",
      "light": "0-4"
    }
  }
}