
{
    "species": "cobblemon:stringlett",
    "order": 0,
    "variations": [
      {
        "aspects": [],
        "poser": "cobblemon:stringlett",
        "model": "cobblemon:stringlett.geo",
        "texture": "cobblemon:textures/pokemon/stringlett/stringlett.png",
        "layers": [{
          "name": "emissive",
          "emissive": true,
          "texture": "cobblemon:textures/pokemon/stringlett/stringlett_emissive.png",
          "translucent": true
    }]
      },
      {
        "aspects": [ "shiny" ],
        "texture": "cobblemon:textures/pokemon/stringlett/stringlett_shiny.png",
        "layers": [{
          "name": "emissive",
          "emissive": true,
          "texture": "cobblemon:textures/pokemon/stringlett/stringlett_emissive_shiny.png",
          "translucent": true
    }]
      }
    ]
  }
  