{
	"format_version": "1.8.0",
	"animations": {
		"animation.goldillar.ground_idle": {
			"loop": true,
			"animation_length": 10,
			"bones": {
				"head": {
					"rotation": {
						"0.0": [0, 0, 0],
						"2.52": [5.019, -4.98093, 4.56312],
						"5.0": [0, 0, 0],
						"7.56": [-4.99668, 4.54585, -5.41602],
						"10.0": [0, 0, 0]
					},
					"position": [0, 0, 0]
				},
				"bone": {
					"position": {
						"0.0": [0, -4, 0],
						"1.0": [0, 2, 0],
						"2.0": [0, -4, 0],
						"3.0": [0, 2, 0],
						"4.0": [0, -4, 0],
						"5.0": [0, 2, 0],
						"6.0": [0, -4, 0],
						"7.0": [0, 2, 0],
						"8.04": [0, -4, 0],
						"9.04": [0, 2, 0],
						"10.0": [0, -4, 0]
					}
				},
				"bone3": {
					"position": {
						"0.0": [0, 0, 0],
						"1.0": [0, -6, 0],
						"2.0": [0, 0, 0],
						"3.0": [0, -6, 0],
						"4.0": [0, 0, 0],
						"5.0": [0, -6, 0],
						"6.0": [0, 0, 0],
						"7.0": [0, -6, 0],
						"8.04": [0, 0, 0],
						"9.04": [0, -6, 0],
						"10.0": [0, 0, 0]
					}
				},
				"bone2": {
					"position": {
						"0.0": [0, -4, 0],
						"1.0": [0, 2, 0],
						"2.0": [0, -4, 0],
						"3.0": [0, 2, 0],
						"4.0": [0, -4, 0],
						"5.0": [0, 2, 0],
						"6.0": [0, -4, 0],
						"7.0": [0, 2, 0],
						"8.04": [0, -4, 0],
						"9.04": [0, 2, 0],
						"10.0": [0, -4, 0]
					}
				},
				"bone4": {
					"position": {
						"0.0": [0, 0, 0],
						"1.0": [0, -6, 0],
						"2.0": [0, 0, 0],
						"3.0": [0, -6, 0],
						"4.0": [0, 0, 0],
						"5.0": [0, -6, 0],
						"6.0": [0, 0, 0],
						"7.0": [0, -6, 0],
						"8.04": [0, 0, 0],
						"9.04": [0, -6, 0],
						"10.0": [0, 0, 0]
					}
				}
			}
		},
		"animation.goldillar.ground_walk": {
			"loop": true,
			"animation_length": 0.48,
			"bones": {
				"head": {
					"rotation": {
						"0.0": [22.5, 0, 0],
						"0.48": [22.5, 0, 0]
					},
					"position": {
						"0.0": [0, 0, 1],
						"0.24": [0, 2, 1],
						"0.48": [0, 0, 1]
					}
				},
				"bone": {
					"rotation": {
						"0.0": [20, 0, 0],
						"0.48": [20, 0, 0]
					},
					"position": {
						"0.0": [0, -14, -15],
						"0.24": [-2, -16, -15],
						"0.48": [0, -14, -15]
					}
				},
				"bone3": {
					"position": {
						"0.0": [0, 0, 0],
						"0.24": [1, 2, 0],
						"0.48": [0, 0, 0]
					}
				},
				"bone2": {
					"position": {
						"0.0": [0, 0, 0],
						"0.24": [-1, 2, 0],
						"0.48": [0, 0, 0]
					}
				},
				"bone4": {
					"rotation": {
						"0.0": [20, 0, 0],
						"0.48": [20, 0, 0]
					},
					"position": {
						"0.0": [0, -14, -15],
						"0.24": [2, -16, -15],
						"0.48": [0, -14, -15]
					}
				}
			}
		}
	}
}