{
	"format_version": "1.8.0",
	"animations": {
		"animation.shamrour.ground_idle": {
			"loop": true,
			"animation_length": 2.88,
			"bones": {
				"bone": {
					"scale": {
						"0.0": [1, 1, 1],
						"1.44": [1, 0.9, 1],
						"2.88": [1, 1, 1]
					}
				},
				"arm": {
					"rotation": {
						"0.0": [0, 0, 0],
						"1.44": [0, 0, -22.5],
						"2.88": [0, 0, 0]
					}
				},
				"arm2": {
					"rotation": {
						"0.0": [0, 0, 0],
						"1.44": [0, 0, 22.5],
						"2.88": [0, 0, 0]
					}
				}
			}
		},
		"animation.shamrour.ground_walk": {
			"loop": true,
			"animation_length": 0.72,
			"bones": {
				"bone": {
					"rotation": {
						"0.0": [15, 0, 0],
						"0.36": [22.5, 0, 0],
						"0.72": [15, 0, 0]
					}
				},
				"arm": {
					"rotation": {
						"0.0": [0, 45, 0],
						"0.36": [0, -45, 0],
						"0.72": [0, 45, 0]
					}
				},
				"arm2": {
					"rotation": {
						"0.0": [0, 45, 0],
						"0.36": [0, -45, 0],
						"0.72": [0, 45, 0]
					}
				},
				"leg": {
					"rotation": {
						"0.0": [22.5, 0, 0],
						"0.36": [-22.5, 0, 0],
						"0.72": [22.5, 0, 0]
					}
				},
				"leg2": {
					"rotation": {
						"0.0": [-22.5, 0, 0],
						"0.36": [22.5, 0, 0],
						"0.72": [-22.5, 0, 0]
					}
				}
			}
		}
	}
}