{
	"format_version": "1.8.0",
	"animations": {
		"animation.dulcillion.ground_idle": {
			"loop": true,
			"animation_length": 4,
			"bones": {
				"head": {
					"rotation": {
						"0.0": [0, 0, 0],
						"2.0": [5, 0, 0],
						"4.0": [0, 0, 0]
					}
				},
				"antenna": {
					"rotation": {
						"0.0": [0, 0, 0],
						"1.0": [-10, 0, -12.5],
						"2.0": [0, 0, 0],
						"3.0": [7.5, 0, -5],
						"4.0": [0, 0, 0]
					}
				},
				"antenna2": {
					"rotation": {
						"0.0": [0, 0, 0],
						"1.0": [-10, 0, 12.5],
						"2.0": [0, 0, 0],
						"3.0": [7.5, 0, 5],
						"4.0": [0, 0, 0]
					}
				},
				"wing": {
					"rotation": {
						"0.0": [0, 0, 0],
						"2.0": [0, -37.5, 0],
						"4.0": [0, 0, 0]
					}
				},
				"wing2": {
					"rotation": {
						"0.0": [0, 0, 0],
						"2.0": [0, 37.5, 0],
						"4.0": [0, 0, 0]
					}
				}
			}
		},
		"animation.dulcillion.ground_walk": {
			"loop": true,
			"animation_length": 0.48,
			"bones": {
				"bone": {
					"rotation": [40, 0, 0],
					"position": {
						"0.0": [0, 18, 0],
						"0.24": [0, 21, 0],
						"0.48": [0, 18, 0]
					}
				},
				"head": {
					"rotation": {
						"0.0": [-12.5, 0, 0],
						"0.24": [-5, 0, 0],
						"0.48": [-12.5, 0, 0]
					}
				},
				"antenna": {
					"rotation": {
						"0.0": [0, 0, 0],
						"0.24": [0, 0, -10],
						"0.48": [0, 0, 0]
					}
				},
				"antenna2": {
					"rotation": {
						"0.0": [0, 0, 0],
						"0.24": [0, 0, 10],
						"0.48": [0, 0, 0]
					}
				},
				"leg": {
					"rotation": [40, 0, 0],
					"position": [-0.1, 1, 0]
				},
				"leg2": {
					"rotation": [40, 0, 0],
					"position": [0.1, 1, 0]
				},
				"wing": {
					"rotation": {
						"0.0": [0, -52.5, 0],
						"0.24": [0, -12.5, 0],
						"0.48": [0, -52.5, 0]
					}
				},
				"wing2": {
					"rotation": {
						"0.0": [0, 52.5, 0],
						"0.24": [0, 12.5, 0],
						"0.48": [0, 52.5, 0]
					}
				}
			}
		}
	}
}