{
	"format_version": "1.12.0",
	"minecraft:geometry": [
		{
			"description": {
				"identifier": "geometry.parasonorous",
				"texture_width": 256,
				"texture_height": 256,
				"visible_bounds_width": 9,
				"visible_bounds_height": 5.5,
				"visible_bounds_offset": [0, 2.25, 0]
			},
			"bones": [
				{
					"name": "iguanopsionic",
					"pivot": [0, 0, 0]
				},
				{
					"name": "body",
					"parent": "iguanopsionic",
					"pivot": [0, 3, 0]
				},
				{
					"name": "waist",
					"parent": "body",
					"pivot": [0, 25.5, 9.75],
					"cubes": [
						{"origin": [-8.5, 16.75, 4], "size": [17, 16, 11], "uv": [0, 70]},
						{"origin": [-1, 32.25, 7], "size": [2, 4, 7], "uv": [87, 31]}
					]
				},
				{
					"name": "torso",
					"parent": "waist",
					"pivot": [0, 25.25, 7],
					"cubes": [
						{"origin": [-9.5, 16.75, -8], "size": [19, 17, 15], "inflate": 0.01, "uv": [0, 6]},
						{"origin": [-1, 33.25, -4], "size": [2, 5, 7], "uv": [69, 30]}
					]
				},
				{
					"name": "tail",
					"parent": "torso",
					"pivot": [0, 24, 15],
					"rotation": [0.5, 0, 0],
					"cubes": [
						{"origin": [-1, 31.25, 19], "size": [2, 4, 7], "uv": [104, 31]},
						{"origin": [-7, 18.00053, 14.87783], "size": [14, 14, 16], "uv": [0, 161]}
					]
				},
				{
					"name": "tail2",
					"parent": "tail",
					"pivot": [0, 24.00053, 28.87783],
					"cubes": [
						{"origin": [-1, 29.25, 35], "size": [2, 4, 7], "uv": [122, 31]},
						{"origin": [-6, 19.00053, 28.87783], "size": [12, 12, 18], "uv": [63, 162]}
					]
				},
				{
					"name": "tail3",
					"parent": "tail2",
					"pivot": [0, 24.50053, 45.87783],
					"cubes": [
						{"origin": [-1, 27.25, 52], "size": [2, 4, 7], "uv": [103, 43]},
						{"origin": [-4, 21.00053, 46.87783], "size": [7, 8, 17], "uv": [175, 44]}
					]
				},
				{
					"name": "chest",
					"parent": "torso",
					"pivot": [0, 25.25, -8],
					"cubes": [
						{"origin": [-8.5, 16.75, -16], "size": [17, 16, 11], "uv": [57, 59]}
					]
				},
				{
					"name": "neck1",
					"parent": "chest",
					"pivot": [0, 23.75, -14],
					"cubes": [
						{"origin": [-5, 24.75, -18.5], "size": [10, 12, 10], "uv": [83, 6]}
					]
				},
				{
					"name": "neck2",
					"parent": "neck1",
					"pivot": [0, 33.75, -13.5],
					"cubes": [
						{"origin": [-3.5, 35.75, -18], "size": [7, 10, 9], "uv": [93, 116]}
					]
				},
				{
					"name": "head",
					"parent": "neck2",
					"pivot": [-0.5, 45.75, -13.5],
					"cubes": [
						{"origin": [-4.5, 44.75, -29], "size": [9, 9, 20], "uv": [184, 120]},
						{"origin": [-0.5, 50.75, -14.5], "size": [1, 5, 7], "uv": [17, 38]},
						{"origin": [-0.5, 47.75, -30.5], "size": [1, 8, 7], "uv": [1, 38]}
					]
				},
				{
					"name": "jaw",
					"parent": "head",
					"pivot": [0, 44, -23],
					"cubes": [
						{"origin": [-3, 43, -28], "size": [6, 2, 10], "uv": [31, 55]}
					]
				},
				{
					"name": "eyes",
					"parent": "head",
					"pivot": [-1, 50.475, -18.2]
				},
				{
					"name": "eye_right",
					"parent": "eyes",
					"pivot": [-4.5, 50.91526, -18.00428],
					"rotation": [7.5, 0, 0],
					"cubes": [
						{"origin": [-4.5, 47.91526, -22.25428], "size": [0, 5, 8], "inflate": 0.01, "uv": [159, 15], "mirror": true}
					]
				},
				{
					"name": "pupil_right",
					"parent": "eye_right",
					"pivot": [-4.5, 50.66526, -20.50428],
					"cubes": [
						{"origin": [-4.5, 49.66526, -21.00428], "size": [0, 2, 1], "inflate": 0.02, "uv": [175, 7], "mirror": true}
					]
				},
				{
					"name": "eyelid_right",
					"parent": "eye_right",
					"pivot": [-4.4, 50.38691, -18.18688],
					"cubes": [
						{"origin": [-4.4, 47.88691, -22.28688], "size": [1, 4, 8], "inflate": 0.03, "uv": [154, 40], "mirror": true}
					]
				},
				{
					"name": "eye_left",
					"parent": "eyes",
					"pivot": [4.5, 50.91526, -18.00428],
					"rotation": [7.5, 0, 0],
					"cubes": [
						{"origin": [4.5, 47.91526, -22.25428], "size": [0, 5, 8], "inflate": 0.01, "uv": [178, 15]}
					]
				},
				{
					"name": "pupil_left",
					"parent": "eye_left",
					"pivot": [4.5, 50.66526, -20.50428],
					"cubes": [
						{"origin": [4.5, 49.66526, -21.00428], "size": [0, 2, 1], "inflate": 0.02, "uv": [175, 5]}
					]
				},
				{
					"name": "eyelid_left",
					"parent": "eye_left",
					"pivot": [4.4, 50.38691, -18.18688],
					"cubes": [
						{"origin": [3.4, 47.88691, -22.28688], "size": [1, 4, 8], "inflate": 0.03, "uv": [154, 28]}
					]
				},
				{
					"name": "leg_back_right1",
					"parent": "body",
					"pivot": [-7, 25.75, 9.5],
					"cubes": [
						{"origin": [-10, 15.25, 5.5], "size": [6, 12, 8], "inflate": 0.01, "uv": [60, 118], "mirror": true}
					]
				},
				{
					"name": "leg_back_right2",
					"parent": "leg_back_right1",
					"pivot": [-7, 15.25, 13],
					"cubes": [
						{"origin": [-9.5, 4.75, 9], "size": [5, 11, 5], "uv": [105, 143], "mirror": true}
					]
				},
				{
					"name": "foot_back_right",
					"parent": "leg_back_right2",
					"pivot": [-7, 5.25, 11.25],
					"cubes": [
						{"origin": [-9.5, 2.25, 3.75], "size": [5, 4, 10], "inflate": 0.01, "uv": [139, 1], "mirror": true}
					]
				},
				{
					"name": "leg_front_right1",
					"parent": "body",
					"pivot": [-7.5, 23.25, -10.5],
					"cubes": [
						{"origin": [-10, 15.25, -11.5], "size": [5, 11, 4], "inflate": 0.01, "uv": [134, 46]}
					]
				},
				{
					"name": "leg_front_right2",
					"parent": "leg_front_right1",
					"pivot": [-7.5, 15.25, -7.75],
					"cubes": [
						{"origin": [-10, 7.75, -9.75], "size": [5, 8, 2], "uv": [139, 64]}
					]
				},
				{
					"name": "foot_front_right",
					"parent": "leg_front_right2",
					"pivot": [-7.5, 8.25, -10.5],
					"cubes": [
						{"origin": [-10, 3.25, -10], "size": [5, 5, 2], "inflate": 0.01, "uv": [56, 9]}
					]
				},
				{
					"name": "thumb_front_right",
					"parent": "foot_front_right",
					"pivot": [-5.55, 6.75, -9.15],
					"cubes": [
						{"origin": [-5.8, 6.25, -9.65], "size": [3, 1, 1], "uv": [52, 49]}
					]
				},
				{
					"name": "leg_front_left1",
					"parent": "body",
					"pivot": [7.5, 23.25, -10.5],
					"cubes": [
						{"origin": [5, 15.25, -11.5], "size": [5, 11, 4], "inflate": 0.01, "uv": [56, 141]}
					]
				},
				{
					"name": "leg_front_left2",
					"parent": "leg_front_left1",
					"pivot": [7.5, 15.25, -8.75],
					"cubes": [
						{"origin": [5, 7.75, -9.75], "size": [5, 8, 2], "uv": [139, 64]}
					]
				},
				{
					"name": "foot_front_left",
					"parent": "leg_front_left2",
					"pivot": [7.5, 8.25, -10.5],
					"cubes": [
						{"origin": [5, 3.25, -10], "size": [5, 5, 2], "inflate": 0.01, "uv": [144, 151]}
					]
				},
				{
					"name": "thumb_front_left",
					"parent": "foot_front_left",
					"pivot": [5.55, 2.75, -12.15],
					"cubes": [
						{"origin": [2.8, 6.25, -9.65], "size": [3, 1, 1], "uv": [59, 52]}
					]
				},
				{
					"name": "leg_back_left1",
					"parent": "body",
					"pivot": [7, 25.25, 9.5],
					"cubes": [
						{"origin": [4, 15.25, 5.5], "size": [6, 12, 8], "inflate": 0.01, "uv": [114, 69]}
					]
				},
				{
					"name": "leg_back_left2",
					"parent": "leg_back_left1",
					"pivot": [7, 15.25, 13],
					"cubes": [
						{"origin": [4.5, 4.75, 9], "size": [5, 11, 5], "uv": [76, 144]}
					]
				},
				{
					"name": "foot_back_left",
					"parent": "leg_back_left2",
					"pivot": [7, 5.25, 11.25],
					"cubes": [
						{"origin": [4.5, 2.25, 3.75], "size": [5, 4, 10], "inflate": 0.01, "uv": [139, 116]}
					]
				}
			]
		}
	]
}