{
  "target": "cobblemon:gardevoir",
  "features": ["cloudian"],
  "forms": [
    {
 "name": "cloudian",
 "aspects": ["cloudian"],
 "nationalPokedexNumber": 282,
 "primaryType": "Ghost",
 "secondaryType": "Fire",
  "abilities": [
    "FlameBody",
    "PoisonPoint",
    "h:PoisonHeal"
 ],
 "baseStats": {
  "hp": 70,
  "attack": 65,
  "defence": 65,
  "special_attack": 130,
  "special_defence": 80,
  "speed": 115
 },
 "behaviour": {
   "resting": {
     "canSleep": true,
     "depth": "normal",
     "light": "0-4",
     "willSleepOnBed": true
   },
   "moving": {
     "canLook": true,
     "walk": {
       "canWalk": true,
       "avoidsLand": false
     },
     "swim": {
       "swimSpeed": 0.3,
       "canSwimInWater": false,
       "canBreatheUnderwater": false
     },
     "fly": {
       "canFly": false,
       "flySpeedHorizontal": 0.3
     }
   }
 },
 "catchRate": 45,
 "maleRatio": 0.5,
 "experienceGroup": "slow",
 "shoulderMountable": true,
 "baseExperienceYield": 259,
 "eggCycles": 20,
 "eggGroups": [
    "human_like",
    "amorphous"
 ],
 "drops": {
   "amount": 1,
   "entries": [
     {
       "item": "cobblemon:spell_tag",
       "quantityRange": "1-2",
       "percentage": 4
     }
   ]
  },
  "moves": [
    "1:Pound",
    "1:Tackle",
    "1:Growl",
    "1:Sing",
    "9:TakeDown",
    "12:FirePunch",
    "14:Disable",
    "15:Hypnosis",
    "17:ConfuseRay",
    "18:Reflect",
    "23:Encore",
    "28:Moonlight",
    "33:ShadowBall",
    "33:Grudge",
    "38:BlazeKick",
    "43:WillOWisp",
    "48:HeartSwap",
    "51:DarkPulse",
    "53:Flamethrower",
    "64:MysticalFire",
    "66:DazzlingGleam",
    "tm:allyswitch",
    "tm:attract",
    "tm:aurasphere",
    "tm:bodyslam",
    "tm:calmmind",
    "tm:captivate",
    "tm:chargebeam",
    "tm:charm",
    "tm:confide",
    "tm:confuseray",
    "tm:dazzlinggleam",
    "tm:disarmingvoice",
    "tm:doubleteam",
    "tm:drainingkiss",
    "tm:dreameater",
    "tm:echoedvoice",
    "tm:encore",
    "tm:endure",
    "tm:energyball",
    "tm:facade",
    "tm:firepunch",
    "tm:flash",
    "tm:fling",
    "tm:focusblast",
    "tm:frustration",
    "tm:futuresight",
    "tm:gigaimpact",
    "tm:grassknot",
    "tm:guardswap",
    "tm:helpinghand",
    "tm:hiddenpower",
    "tm:hyperbeam",
    "tm:hypervoice",
    "tm:icepunch",
    "tm:icywind",
    "tm:imprison",
    "tm:lightscreen",
    "tm:magicalleaf",
    "tm:magicroom",
    "tm:megakick",
    "tm:megapunch",
    "tm:metronome",
    "tm:mistyterrain",
    "tm:mysticalfire",
    "tm:naturalgift",
    "tm:nightshade",
    "tm:powerswap",
    "tm:protect",
    "tm:psybeam",
    "tm:psychic",
    "tm:psychicterrain",
    "tm:psychup",
    "tm:psyshock",
    "tm:raindance",
    "tm:recycle",
    "tm:reflect",
    "tm:rest",
    "tm:return",
    "tm:round",
    "tm:safeguard",
    "tm:secretpower",
    "tm:shadowball",
    "tm:shockwave",
    "tm:skillswap",
    "tm:sleeptalk",
    "tm:snatch",
    "tm:snore",
    "tm:storedpower",
    "tm:substitute",
    "tm:sunnyday",
    "tm:swagger",
    "tm:swift",
    "tm:taunt",
    "tm:telekinesis",
    "tm:terablast",
    "tm:thief",
    "tm:thunderbolt",
    "tm:thunderpunch",
    "tm:thunderwave",
    "tm:torment",
    "tm:toxic",
    "tm:trick",
    "tm:trickroom",
    "tm:willowisp",
    "tm:wonderroom",
    "tm:zenheadbutt",
    "tutor:allyswitch",
    "tutor:bodyslam",
    "tutor:calmmind",
    "tutor:dazzlinggleam",
    "tutor:defensecurl",
    "tutor:doubleedge",
    "tutor:dreameater",
    "tutor:endure",
    "tutor:expandingforce",
    "tutor:firepunch",
    "tutor:focusblast",
    "tutor:headbutt",
    "tutor:healbell",
    "tutor:helpinghand",
    "tutor:hypervoice",
    "tutor:hypnosis",
    "tutor:icepunch",
    "tutor:icywind",
    "tutor:laserfocus",
    "tutor:magiccoat",
    "tutor:magicroom",
    "tutor:mimic",
    "tutor:mistyexplosion",
    "tutor:moonblast",
    "tutor:mudslap",
    "tutor:nightmare",
    "tutor:painsplit",
    "tutor:psychic",
    "tutor:psychup",
    "tutor:recycle",
    "tutor:shockwave",
    "tutor:signalbeam",
    "tutor:skillswap",
    "tutor:sleeptalk",
    "tutor:snatch",
    "tutor:snore",
    "tutor:storedpower",
    "tutor:substitute",
    "tutor:swagger",
    "tutor:swift",
    "tutor:telekinesis",
    "tutor:thunderbolt",
    "tutor:thunderpunch",
    "tutor:thunderwave",
    "tutor:trick",
    "tutor:tripleaxel",
    "tutor:wonderroom",
    "tutor:zenheadbutt"
  ],
  "labels": [
         "cloud_regional"
  ],
  "pokedex": [
    "cobblemon.species.gardevoir_cloud.desc1"
 ],
  "preEvolution": "kirlia",
  "baseScale": 1,
  "hitbox": {
    "width": 1,
    "height": 2.2,
    "fixed": false
  },
 "baseFriendship": 35,
 "evYield": {
   "hp": 0,
   "attack": 0,
   "defence": 0,
   "special_attack": 3,
   "special_defence": 0,
   "speed": 0
 },
  "height": 16,
  "weight": 484,
  "evolutions": [],
  "cannotDynamax": false
        }
    ]
} 