{
	"format_version": "1.12.0",
	"minecraft:geometry": [
		{
			"description": {
				"identifier": "geometry.bloshad",
				"texture_width": 128,
				"texture_height": 128,
				"visible_bounds_width": 4,
				"visible_bounds_height": 4.5,
				"visible_bounds_offset": [0, 1.75, 0]
			},
			"bones": [
				{
					"name": "bloshad",
					"pivot": [0, 0, 0]
				},
				{
					"name": "puddle",
					"parent": "bloshad",
					"pivot": [0, 0.1, -7],
					"cubes": [
						{"origin": [-11, 0.1, -10], "size": [22, 0, 27], "uv": [32, 48]}
					]
				},
				{
					"name": "bone",
					"parent": "bloshad",
					"pivot": [0, 0, 0]
				},
				{
					"name": "bone2",
					"parent": "bone",
					"pivot": [0, 0, 0],
					"cubes": [
						{"origin": [-5, 0, -5], "size": [10, 31, 10], "uv": [68, 0]}
					]
				},
				{
					"name": "arm",
					"parent": "bone2",
					"pivot": [4, 27.5, 0],
					"rotation": [0, 0, -40],
					"cubes": [
						{"origin": [0.53955, 11.98744, -2.5], "size": [5, 16, 5], "uv": [9, 37]},
						{"origin": [3.53955, 7.98744, -3.5], "size": [0, 5, 7], "uv": [22, 72]}
					]
				},
				{
					"name": "arm2",
					"parent": "bone2",
					"pivot": [-4, 27.5, 0],
					"rotation": [0, 0, 40],
					"cubes": [
						{"origin": [-3.53955, 7.98744, -3.5], "size": [0, 5, 7], "uv": [22, 72], "mirror": true},
						{"origin": [-5.53955, 11.98744, -2.5], "size": [5, 16, 5], "uv": [9, 37], "mirror": true}
					]
				},
				{
					"name": "head",
					"parent": "bone2",
					"pivot": [0, 30, 0],
					"cubes": [
						{"origin": [-7.5, 30, -7.5], "size": [15, 15, 15], "uv": [0, 0]}
					]
				},
				{
					"name": "bone3",
					"parent": "head",
					"pivot": [0, 43, 7.5],
					"rotation": [12.5, 0, 0],
					"cubes": [
						{"origin": [-13.5, 14, 7.5], "size": [27, 29, 0], "uv": [49, 84]}
					]
				}
			]
		}
	]
}