{
  "target": "cobblemon:falinks",
  "features": ["coterian"],
"forms":[
  {
    "implemented": true,
    "name": "Coterian",
    "nationalPokedexNumber": 870,
    "primaryType": "fighting",
    "secondaryType": "poison",
    "abilities": [
      "poisontouch",
      "h:merciless"
    ],
    "drops": {
      "amount": 2,
      "entries": [
        {
          "item": "minecraft:warped_fungus",
          "percentage": 5.0
        },
        {
          "item": "cobblemon:pecha_berry",
          "percentage": 5.0
        }
      ]
    },
    "baseStats": {
      "hp": 65,
      "attack": 100,
      "defence": 100,
      "special_attack": 65,
      "special_defence": 65,
      "speed": 75
    },
    "behaviour": {
      "moving": {
        "canLook": false,
        "walk": {
          "walkSpeed": 0.25
        }
      }
    },
    "catchRate": 45,
    "maleRatio": -1,
    "shoulderMountable": false,
    "baseExperienceYield": 165,
    "experienceGroup": "medium_fast",
    "eggCycles": 25,
    "eggGroups": [
      "fairy",
      "mineral"
    ],
    "moves": [
      "1:protect",
      "1:tackle",
      "1:poisonpowder",
      "5:poisonsting",
      "7:branchpoke",
      "10:focusenergy",
      "15:razorleaf",
      "20:bulkup",
      "22:ingrain",
      "25:poisonjab",
      "30:reversal",
      "32:spikyshield",
      "35:firstimpression",
      "40:noretreat",
      "45:toxic",
      "47:mortalspin",
      "50:closecombat",
      "55:spiritbreak",
      "60:counter",
      "65:spore",
      "tm:agility",
      "tm:assurance",
      "tm:beatup",
      "tm:bodypress",
      "tm:bodyslam",
      "tm:brickbreak",
      "tm:bulkup",
      "tm:closecombat",
      "tm:coaching",
      "tm:endeavor",
      "tm:endure",
      "tm:facade",
      "tm:falseswipe",
      "tm:focusblast",
      "tm:focusenergy",
      "tm:gigaimpact",
      "tm:helpinghand",
      "tm:highhorsepower",
      "tm:hyperbeam",
      "tm:irondefense",
      "tm:ironhead",
      "tm:knockoff",
      "tm:lunge",
      "tm:payback",
      "tm:poisonjab",
      "tm:gunkshot",
      "tm:protect",
      "tm:psychup",
      "tm:raindance",
      "tm:rest",
      "tm:retaliate",
      "tm:revenge",
      "tm:reversal",
      "tm:rockslide",
      "tm:rocktomb",
      "tm:round",
      "tm:screech",
      "tm:sleeptalk",
      "tm:sludgebomb",
      "tm:sludgewave",
      "tm:snore",
      "tm:substitute",
      "tm:sunnyday",
      "tm:superpower",
      "tm:swordsdance",
      "tm:takedown",
      "tm:throatchop",
      "tm:toxic",
      "tm:terablast",
      "tm:throatchop",
      "tm:trailblaze",
      "tm:upperhand",
      "tm:uproar",
      "tm:venoshock",
      "tm:zenheadbutt",
      "tm:leafblade",
      "tm:magicalleaf",
      "tutor:coaching",
      "tutor:grassyglide"
    ],
    "labels": [
      "gen8","coterian"
    ],
    "pokedex": [
      "cobblemon.species.falinks_coterian.desc"
    ],
    "evolutions": [],
    "baseScale": 0.7,
    "hitbox": {
      "width": 1.7,
      "height": 0.7,
      "fixed": false
    },
    "baseFriendship": 50,
    "evYield": {
      "hp": 0,
      "attack": 2,
      "defence": 0,
      "special_attack": 0,
      "special_defence": 1,
      "speed": 0
    },
    "height": 26,
    "weight": 580,
    "aspects": ["coterian"],
    "cannotDynamax": false
  }
]
}  