{
    "target": "cobblemon:polteageist",
    "features": ["coterian"],
  "forms":[
    {
      "name": "Coterian",
      "nationalPokedexNumber": 855,
      "primaryType": "ghost",
      "secondaryType": "fire",
      "abilities": [
        "flamebody",
        "h:hospitality"
      ],
      "baseStats": {
        "hp": 70,
        "attack": 65,
        "defence": 65,
        "special_attack": 134,
        "special_defence": 114,
        "speed": 60
      },
      "catchRate": 60,
      "maleRatio": -1,
      "shoulderMountable": false,
      "forms": [
        {
          "name": "Premium Roast",
          "primaryType": "ghost",
          "secondaryType": "fire",
          "abilities": [
            "flamebody",
            "h:hospitality"
          ],
          "baseStats": {
            "hp": 70,
            "attack": 65,
            "defence": 65,
            "special_attack": 134,
            "special_defence": 114,
            "speed": 60
          },
          "catchRate": 60,
          "maleRatio": -1,
          "baseExperienceYield": 178,
          "baseFriendship": 50,
          "evYield": {
            "hp": 0,
            "attack": 0,
            "defence": 0,
            "special_attack": 2,
            "special_defence": 0,
            "speed": 0
          },
          "experienceGroup": "medium_fast",
          "eggCycles": 20,
          "eggGroups": [
            "undiscovered"
          ],
          "labels": [
            "gen8","cotere"
          ],
          "aspects": [
            "premium_roast", "coterian"
          ],
          "height": 2,
          "weight": 4,
          "preEvolution": "sinistea",
          "cannotDynamax": false,
          "battleOnly": false
        }
      ],
      "baseExperienceYield": 178,
      "experienceGroup": "medium_fast",
      "eggCycles": 20,
      "eggGroups": [
        "mineral",
        "amorphous"
      ],
      "moves": [
        "1:aromaticmist",
        "1:astonish",
        "1:firespin",
        "1:strengthsap",
        "1:withdraw",
        "18:protect",
        "24:suckerpunch",
        "30:aromatherapy",
        "30:sweetscent",
        "36:dazzlinggleam",
        "42:nastyplot",
        "48:shadowball",
        "54:memento",
        "58:heatwave",
        "60:decorate",
        "66:scald",
        "tm:allyswitch",
        "tm:batonpass",
        "tm:calmmind",
        "tm:confuseray",
        "tm:curse",
        "tm:darkpulse",
        "tm:dazzlinggleam",
        "tm:endure",
        "tm:facade",
        "tm:firespin",
        "tm:flamethrower",
        "tm:fireblast",
        "tm:foulplay",
        "tm:gigadrain",
        "tm:gigaimpact",
        "tm:hex",
        "tm:hyperbeam",
        "tm:heatwave",
        "tm:imprison",
        "tm:lightscreen",
        "tm:magicalleaf",
        "tm:metronome",
        "tm:nastyplot",
        "tm:nightshade",
        "tm:painsplit",
        "tm:payback",
        "tm:phantomforce",
        "tm:poltergeist",
        "tm:protect",
        "tm:psybeam",
        "tm:psychic",
        "tm:psyshock",
        "tm:reflect",
        "tm:rest",
        "tm:round",
        "tm:scald",
        "tm:selfdestruct",
        "tm:shadowball",
        "tm:skillswap",
        "tm:sleeptalk",
        "tm:snore",
        "tm:spite",
        "tm:storedpower",
        "tm:substitute",
        "tm:sunnyday",
        "tm:terablast",
        "tm:trick",
        "tm:trickroom",
        "tm:willowisp",
        "tm:wonderroom",
        "tutor:poltergeist",
        "tutor:mistyexplosion"
      ],
      "labels": [
        "gen8","cotere"
      ],
      "pokedex": [
        "cobblemon.species.polteageist_coterian.desc"
      ],
      "preEvolution": "sinistea",
      "evolutions": [],
      "baseScale": 0.6,
      "hitbox": {
        "width": 1,
        "height": 2.3,
        "fixed": false
      },
      "baseFriendship": 50,
      "evYield": {
        "hp": 0,
        "attack": 0,
        "defence": 0,
        "special_attack": 2,
        "special_defence": 0,
        "speed": 0
      },
      "height": 2,
      "weight": 4,
      "aspects": ["coterian"],
      "cannotDynamax": false,
      "drops": {
        "amount": 1,
        "entries": [
          {
            "item": "minecraft:cocoa_beans",
            "percentage": 5.0
          }
        ]    
      }
    }
  ]
}
    
    