{
  "target": "cobblemon:scorbunny",
  "features": ["coterian"],
"forms":[
      {
          "implemented": true,
          "name": "Coterian",
          "nationalPokedexNumber": 813,
          "primaryType": "electric",
          "abilities": [
            "magician",
            "h:static"
          ],
          "baseStats": {
              "hp": 50,
              "attack": 40,
              "defence": 35,
              "special_attack": 71,
              "special_defence": 45,
              "speed": 69
          },
          "behaviour": {
            
            "resting": {
              "canSleep": true,
              "willSleepOnBed": true,
              "depth": "normal",
              "light": "0-4"
            }
          },
          "features": [
          ],
          "catchRate": 45,
          "maleRatio": 0.875,
          "shoulderMountable": false,
          "baseExperienceYield": 62,
          "experienceGroup": "medium_slow",
          "eggCycles": 20,
          "eggGroups": [
            "field",
            "human_like"
          ],
          "moves": [
              "1:growl",
              "1:tackle",
              "5:thundershock",
              "8:quickattack",
              "12:doublekick",
              "17:shockwave",
              "20:agility",
              "24:vacuumwave",
              "28:aurasphere",
              "32:bounce",
              "36:risingvoltage",
              "egg:highjumpkick",
              "egg:sandattack",
              "egg:suckerpunch",
              "egg:superfang",
              "tm:acrobatics",
              "tm:agility",
              "tm:allyswitch",
              "tm:assurance",
              "tm:attract",
              "tm:batonpass",
              "tm:bounce",
              "tm:doubleedge",
              "tm:electroball",
              "tm:endure",
              "tm:facade",
              "tm:focusenergy",
              "tm:gunkshot",
              "tm:heatwave",
              "tm:helpinghand",
              "tm:lowkick",
              "tm:lowsweep",
              "tm:megakick",
              "tm:mudshot",
              "tm:protect",
              "tm:rest",
              "tm:reversal",
              "tm:round",
              "tm:sleeptalk",
              "tm:snore",
              "tm:substitute",
              "tm:superfang",
              "tm:swift",
              "tm:takedown",
              "tm:taunt",
              "tm:terablast",
              "tm:trailblaze",
              "tm:uturn",
              "tm:workup",
              "tm:stompingtantrum",
              "tm:thunderbolt",
              "tm:thunder",
              "tm:electroweb",
              "tm:electricterrain",
              "tm:eerieimpulse",
              "tutor:risingvoltage"
          ],
          "labels": [
            "gen8",
            "coterian"
          ],
          "pokedex": [
            "cobblemon.species.scorbunny_coterian.desc"
          ],
          "aspects": [
            "coterian"
          ],
          "evolutions": [
            {
              "id": "scorbunny_raboot_coterian",
              "variant": "level_up",
              "result": "raboot form=coterian",
              "consumeHeldItem": false,
              "learnableMoves": ["swift"],
              "requirements": [
                {
                  "variant": "level",
                  "minLevel": 16
                }
              ]
            }
          ],
          "baseScale": 0.5,
          "hitbox": {
            "width": 0.7,
            "height": 1.3,
            "fixed": false
          },
          "baseFriendship": 50,
          "evYield": {
            "hp": 0,
            "attack": 0,
            "defence": 0,
            "special_attack": 0,
            "special_defence": 0,
            "speed": 1
          },
          "height": 3,
          "weight": 45,
          "cannotDynamax": false
        }
]
}