{
    "target": "cobblemon:sinistea",
    "features": ["coterian", "premium_roast"],
  "forms":[
    {
      "name": "Coterian",
      "nationalPokedexNumber": 854,
      "primaryType": "ghost",
      "secondaryType": "fire",
      "abilities": [
        "flamebody",
        "h:hospitality"
      ],
      "baseStats": {
        "hp": 40,
        "attack": 45,
        "defence": 45,
        "special_attack": 74,
        "special_defence": 54,
        "speed": 50
      },
      "catchRate": 120,
      "maleRatio": -1,
      "shoulderMountable": false,
      "forms": [
        {
          "name": "premium_roast",
          "primaryType": "ghost",
          "secondaryType": "fire",
          "abilities": [
            "flamebody",
            "h:hospitality"
          ],
          "baseStats": {
            "hp": 40,
            "attack": 45,
            "defence": 45,
            "special_attack": 74,
            "special_defence": 54,
            "speed": 50
          },
          "catchRate": 120,
          "maleRatio": -1,
          "baseExperienceYield": 62,
          "baseFriendship": 50,
          "evYield": {
            "hp": 0,
            "attack": 0,
            "defence": 0,
            "special_attack": 1,
            "special_defence": 0,
            "speed": 0
          },
          "experienceGroup": "medium_fast",
          "eggCycles": 20,
          "eggGroups": [
            "undiscovered"
          ],
          "moves": [
            "1:astonish",
            "1:withdraw",
            "1:willowisp",
            "6:aromaticmist",
            "12:firespin",
            "24:suckerpunch",
            "30:sweetscent",
            "36:dazzlinggleam",
            "42:nastyplot",
            "48:shadowball",
            "54:memento",
            "56:heatwave",
            "60:shellsmash",
            "egg:allyswitch",
            "tm:batonpass",
            "tm:calmmind",
            "tm:confuseray",
            "tm:curse",
            "tm:dazzlinggleam",
            "tm:endure",
            "tm:facade",
            "tm:firespin",
            "tm:flamethrower",
            "tm:foulplay",
            "tm:hex",
            "tm:imprison",
            "tm:magicalleaf",
            "tm:metronome",
            "tm:nastyplot",
            "tm:nightshade",
            "tm:phantomforce",
            "tm:poltergeist",
            "tm:protect",
            "tm:psybeam",
            "tm:psychic",
            "tm:psyshock",
            "tm:rest",
            "tm:shadowball",
            "tm:skillswap",
            "tm:sleeptalk",
            "tm:spite",
            "tm:storedpower",
            "tm:substitute",
            "tm:sunnyday",
            "tm:terablast",
            "tm:trick",
            "tm:trickroom",
            "tm:willowisp",
            "tutor:aromatherapy",
            "tutor:celebrate",
            "tutor:memento",
            "tutor:metronome"
          ],
          "labels": [
            "gen8","cotere"
          ],
          "aspects": [
            "premium_roast","coterian"
          ],
          "height": 1,
          "weight": 2,
          "evolutions": [
            {
              "id": "sinistea_polteageist",
              "variant": "item_interact",
              "result": "polteageist coterian premium_roast",
              "consumeHeldItem": false,
              "learnableMoves": ["slackoff"],
              "requirements": [],
              "requiredContext": "cobblemon:occa_berry"
            }
          ],
          "cannotDynamax": false,
          "battleOnly": false
        }
      ],
      "baseExperienceYield": 62,
      "experienceGroup": "medium_fast",
      "eggCycles": 20,
      "eggGroups": [
        "mineral",
        "amorphous"
      ],
      "moves": [
        "1:astonish",
        "1:withdraw",
        "1:willowisp",
        "6:aromaticmist",
        "12:firespin",
        "24:suckerpunch",
        "30:sweetscent",
        "36:dazzlinggleam",
        "42:nastyplot",
        "48:shadowball",
        "54:memento",
        "56:heatwave",
        "60:shellsmash",
        "egg:allyswitch",
        "tm:batonpass",
        "tm:calmmind",
        "tm:confuseray",
        "tm:curse",
        "tm:dazzlinggleam",
        "tm:endure",
        "tm:facade",
        "tm:firespin",
        "tm:flamethrower",
        "tm:foulplay",
        "tm:hex",
        "tm:imprison",
        "tm:magicalleaf",
        "tm:metronome",
        "tm:nastyplot",
        "tm:nightshade",
        "tm:phantomforce",
        "tm:poltergeist",
        "tm:protect",
        "tm:psybeam",
        "tm:psychic",
        "tm:psyshock",
        "tm:rest",
        "tm:shadowball",
        "tm:skillswap",
        "tm:sleeptalk",
        "tm:spite",
        "tm:storedpower",
        "tm:substitute",
        "tm:sunnyday",
        "tm:terablast",
        "tm:trick",
        "tm:trickroom",
        "tm:willowisp",
        "tutor:aromatherapy",
        "tutor:celebrate",
        "tutor:memento",
        "tutor:metronome"
      ],
      "labels": [
        "gen8","coterian"
      ],
      "pokedex": [
        "cobblemon.species.sinistea_coterian.desc"
      ],
      "evolutions": [
        {
          "id": "sinistea_polteageist",
          "variant": "item_interact",
          "result": "polteageist coterian",
          "consumeHeldItem": false,
          "learnableMoves": [
            "slackoff"
          ],
          "requirements": [],
          "requiredContext": "cobblemon:occa_berry"
        }
      ],
      "baseScale": 0.6,
      "hitbox": {
        "width": 1,
        "height": 1.5,
        "fixed": false
      },
      "baseFriendship": 50,
      "evYield": {
        "hp": 0,
        "attack": 0,
        "defence": 0,
        "special_attack": 1,
        "special_defence": 0,
        "speed": 0
      },
      "height": 1,
      "weight": 2,
      "aspects": ["coterian"],
      "cannotDynamax": false,
      "drops": {
        "amount": 1,
        "entries": [
          {
            "item": "minecraft:cocoa_beans",
            "percentage": 2.5
          }
        ]
      }
    }
  ]
}
    
    