{
	"format_version": "1.12.0",
	"minecraft:geometry": [
		{
			"description": {
				"identifier": "geometry.unknown",
				"texture_width": 64,
				"texture_height": 64,
				"visible_bounds_width": 4,
				"visible_bounds_height": 2.5,
				"visible_bounds_offset": [0, 0.75, 0]
			},
			"bones": [
				{
					"name": "dimeazuli",
					"pivot": [0, 0, 0]
				},
				{
					"name": "body",
					"parent": "dimeazuli",
					"pivot": [0, 0, 0]
				},
				{
					"name": "waist",
					"parent": "body",
					"pivot": [0, 8, 4],
					"cubes": [
						{"origin": [-5, 3, -1], "size": [9, 6, 6], "uv": [0, 0]}
					]
				},
				{
					"name": "tail1",
					"parent": "waist",
					"pivot": [0, 5, 6],
					"cubes": [
						{"origin": [-3, 3.5, 4], "size": [5, 5, 6], "inflate": 0.02, "uv": [35, 21]}
					]
				},
				{
					"name": "tail2",
					"parent": "tail1",
					"pivot": [0, 6, 9],
					"cubes": [
						{"origin": [-2, 3.5, 10], "size": [3, 4, 5], "inflate": 0.01, "uv": [38, 32]}
					]
				},
				{
					"name": "tail3",
					"parent": "tail2",
					"pivot": [-0.5, 5, 18],
					"cubes": [
						{"origin": [-1, 3.5, 15], "size": [1, 3, 6], "uv": [39, 41]}
					]
				},
				{
					"name": "torso",
					"parent": "waist",
					"pivot": [0, -3, 0],
					"cubes": [
						{"origin": [-1, 9, -4], "size": [1, 7, 6], "uv": [39, 50]},
						{"origin": [-5, 3, -8], "size": [9, 6, 7], "uv": [0, 12]}
					]
				},
				{
					"name": "neck",
					"parent": "torso",
					"pivot": [-0.5, 6.53806, -8.19134],
					"cubes": [
						{"origin": [-3, 4, -12], "size": [5, 5, 7], "pivot": [0, 7, -8], "rotation": [-22.5, 0, 0], "uv": [1, 26]}
					]
				},
				{
					"name": "head",
					"parent": "neck",
					"pivot": [0, 8, -10],
					"cubes": [
						{"origin": [-4, 5.44834, -15.69136], "size": [7, 6, 6], "uv": [0, 38]},
						{"origin": [-4, 6.44834, -20.69136], "size": [7, 5, 5], "uv": [0, 50]}
					]
				},
				{
					"name": "jaw",
					"parent": "head",
					"pivot": [-0.5, 6, -17.5],
					"cubes": [
						{"origin": [-3, 5.5, -20], "size": [5, 1, 5], "uv": [24, 0]}
					]
				},
				{
					"name": "eyes",
					"parent": "head",
					"pivot": [-0.5, 12.5, -15]
				},
				{
					"name": "eye_right",
					"parent": "eyes",
					"pivot": [-5.52, 10, -17.5],
					"cubes": [
						{"origin": [-4.01, 7.5, -15], "size": [0, 3, 4], "uv": [26, 31]}
					]
				},
				{
					"name": "eyelid_right",
					"parent": "eye_right",
					"pivot": [-3.4, 9.5, -13],
					"cubes": [
						{"origin": [-3.9, 7.5, -15], "size": [1, 3, 4], "inflate": 0.025, "uv": [26, 45]}
					]
				},
				{
					"name": "eye_left",
					"parent": "eyes",
					"pivot": [3.52, 10, -12.5],
					"cubes": [
						{"origin": [3.01, 7.5, -15], "size": [0, 3, 4], "uv": [26, 28]}
					]
				},
				{
					"name": "eyelid_left",
					"parent": "eye_left",
					"pivot": [2.47, 9.5, -13],
					"cubes": [
						{"origin": [1.97, 7.5, -15], "size": [1, 3, 4], "inflate": 0.025, "uv": [26, 38]}
					]
				},
				{
					"name": "leg_front_left1",
					"parent": "body",
					"pivot": [3.65, 4.5, -5],
					"cubes": [
						{"origin": [2.15, 2, -7], "size": [3, 5, 4], "uv": [30, 6]}
					]
				},
				{
					"name": "leg_front_left2",
					"parent": "leg_front_left1",
					"pivot": [3.65, 1, -5],
					"cubes": [
						{"origin": [2.15, 0, -7], "size": [3, 2, 4], "inflate": 0.01, "uv": [32, 15]}
					]
				},
				{
					"name": "toes_front_left",
					"parent": "leg_front_left2",
					"pivot": [7.4, 0, -2.5]
				},
				{
					"name": "toe_front_left1",
					"parent": "toes_front_left",
					"pivot": [3.65, 0, -8],
					"cubes": [
						{"origin": [2.65, 0, -9], "size": [0, 2, 2], "uv": [39, -2]}
					]
				},
				{
					"name": "toe_front_left2",
					"parent": "toes_front_left",
					"pivot": [3.65, 0, -8],
					"cubes": [
						{"origin": [3.65, 0, -9], "size": [0, 2, 2], "uv": [39, -2]}
					]
				},
				{
					"name": "toe_front_left3",
					"parent": "toes_front_left",
					"pivot": [3.65, 0, -8],
					"cubes": [
						{"origin": [4.65, 0, -9], "size": [0, 2, 2], "uv": [39, -2]}
					]
				},
				{
					"name": "toe_front_left4",
					"parent": "toes_front_left",
					"pivot": [-2.35, 0, -6],
					"cubes": [
						{"origin": [0.5, 0, -6], "size": [2, 2, 0], "uv": [43, 0]}
					]
				},
				{
					"name": "leg_front_right1",
					"parent": "body",
					"pivot": [-4.65, 4.5, -5],
					"cubes": [
						{"origin": [-6.15, 2, -7], "size": [3, 5, 4], "uv": [30, 6]}
					]
				},
				{
					"name": "leg_front_right2",
					"parent": "leg_front_right1",
					"pivot": [-4.65, 1, -5],
					"cubes": [
						{"origin": [-6.15, 0, -7], "size": [3, 2, 4], "inflate": 0.01, "uv": [32, 15]}
					]
				},
				{
					"name": "toes_front_right",
					"parent": "leg_front_right2",
					"pivot": [-0.6, 0, -2.5]
				},
				{
					"name": "toe_front_right1",
					"parent": "toes_front_right",
					"pivot": [-4.35, 0, -8],
					"cubes": [
						{"origin": [-5.5, 0, -9], "size": [0, 2, 2], "uv": [39, -2]}
					]
				},
				{
					"name": "toe_front_right2",
					"parent": "toes_front_right",
					"pivot": [-4.35, 0, -8],
					"cubes": [
						{"origin": [-4.5, 0, -9], "size": [0, 2, 2], "uv": [39, -2]}
					]
				},
				{
					"name": "toe_front_right3",
					"parent": "toes_front_right",
					"pivot": [-4.35, 0, -8],
					"cubes": [
						{"origin": [-3.5, 0, -9], "size": [0, 2, 2], "uv": [39, -2]}
					]
				},
				{
					"name": "toe_front_right4",
					"parent": "toes_front_right",
					"pivot": [-2.35, 0, -6],
					"cubes": [
						{"origin": [-3.5, 0, -6], "size": [2, 2, 0], "uv": [47, 0]}
					]
				},
				{
					"name": "leg_back_right1",
					"parent": "body",
					"pivot": [-4.35, 4.5, 2.75],
					"cubes": [
						{"origin": [-5.85, 2, 0.75], "size": [3, 5, 4], "uv": [44, 6]}
					]
				},
				{
					"name": "leg_back_right2",
					"parent": "leg_back_right1",
					"pivot": [-4.35, 2.71023, 3.2342],
					"cubes": [
						{"origin": [-5.85, 0.0936, 1.06055], "size": [3, 2, 4], "inflate": 0.01, "uv": [46, 15]}
					]
				},
				{
					"name": "toes_back_right",
					"parent": "leg_back_right2",
					"pivot": [-0.6, 0.72543, 5.81055]
				},
				{
					"name": "toe_back_right1",
					"parent": "toes_back_right",
					"pivot": [-4.35, 0.72543, 0.31055],
					"cubes": [
						{"origin": [-5.5, 0.0936, -0.68945], "size": [0, 2, 2], "uv": [39, -2]}
					]
				},
				{
					"name": "toe_back_right2",
					"parent": "toes_back_right",
					"pivot": [-4.35, 0.72543, 0.31055],
					"cubes": [
						{"origin": [-4.5, 0.0936, -0.68945], "size": [0, 2, 2], "uv": [39, -2]}
					]
				},
				{
					"name": "toe_back_right3",
					"parent": "toes_back_right",
					"pivot": [-4.35, 0.72543, 0.31055],
					"cubes": [
						{"origin": [-3.5, 0.0936, -0.68945], "size": [0, 2, 2], "uv": [39, -2]}
					]
				},
				{
					"name": "toe_back_right4",
					"parent": "toes_back_right",
					"pivot": [-2.35, 0.72543, -5.68945],
					"cubes": [
						{"origin": [-3.5, 0.72543, 1.31055], "size": [2, 2, 0], "uv": [47, 0]}
					]
				},
				{
					"name": "leg_back_left1",
					"parent": "body",
					"pivot": [3.35, 4.5, 2.75],
					"cubes": [
						{"origin": [1.85, 2, 0.75], "size": [3, 5, 4], "uv": [44, 6]}
					]
				},
				{
					"name": "leg_back_left2",
					"parent": "leg_back_left1",
					"pivot": [3.35, 2.0784, 3.19463],
					"cubes": [
						{"origin": [1.85, 0.09359, 1.02098], "size": [3, 2, 4], "inflate": 0.01, "uv": [46, 15]}
					]
				},
				{
					"name": "toes_back_left",
					"parent": "leg_back_left2",
					"pivot": [7.4, 0.09359, 5.77098]
				},
				{
					"name": "toe_back_left1",
					"parent": "toes_back_left",
					"pivot": [3.65, 0.09359, 0.27098],
					"cubes": [
						{"origin": [2.65, 0.09359, -0.72902], "size": [0, 2, 2], "uv": [39, -2]}
					]
				},
				{
					"name": "toe_back_left2",
					"parent": "toes_back_left",
					"pivot": [3.65, 0.09359, 0.27098],
					"cubes": [
						{"origin": [3.65, 0.09359, -0.72902], "size": [0, 2, 2], "uv": [39, -2]}
					]
				},
				{
					"name": "toe_back_left3",
					"parent": "toes_back_left",
					"pivot": [3.65, 0.09359, 0.27098],
					"cubes": [
						{"origin": [4.65, 0.09359, -0.72902], "size": [0, 2, 2], "uv": [39, -2]}
					]
				},
				{
					"name": "toe_back_left4",
					"parent": "toes_back_left",
					"pivot": [-2.35, 0.09359, 1.27098],
					"cubes": [
						{"origin": [0.5, 0.09359, 1.27098], "size": [2, 2, 0], "uv": [43, 0]}
					]
				}
			]
		}
	]
}