{
	"format_version": "1.12.0",
	"minecraft:geometry": [
		{
			"description": {
				"identifier": "geometry.sunglarer",
				"texture_width": 128,
				"texture_height": 128,
				"visible_bounds_width": 4,
				"visible_bounds_height": 5.5,
				"visible_bounds_offset": [0, 2.25, 0]
			},
			"bones": [
				{
					"name": "sunglarer",
					"pivot": [0, 0, 7]
				},
				{
					"name": "body",
					"parent": "sunglarer",
					"pivot": [0, 0, 0]
				},
				{
					"name": "torso",
					"parent": "body",
					"pivot": [0, 19, 0],
					"cubes": [
						{"origin": [-2, 19, -2], "size": [4, 4, 4], "uv": [42, 0]}
					]
				},
				{
					"name": "neck",
					"parent": "torso",
					"pivot": [0, 22, 0],
					"cubes": [
						{"origin": [-1, 22, -1], "size": [2, 5, 2], "uv": [80, 5]}
					]
				},
				{
					"name": "neck2",
					"parent": "neck",
					"pivot": [-1, 27, 0],
					"cubes": [
						{"origin": [-1, 27, -1], "size": [2, 5, 2], "uv": [0, 83]}
					]
				},
				{
					"name": "leaf4",
					"parent": "neck2",
					"pivot": [0, 29, 1],
					"rotation": [0, 90, 0],
					"cubes": [
						{"origin": [-3, 27, 1], "size": [3, 4, 0], "uv": [44, 83]}
					]
				},
				{
					"name": "leaf5",
					"parent": "leaf4",
					"pivot": [-3, 29, 1],
					"cubes": [
						{"origin": [-6, 27, 1], "size": [3, 4, 0], "uv": [84, 15]}
					]
				},
				{
					"name": "leaf6",
					"parent": "leaf5",
					"pivot": [-6, 29, 1],
					"cubes": [
						{"origin": [-8, 28, 1], "size": [2, 2, 0], "uv": [84, 19]}
					]
				},
				{
					"name": "neck3",
					"parent": "neck2",
					"pivot": [1, 32, 0],
					"cubes": [
						{"origin": [-1, 32, -1], "size": [2, 4, 2], "uv": [8, 83]}
					]
				},
				{
					"name": "neck4",
					"parent": "neck3",
					"pivot": [-1, 36, 0],
					"cubes": [
						{"origin": [-1, 36, -1], "size": [2, 3, 2], "uv": [24, 83]}
					]
				},
				{
					"name": "neck5",
					"parent": "neck4",
					"pivot": [1, 39, 0],
					"cubes": [
						{"origin": [-1, 39, -1], "size": [2, 4, 2], "uv": [16, 83]}
					]
				},
				{
					"name": "leaf",
					"parent": "neck5",
					"pivot": [0, 41, 1],
					"rotation": [0, 90, 0],
					"cubes": [
						{"origin": [-3, 39, 1], "size": [3, 4, 0], "uv": [32, 83]}
					]
				},
				{
					"name": "leaf2",
					"parent": "leaf",
					"pivot": [-3, 41, 1],
					"cubes": [
						{"origin": [-6, 39, 1], "size": [3, 4, 0], "uv": [38, 83]}
					]
				},
				{
					"name": "leaf3",
					"parent": "leaf2",
					"pivot": [-6, 41, 1],
					"cubes": [
						{"origin": [-8, 40, 1], "size": [2, 2, 0], "uv": [87, 0]}
					]
				},
				{
					"name": "neck6",
					"parent": "neck5",
					"pivot": [-1, 43, 0],
					"cubes": [
						{"origin": [-1, 43, -1], "size": [2, 6, 2], "uv": [0, 0]}
					]
				},
				{
					"name": "head",
					"parent": "neck6",
					"pivot": [1, 49, 0],
					"cubes": [
						{"origin": [-3, 49, -3], "size": [6, 4, 6], "uv": [56, 5]}
					]
				},
				{
					"name": "fakeface",
					"parent": "head",
					"pivot": [0, 58, 0],
					"cubes": [
						{"origin": [0, 54, -6], "size": [6, 4, 12], "uv": [24, 87]}
					]
				},
				{
					"name": "fakeface2",
					"parent": "head",
					"pivot": [0, 58, 0],
					"cubes": [
						{"origin": [-6, 54, -6], "size": [6, 4, 12], "uv": [0, 91]}
					]
				},
				{
					"name": "head2",
					"parent": "head",
					"pivot": [0, 52, 0],
					"cubes": [
						{"origin": [-6, 52, -6], "size": [12, 6, 12], "inflate": -0.1, "uv": [0, 30]}
					]
				},
				{
					"name": "eye_left",
					"parent": "head2",
					"pivot": [0, 52, 0],
					"rotation": [0, 90, 0]
				},
				{
					"name": "eye_left_open",
					"parent": "eye_left",
					"pivot": [0, 51.9, 0],
					"cubes": [
						{"origin": [-1.5, 57.95, 1.5], "size": [1, 0, 1], "uv": [84, 21]},
						{"origin": [-2, 57.95, 2.5], "size": [1, 0, 3], "uv": [78, 73]}
					]
				},
				{
					"name": "eye_left_closed",
					"parent": "eye_left",
					"pivot": [0, 51, 0],
					"rotation": [0, 90, 0],
					"cubes": [
						{"origin": [-1, 57, 1.5], "size": [1, 0, 1], "uv": [84, 22]},
						{"origin": [-0.5, 57, 2.5], "size": [1, 0, 2], "uv": [70, 57]},
						{"origin": [-1, 57, 4.5], "size": [1, 0, 1], "uv": [84, 23]}
					]
				},
				{
					"name": "eye_right",
					"parent": "head2",
					"pivot": [0, 51.9, 0],
					"rotation": [0, 90, 0]
				},
				{
					"name": "eye_right_open",
					"parent": "eye_right",
					"pivot": [0, 51.9, 0],
					"cubes": [
						{"origin": [-1.5, 57.95, -2.5], "size": [1, 0, 1], "uv": [84, 24]},
						{"origin": [-2, 57.95, -5.5], "size": [1, 0, 3], "uv": [80, 12]}
					]
				},
				{
					"name": "eye_right_closed",
					"parent": "eye_right",
					"pivot": [0, 50.9, 0],
					"cubes": [
						{"origin": [-1, 56.9, -2.5], "size": [1, 0, 1], "uv": [84, 25]},
						{"origin": [-0.5, 56.9, -4.5], "size": [1, 0, 2], "uv": [76, 57]},
						{"origin": [-1, 56.9, -5.5], "size": [1, 0, 1], "uv": [84, 26]}
					]
				},
				{
					"name": "mouth",
					"parent": "head2",
					"pivot": [0, 51.9, 0],
					"rotation": [0, 90, 0]
				},
				{
					"name": "mouth_open",
					"parent": "mouth",
					"pivot": [0, 51.9, 0],
					"cubes": [
						{"origin": [1, 57.95, -1], "size": [2, 0, 2], "uv": [62, 57]},
						{"origin": [1, 57.95, 2], "size": [2, 0, 1], "uv": [78, 76]},
						{"origin": [1, 57.95, -3], "size": [2, 0, 1], "uv": [82, 27]},
						{"origin": [1.5, 57.95, -4], "size": [1, 0, 1], "uv": [50, 84]},
						{"origin": [1.5, 57.95, 3], "size": [1, 0, 1], "uv": [84, 59]},
						{"origin": [1, 57.95, -5], "size": [1, 0, 1], "uv": [54, 84]},
						{"origin": [1, 57.95, 4], "size": [1, 0, 1], "uv": [58, 84]},
						{"origin": [1.5, 57.95, 1], "size": [1, 0, 1], "uv": [84, 46]},
						{"origin": [1.5, 57.95, -2], "size": [1, 0, 1], "uv": [84, 47]}
					]
				},
				{
					"name": "mouth_closed",
					"parent": "mouth",
					"pivot": [0, 49.9, 0],
					"cubes": [
						{"origin": [2, 56.9, -1], "size": [1, 0, 2], "uv": [78, 46]},
						{"origin": [1.5, 56.9, 1], "size": [2, 0, 1], "uv": [82, 28]},
						{"origin": [1.5, 56.9, -2], "size": [2, 0, 1], "uv": [82, 29]},
						{"origin": [2, 56.9, 2], "size": [1, 0, 1], "uv": [84, 60]},
						{"origin": [2, 56.9, -3], "size": [1, 0, 1], "uv": [84, 61]},
						{"origin": [2.5, 56.9, -4], "size": [1, 0, 1], "uv": [62, 84]},
						{"origin": [2.5, 56.9, 3], "size": [1, 0, 1], "uv": [84, 62]},
						{"origin": [2, 56.9, 4], "size": [1, 0, 1], "uv": [84, 63]},
						{"origin": [2, 56.9, -5], "size": [1, 0, 1], "uv": [84, 64]}
					]
				},
				{
					"name": "petals",
					"parent": "head2",
					"pivot": [0, 52, 0]
				},
				{
					"name": "petals_front",
					"parent": "petals",
					"pivot": [0, 54, 0]
				},
				{
					"name": "petal_front1",
					"parent": "petals_front",
					"pivot": [6, 55, 0],
					"cubes": [
						{"origin": [6, 55, -3], "size": [8, 0, 6], "uv": [22, 77]}
					]
				},
				{
					"name": "petal_front2",
					"parent": "petals_front",
					"pivot": [4, 55, 4],
					"cubes": [
						{"origin": [4.34315, 55, 1], "size": [8, 0, 6], "pivot": [4, 55, 4], "rotation": [0, -45, 0], "uv": [43, 59]}
					]
				},
				{
					"name": "petal_front3",
					"parent": "petals_front",
					"pivot": [0, 55, 6],
					"cubes": [
						{"origin": [0, 55, 3], "size": [8, 0, 6], "pivot": [0, 55, 6], "rotation": [0, -90, 0], "uv": [-6, 59]}
					]
				},
				{
					"name": "petal_front4",
					"parent": "petals_front",
					"pivot": [-4, 55, 4],
					"cubes": [
						{"origin": [-3.65685, 55, 1], "size": [8, 0, 6], "pivot": [-4, 55, 4], "rotation": [0, -135, 0], "uv": [43, 77]}
					]
				},
				{
					"name": "petal_front5",
					"parent": "petals_front",
					"pivot": [-6, 55, 0],
					"cubes": [
						{"origin": [-6, 55, -3], "size": [8, 0, 6], "pivot": [-6, 55, 0], "rotation": [0, 180, 0], "uv": [27, 59]}
					]
				},
				{
					"name": "petal_front6",
					"parent": "petals_front",
					"pivot": [-4, 55, -4],
					"cubes": [
						{"origin": [-3.65685, 55, -7], "size": [8, 0, 6], "pivot": [-4, 55, -4], "rotation": [0, 135, 0], "uv": [43, 65]}
					]
				},
				{
					"name": "petal_front7",
					"parent": "petals_front",
					"pivot": [0, 55, -6],
					"cubes": [
						{"origin": [0, 55, -9], "size": [8, 0, 6], "pivot": [0, 55, -6], "rotation": [0, 90, 0], "uv": [11, 59]}
					]
				},
				{
					"name": "petal_front8",
					"parent": "petals_front",
					"pivot": [4, 55, -4],
					"cubes": [
						{"origin": [4.34315, 55, -7], "size": [8, 0, 6], "pivot": [4, 55, -4], "rotation": [0, 45, 0], "uv": [43, 71]}
					]
				},
				{
					"name": "petals_back",
					"parent": "petals",
					"pivot": [0, 52, 0]
				},
				{
					"name": "petals_back1",
					"parent": "petals_back",
					"pivot": [5, 54, 2],
					"cubes": [
						{"origin": [6, 54, -3], "size": [7, 0, 6], "pivot": [0, 54, 0], "rotation": [0, -22.5, 0], "uv": [-6, 65]}
					]
				},
				{
					"name": "petals_back2",
					"parent": "petals_back",
					"pivot": [2, 54, 5],
					"cubes": [
						{"origin": [6, 54, -3], "size": [7, 0, 6], "pivot": [0, 54, 0], "rotation": [0, -67.5, 0], "uv": [8, 65]}
					]
				},
				{
					"name": "petals_back3",
					"parent": "petals_back",
					"pivot": [-2, 54, 5],
					"cubes": [
						{"origin": [6, 54, -3], "size": [7, 0, 6], "pivot": [0, 54, 0], "rotation": [0, -112.5, 0], "uv": [22, 65]}
					]
				},
				{
					"name": "petals_back4",
					"parent": "petals_back",
					"pivot": [-5, 54, 2],
					"cubes": [
						{"origin": [6, 54, -3], "size": [7, 0, 6], "pivot": [0, 54, 0], "rotation": [0, -157.5, 0], "uv": [-6, 71]}
					]
				},
				{
					"name": "petals_back5",
					"parent": "petals_back",
					"pivot": [-5, 54, -2],
					"cubes": [
						{"origin": [6, 54, -3], "size": [7, 0, 6], "pivot": [0, 54, 0], "rotation": [0, 157.5, 0], "uv": [8, 71]}
					]
				},
				{
					"name": "petals_back6",
					"parent": "petals_back",
					"pivot": [-2, 54, -5],
					"cubes": [
						{"origin": [6, 54, -3], "size": [7, 0, 6], "pivot": [0, 54, 0], "rotation": [0, 112.5, 0], "uv": [22, 71]}
					]
				},
				{
					"name": "petals_back7",
					"parent": "petals_back",
					"pivot": [2, 54, -5],
					"cubes": [
						{"origin": [6, 54, -3], "size": [7, 0, 6], "pivot": [0, 54, 0], "rotation": [0, 67.5, 0], "uv": [-6, 77]}
					]
				},
				{
					"name": "petals_back8",
					"parent": "petals_back",
					"pivot": [5, 54, -2],
					"cubes": [
						{"origin": [6, 54, -3], "size": [7, 0, 6], "pivot": [0, 54, 0], "rotation": [0, 22.5, 0], "uv": [8, 77]}
					]
				},
				{
					"name": "arm_left",
					"parent": "torso",
					"pivot": [-2, 21.5, 0],
					"rotation": [0, -90, 0],
					"cubes": [
						{"origin": [-7, 21.5, 0], "size": [10, 0, 5], "uv": [56, 0]}
					]
				},
				{
					"name": "arm_left2",
					"parent": "arm_left",
					"pivot": [-2, 21.5, 5],
					"cubes": [
						{"origin": [-7, 21.5, 5], "size": [10, 0, 3], "uv": [56, 24]}
					]
				},
				{
					"name": "arm_left3",
					"parent": "arm_left2",
					"pivot": [-2, 21.5, 8],
					"cubes": [
						{"origin": [-6, 21.5, 8], "size": [8, 0, 6], "uv": [57, 27]}
					]
				},
				{
					"name": "arm_left4",
					"parent": "arm_left3",
					"pivot": [-2, 21.5, 14],
					"cubes": [
						{"origin": [-4, 21.5, 14], "size": [4, 0, 5], "uv": [78, 30]}
					]
				},
				{
					"name": "arm_left5",
					"parent": "arm_left4",
					"pivot": [-2, 21.5, 19],
					"cubes": [
						{"origin": [-4, 21.5, 19], "size": [4, 0, 3], "uv": [57, 15]}
					]
				},
				{
					"name": "arm_right",
					"parent": "torso",
					"pivot": [2, 21.5, 0],
					"rotation": [0, -90, 0],
					"cubes": [
						{"origin": [-3, 21.5, -5], "size": [10, 0, 5], "uv": [58, 33]}
					]
				},
				{
					"name": "arm_right2",
					"parent": "arm_right",
					"pivot": [2, 21.5, -5],
					"cubes": [
						{"origin": [-3, 21.5, -8], "size": [10, 0, 3], "uv": [62, 21]}
					]
				},
				{
					"name": "arm_right3",
					"parent": "arm_right2",
					"pivot": [2, 21.5, -8],
					"cubes": [
						{"origin": [-2, 21.5, -14], "size": [8, 0, 6], "uv": [62, 15]}
					]
				},
				{
					"name": "arm_right4",
					"parent": "arm_right3",
					"pivot": [2, 21.5, -14],
					"cubes": [
						{"origin": [0, 21.5, -19], "size": [4, 0, 5], "uv": [78, 35]}
					]
				},
				{
					"name": "arm_right5",
					"parent": "arm_right4",
					"pivot": [2, 21.5, -19],
					"cubes": [
						{"origin": [0, 21.5, -22], "size": [4, 0, 3], "uv": [57, 18]}
					]
				},
				{
					"name": "pot",
					"parent": "body",
					"pivot": [0, 0, 0],
					"cubes": [
						{"origin": [-7, 0, -7], "size": [14, 16, 14], "uv": [0, 0]},
						{"origin": [-3, 16, -3], "size": [6, 1, 6], "uv": [36, 35]},
						{"origin": [-4, 17, -4], "size": [8, 3, 8], "uv": [0, 48]}
					]
				}
			]
		}
	]
}