{
	"format_version": "1.8.0",
	"animations": {
		"animation.jaddesto.ground_idle": {
			"loop": true,
			"animation_length": 2,
			"bones": {
				"head": {
					"position": {
						"0.0": [0, 5, 0],
						"1.0": [0, 7, 0],
						"2.0": [0, 5, 0]
					}
				},
				"bone": {
					"position": {
						"0.0": [0, 5, 0],
						"1.0": [0, 7, 0],
						"2.0": [0, 5, 0]
					}
				},
				"arm": {
					"rotation": {
						"0.0": [0, 0, 30],
						"1.0": [0, 0, 40],
						"2.0": [0, 0, 30]
					}
				},
				"arm2": {
					"rotation": {
						"0.0": [0, 0, -30],
						"1.0": [0, 0, -40],
						"2.0": [0, 0, -30]
					}
				},
				"bone2": {
					"rotation": {
						"0.0": [0, 22.5, 0],
						"0.52": [0, 14.21, 0],
						"1.52": [0, 27.5, 0],
						"2.0": [0, 22.5, 0]
					},
					"position": {
						"0.0": [-1, 0, 0],
						"2.0": [-1, 0, 0]
					}
				},
				"bone3": {
					"rotation": {
						"0.0": [0, -22.5, 0],
						"0.52": [0, -15.07, 0],
						"1.52": [0, -30, 0],
						"2.0": [0, -22.5, 0]
					},
					"position": {
						"0.0": [1, 0, 0],
						"2.0": [1, 0, 0]
					}
				},
				"bone4": {
					"rotation": {
						"0.0": [0, 22.5, 0],
						"2.0": [0, 22.5, 0]
					}
				},
				"bone5": {
					"rotation": {
						"0.0": [0, -10, 0],
						"2.0": [0, -10, 0]
					}
				}
			}
		},
		"animation.jaddesto.ground_walk": {
			"loop": true,
			"animation_length": 1.04,
			"bones": {
				"head": {
					"position": {
						"0.0": [0, 3, 0],
						"0.52": [0, 4, 0],
						"1.04": [0, 3, 0]
					}
				},
				"bone": {
					"rotation": {
						"0.0": [20, 0, 0],
						"1.04": [20, 0, 0]
					},
					"position": {
						"0.0": [0, 5, 5],
						"0.52": [0, 6, 5],
						"1.04": [0, 5, 5]
					}
				},
				"bowl": {
					"rotation": {
						"0.0": [0, 0, 0],
						"0.52": [7.5, 0, 0],
						"1.04": [0, 0, 0]
					},
					"position": {
						"0.0": [0, 0, 0],
						"1.04": [0, 0, 0]
					}
				},
				"arm": {
					"rotation": {
						"0.0": [21.55613, -6.60796, 16.24074],
						"0.52": [18.74227, -12.67956, 32.89913],
						"1.04": [21.55613, -6.60796, 16.24074]
					}
				},
				"arm2": {
					"rotation": {
						"0.0": [19.14314, 5.90316, -16.50371],
						"0.52": [16.60179, 11.31335, -33.34411],
						"1.04": [19.14314, 5.90316, -16.50371]
					}
				},
				"bone2": {
					"rotation": {
						"0.0": [0, 0, 0],
						"0.52": [0, 0, 30],
						"1.04": [0, 0, 0]
					},
					"position": {
						"0.0": [0, 0, 0],
						"0.52": [-1, 0, 0],
						"1.04": [0, 0, 0]
					}
				},
				"bone3": {
					"rotation": {
						"0.0": [0, 0, 0],
						"0.52": [0, 0, -15],
						"1.04": [0, 0, 0]
					},
					"position": {
						"0.0": [0, 0, 0],
						"0.52": [1, 0, 0],
						"1.04": [0, 0, 0]
					}
				},
				"bone5": {
					"rotation": {
						"0.0": [0, 0, 0],
						"0.52": [0, 0, -15],
						"1.04": [0, 0, 0]
					}
				}
			}
		}
	}
}