{
  "replace": false,
  "values": [
    "minecraft:bamboo_jungle",
	{
      "id": "biomesoplenty:bamboo_grove",
      "required": false
    },
    {
      "id": "wythers:bamboo_jungle_canyon",
      "required": false
    },
    {
      "id": "wythers:bamboo_jungle_highlands",
      "required": false
    },
    {
      "id": "wythers:bamboo_jungle_swamp",
      "required": false
    },
    {
      "id": "wythers:bamboo_swamp",
      "required": false
    },
    {
      "id": "wythers:jade_highlands",
      "required": false
    },
    {
      "id": "wythers:maple_mountains",
      "required": false
    },
    {
      "id": "wythers:mushroom_island",
      "required": false
    },
    {
      "id": "wythers:sakura_forest",
      "required": false
    },
    {
      "id": "wythers:sandy_jungle",
      "required": false
    },
    {
      "id": "wythers:sparse_bamboo_jungle",
      "required": false
    },
    {
      "id": "wythers:waterlily_swamp",
      "required": false
    },
    {
      "id": "biomeswevegone:crag_gardens",
      "required": false
    }
  ]
}
