{
  "replace": false,
  "values": [
    "#minecraft:is_badlands",
	{
      "id": "#c:is_badlands",
      "required": false
    },
	{
      "id": "#clifftree:dry_badlands",
      "required": false
    },
	{
      "id": "terralith:ashen_savanna",
      "required": false
    },
	{
      "id": "terralith:red_oasis",
      "required": false
    },
	{
      "id": "terralith:warped_mesa",
      "required": false
    },
	{
      "id": "terralith:white_mesa",
      "required": false
    },
    {
      "id": "wythers:danakil_desert",
      "required": false
    },
    {
      "id": "biomeswevegone:red_rock_valley",
      "required": false
    },
    {
      "id": "biomeswevegone:rugged_badlands",
      "required": false
    },
    {
      "id": "biomeswevegone:sierra_badlands",
      "required": false
    }
  ]
}
