{
  "replace": false,
  "values": [
    "#minecraft:is_beach",
	{
      "id": "biomesoplenty:dune_beach",
      "required": false
    },
    {
      "id": "wythers:guelta",
      "required": false
    },
    {
      "id": "wythers:sand_dunes",
      "required": false
    },
    {
    "id": "biomeswevegone:basalt_barrera",
      "required": false
    },
    {
    "id": "biomeswevegone:dacite_shore",
      "required": false
    },
    {
    "id": "biomeswevegone:rainbow_beach",
      "required": false
    }
  ]
}
