{
  "replace": false,
  "values": [
	"minecraft:cherry_grove",
	{
      "id": "biomesoplenty:bamboo_grove",
      "required": false
    },
	{
      "id": "biomesoplenty:cherry_blossom_grove",
      "required": false
    },
	{
      "id": "byg:cherry_blossom_forest",
      "required": false
    },
	{
      "id": "terralith:sakura_grove",
      "required": false
    },
	{
      "id": "terralith:sakura_valley",
      "required": false
    },
    {
      "id": "wythers:sakura_forest",
      "required": false
    },
    {
      "id": "biomeswevegone:sakura_grove",
      "required": false
    },
    {
      "id": "biomeswevegone:skyrise_vale",
      "required": false
    }
  ]
}
