{
  "replace": false,
  "values": [
    "minecraft:stony_shore",
	"#cobblemon:is_beach",
	{
      "id": "#c:is_beach",
      "required": false
    },
	{
      "id": "#c:is_stony_shores",
      "required": false
    },
	{
      "id": "#clifftree:is_cliff",
      "required": false
    },
	{
      "id": "terralith:basalt_cliffs",
      "required": false
    },
	{
      "id": "terralith:granite_cliffs",
      "required": false
    },
	{
      "id": "terralith:white_cliffs",
      "required": false
    },
    {
      "id": "wythers:calcite_coast",
      "required": false
    },
    {
      "id": "wythers:coastal_mangroves",
      "required": false
    },
    {
      "id": "wythers:cold_island",
      "required": false
    },
    {
      "id": "wythers:cold_stony_shore",
      "required": false
    },
    {
      "id": "wythers:deepslate_shore",
      "required": false
    },
    {
      "id": "wythers:frigid_island",
      "required": false
    },
    {
      "id": "wythers:frozen_island",
      "required": false
    },
    {
      "id": "wythers:gravelly_beach",
      "required": false
    },
    {
      "id": "wythers:icy_shore",
      "required": false
    },
    {
      "id": "wythers:mediterranean_island",
      "required": false
    },
    {
      "id": "wythers:temperate_island",
      "required": false
    },
    {
      "id": "wythers:tropical_island",
      "required": false
    },
    {
      "id": "wythers:warm_stony_shore",
      "required": false
  },
  {
  "id": "biomeswevegone:basalt_barrera",
    "required": false
  },
  {
  "id": "biomeswevegone:dacite_shore",
    "required": false
  },
  {
  "id": "biomeswevegone:rainbow_beach",
    "required": false
  }
  ]
}
