{
  "replace": false,
  "values": [
	"#cobblemon:is_cold_ocean",
	"#cobblemon:is_freezing",
    "#cobblemon:is_peak",
    "#cobblemon:is_taiga",
    "#cobblemon:is_tundra",
    {
      "id": "#byg:is_cold",
      "required": false
    },
	{
      "id": "#c:is_cold",
      "required": false
    },
	{
      "id": "#c:is_cold/overworld",
      "required": false
    },
	{
      "id": "biomesoplenty:aspen_forest",
      "required": false
    },
	{
      "id": "biomesoplenty:bog",
      "required": false
    },
	{
      "id": "biomesoplenty:cold_desert",
      "required": false
    },
	{
      "id": "biomesoplenty:dead_forest",
      "required": false
    },
	{
      "id": "biomesoplenty:hot_springs",
      "required": false
    },
	{
      "id": "biomesoplenty:maple_woods",
      "required": false
    },
	{
      "id": "biomesoplenty:old_growth_dead_forest",
      "required": false
    },
	{
      "id": "biomesoplenty:pumpkin_patch",
      "required": false
    },
	{
      "id": "biomesoplenty:seasonal_forest",
      "required": false
    },
	{
      "id": "biomesoplenty:seasonal_orchard",
      "required": false
    },
	{
      "id": "clifftree:cold_caves",
      "required": false
    },
	{
      "id": "clifftree:cold_river",
      "required": false
    },
    {
      "id": "wythers:berry_bog",
      "required": false
    },
    {
    "id": "biomeswevegone:aspen_boreal",
      "required": false
    },
    {
    "id": "biomeswevegone:black_forest",
      "required": false
    },
    {
    "id": "biomeswevegone:canadian_shield",
      "required": false
    },
    {
    "id": "biomeswevegone:cika_woods",
      "required": false
    },
    {
    "id": "biomeswevegone:coniferous_forest",
      "required": false
    },
    {
    "id": "biomeswevegone:dacite_ridges",
      "required": false
    },
    {
    "id": "biomeswevegone:frosted_coniferous_forest",
      "required": false
    },
    {
    "id": "biomeswevegone:frosted_taiga",
      "required": false
    },
    {
    "id": "biomeswevegone:howling_peaks",
      "required": false
    },
    {
    "id": "biomeswevegone:maple_taiga",
      "required": false
    },
    {
    "id": "biomeswevegone:shattered_glacier",
      "required": false
    },
    {
    "id": "biomeswevegone:crimson_tundra",
      "required": false
    },
    {
    "id": "biomeswevegone:overgrowth_woodlands",
      "required": false
    },
    {
    "id": "biomeswevegone:eroded_borealis",
      "required": false
    }
  ]
}
