{
  "replace": false,
  "values": [
    "minecraft:dripstone_caves",
    {
      "id": "terralith:fractured_savanna",
      "required": false
    },
	{
      "id": "biomesoplenty:fungal_jungle",
      "required": false
    },
	{
      "id": "byg:dead_sea",
      "required": false
    },
	{
      "id": "terralith:stony_spires",
      "required": false
    },
    {
      "id": "wythers:fungous_dripstone_caves",
      "required": false
    },
    {
      "id": "wythers:lichenous_dripstone_caves",
      "required": false
    },
    {
      "id": "wythers:lush_dripstone_caves",
      "required": false
    },
    {
      "id": "wythers:lush_fungous_dripstone_caves",
      "required": false
    },
    {
      "id": "wythers:mossy_dripstone_caves",
      "required": false 
    },
    {
      "id": "biomeswevegone:dead_sea",
      "required": false
    }
  ]
}
