{
  "replace": false,
  "values": [
    "minecraft:cherry_grove",
	"minecraft:flower_forest",
	"minecraft:meadow",
	"minecraft:sunflower_plains",
    {
      "id": "#byg:is_floral",
      "required": false
    },
	{
      "id": "#c:is_floral",
      "required": false
    },
	{
      "id": "#c:flower_forest",
      "required": false
    },
	{
      "id": "biomesoplenty:bamboo_grove",
      "required": false
    },
	{
      "id": "biomesoplenty:cherry_blossom_grove",
      "required": false
    },
	{
      "id": "biomesoplenty:field",
      "required": false
    },
	{
      "id": "biomesoplenty:highland_moor",
      "required": false
    },
	{
      "id": "biomesoplenty:lavender_field",
      "required": false
    },
	{
      "id": "biomesoplenty:lavender_forest",
      "required": false
    },
	{
      "id": "biomesoplenty:lush_savanna",
      "required": false
    },
	{
      "id": "biomesoplenty:mystic_grove",
      "required": false
    },
	{
      "id": "biomesoplenty:orchard",
      "required": false
    },
	{
      "id": "byg:amaranth_fields",
      "required": false
    },
	{
      "id": "byg:allium_fields",
      "required": false
    },
	{
      "id": "byg:rose_fields",
      "required": false
    },
	{
      "id": "byg:skyris_vale",
      "required": false
    },
	{
      "id": "byg:cherry_blossom_forest",
      "required": false
    },
	{
      "id": "byg:orchard",
      "required": false
    },
	{
      "id": "terralith:blooming_plateau",
      "required": false
    },
	{
      "id": "terralith:blooming_valley",
      "required": false
    },
	{
      "id": "terralith:cloud_forest",
      "required": false
    },
	{
      "id": "terralith:lavender_forest",
      "required": false
    },
	{
      "id": "terralith:lavender_valley",
      "required": false
    },
	{
      "id": "terralith:sakura_grove",
      "required": false
    },
	{
      "id": "terralith:sakura_valley",
      "required": false
    },
    {
      "id": "wythers:autumnal_flower_forest",
      "required": false
    },
    {
      "id": "wythers:flowering_pantanal",
      "required": false
    },
    {
      "id": "wythers:jacaranda_savanna",
      "required": false
    },
    {
      "id": "wythers:lapacho_plains",
      "required": false
    },
    {
      "id": "wythers:sakura_forest",
      "required": false
    },
    {
      "id": "wythers:spring_flower_fields",
      "required": false
    },
    {
      "id": "wythers:spring_flower_forest",
      "required": false
    },
    {
      "id": "biomeswevegone:allium_shrubland",
      "required": false
    },
    {
      "id": "biomeswevegone:amaranth_grassland",
      "required": false
    },
    {
      "id":   "biomeswevegone:coconino_meadow",
      "required": false
    },
    {
      "id": "biomeswevegone:enchanted_tangle",
      "required": false
    },
    {
      "id": "biomeswevegone:lush_stacks",
      "required": false
    },
    {
      "id": "biomeswevegone:orchard",
      "required": false
    },
    {
      "id": "biomeswevegone:sakura_grove",
      "required": false
    }
  ]
}
