{
  "replace": false,
  "values": [
	"#minecraft:is_forest",
	"minecraft:cherry_grove",
    {
      "id": "#c:is_flower_forest",
      "required": false
    },
	{
      "id": "#c:is_forest",
      "required": false
    },
	{
      "id": "#c:tree/deciduous",
      "required": false
    },
	{
      "id": "biomesoplenty:bamboo_grove",
      "required": false
    },
	{
      "id": "biomesoplenty:cherry_blossom_grove",
      "required": false
    },
	{
      "id": "biomesoplenty:lavender_forest",
      "required": false
    },
	{
      "id": "biomesoplenty:maple_woods",
      "required": false
    },
	{
      "id": "biomesoplenty:mediterranean_forest",
      "required": false
    },
	{
      "id": "biomesoplenty:mystic_grove",
      "required": false
    },
	{
      "id": "biomesoplenty:old_growth_woodland",
      "required": false
    },
	{
      "id": "biomesoplenty:ominous_woods",
      "required": false
    },
	{
      "id": "biomesoplenty:orchard",
      "required": false
    },
	{
      "id": "biomesoplenty:origin_valley",
      "required": false
    },
	{
      "id": "biomesoplenty:prairie",
      "required": false
    },
	{
      "id": "biomesoplenty:seasonal_forest",
      "required": false
    },
	{
      "id": "biomesoplenty:seasonal_orchard",
      "required": false
    },
	{
      "id": "biomesoplenty:woodland",
      "required": false
    },
	{
      "id": "terralith:alpha_islands",
      "required": false
    },
	{
      "id": "terralith:alpha_islands_winter",
      "required": false
    },
	{
      "id": "terralith:blooming_valley",
      "required": false
    },
	{
      "id": "terralith:forested_highlands",
      "required": false
    },
	{
      "id": "terralith:lavender_forest",
      "required": false
    },
	{
      "id": "terralith:lavender_valley",
      "required": false
    },
	{
      "id": "terralith:mirage_isles",
      "required": false
    },
	{
      "id": "terralith:sakura_grove",
      "required": false
    },
	{
      "id": "terralith:sakura_valley",
      "required": false
    },
	{
      "id": "terralith:temperate_highlands",
      "required": false
    },
    {
      "id": "wythers:dry_tropical_forest",
      "required": false
    },
    {
      "id": "wythers:birch_taiga",
      "required": false
    },
    {
      "id": "wythers:boreal_forest_red",
      "required": false
    },
    {
      "id": "wythers:boreal_forest_yellow",
      "required": false
    },
    {
      "id": "wythers:tangled_forest",
      "required": false
    },
    {
      "id": "wythers:tropical_forest",
      "required": false
    },
    {
      "id": "biomeswevegone:aspen_boreal",
      "required": false
    },
    {
      "id": "biomeswevegone:black_forest",
      "required": false
    },
    {
      "id": "biomeswevegone:canadian_shield",
      "required": false
    },
    {
      "id": "biomeswevegone:cika_woods",
      "required": false
    },
    {
      "biomeswevegone:coniferous_forest",
      "required": false
    },
    {
      "biomeswevegone:dacite_ridges",
      "required": false
    },
    {
      "biomeswevegone:ebony_woods",
      "required": false
    },
    {
      "id": "biomeswevegone:enchanted_tangle",
      "required": false
    },
    {
      "id": "biomeswevegone:eroded_borealis",
      "required": false
    },
    {
      "id": "biomeswevegone:forgotten_forest",
      "required": false
    },
    {
      "id": "biomeswevegone:frosted_coniferous_forest",
      "required": false
    },
    {
      "id": "biomeswevegone:howling_peaks",
      "required": false
    },
    {
      "id": "biomeswevegone:orchard",
      "required": false
    },
    {
      "id": "biomeswevegone:overgrowth_woodlands",
      "required": false
    },
    {
      "id": "biomeswevegone:redwood_thicket",
      "required": false
    },
    {
      "id": "biomeswevegone:sakura_grove",
      "required": false
    },
    {
      "id": "biomeswevegone:skyrise_vale",
      "required": false
    },
    {
      "id": "biomeswevegone:weeping_witch_forest",
      "required": false
    },
    {
      "id": "biomeswevegone:zelkova_forest",
      "required": false
    }
  ]
}
