{
  "replace": false,
  "values": [
    "minecraft:frozen_peaks",
	"minecraft:ice_spikes",
    {
      "id": "#byg:is_icy",
      "required": false
    },
	{
      "id": "#c:is_icy",
      "required": false
    },
	{
      "id": "clifftree:glacier_cliff",
      "required": false
    },
	{
      "id": "clifftree:glacier_valley",
      "required": false
    },
	{
      "id": "terralith:cave/frostfire_caves",
      "required": false
    },
	{
      "id": "terralith:frozen_cliffs",
      "required": false
    },
	{
      "id": "terralith:glacial_chasm",
      "required": false
    },
    {
      "id": "wythers:glacial_cliffs",
      "required": false
    },
    {
      "id": "wythers:ice_cap",
      "required": false
    },
    {
      "id": "wythers:icy_crags",
      "required": false
    },
    {
      "id": "wythers:frozen_island",
      "required": false
    },
    {
      "id": "biomeswevegone:shattered_glacier",
      "required": false
    }
  ]
}
