{
  "replace": false,
  "values": [
    "#minecraft:is_hill",
	"#cobblemon:is_highlands",
	{
      "id": "#c:is_hill",
      "required": false
    },
	{
      "id": "#c:is_mountain/slope",
      "required": false
    },
	{
      "id": "#c:is_windswept",
      "required": false
    },
	{
      "id": "biomesoplenty:jade_cliffs",
      "required": false
    },
	{
      "id": "biomesoplenty:mediterranean_forest",
      "required": false
    },
	{
      "id": "terralith:blooming_valley",
      "required": false
    },
	{
      "id": "terralith:forested_highlands",
      "required": false
    },
	{
      "id": "terralith:lavender_valley",
      "required": false
    },
	{
      "id": "terralith:lush_valley",
      "required": false
    },
	{
      "id": "terralith:moonlight_valley",
      "required": false
    },
	{
      "id": "terralith:sakura_valley",
      "required": false
    },
	{
      "id": "terralith:savanna_slopes",
      "required": false
    },
	{
      "id": "terralith:temperate_highlands",
      "required": false
    },
	{
      "id": "terralith:yosemite_lowlands",
      "required": false
    },
    {
      "id": "wythers:autumnal_crags",
      "required": false
    },
    {
      "id": "wythers:ayers_rock",
      "required": false
    },
    {
      "id": "wythers:icy_crags",
      "required": false
    },    {
      "id": "wythers:old_growth_taiga_crags",
      "required": false
    },
    {
      "id": "wythers:taiga_crags",
      "required": false
    },
    {
      "id": "wythers:temperate_rainforest_crags",
      "required": false
    },
    {
      "id": "wythers:thermal_taiga_crags",
      "required": false
    },
    {
      "id": "wythers:windswept_jungle",
      "required": false
    }
  ]
}
