{
  "replace": false,
  "values": [
	"minecraft:mushroom_fields",
	"#cobblemon:is_tropical_island",
    {
      "id": "byg:lush_stacks",
      "required": false
    },
	{
      "id": "terralith:alpha_islands",
      "required": false
    },
	{
      "id": "terralith:alpha_islands_winter",
      "required": false
    },
	{
      "id": "terralith:mirage_isles",
      "required": false
    },
	{
      "id": "terralith:warped_mesa",
      "required": false
    },
    {
      "id": "wythers:cold_island",
      "required": false
    },
	{
      "id": "wythers:desert_island",
      "required": false
    },
	{
      "id": "wythers:frigid_island",
      "required": false
    },
	{
      "id": "wythers:frozen_island",
      "required": false
    },
	{
      "id": "wythers:jungle_island",
      "required": false
    },
	{
      "id": "wythers:mediterranean_island",
      "required": false
    },
	{
      "id": "wythers:mediterranean_island_thermal_springs",
      "required": false
    },
	{
      "id": "wythers:mushroom_island",
      "required": false
    },
	{
      "id": "wythers:temperate_island",
      "required": false
    },
	{
      "id": "wythers:tropical_island",
      "required": false
    },
    {
        "id": "biomeswevegone:lush_stacks",
        "required": false
      },
      {
          "id": "biomeswevegone:dead_sea",
          "required": false
        }
  ]
}
