{
  "replace": false,
  "values": [
    "#minecraft:is_jungle",
	{
      "id": "#c:is_jungle",
      "required": false
    },
    {
      "id": "terralith:cave/underground_jungle",
      "required": false
    },
	{
      "id": "biomesoplenty:floodplain",
      "required": false
    },
	{
      "id": "biomesoplenty:rainforest",
      "required": false
    },
	{
      "id": "clifftree:tropical_river",
      "required": false
    },
    {
      "id": "wythers:dripleaf_swamp",
      "required": false
    },
    {
      "id": "wythers:eucalyptus_deanei_forest",
      "required": false
    },
    {
      "id": "wythers:highland_tropical_rainforest",
      "required": false
    },
    {
      "id": "wythers:humid_tropical_grassland",
      "required": false
    },
    {
      "id": "wythers:jungle_canyon",
      "required": false
    },
    {
      "id": "wythers:subtropical_forest",
      "required": false
    },
    {
      "id": "wythers:subtropical_forest_edge",
      "required": false
    },
    {
      "id": "wythers:subtropical_grassland",
      "required": false
    },
    {
      "id": "wythers:tropical_forest",
      "required": false
    },
    {
      "id": "wythers:tropical_forest_canyon",
      "required": false
    },
    {
      "id": "wythers:tropical_grassland",
      "required": false
    },
    {
      "id": "wythers:tropical_island",
      "required": false
    },
    {
      "id": "wythers:tropical_rainforest",
      "required": false
    },
    {
      "id": "biomeswevegone:crag_gardens",
      "required": false
    },
    {
      "id": "biomeswevegone:fragment_jungle",
      "required": false
    },
    {
      "id": "biomeswevegone:jacaranda_jungle",
      "required": false
    },
    {
      "id": "biomeswevegone:tropical_rainforest",
      "required": false
    }
  ]
}
