{
  "replace": false,
  "values": [
    "minecraft:lush_caves",
	{
      "id": "#c:is_lush",
      "required": false
    },
	{
      "id": "biomeswevegone:lush_stacks",
      "required": false
    },
	{
      "id": "terralith:cave/fungal_caves",
      "required": false
    },
	{
      "id": "terralith:cave/underground_jungle",
      "required": false
    },
    {
      "id": "wythers:dripleaf_swamp",
      "required": false
    },
	{
      "id": "wythers:lichenous_caves",
      "required": false
    },
	{
      "id": "wythers:lichenous_dripstone_caves",
      "required": false
    },
    {
      "id": "wythers:lush_dripstone_caves",
      "required": false
    },
    {
      "id": "wythers:lush_fungous_dripstone_caves",
      "required": false
    },
    {
      "id": "wythers:lush_shroom_caves",
      "required": false
    }
  ]
}
