{
  "replace": false,
  "values": [
	"#minecraft:is_mountain",
    "#cobblemon:is_hills",
	{
      "id": "#c:is_mountain",
      "required": false
    },
	{
      "id": "biomesoplenty:crag",
      "required": false
    },
	{
      "id": "terralith:stony_spires",
      "required": false
    },
	{
      "id": "terralith:volcanic_peaks",
      "required": false
    },
	{
      "id": "terralith:windswept_spires",
      "required": false
    },
	{
      "id": "terralith:yosemite_cliffs",
      "required": false
    },
    {
      "id": "wythers:tibesti_mountains",
      "required": false
    },
    {
      "id": "wythers:tropical_volcano",
      "required": false
    },
    {
      "id": "wythers:tsingy_forest",
      "required": false
    },
    {
      "id": "wythers:volcano",
      "required": false
    },
    {
      "id": "biomeswevegone:crag_gardens",
      "required": false
    },
    {
      "id": "biomeswevegone:howling_peaks",
      "required": false
    }
  ]
}
