{
  "replace": false,
  "values": [
    "minecraft:dark_forest",
    "minecraft:mushroom_fields",
    {
      "id": "#c:is_mushroom",
      "required": false
    },
    {
      "id": "#c:is_mushroom_island",
      "required": false
    },
	{
      "id": "terralith:cave/fungal_caves",
      "required": false
    },
	{
      "id": "biomesoplenty:fungal_jungle",
      "required": false
    },
	{
      "id": "biomesoplenty:glowing_grotto",
      "required": false
    },
	{
      "id": "biomesoplenty:mystic_grove",
      "required": false
    },
    {
      "id": "byg:temperate_rainforest",
      "required": false
    },
    {
      "id": "byg:tropical_rainforest",
      "required": false
    },
    {
      "id": "byg:weeping_witch_forest",
      "required": false
    },
	{
      "id": "darkerdepths:glowshroom_forest",
      "required": false
    },
	{
      "id": "terralith:mirage_isles",
      "required": false
    },
    {
      "id": "wythers:ancient_taiga",
      "required": false
    },
    {
      "id": "wythers:deep_dark_incursion",
      "required": false
    },
    {
      "id": "wythers:forbidden_forest",
      "required": false
    },
    {
      "id": "wythers:mushroom_island",
      "required": false
    },
    {
      "id": "wythers:phantasmal_forest",
      "required": false
    },
    {
      "id": "wythers:phantasmal_forest",
      "required": false
    },
    {
      "id": "biomeswevegone:ebony_woods",
      "required": false
    },
    {
      "id": "biomeswevegone:jacaranda_jungle",
      "required": false
    }
  ]
}
