{
  "replace": false,
  "values": [
    "minecraft:dark_forest",
    {
      "id": "#byg:is_magical",
      "required": false
    },
	{
      "id": "#c:is_magical",
      "required": false
    },
	{
      "id": "#wythers:is_dark_forest",
      "required": false
    },
	{
      "id": "biomesoplenty:aspen_forest",
      "required": false
    },
	{
      "id": "biomesoplenty:mystic_grove",
      "required": false
    },
	{
      "id": "byg:skyris_vale",
      "required": false
    },
	{
      "id": "terralith:amethyst_canyon",
      "required": false
    },
	{
      "id": "terralith:amethyst_rainforest",
      "required": false
    },
	{
      "id": "terralith:mirage_isles",
      "required": false
    },
	{
      "id": "terralith:moonlight_grove",
      "required": false
    },
	{
      "id": "terralith:moonlight_valley",
      "required": false
    },
    {
      "id": "wythers:lantern_river",
      "required": false
    },
    {
      "id": "wythers:mushroom_island",
      "required": false
    },
    {
      "id": "wythers:snowy_thermal_taiga",
      "required": false
    },
    {
        "id": "biomeswevegone:enchanted_tangle",
        "required": false
      },
      {
        "id": "biomeswevegone:forgotten_forest",
        "required": false
      },
      {
        "id": "biomeswevegone:skyrise_vale",
        "required": false
      },
      {
        "id": "biomeswevegone:weeping_witch_forest",
        "required": false
      }
  ]
}
