{
  "replace": false,
  "values": [
    "minecraft:plains",
    "minecraft:sunflower_plains",
	"#cobblemon:is_highlands",
	{
      "id": "#byg:is_plains",
      "required": false
    },
	{
      "id": "#c:is_plains",
      "required": false
    },
	{
      "id": "biomesoplenty:clover_patch",
      "required": false
    },
	{
      "id": "biomesoplenty:field",
      "required": false
    },
	{
      "id": "biomesoplenty:fir_clearing",
      "required": false
    },
	{
      "id": "biomesoplenty:grassland",
      "required": false
    },
	{
      "id": "biomesoplenty:lavender_field",
      "required": false
    },
	{
      "id": "biomesoplenty:marsh",
      "required": false
    },
	{
      "id": "biomesoplenty:orchard",
      "required": false
    },
	{
      "id": "biomesoplenty:pasture",
      "required": false
    },
	{
      "id": "biomesoplenty:prairie",
      "required": false
    },
	{
      "id": "biomesoplenty:seasonal_orchard",
      "required": false
    },
	{
      "id": "clifftree:sparse_forest",
      "required": false
    },
	{
      "id": "terralith:scrubland",
      "required": false
    },
	{
      "id": "terralith:brushland",
      "required": false
    },
	{
      "id": "terralith:steppe",
      "required": false
    },
	{
      "id": "terralith:valley_clearing",
      "required": false
    },
    {
      "id": "wythers:berry_bog",
      "required": false
    },
    {
      "id": "wythers:cool_forest_edge",
      "required": false
    },
    {
      "id": "wythers:dry_tropical_grassland",
      "required": false
    },
    {
      "id": "wythers:forest_edge",
      "required": false
    },
    {
      "id": "wythers:spring_flower_fields",
      "required": false
    },
    {
      "id": "wythers:subtropical_forest_edge",
      "required": false
    },
    {
      "id": "wythers:tropical_grassland",
      "required": false
    },
    {
        "id": "terralith:steppe",
        "required": false
      },
  	{
        "id": "biomeswevegone:allium_shrubland",
        "required": false
      },
      {
        "id": "biomeswevegone:amaranth_grassland",
        "required": false
      },
      {
        "id": "biomeswevegone:coconino_meadow",
        "required": false
      },
      {
        "id": "biomeswevegone:crimson_tundra",
        "required": false
      },
      {
        "id": "biomeswevegone:firecracker_chaparral",
        "required": false
      },
      {
        "id": "biomeswevegone:prairie",
        "required": false
      },
      {
        "id": "biomeswevegone:pumpkin_valley",
        "required": false
      },
      {
        "id": "biomeswevegone:rose_fields",
        "required": false
      },
      {
        "id": "biomeswevegone:temperate_grove",
        "required": false
      }
  ]
}
