{
  "replace": false,
  "values": [
    "#minecraft:is_savanna",
	{
      "id": "#c:is_savanna",
      "required": false
    },
	{
      "id": "biomesoplenty:lush_desert",
      "required": false
    },
	{
      "id": "biomesoplenty:lush_savanna",
      "required": false
    },
	{
      "id": "clifftree:oasis",
      "required": false
    },
	{
      "id": "clifftree:shrubland",
      "required": false
    },
    {
      "id": "terralith:arid_highlands",
      "required": false
    },
	{
      "id": "terralith:ashen_savanna",
      "required": false
    },
	{
      "id": "terralith:brushland",
      "required": false
    },
	{
      "id": "terralith:desert_oasis",
      "required": false
    },
	{
      "id": "terralith:fractured_savanna",
      "required": false
    },
	{
      "id": "terralith:hot_shrubland",
      "required": false
    },
	{
      "id": "terralith:red_oasis",
      "required": false
    },
	{
      "id": "terralith:savanna_badlands",
      "required": false
    },
	{
      "id": "terralith:savanna_slopes",
      "required": false
    },
	{
      "id": "terralith:shrubland",
      "required": false
    },
    {
      "id": "wythers:granite_canyon",
      "required": false
    },
    {
      "id": "wythers:tropical_forest_canyon",
      "required": false
    },
    {
      "id": "wythers:tropical_forest",
      "required": false
    },
    {
      "id": "biomeswevegone:savanna",
      "required": false
    }
  ]
}
