{
  "replace": false,
  "values": [
    "minecraft:grove",
	"minecraft:snowy_taiga",
	{
      "id": "biomesoplenty:snowy_coniferous_forest",
      "required": false
    },
	{
      "id": "biomesoplenty:snowy_fir_clearing",
      "required": false
    },
	{
      "id": "biomesoplenty:snowy_maple_woods",
      "required": false
    },
	{
      "id": "clifftree:snowy_old_growth_taiga",
      "required": false
    },
	{
      "id": "terralith:alpine_grove",
      "required": false
    },
	{
      "id": "terralith:cold_shrubland",
      "required": false
    },
	{
      "id": "terralith:siberian_grove",
      "required": false
    },
	{
      "id": "terralith:snowy_maple_forest",
      "required": false
    },
	{
      "id": "terralith:snowy_shield",
      "required": false
    },
	{
      "id": "terralith:wintry_forest",
      "required": false
    },
	{
      "id": "terralith:wintry_lowlands",
      "required": false
    },
	{
      "id": "wythers:cold_island",
      "required": false
    },
	{
      "id": "wythers:deep_snowy_taiga",
      "required": false
    },
    {
      "id": "wythers:snowy_thermal_taiga",
      "required": false
    },
    {
      "id": "biomeswevegone:frosted_taiga",
      "required": false
    }
  ]
}
