{
  "replace": false,
  "values": [
    "minecraft:dark_forest",
	{
      "id": "#byg:is_spooky",
      "required": false
    },
	{
      "id": "#c:is_spooky",
      "required": false
    },
	{
      "id": "#wythers:is_dark_forest",
      "required": false
    },
	{
      "id": "biomesoplenty:ominous_woods",
      "required": false
    },
	{
      "id": "byg:ebony_woods",
      "required": false
    },
    {
      "id": "wythers:ancient_taiga",
      "required": false
    },
    {
      "id": "wythers:tangled_forest",
      "required": false
    },
    {
      "id": "wythers:twilight_meadow",
      "required": false
    },
    {
      "id": "biomeswevegone:pale_bog",
      "required": false
    },
    {
      "id": "biomeswevegone:weeping_witch_forest",
      "required": false
    },
    {
      "id": "biomeswevegone:black_forest",
      "required": false
    },
    {
      "id": "biomeswevegone:overgrowth_woodlands",
      "required": false
    }
  ]
}
