{
  "replace": false,
  "values": [
	{
      "id": "biomesoplenty:auroral_garden",
      "required": false
    },
	{
      "id": "biomesoplenty:muskeg",
      "required": false
    },
	{
      "id": "biomesoplenty:snowy_maple_woods",
      "required": false
    },
	{
      "id": "terralith:alpha_islands_winter",
      "required": false
    },
	{
      "id": "terralith:ice_marsh",
      "required": false
    },
	{
      "id": "terralith:siberian_grove",
      "required": false
    },
	{
      "id": "terralith:snowy_cherry_grove",
      "required": false
    },
	{
      "id": "terralith:snowy_maple_forest",
      "required": false
    },
    {
      "id": "wythers:huangshan_highlands",
      "required": false
    },
    {
      "id": "wythers:jade_highlands",
      "required": false
    },
    {
      "id": "wythers:snowy_fen",
      "required": false
    },
    {
      "id": "biomeswevegone:frosted_taiga",
      "required": false
    },
    {
      "id": "biomeswevegone:frosted_coniferous_forest",
      "required": false
    },
    {
      "id": "biomeswevegone:howling_peaks",
      "required": false
    }
  ]
}
