{
  "replace": false,
  "values": [
    "minecraft:mangrove_swamp",
    "minecraft:swamp",
    {
      "id": "#byg:is_swamp",
      "required": false
    },
	{
      "id": "#c:is_swamp",
      "required": false
    },
	{
      "id": "#clifftree:is_swamp",
      "required": false
    },
	{
      "id": "#wythers:is_swamp",
      "required": false
    },
	{
      "id": "biomesoplenty:bayou",
      "required": false
    },
	{
      "id": "biomesoplenty:bog",
      "required": false
    },
	{
      "id": "biomesoplenty:floodplain",
      "required": false
    },
	{
      "id": "biomesoplenty:marsh",
      "required": false
    },
	{
      "id": "biomesoplenty:wetland",
      "required": false
    },
	{
      "id": "terralith:ice_marsh",
      "required": false
    },
	{
      "id": "terralith:orchid_swamp",
      "required": false
    },
    {
      "id": "wythers:billabong",
      "required": false
    },
    {
      "id": "biomeswevegone:swamp",
      "required": false
    }
  ]
}
