{
  "replace": false,
  "values": [
	{
      "id": "biomesoplenty:bog",
      "required": false
    },
	{
      "id": "biomesoplenty:dryland",
      "required": false
    },
	{
      "id": "biomesoplenty:field",
      "required": false
    },
	{
      "id": "biomesoplenty:fungal_jungle",
      "required": false
    },
	{
      "id": "biomesoplenty:lush_desert",
      "required": false
    },
	{
      "id": "biomesoplenty:mediterranean_forest",
      "required": false
    },
	{
      "id": "biomesoplenty:pumpkin_patch",
      "required": false
    },
	{
      "id": "biomesoplenty:scrubland",
      "required": false
    },
	{
      "id": "biomesoplenty:shrubland",
      "required": false
    },
	{
      "id": "biomesoplenty:rocky_shrubland",
      "required": false
    },
	{
      "id": "clifftree:shrubland",
      "required": false
    },
	{
      "id": "terralith:alpine_highlands",
      "required": false
    },
	{
      "id": "terralith:arid_highlands",
      "required": false
    },
	{
      "id": "terralith:brushland",
      "required": false
    },
	{
      "id": "terralith:cold_shrubland",
      "required": false
    },
	{
      "id": "terralith:hot_shrubland",
      "required": false
    },
	{
      "id": "terralith:rocky_shrubland",
      "required": false
    },
	{
      "id": "terralith:shrubland",
      "required": false
    },
    {
      "id": "wythers:berry_bog",
      "required": false
    },
    {
      "id": "wythers:chaparral",
      "required": false
    },
    {
      "id": "wythers:crimson_tundra",
      "required": false
    },
    {
      "id": "wythers:dry_tropical_grassland",
      "required": false
    },
    {
      "id": "wythers:eucalyptus_salubris_woodland",
      "required": false
    },
    {
      "id": "wythers:forest_edge",
      "required": false
    },
    {
      "id": "wythers:kwongan_heath",
      "required": false
    },
    {
      "id": "wythers:mediterranean_island",
      "required": false
    },
    {
      "id": "wythers:outback",
      "required": false
    },
    {
      "id": "wythers:scrub_forest",
      "required": false
    },
    {
      "id": "wythers:scrubland",
      "required": false
    },
    {
      "id": "wythers:tropical_grassland",
      "required": false
    },
    {
      "id": "wythers:tundra",
      "required": false
    },
    {
      "id": "biomeswevegone:crimson_tundra",
      "required": false
    },
    {
      "id": "biomeswevegone:allium_shrubland",
      "required": false
    },
    {
      "id": "biomeswevegone:firecracker_chaparral",
      "required": false
    }
  ]
}
