{
  "replace": false,
  "values": [
    "minecraft:ice_spikes",
    "minecraft:snowy_plains",
    {
      "id": "#c:is_snowy_plains",
      "required": false
    },
	{
      "id": "biomesoplenty:cold_desert",
      "required": false
    },
	{
      "id": "biomesoplenty:muskeg",
      "required": false
    },
	{
      "id": "biomesoplenty:snowy_fir_clearing",
      "required": false
    },
	{
      "id": "biomesoplenty:tundra",
      "required": false
    },
	{
      "id": "byg:cardinal_tundra",
      "required": false
    },
	{
      "id": "clifftree:bog",
      "required": false 
    },
	{
      "id": "clifftree:tundra",
      "required": false 
    },
	{
      "id": "terralith:cold_shrubland",
      "required": false
    },
	{
      "id": "terralith:gravel_desert",
      "required": false
    },
	{
      "id": "terralith:rocky_shrubland",
      "required": false
    },
	{
      "id": "terralith:snowy_badlands",
      "required": false
    },
	{
      "id": "terralith:yellowstone",
      "required": false
    },
    {
      "id": "wythers:crimson_tundra",
      "required": false
    },
    {
      "id": "wythers:frigid_island",
      "required": false
    },
    {
      "id": "wythers:ice_cap",
      "required": false
    },
    {
      "id": "wythers:icy_crags",
      "required": false
    },
	{
      "id": "wythers:snowy_tundra",
      "required": false
    },
	{
      "id": "wythers:tundra",
      "required": false
    }
  ]
}
