{
  "replace": false,
  "values": [
    "#minecraft:is_taiga",
	"#cobblemon:is_snowy_taiga",
	{
      "id": "#c:is_taiga",
      "required": false
    },
	{
      "id": "#c:tree/coniferous",
      "required": false
    },
	{
      "id": "biomesoplenty:coniferous_forest",
      "required": false
    },
	{
      "id": "biomesoplenty:dead_forest",
      "required": false
    },
	{
      "id": "biomesoplenty:fir_clearing",
      "required": false
    },
	{
      "id": "biomesoplenty:forested_field",
      "required": false
    },
	{
      "id": "biomesoplenty:jade_cliffs",
      "required": false
    },
	{
      "id": "biomesoplenty:mediterranean_forest",
      "required": false
    },
	{
      "id": "biomesoplenty:redwood_forest",
      "required": false
    },
	{
      "id": "biomesoplenty:wetland",
      "required": false
    },
	{
      "id": "clifftree:cold_river",
      "required": false
    },
	{
      "id": "terralith:bryce_canyon",
      "required": false
    },
	{
      "id": "terralith:cloud_forest",
      "required": false
    },
	{
      "id": "terralith:haze_mountain",
      "required": false
    },
	{
      "id": "terralith:ice_marsh",
      "required": false
    },
	{
      "id": "terralith:moonlight_grove",
      "required": false
    },
	{
      "id": "terralith:moonlight_valley",
      "required": false
    },
	{
      "id": "terralith:shield",
      "required": false
    },
	{
      "id": "terralith:siberian_taiga",
      "required": false
    },
	{
      "id": "terralith:yellowstone",
      "required": false
    },
	{
      "id": "terralith:yosemite_lowlands",
      "required": false
    },
	{
      "id": "wythers:ancient_taiga",
      "required": false
    },
	{
      "id": "wythers:birch_taiga",
      "required": false
    },
	{
      "id": "wythers:boreal_forest_red",
      "required": false
    },
	{
      "id": "wythers:boreal_forest_yellow",
      "required": false
    },
	{
      "id": "wythers:fen",
      "required": false
    },
	{
      "id": "wythers:flooded_temperate_rainforest",
      "required": false
    },
	{
      "id": "wythers:forested_highlands",
      "required": false
    },
	{
      "id": "wythers:huangshan_highlands",
      "required": false
    },
	{
      "id": "wythers:jade_highlands",
      "required": false
    },
	{
      "id": "wythers:larch_taiga",
      "required": false
    },
	{
      "id": "wythers:old_growth_taiga_crags",
      "required": false
    },
	{
      "id": "wythers:old_growth_taiga_swamp",
      "required": false
    },
	{
      "id": "wythers:pine_barrens",
      "required": false
    },
	{
      "id": "wythers:taiga_crags",
      "required": false
    },
	{
      "id": "wythers:temperate_rainforest",
      "required": false
    },
	{
      "id": "wythers:temperate_rainforest_crags",
      "required": false
    },
	{
      "id": "wythers:thermal_taiga",
      "required": false
    },
	{
      "id": "wythers:thermal_taiga_crags",
      "required": false
    },
    {
      "id": "biomeswevegone:taiga",
      "required": false
    }
  ]
}
