{
	"format_version": "1.12.0",
	"minecraft:geometry": [
		{
			"description": {
				"identifier": "geometry.deepeon",
				"texture_width": 64,
				"texture_height": 64,
				"visible_bounds_width": 2,
				"visible_bounds_height": 3.5,
				"visible_bounds_offset": [0, 1.25, 0]
			},
			"bones": [
				{
					"name": "deepeon",
					"pivot": [0, 0, 0]
				},
				{
					"name": "body",
					"parent": "deepeon",
					"pivot": [0, 10, -1]
				},
				{
					"name": "torso",
					"parent": "body",
					"pivot": [0, 9.36791, 1.08162],
					"cubes": [
						{"origin": [-3, 9.25, -1], "size": [6, 5, 4], "pivot": [0, 8.44295, 0.95491], "rotation": [32.5, 0, 0], "uv": [16, 0]},
						{"origin": [0, 8.2359, 1.22927], "size": [0, 7, 6], "pivot": [0, 8.44295, 0.95491], "rotation": [32.5, 0, 0], "uv": [0, 17]}
					]
				},
				{
					"name": "bodyflap1",
					"parent": "torso",
					"pivot": [-3.12094, 13.37306, -2.13978],
					"cubes": [
						{"origin": [-4.06129, 7.62347, -1], "size": [0, 6, 4], "pivot": [0, 8.44295, 0.95491], "rotation": [32.10382, -5.35355, 8.45862], "uv": [8, 24], "mirror": true}
					]
				},
				{
					"name": "bodyflap2",
					"parent": "torso",
					"pivot": [3.12094, 13.37306, -2.13978],
					"cubes": [
						{"origin": [4.06129, 7.62347, -1], "size": [0, 6, 4], "pivot": [0, 8.44295, 0.95491], "rotation": [32.10382, 5.35355, -8.45862], "uv": [8, 24]}
					]
				},
				{
					"name": "head",
					"parent": "torso",
					"pivot": [0, 13.34362, -1.75307],
					"cubes": [
						{"origin": [-2.5, 12.72874, -4.6584], "size": [5, 5, 4], "pivot": [0, 12.94295, -2.04509], "rotation": [32.5, 0, 0], "uv": [16, 9]},
						{"origin": [0, 13.72874, -4.6584], "size": [0, 9, 8], "pivot": [0, 12.94295, -2.04509], "rotation": [32.5, 0, 0], "uv": [0, 0]}
					]
				},
				{
					"name": "headflapfront",
					"parent": "head",
					"pivot": [0, 15.60571, -6.77142],
					"cubes": [
						{"origin": [-2.5, 10.99523, -6.4902], "size": [5, 5, 0], "pivot": [0, 12.94295, -2.04509], "rotation": [5, 0, 0], "uv": [28, 26]}
					]
				},
				{
					"name": "headflap1",
					"parent": "head",
					"pivot": [2.61946, 16.58921, -5.07107],
					"cubes": [
						{"origin": [3.55256, 12.05493, -4.6584], "size": [0, 5, 4], "pivot": [0, 12.94295, -2.04509], "rotation": [31.88034, 6.6782, -10.59061], "uv": [16, 24]}
					]
				},
				{
					"name": "headflap2",
					"parent": "head",
					"pivot": [-2.61946, 16.58921, -5.07107],
					"cubes": [
						{"origin": [-3.55256, 12.05493, -4.6584], "size": [0, 5, 4], "pivot": [0, 12.94295, -2.04509], "rotation": [31.88034, -6.6782, 10.59061], "uv": [16, 24], "mirror": true}
					]
				},
				{
					"name": "eyes",
					"parent": "head",
					"pivot": [0, 13.95155, -5.82134],
					"cubes": [
						{"origin": [-2.25, 14.47874, -5.8084], "size": [2, 2, 0], "pivot": [0.25, 14.69295, -3.19509], "rotation": [32.5, 0, 0], "uv": [0, 36]},
						{"origin": [0.25, 14.47874, -5.8084], "size": [2, 2, 0], "pivot": [-0.25, 14.69295, -3.19509], "rotation": [32.5, 0, 0], "uv": [0, 36], "mirror": true}
					]
				},
				{
					"name": "lowertorso",
					"parent": "body",
					"pivot": [0, 9.44295, 0.95491],
					"cubes": [
						{"origin": [-2, 6.25, 0], "size": [4, 3, 3], "pivot": [0, 8.44295, 0.95491], "rotation": [32.5, 0, 0], "uv": [12, 18]}
					]
				},
				{
					"name": "leg1",
					"parent": "lowertorso",
					"pivot": [2, 8.12061, 1.56596],
					"cubes": [
						{"origin": [1, 3.25, 0.5], "size": [2, 6, 2], "pivot": [2, 8.25, 1.5], "rotation": [-20, 0, 0], "uv": [28, 18]}
					]
				},
				{
					"name": "lowerleg1",
					"parent": "leg1",
					"pivot": [2, 3.7, -0.1],
					"cubes": [
						{"origin": [1, -0.05, -1.1], "size": [2, 4, 2], "uv": [0, 30], "mirror": true}
					]
				},
				{
					"name": "leg2",
					"parent": "lowertorso",
					"pivot": [-2, 8.12061, 1.56596],
					"cubes": [
						{"origin": [-3, 3.25, 0.5], "size": [2, 6, 2], "pivot": [-2, 8.25, 1.5], "rotation": [-20, 0, 0], "uv": [28, 18], "mirror": true}
					]
				},
				{
					"name": "lowerleg2",
					"parent": "leg2",
					"pivot": [-2, 3.7, -0.1],
					"cubes": [
						{"origin": [-3, -0.05, -1.1], "size": [2, 4, 2], "uv": [0, 30]}
					]
				}
			]
		}
	]
}