{
	"format_version": "1.12.0",
	"minecraft:geometry": [
		{
			"description": {
				"identifier": "geometry.grasselina",
				"texture_width": 128,
				"texture_height": 128,
				"visible_bounds_width": 3,
				"visible_bounds_height": 3.5,
				"visible_bounds_offset": [0, 1.25, 0]
			},
			"bones": [
				{
					"name": "grasselina",
					"pivot": [0, 0, 0]
				},
				{
					"name": "bone",
					"parent": "grasselina",
					"pivot": [0, 6, 0]
				},
				{
					"name": "bone2",
					"parent": "bone",
					"pivot": [0, 12, 0],
					"cubes": [
						{"origin": [-3, 10, -3], "size": [6, 14, 6], "uv": [42, 4]},
						{"origin": [-5, 9.9, -5], "size": [10, 3, 10], "uv": [39, 42]},
						{"origin": [-3, 17, 3], "size": [6, 7, 0], "pivot": [0, 22, 3], "rotation": [5, 0, 0], "uv": [91, 33]},
						{"origin": [3, 17, -3], "size": [0, 7, 6], "pivot": [3, 22, 0], "rotation": [0, 0, -5], "uv": [72, 11]},
						{"origin": [-3, 17, -3], "size": [6, 7, 0], "pivot": [0, 22, -3], "rotation": [-5, 0, 0], "uv": [73, 7]},
						{"origin": [-3, 17, -3], "size": [0, 7, 6], "pivot": [-3, 22, 0], "rotation": [0, 0, 5], "uv": [72, 11], "mirror": true}
					]
				},
				{
					"name": "head",
					"parent": "bone2",
					"pivot": [0, 22, 0],
					"cubes": [
						{"origin": [-4, 22, -4], "size": [8, 9, 8], "uv": [0, 0]},
						{"origin": [-6, 29.8, -1], "size": [4, 3, 4], "pivot": [-2, 31, 1], "rotation": [0, 0, -47.5], "uv": [6, 22]}
					]
				},
				{
					"name": "arm",
					"parent": "bone2",
					"pivot": [3, 17.5, 0],
					"rotation": [0, 0, -40],
					"cubes": [
						{"origin": [3, 7, -2], "size": [0, 15, 4], "uv": [26, 33]}
					]
				},
				{
					"name": "arm2",
					"parent": "bone2",
					"pivot": [-3, 17.5, 0],
					"rotation": [0, 0, 40],
					"cubes": [
						{"origin": [-3, 7, -2], "size": [0, 15, 4], "uv": [26, 33], "mirror": true}
					]
				},
				{
					"name": "leg",
					"parent": "bone",
					"pivot": [1.5, 10, 0],
					"cubes": [
						{"origin": [0.5, 0, -1], "size": [2, 11, 2], "uv": [100, 10]}
					]
				},
				{
					"name": "leg2",
					"parent": "bone",
					"pivot": [-1.5, 10, 0],
					"cubes": [
						{"origin": [-2.5, 0, -1], "size": [2, 11, 2], "uv": [100, 10], "mirror": true}
					]
				}
			]
		}
	]
}