{
	"format_version": "1.8.0",
	"animations": {
		"animation.ankylonorse.ground_idle": {
			"loop": true,
			"animation_length": 8,
			"bones": {
				"leg_back_left2": {
					"rotation": ["-12.5-3*math.cos(q.anim_time*90*1-30)*1", 0, 0]
				},
				"foot_back_left": {
					"rotation": ["7.5+1*math.cos(q.anim_time*90*1-30)*1", 0, 0]
				},
				"leg_front_left2": {
					"rotation": ["-12.5-4*math.cos(q.anim_time*90*1-30)*1", 0, 0]
				},
				"foot_front_left": {
					"rotation": ["6.25+2*math.cos(q.anim_time*90*1-30)*1", 0, 0]
				},
				"leg_back_right2": {
					"rotation": ["-12.5-3*math.cos(q.anim_time*90*1-30)*1", 0, 0]
				},
				"foot_back_right": {
					"rotation": ["7.5+1*math.cos(q.anim_time*90*1-30)*1", 0, 0]
				},
				"leg_front_right2": {
					"rotation": ["-12.5-4*math.cos(q.anim_time*90*1-30)*1", 0, 0]
				},
				"foot_front_right": {
					"rotation": ["6.25+2*math.cos(q.anim_time*90*1-30)*1", 0, 0]
				},
				"waist": {
					"rotation": ["1.5+0.5*math.cos(q.anim_time*90*1)*1", 0, "1*math.sin(q.anim_time*90*0.5)*1"],
					"position": [0, "-0.2*math.cos(q.anim_time*90*1-30)*1", 0]
				},
				"torso": {
					"rotation": ["0.5*math.cos(q.anim_time*90*1-30)*1", 0, 0]
				},
				"chest": {
					"rotation": ["0.2*math.cos(q.anim_time*90*1-60)*1", 0, 0]
				},
				"ankylonorse": {
					"position": [0, 0, 0]
				},
				"tail": {
					"rotation": {
						"0.0": [0, 0, 0],
						"2.0": [0, 22.5, 0],
						"4.0": [0, 0, 0],
						"6.0": [0, -22.5, 0],
						"8.0": [0, 0, 0]
					},
					"position": {
						"0.0": [0, 0, 0],
						"2.0": [0, 0, -3],
						"4.0": [0, 0, 0],
						"6.0": [0, 0, -3],
						"8.0": [0, 0, 0]
					}
				},
				"tail2": {
					"rotation": {
						"0.0": [0, 0, 0],
						"2.0": [0, 17.5, 0],
						"4.0": [0, 0, 0],
						"6.0": [0, -17.5, 0],
						"8.0": [0, 0, 0]
					},
					"position": {
						"0.0": [0, 0, 0],
						"4.0": [0, 0, 0],
						"8.0": [0, 0, 0]
					}
				},
				"leg_back_left1": {
					"rotation": ["5+2*math.cos(q.anim_time*90*1-30)*1", 0, 0],
					"position": [0, "-0.2*math.cos(q.anim_time*90*1-30)*1", "-2-0.17*math.cos(q.anim_time*90*1-30)*1"]
				},
				"leg_front_left1": {
					"rotation": ["6.25+2*math.cos(q.anim_time*90*1-30)*1", 0, 0],
					"position": [0, "-0.075-0.26*math.cos(q.anim_time*90*1-30)*1", "0.07*math.cos(q.anim_time*90*1-30)*1"]
				},
				"leg_front_right1": {
					"rotation": ["6.25+2*math.cos(q.anim_time*90*1-30)*1", 0, 0],
					"position": [0, "-0.075-0.26*math.cos(q.anim_time*90*1-30)*1", "0.07*math.cos(q.anim_time*90*1-30)*1"]
				},
				"leg_back_right1": {
					"rotation": ["5+2*math.cos(q.anim_time*90*1-30)*1", 0, 0],
					"position": [0, "-0.2*math.cos(q.anim_time*90*1-30)*1", "-2-0.17*math.cos(q.anim_time*90*1-30)*1"]
				}
			}
		},
		"animation.ankylonorse.battle_idle": {
			"loop": true,
			"animation_length": 4,
			"bones": {
				"leg_back_left2": {
					"rotation": ["-25.75-3*math.cos(q.anim_time*90*2-30)*1", 0, 0]
				},
				"foot_back_left": {
					"rotation": ["8.75+1*math.cos(q.anim_time*90*2-30)*1", 0, 0]
				},
				"leg_front_left2": {
					"rotation": ["-23.5-3*math.cos(q.anim_time*90*2-30)*1", 0, 0],
					"position": [-1, 0, 0]
				},
				"foot_front_left": {
					"rotation": ["11.75+1.5*math.cos(q.anim_time*90*2-30)*1", 0, 0]
				},
				"leg_back_right2": {
					"rotation": ["-25.75-3*math.cos(q.anim_time*90*2-30)*1", 0, 0]
				},
				"foot_back_right": {
					"rotation": ["8.75+1*math.cos(q.anim_time*90*2-30)*1", 0, 0]
				},
				"leg_front_right2": {
					"rotation": ["-23.5-3*math.cos(q.anim_time*90*2-30)*1", 0, 0],
					"position": [1, 0, 0]
				},
				"foot_front_right": {
					"rotation": ["11.75+1.5*math.cos(q.anim_time*90*2-30)*1", 0, 0]
				},
				"waist": {
					"rotation": ["9.75+0.5*math.cos(q.anim_time*90*2)*1", 0, "1*math.sin(q.anim_time*90*1)*1"],
					"position": [0, "-0.2*math.cos(q.anim_time*90*2-30)*1", 0]
				},
				"torso": {
					"rotation": ["-2.25+0.5*math.cos(q.anim_time*90*2-30)*1", 0, 0]
				},
				"chest": {
					"rotation": ["-2.25+0.25*math.cos(q.anim_time*90*2-60)*1", 0, 0]
				},
				"tail": {
					"rotation": {
						"0.0": [0, 0, 0],
						"1.0": [0, 15, 0],
						"2.0": [0, 0, 0],
						"3.0": [0, -15, 0],
						"4.0": [0, 0, 0]
					},
					"position": {
						"0.0": [0, 0, 0],
						"1.0": [0, 0, -2],
						"2.0": [0, 0, 0],
						"3.0": [0, 0, -2],
						"4.0": [0, 0, 0]
					}
				},
				"tail2": {
					"rotation": {
						"0.0": [0, 0, 0],
						"1.0": [0, 25, 0],
						"2.0": [0, 0, 0],
						"3.0": [0, -25, 0],
						"4.0": [0, 0, 0]
					},
					"position": {
						"0.0": [0, 0, 0],
						"1.0": [0, 0, -1],
						"2.0": [0, 0, 0],
						"3.0": [0, 0, -1],
						"4.0": [0, 0, 0]
					}
				},
				"leg_back_left1": {
					"rotation": ["15.538+2*math.cos(q.anim_time*90*2-30)*1", -3.99257, -1.5739],
					"position": ["0.25+0.01*math.cos(q.anim_time*90*2-30)*1", "-1.275-0.27*math.cos(q.anim_time*90*2-30)*1", "-2-0.14*math.cos(q.anim_time*90*2-30)*1"]
				},
				"leg_front_left1": {
					"rotation": ["11.9886+1.5*math.cos(q.anim_time*90*2-30)*1", -9.77557, -0.72487],
					"position": [1, "-0.825-0.23*math.cos(q.anim_time*90*2-30)*1", "-0.6+0.05*math.cos(q.anim_time*90*2-30)*1"]
				},
				"leg_front_right1": {
					"rotation": ["11.9886+1.5*math.cos(q.anim_time*90*2-30)*1", 9.77557, 0.72487],
					"position": [-1, "-0.825-0.23*math.cos(q.anim_time*90*2-30)*1", "-0.6+0.05*math.cos(q.anim_time*90*2-30)*1"]
				},
				"leg_back_right1": {
					"rotation": ["15.538+2*math.cos(q.anim_time*90*2-30)*1", 3.99257, 1.5739],
					"position": ["-0.25+0.01*math.cos(q.anim_time*90*2-30)*1", "-1.275-0.27*math.cos(q.anim_time*90*2-30)*1", "-2-0.14*math.cos(q.anim_time*90*2-30)*1"]
				}
			}
		},
		"animation.ankylonorse.ground_walk": {
			"loop": true,
			"animation_length": 2,
			"bones": {
				"leg_back_left2": {
					"rotation": {
						"0.0": [-22.08, 0, 0],
						"0.3333": [-22, 0, 0],
						"0.5417": {
							"pre": [-14.55, 0, 0],
							"post": [-14.55, 0, 0],
							"lerp_mode": "catmullrom"
						},
						"0.875": {
							"post": [-22.37, 0, 0],
							"lerp_mode": "catmullrom"
						},
						"1.125": {
							"post": [-15.27, 0, 0],
							"lerp_mode": "catmullrom"
						},
						"1.3333": [-22.25, 0, 0],
						"1.5833": [-22.19, 0, 0],
						"2.0": [-22.08, 0, 0]
					}
				},
				"foot_back_left": {
					"rotation": {
						"0.0": [9.56, 0, 0],
						"0.3333": {
							"pre": [2, 0, 0],
							"post": [2, 0, 0],
							"lerp_mode": "catmullrom"
						},
						"0.6667": {
							"post": [18.88, 0, 0],
							"lerp_mode": "catmullrom"
						},
						"1.125": {
							"post": [11.08, 0, 0],
							"lerp_mode": "catmullrom"
						},
						"1.3333": [30.5, 0, 0],
						"1.5833": [21.5, 0, 0],
						"2.0": [9.56, 0, 0]
					}
				},
				"leg_front_left2": {
					"rotation": {
						"0.0": [-7.5, 0, 0],
						"1.0": [-18.25, 0, 0],
						"1.2083": {
							"pre": [-16.12, 0, 0],
							"post": [-16.12, 0, 0],
							"lerp_mode": "catmullrom"
						},
						"1.75": {
							"post": [-31.68, 0, 0],
							"lerp_mode": "catmullrom"
						},
						"2.0": [-7.5, 0, 0]
					}
				},
				"foot_front_left": {
					"rotation": {
						"0.0": [19, 0, 0],
						"1.0": [1.25, 0, 0],
						"1.25": {
							"pre": [11.39, 0, 0],
							"post": [11.39, 0, 0],
							"lerp_mode": "catmullrom"
						},
						"1.4167": {
							"post": [16.59, 0, 0],
							"lerp_mode": "catmullrom"
						},
						"1.7083": {
							"post": [5.99, 0, 0],
							"lerp_mode": "catmullrom"
						},
						"1.875": {
							"post": [5.17, 0, 0],
							"lerp_mode": "catmullrom"
						},
						"2.0": [19, 0, 0]
					}
				},
				"leg_back_right2": {
					"rotation": {
						"0.0": {
							"post": [-18.87, 0, 0],
							"lerp_mode": "catmullrom"
						},
						"0.125": {
							"post": [-15.27, 0, 0],
							"lerp_mode": "catmullrom"
						},
						"0.3333": [-22.25, 0, 0],
						"0.5833": [-22.19, 0, 0],
						"1.0": [-22.08, 0, 0],
						"1.3333": [-22, 0, 0],
						"1.5417": {
							"pre": [-14.55, 0, 0],
							"post": [-14.55, 0, 0],
							"lerp_mode": "catmullrom"
						},
						"1.875": {
							"post": [-22.37, 0, 0],
							"lerp_mode": "catmullrom"
						},
						"2.0": [-18.87, 0, 0]
					}
				},
				"foot_back_right": {
					"rotation": {
						"0.0": {
							"post": [11.91, 0, 0],
							"lerp_mode": "catmullrom"
						},
						"0.125": {
							"post": [11.08, 0, 0],
							"lerp_mode": "catmullrom"
						},
						"0.3333": [30.5, 0, 0],
						"0.5833": [21.5, 0, 0],
						"1.0": [9.56, 0, 0],
						"1.3333": {
							"pre": [2, 0, 0],
							"post": [2, 0, 0],
							"lerp_mode": "catmullrom"
						},
						"1.6667": {
							"post": [18.88, 0, 0],
							"lerp_mode": "catmullrom"
						},
						"2.0": [11.91, 0, 0]
					}
				},
				"leg_front_right2": {
					"rotation": {
						"0.0": [-18.25, 0, 0],
						"0.2083": {
							"pre": [-16.12, 0, 0],
							"post": [-16.12, 0, 0],
							"lerp_mode": "catmullrom"
						},
						"0.75": {
							"post": [-31.68, 0, 0],
							"lerp_mode": "catmullrom"
						},
						"1.0": [-7.5, 0, 0],
						"2.0": [-18.25, 0, 0]
					}
				},
				"foot_front_right": {
					"rotation": {
						"0.0": [1.25, 0, 0],
						"0.25": {
							"pre": [11.39, 0, 0],
							"post": [11.39, 0, 0],
							"lerp_mode": "catmullrom"
						},
						"0.4167": {
							"post": [16.59, 0, 0],
							"lerp_mode": "catmullrom"
						},
						"0.7083": {
							"post": [5.99, 0, 0],
							"lerp_mode": "catmullrom"
						},
						"0.875": {
							"post": [5.17, 0, 0],
							"lerp_mode": "catmullrom"
						},
						"1.0": [19, 0, 0],
						"2.0": [1.25, 0, 0]
					}
				},
				"waist": {
					"rotation": ["-0.0325+0.521*math.cos(q.anim_time*90*4-30)*1", "0.75*math.cos(q.anim_time*90*2)*1", "-1*math.cos(q.anim_time*90*2)*1"],
					"position": [0, "-0.4*math.cos(q.anim_time*90*4+30)*1", 0]
				},
				"chest": {
					"rotation": ["1*math.cos(q.anim_time*90*4-120)*1", 0, 0]
				},
				"body": {
					"position": {
						"0.0": [0, 0, 0],
						"0.0417": [0, 0.15, 0],
						"0.0833": [0, -0.125, 0],
						"0.125": [0, 0.075, 0],
						"0.1667": [0, 0, 0],
						"0.25": [0, 0, 0],
						"0.2917": [0, 0.175, 0],
						"0.3333": [0, -0.125, 0],
						"0.375": [0, 0.1, 0],
						"0.4167": [0, -0.125, 0],
						"0.4583": [0, 0, 0],
						"1.0": [0, 0, 0],
						"1.0417": [0, 0.15, 0],
						"1.0833": [0, -0.125, 0],
						"1.125": [0, 0.075, 0],
						"1.1667": [0, 0, 0],
						"1.25": [0, 0, 0],
						"1.2917": [0, 0.175, 0],
						"1.3333": [0, -0.125, 0],
						"1.375": [0, 0.1, 0],
						"1.4167": [0, -0.125, 0],
						"1.4583": [0, 0, 0]
					}
				},
				"tail": {
					"rotation": {
						"0.0": [0, 0, 0],
						"0.5": [0, -5, 0],
						"1.0": [0, 0, 0],
						"1.5": [0, 5, 0],
						"2.0": [0, 0, 0]
					}
				},
				"tail2": {
					"rotation": {
						"0.0": [0, 0, 0],
						"0.5": [0, -5, 0],
						"1.0": [0, 0, 0],
						"1.5": [0, 5, 0],
						"2.0": [0, 0, 0]
					}
				},
				"leg_back_left1": {
					"rotation": {
						"0.0": [11.78, 0, 0],
						"0.3333": [20.5, 0, 0],
						"0.5417": {
							"pre": [21.44, 0, 0],
							"post": [21.44, 0, 0],
							"lerp_mode": "catmullrom"
						},
						"0.7083": {
							"post": [13.06, 0, 0],
							"lerp_mode": "catmullrom"
						},
						"1.125": {
							"post": [-10.09, 0, 0],
							"lerp_mode": "catmullrom"
						},
						"1.3333": [-8.5, 0, 0],
						"1.5833": [0.25, 0, 0],
						"2.0": [11.78, 0, 0]
					},
					"position": {
						"0.0": [0, -0.8, -4.22],
						"0.3333": [0, -1.35, -3.575],
						"0.5417": {
							"pre": [0, 0.77, -3.94],
							"post": [0, 0.77, -3.94],
							"lerp_mode": "catmullrom"
						},
						"0.8333": {
							"post": [0, 1.54, -4.24],
							"lerp_mode": "catmullrom"
						},
						"1.125": {
							"post": [0, 0.67, -0.47],
							"lerp_mode": "catmullrom"
						},
						"1.3333": [0, -1.22, -0.72],
						"1.5833": [0, -0.8, -0.88],
						"2.0": [0, -0.8, -4.22]
					}
				},
				"leg_front_left1": {
					"rotation": {
						"0.0": [-12.5, 0, 0],
						"1.0": [16.5, 0, 0],
						"1.3333": {
							"pre": [24.16, 0, 0],
							"post": [24.16, 0, 0],
							"lerp_mode": "catmullrom"
						},
						"1.75": {
							"post": [8.65, 0, 0],
							"lerp_mode": "catmullrom"
						},
						"2.0": [-12.5, 0, 0]
					},
					"position": {
						"0.0": [0, -0.475, -2.725],
						"0.25": {
							"pre": [0, -0.28, -1.83],
							"post": [0, -0.28, -1.83],
							"lerp_mode": "catmullrom"
						},
						"0.75": {
							"post": [0, -0.205, -0.04],
							"lerp_mode": "catmullrom"
						},
						"1.0": [0, -0.47, 0.855],
						"1.2083": {
							"pre": [0, 0.255, 0.43],
							"post": [0, 0.255, 0.43],
							"lerp_mode": "catmullrom"
						},
						"1.5": {
							"post": [0, 1.605, -0.93],
							"lerp_mode": "catmullrom"
						},
						"1.6667": {
							"post": [0, 1.27, -1.6],
							"lerp_mode": "catmullrom"
						},
						"2.0": [0, -0.475, -2.725]
					}
				},
				"leg_front_right1": {
					"rotation": {
						"0.0": [16.5, 0, 0],
						"0.3333": {
							"pre": [24.16, 0, 0],
							"post": [24.16, 0, 0],
							"lerp_mode": "catmullrom"
						},
						"0.75": {
							"post": [8.65, 0, 0],
							"lerp_mode": "catmullrom"
						},
						"1.0": [-12.5, 0, 0],
						"2.0": [16.5, 0, 0]
					},
					"position": {
						"0.0": [0, -0.47, 0.855],
						"0.2083": {
							"pre": [0, 0.255, 0.43],
							"post": [0, 0.255, 0.43],
							"lerp_mode": "catmullrom"
						},
						"0.5": {
							"post": [0, 1.605, -0.93],
							"lerp_mode": "catmullrom"
						},
						"0.6667": {
							"post": [0, 1.27, -1.6],
							"lerp_mode": "catmullrom"
						},
						"1.0": [0, -0.475, -2.725],
						"1.25": {
							"pre": [0, -0.28, -1.83],
							"post": [0, -0.28, -1.83],
							"lerp_mode": "catmullrom"
						},
						"1.75": {
							"post": [0, -0.205, -0.04],
							"lerp_mode": "catmullrom"
						},
						"2.0": [0, -0.47, 0.855]
					}
				},
				"leg_back_right1": {
					"rotation": {
						"0.0": {
							"post": [-4.5, 0, 0],
							"lerp_mode": "catmullrom"
						},
						"0.125": {
							"post": [-10.09, 0, 0],
							"lerp_mode": "catmullrom"
						},
						"0.3333": [-8.5, 0, 0],
						"0.5833": [0.25, 0, 0],
						"1.0": [11.78, 0, 0],
						"1.3333": [20.5, 0, 0],
						"1.5417": {
							"pre": [21.44, 0, 0],
							"post": [21.44, 0, 0],
							"lerp_mode": "catmullrom"
						},
						"1.7083": {
							"post": [13.06, 0, 0],
							"lerp_mode": "catmullrom"
						},
						"2.0": [-4.5, 0, 0]
					},
					"position": {
						"0.0": {
							"post": [0, 1.2, -0.37],
							"lerp_mode": "catmullrom"
						},
						"0.125": {
							"post": [0, 0.67, -0.47],
							"lerp_mode": "catmullrom"
						},
						"0.3333": [0, -1.22, -0.72],
						"0.5833": [0, -0.8, -0.88],
						"1.0": [0, -0.8, -4.22],
						"1.3333": [0, -1.35, -3.575],
						"1.5417": {
							"pre": [0, 0.77, -3.94],
							"post": [0, 0.77, -3.94],
							"lerp_mode": "catmullrom"
						},
						"1.8333": {
							"post": [0, 1.54, -4.24],
							"lerp_mode": "catmullrom"
						},
						"2.0": [0, 1.2, -2.37]
					}
				}
			}
		},
		"animation.ankylonorse.sleep": {
			"loop": true,
			"animation_length": 8,
			"bones": {
				"leg_back_left2": {
					"rotation": [-72.25, 0, 0]
				},
				"foot_back_left": {
					"rotation": [7.5, 0, 0]
				},
				"leg_front_left2": {
					"rotation": ["-88.25+0.9*math.cos(q.anim_time*90*1)*1", 0, 0]
				},
				"foot_front_left": {
					"rotation": [44.5, 0, 0]
				},
				"leg_back_right2": {
					"rotation": [-72.25, 0, 0]
				},
				"foot_back_right": {
					"rotation": [7.5, 0, 0]
				},
				"leg_front_right2": {
					"rotation": ["-88.25+0.9*math.cos(q.anim_time*90*1)*1", 0, 0]
				},
				"foot_front_right": {
					"rotation": [44.5, 0, 0]
				},
				"body": {
					"position": [0, -12.525, 0]
				},
				"waist": {
					"rotation": ["2.5-0.5*math.cos(q.anim_time*90*1)*1", 0, 0],
					"position": [0, 0.1, 0]
				},
				"torso": {
					"rotation": ["-0.5*math.cos(q.anim_time*90*1-30)*1", 0, 0]
				},
				"chest": {
					"rotation": ["-1.75+1*math.cos(q.anim_time*90*1-30)*1", 0, 0]
				},
				"tail": {
					"rotation": {
						"0.0": [0, 0, 0],
						"2.0": [0, 22.5, 0],
						"4.0": [0, 0, 0],
						"6.0": [0, -22.5, 0],
						"8.0": [0, 0, 0]
					},
					"position": {
						"0.0": [0, 0, 0],
						"2.0": [0, 0, -3],
						"4.0": [0, 0, 0],
						"6.0": [0, 0, -3],
						"8.0": [0, 0, 0]
					}
				},
				"tail2": {
					"rotation": {
						"0.0": [0, 0, 0],
						"2.0": [0, 17.5, 0],
						"4.0": [0, 0, 0],
						"6.0": [0, -17.5, 0],
						"8.0": [0, 0, 0]
					},
					"position": {
						"0.0": [0, 0, 0],
						"4.0": [0, 0, 0],
						"8.0": [0, 0, 0]
					}
				},
				"leg_back_left1": {
					"rotation": [-17.83917, -17.67932, -6.09727],
					"position": [-4.1, -0.3, 1.625]
				},
				"leg_front_left1": {
					"rotation": ["44.2782-1*math.cos(q.anim_time*90*1)*1", -20.89335, 0.09024],
					"position": [-1.325, "1.275+0.1*math.cos(q.anim_time*90*1)*1", "-0.375+0.09*math.cos(q.anim_time*90*1)*1"]
				},
				"leg_front_right1": {
					"rotation": ["44.2782-1*math.cos(q.anim_time*90*1)*1", 20.89335, -0.09024],
					"position": [1.325, "1.275+0.1*math.cos(q.anim_time*90*1)*1", "-0.375+0.09*math.cos(q.anim_time*90*1)*1"]
				},
				"leg_back_right1": {
					"rotation": [-17.83917, 17.67932, 6.09727],
					"position": [4.1, -0.3, 1.625]
				},
				"neck": {
					"position": [0, 0, 3]
				},
				"head": {
					"rotation": [12.5, 0, 0],
					"position": [0, 0, 2]
				},
				"eyelid_right": {
					"position": [-0.2, 0, 0]
				},
				"eyelid_left": {
					"position": [0.2, 0, 0]
				}
			}
		},
		"animation.ankylonorse.blink": {
			"animation_length": 0.1667,
			"bones": {
				"eyelid_right": {
					"position": {
						"0.0": [-0.2, 0, 0],
						"0.125": [-0.1, 0, 0],
						"0.1667": [0, 0, 0]
					}
				},
				"eyelid_left": {
					"position": {
						"0.0": [0.2, 0, 0],
						"0.125": [0.1, 0, 0],
						"0.1667": [0, 0, 0]
					}
				}
			}
		},
		"animation.ankylonorse.cry": {
			"animation_length": 3,
			"bones": {
				"waist": {
					"rotation": {
						"0.0": [0, 0, 0],
						"1.0": [7.5, 0, 0],
						"1.5": [5, 0, 0],
						"2.0": [7.5, 0, 0],
						"3.0": [0, 0, 0]
					},
					"position": {
						"0.0": [0, 0, 0],
						"3.0": [0, 0, 0]
					}
				},
				"tail": {
					"rotation": {
						"0.0": [0, 0, 0],
						"1.5": [15, 0, 0],
						"3.0": [0, 0, 0]
					},
					"position": {
						"0.0": [0, 0, 0],
						"1.5": [0, 0, -2],
						"3.0": [0, 0, 0]
					}
				},
				"tail2": {
					"rotation": {
						"0.0": [0, 0, 0],
						"1.5": [20, 0, 0],
						"3.0": [0, 0, 0]
					},
					"position": {
						"0.0": [0, 0, 0],
						"1.5": [0, 0, -1],
						"3.0": [0, 0, 0]
					}
				},
				"jaw": {
					"rotation": {
						"0.0": [0, 0, 0],
						"1.25": [0, 0, 0],
						"2.0": [17.5, 0, 0],
						"3.0": [0, 0, 0]
					}
				}
			}
		},
		"animation.ankylonorse.walk_speed_test": {
			"loop": true,
			"bones": {
				"ankylonorse": {
					"position": [0, 0, "-q.anim_time*90*0.12"]
				}
			}
		}
	}
}