{
	"format_version": "1.12.0",
	"minecraft:geometry": [
		{
			"description": {
				"identifier": "geometry.hadrosong",
				"texture_width": 124,
				"texture_height": 64,
				"visible_bounds_width": 4,
				"visible_bounds_height": 2.5,
				"visible_bounds_offset": [0, 0.75, 0]
			},
			"bones": [
				{
					"name": "thagolt",
					"pivot": [0, 0, 0]
				},
				{
					"name": "body",
					"parent": "thagolt",
					"pivot": [0, 0, 0]
				},
				{
					"name": "waist",
					"parent": "body",
					"pivot": [0, -2, 0],
					"cubes": [
						{"origin": [-1.5, 12, -2], "size": [2, 8, 8], "pivot": [-1, 12, 1], "rotation": [45, 0, 0], "uv": [18, 38]},
						{"origin": [-5, 5, -1], "size": [9, 8, 6], "uv": [24, 24]}
					]
				},
				{
					"name": "torso",
					"parent": "waist",
					"pivot": [0, -2, 0],
					"cubes": [
						{"origin": [-5, 5, -8], "size": [9, 8, 7], "uv": [0, 0]}
					]
				},
				{
					"name": "neck",
					"parent": "torso",
					"pivot": [0, 10, -8],
					"cubes": [
						{"origin": [-2, 8, -14], "size": [3, 4, 10], "pivot": [0, 10, -8], "rotation": [-22.5, 0, 0], "uv": [22, 5]}
					]
				},
				{
					"name": "head",
					"parent": "neck",
					"pivot": [0, 10, -8],
					"cubes": [
						{"origin": [-3, 9.44834, -21.69136], "size": [5, 5, 10], "uv": [0, 15]}
					]
				},
				{
					"name": "mouth",
					"parent": "head",
					"pivot": [-1, 5.25, -11.75],
					"cubes": [
						{"origin": [-1.5, 10, -21.75], "size": [2, 1, 0], "inflate": 0.01, "uv": [0, 6]},
						{"origin": [-2.5, 10.5, -21.75], "size": [4, 1, 0], "inflate": 0.01, "uv": [0, 21]}
					]
				},
				{
					"name": "mouth_open",
					"parent": "head",
					"pivot": [-1, 18.25, -2.75],
					"cubes": [
						{"origin": [-1.5, 10, -21.65], "size": [2, 1, 0], "inflate": 0.02, "uv": [5, 23]},
						{"origin": [-2.5, 10.5, -21.65], "size": [4, 1, 0], "inflate": 0.01, "uv": [0, 22]}
					]
				},
				{
					"name": "eyes",
					"parent": "head",
					"pivot": [-0.5, 15.5, -17]
				},
				{
					"name": "eye_right",
					"parent": "eyes",
					"pivot": [-4.52, 13, -19.5],
					"cubes": [
						{"origin": [-3.1, 10.5, -18], "size": [0, 3, 5], "uv": [0, 13]}
					]
				},
				{
					"name": "eyelid_right",
					"parent": "eye_right",
					"pivot": [-3.91, 13.5, -19.5],
					"cubes": [
						{"origin": [-2.9, 11.5, -17], "size": [1, 2, 3], "inflate": 0.025, "uv": [25, 0]}
					]
				},
				{
					"name": "eye_left",
					"parent": "eyes",
					"pivot": [2.52, 13, -14.5],
					"cubes": [
						{"origin": [2.05, 10.5, -18], "size": [0, 3, 5], "uv": [0, 10]}
					]
				},
				{
					"name": "eyelid_left",
					"parent": "eye_left",
					"pivot": [1.91, 13.5, -14.5],
					"cubes": [
						{"origin": [1, 11.5, -17], "size": [1, 2, 3], "inflate": 0.025, "uv": [20, 19]}
					]
				},
				{
					"name": "tail1",
					"parent": "waist",
					"pivot": [0, 9, 6],
					"cubes": [
						{"origin": [-4, 6.5, 4], "size": [7, 6, 6], "inflate": 0.02, "uv": [0, 32]}
					]
				},
				{
					"name": "tail2",
					"parent": "tail1",
					"pivot": [0, 10, 10],
					"cubes": [
						{"origin": [-3, 8.5, 9], "size": [5, 4, 5], "inflate": 0.01, "uv": [38, 0]}
					]
				},
				{
					"name": "tail3",
					"parent": "tail2",
					"pivot": [0, 11.5, 14],
					"cubes": [
						{"origin": [-2, 10.5, 13], "size": [3, 2, 5], "uv": [47, 43]},
						{"origin": [0, 12, 15], "size": [1, 2, 1], "pivot": [0, 12, 16], "rotation": [0, 0, 25], "uv": [28, 21]},
						{"origin": [-2, 12, 15], "size": [1, 2, 1], "pivot": [-1, 12, 16], "rotation": [0, 0, -25], "uv": [25, 19]}
					]
				},
				{
					"name": "leg_front_left1",
					"parent": "body",
					"pivot": [-3.35, 7.5, -4],
					"cubes": [
						{"origin": [2.15, 3, -7], "size": [3, 6, 4], "uv": [48, 9]}
					]
				},
				{
					"name": "leg_front_left2",
					"parent": "leg_front_left1",
					"pivot": [-3.35, 3, -6],
					"cubes": [
						{"origin": [2.15, 0, -7], "size": [3, 3, 4], "inflate": 0.01, "uv": [48, 50]},
						{"origin": [2.65, 0, -7.9], "size": [2, 1, 1], "uv": [0, 2]}
					]
				},
				{
					"name": "leg_front_right1",
					"parent": "body",
					"pivot": [-4.65, 7.5, -5],
					"cubes": [
						{"origin": [-6.15, 3, -7], "size": [3, 6, 4], "uv": [48, 19]}
					]
				},
				{
					"name": "leg_front_right2",
					"parent": "leg_front_right1",
					"pivot": [-4.65, 3, -7],
					"cubes": [
						{"origin": [-6.15, 0, -7], "size": [3, 3, 4], "inflate": 0.01, "uv": [0, 54]},
						{"origin": [-5.65, 0, -7.9], "size": [2, 1, 1], "uv": [0, 0]}
					]
				},
				{
					"name": "leg_back_left1",
					"parent": "body",
					"pivot": [-4.35, 7.5, 2.75],
					"cubes": [
						{"origin": [-5.85, 3, 0.75], "size": [3, 6, 4], "uv": [38, 38]}
					]
				},
				{
					"name": "leg_back_left2",
					"parent": "leg_back_left1",
					"pivot": [-4.35, 3, 0.75],
					"cubes": [
						{"origin": [-5.85, 0, 0.75], "size": [3, 3, 4], "inflate": 0.01, "uv": [34, 50]},
						{"origin": [-5.35, 0, 0.1], "size": [2, 1, 1], "uv": [0, 4]}
					]
				},
				{
					"name": "leg_back_right1",
					"parent": "body",
					"pivot": [3.35, 7.5, 2.75],
					"cubes": [
						{"origin": [1.85, 3, 0.75], "size": [3, 6, 4], "uv": [0, 44]}
					]
				},
				{
					"name": "leg_back_right2",
					"parent": "leg_back_right1",
					"pivot": [3.35, 3, 0.75],
					"cubes": [
						{"origin": [1.85, 0, 0.75], "size": [3, 3, 4], "inflate": 0.01, "uv": [50, 34]},
						{"origin": [2.35, 0, 0.1], "size": [2, 1, 1], "uv": [0, 23]}
					]
				}
			]
		}
	]
}