{
    "head": "head",
      "portraitScale": 1,
      "portraitTranslation": [-0.3, 2.4, 0],
      "profileScale": 0.38,
      "profileTranslation": [0, 1.2, 0],
      "animations": {
        "cry": "q.bedrock_stateful('citrisaurid', 'cry')",
        "faint": "q.bedrock_primary('citrisaurid', 'faint', q.curve('one'))",
        "recoil": "q.bedrock_stateful('citrisaurid', 'recoil')",
        "physical": "q.bedrock_primary('citrisaurid', 'physical', q.curve('symmetrical_wide'))",
        "special": "q.bedrock_primary('citrisaurid', 'special', q.curve('symmetrical_wide'))",
        "status": "q.bedrock_primary('citrisaurid', 'status', q.curve('symmetrical_wide'))"
      },
      "poses":{
        "battle-idle": {
          "poseName": "battle-idle",
          "transformTicks": 10,
          "poseTypes": ["STAND"],
          "isBattle": true,
          "isTouchingWater": false,
          "animations": [
            "look",
            "bedrock(citrisaurid, battle_idle)"],
          "quirks": [
            {
              "name": "blink",
              "loopTimes": 1,
              "minSecondsBetweenOccurrences": 8,
              "maxSecondsBetweenOccurrences": 20,
              "animations": ["bedrock(citrisaurid, blink)"]
            },
            {
                "name": "turbine",
                "loopTimes": 1,
                "minSecondsBetweenOccurrences":0,
                "maxSecondsBetweenOccurrences":0,
                "animations": ["bedrock(citrisaurid, turbine)"]
              },
            {
                "name": "quirk",
                "loopTimes": 1,
                "minSecondsBetweenOccurrences": 8,
                "maxSecondsBetweenOccurrences": 20,
                "animations": ["bedrock(citrisaurid, quirk)"]
              }
          ]
        },
        "standing": {
            "poseName": "standing",
            "transformTicks": 10,
            "poseTypes": [
            "STAND",
            "NONE",
            "PORTRAIT",
            "PROFILE"
            ],
            "animations": [
              "look",
            "bedrock(citrisaurid, ground_idle)"
            ],
            "quirks": [
              {
                "name": "blink",
                "loopTimes": 1,
                "minSecondsBetweenOccurrences": 8,
                "maxSecondsBetweenOccurrences": 20,
                "animations": ["bedrock(citrisaurid, blink)"]
              },
              {
                "name": "turbine",
                "loopTimes": 1,
                "minSecondsBetweenOccurrences":0,
                "maxSecondsBetweenOccurrences":0,
                "animations": ["bedrock(citrisaurid, turbine)"]
              },
              {
                "name": "quirk",
                "loopTimes": 1,
                "minSecondsBetweenOccurrences": 8,
                "maxSecondsBetweenOccurrences": 20,
                "animations": ["bedrock(citrisaurid, quirk)"]
              }
                  ]
        },
        "walking": {
            "poseName": "walking",
            "transformTicks": 10,
            "poseTypes": [ "WALK" ],
            "animations": [
              "look",
               "bedrock(citrisaurid, ground_walk)" ],
               "quirks":[
                {
                    "name": "turbine",
                    "loopTimes": 1,
                    "minSecondsBetweenOccurrences":0,
                    "maxSecondsBetweenOccurrences":0,
                    "animations": ["bedrock(citrisaurid, turbine)"]
                  }
               ]
        },
        "hovering": {
          "poseName": "hovering",
          "transformTicks": 10,
          "poseTypes": [ "HOVER" ],
          "animations": [ 
        "look",  
      "bedrock(citrisaurid, air_idle)" ],
          "quirks": [
              {
                "name": "blink",
                "loopTimes": 1,
                "minSecondsBetweenOccurrences": 8,
                "maxSecondsBetweenOccurrences": 20,
                "animations": ["bedrock(citrisaurid, blink)"]
              },
              {
                "name": "turbine",
                "loopTimes": 1,
                "minSecondsBetweenOccurrences":0,
                "maxSecondsBetweenOccurrences":0,
                "animations": ["bedrock(citrisaurid, turbine)"]
              },
              {
                "name": "quirk",
                "loopTimes": 1,
                "minSecondsBetweenOccurrences": 8,
                "maxSecondsBetweenOccurrences": 20,
                "animations": ["bedrock(citrisaurid, quirk)"]
              }
                  ]
      },
      "flying": {
          "poseName": "flying",
          "transformTicks": 10,
          "poseTypes": [ "FLY" ],
          "animations": [
        "look",
        "bedrock(citrisaurid, air_fly)" ],
        "quirks":[
            {
                "name": "turbine",
                "loopTimes": 1,
                "minSecondsBetweenOccurrences":0,
                "maxSecondsBetweenOccurrences":0,
                "animations": ["bedrock(citrisaurid, turbine)"]
              }
           ]
          },
        
        "sleeping": {
            "poseName": "sleeping",
            "transformTicks": 10,
            "poseTypes": [ "SLEEP" ],
            "animations": [
              "bedrock(citrisaurid, sleep)"]
        }
      }
    }