{
    "head": "head",
    "portraitScale": 1.2,
    "portraitTranslation": [ -0.3, 0.5, 0],
    "profileScale": 0.7,
    "profileTranslation": [ 0, 0.7, 0.3 ],
    "animations": {
    "cry": "q.bedrock_stateful('folly', 'cry')",
    "recoil": "q.bedrock_stateful('folly', 'recoil')",
    "faint": "q.bedrock_primary('folly', 'faint', q.curve('one'))"
    },
      "poses": {
        "portrait": {
          "poseName": "portrait",
          "transformTicks": 10,
          "poseTypes": ["PORTRAIT"],
          "animations": [
            "bedrock(folly, portrait)"],
          "quirks": [
          ]
        },
        "battle-idle": {
            "poseName": "battle-idle",
            "transformTicks": 10,
            "poseTypes": ["STAND"],
            "isBattle": true,
            "isTouchingWater": false,
            "animations": [
              "bedrock(folly, battle_idle)"],
            "quirks": [
              {
                "name": "blink1",
                "loopTimes": 1,
                "minSecondsBetweenOccurrences": 8,
                "maxSecondsBetweenOccurrences": 20,
                "animations": ["bedrock(folly, blink1)"]
              },
              {
                "name": "blink2",
                "loopTimes": 1,
                "minSecondsBetweenOccurrences": 8,
                "maxSecondsBetweenOccurrences": 20,
                "animations": ["bedrock(folly, blink2)"]
              }
            ]
          },
      "standing": {
          "poseName": "standing",
          "transformTicks": 10,
          "poseTypes": [
          "STAND",
          "NONE",
          "PROFILE"
          ],
          "isBattle": false,
          "animations": [
          "bedrock(folly, ground_idle)"
          ],
          "quirks": [
              {
                "name": "blink2",
                "loopTimes": 1,
                "minSecondsBetweenOccurrences": 8,
                "maxSecondsBetweenOccurrences": 20,
                "animations": ["bedrock(folly, blink2)"]
              },
              {
                "name": "blink1",
                "loopTimes": 1,
                "minSecondsBetweenOccurrences": 8,
                "maxSecondsBetweenOccurrences": 20,
                "animations": ["bedrock(folly, blink1)"]
              }
      ]
      },
      "walking": {
          "poseName": "walking",
          "transformTicks": 10,
          "poseTypes": [ "WALK" ],
          "animations": [
           "bedrock(folly, ground_walk)" ]
      },
      
      "sleeping": {
          "poseName": "sleeping",
          "transformTicks": 10,
          "poseTypes": [ "SLEEP" ],
          "animations": [ "bedrock(folly, sleep)"]
      }
    }
  }