{
    "head": "head",
      "portraitScale": 2,
      "portraitTranslation": [ -0.38, 2.2, 0],
      "profileScale": 0.5,
      "profileTranslation": [ 0, 1, 0 ],
      "animations": {
    "cry": "q.bedrock_stateful('ludikappa', 'cry')",
    "faint": "q.bedrock_primary('ludikappa', 'faint', q.curve('one'))"
      },
      "poses":{
      "standing": {
          "poseName": "standing",
          "transformTicks": 10,
          "poseTypes": [
          "STAND",
          "NONE",
          "PORTRAIT",
          "PROFILE"
          ],
          "animations": [
            "look",
          "bedrock(ludikappa, ground_idle)"
          ],
          "quirks": [
            {
              "name": "blink",
              "loopTimes": 1,
              "minSecondsBetweenOccurrences": 8,
              "maxSecondsBetweenOccurrences": 20,
              "animations": ["bedrock(ludikappa, blink)"]
            }
                ]
      },
      "walking": {
          "poseName": "walking",
          "transformTicks": 10,
          "poseTypes": [ "WALK" ],
          "animations": [
            "look",
             "bedrock(ludikappa, ground_walk)" ]
      },
      "floating": {
		"poseName": "floating",
		"transformTicks": 10,
		"poseTypes": [ "FLOAT" ],
		"animations": [ 
      "look",  
    "bedrock(ludikappa, water_idle)" ],
        "quirks": [
            {
              "name": "blink",
              "loopTimes": 1,
              "minSecondsBetweenOccurrences": 8,
              "maxSecondsBetweenOccurrences": 20,
              "animations": ["bedrock(ludikappa, blink)"]
            }
                ]
	},
	"swimming": {
		"poseName": "swimming",
		"transformTicks": 10,
		"poseTypes": [ "SWIM" ],
		"animations": [
      "look",
      "bedrock(ludikappa, water_swim)" ]
		},
      
      "sleeping": {
          "poseName": "sleeping",
          "transformTicks": 10,
          "poseTypes": [ "SLEEP" ],
          "animations": [
            "bedrock(ludikappa, sleep)"]
      }
    }
  }
  
  