{
    "head": "head_ai",
    "portraitScale": 0.9,
    "portraitTranslation": [-0.65, 3.65, 0],
    "profileScale": 0.27,
    "profileTranslation": [0, 1.4, 0],
      "animations": {
        "cry": "q.bedrock_stateful('mortaraid', 'cry')",
        "faint": "q.bedrock_primary('mortaraid', 'faint', q.curve('one'))",
        "recoil": "q.bedrock_stateful('mortaraid', 'recoil')",
        "physical": "q.bedrock_primary('mortaraid', 'physical', q.curve('symmetrical_wide'))",
        "special": "q.bedrock_primary('mortaraid', 'special', q.curve('symmetrical_wide'))",
        "status": "q.bedrock_primary('mortaraid', 'status', q.curve('symmetrical_wide'))"
      },
      "poses":{
        "battle-idle": {
          "poseName": "battle-idle",
          "transformTicks": 10,
          "poseTypes": ["STAND"],
          "isBattle": true,
          "isTouchingWater": false,
          "animations": [
            "look",
            "bedrock(mortaraid, battle_idle)"],
          "quirks": [
            {
              "name": "blink",
              "loopTimes": 1,
              "minSecondsBetweenOccurrences": 8,
              "maxSecondsBetweenOccurrences": 20,
              "animations": ["bedrock(mortaraid, blink)"]
            },
            {
                "name": "sneeze",
                "loopTimes": 1,
                "minSecondsBetweenOccurrences": 20,
                "maxSecondsBetweenOccurrences": 40,
                "animations": ["bedrock(mortaraid, sneeze)"]
              },
              {
                "name": "spin",
                "loopTimes": 1,
                "minSecondsBetweenOccurrences": 0,
                "maxSecondsBetweenOccurrences": 0,
                "animations": ["bedrock(mortaraid, spin)"]
              },
              {
                "name": "battle_quirk1",
                "loopTimes": 1,
                "minSecondsBetweenOccurrences": 8,
                "maxSecondsBetweenOccurrences": 20,
                "animations": ["bedrock(mortaraid, battle_quirk1)"]
              },
              {
                "name": "battle_quirk2",
                "loopTimes": 1,
                "minSecondsBetweenOccurrences": 8,
                "maxSecondsBetweenOccurrences": 20,
                "animations": ["bedrock(mortaraid, battle_quirk2)"]
              },
              {
                "name": "battle_quirk3",
                "loopTimes": 1,
                "minSecondsBetweenOccurrences": 8,
                "maxSecondsBetweenOccurrences": 20,
                "animations": ["bedrock(mortaraid, battle_quirk3)"]
              },
              {
                "name": "battle_quirk4",
                "loopTimes": 1,
                "minSecondsBetweenOccurrences": 8,
                "maxSecondsBetweenOccurrences": 20,
                "animations": ["bedrock(mortaraid, battle_quirk4)"]
              }
              
          ]
        },
        "standing": {
            "poseName": "standing",
            "transformTicks": 10,
            "poseTypes": [
            "STAND",
            "NONE",
            "PORTRAIT",
            "PROFILE"
            ],
            "animations": [
              "look",
            "bedrock(mortaraid, ground_idle)"
            ],
            "quirks": [
              {
                "name": "blink",
                "loopTimes": 1,
                "minSecondsBetweenOccurrences": 8,
                "maxSecondsBetweenOccurrences": 20,
                "animations": ["bedrock(mortaraid, blink)"]
              },
              {
                "name": "sneeze",
                "loopTimes": 1,
                "minSecondsBetweenOccurrences": 20,
                "maxSecondsBetweenOccurrences": 40,
                "animations": ["bedrock(mortaraid, sneeze)"]
              }
                  ]
        },
        "walking": {
            "poseName": "walking",
            "transformTicks": 10,
            "poseTypes": [ "WALK" ],
            "animations": [
              "look",
               "bedrock(mortaraid, ground_walk)" ]
        },
        "floating": {
          "poseName": "floating",
          "transformTicks": 10,
          "poseTypes": [ "FLOAT" ],
          "animations": [ 
        "look",  
      "bedrock(mortaraid, water_idle)" ],
          "quirks": [
              {
                "name": "blink",
                "loopTimes": 1,
                "minSecondsBetweenOccurrences": 8,
                "maxSecondsBetweenOccurrences": 20,
                "animations": ["bedrock(mortaraid, blink)"]
              },
              {
                "name": "sneeze",
                "loopTimes": 1,
                "minSecondsBetweenOccurrences": 20,
                "maxSecondsBetweenOccurrences": 40,
                "animations": ["bedrock(mortaraid, sneeze)"]
              }
                  ]
      },
      "swimming": {
          "poseName": "swimming",
          "transformTicks": 10,
          "poseTypes": [ "SWIM" ],
          "animations": [
        "look",
        "bedrock(mortaraid, water_swim)" ]
          },
        
        "sleeping": {
            "poseName": "sleeping",
            "transformTicks": 10,
            "poseTypes": [ "SLEEP" ],
            "animations": [
              "bedrock(mortaraid, sleep)"]
        }
      }
    }