{
	"head": "head",
	"portraitScale": 1.85,
	"portraitTranslation": [ 0.1, -0.75, 0 ],
	"profileScale": 1,
	"profileTranslation": [ 0, 0.3, 0 ],
	"animations": {
    "cry": "q.bedrock_stateful('seibat', 'cry')",
    "faint": "q.bedrock_primary('seibat', 'faint', q.curve('one'))"
	},
	"poses": {
		"battle-idle": {
            "poseName": "battle-idle",
            "transformTicks": 10,
            "poseTypes": ["STAND"],
            "isBattle": true,
            "isTouchingWater": false,
            "animations": [
              "look",
              "bedrock(seibat, battle_idle)"]
          },
	"standing": {
		"poseName": "standing",
		"transformTicks": 10,
		"poseTypes": [
		"STAND",
		"NONE",
		"PORTRAIT",
		"PROFILE"
		],
		"animations": ["look",
		"bedrock(seibat, ground_idle)"
		]
	},
	"walking": {
		"poseName": "walking",
		"transformTicks": 10,
		"poseTypes": [ "WALK" ],
		"animations": ["look", "bedrock(seibat, air_fly)" ]
	},
	"hovering": {
		"poseName": "hovering",
		"transformTicks": 10,
		"poseTypes": [ "HOVER" ],
		"animations": ["look", "bedrock(seibat, air_idle)" ]
	},
	"flying": {
		"poseName": "flying",
		"transformTicks": 10,
		"poseTypes": [ "FLY" ],
		"animations": ["look", "bedrock(seibat, air_fly)" ]
		},
	
	"sleeping": {
		"poseName": "sleeping",
		"transformTicks": 10,
		"poseTypes": [ "SLEEP" ],
		"animations": [ "bedrock(seibat, sleep)" ]
	 }
	}
  }