{
    "head": "head",
    "portraitScale": 1.5,
    "portraitTranslation": [ -1.3, 0.1, 0],
      "profileScale": 0.6,
      "profileTranslation": [ -0.125, 0.65, 0 ],
      "animations": {
    "cry": "q.bedrock_stateful('shiboom', 'cry')",
    "faint": "q.bedrock_primary('shiboom', 'faint', q.curve('one'))"
      },
      "poses": {
      "standing": {
          "poseName": "standing",
          "transformTicks": 10,
          "poseTypes": [
          "STAND",
          "NONE",
          "PORTRAIT",
          "PROFILE"
          ],
          "animations": [ "look",
          "bedrock(shiboom, air_idle)"
          ],
          "quirks": [
              {
                "name": "blink",
                "loopTimes": 1,
                "minSecondsBetweenOccurrences": 8,
                "maxSecondsBetweenOccurrences": 20,
                "animations": ["bedrock(shiboom, blink)"]
              },
              {
                  "name": "twinkle",
                  "loopTimes": 1,
                  "minSecondsBetweenOccurrences": 8,
                  "maxSecondsBetweenOccurrences": 15,
                  "animations": ["bedrock(shiboom, twinkle)"]
                }
      ]
      },
      "walking": {
          "poseName": "walking",
          "transformTicks": 10,
          "poseTypes": [ "WALK" ],
          "animations": [ "look",
           "bedrock(shiboom, air_fly)"]
      },
    "hovering": {
      "poseName": "hovering",
      "transformTicks": 10,
      "poseTypes": [ "HOVER" ],
      "animations": [ "look",
       "bedrock(shiboom, air_idle)"],
      "quirks": [
        {
          "name": "blink",
          "loopTimes": 1,
          "minSecondsBetweenOccurrences": 8,
          "maxSecondsBetweenOccurrences": 20,
          "animations": ["bedrock(shiboom, blink)"]
        },
        {
            "name": "twinkle",
            "loopTimes": 1,
            "minSecondsBetweenOccurrences": 8,
            "maxSecondsBetweenOccurrences": 15,
            "animations": ["bedrock(shiboom, twinkle)"]
          }
]
    },
    "flying": {
      "poseName": "flying",
      "transformTicks": 10,
      "poseTypes": [ "FLY" ],
      "animations": [  "look",
      "bedrock(shiboom, air_fly)"]
      },   

      "floating": {
        "poseName": "floating",
        "transformTicks": 10,
        "poseTypes": [ "FLOAT" ],
        "animations": [  "look",
        "bedrock(shiboom, air_idle)" ],
        "quirks": [
            {
              "name": "blink",
              "loopTimes": 1,
              "minSecondsBetweenOccurrences": 8,
              "maxSecondsBetweenOccurrences": 20,
              "animations": ["bedrock(shiboom, blink)"]
            }
          ]
    },
    "swimming": {
        "poseName": "swimming",
        "transformTicks": 10,
        "poseTypes": [ "SWIM" ],
        "animations": [ "look",
         "bedrock(shiboom, air_fly)" ],
        "quirks": [
            {
              "name": "blink",
              "loopTimes": 1,
              "minSecondsBetweenOccurrences": 8,
              "maxSecondsBetweenOccurrences": 20,
              "animations": ["bedrock(shiboom, blink)"]
            }
          ]
        },
      
      "sleeping": {
          "poseName": "sleeping",
          "transformTicks": 10,
          "poseTypes": [ "SLEEP" ],
          "animations": [ "bedrock(shiboom, sleep)"]
      }
    }
  }
  