{
    "head": "head_ai",
    "portraitScale": 1.6,
    "portraitTranslation": [-0.65, 0.8, 0],
    "profileScale": 0.8,
    "profileTranslation": [0, 0.6, 0],
      "animations": {
        "cry":"q.bedrock_stateful('vasaddle', 'cry')",
        "faint": "q.bedrock_primary('vasaddle', 'faint', q.curve('one'))",
        "recoil": "q.bedrock_stateful('vasaddle', 'recoil')",
        "physical": "q.bedrock_primary('vasaddle', 'physical', q.curve('symmetrical_wide'))",
        "special": "q.bedrock_primary('vasaddle', 'special', q.curve('symmetrical_wide'))",
        "status": "q.bedrock_primary('vasaddle', 'status', q.curve('symmetrical_wide'))"
      },
      "poses":{
        "battle-idle": {
          "poseName": "battle-idle",
          "transformTicks": 10,
          "poseTypes": ["STAND"],
          "isBattle": true,
          "isTouchingWater": false,
          "animations": [
            "look",
            "bedrock(vasaddle, battle_idle)"],
          "quirks": [
            {
              "name": "blink",
              "loopTimes": 1,
              "minSecondsBetweenOccurrences": 8,
              "maxSecondsBetweenOccurrences": 20,
              "animations": ["bedrock(vasaddle, blink)"]
            },
            {
                "name": "sneeze",
                "loopTimes": 1,
                "minSecondsBetweenOccurrences": 20,
                "maxSecondsBetweenOccurrences": 40,
                "animations": ["bedrock(vasaddle, sneeze)"]
              }
          ]
        },
        "standing": {
            "poseName": "standing",
            "transformTicks": 10,
            "poseTypes": [
            "STAND",
            "NONE",
            "PORTRAIT",
            "PROFILE"
            ],
            "animations": [
              "look",
            "bedrock(vasaddle, ground_idle)"
            ],
            "quirks": [
              {
                "name": "blink",
                "loopTimes": 1,
                "minSecondsBetweenOccurrences": 8,
                "maxSecondsBetweenOccurrences": 20,
                "animations": ["bedrock(vasaddle, blink)"]
              },
              {
                "name": "sneeze",
                "loopTimes": 1,
                "minSecondsBetweenOccurrences": 20,
                "maxSecondsBetweenOccurrences": 40,
                "animations": ["bedrock(vasaddle, sneeze)"]
              }
                  ]
        },
        "walking": {
            "poseName": "walking",
            "transformTicks": 10,
            "poseTypes": [ "WALK" ],
            "animations": [
              "look",
               "bedrock(vasaddle, ground_walk)" ]
        },
        "floating": {
          "poseName": "floating",
          "transformTicks": 10,
          "poseTypes": [ "FLOAT" ],
          "animations": [ 
        "look",  
      "bedrock(vasaddle, water_idle)" ],
          "quirks": [
              {
                "name": "blink",
                "loopTimes": 1,
                "minSecondsBetweenOccurrences": 8,
                "maxSecondsBetweenOccurrences": 20,
                "animations": ["bedrock(vasaddle, blink)"]
              },
              {
                "name": "sneeze",
                "loopTimes": 1,
                "minSecondsBetweenOccurrences": 20,
                "maxSecondsBetweenOccurrences": 40,
                "animations": ["bedrock(vasaddle, sneeze)"]
              }
                  ]
      },
      "swimming": {
          "poseName": "swimming",
          "transformTicks": 10,
          "poseTypes": [ "SWIM" ],
          "animations": [
        "look",
        "bedrock(vasaddle, water_swim)" ]
          },
        
        "sleeping": {
            "poseName": "sleeping",
            "transformTicks": 10,
            "poseTypes": [ "SLEEP" ],
            "animations": [
              "bedrock(vasaddle, sleep)"]
        }
      }
    }