{
	"format_version": "1.12.0",
	"minecraft:geometry": [
		{
			"description": {
				"identifier": "geometry.drosphilia_male",
				"texture_width": 64,
				"texture_height": 64,
				"visible_bounds_width": 3,
				"visible_bounds_height": 2.5,
				"visible_bounds_offset": [0, 0.75, 0]
			},
			"bones": [
				{
					"name": "drosphilia",
					"pivot": [0, 0, 0]
				},
				{
					"name": "body",
					"parent": "drosphilia",
					"pivot": [0.00625, 9.99116, -0.58184],
					"cubes": [
						{"origin": [-2.5, 8.85, -1.475], "size": [5, 4, 2], "pivot": [0, 10.85, 0.025], "rotation": [-77.75, 0, 0], "uv": [0, 30]},
						{"origin": [-2, 9.35, -3.475], "size": [4, 3, 6], "pivot": [0, 10.85, 0.025], "rotation": [-77.75, 0, 0], "uv": [16, 28]},
						{"origin": [2, 7.675, 0.75], "size": [0, 1, 5], "pivot": [0.0125, 7.95, 3.25], "rotation": [-56.49943, 14.98328, -16.98216], "uv": [0, 0]},
						{"origin": [-1.975, 7.675, 0.75], "size": [0, 1, 5], "pivot": [0.0125, 7.95, 3.25], "rotation": [-56.49943, -14.98328, 16.98216], "uv": [0, 1]}
					]
				},
				{
					"name": "head",
					"parent": "body",
					"pivot": [0, 12.9, -0.5],
					"cubes": [
						{"origin": [-3, 10.75, -4.25], "size": [6, 5, 5], "uv": [0, 20]},
						{"origin": [-1.975, 15.45, -4.1], "size": [0, 1, 5], "pivot": [0.0125, 15.725, -1.6], "rotation": [-6.75, -22.5, 0], "uv": [0, 1]},
						{"origin": [2, 15.45, -4.1], "size": [0, 1, 5], "pivot": [0.0125, 15.725, -1.6], "rotation": [-6.75, 22.5, 0], "uv": [0, 0]},
						{"origin": [-1.775, 15.25, -4.725], "size": [1, 1, 1], "uv": [4, 15]},
						{"origin": [0.775, 10.625, -4.55], "size": [1, 2, 1], "pivot": [0, 11.625, -4.05], "rotation": [13.5, 0, 0], "uv": [0, 12]},
						{"origin": [-1.775, 10.625, -4.55], "size": [1, 2, 1], "pivot": [0, 11.625, -4.05], "rotation": [13.5, 0, 0], "uv": [4, 12]},
						{"origin": [0.775, 15.25, -4.725], "size": [1, 1, 1], "uv": [0, 15]},
						{"origin": [-2.5, 11.625, -4.3], "size": [5, 3, 0], "uv": [0, 0]},
						{"origin": [-4, 11.9, -4.5], "size": [2, 4, 4], "uv": [30, 10]},
						{"origin": [2, 11.9, -4.5], "size": [2, 4, 4], "uv": [32, 33]}
					]
				},
				{
					"name": "leftwing",
					"parent": "body",
					"pivot": [2.5, 11, 1.75],
					"cubes": [
						{"origin": [2.5, 10.89554, -3.89936], "size": [7, 0, 10], "pivot": [3, 10.85, 2.025], "rotation": [-74.21944, -6.10796, -16.77308], "uv": [34, 27]}
					]
				},
				{
					"name": "leftwingbig",
					"parent": "leftwing",
					"pivot": [0, -6.025, -1.25],
					"cubes": [
						{"origin": [2.5, 10.97054, -4.89936], "size": [12, 0, 13], "pivot": [3, 10.85, 2.025], "rotation": [-70.77571, -34.79004, -26.30363], "uv": [20, 46]}
					]
				},
				{
					"name": "rightwing",
					"parent": "body",
					"pivot": [-2.5, 11, 1.75],
					"cubes": [
						{"origin": [-9.5, 10.89554, -3.89936], "size": [7, 0, 10], "pivot": [-3, 10.85, 2.025], "rotation": [-74.21944, 6.10796, 16.77308], "uv": [34, 27], "mirror": true}
					]
				},
				{
					"name": "rightwingbig",
					"parent": "rightwing",
					"pivot": [0, -6.025, -1.25],
					"cubes": [
						{"origin": [-14.5, 10.97054, -4.89936], "size": [12, 0, 13], "pivot": [-3, 10.85, 2.025], "rotation": [-70.77571, 34.79004, 26.30363], "uv": [20, 46], "mirror": true}
					]
				},
				{
					"name": "abdomen",
					"parent": "body",
					"pivot": [0, -6.025, -1.25],
					"cubes": [
						{"origin": [-3, 5.525, -2.25], "size": [6, 3, 5], "pivot": [0, 7.025, 0.25], "rotation": [-22, 0, 0], "uv": [22, 20]},
						{"origin": [-2.5, 4.525, -1.75], "size": [5, 5, 4], "pivot": [0, 7.025, 0.25], "rotation": [-22, 0, 0], "uv": [30, 0]}
					]
				},
				{
					"name": "rightleg2",
					"parent": "body",
					"pivot": [-2.425, 10.72564, 0.09554],
					"rotation": [88.75082, -4.04681, -36.39632],
					"cubes": [
						{"origin": [-6.00209, 9.94191, 0.65347], "size": [4, 1, 0], "pivot": [-2.425, 10.72564, 0.09554], "rotation": [-90, 0, 0], "uv": [0, 4]}
					]
				},
				{
					"name": "rightlowerleg2",
					"parent": "rightleg2",
					"pivot": [-5.708, 10.1965, -0.0781],
					"rotation": [0, -89.25, 0],
					"cubes": [
						{"origin": [-9.26331, 9.11531, 1.06388], "size": [4, 1, 0], "pivot": [-6.65, 10.25064, 1.09554], "rotation": [-90, 2, 0], "uv": [0, 3]}
					]
				},
				{
					"name": "leftleg2",
					"parent": "body",
					"pivot": [2.425, 10.72564, 0.09554],
					"rotation": [88.75082, 4.04681, 36.39632],
					"cubes": [
						{"origin": [2.00209, 9.94191, 0.65347], "size": [4, 1, 0], "pivot": [2.425, 10.72564, 0.09554], "rotation": [-90, 0, 0], "uv": [0, 8]}
					]
				},
				{
					"name": "leftlowerleg2",
					"parent": "leftleg2",
					"pivot": [5.708, 10.1965, -0.0781],
					"rotation": [0, 89.25, 0],
					"cubes": [
						{"origin": [5.31269, 10.33947, -0.06934], "size": [4, 1, 0], "pivot": [6.52718, 10.25064, -0.12727], "rotation": [-90, -2, 0], "uv": [0, 7]}
					]
				},
				{
					"name": "rightleg",
					"parent": "body",
					"pivot": [-2.5, 10.42564, -1.92946],
					"rotation": [46.45845, -50.03365, -38.88507],
					"cubes": [
						{"origin": [-4.5, 10.42564, -2.42946], "size": [2, 0, 1], "pivot": [-2.5, 10.42564, -1.92946], "rotation": [-90, 0, 0], "uv": [0, 11]}
					]
				},
				{
					"name": "rightlowerleg",
					"parent": "rightleg",
					"pivot": [-4.5, 10.42564, -1.92946],
					"rotation": [0, -80, 0],
					"cubes": [
						{"origin": [-7.5, 10.42564, -2.42946], "size": [3, 0, 1], "pivot": [-4.5, 10.42564, -1.92946], "rotation": [-90, 0, 0], "uv": [0, 9]}
					]
				},
				{
					"name": "leftleg",
					"parent": "body",
					"pivot": [2.5, 10.42564, -1.92946],
					"rotation": [46.45845, 50.03365, 38.88507],
					"cubes": [
						{"origin": [2.5, 10.42564, -2.42946], "size": [2, 0, 1], "pivot": [2.5, 10.42564, -1.92946], "rotation": [-90, 0, 0], "uv": [4, 11]}
					]
				},
				{
					"name": "leftlowerleg",
					"parent": "leftleg",
					"pivot": [4.5, 10.42564, -1.92946],
					"rotation": [0, 80, 0],
					"cubes": [
						{"origin": [4.5, 10.42564, -2.42946], "size": [3, 0, 1], "pivot": [4.5, 10.42564, -1.92946], "rotation": [-90, 0, 0], "uv": [0, 10]}
					]
				}
			]
		}
	]
}