{
	"implemented": true,
	"name": "sneaselhc",
	"labels": [ "custom" ],
	"nationalPokedexNumber": 1215,
	"pokedex": [
		"cobblemon.species.sneaselhc.desc1"
	],
	"height": 11,
	"weight": 360,
	"shoulderMountable": false,
 
	"primaryType": "dark",
	"secondaryType": "ice",
	"baseStats": {
		"hp": 70,
		"attack": 110,
		"defence": 85,
		"special_attack": 45,
		"special_defence": 85,
		"speed": 115
	},
	"baseExperienceYield": 179,
	"experienceGroup": "medium_slow",
	"catchRate": 45,
	"maleRatio": 0.5,
	"eggCycles": 20,
	"eggGroups": [
		"field"
	],
	"baseFriendship": 50,
		"evYield": {
		"speed": 1
	},
	"moves": [
    "1:embargo",
    "1:revenge",
    "1:assurance",
    "1:scratch",
    "1:leer",
    "1:taunt",
    "1:quickattack",
    "1:feintattack",
    "1:punishment",
    "1:beatup",
    "1:agility",
    "1:slash",
    "1:iceshard",
    "18:metalclaw",
    "24:icywind",
    "30:furyswipes",
    "36:honeclaws",
    "42:fling",
    "48:nastyplot",
    "54:screech",
    "60:nightslash",
    "66:darkpulse",
    "egg:assist",
    "egg:bite",
    "egg:counter",
    "egg:crushclaw",
    "egg:doublehit",
    "egg:fakeout",
    "egg:feint",
    "egg:foresight",
    "egg:iceshard",
    "egg:iciclecrash",
    "egg:punishment",
    "egg:pursuit",
    "egg:spite",
    "tm:aerialace",
    "tm:drainpunch",
    "tm:agility",
    "tm:assurance",
    "tm:avalanche",
    "tm:batonpass",
    "tm:beatup",
    "tm:blizzard",
    "tm:brickbreak",
    "tm:calmmind",
    "tm:chillingwater",
    "tm:cut",
    "tm:darkpulse",
    "tm:dig",
    "tm:dreameater",
    "tm:embargo",
    "tm:endure",
    "tm:facade",
    "tm:faketears",
    "tm:falseswipe",
    "tm:fling",
    "tm:focusblast",
    "tm:focuspunch",
    "tm:foulplay",
    "tm:furycutter",
    "tm:gigaimpact",
    "tm:hail",
    "tm:headbutt",
    "tm:helpinghand",
    "tm:honeclaws",
    "tm:hyperbeam",
    "tm:icebeam",
    "tm:icepunch",
    "tm:icespinner",
    "tm:iciclespear",
    "tm:icywind",
    "tm:irontail",
    "tm:knockoff",
    "tm:laserfocus",
    "tm:lashout",
    "tm:lowkick",
    "tm:lowsweep",
    "tm:megakick",
    "tm:megapunch",
    "tm:metalclaw",
    "tm:metronome",
    "tm:nastyplot",
    "tm:payback",
    "tm:poisonjab",
    "tm:poweruppunch",
    "tm:protect",
    "tm:psychocut",
    "tm:raindance",
    "tm:rest",
    "tm:retaliate",
    "tm:revenge",
    "tm:reversal",
    "tm:rocksmash",
    "tm:scaryface",
    "tm:screech",
    "tm:shadowball",
    "tm:shadowclaw",
    "tm:sleeptalk",
    "tm:snarl",
    "tm:snatch",
    "tm:snowscape",
    "tm:spite",
    "tm:strength",
    "tm:substitute",
    "tm:sunnyday",
    "tm:surf",
    "tm:swift",
    "tm:swordsdance",
    "tm:takedown",
    "tm:taunt",
    "tm:terablast",
    "tm:thief",
    "tm:throatchop",
    "tm:torment",
    "tm:trailblaze",
    "tm:tripleaxel",
    "tm:upperhand",
    "tm:waterpulse",
    "tm:xscissor",
    "tutor:aerialace",
    "tutor:calmmind",
    "tutor:darkpulse",
    "tutor:falseswipe",
    "tutor:focuspunch",
    "tutor:foulplay",
    "tutor:furycutter",
    "tutor:gigaimpact",
    "tutor:helpinghand",
    "tutor:hyperbeam",
    "tutor:icebeam",
    "tutor:icepunch",
    "tutor:icywind",
    "tutor:irontail",
    "tutor:knockoff",
    "tutor:laserfocus",
    "tutor:lashout",
    "tutor:lowkick",
    "tutor:poisonjab",
    "tutor:psychocut",
    "tutor:rest",
    "tutor:rocksmash",
    "tutor:shadowball",
    "tutor:shadowclaw",
    "tutor:sleeptalk",
    "tutor:snarl",
    "tutor:snatch",
    "tutor:spite",
    "tutor:swift",
    "tutor:throatchop",
    "tutor:tripleaxel",
    "tutor:waterpulse",
    "tutor:drainpunch",
    "tutor:xscissor"
  ],
	"abilities": [
		"toughclaws",
		"h:magician"
	],
	"baseScale": 1,
	"hitbox": {
		"width": 0.55,
		"height": 1.35,
		"fixed": false
	},
	"drops": {
    "amount": 3,
    "entries": [
      {
        "item": "cobblemon:muscle_feather",
        "percentage": 5.0
      },
      {
        "item": "cobblemon:quick_claw",
        "percentage": 5.0
      },
      {
        "item": "cobblemon:chople_berry",
        "percentage": 5.0
      }
    ]
  },
	"behaviour": {
		"moving": {
			"walk": {
				"walkSpeed": 0.5
			},
			"canLook": true,
			"fly": {
				"canFly": false
			},          
			"swim": {
				"swimSpeed": 0.2,
				"canSwimInWater": true,
				"canBreatheUnderwater": true
			}
		},
		"resting": {
			"canSleep": true,
			"willSleepOnBed": true,
			"depth": "normal",
			"light": "0-4"
		}
	},
	"preEvolution": "sneasel",
	"evolutions": []
}
