{
    "implemented": true,
"name": "branchief",
"nationalPokedexNumber": 2047,
"labels": [ "custom" ],
"preEvolution": "canjitsu",
"pokedex": [
  "cobblemon.species.branchief.desc1"
],
"height": 32,
"weight": 1600,

"shoulderMountable": false,
"primaryType": "grass",
  "secondaryType": "dragon",
  "baseStats": {
    "hp": 85,
    "attack": 95,
    "defence": 120,
    "special_attack": 60,
    "special_defence": 90,
    "speed": 70
  },
  "catchRate": 45,
  "maleRatio": 0.5,
  "baseExperienceYield": 260,
  "experienceGroup": "medium_fast",
  "eggCycles": 20,
  "eggGroups": [
    "grass",
    "dragon"
  ],
  "baseFriendship": 50,
  "evYield": {
    "defence": 2
  },
  "moves": [
    "1:substitute",
    "1:tackle",
    "4:leafage",
    "8:furycutter",
    "12:razorleaf",
    "16:dragonrage",
    "18:synthesis",
    "20:dragontail",
    "24:nightslash",
    "28:dragondance",
    "32:leafblade",
    "35:ceaselessedge",
    "38:dragonhammer",
    "42:agility",
    "46:kowtowcleave",
    "50:woodhammer",
    "52:xscissor",
    "56:leechseed",
    "59:solarblade",

    "egg:endeavor",
    "egg:leechseed",
    "egg:crosspoison",
    "egg:aquacutter",
    "egg:slash",
    "egg:psychocut",

    "tm:xscissor",
    "tm:outrage",
    "tm:dragontail",
    "tm:dragondance",
    "tm:dragonrush",
    "tm:dragonclaw",
    "tm:solarblade",
    "tm:autotomize",
    "tm:seedbomb",
    "tm:leafblade",
    "tm:spikyshield",
    "tm:worryseed",
    "tm:powerwhip",
    "tm:woodhammer",
    "tm:endeavor",
    "tm:endure",
    "tm:facade",
    "tm:leechseed",
    "tm:bulletseed",
    "tm:dragonpulse",
    "tm:razorleaf",
    "tm:solarbeam",
    "tm:rest",
    "tm:swordsdance",
    "tm:sleeptalk",
    "tm:substitute",
    "tm:swift",
    "tm:dracometeor",
    "tm:takedown",
    "tm:terablast",
    "tm:gigadrain",
    "tm:petalblizzard",
    "tm:leafstorm",
    "tm:nightslash",
    "tm:uturn",
    "tm:dragonhammer",
    "tm:psychocut",
    "tm:detect",
    
    "tutor:dragontail",
    "tutor:dragonrush",
    "tutor:seedbomb",
    "tutor:leafblade",
    "tutor:woodhammer",
    "tutor:endeavor",
    "tutor:rest",
    "tutor:swordsdance",
    "tutor:sleeptalk",
    "tutor:swift",
    "tutor:dracometeor",
    "tutor:petalblizzard",
    "tutor:nightslash",
    "tutor:detect"
  ],
  "abilities": [
    "sharpness",
    "steadfast",
    "h:noguard"
  ],

  "evolutions": [
],


  "baseScale": 0.85,
"hitbox": {
  "width": 1.5,
  "height": 8.43,
  "fixed": false
},
"drops": {
"amount": "2",
  "entries": [
    {
      "item": "minecraft:bamboo",
      "quantityRange": "0-2"
    },
    {
      "item": "cobblemon:pecha_berry",
      "percentage": 5.0
    }
]
},
"behaviour": {
  "moving": {
    "walk" : {
    "walkSpeed": 0.18
    },
    "canLook": true
  },
    "resting": {
      "canSleep": true,
      "willSleepOnBed": false,
      "depth": "normal",
      "light": "0-4"
    }
  }
}