{
    "implemented": true,
    "name": "folly",
    "nationalPokedexNumber": 2026,
    "primaryType": "normal",
    "secondaryType":"poison",
    "labels":["custom"],
    "abilities": [
      "parentalbond"
    ],
    "preEvolution":"dollamb",
    "baseStats": {
      "hp": 80,
      "attack": 70,
      "defence": 75,
      "special_attack": 95,
      "special_defence": 75,
      "speed": 95
    },
    "behaviour": {
        "moving": {
          "canLook": true,        
          "walk": {
            "canWalk": true,
            "walkSpeed":0.2
          }
        },
          "resting": {
            "canSleep": true,
            "willSleepOnBed": false,
            "depth": "normal",
            "light": "0-4"
          }
        },
    "catchRate": 255,
    "maleRatio": 0.5,
    "shoulderMountable": false,
    "baseExperienceYield": 122,
    "experienceGroup": "medium_fast",
    "eggCycles": 15,

    "eggGroups": [
      "field"
    ],
    "drops": {
      "amount": 2,
      "entries": [
        {
          "item": "minecraft:rotten_flesh",
          "quantityRange": "2-4"
        },
        {
          "item": "minecraft:green_wool",
          "quantityRange": "0-3"
        }
      ]
    },
    "moves": [
      "1:tailwhip",
      "1:tackle",
      "1:poisontail",
      "1:gastroacid",
      "9:copycat",
      "12:workup",
      "16:poisonfang",
      "18:grassyglide",
      "21:headbutt",
      "25:venoshock",
      "28:lunge",
      "32:acidspray",
      "38:crunch",
      "45:sludgebomb",
      "47:doubleedge",
      "50:sludgewave",
      "egg:agility",
      "egg:stomp",
      "egg:milkdrink",
      "egg:defensecurl",
      "egg:crosspoison",
      "egg:toxicspikes",
      "tm:toxic",
      "tm:guardsplit",
      "tm:batonpass",
      "tm:bodypress",
      "tm:bodyslam",
      "tm:bounce",
      "tm:gunkshot",
      "tm:endeavor",
      "tm:facade",
      "tm:gigaimpact",
      "tm:guardswap",
      "tm:hyperbeam",
      "tm:encore",
      "tm:knockoff",
      "tm:protect",
      "tm:rest",
      "tm:yawn",
      "tm:reversal",
      "tm:round",
      "tm:sleeptalk",
      "tm:snore",
      "tm:substitute",
      "tm:nastyplot",
      "tm:thunderwave",
      "tm:wildcharge",
      "tm:zenheadbutt",  
      "tutor:banefulbunker"  
    ],
    "pokedex": [
      "cobblemon.species.folly.desc1"
    ],
    "baseScale": 0.8,
    "hitbox": {
      "width": 0.8,
      "height": 1.5,
      "fixed": false
    },
    "baseFriendship": 50,
    "evYield": {
      "hp": 0,
      "attack": 0,
      "defence": 0,
      "special_attack": 0,
      "special_defence": 0,
      "speed": 2
    },
    "height": 8,
    "weight": 186,
    "aspects": [],
    "cannotDynamax": false
  }
  