{
    "implemented": true,
    "name": "linub",
    "nationalPokedexNumber": 2043,
    "primaryType": "fairy",
    "secondaryType": "ground",
    "abilities": [
      "cottondown",
      "h:fluffy"
    ],
    "baseStats": {
      "hp": 39,
      "attack": 33,
      "defence": 53,
      "special_attack": 48,
      "special_defence": 48,
      "speed": 44
    },
    "behaviour": {
      "resting": {
        "canSleep": true,
        "willSleepOnBed": true,
        "depth": "normal",
        "light": "0-4"
      },
      "moving": {
      "walk": {
        "walkSpeed": 0.13
        }
      }
    },
    "catchRate": 235,
    "maleRatio": 0.5,
    "shoulderMountable": false,
    "baseExperienceYield": 53,
    "experienceGroup": "slow",
    "eggCycles": 20,
    "eggGroups": [
      "mineral",
      "fairy"
    ],
    "drops": {
      "amount": 4,
      "entries": [
        {
          "item": "minecraft:gravel"
        },
        {
          "item": "minecraft:dirt"
        },
        {
          "item": "cobblemon:fairy_feather",
          "percentage": 2.5
        },
        {
          "item": "cobblemon:roseli_berry",
          "percentage": 2.5
        }
      ]
    },
    "moves": [
      "1:mudslap",
      "1:odorsleuth",
      "1:rollout",
      "5:mudsport",
      "5:fairywind",
      "10:craftyshield",
      "15:drainingkiss",
      "18:mudbomb",
      "20:charm",
      "25:endure",
      "30:dazzlinggleam",
      "35:amnesia",
      "40:takedown",
      "45:earthpower",
      "50:moonblast",

      "egg:ancientpower",
      "egg:playrough",
      "egg:bite",
      "egg:bodyslam",
      "egg:curse",
      "egg:doubleedge",
      "egg:fissure",
      "egg:alluringvoice",
      "egg:babydolleyes",
      "egg:mistyexplosion",
      "egg:mudshot",
      "egg:rockslide",
      "egg:stealthrock",
      "egg:takedown",

      "tm:amnesia",
      "tm:attract",
      "tm:playrough",
      "tm:moonblast",
      "tm:bodyslam",
      "tm:bulldoze",
      "tm:captivate",
      "tm:charm",
      "tm:confide",
      "tm:curse",
      "tm:dig",
      "tm:doubleedge",
      "tm:doubleteam",
      "tm:earthpower",
      "tm:earthquake",
      "tm:endeavor",
      "tm:endure",
      "tm:facade",
      "tm:frustration",
      "tm:mistyterrain",
      "tm:aromaticmist",
      "tm:hiddenpower",
      "tm:highhorsepower",
      "tm:mistyexplosion",
      "tm:dazzlinggleam",
      "tm:lightscreen",
      "tm:mudshot",
      "tm:mudslap",
      "tm:naturalgift",
      "tm:protect",
      "tm:raindance",
      "tm:reflect",
      "tm:rest",
      "tm:return",
      "tm:reversal",
      "tm:roar",
      "tm:rockslide",
      "tm:rocksmash",
      "tm:rocktomb",
      "tm:round",
      "tm:sandstorm",
      "tm:sandtomb",
      "tm:scaryface",
      "tm:secretpower",
      "tm:sleeptalk",
      "tm:smackdown",
      "tm:snore",
      "tm:stealthrock",
      "tm:stompingtantrum",
      "tm:stoneedge",
      "tm:strength",
      "tm:substitute",
      "tm:superpower",
      "tm:swagger",
      "tm:takedown",
      "tm:terablast",
      "tm:toxic",
      "tm:trailblaze",

      "tutor:amnesia",
      "tutor:ancientpower",
      "tutor:attract",
      "tutor:bite",
      "tutor:moonblast",
      "tutor:bodyslam",
      "tutor:charm",
      "tutor:curse",
      "tutor:defensecurl",
      "tutor:detect",
      "tutor:doubleedge",
      "tutor:doubleteam",
      "tutor:earthpower",
      "tutor:earthquake",
      "tutor:endeavor",
      "tutor:endure",
      "tutor:frustration",
      "tutor:headbutt",
      "tutor:hiddenpower",
      "tutor:mistyexplosion",
      "tutor:dazzlinggleam",
      "tutor:mimic",
      "tutor:charm",
      "tutor:mudshot",
      "tutor:mudslap",
      "tutor:odorsleuth",
      "tutor:fairywind",
      "tutor:protect",
      "tutor:raindance",
      "tutor:rest",
      "tutor:return",
      "tutor:roar",
      "tutor:rockslide",
      "tutor:rocksmash",
      "tutor:sleeptalk",
      "tutor:snore",
      "tutor:stealthrock",
      "tutor:strength",
      "tutor:substitute",
      "tutor:superpower",
      "tutor:swagger",
      "tutor:tackle",
      "tutor:takedown",
      "tutor:toxic"  
    ],
    "labels": [
      "custom"
    ],
    "pokedex": [
      "cobblemon.species.linub.desc1"
    ],
    "evolutions": [
      {
        "id": "linub_pilolint",
        "variant": "level_up",
        "result": "pilolint",
        "consumeHeldItem": false,
        "learnableMoves": [],
        "requirements": [
          {
            "variant": "level",
            "minLevel": 33
          }
        ]
      }
    ],
    "baseScale": 1.1,
    "hitbox": {
      "width": 0.7,
      "height": 0.4,
      "fixed": false
    },
    "baseFriendship": 50,
    "evYield": {
      "hp": 1,
      "attack": 0,
      "defence": 0,
      "special_attack": 0,
      "special_defence": 0,
      "speed": 0
    },
    "height": 4,
    "weight": 20,
    "aspects": [],
    "cannotDynamax": false
  }
  
  