{
    "implemented": true,
    "name": "mamolint",
    "nationalPokedexNumber": 2045,
    "primaryType": "fairy",
    "secondaryType": "ground",
    "abilities": [
      "cottondown",
      "h:fluffy"
    ],
    "baseStats": {
      "hp": 100,
      "attack": 70,
      "defence": 90,
      "special_attack": 130,
      "special_defence": 70,
      "speed": 70
    },
    "behaviour": {
      "resting": {
        "canSleep": true,
        "willSleepOnBed": false,
        "depth": "normal",
        "light": "0-4"
      },
      "moving": {
        "walk": {
          "walkSpeed": 0.18
          }
        }
    },
    "catchRate": 50,
    "maleRatio": 0.5,
    "shoulderMountable": false,
    "baseExperienceYield": 239,
    "experienceGroup": "slow",
    "eggCycles": 20,
    "eggGroups": [
      "mineral",
      "fairy"
    ],
    "drops": {
        "amount": 10,
        "entries": [
          {
            "item": "minecraft:gravel",
          "quantityRange": "1-4"
          },
          {
            "item": "minecraft:dirt",
          "quantityRange": "1-4"
          },
          {
            "item": "cobblemon:fairy_feather",
            "percentage": 10.0
          },
          {
            "item": "cobblemon:roseli_berry",
            "percentage": 10.0
          }
        ]
      },
    "moves": [
      "1:takedown",
      "1:craftyshield",
      "1:furyattack",
      "1:hornattack",
      "1:mudslap",
      "1:mudsport",
      "1:odorsleuth",
      "1:peck",
      "1:fairywind",
      "1:rollout",
      "15:drainingkiss",
      "18:mudbomb",
      "20:charm",
      "24:alluringvoice",
      "25:endure",
      "30:dazzlinggleam",
      "37:amnesia",
      "44:ancientpower",
      "51:earthpower",
      "58:moonblast",
      "65:thrash",

      "tm:amnesia",
      "tm:attract",
      "tm:playrough",
      "tm:moonblast",
      "tm:bodyslam",
      "tm:bulldoze",
      "tm:captivate",
      "tm:charm",
      "tm:confide",
      "tm:curse",
      "tm:dig",
      "tm:doubleedge",
      "tm:doubleteam",
      "tm:earthquake",
      "tm:earthpower",
      "tm:endeavor",
      "tm:endure",
      "tm:facade",
      "tm:frustration",
      "tm:gigaimpact",
      "tm:mistyterrain",
      "tm:haze",
      "tm:hiddenpower",
      "tm:highhorsepower",
      "tm:hyperbeam",
      "tm:mistyexplosion",
      "tm:alluringvoice",
      "tm:dazzlinggleam",
      "tm:lightscreen",
      "tm:mudshot",
      "tm:mudslap",
      "tm:naturalgift",
      "tm:protect",
      "tm:raindance",
      "tm:reflect",
      "tm:rest",
      "tm:return",
      "tm:reversal",
      "tm:roar",
      "tm:rockslide",
      "tm:rocksmash",
      "tm:rocktomb",
      "tm:round",
      "tm:sandstorm",
      "tm:sandtomb",
      "tm:scaryface",
      "tm:secretpower",
      "tm:sleeptalk",
      "tm:smackdown",
      "tm:snore",
      "tm:stealthrock",
      "tm:stompingtantrum",
      "tm:stoneedge",
      "tm:strength",
      "tm:substitute",
      "tm:superpower",
      "tm:swagger",
      "tm:takedown",
      "tm:terablast",
      "tm:throatchop",
      "tm:toxic",
      "tm:trailblaze",

      "tutor:amnesia",
      "tutor:ancientpower",
      "tutor:attract",
      "tutor:moonblast",
      "tutor:bodyslam",
      "tutor:curse",
      "tutor:defensecurl",
      "tutor:detect",
      "tutor:doubleedge",
      "tutor:doubleteam",
      "tutor:earthquake",
      "tutor:earthpower",
      "tutor:endeavor",
      "tutor:endure",
      "tutor:frustration",
      "tutor:furyattack",
      "tutor:headbutt",
      "tutor:hiddenpower",
      "tutor:hyperbeam",
      "tutor:dazzlinggleam",
      "tutor:mimic",
      "tutor:charm",
      "tutor:mudslap",
      "tutor:fairywind",
      "tutor:protect",
      "tutor:raindance",
      "tutor:rest",
      "tutor:return",
      "tutor:roar",
      "tutor:rockslide",
      "tutor:rocksmash",
      "tutor:sleeptalk",
      "tutor:snore",
      "tutor:stealthrock",
      "tutor:stompingtantrum",
      "tutor:strength",
      "tutor:substitute",
      "tutor:superpower",
      "tutor:swagger",
      "tutor:takedown",
      "tutor:toxic"
    ],
    "labels": [
      "custom"
    ],
    "pokedex": [
      "cobblemon.species.mamolint.desc1"
    ],
    "preEvolution": "pilolint",
    "evolutions": [],
    "baseScale": 1,
    "hitbox": {
      "width": 2.7,
      "height": 3.5,  
      "fixed": false
    },
    "baseFriendship": 50,
    "evYield": {
      "hp": 3,
      "attack": 0,
      "defence": 0,
      "special_attack": 0,
      "special_defence": 0,
      "speed": 0
    },
    "height": 25,
    "weight": 1905,  
    "aspects": [],
    "cannotDynamax": false
  }