{
    "implemented": true,
    "name": "pungudua",
    "nationalPokedexNumber": 2042,
    "labels": [ "custom" ],
    "preEvolution": "taplatter",
    "primaryType": "poison",
    "abilities": [
      "technician",
      "sniper",
      "h:merciless"
    ],
    "baseStats": {
      "hp": 105,
      "attack": 60,
      "defence": 70,
      "special_attack": 125,
      "special_defence": 70,
      "speed": 60
    },
    "behaviour": {
        "moving": {
          "canLook": true,        
          "walk": {
            "canWalk": true,
            "walkSpeed":0.26
          }
        },
          "resting": {
            "canSleep": true,
            "willSleepOnBed": false,
            "depth": "normal",
            "light": "0-4"
          }
        },
    "catchRate": 90,
    "maleRatio": 0.5,
    "shoulderMountable": false,
    "baseExperienceYield": 172,
    "experienceGroup": "medium_slow",
    "eggCycles": 20,

    "eggGroups": [
      "field"
    ],
    "drops": {
      "amount": 4,
      "entries": [
        {
          "item": "minecraft:slime_ball",
          "quantityRange": "0-2"
        },  
        {
          "item": "cobblemon:wiki_berry",
          "quantityRange": "0-2"
        },
        {
          "item": "cobblemon:black_sludge",
          "percentage": 5.0
        }  
      ]
    },
    "moves": [
      "1:tackle",
      "1:clearsmog",
      "1:laserfocus",
      "8:poisontail",
      "12:mudshot",
      "16:acidspray",
      "20:toxic",
      "24:venoshock",
      "32:uproar",
      "37:acidarmor",
      "43:sludgebomb",
      "46:bellydrum",
      "50:sludgewave",
      "54:hyperbeam",
      "59:gunkshot",

      "egg:stuffcheeks",
      "egg:memento",
      "egg:belch",
      "egg:spitup",
      "egg:stockpile",
      "egg:swallow",

      "tm:amnesia",
      "tm:attract",
      "tm:bodypress",
      "tm:bodyslam",
      "tm:confide",
      "tm:crosspoison",
      "tm:darkpulse",
      "tm:doubleteam",
      "tm:drainpunch",
      "tm:endure",
      "tm:facade",
      "tm:fling",
      "tm:focusblast",
      "tm:frustration",
      "tm:gigadrain",
      "tm:gigaimpact",
      "tm:gunkshot",
      "tm:hiddenpower",
      "tm:hyperbeam",
      "tm:infestation",
      "tm:payback",
      "tm:protect",
      "tm:psychic",
      "tm:raindance",
      "tm:rest",
      "tm:return",
      "tm:rockblast",
      "tm:rockpolish",
      "tm:round",
      "tm:screech",
      "tm:secretpower",
      "tm:seedbomb",
      "tm:sleeptalk",
      "tm:sludgebomb",
      "tm:sludgewave",
      "tm:smackdown",
      "tm:snore",
      "tm:solarbeam",
      "tm:spikes",
      "tm:stompingtantrum",
      "tm:substitute",
      "tm:sunnyday",
      "tm:swagger",
      "tm:thief",
      "tm:thunderbolt",
      "tm:toxic",
      "tm:toxicspikes",
      "tm:venomdrench",
      "tm:venoshock",  

      "tutor:toxicspikes",
      "tutor:endeavor",
      "tutor:hypervoice"  
    ],
    "pokedex": [
      "cobblemon.species.pungudua.desc1"
    ],
    "evolutions": [
    ],
    "baseScale": 0.8,
    "hitbox": {
      "width": 0.95,
      "height": 1.4,
      "fixed": false
    },
    "baseFriendship": 50,
    "evYield": {
      "hp": 0,
      "attack": 0,
      "defence": 0,
      "special_attack": 2,
      "special_defence": 0,
      "speed": 0
    },
    "height": 9,
    "weight": 195,  
    "aspects": [],
    "cannotDynamax": false
  }