{
    "implemented": true,
"name": "sajonin",
"nationalPokedexNumber": 2049,
"labels": [ "custom" ],
"preEvolution": "keenai",
"pokedex": [
  "cobblemon.species.sajonin.desc1"
],
"height": 19,
"weight": 900,

"shoulderMountable": false,

"primaryType": "steel",
  "secondaryType": "fighting",
  "baseStats": {
    "hp": 70,
    "attack": 120,
    "defence": 90,
    "special_attack": 60,
    "special_defence": 85,
    "speed": 95
  },
  "catchRate": 45,
  "maleRatio": 0.5,
  "baseExperienceYield": 260,
  "experienceGroup": "medium_fast",
  "eggCycles": 20,
  "eggGroups": [
    "flying"
  ],
  "baseFriendship": 50,
  "evYield": {
    "attack": 2
  },
  "moves": [
    "1:substitute",
    "1:peck",
    "4:doublekick",
    "8:quickattack",
    "12:metalclaw",
    "16:rollingkick",
    "18:smokescreen",
    "20:aerialace",
    "24:nightslash",
    "28:steelwing",
    "32:swordsdance",
    "35:ceaselessedge",
    "38:flyingpress",
    "42:kowtowcleave",
    "46:drillpeck",
    "50:closecombat",
    "52:xscissor",
    "56:bravebird",
    "59:highjumpkick",

    "egg:endeavor",
    "egg:featherdance",
    "egg:leafblade",
    "egg:aquacutter",
    "egg:slash",
    "egg:psychocut",

    "tm:closecombat",
    "tm:acrobatics",
    "tm:aerialace",
    "tm:swordsdance",
    "tm:aircutter",
    "tm:airslash",
    "tm:bravebird",
    "tm:autotomize",
    "tm:ironhead",
    "tm:steelwing",
    "tm:metalsound",
    "tm:irondefense",
    "tm:jumpkick",
    "tm:highjumpkick",
    "tm:endeavor",
    "tm:endure",
    "tm:facade",
    "tm:featherdance",
    "tm:fly",
    "tm:hurricane",
    "tm:metalclaw",
    "tm:triplekick",
    "tm:rest",
    "tm:roost",
    "tm:sleeptalk",
    "tm:substitute",
    "tm:swift",
    "tm:tailwind",
    "tm:takedown",
    "tm:terablast",
    "tm:brickbreak",
    "tm:flyingpress",
    "tm:skyuppercut",
    "tm:nightslash",
    "tm:uturn",
    "tm:sacredsword",
    "tm:psychocut",
    "tm:detect",
    
    "tutor:aerialace",
    "tutor:aircutter",
    "tutor:ironhead",
    "tutor:steelwing",
    "tutor:highjumpkick",
    "tutor:endeavor",
    "tutor:rest",
    "tutor:roost",
    "tutor:sleeptalk",
    "tutor:swift",
    "tutor:tailwind",
    "tutor:flyingpress",
    "tutor:nightslash",
    "tutor:detect"
  ],
  "abilities": [
    "sharpness",
    "steadfast",
    "h:noguard"
  ],

  "evolutions": [
],


  "baseScale": 1.0,
  "hitbox": {
    "width": 0.8,
    "height": 2.25,
    "fixed": false
  },
"drops": {
"amount": "3",
  "entries": [
    {
      "item": "minecraft:iron_ingot",
      "quantityRange": "0-2"
    },
    {
      "item": "minecraft:iron_sword",
      "percentage": 5.0
    }
]
},
"behaviour": {
  "moving": {
    "walk": {
      "walkSpeed": 0.4
    },
    "canLook": true
  },
    "resting": {
      "canSleep": true,
      "willSleepOnBed": false,
      "depth": "normal",
      "light": "0-4"
    }
  }
}