{
"implemented": true,
"name": "seibat",
"nationalPokedexNumber": 2012,
"labels": [ "custom" ],
"pokedex": [
  "cobblemon.species.seibat.desc1"
],
"height": 5,
"weight": 110,

"forms": [
  { "name": "normal" }
],
"shoulderMountable": false,

"primaryType": "rock",
  "secondaryType": "ghost",
  "baseStats": {
    "hp": 65,
    "attack": 105,
    "defence": 75,
    "special_attack": 60,
    "special_defence": 55,
    "speed": 30
  },
  "catchRate": 45,
  "maleRatio": 0.5,
  "baseExperienceYield": 133,
  "experienceGroup": "medium_slow",
  "eggCycles": 25,
  "eggGroups": [
    "mineral",
    "flying"
  ],
  "baseFriendship": 35,
  "evYield": {
    "attack": 2,
    "defence": 1
  },

  "moves": [
    
    "1:scratch",
    "1:leer",
    "3:astonish",
    "9:quickattack",
    "12:fakeout",
    "15:shadowsneak",
    "18:taunt",
    "21:accelerock",
    "24:rocktomb",
    "27:acrobatics",
    "30:stealthrock",
    "33:shadowclaw",
    "36:swordsdance",
    "39:rockslide",
    "42:foulplay",
    "45:spikes",
    "48:suckerpunch",
    "tm:shadowball",
    "tm:aerialace",
    "tm:confuseray",
    "tm:psybeam",
    "tm:nightshade",
    "tm:earthquake",
    "tm:stoneedge",
    "tm:dig",
    "tm:lightscreen",
    "tm:reflect",
    "tm:powergem",
    "tm:gigadrain",
    "tm:trick",
    "tm:psychic",
    "tm:phantomforce",
    "tm:nastyplot",
    "tm:helpinghand",
    "tm:terablast",
    "tutor:honeclaws",
    "tutor:shadowball",
    "tutor:earthquake",
    "tutor:smackdown",
    "tutor:encore",
    "egg:flatter"
  ],
  "abilities": [
    "technician",
    "h:prankster"],

    "baseScale": 0.8,
"hitbox": {
  "width": 0.45,
  "height": 0.8,
  "fixed": false
},
"drops": {
"amount": "2",
  "entries": [
    {
      "item": "minecraft:deepslate",
      "quantityRange": "2-4",
      "percentage": 100
    }
  ]
},
"behaviour": {
  "moving": {
    "canLook": true,
    "fly": {
      "canFly": true
    },          
    "swim": {
      "swimSpeed": 0.2,
      "canSwimInWater": true,
      "canBreatheUnderwater": false
    }
  },
    "resting": {
      "canSleep": true,
      "willSleepOnBed": true,
      "depth": "normal",
      "light": "0-4"
    }
  
  }
}