{
    "implemented": true,
  "name": "slimara",
  "nationalPokedexNumber": 2030,
  "labels": [ "custom" ],
  "pokedex": [
  "cobblemon.species.slimara.desc1"
  ],
  "height": 4,
  "weight": 34,  
  
  "primaryType": "fairy",
  "secondaryType":"ghost",
  "baseStats": {
    "hp": 43,
    "attack": 30,
    "defence": 41,
    "special_attack": 65,
    "special_defence": 45,
    "speed": 41
  },
  "catchRate": 235,
  "maleRatio": 0,
  "baseExperienceYield": 53,
  "experienceGroup": "slow",
  "eggCycles": 20,
  "eggGroups": [
    "fairy"
  ],
  "baseFriendship": 50,
  "evYield": {
    "special_defence": 1
  },
  "moves": [
    "1:ominouswind",
    "1:grudge",
    "5:purify",
    "10:disarmingvoice",
    "15:hex",
    "17:magicroom",
    "20:mistball",
    "23:willowisp",
    "25:futuresight",
    "30:dazzlinggleam",
    "35:nastyplot",
    "40:shadowball",
    "45:moonblast",
    "49:eeriespell",

    "egg:quash",
    "egg:playnice",
    "egg:mysticalfire",
    "egg:wonderroom",
    "egg:perishsong",
    
    "tm:attract",
    "tm:batonpass",
    "tm:calmmind",
    "tm:charm",
    "tm:darkpulse",
    "tm:dazzlinggleam",
    "tm:disarmingvoice",
    "tm:drainingkiss",
    "tm:endure",
    "tm:expandingforce",
    "tm:facade",
    "tm:futuresight",
    "tm:gigadrain",
    "tm:helpinghand",
    "tm:imprison",
    "tm:lightscreen",
    "tm:magicalleaf",
    "tm:metronome",
    "tm:mistyterrain",
    "tm:mysticalfire",
    "tm:playrough",
    "tm:protect",
    "tm:psybeam",
    "tm:psychic",
    "tm:psychicterrain",
    "tm:psychup",
    "tm:psyshock",
    "tm:reflect",
    "tm:rest",
    "tm:round",
    "tm:safeguard",
    "tm:skillswap",
    "tm:sleeptalk",
    "tm:snore",
    "tm:storedpower",
    "tm:substitute",
    "tm:swift",
    "tm:terablast",
    "tm:thunderwave",
    "tm:trick",
    "tm:trickroom",
    "tm:futuresight",
    "tm:dazzlinggleam",
    "tm:nastyplot",
    "tm:shadowball",
    "tm:moonblast",

    "tutor:moonlight"

  ],
  "abilities": [
    "magician",
    "magicbounce",
    "h:magicguard"
  ],
  
  "evolutions": [
  {
    "id": "slimara_haghoula_lvl",
    "variant": "level_up",
    "result": "haghoula",
    "consumeHeldItem": false,
    "learnableMoves": [],
    "requirements": [
      {
        "variant": "level",
        "minLevel": 31
      }
    ]
  }
  ],
  
  
  "baseScale": 0.7,
  "hitbox": {
  "width": 0.7,
  "height": 0.6,
  "fixed": false
  },
  "drops": {
  "amount": "1",
  "entries": [
    {
      "item": "minecraft:slime_ball",
      "quantityRange": "1-3"
    }
  ]
  },
  "behaviour": {
    "resting": {
      "canSleep": true,
      "willSleepOnBed": true,
      "depth": "normal",
      "light": "0-4"
    }
  }
  }