{
  "implemented": true,
  "name": "solarica",
  "nationalPokedexNumber": 2039,
  "labels": [ "custom" ],
  "primaryType": "bug",
  "secondaryType":"fire",
  "abilities": [
    "whitesmoke",
    "opportunist",
    "h:protean"
  ],
  "baseStats": {
    "hp": 70,
    "attack": 115,
    "defence": 88,
    "special_attack": 57,
    "special_defence": 60,
    "speed": 110
  },
  "behaviour": {
      "moving": {
        "canLook": true,        
        "walk": {
          "canWalk": true,
          "walkSpeed":0.23
        }
      },
        "resting": {
          "canSleep": true,
          "willSleepOnBed": false,
          "depth": "normal",
          "light": "0-4"
        }
      },
  "catchRate": 25,
  "maleRatio": 0.5,
  "shoulderMountable": false,
  "baseExperienceYield": 175,
  "experienceGroup": "fast",
  "eggCycles": 25,

  "eggGroups": [
    "bug",
    "human_like"
  ],
  "drops": {
    "amount": 3,
    "entries": [
      {
        "item": "minecraft:charcoal",
        "quantityRange": "0-2"
      },
      {
        "item": "cobblemon:charcoal_stick",
        "percentage": 5.0
      },
      {
        "item": "cobblemon:rawst_berry",
        "percentage": 5.0
      } 
    ]
  },
  "moves": [
    "1:flamecharge",
    "1:leer",
    "1:tackle",
    "4:powder",
    "7:bugbite",
    "11:aerialace",
    "15:rocksmash",
    "15:firefang",
    "20:fellstinger",
    "24:roost",
    "29:acrobatics",
    "29:firepunch",
    "31:burnup",
    "35:xscissor",
    "40:blazekick",
    "43:swordsdance",
    "46:firstimpression",
    "49:flareblitz",
    "egg:doubleedge",
    "egg:feint",
    "egg:feintattack",
    "egg:leechlife",
    "egg:pursuit",
    "egg:reversal",
    "egg:secretpower",
    "egg:signalbeam",
    "egg:silverwind",
    "egg:whirlwind",
    "29:firepunch",
    "tm:burnup",
    "tm:xscissor",
    "tm:blazekick",
    "tm:swordsdance",
    "tm:firstimpression",
    "tm:flareblitz",
    "tm:firelash",
    "tm:aerialace",
    "tm:aircutter",
    "tm:airslash",
    "tm:attract",
    "tm:bugbite",
    "tm:bugbuzz",
    "tm:captivate",
    "tm:confide",
    "tm:defog",
    "tm:doubleedge",
    "tm:doubleteam",
    "tm:dreameater",
    "tm:endure",
    "tm:facade",
    "tm:flash",
    "tm:frustration",
    "tm:gigadrain",
    "tm:hiddenpower",
    "tm:leechlife",
    "tm:lunge",
    "tm:naturalgift",
    "tm:pounce",
    "tm:protect",
    "tm:psychic",
    "tm:psychicnoise",
    "tm:psychup",
    "tm:rest",
    "tm:return",
    "tm:reversal",
    "tm:roost",
    "tm:round",
    "tm:secretpower",
    "tm:shadowball",
    "tm:silverwind",
    "tm:skittersmack",
    "tm:sleeptalk",
    "tm:solarbeam",
    "tm:steelwing",
    "tm:strugglebug",
    "tm:substitute",
    "tm:sunnyday",
    "tm:swagger",
    "tm:swift",
    "tm:swordsdance",
    "tm:tailwind",
    "tm:takedown",
    "tm:terablast",
    "tm:thief",
    "tm:toxic",
    "tm:uproar",
    "tm:uturn",
    "tutor:aircutter",
    "tutor:ancientpower",
    "tutor:attract",
    "tutor:bugbite",
    "tutor:curse",
    "tutor:defog",
    "tutor:detect",
    "tutor:doubleedge",
    "tutor:doubleteam",
    "tutor:dreameater",
    "tutor:endure",
    "tutor:feint",
    "tutor:flash",
    "tutor:foresight",
    "tutor:frustration",
    "tutor:gigadrain",
    "tutor:headbutt",
    "tutor:hiddenpower",
    "tutor:leechlife",
    "tutor:mimic",
    "tutor:ominouswind",
    "tutor:protect",
    "tutor:quickattack",
    "tutor:rest",
    "tutor:return",
    "tutor:reversal",
    "tutor:roost",
    "tutor:screech",
    "tutor:signalbeam",
    "tutor:sleeptalk",
    "tutor:snore",
    "tutor:solarbeam",
    "tutor:sonicboom",
    "tutor:stringshot",
    "tutor:substitute",
    "tutor:sunnyday",
    "tutor:supersonic",
    "tutor:swagger",
    "tutor:swift",
    "tutor:tackle",
    "tutor:tailwind",
    "tutor:thief",
    "tutor:toxic",
    "tutor:uproar",
    "tutor:whirlwind",
    "tutor:wingattack"
  ],
  "pokedex": [
    "cobblemon.species.solarica.desc1"
  ],
  "evolutions": [],
  "baseScale": 0.8,
  "hitbox": {
    "width": 0.9,
    "height": 2.8,
    "fixed": false
  },
  "baseFriendship": 50,
  "evYield": {
    "hp": 0,
    "attack": 0,
    "defence": 0,
    "special_attack": 0,
    "special_defence": 0,
    "speed": 2
  },
  "height": 15,
  "weight": 725,
  "aspects": [],
  "cannotDynamax": false
}
