{
	"format_version": "1.12.0",
	"minecraft:geometry": [
		{
			"description": {
				"identifier": "geometry.dugtrio",
				"texture_width": 128,
				"texture_height": 64,
				"visible_bounds_width": 3,
				"visible_bounds_height": 2.5,
				"visible_bounds_offset": [0, 0.75, 0]
			},
			"bones": [
				{
					"name": "dugtrio",
					"pivot": [0, 0, 0]
				},
				{
					"name": "body",
					"parent": "dugtrio",
					"pivot": [0, 0, 0],
					"cubes": [
						{"origin": [-2, 0, -4], "size": [6, 6, 6], "uv": [104, 0]}
					]
				},
				{
					"name": "ground1",
					"parent": "body",
					"pivot": [-6.75, 0, -5.5],
					"cubes": [
						{"origin": [-12.25, 0, -11], "size": [11, 3, 11], "pivot": [-6.75, 1.25, -5.5], "rotation": [0, -15, 0], "uv": [0, 45]},
						{"origin": [-12.25, 0, -11], "size": [11, 2, 11], "inflate": 0.2, "pivot": [-6.75, 1.25, -5.5], "rotation": [0, -15, 0], "uv": [66, 51]}
					]
				},
				{
					"name": "body1",
					"parent": "ground1",
					"pivot": [-6.75, 3, -5.5],
					"cubes": [
						{"origin": [-10.25, 1, -9], "size": [7, 6, 7], "uv": [28, 0]}
					]
				},
				{
					"name": "body1_2",
					"parent": "body1",
					"pivot": [-6.75, 7, -5.5],
					"cubes": [
						{"origin": [-10.25, 6, -9], "size": [7, 7, 7], "inflate": 0.01, "uv": [0, 0]}
					]
				},
				{
					"name": "nose1",
					"parent": "body1_2",
					"pivot": [-6.75, 8.25, -9]
				},
				{
					"name": "eyes1",
					"parent": "body1_2",
					"pivot": [-6.75, 10.5, -9.05]
				},
				{
					"name": "eye_left1",
					"parent": "eyes1",
					"pivot": [-5.25, 10.5, -9.02],
					"cubes": [
						{"origin": [-5.75, 9.5, -9.02], "size": [1, 2, 0], "uv": [2, 0], "mirror": true}
					]
				},
				{
					"name": "pupil_left1",
					"parent": "eye_left1",
					"pivot": [-5.25, 11, -9.03],
					"cubes": [
						{"origin": [-5.75, 10.5, -9.03], "size": [1, 1, 0], "uv": [4, 0], "mirror": true}
					]
				},
				{
					"name": "eyelid_left1",
					"parent": "eye_left1",
					"pivot": [-5.25, 10.5, -8.43],
					"cubes": [
						{"origin": [-6.25, 9.5, -8.93], "size": [2, 2, 1], "inflate": 0.01, "uv": [0, 2], "mirror": true}
					]
				},
				{
					"name": "eye_right1",
					"parent": "eyes1",
					"pivot": [-8.25, 10.5, -9.02],
					"cubes": [
						{"origin": [-8.75, 9.5, -9.02], "size": [1, 2, 0], "uv": [0, 0]}
					]
				},
				{
					"name": "pupil_right1",
					"parent": "eye_right1",
					"pivot": [-8.25, 11, -9.03],
					"cubes": [
						{"origin": [-8.75, 10.5, -9.03], "size": [1, 1, 0], "uv": [4, 1]}
					]
				},
				{
					"name": "eyelid_right1",
					"parent": "eye_right1",
					"pivot": [-8.25, 10.5, -8.43],
					"cubes": [
						{"origin": [-9.25, 9.5, -8.93], "size": [2, 2, 1], "inflate": 0.01, "uv": [21, 1]}
					]
				},
				{
					"name": "ground2",
					"parent": "body",
					"pivot": [8.75, 0, -6.5],
					"cubes": [
						{"origin": [3.25, 0, -12], "size": [11, 3, 11], "inflate": 0.01, "pivot": [8.75, 1.25, -6.5], "rotation": [0, 15, 0], "uv": [33, 48]},
						{"origin": [3.25, 0, -12], "size": [11, 2, 11], "inflate": 0.21, "pivot": [8.75, 1.25, -6.5], "rotation": [0, 15, 0], "uv": [66, 38]}
					]
				},
				{
					"name": "body2",
					"parent": "ground2",
					"pivot": [8.75, 3, -6.5],
					"cubes": [
						{"origin": [5.25, 1.5, -10], "size": [7, 8, 7], "uv": [0, 14]}
					]
				},
				{
					"name": "nose2",
					"parent": "body2",
					"pivot": [8.75, 4.75, -10]
				},
				{
					"name": "eyes2",
					"parent": "body2",
					"pivot": [8.75, 7, -10.05]
				},
				{
					"name": "eye_left2",
					"parent": "eyes2",
					"pivot": [10.25, 7, -10.02],
					"cubes": [
						{"origin": [9.75, 6, -10.02], "size": [1, 2, 0], "uv": [2, 14], "mirror": true}
					]
				},
				{
					"name": "pupil_left2",
					"parent": "eye_left2",
					"pivot": [10.25, 7.5, -10.03],
					"cubes": [
						{"origin": [9.75, 7, -10.03], "size": [1, 1, 0], "uv": [4, 14], "mirror": true}
					]
				},
				{
					"name": "eyelid_left2",
					"parent": "eye_left2",
					"pivot": [10.25, 7, -9.43],
					"cubes": [
						{"origin": [9.25, 6, -9.93], "size": [2, 2, 1], "inflate": 0.01, "uv": [0, 16], "mirror": true}
					]
				},
				{
					"name": "eye_right2",
					"parent": "eyes2",
					"pivot": [7.25, 7, -10.02],
					"cubes": [
						{"origin": [6.75, 6, -10.02], "size": [1, 2, 0], "uv": [0, 14]}
					]
				},
				{
					"name": "pupil_right2",
					"parent": "eye_right2",
					"pivot": [7.25, 7.5, -10.03],
					"cubes": [
						{"origin": [6.75, 7, -10.03], "size": [1, 1, 0], "uv": [4, 15]}
					]
				},
				{
					"name": "eyelid_right2",
					"parent": "eye_right2",
					"pivot": [7.25, 7, -9.43],
					"cubes": [
						{"origin": [6.25, 6, -9.93], "size": [2, 2, 1], "inflate": 0.01, "uv": [21, 14]}
					]
				},
				{
					"name": "ground3",
					"parent": "body",
					"pivot": [2, 0, 7],
					"cubes": [
						{"origin": [-3.5, 0, 1.5], "size": [11, 3, 11], "inflate": 0.02, "uv": [28, 31]},
						{"origin": [-3.5, 0, 1.5], "size": [11, 2, 11], "inflate": 0.22, "uv": [61, 25]}
					]
				},
				{
					"name": "body3",
					"parent": "ground3",
					"pivot": [2, 3, 7],
					"cubes": [
						{"origin": [-1.5, 1, 3.5], "size": [7, 9, 7], "uv": [28, 13]}
					]
				},
				{
					"name": "body3_2",
					"parent": "body3",
					"pivot": [2, 10, 7],
					"cubes": [
						{"origin": [-1.5, 9, 3.5], "size": [7, 9, 7], "inflate": 0.01, "uv": [0, 29]}
					]
				},
				{
					"name": "nose3",
					"parent": "body3_2",
					"pivot": [2, 13.25, 3.5]
				},
				{
					"name": "eyes3",
					"parent": "body3_2",
					"pivot": [2, 15.5, 3.45]
				},
				{
					"name": "eye_left3",
					"parent": "eyes3",
					"pivot": [3.5, 15.5, 3.48],
					"cubes": [
						{"origin": [3, 14.5, 3.48], "size": [1, 2, 0], "uv": [2, 29], "mirror": true}
					]
				},
				{
					"name": "pupil_left3",
					"parent": "eye_left3",
					"pivot": [3.5, 16, 3.47],
					"cubes": [
						{"origin": [3, 15.5, 3.47], "size": [1, 1, 0], "uv": [4, 29], "mirror": true}
					]
				},
				{
					"name": "eyelid_left3",
					"parent": "eye_left3",
					"pivot": [3.5, 15.5, 4.07],
					"cubes": [
						{"origin": [2.5, 14.5, 3.57], "size": [2, 2, 1], "inflate": 0.01, "uv": [0, 31], "mirror": true}
					]
				},
				{
					"name": "eye_right3",
					"parent": "eyes3",
					"pivot": [0.5, 15.5, 3.48],
					"cubes": [
						{"origin": [0, 14.5, 3.48], "size": [1, 2, 0], "uv": [0, 29]}
					]
				},
				{
					"name": "pupil_right3",
					"parent": "eye_right3",
					"pivot": [0.5, 16, 3.47],
					"cubes": [
						{"origin": [0, 15.5, 3.47], "size": [1, 1, 0], "uv": [4, 30]}
					]
				},
				{
					"name": "eyelid_right3",
					"parent": "eye_right3",
					"pivot": [0.5, 15.5, 4.07],
					"cubes": [
						{"origin": [-0.5, 14.5, 3.57], "size": [2, 2, 1], "inflate": 0.01, "uv": [21, 30]}
					]
				}
			]
		}
	]
}