{
	"format_version": "1.8.0",
	"animations": {
		"animation.raimbra.ground_idle": {
			"loop": true,
			"animation_length": 8,
			"bones": {
				"bone": {
					"rotation": {
						"0.0": [0, 0, 0],
						"2.0": [-5.02563, 1.43364, -2.04831],
						"4.0": [0, 0, 0],
						"6.0": [-5.02563, -1.43364, 2.04831],
						"8.0": [0, 0, 0]
					},
					"position": {
						"0.0": [0, 0, 0],
						"2.0": [0, -1, 0],
						"4.0": [0, 0, 0],
						"6.0": [0, -1, 0],
						"8.0": [0, 0, 0]
					}
				},
				"head": {
					"rotation": {
						"0.0": [0, 0, 0],
						"2.0": [5, 0, 0],
						"4.0": [0, 0, 0],
						"6.0": [5, 0, 0],
						"8.0": [0, 0, 0]
					}
				},
				"leg": {
					"rotation": {
						"0.0": [0, 0, 0],
						"2.0": [-7.5, 0, 0],
						"4.0": [0, 0, 0],
						"6.0": [-7.5, 0, 0],
						"8.0": [0, 0, 0]
					}
				},
				"leg2": {
					"rotation": {
						"0.0": [0, 0, 0],
						"2.0": [-7.5, 0, 0],
						"4.0": [0, 0, 0],
						"6.0": [-7.5, 0, 0],
						"8.0": [0, 0, 0]
					}
				},
				"bone2": {
					"rotation": {
						"0.0": [0, 0, 0],
						"2.0": [5, 0, 0],
						"4.0": [0, 0, 0],
						"6.0": [5, 0, 0],
						"8.0": [0, 0, 0]
					}
				},
				"tail": {
					"rotation": {
						"0.0": [0, 0, 0],
						"2.0": [-12.5, 0, 0],
						"4.0": [0, 0, 0],
						"6.0": [-12.5, 0, 0],
						"8.0": [0, 0, 0]
					}
				},
				"bone3": {
					"rotation": {
						"0.0": [0, 0, 0],
						"2.0": [-7.5, 0, 0],
						"4.0": [0, 0, 0],
						"6.0": [-7.5, 0, 0],
						"8.0": [0, 0, 0]
					}
				}
			}
		},
		"animation.raimbra.ground_walk": {
			"loop": true,
			"animation_length": 0.96,
			"bones": {
				"bone": {
					"rotation": {
						"0.0": [25, 0, 0],
						"0.96": [25, 0, 0]
					}
				},
				"head": {
					"rotation": {
						"0.0": [-20, 0, 0],
						"0.48": [-25, 0, 0],
						"0.96": [-20, 0, 0]
					},
					"position": {
						"0.0": [0, 1, -1],
						"0.96": [0, 1, -1]
					}
				},
				"ear": {
					"rotation": {
						"0.0": [-22.5, 0, 0],
						"0.48": [-32.5, 0, 0],
						"0.96": [-22.5, 0, 0]
					}
				},
				"ear2": {
					"rotation": {
						"0.0": [-22.5, 0, 0],
						"0.48": [-32.5, 0, 0],
						"0.96": [-22.5, 0, 0]
					}
				},
				"leg": {
					"rotation": {
						"0.0": [30, 0, 0],
						"0.48": [40, 0, 0],
						"0.96": [30, 0, 0]
					}
				},
				"leg2": {
					"rotation": {
						"0.0": [30, 0, 0],
						"0.48": [40, 0, 0],
						"0.96": [30, 0, 0]
					}
				},
				"bone2": {
					"rotation": {
						"0.0": [0, 0, 0],
						"0.48": [5, 0, 0],
						"0.96": [0, 0, 0]
					}
				},
				"tail": {
					"rotation": {
						"0.0": [-37.5, 0, 0],
						"0.48": [-45, 0, 0],
						"0.96": [-37.5, 0, 0]
					}
				},
				"bone3": {
					"rotation": {
						"0.0": [0, 0, 0],
						"0.48": [-10, 0, 0],
						"0.96": [0, 0, 0]
					},
					"position": {
						"0.0": [0, 0, 0],
						"0.48": [0, 0, -0.6],
						"0.96": [0, 0, 0]
					}
				}
			}
		}
	}
}