{
	"format_version": "1.8.0",
	"animations": {
		"animation.stingwing_max.pose": {
			"loop": true,
			"bones": {
				"body": {
					"rotation": [5, 10, 0],
					"position": [-15, -0.6, 8],
					"scale": 0.3
				},
				"leg": {
					"rotation": [-37.5, 0, 0]
				},
				"knee": {
					"rotation": [55, 0, 0]
				},
				"foot2": {
					"rotation": [10, 0, 0]
				},
				"torso": {
					"rotation": [0, 12.5, 0]
				},
				"uppertorso2": {
					"rotation": [0, -10, 0]
				},
				"chest": {
					"rotation": [1.5741, 17.43127, 5.24133]
				},
				"head": {
					"rotation": [3.48303, -24.77164, -8.26511]
				},
				"arm3": {
					"rotation": [0, 0, 17.5]
				},
				"elbow2": {
					"rotation": [0, 32.5, 0]
				},
				"hand3": {
					"rotation": [17.5, 55, 0]
				},
				"arms": {
					"rotation": [0, -12.5, 25]
				},
				"elbow": {
					"rotation": [0, 75, 0]
				},
				"hand4": {
					"rotation": [-15, 57.5, 0],
					"position": [-1, 0, 1]
				},
				"arm2": {
					"rotation": [0, 0, -35]
				},
				"elbow4": {
					"rotation": [0, -40, 0]
				},
				"arm": {
					"rotation": [0, 0, -30]
				},
				"elbow3": {
					"rotation": [0, -37.5, 25]
				},
				"hand2": {
					"rotation": [0, -42.5, 22.5]
				},
				"tail": {
					"rotation": [-20, 0, 0]
				},
				"leg2": {
					"rotation": [-7.5, 25, 0]
				},
				"wing": {
					"rotation": [12.5, 60, 0]
				},
				"wing2": {
					"rotation": [-5, 55, 0]
				},
				"wing3": {
					"rotation": [-15, -60, 0]
				},
				"wing4": {
					"rotation": [5, -80, 0]
				},
				"knee2": {
					"rotation": [17.5, 0, 0]
				},
				"foot": {
					"rotation": [-15, 0, 0]
				}
			}
		},
		"animation.stingwing_max.ground_idle": {
			"loop": true,
			"animation_length": 4,
			"bones": {
				"body": {
					"position": [0, -1.2, 0]
				},
				"leg": {
					"rotation": [-7.56251, -7.76176, -1.49433]
				},
				"knee": {
					"rotation": [12.48848, -0.54094, 2.44081]
				},
				"foot2": {
					"rotation": [-5, 0, 0]
				},
				"torso": {
					"rotation": [7.5, 0, 0],
					"position": [0, "-0.4+math.sin(query.anim_time*90*2)*0.2", 0]
				},
				"uppertorso2": {
					"rotation": [7.5, 0, 0],
					"position": [0, -1, 0]
				},
				"chest": {
					"rotation": ["2.5+math.sin(query.anim_time*90*2-60)*2", 0, 0]
				},
				"neck": {
					"rotation": ["0+math.sin(query.anim_time*90*2-120)*2", 0, 0]
				},
				"head": {
					"rotation": ["-10-math.sin(query.anim_time*90*2-60)*2", 0, "0-math.sin(query.anim_time*90*1-60)*4"]
				},
				"arm3": {
					"rotation": [0, -17.5, "40+math.sin(query.anim_time*90*2-120)*4"]
				},
				"elbow2": {
					"rotation": [0, 52.5, "-27.5+math.sin(query.anim_time*90*2)*4"]
				},
				"hand3": {
					"rotation": [97.5, 35, 0]
				},
				"arms": {
					"rotation": [167.21132, -5.15294, 42.47256],
					"position": [-1, "0-math.sin(query.anim_time*90*2)*0.2", 0]
				},
				"elbow": {
					"rotation": [0, "0-math.sin(query.anim_time*90*2-60)*4", -87.5],
					"position": [0, 1, 0]
				},
				"hand4": {
					"rotation": [-84.7881, -40.43146, 34.22003]
				},
				"arm2": {
					"rotation": [0, 0, -30],
					"position": [0, "0-math.sin(query.anim_time*90*2)*0.2", 0]
				},
				"elbow4": {
					"rotation": [15, "0-math.sin(query.anim_time*90*2-60)*4", -77.5]
				},
				"arm": {
					"rotation": [0, 22.5, "-47.5-math.sin(query.anim_time*90*2-120)*4"]
				},
				"elbow3": {
					"rotation": [0, -52.5, "32.5-math.sin(query.anim_time*90*2)*4"]
				},
				"hand2": {
					"rotation": [95, -35, 0]
				},
				"wing4": {
					"rotation": ["0+math.sin(query.anim_time*90*2-180)*4", -27.5, 0]
				},
				"wing2": {
					"rotation": ["-3.6306048308-math.sin(query.anim_time*90*2)*2", 27.79256, 10.39218]
				},
				"wing3": {
					"rotation": ["-1.1582422006-math.sin(query.anim_time*90*2)*2", -32.55813, -6.81318]
				},
				"wing": {
					"rotation": ["0+math.sin(query.anim_time*90*2-180)*4", 25, 0]
				},
				"tail": {
					"rotation": ["-27.5-math.sin(query.anim_time*90*2-60)*4", "0-math.sin(query.anim_time*90*1)*5", 0]
				},
				"leg2": {
					"rotation": [-9.99067, 0.43399, 2.46207]
				},
				"knee2": {
					"rotation": [14.98637, 0.64686, -2.41492]
				},
				"foot": {
					"rotation": [-5, 0, 0]
				},
				"hand5": {
					"rotation": [-96.00553, -46.96997, 39.50021]
				}
			}
		},
		"animation.stingwing_max.battle_idle": {
			"loop": true,
			"animation_length": 4,
			"bones": {
				"body": {
					"position": [0, -6.2, 0]
				},
				"leg": {
					"rotation": [-40.06251, -7.76176, -1.49433]
				},
				"knee": {
					"rotation": [24.98848, -0.54094, 2.44081]
				},
				"foot2": {
					"rotation": [17.5, 0, 0]
				},
				"torso": {
					"rotation": [7.5, 0, 0],
					"position": [0, "-0.4+math.sin(query.anim_time*90*2)*0.2", 0]
				},
				"uppertorso2": {
					"rotation": [7.5, 0, 0],
					"position": [0, -1, 0]
				},
				"chest": {
					"rotation": ["2.5+math.sin(query.anim_time*90*2-60)*2", 0, 0]
				},
				"neck": {
					"rotation": ["0+math.sin(query.anim_time*90*2-120)*2", 0, 0]
				},
				"head": {
					"rotation": ["-10-math.sin(query.anim_time*90*2-60)*2", 0, "0-math.sin(query.anim_time*90*1-60)*4"]
				},
				"arm3": {
					"rotation": [0, -50, "40+math.sin(query.anim_time*90*2-120)*4"]
				},
				"elbow2": {
					"rotation": [0, 52.5, "-27.5+math.sin(query.anim_time*90*2)*4"]
				},
				"hand3": {
					"rotation": [97.5, 35, 0]
				},
				"arms": {
					"rotation": [77.97709, -6.76643, 35.10807],
					"position": [-1, "0-math.sin(query.anim_time*90*2)*0.2", 0]
				},
				"elbow": {
					"rotation": [0, "0-math.sin(query.anim_time*90*2-60)*4", -87.5],
					"position": [0, 1, 0]
				},
				"hand4": {
					"rotation": [-84.7881, -40.43146, 34.22003]
				},
				"arm2": {
					"rotation": [-110, 0, -30],
					"position": [0, "0-math.sin(query.anim_time*90*2)*0.2", 0]
				},
				"elbow4": {
					"rotation": [15, "0-math.sin(query.anim_time*90*2-60)*4", -77.5]
				},
				"arm": {
					"rotation": [0, 60, "-47.5-math.sin(query.anim_time*90*2-120)*4"]
				},
				"elbow3": {
					"rotation": [0, -52.5, "32.5-math.sin(query.anim_time*90*2)*4"]
				},
				"hand2": {
					"rotation": [95, -35, 0]
				},
				"wing4": {
					"rotation": ["0+math.sin(query.anim_time*90*20)*10", "-27.5-math.sin(query.anim_time*90*20-50)*4", 0]
				},
				"wing2": {
					"rotation": ["-3.6306048308-math.sin(query.anim_time*90*20-50)*10", "27.7925646222+math.sin(query.anim_time*90*20)*4", 10.39218]
				},
				"wing3": {
					"rotation": ["-1.1582422006-math.sin(query.anim_time*90*20)*10", "-32.5581316406+math.sin(query.anim_time*90*20)*4", -6.81318]
				},
				"wing": {
					"rotation": ["0+math.sin(query.anim_time*90*20-180)*10", "25+math.sin(query.anim_time*90*20)*4", 0]
				},
				"tail": {
					"rotation": ["-27.5-math.sin(query.anim_time*90*2-60)*4", "0-math.sin(query.anim_time*90*1)*5", 0]
				},
				"leg2": {
					"rotation": [-9.99067, 0.43399, 2.46207]
				},
				"knee2": {
					"rotation": [44.98637, 0.64686, -2.41492]
				},
				"foot": {
					"rotation": [-27.5, 0, 0]
				},
				"hand5": {
					"rotation": [-49.856, -22.32924, 24.25045]
				}
			}
		},
		"animation.stingwing_max.ground_walk": {
			"loop": true,
			"animation_length": 2,
			"bones": {
				"body": {
					"rotation": [0, "0+math.sin(query.anim_time*90*2)*5", 0],
					"position": {
						"0.0": [0, -2, 0],
						"0.5": [0, 0, 0],
						"1.0": [0, -2, 0],
						"1.5": [0, 0, 0],
						"2.0": [0, -2, 0]
					}
				},
				"leg": {
					"rotation": {
						"0.0": [-20, 0, 0],
						"1.0": [15, 0, 0],
						"2.0": [-20, 0, 0]
					},
					"position": {
						"0.0": [0, 0, 0],
						"1.0": [0, 0, 0],
						"1.5": [0, 3, 0],
						"2.0": [0, 0, 0]
					}
				},
				"knee": {
					"rotation": {
						"0.0": [0, 0, 0],
						"0.625": [-2.5, 0, 0],
						"1.4167": [27.5, 0, 0],
						"1.7917": [2.5, 0, 0],
						"2.0": [0, 0, 0]
					}
				},
				"foot2": {
					"rotation": {
						"0.0": [22.5, 0, 0],
						"0.75": [-1.25, 0, 0],
						"1.0": [0, 0, 0],
						"1.5": [42.5, 0, 0],
						"1.7083": [-22.5, 0, 0],
						"2.0": [22.5, 0, 0]
					}
				},
				"torso": {
					"rotation": [-7.5, 0, 0]
				},
				"uppertorso": {
					"rotation": ["10+math.sin(query.anim_time*90*4)*2", "0-math.sin(query.anim_time*90*2)*4", "0+math.sin(query.anim_time*90*2)*2"]
				},
				"chest": {
					"rotation": ["5+math.sin(query.anim_time*90*4-60)*2", 0, 0]
				},
				"neck": {
					"rotation": ["0+math.sin(query.anim_time*90*4-120)*5", 0, 0]
				},
				"head": {
					"rotation": ["0-math.sin(query.anim_time*90*4-120)*5", 0, "0+math.sin(query.anim_time*90*2-120)*5"]
				},
				"arm3": {
					"rotation": [9, "-21.2776+math.sin(query.anim_time*90*4-120)*5", 43.36162]
				},
				"elbow2": {
					"rotation": [0, "37.5+math.sin(query.anim_time*90*4)*5", 0]
				},
				"hand3": {
					"rotation": [30, 0, 0]
				},
				"arms": {
					"rotation": [171.3178, 4.98093, 52.12165],
					"position": [0, 2, 0]
				},
				"elbow": {
					"rotation": [0, 0, -85]
				},
				"hand4": {
					"rotation": [-87.5095, -0.21782, 54.99527]
				},
				"arm2": {
					"rotation": [0, "0-math.sin(query.anim_time*90*2)*10", -60]
				},
				"elbow4": {
					"rotation": [0, "-22.5-math.sin(query.anim_time*90*2-120)*15", -15]
				},
				"arm": {
					"rotation": [0, "0+math.sin(query.anim_time*90*4-120)*5", -57.5]
				},
				"elbow3": {
					"rotation": [0, -27.5, "0+math.sin(query.anim_time*90*4)*5"]
				},
				"hand2": {
					"rotation": [138.65802, 13.31791, -11.45696]
				},
				"wing4": {
					"rotation": ["0-math.sin(query.anim_time*90*4-60)*10", -27.5, 0]
				},
				"wing2": {
					"rotation": ["-12.5-math.sin(query.anim_time*90*4-80)*10", 40, 0]
				},
				"wing3": {
					"rotation": ["-10-math.sin(query.anim_time*90*4-80)*10", -25, 0]
				},
				"wing": {
					"rotation": ["0-math.sin(query.anim_time*90*4-60)*10", 52.5, 0]
				},
				"tail": {
					"rotation": ["0+math.sin(query.anim_time*90*4-120)*5", "0+math.sin(query.anim_time*90*2-120)*5", "0+math.sin(query.anim_time*90*2-180)*5"]
				},
				"leg2": {
					"rotation": {
						"0.0": [17.5, 0, 0],
						"1.0": [-30, 0, 0],
						"2.0": [17.5, 0, 0]
					},
					"position": {
						"0.0": [0, 0, 0],
						"0.5417": [0, 3, 0],
						"1.0": [0, 0, 0]
					}
				},
				"knee2": {
					"rotation": {
						"0.0": [17.5, 0, 0],
						"0.5417": [35, 0, 0],
						"0.875": [33.53, 0, 0],
						"1.25": [0, 0, 0],
						"2.0": [17.5, 0, 0]
					}
				},
				"foot": {
					"rotation": {
						"0.0": [0, 0, 0],
						"0.2083": [20, 0, 0],
						"0.75": [25, 0, 0],
						"1.0": [-17.5, 0, 0],
						"1.25": [21.34, 0, 0],
						"1.5": [0, 0, 0]
					}
				},
				"hand5": {
					"rotation": [65.73299, -13.34855, -27.11771]
				}
			}
		},
		"animation.stingwing_max.air_idle": {
			"loop": true,
			"animation_length": 4,
			"bones": {
				"body": {
					"rotation": ["0-math.sin(query.anim_time*90*2-60)", 0, 0],
					"position": [0, "0-math.sin(query.anim_time*90*2)", 0]
				},
				"leg": {
					"rotation": ["-27.5-math.sin(query.anim_time*90*2-120)*5", -40, 0]
				},
				"knee": {
					"rotation": ["70-math.sin(query.anim_time*90*2-180)*5", 0, 0]
				},
				"uppertorso": {
					"rotation": ["5-math.sin(query.anim_time*90*2-120)*2", 0, 0]
				},
				"chest": {
					"rotation": [2.5, 0, 0]
				},
				"neck": {
					"rotation": ["0-math.sin(query.anim_time*90*2-180)*5", 0, 0]
				},
				"head": {
					"rotation": ["2.5+math.sin(query.anim_time*90*2-120)*5", 0, 0]
				},
				"arm3": {
					"rotation": [0, "-27.5+math.sin(query.anim_time*90*2-120)*5", 30]
				},
				"elbow2": {
					"rotation": [0, "52.5+math.sin(query.anim_time*90*2)*5", 0]
				},
				"hand3": {
					"rotation": ["78.4248175518+math.sin(query.anim_time*90*2)*5", 4.75113, 22.01816]
				},
				"arms": {
					"rotation": [0, "0+math.sin(query.anim_time*90*2-170)*5", 27.5]
				},
				"elbow": {
					"rotation": [0, "62.5-math.sin(query.anim_time*90*2-120)*5", 0]
				},
				"hand4": {
					"rotation": ["85.2303218836+math.sin(query.anim_time*90*2)*5", -1.50179, -17.43745]
				},
				"arm2": {
					"rotation": ["0-math.sin(query.anim_time*90*2-120)*5", 0, -30]
				},
				"elbow4": {
					"rotation": [0, "-42.5-math.sin(query.anim_time*90*2)*5", 0]
				},
				"arm": {
					"rotation": [86.10583, "32.9670110547-math.sin(query.anim_time*90*2-150)*5", -47.06981]
				},
				"elbow3": {
					"rotation": [0, 0, "37.5-math.sin(query.anim_time*90*2)*5"]
				},
				"hand2": {
					"rotation": ["20.387282944+math.sin(query.anim_time*90*2)*10", -17.78969, 18.99838]
				},
				"wing4": {
					"rotation": [7.5, "-52.5+math.sin(query.anim_time*90*50)*20", 0]
				},
				"wing2": {
					"rotation": [-12.5, "45-math.sin(query.anim_time*90*50)*20", 0]
				},
				"wing3": {
					"rotation": [-7.5, "-32.5-math.sin(query.anim_time*90*50)*20", 0]
				},
				"wing": {
					"rotation": [3.51451, "30.0585+math.sin(query.anim_time*90*50)*20", -2.20847]
				},
				"tail": {
					"rotation": ["-30+math.sin(query.anim_time*90*2+120)*5", 0, 0]
				},
				"leg2": {
					"rotation": ["-17.5+math.sin(query.anim_time*90*2-120)*5", 12.5, 0]
				},
				"knee2": {
					"rotation": ["27.5-math.sin(query.anim_time*90*2-120)*5", 0, 0]
				},
				"foot": {
					"rotation": [32.5, 0, 0],
					"position": [0, 1, 0]
				}
			}
		},
		"animation.stingwing_max.air_fly": {
			"loop": true,
			"animation_length": 4,
			"bones": {
				"body": {
					"rotation": ["75-math.sin(query.anim_time*90*2-60)", 0, "0-math.sin(query.anim_time*90*1-120)*5"],
					"position": [0, "28-math.sin(query.anim_time*90*2)", 52]
				},
				"leg": {
					"rotation": ["-41.8723-math.sin(query.anim_time*90*2-120)*5", 0.10751, -15.41554]
				},
				"knee": {
					"rotation": ["70-math.sin(query.anim_time*90*2-180)*5", 0, 0]
				},
				"uppertorso": {
					"rotation": ["5-math.sin(query.anim_time*90*2-120)*2", 0, 0]
				},
				"chest": {
					"rotation": [-10, 0, 0]
				},
				"neck": {
					"rotation": ["0-math.sin(query.anim_time*90*2-180)*5", 0, 0]
				},
				"head": {
					"rotation": ["-60+math.sin(query.anim_time*90*2-120)*5", 0, 0]
				},
				"arm3": {
					"rotation": [0, "-27.5+math.sin(query.anim_time*90*2-120)*5", 30]
				},
				"elbow2": {
					"rotation": [0, "17.5+math.sin(query.anim_time*90*2)*5", 0]
				},
				"hand3": {
					"rotation": ["78.4248175518+math.sin(query.anim_time*90*2)*5", 4.75113, 22.01816]
				},
				"arms": {
					"rotation": [0, "0+math.sin(query.anim_time*90*2-170)*5", 27.5]
				},
				"elbow": {
					"rotation": [0, "22.5-math.sin(query.anim_time*90*2-120)*5", 0]
				},
				"hand4": {
					"rotation": ["85.2303218836+math.sin(query.anim_time*90*2)*5", -1.50179, -17.43745]
				},
				"arm2": {
					"rotation": ["0-math.sin(query.anim_time*90*2-120)*5", 0, -30]
				},
				"elbow4": {
					"rotation": [0, "-10-math.sin(query.anim_time*90*2)*5", 0]
				},
				"arm": {
					"rotation": [86.10583, "32.9670110547-math.sin(query.anim_time*90*2-150)*5", -47.06981]
				},
				"elbow3": {
					"rotation": [0, 0, "20-math.sin(query.anim_time*90*2)*5"]
				},
				"hand2": {
					"rotation": ["20.387282944+math.sin(query.anim_time*90*2)*10", -17.78969, 18.99838]
				},
				"wing4": {
					"rotation": [5.19089, "-12.7049-math.sin(query.anim_time*90*50)*20", 4.8902]
				},
				"wing2": {
					"rotation": [-10.79539, "35.2038-math.sin(query.anim_time*90*50)*20", 2.63636]
				},
				"wing3": {
					"rotation": [-7.30444, "-30.0208-math.sin(query.anim_time*90*50)*20", -0.37676]
				},
				"wing": {
					"rotation": [3.08921, "10.0909+math.sin(query.anim_time*90*50)*20", -3.42872]
				},
				"tail": {
					"rotation": ["-67.5+math.sin(query.anim_time*90*2+120)*5", 0, 0]
				},
				"leg2": {
					"rotation": ["-10.1142+math.sin(query.anim_time*90*2-120)*5", 16.03312, 9.65527]
				},
				"knee2": {
					"rotation": ["27.5-math.sin(query.anim_time*90*2-120)*5", 0, 0]
				},
				"foot": {
					"rotation": [32.5, 0, 0],
					"position": [0, 1, 0]
				}
			}
		},
		"animation.stingwing_max.cry": {
			"animation_length": 1.5,
			"bones": {
				"uppertorso": {
					"rotation": {
						"0.0": {
							"post": [0, 0, 0],
							"lerp_mode": "catmullrom"
						},
						"0.2083": {
							"post": [7.34866, -9.78718, -1.2726],
							"lerp_mode": "catmullrom"
						},
						"0.4167": {
							"post": [2.24115, 0.13228, 0.00009],
							"lerp_mode": "catmullrom"
						},
						"0.9583": {
							"post": [0, 0, 0],
							"lerp_mode": "catmullrom"
						}
					}
				},
				"uppertorso2": {
					"rotation": {
						"0.0": {
							"post": [0, 0, 0],
							"lerp_mode": "catmullrom"
						},
						"0.3333": {
							"post": [7.5, 0, 0],
							"lerp_mode": "catmullrom"
						},
						"0.7917": {
							"post": [-2.50954, 4.99523, -0.21865],
							"lerp_mode": "catmullrom"
						},
						"1.2083": {
							"post": [0, 0, 0],
							"lerp_mode": "catmullrom"
						}
					}
				},
				"head": {
					"rotation": {
						"0.0": {
							"post": [0, 0, 0],
							"lerp_mode": "catmullrom"
						},
						"0.1667": {
							"post": [-10, 0, 0],
							"lerp_mode": "catmullrom"
						},
						"0.2917": {
							"post": [5, 0, 0],
							"lerp_mode": "catmullrom"
						},
						"0.4583": {
							"post": [5.05076, 9.52667, 5.85705],
							"lerp_mode": "catmullrom"
						},
						"0.75": {
							"post": [-13.90363, 9.52667, 5.85705],
							"lerp_mode": "catmullrom"
						},
						"1.0417": {
							"post": [-14.28752, 8.93182, 3.45956],
							"lerp_mode": "catmullrom"
						},
						"1.375": {
							"post": [0, 0, 0],
							"lerp_mode": "catmullrom"
						}
					}
				},
				"eyelids": {
					"position": {
						"0.0": [0, 0, 0],
						"0.0833": [0, 0, 0],
						"0.125": [0, 0, -1],
						"1.0833": [0, 0, -1],
						"1.125": [0, 0, 0]
					}
				},
				"eyelash": {
					"position": {
						"0.0": [0, 0, 0],
						"0.125": [0, 0, 0],
						"0.1667": [0, -2, 0],
						"1.0833": [0, -2, 0],
						"1.125": [0, 0, 0]
					}
				}
			},
			"sound_effects": {
				"0.1667": {
					"effect": "pokemon.stingwing_max.cry"
				}
			}
		},
		"animation.stingwing_max.blink": {
			"animation_length": 0.5,
			"bones": {
				"eyelids": {
					"position": {
						"0.0": [0, 0, 0],
						"0.0417": [0, 0, -1],
						"0.2083": [0, 0, -1],
						"0.25": [0, 0, 0]
					}
				},
				"eyelash": {
					"position": {
						"0.0": [0, 0, 0],
						"0.0833": [0, -2, 0],
						"0.2083": [0, -2, 0],
						"0.25": [0, 0, 0]
					}
				}
			}
		},
		"animation.stingwing_max.quirk1": {
			"animation_length": 1.7917,
			"bones": {
				"neck": {
					"rotation": {
						"0.0": {
							"post": [0, 0, 0],
							"lerp_mode": "catmullrom"
						},
						"0.5417": {
							"post": [10, 45, 0],
							"lerp_mode": "catmullrom"
						},
						"1.1667": {
							"post": [10, 45, 0],
							"lerp_mode": "catmullrom"
						},
						"1.5": {
							"post": [0, 0, 0],
							"lerp_mode": "catmullrom"
						}
					}
				},
				"head": {
					"rotation": {
						"0.0": {
							"post": [0, 0, 0],
							"lerp_mode": "catmullrom"
						},
						"0.5417": {
							"post": [17.5, 17.5, 0],
							"lerp_mode": "catmullrom"
						},
						"1.0": {
							"post": [17.42753, 15.01238, -0.25883],
							"lerp_mode": "catmullrom"
						},
						"1.3333": {
							"post": [17.42753, 15.01238, -0.25883],
							"lerp_mode": "catmullrom"
						},
						"1.7917": {
							"post": [0, 0, 0],
							"lerp_mode": "catmullrom"
						}
					}
				},
				"arm2": {
					"rotation": {
						"0.0": {
							"post": [0, 0, 0],
							"lerp_mode": "catmullrom"
						},
						"0.375": {
							"post": [0, 0, 45],
							"lerp_mode": "catmullrom"
						},
						"0.9167": {
							"post": [0, 0, 47.5],
							"lerp_mode": "catmullrom"
						},
						"1.25": {
							"post": [0, 0, 0],
							"lerp_mode": "catmullrom"
						}
					}
				},
				"elbow4": {
					"rotation": {
						"0.0": {
							"post": [0, 0, 0],
							"lerp_mode": "catmullrom"
						},
						"0.5417": {
							"post": [0, 0, 37.5],
							"lerp_mode": "catmullrom"
						},
						"1.5": {
							"post": [0, 0, 0],
							"lerp_mode": "catmullrom"
						}
					}
				},
				"arm": {
					"rotation": {
						"0.0": {
							"post": [0, 0, 0],
							"lerp_mode": "catmullrom"
						},
						"0.5417": {
							"post": [0, 0, 40],
							"lerp_mode": "catmullrom"
						},
						"0.7917": {
							"post": [1.5528, 3.13203, 44.26459],
							"lerp_mode": "catmullrom"
						},
						"1.5": {
							"post": [0, 0, 0],
							"lerp_mode": "catmullrom"
						}
					}
				},
				"tail": {
					"rotation": {
						"0.0": {
							"post": [0, 0, 0],
							"lerp_mode": "catmullrom"
						},
						"0.0833": {
							"post": [-15, 0, 0],
							"lerp_mode": "catmullrom"
						},
						"0.2917": {
							"post": [-17.1373, -10.49856, 11.0875],
							"lerp_mode": "catmullrom"
						},
						"0.5": {
							"post": [-26.22302, -25.97791, 33.40583],
							"lerp_mode": "catmullrom"
						},
						"1.1667": {
							"post": [-27.52674, -27.2891, 35.90192],
							"lerp_mode": "catmullrom"
						},
						"1.6667": {
							"post": [0, 0, 0],
							"lerp_mode": "catmullrom"
						}
					}
				}
			}
		},
		"animation.stingwing_max.quirk2": {
			"animation_length": 1.75,
			"bones": {
				"neck": {
					"rotation": {
						"0.0": {
							"post": [0, 0, 0],
							"lerp_mode": "catmullrom"
						},
						"0.375": {
							"post": [21.46039, -49.13549, -8.72628],
							"lerp_mode": "catmullrom"
						},
						"0.5417": {
							"post": [21.46039, -49.13549, -8.72628],
							"lerp_mode": "catmullrom"
						},
						"1.1667": {
							"post": [21.46039, -49.13549, -8.72628],
							"lerp_mode": "catmullrom"
						},
						"1.5": {
							"post": [0, 0, 0],
							"lerp_mode": "catmullrom"
						}
					}
				},
				"head": {
					"rotation": {
						"0.0": {
							"post": [0, 0, 0],
							"lerp_mode": "catmullrom"
						},
						"0.5417": {
							"post": [20, 0, 0],
							"lerp_mode": "catmullrom"
						},
						"1.0": {
							"post": [30, 0, 0],
							"lerp_mode": "catmullrom"
						},
						"1.3333": {
							"post": [17.42753, 15.01238, -0.25883],
							"lerp_mode": "catmullrom"
						},
						"1.75": {
							"post": [0, 0, 0],
							"lerp_mode": "catmullrom"
						}
					}
				},
				"arm3": {
					"rotation": {
						"0.0": [0, 0, 0],
						"0.25": [0, 0, -37.5],
						"0.4583": [-12.5, 0, -37.5],
						"1.0833": [-10.90741, -1.01497, -42.64833],
						"1.5": [0, 0, 0]
					}
				},
				"arms": {
					"rotation": {
						"0.0": [0, 0, 0],
						"0.25": [0, 0, -47.5],
						"0.7917": [0, 0, -30],
						"1.0833": [0, 0, -35],
						"1.5": [0, 0, 0]
					}
				},
				"elbow": {
					"rotation": {
						"0.0": [0, 0, 0],
						"0.7917": [0, 0, 62.5],
						"1.2083": [0, 0, 43.24],
						"1.5": [0, 0, 0]
					}
				},
				"hand4": {
					"rotation": {
						"0.0": [0, 0, 0],
						"0.1667": [0, 0, -42.5],
						"0.5": [-25.5841, 6.6015, -1.05272],
						"0.9167": [-28.58786, 8.466, 4.47387],
						"1.3333": [0, 0, 0]
					}
				},
				"tail": {
					"rotation": {
						"0.0": {
							"post": [0, 0, 0],
							"lerp_mode": "catmullrom"
						},
						"0.0833": {
							"post": [-15.07093, 3.8476, -3.1945],
							"lerp_mode": "catmullrom"
						},
						"0.2917": {
							"post": [-19.23902, 22.06679, -20.46836],
							"lerp_mode": "catmullrom"
						},
						"0.5": {
							"post": [-20.53295, 23.77304, -24.88028],
							"lerp_mode": "catmullrom"
						},
						"1.1667": {
							"post": [-21.50633, 19.9127, -28.20425],
							"lerp_mode": "catmullrom"
						},
						"1.625": {
							"post": [0, 0, 0],
							"lerp_mode": "catmullrom"
						}
					}
				}
			}
		},
		"animation.stingwing_max.sleep": {
			"loop": true,
			"animation_length": 1,
			"bones": {
				"body": {
					"position": [0, -40, 0]
				},
				"leg": {
					"rotation": [-92.42327, -9.96156, -0.88045],
					"position": [0, 0, -3]
				},
				"knee": {
					"rotation": [10, 0, 0]
				},
				"foot2": {
					"rotation": [20, 0, 0]
				},
				"torso": {
					"position": [0, -5, 0]
				},
				"chest": {
					"rotation": [17.5, 0, 0],
					"position": [0, 0, -2]
				},
				"head": {
					"rotation": [27.5, 0, 0]
				},
				"eyelids": {
					"position": [0, 0, -1]
				},
				"arm3": {
					"rotation": [0, 0, 37.5]
				},
				"elbow2": {
					"rotation": [0, 60, 0]
				},
				"hand3": {
					"rotation": [74.15234, 19.58991, 49.74702]
				},
				"arms": {
					"rotation": [0, 0, 35]
				},
				"elbow": {
					"rotation": [0, 65, 0]
				},
				"hand4": {
					"rotation": [0, 62.5, 0]
				},
				"arm2": {
					"rotation": [0, 0, -37.5]
				},
				"elbow4": {
					"rotation": [0, -60, 0]
				},
				"arm": {
					"rotation": [0, 0, -45]
				},
				"elbow3": {
					"rotation": [0, -40, 0]
				},
				"hand2": {
					"rotation": [74.37511, -7.98133, -26.40319]
				},
				"wing4": {
					"rotation": [-32.72348, -6.3202, 4.04618]
				},
				"wing2": {
					"rotation": [-25.49008, 11.53486, -4.8493]
				},
				"wing3": {
					"rotation": [-31.18939, -15.09492, 8.95891]
				},
				"wing": {
					"rotation": [-32.5, 0, 0]
				},
				"leg2": {
					"rotation": [-85, 0, 0]
				},
				"foot": {
					"rotation": [0, 12.5, 0]
				},
				"eyelash": {
					"position": [0, -2, 0]
				}
			}
		},
		"animation.stingwing_max.walkspeed": {
			"loop": true,
			"bones": {
				"body": {
					"position": [0, 0, "0-query.anim_time*90*0.3"]
				}
			}
		}
	}
}