{
	"format_version": "1.8.0",
	"animations": {
		"animation.rainish.ground_idle": {
			"loop": true,
			"animation_length": 2,
			"bones": {
				"head": {
					"rotation": {
						"0.0": [0, 0, 0],
						"1.0": [-2.5, 0, 0],
						"2.0": [0, 0, 0]
					}
				},
				"bone": {
					"rotation": {
						"0.0": [0, 0, 0],
						"0.52": [0, -22.5, 0],
						"1.48": [0, 22.5, 0],
						"2.0": [0, 0, 0]
					}
				},
				"bone2": {
					"rotation": {
						"0.0": [0, 0, 0],
						"1.0": [0, 22.5, 0],
						"2.0": [0, 0, 0]
					}
				},
				"bone3": {
					"rotation": {
						"0.0": [0, 0, 0],
						"1.0": [0, -22.5, 0],
						"2.0": [0, 0, 0]
					}
				},
				"bone4": {
					"position": {
						"0.0": [0, 0, 0],
						"1.0": [0, 1, 0],
						"2.0": [0, 0, 0]
					}
				}
			}
		},
		"animation.rainish.ground_walk": {
			"loop": true,
			"animation_length": 1,
			"bones": {
				"bone": {
					"rotation": {
						"0.0": [0, 22.5, 0],
						"0.48": [0, -22.5, 0],
						"1.0": [0, 22.5, 0]
					}
				},
				"bone2": {
					"rotation": {
						"0.0": [0, 0, 0],
						"0.48": [0, 22.5, 0],
						"1.0": [0, 0, 0]
					}
				},
				"bone3": {
					"rotation": {
						"0.0": [0, 0, 0],
						"0.48": [0, -22.5, 0],
						"1.0": [0, 0, 0]
					}
				},
				"bone4": {
					"rotation": {
						"0.0": [12.5, 0, 0],
						"1.0": [12.5, 0, 0]
					},
					"position": {
						"0.0": [0, 0, 0],
						"0.48": [0, 1, 0],
						"1.0": [0, 0, 0]
					}
				}
			}
		}
	}
}