{
 "portraitScale": 1.76,
 "portraitTranslation": [-0.88, 4.66, 0],
 "profileScale": 0.35,
 "profileTranslation": [0, 1.26, 0],
 "animations": {
 },
 "poses": {
   "battle-standing": {
     "poseTypes": ["STAND"],
     "isBattle": true,
     "animations": [
	   "q.look('head_ai', 1, 1, -17.5, 40, 10, -10)",
       "q.bedrock('alpineca', 'battle_idle')"
     ],
     "quirks": ["q.bedrock_quirk('alpineca', 'blink')"]
   },
   "standing": {
     "poseTypes": ["STAND", "NONE", "PORTRAIT", "PROFILE"],
     "isBattle": false,
     "animations": [
	   "q.look('head_ai', 1, 1, -17.5, 40, 10, -10)",
       "q.bedrock('alpineca', 'ground_idle')"
     ],
     "quirks": ["q.bedrock_quirk('alpineca', 'blink')"]
   },
   "walking": {
     "poseTypes": ["WALK"],
     "animations": [
	   "q.look('head_ai', 1, 1, -17.5, 40, 10, -10)",
       "q.bedrock('alpineca', 'ground_walk')"
     ],
     "quirks": ["q.bedrock_quirk('alpineca', 'blink')"]
   },
   "sleep": {
     "poseTypes": ["SLEEP"],
     "animations": ["q.bedrock('alpineca', 'sleep')"]
   }
 }
}