{
  "portraitScale": 2.0,
  "portraitTranslation": [-0.1, 0.55, 0],
  "profileScale": 0.7,
  "profileTranslation": [0, 0.68, 0],
  "animations": {
    "cry": "q.bedrock_stateful('belliborb', 'cry')",
    "status": "q.bedrock_stateful('belliborb', 'cry', q.curve('symmetrical_wide'))"
  },
  "poses": {
    "battle-standing": {
      "poseTypes": ["STAND"],
      "isBattle": true,
      "animations": [
        "q.look('head')",
        "q.bedrock('belliborb', 'ground_idle')"
      ],
      "quirks": ["q.bedrock_quirk('belliborb', 'blink')","q.bedrock_quirk('belliborb', 'quirk', 10, 30, 1)"]
    },
    "standing": {
      "poseTypes": ["STAND", "NONE", "PORTRAIT", "PROFILE"],
      "isBattle": false,
      "animations": [
        "q.look('head')",
        "q.bedrock('belliborb', 'ground_idle')"
      ],
      "quirks": [
        "q.bedrock_quirk('belliborb', 'blink')","q.bedrock_quirk('belliborb', 'quirk', 10, 30, 1)"
      ]
    },
    "walking": {
      "poseTypes": ["WALK"],
      "animations": [
        "q.look('head')",
        "q.bedrock('belliborb', 'ground_walk')"
      ],
      "quirks": ["q.bedrock_quirk('belliborb', 'blink')"]
    },
    "float": {
      "poseTypes": ["FLOAT"],
      "animations": [
        "q.look('head')",
        "q.bedrock('belliborb', 'ground_idle')"
      ],
      "quirks": ["q.bedrock_quirk('belliborb', 'blink')"]
    },
    "swim": {
      "poseTypes": ["SWIM"],
      "animations": [
        "q.look('head')",
        "q.bedrock('belliborb', 'ground_walk')"
      ],
      "quirks": ["q.bedrock_quirk('belliborb', 'blink')"]
    },
    "sleep": {
      "poseTypes": ["SLEEP"],
      "animations": ["q.bedrock('belliborb', 'sleep')"]
    }
  }
 }