{
  "portraitScale": 1.7,
  "portraitTranslation": [-0.07, 2.95, 0],
  "profileScale": 0.4,
  "profileTranslation": [0, 1.23, 0],
  "rootBone": "cinderace",
  "animations": {
    "cry": "q.bedrock_stateful('cinderace_coterian', 'cry')"
  },
  "poses": {
    "standing": {
      "poseName": "standing",
      "poseTypes": ["STAND", "FLOAT", "PORTRAIT", "PROFILE", "NONE"],
      "animations": ["q.look('head')","q.bedrock('cinderace_coterian', 'ground_idle')"],
      "quirks": ["q.bedrock_quirk('cinderace_coterian', 'blink')"]
    },
    "battle-standing": {
      "poseTypes": ["STAND"],
      "isBattle": true,
      "animations": [
        "q.look('head')",
        "q.bedrock('cinderace_coterian', 'battle_idle')"
      ],
      "quirks": ["q.bedrock_quirk('cinderace_coterian', 'blink')"]
    },
    "walking": {
      "poseName": "walking",
      "poseTypes": ["WALK", "SWIM"],
      "animations": [
        "q.bedrock('cinderace_coterian', 'ground_walk')"
      ],
      "quirks": ["q.bedrock_quirk('cinderace_coterian', 'blink')"]
    },
    
    "sleep": {
      "poseTypes": ["SLEEP"],
      "animations": ["q.bedrock('cinderace_coterian', 'sleep')"]
    }
  }
}
