{
  "portraitScale": 2.85,
  "portraitTranslation": [-0.89, -0.28, 0],
  "profileScale": 0.82,
  "profileTranslation": [0, 0.48, 0],
  "rootBone": "dubfool",
  "animations": {
    "cry": "q.bedrock_stateful('dubfool', 'cry')"
  },
  "poses": {
    "battle-standing": {
      "poseTypes": ["STAND"],
      "isBattle": true,
      "animations": [
        "q.look('head_ai')",
        "q.bedrock('dubfool', 'battle_idle')"
      ],
      "quirks": [
	  "q.bedrock_quirk('dubfool', 'blink')",
	  "q.bedrock_quirk('dubfool', q.array('ear_quirk_left', 'ear_quirk_right'), 5, 30, 1)"
	  ]
    },
    "standing": {
      "poseTypes": ["STAND", "NONE", "PORTRAIT", "PROFILE"],
      "isBattle": false,
      "animations": [
        "q.look('head_ai')",
        "q.bedrock('dubfool', 'ground_idle')"
      ],
      "quirks": [
        "q.bedrock_quirk('dubfool', 'blink')",
        "q.bedrock_quirk('dubfool', 'eat', 30, 120, 1)",
		"q.bedrock_quirk('dubfool', q.array('ear_quirk_left', 'ear_quirk_right'), 5, 30, 1)"
      ]
    },
    "walking": {
      "poseTypes": ["WALK"],
      "animations": [
        "q.look('head_ai')",
        "q.bedrock('dubfool', 'ground_walk')"
      ],
      "quirks": [
	  "q.bedrock_quirk('dubfool', 'blink')",
	  "q.bedrock_quirk('dubfool', q.array('ear_quirk_left', 'ear_quirk_right'), 5, 30, 1)"
	  ]
    },
    "sleep": {
      "poseTypes": ["SLEEP"],
      "animations": [
	  "q.bedrock('dubfool', 'sleep')"
      ],
      "quirks": [
		"q.bedrock_quirk('dubfool', q.array('ear_quirk_left', 'ear_quirk_right'), 5, 30, 1)"
      ]
    }
  }
 }