{
  "portraitScale": 2.09,
  "portraitTranslation": [-0.1, -0.8, 0],
  "profileScale": 0.76,
  "profileTranslation": [0, 0.6, 0],
  "rootBone": "hoppiny",
  "animations": {
    "faint": "q.bedrock_primary('happiny', 'faint', q.curve('one'))",
    "cry": "q.bedrock_stateful('happiny', 'cry')"
  },
  "poses": {
    "battle-standing": {
      "poseTypes": ["STAND"],
      "isBattle": true,
      "animations": ["q.bedrock('happiny', 'battle_idle')"],
      "quirks": [
        "q.bedrock_quirk('happiny', 'blink')",
        "q.bedrock_quirk('happiny', 'hairshake_quirk')"
      ]
    },
    "standing": {
      "poseTypes": ["STAND", "NONE", "FLOAT", "PORTRAIT", "PROFILE"],
      "isBattle": false,
      "animations": ["q.bedrock('happiny', 'ground_idle')"],
      "quirks": [
        "q.bedrock_quirk('happiny', 'blink')",
        "q.bedrock_quirk('happiny', q.array('hairshake_quirk', 'happy_quirk'), 30, 60, 1)"
      ]
    },
    "walking": {
      "poseTypes": ["WALK", "SWIM"],
      "animations": ["q.bedrock('happiny', 'ground_walk')"],
      "quirks": ["q.bedrock_quirk('happiny', 'blink')"]
    },
    "sleep": {
      "poseTypes": ["SLEEP"],
      "namedAnimations": {"cry": "q.bedrock_stateful('dummy', 'cry')"},
      "animations": ["q.bedrock('happiny', 'sleep')"]
    }
  }
}