{
  "portraitScale": 1.65,
  "portraitTranslation": [-0.3, 0.55, 0],
  "profileScale": 0.7,
  "profileTranslation": [0, 0.68, 0],
  "rootBone": "chansey",
  "animations": {
    "faint": "q.bedrock_primary('chansey', 'faint', q.curve('one'))",
    "cry": "q.bedrock_stateful('chansey', 'cry')"
  },
  "poses": {
    "battle-standing": {
      "poseTypes": ["STAND"],
      "isBattle": true,
      "animations": ["q.bedrock('chansey', 'battle_idle')"],
      "quirks": [
        "q.bedrock_quirk('chansey', 'blink')"
      ]
    },
    "standing": {
      "poseTypes": ["STAND", "NONE", "FLOAT", "PORTRAIT", "PROFILE"],
      "isBattle": false,
      "animations": ["q.bedrock('chansey', 'ground_idle')"],
      "quirks": [
        "q.bedrock_quirk('chansey', 'blink')"
      ]
    },
    "walking": {
      "poseTypes": ["WALK", "SWIM"],
      "animations": ["q.bedrock('chansey', 'ground_walk')"],
      "quirks": ["q.bedrock_quirk('chansey', 'blink')"]
    },
    "sleep": {
      "poseTypes": ["SLEEP"],
      "namedAnimations": {"cry": "q.bedrock_stateful('dummy', 'cry')"},
      "animations": ["q.bedrock('chansey', 'ground_sleep')"]
    }
  }
}