{
 "portraitScale": 2.2,
 "portraitTranslation": [-0.01, -1.36, 0],
 "profileScale": 1.12,
 "profileTranslation": [0, 0.1, 0],
 "animations": {
   "faint": "q.bedrock_primary('inklett', 'faint', q.curve('one'))",
   "cry": "q.bedrock_stateful('inklett', 'cry')"
 },
 "poses": {
   "battle-standing": {
     "poseTypes": ["STAND"],
     "isBattle": true,
     "animations": [
       "q.bedrock('inklett', 'battle_idle')"
     ],
     "quirks": ["q.bedrock_quirk('inklett', 'blink')", "q.bedrock_quirk('inklett', 'quirk_idle')"]
   },
   "standing": {
     "poseTypes": ["STAND", "NONE", "PORTRAIT", "PROFILE"],
     "isBattle": false,
     "animations": [
       "q.bedrock('inklett', 'ground_idle')"
     ],
     "quirks": ["q.bedrock_quirk('inklett', 'blink')", "q.bedrock_quirk('inklett', 'quirk_idle')"]
   },
   "walking": {
     "poseTypes": ["WALK"],
     "animations": [
       "q.bedrock('inklett', 'ground_walk')"
     ],
     "quirks": ["q.bedrock_quirk('inklett', 'blink')"]
   },
   "sleep": {
     "poseTypes": ["SLEEP"],
     "animations": ["q.bedrock('inklett', 'sleep')"],
	 "quirks": ["q.bedrock_quirk('inklett', 'quirk_idle')"]
   }
 }
}