{
 "portraitScale": 1.19,
 "portraitTranslation": [-0.04, -0.3, 0],
 "profileScale": 0.75,
 "profileTranslation": [0, 0.5, 0],
 "animations": {
   "faint": "q.bedrock_primary('inktrio', 'faint', q.curve('one'))",
   "cry": "q.bedrock_stateful('inktrio', 'cry')"
 },
 "poses": {
   "battle-standing": {
     "poseTypes": ["STAND"],
     "isBattle": true,
     "animations": [
       "q.bedrock('inktrio', 'battle_idle')"
     ],
     "quirks": [
	 "q.bedrock_quirk('inktrio', 'blink')", "q.bedrock_quirk('inktrio', 'blink2')", "q.bedrock_quirk('inktrio', 'blink3')",
	 "q.bedrock_quirk('inktrio', 'quirk_idle')", "q.bedrock_quirk('inktrio', 'quirk_idle2')", "q.bedrock_quirk('inktrio', 'quirk_idle3')"
	 ]
   },
   "standing": {
     "poseTypes": ["STAND", "NONE", "PORTRAIT", "PROFILE"],
     "isBattle": false,
     "animations": [
       "q.bedrock('inktrio', 'ground_idle')"
     ],
     "quirks": [
	 "q.bedrock_quirk('inktrio', 'blink')", "q.bedrock_quirk('inktrio', 'blink2')", "q.bedrock_quirk('inktrio', 'blink3')",
	 "q.bedrock_quirk('inktrio', 'quirk_idle')", "q.bedrock_quirk('inktrio', 'quirk_idle2')", "q.bedrock_quirk('inktrio', 'quirk_idle3')"
	 ]
   },
   "walking": {
     "poseTypes": ["WALK"],
     "animations": [
       "q.bedrock('inktrio', 'ground_walk')"
     ],
     "quirks": [
	 "q.bedrock_quirk('inktrio', 'blink')", "q.bedrock_quirk('inktrio', 'blink2')", "q.bedrock_quirk('inktrio', 'blink3')",
	 "q.bedrock_quirk('inktrio', 'quirk_idle')", "q.bedrock_quirk('inktrio', 'quirk_idle2')", "q.bedrock_quirk('inktrio', 'quirk_idle3')"
	 ]
   },
   "sleep": {
     "poseTypes": ["SLEEP"],
     "animations": ["q.bedrock('inktrio', 'sleep')"],
	 "quirks": [ "q.bedrock_quirk('inktrio', 'quirk_idle')", "q.bedrock_quirk('inktrio', 'quirk_idle2')", "q.bedrock_quirk('inktrio', 'quirk_idle3')"]
   }
 }
}