{
  "portraitScale": 1.8,
  "portraitTranslation": [-0.04, 0.13, 0],
  "profileScale": 0.51,
  "profileTranslation": [0, 0.96, 0],
  "rootBone": "scorbunny",
  "animations": {
    "cry": "q.bedrock_stateful('scorbunny_coterian', 'cry')"
  },
  "poses": {
    "battle-standing": {
      "poseName": "battle-standing",
      "poseTypes": ["STAND"],
      "isBattle": true,
      "animations": ["q.look('head')", "q.bedrock('scorbunny_coterian', 'battle_idle')"],
      "quirks": ["q.bedrock_quirk('scorbunny_coterian', 'blink')"]
    },
    "standing": {
      "poseName": "standing",
      "poseTypes": ["STAND", "NONE", "PORTRAIT", "PROFILE"],
      "isBattle": false,
      "animations": ["q.look('head')", "q.bedrock('scorbunny_coterian', 'ground_idle')"],
      "quirks": ["q.bedrock_quirk('scorbunny_coterian', 'blink')"]
    },
    "walking": {
      "poseName": "walking",
      "poseTypes": ["WALK"],
      "animations": ["q.look('head')", "q.bedrock('scorbunny_coterian', 'ground_walk')"],
      "quirks": ["q.bedrock_quirk('scorbunny_coterian', 'blink')"]
    }
  }
}
