{
	"format_version": "1.12.0",
	"minecraft:geometry": [
		{
			"description": {
				"identifier": "geometry.yangino",
				"texture_width": 64,
				"texture_height": 64,
				"visible_bounds_width": 2,
				"visible_bounds_height": 3.5,
				"visible_bounds_offset": [0, 1.25, 0]
			},
			"bones": [
				{
					"name": "yangino",
					"pivot": [0, 0, 0]
				},
				{
					"name": "bone",
					"parent": "yangino",
					"pivot": [0, 0, 0]
				},
				{
					"name": "body",
					"parent": "bone",
					"pivot": [0, 7, 0],
					"cubes": [
						{"origin": [-3, 7, -2], "size": [6, 7, 4], "uv": [0, 19]}
					]
				},
				{
					"name": "arm",
					"parent": "body",
					"pivot": [4, 14, 0],
					"cubes": [
						{"origin": [3, 6, -1], "size": [2, 8, 2], "uv": [25, 19]}
					]
				},
				{
					"name": "arm2",
					"parent": "body",
					"pivot": [-4, 14, 0],
					"cubes": [
						{"origin": [-5, 6, -1], "size": [2, 8, 2], "uv": [25, 19], "mirror": true}
					]
				},
				{
					"name": "head",
					"parent": "body",
					"pivot": [0, 14, 0],
					"cubes": [
						{"origin": [-3.5, 14, -3.5], "size": [7, 7, 7], "uv": [10, 1]}
					]
				},
				{
					"name": "bone2",
					"parent": "head",
					"pivot": [-2.745, 17.4, -3.5005],
					"cubes": [
						{"origin": [-3.99, 22, -4.501], "size": [6, 3, 2], "uv": [41, 3]},
						{"origin": [-4, 17.4, -4.5], "size": [3, 5, 2], "uv": [42, 9]}
					]
				},
				{
					"name": "bone3",
					"parent": "head",
					"pivot": [-2.745, 30.4, -3.5005]
				},
				{
					"name": "leg2",
					"parent": "yangino",
					"pivot": [2, 8, 0],
					"cubes": [
						{"origin": [1, 0, -1], "size": [2, 8, 2], "uv": [25, 19]}
					]
				},
				{
					"name": "leg",
					"parent": "yangino",
					"pivot": [-2, 8, 0],
					"cubes": [
						{"origin": [-3, 0, -1], "size": [2, 8, 2], "uv": [25, 19], "mirror": true}
					]
				}
			]
		}
	]
}