{
	"format_version": "1.12.0",
	"minecraft:geometry": [
		{
			"description": {
				"identifier": "geometry.ramiel",
				"texture_width": 32,
				"texture_height": 32,
				"visible_bounds_width": 2,
				"visible_bounds_height": 2.5,
				"visible_bounds_offset": [0, 0.75, 0]
			},
			"bones": [
				{
					"name": "ramiel",
					"pivot": [0, 0, 0],
					"rotation": [0, 45, 0]
				},
				{
					"name": "body",
					"parent": "ramiel",
					"pivot": [0, 0, 0]
				},
				{
					"name": "upperDome",
					"parent": "body",
					"pivot": [0, 4, 0],
					"cubes": [
						{"origin": [-3, 4, -3], "size": [6, 0, 5], "pivot": [-2, 4, -3], "rotation": [53.5, 0, 0], "uv": [15, 0]},
						{"origin": [2, 4, 2], "size": [6, 0, 5], "pivot": [3, 4, 2], "rotation": [0, 90, -127], "uv": [15, 0]},
						{"origin": [-6, 4, 0], "size": [6, 0, 5], "pivot": [-3, 4, 0], "rotation": [-53.5, -90, -180], "uv": [15, 0]},
						{"origin": [-3, 4, 3], "size": [6, 0, 5], "pivot": [0, 4, 3], "rotation": [-127, 0, -180], "uv": [15, 0]},
						{"origin": [-3, 4, 3], "size": [6, 0, 6], "pivot": [0, 4, 3], "rotation": [180, 0, -180], "uv": [14, 5]}
					]
				},
				{
					"name": "lowerDome",
					"parent": "body",
					"pivot": [0, 8, 0],
					"rotation": [0, 90, -180],
					"cubes": [
						{"origin": [-3, 12, -3], "size": [6, 0, 5], "pivot": [-2, 12, -3], "rotation": [53.5, 0, 0], "uv": [15, 0]},
						{"origin": [2, 12, 2], "size": [6, 0, 5], "pivot": [3, 12, 2], "rotation": [0, 90, -127], "uv": [15, 0]},
						{"origin": [-6, 12, 0], "size": [6, 0, 5], "pivot": [-3, 12, 0], "rotation": [-53.5, -90, -180], "uv": [15, 0]},
						{"origin": [-3, 12, 3], "size": [6, 0, 5], "pivot": [0, 12, 3], "rotation": [-127, 0, -180], "uv": [15, 0]},
						{"origin": [-3, 12, 3], "size": [6, 0, 6], "pivot": [0, 12, 3], "rotation": [180, 0, -180], "uv": [14, 5]}
					]
				},
				{
					"name": "core",
					"parent": "body",
					"pivot": [0, 3, 0],
					"cubes": [
						{"origin": [-1, 3, -1], "size": [2, 2, 2], "pivot": [0, 3, 0], "rotation": [0, -45, 0], "uv": [12, 2]}
					]
				}
			]
		}
	]
}