{
	"format_version": "1.8.0",
	"animations": {
		"animation.keylem.ground_idle": {
			"loop": true,
			"animation_length": 4,
			"bones": {
				"head": {
					"rotation": {
						"0.0": [0, 0, 0],
						"1.0": [7.43656, 0.9762, 5.06344],
						"2.0": [0, 0, 0],
						"3.0": [7.45392, -1.08089, -7.61794],
						"4.0": [0, 0, 0]
					}
				}
			}
		},
		"animation.keylem.ground_walk": {
			"loop": true,
			"animation_length": 1.04,
			"bones": {
				"head": {
					"rotation": {
						"0.0": [5, 0, 5],
						"0.28": [0, 0, 0],
						"0.52": [4.98107, 0.43523, -4.98107],
						"0.8": [0, 0, 0],
						"1.04": [5, 0, 5]
					}
				},
				"leg": {
					"rotation": {
						"0.0": [-25, 0, 0],
						"0.28": [0, 0, 0],
						"0.52": [25, 0, 0],
						"0.8": [0, 0, 0],
						"1.04": [-25, 0, 0]
					}
				},
				"leg2": {
					"rotation": {
						"0.0": [25, 0, 0],
						"0.28": [0, 0, 0],
						"0.52": [-25, 0, 0],
						"0.8": [0, 0, 0],
						"1.04": [25, 0, 0]
					}
				}
			}
		}
	}
}