{
	"format_version": "1.12.0",
	"minecraft:geometry": [
		{
			"description": {
				"identifier": "geometry.hydron",
				"texture_width": 64,
				"texture_height": 64,
				"visible_bounds_width": 3,
				"visible_bounds_height": 2.5,
				"visible_bounds_offset": [0, 0.75, 0]
			},
			"bones": [
				{
					"name": "hydron",
					"pivot": [0, 0, 0]
				},
				{
					"name": "body",
					"parent": "hydron",
					"pivot": [0, -5, 0],
					"cubes": [
						{"origin": [-2.5, 2.35, -3], "size": [5, 7, 5], "uv": [0, 0]}
					]
				},
				{
					"name": "head",
					"parent": "body",
					"pivot": [-0.225, 6.14688, -3.05917],
					"cubes": [
						{"origin": [-2.5, 4.2, -7], "size": [5, 4, 4], "uv": [0, 12]},
						{"origin": [-2.5, 7.525, -7.375], "size": [2, 1, 1], "pivot": [-1.5, 8.025, -6.875], "rotation": [0, 0, -12], "uv": [16, 30]},
						{"origin": [0.5, 7.525, -7.375], "size": [2, 1, 1], "pivot": [1.5, 8.025, -6.875], "rotation": [0, 0, 12], "uv": [30, 30]},
						{"origin": [-2.225, 5.55, -7.025], "size": [2, 2, 0], "uv": [0, 20]},
						{"origin": [0.225, 5.55, -7.025], "size": [2, 2, 0], "uv": [0, 0]},
						{"origin": [-1.525, 4.7, -8.05], "size": [1, 1, 0], "pivot": [-1.5, 5.025, -7.55], "rotation": [8, 0, 0], "uv": [16, 30]},
						{"origin": [-2, 4.20822, -8.01185], "size": [4, 2, 2], "pivot": [0, 5.20822, -7.01185], "rotation": [8, 0, 0], "uv": [14, 26]},
						{"origin": [0.525, 4.7, -8.05], "size": [1, 1, 0], "pivot": [-1.5, 5.025, -7.55], "rotation": [8, 0, 0], "uv": [16, 30]},
						{"origin": [-2.475, 7.4, -5.75], "size": [0, 3, 2], "pivot": [-2.475, 8.2, -4.75], "rotation": [0, 0, -12.5], "uv": [0, 0]},
						{"origin": [-2.475, 2.95, -6.75], "size": [0, 2, 1.5], "pivot": [-2.475, 3.95, -6], "rotation": [-26.25, 0, 0], "uv": [14, 11]},
						{"origin": [2.475, 2.95, -6.75], "size": [0, 2, 1.5], "pivot": [2.475, 3.95, -6], "rotation": [-26.25, 0, 0], "uv": [14, 11], "mirror": true},
						{"origin": [2.475, 7.4, -5.75], "size": [0, 3, 2], "pivot": [2.475, 8.2, -4.75], "rotation": [0, 0, 12.5], "uv": [0, 10]}
					]
				},
				{
					"name": "jaw",
					"parent": "head",
					"pivot": [0, 3.7, -3],
					"rotation": [2.5, 0, 0],
					"cubes": [
						{"origin": [-2, 3.2, -7], "size": [4, 1, 4], "uv": [15, 0]}
					]
				},
				{
					"name": "body2",
					"parent": "body",
					"pivot": [0, 5.96252, 1.80833],
					"cubes": [
						{"origin": [-2, 2.75, 2], "size": [4, 6, 4], "uv": [14, 16]},
						{"origin": [-4.5, 2.35, 4.025], "size": [3, 0, 2], "pivot": [-2.525, 2.85, 4.025], "rotation": [0, 0, -22.5], "uv": [28, 23]},
						{"origin": [1.5, 2.35, 4.025], "size": [3, 0, 2], "pivot": [2.525, 2.85, 4.025], "rotation": [0, 0, 22.5], "uv": [8, 26]}
					]
				},
				{
					"name": "body3",
					"parent": "body2",
					"pivot": [0, 6, 6],
					"cubes": [
						{"origin": [-1.5, 4, 6], "size": [3, 4, 4], "uv": [16, 8]}
					]
				},
				{
					"name": "body4",
					"parent": "body3",
					"pivot": [0, 6, 10],
					"cubes": [
						{"origin": [-1, 4.5, 10], "size": [2, 3, 4], "uv": [26, 5]}
					]
				},
				{
					"name": "body5",
					"parent": "body4",
					"pivot": [0, -4, 0],
					"cubes": [
						{"origin": [-1, 5, 14], "size": [2, 2, 2], "uv": [10, 30]},
						{"origin": [-1, 7.35, 12.525], "size": [3, 0, 3], "pivot": [0, 7.35, 14.525], "rotation": [0, 0, -90], "uv": [23, 26]},
						{"origin": [2, 7.35, 13.525], "size": [2, 0, 2], "pivot": [0, 7.35, 14.525], "rotation": [0, 0, -90], "uv": [13, 2]},
						{"origin": [-1, 5.35, 12.525], "size": [3, 0, 3], "pivot": [0, 5.35, 14.525], "rotation": [0, 0, 90], "uv": [17, 5]},
						{"origin": [2, 5.35, 13.525], "size": [2, 0, 2], "pivot": [0, 5.35, 14.525], "rotation": [0, 0, 90], "uv": [13, 0]}
					]
				},
				{
					"name": "fin_left",
					"parent": "body",
					"pivot": [0, -5, 0],
					"cubes": [
						{"origin": [2.5, 8.35, -2.975], "size": [3, 0, 4], "pivot": [2.5, 8.35, 0.025], "rotation": [0, 0, -35], "uv": [22, 16]}
					]
				},
				{
					"name": "fin_left2",
					"parent": "fin_left",
					"pivot": [2.5, 8.35, 0.025],
					"cubes": [
						{"origin": [5.5, 8.35, -1.975], "size": [3, 0, 3], "pivot": [2.5, 8.35, 0.025], "rotation": [0, 0, -35], "uv": [27, 12]}
					]
				},
				{
					"name": "fin_left3",
					"parent": "fin_left2",
					"pivot": [2.5, 8.35, 0.025],
					"cubes": [
						{"origin": [8.5, 8.35, -0.975], "size": [2, 0, 2], "pivot": [2.5, 8.35, 0.025], "rotation": [0, 0, -35], "uv": [8, 20]}
					]
				},
				{
					"name": "fin_right",
					"parent": "body",
					"pivot": [0, -5, 0],
					"cubes": [
						{"origin": [-5.5, 8.35, -2.975], "size": [3, 0, 4], "pivot": [-2.5, 8.35, 0.025], "rotation": [0, 0, 35], "uv": [23, 0]}
					]
				},
				{
					"name": "fin_right2",
					"parent": "fin_right",
					"pivot": [0, -5, 0],
					"cubes": [
						{"origin": [-7.9566, 10.07268, -1.975], "size": [3, 0, 3], "pivot": [-4.96012, 10.07306, -0.225], "rotation": [0, 0, 35], "uv": [27, 20]}
					]
				},
				{
					"name": "fin_right3",
					"parent": "fin_right2",
					"pivot": [0, -5, 0],
					"cubes": [
						{"origin": [-9.9566, 10.07268, -0.975], "size": [2, 0, 2], "pivot": [-4.96012, 10.07306, -0.225], "rotation": [0, 0, 35], "uv": [8, 22]}
					]
				},
				{
					"name": "flipper_right",
					"parent": "body",
					"pivot": [0, -5, 0],
					"cubes": [
						{"origin": [-4.5, 2.35, -2.975], "size": [3, 1, 4], "pivot": [-2.525, 2.85, -0.975], "rotation": [0, 0, -22.5], "uv": [0, 20]}
					]
				},
				{
					"name": "flipper_right2",
					"parent": "flipper_right",
					"pivot": [0, -5, 0],
					"cubes": [
						{"origin": [-6.5, 2.35, -1.975], "size": [2, 1, 3], "pivot": [-2.525, 2.85, -0.475], "rotation": [0, 0, -22.5], "uv": [23, 29]}
					]
				},
				{
					"name": "flipper_right3",
					"parent": "flipper_right2",
					"pivot": [0, -5, 0],
					"cubes": [
						{"origin": [-8.5, 2.35, -0.975], "size": [2, 1, 2], "pivot": [-2.525, 2.85, 0.025], "rotation": [0, 0, -22.5], "uv": [30, 27]}
					]
				},
				{
					"name": "flipper_left",
					"parent": "body",
					"pivot": [0, -5, 0],
					"cubes": [
						{"origin": [1.5, 2.35, -2.975], "size": [3, 1, 4], "pivot": [2.525, 2.85, -0.975], "rotation": [0, 0, 22.5], "uv": [0, 25]}
					]
				},
				{
					"name": "flipper_left2",
					"parent": "flipper_left",
					"pivot": [2.525, 2.85, -0.975],
					"cubes": [
						{"origin": [4.5, 2.35, -1.975], "size": [2, 1, 3], "pivot": [2.525, 2.85, -0.475], "rotation": [0, 0, 22.5], "uv": [0, 30]}
					]
				},
				{
					"name": "flipper_left3",
					"parent": "flipper_left2",
					"pivot": [2.525, 2.85, -0.475],
					"cubes": [
						{"origin": [6.5, 2.35, -0.975], "size": [2, 1, 2], "pivot": [2.525, 2.85, 0.025], "rotation": [0, 0, 22.5], "uv": [31, 2]}
					]
				}
			]
		}
	]
}