{
	"format_version": "1.12.0",
	"minecraft:geometry": [
		{
			"description": {
				"identifier": "geometry.kirlia",
				"texture_width": 64,
				"texture_height": 32,
				"visible_bounds_width": 3,
				"visible_bounds_height": 2.5,
				"visible_bounds_offset": [0, 0.75, 0]
			},
			"bones": [
				{
					"name": "Kirlia",
					"pivot": [0, -1, 0]
				},
				{
					"name": "body",
					"parent": "Kirlia",
					"pivot": [0, 11, 0]
				},
				{
					"name": "torso",
					"parent": "body",
					"pivot": [0, 8, 0],
					"cubes": [
						{"origin": [-2, 8, -1.5], "size": [4, 3, 3], "uv": [35, 12]}
					]
				},
				{
					"name": "skirt",
					"parent": "torso",
					"pivot": [0, -1, 0.5]
				},
				{
					"name": "skirt_left",
					"parent": "skirt",
					"pivot": [2, 11, 0],
					"rotation": [0, 0, -40],
					"cubes": [
						{"origin": [2, 6, -1.5], "size": [0, 5, 3], "pivot": [2, 11, 0], "rotation": [0, 0, -2.5], "uv": [50, 9]},
						{"origin": [2.2181, 5.00571, -0.5], "size": [0, 1, 1], "pivot": [2.23991, 6.00523, 0], "rotation": [0, 0, -45], "uv": [46, 17]},
						{"origin": [-1, 6, -1.51], "size": [3, 5, 0], "pivot": [2, 11, -1.5], "rotation": [0, 0, 5], "uv": [50, 17]},
						{"origin": [0.56993, 5.15357, -1.51], "size": [1, 1, 0], "pivot": [0.02635, 6.15166, -1.51], "rotation": [-22.5, 0, 5], "uv": [40, 22]},
						{"origin": [-1, 6, 1.51], "size": [3, 5, 0], "pivot": [2, 11, 1.5], "rotation": [0, 0, 5], "uv": [58, 20]},
						{"origin": [-1.43007, 5.15357, 1.51], "size": [1, 1, 0], "pivot": [0.02635, 6.15166, 1.51], "rotation": [22.5, 0, 5], "uv": [40, 22]},
						{"origin": [0.56993, 5.15357, 1.51], "size": [1, 1, 0], "pivot": [0.02635, 6.15166, 1.51], "rotation": [22.5, 0, 5], "uv": [40, 22]}
					]
				},
				{
					"name": "skirt_right",
					"parent": "skirt",
					"pivot": [-2, 11, 0],
					"rotation": [0, 0, 40],
					"cubes": [
						{"origin": [-2, 6, -1.5], "size": [0, 5, 3], "pivot": [-2, 11, 0], "rotation": [0, 0, 2.5], "uv": [44, 15], "mirror": true},
						{"origin": [-2.2181, 5.00571, -0.5], "size": [0, 1, 1], "pivot": [-2.23991, 6.00523, 0], "rotation": [0, 0, 45], "uv": [46, 17], "mirror": true},
						{"origin": [-2, 6, -1.51], "size": [3, 5, 0], "pivot": [-2, 11, -1.5], "rotation": [0, 0, -5], "uv": [38, 18], "mirror": true},
						{"origin": [-1.56993, 5.15357, -1.51], "size": [1, 1, 0], "pivot": [-0.02635, 6.15166, -1.51], "rotation": [-22.5, 0, -5], "uv": [40, 22], "mirror": true},
						{"origin": [-2, 6, 1.51], "size": [3, 5, 0], "pivot": [-2, 11, 0], "rotation": [0, 0, -5], "uv": [32, 18], "mirror": true},
						{"origin": [0.43007, 5.15357, 1.51], "size": [1, 1, 0], "pivot": [-0.02635, 6.15166, 1.51], "rotation": [22.5, 0, -5], "uv": [40, 22], "mirror": true},
						{"origin": [-1.56993, 5.15357, 1.51], "size": [1, 1, 0], "pivot": [-0.02635, 6.15166, 1.51], "rotation": [22.5, 0, -5], "uv": [40, 22], "mirror": true}
					]
				},
				{
					"name": "chest",
					"parent": "torso",
					"pivot": [0, 11, 1],
					"cubes": [
						{"origin": [-1, 10, -1], "size": [2, 4, 2], "inflate": 0.01, "uv": [38, 3]},
						{"origin": [0, 10.3, -1], "size": [1, 3, 2], "pivot": [0, 13, 0], "rotation": [0, 0, -24], "uv": [44, 0]},
						{"origin": [-1, 10.3, -1], "size": [1, 3, 2], "pivot": [0, 13, 0], "rotation": [0, 0, 24], "uv": [50, 0], "mirror": true}
					]
				},
				{
					"name": "arms",
					"parent": "chest",
					"pivot": [0, 13.5, 0]
				},
				{
					"name": "arm_left",
					"parent": "arms",
					"pivot": [1, 14, 0],
					"cubes": [
						{"origin": [1, 13, -0.5], "size": [4, 1, 1], "uv": [54, 0]}
					]
				},
				{
					"name": "arm_left2",
					"parent": "arm_left",
					"pivot": [5, 14, 0.5],
					"cubes": [
						{"origin": [5, 13, -0.5], "size": [1, 1, 1], "inflate": 0.01, "uv": [56, 2]}
					]
				},
				{
					"name": "arm_left3",
					"parent": "arm_left2",
					"pivot": [6, 14, 0.5],
					"cubes": [
						{"origin": [6, 13, -1], "size": [4, 1, 2], "inflate": 0.02, "uv": [52, 7]}
					]
				},
				{
					"name": "arm_right",
					"parent": "arms",
					"pivot": [-1, 14, 0],
					"cubes": [
						{"origin": [-5, 13, -0.5], "size": [4, 1, 1], "uv": [46, 5], "mirror": true}
					]
				},
				{
					"name": "arm_right2",
					"parent": "arm_right",
					"pivot": [-5, 14, 0.5],
					"cubes": [
						{"origin": [-6, 13, -0.5], "size": [1, 1, 1], "inflate": 0.01, "uv": [60, 2], "mirror": true}
					]
				},
				{
					"name": "arm_right3",
					"parent": "arm_right2",
					"pivot": [-6, 14, 0.5],
					"cubes": [
						{"origin": [-10, 13, -1], "size": [4, 1, 2], "inflate": 0.02, "uv": [42, 9], "mirror": true}
					]
				},
				{
					"name": "neck",
					"parent": "chest",
					"pivot": [0, 14, 0],
					"cubes": [
						{"origin": [-0.5, 13.5, -0.5], "size": [1, 2, 1], "uv": [38, 0]}
					]
				},
				{
					"name": "head",
					"parent": "neck",
					"pivot": [0, 15, -0.5],
					"cubes": [
						{"origin": [-3, 15, -2.5], "size": [6, 6, 6], "pivot": [0, 18, 0.5], "rotation": [0, 45, 0], "uv": [0, 0]},
						{"origin": [1.35, 22.15, -2.5], "size": [5, 0, 5], "pivot": [4.35, 22.15, 0], "rotation": [0, 0, -55], "uv": [13, 0]},
						{"origin": [-6.35, 22.15, -2.5], "size": [5, 0, 5], "pivot": [-4.35, 22.15, 0], "rotation": [0, 0, 55], "uv": [23, 0], "mirror": true}
					]
				},
				{
					"name": "eyes",
					"parent": "head",
					"pivot": [0, 16.5, 3.75]
				},
				{
					"name": "eye_left",
					"parent": "eyes",
					"pivot": [2.75, 16.75, -1.45],
					"rotation": [0, -45, 0]
				},
				{
					"name": "eye_left_rotation",
					"parent": "eye_left",
					"pivot": [3, 17.75, -1.15],
					"rotation": [0, 0, -5],
					"cubes": [
						{"origin": [1.2, 16, -1.16], "size": [3, 3, 0], "uv": [0, 0]}
					]
				},
				{
					"name": "pupil_left",
					"parent": "eye_left_rotation",
					"pivot": [2.15, 17.5, -1.17],
					"cubes": [
						{"origin": [1.67274, 16.47916, -1.17], "size": [1, 2, 0], "uv": [0, 3]}
					]
				},
				{
					"name": "eye_shine_left",
					"parent": "eye_left_rotation",
					"pivot": [2.75, 18, -1.18],
					"cubes": [
						{"origin": [2.25, 17.5, -1.18], "size": [1, 1, 0], "uv": [2, 3]}
					]
				},
				{
					"name": "eyelid_left",
					"parent": "eye_left_rotation",
					"pivot": [2.75, 17.5, -0.58],
					"cubes": [
						{"origin": [1.2, 16, -1.08], "size": [3, 3, 1], "inflate": 0.01, "uv": [24, 5]}
					]
				},
				{
					"name": "eye_right",
					"parent": "eyes",
					"pivot": [-2.75, 16.75, -1.45],
					"rotation": [0, 45, 0]
				},
				{
					"name": "eye_right_rotation",
					"parent": "eye_right",
					"pivot": [-3, 17.75, -1.15],
					"rotation": [0, 0, 5],
					"cubes": [
						{"origin": [-4.2, 16, -1.16], "size": [3, 3, 0], "uv": [0, 12], "mirror": true}
					]
				},
				{
					"name": "pupil_right",
					"parent": "eye_right_rotation",
					"pivot": [-2.15, 17.5, -1.17],
					"cubes": [
						{"origin": [-2.67274, 16.47916, -1.17], "size": [1, 2, 0], "uv": [0, 15], "mirror": true}
					]
				},
				{
					"name": "eye_shine_right",
					"parent": "eye_right_rotation",
					"pivot": [-2.75, 18, -1.18],
					"cubes": [
						{"origin": [-3.25, 17.5, -1.18], "size": [1, 1, 0], "uv": [2, 15], "mirror": true}
					]
				},
				{
					"name": "eyelid_right",
					"parent": "eye_right_rotation",
					"pivot": [-2.85, 17.5, -0.58],
					"cubes": [
						{"origin": [-4.2, 16, -1.08], "size": [3, 3, 1], "inflate": 0.01, "uv": [24, 9], "mirror": true}
					]
				},
				{
					"name": "hair",
					"parent": "head",
					"pivot": [0, 18.6, -0.4],
					"rotation": [7.5, 0, 0],
					"cubes": [
						{"origin": [-3, 15.6, -3.4], "size": [6, 6, 6], "inflate": 0.01, "pivot": [0, 18.6, -0.4], "rotation": [0, 45, 0], "uv": [0, 12]},
						{"origin": [0, 21.6, -1.4], "size": [1, 1, 0], "inflate": 0.01, "pivot": [0, 18.6, -0.4], "rotation": [0, 45, 0], "uv": [0, 5]},
						{"origin": [1, 21.6, -1.4], "size": [0, 1, 1], "inflate": 0.01, "pivot": [0, 18.6, -0.4], "rotation": [0, 45, 0], "uv": [0, 4]},
						{"origin": [0, 22.6, -1.4], "size": [1, 1, 0], "inflate": 0.01, "pivot": [0, 18.6, -0.4], "rotation": [0, 45, 0], "uv": [2, 5]},
						{"origin": [1, 22.6, -1.4], "size": [0, 1, 1], "inflate": 0.01, "pivot": [0, 18.6, -0.4], "rotation": [0, 45, 0], "uv": [2, 4]},
						{"origin": [-1, 21.6, -3.4], "size": [1, 1, 0], "inflate": 0.01, "pivot": [0, 18.6, -0.4], "rotation": [0, 45, 0], "uv": [0, 5]},
						{"origin": [3, 21.6, -0.4], "size": [0, 1, 1], "inflate": 0.01, "pivot": [0, 18.6, -0.4], "rotation": [0, 45, 0], "uv": [0, 4]}
					]
				},
				{
					"name": "hair_sides",
					"parent": "head",
					"pivot": [1, 19, -3.5]
				},
				{
					"name": "hair_side_left",
					"parent": "hair_sides",
					"pivot": [3.85, 19.6, 0.2],
					"rotation": [0, 0, -15],
					"cubes": [
						{"origin": [3.85, 12.6, -2.7], "size": [0, 7, 6], "uv": [0, 18]}
					]
				},
				{
					"name": "hair_side_right",
					"parent": "hair_sides",
					"pivot": [-3.85, 19.6, 0.2],
					"rotation": [0, 0, 15],
					"cubes": [
						{"origin": [-3.85, 12.6, -2.7], "size": [0, 7, 6], "uv": [12, 18], "mirror": true}
					]
				},
				{
					"name": "legs",
					"parent": "body",
					"pivot": [0, 8, 0.5]
				},
				{
					"name": "leg_left",
					"parent": "legs",
					"pivot": [1.3, 8, 0],
					"cubes": [
						{"origin": [0.8, 4, -0.5], "size": [1, 4, 1], "uv": [60, 10]}
					]
				},
				{
					"name": "leg_left2",
					"parent": "leg_left",
					"pivot": [1.3, 4.1, -0.5],
					"cubes": [
						{"origin": [0.8, 0, -0.5], "size": [1, 4, 1], "inflate": 0.05, "uv": [60, 15]}
					]
				},
				{
					"name": "leg_right",
					"parent": "legs",
					"pivot": [-1.3, 8, 0],
					"cubes": [
						{"origin": [-1.8, 4, -0.5], "size": [1, 4, 1], "uv": [56, 10], "mirror": true}
					]
				},
				{
					"name": "leg_right2",
					"parent": "leg_right",
					"pivot": [-1.3, 4.1, -0.5],
					"cubes": [
						{"origin": [-1.8, 0, -0.5], "size": [1, 4, 1], "inflate": 0.05, "uv": [56, 15], "mirror": true}
					]
				}
			]
		}
	]
}