{
  "species": "cobblemon:magearna",
  "order": 0,
  "variations": [
    {
      "aspects": [],
      "poser": "cobblemon:magearna",
      "model": "cobblemon:magearna.geo",
      "texture": "cobblemon:textures/pokemon/magearna/magearna.png",
      "layers": [
	  {
			"name": "glow",
			"texture": "cobblemon:textures/pokemon/magearna/magearna_emissive_origin.png",
			"emissive": true
	  }
	  ]
    },
    {
      "aspects": [
        "shiny"
      ],
      "texture": "cobblemon:textures/pokemon/magearna/magearna_shiny.png"
    }
  ]
}