{
	"format_version": "1.12.0",
	"minecraft:geometry": [
		{
			"description": {
				"identifier": "geometry.qwilprism",
				"texture_width": 64,
				"texture_height": 64,
				"visible_bounds_width": 3,
				"visible_bounds_height": 2.5,
				"visible_bounds_offset": [0, 0.75, 0]
			},
			"bones": [
				{
					"name": "qwilprism",
					"pivot": [0, 0, 0]
				},
				{
					"name": "body",
					"parent": "qwilprism",
					"pivot": [0, 0, 0]
				},
				{
					"name": "torso",
					"parent": "body",
					"pivot": [0, 0, 0]
				},
				{
					"name": "head",
					"parent": "torso",
					"pivot": [0, 3, -2.80556],
					"cubes": [
						{"origin": [-3, 0, -6], "size": [6, 6, 6], "uv": [0, 0]},
						{"origin": [-2, 1, 0], "size": [4, 4, 1], "uv": [0, 24]},
						{"origin": [-6, 1, -7], "size": [4, 0, 3], "uv": [17, 21]},
						{"origin": [2, 1, -7], "size": [4, 0, 3], "uv": [21, 9]},
						{"origin": [2, 1, -2], "size": [4, 0, 3], "uv": [21, 6]},
						{"origin": [-6, 1, -2], "size": [4, 0, 3], "uv": [9, 21]},
						{"origin": [2, 5, -2], "size": [4, 0, 3], "uv": [15, 0]},
						{"origin": [-6, 5, -2], "size": [4, 0, 3], "uv": [15, 3]},
						{"origin": [-6, 5, -7], "size": [4, 0, 3], "uv": [17, 12]},
						{"origin": [2, 5, -7], "size": [4, 0, 3], "uv": [17, 15]},
						{"origin": [2, 5, -7], "size": [0, 4, 3], "uv": [28, 9]},
						{"origin": [2, 5, -2], "size": [0, 4, 3], "uv": [0, 26]},
						{"origin": [-2, 5, -2], "size": [0, 4, 3], "uv": [16, 25]},
						{"origin": [-2, 5, -7], "size": [0, 4, 3], "uv": [22, 25]},
						{"origin": [-2, -3, -2], "size": [0, 4, 3], "uv": [10, 21]},
						{"origin": [2, -3, -2], "size": [0, 4, 3], "uv": [16, 21]},
						{"origin": [-2, -3, -7], "size": [0, 4, 3], "uv": [22, 21]},
						{"origin": [2, -3, -7], "size": [0, 4, 3], "uv": [10, 25]}
					]
				},
				{
					"name": "tail",
					"parent": "head",
					"pivot": [0, 2.75, 1],
					"cubes": [
						{"origin": [-1.5, 1.25, 1], "size": [3, 3, 4], "uv": [10, 14]}
					]
				},
				{
					"name": "lowertail",
					"parent": "tail",
					"pivot": [0, 2.25, 5],
					"cubes": [
						{"origin": [-1, 1.25, 5], "size": [2, 2, 4], "uv": [0, 18]}
					]
				},
				{
					"name": "tailfin",
					"parent": "lowertail",
					"pivot": [0, 2.25, 8.5],
					"cubes": [
						{"origin": [0, -0.75, 8.5], "size": [0, 6, 7], "uv": [0, 5]}
					]
				},
				{
					"name": "eyelid",
					"parent": "head",
					"pivot": [0, 3.5, -5.15],
					"cubes": [
						{"origin": [-2, 2, -5.15], "size": [4, 3, 0], "uv": [24, 18]}
					]
				}
			]
		}
	]
}