{
	"format_version": "1.12.0",
	"minecraft:geometry": [
		{
			"description": {
				"identifier": "geometry.bug",
				"texture_width": 32,
				"texture_height": 32,
				"visible_bounds_width": 3,
				"visible_bounds_height": 2.5,
				"visible_bounds_offset": [0, 0.75, 0]
			},
			"bones": [
				{
					"name": "bug",
					"pivot": [0, 0, 0]
				},
				{
					"name": "Body",
					"parent": "bug",
					"pivot": [0, 3.4, 1.3],
					"cubes": [
						{"origin": [-2, 1.58458, -1.15539], "size": [4, 3, 5], "pivot": [0, 3, 2], "rotation": [-15, 0, 0], "uv": [0, 0]}
					]
				},
				{
					"name": "tail",
					"parent": "Body",
					"pivot": [0, 2.8, 3.7],
					"cubes": [
						{"origin": [-1, 2.2, 3], "size": [2, 2, 5], "pivot": [0, 0, 0], "rotation": [-2.5, 0, 0], "uv": [11, 8]},
						{"origin": [-0.7, -4, 9.2], "size": [0, 6, 1], "pivot": [-0.7, 1, 8.5], "rotation": [90, -10, 0], "uv": [6, 15]},
						{"origin": [0.7, -4, 9.2], "size": [0, 6, 1], "pivot": [0.7, 1, 8.5], "rotation": [90, 10, 0], "uv": [8, 15]}
					]
				},
				{
					"name": "Wingr",
					"parent": "tail",
					"pivot": [0.9552, 4.05653, 4.2],
					"cubes": [
						{"origin": [0.7585, 3.25541, 4.1], "size": [0, 2, 8], "pivot": [1.0585, 4.35541, 8.1], "rotation": [0, 0, -52.5], "uv": [0, 2]}
					]
				},
				{
					"name": "WingL",
					"parent": "tail",
					"pivot": [-0.7552, 4.05653, 4.1],
					"cubes": [
						{"origin": [-0.7585, 3.25541, 4.1], "size": [0, 2, 8], "pivot": [-1.0585, 4.35541, 8.1], "rotation": [0, 0, 52.5], "uv": [0, 0]}
					]
				},
				{
					"name": "Neck",
					"parent": "Body",
					"pivot": [0, 4.7, -0.5],
					"cubes": [
						{"origin": [-1, 4, -3], "size": [2, 2, 3], "uv": [13, 0]}
					]
				},
				{
					"name": "Head",
					"parent": "Body",
					"pivot": [0, 5, -3.1],
					"cubes": [
						{"origin": [-1, 5, -5], "size": [2, 2, 2], "uv": [10, 15]},
						{"origin": [-1, 3, -4], "size": [2, 3, 1], "uv": [18, 15]},
						{"origin": [-1.8, 3.9, -7.2], "size": [1, 2, 2], "pivot": [0, 0, 0], "rotation": [-20, 0, 0], "uv": [0, 16]},
						{"origin": [0.2, 3.9, -6.6], "size": [1, 1, 1], "pivot": [0, 0, 0], "rotation": [-20, 0, 0], "uv": [0, 0]}
					]
				},
				{
					"name": "AntennaL",
					"parent": "Head",
					"pivot": [-0.34967, 7.03435, -4.42393],
					"cubes": [
						{"origin": [-0.4, 6.8, -10.4], "size": [0, 1, 6], "pivot": [1, 7.5, -5], "rotation": [-47.5, 12.5, 0], "uv": [0, 9]}
					]
				},
				{
					"name": "AntennaR",
					"parent": "Head",
					"pivot": [0.34967, 6.93435, -4.62393],
					"cubes": [
						{"origin": [0.4, 6.8, -10.4], "size": [0, 1, 6], "pivot": [-1, 7.5, -5], "rotation": [-47.5, -12.5, 0], "uv": [0, 6]}
					]
				},
				{
					"name": "Glitch1",
					"parent": "Body",
					"pivot": [0, 0, 0],
					"cubes": [
						{"origin": [-6.2078, 7.25651, 7.86644], "size": [2, 2, 0], "uv": [2, 23]}
					]
				},
				{
					"name": "Glitch3",
					"parent": "Body",
					"pivot": [0, 0, 0],
					"cubes": [
						{"origin": [-7, 0, 3], "size": [3, 3, 0], "uv": [9, 23]}
					]
				},
				{
					"name": "Glitch2",
					"parent": "Body",
					"pivot": [0, 0, 0],
					"cubes": [
						{"origin": [-6.74192, 2.31225, 5.72761], "size": [1, 1, 0], "uv": [1, 28]}
					]
				},
				{
					"name": "Glitch4",
					"parent": "Body",
					"pivot": [0, 0, 0],
					"cubes": [
						{"origin": [4, 0, 0], "size": [1, 1, 0], "uv": [28, 23]}
					]
				},
				{
					"name": "Glitch5",
					"parent": "Body",
					"pivot": [0, 0, 0],
					"cubes": [
						{"origin": [4, 0, 1], "size": [3, 3, 0], "uv": [16, 29]}
					]
				},
				{
					"name": "Glitch6",
					"parent": "Body",
					"pivot": [0, 0, 0],
					"cubes": [
						{"origin": [4, 0, -1], "size": [2, 2, 0], "uv": [23, 29]}
					]
				}
			]
		}
	]
}