{
 "species": "cobblemon:mysteryegg",
 "order": 0,
 "variations": [
   {
     "aspects": [],
     "poser": "cobblemon:mysteryegg",
     "model": "cobblemon:mysteryegg.geo",
     "texture": "cobblemon:textures/pokemon/mysteryegg/mysteryegg.png",
     "layers": [
	         {
              "name": "emissive",
              "emissive": true,
              "texture": "cobblemon:textures/pokemon/mysteryegg/mysteryegg_emissive.png",
              "translucent": true
			},
      {
        "name": "transparent",
        "texture": "cobblemon:textures/pokemon/mysteryegg/mysteryegg_transparent.png",
        "translucent": true
}
		]
   },
   {
     "aspects": [
       "shiny"
     ],
     "texture": "cobblemon:textures/pokemon/mysteryegg/mysteryegg_shiny.png",
	 "layers": [
	 	         {
              "name": "emissive",
              "emissive": true,
              "texture": "cobblemon:textures/pokemon/mysteryegg/mysteryegg_shiny_emissive.png",
              "translucent": true
			},
      {
        "name": "transparent",
        "texture": "cobblemon:textures/pokemon/mysteryegg/mysteryegg_shiny_transparent.png",
        "translucent": true

}
		]
	}
 ]
}