{
  "head": "head",
  "portraitScale": 1.6,
  "portraitTranslation": [0, 0, 0],
  "profileScale": 0.8,
  "profileTranslation": [0, 0.4, 0],
  "faint": "bedrock(carquette, faint)",
  "poses": {
    "standing": {
      "poseName": "standing",
      "transformTicks": 5,
      "poseTypes": [ "STAND", "NONE", "PORTRAIT", "PROFILE", "FLOAT" ],
      "animations": [ "look", "bedrock(carquette, ground_idle)" ]
    },
    "walking": {
      "poseName": "walking",
      "transformTicks": 5,
      "poseTypes": [ "WALK", "SWIM" ],
      "animations": [
        "look",
        "bedrock(carquette, ground_walk)"
      ]
    },
    "sleeping": {
      "poseName": "sleeping",
      "transformTicks": 10,
      "poseTypes": [
        "SLEEP"
      ],
      "animations": [
        "bedrock(carquette, sleep)"
      ]
    }
  }
  }
