{
  "head": "head",
  "portraitScale": 2,
  "portraitTranslation": [0, 0.6, 0],
  "profileScale": 0.7,
  "profileTranslation": [0, 0.8, 0],
  "faint": "bedrock(derbling, faint)",
  "poses": {
    "standing": {
      "poseName": "standing",
      "transformTicks": 5,
      "poseTypes": [ "STAND", "NONE", "PORTRAIT", "PROFILE", "FLOAT" ],
      "animations": [ "look", "bedrock(derbling, ground_idle)" ],
      "quirks": [
        {
          "name": "blink",
          "animations": [ "bedrock(derbling, blink)" ]
        }
      ]
    },
    "walking": {
      "poseName": "walking",
      "transformTicks": 5,
      "poseTypes": [ "WALK", "SWIM" ],
      "animations": [
        "look",
        "bedrock(derbling, ground_walk)"
      ],
      "quirks": [
        {
          "name": "blink",
          "animations": [ "bedrock(derbling, blink)" ]
        }
      ]
    },
      "sleeping": {
        "poseName": "sleeping",
        "transformTicks": 10,
        "poseTypes": [
          "SLEEP"
        ],
        "animations": [
          "bedrock(derbling, sleep)"
        ]
      }
    }
  }
