{
	"format_version": "1.12.0",
	"minecraft:geometry": [
		{
			"description": {
				"identifier": "geometry.unknown",
				"texture_width": 128,
				"texture_height": 128,
				"visible_bounds_width": 4,
				"visible_bounds_height": 3.5,
				"visible_bounds_offset": [0, 1.25, 0]
			},
			"bones": [
				{
					"name": "Heartree",
					"pivot": [-0.29651, 0.00242, 0.12995]
				},
				{
					"name": "body",
					"parent": "Heartree",
					"pivot": [-0.54651, 2.75242, -1.62005],
					"cubes": [
						{"origin": [-5.25, 2.25, -4], "size": [5, 8, 8], "uv": [26, 40]},
						{"origin": [-1.51105, 8.27466, -4.2728], "size": [2, 2, 2], "pivot": [-0.26105, 9.27466, -3.42282], "rotation": [2.5, 0, 7.5], "uv": [11, 73]},
						{"origin": [-0.76105, 7.23901, -4.01], "size": [1, 2, 0], "pivot": [0.23895, 7.73901, -4.20656], "rotation": [0, 0, -7.5], "uv": [37, 74]},
						{"origin": [-0.75, 1.75, -4], "size": [5, 8, 8], "inflate": -0.01, "uv": [0, 37]}
					]
				},
				{
					"name": "l_leg",
					"parent": "body",
					"pivot": [1.70349, 2.00242, -0.12005],
					"cubes": [
						{"origin": [0.75, 0, -1], "size": [2, 3, 2], "uv": [18, 37]}
					]
				},
				{
					"name": "r_leg",
					"parent": "body",
					"pivot": [-2.29651, 2.50242, 0.12995],
					"cubes": [
						{"origin": [-3.25, 0, -1], "size": [2, 4, 2], "uv": [33, 17]}
					]
				},
				{
					"name": "trunk",
					"parent": "body",
					"pivot": [-0.04651, 9.50242, -0.62005],
					"cubes": [
						{"origin": [-3, 8.5, -3.5], "size": [6, 7, 6], "pivot": [-0.5, 12, 0], "rotation": [-5, 0, 7.5], "uv": [46, 50]},
						{"origin": [-1.5, 9.25, -4.25], "size": [3, 4, 2], "pivot": [0, 11.25, -3.25], "rotation": [-4.95744, 0.65182, 14.97178], "uv": [0, 72]},
						{"origin": [-0.51105, 12.52715, -3.95833], "size": [2, 2, 2], "pivot": [0.23895, 13.52715, -3.45833], "rotation": [-7.5, 0, 7.5], "uv": [21, 73]},
						{"origin": [0.24699, 13.47046, -3.4066], "size": [1, 2, 0], "pivot": [0.24699, 14.47046, -3.4066], "rotation": [-5, 0, -7.5], "uv": [32, 74]}
					]
				},
				{
					"name": "eye_closed",
					"parent": "trunk",
					"pivot": [-0.04651, 11.00242, -4.12005],
					"cubes": [
						{"origin": [-0.51138, 9.33715, -3.26387], "size": [1, 4, 0], "pivot": [0, 11.25, -4.25], "rotation": [-5, 0.6518, 14.9718], "uv": [41, 77]}
					]
				},
				{
					"name": "eye_open",
					"parent": "trunk",
					"pivot": [0, 11.25, -4.25],
					"cubes": [
						{"origin": [-1.5, 9.75, -4.26], "size": [3, 3, 0], "pivot": [0, 11.25, -3.25], "rotation": [-5, 0.6518, 14.9718], "uv": [41, 73]},
						{"origin": [-1, 11.25, -4.27], "size": [1, 1, 0], "pivot": [0, 11.25, -3.25], "rotation": [-4.9574, 0.6518, 14.9718], "uv": [50, 73]}
					]
				},
				{
					"name": "branch_l_01",
					"parent": "trunk",
					"pivot": [1.70349, 14.75242, 0.12995],
					"cubes": [
						{"origin": [0.96869, 13.36068, -1.68134], "size": [3, 7, 3], "pivot": [1.46869, 16.86068, -0.18134], "rotation": [4.32188, 1.26457, 29.69218], "uv": [0, 53]}
					]
				},
				{
					"name": "branch_l_02",
					"parent": "branch_l_01",
					"pivot": [3.70349, 19.00242, -0.62005],
					"cubes": [
						{"origin": [-1.53131, 18.86068, -1.18134], "size": [2, 5, 2], "pivot": [1.46869, 16.86068, -0.18134], "rotation": [3.51821, -2.81191, 84.55808], "uv": [0, 37]},
						{"origin": [4.25, 18.75, -4], "size": [10, 3, 7], "pivot": [9.25, 20.25, -0.5], "rotation": [0, -7.5, 0], "uv": [35, 20]},
						{"origin": [4.25, 16.75, -4], "size": [10, 3, 7], "inflate": 0.01, "pivot": [9.25, 20.25, -0.5], "rotation": [0, -7.5, 0], "uv": [35, 7]},
						{"origin": [4.75, 21.25, -3.5], "size": [9, 2, 6], "pivot": [9.25, 20.25, -0.5], "rotation": [0, -7.5, 0], "uv": [44, 40]},
						{"origin": [8.25, 19.25, -4.75], "size": [2, 2, 2], "pivot": [9.25, 20.25, -3.75], "rotation": [0, -7.5, 0], "uv": [103, 2]},
						{"origin": [12.25, 19, -4.25], "size": [1, 1, 1], "pivot": [9.25, 20.25, -3.75], "rotation": [0, -7.5, 0], "uv": [112, 3]},
						{"origin": [5.75, 21.25, -4.25], "size": [1, 1, 1], "pivot": [9.25, 20.25, -3.75], "rotation": [0, -7.5, 0], "uv": [112, 3]},
						{"origin": [14, 21, -1.5], "size": [1, 1, 1], "pivot": [9.25, 20.25, -3.75], "rotation": [0, -7.5, 0], "uv": [112, 3]},
						{"origin": [9.57803, 20, 1.55601], "size": [2, 2, 2], "pivot": [10.07803, 19.75, 3.55601], "rotation": [0, -7.5, 0], "uv": [103, 2]},
						{"origin": [6.34915, 18.75, 2.49432], "size": [1, 1, 1], "pivot": [6.84915, 19.25, 2.99432], "rotation": [87.83117, 7.60185, -177.48022], "uv": [112, 3]}
					]
				},
				{
					"name": "swing_01",
					"parent": "branch_l_02",
					"pivot": [11.45349, 19.50242, -0.62005],
					"cubes": [
						{"origin": [11, 17.75, -1], "size": [1, 2, 1], "uv": [79, 1]}
					]
				},
				{
					"name": "swing_02",
					"parent": "swing_01",
					"pivot": [11.45349, 17.50242, -0.62005],
					"cubes": [
						{"origin": [11, 15.75, -1], "size": [1, 2, 1], "uv": [79, 1]}
					]
				},
				{
					"name": "swing_03",
					"parent": "swing_02",
					"pivot": [11.45349, 15.75242, -0.62005],
					"cubes": [
						{"origin": [11, 13.75, -1], "size": [1, 2, 1], "uv": [79, 1]}
					]
				},
				{
					"name": "swing_04",
					"parent": "swing_03",
					"pivot": [11.45349, 13.75242, -0.6],
					"cubes": [
						{"origin": [7.75, 2.5, -2], "size": [8, 3, 3], "uv": [57, 71]},
						{"origin": [7.75, 9, -2], "size": [8, 3, 3], "uv": [82, 80]},
						{"origin": [10.5, 8.5, -2.5], "size": [2, 4, 4], "uv": [85, 1]},
						{"origin": [4.25, 12.75, -2], "size": [8, 3, 3], "inflate": -0.01, "pivot": [11.75, 10.75, -0.5], "rotation": [0, 0, -90], "uv": [81, 71]},
						{"origin": [4.25, 5.75, -2], "size": [8, 3, 3], "inflate": -0.01, "pivot": [11.75, 10.75, -0.5], "rotation": [0, 0, -90], "uv": [57, 79]},
						{"origin": [11, 11.75, -1], "size": [1, 2, 1], "uv": [79, 1]}
					]
				},
				{
					"name": "branch_m_01",
					"parent": "trunk",
					"pivot": [-1.04651, 15.25242, -0.12005],
					"cubes": [
						{"origin": [-3.33632, 14.94011, -1], "size": [3, 7, 3], "pivot": [0.41368, 18.94011, -0.5], "rotation": [-17.5, 0, -20], "uv": [12, 53]}
					]
				},
				{
					"name": "branch_m_02",
					"parent": "branch_m_01",
					"pivot": [-2.29651, 20.00242, 1.12995],
					"cubes": [
						{"origin": [-5.73223, 17.03047, 0.73588], "size": [2, 7, 2], "pivot": [-4.73223, 20.28047, 1.98588], "rotation": [-12.3142, -3.41971, -85.5854], "uv": [0, 0]},
						{"origin": [-3.48707, 21.15384, 0.3393], "size": [1, 4, 1], "pivot": [-2.98707, 23.15384, 2.0893], "rotation": [9.9065, 11.72916, -3.97794], "uv": [26, 40]},
						{"origin": [-9.36729, 21.11628, 2.54843], "size": [1, 4, 1], "pivot": [-7.61729, 22.61628, 1.79843], "rotation": [-21.70386, 14.9572, -32.06519], "uv": [27, 27]},
						{"origin": [-13.5, 23.25, -2], "size": [12, 5, 9], "pivot": [-7.5, 25.625, 2.5], "rotation": [0, 12.5, 0], "uv": [0, 0]},
						{"origin": [-13.5, 20.25, -2], "size": [12, 4, 9], "inflate": 0.01, "pivot": [-7.5, 25.625, 2.5], "rotation": [0, 12.5, 0], "uv": [0, 14]},
						{"origin": [-12.5, 27.5, -1], "size": [10, 3, 7], "pivot": [-7.5, 25.625, 2.5], "rotation": [0, 12.5, 0], "uv": [27, 30]},
						{"origin": [-11.95745, 24, -2.52063], "size": [2, 2, 2], "pivot": [-10.20745, 25, -1.52063], "rotation": [0, 17.5, 0], "uv": [103, 2]},
						{"origin": [-9.5275, 24.75, 6.56479], "size": [2, 2, 2], "pivot": [-9.7775, 25, 7.56479], "rotation": [0, 10, 0], "uv": [103, 2]},
						{"origin": [-6.54588, 26.75, -2.9857], "size": [1, 1, 1], "pivot": [-6.04588, 25.75, -2.4857], "rotation": [0, 12.5, 0], "uv": [112, 3]},
						{"origin": [-14.25312, 25.75, 2.7857], "size": [1, 1, 1], "pivot": [-14.75312, 26.25, 3.2857], "rotation": [0, 17.5, 0], "uv": [112, 3]},
						{"origin": [-1.27477, 24.25, 3.0179], "size": [1, 1, 1], "pivot": [-0.52477, 26.25, 3.5179], "rotation": [0, 10, 0], "uv": [112, 3]}
					]
				},
				{
					"name": "branch_r_01",
					"parent": "body",
					"pivot": [-3.79651, 9.75242, 0.62995],
					"cubes": [
						{"origin": [-6.25, 9.75, 1], "size": [2, 5, 2], "pivot": [-5.25, 11.5, 0], "rotation": [-32.5, 0, -42.5], "uv": [33, 0]}
					]
				},
				{
					"name": "branch_r_02",
					"parent": "branch_r_01",
					"pivot": [-6.04651, 11.75242, 2.87995],
					"cubes": [
						{"origin": [-4.95135, 11.67408, 1.08976], "size": [2, 5, 2], "pivot": [-4.95135, 11.17408, 2.08976], "rotation": [-33.075, -22.56974, -85.5729], "uv": [0, 14]}
					]
				},
				{
					"name": "branch_r_03",
					"parent": "branch_r_02",
					"pivot": [-9.54651, 11.50242, 4.62995],
					"cubes": [
						{"origin": [-16.75, 12.75, 3], "size": [10, 3, 7], "pivot": [-11.75, 14.25, 6.5], "rotation": [0, 32.5, 0], "uv": [0, 27]},
						{"origin": [-16.75, 9.75, 3], "size": [10, 3, 7], "inflate": 0.01, "pivot": [-11.75, 14.25, 6.5], "rotation": [0, 32.5, 0], "uv": [62, 29]},
						{"origin": [-15.75, 14.25, 3.25], "size": [8, 3, 6], "pivot": [-11.75, 14.25, 6.5], "rotation": [0, 32.5, 0], "uv": [72, 18]},
						{"origin": [-9.97155, 13, 7.82988], "size": [2, 2, 2], "pivot": [-8.97155, 14, 8.82988], "rotation": [0, 32.5, 0], "uv": [103, 2]},
						{"origin": [-12.54651, 13.25242, 10.62995], "size": [1, 1, 1], "pivot": [-12.04651, 13.75242, 11.12995], "rotation": [91.73228, -24.9377, 177.1776], "uv": [112, 3]},
						{"origin": [-16.28075, 12.5, 3.56611], "size": [1, 1, 1], "pivot": [-14.78075, 13, 4.31611], "rotation": [0, 42.5, 0], "uv": [112, 3]},
						{"origin": [-12.4512, 13, 1.2671], "size": [2, 2, 2], "pivot": [-11.4512, 14, 2.0171], "rotation": [0, 20, 0], "uv": [103, 2]},
						{"origin": [-10.47198, 9.29255, 5.08191], "size": [1, 4, 1], "pivot": [-10.97198, 11.29255, 6.83191], "rotation": [-26.77407, 1.71413, -52.96619], "uv": [0, 27]}
					]
				},
				{
					"name": "l_arm_01",
					"parent": "body",
					"pivot": [0.75, 9.75, -4],
					"cubes": [
						{"origin": [0.25, 9.25, -12], "size": [1, 1, 8], "inflate": -0.02, "uv": [74, 42], "mirror": true}
					]
				},
				{
					"name": "l_arm_02",
					"parent": "l_arm_01",
					"pivot": [0.75, 9.75, -12],
					"cubes": [
						{"origin": [0.25, 9.25, -19], "size": [1, 1, 7], "inflate": -0.01, "uv": [101, 52], "mirror": true}
					]
				},
				{
					"name": "l_hand",
					"parent": "l_arm_02",
					"pivot": [0.75, 9.75, -18.75],
					"cubes": [
						{"origin": [-0.25, 9.25, -20.75], "size": [2, 1, 2], "inflate": 0.01, "uv": [112, 45], "mirror": true}
					]
				},
				{
					"name": "l_pinky_01",
					"parent": "l_hand",
					"pivot": [1.5, 9.75, -20.75],
					"cubes": [
						{"origin": [1, 9.75, -23.75], "size": [1, 0, 3], "uv": [121, 44], "mirror": true}
					]
				},
				{
					"name": "l_pinky_02",
					"parent": "l_pinky_01",
					"pivot": [1.5, 9.75, -23.75],
					"cubes": [
						{"origin": [1, 9.75, -26.75], "size": [1, 0, 3], "uv": [122, 50], "mirror": true}
					]
				},
				{
					"name": "l_index_01",
					"parent": "l_hand",
					"pivot": [0, 9.75, -20.75],
					"cubes": [
						{"origin": [-0.5, 9.75, -23.75], "size": [1, 0, 3], "uv": [115, 39], "mirror": true}
					]
				},
				{
					"name": "l_index_02",
					"parent": "l_index_01",
					"pivot": [0, 9.75, -23.75],
					"cubes": [
						{"origin": [-0.5, 9.75, -26.75], "size": [1, 0, 3], "uv": [119, 39], "mirror": true}
					]
				},
				{
					"name": "l_thumb_01",
					"parent": "l_hand",
					"pivot": [-0.25, 9.75, -20],
					"cubes": [
						{"origin": [-1.25, 9.75, -21.5], "size": [1, 0, 2], "uv": [85, 41], "mirror": true}
					]
				},
				{
					"name": "l_thumb_02",
					"parent": "l_thumb_01",
					"pivot": [-0.75, 9.75, -21.5],
					"cubes": [
						{"origin": [-1.25, 9.75, -23.5], "size": [1, 0, 2], "uv": [88, 41], "mirror": true}
					]
				},
				{
					"name": "r_arm_01",
					"parent": "body",
					"pivot": [-1.5, 9.75, -4],
					"cubes": [
						{"origin": [-2, 9.25, -12], "size": [1, 1, 8], "inflate": -0.01, "uv": [74, 42]}
					]
				},
				{
					"name": "r_arm_02",
					"parent": "r_arm_01",
					"pivot": [-1.5, 9.75, -12],
					"cubes": [
						{"origin": [-2, 9.25, -19], "size": [1, 1, 7], "inflate": -0.01, "uv": [74, 52]}
					]
				},
				{
					"name": "r_hand",
					"parent": "r_arm_02",
					"pivot": [-1.5, 9.75, -18.75],
					"cubes": [
						{"origin": [-2.5, 9.25, -20.75], "size": [2, 1, 2], "inflate": 0.01, "uv": [86, 46]}
					]
				},
				{
					"name": "r_index_01",
					"parent": "r_hand",
					"pivot": [-0.75, 9.75, -20.75],
					"cubes": [
						{"origin": [-1.25, 9.75, -23.75], "size": [1, 0, 3], "uv": [91, 43]}
					]
				},
				{
					"name": "r_index_02",
					"parent": "r_index_01",
					"pivot": [-0.75, 9.75, -23.75],
					"cubes": [
						{"origin": [-1.25, 9.75, -26.75], "size": [1, 0, 3], "uv": [96, 42]}
					]
				},
				{
					"name": "r_pinky_01",
					"parent": "r_hand",
					"pivot": [-2.25, 9.75, -20.75],
					"cubes": [
						{"origin": [-2.75, 9.75, -23.75], "size": [1, 0, 3], "uv": [91, 40]}
					]
				},
				{
					"name": "r_pinky_02",
					"parent": "r_pinky_01",
					"pivot": [-2.25, 9.75, -23.75],
					"cubes": [
						{"origin": [-2.75, 9.75, -26.75], "size": [1, 0, 3], "uv": [95, 39]}
					]
				},
				{
					"name": "r_thumb_01",
					"parent": "r_hand",
					"pivot": [-0.25, 9.75, -20],
					"cubes": [
						{"origin": [-0.5, 9.75, -21.5], "size": [1, 0, 2], "uv": [85, 41]}
					]
				},
				{
					"name": "r_thumb_02",
					"parent": "r_thumb_01",
					"pivot": [0, 9.75, -21.5],
					"cubes": [
						{"origin": [-0.5, 9.75, -23.5], "size": [1, 0, 2], "uv": [88, 41]}
					]
				}
			]
		}
	]
}