{
	"format_version": "1.12.0",
	"minecraft:geometry": [
		{
			"description": {
				"identifier": "geometry.orbans",
				"texture_width": 64,
				"texture_height": 64,
				"visible_bounds_width": 2,
				"visible_bounds_height": 2.5,
				"visible_bounds_offset": [0, 0.75, 0]
			},
			"bones": [
				{
					"name": "orbans",
					"pivot": [0, 0, 0]
				},
				{
					"name": "bone2",
					"parent": "orbans",
					"pivot": [0, 13, 0]
				},
				{
					"name": "bone",
					"parent": "bone2",
					"pivot": [0, 16, 0],
					"cubes": [
						{"origin": [-3, 13, -3], "size": [6, 6, 6], "uv": [0, 0]}
					]
				},
				{
					"name": "bone3",
					"parent": "bone",
					"pivot": [0, 16, 1],
					"cubes": [
						{"origin": [-4, 12, -2], "size": [8, 8, 6], "uv": [8, 17]}
					]
				},
				{
					"name": "eye",
					"parent": "bone2",
					"pivot": [1, 15.8, -3.5],
					"rotation": [0, 0, -12.5],
					"cubes": [
						{"origin": [1, 13.8, -3.5], "size": [5, 4, 0], "uv": [32, 4]}
					]
				},
				{
					"name": "eye2",
					"parent": "bone2",
					"pivot": [-1, 15.8, -3.5],
					"rotation": [0, 0, 12.5],
					"cubes": [
						{"origin": [-6, 13.8, -3.5], "size": [5, 4, 0], "uv": [32, 4], "mirror": true}
					]
				}
			]
		}
	]
}