{
	"format_version": "1.12.0",
	"minecraft:geometry": [
		{
			"description": {
				"identifier": "geometry.pyrodactyl",
				"texture_width": 128,
				"texture_height": 128,
				"visible_bounds_width": 5,
				"visible_bounds_height": 2.5,
				"visible_bounds_offset": [0, 0.75, 0]
			},
			"bones": [
				{
					"name": "pyrodactyl",
					"pivot": [0, 0, 0]
				},
				{
					"name": "body",
					"parent": "pyrodactyl",
					"pivot": [0, 19, -4],
					"rotation": [-35, 0, 0],
					"cubes": [
						{"origin": [-5, 12, -5], "size": [10, 9, 13], "uv": [0, 0]},
						{"origin": [-4.5, 12, -3], "size": [9, 9, 11], "pivot": [0, 19, -4], "rotation": [-17.5, 0, 0], "uv": [37, 34]}
					]
				},
				{
					"name": "rightwingopen",
					"parent": "body",
					"pivot": [-5, 19, -2],
					"rotation": [-82.13304, -5.15616, 94.14815],
					"cubes": [
						{"origin": [-5, 19, -3], "size": [2, 3, 11], "uv": [86, 23]},
						{"origin": [-3.75, 22, -3], "size": [0, 10, 9], "uv": [95, 93]}
					]
				},
				{
					"name": "rightwingopenp2",
					"parent": "rightwingopen",
					"pivot": [-4, 20, 7],
					"rotation": [-32.5, 0, 0],
					"cubes": [
						{"origin": [-4.5, 19.25, 6], "size": [1, 2, 11], "uv": [93, 79]}
					]
				},
				{
					"name": "rightwingmainmemb",
					"parent": "rightwingopenp2",
					"pivot": [-4, 21, 9],
					"cubes": [
						{"origin": [-3.5, 21, 0], "size": [0, 10, 18], "uv": [29, 5]}
					]
				},
				{
					"name": "rightwingopenmemb1",
					"parent": "rightwingopenp2",
					"pivot": [-4, 21, 16],
					"rotation": [-65, 0, 0],
					"cubes": [
						{"origin": [-4, 21, 8], "size": [0, 24, 11], "uv": [23, 52]}
					]
				},
				{
					"name": "rightwingopenclaw",
					"parent": "rightwingopenp2",
					"pivot": [-3.75, 19.75, 16],
					"rotation": [4.58709, -48.43827, 93.95908],
					"cubes": [
						{"origin": [-4.75, 19.75, 15], "size": [5, 0, 3], "uv": [0, 36]}
					]
				},
				{
					"name": "leftwingopen",
					"parent": "body",
					"pivot": [5, 19, -2],
					"rotation": [-82.13304, 5.15616, -94.14815],
					"cubes": [
						{"origin": [3, 19, -3], "size": [2, 3, 11], "uv": [85, 0]},
						{"origin": [3.75, 22, -3], "size": [0, 10, 9], "uv": [20, 92]}
					]
				},
				{
					"name": "leftwingopenp2",
					"parent": "leftwingopen",
					"pivot": [4, 20, 7],
					"rotation": [-32.5, 0, 0],
					"cubes": [
						{"origin": [3.5, 19.25, 6], "size": [1, 2, 11], "uv": [88, 65]}
					]
				},
				{
					"name": "leftwingmainmemb",
					"parent": "leftwingopenp2",
					"pivot": [4, 21, 9],
					"cubes": [
						{"origin": [3.5, 21, 0], "size": [0, 10, 18], "uv": [0, 23]}
					]
				},
				{
					"name": "leftwingopenmemb1",
					"parent": "leftwingopenp2",
					"pivot": [4, 21, 16],
					"rotation": [-65, 0, 0],
					"cubes": [
						{"origin": [4, 21, 8], "size": [0, 24, 11], "uv": [0, 52]}
					]
				},
				{
					"name": "leftwingopenclaw",
					"parent": "leftwingopenp2",
					"pivot": [3.75, 19.75, 16],
					"rotation": [4.58709, 48.43827, -93.95908],
					"cubes": [
						{"origin": [-0.25, 19.75, 15], "size": [5, 0, 3], "uv": [34, 0]}
					]
				},
				{
					"name": "neck",
					"parent": "body",
					"pivot": [0, 16, -4],
					"rotation": [-72.5, 0, 0],
					"cubes": [
						{"origin": [-3, 13, -14], "size": [6, 7, 12], "uv": [48, 0]}
					]
				},
				{
					"name": "neckp2",
					"parent": "neck",
					"pivot": [0, 17, -13],
					"rotation": [47.5, 0, 0],
					"cubes": [
						{"origin": [-2.5, 14, -18], "size": [5, 5, 7], "uv": [102, 15]}
					]
				},
				{
					"name": "spike1",
					"parent": "neckp2",
					"pivot": [0, 18.5, -16],
					"cubes": [
						{"origin": [0, 17.75, -15.75], "size": [0, 5, 2], "pivot": [0, 21.5, -14], "rotation": [-27.5, 0, 0], "uv": [0, 52]}
					]
				},
				{
					"name": "spike2",
					"parent": "neckp2",
					"pivot": [0, 18.5, -12],
					"cubes": [
						{"origin": [0, 19.75, -11.75], "size": [0, 5, 2], "pivot": [0, 21.5, -14], "rotation": [-42.5, 0, 0], "uv": [48, 4]}
					]
				},
				{
					"name": "head",
					"parent": "neckp2",
					"pivot": [0, 17.75, -17],
					"rotation": [22.5, 0, 0],
					"cubes": [
						{"origin": [-3.5, 16.25265, -11.90306], "size": [7, 5, 8], "pivot": [0, 9.09773, -12.29487], "rotation": [75, 0, 0], "uv": [66, 20]},
						{"origin": [0.47242, 8.9948, -2.93404], "size": [4, 3, 3], "pivot": [0, 9.09773, -12.29487], "rotation": [128.46347, 11.84911, 9.26433], "uv": [81, 66]},
						{"origin": [-4.47242, 8.9948, -2.93404], "size": [4, 3, 3], "pivot": [0, 9.09773, -12.29487], "rotation": [128.46347, -11.84911, -9.26433], "uv": [36, 56]},
						{"origin": [-3, 19.94405, -12.48647], "size": [6, 4, 8], "pivot": [0, 9.09773, -12.29487], "rotation": [40, 0, 0], "uv": [0, 88]},
						{"origin": [-2, 23.37632, -15.86004], "size": [4, 3, 5], "pivot": [0, 25.62632, -13.36004], "rotation": [25, 0, 0], "uv": [105, 93]},
						{"origin": [-1, 25.12632, -11.36004], "size": [2, 2, 5], "pivot": [0, 25.62632, -13.36004], "rotation": [7.5, 0, 0], "uv": [55, 73]}
					]
				},
				{
					"name": "righteyelid",
					"parent": "head",
					"pivot": [0, 9.09773, -12.29487]
				},
				{
					"name": "bone",
					"parent": "righteyelid",
					"pivot": [0, 9.09773, -12.29487],
					"cubes": [
						{"origin": [-3.475, 8.9948, -2.93404], "size": [0, 3, 3], "pivot": [0, 9.09773, -12.29487], "rotation": [128.46347, -11.84911, -9.26433], "uv": [37, 35]}
					]
				},
				{
					"name": "lefteyelid",
					"parent": "head",
					"pivot": [0, 9.09773, -12.29487]
				},
				{
					"name": "bone2",
					"parent": "lefteyelid",
					"pivot": [0, 9.09773, -12.29487],
					"cubes": [
						{"origin": [3.475, 8.9948, -2.93404], "size": [0, 3, 3], "pivot": [0, 9.09773, -12.29487], "rotation": [128.46347, 11.84911, 9.26433], "uv": [19, 23]}
					]
				},
				{
					"name": "topjaw",
					"parent": "head",
					"pivot": [0, 13.31335, -21.19467],
					"cubes": [
						{"origin": [-3, 9.31335, -27.19467], "size": [6, 4, 7], "pivot": [0, 11.31335, -24.19467], "rotation": [47.5, 0, 0], "uv": [90, 38]},
						{"origin": [-3, 8.31335, -27.19467], "size": [0, 1, 7], "pivot": [0, 11.31335, -24.19467], "rotation": [47.5, 0, 0], "uv": [78, 102]},
						{"origin": [3, 8.31335, -27.19467], "size": [0, 1, 7], "pivot": [0, 11.31335, -24.19467], "rotation": [47.5, 0, 0], "uv": [30, 88]},
						{"origin": [-3, 8.31335, -27.19467], "size": [6, 1, 0], "pivot": [0, 11.31335, -24.19467], "rotation": [47.5, 0, 0], "uv": [34, 4]}
					]
				},
				{
					"name": "bottomjaw",
					"parent": "head",
					"pivot": [0, 13.31335, -20.19467],
					"cubes": [
						{"origin": [-3, 7.31335, -27.19467], "size": [6, 1, 7], "pivot": [0, 11.31335, -24.19467], "rotation": [47.5, 0, 0], "uv": [101, 0]},
						{"origin": [-3, 8.31335, -27.19467], "size": [0, 1, 7], "pivot": [0, 11.31335, -24.19467], "rotation": [47.5, 0, 0], "uv": [107, 76]},
						{"origin": [3, 8.31335, -27.19467], "size": [0, 1, 7], "pivot": [0, 11.31335, -24.19467], "rotation": [47.5, 0, 0], "uv": [87, 106]},
						{"origin": [-3, 8.31335, -27.19467], "size": [6, 1, 0], "pivot": [0, 11.31335, -24.19467], "rotation": [47.5, 0, 0], "uv": [34, 6]},
						{"origin": [-3, 7.31335, -20.19467], "size": [6, 4, 2], "pivot": [0, 11.31335, -24.19467], "rotation": [47.5, 0, 0], "uv": [89, 15]}
					]
				},
				{
					"name": "rightwingclosed",
					"parent": "body",
					"pivot": [-5, 16, -2],
					"rotation": [-40, -35, 0],
					"cubes": [
						{"origin": [-5, 16, -3], "size": [2, 3, 11], "uv": [88, 50]},
						{"origin": [-3.75, 19, -3], "size": [0, 3, 9], "uv": [68, 102]}
					]
				},
				{
					"name": "rightwingclosedp2",
					"parent": "rightwingclosed",
					"pivot": [-4, 17, 7],
					"rotation": [-50, 0, 0],
					"cubes": [
						{"origin": [-4.5, 16.25, 6], "size": [1, 2, 11], "uv": [0, 101]}
					]
				},
				{
					"name": "rightwingclosedmemb1",
					"parent": "rightwingclosedp2",
					"pivot": [-4, 18, 16],
					"rotation": [80, 0, 0],
					"cubes": [
						{"origin": [-4, 18, 11], "size": [0, 24, 8], "uv": [46, 73]}
					]
				},
				{
					"name": "rightwingclosedclaw",
					"parent": "rightwingclosedp2",
					"pivot": [-3.75, 16.75, 16],
					"rotation": [0, 5, 60],
					"cubes": [
						{"origin": [-4.75, 16.75, 15], "size": [5, 0, 3], "uv": [107, 85]}
					]
				},
				{
					"name": "leftwingclosed",
					"parent": "body",
					"pivot": [5, 16, -2],
					"rotation": [-40, 35, 0],
					"cubes": [
						{"origin": [3, 16, -3], "size": [2, 3, 11], "uv": [77, 87]},
						{"origin": [3.75, 19, -3], "size": [0, 3, 9], "uv": [19, 25]}
					]
				},
				{
					"name": "leftwingclosedp2",
					"parent": "leftwingclosed",
					"pivot": [4, 17, 7],
					"rotation": [-50, 0, 0],
					"cubes": [
						{"origin": [3.5, 16.25, 6], "size": [1, 2, 11], "uv": [52, 95]}
					]
				},
				{
					"name": "leftwingclosedmemb1",
					"parent": "leftwingclosedp2",
					"pivot": [4, 18, 16],
					"rotation": [80, 0, 0],
					"cubes": [
						{"origin": [4, 18, 11], "size": [0, 24, 8], "uv": [71, 65]}
					]
				},
				{
					"name": "leftwingclosedclaw",
					"parent": "leftwingclosedp2",
					"pivot": [3.75, 16.75, 16],
					"rotation": [0, -5, -60],
					"cubes": [
						{"origin": [-0.25, 16.75, 15], "size": [5, 0, 3], "uv": [102, 28]}
					]
				},
				{
					"name": "spine",
					"parent": "body",
					"pivot": [0, 17, 7],
					"rotation": [27.5, 0, 0],
					"cubes": [
						{"origin": [-3.5, 12.25, 5.5], "size": [7, 8, 9], "uv": [46, 55]}
					]
				},
				{
					"name": "rightleg",
					"parent": "spine",
					"pivot": [-3, 17, 12],
					"rotation": [7.47178, -0.65182, 29.95744],
					"cubes": [
						{"origin": [-4, 12, 10], "size": [3, 7, 5], "uv": [39, 106]}
					]
				},
				{
					"name": "rightlegp2",
					"parent": "rightleg",
					"pivot": [-3, 13, 12],
					"rotation": [-5, 0, 0],
					"cubes": [
						{"origin": [-3.5, 11.75, 11], "size": [2, 3, 7], "uv": [104, 50]}
					]
				},
				{
					"name": "rightlegp3",
					"parent": "rightlegp2",
					"pivot": [-3, 13, 17.25],
					"rotation": [-65, 0, 0],
					"cubes": [
						{"origin": [-4.25, 11.75, 16.25], "size": [3, 2, 8], "uv": [73, 0]}
					]
				},
				{
					"name": "rightlegfoot",
					"parent": "rightlegp3",
					"pivot": [-3, 13, 23.25],
					"rotation": [-63.80668, 30.43876, -12.21322],
					"cubes": [
						{"origin": [-4, 11.75, 23.25], "size": [3, 1, 3], "uv": [0, 6]}
					]
				},
				{
					"name": "rightlegtoes",
					"parent": "rightlegfoot",
					"pivot": [-2.5, 11.75, 26.25],
					"rotation": [-47.5, 0, 0],
					"cubes": [
						{"origin": [-4, 11.75, 26.25], "size": [3, 0, 2], "uv": [19, 38]}
					]
				},
				{
					"name": "leftleg",
					"parent": "spine",
					"pivot": [3, 17, 12],
					"rotation": [7.47178, 0.65182, -29.95744],
					"cubes": [
						{"origin": [1, 12, 10], "size": [3, 7, 5], "uv": [0, 23]}
					]
				},
				{
					"name": "leftlegp2",
					"parent": "leftleg",
					"pivot": [3, 13, 12],
					"rotation": [-5, 0, 0],
					"cubes": [
						{"origin": [1.5, 11.75, 11], "size": [2, 3, 7], "uv": [102, 65]}
					]
				},
				{
					"name": "leftlegp3",
					"parent": "leftlegp2",
					"pivot": [3, 13, 17.25],
					"rotation": [-65, 0, 0],
					"cubes": [
						{"origin": [1.25, 11.75, 16.25], "size": [3, 2, 8], "uv": [67, 34]}
					]
				},
				{
					"name": "leftlegfoot",
					"parent": "leftlegp3",
					"pivot": [3, 13, 23.25],
					"rotation": [-63.80668, -30.43876, 12.21322],
					"cubes": [
						{"origin": [1, 11.75, 23.25], "size": [3, 1, 3], "uv": [0, 0]}
					]
				},
				{
					"name": "leftlegtoes",
					"parent": "leftlegfoot",
					"pivot": [2.5, 11.75, 26.25],
					"rotation": [-47.5, 0, 0],
					"cubes": [
						{"origin": [1, 11.75, 26.25], "size": [3, 0, 2], "uv": [34, 8]}
					]
				},
				{
					"name": "tail",
					"parent": "spine",
					"pivot": [0, 18, 14],
					"rotation": [20, 0, 0],
					"cubes": [
						{"origin": [-2.5, 15, 13], "size": [5, 5, 9], "uv": [70, 46]}
					]
				},
				{
					"name": "tail2",
					"parent": "tail",
					"pivot": [0, 18, 22],
					"rotation": [22.5, 0, 0],
					"cubes": [
						{"origin": [-1.5, 17, 21], "size": [3, 3, 7], "uv": [12, 52]}
					]
				},
				{
					"name": "tail3",
					"parent": "tail2",
					"pivot": [0, 18, 28],
					"rotation": [22.5, 0, 0],
					"cubes": [
						{"origin": [-1, 18, 27], "size": [2, 2, 5], "uv": [88, 79]}
					]
				}
			]
		}
	]
}