{
	"format_version": "1.8.0",
	"animations": {
		"animation.honiel.ground_idle": {
			"loop": true,
			"animation_length": 3,
			"bones": {
				"head": {
					"scale": {
						"0.0": [1, 1, 1],
						"1.52": [1, 1.2, 1],
						"3.0": [1, 1, 1]
					}
				},
				"bone": {
					"position": {
						"0.0": [0, 0, 0],
						"1.52": [0, 0.5, 0],
						"3.0": [0, 0, 0]
					}
				}
			}
		},
		"animation.honiel.ground_walk": {
			"loop": true,
			"animation_length": 0.64,
			"bones": {
				"head": {
					"scale": {
						"0.0": [1, 1, 1],
						"0.36": [1, 0.9, 1],
						"0.64": [1, 1, 1]
					}
				},
				"bone": {
					"position": {
						"0.0": [0, 0, 0],
						"0.2": [0, -0.29, 0],
						"0.36": [0, -0.7, 0],
						"0.48": [0, -0.6, 0],
						"0.64": [0, 0, 0]
					}
				}
			}
		}
	}
}