{
	"format_version": "1.12.0",
	"minecraft:geometry": [
		{
			"description": {
				"identifier": "geometry.goldillar",
				"texture_width": 256,
				"texture_height": 256,
				"visible_bounds_width": 5,
				"visible_bounds_height": 6.5,
				"visible_bounds_offset": [0, 2.75, 0]
			},
			"bones": [
				{
					"name": "goldillar",
					"pivot": [0, 0, 0]
				},
				{
					"name": "head",
					"parent": "goldillar",
					"pivot": [0, 21, 0],
					"cubes": [
						{"origin": [-14, 21, -14], "size": [28, 59, 28], "pivot": [0, 20.5, 0], "rotation": [0, -45, 0], "uv": [0, 0]},
						{"origin": [-10, 80, -10], "size": [20, 3, 20], "pivot": [0, 83, 0], "rotation": [0, -45, 0], "uv": [73, 106]},
						{"origin": [-10, 18, -10], "size": [20, 3, 20], "pivot": [0, 83, 0], "rotation": [0, -45, 0], "uv": [152, 82]},
						{"origin": [5, 51, -14], "size": [9, 9, 9], "uv": [207, 17]},
						{"origin": [-14, 51, -14], "size": [9, 9, 9], "uv": [207, 17], "mirror": true}
					]
				},
				{
					"name": "bone",
					"parent": "goldillar",
					"pivot": [24, 36, -10],
					"cubes": [
						{"origin": [21, 36, -13], "size": [6, 18, 6], "uv": [139, 30]},
						{"origin": [22, 54, -12], "size": [4, 1, 4], "uv": [163, 16]},
						{"origin": [22, 35, -12], "size": [4, 1, 4], "uv": [120, 16]}
					]
				},
				{
					"name": "bone3",
					"parent": "goldillar",
					"pivot": [24, 36, 10],
					"cubes": [
						{"origin": [21, 36, 7], "size": [6, 18, 6], "uv": [139, 30]},
						{"origin": [22, 54, 8], "size": [4, 1, 4], "uv": [163, 16]},
						{"origin": [22, 35, 8], "size": [4, 1, 4], "uv": [120, 16]}
					]
				},
				{
					"name": "bone2",
					"parent": "goldillar",
					"pivot": [-24, 36, 10],
					"cubes": [
						{"origin": [-27, 36, 7], "size": [6, 18, 6], "uv": [139, 30], "mirror": true},
						{"origin": [-26, 54, 8], "size": [4, 1, 4], "uv": [163, 16], "mirror": true},
						{"origin": [-26, 35, 8], "size": [4, 1, 4], "uv": [120, 16], "mirror": true}
					]
				},
				{
					"name": "bone4",
					"parent": "goldillar",
					"pivot": [-24, 36, -10],
					"cubes": [
						{"origin": [-27, 36, -13], "size": [6, 18, 6], "uv": [139, 30], "mirror": true},
						{"origin": [-26, 54, -12], "size": [4, 1, 4], "uv": [163, 16], "mirror": true},
						{"origin": [-26, 35, -12], "size": [4, 1, 4], "uv": [120, 16], "mirror": true}
					]
				}
			]
		}
	]
}