{
	"format_version": "1.12.0",
	"minecraft:geometry": [
		{
			"description": {
				"identifier": "geometry.gabite_male",
				"texture_width": 64,
				"texture_height": 64,
				"visible_bounds_width": 4,
				"visible_bounds_height": 3.5,
				"visible_bounds_offset": [0, 1.25, 0]
			},
			"bones": [
				{
					"name": "gabite",
					"pivot": [0, 0, 0]
				},
				{
					"name": "body",
					"parent": "gabite",
					"pivot": [0, 14.5, -2]
				},
				{
					"name": "torso",
					"parent": "body",
					"pivot": [0, 9, 1],
					"rotation": [30, 0, 0],
					"cubes": [
						{"origin": [-3, 7, -2], "size": [6, 8, 6], "inflate": 0.001, "uv": [0, 21]}
					]
				},
				{
					"name": "fin",
					"parent": "torso",
					"pivot": [0, 11.5, 4.5],
					"cubes": [
						{"origin": [0, 7.5, 3], "size": [0, 7, 11], "inflate": 0.001, "uv": [0, 46]}
					]
				},
				{
					"name": "neck",
					"parent": "torso",
					"pivot": [0, 15, 1.25],
					"rotation": [-30, 0, 0]
				},
				{
					"name": "neck2",
					"parent": "neck",
					"pivot": [0, 13.43301, 1],
					"cubes": [
						{"origin": [-2, 12.43301, -1], "size": [4, 9, 4], "uv": [20, 34]}
					]
				},
				{
					"name": "arm_left",
					"parent": "neck2",
					"pivot": [2, 15.43301, 1.25],
					"cubes": [
						{"origin": [1, 13.93301, -0.25], "size": [3, 3, 3], "uv": [32, 11]}
					]
				},
				{
					"name": "arm_left2",
					"parent": "arm_left",
					"pivot": [3.5, 15.43301, 1.25],
					"cubes": [
						{"origin": [3, 14.93301, 0.75], "size": [6, 1, 1], "uv": [47, 36]}
					]
				},
				{
					"name": "arm_left3",
					"parent": "arm_left2",
					"pivot": [9, 15.43301, 1.25],
					"cubes": [
						{"origin": [8.5, 14.43301, 0.25], "size": [6, 2, 2], "uv": [12, 47]},
						{"origin": [8.75, 15.43301, 2.25], "size": [5, 0, 8], "uv": [10, 0]}
					]
				},
				{
					"name": "hand_left",
					"parent": "arm_left3",
					"pivot": [13.5, 15.43301, 1.25],
					"rotation": [0, 0, 25],
					"cubes": [
						{"origin": [12.65146, 15.08286, 1.25], "size": [5, 3, 0], "inflate": 0.001, "uv": [11, 35]}
					]
				},
				{
					"name": "arm_right",
					"parent": "neck2",
					"pivot": [-2, 15.43301, 1.25],
					"cubes": [
						{"origin": [-4, 13.93301, -0.25], "size": [3, 3, 3], "uv": [18, 21]}
					]
				},
				{
					"name": "arm_right2",
					"parent": "arm_right",
					"pivot": [-3.5, 15.43301, 1.25],
					"cubes": [
						{"origin": [-9, 14.93301, 0.75], "size": [6, 1, 1], "uv": [0, 8]}
					]
				},
				{
					"name": "arm_right3",
					"parent": "arm_right2",
					"pivot": [-9, 15.43301, 1.25],
					"cubes": [
						{"origin": [-14.5, 14.43301, 0.25], "size": [6, 2, 2], "uv": [47, 0]},
						{"origin": [-13.75, 15.43301, 2.25], "size": [5, 0, 8], "uv": [0, 0]}
					]
				},
				{
					"name": "hand_right",
					"parent": "arm_right3",
					"pivot": [-13.5, 15.43301, 1.25],
					"rotation": [0, 0, -25],
					"cubes": [
						{"origin": [-17.65146, 15.08286, 1.25], "size": [5, 3, 0], "inflate": 0.001, "uv": [0, 18]}
					]
				},
				{
					"name": "head",
					"parent": "neck2",
					"pivot": [0, 21.43301, 1],
					"rotation": [10, 0, 0],
					"cubes": [
						{"origin": [-6, 22.73301, -2.5], "size": [3, 3, 6], "pivot": [0, 21.43301, 0], "rotation": [-10, 0, 0], "uv": [41, 11]},
						{"origin": [-2.5, 22.43301, -4], "size": [5, 3, 7], "uv": [15, 11]},
						{"origin": [-2.5, 23.43301, -7], "size": [5, 2, 3], "pivot": [0, 25.43301, -4], "rotation": [22.65, 0, 0], "uv": [27, 59]},
						{"origin": [-2.3, 21.93301, -2.5], "size": [0, 1, 1], "inflate": 0.001, "pivot": [-2.3, 22.43301, -2], "rotation": [-45, 0, 0], "uv": [2, 9]},
						{"origin": [-2.3, 21.93301, -4.5], "size": [0, 1, 1], "inflate": 0.001, "pivot": [-2.3, 22.43301, -4], "rotation": [-45, 0, 0], "uv": [0, 9]},
						{"origin": [2.3, 21.93301, -4.5], "size": [0, 1, 1], "inflate": 0.001, "pivot": [2.3, 22.43301, -4], "rotation": [-45, 0, 0], "uv": [5, 9]},
						{"origin": [2.3, 21.93301, -2.5], "size": [0, 1, 1], "inflate": 0.001, "pivot": [2.3, 22.43301, -2], "rotation": [-45, 0, 0], "uv": [9, 9]},
						{"origin": [-3.5, 23.43301, 0], "size": [1, 2, 2], "uv": [53, 54]},
						{"origin": [2.5, 23.43301, 0], "size": [1, 2, 2], "uv": [0, 21]},
						{"origin": [-2.5, 20.83301, -1], "size": [5, 2, 4], "inflate": -0.01, "pivot": [0, 21.43301, 0], "rotation": [-5, 0, 0], "uv": [42, 20]},
						{"origin": [3, 22.73301, -2.5], "size": [3, 3, 6], "pivot": [0, 21.43301, 0], "rotation": [-10, 0, 0], "uv": [30, 46]},
						{"origin": [-2.5, 22.43196, -5.99842], "size": [5, 2, 2], "inflate": -0.001, "uv": [44, 60]}
					]
				},
				{
					"name": "jaw",
					"parent": "head",
					"pivot": [0, 22.43301, 0],
					"cubes": [
						{"origin": [-1.8, 21.93301, -3.75], "size": [0, 1, 1], "pivot": [-1.8, 22.43301, -3.25], "rotation": [-45, 0, 0], "uv": [5, 1]},
						{"origin": [1.8, 21.93301, -3.75], "size": [0, 1, 1], "pivot": [1.8, 22.43301, -3.25], "rotation": [-45, 0, 0], "uv": [5, 0]},
						{"origin": [-2, 20.43301, -5], "size": [4, 2, 4], "inflate": -0.001, "pivot": [0, 21.43301, 0], "rotation": [-17.5, 0, 0], "uv": [48, 48]}
					]
				},
				{
					"name": "eye_left",
					"parent": "head",
					"pivot": [2.0115, 23.80801, -3.375],
					"rotation": [7.5, 0, 0],
					"cubes": [
						{"origin": [1.61, 24.1, -4], "size": [1, 1, 1], "inflate": -0.09, "pivot": [3, 24.5, -4.4], "rotation": [-45, 0, 0], "uv": [49, 57]},
						{"origin": [1.34, 24.2, -3.85], "size": [1, 1, 1], "inflate": 0.171, "pivot": [3, 24.5, -4.4], "rotation": [-45, 0, 0], "uv": [45, 57]},
						{"origin": [1.5, 22.95, -3.52839], "size": [1, 2, 1], "inflate": 0.001, "uv": [49, 56]},
						{"origin": [1.34, 24.9, -3.15], "size": [1, 1, 1], "inflate": 0.17, "pivot": [3, 24.5, -4.4], "rotation": [-45, 0, 0], "uv": [48, 57]}
					]
				},
				{
					"name": "eyelid_left",
					"parent": "eye_left",
					"pivot": [2.01, 23.93301, -3],
					"cubes": [
						{"origin": [1.41, 22.93301, -4.5], "size": [1, 2, 3], "inflate": 0.01, "uv": [42, 46]}
					]
				},
				{
					"name": "eyelid_left2",
					"parent": "eye_left",
					"pivot": [2.015, 24.43301, -3],
					"cubes": [
						{"origin": [1.52, 23.93301, -4.5], "size": [1, 1, 3], "inflate": 0.002, "uv": [0, 0]}
					]
				},
				{
					"name": "eye_right",
					"parent": "head",
					"pivot": [-2.0115, 23.80801, -3.375],
					"rotation": [7.5, 0, 0],
					"cubes": [
						{"origin": [-2.61, 24.1, -4], "size": [1, 1, 1], "inflate": -0.09, "pivot": [-3, 24.5, -4.4], "rotation": [-45, 0, 0], "uv": [23, 54], "mirror": true},
						{"origin": [-2.34, 24.2, -3.85], "size": [1, 1, 1], "inflate": 0.171, "pivot": [-3, 24.5, -4.4], "rotation": [-45, 0, 0], "uv": [26, 54], "mirror": true},
						{"origin": [-2.5, 22.95, -3.52839], "size": [1, 2, 1], "inflate": 0.001, "uv": [24, 54], "mirror": true},
						{"origin": [-2.34, 24.9, -3.15], "size": [1, 1, 1], "inflate": 0.17, "pivot": [-3, 24.5, -4.4], "rotation": [-45, 0, 0], "uv": [24, 55], "mirror": true}
					]
				},
				{
					"name": "eyelid_right3",
					"parent": "eye_right",
					"pivot": [-2.01, 23.93301, -3],
					"cubes": [
						{"origin": [-2.41, 22.93301, -4.5], "size": [1, 2, 3], "inflate": 0.01, "uv": [42, 46], "mirror": true}
					]
				},
				{
					"name": "eyelid_right4",
					"parent": "eye_right",
					"pivot": [-2.015, 24.43301, -3],
					"cubes": [
						{"origin": [-2.52, 23.93301, -4.5], "size": [1, 1, 3], "inflate": 0.002, "uv": [0, 0], "mirror": true}
					]
				},
				{
					"name": "tail",
					"parent": "torso",
					"pivot": [0, 7, -2],
					"rotation": [42.5, 0, 0],
					"cubes": [
						{"origin": [-3, 0, -2], "size": [6, 7, 6], "uv": [24, 21]}
					]
				},
				{
					"name": "tail2",
					"parent": "tail",
					"pivot": [0, 1, 1],
					"rotation": [7.5, 0, 0],
					"cubes": [
						{"origin": [-2.5, -4, -1.5], "size": [5, 6, 5], "uv": [32, 0]}
					]
				},
				{
					"name": "tail3",
					"parent": "tail2",
					"pivot": [0, -3, 1],
					"rotation": [7.5, 0, 0],
					"cubes": [
						{"origin": [-2, -8, -1], "size": [4, 6, 4], "uv": [0, 47]},
						{"origin": [0, -7.5, 2.5], "size": [0, 4, 4], "uv": [0, 0]}
					]
				},
				{
					"name": "tail4",
					"parent": "tail3",
					"pivot": [-0.5, -7, 1],
					"rotation": [7.5, 0, 0],
					"cubes": [
						{"origin": [-1.5, -11, 1], "size": [3, 5, 1], "uv": [16, 51]},
						{"origin": [-1.5, -10, 0], "size": [3, 4, 1], "uv": [52, 4]}
					]
				},
				{
					"name": "leg_left",
					"parent": "body",
					"pivot": [4, 8, 1.5],
					"rotation": [-17.5, 0, 0],
					"cubes": [
						{"origin": [4, 5.25, -2.5], "size": [0, 1, 1], "uv": [0, 1]},
						{"origin": [4, 6.5, -3.5], "size": [0, 2, 2], "uv": [28, 5]},
						{"origin": [2.5, 3, -1.5], "size": [3, 7, 5], "uv": [36, 34]}
					]
				},
				{
					"name": "leg_left2",
					"parent": "leg_left",
					"pivot": [4.5, 2.75, 1.5],
					"rotation": [35, 0, 0],
					"cubes": [
						{"origin": [3, 0.75, 1], "size": [2, 3, 3], "uv": [27, -1]}
					]
				},
				{
					"name": "foot_left",
					"parent": "leg_left2",
					"pivot": [4.5, 0.75, 2.5],
					"rotation": [-17.5, 0, 0],
					"cubes": [
						{"origin": [2.5, -0.75, -1], "size": [3, 2, 5], "uv": [47, 41]},
						{"origin": [3, -0.75, -3], "size": [0, 2, 2], "uv": [11, 36]},
						{"origin": [4, -0.75, -3], "size": [0, 2, 2], "uv": [0, 35]},
						{"origin": [5, -0.75, -3], "size": [0, 2, 2], "uv": [0, 33]}
					]
				},
				{
					"name": "leg_right",
					"parent": "body",
					"pivot": [-4, 8, 1.5],
					"rotation": [-17.5, 0, 0],
					"cubes": [
						{"origin": [-4, 5.25, -2.5], "size": [0, 1, 1], "uv": [0, 0]},
						{"origin": [-4, 6.5, -3.5], "size": [0, 2, 2], "uv": [28, 3]},
						{"origin": [-5.5, 3, -1.5], "size": [3, 7, 5], "uv": [0, 35]}
					]
				},
				{
					"name": "leg_right2",
					"parent": "leg_right",
					"pivot": [-4.5, 2.75, 1.5],
					"rotation": [35, 0, 0],
					"cubes": [
						{"origin": [-5, 0.75, 1], "size": [2, 3, 3], "uv": [27, -1]}
					]
				},
				{
					"name": "foot_right",
					"parent": "leg_right2",
					"pivot": [-4.5, 0.75, 2.5],
					"rotation": [-17.5, 0, 0],
					"cubes": [
						{"origin": [-5.5, -0.75, -1], "size": [3, 2, 5], "uv": [47, 29]},
						{"origin": [-3, -0.75, -3], "size": [0, 2, 2], "uv": [0, 23]},
						{"origin": [-4, -0.75, -3], "size": [0, 2, 2], "uv": [18, 6]},
						{"origin": [-5, -0.75, -3], "size": [0, 2, 2], "uv": [14, 6]}
					]
				},
				{
					"name": "bone",
					"parent": "gabite",
					"pivot": [2.5, 25.5, -7]
				}
			]
		}
	]
}