{
	"format_version": "1.8.0",
	"animations": {
		"animation.seibat.ground_idle": {
			"loop": true,
			"bones": {
				"Body": {
					"position": [0, 1.05, 0]
				},
				"Head": {
					"rotation": ["Math.cos((query.anim_time-0.6) * 90) * 1", "Math.cos((query.anim_time-0.6) * 90*2) * 0.5", 0]
				},
				"MainHeadandSpikes": {
					"rotation": ["1+Math.cos((query.anim_time-0.6) * 90*3) * 0.5", 0, 0]
				},
				"RightEar": {
					"rotation": [0, "Math.cos((query.anim_time-0.6) * 90*2) * 1", "Math.cos((query.anim_time-0.6) * 90) * 1"]
				},
				"LeftEar": {
					"rotation": [0, "-Math.cos((query.anim_time-0.6) * 90*2) * 1", "-Math.cos((query.anim_time-0.6) * 90) * 1"]
				},
				"RightWing3": {
					"rotation": [0, -55, 0]
				},
				"RightWing2": {
					"rotation": [0, -82.5, 0]
				},
				"RightWing1": {
					"rotation": [0, -42.5, 0],
					"position": [0, 0, 0]
				},
				"LeftWing3": {
					"rotation": [0, 55, 0]
				},
				"LeftWing2": {
					"rotation": [0, 82.5, 0]
				},
				"LeftWing1": {
					"rotation": [0, 42.5, 0],
					"position": [0, 0, 0.01]
				},
				"Main_Body": {
					"rotation": ["-2*math.cos(q.anim_time*90)*1", 0, 0]
				},
				"LeftFoot": {
					"rotation": [45, 0, 0],
					"position": [0, 0, 0.25]
				},
				"RightFoot": {
					"rotation": [45, 0, 0],
					"position": [0, 0, 0.25]
				},
				"Tail": {
					"rotation": ["77.5-2*math.cos(q.anim_time*90*2)*2", 0, "-2*math.cos(q.anim_time*90*1.5)*2"]
				},
				"TailEnd": {
					"rotation": ["20-2*math.cos(q.anim_time*90*2-30)*1", 0, "-2*math.cos(q.anim_time*90*1.5-30)*2"]
				},
				"LeftFoot2": {
					"rotation": [-45, 0, 0]
				},
				"RightFoot2": {
					"rotation": [-45, 0, 0]
				},
				"Wings": {
					"rotation": ["-2*math.cos(q.anim_time*90)*1", 0, 0],
					"position": [0, "-0.1+Math.cos((query.anim_time-0.6) * 90) * 0.035", 0]
				}
			}
		},
		"animation.seibat.battle_idle": {
			"loop": true,
			"bones": {
				"Body": {
					"position": [0, 1.05, 0]
				},
				"Head": {
					"rotation": ["-5+Math.cos((query.anim_time-0.6) * 90) * 1", "Math.cos((query.anim_time-0.6) * 90*2) * 0.5", 0],
					"position": [0, -0.25, 0]
				},
				"MainHeadandSpikes": {
					"rotation": ["-13+Math.cos((query.anim_time-0.6) * 90*3) * 0.5", 0, 0],
					"position": [0, -0.25, 0]
				},
				"RightEar": {
					"rotation": [0, "Math.cos((query.anim_time-0.6) * 90*2) * 1", "Math.cos((query.anim_time-0.6) * 90) * 1"]
				},
				"LeftEar": {
					"rotation": [0, "-Math.cos((query.anim_time-0.6) * 90*2) * 1", "-Math.cos((query.anim_time-0.6) * 90) * 1"]
				},
				"RightWing3": {
					"rotation": [0, -55, 0]
				},
				"RightWing2": {
					"rotation": [0, -82.5, 0]
				},
				"RightWing1": {
					"rotation": [0, -42.5, 0],
					"position": [0, 0, 0]
				},
				"LeftWing3": {
					"rotation": [0, 55, 0]
				},
				"LeftWing2": {
					"rotation": [0, 82.5, 0]
				},
				"LeftWing1": {
					"rotation": [0, 42.5, 0],
					"position": [0, 0, 0.01]
				},
				"Main_Body": {
					"rotation": ["-2*math.cos(q.anim_time*90)*1", 0, 0]
				},
				"LeftFoot": {
					"rotation": [45, 0, 0],
					"position": [0, 0, 0.25]
				},
				"RightFoot": {
					"rotation": [45, 0, 0],
					"position": [0, 0, 0.25]
				},
				"Tail": {
					"rotation": ["77.5-2*math.cos(q.anim_time*90*2)*2", 0, "-2*math.cos(q.anim_time*90*1.5)*2"]
				},
				"TailEnd": {
					"rotation": ["20-2*math.cos(q.anim_time*90*2-30)*1", 0, "-2*math.cos(q.anim_time*90*1.5-30)*2"]
				},
				"LeftFoot2": {
					"rotation": [-45, 0, 0]
				},
				"RightFoot2": {
					"rotation": [-45, 0, 0]
				},
				"Wings": {
					"rotation": ["-2*math.cos(q.anim_time*90)*1", 0, 0],
					"position": [0, "-0.1+Math.cos((query.anim_time-0.6) * 90) * 0.035", 0]
				},
				"BackTongue": {
					"rotation": [1, 0, 0],
					"position": [0, 0, -3]
				},
				"FrontTongue": {
					"rotation": [56, 0, 0]
				},
				"ToungeBase": {
					"position": [0, 0, -1.9]
				}
			}
		},
		"animation.seibat.ground_walk": {
			"loop": true,
			"bones": {
				"Body": {
					"position": [0, 1.05, 0]
				},
				"Head": {
					"rotation": ["Math.cos((query.anim_time-0.6) * 90) * 1", "Math.cos((query.anim_time-0.6) * 90*2) * 0.5", 0]
				},
				"MainHeadandSpikes": {
					"rotation": ["1+Math.cos((query.anim_time-0.6) * 90*3) * 0.5", 0, 0]
				},
				"RightEar": {
					"rotation": [0, "Math.cos((query.anim_time-0.6) * 90*2) * 1", "Math.cos((query.anim_time-0.6) * 90) * 1"]
				},
				"LeftEar": {
					"rotation": [0, "-Math.cos((query.anim_time-0.6) * 90*2) * 1", "-Math.cos((query.anim_time-0.6) * 90) * 1"]
				},
				"RightWing3": {
					"rotation": [0, -55, 0]
				},
				"RightWing2": {
					"rotation": [0, -82.5, 0]
				},
				"RightWing1": {
					"rotation": [0, -42.5, 0],
					"position": [0, 0, 0]
				},
				"LeftWing3": {
					"rotation": [0, 55, 0]
				},
				"LeftWing2": {
					"rotation": [0, 82.5, 0]
				},
				"LeftWing1": {
					"rotation": [0, 42.5, 0],
					"position": [0, 0, 0.01]
				},
				"Main_Body": {
					"rotation": ["-2*math.cos(q.anim_time*90)*2", 0, 0]
				},
				"LeftFoot": {
					"rotation": ["45+2*math.cos(q.anim_time*90*3)*4", 0, 0],
					"position": [0, 0, 0.25]
				},
				"RightFoot": {
					"rotation": ["45-2*math.cos(q.anim_time*90*3)*4", 0, 0],
					"position": [0, 0, 0.25]
				},
				"Tail": {
					"rotation": ["77.5-2*math.cos(q.anim_time*90*2)*2", 0, "-2*math.cos(q.anim_time*90*1.5)*2"]
				},
				"TailEnd": {
					"rotation": ["20-2*math.cos(q.anim_time*90*2-30)*1", 0, "-2*math.cos(q.anim_time*90*1.5-30)*2"]
				},
				"LeftFoot2": {
					"rotation": ["-45-2*math.cos(q.anim_time*90*3)*4", 0, 0]
				},
				"RightFoot2": {
					"rotation": ["-45+2*math.cos(q.anim_time*90*3)*4", 0, 0]
				},
				"Wings": {
					"rotation": ["-2*math.cos(q.anim_time*90)*2", 0, 0],
					"position": [0, "-0.1+Math.cos((query.anim_time-0.6) * 90) * 0.035", 0]
				},
				"Torso": {
					"rotation": [0, "-2*math.cos(q.anim_time*90*3)*4", "-2*math.cos(q.anim_time*90*3)*1"],
					"position": [0, "math.cos(q.anim_time*90*3)*0.1", 0]
				}
			}
		},
		"animation.seibat.air_idle": {
			"loop": true,
			"bones": {
				"Body": {
					"rotation": ["12.5+Math.cos((query.anim_time-0.3) * 90 * 4*2+10) * 2", 0, "Math.cos((query.anim_time-0.5) * 90 * 4) * 2"],
					"position": [0, "5.5+Math.cos((query.anim_time) * 90 * 2) * 0.4, +Math.cos((query.anim_time) * 90 * 4*2) * 1", 0]
				},
				"LeftFoot": {
					"rotation": ["67.5-2*math.cos(q.anim_time*90*4)*4", 0, 0]
				},
				"LeftFoot2": {
					"rotation": ["-25-2*math.cos(q.anim_time*90*4)*4", 0, 0]
				},
				"RightFoot": {
					"rotation": ["67.5-2*math.cos(q.anim_time*90*4)*4", 0, 0]
				},
				"RightFoot2": {
					"rotation": ["-25-2*math.cos(q.anim_time*90*4)*4", 0, 0]
				},
				"Tail": {
					"rotation": ["7.5-2*math.cos(q.anim_time*90*8)*3", 0, "-2*math.cos(q.anim_time*90*4)*3"],
					"position": [0, 0.1, 0]
				},
				"TailEnd": {
					"rotation": ["20-2*math.cos(q.anim_time*90*8-30)*1", 0, "-2*math.cos(q.anim_time*90*4-30)*1"]
				},
				"RightWing1": {
					"rotation": [0, "Math.sin((query.anim_time) * 90* 15) * 20", 0]
				},
				"RightWing2": {
					"rotation": [0, "Math.sin((query.anim_time) * 90* 15-30) * 20", 0]
				},
				"RightWing3": {
					"rotation": [0, "Math.sin((query.anim_time) * 90* 15-60) * 20", 0]
				},
				"RightTalon": {
					"rotation": [0, "Math.sin((query.anim_time) * 90* 15-90) * 20", 0]
				},
				"LeftWing1": {
					"rotation": [0, "-Math.sin((query.anim_time) * 90* 15) * 20", 0]
				},
				"LeftWing2": {
					"rotation": [0, "-Math.sin((query.anim_time) * 90* 15-30) * 20", 0]
				},
				"LeftWing3": {
					"rotation": [0, "-Math.sin((query.anim_time) * 90* 15-60) * 20", 0]
				},
				"LeftTalon": {
					"rotation": [0, "-Math.sin((query.anim_time) * 90* 15-90) * 20", 0]
				},
				"head": {
					"rotation": ["30+Math.cos((query.anim_time-0.6) * 90*4) * 4", "Math.cos((query.anim_time-0.6) * 90*4) * 0.5", 0]
				},
				"MainHeadandSpikes": {
					"rotation": ["1+Math.cos((query.anim_time-0.6) * 90*3) * 0.5", 0, 0]
				},
				"RightEar": {
					"rotation": [0, "Math.cos((query.anim_time-0.6) * 90*2) * 1", "Math.cos((query.anim_time-0.6) * 90) * 1"]
				},
				"LeftEar": {
					"rotation": [0, "-Math.cos((query.anim_time-0.6) * 90*2) * 1", "-Math.cos((query.anim_time-0.6) * 90) * 1"]
				},
				"head_ai": {
					"rotation": [-35, 0, 0],
					"position": [0, -0.75, 1]
				}
			}
		},
		"animation.seibat.air_fly": {
			"loop": true,
			"bones": {
				"Body": {
					"rotation": ["65+Math.cos((query.anim_time-0.3) * 90 * 4*2+10) * 2", 0, "Math.cos((query.anim_time-0.5) * 90 * 4) * 2"],
					"position": [0, "5.5+Math.cos((query.anim_time) * 90 * 2) * 0.4, +Math.cos((query.anim_time) * 90 * 4*2) * 1", 0]
				},
				"LeftFoot": {
					"rotation": ["-22.5-2*math.cos(q.anim_time*90*4)*4", 0, 0]
				},
				"LeftFoot2": {
					"rotation": ["-25-2*math.cos(q.anim_time*90*4)*4", 0, 0]
				},
				"RightFoot": {
					"rotation": ["-22.5-2*math.cos(q.anim_time*90*4)*4", 0, 0]
				},
				"RightFoot2": {
					"rotation": ["-25-2*math.cos(q.anim_time*90*4)*4", 0, 0]
				},
				"Tail": {
					"rotation": ["7.5-2*math.cos(q.anim_time*90*8)*3", 0, "-2*math.cos(q.anim_time*90*4)*3"],
					"position": [0, 0.1, 0]
				},
				"TailEnd": {
					"rotation": ["20-2*math.cos(q.anim_time*90*8-30)*1", 0, "-2*math.cos(q.anim_time*90*4-30)*1"]
				},
				"RightWing1": {
					"rotation": [0, "Math.sin((query.anim_time) * 90* 15) * 20", 0]
				},
				"RightWing2": {
					"rotation": [0, "Math.sin((query.anim_time) * 90* 15-30) * 20", 0]
				},
				"RightWing3": {
					"rotation": [0, "Math.sin((query.anim_time) * 90* 15-60) * 20", 0]
				},
				"RightTalon": {
					"rotation": [0, "Math.sin((query.anim_time) * 90* 15-90) * 20", 0]
				},
				"LeftWing1": {
					"rotation": [0, "-Math.sin((query.anim_time) * 90* 15) * 20", 0]
				},
				"LeftWing2": {
					"rotation": [0, "-Math.sin((query.anim_time) * 90* 15-30) * 20", 0]
				},
				"LeftWing3": {
					"rotation": [0, "-Math.sin((query.anim_time) * 90* 15-60) * 20", 0]
				},
				"LeftTalon": {
					"rotation": [0, "-Math.sin((query.anim_time) * 90* 15-90) * 20", 0]
				},
				"head": {
					"rotation": ["-22.5+Math.cos((query.anim_time-0.6) * 90*4) * 4", "Math.cos((query.anim_time-0.6) * 90*4) * 0.5", 0],
					"position": [0, 0, -1.25]
				},
				"MainHeadandSpikes": {
					"rotation": ["1+Math.cos((query.anim_time-0.6) * 90*3) * 0.5", 0, 0]
				},
				"RightEar": {
					"rotation": [0, "Math.cos((query.anim_time-0.6) * 90*2) * 1", "Math.cos((query.anim_time-0.6) * 90) * 1"]
				},
				"LeftEar": {
					"rotation": [0, "-Math.cos((query.anim_time-0.6) * 90*2) * 1", "-Math.cos((query.anim_time-0.6) * 90) * 1"]
				},
				"head_ai": {
					"rotation": [-35, 0, 0],
					"position": [0, -0.75, 1]
				}
			}
		},
		"animation.seibat.sleep": {
			"loop": true,
			"bones": {
				"Body": {
					"rotation": [90, 0, 0],
					"position": [0, 3, 0]
				},
				"LeftFoot": {
					"rotation": [-52.5, 0, 0],
					"position": [0, 0, 1]
				},
				"LeftFoot2": {
					"rotation": [-30, 0, 0]
				},
				"RightFoot": {
					"rotation": [-52.5, 0, 0],
					"position": [0, 0, 1]
				},
				"RightFoot2": {
					"rotation": [-30, 0, 0]
				},
				"Upper_Torso": {
					"rotation": [-17.5, 0, 0],
					"position": [0, 0.75, 0]
				},
				"Main_Body": {
					"scale": [1, 1, "1+Math.cos((query.anim_time) * 90) * 0.03, +Math.cos((query.anim_time) * 90) * 0.03"]
				},
				"Tail": {
					"rotation": [-8.5, 0, 0],
					"position": [0, 0.25, 0]
				},
				"TailEnd": {
					"rotation": [25, 0, 0]
				},
				"RightWing2": {
					"rotation": [0, -12.5, 0]
				},
				"RightWing3": {
					"rotation": [0, -12.5, 0]
				},
				"RightTalon": {
					"rotation": [0, 22.5, 0]
				},
				"LeftWing2": {
					"rotation": [0, 12.5, 0]
				},
				"LeftWing3": {
					"rotation": [0, 12.5, 0]
				},
				"LeftTalon": {
					"rotation": [0, -22.5, 0]
				},
				"Head": {
					"rotation": [0, 0, 0]
				},
				"RightEar": {
					"rotation": [0, -47.5, 0],
					"position": [0, 0.5, 0]
				},
				"LeftEar": {
					"rotation": [0, 47.5, 0],
					"position": [0, 0.5, 0]
				},
				"Head_AI": {
					"position": [0, 0, -0.1],
					"scale": [1, 1, "1+Math.cos((query.anim_time) * 90) * 0.03, +Math.cos((query.anim_time) * 90) * 0.03"]
				},
				"legs": {
					"rotation": [-7.37468, 1.21013, -0.717],
					"position": [0, -0.25, -1.75]
				}
			}
		},
		"animation.seibat.faint": {
			"loop": true,
			"animation_length": 5.5,
			"bones": {
				"Body": {
					"rotation": {
						"0.0": {
							"post": [0, 0, 0],
							"lerp_mode": "catmullrom"
						},
						"0.25": {
							"post": [-25, 0, 0],
							"lerp_mode": "catmullrom"
						},
						"0.5": {
							"post": [-90, 0, 0],
							"lerp_mode": "catmullrom"
						}
					},
					"position": [0, 1.05, 0]
				},
				"Head": {
					"rotation": {
						"0.0": ["Math.cos((query.anim_time-0.6) * 90) * 1", "Math.cos((query.anim_time-0.6) * 90*2) * 0.5", 0],
						"0.25": [10, 0, 0]
					}
				},
				"MainHeadandSpikes": {
					"rotation": ["1+Math.cos((query.anim_time-0.6) * 90*3) * 0.5", 0, 0]
				},
				"RightEar": {
					"rotation": {
						"0.0": [0, "Math.cos((query.anim_time-0.6) * 90*2) * 1", "Math.cos((query.anim_time-0.6) * 90) * 1"],
						"0.125": [0, -40, 0],
						"0.375": [0, -40, 0],
						"0.5": [0, 0, 0]
					}
				},
				"LeftEar": {
					"rotation": {
						"0.0": [0, "-Math.cos((query.anim_time-0.6) * 90*2) * 1", "-Math.cos((query.anim_time-0.6) * 90) * 1"],
						"0.125": [-2.47929, 39.88129, 1.23298],
						"0.375": [-2.47929, 39.88129, 1.23298],
						"0.5": [-1.9023, -0.09225, 2.82635]
					}
				},
				"Lip": {
					"rotation": {
						"0.5": {
							"pre": [47.5, 0, 0],
							"post": [47.5, 0, 0],
							"lerp_mode": "catmullrom"
						}
					}
				},
				"BackTongue": {
					"rotation": {
						"0.0": [0, 0, 0],
						"0.25": [-17.5, 0, 0],
						"0.5": [-7.5, 0, 0]
					},
					"position": {
						"0.0": [0, 0, 0],
						"0.25": [0, -0.35, -3]
					}
				},
				"FrontTongue": {
					"rotation": {
						"0.0": [0, 0, 0],
						"0.25": [32.5, 0, 0],
						"0.5": [57.5, 0, 0]
					}
				},
				"RightWing3": {
					"rotation": {
						"0.0": [0, -55, 0],
						"0.5": {
							"pre": [0, 0, 0],
							"post": [0, 0, 0],
							"lerp_mode": "catmullrom"
						}
					}
				},
				"RightWing2": {
					"rotation": {
						"0.0": [0, -82.5, 0],
						"0.5": {
							"pre": [0, 0, 0],
							"post": [0, 0, 0],
							"lerp_mode": "catmullrom"
						}
					}
				},
				"RightWing1": {
					"rotation": {
						"0.0": [0, -42.5, 0],
						"0.5": {
							"pre": [0, 2.5, 0],
							"post": [0, 2.5, 0],
							"lerp_mode": "catmullrom"
						}
					},
					"position": [0, 0, 0]
				},
				"LeftWing3": {
					"rotation": {
						"0.0": [0, 55, 0],
						"0.5": {
							"pre": [0, 0, 0],
							"post": [0, 0, 0],
							"lerp_mode": "catmullrom"
						}
					}
				},
				"LeftWing2": {
					"rotation": {
						"0.0": [0, 82.5, 0],
						"0.5": {
							"pre": [0, 0, 0],
							"post": [0, 0, 0],
							"lerp_mode": "catmullrom"
						}
					}
				},
				"LeftWing1": {
					"rotation": {
						"0.0": [0, 42.5, 0],
						"0.5": {
							"pre": [0, -2.5, 0],
							"post": [0, -2.5, 0],
							"lerp_mode": "catmullrom"
						}
					},
					"position": [0, 0, 0.01]
				},
				"Main_Body": {
					"rotation": ["-2*math.cos(q.anim_time*90)*1", 0, 0]
				},
				"LeftFoot": {
					"rotation": {
						"0.0": [45, 0, 0],
						"0.5": {
							"pre": [97.5, 0, 0],
							"post": [97.5, 0, 0],
							"lerp_mode": "catmullrom"
						}
					},
					"position": [0, 0, 0.25]
				},
				"RightFoot": {
					"rotation": {
						"0.0": [45, 0, 0],
						"0.5": {
							"pre": [97.5, 0, 0],
							"post": [97.5, 0, 0],
							"lerp_mode": "catmullrom"
						}
					},
					"position": [0, 0, 0.25]
				},
				"Tail": {
					"rotation": {
						"0.0": ["77.5-2*math.cos(q.anim_time*90*2)*2", 0, "-2*math.cos(q.anim_time*90*1.5)*2"],
						"0.5": ["17.5-2*math.cos(q.anim_time*90*2)*2", 0, "-2*math.cos(q.anim_time*90*1.5)*2"]
					}
				},
				"TailEnd": {
					"rotation": {
						"0.0": ["20-2*math.cos(q.anim_time*90*2-30)*1", 0, "-2*math.cos(q.anim_time*90*1.5-30)*2"],
						"0.5": ["-17.5-2*math.cos(q.anim_time*90*2-30)*1", 0, "-2*math.cos(q.anim_time*90*1.5-30)*2"]
					}
				},
				"LeftFoot2": {
					"rotation": [-45, 0, 0]
				},
				"RightFoot2": {
					"rotation": [-45, 0, 0]
				},
				"Wings": {
					"rotation": ["-2*math.cos(q.anim_time*90)*1", 0, 0],
					"position": [0, "-0.1+Math.cos((query.anim_time-0.6) * 90) * 0.035", 0]
				}
			}
		},
		"animation.seibat.cry": {
			"animation_length": 0.7917,
			"bones": {
				"Head": {
					"rotation": {
						"0.0": {
							"post": [0, 0, 0],
							"lerp_mode": "catmullrom"
						},
						"0.125": {
							"post": [-20, 0, 0],
							"lerp_mode": "catmullrom"
						},
						"0.2917": {
							"post": [7.5, 0, 0],
							"lerp_mode": "catmullrom"
						},
						"0.375": {
							"post": [0, 0, 0],
							"lerp_mode": "catmullrom"
						},
						"0.4583": {
							"post": [7.5, 0, 0],
							"lerp_mode": "catmullrom"
						},
						"0.5417": {
							"post": [0, 0, 0],
							"lerp_mode": "catmullrom"
						},
						"0.625": {
							"post": [7.5, 0, 0],
							"lerp_mode": "catmullrom"
						},
						"0.7083": {
							"post": [0, 0, 0],
							"lerp_mode": "catmullrom"
						},
						"0.7917": {
							"post": [0, 0, 0],
							"lerp_mode": "catmullrom"
						}
					},
					"position": {
						"0.0": {
							"post": [0, 0, 0],
							"lerp_mode": "catmullrom"
						},
						"0.125": {
							"post": [0, -1, 0],
							"lerp_mode": "catmullrom"
						},
						"0.2917": {
							"post": [0, 0, 0],
							"lerp_mode": "catmullrom"
						},
						"0.7917": {
							"post": [0, 0, 0],
							"lerp_mode": "catmullrom"
						}
					}
				},
				"Lip": {
					"rotation": {
						"0.0": {
							"post": [0, 0, 0],
							"lerp_mode": "catmullrom"
						},
						"0.125": {
							"post": [22.5, 0, 0],
							"lerp_mode": "catmullrom"
						},
						"0.2917": {
							"post": [10, 0, 0],
							"lerp_mode": "catmullrom"
						},
						"0.375": {
							"post": [20, 0, 0],
							"lerp_mode": "catmullrom"
						},
						"0.4583": {
							"post": [10, 0, 0],
							"lerp_mode": "catmullrom"
						},
						"0.5417": {
							"post": [20, 0, 0],
							"lerp_mode": "catmullrom"
						},
						"0.625": {
							"post": [10, 0, 0],
							"lerp_mode": "catmullrom"
						},
						"0.7083": {
							"post": [20, 0, 0],
							"lerp_mode": "catmullrom"
						},
						"0.7917": {
							"post": [0, 0, 0],
							"lerp_mode": "catmullrom"
						}
					}
				}
			},
			"sound_effects": {
				"0.0": {
					"effect": "pokemon.seibat.cry"
				}
			}
		}
	}
}