{
	"format_version": "1.12.0",
	"minecraft:geometry": [
		{
			"description": {
				"identifier": "geometry.orbiclad",
				"texture_width": 64,
				"texture_height": 64,
				"visible_bounds_width": 2,
				"visible_bounds_height": 3.5,
				"visible_bounds_offset": [0, 1.25, 0]
			},
			"bones": [
				{
					"name": "orbiclad",
					"pivot": [0, 0, 0]
				},
				{
					"name": "rotate",
					"parent": "orbiclad",
					"pivot": [0, 0, 0]
				},
				{
					"name": "body",
					"parent": "rotate",
					"pivot": [0, 0, -17.25],
					"rotation": [0, 90, 0]
				},
				{
					"name": "torso",
					"parent": "body",
					"pivot": [-15.25, 0, -17.25],
					"cubes": [
						{"origin": [-20, 0, -22.25], "size": [10, 2, 10], "uv": [0, 16]},
						{"origin": [-18.5, 2, -20.75], "size": [7, 7, 7], "uv": [28, 28]}
					]
				},
				{
					"name": "arm_left",
					"parent": "torso",
					"pivot": [-13, 2.75, -14],
					"cubes": [
						{"origin": [-14, 2.25, -14], "size": [2, 1, 4], "uv": [30, 19]}
					]
				},
				{
					"name": "arm_right",
					"parent": "torso",
					"pivot": [-13, 2.75, -20.6],
					"cubes": [
						{"origin": [-14, 2.25, -24.5], "size": [2, 1, 4], "uv": [21, 28]}
					]
				},
				{
					"name": "slime",
					"parent": "torso",
					"pivot": [0, -1.5, -17.25]
				},
				{
					"name": "stalk1_right",
					"parent": "torso",
					"pivot": [-11.25, 2, -17.5],
					"rotation": [0, 22.5, -22.5],
					"cubes": [
						{"origin": [-11, 2.25, -18.75], "size": [5, 1, 1], "inflate": 0.25, "uv": [35, 2]}
					]
				},
				{
					"name": "stalk2_right",
					"parent": "stalk1_right",
					"pivot": [-5.75, 2, -18.25],
					"rotation": [0, 0, -40],
					"cubes": [
						{"origin": [-5.5, 2.25, -18.75], "size": [5, 1, 1], "inflate": 0.24, "uv": [35, 0]}
					]
				},
				{
					"name": "eye_right",
					"parent": "stalk2_right",
					"pivot": [0.16, 3, -18.25],
					"rotation": [0, -90, 67.5],
					"cubes": [
						{"origin": [-0.84, 1.85472, -19.21788], "size": [2, 2, 2], "inflate": 0.4, "uv": [0, 4], "mirror": true},
						{"origin": [-0.35, 1.85, -19.32], "size": [1, 2, 2], "inflate": 0.3, "uv": [0, 46]},
						{"origin": [-0.85, 2.25, -19.33], "size": [2, 1, 2], "inflate": 0.3, "uv": [38, 19]}
					]
				},
				{
					"name": "eyelid_right",
					"parent": "eye_right",
					"pivot": [0.16, 2.85472, -18.21788],
					"cubes": [
						{"origin": [-0.84, 2.35472, -19.21788], "size": [2, 1, 2], "inflate": 0.01, "uv": [56, 20], "mirror": true},
						{"origin": [-0.84, 1.85472, -19.21788], "size": [2, 2, 2], "uv": [56, 29], "mirror": true}
					]
				},
				{
					"name": "stalk1_left",
					"parent": "torso",
					"pivot": [-11.25, 2, -17],
					"rotation": [0, -22.5, -22.5],
					"cubes": [
						{"origin": [-11, 2.25, -16.75], "size": [5, 1, 1], "inflate": 0.25, "uv": [35, 2]}
					]
				},
				{
					"name": "stalk2_left",
					"parent": "stalk1_left",
					"pivot": [-5.75, 2, -16.25],
					"rotation": [0, 0, -40],
					"cubes": [
						{"origin": [-5.5, 2.25, -16.75], "size": [5, 1, 1], "inflate": 0.24, "uv": [35, 0]}
					]
				},
				{
					"name": "eye_left",
					"parent": "stalk2_left",
					"pivot": [0.15, 2.75, -16.25],
					"rotation": [0, -90, 67.5],
					"cubes": [
						{"origin": [-0.85, 1.85472, -17.21788], "size": [2, 2, 2], "inflate": 0.4, "uv": [0, 4]},
						{"origin": [-0.35, 1.9, -17.32], "size": [1, 2, 2], "inflate": 0.3, "uv": [14, 44]},
						{"origin": [-0.85, 2.35472, -17.33], "size": [2, 1, 2], "inflate": 0.3, "uv": [0, 23]}
					]
				},
				{
					"name": "eyelid_left",
					"parent": "eye_left",
					"pivot": [0.15, 2.85472, -16.21788],
					"cubes": [
						{"origin": [-0.85, 1.85472, -17.21788], "size": [2, 2, 2], "uv": [56, 29]},
						{"origin": [-0.85, 2.35472, -17.21788], "size": [2, 1, 2], "inflate": 0.01, "uv": [56, 20]}
					]
				},
				{
					"name": "stalk1_middle",
					"parent": "torso",
					"pivot": [-11.25, 2, -17.25],
					"rotation": [0, 0, -22.5],
					"cubes": [
						{"origin": [-11, 2.25, -17.75], "size": [5, 1, 1], "inflate": 0.25, "uv": [35, 2]}
					]
				},
				{
					"name": "stalk2_middle",
					"parent": "stalk1_middle",
					"pivot": [-5.75, 2, -17.25],
					"rotation": [0, 0, -40],
					"cubes": [
						{"origin": [-5.5, 2.25, -17.75], "size": [5, 1, 1], "inflate": 0.24, "uv": [35, 0]}
					]
				},
				{
					"name": "eye_middle",
					"parent": "stalk2_middle",
					"pivot": [0.65, 3.5, -17.25],
					"rotation": [0, -90, 62.5],
					"cubes": [
						{"origin": [-0.31071, 2.35472, -18.42859], "size": [2, 2, 2], "inflate": 0.4, "uv": [0, 4]},
						{"origin": [0.18929, 2.4, -18.5307], "size": [1, 2, 2], "inflate": 0.3, "uv": [0, 28]},
						{"origin": [-0.31071, 2.85472, -18.5407], "size": [2, 1, 2], "inflate": 0.3, "uv": [0, 20]}
					]
				},
				{
					"name": "eyelid_middle",
					"parent": "eye_middle",
					"pivot": [0.68929, 3.35472, -17.42859],
					"cubes": [
						{"origin": [-0.31071, 2.35472, -18.42859], "size": [2, 2, 2], "uv": [56, 29]},
						{"origin": [-0.31071, 2.85472, -18.42859], "size": [2, 1, 2], "inflate": 0.01, "uv": [56, 20]}
					]
				},
				{
					"name": "shell",
					"parent": "body",
					"pivot": [-15, 2, -17.25],
					"rotation": [0, 0, -4],
					"cubes": [
						{"origin": [-19.5, 4, -21.75], "size": [9, 7, 9], "uv": [0, 0]},
						{"origin": [-16.5, 2.5, -22], "size": [2, 3, 1], "inflate": 0.1, "uv": [0, 42]},
						{"origin": [-16.5, 2.5, -13.5], "size": [2, 3, 1], "inflate": 0.1, "uv": [29, 28]},
						{"origin": [-16.5, 25, -18.75], "size": [3, 7, 3], "inflate": 0.25, "uv": [42, 42]},
						{"origin": [-17.5, 18, -19.75], "size": [5, 7, 5], "inflate": 0.2, "uv": [22, 42]},
						{"origin": [-18.5, 11, -20.75], "size": [7, 7, 7], "inflate": 0.1, "uv": [0, 28]},
						{"origin": [-16.5, 6, -22.25], "size": [3, 3, 10], "inflate": 0.1, "uv": [30, 6]},
						{"origin": [-16.5, 13, -21.25], "size": [3, 3, 8], "inflate": 0.1, "uv": [0, 42]},
						{"origin": [-16, 20, -20.25], "size": [2, 3, 6], "inflate": 0.2, "uv": [40, 19]},
						{"origin": [-16, 27, -19.25], "size": [2, 3, 4], "inflate": 0.15, "uv": [27, 0], "mirror": true},
						{"origin": [-16, 27, -19.25], "size": [2, 3, 4], "inflate": 0.15, "pivot": [-15, 28.5, -17.25], "rotation": [0, -90, 0], "uv": [27, 0]},
						{"origin": [-16, 20, -20.25], "size": [2, 3, 6], "inflate": 0.2, "pivot": [-15, 21.5, -17.25], "rotation": [0, -90, 0], "uv": [40, 19]},
						{"origin": [-16.5, 13, -21.25], "size": [3, 3, 8], "inflate": 0.1, "pivot": [-15, 14.5, -17.25], "rotation": [0, -90, 0], "uv": [0, 42]},
						{"origin": [-16.5, 6, -22.25], "size": [3, 3, 10], "inflate": 0.1, "pivot": [-15, 7.5, -17.25], "rotation": [0, -90, 0], "uv": [30, 6]}
					]
				},
				{
					"name": "drone_right",
					"parent": "rotate",
					"pivot": [0, 9, 0],
					"cubes": [
						{"origin": [-1, 8, -1], "size": [2, 2, 2], "inflate": 0.4, "uv": [0, 4]},
						{"origin": [-0.5, 8, -1.11], "size": [1, 2, 2], "inflate": 0.3, "uv": [0, 28]},
						{"origin": [-1, 8.5, -1.12], "size": [2, 1, 2], "inflate": 0.3, "uv": [0, 20]}
					]
				},
				{
					"name": "ring_right",
					"parent": "drone_right",
					"pivot": [0, 9, 0],
					"cubes": [
						{"origin": [-3, 9, -3], "size": [6, 0, 6], "uv": [46, 7], "mirror": true}
					]
				},
				{
					"name": "drone_left",
					"parent": "rotate",
					"pivot": [0, 9, 0],
					"rotation": [0, 180, 0],
					"cubes": [
						{"origin": [-1, 8, -1], "size": [2, 2, 2], "inflate": 0.4, "uv": [0, 4]},
						{"origin": [-0.5, 8, -1.11], "size": [1, 2, 2], "inflate": 0.3, "uv": [0, 28]},
						{"origin": [-1, 8.5, -1.12], "size": [2, 1, 2], "inflate": 0.3, "uv": [0, 20]}
					]
				},
				{
					"name": "ring_left",
					"parent": "drone_left",
					"pivot": [0, 9, 0],
					"cubes": [
						{"origin": [-3, 9, -3], "size": [6, 0, 6], "uv": [46, 7]}
					]
				}
			]
		}
	]
}