{
	"format_version": "1.12.0",
	"minecraft:geometry": [
		{
			"description": {
				"identifier": "geometry.unknown",
				"texture_width": 128,
				"texture_height": 128,
				"visible_bounds_width": 4,
				"visible_bounds_height": 3.5,
				"visible_bounds_offset": [0, 1.25, 0]
			},
			"bones": [
				{
					"name": "whole",
					"pivot": [0, 0, 0]
				},
				{
					"name": "head",
					"parent": "whole",
					"pivot": [0, 21.225, -12.925],
					"cubes": [
						{"origin": [-2.5, 21.225, -16.925], "size": [5, 6, 6], "uv": [46, 38]}
					]
				},
				{
					"name": "beak",
					"parent": "head",
					"pivot": [0, 23.725, -16.925],
					"rotation": [10, 0, 0]
				},
				{
					"name": "topbeak",
					"parent": "beak",
					"pivot": [0, 23.47785, -16.35963],
					"cubes": [
						{"origin": [-1, 22.475, -19.425], "size": [2, 2, 4], "pivot": [0, 23.225, -18.425], "rotation": [5, 0, 0], "uv": [16, 70]},
						{"origin": [-1, 20.475, -19.425], "size": [2, 2, 0], "inflate": 0.001, "pivot": [0, 23.225, -18.425], "rotation": [5, 0, 0], "uv": [0, 0]}
					]
				},
				{
					"name": "bottombeak",
					"parent": "beak",
					"pivot": [0, 23.47785, -16.35963],
					"cubes": [
						{"origin": [-1, 21.63228, -19.31701], "size": [2, 1, 4], "pivot": [0, 22.06691, -16.56986], "rotation": [5, 0, 0], "uv": [0, 16]}
					]
				},
				{
					"name": "eyes",
					"parent": "head",
					"pivot": [0, 11.225, -11.925]
				},
				{
					"name": "lefteye",
					"parent": "eyes",
					"pivot": [-0.5, 11.225, -11.925]
				},
				{
					"name": "leftlid",
					"parent": "lefteye",
					"pivot": [2.67067, 24.95597, -13.925],
					"cubes": [
						{"origin": [2.575, 24.225, -15.425], "size": [0, 2, 3], "uv": [0, 6]},
						{"origin": [2.575, 23.225, -15.425], "size": [0, 1, 3], "pivot": [2.575, 24.225, -13.925], "rotation": [0, 0, -157.5], "uv": [0, 9]}
					]
				},
				{
					"name": "lefteyewhite",
					"parent": "lefteye",
					"pivot": [-0.5, 8.225, -11.925],
					"cubes": [
						{"origin": [2.525, 22.475, -15.425], "size": [0, 2, 3], "uv": [0, 4]}
					]
				},
				{
					"name": "leftpupil",
					"parent": "lefteye",
					"pivot": [-0.475, 8.225, -11.425],
					"cubes": [
						{"origin": [2.55, 23.25, -14.925], "size": [0, 1, 2], "uv": [4, 0]}
					]
				},
				{
					"name": "righteye",
					"parent": "eyes",
					"pivot": [0.5, 11.225, -11.925]
				},
				{
					"name": "rightlid",
					"parent": "righteye",
					"pivot": [-2.67067, 24.95597, -13.925],
					"cubes": [
						{"origin": [-2.575, 24.225, -15.425], "size": [0, 2, 3], "uv": [0, 2]},
						{"origin": [-2.575, 23.225, -15.425], "size": [0, 1, 3], "pivot": [-2.575, 24.225, -13.925], "rotation": [0, 0, 157.5], "uv": [0, 8]}
					]
				},
				{
					"name": "righteyewhite",
					"parent": "righteye",
					"pivot": [0.5, 8.225, -11.925],
					"cubes": [
						{"origin": [-2.525, 22.475, -15.425], "size": [0, 2, 3], "uv": [0, 0]}
					]
				},
				{
					"name": "rightpupil",
					"parent": "righteye",
					"pivot": [0.475, 8.225, -11.425],
					"cubes": [
						{"origin": [-2.55, 23.25, -14.925], "size": [0, 1, 2], "uv": [0, 0]}
					]
				},
				{
					"name": "headfeathers",
					"parent": "head",
					"pivot": [0, 27.225, -13.925]
				},
				{
					"name": "headfeather1",
					"parent": "headfeathers",
					"pivot": [0, 27.07199, -13.87696],
					"rotation": [12.5, 0, 0],
					"cubes": [
						{"origin": [-1.5, 26.225, -13.925], "size": [3, 0, 6], "pivot": [0, 26.225, -15.925], "rotation": [27.5, 0, 0], "uv": [0, 44]}
					]
				},
				{
					"name": "segment2",
					"parent": "headfeather1",
					"pivot": [0, 29.92376, -8.92424],
					"rotation": [-17.5, 0, 0],
					"cubes": [
						{"origin": [-1.5, 29.84888, -8.95283], "size": [3, 0, 8], "pivot": [0, 29.76598, -8.78087], "rotation": [-30, 0, 0], "uv": [61, 0]}
					]
				},
				{
					"name": "segment3",
					"parent": "segment2",
					"pivot": [0, 10.225, -10.925],
					"cubes": [
						{"origin": [-1.5, 25.94171, -1.96495], "size": [3, 0, 5], "pivot": [0, 25.92376, -1.99604], "rotation": [-130, 0, 0], "uv": [69, 18]}
					]
				},
				{
					"name": "headfeather2",
					"parent": "headfeathers",
					"pivot": [0, 27.07199, -13.87696],
					"rotation": [15.61249, -36.46498, -9.42961],
					"cubes": [
						{"origin": [-1.5, 26.225, -13.925], "size": [3, 0, 6], "pivot": [0, 26.225, -15.925], "rotation": [27.5, 0, 0], "uv": [0, 44]}
					]
				},
				{
					"name": "segment4",
					"parent": "headfeather2",
					"pivot": [0, 29.92376, -8.92424],
					"rotation": [-17.5, 0, 0],
					"cubes": [
						{"origin": [-1.5, 29.84888, -8.95283], "size": [3, 0, 8], "pivot": [0, 29.76598, -8.78087], "rotation": [-30, 0, 0], "uv": [61, 0]}
					]
				},
				{
					"name": "segment5",
					"parent": "segment4",
					"pivot": [0, 10.225, -10.925],
					"cubes": [
						{"origin": [-1.5, 25.94171, -1.96495], "size": [3, 0, 5], "pivot": [0, 25.92376, -1.99604], "rotation": [-130, 0, 0], "uv": [69, 18]}
					]
				},
				{
					"name": "headfeather3",
					"parent": "headfeathers",
					"pivot": [0, 27.07199, -13.87696],
					"rotation": [15.61249, 36.46498, 9.42961],
					"cubes": [
						{"origin": [-1.5, 26.225, -13.925], "size": [3, 0, 6], "pivot": [0, 26.225, -15.925], "rotation": [27.5, 0, 0], "uv": [0, 44], "mirror": true}
					]
				},
				{
					"name": "segment6",
					"parent": "headfeather3",
					"pivot": [0, 29.92376, -8.92424],
					"rotation": [-17.5, 0, 0],
					"cubes": [
						{"origin": [-1.5, 29.84888, -8.95283], "size": [3, 0, 8], "pivot": [0, 29.76598, -8.78087], "rotation": [-30, 0, 0], "uv": [61, 0], "mirror": true}
					]
				},
				{
					"name": "segment7",
					"parent": "segment6",
					"pivot": [0, 10.225, -10.925],
					"cubes": [
						{"origin": [-1.5, 25.94171, -1.96495], "size": [3, 0, 5], "pivot": [0, 25.92376, -1.99604], "rotation": [-130, 0, 0], "uv": [69, 18], "mirror": true}
					]
				},
				{
					"name": "neck",
					"parent": "whole",
					"pivot": [0, 14.475, -9.925]
				},
				{
					"name": "upperneck",
					"parent": "neck",
					"pivot": [0, 5.475, -7.925],
					"cubes": [
						{"origin": [-2, 16.475, -15.425], "size": [4, 6, 4], "pivot": [0, 21.475, -13.925], "rotation": [25, 0, 0], "uv": [0, 65]}
					]
				},
				{
					"name": "lowerneck",
					"parent": "neck",
					"pivot": [0, 15.15477, -10.35875],
					"cubes": [
						{"origin": [-2.5, 14.15477, -13.85875], "size": [5, 6, 5], "pivot": [0, 17.15477, -11.35875], "rotation": [32.5, 0, 0], "uv": [52, 50]}
					]
				},
				{
					"name": "body",
					"parent": "whole",
					"pivot": [0, 13.15091, -4.60411],
					"cubes": [
						{"origin": [-3.5, 14.27446, -14.43809], "size": [7, 5, 8], "pivot": [0, 17.02446, -9.18809], "rotation": [75, 0, 0], "uv": [47, 0]},
						{"origin": [-6.5, -0.72554, -26.16309], "size": [13, 17, 21], "pivot": [0, 17.02446, -9.18809], "rotation": [90, 0, 0], "uv": [0, 0]}
					]
				},
				{
					"name": "rightcoat",
					"parent": "body",
					"pivot": [-8, 0.04946, 0.53691],
					"rotation": [0, 10, 0],
					"cubes": [
						{"origin": [-10.5, -0.72554, -25.68809], "size": [6, 17, 0], "pivot": [0, 17.02446, -8.71309], "rotation": [90, 0, 0], "uv": [64, 61]}
					]
				},
				{
					"name": "leftcoat",
					"parent": "body",
					"pivot": [8, 0.04946, 0.53691],
					"rotation": [0, -10, 0],
					"cubes": [
						{"origin": [4.5, -0.72554, -25.68809], "size": [6, 17, 0], "pivot": [0, 17.02446, -8.71309], "rotation": [90, 0, 0], "uv": [52, 61]}
					]
				},
				{
					"name": "tailfeather",
					"parent": "body",
					"pivot": [0, 19.25, 8.5],
					"rotation": [15, 0, 0]
				},
				{
					"name": "feather",
					"parent": "tailfeather",
					"pivot": [0, 20.04946, 8.56191],
					"rotation": [-22.5, 0, 0],
					"cubes": [
						{"origin": [-1.5, 20.04946, 8.56191], "size": [3, 0, 10], "pivot": [0, 20.04946, 8.56191], "rotation": [90, 0, 0], "uv": [30, 38]}
					]
				},
				{
					"name": "feather2",
					"parent": "feather",
					"pivot": [0, 30.04946, 8.56191],
					"rotation": [-55, 0, 0],
					"cubes": [
						{"origin": [-1.5, 30.04946, 8.56191], "size": [3, 0, 8], "pivot": [0, 30.04946, 8.56191], "rotation": [90, 0, 0], "uv": [60, 29]}
					]
				},
				{
					"name": "feather3",
					"parent": "feather2",
					"pivot": [0, 38.04946, 8.56191],
					"cubes": [
						{"origin": [-1.5, 38.04946, 8.56191], "size": [3, 0, 5], "pivot": [0, 38.04946, 8.56191], "rotation": [42.5, 0, 0], "uv": [41, 65]}
					]
				},
				{
					"name": "feather4",
					"parent": "tailfeather",
					"pivot": [0, 20.04946, 8.56191],
					"rotation": [-26.71325, 4.69983, 20.35036],
					"cubes": [
						{"origin": [-1.5, 20.04946, 8.56191], "size": [3, 0, 10], "pivot": [0, 20.04946, 8.56191], "rotation": [90, 0, 0], "uv": [30, 38]}
					]
				},
				{
					"name": "feather5",
					"parent": "feather4",
					"pivot": [0, 30.04946, 8.56191],
					"rotation": [-55, 0, 0],
					"cubes": [
						{"origin": [-1.5, 30.04946, 8.56191], "size": [3, 0, 8], "pivot": [0, 30.04946, 8.56191], "rotation": [90, 0, 0], "uv": [60, 29]}
					]
				},
				{
					"name": "feather6",
					"parent": "feather5",
					"pivot": [0, 38.04946, 8.56191],
					"cubes": [
						{"origin": [-1.5, 38.04946, 8.56191], "size": [3, 0, 5], "pivot": [0, 38.04946, 8.56191], "rotation": [42.5, 0, 0], "uv": [41, 65]}
					]
				},
				{
					"name": "feather10",
					"parent": "tailfeather",
					"pivot": [0, 20.04946, 8.56191],
					"rotation": [-28.2537, 14.3087, 41.00796],
					"cubes": [
						{"origin": [-1.5, 20.04946, 8.56191], "size": [3, 0, 10], "pivot": [0, 20.04946, 8.56191], "rotation": [90, 0, 0], "uv": [30, 38]}
					]
				},
				{
					"name": "feather11",
					"parent": "feather10",
					"pivot": [0, 30.04946, 8.56191],
					"rotation": [-55, 0, 0],
					"cubes": [
						{"origin": [-1.5, 30.04946, 8.56191], "size": [3, 0, 8], "pivot": [0, 30.04946, 8.56191], "rotation": [90, 0, 0], "uv": [60, 29]}
					]
				},
				{
					"name": "feather12",
					"parent": "feather11",
					"pivot": [0, 38.04946, 8.56191],
					"cubes": [
						{"origin": [-1.5, 38.04946, 8.56191], "size": [3, 0, 5], "pivot": [0, 38.04946, 8.56191], "rotation": [42.5, 0, 0], "uv": [41, 65]}
					]
				},
				{
					"name": "feather13",
					"parent": "tailfeather",
					"pivot": [0, 20.04946, 8.56191],
					"rotation": [-28.2537, -14.3087, -41.00796],
					"cubes": [
						{"origin": [-1.5, 20.04946, 8.56191], "size": [3, 0, 10], "pivot": [0, 20.04946, 8.56191], "rotation": [90, 0, 0], "uv": [30, 38], "mirror": true}
					]
				},
				{
					"name": "feather14",
					"parent": "feather13",
					"pivot": [0, 30.04946, 8.56191],
					"rotation": [-55, 0, 0],
					"cubes": [
						{"origin": [-1.5, 30.04946, 8.56191], "size": [3, 0, 8], "pivot": [0, 30.04946, 8.56191], "rotation": [90, 0, 0], "uv": [60, 29], "mirror": true}
					]
				},
				{
					"name": "feather15",
					"parent": "feather14",
					"pivot": [0, 38.04946, 8.56191],
					"cubes": [
						{"origin": [-1.5, 38.04946, 8.56191], "size": [3, 0, 5], "pivot": [0, 38.04946, 8.56191], "rotation": [42.5, 0, 0], "uv": [41, 65], "mirror": true}
					]
				},
				{
					"name": "feather16",
					"parent": "tailfeather",
					"pivot": [0, 20.04946, 8.56191],
					"rotation": [-28.47031, -23.3365, -62.90191],
					"cubes": [
						{"origin": [-1.5, 20.04946, 8.56191], "size": [3, 0, 10], "pivot": [0, 20.04946, 8.56191], "rotation": [90, 0, 0], "uv": [30, 38], "mirror": true}
					]
				},
				{
					"name": "feather17",
					"parent": "feather16",
					"pivot": [0, 30.04946, 8.56191],
					"rotation": [-55, 0, 0],
					"cubes": [
						{"origin": [-1.5, 30.04946, 8.56191], "size": [3, 0, 8], "pivot": [0, 30.04946, 8.56191], "rotation": [90, 0, 0], "uv": [60, 29], "mirror": true}
					]
				},
				{
					"name": "feather18",
					"parent": "feather17",
					"pivot": [0, 38.04946, 8.56191],
					"cubes": [
						{"origin": [-1.5, 38.04946, 8.56191], "size": [3, 0, 5], "pivot": [0, 38.04946, 8.56191], "rotation": [42.5, 0, 0], "uv": [41, 65], "mirror": true}
					]
				},
				{
					"name": "feather19",
					"parent": "tailfeather",
					"pivot": [0, 20.04946, 8.56191],
					"rotation": [-28.47031, 23.3365, 62.90191],
					"cubes": [
						{"origin": [-1.5, 20.04946, 8.56191], "size": [3, 0, 10], "pivot": [0, 20.04946, 8.56191], "rotation": [90, 0, 0], "uv": [30, 38]}
					]
				},
				{
					"name": "feather20",
					"parent": "feather19",
					"pivot": [0, 30.04946, 8.56191],
					"rotation": [-55, 0, 0],
					"cubes": [
						{"origin": [-1.5, 30.04946, 8.56191], "size": [3, 0, 8], "pivot": [0, 30.04946, 8.56191], "rotation": [90, 0, 0], "uv": [60, 29]}
					]
				},
				{
					"name": "feather21",
					"parent": "feather20",
					"pivot": [0, 38.04946, 8.56191],
					"cubes": [
						{"origin": [-1.5, 38.04946, 8.56191], "size": [3, 0, 5], "pivot": [0, 38.04946, 8.56191], "rotation": [42.5, 0, 0], "uv": [41, 65]}
					]
				},
				{
					"name": "feather7",
					"parent": "tailfeather",
					"pivot": [0, 20.04946, 8.56191],
					"rotation": [-26.71325, -4.69983, -20.35036],
					"cubes": [
						{"origin": [-1.5, 20.04946, 8.56191], "size": [3, 0, 10], "pivot": [0, 20.04946, 8.56191], "rotation": [90, 0, 0], "uv": [30, 38], "mirror": true}
					]
				},
				{
					"name": "feather8",
					"parent": "feather7",
					"pivot": [0, 30.04946, 8.56191],
					"rotation": [-55, 0, 0],
					"cubes": [
						{"origin": [-1.5, 30.04946, 8.56191], "size": [3, 0, 8], "pivot": [0, 30.04946, 8.56191], "rotation": [90, 0, 0], "uv": [60, 29], "mirror": true}
					]
				},
				{
					"name": "feather9",
					"parent": "feather8",
					"pivot": [0, 38.04946, 8.56191],
					"cubes": [
						{"origin": [-1.5, 38.04946, 8.56191], "size": [3, 0, 5], "pivot": [0, 38.04946, 8.56191], "rotation": [42.5, 0, 0], "uv": [41, 65], "mirror": true}
					]
				},
				{
					"name": "wings",
					"parent": "body",
					"pivot": [0, 17, -6]
				},
				{
					"name": "leftwing",
					"parent": "wings",
					"pivot": [6.55, 18.04946, 0.06191],
					"rotation": [0, 0, -2.5],
					"cubes": [
						{"origin": [6.55, 4.54946, -5.93809], "size": [0, 15, 12], "pivot": [6.05, 12.04946, 0.06191], "rotation": [82.5, 0, 0], "uv": [26, 38]}
					]
				},
				{
					"name": "rightwing",
					"parent": "wings",
					"pivot": [-6.55, 18.04946, 0.06191],
					"rotation": [0, 0, 2.5],
					"cubes": [
						{"origin": [-6.55, 4.54946, -5.93809], "size": [0, 15, 12], "pivot": [-6.05, 12.04946, 0.06191], "rotation": [82.5, 0, 0], "uv": [26, 38], "mirror": true}
					]
				}
			]
		}
	]
}