{
	"format_version": "1.12.0",
	"minecraft:geometry": [
		{
			"description": {
				"identifier": "geometry.aurorus",
				"texture_width": 256,
				"texture_height": 256,
				"visible_bounds_width": 9,
				"visible_bounds_height": 4.5,
				"visible_bounds_offset": [0, 1.75, 0]
			},
			"bones": [
				{
					"name": "stegostormus",
					"pivot": [0, 0, 0]
				},
				{
					"name": "body",
					"parent": "stegostormus",
					"pivot": [0, 22, 0]
				},
				{
					"name": "waist",
					"parent": "body",
					"pivot": [0, 22.5, 9.75],
					"cubes": [
						{"origin": [-8.5, 13.75, 4], "size": [17, 16, 11], "uv": [0, 72]},
						{"origin": [4, 27, 10], "size": [2, 12, 12], "pivot": [5, 27, 13], "rotation": [45, 0, 0], "uv": [131, 142]},
						{"origin": [-6, 27, 10], "size": [2, 12, 12], "pivot": [-5, 27, 13], "rotation": [45, 0, 0], "uv": [131, 142]}
					]
				},
				{
					"name": "torso",
					"parent": "waist",
					"pivot": [0, 22.25, 7],
					"cubes": [
						{"origin": [-9.5, 13.75, -8], "size": [19, 17, 15], "inflate": 0.01, "uv": [0, 101]},
						{"origin": [-1, 27, -2], "size": [2, 18, 18], "pivot": [0, 27, 1], "rotation": [45, 0, 0], "uv": [0, 10]}
					]
				},
				{
					"name": "tail",
					"parent": "torso",
					"pivot": [0, 21, 15],
					"rotation": [0.5, 0, 0],
					"cubes": [
						{"origin": [-7, 15.00053, 14.87783], "size": [14, 14, 16], "uv": [0, 161]}
					]
				},
				{
					"name": "tail2",
					"parent": "tail",
					"pivot": [0, 21.00053, 28.87783],
					"cubes": [
						{"origin": [-6, 16.00053, 28.87783], "size": [12, 12, 18], "uv": [63, 162]}
					]
				},
				{
					"name": "tail3",
					"parent": "tail2",
					"pivot": [0, 21.50053, 45.87783],
					"cubes": [
						{"origin": [-4, 18.00053, 46.87783], "size": [7, 8, 17], "uv": [90, 71]},
						{"origin": [1, 23.50053, 54.87783], "size": [2, 11, 2], "pivot": [2, 23.50053, 55.87783], "rotation": [0, 0, 30], "uv": [38, 11]},
						{"origin": [-4, 23.50053, 54.87783], "size": [2, 11, 2], "pivot": [-3, 23.50053, 55.87783], "rotation": [0, 0, -30], "uv": [38, 11]}
					]
				},
				{
					"name": "chest",
					"parent": "torso",
					"pivot": [0, 22.25, -8],
					"cubes": [
						{"origin": [-8.5, 13.75, -16], "size": [17, 16, 11], "uv": [47, 56]},
						{"origin": [4, 27, -12], "size": [2, 12, 12], "pivot": [5, 27, -9], "rotation": [45, 0, 0], "uv": [131, 142]},
						{"origin": [-6, 27, -12], "size": [2, 12, 12], "pivot": [-5, 27, -9], "rotation": [45, 0, 0], "uv": [131, 142]}
					]
				},
				{
					"name": "neck1",
					"parent": "chest",
					"pivot": [0, 23.75, -14],
					"rotation": [77.5, 0, 0],
					"cubes": [
						{"origin": [-5, 24.75, -18.5], "size": [10, 12, 10], "uv": [83, 6]}
					]
				},
				{
					"name": "neck2",
					"parent": "neck1",
					"pivot": [0, 33.75, -13.5],
					"rotation": [-7.5, 0, 0],
					"cubes": [
						{"origin": [-3.5, 35.75, -18], "size": [7, 10, 9], "uv": [93, 116]}
					]
				},
				{
					"name": "head",
					"parent": "neck2",
					"pivot": [-0.5, 45.75, -17.5],
					"rotation": [-70, 0, 0],
					"cubes": [
						{"origin": [-4.5, 44.75, -33], "size": [9, 9, 20], "uv": [44, 24]},
						{"origin": [-1, 53, -31], "size": [2, 7, 7], "pivot": [0, 53, -28], "rotation": [45, 0, 0], "uv": [129, 125]}
					]
				},
				{
					"name": "mouth2",
					"parent": "head",
					"pivot": [0, 40.25, -23.75],
					"cubes": [
						{"origin": [-2.5, 45, -33], "size": [5, 2, 0], "inflate": 0.01, "uv": [3, 59]},
						{"origin": [-3.5, 45.5, -33], "size": [7, 2, 0], "inflate": 0.01, "uv": [26, 60]}
					]
				},
				{
					"name": "mouth_open",
					"parent": "mouth2",
					"pivot": [0, 53.25, -14.75],
					"cubes": [
						{"origin": [-2.5, 45, -32.9], "size": [5, 2, 0], "inflate": 0.02, "uv": [3, 52]},
						{"origin": [-3.5, 45.5, -32.9], "size": [7, 2, 0], "inflate": 0.01, "uv": [23, 49]}
					]
				},
				{
					"name": "eyes",
					"parent": "head",
					"pivot": [-1, 50.475, -22.2]
				},
				{
					"name": "eye_right",
					"parent": "eyes",
					"pivot": [-4.5, 50.91526, -22.00428],
					"rotation": [7.5, 0, 0],
					"cubes": [
						{"origin": [-4.5, 47.91526, -26.25428], "size": [0, 5, 8], "inflate": 0.01, "uv": [88, 26], "mirror": true}
					]
				},
				{
					"name": "pupil_right",
					"parent": "eye_right",
					"pivot": [-4.5, 50.66526, -24.50428],
					"cubes": [
						{"origin": [-4.5, 49.66526, -25.00428], "size": [0, 2, 1], "inflate": 0.02, "uv": [128, 27], "mirror": true}
					]
				},
				{
					"name": "eyelid_right",
					"parent": "eye_right",
					"pivot": [-4.4, 50.38691, -22.18688],
					"cubes": [
						{"origin": [-4.4, 47.88691, -26.28688], "size": [1, 4, 8], "inflate": 0.03, "uv": [132, 51], "mirror": true}
					]
				},
				{
					"name": "eye_left",
					"parent": "eyes",
					"pivot": [4.5, 50.91526, -22.00428],
					"rotation": [7.5, 0, 0],
					"cubes": [
						{"origin": [4.5, 47.91526, -26.25428], "size": [0, 5, 8], "inflate": 0.01, "uv": [116, 26]}
					]
				},
				{
					"name": "pupil_left",
					"parent": "eye_left",
					"pivot": [4.5, 50.66526, -24.50428],
					"cubes": [
						{"origin": [4.5, 49.66526, -25.00428], "size": [0, 2, 1], "inflate": 0.02, "uv": [128, 22]}
					]
				},
				{
					"name": "eyelid_left",
					"parent": "eye_left",
					"pivot": [4.4, 50.38691, -22.18688],
					"cubes": [
						{"origin": [3.4, 47.88691, -26.28688], "size": [1, 4, 8], "inflate": 0.03, "uv": [132, 39]}
					]
				},
				{
					"name": "leg_back_right1",
					"parent": "body",
					"pivot": [-7, 22.75, 9.5],
					"cubes": [
						{"origin": [-10, 12.25, 5.5], "size": [6, 14, 9], "inflate": 0.01, "uv": [0, 136], "mirror": true}
					]
				},
				{
					"name": "leg_back_right2",
					"parent": "leg_back_right1",
					"pivot": [-7, 12.25, 13],
					"cubes": [
						{"origin": [-9.5, 1.75, 8], "size": [5, 11, 6], "uv": [104, 135], "mirror": true}
					]
				},
				{
					"name": "foot_back_right",
					"parent": "leg_back_right2",
					"pivot": [-7, 2.25, 11.25],
					"cubes": [
						{"origin": [-9.5, -0.75, 7.75], "size": [5, 4, 7], "inflate": 0.01, "uv": [125, 8], "mirror": true}
					]
				},
				{
					"name": "toes_back_right",
					"parent": "foot_back_right",
					"pivot": [-7, 0.25, 8.75],
					"cubes": [
						{"origin": [-9, -0.75, 6.75], "size": [4, 1, 3], "uv": [27, 65]}
					]
				},
				{
					"name": "leg_front_right1",
					"parent": "body",
					"pivot": [-7.5, 20.25, -10.5],
					"cubes": [
						{"origin": [-10, 12.25, -13.5], "size": [5, 11, 6], "inflate": 0.01, "uv": [106, 48]}
					]
				},
				{
					"name": "leg_front_right2",
					"parent": "leg_front_right1",
					"pivot": [-7.5, 12.25, -7.75],
					"cubes": [
						{"origin": [-10, 1.75, -12.75], "size": [5, 11, 5], "uv": [124, 66]}
					]
				},
				{
					"name": "foot_front_right",
					"parent": "leg_front_right2",
					"pivot": [-7.5, 2.25, -10.5],
					"cubes": [
						{"origin": [-10, -0.75, -13], "size": [5, 4, 5], "inflate": 0.01, "uv": [53, 0]}
					]
				},
				{
					"name": "toes_front_right",
					"parent": "foot_front_right",
					"pivot": [-7.5, 0.25, -13],
					"cubes": [
						{"origin": [-9.5, -0.75, -14], "size": [4, 1, 1], "uv": [5, 23]}
					]
				},
				{
					"name": "leg_front_left1",
					"parent": "body",
					"pivot": [7.5, 20.25, -10.5],
					"cubes": [
						{"origin": [5, 12.25, -13.5], "size": [5, 11, 6], "inflate": 0.01, "uv": [33, 140]}
					]
				},
				{
					"name": "leg_front_left2",
					"parent": "leg_front_left1",
					"pivot": [7.5, 12.25, -7.75],
					"cubes": [
						{"origin": [5, 1.75, -12.75], "size": [5, 11, 5], "uv": [120, 106]}
					]
				},
				{
					"name": "foot_front_left",
					"parent": "leg_front_left2",
					"pivot": [7.5, 2.25, -10.5],
					"cubes": [
						{"origin": [5, -0.75, -13], "size": [5, 4, 5], "inflate": 0.01, "uv": [110, 166]}
					]
				},
				{
					"name": "toes_front_left",
					"parent": "foot_front_left",
					"pivot": [7.5, 0.25, -13],
					"cubes": [
						{"origin": [5.5, -0.75, -14], "size": [4, 1, 1], "uv": [27, 55]}
					]
				},
				{
					"name": "leg_back_left1",
					"parent": "body",
					"pivot": [7, 22.25, 9.5],
					"cubes": [
						{"origin": [4, 12.25, 5.5], "size": [6, 14, 9], "inflate": 0.01, "uv": [57, 88]}
					]
				},
				{
					"name": "leg_back_left2",
					"parent": "leg_back_left1",
					"pivot": [7, 12.25, 13],
					"cubes": [
						{"origin": [4.5, 1.75, 8], "size": [5, 11, 6], "uv": [75, 137]}
					]
				},
				{
					"name": "foot_back_left",
					"parent": "leg_back_left2",
					"pivot": [7, 2.25, 11.25],
					"cubes": [
						{"origin": [4.5, -0.75, 7.75], "size": [5, 4, 7], "inflate": 0.01, "uv": [50, 162]}
					]
				},
				{
					"name": "toes_back_left",
					"parent": "foot_back_left",
					"pivot": [7, 0.25, 8.75],
					"cubes": [
						{"origin": [5, -0.75, 6.75], "size": [4, 1, 3], "uv": [11, 65]}
					]
				}
			]
		}
	]
}