{
	"format_version": "1.12.0",
	"minecraft:geometry": [
		{
			"description": {
				"identifier": "geometry.corvisquire",
				"texture_width": 64,
				"texture_height": 64,
				"visible_bounds_width": 4,
				"visible_bounds_height": 2.5,
				"visible_bounds_offset": [0, 0.75, 0]
			},
			"bones": [
				{
					"name": "pteropix",
					"pivot": [0, 0, 0]
				},
				{
					"name": "body",
					"parent": "pteropix",
					"pivot": [0, 6, -2]
				},
				{
					"name": "torso",
					"parent": "body",
					"pivot": [0, 6.5, 1.75],
					"rotation": [-15, 0, 0],
					"cubes": [
						{"origin": [-3.5, 5, -6], "size": [7, 6, 6], "uv": [0, 0]},
						{"origin": [-3, 5.5, 0], "size": [6, 5, 4], "uv": [32, 3]}
					]
				},
				{
					"name": "wing_left",
					"parent": "torso",
					"pivot": [3.5, 8, -3.75],
					"cubes": [
						{"origin": [3.5, 8, -7.25], "size": [5, 0, 7], "uv": [25, 27]}
					]
				},
				{
					"name": "wing_left2",
					"parent": "wing_left",
					"pivot": [8.5, 8, -0.25],
					"cubes": [
						{"origin": [8.5, 8, -7.25], "size": [5, 0, 7], "inflate": 0.01, "uv": [15, 27]}
					]
				},
				{
					"name": "wing_left3",
					"parent": "wing_left2",
					"pivot": [13.5, 8, -7.25],
					"cubes": [
						{"origin": [13.5, 8, -7.25], "size": [7, 0, 7], "uv": [14, 13]}
					]
				},
				{
					"name": "wing_right",
					"parent": "torso",
					"pivot": [-3.5, 8, -3.75],
					"cubes": [
						{"origin": [-8.5, 8, -7.25], "size": [5, 0, 7], "uv": [15, 20]}
					]
				},
				{
					"name": "wing_right2",
					"parent": "wing_right",
					"pivot": [-8.5, 8, -0.25],
					"cubes": [
						{"origin": [-13.5, 8, -7.25], "size": [5, 0, 7], "inflate": 0.01, "uv": [19, 0]}
					]
				},
				{
					"name": "wing_right3",
					"parent": "wing_right2",
					"pivot": [-13.5, 8, -7.25],
					"cubes": [
						{"origin": [-20.5, 8, -7.25], "size": [7, 0, 7], "uv": [0, 13]}
					]
				},
				{
					"name": "tail",
					"parent": "torso",
					"pivot": [0, 7.35, 4],
					"cubes": [
						{"origin": [-2, 9.35, 2], "size": [4, 0, 7], "uv": [35, 27]}
					]
				},
				{
					"name": "neck",
					"parent": "torso",
					"pivot": [0, 7.75, -3.75],
					"rotation": [32.5, 0, 0],
					"cubes": [
						{"origin": [-2.5, 7.75, -6.25], "size": [5, 6, 5], "uv": [0, 31]}
					]
				},
				{
					"name": "head",
					"parent": "neck",
					"pivot": [0, 13.75, -3.75],
					"rotation": [-15, 0, 0],
					"cubes": [
						{"origin": [-2.5, 11.25, -7.25], "size": [5, 5, 6], "inflate": 0.01, "uv": [0, 20]},
						{"origin": [0, 13.75, -8.75], "size": [0, 3, 2], "uv": [1, 0]}
					]
				},
				{
					"name": "beak",
					"parent": "head",
					"pivot": [0, 13.25, -7.25],
					"rotation": [5, 0, 0],
					"cubes": [
						{"origin": [-1, 12.25, -12.25], "size": [2, 2, 6], "inflate": 0.01, "uv": [25, 36]}
					]
				},
				{
					"name": "eye_left",
					"parent": "head",
					"pivot": [0.5, 10.75, -3.25],
					"cubes": [
						{"origin": [1.515, 13.25, -6.765], "size": [1, 2, 3], "inflate": 0.01, "uv": [22, 34]}
					]
				},
				{
					"name": "eyelid_left",
					"parent": "eye_left",
					"pivot": [1.81, 14.25, -6.06],
					"cubes": [
						{"origin": [1.415, 13.25, -6.665], "size": [1, 2, 3], "inflate": 0.02, "uv": [8, 46]}
					]
				},
				{
					"name": "eye_right",
					"parent": "head",
					"pivot": [-0.5, 10.75, -3.25],
					"cubes": [
						{"origin": [-2.51, 13.25, -6.76], "size": [1, 2, 3], "inflate": 0.01, "uv": [0, 47]}
					]
				},
				{
					"name": "eyelid_right",
					"parent": "eye_right",
					"pivot": [-1.71, 14.25, -6.06],
					"cubes": [
						{"origin": [-2.41, 13.25, -6.76], "size": [1, 2, 3], "inflate": 0.02, "uv": [0, 42]}
					]
				},
				{
					"name": "jaw",
					"parent": "head",
					"pivot": [0, 12, -7.25],
					"rotation": [-7.5, 0, 0],
					"cubes": [
						{"origin": [-1, 11.5, -11.75], "size": [2, 1, 5], "pivot": [0, 12, -6.75], "rotation": [12.5, 0, 0], "uv": [16, 40]}
					]
				},
				{
					"name": "leg_left",
					"parent": "body",
					"pivot": [2.25, 5, -0.25],
					"rotation": [5, 0, 0],
					"cubes": [
						{"origin": [1.25, 3.75, -1.75], "size": [2, 3, 3], "inflate": 0.01, "uv": [16, 46]}
					]
				},
				{
					"name": "leg_left2",
					"parent": "leg_left",
					"pivot": [2.25, 3.75, 0.25],
					"rotation": [-15, 0, 0],
					"cubes": [
						{"origin": [1.75, 0.75, -0.75], "size": [1, 3, 1], "uv": [26, 7]}
					]
				},
				{
					"name": "foot_left",
					"parent": "leg_left2",
					"pivot": [2.25, 0.75, 0.25],
					"rotation": [10, 0, 0],
					"cubes": [
						{"origin": [1.25, -0.07635, -1.98481], "size": [2, 1, 3], "uv": [42, 16]}
					]
				},
				{
					"name": "toe_inner_left",
					"parent": "foot_left",
					"pivot": [2.25, 0.92365, -1.73481],
					"rotation": [0, 12.5, 0],
					"cubes": [
						{"origin": [1.25, -0.07635, -3.73481], "size": [1, 1, 2], "inflate": 0.01, "uv": [20, 3]}
					]
				},
				{
					"name": "toe_outer_left",
					"parent": "foot_left",
					"pivot": [2.25, 0.92365, -1.73481],
					"rotation": [0, -12.5, 0],
					"cubes": [
						{"origin": [2.25, -0.07635, -3.73481], "size": [1, 1, 2], "inflate": 0.01, "uv": [20, 0]}
					]
				},
				{
					"name": "leg_right",
					"parent": "body",
					"pivot": [-2.25, 5, -0.25],
					"rotation": [5, 0, 0],
					"cubes": [
						{"origin": [-3.25, 3.75, -1.75], "size": [2, 3, 3], "inflate": 0.01, "uv": [35, 13]}
					]
				},
				{
					"name": "leg_right2",
					"parent": "leg_right",
					"pivot": [-2.25, 3.75, 0.25],
					"rotation": [-15, 0, 0],
					"cubes": [
						{"origin": [-2.75, 0.75, -0.75], "size": [1, 3, 1], "uv": [0, 22]}
					]
				},
				{
					"name": "foot_right",
					"parent": "leg_right2",
					"pivot": [-2.25, 0.75, 0.25],
					"rotation": [10, 0, 0],
					"cubes": [
						{"origin": [-3.25, -0.07635, -1.98481], "size": [2, 1, 3], "uv": [8, 42]}
					]
				},
				{
					"name": "toe_inner_right",
					"parent": "foot_right",
					"pivot": [-2.25, 0.92365, -1.73481],
					"rotation": [0, -12.5, 0],
					"cubes": [
						{"origin": [-2.25, -0.07635, -3.73481], "size": [1, 1, 2], "inflate": 0.01, "uv": [0, 16]}
					]
				},
				{
					"name": "toe_outer_right",
					"parent": "foot_right",
					"pivot": [-2.25, 0.92365, -1.73481],
					"rotation": [0, 12.5, 0],
					"cubes": [
						{"origin": [-3.25, -0.07635, -3.73481], "size": [1, 1, 2], "inflate": 0.01, "uv": [0, 13]}
					]
				}
			]
		}
	]
}