{
	"format_version": "1.12.0",
	"minecraft:geometry": [
		{
			"description": {
				"identifier": "geometry.lizarrden",
				"texture_width": 128,
				"texture_height": 128,
				"visible_bounds_width": 6,
				"visible_bounds_height": 2.5,
				"visible_bounds_offset": [0, 0.75, 0]
			},
			"bones": [
				{
					"name": "lizarrden",
					"pivot": [0, 0, 0]
				},
				{
					"name": "body",
					"parent": "lizarrden",
					"pivot": [0, 12, 1]
				},
				{
					"name": "torso",
					"parent": "body",
					"pivot": [0.02, 12, 0.9],
					"cubes": [
						{"origin": [-5.5, 8, -7], "size": [11, 7, 13], "uv": [0, 0]},
						{"origin": [-4.5, 10, -6], "size": [9, 7, 13], "uv": [29, 23]},
						{"origin": [3.1, 17, -6], "size": [0, 6, 9], "uv": [0, 56]},
						{"origin": [-3.1, 17, -6], "size": [0, 6, 9], "uv": [48, 5]},
						{"origin": [0.1, 17, -2], "size": [0, 6, 9], "uv": [46, 34]}
					]
				},
				{
					"name": "neck",
					"parent": "torso",
					"pivot": [0, 13.08579, -5.37868],
					"cubes": [
						{"origin": [-3, 15, -13], "size": [6, 6, 10], "pivot": [0, 17.5, -10.5], "rotation": [-45, 0, 0], "uv": [24, 43]}
					]
				},
				{
					"name": "head",
					"parent": "neck",
					"pivot": [0, 19, -10.675],
					"cubes": [
						{"origin": [-4, 17, -18], "size": [8, 6, 9], "uv": [0, 36]},
						{"origin": [-4.2, 17, -18], "size": [0, 6, 9], "uv": [44, 56]},
						{"origin": [4.2, 17, -18], "size": [0, 6, 9], "uv": [60, 11]},
						{"origin": [-4, 17, -18.2], "size": [8, 6, 0], "uv": [35, 0]}
					]
				},
				{
					"name": "ears",
					"parent": "head",
					"pivot": [0, 21, -12.25]
				},
				{
					"name": "ear1",
					"parent": "ears",
					"pivot": [4, 20, -12],
					"cubes": [
						{"origin": [4, 17, -12], "size": [7, 7, 0], "uv": [68, 0]}
					]
				},
				{
					"name": "ear2",
					"parent": "ears",
					"pivot": [-4, 20, -12],
					"cubes": [
						{"origin": [-11, 17, -12], "size": [7, 7, 0], "uv": [66, 51]}
					]
				},
				{
					"name": "eye",
					"parent": "head",
					"pivot": [2, 19, -18.1],
					"cubes": [
						{"origin": [1, 19, -18.1], "size": [2, 2, 0], "uv": [6, 0]}
					]
				},
				{
					"name": "tailbase",
					"parent": "torso",
					"pivot": [0, 14, 7],
					"cubes": [
						{"origin": [-3, 11, 7], "size": [6, 6, 8], "uv": [48, 0]}
					]
				},
				{
					"name": "tail",
					"parent": "tailbase",
					"pivot": [0, 13.5, 15],
					"cubes": [
						{"origin": [-2.5, 11, 15], "size": [5, 5, 8], "uv": [18, 59]},
						{"origin": [0, 6, 15], "size": [0, 15, 21], "uv": [0, 0]}
					]
				},
				{
					"name": "leg1",
					"parent": "body",
					"pivot": [5.5, 12, 1],
					"cubes": [
						{"origin": [5.5, 9, -3], "size": [5, 6, 8], "pivot": [8, 12, 1], "rotation": [25, 0, 0], "uv": [48, 51]}
					]
				},
				{
					"name": "joint1",
					"parent": "leg1",
					"pivot": [8, 9.5, 2],
					"cubes": [
						{"origin": [6, 3, 0], "size": [4, 7, 4], "uv": [40, 71]}
					]
				},
				{
					"name": "foot1",
					"parent": "joint1",
					"pivot": [8, 3.125, 2],
					"cubes": [
						{"origin": [6, 0, -1], "size": [4, 3, 6], "uv": [70, 8]},
						{"origin": [5, 0, -2], "size": [6, 2, 6], "uv": [60, 26]},
						{"origin": [5, 0, -4], "size": [2, 2, 2], "uv": [0, 8]},
						{"origin": [9, 0, -4], "size": [2, 2, 2], "uv": [0, 4]}
					]
				},
				{
					"name": "leg2",
					"parent": "body",
					"pivot": [-5.5, 12, 1],
					"cubes": [
						{"origin": [-10.5, 9, -3], "size": [5, 6, 8], "pivot": [-8, 12, 1], "rotation": [25, 0, 0], "uv": [0, 51]}
					]
				},
				{
					"name": "joint2",
					"parent": "leg2",
					"pivot": [-8, 9.5, 2],
					"cubes": [
						{"origin": [-10, 3, 0], "size": [4, 7, 4], "uv": [0, 71]}
					]
				},
				{
					"name": "foot2",
					"parent": "joint2",
					"pivot": [-8, 3.125, 2],
					"cubes": [
						{"origin": [-11, 0, -4], "size": [2, 2, 2], "uv": [35, 6]},
						{"origin": [-10, 0, -1], "size": [4, 3, 6], "uv": [56, 65]},
						{"origin": [-11, 0, -2], "size": [6, 2, 6], "uv": [58, 43]},
						{"origin": [-7, 0, -4], "size": [2, 2, 2], "uv": [0, 0]}
					]
				}
			]
		}
	]
}