{
	"format_version": "1.12.0",
	"minecraft:geometry": [
		{
			"description": {
				"identifier": "geometry.jelaray",
				"texture_width": 64,
				"texture_height": 64,
				"visible_bounds_width": 2,
				"visible_bounds_height": 2.5,
				"visible_bounds_offset": [0, 0.75, 0]
			},
			"bones": [
				{
					"name": "jelaray",
					"pivot": [0, 0, 0]
				},
				{
					"name": "bone",
					"parent": "jelaray",
					"pivot": [0, 6, 0]
				},
				{
					"name": "head",
					"parent": "bone",
					"pivot": [0, 6, 0],
					"cubes": [
						{"origin": [-3, 6, -3], "size": [6, 4, 6], "uv": [36, 3]},
						{"origin": [-5, 10, -5], "size": [10, 5, 10], "uv": [2, 24]},
						{"origin": [-4, 7, 4], "size": [8, 3, 1], "uv": [12, 43], "mirror": true},
						{"origin": [4, 7, -4], "size": [1, 3, 9], "uv": [32, 43], "mirror": true},
						{"origin": [-5, 7, -4], "size": [1, 3, 9], "uv": [32, 43]}
					]
				},
				{
					"name": "bone3",
					"parent": "head",
					"pivot": [-0.5, 15, 0],
					"rotation": [-44.08631, -29.75314, 0.25905],
					"cubes": [
						{"origin": [-3, 15, 0], "size": [5, 4, 0], "uv": [39, 22]}
					]
				},
				{
					"name": "bone2",
					"parent": "bone",
					"pivot": [0, 6, 0],
					"cubes": [
						{"origin": [-2, 5, -2], "size": [4, 1, 4], "uv": [1, 1]},
						{"origin": [-1, 3, -1], "size": [2, 2, 2], "uv": [3, 9]}
					]
				},
				{
					"name": "arm",
					"parent": "bone2",
					"pivot": [-2.01, 6, 0],
					"cubes": [
						{"origin": [-2.01, 0, -1.5], "size": [0, 6, 3], "uv": [21, 2]}
					]
				},
				{
					"name": "arm2",
					"parent": "bone2",
					"pivot": [2.01, 6, 0],
					"cubes": [
						{"origin": [2.01, 0, -1.5], "size": [0, 6, 3], "uv": [21, 2], "mirror": true}
					]
				}
			]
		}
	]
}