{
    "enabled": true,
    "neededInstalledMods": [],
    "neededUninstalledMods": [],
    "spawns": [
        {
            "id": "stingwing_pup-1",
            "pokemon": "stingwing_pup",
            "presets": [
                "natural"
            ],
            "type": "pokemon",
            "context": "grounded",
            "bucket": "uncommon",
            "level": "1-10",
            "weight": 10.0,
            "condition": {
                "minSkyLight": 8,
                "maxSkyLight": 15,
                "biomes": [
                    "#cobblemon:is_floral",
                    "#cobblemon:is_forest"
                ]
            }
        },

       {
            "id": "stingwing_pup-2",
            "pokemon": "stingwing_pup",
            "presets": [
                "natural"
            ],
            "type": "pokemon",
            "context": "grounded",
            "bucket": "common",
            "level": "5-12",
            "weight": 10.0,
            "condition": {
                "biomes": [
                    "#minecraft:crimson_forest"
                ]
            }
        }
    ]
}
