{
    "enabled": true,
    "neededInstalledMods": [],
    "neededUninstalledMods": [],
    "spawns": [
        {
            "id": "stingwing_max-1",
            "pokemon": "stingwing_max",
            "presets": [
                "natural"
            ],
            "type": "pokemon",
            "context": "grounded",
            "bucket": "uncommon",
            "level": "25-35",
            "weight": 0.5,
            "condition": {
                "minSkyLight": 8,
                "maxSkyLight": 15,
                "biomes": [
                    "#cobblemon:is_floral",
                    "#cobblemon:is_forest"
                ]
            }
        },

       {
            "id": "stingwing_colt-2",
            "pokemon": "stingwing_colt",
            "presets": [
                "natural"
            ],
            "type": "pokemon",
            "context": "grounded",
            "bucket": "common",
            "level": "38-60",
            "weight": 0.5,
            "condition": {
                "biomes": [
                    "#minecraft:crimson_forest"
                ]
            }
        }
    ]
}
