{
	"portraitScale": 2.5,
	"portraitTranslation": [ -0.25, -1.8, 0 ],
	"profileScale": 1.2,
	"profileTranslation": [ 0, -0.05, 0 ],
	
	"poses": {
		"standing": {
			"poseTypes": ["STAND", "NONE", "PORTRAIT", "PROFILE"],
			"animations": [
				"q.look('head')",
				"q.bedrock('blazheep', 'ground_idle')"
			],
			"quirks": [
				"q.bedrock_quirk('blazheep', 'blink')"
			]
		},
		"walking": {
			"poseTypes": ["WALK"],
			"animations": [
				"q.look('head')",
				"q.bedrock('blazheep', 'ground_walk')"
			],
			"quirks": [
				"q.bedrock_quirk('blazheep', 'blink')"
			]
		}
	}
}