{
	"portraitScale": 2,
	"portraitTranslation": [ 0.1, -1.3, 0 ],
	"profileScale": 1,
	"profileTranslation": [ 0, 0.25, 0 ],
	
	"poses": {
		"standing": {
			"poseTypes": ["STAND", "FLOAT", "NONE", "PORTRAIT", "PROFILE"],
			"animations": [
				"q.bedrock('swetnail', 'ground_idle')"
			],
			"quirks": [
				"q.bedrock_quirk('swetnail', 'blink')"
			]
		},
		"walking": {
			"poseTypes": ["WALK", "SWIM"],
			"animations": [
				"q.bedrock('swetnail', 'ground_walk')"
			],
			"quirks": [
				"q.bedrock_quirk('swetnail', 'blink')"
			]
		}
	}
}