{
	"portraitScale": 2.2,
	"portraitTranslation": [ -0.5, -0.5, 0 ],
	"profileScale": 1,
	"profileTranslation": [ 0, 0.28, 0 ],
	
	"poses": {
		"standing": {
			"poseTypes": ["STAND", "NONE", "PORTRAIT", "PROFILE"],
			"animations": [
				"q.look('head')",
				"q.bedrock('thermoat', 'ground_idle')"
			],
			"quirks": [
				"q.bedrock_quirk('thermoat', 'blink')"
			]
		},
		"walking": {
			"poseTypes": ["WALK"],
			"animations": [
				"q.look('head')",
				"q.bedrock('thermoat', 'ground_walk')"
			],
			"quirks": [
				"q.bedrock_quirk('thermoat', 'blink')"
			]
		}
	}
}