{
	"portraitScale": 1.8,
	"portraitTranslation": [ -0.5, -0.2, 0 ],
	"profileScale": 0.8,
	"profileTranslation": [ 0, 0.55, 0 ],
	
	"poses": {
		"standing": {
			"poseTypes": ["STAND", "NONE", "PORTRAIT", "PROFILE"],
			"animations": [
				"q.look('head')",
				"q.bedrock('whipcealot', 'ground_idle')"
			],
			"quirks": [
				"q.bedrock_quirk('whipcealot', 'blink')"
			]
		},
		"walking": {
			"poseTypes": ["WALK"],
			"animations": [
				"q.look('head')",
				"q.bedrock('whipcealot', 'ground_walk')"
			],
			"quirks": [
				"q.bedrock_quirk('whipcealot', 'blink')"
			]
		}
	}
}