{
	"format_version": "1.12.0",
	"minecraft:geometry": [
		{
			"description": {
				"identifier": "geometry.broomsed",
				"texture_width": 128,
				"texture_height": 128,
				"visible_bounds_width": 2,
				"visible_bounds_height": 4.5,
				"visible_bounds_offset": [0, 1.75, 0]
			},
			"bones": [
				{
					"name": "broomsed",
					"pivot": [0, 0, 0]
				},
				{
					"name": "bone",
					"parent": "broomsed",
					"pivot": [0, 0, 0],
					"cubes": [
						{"origin": [-6, 0, -6], "size": [12, 16, 12], "uv": [0, 0]},
						{"origin": [-8, 0.1, -8], "size": [16, 0, 16], "uv": [66, 45]}
					]
				},
				{
					"name": "head",
					"parent": "broomsed",
					"pivot": [0, 16, 0],
					"cubes": [
						{"origin": [-4, 16, -4], "size": [8, 8, 8], "uv": [54, 5]}
					]
				},
				{
					"name": "bone2",
					"parent": "head",
					"pivot": [0, 24, 0],
					"cubes": [
						{"origin": [-1, 24, -1], "size": [2, 15, 2], "uv": [59, 38]}
					]
				},
				{
					"name": "arm",
					"parent": "head",
					"pivot": [1, 25.5, 0],
					"cubes": [
						{"origin": [1, 20, 0], "size": [19, 19, 0], "uv": [17, 65]}
					]
				},
				{
					"name": "bone3",
					"parent": "arm",
					"pivot": [13.5, 39, 0],
					"cubes": [
						{"origin": [6, 39, 0], "size": [9, 8, 0], "uv": [13, 50]}
					]
				}
			]
		}
	]
}