{
	"format_version": "1.12.0",
	"minecraft:geometry": [
		{
			"description": {
				"identifier": "geometry.giganotodread",
				"texture_width": 256,
				"texture_height": 256,
				"visible_bounds_width": 12,
				"visible_bounds_height": 6.5,
				"visible_bounds_offset": [0, 2.75, 0]
			},
			"bones": [
				{
					"name": "giganotodread",
					"pivot": [0, 0, 0]
				},
				{
					"name": "body",
					"parent": "giganotodread",
					"pivot": [0, 0, 0]
				},
				{
					"name": "torso",
					"parent": "body",
					"pivot": [0, 30.5, 1.5],
					"rotation": [-38, 0, 0],
					"cubes": [
						{"origin": [-13, 18, -10], "size": [26, 30, 23], "inflate": 0.01, "uv": [0, 51]},
						{"origin": [-1, 47.5, -7.5], "size": [2, 7, 5], "uv": [103, 220]},
						{"origin": [-1, 47.5, 6.5], "size": [2, 7, 5], "uv": [103, 220]},
						{"origin": [-1, 47.5, -0.5], "size": [2, 9, 5], "uv": [104, 233]}
					]
				},
				{
					"name": "tail",
					"parent": "torso",
					"pivot": [0, 18, 13],
					"rotation": [38, 0, 0],
					"cubes": [
						{"origin": [-11, 18, 13], "size": [22, 23, 26], "uv": [76, 25]}
					]
				},
				{
					"name": "tail2",
					"parent": "tail",
					"pivot": [0, 30, 39],
					"cubes": [
						{"origin": [-8, 21, 34], "size": [16, 18, 20], "uv": [146, 0]}
					]
				},
				{
					"name": "tail3",
					"parent": "tail2",
					"pivot": [0, 30.5, 54],
					"cubes": [
						{"origin": [-6, 24, 51], "size": [12, 13, 17], "uv": [173, 38]}
					]
				},
				{
					"name": "tail4",
					"parent": "tail3",
					"pivot": [0, 30, 68],
					"cubes": [
						{"origin": [-4, 26, 65], "size": [8, 8, 18], "uv": [192, 102]},
						{"origin": [0, 34, 70], "size": [0, 12, 12], "uv": [0, -3]}
					]
				},
				{
					"name": "tail5",
					"parent": "tail4",
					"pivot": [0, 30, 82.9],
					"cubes": [
						{"origin": [-2, 28, 80], "size": [4, 4, 15], "uv": [118, 174]}
					]
				},
				{
					"name": "torso2",
					"parent": "torso",
					"pivot": [0, 18, -10],
					"rotation": [-40, 0, 0],
					"cubes": [
						{"origin": [-11.5, 18, -38], "size": [23, 23, 28], "uv": [0, 0]}
					]
				},
				{
					"name": "arm_right",
					"parent": "torso2",
					"pivot": [-11, 22, -23],
					"cubes": [
						{"origin": [-17.5, 19, -25.5], "size": [9, 5, 5], "uv": [208, 128]}
					]
				},
				{
					"name": "arm_right2",
					"parent": "arm_right",
					"pivot": [-17.5, 24, -25.5],
					"cubes": [
						{"origin": [-24.5, 19, -25.5], "size": [7, 5, 5], "inflate": 0.01, "uv": [203, 75]}
					]
				},
				{
					"name": "hand_right",
					"parent": "arm_right2",
					"pivot": [-24.5, 21, -25.5],
					"cubes": [
						{"origin": [-26.5, 19, -25.5], "size": [2, 5, 4], "inflate": 0.02, "uv": [174, 134]}
					]
				},
				{
					"name": "finger_back_right",
					"parent": "hand_right",
					"pivot": [-26.5, 21.2, -25.5],
					"rotation": [0, 0, 15],
					"cubes": [
						{"origin": [-31.5, 21.2, -25.5], "size": [5, 3, 4], "uv": [174, 120]}
					]
				},
				{
					"name": "finger_back_right2",
					"parent": "finger_back_right",
					"pivot": [-31.5, 22.2, -25.5],
					"cubes": [
						{"origin": [-37.5, 22.7, -25.5], "size": [6, 0, 4], "uv": [73, 202]}
					]
				},
				{
					"name": "finger_front_right",
					"parent": "hand_right",
					"pivot": [-26.5, 21.8, -25.5],
					"rotation": [0, 0, -15],
					"cubes": [
						{"origin": [-31.5, 18.8, -25.5], "size": [5, 3, 4], "inflate": 0.01, "uv": [174, 127]}
					]
				},
				{
					"name": "finger_front_right2",
					"parent": "finger_front_right",
					"pivot": [-31.5, 19.8, -25.5],
					"cubes": [
						{"origin": [-37.5, 20.3, -25.5], "size": [6, 0, 4], "uv": [61, 202]}
					]
				},
				{
					"name": "finger_front_right3",
					"parent": "finger_front_right",
					"pivot": [-27.5, 19.8, -25.5],
					"rotation": [0, 0, -72.5],
					"cubes": [
						{"origin": [-32.5, 17.8, -25.5], "size": [5, 1, 4], "inflate": 0.01, "uv": [174, 127]}
					]
				},
				{
					"name": "finger_front_right4",
					"parent": "finger_front_right3",
					"pivot": [-32.5, 17.8, -25.5],
					"cubes": [
						{"origin": [-38.5, 18.3, -25.5], "size": [6, 0, 4], "uv": [61, 202]}
					]
				},
				{
					"name": "arm_left",
					"parent": "torso2",
					"pivot": [11, 22, -23],
					"cubes": [
						{"origin": [8.5, 19, -25.5], "size": [9, 5, 5], "uv": [208, 138]}
					]
				},
				{
					"name": "arm_left2",
					"parent": "arm_left",
					"pivot": [17.5, 24, -25.5],
					"cubes": [
						{"origin": [17.5, 19, -25.5], "size": [7, 5, 5], "inflate": 0.01, "uv": [203, 85]}
					]
				},
				{
					"name": "hand_left",
					"parent": "arm_left2",
					"pivot": [24.5, 21, -25.5],
					"cubes": [
						{"origin": [24.5, 19, -25.5], "size": [2, 5, 4], "inflate": 0.02, "uv": [0, 109]}
					]
				},
				{
					"name": "finger_back_left",
					"parent": "hand_left",
					"pivot": [26.5, 21.2, -25.5],
					"rotation": [0, 0, -15],
					"cubes": [
						{"origin": [26.5, 21.2, -25.5], "size": [5, 3, 4], "uv": [0, 185]}
					]
				},
				{
					"name": "finger_back_left2",
					"parent": "finger_back_left",
					"pivot": [31.5, 22.2, -25.5],
					"cubes": [
						{"origin": [31.5, 22.7, -25.5], "size": [6, 0, 4], "uv": [8, 24]}
					]
				},
				{
					"name": "finger_front_left",
					"parent": "hand_left",
					"pivot": [26.5, 21.8, -25.5],
					"rotation": [0, 0, 15],
					"cubes": [
						{"origin": [26.5, 18.8, -25.5], "size": [5, 3, 4], "inflate": 0.01, "uv": [0, 192]}
					]
				},
				{
					"name": "finger_front_left2",
					"parent": "finger_front_left",
					"pivot": [31.5, 19.8, -25.5],
					"cubes": [
						{"origin": [31.5, 20.3, -25.5], "size": [6, 0, 4], "uv": [-4, 24]}
					]
				},
				{
					"name": "finger_front_left3",
					"parent": "finger_front_left",
					"pivot": [27.5, 19.8, -25.5],
					"rotation": [0, 0, 72.5],
					"cubes": [
						{"origin": [27.5, 17.8, -25.5], "size": [5, 1, 4], "inflate": 0.01, "uv": [0, 192]}
					]
				},
				{
					"name": "finger_front_left4",
					"parent": "finger_front_left3",
					"pivot": [32.5, 17.8, -25.5],
					"cubes": [
						{"origin": [32.5, 18.3, -25.5], "size": [6, 0, 4], "uv": [-4, 24]}
					]
				},
				{
					"name": "neck",
					"parent": "torso2",
					"pivot": [0, 28, -33],
					"rotation": [50, 0, 0],
					"cubes": [
						{"origin": [-9.5, 19, -54], "size": [19, 21, 24], "uv": [74, 80]}
					]
				},
				{
					"name": "head",
					"parent": "neck",
					"pivot": [0, 31.5, -47],
					"rotation": [40, 0, 0],
					"cubes": [
						{"origin": [-12.5, 21.5, -63], "size": [25, 22, 16], "inflate": 0.01, "uv": [0, 109]},
						{"origin": [-13, 19.5, -66], "size": [26, 14, 11], "inflate": 0.01, "uv": [86, 195]}
					]
				},
				{
					"name": "jaw",
					"parent": "head",
					"pivot": [0, 24.5, -59.5],
					"cubes": [
						{"origin": [-6, 19.5, -88], "size": [12, 10, 27], "uv": [0, 190]},
						{"origin": [-5, 29.5, -87], "size": [0, 4, 24], "uv": [98, 50]},
						{"origin": [5, 29.5, -87], "size": [0, 4, 24], "uv": [172, 44]}
					]
				},
				{
					"name": "tongue",
					"parent": "jaw",
					"pivot": [0, 30, -62],
					"cubes": [
						{"origin": [-3, 28.5, -86], "size": [6, 3, 25], "uv": [0, 228]}
					]
				},
				{
					"name": "snout",
					"parent": "head",
					"pivot": [0, 36.5, -64],
					"rotation": [5, 0, 0],
					"cubes": [
						{"origin": [-6, 42.5, -84], "size": [2, 7, 26], "uv": [64, 223]},
						{"origin": [4, 42.5, -84], "size": [2, 7, 26], "uv": [64, 223]},
						{"origin": [-6.5, 27.5, -90], "size": [13, 16, 28], "uv": [133, 212]}
					]
				},
				{
					"name": "crest",
					"parent": "snout",
					"pivot": [0, 36.5, -74.5]
				},
				{
					"name": "head_spike_outer_right",
					"parent": "crest",
					"pivot": [-12.5, 40.5, -61],
					"rotation": [-90.02445, -0.27947, -23.74872]
				},
				{
					"name": "head_spike_outer_right_outer",
					"parent": "head_spike_outer_right",
					"pivot": [-12.5, 40.5, -61],
					"rotation": [0, 64, 0]
				},
				{
					"name": "eyes_right",
					"parent": "head_spike_outer_right_outer",
					"pivot": [-15, 45, -61.01]
				},
				{
					"name": "eye_right",
					"parent": "eyes_right",
					"pivot": [-15, 45, -61.01],
					"cubes": [
						{"origin": [-17.5, 40.5, -61.01], "size": [5, 9, 0], "uv": [10, 0]}
					]
				},
				{
					"name": "pupils_right",
					"parent": "eyes_right",
					"pivot": [-14, 44, -61.02]
				},
				{
					"name": "pupil_right",
					"parent": "pupils_right",
					"pivot": [-14, 44, -61.02],
					"cubes": [
						{"origin": [-15.5, 42.5, -61.02], "size": [3, 3, 0], "uv": [74, 22]}
					]
				},
				{
					"name": "eyelid_right",
					"parent": "eyes_right",
					"pivot": [-14.5, 44, -60.92],
					"cubes": [
						{"origin": [-15.5, 42.5, -60.92], "size": [2, 3, 0], "uv": [86, 22]}
					]
				},
				{
					"name": "head_spike_outer_left",
					"parent": "crest",
					"pivot": [12.5, 40.5, -60],
					"rotation": [-90.43431, 1.75321, 23.49859]
				},
				{
					"name": "head_spike_outer_left_outer",
					"parent": "head_spike_outer_left",
					"pivot": [12.5, 40.5, -60],
					"rotation": [0, -64, 0]
				},
				{
					"name": "eyes_left",
					"parent": "head_spike_outer_left_outer",
					"pivot": [15, 45, -60.01]
				},
				{
					"name": "eye_left",
					"parent": "eyes_left",
					"pivot": [15, 45, -60.01],
					"cubes": [
						{"origin": [12.5, 40.5, -60.01], "size": [5, 9, 0], "uv": [0, 0]}
					]
				},
				{
					"name": "pupils_left",
					"parent": "eyes_left",
					"pivot": [14, 44, -60.02]
				},
				{
					"name": "pupil_left",
					"parent": "pupils_left",
					"pivot": [14, 44, -60.02],
					"cubes": [
						{"origin": [12.5, 42.5, -60.02], "size": [3, 3, 0], "uv": [80, 22]}
					]
				},
				{
					"name": "eyelid_left",
					"parent": "eyes_left",
					"pivot": [14.5, 44, -59.92],
					"cubes": [
						{"origin": [13.5, 42.5, -59.92], "size": [2, 3, 0], "uv": [90, 22]}
					]
				},
				{
					"name": "collar",
					"parent": "neck",
					"pivot": [0, 28, -33],
					"cubes": [
						{"origin": [-13, 13, -38], "size": [26, 29, 8], "pivot": [0, 28, -33], "rotation": [-25, 0, 0], "uv": [188, 202]},
						{"origin": [12, 26, -34], "size": [5, 4, 1], "pivot": [13, 28, -33], "rotation": [-25, 0, 0], "uv": [140, 221]},
						{"origin": [-17, 26, -34], "size": [5, 4, 1], "pivot": [-16, 28, -33], "rotation": [-25, 0, 0], "uv": [127, 221]},
						{"origin": [-2, 40, -27], "size": [4, 4, 1], "pivot": [0, 40, -27], "rotation": [-22.5, 0, 0], "uv": [129, 227]},
						{"origin": [-2, 12, -41], "size": [4, 4, 1], "pivot": [0, 12, -41], "rotation": [-22.5, 0, 0], "uv": [140, 227]}
					]
				},
				{
					"name": "leg_right",
					"parent": "body",
					"pivot": [-13.5, 29.2, 1.5],
					"rotation": [-25, 20, 15],
					"cubes": [
						{"origin": [-21.5, 16.7, -7], "size": [14, 21, 17], "uv": [0, 147]},
						{"origin": [-19.5, 17.7, -7], "size": [10, 6, 2], "pivot": [-14.5, 17.7, -6.5], "rotation": [18, 0, 0], "uv": [232, 8]},
						{"origin": [-19.5, 23.7, -7], "size": [10, 6, 2], "pivot": [-14.5, 23.7, -7], "rotation": [18, 0, 0], "uv": [232, 0]},
						{"origin": [-20.5, 11.7, -5], "size": [12, 5, 13], "pivot": [-14, 17.7, -5], "rotation": [15, 0, 0], "uv": [110, 125]}
					]
				},
				{
					"name": "leg_right2",
					"parent": "leg_right",
					"pivot": [-14, 14.8, 2.5],
					"rotation": [7, 0, -16],
					"cubes": [
						{"origin": [-18, 11.3, -1], "size": [7, 7, 20], "uv": [140, 123]}
					]
				},
				{
					"name": "leg_right3",
					"parent": "leg_right2",
					"pivot": [-14, 18.3, 19],
					"rotation": [12, 0, 0],
					"cubes": [
						{"origin": [-19.5, 4.3, 12], "size": [10, 14, 7], "inflate": 0.01, "uv": [65, 168]}
					]
				},
				{
					"name": "foot_right",
					"parent": "leg_right3",
					"pivot": [-13.5, 4.3, 19],
					"rotation": [10, 0, 0],
					"cubes": [
						{"origin": [-21.5, 4.3, 14], "size": [14, 6, 5], "inflate": 0.01, "uv": [127, 150]}
					]
				},
				{
					"name": "toes_right",
					"parent": "foot_right",
					"pivot": [-14.5, 4.3, 14],
					"cubes": [
						{"origin": [-21.5, 4.3, 11], "size": [14, 6, 3], "inflate": 0.01, "uv": [198, 0]}
					]
				},
				{
					"name": "toe_middle_right",
					"parent": "toes_right",
					"pivot": [-14.5, 10.3, 11],
					"cubes": [
						{"origin": [-18, 4.3, 5], "size": [7, 6, 6], "inflate": 0.02, "uv": [187, 169]},
						{"origin": [-17, 9.3, 6], "size": [5, 1, 3], "inflate": 0.02, "pivot": [-14.5, 10.3, 6], "rotation": [16, 0, 0], "uv": [81, 193]}
					]
				},
				{
					"name": "toe_middle_right2",
					"parent": "toe_middle_right",
					"pivot": [-14.5, 4.3, 5],
					"cubes": [
						{"origin": [-16, 4.3, -2], "size": [3, 3, 3], "uv": [228, 92]},
						{"origin": [-17, 4.3, 1], "size": [5, 5, 4], "uv": [217, 192]}
					]
				},
				{
					"name": "toe_outer_right",
					"parent": "toes_right",
					"pivot": [-14.5, 4.3, 12],
					"rotation": [0, 30, 0]
				},
				{
					"name": "toe_outer_right_rotation",
					"parent": "toe_outer_right",
					"pivot": [-18.5, 10.3, 12],
					"cubes": [
						{"origin": [-21.5, 4.3, 5], "size": [7, 6, 7], "uv": [158, 170]},
						{"origin": [-20.5, 9.3, 6], "size": [5, 1, 3], "pivot": [-18, 10.3, 6], "rotation": [16, 0, 0], "uv": [81, 189]}
					]
				},
				{
					"name": "toe_outer_right2",
					"parent": "toe_outer_right_rotation",
					"pivot": [-18, 4.3, 5],
					"cubes": [
						{"origin": [-19.5, 4.3, -2], "size": [3, 3, 3], "uv": [228, 86]},
						{"origin": [-20.5, 4.3, 1], "size": [5, 5, 4], "uv": [199, 190]}
					]
				},
				{
					"name": "toe_inner_right",
					"parent": "toes_right",
					"pivot": [-14.5, 4.3, 12],
					"rotation": [0, -30, 0]
				},
				{
					"name": "toe_inner_right_rotation",
					"parent": "toe_inner_right",
					"pivot": [-11.5, 10.3, 12],
					"cubes": [
						{"origin": [-14.5, 4.3, 5], "size": [7, 6, 7], "uv": [213, 170]},
						{"origin": [-13.5, 9.3, 6], "size": [5, 1, 3], "pivot": [-11, 10.3, 6], "rotation": [16, 0, 0], "uv": [81, 197]}
					]
				},
				{
					"name": "toe_inner_right2",
					"parent": "toe_inner_right_rotation",
					"pivot": [-11, 4.3, 5],
					"cubes": [
						{"origin": [-12.5, 4.3, -2], "size": [3, 3, 3], "uv": [228, 98]},
						{"origin": [-13.5, 4.3, 1], "size": [5, 5, 4], "uv": [235, 192]}
					]
				},
				{
					"name": "leg_left",
					"parent": "body",
					"pivot": [13.5, 29.2, 1.5],
					"rotation": [-25, -20, -15],
					"cubes": [
						{"origin": [7.5, 16.7, -7], "size": [14, 21, 17], "uv": [65, 130]},
						{"origin": [9.5, 17.7, -7], "size": [10, 6, 2], "pivot": [14.5, 17.7, -6.5], "rotation": [18, 0, 0], "uv": [218, 26]},
						{"origin": [9.5, 23.7, -7], "size": [10, 6, 2], "pivot": [14.5, 23.7, -7], "rotation": [18, 0, 0], "uv": [218, 18]},
						{"origin": [8.5, 11.7, -5], "size": [12, 5, 13], "pivot": [14, 17.7, -5], "rotation": [15, 0, 0], "uv": [160, 102]}
					]
				},
				{
					"name": "leg_left2",
					"parent": "leg_left",
					"pivot": [14, 14.8, 2.5],
					"rotation": [7, 0, 16],
					"cubes": [
						{"origin": [11, 11.3, -1], "size": [7, 7, 20], "uv": [174, 130]}
					]
				},
				{
					"name": "leg_left3",
					"parent": "leg_left2",
					"pivot": [14, 18.3, 19],
					"rotation": [12, 0, 0],
					"cubes": [
						{"origin": [9.5, 4.3, 12], "size": [10, 14, 7], "inflate": 0.01, "uv": [99, 168]}
					]
				},
				{
					"name": "foot_left",
					"parent": "leg_left3",
					"pivot": [13.5, 4.3, 19],
					"rotation": [10, 0, 0],
					"cubes": [
						{"origin": [7.5, 4.3, 14], "size": [14, 6, 5], "inflate": 0.01, "uv": [127, 161]}
					]
				},
				{
					"name": "toes_left",
					"parent": "foot_left",
					"pivot": [14.5, 4.3, 14],
					"cubes": [
						{"origin": [7.5, 4.3, 11], "size": [14, 6, 3], "inflate": 0.01, "uv": [198, 9]}
					]
				},
				{
					"name": "toe_middle_left",
					"parent": "toes_left",
					"pivot": [14.5, 10.3, 11],
					"cubes": [
						{"origin": [11, 4.3, 5], "size": [7, 6, 6], "inflate": 0.02, "uv": [193, 157]},
						{"origin": [12, 9.3, 6], "size": [5, 1, 3], "inflate": 0.02, "pivot": [14.5, 10.3, 6], "rotation": [16, 0, 0], "uv": [65, 193]}
					]
				},
				{
					"name": "toe_middle_left2",
					"parent": "toe_middle_left",
					"pivot": [14.5, 4.3, 5],
					"cubes": [
						{"origin": [13, 4.3, -2], "size": [3, 3, 3], "uv": [228, 74]},
						{"origin": [12, 4.3, 1], "size": [5, 5, 4], "uv": [217, 183]}
					]
				},
				{
					"name": "toe_outer_left",
					"parent": "toes_left",
					"pivot": [14.5, 4.3, 12],
					"rotation": [0, -30, 0]
				},
				{
					"name": "toe_outer_left_rotation",
					"parent": "toe_outer_left",
					"pivot": [18.5, 10.3, 12],
					"cubes": [
						{"origin": [14.5, 4.3, 5], "size": [7, 6, 7], "uv": [165, 157]},
						{"origin": [15.5, 9.3, 6], "size": [5, 1, 3], "pivot": [18, 10.3, 6], "rotation": [16, 0, 0], "uv": [65, 189]}
					]
				},
				{
					"name": "toe_outer_left2",
					"parent": "toe_outer_left_rotation",
					"pivot": [18, 4.3, 5],
					"cubes": [
						{"origin": [16.5, 4.3, -2], "size": [3, 3, 3], "uv": [228, 68]},
						{"origin": [15.5, 4.3, 1], "size": [5, 5, 4], "uv": [199, 181]}
					]
				},
				{
					"name": "toe_inner_left",
					"parent": "toes_left",
					"pivot": [14.5, 4.3, 12],
					"rotation": [0, 30, 0]
				},
				{
					"name": "toe_inner_left_rotation",
					"parent": "toe_inner_left",
					"pivot": [11.5, 10.3, 12],
					"cubes": [
						{"origin": [7.5, 4.3, 5], "size": [7, 6, 7], "uv": [219, 157]},
						{"origin": [8.5, 9.3, 6], "size": [5, 1, 3], "pivot": [11, 10.3, 6], "rotation": [16, 0, 0], "uv": [65, 197]}
					]
				},
				{
					"name": "toe_inner_left2",
					"parent": "toe_inner_left_rotation",
					"pivot": [11, 4.3, 5],
					"cubes": [
						{"origin": [9.5, 4.3, -2], "size": [3, 3, 3], "uv": [228, 80]},
						{"origin": [8.5, 4.3, 1], "size": [5, 5, 4], "uv": [235, 183]}
					]
				}
			]
		}
	]
}