{
	"format_version": "1.8.0",
	"animations": {
		"animation.heracrosspaldea.ground_idle": {
			"loop": true,
			"bones": {
				"body": {
					"rotation": [0, 0, 0],
					"position": [0, 0.1, 0]
				},
				"torso": {
					"rotation": ["0+Math.cos((query.anim_time-0.3) * 90 *2) * 2", 0, "0+Math.cos((query.anim_time-0.5) * 90 * 2) * 2"],
					"position": [0, "Math.cos((query.anim_time) * 90 * 2) * 0.1, +Math.cos((query.anim_time) * 90 *2) * 0.25", 0]
				},
				"horn": {
					"rotation": ["0-2*math.cos(q.anim_time*90*2)*2", 0, "0-2*math.cos(q.anim_time*90*2)*1"]
				},
				"horn2": {
					"rotation": ["0-2*math.cos(q.anim_time*90*2-30)*2", 0, "0-2*math.cos(q.anim_time*90*2-30)*1"]
				},
				"horn3": {
					"rotation": ["0-2*math.cos(q.anim_time*90*2-60)*2", 0, 0]
				},
				"horn_tip_left": {
					"rotation": [0, 0, "0+2*math.cos(q.anim_time*90*2)*3"]
				},
				"horn_tip_right": {
					"rotation": [0, 0, "0-2*math.cos(q.anim_time*90*2)*3"]
				},
				"antenna_left": {
					"rotation": ["0-2*math.cos(q.anim_time*90*2)*2", 0, "0+2*math.cos(q.anim_time*90*2)*1"]
				},
				"antenna_left2": {
					"rotation": ["0-2*math.cos(q.anim_time*90*2-30)*2", 0, 0]
				},
				"antenna_left3": {
					"rotation": ["0-2*math.cos(q.anim_time*90*2-60)*2", 0, 0]
				},
				"antenna_right": {
					"rotation": ["0-2*math.cos(q.anim_time*90*2)*2", 0, "0-2*math.cos(q.anim_time*90*2)*1"]
				},
				"antenna_right2": {
					"rotation": ["0-2*math.cos(q.anim_time*90*2-30)*2", 0, 0]
				},
				"antenna_right3": {
					"rotation": ["0-2*math.cos(q.anim_time*90*2-60)*2", 0, 0]
				},
				"claw_right1": {
					"rotation": [0, -5, "-20-2*math.cos(q.anim_time*90*2)*1"]
				},
				"claw_right2": {
					"rotation": [0, -5, "-20-2*math.cos(q.anim_time*90*2)*1"]
				},
				"claw_left1": {
					"rotation": [0, 5, "20+2*math.cos(q.anim_time*90*2)*1"]
				},
				"claw_left2": {
					"rotation": [0, 5, "20+2*math.cos(q.anim_time*90*2)*1"]
				},
				"claw_right5": {
					"rotation": [0, -5, "-20-2*math.cos(q.anim_time*90*2)*1"]
				},
				"claw_right6": {
					"rotation": [0, -5, "-20-2*math.cos(q.anim_time*90*2)*1"]
				},
				"claw_right3": {
					"rotation": [0, -5, "-20-2*math.cos(q.anim_time*90*2)*1"]
				},
				"claw_right4": {
					"rotation": [0, -5, "-20-2*math.cos(q.anim_time*90*2)*1"]
				},
				"claw_left3": {
					"rotation": [0, 5, "20+2*math.cos(q.anim_time*90*2)*1"]
				},
				"claw_left4": {
					"rotation": [0, 5, "20+2*math.cos(q.anim_time*90*2)*1"]
				},
				"claw_left5": {
					"rotation": [0, 5, "20+2*math.cos(q.anim_time*90*2)*1"]
				},
				"claw_left6": {
					"rotation": [0, 5, "20+2*math.cos(q.anim_time*90*2)*1"]
				}
			}
		},
		"animation.heracrosspaldea.battle_idle": {
			"loop": true,
			"bones": {
				"body": {
					"rotation": [0, 0, 0],
					"position": [0, 0.1, 0]
				},
				"torso": {
					"rotation": ["7.5+Math.cos((query.anim_time-0.3) * 90 *2) * 2", 0, "Math.cos((query.anim_time-0.5) * 90 * 2) * 2"],
					"position": [0, "Math.cos((query.anim_time) * 90 * 2) * 0.1, +Math.cos((query.anim_time) * 90 *2) * 0.25", 0]
				},
				"pupil_left": {
					"rotation": [0, 0, -20]
				},
				"eye_right": {
					"rotation": [0, 0, 0]
				},
				"pupil_right": {
					"rotation": [0, 0, 20]
				},
				"horn": {
					"rotation": ["15-2*math.cos(q.anim_time*90*2)*2", 0, "-2*math.cos(q.anim_time*90*2)*1"]
				},
				"horn2": {
					"rotation": ["2.5-2*math.cos(q.anim_time*90*2-30)*2", 0, "-2*math.cos(q.anim_time*90*2-30)*1"]
				},
				"horn3": {
					"rotation": ["2.5-2*math.cos(q.anim_time*90*2-60)*2", 0, 0]
				},
				"horn_tip_left": {
					"rotation": [0, 0, "0+2*math.cos(q.anim_time*90*2)*3"]
				},
				"horn_tip_right": {
					"rotation": [0, 0, "0-2*math.cos(q.anim_time*90*2)*3"]
				},
				"antenna_left": {
					"rotation": ["0-2*math.cos(q.anim_time*90*2)*2", 0, "0+2*math.cos(q.anim_time*90*2)*1"]
				},
				"antenna_left2": {
					"rotation": ["0-2*math.cos(q.anim_time*90*2-30)*2", 0, 0]
				},
				"antenna_left3": {
					"rotation": ["0-2*math.cos(q.anim_time*90*2-60)*2", 0, 0]
				},
				"antenna_right": {
					"rotation": ["0-2*math.cos(q.anim_time*90*2)*2", 0, "0-2*math.cos(q.anim_time*90*2)*1"]
				},
				"antenna_right2": {
					"rotation": ["0-2*math.cos(q.anim_time*90*2-30)*2", 0, 0]
				},
				"antenna_right3": {
					"rotation": ["0-2*math.cos(q.anim_time*90*2-60)*2", 0, 0]
				},
				"claw_right1": {
					"rotation": [0, -5, "-20-2*math.cos(q.anim_time*90*2)*1"]
				},
				"claw_right2": {
					"rotation": [0, -5, "-20-2*math.cos(q.anim_time*90*2)*1"]
				},
				"claw_left1": {
					"rotation": [0, 5, "20+2*math.cos(q.anim_time*90*2)*1"]
				},
				"claw_left2": {
					"rotation": [0, 5, "20+2*math.cos(q.anim_time*90*2)*1"]
				},
				"leg_right_back": {
					"rotation": [0, 0, -27.5]
				},
				"claw_right5": {
					"rotation": [0, -5, "-20-2*math.cos(q.anim_time*90*2)*1"]
				},
				"claw_right6": {
					"rotation": [0, -5, "-20-2*math.cos(q.anim_time*90*2)*1"]
				},
				"leg_right_front": {
					"rotation": [0, 0, 27.5]
				},
				"claw_right3": {
					"rotation": [0, -5, "-20-2*math.cos(q.anim_time*90*2)*1"]
				},
				"claw_right4": {
					"rotation": [0, -5, "-20-2*math.cos(q.anim_time*90*2)*1"]
				},
				"leg_left_front": {
					"rotation": [0, 0, -27.5]
				},
				"claw_left3": {
					"rotation": [0, 5, "20+2*math.cos(q.anim_time*90*2)*1"]
				},
				"claw_left4": {
					"rotation": [0, 5, "20+2*math.cos(q.anim_time*90*2)*1"]
				},
				"leg_left_back": {
					"rotation": [0, 0, 27.5]
				},
				"claw_left5": {
					"rotation": [0, 5, "20+2*math.cos(q.anim_time*90*2)*1"]
				},
				"claw_left6": {
					"rotation": [0, 5, "20+2*math.cos(q.anim_time*90*2)*1"]
				}
			}
		},
		"animation.heracrosspaldea.ground_walk": {
			"loop": true,
			"bones": {
				"body": {
					"rotation": [0, 0, 0],
					"position": [0, 0.1, 0]
				},
				"torso": {
					"rotation": [
						"0+Math.cos((query.anim_time-0.3) * 90 *4) * 2",
						"0.5+Math.cos((query.anim_time) * 90 * 4) * 0.1, +Math.cos((query.anim_time) * 90 *4) * 0.25",
						"0+Math.cos((query.anim_time-0.5) * 90 * 4) * 2"
					],
					"position": [0, "0.5+Math.cos((query.anim_time) * 90 * 4) * 0.1, +Math.cos((query.anim_time) * 90 *4) * 0.25", 0]
				},
				"horn": {
					"rotation": ["0-2*math.cos(q.anim_time*90*2)*2", 0, "0-2*math.cos(q.anim_time*90*2)*1"]
				},
				"horn2": {
					"rotation": ["0-2*math.cos(q.anim_time*90*2-30)*2", 0, "0-2*math.cos(q.anim_time*90*2-30)*1"]
				},
				"horn3": {
					"rotation": ["0-2*math.cos(q.anim_time*90*2-60)*2", 0, 0]
				},
				"horn_tip_left": {
					"rotation": [0, 0, "0+2*math.cos(q.anim_time*90*2)*3"]
				},
				"horn_tip_right": {
					"rotation": [0, 0, "0-2*math.cos(q.anim_time*90*2)*3"]
				},
				"antenna_left": {
					"rotation": ["0-2*math.cos(q.anim_time*90*2)*2", 0, "0+2*math.cos(q.anim_time*90*2)*1"]
				},
				"antenna_left2": {
					"rotation": ["0-2*math.cos(q.anim_time*90*2-30)*2", 0, 0]
				},
				"antenna_left3": {
					"rotation": ["0-2*math.cos(q.anim_time*90*2-60)*2", 0, 0]
				},
				"antenna_right": {
					"rotation": ["0-2*math.cos(q.anim_time*90*2)*2", 0, "0-2*math.cos(q.anim_time*90*2)*1"]
				},
				"antenna_right2": {
					"rotation": ["0-2*math.cos(q.anim_time*90*2-30)*2", 0, 0]
				},
				"antenna_right3": {
					"rotation": ["0-2*math.cos(q.anim_time*90*2-60)*2", 0, 0]
				},
				"leg_right_middle": {
					"rotation": [
						"math.cos(q.anim_time*90*3+70-30)*0.1",
						"math.sin(q.anim_time*90*3+90-30)*4+math.clamp(-math.sin(q.anim_time*90*3+90-30)*4,0,1)",
						"0.5+math.cos(q.anim_time*90*3+120-30)*8"
					],
					"position": [
						"math.cos(q.anim_time*90*3+70-30)*0.1",
						"math.sin(q.anim_time*90*3+90-30)*1+math.clamp(-math.sin(q.anim_time*90*3+90-30)*1,0,1)",
						"0.5+math.cos(q.anim_time*90*3+120-30)*1.5"
					]
				},
				"leg_right_middle2": {
					"rotation": [0, "0.5+math.cos(q.anim_time*90*3+120)*8", 0]
				},
				"leg_right_middle3": {
					"rotation": [0, "0.5+math.cos(q.anim_time*90*3+120)*8", 0]
				},
				"foot_right": {
					"rotation": [0, "0.5+math.cos(q.anim_time*90*3+120)*8", 0]
				},
				"claw_right1": {
					"rotation": [0, 5, "-20-2*math.cos(q.anim_time*90*2)*1"]
				},
				"claw_right2": {
					"rotation": [0, -5, "-20-2*math.cos(q.anim_time*90*2)*1"]
				},
				"leg_left_middle": {
					"rotation": [
						"math.cos(q.anim_time*90*3+70-30)*0.1",
						"math.sin(q.anim_time*90*3+90-30)*4+math.clamp(-math.sin(q.anim_time*90*3+90-30)*4,0,1)",
						"0.5+math.cos(q.anim_time*90*3+120-30)*8"
					],
					"position": [
						"math.cos(q.anim_time*90*3+70+180-30)*0.1",
						"math.sin(q.anim_time*90*3+90+180-30)*1+math.clamp(-math.sin(q.anim_time*90*3+90+180-30)*1,0,1)",
						"0.5+math.cos(q.anim_time*90*3+120+180-30)*1.5"
					]
				},
				"leg_left_middle2": {
					"rotation": [0, "0.5+math.cos(q.anim_time*90*3+120)*8", 0]
				},
				"leg_left_middle3": {
					"rotation": [0, "0.5+math.cos(q.anim_time*90*3+120)*8", 0]
				},
				"foot_right_middle": {
					"rotation": [0, "0.5+math.cos(q.anim_time*90*3+120)*8", "0.5+math.cos(q.anim_time*90*3+120)*8"]
				},
				"claw_left1": {
					"rotation": [0, -5, "20+2*math.cos(q.anim_time*90*2)*1"]
				},
				"claw_left2": {
					"rotation": [0, 5, "20+2*math.cos(q.anim_time*90*2)*1"]
				},
				"leg_right_back": {
					"rotation": [
						"math.cos(q.anim_time*90*3+70-60)*0.1",
						"math.sin(q.anim_time*90*3+90-60)*4+math.clamp(-math.sin(q.anim_time*90*3+90-60)*4,0,1)",
						"0.5+math.cos(q.anim_time*90*3+120-60)*8"
					],
					"position": [
						"math.cos(q.anim_time*90*3+70-60)*0.1",
						"math.sin(q.anim_time*90*3+90-60)*1+math.clamp(-math.sin(q.anim_time*90*3+90-60)*1,0,1)",
						"0.5+math.cos(q.anim_time*90*3+120-60)*1.5"
					]
				},
				"leg_right_back2": {
					"rotation": [0, "0.5+math.cos(q.anim_time*90*3+120)*8", 0]
				},
				"foot_right_back": {
					"rotation": [0, "0.5+math.cos(q.anim_time*90*3+120)*8", 0]
				},
				"claw_right5": {
					"rotation": [0, 5, "-20-2*math.cos(q.anim_time*90*2)*1"]
				},
				"claw_right6": {
					"rotation": [0, -5, "-20-2*math.cos(q.anim_time*90*2)*1"]
				},
				"leg_right_front": {
					"rotation": [
						"math.cos(q.anim_time*90*3+70)*0.1",
						"math.sin(q.anim_time*90*3+90)*4+math.clamp(-math.sin(q.anim_time*90*3+90)*4,0,1)",
						"0.5+math.cos(q.anim_time*90*3+120)*8"
					],
					"position": [
						"math.cos(q.anim_time*90*3+70)*0.1",
						"math.sin(q.anim_time*90*3+90)*1+math.clamp(-math.sin(q.anim_time*90*3+90)*1,0,1)",
						"0.5+math.cos(q.anim_time*90*3+120)*1.5"
					]
				},
				"leg_right_front2": {
					"rotation": [0, "-0.5-math.cos(q.anim_time*90*3+120)*8", 0]
				},
				"foot_right_front": {
					"rotation": [0, "-0.5-math.cos(q.anim_time*90*3+120)*8", 0]
				},
				"claw_right3": {
					"rotation": [0, 5, "-20-2*math.cos(q.anim_time*90*2)*1"]
				},
				"claw_right4": {
					"rotation": [0, -5, "-20-2*math.cos(q.anim_time*90*2)*1"]
				},
				"leg_left_front": {
					"rotation": [
						"math.cos(q.anim_time*90*3+70)*0.1",
						"math.sin(q.anim_time*90*3+90)*4+math.clamp(-math.sin(q.anim_time*90*3+90)*4,0,1)",
						"0.5+math.cos(q.anim_time*90*3+120)*8"
					],
					"position": [
						"math.cos(q.anim_time*90*3+70+180)*0.1",
						"math.sin(q.anim_time*90*3+90+180)*1+math.clamp(-math.sin(q.anim_time*90*3+90+180)*1,0,1)",
						"0.5+math.cos(q.anim_time*90*3+120+180)*1.5"
					]
				},
				"leg_left_front2": {
					"rotation": [0, "0.5+math.cos(q.anim_time*90*3+120)*8", 0]
				},
				"foot_left_front": {
					"rotation": [0, "0.5+math.cos(q.anim_time*90*3+120)*8", 0]
				},
				"claw_left3": {
					"rotation": [0, -5, "20+2*math.cos(q.anim_time*90*2)*1"]
				},
				"claw_left4": {
					"rotation": [0, 5, "20+2*math.cos(q.anim_time*90*2)*1"]
				},
				"leg_left_back": {
					"rotation": [
						"math.cos(q.anim_time*90*3+70-60)*0.1",
						"math.sin(q.anim_time*90*3+90-60)*4+math.clamp(-math.sin(q.anim_time*90*3+90-60)*4,0,1)",
						"0.5+math.cos(q.anim_time*90*3+120-60)*8"
					],
					"position": [
						"math.cos(q.anim_time*90*3+70+180-60)*0.1",
						"math.sin(q.anim_time*90*3+90+180-60)*1+math.clamp(-math.sin(q.anim_time*90*3+90+180-60)*1,0,1)",
						"0.5+math.cos(q.anim_time*90*3+120+180-60)*1.5"
					]
				},
				"leg_left_back2": {
					"rotation": [0, "0.5+math.cos(q.anim_time*90*3+120)*8", 0]
				},
				"foot_left_back": {
					"rotation": [0, "0.5+math.cos(q.anim_time*90*3+120)*8", 0]
				},
				"claw_left5": {
					"rotation": [0, -5, "20+2*math.cos(q.anim_time*90*2)*1"]
				},
				"claw_left6": {
					"rotation": [0, 5, "20+2*math.cos(q.anim_time*90*2)*1"]
				}
			}
		},
		"animation.heracrosspaldea.blink": {
			"animation_length": 0.1667,
			"bones": {
				"pupil_left": {
					"position": {
						"0.0": [0, 0, 0.1],
						"0.125": [0, 0, 0.1],
						"0.1667": [0, 0, 0]
					}
				},
				"eyelid_left": {
					"position": {
						"0.0": [0, 0, -0.1],
						"0.125": [0, 0, -0.1],
						"0.1667": [0, 0, 0]
					}
				},
				"pupil_right": {
					"position": {
						"0.0": [0, 0, 0.1],
						"0.125": [0, 0, 0.1],
						"0.1667": [0, 0, 0]
					}
				},
				"eyelid_right": {
					"position": {
						"0.0": [0, 0, -0.1],
						"0.125": [0, 0, -0.1],
						"0.1667": [0, 0, 0]
					}
				}
			}
		},
		"animation.heracrosspaldea.sleep": {
			"loop": true,
			"bones": {
				"body": {
					"position": [0, -4, 0]
				},
				"torso": {
					"rotation": ["0+Math.cos((query.anim_time-0.3) * 90 *2) * 0.2", 0, "0+Math.cos((query.anim_time-0.5) * 90 * 2) * 0.1"]
				},
				"pupil_left": {
					"position": [0, 0, 0.1]
				},
				"eyelid_left": {
					"position": [0, 0, -0.1]
				},
				"pupil_right": {
					"position": [0, 0, 0.1]
				},
				"eyelid_right": {
					"position": [0, 0, -0.1]
				},
				"horn": {
					"rotation": ["10-2*math.cos(q.anim_time*90*1)*2", 0, "-2*math.cos(q.anim_time*90*1)*1"]
				},
				"horn2": {
					"rotation": ["0-2*math.cos(q.anim_time*90*1-30)*2", 0, "0-2*math.cos(q.anim_time*90*1-30)*1"]
				},
				"horn3": {
					"rotation": ["0-2*math.cos(q.anim_time*90*1-60)*2", 0, 0]
				},
				"horn_tip_left": {
					"rotation": [0, 0, "0+2*math.cos(q.anim_time*90*1)*3"]
				},
				"horn_tip_right": {
					"rotation": [0, 0, "0-2*math.cos(q.anim_time*90*1)*3"]
				},
				"antenna_left": {
					"rotation": ["-42.5-2*math.cos(q.anim_time*90*1)*2", 0, "2*math.cos(q.anim_time*90*1)*1"]
				},
				"antenna_left2": {
					"rotation": ["0-2*math.cos(q.anim_time*90*1-30)*2", 0, 0]
				},
				"antenna_left3": {
					"rotation": ["0-2*math.cos(q.anim_time*90*1-60)*2", 0, 0]
				},
				"antenna_right": {
					"rotation": ["-42.5-2*math.cos(q.anim_time*90*1)*2", 0, "-2*math.cos(q.anim_time*90*1)*1"]
				},
				"antenna_right2": {
					"rotation": ["0-2*math.cos(q.anim_time*90*1-30)*2", 0, 0]
				},
				"antenna_right3": {
					"rotation": ["0-2*math.cos(q.anim_time*90*1-60)*2", 0, 0]
				},
				"leg_right_middle": {
					"rotation": [0, -17.5, 0]
				},
				"leg_right_middle2": {
					"rotation": [0, 0, 10]
				},
				"leg_right_middle3": {
					"rotation": [0, 0, 67.5]
				},
				"foot_right": {
					"rotation": [0, 0, "0-2*math.cos(q.anim_time*90*1-30)*2"]
				},
				"claw_right1": {
					"rotation": [0, 10, "-60-2*math.cos(q.anim_time*90*1-30)*2"]
				},
				"claw_right2": {
					"rotation": [0, -10, "-60-2*math.cos(q.anim_time*90*1-30)*2"]
				},
				"leg_left_middle": {
					"rotation": [0, 17.5, 0]
				},
				"leg_left_middle2": {
					"rotation": [0, 0, -10]
				},
				"leg_left_middle3": {
					"rotation": [0, 0, -67.5]
				},
				"foot_right_middle": {
					"rotation": [0, 0, "0+2*math.cos(q.anim_time*90*1-30)*2"]
				},
				"claw_left1": {
					"rotation": [0, -10, "60+2*math.cos(q.anim_time*90*1-30)*2"]
				},
				"claw_left2": {
					"rotation": [0, 10, "60+2*math.cos(q.anim_time*90*1-30)*2"]
				},
				"leg_right_back": {
					"rotation": [0, 12, -10]
				},
				"leg_right_back2": {
					"rotation": [0, 0, 67.5]
				},
				"foot_right_back": {
					"rotation": [0, 0, "42.5-2*math.cos(q.anim_time*90*1-60)*2"]
				},
				"claw_right5": {
					"rotation": [0, 10, "-60-2*math.cos(q.anim_time*90*1-60)*2"]
				},
				"claw_right6": {
					"rotation": [0, -10, "-60-2*math.cos(q.anim_time*90*1-60)*2"]
				},
				"leg_right_front": {
					"rotation": [0, 12, 10]
				},
				"leg_right_front2": {
					"rotation": [0, 0, 67.5]
				},
				"foot_right_front": {
					"rotation": [0, 0, "42.5-2*math.cos(q.anim_time*90*1)*2"]
				},
				"claw_right3": {
					"rotation": [0, 10, "-60-2*math.cos(q.anim_time*90*1)*2"]
				},
				"claw_right4": {
					"rotation": [0, -10, "-60-2*math.cos(q.anim_time*90*1)*2"]
				},
				"leg_left_front": {
					"rotation": [0, -12, -10]
				},
				"leg_left_front2": {
					"rotation": [0, 0, -67.5]
				},
				"foot_left_front": {
					"rotation": [0, 0, "-42.5+2*math.cos(q.anim_time*90*1)*2"]
				},
				"claw_left3": {
					"rotation": [0, -10, "60+2*math.cos(q.anim_time*90*1)*2"]
				},
				"claw_left4": {
					"rotation": [0, 10, "60+2*math.cos(q.anim_time*90*1)*2"]
				},
				"leg_left_back": {
					"rotation": [0, -12, 10]
				},
				"leg_left_back2": {
					"rotation": [0, 0, -67.5]
				},
				"foot_left_back": {
					"rotation": [0, 0, "-42.5+2*math.cos(q.anim_time*90*1-60)*2"]
				},
				"claw_left5": {
					"rotation": [0, -10, "60+2*math.cos(q.anim_time*90*1-60)*2"]
				},
				"claw_left6": {
					"rotation": [0, 10, "60+2*math.cos(q.anim_time*90*1-60)*2"]
				}
			}
		},
		"animation.heracrosspaldea.cry": {
			"animation_length": 1.1667,
			"bones": {
				"torso": {
					"rotation": {
						"0.0": {
							"post": [0, 0, 0],
							"lerp_mode": "catmullrom"
						},
						"0.0833": {
							"post": [5, 0, 0],
							"lerp_mode": "catmullrom"
						},
						"0.3333": {
							"post": [-10, 0, 0],
							"lerp_mode": "catmullrom"
						},
						"1.1667": {
							"post": [0, 0, 0],
							"lerp_mode": "catmullrom"
						}
					}
				},
				"pupil_left": {
					"position": {
						"0.0": [0, 0, 0.1],
						"0.125": [0, 0, 0.1],
						"0.1667": [0, 0, 0]
					}
				},
				"eyelid_left": {
					"position": {
						"0.0": [0, 0, -0.1],
						"0.125": [0, 0, -0.1],
						"0.1667": [0, 0, 0]
					}
				},
				"pupil_right": {
					"position": {
						"0.0": [0, 0, 0.1],
						"0.125": [0, 0, 0.1],
						"0.1667": [0, 0, 0]
					}
				},
				"eyelid_right": {
					"position": {
						"0.0": [0, 0, -0.1],
						"0.125": [0, 0, -0.1],
						"0.1667": [0, 0, 0]
					}
				},
				"horn": {
					"rotation": {
						"0.0": {
							"post": [0, 0, 0],
							"lerp_mode": "catmullrom"
						},
						"0.3333": {
							"post": [5, 0, 0],
							"lerp_mode": "catmullrom"
						},
						"1.1667": {
							"post": [0, 0, 0],
							"lerp_mode": "catmullrom"
						}
					}
				},
				"horn2": {
					"rotation": {
						"0.0": {
							"post": [0, 0, 0],
							"lerp_mode": "catmullrom"
						},
						"0.3333": {
							"post": [30, 0, 0],
							"lerp_mode": "catmullrom"
						},
						"1.1667": {
							"post": [0, 0, 0],
							"lerp_mode": "catmullrom"
						}
					}
				},
				"horn3": {
					"rotation": {
						"0.0": {
							"post": [0, 0, 0],
							"lerp_mode": "catmullrom"
						},
						"0.3333": {
							"post": [7.5, 0, 0],
							"lerp_mode": "catmullrom"
						},
						"1.1667": {
							"post": [0, 0, 0],
							"lerp_mode": "catmullrom"
						}
					}
				}
			},
			"sound_effects": {
				"0.0": {
					"effect": "pokemon.heracrosspaldea.cry"
				}
			}
		},
		"animation.heracrosspaldea.recoil": {
			"animation_length": 1.5,
			"bones": {
				"torso": {
					"rotation": {
						"0.0": [0, 0, 0],
						"0.125": {
							"pre": [-8, 1, 0],
							"post": [-8, 1, 0],
							"lerp_mode": "catmullrom"
						},
						"0.8333": {
							"post": [1, 0, 0],
							"lerp_mode": "catmullrom"
						},
						"1.5": [0, 0, 0]
					}
				},
				"pupil_left": {
					"position": {
						"0.0": [0, 0, 0.1],
						"0.125": [0, 0, 0.1],
						"0.1667": [0, 0, 0]
					}
				},
				"eyelid_left": {
					"position": {
						"0.0": [0, 0, -0.1],
						"0.125": [0, 0, -0.1],
						"0.1667": [0, 0, 0]
					}
				},
				"pupil_right": {
					"position": {
						"0.0": [0, 0, 0.1],
						"0.125": [0, 0, 0.1],
						"0.1667": [0, 0, 0]
					}
				},
				"eyelid_right": {
					"position": {
						"0.0": [0, 0, -0.1],
						"0.125": [0, 0, -0.1],
						"0.1667": [0, 0, 0]
					}
				},
				"horn": {
					"rotation": {
						"0.0": [0, 0, 0],
						"0.125": {
							"pre": [-8, 1, 0],
							"post": [-8, 1, 0],
							"lerp_mode": "catmullrom"
						},
						"0.8333": {
							"post": [1, 0, 0],
							"lerp_mode": "catmullrom"
						},
						"1.5": [0, 0, 0]
					}
				},
				"horn2": {
					"rotation": {
						"0.0": [0, 0, 0],
						"0.125": {
							"pre": [-8, 1, 0],
							"post": [-8, 1, 0],
							"lerp_mode": "catmullrom"
						},
						"0.8333": {
							"post": [1, 0, 0],
							"lerp_mode": "catmullrom"
						},
						"1.5": [0, 0, 0]
					}
				},
				"horn3": {
					"rotation": {
						"0.0": [0, 0, 0],
						"0.125": {
							"pre": [-8, 1, 0],
							"post": [-8, 1, 0],
							"lerp_mode": "catmullrom"
						},
						"0.8333": {
							"post": [1, 0, 0],
							"lerp_mode": "catmullrom"
						},
						"1.5": [0, 0, 0]
					}
				}
			}
		},
		"animation.heracrosspaldea.faint": {
			"animation_length": 5.3333,
			"bones": {
				"body": {
					"rotation": {
						"0.0": {
							"post": [0, 0, 0],
							"lerp_mode": "catmullrom"
						},
						"0.5": {
							"post": [0, 0, 0],
							"lerp_mode": "catmullrom"
						}
					},
					"position": {
						"0.0": {
							"post": [0, 0.1, 0],
							"lerp_mode": "catmullrom"
						},
						"0.5": {
							"post": [0, 0.1, 0],
							"lerp_mode": "catmullrom"
						},
						"1.0": {
							"post": [0, -4, 0],
							"lerp_mode": "catmullrom"
						}
					}
				},
				"torso": {
					"rotation": {
						"0.0": [0, 0, 0],
						"0.125": [-8, 1, 0],
						"0.5": ["7.5+Math.cos((query.anim_time-0.3) * 90 *2) * 2", 0, "Math.cos((query.anim_time-0.5) * 90 * 2) * 2"],
						"0.8333": [1, 0, 0],
						"1.0": ["0+Math.cos((query.anim_time-0.3) * 90 *2) * 0.2", 0, "0+Math.cos((query.anim_time-0.5) * 90 * 2) * 0.1"],
						"1.5": [0, 0, 0]
					},
					"position": {
						"0.0": [0, "Math.cos((query.anim_time) * 90 * 2) * 0.1, +Math.cos((query.anim_time) * 90 *2) * 0.25", 0],
						"0.5": [0, "Math.cos((query.anim_time) * 90 * 2) * 0.1, +Math.cos((query.anim_time) * 90 *2) * 0.25", 0],
						"1.5": [0, 0, 0]
					}
				},
				"pupil_left": {
					"rotation": {
						"0.0": {
							"post": [0, 0, -20],
							"lerp_mode": "catmullrom"
						},
						"0.5": {
							"post": [0, 0, -20],
							"lerp_mode": "catmullrom"
						}
					},
					"position": {
						"0.0": {
							"post": [0, 0, 0.1],
							"lerp_mode": "catmullrom"
						},
						"0.125": {
							"post": [0, 0, 0.1],
							"lerp_mode": "catmullrom"
						},
						"0.1667": {
							"post": [0, 0, 0],
							"lerp_mode": "catmullrom"
						},
						"0.9583": {
							"post": [0, 0, 0],
							"lerp_mode": "catmullrom"
						},
						"1.0": {
							"post": [0, 0, 0.1],
							"lerp_mode": "catmullrom"
						}
					}
				},
				"eyelid_left": {
					"position": {
						"0.0": {
							"post": [0, 0, -0.1],
							"lerp_mode": "catmullrom"
						},
						"0.125": {
							"post": [0, 0, -0.1],
							"lerp_mode": "catmullrom"
						},
						"0.1667": {
							"post": [0, 0, 0],
							"lerp_mode": "catmullrom"
						},
						"1.0": {
							"post": [0, 0, -0.1],
							"lerp_mode": "catmullrom"
						}
					}
				},
				"eye_right": {
					"rotation": {
						"0.0": {
							"post": [0, 0, 0],
							"lerp_mode": "catmullrom"
						},
						"0.5": {
							"post": [0, 0, 0],
							"lerp_mode": "catmullrom"
						}
					}
				},
				"pupil_right": {
					"rotation": {
						"0.0": {
							"post": [0, 0, 20],
							"lerp_mode": "catmullrom"
						},
						"0.5": {
							"post": [0, 0, 20],
							"lerp_mode": "catmullrom"
						}
					},
					"position": {
						"0.0": {
							"post": [0, 0, 0.1],
							"lerp_mode": "catmullrom"
						},
						"0.125": {
							"post": [0, 0, 0.1],
							"lerp_mode": "catmullrom"
						},
						"0.1667": {
							"post": [0, 0, 0],
							"lerp_mode": "catmullrom"
						},
						"0.9583": {
							"post": [0, 0, 0],
							"lerp_mode": "catmullrom"
						},
						"1.0": {
							"post": [0, 0, 0.1],
							"lerp_mode": "catmullrom"
						}
					}
				},
				"eyelid_right": {
					"position": {
						"0.0": {
							"post": [0, 0, -0.1],
							"lerp_mode": "catmullrom"
						},
						"0.125": {
							"post": [0, 0, -0.1],
							"lerp_mode": "catmullrom"
						},
						"0.1667": {
							"post": [0, 0, 0],
							"lerp_mode": "catmullrom"
						},
						"1.0": {
							"post": [0, 0, -0.1],
							"lerp_mode": "catmullrom"
						}
					}
				},
				"horn": {
					"rotation": {
						"0.0": [0, 0, 0],
						"0.125": [-8, 1, 0],
						"0.5": ["15-2*math.cos(q.anim_time*90*2)*2", 0, "-2*math.cos(q.anim_time*90*2)*1"],
						"0.8333": [1, 0, 0],
						"1.0": ["10-2*math.cos(q.anim_time*90*1)*2", 0, "-2*math.cos(q.anim_time*90*1)*1"],
						"1.5": [0, 0, 0]
					}
				},
				"horn2": {
					"rotation": {
						"0.0": [0, 0, 0],
						"0.125": [-8, 1, 0],
						"0.5": ["2.5-2*math.cos(q.anim_time*90*2-30)*2", 0, "-2*math.cos(q.anim_time*90*2-30)*1"],
						"0.8333": [1, 0, 0],
						"1.0": ["0-2*math.cos(q.anim_time*90*1-30)*2", 0, "0-2*math.cos(q.anim_time*90*1-30)*1"],
						"1.5": [0, 0, 0]
					}
				},
				"horn3": {
					"rotation": {
						"0.0": [0, 0, 0],
						"0.125": [-8, 1, 0],
						"0.5": ["2.5-2*math.cos(q.anim_time*90*2-60)*2", 0, 0],
						"0.8333": [1, 0, 0],
						"1.0": ["0-2*math.cos(q.anim_time*90*1-60)*2", 0, 0],
						"1.5": [0, 0, 0]
					}
				},
				"horn_tip_left": {
					"rotation": {
						"0.0": [0, 0, "0+2*math.cos(q.anim_time*90*2)*3"],
						"0.5": [0, 0, "0+2*math.cos(q.anim_time*90*2)*3"],
						"1.0": [0, 0, "0+2*math.cos(q.anim_time*90*1)*3"]
					}
				},
				"horn_tip_right": {
					"rotation": {
						"0.0": [0, 0, "0-2*math.cos(q.anim_time*90*2)*3"],
						"0.5": [0, 0, "0-2*math.cos(q.anim_time*90*2)*3"],
						"1.0": [0, 0, "0-2*math.cos(q.anim_time*90*1)*3"]
					}
				},
				"antenna_left": {
					"rotation": {
						"0.0": ["0-2*math.cos(q.anim_time*90*2)*2", 0, "0+2*math.cos(q.anim_time*90*2)*1"],
						"0.5": ["0-2*math.cos(q.anim_time*90*2)*2", 0, "0+2*math.cos(q.anim_time*90*2)*1"],
						"1.0": ["-42.5-2*math.cos(q.anim_time*90*1)*2", 0, "2*math.cos(q.anim_time*90*1)*1"]
					}
				},
				"antenna_left2": {
					"rotation": {
						"0.0": ["0-2*math.cos(q.anim_time*90*2-30)*2", 0, 0],
						"0.5": ["0-2*math.cos(q.anim_time*90*2-30)*2", 0, 0],
						"1.0": ["0-2*math.cos(q.anim_time*90*1-30)*2", 0, 0]
					}
				},
				"antenna_left3": {
					"rotation": {
						"0.0": ["0-2*math.cos(q.anim_time*90*2-60)*2", 0, 0],
						"0.5": ["0-2*math.cos(q.anim_time*90*2-60)*2", 0, 0],
						"1.0": ["0-2*math.cos(q.anim_time*90*1-60)*2", 0, 0]
					}
				},
				"antenna_right": {
					"rotation": {
						"0.0": ["0-2*math.cos(q.anim_time*90*2)*2", 0, "0-2*math.cos(q.anim_time*90*2)*1"],
						"0.5": ["0-2*math.cos(q.anim_time*90*2)*2", 0, "0-2*math.cos(q.anim_time*90*2)*1"],
						"1.0": ["-42.5-2*math.cos(q.anim_time*90*1)*2", 0, "-2*math.cos(q.anim_time*90*1)*1"]
					}
				},
				"antenna_right2": {
					"rotation": {
						"0.0": ["0-2*math.cos(q.anim_time*90*2-30)*2", 0, 0],
						"0.5": ["0-2*math.cos(q.anim_time*90*2-30)*2", 0, 0],
						"1.0": ["0-2*math.cos(q.anim_time*90*1-30)*2", 0, 0]
					}
				},
				"antenna_right3": {
					"rotation": {
						"0.0": ["0-2*math.cos(q.anim_time*90*2-60)*2", 0, 0],
						"0.5": ["0-2*math.cos(q.anim_time*90*2-60)*2", 0, 0],
						"1.0": ["0-2*math.cos(q.anim_time*90*1-60)*2", 0, 0]
					}
				},
				"leg_right_middle": {
					"rotation": {
						"0.0": {
							"post": [0, 0, 0],
							"lerp_mode": "catmullrom"
						},
						"0.5": {
							"post": [0, 0, 0],
							"lerp_mode": "catmullrom"
						},
						"1.0": {
							"post": [0, -17.5, 0],
							"lerp_mode": "catmullrom"
						}
					}
				},
				"leg_right_middle2": {
					"rotation": {
						"0.0": {
							"post": [0, 0, 0],
							"lerp_mode": "catmullrom"
						},
						"0.5": {
							"post": [0, 0, 0],
							"lerp_mode": "catmullrom"
						},
						"1.0": {
							"post": [0, 0, 10],
							"lerp_mode": "catmullrom"
						}
					}
				},
				"leg_right_middle3": {
					"rotation": {
						"0.0": {
							"post": [0, 0, 0],
							"lerp_mode": "catmullrom"
						},
						"0.5": {
							"post": [0, 0, 0],
							"lerp_mode": "catmullrom"
						},
						"1.0": {
							"post": [0, 0, 67.5],
							"lerp_mode": "catmullrom"
						}
					}
				},
				"foot_right": {
					"rotation": {
						"0.0": [0, 0, 0],
						"0.5": [0, 0, 0],
						"1.0": [0, 0, "0-2*math.cos(q.anim_time*90*1-30)*2"]
					}
				},
				"claw_right1": {
					"rotation": {
						"0.0": [0, -5, "-20-2*math.cos(q.anim_time*90*2)*1"],
						"0.5": [0, -5, "-20-2*math.cos(q.anim_time*90*2)*1"],
						"1.0": [0, 10, "-60-2*math.cos(q.anim_time*90*1-30)*2"]
					}
				},
				"claw_right2": {
					"rotation": {
						"0.0": [0, -5, "-20-2*math.cos(q.anim_time*90*2)*1"],
						"0.5": [0, -5, "-20-2*math.cos(q.anim_time*90*2)*1"],
						"1.0": [0, -10, "-60-2*math.cos(q.anim_time*90*1-30)*2"]
					}
				},
				"leg_left_middle": {
					"rotation": {
						"0.0": {
							"post": [0, 0, 0],
							"lerp_mode": "catmullrom"
						},
						"0.5": {
							"post": [0, 0, 0],
							"lerp_mode": "catmullrom"
						},
						"1.0": {
							"post": [0, 17.5, 0],
							"lerp_mode": "catmullrom"
						}
					}
				},
				"leg_left_middle2": {
					"rotation": {
						"0.0": {
							"post": [0, 0, 0],
							"lerp_mode": "catmullrom"
						},
						"0.5": {
							"post": [0, 0, 0],
							"lerp_mode": "catmullrom"
						},
						"1.0": {
							"post": [0, 0, -10],
							"lerp_mode": "catmullrom"
						}
					}
				},
				"leg_left_middle3": {
					"rotation": {
						"0.0": {
							"post": [0, 0, 0],
							"lerp_mode": "catmullrom"
						},
						"0.5": {
							"post": [0, 0, 0],
							"lerp_mode": "catmullrom"
						},
						"1.0": {
							"post": [0, 0, -67.5],
							"lerp_mode": "catmullrom"
						}
					}
				},
				"foot_right_middle": {
					"rotation": {
						"0.0": [0, 0, 0],
						"0.5": [0, 0, 0],
						"1.0": [0, 0, "0+2*math.cos(q.anim_time*90*1-30)*2"]
					}
				},
				"claw_left1": {
					"rotation": {
						"0.0": [0, 5, "20+2*math.cos(q.anim_time*90*2)*1"],
						"0.5": [0, 5, "20+2*math.cos(q.anim_time*90*2)*1"],
						"1.0": [0, -10, "60+2*math.cos(q.anim_time*90*1-30)*2"]
					}
				},
				"claw_left2": {
					"rotation": {
						"0.0": [0, 5, "20+2*math.cos(q.anim_time*90*2)*1"],
						"0.5": [0, 5, "20+2*math.cos(q.anim_time*90*2)*1"],
						"1.0": [0, 10, "60+2*math.cos(q.anim_time*90*1-30)*2"]
					}
				},
				"leg_right_back": {
					"rotation": {
						"0.0": {
							"post": [0, 0, -27.5],
							"lerp_mode": "catmullrom"
						},
						"0.5": {
							"post": [0, 0, -27.5],
							"lerp_mode": "catmullrom"
						},
						"1.0": {
							"post": [0, 12, -10],
							"lerp_mode": "catmullrom"
						}
					}
				},
				"leg_right_back2": {
					"rotation": {
						"0.0": {
							"post": [0, 0, 0],
							"lerp_mode": "catmullrom"
						},
						"0.5": {
							"post": [0, 0, 0],
							"lerp_mode": "catmullrom"
						},
						"1.0": {
							"post": [0, 0, 67.5],
							"lerp_mode": "catmullrom"
						}
					}
				},
				"foot_right_back": {
					"rotation": {
						"0.0": [0, 0, 0],
						"0.5": [0, 0, 0],
						"1.0": [0, 0, "42.5-2*math.cos(q.anim_time*90*1-60)*2"]
					}
				},
				"claw_right5": {
					"rotation": {
						"0.0": [0, -5, "-20-2*math.cos(q.anim_time*90*2)*1"],
						"0.5": [0, -5, "-20-2*math.cos(q.anim_time*90*2)*1"],
						"1.0": [0, 10, "-60-2*math.cos(q.anim_time*90*1-60)*2"]
					}
				},
				"claw_right6": {
					"rotation": {
						"0.0": [0, -5, "-20-2*math.cos(q.anim_time*90*2)*1"],
						"0.5": [0, -5, "-20-2*math.cos(q.anim_time*90*2)*1"],
						"1.0": [0, -10, "-60-2*math.cos(q.anim_time*90*1-60)*2"]
					}
				},
				"leg_right_front": {
					"rotation": {
						"0.0": {
							"post": [0, 0, 27.5],
							"lerp_mode": "catmullrom"
						},
						"0.5": {
							"post": [0, 0, 27.5],
							"lerp_mode": "catmullrom"
						},
						"1.0": {
							"post": [0, 12, 10],
							"lerp_mode": "catmullrom"
						}
					}
				},
				"leg_right_front2": {
					"rotation": {
						"0.0": {
							"post": [0, 0, 0],
							"lerp_mode": "catmullrom"
						},
						"0.5": {
							"post": [0, 0, 0],
							"lerp_mode": "catmullrom"
						},
						"1.0": {
							"post": [0, 0, 67.5],
							"lerp_mode": "catmullrom"
						}
					}
				},
				"foot_right_front": {
					"rotation": {
						"0.0": [0, 0, 0],
						"0.5": [0, 0, 0],
						"1.0": [0, 0, "42.5-2*math.cos(q.anim_time*90*1)*2"]
					}
				},
				"claw_right3": {
					"rotation": {
						"0.0": [0, -5, "-20-2*math.cos(q.anim_time*90*2)*1"],
						"0.5": [0, -5, "-20-2*math.cos(q.anim_time*90*2)*1"],
						"1.0": [0, 10, "-60-2*math.cos(q.anim_time*90*1)*2"]
					}
				},
				"claw_right4": {
					"rotation": {
						"0.0": [0, -5, "-20-2*math.cos(q.anim_time*90*2)*1"],
						"0.5": [0, -5, "-20-2*math.cos(q.anim_time*90*2)*1"],
						"1.0": [0, -10, "-60-2*math.cos(q.anim_time*90*1)*2"]
					}
				},
				"leg_left_front": {
					"rotation": {
						"0.0": {
							"post": [0, 0, -27.5],
							"lerp_mode": "catmullrom"
						},
						"0.5": {
							"post": [0, 0, -27.5],
							"lerp_mode": "catmullrom"
						},
						"1.0": {
							"post": [0, -12, -10],
							"lerp_mode": "catmullrom"
						}
					}
				},
				"leg_left_front2": {
					"rotation": {
						"0.0": {
							"post": [0, 0, 0],
							"lerp_mode": "catmullrom"
						},
						"0.5": {
							"post": [0, 0, 0],
							"lerp_mode": "catmullrom"
						},
						"1.0": {
							"post": [0, 0, -67.5],
							"lerp_mode": "catmullrom"
						}
					}
				},
				"foot_left_front": {
					"rotation": {
						"0.0": [0, 0, 0],
						"0.5": [0, 0, 0],
						"1.0": [0, 0, "-42.5+2*math.cos(q.anim_time*90*1)*2"]
					}
				},
				"claw_left3": {
					"rotation": {
						"0.0": [0, 5, "20+2*math.cos(q.anim_time*90*2)*1"],
						"0.5": [0, 5, "20+2*math.cos(q.anim_time*90*2)*1"],
						"1.0": [0, -10, "60+2*math.cos(q.anim_time*90*1)*2"]
					}
				},
				"claw_left4": {
					"rotation": {
						"0.0": [0, 5, "20+2*math.cos(q.anim_time*90*2)*1"],
						"0.5": [0, 5, "20+2*math.cos(q.anim_time*90*2)*1"],
						"1.0": [0, 10, "60+2*math.cos(q.anim_time*90*1)*2"]
					}
				},
				"leg_left_back": {
					"rotation": {
						"0.0": {
							"post": [0, 0, 27.5],
							"lerp_mode": "catmullrom"
						},
						"0.5": {
							"post": [0, 0, 27.5],
							"lerp_mode": "catmullrom"
						},
						"1.0": {
							"post": [0, -12, 10],
							"lerp_mode": "catmullrom"
						}
					}
				},
				"leg_left_back2": {
					"rotation": {
						"0.0": {
							"post": [0, 0, 0],
							"lerp_mode": "catmullrom"
						},
						"0.5": {
							"post": [0, 0, 0],
							"lerp_mode": "catmullrom"
						},
						"1.0": {
							"post": [0, 0, -67.5],
							"lerp_mode": "catmullrom"
						}
					}
				},
				"foot_left_back": {
					"rotation": {
						"0.0": [0, 0, 0],
						"0.5": [0, 0, 0],
						"1.0": [0, 0, "-42.5+2*math.cos(q.anim_time*90*1-60)*2"]
					}
				},
				"claw_left5": {
					"rotation": {
						"0.0": [0, 5, "20+2*math.cos(q.anim_time*90*2)*1"],
						"0.5": [0, 5, "20+2*math.cos(q.anim_time*90*2)*1"],
						"1.0": [0, -10, "60+2*math.cos(q.anim_time*90*1-60)*2"]
					}
				},
				"claw_left6": {
					"rotation": {
						"0.0": [0, 5, "20+2*math.cos(q.anim_time*90*2)*1"],
						"0.5": [0, 5, "20+2*math.cos(q.anim_time*90*2)*1"],
						"1.0": [0, 10, "60+2*math.cos(q.anim_time*90*1-60)*2"]
					}
				}
			}
		}
	}
}