{
	"format_version": "1.8.0",
	"animations": {
		"animation.sunglarer.ground_idle": {
			"loop": true,
			"animation_length": 4,
			"bones": {
				"neck": {
					"rotation": ["12.5+(math.cos((q.anim_time - 0.4) * 360 / -1) * 3.5)", 0, "(math.cos((q.anim_time - 0.4) * 360 / -2) * -7)"]
				},
				"neck2": {
					"rotation": ["-17.5+(math.cos((q.anim_time - 0.4) * 360 / -1) * 3.5)", 0, "(math.cos((q.anim_time - 0.4) * 360 / 2) * 7)"]
				},
				"neck3": {
					"rotation": ["-27.5+(math.cos((q.anim_time - 0.4) * 360 / -1) * 3.5)", 0, "(math.cos((q.anim_time - 0.4) * 360 / 2) * 7)"]
				},
				"neck4": {
					"rotation": ["32.5-(math.cos((q.anim_time - 0.4) * 360 / -1) * 3.5)", 0, "(math.cos((q.anim_time - 0.4) * 360 / 2) * 7)"]
				},
				"neck5": {
					"rotation": ["32.5-(math.cos((q.anim_time - 0.4) * 360 / -1) * 3.5)", 0, "(math.cos((q.anim_time - 0.4) * 360 / 2) * 7)"]
				},
				"neck6": {
					"rotation": ["47.5-(math.cos((q.anim_time - 0.4) * 360 / -1) * 3.5)", 0, "(math.cos((q.anim_time - 0.4) * 360 / 2) * 7)"]
				},
				"petals_front": {
					"rotation": [0, 0, 0]
				},
				"arm_left": {
					"rotation": ["-152.1684+(math.cos((q.anim_time - 0.4) * 360 / -1) * 3.5)", -14, "-172.8316+(math.cos((q.anim_time - 0.4) * 360 / 2) * 7)"]
				},
				"arm_right": {
					"rotation": ["152.8316-(math.cos((q.anim_time - 0.4) * 360 / -1) * 3.5)", 14, "-187.8316+(math.cos((q.anim_time - 0.4) * 360 / 2) * 7)"]
				},
				"leaf": {
					"rotation": [0, 7.5, 0]
				},
				"leaf2": {
					"rotation": [0, 27.5, 0]
				},
				"leaf3": {
					"rotation": [0, 25, 0]
				},
				"leaf4": {
					"rotation": [0, -7.5, 0]
				},
				"leaf5": {
					"rotation": [0, -27.5, 0]
				},
				"leaf6": {
					"rotation": [0, -25, 0]
				},
				"petal_front2": {
					"rotation": [-12.5, 0, 12.5]
				},
				"petal_front1": {
					"rotation": [0, 0, 12.5]
				},
				"petal_front3": {
					"rotation": [-12.5, 0, 0]
				},
				"petal_front4": {
					"rotation": [-12.5, 0, -12.5]
				},
				"petal_front5": {
					"rotation": [0, 0, -12.5]
				},
				"petal_front6": {
					"rotation": [12.5, 0, -12.5]
				},
				"petal_front7": {
					"rotation": [12.5, 0, 0]
				},
				"petal_front8": {
					"rotation": [12.5, 0, 12.5]
				},
				"arm_right5": {
					"rotation": ["-27.5-(math.cos((q.anim_time - 0.4) * 360 / -1) * 3.5)", 0, 0]
				},
				"arm_right4": {
					"rotation": ["27.5-(math.cos((q.anim_time - 0.4) * 360 / -1) * 3.5)", 0, 0]
				},
				"arm_right3": {
					"rotation": ["27.5-(math.cos((q.anim_time - 0.4) * 360 / -1) * 3.5)", 0, 0]
				},
				"arm_right2": {
					"rotation": ["27.5-(math.cos((q.anim_time - 0.4) * 360 / -1) * 3.5)", 0, 0]
				},
				"arm_left2": {
					"rotation": ["-27.5+(math.cos((q.anim_time - 0.4) * 360 / -1) * 3.5)", 0, 0]
				},
				"arm_left3": {
					"rotation": ["-27.5+(math.cos((q.anim_time - 0.4) * 360 / -1) * 3.5)", 0, 0]
				},
				"arm_left4": {
					"rotation": ["-27.5+(math.cos((q.anim_time - 0.4) * 360 / -1) * 3.5)", 0, 0]
				},
				"arm_left5": {
					"rotation": ["27.5-(math.cos((q.anim_time - 0.4) * 360 / -1) * 3.5)", 0, 0]
				},
				"petals_back7": {
					"rotation": [12.5, 0, 12.5]
				},
				"petals_back1": {
					"rotation": [-12.5, 0, 12.5]
				},
				"petals_back2": {
					"rotation": [-12.5, 0, 12.5]
				},
				"petals_back3": {
					"rotation": [-12.5, 0, -12.5]
				},
				"petals_back4": {
					"rotation": [-12.5, 0, -12.5]
				},
				"petals_back5": {
					"rotation": [12.5, 0, -12.5]
				},
				"petals_back6": {
					"rotation": [12.5, 0, -12.5]
				},
				"petals_back8": {
					"rotation": [12.5, 0, 12.5]
				},
				"head": {
					"rotation": [15, "(math.cos((q.anim_time - 0.4) * 360 / 4) * 0.7)", 0]
				}
			}
		},
		"animation.sunglarer.cry": {
			"animation_length": 0.7917,
			"bones": {
				"petals_front": {
					"rotation": [0, 0, 0]
				},
				"arm_left": {
					"rotation": ["(math.cos((q.anim_time - 0.4) * 360 / -0.2) * 3.5)", 0, "(math.cos((q.anim_time - 0.4) * 360 / 2) * 7)"]
				},
				"arm_right": {
					"rotation": ["-(math.cos((q.anim_time - 0.4) * 360 / -0.2) * 3.5)", 0, "(math.cos((q.anim_time - 0.4) * 360 / 2) * 7)"]
				},
				"arm_right5": {
					"rotation": ["-(math.cos((q.anim_time - 0.4) * 360 / -1) * 3.5)", 0, 0]
				},
				"arm_right4": {
					"rotation": ["-(math.cos((q.anim_time - 0.4) * 360 / -1) * 3.5)", 0, 0]
				},
				"arm_right3": {
					"rotation": ["-(math.cos((q.anim_time - 0.4) * 360 / -1) * 3.5)", 0, 0]
				},
				"arm_right2": {
					"rotation": ["-(math.cos((q.anim_time - 0.4) * 360 / -1) * 3.5)", 0, 0]
				},
				"arm_left2": {
					"rotation": ["(math.cos((q.anim_time - 0.4) * 360 / -1) * 3.5)", 0, 0]
				},
				"arm_left3": {
					"rotation": ["(math.cos((q.anim_time - 0.4) * 360 / -1) * 3.5)", 0, 0]
				},
				"arm_left4": {
					"rotation": ["(math.cos((q.anim_time - 0.4) * 360 / -1) * 3.5)", 0, 0]
				},
				"arm_left5": {
					"rotation": ["-(math.cos((q.anim_time - 0.4) * 360 / -1) * 3.5)", 0, 0]
				},
				"head": {
					"rotation": [0, "(math.cos((q.anim_time - 0.4) * 360 / 0.20) * 8)", 0]
				}
			},
			"sound_effects": {
				"0.0": {
					"effect": "pokemon.sunglarer.cry"
				}
			}
		},
		"animation.sunglarer.battle_idle": {
			"loop": true,
			"animation_length": 4,
			"bones": {
				"neck": {
					"rotation": ["17.5+(math.cos((q.anim_time - 0.4) * 360 / -1) * 3.5)", 0, "(math.cos((q.anim_time - 0.4) * 360 / 2) * 7)"]
				},
				"neck2": {
					"rotation": [-20, 0, 0]
				},
				"neck3": {
					"rotation": [25, 0, 0]
				},
				"neck4": {
					"rotation": [32.5, 0, 0]
				},
				"neck5": {
					"rotation": [22.5, 0, 0]
				},
				"neck6": {
					"rotation": [27.5, 0, 0]
				},
				"petals_front": {
					"rotation": [0, 0, 0]
				},
				"arm_left": {
					"rotation": ["-152.1684+(math.cos((q.anim_time - 0.4) * 360 / -1) * 3.5)", -14, "-172.8316+(math.cos((q.anim_time - 0.4) * 360 / 2) * 7)"]
				},
				"arm_right": {
					"rotation": ["152.8316-(math.cos((q.anim_time - 0.4) * 360 / -1) * 3.5)", 14, "-187.8316+(math.cos((q.anim_time - 0.4) * 360 / 2) * 7)"]
				},
				"leaf": {
					"rotation": [0, 7.5, 0]
				},
				"leaf2": {
					"rotation": [0, 27.5, 0]
				},
				"leaf3": {
					"rotation": [0, 25, 0]
				},
				"leaf4": {
					"rotation": [0, -7.5, 0]
				},
				"leaf5": {
					"rotation": [0, -27.5, 0]
				},
				"leaf6": {
					"rotation": [0, -25, 0]
				},
				"petal_front2": {
					"rotation": [-12.5, 0, 12.5]
				},
				"petal_front1": {
					"rotation": [0, 0, 12.5]
				},
				"petal_front3": {
					"rotation": [-12.5, 0, 0]
				},
				"petal_front4": {
					"rotation": [-12.5, 0, -12.5]
				},
				"petal_front5": {
					"rotation": [0, 0, -12.5]
				},
				"petal_front6": {
					"rotation": [12.5, 0, -12.5]
				},
				"petal_front7": {
					"rotation": [12.5, 0, 0]
				},
				"petal_front8": {
					"rotation": [12.5, 0, 12.5]
				},
				"arm_right5": {
					"rotation": ["-27.5-(math.cos((q.anim_time - 0.4) * 360 / -1) * 3.5)", 0, 0]
				},
				"arm_right4": {
					"rotation": ["27.5-(math.cos((q.anim_time - 0.4) * 360 / -1) * 3.5)", 0, 0]
				},
				"arm_right3": {
					"rotation": ["27.5-(math.cos((q.anim_time - 0.4) * 360 / -1) * 3.5)", 0, 0]
				},
				"arm_right2": {
					"rotation": ["27.5-(math.cos((q.anim_time - 0.4) * 360 / -1) * 3.5)", 0, 0]
				},
				"arm_left2": {
					"rotation": ["-27.5+(math.cos((q.anim_time - 0.4) * 360 / -1) * 3.5)", 0, 0]
				},
				"arm_left3": {
					"rotation": ["-27.5+(math.cos((q.anim_time - 0.4) * 360 / -1) * 3.5)", 0, 0]
				},
				"arm_left4": {
					"rotation": ["-27.5+(math.cos((q.anim_time - 0.4) * 360 / -1) * 3.5)", 0, 0]
				},
				"arm_left5": {
					"rotation": ["27.5-(math.cos((q.anim_time - 0.4) * 360 / -1) * 3.5)", 0, 0]
				},
				"petals_back7": {
					"rotation": [12.5, 0, 12.5]
				},
				"petals_back1": {
					"rotation": [-12.5, 0, 12.5]
				},
				"petals_back2": {
					"rotation": [-12.5, 0, 12.5]
				},
				"petals_back3": {
					"rotation": [-12.5, 0, -12.5]
				},
				"petals_back4": {
					"rotation": [-12.5, 0, -12.5]
				},
				"petals_back5": {
					"rotation": [12.5, 0, -12.5]
				},
				"petals_back6": {
					"rotation": [12.5, 0, -12.5]
				},
				"petals_back8": {
					"rotation": [12.5, 0, 12.5]
				},
				"head": {
					"rotation": [0, "(math.cos((q.anim_time - 0.4) * 360 / -1) * -3.5)", 0]
				}
			}
		},
		"animation.sunglarer.faint": {
			"loop": true,
			"animation_length": 3,
			"bones": {
				"neck": {
					"rotation": {
						"0.0": [17.5, 0, 0],
						"0.2083": [0, 0, 0],
						"0.75": [
							"-(math.cos((q.anim_time) * 360 / -0.5) * 10)",
							"-(math.cos((q.anim_time) * 360 / -0.6) * 10)",
							"-(math.cos((q.anim_time) * 360 / -0.7) * 10)"
						],
						"1.8333": [
							"-(math.cos((q.anim_time) * 360 / -0.5) * 10)",
							"-(math.cos((q.anim_time) * 360 / -0.6) * 10)",
							"-(math.cos((q.anim_time) * 360 / -0.7) * 10)"
						],
						"2.0": [
							"-(math.cos((q.anim_time) * 360 / -0.3) * 2)",
							"-(math.cos((q.anim_time) * 360 / -0.1) * 2)",
							"-(math.cos((q.anim_time) * 360 / -0.2) * 2)"
						],
						"2.5": [0, 0, 0],
						"2.5833": [0, 0, 0]
					},
					"scale": {
						"2.5833": [1, 1, 1],
						"2.75": [0, 0, 0]
					}
				},
				"neck2": {
					"rotation": {
						"0.0": [10, 0, 0],
						"0.2083": [-2.5, 0, 0],
						"0.625": [
							"-(math.cos((q.anim_time) * 360 / -0.5) * 10)",
							"-(math.cos((q.anim_time) * 360 / -0.6) * 10)",
							"-(math.cos((q.anim_time) * 360 / -0.7) * 10)"
						],
						"1.875": [
							"-(math.cos((q.anim_time) * 360 / -0.5) * 10)",
							"-(math.cos((q.anim_time) * 360 / -0.6) * 10)",
							"-(math.cos((q.anim_time) * 360 / -0.7) * 10)"
						],
						"2.0": [
							"-(math.cos((q.anim_time) * 360 / -0.3) * 2)",
							"-(math.cos((q.anim_time) * 360 / -0.1) * 2)",
							"-(math.cos((q.anim_time) * 360 / -0.2) * 2)"
						],
						"2.5": [0, 0, 0],
						"2.5833": [0, 0, 0]
					}
				},
				"neck3": {
					"rotation": {
						"0.0": [10, 0, 0],
						"0.2083": [0, 0, 0]
					}
				},
				"neck4": {
					"rotation": {
						"0.0": [17.5, 0, 0],
						"0.2083": [2.5, 0, 0],
						"0.625": [
							"-(math.cos((q.anim_time) * 360 / -0.5) * 10)",
							"-(math.cos((q.anim_time) * 360 / -0.6) * 10)",
							"-(math.cos((q.anim_time) * 360 / -0.7) * 10)"
						],
						"1.875": [
							"-(math.cos((q.anim_time) * 360 / -0.5) * 10)",
							"-(math.cos((q.anim_time) * 360 / -0.6) * 10)",
							"-(math.cos((q.anim_time) * 360 / -0.7) * 10)"
						],
						"2.0": [
							"-(math.cos((q.anim_time) * 360 / -0.3) * 2)",
							"-(math.cos((q.anim_time) * 360 / -0.1) * 2)",
							"-(math.cos((q.anim_time) * 360 / -0.2) * 2)"
						],
						"2.5": [0, 0, 0],
						"2.5833": [0, 0, 0]
					}
				},
				"neck5": {
					"rotation": {
						"0.0": [7.5, 0, 0],
						"0.2083": [-5, 0, 0],
						"0.625": [
							"-(math.cos((q.anim_time) * 360 / -0.5) * 10)",
							"-(math.cos((q.anim_time) * 360 / -0.6) * 10)",
							"-(math.cos((q.anim_time) * 360 / -0.7) * 10)"
						],
						"1.875": [
							"-(math.cos((q.anim_time) * 360 / -0.5) * 10)",
							"-(math.cos((q.anim_time) * 360 / -0.6) * 10)",
							"-(math.cos((q.anim_time) * 360 / -0.7) * 10)"
						],
						"2.0": [
							"-(math.cos((q.anim_time) * 360 / -0.3) * 2)",
							"-(math.cos((q.anim_time) * 360 / -0.1) * 2)",
							"-(math.cos((q.anim_time) * 360 / -0.2) * 2)"
						],
						"2.5": [0, 0, 0],
						"2.5833": [0, 0, 0]
					}
				},
				"neck6": {
					"rotation": {
						"0.0": [27.5, 0, 0],
						"0.2083": [-2.5, 0, 0],
						"0.625": [
							"-(math.cos((q.anim_time) * 360 / -0.5) * 10)",
							"-(math.cos((q.anim_time) * 360 / -0.6) * 10)",
							"-(math.cos((q.anim_time) * 360 / -0.7) * 10)"
						],
						"1.875": [
							"-(math.cos((q.anim_time) * 360 / -0.5) * 10)",
							"-(math.cos((q.anim_time) * 360 / -0.6) * 10)",
							"-(math.cos((q.anim_time) * 360 / -0.7) * 10)"
						],
						"2.0": [
							"-(math.cos((q.anim_time) * 360 / -0.3) * 2)",
							"-(math.cos((q.anim_time) * 360 / -0.1) * 2)",
							"-(math.cos((q.anim_time) * 360 / -0.2) * 2)"
						],
						"2.5": [0, 0, 0],
						"2.5833": [0, 0, 0]
					}
				},
				"petals_front": {
					"rotation": [0, 0, 0]
				},
				"arm_left": {
					"rotation": {
						"0.0": ["-152.1684-(math.cos((q.anim_time) * 360 / -0.5) * 10)", "-14.0000008538-(math.cos((q.anim_time) * 360 / -0.6) * 10)", -172.8316],
						"2.5417": [-152.1684, -14, -172.8316],
						"2.625": [-209.6684, 14, -90],
						"2.7083": [-328.08472, 7.76311, 41.6338]
					}
				},
				"arm_right": {
					"rotation": {
						"0.0": ["175.3316-(math.cos((q.anim_time) * 360 / -0.5) * 10)", "14-(math.cos((q.anim_time) * 360 / -0.6) * 10)", -187.8316],
						"2.5417": [152.8316, 14, -187.8316],
						"2.7083": [173.90157, 3.70851, -246.76227]
					}
				},
				"leaf": {
					"rotation": [0, 7.5, 0]
				},
				"leaf2": {
					"rotation": [0, 27.5, 0]
				},
				"leaf3": {
					"rotation": [0, 25, 0]
				},
				"leaf4": {
					"rotation": [0, -7.5, 0]
				},
				"leaf5": {
					"rotation": [0, -27.5, 0]
				},
				"leaf6": {
					"rotation": [0, -25, 0]
				},
				"petal_front2": {
					"rotation": [-12.5, 0, 12.5]
				},
				"petal_front1": {
					"rotation": [0, 0, 12.5]
				},
				"petal_front3": {
					"rotation": [-12.5, 0, 0]
				},
				"petal_front4": {
					"rotation": [-12.5, 0, -12.5]
				},
				"petal_front5": {
					"rotation": [0, 0, -12.5]
				},
				"petal_front6": {
					"rotation": [12.5, 0, -12.5]
				},
				"petal_front7": {
					"rotation": [12.5, 0, 0]
				},
				"petal_front8": {
					"rotation": [12.5, 0, 12.5]
				},
				"arm_right5": {
					"rotation": {
						"0.0": ["-12.5-(math.cos((q.anim_time) * 360 / -0.5) * 10)", "-(math.cos((q.anim_time) * 360 / -0.6) * 10)", 0],
						"2.5417": [-27.5, 0, 0],
						"2.7083": [37.5, 0, 0]
					}
				},
				"arm_right4": {
					"rotation": {
						"0.0": ["-12.5-(math.cos((q.anim_time) * 360 / -0.5) * 10)", "-(math.cos((q.anim_time) * 360 / -0.6) * 10)", 0],
						"2.5417": [27.5, 0, 0],
						"2.7083": [-22.5, 0, 0]
					}
				},
				"arm_right3": {
					"rotation": {
						"0.0": ["27-(math.cos((q.anim_time) * 360 / -0.5) * 10)", "-(math.cos((q.anim_time) * 360 / -0.6) * 10)", 0],
						"2.5417": [27.5, 0, 0],
						"2.7083": [-7.5, 0, 0]
					}
				},
				"arm_right2": {
					"rotation": {
						"0.0": ["27-(math.cos((q.anim_time) * 360 / -0.5) * 10)", "-(math.cos((q.anim_time) * 360 / -0.6) * 10)", 0],
						"2.5417": [27.5, 0, 0],
						"2.7083": [-7.5, 0, 0]
					}
				},
				"arm_left2": {
					"rotation": {
						"0.0": ["-27-(math.cos((q.anim_time) * 360 / -0.5) * 10)", "-(math.cos((q.anim_time) * 360 / -0.6) * 10)", 0],
						"2.5417": [-27.5, 0, 0],
						"2.7083": [7.5, 0, 0]
					}
				},
				"arm_left3": {
					"rotation": {
						"0.0": ["-27-(math.cos((q.anim_time) * 360 / -0.5) * 10)", "-(math.cos((q.anim_time) * 360 / -0.6) * 10)", 0],
						"2.5417": [-27.5, 0, 0],
						"2.7083": [7.5, 0, 0]
					}
				},
				"arm_left4": {
					"rotation": {
						"0.0": ["-12.5-(math.cos((q.anim_time) * 360 / -0.5) * 10)", "-(math.cos((q.anim_time) * 360 / -0.6) * 10)", 0],
						"2.5417": [-27.5, 0, 0],
						"2.7083": [22.5, 0, 0]
					}
				},
				"arm_left5": {
					"rotation": {
						"0.0": ["12.5-(math.cos((q.anim_time) * 360 / -0.5) * 10)", "-(math.cos((q.anim_time) * 360 / -0.6) * 10)", 0],
						"2.5417": [27.5, 0, 0],
						"2.7083": [-37.5, 0, 0]
					}
				},
				"petals_back7": {
					"rotation": [12.5, 0, 12.5]
				},
				"petals_back1": {
					"rotation": [-12.5, 0, 12.5]
				},
				"petals_back2": {
					"rotation": [-12.5, 0, 12.5]
				},
				"petals_back3": {
					"rotation": [-12.5, 0, -12.5]
				},
				"petals_back4": {
					"rotation": [-12.5, 0, -12.5]
				},
				"petals_back5": {
					"rotation": [12.5, 0, -12.5]
				},
				"petals_back6": {
					"rotation": [12.5, 0, -12.5]
				},
				"petals_back8": {
					"rotation": [12.5, 0, 12.5]
				},
				"body": {
					"rotation": {
						"0.0": [0, 0, 0],
						"0.2083": [-2.5, 0, 0],
						"0.25": [-12.46, 0, 0],
						"0.4583": [-4.90535, 0.21391, 2.49084],
						"0.5417": [-4.8682, -0.64011, -7.47279],
						"0.625": [5.31551, -0.61596, -7.1908],
						"0.75": [12.53563, 0.07738, -14.23908],
						"1.0417": [-15.55413, 6.40902, 9.471],
						"1.3333": [0, 0, 0],
						"1.5": [-4.8682, -0.64011, -7.47279],
						"1.5833": [5.31551, -0.61596, -7.1908],
						"1.625": [10.88314, -0.96851, -8.7018],
						"1.7083": [13.93078, -4.92044, 10.54878],
						"1.8333": [0, 0, 0],
						"2.75": [0, 0, 0],
						"3.0": [0, 0, 45]
					},
					"position": {
						"0.0": [0, 0, 0],
						"0.2083": [0, 0, 0],
						"0.25": [0, 2, 0],
						"0.4583": [0, 1, 0],
						"0.5417": [0, 1, 0],
						"0.7083": [0, 0.92, 0],
						"0.75": [0, 2.9, 0],
						"1.1667": [0, 2.05, 0],
						"1.3333": [0, 0, 0],
						"1.5": [0, 1, 0],
						"1.7083": [0, 2.83, 0],
						"1.8333": [0, 0, 0],
						"2.75": [0, 0, 0],
						"2.875": [1, 2.5, 0],
						"3.0": [3, 5, 0]
					}
				},
				"torso": {
					"scale": {
						"2.5417": [1, 1, 1],
						"2.75": [0, 0, 0]
					}
				},
				"head": {
					"rotation": {
						"0.0": [0, 0, 0],
						"0.625": [
							"-(math.cos((q.anim_time) * 360 / -0.5) * 10)",
							"-(math.cos((q.anim_time) * 360 / -0.6) * 10)",
							"-(math.cos((q.anim_time) * 360 / -0.7) * 10)"
						],
						"1.875": [
							"-(math.cos((q.anim_time) * 360 / -0.5) * 10)",
							"-(math.cos((q.anim_time) * 360 / -0.6) * 10)",
							"-(math.cos((q.anim_time) * 360 / -0.7) * 10)"
						],
						"2.0": [
							"-(math.cos((q.anim_time) * 360 / -0.3) * 2)",
							"-(math.cos((q.anim_time) * 360 / -0.1) * 2)",
							"-(math.cos((q.anim_time) * 360 / -0.2) * 2)"
						],
						"2.5": [0, 0, 0],
						"2.5833": [0, 0, 0]
					}
				},
				"fakeface": {
					"position": {
						"0.0": [0, 0, 0],
						"1.1667": [0, -1, 0]
					},
					"scale": {
						"0.0": [1, 1, 1],
						"1.1667": [0, 0, 0]
					}
				},
				"pot": {
					"rotation": {
						"0.0": [0, 0, 0],
						"0.75": [0, 0, 0]
					}
				}
			}
		},
		"animation.sunglarer.sleep": {
			"loop": true,
			"animation_length": 4,
			"bones": {
				"neck": {
					"rotation": ["17.5+(math.cos((q.anim_time - 5) * 360 / -4) * 1)", 0, 0]
				},
				"neck2": {
					"rotation": ["10+(math.cos((q.anim_time - 5) * 360 / -4) * 1)", 0, 0]
				},
				"neck3": {
					"rotation": ["25+(math.cos((q.anim_time - 5) * 360 / -4) * 1)", 0, 0]
				},
				"neck4": {
					"rotation": ["27.5+(math.cos((q.anim_time - 5) * 360 / -4) * 1)", 0, 0]
				},
				"neck5": {
					"rotation": ["20+(math.cos((q.anim_time - 5) * 360 / -4) * 1)", 0, 0]
				},
				"neck6": {
					"rotation": ["37.5+(math.cos((q.anim_time - 5) * 360 / -4) * 1)", 0, 0]
				},
				"petals_front": {
					"rotation": [0, 0, 0]
				},
				"arm_left": {
					"rotation": ["-197.1684-(math.cos((q.anim_time - 0.4) * 360 / -4) * 1)", 14, -160.3316]
				},
				"arm_right": {
					"rotation": ["170.3316+(math.cos((q.anim_time - 0.4) * 360 / -4) * 1)", 14, -170.3316]
				},
				"leaf": {
					"rotation": [0, 7.5, 0]
				},
				"leaf2": {
					"rotation": [0, 27.5, 0]
				},
				"leaf3": {
					"rotation": [0, 25, 0]
				},
				"leaf4": {
					"rotation": [0, -7.5, 0]
				},
				"leaf5": {
					"rotation": [0, -27.5, 0]
				},
				"leaf6": {
					"rotation": [0, -25, 0]
				},
				"petal_front2": {
					"rotation": [24.25045, 22.32924, -41]
				},
				"petal_front1": {
					"rotation": [0, 0, -55]
				},
				"petal_front3": {
					"rotation": [65, 0, 0]
				},
				"petal_front4": {
					"rotation": [24.25045, -22.32924, 41]
				},
				"petal_front5": {
					"rotation": [0, 0, 55]
				},
				"petal_front6": {
					"rotation": [-14.48174, 9.93191, 21.23499]
				},
				"petal_front7": {
					"rotation": [-42.5, 0, 0]
				},
				"petal_front8": {
					"rotation": [-19.70716, 7.13136, -21.8569]
				},
				"arm_right5": {
					"rotation": [-22.5, 0, 0]
				},
				"arm_right4": {
					"rotation": [30, 0, 0]
				},
				"arm_right3": {
					"rotation": [50, 0, 0]
				},
				"arm_right2": {
					"rotation": [27.5, 0, 0]
				},
				"arm_left2": {
					"rotation": [-27.5, 0, 0]
				},
				"arm_left3": {
					"rotation": [-50, 0, 0]
				},
				"arm_left4": {
					"rotation": [-30, 0, 0]
				},
				"arm_left5": {
					"rotation": [22.5, 0, 0]
				},
				"petals_back7": {
					"rotation": [12.5, 0, 12.5]
				},
				"petals_back1": {
					"rotation": [-12.5, 0, 12.5]
				},
				"petals_back2": {
					"rotation": [-12.5, 0, 12.5]
				},
				"petals_back3": {
					"rotation": [-12.5, 0, -12.5]
				},
				"petals_back4": {
					"rotation": [-12.5, 0, -12.5]
				},
				"petals_back5": {
					"rotation": [12.5, 0, -12.5]
				},
				"petals_back6": {
					"rotation": [12.5, 0, -12.5]
				},
				"petals_back8": {
					"rotation": [12.5, 0, 12.5]
				},
				"head": {
					"rotation": [17.5, 0, 0]
				}
			}
		},
		"animation.sunglarer.walk": {
			"loop": true,
			"animation_length": 4,
			"bones": {
				"neck": {
					"rotation": {
						"0.0": ["17.5+(math.cos((q.anim_time - 0.4) * 360 / -1) * 3.5)", 0, "(math.cos((q.anim_time - 0.4) * 360 / 2) * 7)"],
						"0.6667": ["-52.5+(math.cos((q.anim_time - 0.4) * 360 / -1) * 3.5)", 0, "(math.cos((q.anim_time - 0.4) * 360 / 2) * 7)"],
						"0.875": ["-15+(math.cos((q.anim_time - 0.4) * 360 / -1) * 3.5)", 0, "(math.cos((q.anim_time - 0.4) * 360 / 2) * 7)"],
						"1.3333": ["17.5+(math.cos((q.anim_time - 0.4) * 360 / -1) * 3.5)", 0, "(math.cos((q.anim_time - 0.4) * 360 / 2) * 7)"],
						"2.0": ["-52.5+(math.cos((q.anim_time - 0.4) * 360 / -1) * 3.5)", 0, "(math.cos((q.anim_time - 0.4) * 360 / 2) * 7)"],
						"2.2083": ["-15+(math.cos((q.anim_time - 0.4) * 360 / -1) * 3.5)", 0, "(math.cos((q.anim_time - 0.4) * 360 / 2) * 7)"],
						"2.6667": ["17.5+(math.cos((q.anim_time - 0.4) * 360 / -1) * 3.5)", 0, "(math.cos((q.anim_time - 0.4) * 360 / 2) * 7)"],
						"3.3333": ["-52.5+(math.cos((q.anim_time - 0.4) * 360 / -1) * 3.5)", 0, "(math.cos((q.anim_time - 0.4) * 360 / 2) * 7)"],
						"3.5417": ["-15+(math.cos((q.anim_time - 0.4) * 360 / -1) * 3.5)", 0, "(math.cos((q.anim_time - 0.4) * 360 / 2) * 7)"],
						"4.0": ["17.5+(math.cos((q.anim_time - 0.4) * 360 / -1) * 3.5)", 0, "(math.cos((q.anim_time - 0.4) * 360 / 2) * 7)"]
					}
				},
				"neck2": {
					"rotation": {
						"0.0": [10, 0, 0],
						"0.6667": [17.5, 0, 0],
						"1.3333": [10, 0, 0],
						"2.0": [17.5, 0, 0],
						"2.6667": [10, 0, 0],
						"3.3333": [17.5, 0, 0],
						"4.0": [10, 0, 0]
					}
				},
				"neck3": {
					"rotation": {
						"0.0": [10, 0, 0],
						"0.6667": [40, 0, 0],
						"0.875": [-5, 0, 0],
						"1.3333": [10, 0, 0],
						"2.0": [40, 0, 0],
						"2.2083": [-5, 0, 0],
						"2.6667": [10, 0, 0],
						"3.3333": [40, 0, 0],
						"3.5417": [-5, 0, 0],
						"4.0": [10, 0, 0]
					}
				},
				"neck4": {
					"rotation": {
						"0.0": [17.5, 0, 0],
						"0.875": [37.5, 0, 0],
						"1.0833": [17.5, 0, 0],
						"1.3333": [17.5, 0, 0],
						"2.2083": [37.5, 0, 0],
						"2.4167": [17.5, 0, 0],
						"2.6667": [17.5, 0, 0],
						"3.5417": [37.5, 0, 0],
						"3.75": [17.5, 0, 0],
						"4.0": [17.5, 0, 0]
					}
				},
				"neck5": {
					"rotation": {
						"0.0": [7.5, 0, 0],
						"0.6667": [7.5, 0, 0],
						"1.3333": [7.5, 0, 0],
						"2.0": [7.5, 0, 0],
						"2.6667": [7.5, 0, 0],
						"3.3333": [7.5, 0, 0],
						"4.0": [7.5, 0, 0]
					}
				},
				"neck6": {
					"rotation": {
						"0.0": [27.5, 0, 0],
						"0.6667": [50, 0, 0],
						"0.875": [32.5, 0, 0],
						"1.0833": [20, 0, 0],
						"1.3333": [27.5, 0, 0],
						"2.0": [50, 0, 0],
						"2.2083": [32.5, 0, 0],
						"2.4167": [20, 0, 0],
						"2.6667": [27.5, 0, 0],
						"3.3333": [50, 0, 0],
						"3.5417": [32.5, 0, 0],
						"3.75": [20, 0, 0],
						"4.0": [27.5, 0, 0]
					}
				},
				"petals_front": {
					"rotation": [0, 0, 0]
				},
				"arm_left": {
					"rotation": ["-159.6684-(math.cos((q.anim_time - 0.4) * 360 / -1) * 3.5)", 14, "-160.3316-(math.cos((q.anim_time - 0.4) * 360 / 2) * 7)"]
				},
				"arm_right": {
					"rotation": ["137.8316+(math.cos((q.anim_time - 0.4) * 360 / -1) * 3.5)", 14, "-170.3316+(math.cos((q.anim_time - 0.4) * 360 / 2) * 7)"]
				},
				"leaf": {
					"rotation": [0, 7.5, 0]
				},
				"leaf2": {
					"rotation": [0, 27.5, 0]
				},
				"leaf3": {
					"rotation": [0, 25, 0]
				},
				"leaf4": {
					"rotation": [0, -7.5, 0]
				},
				"leaf5": {
					"rotation": [0, -27.5, 0]
				},
				"leaf6": {
					"rotation": [0, -25, 0]
				},
				"petal_front2": {
					"rotation": [-12.5, 0, 12.5]
				},
				"petal_front1": {
					"rotation": [0, 0, 12.5]
				},
				"petal_front3": {
					"rotation": [-12.5, 0, 0]
				},
				"petal_front4": {
					"rotation": [-12.5, 0, -12.5]
				},
				"petal_front5": {
					"rotation": [0, 0, -12.5]
				},
				"petal_front6": {
					"rotation": [12.5, 0, -12.5]
				},
				"petal_front7": {
					"rotation": [12.5, 0, 0]
				},
				"petal_front8": {
					"rotation": [12.5, 0, 12.5]
				},
				"arm_right5": {
					"rotation": [-22.5, 0, 0]
				},
				"arm_right4": {
					"rotation": [30, 0, 0]
				},
				"arm_right3": {
					"rotation": [50, 0, 0]
				},
				"arm_right2": {
					"rotation": [27.5, 0, 0]
				},
				"arm_left2": {
					"rotation": [-27.5, 0, 0]
				},
				"arm_left3": {
					"rotation": [-50, 0, 0]
				},
				"arm_left4": {
					"rotation": [-30, 0, 0]
				},
				"arm_left5": {
					"rotation": [22.5, 0, 0]
				},
				"petals_back7": {
					"rotation": [12.5, 0, 12.5]
				},
				"petals_back1": {
					"rotation": [-12.5, 0, 12.5]
				},
				"petals_back2": {
					"rotation": [-12.5, 0, 12.5]
				},
				"petals_back3": {
					"rotation": [-12.5, 0, -12.5]
				},
				"petals_back4": {
					"rotation": [-12.5, 0, -12.5]
				},
				"petals_back5": {
					"rotation": [12.5, 0, -12.5]
				},
				"petals_back6": {
					"rotation": [12.5, 0, -12.5]
				},
				"petals_back8": {
					"rotation": [12.5, 0, 12.5]
				},
				"body": {
					"rotation": {
						"0.0": [0, 0, 0],
						"0.6667": [-27.5, 0, 0],
						"1.0833": [27.5, 0, 0],
						"1.3333": [0, 0, 0],
						"2.0": [-27.5, 0, 0],
						"2.4167": [27.5, 0, 0],
						"2.6667": [0, 0, 0],
						"3.3333": [-27.5, 0, 0],
						"3.75": [27.5, 0, 0],
						"4.0": [0, 0, 0]
					},
					"position": {
						"0.0": [0, 0, 0],
						"0.6667": [0, 3, 1],
						"0.875": [0, 7.5, 0],
						"1.0833": [0, 3, -1],
						"1.3333": [0, 0, 0],
						"2.0": [0, 3, 1],
						"2.2083": [0, 7.5, 0],
						"2.4167": [0, 3, -1],
						"2.6667": [0, 0, 0],
						"3.3333": [0, 3, 1],
						"3.5417": [0, 7.5, 0],
						"3.75": [0, 3, -1],
						"4.0": [0, 0, 0]
					}
				},
				"head": {
					"rotation": {
						"0.0": [0, 0, 0],
						"0.6667": [25, 0, 0],
						"1.3333": [0, 0, 0],
						"2.0": [25, 0, 0],
						"2.6667": [0, 0, 0],
						"3.3333": [25, 0, 0],
						"4.0": [0, 0, 0]
					}
				}
			},
			"sound_effects": {
				"0.125": {
					"effect": "pokemon.sunglarer.step_back"
				},
				"1.0833": {
					"effect": "pokemon.sunglarer.step"
				},
				"1.5": {
					"effect": "pokemon.sunglarer.step_back"
				},
				"2.4167": {
					"effect": "pokemon.sunglarer.step"
				},
				"2.8333": {
					"effect": "pokemon.sunglarer.step_back"
				},
				"3.75": {
					"effect": "pokemon.sunglarer.step"
				}
			}
		},
		"animation.sunglarer.attack": {
			"loop": true,
			"animation_length": 4,
			"bones": {
				"neck": {
					"rotation": {
						"0.0": ["17.5+(math.cos((q.anim_time - 0.4) * 360 / -1) * 3.5)", 0, "(math.cos((q.anim_time - 0.4) * 360 / 2) * 7)"],
						"1.0417": [-57.5, 0, 0],
						"1.25": [45, 0, 0],
						"4.0": ["17.5+(math.cos((q.anim_time - 0.4) * 360 / -1) * 3.5)", 0, "(math.cos((q.anim_time - 0.4) * 360 / 2) * 7)"]
					}
				},
				"neck2": {
					"rotation": {
						"0.0": [-20, 0, 0],
						"1.25": [6.88, 0, 0],
						"4.0": [-20, 0, 0]
					}
				},
				"neck3": {
					"rotation": {
						"0.0": [25, 0, 0],
						"0.5": [5, 0, 0],
						"0.9583": [22.5, 0, 0],
						"4.0": [25, 0, 0]
					}
				},
				"neck4": {
					"rotation": {
						"0.0": [32.5, 0, 0],
						"1.0417": [44.17, 0, 0],
						"1.25": [7.5, 0, 0],
						"4.0": [32.5, 0, 0]
					}
				},
				"neck5": {
					"rotation": {
						"0.0": [22.5, 0, 0],
						"1.0417": [17.5, 0, 0],
						"1.25": [-0.7, 0, 0],
						"4.0": [22.5, 0, 0]
					}
				},
				"neck6": {
					"rotation": {
						"0.0": [27.5, 0, 0],
						"1.0": [52.5, 0, 0],
						"1.25": [16.13, 0, 0],
						"4.0": [27.5, 0, 0]
					}
				},
				"petals_front": {
					"rotation": [0, 0, 0]
				},
				"arm_left": {
					"rotation": {
						"0.0": ["-155.3316-(math.cos((q.anim_time - 0.4) * 360 / -1) * 3.5)", 14, "-172.1684-(math.cos((q.anim_time - 0.4) * 360 / 2) * 7)"],
						"1.0": ["-155.3316-(math.cos((q.anim_time - 0.4) * 360 / -1) * 3.5)", 14, "-172.1684-(math.cos((q.anim_time - 0.4) * 360 / 2) * 7)"],
						"1.125": ["-152.1684-(math.cos((q.anim_time) * 360 / -0.5) * 10)", "-14.0000008538-(math.cos((q.anim_time) * 360 / -0.6) * 10)", -172.8316],
						"2.8333": ["-155.3316-(math.cos((q.anim_time - 0.4) * 360 / -1) * 3.5)", 14, "-172.1684-(math.cos((q.anim_time - 0.4) * 360 / 2) * 7)"]
					}
				},
				"arm_right": {
					"rotation": {
						"0.0": ["-17.0289+(math.cos((q.anim_time - 0.4) * 360 / -1) * 3.5)", 15.89038, "-11.2027+(math.cos((q.anim_time - 0.4) * 360 / 2) * 7)"],
						"1.0": ["-17.0289+(math.cos((q.anim_time - 0.4) * 360 / -1) * 3.5)", 15.89038, "-11.2027+(math.cos((q.anim_time - 0.4) * 360 / 2) * 7)"],
						"1.125": ["175.3316-(math.cos((q.anim_time) * 360 / -0.5) * 10)", "14-(math.cos((q.anim_time) * 360 / -0.6) * 10)", -187.8316],
						"2.8333": ["-17.0289+(math.cos((q.anim_time - 0.4) * 360 / -1) * 3.5)", 15.89038, "-11.2027+(math.cos((q.anim_time - 0.4) * 360 / 2) * 7)"]
					}
				},
				"leaf": {
					"rotation": {
						"0.0": [0, "7.5+(math.cos((q.anim_time - 0.4) * 360 / -1) * 3.5)", 0],
						"4.0": [0, 7.5, 0]
					}
				},
				"leaf2": {
					"rotation": [0, "27.5-(math.cos((q.anim_time - 0.4) * 360 / -2) * 3.5)", 0]
				},
				"leaf3": {
					"rotation": [0, "25-(math.cos((q.anim_time - 0.4) * 360 / -3) * 3.5)", 0]
				},
				"leaf4": {
					"rotation": [0, "-7.5+(math.cos((q.anim_time - 0.4) * 360 / -1) * 3.5)", 0]
				},
				"leaf5": {
					"rotation": [0, "-27.5-(math.cos((q.anim_time - 0.4) * 360 / -2) * 3.5)", 0]
				},
				"leaf6": {
					"rotation": [0, "-25-(math.cos((q.anim_time - 0.4) * 360 / -3) * 3.5)", 0]
				},
				"petal_front2": {
					"rotation": [-12.5, 0, 12.5]
				},
				"petal_front1": {
					"rotation": [0, 0, 12.5]
				},
				"petal_front3": {
					"rotation": {
						"0.0": [-12.5, 0, 0],
						"4.0": [-12.5, 0, 0]
					}
				},
				"petal_front4": {
					"rotation": [-12.5, 0, -12.5]
				},
				"petal_front5": {
					"rotation": [0, 0, -12.5]
				},
				"petal_front6": {
					"rotation": [12.5, 0, -12.5]
				},
				"petal_front7": {
					"rotation": {
						"0.0": [12.5, 0, 0],
						"4.0": [12.5, 0, 0]
					}
				},
				"petal_front8": {
					"rotation": [12.5, 0, 12.5]
				},
				"arm_right5": {
					"rotation": {
						"0.0": [-22.5, 0, 0],
						"1.0": [-22.5, 0, 0],
						"1.125": ["-12.5-(math.cos((q.anim_time) * 360 / -0.5) * 10)", "-(math.cos((q.anim_time) * 360 / -0.6) * 10)", 0],
						"2.8333": [-22.5, 0, 0]
					}
				},
				"arm_right4": {
					"rotation": {
						"0.0": [30, 0, 0],
						"1.0": [30, 0, 0],
						"1.125": ["-12.5-(math.cos((q.anim_time) * 360 / -0.5) * 10)", "-(math.cos((q.anim_time) * 360 / -0.6) * 10)", 0],
						"2.8333": [30, 0, 0]
					}
				},
				"arm_right3": {
					"rotation": {
						"0.0": [50, 0, 0],
						"1.0": [50, 0, 0],
						"1.125": ["27-(math.cos((q.anim_time) * 360 / -0.5) * 10)", "-(math.cos((q.anim_time) * 360 / -0.6) * 10)", 0],
						"2.8333": [50, 0, 0]
					}
				},
				"arm_right2": {
					"rotation": {
						"0.0": [27.5, 0, 0],
						"1.0": [27.5, 0, 0],
						"1.125": ["27-(math.cos((q.anim_time) * 360 / -0.5) * 10)", "-(math.cos((q.anim_time) * 360 / -0.6) * 10)", 0],
						"2.8333": [27.5, 0, 0]
					}
				},
				"arm_left2": {
					"rotation": {
						"0.0": [-27.5, 0, 0],
						"1.0": [-27.5, 0, 0],
						"1.125": ["-27-(math.cos((q.anim_time) * 360 / -0.5) * 10)", "-(math.cos((q.anim_time) * 360 / -0.6) * 10)", 0],
						"2.8333": [-27.5, 0, 0]
					}
				},
				"arm_left3": {
					"rotation": {
						"0.0": [-50, 0, 0],
						"1.0": [-50, 0, 0],
						"1.125": ["-27-(math.cos((q.anim_time) * 360 / -0.5) * 10)", "-(math.cos((q.anim_time) * 360 / -0.6) * 10)", 0],
						"2.8333": [-50, 0, 0]
					}
				},
				"arm_left4": {
					"rotation": {
						"0.0": [-30, 0, 0],
						"1.0": [-30, 0, 0],
						"1.125": ["-12.5-(math.cos((q.anim_time) * 360 / -0.5) * 10)", "-(math.cos((q.anim_time) * 360 / -0.6) * 10)", 0],
						"2.8333": [-30, 0, 0]
					}
				},
				"arm_left5": {
					"rotation": {
						"0.0": [22.5, 0, 0],
						"1.0": [22.5, 0, 0],
						"1.125": ["12.5-(math.cos((q.anim_time) * 360 / -0.5) * 10)", "-(math.cos((q.anim_time) * 360 / -0.6) * 10)", 0],
						"2.8333": [22.5, 0, 0]
					}
				},
				"petals_back7": {
					"rotation": [12.5, 0, 12.5]
				},
				"petals_back1": {
					"rotation": [-12.5, 0, 12.5]
				},
				"petals_back2": {
					"rotation": [-12.5, 0, 12.5]
				},
				"petals_back3": {
					"rotation": {
						"0.0": [-12.5, 0, -12.5],
						"4.0": [-12.5, 0, -12.5]
					}
				},
				"petals_back4": {
					"rotation": {
						"0.0": [-12.5, 0, -12.5],
						"4.0": [-12.5, 0, -12.5]
					}
				},
				"petals_back5": {
					"rotation": [12.5, 0, -12.5]
				},
				"petals_back6": {
					"rotation": [12.5, 0, -12.5]
				},
				"petals_back8": {
					"rotation": [12.5, 0, 12.5]
				},
				"head2": {
					"rotation": {
						"1.25": [0, 0, 0],
						"1.9167": [0, -4.48054, "(math.cos((q.anim_time + 9) * 360 * 5) * 10)"],
						"3.0": [0, 0, 0]
					}
				},
				"eye_right": {
					"position": {
						"3.0": [0, 0, 0],
						"3.0833": {"pre": [0, 0, 1], "post": [0, -1, 1]}
					},
					"scale": {
						"3.0": [1, 1, 1],
						"3.0833": [0, 1, 1]
					}
				},
				"mouth": {
					"position": {
						"3.0": [0, 0, 0],
						"3.0833": {"pre": [0, 0, -2], "post": [0, -1, -2]}
					},
					"scale": {
						"3.0": [1, 1, 1],
						"3.0833": [0, 1, 1]
					}
				},
				"undefined": {
					"rotation": {
						"3.0": [0, 0, 0],
						"3.0833": [0, 0, 10],
						"3.4167": [0, 0, 0]
					},
					"position": {
						"3.0": [0, -0.19, 0],
						"3.4167": [0, 0, 0]
					},
					"scale": {
						"3.0": [0.9, 0.9, 0.9],
						"3.4167": [1, 1, 1]
					}
				},
				"fakeface": {
					"rotation": {
						"1.0833": [0, 0, 0],
						"3.0": [0, 0, 0],
						"3.0833": [0, 0, 50],
						"3.9583": [0, 0, 0]
					},
					"position": {
						"0.0": [0, 0, 0],
						"1.0833": {"pre": [0, 0, 0], "post": [0, -0.19, 0]},
						"3.0": [0, -0.19, 0],
						"3.9583": [0, 0, 0]
					},
					"scale": {
						"0.0": [1, 1, 1],
						"1.0833": {"pre": [1, 1, 1], "post": [0.1, 0.1, 0.1]},
						"3.0": [0.1, 0.1, 0.1],
						"3.9583": [1, 1, 1]
					}
				},
				"fakeface2": {
					"rotation": {
						"1.0833": [0, 0, 0],
						"3.0": [0, 0, 0],
						"3.0833": [0, 0, -50],
						"3.9583": [0, 0, 0]
					},
					"position": {
						"0.0": [0, 0, 0],
						"1.0833": {"pre": [0, 0, 0], "post": [0, -0.19, 0]},
						"3.0": [0, -0.19, 0],
						"3.9583": [0, 0, 0]
					},
					"scale": {
						"0.0": [1, 1, 1],
						"1.0833": {"pre": [1, 1, 1], "post": [0.1, 0.1, 0.1]},
						"3.0": [0.1, 0.1, 0.1],
						"3.9583": [1, 1, 1]
					}
				},
				"eye_left": {
					"position": {
						"3.0": [0, 0, 0],
						"3.0833": {"pre": [-1, 0, 1], "post": [-1, -1, 1]}
					},
					"scale": {
						"3.0": [1, 1, 1],
						"3.0833": [0, 1, 1]
					}
				}
			}
		}
	}
}