{
	"format_version": "1.12.0",
	"minecraft:geometry": [
		{
			"description": {
				"identifier": "geometry.weeplee",
				"texture_width": 64,
				"texture_height": 64,
				"visible_bounds_width": 2,
				"visible_bounds_height": 3.5,
				"visible_bounds_offset": [0, 1.25, 0]
			},
			"bones": [
				{
					"name": "weeplee",
					"pivot": [0, 0, 0]
				},
				{
					"name": "body",
					"parent": "weeplee",
					"pivot": [0, 20, 0]
				},
				{
					"name": "torso",
					"parent": "body",
					"pivot": [0, 0, 0]
				},
				{
					"name": "head",
					"parent": "torso",
					"pivot": [0, 16.91667, 0],
					"cubes": [
						{"origin": [-4, 17, -4], "size": [8, 8, 8], "uv": [0, 0]},
						{"origin": [4, 18, -2], "size": [1, 2, 4], "uv": [0, 26]},
						{"origin": [-5, 18, -2], "size": [1, 2, 4], "uv": [24, 0]}
					]
				},
				{
					"name": "leg1",
					"parent": "torso",
					"pivot": [2, 17, -2],
					"cubes": [
						{"origin": [1, 9, -3], "size": [2, 8, 2], "uv": [24, 16]}
					]
				},
				{
					"name": "leg2",
					"parent": "torso",
					"pivot": [2, 17, 2],
					"cubes": [
						{"origin": [1, 9, 1], "size": [2, 8, 2], "uv": [8, 16]}
					]
				},
				{
					"name": "leg3",
					"parent": "torso",
					"pivot": [-2, 17, 2],
					"cubes": [
						{"origin": [-3, 9, 1], "size": [2, 8, 2], "uv": [0, 16]}
					]
				},
				{
					"name": "leg4",
					"parent": "torso",
					"pivot": [-2, 17, -2],
					"cubes": [
						{"origin": [-3, 9, -3], "size": [2, 8, 2], "uv": [16, 16]}
					]
				}
			]
		}
	]
}