{
	"format_version": "1.12.0",
	"minecraft:geometry": [
		{
			"description": {
				"identifier": "geometry.thespatine",
				"texture_width": 32,
				"texture_height": 32,
				"visible_bounds_width": 3,
				"visible_bounds_height": 3.5,
				"visible_bounds_offset": [0, 1.25, 0]
			},
			"bones": [
				{
					"name": "thespatine",
					"pivot": [0, 0, 0]
				},
				{
					"name": "body",
					"parent": "thespatine",
					"pivot": [0, 16.5, 0]
				},
				{
					"name": "torso",
					"parent": "body",
					"pivot": [0, 15.5, 0],
					"cubes": [
						{"origin": [-2, 15, -1.5], "size": [4, 3, 3], "uv": [0, 10]}
					]
				},
				{
					"name": "torso2",
					"parent": "torso",
					"pivot": [0, 18, 1],
					"cubes": [
						{"origin": [-1.5, 17.5, -1], "size": [3, 3, 2], "uv": [14, 8]}
					]
				},
				{
					"name": "wing_left",
					"parent": "torso2",
					"pivot": [1.25, 19.5, 1.225],
					"rotation": [25.56145, 27.51235, 2.45891],
					"cubes": [
						{"origin": [-0.25, 14.5, 1.225], "size": [3, 5, 0], "uv": [20, 13]}
					]
				},
				{
					"name": "wing_right",
					"parent": "torso2",
					"pivot": [-1.25, 19.5, 1.225],
					"rotation": [25.56145, -27.51235, -2.45891],
					"cubes": [
						{"origin": [-2.75, 14.5, 1.225], "size": [3, 5, 0], "uv": [8, 20]}
					]
				},
				{
					"name": "head",
					"parent": "torso2",
					"pivot": [0, 19.875, 0],
					"rotation": [-30, 0, 0],
					"cubes": [
						{"origin": [-2.5, 18.23325, -2.99551], "size": [5, 7, 3], "inflate": 0.001, "uv": [0, 0]},
						{"origin": [-2.71638, 23.92206, -3.27737], "size": [2, 1, 0], "pivot": [-1.64138, 24.42206, -3.65237], "rotation": [-3.34985, 16.65627, -12.04743], "uv": [22, 9]},
						{"origin": [-1.31772, 25.39787, -3.64918], "size": [1, 1, 0], "pivot": [-0.29272, 25.19787, -3.67418], "rotation": [-7.50301, 15.27684, -27.06457], "uv": [26, 1]},
						{"origin": [0.31772, 25.39787, -3.64918], "size": [1, 1, 0], "pivot": [0.29272, 25.19787, -3.67418], "rotation": [-7.50301, -15.27684, 27.06457], "uv": [26, 0]},
						{"origin": [0.71638, 23.92206, -3.27737], "size": [2, 1, 0], "pivot": [1.64138, 24.42206, -3.65237], "rotation": [-3.34985, -16.65627, 12.04743], "uv": [14, 13]}
					]
				},
				{
					"name": "antenna_left1",
					"parent": "head",
					"pivot": [2.5, 24.73325, -2.99551],
					"rotation": [-10.29354, -38.86967, 16.14054],
					"cubes": [
						{"origin": [2.5, 23.73325, -2.99551], "size": [2, 1, 0], "uv": [22, 25]}
					]
				},
				{
					"name": "antenna_left2",
					"parent": "antenna_left1",
					"pivot": [4.5, 23.73325, -3.02051],
					"rotation": [0, 0, -25],
					"cubes": [
						{"origin": [4.5, 23.73325, -3.02051], "size": [2, 1, 0], "uv": [12, 25]}
					]
				},
				{
					"name": "antenna_left3",
					"parent": "antenna_left2",
					"pivot": [6.5, 23.73325, -3.04551],
					"rotation": [0, 0, -32.5],
					"cubes": [
						{"origin": [6.5, 23.73325, -3.04551], "size": [2, 1, 0], "uv": [8, 25]},
						{"origin": [6.5, 22.73325, -3.04551], "size": [1, 3, 0], "pivot": [7, 25.23325, -3.04551], "rotation": [0, 90, 0], "uv": [2, 25]}
					]
				},
				{
					"name": "antenna_left4",
					"parent": "antenna_left3",
					"pivot": [8.5, 23.73325, -3.07051],
					"rotation": [0, 0, -27.5],
					"cubes": [
						{"origin": [8.5, 23.73325, -3.07051], "size": [2, 1, 0], "uv": [4, 25]},
						{"origin": [9.5, 22.73325, -3.07051], "size": [1, 3, 0], "pivot": [10, 25.23325, -3.07051], "rotation": [0, 90, 0], "uv": [0, 25]}
					]
				},
				{
					"name": "antenna_right1",
					"parent": "head",
					"pivot": [-2.5, 24.73325, -2.99551],
					"rotation": [-10.29354, 38.86967, -16.14054],
					"cubes": [
						{"origin": [-4.5, 23.73325, -2.99551], "size": [2, 1, 0], "uv": [24, 8]}
					]
				},
				{
					"name": "antenna_right2",
					"parent": "antenna_right1",
					"pivot": [-4.5, 23.73325, -3.02051],
					"rotation": [0, 0, 25],
					"cubes": [
						{"origin": [-6.5, 23.73325, -3.02051], "size": [2, 1, 0], "uv": [22, 24]}
					]
				},
				{
					"name": "antenna_right3",
					"parent": "antenna_right2",
					"pivot": [-6.5, 23.73325, -3.04551],
					"rotation": [0, 0, 32.5],
					"cubes": [
						{"origin": [-8.5, 23.73325, -3.04551], "size": [2, 1, 0], "uv": [24, 19]},
						{"origin": [-7.5, 22.73325, -3.04551], "size": [1, 3, 0], "pivot": [-7, 23.23325, -3.04551], "rotation": [0, -90, 0], "uv": [20, 24]}
					]
				},
				{
					"name": "antenna_right4",
					"parent": "antenna_right3",
					"pivot": [-8.5, 23.73325, -3.07051],
					"rotation": [0, 0, 27.5],
					"cubes": [
						{"origin": [-10.5, 23.73325, -3.07051], "size": [2, 1, 0], "uv": [24, 18]},
						{"origin": [-10.5, 22.73325, -3.07051], "size": [1, 3, 0], "pivot": [-10, 23.23325, -3.07051], "rotation": [0, -90, 0], "uv": [18, 24]}
					]
				},
				{
					"name": "mouth_right",
					"parent": "head",
					"pivot": [-2.5, 18.23325, -2.99551],
					"rotation": [0, 0, -20],
					"cubes": [
						{"origin": [-2.5, 16.23325, -2.99551], "size": [2, 2, 0], "uv": [14, 23]}
					]
				},
				{
					"name": "mouth_left",
					"parent": "head",
					"pivot": [2.5, 18.23325, -2.99551],
					"rotation": [0, 0, 20],
					"cubes": [
						{"origin": [0.5, 16.23325, -2.99551], "size": [2, 2, 0], "uv": [22, 0]}
					]
				},
				{
					"name": "eye_right",
					"parent": "head",
					"pivot": [-1.52038, 21.66735, -1.99551],
					"cubes": [
						{"origin": [-2.5, 19.73325, -2.99551], "size": [2, 4, 2], "inflate": 0.1, "pivot": [0, 21.23325, -1.49551], "rotation": [0, 0, -2.5], "uv": [18, 18]}
					]
				},
				{
					"name": "eyelid_right",
					"parent": "head",
					"pivot": [-1.27038, 21.66735, -1.74551],
					"cubes": [
						{"origin": [-2.25, 19.73325, -2.74551], "size": [2, 4, 2], "inflate": 0.11, "pivot": [0.25, 21.23325, -1.24551], "rotation": [0, 0, -2.5], "uv": [0, 16]}
					]
				},
				{
					"name": "eyelid_left",
					"parent": "head",
					"pivot": [1.27038, 21.66735, -1.74551],
					"cubes": [
						{"origin": [0.25, 19.73325, -2.74551], "size": [2, 4, 2], "inflate": 0.11, "pivot": [-0.25, 21.23325, -1.24551], "rotation": [0, 0, 2.5], "uv": [12, 14]}
					]
				},
				{
					"name": "eye_left",
					"parent": "head",
					"pivot": [1.52038, 21.66735, -1.99551],
					"cubes": [
						{"origin": [0.5, 19.73325, -2.99551], "size": [2, 4, 2], "inflate": 0.1, "pivot": [0, 21.23325, -1.49551], "rotation": [0, 0, 2.5], "uv": [16, 0]}
					]
				},
				{
					"name": "eye_left_open",
					"parent": "head",
					"pivot": [1.27038, 21.66735, -1.74551],
					"cubes": [
						{"origin": [0.25, 19.73325, -2.74551], "size": [2, 4, 2], "inflate": 0.1, "pivot": [-0.25, 21.23325, -1.24551], "rotation": [0, 0, 2.5], "uv": [2, 26]}
					]
				},
				{
					"name": "eye_right_open",
					"parent": "head",
					"pivot": [-1.27038, 21.66735, -1.74551],
					"cubes": [
						{"origin": [-2.25, 19.73325, -2.74551], "size": [2, 4, 2], "inflate": 0.1, "pivot": [0.25, 21.23325, -1.24551], "rotation": [0, 0, -2.5], "uv": [10, 26], "mirror": true}
					]
				},
				{
					"name": "tail_left",
					"parent": "torso",
					"pivot": [0, 15, 1.5],
					"rotation": [0, 0, -12.5],
					"cubes": [
						{"origin": [0, 13, 1.497], "size": [2, 2, 0], "uv": [16, 6]}
					]
				},
				{
					"name": "tail_left2",
					"parent": "tail_left",
					"pivot": [0.5, 13, 1.5],
					"cubes": [
						{"origin": [0, 10, 1.497], "size": [1, 3, 0], "uv": [24, 2]}
					]
				},
				{
					"name": "tail_right",
					"parent": "torso",
					"pivot": [0, 15, 1.5],
					"rotation": [0, 0, 12.5],
					"cubes": [
						{"origin": [-2, 13, 1.497], "size": [2, 2, 0], "uv": [13, 0]}
					]
				},
				{
					"name": "tail_right2",
					"parent": "tail_right",
					"pivot": [-0.5, 13, 1.5],
					"cubes": [
						{"origin": [-1, 10, 1.497], "size": [1, 3, 0], "uv": [0, 0]}
					]
				},
				{
					"name": "leg_left1",
					"parent": "body",
					"pivot": [1.5, 15, 0],
					"cubes": [
						{"origin": [1.5, 12, -0.5], "size": [0, 3, 1], "pivot": [1.5, 13.5, 0], "rotation": [0, 90, 0], "uv": [22, 5]}
					]
				},
				{
					"name": "leg_left2",
					"parent": "leg_left1",
					"pivot": [1.5, 12, 0],
					"cubes": [
						{"origin": [1.5, 9, -0.5], "size": [0, 3, 1], "pivot": [1.5, 10.5, 0], "rotation": [0, 90, 0], "uv": [6, 21]}
					]
				},
				{
					"name": "leg_left3",
					"parent": "leg_left2",
					"pivot": [1.5, 9, 0],
					"cubes": [
						{"origin": [1.5, 6, -0.5], "size": [0, 3, 1], "pivot": [1.5, 7.5, 0], "rotation": [0, 90, 0], "uv": [4, 21]}
					]
				},
				{
					"name": "leg_left4",
					"parent": "leg_left3",
					"pivot": [1.5, 6, 0],
					"cubes": [
						{"origin": [1.5, 3, -0.5], "size": [0, 3, 1], "pivot": [1.5, 4.5, 0], "rotation": [0, 90, 0], "uv": [2, 21]}
					]
				},
				{
					"name": "foot_left",
					"parent": "leg_left4",
					"pivot": [1.5, 3, 0],
					"rotation": [-57.5, 0, 0],
					"cubes": [
						{"origin": [1.5, 1, -0.5], "size": [0, 2, 1], "pivot": [1.5, 1.5, 0], "rotation": [0, 90, 0], "uv": [6, 15]},
						{"origin": [1.5, 0, -0.5], "size": [0, 1, 1], "pivot": [1.5, 1, 0], "rotation": [-90, 47.5, -90], "uv": [16, 24]},
						{"origin": [0.5, 0, 0], "size": [1, 1, 0], "pivot": [1.5, 1, 0], "rotation": [-90, 47.5, -90], "uv": [26, 3]},
						{"origin": [-0.5, -1.2, 0], "size": [1, 3, 0], "pivot": [1.5, 1, 0], "rotation": [-90, 47.5, -90], "uv": [24, 10]},
						{"origin": [1.5, 2, 0], "size": [0, 1, 1], "uv": [20, 6]},
						{"origin": [1.5, 0.25, 1], "size": [0, 4, 1], "uv": [10, 15]},
						{"origin": [1.501, 4.25, 1], "size": [0, 3, 1], "pivot": [1.5, 4.25, 2], "rotation": [50, 0, 0], "uv": [0, 21]}
					]
				},
				{
					"name": "leg_right1",
					"parent": "body",
					"pivot": [-1.5, 15, 0],
					"cubes": [
						{"origin": [-1.5, 12, -0.5], "size": [0, 3, 1], "pivot": [-1.5, 13.5, 0], "rotation": [0, -90, 0], "uv": [0, 9]}
					]
				},
				{
					"name": "leg_right2",
					"parent": "leg_right1",
					"pivot": [-1.5, 12, 0],
					"cubes": [
						{"origin": [-1.5, 9, -0.5], "size": [0, 3, 1], "pivot": [-1.5, 10.5, 0], "rotation": [0, -90, 0], "uv": [16, 19]}
					]
				},
				{
					"name": "leg_right3",
					"parent": "leg_right2",
					"pivot": [-1.5, 9, 0],
					"cubes": [
						{"origin": [-1.5, 6, -0.5], "size": [0, 3, 1], "pivot": [-1.5, 7.5, 0], "rotation": [0, -90, 0], "uv": [11, 9]}
					]
				},
				{
					"name": "leg_right4",
					"parent": "leg_right3",
					"pivot": [-1.5, 6, 0],
					"cubes": [
						{"origin": [-1.5, 3, -0.5], "size": [0, 3, 1], "pivot": [-1.5, 4.5, 0], "rotation": [0, -90, 0], "uv": [18, 12]}
					]
				},
				{
					"name": "foot_right",
					"parent": "leg_right4",
					"pivot": [-1.5, 3, 0],
					"rotation": [-57.5, 0, 0],
					"cubes": [
						{"origin": [-1.5, 1, -0.5], "size": [0, 2, 1], "pivot": [-1.5, 1.5, 0], "rotation": [0, -90, 0], "uv": [0, 15]},
						{"origin": [-1.5, 0, -0.5], "size": [0, 1, 1], "pivot": [-1.5, 1, 0], "rotation": [-90, -47.5, 90], "uv": [20, 5]},
						{"origin": [-1.5, 0, 0], "size": [1, 1, 0], "pivot": [-1.5, 1, 0], "rotation": [-90, -47.5, 90], "uv": [26, 2]},
						{"origin": [-0.5, -1.2, 0], "size": [1, 3, 0], "pivot": [-1.5, 1, 0], "rotation": [-90, -47.5, 90], "uv": [24, 5]},
						{"origin": [-1.5, 2, 0], "size": [0, 1, 1], "uv": [13, 1]},
						{"origin": [-1.5, 0.25, 1], "size": [0, 4, 1], "uv": [8, 15]},
						{"origin": [-1.501, 4.25, 1], "size": [0, 3, 1], "pivot": [-1.5, 4.25, 2], "rotation": [50, 0, 0], "uv": [14, 19]}
					]
				}
			]
		}
	]
}