{
	"format_version": "1.10.0",
	"particle_effect": {
		"description": {
			"identifier": "cobblemon:cyclone",
			"basic_render_parameters": {
				"material": "particles_alpha",
				"texture": "textures/particles/cyclone"
			}
		},
		"curves": {
			"variable.transition": {
				"type": "linear",
				"input": "v.particle_age",
				"horizontal_range": "v.particle_lifetime",
				"nodes": [0, 1, 1, 1, 1, 1, 1, 1, 1, 1, 1, 1, 1, 1, 1, 1, 1, 1, 1, 1, 1, 1, 0]
			}
		},
		"components": {
			"minecraft:emitter_rate_steady": {
				"spawn_rate": "math.random(12,16)",
				"max_particles": 10000
			},
			"minecraft:emitter_lifetime_looping": {
				"active_time": 99999
			},
			"minecraft:emitter_shape_disc": {
				"offset": [0, 1, 0],
				"radius": 25,
				"surface_only": true,
				"direction": [0, 1, 0]
			},
			"minecraft:particle_lifetime_expression": {
				"max_lifetime": 10
			},
			"minecraft:particle_initial_spin": {
				"rotation_rate": 1
			},
			"minecraft:particle_initial_speed": 40,
			"minecraft:particle_motion_parametric": {
				"relative_position": ["math.sin(variable.particle_age*90)*20+math.random(1,3)", "-1+variable.particle_age+math.random(1,2)", "math.cos(variable.particle_age*90)*20+math.random(1,3)"]
			},
			"minecraft:particle_appearance_billboard": {
				"size": ["math.random(5,6) * variable.transition", "math.random(5,6)* variable.transition"],
				"facing_camera_mode": "rotate_xyz",
				"uv": {
					"texture_width": 8,
					"texture_height": 36,
					"flipbook": {
						"base_UV": [0, 0],
						"size_UV": [8, 9],
						"step_UV": [0, 9],
						"frames_per_second": 8,
						"max_frame": 4,
						"loop": true
					}
				}
			},
			"minecraft:particle_motion_collision": {},
			"minecraft:particle_appearance_lighting": {},
			"minecraft:particle_appearance_tinting": {
				"color": {
					"interpolant": "v.particle_age / v.particle_lifetime",
					"gradient": {
						"0.0": "#000D0E21",
						"0.08": "#F2041028",
						"0.91": "#F2191A1B",
						"1.0": "#003C3C3C"
					}
				}
			}
		}
	}
}