{
	"format_version": "1.10.0",
	"particle_effect": {
		"description": {
			"identifier": "cobblemon:smokebomb_big",
			"basic_render_parameters": {
				"material": "particles_alpha",
				"texture": "textures/particles/smokebomb"
			}
		},
		"components": {
			"minecraft:emitter_rate_instant": {
				"num_particles": 300
			},
			"minecraft:emitter_lifetime_once": {
				"active_time": 1
			},
			"minecraft:emitter_shape_disc": {
				"offset": [0, "math.random(0,3)", 0],
				"radius": "math.random(0,1.5)",
				"surface_only": true,
				"direction": [0, 1, 0]
			},
			"minecraft:particle_lifetime_expression": {
				"max_lifetime": "math.random(0,0.25)"
			},
			"minecraft:particle_initial_speed": "math.random(1, 4)",
			"minecraft:particle_motion_dynamic": {
				"linear_drag_coefficient": 4
			},
			"minecraft:particle_appearance_billboard": {
				"size": [0.5, 0.5],
				"facing_camera_mode": "rotate_xyz",
				"uv": {
					"texture_width": 16,
					"texture_height": 128,
					"flipbook": {
						"base_UV": [0, 0],
						"size_UV": [16, 16],
						"step_UV": [0, 16],
						"frames_per_second": 12,
						"max_frame": 8,
						"stretch_to_lifetime": true
					}
				}
			},
			"minecraft:particle_motion_collision": {
				"collision_drag": 0.4,
				"collision_radius": 0.2
			},
			"minecraft:particle_appearance_lighting": {}
		}
	}
}