{
    "type": "minecraft:entity",
    "pools": [
        {
            "rolls": 1,
            "entries": [
                {
                    "type": "minecraft:item",
                    "functions": [
                        {
                            "add": false,
                            "count": {
                                "type": "minecraft:uniform",
                                "max": 2.0,
                                "min": 0.0
                            },
                            "function": "minecraft:set_count"
                        },
                        {
                            "count": {
                                "type": "minecraft:uniform",
                                "max": 1.0,
                                "min": 0.0
                            },
                            "enchantment": "minecraft:looting",
                            "function": "minecraft:enchanted_count_increase"
                        }
                    ],
                    "name": "minecraft:gunpowder"
                }
            ]
        },
        {
            "rolls": 1,
            "entries": [
                {
                    "type": "minecraft:tag",
                    "weight": 1,
                    "name": "minecraft:creeper_drop_music_discs",
                    "expand": true
                },
                {
                    "type": "minecraft:item",
                    "weight": 1,
                    "name": "minecraft:music_disc_11",
                    "functions": [
                        {
                            "function": "minecraft:set_components",
                            "components": {
                                "minecraft:custom_model_data": 1,
                                "minecraft:jukebox_playable": {
                                    "song": "tokyo_two_music:thecruelangelsthesis"
                                }
                            }
                        }
                    ]
                },
                {
                    "type": "minecraft:item",
                    "weight": 1,
                    "name": "minecraft:music_disc_11",
                    "functions": [
                        {
                            "function": "minecraft:set_components",
                            "components": {
                                "minecraft:custom_model_data": 2,
                                "minecraft:jukebox_playable": {
                                    "song": "tokyo_two_music:angelattack"
                                }
                            }
                        }
                    ]
                },
                {
                    "type": "minecraft:item",
                    "weight": 1,
                    "name": "minecraft:music_disc_11",
                    "functions": [
                        {
                            "function": "minecraft:set_components",
                            "components": {
                                "minecraft:custom_model_data": 3,
                                "minecraft:jukebox_playable": {
                                    "song": "tokyo_two_music:hallelujah"
                                }
                            }
                        }
                    ]
                },
                {
                    "type": "minecraft:item",
                    "weight": 1,
                    "name": "minecraft:music_disc_11",
                    "functions": [
                        {
                            "function": "minecraft:set_components",
                            "components": {
                                "minecraft:custom_model_data": 4,
                                "minecraft:jukebox_playable": {
                                    "song": "tokyo_two_music:reiiii"
                                }
                            }
                        }
                    ]
                },
                {
                    "type": "minecraft:item",
                    "weight": 1,
                    "name": "minecraft:music_disc_11",
                    "functions": [
                        {
                            "function": "minecraft:set_components",
                            "components": {
                                "minecraft:custom_model_data": 5,
                                "minecraft:jukebox_playable": {
                                    "song": "tokyo_two_music:kommsussertod"
                                }
                            }
                        }
                    ]
                },
                {
                    "type": "minecraft:item",
                    "weight": 1,
                    "name": "minecraft:music_disc_11",
                    "functions": [
                        {
                            "function": "minecraft:set_components",
                            "components": {
                                "minecraft:custom_model_data": 6,
                                "minecraft:jukebox_playable": {
                                    "song": "tokyo_two_music:flymetothemoon"
                                }
                            }
                        }
                    ]
                }
            ],
            "conditions": [
                {
                    "condition": "minecraft:entity_properties",
                    "predicate": {
                        "type": "#minecraft:skeletons"
                    },
                    "entity": "attacker"
                }
            ]
        }
    ],
    "random_sequence": "minecraft:entities/creeper"
}