{
	"format_version": "1.8.0",
	"animations": {
		"animation.skybe.floating": {
			"loop": true,
			"animation_length": 3,
			"bones": {
				"head": {
					"rotation": {
						"0.0": [0, 0, 12.5],
						"0.5": [0, 0, 20],
						"1.0": [0, 0, 32.5],
						"1.5": [0, 0, -10],
						"2.0": [0, 0, -15],
						"2.5": [0, 0, -30],
						"3.0": [0, 0, 12.5]
					},
					"position": {
						"0.0": [-5, 0, 0],
						"1.5": [5, 0, 0],
						"3.0": [-5, 0, 0]
					},
					"scale": {
						"0.0": [1, 1, 1],
						"3.0": [1, 1, 1]
					}
				},
				"tree": {
					"rotation": {
						"0.0": [0, 0, 0],
						"0.25": [0, 0, -22.5],
						"0.5": [0, 0, -35],
						"1.25": [0, 0, -35],
						"1.5": [0, 0, -15],
						"1.75": [0, 0, 5],
						"2.0": [0, 0, 20],
						"2.5": [0, 0, 20],
						"3.0": [0, 0, 0]
					},
					"position": {
						"0.0": [0, 0, 0],
						"1.25": [0, 0, 0],
						"2.5": [0, 0, 0]
					}
				}
			}
		},
		"animation.skybe.ground_walk": {
			"loop": true,
			"animation_length": 0.75,
			"bones": {
				"head": {
					"rotation": {
						"0.0": [10, 0, 0],
						"0.5": [10, 0, 0],
						"0.75": [10, 0, 0]
					},
					"position": {
						"0.0": [0, 0, 0],
						"0.25": [0, -1, -1],
						"0.5": [0, 1, -1],
						"0.75": [0, 0, 0]
					}
				},
				"tree": {
					"rotation": {
						"0.0": [-20, 0, 0],
						"0.25": [-27.5, 0, 0],
						"0.5": [-40, 0, 0],
						"0.75": [-20, 0, 0]
					},
					"position": {
						"0.0": [0, 0, 0],
						"0.25": [0, 0, 0],
						"0.5": [0, 0, 0],
						"0.75": [0, 0, 0]
					}
				}
			}
		},
		"animation.skybe.ground_idle": {
			"loop": true,
			"animation_length": 3,
			"bones": {
				"head": {
					"rotation": {
						"0.0": [0, 0, 0],
						"1.0": [0, 0, 5],
						"1.5": [0, 0, -2.5],
						"2.5": [0, 0, -10],
						"2.75": [0, 0, 0]
					},
					"position": {
						"0.0": [0, 0, 0],
						"1.0": [-1, 1, 0],
						"2.0": [0, 0, 0],
						"2.5": [1, 1, 0],
						"3.0": [0, 0, 0]
					}
				},
				"tree": {
					"rotation": {
						"0.0": [0, 0, 0],
						"0.5": [0, 0, 16.25],
						"1.0": [0, 0, 12.5],
						"1.5": [0, 0, 2.5],
						"2.0": [0, 0, 0],
						"2.5": [0, 0, -12.5],
						"2.75": [0, 0, -22.5],
						"3.0": [0, 0, -2.5]
					},
					"position": [0, 0, 0]
				}
			}
		},
		"animation.skybe.faint": {
			"loop": "hold_on_last_frame",
			"animation_length": 3.25,
			"bones": {
				"head": {
					"rotation": {
						"0.0": [0, 0, 0],
						"0.25": [-30, 0, 0],
						"0.5": [-27.44548, -1.29256, -4.83045],
						"0.6667": [17.53793, 0.43399, 9.99067],
						"0.8333": [-0.10875, 1.08334, 0.01802],
						"0.9167": [12.39125, 1.08334, 0.01802],
						"1.0": [-0.10875, 1.08334, 0.01802]
					},
					"position": {
						"0.0": [0, 0, 0],
						"0.25": [0, 1, 2],
						"0.5": [0, 5, 4],
						"0.75": [0, -6, 0],
						"0.8333": [0, -6, -2],
						"0.9167": [0, -5, -3],
						"1.0": [0, -5, -5],
						"1.25": [0, -6, -7],
						"3.25": [0, -6, -7]
					}
				},
				"tree": {
					"rotation": {
						"0.0": [0, 0, 0],
						"0.25": [17.5, 0, 0],
						"0.5": [47.5, 0, 0],
						"0.5417": [20, 0, 0],
						"0.5833": [-2.5, 0, 0],
						"0.6667": [-25, 0, 0],
						"0.7083": [-2.5, 0, 0],
						"0.75": [20, 0, 0],
						"0.8333": [42.5, 0, 0],
						"1.25": [52.5, 0, 0]
					},
					"position": {
						"0.0": [0, 0, 0],
						"0.7083": [0, 0, 0]
					}
				}
			}
		}
	}
}