{
  "type": "choice",
  "keys": ["magikarp_jump"],
  "default": "none",
  "choices": [
    "apricot-stripes",
    "apricot-tiger",
    "apricot-zebra",
    "black-forehead",
    "black-mask",
    "blue-raindrops",
    "blue-saucy",
    "brown-stripes",
    "brown-tiger",
    "brown-zebra",
    "calico-orange-gold",
    "calico-orange-white",
    "calico-orange-white-black",
    "calico-white-orange",
    "gray-bubbles",
    "gray-diamonds",
    "gray-patches",
    "orange-dapples",
    "orange-forehead",
    "orange-mask",
    "orange-orca",
    "orange-two-tone",
    "pink-dapples",
    "pink-orca",
    "pink-two-tone",
    "purple-bubbles",
    "purple-diamonds",
    "purple-patches",
    "skelly",
    "violet-raindrops",
    "violet-saucy",
    "starstruck"
  ],
  "isAspect": true,
  "aspectFormat": "magikarp-jump-{{choice}}"
}