{
	"format_version": "1.12.0",
	"minecraft:geometry": [
		{
			"description": {
				"identifier": "geometry.maskonylum",
				"texture_width": 64,
				"texture_height": 64,
				"visible_bounds_width": 5,
				"visible_bounds_height": 3.5,
				"visible_bounds_offset": [0, 1.25, 0]
			},
			"bones": [
				{
					"name": "maskonylum",
					"pivot": [0, 0, 0]
				},
				{
					"name": "body",
					"parent": "maskonylum",
					"pivot": [0, 14, 0]
				},
				{
					"name": "torso",
					"parent": "body",
					"pivot": [0, 13, -3],
					"cubes": [
						{"origin": [-2, 11, -3], "size": [4, 4, 5], "uv": [0, 20]},
						{"origin": [-3, 10.5, -2], "size": [6, 5, 5], "uv": [0, 0]},
						{"origin": [-1.5, 9.5, -1], "size": [3, 2, 5], "uv": [36, 8]},
						{"origin": [2, 11.5, -1], "size": [2, 3, 5], "uv": [16, 36]},
						{"origin": [-4, 11.5, -1], "size": [2, 3, 5], "uv": [16, 36], "mirror": true}
					]
				},
				{
					"name": "neck",
					"parent": "torso",
					"pivot": [0, 13, -3],
					"cubes": [
						{"origin": [-1, 12, -6], "size": [2, 2, 4], "uv": [24, 52]}
					]
				},
				{
					"name": "head",
					"parent": "neck",
					"pivot": [0, 13, -5],
					"cubes": [
						{"origin": [-2, 11, -8], "size": [4, 5, 3], "uv": [38, 0]}
					]
				},
				{
					"name": "mask",
					"parent": "head",
					"pivot": [0, 13.08333, -8.65556],
					"cubes": [
						{"origin": [-6.4, 12, -8.2], "size": [2, 1, 1], "pivot": [-1.65, 9, -7.2], "rotation": [0, 24, 0], "uv": [20, 18]},
						{"origin": [-0.4, 7, -8.2], "size": [1, 2, 1], "pivot": [-1.65, 10, -7.2], "rotation": [0, 24, 0], "uv": [46, 15]},
						{"origin": [-0.6, 9, -8.2], "size": [4, 2, 1], "pivot": [1.65, 12, -7.2], "rotation": [0, -24, 0], "uv": [36, 15]},
						{"origin": [-0.6, 7, -8.2], "size": [1, 2, 1], "pivot": [1.65, 10, -7.2], "rotation": [0, -24, 0], "uv": [46, 15], "mirror": true},
						{"origin": [0.4, 15, -7.7], "size": [6, 8, 0], "pivot": [1.65, 16, -7.7], "rotation": [0, -24, 0], "uv": [50, 22]},
						{"origin": [4.4, 14, -8.2], "size": [2, 2, 1], "pivot": [1.65, 12, -7.2], "rotation": [0, -24, 0], "uv": [54, 46]},
						{"origin": [4.4, 12, -8.2], "size": [2, 1, 1], "pivot": [1.65, 9, -7.2], "rotation": [0, -24, 0], "uv": [20, 18], "mirror": true},
						{"origin": [-6.4, 15, -7.7], "size": [6, 8, 0], "pivot": [-1.65, 16, -7.7], "rotation": [0, 24, 0], "uv": [50, 22], "mirror": true},
						{"origin": [-6.4, 14, -8.2], "size": [2, 2, 1], "pivot": [-1.65, 12, -7.2], "rotation": [0, 24, 0], "uv": [54, 46], "mirror": true},
						{"origin": [-4.4, 11, -8.2], "size": [5, 6, 1], "pivot": [-1.65, 12, -7.2], "rotation": [0, 24, 0], "uv": [52, 0]},
						{"origin": [-3.4, 9, -8.2], "size": [4, 2, 1], "pivot": [-1.65, 12, -7.2], "rotation": [0, 24, 0], "uv": [36, 15], "mirror": true},
						{"origin": [-0.6, 11, -8.2], "size": [5, 6, 1], "pivot": [1.65, 12, -7.2], "rotation": [0, -24, 0], "uv": [52, 7], "mirror": true}
					]
				},
				{
					"name": "eyes",
					"parent": "mask",
					"pivot": [0, 13.08333, -8.65556],
					"cubes": [
						{"origin": [-3.9, 12, -8.1], "size": [3, 3, 0], "pivot": [-2.15, 12, -8.1], "rotation": [0, 24, 0], "uv": [58, 61]},
						{"origin": [0.9, 12, -8.1], "size": [3, 3, 0], "pivot": [2.15, 12, -8.1], "rotation": [0, -24, 0], "uv": [58, 61], "mirror": true}
					]
				},
				{
					"name": "tail",
					"parent": "torso",
					"pivot": [0, 14.5, 2.5],
					"cubes": [
						{"origin": [-2, 12.5, 2], "size": [4, 4, 6], "uv": [0, 10]}
					]
				},
				{
					"name": "lowertail",
					"parent": "tail",
					"pivot": [0, 14.5, 8],
					"cubes": [
						{"origin": [-1, 13.5, 8], "size": [2, 2, 4], "pivot": [0, 14.5, 11], "rotation": [0, 0, -45], "uv": [36, 52]}
					]
				},
				{
					"name": "lowertail1",
					"parent": "lowertail",
					"pivot": [0, 14.54548, 12],
					"cubes": [
						{"origin": [-0.5, 14, 12], "size": [1, 1, 6], "uv": [14, 44]}
					]
				},
				{
					"name": "lowertail2",
					"parent": "lowertail1",
					"pivot": [0, 14.54548, 18],
					"cubes": [
						{"origin": [-0.5, 14, 18], "size": [1, 1, 6], "uv": [0, 45]}
					]
				},
				{
					"name": "lowertail3",
					"parent": "lowertail2",
					"pivot": [0, 14.5, 24],
					"cubes": [
						{"origin": [-0.5, 14, 24], "size": [1, 1, 6], "uv": [50, 15]}
					]
				},
				{
					"name": "armright",
					"parent": "torso",
					"pivot": [-3.5, 13, 4],
					"cubes": [
						{"origin": [-4, 12.5, 4], "size": [1, 1, 7], "uv": [22, 0]}
					]
				},
				{
					"name": "armright1",
					"parent": "armright",
					"pivot": [-3.5, 13, 11],
					"cubes": [
						{"origin": [-4, 12.5, 11], "size": [1, 1, 7], "uv": [0, 29]}
					]
				},
				{
					"name": "armright2",
					"parent": "armright1",
					"pivot": [-3.5, 13, 18],
					"cubes": [
						{"origin": [-4, 12.5, 18], "size": [1, 1, 7], "uv": [34, 26]}
					]
				},
				{
					"name": "armright3",
					"parent": "armright2",
					"pivot": [-3.5, 13, 25],
					"cubes": [
						{"origin": [-4, 12.5, 25], "size": [1, 1, 7], "uv": [34, 34]}
					]
				},
				{
					"name": "armrighttip",
					"parent": "armright3",
					"pivot": [-3.5, 13, 32.08333],
					"cubes": [
						{"origin": [-4, 11.5, 39], "size": [1, 3, 1], "uv": [30, 36]},
						{"origin": [-4, 11.5, 32], "size": [1, 3, 2], "uv": [54, 41]},
						{"origin": [-4, 10.5, 34], "size": [1, 5, 5], "uv": [42, 42]}
					]
				},
				{
					"name": "eye2",
					"parent": "armrighttip",
					"pivot": [-4.1, 13, 34],
					"cubes": [
						{"origin": [-4.1, 10.5, 34], "size": [0, 5, 5], "uv": [14, 51]}
					]
				},
				{
					"name": "armleft",
					"parent": "torso",
					"pivot": [3.5, 13, 4],
					"cubes": [
						{"origin": [3, 12.5, 4], "size": [1, 1, 7], "uv": [22, 0], "mirror": true}
					]
				},
				{
					"name": "armleft1",
					"parent": "armleft",
					"pivot": [3.5, 13, 11],
					"cubes": [
						{"origin": [3, 12.5, 11], "size": [1, 1, 7], "uv": [0, 29], "mirror": true}
					]
				},
				{
					"name": "armleft2",
					"parent": "armleft1",
					"pivot": [3.5, 13, 18],
					"cubes": [
						{"origin": [3, 12.5, 18], "size": [1, 1, 7], "uv": [34, 26], "mirror": true}
					]
				},
				{
					"name": "armleft3",
					"parent": "armleft2",
					"pivot": [3.5, 13, 25],
					"cubes": [
						{"origin": [3, 12.5, 25], "size": [1, 1, 7], "uv": [34, 34], "mirror": true}
					]
				},
				{
					"name": "armlefttip",
					"parent": "armleft3",
					"pivot": [3.5, 13, 32.08333],
					"cubes": [
						{"origin": [3, 11.5, 32], "size": [1, 3, 2], "uv": [54, 41], "mirror": true},
						{"origin": [3, 10.5, 34], "size": [1, 5, 5], "uv": [42, 42], "mirror": true},
						{"origin": [3, 11.5, 39], "size": [1, 3, 1], "uv": [30, 36], "mirror": true}
					]
				},
				{
					"name": "eye1",
					"parent": "armlefttip",
					"pivot": [4.1, 13, 34],
					"cubes": [
						{"origin": [4.1, 10.5, 34], "size": [0, 5, 5], "uv": [14, 51], "mirror": true}
					]
				}
			]
		}
	]
}