{
	"format_version": "1.8.0",
	"animations": {
		"animation.spinospecter.ground_idle": {
			"loop": true,
			"animation_length": 4,
			"bones": {
				"torso": {
					"rotation": {
						"0.0": [0, 0, 0],
						"1.0": [2.5, 0, 0],
						"2.0": [0, 0, 0],
						"3.0": [2.5, 0, 0],
						"4.0": [0, 0, 0]
					},
					"position": {
						"0.0": [0, 0, 0],
						"1.0": [0, -1, 0],
						"2.0": [0, 0, 0],
						"3.0": [0, -1, 0],
						"4.0": [0, 0, 0]
					}
				},
				"tail": {
					"rotation": {
						"0.0": [0, 0, 0],
						"1.0": [0, -7.5, 0],
						"2.0": [0, 0, 0],
						"3.0": [0, 7.5, 0],
						"4.0": [0, 0, 0]
					},
					"position": {
						"0.0": [0, 0, 0],
						"1.0": [-2, 0, -1],
						"2.0": [0, 0, 0],
						"3.0": [2, 0, 0],
						"4.0": [0, 0, 0]
					}
				},
				"tail2": {
					"rotation": {
						"0.0": [0, 0, 0],
						"1.0": [0, -7.5, 0],
						"2.0": [0, 0, 0],
						"3.0": [0, 7.5, 0],
						"4.0": [0, 0, 0]
					},
					"position": {
						"0.0": [0, 0, 0],
						"1.0": [-1, 0, -1],
						"2.0": [0, 0, 0],
						"3.0": [1, 0, -1],
						"4.0": [0, 0, 0]
					}
				},
				"tail3": {
					"rotation": {
						"0.0": [0, 0, 0],
						"1.0": [0, -7.5, 0],
						"2.0": [0, 0, 0],
						"3.0": [0, 7.5, 0],
						"4.0": [0, 0, 0]
					},
					"position": {
						"0.0": [0, 0, 0],
						"1.0": [-1, 0, -1],
						"2.0": [0, 0, 0],
						"3.0": [1, 0, -1],
						"4.0": [0, 0, 0]
					}
				},
				"tail4": {
					"rotation": {
						"0.0": [0, 0, 0],
						"1.0": [0, -5, 0],
						"2.0": [0, 0, 0],
						"3.0": [0, 5, 0],
						"4.0": [0, 0, 0]
					},
					"position": {
						"0.0": [0, 0, 0],
						"1.0": [-1, 0, -1],
						"2.0": [0, 0, 0],
						"3.0": [1, 0, -1],
						"4.0": [0, 0, 0]
					}
				},
				"tail5": {
					"rotation": {
						"0.0": [0, 0, 0],
						"1.0": [0, -5, 0],
						"2.0": [0, 0, 0],
						"3.0": [0, 5, 0],
						"4.0": [0, 0, 0]
					},
					"position": {
						"0.0": [0, 0, 0],
						"1.0": [-1, 0, -1],
						"2.0": [0, 0, 0],
						"3.0": [1, 0, -1],
						"4.0": [0, 0, 0]
					}
				},
				"arm_left": {
					"rotation": {
						"0.0": [0, 0, 0],
						"1.0": [22.5, 0, 0],
						"2.0": [0, 0, 0],
						"3.0": [22.5, 0, 0],
						"4.0": [0, 0, 0]
					},
					"position": {
						"0.0": [0, 0, 0],
						"1.0": [0, 0, 2],
						"2.0": [0, 0, 0],
						"3.0": [0, 0, 2],
						"4.0": [0, 0, 0]
					}
				},
				"finger_top_left": {
					"rotation": [0, 10, 0],
					"position": [-1, 0, 1]
				},
				"finger_bottom_left": {
					"rotation": [0, 20, 0],
					"position": [-1, 0, 1]
				},
				"thumb_left": {
					"rotation": [20, 0, 0],
					"position": [0, -1, -1]
				},
				"arm_right": {
					"rotation": {
						"0.0": [0, 0, 0],
						"1.0": [22.5, 0, 0],
						"2.0": [0, 0, 0],
						"3.0": [22.5, 0, 0],
						"4.0": [0, 0, 0]
					},
					"position": {
						"0.0": [0, 0, 0],
						"1.0": [0, 0, 2],
						"2.0": [0, 0, 0],
						"3.0": [0, 0, 2],
						"4.0": [0, 0, 0]
					}
				},
				"finger_top_right": {
					"rotation": [0, -10, 0],
					"position": [1, 0, 1]
				},
				"finger_bottom_right": {
					"rotation": [0, -20, 0],
					"position": [1, 0, 1]
				},
				"thumb_right": {
					"rotation": [20, 0, 0],
					"position": [0, -1, -1]
				},
				"neck": {
					"rotation": {
						"0.0": [0, 0, 0],
						"1.0": [-7.5, 0, 0],
						"2.0": [0, 0, 0],
						"3.0": [-7.5, 0, 0],
						"4.0": [0, 0, 0]
					}
				},
				"head": {
					"rotation": {
						"0.0": [0, 0, 0],
						"1.0": [7.5, 0, 0],
						"2.0": [0, 0, 0],
						"3.0": [7.5, 0, 0],
						"4.0": [0, 0, 0]
					},
					"position": {
						"0.0": [0, 0, 0],
						"1.0": [0, 1, 1],
						"2.0": [0, 0, 0],
						"3.0": [0, 1, 1],
						"4.0": [0, 0, 0]
					}
				}
			}
		},
		"animation.spinospecter.ground_walk": {
			"loop": true,
			"animation_length": 2,
			"bones": {
				"torso": {
					"rotation": {
						"0.0": [0, 0, 0],
						"0.5": [-2.5, 0, 0],
						"1.0": [0, 0, 0],
						"1.5": [-2.5, 0, 0],
						"2.0": [0, 0, 0]
					},
					"position": {
						"0.0": [0, 0, 0],
						"0.5": [0, 3, 0],
						"1.0": [0, 0, 0],
						"1.5": [0, 3, 0],
						"2.0": [0, 0, 0]
					}
				},
				"arm_left": {
					"rotation": {
						"0.0": [0, 0, 0],
						"0.5": [15, 0, 0],
						"1.0": [0, 0, 0],
						"1.5": [15, 0, 0],
						"2.0": [0, 0, 0]
					},
					"position": {
						"0.0": [0, 0, 0],
						"0.5": [0, 2, 2],
						"1.0": [0, 0, 0],
						"1.5": [0, 2, 2],
						"2.0": [0, 0, 0]
					}
				},
				"finger_top_left": {
					"rotation": [0, 85, 0],
					"position": [-2, 0, 2]
				},
				"finger_bottom_left": {
					"rotation": [0, 75, 0],
					"position": [-2, 0, 2]
				},
				"thumb_left": {
					"rotation": [20, 0, 0],
					"position": [0, -1, -1]
				},
				"arm_right": {
					"rotation": {
						"0.0": [0, 0, 0],
						"0.5": [15, 0, 0],
						"1.0": [0, 0, 0],
						"1.5": [15, 0, 0],
						"2.0": [0, 0, 0]
					},
					"position": {
						"0.0": [0, 0, 0],
						"0.5": [0, 2, 2],
						"1.0": [0, 0, 0],
						"1.5": [0, 2, 2],
						"2.0": [0, 0, 0]
					}
				},
				"finger_top_right": {
					"rotation": [0, -85, 0],
					"position": [2, 0, 2]
				},
				"finger_bottom_right": {
					"rotation": [0, -75, 0],
					"position": [2, 0, 2]
				},
				"thumb_right": {
					"rotation": [20, 0, 0],
					"position": [0, -1, -1]
				},
				"neck": {
					"rotation": {
						"0.0": [0, 0, 0],
						"0.5": [-7.5, 0, 0],
						"1.0": [0, 0, 0],
						"1.5": [-7.5, 0, 0],
						"2.0": [0, 0, 0]
					}
				},
				"head": {
					"rotation": {
						"0.0": [-10, 0, 0],
						"0.5": [0, 0, 0],
						"1.0": [-10, 0, 0],
						"1.5": [0, 0, 0],
						"2.0": [-10, 0, 0]
					}
				},
				"leg_right": {
					"rotation": {
						"0.0": [15, 0, 0],
						"1.0": [-15, 0, 0],
						"2.0": [15, 0, 0]
					},
					"position": {
						"0.0": [0, 3, 5],
						"0.5": [0, 9, -5],
						"1.0": [0, 3, -5],
						"2.0": [0, 3, 5]
					}
				},
				"leg_right2": {
					"rotation": {
						"0.0": [-17.5, 0, 0],
						"1.0": [0, 0, 0],
						"2.0": [-17.5, 0, 0]
					}
				},
				"leg_right3": {
					"rotation": [15, 0, 0]
				},
				"foot_right": {
					"rotation": {
						"0.0": [-12.5, 0, 0],
						"1.0": [0, 0, 0],
						"2.0": [-12.5, 0, 0]
					}
				},
				"leg_left": {
					"rotation": {
						"0.0": [-15, 0, 0],
						"1.0": [15, 0, 0],
						"2.0": [-15, 0, 0]
					},
					"position": {
						"0.0": [0, 3, -5],
						"1.0": [0, 3, 5],
						"1.5": [0, 9, -5],
						"2.0": [0, 3, -5]
					}
				},
				"leg_left2": {
					"rotation": {
						"0.0": [0, 0, 0],
						"1.0": [-17.5, 0, 0],
						"2.0": [0, 0, 0]
					}
				},
				"leg_left3": {
					"rotation": {
						"0.0": [15, 0, 0],
						"2.0": [15, 0, 0]
					}
				},
				"foot_left": {
					"rotation": {
						"0.0": [0, 0, 0],
						"1.0": [-12.5, 0, 0],
						"2.0": [0, 0, 0]
					}
				}
			}
		},
		"animation.spinospecter.battle_idle": {
			"loop": true,
			"animation_length": 2,
			"bones": {
				"torso": {
					"rotation": {
						"0.0": [7.5, 0, 0],
						"1.0": [-5, 0, 0],
						"2.0": [7.5, 0, 0]
					},
					"position": {
						"0.0": [0, -2, -4],
						"1.0": [0, -2, -1],
						"2.0": [0, -2, -4]
					}
				},
				"tail": {
					"rotation": {
						"0.0": [0, 0, 0],
						"1.0": [-5, 0, 0],
						"2.0": [0, 0, 0]
					},
					"position": {
						"0.0": [0, 0, 0],
						"1.0": [0, -1, -1],
						"2.0": [0, 0, 0]
					}
				},
				"tail2": {
					"rotation": {
						"0.0": [0, 0, 0],
						"1.0": [-2.5, 0, 0],
						"2.0": [0, 0, 0]
					},
					"position": {
						"0.0": [0, 0, 0],
						"1.0": [0, -1, -1],
						"2.0": [0, 0, 0]
					}
				},
				"tail3": {
					"rotation": {
						"0.0": [0, 0, 0],
						"1.0": [-5, 0, 0],
						"2.0": [0, 0, 0]
					},
					"position": {
						"0.0": [0, 0, 0],
						"1.0": [0, -1, -1],
						"2.0": [0, 0, 0]
					}
				},
				"tail4": {
					"rotation": {
						"0.0": [0, 0, 0],
						"1.0": [-5, 0, 0],
						"2.0": [0, 0, 0]
					},
					"position": {
						"0.0": [0, 0, 0],
						"1.0": [0, -1, -1],
						"2.0": [0, 0, 0]
					}
				},
				"tail5": {
					"rotation": {
						"0.0": [0, 0, 0],
						"1.0": [-5, 0, 0],
						"2.0": [0, 0, 0]
					},
					"position": {
						"0.0": [0, 0, 0],
						"1.0": [0, -1, -1],
						"2.0": [0, 0, 0]
					}
				},
				"arm_left": {
					"rotation": {
						"0.0": [0, 0, 0],
						"1.0": [15, 0, 0],
						"2.0": [0, 0, 0]
					},
					"position": {
						"0.0": [0, 0, 0],
						"1.0": [0, 2, 3],
						"2.0": [0, 0, 0]
					}
				},
				"finger_top_left": {
					"rotation": [0, 30, 0],
					"position": [-2, 0, 1]
				},
				"finger_bottom_left": {
					"rotation": [0, 40, 0],
					"position": [-2, 0, 1]
				},
				"thumb_left": {
					"rotation": [30, 0, 0],
					"position": [0, -2, -2]
				},
				"arm_right": {
					"rotation": {
						"0.0": [0, 0, 0],
						"1.0": [15, 0, 0],
						"2.0": [0, 0, 0]
					},
					"position": {
						"0.0": [0, 0, 0],
						"1.0": [0, 2, 3],
						"2.0": [0, 0, 0]
					}
				},
				"finger_top_right": {
					"rotation": [0, -30, 0],
					"position": [2, 0, 1]
				},
				"finger_bottom_right": {
					"rotation": [0, -40, 0],
					"position": [2, 0, 1]
				},
				"thumb_right": {
					"rotation": [30, 0, 0],
					"position": [0, -2, -2]
				},
				"neck": {
					"rotation": {
						"0.0": [2.5, 0, 0],
						"1.0": [-7.5, 0, 0],
						"2.0": [2.5, 0, 0]
					}
				},
				"head": {
					"rotation": {
						"0.0": [-17.5, 0, 0],
						"1.0": [0, 0, 0],
						"2.0": [-17.5, 0, 0]
					}
				},
				"jaw": {
					"rotation": {
						"0.0": [15, 0, 0],
						"1.0": [7.5, 0, 0],
						"2.0": [15, 0, 0]
					}
				}
			}
		},
		"animation.spinospecter.sleep": {
			"loop": true,
			"animation_length": 4,
			"bones": {
				"torso": {
					"position": {
						"0.0": [0, -19, 0],
						"2.0": [0, -18, 0],
						"4.0": [0, -19, 0]
					}
				},
				"tail": {
					"rotation": {
						"0.0": [0, 0, 0],
						"1.0": [-2.5, 0, 0],
						"2.0": [0, 0, 0],
						"3.0": [-2.5, 0, 0],
						"4.0": [0, 0, 0]
					},
					"position": {
						"0.0": [0, 0, 0],
						"1.0": [0, -1, -1],
						"2.0": [0, 0, 0],
						"3.0": [0, -1, -1],
						"4.0": [0, 0, 0]
					}
				},
				"neck": {
					"rotation": [35, 0, 0]
				},
				"head": {
					"rotation": {
						"0.0": [-27.5, 0, 0],
						"2.0": [-32.5, 0, 0],
						"4.0": [-27.5, 0, 0]
					},
					"position": {
						"0.0": [0, -4, 0],
						"4.0": [0, -4, 0]
					}
				},
				"eyelid_left": {
					"position": [0.2, 0, 0]
				},
				"eyelid_right": {
					"position": [-0.2, 0, 0]
				},
				"leg_right": {
					"rotation": [-35, 0, 0],
					"position": [0, -4, -5]
				},
				"leg_right2": {
					"rotation": [30, 0, 0],
					"position": [0, 3, 4]
				},
				"foot_right": {
					"rotation": [2.45392, -1.08089, -4.8821],
					"position": [0, -1, 1]
				},
				"leg_left": {
					"rotation": [-35, 0, 0],
					"position": [0, -4, -5]
				},
				"leg_left2": {
					"rotation": [30, 0, 0],
					"position": [0, 3, 4]
				},
				"foot_left": {
					"rotation": [2.45392, -1.08089, 4.88206],
					"position": [0, -1, 1]
				}
			}
		},
		"animation.spinospecter.blink": {
			"animation_length": 0.1667,
			"bones": {
				"eyelid_left": {
					"position": {
						"0.0": [0.2, 0, 0],
						"0.125": [0.2, 0, 0],
						"0.1667": [0, 0, 0]
					}
				},
				"eyelid_right": {
					"position": {
						"0.0": [-0.2, 0, 0],
						"0.125": [-0.2, 0, 0],
						"0.1667": [0, 0, 0]
					}
				}
			}
		},
		"animation.spinospecter.cry": {
			"loop": true
		},
		"animation.spinospecter.walkspeedtest": {
			"loop": true,
			"bones": {
				"spinospecter": {
					"position": [0, 0, "-q.anim_time*90*0.255"]
				},
				"finger_top_right": {
					"position": [0, 0, 0]
				}
			}
		},
		"animation.spinospecter.water_idle": {
			"loop": true,
			"animation_length": 4,
			"bones": {
				"torso": {
					"rotation": {
						"0.0": [0, 0, 0],
						"1.0": [-2.5, 0, 0],
						"2.0": [0, 0, 0],
						"3.0": [-2.5, 0, 0],
						"4.0": [0, 0, 0]
					},
					"position": {
						"0.0": [0, 0, 0],
						"2.0": [0, 0, 0],
						"4.0": [0, 0, 0]
					}
				},
				"tail": {
					"rotation": {
						"0.0": [0, 0, 0],
						"1.0": [-2.5, 0, 0],
						"2.0": [0, 0, 0],
						"3.0": [-2.5, 0, 0],
						"4.0": [0, 0, 0]
					},
					"position": {
						"0.0": [0, 0, 0],
						"1.0": [0, -1, -1],
						"2.0": [0, 0, 0],
						"3.0": [0, -1, -1],
						"4.0": [0, 0, 0]
					}
				},
				"tail2": {
					"rotation": {
						"0.0": [0, 0, 0],
						"1.0": [-2.5, 0, 0],
						"2.0": [0, 0, 0],
						"3.0": [-2.5, 0, 0],
						"4.0": [0, 0, 0]
					},
					"position": {
						"0.0": [0, 0, 0],
						"1.0": [0, -1, -1],
						"2.0": [0, 0, 0],
						"3.0": [0, -1, -1],
						"4.0": [0, 0, 0]
					}
				},
				"tail3": {
					"rotation": {
						"0.0": [0, 0, 0],
						"1.0": [-2.5, 0, 0],
						"2.0": [0, 0, 0],
						"3.0": [-2.5, 0, 0],
						"4.0": [0, 0, 0]
					},
					"position": {
						"0.0": [0, 0, 0],
						"1.0": [0, -1, -1],
						"2.0": [0, 0, 0],
						"3.0": [0, -1, -1],
						"4.0": [0, 0, 0]
					}
				},
				"tail4": {
					"rotation": {
						"0.0": [0, 0, 0],
						"1.0": [-2.5, 0, 0],
						"2.0": [0, 0, 0],
						"3.0": [-2.5, 0, 0],
						"4.0": [0, 0, 0]
					},
					"position": {
						"0.0": [0, 0, 0],
						"1.0": [0, -1, -1],
						"2.0": [0, 0, 0],
						"3.0": [0, -1, -1],
						"4.0": [0, 0, 0]
					}
				},
				"tail5": {
					"rotation": {
						"0.0": [0, 0, 0],
						"1.0": [-2.5, 0, 0],
						"2.0": [0, 0, 0],
						"3.0": [-2.5, 0, 0],
						"4.0": [0, 0, 0]
					},
					"position": {
						"0.0": [0, 0, 0],
						"1.0": [0, -1, -1],
						"2.0": [0, 0, 0],
						"3.0": [0, -1, -1],
						"4.0": [0, 0, 0]
					}
				},
				"arm_left": {
					"rotation": {
						"0.0": [45, 0, 0],
						"1.0": [40, 0, 0],
						"2.0": [45, 0, 0],
						"3.0": [40, 0, 0],
						"4.0": [45, 0, 0]
					},
					"position": {
						"0.0": [0, 6, 5],
						"2.0": [0, 6, 5],
						"4.0": [0, 6, 5]
					}
				},
				"arm_left2": {
					"rotation": [90, 0, 0],
					"position": [0, -11, 11]
				},
				"arm_right": {
					"rotation": {
						"0.0": [45, 0, 0],
						"1.0": [40, 0, 0],
						"2.0": [45, 0, 0],
						"3.0": [40, 0, 0],
						"4.0": [45, 0, 0]
					},
					"position": {
						"0.0": [0, 6, 5],
						"2.0": [0, 6, 5],
						"4.0": [0, 6, 5]
					}
				},
				"arm_right2": {
					"rotation": [90, 0, 0],
					"position": [0, -11, 11]
				},
				"neck": {
					"rotation": {
						"0.0": [0, 0, 0],
						"1.0": [-10, 0, 0],
						"2.0": [0, 0, 0],
						"3.0": [-10, 0, 0],
						"4.0": [0, 0, 0]
					}
				},
				"head": {
					"rotation": {
						"0.0": [0, 0, 0],
						"1.0": [7.5, 0, 0],
						"2.0": [0, 0, 0],
						"3.0": [7.5, 0, 0],
						"4.0": [0, 0, 0]
					}
				},
				"leg_right": {
					"rotation": {
						"0.0": [41.28902, -27.92538, -11.13883],
						"1.0": [36.28902, -27.92538, -11.13883],
						"2.0": [41.28902, -27.92538, -11.13883],
						"3.0": [36.28902, -27.92538, -11.13883],
						"4.0": [41.28902, -27.92538, -11.13883]
					},
					"position": {
						"0.0": [0, 0, 12],
						"1.0": [0, 2, 10],
						"2.0": [0, 0, 12],
						"3.0": [0, 2, 10],
						"4.0": [0, 0, 12]
					}
				},
				"leg_right2": {
					"rotation": [0.02647, 4.96264, 5.61088]
				},
				"foot_right": {
					"rotation": [27.5, 0, 0],
					"position": [0, -3, 2]
				},
				"leg_left": {
					"rotation": {
						"0.0": [53.04191, 21.94558, 12.20623],
						"1.0": [43.04191, 21.94558, 12.20623],
						"2.0": [53.04191, 21.94558, 12.20623],
						"3.0": [43.04191, 21.94558, 12.20623],
						"4.0": [53.04191, 21.94558, 12.20623]
					},
					"position": {
						"0.0": [0, 0, 12],
						"1.0": [0, 2, 10],
						"2.0": [0, 0, 12],
						"3.0": [0, 2, 10],
						"4.0": [0, 0, 12]
					}
				},
				"leg_left2": {
					"rotation": [0, 0, -10]
				},
				"foot_left": {
					"rotation": [27.5, 0, 0],
					"position": [0, -3, 2]
				}
			}
		},
		"animation.spinospecter.water_swim": {
			"loop": true,
			"animation_length": 4,
			"bones": {
				"torso": {
					"rotation": {
						"0.0": [0, 0, 0],
						"1.0": [-2.5, 0, 0],
						"2.0": [0, 0, 0],
						"3.0": [-2.5, 0, 0],
						"4.0": [0, 0, 0]
					},
					"position": {
						"0.0": [0, 0, 0],
						"2.0": [0, 0, 0],
						"4.0": [0, 0, 0]
					}
				},
				"tail": {
					"rotation": {
						"0.0": [0, 0, 0],
						"1.0": [0, -15, 0],
						"2.0": [0, 0, 0],
						"3.0": [0, 15, 0],
						"4.0": [0, 0, 0]
					},
					"position": {
						"0.0": [0, 0, 0],
						"1.0": [-3, 0, -3],
						"2.0": [0, 0, 0],
						"3.0": [3, 0, -3],
						"4.0": [0, 0, 0]
					}
				},
				"tail2": {
					"rotation": {
						"0.0": [0, 0, 0],
						"1.0": [0, -15, 0],
						"2.0": [0, 0, 0],
						"3.0": [0, 15, 0],
						"4.0": [0, 0, 0]
					},
					"position": {
						"0.0": [0, 0, 0],
						"1.0": [-3, 0, -3],
						"2.0": [0, 0, 0],
						"3.0": [3, 0, -3],
						"4.0": [0, 0, 0]
					}
				},
				"tail3": {
					"rotation": {
						"0.0": [0, 0, 0],
						"1.0": [0, -15, 0],
						"2.0": [0, 0, 0],
						"3.0": [0, 15, 0],
						"4.0": [0, 0, 0]
					},
					"position": {
						"0.0": [0, 0, 0],
						"1.0": [-3, 0, -3],
						"2.0": [0, 0, 0],
						"3.0": [3, 0, -3],
						"4.0": [0, 0, 0]
					}
				},
				"tail4": {
					"rotation": {
						"0.0": [0, 0, 0],
						"1.0": [0, -15, 0],
						"2.0": [0, 0, 0],
						"3.0": [0, 15, 0],
						"4.0": [0, 0, 0]
					},
					"position": {
						"0.0": [0, 0, 0],
						"1.0": [-3, 0, -3],
						"2.0": [0, 0, 0],
						"3.0": [3, 0, -3],
						"4.0": [0, 0, 0]
					}
				},
				"tail5": {
					"rotation": {
						"0.0": [0, 0, 0],
						"1.0": [0, -15, 0],
						"2.0": [0, 0, 0],
						"3.0": [0, 15, 0],
						"4.0": [0, 0, 0]
					},
					"position": {
						"0.0": [0, 0, 0],
						"1.0": [-3, 0, -3],
						"2.0": [0, 0, 0],
						"3.0": [3, 0, -3],
						"4.0": [0, 0, 0]
					}
				},
				"arm_left": {
					"rotation": {
						"0.0": [45, 0, 0],
						"1.0": [40, 0, 0],
						"2.0": [45, 0, 0],
						"3.0": [40, 0, 0],
						"4.0": [45, 0, 0]
					},
					"position": {
						"0.0": [0, 6, 5],
						"2.0": [0, 6, 5],
						"4.0": [0, 6, 5]
					}
				},
				"arm_left2": {
					"rotation": [90, 0, 0],
					"position": [0, -11, 11]
				},
				"arm_right": {
					"rotation": {
						"0.0": [45, 0, 0],
						"1.0": [40, 0, 0],
						"2.0": [45, 0, 0],
						"3.0": [40, 0, 0],
						"4.0": [45, 0, 0]
					},
					"position": {
						"0.0": [0, 6, 5],
						"2.0": [0, 6, 5],
						"4.0": [0, 6, 5]
					}
				},
				"arm_right2": {
					"rotation": [90, 0, 0],
					"position": [0, -11, 11]
				},
				"neck": {
					"rotation": {
						"0.0": [0, 0, 0],
						"1.0": [-10, 0, 0],
						"2.0": [0, 0, 0],
						"3.0": [-10, 0, 0],
						"4.0": [0, 0, 0]
					}
				},
				"head": {
					"rotation": {
						"0.0": [0, 0, 0],
						"1.0": [7.5, 0, 0],
						"2.0": [0, 0, 0],
						"3.0": [7.5, 0, 0],
						"4.0": [0, 0, 0]
					}
				},
				"leg_right": {
					"rotation": {
						"0.0": [41.28902, -27.92538, -11.13883],
						"1.0": [36.28902, -27.92538, -11.13883],
						"2.0": [41.28902, -27.92538, -11.13883],
						"3.0": [36.28902, -27.92538, -11.13883],
						"4.0": [41.28902, -27.92538, -11.13883]
					},
					"position": {
						"0.0": [0, 0, 12],
						"1.0": [0, 2, 10],
						"2.0": [0, 0, 12],
						"3.0": [0, 2, 10],
						"4.0": [0, 0, 12]
					}
				},
				"leg_right2": {
					"rotation": [0.02647, 4.96264, 5.61088]
				},
				"foot_right": {
					"rotation": {
						"0.0": [27.5, 0, 0],
						"1.0": [45, 0, 0],
						"2.0": [27.5, 0, 0],
						"3.0": [45, 0, 0],
						"4.0": [27.5, 0, 0]
					},
					"position": {
						"0.0": [0, -3, 2],
						"1.0": [0, -4, 4],
						"2.0": [0, -3, 2],
						"3.0": [0, -4, 4],
						"4.0": [0, -3, 2]
					}
				},
				"leg_left": {
					"rotation": {
						"0.0": [53.04191, 21.94558, 12.20623],
						"1.0": [43.04191, 21.94558, 12.20623],
						"2.0": [53.04191, 21.94558, 12.20623],
						"3.0": [43.04191, 21.94558, 12.20623],
						"4.0": [53.04191, 21.94558, 12.20623]
					},
					"position": {
						"0.0": [0, 0, 12],
						"1.0": [0, 2, 10],
						"2.0": [0, 0, 12],
						"3.0": [0, 2, 10],
						"4.0": [0, 0, 12]
					}
				},
				"leg_left2": {
					"rotation": [0, 0, -10]
				},
				"foot_left": {
					"rotation": {
						"0.0": [27.5, 0, 0],
						"1.0": [45, 0, 0],
						"2.0": [27.5, 0, 0],
						"3.0": [45, 0, 0],
						"4.0": [27.5, 0, 0]
					},
					"position": {
						"0.0": [0, -3, 2],
						"1.0": [0, -4, 4],
						"2.0": [0, -3, 2],
						"3.0": [0, -4, 4],
						"4.0": [0, -3, 2]
					}
				}
			}
		}
	}
}