{
  "portraitScale": 1.41,
  "portraitTranslation": [0.0, 0.16, 0],
  "profileScale": 0.89,
  "profileTranslation": [-0.07, 0.43, 0],
  "poses": {
    "standing": {
      "poseTypes": ["STAND", "NONE", "PORTRAIT", "PROFILE"],
      "animations": [
		"q.look('head_ai')",
        "q.bedrock('pansage', 'ground_idle')"
      ],
      "quirks": [
        "q.bedrock_quirk('pansage', 'blink')"
      ]
    },
    "walking": {
      "poseTypes": ["WALK"],
      "animations": [
        "q.bedrock('pansage', 'ground_idle')",
        "q.biped_walk(0.56, 0.5, 'leg_left', 'leg_right')",
        "q.bimanual_swing(0.66, 0.6, 'arm_left', 'arm_right')"
      ],
      "quirks": ["q.bedrock_quirk('pansage', 'blink')"]
    }
  }
 }