{
	"format_version": "1.12.0",
	"minecraft:geometry": [
		{
			"description": {
				"identifier": "geometry.almantula",
				"texture_width": 200,
				"texture_height": 200,
				"visible_bounds_width": 5,
				"visible_bounds_height": 5.5,
				"visible_bounds_offset": [0, 2.25, 0]
			},
			"bones": [
				{
					"name": "almantula",
					"pivot": [0, 0, 0]
				},
				{
					"name": "bone",
					"parent": "almantula",
					"pivot": [0, 11, 0]
				},
				{
					"name": "body",
					"parent": "bone",
					"pivot": [0, 11, 0],
					"cubes": [
						{"origin": [-12, 11, -12], "size": [24, 24, 24], "uv": [0, 0]}
					]
				},
				{
					"name": "bone2",
					"parent": "body",
					"pivot": [0, 31, 9],
					"cubes": [
						{"origin": [-17, 65, -5], "size": [34, 0, 28], "uv": [47, 77]},
						{"origin": [-17, 31, -5], "size": [34, 0, 28], "uv": [77, 116]},
						{"origin": [-17, 31, -5], "size": [0, 34, 28], "uv": [31, 121]},
						{"origin": [17, 31, -7], "size": [0, 34, 28], "uv": [122, 123]}
					]
				},
				{
					"name": "neck",
					"parent": "body",
					"pivot": [0, 26.5, -11],
					"cubes": [
						{"origin": [-4, 26, -15], "size": [8, 21, 8], "uv": [113, 16]}
					]
				},
				{
					"name": "head",
					"parent": "neck",
					"pivot": [0, 47, -11],
					"cubes": [
						{"origin": [-5, 47, -16], "size": [10, 10, 10], "uv": [4, 53]}
					]
				},
				{
					"name": "bone3",
					"parent": "head",
					"pivot": [4, 56, -11],
					"rotation": [0, 0, 32.5],
					"cubes": [
						{"origin": [3, 56, -12], "size": [2, 6, 2], "uv": [161, 12], "mirror": true}
					]
				},
				{
					"name": "bone4",
					"parent": "head",
					"pivot": [-4, 56, -11],
					"rotation": [0, 0, -32.5],
					"cubes": [
						{"origin": [-5, 56, -12], "size": [2, 6, 2], "uv": [161, 12]}
					]
				},
				{
					"name": "leg",
					"parent": "bone",
					"pivot": [11.5, 15, -7],
					"rotation": [0, 45, 0],
					"cubes": [
						{"origin": [7, 0, -7], "size": [21, 18, 0], "uv": [154, 53]}
					]
				},
				{
					"name": "leg5",
					"parent": "bone",
					"pivot": [11.5, 15, 0],
					"cubes": [
						{"origin": [7, 0, 0], "size": [21, 18, 0], "uv": [154, 53]}
					]
				},
				{
					"name": "leg3",
					"parent": "bone",
					"pivot": [11.5, 15, 7],
					"rotation": [0, -45, 0],
					"cubes": [
						{"origin": [7, 0, 7], "size": [21, 18, 0], "uv": [154, 53]}
					]
				},
				{
					"name": "leg4",
					"parent": "bone",
					"pivot": [-11.5, 15, -7],
					"rotation": [0, -45, 0],
					"cubes": [
						{"origin": [-28, 0, -7], "size": [21, 18, 0], "uv": [154, 53], "mirror": true}
					]
				},
				{
					"name": "leg2",
					"parent": "bone",
					"pivot": [-11.5, 15, 0],
					"cubes": [
						{"origin": [-28, 0, 0], "size": [21, 18, 0], "uv": [154, 53], "mirror": true}
					]
				},
				{
					"name": "leg6",
					"parent": "bone",
					"pivot": [-11.5, 15, 7],
					"rotation": [0, 45, 0],
					"cubes": [
						{"origin": [-28, 0, 7], "size": [21, 18, 0], "uv": [154, 53], "mirror": true}
					]
				}
			]
		}
	]
}