{
    "processors": [
        {
            "processor_type": "minecraft:rule",
            "rules": [
                {
                    "block_entity_modifier": {
                        "type": "minecraft:append_loot",
                        "loot_table": "lively:fossils/common/prehistoric_coral_pool"
                    },
                    "input_predicate": {
                        "block": "minecraft:sand",
                        "predicate_type": "minecraft:random_block_match",
                        "probability": 0.25
                    },
                    "location_predicate": {
                        "predicate_type": "minecraft:always_true"
                    },
                    "output_state": {
                        "Name": "minecraft:suspicious_sand"
                    }
                },
                {
                    "input_predicate": {
                        "block": "minecraft:sand",
                        "predicate_type": "minecraft:random_block_match",
                        "probability": 0.3
                    },
                    "location_predicate": {
                        "predicate_type": "minecraft:always_true"
                    },
                    "output_state": {
                        "Name": "minecraft:tuff"
                    }
                }
            ]
        },
        {
            "delegate": {
                "processor_type": "minecraft:rule",
                "rules": [
                    {
                        "block_entity_modifier": {
                            "type": "minecraft:append_loot",
                            "loot_table": "lively:fossils/uncommon/prehistoric_coral_pool"
                        },
                        "input_predicate": {
                            "block": "minecraft:suspicious_sand",
                            "predicate_type": "minecraft:random_block_match",
                            "probability": 0.15
                        },
                        "location_predicate": {
                            "predicate_type": "minecraft:always_true"
                        },
                        "output_state": {
                            "Name": "minecraft:suspicious_sand"
                        }
                    }
                ]
            },
            "limit": 5,
            "processor_type": "minecraft:capped"
        },
        {
            "delegate": {
                "processor_type": "minecraft:rule",
                "rules": [
                    {
                        "block_entity_modifier": {
                            "type": "minecraft:append_loot",
                            "loot_table": "lively:fossils/reef_fossil"
                        },
                        "input_predicate": {
                            "block": "minecraft:suspicious_sand",
                            "predicate_type": "minecraft:random_block_match",
                            "probability": 1.0
                        },
                        "location_predicate": {
                            "predicate_type": "minecraft:always_true"
                        },
                        "output_state": {
                            "Name": "minecraft:suspicious_sand"
                        }
                    }
                ]
            },
            "limit": 1,
            "processor_type": "minecraft:capped"
        },
        {
        "processor_type": "gravity",
        "heightmap": "WORLD_SURFACE_WG",
        "offset": -3
        }
    ]
}