{
	"format_version": "1.12.0",
	"minecraft:geometry": [
		{
			"description": {
				"identifier": "geometry.slagva",
				"texture_width": 128,
				"texture_height": 128,
				"visible_bounds_width": 3,
				"visible_bounds_height": 3.5,
				"visible_bounds_offset": [0, 1.25, 0]
			},
			"bones": [
				{
					"name": "slagva",
					"pivot": [0, 0, 0]
				},
				{
					"name": "head",
					"parent": "slagva",
					"pivot": [0, 0, 0],
					"cubes": [
						{"origin": [-4.5, 0, -4.5], "size": [9, 20, 9], "uv": [0, 0]}
					]
				},
				{
					"name": "bone",
					"parent": "head",
					"pivot": [0, 20, 0],
					"cubes": [
						{"origin": [-1.5, 18, -1.5], "size": [3, 7, 3], "uv": [93, 19]},
						{"origin": [-2.5, 25, 0], "size": [5, 5, 0], "uv": [92, 8]}
					]
				},
				{
					"name": "bone2",
					"parent": "slagva",
					"pivot": [0, 0, -6],
					"cubes": [
						{"origin": [-8, 0.1, -6], "size": [16, 0, 16], "uv": [31, 9]}
					]
				}
			]
		}
	]
}