{
	"format_version": "1.12.0",
	"minecraft:geometry": [
		{
			"description": {
				"identifier": "geometry.dissonitten",
				"texture_width": 64,
				"texture_height": 64,
				"visible_bounds_width": 4,
				"visible_bounds_height": 2.5,
				"visible_bounds_offset": [0, 0.75, 0]
			},
			"bones": [
				{
					"name": "everything",
					"pivot": [0, 0, 0]
				},
				{
					"name": "head",
					"parent": "everything",
					"pivot": [0, 5.6, -1],
					"cubes": [
						{"origin": [-4, 1, -9], "size": [8, 8, 8], "uv": [0, 17]}
					]
				},
				{
					"name": "ears",
					"parent": "head",
					"pivot": [0, 8, -7]
				},
				{
					"name": "leftear",
					"parent": "ears",
					"pivot": [3, 9.1, -4.9],
					"cubes": [
						{"origin": [1, 6, -5], "size": [4, 9, 0], "pivot": [2.75, 9, -4.5], "rotation": [0, 0, 20], "uv": [13, 34]}
					]
				},
				{
					"name": "rightear",
					"parent": "ears",
					"pivot": [-3, 9, -5],
					"cubes": [
						{"origin": [-5, 6, -5], "size": [4, 9, 0], "pivot": [-2.75, 9, -4.5], "rotation": [0, 0, -20], "uv": [0, 0]},
						{"origin": [-5, 6, -4.999], "size": [4, 9, 0], "pivot": [-2.75, 9, -4.5], "rotation": [0, 0, -20], "uv": [0, 0]}
					]
				},
				{
					"name": "body",
					"parent": "everything",
					"pivot": [0, -1.4, 0]
				},
				{
					"name": "torso",
					"parent": "body",
					"pivot": [0, 5.6, -1],
					"cubes": [
						{"origin": [-3, 2.6, -2], "size": [6, 5, 11], "pivot": [0, 5.1, -1], "rotation": [12.5, 0, 0], "uv": [0, 0]}
					]
				},
				{
					"name": "tail",
					"parent": "torso",
					"pivot": [0, 5.1, -1]
				},
				{
					"name": "segment1",
					"parent": "tail",
					"pivot": [0, 9.1, 8],
					"cubes": [
						{"origin": [0, 8.71225, 7.32596], "size": [0, 1, 3], "inflate": 0.003, "pivot": [0, 9.23343, 8.30638], "rotation": [40, 0, 0], "uv": [22, 39]}
					]
				},
				{
					"name": "segment2",
					"parent": "segment1",
					"pivot": [0, 10.1, 9.7],
					"cubes": [
						{"origin": [0, 9.49415, 9.6282], "size": [0, 1, 3], "pivot": [0, 10.13343, 9.50638], "rotation": [72.5, 0, 0], "uv": [39, 9]}
					]
				},
				{
					"name": "segment3",
					"parent": "segment2",
					"pivot": [0, 12.9, 10.5],
					"cubes": [
						{"origin": [0, 12.47366, 10.50994], "size": [0, 1, 3], "inflate": 0.003, "pivot": [0, 12.99946, 10.52901], "rotation": [60, 0, 0], "uv": [35, 12]}
					]
				},
				{
					"name": "segment4",
					"parent": "segment3",
					"pivot": [0, 15.4, 11.9],
					"cubes": [
						{"origin": [0, 15.01094, 11.76766], "size": [0, 1, 3], "pivot": [0, 15.56715, 12.09182], "rotation": [32.5, 0, 0], "uv": [35, 7]}
					]
				},
				{
					"name": "segment5",
					"parent": "segment4",
					"pivot": [0, 16.9, 14.2],
					"cubes": [
						{"origin": [0, 16.43964, 14.17014], "size": [0, 1, 3], "inflate": 0.003, "pivot": [0, 16.96341, 14.34389], "rotation": [10, 0, 0], "uv": [22, 34]}
					]
				},
				{
					"name": "segment6",
					"parent": "segment5",
					"pivot": [0, 17.4, 17],
					"cubes": [
						{"origin": [0, 16.92773, 17.02048], "size": [0, 1, 3], "pivot": [0, 17.49124, 17.10854], "rotation": [-2.5, 0, 0], "uv": [0, 17]}
					]
				},
				{
					"name": "bulb",
					"parent": "segment6",
					"pivot": [0, 17.4, 19],
					"cubes": [
						{"origin": [-1.5, 15.92773, 19.02048], "size": [3, 3, 3], "pivot": [0, 17.49124, 17.10854], "rotation": [-2.5, 0, 0], "uv": [33, 24]},
						{"origin": [0, 16.92773, 22.02048], "size": [0, 1, 1], "pivot": [0, 17.49124, 17.10854], "rotation": [-2.5, 0, 0], "uv": [0, 17]},
						{"origin": [1.5, 16.92773, 20.62048], "size": [1, 1, 0], "pivot": [0, 17.49124, 17.10854], "rotation": [-2.5, 0, 0], "uv": [24, 0]},
						{"origin": [-2.5, 16.92773, 20.62048], "size": [1, 1, 0], "pivot": [0, 17.49124, 17.10854], "rotation": [-2.5, 0, 0], "uv": [3, 22]},
						{"origin": [-0.5, 18.92773, 20.62048], "size": [1, 1, 0], "pivot": [0, 17.49124, 17.10854], "rotation": [-2.5, 0, 0], "uv": [0, 22]},
						{"origin": [-0.5, 14.92773, 20.62048], "size": [1, 1, 0], "pivot": [0, 17.49124, 17.10854], "rotation": [-2.5, 0, 0], "uv": [4, 17]}
					]
				},
				{
					"name": "arms",
					"parent": "body",
					"pivot": [0, -1.4, 0]
				},
				{
					"name": "leftarm",
					"parent": "arms",
					"pivot": [3, 6.6, 1.5],
					"cubes": [
						{"origin": [0.35361, 3.96962, -0.10681], "size": [9, 3, 3], "pivot": [3, 3.85472, 1.30356], "rotation": [13.28223, 20.7082, 42.63888], "uv": [25, 17]}
					]
				},
				{
					"name": "rightarm",
					"parent": "arms",
					"pivot": [-3, 6.6, 1.5],
					"cubes": [
						{"origin": [-10.97444, 4.64255, 0.11103], "size": [9, 3, 3], "pivot": [-3, 5.85472, 2.30356], "rotation": [13.28223, -20.7082, -42.63888], "uv": [24, 0]}
					]
				},
				{
					"name": "legs",
					"parent": "body",
					"pivot": [0, -1.4, 0]
				},
				{
					"name": "leftleg",
					"parent": "legs",
					"pivot": [2, 7.6, 7],
					"cubes": [
						{"origin": [3, -0.4, 7], "size": [3, 9, 3], "pivot": [4.5, 1.6, 7.5], "rotation": [21.77365, 31.00077, -16.73671], "uv": [0, 34]}
					]
				},
				{
					"name": "rightleg",
					"parent": "legs",
					"pivot": [-2, 7.6, 7],
					"cubes": [
						{"origin": [-6, -0.4, 7], "size": [3, 9, 3], "pivot": [-4.5, 1.6, 7.5], "rotation": [21.77365, -31.00077, 16.73671], "uv": [30, 31]}
					]
				}
			]
		}
	]
}