{
	"format_version": "1.8.0",
	"animations": {
		"animation.blazheep.blink": {
			"animation_length": 0.16,
			"bones": {
				"left_eye": {
					"rotation": {
						"0.0": [0, 180, 0],
						"0.16": {"pre": [0, 180, 0], "post": [0, 0, 0]}
					},
					"position": {
						"0.0": [0.02, 0, 0],
						"0.16": {"pre": [0.02, 0, 0], "post": [0, 0, 0]}
					}
				},
				"right_eye": {
					"rotation": {
						"0.0": [0, 180, 0],
						"0.16": {"pre": [0, 180, 0], "post": [0, 0, 0]}
					},
					"position": {
						"0.0": [-0.02, 0, 0],
						"0.16": {"pre": [-0.02, 0, 0], "post": [0, 0, 0]}
					}
				}
			}
		},
		"animation.blazheep.ground_idle": {
			"loop": true,
			"bones": {
				"body": {
					"position": [0, "0+math.sin(q.anim_time*90*1)*0.09", 0]
				},
				"head": {
					"position": [0, "0+math.sin(q.anim_time*90*1)*0.09", 0]
				},
				"left_ear": {
					"rotation": [0, 0, "25+math.sin(q.anim_time*90*1)*5"]
				},
				"right_ear": {
					"rotation": [0, 0, "-25-math.sin(q.anim_time*90*1)*5"]
				}
			}
		},
		"animation.blazheep.ground_walk": {
			"loop": true,
			"bones": {
				"body": {
					"rotation": [0, 0, "0-math.cos(q.anim_time*90*2)*5"],
					"position": [0, "0+math.sin(q.anim_time*90*2)*0.2", 0]
				},
				"head": {
					"position": [0, "0+math.cos(q.anim_time*90*2)*0.25", 0]
				},
				"left_ear": {
					"rotation": [0, 0, "25+math.sin(q.anim_time*90*2)*7"]
				},
				"right_ear": {
					"rotation": [0, 0, "-25-math.sin(q.anim_time*90*2)*7"]
				},
				"front_left_leg": {
					"position": [0, "0+math.clamp((math.cos(q.anim_time*90*2)*1), 0, 1)", "0-math.sin(q.anim_time*90*2)*0.5"]
				},
				"front_right_leg": {
					"position": [0, "0-math.clamp((math.cos(q.anim_time*90*2)*1), -1, 0)", "0+math.sin(q.anim_time*90*2)*0.5"]
				},
				"back_left_leg": {
					"position": [0, "0-math.clamp((math.cos(q.anim_time*90*2)*1), -1, 0)", "0+math.sin(q.anim_time*90*2)*0.5"]
				},
				"back_right_leg": {
					"position": [0, "0+math.clamp((math.cos(q.anim_time*90*2)*1), 0, 1)", "0-math.sin(q.anim_time*90*2)*0.5"]
				}
			}
		}
	}
}