{
  "implemented": true,
  "name": "Marill",
  "nationalPokedexNumber": 183,
  "primaryType": "water",
  "secondaryType": "fairy",
  "abilities": [
    "thickfat",
    "hugepower",
    "h:sapsipper"
  ],
  "baseStats": {
    "hp": 70,
    "attack": 20,
    "defence": 50,
    "special_attack": 20,
    "special_defence": 50,
    "speed": 40
  },
  "catchRate": 190,
  "maleRatio": 0.5,
  "shoulderMountable": false,
  "baseExperienceYield": 88,
  "experienceGroup": "fast",
  "eggCycles": 10,
  "eggGroups": [
    "water_1",
    "fairy"
  ],
  "behaviour": {
    "resting": {
      "canSleep": true,
      "willSleepOnBed": true,
      "depth": "normal",
      "light": "0-4"
    },
    "moving": {
      "walk": {
        "walkSpeed": 0.157
      },
      "swim": {
        "walkSpeed": 0.2,
        "canSwimInWater": true,
        "canBreatheUnderwater": true,
        "canWalkOnWater": true
      }
    }
  },
  "moves": [
    "1:defensecurl",
    "1:helpinghand",
    "1:rollout",
    "1:tackle",
    "1:tailwhip",
    "1:watergun",
    "5:watersport",
    "6:bubblebeam",
    "7:bubble",
    "9:charm",
    "12:slam",
    "15:bounce",
    "19:aquatail",
    "21:playrough",
    "24:aquaring",
    "27:raindance",
    "30:hydropump",
    "33:doubleedge",
    "36:superpower",
    "egg:amnesia",
    "egg:aquajet",
    "egg:bellydrum",
    "egg:bodyslam",
    "egg:camouflage",
    "egg:copycat",
    "egg:futuresight",
    "egg:lightscreen",
    "egg:muddywater",
    "egg:perishsong",
    "egg:present",
    "egg:refresh",
    "egg:sing",
    "egg:soak",
    "egg:substitute",
    "egg:superpower",
    "egg:supersonic",
    "egg:tickle",
    "egg:watersport",
    "tm:alluringvoice",
    "tm:amnesia",
    "tm:attract",
    "tm:blizzard",
    "tm:bodyslam",
    "tm:bounce",
    "tm:brickbreak",
    "tm:brutalswing",
    "tm:bulldoze",
    "tm:captivate",
    "tm:charm",
    "tm:chillingwater",
    "tm:confide",
    "tm:dig",
    "tm:disarmingvoice",
    "tm:dive",
    "tm:doubleedge",
    "tm:doubleteam",
    "tm:drainingkiss",
    "tm:encore",
    "tm:endure",
    "tm:facade",
    "tm:faketears",
    "tm:fling",
    "tm:focuspunch",
    "tm:frustration",
    "tm:futuresight",
    "tm:grassknot",
    "tm:hail",
    "tm:helpinghand",
    "tm:hiddenpower",
    "tm:hydropump",
    "tm:hypervoice",
    "tm:icebeam",
    "tm:icepunch",
    "tm:icespinner",
    "tm:icywind",
    "tm:irontail",
    "tm:knockoff",
    "tm:lightscreen",
    "tm:liquidation",
    "tm:megakick",
    "tm:megapunch",
    "tm:metronome",
    "tm:mistyexplosion",
    "tm:mistyterrain",
    "tm:muddywater",
    "tm:mudshot",
    "tm:mudslap",
    "tm:naturalgift",
    "tm:playrough",
    "tm:poweruppunch",
    "tm:protect",
    "tm:raindance",
    "tm:rest",
    "tm:return",
    "tm:rocksmash",
    "tm:round",
    "tm:scald",
    "tm:secretpower",
    "tm:sleeptalk",
    "tm:snore",
    "tm:snowscape",
    "tm:strength",
    "tm:substitute",
    "tm:superpower",
    "tm:surf",
    "tm:swagger",
    "tm:swift",
    "tm:takedown",
    "tm:terablast",
    "tm:toxic",
    "tm:trailblaze",
    "tm:uproar",
    "tm:waterfall",
    "tm:waterpulse",
    "tm:whirlpool",
    "tm:workup",
    "tutor:amnesia",
    "tutor:aquajet",
    "tutor:aquatail",
    "tutor:attract",
    "tutor:bellydrum",
    "tutor:blizzard",
    "tutor:bodyslam",
    "tutor:bounce",
    "tutor:bubblebeam",
    "tutor:covet",
    "tutor:curse",
    "tutor:defensecurl",
    "tutor:dive",
    "tutor:doubleedge",
    "tutor:doubleteam",
    "tutor:dynamicpunch",
    "tutor:endure",
    "tutor:focuspunch",
    "tutor:foresight",
    "tutor:frustration",
    "tutor:futuresight",
    "tutor:headbutt",
    "tutor:helpinghand",
    "tutor:hiddenpower",
    "tutor:hypervoice",
    "tutor:icepunch",
    "tutor:icywind",
    "tutor:irontail",
    "tutor:knockoff",
    "tutor:lightscreen",
    "tutor:megakick",
    "tutor:megapunch",
    "tutor:mimic",
    "tutor:mistyexplosion",
    "tutor:mudslap",
    "tutor:perishsong",
    "tutor:present",
    "tutor:protect",
    "tutor:raindance",
    "tutor:rest",
    "tutor:return",
    "tutor:rollout",
    "tutor:seismictoss",
    "tutor:sleeptalk",
    "tutor:snore",
    "tutor:steelroller",
    "tutor:substitute",
    "tutor:superpower",
    "tutor:supersonic",
    "tutor:surf",
    "tutor:swagger",
    "tutor:swift",
    "tutor:tackle",
    "tutor:tailwhip",
    "tutor:toxic",
    "tutor:waterfall",
    "tutor:watergun",
    "tutor:waterpulse",
    "tutor:whirlpool"
  ],
  "labels": [
    "gen2"
  ],
  "pokedex": [
    "cobblemon.species.marill.desc"
  ],
  "preEvolution": "azurill",
  "evolutions": [
    {
      "id": "marill_azumarill",
      "variant": "level_up",
      "result": "azumarill",
      "consumeHeldItem": false,
      "learnableMoves": [],
      "requirements": [
        {
          "variant": "level",
          "minLevel": 18
        }
      ]
    }
  ],
  "baseScale": 0.6,
  "hitbox": {
    "width": 1,
    "height": 1,
    "fixed": false
  },
  "baseFriendship": 50,
  "evYield": {
    "hp": 2,
    "attack": 0,
    "defence": 0,
    "special_attack": 0,
    "special_defence": 0,
    "speed": 0
  },
  "height": 4,
  "weight": 85,
  "aspects": [],
  "cannotDynamax": false,
  "drops": {
    "amount": 3,
    "entries": [
      {
        "item": "minecraft:kelp",
        "quantityRange": "0-3"
      },
      {
        "item": "cobblemon:kebia_berry",
        "percentage": 5.0
      }
    ]
  }
}
