{
  "implemented": true,
  "name": "carquette",
  "nationalPokedexNumber": 9991,
  "primaryType": "rock",
  "abilities": [
    "pixilate",
    "cutecharm",
    "h:synchronize"
  ],
  "baseStats": {
    "hp": 115,
    "attack": 100,
    "defence": 85,
    "special_attack": 60,
    "special_defence": 110,
    "speed": 30
  },
  "behaviour": {
    "resting": {
      "canSleep": true,
      "depth": "normal",
      "light": "4-15",
      "willSleepOnBed": false
    },
    "moving": {
      "canLook": false,
      "walk": {
        "walkSpeed": 0.15,
        "canWalk": true,
        "avoidsLand": false
      },
      "swim": {
        "swimSpeed": 0.15,
        "canSwimInWater": true,
        "canBreatheUnderwater": false
      },
      "fly": {
        "canFly": false,
        "flySpeedHorizontal": 0.3
      },
      "wanderChance": 50
    }
  },
  "catchRate": 120,
  "maleRatio": 0.5,
  "shoulderMountable": false,
  "baseExperienceYield": 100,
  "eggCycles": 20,
  "eggGroups": [
    "human_like",
    "mineral"
  ],
  "drops": {
    "amount": 1,
    "entries": [
      {
        "item": "minecraft:clay",
        "quantityRange": "1-2",
        "percentage": 75
      },
      {
        "item": "minecraft:stained_hardened_clay",
        "quantityRange": "1-1",
        "percentage": 25
      }
    ]
  },
  "moves": [
    "0:doubleslap",
    "0:sweetkiss",
    "0:tailwhip",
    "4:covet",
    "6:drainingkiss",
    "9:charm",
    "12:rockthrow",
    "15:attract",
    "17:heartstamp",
    "20:bodyslam",
    "23:followme",
    "26:smackdown",
    "30:wish",
    "34:rockslide",
    "38:zenheadbutt",
    "40:lovelykiss",
    "42:tailslap",
    "44:teeterdance",
    "47:playrough",
    "50:headsmash",
    "tm:takedown",
    "tm:charm",
    "tm:protect",
    "tm:lowkick",
    "tm:acrobatics",
    "tm:pounce",
    "tm:facade",
    "tm:rocktomb",
    "tm:drainingkiss",
    "tm:lowsweep",
    "tm:dragontail",
    "tm:endure",
    "tm:sandstorm",
    "tm:brickbreak",
    "tm:bulkup",
    "tm:bodyslam",
    "tm:sleeptalk",
    "tm:rest",
    "tm:rockblast",
    "tm:dazzlinggleam",
    "tm:metronome",
    "tm:stompingtantrum",
    "tm:rockslide",
    "tm:bodypress",
    "tm:skillswap",
    "tm:ironhead",
    "tm:powergem",
    "tm:substitute",
    "tm:irondefense",
    "tm:stealthrock",
    "tm:heavyslam",
    "tm:encore",
    "tm:playrough",
    "tm:calmmind",
    "tm:helpinghand",
    "tm:reversal",
    "tm:stoneedge",
    "tm:focusblast",
    "tm:hyperbeam",
    "tm:gigaimpact",
    "tm:terablast",
    "tm:smackdown",
    "tm:mistyexplosion",
    "tm:meteorbeam",
    "tm:painsplit",
    "tm:psychup",
    "tm:doubleedge",
    "tm:endeavor",
    "tm:tripleaxel",
    "tm:breakingswipe"
  ],
  "labels": [
    "custom"
  ],
  "pokedex": [
    "cobblemon.species.carquette.desc1",
    "cobblemon.species.carquette.desc2"
  ],
  "baseScale": 0.9,
  "hitbox": {
    "width": 1,
    "height": 1,
    "fixed": false
  },
  "baseFriendship": 50,
  "evYield": {
    "hp": 1,
    "attack": 0,
    "defence": 0,
    "special_attack": 0,
    "special_defence": 0,
    "speed": 0
  },
  "height": 11,
  "weight": 1020,
  "evolutions": []
}