{
  "implemented": true,
  "name": "cinderling",
  "nationalPokedexNumber": 9994,
  "primaryType": "steel",
  "secondaryType": "fire",
  "abilities": [
    "sturdy",
    "defiant",
    "h:berserk"
  ],
  "baseStats": {
    "hp": 85,
    "attack": 100,
    "defence": 105,
    "special_attack": 75,
    "special_defence": 65,
    "speed": 70
  },
  "behaviour": {
    "resting": {
      "canSleep": true,
      "depth": "normal",
      "light": "0-4",
      "willSleepOnBed": false
    },
    "moving": {
      "canLook": true,
      "walk": {
        "canWalk": true,
        "avoidsLand": false
      },
      "swim": {
        "swimSpeed": 0.3,
        "canSwimInWater": false,
        "canBreatheUnderwater": false
      },
      "fly": {
        "canFly": false,
        "flySpeedHorizontal": 0.3
      },
      "wanderChance": 50
    }
  },
  "catchRate": 150,
  "maleRatio": 0.5,
  "shoulderMountable": false,
  "baseExperienceYield": 100,
  "eggCycles": 25,
  "eggGroups": [
    "mineral"
  ],
  "drops": {
    "amount": 1,
    "entries": [
      {
        "item": "minecraft:blaze_rod",
        "quantityRange": "1-1",
        "percentage": 100
      },
      {
        "item": "minecraft:iron_chestplate",
        "quantityRange": "1-1",
        "percentage": 15
      }
    ]
  },
  "moves": [
    "1:ember",
    "1:harden",
    "4:metalclaw",
    "7:workup",
    "10:slash",
    "15:flamecharge",
    "19:irondefense",
    "22:reversal",
    "22:endure",
    "25:nightslash",
    "28:ironhead",
    "30:swordsdance",
    "32:firepunch",
    "36:kingsshield",
    "42:flareblitz",
    "50:overheat",
    "34:autotomize",
    "39:sacredsword",
    "54:steelbeam",
    "tm:takedown",
    "tm:protect",
    "tm:lowkick",
    "tm:thief",
    "tm:firespin",
    "tm:facade",
    "tm:aerialace",
    "tm:metalclaw",
    "tm:flamecharge",
    "tm:endure",
    "tm:sunnyday",
    "tm:smartstrike",
    "tm:falseswipe",
    "tm:brickbreak",
    "tm:zenheadbutt",
    "tm:bulkup",
    "tm:airslash",
    "tm:bodyslam",
    "tm:firepunch",
    "tm:sleeptalk",
    "tm:rest",
    "tm:reflect",
    "tm:poisonjab",
    "tm:rockslide",
    "tm:taunt",
    "tm:swordsdance",
    "tm:flashcannon",
    "tm:ironhead",
    "tm:substitute",
    "tm:irondefense",
    "tm:bodypress",
    "tm:drillrun",
    "tm:willowisp",
    "tm:aurasphere",
    "tm:shadowball",
    "tm:heatwave",
    "tm:flamethrower",
    "tm:calmmind",
    "tm:reversal",
    "tm:fireblast",
    "tm:overheat",
    "tm:focusblast",
    "tm:closecombat",
    "tm:solarbeam",
    "tm:steelbeam",
    "tm:gyroball",
    "tm:burningjealousy"
  ],
  "labels": [
    "custom"
  ],
  "pokedex": [
    "cobblemon.species.cinderling.desc1",
    "cobblemon.species.cinderling.desc2"
  ],
  "baseScale": 0.9,
  "hitbox": {
    "width": 0.6,
    "height": 1.2,
    "fixed": false
  },
  "baseFriendship": 50,
  "evYield": {
    "hp": 0,
    "attack": 2,
    "defence": 0,
    "special_attack": 0,
    "special_defence": 0,
    "speed": 0
  },
  "height": 10,
  "weight": 800,
  "evolutions": []
}