{
  "implemented": true,
  "name": "heartree",
  "nationalPokedexNumber": 9990,
  "primaryType": "grass",
  "secondaryType": "ghost",
  "abilities": [
    "naturalcure",
    "regenerator",
    "h:harvest"
  ],
  "baseStats": {
    "hp": 130,
    "attack": 70,
    "defence": 100,
    "special_attack": 70,
    "special_defence": 100,
    "speed": 30
  },
  "behaviour": {
    "resting": {
      "canSleep": true,
      "depth": "normal",
      "light": "0-4",
      "willSleepOnBed": false
    },
    "moving": {
      "canLook": false,
      "walk": {
        "walkSpeed": 0.15,
        "canWalk": true,
        "avoidsLand": false
      },
      "swim": {
        "swimSpeed": 0.15,
        "canSwimInWater": true,
        "canBreatheUnderwater": false
      },
      "fly": {
        "canFly": false,
        "flySpeedHorizontal": 0.3
      },
      "wanderChance": 50
    }
  },
  "catchRate": 120,
  "maleRatio": 0.5,
  "shoulderMountable": false,
  "baseExperienceYield": 100,
  "eggCycles": 20,
  "eggGroups": [
    "grass",
    "amorphous"
  ],
  "drops": {
    "amount": 1,
    "entries": [
      {
        "item": "cobblemon:leftovers",
        "quantityRange": "1-1",
        "percentage": 20
      },
      {
        "item": "minecraft:apple",
        "quantityRange": "1-1",
        "percentage": 100
      }
    ]
  },
  "moves": [
    "1:branchpoke",
    "1:playnice",
    "1:rapidspin",
    "1:spite",
    "5:absorb",
    "7:growth",
    "10:helpinghand",
    "13:megadrain",
    "15:nightshade",
    "18:brutalswing",
    "20:aromatherapy",
    "23:leechseed",
    "26:shadowclaw",
    "29:gigadrain",
    "33:synthesis",
    "36:curse",
    "36:meanlook",
    "39:seedbomb",
    "42:shadowball",
    "46:healingwish",
    "50:powerwhip",
    "tm:charm",
    "tm:faketears",
    "tm:scaryface",
    "tm:protect",
    "tm:confuseray",
    "tm:thief",
    "tm:hex",
    "tm:magicalleaf",
    "tm:nightshade",
    "tm:fling",
    "tm:endure",
    "tm:sunnyday",
    "tm:bulletseed",
    "tm:shadowclaw",
    "tm:foulplay",
    "tm:sleeptalk",
    "tm:rest",
    "tm:seedbomb",
    "tm:dazzlinggleam",
    "tm:grassknot",
    "tm:darkpulse",
    "tm:substitute",
    "tm:gigadrain",
    "tm:shadowball",
    "tm:energyball",
    "tm:helpinghand",
    "tm:pollenpuff",
    "tm:batonpass",
    "tm:grassyterrain",
    "tm:phantomforce",
    "tm:leafstorm",
    "tm:solarbeam",
    "tm:terablast",
    "tm:spite",
    "tm:weatherball",
    "tm:grassyglide",
    "tm:poltergeist",
    "tm:painsplit",
    "tm:psychup",
    "tm:petalblizzard",
    "tm:curse",
    "egg:forestscurse",
    "egg:trickortreat",
    "egg:destinybond",
    "egg:allyswitch"
  ],
  "labels": [
    "custom"
  ],
  "pokedex": [
    "cobblemon.species.heartree.desc1",
    "cobblemon.species.heartree.desc2"
  ],
  "baseScale": 0.9,
  "hitbox": {
    "width": 1,
    "height": 1,
    "fixed": false
  },
  "baseFriendship": 50,
  "evYield": {
    "hp": 2,
    "attack": 0,
    "defence": 0,
    "special_attack": 0,
    "special_defence": 0,
    "speed": 0
  },
  "height": 13,
  "weight": 650,
  "evolutions": []
}