{
  "implemented": true,
  "name": "huwatt",
  "nationalPokedexNumber": 9996,
  "primaryType": "electric",
  "secondaryType": "psychic",
  "abilities": [
    "tangledfeet",
    "static",
    "h:galvanize"
  ],
  "baseStats": {
    "hp": 68,
    "attack": 105,
    "defence": 50,
    "special_attack": 80,
    "special_defence": 75,
    "speed": 122
  },
  "behaviour": {
    "resting": {
      "canSleep": true,
      "depth": "normal",
      "light": "0-3",
      "willSleepOnBed": true
    },
    "moving": {
      "canLook": true,
      "walk": {
        "walkSpeed": 0.25,
        "canWalk": true,
        "avoidsLand": false
      },
      "swim": {
        "swimSpeed": 0.15,
        "canSwimInWater": true,
        "canBreatheUnderwater": false
      },
      "fly": {
        "canFly": false,
        "flySpeedHorizontal": 0.3
      },
      "wanderChance": 50
    }
  },
  "catchRate": 125,
  "maleRatio": 0.5,
  "shoulderMountable": false,
  "baseExperienceYield": 161,
  "eggCycles": 20,
  "eggGroups": [
    "flying",
    "field"
  ],
  "drops": {
    "amount": 1,
    "entries": [
      {
        "item": "minecraft:ender_pearl",
        "quantityRange": "1-2",
        "percentage": 69
      },
      {
        "item": "minecraft:ender_eye",
        "quantityRange": "1-2",
        "percentage": 17
      }
    ]
  },
  "moves": [
    "1:thundershock",
    "1:peck",
    "1:growl",
    "1:quickattack",
    "5:thunderwave",
    "8:doubleteam",
    "11:doublekick",
    "14:confusion",
    "16:workup",
    "17:confuseray",
    "20:electroball",
    "22:headbutt",
    "24:psybeam",
    "27:agility",
    "30:chargebeam",
    "33:pluck",
    "36:thrash",
    "38:zenheadbutt",
    "40:discharge",
    "43:zingzap",
    "47:amnesia",
    "52:axekick",
    "58:extremespeed",
    "65:mindblown",
    "tm:takedown",
    "tm:agility",
    "tm:protect",
    "tm:lowkick",
    "tm:acrobatics",
    "tm:psybeam",
    "tm:confuseray",
    "tm:trailblaze",
    "tm:pounce",
    "tm:chargebeam",
    "tm:facade",
    "tm:swift",
    "tm:flamecharge",
    "tm:lowsweep",
    "tm:endure",
    "tm:voltswitch",
    "tm:raindance",
    "tm:psyshock",
    "tm:dig",
    "tm:zenheadbutt",
    "tm:bodyslam",
    "tm:sleeptalk",
    "tm:electroball",
    "tm:lightscreen",
    "tm:dazzlinggleam",
    "tm:thunderwave",
    "tm:stompingtantrum",
    "tm:rest",
    "tm:imprison",
    "tm:eerieimpulse",
    "tm:substitute",
    "tm:trick",
    "tm:hypervoice",
    "tm:energyball",
    "tm:psychic",
    "tm:thunderbolt",
    "tm:playrough",
    "tm:amnesia",
    "tm:calmmind",
    "tm:electricterrain",
    "tm:thunder",
    "tm:gigaimpact",
    "tm:hyperbeam",
    "tm:overheat",
    "tm:uproar",
    "tm:weatherball",
    "egg:paraboliccharge",
    "egg:roost",
    "tm:roost",
    "egg:charge",
    "egg:teeterdance",
    "egg:agility"
  ],
  "labels": [
    "custom"
  ],
  "pokedex": [
    "cobblemon.species.huwatt.desc1",
    "cobblemon.species.huwatt.desc2"
  ],
  "baseScale": 0.9,
  "hitbox": {
    "width": 0.6,
    "height": 1,
    "fixed": false
  },
  "baseFriendship": 50,
  "evYield": {
    "hp": 0,
    "attack": 0,
    "defence": 0,
    "special_attack": 0,
    "special_defence": 0,
    "speed": 2
  },
  "height": 9,
  "weight": 75,
  "evolutions": []
}