{
  "implemented": true,
  "name": "nagasius",
  "nationalPokedexNumber": 9995,
  "primaryType": "rock",
  "secondaryType": "poison",
  "abilities": [
    "intimidate",
    "poisontouch",
    "h:rockhead"
  ],
  "baseStats": {
    "hp": 92,
    "attack": 108,
    "defence": 115,
    "special_attack": 65,
    "special_defence": 80,
    "speed": 40
  },
  "behaviour": {
    "resting": {
      "canSleep": true,
      "depth": "normal",
      "light": "9-15",
      "willSleepOnBed": true
    },
    "moving": {
      "canLook": true,
      "walk": {
        "walkSpeed": 0.2,
        "canWalk": true,
        "avoidsLand": false
      },
      "swim": {
        "swimSpeed": 0.15,
        "canSwimInWater": true,
        "canBreatheUnderwater": false
      },
      "fly": {
        "canFly": false,
        "flySpeedHorizontal": 0.3
      },
      "wanderChance": 50
    }
  },
  "catchRate": 150,
  "maleRatio": 0.5,
  "shoulderMountable": false,
  "baseExperienceYield": 115,
  "eggCycles": 25,
  "eggGroups": [
    "monster",
    "dragon"
  ],
  "drops": {
    "amount": 1,
    "entries": [
      {
        "item": "minecraft:ghast_tear",
        "quantityRange": "1-1",
        "percentage": 50
      },
      {
        "item": "minecraft:emerald",
        "quantityRange": "1-1",
        "percentage": 19
      }
    ]
  },
  "moves": [
    "0:wrap",
    "0:scaryface",
    "0:tackle",
    "3:poisonsting",
    "7:glare",
    "9:bite",
    "11:poisongas",
    "13:ancientpower",
    "16:headbutt",
    "20:poisonfang",
    "22:screech",
    "24:dragonrage",
    "27:acidspray",
    "29:crunch",
    "32:coil",
    "36:rockslide",
    "40:poisonjab",
    "45:dragontail",
    "50:headsmash",
    "53:dragonrush",
    "tm:takedown",
    "tm:faketears",
    "tm:mudslap",
    "tm:scaryface",
    "tm:protect",
    "tm:firefang",
    "tm:thunderfang",
    "tm:icefang",
    "tm:acidspray",
    "tm:thief",
    "tm:trailblaze",
    "tm:pounce",
    "tm:facade",
    "tm:poisontail",
    "tm:bulldoze",
    "tm:hex",
    "tm:snarl",
    "tm:mudshot",
    "tm:rocktomb",
    "tm:nightshade",
    "tm:dragontail",
    "tm:venoshock",
    "tm:endure",
    "tm:sandstorm",
    "tm:dig",
    "tm:zenheadbutt",
    "tm:foulplay",
    "tm:psychicfangs",
    "tm:bodyslam",
    "tm:sleeptalk",
    "tm:rockblast",
    "tm:poisonjab",
    "tm:stompingtantrum",
    "tm:rest",
    "tm:rockslide",
    "tm:taunt",
    "tm:bodypress",
    "tm:toxicspikes",
    "tm:leechlife",
    "tm:ironhead",
    "tm:gunkshot",
    "tm:substitute",
    "tm:crunch",
    "tm:dragonpulse",
    "tm:stealthrock",
    "tm:earthpower",
    "tm:nastyplot",
    "50:sludgebomb",
    "tm:outrage",
    "tm:hyperbeam",
    "tm:gigaimpact",
    "tm:terablast",
    "tm:roar",
    "tm:haze",
    "tm:toxic",
    "tm:spite",
    "tm:smackdown",
    "tm:superfang",
    "tm:burningjealousy",
    "tm:scaleshot",
    "tutor:gunkshot",
    "tutor:superfang",
    "tutor:irontail",
    "tutor:earthpower",
    "tutor:zenheadbutt",
    "tutor:foulplay",
    "tutor:dragonpulse",
    "tutor:roleplay"
  ],
  "labels": [
    "custom"
  ],
  "pokedex": [
    "cobblemon.species.nagasius.desc1",
    "cobblemon.species.nagasius.desc2"
  ],
  "baseScale": 0.9,
  "hitbox": {
    "width": 0.7,
    "height": 1,
    "fixed": false
  },
  "baseFriendship": 50,
  "evYield": {
    "hp": 0,
    "attack": 1,
    "defence": 1,
    "special_attack": 0,
    "special_defence": 0,
    "speed": 0
  },
  "height": 18,
  "weight": 190,
  "evolutions": []
}