{
  "implemented": true,
  "name": "popora",
  "nationalPokedexNumber": 9998,
  "primaryType": "steel",
  "secondaryType": "ghost",
  "abilities": [
    "aftermath",
    "tintedlens",
    "h:analytic"
  ],
  "baseStats": {
    "hp": 95,
    "attack": 65,
    "defence": 125,
    "special_attack": 90,
    "special_defence": 95,
    "speed": 30
  },
  "behaviour": {
    "resting": {
      "canSleep": true,
      "depth": "normal",
      "light": "4-15",
      "willSleepOnBed": true
    },
    "moving": {
      "canLook": false,
      "walk": {
        "walkSpeed": 0.3,
        "canWalk": true,
        "avoidsLand": false
      },
      "swim": {
        "swimSpeed": 0.15,
        "canSwimInWater": true,
        "canBreatheUnderwater": false
      },
      "fly": {
        "canFly": false,
        "flySpeedHorizontal": 0.3
      },
      "wanderChance": 50
    }
  },
  "catchRate": 150,
  "maleRatio": -1,
  "shoulderMountable": true,
  "baseExperienceYield": 161,
  "eggCycles": 15,
  "eggGroups": [
    "amorphous"
  ],
  "drops": {
    "amount": 1,
    "entries": [
      {
        "item": "minecraft:iron_ingot",
        "quantityRange": "1-2",
        "percentage": 100
      },
      {
        "item": "minecraft:experience_bottle",
        "quantityRange": "1-2",
        "percentage": 50
      }
    ]
  },
  "moves": [
    "1:tackle",
    "1:confusion",
    "4:confuseray",
    "6:shadowsneak",
    "9:payback",
    "12:hypnosis",
    "16:gyroball",
    "18:hex",
    "21:irondefense",
    "23:psybeam",
    "26:reflect",
    "30:metalburst",
    "28:chargebeam",
    "34:calmmind",
    "38:shadowball",
    "41:bodypress",
    "44:flashcannon",
    "48:trickroom",
    "50:energyball",
    "55:steelbeam",
    "tm:protect",
    "tm:psybeam",
    "tm:confuseray",
    "tm:thief",
    "tm:chargebeam",
    "tm:hex",
    "tm:storedpower",
    "tm:nightshade",
    "tm:fling",
    "tm:endure",
    "tm:sunnyday",
    "tm:raindance",
    "tm:sandstorm",
    "tm:psyshock",
    "tm:zenheadbutt",
    "tm:shadowclaw",
    "tm:foulplay",
    "tm:bodyslam",
    "tm:sleeptalk",
    "tm:rest",
    "tm:reflect",
    "tm:lightscreen",
    "tm:dazzlinggleam",
    "tm:thunderwave",
    "tm:stompingtantrum",
    "tm:bodypress",
    "tm:imprison",
    "tm:flashcannon",
    "tm:darkpulse",
    "tm:skillswap",
    "tm:ironhead",
    "tm:substitute",
    "tm:irondefense",
    "tm:willowisp",
    "tm:trick",
    "tm:aurasphere",
    "tm:shadowball",
    "tm:energyball",
    "tm:psychic",
    "tm:thunderbolt",
    "tm:icebeam",
    "tm:calmmind",
    "tm:phantomforce",
    "tm:trickroom",
    "tm:hyperbeam",
    "tm:steelbeam",
    "tm:charge",
    "tm:spite",
    "tm:gyroball"
  ],
  "labels": [
    "custom"
  ],
  "pokedex": [
    "cobblemon.species.popora.desc1",
    "cobblemon.species.popora.desc2"
  ],
  "baseScale": 0.7,
  "hitbox": {
    "width": 0.8,
    "height": 1,
    "fixed": false
  },
  "baseFriendship": 50,
  "evYield": {
    "hp": 0,
    "attack": 0,
    "defence": 1,
    "special_attack": 0,
    "special_defence": 1,
    "speed": 0
  },
  "height": 6,
  "weight": 550,
  "evolutions": []
}