{
  "implemented": true,
  "name": "serabetta",
  "nationalPokedexNumber": 9989,
  "primaryType": "water",
  "secondaryType": "normal",
  "abilities": [
    "serenegrace",
    "soundproof",
    "h:liquidvoice"
  ],
  "baseStats": {
    "hp": 78,
    "attack": 50,
    "defence": 35,
    "special_attack": 110,
    "special_defence": 135,
    "speed": 92
  },
  "behaviour": {
    "resting": {
      "canSleep": true,
      "depth": "normal",
      "light": "0-4",
      "willSleepOnBed": false
    },
    "moving": {
      "canLook": false,
      "walk": {
        "walkSpeed": 0.2,
        "canWalk": true,
        "avoidsLand": true
      },
      "swim": {
        "swimSpeed": 0.2,
        "canSwimInWater": true,
        "canBreatheUnderwater": true
      },
      "fly": {
        "canFly": false,
        "flySpeedHorizontal": 0.3
      },
      "wanderChance": 50
    }
  },
  "catchRate": 120,
  "maleRatio": 0.5,
  "shoulderMountable": false,
  "baseExperienceYield": 100,
  "eggCycles": 20,
  "eggGroups": [
    "water_1",
    "water_2"
  ],
  "drops": {
    "amount": 1,
    "entries": [
      {
        "item": "minecraft:fish",
        "quantityRange": "1-1",
        "percentage": 100
      }
    ]
  },
  "moves": [
    "1:bubble",
    "1:sing",
    "1:charm",
    "5:round",
    "7:disarmingvoice",
    "10:bubblebeam",
    "15:aquaring",
    "18:echoedvoice",
    "21:amnesia",
    "24:waterpulse",
    "28:healbell",
    "32:signalbeam",
    "35:triattack",
    "38:scald",
    "43:hypervoice",
    "48:hydropump",
    "55:perishsong",
    "tm:charm",
    "tm:protect",
    "tm:waterpulse",
    "tm:psybeam",
    "tm:confuseray",
    "tm:disarmingvoice",
    "tm:chillingwater",
    "tm:icywind",
    "tm:drainingkiss",
    "tm:endure",
    "tm:raindance",
    "tm:zenheadbutt",
    "tm:bodyslam",
    "tm:sleeptalk",
    "tm:rest",
    "tm:reflect",
    "tm:lightscreen",
    "tm:waterfall",
    "tm:dazzlinggleam",
    "tm:thunderwave",
    "tm:skillswap",
    "tm:substitute",
    "tm:liquidation",
    "tm:shadowball",
    "tm:hypervoice",
    "tm:energyball",
    "tm:encore",
    "tm:surf",
    "tm:amnesia",
    "tm:calmmind",
    "tm:helpinghand",
    "tm:icebeam",
    "tm:hydropump",
    "tm:blizzard",
    "tm:haze",
    "tm:uproar",
    "tm:flipturn",
    "tm:whirlpool",
    "egg:sparklingaria"
  ],
  "labels": [
    "custom"
  ],
  "pokedex": [
    "cobblemon.species.serabetta.desc1",
    "cobblemon.species.serabetta.desc2"
  ],
  "baseScale": 0.9,
  "hitbox": {
    "width": 1,
    "height": 1,
    "fixed": false
  },
  "baseFriendship": 50,
  "evYield": {
    "hp": 0,
    "attack": 0,
    "defence": 0,
    "special_attack": 0,
    "special_defence": 2,
    "speed": 0
  },
  "height": 9,
  "weight": 190,
  "evolutions": []
}