{
  "implemented": true,
  "name": "slappelin",
  "nationalPokedexNumber": 9992,
  "primaryType": "fairy",
  "secondaryType": "fighting",
  "abilities": [
    "strongjaw",
    "klutz",
    "h:moody"
  ],
  "baseStats": {
    "hp": 91,
    "attack": 111,
    "defence": 69,
    "special_attack": 80,
    "special_defence": 69,
    "speed": 80
  },
  "behaviour": {
    "resting": {
      "canSleep": true,
      "depth": "normal",
      "light": "4-15",
      "willSleepOnBed": false
    },
    "moving": {
      "canLook": false,
      "walk": {
        "walkSpeed": 0.3,
        "canWalk": true,
        "avoidsLand": false
      },
      "swim": {
        "swimSpeed": 0.3,
        "canSwimInWater": true,
        "canBreatheUnderwater": false
      },
      "fly": {
        "canFly": false,
        "flySpeedHorizontal": 0.3
      },
      "wanderChance": 50
    }
  },
  "catchRate": 120,
  "maleRatio": 0.5,
  "shoulderMountable": false,
  "baseExperienceYield": 100,
  "eggCycles": 20,
  "eggGroups": [
    "human_like",
    "fairy"
  ],
  "drops": {
    "amount": 1,
    "entries": [
      {
        "item": "minecraft:sugar",
        "quantityRange": "1-2",
        "percentage": 72
      },
      {
        "item": "minecraft:cake",
        "quantityRange": "1-1",
        "percentage": 26
      }
    ]
  },
  "moves": [
    "1:disarmingvoice",
    "1:pound",
    "4:charm",
    "8:rocksmash",
    "11:workup",
    "14:bite",
    "17:drainingkiss",
    "20:sweetkiss",
    "23:brutalswing",
    "27:brickbreak",
    "31:entrainment",
    "34:crunch",
    "37:playrough",
    "40:trick",
    "44:icehammer",
    "47:bulkup",
    "53:closecombat",
    "50:lovelykiss",
    "tm:charm",
    "tm:faketears",
    "tm:mudslap",
    "tm:protect",
    "tm:firefang",
    "tm:icefang",
    "tm:lowkick",
    "tm:thief",
    "tm:disarmingvoice",
    "tm:facade",
    "tm:snarl",
    "tm:swift",
    "tm:drainingkiss",
    "tm:lowsweep",
    "tm:fling",
    "tm:endure",
    "tm:brickbreak",
    "tm:zenheadbutt",
    "tm:foulplay",
    "tm:psychicfangs",
    "tm:bulkup",
    "tm:drainpunch",
    "tm:dazzlinggleam",
    "tm:metronome",
    "tm:rest",
    "tm:sleeptalk",
    "tm:stompingtantrum",
    "tm:taunt",
    "tm:skillswap",
    "tm:substitute",
    "tm:crunch",
    "tm:trick",
    "tm:psychic",
    "tm:encore",
    "tm:icespinner",
    "tm:playrough",
    "tm:helpinghand",
    "tm:reversal",
    "tm:mistyterrain",
    "tm:nastyplot",
    "tm:focusblast",
    "tm:trickroom",
    "tm:closecombat",
    "tm:knockoff",
    "tm:uproar",
    "tm:lashout",
    "tm:painsplit",
    "tm:curse"
  ],
  "labels": [
    "custom"
  ],
  "pokedex": [
    "cobblemon.species.slappelin.desc1",
    "cobblemon.species.slappelin.desc2"
  ],
  "baseScale": 1.0,
  "hitbox": {
    "width": 0.8,
    "height": 1,
    "fixed": false
  },
  "baseFriendship": 50,
  "evYield": {
    "hp": 0,
    "attack": 1,
    "defence": 0,
    "special_attack": 0,
    "special_defence": 0,
    "speed": 0
  },
  "height": 12,
  "weight": 895,
  "evolutions": []
}