{
	"format_version": "1.12.0",
	"minecraft:geometry": [
		{
			"description": {
				"identifier": "geometry.solarica",
				"texture_width": 128,
				"texture_height": 128,
				"visible_bounds_width": 6,
				"visible_bounds_height": 5.5,
				"visible_bounds_offset": [0, 2.25, 0]
			},
			"bones": [
				{
					"name": "solarica",
					"pivot": [0, 0, 0]
				},
				{
					"name": "body",
					"parent": "solarica",
					"pivot": [0, 0, 0]
				},
				{
					"name": "torso",
					"parent": "body",
					"pivot": [0, 22, 0]
				},
				{
					"name": "waist",
					"parent": "torso",
					"pivot": [0, 21.65, 0.6],
					"cubes": [
						{"origin": [-1, 24.05, -0.15], "size": [2, 3, 2], "uv": [30, 74]},
						{"origin": [-2, 26.8, -0.9], "size": [4, 3, 4], "uv": [16, 66]},
						{"origin": [-3, 20.8, -1.15], "size": [6, 4, 4], "inflate": 0.01, "uv": [0, 50]},
						{"origin": [-3, 24.55, 0.85], "size": [0, 1, 2], "uv": [46, 74]},
						{"origin": [-3, 24.8, 2.85], "size": [1, 1, 0], "uv": [58, 47]},
						{"origin": [3, 24.55, 0.85], "size": [0, 1, 2], "uv": [78, 66]},
						{"origin": [2, 24.8, 2.85], "size": [1, 1, 0], "uv": [58, 48]}
					]
				},
				{
					"name": "chest",
					"parent": "waist",
					"pivot": [0, 29.65, 3.1],
					"rotation": [12.5, 0, 0],
					"cubes": [
						{"origin": [-3.5, 29.65, -1.65], "size": [7, 5, 7], "inflate": 0.01, "uv": [46, 26]},
						{"origin": [-3.5, 34.65, 2.35], "size": [0, 1, 3], "uv": [46, 77]},
						{"origin": [-3.5, 34.4, 5.35], "size": [2, 1, 0], "uv": [20, 80]},
						{"origin": [1.5, 34.4, 5.35], "size": [2, 1, 0], "uv": [16, 80]},
						{"origin": [3.5, 34.65, 2.35], "size": [0, 1, 3], "uv": [52, 77]}
					]
				},
				{
					"name": "neck",
					"parent": "chest",
					"pivot": [0, 34.65, 1.35],
					"rotation": [-12.5, 0, 0],
					"cubes": [
						{"origin": [-1, 34.65, 1.35], "size": [2, 3, 2], "uv": [30, 74]}
					]
				},
				{
					"name": "head",
					"parent": "neck",
					"pivot": [0.5, 38.25, 1.25],
					"cubes": [
						{"origin": [1.5, 39.15, -2.65], "size": [3, 4, 5], "uv": [60, 47]},
						{"origin": [-3.5, 37.15, -1.65], "size": [7, 7, 8], "uv": [46, 8]},
						{"origin": [-4.5, 39.15, -2.65], "size": [3, 4, 5], "uv": [60, 47], "mirror": true}
					]
				},
				{
					"name": "eyelid_left",
					"parent": "head",
					"pivot": [4.5, 37.25, 1.25],
					"cubes": [
						{"origin": [-0.5, 39.15, -0.65], "size": [3, 4, 5], "inflate": 0.1, "uv": [39, 84], "mirror": true}
					]
				},
				{
					"name": "eyelid_right",
					"parent": "head",
					"pivot": [-4.5, 37.25, 1.25],
					"cubes": [
						{"origin": [-2.5, 39.15, -0.65], "size": [3, 4, 5], "inflate": 0.1, "uv": [39, 84]}
					]
				},
				{
					"name": "hair",
					"parent": "head",
					"pivot": [0, 38.25, 1.25],
					"cubes": [
						{"origin": [0, 38.15, -6.65], "size": [0, 21, 23], "pivot": [0.5, 38.25, 1.25], "rotation": [7.5, 0, 0], "uv": [0, 0]}
					]
				},
				{
					"name": "mandible_left",
					"parent": "head",
					"pivot": [2, 37.15, -0.65],
					"rotation": [0, -80, 0],
					"cubes": [
						{"origin": [1, 36.15, -2.65], "size": [2, 2, 2], "uv": [8, 76]}
					]
				},
				{
					"name": "mandible_left2",
					"parent": "mandible_left",
					"pivot": [3, 37.15, -2.65],
					"rotation": [0, 52.5, 0],
					"cubes": [
						{"origin": [1, 36.65, -7.65], "size": [2, 1, 5], "uv": [60, 71]},
						{"origin": [0, 37.15, -6.65], "size": [1, 0, 1], "uv": [16, 79]},
						{"origin": [0, 37.15, -4.65], "size": [1, 0, 1], "uv": [20, 79]}
					]
				},
				{
					"name": "mandible_left3",
					"parent": "mandible_left2",
					"pivot": [3, 37.15, -7.65],
					"rotation": [0, 48.5, 0],
					"cubes": [
						{"origin": [1, 37.15, -9.65], "size": [2, 0, 2], "uv": [76, 12]},
						{"origin": [2, 37.15, -10.65], "size": [1, 0, 1], "uv": [24, 79]}
					]
				},
				{
					"name": "mandible_right",
					"parent": "head",
					"pivot": [-2, 37.15, -0.65],
					"rotation": [0, 80, 0],
					"cubes": [
						{"origin": [-3, 36.15, -2.65], "size": [2, 2, 2], "uv": [76, 8]}
					]
				},
				{
					"name": "mandible_right2",
					"parent": "mandible_right",
					"pivot": [-3, 37.15, -2.65],
					"rotation": [0, -52.5, 0],
					"cubes": [
						{"origin": [-3, 36.65, -7.65], "size": [2, 1, 5], "uv": [16, 73]},
						{"origin": [-1, 37.15, -6.65], "size": [1, 0, 1], "uv": [28, 79]},
						{"origin": [-1, 37.15, -4.65], "size": [1, 0, 1], "uv": [32, 79]}
					]
				},
				{
					"name": "mandible_right3",
					"parent": "mandible_right2",
					"pivot": [-3, 37.15, -7.65],
					"rotation": [0, -48.5, 0],
					"cubes": [
						{"origin": [-3, 37.15, -9.65], "size": [2, 0, 2], "uv": [76, 14]},
						{"origin": [-3, 37.15, -10.65], "size": [1, 0, 1], "uv": [36, 79]}
					]
				},
				{
					"name": "arms",
					"parent": "chest",
					"pivot": [8.5, 32.65, 2.35],
					"rotation": [-12.5, 0, 0]
				},
				{
					"name": "arm_right",
					"parent": "arms",
					"pivot": [-3.5, 32.65, 2.85],
					"cubes": [
						{"origin": [-10.5, 30.65, 0.85], "size": [7, 2, 2], "uv": [32, 70]}
					]
				},
				{
					"name": "arm_right2",
					"parent": "arm_right",
					"pivot": [-10.5, 32.65, 2.85],
					"cubes": [
						{"origin": [-10.5, 30.15, 3.35], "size": [2, 1, 0], "uv": [40, 79]},
						{"origin": [-10.5, 30.15, 2.35], "size": [2, 0, 1], "uv": [76, 64]},
						{"origin": [-10.5, 30.15, 0.35], "size": [2, 0, 1], "uv": [78, 65]},
						{"origin": [-10.5, 30.15, 0.35], "size": [2, 1, 0], "uv": [8, 80]},
						{"origin": [-10.5, 32.15, 0.35], "size": [3, 1, 0], "uv": [74, 37]},
						{"origin": [-10.5, 33.15, 0.35], "size": [4, 0, 1], "uv": [20, 50]},
						{"origin": [-10.5, 33.15, 2.35], "size": [4, 0, 1], "uv": [74, 36]},
						{"origin": [-10.5, 33.15, 1.35], "size": [1, 0, 1], "uv": [12, 80]},
						{"origin": [-10.5, 32.15, 3.35], "size": [3, 1, 0], "uv": [76, 63]},
						{"origin": [-16.5, 30.15, 0.35], "size": [6, 3, 3], "uv": [60, 65]}
					]
				},
				{
					"name": "hand_right",
					"parent": "arm_right2",
					"pivot": [-16.5, 33.15, 3.35],
					"cubes": [
						{"origin": [-20.5, 29.4, -0.15], "size": [4, 4, 4], "uv": [32, 62]}
					]
				},
				{
					"name": "claw_back_right",
					"parent": "hand_right",
					"pivot": [-20.5, 33.15, 1.85],
					"rotation": [0, 22.5, 0],
					"cubes": [
						{"origin": [-23.5, 30.15, 1.85], "size": [3, 3, 2], "uv": [74, 26]}
					]
				},
				{
					"name": "claw_back_right2",
					"parent": "claw_back_right",
					"pivot": [-23.5, 33.15, 2.85],
					"cubes": [
						{"origin": [-25.5, 31.15, 2.35], "size": [2, 2, 1], "uv": [76, 20]}
					]
				},
				{
					"name": "claw_back_right3",
					"parent": "claw_back_right2",
					"pivot": [-25.5, 33.15, 2.85],
					"cubes": [
						{"origin": [-27.5, 31.15, 2.85], "size": [2, 2, 0], "uv": [78, 69]}
					]
				},
				{
					"name": "claw_front_right",
					"parent": "hand_right",
					"pivot": [-20.5, 33.15, 1.85],
					"rotation": [0, -22.5, 0],
					"cubes": [
						{"origin": [-23.5, 30.15, -0.15], "size": [3, 3, 2], "uv": [74, 26]}
					]
				},
				{
					"name": "claw_front_right2",
					"parent": "claw_front_right",
					"pivot": [-23.5, 33.15, 0.85],
					"cubes": [
						{"origin": [-25.5, 31.15, 0.35], "size": [2, 2, 1], "uv": [76, 20]}
					]
				},
				{
					"name": "claw_front_right3",
					"parent": "claw_front_right2",
					"pivot": [-25.5, 33.15, 0.85],
					"cubes": [
						{"origin": [-27.5, 31.15, 0.85], "size": [2, 2, 0], "uv": [78, 69]}
					]
				},
				{
					"name": "arm_left",
					"parent": "arms",
					"pivot": [3.5, 32.65, 2.85],
					"cubes": [
						{"origin": [3.5, 30.65, 0.85], "size": [7, 2, 2], "uv": [32, 70], "mirror": true}
					]
				},
				{
					"name": "arm_left2",
					"parent": "arm_left",
					"pivot": [10.5, 32.65, 2.85],
					"cubes": [
						{"origin": [10.5, 30.15, 0.35], "size": [6, 3, 3], "uv": [60, 65], "mirror": true},
						{"origin": [8.5, 30.15, 0.35], "size": [2, 1, 0], "uv": [8, 80], "mirror": true},
						{"origin": [8.5, 30.15, 0.35], "size": [2, 0, 1], "uv": [78, 65], "mirror": true},
						{"origin": [8.5, 30.15, 2.35], "size": [2, 0, 1], "uv": [76, 64], "mirror": true},
						{"origin": [8.5, 30.15, 3.35], "size": [2, 1, 0], "uv": [40, 79], "mirror": true},
						{"origin": [7.5, 32.15, 3.35], "size": [3, 1, 0], "uv": [76, 63], "mirror": true},
						{"origin": [6.5, 33.15, 2.35], "size": [4, 0, 1], "uv": [74, 36], "mirror": true},
						{"origin": [9.5, 33.15, 1.35], "size": [1, 0, 1], "uv": [12, 80], "mirror": true},
						{"origin": [6.5, 33.15, 0.35], "size": [4, 0, 1], "uv": [20, 50], "mirror": true},
						{"origin": [7.5, 32.15, 0.35], "size": [3, 1, 0], "uv": [74, 37], "mirror": true}
					]
				},
				{
					"name": "hand_left",
					"parent": "arm_left2",
					"pivot": [16.5, 33.15, 3.35],
					"cubes": [
						{"origin": [16.5, 29.4, -0.15], "size": [4, 4, 4], "uv": [32, 62], "mirror": true}
					]
				},
				{
					"name": "claw_back_left",
					"parent": "hand_left",
					"pivot": [20.5, 33.15, 1.85],
					"rotation": [0, -22.5, 0],
					"cubes": [
						{"origin": [20.5, 30.15, 1.85], "size": [3, 3, 2], "uv": [74, 26], "mirror": true}
					]
				},
				{
					"name": "claw_back_left2",
					"parent": "claw_back_left",
					"pivot": [23.5, 33.15, 2.85],
					"cubes": [
						{"origin": [23.5, 31.15, 2.35], "size": [2, 2, 1], "uv": [76, 20], "mirror": true}
					]
				},
				{
					"name": "claw_back_left3",
					"parent": "claw_back_left2",
					"pivot": [25.5, 33.15, 2.85],
					"cubes": [
						{"origin": [25.5, 31.15, 2.85], "size": [2, 2, 0], "uv": [78, 69], "mirror": true}
					]
				},
				{
					"name": "claw_front_left",
					"parent": "hand_left",
					"pivot": [20.5, 33.15, 1.85],
					"rotation": [0, 22.5, 0],
					"cubes": [
						{"origin": [20.5, 30.15, -0.15], "size": [3, 3, 2], "uv": [74, 26], "mirror": true}
					]
				},
				{
					"name": "claw_front_left2",
					"parent": "claw_front_left",
					"pivot": [23.5, 33.15, 0.85],
					"cubes": [
						{"origin": [23.5, 31.15, 0.35], "size": [2, 2, 1], "uv": [76, 20], "mirror": true}
					]
				},
				{
					"name": "claw_front_left3",
					"parent": "claw_front_left2",
					"pivot": [25.5, 33.15, 0.85],
					"cubes": [
						{"origin": [25.5, 31.15, 0.85], "size": [2, 2, 0], "uv": [78, 69], "mirror": true}
					]
				},
				{
					"name": "wing",
					"parent": "chest",
					"pivot": [2.25, 34.05, 5.775],
					"rotation": [-17.5, 0, 37.5],
					"cubes": [
						{"origin": [2.25, 31.05, 5.275], "size": [13, 3, 1], "inflate": 0.02, "uv": [30, 47]}
					]
				},
				{
					"name": "wing2",
					"parent": "wing",
					"pivot": [15.25, 31.05, 5.775],
					"rotation": [0, 0, -65],
					"cubes": [
						{"origin": [15.25, 31.05, 5.275], "size": [28, 3, 1], "inflate": 0.01, "uv": [46, 0]},
						{"origin": [15.25, 31.05, 4.275], "size": [3, 3, 3], "inflate": 0.1, "uv": [41, 9]}
					]
				},
				{
					"name": "wing3",
					"parent": "wing2",
					"pivot": [43.25, 34.05, 6.525],
					"rotation": [0, 0, 62.5],
					"cubes": [
						{"origin": [43.25, 31.05, 5.275], "size": [25, 3, 1], "uv": [46, 4]},
						{"origin": [43.25, 31.05, 4.275], "size": [3, 3, 3], "inflate": 0.1, "uv": [41, 9]}
					]
				},
				{
					"name": "feather6",
					"parent": "wing3",
					"pivot": [68.25, 34.05, 5.775],
					"rotation": [0, 0, 56.5],
					"cubes": [
						{"origin": [68.25, 31.05, 5.775], "size": [15, 3, 0], "uv": [0, 47]}
					]
				},
				{
					"name": "feather5",
					"parent": "wing3",
					"pivot": [56.75, 34.05, 5.775],
					"rotation": [0, 0, 56.5],
					"cubes": [
						{"origin": [56.75, 31.05, 5.775], "size": [17, 3, 0], "uv": [46, 38]}
					]
				},
				{
					"name": "feather4",
					"parent": "wing3",
					"pivot": [44.75, 34.05, 5.775],
					"rotation": [0, 0, 56.5],
					"cubes": [
						{"origin": [45, 31.05, 5.775], "size": [35, 3, 0], "uv": [0, 44]}
					]
				},
				{
					"name": "feather3",
					"parent": "wing2",
					"pivot": [34.75, 31.05, 5.775],
					"rotation": [0, 0, 119],
					"cubes": [
						{"origin": [34.75, 28.05, 5.775], "size": [17, 3, 0], "uv": [46, 41]}
					]
				},
				{
					"name": "feather2",
					"parent": "wing2",
					"pivot": [25.75, 31.05, 5.775],
					"rotation": [0, 0, 119],
					"cubes": [
						{"origin": [25.75, 28.05, 5.775], "size": [20, 3, 0], "uv": [46, 23]}
					]
				},
				{
					"name": "feather",
					"parent": "wing2",
					"pivot": [18.25, 31.05, 5.775],
					"rotation": [0, 0, 119],
					"cubes": [
						{"origin": [16.75, 26.55, 5.775], "size": [9, 3, 0], "uv": [70, 44]}
					]
				},
				{
					"name": "legs",
					"parent": "body",
					"pivot": [0, 0, 0]
				},
				{
					"name": "leg_left",
					"parent": "legs",
					"pivot": [3, 21.65, 0.85],
					"cubes": [
						{"origin": [1.5, 9.75, -0.65], "size": [3, 12, 3], "inflate": -0.1, "uv": [48, 51]}
					]
				},
				{
					"name": "leg_left2",
					"parent": "leg_left",
					"pivot": [3, 10.019, -0.5406],
					"cubes": [
						{"origin": [5, 10, -0.9], "size": [0, 6, 5], "pivot": [5, 10, -0.9], "rotation": [-45, 0, 0], "uv": [50, 66]},
						{"origin": [1, 3, -0.9], "size": [4, 7, 4], "inflate": 0.01, "uv": [0, 58]},
						{"origin": [1, 10, -0.9], "size": [0, 6, 5], "pivot": [1, 10, -0.9], "rotation": [-45, 0, 0], "uv": [50, 66]}
					]
				},
				{
					"name": "foot_left",
					"parent": "leg_left2",
					"pivot": [3, 3, 1],
					"cubes": [
						{"origin": [1, 0, -0.9], "size": [4, 3, 4], "inflate": 0.02, "uv": [0, 69]}
					]
				},
				{
					"name": "claws_front_left",
					"parent": "foot_left",
					"pivot": [3, 3, -0.9],
					"cubes": [
						{"origin": [3, 0, -2.9], "size": [2, 3, 2], "pivot": [3, 0, -0.9], "rotation": [0, -10, 0], "uv": [74, 31]},
						{"origin": [1, 0, -2.9], "size": [2, 3, 2], "pivot": [3, 0, -0.9], "rotation": [0, 10, 0], "uv": [74, 31], "mirror": true}
					]
				},
				{
					"name": "claws_front_left2",
					"parent": "claws_front_left",
					"pivot": [3, 2, -2.6],
					"cubes": [
						{"origin": [3.5, 0, -4.9], "size": [1, 2, 2], "pivot": [3, 0, -0.9], "rotation": [0, -10, 0], "uv": [76, 16]},
						{"origin": [1.5, 0, -4.9], "size": [1, 2, 2], "pivot": [3, 0, -0.9], "rotation": [0, 10, 0], "uv": [74, 76]}
					]
				},
				{
					"name": "claws_front_left3",
					"parent": "claws_front_left2",
					"pivot": [3, 2, -4.6],
					"cubes": [
						{"origin": [4, 0, -6.9], "size": [0, 2, 2], "pivot": [3, 0, -0.9], "rotation": [0, -10, 0], "uv": [16, 58]},
						{"origin": [2, 0, -6.9], "size": [0, 2, 2], "pivot": [3, 0, -0.9], "rotation": [0, 10, 0], "uv": [70, 77]}
					]
				},
				{
					"name": "claws_back_left",
					"parent": "foot_left",
					"pivot": [3, 3, 3.1],
					"cubes": [
						{"origin": [2, 0, -0.9], "size": [2, 3, 2], "pivot": [3, 0, 2.1], "rotation": [0, -180, 0], "uv": [74, 71]}
					]
				},
				{
					"name": "claws_back_left2",
					"parent": "claws_back_left",
					"pivot": [3, 2, 5.1],
					"cubes": [
						{"origin": [2.5, 0, -2.9], "size": [1, 2, 2], "pivot": [3, 0, 2.1], "rotation": [0, -180, 0], "uv": [76, 47]}
					]
				},
				{
					"name": "claws_back_left3",
					"parent": "claws_back_left2",
					"pivot": [3, 2, 7.1],
					"cubes": [
						{"origin": [3, 0, -4.9], "size": [0, 2, 2], "pivot": [3, 0, 2.1], "rotation": [0, -180, 0], "uv": [16, 62]}
					]
				},
				{
					"name": "leg_right",
					"parent": "legs",
					"pivot": [-3, 21.65, 0.85],
					"cubes": [
						{"origin": [-4.5, 9.75, -0.65], "size": [3, 12, 3], "inflate": -0.1, "uv": [20, 51]}
					]
				},
				{
					"name": "leg_right2",
					"parent": "leg_right",
					"pivot": [-3, 10.01904, -0.54061],
					"cubes": [
						{"origin": [-5, 3, -0.9], "size": [4, 7, 4], "inflate": 0.01, "uv": [32, 51]},
						{"origin": [-1, 10, -0.9], "size": [0, 6, 5], "pivot": [-1, 10, -0.9], "rotation": [-45, 0, 0], "uv": [50, 66]},
						{"origin": [-5, 10, -0.9], "size": [0, 6, 5], "pivot": [-5, 10, -0.9], "rotation": [-45, 0, 0], "uv": [50, 66]}
					]
				},
				{
					"name": "foot_right",
					"parent": "leg_right2",
					"pivot": [-3, 3, 1],
					"cubes": [
						{"origin": [-5, 0, -0.9], "size": [4, 3, 4], "inflate": 0.02, "uv": [0, 69], "mirror": true}
					]
				},
				{
					"name": "claws_back_right",
					"parent": "foot_right",
					"pivot": [-3, 3, 3.1],
					"cubes": [
						{"origin": [-4, 0, -0.9], "size": [2, 3, 2], "pivot": [-3, 0, 2.1], "rotation": [0, 180, 0], "uv": [0, 76]}
					]
				},
				{
					"name": "claws_back_right2",
					"parent": "claws_back_right",
					"pivot": [-3, 2, 5.1],
					"cubes": [
						{"origin": [-3.5, 0, -2.9], "size": [1, 2, 2], "pivot": [-3, 0, 2.1], "rotation": [0, 180, 0], "uv": [76, 59]}
					]
				},
				{
					"name": "claws_back_right3",
					"parent": "claws_back_right2",
					"pivot": [-3, 2, 7.1],
					"cubes": [
						{"origin": [-3, 0, -4.9], "size": [0, 2, 2], "pivot": [-3, 0, 2.1], "rotation": [0, 180, 0], "uv": [66, 77]}
					]
				},
				{
					"name": "claws_front_right",
					"parent": "foot_right",
					"pivot": [-3, 3, -0.9],
					"cubes": [
						{"origin": [-5, 0, -2.9], "size": [2, 3, 2], "pivot": [-3, 0, -0.9], "rotation": [0, 10, 0], "uv": [38, 74]},
						{"origin": [-3, 0, -2.9], "size": [2, 3, 2], "pivot": [-3, 0, -0.9], "rotation": [0, -10, 0], "uv": [74, 31]}
					]
				},
				{
					"name": "claws_front_right2",
					"parent": "claws_front_right",
					"pivot": [-3, 2, -2.6],
					"cubes": [
						{"origin": [-4.5, 0, -4.9], "size": [1, 2, 2], "pivot": [-3, 0, -0.9], "rotation": [0, 10, 0], "uv": [76, 55]},
						{"origin": [-2.5, 0, -4.9], "size": [1, 2, 2], "pivot": [-3, 0, -0.9], "rotation": [0, -10, 0], "uv": [76, 51]}
					]
				},
				{
					"name": "claws_front_right3",
					"parent": "claws_front_right2",
					"pivot": [-3, 2, -4.6],
					"cubes": [
						{"origin": [-4, 0, -6.9], "size": [0, 2, 2], "pivot": [-3, 0, -0.9], "rotation": [0, 10, 0], "uv": [58, 77]},
						{"origin": [-2, 0, -6.9], "size": [0, 2, 2], "pivot": [-3, 0, -0.9], "rotation": [0, -10, 0], "uv": [62, 77]}
					]
				}
			]
		}
	]
}