{
	"format_version": "1.8.0",
	"animations": {
		"animation.candaple.ground_idle": {
			"loop": true,
			"animation_length": 2,
			"bones": {
				"bone": {
					"rotation": {
						"0.0": [35, 0, 0],
						"0.52": [39.89743, -2.86544, 4.09918],
						"1.0": [35, 0, 0],
						"1.48": [39.89247, 3.21154, -3.83424],
						"2.0": [35, 0, 0]
					},
					"position": [0, 12, 3]
				},
				"bone4": {
					"rotation": {
						"0.0": [0, 0, 0],
						"0.52": [15, 0, 0],
						"1.0": [0, 0, 0],
						"1.48": [15, 0, 0],
						"2.0": [0, 0, 0]
					}
				},
				"head": {
					"rotation": [-22.5, 0, 0]
				},
				"wing": {
					"rotation": {
						"0.0": [0, 0, 0],
						"0.52": [0, -45, 0],
						"1.0": [0, 0, 0],
						"1.48": [0, -45, 0],
						"2.0": [0, 0, 0]
					}
				},
				"wing2": {
					"rotation": {
						"0.0": [0, 0, 0],
						"0.52": [0, 45, 0],
						"1.0": [0, 0, 0],
						"1.48": [0, 45, 0],
						"2.0": [0, 0, 0]
					}
				},
				"bone5": {
					"rotation": {
						"0.0": [22.5, 0, 0],
						"0.52": [45, 0, 0],
						"1.0": [22.5, 0, 0],
						"1.48": [45, 0, 0],
						"2.0": [22.5, 0, 0]
					}
				},
				"bone7": {
					"rotation": {
						"0.0": [45, 0, 0],
						"0.52": [22.5, 0, 0],
						"1.0": [45, 0, 0],
						"1.48": [22.5, 0, 0],
						"2.0": [45, 0, 0]
					}
				},
				"bone6": {
					"rotation": {
						"0.0": [45, 0, 0],
						"0.52": [22.5, 0, 0],
						"1.0": [45, 0, 0],
						"1.48": [22.5, 0, 0],
						"2.0": [45, 0, 0]
					}
				},
				"bone8": {
					"rotation": {
						"0.0": [22.5, 0, 0],
						"0.52": [45, 0, 0],
						"1.0": [22.5, 0, 0],
						"1.48": [45, 0, 0],
						"2.0": [22.5, 0, 0]
					}
				}
			}
		},
		"animation.candaple.ground_walk": {
			"loop": true,
			"animation_length": 0.8,
			"bones": {
				"bone": {
					"rotation": [45, 0, 0],
					"position": {
						"0.0": [0, 18, 3],
						"0.2": [0, 16, 3],
						"0.4": [0, 18, 3],
						"0.6": [0, 16, 3],
						"0.8": [0, 18, 3]
					}
				},
				"bone4": {
					"rotation": {
						"0.0": [0, 0, 0],
						"0.2": [15, 0, 0],
						"0.4": [0, 0, 0],
						"0.6": [15, 0, 0],
						"0.8": [0, 0, 0]
					}
				},
				"head": {
					"rotation": [-40, 0, 0],
					"position": [0, 0, -1]
				},
				"wing": {
					"rotation": {
						"0.0": [0, 0, 0],
						"0.2": [0, -45, 0],
						"0.4": [0, 0, 0],
						"0.6": [0, -45, 0],
						"0.8": [0, 0, 0]
					}
				},
				"wing2": {
					"rotation": {
						"0.0": [0, 0, 0],
						"0.2": [0, 45, 0],
						"0.4": [0, 0, 0],
						"0.6": [0, 45, 0],
						"0.8": [0, 0, 0]
					}
				},
				"bone5": {
					"rotation": {
						"0.0": [45, 0, 0],
						"0.2": [67.5, 0, 0],
						"0.4": [45, 0, 0],
						"0.6": [67.5, 0, 0],
						"0.8": [45, 0, 0]
					}
				},
				"bone7": {
					"rotation": [45, 0, 0]
				},
				"bone6": {
					"rotation": [45, 0, 0]
				},
				"bone8": {
					"rotation": {
						"0.0": [45, 0, 0],
						"0.2": [67.5, 0, 0],
						"0.4": [45, 0, 0],
						"0.6": [67.5, 0, 0],
						"0.8": [45, 0, 0]
					}
				}
			}
		}
	}
}