{
	"format_version": "1.8.0",
	"animations": {
		"animation.xenoster.ground_idle": {
			"loop": true,
			"bones": {
				"body": {
					"position": [0, "math.sin(q.anim_time*90*2)*0.8", 0]
				},
				"torso": {
					"rotation": ["math.sin(q.anim_time*180*1)*0.2", "math.sin(q.anim_time*180*1)*0.2", "math.sin(q.anim_time*180*1)*0.2"],
					"position": [0, "math.sin(q.anim_time*90*0.5)*0.2", 0]
				},
				"neck": {
					"rotation": ["-2.5+math.sin(q.anim_time*90*0.5)*1", 0, "math.sin(q.anim_time*180*0.5)*1"]
				},
				"neck2": {
					"rotation": ["-2.5+math.sin(q.anim_time*90*0.5-30)*1", 0, 0]
				},
				"neck3": {
					"rotation": ["-2.5+math.sin(q.anim_time*90*0.5-60)*1", 0, 0]
				},
				"neck4": {
					"rotation": ["-2.5+math.sin(q.anim_time*90*0.5-90)*1", 0, 0]
				},
				"head": {
					"rotation": [7.5, 0, 0],
					"position": [0, -0.5, -0.75]
				},
				"ring_top": {
					"rotation": [0, "(q.anim_time*90)*1", 0]
				},
				"drone_top": {
					"rotation": [0, "-(q.anim_time*90)*1", 0],
					"position": [0, "math.sin(q.anim_time*180)*0.25", 0]
				},
				"ring_middle": {
					"rotation": [0, "-(q.anim_time*90)*1", 0]
				},
				"drone_middle": {
					"rotation": [0, "(q.anim_time*90)*1", 0],
					"position": [0, "-math.sin(q.anim_time*180)*0.25", 0]
				},
				"drone_bottom": {
					"rotation": [0, "-(q.anim_time*90)*1", 0],
					"position": [0, "math.sin(q.anim_time*180)*0.25", 0]
				},
				"ring_bottom": {
					"rotation": [0, "(q.anim_time*90)*1", 0]
				},
				"arm_back_left": {
					"rotation": [0, 0, "15+math.sin(q.anim_time*90*2)*2"],
					"position": [-0.25, 0, 0.25]
				},
				"arm_back_left2": {
					"rotation": [0, 0, "-22.5+math.sin(q.anim_time*90*2-30)*2"]
				},
				"arm_back_left3": {
					"rotation": [0, 0, "-22.5+math.sin(q.anim_time*90*2-60)*2"]
				},
				"arm_back_left4": {
					"rotation": [0, 0, "-22.5+math.sin(q.anim_time*90*2-90)*2"]
				},
				"arm_back_left5": {
					"rotation": [0, 0, "-22.5+math.sin(q.anim_time*90*2-120)*2"]
				},
				"arm_back_left6": {
					"rotation": [0, 0, "-22.5+math.sin(q.anim_time*90*2-150)*2"]
				},
				"leg_front_left": {
					"rotation": ["math.sin(q.anim_time*90*2)*2", 0, 0]
				},
				"leg_front_left2": {
					"rotation": ["math.sin(q.anim_time*90*2)*2", 0, 0]
				},
				"leg_front_left3": {
					"rotation": ["math.sin(q.anim_time*90*2)*2", 0, 0]
				},
				"leg_front_left4": {
					"rotation": ["math.sin(q.anim_time*90*2)*2", 0, 0]
				},
				"leg_back_right": {
					"rotation": ["math.sin(q.anim_time*90*2)*2", 0, 0]
				},
				"leg_back_right2": {
					"rotation": ["math.sin(q.anim_time*90*2)*2", 0, 0]
				},
				"leg_back_right3": {
					"rotation": ["math.sin(q.anim_time*90*2)*2", 0, 0]
				},
				"leg_back_right4": {
					"rotation": ["math.sin(q.anim_time*90*2)*2", 0, 0]
				},
				"leg_front_right": {
					"rotation": ["math.sin(q.anim_time*90*2)*2", 0, 0]
				},
				"leg_front_right2": {
					"rotation": ["math.sin(q.anim_time*90*2)*2", 0, 0]
				},
				"leg_front_right3": {
					"rotation": ["math.sin(q.anim_time*90*2)*2", 0, 0]
				},
				"leg_front_right4": {
					"rotation": ["math.sin(q.anim_time*90*2)*2", 0, 0]
				},
				"leg_back_left": {
					"rotation": ["math.sin(q.anim_time*90*2)*2", 0, 0]
				},
				"leg_back_left2": {
					"rotation": ["math.sin(q.anim_time*90*2)*2", 0, 0]
				},
				"leg_back_left3": {
					"rotation": ["math.sin(q.anim_time*90*2)*2", 0, 0]
				},
				"leg_back_left4": {
					"rotation": ["math.sin(q.anim_time*90*2)*2", 0, 0]
				},
				"arm_back_right": {
					"rotation": [0, 0, "-15-math.sin(q.anim_time*90*2)*2"],
					"position": [0.25, 0, 0.25]
				},
				"arm_back_right2": {
					"rotation": [0, 0, "22.5-math.sin(q.anim_time*90*2-30)*2"]
				},
				"arm_back_right3": {
					"rotation": [0, 0, "22.5-math.sin(q.anim_time*90*2-60)*2"]
				},
				"arm_back_right4": {
					"rotation": [0, 0, "22.5-math.sin(q.anim_time*90*2-90)*2"]
				},
				"arm_back_right5": {
					"rotation": [0, 0, "22.5-math.sin(q.anim_time*90*2-120)*2"]
				},
				"arm_back_right6": {
					"rotation": [0, 0, "22.5-math.sin(q.anim_time*90*2-150)*2"]
				},
				"arm_front_left": {
					"rotation": [0, 0, "-15-math.sin(q.anim_time*90*2)*2"],
					"position": [0.25, 0, -0.25]
				},
				"arm_front_left2": {
					"rotation": ["-22.5+math.sin(q.anim_time*90*2-30)*2", 0, 0]
				},
				"arm_front_left3": {
					"rotation": ["-22.5+math.sin(q.anim_time*90*2-60)*2", 0, 0]
				},
				"arm_front_left4": {
					"rotation": ["-22.5+math.sin(q.anim_time*90*2-90)*2", 0, 0]
				},
				"arm_front_left5": {
					"rotation": ["-22.5+math.sin(q.anim_time*90*2-120)*2", 0, 0]
				},
				"arm_front_left6": {
					"rotation": ["-22.5+math.sin(q.anim_time*90*2-150)*2", 0, 0]
				},
				"arm_front_right": {
					"rotation": [0, 0, "15+math.sin(q.anim_time*90*2)*2"],
					"position": [0.25, 0, -0.25]
				},
				"arm_front_right2": {
					"rotation": ["-22.5+math.sin(q.anim_time*90*2-30)*2", 0, 0]
				},
				"arm_front_right3": {
					"rotation": ["-22.5+math.sin(q.anim_time*90*2-60)*2", 0, 0]
				},
				"arm_front_right4": {
					"rotation": ["-22.5+math.sin(q.anim_time*90*2-90)*2", 0, 0]
				},
				"arm_front_right5": {
					"rotation": ["-22.5+math.sin(q.anim_time*90*2-120)*2", 0, 0]
				},
				"arm_front_right6": {
					"rotation": ["-22.5+math.sin(q.anim_time*90*2-150)*2", 0, 0]
				}
			}
		},
		"animation.xenoster.air_idle": {
			"loop": true,
			"bones": {
				"body": {
					"rotation": [0, 0, 0],
					"position": [0, "6+math.sin(q.anim_time*90*4)*2", 0]
				},
				"torso": {
					"rotation": ["math.sin(q.anim_time*180*1)*0.2", "math.sin(q.anim_time*180*1)*0.2", "math.sin(q.anim_time*180*1)*0.2"],
					"position": [0, "math.sin(q.anim_time*90*0.5)*0.2", 0]
				},
				"neck": {
					"rotation": ["-2.5+math.sin(q.anim_time*90*0.5)*1", 0, "math.sin(q.anim_time*180*0.5)*1"]
				},
				"neck2": {
					"rotation": ["-2.5+math.sin(q.anim_time*90*0.5-30)*1", 0, 0]
				},
				"neck3": {
					"rotation": ["-2.5+math.sin(q.anim_time*90*0.5-60)*1", 0, 0]
				},
				"neck4": {
					"rotation": ["-2.5+math.sin(q.anim_time*90*0.5-90)*1", 0, 0]
				},
				"head": {
					"rotation": [7.5, 0, 0],
					"position": [0, -0.5, -0.75]
				},
				"ring_top": {
					"rotation": [0, "(q.anim_time*90)*1", 0]
				},
				"drone_top": {
					"rotation": [0, "-(q.anim_time*90)*1", 0],
					"position": [0, "math.sin(q.anim_time*180)*0.25", 0]
				},
				"ring_middle": {
					"rotation": [0, "-(q.anim_time*90)*1", 0]
				},
				"drone_middle": {
					"rotation": [0, "(q.anim_time*90)*1", 0],
					"position": [0, "-math.sin(q.anim_time*180)*0.25", 0]
				},
				"drone_bottom": {
					"rotation": [0, "-(q.anim_time*90)*1", 0],
					"position": [0, "math.sin(q.anim_time*180)*0.25", 0]
				},
				"ring_bottom": {
					"rotation": [0, "(q.anim_time*90)*1", 0]
				},
				"arm_back_left": {
					"rotation": [0, 0, "15+math.sin(q.anim_time*90*2)*2"],
					"position": [-0.25, 0, 0.25]
				},
				"arm_back_left2": {
					"rotation": [0, 0, "-22.5+math.sin(q.anim_time*90*2-30)*2"]
				},
				"arm_back_left3": {
					"rotation": [0, 0, "-22.5+math.sin(q.anim_time*90*2-60)*2"]
				},
				"arm_back_left4": {
					"rotation": [0, 0, "-22.5+math.sin(q.anim_time*90*2-90)*2"]
				},
				"arm_back_left5": {
					"rotation": [0, 0, "-22.5+math.sin(q.anim_time*90*2-120)*2"]
				},
				"arm_back_left6": {
					"rotation": [0, 0, "-22.5+math.sin(q.anim_time*90*2-150)*2"]
				},
				"leg_front_left": {
					"rotation": ["math.sin(q.anim_time*90*4)*5", 0, 0]
				},
				"leg_front_left2": {
					"rotation": ["math.sin(q.anim_time*90*4-45)*5", 0, 0]
				},
				"leg_front_left3": {
					"rotation": ["math.sin(q.anim_time*90*4-90)*5", 0, 0]
				},
				"leg_front_left4": {
					"rotation": ["math.sin(q.anim_time*90*4-135)*5", 0, 0]
				},
				"leg_back_right": {
					"rotation": ["math.sin(q.anim_time*90*4)*5", 0, 0]
				},
				"leg_back_right2": {
					"rotation": ["math.sin(q.anim_time*90*4-45)*5", 0, 0]
				},
				"leg_back_right3": {
					"rotation": ["math.sin(q.anim_time*90*4-90)*5", 0, 0]
				},
				"leg_back_right4": {
					"rotation": ["math.sin(q.anim_time*90*4-135)*5", 0, 0]
				},
				"leg_front_right": {
					"rotation": ["math.sin(q.anim_time*90*4)*5", 0, 0]
				},
				"leg_front_right2": {
					"rotation": ["math.sin(q.anim_time*90*4-45)*5", 0, 0]
				},
				"leg_front_right3": {
					"rotation": ["math.sin(q.anim_time*90*4-90)*5", 0, 0]
				},
				"leg_front_right4": {
					"rotation": ["math.sin(q.anim_time*90*4-135)*5", 0, 0]
				},
				"leg_back_left": {
					"rotation": ["math.sin(q.anim_time*90*4)*5", 0, 0]
				},
				"leg_back_left2": {
					"rotation": ["math.sin(q.anim_time*90*4-45)*5", 0, 0]
				},
				"leg_back_left3": {
					"rotation": ["math.sin(q.anim_time*90*4-90)*5", 0, 0]
				},
				"leg_back_left4": {
					"rotation": ["math.sin(q.anim_time*90*4-135)*5", 0, 0]
				},
				"arm_back_right": {
					"rotation": [0, 0, "-15-math.sin(q.anim_time*90*2)*2"],
					"position": [0.25, 0, 0.25]
				},
				"arm_back_right2": {
					"rotation": [0, 0, "22.5-math.sin(q.anim_time*90*2-30)*2"]
				},
				"arm_back_right3": {
					"rotation": [0, 0, "22.5-math.sin(q.anim_time*90*2-60)*2"]
				},
				"arm_back_right4": {
					"rotation": [0, 0, "22.5-math.sin(q.anim_time*90*2-90)*2"]
				},
				"arm_back_right5": {
					"rotation": [0, 0, "22.5-math.sin(q.anim_time*90*2-120)*2"]
				},
				"arm_back_right6": {
					"rotation": [0, 0, "22.5-math.sin(q.anim_time*90*2-150)*2"]
				},
				"arm_front_left": {
					"rotation": [0, 0, "-15-math.sin(q.anim_time*90*2)*2"],
					"position": [0.25, 0, -0.25]
				},
				"arm_front_left2": {
					"rotation": ["-22.5+math.sin(q.anim_time*90*2-30)*2", 0, 0]
				},
				"arm_front_left3": {
					"rotation": ["-22.5+math.sin(q.anim_time*90*2-60)*2", 0, 0]
				},
				"arm_front_left4": {
					"rotation": ["-22.5+math.sin(q.anim_time*90*2-90)*2", 0, 0]
				},
				"arm_front_left5": {
					"rotation": ["-22.5+math.sin(q.anim_time*90*2-120)*2", 0, 0]
				},
				"arm_front_left6": {
					"rotation": ["-22.5+math.sin(q.anim_time*90*2-150)*2", 0, 0]
				},
				"arm_front_right": {
					"rotation": [0, 0, "15+math.sin(q.anim_time*90*2)*2"],
					"position": [0.25, 0, -0.25]
				},
				"arm_front_right2": {
					"rotation": ["-22.5+math.sin(q.anim_time*90*2-30)*2", 0, 0]
				},
				"arm_front_right3": {
					"rotation": ["-22.5+math.sin(q.anim_time*90*2-60)*2", 0, 0]
				},
				"arm_front_right4": {
					"rotation": ["-22.5+math.sin(q.anim_time*90*2-90)*2", 0, 0]
				},
				"arm_front_right5": {
					"rotation": ["-22.5+math.sin(q.anim_time*90*2-120)*2", 0, 0]
				},
				"arm_front_right6": {
					"rotation": ["-22.5+math.sin(q.anim_time*90*2-150)*2", 0, 0]
				}
			}
		},
		"animation.xenoster.air_fly": {
			"loop": true,
			"bones": {
				"body": {
					"rotation": [15, 0, 0],
					"position": [0, "6+math.sin(q.anim_time*90*4)*3", 0]
				},
				"torso": {
					"rotation": ["math.sin(q.anim_time*180*1)*0.2", "math.sin(q.anim_time*180*1)*0.2", "math.sin(q.anim_time*180*1)*0.2"],
					"position": [0, "math.sin(q.anim_time*90*0.5)*0.2", 0]
				},
				"neck": {
					"rotation": ["-2.5+math.sin(q.anim_time*90*0.5)*1", 0, "math.sin(q.anim_time*180*0.5)*1"]
				},
				"neck2": {
					"rotation": ["-2.5+math.sin(q.anim_time*90*0.5-30)*1", 0, 0]
				},
				"neck3": {
					"rotation": ["-2.5+math.sin(q.anim_time*90*0.5-60)*1", 0, 0]
				},
				"neck4": {
					"rotation": ["-2.5+math.sin(q.anim_time*90*0.5-90)*1", 0, 0]
				},
				"head": {
					"rotation": [7.5, 0, 0],
					"position": [0, -0.5, -0.75]
				},
				"ring_top": {
					"rotation": [0, "(q.anim_time*90)*1", 0]
				},
				"drone_top": {
					"rotation": [0, "-(q.anim_time*90)*1", 0],
					"position": [0, "math.sin(q.anim_time*180)*0.25", 0]
				},
				"ring_middle": {
					"rotation": [0, "-(q.anim_time*90)*1", 0]
				},
				"drone_middle": {
					"rotation": [0, "(q.anim_time*90)*1", 0],
					"position": [0, "-math.sin(q.anim_time*180)*0.25", 0]
				},
				"drone_bottom": {
					"rotation": [0, "-(q.anim_time*90)*1", 0],
					"position": [0, "math.sin(q.anim_time*180)*0.25", 0]
				},
				"ring_bottom": {
					"rotation": [0, "(q.anim_time*90)*1", 0]
				},
				"arm_back_left": {
					"rotation": [0, 0, "15+math.sin(q.anim_time*90*2)*2"],
					"position": [-0.25, 0, 0.25]
				},
				"arm_back_left2": {
					"rotation": [0, 0, "-22.5+math.sin(q.anim_time*90*2-30)*2"]
				},
				"arm_back_left3": {
					"rotation": [0, 0, "-22.5+math.sin(q.anim_time*90*2-60)*2"]
				},
				"arm_back_left4": {
					"rotation": [0, 0, "-22.5+math.sin(q.anim_time*90*2-90)*2"]
				},
				"arm_back_left5": {
					"rotation": [0, 0, "-22.5+math.sin(q.anim_time*90*2-120)*2"]
				},
				"arm_back_left6": {
					"rotation": [0, 0, "-22.5+math.sin(q.anim_time*90*2-150)*2"]
				},
				"leg_front_left": {
					"rotation": ["math.sin(q.anim_time*90*4)*5", 0, 0]
				},
				"leg_front_left2": {
					"rotation": ["math.sin(q.anim_time*90*4-45)*5", 0, 0]
				},
				"leg_front_left3": {
					"rotation": ["math.sin(q.anim_time*90*4-90)*5", 0, 0]
				},
				"leg_front_left4": {
					"rotation": ["math.sin(q.anim_time*90*4-135)*5", 0, 0]
				},
				"leg_back_right": {
					"rotation": ["math.sin(q.anim_time*90*4)*5", 0, 0]
				},
				"leg_back_right2": {
					"rotation": ["math.sin(q.anim_time*90*4-45)*5", 0, 0]
				},
				"leg_back_right3": {
					"rotation": ["math.sin(q.anim_time*90*4-90)*5", 0, 0]
				},
				"leg_back_right4": {
					"rotation": ["math.sin(q.anim_time*90*4-135)*5", 0, 0]
				},
				"leg_front_right": {
					"rotation": ["math.sin(q.anim_time*90*4)*5", 0, 0]
				},
				"leg_front_right2": {
					"rotation": ["math.sin(q.anim_time*90*4-45)*5", 0, 0]
				},
				"leg_front_right3": {
					"rotation": ["math.sin(q.anim_time*90*4-90)*5", 0, 0]
				},
				"leg_front_right4": {
					"rotation": ["math.sin(q.anim_time*90*4-135)*5", 0, 0]
				},
				"leg_back_left": {
					"rotation": ["math.sin(q.anim_time*90*4)*5", 0, 0]
				},
				"leg_back_left2": {
					"rotation": ["math.sin(q.anim_time*90*4-45)*5", 0, 0]
				},
				"leg_back_left3": {
					"rotation": ["math.sin(q.anim_time*90*4-90)*5", 0, 0]
				},
				"leg_back_left4": {
					"rotation": ["math.sin(q.anim_time*90*4-135)*5", 0, 0]
				},
				"arm_back_right": {
					"rotation": [0, 0, "-15-math.sin(q.anim_time*90*2)*2"],
					"position": [0.25, 0, 0.25]
				},
				"arm_back_right2": {
					"rotation": [0, 0, "22.5-math.sin(q.anim_time*90*2-30)*2"]
				},
				"arm_back_right3": {
					"rotation": [0, 0, "22.5-math.sin(q.anim_time*90*2-60)*2"]
				},
				"arm_back_right4": {
					"rotation": [0, 0, "22.5-math.sin(q.anim_time*90*2-90)*2"]
				},
				"arm_back_right5": {
					"rotation": [0, 0, "22.5-math.sin(q.anim_time*90*2-120)*2"]
				},
				"arm_back_right6": {
					"rotation": [0, 0, "22.5-math.sin(q.anim_time*90*2-150)*2"]
				},
				"arm_front_left": {
					"rotation": [0, 0, "-15-math.sin(q.anim_time*90*2)*2"],
					"position": [0.25, 0, -0.25]
				},
				"arm_front_left2": {
					"rotation": ["-22.5+math.sin(q.anim_time*90*2-30)*2", 0, 0]
				},
				"arm_front_left3": {
					"rotation": ["-22.5+math.sin(q.anim_time*90*2-60)*2", 0, 0]
				},
				"arm_front_left4": {
					"rotation": ["-22.5+math.sin(q.anim_time*90*2-90)*2", 0, 0]
				},
				"arm_front_left5": {
					"rotation": ["-22.5+math.sin(q.anim_time*90*2-120)*2", 0, 0]
				},
				"arm_front_left6": {
					"rotation": ["-22.5+math.sin(q.anim_time*90*2-150)*2", 0, 0]
				},
				"arm_front_right": {
					"rotation": [0, 0, "15+math.sin(q.anim_time*90*2)*2"],
					"position": [0.25, 0, -0.25]
				},
				"arm_front_right2": {
					"rotation": ["-22.5+math.sin(q.anim_time*90*2-30)*2", 0, 0]
				},
				"arm_front_right3": {
					"rotation": ["-22.5+math.sin(q.anim_time*90*2-60)*2", 0, 0]
				},
				"arm_front_right4": {
					"rotation": ["-22.5+math.sin(q.anim_time*90*2-90)*2", 0, 0]
				},
				"arm_front_right5": {
					"rotation": ["-22.5+math.sin(q.anim_time*90*2-120)*2", 0, 0]
				},
				"arm_front_right6": {
					"rotation": ["-22.5+math.sin(q.anim_time*90*2-150)*2", 0, 0]
				}
			}
		},
		"animation.xenoster.sleep": {
			"loop": true,
			"bones": {
				"body": {
					"position": [0, -20.25, 0]
				},
				"neck": {
					"rotation": ["-2.5+math.sin(q.anim_time*90*0.5)*1", 0, "math.sin(q.anim_time*180*0.5)*1"]
				},
				"neck2": {
					"rotation": ["-2.5+math.sin(q.anim_time*90*0.5-30)*1", 0, 0]
				},
				"neck3": {
					"rotation": ["-2.5+math.sin(q.anim_time*90*0.5-60)*1", 0, 0]
				},
				"neck4": {
					"rotation": ["-2.5+math.sin(q.anim_time*90*0.5-90)*1", 0, 0]
				},
				"head": {
					"rotation": [7.5, 0, 0],
					"position": [0, -0.5, -0.75]
				},
				"ring_top": {
					"rotation": [0, "(q.anim_time*90)*1", 0]
				},
				"drone_top": {
					"rotation": [0, "-(q.anim_time*90)*1", 0],
					"position": [0, "math.sin(q.anim_time*180)*0.25", 0]
				},
				"ring_middle": {
					"rotation": [0, "-(q.anim_time*90)*1", 0]
				},
				"drone_middle": {
					"rotation": [0, "(q.anim_time*90)*1", 0],
					"position": [0, "-math.sin(q.anim_time*180)*0.25", 0]
				},
				"drone_bottom": {
					"rotation": [0, "-(q.anim_time*90)*1", 0],
					"position": [0, "math.sin(q.anim_time*180)*0.25", 0]
				},
				"ring_bottom": {
					"rotation": [0, "(q.anim_time*90)*1", 0]
				},
				"arm_back_left": {
					"scale": 0
				},
				"arm_back_right": {
					"scale": 0
				},
				"arm_front_left": {
					"scale": 0
				},
				"arm_front_right": {
					"scale": 0
				},
				"legs": {
					"scale": 0
				},
				"eyelid": {
					"scale": 1.01
				}
			}
		},
		"animation.xenoster.blink1": {
			"animation_length": 0.1667,
			"bones": {
				"eye_little1": {
					"scale": {
						"0.0": [1, 1, 1],
						"0.0833": [1, 0, 1],
						"0.1667": [1, 1, 1]
					}
				},
				"eye_main_back3": {
					"scale": 1
				}
			}
		},
		"animation.xenoster.blink6": {
			"animation_length": 0.1667,
			"bones": {
				"eye_little6": {
					"scale": {
						"0.0": [1, 1, 1],
						"0.0833": [1, 0, 1],
						"0.1667": [1, 1, 1]
					}
				}
			}
		},
		"animation.xenoster.blink7": {
			"animation_length": 0.1667,
			"bones": {
				"eye_little7": {
					"scale": {
						"0.0": [1, 1, 1],
						"0.0833": [1, 0, 1],
						"0.1667": [1, 1, 1]
					}
				}
			}
		},
		"animation.xenoster.blink8": {
			"animation_length": 0.1667,
			"bones": {
				"eye_little8": {
					"scale": {
						"0.0": [1, 1, 1],
						"0.0833": [1, 0, 1],
						"0.1667": [1, 1, 1]
					}
				}
			}
		},
		"animation.xenoster.blink9": {
			"animation_length": 0.1667,
			"bones": {
				"eye_main_front": {
					"scale": {
						"0.0": [1, 1, 1],
						"0.0833": [1, 0, 1],
						"0.1667": [1, 1, 1]
					}
				}
			}
		},
		"animation.xenoster.blink10": {
			"animation_length": 0.1667,
			"bones": {
				"eye_main_back3": {
					"scale": {
						"0.0": [1, 1, 1],
						"0.0833": [1, 0, 1],
						"0.1667": [1, 1, 1]
					}
				}
			}
		},
		"animation.xenoster.blink11": {
			"animation_length": 0.1667,
			"bones": {
				"eye_main_back": {
					"scale": {
						"0.0": [1, 1, 1],
						"0.0833": [1, 0, 1],
						"0.1667": [1, 1, 1]
					}
				}
			}
		},
		"animation.xenoster.blink12": {
			"animation_length": 0.1667,
			"bones": {
				"eye_main_back2": {
					"scale": {
						"0.0": [1, 1, 1],
						"0.0833": [1, 0, 1],
						"0.1667": [1, 1, 1]
					}
				}
			}
		},
		"animation.xenoster.blink": {
			"animation_length": 0.4167,
			"bones": {
				"eyelid": {
					"scale": {
						"0.0": [1, 1, 1],
						"0.0833": {
							"pre": [1, 1, 1],
							"post": [1.01, 1.01, 1.01]
						},
						"0.4167": {
							"pre": [1.01, 1.01, 1.01],
							"post": [1, 1, 1]
						}
					}
				}
			}
		},
		"animation.xenoster.blink2": {
			"animation_length": 0.4167,
			"bones": {
				"eyelid_front_right": {
					"scale": {
						"0.0": [1, 1, 1],
						"0.0833": {
							"pre": [1, 1, 1],
							"post": [1.02, 1.02, 1.02]
						},
						"0.2917": {
							"pre": [1.02, 1.02, 1.02],
							"post": [1, 1, 1]
						}
					}
				}
			}
		},
		"animation.xenoster.blink3": {
			"animation_length": 0.4167,
			"bones": {
				"eyelid_back_right": {
					"scale": {
						"0.0": [1, 1, 1],
						"0.0833": {
							"pre": [1, 1, 1],
							"post": [1.02, 1.02, 1.02]
						},
						"0.2917": {
							"pre": [1.02, 1.02, 1.02],
							"post": [1, 1, 1]
						}
					}
				}
			}
		},
		"animation.xenoster.blink4": {
			"animation_length": 0.4167,
			"bones": {
				"eyelid_back_left": {
					"scale": {
						"0.0": [1, 1, 1],
						"0.0833": {
							"pre": [1, 1, 1],
							"post": [1.02, 1.02, 1.02]
						},
						"0.2917": {
							"pre": [1.02, 1.02, 1.02],
							"post": [1, 1, 1]
						}
					}
				}
			}
		},
		"animation.xenoster.blink5": {
			"animation_length": 0.4167,
			"bones": {
				"eyelid_front_left": {
					"scale": {
						"0.0": [1, 1, 1],
						"0.0833": {
							"pre": [1, 1, 1],
							"post": [1.02, 1.02, 1.02]
						},
						"0.2917": {
							"pre": [1.02, 1.02, 1.02],
							"post": [1, 1, 1]
						}
					}
				}
			}
		},
		"animation.xenoster.recoil": {
			"animation_length": 1.5,
			"bones": {
				"torso": {
					"rotation": {
						"0.0": [0, 0, 0],
						"0.0417": [-13, 0, 0],
						"0.5833": {
							"pre": [8.66, 0, 0],
							"post": [8.66, 0, 0],
							"lerp_mode": "catmullrom"
						},
						"1.0833": {
							"post": [-2, 0, 0],
							"lerp_mode": "catmullrom"
						},
						"1.5": [0, 0, 0]
					}
				},
				"neck": {
					"rotation": {
						"0.0": [0, 0, 0],
						"0.0417": {
							"pre": [11, 0, 0],
							"post": [11, 0, 0],
							"lerp_mode": "catmullrom"
						},
						"0.1667": {
							"post": [-9.58, 0, 0],
							"lerp_mode": "catmullrom"
						},
						"0.375": {
							"post": [-7, 0, 0],
							"lerp_mode": "catmullrom"
						},
						"0.7083": {
							"post": [-3.3, 0, 0],
							"lerp_mode": "catmullrom"
						},
						"1.0417": {
							"post": [0.7, 0, 0],
							"lerp_mode": "catmullrom"
						},
						"1.4583": [0, 0, 0]
					}
				},
				"head": {
					"rotation": {
						"0.0": [0, 0, 0],
						"0.0417": {
							"pre": [11, 0, 0],
							"post": [11, 0, 0],
							"lerp_mode": "catmullrom"
						},
						"0.1667": {
							"post": [-9.58, 0, 0],
							"lerp_mode": "catmullrom"
						},
						"0.375": {
							"post": [-7, 0, 0],
							"lerp_mode": "catmullrom"
						},
						"0.7083": {
							"post": [-3.3, 0, 0],
							"lerp_mode": "catmullrom"
						},
						"1.0417": {
							"post": [0.7, 0, 0],
							"lerp_mode": "catmullrom"
						},
						"1.4583": [0, 0, 0]
					}
				},
				"ring_top": {
					"position": {
						"0.0": [0, 0, 0],
						"0.1667": {
							"pre": [0, 0, 4],
							"post": [0, 0, 4],
							"lerp_mode": "catmullrom"
						},
						"0.625": {
							"post": [0, 0, -0.5],
							"lerp_mode": "catmullrom"
						},
						"1.5": [0, 0, 0]
					}
				},
				"drone_top": {
					"position": {
						"0.0": [0, 0, 0],
						"0.1667": {
							"pre": [0, 0, 4],
							"post": [0, 0, 4],
							"lerp_mode": "catmullrom"
						},
						"0.625": {
							"post": [0, 0, -0.5],
							"lerp_mode": "catmullrom"
						},
						"1.5": [0, 0, 0]
					}
				},
				"ring_middle": {
					"position": {
						"0.0": [0, 0, 0],
						"0.1667": {
							"pre": [0, 0, 4],
							"post": [0, 0, 4],
							"lerp_mode": "catmullrom"
						},
						"0.625": {
							"post": [0, 0, -0.5],
							"lerp_mode": "catmullrom"
						},
						"1.5": [0, 0, 0]
					}
				},
				"drone_middle": {
					"position": {
						"0.0": [0, 0, 0],
						"0.1667": {
							"pre": [0, 0, 4],
							"post": [0, 0, 4],
							"lerp_mode": "catmullrom"
						},
						"0.625": {
							"post": [0, 0, -0.5],
							"lerp_mode": "catmullrom"
						},
						"1.5": [0, 0, 0]
					}
				},
				"drone_bottom": {
					"position": {
						"0.0": [0, 0, 0],
						"0.1667": {
							"pre": [0, 0, 4],
							"post": [0, 0, 4],
							"lerp_mode": "catmullrom"
						},
						"0.625": {
							"post": [0, 0, -0.5],
							"lerp_mode": "catmullrom"
						},
						"1.5": [0, 0, 0]
					}
				},
				"ring_bottom": {
					"position": {
						"0.0": [0, 0, 0],
						"0.1667": {
							"pre": [0, 0, 4],
							"post": [0, 0, 4],
							"lerp_mode": "catmullrom"
						},
						"0.625": {
							"post": [0, 0, -0.5],
							"lerp_mode": "catmullrom"
						},
						"1.5": [0, 0, 0]
					}
				},
				"arm_back_left": {
					"rotation": {
						"0.0": [0, 0, 0],
						"0.1667": {
							"pre": [-20, 0, 0],
							"post": [-20, 0, 0],
							"lerp_mode": "catmullrom"
						},
						"0.625": {
							"post": [6.21, 0, 0],
							"lerp_mode": "catmullrom"
						},
						"1.5": [0, 0, 0]
					}
				},
				"eyelid_back_left": {
					"scale": {
						"0.0": [1, 1, 1],
						"0.0833": {
							"pre": [1, 1, 1],
							"post": [1.02, 1.02, 1.02]
						},
						"0.2917": {
							"pre": [1.02, 1.02, 1.02],
							"post": [1, 1, 1]
						}
					}
				},
				"arm_back_right": {
					"rotation": {
						"0.0": [0, 0, 0],
						"0.1667": {
							"pre": [-20, 0, 0],
							"post": [-20, 0, 0],
							"lerp_mode": "catmullrom"
						},
						"0.625": {
							"post": [6.21, 0, 0],
							"lerp_mode": "catmullrom"
						},
						"1.5": [0, 0, 0]
					}
				},
				"eyelid_back_right": {
					"scale": {
						"0.0": [1, 1, 1],
						"0.0833": {
							"pre": [1, 1, 1],
							"post": [1.02, 1.02, 1.02]
						},
						"0.2917": {
							"pre": [1.02, 1.02, 1.02],
							"post": [1, 1, 1]
						}
					}
				},
				"arm_front_left": {
					"rotation": {
						"0.0": [0, 0, 0],
						"0.1667": {
							"pre": [0, -20, 0],
							"post": [0, -20, 0],
							"lerp_mode": "catmullrom"
						},
						"0.625": {
							"post": [0, 6.21, 0],
							"lerp_mode": "catmullrom"
						},
						"1.5": [0, 0, 0]
					}
				},
				"eyelid_front_left": {
					"scale": {
						"0.0": [1, 1, 1],
						"0.0833": {
							"pre": [1, 1, 1],
							"post": [1.02, 1.02, 1.02]
						},
						"0.2917": {
							"pre": [1.02, 1.02, 1.02],
							"post": [1, 1, 1]
						}
					}
				},
				"arm_front_right": {
					"rotation": {
						"0.0": [0, 0, 0],
						"0.1667": {
							"pre": [0, 20, 0],
							"post": [0, 20, 0],
							"lerp_mode": "catmullrom"
						},
						"0.625": {
							"post": [0, -6.21, 0],
							"lerp_mode": "catmullrom"
						},
						"1.5": [0, 0, 0]
					}
				},
				"eyelid_front_right": {
					"scale": {
						"0.0": [1, 1, 1],
						"0.0833": {
							"pre": [1, 1, 1],
							"post": [1.02, 1.02, 1.02]
						},
						"0.2917": {
							"pre": [1.02, 1.02, 1.02],
							"post": [1, 1, 1]
						}
					}
				},
				"eyelid": {
					"scale": {
						"0.0": [1, 1, 1],
						"0.0833": {
							"pre": [1, 1, 1],
							"post": [1.01, 1.01, 1.01]
						},
						"0.2917": {
							"pre": [1.01, 1.01, 1.01],
							"post": [1, 1, 1]
						}
					}
				}
			}
		},
		"animation.xenoster.cry": {
			"animation_length": 1.2917,
			"bones": {
				"stalk_front1": {
					"rotation": {
						"0.0": {
							"post": [0, 0, 0],
							"lerp_mode": "catmullrom"
						},
						"0.0833": {
							"post": [17.5, 0, 0],
							"lerp_mode": "catmullrom"
						},
						"0.3333": {
							"post": [-3, 0, 0],
							"lerp_mode": "catmullrom"
						},
						"0.4167": {
							"post": [3, 0, 0],
							"lerp_mode": "catmullrom"
						},
						"0.5": {
							"post": [-3, 0, 0],
							"lerp_mode": "catmullrom"
						},
						"0.5833": {
							"post": [3, 0, 0],
							"lerp_mode": "catmullrom"
						},
						"0.6667": {
							"post": [-3, 0, 0],
							"lerp_mode": "catmullrom"
						},
						"0.75": {
							"post": [3, 0, 0],
							"lerp_mode": "catmullrom"
						},
						"0.8333": {
							"post": [-3, 0, 0],
							"lerp_mode": "catmullrom"
						},
						"0.9167": {
							"post": [3, 0, 0],
							"lerp_mode": "catmullrom"
						},
						"1.0": {
							"post": [-3, 0, 0],
							"lerp_mode": "catmullrom"
						},
						"1.0833": {
							"post": [3, 0, 0],
							"lerp_mode": "catmullrom"
						},
						"1.1667": {
							"post": [-3, 0, 0],
							"lerp_mode": "catmullrom"
						},
						"1.2917": {
							"post": [0, 0, 0],
							"lerp_mode": "catmullrom"
						}
					}
				},
				"neck": {
					"rotation": {
						"0.0": {
							"post": [0, 0, 0],
							"lerp_mode": "catmullrom"
						},
						"0.0833": {
							"post": [4.375, 0, 0],
							"lerp_mode": "catmullrom"
						},
						"0.3333": {
							"post": [-0.75, 0, 0],
							"lerp_mode": "catmullrom"
						},
						"0.4167": {
							"post": [0.75, 0, 0],
							"lerp_mode": "catmullrom"
						},
						"0.5": {
							"post": [-0.75, 0, 0],
							"lerp_mode": "catmullrom"
						},
						"0.5833": {
							"post": [0.75, 0, 0],
							"lerp_mode": "catmullrom"
						},
						"0.6667": {
							"post": [-0.75, 0, 0],
							"lerp_mode": "catmullrom"
						},
						"0.75": {
							"post": [0.75, 0, 0],
							"lerp_mode": "catmullrom"
						},
						"0.8333": {
							"post": [-0.75, 0, 0],
							"lerp_mode": "catmullrom"
						},
						"0.9167": {
							"post": [0.75, 0, 0],
							"lerp_mode": "catmullrom"
						},
						"1.0": {
							"post": [-0.75, 0, 0],
							"lerp_mode": "catmullrom"
						},
						"1.0833": {
							"post": [0.75, 0, 0],
							"lerp_mode": "catmullrom"
						},
						"1.1667": {
							"post": [-0.75, 0, 0],
							"lerp_mode": "catmullrom"
						},
						"1.2917": {
							"post": [0, 0, 0],
							"lerp_mode": "catmullrom"
						}
					},
					"scale": {
						"0.0": {
							"post": [1, 1, 1],
							"lerp_mode": "catmullrom"
						},
						"1.1667": {
							"post": [1, 1.05, 1],
							"lerp_mode": "catmullrom"
						},
						"1.2917": {
							"post": [1, 1, 1],
							"lerp_mode": "catmullrom"
						}
					}
				},
				"neck2": {
					"rotation": {
						"0.0": {
							"post": [0, 0, 0],
							"lerp_mode": "catmullrom"
						},
						"0.0833": {
							"post": [4.375, 0, 0],
							"lerp_mode": "catmullrom"
						},
						"0.3333": {
							"post": [-0.75, 0, 0],
							"lerp_mode": "catmullrom"
						},
						"0.4167": {
							"post": [0.75, 0, 0],
							"lerp_mode": "catmullrom"
						},
						"0.5": {
							"post": [-0.75, 0, 0],
							"lerp_mode": "catmullrom"
						},
						"0.5833": {
							"post": [0.75, 0, 0],
							"lerp_mode": "catmullrom"
						},
						"0.6667": {
							"post": [-0.75, 0, 0],
							"lerp_mode": "catmullrom"
						},
						"0.75": {
							"post": [0.75, 0, 0],
							"lerp_mode": "catmullrom"
						},
						"0.8333": {
							"post": [-0.75, 0, 0],
							"lerp_mode": "catmullrom"
						},
						"0.9167": {
							"post": [0.75, 0, 0],
							"lerp_mode": "catmullrom"
						},
						"1.0": {
							"post": [-0.75, 0, 0],
							"lerp_mode": "catmullrom"
						},
						"1.0833": {
							"post": [0.75, 0, 0],
							"lerp_mode": "catmullrom"
						},
						"1.1667": {
							"post": [-0.75, 0, 0],
							"lerp_mode": "catmullrom"
						},
						"1.2917": {
							"post": [0, 0, 0],
							"lerp_mode": "catmullrom"
						}
					}
				},
				"neck3": {
					"rotation": {
						"0.0": {
							"post": [0, 0, 0],
							"lerp_mode": "catmullrom"
						},
						"0.0833": {
							"post": [4.375, 0, 0],
							"lerp_mode": "catmullrom"
						},
						"0.3333": {
							"post": [-0.75, 0, 0],
							"lerp_mode": "catmullrom"
						},
						"0.4167": {
							"post": [0.75, 0, 0],
							"lerp_mode": "catmullrom"
						},
						"0.5": {
							"post": [-0.75, 0, 0],
							"lerp_mode": "catmullrom"
						},
						"0.5833": {
							"post": [0.75, 0, 0],
							"lerp_mode": "catmullrom"
						},
						"0.6667": {
							"post": [-0.75, 0, 0],
							"lerp_mode": "catmullrom"
						},
						"0.75": {
							"post": [0.75, 0, 0],
							"lerp_mode": "catmullrom"
						},
						"0.8333": {
							"post": [-0.75, 0, 0],
							"lerp_mode": "catmullrom"
						},
						"0.9167": {
							"post": [0.75, 0, 0],
							"lerp_mode": "catmullrom"
						},
						"1.0": {
							"post": [-0.75, 0, 0],
							"lerp_mode": "catmullrom"
						},
						"1.0833": {
							"post": [0.75, 0, 0],
							"lerp_mode": "catmullrom"
						},
						"1.1667": {
							"post": [-0.75, 0, 0],
							"lerp_mode": "catmullrom"
						},
						"1.2917": {
							"post": [0, 0, 0],
							"lerp_mode": "catmullrom"
						}
					}
				},
				"neck4": {
					"rotation": {
						"0.0": {
							"post": [0, 0, 0],
							"lerp_mode": "catmullrom"
						},
						"0.0833": {
							"post": [4.375, 0, 0],
							"lerp_mode": "catmullrom"
						},
						"0.3333": {
							"post": [-0.75, 0, 0],
							"lerp_mode": "catmullrom"
						},
						"0.4167": {
							"post": [0.75, 0, 0],
							"lerp_mode": "catmullrom"
						},
						"0.5": {
							"post": [-0.75, 0, 0],
							"lerp_mode": "catmullrom"
						},
						"0.5833": {
							"post": [0.75, 0, 0],
							"lerp_mode": "catmullrom"
						},
						"0.6667": {
							"post": [-0.75, 0, 0],
							"lerp_mode": "catmullrom"
						},
						"0.75": {
							"post": [0.75, 0, 0],
							"lerp_mode": "catmullrom"
						},
						"0.8333": {
							"post": [-0.75, 0, 0],
							"lerp_mode": "catmullrom"
						},
						"0.9167": {
							"post": [0.75, 0, 0],
							"lerp_mode": "catmullrom"
						},
						"1.0": {
							"post": [-0.75, 0, 0],
							"lerp_mode": "catmullrom"
						},
						"1.0833": {
							"post": [0.75, 0, 0],
							"lerp_mode": "catmullrom"
						},
						"1.1667": {
							"post": [-0.75, 0, 0],
							"lerp_mode": "catmullrom"
						},
						"1.2917": {
							"post": [0, 0, 0],
							"lerp_mode": "catmullrom"
						}
					}
				},
				"torso": {
					"rotation": {
						"0.0": {
							"post": [0, 0, 0],
							"lerp_mode": "catmullrom"
						},
						"0.0833": {
							"post": [4.375, 0, 0],
							"lerp_mode": "catmullrom"
						},
						"0.3333": {
							"post": [-0.75, 0, 0],
							"lerp_mode": "catmullrom"
						},
						"0.4167": {
							"post": [0.75, 0, 0],
							"lerp_mode": "catmullrom"
						},
						"0.5": {
							"post": [-0.75, 0, 0],
							"lerp_mode": "catmullrom"
						},
						"0.5833": {
							"post": [0.75, 0, 0],
							"lerp_mode": "catmullrom"
						},
						"0.6667": {
							"post": [-0.75, 0, 0],
							"lerp_mode": "catmullrom"
						},
						"0.75": {
							"post": [0.75, 0, 0],
							"lerp_mode": "catmullrom"
						},
						"0.8333": {
							"post": [-0.75, 0, 0],
							"lerp_mode": "catmullrom"
						},
						"0.9167": {
							"post": [0.75, 0, 0],
							"lerp_mode": "catmullrom"
						},
						"1.0": {
							"post": [-0.75, 0, 0],
							"lerp_mode": "catmullrom"
						},
						"1.0833": {
							"post": [0.75, 0, 0],
							"lerp_mode": "catmullrom"
						},
						"1.1667": {
							"post": [-0.75, 0, 0],
							"lerp_mode": "catmullrom"
						},
						"1.2917": {
							"post": [0, 0, 0],
							"lerp_mode": "catmullrom"
						}
					}
				}
			},
			"sound_effects": {
				"0.3333": {
					"effect": "pokemon.xenoster.cry"
				}
			}
		},
		"animation.xenoster.faint": {
			"animation_length": 5.2917,
			"bones": {
				"body": {
					"rotation": {
						"0.0": {
							"post": [0, 0, 0],
							"lerp_mode": "catmullrom"
						},
						"0.5833": {
							"post": [0, 0, 0],
							"lerp_mode": "catmullrom"
						},
						"1.375": {
							"post": [0, -360, 0],
							"lerp_mode": "catmullrom"
						},
						"1.875": {
							"post": [0, -1440, 0],
							"lerp_mode": "catmullrom"
						},
						"2.0": [0, -1440, 0]
					},
					"position": {
						"0.0": {
							"post": [0, 6, 0],
							"lerp_mode": "catmullrom"
						},
						"1.875": {
							"post": [0, 34, 0],
							"lerp_mode": "catmullrom"
						},
						"2.0": [0, -20.25, 0],
						"2.0417": [0, -21.25, 0],
						"2.0833": [0, -20.25, 0],
						"2.125": [0, -21.25, 0],
						"2.1667": [0, -20.25, 0],
						"2.2083": [0, -21.25, 0],
						"2.25": [0, -20.25, 0],
						"2.2917": [0, -20.5, 0],
						"2.3333": [0, -20.5, 0],
						"2.375": [0, -20.5, 0],
						"2.4167": [0, -20.5, 0]
					}
				},
				"torso": {
					"rotation": {
						"0.0": [0, 0, 0],
						"0.0417": [-13, 0, 0],
						"0.5833": {
							"pre": [8.66, 0, 0],
							"post": [8.66, 0, 0],
							"lerp_mode": "catmullrom"
						},
						"1.0833": {
							"post": [-2, 0, 0],
							"lerp_mode": "catmullrom"
						},
						"1.5": [0, 0, 0]
					},
					"position": [0, "math.sin(q.anim_time*90*0.5)*0.2", 0]
				},
				"neck": {
					"rotation": {
						"0.0": [0, 0, 0],
						"0.0417": {
							"pre": [11, 0, 0],
							"post": [11, 0, 0],
							"lerp_mode": "catmullrom"
						},
						"0.1667": {
							"post": [-9.58, 0, 0],
							"lerp_mode": "catmullrom"
						},
						"0.375": {
							"post": [-7, 0, 0],
							"lerp_mode": "catmullrom"
						},
						"0.5833": {
							"post": [7.74, 0, 0],
							"lerp_mode": "catmullrom"
						},
						"0.7083": {
							"post": [-3.3, 0, 0],
							"lerp_mode": "catmullrom"
						},
						"1.0417": {
							"post": [0.7, 0, 0],
							"lerp_mode": "catmullrom"
						},
						"1.4583": [0, 0, 0],
						"1.875": [0, 0, 0],
						"2.0": ["-2.5+math.sin(q.anim_time*90*0.5)*1", 0, "math.sin(q.anim_time*180*0.5)*1"]
					},
					"position": {
						"0.0": [0, 0, 0],
						"0.5833": [0, -2.25, 0]
					},
					"scale": {
						"0.0": [1, 1, 1],
						"1.875": [1, 1, 1],
						"2.0": [0, 0, 0]
					}
				},
				"neck2": {
					"rotation": {
						"0.0": ["-2.5+math.sin(q.anim_time*90*0.5-30)*1", 0, 0],
						"1.875": ["-2.5+math.sin(q.anim_time*90*0.5-30)*1", 0, 0],
						"2.0": ["-2.5+math.sin(q.anim_time*90*0.5-30)*1", 0, 0]
					}
				},
				"neck3": {
					"rotation": {
						"0.0": ["-2.5+math.sin(q.anim_time*90*0.5-60)*1", 0, 0],
						"1.875": ["-2.5+math.sin(q.anim_time*90*0.5-60)*1", 0, 0],
						"2.0": ["-2.5+math.sin(q.anim_time*90*0.5-60)*1", 0, 0]
					}
				},
				"neck4": {
					"rotation": {
						"0.0": ["-2.5+math.sin(q.anim_time*90*0.5-90)*1", 0, 0],
						"1.875": ["-2.5+math.sin(q.anim_time*90*0.5-90)*1", 0, 0],
						"2.0": ["-2.5+math.sin(q.anim_time*90*0.5-90)*1", 0, 0]
					}
				},
				"head": {
					"rotation": {
						"0.0": [0, 0, 0],
						"0.0417": {
							"pre": [11, 0, 0],
							"post": [11, 0, 0],
							"lerp_mode": "catmullrom"
						},
						"0.1667": {
							"post": [-9.58, 0, 0],
							"lerp_mode": "catmullrom"
						},
						"0.375": {
							"post": [-7, 0, 0],
							"lerp_mode": "catmullrom"
						},
						"0.7083": {
							"post": [-3.3, 0, 0],
							"lerp_mode": "catmullrom"
						},
						"1.0417": {
							"post": [0.7, 0, 0],
							"lerp_mode": "catmullrom"
						},
						"1.4583": [0, 0, 0],
						"1.875": [0, 0, 0],
						"2.0": [7.5, 0, 0]
					},
					"position": {
						"0.0": [0, -0.5, -0.75],
						"1.875": [0, -0.5, -0.75],
						"2.0": [0, -0.5, -0.75]
					}
				},
				"ring_top": {
					"rotation": {
						"0.0": [0, "(q.anim_time*90)*1", 0],
						"1.875": [0, "(q.anim_time*90)*1", 0],
						"2.0": [0, "(q.anim_time*90)*1", 0]
					},
					"position": {
						"0.0": [0, 0, 0],
						"0.1667": {
							"pre": [0, 0, 4],
							"post": [0, 0, 4],
							"lerp_mode": "catmullrom"
						},
						"0.625": {
							"post": [0, 0, -0.5],
							"lerp_mode": "catmullrom"
						},
						"1.5": [0, 0, 0],
						"1.875": [0, 0, 0]
					}
				},
				"drone_top": {
					"rotation": {
						"0.0": [0, "-(q.anim_time*90)*1", 0],
						"1.875": [0, "-(q.anim_time*90)*1", 0],
						"2.0": [0, "-(q.anim_time*90)*1", 0]
					},
					"position": {
						"0.0": [0, 0, 0],
						"0.1667": {
							"pre": [0, 0, 4],
							"post": [0, 0, 4],
							"lerp_mode": "catmullrom"
						},
						"0.625": {
							"post": [0, 0, -0.5],
							"lerp_mode": "catmullrom"
						},
						"1.5": [0, 0, 0],
						"1.875": [0, 0, 0],
						"2.0": [0, "math.sin(q.anim_time*180)*0.25", 0]
					}
				},
				"ring_middle": {
					"rotation": {
						"0.0": [0, "-(q.anim_time*90)*1", 0],
						"1.875": [0, "-(q.anim_time*90)*1", 0],
						"2.0": [0, "-(q.anim_time*90)*1", 0]
					},
					"position": {
						"0.0": [0, 0, 0],
						"0.1667": {
							"pre": [0, 0, 4],
							"post": [0, 0, 4],
							"lerp_mode": "catmullrom"
						},
						"0.625": {
							"post": [0, 0, -0.5],
							"lerp_mode": "catmullrom"
						},
						"1.5": [0, 0, 0],
						"1.875": [0, 0, 0]
					}
				},
				"drone_middle": {
					"rotation": {
						"0.0": [0, "(q.anim_time*90)*1", 0],
						"1.875": [0, "(q.anim_time*90)*1", 0],
						"2.0": [0, "(q.anim_time*90)*1", 0]
					},
					"position": {
						"0.0": [0, 0, 0],
						"0.1667": {
							"pre": [0, 0, 4],
							"post": [0, 0, 4],
							"lerp_mode": "catmullrom"
						},
						"0.625": {
							"post": [0, 0, -0.5],
							"lerp_mode": "catmullrom"
						},
						"1.5": [0, 0, 0],
						"1.875": [0, 0, 0],
						"2.0": [0, "-math.sin(q.anim_time*180)*0.25", 0]
					}
				},
				"drone_bottom": {
					"rotation": {
						"0.0": [0, "-(q.anim_time*90)*1", 0],
						"1.875": [0, "-(q.anim_time*90)*1", 0],
						"2.0": [0, "-(q.anim_time*90)*1", 0]
					},
					"position": {
						"0.0": [0, 0, 0],
						"0.1667": {
							"pre": [0, 0, 4],
							"post": [0, 0, 4],
							"lerp_mode": "catmullrom"
						},
						"0.625": {
							"post": [0, 0, -0.5],
							"lerp_mode": "catmullrom"
						},
						"1.5": [0, 0, 0],
						"1.875": [0, 0, 0],
						"2.0": [0, "math.sin(q.anim_time*180)*0.25", 0]
					}
				},
				"ring_bottom": {
					"rotation": {
						"0.0": [0, "(q.anim_time*90)*1", 0],
						"1.875": [0, "(q.anim_time*90)*1", 0],
						"2.0": [0, "(q.anim_time*90)*1", 0]
					},
					"position": {
						"0.0": [0, 0, 0],
						"0.1667": {
							"pre": [0, 0, 4],
							"post": [0, 0, 4],
							"lerp_mode": "catmullrom"
						},
						"0.625": {
							"post": [0, 0, -0.5],
							"lerp_mode": "catmullrom"
						},
						"1.5": [0, 0, 0],
						"1.875": [0, 0, 0]
					}
				},
				"arm_back_left": {
					"rotation": {
						"0.0": [0, 0, 0],
						"0.1667": {
							"pre": [-20, 0, 0],
							"post": [-20, 0, 0],
							"lerp_mode": "catmullrom"
						},
						"0.625": {
							"post": [6.21, 0, 0],
							"lerp_mode": "catmullrom"
						},
						"1.875": {
							"post": [0, 0, -35],
							"lerp_mode": "catmullrom"
						},
						"2.0": [0, 0, 0]
					},
					"position": [-0.25, 0, 0.25],
					"scale": {
						"1.875": [1, 1, 1],
						"2.0": [0, 0, 0]
					}
				},
				"arm_back_left2": {
					"rotation": [0, 0, "-22.5+math.sin(q.anim_time*90*2-30)*2"]
				},
				"arm_back_left3": {
					"rotation": [0, 0, "-22.5+math.sin(q.anim_time*90*2-60)*2"]
				},
				"arm_back_left4": {
					"rotation": [0, 0, "-22.5+math.sin(q.anim_time*90*2-90)*2"]
				},
				"arm_back_left5": {
					"rotation": [0, 0, "-22.5+math.sin(q.anim_time*90*2-120)*2"]
				},
				"arm_back_left6": {
					"rotation": [0, 0, "-22.5+math.sin(q.anim_time*90*2-150)*2"]
				},
				"leg_front_left": {
					"rotation": ["math.sin(q.anim_time*90*4)*5", 0, 0]
				},
				"leg_front_left2": {
					"rotation": ["math.sin(q.anim_time*90*4-45)*5", 0, 0]
				},
				"leg_front_left3": {
					"rotation": ["math.sin(q.anim_time*90*4-90)*5", 0, 0]
				},
				"leg_front_left4": {
					"rotation": ["math.sin(q.anim_time*90*4-135)*5", 0, 0]
				},
				"leg_back_right": {
					"rotation": ["math.sin(q.anim_time*90*4)*5", 0, 0]
				},
				"leg_back_right2": {
					"rotation": ["math.sin(q.anim_time*90*4-45)*5", 0, 0]
				},
				"leg_back_right3": {
					"rotation": ["math.sin(q.anim_time*90*4-90)*5", 0, 0]
				},
				"leg_back_right4": {
					"rotation": ["math.sin(q.anim_time*90*4-135)*5", 0, 0]
				},
				"leg_front_right": {
					"rotation": ["math.sin(q.anim_time*90*4)*5", 0, 0]
				},
				"leg_front_right2": {
					"rotation": ["math.sin(q.anim_time*90*4-45)*5", 0, 0]
				},
				"leg_front_right3": {
					"rotation": ["math.sin(q.anim_time*90*4-90)*5", 0, 0]
				},
				"leg_front_right4": {
					"rotation": ["math.sin(q.anim_time*90*4-135)*5", 0, 0]
				},
				"leg_back_left": {
					"rotation": ["math.sin(q.anim_time*90*4)*5", 0, 0]
				},
				"leg_back_left2": {
					"rotation": ["math.sin(q.anim_time*90*4-45)*5", 0, 0]
				},
				"leg_back_left3": {
					"rotation": ["math.sin(q.anim_time*90*4-90)*5", 0, 0]
				},
				"leg_back_left4": {
					"rotation": ["math.sin(q.anim_time*90*4-135)*5", 0, 0]
				},
				"arm_back_right": {
					"rotation": {
						"0.0": [0, 0, 0],
						"0.1667": {
							"pre": [-20, 0, 0],
							"post": [-20, 0, 0],
							"lerp_mode": "catmullrom"
						},
						"0.625": {
							"post": [6.21, 0, 0],
							"lerp_mode": "catmullrom"
						},
						"1.875": {
							"post": [0, 0, 35],
							"lerp_mode": "catmullrom"
						},
						"2.0": [0, 0, 0]
					},
					"position": [0.25, 0, 0.25],
					"scale": {
						"1.875": [1, 1, 1],
						"2.0": [0, 0, 0]
					}
				},
				"arm_back_right2": {
					"rotation": [0, 0, "22.5-math.sin(q.anim_time*90*2-30)*2"]
				},
				"arm_back_right3": {
					"rotation": [0, 0, "22.5-math.sin(q.anim_time*90*2-60)*2"]
				},
				"arm_back_right4": {
					"rotation": [0, 0, "22.5-math.sin(q.anim_time*90*2-90)*2"]
				},
				"arm_back_right5": {
					"rotation": [0, 0, "22.5-math.sin(q.anim_time*90*2-120)*2"]
				},
				"arm_back_right6": {
					"rotation": [0, 0, "22.5-math.sin(q.anim_time*90*2-150)*2"]
				},
				"arm_front_left": {
					"rotation": {
						"0.0": [0, 0, 0],
						"0.1667": {
							"pre": [0, -20, 0],
							"post": [0, -20, 0],
							"lerp_mode": "catmullrom"
						},
						"0.625": {
							"post": [0, 6.21, 0],
							"lerp_mode": "catmullrom"
						},
						"1.875": {
							"post": [-32.5, 0, 0],
							"lerp_mode": "catmullrom"
						},
						"2.0": [0, 0, 0]
					},
					"position": [0.25, 0, -0.25],
					"scale": {
						"1.875": [1, 1, 1],
						"2.0": [0, 0, 0]
					}
				},
				"arm_front_left2": {
					"rotation": ["-22.5+math.sin(q.anim_time*90*2-30)*2", 0, 0]
				},
				"arm_front_left3": {
					"rotation": ["-22.5+math.sin(q.anim_time*90*2-60)*2", 0, 0]
				},
				"arm_front_left4": {
					"rotation": ["-22.5+math.sin(q.anim_time*90*2-90)*2", 0, 0]
				},
				"arm_front_left5": {
					"rotation": ["-22.5+math.sin(q.anim_time*90*2-120)*2", 0, 0]
				},
				"arm_front_left6": {
					"rotation": ["-22.5+math.sin(q.anim_time*90*2-150)*2", 0, 0]
				},
				"arm_front_right": {
					"rotation": {
						"0.0": [0, 0, 0],
						"0.1667": {
							"pre": [0, 20, 0],
							"post": [0, 20, 0],
							"lerp_mode": "catmullrom"
						},
						"0.625": {
							"post": [0, -6.21, 0],
							"lerp_mode": "catmullrom"
						},
						"1.875": {
							"post": [-32.5, 0, 0],
							"lerp_mode": "catmullrom"
						},
						"2.0": [0, 0, 0]
					},
					"position": [0.25, 0, -0.25],
					"scale": {
						"1.875": [1, 1, 1],
						"2.0": [0, 0, 0]
					}
				},
				"arm_front_right2": {
					"rotation": ["-22.5+math.sin(q.anim_time*90*2-30)*2", 0, 0]
				},
				"arm_front_right3": {
					"rotation": ["-22.5+math.sin(q.anim_time*90*2-60)*2", 0, 0]
				},
				"arm_front_right4": {
					"rotation": ["-22.5+math.sin(q.anim_time*90*2-90)*2", 0, 0]
				},
				"arm_front_right5": {
					"rotation": ["-22.5+math.sin(q.anim_time*90*2-120)*2", 0, 0]
				},
				"arm_front_right6": {
					"rotation": ["-22.5+math.sin(q.anim_time*90*2-150)*2", 0, 0]
				},
				"legs": {
					"rotation": [0, "-(q.anim_time*90)*1.5", 0],
					"scale": {
						"1.875": [1, 1, 1],
						"2.0": [0, 0, 0]
					}
				},
				"eyelid_back_left": {
					"scale": {
						"0.0": [1, 1, 1],
						"0.0833": {"pre": [1, 1, 1], "post": [1.02, 1.02, 1.02]},
						"0.2917": {"pre": [1.02, 1.02, 1.02], "post": [1, 1, 1]}
					}
				},
				"eyelid_back_right": {
					"scale": {
						"0.0": [1, 1, 1],
						"0.0833": {"pre": [1, 1, 1], "post": [1.02, 1.02, 1.02]},
						"0.2917": {"pre": [1.02, 1.02, 1.02], "post": [1, 1, 1]}
					}
				},
				"eyelid_front_left": {
					"scale": {
						"0.0": [1, 1, 1],
						"0.0833": {"pre": [1, 1, 1], "post": [1.02, 1.02, 1.02]},
						"0.2917": {"pre": [1.02, 1.02, 1.02], "post": [1, 1, 1]}
					}
				},
				"eyelid_front_right": {
					"scale": {
						"0.0": [1, 1, 1],
						"0.0833": {"pre": [1, 1, 1], "post": [1.02, 1.02, 1.02]},
						"0.2917": {"pre": [1.02, 1.02, 1.02], "post": [1, 1, 1]}
					}
				},
				"eyelid": {
					"scale": {
						"0.0": [1, 1, 1],
						"0.0833": {"pre": [1, 1, 1], "post": [1.01, 1.01, 1.01]},
						"0.2917": {"pre": [1.01, 1.01, 1.01], "post": [1, 1, 1]},
						"2.0": {"pre": [1, 1, 1], "post": [1.01, 1.01, 1.01]}
					}
				}
			}
		},
		"animation.xenoster.leg_spin": {
			"loop": true,
			"animation_length": 1.6667,
			"bones": {
				"legs": {
					"rotation": {
						"0.0": [0, 0, 0],
						"1.6667": [0, -360, 0]
					}
				}
			}
		}
	}
}