{
	"format_version": "1.12.0",
	"minecraft:geometry": [
		{
			"description": {
				"identifier": "geometry.meowscarada",
				"texture_width": 128,
				"texture_height": 128,
				"visible_bounds_width": 5,
				"visible_bounds_height": 5.5,
				"visible_bounds_offset": [0, 2.25, 0]
			},
			"bones": [
				{
					"name": "meowscarada",
					"pivot": [0, -0.75, 0]
				},
				{
					"name": "body",
					"parent": "meowscarada",
					"pivot": [0, -0.75, 0]
				},
				{
					"name": "torso_bottom",
					"parent": "body",
					"pivot": [0, 25.85, -1],
					"cubes": [
						{"origin": [-3.5, 22.75, -4], "size": [7, 6, 6], "uv": [40, 45]}
					]
				},
				{
					"name": "torso_top",
					"parent": "torso_bottom",
					"pivot": [0, 28.75, -1],
					"cubes": [
						{"origin": [-3, 27.75, -3.5], "size": [6, 8, 5], "uv": [32, 0]}
					]
				},
				{
					"name": "cape",
					"parent": "torso_top",
					"pivot": [8.25, 31.75, -4.5],
					"rotation": [97.82819, -22.71972, 8.03177]
				},
				{
					"name": "fur_back_left8",
					"parent": "cape",
					"pivot": [6.75, 25.75, -4.5],
					"rotation": [-5, 0, -20]
				},
				{
					"name": "fur_back_left9",
					"parent": "fur_back_left8",
					"pivot": [5.75, 18.75, -6.5],
					"rotation": [-42.5, 0, -15],
					"cubes": [
						{"origin": [1.75, 16.75, -6.5], "size": [12, 10, 0], "pivot": [7, 0, -8], "rotation": [0, 0, -2.5], "uv": [104, 67]}
					]
				},
				{
					"name": "fur_back_left_spike3",
					"parent": "fur_back_left9",
					"pivot": [11.75, 14.5, -6.5],
					"rotation": [0, 0, 25]
				},
				{
					"name": "fur_back_left10",
					"parent": "fur_back_left9",
					"pivot": [4.75, 12.75, -6.5],
					"rotation": [-5, 0, -5],
					"cubes": [
						{"origin": [-2.25, 7.75, -6.499], "size": [17, 9, 0], "pivot": [5, -4, -8], "rotation": [0, 0, 5], "uv": [94, 79]}
					]
				},
				{
					"name": "fur_back_left_spike4",
					"parent": "fur_back_left10",
					"pivot": [11.75, 9.75, -6.5],
					"rotation": [0, 0, 45]
				},
				{
					"name": "fur_back_left11",
					"parent": "fur_back_left10",
					"pivot": [11.75, 7.75, -6.5],
					"rotation": [-10, 0, 10],
					"cubes": [
						{"origin": [-2.25, 1.75, -6.5], "size": [19, 6, 0], "uv": [90, 91]}
					]
				},
				{
					"name": "fur_back_left12",
					"parent": "fur_back_left11",
					"pivot": [11.75, 2.75, -6.5],
					"rotation": [-30, 0, 0],
					"cubes": [
						{"origin": [-4.25, -10.25, -6.499], "size": [22, 13, 0], "uv": [84, 100]}
					]
				},
				{
					"name": "neck",
					"parent": "torso_top",
					"pivot": [0, 35.75, -1],
					"cubes": [
						{"origin": [-2, 33.25, -3], "size": [4, 5, 4], "uv": [44, 31]}
					]
				},
				{
					"name": "scarfthing",
					"parent": "neck",
					"pivot": [0, 0, 0]
				},
				{
					"name": "bib",
					"parent": "scarfthing",
					"pivot": [0, 0, 0],
					"cubes": [
						{"origin": [-3, 27, -4], "size": [6, 8, 0], "pivot": [0, 33, -5], "rotation": [-12.5, 0, 0], "uv": [25, 73]}
					]
				},
				{
					"name": "lfront",
					"parent": "scarfthing",
					"pivot": [6, 35, -1],
					"cubes": [
						{"origin": [-6, 31, -4], "size": [6, 5, 0], "pivot": [-3, 34, -4], "rotation": [0, 22.5, 17.5], "uv": [90, 72], "mirror": true}
					]
				},
				{
					"name": "Rfront",
					"parent": "scarfthing",
					"pivot": [6, 35, -1],
					"cubes": [
						{"origin": [0, 31, -4], "size": [6, 5, 0], "pivot": [3, 34, -4], "rotation": [0, -22.5, -17.5], "uv": [90, 72]}
					]
				},
				{
					"name": "rightflap",
					"parent": "scarfthing",
					"pivot": [6, 35, -1],
					"cubes": [
						{"origin": [5, 30, -4], "size": [0, 7, 6], "pivot": [6, 35, -1], "rotation": [0, 0, -37.5], "uv": [42, 95]}
					]
				},
				{
					"name": "leftflap",
					"parent": "scarfthing",
					"pivot": [6, 35, -1],
					"cubes": [
						{"origin": [-5, 30, -4], "size": [0, 7, 6], "pivot": [-6, 35, -1], "rotation": [0, 0, 37.5], "uv": [42, 95], "mirror": true}
					]
				},
				{
					"name": "head",
					"parent": "neck",
					"pivot": [0, 36.75, -1],
					"cubes": [
						{"origin": [-4, 36.75, -5], "size": [8, 8, 8], "uv": [0, 0]},
						{"origin": [-1.5, 37, -5.85], "size": [3, 2, 1], "uv": [63, 57]},
						{"origin": [-0.5, 38, -5.85], "size": [1, 1, 1], "inflate": 0.01, "uv": [98, 20]}
					]
				},
				{
					"name": "hat",
					"parent": "head",
					"pivot": [0, -1, -29],
					"cubes": [
						{"origin": [-5, 54, -3], "size": [10, 10, 10], "pivot": [0, 54, 2], "rotation": [-17.35932, 2.24944, 7.15656], "uv": [0, 87]},
						{"origin": [-5, 47, -3], "size": [10, 2, 10], "uv": [64, 116]},
						{"origin": [-15, 47, -7], "size": [10, 0, 18], "pivot": [-6, 46, 2], "rotation": [0, 0, 30], "uv": [22, 110]},
						{"origin": [5, 47, -7], "size": [10, 0, 18], "pivot": [6, 46, 2], "rotation": [0, 0, -20], "uv": [22, 110], "mirror": true},
						{"origin": [-5, 46, -7], "size": [10, 1, 18], "uv": [-18, 67]},
						{"origin": [-4, 47, -2], "size": [8, 10, 8], "pivot": [0, 47, 2], "rotation": [0, 0, 2.5], "uv": [0, 110]}
					]
				},
				{
					"name": "eyes",
					"parent": "head",
					"pivot": [0, -3.75, -2]
				},
				{
					"name": "eye_right",
					"parent": "eyes",
					"pivot": [-2.4, 40.25, -5],
					"rotation": [0, 0, 2.5],
					"cubes": [
						{"origin": [-3.9, 39.25, -5], "size": [3, 2, 0], "inflate": 0.01, "uv": [67, 46]},
						{"origin": [-2.9, 39.25, -5], "size": [2, 2, 0], "inflate": 0.02, "uv": [112, 24]},
						{"origin": [-2.4, 39.25, -5], "size": [1, 2, 0], "inflate": 0.03, "uv": [78, 33]}
					]
				},
				{
					"name": "eyelid_right",
					"parent": "eye_right",
					"pivot": [-2.4, 40, -4.4],
					"cubes": [
						{"origin": [-3.9, 39, -4.9], "size": [3, 3, 1], "inflate": 0.04, "uv": [71, 42]}
					]
				},
				{
					"name": "eye_left",
					"parent": "eyes",
					"pivot": [2.4, 40.25, -5],
					"rotation": [0, 0, -2.5],
					"cubes": [
						{"origin": [0.9, 39.25, -5], "size": [3, 2, 0], "inflate": 0.01, "uv": [67, 46], "mirror": true},
						{"origin": [0.9, 39.25, -5], "size": [2, 2, 0], "inflate": 0.02, "uv": [112, 24], "mirror": true},
						{"origin": [1.4, 39.25, -5], "size": [1, 2, 0], "inflate": 0.03, "uv": [78, 33], "mirror": true}
					]
				},
				{
					"name": "eyelid_left",
					"parent": "eye_left",
					"pivot": [2.4, 40, -4.4],
					"cubes": [
						{"origin": [0.9, 39, -4.9], "size": [3, 3, 1], "inflate": 0.04, "uv": [71, 42], "mirror": true}
					]
				},
				{
					"name": "mouth_open",
					"parent": "head",
					"pivot": [0, 37.5, -5.75],
					"cubes": [
						{"origin": [-1, 37, -5.75], "size": [2, 1, 0], "inflate": 0.01, "uv": [98, 19]}
					]
				},
				{
					"name": "mask",
					"parent": "head",
					"pivot": [0, 41.5, -6.1]
				},
				{
					"name": "mask_right",
					"parent": "mask",
					"pivot": [0, 42, -6.1],
					"rotation": [0, 14.75, 0],
					"cubes": [
						{"origin": [-6, 36, -6.101], "size": [6, 10, 0], "uv": [104, 33]}
					]
				},
				{
					"name": "mask_right2",
					"parent": "mask_right",
					"pivot": [0, 46, -6.1],
					"rotation": [0, 0, -30],
					"cubes": [
						{"origin": [-6, 46, -6.1], "size": [6, 7, 0], "uv": [80, 33]}
					]
				},
				{
					"name": "mask_right3",
					"parent": "mask_right2",
					"pivot": [-1, 53, -6.1],
					"rotation": [-15, 0, 0],
					"cubes": [
						{"origin": [-4, 53, -6.1], "size": [3, 5, 0], "uv": [74, 27]}
					]
				},
				{
					"name": "mask_left",
					"parent": "mask",
					"pivot": [0, 42, -6.1],
					"rotation": [0, -14.75, 0],
					"cubes": [
						{"origin": [0, 36, -6.101], "size": [6, 10, 0], "uv": [104, 33], "mirror": true}
					]
				},
				{
					"name": "mask_left2",
					"parent": "mask_left",
					"pivot": [0, 46, -6.1],
					"rotation": [0, 0, 30],
					"cubes": [
						{"origin": [0, 46, -6.1], "size": [6, 7, 0], "uv": [80, 33], "mirror": true}
					]
				},
				{
					"name": "mask_left3",
					"parent": "mask_left2",
					"pivot": [1, 53, -6.1],
					"rotation": [-15, 0, 0],
					"cubes": [
						{"origin": [1, 53, -6.1], "size": [3, 5, 0], "uv": [74, 27], "mirror": true}
					]
				},
				{
					"name": "head_ruff_right",
					"parent": "head",
					"pivot": [4, 44.75, -3.5],
					"rotation": [-5, -10, 22.5],
					"cubes": [
						{"origin": [4, 38.75, -3.5], "size": [4, 6, 5], "uv": [18, 16]}
					]
				},
				{
					"name": "head_ruff_right2",
					"parent": "head_ruff_right",
					"pivot": [8, 44.5, -2.5],
					"rotation": [0, -5, 25],
					"cubes": [
						{"origin": [8, 40.5, -2.5], "size": [4, 4, 3], "uv": [30, 34]}
					]
				},
				{
					"name": "head_ruff_right3",
					"parent": "head_ruff_right2",
					"pivot": [12, 44.25, -1],
					"rotation": [0, -5, 30],
					"cubes": [
						{"origin": [12, 41.25, -1], "size": [4, 3, 0], "uv": [100, 10]}
					]
				},
				{
					"name": "head_ruff_left",
					"parent": "head",
					"pivot": [-4, 44.75, -3.5],
					"rotation": [-5, 10, -22.5],
					"cubes": [
						{"origin": [-8, 38.75, -3.5], "size": [4, 6, 5], "uv": [18, 16], "mirror": true}
					]
				},
				{
					"name": "head_ruff_left2",
					"parent": "head_ruff_left",
					"pivot": [-8, 44.5, -2.5],
					"rotation": [0, 5, -25],
					"cubes": [
						{"origin": [-12, 40.5, -2.5], "size": [4, 4, 3], "uv": [30, 34], "mirror": true}
					]
				},
				{
					"name": "head_ruff_left3",
					"parent": "head_ruff_left2",
					"pivot": [-12, 44.25, -1],
					"rotation": [0, 5, -30],
					"cubes": [
						{"origin": [-16, 41.25, -1], "size": [4, 3, 0], "uv": [100, 10], "mirror": true}
					]
				},
				{
					"name": "head_ruff_back_right",
					"parent": "head",
					"pivot": [-1.9, 44.75, -0.25],
					"rotation": [7.5, -15, 0],
					"cubes": [
						{"origin": [-2.9, 42, -0.25], "size": [2, 3, 4], "uv": [40, 57]}
					]
				},
				{
					"name": "head_ruff_back_right2",
					"parent": "head_ruff_back_right",
					"pivot": [-1.4, 45, 3.75],
					"rotation": [-20, -10, 0],
					"cubes": [
						{"origin": [-2.4, 43, 3.75], "size": [1, 2, 2], "uv": [11, 27]}
					]
				},
				{
					"name": "head_ruff_back_right3",
					"parent": "head_ruff_back_right2",
					"pivot": [-1.9, 43, 5.75],
					"rotation": [10, 0, 0],
					"cubes": [
						{"origin": [-1.9, 43, 5.75], "size": [0, 2, 2], "uv": [90, 38]}
					]
				},
				{
					"name": "head_ruff_back_left",
					"parent": "head",
					"pivot": [1.9, 44.75, -0.25],
					"rotation": [7.5, 15, 0],
					"cubes": [
						{"origin": [0.9, 42, -0.25], "size": [2, 3, 4], "uv": [40, 57], "mirror": true}
					]
				},
				{
					"name": "head_ruff_back_left2",
					"parent": "head_ruff_back_left",
					"pivot": [1.4, 45, 3.75],
					"rotation": [-20, 10, 0],
					"cubes": [
						{"origin": [1.4, 43, 3.75], "size": [1, 2, 2], "uv": [11, 27], "mirror": true}
					]
				},
				{
					"name": "head_ruff_back_left3",
					"parent": "head_ruff_back_left2",
					"pivot": [1.9, 43, 5.75],
					"rotation": [10, 0, 0],
					"cubes": [
						{"origin": [1.9, 43, 5.75], "size": [0, 2, 2], "uv": [90, 38], "mirror": true}
					]
				},
				{
					"name": "neck_ruff",
					"parent": "neck",
					"pivot": [0, 36.25, -1],
					"rotation": [5, 0, 0]
				},
				{
					"name": "neck_ruff_right",
					"parent": "neck_ruff",
					"pivot": [-2, 36.25, -1],
					"rotation": [2.5, 90, 0],
					"cubes": [
						{"origin": [-3.5, 36.25, -5.75], "size": [3, 0, 5], "uv": [23, 41]}
					]
				},
				{
					"name": "neck_ruff_right2",
					"parent": "neck_ruff",
					"pivot": [0, 36.25, -1],
					"rotation": [2.5, 45, 0],
					"cubes": [
						{"origin": [-1.5, 36.25, -7.75], "size": [3, 0, 5], "uv": [17, 41], "mirror": true}
					]
				},
				{
					"name": "neck_ruff_right3",
					"parent": "neck_ruff",
					"pivot": [0, 36.25, -1],
					"rotation": [0, -45, -2.5],
					"cubes": [
						{"origin": [-1.5, 36.25, 0.75], "size": [3, 0, 5], "uv": [35, 46]}
					]
				},
				{
					"name": "neck_ruff_front",
					"parent": "neck_ruff",
					"pivot": [0, 36.25, -1],
					"rotation": [2.5, -45, 0],
					"cubes": [
						{"origin": [-1.5, 36.25, -7.75], "size": [3, 0, 5], "uv": [17, 41]},
						{"origin": [-1.5, 36.25, -7.75], "size": [3, 0, 5], "uv": [23, 46]}
					]
				},
				{
					"name": "neck_ruff_left",
					"parent": "neck_ruff",
					"pivot": [0, 36.25, -1],
					"rotation": [2.5, -45, 0],
					"cubes": [
						{"origin": [-1.5, 36.25, -7.75], "size": [3, 0, 5], "uv": [17, 41]}
					]
				},
				{
					"name": "neck_ruff_left2",
					"parent": "neck_ruff",
					"pivot": [2, 36.25, -1],
					"rotation": [2.5, -90, 0],
					"cubes": [
						{"origin": [0.5, 36.25, -5.75], "size": [3, 0, 5], "uv": [23, 41], "mirror": true}
					]
				},
				{
					"name": "neck_ruff_left3",
					"parent": "neck_ruff",
					"pivot": [0, 36.25, -1],
					"rotation": [0, 45, 2.5],
					"cubes": [
						{"origin": [-1.5, 36.25, 0.75], "size": [3, 0, 5], "uv": [35, 46], "mirror": true}
					]
				},
				{
					"name": "neck_ruff_back",
					"parent": "neck_ruff",
					"pivot": [0, 36.25, 1],
					"rotation": [-5, 0, 0],
					"cubes": [
						{"origin": [-1.5, 36.25, 0.75], "size": [3, 0, 5], "uv": [35, 41]}
					]
				},
				{
					"name": "arm_right",
					"parent": "torso_top",
					"pivot": [-3.5, 34.25, -1],
					"cubes": [
						{"origin": [-9.5, 33.25, -2.5], "size": [6, 2, 3], "uv": [44, 26], "mirror": true}
					]
				},
				{
					"name": "arm_right2",
					"parent": "arm_right",
					"pivot": [-9.5, 34.25, 0.5],
					"cubes": [
						{"origin": [-19.5, 32.25, -3], "size": [7, 4, 4], "uv": [31, 13], "mirror": true},
						{"origin": [-12.5, 32.75, -3], "size": [3, 3, 4], "uv": [16, 27], "mirror": true}
					]
				},
				{
					"name": "hand_right",
					"parent": "arm_right2",
					"pivot": [-19.5, 34.25, -1],
					"cubes": [
						{"origin": [-22.5, 33.25, -2.5], "size": [3, 2, 3], "uv": [88, 19], "mirror": true},
						{"origin": [-22, 33.25, -2], "size": [2, 0, 2], "inflate": 0.01, "uv": [-2, 18]}
					]
				},
				{
					"name": "finger_index_right",
					"parent": "hand_right",
					"pivot": [-22.5, 34.75, 0],
					"rotation": [0, 5, 0],
					"cubes": [
						{"origin": [-23.5, 33.75, -0.5], "size": [1, 1, 1], "uv": [4, 6], "mirror": true}
					]
				},
				{
					"name": "finger_index_right2",
					"parent": "finger_index_right",
					"pivot": [-23.25, 34.75, 0],
					"cubes": [
						{"origin": [-24.25, 33.75, -0.5], "size": [1, 1, 1], "inflate": 0.1, "uv": [0, 27], "mirror": true},
						{"origin": [-25.25, 33.75, 0], "size": [1, 1, 0], "uv": [101, 24], "mirror": true}
					]
				},
				{
					"name": "finger_middle_right",
					"parent": "hand_right",
					"pivot": [-22.5, 35.25, -1],
					"cubes": [
						{"origin": [-23.5, 34.25, -1.5], "size": [1, 1, 1], "uv": [0, 6], "mirror": true}
					]
				},
				{
					"name": "finger_middle_right2",
					"parent": "finger_middle_right",
					"pivot": [-23.5, 35.25, -1],
					"cubes": [
						{"origin": [-24.5, 34.25, -1.5], "size": [1, 1, 1], "inflate": 0.1, "uv": [0, 2], "mirror": true},
						{"origin": [-25.5, 34.25, -1], "size": [1, 1, 0], "uv": [97, 25], "mirror": true}
					]
				},
				{
					"name": "finger_ring_right",
					"parent": "hand_right",
					"pivot": [-22.5, 34.75, -2],
					"rotation": [0, -5, 0],
					"cubes": [
						{"origin": [-23.5, 33.75, -2.5], "size": [1, 1, 1], "uv": [120, 30], "mirror": true}
					]
				},
				{
					"name": "finger_ring_right2",
					"parent": "finger_ring_right",
					"pivot": [-23.25, 34.75, -2],
					"cubes": [
						{"origin": [-24.25, 33.75, -2.5], "size": [1, 1, 1], "inflate": 0.1, "uv": [4, 4], "mirror": true},
						{"origin": [-25.25, 33.75, -2], "size": [1, 1, 0], "uv": [97, 24], "mirror": true}
					]
				},
				{
					"name": "arm_left",
					"parent": "torso_top",
					"pivot": [3.5, 34.25, -1],
					"cubes": [
						{"origin": [3.5, 33.25, -2.5], "size": [6, 2, 3], "uv": [44, 26]}
					]
				},
				{
					"name": "arm_left2",
					"parent": "arm_left",
					"pivot": [9.5, 34.25, 0.5],
					"cubes": [
						{"origin": [12.5, 32.25, -3], "size": [7, 4, 4], "uv": [31, 13]},
						{"origin": [9.5, 32.75, -3], "size": [3, 3, 4], "uv": [16, 27]}
					]
				},
				{
					"name": "hand_left",
					"parent": "arm_left2",
					"pivot": [19.5, 34.25, -1],
					"cubes": [
						{"origin": [19.5, 33.25, -2.5], "size": [3, 2, 3], "uv": [88, 19]},
						{"origin": [20, 33.25, -2], "size": [2, 0, 2], "inflate": 0.01, "uv": [-2, 18], "mirror": true}
					]
				},
				{
					"name": "finger_index_left",
					"parent": "hand_left",
					"pivot": [22.5, 34.75, 0],
					"rotation": [0, -5, 0],
					"cubes": [
						{"origin": [22.5, 33.75, -0.5], "size": [1, 1, 1], "uv": [4, 6]}
					]
				},
				{
					"name": "finger_index_left2",
					"parent": "finger_index_left",
					"pivot": [23.25, 34.75, 0],
					"cubes": [
						{"origin": [23.25, 33.75, -0.5], "size": [1, 1, 1], "inflate": 0.1, "uv": [0, 27]},
						{"origin": [24.25, 33.75, 0], "size": [1, 1, 0], "uv": [101, 24]}
					]
				},
				{
					"name": "finger_middle_left",
					"parent": "hand_left",
					"pivot": [22.5, 35.25, -1],
					"cubes": [
						{"origin": [22.5, 34.25, -1.5], "size": [1, 1, 1], "uv": [0, 6]}
					]
				},
				{
					"name": "finger_middle_left2",
					"parent": "finger_middle_left",
					"pivot": [23.5, 35.25, -1],
					"cubes": [
						{"origin": [23.5, 34.25, -1.5], "size": [1, 1, 1], "inflate": 0.1, "uv": [0, 2]},
						{"origin": [24.5, 34.25, -1], "size": [1, 1, 0], "uv": [97, 25]}
					]
				},
				{
					"name": "finger_ring_left",
					"parent": "hand_left",
					"pivot": [22.5, 34.75, -2],
					"rotation": [0, 5, 0],
					"cubes": [
						{"origin": [22.5, 33.75, -2.5], "size": [1, 1, 1], "uv": [120, 30]}
					]
				},
				{
					"name": "finger_ring_left2",
					"parent": "finger_ring_left",
					"pivot": [23.25, 34.75, -2],
					"cubes": [
						{"origin": [23.25, 33.75, -2.5], "size": [1, 1, 1], "inflate": 0.1, "uv": [4, 4]},
						{"origin": [24.25, 33.75, -2], "size": [1, 1, 0], "uv": [97, 24]}
					]
				},
				{
					"name": "fur_front_right",
					"parent": "torso_top",
					"pivot": [-1.65, 35.75, -3.5],
					"rotation": [-5, 0, 7.5],
					"cubes": [
						{"origin": [-3.15, 27.75, -3.5], "size": [3, 8, 0], "uv": [94, 5]}
					]
				},
				{
					"name": "fur_front_left",
					"parent": "torso_top",
					"pivot": [1.65, 35.75, -3.5],
					"rotation": [-5, 0, -7.5],
					"cubes": [
						{"origin": [0.15, 27.75, -3.5], "size": [3, 8, 0], "uv": [94, 5], "mirror": true}
					]
				},
				{
					"name": "fur_back_right",
					"parent": "torso_top",
					"pivot": [-1.25, 35.75, 1.5],
					"rotation": [35, 0, 15],
					"cubes": [
						{"origin": [-2.75, 29.75, 1.5], "size": [3, 6, 0], "uv": [76, 16]}
					]
				},
				{
					"name": "fur_back_right2",
					"parent": "fur_back_right",
					"pivot": [0.25, 29.75, 1.5],
					"rotation": [-5, 0, 20],
					"cubes": [
						{"origin": [-3.75, 22.75, 1.501], "size": [5, 7, 0], "uv": [108, 6]}
					]
				},
				{
					"name": "fur_back_right3",
					"parent": "fur_back_right2",
					"pivot": [1.25, 22.75, 1.5],
					"rotation": [-20, 0, 15],
					"cubes": [
						{"origin": [-4.75, 16.75, 1.5], "size": [7, 6, 0], "uv": [100, 0]}
					]
				},
				{
					"name": "fur_back_right_spike",
					"parent": "fur_back_right3",
					"pivot": [-4.75, 18.5, 1.5],
					"rotation": [0, 0, -25],
					"cubes": [
						{"origin": [-10.75, 15.5, 1.501], "size": [6, 3, 0], "uv": [74, 3]}
					]
				},
				{
					"name": "fur_back_right4",
					"parent": "fur_back_right3",
					"pivot": [2.25, 16.75, 1.5],
					"rotation": [-5, 0, 5],
					"cubes": [
						{"origin": [-4.75, 11.75, 1.501], "size": [7, 5, 0], "uv": [86, 0]}
					]
				},
				{
					"name": "fur_back_right_spike2",
					"parent": "fur_back_right4",
					"pivot": [-4.75, 13.75, 1.5],
					"rotation": [0, 0, -45],
					"cubes": [
						{"origin": [-10.75, 10.75, 1.5], "size": [6, 3, 0], "uv": [74, 0]}
					]
				},
				{
					"name": "fur_back_right5",
					"parent": "fur_back_right4",
					"pivot": [-4.75, 11.75, 1.5],
					"rotation": [-10, 0, -10],
					"cubes": [
						{"origin": [-4.75, 6.75, 1.5], "size": [7, 5, 0], "uv": [74, 22]}
					]
				},
				{
					"name": "fur_back_right6",
					"parent": "fur_back_right5",
					"pivot": [-4.75, 6.75, 1.5],
					"rotation": [-30, 0, 0],
					"cubes": [
						{"origin": [-4.75, 0.75, 1.501], "size": [7, 6, 0], "uv": [100, 13]}
					]
				},
				{
					"name": "fur_back_left",
					"parent": "torso_top",
					"pivot": [1.25, 35.75, 1.5],
					"rotation": [35, 0, -15],
					"cubes": [
						{"origin": [-0.25, 29.75, 1.5], "size": [3, 6, 0], "uv": [76, 16], "mirror": true}
					]
				},
				{
					"name": "fur_back_left2",
					"parent": "fur_back_left",
					"pivot": [-0.25, 29.75, 1.5],
					"rotation": [-5, 0, -20],
					"cubes": [
						{"origin": [-1.25, 22.75, 1.501], "size": [5, 7, 0], "uv": [108, 6], "mirror": true}
					]
				},
				{
					"name": "fur_back_left3",
					"parent": "fur_back_left2",
					"pivot": [-1.25, 22.75, 1.5],
					"rotation": [-20, 0, -15],
					"cubes": [
						{"origin": [-2.25, 16.75, 1.5], "size": [7, 6, 0], "uv": [100, 0], "mirror": true}
					]
				},
				{
					"name": "fur_back_left_spike",
					"parent": "fur_back_left3",
					"pivot": [4.75, 18.5, 1.5],
					"rotation": [0, 0, 25],
					"cubes": [
						{"origin": [4.75, 15.5, 1.501], "size": [6, 3, 0], "uv": [74, 3], "mirror": true}
					]
				},
				{
					"name": "fur_back_left4",
					"parent": "fur_back_left3",
					"pivot": [-2.25, 16.75, 1.5],
					"rotation": [-5, 0, -5],
					"cubes": [
						{"origin": [-2.25, 11.75, 1.501], "size": [7, 5, 0], "uv": [86, 0], "mirror": true}
					]
				},
				{
					"name": "fur_back_left_spike2",
					"parent": "fur_back_left4",
					"pivot": [4.75, 13.75, 1.5],
					"rotation": [0, 0, 45],
					"cubes": [
						{"origin": [4.75, 10.75, 1.5], "size": [6, 3, 0], "uv": [74, 0], "mirror": true}
					]
				},
				{
					"name": "fur_back_left5",
					"parent": "fur_back_left4",
					"pivot": [4.75, 11.75, 1.5],
					"rotation": [-10, 0, 10],
					"cubes": [
						{"origin": [-2.25, 6.75, 1.5], "size": [7, 5, 0], "uv": [74, 22], "mirror": true}
					]
				},
				{
					"name": "fur_back_left6",
					"parent": "fur_back_left5",
					"pivot": [4.75, 6.75, 1.5],
					"rotation": [-30, 0, 0],
					"cubes": [
						{"origin": [-2.25, 0.75, 1.501], "size": [7, 6, 0], "uv": [100, 13], "mirror": true}
					]
				},
				{
					"name": "tail",
					"parent": "torso_bottom",
					"pivot": [0, 26.25, 1.75],
					"rotation": [20, 0, 0],
					"cubes": [
						{"origin": [-1.5, 24.25, 0.75], "size": [3, 4, 5], "uv": [0, 27]}
					]
				},
				{
					"name": "tail2",
					"parent": "tail",
					"pivot": [0, 28.25, 5.75],
					"rotation": [-10, 0, 0],
					"cubes": [
						{"origin": [0, 25.25, 5.75], "size": [0, 3, 2], "uv": [76, 36]}
					]
				},
				{
					"name": "leg_right_thigh",
					"parent": "body",
					"pivot": [-2.2, 25.85, -1],
					"rotation": [0, 0, 10],
					"cubes": [
						{"origin": [-4.7, 20.85, -3.5], "size": [5, 7, 5], "uv": [20, 51]}
					]
				},
				{
					"name": "leg_right_ruff",
					"parent": "leg_right_thigh",
					"pivot": [0.3, 22.35, -1],
					"rotation": [0, 0, -5],
					"cubes": [
						{"origin": [0.3, 20.35, -3.5], "size": [0, 2, 5], "uv": [66, 45]}
					]
				},
				{
					"name": "leg_right_ruff_end1",
					"parent": "leg_right_ruff",
					"pivot": [0.3, 20.35, -1],
					"rotation": [0, 0, -10],
					"cubes": [
						{"origin": [0.3, 18.35, -3.5], "size": [0, 2, 5], "uv": [96, 43]}
					]
				},
				{
					"name": "leg_right_ruff2",
					"parent": "leg_right_thigh",
					"pivot": [-2.2, 22.35, -3.5],
					"rotation": [-2.5, 0, 0],
					"cubes": [
						{"origin": [-4.7, 20.35, -3.5], "size": [5, 2, 0], "uv": [96, 54]}
					]
				},
				{
					"name": "leg_right_ruff_end2",
					"parent": "leg_right_ruff2",
					"pivot": [-2.2, 20.35, -3.5],
					"rotation": [-10, 0, 0],
					"cubes": [
						{"origin": [-4.7, 18.35, -3.5], "size": [5, 2, 0], "uv": [86, 54]}
					]
				},
				{
					"name": "leg_right_ruff3",
					"parent": "leg_right_thigh",
					"pivot": [-4.7, 22.35, -1],
					"rotation": [0, 0, 2.5],
					"cubes": [
						{"origin": [-4.7, 20.35, -3.5], "size": [0, 2, 5], "uv": [96, 45]}
					]
				},
				{
					"name": "leg_right_ruff_end3",
					"parent": "leg_right_ruff3",
					"pivot": [-4.7, 20.35, -1],
					"rotation": [0, 0, 10],
					"cubes": [
						{"origin": [-4.7, 18.35, -3.5], "size": [0, 2, 5], "uv": [66, 49]}
					]
				},
				{
					"name": "leg_right_ruff4",
					"parent": "leg_right_thigh",
					"pivot": [-2.2, 22.35, 1.5],
					"rotation": [2.5, 0, 0],
					"cubes": [
						{"origin": [-4.7, 20.35, 1.5], "size": [5, 2, 0], "uv": [66, 52]}
					]
				},
				{
					"name": "leg_right_ruff_end4",
					"parent": "leg_right_ruff4",
					"pivot": [-2.2, 20.35, 1.5],
					"rotation": [7.5, 0, 0],
					"cubes": [
						{"origin": [-4.7, 18.35, 1.5], "size": [5, 2, 0], "uv": [66, 48]}
					]
				},
				{
					"name": "leg_right",
					"parent": "leg_right_thigh",
					"pivot": [-1.95, 22.05, -1],
					"rotation": [0, 0, -10],
					"cubes": [
						{"origin": [-3.95, 16.05, -2.5], "size": [4, 6, 3], "inflate": 0.01, "uv": [100, 24]}
					]
				},
				{
					"name": "leg_right2",
					"parent": "leg_right",
					"pivot": [-1.95, 16.05, -2.5],
					"rotation": [45, 0, 0],
					"cubes": [
						{"origin": [-3.95, 11.05, -2.5], "size": [4, 5, 3], "uv": [93, 40]}
					]
				},
				{
					"name": "leg_right3",
					"parent": "leg_right2",
					"pivot": [-1.95, 11.05, 0.5],
					"rotation": [-45, 0, 0],
					"cubes": [
						{"origin": [-3.95, 0.05, -2.5], "size": [4, 11, 3], "inflate": 0.01, "uv": [60, 14]}
					]
				},
				{
					"name": "leg_right4",
					"parent": "leg_right3",
					"pivot": [-2, 0.05, 0.5],
					"rotation": [-25, 0, 0],
					"cubes": [
						{"origin": [-3.95, -3.95, -2.5], "size": [4, 4, 3], "uv": [60, 28]}
					]
				},
				{
					"name": "foot_right",
					"parent": "leg_right4",
					"pivot": [-1.95, -3.95, 0.5],
					"rotation": [-65, 0, 0],
					"cubes": [
						{"origin": [-3.95, -6.95, -2.5], "size": [4, 3, 3], "inflate": 0.01, "uv": [114, 24]}
					]
				},
				{
					"name": "foot_right2",
					"parent": "foot_right",
					"pivot": [-1.95, -6.95, 0.5],
					"cubes": [
						{"origin": [-3.95, -8.95, -2.5], "size": [4, 2, 3], "uv": [100, 19]},
						{"origin": [-3.45, -8.95, -2.5], "size": [3, 1, 3], "inflate": 0.01, "uv": [116, 43], "mirror": true}
					]
				},
				{
					"name": "leg_left_thigh",
					"parent": "body",
					"pivot": [2.2, 25.85, -1],
					"rotation": [0, 0, -10],
					"cubes": [
						{"origin": [-0.3, 20.85, -3.5], "size": [5, 7, 5], "uv": [20, 51], "mirror": true}
					]
				},
				{
					"name": "leg_left_ruff",
					"parent": "leg_left_thigh",
					"pivot": [-0.3, 22.35, -1],
					"rotation": [0, 0, 5],
					"cubes": [
						{"origin": [-0.3, 20.35, -3.5], "size": [0, 2, 5], "uv": [66, 45], "mirror": true}
					]
				},
				{
					"name": "leg_left_ruff_end1",
					"parent": "leg_left_ruff",
					"pivot": [-0.3, 20.35, -1],
					"rotation": [0, 0, 10],
					"cubes": [
						{"origin": [-0.3, 18.35, -3.5], "size": [0, 2, 5], "uv": [96, 43], "mirror": true}
					]
				},
				{
					"name": "leg_left_ruff2",
					"parent": "leg_left_thigh",
					"pivot": [2.2, 22.35, -3.5],
					"rotation": [-2.5, 0, 0],
					"cubes": [
						{"origin": [-0.3, 20.35, -3.5], "size": [5, 2, 0], "uv": [96, 54], "mirror": true}
					]
				},
				{
					"name": "leg_left_ruff_end2",
					"parent": "leg_left_ruff2",
					"pivot": [2.2, 20.35, -3.5],
					"rotation": [-10, 0, 0],
					"cubes": [
						{"origin": [-0.3, 18.35, -3.5], "size": [5, 2, 0], "uv": [86, 54], "mirror": true}
					]
				},
				{
					"name": "leg_left_ruff3",
					"parent": "leg_left_thigh",
					"pivot": [4.7, 22.35, -1],
					"rotation": [0, 0, -2.5],
					"cubes": [
						{"origin": [4.7, 20.35, -3.5], "size": [0, 2, 5], "uv": [96, 45], "mirror": true}
					]
				},
				{
					"name": "leg_left_ruff_end3",
					"parent": "leg_left_ruff3",
					"pivot": [4.7, 20.35, -1],
					"rotation": [0, 0, -10],
					"cubes": [
						{"origin": [4.7, 18.35, -3.5], "size": [0, 2, 5], "uv": [66, 49], "mirror": true}
					]
				},
				{
					"name": "leg_left_ruff4",
					"parent": "leg_left_thigh",
					"pivot": [2.2, 22.35, 1.5],
					"rotation": [2.5, 0, 0],
					"cubes": [
						{"origin": [-0.3, 20.35, 1.5], "size": [5, 2, 0], "uv": [66, 52], "mirror": true}
					]
				},
				{
					"name": "leg_left_ruff_end4",
					"parent": "leg_left_ruff4",
					"pivot": [2.2, 20.35, 1.5],
					"rotation": [7.5, 0, 0],
					"cubes": [
						{"origin": [-0.3, 18.35, 1.5], "size": [5, 2, 0], "uv": [66, 48], "mirror": true}
					]
				},
				{
					"name": "leg_left",
					"parent": "leg_left_thigh",
					"pivot": [1.95, 22.05, -1],
					"rotation": [0, 0, 10],
					"cubes": [
						{"origin": [-0.05, 16.05, -2.5], "size": [4, 6, 3], "inflate": 0.01, "uv": [100, 24], "mirror": true}
					]
				},
				{
					"name": "leg_left2",
					"parent": "leg_left",
					"pivot": [1.95, 16.05, -2.5],
					"rotation": [45, 0, 0],
					"cubes": [
						{"origin": [-0.05, 11.05, -2.5], "size": [4, 5, 3], "uv": [93, 40], "mirror": true}
					]
				},
				{
					"name": "leg_left3",
					"parent": "leg_left2",
					"pivot": [1.95, 11.05, 0.5],
					"rotation": [-45, 0, 0],
					"cubes": [
						{"origin": [-0.05, 0.05, -2.5], "size": [4, 11, 3], "inflate": 0.01, "uv": [60, 14], "mirror": true}
					]
				},
				{
					"name": "leg_left4",
					"parent": "leg_left3",
					"pivot": [2, 0.05, 0.5],
					"rotation": [-25, 0, 0],
					"cubes": [
						{"origin": [-0.05, -3.95, -2.5], "size": [4, 4, 3], "uv": [60, 28], "mirror": true}
					]
				},
				{
					"name": "foot_left",
					"parent": "leg_left4",
					"pivot": [1.95, -3.95, 0.5],
					"rotation": [-65, 0, 0],
					"cubes": [
						{"origin": [-0.05, -6.95, -2.5], "size": [4, 3, 3], "inflate": 0.01, "uv": [114, 24], "mirror": true}
					]
				},
				{
					"name": "foot_left2",
					"parent": "foot_left",
					"pivot": [1.95, -6.95, 0.5],
					"cubes": [
						{"origin": [-0.05, -8.95, -2.5], "size": [4, 2, 3], "uv": [100, 19], "mirror": true},
						{"origin": [0.45, -8.95, -2.5], "size": [3, 1, 3], "inflate": 0.01, "uv": [116, 43]}
					]
				},
				{
					"name": "bomb",
					"parent": "body",
					"pivot": [13, 47, 0],
					"cubes": [
						{"origin": [12.5, 46.5, -0.5], "size": [1, 1, 1], "uv": [91, 56]}
					]
				},
				{
					"name": "bomb_leaf_right",
					"parent": "bomb",
					"pivot": [13, 47.25, 0],
					"rotation": [0, 0, 50],
					"cubes": [
						{"origin": [11, 47.25, -0.5], "size": [2, 0, 1], "uv": [86, 57]}
					]
				},
				{
					"name": "bomb_leaf_right2",
					"parent": "bomb_leaf_right",
					"pivot": [11, 47.25, 0],
					"rotation": [0, 0, -55],
					"cubes": [
						{"origin": [9, 47.25, -1], "size": [2, 0, 2], "uv": [73, 56]}
					]
				},
				{
					"name": "bomb_leaf_right3",
					"parent": "bomb_leaf_right2",
					"pivot": [9, 47.25, 0],
					"rotation": [0, 0, -55],
					"cubes": [
						{"origin": [7, 47.25, -1], "size": [2, 0, 2], "uv": [69, 58]}
					]
				},
				{
					"name": "bomb_leaf_front",
					"parent": "bomb",
					"pivot": [13, 47.25, 0],
					"rotation": [-50, 0, 0],
					"cubes": [
						{"origin": [12.5, 47.25, -2], "size": [1, 0, 2], "uv": [87, 58]}
					]
				},
				{
					"name": "bomb_leaf_front2",
					"parent": "bomb_leaf_front",
					"pivot": [13, 47.25, -2],
					"rotation": [55, 0, 0],
					"cubes": [
						{"origin": [12, 47.25, -4], "size": [2, 0, 2], "uv": [77, 56]}
					]
				},
				{
					"name": "bomb_leaf_front3",
					"parent": "bomb_leaf_front2",
					"pivot": [13, 47.25, -4],
					"rotation": [55, 0, 0],
					"cubes": [
						{"origin": [12, 47.25, -6], "size": [2, 0, 2], "uv": [73, 58]}
					]
				},
				{
					"name": "bomb_leaf_left",
					"parent": "bomb",
					"pivot": [13, 47.25, 0],
					"rotation": [0, 0, -50],
					"cubes": [
						{"origin": [13, 47.25, -0.5], "size": [2, 0, 1], "uv": [86, 56], "mirror": true}
					]
				},
				{
					"name": "bomb_leaf_left2",
					"parent": "bomb_leaf_left",
					"pivot": [15, 47.25, 0],
					"rotation": [0, 0, 55],
					"cubes": [
						{"origin": [15, 47.25, -1], "size": [2, 0, 2], "uv": [81, 56], "mirror": true}
					]
				},
				{
					"name": "bomb_leaf_left3",
					"parent": "bomb_leaf_left2",
					"pivot": [17, 47.25, 0],
					"rotation": [0, 0, 55],
					"cubes": [
						{"origin": [17, 47.25, -1], "size": [2, 0, 2], "uv": [77, 58], "mirror": true}
					]
				},
				{
					"name": "bomb_leaf_back",
					"parent": "bomb",
					"pivot": [13, 47.25, 0],
					"rotation": [50, 0, 0],
					"cubes": [
						{"origin": [12.5, 47.25, 0], "size": [1, 0, 2], "uv": [85, 58]}
					]
				},
				{
					"name": "bomb_leaf_back2",
					"parent": "bomb_leaf_back",
					"pivot": [13, 47.25, 2],
					"rotation": [-55, 0, 0],
					"cubes": [
						{"origin": [12, 47.25, 2], "size": [2, 0, 2], "uv": [69, 56]}
					]
				},
				{
					"name": "bomb_leaf_back3",
					"parent": "bomb_leaf_back2",
					"pivot": [13, 47.25, 4],
					"rotation": [-55, 0, 0],
					"cubes": [
						{"origin": [12, 47.25, 4], "size": [2, 0, 2], "uv": [81, 58]}
					]
				}
			]
		}
	]
}