{
	"format_version": "1.12.0",
	"minecraft:geometry": [
		{
			"description": {
				"identifier": "geometry.oilug",
				"texture_width": 128,
				"texture_height": 128,
				"visible_bounds_width": 3,
				"visible_bounds_height": 2.5,
				"visible_bounds_offset": [0, 0.75, 0]
			},
			"bones": [
				{
					"name": "oilug",
					"pivot": [0, 0, 0]
				},
				{
					"name": "bone",
					"parent": "oilug",
					"pivot": [0, 0, 2],
					"cubes": [
						{"origin": [-7, 0, 7], "size": [14, 8, 6], "uv": [0, 28]},
						{"origin": [-7, 0, -6], "size": [14, 15, 7], "uv": [0, 0]},
						{"origin": [-7, 0, 1], "size": [14, 11, 6], "uv": [88, 3]}
					]
				},
				{
					"name": "head",
					"parent": "oilug",
					"pivot": [0, 10, -2],
					"cubes": [
						{"origin": [-4, 12, -15], "size": [8, 7, 8], "pivot": [0, 14.5, -9], "rotation": [25, 0, 0], "uv": [49, 1]},
						{"origin": [-3, 9, -14], "size": [6, 10, 7], "pivot": [0, 17.5, -7.5], "rotation": [62.5, 0, 0], "uv": [55, 19]}
					]
				},
				{
					"name": "bone2",
					"parent": "head",
					"pivot": [3, 16.5, -12],
					"rotation": [-17.5, 0, 17.5],
					"cubes": [
						{"origin": [1, 15, -14], "size": [3, 6, 3], "uv": [57, 57]}
					]
				},
				{
					"name": "bone3",
					"parent": "head",
					"pivot": [-3, 16.5, -12],
					"rotation": [-17.5, 0, -17.5],
					"cubes": [
						{"origin": [-4, 15, -14], "size": [3, 6, 3], "uv": [57, 57], "mirror": true}
					]
				},
				{
					"name": "arm",
					"parent": "oilug",
					"pivot": [7, 6.5, -3.5],
					"rotation": [48.17433, 9.92544, 56.12262],
					"cubes": [
						{"origin": [4, 5, -5], "size": [9, 3, 3], "uv": [93, 30]}
					]
				},
				{
					"name": "arm2",
					"parent": "oilug",
					"pivot": [-7, 6.5, -3.5],
					"rotation": [48.17433, -9.92544, -56.12262],
					"cubes": [
						{"origin": [-13, 5, -5], "size": [9, 3, 3], "uv": [93, 30], "mirror": true}
					]
				}
			]
		}
	]
}