{
	"format_version": "1.12.0",
	"minecraft:geometry": [
		{
			"description": {
				"identifier": "geometry.aralma",
				"texture_width": 64,
				"texture_height": 64,
				"visible_bounds_width": 3,
				"visible_bounds_height": 2.5,
				"visible_bounds_offset": [0, 0.75, 0]
			},
			"bones": [
				{
					"name": "aralma",
					"pivot": [0, 0, 0]
				},
				{
					"name": "bone2",
					"parent": "aralma",
					"pivot": [0, 2, -2]
				},
				{
					"name": "head",
					"parent": "bone2",
					"pivot": [0, 6, -2],
					"cubes": [
						{"origin": [-4, 2, -9], "size": [8, 8, 7], "uv": [0, 0]}
					]
				},
				{
					"name": "bone",
					"parent": "head",
					"pivot": [2, 9, -7],
					"rotation": [-32.5, 0, 37.5],
					"cubes": [
						{"origin": [0, 9, -7], "size": [4, 6, 0], "uv": [44, 31]}
					]
				},
				{
					"name": "bone3",
					"parent": "head",
					"pivot": [-2, 9, -7],
					"rotation": [-32.5, 0, -37.5],
					"cubes": [
						{"origin": [-4, 9, -7], "size": [4, 6, 0], "uv": [32, 27], "mirror": true}
					]
				},
				{
					"name": "body",
					"parent": "bone2",
					"pivot": [0, 6, -2],
					"cubes": [
						{"origin": [-3, 3, -3], "size": [6, 6, 11], "uv": [29, 6]}
					]
				},
				{
					"name": "leg",
					"parent": "bone2",
					"pivot": [3, 3, 0],
					"rotation": [0, 22.5, 0],
					"cubes": [
						{"origin": [2, 0, 0], "size": [9, 6, 0], "uv": [5, 20]}
					]
				},
				{
					"name": "leg3",
					"parent": "bone2",
					"pivot": [3, 3, 3],
					"cubes": [
						{"origin": [2, 0, 3], "size": [9, 6, 0], "uv": [5, 20]}
					]
				},
				{
					"name": "leg5",
					"parent": "bone2",
					"pivot": [3, 3, 6],
					"rotation": [0, -22.5, 0],
					"cubes": [
						{"origin": [2, 0, 6], "size": [9, 6, 0], "uv": [5, 20]}
					]
				},
				{
					"name": "leg4",
					"parent": "bone2",
					"pivot": [-3, 3, 0],
					"rotation": [0, -22.5, 0],
					"cubes": [
						{"origin": [-11, 0, 0], "size": [9, 6, 0], "uv": [5, 20], "mirror": true}
					]
				},
				{
					"name": "leg6",
					"parent": "bone2",
					"pivot": [-3, 3, 3],
					"cubes": [
						{"origin": [-11, 0, 3], "size": [9, 6, 0], "uv": [5, 20], "mirror": true}
					]
				},
				{
					"name": "leg2",
					"parent": "bone2",
					"pivot": [-3, 3, 6],
					"rotation": [0, 22.5, 0],
					"cubes": [
						{"origin": [-11, 0, 6], "size": [9, 6, 0], "uv": [5, 20], "mirror": true}
					]
				}
			]
		}
	]
}