{
	"format_version": "1.12.0",
	"minecraft:geometry": [
		{
			"description": {
				"identifier": "geometry.drakoon",
				"texture_width": 64,
				"texture_height": 64,
				"visible_bounds_width": 3,
				"visible_bounds_height": 3.5,
				"visible_bounds_offset": [0, 1.25, 0]
			},
			"bones": [
				{
					"name": "drakoon",
					"pivot": [0, 0.125, 0]
				},
				{
					"name": "body",
					"parent": "drakoon",
					"pivot": [0, 38.15, -4.55],
					"cubes": [
						{"origin": [-4.5, 23.65, -4.5], "size": [9, 3, 9], "uv": [0, 12]},
						{"origin": [-4.5, 20.65, -4.5], "size": [9, 3, 9], "uv": [0, 0]},
						{"origin": [-4, 18.65, -4], "size": [8, 2, 8], "uv": [24, 26]},
						{"origin": [-3, 15.65, -3], "size": [6, 3, 6], "uv": [27, 0]},
						{"origin": [-1.5, 14.65, -2], "size": [3, 1, 4], "uv": [44, 41]},
						{"origin": [-12.5, 26.65, -4.55], "size": [7, 9, 0], "uv": [34, 36]},
						{"origin": [5.5, 26.65, -4.55], "size": [7, 9, 0], "uv": [34, 46]},
						{"origin": [3.94975, 23.09975, -4.575], "size": [2, 2, 0], "pivot": [0, 19.15, -2.3125], "rotation": [0, 0, -45], "uv": [0, 5]},
						{"origin": [6.5, 18.65, -4.625], "size": [1, 1, 0], "pivot": [0, 19.15, -2.3125], "rotation": [0, 0, -90], "uv": [3, 0]},
						{"origin": [-4.5, 23.65, 4.5], "size": [9, 0, 2], "pivot": [0, 23.65, 4.5], "rotation": [-67.5, 0, 0], "uv": [25, 16]},
						{"origin": [-4.5, 23.65, -6.5], "size": [9, 0, 2], "pivot": [0, 23.65, -4.5], "rotation": [85.25, 0, 0], "uv": [25, 14]},
						{"origin": [0.38176, 22.72574, -1], "size": [9, 0, 2], "pivot": [4.88176, 22.72574, 0], "rotation": [0, -90, 67.5], "uv": [25, 12]},
						{"origin": [-9.38176, 22.72574, -1], "size": [9, 0, 2], "pivot": [-4.88176, 22.72574, 0], "rotation": [0, 90, -67.5], "uv": [22, 24]},
						{"origin": [-9.38176, 19.72574, 0], "size": [9, 0, 1], "pivot": [-4.88176, 19.72574, 0], "rotation": [0, 90, -67.5], "uv": [35, 9]},
						{"origin": [-4.5, 20.65, -5.5], "size": [9, 0, 1], "pivot": [0, 20.65, -4.5], "rotation": [67.5, 0, 0], "uv": [26, 20]},
						{"origin": [0.38176, 19.72574, 0], "size": [9, 0, 1], "pivot": [4.88176, 19.72574, 0], "rotation": [0, -90, 67.5], "uv": [26, 19]},
						{"origin": [-4.5, 20.65, 4.5], "size": [9, 0, 1], "pivot": [0, 20.65, 4.5], "rotation": [-67.5, 0, 0], "uv": [26, 18]},
						{"origin": [-4, 18.64962, -4.99908], "size": [8, 0, 1], "pivot": [-0.5, 18.64962, -3.99908], "rotation": [67.5, 0, 0], "uv": [35, 22]},
						{"origin": [-4, 18.64962, 3.99908], "size": [8, 0, 1], "pivot": [-0.5, 18.64962, 3.99908], "rotation": [-67.5, 0, 0], "uv": [35, 21]},
						{"origin": [0.19042, 18.18768, -0.5], "size": [8, 0, 1], "pivot": [4.19042, 18.18768, 0], "rotation": [0, -90, 67.5], "uv": [35, 11]},
						{"origin": [-8.19042, 18.18768, -0.5], "size": [8, 0, 1], "pivot": [-4.19042, 18.18768, 0], "rotation": [0, 90, -67.5], "uv": [35, 10]},
						{"origin": [-4, 26.65, -4], "size": [8, 2, 8], "uv": [0, 24]},
						{"origin": [-5.5, 23.65, -4.55], "size": [11, 11, 0], "uv": [0, 34]}
					]
				},
				{
					"name": "leg_left",
					"parent": "body",
					"pivot": [1.98211, 16.11789, 0],
					"cubes": [
						{"origin": [0.98003, 11.39792, 0], "size": [1, 5, 0], "pivot": [1.975, 16.1, 0], "rotation": [0, 0, -45], "uv": [6, 12]}
					]
				},
				{
					"name": "leg_left2",
					"parent": "leg_left",
					"pivot": [5.29359, 12.76584, 0],
					"cubes": [
						{"origin": [4.30503, 7.77518, 0], "size": [1, 5, 0], "pivot": [5.3, 12.775, 0], "rotation": [0, 0, -17.25], "uv": [4, 12]}
					]
				},
				{
					"name": "leg_left3",
					"parent": "leg_left2",
					"pivot": [6.76785, 7.99246, 0],
					"cubes": [
						{"origin": [5.78736, 4.9978, 0], "size": [1, 3, 0], "pivot": [6.775, 8, 0], "rotation": [0, 0, 12.75], "uv": [6, 5]}
					]
				},
				{
					"name": "foot_left4",
					"parent": "leg_left3",
					"pivot": [5.59541, 5.02876, 0],
					"cubes": [
						{"origin": [5.78736, 0.9978, -0.5], "size": [1, 4, 1], "pivot": [6.775, 8, 0], "rotation": [0, 0, 12.75], "uv": [4, 0]}
					]
				},
				{
					"name": "leg_right",
					"parent": "body",
					"pivot": [-1.98211, 16.11789, 0],
					"cubes": [
						{"origin": [-1.98003, 11.39792, 0], "size": [1, 5, 0], "pivot": [-1.975, 16.1, 0], "rotation": [0, 0, 45], "uv": [6, 12], "mirror": true}
					]
				},
				{
					"name": "leg_right2",
					"parent": "leg_right",
					"pivot": [-5.29359, 12.76584, 0],
					"cubes": [
						{"origin": [-5.30503, 7.77518, 0], "size": [1, 5, 0], "pivot": [-5.3, 12.775, 0], "rotation": [0, 0, 17.25], "uv": [4, 12], "mirror": true}
					]
				},
				{
					"name": "leg_right3",
					"parent": "leg_right2",
					"pivot": [-6.76785, 7.99246, 0],
					"cubes": [
						{"origin": [-6.78736, 4.9978, 0], "size": [1, 3, 0], "pivot": [-6.775, 8, 0], "rotation": [0, 0, -12.75], "uv": [6, 5], "mirror": true}
					]
				},
				{
					"name": "foot_right4",
					"parent": "leg_right3",
					"pivot": [-5.59541, 5.02876, 0],
					"cubes": [
						{"origin": [-6.78736, 0.9978, -0.5], "size": [1, 4, 1], "pivot": [-6.775, 8, 0], "rotation": [0, 0, -12.75], "uv": [4, 0], "mirror": true}
					]
				}
			]
		}
	]
}