{
	"format_version": "1.12.0",
	"minecraft:geometry": [
		{
			"description": {
				"identifier": "geometry.shirime",
				"texture_width": 64,
				"texture_height": 64,
				"visible_bounds_width": 2,
				"visible_bounds_height": 2.5,
				"visible_bounds_offset": [0, 0.75, 0]
			},
			"bones": [
				{
					"name": "shirime",
					"pivot": [0, 0, 0]
				},
				{
					"name": "bone",
					"parent": "shirime",
					"pivot": [0, 0, 0],
					"cubes": [
						{"origin": [-3, 0, -3], "size": [6, 11, 6], "uv": [0, 0]}
					]
				},
				{
					"name": "bone2",
					"parent": "shirime",
					"pivot": [0, 0, -4],
					"cubes": [
						{"origin": [-6, 0.1, -6], "size": [12, 0, 12], "uv": [16, 6]}
					]
				}
			]
		}
	]
}