{
	"format_version": "1.12.0",
	"minecraft:geometry": [
		{
			"description": {
				"identifier": "geometry.swaggot",
				"texture_width": 64,
				"texture_height": 64,
				"visible_bounds_width": 4,
				"visible_bounds_height": 2.5,
				"visible_bounds_offset": [0, 0.75, 0]
			},
			"bones": [
				{
					"name": "swaggot",
					"pivot": [0, 0, 0]
				},
				{
					"name": "head",
					"parent": "swaggot",
					"pivot": [0, 2, -1],
					"cubes": [
						{"origin": [-4, 2, -8], "size": [8, 6, 8], "uv": [4, 19]}
					]
				},
				{
					"name": "antenna",
					"parent": "head",
					"pivot": [2, 8, -7],
					"rotation": [-22.5, 0, 0],
					"cubes": [
						{"origin": [1, 8, -7], "size": [2, 5, 0], "uv": [50, 39]}
					]
				},
				{
					"name": "antenna2",
					"parent": "head",
					"pivot": [-2, 8, -7],
					"rotation": [-22.5, 0, 0],
					"cubes": [
						{"origin": [-3, 8, -7], "size": [2, 5, 0], "uv": [50, 39], "mirror": true}
					]
				},
				{
					"name": "bone",
					"parent": "swaggot",
					"pivot": [0, 4.5, 0],
					"rotation": [15, 0, 0],
					"cubes": [
						{"origin": [-5, 2, -1], "size": [10, 7, 9], "uv": [2, 45]}
					]
				},
				{
					"name": "bone2",
					"parent": "bone",
					"pivot": [0, 4.5, 8],
					"rotation": [25, 0, 0],
					"cubes": [
						{"origin": [-5, 2, 8], "size": [10, 7, 9], "inflate": 0.01, "uv": [26, 0]}
					]
				},
				{
					"name": "leg",
					"parent": "swaggot",
					"pivot": [4.5, 3, 0.5],
					"rotation": [-25, 0, -40],
					"cubes": [
						{"origin": [4, -1, 0], "size": [1, 4, 1], "uv": [23, 37]}
					]
				},
				{
					"name": "leg3",
					"parent": "swaggot",
					"pivot": [4.5, 3, 2.5],
					"rotation": [0, 0, -40],
					"cubes": [
						{"origin": [4, -1, 2], "size": [1, 5, 1], "uv": [33, 38]}
					]
				},
				{
					"name": "leg5",
					"parent": "swaggot",
					"pivot": [4.5, 3, 4.5],
					"rotation": [25, 0, -40],
					"cubes": [
						{"origin": [4, -1, 4], "size": [1, 5, 1], "uv": [33, 38]}
					]
				},
				{
					"name": "leg2",
					"parent": "swaggot",
					"pivot": [-4.5, 3, 4.5],
					"rotation": [25, 0, 40],
					"cubes": [
						{"origin": [-5, -1, 4], "size": [1, 5, 1], "uv": [33, 38], "mirror": true}
					]
				},
				{
					"name": "leg4",
					"parent": "swaggot",
					"pivot": [-4.5, 3, 0.5],
					"rotation": [-25, 0, 40],
					"cubes": [
						{"origin": [-5, -1, 0], "size": [1, 4, 1], "uv": [23, 37], "mirror": true}
					]
				},
				{
					"name": "leg6",
					"parent": "swaggot",
					"pivot": [-4.5, 3, 2.5],
					"rotation": [0, 0, 40],
					"cubes": [
						{"origin": [-5, -1, 2], "size": [1, 5, 1], "uv": [33, 38], "mirror": true}
					]
				}
			]
		}
	]
}