{
	"format_version": "1.12.0",
	"minecraft:geometry": [
		{
			"description": {
				"identifier": "geometry.jaddo",
				"texture_width": 64,
				"texture_height": 64,
				"visible_bounds_width": 3,
				"visible_bounds_height": 2.5,
				"visible_bounds_offset": [0, 0.75, 0]
			},
			"bones": [
				{
					"name": "jaddo",
					"pivot": [0, 0, 0]
				},
				{
					"name": "head",
					"parent": "jaddo",
					"pivot": [0, 16, 0],
					"cubes": [
						{"origin": [-4, 16, -4], "size": [8, 8, 8], "uv": [0, 0]}
					]
				},
				{
					"name": "bone",
					"parent": "jaddo",
					"pivot": [0, 6, 0],
					"cubes": [
						{"origin": [-4.5, 6, -4.5], "size": [9, 9, 9], "uv": [26, 11]},
						{"origin": [-3.5, 15, -3.5], "size": [7, 1, 7], "uv": [35, 1]}
					]
				},
				{
					"name": "bowl",
					"parent": "bone",
					"pivot": [0, 6, 0],
					"cubes": [
						{"origin": [-6, 0, -6], "size": [12, 6, 12], "uv": [0, 31]}
					]
				},
				{
					"name": "arm",
					"parent": "bone",
					"pivot": [4.5, 10.5, 0.5],
					"cubes": [
						{"origin": [2, 9, -1], "size": [10, 3, 3], "uv": [15, 54]},
						{"origin": [9, 9.5, -2], "size": [4, 2, 1], "uv": [43, 34]},
						{"origin": [9, 9.5, 2], "size": [4, 2, 1], "uv": [43, 34]},
						{"origin": [9, 12, -0.5], "size": [4, 1, 2], "uv": [50, 40]}
					]
				},
				{
					"name": "arm2",
					"parent": "bone",
					"pivot": [-4.5, 10.5, 0.5],
					"cubes": [
						{"origin": [-12, 9, -1], "size": [10, 3, 3], "uv": [15, 54], "mirror": true},
						{"origin": [-13, 9.5, -2], "size": [4, 2, 1], "uv": [43, 34], "mirror": true},
						{"origin": [-13, 9.5, 2], "size": [4, 2, 1], "uv": [43, 34], "mirror": true},
						{"origin": [-13, 12, -0.5], "size": [4, 1, 2], "uv": [50, 40], "mirror": true}
					]
				}
			]
		}
	]
}