{
	"format_version": "1.8.0",
	"animations": {
		"animation.stingwing_colt.pose": {
			"loop": true,
			"bones": {
				"stingwing": {
					"rotation": [0, -20, 0]
				},
				"body": {
					"position": [-14, -2, 14],
					"scale": 0.4
				},
				"leftleg": {
					"rotation": [-22.48072, -0.95645, -2.30991]
				},
				"leftknee": {
					"rotation": [35, 0, 0]
				},
				"leftankle": {
					"rotation": [-22.5, 0, 0]
				},
				"leftfoot": {
					"rotation": [10, 0, 0]
				},
				"rightleg": {
					"rotation": [-5.40185, 43.17097, 6.75869]
				},
				"rightknee": {
					"rotation": [37.5, 0, 0]
				},
				"rightankle": {
					"rotation": [-25, 0, 0]
				},
				"rightfoot": {
					"rotation": [0, 0, -5]
				},
				"torso": {
					"rotation": [-2.26708, 7.15102, -17.64168]
				},
				"tails": {
					"rotation": [-37.40425, 4.63531, 6.40842]
				},
				"tail": {
					"rotation": [0, 25, 0]
				},
				"tail3": {
					"rotation": [-1.00692, 22.04418, -2.65631]
				},
				"tail4": {
					"rotation": [11.8453, 37.32102, -5.51737]
				},
				"tail6": {
					"rotation": [0, 30, 0]
				},
				"uppertorso": {
					"rotation": [0, 0, 12.5]
				},
				"chest": {
					"rotation": [9.76758, -2.15393, 12.31594]
				},
				"leftarm": {
					"rotation": [0, -25, 37.5]
				},
				"leftelbow": {
					"rotation": [0, 12.5, 0]
				},
				"leftelbow2": {
					"rotation": [-25.03818, 28.87909, -44.04461]
				},
				"lefthand": {
					"rotation": [-46.60518, -27.79687, 26.25382]
				},
				"rightarm2": {
					"rotation": [0, 0, -7.5],
					"position": [1, 0, 0]
				},
				"rightelbow3": {
					"rotation": [0, 0, -55]
				},
				"rightelbow4": {
					"rotation": [-193.46783, -32.61461, -93.5432]
				},
				"righthand2": {
					"rotation": [0, 17.5, 0]
				},
				"leftarm2": {
					"rotation": [0, 0, 27.5]
				},
				"leftelbow3": {
					"rotation": [0, 0, -15]
				},
				"leftelbow4": {
					"rotation": [0, 0, 42.5]
				},
				"rightarm": {
					"rotation": [105.49442, 36.94076, -27.51179]
				},
				"rightelbow": {
					"rotation": [-77.5, 0, 37.5]
				},
				"rightelbow2": {
					"rotation": [0, 0, 65]
				},
				"righthand": {
					"rotation": [0, -35, -17.5]
				},
				"wing": {
					"rotation": [0, -50, 0]
				},
				"wing2": {
					"rotation": [2.5, 70, 0]
				},
				"wing3": {
					"rotation": [0, 77.5, 0]
				},
				"wing4": {
					"rotation": [0, -45, 0]
				},
				"head": {
					"rotation": [0, 12.5, -10]
				}
			}
		},
		"animation.stingwing_colt.ground_idle": {
			"loop": true,
			"animation_length": 4,
			"bones": {
				"body": {
					"position": [0, -4, 0]
				},
				"leftleg": {
					"rotation": [-25.65193, -15.60207, -0.00623]
				},
				"leftknee": {
					"rotation": [57.5, 0, 0]
				},
				"leftankle": {
					"rotation": [-30, 0, 0]
				},
				"leftfoot": {
					"rotation": [-2.5, 0, 0]
				},
				"rightleg": {
					"rotation": [-12.91629, 16.25856, 4.00626]
				},
				"rightknee": {
					"rotation": [50, 0, 0]
				},
				"rightankle": {
					"rotation": [-35, 0, 0]
				},
				"rightfoot": {
					"rotation": [0, 0, -7.5]
				},
				"torso": {
					"rotation": ["-10+math.sin(query.anim_time*90*2)", 0, 0]
				},
				"tails": {
					"rotation": [0, "0+math.sin(query.anim_time*90*1)*10", "0+math.sin(query.anim_time*90*1-60)*10"]
				},
				"uppertorso": {
					"rotation": ["14.945479184+math.sin(query.anim_time*90*2-60)", 1.29256, -4.83045]
				},
				"chest": {
					"rotation": [0, 0, "7.5+math.sin(query.anim_time*90*2)*0.2"]
				},
				"leftarm": {
					"rotation": ["0+math.sin(query.anim_time*90*2-180)*2", 0, "37.5+math.sin(query.anim_time*90*2-120)*2"]
				},
				"leftelbow": {
					"rotation": [0, 0, 12.5]
				},
				"leftelbow2": {
					"rotation": [0, "42.5+math.sin(query.anim_time*90*2-180)*5", 17.5]
				},
				"lefthand": {
					"rotation": [0, -50, 0]
				},
				"rightarm2": {
					"rotation": [0, 0, -15]
				},
				"rightelbow3": {
					"rotation": [0, 5, -90]
				},
				"rightelbow4": {
					"rotation": [-9.0616, -23.399, 21.88023]
				},
				"righthand2": {
					"rotation": [-72.5, 25, 0]
				},
				"leftarm2": {
					"rotation": ["0+math.sin(query.anim_time*90*2-190)*2", 0, "37.5+math.sin(query.anim_time*90*2-150)*2"]
				},
				"leftelbow3": {
					"rotation": [0, 0, 25]
				},
				"leftelbow4": {
					"rotation": [0, "30+math.sin(query.anim_time*90*2)*5", 0]
				},
				"lefthand2": {
					"rotation": [0, -50, 0]
				},
				"rightarm": {
					"rotation": ["-1.7834-math.sin(query.anim_time*90*2)*5", 21.97812, "-35.9491-math.sin(query.anim_time*90*2-120)*2"]
				},
				"rightelbow": {
					"rotation": [0, 0, -27.5]
				},
				"rightelbow2": {
					"rotation": [0, "-17.5+math.sin(query.anim_time*90*2-180)*5", -47.5]
				},
				"righthand": {
					"rotation": [0, 35, 0]
				},
				"wing": {
					"rotation": [0, -47.5, "0+math.sin(query.anim_time*90*2+260)*10"]
				},
				"wing2": {
					"rotation": ["0+math.sin(query.anim_time*90*2+290)*10", 57.5, 0]
				},
				"wing3": {
					"rotation": ["0+math.sin(query.anim_time*90*2+260)*10", 57.5, 0]
				},
				"wing4": {
					"rotation": ["0+math.sin(query.anim_time*90*2+240)*10", -47.5, 0]
				},
				"neck": {
					"rotation": [0, 0, "5+math.sin(query.anim_time*90*1)*2"]
				},
				"head": {
					"rotation": [0, 0, "-10+math.sin(query.anim_time*90*1-60)*2"]
				}
			}
		},
		"animation.stingwing_colt.ground_walk": {
			"loop": true,
			"animation_length": 1,
			"bones": {
				"body": {
					"rotation": [0, "0+math.sin(query.anim_time*90*4)", "0+math.sin(query.anim_time*90*4)"],
					"position": {
						"0.0": [0, -4, 0],
						"0.2083": [0, -3, 0],
						"0.5": [0, -4, 0],
						"0.7917": [0, -3, 0],
						"1.0": [0, -4, 0]
					}
				},
				"leftleg": {
					"rotation": {
						"0.0": [-10, 0, 0],
						"0.5": [37.5, 0, 0],
						"1.0": [-10, 0, 0]
					},
					"position": {
						"0.0": [0, 0, 0],
						"0.5": [0, 0, 0],
						"0.7917": [0, 2, 0],
						"1.0": [0, 0, 0]
					}
				},
				"leftknee": {
					"rotation": {
						"0.0": [4.90221, -0.966, 0.15239],
						"0.5": [4.90221, -0.966, 0.15239],
						"0.75": [24.90221, -0.966, 0.15239],
						"1.0": [4.90221, -0.966, 0.15239]
					}
				},
				"leftankle": {
					"rotation": {
						"0.0": [-37.5, 0, 0],
						"0.2917": [-27.92, 0, 0],
						"0.5": [-42.5, 0, 0],
						"0.75": [-77.5, 0, 0],
						"0.875": [-65, 0, 0],
						"1.0": [-37.5, 0, 0]
					},
					"position": {
						"0.0": [0, 0, 0],
						"0.2917": [0, 1, 1],
						"0.5": [0, 0, 0]
					}
				},
				"leftfoot": {
					"rotation": {
						"0.0": [42.5, 0, 0],
						"0.25": [23.84, 0, 0],
						"0.5": [7.5, 0, 0],
						"0.625": [30.1, 0, 0],
						"0.9167": [7.57, 0, 0],
						"1.0": [42.5, 0, 0]
					},
					"position": {
						"0.0": [0, 1, 0],
						"1.0": [0, 1, 0]
					}
				},
				"rightleg": {
					"rotation": {
						"0.0": [20, 0, 0],
						"0.5": [-27.5, 0, 0],
						"1.0": [20, 0, 0]
					},
					"position": {
						"0.0": [0, 0, 0],
						"0.2917": [0, 2, 0],
						"0.5": [0, 0, 0]
					}
				},
				"rightknee": {
					"rotation": {
						"0.0": [27.5, 0, 0],
						"0.25": [64.80062, -0.27013, 2.21149],
						"0.4583": [38.43218, 5.34148, 4.26368],
						"1.0": [27.5, 0, 0]
					}
				},
				"rightankle": {
					"rotation": {
						"0.0": [-45, 0, 0],
						"0.25": [-79.5, 0, 0],
						"0.5": [-37.5, 0, 0],
						"1.0": [-45, 0, 0]
					}
				},
				"rightfoot": {
					"rotation": {
						"0.0": [0, 0, 0],
						"0.1667": [45.83, 0, 0],
						"0.375": [-19.97, 0, 0],
						"0.5": [25, 0, 0],
						"1.0": [0, 0, 0]
					},
					"position": {
						"0.0": [0, 0, 0],
						"0.5": [0, 1, 0],
						"1.0": [0, 0, 0]
					}
				},
				"torso": {
					"rotation": [7.32417, -1.61888, 12.39638]
				},
				"tails": {
					"rotation": ["-13.8313-math.sin(query.anim_time*90*8)*10", 8.03805, "-9.5745+math.sin(query.anim_time*90*4-60)*10"]
				},
				"uppertorso": {
					"rotation": ["-10.7705+math.sin(query.anim_time*90*4-60)*5", -7.51228, -23.98209]
				},
				"chest": {
					"rotation": [-5.11291, 6.79339, "15.1545+math.sin(query.anim_time*90*4-120)*5"]
				},
				"leftarm": {
					"rotation": [0, 0, "37.5-math.sin(query.anim_time*90*4)*5"]
				},
				"leftelbow2": {
					"rotation": [0, 0, "27.5+math.sin(query.anim_time*90*4)*10"]
				},
				"rightarm2": {
					"rotation": [12.5, 0, "-10-math.sin(query.anim_time*90*4-120)*5"]
				},
				"rightelbow3": {
					"rotation": [0, 0, -25]
				},
				"rightelbow4": {
					"rotation": [0, 0, -107.5]
				},
				"righthand2": {
					"rotation": [93.21873, -3.82821, 49.8924]
				},
				"leftarm2": {
					"rotation": [-5.69388, "16.0449+math.sin(query.anim_time*90*4)*10", 46.14006]
				},
				"leftelbow3": {
					"rotation": [0, "20+math.sin(query.anim_time*90*4+120)*10", 0]
				},
				"leftelbow4": {
					"rotation": [0, "0+math.sin(query.anim_time*90*4)*10", 20]
				},
				"rightarm": {
					"rotation": [-9.42961, 36.46498, -15.61249]
				},
				"rightelbow": {
					"rotation": [0, 0, -30]
				},
				"rightelbow2": {
					"rotation": [0, -40, -20]
				},
				"wing": {
					"rotation": ["2.5-math.sin(query.anim_time*90*4-60)*10", -47.5, 0]
				},
				"wing2": {
					"rotation": ["0+math.sin(query.anim_time*90*4+180)*5", 65, 0]
				},
				"wing3": {
					"rotation": ["0+math.sin(query.anim_time*90*4+180)*5", 57.5, 0]
				},
				"wing4": {
					"rotation": ["0+math.sin(query.anim_time*90*4+180)*5", -47.5, 0]
				},
				"neck": {
					"rotation": [7.5, 0, 0]
				},
				"head": {
					"rotation": ["12.4396+math.sin(query.anim_time*90*4+120)*5", 1.446, -4.78685]
				}
			}
		},
		"animation.stingwing_colt.battle_idle": {
			"loop": true,
			"animation_length": 4,
			"bones": {
				"body": {
					"rotation": [17.5, 0, 0],
					"position": [0, -9, 0]
				},
				"leftleg": {
					"rotation": [17.5, 0, 0]
				},
				"leftknee": {
					"rotation": [52.5, 0, 0]
				},
				"leftankle": {
					"rotation": [-72.5, 0, 0]
				},
				"leftfoot": {
					"rotation": [-15, 0, 0]
				},
				"rightleg": {
					"rotation": [-40, 0, 0]
				},
				"rightknee": {
					"rotation": [65, 0, 0]
				},
				"rightankle": {
					"rotation": [-82.5, 0, 0]
				},
				"rightfoot": {
					"rotation": [40, 0, 0],
					"position": [0, 1, 0]
				},
				"torso": {
					"rotation": [0, "0+math.sin(query.anim_time*90*2)*5", 0],
					"position": [0, "0+math.sin(query.anim_time*90*4)*0.2", 0]
				},
				"tails": {
					"rotation": ["0+math.sin(query.anim_time*90*4)*10", "0+math.sin(query.anim_time*90*2-120)*10", 0]
				},
				"uppertorso": {
					"rotation": ["12.5+math.sin(query.anim_time*90*4+60)*2", 0, 0]
				},
				"chest": {
					"rotation": [-10, 0, 0]
				},
				"leftarm": {
					"rotation": [-0.59635, 4.04304, "-3.3922968074-math.sin(query.anim_time*90*4)*5"]
				},
				"leftelbow": {
					"rotation": [0, 0, -35]
				},
				"leftelbow2": {
					"rotation": [0, 0, "-42.5-math.sin(query.anim_time*90*4-120)*5"]
				},
				"lefthand": {
					"rotation": [0, 40, 0]
				},
				"rightarm2": {
					"rotation": ["0+math.sin(query.anim_time*90*4-60)*5", 0, "-35+math.sin(query.anim_time*90*4)*5"]
				},
				"rightelbow3": {
					"rotation": [0, -45, 0]
				},
				"rightelbow4": {
					"rotation": [0, "-55+math.sin(query.anim_time*90*4+120)*5", 0]
				},
				"righthand2": {
					"rotation": [-30.40773, -24.1782, 13.51584]
				},
				"leftarm2": {
					"rotation": ["0+math.sin(query.anim_time*90*4-60)*5", 0, "32.5-math.sin(query.anim_time*90*4)*5"]
				},
				"leftelbow3": {
					"rotation": [0, 47.5, 0]
				},
				"leftelbow4": {
					"rotation": [0, "52.5+math.sin(query.anim_time*90*4+120)*6", 0]
				},
				"lefthand2": {
					"rotation": [-3.90399, 17.07228, -13.08619]
				},
				"rightarm": {
					"rotation": [0, 0, "27.5+math.sin(query.anim_time*90*4)*5"]
				},
				"rightelbow": {
					"rotation": [0, 0, 25]
				},
				"rightelbow2": {
					"rotation": [0, -32.5, "30+math.sin(query.anim_time*90*4-60)*5"]
				},
				"righthand": {
					"rotation": [0, -32.5, 0]
				},
				"wing": {
					"rotation": ["0+math.sin(query.anim_time*90*20)*20", "-82.5+math.sin(query.anim_time*90*20-60)*20", 0]
				},
				"wing2": {
					"rotation": ["0+math.sin(query.anim_time*90*20)*20", "85-math.sin(query.anim_time*90*20-60)*20", 0]
				},
				"wing3": {
					"rotation": ["-7.5-math.sin(query.anim_time*90*20)*20", "50+math.sin(query.anim_time*90*20+60)*20", 0]
				},
				"wing4": {
					"rotation": ["0-math.sin(query.anim_time*90*20)*20", "-70-math.sin(query.anim_time*90*20+60)*20", 0.42683]
				},
				"neck": {
					"rotation": ["-5+math.sin(query.anim_time*90*4)*2", 0, 0]
				},
				"head": {
					"rotation": ["-5+math.sin(query.anim_time*90*4+120)*2", "0+math.sin(query.anim_time*90*2+120)*5", 0]
				}
			}
		},
		"animation.stingwing_colt.air_idle": {
			"loop": true,
			"animation_length": 4,
			"bones": {
				"body": {
					"position": [0, "0+math.sin(query.anim_time*90*2)", -5]
				},
				"leftleg": {
					"rotation": ["0+math.sin(query.anim_time*90*2)*2", 0, "0+math.sin(query.anim_time*90*2)*2"]
				},
				"leftknee": {
					"rotation": ["27.5+math.sin(query.anim_time*90*2-60)*5", 0, 0]
				},
				"leftankle": {
					"rotation": ["-35+math.sin(query.anim_time*90*2-120)*2", 0, 0]
				},
				"leftfoot": {
					"rotation": [52.5, 0, 0],
					"position": [0, 2, 0]
				},
				"rightleg": {
					"rotation": ["-40+math.sin(query.anim_time*90*2)*2", 0, "0-math.sin(query.anim_time*90*2-60)*2"]
				},
				"rightknee": {
					"rotation": ["82.5+math.sin(query.anim_time*90*2-60)*5", 0, 0]
				},
				"rightankle": {
					"rotation": ["2.5+math.sin(query.anim_time*90*2-160)*5", 0, 0]
				},
				"rightfoot": {
					"rotation": [27.5, 0, 0],
					"position": [0, 1, 0]
				},
				"tails": {
					"rotation": ["-27.5+math.sin(query.anim_time*90*2-60)*5", 0, "0+math.sin(query.anim_time*90*2)*2"]
				},
				"uppertorso": {
					"rotation": ["7.5+math.sin(query.anim_time*90*2)*2", 0, 0]
				},
				"chest": {
					"rotation": ["5+math.sin(query.anim_time*90*2+60)*2", 0, 0]
				},
				"leftarm": {
					"rotation": ["0+math.sin(query.anim_time*90*2)*5", -15, "37.5-math.sin(query.anim_time*90*2-60)*5"]
				},
				"leftelbow": {
					"rotation": [0, 60, 0]
				},
				"leftelbow2": {
					"rotation": [0, 32.5, 0]
				},
				"lefthand": {
					"rotation": [0, 47.5, 0]
				},
				"rightarm2": {
					"rotation": [0, "0+math.sin(query.anim_time*90*2+120)*5", -42.5]
				},
				"rightelbow4": {
					"rotation": [0, "-47.5+math.sin(query.anim_time*90*2)*5", 0]
				},
				"righthand2": {
					"rotation": [0, -42.5, 0]
				},
				"leftarm2": {
					"rotation": [0, "0+math.sin(query.anim_time*90*2+60)*5", 45]
				},
				"leftelbow4": {
					"rotation": [0, "60+math.sin(query.anim_time*90*2-60)*5", 0]
				},
				"lefthand2": {
					"rotation": [0, 42.5, 0]
				},
				"rightarm": {
					"rotation": ["0+math.sin(query.anim_time*90*2)*5", 0, "-42.5+math.sin(query.anim_time*90*2-60)*5"]
				},
				"rightelbow2": {
					"rotation": [0, -67.5, 0]
				},
				"righthand": {
					"rotation": [0, -55, 0]
				},
				"wing": {
					"rotation": [0, "-52.5+math.sin(query.anim_time*90*40)*30", 0]
				},
				"wing2": {
					"rotation": [0, "40-math.sin(query.anim_time*90*40)*30", 0]
				},
				"wing3": {
					"rotation": [0, "40+math.sin(query.anim_time*90*40)*30", 0]
				},
				"wing4": {
					"rotation": [0, "-45-math.sin(query.anim_time*90*40)*30", 0]
				},
				"head": {
					"rotation": ["0-math.sin(query.anim_time*90*2+120)*6", 0, 0]
				}
			}
		},
		"animation.stingwing_colt.air_fly": {
			"loop": true,
			"animation_length": 4,
			"bones": {
				"body": {
					"rotation": ["77.5+math.sin(query.anim_time*90*2)", "0+math.sin(query.anim_time*90*1)*2", "0+math.sin(query.anim_time*90*1+180)*10"],
					"position": ["0+math.sin(query.anim_time*90*1+60)*3", "9+math.sin(query.anim_time*90*2)*2", 26]
				},
				"leftleg": {
					"rotation": ["0+math.sin(query.anim_time*90*2)*2", 0, "0+math.sin(query.anim_time*90*2)*2"]
				},
				"leftknee": {
					"rotation": ["27.5+math.sin(query.anim_time*90*2-60)*5", 0, 0]
				},
				"leftankle": {
					"rotation": ["-35+math.sin(query.anim_time*90*2-120)*2", 0, 0]
				},
				"leftfoot": {
					"rotation": [52.5, 0, 0],
					"position": [0, 2, 0]
				},
				"rightleg": {
					"rotation": ["-40+math.sin(query.anim_time*90*2)*2", 0, "0-math.sin(query.anim_time*90*2-60)*2"]
				},
				"rightknee": {
					"rotation": ["82.5+math.sin(query.anim_time*90*2-60)*5", 0, 0]
				},
				"rightankle": {
					"rotation": ["2.5+math.sin(query.anim_time*90*2-160)*5", 0, 0]
				},
				"rightfoot": {
					"rotation": [27.5, 0, 0],
					"position": [0, 1, 0]
				},
				"torso": {
					"rotation": [10, 0, 0]
				},
				"tails": {
					"rotation": ["-27.5+math.sin(query.anim_time*90*2-60)*5", 0, "0+math.sin(query.anim_time*90*2)*2"]
				},
				"uppertorso": {
					"rotation": ["-2.5+math.sin(query.anim_time*90*2)*2", 0, 0]
				},
				"chest": {
					"rotation": ["math.sin(query.anim_time*90*2+60)*2", 0, 0]
				},
				"leftarm": {
					"rotation": ["-5.8547+math.sin(query.anim_time*90*2)*5", -13.83445, "60.711-math.sin(query.anim_time*90*2-60)*5"]
				},
				"leftelbow": {
					"rotation": [0, 2.5, 0]
				},
				"leftelbow2": {
					"rotation": [0, -2.5, 0]
				},
				"lefthand": {
					"rotation": [0, 47.5, 0]
				},
				"rightarm2": {
					"rotation": [2.29673, "-4.7523+math.sin(query.anim_time*90*2+120)*5", -54.80744]
				},
				"rightelbow4": {
					"rotation": [0, "-7.5+math.sin(query.anim_time*90*2)*5", 0]
				},
				"righthand2": {
					"rotation": [0, -42.5, 0]
				},
				"leftarm2": {
					"rotation": [0, "0+math.sin(query.anim_time*90*2+60)*5", 45]
				},
				"leftelbow4": {
					"rotation": [0, "5+math.sin(query.anim_time*90*2-60)*5", 0]
				},
				"lefthand2": {
					"rotation": [0, 42.5, 0]
				},
				"rightarm": {
					"rotation": ["-0.8704+math.sin(query.anim_time*90*2)*5", 4.92385, "-67.5374+math.sin(query.anim_time*90*2-60)*5"]
				},
				"rightelbow2": {
					"rotation": [0, -7.5, 0]
				},
				"righthand": {
					"rotation": [0, -55, 0]
				},
				"wing": {
					"rotation": [0, "-52.5+math.sin(query.anim_time*90*40)*30", 0]
				},
				"wing2": {
					"rotation": [0, "40-math.sin(query.anim_time*90*40)*30", 0]
				},
				"wing3": {
					"rotation": [0, "40+math.sin(query.anim_time*90*40)*30", 0]
				},
				"wing4": {
					"rotation": [0, "-45-math.sin(query.anim_time*90*40)*30", 0]
				},
				"head": {
					"rotation": ["-75-math.sin(query.anim_time*90*2+120)*6", "0+math.sin(query.anim_time*90*1-60)*10", "0+math.sin(query.anim_time*90*1+180)*10"]
				}
			}
		},
		"animation.stingwing_colt.sleep": {
			"loop": true,
			"bones": {
				"body": {
					"position": [0, -23, 0]
				},
				"leftleg": {
					"rotation": [-95.62498, -4.28428, 7.92901]
				},
				"leftfoot": {
					"rotation": [7.5, 0, 0]
				},
				"rightleg": {
					"rotation": [-112.93327, 4.5252, -5.43327]
				},
				"rightankle": {
					"rotation": [47.5, 0, 0]
				},
				"rightfoot": {
					"rotation": [27.5, 0, 0]
				},
				"chest": {
					"rotation": [15, 0, 0]
				},
				"leftarm": {
					"rotation": [-1.6575, -12.39135, 35.17995]
				},
				"leftelbow": {
					"rotation": [0, 0, 25]
				},
				"leftelbow2": {
					"rotation": [0, 0, 27.5]
				},
				"lefthand": {
					"rotation": [0, -70, 0]
				},
				"rightarm2": {
					"rotation": [0, 0, -42.5]
				},
				"rightelbow3": {
					"rotation": [0, -22.5, 0]
				},
				"rightelbow4": {
					"rotation": [0, -72.5, 0]
				},
				"righthand2": {
					"rotation": [-45.68718, -8.80348, 8.90928]
				},
				"leftarm2": {
					"rotation": [0, 0, 15]
				},
				"leftelbow3": {
					"rotation": [0, 25, 30]
				},
				"leftelbow4": {
					"rotation": [0, 57.5, 35]
				},
				"lefthand2": {
					"rotation": [2.50732, 28.17235, 13.70108]
				},
				"rightarm": {
					"rotation": [0, 0, -40]
				},
				"rightelbow": {
					"rotation": [0, 0, -35]
				},
				"righthand": {
					"rotation": [0, 75, 0]
				},
				"wing": {
					"rotation": [-38.95658, -24.1782, 18.32252]
				},
				"wing2": {
					"rotation": [-28.06681, 11.06861, -5.84485]
				},
				"wing3": {
					"rotation": [-20, 0, 0]
				},
				"wing4": {
					"rotation": [-20.6469, -14.0761, 5.23619]
				},
				"head": {
					"rotation": [25, 0, 0]
				},
				"eyelids": {
					"position": [0, 0, -1]
				}
			}
		},
		"animation.stingwing_colt.blink": {
			"animation_length": 0.125,
			"bones": {
				"eyelids": {
					"position": {
						"0.0": [0, 0, 0],
						"0.0417": [0, 0, -1],
						"0.125": [0, 0, -1]
					}
				}
			}
		},
		"animation.stingwing_colt.quirk": {
			"animation_length": 2,
			"bones": {
				"uppertorso": {
					"rotation": {
						"0.0": {
							"post": [0, 0, 0],
							"lerp_mode": "catmullrom"
						},
						"0.2083": {
							"post": [5, 0, 0],
							"lerp_mode": "catmullrom"
						},
						"0.875": {
							"post": [10, 0, 0],
							"lerp_mode": "catmullrom"
						},
						"1.25": {
							"post": [10, 0, 0],
							"lerp_mode": "catmullrom"
						},
						"1.4583": {
							"post": [0, 0, 0],
							"lerp_mode": "catmullrom"
						}
					}
				},
				"leftarm": {
					"rotation": {
						"0.0": {
							"post": [0, 0, 0],
							"lerp_mode": "catmullrom"
						},
						"0.375": {
							"post": [0, 0, -85],
							"lerp_mode": "catmullrom"
						},
						"1.2917": {
							"post": [0, 0, -80],
							"lerp_mode": "catmullrom"
						},
						"1.5833": {
							"post": [0, 0, 0],
							"lerp_mode": "catmullrom"
						}
					}
				},
				"leftelbow": {
					"rotation": {
						"0.0": {
							"post": [0, 0, 0],
							"lerp_mode": "catmullrom"
						},
						"0.4583": {
							"post": [11.88736, 0, -11.41583],
							"lerp_mode": "catmullrom"
						},
						"0.5833": {
							"post": [-16.93346, 0, -12.36962],
							"lerp_mode": "catmullrom"
						},
						"0.7083": {
							"post": [11.24157, 0, -13.80032],
							"lerp_mode": "catmullrom"
						},
						"0.7917": {
							"post": [-11.16734, 0, -15.12882],
							"lerp_mode": "catmullrom"
						},
						"0.875": {
							"post": [3.19388, 0, -15.94068],
							"lerp_mode": "catmullrom"
						},
						"0.9583": {
							"post": [12.55511, 0, -16.75255],
							"lerp_mode": "catmullrom"
						},
						"1.0417": {
							"post": [0.34694, 0, -17.97034],
							"lerp_mode": "catmullrom"
						},
						"1.2917": {
							"post": [0, 0, -20],
							"lerp_mode": "catmullrom"
						},
						"2.0": {
							"post": [0, 0, 0],
							"lerp_mode": "catmullrom"
						}
					}
				},
				"leftelbow2": {
					"rotation": {
						"0.0": {
							"post": [0, 0, 0],
							"lerp_mode": "catmullrom"
						},
						"0.625": {
							"post": [0, -47.5, -52.5],
							"lerp_mode": "catmullrom"
						},
						"1.5": {
							"post": [-16.93696, -17.6243, -47.20787],
							"lerp_mode": "catmullrom"
						},
						"1.8333": {
							"post": [0, 0, 0],
							"lerp_mode": "catmullrom"
						}
					}
				},
				"lefthand": {
					"rotation": {
						"0.0": {
							"post": [0, 0, 0],
							"lerp_mode": "catmullrom"
						},
						"0.2083": {
							"post": [0, 0, 30],
							"lerp_mode": "catmullrom"
						},
						"0.5417": {
							"post": [0, 0, -10],
							"lerp_mode": "catmullrom"
						},
						"2.0": {
							"post": [0, 0, 0],
							"lerp_mode": "catmullrom"
						}
					}
				},
				"rightarm": {
					"rotation": {
						"0.0": {
							"post": [0, 0, 0],
							"lerp_mode": "catmullrom"
						},
						"0.375": {
							"post": [0, 0, 70],
							"lerp_mode": "catmullrom"
						},
						"1.2917": {
							"post": [0, 0, 67.5],
							"lerp_mode": "catmullrom"
						},
						"1.6667": {
							"post": [0, 0, 0],
							"lerp_mode": "catmullrom"
						}
					}
				},
				"rightelbow": {
					"rotation": {
						"0.0": {
							"post": [0, 0, 0],
							"lerp_mode": "catmullrom"
						},
						"0.625": {
							"post": [0, 0, 45],
							"lerp_mode": "catmullrom"
						},
						"0.7083": {
							"post": [7.5, 0, 45],
							"lerp_mode": "catmullrom"
						},
						"0.7917": {
							"post": [-7.5, 0, 45],
							"lerp_mode": "catmullrom"
						},
						"0.875": {
							"post": [-2.5, 0, 45],
							"lerp_mode": "catmullrom"
						},
						"0.9583": {
							"post": [-12.5, 0, 45],
							"lerp_mode": "catmullrom"
						},
						"1.0417": {
							"post": [0, 0, 45],
							"lerp_mode": "catmullrom"
						},
						"2.0": {
							"post": [0, 0, 0],
							"lerp_mode": "catmullrom"
						}
					}
				},
				"rightelbow2": {
					"rotation": {
						"0.0": {
							"post": [0, 0, 0],
							"lerp_mode": "catmullrom"
						},
						"0.625": {
							"post": [0, 0, 60],
							"lerp_mode": "catmullrom"
						},
						"1.5417": {
							"post": [0, 0, 67.94],
							"lerp_mode": "catmullrom"
						},
						"2.0": {
							"post": [0, 0, 0],
							"lerp_mode": "catmullrom"
						}
					}
				},
				"righthand": {
					"rotation": {
						"0.0": {
							"post": [0, 0, 0],
							"lerp_mode": "catmullrom"
						},
						"0.4583": {
							"post": [0, 0, -20],
							"lerp_mode": "catmullrom"
						},
						"0.9167": {
							"post": [0, -52.5, 25],
							"lerp_mode": "catmullrom"
						},
						"2.0": {
							"post": [0, 0, 0],
							"lerp_mode": "catmullrom"
						}
					}
				},
				"head": {
					"rotation": {
						"0.0": {
							"post": [0, 0, 0],
							"lerp_mode": "catmullrom"
						},
						"0.2083": {
							"post": [10, 0, 0],
							"lerp_mode": "catmullrom"
						},
						"0.375": {
							"post": [6.95, 0, 0],
							"lerp_mode": "catmullrom"
						},
						"0.5833": {
							"post": [-15, 0, 0],
							"lerp_mode": "catmullrom"
						},
						"0.7083": {
							"post": [-13.36, 0, 0],
							"lerp_mode": "catmullrom"
						},
						"1.25": {
							"post": [-20, 0, 0],
							"lerp_mode": "catmullrom"
						},
						"1.4583": {
							"post": [-8.38, 0, 0],
							"lerp_mode": "catmullrom"
						},
						"1.7083": {
							"post": [0, 0, 0],
							"lerp_mode": "catmullrom"
						}
					}
				},
				"eyelids": {
					"position": {
						"0.0": {
							"post": [0, 0, 0],
							"lerp_mode": "catmullrom"
						},
						"0.0833": {
							"post": [0, 0, -1],
							"lerp_mode": "catmullrom"
						},
						"0.3333": {
							"post": [0, 0, -1],
							"lerp_mode": "catmullrom"
						},
						"1.2917": {
							"post": [0, 0, -1],
							"lerp_mode": "catmullrom"
						},
						"1.375": {
							"post": [0, 0, 0],
							"lerp_mode": "catmullrom"
						}
					}
				}
			}
		},
		"animation.stingwing_colt.walkspeed": {
			"loop": true,
			"bones": {
				"body": {
					"position": [0, 0, "0-query.anim_time*90*0.4"]
				}
			}
		},
		"animation.stingwing_colt.cry": {
			"animation_length": 0.7083,
			"bones": {
				"uppertorso": {
					"rotation": {
						"0.0": [0, 0, 0],
						"0.125": [-5, 0, 0],
						"0.3333": [5, 0, 0],
						"0.625": [0, 0, 0]
					}
				},
				"chest": {
					"rotation": {
						"0.0": [0, 0, 0],
						"0.125": [7.5, 0, 0],
						"0.5": [0, 0, 0]
					}
				},
				"head": {
					"rotation": {
						"0.0": [0, 0, 0],
						"0.1667": [7.5, 0, 0],
						"0.375": [-7.5, 0, 0],
						"0.5": [-10, 0, 0],
						"0.7083": [0, 0, 0]
					}
				},
				"eyelids": {
					"position": {
						"0.0": [0, 0, 0],
						"0.0417": [0, 0, -1],
						"0.1667": [0, 0, -1],
						"0.2083": [0, 0, 0]
					}
				}
			},
			"sound_effects": {
				"0.125": {
					"effect": "pokemon.stingwing_colt.cry"
				}
			}
		}
	}
}