{
  "implemented": true,
  "name": "Slowpoke",
  "nationalPokedexNumber": 79,
  "primaryType": "water",
  "secondaryType": "psychic",
  "abilities": [
    "oblivious",
    "owntempo",
    "h:regenerator"
  ],
  "drops": {
    "amount": 2,
    "entries": [
      {
        "item": "cobblemon:kings_rock",
        "percentage": 2.5
      },
      {
        "item": "cobblemon:chesto_berry",
        "percentage": 2.5
      }
    ]
  },
  "baseStats": {
    "hp": 90,
    "attack": 65,
    "defence": 65,
    "special_attack": 40,
    "special_defence": 40,
    "speed": 15
  },
  "features": [
    "galarian"
  ],
  "catchRate": 190,
  "maleRatio": 0.5,
  "shoulderMountable": false,
  "forms": [
    {
      "name": "Galar",
      "primaryType": "psychic",
      "abilities": [
        "gluttony",
        "owntempo",
        "h:regenerator"
      ],
	  "pokedex": [
		"cobblemon.species.slowpoke_galar.desc"
	  ],
      "baseStats": {
        "hp": 90,
        "attack": 65,
        "defence": 65,
        "special_attack": 40,
        "special_defence": 40,
        "speed": 15
      },
      "catchRate": 190,
      "maleRatio": 0.5,
      "baseExperienceYield": 63,
      "baseFriendship": 50,
      "evYield": {
        "hp": 1,
        "attack": 0,
        "defence": 0,
        "special_attack": 0,
        "special_defence": 0,
        "speed": 0
      },
      "experienceGroup": "medium_fast",
      "eggCycles": 20,
      "eggGroups": [
        "monster",
        "water_1"
      ],
      "moves": [
        "1:curse",
        "1:tackle",
        "3:growl",
        "6:acid",
        "9:yawn",
        "12:confusion",
        "15:disable",
        "18:waterpulse",
        "21:headbutt",
        "24:zenheadbutt",
        "27:amnesia",
        "30:surf",
        "33:slackoff",
        "36:psychic",
        "39:psychup",
        "42:raindance",
        "45:healpulse",
        "egg:belch",
        "egg:bellydrum",
        "egg:block",
        "egg:stomp",
        "tm:amnesia",
        "tm:attract",
        "tm:avalanche",
        "tm:blizzard",
        "tm:bodyslam",
        "tm:brine",
        "tm:bulldoze",
        "tm:calmmind",
        "tm:chillingwater",
        "tm:dig",
        "tm:dive",
        "tm:earthquake",
        "tm:endure",
        "tm:facade",
        "tm:fireblast",
        "tm:flamethrower",
        "tm:foulplay",
        "tm:futuresight",
        "tm:grassknot",
        "tm:hail",
        "tm:helpinghand",
        "tm:hydropump",
        "tm:icebeam",
        "tm:icywind",
        "tm:imprison",
        "tm:irontail",
        "tm:lightscreen",
        "tm:liquidation",
        "tm:mudshot",
        "tm:payday",
        "tm:protect",
        "tm:psybeam",
        "tm:psychic",
        "tm:psychicterrain",
        "tm:psyshock",
        "tm:raindance",
        "tm:rest",
        "tm:round",
        "tm:safeguard",
        "tm:scald",
        "tm:shadowball",
        "tm:skillswap",
        "tm:sleeptalk",
        "tm:snore",
        "tm:snowscape",
        "tm:storedpower",
        "tm:substitute",
        "tm:sunnyday",
        "tm:surf",
        "tm:swift",
        "tm:takedown",
        "tm:terablast",
        "tm:thunderwave",
        "tm:triattack",
        "tm:trick",
        "tm:trickroom",
        "tm:waterfall",
        "tm:waterpulse",
        "tm:weatherball",
        "tm:whirlpool",
        "tm:wonderroom",
        "tm:zenheadbutt",
        "tutor:expandingforce"
      ],
      "labels": [
        "gen8",
        "galar_regional"
      ],
      "aspects": [
        "galarian"
      ],
      "height": 12,
      "weight": 360,
      "evolutions": [
        {
          "id": "slowpoke_slowbro",
          "variant": "item_interact",
          "result": "slowbro form=galar",
          "consumeHeldItem": false,
          "learnableMoves": [
            "shellsidearm"
          ],
          "requirements": [],
          "requiredContext": "cobblemon:galarica_cuff"
        },
        {
          "id": "slowpoke_slowking",
          "variant": "item_interact",
          "result": "slowking form=galar",
          "consumeHeldItem": false,
          "learnableMoves": [],
          "requirements": [],
          "requiredContext": "cobblemon:galarica_wreath"
        }
      ],
      "cannotDynamax": false,
      "battleOnly": false,
      "drops": {
        "amount": 1,
        "entries": [
          {
            "item": "cobblemon:chesto_berry",
            "percentage": 2.5
          }
        ]
      }
    }
  ],
  "baseExperienceYield": 63,
  "experienceGroup": "medium_fast",
  "eggCycles": 20,
  "eggGroups": [
    "monster",
    "water_1"
  ],
  "behaviour": {
    "moving": {
      "swim": {
        "swimSpeed": 0.08,
        "canSwimInWater": true,
        "canBreatheUnderwater": true
      },
      "walk": {
        "walkSpeed": 0.125
      }
    },
    "resting": {
      "canSleep": true,
      "willSleepOnBed": true,
      "depth": "normal",
      "light": "0-16"
    }
  },
  "moves": [
    "1:curse",
    "1:tackle",
    "3:growl",
    "6:watergun",
    "9:yawn",
    "12:confusion",
    "15:disable",
    "18:waterpulse",
    "21:headbutt",
    "24:zenheadbutt",
    "27:amnesia",
    "30:surf",
    "33:slackoff",
    "36:psychic",
    "39:psychup",
    "42:raindance",
    "45:healpulse",
    "egg:belch",
    "egg:bellydrum",
    "egg:block",
    "egg:futuresight",
    "egg:mefirst",
    "egg:mudsport",
    "egg:safeguard",
    "egg:sleeptalk",
    "egg:snore",
    "egg:stomp",
    "egg:wonderroom",
    "egg:zenheadbutt",
    "tm:amnesia",
    "tm:attract",
    "tm:avalanche",
    "tm:blizzard",
    "tm:bodyslam",
    "tm:brine",
    "tm:bulldoze",
    "tm:calmmind",
    "tm:captivate",
    "tm:chillingwater",
    "tm:confide",
    "tm:dig",
    "tm:dive",
    "tm:doubleteam",
    "tm:dreameater",
    "tm:earthquake",
    "tm:echoedvoice",
    "tm:endure",
    "tm:facade",
    "tm:fireblast",
    "tm:flamethrower",
    "tm:flash",
    "tm:foulplay",
    "tm:frustration",
    "tm:futuresight",
    "tm:grassknot",
    "tm:hail",
    "tm:helpinghand",
    "tm:hiddenpower",
    "tm:hydropump",
    "tm:icebeam",
    "tm:icywind",
    "tm:imprison",
    "tm:incinerate",
    "tm:irontail",
    "tm:lightscreen",
    "tm:liquidation",
    "tm:mudshot",
    "tm:naturalgift",
    "tm:payday",
    "tm:protect",
    "tm:psybeam",
    "tm:psychic",
    "tm:psychicterrain",
    "tm:psychup",
    "tm:psyshock",
    "tm:raindance",
    "tm:recycle",
    "tm:rest",
    "tm:return",
    "tm:round",
    "tm:safeguard",
    "tm:scald",
    "tm:secretpower",
    "tm:shadowball",
    "tm:skillswap",
    "tm:sleeptalk",
    "tm:snore",
    "tm:snowscape",
    "tm:storedpower",
    "tm:strength",
    "tm:substitute",
    "tm:sunnyday",
    "tm:surf",
    "tm:swagger",
    "tm:swift",
    "tm:takedown",
    "tm:telekinesis",
    "tm:terablast",
    "tm:thunderwave",
    "tm:toxic",
    "tm:triattack",
    "tm:trick",
    "tm:trickroom",
    "tm:waterfall",
    "tm:waterpulse",
    "tm:weatherball",
    "tm:whirlpool",
    "tm:wonderroom",
    "tm:zenheadbutt",
    "tutor:afteryou",
    "tutor:amnesia",
    "tutor:aquatail",
    "tutor:attract",
    "tutor:bellydrum",
    "tutor:bide",
    "tutor:blizzard",
    "tutor:block",
    "tutor:bodyslam",
    "tutor:brine",
    "tutor:bubblebeam",
    "tutor:calmmind",
    "tutor:confusion",
    "tutor:curse",
    "tutor:dig",
    "tutor:disable",
    "tutor:dive",
    "tutor:doubleedge",
    "tutor:doubleteam",
    "tutor:dreameater",
    "tutor:earthquake",
    "tutor:endure",
    "tutor:expandingforce",
    "tutor:facade",
    "tutor:fireblast",
    "tutor:fissure",
    "tutor:flamethrower",
    "tutor:flash",
    "tutor:frustration",
    "tutor:futuresight",
    "tutor:growl",
    "tutor:headbutt",
    "tutor:hiddenpower",
    "tutor:icebeam",
    "tutor:icywind",
    "tutor:irontail",
    "tutor:lightscreen",
    "tutor:magiccoat",
    "tutor:mimic",
    "tutor:mudslap",
    "tutor:nightmare",
    "tutor:payday",
    "tutor:protect",
    "tutor:psychic",
    "tutor:psychup",
    "tutor:psywave",
    "tutor:rage",
    "tutor:raindance",
    "tutor:recycle",
    "tutor:reflect",
    "tutor:rest",
    "tutor:return",
    "tutor:safeguard",
    "tutor:scald",
    "tutor:shadowball",
    "tutor:signalbeam",
    "tutor:skillswap",
    "tutor:skullbash",
    "tutor:sleeptalk",
    "tutor:snore",
    "tutor:stomp",
    "tutor:strength",
    "tutor:substitute",
    "tutor:sunnyday",
    "tutor:surf",
    "tutor:swagger",
    "tutor:swift",
    "tutor:tackle",
    "tutor:takedown",
    "tutor:telekinesis",
    "tutor:teleport",
    "tutor:thunderwave",
    "tutor:toxic",
    "tutor:triattack",
    "tutor:trick",
    "tutor:watergun",
    "tutor:waterpulse",
    "tutor:wonderroom",
    "tutor:yawn",
    "tutor:zapcannon",
    "tutor:zenheadbutt"
  ],
  "labels": [
    "gen1",
    "kanto_regional"
  ],
  "pokedex": [
    "cobblemon.species.slowpoke.desc"
  ],
  "evolutions": [
    {
      "id": "slowpoke_slowbro",
      "variant": "level_up",
      "result": "slowbro",
      "consumeHeldItem": false,
      "learnableMoves": [],
      "requirements": [
        {
          "variant": "level",
          "minLevel": 37
        }
      ]
    },
    {
      "id": "slowpoke_slowking",
      "variant": "trade",
      "result": "slowking",
      "consumeHeldItem": true,
      "learnableMoves": [],
      "requirements": [
        {
          "variant": "held_item",
          "itemCondition": "cobblemon:kings_rock"
        }
      ]
    }
  ],
  "baseScale": 0.75,
  "hitbox": {
    "width": 1.2,
    "height": 0.7,
    "fixed": false
  },
  "baseFriendship": 50,
  "evYield": {
    "hp": 1,
    "attack": 0,
    "defence": 0,
    "special_attack": 0,
    "special_defence": 0,
    "speed": 0
  },
  "height": 12,
  "weight": 360,
  "aspects": [],
  "cannotDynamax": false
}