{
	"format_version": "1.12.0",
	"minecraft:geometry": [
		{
			"description": {
				"identifier": "geometry.chamass",
				"texture_width": 64,
				"texture_height": 64,
				"visible_bounds_width": 4,
				"visible_bounds_height": 2.5,
				"visible_bounds_offset": [0, 0.75, 0]
			},
			"bones": [
				{
					"name": "chamass",
					"pivot": [0, 0, 0]
				},
				{
					"name": "bone",
					"parent": "chamass",
					"pivot": [0, 6, 0],
					"cubes": [
						{"origin": [-5, 6, -6], "size": [10, 6, 12], "uv": [20, 46]}
					]
				},
				{
					"name": "head",
					"parent": "bone",
					"pivot": [0, 12, -6],
					"cubes": [
						{"origin": [-4, 6, -14], "size": [8, 8, 8], "uv": [0, 0]},
						{"origin": [1, 8, -15], "size": [4, 4, 4], "uv": [0, 43]},
						{"origin": [-5, 12, -12], "size": [10, 6, 7], "uv": [0, 18]},
						{"origin": [-5, 8, -15], "size": [4, 4, 4], "uv": [0, 43], "mirror": true}
					]
				},
				{
					"name": "tail",
					"parent": "bone",
					"pivot": [0, 13, 6],
					"cubes": [
						{"origin": [-2, 6, 6], "size": [4, 10, 10], "uv": [36, 25]},
						{"origin": [-4, 13, 13], "size": [8, 4, 4], "uv": [34, 3]}
					]
				},
				{
					"name": "leg",
					"parent": "bone",
					"pivot": [3, 8, -4],
					"cubes": [
						{"origin": [1, 0, -6], "size": [4, 6, 4], "uv": [0, 53]}
					]
				},
				{
					"name": "leg2",
					"parent": "bone",
					"pivot": [3, 8, 4],
					"cubes": [
						{"origin": [1, 0, 2], "size": [4, 6, 4], "uv": [0, 53]}
					]
				},
				{
					"name": "leg3",
					"parent": "bone",
					"pivot": [-3, 8, 4],
					"cubes": [
						{"origin": [-5, 0, 2], "size": [4, 6, 4], "uv": [0, 53], "mirror": true}
					]
				},
				{
					"name": "leg4",
					"parent": "bone",
					"pivot": [-3, 8, -4],
					"cubes": [
						{"origin": [-5, 0, -6], "size": [4, 6, 4], "uv": [0, 53], "mirror": true}
					]
				}
			]
		}
	]
}