{
  "head": "head",
  "portraitScale": 1.6,
  "portraitTranslation": [-0.2, 0, 0],
  "profileScale": 0.6,
  "profileTranslation": [0, 0.9, 0],
  "poses": {
    "standing": {
      "poseName": "standing",
      "transformTicks": 10,
      "poseTypes": ["STAND", "NONE", "PORTRAIT", "PROFILE"],
      "animations": ["look", "bedrock(cafe_vulpix_alolan, ground_idle)"],
      "isBattle": false,
      "quirks": [
        {
          "name": "blink",
          "loopTimes": 1,
          "minSecondsBetweenOccurrences": 15,
          "maxSecondsBetweenOccurrences": 30,
          "animations": ["bedrock(cafe_vulpix_alolan, blink)"]
        }
      ]
    },
    "walking": {
      "poseName": "walking",
      "transformTicks": 10,
      "poseTypes": ["WALK"],
      "animations": ["bedrock(cafe_vulpix_alolan, ground_walk)"]
    },
    "floating": {
      "poseName": "floating",
      "transformTicks": 10,
      "poseTypes": ["FLOAT"],
      "animations": ["bedrock(cafe_vulpix_alolan, ground_idle)"]
    },
    "battle": {
      "poseName": "standing",
      "transformTicks": 10,
      "poseTypes": ["STAND"],
      "isBattle": true,
      "animations": ["bedrock(cafe_vulpix_alolan, ground_idle)"]
    }
  }
}
