{
  "head": "head",
  "portraitScale": 2.2,
  "portraitTranslation": [-0.2, 2.8, 0],
  "profileScale": 0.6,
  "profileTranslation": [0, 1.2, 0],
  "poses": {
    "standing": {
      "poseName": "standing",
      "transformTicks": 10,
      "poseTypes": ["STAND", "NONE", "PORTRAIT", "PROFILE"],
      "animations": ["look", "bedrock(meowscarada, ground_idle)"],
      "isBattle": false,
      "quirks": [
        {
          "name": "blink",
          "loopTimes": 1,
          "minSecondsBetweenOccurrences": 15,
          "maxSecondsBetweenOccurrences": 30,
          "animations": ["bedrock(meowscarada, blink)"]
        }
      ]
    },
    "walking": {
      "poseName": "walking",
      "transformTicks": 10,
      "poseTypes": ["WALK"],
      "animations": ["bedrock(meowscarada, ground_walk)"]
    },
    "floating": {
      "poseName": "floating",
      "transformTicks": 10,
      "poseTypes": ["FLOAT"],
      "animations": ["bedrock(meowscarada, ground_idle)"]
    },
    "battle": {
      "poseName": "standing",
      "transformTicks": 10,
      "poseTypes": ["STAND"],
      "isBattle": true,
      "animations": ["bedrock(meowscarada, battle_idle)"]
    },
    "sleep": {
      "poseTypes": ["SLEEP"],
      "namedAnimations": {
        "cry": "q.bedrock_stateful('dummy', 'cry')"
      },
      "animations": [
        "q.bedrock('meowscarada,sleep)"
      ],
      "quirks": [
        "q.bedrock_quirk('meowscarada', 'sleep_quirk')",
        "q.bedrock_quirk('meowscarada', q.array('sleep_quirk2', 'sleep_quirk3'), 6, 20, 1)"
      ]
    }
  }
}
