{
  "portraitScale": 1.8,
  "portraitTranslation": [-0.1, -0.35, 0.0],
  "profileScale": 1,
  "profileTranslation": [0.0, 0.3, 0.0],
  "rootBone": "cafe_tinkaton",
  "animations": {
    "faint": "q.bedrock_primary('cafe_tinkaton', 'faint', q.curve('one'))",
    "cry": "q.bedrock_stateful('tinkaton', 'cry')"
  },
  "poses": {
    "battle-standing": {
      "poseName": "battle-standing",
      "poseTypes": ["STAND"],
      "isBattle": true,
      "animations": ["q.look('head')", "q.bedrock('cafe_tinkaton', 'battle_idle')"],
      "quirks": ["q.bedrock_quirk('cafe_tinkaton', 'blink')"]
    },
    "standing": {
      "poseName": "standing",
      "poseTypes": ["STAND", "NONE", "PORTRAIT", "PROFILE"],
      "isBattle": false,
      "animations": ["q.look('head')", "q.bedrock('cafe_tinkaton', 'ground_idle')"],
      "quirks": ["q.bedrock_quirk('cafe_tinkaton', 'blink')"],
      "transitions": {
        "sleeping": "q.bedrock_primary('cafe_tinkaton', 'sleep_transition')"
      }
    },
    "walking": {
      "poseName": "walking",
      "poseTypes": ["WALK"],
      "animations": ["q.look('head')", "q.bedrock('cafe_tinkaton', 'ground_run')"],
      "quirks": ["q.bedrock_quirk('tinkaton', 'blink')"],
      "transitions": {
        "sleeping": "q.bedrock_primary('cafe_tinkaton', 'sleep_transition')"
      }
    },
    "sleeping": {
      "poseName": "sleeping",
      "poseTypes": ["SLEEP"],
      "animations": ["q.bedrock('cafe_tinkaton', 'sleep')"]
    }
  }
}
