{
	"format_version": "1.8.0",
	"animations": {
		"animation.potdary.ground_idle": {
			"loop": true,
			"bones": {
				"torso": {
					"position": [0, "Math.sin((query.anim_time) * 90 * 2) * 0.1", 0]
				},
				"head": {
					"rotation": ["Math.sin((query.anim_time) * 90 * 2) * 0.5", 0, "Math.sin((query.anim_time) * 90 * 2) * 0.1"]
				},
				"ear_left": {
					"rotation": ["Math.sin((query.anim_time) * 90 * 2) * 2", 0, "-Math.sin((query.anim_time) * 90 * 2) * 2"]
				},
				"ear_right": {
					"rotation": ["Math.sin((query.anim_time) * 90 * 2) * 2", 0, "Math.sin((query.anim_time) * 90 * 2) * 2"]
				},
				"pupil_right": {
					"position": [0, "Math.sin((query.anim_time) * 90 * 2) * 0.05", 0]
				},
				"pupil_left": {
					"position": [0, "Math.sin((query.anim_time) * 90 * 2) * 0.05", 0]
				},
				"brow_left": {
					"rotation": ["Math.sin((query.anim_time) * 90 * 2) * 0.1", 0, 0],
					"position": [0, "Math.sin((query.anim_time) * 90 * 2) * 0.1", 0]
				},
				"brow_right": {
					"position": [0, "Math.sin((query.anim_time) * 90 * 2) * 0.1", 0]
				},
				"neck": {
					"rotation": ["Math.sin((query.anim_time) * 90 * 2) * 1", 0, "Math.sin((query.anim_time) * 90 * 2) * 0.3"]
				},
				"neck2": {
					"rotation": ["Math.sin((query.anim_time) * 90 * 2) * 0.2", 0, 0]
				},
				"snout": {
					"scale": [1, "1+Math.sin((query.anim_time) * 90 * 1) * 0.025", 1]
				},
				"tail": {
					"rotation": ["Math.sin((query.anim_time) * 90 * 2) * 2", "Math.sin((query.anim_time) * 90 * 2) * 2", "Math.sin((query.anim_time) * 90 * 2) * 2"]
				},
				"tail2": {
					"rotation": ["Math.sin((query.anim_time) * 90 * 2) * 2", "Math.sin((query.anim_time) * 90 * 2) * 2", "Math.sin((query.anim_time) * 90 * 2) * 2"]
				},
				"snout_rotate": {
					"rotation": ["Math.sin((query.anim_time) * 90 * 1.5) * 2", 0, 0]
				}
			}
		},
		"animation.potdary.ground_walk": {
			"loop": true,
			"bones": {
				"torso": {
					"position": [0, "-Math.sin((query.anim_time) * 90 * 5) * 0.5", 0]
				},
				"neck": {
					"rotation": ["2.5+Math.sin((query.anim_time) * 90 * 4) * 5", 0, "0+Math.sin((query.anim_time) * 90 * 4) * 0.6"]
				},
				"neck2": {
					"rotation": ["10+Math.sin((query.anim_time) * 90 * 4) * 0.2", 0, 0],
					"position": [0, 1.5, 0.5]
				},
				"head": {
					"rotation": ["-15+Math.sin((query.anim_time) * 90 * 4) * 3", 0, "Math.sin((query.anim_time) * 90 * 4) * 0.2"]
				},
				"ear_left": {
					"rotation": ["Math.sin((query.anim_time) * 90 * 4) * 4", 0, "-Math.sin((query.anim_time) * 90 * 4) * 2"]
				},
				"ear_right": {
					"rotation": ["Math.sin((query.anim_time) * 90 * 4) * 2", 0, "Math.sin((query.anim_time) * 90 * 4) * 2"]
				},
				"brow_right": {
					"position": [0, "Math.sin((query.anim_time) * 90 * 2) * 0.1", -0.25]
				},
				"brow_left": {
					"rotation": ["Math.sin((query.anim_time) * 90 * 2) * 0.1", 0, 0],
					"position": [0, "Math.sin((query.anim_time) * 90 * 2) * 0.1", -0.25]
				},
				"pupil_left": {
					"position": [0, "Math.sin((query.anim_time) * 90 * 2) * 0.05", 0],
					"scale": [1, 0.9, 1]
				},
				"pupil_right": {
					"position": [0, "Math.sin((query.anim_time) * 90 * 2) * 0.05", 0],
					"scale": [1, 0.9, 1]
				},
				"snout": {
					"scale": [1, "1+Math.sin((query.anim_time) * 90 * 1) * 0.025", 1]
				},
				"snout_rotate": {
					"rotation": ["Math.sin((query.anim_time) * 90 * 1.5) * 2", 0, 0]
				},
				"tail": {
					"rotation": ["Math.sin((query.anim_time) * 90 * 4) * 3", "Math.sin((query.anim_time) * 90 * 4) * 3", "Math.sin((query.anim_time) * 90 * 4) * 3"]
				},
				"tail2": {
					"rotation": ["Math.sin((query.anim_time) * 90 * 4)* 3", "Math.sin((query.anim_time) * 90 * 4) * 3", "Math.sin((query.anim_time) * 90 * 4) * 3"]
				},
				"leg_left_front": {
					"rotation": ["-Math.sin((query.anim_time) * 90 * 5) * 8", 0, 0],
					"position": [0, "-Math.sin((query.anim_time) * 90 * 6) * 0.5", 0]
				},
				"leg_right_front": {
					"rotation": ["Math.sin((query.anim_time) * 90 * 5) * 8", 0, 0],
					"position": [0, "Math.sin((query.anim_time) * 90 * 6) * 0.5", 0]
				},
				"leg_left_back": {
					"rotation": ["Math.sin((query.anim_time) * 90 * 5) * 8", 0, 0],
					"position": [0, "Math.sin((query.anim_time) * 90 * 6) * 0.5", 0]
				},
				"leg_right_back": {
					"rotation": ["-Math.sin((query.anim_time) * 90 * 5) * 8", 0, 0],
					"position": [0, "-Math.sin((query.anim_time) * 90 * 6) * 0.5", 0]
				}
			}
		},
		"animation.potdary.water_idle": {
			"loop": true,
			"bones": {
				"body": {
					"position": [0, "-4+Math.sin((query.anim_time) * 90 * 2) * 0.2", 0]
				},
				"torso": {
					"position": [0, "Math.sin((query.anim_time) * 90 * 0.5) * 0.1", 0]
				},
				"neck": {
					"rotation": ["Math.sin((query.anim_time) * 90 * 1) * 2", 0, "Math.sin((query.anim_time) * 90 * 1) * 1"]
				},
				"neck2": {
					"rotation": ["7.5+Math.sin((query.anim_time) * 90 * 2) * 0.2", 0, 0],
					"position": [0, 1.25, 0.25]
				},
				"head": {
					"rotation": ["Math.sin((query.anim_time) * 90 * 2) * 0.5", 0, "Math.sin((query.anim_time) * 90 * 2) * 0.1"]
				},
				"ear_left": {
					"rotation": ["Math.sin((query.anim_time) * 90 * 4) * 1", 0, "-Math.sin((query.anim_time) * 90 * 4) * 1"]
				},
				"ear_right": {
					"rotation": ["Math.sin((query.anim_time) * 90 * 4) * 1", 0, "Math.sin((query.anim_time) * 90 * 4) * 1"]
				},
				"brow_right": {
					"position": [0, "Math.sin((query.anim_time) * 90 * 2) * 0.1", 0]
				},
				"brow_left": {
					"rotation": ["Math.sin((query.anim_time) * 90 * 2) * 0.1", 0, 0],
					"position": [0, "Math.sin((query.anim_time) * 90 * 2) * 0.1", 0]
				},
				"pupil_left": {
					"position": [0, "Math.sin((query.anim_time) * 90 * 4) * 0.05", -0.1],
					"scale": [1, 0.9, 1]
				},
				"pupil_right": {
					"position": [0, "Math.sin((query.anim_time) * 90 * 2) * 0.05", -0.1],
					"scale": [1, 0.9, 1]
				},
				"snout": {
					"scale": [1, "1+Math.sin((query.anim_time) * 90 * 1) * 0.025", 1]
				},
				"tail": {
					"rotation": ["Math.sin((query.anim_time) * 90 * 2) * 2", "Math.sin((query.anim_time) * 90 * 2) * 2", "Math.sin((query.anim_time) * 90 * 2) * 2"]
				},
				"tail2": {
					"rotation": ["Math.sin((query.anim_time) * 90 * 2) * 2", "Math.sin((query.anim_time) * 90 * 2) * 2", "Math.sin((query.anim_time) * 90 * 2) * 2"]
				},
				"leg_left_front": {
					"rotation": ["Math.sin((query.anim_time) * 90 * 1) * 8", 0, 0],
					"position": [0, -0.5, 0]
				},
				"hoof_left_front": {
					"rotation": ["Math.sin((query.anim_time) * 90 * 0.5) * 8", 0, 0],
					"position": [0, 0.25, 0]
				},
				"leg_right_front": {
					"rotation": ["-Math.sin((query.anim_time) * 90 * 1) * 8", 0, 0],
					"position": [0, -0.5, 0]
				},
				"hoof_right_front": {
					"rotation": ["-Math.sin((query.anim_time) * 90 * 0.5) * 8", 0, 0],
					"position": [0, 0.25, 0]
				},
				"leg_left_back": {
					"rotation": ["-Math.sin((query.anim_time) * 90 * 1) * 8", 0, 0],
					"position": [0, -0.5, 0]
				},
				"hoof_left_back": {
					"rotation": ["-Math.sin((query.anim_time) * 90 * 0.5) * 8", 0, 0],
					"position": [0, 0.25, 0]
				},
				"leg_right_back": {
					"rotation": ["Math.sin((query.anim_time) * 90 * 1) * 8", 0, 0],
					"position": [0, -0.5, 0]
				},
				"hoof_right_back": {
					"rotation": ["Math.sin((query.anim_time) * 90 * 0.5) * 8", 0, 0],
					"position": [0, 0.25, 0]
				},
				"snout_rotate": {
					"rotation": ["Math.sin((query.anim_time) * 90 * 1) * 2", 0, 0]
				}
			}
		},
		"animation.potdary.water_swim": {
			"loop": true,
			"bones": {
				"body": {
					"position": [0, "-4+Math.sin((query.anim_time) * 90 * 4) * 0.2", "Math.sin((query.anim_time) * 180 * 1) * 0.2"]
				},
				"torso": {
					"position": [0, "Math.sin((query.anim_time) * 90 * 2) * 0.1", 0]
				},
				"neck": {
					"rotation": ["Math.sin((query.anim_time) * 90 * 4) * 2", 0, "Math.sin((query.anim_time) * 90 * 4) * 1"]
				},
				"neck2": {
					"rotation": ["27.5+Math.sin((query.anim_time) * 90 * 2) * 0.2", 0, 0],
					"position": [0, 4.25, 0.5]
				},
				"head": {
					"rotation": ["-35+Math.sin((query.anim_time) * 90 * 2) * 0.5", 0, "0+Math.sin((query.anim_time) * 90 * 2) * 0.1"],
					"position": [0, 0, -1.25]
				},
				"ear_left": {
					"rotation": ["Math.sin((query.anim_time) * 90 * 4) * 2", 0, "-Math.sin((query.anim_time) * 90 * 4) * 2"]
				},
				"ear_right": {
					"rotation": ["Math.sin((query.anim_time) * 90 * 4) * 2", 0, "Math.sin((query.anim_time) * 90 * 4) * 2"]
				},
				"brow_right": {
					"position": [0, "Math.sin((query.anim_time) * 90 * 2) * 0.1", 0]
				},
				"brow_left": {
					"rotation": ["Math.sin((query.anim_time) * 90 * 2) * 0.1", 0, 0],
					"position": [0, "Math.sin((query.anim_time) * 90 * 2) * 0.1", 0]
				},
				"pupil_left": {
					"position": [0, "Math.sin((query.anim_time) * 90 * 4) * 0.05", -0.1],
					"scale": [1, 0.9, 1]
				},
				"pupil_right": {
					"position": [0, "Math.sin((query.anim_time) * 90 * 2) * 0.05", -0.1],
					"scale": [1, 0.9, 1]
				},
				"snout": {
					"scale": [1, "1+Math.sin((query.anim_time) * 90 * 1) * 0.025", 1]
				},
				"tail": {
					"rotation": ["Math.sin((query.anim_time) * 90 * 2) * 2", "Math.sin((query.anim_time) * 90 * 2) * 2", "Math.sin((query.anim_time) * 90 * 2) * 2"]
				},
				"tail2": {
					"rotation": ["Math.sin((query.anim_time) * 90 * 2) * 2", "Math.sin((query.anim_time) * 90 * 2) * 2", "Math.sin((query.anim_time) * 90 * 2) * 2"]
				},
				"leg_left_front": {
					"rotation": ["Math.sin((query.anim_time) * 90 * 6) * 8", 0, 0],
					"position": [0, -0.5, 0]
				},
				"hoof_left_front": {
					"rotation": ["Math.sin((query.anim_time) * 90 * 4) * 8", 0, 0],
					"position": [0, 0.25, 0]
				},
				"leg_right_front": {
					"rotation": ["-Math.sin((query.anim_time) * 90 * 6) * 8", 0, 0],
					"position": [0, -0.5, 0]
				},
				"hoof_right_front": {
					"rotation": ["-Math.sin((query.anim_time) * 90 * 4) * 8", 0, 0],
					"position": [0, 0.25, 0]
				},
				"leg_left_back": {
					"rotation": ["-Math.sin((query.anim_time) * 90 * 6) * 8", 0, 0],
					"position": [0, -0.5, 0]
				},
				"hoof_left_back": {
					"rotation": ["-Math.sin((query.anim_time) * 90 * 4) * 8", 0, 0],
					"position": [0, 0.25, 0]
				},
				"leg_right_back": {
					"rotation": ["Math.sin((query.anim_time) * 90 * 6) * 8", 0, 0],
					"position": [0, -0.5, 0]
				},
				"hoof_right_back": {
					"rotation": ["Math.sin((query.anim_time) * 90 * 4) * 8", 0, 0],
					"position": [0, 0.25, 0]
				},
				"snout_rotate": {
					"rotation": ["Math.sin((query.anim_time) * 90 * 3) * 2", 0, 0]
				}
			}
		},
		"animation.potdary.blink": {
			"animation_length": 0.1667,
			"bones": {
				"brow_left": {
					"position": {
						"0.0": [0, 0, 0],
						"0.0833": [0, -1, 0],
						"0.1667": [0, 0, 0]
					}
				},
				"brow_right": {
					"position": {
						"0.0": [0, 0, 0],
						"0.0833": [0, -1, 0],
						"0.1667": [0, 0, 0]
					}
				},
				"eye_left": {
					"scale": {
						"0.0": [1, 1, 1],
						"0.0833": [1, 0, 1],
						"0.1667": [1, 1, 1]
					}
				},
				"eye_right": {
					"scale": {
						"0.0": [1, 1, 1],
						"0.0833": [1, 0, 1],
						"0.1667": [1, 1, 1]
					}
				}
			}
		},
		"animation.potdary.sneeze": {
			"animation_length": 1.125,
			"bones": {
				"pupil_right": {
					"scale": {
						"0.0": {
							"post": [1, 1, 1],
							"lerp_mode": "catmullrom"
						},
						"0.6667": {
							"post": [1, 1.1, 1.1],
							"lerp_mode": "catmullrom"
						},
						"0.7917": {
							"post": [1, 1, 1],
							"lerp_mode": "catmullrom"
						}
					}
				},
				"brow_left": {
					"position": {
						"0.0": {
							"post": [0, 0, 0],
							"lerp_mode": "catmullrom"
						},
						"0.6667": {
							"post": [0, 1, 0],
							"lerp_mode": "catmullrom"
						},
						"0.75": {
							"post": [0, 0, 0],
							"lerp_mode": "catmullrom"
						}
					}
				},
				"brow_right": {
					"position": {
						"0.0": {
							"post": [0, 0, 0],
							"lerp_mode": "catmullrom"
						},
						"0.6667": {
							"post": [0, 1, 0],
							"lerp_mode": "catmullrom"
						},
						"0.75": {
							"post": [0, 0, 0],
							"lerp_mode": "catmullrom"
						}
					}
				},
				"neck2": {
					"rotation": {
						"0.0": {
							"post": [0, 0, 0],
							"lerp_mode": "catmullrom"
						},
						"0.6667": {
							"post": [-15, 0, 0],
							"lerp_mode": "catmullrom"
						},
						"0.75": {
							"post": [10, 0, 0],
							"lerp_mode": "catmullrom"
						},
						"1.125": {
							"post": [0, 0, 0],
							"lerp_mode": "catmullrom"
						}
					},
					"position": {
						"0.0": {
							"post": [0, 0, 0],
							"lerp_mode": "catmullrom"
						},
						"0.6667": {
							"post": [0, -2, -1],
							"lerp_mode": "catmullrom"
						},
						"0.75": {
							"post": [0, 1.5, 0.5],
							"lerp_mode": "catmullrom"
						},
						"1.125": {
							"post": [0, 0, 0],
							"lerp_mode": "catmullrom"
						}
					}
				},
				"snout": {
					"scale": {
						"0.0": {
							"post": [1, 1, 1],
							"lerp_mode": "catmullrom"
						},
						"0.6667": {
							"post": [1, 1.2, 1.2],
							"lerp_mode": "catmullrom"
						},
						"0.75": {
							"post": [1, 1, 1],
							"lerp_mode": "catmullrom"
						}
					}
				},
				"eye_right": {
					"scale": {
						"0.0": {
							"post": [1, 1, 1],
							"lerp_mode": "catmullrom"
						},
						"0.6667": {
							"post": [1, 1, 1],
							"lerp_mode": "catmullrom"
						},
						"0.75": {
							"post": [1, 0, 1],
							"lerp_mode": "catmullrom"
						},
						"0.8333": {
							"post": [1, 1, 1],
							"lerp_mode": "catmullrom"
						}
					}
				},
				"ear_left": {
					"rotation": {
						"0.0": [0, 0, 0],
						"0.6667": [0, 0, 0],
						"0.7917": [15, 0, -47.5],
						"1.0": [0, 0, 0]
					}
				},
				"ear_right": {
					"rotation": {
						"0.0": [0, 0, 0],
						"0.6667": [0, 0, 0],
						"0.7917": [15, 0, 47.5],
						"1.0": [0, 0, 0]
					}
				},
				"pupil_left": {
					"scale": {
						"0.0": {
							"post": [1, 1, 1],
							"lerp_mode": "catmullrom"
						},
						"0.6667": {
							"post": [1, 1.1, 1.1],
							"lerp_mode": "catmullrom"
						},
						"0.7917": {
							"post": [1, 1, 1],
							"lerp_mode": "catmullrom"
						}
					}
				}
			}
		},
		"animation.potdary.sleep": {
			"loop": true,
			"bones": {
				"torso": {
					"position": [0, -2, 0]
				},
				"head": {
					"rotation": [-52.5, 0, 0],
					"position": [0, 1.75, -3]
				},
				"ear_left": {
					"rotation": [0, 0, -47.5]
				},
				"ear_right": {
					"rotation": [0, 0, 47.5]
				},
				"brow_left": {
					"rotation": [-92.5, 0, 0],
					"position": [0, "Math.sin((query.anim_time) * 90 * 1.5) * 0.1", 3.5]
				},
				"brow_right": {
					"rotation": [-92.5, 0, 0],
					"position": [0, "Math.sin((query.anim_time) * 90 * 1.5) * 0.1", 3.5]
				},
				"neck": {
					"rotation": [7.5, 0, 0]
				},
				"neck2": {
					"rotation": [45, 0, 0],
					"position": [0, 7, 0]
				},
				"snout": {
					"rotation": [-47.5, 0, 0],
					"position": [0, 2.75, -0.75],
					"scale": [1, "1+Math.sin((query.anim_time) * 90 * 1) * 0.03", "1+Math.sin((query.anim_time) * 90 * 1) * 0.03"]
				},
				"tail": {
					"rotation": ["Math.sin((query.anim_time) * 90 * 1) * 1", "Math.sin((query.anim_time) * 90 * 1) * 1", "Math.sin((query.anim_time) * 90 * 1) * 1"],
					"position": [0, -0.5, 0]
				},
				"leg_left_front": {
					"rotation": [-90, -45, 0],
					"position": [1.5, -2, -2.5]
				},
				"leg_right_front": {
					"rotation": [-90, 45, 0],
					"position": [-2.5, -2, -2.5]
				},
				"leg_left_back": {
					"rotation": [90, 45, 0],
					"position": [1.5, -2, 2.5]
				},
				"leg_right_back": {
					"rotation": [90, -45, 0],
					"position": [-2.5, -2, 2.5]
				},
				"eye_left": {
					"scale": [1, 0, 1]
				},
				"eye_right": {
					"scale": [1, 0, 1]
				},
				"pot": {
					"position": [0, -1, 0]
				},
				"tail2": {
					"rotation": ["Math.sin((query.anim_time) * 90 * 1) * 1", "Math.sin((query.anim_time) * 90 * 1) * 1", "Math.sin((query.anim_time) * 90 * 1) * 1"]
				}
			}
		},
		"animation.potdary.battle_idle": {
			"loop": true,
			"bones": {
				"body": {
					"rotation": [0, -30, 0]
				},
				"torso": {
					"position": [0, "Math.sin((query.anim_time) * 90 * 2) * 0.1", 0]
				},
				"neck": {
					"rotation": ["7.5284+Math.sin((query.anim_time) * 90 * 3) * 1", 4.95712, "0.6542+Math.sin((query.anim_time) * 90 * 3) * 0.3"]
				},
				"neck2": {
					"rotation": ["-12.5+Math.sin((query.anim_time) * 90 * 3) * 0.2", 0, 0],
					"position": [0, -1.75, -1]
				},
				"head": {
					"rotation": ["0+Math.sin((query.anim_time) * 90 * 3) * 0.5", 17.5, "0+Math.sin((query.anim_time) * 90 * 3) * 0.1"],
					"position": [0, -1, 0.5]
				},
				"ear_left": {
					"rotation": ["Math.sin((query.anim_time) * 90 * 2) * 2", 0, "-Math.sin((query.anim_time) * 90 * 2) * 2"]
				},
				"ear_right": {
					"rotation": ["Math.sin((query.anim_time) * 90 * 2) * 2", 0, "Math.sin((query.anim_time) * 90 * 2) * 2"]
				},
				"brow_right": {
					"position": [0, "-0.5+Math.sin((query.anim_time) * 90 * 2) * 0.1", 0.75]
				},
				"brow_left": {
					"rotation": ["Math.sin((query.anim_time) * 90 * 2) * 0.1", 0, 0],
					"position": [0, "-0.5+Math.sin((query.anim_time) * 90 * 2) * 0.1", 0.75]
				},
				"pupil_left": {
					"position": [0, "Math.sin((query.anim_time) * 90 * 2) * 0.05", 0]
				},
				"pupil_right": {
					"position": [0, "Math.sin((query.anim_time) * 90 * 2) * 0.05", 0]
				},
				"snout": {
					"scale": [1, "1+Math.sin((query.anim_time) * 90 * 1) * 0.025", 1]
				},
				"tail": {
					"rotation": [
						"0+Math.sin((query.anim_time) * 90 * 2) * 2",
						"-12.5+Math.sin((query.anim_time) * 90 * 2) * 2",
						"0+Math.sin((query.anim_time) * 90 * 2) * 2"
					],
					"position": [0, 0, -0.25]
				},
				"tail2": {
					"rotation": ["Math.sin((query.anim_time) * 90 * 2) * 2", "Math.sin((query.anim_time) * 90 * 2) * 2", "Math.sin((query.anim_time) * 90 * 2) * 2"]
				},
				"snout_rotate": {
					"rotation": ["Math.sin((query.anim_time) * 90 * 3) * 2", 0, 0]
				}
			}
		},
		"animation.potdary.special": {
			"animation_length": 2,
			"bones": {
				"body": {
					"rotation": {
						"0.0": [0, -30, 0],
						"0.25": [0, 0, 0],
						"1.75": [0, 0, 0],
						"2.0": [0, -30, 0]
					},
					"position": {
						"0.0": [0, 0, 0],
						"0.125": [0, 2, 0],
						"0.25": [0, 0, 0],
						"0.7083": [0, 0, 0],
						"1.1667": [0, 0, 0],
						"1.2083": [0, -0.35, 0],
						"1.25": [0, 0, 0],
						"1.2917": [0, -0.35, 0],
						"1.3333": [0, 0, 0],
						"1.75": [0, 0, 0],
						"1.875": [0, 2, 0],
						"2.0": [0, 0, 0]
					},
					"scale": {
						"0.25": [1, 1, 1],
						"1.75": [1, 1, 1]
					}
				},
				"torso": {
					"rotation": {
						"0.25": [0, 0, 0],
						"0.9167": {
							"pre": [0, 0, 0],
							"post": [0, 0, 0],
							"lerp_mode": "catmullrom"
						},
						"1.2083": {
							"post": [42.5, 0, 0],
							"lerp_mode": "catmullrom"
						},
						"1.2917": {
							"post": [42.5, 0, 0],
							"lerp_mode": "catmullrom"
						},
						"1.4167": {
							"post": [0, 0, 0],
							"lerp_mode": "catmullrom"
						},
						"1.5833": {
							"post": [-7.5, 0, 0],
							"lerp_mode": "catmullrom"
						},
						"1.75": {
							"post": [0, 0, 0],
							"lerp_mode": "catmullrom"
						},
						"1.8333": {
							"post": [0, 0, 0],
							"lerp_mode": "catmullrom"
						},
						"2.0": [0, 0, 0]
					},
					"position": {
						"0.0": [0, "Math.sin((query.anim_time) * 90 * 2) * 0.1", 0],
						"0.25": [0, 0, 0],
						"0.9167": {
							"pre": [0, 0, 0],
							"post": [0, 0, 0],
							"lerp_mode": "catmullrom"
						},
						"1.2083": {
							"post": [0, 2.5, 2.75],
							"lerp_mode": "catmullrom"
						},
						"1.2917": {
							"post": [0, 2.5, 2.75],
							"lerp_mode": "catmullrom"
						},
						"1.4167": {
							"post": [0, 0, 0],
							"lerp_mode": "catmullrom"
						},
						"1.75": {
							"post": [0, 0, 0],
							"lerp_mode": "catmullrom"
						},
						"2.0": [0, 0, 0]
					},
					"scale": {
						"0.25": [1, 1, 1],
						"1.75": [1, 1, 1]
					}
				},
				"neck": {
					"rotation": {
						"0.0": ["7.5284+Math.sin((query.anim_time) * 90 * 3) * 1", 4.95712, "0.6542+Math.sin((query.anim_time) * 90 * 3) * 0.3"],
						"0.25": [0, 0, 0],
						"0.9167": {
							"pre": [0, 0, 0],
							"post": [0, 0, 0],
							"lerp_mode": "catmullrom"
						},
						"1.2083": {
							"post": [-17.5, 0, 0],
							"lerp_mode": "catmullrom"
						},
						"1.2917": {
							"post": [-17.5, 0, 0],
							"lerp_mode": "catmullrom"
						},
						"1.4167": {
							"post": [0, 0, 0],
							"lerp_mode": "catmullrom"
						},
						"1.75": {
							"post": [0, 0, 0],
							"lerp_mode": "catmullrom"
						},
						"2.0": [7.5284, 4.95712, 0.6542]
					},
					"position": {
						"0.25": [0, 0, 0],
						"1.75": [0, 0, 0],
						"2.0": [0, 0, 0]
					},
					"scale": {
						"0.25": [1, 1, 1],
						"1.75": [1, 1, 1]
					}
				},
				"neck2": {
					"rotation": {
						"0.0": ["-12.5+Math.sin((query.anim_time) * 90 * 3) * 0.2", 0, 0],
						"0.25": [0, 0, 0],
						"0.9167": {
							"pre": [0, 0, 0],
							"post": [0, 0, 0],
							"lerp_mode": "catmullrom"
						},
						"1.2083": {
							"post": [-12.5, 0, 0],
							"lerp_mode": "catmullrom"
						},
						"1.2917": {
							"post": [-12.5, 0, 0],
							"lerp_mode": "catmullrom"
						},
						"1.4167": {
							"post": [0, 0, 0],
							"lerp_mode": "catmullrom"
						},
						"1.5833": {
							"post": [-4, 0, 0],
							"lerp_mode": "catmullrom"
						},
						"1.75": {
							"post": [0, 0, 0],
							"lerp_mode": "catmullrom"
						},
						"1.8333": {
							"post": [0, 0, 0],
							"lerp_mode": "catmullrom"
						},
						"2.0": [-12.5, 0, 0]
					},
					"position": {
						"0.0": [0, -1.75, -1],
						"0.25": [0, 0, 0],
						"0.9167": {
							"pre": [0, 0, 0],
							"post": [0, 0, 0],
							"lerp_mode": "catmullrom"
						},
						"1.2083": {
							"post": [0, -1.75, -0.75],
							"lerp_mode": "catmullrom"
						},
						"1.2917": {
							"post": [0, -1.75, -0.75],
							"lerp_mode": "catmullrom"
						},
						"1.4167": {
							"post": [0, 0, 0],
							"lerp_mode": "catmullrom"
						},
						"1.5833": {
							"post": [0, -0.5, -0.25],
							"lerp_mode": "catmullrom"
						},
						"1.75": {
							"post": [0, 0, 0],
							"lerp_mode": "catmullrom"
						},
						"1.8333": {
							"post": [0, 0, 0],
							"lerp_mode": "catmullrom"
						},
						"2.0": [0, -1.75, -1]
					},
					"scale": {
						"0.25": [1, 1, 1],
						"1.75": [1, 1, 1]
					}
				},
				"head": {
					"rotation": {
						"0.0": ["0+Math.sin((query.anim_time) * 90 * 3) * 0.5", 17.5, "0+Math.sin((query.anim_time) * 90 * 3) * 0.1"],
						"0.25": [0, 0, 0],
						"0.9167": {
							"pre": [0, 0, 0],
							"post": [0, 0, 0],
							"lerp_mode": "catmullrom"
						},
						"1.2083": {
							"post": [-15, 0, 0],
							"lerp_mode": "catmullrom"
						},
						"1.2917": {
							"post": [-15, 0, 0],
							"lerp_mode": "catmullrom"
						},
						"1.4167": {
							"post": [0, 0, 0],
							"lerp_mode": "catmullrom"
						},
						"1.5833": {
							"post": [-2.5, 0, 0],
							"lerp_mode": "catmullrom"
						},
						"1.75": {
							"post": [0, 0, 0],
							"lerp_mode": "catmullrom"
						},
						"1.8333": {
							"post": [0, 0, 0],
							"lerp_mode": "catmullrom"
						},
						"2.0": [0, 17.5, 0]
					},
					"position": {
						"0.0": [0, -1, 0.5],
						"0.25": [0, 0, 0],
						"0.9167": {
							"pre": [0, 0, 0],
							"post": [0, 0, 0],
							"lerp_mode": "catmullrom"
						},
						"1.2083": {
							"post": [0, -0.5, -1.25],
							"lerp_mode": "catmullrom"
						},
						"1.2917": {
							"post": [0, -0.5, -1.25],
							"lerp_mode": "catmullrom"
						},
						"1.4167": {
							"post": [0, 0, 0],
							"lerp_mode": "catmullrom"
						},
						"1.75": {
							"post": [0, 0, 0],
							"lerp_mode": "catmullrom"
						},
						"2.0": [0, -1, 0.5]
					},
					"scale": {
						"0.25": [1, 1, 1],
						"1.75": [1, 1, 1]
					}
				},
				"ear_left": {
					"rotation": {
						"0.0": ["Math.sin((query.anim_time) * 90 * 2) * 2", 0, "-Math.sin((query.anim_time) * 90 * 2) * 2"],
						"0.25": [0, 0, 0],
						"0.7083": [0, 0, 0],
						"1.1667": [0, 0, 0],
						"1.25": [0, 0, -32.5],
						"1.5": [0, 0, 0],
						"1.75": [0, 0, 0],
						"2.0": [0, 0, 0]
					},
					"position": {
						"0.25": [0, 0, 0],
						"1.75": [0, 0, 0]
					},
					"scale": {
						"0.25": [1, 1, 1],
						"1.75": [1, 1, 1]
					}
				},
				"ear_right": {
					"rotation": {
						"0.0": ["Math.sin((query.anim_time) * 90 * 2) * 2", 0, "Math.sin((query.anim_time) * 90 * 2) * 2"],
						"0.25": [0, 0, 0],
						"0.7083": [0, 0, 0],
						"1.1667": [0, 0, 0],
						"1.25": [0, 0, 32.5],
						"1.5": [0, 0, 0],
						"1.75": [0, 0, 0],
						"2.0": [0, 0, 0]
					},
					"position": {
						"0.25": [0, 0, 0],
						"1.75": [0, 0, 0]
					},
					"scale": {
						"0.25": [1, 1, 1],
						"1.75": [1, 1, 1]
					}
				},
				"brow_right": {
					"rotation": {
						"0.25": [0, 0, 0],
						"0.7083": [0, 0, 0],
						"0.9583": [10, 0, 0],
						"1.3333": [10, 0, 0],
						"1.5833": [0, 0, 0],
						"1.75": [0, 0, 0]
					},
					"position": {
						"0.0": [0, "-0.5+Math.sin((query.anim_time) * 90 * 2) * 0.1", 0.75],
						"0.25": [0, 0, 0],
						"0.7083": [0, 0, 0],
						"0.9583": [0, -0.5, 1],
						"1.3333": [0, -0.5, 1],
						"1.5833": [0, 0, 0],
						"1.75": [0, 0, 0],
						"2.0": [0, -0.5, 0.75]
					},
					"scale": {
						"0.25": [1, 1, 1],
						"1.75": [1, 1, 1]
					}
				},
				"brow_left": {
					"rotation": {
						"0.0": ["Math.sin((query.anim_time) * 90 * 2) * 0.1", 0, 0],
						"0.25": [0, 0, 0],
						"0.7083": [0, 0, 0],
						"0.9583": [10, 0, 0],
						"1.3333": [10, 0, 0],
						"1.5833": [0, 0, 0],
						"1.75": [0, 0, 0],
						"2.0": [0, 0, 0]
					},
					"position": {
						"0.0": [0, "-0.5+Math.sin((query.anim_time) * 90 * 2) * 0.1", 0.75],
						"0.25": [0, 0, 0],
						"0.7083": [0, 0, 0],
						"0.9583": [0, -0.5, 1],
						"1.3333": [0, -0.5, 1],
						"1.5833": [0, 0, 0],
						"1.75": [0, 0, 0],
						"2.0": [0, -0.5, 0.75]
					},
					"scale": {
						"0.25": [1, 1, 1],
						"1.75": [1, 1, 1]
					}
				},
				"pupil_left": {
					"rotation": {
						"0.25": [0, 0, 0],
						"1.75": [0, 0, 0]
					},
					"position": {
						"0.0": [0, "Math.sin((query.anim_time) * 90 * 2) * 0.05", 0],
						"0.25": [0, 0, 0],
						"1.75": [0, 0, 0],
						"2.0": [0, 0, 0]
					},
					"scale": {
						"0.25": [1, 1, 1],
						"0.7083": [1, 1, 1],
						"0.9583": [1, 0.9, 1],
						"1.3333": [1, 0.9, 1],
						"1.5833": [1, 1, 1],
						"1.75": [1, 1, 1],
						"2.0": [1, 1, 1]
					}
				},
				"pupil_right": {
					"rotation": {
						"0.25": [0, 0, 0],
						"1.75": [0, 0, 0]
					},
					"position": {
						"0.0": [0, "Math.sin((query.anim_time) * 90 * 2) * 0.05", 0],
						"0.25": [0, 0, 0],
						"1.75": [0, 0, 0],
						"2.0": [0, 0, 0]
					},
					"scale": {
						"0.25": [1, 1, 1],
						"0.7083": [1, 1, 1],
						"0.9583": [1, 0.9, 1],
						"1.3333": [1, 0.9, 1],
						"1.5833": [1, 1, 1],
						"1.75": [1, 1, 1],
						"2.0": [1, 1, 1]
					}
				},
				"snout": {
					"scale": {
						"0.0": [1, "1+Math.sin((query.anim_time) * 90 * 1) * 0.025", 1],
						"2.0": [1, 1, 1]
					}
				},
				"snout_rotate": {
					"rotation": {
						"0.0": ["Math.sin((query.anim_time) * 90 * 3) * 2", 0, 0],
						"2.0": [0, 0, 0]
					},
					"position": [0, 0, 0]
				},
				"tail": {
					"rotation": {
						"0.0": [
							"0+Math.sin((query.anim_time) * 90 * 2) * 2",
							"-12.5+Math.sin((query.anim_time) * 90 * 2) * 2",
							"0+Math.sin((query.anim_time) * 90 * 2) * 2"
						],
						"0.25": [0, 0, 0],
						"0.7083": [0, 0, 0],
						"1.25": [-5.31, 0, 0],
						"1.5833": [22.5, 0, 0],
						"1.75": [0, 0, 0],
						"1.8333": [0, 0, 0],
						"2.0": [0, -12.5, 0]
					},
					"position": {
						"0.0": [0, 0, -0.25],
						"0.25": [0, 0, 0],
						"1.75": [0, 0, 0],
						"2.0": [0, 0, -0.25]
					},
					"scale": {
						"0.25": [1, 1, 1],
						"1.75": [1, 1, 1]
					}
				},
				"tail2": {
					"rotation": {
						"0.0": ["Math.sin((query.anim_time) * 90 * 2) * 2", "Math.sin((query.anim_time) * 90 * 2) * 2", "Math.sin((query.anim_time) * 90 * 2) * 2"],
						"0.25": [0, 0, 0],
						"0.9167": {
							"pre": [0, 0, 0],
							"post": [0, 0, 0],
							"lerp_mode": "catmullrom"
						},
						"1.2083": {
							"post": [-25, 0, 0],
							"lerp_mode": "catmullrom"
						},
						"1.25": {
							"post": [-33.12, 0, 0],
							"lerp_mode": "catmullrom"
						},
						"1.2917": {
							"post": [-25, 0, 0],
							"lerp_mode": "catmullrom"
						},
						"1.4167": {
							"post": [0, 0, 0],
							"lerp_mode": "catmullrom"
						},
						"1.5833": {
							"post": [7.5, 0, 0],
							"lerp_mode": "catmullrom"
						},
						"1.75": {
							"post": [0, 0, 0],
							"lerp_mode": "catmullrom"
						},
						"1.8333": {
							"post": [0, 0, 0],
							"lerp_mode": "catmullrom"
						},
						"2.0": [0, 0, 0]
					},
					"position": {
						"0.25": [0, 0, 0],
						"1.75": [0, 0, 0]
					},
					"scale": {
						"0.25": [1, 1, 1],
						"1.75": [1, 1, 1]
					}
				},
				"pot": {
					"rotation": {
						"0.25": [0, 0, 0],
						"1.75": [0, 0, 0]
					},
					"position": {
						"0.25": [0, 0, 0],
						"1.75": [0, 0, 0]
					},
					"scale": {
						"0.25": [1, 1, 1],
						"1.1667": [1, 1, 1],
						"1.25": [1, 1.2, 1],
						"1.3333": [1, 1, 1],
						"1.75": [1, 1, 1]
					}
				},
				"leg_left_front": {
					"rotation": {
						"0.25": [0, 0, 0],
						"0.7083": [0, 0, 0],
						"1.4167": [0, 0, 0],
						"1.5833": [-7.5, 0, 0],
						"1.75": [0, 0, 0],
						"1.8333": [0, 0, 0],
						"2.0": [0, 0, 0]
					},
					"position": {
						"0.25": [0, 0, 0],
						"1.1667": [0, 0, 0],
						"1.2083": [0, 0.35, 0],
						"1.25": [0, 0, 0],
						"1.2917": [0, 0.35, 0],
						"1.3333": [0, 0, 0],
						"1.75": [0, 0, 0]
					},
					"scale": {
						"0.25": [1, 1, 1],
						"1.75": [1, 1, 1]
					}
				},
				"hoof_left_front": {
					"rotation": {
						"0.25": [0, 0, 0],
						"0.7083": [0, 0, 0],
						"0.9167": [0, 0, 0],
						"1.25": [10, 0, 0],
						"1.4167": [0, 0, 0],
						"1.75": [0, 0, 0]
					},
					"position": {
						"0.25": [0, 0, 0],
						"1.75": [0, 0, 0]
					},
					"scale": {
						"0.25": [1, 1, 1],
						"1.75": [1, 1, 1]
					}
				},
				"leg_right_front": {
					"rotation": {
						"0.25": [0, 0, 0],
						"0.7083": [0, 0, 0],
						"1.4167": [0, 0, 0],
						"1.5833": [-7.5, 0, 0],
						"1.75": [0, 0, 0],
						"1.8333": [0, 0, 0],
						"2.0": [0, 0, 0]
					},
					"position": {
						"0.25": [0, 0, 0],
						"1.1667": [0, 0, 0],
						"1.2083": [0, 0.35, 0],
						"1.25": [0, 0, 0],
						"1.2917": [0, 0.35, 0],
						"1.3333": [0, 0, 0],
						"1.75": [0, 0, 0],
						"2.0": [0, 0, 0]
					},
					"scale": {
						"0.25": [1, 1, 1],
						"1.75": [1, 1, 1]
					}
				},
				"hoof_right_front": {
					"rotation": {
						"0.25": [0, 0, 0],
						"0.7083": [0, 0, 0],
						"0.9167": [0, 0, 0],
						"1.25": [10, 0, 0],
						"1.4167": [0, 0, 0],
						"1.75": [0, 0, 0]
					},
					"position": {
						"0.25": [0, 0, 0],
						"1.75": [0, 0, 0]
					},
					"scale": {
						"0.25": [1, 1, 1],
						"1.75": [1, 1, 1]
					}
				},
				"leg_left_back": {
					"rotation": {
						"0.25": [0, 0, 0],
						"0.9167": {
							"pre": [0, 0, 0],
							"post": [0, 0, 0],
							"lerp_mode": "catmullrom"
						},
						"1.2083": {
							"post": [45, 0, 0],
							"lerp_mode": "catmullrom"
						},
						"1.2917": {
							"post": [45, 0, 0],
							"lerp_mode": "catmullrom"
						},
						"1.4167": {
							"post": [0, 0, 0],
							"lerp_mode": "catmullrom"
						},
						"1.75": {
							"post": [0, 0, 0],
							"lerp_mode": "catmullrom"
						},
						"2.0": [0, 0, 0]
					},
					"position": {
						"0.25": [0, 0, 0],
						"0.9167": {
							"pre": [0, 0, 0],
							"post": [0, 0, 0],
							"lerp_mode": "catmullrom"
						},
						"1.2083": {
							"post": [0, 2, -0.25],
							"lerp_mode": "catmullrom"
						},
						"1.2917": {
							"post": [0, 2, -0.25],
							"lerp_mode": "catmullrom"
						},
						"1.4167": {
							"post": [0, 0, 0],
							"lerp_mode": "catmullrom"
						},
						"1.75": {
							"post": [0, 0, 0],
							"lerp_mode": "catmullrom"
						}
					},
					"scale": {
						"0.25": [1, 1, 1],
						"1.75": [1, 1, 1]
					}
				},
				"hoof_left_back": {
					"rotation": {
						"0.25": [0, 0, 0],
						"0.9167": {
							"pre": [0, 0, 0],
							"post": [0, 0, 0],
							"lerp_mode": "catmullrom"
						},
						"1.2083": {
							"post": [7.5, 0, 0],
							"lerp_mode": "catmullrom"
						},
						"1.2917": {
							"post": [7.5, 0, 0],
							"lerp_mode": "catmullrom"
						},
						"1.4167": {
							"post": [0, 0, 0],
							"lerp_mode": "catmullrom"
						},
						"1.75": {
							"post": [0, 0, 0],
							"lerp_mode": "catmullrom"
						}
					},
					"position": {
						"0.25": [0, 0, 0],
						"0.9167": {
							"pre": [0, 0, 0],
							"post": [0, 0, 0],
							"lerp_mode": "catmullrom"
						},
						"1.2083": {
							"post": [0, 0.25, 0],
							"lerp_mode": "catmullrom"
						},
						"1.2917": {
							"post": [0, 0.25, 0],
							"lerp_mode": "catmullrom"
						},
						"1.4167": {
							"post": [0, 0, 0],
							"lerp_mode": "catmullrom"
						},
						"1.75": {
							"post": [0, 0, 0],
							"lerp_mode": "catmullrom"
						}
					},
					"scale": {
						"0.25": [1, 1, 1],
						"1.75": [1, 1, 1]
					}
				},
				"leg_right_back": {
					"rotation": {
						"0.25": [0, 0, 0],
						"0.9167": {
							"pre": [0, 0, 0],
							"post": [0, 0, 0],
							"lerp_mode": "catmullrom"
						},
						"1.2083": {
							"post": [45, 0, 0],
							"lerp_mode": "catmullrom"
						},
						"1.2917": {
							"post": [45, 0, 0],
							"lerp_mode": "catmullrom"
						},
						"1.4167": {
							"post": [0, 0, 0],
							"lerp_mode": "catmullrom"
						},
						"1.75": {
							"post": [0, 0, 0],
							"lerp_mode": "catmullrom"
						},
						"2.0": [0, 0, 0]
					},
					"position": {
						"0.25": [0, 0, 0],
						"0.9167": {
							"pre": [0, 0, 0],
							"post": [0, 0, 0],
							"lerp_mode": "catmullrom"
						},
						"1.2083": {
							"post": [0, 2, -0.25],
							"lerp_mode": "catmullrom"
						},
						"1.2917": {
							"post": [0, 2, -0.25],
							"lerp_mode": "catmullrom"
						},
						"1.4167": {
							"post": [0, 0, 0],
							"lerp_mode": "catmullrom"
						},
						"1.75": {
							"post": [0, 0, 0],
							"lerp_mode": "catmullrom"
						}
					},
					"scale": {
						"0.25": [1, 1, 1],
						"1.75": [1, 1, 1]
					}
				},
				"hoof_right_back": {
					"rotation": {
						"0.25": [0, 0, 0],
						"0.9167": {
							"pre": [0, 0, 0],
							"post": [0, 0, 0],
							"lerp_mode": "catmullrom"
						},
						"1.2083": {
							"post": [7.5, 0, 0],
							"lerp_mode": "catmullrom"
						},
						"1.2917": {
							"post": [7.5, 0, 0],
							"lerp_mode": "catmullrom"
						},
						"1.4167": {
							"post": [0, 0, 0],
							"lerp_mode": "catmullrom"
						},
						"1.75": {
							"post": [0, 0, 0],
							"lerp_mode": "catmullrom"
						}
					},
					"position": {
						"0.25": [0, 0, 0],
						"0.9167": {
							"pre": [0, 0, 0],
							"post": [0, 0, 0],
							"lerp_mode": "catmullrom"
						},
						"1.2083": {
							"post": [0, 0.25, 0],
							"lerp_mode": "catmullrom"
						},
						"1.2917": {
							"post": [0, 0.25, 0],
							"lerp_mode": "catmullrom"
						},
						"1.4167": {
							"post": [0, 0, 0],
							"lerp_mode": "catmullrom"
						},
						"1.75": {
							"post": [0, 0, 0],
							"lerp_mode": "catmullrom"
						}
					},
					"scale": {
						"0.25": [1, 1, 1],
						"1.75": [1, 1, 1]
					}
				}
			}
		},
		"animation.potdary.physical": {
			"animation_length": 1.5833,
			"bones": {
				"body": {
					"rotation": {
						"0.0": [0, -30, 0],
						"0.3333": [0, -30, 0],
						"1.5833": [0, -30, 0]
					}
				},
				"torso": {
					"rotation": {
						"0.3333": [0, 0, 0],
						"1.0833": [2.5, 10, 0],
						"1.25": [1.6854, -10.82596, -0.51019],
						"1.5833": [0, 0, 0]
					},
					"position": {
						"0.0": [0, "Math.sin((query.anim_time) * 90 * 2) * 0.1", 0],
						"0.3333": [0, 0, 0],
						"1.5833": [0, 0, 0]
					}
				},
				"neck": {
					"rotation": {
						"0.0": ["7.5284+Math.sin((query.anim_time) * 90 * 3) * 1", 4.95712, "0.6542+Math.sin((query.anim_time) * 90 * 3) * 0.3"],
						"0.3333": [7.5284, 4.95712, 0.6542],
						"1.0833": [8.11011, 22.29711, 3.09469],
						"1.25": [-9.9716, 4.95712, 0.6542],
						"1.5833": [7.5284, 4.95712, 0.6542]
					},
					"position": {
						"0.3333": [0, 0, 0],
						"1.0833": [1, 0.25, 0.25],
						"1.25": [1, -0.75, 0.25],
						"1.5833": [0, 0, 0]
					}
				},
				"neck2": {
					"rotation": {
						"0.0": ["-12.5+Math.sin((query.anim_time) * 90 * 3) * 0.2", 0, 0],
						"0.3333": [-12.5, 0, 0],
						"1.5833": [-12.5, 0, 0]
					},
					"position": {
						"0.0": [0, -1.75, -1],
						"0.3333": [0, -1.75, -1],
						"1.5833": [0, -1.75, -1]
					}
				},
				"head": {
					"rotation": {
						"0.0": ["0+Math.sin((query.anim_time) * 90 * 3) * 0.5", 17.5, "0+Math.sin((query.anim_time) * 90 * 3) * 0.1"],
						"0.3333": [0, 17.5, 0],
						"1.0833": [18.6562, 23.59181, -7.21369],
						"1.25": [-25, -2.5, 0],
						"1.5833": [0, 17.5, 0]
					},
					"position": {
						"0.0": [0, -1, 0.5],
						"0.3333": [0, -1, 0.5],
						"1.0833": [0, 0, 1],
						"1.25": [-0.25, -1, -0.75],
						"1.5833": [0, -1, 0.5]
					}
				},
				"ear_left": {
					"rotation": {
						"0.0": ["Math.sin((query.anim_time) * 90 * 2) * 2", 0, "-Math.sin((query.anim_time) * 90 * 2) * 2"],
						"0.3333": [0, 0, 0],
						"1.5833": [0, 0, 0]
					}
				},
				"ear_right": {
					"rotation": {
						"0.0": ["Math.sin((query.anim_time) * 90 * 2) * 2", 0, "Math.sin((query.anim_time) * 90 * 2) * 2"],
						"0.3333": [0, 0, 0],
						"1.5833": [0, 0, 0]
					}
				},
				"brow_right": {
					"position": {
						"0.0": [0, "-0.5+Math.sin((query.anim_time) * 90 * 2) * 0.1", 0.75],
						"0.3333": [0, -0.5, 0.75],
						"1.5833": [0, -0.5, 0.75]
					}
				},
				"brow_left": {
					"rotation": {
						"0.0": ["Math.sin((query.anim_time) * 90 * 2) * 0.1", 0, 0],
						"0.3333": [0, 0, 0],
						"1.5833": [0, 0, 0]
					},
					"position": {
						"0.0": [0, "-0.5+Math.sin((query.anim_time) * 90 * 2) * 0.1", 0.75],
						"0.3333": [0, -0.5, 0.75],
						"1.5833": [0, -0.5, 0.75]
					}
				},
				"pupil_left": {
					"position": {
						"0.0": [0, "Math.sin((query.anim_time) * 90 * 2) * 0.05", 0],
						"0.3333": [0, 0, 0],
						"1.5833": [0, 0, 0]
					},
					"scale": {
						"0.3333": [1, 1, 1],
						"1.0833": [1, 0.8, 1],
						"1.25": [1, 1.1, 1],
						"1.5833": [1, 1, 1]
					}
				},
				"pupil_right": {
					"position": {
						"0.0": [0, "Math.sin((query.anim_time) * 90 * 2) * 0.05", 0],
						"0.3333": [0, 0, 0],
						"1.5833": [0, 0, 0]
					},
					"scale": {
						"0.3333": [1, 1, 1],
						"1.0833": [1, 0.8, 1],
						"1.25": [1, 1.1, 1],
						"1.5833": [1, 1, 1]
					}
				},
				"snout": {
					"scale": {
						"0.0": [1, "1+Math.sin((query.anim_time) * 90 * 1) * 0.025", 1],
						"0.3333": [1, 1, 1],
						"1.5833": [1, 1, 1]
					}
				},
				"snout_rotate": {
					"rotation": {
						"0.0": ["Math.sin((query.anim_time) * 90 * 3) * 2", 0, 0],
						"0.3333": [0, 0, 0],
						"1.25": [-30, 0, 0],
						"1.5833": [0, 0, 0]
					},
					"position": {
						"0.3333": [0, 0, 0],
						"1.25": [0, -0.75, -0.5],
						"1.5833": [0, 0, 0]
					}
				},
				"tail": {
					"rotation": {
						"0.0": [
							"0+Math.sin((query.anim_time) * 90 * 2) * 2",
							"-12.5+Math.sin((query.anim_time) * 90 * 2) * 2",
							"0+Math.sin((query.anim_time) * 90 * 2) * 2"
						],
						"0.3333": [0, -12.5, 0],
						"1.0833": [0, -7.5, 0],
						"1.25": [0, -12.5, 0]
					},
					"position": {
						"0.0": [0, 0, -0.25],
						"0.3333": [0, 0, -0.25],
						"1.0833": [0, 0, 0],
						"1.25": [0, 0, -0.25]
					}
				},
				"tail2": {
					"rotation": {
						"0.0": ["Math.sin((query.anim_time) * 90 * 2) * 2", "Math.sin((query.anim_time) * 90 * 2) * 2", "Math.sin((query.anim_time) * 90 * 2) * 2"],
						"0.3333": [0, 0, 0],
						"1.25": [0, 0, 0]
					}
				},
				"leg_left_front": {
					"rotation": {
						"0.3333": [0, 0, 0],
						"1.0833": [0, 5, 0],
						"1.5833": [0, 0, 0]
					}
				},
				"leg_right_front": {
					"rotation": {
						"0.3333": [0, 0, 0],
						"1.25": [0, -7.5, 0],
						"1.5833": [0, 0, 0]
					},
					"position": [0, 0, 0]
				},
				"leg_left_back": {
					"rotation": {
						"0.3333": [0, 0, 0],
						"1.25": [0, -7.5, 0],
						"1.5833": [0, 0, 0]
					}
				},
				"leg_right_back": {
					"rotation": {
						"0.3333": [0, 0, 0],
						"1.0833": [0, 5, 0],
						"1.5833": [0, 0, 0]
					}
				}
			}
		},
		"animation.potdary.status": {
			"animation_length": 2.25,
			"bones": {
				"body": {
					"rotation": {
						"0.0": [0, -30, 0],
						"0.75": [0, -30, 0],
						"2.25": [0, -30, 0]
					}
				},
				"torso": {
					"rotation": {
						"0.75": [0, 0, 0],
						"1.0833": [2.5, 10, 0],
						"1.25": [1.6854, -10.82596, -0.51019],
						"2.25": [0, 0, 0]
					},
					"position": {
						"0.0": [0, "Math.sin((query.anim_time) * 90 * 2) * 0.1", 0],
						"0.75": [0, 0, 0],
						"2.25": [0, 0, 0]
					}
				},
				"neck": {
					"rotation": {
						"0.0": ["7.5284+Math.sin((query.anim_time) * 90 * 3) * 1", 4.95712, "0.6542+Math.sin((query.anim_time) * 90 * 3) * 0.3"],
						"0.75": [7.5284, 4.95712, 0.6542],
						"1.0833": [8.11011, 22.29711, 3.09469],
						"1.25": [-9.9716, 4.95712, 0.6542],
						"2.25": [7.5284, 4.95712, 0.6542]
					},
					"position": {
						"0.75": [0, 0, 0],
						"1.0833": [1, 0.25, 0.25],
						"1.25": [1, -0.75, 0.25],
						"2.25": [0, 0, 0]
					}
				},
				"neck2": {
					"rotation": {
						"0.0": ["-12.5+Math.sin((query.anim_time) * 90 * 3) * 0.2", 0, 0],
						"0.75": [-12.5, 0, 0],
						"2.25": [-12.5, 0, 0]
					},
					"position": {
						"0.0": [0, -1.75, -1],
						"0.75": [0, -1.75, -1],
						"2.25": [0, -1.75, -1]
					}
				},
				"head": {
					"rotation": {
						"0.0": ["0+Math.sin((query.anim_time) * 90 * 3) * 0.5", 17.5, "0+Math.sin((query.anim_time) * 90 * 3) * 0.1"],
						"0.75": [0, 17.5, 0],
						"1.0833": [18.6562, 23.59181, -7.21369],
						"1.25": [-25, -2.5, 0],
						"2.25": [0, 17.5, 0]
					},
					"position": {
						"0.0": [0, -1, 0.5],
						"0.75": [0, -1, 0.5],
						"1.0833": [0, 0, 1],
						"1.25": [-0.25, -1, -0.75],
						"2.25": [0, -1, 0.5]
					}
				},
				"ear_left": {
					"rotation": {
						"0.0": ["Math.sin((query.anim_time) * 90 * 2) * 2", 0, "-Math.sin((query.anim_time) * 90 * 2) * 2"],
						"0.75": [0, 0, 0],
						"2.25": [0, 0, 0]
					}
				},
				"ear_right": {
					"rotation": {
						"0.0": ["Math.sin((query.anim_time) * 90 * 2) * 2", 0, "Math.sin((query.anim_time) * 90 * 2) * 2"],
						"0.75": [0, 0, 0],
						"2.25": [0, 0, 0]
					}
				},
				"brow_right": {
					"position": {
						"0.0": [0, "-0.5+Math.sin((query.anim_time) * 90 * 2) * 0.1", 0.75],
						"0.75": [0, -0.5, 0.75],
						"2.25": [0, -0.5, 0.75]
					}
				},
				"brow_left": {
					"rotation": {
						"0.0": ["Math.sin((query.anim_time) * 90 * 2) * 0.1", 0, 0],
						"0.75": [0, 0, 0],
						"2.25": [0, 0, 0]
					},
					"position": {
						"0.0": [0, "-0.5+Math.sin((query.anim_time) * 90 * 2) * 0.1", 0.75],
						"0.75": [0, -0.5, 0.75],
						"2.25": [0, -0.5, 0.75]
					}
				},
				"pupil_left": {
					"position": {
						"0.0": [0, "Math.sin((query.anim_time) * 90 * 2) * 0.05", 0],
						"0.75": [0, 0, 0],
						"2.25": [0, 0, 0]
					},
					"scale": {
						"0.75": [1, 1, 1],
						"1.0833": [1, 0.8, 1],
						"1.25": [1, 1.1, 1],
						"2.25": [1, 1, 1]
					}
				},
				"pupil_right": {
					"position": {
						"0.0": [0, "Math.sin((query.anim_time) * 90 * 2) * 0.05", 0],
						"0.75": [0, 0, 0],
						"2.25": [0, 0, 0]
					},
					"scale": {
						"0.75": [1, 1, 1],
						"1.0833": [1, 0.8, 1],
						"1.25": [1, 1.1, 1],
						"2.25": [1, 1, 1]
					}
				},
				"snout": {
					"scale": {
						"0.0": [1, "1+Math.sin((query.anim_time) * 90 * 1) * 0.025", 1],
						"0.75": [1, 1, 1],
						"2.25": [1, 1, 1]
					}
				},
				"snout_rotate": {
					"rotation": {
						"0.0": ["Math.sin((query.anim_time) * 90 * 3) * 2", 0, 0],
						"0.75": [0, 0, 0],
						"1.25": [-20, 0, 0],
						"1.3333": [-30, 0, 0],
						"1.4167": [-20, 0, 0],
						"1.5": [-30, 0, 0],
						"1.5833": [-20, 0, 0],
						"1.6667": [-30, 0, 0],
						"1.75": [-20, 0, 0],
						"1.8333": [-30, 0, 0],
						"1.9167": [-20, 0, 0],
						"2.25": [0, 0, 0]
					},
					"position": {
						"0.75": [0, 0, 0],
						"1.25": [0, -0.75, -0.5],
						"2.25": [0, 0, 0]
					}
				},
				"tail": {
					"rotation": {
						"0.0": [
							"0+Math.sin((query.anim_time) * 90 * 2) * 2",
							"-12.5+Math.sin((query.anim_time) * 90 * 2) * 2",
							"0+Math.sin((query.anim_time) * 90 * 2) * 2"
						],
						"0.75": [0, -12.5, 0],
						"1.0833": [0, -7.5, 0],
						"1.25": [0, -12.5, 0]
					},
					"position": {
						"0.0": [0, 0, -0.25],
						"0.75": [0, 0, -0.25],
						"1.0833": [0, 0, 0],
						"1.25": [0, 0, -0.25]
					}
				},
				"tail2": {
					"rotation": {
						"0.0": ["Math.sin((query.anim_time) * 90 * 2) * 2", "Math.sin((query.anim_time) * 90 * 2) * 2", "Math.sin((query.anim_time) * 90 * 2) * 2"],
						"0.75": [0, 0, 0],
						"1.25": [0, 0, 0]
					}
				},
				"leg_left_front": {
					"rotation": {
						"0.75": [0, 0, 0],
						"1.0833": [0, 5, 0],
						"2.25": [0, 0, 0]
					}
				},
				"leg_right_front": {
					"rotation": {
						"0.75": [0, 0, 0],
						"1.25": [0, -7.5, 0],
						"2.25": [0, 0, 0]
					},
					"position": [0, 0, 0]
				},
				"leg_left_back": {
					"rotation": {
						"0.75": [0, 0, 0],
						"1.25": [0, -7.5, 0],
						"2.25": [0, 0, 0]
					}
				},
				"leg_right_back": {
					"rotation": {
						"0.75": [0, 0, 0],
						"1.0833": [0, 5, 0],
						"2.25": [0, 0, 0]
					}
				},
				"eye_left": {
					"scale": {
						"0.75": [1, 1, 1],
						"1.25": [1, 0.8, 1],
						"2.25": [1, 1, 1]
					}
				},
				"eye_right": {
					"scale": {
						"0.75": [1, 1, 1],
						"1.25": [1, 0.8, 1],
						"2.25": [1, 1, 1]
					}
				}
			}
		},
		"animation.potdary.recoil": {
			"animation_length": 0.4583,
			"bones": {
				"neck": {
					"rotation": {
						"0.0": {
							"post": [0, 0, 0],
							"lerp_mode": "catmullrom"
						},
						"0.1667": {
							"post": [-15, 0, 0],
							"lerp_mode": "catmullrom"
						},
						"0.4167": {
							"post": [0, 0, 0],
							"lerp_mode": "catmullrom"
						}
					},
					"position": {
						"0.0": {
							"post": [0, 0, 0],
							"lerp_mode": "catmullrom"
						},
						"0.1667": {
							"post": [0, -1.5, 0],
							"lerp_mode": "catmullrom"
						},
						"0.4167": {
							"post": [0, 0, 0],
							"lerp_mode": "catmullrom"
						}
					}
				},
				"neck2": {
					"rotation": {
						"0.0": {
							"post": [0, 0, 0],
							"lerp_mode": "catmullrom"
						},
						"0.1667": {
							"post": [-10, 0, 0],
							"lerp_mode": "catmullrom"
						},
						"0.4167": {
							"post": [0, 0, 0],
							"lerp_mode": "catmullrom"
						}
					},
					"position": {
						"0.0": {
							"post": [0, 0, 0],
							"lerp_mode": "catmullrom"
						},
						"0.1667": {
							"post": [0, -1.5, -0.75],
							"lerp_mode": "catmullrom"
						},
						"0.4167": {
							"post": [0, 0, 0],
							"lerp_mode": "catmullrom"
						}
					}
				},
				"head": {
					"rotation": {
						"0.0": {
							"post": [0, 0, 0],
							"lerp_mode": "catmullrom"
						},
						"0.1667": {
							"post": [-12.5, 0, 0],
							"lerp_mode": "catmullrom"
						},
						"0.4167": {
							"post": [0, 0, 0],
							"lerp_mode": "catmullrom"
						}
					},
					"position": {
						"0.0": {
							"post": [0, 0, 0],
							"lerp_mode": "catmullrom"
						},
						"0.1667": {
							"post": [0, 0, -0.75],
							"lerp_mode": "catmullrom"
						},
						"0.4167": {
							"post": [0, 0, 0],
							"lerp_mode": "catmullrom"
						}
					}
				},
				"ear_left": {
					"rotation": {
						"0.0": [0, 0, 0],
						"0.125": [15, 0, -47.5],
						"0.3333": [0, 0, 5],
						"0.4583": [0, 0, 0]
					}
				},
				"ear_right": {
					"rotation": {
						"0.0": [0, 0, 0],
						"0.125": [15, 0, 47.5],
						"0.3333": [0, 0, -5],
						"0.4583": [0, 0, 0]
					}
				},
				"brow_right": {
					"position": {
						"0.0": {
							"post": [0, 0, 0],
							"lerp_mode": "catmullrom"
						},
						"0.1667": {
							"post": [0, 1, 0.75],
							"lerp_mode": "catmullrom"
						},
						"0.4167": {
							"post": [0, 0, 0],
							"lerp_mode": "catmullrom"
						}
					}
				},
				"brow_left": {
					"position": {
						"0.0": {
							"post": [0, 0, 0],
							"lerp_mode": "catmullrom"
						},
						"0.1667": {
							"post": [0, 1, 0.75],
							"lerp_mode": "catmullrom"
						},
						"0.4167": {
							"post": [0, 0, 0],
							"lerp_mode": "catmullrom"
						}
					}
				},
				"eye_left": {
					"scale": {
						"0.0": {
							"post": [1, 1, 1],
							"lerp_mode": "catmullrom"
						},
						"0.1667": {
							"post": [1, 0.6, 1],
							"lerp_mode": "catmullrom"
						},
						"0.4167": {
							"post": [1, 1, 1],
							"lerp_mode": "catmullrom"
						}
					}
				},
				"pupil_left": {
					"scale": {
						"0.0": {
							"post": [1, 1, 1],
							"lerp_mode": "catmullrom"
						},
						"0.1667": {
							"post": [1, 0.8, 1],
							"lerp_mode": "catmullrom"
						},
						"0.4167": {
							"post": [1, 1, 1],
							"lerp_mode": "catmullrom"
						}
					}
				},
				"eye_right": {
					"scale": {
						"0.0": {
							"post": [1, 1, 1],
							"lerp_mode": "catmullrom"
						},
						"0.1667": {
							"post": [1, 0.6, 1],
							"lerp_mode": "catmullrom"
						},
						"0.4167": {
							"post": [1, 1, 1],
							"lerp_mode": "catmullrom"
						}
					}
				},
				"pupil_right": {
					"scale": {
						"0.0": {
							"post": [1, 1, 1],
							"lerp_mode": "catmullrom"
						},
						"0.1667": {
							"post": [1, 0.8, 1],
							"lerp_mode": "catmullrom"
						},
						"0.4167": {
							"post": [1, 1, 1],
							"lerp_mode": "catmullrom"
						}
					}
				},
				"snout_rotate": {
					"rotation": {
						"0.0": {
							"post": [0, 0, 0],
							"lerp_mode": "catmullrom"
						},
						"0.1667": {
							"post": [-20, 0, 0],
							"lerp_mode": "catmullrom"
						},
						"0.4167": {
							"post": [0, 0, 0],
							"lerp_mode": "catmullrom"
						}
					}
				},
				"torso": {
					"rotation": {
						"0.0": {
							"post": [0, 0, 0],
							"lerp_mode": "catmullrom"
						},
						"0.1667": {
							"post": [-10, 0, 0],
							"lerp_mode": "catmullrom"
						},
						"0.4167": {
							"post": [0, 0, 0],
							"lerp_mode": "catmullrom"
						}
					},
					"position": {
						"0.0": {
							"post": [0, 0, 0],
							"lerp_mode": "catmullrom"
						},
						"0.1667": {
							"post": [0, 0, -0.5],
							"lerp_mode": "catmullrom"
						},
						"0.4167": {
							"post": [0, 0, 0],
							"lerp_mode": "catmullrom"
						}
					}
				},
				"tail": {
					"rotation": {
						"0.0": {
							"post": [0, 0, 0],
							"lerp_mode": "catmullrom"
						},
						"0.1667": {
							"post": [10, 0, 0],
							"lerp_mode": "catmullrom"
						},
						"0.4167": {
							"post": [0, 0, 0],
							"lerp_mode": "catmullrom"
						}
					}
				}
			}
		},
		"animation.potdary.faint": {
			"loop": "hold_on_last_frame",
			"animation_length": 5,
			"bones": {
				"body": {
					"rotation": {
						"0.0": [0, -30, 0],
						"1.5": [0, -30, 0]
					}
				},
				"torso": {
					"rotation": {
						"0.0": [0, 0, 0],
						"0.3333": [2.5, 10, 0],
						"0.5": [1.6854, -10.82596, -0.51019],
						"1.5": [0, 0, 0]
					},
					"position": {
						"0.0": [0, 0, 0],
						"1.5": [0, 0, 0],
						"2.0": [0, -2, 0]
					}
				},
				"neck": {
					"rotation": {
						"0.0": [7.5284, 4.95712, 0.6542],
						"0.3333": [8.11011, 22.29711, 3.09469],
						"0.5": [-9.9716, 4.95712, 0.6542],
						"1.5": [7.5284, 4.95712, 0.6542],
						"2.0": [7.5, 0, 0]
					},
					"position": {
						"0.0": [0, 0, 0],
						"0.3333": [1, 0.25, 0.25],
						"0.5": [1, -0.75, 0.25],
						"1.5": [0, 0, 0]
					}
				},
				"neck2": {
					"rotation": {
						"0.0": [-12.5, 0, 0],
						"1.5": [-12.5, 0, 0],
						"2.0": [45, 0, 0]
					},
					"position": {
						"0.0": [0, -1.75, -1],
						"1.5": [0, -1.75, -1],
						"2.0": [0, 7, 0]
					}
				},
				"head": {
					"rotation": {
						"0.0": [0, 17.5, 0],
						"0.3333": [18.6562, 23.59181, -7.21369],
						"0.5": [-25, -2.5, 0],
						"1.5": [0, 17.5, 0],
						"2.0": [-52.5, 0, 0]
					},
					"position": {
						"0.0": [0, -1, 0.5],
						"0.3333": [0, 0, 1],
						"0.5": [-0.25, -1, -0.75],
						"1.5": [0, -1, 0.5],
						"2.0": [0, 1.75, -3]
					}
				},
				"ear_left": {
					"rotation": {
						"0.0": [0, 0, 0],
						"1.5": [0, 0, 0],
						"2.0": [0, 0, -47.5]
					}
				},
				"ear_right": {
					"rotation": {
						"0.0": [0, 0, 0],
						"1.5": [0, 0, 0],
						"2.0": [0, 0, 47.5]
					}
				},
				"brow_right": {
					"rotation": [-92.5, 0, 0],
					"position": {
						"0.0": [0, -0.5, 0.75],
						"1.5": [0, -0.5, 0.75],
						"2.0": [0, "Math.sin((query.anim_time) * 90 * 1.5) * 0.1", 3.5]
					}
				},
				"brow_left": {
					"rotation": {
						"0.0": [0, 0, 0],
						"1.5": [0, 0, 0],
						"2.0": [-92.5, 0, 0]
					},
					"position": {
						"0.0": [0, -0.5, 0.75],
						"1.5": [0, -0.5, 0.75],
						"2.0": [0, "Math.sin((query.anim_time) * 90 * 1.5) * 0.1", 3.5]
					}
				},
				"eye_left": {
					"scale": {
						"0.0": [1, 1, 1],
						"0.5": [1, 0.8, 1],
						"1.5": [1, 1, 1],
						"2.0": [1, 0, 1]
					}
				},
				"pupil_left": {
					"position": {
						"0.0": [0, 0, 0],
						"1.5": [0, 0, 0]
					},
					"scale": {
						"0.0": [1, 1, 1],
						"0.3333": [1, 0.8, 1],
						"0.5": [1, 1.1, 1],
						"1.5": [1, 1, 1]
					}
				},
				"eye_right": {
					"scale": {
						"0.0": [1, 1, 1],
						"0.5": [1, 0.8, 1],
						"1.5": [1, 1, 1],
						"2.0": [1, 0, 1]
					}
				},
				"pupil_right": {
					"position": {
						"0.0": [0, 0, 0],
						"1.5": [0, 0, 0]
					},
					"scale": {
						"0.0": [1, 1, 1],
						"0.3333": [1, 0.8, 1],
						"0.5": [1, 1.1, 1],
						"1.5": [1, 1, 1]
					}
				},
				"snout": {
					"rotation": {
						"0.0": [0, 0, 0],
						"2.0": [-47.5, 0, 0]
					},
					"position": {
						"0.0": [0, 0, 0],
						"2.0": [0, 2.75, -0.75]
					}
				},
				"snout_rotate": {
					"rotation": {
						"0.0": [0, 0, 0],
						"0.5": [-20, 0, 0],
						"0.5833": [-30, 0, 0],
						"0.6667": [-20, 0, 0],
						"0.75": [-30, 0, 0],
						"0.8333": [-20, 0, 0],
						"0.9167": [-30, 0, 0],
						"1.0": [-20, 0, 0],
						"1.0833": [-30, 0, 0],
						"1.1667": [-20, 0, 0],
						"1.5": [0, 0, 0]
					},
					"position": {
						"0.0": [0, 0, 0],
						"0.5": [0, -0.75, -0.5],
						"1.5": [0, 0, 0]
					}
				},
				"tail": {
					"rotation": {
						"0.0": [0, -12.5, 0],
						"0.3333": [0, -7.5, 0],
						"0.5": [0, -12.5, 0],
						"2.0": ["Math.sin((query.anim_time) * 90 * 1) * 1", "Math.sin((query.anim_time) * 90 * 1) * 1", "Math.sin((query.anim_time) * 90 * 1) * 1"]
					},
					"position": {
						"0.0": [0, 0, -0.25],
						"0.3333": [0, 0, 0],
						"0.5": [0, 0, -0.25],
						"2.0": [0, -0.5, 0]
					}
				},
				"tail2": {
					"rotation": {
						"0.0": [0, 0, 0],
						"0.5": [0, 0, 0],
						"2.0": ["Math.sin((query.anim_time) * 90 * 1) * 1", "Math.sin((query.anim_time) * 90 * 1) * 1", "Math.sin((query.anim_time) * 90 * 1) * 1"]
					}
				},
				"pot": {
					"position": {
						"0.0": [0, 0, 0],
						"2.0": [0, -1, 0]
					}
				},
				"leg_left_front": {
					"rotation": {
						"0.0": [0, 0, 0],
						"0.3333": [0, 5, 0],
						"1.6667": [0, 5, 0],
						"2.0": [-90, -45, 0]
					},
					"position": {
						"0.0": [0, 0, 0],
						"1.6667": [0, 0, 0],
						"2.0": [1.5, -2, -2.5]
					}
				},
				"leg_right_front": {
					"rotation": {
						"0.0": [0, 0, 0],
						"0.5": [0, -7.5, 0],
						"1.6667": [0, -7.5, 0],
						"2.0": [-90, 45, 0]
					},
					"position": {
						"0.0": [0, 0, 0],
						"1.6667": [0, 0, 0],
						"2.0": [-2.5, -2, -2.5]
					}
				},
				"leg_left_back": {
					"rotation": {
						"0.0": [0, 0, 0],
						"0.5": [0, -7.5, 0],
						"1.6667": [0, -7.5, 0],
						"2.0": [90, 45, 0]
					},
					"position": {
						"0.0": [0, 0, 0],
						"1.6667": [0, 0, 0],
						"2.0": [1.5, -2, 2.5]
					}
				},
				"leg_right_back": {
					"rotation": {
						"0.0": [0, 0, 0],
						"0.3333": [0, 5, 0],
						"1.6667": [0, 5, 0],
						"2.0": [90, -45, 0]
					},
					"position": {
						"0.0": [0, 0, 0],
						"1.6667": [0, 0, 0],
						"2.0": [-2.5, -2, 2.5]
					}
				}
			}
		},
		"animation.potdary.cry": {
			"animation_length": 0.4583,
			"bones": {
				"neck": {
					"rotation": {
						"0.0": {
							"post": [0, 0, 0],
							"lerp_mode": "catmullrom"
						},
						"0.125": {
							"post": [-5, 0, 0],
							"lerp_mode": "catmullrom"
						},
						"0.2917": {
							"post": [-5, 0, 0],
							"lerp_mode": "catmullrom"
						},
						"0.4583": {
							"post": [0, 0, 0],
							"lerp_mode": "catmullrom"
						}
					}
				},
				"neck2": {
					"rotation": {
						"0.0": {
							"post": [0, 0, 0],
							"lerp_mode": "catmullrom"
						},
						"0.125": {
							"post": [-5, 0, 0],
							"lerp_mode": "catmullrom"
						},
						"0.2917": {
							"post": [-5, 0, 0],
							"lerp_mode": "catmullrom"
						},
						"0.4583": {
							"post": [0, 0, 0],
							"lerp_mode": "catmullrom"
						}
					},
					"position": {
						"0.0": {
							"post": [0, 0, 0],
							"lerp_mode": "catmullrom"
						},
						"0.125": {
							"post": [0, -0.75, -0.5],
							"lerp_mode": "catmullrom"
						},
						"0.2917": {
							"post": [0, -0.75, -0.5],
							"lerp_mode": "catmullrom"
						},
						"0.4583": {
							"post": [0, 0, 0],
							"lerp_mode": "catmullrom"
						}
					}
				},
				"head": {
					"rotation": {
						"0.0": {
							"post": [0, 0, 0],
							"lerp_mode": "catmullrom"
						},
						"0.125": {
							"post": [-10, 0, 0],
							"lerp_mode": "catmullrom"
						},
						"0.2917": {
							"post": [-20, 0, 0],
							"lerp_mode": "catmullrom"
						},
						"0.4583": {
							"post": [0, 0, 0],
							"lerp_mode": "catmullrom"
						}
					},
					"position": {
						"0.0": {
							"post": [0, 0, 0],
							"lerp_mode": "catmullrom"
						},
						"0.125": {
							"post": [0, 0.25, -0.5],
							"lerp_mode": "catmullrom"
						},
						"0.2917": {
							"post": [0, 0.25, -0.5],
							"lerp_mode": "catmullrom"
						},
						"0.4583": {
							"post": [0, 0, 0],
							"lerp_mode": "catmullrom"
						}
					}
				},
				"snout_rotate": {
					"rotation": {
						"0.0": {
							"post": [0, 0, 0],
							"lerp_mode": "catmullrom"
						},
						"0.125": {
							"post": [-10, 0, 0],
							"lerp_mode": "catmullrom"
						},
						"0.2917": {
							"post": [-20, 0, 0],
							"lerp_mode": "catmullrom"
						},
						"0.4583": {
							"post": [0, 0, 0],
							"lerp_mode": "catmullrom"
						}
					},
					"position": {
						"0.0": {
							"post": [0, 0, 0],
							"lerp_mode": "catmullrom"
						},
						"0.125": {
							"post": [0, -0.75, -0.5],
							"lerp_mode": "catmullrom"
						},
						"0.4583": {
							"post": [0, 0, 0],
							"lerp_mode": "catmullrom"
						}
					}
				}
			},
			"sound_effects": {
				"0.0": {
					"effect": "pokemon.potdary.cry"
				}
			}
		}
	}
}