{
  "enabled": true,
  "neededInstalledMods": [],
  "neededUninstalledMods": [],
  "spawns": [
    {
      "id": "rapidash-cheseian-1",
      "pokemon": "rapidash cheseian",
      "presets": [
        "natural"
      ],
      "type": "pokemon",
      "context": "grounded",
      "bucket": "uncommon",
      "level": "20-80",
      "weight": 2.5,
      "condition": {
        "canSeeSky": true,
        "biomes": [
          "#cobblemon:is_forest",
          "#cobblemon:is_plains"
        ]
      }
    }
  ]
}