{
	"format_version": "1.12.0",
	"minecraft:geometry": [
		{
			"description": {
				"identifier": "geometry.ojotar",
				"texture_width": 64,
				"texture_height": 64,
				"visible_bounds_width": 3,
				"visible_bounds_height": 2.5,
				"visible_bounds_offset": [0, 0.75, 0]
			},
			"bones": [
				{
					"name": "ojotar",
					"pivot": [0, 0, 0]
				},
				{
					"name": "bone",
					"parent": "ojotar",
					"pivot": [0, 16, -1]
				},
				{
					"name": "head",
					"parent": "bone",
					"pivot": [0, 17, -2],
					"cubes": [
						{"origin": [-3, 17, -5], "size": [6, 6, 6], "uv": [38, 1]}
					]
				},
				{
					"name": "wing",
					"parent": "head",
					"pivot": [3, 19.5, -2],
					"cubes": [
						{"origin": [3, 17, -2], "size": [9, 7, 0], "uv": [20, 25]}
					]
				},
				{
					"name": "wing2",
					"parent": "head",
					"pivot": [-3, 19.5, -2],
					"cubes": [
						{"origin": [-12, 17, -2], "size": [9, 7, 0], "uv": [20, 25], "mirror": true}
					]
				},
				{
					"name": "bone2",
					"parent": "bone",
					"pivot": [0, 17, -2],
					"rotation": [37.5, 0, 0],
					"cubes": [
						{"origin": [-2, 7.59789, -3.81541], "size": [4, 11, 4], "uv": [1, 1]}
					]
				}
			]
		}
	]
}