{
	"format_version": "1.12.0",
	"minecraft:geometry": [
		{
			"description": {
				"identifier": "geometry.unknown",
				"texture_width": 128,
				"texture_height": 128,
				"visible_bounds_width": 7,
				"visible_bounds_height": 3.5,
				"visible_bounds_offset": [0, 1.25, 0]
			},
			"bones": [
				{
					"name": "whole",
					"pivot": [0, 0, 0]
				},
				{
					"name": "head",
					"parent": "whole",
					"pivot": [0, 22, -8],
					"rotation": [0, 180, 0],
					"cubes": [
						{"origin": [-2.5, 22, -11], "size": [5, 6, 6], "uv": [26, 42]}
					]
				},
				{
					"name": "eyes",
					"parent": "head",
					"pivot": [0, 13, -8]
				},
				{
					"name": "lefteye",
					"parent": "eyes",
					"pivot": [2.5, 25, -8],
					"rotation": [7.5, 0, 0]
				},
				{
					"name": "leftpupil",
					"parent": "lefteye",
					"pivot": [0, 13.5, -8],
					"cubes": [
						{"origin": [2.575, 23.5, -8], "size": [0, 2, 2], "pivot": [2.525, 25, -8], "rotation": [-15, 0, 0], "uv": [44, 23]}
					]
				},
				{
					"name": "lefteyewhite",
					"parent": "lefteye",
					"pivot": [0, 13.5, -8],
					"cubes": [
						{"origin": [2.525, 23.5, -10], "size": [0, 3, 4], "pivot": [2.525, 25, -8], "rotation": [-15, 0, 0], "uv": [60, 17]}
					]
				},
				{
					"name": "lefteyelid",
					"parent": "lefteye",
					"pivot": [-1, 13.5, -8],
					"cubes": [
						{"origin": [1.525, 23.5, -10], "size": [0, 3, 4], "pivot": [1.525, 25, -8], "rotation": [-15, 0, 0], "uv": [42, 38]}
					]
				},
				{
					"name": "righteye",
					"parent": "eyes",
					"pivot": [-2.5, 25, -8],
					"rotation": [7.5, 0, 0]
				},
				{
					"name": "rightpupil",
					"parent": "righteye",
					"pivot": [0, 13.5, -8],
					"cubes": [
						{"origin": [-2.575, 23.5, -8], "size": [0, 2, 2], "pivot": [-2.525, 25, -8], "rotation": [-15, 0, 0], "uv": [42, 43]}
					]
				},
				{
					"name": "righteyewhite",
					"parent": "righteye",
					"pivot": [0, 13.5, -8],
					"cubes": [
						{"origin": [-2.525, 23.5, -10], "size": [0, 3, 4], "pivot": [-2.525, 25, -8], "rotation": [-15, 0, 0], "uv": [26, 25]}
					]
				},
				{
					"name": "righteyelid",
					"parent": "righteye",
					"pivot": [1, 13.5, -8],
					"cubes": [
						{"origin": [-1.525, 23.5, -10], "size": [0, 3, 4], "pivot": [-1.525, 25, -8], "rotation": [-15, 0, 0], "uv": [26, 18]}
					]
				},
				{
					"name": "beak",
					"parent": "head",
					"pivot": [0, 24.25, -4.75]
				},
				{
					"name": "topbeak",
					"parent": "beak",
					"pivot": [0, 24.25, -8.75],
					"cubes": [
						{"origin": [-1.5, 23.63074, -6.74144], "size": [3, 2, 4], "pivot": [0, 24.13074, -4.74144], "rotation": [-12.5, 0, 0], "uv": [72, 59]},
						{"origin": [-1.5, 22.63074, -2.74144], "size": [3, 1, 0], "inflate": 0.01, "pivot": [0, 24.13074, -4.74144], "rotation": [-12.5, 0, 0], "uv": [0, 10]}
					]
				},
				{
					"name": "lowerbeak",
					"parent": "beak",
					"pivot": [0, 24.25, -8.75],
					"rotation": [-2.5, 0, 0],
					"cubes": [
						{"origin": [-1, 22.63074, -6.74144], "size": [2, 1, 4], "pivot": [0, 24.13074, -4.74144], "rotation": [-12.5, 0, 0], "uv": [50, 0]}
					]
				},
				{
					"name": "dingledangle",
					"parent": "lowerbeak",
					"pivot": [0, 24.25, -8.75],
					"cubes": [
						{"origin": [-1, 20.63074, -5.74144], "size": [2, 2, 2], "pivot": [0, 24.13074, -4.74144], "rotation": [-12.5, 0, 0], "uv": [68, 49]}
					]
				},
				{
					"name": "crest",
					"parent": "head",
					"pivot": [0, 25, -8],
					"cubes": [
						{"origin": [0, 22, -18], "size": [0, 12, 13], "uv": [0, 24]}
					]
				},
				{
					"name": "neck",
					"parent": "whole",
					"pivot": [0, 15.53742, -2.83397],
					"cubes": [
						{"origin": [-2, 14.475, -12.675], "size": [4, 6, 4], "pivot": [0, 28.475, -16.925], "rotation": [25, 0, 0], "uv": [60, 62]},
						{"origin": [-2.5, 10.90477, -12.35875], "size": [5, 6, 5], "pivot": [0, 24.15477, -14.35875], "rotation": [32.5, 0, 0], "uv": [48, 42]}
					]
				},
				{
					"name": "body",
					"parent": "whole",
					"pivot": [0, 14, 3.5],
					"cubes": [
						{"origin": [-3.5, 15.27446, -7.93809], "size": [7, 5, 8], "pivot": [0, 18.02446, -2.68809], "rotation": [75, 0, 0], "uv": [28, 29]},
						{"origin": [-4.5, 10.29808, -2.81304], "size": [9, 11, 11], "pivot": [0, 15.04808, 2.43696], "rotation": [90, 0, 0], "uv": [0, 0]},
						{"origin": [-4, 10.29808, 2.18696], "size": [8, 5, 10], "inflate": 0.01, "pivot": [0, 15.04808, 6.43696], "rotation": [100, 0, 0], "uv": [0, 22]},
						{"origin": [-3.5, 15.07701, 8.49876], "size": [7, 3, 7], "pivot": [0, 17.04808, 10.93696], "rotation": [117.5, 0, 0], "uv": [29, 0]}
					]
				},
				{
					"name": "tail",
					"parent": "body",
					"pivot": [0, 4, 3.5]
				},
				{
					"name": "base",
					"parent": "tail",
					"pivot": [0, 19.13809, 11.70082],
					"cubes": [
						{"origin": [-2.5, 10.13752, 9.68649], "size": [5, 10, 5], "inflate": 0.01, "pivot": [0, 19.04808, 11.93696], "rotation": [102.5, 0, 0], "uv": [40, 10]}
					]
				},
				{
					"name": "mid",
					"parent": "base",
					"pivot": [0, 20.98203, 19.9687],
					"cubes": [
						{"origin": [-1.5, 10.16195, 22.6807], "size": [3, 14, 3], "inflate": 0.01, "pivot": [0, 21.54808, 23.18696], "rotation": [110, 0, 0], "uv": [36, 54]}
					]
				},
				{
					"name": "end",
					"parent": "mid",
					"pivot": [0, 25.77673, 33.19049],
					"cubes": [
						{"origin": [-1, 14.83289, 32.70779], "size": [2, 12, 2], "inflate": 0.01, "pivot": [0, 26.04808, 33.43696], "rotation": [107.5, 0, 0], "uv": [30, 69]},
						{"origin": [-3, 12.83289, 33.70779], "size": [6, 7, 0], "pivot": [0, 26.04808, 33.43696], "rotation": [107.5, 0, 0], "uv": [72, 72]},
						{"origin": [-3, 25.72778, 42.62107], "size": [6, 7, 0], "pivot": [0, 29.22778, 42.62107], "rotation": [90, 17.5, -90], "uv": [60, 72]}
					]
				},
				{
					"name": "legs",
					"parent": "whole",
					"pivot": [0, 8, -3]
				},
				{
					"name": "rightleg",
					"parent": "legs",
					"pivot": [-3, 10, 2]
				},
				{
					"name": "rightthigh",
					"parent": "rightleg",
					"pivot": [0, 8, -3],
					"cubes": [
						{"origin": [-4.45, 5, -0.8], "size": [4, 6, 5], "pivot": [-2.45, 11, 1.7], "rotation": [0, 0, 5], "uv": [0, 59]}
					]
				},
				{
					"name": "rightleggypoo",
					"parent": "rightthigh",
					"pivot": [-3.21147, 5.01142, 1.7],
					"rotation": [0, 0, -2.5],
					"cubes": [
						{"origin": [-3.95, 0, 0.7], "size": [2, 8, 2], "pivot": [-2.95, 8, 1.2], "rotation": [0, 0, 7.5], "uv": [0, 22]}
					]
				},
				{
					"name": "rightfoot",
					"parent": "rightleggypoo",
					"pivot": [-3.21147, 5.01142, 1.7],
					"rotation": [0, 0, -2.5],
					"cubes": [
						{"origin": [-5.86368, 0.03489, -0.3], "size": [4, 2, 4], "pivot": [-3.86368, 1.05989, 1.7], "rotation": [0, 0, 5], "uv": [70, 27]}
					]
				},
				{
					"name": "righttoes",
					"parent": "rightfoot",
					"pivot": [-3.21147, 5.01142, 1.7],
					"rotation": [0, 7.5, 0]
				},
				{
					"name": "rightoe1",
					"parent": "righttoes",
					"pivot": [-5.36015, 1.16571, -0.3],
					"rotation": [0, 35, 0],
					"cubes": [
						{"origin": [-5.86015, 0.11571, -2.1], "size": [1, 2, 3], "pivot": [-5.36015, 1.16571, -1.3], "rotation": [0, 0, 5], "uv": [76, 65]},
						{"origin": [-5.36015, 0.11571, -4.1], "size": [0, 2, 2], "pivot": [-5.36015, 1.16571, -1.3], "rotation": [0, 0, 5], "uv": [26, 40]}
					]
				},
				{
					"name": "rightoe2",
					"parent": "righttoes",
					"pivot": [-5.36015, 1.16571, 1.7],
					"rotation": [-90, 85, -90],
					"cubes": [
						{"origin": [-5.86015, 0.04071, -0.3], "size": [1, 2, 3], "pivot": [-5.36015, 1.16571, 0.7], "rotation": [0, 0, 5], "uv": [38, 76]},
						{"origin": [-5.36015, 0.04071, -2.3], "size": [0, 2, 2], "pivot": [-5.36015, 1.16571, 0.7], "rotation": [0, 0, 5], "uv": [26, 42]}
					]
				},
				{
					"name": "rightoe3",
					"parent": "righttoes",
					"pivot": [-3.86015, 0.99071, -0.3],
					"rotation": [0, 2.5, 0],
					"cubes": [
						{"origin": [-4.36015, -0.00929, -2.3], "size": [1, 2, 3], "pivot": [-3.86015, 0.99071, -1.3], "rotation": [0, 0, 5], "uv": [0, 76]},
						{"origin": [-3.86015, -0.00929, -4.3], "size": [0, 2, 2], "pivot": [-3.86015, 0.99071, -1.3], "rotation": [0, 0, 5], "uv": [40, 10]}
					]
				},
				{
					"name": "rightoe4",
					"parent": "righttoes",
					"pivot": [-1.86015, 0.74071, -0.3],
					"rotation": [2.67534, -23.05147, 0.48638],
					"cubes": [
						{"origin": [-2.36015, -0.25929, -2.3], "size": [1, 2, 3], "pivot": [-1.86015, 0.74071, -1.3], "rotation": [0, 0, 5], "uv": [13, 75]},
						{"origin": [-1.86015, -0.25929, -4.3], "size": [0, 2, 2], "pivot": [-1.86015, 0.74071, -1.3], "rotation": [0, 0, 5], "uv": [40, 8]}
					]
				},
				{
					"name": "leftleg",
					"parent": "legs",
					"pivot": [0, 8, -3]
				},
				{
					"name": "leftthigh",
					"parent": "leftleg",
					"pivot": [2.71147, 10.01142, 1.7],
					"cubes": [
						{"origin": [0.45, 5, -0.8], "size": [4, 6, 5], "pivot": [2.45, 11, 1.7], "rotation": [0, 0, -5], "uv": [57, 0]}
					]
				},
				{
					"name": "leftleggypoo",
					"parent": "leftthigh",
					"pivot": [3.21147, 5.01142, 1.7],
					"rotation": [0, 0, 2.5],
					"cubes": [
						{"origin": [1.95, 0, 0.7], "size": [2, 8, 2], "pivot": [2.95, 8, 1.2], "rotation": [0, 0, -7.5], "uv": [0, 0]}
					]
				},
				{
					"name": "leftfoot",
					"parent": "leftleggypoo",
					"pivot": [3.21147, 5.01142, 1.7],
					"rotation": [0, 0, 2.5],
					"cubes": [
						{"origin": [1.86368, 0.03489, -0.3], "size": [4, 2, 4], "pivot": [3.86368, 1.05989, 1.7], "rotation": [0, 0, -5], "uv": [0, 70]}
					]
				},
				{
					"name": "lefttoes",
					"parent": "leftfoot",
					"pivot": [3.21147, 5.01142, 1.7],
					"rotation": [0, -7.5, 0]
				},
				{
					"name": "leftoe1",
					"parent": "lefttoes",
					"pivot": [5.36015, 1.16571, -0.3],
					"rotation": [0, -35, 0],
					"cubes": [
						{"origin": [4.86015, 0.11571, -2.1], "size": [1, 2, 3], "pivot": [5.36015, 1.16571, -1.3], "rotation": [0, 0, -5], "uv": [75, 2]},
						{"origin": [5.36015, 0.11571, -4.1], "size": [0, 2, 2], "pivot": [5.36015, 1.16571, -1.3], "rotation": [0, 0, -5], "uv": [34, 20]}
					]
				},
				{
					"name": "leftoe2",
					"parent": "lefttoes",
					"pivot": [5.36015, 1.16571, 1.7],
					"rotation": [-90, -85, 90],
					"cubes": [
						{"origin": [4.86015, 0.04071, -0.3], "size": [1, 2, 3], "pivot": [5.36015, 1.16571, 0.7], "rotation": [0, 0, -5], "uv": [43, 74]},
						{"origin": [5.36015, 0.04071, -2.3], "size": [0, 2, 2], "pivot": [5.36015, 1.16571, 0.7], "rotation": [0, 0, -5], "uv": [29, 2]}
					]
				},
				{
					"name": "leftoe3",
					"parent": "lefttoes",
					"pivot": [3.86015, 0.99071, -0.3],
					"rotation": [0, -2.5, 0],
					"cubes": [
						{"origin": [3.36015, -0.00929, -2.3], "size": [1, 2, 3], "pivot": [3.86015, 0.99071, -1.3], "rotation": [0, 0, -5], "uv": [38, 71]},
						{"origin": [3.86015, -0.00929, -4.3], "size": [0, 2, 2], "pivot": [3.86015, 0.99071, -1.3], "rotation": [0, 0, -5], "uv": [29, 0]}
					]
				},
				{
					"name": "leftoe4",
					"parent": "lefttoes",
					"pivot": [1.86015, 0.74071, -0.3],
					"rotation": [2.67534, 23.05147, -0.48638],
					"cubes": [
						{"origin": [1.36015, -0.25929, -2.3], "size": [1, 2, 3], "pivot": [1.86015, 0.74071, -1.3], "rotation": [0, 0, -5], "uv": [70, 0]},
						{"origin": [1.86015, -0.25929, -4.3], "size": [0, 2, 2], "pivot": [1.86015, 0.74071, -1.3], "rotation": [0, 0, -5], "uv": [6, 20]}
					]
				},
				{
					"name": "wings",
					"parent": "whole",
					"pivot": [0, 6, -3]
				},
				{
					"name": "leftwing",
					"parent": "wings",
					"pivot": [0, 6, -3]
				},
				{
					"name": "tertiariesleft",
					"parent": "leftwing",
					"pivot": [8.11122, 18.79808, 2.78528],
					"cubes": [
						{"origin": [4.5, 12.29808, 6.18696], "size": [8, 8, 2], "pivot": [0, 14.04808, 2.43696], "rotation": [90, 0, 0], "uv": [50, 25]},
						{"origin": [3.5, 17.79808, 6.18696], "size": [9, 4, 0], "pivot": [8.5, 18.79808, 6.18696], "rotation": [90, 17.5, 0], "uv": [68, 45]}
					]
				},
				{
					"name": "secondariesleft",
					"parent": "tertiariesleft",
					"pivot": [12, 18.79808, -0.18804],
					"cubes": [
						{"origin": [12, 11.54808, 6.68696], "size": [8, 9, 1], "pivot": [8, 14.04808, 2.43696], "rotation": [90, 0, 0], "uv": [63, 35]},
						{"origin": [12, 6.29808, 7.18696], "size": [8, 6, 0], "pivot": [0, 14.04808, 2.43696], "rotation": [90, 0, 0], "uv": [68, 21]}
					]
				},
				{
					"name": "primariesleft",
					"parent": "secondariesleft",
					"pivot": [20, 18.79808, 1.68696],
					"cubes": [
						{"origin": [20, 7.29808, 7.18696], "size": [8, 13, 0], "inflate": 0.01, "pivot": [0, 14.04808, 2.43696], "rotation": [90, 0, 0], "uv": [20, 54]}
					]
				},
				{
					"name": "endleft",
					"parent": "primariesleft",
					"pivot": [8, 6, -3],
					"cubes": [
						{"origin": [28, 8.29808, 7.18696], "size": [6, 11, 0], "pivot": [0, 14.04808, 2.43696], "rotation": [90, 0, 0], "uv": [18, 67]}
					]
				},
				{
					"name": "rightwing",
					"parent": "wings",
					"pivot": [0, 6, -3]
				},
				{
					"name": "tertiariesright",
					"parent": "rightwing",
					"pivot": [-8.11122, 18.79808, 2.78528],
					"cubes": [
						{"origin": [-12.5, 12.29808, 6.18696], "size": [8, 8, 2], "pivot": [0, 14.04808, 2.43696], "rotation": [90, 0, 0], "uv": [0, 49]},
						{"origin": [-12.5, 17.79808, 6.18696], "size": [9, 4, 0], "pivot": [-8.5, 18.79808, 6.18696], "rotation": [90, -17.5, 0], "uv": [26, 25]}
					]
				},
				{
					"name": "secondariesright",
					"parent": "tertiariesright",
					"pivot": [-12, 18.79808, -0.18804],
					"cubes": [
						{"origin": [-20, 11.54808, 6.68696], "size": [8, 9, 1], "pivot": [-8, 14.04808, 2.43696], "rotation": [90, 0, 0], "uv": [60, 11]},
						{"origin": [-20, 6.29808, 7.18696], "size": [8, 6, 0], "pivot": [0, 14.04808, 2.43696], "rotation": [90, 0, 0], "uv": [64, 53]}
					]
				},
				{
					"name": "primariesright",
					"parent": "secondariesright",
					"pivot": [-20, 18.79808, 1.68696],
					"cubes": [
						{"origin": [-28, 7.29808, 7.18696], "size": [8, 13, 0], "pivot": [0, 14.04808, 2.43696], "rotation": [90, 0, 0], "uv": [48, 53]}
					]
				},
				{
					"name": "endright",
					"parent": "primariesright",
					"pivot": [-8, 6, -3],
					"cubes": [
						{"origin": [-34, 8.29808, 7.18696], "size": [6, 11, 0], "pivot": [0, 14.04808, 2.43696], "rotation": [90, 0, 0], "uv": [48, 66]}
					]
				}
			]
		}
	]
}