{
  "species": "cobblemon:xuehu_colt",
  "order": 0,
  "variations": [
    {
      "aspects": [],
      "poser": "cobblemon:xuehu_colt",
      "model": "cobblemon:xuehu_colt.geo",
      "texture": "cobblemon:textures/pokemon/xuehu_colt/xuehu_colt.png",
      "layers": [
        {
              "name": "emissive",
              "emissive": true,
              "texture": "cobblemon:textures/pokemon/xuehu_colt/xuehu_colt_emissive.png",
              "translucent": false
        }
      ]
    },
    {
      "aspects": [
        "shiny"
      ],
      "texture": "cobblemon:textures/pokemon/xuehu_colt/xuehu_colt_shiny.png",
      "layers": [
        {
              "name": "emissive",
              "emissive": true,
              "texture": "cobblemon:textures/pokemon/xuehu_colt/xuehu_colt_shiny_emissive.png",
              "translucent": false
        }
      ]
    }
  ]
}