{
	"format_version": "1.12.0",
	"minecraft:geometry": [
		{
			"description": {
				"identifier": "geometry.skybe",
				"texture_width": 64,
				"texture_height": 64,
				"visible_bounds_width": 3,
				"visible_bounds_height": 2.5,
				"visible_bounds_offset": [0, 0.75, 0]
			},
			"bones": [
				{
					"name": "skybe",
					"pivot": [0, 0, 0]
				},
				{
					"name": "torso",
					"parent": "skybe",
					"pivot": [0, 0, 0]
				},
				{
					"name": "body",
					"parent": "torso",
					"pivot": [0, 0, 0]
				},
				{
					"name": "head",
					"parent": "body",
					"pivot": [0.125, 8.5, -1.375],
					"cubes": [
						{"origin": [-7, 6, -5], "size": [13, 5, 8], "uv": [0, 0]},
						{"origin": [-2, 6, 3], "size": [8, 5, 6], "uv": [0, 13]},
						{"origin": [-5, 7, -5.25], "size": [3, 3, 0], "uv": [0, 13]},
						{"origin": [1, 7, -5.25], "size": [3, 3, 0], "uv": [0, 5]}
					]
				},
				{
					"name": "tree",
					"parent": "head",
					"pivot": [-4, 11.33333, -1],
					"cubes": [
						{"origin": [-6, 17, -3], "size": [4, 2, 4], "uv": [0, 24]},
						{"origin": [-7, 14, -4], "size": [6, 3, 6], "uv": [22, 18]},
						{"origin": [-5, 11, -2], "size": [2, 3, 2], "uv": [0, 0]}
					]
				}
			]
		}
	]
}