{
	"format_version": "1.12.0",
	"minecraft:geometry": [
		{
			"description": {
				"identifier": "geometry.gloomangel",
				"texture_width": 128,
				"texture_height": 128,
				"visible_bounds_width": 5,
				"visible_bounds_height": 5.5,
				"visible_bounds_offset": [0, 2.25, 0]
			},
			"bones": [
				{
					"name": "gloomangel",
					"pivot": [0, 0, 0]
				},
				{
					"name": "head",
					"parent": "gloomangel",
					"pivot": [0.15, 37, 0],
					"cubes": [
						{"origin": [-8, 37, -7], "size": [16, 14, 14], "uv": [0, 0]},
						{"origin": [-8, 51, -7], "size": [3, 10, 3], "uv": [66, 20]},
						{"origin": [-8, 51, 4], "size": [3, 10, 3], "uv": [66, 20], "mirror": true},
						{"origin": [-8, 51, -1.5], "size": [3, 10, 3], "uv": [66, 20]},
						{"origin": [5, 51, 4], "size": [3, 10, 3], "uv": [66, 20], "mirror": true},
						{"origin": [5, 51, -1.5], "size": [3, 10, 3], "uv": [66, 20]},
						{"origin": [5, 51, -7], "size": [3, 10, 3], "uv": [66, 20], "mirror": true},
						{"origin": [-1.5, 51, 4], "size": [3, 10, 3], "uv": [66, 20]},
						{"origin": [-1.5, 51, -1.5], "size": [3, 10, 3], "uv": [66, 20], "mirror": true},
						{"origin": [-1.5, 51, -7], "size": [3, 10, 3], "uv": [66, 20]}
					]
				},
				{
					"name": "halo",
					"parent": "head",
					"pivot": [0, 65, 0],
					"cubes": [
						{"origin": [-9, 65, -9], "size": [18, 0, 18], "uv": [41, 93]}
					]
				},
				{
					"name": "bone",
					"parent": "gloomangel",
					"pivot": [0, 15, 0],
					"cubes": [
						{"origin": [-7, 15, -6], "size": [14, 22, 12], "uv": [0, 33]}
					]
				},
				{
					"name": "wing",
					"parent": "bone",
					"pivot": [6, 27.5, -4],
					"cubes": [
						{"origin": [6, 18, -4], "size": [20, 19, 0], "uv": [69, 36]}
					]
				},
				{
					"name": "wing2",
					"parent": "bone",
					"pivot": [6, 27.5, 4],
					"cubes": [
						{"origin": [6, 18, 4], "size": [20, 19, 0], "uv": [69, 36]}
					]
				},
				{
					"name": "wing3",
					"parent": "bone",
					"pivot": [-6, 27.5, -4],
					"cubes": [
						{"origin": [-26, 18, -4], "size": [20, 19, 0], "uv": [69, 36], "mirror": true}
					]
				},
				{
					"name": "wing4",
					"parent": "bone",
					"pivot": [-6, 27.5, 4],
					"cubes": [
						{"origin": [-26, 18, 4], "size": [20, 19, 0], "uv": [69, 36], "mirror": true}
					]
				},
				{
					"name": "tail",
					"parent": "gloomangel",
					"pivot": [0.006, 14.95542, -2.05472],
					"cubes": [
						{"origin": [-6, 11, -5], "size": [12, 4, 10], "uv": [65, 0]},
						{"origin": [-5.99, 4.57738, -4.09369], "size": [12, 8, 10], "pivot": [0, 11, -1], "rotation": [25, 0, 0], "uv": [6, 69]},
						{"origin": [-6, -1.64711, -6.71196], "size": [12, 8, 10], "pivot": [0, 11, -1], "rotation": [52.5, 0, 0], "uv": [84, 16]},
						{"origin": [-4.99, -6.27403, -13.00201], "size": [10, 10, 9], "pivot": [0, 11, -1], "rotation": [90, 0, 0], "uv": [85, 58]},
						{"origin": [-3.99, -16.27403, -12.00201], "size": [8, 10, 7], "pivot": [0, 11, -1], "rotation": [90, 0, 0], "uv": [53, 67]}
					]
				}
			]
		}
	]
}