{
	"format_version": "1.12.0",
	"minecraft:geometry": [
		{
			"description": {
				"identifier": "geometry.swetnail",
				"texture_width": 64,
				"texture_height": 64,
				"visible_bounds_width": 3,
				"visible_bounds_height": 2.5,
				"visible_bounds_offset": [0, 0.75, 0]
			},
			"bones": [
				{
					"name": "swetnail",
					"pivot": [0, 0, 0]
				},
				{
					"name": "full_body",
					"parent": "swetnail",
					"pivot": [0, 4, 0]
				},
				{
					"name": "body",
					"parent": "full_body",
					"pivot": [0, 4, 0],
					"cubes": [
						{"origin": [-3.5, 0.1, -3.5], "size": [7, 7, 7], "uv": [32, 28]}
					]
				},
				{
					"name": "goop",
					"parent": "body",
					"pivot": [0, 0.5, 0],
					"cubes": [
						{"origin": [-4, 0, -3.8], "size": [8, 1, 8], "uv": [0, 39]}
					]
				},
				{
					"name": "eyes",
					"parent": "body",
					"pivot": [0, 4, -3.5]
				},
				{
					"name": "left_eye",
					"parent": "eyes",
					"pivot": [2.25, 4, -3.5],
					"cubes": [
						{"origin": [1.25, 2.7, -3.75], "size": [2, 3, 1], "uv": [40, 24]}
					]
				},
				{
					"name": "left_eye_shine",
					"parent": "left_eye",
					"pivot": [2.25, 4.75, -3.75],
					"cubes": [
						{"origin": [1.75, 4.3, -3.8], "size": [1, 1, 0], "uv": [46, 24]}
					]
				},
				{
					"name": "right_eye",
					"parent": "eyes",
					"pivot": [-2.25, 4, -3.5],
					"cubes": [
						{"origin": [-3.25, 2.7, -3.75], "size": [2, 3, 1], "uv": [50, 42]}
					]
				},
				{
					"name": "right_eye_shine",
					"parent": "right_eye",
					"pivot": [-2.25, 4.75, -3.75],
					"cubes": [
						{"origin": [-2.75, 4.3, -3.8], "size": [1, 1, 0], "uv": [46, 25]}
					]
				},
				{
					"name": "shell",
					"parent": "full_body",
					"pivot": [0, 4.5, 1.1],
					"rotation": [-42.5, 0, 0],
					"cubes": [
						{"origin": [-6, 4.5, -5.9], "size": [12, 3, 12], "uv": [0, 0]},
						{"origin": [-5, 7.5, -4.9], "size": [10, 3, 10], "uv": [0, 15]},
						{"origin": [-4, 10.5, -3.9], "size": [8, 3, 8], "uv": [0, 28]},
						{"origin": [-3, 13.5, -2.9], "size": [6, 3, 6], "uv": [40, 15]},
						{"origin": [-2, 16.5, -1.9], "size": [4, 3, 4], "uv": [48, 0]},
						{"origin": [-4, 16.5, 0.1], "size": [8, 5, 0], "uv": [48, 7]}
					]
				},
				{
					"name": "tentacle",
					"parent": "full_body",
					"pivot": [0, 8, -0.5],
					"cubes": [
						{"origin": [-1, 7, -5], "size": [2, 2, 5], "inflate": 0.02, "uv": [18, 48]}
					]
				},
				{
					"name": "tentacle_1",
					"parent": "tentacle",
					"pivot": [0, 8, -4.5],
					"cubes": [
						{"origin": [-1, 7, -11], "size": [2, 2, 7], "inflate": 0.01, "uv": [32, 42]}
					]
				},
				{
					"name": "tentacle_2",
					"parent": "tentacle_1",
					"pivot": [0, 8, -10.5],
					"cubes": [
						{"origin": [-1, 7, -17], "size": [2, 2, 7], "uv": [0, 48]}
					]
				}
			]
		}
	]
}