{
	"format_version": "1.8.0",
	"animations": {
		"animation.tentango.new": {
			"loop": true,
			"bones": {
				"head": {
					"rotation": [-15, 0, 22.5],
					"position": [0.36964, 0.8924, 0.25882]
				},
				"arm_left": {
					"rotation": [0, 0, -52.5]
				},
				"arm_left2": {
					"rotation": [19.5623, 4.2453, 0.73218]
				},
				"arm_left3": {
					"rotation": [31.88034, 6.6782, 1.90939]
				},
				"arm_left4": {
					"rotation": [32.72348, 6.3202, 4.04618]
				},
				"arm_left5": {
					"rotation": [-27.5, 0, 0]
				},
				"berry_1": {
					"rotation": [7.5, 0, 17.5],
					"position": [-1.40373, 0.39112, 0.73895]
				},
				"berry_2": {
					"rotation": [0, 0, -12.5],
					"position": [0.21644, -0.9763, 0]
				},
				"arm_right": {
					"rotation": [0, 0, 45]
				},
				"arm_right2": {
					"rotation": [19.5623, 4.2453, 0.73218]
				},
				"arm_right3": {
					"rotation": [31.88034, 6.6782, 1.90939]
				},
				"arm_right4": {
					"rotation": [32.72348, 6.3202, 4.04618]
				},
				"arm_right5": {
					"rotation": [-27.5, 0, 0]
				},
				"berry_leaf": {
					"rotation": [52.5, 0, 0]
				}
			}
		},
		"animation.tentango.ground_idle": {
			"loop": true,
			"animation_length": 2,
			"bones": {
				"body": {
					"rotation": ["0+math.sin(q.anim_time*90*2)*3", 0, 0],
					"position": [0, 0, "0-math.sin(q.anim_time*90*2)*0.1"]
				},
				"berry_2": {
					"rotation": ["0-math.sin(q.anim_time*90*2)*3", 0, 0]
				},
				"head": {
					"rotation": ["0+math.sin(q.anim_time*90*2-90)*3", 0, 0]
				},
				"eye_left": {
					"scale": [1, "1+math.sin(q.anim_time*90*2)*0.05", "1+math.sin(q.anim_time*90*2-90)*0.05"]
				},
				"eye_right": {
					"scale": [1, "1+math.sin(q.anim_time*90*2)*0.05", "1+math.sin(q.anim_time*90*2-90)*0.05"]
				},
				"ear_left": {
					"rotation": [0, "0+math.sin(q.anim_time*90*2-90)*10", 0]
				},
				"ear_right": {
					"rotation": [0, "0-math.sin(q.anim_time*90*2-90)*10", 0]
				},
				"arm_left": {
					"rotation": ["-27.1097+math.sin(q.anim_time*90*4-90)*3", -3.73171, "-11.9384+math.sin(q.anim_time*90*2-90)*3"]
				},
				"arm_left2": {
					"rotation": [
						"15+math.sin(q.anim_time*90*4-90-60)*3-math.sin(q.anim_time*90*4-90)*3",
						0,
						"0+math.sin(q.anim_time*90*2-90-60)*6-math.sin(q.anim_time*90*2-90)*3"
					]
				},
				"arm_left3": {
					"rotation": [
						"22.5+math.sin(q.anim_time*90*4-90-60*2)*3-math.sin(q.anim_time*90*4-90-60*1)*3",
						0,
						"0+math.sin(q.anim_time*90*2-90-60*2)*6-math.sin(q.anim_time*90*2-90-60*1)*6"
					]
				},
				"arm_left4": {
					"rotation": [
						"12.5+math.sin(q.anim_time*90*4-90-60*3)*3-math.sin(q.anim_time*90*4-90-60*2)*3",
						0,
						"0+math.sin(q.anim_time*90*2-90-60*3)*12-math.sin(q.anim_time*90*2-90-60*2)*6"
					]
				},
				"arm_left5": {
					"rotation": ["0+math.sin(q.anim_time*90*4-90-60*4)*3-math.sin(q.anim_time*90*4-90-60*3)*3", 0, 0]
				},
				"arm_right": {
					"rotation": ["-27.1097+math.sin(q.anim_time*90*4-90)*3", 3.73171, "11.9384+math.sin(q.anim_time*90*2-90)*3"]
				},
				"arm_right2": {
					"rotation": [
						"15+math.sin(q.anim_time*90*4-90-60)*3-math.sin(q.anim_time*90*4-90)*3",
						0,
						"0+math.sin(q.anim_time*90*2-90-60)*6-math.sin(q.anim_time*90*2-90)*3"
					]
				},
				"arm_right3": {
					"rotation": [
						"22.5+math.sin(q.anim_time*90*4-90-60*2)*3-math.sin(q.anim_time*90*4-90-60*1)*3",
						0,
						"0+math.sin(q.anim_time*90*2-90-60*2)*6-math.sin(q.anim_time*90*2-90-60*1)*6"
					]
				},
				"arm_right4": {
					"rotation": [
						"12.5+math.sin(q.anim_time*90*4-90-60*3)*3-math.sin(q.anim_time*90*4-90-60*2)*3",
						0,
						"0+math.sin(q.anim_time*90*2-90-60*3)*12-math.sin(q.anim_time*90*2-90-60*2)*6"
					]
				},
				"arm_right5": {
					"rotation": ["0+math.sin(q.anim_time*90*4-90-60*4)*3-math.sin(q.anim_time*90*4-90-60*3)*3", 0, 0]
				}
			}
		},
		"animation.tentango.battle_idle": {
			"loop": true,
			"animation_length": 2,
			"bones": {
				"body": {
					"rotation": ["0+math.sin(q.anim_time*90*2*2)*3", 0, 0],
					"position": [0, 0, "0-math.sin(q.anim_time*90*2*2)*0.1"]
				},
				"berry_2": {
					"rotation": ["0-math.sin(q.anim_time*90*2*2)*3", 0, 0]
				},
				"head": {
					"rotation": ["0+math.sin(q.anim_time*90*2*2-90)*3", 0, 0]
				},
				"eye_left": {
					"scale": [1, "0.8+math.sin(q.anim_time*90*2*2)*0.05", "1+math.sin(q.anim_time*90*2*2-90)*0.05"]
				},
				"eye_right": {
					"scale": [1, "0.8+math.sin(q.anim_time*90*2*2)*0.05", "1+math.sin(q.anim_time*90*2*2-90)*0.05"]
				},
				"ear_left": {
					"rotation": [0, "0+math.sin(q.anim_time*90*2*2-90)*10", 0]
				},
				"ear_right": {
					"rotation": [0, "0-math.sin(q.anim_time*90*2*2-90)*10", 0]
				},
				"arm_left": {
					"rotation": ["-27.1097+math.sin(q.anim_time*90*4*2-90)*3", -3.73171, "-11.9384+math.sin(q.anim_time*90*2*2-90)*3"]
				},
				"arm_left2": {
					"rotation": [
						"-57.5+math.sin(q.anim_time*90*4*2-90-60)*3-math.sin(q.anim_time*90*4*2-90)*3",
						0,
						"math.sin(q.anim_time*90*2*2-90-60)*6-math.sin(q.anim_time*90*2*2-90)*3"
					]
				},
				"arm_left3": {
					"rotation": [
						"47.5+math.sin(q.anim_time*90*4*2-90-60*2)*3-math.sin(q.anim_time*90*4*2-90-60*1)*3",
						0,
						"math.sin(q.anim_time*90*2*2-90-60*2)*6-math.sin(q.anim_time*90*2*2-90-60*1)*6"
					]
				},
				"arm_left4": {
					"rotation": [
						"57.5+math.sin(q.anim_time*90*4*2-90-60*3)*3-math.sin(q.anim_time*90*4*2-90-60*2)*3",
						0,
						"math.sin(q.anim_time*90*2*2-90-60*3)*12-math.sin(q.anim_time*90*2*2-90-60*2)*6"
					]
				},
				"arm_left5": {
					"rotation": ["0+math.sin(q.anim_time*90*4*2-90-60*4)*3-math.sin(q.anim_time*90*4*2-90-60*3)*3", 0, 0]
				},
				"arm_right": {
					"rotation": ["-27.1097+math.sin(q.anim_time*90*4*2-90)*3", 3.73171, "11.9384+math.sin(q.anim_time*90*2*2-90)*3"]
				},
				"arm_right2": {
					"rotation": [
						"-57.5+math.sin(q.anim_time*90*4*2-90-60)*3-math.sin(q.anim_time*90*4*2-90)*3",
						0,
						"-(math.sin(q.anim_time*90*2*2-90-60)*6-math.sin(q.anim_time*90*2*2-90)*3)"
					]
				},
				"arm_right3": {
					"rotation": [
						"47.5+math.sin(q.anim_time*90*4*2-90-60*2)*3-math.sin(q.anim_time*90*4*2-90-60*1)*3",
						0,
						"-(math.sin(q.anim_time*90*2*2-90-60*2)*6-math.sin(q.anim_time*90*2*2-90-60*1)*6)"
					]
				},
				"arm_right4": {
					"rotation": [
						"57.5+math.sin(q.anim_time*90*4*2-90-60*3)*3-math.sin(q.anim_time*90*4*2-90-60*2)*3",
						0,
						"-(math.sin(q.anim_time*90*2*2-90-60*3)*12-math.sin(q.anim_time*90*2*2-90-60*2)*6)"
					]
				},
				"arm_right5": {
					"rotation": ["0+math.sin(q.anim_time*90*4*2-90-60*4)*3-math.sin(q.anim_time*90*4*2-90-60*3)*3", 0, 0]
				}
			}
		},
		"animation.tentango.ground_walk": {
			"loop": true,
			"animation_length": 1,
			"bones": {
				"body": {
					"rotation": {
						"0.0": [0, 0, 0],
						"0.25": [20, 0, 0],
						"0.5": {
							"pre": [0, 0, 0],
							"post": [0, 0, 0],
							"lerp_mode": "catmullrom"
						},
						"0.75": [-20, 0, 0],
						"1.0": [0, 0, 0]
					},
					"position": {
						"0.0": [0, 0, 0],
						"0.125": [0, -1, 2],
						"0.25": [0, 0, 4],
						"0.5": {
							"pre": [0, 0, 0],
							"post": [0, 0, 0],
							"lerp_mode": "catmullrom"
						},
						"0.75": [0, 0, -4],
						"1.0": [0, 0, 0]
					},
					"scale": {
						"0.0": [1, 1, 1],
						"0.125": [1, 0.8, 1],
						"0.2083": [1, 1, 1]
					}
				},
				"berry_2": {
					"rotation": {
						"0.0": [0, 0, 0],
						"0.25": [-20, 0, 0],
						"0.4167": [0, 0, 0],
						"0.8333": [0, 0, 0],
						"0.9167": [10, 0, 0],
						"1.0": [0, 0, 0]
					},
					"position": {
						"0.0": [0, 0, 0],
						"0.25": [0, 0, 0],
						"0.4167": {
							"pre": [0, 4, 0],
							"post": [0, 4, 0],
							"lerp_mode": "catmullrom"
						},
						"0.5833": {
							"post": [0, 5, 0],
							"lerp_mode": "catmullrom"
						},
						"0.8333": [0, 0, 0],
						"1.0": [0, 0, 0]
					}
				},
				"berry_1": {
					"rotation": {
						"0.0": [0, 0, 0],
						"0.1667": [-12.5, 0, 0],
						"0.3333": [0, 0, 0],
						"0.8333": [0, 0, 0],
						"0.9167": [0, 0, 0],
						"1.0": [0, 0, 0]
					},
					"position": {
						"0.0": [0, 0, 0],
						"0.1667": [0, 0, 1],
						"0.3333": {
							"pre": [0, 4, 0],
							"post": [0, 4, 0],
							"lerp_mode": "catmullrom"
						},
						"0.625": {
							"post": [0, 5, 0],
							"lerp_mode": "catmullrom"
						},
						"0.8333": [0, 0, 0],
						"0.9167": {
							"pre": [0, -1, 0],
							"post": [0, -1, 0],
							"lerp_mode": "catmullrom"
						},
						"1.0": [0, 0, 0]
					}
				},
				"head": {
					"position": {
						"0.0": [0, 0, 0],
						"0.125": [0, 0, 0],
						"0.2917": {
							"pre": [0, 5, 0],
							"post": [0, 5, 0],
							"lerp_mode": "catmullrom"
						},
						"0.6667": {
							"post": [0, 5, 0],
							"lerp_mode": "catmullrom"
						},
						"0.8333": [0, 0, 0],
						"0.9167": {
							"pre": [0, -1, 0],
							"post": [0, -1, 0],
							"lerp_mode": "catmullrom"
						},
						"1.0": [0, 0, 0]
					}
				},
				"ear_left": {
					"rotation": [0, "-20-math.sin(q.anim_time*90*4-90)*20", 0]
				},
				"ear_right": {
					"rotation": [0, "20+math.sin(q.anim_time*90*4-90)*20", 0]
				},
				"arm_left": {
					"rotation": {
						"0.0": [0, -90, -95],
						"0.125": {
							"pre": [0, -90, -95],
							"post": [0, -90, -95],
							"lerp_mode": "catmullrom"
						},
						"0.25": {
							"post": [0, -90, -60],
							"lerp_mode": "catmullrom"
						},
						"0.5": {
							"post": [0, -90, -95],
							"lerp_mode": "catmullrom"
						},
						"0.75": {
							"post": [0, -90, -71.67],
							"lerp_mode": "catmullrom"
						},
						"0.875": {
							"post": [0, -90, -95],
							"lerp_mode": "catmullrom"
						},
						"1.0": [0, -90, -95]
					},
					"position": {
						"0.0": [1, 0, 1],
						"0.125": {
							"pre": [1, 0, 1],
							"post": [1, 0, 1],
							"lerp_mode": "catmullrom"
						},
						"0.25": {
							"post": [1, 0, 1],
							"lerp_mode": "catmullrom"
						},
						"0.5": {
							"post": [1, 0, 1],
							"lerp_mode": "catmullrom"
						},
						"0.75": {
							"post": [1, 0, 1],
							"lerp_mode": "catmullrom"
						},
						"0.875": {
							"post": [1, 0, 1],
							"lerp_mode": "catmullrom"
						},
						"1.0": [1, 0, 1]
					}
				},
				"arm_left2": {
					"rotation": {
						"0.0": [67.5, 0, 0],
						"0.125": {
							"pre": [67.5, 0, 0],
							"post": [67.5, 0, 0],
							"lerp_mode": "catmullrom"
						},
						"0.25": {
							"post": [52.5, 0, 0],
							"lerp_mode": "catmullrom"
						},
						"0.5": {
							"post": [67.5, 0, 0],
							"lerp_mode": "catmullrom"
						},
						"0.75": {
							"post": [57.5, 0, 0],
							"lerp_mode": "catmullrom"
						},
						"0.875": {
							"post": [67.5, 0, 0],
							"lerp_mode": "catmullrom"
						},
						"1.0": [67.5, 0, 0]
					}
				},
				"arm_left3": {
					"rotation": {
						"0.0": [87.5, 0, 0],
						"0.125": {
							"pre": [87.5, 0, 0],
							"post": [87.5, 0, 0],
							"lerp_mode": "catmullrom"
						},
						"0.25": {
							"post": [50, 0, 0],
							"lerp_mode": "catmullrom"
						},
						"0.5": {
							"post": [87.5, 0, 0],
							"lerp_mode": "catmullrom"
						},
						"0.75": {
							"post": [62.5, 0, 0],
							"lerp_mode": "catmullrom"
						},
						"0.875": {
							"post": [87.5, 0, 0],
							"lerp_mode": "catmullrom"
						},
						"1.0": [87.5, 0, 0]
					}
				},
				"arm_left4": {
					"rotation": {
						"0.0": [-22.5, 0, 0],
						"0.125": {
							"pre": [-22.5, 0, 0],
							"post": [-22.5, 0, 0],
							"lerp_mode": "catmullrom"
						},
						"0.25": {
							"post": [-22.5, 0, 0],
							"lerp_mode": "catmullrom"
						},
						"0.5": {
							"post": [-22.5, 0, 0],
							"lerp_mode": "catmullrom"
						},
						"0.75": {
							"post": [-22.5, 0, 0],
							"lerp_mode": "catmullrom"
						},
						"0.875": {
							"post": [-22.5, 0, 0],
							"lerp_mode": "catmullrom"
						},
						"1.0": [-22.5, 0, 0]
					}
				},
				"arm_right": {
					"rotation": {
						"0.0": [0, 90, 95],
						"0.125": {
							"pre": [0, 90, 95],
							"post": [0, 90, 95],
							"lerp_mode": "catmullrom"
						},
						"0.25": {
							"post": [0, 90, 60],
							"lerp_mode": "catmullrom"
						},
						"0.5": {
							"post": [0, 90, 95],
							"lerp_mode": "catmullrom"
						},
						"0.75": {
							"post": [0, 90, 71.67],
							"lerp_mode": "catmullrom"
						},
						"0.875": {
							"post": [0, 90, 95],
							"lerp_mode": "catmullrom"
						},
						"1.0": [0, 90, 95]
					},
					"position": {
						"0.0": [-1, 0, 1],
						"0.125": {
							"pre": [-1, 0, 1],
							"post": [-1, 0, 1],
							"lerp_mode": "catmullrom"
						},
						"0.25": {
							"post": [-1, 0, 1],
							"lerp_mode": "catmullrom"
						},
						"0.5": {
							"post": [-1, 0, 1],
							"lerp_mode": "catmullrom"
						},
						"0.75": {
							"post": [-1, 0, 1],
							"lerp_mode": "catmullrom"
						},
						"0.875": {
							"post": [-1, 0, 1],
							"lerp_mode": "catmullrom"
						},
						"1.0": [-1, 0, 1]
					}
				},
				"arm_right2": {
					"rotation": {
						"0.0": [67.5, 0, 0],
						"0.125": {
							"pre": [67.5, 0, 0],
							"post": [67.5, 0, 0],
							"lerp_mode": "catmullrom"
						},
						"0.25": {
							"post": [52.5, 0, 0],
							"lerp_mode": "catmullrom"
						},
						"0.5": {
							"post": [67.5, 0, 0],
							"lerp_mode": "catmullrom"
						},
						"0.75": {
							"post": [57.5, 0, 0],
							"lerp_mode": "catmullrom"
						},
						"0.875": {
							"post": [67.5, 0, 0],
							"lerp_mode": "catmullrom"
						},
						"1.0": [67.5, 0, 0]
					}
				},
				"arm_right3": {
					"rotation": {
						"0.0": [87.5, 0, 0],
						"0.125": {
							"pre": [87.5, 0, 0],
							"post": [87.5, 0, 0],
							"lerp_mode": "catmullrom"
						},
						"0.25": {
							"post": [50, 0, 0],
							"lerp_mode": "catmullrom"
						},
						"0.5": {
							"post": [87.5, 0, 0],
							"lerp_mode": "catmullrom"
						},
						"0.75": {
							"post": [62.5, 0, 0],
							"lerp_mode": "catmullrom"
						},
						"0.875": {
							"post": [87.5, 0, 0],
							"lerp_mode": "catmullrom"
						},
						"1.0": [87.5, 0, 0]
					}
				},
				"arm_right4": {
					"rotation": {
						"0.0": [-22.5, 0, 0],
						"0.125": {
							"pre": [-22.5, 0, 0],
							"post": [-22.5, 0, 0],
							"lerp_mode": "catmullrom"
						},
						"0.25": {
							"post": [-22.5, 0, 0],
							"lerp_mode": "catmullrom"
						},
						"0.5": {
							"post": [-22.5, 0, 0],
							"lerp_mode": "catmullrom"
						},
						"0.75": {
							"post": [-22.5, 0, 0],
							"lerp_mode": "catmullrom"
						},
						"0.875": {
							"post": [-22.5, 0, 0],
							"lerp_mode": "catmullrom"
						},
						"1.0": [-22.5, 0, 0]
					}
				},
				"arm_left5": {
					"rotation": {
						"0.0": [-160, 0, 0],
						"0.125": {
							"pre": [-160, 0, 0],
							"post": [-160, 0, 0],
							"lerp_mode": "catmullrom"
						},
						"0.25": {
							"post": [-160, 0, 0],
							"lerp_mode": "catmullrom"
						},
						"0.5": {
							"post": [-160, 0, 0],
							"lerp_mode": "catmullrom"
						},
						"0.75": {
							"post": [-160, 0, 0],
							"lerp_mode": "catmullrom"
						},
						"0.875": {
							"post": [-160, 0, 0],
							"lerp_mode": "catmullrom"
						},
						"1.0": [-160, 0, 0]
					},
					"position": {
						"0.0": [0, 0, 1],
						"0.125": {
							"pre": [0, 0, 1],
							"post": [0, 0, 1],
							"lerp_mode": "catmullrom"
						},
						"0.25": {
							"post": [0, 0, 1],
							"lerp_mode": "catmullrom"
						},
						"0.5": {
							"post": [0, 0, 1],
							"lerp_mode": "catmullrom"
						},
						"0.75": {
							"post": [0, 0, 1],
							"lerp_mode": "catmullrom"
						},
						"0.875": {
							"post": [0, 0, 1],
							"lerp_mode": "catmullrom"
						},
						"1.0": [0, 0, 1]
					}
				},
				"arm_left6": {
					"rotation": {
						"0.0": [0, 0, 0],
						"0.125": [0, 0, 0],
						"1.0": [0, 0, 0]
					}
				},
				"arm_right5": {
					"rotation": {
						"0.0": [-160, 0, 0],
						"0.125": {
							"pre": [-160, 0, 0],
							"post": [-160, 0, 0],
							"lerp_mode": "catmullrom"
						},
						"0.25": {
							"post": [-160, 0, 0],
							"lerp_mode": "catmullrom"
						},
						"0.5": {
							"post": [-160, 0, 0],
							"lerp_mode": "catmullrom"
						},
						"0.75": {
							"post": [-160, 0, 0],
							"lerp_mode": "catmullrom"
						},
						"0.875": {
							"post": [-160, 0, 0],
							"lerp_mode": "catmullrom"
						},
						"1.0": [-160, 0, 0]
					},
					"position": {
						"0.0": [0, 0, 1],
						"0.125": {
							"pre": [0, 0, 1],
							"post": [0, 0, 1],
							"lerp_mode": "catmullrom"
						},
						"0.25": {
							"post": [0, 0, 1],
							"lerp_mode": "catmullrom"
						},
						"0.5": {
							"post": [0, 0, 1],
							"lerp_mode": "catmullrom"
						},
						"0.75": {
							"post": [0, 0, 1],
							"lerp_mode": "catmullrom"
						},
						"0.875": {
							"post": [0, 0, 1],
							"lerp_mode": "catmullrom"
						},
						"1.0": [0, 0, 1]
					}
				},
				"berry_leaf": {
					"rotation": ["-45-math.clamp(math.sin(q.anim_time*90*4-90)*10,0,180)+math.clamp(math.sin(q.anim_time*90*4-90+180)*60,0,180)", 0, 0]
				}
			}
		},
		"animation.tentango.water_idle": {
			"loop": true,
			"animation_length": 4,
			"bones": {
				"body": {
					"rotation": [0, 0, 0],
					"position": [0, 0, 0]
				},
				"berry_2": {
					"rotation": ["30+math.sin(q.anim_time*90*2-90)*4", 0, "0+math.sin(q.anim_time*90*2-90-90)*4"],
					"position": ["0-math.sin(q.anim_time*90*1-90)*1", "0+math.sin(q.anim_time*90*2-90-90)*1", 4]
				},
				"berry_1": {
					"rotation": ["15-math.sin(q.anim_time*90*2-45)*4", 0, "0-math.sin(q.anim_time*90*2-45-90)*4"],
					"position": ["0+math.sin(q.anim_time*90*1-45)*1", "1+math.sin(q.anim_time*90*2-90-45)*1", 1]
				},
				"head": {
					"rotation": ["0-math.sin(q.anim_time*90*2)*4", 0, "0+math.sin(q.anim_time*90*1)*5"],
					"position": ["0+math.sin(q.anim_time*90*1-90)*1", "2+math.sin(q.anim_time*90*2-90)*1", 0]
				},
				"ear_left": {
					"rotation": [0, 0, "0+math.sin(q.anim_time*90*2)*10"]
				},
				"ear_right": {
					"rotation": [0, 0, "0-math.sin(q.anim_time*90*2)*10"]
				},
				"arm_left": {
					"rotation": ["-6.2612+math.sin(q.anim_time*90*2)*10", -36.75905, -38.13816]
				},
				"arm_left2": {
					"rotation": ["0+math.sin(q.anim_time*90*2-60)*20-math.sin(q.anim_time*90*2)*10", 0, 0]
				},
				"arm_left3": {
					"rotation": ["0+math.sin(q.anim_time*90*2-60*2)*20-math.sin(q.anim_time*90*2-60*1)*20", 0, 0]
				},
				"arm_left4": {
					"rotation": ["0+math.sin(q.anim_time*90*2-60*3)*20-math.sin(q.anim_time*90*2-60*2)*20", 0, 0]
				},
				"arm_left5": {
					"rotation": ["-140+math.sin(q.anim_time*90*2-60*4)*20-math.sin(q.anim_time*90*2-60*3)*20", 0, 0],
					"position": [0, 0, 1]
				},
				"arm_right": {
					"rotation": ["-6.2612+math.sin(q.anim_time*90*2)*10", 36.75905, 38.13816]
				},
				"arm_right2": {
					"rotation": ["0+math.sin(q.anim_time*90*2-60)*20-math.sin(q.anim_time*90*2)*10", 0, 0]
				},
				"arm_right3": {
					"rotation": ["0+math.sin(q.anim_time*90*2-60*2)*20-math.sin(q.anim_time*90*2-60*1)*20", 0, 0]
				},
				"arm_right4": {
					"rotation": ["0+math.sin(q.anim_time*90*2-60*3)*20-math.sin(q.anim_time*90*2-60*2)*20", 0, 0]
				},
				"arm_right5": {
					"rotation": ["-140+math.sin(q.anim_time*90*2-60*4)*20-math.sin(q.anim_time*90*2-60*3)*20", 0, 0],
					"position": [0, 0, 1]
				}
			}
		},
		"animation.tentango.water_swim": {
			"loop": true,
			"animation_length": 2,
			"bones": {
				"body": {
					"rotation": [37.5, 0, 0]
				},
				"berry_2": {
					"rotation": ["35+math.sin(q.anim_time*90*4-90)*5", 0, "0+math.sin(q.anim_time*90*2)*5"],
					"position": ["0+math.sin(q.anim_time*90*2-90)*1", "-2+math.sin(q.anim_time*90*4-90-90)*1", "4+math.sin(q.anim_time*90*4-90)*0.5"]
				},
				"berry_leaf": {
					"rotation": ["-15+math.sin(q.anim_time*90*4+90)*25", 0, 0]
				},
				"berry_1": {
					"rotation": ["17.6803+math.sin(q.anim_time*90*4)*5", 1.13421, "2.2224+math.sin(q.anim_time*90*2+90)*5"],
					"position": ["0+math.sin(q.anim_time*90*2)*1", "-1+math.sin(q.anim_time*90*4-90)*0.5", "1+math.sin(q.anim_time*90*4)*1"]
				},
				"head": {
					"rotation": ["-27.5+math.sin(q.anim_time*90*4-90)*5", 0, "0-math.sin(q.anim_time*90*2)*5"],
					"position": ["0+math.sin(q.anim_time*90*2+90)*1", "2+math.sin(q.anim_time*90*4)*1", "0-math.sin(q.anim_time*90*4-90)*1"]
				},
				"ear_left": {
					"rotation": [0, "-20-math.sin(q.anim_time*90*4)*10", 0]
				},
				"ear_right": {
					"rotation": [0, "20+math.sin(q.anim_time*90*4)*10", 0]
				},
				"arm_left": {
					"rotation": ["33.637+math.sin(q.anim_time*90*4)*10", -7.19229, -41.79499]
				},
				"arm_left2": {
					"rotation": ["0+math.sin(q.anim_time*90*4-60)*20-math.sin(q.anim_time*90*4)*10", 0, 0]
				},
				"arm_left3": {
					"rotation": ["0+math.sin(q.anim_time*90*4-60*2)*20-math.sin(q.anim_time*90*4-60*1)*20", 0, 0]
				},
				"arm_left4": {
					"rotation": ["0+math.sin(q.anim_time*90*4-60*3)*30-math.sin(q.anim_time*90*4-60*2)*20", 0, 0]
				},
				"arm_left5": {
					"rotation": ["-140+math.sin(q.anim_time*90*4-60*4)*30-math.sin(q.anim_time*90*4-60*3)*30", 0, 0],
					"position": [0, 0, 1]
				},
				"arm_right": {
					"rotation": ["33.637+math.sin(q.anim_time*90*4)*10", 7.19229, 41.79499]
				},
				"arm_right2": {
					"rotation": ["0+math.sin(q.anim_time*90*4-60)*20-math.sin(q.anim_time*90*4)*10", 0, 0]
				},
				"arm_right3": {
					"rotation": ["0+math.sin(q.anim_time*90*4-60*2)*20-math.sin(q.anim_time*90*4-60*1)*20", 0, 0]
				},
				"arm_right4": {
					"rotation": ["0+math.sin(q.anim_time*90*4-60*3)*30-math.sin(q.anim_time*90*4-60*2)*20", 0, 0]
				},
				"arm_right5": {
					"rotation": ["-140+math.sin(q.anim_time*90*4-60*4)*30-math.sin(q.anim_time*90*4-60*3)*30", 0, 0],
					"position": [0, 0, 1]
				}
			}
		},
		"animation.tentango.sleep": {
			"loop": true,
			"animation_length": 4,
			"bones": {
				"body": {
					"rotation": ["0+math.sin(q.anim_time*90*1)*3", 0, 0],
					"position": [0, 0, "0-math.sin(q.anim_time*90*1)*0.1"]
				},
				"berry_2": {
					"rotation": ["0-math.sin(q.anim_time*90*1)*3", 0, 0]
				},
				"berry_1": {
					"position": [0, -1, -0.5]
				},
				"head": {
					"rotation": ["17.5+math.sin(q.anim_time*90*1-90)*3", 0, 0],
					"position": [0, -1, -1]
				},
				"eye_left": {
					"scale": [1, "1+math.sin(q.anim_time*90*1)*0.05", "1+math.sin(q.anim_time*90*1-90)*0.05"]
				},
				"eyelid_left": {
					"position": [3, 0, 0]
				},
				"eye_right": {
					"scale": [1, "1+math.sin(q.anim_time*90*1)*0.05", "1+math.sin(q.anim_time*90*1-90)*0.05"]
				},
				"eyelid_right": {
					"position": [-3, 0, 0]
				},
				"ear_left": {
					"rotation": [0, "0+math.sin(q.anim_time*90*1-90)*10", 0]
				},
				"ear_right": {
					"rotation": [0, "0-math.sin(q.anim_time*90*1-90)*10", 0]
				},
				"arm_left": {
					"rotation": ["-27.1097+math.sin(q.anim_time*90*2-90)*3", -3.73171, "-11.9384+math.sin(q.anim_time*90*1-90)*3"]
				},
				"arm_left2": {
					"rotation": [
						"15+math.sin(q.anim_time*90*2-90-60)*3-math.sin(q.anim_time*90*2-90)*3",
						0,
						"0+math.sin(q.anim_time*90*1-90-60)*6-math.sin(q.anim_time*90*1-90)*3"
					]
				},
				"arm_left3": {
					"rotation": [
						"22.5+math.sin(q.anim_time*90*2-90-60*2)*3-math.sin(q.anim_time*90*2-90-60*1)*3",
						0,
						"0+math.sin(q.anim_time*90*1-90-60*2)*6-math.sin(q.anim_time*90*1-90-60*1)*6"
					]
				},
				"arm_left4": {
					"rotation": [
						"30+math.sin(q.anim_time*90*2-90-60*3)*3-math.sin(q.anim_time*90*2-90-60*2)*3",
						0,
						"math.sin(q.anim_time*90*1-90-60*3)*12-math.sin(q.anim_time*90*1-90-60*2)*6"
					]
				},
				"arm_left5": {
					"rotation": ["0+math.sin(q.anim_time*90*2-90-60*4)*3-math.sin(q.anim_time*90*2-90-60*3)*3", 0, 0]
				},
				"arm_right": {
					"rotation": ["-27.1097+math.sin(q.anim_time*90*2-90)*3", 3.73171, "11.9384+math.sin(q.anim_time*90*1-90)*3"]
				},
				"arm_right2": {
					"rotation": [
						"15+math.sin(q.anim_time*90*2-90-60)*3-math.sin(q.anim_time*90*2-90)*3",
						0,
						"0+math.sin(q.anim_time*90*1-90-60)*6-math.sin(q.anim_time*90*1-90)*3"
					]
				},
				"arm_right3": {
					"rotation": [
						"22.5+math.sin(q.anim_time*90*2-90-60*2)*3-math.sin(q.anim_time*90*2-90-60*1)*3",
						0,
						"0+math.sin(q.anim_time*90*1-90-60*2)*6-math.sin(q.anim_time*90*1-90-60*1)*6"
					]
				},
				"arm_right4": {
					"rotation": [
						"30+math.sin(q.anim_time*90*2-90-60*3)*3-math.sin(q.anim_time*90*2-90-60*2)*3",
						0,
						"math.sin(q.anim_time*90*1-90-60*3)*12-math.sin(q.anim_time*90*1-90-60*2)*6"
					]
				},
				"arm_right5": {
					"rotation": ["0+math.sin(q.anim_time*90*2-90-60*4)*3-math.sin(q.anim_time*90*2-90-60*3)*3", 0, 0]
				}
			}
		},
		"animation.tentango.faint": {
			"animation_length": 3,
			"bones": {
				"body": {
					"rotation": {
						"0.0": [0, 0, 0],
						"0.7083": [0, 0, 0],
						"1.0": [24.87458, -1.7735, -2.22514],
						"1.25": [0, 0, 0]
					},
					"position": {
						"0.0": [0, 0, 0],
						"0.125": ["0+math.sin(q.anim_time*90*8)*1", 0, "0-math.sin(q.anim_time*90*8-90)*1"],
						"0.7083": ["0+math.sin(q.anim_time*90*8)*1", 0, "0-math.sin(q.anim_time*90*8-90)*1"],
						"1.0": ["0+math.sin(q.anim_time*90*8)*1", 0, "-3-math.sin(q.anim_time*90*8-90)*1"],
						"1.25": [0, 0, 0]
					}
				},
				"berry_2": {
					"rotation": {
						"0.0": [0, 0, 0],
						"0.125": ["0+math.sin(q.anim_time*90*8-90)*10", 0, "0+math.sin(q.anim_time*90*8)*10"],
						"1.0": ["0+math.sin(q.anim_time*90*8-90)*10", 0, "0+math.sin(q.anim_time*90*8)*10"],
						"1.25": {
							"pre": [-20, -10, 0],
							"post": [-20, -10, 0],
							"lerp_mode": "catmullrom"
						},
						"1.4583": [0, -10, 0]
					}
				},
				"berry_1": {
					"rotation": {
						"0.0": [0, 0, 0],
						"0.125": ["0+math.sin(q.anim_time*90*8-90-90)*10", 0, "0+math.sin(q.anim_time*90*8-90)*10"],
						"1.1667": ["0+math.sin(q.anim_time*90*8-90-90)*10", 0, "0+math.sin(q.anim_time*90*8-90)*10"],
						"1.4167": [-90, 15, 0],
						"1.5417": [-97.5, 15, 0],
						"1.6667": [-90, 15, 0]
					},
					"position": {
						"0.0": [0, 0, 0],
						"0.125": ["0+math.sin(q.anim_time*90*8-90)*1", 0, "0-math.sin(q.anim_time*90*8-90-90)*1"],
						"1.1667": ["0+math.sin(q.anim_time*90*8-90)*1", 0, "0-math.sin(q.anim_time*90*8-90-90)*1"],
						"1.2917": [0.25, -0.5, 3.93],
						"1.4167": [0, -5, 7],
						"1.5417": [0, -4.5, 7],
						"1.6667": [0, -5, 7]
					}
				},
				"head": {
					"rotation": {
						"0.0": [-3, 0, 0],
						"0.125": ["0+math.sin(q.anim_time*90*8-90-90-90)*10", 0, "0+math.sin(q.anim_time*90*8-90-90)*10"],
						"0.7083": ["0+math.sin(q.anim_time*90*8-90-90-90)*10", 0, "0+math.sin(q.anim_time*90*8-90-90)*10"],
						"1.0": {
							"pre": [10, 0, 0],
							"post": [10, 0, 0],
							"lerp_mode": "catmullrom"
						},
						"1.25": [-105, -10, 0],
						"1.3333": [-107.5, -10, 0],
						"1.4583": [-90, -10, 0]
					},
					"position": {
						"0.0": [0, 0, 0],
						"0.125": [
							"0+math.sin(q.anim_time*90*8-90-90)*2+math.sin(q.anim_time*90*8-90)*1",
							0,
							"0-math.sin(q.anim_time*90*8-90-90-90)*2-math.sin(q.anim_time*90*8-90-90)*1"
						],
						"0.7083": [
							"0+math.sin(q.anim_time*90*8-90-90)*2+math.sin(q.anim_time*90*8-90)*1",
							0,
							"0-math.sin(q.anim_time*90*8-90-90-90)*2-math.sin(q.anim_time*90*8-90-90)*1"
						],
						"1.0": {
							"pre": [-1, 0, -2],
							"post": [-1, 0, -2],
							"lerp_mode": "catmullrom"
						},
						"1.125": {
							"post": [-1.94, -0.06, 4.31],
							"lerp_mode": "catmullrom"
						},
						"1.25": [-3, -6, 11],
						"1.3333": [-3, -4, 11],
						"1.4583": [-3, -6, 11]
					}
				},
				"eye_left": {
					"rotation": {
						"1.125": [0, 0, 0],
						"1.25": [-35, 0, 0]
					},
					"scale": {
						"0.0": [1, 1, 0.95],
						"0.125": [1, "1+math.sin(q.anim_time*90*16)*0.3", "1-math.sin(q.anim_time*90*16)*0.3"],
						"1.0": [1, "1+math.sin(q.anim_time*90*16)*0.3", "1-math.sin(q.anim_time*90*16)*0.3"],
						"1.125": [1, 1, 0.95],
						"1.25": [1, 0.5, 0.95]
					}
				},
				"eye_right": {
					"rotation": {
						"1.125": [0, 0, 0],
						"1.25": [-35, 0, 0]
					},
					"scale": {
						"0.0": [1, 1, 0.95],
						"0.125": [1, "1-math.sin(q.anim_time*90*16)*0.3", "1+math.sin(q.anim_time*90*16)*0.3"],
						"1.0": [1, "1-math.sin(q.anim_time*90*16)*0.3", "1+math.sin(q.anim_time*90*16)*0.3"],
						"1.125": [1, 1, 0.95],
						"1.25": [1, 0.5, 0.95]
					}
				},
				"ear_left": {
					"rotation": {
						"0.0": [0, -10, 0],
						"1.0": [0, -10, 0],
						"1.25": [0, -10, 0]
					}
				},
				"ear_right": {
					"rotation": {
						"0.0": [0, 10, 0],
						"1.0": [0, 10, 0],
						"1.25": [0, 10, 0]
					}
				},
				"arm_left": {
					"rotation": {
						"0.0": [-30.1097, -3.73171, -14.9384],
						"0.125": ["0+math.sin(q.anim_time*90*8)*45", -90, -90],
						"1.0": ["-90+math.sin(q.anim_time*90*16)*45", -30, 0],
						"1.1667": [-5.80469, -50.49856, -43.30316],
						"1.375": [23.00958, 0.20183, -57.36223]
					},
					"position": {
						"0.0": [0, 0, 0],
						"0.125": [2, 0, 0],
						"1.0": [2, 0, 0],
						"1.1667": [0, 0, 0],
						"1.375": [0, 0, 0]
					}
				},
				"arm_left2": {
					"rotation": {
						"0.0": [16.5, 0, 0],
						"0.125": ["0+math.sin(q.anim_time*90*8+180)*45-math.sin(q.anim_time*90*8)*45+math.sin(q.anim_time*90*8)*20", 0, 0],
						"1.0": ["0+math.sin(q.anim_time*90*16+180)*45-math.sin(q.anim_time*90*16)*45+math.sin(q.anim_time*90*8)*20", 0, 0],
						"1.1667": [-28.5, 0, 0],
						"1.375": [36.5, 0, 0]
					}
				},
				"arm_left3": {
					"rotation": {
						"0.0": [25.5, 0, 6],
						"0.125": ["0+math.sin(q.anim_time*90*8+180*2)*45-math.sin(q.anim_time*90*8+180*1)*45+math.sin(q.anim_time*90*8)*20", 0, 0],
						"1.0": ["0+math.sin(q.anim_time*90*16+180*2)*45-math.sin(q.anim_time*90*16+180*1)*45+math.sin(q.anim_time*90*8)*20", 0, 0],
						"1.1667": [-11.45964, 3.58448, 23.14022],
						"1.375": [-12, 0, 6]
					}
				},
				"arm_left4": {
					"rotation": {
						"0.0": [14, 0, 9],
						"0.125": ["0+math.sin(q.anim_time*90*8+180*3)*45-math.sin(q.anim_time*90*8+180*2)*45+math.sin(q.anim_time*90*8)*20", 0, 0],
						"1.0": ["0+math.sin(q.anim_time*90*16+180*3)*45-math.sin(q.anim_time*90*16+180*2)*45+math.sin(q.anim_time*90*8)*20", 0, 0],
						"1.1667": [-8.30136, 1.83331, 21.36695],
						"1.375": [-13.5, 0, 9]
					}
				},
				"arm_left5": {
					"rotation": {
						"0.0": [-1.5, 0, 0],
						"0.125": ["-137.5+math.sin(q.anim_time*90*8+180*4)*45-math.sin(q.anim_time*90*8+180*3)*45+math.sin(q.anim_time*90*8)*20", 0, 0],
						"1.0": ["-137.5+math.sin(q.anim_time*90*16+180*4)*45-math.sin(q.anim_time*90*16+180*3)*45+math.sin(q.anim_time*90*8)*20", 0, 0],
						"1.1667": [-157.21776, -5.92369, 13.80551],
						"1.375": [-169, 0, 0]
					},
					"position": {
						"0.0": [0, 0, 0],
						"0.125": [0, 0, 1],
						"1.0": [0, 0, 1],
						"1.1667": [0, 0, 1],
						"1.375": [0, 0, 1]
					}
				},
				"arm_right": {
					"rotation": {
						"0.0": [-30.1097, 3.73171, 8.9384],
						"0.125": ["0+math.sin(q.anim_time*90*8)*45", 90, 90],
						"1.0": ["-90+math.sin(q.anim_time*90*16)*45", 30, 0],
						"1.1667": [-5.80469, 50.49856, 43.30316],
						"1.375": [23.00958, -0.20183, 57.36223]
					},
					"position": {
						"0.0": [0, 0, 0],
						"0.125": [-2, 0, 0],
						"1.0": [-2, 0, 0],
						"1.1667": [0, 0, 0],
						"1.375": [0, 0, 0]
					}
				},
				"arm_right2": {
					"rotation": {
						"0.0": [16.5, 0, 0],
						"0.125": ["0+math.sin(q.anim_time*90*8+180)*45-math.sin(q.anim_time*90*8)*45+math.sin(q.anim_time*90*8)*20", 0, 0],
						"1.0": ["0+math.sin(q.anim_time*90*16+180)*45-math.sin(q.anim_time*90*16)*45+math.sin(q.anim_time*90*8)*20", 0, 0],
						"1.1667": [-28.5, 0, 0],
						"1.375": [36.5, 0, 0]
					}
				},
				"arm_right3": {
					"rotation": {
						"0.0": [25.5, 0, 6],
						"0.125": ["0+math.sin(q.anim_time*90*8+180*2)*45-math.sin(q.anim_time*90*8+180*1)*45+math.sin(q.anim_time*90*8)*20", 0, 0],
						"1.0": ["0+math.sin(q.anim_time*90*16+180*2)*45-math.sin(q.anim_time*90*16+180*1)*45+math.sin(q.anim_time*90*8)*20", 0, 0],
						"1.1667": [-11.45964, -3.58448, -23.14022],
						"1.375": [-12, 0, -6]
					}
				},
				"arm_right4": {
					"rotation": {
						"0.0": [14, 0, 9],
						"0.125": ["0+math.sin(q.anim_time*90*8+180*3)*45-math.sin(q.anim_time*90*8+180*2)*45+math.sin(q.anim_time*90*8)*20", 0, 0],
						"1.0": ["0+math.sin(q.anim_time*90*16+180*3)*45-math.sin(q.anim_time*90*16+180*2)*45+math.sin(q.anim_time*90*8)*20", 0, 0],
						"1.1667": [-8.30136, -1.83331, -21.36695],
						"1.375": [-13.5, 0, -9]
					}
				},
				"arm_right5": {
					"rotation": {
						"0.0": [-1.5, 0, 0],
						"0.125": ["-137.5+math.sin(q.anim_time*90*8+180*4)*45-math.sin(q.anim_time*90*8+180*3)*45+math.sin(q.anim_time*90*8)*20", 0, 0],
						"1.0": ["-137.5+math.sin(q.anim_time*90*16+180*4)*45-math.sin(q.anim_time*90*16+180*3)*45+math.sin(q.anim_time*90*8)*20", 0, 0],
						"1.1667": [-157.21776, 5.92369, -13.80551],
						"1.375": [-169, 0, 0]
					},
					"position": {
						"0.0": [0, 0, 0],
						"0.125": [0, 0, 1],
						"1.0": [0, 0, 1],
						"1.1667": [0, 0, 1],
						"1.375": [0, 0, 1]
					}
				}
			}
		},
		"animation.tentango.physical": {
			"animation_length": 1.75,
			"bones": {
				"body": {
					"rotation": {
						"0.0": [0, 0, 0],
						"0.25": {
							"pre": [0, 0, 0],
							"post": [0, 0, 0],
							"lerp_mode": "catmullrom"
						},
						"0.5": [0, 0, 0],
						"0.875": {
							"pre": [0, 0, 0],
							"post": [0, 0, 0],
							"lerp_mode": "catmullrom"
						},
						"1.25": [0, 0, 0]
					},
					"position": {
						"0.0": [0, 0, 0],
						"0.25": {
							"pre": [0, 0, 0],
							"post": [0, 0, 0],
							"lerp_mode": "catmullrom"
						},
						"0.5": [0, 0, 0],
						"0.875": {
							"pre": [0, 0, 0],
							"post": [0, 0, 0],
							"lerp_mode": "catmullrom"
						},
						"1.25": [0, 0, 0]
					}
				},
				"head": {
					"rotation": {
						"0.0": [-3, 0, 0],
						"0.25": {
							"pre": [-27.35693, 5.20045, 14.08911],
							"post": [-27.35693, 5.20045, 14.08911],
							"lerp_mode": "catmullrom"
						},
						"0.5": {
							"post": [-27.35693, 5.20045, 14.08911],
							"lerp_mode": "catmullrom"
						},
						"0.625": {
							"post": [28.14887, -14.05517, 9.37065],
							"lerp_mode": "catmullrom"
						},
						"0.875": {
							"post": [29.27587, -20.63547, 5.59791],
							"lerp_mode": "catmullrom"
						},
						"1.25": [-3, 0, 0]
					},
					"position": {
						"0.0": [0, 0, 0],
						"0.25": {
							"pre": [0, 0, 1],
							"post": [0, 0, 1],
							"lerp_mode": "catmullrom"
						},
						"0.5": {
							"post": [0, 0, 1],
							"lerp_mode": "catmullrom"
						},
						"0.625": {
							"post": [0, 0, -3],
							"lerp_mode": "catmullrom"
						},
						"0.875": {
							"post": [0, 0, -3],
							"lerp_mode": "catmullrom"
						},
						"1.25": [0, 0, 0]
					}
				},
				"eye_left": {
					"scale": {
						"0.0": [1, 0.8, 0.95],
						"0.25": {
							"pre": [1, 0.4, 0.95],
							"post": [1, 0.4, 0.95],
							"lerp_mode": "catmullrom"
						},
						"0.875": {
							"post": [1, 0.4, 0.95],
							"lerp_mode": "catmullrom"
						},
						"1.25": [1, 0.8, 0.95]
					}
				},
				"eye_right": {
					"scale": {
						"0.0": [1, 0.8, 0.95],
						"0.25": {
							"pre": [1, 0.4, 0.95],
							"post": [1, 0.4, 0.95],
							"lerp_mode": "catmullrom"
						},
						"0.875": {
							"post": [1, 0.4, 0.95],
							"lerp_mode": "catmullrom"
						},
						"1.25": [1, 0.8, 0.95]
					}
				},
				"ear_left": {
					"rotation": {
						"0.0": [0, -10, 0],
						"0.25": {
							"pre": [0, -10, 0],
							"post": [0, -10, 0],
							"lerp_mode": "catmullrom"
						},
						"0.5": [0, -10, 0],
						"0.875": {
							"pre": [0, -10, 0],
							"post": [0, -10, 0],
							"lerp_mode": "catmullrom"
						},
						"1.25": [0, -10, 0]
					}
				},
				"ear_right": {
					"rotation": {
						"0.0": [0, 10, 0],
						"0.25": {
							"pre": [0, 10, 0],
							"post": [0, 10, 0],
							"lerp_mode": "catmullrom"
						},
						"0.5": [0, 10, 0],
						"0.875": {
							"pre": [0, 10, 0],
							"post": [0, 10, 0],
							"lerp_mode": "catmullrom"
						},
						"1.25": [0, 10, 0]
					}
				},
				"arm_left": {
					"rotation": {
						"0.0": [-30.1097, -3.73171, -14.9384],
						"0.25": {
							"pre": [-30.1097, -3.73171, -14.9384],
							"post": [-30.1097, -3.73171, -14.9384],
							"lerp_mode": "catmullrom"
						},
						"0.5": [-30.11, -3.73, -14.94],
						"0.875": {
							"pre": [-30.11, -3.73, -14.94],
							"post": [-30.11, -3.73, -14.94],
							"lerp_mode": "catmullrom"
						},
						"1.25": [-30.1097, -3.73171, -14.9384]
					}
				},
				"arm_left2": {
					"rotation": {
						"0.0": [-56, 0, 0],
						"0.25": {
							"pre": [-26, 0, 0],
							"post": [-26, 0, 0],
							"lerp_mode": "catmullrom"
						},
						"0.5": [-46, 0, 0],
						"0.875": {
							"pre": [-46, 0, 0],
							"post": [-46, 0, 0],
							"lerp_mode": "catmullrom"
						},
						"1.25": [-56, 0, 0]
					}
				},
				"arm_left3": {
					"rotation": {
						"0.0": [50.5, 0, 6],
						"0.25": {
							"pre": [28, 0, 6],
							"post": [28, 0, 6],
							"lerp_mode": "catmullrom"
						},
						"0.5": [68, 0, 6],
						"0.875": {
							"pre": [68, 0, 6],
							"post": [68, 0, 6],
							"lerp_mode": "catmullrom"
						},
						"1.25": [50.5, 0, 6]
					}
				},
				"arm_left4": {
					"rotation": {
						"0.0": [59, 0, 9],
						"0.25": {
							"pre": [24, 0, 9],
							"post": [24, 0, 9],
							"lerp_mode": "catmullrom"
						},
						"0.5": [24, 0, 9],
						"0.875": {
							"pre": [24, 0, 9],
							"post": [24, 0, 9],
							"lerp_mode": "catmullrom"
						},
						"1.25": [59, 0, 9]
					}
				},
				"arm_left5": {
					"rotation": {
						"0.0": [-1.5, 0, 0],
						"0.25": {
							"pre": [-1.5, 0, 0],
							"post": [-1.5, 0, 0],
							"lerp_mode": "catmullrom"
						},
						"0.5": [-1.5, 0, 0],
						"0.875": {
							"pre": [-1.5, 0, 0],
							"post": [-1.5, 0, 0],
							"lerp_mode": "catmullrom"
						},
						"1.25": [-1.5, 0, 0]
					}
				},
				"arm_right": {
					"rotation": {
						"0.0": [-30.1097, 3.73171, 8.9384],
						"0.1667": {
							"pre": [-45.53574, 55.81626, 3.94765],
							"post": [-45.53574, 55.81626, 3.94765],
							"lerp_mode": "catmullrom"
						},
						"0.5": [-52.54, 55.82, 3.95],
						"0.875": {
							"pre": [-130.36769, 54.17599, -85.2103],
							"post": [-130.36769, 54.17599, -85.2103],
							"lerp_mode": "catmullrom"
						},
						"1.25": [-30.1097, 3.73171, 8.9384]
					},
					"position": {
						"0.0": [0, 0, 0],
						"0.1667": {
							"pre": [-1, 0, 0],
							"post": [-1, 0, 0],
							"lerp_mode": "catmullrom"
						},
						"0.5": [-1, 0, 0],
						"0.875": {
							"pre": [-1, 0, 0],
							"post": [-1, 0, 0],
							"lerp_mode": "catmullrom"
						},
						"1.25": [0, 0, 0]
					}
				},
				"arm_right2": {
					"rotation": {
						"0.0": [-56, 0, 0],
						"0.2083": {
							"pre": [-59.70903, 16.23612, -25.57788],
							"post": [-59.70903, 16.23612, -25.57788],
							"lerp_mode": "catmullrom"
						},
						"0.5": {
							"post": [-66.71, 16.24, -25.58],
							"lerp_mode": "catmullrom"
						},
						"0.625": {
							"post": [-17.71, 16.24, -25.58],
							"lerp_mode": "catmullrom"
						},
						"0.875": {
							"post": [19.79, 16.24, -25.58],
							"lerp_mode": "catmullrom"
						},
						"1.25": [-56, 0, 0]
					}
				},
				"arm_right3": {
					"rotation": {
						"0.0": [50.5, 0, -6],
						"0.25": {
							"pre": [-47, 0, -6],
							"post": [-47, 0, -6],
							"lerp_mode": "catmullrom"
						},
						"0.5": {
							"post": [-54.65114, 7.30898, -16.16816],
							"lerp_mode": "catmullrom"
						},
						"0.625": {
							"post": [-5.65114, 7.30898, -16.16816],
							"lerp_mode": "catmullrom"
						},
						"0.875": {
							"post": [29.34886, 7.30898, -16.16816],
							"lerp_mode": "catmullrom"
						},
						"1.25": [50.5, 0, -6]
					}
				},
				"arm_right4": {
					"rotation": {
						"0.0": [59, 0, -9],
						"0.2917": {
							"pre": [-41, 0, -9],
							"post": [-41, 0, -9],
							"lerp_mode": "catmullrom"
						},
						"0.5": {
							"post": [-33, 0, -9],
							"lerp_mode": "catmullrom"
						},
						"0.625": {
							"post": [16, 0, -9],
							"lerp_mode": "catmullrom"
						},
						"0.875": {
							"post": [41, 0, -9],
							"lerp_mode": "catmullrom"
						},
						"1.25": [59, 0, -9]
					}
				},
				"arm_right5": {
					"rotation": {
						"0.0": [-1.5, 0, 0],
						"0.3333": {
							"pre": [-159, 0, 0],
							"post": [-159, 0, 0],
							"lerp_mode": "catmullrom"
						},
						"0.5": {
							"post": [-166, 0, 0],
							"lerp_mode": "catmullrom"
						},
						"0.625": {
							"post": [-117, 0, 0],
							"lerp_mode": "catmullrom"
						},
						"0.875": {
							"post": [-19.5, 0, 0],
							"lerp_mode": "catmullrom"
						},
						"1.25": [-1.5, 0, 0]
					},
					"position": {
						"0.0": [0, 0, 0],
						"0.3333": {
							"pre": [0, 0, 1],
							"post": [0, 0, 1],
							"lerp_mode": "catmullrom"
						},
						"0.5": {
							"post": [0, 0, 1],
							"lerp_mode": "catmullrom"
						},
						"0.875": {
							"post": [0, 0, 0],
							"lerp_mode": "catmullrom"
						},
						"1.25": [0, 0, 0]
					}
				},
				"berry_1": {
					"rotation": {
						"0.0": [0, 0, 0],
						"0.3333": {
							"pre": [-12.5, 0, 0],
							"post": [-12.5, 0, 0],
							"lerp_mode": "catmullrom"
						},
						"0.5833": {
							"post": [-12.5, 0, 0],
							"lerp_mode": "catmullrom"
						},
						"0.7083": {
							"post": [12.5, 0, 0],
							"lerp_mode": "catmullrom"
						},
						"0.9583": {
							"post": [12.5, 0, 0],
							"lerp_mode": "catmullrom"
						},
						"1.25": [0, 0, 0]
					},
					"position": {
						"0.0": [0, 0, 0],
						"0.3333": {
							"pre": [0, 0, 0.5],
							"post": [0, 0, 0.5],
							"lerp_mode": "catmullrom"
						},
						"0.5833": {
							"post": [0, 0, 0.5],
							"lerp_mode": "catmullrom"
						},
						"0.7083": {
							"post": [0, 0, -1.5],
							"lerp_mode": "catmullrom"
						},
						"0.9583": {
							"post": [0, 0, -1.5],
							"lerp_mode": "catmullrom"
						},
						"1.25": [0, 0, 0]
					}
				},
				"berry_2": {
					"rotation": {
						"0.0": [0, 0, 0],
						"0.25": [0, 0, 0],
						"0.5": [0, 0, 0],
						"0.875": {
							"pre": [0, 0, 0],
							"post": [0, 0, 0],
							"lerp_mode": "catmullrom"
						},
						"1.25": [0, 0, 0]
					}
				}
			}
		},
		"animation.tentango.special": {
			"animation_length": 2.2917,
			"bones": {
				"body": {
					"rotation": {
						"0.0": [0, 0, 0],
						"0.4583": [0, 0, 0],
						"1.25": [0, 0, 0],
						"1.5": [0, 0, 0],
						"1.5625": [0, 0, 0],
						"1.8958": [0, 0, 0]
					},
					"position": {
						"0.0": [0, 0, 0],
						"0.4583": [0, 0, 0],
						"1.25": [0, 0, 0],
						"1.5": [0, 0, 0],
						"1.5625": [0, 0, 0],
						"1.8958": [0, 0, 0]
					}
				},
				"head": {
					"rotation": {
						"0.0": [-3, 0, 0],
						"0.1042": {
							"pre": [17.39, 0, 0],
							"post": [17.39, 0, 0],
							"lerp_mode": "catmullrom"
						},
						"0.1875": {
							"post": [-19.91, 0, 0],
							"lerp_mode": "catmullrom"
						},
						"0.4583": {
							"post": [-12.5, 0, 0],
							"lerp_mode": "catmullrom"
						},
						"0.625": {
							"post": [-12.5, 0, 0],
							"lerp_mode": "catmullrom"
						},
						"0.7083": {
							"post": [-12.92638, -14.63639, 3.31914],
							"lerp_mode": "catmullrom"
						},
						"0.875": {
							"post": [-12.92638, 14.63639, -3.31914],
							"lerp_mode": "catmullrom"
						},
						"1.0": {
							"post": [-12.92638, 14.63639, -3.31914],
							"lerp_mode": "catmullrom"
						},
						"1.25": [-12.92638, -14.63639, 3.31914],
						"1.5": {
							"pre": [-12.5, 0, 0],
							"post": [-12.5, 0, 0],
							"lerp_mode": "catmullrom"
						},
						"1.5625": {
							"post": [-12.47, 0.91, -0.21],
							"lerp_mode": "catmullrom"
						},
						"1.8958": [-3, 0, 0],
						"1.9583": [7, 0, 0],
						"2.0417": [-3, 0, 0]
					},
					"position": {
						"0.0": [0, 0, 0],
						"0.1042": [0, 0, 0],
						"0.1875": {
							"pre": [0, 3.59, 3.67],
							"post": [0, 3.59, 3.67],
							"lerp_mode": "catmullrom"
						},
						"0.2917": {
							"post": [0, 3.59, 10.67],
							"lerp_mode": "catmullrom"
						},
						"0.4583": [0, -9.25, 15],
						"0.5": [0, -9.75, 15],
						"0.625": [0, -9.25, 15],
						"1.25": [0, -9.25, 15],
						"1.5": [0, -9.25, 15],
						"1.5625": [0, -10, 15],
						"1.75": {
							"pre": [0, 3.59, 10.67],
							"post": [0, 3.59, 10.67],
							"lerp_mode": "catmullrom"
						},
						"1.8958": [0, 0, 0],
						"2.0417": [0, 0, 0]
					},
					"scale": {
						"0.0": [1, 1, 1],
						"0.1042": [1, 0.8, 1],
						"0.1875": [1, 1.2, 1],
						"0.4583": [1, 1, 1],
						"0.5": [1, 0.8, 1],
						"0.625": [1, 1, 1],
						"1.25": [1, 1, 1],
						"1.5": [1, 1, 1],
						"1.5625": [1, 0.8, 1],
						"1.8958": [1, 1, 1],
						"2.0417": [1, 1, 1]
					}
				},
				"eye_left": {
					"scale": {
						"0.0": [1, 0.8, 0.95],
						"0.4583": [1, 0.8, 0.95],
						"1.25": [1, 0.8, 0.95],
						"1.5": [1, 0.8, 0.95],
						"1.5625": [1, 0.8, 0.95],
						"1.8958": [1, 0.8, 0.95]
					}
				},
				"eye_right": {
					"scale": {
						"0.0": [1, 0.8, 0.95],
						"0.4583": [1, 0.8, 0.95],
						"1.25": [1, 0.8, 0.95],
						"1.5": [1, 0.8, 0.95],
						"1.5625": [1, 0.8, 0.95],
						"1.8958": [1, 0.8, 0.95]
					}
				},
				"ear_left": {
					"rotation": {
						"0.0": [0, -10, 0],
						"0.4583": [0, -10, 0],
						"1.25": [0, -10, 0],
						"1.5": [0, -10, 0],
						"1.5625": [0, -10, 0],
						"1.8958": [0, -10, 0]
					}
				},
				"ear_right": {
					"rotation": {
						"0.0": [0, 10, 0],
						"0.4583": [0, 10, 0],
						"1.25": [0, 10, 0],
						"1.5": [0, 10, 0],
						"1.5625": [0, 10, 0],
						"1.8958": [0, 10, 0]
					}
				},
				"arm_left": {
					"rotation": {
						"0.0": [-30.1097, -3.73171, -14.9384],
						"0.1042": [2.67753, -9.17845, -14.4262],
						"0.2292": [-29.43949, -16.44077, -13.74327],
						"0.3125": [-36.43949, -16.44077, -13.74327],
						"0.4583": [-36.43949, -16.44077, -13.74327],
						"0.5": [-41.93949, -16.44077, -13.74327],
						"0.7083": {
							"pre": [-96.2943, -56.68461, 52.82451],
							"post": [-96.2943, -56.68461, 52.82451],
							"lerp_mode": "catmullrom"
						},
						"0.7708": {
							"post": [-96.2943, -56.68461, 52.82451],
							"lerp_mode": "catmullrom"
						},
						"0.8542": {
							"post": [-95.79519, -9.72744, 76.95783],
							"lerp_mode": "catmullrom"
						},
						"0.9375": {
							"post": [-96.27815, 7.39416, 104.38643],
							"lerp_mode": "catmullrom"
						},
						"1.0625": {
							"post": [-96.27815, 7.39416, 104.38643],
							"lerp_mode": "catmullrom"
						},
						"1.1458": {
							"post": [-95.79519, -9.72744, 76.95783],
							"lerp_mode": "catmullrom"
						},
						"1.25": [-96.2943, -56.68461, 52.82451],
						"1.5": [-41.93949, -16.44077, -13.74327],
						"1.5625": [-41.94, -16.44, -13.74],
						"1.8958": [-30.1097, -3.73171, -14.9384]
					},
					"position": {
						"0.0": [0, 0, 0],
						"0.2292": [0, 0, 0],
						"0.5": [0, 0, 0],
						"0.7083": {
							"pre": [0, 0, 0],
							"post": [0, 0, 0],
							"lerp_mode": "catmullrom"
						},
						"0.7708": {
							"post": [0, 0, 0],
							"lerp_mode": "catmullrom"
						},
						"0.9375": {
							"post": [0, 0, 0],
							"lerp_mode": "catmullrom"
						},
						"1.0625": {
							"post": [0, 0, 0],
							"lerp_mode": "catmullrom"
						},
						"1.25": [0, 0, 0],
						"1.5": [0, 0, 0],
						"1.5625": [0, 0, 0],
						"1.8958": [0, 0, 0]
					}
				},
				"arm_left2": {
					"rotation": {
						"0.0": [-56, 0, 0],
						"0.2292": [-21, 0, 0],
						"0.3125": [-28, 0, 0],
						"0.4583": [-28, 0, 0],
						"0.5": [-33.5, 0, 0],
						"0.7083": {
							"pre": [-46, 0, 0],
							"post": [-46, 0, 0],
							"lerp_mode": "catmullrom"
						},
						"0.7708": {
							"post": [-46, 0, 0],
							"lerp_mode": "catmullrom"
						},
						"0.9375": {
							"post": [21.5, 0, 0],
							"lerp_mode": "catmullrom"
						},
						"1.0625": {
							"post": [21.5, 0, 0],
							"lerp_mode": "catmullrom"
						},
						"1.25": [-46, 0, 0],
						"1.5": [-33.5, 0, 0],
						"1.5625": [-33.5, 0, 0],
						"1.75": [15.71656, 13.6526, 10.19624],
						"1.8958": [-56, 0, 0]
					}
				},
				"arm_left3": {
					"rotation": {
						"0.0": [50.5, 0, 6],
						"0.2292": [-19.5, 0, 6],
						"0.3125": [-26.5, 0, 6],
						"0.4583": [-26.5, 0, 6],
						"0.5": [3.18525, -1.33166, 5.83444],
						"0.7083": {
							"pre": [-19.20637, -1.04707, 0.83693],
							"post": [-19.20637, -1.04707, 0.83693],
							"lerp_mode": "catmullrom"
						},
						"0.7708": {
							"post": [-19.20637, -1.04707, 0.83693],
							"lerp_mode": "catmullrom"
						},
						"0.9375": {
							"post": [48.29363, -1.04707, 0.83693],
							"lerp_mode": "catmullrom"
						},
						"1.0625": {
							"post": [48.29363, -1.04707, 0.83693],
							"lerp_mode": "catmullrom"
						},
						"1.25": [-19.20637, -1.04707, 0.83693],
						"1.5": [3.18525, -1.33166, 5.83444],
						"1.5625": [3.19, -1.33, 5.83],
						"1.8958": [50.5, 0, 6]
					}
				},
				"arm_left4": {
					"rotation": {
						"0.0": [59, 0, 9],
						"0.2292": [-22.22443, 0, 0],
						"0.3125": [-29.22443, 0, 0],
						"0.4583": [-29.22443, 0, 0],
						"0.5": [-7.22443, 0, 0],
						"0.7083": {
							"pre": [-34.72, 0, 0],
							"post": [-34.72, 0, 0],
							"lerp_mode": "catmullrom"
						},
						"0.7708": {
							"post": [-34.72, 0, 0],
							"lerp_mode": "catmullrom"
						},
						"0.9375": {
							"post": [32.78, 0, 0],
							"lerp_mode": "catmullrom"
						},
						"1.0625": {
							"post": [32.78, 0, 0],
							"lerp_mode": "catmullrom"
						},
						"1.25": [-34.72, 0, 0],
						"1.5": [-7.22443, 0, 0],
						"1.5625": [-7.22, 0, 0],
						"1.8958": [59, 0, 9]
					}
				},
				"arm_left5": {
					"rotation": {
						"0.0": [-1.5, 0, 0],
						"0.2292": [-146.5, 0, 0],
						"0.3125": [-153.5, 0, 0],
						"0.4583": [-153.5, 0, 0],
						"0.5": [-136.5, 0, 0],
						"0.7083": {
							"pre": [-169, 0, 0],
							"post": [-169, 0, 0],
							"lerp_mode": "catmullrom"
						},
						"0.7708": {
							"post": [-169, 0, 0],
							"lerp_mode": "catmullrom"
						},
						"0.9375": {
							"post": [-101.5, 0, 0],
							"lerp_mode": "catmullrom"
						},
						"1.0625": {
							"post": [-101.5, 0, 0],
							"lerp_mode": "catmullrom"
						},
						"1.25": [-169, 0, 0],
						"1.5": [-136.5, 0, 0],
						"1.5625": [-136.5, 0, 0],
						"1.8958": [-1.5, 0, 0]
					},
					"position": {
						"0.0": [0, 0, 0],
						"0.2292": [0, 0, 1],
						"0.3125": [0, 0, 1],
						"0.4583": [0, 0, 1],
						"0.5": [0, 0, 1],
						"0.7083": {
							"pre": [0, 0, 1],
							"post": [0, 0, 1],
							"lerp_mode": "catmullrom"
						},
						"0.7708": {
							"post": [0, 0, 1],
							"lerp_mode": "catmullrom"
						},
						"1.25": [0, 0, 1],
						"1.5": [0, 0, 1],
						"1.5625": [0, 0, 1],
						"1.8958": [0, 0, 0]
					}
				},
				"arm_right": {
					"rotation": {
						"0.0": [-30.1097, 3.73171, 14.9384],
						"0.1042": [2.67753, 9.17845, 14.4262],
						"0.2292": [-29.43949, 16.44077, 13.74327],
						"0.3125": [-36.43949, 16.44077, 13.74327],
						"0.4583": [-36.43949, 16.44077, 13.74327],
						"0.5": {
							"pre": [-41.93949, 16.44077, 13.74327],
							"post": [-41.93949, 16.44077, 13.74327],
							"lerp_mode": "catmullrom"
						},
						"0.625": {
							"post": [-41.93949, 16.44077, 13.74327],
							"lerp_mode": "catmullrom"
						},
						"0.7083": {
							"post": [-23.1587, 41.7618, 28.0324],
							"lerp_mode": "catmullrom"
						},
						"0.875": {
							"post": [-43.19873, 5.86927, 12.38956],
							"lerp_mode": "catmullrom"
						},
						"1.0": {
							"post": [-43.19873, 5.86927, 12.38956],
							"lerp_mode": "catmullrom"
						},
						"1.25": [-23.1587, 41.7618, 28.0324],
						"1.5": {
							"pre": [-41.93949, 16.44077, 13.74327],
							"post": [-41.93949, 16.44077, 13.74327],
							"lerp_mode": "catmullrom"
						},
						"1.5625": {
							"post": [-41.94, 16.44, 13.74],
							"lerp_mode": "catmullrom"
						},
						"1.8958": [-30.1097, 3.73171, 14.9384]
					},
					"position": {
						"0.0": [0, 0, 0],
						"0.2292": [0, 0, 0],
						"0.5": [0, 0, 0],
						"1.25": [0, 0, 0],
						"1.5": [0, 0, 0],
						"1.5625": [0, 0, 0],
						"1.8958": [0, 0, 0]
					}
				},
				"arm_right2": {
					"rotation": {
						"0.0": [-56, 0, 0],
						"0.2292": [-21, 0, 0],
						"0.3125": [-28, 0, 0],
						"0.4583": [-28, 0, 0],
						"0.5": [-33.5, 0, 0],
						"1.25": [-33.5, 0, 0],
						"1.5": [-33.5, 0, 0],
						"1.5625": [-33.5, 0, 0],
						"1.75": [15.71656, -13.6526, -10.19624],
						"1.8958": [-56, 0, 0]
					}
				},
				"arm_right3": {
					"rotation": {
						"0.0": [50.5, 0, -6],
						"0.2292": [-19.5, 0, -6],
						"0.3125": [-26.5, 0, -6],
						"0.4583": [-26.5, 0, -6],
						"0.5": [3.18525, 1.33166, -5.83444],
						"1.25": [3.19, 1.33, -5.83],
						"1.5": [3.18525, 1.33166, -5.83444],
						"1.5625": [3.19, 1.33, -5.83],
						"1.8958": [50.5, 0, -6]
					}
				},
				"arm_right4": {
					"rotation": {
						"0.0": [59, 0, -9],
						"0.2292": [-22.22443, 0, 0],
						"0.3125": [-29.22443, 0, 0],
						"0.4583": [-29.22443, 0, 0],
						"0.5": [-7.22443, 0, 0],
						"1.25": [-7.22, 0, 0],
						"1.5": [-7.22443, 0, 0],
						"1.5625": [-7.22, 0, 0],
						"1.8958": [59, 0, -9]
					}
				},
				"arm_right5": {
					"rotation": {
						"0.0": [-1.5, 0, 0],
						"0.2292": [-146.5, 0, 0],
						"0.3125": [-153.5, 0, 0],
						"0.4583": [-153.5, 0, 0],
						"0.5": [-136.5, 0, 0],
						"1.25": [-136.5, 0, 0],
						"1.5": [-136.5, 0, 0],
						"1.5625": [-136.5, 0, 0],
						"1.8958": [-1.5, 0, 0]
					},
					"position": {
						"0.0": [0, 0, 0],
						"0.2292": [0, 0, 1],
						"0.3125": [0, 0, 1],
						"0.4583": [0, 0, 1],
						"0.5": [0, 0, 1],
						"1.25": [0, 0, 1],
						"1.5": [0, 0, 1],
						"1.5625": [0, 0, 1],
						"1.8958": [0, 0, 0]
					}
				},
				"berry_1": {
					"rotation": {
						"0.0": [0, 0, 0],
						"0.4583": [0, 0, 0],
						"0.8125": [0, 0, 0],
						"0.875": [-12.5, 0, -12.5],
						"0.9792": [-12.5, 0, -12.5],
						"1.0417": [0, 0, 0],
						"1.1042": [0, 0, 0],
						"1.1458": [-8.30998, 0, 0],
						"1.2708": [-10, 0, 0],
						"1.5": [-10, 0, 0],
						"1.6042": [0, 0, 0],
						"1.75": [0, 0, 0],
						"1.8333": {
							"pre": [0, 0, 0],
							"post": [0, 0, 0],
							"lerp_mode": "catmullrom"
						},
						"1.8958": [0, 0, 0]
					},
					"position": {
						"0.0": [0, 0, 0],
						"0.4583": [0, 0, 0],
						"0.8125": [0, 0, 0],
						"0.875": {
							"pre": [0, 2, 0],
							"post": [0, 2, 0],
							"lerp_mode": "catmullrom"
						},
						"1.0417": [0, -5, 0],
						"1.1042": [0, -5, 0],
						"1.2708": [0, 7, -45],
						"1.5": [0, 7, -45],
						"1.6042": [20, 0, 0],
						"1.75": [0, 0, 0],
						"1.8333": {
							"pre": [0, 0, 0],
							"post": [0, 0, 0],
							"lerp_mode": "catmullrom"
						},
						"1.8958": [0, 0, 0]
					},
					"scale": {
						"0.0": [1, 1, 1],
						"0.8125": [1, 1, 1],
						"1.0417": [1, 1, 1],
						"1.1042": [1, 1, 1],
						"1.1458": [1, 0.7, 1],
						"1.2292": [1, 0.7, 1],
						"1.2708": [0, 0, 0],
						"1.5": [0, 0, 0],
						"1.6042": [0, 0, 0],
						"1.6875": [1, 1, 1]
					}
				},
				"berry_2": {
					"rotation": {
						"0.0": [0, 0, 0],
						"0.4583": [0, 0, 0],
						"0.8125": [0, 0, 0],
						"0.8542": [-8.30998, 0, 0],
						"0.9792": [-7.5, 0, 0],
						"1.5": [-7.5, 0, 0],
						"1.5625": [0, 0, 0],
						"1.7083": [0, 0, 0],
						"1.7917": {
							"pre": [0, 0, 0],
							"post": [0, 0, 0],
							"lerp_mode": "catmullrom"
						},
						"1.8542": [0, 0, 0]
					},
					"position": {
						"0.0": [0, 0, 0],
						"0.8125": [0, 0, 0],
						"0.9792": [0, 9, -43],
						"1.5": [0, 9, -43],
						"1.5625": [-20, 0, 0],
						"1.7083": [0, 0, 0],
						"1.7917": {
							"pre": [0, 0, 0],
							"post": [0, 0, 0],
							"lerp_mode": "catmullrom"
						},
						"1.8542": [0, 0, 0]
					},
					"scale": {
						"0.0": [1, 1, 1],
						"0.8125": [1, 1, 1],
						"0.8542": [1, 0.7, 1],
						"0.9375": [1, 0.7, 1],
						"0.9792": [0, 0, 0],
						"1.5": [0, 0, 0],
						"1.5625": [0, 0, 0],
						"1.6458": [1, 1, 1]
					}
				}
			}
		},
		"animation.tentango.status": {
			"animation_length": 1.625,
			"bones": {
				"body": {
					"rotation": {
						"0.0": [0, 0, 0],
						"0.25": {
							"pre": [0, 0, 0],
							"post": [0, 0, 0],
							"lerp_mode": "catmullrom"
						},
						"0.4167": {
							"post": [0, 0, 0],
							"lerp_mode": "catmullrom"
						},
						"0.5833": [0, 0, 0],
						"1.25": [0, 0, 0],
						"1.375": [0, 0, 0],
						"1.625": [0, 0, 0]
					},
					"position": {
						"0.0": [0, 0, 0],
						"0.25": {
							"pre": [0, 0, 0],
							"post": [0, 0, 0],
							"lerp_mode": "catmullrom"
						},
						"0.4167": {
							"post": [0, 0, 0],
							"lerp_mode": "catmullrom"
						},
						"0.5833": [0, 0, 0],
						"1.25": [0, 0, 0],
						"1.375": [0, 0, 0],
						"1.625": [0, 0, 0]
					}
				},
				"head": {
					"rotation": {
						"0.0": [-3, 0, 0],
						"0.25": {
							"pre": [-25.5, 0, 0],
							"post": [-25.5, 0, 0],
							"lerp_mode": "catmullrom"
						},
						"0.4167": {
							"post": [-25.5, 0, 0],
							"lerp_mode": "catmullrom"
						},
						"0.5833": [-0.5, 0, "0+math.sin(q.anim_time*90*8)*5"],
						"1.25": [-0.5, 0, "0+math.sin(q.anim_time*90*8)*5"],
						"1.375": [-0.5, 0, "0+math.sin(q.anim_time*90*8)*5"],
						"1.625": [-3, 0, 0]
					},
					"position": {
						"0.0": [0, 0, 0],
						"0.25": {
							"pre": [0, 0, 1],
							"post": [0, 0, 1],
							"lerp_mode": "catmullrom"
						},
						"0.4167": {
							"post": [0, 0, 1],
							"lerp_mode": "catmullrom"
						},
						"0.5833": {
							"post": [0, 0, -1],
							"lerp_mode": "catmullrom"
						},
						"1.25": {
							"post": [0, 0, -3],
							"lerp_mode": "catmullrom"
						},
						"1.375": {
							"post": [0, 0, -3],
							"lerp_mode": "catmullrom"
						},
						"1.625": [0, 0, 0]
					}
				},
				"eye_left": {
					"scale": {
						"0.0": [1, 0.8, 0.95],
						"0.25": {
							"pre": [1, 0.4, 0.95],
							"post": [1, 0.4, 0.95],
							"lerp_mode": "catmullrom"
						},
						"1.375": {
							"post": [1, 0.4, 0.95],
							"lerp_mode": "catmullrom"
						},
						"1.625": [1, 0.8, 0.95]
					}
				},
				"eye_right": {
					"scale": {
						"0.0": [1, 0.8, 0.95],
						"0.25": {
							"pre": [1, 0.4, 0.95],
							"post": [1, 0.4, 0.95],
							"lerp_mode": "catmullrom"
						},
						"1.375": {
							"post": [1, 0.4, 0.95],
							"lerp_mode": "catmullrom"
						},
						"1.625": [1, 0.8, 0.95]
					}
				},
				"ear_left": {
					"rotation": {
						"0.0": [0, -10, 0],
						"0.25": {
							"pre": [0, -10, 0],
							"post": [0, -10, 0],
							"lerp_mode": "catmullrom"
						},
						"0.4167": {
							"post": [0, -10, 0],
							"lerp_mode": "catmullrom"
						},
						"0.5833": [0, -10, 0],
						"1.25": [0, -10, 0],
						"1.375": [0, -10, 0],
						"1.625": [0, -10, 0]
					}
				},
				"ear_right": {
					"rotation": {
						"0.0": [0, 10, 0],
						"0.25": {
							"pre": [0, 10, 0],
							"post": [0, 10, 0],
							"lerp_mode": "catmullrom"
						},
						"0.4167": {
							"post": [0, 10, 0],
							"lerp_mode": "catmullrom"
						},
						"0.5833": [0, 10, 0],
						"1.25": [0, 10, 0],
						"1.375": [0, 10, 0],
						"1.625": [0, 10, 0]
					}
				},
				"arm_left": {
					"rotation": {
						"0.0": [-30.1097, -3.73171, -14.9384],
						"0.1667": {
							"pre": [-30.1097, -3.73171, -8.9384],
							"post": [-30.1097, -3.73171, -8.9384],
							"lerp_mode": "catmullrom"
						},
						"0.4167": {
							"post": [-30.1097, -3.73171, -8.9384],
							"lerp_mode": "catmullrom"
						},
						"0.5833": ["-90+math.sin(q.anim_time*90*8)*20", 0, 0],
						"1.25": ["-90+math.sin(q.anim_time*90*8)*20", 0, 0],
						"1.375": ["-90+math.sin(q.anim_time*90*8)*20", 0, 0],
						"1.625": [-30.1097, -3.73171, -14.9384]
					},
					"position": {
						"0.0": [0, 0, 0],
						"0.1667": {
							"pre": [0, 0, 0],
							"post": [0, 0, 0],
							"lerp_mode": "catmullrom"
						},
						"0.4167": {
							"post": [0, 0, 0],
							"lerp_mode": "catmullrom"
						},
						"0.5833": [0, 0, -1],
						"1.25": [0, 0, -1],
						"1.375": [0, 0, -1],
						"1.625": [0, 0, 0]
					}
				},
				"arm_left2": {
					"rotation": {
						"0.0": [-56, 0, 0],
						"0.25": {
							"pre": [-56.91474, -8.32163, 12.52432],
							"post": [-56.91474, -8.32163, 12.52432],
							"lerp_mode": "catmullrom"
						},
						"0.4167": {
							"post": [-56.91474, -8.32163, 12.52432],
							"lerp_mode": "catmullrom"
						},
						"0.5833": ["0+math.sin(q.anim_time*90*8-60)*40-math.sin(q.anim_time*90*8)*20", 0, 0],
						"1.25": ["0+math.sin(q.anim_time*90*8-60)*40-math.sin(q.anim_time*90*8)*20", 0, 0],
						"1.375": ["0+math.sin(q.anim_time*90*8-60)*40-math.sin(q.anim_time*90*8)*20", 0, 0],
						"1.625": [-56, 0, 0]
					}
				},
				"arm_left3": {
					"rotation": {
						"0.0": [50.5, 0, 6],
						"0.25": {
							"pre": [-34.5, 0, 0],
							"post": [-34.5, 0, 0],
							"lerp_mode": "catmullrom"
						},
						"0.4167": {
							"post": [-34.5, 0, 0],
							"lerp_mode": "catmullrom"
						},
						"0.5833": ["0+math.sin(q.anim_time*90*8-60*2)*40-math.sin(q.anim_time*90*8-60*1)*40", 0, 0],
						"1.25": ["0+math.sin(q.anim_time*90*8-60*2)*40-math.sin(q.anim_time*90*8-60*1)*40", 0, 0],
						"1.375": ["0+math.sin(q.anim_time*90*8-60*2)*40-math.sin(q.anim_time*90*8-60*1)*40", 0, 0],
						"1.625": [50.5, 0, 6]
					}
				},
				"arm_left4": {
					"rotation": {
						"0.0": [59, 0, 9],
						"0.25": {
							"pre": [-38.18467, 0, 0],
							"post": [-38.18467, 0, 0],
							"lerp_mode": "catmullrom"
						},
						"0.4167": {
							"post": [-38.18467, 0, 0],
							"lerp_mode": "catmullrom"
						},
						"0.5833": ["0+math.sin(q.anim_time*90*8-60*3)*40-math.sin(q.anim_time*90*8-60*2)*40", 0, 0],
						"1.25": ["0+math.sin(q.anim_time*90*8-60*3)*40-math.sin(q.anim_time*90*8-60*2)*40", 0, 0],
						"1.375": ["0+math.sin(q.anim_time*90*8-60*3)*40-math.sin(q.anim_time*90*8-60*2)*40", 0, 0],
						"1.625": [59, 0, 9]
					}
				},
				"arm_left5": {
					"rotation": {
						"0.0": [-1.5, 0, 0],
						"0.25": {
							"pre": [-161.5, 0, 0],
							"post": [-161.5, 0, 0],
							"lerp_mode": "catmullrom"
						},
						"0.4167": {
							"post": [-161.5, 0, 0],
							"lerp_mode": "catmullrom"
						},
						"0.5833": ["-137.5+math.sin(q.anim_time*90*8-60*4)*40-math.sin(q.anim_time*90*8-60*3)*40", 0, 0],
						"1.25": ["-137.5+math.sin(q.anim_time*90*8-60*4)*40-math.sin(q.anim_time*90*8-60*3)*40", 0, 0],
						"1.375": ["-137.5+math.sin(q.anim_time*90*8-60*4)*40-math.sin(q.anim_time*90*8-60*3)*40", 0, 0],
						"1.625": [-1.5, 0, 0]
					},
					"position": {
						"0.0": [0, 0, 0],
						"0.25": {
							"pre": [0, 0, 1],
							"post": [0, 0, 1],
							"lerp_mode": "catmullrom"
						},
						"0.4167": {
							"post": [0, 0, 1],
							"lerp_mode": "catmullrom"
						},
						"0.5833": [0, 0, 1],
						"1.25": [0, 0, 1],
						"1.375": [0, 0, 1],
						"1.625": [0, 0, 0]
					}
				},
				"arm_right": {
					"rotation": {
						"0.0": [-30.1097, 3.73171, 8.9384],
						"0.1667": {
							"pre": [-30.1097, 3.73171, 8.9384],
							"post": [-30.1097, 3.73171, 8.9384],
							"lerp_mode": "catmullrom"
						},
						"0.4167": {
							"post": [-30.1097, 3.73171, 8.9384],
							"lerp_mode": "catmullrom"
						},
						"0.5833": ["-90-math.sin(q.anim_time*90*8)*20", 0, 0],
						"1.25": ["-90-math.sin(q.anim_time*90*8)*20", 0, 0],
						"1.375": ["-90-math.sin(q.anim_time*90*8)*20", 0, 0],
						"1.625": [-30.1097, 3.73171, 8.9384]
					},
					"position": {
						"0.0": [0, 0, 0],
						"0.1667": {
							"pre": [0, 0, 0],
							"post": [0, 0, 0],
							"lerp_mode": "catmullrom"
						},
						"0.4167": {
							"post": [0, 0, 0],
							"lerp_mode": "catmullrom"
						},
						"0.5833": [0, 0, -1],
						"1.25": [0, 0, -1],
						"1.375": [0, 0, -1],
						"1.625": [0, 0, 0]
					}
				},
				"arm_right2": {
					"rotation": {
						"0.0": [-56, 0, 0],
						"0.25": {
							"pre": [-56.91474, 8.32163, -12.52432],
							"post": [-56.91474, 8.32163, -12.52432],
							"lerp_mode": "catmullrom"
						},
						"0.4167": {
							"post": [-56.91474, 8.32163, -12.52432],
							"lerp_mode": "catmullrom"
						},
						"0.5833": ["0-math.sin(q.anim_time*90*8-60)*40+math.sin(q.anim_time*90*8)*20", 0, 0],
						"1.25": ["0-math.sin(q.anim_time*90*8-60)*40+math.sin(q.anim_time*90*8)*20", 0, 0],
						"1.375": ["0-math.sin(q.anim_time*90*8-60)*40+math.sin(q.anim_time*90*8)*20", 0, 0],
						"1.625": [-56, 0, 0]
					}
				},
				"arm_right3": {
					"rotation": {
						"0.0": [50.5, 0, -6],
						"0.25": {
							"pre": [-34.5, 0, 0],
							"post": [-34.5, 0, 0],
							"lerp_mode": "catmullrom"
						},
						"0.4167": {
							"post": [-34.5, 0, 0],
							"lerp_mode": "catmullrom"
						},
						"0.5833": ["0-math.sin(q.anim_time*90*8-60*2)*40+math.sin(q.anim_time*90*8-60*1)*40", 0, 0],
						"1.25": ["0-math.sin(q.anim_time*90*8-60*2)*40+math.sin(q.anim_time*90*8-60*1)*40", 0, 0],
						"1.375": ["0-math.sin(q.anim_time*90*8-60*2)*40+math.sin(q.anim_time*90*8-60*1)*40", 0, 0],
						"1.625": [50.5, 0, -6]
					}
				},
				"arm_right4": {
					"rotation": {
						"0.0": [59, 0, -9],
						"0.25": {
							"pre": [-38.18467, 0, 0],
							"post": [-38.18467, 0, 0],
							"lerp_mode": "catmullrom"
						},
						"0.4167": {
							"post": [-38.18467, 0, 0],
							"lerp_mode": "catmullrom"
						},
						"0.5833": ["0-math.sin(q.anim_time*90*8-60*3)*40+math.sin(q.anim_time*90*8-60*2)*40", 0, 0],
						"1.25": ["0-math.sin(q.anim_time*90*8-60*3)*40+math.sin(q.anim_time*90*8-60*2)*40", 0, 0],
						"1.375": ["0-math.sin(q.anim_time*90*8-60*3)*40+math.sin(q.anim_time*90*8-60*2)*40", 0, 0],
						"1.625": [59, 0, -9]
					}
				},
				"arm_right5": {
					"rotation": {
						"0.0": [-1.5, 0, 0],
						"0.25": {
							"pre": [-161.5, 0, 0],
							"post": [-161.5, 0, 0],
							"lerp_mode": "catmullrom"
						},
						"0.4167": {
							"post": [-161.5, 0, 0],
							"lerp_mode": "catmullrom"
						},
						"0.5833": ["-137.5-math.sin(q.anim_time*90*8-60*4)*40+math.sin(q.anim_time*90*8-60*3)*40", 0, 0],
						"1.25": ["-137.5-math.sin(q.anim_time*90*8-60*4)*40+math.sin(q.anim_time*90*8-60*3)*40", 0, 0],
						"1.375": ["-137.5-math.sin(q.anim_time*90*8-60*4)*40+math.sin(q.anim_time*90*8-60*3)*40", 0, 0],
						"1.625": [-1.5, 0, 0]
					},
					"position": {
						"0.0": [0, 0, 0],
						"0.25": {
							"pre": [0, 0, 1],
							"post": [0, 0, 1],
							"lerp_mode": "catmullrom"
						},
						"0.4167": {
							"post": [0, 0, 1],
							"lerp_mode": "catmullrom"
						},
						"0.5833": [0, 0, 1],
						"1.25": [0, 0, 1],
						"1.375": [0, 0, 1],
						"1.625": [0, 0, 0]
					}
				},
				"berry_1": {
					"rotation": {
						"0.0": [0, 0, 0],
						"0.25": {
							"pre": [-12.5, 0, 0],
							"post": [-12.5, 0, 0],
							"lerp_mode": "catmullrom"
						},
						"0.4167": {
							"post": [-12.5, 0, 0],
							"lerp_mode": "catmullrom"
						},
						"0.5833": [0, 0, "0+math.sin(q.anim_time*90*8-90)*5"],
						"1.25": [0, 0, "0+math.sin(q.anim_time*90*8-90)*5"],
						"1.375": [0, 0, "0+math.sin(q.anim_time*90*8-90)*5"],
						"1.625": [0, 0, 0]
					},
					"position": {
						"0.0": [0, 0, 0],
						"0.25": {
							"pre": [0, 0, 0.5],
							"post": [0, 0, 0.5],
							"lerp_mode": "catmullrom"
						},
						"0.4167": {
							"post": [0, 0, 0.5],
							"lerp_mode": "catmullrom"
						},
						"0.5833": {
							"post": [0, 0, -0.5],
							"lerp_mode": "catmullrom"
						},
						"1.25": {
							"post": [0, 0, -1.5],
							"lerp_mode": "catmullrom"
						},
						"1.375": {
							"post": [0, 0, -1.5],
							"lerp_mode": "catmullrom"
						},
						"1.625": [0, 0, 0]
					}
				},
				"berry_2": {
					"rotation": {
						"0.0": [0, 0, 0],
						"0.25": {
							"pre": [0, 0, 0],
							"post": [0, 0, 0],
							"lerp_mode": "catmullrom"
						},
						"0.4167": {
							"post": [0, 0, 0],
							"lerp_mode": "catmullrom"
						},
						"0.5833": [0, 0, 0],
						"1.25": [0, 0, 0],
						"1.375": [0, 0, 0],
						"1.625": [0, 0, 0]
					}
				}
			}
		},
		"animation.tentango.ground_idle_quirk": {
			"animation_length": 4,
			"bones": {
				"head": {
					"rotation": {
						"0.7917": [0, 0, 0],
						"1.125": {
							"pre": [0, 0, 0],
							"post": [0, 0, 0],
							"lerp_mode": "catmullrom"
						},
						"1.625": {
							"post": [0, 360, 0],
							"lerp_mode": "catmullrom"
						},
						"2.0": [0, 360, 0]
					},
					"position": {
						"0.7917": [0, 0, 0],
						"1.125": {
							"pre": [0, 0, 0],
							"post": [0, 0, 0],
							"lerp_mode": "catmullrom"
						},
						"1.625": {
							"post": [0, 0, 0],
							"lerp_mode": "catmullrom"
						},
						"2.0": [0, 0, 0]
					}
				},
				"arm_left": {
					"rotation": {
						"0.7917": [0, 0, 0],
						"1.125": {
							"pre": [-0.02292, 0.38065, 19.99782],
							"post": [-0.02292, 0.38065, 19.99782],
							"lerp_mode": "catmullrom"
						},
						"1.375": {
							"post": [-34.2356, -2.17561, -26.40943],
							"lerp_mode": "catmullrom"
						},
						"1.6667": {
							"post": [-34.2356, -2.17561, -26.40943],
							"lerp_mode": "catmullrom"
						},
						"2.0": [0, 0, 0]
					},
					"position": {
						"0.7917": [0, 0, 0],
						"2.0": [0, 0, 0]
					}
				},
				"arm_left2": {
					"rotation": {
						"0.7917": [0, 0, 0],
						"1.125": {
							"pre": [-3.7006, 8.62172, -20.75497],
							"post": [-3.7006, 8.62172, -20.75497],
							"lerp_mode": "catmullrom"
						},
						"1.6667": {
							"post": [-3.7006, 8.62172, -20.75497],
							"lerp_mode": "catmullrom"
						},
						"2.0833": {
							"post": [-3.7006, -8.62172, 20.75497],
							"lerp_mode": "catmullrom"
						},
						"2.4167": [0, 0, 0]
					},
					"position": {
						"0.7917": [0, 0, 0],
						"2.4167": [0, 0, 0]
					}
				},
				"arm_left3": {
					"rotation": {
						"0.7917": [0, 0, 0],
						"1.125": {
							"pre": [-3.7006, 8.62172, -20.75497],
							"post": [-3.7006, 8.62172, -20.75497],
							"lerp_mode": "catmullrom"
						},
						"1.6667": {
							"post": [-3.7006, 8.62172, -20.75497],
							"lerp_mode": "catmullrom"
						},
						"2.0833": {
							"post": [-3.7006, -8.62172, 20.75497],
							"lerp_mode": "catmullrom"
						},
						"2.4167": [0, 0, 0]
					},
					"position": {
						"0.7917": [0, 0, 0],
						"2.4167": [0, 0, 0]
					}
				},
				"arm_right": {
					"rotation": {
						"0.7917": [0, 0, 0],
						"1.125": {
							"pre": [-0.02292, 0.38065, 19.99782],
							"post": [-0.02292, 0.38065, 19.99782],
							"lerp_mode": "catmullrom"
						},
						"1.375": {
							"post": [-34.2356, -2.17561, -26.40943],
							"lerp_mode": "catmullrom"
						},
						"1.6667": {
							"post": [-34.2356, -2.17561, -26.40943],
							"lerp_mode": "catmullrom"
						},
						"2.0": [0, 0, 0]
					},
					"position": {
						"0.7917": [0, 0, 0],
						"2.0": [0, 0, 0]
					}
				},
				"arm_right2": {
					"rotation": {
						"0.7917": [0, 0, 0],
						"1.125": {
							"pre": [-3.7006, 8.62172, -20.75497],
							"post": [-3.7006, 8.62172, -20.75497],
							"lerp_mode": "catmullrom"
						},
						"1.6667": {
							"post": [-3.7006, 8.62172, -20.75497],
							"lerp_mode": "catmullrom"
						},
						"2.0833": {
							"post": [-3.7006, -8.62172, 20.75497],
							"lerp_mode": "catmullrom"
						},
						"2.4167": [0, 0, 0]
					},
					"position": {
						"0.7917": [0, 0, 0],
						"2.4167": [0, 0, 0]
					}
				},
				"arm_right3": {
					"rotation": {
						"0.7917": [0, 0, 0],
						"1.125": {
							"pre": [-3.7006, 8.62172, -20.75497],
							"post": [-3.7006, 8.62172, -20.75497],
							"lerp_mode": "catmullrom"
						},
						"1.6667": {
							"post": [-3.7006, 8.62172, -20.75497],
							"lerp_mode": "catmullrom"
						},
						"2.0833": {
							"post": [-3.7006, -8.62172, 20.75497],
							"lerp_mode": "catmullrom"
						},
						"2.4167": [0, 0, 0]
					},
					"position": {
						"0.7917": [0, 0, 0],
						"2.4167": [0, 0, 0]
					}
				},
				"berry_1": {
					"rotation": {
						"0.7917": [0, 0, 0],
						"1.2083": {
							"pre": [0, 0, 0],
							"post": [0, 0, 0],
							"lerp_mode": "catmullrom"
						},
						"1.7917": {
							"post": [0, 360, 0],
							"lerp_mode": "catmullrom"
						},
						"2.25": [0, 360, 0]
					},
					"position": {
						"0.7917": [0, 0, 0],
						"1.2083": {
							"pre": [0, 0, 0],
							"post": [0, 0, 0],
							"lerp_mode": "catmullrom"
						},
						"1.7917": {
							"post": [0, 0, 0],
							"lerp_mode": "catmullrom"
						},
						"2.25": [0, 0, 0]
					}
				},
				"berry_2": {
					"rotation": {
						"0.7917": [0, 0, 0],
						"1.3333": {
							"pre": [0, 0, 0],
							"post": [0, 0, 0],
							"lerp_mode": "catmullrom"
						},
						"2.0417": {
							"post": [0, 360, 0],
							"lerp_mode": "catmullrom"
						},
						"2.625": [0, 360, 0]
					},
					"position": {
						"0.7917": [0, 0, 0],
						"1.3333": {
							"pre": [0, 0, 0],
							"post": [0, 0, 0],
							"lerp_mode": "catmullrom"
						},
						"2.0417": {
							"post": [0, 0, 0],
							"lerp_mode": "catmullrom"
						},
						"2.625": [0, 0, 0]
					}
				}
			}
		},
		"animation.tentango.water_idle_quirk": {
			"animation_length": 5,
			"bones": {
				"head": {
					"rotation": {
						"0.7917": [0, 0, 0],
						"1.375": {
							"pre": [0, 0, 0],
							"post": [0, 0, 0],
							"lerp_mode": "catmullrom"
						},
						"2.25": {
							"post": [0, 360, 0],
							"lerp_mode": "catmullrom"
						},
						"2.9167": [0, 360, 0]
					},
					"position": {
						"0.7917": [0, 0, 0],
						"1.375": {
							"pre": [0, 0, 0],
							"post": [0, 0, 0],
							"lerp_mode": "catmullrom"
						},
						"2.25": {
							"post": [0, 0, 0],
							"lerp_mode": "catmullrom"
						},
						"2.9167": [0, 0, 0]
					}
				},
				"arm_left": {
					"rotation": {
						"0.7917": [0, 0, 0],
						"1.375": {
							"pre": [-0.02292, 0.38065, 19.99782],
							"post": [-0.02292, 0.38065, 19.99782],
							"lerp_mode": "catmullrom"
						},
						"1.8333": {
							"post": [-2.70458, 27.50334, -0.79329],
							"lerp_mode": "catmullrom"
						},
						"2.3333": {
							"post": [-2.70458, 27.50334, -0.79329],
							"lerp_mode": "catmullrom"
						},
						"2.9167": [0, 0, 0]
					},
					"position": {
						"0.7917": [0, 0, 0],
						"2.9167": [0, 0, 0]
					}
				},
				"arm_left2": {
					"rotation": {
						"0.7917": [0, 0, 0],
						"1.375": {
							"pre": [-3.7006, 8.62172, -20.75497],
							"post": [-3.7006, 8.62172, -20.75497],
							"lerp_mode": "catmullrom"
						},
						"2.3333": {
							"post": [-3.7006, 8.62172, -20.75497],
							"lerp_mode": "catmullrom"
						},
						"3.0417": {
							"post": [-3.7006, -8.62172, 20.75497],
							"lerp_mode": "catmullrom"
						},
						"3.625": {
							"post": [0, 0, 0],
							"lerp_mode": "catmullrom"
						},
						"4.0": [0, 0, 0]
					},
					"position": {
						"0.7917": [0, 0, 0],
						"3.625": {
							"pre": [0, 0, 0],
							"post": [0, 0, 0],
							"lerp_mode": "catmullrom"
						},
						"4.0": [0, 0, 0]
					}
				},
				"arm_left3": {
					"rotation": {
						"0.7917": [0, 0, 0],
						"1.375": {
							"pre": [-3.7006, 8.62172, -20.75497],
							"post": [-3.7006, 8.62172, -20.75497],
							"lerp_mode": "catmullrom"
						},
						"2.3333": {
							"post": [33.7994, 8.62172, -20.75497],
							"lerp_mode": "catmullrom"
						},
						"3.0417": {
							"post": [-3.7006, -8.62172, 20.75497],
							"lerp_mode": "catmullrom"
						},
						"3.625": {
							"post": [0, 0, 0],
							"lerp_mode": "catmullrom"
						},
						"4.0": [0, 0, 0]
					},
					"position": {
						"0.7917": [0, 0, 0],
						"3.625": {
							"pre": [0, 0, 0],
							"post": [0, 0, 0],
							"lerp_mode": "catmullrom"
						},
						"4.0": [0, 0, 0]
					}
				},
				"arm_right": {
					"rotation": {
						"0.7917": [0, 0, 0],
						"1.375": {
							"pre": [-0.02292, 0.38065, 19.99782],
							"post": [-0.02292, 0.38065, 19.99782],
							"lerp_mode": "catmullrom"
						},
						"1.8333": {
							"post": [-2.70458, 27.50334, -0.79329],
							"lerp_mode": "catmullrom"
						},
						"2.3333": {
							"post": [-2.70458, 27.50334, -0.79329],
							"lerp_mode": "catmullrom"
						},
						"2.9167": [0, 0, 0]
					},
					"position": {
						"0.7917": [0, 0, 0],
						"2.9167": [0, 0, 0]
					}
				},
				"arm_right2": {
					"rotation": {
						"0.7917": [0, 0, 0],
						"1.375": {
							"pre": [-3.7006, 8.62172, -20.75497],
							"post": [-3.7006, 8.62172, -20.75497],
							"lerp_mode": "catmullrom"
						},
						"2.3333": {
							"post": [-3.7006, 8.62172, -20.75497],
							"lerp_mode": "catmullrom"
						},
						"3.0417": {
							"post": [-3.7006, -8.62172, 20.75497],
							"lerp_mode": "catmullrom"
						},
						"3.625": {
							"post": [0, 0, 0],
							"lerp_mode": "catmullrom"
						},
						"4.0": [0, 0, 0]
					},
					"position": {
						"0.7917": [0, 0, 0],
						"3.625": {
							"pre": [0, 0, 0],
							"post": [0, 0, 0],
							"lerp_mode": "catmullrom"
						},
						"4.0": [0, 0, 0]
					}
				},
				"arm_right3": {
					"rotation": {
						"0.7917": [0, 0, 0],
						"1.375": {
							"pre": [-3.7006, 8.62172, -20.75497],
							"post": [-3.7006, 8.62172, -20.75497],
							"lerp_mode": "catmullrom"
						},
						"2.3333": {
							"post": [33.7994, 8.62172, -20.75497],
							"lerp_mode": "catmullrom"
						},
						"3.0417": {
							"post": [-3.7006, -8.62172, 20.75497],
							"lerp_mode": "catmullrom"
						},
						"3.625": {
							"post": [0, 0, 0],
							"lerp_mode": "catmullrom"
						},
						"4.0": [0, 0, 0]
					},
					"position": {
						"0.7917": [0, 0, 0],
						"3.625": {
							"pre": [0, 0, 0],
							"post": [0, 0, 0],
							"lerp_mode": "catmullrom"
						},
						"4.0": [0, 0, 0]
					}
				},
				"berry_1": {
					"rotation": {
						"0.7917": [0, 0, 0],
						"1.5417": {
							"pre": [0, 0, 0],
							"post": [0, 0, 0],
							"lerp_mode": "catmullrom"
						},
						"2.5417": {
							"post": [0, 360, 0],
							"lerp_mode": "catmullrom"
						},
						"3.3333": [0, 360, 0]
					},
					"position": {
						"0.7917": [0, 0, 0],
						"1.5417": {
							"pre": [0, 0, 0],
							"post": [0, 0, 0],
							"lerp_mode": "catmullrom"
						},
						"2.5417": {
							"post": [0, 0, 0],
							"lerp_mode": "catmullrom"
						},
						"3.3333": [0, 0, 0]
					}
				},
				"berry_2": {
					"rotation": {
						"0.7917": [0, 0, 0],
						"1.75": {
							"pre": [0, 0, 0],
							"post": [0, 0, 0],
							"lerp_mode": "catmullrom"
						},
						"3.0": {
							"post": [0, 360, 0],
							"lerp_mode": "catmullrom"
						},
						"4.0": [0, 360, 0]
					},
					"position": {
						"0.7917": [0, 0, 0],
						"1.75": {
							"pre": [0, 0, 0],
							"post": [0, 0, 0],
							"lerp_mode": "catmullrom"
						},
						"3.0": {
							"post": [0, 0, 0],
							"lerp_mode": "catmullrom"
						},
						"4.0": [0, 0, 0]
					}
				},
				"arm_left4": {
					"rotation": {
						"0.7917": [0, 0, 0],
						"1.375": {
							"pre": [-3.7006, 8.62172, -20.75497],
							"post": [-3.7006, 8.62172, -20.75497],
							"lerp_mode": "catmullrom"
						},
						"2.3333": {
							"post": [26.2994, 8.62172, -0.75497],
							"lerp_mode": "catmullrom"
						},
						"3.0417": {
							"post": [-3.7006, -8.62172, 20.75497],
							"lerp_mode": "catmullrom"
						},
						"3.625": {
							"post": [0, 0, 0],
							"lerp_mode": "catmullrom"
						},
						"4.0": [0, 0, 0]
					},
					"position": {
						"0.7917": [0, 0, 0],
						"3.625": {
							"pre": [0, 0, 0],
							"post": [0, 0, 0],
							"lerp_mode": "catmullrom"
						},
						"4.0": [0, 0, 0]
					}
				},
				"arm_right4": {
					"rotation": {
						"0.7917": [0, 0, 0],
						"1.375": {
							"pre": [-3.7006, 8.62172, -20.75497],
							"post": [-3.7006, 8.62172, -20.75497],
							"lerp_mode": "catmullrom"
						},
						"2.3333": {
							"post": [26.2994, 8.62172, -0.75497],
							"lerp_mode": "catmullrom"
						},
						"3.0417": {
							"post": [-3.7006, -8.62172, 20.75497],
							"lerp_mode": "catmullrom"
						},
						"3.625": {
							"post": [0, 0, 0],
							"lerp_mode": "catmullrom"
						},
						"4.0": [0, 0, 0]
					},
					"position": {
						"0.7917": [0, 0, 0],
						"3.625": {
							"pre": [0, 0, 0],
							"post": [0, 0, 0],
							"lerp_mode": "catmullrom"
						},
						"4.0": [0, 0, 0]
					}
				}
			}
		},
		"animation.tentango.blink": {
			"animation_length": 0.2083,
			"bones": {
				"eyelid_left": {
					"position": {
						"0.0": [3, 0, 0],
						"0.1667": [3, 0, 0],
						"0.2083": [0, 0, 0]
					}
				},
				"eyelid_right": {
					"position": {
						"0.0": [-3, 0, 0],
						"0.1667": [-3, 0, 0],
						"0.2083": [0, 0, 0]
					}
				}
			}
		},
		"animation.tentango.recoil": {
			"animation_length": 1,
			"bones": {
				"body": {
					"rotation": {
						"0.0": [0, 0, 0],
						"0.375": [0, 0, 0]
					},
					"position": {
						"0.0": [0, 0, 0],
						"0.125": {
							"pre": [0, 0, 1],
							"post": [0, 0, 1],
							"lerp_mode": "catmullrom"
						},
						"0.375": [0, 0, 0]
					}
				},
				"head": {
					"rotation": {
						"0.0": [0, 0, 0],
						"0.0833": {
							"pre": [-22.31142, -3.17381, -6.79884],
							"post": [-22.31142, -3.17381, -6.79884],
							"lerp_mode": "catmullrom"
						},
						"0.1667": {
							"post": [-22.31142, -3.17381, -6.79884],
							"lerp_mode": "catmullrom"
						},
						"0.375": [0, 0, 0]
					},
					"position": {
						"0.0": [0, 0, 0],
						"0.0833": {
							"pre": [-0.5, 0, 2],
							"post": [-0.5, 0, 2],
							"lerp_mode": "catmullrom"
						},
						"0.1667": {
							"post": [-0.5, 0, 2],
							"lerp_mode": "catmullrom"
						},
						"0.375": [0, 0, 0]
					}
				},
				"eye_left": {
					"scale": {
						"0.0": [1, 1, 1],
						"0.0833": {
							"pre": [1, 0.5, 1],
							"post": [1, 0.5, 1],
							"lerp_mode": "catmullrom"
						},
						"0.1667": {
							"post": [1, 0.5, 1],
							"lerp_mode": "catmullrom"
						},
						"0.375": [1, 1, 1]
					}
				},
				"eye_right": {
					"scale": {
						"0.0": [1, 1, 1],
						"0.0833": {
							"pre": [1, 0.5, 1],
							"post": [1, 0.5, 1],
							"lerp_mode": "catmullrom"
						},
						"0.1667": {
							"post": [1, 0.5, 1],
							"lerp_mode": "catmullrom"
						},
						"0.375": [1, 1, 1]
					}
				},
				"arm_left": {
					"rotation": {
						"0.0": [0, 0, 0],
						"0.0833": {
							"pre": [-35.48568, -16.51226, 25.71665],
							"post": [-35.48568, -16.51226, 25.71665],
							"lerp_mode": "catmullrom"
						},
						"0.2083": {
							"post": [-35.48568, -16.51226, 25.71665],
							"lerp_mode": "catmullrom"
						},
						"0.5417": [0, 0, 0]
					},
					"position": {
						"0.0": [0, 0, 0],
						"0.0833": {
							"pre": [0, 0, 0],
							"post": [0, 0, 0],
							"lerp_mode": "catmullrom"
						},
						"0.2083": {
							"post": [0, 0, 0],
							"lerp_mode": "catmullrom"
						},
						"0.5417": [0, 0, 0]
					}
				},
				"arm_left2": {
					"rotation": {
						"0.0": [0, 0, 0],
						"0.125": {
							"pre": [0, 0, 0],
							"post": [0, 0, 0],
							"lerp_mode": "catmullrom"
						},
						"0.25": {
							"post": [0, 0, 0],
							"lerp_mode": "catmullrom"
						},
						"0.5417": [0, 0, 0]
					},
					"position": {
						"0.0": [0, 0, 0],
						"0.125": {
							"pre": [0, 0, 0],
							"post": [0, 0, 0],
							"lerp_mode": "catmullrom"
						},
						"0.25": {
							"post": [0, 0, 0],
							"lerp_mode": "catmullrom"
						},
						"0.5417": [0, 0, 0]
					}
				},
				"arm_left3": {
					"rotation": {
						"0.0": [0, 0, 0],
						"0.1667": {
							"pre": [-82.5, 0, 0],
							"post": [-82.5, 0, 0],
							"lerp_mode": "catmullrom"
						},
						"0.2917": {
							"post": [-82.5, 0, 0],
							"lerp_mode": "catmullrom"
						},
						"0.5417": [0, 0, 0]
					},
					"position": {
						"0.0": [0, 0, 0],
						"0.1667": {
							"pre": [0, 0, 0],
							"post": [0, 0, 0],
							"lerp_mode": "catmullrom"
						},
						"0.2917": {
							"post": [0, 0, 0],
							"lerp_mode": "catmullrom"
						},
						"0.5417": [0, 0, 0]
					}
				},
				"arm_left4": {
					"rotation": {
						"0.0": [0, 0, 0],
						"0.2083": {
							"pre": [-77.5, 0, 0],
							"post": [-77.5, 0, 0],
							"lerp_mode": "catmullrom"
						},
						"0.3333": {
							"post": [-77.5, 0, 0],
							"lerp_mode": "catmullrom"
						},
						"0.5417": [0, 0, 0]
					},
					"position": {
						"0.0": [0, 0, 0],
						"0.2083": {
							"pre": [0, 0, 0],
							"post": [0, 0, 0],
							"lerp_mode": "catmullrom"
						},
						"0.3333": {
							"post": [0, 0, 0],
							"lerp_mode": "catmullrom"
						},
						"0.5417": [0, 0, 0]
					}
				},
				"arm_left5": {
					"rotation": {
						"0.0": [0, 0, 0],
						"0.25": {
							"pre": [-160, 0, 0],
							"post": [-160, 0, 0],
							"lerp_mode": "catmullrom"
						},
						"0.375": {
							"post": [-160, 0, 0],
							"lerp_mode": "catmullrom"
						},
						"0.5417": [0, 0, 0]
					},
					"position": {
						"0.0": [0, 0, 0],
						"0.25": {
							"pre": [0, 0, 1],
							"post": [0, 0, 1],
							"lerp_mode": "catmullrom"
						},
						"0.375": {
							"post": [0, 0, 1],
							"lerp_mode": "catmullrom"
						},
						"0.5417": [0, 0, 0]
					}
				},
				"arm_right": {
					"rotation": {
						"0.0": [0, 0, 0],
						"0.1667": {
							"pre": [-35.48568, 16.51226, -25.71665],
							"post": [-35.48568, 16.51226, -25.71665],
							"lerp_mode": "catmullrom"
						},
						"0.2917": {
							"post": [-35.48568, 16.51226, -25.71665],
							"lerp_mode": "catmullrom"
						},
						"0.625": [0, 0, 0]
					},
					"position": {
						"0.0": [0, 0, 0],
						"0.1667": {
							"pre": [0, 0, 0],
							"post": [0, 0, 0],
							"lerp_mode": "catmullrom"
						},
						"0.2917": {
							"post": [0, 0, 0],
							"lerp_mode": "catmullrom"
						},
						"0.625": [0, 0, 0]
					}
				},
				"arm_right2": {
					"rotation": {
						"0.0": [0, 0, 0],
						"0.2083": {
							"pre": [0, 0, 0],
							"post": [0, 0, 0],
							"lerp_mode": "catmullrom"
						},
						"0.3333": {
							"post": [0, 0, 0],
							"lerp_mode": "catmullrom"
						},
						"0.625": [0, 0, 0]
					},
					"position": {
						"0.0": [0, 0, 0],
						"0.2083": {
							"pre": [0, 0, 0],
							"post": [0, 0, 0],
							"lerp_mode": "catmullrom"
						},
						"0.3333": {
							"post": [0, 0, 0],
							"lerp_mode": "catmullrom"
						},
						"0.625": [0, 0, 0]
					}
				},
				"arm_right3": {
					"rotation": {
						"0.0": [0, 0, 0],
						"0.25": {
							"pre": [-82.5, 0, 0],
							"post": [-82.5, 0, 0],
							"lerp_mode": "catmullrom"
						},
						"0.375": {
							"post": [-82.5, 0, 0],
							"lerp_mode": "catmullrom"
						},
						"0.625": [0, 0, 0]
					},
					"position": {
						"0.0": [0, 0, 0],
						"0.25": {
							"pre": [0, 0, 0],
							"post": [0, 0, 0],
							"lerp_mode": "catmullrom"
						},
						"0.375": {
							"post": [0, 0, 0],
							"lerp_mode": "catmullrom"
						},
						"0.625": [0, 0, 0]
					}
				},
				"arm_right4": {
					"rotation": {
						"0.0": [0, 0, 0],
						"0.2917": {
							"pre": [-77.5, 0, 0],
							"post": [-77.5, 0, 0],
							"lerp_mode": "catmullrom"
						},
						"0.4167": {
							"post": [-77.5, 0, 0],
							"lerp_mode": "catmullrom"
						},
						"0.625": [0, 0, 0]
					},
					"position": {
						"0.0": [0, 0, 0],
						"0.2917": {
							"pre": [0, 0, 0],
							"post": [0, 0, 0],
							"lerp_mode": "catmullrom"
						},
						"0.4167": {
							"post": [0, 0, 0],
							"lerp_mode": "catmullrom"
						},
						"0.625": [0, 0, 0]
					}
				},
				"arm_right5": {
					"rotation": {
						"0.0": [0, 0, 0],
						"0.3333": {
							"pre": [-160, 0, 0],
							"post": [-160, 0, 0],
							"lerp_mode": "catmullrom"
						},
						"0.4583": {
							"post": [-160, 0, 0],
							"lerp_mode": "catmullrom"
						},
						"0.625": [0, 0, 0]
					},
					"position": {
						"0.0": [0, 0, 0],
						"0.3333": {
							"pre": [0, 0, 1],
							"post": [0, 0, 1],
							"lerp_mode": "catmullrom"
						},
						"0.4583": {
							"post": [0, 0, 1],
							"lerp_mode": "catmullrom"
						},
						"0.625": [0, 0, 0]
					}
				},
				"berry_1": {
					"rotation": {
						"0.0": [0, 0, 0],
						"0.125": {
							"pre": [-19.8598, 0.22524, 12.48616],
							"post": [-19.8598, 0.22524, 12.48616],
							"lerp_mode": "catmullrom"
						},
						"0.2083": {
							"post": [-19.8598, 0.22524, 12.48616],
							"lerp_mode": "catmullrom"
						},
						"0.375": [0, 0, 0]
					},
					"position": {
						"0.0": [0, 0, 0],
						"0.125": {
							"pre": [-0.5, 0, 1.25],
							"post": [-0.5, 0, 1.25],
							"lerp_mode": "catmullrom"
						},
						"0.2083": {
							"post": [-0.5, 0, 1.25],
							"lerp_mode": "catmullrom"
						},
						"0.375": [0, 0, 0]
					}
				},
				"berry_2": {
					"rotation": {
						"0.0": [0, 0, 0],
						"0.125": {
							"pre": [-12.28718, -2.5123, -9.68238],
							"post": [-12.28718, -2.5123, -9.68238],
							"lerp_mode": "catmullrom"
						},
						"0.375": [0, 0, 0]
					},
					"position": {
						"0.0": [0, 0, 0],
						"0.375": [0, 0, 0]
					}
				}
			}
		},
		"animation.tentango.cry": {
			"animation_length": 1.25,
			"bones": {
				"head": {
					"rotation": {
						"0.0": [0, 0, 0],
						"0.0833": {
							"pre": [7.5, 0, 0],
							"post": [7.5, 0, 0],
							"lerp_mode": "catmullrom"
						},
						"0.1667": {
							"post": [-10, 0, 0],
							"lerp_mode": "catmullrom"
						},
						"0.375": {
							"post": [0, 0, 0],
							"lerp_mode": "catmullrom"
						},
						"0.4583": {
							"post": [2.5, 0, 0],
							"lerp_mode": "catmullrom"
						},
						"0.5417": {
							"post": [0, 0, 0],
							"lerp_mode": "catmullrom"
						},
						"0.625": {
							"post": [-10, 0, 0],
							"lerp_mode": "catmullrom"
						},
						"1.0": [0, 0, 0]
					},
					"scale": {
						"0.0": [1, 1, 1],
						"0.0833": {
							"pre": [1.1, 1, 1],
							"post": [1.1, 1, 1],
							"lerp_mode": "catmullrom"
						},
						"0.1667": {
							"post": [1, 1.1, 1],
							"lerp_mode": "catmullrom"
						},
						"0.375": {
							"post": [1, 1, 1],
							"lerp_mode": "catmullrom"
						},
						"0.4583": {
							"post": [1.1, 1, 1],
							"lerp_mode": "catmullrom"
						},
						"0.5417": {
							"post": [1, 1.1, 1],
							"lerp_mode": "catmullrom"
						},
						"0.625": {
							"post": [1, 1.1, 1],
							"lerp_mode": "catmullrom"
						},
						"1.0": [1, 1, 1]
					}
				},
				"arm_left": {
					"rotation": {
						"0.0": [0, 0, 0],
						"0.0833": {
							"pre": [0, 0, 0],
							"post": [0, 0, 0],
							"lerp_mode": "catmullrom"
						},
						"0.1667": {
							"post": [7.5, 0, 0],
							"lerp_mode": "catmullrom"
						},
						"0.25": {
							"post": [-10, 0, 0],
							"lerp_mode": "catmullrom"
						},
						"0.4583": {
							"post": [0, 0, 0],
							"lerp_mode": "catmullrom"
						},
						"0.5417": {
							"post": [2.5, 0, 0],
							"lerp_mode": "catmullrom"
						},
						"0.625": {
							"post": [0, 0, 0],
							"lerp_mode": "catmullrom"
						},
						"0.7083": {
							"post": [-10, 0, 0],
							"lerp_mode": "catmullrom"
						},
						"1.0833": [0, 0, 0]
					}
				},
				"arm_left2": {
					"rotation": {
						"0.0": [0, 0, 0],
						"0.1667": {
							"pre": [0, 0, 0],
							"post": [0, 0, 0],
							"lerp_mode": "catmullrom"
						},
						"0.25": {
							"post": [7.5, 0, 0],
							"lerp_mode": "catmullrom"
						},
						"0.3333": {
							"post": [-10, 0, 0],
							"lerp_mode": "catmullrom"
						},
						"0.5417": {
							"post": [0, 0, 0],
							"lerp_mode": "catmullrom"
						},
						"0.625": {
							"post": [2.5, 0, 0],
							"lerp_mode": "catmullrom"
						},
						"0.7083": {
							"post": [0, 0, 0],
							"lerp_mode": "catmullrom"
						},
						"0.7917": {
							"post": [-10, 0, 0],
							"lerp_mode": "catmullrom"
						},
						"1.1667": [0, 0, 0]
					}
				},
				"arm_left3": {
					"rotation": {
						"0.0": [0, 0, 0],
						"0.25": {
							"pre": [0, 0, 0],
							"post": [0, 0, 0],
							"lerp_mode": "catmullrom"
						},
						"0.3333": {
							"post": [7.5, 0, 0],
							"lerp_mode": "catmullrom"
						},
						"0.4167": {
							"post": [-10, 0, 0],
							"lerp_mode": "catmullrom"
						},
						"0.625": {
							"post": [0, 0, 0],
							"lerp_mode": "catmullrom"
						},
						"0.7083": {
							"post": [2.5, 0, 0],
							"lerp_mode": "catmullrom"
						},
						"0.7917": {
							"post": [0, 0, 0],
							"lerp_mode": "catmullrom"
						},
						"0.875": {
							"post": [-10, 0, 0],
							"lerp_mode": "catmullrom"
						},
						"1.25": [0, 0, 0]
					}
				},
				"arm_right": {
					"rotation": {
						"0.0": [0, 0, 0],
						"0.0833": {
							"pre": [0, 0, 0],
							"post": [0, 0, 0],
							"lerp_mode": "catmullrom"
						},
						"0.1667": {
							"post": [7.5, 0, 0],
							"lerp_mode": "catmullrom"
						},
						"0.25": {
							"post": [-10, 0, 0],
							"lerp_mode": "catmullrom"
						},
						"0.4583": {
							"post": [0, 0, 0],
							"lerp_mode": "catmullrom"
						},
						"0.5417": {
							"post": [2.5, 0, 0],
							"lerp_mode": "catmullrom"
						},
						"0.625": {
							"post": [0, 0, 0],
							"lerp_mode": "catmullrom"
						},
						"0.7083": {
							"post": [-10, 0, 0],
							"lerp_mode": "catmullrom"
						},
						"1.0833": [0, 0, 0]
					}
				},
				"arm_right2": {
					"rotation": {
						"0.0": [0, 0, 0],
						"0.1667": {
							"pre": [0, 0, 0],
							"post": [0, 0, 0],
							"lerp_mode": "catmullrom"
						},
						"0.25": {
							"post": [7.5, 0, 0],
							"lerp_mode": "catmullrom"
						},
						"0.3333": {
							"post": [-10, 0, 0],
							"lerp_mode": "catmullrom"
						},
						"0.5417": {
							"post": [0, 0, 0],
							"lerp_mode": "catmullrom"
						},
						"0.625": {
							"post": [2.5, 0, 0],
							"lerp_mode": "catmullrom"
						},
						"0.7083": {
							"post": [0, 0, 0],
							"lerp_mode": "catmullrom"
						},
						"0.7917": {
							"post": [-10, 0, 0],
							"lerp_mode": "catmullrom"
						},
						"1.1667": [0, 0, 0]
					}
				},
				"arm_right3": {
					"rotation": {
						"0.0": [0, 0, 0],
						"0.25": {
							"pre": [0, 0, 0],
							"post": [0, 0, 0],
							"lerp_mode": "catmullrom"
						},
						"0.3333": {
							"post": [7.5, 0, 0],
							"lerp_mode": "catmullrom"
						},
						"0.4167": {
							"post": [-10, 0, 0],
							"lerp_mode": "catmullrom"
						},
						"0.625": {
							"post": [0, 0, 0],
							"lerp_mode": "catmullrom"
						},
						"0.7083": {
							"post": [2.5, 0, 0],
							"lerp_mode": "catmullrom"
						},
						"0.7917": {
							"post": [0, 0, 0],
							"lerp_mode": "catmullrom"
						},
						"0.875": {
							"post": [-10, 0, 0],
							"lerp_mode": "catmullrom"
						},
						"1.25": [0, 0, 0]
					}
				}
			},
			"sound_effects": {
				"0.0": {
					"effect": "pokemon.tentango.cry"
				}
			}
		},
		"animation.tentango.walktest": {
			"loop": true,
			"animation_length": 6,
			"bones": {
				"body": {
					"position": [0, 0, "30-q.anim_time*15"]
				}
			}
		},
		"animation.tentango.ground_walk_scrapped": {
			"loop": true,
			"animation_length": 1,
			"bones": {
				"body": {
					"rotation": {
						"0.0": [0, 0, 0],
						"0.25": [20, 0, 0],
						"0.5": {
							"pre": [0, 0, 0],
							"post": [0, 0, 0],
							"lerp_mode": "catmullrom"
						},
						"0.75": [-20, 0, 0],
						"1.0": [0, 0, 0]
					},
					"position": {
						"0.0": [0, 0, 0],
						"0.125": [0, -1, 2],
						"0.25": [0, 0, 4],
						"0.5": {
							"pre": [0, 0, 0],
							"post": [0, 0, 0],
							"lerp_mode": "catmullrom"
						},
						"0.75": [0, 0, -4],
						"1.0": [0, 0, 0]
					},
					"scale": {
						"0.0": [1, 1, 1],
						"0.125": [1, 0.8, 1],
						"0.2083": [1, 1, 1]
					}
				},
				"berry_2": {
					"rotation": {
						"0.0": [0, 0, 0],
						"0.25": [-20, 0, 0],
						"0.4167": [0, 0, 0],
						"0.8333": [0, 0, 0],
						"0.875": [10, 0, 0],
						"1.0": [0, 0, 0]
					},
					"position": {
						"0.0": [0, 0, 0],
						"0.25": [0, 0, 0],
						"0.4167": {
							"pre": [0, 4, 0],
							"post": [0, 4, 0],
							"lerp_mode": "catmullrom"
						},
						"0.5833": {
							"post": [0, 5, 0],
							"lerp_mode": "catmullrom"
						},
						"0.8333": [0, 0, 0],
						"1.0": [0, 0, 0]
					}
				},
				"berry_1": {
					"rotation": {
						"0.0": [0, 0, 0],
						"0.1667": [-12.5, 0, 0],
						"0.3333": [0, 0, 0],
						"0.8333": [0, 0, 0],
						"0.9167": [0, 0, 0],
						"1.0": [0, 0, 0]
					},
					"position": {
						"0.0": [0, 0, 0],
						"0.1667": [0, 0, 1],
						"0.3333": {
							"pre": [0, 4, 0],
							"post": [0, 4, 0],
							"lerp_mode": "catmullrom"
						},
						"0.625": {
							"post": [0, 5, 0],
							"lerp_mode": "catmullrom"
						},
						"0.8333": [0, 0, 0],
						"0.9167": {
							"pre": [0, -1, 0],
							"post": [0, -1, 0],
							"lerp_mode": "catmullrom"
						},
						"1.0": [0, 0, 0]
					}
				},
				"head": {
					"position": {
						"0.0": [0, 0, 0],
						"0.125": [0, 0, 0],
						"0.2917": {
							"pre": [0, 5, 0],
							"post": [0, 5, 0],
							"lerp_mode": "catmullrom"
						},
						"0.6667": {
							"post": [0, 5, 0],
							"lerp_mode": "catmullrom"
						},
						"0.8333": [0, 0, 0],
						"0.9167": {
							"pre": [0, -1, 0],
							"post": [0, -1, 0],
							"lerp_mode": "catmullrom"
						},
						"1.0": [0, 0, 0]
					}
				},
				"ear_left": {
					"rotation": [0, "-20-math.sin(q.anim_time*90*4-90)*20", 0]
				},
				"ear_right": {
					"rotation": [0, "20+math.sin(q.anim_time*90*4-90)*20", 0]
				},
				"arm_left": {
					"rotation": ["39.059+math.sin(q.anim_time*90*4-90)*40", -8.42106, -20.94102],
					"position": [1, 0, 0]
				},
				"arm_left2": {
					"rotation": ["-45+math.sin(q.anim_time*90*4-90-30)*30-math.sin(q.anim_time*90*4-90)*30", 0, 0]
				},
				"arm_left3": {
					"rotation": ["35+math.sin(q.anim_time*90*4-90-30*2)*30-math.sin(q.anim_time*90*4-90-30*1)*30", 0, 0]
				},
				"arm_left4": {
					"rotation": ["45+math.sin(q.anim_time*90*4-90-30*3)*50-math.sin(q.anim_time*90*4-90-30*2)*30", 0, 0]
				},
				"arm_right": {
					"rotation": ["39.059+math.sin(q.anim_time*90*4-90)*40", 8.42106, 20.94102],
					"position": [-1, 0, 0]
				},
				"arm_right2": {
					"rotation": ["-45+math.sin(q.anim_time*90*4-90-30)*30-math.sin(q.anim_time*90*4-90)*30", 0, 0]
				},
				"arm_right3": {
					"rotation": ["35+math.sin(q.anim_time*90*4-90-30*2)*30-math.sin(q.anim_time*90*4-90-30*1)*30", 0, 0]
				},
				"arm_right4": {
					"rotation": ["45+math.sin(q.anim_time*90*4-90-30*3)*50-math.sin(q.anim_time*90*4-90-30*2)*30", 0, 0]
				}
			}
		}
	}
}