{
	"format_version": "1.8.0",
	"animations": {
		"animation.shucklegalar.ground_idle": {
			"loop": true,
			"bones": {
				"body": {
					"rotation": [0, 0, "0+Math.cos((query.anim_time) * 90 * 2) * 1"],
					"position": [0, "0+Math.cos((query.anim_time) * 90 * 4) * -0.1", 0]
				},
				"neck1": {
					"rotation": [35, 0, "0+Math.cos((query.anim_time-0.2) * 90 * 2) * 2"]
				},
				"neck2": {
					"rotation": [-27.5, 0, "0+Math.cos((query.anim_time-0.4) * 90 * 2) * 1"]
				},
				"head": {
					"rotation": [-7.5, 0, "0+Math.cos((query.anim_time) * 90 * 2) * -2"]
				},
				"arm_right_front": {
					"rotation": ["17.5+Math.cos((query.anim_time) * 90 * 2) * 2", 0, 0],
					"position": [0, "0+Math.cos((query.anim_time-0.1) * 90 * 4) * 0.1", 0]
				},
				"arm_right_front2": {
					"rotation": [-20, 0, 0]
				},
				"arm_left_front": {
					"rotation": ["17.5+Math.cos((query.anim_time) * 90 * 2) * -2", 0, 0],
					"position": [0, "0+Math.cos((query.anim_time-0.1) * 90 * 4) * 0.1", 0]
				},
				"arm_left_front2": {
					"rotation": [-20, 0, 0]
				},
				"arm_left_back": {
					"rotation": ["-17.5+Math.cos((query.anim_time) * 90 * 2) * 2", 0, 0],
					"position": [0, "0+Math.cos((query.anim_time-0.1) * 90 * 4) * 0.1", 0]
				},
				"arm_left_back2": {
					"rotation": [20, 0, 0]
				},
				"arm_right_back": {
					"rotation": ["-17.5+Math.cos((query.anim_time) * 90 * 2) * -2", 0, 0],
					"position": [0, "0+Math.cos((query.anim_time-0.1) * 90 * 4) * 0.1", 0]
				},
				"arm_right_back2": {
					"rotation": [20, 0, 0]
				},
				"FullCanon": {
					"scale": 0
				},
				"Spikes": {
					"scale": 1
				}
			}
		},
		"animation.shucklegalar.ground_walk": {
			"loop": true,
			"animation_length": 1.5,
			"bones": {
				"body": {
					"rotation": [
						"0+Math.cos((query.anim_time+0.3) * 90 * (8/3)*2) * 2+Math.cos((query.anim_time+0.1) * 90 * (8/3)*4) * 0.2",
						0,
						"0+Math.cos((query.anim_time+0.1) * 90 * (8/3)*1) * 4+Math.cos((query.anim_time+0.1) * 90 * (8/3)*3) * 0.2"
					],
					"position": [
						0,
						"0.1+0.7*math.clamp(math.cos((q.anim_time+0.25)*90*(8/3)*2)*1.3+0.1,-0.5,0.2)+0.4*math.clamp(math.cos((q.anim_time+0.25)*90*(8/3)*2)*1.1+0.2,0.3,2)+0.3*math.clamp(math.cos((q.anim_time+1)*90*(8/3)*2)*1.3+0.5,-0.9,0.0)",
						"math.cos((q.anim_time+1)*90*(8/3)*2)*0.4"
					]
				},
				"neck1": {
					"rotation": ["25+Math.cos((query.anim_time-0.2) * 90 * (8/3)*2) * -5", 0, "Math.cos((query.anim_time-0.1) * 90 * (8/3)*1) * -4"]
				},
				"neck2": {
					"rotation": ["-22.5+Math.cos((query.anim_time-0.4) * 90 * (8/3)*2) * -4", 0, 0]
				},
				"head": {
					"rotation": ["0+Math.cos((query.anim_time+0.6) * 90 * (8/3)*2) * 3", 0, 0]
				},
				"arm_right_front": {
					"rotation": {
						"0.0": [13.62, 25.05, -6.13],
						"0.0833": [11.52, 29.4, -6.11],
						"0.25": [-11.78, 25.36, -6.09],
						"0.4167": [-14.98, 12.33, -6.07],
						"0.5": [-14.28, -5.71, -6.05],
						"0.625": [-13.76, -16.86, -6.04],
						"0.75": [-9.62498, -22.17172, -6.01939],
						"0.9167": [2.36, -18.12, -6.06],
						"1.0833": [14.33674, -4.06093, -6.10998],
						"1.3333": [17.80763, 16.33801, -6.16513],
						"1.5": [13.62, 25.05, -6.13]
					}
				},
				"arm_right_front2": {
					"rotation": {
						"0.0": [-7.92, 0, 0],
						"0.0833": [-13.77, 0, 0],
						"0.3333": [-25.42, 0, 0],
						"0.5833": [-23.78, 0, 0],
						"0.75": [-17.5, 0, 0],
						"1.0833": [-10, 0, 0],
						"1.4583": [-5, 0, 0],
						"1.5": [-7.92, 0, 0]
					}
				},
				"arm_left_front": {
					"rotation": {
						"0.0": [-9.62498, 22.17172, 6.01939],
						"0.1667": [2.36, 18.12, 6.06],
						"0.3333": [14.33674, 4.06093, 6.10998],
						"0.5833": [17.80763, -16.33801, 6.16513],
						"0.8333": [11.52, -29.4, 6.11],
						"1.0": [-11.78, -25.36, 6.09],
						"1.1667": [-14.98, -12.33, 6.07],
						"1.25": [-14.28, 5.71, 6.05],
						"1.375": [-13.76, 16.86, 6.04],
						"1.5": [-9.62498, 22.17172, 6.01939]
					}
				},
				"arm_left_front2": {
					"rotation": {
						"0.0": [-17.5, 0, 0],
						"0.3333": [-10, 0, 0],
						"0.7083": [-10, 0, 0],
						"0.8333": [-13.77, 0, 0],
						"1.0833": [-25.42, 0, 0],
						"1.3333": [-23.78, 0, 0],
						"1.5": [-17.5, 0, 0]
					}
				},
				"arm_left_back": {
					"rotation": {
						"0.0": [-13.62, -3.05, -6.13],
						"0.0833": [-11.52, -7.4, -6.11],
						"0.25": [2.78, -3.36, -6.09],
						"0.4167": [6.98, 9.67, -6.07],
						"0.5": [7.28, 27.71, -6.05],
						"0.625": [6.76, 38.86, -6.04],
						"0.75": [2.62498, 44.17172, -6.01939],
						"0.9167": [-4.36, 40.12, -6.06],
						"1.0833": [-14.33674, 26.06093, -6.10998],
						"1.3333": [-17.80763, 5.66199, -6.16513],
						"1.5": [-13.62, -3.05, -6.13]
					}
				},
				"arm_left_back2": {
					"rotation": {
						"0.0": [22.92, 0, 0],
						"0.0833": [21.27, 0, 0],
						"0.3333": [25.42, 0, 0],
						"0.5833": [23.78, 0, 0],
						"0.75": [17.5, 0, 0],
						"1.0833": [10, 0, 0],
						"1.4583": [20, 0, 0],
						"1.5": [22.92, 0, 0]
					}
				},
				"arm_right_back": {
					"rotation": {
						"0.0": [-6.37502, -32.17172, 6.01939],
						"0.1667": [-13.36, -28.12, 6.06],
						"0.3333": [-23.33674, -14.06093, 6.10998],
						"0.5833": [-26.80763, 6.33801, 6.16513],
						"0.8333": [-10.52, 19.4, 6.11],
						"1.0": [-4.22, 15.36, 6.09],
						"1.1667": [-1.02, 2.33, 6.07],
						"1.25": [-0.72, -15.71, 6.05],
						"1.375": [-2.24, -26.86, 6.04],
						"1.5": [-6.37502, -32.17172, 6.01939]
					}
				},
				"arm_right_back2": {
					"rotation": {
						"0.0": [17.5, 0, 0],
						"0.3333": [10, 0, 0],
						"0.7083": [25, 0, 0],
						"0.8333": [25.77, 0, 0],
						"1.0833": [25.42, 0, 0],
						"1.3333": [23.78, 0, 0],
						"1.5": [17.5, 0, 0]
					}
				},
				"FullCanon": {
					"scale": 0
				}
			}
		},
		"animation.shucklegalar.faint": {
			"loop": true,
			"animation_length": 3,
			"bones": {
				"body": {
					"rotation": {
						"0.0": [0, 0, 0],
						"0.5417": {
							"pre": [2.4221, 13.47806, 7.03625],
							"post": [2.4221, 13.47806, 7.03625],
							"lerp_mode": "catmullrom"
						},
						"0.75": {
							"post": [0.75563, 16.28644, 8.21597],
							"lerp_mode": "catmullrom"
						},
						"0.8333": {
							"post": [-2.36106, 14.14524, 9.10434],
							"lerp_mode": "catmullrom"
						},
						"0.9583": {
							"post": [-5.72511, 29.4987, -2.95839],
							"lerp_mode": "catmullrom"
						},
						"1.0": {
							"post": [0, 7.97, 8],
							"lerp_mode": "catmullrom"
						},
						"1.0833": [0, -103.125, -1.825],
						"1.3333": [0, -227.2, -9.65],
						"1.5417": [0, -301.42, -12.1],
						"1.625": [-1.05909, -322.09138, -21.55266],
						"1.75": [-0.97589, -342.83188, -24.28743],
						"1.875": [-1.1658, -351.88278, -18.16914],
						"1.9583": [-0.58856, -355.61358, -4.27293],
						"2.0833": [0.38278, -355.59579, 4.36462],
						"2.2083": [0.15145, -355.57751, 5.83072],
						"2.3333": [-0.31257, -355.58596, 2.06282],
						"2.4167": [-0.52438, -355.60626, -0.69524],
						"2.4583": [-0.31255, -355.5863, 2.06283],
						"2.5417": [-0.53394, -355.60774, -0.8206],
						"2.5833": [-0.42824, -355.59566, 0.5584]
					},
					"position": {
						"0.0": [0, 0, 0],
						"0.9167": [0, 0, 0],
						"0.9583": [-0.925, 0, 0],
						"1.0": [-1.675, 0, 0],
						"1.0417": [1.5, 0.7, 4.855],
						"1.1667": [7.5, 2.725, 11.715],
						"1.2917": [10.5, 3, 15.57],
						"1.375": [11, 2.225, 18.125],
						"1.4583": [8.91, 0.4, 19.765],
						"1.5417": [5.4, 0, 20.35],
						"1.75": [1.275, 0.75, 21],
						"1.9167": [-0.6, 0, 21],
						"2.0": [-0.05, -0.45, 21],
						"2.0833": [0.825, -0.135, 21],
						"2.125": [0.825, 0.075, 21],
						"2.2083": [0.65, 0.17, 21],
						"2.2917": [0.475, 0.07, 21],
						"2.375": [-0.18, -0.055, 21],
						"2.6667": [-0.18, -0.355, 21]
					}
				},
				"neck1": {
					"rotation": {
						"0.0": [27.5, 0, 0],
						"0.25": {
							"pre": [25.68456, -8.53659, 13.34354],
							"post": [25.68456, -8.53659, 13.34354],
							"lerp_mode": "catmullrom"
						},
						"0.5417": {
							"post": [34.1207, -4.17834, 6.27339],
							"lerp_mode": "catmullrom"
						},
						"0.8333": {
							"post": [14.10333, -2.27943, -2.53584],
							"lerp_mode": "catmullrom"
						},
						"0.9167": {
							"post": [27.5, 0, 6.725],
							"lerp_mode": "catmullrom"
						},
						"1.0": {
							"post": [6.10443, 3.16852, -13.41683],
							"lerp_mode": "catmullrom"
						},
						"1.0833": {
							"post": [0, 0, -41],
							"lerp_mode": "catmullrom"
						},
						"1.25": [0, 0, -41],
						"1.4583": [0, 0, 0]
					},
					"position": {
						"0.0": [0, 0, 0],
						"0.7083": {
							"pre": [-0.5, 0, 0.5],
							"post": [-0.5, 0, 0.5],
							"lerp_mode": "catmullrom"
						},
						"1.2917": {
							"post": [0, 0, 0],
							"lerp_mode": "catmullrom"
						},
						"1.4583": [0, -4.75, 3.75]
					}
				},
				"neck2": {
					"rotation": {
						"0.0": [0, 0, 0],
						"0.2917": {
							"pre": [-21.09, 0, 11.825],
							"post": [-21.09, 0, 11.825],
							"lerp_mode": "catmullrom"
						},
						"0.625": {
							"post": [-2.8109, 1.77789, 1.75787],
							"lerp_mode": "catmullrom"
						},
						"0.875": {
							"post": [-45.33818, 0, -3.75],
							"lerp_mode": "catmullrom"
						},
						"1.0833": {
							"post": [-41.30425, -31.16686, -30.49835],
							"lerp_mode": "catmullrom"
						},
						"1.25": [-50, 0, -26.825],
						"1.4583": [0, 0, 0]
					},
					"position": {
						"1.25": [0, 0, 0],
						"1.4583": [0, -6, 0]
					}
				},
				"head": {
					"rotation": {
						"0.0": [0, 0, 0],
						"0.2917": [-14.25, 0, 0],
						"0.6667": [-19.25, 0, 0],
						"1.0": [19.75, 0, 0],
						"1.2917": [-20.25, 0, 0],
						"1.5": [0, 0, 0]
					},
					"position": {
						"1.2917": [0, 0, 0],
						"1.4167": [1, -3.45, -3.1],
						"1.4583": [0.5, -4.47, 1.595],
						"1.5": [0, -5.5, 2.25]
					}
				},
				"eyeopen_right": {
					"position": [0, 0, 0.15]
				},
				"eyeclosed_right": {
					"position": [0, 0, -0.15]
				},
				"eyeopen_left": {
					"position": [0, 0, 0.15]
				},
				"eyeclosed_left": {
					"position": [0, 0, -0.15]
				},
				"jaw": {
					"rotation": {
						"0.0": [0, 0, 0],
						"0.25": [40, 0, 0],
						"0.5": [50, 0, 0],
						"0.8333": [34.5, 0, 0],
						"1.0": [62.5, 0, 0],
						"1.0417": [7.5, 0, 0]
					}
				},
				"arm_right_front": {
					"rotation": {
						"0.0": [0, 0, 0],
						"0.375": [18.92808, -24.01534, 2.95651],
						"0.9583": [67.72329, 6.61403, 66.32415],
						"1.0833": [8.91488, 20.53427, -10.38266]
					},
					"position": {
						"1.1667": [0, 0, 0],
						"1.25": [10, 3, 3.5]
					}
				},
				"arm_right_front2": {
					"rotation": {
						"0.0": [0, 0, 0],
						"0.5833": [-9.29264, -23.67109, 5.22193],
						"0.9583": [-11.50839, -29.4987, 5.72511],
						"1.0833": [-2.50933, 2.462, -0.43439]
					},
					"position": {
						"1.25": [0, 0, 0],
						"1.3333": [2, 0, 4]
					}
				},
				"arm_left_front": {
					"rotation": {
						"0.0": [0, 0, 0],
						"0.2917": [5.7186, 35.27639, -8.44699],
						"0.625": [11.39744, 5.84843, -17.44293],
						"0.875": [8.35612, 27.00844, -13.27558],
						"1.0417": [7.19142, 46.8293, -10.34954]
					},
					"position": {
						"1.125": [0, 0, 0],
						"1.2083": [-3, 1, 7]
					}
				},
				"arm_left_front2": {
					"rotation": {
						"0.0": [0, 0, 0],
						"0.4583": [0, 44.25, 0],
						"1.0": [0, 61.5, 0]
					}
				},
				"arm_left_back": {
					"rotation": {
						"0.0": [0, 0, 0],
						"0.5": {
							"pre": [3.86517, -9.12249, 4.44387],
							"post": [3.86517, -9.12249, 4.44387],
							"lerp_mode": "catmullrom"
						},
						"0.6667": {
							"post": [1.74932, 4.08166, -1.6625],
							"lerp_mode": "catmullrom"
						},
						"0.875": {
							"post": [-12.14548, 20.58683, -9.29547],
							"lerp_mode": "catmullrom"
						},
						"0.9583": [4.25749, 12.83179, 13.01029]
					},
					"position": {
						"1.125": [0, 0, 0],
						"1.2083": [-9, 3, -4]
					}
				},
				"arm_left_back2": {
					"rotation": {
						"0.0": [0, 0, 0],
						"0.4583": [0, -19.39, 0],
						"0.9583": [0, -25, 0],
						"1.0417": [0, 0, 0]
					}
				},
				"arm_right_back": {
					"rotation": {
						"0.0": [0, 0, 0],
						"0.5": [-8.13483, 9.12249, -4.44387],
						"0.8333": [-14.35, 11.07, -6.4],
						"0.9583": [-9.01826, 20.01724, 5.98689],
						"1.0417": [-9.74251, -12.83179, -13.01029]
					},
					"position": {
						"1.125": [0, 0, 0],
						"1.2083": [9, 3, -4]
					}
				},
				"arm_right_back2": {
					"rotation": {
						"0.0": [0, 0, 0],
						"0.4583": [0, 19.39, 0],
						"0.9583": [0, 25, 0],
						"1.0417": [0, 0, 0]
					}
				},
				"FullCanon": {
					"scale": 0
				}
			}
		},
		"animation.shucklegalar.sleep": {
			"loop": true,
			"bones": {
				"body": {
					"rotation": ["0+Math.cos((query.anim_time) * 90 * 1) * 1", 0, 0]
				},
				"neck1": {
					"rotation": [27.5, 0, 0],
					"position": [0, -6, 3]
				},
				"head": {
					"rotation": ["13.3384+Math.cos((query.anim_time-0.5) * 90 * 1) * -2", 5.66558, -5.71222],
					"position": [0, -1, 0]
				},
				"eyeopen_right": {
					"position": [0, 0, 0.125]
				},
				"eyeclosed_right": {
					"position": [0, 0, -0.175]
				},
				"eyeopen_left": {
					"position": [0, 0, 0.125]
				},
				"eyeclosed_left": {
					"position": [0, 0, -0.175]
				},
				"arm_right_front": {
					"rotation": [37.45383, "-69.4208+Math.cos((query.anim_time-0.2) * 90 * 1) * 2", 74.63474],
					"position": [1, 0.25, 3.25]
				},
				"arm_right_front2": {
					"rotation": [-42.5, 0, 0]
				},
				"arm_left_front": {
					"rotation": [37.45383, "69.4208+Math.cos((query.anim_time-0.2) * 90 * 1) * -2", -74.63474],
					"position": [-1, 0.25, 3.25]
				},
				"arm_left_front2": {
					"rotation": [-42.5, 0, 0]
				},
				"arm_left_back": {
					"position": [-5, 0, -3.25]
				},
				"arm_left_back2": {
					"rotation": [-15.50409, -14.47751, 3.96713]
				},
				"arm_right_back": {
					"position": [5, 0, -3.25]
				},
				"arm_right_back2": {
					"rotation": [-15.50409, 14.47751, -3.96713]
				},
				"FullCanon": {
					"scale": 0
				}
			}
		},
		"animation.shucklegalar.blink": {
			"animation_length": 0.20833,
			"bones": {
				"eyeopen_right": {
					"position": {
						"0.0": [0, 0, 0.175],
						"0.1667": [0, 0, 0.175],
						"0.2083": [0, 0, 0]
					}
				},
				"eyeclosed_right": {
					"position": {
						"0.0": [0, 0, -0.2],
						"0.1667": [0, 0, -0.2],
						"0.2083": [0, 0, 0]
					}
				},
				"eyeopen_left": {
					"position": {
						"0.0": [0, 0, 0.175],
						"0.1667": [0, 0, 0.175],
						"0.2083": [0, 0, 0]
					}
				},
				"eyeclosed_left": {
					"position": {
						"0.0": [0, 0, -0.2],
						"0.1667": [0, 0, -0.2],
						"0.2083": [0, 0, 0]
					}
				},
				"FullCanon": {
					"scale": 1
				}
			}
		},
		"animation.shucklegalar.cry": {
			"animation_length": 1.25,
			"bones": {
				"neck1": {
					"rotation": {
						"0.0": [0, 0, 0],
						"0.125": [19.625, 0, 0],
						"0.25": [5, 0, 0],
						"0.9167": [2.5, 0, 0],
						"1.25": [0, 0, 0]
					}
				},
				"neck2": {
					"rotation": {
						"0.0": [0, 0, 0],
						"0.2083": [-6.4, 0, 0],
						"0.375": [-20, 0, 0],
						"0.5417": [-22.5, 0, 0],
						"0.9167": [-20.375, 0, 0],
						"1.0833": [-3.75, 0, 0],
						"1.25": [0, 0, 0]
					}
				},
				"jaw": {
					"rotation": {
						"0.0": [0, 0, 0],
						"0.2083": [9.8, 0, 0],
						"0.3333": [45, 0, 0],
						"0.875": [45, 0, 0],
						"1.0417": [7.5, 0, 0],
						"1.25": [0, 0, 0]
					}
				}
			},
			"sound_effects": {
				"0.2083": {
					"effect": "pokemon.shucklegalar.cry"
				}
			}
		},
		"animation.shucklegalar.battle_idle": {
			"loop": true,
			"bones": {
				"body": {
					"rotation": [0, 0, "0+Math.cos((query.anim_time) * 90 * 2) * 1"],
					"position": [0, "0+Math.cos((query.anim_time) * 90 * 4) * -0.1", 0]
				},
				"neck1": {
					"rotation": [35, 0, "0+Math.cos((query.anim_time-0.2) * 90 * 2) * 2"]
				},
				"neck2": {
					"rotation": [-27.5, 0, "0+Math.cos((query.anim_time-0.4) * 90 * 2) * 1"]
				},
				"head": {
					"rotation": [-7.5, 0, "0+Math.cos((query.anim_time) * 90 * 2) * -2"]
				},
				"Spikes": {
					"scale": 1
				},
				"arm_right_front": {
					"rotation": ["17.5+Math.cos((query.anim_time) * 90 * 2) * 2", 0, 0],
					"position": [0, "0+Math.cos((query.anim_time-0.1) * 90 * 4) * 0.1", 0]
				},
				"arm_right_front2": {
					"rotation": [-20, 0, 0]
				},
				"arm_left_front": {
					"rotation": ["17.5+Math.cos((query.anim_time) * 90 * 2) * -2", 0, 0],
					"position": [0, "0+Math.cos((query.anim_time-0.1) * 90 * 4) * 0.1", 0]
				},
				"arm_left_front2": {
					"rotation": [-20, 0, 0]
				},
				"arm_left_back": {
					"rotation": ["-17.5+Math.cos((query.anim_time) * 90 * 2) * 2", 0, 0],
					"position": [0, "0+Math.cos((query.anim_time-0.1) * 90 * 4) * 0.1", 0]
				},
				"arm_left_back2": {
					"rotation": [20, 0, 0]
				},
				"arm_right_back": {
					"rotation": ["-17.5+Math.cos((query.anim_time) * 90 * 2) * -2", 0, 0],
					"position": [0, "0+Math.cos((query.anim_time-0.1) * 90 * 4) * 0.1", 0]
				},
				"arm_right_back2": {
					"rotation": [20, 0, 0]
				},
				"FullCanon": {
					"scale": 1
				}
			}
		},
		"animation.shuckle.ground_idle": {
			"loop": true,
			"bones": {
				"body": {
					"rotation": [0, 0, "0+Math.cos((query.anim_time) * 90 * 2) * 1"],
					"position": [0, "0+Math.cos((query.anim_time) * 90 * 4) * -0.1", 0]
				},
				"neck1": {
					"rotation": [35, 0, "0+Math.cos((query.anim_time-0.2) * 90 * 2) * 2"]
				},
				"neck2": {
					"rotation": [-27.5, 0, "0+Math.cos((query.anim_time-0.4) * 90 * 2) * 1"]
				},
				"head": {
					"rotation": [-7.5, 0, "0+Math.cos((query.anim_time) * 90 * 2) * -2"]
				},
				"arm_right_front": {
					"rotation": ["17.5+Math.cos((query.anim_time) * 90 * 2) * 2", 0, 0],
					"position": [0, "0+Math.cos((query.anim_time-0.1) * 90 * 4) * 0.1", 0]
				},
				"arm_right_front2": {
					"rotation": [-20, 0, 0]
				},
				"arm_left_front": {
					"rotation": ["17.5+Math.cos((query.anim_time) * 90 * 2) * -2", 0, 0],
					"position": [0, "0+Math.cos((query.anim_time-0.1) * 90 * 4) * 0.1", 0]
				},
				"arm_left_front2": {
					"rotation": [-20, 0, 0]
				},
				"arm_left_back": {
					"rotation": ["-17.5+Math.cos((query.anim_time) * 90 * 2) * 2", 0, 0],
					"position": [0, "0+Math.cos((query.anim_time-0.1) * 90 * 4) * 0.1", 0]
				},
				"arm_left_back2": {
					"rotation": [20, 0, 0]
				},
				"arm_right_back": {
					"rotation": ["-17.5+Math.cos((query.anim_time) * 90 * 2) * -2", 0, 0],
					"position": [0, "0+Math.cos((query.anim_time-0.1) * 90 * 4) * 0.1", 0]
				},
				"arm_right_back2": {
					"rotation": [20, 0, 0]
				},
				"FullCanon": {
					"scale": 0
				},
				"Spikes": {
					"scale": 1
				}
			}
		},
		"animation.shuckle.ground_walk": {
			"loop": true,
			"animation_length": 1.5,
			"bones": {
				"body": {
					"rotation": [
						"0+Math.cos((query.anim_time+0.3) * 90 * (8/3)*2) * 2+Math.cos((query.anim_time+0.1) * 90 * (8/3)*4) * 0.2",
						0,
						"0+Math.cos((query.anim_time+0.1) * 90 * (8/3)*1) * 4+Math.cos((query.anim_time+0.1) * 90 * (8/3)*3) * 0.2"
					],
					"position": [
						0,
						"0.1+0.7*math.clamp(math.cos((q.anim_time+0.25)*90*(8/3)*2)*1.3+0.1,-0.5,0.2)+0.4*math.clamp(math.cos((q.anim_time+0.25)*90*(8/3)*2)*1.1+0.2,0.3,2)+0.3*math.clamp(math.cos((q.anim_time+1)*90*(8/3)*2)*1.3+0.5,-0.9,0.0)",
						"math.cos((q.anim_time+1)*90*(8/3)*2)*0.4"
					]
				},
				"neck1": {
					"rotation": ["25+Math.cos((query.anim_time-0.2) * 90 * (8/3)*2) * -5", 0, "Math.cos((query.anim_time-0.1) * 90 * (8/3)*1) * -4"]
				},
				"neck2": {
					"rotation": ["-22.5+Math.cos((query.anim_time-0.4) * 90 * (8/3)*2) * -4", 0, 0]
				},
				"head": {
					"rotation": ["0+Math.cos((query.anim_time+0.6) * 90 * (8/3)*2) * 3", 0, 0]
				},
				"arm_right_front": {
					"rotation": {
						"0.0": [13.62, 25.05, -6.13],
						"0.0833": [11.52, 29.4, -6.11],
						"0.25": [-11.78, 25.36, -6.09],
						"0.4167": [-14.98, 12.33, -6.07],
						"0.5": [-14.28, -5.71, -6.05],
						"0.625": [-13.76, -16.86, -6.04],
						"0.75": [-9.62498, -22.17172, -6.01939],
						"0.9167": [2.36, -18.12, -6.06],
						"1.0833": [14.33674, -4.06093, -6.10998],
						"1.3333": [17.80763, 16.33801, -6.16513],
						"1.5": [13.62, 25.05, -6.13]
					}
				},
				"arm_right_front2": {
					"rotation": {
						"0.0": [-7.92, 0, 0],
						"0.0833": [-13.77, 0, 0],
						"0.3333": [-25.42, 0, 0],
						"0.5833": [-23.78, 0, 0],
						"0.75": [-17.5, 0, 0],
						"1.0833": [-10, 0, 0],
						"1.4583": [-5, 0, 0],
						"1.5": [-7.92, 0, 0]
					}
				},
				"arm_left_front": {
					"rotation": {
						"0.0": [-9.62498, 22.17172, 6.01939],
						"0.1667": [2.36, 18.12, 6.06],
						"0.3333": [14.33674, 4.06093, 6.10998],
						"0.5833": [17.80763, -16.33801, 6.16513],
						"0.8333": [11.52, -29.4, 6.11],
						"1.0": [-11.78, -25.36, 6.09],
						"1.1667": [-14.98, -12.33, 6.07],
						"1.25": [-14.28, 5.71, 6.05],
						"1.375": [-13.76, 16.86, 6.04],
						"1.5": [-9.62498, 22.17172, 6.01939]
					}
				},
				"arm_left_front2": {
					"rotation": {
						"0.0": [-17.5, 0, 0],
						"0.3333": [-10, 0, 0],
						"0.7083": [-10, 0, 0],
						"0.8333": [-13.77, 0, 0],
						"1.0833": [-25.42, 0, 0],
						"1.3333": [-23.78, 0, 0],
						"1.5": [-17.5, 0, 0]
					}
				},
				"arm_left_back": {
					"rotation": {
						"0.0": [-13.62, -3.05, -6.13],
						"0.0833": [-11.52, -7.4, -6.11],
						"0.25": [2.78, -3.36, -6.09],
						"0.4167": [6.98, 9.67, -6.07],
						"0.5": [7.28, 27.71, -6.05],
						"0.625": [6.76, 38.86, -6.04],
						"0.75": [2.62498, 44.17172, -6.01939],
						"0.9167": [-4.36, 40.12, -6.06],
						"1.0833": [-14.33674, 26.06093, -6.10998],
						"1.3333": [-17.80763, 5.66199, -6.16513],
						"1.5": [-13.62, -3.05, -6.13]
					}
				},
				"arm_left_back2": {
					"rotation": {
						"0.0": [22.92, 0, 0],
						"0.0833": [21.27, 0, 0],
						"0.3333": [25.42, 0, 0],
						"0.5833": [23.78, 0, 0],
						"0.75": [17.5, 0, 0],
						"1.0833": [10, 0, 0],
						"1.4583": [20, 0, 0],
						"1.5": [22.92, 0, 0]
					}
				},
				"arm_right_back": {
					"rotation": {
						"0.0": [-6.37502, -32.17172, 6.01939],
						"0.1667": [-13.36, -28.12, 6.06],
						"0.3333": [-23.33674, -14.06093, 6.10998],
						"0.5833": [-26.80763, 6.33801, 6.16513],
						"0.8333": [-10.52, 19.4, 6.11],
						"1.0": [-4.22, 15.36, 6.09],
						"1.1667": [-1.02, 2.33, 6.07],
						"1.25": [-0.72, -15.71, 6.05],
						"1.375": [-2.24, -26.86, 6.04],
						"1.5": [-6.37502, -32.17172, 6.01939]
					}
				},
				"arm_right_back2": {
					"rotation": {
						"0.0": [17.5, 0, 0],
						"0.3333": [10, 0, 0],
						"0.7083": [25, 0, 0],
						"0.8333": [25.77, 0, 0],
						"1.0833": [25.42, 0, 0],
						"1.3333": [23.78, 0, 0],
						"1.5": [17.5, 0, 0]
					}
				},
				"FullCanon": {
					"scale": 0
				}
			}
		},
		"animation.shuckle.faint": {
			"loop": true,
			"animation_length": 3,
			"bones": {
				"body": {
					"rotation": {
						"0.0": [0, 0, 0],
						"0.5417": {
							"pre": [2.4221, 13.47806, 7.03625],
							"post": [2.4221, 13.47806, 7.03625],
							"lerp_mode": "catmullrom"
						},
						"0.75": {
							"post": [0.75563, 16.28644, 8.21597],
							"lerp_mode": "catmullrom"
						},
						"0.8333": {
							"post": [-2.36106, 14.14524, 9.10434],
							"lerp_mode": "catmullrom"
						},
						"0.9583": {
							"post": [-5.72511, 29.4987, -2.95839],
							"lerp_mode": "catmullrom"
						},
						"1.0": {
							"post": [0, 7.97, 8],
							"lerp_mode": "catmullrom"
						},
						"1.0833": [0, -103.125, -1.825],
						"1.3333": [0, -227.2, -9.65],
						"1.5417": [0, -301.42, -12.1],
						"1.625": [-1.05909, -322.09138, -21.55266],
						"1.75": [-0.97589, -342.83188, -24.28743],
						"1.875": [-1.1658, -351.88278, -18.16914],
						"1.9583": [-0.58856, -355.61358, -4.27293],
						"2.0833": [0.38278, -355.59579, 4.36462],
						"2.2083": [0.15145, -355.57751, 5.83072],
						"2.3333": [-0.31257, -355.58596, 2.06282],
						"2.4167": [-0.52438, -355.60626, -0.69524],
						"2.4583": [-0.31255, -355.5863, 2.06283],
						"2.5417": [-0.53394, -355.60774, -0.8206],
						"2.5833": [-0.42824, -355.59566, 0.5584]
					},
					"position": {
						"0.0": [0, 0, 0],
						"0.9167": [0, 0, 0],
						"0.9583": [-0.925, 0, 0],
						"1.0": [-1.675, 0, 0],
						"1.0417": [1.5, 0.7, 4.855],
						"1.1667": [7.5, 2.725, 11.715],
						"1.2917": [10.5, 3, 15.57],
						"1.375": [11, 2.225, 18.125],
						"1.4583": [8.91, 0.4, 19.765],
						"1.5417": [5.4, 0, 20.35],
						"1.75": [1.275, 0.75, 21],
						"1.9167": [-0.6, 0, 21],
						"2.0": [-0.05, -0.45, 21],
						"2.0833": [0.825, -0.135, 21],
						"2.125": [0.825, 0.075, 21],
						"2.2083": [0.65, 0.17, 21],
						"2.2917": [0.475, 0.07, 21],
						"2.375": [-0.18, -0.055, 21],
						"2.6667": [-0.18, -0.355, 21]
					}
				},
				"neck1": {
					"rotation": {
						"0.0": [27.5, 0, 0],
						"0.25": {
							"pre": [25.68456, -8.53659, 13.34354],
							"post": [25.68456, -8.53659, 13.34354],
							"lerp_mode": "catmullrom"
						},
						"0.5417": {
							"post": [34.1207, -4.17834, 6.27339],
							"lerp_mode": "catmullrom"
						},
						"0.8333": {
							"post": [14.10333, -2.27943, -2.53584],
							"lerp_mode": "catmullrom"
						},
						"0.9167": {
							"post": [27.5, 0, 6.725],
							"lerp_mode": "catmullrom"
						},
						"1.0": {
							"post": [6.10443, 3.16852, -13.41683],
							"lerp_mode": "catmullrom"
						},
						"1.0833": {
							"post": [0, 0, -41],
							"lerp_mode": "catmullrom"
						},
						"1.25": [0, 0, -41],
						"1.4583": [0, 0, 0]
					},
					"position": {
						"0.0": [0, 0, 0],
						"0.7083": {
							"pre": [-0.5, 0, 0.5],
							"post": [-0.5, 0, 0.5],
							"lerp_mode": "catmullrom"
						},
						"1.2917": {
							"post": [0, 0, 0],
							"lerp_mode": "catmullrom"
						},
						"1.4583": [0, -4.75, 3.75]
					}
				},
				"neck2": {
					"rotation": {
						"0.0": [0, 0, 0],
						"0.2917": {
							"pre": [-21.09, 0, 11.825],
							"post": [-21.09, 0, 11.825],
							"lerp_mode": "catmullrom"
						},
						"0.625": {
							"post": [-2.8109, 1.77789, 1.75787],
							"lerp_mode": "catmullrom"
						},
						"0.875": {
							"post": [-45.33818, 0, -3.75],
							"lerp_mode": "catmullrom"
						},
						"1.0833": {
							"post": [-41.30425, -31.16686, -30.49835],
							"lerp_mode": "catmullrom"
						},
						"1.25": [-50, 0, -26.825],
						"1.4583": [0, 0, 0]
					},
					"position": {
						"1.25": [0, 0, 0],
						"1.4583": [0, -6, 0]
					}
				},
				"head": {
					"rotation": {
						"0.0": [0, 0, 0],
						"0.2917": [-14.25, 0, 0],
						"0.6667": [-19.25, 0, 0],
						"1.0": [19.75, 0, 0],
						"1.2917": [-20.25, 0, 0],
						"1.5": [0, 0, 0]
					},
					"position": {
						"1.2917": [0, 0, 0],
						"1.4167": [1, -3.45, -3.1],
						"1.4583": [0.5, -4.47, 1.595],
						"1.5": [0, -5.5, 2.25]
					}
				},
				"eyeopen_right": {
					"position": [0, 0, 0.15]
				},
				"eyeclosed_right": {
					"position": [0, 0, -0.15]
				},
				"eyeopen_left": {
					"position": [0, 0, 0.15]
				},
				"eyeclosed_left": {
					"position": [0, 0, -0.15]
				},
				"jaw": {
					"rotation": {
						"0.0": [0, 0, 0],
						"0.25": [40, 0, 0],
						"0.5": [50, 0, 0],
						"0.8333": [34.5, 0, 0],
						"1.0": [62.5, 0, 0],
						"1.0417": [7.5, 0, 0]
					}
				},
				"arm_right_front": {
					"rotation": {
						"0.0": [0, 0, 0],
						"0.375": [18.92808, -24.01534, 2.95651],
						"0.9583": [67.72329, 6.61403, 66.32415],
						"1.0833": [8.91488, 20.53427, -10.38266]
					},
					"position": {
						"1.1667": [0, 0, 0],
						"1.25": [10, 3, 3.5]
					}
				},
				"arm_right_front2": {
					"rotation": {
						"0.0": [0, 0, 0],
						"0.5833": [-9.29264, -23.67109, 5.22193],
						"0.9583": [-11.50839, -29.4987, 5.72511],
						"1.0833": [-2.50933, 2.462, -0.43439]
					},
					"position": {
						"1.25": [0, 0, 0],
						"1.3333": [2, 0, 4]
					}
				},
				"arm_left_front": {
					"rotation": {
						"0.0": [0, 0, 0],
						"0.2917": [5.7186, 35.27639, -8.44699],
						"0.625": [11.39744, 5.84843, -17.44293],
						"0.875": [8.35612, 27.00844, -13.27558],
						"1.0417": [7.19142, 46.8293, -10.34954]
					},
					"position": {
						"1.125": [0, 0, 0],
						"1.2083": [-3, 1, 7]
					}
				},
				"arm_left_front2": {
					"rotation": {
						"0.0": [0, 0, 0],
						"0.4583": [0, 44.25, 0],
						"1.0": [0, 61.5, 0]
					}
				},
				"arm_left_back": {
					"rotation": {
						"0.0": [0, 0, 0],
						"0.5": {
							"pre": [3.86517, -9.12249, 4.44387],
							"post": [3.86517, -9.12249, 4.44387],
							"lerp_mode": "catmullrom"
						},
						"0.6667": {
							"post": [1.74932, 4.08166, -1.6625],
							"lerp_mode": "catmullrom"
						},
						"0.875": {
							"post": [-12.14548, 20.58683, -9.29547],
							"lerp_mode": "catmullrom"
						},
						"0.9583": [4.25749, 12.83179, 13.01029]
					},
					"position": {
						"1.125": [0, 0, 0],
						"1.2083": [-9, 3, -4]
					}
				},
				"arm_left_back2": {
					"rotation": {
						"0.0": [0, 0, 0],
						"0.4583": [0, -19.39, 0],
						"0.9583": [0, -25, 0],
						"1.0417": [0, 0, 0]
					}
				},
				"arm_right_back": {
					"rotation": {
						"0.0": [0, 0, 0],
						"0.5": [-8.13483, 9.12249, -4.44387],
						"0.8333": [-14.35, 11.07, -6.4],
						"0.9583": [-9.01826, 20.01724, 5.98689],
						"1.0417": [-9.74251, -12.83179, -13.01029]
					},
					"position": {
						"1.125": [0, 0, 0],
						"1.2083": [9, 3, -4]
					}
				},
				"arm_right_back2": {
					"rotation": {
						"0.0": [0, 0, 0],
						"0.4583": [0, 19.39, 0],
						"0.9583": [0, 25, 0],
						"1.0417": [0, 0, 0]
					}
				},
				"FullCanon": {
					"scale": 0
				}
			}
		},
		"animation.shuckle.sleep": {
			"loop": true,
			"bones": {
				"body": {
					"rotation": ["0+Math.cos((query.anim_time) * 90 * 1) * 1", 0, 0]
				},
				"neck1": {
					"rotation": [27.5, 0, 0],
					"position": [0, -6, 3]
				},
				"head": {
					"rotation": ["13.3384+Math.cos((query.anim_time-0.5) * 90 * 1) * -2", 5.66558, -5.71222],
					"position": [0, -1, 0]
				},
				"eyeopen_right": {
					"position": [0, 0, 0.125]
				},
				"eyeclosed_right": {
					"position": [0, 0, -0.175]
				},
				"eyeopen_left": {
					"position": [0, 0, 0.125]
				},
				"eyeclosed_left": {
					"position": [0, 0, -0.175]
				},
				"arm_right_front": {
					"rotation": [37.45383, "-69.4208+Math.cos((query.anim_time-0.2) * 90 * 1) * 2", 74.63474],
					"position": [1, 0.25, 3.25]
				},
				"arm_right_front2": {
					"rotation": [-42.5, 0, 0]
				},
				"arm_left_front": {
					"rotation": [37.45383, "69.4208+Math.cos((query.anim_time-0.2) * 90 * 1) * -2", -74.63474],
					"position": [-1, 0.25, 3.25]
				},
				"arm_left_front2": {
					"rotation": [-42.5, 0, 0]
				},
				"arm_left_back": {
					"position": [-5, 0, -3.25]
				},
				"arm_left_back2": {
					"rotation": [-15.50409, -14.47751, 3.96713]
				},
				"arm_right_back": {
					"position": [5, 0, -3.25]
				},
				"arm_right_back2": {
					"rotation": [-15.50409, 14.47751, -3.96713]
				},
				"FullCanon": {
					"scale": 0
				}
			}
		},
		"animation.shuckle.blink": {
			"animation_length": 0.2083,
			"bones": {
				"eyeopen_right": {
					"position": {
						"0.0": [0, 0, 0.175],
						"0.1667": [0, 0, 0.175],
						"0.2083": [0, 0, 0]
					}
				},
				"eyeclosed_right": {
					"position": {
						"0.0": [0, 0, -0.2],
						"0.1667": [0, 0, -0.2],
						"0.2083": [0, 0, 0]
					}
				},
				"eyeopen_left": {
					"position": {
						"0.0": [0, 0, 0.175],
						"0.1667": [0, 0, 0.175],
						"0.2083": [0, 0, 0]
					}
				},
				"eyeclosed_left": {
					"position": {
						"0.0": [0, 0, -0.2],
						"0.1667": [0, 0, -0.2],
						"0.2083": [0, 0, 0]
					}
				},
				"FullCanon": {
					"scale": 0
				}
			}
		},
		"animation.shuckle.cry": {
			"animation_length": 1.25,
			"bones": {
				"neck1": {
					"rotation": {
						"0.0": [0, 0, 0],
						"0.125": [19.625, 0, 0],
						"0.25": [5, 0, 0],
						"0.9167": [2.5, 0, 0],
						"1.25": [0, 0, 0]
					}
				},
				"neck2": {
					"rotation": {
						"0.0": [0, 0, 0],
						"0.2083": [-6.4, 0, 0],
						"0.375": [-20, 0, 0],
						"0.5417": [-22.5, 0, 0],
						"0.9167": [-20.375, 0, 0],
						"1.0833": [-3.75, 0, 0],
						"1.25": [0, 0, 0]
					}
				},
				"jaw": {
					"rotation": {
						"0.0": [0, 0, 0],
						"0.2083": [9.8, 0, 0],
						"0.3333": [45, 0, 0],
						"0.875": [45, 0, 0],
						"1.0417": [7.5, 0, 0],
						"1.25": [0, 0, 0]
					}
				}
			},
			"sound_effects": {
				"0.2083": {
					"effect": "pokemon.shuckle.cry"
				}
			}
		},
		"animation.shuckle.battle_idle": {
			"loop": true,
			"bones": {
				"body": {
					"rotation": [0, 0, "0+Math.cos((query.anim_time) * 90 * 2) * 1"],
					"position": [0, "0+Math.cos((query.anim_time) * 90 * 4) * -0.1", 0]
				},
				"neck1": {
					"rotation": [35, 0, "0+Math.cos((query.anim_time-0.2) * 90 * 2) * 2"]
				},
				"neck2": {
					"rotation": [-27.5, 0, "0+Math.cos((query.anim_time-0.4) * 90 * 2) * 1"]
				},
				"head": {
					"rotation": [-7.5, 0, "0+Math.cos((query.anim_time) * 90 * 2) * -2"]
				},
				"Spikes": {
					"scale": 1
				},
				"arm_right_front": {
					"rotation": ["17.5+Math.cos((query.anim_time) * 90 * 2) * 2", 0, 0],
					"position": [0, "0+Math.cos((query.anim_time-0.1) * 90 * 4) * 0.1", 0]
				},
				"arm_right_front2": {
					"rotation": [-20, 0, 0]
				},
				"arm_left_front": {
					"rotation": ["17.5+Math.cos((query.anim_time) * 90 * 2) * -2", 0, 0],
					"position": [0, "0+Math.cos((query.anim_time-0.1) * 90 * 4) * 0.1", 0]
				},
				"arm_left_front2": {
					"rotation": [-20, 0, 0]
				},
				"arm_left_back": {
					"rotation": ["-17.5+Math.cos((query.anim_time) * 90 * 2) * 2", 0, 0],
					"position": [0, "0+Math.cos((query.anim_time-0.1) * 90 * 4) * 0.1", 0]
				},
				"arm_left_back2": {
					"rotation": [20, 0, 0]
				},
				"arm_right_back": {
					"rotation": ["-17.5+Math.cos((query.anim_time) * 90 * 2) * -2", 0, 0],
					"position": [0, "0+Math.cos((query.anim_time-0.1) * 90 * 4) * 0.1", 0]
				},
				"arm_right_back2": {
					"rotation": [20, 0, 0]
				},
				"FullCanon": {
					"scale": 1
				}
			}
		}
	}
}