{
	"format_version": "1.12.0",
	"minecraft:geometry": [
		{
			"description": {
				"identifier": "geometry.pokokari",
				"texture_width": 64,
				"texture_height": 64,
				"visible_bounds_width": 2,
				"visible_bounds_height": 2.5,
				"visible_bounds_offset": [0, 0.75, 0]
			},
			"bones": [
				{
					"name": "pokokari",
					"pivot": [0, 0, 0]
				},
				{
					"name": "body",
					"parent": "pokokari",
					"pivot": [0, 3.5, -0.25]
				},
				{
					"name": "torso",
					"parent": "body",
					"pivot": [0, 2.25, -0.25],
					"cubes": [
						{"origin": [-3.5, 1, -2.75], "size": [7, 5, 5], "uv": [0, 33]}
					]
				},
				{
					"name": "tail",
					"parent": "torso",
					"pivot": [0, 1, 1.25],
					"cubes": [
						{"origin": [-1.5, 0, 1.25], "size": [3, 3, 3], "uv": [30, 12]}
					]
				},
				{
					"name": "head",
					"parent": "torso",
					"pivot": [0, 8, -0.25],
					"cubes": [
						{"origin": [-4.5, 5.5, -3.25], "size": [9, 5, 6], "uv": [0, 0]},
						{"origin": [-4.5, 8, -3.25], "size": [9, 4, 6], "inflate": 0.01, "uv": [0, 11]},
						{"origin": [-2.5, 8.5, -3.75], "size": [5, 5, 7], "uv": [0, 21]},
						{"origin": [1.25, 5, -4.25], "size": [4, 4, 8], "inflate": 0.02, "uv": [24, 21]},
						{"origin": [-1.75, 4.6, -4.25], "size": [2, 3, 1], "pivot": [0.25, 7.6, -4.25], "rotation": [0, 0, 30], "uv": [32, 44]},
						{"origin": [-0.25, 4.6, -4.25], "size": [2, 3, 1], "inflate": -0.01, "pivot": [-0.25, 7.6, -4.25], "rotation": [0, 0, -30], "uv": [38, 44]},
						{"origin": [-1.5, 7.6, -4.25], "size": [3, 3, 8], "inflate": 0.01, "uv": [24, 33]},
						{"origin": [-0.25, 4.6, 2.75], "size": [2, 3, 1], "inflate": -0.01, "pivot": [-0.25, 7.6, 2.75], "rotation": [0, 0, -30], "uv": [44, 44]},
						{"origin": [-1.75, 4.6, 2.75], "size": [2, 3, 1], "pivot": [0.25, 7.6, 2.75], "rotation": [0, 0, 30], "uv": [16, 46]},
						{"origin": [-5.25, 5, -4.25], "size": [4, 4, 8], "inflate": 0.02, "uv": [30, 0]}
					]
				},
				{
					"name": "bone2",
					"parent": "head",
					"pivot": [0, 9.1, -4.25]
				},
				{
					"name": "nose",
					"parent": "head",
					"pivot": [0, 9.1, -4.25]
				},
				{
					"name": "nose_lower_left",
					"parent": "nose",
					"pivot": [0, 9.1, -4.25],
					"rotation": [0, 0, 145],
					"cubes": [
						{"origin": [-1, 9.09564, -5.1501], "size": [2, 5, 1], "inflate": 0.01, "pivot": [0, 9.1, -4.25], "rotation": [2.5, 0, 0], "uv": [42, 12]}
					]
				},
				{
					"name": "nose_left",
					"parent": "nose",
					"pivot": [0, 9.1, -4.25],
					"rotation": [0, 0, 78.5],
					"cubes": [
						{"origin": [-1, 9.09564, -5.1501], "size": [2, 5, 1], "inflate": 0.01, "pivot": [0, 9.1, -4.25], "rotation": [2.5, 0, 0], "uv": [42, 12]}
					]
				},
				{
					"name": "nose_upper",
					"parent": "nose",
					"pivot": [0, 9.1, -4.25],
					"cubes": [
						{"origin": [-1, 9.1, -5.15], "size": [2, 5, 1], "inflate": 0.01, "pivot": [0, 9.1, -4.15], "rotation": [2.5, 0, 0], "uv": [42, 12]}
					]
				},
				{
					"name": "nose_right",
					"parent": "nose",
					"pivot": [0, 9.1, -4.25],
					"rotation": [0, 0, -78.5],
					"cubes": [
						{"origin": [-1, 9.09564, -5.1501], "size": [2, 5, 1], "inflate": 0.01, "pivot": [0, 9.1, -4.25], "rotation": [2.5, 0, 0], "uv": [42, 12]}
					]
				},
				{
					"name": "nose_lower_right",
					"parent": "nose",
					"pivot": [0, 9.1, -4.25],
					"rotation": [0, 0, -145],
					"cubes": [
						{"origin": [-1, 9.09564, -5.1501], "size": [2, 5, 1], "inflate": 0.01, "pivot": [0, 9.1, -4.25], "rotation": [2.5, 0, 0], "uv": [42, 12]}
					]
				},
				{
					"name": "eye_left",
					"parent": "head",
					"pivot": [3.5, 8, -4.28],
					"cubes": [
						{"origin": [2.5, 7, -4.28], "size": [2, 2, 0], "uv": [46, 18]}
					]
				},
				{
					"name": "pupil_left",
					"parent": "eye_left",
					"pivot": [10, 12.5, -0.75],
					"cubes": [
						{"origin": [3, 7.5, -4.29], "size": [1, 1, 0], "uv": [22, 46]}
					]
				},
				{
					"name": "eyelid_right",
					"parent": "head",
					"pivot": [-3.5, 7.75, -4.03],
					"cubes": [
						{"origin": [-4.5, 6.75, -4.03], "size": [2, 2, 0], "uv": [48, 16]}
					]
				},
				{
					"name": "eyelid_left",
					"parent": "head",
					"pivot": [3.5, 7.75, -4.03],
					"cubes": [
						{"origin": [2.5, 6.75, -4.03], "size": [2, 2, 0], "uv": [48, 20]}
					]
				},
				{
					"name": "eye_right",
					"parent": "head",
					"pivot": [-3.5, 8, -4.28],
					"cubes": [
						{"origin": [-4.5, 7, -4.28], "size": [2, 2, 0], "uv": [46, 33]}
					]
				},
				{
					"name": "pupil_right",
					"parent": "eye_right",
					"pivot": [-3.5, 8, -4.29],
					"cubes": [
						{"origin": [-4, 7.5, -4.29], "size": [1, 1, 0], "uv": [46, 20]}
					]
				},
				{
					"name": "hand_right",
					"parent": "torso",
					"pivot": [-3.5, 3, -2.25],
					"cubes": [
						{"origin": [-5, 2, -4.25], "size": [2, 2, 2], "uv": [0, 43]}
					]
				},
				{
					"name": "claw_inner_right",
					"parent": "hand_right",
					"pivot": [-4, 4, -4.25],
					"rotation": [0, -5, 0],
					"cubes": [
						{"origin": [-3.9, 3, -5.35], "size": [1, 1, 1], "inflate": 0.1, "uv": [46, 39]}
					]
				},
				{
					"name": "claw_inner_right2",
					"parent": "claw_inner_right",
					"pivot": [-3.9, 4, -5.45],
					"cubes": [
						{"origin": [-3.9, 3, -6.35], "size": [1, 1, 1], "uv": [46, 41]}
					]
				},
				{
					"name": "claw_outer_right",
					"parent": "hand_right",
					"pivot": [-4, 4, -4.25],
					"rotation": [0, 5, 0],
					"cubes": [
						{"origin": [-5.1, 3, -5.35], "size": [1, 1, 1], "inflate": 0.1, "uv": [46, 35]}
					]
				},
				{
					"name": "claw_outer_right2",
					"parent": "claw_outer_right",
					"pivot": [-4.1, 4, -5.45],
					"cubes": [
						{"origin": [-5.1, 3, -6.35], "size": [1, 1, 1], "uv": [46, 37]}
					]
				},
				{
					"name": "hand_left",
					"parent": "torso",
					"pivot": [3.5, 3, -2.25],
					"cubes": [
						{"origin": [3, 2, -4.25], "size": [2, 2, 2], "uv": [8, 43]}
					]
				},
				{
					"name": "claw_outer_left",
					"parent": "hand_left",
					"pivot": [4, 4, -4.25],
					"rotation": [0, -5, 0],
					"cubes": [
						{"origin": [4.1, 3, -5.35], "size": [1, 1, 1], "inflate": 0.1, "uv": [8, 47]}
					]
				},
				{
					"name": "claw_outer_left2",
					"parent": "claw_outer_left",
					"pivot": [4.1, 4, -5.45],
					"cubes": [
						{"origin": [4.1, 3, -6.35], "size": [1, 1, 1], "uv": [12, 47]}
					]
				},
				{
					"name": "claw_inner_left",
					"parent": "hand_left",
					"pivot": [4, 4, -4.25],
					"rotation": [0, 5, 0],
					"cubes": [
						{"origin": [2.9, 3, -5.35], "size": [1, 1, 1], "inflate": 0.1, "uv": [0, 47]}
					]
				},
				{
					"name": "claw_inner_left2",
					"parent": "claw_inner_left",
					"pivot": [3.9, 4, -5.45],
					"cubes": [
						{"origin": [2.9, 3, -6.35], "size": [1, 1, 1], "uv": [4, 47]}
					]
				},
				{
					"name": "legs",
					"parent": "body",
					"pivot": [3, 1, -3.5]
				},
				{
					"name": "leg_left",
					"parent": "legs",
					"pivot": [3, 1, 0.5],
					"rotation": [0, -10, 0],
					"cubes": [
						{"origin": [2, 0, -1.5], "size": [2, 1, 2], "uv": [38, 18]}
					]
				},
				{
					"name": "leg_left2",
					"parent": "leg_left",
					"pivot": [3, 0, -1.5],
					"cubes": [
						{"origin": [2, 0, -3.5], "size": [2, 1, 2], "inflate": 0.01, "uv": [16, 43]}
					]
				},
				{
					"name": "leg_left3",
					"parent": "leg_left2",
					"pivot": [3, 0, -3.5]
				},
				{
					"name": "toe_outer_left",
					"parent": "leg_left3",
					"pivot": [3, 1, -3.5],
					"rotation": [0, -22.5, 0],
					"cubes": [
						{"origin": [3, 0, -4.5], "size": [1, 1, 1], "inflate": 0.02, "uv": [48, 12]}
					]
				},
				{
					"name": "toe_inner_left",
					"parent": "leg_left3",
					"pivot": [3, 1, -3.5],
					"rotation": [0, 22.5, 0],
					"cubes": [
						{"origin": [2, 0, -4.5], "size": [1, 1, 1], "inflate": 0.02, "uv": [48, 14]}
					]
				},
				{
					"name": "leg_right",
					"parent": "legs",
					"pivot": [-3, 1, 0.5],
					"rotation": [0, 10, 0],
					"cubes": [
						{"origin": [-4, 0, -1.5], "size": [2, 1, 2], "uv": [30, 18]}
					]
				},
				{
					"name": "leg_right2",
					"parent": "leg_right",
					"pivot": [-3, 0, -1.5],
					"cubes": [
						{"origin": [-4, 0, -3.5], "size": [2, 1, 2], "inflate": 0.01, "uv": [24, 44]}
					]
				},
				{
					"name": "leg_right3",
					"parent": "leg_right2",
					"pivot": [-3, 0, -3.5]
				},
				{
					"name": "toe_outer_right",
					"parent": "leg_right3",
					"pivot": [-3, 1, -3.5],
					"rotation": [0, 22.5, 0],
					"cubes": [
						{"origin": [-4, 0, -4.5], "size": [1, 1, 1], "inflate": 0.02, "uv": [26, 47]}
					]
				},
				{
					"name": "toe_inner_right",
					"parent": "leg_right3",
					"pivot": [-3, 1, -3.5],
					"rotation": [0, -22.5, 0],
					"cubes": [
						{"origin": [-3, 0, -4.5], "size": [1, 1, 1], "inflate": 0.02, "uv": [22, 47]}
					]
				}
			]
		}
	]
}