{
	"format_version": "1.12.0",
	"minecraft:geometry": [
		{
			"description": {
				"identifier": "geometry.ichthyst",
				"texture_width": 128,
				"texture_height": 128,
				"visible_bounds_width": 7,
				"visible_bounds_height": 2.5,
				"visible_bounds_offset": [0, 0.75, 0]
			},
			"bones": [
				{
					"name": "ichthyst",
					"pivot": [0, 0, 0]
				},
				{
					"name": "body",
					"parent": "ichthyst",
					"pivot": [0, 7.9, 2]
				},
				{
					"name": "torso",
					"parent": "body",
					"pivot": [0, 5.1, 4],
					"cubes": [
						{"origin": [-3, 3.5, 3], "size": [6, 9, 9], "uv": [3, 22]},
						{"origin": [-0.5, 11.9, 3], "size": [1, 4, 2], "pivot": [-1, 11.9, 4], "rotation": [-32.5, 0, 0], "uv": [42, 56]}
					]
				},
				{
					"name": "left_leg",
					"parent": "torso",
					"pivot": [5, 4.04975, 9.5],
					"cubes": [
						{"origin": [3, 3.54975, 8], "size": [4, 1, 3], "uv": [38, 74]}
					]
				},
				{
					"name": "right_leg",
					"parent": "torso",
					"pivot": [-5, 4.01681, 9.5],
					"cubes": [
						{"origin": [-7, 3.51681, 8], "size": [4, 1, 3], "uv": [38, 70]}
					]
				},
				{
					"name": "tail",
					"parent": "torso",
					"pivot": [0, 9.2, 14],
					"cubes": [
						{"origin": [-2.5, 5.2, 12], "size": [5, 6, 10], "uv": [0, 74]}
					]
				},
				{
					"name": "tail2",
					"parent": "tail",
					"pivot": [0, 8.2, 30],
					"cubes": [
						{"origin": [-2, 5.7, 22], "size": [4, 5, 12], "uv": [0, 0]}
					]
				},
				{
					"name": "tail3",
					"parent": "tail2",
					"pivot": [0, 8.2, 39],
					"cubes": [
						{"origin": [-1.5, 5.2, 33], "size": [3, 6, 14], "pivot": [-1, 8.2, 34], "rotation": [-15, 0, 0], "uv": [0, 54]},
						{"origin": [-0.5, 6.2, 32], "size": [1, 5, 9], "pivot": [-1, 10.2, 33], "rotation": [45, 0, 0], "uv": [0, 92]}
					]
				},
				{
					"name": "torso2",
					"parent": "body",
					"pivot": [0, 7.9, 2],
					"cubes": [
						{"origin": [-4, 3.5, -2], "size": [8, 9, 5], "uv": [0, 40]}
					]
				},
				{
					"name": "left_arm",
					"parent": "torso2",
					"pivot": [6.03737, 4.62061, -0.43969],
					"cubes": [
						{"origin": [3.53737, 4.12061, -1.93969], "size": [6, 1, 3], "uv": [37, 62]}
					]
				},
				{
					"name": "right_arm",
					"parent": "torso2",
					"pivot": [-6.5, 4.5, -0.5],
					"cubes": [
						{"origin": [-10, 4, -2], "size": [6, 1, 3], "uv": [36, 66]}
					]
				},
				{
					"name": "neck",
					"parent": "torso2",
					"pivot": [0, 8.55, -2.8],
					"cubes": [
						{"origin": [-3.5, 5.05, -4.3], "size": [7, 7, 3], "inflate": -0.14, "uv": [36, 25]}
					]
				},
				{
					"name": "neck2",
					"parent": "neck",
					"pivot": [0, 8.55, -6.5],
					"cubes": [
						{"origin": [-3, 5.55, -9], "size": [6, 6, 5], "inflate": -0.15, "uv": [20, 0]}
					]
				},
				{
					"name": "head",
					"parent": "neck2",
					"pivot": [0, 9.27893, -14.44235],
					"cubes": [
						{"origin": [-3, 5.7, -12.3], "size": [6, 6, 5], "pivot": [0.5, 9.2, -8.9], "rotation": [7.5, 0, 0], "uv": [42, 0]},
						{"origin": [-1.5, 6.65, -21.4], "size": [3, 3, 10], "uv": [25, 11]}
					]
				},
				{
					"name": "jaw",
					"parent": "head",
					"pivot": [0, 6.35, -16.1],
					"cubes": [
						{"origin": [-1, 5.85, -21.1], "size": [2, 1, 10], "inflate": 0.1, "uv": [32, 35]}
					]
				},
				{
					"name": "eyes",
					"parent": "head",
					"pivot": [0, 7.05, -19.2]
				},
				{
					"name": "eye_right",
					"parent": "eyes",
					"pivot": [-3.52, 9, -8.5],
					"rotation": [7.5, 0, 0],
					"cubes": [
						{"origin": [-3.01, 8.5, -12], "size": [0, 3, 4], "uv": [41, 74]}
					]
				},
				{
					"name": "eyelid_right",
					"parent": "eye_right",
					"pivot": [-2.91, 9.5, -8.5],
					"cubes": [
						{"origin": [-2.97, 8.5, -12], "size": [1, 3, 4], "inflate": 0.025, "uv": [40, 88]}
					]
				},
				{
					"name": "eye_left",
					"parent": "eyes",
					"pivot": [3.52, 9, -8.5],
					"rotation": [7.5, 0, 0],
					"cubes": [
						{"origin": [3.01, 8.5, -12], "size": [0, 3, 4], "uv": [41, 74], "mirror": true}
					]
				},
				{
					"name": "eyelid_left",
					"parent": "eye_left",
					"pivot": [2.91, 9.5, -8.5],
					"cubes": [
						{"origin": [1.97, 8.5, -12], "size": [1, 3, 4], "inflate": 0.025, "uv": [40, 81], "mirror": true}
					]
				}
			]
		}
	]
}