{
	"format_version": "1.12.0",
	"minecraft:geometry": [
		{
			"description": {
				"identifier": "geometry.limonzal",
				"texture_width": 64,
				"texture_height": 64,
				"visible_bounds_width": 4,
				"visible_bounds_height": 2.5,
				"visible_bounds_offset": [0, 0.75, 0]
			},
			"bones": [
				{
					"name": "limonzal",
					"pivot": [0, 0, 0]
				},
				{
					"name": "dive",
					"parent": "limonzal",
					"pivot": [0, 27, -1]
				},
				{
					"name": "body",
					"parent": "dive",
					"pivot": [0, 0, -1]
				},
				{
					"name": "torso",
					"parent": "body",
					"pivot": [0, 1.5, -0.25]
				},
				{
					"name": "neck",
					"parent": "torso",
					"pivot": [-0.5, 14.75, -4.75],
					"rotation": [-12.5, 0, 0],
					"cubes": [
						{"origin": [-1.5, 11.75, -4.75], "size": [3, 6, 3], "inflate": 0.015, "uv": [0, 25]}
					]
				},
				{
					"name": "torso_top",
					"parent": "neck",
					"pivot": [-0.5, 11.75, -4.75],
					"rotation": [32.5, 0, 0],
					"cubes": [
						{"origin": [-2, 7.75, -5], "size": [4, 4, 4], "uv": [16, 24]}
					]
				},
				{
					"name": "belly",
					"parent": "torso_top",
					"pivot": [0, 7.75, -5],
					"rotation": [25, 0, 0],
					"cubes": [
						{"origin": [-2.5, 1.75, -5.5], "size": [5, 6, 5], "uv": [0, 14]}
					]
				},
				{
					"name": "tail_base",
					"parent": "belly",
					"pivot": [0, 1.75, -5.5],
					"rotation": [30, 0, 0],
					"cubes": [
						{"origin": [-2, -4.25, -5.25], "size": [4, 6, 4], "inflate": 0.1, "pivot": [0, 1.75, -5.25], "rotation": [22.5, 0, 0], "uv": [20, 14]}
					]
				},
				{
					"name": "tail",
					"parent": "tail_base",
					"pivot": [0.25, -2.5, -3.25],
					"rotation": [32.5, 0, 0],
					"cubes": [
						{"origin": [-1.5, -8.5, -3.25], "size": [3, 5, 3], "uv": [26, 0]}
					]
				},
				{
					"name": "tail_end",
					"parent": "tail",
					"pivot": [0, -8.5, -2.5],
					"rotation": [12.5, 0, 0],
					"cubes": [
						{"origin": [-1, -12.5, -2.5], "size": [2, 4, 2],  "inflate": -0.001, "uv": [22, 33]}
					]
				},
				{
					"name": "turbine",
					"parent": "tail_end",
					"pivot": [0, -12.5, -1.5]
				},
				{
					"name": "blade",
					"parent": "turbine",
					"pivot": [0, -12.5, -1.5],
					"rotation": [90, -60, 180],
					"cubes": [
						{"origin": [2, -4.5, -1.5], "size": [3, 1, 0], "uv": [38, 5]},
						{"origin": [3, -5.5, -1.5], "size": [3, 1, 0], "uv": [38, 4]},
						{"origin": [4, -8.5, -1.5], "size": [2, 3, 0], "uv": [0, 39]},
						{"origin": [3, -9.5, -1.5], "size": [3, 1, 0], "uv": [38, 3]},
						{"origin": [0, -2.5, -1.5], "size": [3, 1, 0], "uv": [0, 38]},
						{"origin": [-1, -3.5, -1.5], "size": [2, 1, 0], "uv": [7, 34]},
						{"origin": [1, -3.5, -1.5], "size": [3, 1, 0], "uv": [36, 11]},
						{"origin": [2, -11.5, -1.5], "size": [3, 2, 0], "uv": [32, 16]},
						{"origin": [2, -12.5, -1.5], "size": [1, 1, 0], "uv": [16, 43]},
						{"origin": [0, -12.5, -1.5], "size": [2, 2, 0], "uv": [4, 41]}
					]
				},
				{
					"name": "blade2",
					"parent": "turbine",
					"pivot": [0, -12.5, -1.5],
					"rotation": [90, 60, 180],
					"cubes": [
						{"origin": [2, -4.5, -1.5], "size": [3, 1, 0], "uv": [36, 10]},
						{"origin": [3, -5.5, -1.5], "size": [3, 1, 0], "uv": [35, 2]},
						{"origin": [4, -8.5, -1.5], "size": [2, 3, 0], "uv": [36, 37]},
						{"origin": [3, -9.5, -1.5], "size": [3, 1, 0], "uv": [24, 32]},
						{"origin": [0, -2.5, -1.5], "size": [3, 1, 0], "uv": [26, 13]},
						{"origin": [-1, -3.5, -1.5], "size": [2, 1, 0], "uv": [28, 27]},
						{"origin": [1, -3.5, -1.5], "size": [3, 1, 0], "uv": [0, 2]},
						{"origin": [2, -11.5, -1.5], "size": [3, 2, 0], "uv": [0, 0]},
						{"origin": [2, -12.5, -1.5], "size": [1, 1, 0], "uv": [42, 36]},
						{"origin": [0, -12.5, -1.5], "size": [2, 2, 0], "uv": [40, 30]}
					]
				},
				{
					"name": "blade3",
					"parent": "turbine",
					"pivot": [0, -12.5, -1.5],
					"rotation": [-90, 0, 0],
					"cubes": [
						{"origin": [2, -4.5, -1.5], "size": [3, 1, 0], "uv": [4, 40]},
						{"origin": [3, -5.5, -1.5], "size": [3, 1, 0], "uv": [4, 39]},
						{"origin": [4, -8.5, -1.5], "size": [2, 3, 0], "uv": [10, 39]},
						{"origin": [3, -9.5, -1.5], "size": [3, 1, 0], "uv": [21, 39]},
						{"origin": [0, -2.5, -1.5], "size": [3, 1, 0], "uv": [40, 12]},
						{"origin": [-1, -3.5, -1.5], "size": [2, 1, 0], "uv": [41, 22]},
						{"origin": [1, -3.5, -1.5], "size": [3, 1, 0], "uv": [21, 40]},
						{"origin": [2, -11.5, -1.5], "size": [3, 2, 0], "uv": [35, 0]},
						{"origin": [2, -12.5, -1.5], "size": [1, 1, 0], "uv": [18, 43]},
						{"origin": [0, -12.5, -1.5], "size": [2, 2, 0], "uv": [14, 41]}
					]
				},
				{
					"name": "wings",
					"parent": "belly",
					"pivot": [-5.5, 9.5, -0.75],
					"rotation": [-45, 0, 0]
				},
				{
					"name": "wing_top_left",
					"parent": "wings",
					"pivot": [2.5, 6.5, -0.75],
					"cubes": [
						{"origin": [2.75, 6.5, -0.75], "size": [6, 3, 0], "inflate": 0.003, "pivot": [4.25, 8, -0.75], "rotation": [0, 0, -45], "uv": [32, 27]},
						{"origin": [1.75, 6.5, -0.75], "size": [1, 2, 0], "pivot": [4.25, 8, -0.75], "rotation": [0, 0, -45], "uv": [26, 42]}
					]
				},
				{
					"name": "wing_top_left2",
					"parent": "wing_top_left",
					"pivot": [8.5, 10.25, -0.75],
					"cubes": [
						{"origin": [5.75, 3.5, -0.75], "size": [6, 3, 0], "pivot": [4.25, 8, -0.75], "rotation": [0, 0, -45], "uv": [32, 13]},
						{"origin": [11.75, 4.5, -0.75], "size": [1, 2, 0], "pivot": [4.25, 8, -0.75], "rotation": [0, 0, -45], "uv": [42, 16]}
					]
				},
				{
					"name": "wing_bottom_right",
					"parent": "wings",
					"pivot": [-2.25, 4.25, -0.75],
					"cubes": [
						{"origin": [-8.75, 2, -0.75], "size": [1, 5, 0], "pivot": [-4.25, 8.5, -0.75], "rotation": [-180, 0, -135], "uv": [14, 27]},
						{"origin": [-7.75, 4, -0.75], "size": [1, 2, 0], "pivot": [-4.25, 8.5, -0.75], "rotation": [-180, 0, -135], "uv": [42, 10]},
						{"origin": [-9.75, 3, -0.75], "size": [1, 2, 0], "pivot": [-4.25, 8.5, -0.75], "rotation": [-180, 0, -135], "uv": [12, 42]}
					]
				},
				{
					"name": "wing_bottom_left",
					"parent": "wings",
					"pivot": [2.25, 4.25, -0.75],
					"rotation": [0, 180, 0],
					"cubes": [
						{"origin": [-4.25, 2, -0.75], "size": [1, 5, 0], "pivot": [0.25, 8.5, -0.75], "rotation": [-180, 0, -135], "uv": [12, 27]},
						{"origin": [-3.25, 4, -0.75], "size": [1, 2, 0], "pivot": [0.25, 8.5, -0.75], "rotation": [-180, 0, -135], "uv": [10, 42]},
						{"origin": [-5.25, 3, -0.75], "size": [1, 2, 0], "pivot": [0.25, 8.5, -0.75], "rotation": [-180, 0, -135], "uv": [19, 37]}
					]
				},
				{
					"name": "wing_top_right",
					"parent": "wings",
					"pivot": [-2.5, 6.5, -0.75],
					"cubes": [
						{"origin": [-5.75, 6.5, -0.75], "size": [6, 3, 0], "inflate": 0.003, "pivot": [-4.25, 8, -0.75], "rotation": [-180, 0, -135], "uv": [28, 24]},
						{"origin": [-6.75, 6.5, -0.75], "size": [1, 2, 0], "pivot": [-4.25, 8, -0.75], "rotation": [-180, 0, -135], "uv": [42, 32]}
					]
				},
				{
					"name": "wing_top_right2",
					"parent": "wing_top_right",
					"pivot": [-8.5, 10.25, -0.75],
					"cubes": [
						{"origin": [-2.75, 3.5, -0.75], "size": [6, 3, 0], "pivot": [-4.25, 8, -0.75], "rotation": [-180, 0, -135], "uv": [12, 32]},
						{"origin": [3.25, 4.5, -0.75], "size": [1, 2, 0], "pivot": [-4.25, 8, -0.75], "rotation": [-180, 0, -135], "uv": [33, 42]}
					]
				},
				{
					"name": "arms",
					"parent": "torso_top",
					"pivot": [-0.75, 8, -5.5]
				},
				{
					"name": "arm_left",
					"parent": "arms",
					"pivot": [0.75, 10, -5],
					"cubes": [
						{"origin": [0.75, 10, -6.5], "size": [1, 0, 2], "uv": [3, 51]}
					]
				},
				{
					"name": "arm_right",
					"parent": "arms",
					"pivot": [-0.75, 10, -5],
					"cubes": [
						{"origin": [-1.75, 10, -6.5], "size": [1, 0, 2], "uv": [3, 51]}
					]
				},
				{
					"name": "head",
					"parent": "torso",
					"pivot": [0, 14.5, -4.75]
				},
				{
					"name": "leaf_big",
					"parent": "head",
					"pivot": [0, 17.25, 2.25],
					"cubes": [
						{"origin": [0, 17.25, 2.25], "size": [0, 4, 4], "pivot": [0, 17.25, 2.25], "rotation": [-35, -32.5, 0], "uv": [15, 10]}
					]
				},
				{
					"name": "leaf_small",
					"parent": "head",
					"pivot": [0, 17.25, 2.25],
					"cubes": [
						{"origin": [0, 14.25, 2.25], "size": [0, 3, 3], "pivot": [0, 17.25, 2.25], "rotation": [42.5, 50, 0], "uv": [0, 0]}
					]
				},
				{
					"name": "leaves_head",
					"parent": "head",
					"pivot": [0.53504, 20.72887, -2.06772],
					"rotation": [-50, 0, -180]
				},
				{
					"name": "leaves_left",
					"parent": "leaves_head",
					"pivot": [1, 22, -1],
					"cubes": [
						{"origin": [1.66454, 20.99383, -2.21775], "size": [2, 1, 0], "pivot": [0.66454, 20.99383, -2.21775], "rotation": [-139.8421, -63.3228, -137.8594], "uv": [42, 7]}
					]
				},
				{
					"name": "leaves_left2",
					"parent": "leaves_left",
					"pivot": [0.53504, 20.72887, -2.06772],
					"cubes": [
						{"origin": [-0.33419, 20.89753, 0.4629], "size": [2, 3, 0], "pivot": [-0.33419, 21.89753, 0.4629], "rotation": [-139.8421, -63.3228, -137.8594], "uv": [41, 0]}
					]
				},
				{
					"name": "leaves_left3",
					"parent": "leaves_left2",
					"pivot": [0.53504, 20.72887, -2.06772],
					"cubes": [
						{"origin": [-1, 21.5, 2.25], "size": [2, 3, 0], "pivot": [-1, 22.5, 2.25], "rotation": [-158.0092, -39.3568, -115.2081], "uv": [40, 40]}
					]
				},
				{
					"name": "leaves_left4",
					"parent": "leaves_left3",
					"pivot": [0.53504, 20.72887, -2.06772],
					"cubes": [
						{"origin": [1, 22, 2.25], "size": [1, 2, 0], "pivot": [-1, 22.5, 2.25], "rotation": [-158.0092, -39.3568, -115.2081], "uv": [4, 43]}
					]
				},
				{
					"name": "leaves_middle",
					"parent": "leaves_head",
					"pivot": [1, 23, -1],
					"cubes": [
						{"origin": [1.53504, 20.72887, -2.06772], "size": [2, 1, 0], "pivot": [0.53504, 20.72887, -2.06772], "rotation": [-179.2972, -59.7168, -90.7963], "uv": [42, 6]}
					]
				},
				{
					"name": "leaves_middle2",
					"parent": "leaves_middle",
					"pivot": [0.53504, 20.47887, -2.06772],
					"cubes": [
						{"origin": [0.51402, 21.24155, 0.52291], "size": [2, 3, 0], "pivot": [0.51402, 22.24155, 0.52291], "rotation": [-179.2972, -59.7168, -90.7963], "uv": [40, 37]}
					]
				},
				{
					"name": "leaves_middle3",
					"parent": "leaves_middle2",
					"pivot": [0.53504, 20.47887, -2.06772],
					"cubes": [
						{"origin": [0.95, 21.26839, 2.23828], "size": [3, 4, 0], "pivot": [0.99952, 23.26839, 2.23828], "rotation": [-179.5811, -32.2179, -90.4127], "uv": [30, 37]}
					]
				},
				{
					"name": "leaves_middle4",
					"parent": "leaves_middle3",
					"pivot": [0.53504, 20.47887, -2.06772],
					"cubes": [
						{"origin": [3.95, 21.76839, 2.23828], "size": [1, 3, 0], "pivot": [0.99952, 23.26839, 2.23828], "rotation": [-179.5811, -32.2179, -90.4127], "uv": [0, 25]}
					]
				},
				{
					"name": "leaves_right",
					"parent": "leaves_head",
					"pivot": [1, 22, -1],
					"cubes": [
						{"origin": [1.32488, 20.85488, -2.16447], "size": [2, 1, 0], "pivot": [0.32488, 20.85488, -2.16447], "rotation": [142.3565, -61.9935, -44.4822], "uv": [32, 41]}
					]
				},
				{
					"name": "leaves_right2",
					"parent": "leaves_right",
					"pivot": [0.53504, 20.72887, -2.06772],
					"cubes": [
						{"origin": [1.32995, 20.84195, 0.48421], "size": [2, 3, 0], "pivot": [1.32995, 21.84195, 0.48421], "rotation": [142.3565, -61.9935, -44.4822], "uv": [36, 40]}
					]
				},
				{
					"name": "leaves_right3",
					"parent": "leaves_right2",
					"pivot": [0.53504, 20.72887, -2.06772],
					"cubes": [
						{"origin": [2, 21.5, 2.25], "size": [2, 3, 0], "pivot": [2, 22.5, 2.25], "rotation": [158.7501, -37.6944, -65.3614], "uv": [40, 24]}
					]
				},
				{
					"name": "leaves_right4",
					"parent": "leaves_right3",
					"pivot": [0.53504, 20.72887, -2.06772],
					"cubes": [
						{"origin": [4, 22, 2.25], "size": [1, 2, 0], "pivot": [2, 22.5, 2.25], "rotation": [158.7501, -37.6944, -65.3614], "uv": [42, 34]}
					]
				},
				{
					"name": "beak",
					"parent": "head",
					"pivot": [0, 16.5, -6.25]
				},
				{
					"name": "beak2",
					"parent": "beak",
					"pivot": [0, 16.5, -6.25],
					"rotation": [-2.5, 0, 0],
					"cubes": [
						{"origin": [-1.5, 16.5, -10.25], "size": [3, 1, 4], "uv": [26, 8]},
						{"origin": [-1, 17.3, -8.5], "size": [2, 1, 3], "pivot": [0, 17.25, -6.5], "rotation": [22.5, 0, 0], "uv": [0, 34]}
					]
				},
				{
					"name": "beak3",
					"parent": "beak2",
					"pivot": [0, 16.5, -10.25],
					"rotation": [-47.5, 0, 0],
					"cubes": [
						{"origin": [-1, 16.5, -13.25], "size": [2, 1, 3], "inflate": 0.001, "uv": [7, 35]}
					]
				},
				{
					"name": "beak4",
					"parent": "beak3",
					"pivot": [0, 16.5, -13.25],
					"rotation": [-57.5, 0, 0],
					"cubes": [
						{"origin": [-0.5, 16.5, -16.25], "size": [1, 1, 3], "uv": [36, 20]}
					]
				},
				{
					"name": "beak5",
					"parent": "beak4",
					"pivot": [0, 16.5, -16.25],
					"rotation": [-47.5, 0, 0],
					"cubes": [
						{"origin": [0, 16.5, -19.25], "size": [0, 1, 3], "uv": [0, 3]}
					]
				},
				{
					"name": "jaw",
					"parent": "beak",
					"pivot": [0, 16.5, -6.25],
					"cubes": [
						{"origin": [-0.5, 15.75, -9.25], "size": [1, 1, 1], "uv": [0, 42]},
						{"origin": [-1, 15.75, -8.25], "size": [2, 1, 2], "uv": [19, 0]}
					]
				},
				{
					"name": "eyes",
					"parent": "head",
					"pivot": [3.38636, 16.72727, -3.25]
				},
				{
					"name": "bubble_eye",
					"parent": "eyes",
					"pivot": [3.38636, 16.72727, -3.25]
				},
				{
					"name": "bubble_eye_left",
					"parent": "bubble_eye",
					"pivot": [3.38636, 16.72727, -3.25],
					"cubes": [
						{"origin": [2.75, 15.5, -5.25], "size": [1, 0, 1], "uv": [27, 33]},
						{"origin": [2.75, 18.5, -5.25], "size": [1, 0, 1], "uv": [8, 27]},
						{"origin": [2.75, 18.5, -2.25], "size": [1, 0, 1], "uv": [16, 25]},
						{"origin": [2.75, 15.5, -4.25], "size": [1, 1, 0], "uv": [28, 43]},
						{"origin": [3.75, 15.5, -5.25], "size": [0, 1, 1], "uv": [21, 40]},
						{"origin": [2.75, 16.5, -4.25], "size": [1, 0, 2], "uv": [17, 3]},
						{"origin": [3.75, 16.5, -5.25], "size": [0, 2, 4], "uv": [9, 21]},
						{"origin": [3.75, 18.5, -4.25], "size": [0, 1, 2], "uv": [0, 16]},
						{"origin": [2.75, 15.5, -2.25], "size": [1, 0, 1], "uv": [2, 14]},
						{"origin": [2.75, 15.5, -2.25], "size": [1, 1, 0], "uv": [24, 43]},
						{"origin": [3.75, 15.5, -2.25], "size": [0, 1, 1], "uv": [27, 38]},
						{"origin": [2.75, 15.5, -5.25], "size": [1, 3, 0], "uv": [0, 34]},
						{"origin": [2.75, 18.5, -2.25], "size": [1, 1, 0], "uv": [22, 43]},
						{"origin": [2.75, 18.5, -4.25], "size": [1, 1, 0], "uv": [20, 43]},
						{"origin": [2.75, 15.5, -1.25], "size": [1, 3, 0], "uv": [27, 0]},
						{"origin": [2.75, 19.5, -4.25], "size": [1, 0, 2], "uv": [17, 0]}
					]
				},
				{
					"name": "bubble_eye_right",
					"parent": "bubble_eye",
					"pivot": [-3.36364, 16.72727, -3.25],
					"rotation": [0, 180, 0],
					"cubes": [
						{"origin": [-4, 15.5, -5.25], "size": [1, 0, 1], "uv": [13, 37]},
						{"origin": [-4, 18.5, -5.25], "size": [1, 0, 1], "uv": [6, 36]},
						{"origin": [-4, 18.5, -2.25], "size": [1, 0, 1], "uv": [6, 35]},
						{"origin": [-4, 15.5, -4.25], "size": [1, 1, 0], "uv": [39, 43]},
						{"origin": [-3, 15.5, -5.25], "size": [0, 1, 1], "uv": [14, 42]},
						{"origin": [-4, 16.5, -4.25], "size": [1, 0, 2], "uv": [23, 0]},
						{"origin": [-3, 16.5, -5.25], "size": [0, 2, 4], "uv": [14, 31]},
						{"origin": [-3, 18.5, -4.25], "size": [0, 1, 2], "uv": [15, 16]},
						{"origin": [-4, 15.5, -2.25], "size": [1, 0, 1], "uv": [27, 34]},
						{"origin": [-4, 15.5, -2.25], "size": [1, 1, 0], "uv": [37, 43]},
						{"origin": [-3, 15.5, -2.25], "size": [0, 1, 1], "uv": [6, 42]},
						{"origin": [-4, 15.5, -5.25], "size": [1, 3, 0], "uv": [8, 41]},
						{"origin": [-4, 18.5, -2.25], "size": [1, 1, 0], "uv": [35, 43]},
						{"origin": [-4, 18.5, -4.25], "size": [1, 1, 0], "uv": [30, 43]},
						{"origin": [-4, 15.5, -1.25], "size": [1, 3, 0], "uv": [36, 20]},
						{"origin": [-4, 19.5, -4.25], "size": [1, 0, 2], "uv": [21, 3]}
					]
				},
				{
					"name": "eye_left",
					"parent": "eyes",
					"pivot": [3.13636, 17.72727, -3.25],
					"cubes": [
						{"origin": [2.63636, 16.72727, -4.25], "size": [1, 2, 2], "inflate": -0.01, "uv": [15, 37]}
					]
				},
				{
					"name": "eye_right",
					"parent": "eyes",
					"pivot": [-3.11364, 17.72727, -3.25],
					"cubes": [
						{"origin": [-3.61364, 16.72727, -4.25], "size": [1, 2, 2], "inflate": -0.01, "uv": [19, 3]}
					]
				},
				{
					"name": "head_main",
					"parent": "head",
					"pivot": [0, 14.5, -4.75],
					"cubes": [
						{"origin": [-3, 14.5, -6.25], "size": [6, 7, 7], "uv": [0, 0]},
						{"origin": [-2, 15, 0.25], "size": [4, 5, 2], "uv": [30, 30]}
					]
				},
				{
					"name": "legs",
					"parent": "body",
					"pivot": [0, 0, -0.75]
				},
				{
					"name": "leg_left",
					"parent": "legs",
					"pivot": [0, 4, 0.25],
					"rotation": [0, -2.5, 0],
					"cubes": [
						{"origin": [1, 2, -0.25], "size": [1, 3, 1], "uv": [0, 14]}
					]
				},
				{
					"name": "leg_left2",
					"parent": "leg_left",
					"pivot": [1.5, 2, -0.25],
					"rotation": [0, 2.5, 0],
					"cubes": [
						{"origin": [0.5, 0, -1.25], "size": [2, 2, 2], "uv": [36, 6]}
					]
				},
				{
					"name": "talon_left_inner",
					"parent": "leg_left2",
					"pivot": [0.75, 1, -1],
					"cubes": [
						{"origin": [0.25, 0, -2], "size": [1, 1, 1], "inflate": -0.001, "uv": [18, 41]}
					]
				},
				{
					"name": "talon_left_outer",
					"parent": "leg_left2",
					"pivot": [2.25, 1, -1],
					"cubes": [
						{"origin": [1.75, 0, -2], "size": [1, 1, 1], "inflate": -0.001, "uv": [26, 40]}
					]
				},
				{
					"name": "talon_left_back",
					"parent": "leg_left2",
					"pivot": [1.5, 1, 0.5],
					"cubes": [
						{"origin": [1, 0, 0.5], "size": [1, 1, 1], "inflate": -0.001, "uv": [16, 26]}
					]
				},
				{
					"name": "leg_right",
					"parent": "legs",
					"pivot": [0, 4, 0.25],
					"rotation": [0, 2.5, 0],
					"cubes": [
						{"origin": [-2, 2, -0.25], "size": [1, 3, 1], "uv": [26, 8]}
					]
				},
				{
					"name": "leg_right2",
					"parent": "leg_right",
					"pivot": [-1.5, 2, -0.25],
					"cubes": [
						{"origin": [-2.5, 0, -1.25], "size": [2, 2, 2], "uv": [36, 16]}
					]
				},
				{
					"name": "talon_right_outer",
					"parent": "leg_right2",
					"pivot": [-2.25, 1, -1],
					"cubes": [
						{"origin": [-2.75, 0, -2], "size": [1, 1, 1], "inflate": -0.001, "uv": [22, 41]}
					]
				},
				{
					"name": "talon_right_inner",
					"parent": "leg_right2",
					"pivot": [-0.75, 1, -1],
					"cubes": [
						{"origin": [-1.25, 0, -2], "size": [1, 1, 1], "inflate": -0.001, "uv": [29, 41]}
					]
				},
				{
					"name": "talon_right_back",
					"parent": "leg_right2",
					"pivot": [-1.5, 1, 0.5],
					"cubes": [
						{"origin": [-2, 0, 0.5], "size": [1, 1, 1], "inflate": -0.001, "uv": [41, 20]}
					]
				}
			]
		}
	]
}