{
	"format_version": "1.8.0",
	"animations": {
		"animation.angusk.ground_idle": {
			"loop": true,
			"animation_length": 1.36,
			"bones": {
				"head": {
					"rotation": {
						"0.0": [0, 0, 0],
						"0.36": [5, 0, 0],
						"0.72": [0, 0, 0],
						"1.04": [-5, 0, 0],
						"1.36": [-0.45, 0, 0]
					},
					"position": {
						"0.0": [0, 4, 0],
						"0.36": [0, 3, 0],
						"0.72": [0, 4, 0],
						"1.04": [0, 3, 0],
						"1.36": [0, 3.91, 0]
					}
				},
				"bone": {
					"rotation": {
						"0.0": [2.5, 0, 0],
						"0.36": [0, 7.5, 0],
						"0.72": [2.5, 0, 0],
						"1.04": [0, -7.5, 0],
						"1.36": [2.27, -0.68, 0]
					},
					"position": {
						"0.0": [0, 4, 0],
						"0.36": [0, 3, 0],
						"0.72": [0, 4, 0],
						"1.04": [0, 3, 0],
						"1.36": [0, 3.91, 0]
					}
				},
				"wing": {
					"rotation": {
						"0.0": [0, 0, 0],
						"0.36": [0, 50, 0],
						"0.72": [0, 0, 0],
						"1.04": [0, -50, 0],
						"1.36": [0, -4.55, 0]
					}
				},
				"wing2": {
					"rotation": {
						"0.0": [0, 0, 0],
						"0.36": [0, -50, 0],
						"0.72": [0, 0, 0],
						"1.04": [0, 50, 0],
						"1.36": [0, 4.55, 0]
					}
				},
				"tail": {
					"rotation": {
						"0.0": [17.5, 0, 0],
						"1.36": [17.5, 0, 0]
					},
					"position": {
						"0.0": [0, 1, 0],
						"0.36": [0, 1, 0],
						"0.72": [0, 1, 0],
						"1.04": [0, 1, 0],
						"1.36": [0, 1, 0]
					}
				}
			}
		},
		"animation.angusk.ground_walk": {
			"loop": true,
			"animation_length": 0.96,
			"bones": {
				"head": {
					"rotation": {
						"0.0": [0, 0, 0],
						"0.2": [5, 0, 0],
						"0.44": [0, 0, 0],
						"0.72": [-5, 0, 0],
						"0.96": [0, 0, 0]
					},
					"position": {
						"0.0": [0, 3, 0],
						"0.44": [0, 3, 0],
						"0.96": [0, 3, 0]
					}
				},
				"bone": {
					"rotation": {
						"0.0": [35, 0, 0],
						"0.2": [27.5, 0, 0],
						"0.44": [35, 0, 0],
						"0.72": [42.5, 0, 0],
						"0.96": [35, 0, 0]
					},
					"position": {
						"0.0": [0, 4, 0],
						"0.44": [0, 4, 0],
						"0.96": [0, 4, 0]
					}
				},
				"wing": {
					"rotation": {
						"0.0": [0, 0, 0],
						"0.2": [0, -50, 0],
						"0.44": [0, 0, 0],
						"0.72": [0, 50, 0],
						"0.96": [0, 0, 0]
					}
				},
				"wing2": {
					"rotation": {
						"0.0": [0, 0, 0],
						"0.2": [0, 50, 0],
						"0.44": [0, 0, 0],
						"0.72": [0, -50, 0],
						"0.96": [0, 0, 0]
					}
				},
				"tail": {
					"rotation": {
						"0.0": [27.5, 0, 0],
						"0.2": [27.41063, -2.30644, 4.43745],
						"0.44": [27.5, 0, 0],
						"0.72": [27.41063, 2.30644, -4.43745],
						"0.96": [27.5, 0, 0]
					},
					"position": {
						"0.0": [0, 1, 0],
						"0.44": [0, 1, 0],
						"0.96": [0, 1, 0]
					}
				}
			}
		}
	}
}