{
	"format_version": "1.8.0",
	"animations": {
		"animation.velocigaletor.ground_idle": {
			"loop": true,
			"animation_length": 4,
			"bones": {
				"body": {
					"position": [0, 0.5, 0]
				},
				"torso": {
					"rotation": ["-20+math.sin(q.anim_time*90*2-60)*-1", "math.sin(q.anim_time*90*1)*-1", 0],
					"position": [0, "math.sin(q.anim_time*90*2-30)*0.5", 0]
				},
				"chest": {
					"rotation": ["10+math.sin(q.anim_time*90*2-90)*-2", "math.sin(q.anim_time*90*1-30)*-1", 0]
				},
				"neck": {
					"rotation": ["-22.5+math.sin(q.anim_time*90*2-150)*-5", "math.sin(q.anim_time*90*1-90)*-2", 0]
				},
				"neck2": {
					"rotation": ["20+math.sin(q.anim_time*90*2-100)*6", "math.sin(q.anim_time*90*1-30)*4", 0]
				},
				"head": {
					"rotation": [
						"32.5+math.sin(q.anim_time*90*2-160)*-2+math.sin(q.anim_time*90*2-130)*6",
						"math.sin(q.anim_time*90*1-60)*3+math.sin(q.anim_time*90*1-150)*-2",
						0
					]
				},
				"arm_left": {
					"rotation": [12, "-54.5+math.sin(q.anim_time*90*2-120)*-3", 36],
					"position": [0, 0, 0.75]
				},
				"arm_left2": {
					"rotation": [189.5, "80.5+math.sin(q.anim_time*90*2-150)*-4", 188],
					"position": [-2.75, 0, 0.75]
				},
				"arm_left3": {
					"rotation": [-2.5, "-7+math.sin(q.anim_time*90*2-165)*2", 27]
				},
				"hand_left": {
					"rotation": [10, "-12.5+math.sin(q.anim_time*90*2-210)*5", 0]
				},
				"finger_front_left": {
					"rotation": [0, 0, 22.5]
				},
				"finger_front_left2": {
					"rotation": [0, 0, 15]
				},
				"finger_middle_left": {
					"rotation": [0.6574, -7.4713, 19.95708]
				},
				"finger_middle_left2": {
					"rotation": [0, 0, 20]
				},
				"finger_back_left": {
					"rotation": [-1.6575, -12.39135, 32.67995]
				},
				"finger_back_left2": {
					"rotation": [0, 0, 25]
				},
				"tail_fur": {
					"rotation": ["-12.5+math.sin(q.anim_time*90*2-80)*2", "math.sin(q.anim_time*90*1-40)*1", 0]
				},
				"tail": {
					"rotation": ["10+math.sin(q.anim_time*90*2-90)*3", "math.sin(q.anim_time*90*1-60)*3", 0]
				},
				"tail2": {
					"rotation": ["12.5+math.sin(q.anim_time*90*2-140)*4", "math.sin(q.anim_time*90*1-120)*5", 0]
				},
				"tail3": {
					"rotation": ["10+math.sin(q.anim_time*90*2-180)*5", "math.sin(q.anim_time*90*1-180)*8", 0]
				},
				"tail4": {
					"rotation": ["10+math.sin(q.anim_time*90*2-220)*13", "math.sin(q.anim_time*90*1-240)*12", 0]
				},
				"tail5": {
					"rotation": ["math.sin(q.anim_time*90*2-260)*15", "math.sin(q.anim_time*90*1-280)*15", 0]
				},
				"leg_left": {
					"rotation": ["-6+math.sin(q.anim_time*90*2)*2", -16.5, -6.5],
					"position": [0, "math.sin(q.anim_time*90*2)*0.6", 0]
				},
				"leg_left2": {
					"rotation": ["-1+math.sin(q.anim_time*90*2)*-3", 2.5, 0],
					"position": [-0.3, 0, 0]
				},
				"leg_left3": {
					"rotation": ["8+math.sin(q.anim_time*90*2)*-1", 0, 0]
				},
				"leg_fur_left": {
					"rotation": ["1+math.sin(q.anim_time*90*2+40)*2", 10, 5]
				},
				"foot_left": {
					"rotation": ["1.2175+math.sin(q.anim_time*90*2)*3", 8.39394, 9.01894]
				},
				"leg_right": {
					"rotation": ["-6+math.sin(q.anim_time*90*2)*2", 16.5, 6.5],
					"position": [0, "math.sin(q.anim_time*90*2)*0.6", 0]
				},
				"leg_right2": {
					"rotation": ["-1+math.sin(q.anim_time*90*2)*-3", -2.5, 0],
					"position": [0.3, 0, 0]
				},
				"leg_right3": {
					"rotation": ["8+math.sin(q.anim_time*90*2)*-1", 0, 0]
				},
				"leg_fur_right": {
					"rotation": ["1+math.sin(q.anim_time*90*2+40)*2", -10, -5]
				},
				"foot_right": {
					"rotation": ["1.2175+math.sin(q.anim_time*90*2)*3", -8.39394, -9.01894]
				},
				"arm_right": {
					"rotation": [12, "54.5+math.sin(q.anim_time*90*2-120)*3", -36],
					"position": [0, 0, 0.75]
				},
				"arm_right2": {
					"rotation": [189.5, "-80.5+math.sin(q.anim_time*90*2-150)*4", -188],
					"position": [2.75, 0, 0.75]
				},
				"arm_right3": {
					"rotation": [-2.5, "7+math.sin(q.anim_time*90*2-165)*-2", -27]
				},
				"hand_right": {
					"rotation": [10, "12.5+math.sin(q.anim_time*90*2-210)*-5", 0]
				},
				"finger_front_right": {
					"rotation": [0, 0, -22.5]
				},
				"finger_front_right2": {
					"rotation": [0, 0, -15]
				},
				"finger_middle_right": {
					"rotation": [0.6574, 7.4713, -19.95708]
				},
				"finger_middle_right2": {
					"rotation": [0, 0, -20]
				},
				"finger_back_right": {
					"rotation": [-1.6575, 12.39135, -32.67995]
				},
				"arm_wing_left1": {
					"rotation": [0, "-12.5+math.sin(q.anim_time*90*2-230)*6", 0]
				},
				"chest_fur": {
					"rotation": ["-10+math.sin(q.anim_time*90*2-120)*-2", "math.sin(q.anim_time*90*1-60)*-1", 0]
				},
				"arm_wing_left2": {
					"rotation": [0, "-12.5+math.sin(q.anim_time*90*2-250)*6", 0]
				},
				"arm_wing_right1": {
					"rotation": [0, "12.5+math.sin(q.anim_time*90*2-230)*-6", 0]
				},
				"arm_wing_right2": {
					"rotation": [0, "12.5+math.sin(q.anim_time*90*2-250)*-6", 0]
				},
				"arm_wing_right3": {
					"rotation": [0, "27.5+math.sin(q.anim_time*90*2-270)*-6", 0]
				},
				"finger_back_right2": {
					"rotation": [0, 0, -25]
				},
				"arm_wing_left3": {
					"rotation": [0, "-27.5+math.sin(q.anim_time*90*2-270)*6", 0]
				},
				"tail_end": {
					"rotation": ["math.sin(q.anim_time*90*2-290)*3", "math.sin(q.anim_time*90*1-300)*2", 0]
				},
				"leg_fur_end_left": {
					"rotation": ["3.2691+math.sin(q.anim_time*90*2-60)*3", 19.51412, 4.46969]
				},
				"leg_fur_end_left2": {
					"rotation": ["3.7023+math.sin(q.anim_time*90*2-40)*3", 15.00515, 9.1107]
				},
				"leg_fur_end_left3": {
					"rotation": ["3.4083+math.sin(q.anim_time*90*2-20)*3", 8.21858, 12.59156]
				},
				"toes_left": {
					"rotation": ["math.sin(q.anim_time*90*2)*-1", 0, 0],
					"position": [0, 0, "math.sin(q.anim_time*90*2)*0.05+0.05"]
				},
				"toe_outer_left": {
					"rotation": [0, -20, 0]
				},
				"leg_fur_end_right": {
					"rotation": ["3.2691+math.sin(q.anim_time*90*2-60)*3", -19.51412, -4.46969]
				},
				"leg_fur_end_right2": {
					"rotation": ["3.7023+math.sin(q.anim_time*90*2-40)*3", -15.00515, -9.1107]
				},
				"leg_fur_end_right3": {
					"rotation": ["3.4083+math.sin(q.anim_time*90*2-20)*3", -8.21858, -12.59156]
				},
				"toes_right": {
					"rotation": ["math.sin(q.anim_time*90*2)*-1", 0, 0],
					"position": [0, 0, "math.sin(q.anim_time*90*2)*0.05+0.05"]
				},
				"toe_outer_right": {
					"rotation": [0, 20, 0]
				},
				"tail_end_back": {
					"rotation": ["math.sin(q.anim_time*90*2-320)*10", "math.sin(q.anim_time*90*1-340)*6", 0]
				},
				"tail_end_left": {
					"rotation": [0, "math.sin(q.anim_time*90*1-320)*3", "math.sin(q.anim_time*90*2-300)*-5"]
				},
				"tail_end_left2": {
					"rotation": [0, "math.sin(q.anim_time*90*1-330)*5", "math.sin(q.anim_time*90*2-310)*-8"]
				},
				"tail_end_right": {
					"rotation": [0, "math.sin(q.anim_time*90*1-320)*3", "math.sin(q.anim_time*90*2-300)*5"]
				},
				"tail_end_right2": {
					"rotation": [0, "math.sin(q.anim_time*90*1-330)*5", "math.sin(q.anim_time*90*2-310)*8"]
				},
				"toe_inner_right": {
					"rotation": {
						"0.0": [0, 0, 0],
						"0.5": [30, 0, 0],
						"1.0": [0, 0, 0],
						"1.5": [30, 0, 0],
						"2.0": [0, 0, 0],
						"2.5": [30, 0, 0],
						"3.0": [0, 0, 0],
						"3.5": [30, 0, 0],
						"4.0": [0, 0, 0]
					}
				},
				"toe_inner_left": {
					"rotation": {
						"0.0": [0, 0, 0],
						"0.5": [42.5, 0, 0],
						"1.0": [0, 0, 0],
						"1.5": [42.5, 0, 0],
						"2.0": [0, 0, 0],
						"2.5": [42.5, 0, 0],
						"3.0": [0, 0, 0],
						"3.5": [42.5, 0, 0],
						"4.0": [0, 0, 0]
					}
				}
			}
		},
		"animation.velocigaletor.battle_idle": {
			"loop": true,
			"bones": {
				"body": {
					"position": [0, 0.5, 0]
				},
				"torso": {
					"rotation": ["-35+math.sin(q.anim_time*90*2-60)*-1", "math.sin(q.anim_time*90*1)*-1", 0],
					"position": [0, "math.sin(q.anim_time*90*3-30)*0.7", 0]
				},
				"chest": {
					"rotation": ["math.sin(q.anim_time*90*2-90)*-2", "math.sin(q.anim_time*90*1-30)*-1", 0]
				},
				"neck": {
					"rotation": ["-47.5+math.sin(q.anim_time*90*2-150)*-5", "math.sin(q.anim_time*90*1-90)*-2", 0]
				},
				"neck2": {
					"rotation": ["37.5+math.sin(q.anim_time*90*2-100)*6", "0+math.sin(q.anim_time*90*1-30)*4", 0]
				},
				"head": {
					"rotation": [
						"69+math.sin(q.anim_time*90*3-160)*-2+math.sin(q.anim_time*90*3-130)*6",
						"math.sin(q.anim_time*90*1.5-60)*3+math.sin(q.anim_time*90*1.5-150)*-2",
						0
					]
				},
				"arm_left": {
					"rotation": [0, 0, 42.5],
					"position": [-2, 0, 0]
				},
				"arm_left2": {
					"rotation": [0, 82.5, 0]
				},
				"arm_left3": {
					"rotation": [0, 0, 30]
				},
				"hand_left": {
					"rotation": [0.62868, "19.5024+math.sin(q.anim_time*90*3-210)*7", 5.77546]
				},
				"finger_front_left": {
					"rotation": [0, "math.sin(q.anim_time*90*3-230)*5", 22.5]
				},
				"finger_front_left2": {
					"rotation": [0, 0, 15]
				},
				"finger_middle_left": {
					"rotation": [0.6574, "-7.5+math.sin(q.anim_time*90*3-250)*5", 19.95708]
				},
				"finger_middle_left2": {
					"rotation": [0, 0, 20]
				},
				"finger_back_left": {
					"rotation": [-1.6575, "-12+math.sin(q.anim_time*90*3-270)*5", 32.67995]
				},
				"finger_back_left2": {
					"rotation": [0, 0, 25]
				},
				"tail_fur": {
					"rotation": ["2.5+math.sin(q.anim_time*90*3-80)*2", "math.sin(q.anim_time*90*1.5-40)*1", 0]
				},
				"tail": {
					"rotation": ["10+math.sin(q.anim_time*90*3-90)*3", "math.sin(q.anim_time*90*1.5-60)*3", 0]
				},
				"tail2": {
					"rotation": ["12.5+math.sin(q.anim_time*90*3-140)*4", "math.sin(q.anim_time*90*1.5-120)*5", 0]
				},
				"tail3": {
					"rotation": ["10+math.sin(q.anim_time*90*3-180)*5", "math.sin(q.anim_time*90*1.5-180)*8", 0]
				},
				"tail4": {
					"rotation": ["10+math.sin(q.anim_time*90*3-220)*13", "math.sin(q.anim_time*90*1.5-240)*12", 0]
				},
				"tail5": {
					"rotation": ["math.sin(q.anim_time*90*3-260)*15", "math.sin(q.anim_time*90*1.5-280)*15", 0]
				},
				"leg_left": {
					"rotation": ["-4.0329+math.sin(q.anim_time*90*3)*2", -31.39287, -7.30522],
					"position": [0, "math.sin(q.anim_time*90*3)*0.6", 0]
				},
				"leg_left2": {
					"rotation": ["-1+math.sin(q.anim_time*90*3)*-3", 2.5, 0],
					"position": [-0.3, 0, 0]
				},
				"leg_left3": {
					"rotation": ["8+math.sin(q.anim_time*90*3)*-1", 0, 0]
				},
				"leg_fur_left": {
					"rotation": ["1+math.sin(q.anim_time*90*3+40)*2", 10, 5]
				},
				"foot_left": {
					"rotation": ["1.2175+math.sin(q.anim_time*90*3)*3", 8.39394, 9.01894]
				},
				"leg_right": {
					"rotation": ["-4.0329+math.sin(q.anim_time*90*3)*2", 31.39287, 7.30522],
					"position": [0, "math.sin(q.anim_time*90*3)*0.6", 0]
				},
				"leg_right2": {
					"rotation": ["-1+math.sin(q.anim_time*90*3)*-3", -2.5, 0],
					"position": [0.3, 0, 0]
				},
				"leg_right3": {
					"rotation": ["8+math.sin(q.anim_time*90*3)*-1", 0, 0]
				},
				"leg_fur_right": {
					"rotation": ["1+math.sin(q.anim_time*90*3+40)*2", -10, -5]
				},
				"foot_right": {
					"rotation": ["1.2175+math.sin(q.anim_time*90*3)*3", -8.39394, -9.01894]
				},
				"arm_right": {
					"rotation": [0, 0, -45],
					"position": [1, 0, 0]
				},
				"arm_right2": {
					"rotation": [0, -75, 0]
				},
				"arm_right3": {
					"rotation": [0, 0, -32.5]
				},
				"hand_right": {
					"rotation": [0.62868, "-19.5024+math.sin(q.anim_time*90*3-210)*-7", -5.77546]
				},
				"finger_front_right": {
					"rotation": [0, "math.sin(q.anim_time*90*3-230)*-5", -22.5]
				},
				"finger_front_right2": {
					"rotation": [0, 0, -15]
				},
				"finger_middle_right": {
					"rotation": [0.6574, "7.5+math.sin(q.anim_time*90*3-250)*-5", -19.95708]
				},
				"finger_middle_right2": {
					"rotation": [0, 0, -20]
				},
				"finger_back_right": {
					"rotation": [-1.6575, "12+math.sin(q.anim_time*90*3-270)*-5", -32.67995]
				},
				"arm_wing_left1": {
					"rotation": [0, "-7.5+math.sin(q.anim_time*90*3-230)*6", 0]
				},
				"chest_fur": {
					"rotation": ["-17.5+math.sin(q.anim_time*90*3-120)*-2", "math.sin(q.anim_time*90*1.5-60)*-1", 0]
				},
				"arm_wing_left2": {
					"rotation": [0, "10+math.sin(q.anim_time*90*3-240)*7", 0],
					"position": [-1, 0, 0]
				},
				"arm_wing_right1": {
					"rotation": [0, "7.5+math.sin(q.anim_time*90*3-230)*-6", 0]
				},
				"arm_wing_right2": {
					"rotation": [0, "-10+math.sin(q.anim_time*90*3-240)*-7", 0],
					"position": [1, 0, 0]
				},
				"arm_wing_right3": {
					"rotation": [0, "math.sin(q.anim_time*90*3-250)*-9", 0]
				},
				"finger_back_right2": {
					"rotation": [0, 0, -25]
				},
				"arm_wing_left3": {
					"rotation": [0, "math.sin(q.anim_time*90*3-250)*9", 0]
				},
				"tail_end": {
					"rotation": ["math.sin(q.anim_time*90*3-290)*5", "math.sin(q.anim_time*90*1.5-300)*2", 0]
				},
				"leg_fur_end_left": {
					"rotation": ["2.9233+math.sin(q.anim_time*90*3-60)*3", 14.64205, 3.29357]
				},
				"leg_fur_end_left2": {
					"rotation": ["3.7023+math.sin(q.anim_time*90*3-40)*3", 15.00515, 9.1107]
				},
				"leg_fur_end_left3": {
					"rotation": ["3.7383+math.sin(q.anim_time*90*3-20)*3", 9.56025, 14.72675]
				},
				"toes_left": {
					"rotation": ["math.sin(q.anim_time*90*3)*-1", 0, 0],
					"position": [0, 0, "math.sin(q.anim_time*90*3)*0.05+0.05"]
				},
				"leg_fur_end_right": {
					"rotation": ["2.9233+math.sin(q.anim_time*90*3-60)*3", -14.64205, -3.29357]
				},
				"leg_fur_end_right2": {
					"rotation": ["3.7023+math.sin(q.anim_time*90*3-40)*3", -15.00515, -9.1107]
				},
				"leg_fur_end_right3": {
					"rotation": ["3.7383+math.sin(q.anim_time*90*3-20)*3", -9.56025, -14.72675]
				},
				"toes_right": {
					"rotation": ["math.sin(q.anim_time*90*3)*-1", 0, 0],
					"position": [0, 0, "math.sin(q.anim_time*90*2)*0.05+0.05"]
				},
				"jaw": {
					"rotation": ["5+math.sin(q.anim_time*90*3-190)*-2+math.sin(q.anim_time*90*3-160)*6", 0, 0]
				},
				"tongue": {
					"rotation": ["math.sin(q.anim_time*90*3-210)*-1+math.sin(q.anim_time*90*3-190)*2", 0, 0]
				},
				"toe_outer_left": {
					"rotation": [0, -35, 0]
				},
				"toe_outer_right": {
					"rotation": [0, 35, 0]
				},
				"tail_end_back": {
					"rotation": ["math.sin(q.anim_time*90*3-330)*9", "math.sin(q.anim_time*90*1.5-340)*6", 0]
				},
				"tail_end_left": {
					"rotation": [0, "math.sin(q.anim_time*90*1.5-320)*4", "math.sin(q.anim_time*90*3-310)*-5"]
				},
				"tail_end_left2": {
					"rotation": [0, "math.sin(q.anim_time*90*1.5-330)*5", "math.sin(q.anim_time*90*3-320)*-7"]
				},
				"tail_end_right": {
					"rotation": [0, "math.sin(q.anim_time*90*1.5-320)*4", "math.sin(q.anim_time*90*3-310)*5"]
				},
				"tail_end_right2": {
					"rotation": [0, "math.sin(q.anim_time*90*1.5-330)*5", "math.sin(q.anim_time*90*3-320)*7"]
				}
			}
		},
		"animation.velocigaletor.sleep": {
			"loop": true,
			"animation_length": 8,
			"bones": {
				"body": {
					"rotation": [0, 37.5, 0],
					"position": [0, "-11.5+math.sin(q.anim_time*90*0.5+30)*-0.1", 0]
				},
				"torso": {
					"rotation": ["-22.5+math.sin(q.anim_time*90*0.5-80)*1", 0, 0],
					"position": [0, "math.sin(q.anim_time*90*0.5)*-0.2", 0]
				},
				"chest": {
					"rotation": ["-12.5+math.sin(q.anim_time*90*0.5-130)*2", 0, 0],
					"position": [0, 0, 2.75]
				},
				"arm_left": {
					"rotation": [75.1106, "-58.5859+math.sin(q.anim_time*90*0.5-130)*2", 3.45493],
					"position": [0, 0.5, 0]
				},
				"arm_left2": {
					"rotation": [-180, "50+math.sin(q.anim_time*90*0.5-160)*4", -180],
					"position": [0, 0, 1]
				},
				"arm_left3": {
					"rotation": [-165.22923, "-77+math.sin(q.anim_time*90*0.5-190)*-5", -184.93636],
					"position": [0, 0.2, -1]
				},
				"arm_wing_left1": {
					"rotation": [-17.33896, "26.0459+math.sin(q.anim_time*90*0.5-185)*-4", 0.35864]
				},
				"arm_wing_left2": {
					"rotation": [-18.20332, "22.9505+math.sin(q.anim_time*90*0.5-195)*-2", 1.39459],
					"position": [-1, 0, 0]
				},
				"arm_wing_left3": {
					"rotation": [-15.7757, "-9+math.sin(q.anim_time*90*0.5-195)*2", 2.98385],
					"position": [0.5, 0, 0]
				},
				"hand_left": {
					"rotation": [0, "-(math.sin(q.anim_time*90*0.5-170)*-10)", "17.5+math.sin(q.anim_time*90*0.5-170)*7"]
				},
				"finger_front_left": {
					"rotation": [0, 0, "82.5+math.sin(q.anim_time*90*0.5-180)*3"]
				},
				"finger_front_left2": {
					"rotation": [0, 0, 32.5]
				},
				"finger_middle_left": {
					"rotation": [0, 0, "67.5+math.sin(q.anim_time*90*0.5-180)*3"]
				},
				"finger_middle_left2": {
					"rotation": [0, 0, 27.5]
				},
				"finger_back_left": {
					"rotation": [0, 0, "60+math.sin(q.anim_time*90*0.5-180)*3"]
				},
				"finger_back_left2": {
					"rotation": [0, 0, 22.5]
				},
				"arm_right": {
					"rotation": [75.1106, "58.5859+math.sin(q.anim_time*90*0.5-130)*2", -3.45493],
					"position": [0, 0.5, 0]
				},
				"arm_right2": {
					"rotation": [-180, "-50+math.sin(q.anim_time*90*0.5-160)*4", 180],
					"position": [0, 0, 1]
				},
				"arm_right3": {
					"rotation": [-165.22923, "77+math.sin(q.anim_time*90*0.5-190)*-5", 184.93636],
					"position": [0, 0.2, -1]
				},
				"arm_wing_right1": {
					"rotation": [-17.33896, "-26.0459+math.sin(q.anim_time*90*0.5-185)*-4", -0.35864]
				},
				"arm_wing_right2": {
					"rotation": [-18.20332, "-22.9505+math.sin(q.anim_time*90*0.5-195)*-2", -1.39459],
					"position": [1, 0, 0]
				},
				"arm_wing_right3": {
					"rotation": [-15.7757, "9+math.sin(q.anim_time*90*0.5-195)*2", -2.98385],
					"position": [-0.5, 0, 0]
				},
				"hand_right": {
					"rotation": [0, "math.sin(q.anim_time*90*0.5-170)*-10", "-17.5+math.sin(q.anim_time*90*0.5-170)*7"]
				},
				"finger_front_right": {
					"rotation": [0, 0, "-82.5+math.sin(q.anim_time*90*0.5-180)*3"]
				},
				"finger_front_right2": {
					"rotation": [0, 0, -32.5]
				},
				"finger_middle_right": {
					"rotation": [0, 0, "-67.5+math.sin(q.anim_time*90*0.5-180)*3"]
				},
				"finger_middle_right2": {
					"rotation": [0, 0, -27.5]
				},
				"finger_back_right": {
					"rotation": [0, 0, "-60+math.sin(q.anim_time*90*0.5-180)*3"]
				},
				"finger_back_right2": {
					"rotation": [0, 0, -22.5]
				},
				"chest_fur": {
					"rotation": ["-27+math.sin(q.anim_time*90*0.5-160)*4", -8, -5]
				},
				"neck": {
					"rotation": ["-26+math.sin(q.anim_time*90*0.5-180)*3", -3, -23],
					"position": [0, -1, 0]
				},
				"neck2": {
					"rotation": ["55+math.sin(q.anim_time*90*0.5-220)*5", 0, 0],
					"position": [0, 0.5, 1.25]
				},
				"head": {
					"rotation": ["87.5+math.sin(q.anim_time*90*0.5-160)*-8", 1.07962, 1.26394],
					"position": [0, 1.25, 0]
				},
				"eyelid_left": {
					"position": [0.1, 0, 0]
				},
				"eyelid_right": {
					"position": [-0.1, 0, 0]
				},
				"tail_fur": {
					"rotation": ["math.sin(q.anim_time*90*0.5-120)*1", 12, 3]
				},
				"tail": {
					"rotation": ["math.sin(q.anim_time*90*0.5-150)*1+1", 41, 10]
				},
				"tail2": {
					"rotation": ["20+math.sin(q.anim_time*90*0.5-190)*3", 33, 11]
				},
				"tail3": {
					"rotation": ["6+math.sin(q.anim_time*90*0.5-240)*5", 38, 10]
				},
				"tail4": {
					"rotation": ["5+math.sin(q.anim_time*90*0.5-270)*9", 35, 0]
				},
				"tail5": {
					"rotation": ["math.sin(q.anim_time*90*0.5-310)*13+4", 37.5, "math.sin(q.anim_time*90*0.5-260)*-6"]
				},
				"tail_end_back": {
					"rotation": ["math.sin(q.anim_time*90*0.5-360)*13", 0, 0]
				},
				"tail_end_left": {
					"rotation": [0, -22.5, "math.sin(q.anim_time*90*0.5-340)*-10"]
				},
				"tail_end_left2": {
					"rotation": [0, -15, "7.5+math.sin(q.anim_time*90*0.5-350)*-11"]
				},
				"tail_end_right": {
					"rotation": ["math.sin(q.anim_time*90*0.5-340)*10", 22.5, 0]
				},
				"tail_end_right2": {
					"rotation": [0, 12.5, "-5+math.sin(q.anim_time*90*0.5-350)*11"]
				},
				"leg_left": {
					"rotation": [-135.66171, -7.57131, 9.97528],
					"position": [0, -7.75, 3]
				},
				"leg_left2": {
					"rotation": [82.5, 0, 0],
					"position": [0, 0, 7.25]
				},
				"leg_left3": {
					"rotation": [-20.04256, -0.65182, 7.47178]
				},
				"leg_fur_left": {
					"rotation": [70, 7.5, 35],
					"position": [-0.5, -1, -0.5]
				},
				"leg_fur_end_left": {
					"rotation": [22.5, -37.5, 0],
					"position": [0.75, 0, 0]
				},
				"leg_fur_end_left2": {
					"rotation": [10, -37.5, 0],
					"position": [0.75, 0, 0]
				},
				"leg_fur_end_left3": {
					"rotation": [-7.5, -37.5, 0],
					"position": [0.75, 0, 0.5]
				},
				"foot_left": {
					"rotation": [90.09385, -53.89407, 18.18778],
					"position": [0, 1, -2]
				},
				"toe_middle_left": {
					"rotation": [25.46621, -3.18878, 6.76025]
				},
				"toe_middle_left2": {
					"rotation": [30, 0, 0]
				},
				"toe_outer_left": {
					"rotation": [31.05202, 2.90543, 18.58298]
				},
				"toe_outer_left2": {
					"rotation": [27.5, 0, 0]
				},
				"leg_right": {
					"rotation": [-135.66171, 7.57131, -9.97528],
					"position": [0, -7.75, 3]
				},
				"leg_right2": {
					"rotation": [82.5, 0, 0],
					"position": [0, 0, 7.25]
				},
				"leg_right3": {
					"rotation": [-20.11794, 1.08089, -12.45392]
				},
				"leg_fur_right": {
					"rotation": [70, -7.5, -35],
					"position": [0.5, -1, -0.5]
				},
				"leg_fur_end_right": {
					"rotation": [22.5, 37.5, 0],
					"position": [-0.75, 0, 0]
				},
				"leg_fur_end_right2": {
					"rotation": [10, 37.5, 0],
					"position": [-0.75, 0, 0]
				},
				"leg_fur_end_right3": {
					"rotation": [-7.5, 37.5, 0],
					"position": [-0.75, 0, 0.5]
				},
				"foot_right": {
					"rotation": [94.05056, 48.96339, -19.52094],
					"position": [0, 1, -2]
				},
				"toe_middle_right": {
					"rotation": [25.46621, 3.18878, -6.76025]
				},
				"toe_middle_right2": {
					"rotation": [30, 0, 0]
				},
				"toe_outer_right": {
					"rotation": [31.05202, -2.90543, -18.58298]
				},
				"toe_outer_right2": {
					"rotation": [27.5, 0, 0]
				},
				"tail_end": {
					"rotation": ["math.clamp(math.cos(q.anim_time*90*0.5-20)*-14,0,20)", 0, 0]
				}
			}
		},
		"animation.velocigaletor.cry": {
			"animation_length": 2.5,
			"bones": {
				"jaw": {
					"rotation": {
						"0.2917": {
							"pre": [0, 0, 0],
							"post": [0, 0, 0],
							"lerp_mode": "catmullrom"
						},
						"0.4167": {
							"post": [30, 0, 0],
							"lerp_mode": "catmullrom"
						},
						"0.4583": {
							"post": [40, 0, 0],
							"lerp_mode": "catmullrom"
						},
						"0.5417": {
							"post": [24.94, 0, 0],
							"lerp_mode": "catmullrom"
						},
						"0.625": {
							"post": [42.22, 0, 0],
							"lerp_mode": "catmullrom"
						},
						"0.8333": {
							"post": [61.95, 0, 0],
							"lerp_mode": "catmullrom"
						},
						"1.125": {
							"post": [27.5, 0, 0],
							"lerp_mode": "catmullrom"
						},
						"1.5417": {
							"post": [0, 0, 0],
							"lerp_mode": "catmullrom"
						}
					}
				},
				"torso": {
					"rotation": {
						"0.0": {
							"post": [0, 0, 0],
							"lerp_mode": "catmullrom"
						},
						"0.2083": {
							"post": [-10, 0, 0],
							"lerp_mode": "catmullrom"
						},
						"0.625": {
							"post": [12.35, 0, 0],
							"lerp_mode": "catmullrom"
						},
						"1.125": {
							"post": [11.35, 0, 0],
							"lerp_mode": "catmullrom"
						},
						"1.7917": {
							"post": [0, 0, 0],
							"lerp_mode": "catmullrom"
						}
					}
				},
				"chest": {
					"rotation": {
						"0.0": {
							"post": [0, 0, 0],
							"lerp_mode": "catmullrom"
						},
						"0.25": {
							"post": [1.5, 0, 0],
							"lerp_mode": "catmullrom"
						},
						"0.7083": {
							"post": [-0.66, 0, 0],
							"lerp_mode": "catmullrom"
						},
						"1.875": {
							"post": [0, 0, 0],
							"lerp_mode": "catmullrom"
						}
					}
				},
				"arm_left": {
					"rotation": {
						"0.0": [0, 0, 0],
						"0.25": [0, 0, 42.5],
						"1.875": [0, 0, 0]
					},
					"position": {
						"0.0": [0, 0, 0],
						"0.25": [-2, 0, 0],
						"1.875": [0, 0, 0]
					}
				},
				"arm_left2": {
					"rotation": {
						"0.0": [0, 0, 0],
						"0.25": [0, 90, 0],
						"1.875": [0, 0, 0]
					},
					"position": {
						"0.0": [0, 0, 0],
						"0.25": [0, 0, 1],
						"1.875": [0, 0, 0]
					}
				},
				"arm_left3": {
					"rotation": {
						"0.0": [0, 0, 0],
						"0.25": [0, 0, 12.5],
						"1.0": [0, 0, -73.27],
						"1.875": [0, 0, 0]
					},
					"position": {
						"0.0": [0, 0, 0],
						"1.875": [0, 0, 0]
					}
				},
				"arm_wing_left1": {
					"rotation": {
						"0.0": {
							"post": [0, 0, 0],
							"lerp_mode": "catmullrom"
						},
						"1.0417": {
							"post": [0, 10, 0],
							"lerp_mode": "catmullrom"
						},
						"2.5": {
							"post": [0, 0, 0],
							"lerp_mode": "catmullrom"
						}
					}
				},
				"arm_wing_left2": {
					"rotation": {
						"0.0": {
							"post": [0, 0, 0],
							"lerp_mode": "catmullrom"
						},
						"1.0417": {
							"post": [0, 15, 0],
							"lerp_mode": "catmullrom"
						},
						"2.5": {
							"post": [0, 0, 0],
							"lerp_mode": "catmullrom"
						}
					}
				},
				"arm_wing_left3": {
					"rotation": {
						"0.0": {
							"post": [0, 0, 0],
							"lerp_mode": "catmullrom"
						},
						"0.25": {
							"post": [0, 5, 0],
							"lerp_mode": "catmullrom"
						},
						"0.4583": {
							"post": [0, -2.6, 0],
							"lerp_mode": "catmullrom"
						},
						"1.0417": {
							"post": [0, 22.48, 0],
							"lerp_mode": "catmullrom"
						},
						"2.5": {
							"post": [0, 0, 0],
							"lerp_mode": "catmullrom"
						}
					}
				},
				"hand_left": {
					"rotation": {
						"0.0": {
							"post": [0, 0, 0],
							"lerp_mode": "catmullrom"
						},
						"0.4167": {
							"post": [0, 0, 25],
							"lerp_mode": "catmullrom"
						},
						"0.9167": {
							"post": [0, 0, -25.05],
							"lerp_mode": "catmullrom"
						},
						"1.4167": {
							"post": [0, 0, -25.05],
							"lerp_mode": "catmullrom"
						},
						"1.9583": {
							"post": [0, 0, -5.41],
							"lerp_mode": "catmullrom"
						},
						"2.4167": {
							"post": [0, 0, 0],
							"lerp_mode": "catmullrom"
						}
					}
				},
				"arm_right": {
					"rotation": {
						"0.0": [0, 0, 0],
						"0.25": [0, 0, -50],
						"1.875": [0, 0, 0]
					},
					"position": {
						"0.0": [0, 0, 0],
						"0.25": [2, 0, 0],
						"1.875": [0, 0, 0]
					}
				},
				"arm_right2": {
					"rotation": {
						"0.0": [0, 0, 0],
						"0.25": [0, -92.5, 0],
						"1.875": [0, 0, 0]
					},
					"position": {
						"0.0": [0, 0, 0],
						"0.25": [0, 0, 1],
						"1.875": [0, 0, 0]
					}
				},
				"arm_right3": {
					"rotation": {
						"0.0": [0, 0, 0],
						"0.25": [0, 0, -25],
						"1.0": [0, 0, 74.04],
						"1.875": [0, 0, 0]
					},
					"position": {
						"0.0": [0, 0, 0],
						"1.875": [0, 0, 0]
					}
				},
				"arm_wing_right1": {
					"rotation": {
						"0.0": {
							"post": [0, 0, 0],
							"lerp_mode": "catmullrom"
						},
						"1.0417": {
							"post": [0, -10, 0],
							"lerp_mode": "catmullrom"
						},
						"2.5": {
							"post": [0, 0, 0],
							"lerp_mode": "catmullrom"
						}
					}
				},
				"arm_wing_right2": {
					"rotation": {
						"0.0": {
							"post": [0, 0, 0],
							"lerp_mode": "catmullrom"
						},
						"1.0417": {
							"post": [0, -15, 0],
							"lerp_mode": "catmullrom"
						},
						"2.5": {
							"post": [0, 0, 0],
							"lerp_mode": "catmullrom"
						}
					}
				},
				"arm_wing_right3": {
					"rotation": {
						"0.0": {
							"post": [0, 0, 0],
							"lerp_mode": "catmullrom"
						},
						"0.25": {
							"post": [0, -5, 0],
							"lerp_mode": "catmullrom"
						},
						"0.4583": {
							"post": [0, 2.6, 0],
							"lerp_mode": "catmullrom"
						},
						"1.0417": {
							"post": [0, -22.48, 0],
							"lerp_mode": "catmullrom"
						},
						"2.5": {
							"post": [0, 0, 0],
							"lerp_mode": "catmullrom"
						}
					}
				},
				"hand_right": {
					"rotation": {
						"0.0": {
							"post": [0, 0, 0],
							"lerp_mode": "catmullrom"
						},
						"0.4167": {
							"post": [0, 0, -25],
							"lerp_mode": "catmullrom"
						},
						"0.9167": {
							"post": [0, 0, 25.05],
							"lerp_mode": "catmullrom"
						},
						"1.4167": {
							"post": [0, 0, 25.05],
							"lerp_mode": "catmullrom"
						},
						"1.9583": {
							"post": [0, 0, 5.41],
							"lerp_mode": "catmullrom"
						},
						"2.4167": {
							"post": [0, 0, 0],
							"lerp_mode": "catmullrom"
						}
					}
				},
				"chest_fur": {
					"rotation": {
						"0.0": {
							"post": [0, 0, 0],
							"lerp_mode": "catmullrom"
						},
						"0.2917": {
							"post": [-7, 0, 0],
							"lerp_mode": "catmullrom"
						},
						"0.7917": {
							"post": [3.35, 0, 0],
							"lerp_mode": "catmullrom"
						},
						"1.25": {
							"post": [3.35, 0, 0],
							"lerp_mode": "catmullrom"
						},
						"1.5": {
							"post": [-0.65, 0, 0],
							"lerp_mode": "catmullrom"
						},
						"1.9167": {
							"post": [0, 0, 0],
							"lerp_mode": "catmullrom"
						}
					}
				},
				"neck": {
					"rotation": {
						"0.0": [0, 0, 0],
						"0.25": [-35, 0, 0],
						"2.0": [0, 0, 0]
					},
					"position": {
						"0.0": [0, 0, 0],
						"0.25": [0, 0, 1],
						"2.0": [0, 0, 0]
					}
				},
				"neck2": {
					"rotation": {
						"0.0": [0, 0, 0],
						"0.25": [35, 0, 0],
						"0.75": [5, 0, 0],
						"2.0": [0, 0, 0]
					},
					"position": {
						"0.0": [0, 0, 0],
						"0.25": [0, 0, 1],
						"2.0": [0, 0, 0]
					}
				},
				"head": {
					"rotation": {
						"0.0": [0, 0, 0],
						"0.25": [15, 0, 0],
						"2.0": [0, 0, 0]
					}
				},
				"tongue": {
					"rotation": {
						"0.2917": {
							"pre": [0, 0, 0],
							"post": [0, 0, 0],
							"lerp_mode": "catmullrom"
						},
						"0.4167": {
							"post": [-17.5, 0, 0],
							"lerp_mode": "catmullrom"
						},
						"0.5": {
							"post": [0, 0, 0],
							"lerp_mode": "catmullrom"
						},
						"0.5833": {
							"post": [-2.5, 0, 0],
							"lerp_mode": "catmullrom"
						},
						"0.7083": {
							"post": [-7.5, 0, 0],
							"lerp_mode": "catmullrom"
						},
						"0.875": {
							"post": [-5, 0, 0],
							"lerp_mode": "catmullrom"
						},
						"1.2083": {
							"post": [0, 0, 0],
							"lerp_mode": "catmullrom"
						},
						"1.75": {
							"post": [0, 0, 0],
							"lerp_mode": "catmullrom"
						}
					}
				},
				"tail_fur": {
					"rotation": {
						"0.0": {
							"post": [0, 0, 0],
							"lerp_mode": "catmullrom"
						},
						"0.25": {
							"post": [-1, 0, 0],
							"lerp_mode": "catmullrom"
						},
						"0.6667": {
							"post": [2, 0, 0],
							"lerp_mode": "catmullrom"
						},
						"1.0": {
							"post": [2, 0, 0],
							"lerp_mode": "catmullrom"
						},
						"1.5417": {
							"post": [0, 0, 0],
							"lerp_mode": "catmullrom"
						}
					}
				},
				"tail": {
					"rotation": {
						"0.0": {
							"post": [0, 0, 0],
							"lerp_mode": "catmullrom"
						},
						"0.1667": {
							"post": [7.5, 0, 0],
							"lerp_mode": "catmullrom"
						},
						"0.4167": {
							"post": [0, 0, 0],
							"lerp_mode": "catmullrom"
						},
						"0.9583": {
							"post": [2.5, 0, 0],
							"lerp_mode": "catmullrom"
						},
						"1.5833": {
							"post": [0, 0, 0],
							"lerp_mode": "catmullrom"
						}
					}
				},
				"tail2": {
					"rotation": {
						"0.0": {
							"post": [0, 0, 0],
							"lerp_mode": "catmullrom"
						},
						"0.2083": {
							"post": [5, 0, 0],
							"lerp_mode": "catmullrom"
						},
						"0.5": {
							"post": [-2.5, 0, 0],
							"lerp_mode": "catmullrom"
						},
						"1.0417": {
							"post": [2.5, 0, 0],
							"lerp_mode": "catmullrom"
						},
						"1.6667": {
							"post": [0, 0, 0],
							"lerp_mode": "catmullrom"
						}
					}
				},
				"tail3": {
					"rotation": {
						"0.0": {
							"post": [0, 0, 0],
							"lerp_mode": "catmullrom"
						},
						"0.25": {
							"post": [2.5, 0, 0],
							"lerp_mode": "catmullrom"
						},
						"0.5417": {
							"post": [-5, 0, 0],
							"lerp_mode": "catmullrom"
						},
						"1.0833": {
							"post": [2.5, 0, 0],
							"lerp_mode": "catmullrom"
						},
						"1.8333": {
							"post": [0, 0, 0],
							"lerp_mode": "catmullrom"
						}
					}
				},
				"tail4": {
					"rotation": {
						"0.0": {
							"post": [0, 0, 0],
							"lerp_mode": "catmullrom"
						},
						"0.2083": {
							"post": [2.5, 0, 0],
							"lerp_mode": "catmullrom"
						},
						"0.6667": {
							"post": [-2.5, 0, 0],
							"lerp_mode": "catmullrom"
						},
						"1.1667": {
							"post": [10, 0, 0],
							"lerp_mode": "catmullrom"
						},
						"1.9167": {
							"post": [0, 0, 0],
							"lerp_mode": "catmullrom"
						}
					}
				},
				"tail5": {
					"rotation": {
						"0.0": {
							"post": [0, 0, 0],
							"lerp_mode": "catmullrom"
						},
						"0.25": {
							"post": [-2.5, 0, 0],
							"lerp_mode": "catmullrom"
						},
						"0.75": {
							"post": [-17.5, 0, 0],
							"lerp_mode": "catmullrom"
						},
						"1.2917": {
							"post": [22.5, 0, 0],
							"lerp_mode": "catmullrom"
						},
						"2.0": {
							"post": [0, 0, 0],
							"lerp_mode": "catmullrom"
						}
					}
				},
				"tail_end": {
					"rotation": {
						"0.0": {
							"post": [0, 0, 0],
							"lerp_mode": "catmullrom"
						},
						"0.25": {
							"post": [2.5, 0, 0],
							"lerp_mode": "catmullrom"
						},
						"0.8333": {
							"post": [-5, 0, 0],
							"lerp_mode": "catmullrom"
						},
						"1.375": {
							"post": [12.5, 0, 0],
							"lerp_mode": "catmullrom"
						},
						"2.0": {
							"post": [0, 0, 0],
							"lerp_mode": "catmullrom"
						}
					}
				}
			}
		},
		"animation.velocigaletor.blink": {
			"animation_length": 0.1667,
			"bones": {
				"eyelid_left": {
					"position": {
						"0.0": [0.1, 0, 0],
						"0.125": [0.1, 0, 0],
						"0.1667": [0, 0, 0]
					}
				},
				"eyelid_right": {
					"position": {
						"0.0": [-0.1, 0, 0],
						"0.125": [-0.1, 0, 0],
						"0.1667": [0, 0, 0]
					}
				}
			}
		}
	}
}