{
	"format_version": "1.12.0",
	"minecraft:geometry": [
		{
			"description": {
				"identifier": "geometry.armarouge",
				"texture_width": 128,
				"texture_height": 128,
				"visible_bounds_width": 7,
				"visible_bounds_height": 4.5,
				"visible_bounds_offset": [0, 1.75, 0]
			},
			"bones": [
				{
					"name": "armarouge",
					"pivot": [0, 0, 0]
				},
				{
					"name": "body",
					"parent": "armarouge",
					"pivot": [0, 30, 0]
				},
				{
					"name": "torso",
					"parent": "body",
					"pivot": [0, 22.75, -0.9],
					"cubes": [
						{"origin": [-3.5, 22.25, -4.05], "size": [7, 4, 5], "inflate": 0.01, "uv": [0, 74]}
					]
				},
				{
					"name": "back_hips_armor",
					"parent": "torso",
					"pivot": [0, 26.5, -0.875],
					"rotation": [5, 0, 0],
					"cubes": [
						{"origin": [-5, 26.5, -2.9], "size": [10, 0, 7], "uv": [32, 60]}
					]
				},
				{
					"name": "back_hips_armor_left",
					"parent": "back_hips_armor",
					"pivot": [5, 26.5, 1.6],
					"cubes": [
						{"origin": [5, 21.5, -2.9], "size": [0, 5, 7], "uv": [94, 67]}
					]
				},
				{
					"name": "back_hips_armor_right",
					"parent": "back_hips_armor",
					"pivot": [-5, 26.5, 1.6],
					"cubes": [
						{"origin": [-5, 21.5, -2.9], "size": [0, 5, 7], "uv": [0, 95]}
					]
				},
				{
					"name": "back_hips_armor_back",
					"parent": "back_hips_armor",
					"pivot": [0, 26.5, 4.1],
					"cubes": [
						{"origin": [-5, 20.5, 4.1], "size": [10, 6, 0], "uv": [94, 79]}
					]
				},
				{
					"name": "waist",
					"parent": "torso",
					"pivot": [0, 26.2, 0.95],
					"rotation": [12.5, 0, 0],
					"cubes": [
						{"origin": [-3, 26.25, -4.05], "size": [6, 3, 5], "uv": [74, 51]}
					]
				},
				{
					"name": "hips_armor_front",
					"parent": "waist",
					"pivot": [0, 26.2, 3.95],
					"rotation": [150, 0, -180],
					"cubes": [
						{"origin": [0, 18.2, 3.95], "size": [4, 8, 0], "pivot": [0, 22.2, 3.95], "rotation": [0, -25, 0], "uv": [58, 108]},
						{"origin": [-4, 18.2, 3.95], "size": [4, 8, 0], "pivot": [0, 22.2, 3.95], "rotation": [0, 25, 0], "uv": [66, 108]}
					]
				},
				{
					"name": "chest",
					"parent": "waist",
					"pivot": [0, 28.75, 0.2],
					"rotation": [10, 0, 0],
					"cubes": [
						{"origin": [-4, 28.75, -4.05], "size": [8, 5, 8], "inflate": 0.01, "uv": [0, 48]}
					]
				},
				{
					"name": "chest_armor",
					"parent": "chest",
					"pivot": [0, 31.75, -2.85]
				},
				{
					"name": "chest_armor_front",
					"parent": "chest_armor",
					"pivot": [0, 30, -2.875],
					"rotation": [15, 0, 0],
					"cubes": [
						{"origin": [-1.51, 29.95, -3.62497], "size": [4, 5, 4], "inflate": 0.01, "pivot": [0, 31.9, -1.125], "rotation": [0, 45, 0], "uv": [100, 98]},
						{"origin": [1.49, 32.95, -3.62497], "size": [0, 2, 4], "pivot": [0, 31.9, -1.125], "rotation": [0, 45, 0], "uv": [56, 67]},
						{"origin": [-1.49, 32.95, -3.62497], "size": [0, 2, 4], "pivot": [0, 31.9, -1.125], "rotation": [0, -45, 0], "uv": [108, 71]}
					]
				},
				{
					"name": "neck_armor",
					"parent": "chest_armor",
					"pivot": [0, 33.45, 5.785]
				},
				{
					"name": "neck_armor_left",
					"parent": "neck_armor",
					"pivot": [4, 30.75, 3.95],
					"rotation": [5, 2.5, 20],
					"cubes": [
						{"origin": [2, 30.75, -2.55], "size": [2, 5, 7], "inflate": 0.01, "uv": [24, 79]}
					]
				},
				{
					"name": "neck_armor_right",
					"parent": "neck_armor",
					"pivot": [-4, 30.5, 3.95],
					"rotation": [5, -2.5, -20],
					"cubes": [
						{"origin": [-4, 30.5, -2.55], "size": [2, 5, 7], "inflate": 0.01, "uv": [0, 83]}
					]
				},
				{
					"name": "neck_armor_back",
					"parent": "neck_armor",
					"pivot": [0, 30.25, 3.95],
					"rotation": [-20, 0, 0],
					"cubes": [
						{"origin": [-4, 30.25, 2.7], "size": [8, 6, 2], "uv": [94, 59]},
						{"origin": [-0.5, 30.25, 4.71], "size": [1, 2, 0], "uv": [64, 67]}
					]
				},
				{
					"name": "arms",
					"parent": "chest",
					"pivot": [0, 33.75, 1.3],
					"rotation": [-10, 0, 0]
				},
				{
					"name": "arm_left",
					"parent": "arms",
					"pivot": [4, 33.95, 1.3],
					"cubes": [
						{"origin": [4, 31.95, 0.3], "size": [7, 2, 2], "uv": [96, 30]}
					]
				},
				{
					"name": "shoulder_left",
					"parent": "arm_left",
					"pivot": [5.4, 32.95, 1.3]
				},
				{
					"name": "shoulder_left_rotation",
					"parent": "shoulder_left",
					"pivot": [29.8, 34.5, 0.9],
					"rotation": [0, 0, -5],
					"cubes": [
						{"origin": [27.7, 38.75, -2.6], "size": [4, 3, 1], "pivot": [32.7, 38.75, -1.6], "rotation": [0, 0, 5], "uv": [74, 108]},
						{"origin": [27.7, 38.75, 3.4], "size": [4, 3, 1], "pivot": [32.7, 38.75, -2.6], "rotation": [0, 0, 5], "uv": [84, 108]},
						{"origin": [31.7, 38.75, -2.6], "size": [1, 3, 7], "inflate": 0.01, "pivot": [32.7, 38.75, -1.6], "rotation": [0, 0, 5], "uv": [36, 95]},
						{"origin": [27.8, 26.51, -2.6], "size": [4, 3, 1], "uv": [110, 0]},
						{"origin": [27.8, 26.51, 3.4], "size": [4, 3, 1], "uv": [110, 4]},
						{"origin": [31.8, 26.51, -2.6], "size": [1, 3, 7], "inflate": 0.01, "uv": [96, 46]},
						{"origin": [24.8, 29.5, -5.1], "size": [10, 10, 0], "uv": [42, 85]},
						{"origin": [24.8, 29.5, 6.9], "size": [10, 10, 0], "uv": [62, 88]},
						{"origin": [24.8, 39.5, -5.1], "size": [10, 0, 12], "uv": [0, 0]},
						{"origin": [24.8, 29.5, -5.1], "size": [10, 0, 12], "uv": [0, 12]},
						{"origin": [34.8, 29.5, -5.1], "size": [0, 10, 12], "uv": [44, 0]},
						{"origin": [34.8, 31.5, -2.1], "size": [3, 6, 6], "uv": [18, 91]},
						{"origin": [36.8, 34.5, -1.1], "size": [4, 4, 4], "uv": [102, 85]},
						{"origin": [39.8, 37.5, -0.1], "size": [4, 2, 2], "pivot": [40.8, 37.5, 0.9], "rotation": [0, 0, -25], "uv": [42, 79]}
					]
				},
				{
					"name": "arm_left2",
					"parent": "arm_left",
					"pivot": [10.9, 32.95, 2.3],
					"cubes": [
						{"origin": [10.9, 31.45, -1.2], "size": [5, 4, 5], "uv": [92, 12]}
					]
				},
				{
					"name": "hand_left",
					"parent": "arm_left2",
					"pivot": [15.9, 35.2, 0.8],
					"cubes": [
						{"origin": [15.9, 32.2, -1.2], "size": [2, 3, 5], "inflate": 0.01, "uv": [30, 105]}
					]
				},
				{
					"name": "fingers_left",
					"parent": "hand_left",
					"pivot": [17.9, 35.2, 1.3],
					"cubes": [
						{"origin": [17.9, 32.2, -1.2], "size": [2, 3, 5], "uv": [0, 107]}
					]
				},
				{
					"name": "thumb_left",
					"parent": "hand_left",
					"pivot": [15.9, 32.25, -0.7],
					"cubes": [
						{"origin": [15.9, 31.25, -1.7], "size": [3, 2, 2], "inflate": -0.1, "uv": [110, 8]}
					]
				},
				{
					"name": "arm_right",
					"parent": "arms",
					"pivot": [-4, 33.95, 1.3],
					"cubes": [
						{"origin": [-11, 31.95, 0.3], "size": [7, 2, 2], "uv": [102, 93]}
					]
				},
				{
					"name": "shoulder_right",
					"parent": "arm_right",
					"pivot": [-5.4, 32.95, 1.3]
				},
				{
					"name": "shoulder_right_rotation",
					"parent": "shoulder_right",
					"pivot": [-29.8, 34.5, 0.9],
					"rotation": [0, 0, 5],
					"cubes": [
						{"origin": [-31.7, 38.75, -2.6], "size": [4, 3, 1], "pivot": [-32.7, 38.75, -1.6], "rotation": [0, 0, -5], "uv": [110, 34]},
						{"origin": [-31.7, 38.75, 3.4], "size": [4, 3, 1], "pivot": [-32.7, 38.75, -2.6], "rotation": [0, 0, -5], "uv": [110, 38]},
						{"origin": [-32.7, 38.75, -2.6], "size": [1, 3, 7], "inflate": 0.01, "pivot": [-32.7, 38.75, -1.6], "rotation": [0, 0, -5], "uv": [52, 98]},
						{"origin": [-31.8, 26.51, -2.6], "size": [4, 3, 1], "uv": [110, 42]},
						{"origin": [-31.8, 26.51, 3.4], "size": [4, 3, 1], "uv": [14, 111]},
						{"origin": [-32.8, 26.51, -2.6], "size": [1, 3, 7], "inflate": 0.01, "uv": [68, 98]},
						{"origin": [-34.8, 29.5, -5.1], "size": [10, 10, 0], "uv": [82, 88]},
						{"origin": [-34.8, 29.5, 6.9], "size": [10, 10, 0], "uv": [90, 36]},
						{"origin": [-34.8, 39.5, -5.1], "size": [10, 0, 12], "uv": [0, 24]},
						{"origin": [-34.8, 29.5, -5.1], "size": [10, 0, 12], "uv": [0, 36]},
						{"origin": [-34.8, 29.5, -5.1], "size": [0, 10, 12], "uv": [44, 22]},
						{"origin": [-37.8, 31.5, -2.1], "size": [3, 6, 6], "uv": [92, 0]},
						{"origin": [-40.8, 34.5, -1.1], "size": [4, 4, 4], "uv": [14, 103]},
						{"origin": [-43.8, 37.5, -0.1], "size": [4, 2, 2], "pivot": [-40.8, 37.5, 0.9], "rotation": [0, 0, 25], "uv": [108, 67]}
					]
				},
				{
					"name": "arm_right2",
					"parent": "arm_right",
					"pivot": [-10.9, 32.95, 2.3],
					"cubes": [
						{"origin": [-15.9, 31.45, -1.2], "size": [5, 4, 5], "uv": [92, 21]}
					]
				},
				{
					"name": "hand_right",
					"parent": "arm_right2",
					"pivot": [-15.9, 35.2, 0.8],
					"cubes": [
						{"origin": [-17.9, 32.2, -1.2], "size": [2, 3, 5], "inflate": 0.01, "uv": [100, 107]}
					]
				},
				{
					"name": "fingers_right",
					"parent": "hand_right",
					"pivot": [-17.9, 35.2, 1.3],
					"cubes": [
						{"origin": [-19.9, 32.2, -1.2], "size": [2, 3, 5], "uv": [44, 108]}
					]
				},
				{
					"name": "thumb_right",
					"parent": "hand_right",
					"pivot": [-15.9, 32.25, -0.7],
					"cubes": [
						{"origin": [-18.9, 31.25, -1.7], "size": [3, 2, 2], "inflate": -0.1, "uv": [112, 12]}
					]
				},
				{
					"name": "neck",
					"parent": "chest",
					"pivot": [0, 33.75, 0.5],
					"rotation": [-10, 0, 0],
					"cubes": [
						{"origin": [-1, 32.75, -0.5], "size": [2, 4, 2], "uv": [112, 16]}
					]
				},
				{
					"name": "head",
					"parent": "neck",
					"pivot": [0, 38.55, 0.75],
					"rotation": [-10, 0, 0],
					"cubes": [
						{"origin": [-3.5, 36.3, -3.15], "size": [7, 8, 8], "uv": [44, 44]}
					]
				},
				{
					"name": "eyes",
					"parent": "head",
					"pivot": [0, 39.2, -2.45]
				},
				{
					"name": "eye_left",
					"parent": "eyes",
					"pivot": [2.51, 38.85, -2.66],
					"cubes": [
						{"origin": [1.51, 37.85, -3.16], "size": [2, 2, 1], "uv": [68, 36]}
					]
				},
				{
					"name": "eye_angry_left",
					"parent": "eye_left",
					"pivot": [2.41, 39.35, -3.08],
					"cubes": [
						{"origin": [1.41, 38.85, -3.08], "size": [1, 1, 0], "inflate": 0.01, "uv": [24, 77]},
						{"origin": [2.41, 39.35, -3.08], "size": [1, 1, 0], "inflate": 0.01, "uv": [26, 77]}
					]
				},
				{
					"name": "eye_sad_left",
					"parent": "eye_left",
					"pivot": [2.41, 39.35, -3.08],
					"cubes": [
						{"origin": [2.41, 39.35, -3.07], "size": [1, 1, 1], "inflate": 0.02, "uv": [28, 61]}
					]
				},
				{
					"name": "eye_unamused_left",
					"parent": "eye_left",
					"pivot": [2.41, 39.35, -2.58],
					"cubes": [
						{"origin": [1.41, 38.85, -3.07], "size": [2, 1, 1], "inflate": 0.02, "uv": [68, 42]}
					]
				},
				{
					"name": "pupil_left",
					"parent": "eye_left",
					"pivot": [2.26, 38.85, -3.17],
					"cubes": [
						{"origin": [1.76, 37.85, -3.17], "size": [1, 2, 0], "uv": [64, 69]}
					]
				},
				{
					"name": "eyelid_left",
					"parent": "eye_left",
					"pivot": [2.41, 38.85, -2.58],
					"cubes": [
						{"origin": [1.41, 37.85, -3.08], "size": [2, 2, 1], "inflate": 0.01, "uv": [68, 39]}
					]
				},
				{
					"name": "eyelid_happy_left",
					"parent": "eye_left",
					"pivot": [2.41, 38.85, -2.08],
					"cubes": [
						{"origin": [1.41, 37.85, -3.08], "size": [2, 2, 2], "inflate": 0.01, "uv": [112, 22]}
					]
				},
				{
					"name": "eyelid_recoil_left",
					"parent": "eye_left",
					"pivot": [2.41, 38.85, -2.58],
					"cubes": [
						{"origin": [1.41, 37.85, -3.08], "size": [2, 2, 1], "inflate": 0.01, "uv": [18, 83]}
					]
				},
				{
					"name": "eye_right",
					"parent": "eyes",
					"pivot": [-2.51, 38.85, -2.66],
					"cubes": [
						{"origin": [-3.51, 37.85, -3.16], "size": [2, 2, 1], "uv": [62, 85]}
					]
				},
				{
					"name": "eye_angry_right",
					"parent": "eye_right",
					"pivot": [-2.41, 39.35, -3.08],
					"cubes": [
						{"origin": [-2.41, 38.85, -3.08], "size": [1, 1, 0], "inflate": 0.01, "uv": [24, 78]},
						{"origin": [-3.41, 39.35, -3.08], "size": [1, 1, 0], "inflate": 0.01, "uv": [26, 78]}
					]
				},
				{
					"name": "eye_sad_right",
					"parent": "eye_right",
					"pivot": [-2.41, 39.35, -3.08],
					"cubes": [
						{"origin": [-3.41, 39.35, -3.07], "size": [1, 1, 1], "inflate": 0.02, "uv": [28, 63]}
					]
				},
				{
					"name": "eye_unamused_right",
					"parent": "eye_right",
					"pivot": [-2.41, 39.35, -2.58],
					"cubes": [
						{"origin": [-3.41, 38.85, -3.07], "size": [2, 1, 1], "inflate": 0.02, "uv": [18, 89]}
					]
				},
				{
					"name": "pupil_right",
					"parent": "eye_right",
					"pivot": [-2.26, 38.85, -3.17],
					"cubes": [
						{"origin": [-2.76, 37.85, -3.17], "size": [1, 2, 0], "uv": [64, 71]}
					]
				},
				{
					"name": "eyelid_right",
					"parent": "eye_right",
					"pivot": [-2.41, 38.85, -2.58],
					"cubes": [
						{"origin": [-3.41, 37.85, -3.08], "size": [2, 2, 1], "inflate": 0.01, "uv": [68, 85]}
					]
				},
				{
					"name": "eyelid_happy_right",
					"parent": "eye_right",
					"pivot": [-2.41, 38.85, -2.08],
					"cubes": [
						{"origin": [-3.41, 37.85, -3.08], "size": [2, 2, 2], "inflate": 0.01, "uv": [112, 26]}
					]
				},
				{
					"name": "eyelid_recoil_right",
					"parent": "eye_right",
					"pivot": [-2.41, 38.85, -2.58],
					"cubes": [
						{"origin": [-3.41, 37.85, -3.08], "size": [2, 2, 1], "inflate": 0.01, "uv": [18, 86]}
					]
				},
				{
					"name": "helmet",
					"parent": "head",
					"pivot": [0, 45.3, 1.5],
					"rotation": [3.5, 0, 0],
					"cubes": [
						{"origin": [-4, 39.05, -4.5], "size": [8, 6, 6], "inflate": 0.01, "uv": [28, 67]},
						{"origin": [-4, 40.05, -4.5], "size": [8, 0, 6], "uv": [68, 30]},
						{"origin": [-0.5, 41.05, -4.51], "size": [1, 1, 0], "inflate": 0.005, "uv": [78, 59]}
					]
				},
				{
					"name": "head_flame",
					"parent": "head",
					"pivot": [0, 43.3, -9.65],
					"rotation": [-115, 0, 180],
					"cubes": [
						{"origin": [-2.5, 44.3, -13.15], "size": [5, 6, 6], "uv": [56, 73]}
					]
				},
				{
					"name": "head_flame2",
					"parent": "head_flame",
					"pivot": [0, 46.8, -7.15],
					"rotation": [-20, 0, 0],
					"cubes": [
						{"origin": [-1, 44.8, -8.15], "size": [2, 4, 6], "uv": [84, 98]}
					]
				},
				{
					"name": "head_flame3",
					"parent": "head_flame2",
					"pivot": [0, 47.8, -2.15],
					"rotation": [32.5, 0, 0],
					"cubes": [
						{"origin": [0, 46.8, -3.15], "size": [0, 4, 6], "uv": [32, 48]}
					]
				},
				{
					"name": "cheek_spikes",
					"parent": "head",
					"pivot": [0.1, 36.55, -0.05],
					"rotation": [5, 0, 0],
					"cubes": [
						{"origin": [1.1, 37.55, -4.05], "size": [6, 2, 0], "pivot": [1.1, 37.55, -4.05], "rotation": [-42.2855, 28.9537, 50.6672], "uv": [32, 58]},
						{"origin": [-7.1, 37.55, -4.05], "size": [6, 2, 0], "pivot": [-1.1, 37.55, -4.05], "rotation": [-42.28552, -28.95367, -50.6672], "uv": [42, 83]}
					]
				},
				{
					"name": "legs",
					"parent": "body",
					"pivot": [0, 24.25, -1.6]
				},
				{
					"name": "leg_left",
					"parent": "legs",
					"pivot": [2.7, 25, -1.4],
					"cubes": [
						{"origin": [0.7, 14, -3.4], "size": [4, 11, 4], "inflate": -0.1, "uv": [74, 36]}
					]
				},
				{
					"name": "leg_left2",
					"parent": "leg_left",
					"pivot": [2.7, 14.1, -3.4],
					"cubes": [
						{"origin": [0, 5.1, -3.65], "size": [6, 9, 6], "inflate": 0.01, "uv": [68, 0]}
					]
				},
				{
					"name": "foot_left",
					"parent": "leg_left2",
					"pivot": [3, 5.6, -0.4],
					"cubes": [
						{"origin": [-0.5, -0.4, -3.9], "size": [7, 6, 7], "inflate": 0.02, "uv": [0, 61]}
					]
				},
				{
					"name": "leg_right",
					"parent": "legs",
					"pivot": [-2.7, 25, -1.4],
					"cubes": [
						{"origin": [-4.7, 14, -3.4], "size": [4, 11, 4], "inflate": -0.1, "uv": [78, 73]}
					]
				},
				{
					"name": "leg_right2",
					"parent": "leg_right",
					"pivot": [-2.7, 14.1, -3.4],
					"cubes": [
						{"origin": [-6, 5.1, -3.65], "size": [6, 9, 6], "inflate": 0.01, "uv": [68, 15]}
					]
				},
				{
					"name": "foot_right",
					"parent": "leg_right2",
					"pivot": [-3, 5.6, -0.4],
					"cubes": [
						{"origin": [-6.5, -0.4, -3.9], "size": [7, 6, 7], "inflate": 0.02, "uv": [66, 60]}
					]
				}
			]
		}
	]
}