{
	"format_version": "1.8.0",
	"animations": {
		"animation.withrose.ground_idle": {
			"loop": true,
			"animation_length": 2,
			"bones": {
				"head": {
					"rotation": {
						"0.0": [0, 0, 0],
						"1.0": [5, 0, 0],
						"2.0": [0, 0, 0]
					}
				},
				"tail": {
					"rotation": {
						"0.0": [0, 0, 0],
						"1.0": [-20, 0, 0],
						"2.0": [0, 0, 0]
					}
				},
				"arm1": {
					"rotation": {
						"0.0": [0, 0, 45],
						"1.0": [0, 0, 35],
						"2.0": [0, 0, 45]
					}
				},
				"arm2": {
					"rotation": {
						"0.0": [0, 0, -45],
						"1.0": [0, 0, -35],
						"2.0": [0, 0, -45]
					}
				}
			}
		},
		"animation.withrose.ground walk": {
			"loop": true,
			"animation_length": 0.5,
			"bones": {
				"torso": {
					"rotation": {
						"0.0": [0, 0, 0],
						"0.5": [0, 0, 0]
					},
					"position": {
						"0.0": [0, 0.5, 0],
						"0.125": [0, 0, 0],
						"0.25": [0, 0.5, 0],
						"0.375": [0, 0, 0],
						"0.5": [0, 0.5, 0]
					}
				},
				"head": {
					"rotation": {
						"0.0": [0, 0, 0],
						"0.125": [-5, 0, 0],
						"0.25": [0, 0, 0],
						"0.375": [-5, 0, 0],
						"0.5": [0, 0, 0]
					},
					"position": [0, 0, 0]
				},
				"leg1": {
					"rotation": {
						"0.0": [-25, 0, 0],
						"0.125": [0, 0, 0],
						"0.25": [25, 0, 0],
						"0.375": [0, 0, 0],
						"0.5": [-25, 0, 0]
					}
				},
				"leg2": {
					"rotation": {
						"0.0": [25, 0, 0],
						"0.125": [0, 0, 0],
						"0.25": [-25, 0, 0],
						"0.375": [0, 0, 0],
						"0.5": [25, 0, 0]
					}
				},
				"tail": {
					"rotation": {
						"0.0": [-15, 0, 0],
						"0.125": [0, 0, 0],
						"0.25": [-15, 0, 0],
						"0.375": [0, 0, 0],
						"0.5": [-15, 0, 0]
					}
				},
				"arm1": {
					"rotation": {
						"0.0": [0, 0, -15],
						"0.125": [0, 0, -30],
						"0.25": [0, 0, -15],
						"0.375": [0, 0, -30],
						"0.5": [0, 0, -15]
					}
				},
				"arm2": {
					"rotation": {
						"0.0": [0, 0, 15],
						"0.125": [0, 0, 30],
						"0.25": [0, 0, 15],
						"0.375": [0, 0, 30],
						"0.5": [0, 0, 15]
					}
				}
			}
		},
		"animation.withrose.ground_walk": {
			"loop": true,
			"animation_length": 0.5,
			"bones": {
				"torso": {
					"rotation": {
						"0.0": [0, 0, 0],
						"0.5": [0, 0, 0]
					},
					"position": {
						"0.0": [0, 0.5, 0],
						"0.125": [0, 0, 0],
						"0.25": [0, 0.5, 0],
						"0.375": [0, 0, 0],
						"0.5": [0, 0.5, 0]
					}
				},
				"head": {
					"rotation": {
						"0.0": [0, 0, 0],
						"0.125": [-5, 0, 0],
						"0.25": [0, 0, 0],
						"0.375": [-5, 0, 0],
						"0.5": [0, 0, 0]
					},
					"position": [0, 0, 0]
				},
				"leg1": {
					"rotation": {
						"0.0": [-25, 0, 0],
						"0.125": [0, 0, 0],
						"0.25": [25, 0, 0],
						"0.375": [0, 0, 0],
						"0.5": [-25, 0, 0]
					}
				},
				"leg2": {
					"rotation": {
						"0.0": [25, 0, 0],
						"0.125": [0, 0, 0],
						"0.25": [-25, 0, 0],
						"0.375": [0, 0, 0],
						"0.5": [25, 0, 0]
					}
				},
				"tail": {
					"rotation": {
						"0.0": [-15, 0, 0],
						"0.125": [0, 0, 0],
						"0.25": [-15, 0, 0],
						"0.375": [0, 0, 0],
						"0.5": [-15, 0, 0]
					}
				},
				"arm1": {
					"rotation": {
						"0.0": [0, 0, -15],
						"0.125": [0, 0, -30],
						"0.25": [0, 0, -15],
						"0.375": [0, 0, -30],
						"0.5": [0, 0, -15]
					}
				},
				"arm2": {
					"rotation": {
						"0.0": [0, 0, 15],
						"0.125": [0, 0, 30],
						"0.25": [0, 0, 15],
						"0.375": [0, 0, 30],
						"0.5": [0, 0, 15]
					}
				}
			}
		},
		"animation.withrose.faint": {
			"animation_length": 3,
			"bones": {
				"torso": {
					"rotation": {
						"0.0": [0, 0, 0],
						"0.1667": [-12.5, 0, 0],
						"0.2917": [-17.5, 0, 0],
						"0.5": [70, 0, 0],
						"0.6667": [90, 0, 0]
					},
					"position": {
						"0.0": [0, 0, 0],
						"0.1667": [0, 0, 1],
						"0.2917": [0, 0, 1.5],
						"0.5": [0, -1, -2],
						"0.6667": [0, -2, -4],
						"0.7083": [0, -1.5, -4.65],
						"0.875": [0, -2, -6],
						"1.125": [0, -2, -6.5],
						"3.0": [0, -2, -6.5]
					}
				},
				"head": {
					"rotation": {
						"0.0": [0, 0, 0],
						"0.125": [-37.5, 0, 0],
						"0.25": [-45, 0, 0],
						"0.625": [-75, 0, 0],
						"0.7083": [-45, 0, 0],
						"0.7917": [-75, 0, 0],
						"0.875": [-70, 0, 0]
					}
				},
				"tail": {
					"rotation": {
						"0.0": [0, 0, 0],
						"0.2917": [40, 0, 0],
						"0.5": [-45, 0, 0]
					},
					"position": [0, 0, 0]
				},
				"arm1": {
					"rotation": {
						"0.0": [0, 0, 20],
						"0.1667": [0, 0, -20],
						"0.3333": [0, 0, -20],
						"0.5": [-25, 0, 70]
					}
				},
				"arm2": {
					"rotation": {
						"0.0": [0, 0, -20],
						"0.1667": [0, 0, 20],
						"0.3333": [0, 0, 20],
						"0.5": [-25, 0, -70]
					}
				}
			}
		},
		"animation.withrose.shoulder_left": {
			"loop": true,
			"animation_length": 2,
			"bones": {
				"torso": {
					"rotation": [0, 0, 0],
					"position": [0, 0, 0]
				},
				"head": {
					"rotation": {
						"0.0": [0, 0, 0],
						"1.0": [2.5, 0, 0],
						"2.0": [0, 0, 0]
					}
				},
				"arm1": {
					"rotation": {
						"0.0": [0, -62, 65],
						"1.0": [0, -62, 50],
						"2.0": [0, -62, 65]
					}
				},
				"arm2": {
					"rotation": {
						"0.0": [0, 62, -65],
						"1.0": [0, 62, -50],
						"2.0": [0, 62, -65]
					}
				},
				"withrose": {
					"position": [-0.5, 0, 0]
				}
			}
		},
		"animation.withrose.shoulder_right": {
			"loop": true,
			"animation_length": 2,
			"bones": {
				"torso": {
					"rotation": [0, 0, 0],
					"position": [0, 0, 0]
				},
				"head": {
					"rotation": {
						"0.0": [0, 0, 0],
						"1.0": [2.5, 0, 0],
						"2.0": [0, 0, 0]
					}
				},
				"arm1": {
					"rotation": {
						"0.0": [0, -62, 65],
						"1.0": [0, -62, 50],
						"2.0": [0, -62, 65]
					}
				},
				"arm2": {
					"rotation": {
						"0.0": [0, 62, -65],
						"1.0": [0, 62, -50],
						"2.0": [0, 62, -65]
					}
				},
				"withrose": {
					"position": {
						"0.0": [0.5, 0, 0],
						"2.0": [0.5, 0, 0]
					}
				}
			}
		}
	}
}