{
	"format_version": "1.12.0",
	"minecraft:geometry": [
		{
			"description": {
				"identifier": "geometry.unknown",
				"texture_width": 128,
				"texture_height": 128,
				"visible_bounds_width": 7,
				"visible_bounds_height": 4,
				"visible_bounds_offset": [0, 1, 0]
			},
			"bones": [
				{
					"name": "carquette",
					"pivot": [0, 0, -0.5]
				},
				{
					"name": "body",
					"parent": "carquette",
					"pivot": [0, 7, -0.5],
					"cubes": [
						{"origin": [-3.5, 4.5, -4], "size": [7, 5, 7], "uv": [0, 16]}
					]
				},
				{
					"name": "waist",
					"parent": "body",
					"pivot": [0, 9.5, -0.5],
					"cubes": [
						{"origin": [-3, 8.25, -3.5], "size": [6, 3, 6], "pivot": [0, 10, -0.5], "rotation": [-5, 0, 0], "uv": [22, 22]},
						{"origin": [2.5, 7.25, -3.25], "size": [-5, 6, 1], "inflate": -0.01, "pivot": [0, 10, -0.5], "rotation": [-5, 0, 0], "uv": [73, 0]},
						{"origin": [-2.5, 9.75, -3.25], "size": [5, 5, 5], "pivot": [0, 10.5, -0.5], "rotation": [-7.5, 0, 0], "uv": [0, 28]},
						{"origin": [-1, 12.25, 1.25], "size": [2, 2, 2], "uv": [58, 19]},
						{"origin": [1.75, 12.25, -1.25], "size": [2, 2, 2], "uv": [44, 58]},
						{"origin": [-1, 12.25, -4.25], "size": [2, 2, 2], "uv": [22, 59]},
						{"origin": [1.75, 12.25, -4], "size": [2, 2, 2], "pivot": [2, 13.25, -3.25], "rotation": [0, -45, 0], "uv": [60, 13]},
						{"origin": [1.5, 12.25, 0.75], "size": [2, 2, 2], "pivot": [2.75, 13.25, 1.75], "rotation": [0, -45, 0], "uv": [8, 60]},
						{"origin": [-3.5, 12.25, 0.75], "size": [2, 2, 2], "pivot": [-2.75, 13.25, 1.75], "rotation": [0, 45, 0], "uv": [60, 9]},
						{"origin": [-3.75, 12.25, -4], "size": [2, 2, 2], "pivot": [-2, 13.25, -3.25], "rotation": [0, 45, 0], "uv": [0, 60]},
						{"origin": [-3.75, 12.25, -1.25], "size": [2, 2, 2], "uv": [58, 23]}
					]
				},
				{
					"name": "head",
					"parent": "waist",
					"pivot": [0, 14, -0.5],
					"cubes": [
						{"origin": [-1.5, 15, -5], "size": [3, 1, 1], "pivot": [0, 15.75, -4.5], "rotation": [-27.5, 0, 0], "uv": [24, 6]},
						{"origin": [-1, 18, -6.25], "size": [2, 2, 2], "uv": [14, 58]},
						{"origin": [2.25, 18, -5.75], "size": [2, 2, 2], "pivot": [2.75, 19, -5.5], "rotation": [0, -30, 0], "uv": [34, 53]},
						{"origin": [3, 18, -4.25], "size": [2, 2, 2], "pivot": [4.75, 19, -3.25], "rotation": [0, 30, 0], "uv": [56, 32]},
						{"origin": [3.75, 18, -1.5], "size": [2, 2, 2], "uv": [48, 5]},
						{"origin": [3, 18, 1.5], "size": [2, 2, 2], "pivot": [4.75, 19, 2.25], "rotation": [0, -30, 0], "uv": [0, 56]},
						{"origin": [2, 18, 2.75], "size": [2, 2, 2], "pivot": [2.5, 19, 4.5], "rotation": [0, 30, 0], "uv": [22, 55]},
						{"origin": [-1, 18, 3.25], "size": [2, 2, 2], "uv": [28, 57]},
						{"origin": [-4, 18, 2.75], "size": [2, 2, 2], "pivot": [-2.5, 19, 4.5], "rotation": [0, -30, 0], "uv": [52, 28]},
						{"origin": [-5, 18, 1.5], "size": [2, 2, 2], "pivot": [-4.75, 19, 2.25], "rotation": [0, 30, 0], "uv": [50, 54]},
						{"origin": [-5.75, 18, -1.5], "size": [2, 2, 2], "uv": [36, 57]},
						{"origin": [-5, 18, -4.25], "size": [2, 2, 2], "pivot": [-4.75, 19, -3.25], "rotation": [0, -30, 0], "uv": [55, 44]},
						{"origin": [-4.25, 18, -5.75], "size": [2, 2, 2], "pivot": [-2.75, 19, -5.5], "rotation": [0, 30, 0], "uv": [8, 56]},
						{"origin": [0.35, 20.25, -5.5], "size": [2, 2, 2], "pivot": [1.5, 21, -5.25], "rotation": [-30, -15, 0], "uv": [54, 48], "mirror": true},
						{"origin": [2.70753, 20.25, -4.72548], "size": [2, 2, 2], "pivot": [3.45753, 21, -4.22548], "rotation": [-30, -45, 0], "uv": [54, 7], "mirror": true},
						{"origin": [3.25, 20.25, -2.8], "size": [2, 2, 2], "pivot": [4.75, 21, -1.75], "rotation": [-10, 15, -30], "uv": [54, 36], "mirror": true},
						{"origin": [3.25, 20.25, 0.1], "size": [2, 2, 2], "pivot": [4.75, 21, 0.75], "rotation": [12.5, -15, -30], "uv": [54, 15]},
						{"origin": [2.45753, 20.25, 1.97548], "size": [2, 2, 2], "pivot": [3.20753, 21, 3.22548], "rotation": [30, 45, 0], "uv": [52, 40]},
						{"origin": [0.25, 20.25, 3], "size": [2, 2, 2], "pivot": [1, 21, 4.25], "rotation": [30, 15, 0], "uv": [52, 21]},
						{"origin": [-2.25, 20.25, 3], "size": [2, 2, 2], "pivot": [-1, 21, 4.25], "rotation": [30, -15, 0], "uv": [52, 21], "mirror": true},
						{"origin": [-5.25, 20.25, 0.1], "size": [2, 2, 2], "pivot": [-4.75, 21, 0.75], "rotation": [12.5, 15, 30], "uv": [14, 54]},
						{"origin": [-4.45753, 20.25, 1.97548], "size": [2, 2, 2], "pivot": [-3.20753, 21, 3.22548], "rotation": [30, -45, 0], "uv": [52, 40], "mirror": true},
						{"origin": [-5.25, 20.25, -2.8], "size": [2, 2, 2], "pivot": [-4.75, 21, -1.75], "rotation": [-10, -15, 30], "uv": [54, 36]},
						{"origin": [-4.70753, 20.25, -4.72548], "size": [2, 2, 2], "pivot": [-3.45753, 21, -4.22548], "rotation": [-30, 45, 0], "uv": [54, 7]},
						{"origin": [-2.35, 20.25, -5.5], "size": [2, 2, 2], "pivot": [-1.5, 21, -5.25], "rotation": [-30, 15, 0], "uv": [54, 48]},
						{"origin": [-1, 21.5, -4.75], "size": [2, 2, 2], "pivot": [0, 22.25, -3.25], "rotation": [30, 0, 0], "uv": [52, 0]},
						{"origin": [1.25, 21.25, -3.75], "size": [2, 2, 2], "pivot": [2.25, 22.25, -2.75], "rotation": [30, -45, 0], "uv": [54, 11]},
						{"origin": [2, 21.5, -1.5], "size": [2, 2, 2], "pivot": [2.5, 22.25, -0.5], "rotation": [0, 0, 30], "uv": [14, 48]},
						{"origin": [1.25, 21.25, 0.75], "size": [2, 2, 2], "pivot": [2.25, 22.25, 1.75], "rotation": [-30, 45, 0], "uv": [48, 50]},
						{"origin": [-1, 21.5, 1.75], "size": [2, 2, 2], "pivot": [0, 22.25, 2.25], "rotation": [-30, 0, 0], "uv": [28, 51]},
						{"origin": [-3.25, 21.25, 0.75], "size": [2, 2, 2], "pivot": [-2.25, 22.25, 1.75], "rotation": [-30, -45, 0], "uv": [48, 50], "mirror": true},
						{"origin": [-4, 21.5, -1.5], "size": [2, 2, 2], "pivot": [-2.5, 22.25, -0.5], "rotation": [0, 0, -30], "uv": [14, 48], "mirror": true},
						{"origin": [-3.25, 21.25, -3.75], "size": [2, 2, 2], "pivot": [-2.25, 22.25, -2.75], "rotation": [30, 45, 0], "uv": [54, 11], "mirror": true},
						{"origin": [0, 22, -2.5], "size": [2, 2, 2], "pivot": [1, 22.75, -1.5], "rotation": [12.2127, -2.68507, 12.2127], "uv": [0, 4]},
						{"origin": [0, 22, -0.5], "size": [2, 2, 2], "pivot": [1, 22.75, 0.5], "rotation": [-12.2127, 2.68507, 12.2127], "uv": [0, 0]},
						{"origin": [-2, 22, -0.5], "size": [2, 2, 2], "pivot": [-1, 22.75, 0.5], "rotation": [-12.2127, -2.68507, -12.2127], "uv": [0, 0], "mirror": true},
						{"origin": [-2, 22, -2.5], "size": [2, 2, 2], "pivot": [-1, 22.75, -1.5], "rotation": [12.2127, 2.68507, -12.2127], "uv": [0, 4], "mirror": true},
						{"origin": [-4, 14, -4.5], "size": [8, 8, 8], "uv": [0, 0]},
						{"origin": [-1.5, 16, -5.25], "size": [3, 1, 1], "inflate": 0.01, "pivot": [0, 16.5, -4.75], "rotation": [37.5, 0, 0], "uv": [15, 31]}
					]
				},
				{
					"name": "r_earring",
					"parent": "head",
					"pivot": [-4.25, 17.75, -0.25],
					"cubes": [
						{"origin": [-4.75, 15, -0.25], "size": [1, 2, 1], "pivot": [-4.25, 17, -1.25], "rotation": [90, 0, -180], "uv": [80, 16], "mirror": true},
						{"origin": [-4.75, 15, -1.75], "size": [1, 3, 3], "uv": [70, 14], "mirror": true},
						{"origin": [-4.75, 16, 0.25], "size": [1, 2, 1], "uv": [80, 16], "mirror": true},
						{"origin": [-4.75, 16, -1.75], "size": [1, 2, 1], "pivot": [-4.25, 17, -1.25], "rotation": [0, -180, 0], "uv": [80, 16], "mirror": true}
					]
				},
				{
					"name": "l_earring",
					"parent": "head",
					"pivot": [4.25, 17.75, -0.25],
					"cubes": [
						{"origin": [3.75, 15, -1.75], "size": [1, 3, 3], "uv": [70, 14]},
						{"origin": [3.75, 16, 0.25], "size": [1, 2, 1], "uv": [80, 16]},
						{"origin": [3.75, 16, -1.75], "size": [1, 2, 1], "pivot": [4.25, 17, -1.25], "rotation": [0, 180, 0], "uv": [80, 16]},
						{"origin": [3.75, 15, -0.25], "size": [1, 2, 1], "pivot": [4.25, 17, -1.25], "rotation": [90, 0, 180], "uv": [80, 16]}
					]
				},
				{
					"name": "heart",
					"parent": "waist",
					"pivot": [0, 10, -2.5],
					"cubes": [
						{"origin": [-0.5, 8.75, -2.75], "size": [2, 2, 1], "pivot": [0, 9.25, -2.25], "rotation": [0, 0, -45], "uv": [87, 1]},
						{"origin": [-0.5, 9.75, -2.75], "size": [2, 2, 1], "pivot": [0, 9.25, -2.25], "rotation": [0, 0, -45], "uv": [103, 0]},
						{"origin": [-1.5, 9.75, -2.75], "size": [2, 2, 1], "pivot": [0, 9.25, -2.25], "rotation": [0, 0, 45], "uv": [94, 0], "mirror": true}
					]
				},
				{
					"name": "r_arm_01",
					"parent": "waist",
					"pivot": [-3, 12, -0.5],
					"cubes": [
						{"origin": [-5, 11, -1.5], "size": [3, 2, 2], "uv": [33, 31]}
					]
				},
				{
					"name": "r_arm_02",
					"parent": "r_arm_01",
					"pivot": [-5, 12, -0.5],
					"cubes": [
						{"origin": [-8, 10.5, -2], "size": [3, 3, 3], "inflate": -0.01, "uv": [24, 0]}
					]
				},
				{
					"name": "r_hand",
					"parent": "r_arm_02",
					"pivot": [-7.5, 12, -0.5],
					"cubes": [
						{"origin": [-11.5, 10.5, -2.5], "size": [4, 3, 4], "uv": [40, 31]}
					]
				},
				{
					"name": "r_index",
					"parent": "r_hand",
					"pivot": [-11.5, 12, -1.5],
					"cubes": [
						{"origin": [-14, 11, -2.5], "size": [3, 2, 2], "inflate": -0.01, "uv": [10, 65], "mirror": true}
					]
				},
				{
					"name": "r_pinky",
					"parent": "r_hand",
					"pivot": [-11.25, 12, 0.5],
					"cubes": [
						{"origin": [-14, 11, -0.5], "size": [3, 2, 2], "inflate": -0.01, "uv": [10, 69], "mirror": true}
					]
				},
				{
					"name": "r_thumb",
					"parent": "r_hand",
					"pivot": [-9, 12, -2.5],
					"cubes": [
						{"origin": [-10.75, 10.5, -5], "size": [3, 2, 2], "inflate": -0.01, "pivot": [-9.5, 12, -3.5], "rotation": [0, -90, 0], "uv": [10, 73], "mirror": true}
					]
				},
				{
					"name": "l_arm_01",
					"parent": "waist",
					"pivot": [3, 12, -0.5],
					"cubes": [
						{"origin": [2, 11, -1.5], "size": [3, 2, 2], "uv": [8, 40]}
					]
				},
				{
					"name": "l_arm_02",
					"parent": "l_arm_01",
					"pivot": [5, 12, -0.5],
					"cubes": [
						{"origin": [5, 10.5, -2], "size": [3, 3, 3], "inflate": -0.01, "uv": [43, 44]}
					]
				},
				{
					"name": "l_hand",
					"parent": "l_arm_02",
					"pivot": [7.5, 12, -0.5],
					"cubes": [
						{"origin": [7.5, 10.5, -2.5], "size": [4, 3, 4], "uv": [40, 21]}
					]
				},
				{
					"name": "l_thumb",
					"parent": "l_hand",
					"pivot": [9, 12, -2.5],
					"cubes": [
						{"origin": [7.75, 10.5, -5], "size": [3, 2, 2], "inflate": -0.01, "pivot": [9.5, 12, -3.5], "rotation": [0, 90, 0], "uv": [10, 73]}
					]
				},
				{
					"name": "l_index",
					"parent": "l_hand",
					"pivot": [11.5, 12, -1.5],
					"cubes": [
						{"origin": [11, 11, -2.5], "size": [3, 2, 2], "inflate": -0.01, "uv": [10, 65]}
					]
				},
				{
					"name": "l_pinky",
					"parent": "l_hand",
					"pivot": [11.5, 12, 0.5],
					"cubes": [
						{"origin": [11, 11, -0.5], "size": [3, 2, 2], "inflate": -0.01, "uv": [10, 69]}
					]
				},
				{
					"name": "tail_01",
					"parent": "body",
					"pivot": [0, 6.5, 3],
					"cubes": [
						{"origin": [-0.5, 5.5, 2.5], "size": [1, 2, 2], "uv": [0, 80]}
					]
				},
				{
					"name": "tail_02",
					"parent": "tail_01",
					"pivot": [0, 6.5, 4.5],
					"cubes": [
						{"origin": [-0.5, 4.5, 4.5], "size": [1, 4, 4], "uv": [7, 78]}
					]
				},
				{
					"name": "tail_03",
					"parent": "tail_02",
					"pivot": [0, 6.5, 8.5],
					"cubes": [
						{"origin": [-0.5, 4, 8.5], "size": [1, 5, 6], "uv": [18, 76]}
					]
				},
				{
					"name": "tail_04",
					"parent": "tail_03",
					"pivot": [0, 6.5, 14.5],
					"cubes": [
						{"origin": [-0.5, 3.5, 14.5], "size": [1, 6, 6], "uv": [33, 75]}
					]
				},
				{
					"name": "tail_05",
					"parent": "tail_04",
					"pivot": [0, 6.5, 20.5],
					"cubes": [
						{"origin": [-0.5, 3.5, 20.5], "size": [1, 6, 6], "uv": [48, 75]}
					]
				},
				{
					"name": "tail_06",
					"parent": "tail_05",
					"pivot": [0, 6.5, 26.5],
					"cubes": [
						{"origin": [-0.5, 3.5, 26.5], "size": [1, 6, 6], "uv": [63, 75]}
					]
				},
				{
					"name": "tail_07",
					"parent": "tail_06",
					"pivot": [0, 6.5, 32.5],
					"cubes": [
						{"origin": [-0.5, 4, 32.5], "size": [1, 5, 6], "uv": [78, 76]}
					]
				},
				{
					"name": "tail_08",
					"parent": "tail_07",
					"pivot": [0, 6.5, 38.5],
					"cubes": [
						{"origin": [-0.5, 4.5, 38.5], "size": [1, 4, 4], "uv": [93, 79]}
					]
				},
				{
					"name": "tail_09",
					"parent": "tail_08",
					"pivot": [0, 6.5, 42.5],
					"cubes": [
						{"origin": [-0.5, 5.5, 42.5], "size": [1, 2, 2], "uv": [104, 83]}
					]
				},
				{
					"name": "tail_10",
					"parent": "tail_09",
					"pivot": [0, 6.5, 44.5],
					"cubes": [
						{"origin": [-0.5, 6, 44.5], "size": [1, 1, 2], "uv": [111, 84]}
					]
				},
				{
					"name": "r_leg_01",
					"parent": "carquette",
					"pivot": [-2.25, 6, -0.5],
					"cubes": [
						{"origin": [-4.25, 3.5, -3], "size": [4, 5, 5], "uv": [20, 31]}
					]
				},
				{
					"name": "r_leg_02",
					"parent": "r_leg_01",
					"pivot": [-2.25, 3.5, -0.5],
					"cubes": [
						{"origin": [-3.75, 1.5, -2], "size": [3, 3, 3], "uv": [45, 16]},
						{"origin": [-3, 0, -1.5], "size": [2, 2, 2], "uv": [50, 60]}
					]
				},
				{
					"name": "l_leg_01",
					"parent": "carquette",
					"pivot": [2, 6, -0.5],
					"cubes": [
						{"origin": [0.25, 3.5, -3], "size": [4, 5, 5], "uv": [20, 31], "mirror": true}
					]
				},
				{
					"name": "l_leg_02",
					"parent": "l_leg_01",
					"pivot": [2, 3.5, -0.5],
					"cubes": [
						{"origin": [0.75, 1.5, -2], "size": [3, 3, 3], "uv": [45, 16], "mirror": true},
						{"origin": [1, 0, -1.5], "size": [2, 2, 2], "uv": [50, 60], "mirror": true}
					]
				},
				{
					"name": "heart02",
					"parent": "carquette",
					"pivot": [0, 10.25, -2.25],
					"cubes": [
						{"origin": [-0.5, 8.75, -2.75], "size": [2, 2, 1], "pivot": [0, 9.25, -2.25], "rotation": [0, 0, -45], "uv": [87, 6]},
						{"origin": [-0.5, 9.75, -2.75], "size": [2, 2, 1], "pivot": [0, 9.25, -2.25], "rotation": [0, 0, -45], "uv": [103, 5]},
						{"origin": [-1.5, 9.75, -2.75], "size": [2, 2, 1], "pivot": [0, 9.25, -2.25], "rotation": [0, 0, 45], "uv": [94, 5], "mirror": true}
					]
				}
			]
		}
	]
}