{
	"format_version": "1.12.0",
	"minecraft:geometry": [
		{
			"description": {
				"identifier": "geometry.selkuddle",
				"texture_width": 64,
				"texture_height": 64,
				"visible_bounds_width": 3,
				"visible_bounds_height": 2.5,
				"visible_bounds_offset": [0, 0.75, 0]
			},
			"bones": [
				{
					"name": "selkuddle",
					"pivot": [0, 0, 0]
				},
				{
					"name": "body",
					"parent": "selkuddle",
					"pivot": [0, 6, -2],
					"rotation": [-30, 0, 0],
					"cubes": [
						{"origin": [-4, 1, -6], "size": [8, 7, 9], "uv": [0, 0]}
					]
				},
				{
					"name": "tailp1",
					"parent": "body",
					"pivot": [0, 6, 1.5],
					"rotation": [27.5, 0, 0],
					"cubes": [
						{"origin": [-3, 1.5, 0.5], "size": [6, 6, 8], "uv": [0, 17]}
					]
				},
				{
					"name": "tailp2",
					"parent": "tailp1",
					"pivot": [0, 6, 6.5],
					"rotation": [27.5, 0, 0],
					"cubes": [
						{"origin": [-2, 2.5, 5.5], "size": [4, 4, 8], "uv": [21, 24]}
					]
				},
				{
					"name": "tailp3",
					"parent": "tailp2",
					"pivot": [0, 6, 12.5],
					"rotation": [27.5, 0, 0],
					"cubes": [
						{"origin": [-1, 2.5, 11.5], "size": [2, 3, 5], "uv": [46, 8]},
						{"origin": [-3, 2.75, 14.25], "size": [3, 2, 6], "pivot": [0, 6, 12.5], "rotation": [0, 45, 0], "uv": [44, 40]},
						{"origin": [0, 2.75, 14.25], "size": [3, 2, 6], "pivot": [0, 6, 12.5], "rotation": [0, -45, 0], "uv": [40, 31]}
					]
				},
				{
					"name": "neck",
					"parent": "body",
					"pivot": [0, 6.5, -6],
					"rotation": [-27.5, 0, 0],
					"cubes": [
						{"origin": [-3, 2, -7], "size": [6, 6, 4], "uv": [0, 32]}
					]
				},
				{
					"name": "head",
					"parent": "neck",
					"pivot": [0, 6.25, -5.25],
					"cubes": [
						{"origin": [2.75, 4.25, -12.5], "size": [0, 7, 7], "pivot": [0, 4.75, -9.75], "rotation": [-44.71911, 35.39626, -29.83757], "uv": [29, 37]},
						{"origin": [-2.75, 4.25, -12.5], "size": [0, 7, 7], "pivot": [0, 4.75, -9.75], "rotation": [-44.71911, -35.39626, 29.83757], "uv": [14, 37]},
						{"origin": [-3.21916, 4.00095, -12.46916], "size": [1, 1, 7], "pivot": [0, 4.75, -9.75], "rotation": [-44.71911, -35.39626, 29.83757], "uv": [6, 21]},
						{"origin": [2.21916, 4.00095, -12.46916], "size": [1, 1, 7], "pivot": [0, 4.75, -9.75], "rotation": [-44.71911, 35.39626, -29.83757], "uv": [6, 21], "mirror": true},
						{"origin": [4.25, 4.25, -12.5], "size": [0, 7, 5], "pivot": [0, 4.75, -9.75], "rotation": [-44.71911, -35.39626, 29.83757], "uv": [39, 49]},
						{"origin": [-4.25, 4.25, -12.5], "size": [0, 7, 5], "pivot": [0, 4.75, -9.75], "rotation": [-44.71911, 35.39626, -29.83757], "uv": [0, 43]},
						{"origin": [-4.25, 4, -12.5], "size": [1, 1, 5], "pivot": [0, 4.75, -9.75], "rotation": [-44.71911, 35.39626, -29.83757], "uv": [6, 33]},
						{"origin": [3.25, 4, -12.5], "size": [1, 1, 5], "pivot": [0, 4.75, -9.75], "rotation": [-44.71911, -35.39626, 29.83757], "uv": [6, 33], "mirror": true},
						{"origin": [-4.25, 11.25, -12.5], "size": [7, 0, 7], "pivot": [0, 4.75, -9.75], "rotation": [-44.71911, 35.39626, -29.83757], "uv": [26, 0]},
						{"origin": [-4.21916, 6.24905, -12.53084], "size": [7, 0, 7], "pivot": [0, 4.75, -9.75], "rotation": [-44.71911, 35.39626, -29.83757], "uv": [26, 0]},
						{"origin": [-2.5, 2.75, -9.75], "size": [5, 6, 5], "pivot": [0, 6.25, -7.25], "rotation": [-32.5, 0, 0], "uv": [30, 12]},
						{"origin": [-1.5, 1.75, -7.75], "size": [3, 1, 3], "pivot": [0, 6.25, -7.25], "rotation": [-32.5, 0, 0], "uv": [52, 3]}
					]
				},
				{
					"name": "nose",
					"parent": "head",
					"pivot": [0, 3.12164, -8.94657],
					"rotation": [-32.5, 0, 0]
				},
				{
					"name": "acuallythenose",
					"parent": "nose",
					"pivot": [0, 2.12164, -8.94657],
					"rotation": [32.5, 0, 0],
					"cubes": [
						{"origin": [-0.5, 1.7, -7.5], "size": [1, 0, 1], "pivot": [0, 5.25, -7.25], "rotation": [-32.5, 0, 0], "uv": [28, 61]}
					]
				},
				{
					"name": "righteye",
					"parent": "head",
					"pivot": [0, 6.25, -7.25],
					"cubes": [
						{"origin": [-2.5, 2.7, -9.25], "size": [2, 0, 2], "pivot": [0, 6.25, -7.25], "rotation": [-32.5, 0, 0], "uv": [48, 0]}
					]
				},
				{
					"name": "righteyeliner",
					"parent": "righteye",
					"pivot": [0, 6.25, -7.25],
					"cubes": [
						{"origin": [-2.5, 2.82, -9.25], "size": [2, 0, 2], "inflate": 0.1, "pivot": [0, 6.25, -7.25], "rotation": [-32.5, 0, 0], "uv": [54, 24], "mirror": true}
					]
				},
				{
					"name": "righteyelid",
					"parent": "head",
					"pivot": [0, 7.09339, -6.7127],
					"cubes": [
						{"origin": [-2.5, 3.51339, -8.7127], "size": [2, 0, 2], "pivot": [0, 7.09339, -6.7127], "rotation": [-32.5, 0, 0], "uv": [37, 40]}
					]
				},
				{
					"name": "lefteyelid",
					"parent": "head",
					"pivot": [0, 7.09339, -6.7127],
					"cubes": [
						{"origin": [0.5, 3.51339, -8.7127], "size": [2, 0, 2], "pivot": [0, 7.09339, -6.7127], "rotation": [-32.5, 0, 0], "uv": [35, 8]}
					]
				},
				{
					"name": "lefteye",
					"parent": "head",
					"pivot": [0, 6.25, -7.25],
					"cubes": [
						{"origin": [0.5, 2.7, -9.25], "size": [2, 0, 2], "pivot": [0, 6.25, -7.25], "rotation": [-32.5, 0, 0], "uv": [42, 9]}
					]
				},
				{
					"name": "lefteyeliner",
					"parent": "lefteye",
					"pivot": [0, 6.25, -7.25],
					"cubes": [
						{"origin": [0.5, 2.82, -9.25], "size": [2, 0, 2], "inflate": 0.1, "pivot": [0, 6.25, -7.25], "rotation": [-32.5, 0, 0], "uv": [54, 24]}
					]
				},
				{
					"name": "mouth",
					"parent": "head",
					"pivot": [0, 1.82052, -8.76538],
					"rotation": [-32.5, 0, 0]
				},
				{
					"name": "bone",
					"parent": "mouth",
					"pivot": [0, 1.82052, -8.76538],
					"rotation": [32.5, 0, 0],
					"cubes": [
						{"origin": [-2.35, 1.85661, -7.2873], "size": [2, 0, 1], "pivot": [0, 5.40661, -7.7873], "rotation": [-37.87289, 28.93057, -20.61737], "uv": [21, 62]},
						{"origin": [0.35, 1.85661, -7.2873], "size": [2, 0, 1], "pivot": [0, 5.40661, -7.7873], "rotation": [-37.87289, -28.93057, 20.61737], "uv": [21, 62], "mirror": true}
					]
				},
				{
					"name": "chestfluff",
					"parent": "body",
					"pivot": [0, 1.25, -6],
					"rotation": [-12.5, 0, 0],
					"cubes": [
						{"origin": [1, 1.21, -5], "size": [5, 0, 5], "pivot": [0, 1.25, 1], "rotation": [0, 45, 0], "uv": [38, 24]}
					]
				},
				{
					"name": "rightarm",
					"parent": "body",
					"pivot": [-4, 5, -4],
					"rotation": [22.01816, 4.75113, 28.42482],
					"cubes": [
						{"origin": [-5, 3, -5], "size": [1, 4, 2], "uv": [26, 0]}
					]
				},
				{
					"name": "rightarmp2",
					"parent": "rightarm",
					"pivot": [-4.5, 3.5, -4],
					"rotation": [0, 0, 12.5],
					"cubes": [
						{"origin": [-4.75, 0.5, -5.5], "size": [1, 4, 3], "uv": [18, 52]}
					]
				},
				{
					"name": "rightarmp3",
					"parent": "rightarmp2",
					"pivot": [-4.5, 0.5, -4],
					"rotation": [0, 0, 22.5],
					"cubes": [
						{"origin": [-4.75, -2.5, -6], "size": [1, 4, 4], "uv": [7, 52]},
						{"origin": [-4.75, -3.5, -5.5], "size": [1, 1, 3], "uv": [22, 37]}
					]
				},
				{
					"name": "leftarm",
					"parent": "body",
					"pivot": [4, 5, -4],
					"rotation": [22.01816, -4.75113, -28.42482],
					"cubes": [
						{"origin": [4, 3, -5], "size": [1, 4, 2], "uv": [0, 17]}
					]
				},
				{
					"name": "leftarmp2",
					"parent": "leftarm",
					"pivot": [4.5, 3.5, -4],
					"rotation": [0, 0, -12.5],
					"cubes": [
						{"origin": [3.75, 0.5, -5.5], "size": [1, 4, 3], "uv": [0, 0]}
					]
				},
				{
					"name": "leftarmp3",
					"parent": "leftarmp2",
					"pivot": [4.5, 0.5, -4],
					"rotation": [0, 0, -22.5],
					"cubes": [
						{"origin": [3.75, -2.5, -6], "size": [1, 4, 4], "uv": [50, 49]},
						{"origin": [3.75, -3.5, -5.5], "size": [1, 1, 3], "uv": [21, 17]}
					]
				}
			]
		}
	]
}