{
    "type": "minecraft:archaeology",
    "pools": [
        {
            "bonus_rolls": 0.0,
            "entries": [
                {
                    "type": "minecraft:item",
                    "name": "cobblemon:everstone",
                    "weight": 8
                },
                {
                    "type": "minecraft:item",
                    "name": "cobblemon:heat_rock",
                    "weight": 8
                },
                {
                    "type": "minecraft:item",
                    "name": "cobblemon:smooth_rock",
                    "weight": 8
                },
                {
                    "type": "minecraft:item",
                    "name": "cobblemon:razor_fang",
                    "weight": 5
                },
                {
                    "type": "minecraft:item",
                    "name": "cobblemon:dome_fossil",
                    "weight": 2
                },
                {
                    "type": "minecraft:item",
                    "name": "cobblemon:jaw_fossil",
                    "weight": 2
                },
                {
                    "type": "minecraft:item",
                    "name": "cobblemon:fossilized_drake",
                    "weight": 2
                },
                {
                    "type": "minecraft:item",
                    "name": "cobblemon:armor_fossil",
                    "weight": 2
                },
                {
                    "type": "minecraft:item",
                    "name": "cobblemon:vivichoke_seeds",
                    "weight": 10
                },
                {
                    "type": "minecraft:loot_table",
                    "name": "lively:fossils/hollow_fossil",
                    "value": "lively:fossils/hollow_fossil",
                    "weight": 2
                }
            ],
            "rolls": 1.0
        }
    ],
    "random_sequence": "cobblemon:fossils/uncommon/prehistoric_sunscorched_den"
}