{
	"format_version": "1.8.0",
	"animations": {
		"animation.lepidoniferous.ground_idle": {
			"loop": true,
			"animation_length": 4,
			"bones": {
				"neck_base": {
					"rotation": {
						"0.0": [0, 0, 0],
						"1.0": [0, 0, -5],
						"2.0": [0, 0, 0],
						"3.0": [0, 0, 5],
						"4.0": [0, 0, 0]
					},
					"position": {
						"0.0": [0, 0, 0],
						"2.0": [0, 0, 0],
						"4.0": [0, 0, 0]
					}
				},
				"neck": {
					"rotation": {
						"0.0": [0, 0, 0],
						"1.0": [0, 0, -5],
						"2.0": [0, 0, 0],
						"3.0": [0, 0, 5],
						"4.0": [0, 0, 0]
					},
					"position": {
						"0.0": [0, 0, 0],
						"2.0": [0, 0, 0],
						"4.0": [0, 0, 0]
					}
				},
				"neck2": {
					"rotation": {
						"0.0": [0, 0, 0],
						"1.0": [0, 0, -5],
						"2.0": [0, 0, 0],
						"3.0": [0, 0, 5],
						"4.0": [0, 0, 0]
					},
					"position": {
						"0.0": [0, 0, 0],
						"1.0": [-0.1, -0.1, 0],
						"2.0": [0, 0, 0],
						"3.0": [0.1, -0.1, 0],
						"4.0": [0, 0, 0]
					}
				},
				"neck3": {
					"rotation": {
						"0.0": [0, 0, 0],
						"1.0": [0, 0, -5],
						"2.0": [0, 0, 0],
						"3.0": [0, 0, 5],
						"4.0": [0, 0, 0]
					},
					"position": {
						"0.0": [0, 0, 0],
						"2.0": [0, 0, 0],
						"4.0": [0, 0, 0]
					}
				},
				"neck4": {
					"rotation": {
						"0.0": [0, 0, 0],
						"1.0": [0, 0, -5],
						"2.0": [0, 0, 0],
						"3.0": [0, 0, 5],
						"4.0": [0, 0, 0]
					},
					"position": {
						"0.0": [0, 0, 0],
						"2.0": [0, 0, 0],
						"4.0": [0, 0, 0]
					}
				},
				"neck5": {
					"rotation": {
						"0.0": [0, 0, 0],
						"1.0": [0, 0, -5],
						"2.0": [0, 0, 0],
						"3.0": [0, 0, 5],
						"4.0": [0, 0, 0]
					},
					"position": {
						"0.0": [0, 0, 0],
						"2.0": [0, 0, 0],
						"4.0": [0, 0, 0]
					}
				},
				"neck6": {
					"rotation": {
						"0.0": [0, 0, 0],
						"1.0": [0, 0, -5],
						"2.0": [0, 0, 0],
						"3.0": [0, 0, 5],
						"4.0": [0, 0, 0]
					},
					"position": {
						"0.0": [0, 0, 0],
						"2.0": [0, 0, 0],
						"4.0": [0, 0, 0]
					}
				},
				"front_right_petal": {
					"rotation": [20, 0, 0]
				},
				"front_right_petal3": {
					"rotation": [-25, 0, 0]
				},
				"front_right_middle_petal": {
					"rotation": {
						"0.0": [0, 20, 0],
						"1.0": [0, 0, 0],
						"2.0": [0, 20, 0],
						"3.0": [0, 40, 0],
						"4.0": [0, 20, 0]
					}
				},
				"front_right_middle_petal3": {
					"rotation": [0, -25, 0]
				},
				"back_right_middle_petal": {
					"rotation": {
						"0.0": [0, 20, 0],
						"1.0": [0, 0, 0],
						"2.0": [0, 20, 0],
						"3.0": [0, 40, 0],
						"4.0": [0, 20, 0]
					}
				},
				"back_right_middle_petal3": {
					"rotation": [0, -25, 0]
				},
				"back_right_petal": {
					"rotation": [-20, 0, 0]
				},
				"back_right_petal3": {
					"rotation": [25, 0, 0]
				},
				"front_left_petal": {
					"rotation": [20, 0, 0]
				},
				"front_left_petal3": {
					"rotation": [-25, 0, 0]
				},
				"front_left_middle_petal": {
					"rotation": {
						"0.0": [0, -20, 0],
						"1.0": [0, -40, 0],
						"2.0": [0, -20, 0],
						"3.0": [0, 0, 0],
						"4.0": [0, -20, 0]
					}
				},
				"front_left_middle_petal3": {
					"rotation": [0, 25, 0]
				},
				"back_left_middle_petal": {
					"rotation": {
						"0.0": [0, -20, 0],
						"1.0": [0, -40, 0],
						"2.0": [0, -20, 0],
						"3.0": [0, 0, 0],
						"4.0": [0, -20, 0]
					}
				},
				"back_left_middle_petal3": {
					"rotation": [0, 25, 0]
				},
				"back_left_petal": {
					"rotation": [-20, 0, 0]
				},
				"back_left_petal3": {
					"rotation": [25, 0, 0]
				},
				"backleg_right": {
					"rotation": [0, -50, 0]
				},
				"frontleg_left": {
					"rotation": [0, -50, 0]
				},
				"frontleg_right": {
					"rotation": [0, 50, 0]
				},
				"backleg_left": {
					"rotation": [0, 50, 0]
				},
				"tail": {
					"rotation": {
						"0.0": [0, 0, 0],
						"1.0": [0, -20, 0],
						"2.0": [0, 0, 0],
						"3.0": [0, 20, 0],
						"4.0": [0, 0, 0]
					},
					"position": {
						"0.0": [0, 0, 0],
						"2.0": [0, 0, 0],
						"4.0": [0, 0, 0]
					}
				}
			}
		},
		"animation.lepidoniferous.ground_walk": {
			"loop": true,
			"animation_length": 2,
			"bones": {
				"neck_base": {
					"rotation": {
						"0.0": [0, 0, 0],
						"0.5": [5, 0, 0],
						"1.0": [0, 0, 0],
						"1.5": [-5, 0, 0],
						"2.0": [0, 0, 0]
					}
				},
				"head": {
					"rotation": {
						"0.0": [0, 0, 0],
						"0.5": [5, 0, 0],
						"1.0": [0, 0, 0],
						"1.5": [-5, 0, 0],
						"2.0": [0, 0, 0]
					}
				},
				"front_right_petal": {
					"rotation": [20, 0, 0]
				},
				"front_right_petal3": {
					"rotation": [-25, 0, 0]
				},
				"front_right_middle_petal": {
					"rotation": [0, 20, 0]
				},
				"front_right_middle_petal3": {
					"rotation": [0, -25, 0]
				},
				"back_right_middle_petal": {
					"rotation": [0, 20, 0]
				},
				"back_right_middle_petal3": {
					"rotation": [0, -25, 0]
				},
				"back_right_petal": {
					"rotation": [-20, 0, 0]
				},
				"back_right_petal3": {
					"rotation": [25, 0, 0]
				},
				"front_left_petal": {
					"rotation": [20, 0, 0]
				},
				"front_left_petal3": {
					"rotation": [-25, 0, 0]
				},
				"front_left_middle_petal": {
					"rotation": [0, -20, 0]
				},
				"front_left_middle_petal3": {
					"rotation": [0, 25, 0]
				},
				"back_left_middle_petal": {
					"rotation": [0, -20, 0]
				},
				"back_left_middle_petal3": {
					"rotation": [0, 25, 0]
				},
				"back_left_petal": {
					"rotation": [-20, 0, 0]
				},
				"back_left_petal3": {
					"rotation": [25, 0, 0]
				},
				"backleg_right": {
					"rotation": {
						"0.0": [0, -50, 0],
						"0.5": [0, -15, 0],
						"1.0": [0, -50, 0],
						"1.5": [0, -15, 0],
						"2.0": [0, -50, 0]
					}
				},
				"frontleg_left": {
					"rotation": {
						"0.0": [0, -50, 0],
						"0.5": [0, -90, 0],
						"1.0": [0, -50, 0],
						"1.5": [0, -90, 0],
						"2.0": [0, -50, 0]
					}
				},
				"frontleg_right": {
					"rotation": {
						"0.0": [0, 50, 0],
						"0.5": [0, 82.5, 0],
						"1.0": [0, 50, 0],
						"1.5": [0, 82.5, 0],
						"2.0": [0, 50, 0]
					}
				},
				"backleg_left": {
					"rotation": {
						"0.0": [0, 50, 0],
						"0.5": [0, 15, 0],
						"1.0": [0, 50, 0],
						"1.5": [0, 15, 0],
						"2.0": [0, 50, 0]
					}
				},
				"tail": {
					"rotation": {
						"0.0": [0, 0, 0],
						"0.5": [0, 15, 0],
						"1.0": [0, 0, 0],
						"1.5": [0, -15, 0],
						"2.0": [0, 0, 0]
					}
				}
			}
		},
		"animation.lepidoniferous.battle_idle": {
			"loop": true,
			"animation_length": 4,
			"bones": {
				"neck_base": {
					"rotation": {
						"0.0": [0, 0, 0],
						"1.0": [15, 0, 0],
						"2.0": [0, 0, 0],
						"3.0": [-15, 0, 0],
						"4.0": [0, 0, 0]
					}
				},
				"neck": {
					"rotation": {
						"0.0": [0, 0, 0],
						"1.0": [5, 0, 0],
						"2.0": [0, 0, 0],
						"3.0": [-5, 0, 0],
						"4.0": [0, 0, 0]
					}
				},
				"neck2": {
					"rotation": {
						"0.0": [0, 0, 0],
						"1.0": [5, 0, 0],
						"2.0": [0, 0, 0],
						"3.0": [-5, 0, 0],
						"4.0": [0, 0, 0]
					}
				},
				"neck4": {
					"rotation": {
						"0.0": [0, 0, 0],
						"1.0": [-12.5, 0, 0],
						"2.0": [0, 0, 0],
						"3.0": [12.5, 0, 0],
						"4.0": [0, 0, 0]
					},
					"position": {
						"0.0": [0, 0, 0],
						"1.0": [0, -0.5, 0.5],
						"2.0": [0, 0, 0],
						"3.0": [0, -0.5, -0.5],
						"4.0": [0, 0, 0]
					}
				},
				"neck5": {
					"rotation": {
						"0.0": [0, 0, 0],
						"1.0": [-10, 0, 0],
						"2.0": [0, 0, 0],
						"3.0": [10, 0, 0],
						"4.0": [0, 0, 0]
					},
					"position": {
						"0.0": [0, 0, 0],
						"1.0": [0, -0.5, 0.5],
						"2.0": [0, 0, 0],
						"3.0": [0, -0.5, -0.5],
						"4.0": [0, 0, 0]
					}
				},
				"neck6": {
					"rotation": {
						"0.0": [0, 0, 0],
						"1.0": [-5, 0, 0],
						"2.0": [0, 0, 0],
						"3.0": [5, 0, 0],
						"4.0": [0, 0, 0]
					},
					"position": {
						"0.0": [0, 0, 0],
						"2.0": [0, 0, 0],
						"4.0": [0, 0, 0]
					}
				},
				"head": {
					"rotation": {
						"0.0": [0, 0, 0],
						"1.0": [5, 0, 0],
						"2.0": [0, 0, 0],
						"3.0": [5, 0, 0],
						"4.0": [0, 0, 0]
					}
				},
				"front_right_petal": {
					"rotation": {
						"0.0": [20, 0, 0],
						"1.0": [10, 0, 0],
						"2.0": [20, 0, 0],
						"3.0": [10, 0, 0],
						"4.0": [20, 0, 0]
					}
				},
				"front_right_petal3": {
					"rotation": [-25, 0, 0]
				},
				"front_right_middle_petal": {
					"rotation": {
						"0.0": [0, 20, 0],
						"1.0": [0, 10, 0],
						"2.0": [0, 20, 0],
						"3.0": [0, 10, 0],
						"4.0": [0, 20, 0]
					}
				},
				"front_right_middle_petal3": {
					"rotation": [0, -25, 0]
				},
				"back_right_middle_petal": {
					"rotation": {
						"0.0": [0, 20, 0],
						"1.0": [0, 10, 0],
						"2.0": [0, 20, 0],
						"3.0": [0, 10, 0],
						"4.0": [0, 20, 0]
					}
				},
				"back_right_middle_petal3": {
					"rotation": [0, -25, 0]
				},
				"back_right_petal": {
					"rotation": {
						"0.0": [-20, 0, 0],
						"1.0": [-10, 0, 0],
						"2.0": [-20, 0, 0],
						"3.0": [-10, 0, 0],
						"4.0": [-20, 0, 0]
					}
				},
				"back_right_petal3": {
					"rotation": [25, 0, 0]
				},
				"front_left_petal": {
					"rotation": {
						"0.0": [20, 0, 0],
						"1.0": [10, 0, 0],
						"2.0": [20, 0, 0],
						"3.0": [10, 0, 0],
						"4.0": [20, 0, 0]
					}
				},
				"front_left_petal3": {
					"rotation": [-25, 0, 0]
				},
				"front_left_middle_petal": {
					"rotation": {
						"0.0": [0, -20, 0],
						"1.0": [0, -10, 0],
						"2.0": [0, -20, 0],
						"3.0": [0, -10, 0],
						"4.0": [0, -20, 0]
					}
				},
				"front_left_middle_petal3": {
					"rotation": [0, 25, 0]
				},
				"back_left_middle_petal": {
					"rotation": {
						"0.0": [0, -20, 0],
						"1.0": [0, -10, 0],
						"2.0": [0, -20, 0],
						"3.0": [0, -10, 0],
						"4.0": [0, -20, 0]
					}
				},
				"back_left_middle_petal3": {
					"rotation": [0, 25, 0]
				},
				"back_left_petal": {
					"rotation": {
						"0.0": [-20, 0, 0],
						"1.0": [-10, 0, 0],
						"2.0": [-20, 0, 0],
						"3.0": [-10, 0, 0],
						"4.0": [-20, 0, 0]
					}
				},
				"back_left_petal3": {
					"rotation": [25, 0, 0]
				},
				"backleg_right": {
					"rotation": {
						"0.0": [0, -50, 0],
						"1.0": [15, -50, 0],
						"2.0": [0, -50, 0],
						"3.0": [15, -50, 0],
						"4.0": [0, -50, 0]
					}
				},
				"frontleg_left": {
					"rotation": {
						"0.0": [0, -50, 0],
						"1.0": [-15, -50, 0],
						"2.0": [0, -50, 0],
						"3.0": [-15, -50, 0],
						"4.0": [0, -50, 0]
					}
				},
				"frontleg_right": {
					"rotation": {
						"0.0": [0, 50, 0],
						"1.0": [-15, 50, 0],
						"2.0": [0, 50, 0],
						"3.0": [-15, 50, 0],
						"4.0": [0, 50, 0]
					}
				},
				"backleg_left": {
					"rotation": {
						"0.0": [0, 50, 0],
						"1.0": [15, 50, 0],
						"2.0": [0, 50, 0],
						"3.0": [15, 50, 0],
						"4.0": [0, 50, 0]
					}
				},
				"tail": {
					"rotation": {
						"0.0": [0, 0, 0],
						"1.0": [20, 0, 0],
						"2.0": [0, 0, 0],
						"3.0": [20, 0, 0],
						"4.0": [0, 0, 0]
					}
				}
			}
		},
		"animation.lepidoniferous.sleep": {
			"loop": true,
			"animation_length": 4,
			"bones": {
				"neck_base": {
					"rotation": {
						"0.0": [15, 0, 0],
						"1.0": [0, 0, 0],
						"2.0": [15, 0, 0],
						"3.0": [0, 0, 0],
						"4.0": [15, 0, 0]
					}
				},
				"neck": {
					"rotation": [10, 0, 0]
				},
				"neck2": {
					"rotation": [10, 0, 0],
					"position": [0, -0.5, -0.1]
				},
				"neck3": {
					"rotation": [5, 0, 0]
				},
				"neck4": {
					"rotation": [7.5, 0, 0],
					"position": [0, -0.1, -0.2]
				},
				"neck5": {
					"rotation": [5, 0, 0]
				},
				"neck6": {
					"rotation": [5, 0, 0]
				},
				"head": {
					"rotation": {
						"0.0": [5, 0, 0],
						"1.0": [-2.5, 0, 0],
						"2.0": [5, 0, 0],
						"3.0": [-2.5, 0, 0],
						"4.0": [5, 0, 0]
					}
				},
				"eyelid_right": {
					"position": [0, 0, -0.1]
				},
				"eyelid_left": {
					"position": [0, 0, -0.1]
				},
				"front_right_petal": {
					"rotation": {
						"0.0": [20, 0, 0],
						"1.0": [30, 0, 0],
						"2.0": [20, 0, 0],
						"3.0": [30, 0, 0],
						"4.0": [20, 0, 0]
					}
				},
				"front_right_petal3": {
					"rotation": {
						"0.0": [-25, 0, 0],
						"2.0": [-25, 0, 0],
						"4.0": [-25, 0, 0]
					}
				},
				"front_right_middle_petal": {
					"rotation": {
						"0.0": [0, 20, 0],
						"1.0": [0, 30, 0],
						"2.0": [0, 20, 0],
						"3.0": [0, 30, 0],
						"4.0": [0, 20, 0]
					}
				},
				"front_right_middle_petal3": {
					"rotation": {
						"0.0": [0, -25, 0],
						"2.0": [0, -25, 0],
						"4.0": [0, -25, 0]
					}
				},
				"back_right_middle_petal": {
					"rotation": {
						"0.0": [0, 20, 0],
						"1.0": [0, 30, 0],
						"2.0": [0, 20, 0],
						"3.0": [0, 30, 0],
						"4.0": [0, 20, 0]
					}
				},
				"back_right_middle_petal3": {
					"rotation": {
						"0.0": [0, -25, 0],
						"2.0": [0, -25, 0],
						"4.0": [0, -25, 0]
					}
				},
				"back_right_petal": {
					"rotation": {
						"0.0": [-20, 0, 0],
						"1.0": [-30, 0, 0],
						"2.0": [-20, 0, 0],
						"3.0": [-30, 0, 0],
						"4.0": [-20, 0, 0]
					}
				},
				"back_right_petal3": {
					"rotation": {
						"0.0": [25, 0, 0],
						"2.0": [25, 0, 0],
						"4.0": [25, 0, 0]
					}
				},
				"front_left_petal": {
					"rotation": {
						"0.0": [20, 0, 0],
						"1.0": [30, 0, 0],
						"2.0": [20, 0, 0],
						"3.0": [30, 0, 0],
						"4.0": [20, 0, 0]
					}
				},
				"front_left_petal3": {
					"rotation": {
						"0.0": [-25, 0, 0],
						"2.0": [-25, 0, 0],
						"4.0": [-25, 0, 0]
					}
				},
				"front_left_middle_petal": {
					"rotation": {
						"0.0": [0, -20, 0],
						"1.0": [0, -30, 0],
						"2.0": [0, -20, 0],
						"3.0": [0, -30, 0],
						"4.0": [0, -20, 0]
					}
				},
				"front_left_middle_petal3": {
					"rotation": {
						"0.0": [0, 25, 0],
						"2.0": [0, 25, 0],
						"4.0": [0, 25, 0]
					}
				},
				"back_left_middle_petal": {
					"rotation": {
						"0.0": [0, -20, 0],
						"1.0": [0, -30, 0],
						"2.0": [0, -20, 0],
						"3.0": [0, -30, 0],
						"4.0": [0, -20, 0]
					}
				},
				"back_left_middle_petal3": {
					"rotation": {
						"0.0": [0, 25, 0],
						"2.0": [0, 25, 0],
						"4.0": [0, 25, 0]
					}
				},
				"back_left_petal": {
					"rotation": {
						"0.0": [-20, 0, 0],
						"1.0": [-30, 0, 0],
						"2.0": [-20, 0, 0],
						"3.0": [-30, 0, 0],
						"4.0": [-20, 0, 0]
					}
				},
				"back_left_petal3": {
					"rotation": {
						"0.0": [25, 0, 0],
						"2.0": [25, 0, 0],
						"4.0": [25, 0, 0]
					}
				},
				"backleg_right": {
					"rotation": [0, -50, 0]
				},
				"frontleg_left": {
					"rotation": [0, -50, 0]
				},
				"frontleg_right": {
					"rotation": [0, 50, 0]
				},
				"backleg_left": {
					"rotation": [0, 50, 0]
				},
				"tail": {
					"rotation": {
						"0.0": [0, 0, 0],
						"1.0": [0, 15, 0],
						"2.0": [0, 0, 0],
						"3.0": [0, -15, 0],
						"4.0": [0, 0, 0]
					}
				}
			}
		},
		"animation.lepidoniferous.blink": {
			"animation_length": 0.1667,
			"bones": {
				"eyelid_right": {
					"position": {
						"0.0": [0, 0, -0.1],
						"0.125": [0, 0, -0.1],
						"0.1667": [0, 0, 0]
					}
				},
				"eyelid_left": {
					"position": {
						"0.0": [0, 0, -0.1],
						"0.125": [0, 0, -0.1],
						"0.1667": [0, 0, 0]
					}
				}
			}
		}
	}
}