{
	"format_version": "1.8.0",
	"animations": {
		"animation.dandepuff.ground_idle": {
			"loop": true,
			"animation_length": 8,
			"bones": {
				"bone": {
					"rotation": {
						"0.0": [0, 0, 0],
						"2.0": [-7.5, 0, 0],
						"4.0": [0, 0, 0],
						"6.0": [7.5, 0, 0],
						"8.0": [0, 0, 0]
					},
					"position": {
						"0.0": [0, 0, 0],
						"4.0": [0, 0, 0],
						"8.0": [0, 0, 0]
					}
				},
				"head": {
					"rotation": {
						"0.0": [0, 0, 0],
						"2.0": [-27.5, 0, 0],
						"4.0": [0, 0, 0],
						"6.0": [27.5, 0, 0],
						"8.0": [0, 0, 0]
					},
					"position": {
						"0.0": [0, 0, 0],
						"2.0": [0, -1, 2],
						"4.0": [0, 0, 0],
						"6.0": [0, 0, -2],
						"8.0": [0, 0, 0]
					}
				},
				"leg": {
					"position": {
						"0.0": [0, 0, 0],
						"4.0": [0, 0, 0],
						"8.0": [0, 0, 0]
					}
				},
				"leg2": {
					"position": {
						"0.0": [0, 0, 0],
						"4.0": [0, 0, 0],
						"8.0": [0, 0, 0]
					}
				},
				"tail": {
					"rotation": {
						"0.0": [0, 0, 0],
						"2.0": [-17.5, 0, 0],
						"4.0": [0, 0, 0],
						"6.0": [17.5, 0, 0],
						"8.0": [0, 0, 0]
					},
					"position": {
						"0.0": [0, 0, 0],
						"4.0": [0, 0, 0],
						"8.0": [0, 0, 0]
					}
				}
			}
		},
		"animation.dandepuff.ground_walk": {
			"loop": true,
			"animation_length": 1.6,
			"bones": {
				"bone": {
					"rotation": {
						"0.0": [22.5, 0, 0],
						"1.6": [22.5, 0, 0]
					}
				},
				"head": {
					"rotation": {
						"0.0": [10, 0, 0],
						"0.4": [0, 0, 0],
						"0.8": [10, 0, 0],
						"1.2": [0, 0, 0],
						"1.6": [10, 0, 0]
					},
					"position": {
						"0.0": [0, -2, -6],
						"0.8": [0, -2, -6],
						"1.6": [0, -2, -6]
					}
				},
				"leg": {
					"rotation": {
						"0.0": [20, 0, 0],
						"0.4": [0, 0, 0],
						"0.8": [20, 0, 0],
						"1.2": [0, 0, 0],
						"1.6": [20, 0, 0]
					}
				},
				"leg2": {
					"rotation": {
						"0.0": [-20, 0, 0],
						"0.4": [0, 0, 0],
						"0.8": [-20, 0, 0],
						"1.2": [0, 0, 0],
						"1.6": [-20, 0, 0]
					}
				},
				"tail": {
					"rotation": {
						"0.0": [0, 0, 0],
						"0.4": [-20, 0, 0],
						"0.8": [0, 0, 0],
						"1.2": [20, 0, 0],
						"1.6": [0, 0, 0]
					}
				}
			}
		}
	}
}