{
  "species":"cobblemon:sinistea",
  "order":5,
  "variations":[
    {
      "aspects":[
        "coterian"
      ],
      "poser":"cobblemon:sinistea_coterian",
      "model":"cobblemon:sinistea_coterian.geo",
      "texture":"cobblemon:textures/pokemon/0854_sinistea/sinistea_coterian.png",
      "layers":[
        {
          "name":"glow",
          "texture":"cobblemon:textures/pokemon/0855_polteageist/polteageist_coterian_transparent.png",
          "emissive":false
        }
		]
      },
      {
        "aspects":[
          "shiny",
          "coterian"
        ],
        "texture":"cobblemon:textures/pokemon/0854_sinistea/sinistea_coterian_shiny.png",
        "layers":[
          {
            "name":"glow",
            "texture":"cobblemon:textures/pokemon/0855_polteageist/polteageist_coterian_transparent.png",
            "emissive":false
          }
		  ]
        },
        {
          "aspects":[
            "coterian",
            "premium_roast"
          ],
          "layers":[
            {
              "texture":"cobblemon:textures/pokemon/0854_sinistea/sinistea_coterian_mark.png"
            }
          ]
        }
      ]
    }