{
	"format_version": "1.8.0",
	"animations": {
		"animation.bawedra.ground_idle": {
			"loop": true,
			"animation_length": 3.96,
			"bones": {
				"head": {
					"rotation": {
						"0.0": [0, 0, 0],
						"0.96": [-4.99527, -0.21782, -2.4905],
						"1.92": [0, 0, 0],
						"2.96": [4.98107, -0.43523, 4.98107],
						"3.96": [0, 0, 0]
					},
					"position": [0, 0, 0]
				},
				"tail": {
					"rotation": {
						"0.0": [0, 0, 0],
						"0.96": [5, 0, 0],
						"1.92": [3.40038, -2.64382, 2.34737],
						"3.96": [0, 0, 0]
					}
				},
				"gem": {
					"rotation": {
						"0.0": [0, 0, 0],
						"0.96": [-7.5, 0, 0],
						"1.52": [0, 0, 0],
						"2.24": [5, 0, 0],
						"3.32": [-9.3, 0, 0],
						"3.96": [0, 0, 0]
					}
				}
			}
		},
		"animation.bawedra.ground_walk": {
			"loop": true,
			"animation_length": 0.8,
			"bones": {
				"head": {
					"rotation": {
						"0.0": [0, 0, 0],
						"0.2": [10, 0, 0],
						"0.4": [-5, 0, 0],
						"0.6": [-10, 0, 0],
						"0.8": [0, 0, 0]
					},
					"position": {
						"0.0": [0, 0, 0],
						"0.4": [0, 9, 0],
						"0.8": [0, 0, 0]
					}
				},
				"tail": {
					"rotation": {
						"0.0": [0, 0, 0],
						"0.2": [12.5, 0, 0],
						"0.4": [20, 0, 0],
						"0.6": [5, 0, 0],
						"0.8": [0, 0, 0]
					}
				},
				"gem": {
					"rotation": {
						"0.0": [0, 0, 0],
						"0.2": [-17.5, 0, 0],
						"0.4": [-22.5, 0, 0],
						"0.6": [-30, 0, 0],
						"0.8": [0, 0, 0]
					}
				}
			}
		}
	}
}