{
	"format_version": "1.8.0",
	"animations": {
		"animation.jibanyan.pose": {
			"animation_length": 0.04167,
			"bones": {
				"left_arm": {
					"rotation": [0, 0, 35]
				},
				"left_paw": {
					"rotation": [0.02718, -0.56217, -9.98432]
				},
				"right_arm": {
					"rotation": [0, 0, -35]
				},
				"right_paw": {
					"rotation": [0, 0, 10]
				},
				"right_tail": {
					"rotation": [12.5, -60, 0]
				},
				"right_tail2": {
					"rotation": [5, 0, 0]
				},
				"left_tail": {
					"rotation": [12.5, 72.5, 0]
				},
				"left_tail2": {
					"rotation": [10, 0, 0]
				},
				"head": {
					"rotation": [0, 10, 0]
				}
			}
		},
		"animation.jibanyan.ground_idle": {
			"loop": true,
			"animation_length": 2,
			"bones": {
				"body": {
					"position": [0, 0, 0]
				},
				"torso": {
					"rotation": ["math.cos(q.anim_time*90*4+90)/2", 0, "math.sin(q.anim_time*90*2)"],
					"position": [0, "-1/4+math.cos(q.anim_time*90*4)/4", 0]
				},
				"right_ear": {
					"rotation": ["math.cos(q.anim_time*90*4+22.5)*2", 0, 0]
				},
				"left_ear": {
					"rotation": ["math.cos(q.anim_time*90*4+45)*2", 0, 0]
				},
				"left_arm": {
					"rotation": [0, 0, "45-math.cos(q.anim_time*90*4-90)"]
				},
				"right_arm": {
					"rotation": [0, 0, "-45+math.cos(q.anim_time*90*4-90)"]
				},
				"perle": {
					"rotation": ["-1-math.cos(q.anim_time*90*4-90)*3", 0, 0]
				},
				"right_tail": {
					"rotation": [39.1013, "-64.5928+math.sin(q.anim_time*90*4)*2", -19.95786]
				},
				"right_tail2": {
					"rotation": [22.5, "-45+math.sin(q.anim_time*90*4-45)*4", 0]
				},
				"right_flame": {
					"rotation": [-22.5, "math.sin(q.anim_time*90*4-90)*6", 22.5]
				},
				"left_tail": {
					"rotation": [39.1013, "64.5928-math.sin(q.anim_time*90*4)*2", 19.95786]
				},
				"left_tail2": {
					"rotation": [22.5, "45-math.sin(q.anim_time*90*4-45)*4", 0]
				},
				"left_flame": {
					"rotation": [-22.5, "-math.sin(q.anim_time*90*4-90)*6", -22.5]
				}
			}
		},
		"animation.jibanyan.ground_walk": {
			"loop": true,
			"animation_length": 1,
			"bones": {
				"torso": {
					"rotation": [0, "-math.cos(q.anim_time*90*4)*2", 0],
					"position": [0, "-1/4-math.sin(q.anim_time*90*4*2)/4", 0]
				},
				"left_arm": {
					"rotation": [0, "math.cos(q.anim_time*90*4)*10", 45]
				},
				"right_arm": {
					"rotation": [0, "math.cos(q.anim_time*90*4)*10", -45]
				},
				"perle": {
					"rotation": ["-math.abs(math.sin(q.anim_time*90*4)*10)", "-math.sin(q.anim_time*90*4)*5", 0]
				},
				"left_leg": {
					"rotation": ["math.cos(q.anim_time*90*4)*30", 0, 0],
					"position": [0, "math.clamp(math.sin(q.anim_time*90*4)/1,0,1)", "math.cos(q.anim_time*90*4)/2"]
				},
				"right_leg": {
					"rotation": ["-math.cos(q.anim_time*90*4)*30", 0, 0],
					"position": [0, "math.clamp(-math.sin(q.anim_time*90*4)/1,0,1)", "-math.cos(q.anim_time*90*4)/2"]
				},
				"right_tail": {
					"rotation": [22.5, "-45-math.sin(q.anim_time*90*4)*5", 0]
				},
				"right_tail2": {
					"rotation": [22.5, "-45-math.sin(q.anim_time*90*4-45)*5", 0]
				},
				"right_flame": {
					"rotation": [-45, "NaN-math.sin(q.anim_time*90*4-90)*5", 0]
				},
				"left_tail": {
					"rotation": [22.5, "45-math.sin(q.anim_time*90*4)*5", 0]
				},
				"left_tail2": {
					"rotation": [22.5, "45-math.sin(q.anim_time*90*4-45)*5", 0]
				},
				"left_flame": {
					"rotation": [-45, "-math.sin(q.anim_time*90*4-90)*5", 0]
				}
			}
		},
		"animation.jibanyan.left_ear_quirk": {
			"animation_length": 0.25,
			"bones": {
				"left_ear": {
					"rotation": {
						"0.0": [0, 0, 0],
						"0.0833": [-22.5, 0, -22.5],
						"0.125": [-22.5, 0, 22.5],
						"0.25": [0, 0, 0]
					}
				}
			}
		},
		"animation.jibanyan.right_ear_quirk": {
			"animation_length": 0.25,
			"bones": {
				"right_ear": {
					"rotation": {
						"0.0": [0, 0, 0],
						"0.0833": [-22.5, 0, 22.5],
						"0.125": [-22.5, 0, -22.5],
						"0.25": [0, 0, 0]
					}
				}
			}
		},
		"animation.jibanyan.walktest": {
			"loop": true,
			"bones": {
				"jibanyan": {
					"position": [0, 0, "-q.anim_time*90*0.15"]
				}
			}
		},
		"animation.jibanyan.blink": {
			"animation_length": 0.25,
			"bones": {
				"right_eyelid": {
					"position": {
						"0.0": [0, -0.5, -1.025],
						"0.2083": {"pre": [0, -0.5, -1.025], "post": [0, 0, 0]}
					},
					"scale": {
						"0.0": [1, 1.5, 1],
						"0.2083": {"pre": [1, 1.5, 1], "post": [1, 1, 1]}
					}
				},
				"left_eyelid": {
					"position": {
						"0.0": [0, -0.5, -1.025],
						"0.2083": {"pre": [0, -0.5, -1.025], "post": [0, 0, 0]}
					},
					"scale": {
						"0.0": [1, 1.5, 1],
						"0.2083": {"pre": [1, 1.5, 1], "post": [1, 1, 1]}
					}
				}
			}
		}
	}
}