{
	"format_version": "1.8.0",
	"animations": {
		"animation.rakonso.ground_idle": {
			"loop": true,
			"animation_length": 5.76,
			"bones": {
				"head": {
					"rotation": {
						"0.0": [0, 0, 0],
						"1.44": [5, 0, 0],
						"2.88": [0, 0, 0],
						"4.32": [-5, 0, 0],
						"5.76": [0, 0, 0]
					}
				},
				"tail": {
					"rotation": {
						"0.0": [0, -2.5, 0],
						"1.44": [7.50706, -2.4786, -0.32652],
						"2.88": [0, 2.5, 0],
						"4.32": [-7.50706, 2.4786, -0.32652],
						"5.76": [0, -2.5, 0]
					}
				},
				"bone2": {
					"rotation": {
						"0.0": [0, 0, 0],
						"2.88": [2.75145, 0.43512, 0.99393],
						"5.76": [0, 0, 0]
					},
					"position": {
						"0.0": [0, 0, 0],
						"2.88": [0, -0.4, 0],
						"5.76": [0, 0, 0]
					}
				}
			}
		},
		"animation.rakonso.ground_walk": {
			"loop": true,
			"animation_length": 0.96,
			"bones": {
				"head": {
					"rotation": {
						"0.0": [0, 0, -5],
						"0.48": [0, 0, 5],
						"0.96": [0, 0, -5]
					}
				},
				"leg": {
					"rotation": {
						"0.0": [22.5, 0, 0],
						"0.48": [-22.5, 0, 0],
						"0.96": [22.5, 0, 0]
					}
				},
				"leg2": {
					"rotation": {
						"0.0": [22.5, 0, 0],
						"0.48": [-22.5, 0, 0],
						"0.96": [22.5, 0, 0]
					}
				},
				"leg3": {
					"rotation": {
						"0.0": [-22.5, 0, 0],
						"0.48": [22.5, 0, 0],
						"0.96": [-22.5, 0, 0]
					}
				},
				"leg4": {
					"rotation": {
						"0.0": [-22.5, 0, 0],
						"0.48": [22.5, 0, 0],
						"0.96": [-22.5, 0, 0]
					}
				},
				"tail": {
					"rotation": {
						"0.0": [0, -22.5, 0],
						"0.48": [0, 22.5, 0],
						"0.96": [0, -22.5, 0]
					}
				}
			}
		}
	}
}