{
	"format_version": "1.8.0",
	"animations": {
		"animation.pyrodactyl.test": {
			"loop": true,
			"bones": {
				"bottomjaw": {
					"rotation": [30, 0, 0]
				}
			}
		},
		"animation.pyrodactyl.ground_idle": {
			"loop": true,
			"animation_length": 2,
			"bones": {
				"body": {
					"rotation": {
						"0.0": [2.5, 0, 0],
						"0.25": [2.5, 0, 0],
						"1.0": [0, 0, 0],
						"1.25": [0, 0, 0],
						"2.0": [2.5, 0, 0]
					}
				},
				"rightwingopen": {
					"scale": 0
				},
				"leftwingopen": {
					"scale": 0
				},
				"neck": {
					"rotation": {
						"0.0": [0, 0, 0],
						"1.0": [5, 0, 0],
						"2.0": [0, 0, 0]
					}
				},
				"rightwingclosed": {
					"rotation": {
						"0.0": [0, 0, 0],
						"0.5": [3.05099, 0.03818, -1.74942],
						"1.0": [3.05099, 0.03818, -1.74942],
						"1.25": [3.05099, 0.03818, -1.74942],
						"2.0": [0, 0, 0]
					}
				},
				"leftwingclosed": {
					"rotation": {
						"0.0": [0, 0, 0],
						"0.5": [3.05099, -0.03818, 1.74942],
						"1.0": [3.05099, -0.03818, 1.74942],
						"1.25": [3.05099, -0.03818, 1.74942],
						"2.0": [0, 0, 0]
					}
				},
				"rightleg": {
					"rotation": {
						"0.0": [-2.16594, 1.24856, 0.00104],
						"0.25": [-2.16594, 1.24856, 0.00104],
						"1.0": [2.16701, -1.24763, -0.04825],
						"1.25": [2.16701, -1.24763, -0.04825],
						"2.0": [-2.16594, 1.24856, 0.00104]
					}
				},
				"leftleg": {
					"rotation": {
						"0.0": [-2.16594, -1.24856, -0.00104],
						"0.25": [-2.16594, -1.24856, -0.00104],
						"1.0": [2.16701, 1.24763, 0.04825],
						"1.25": [2.16701, 1.24763, 0.04825],
						"2.0": [-2.16594, -1.24856, -0.00104]
					}
				},
				"tail": {
					"rotation": {
						"0.0": [0.07673, -9.96156, -0.88045],
						"0.5": [0.2553, 14.90628, 1.70898],
						"1.0": [0.2553, 14.90628, 1.70898],
						"1.5": [0.07673, -9.96156, -0.88045],
						"2.0": [0.07673, -9.96156, -0.88045]
					}
				},
				"tail2": {
					"rotation": {
						"0.0": [-3.97508, -25.52854, -7.03449],
						"0.5": [-3.97508, -25.52854, -7.03449],
						"1.0": [-3.97508, 25.52854, 7.03449],
						"1.5": [-3.97508, 25.52854, 7.03449],
						"2.0": [-3.97508, -25.52854, -7.03449]
					}
				},
				"tail3": {
					"rotation": {
						"0.0": [-18.10499, -26.75711, -1.83923],
						"0.5": [-18.10499, -26.75711, -1.83923],
						"1.0": [-18.10499, 26.75711, 1.83923],
						"1.5": [-18.10499, 26.75711, 1.83923],
						"2.0": [-18.10499, -26.75711, -1.83923]
					}
				}
			}
		},
		"animation.pyrodactyl.ground_walk": {
			"loop": true,
			"animation_length": 2,
			"bones": {
				"body": {
					"rotation": {
						"0.0": [0, 0, 17.5],
						"0.5": [0, 0, 10],
						"1.0": [0, 0, -17.5],
						"1.5": [0, 0, -10],
						"2.0": [0, 0, 17.5]
					}
				},
				"rightwingopen": {
					"scale": 0
				},
				"leftwingopen": {
					"scale": 0
				},
				"neck": {
					"rotation": {
						"0.0": [0, 0, -17.5],
						"0.5": [0, 0, -10],
						"1.0": [0, 0, 17.5],
						"1.5": [0, 0, 10],
						"2.0": [0, 0, -17.5]
					}
				},
				"neckp2": {
					"rotation": {
						"0.0": [0.26059, -2.04761, 7.2061],
						"1.0": [0.26059, 2.04761, -7.2061],
						"2.0": [0.26059, -2.04761, 7.2061]
					}
				},
				"rightwingclosed": {
					"rotation": {
						"0.0": [39.32892, -0.011, -28.92589],
						"0.5": [-35.29986, 6.13674, 21.96647],
						"1.0": [18.16986, 7.51701, 3.88936],
						"1.5": [43.70439, 9.94257, -8.38696],
						"2.0": [39.32892, -0.011, -28.92589]
					}
				},
				"rightwingclosedp2": {
					"rotation": {
						"0.0": [-44.35535, 1.53111, 44.55443],
						"0.5": [-1.4815, 1.17818, 10.30727],
						"1.0": [-35.94845, -0.60489, 15.77457],
						"1.5": [-25.62918, -0.29812, 16.29084],
						"2.0": [-44.35535, 1.53111, 44.55443]
					}
				},
				"rightwingclosedmemb1": {
					"rotation": {
						"0.0": [0, 0, 0],
						"0.9583": [-1.08142, 3.5051, -8.26618],
						"2.0": [0, 0, 0]
					}
				},
				"rightwingclosedclaw": {
					"rotation": {
						"0.0": [76.48739, -68.97694, -71.21818],
						"0.5": [-8.83644, -73.50914, 15.56899],
						"1.0": [-8.83644, -73.50914, 15.56899],
						"1.5": [-32.52687, -33.53035, 38.32306],
						"2.0": [76.48739, -68.97694, -71.21818]
					}
				},
				"leftwingclosed": {
					"rotation": {
						"0.0": [18.16986, -7.51701, -3.88936],
						"0.5": [43.70439, -9.94257, 8.38696],
						"1.0": [39.32892, 0.011, 28.92589],
						"1.5": [-35.29986, -6.13674, -21.96647],
						"2.0": [18.16986, -7.51701, -3.88936]
					}
				},
				"leftwingclosedp2": {
					"rotation": {
						"0.0": [-35.94845, 0.60489, -15.77457],
						"0.5": [-25.62918, 0.29812, -16.29084],
						"1.0": [-44.35535, -1.53111, -44.55443],
						"1.5": [-1.4815, -1.17818, -10.30727],
						"2.0": [-35.94845, 0.60489, -15.77457]
					}
				},
				"leftwingclosedmemb1": {
					"rotation": {
						"0.0": [-1.08142, -3.5051, 8.26618],
						"1.0": [0, 0, 0],
						"2.0": [-1.08142, -3.5051, 8.26618]
					}
				},
				"leftwingclosedclaw": {
					"rotation": {
						"0.0": [-8.83644, 73.50914, -15.56899],
						"0.5": [-32.52687, 33.53035, -38.32306],
						"1.0": [76.48739, 68.97694, 71.21818],
						"1.5": [-8.83644, 73.50914, -15.56899],
						"2.0": [-8.83644, 73.50914, -15.56899]
					}
				},
				"spine": {
					"position": [0, 0, 0]
				},
				"rightleg": {
					"rotation": {
						"0.0": [-11.00199, 15.61666, -22.61128],
						"0.25": [19.55434, 3.56341, -18.89421],
						"0.5": [50.08134, -8.48423, -15.14952],
						"1.0": [-50.2649, -5.97166, 22.0539],
						"1.5": [-45.76777, 2.2863, 13.84919],
						"2.0": [-11.00199, 15.61666, -22.61128]
					},
					"position": {
						"0.0": [0, 0, 0],
						"0.8333": [0, 2, 0],
						"1.5": [0, 0, 0],
						"2.0": [0, 0, 0]
					}
				},
				"rightlegp2": {
					"rotation": {
						"0.0": [1.40564, -4.23838, -1.66155],
						"0.2083": [-16.98658, 2.18588, -5.59646],
						"0.25": [-23.1549, 3.68792, -7.2019],
						"0.3333": [-37.53685, 4.69195, -12.39525],
						"0.5": [-63.05907, 10.11806, -20.83263],
						"0.75": [28.17317, 10.76645, -21.01915],
						"1.0": [17.09892, 19.85964, -40.65146],
						"1.5": [-30.38369, 17.00533, -28.70485],
						"1.75": [24.20967, -3.62258, -16.91839],
						"2.0": [1.40564, -4.23838, -1.66155]
					}
				},
				"rightlegp3": {
					"rotation": {
						"0.0": [0, 0, 0],
						"0.5": [37.09506, -14.36505, 2.18235],
						"1.0": [-58.79173, 0.88423, 37.25323],
						"1.5": [-11.6334, -1.97622, 13.95339],
						"1.5833": [-23.8266, 3.38579, 11.49604],
						"1.75": [-33.78549, 10.12251, 6.07183],
						"2.0": [0, 0, 0]
					},
					"position": {
						"0.0": [0, 0, 0],
						"0.5": [0, 1, 0],
						"2.0": [0, 0, 0]
					}
				},
				"rightlegfoot": {
					"rotation": {
						"0.0": [0, 0, 0],
						"0.2083": [0.63432, -16.81863, 11.08667],
						"1.0": [86.59987, -24.80072, 15.94155],
						"1.5": [62.13116, -33.88232, 24.28963],
						"2.0": [0, 0, 0]
					},
					"position": {
						"0.0": [0, 0, 0],
						"2.0": [0, 0, 0]
					}
				},
				"rightlegtoes": {
					"rotation": {
						"0.0": [14.72098, -2.84468, 0.25016],
						"0.0833": [-0.05083, -0.26939, 1.2558],
						"1.5": [21.92546, 7.59296, -6.49314],
						"2.0": [14.72098, -2.84468, 0.25016]
					},
					"position": {
						"0.0": [0, 0, 0],
						"2.0": [0, 0, 0]
					}
				},
				"leftleg": {
					"rotation": {
						"0.0": [-50.2649, 5.97166, -22.0539],
						"0.5": [-45.76777, -2.2863, -13.84919],
						"1.0": [-11.00199, -15.61666, 22.61128],
						"1.25": [19.55434, -3.56341, 18.89421],
						"1.5": [50.08134, 8.48423, 15.14952],
						"2.0": [-50.2649, 5.97166, -22.0539]
					},
					"position": {
						"0.0": [0, 1.5, 0],
						"0.5": [0, 0, 0],
						"1.0": [0, 0, 0],
						"1.8333": [0, 2, 0],
						"2.0": [0, 1.5, 0]
					}
				},
				"leftlegp2": {
					"rotation": {
						"0.0": [17.09892, -19.85964, 40.65146],
						"0.5": [-30.38369, -17.00533, 28.70485],
						"0.75": [24.20967, 3.62258, 16.91839],
						"1.0": [1.40564, 4.23838, 1.66155],
						"1.2083": [-16.98658, -2.18588, 5.59646],
						"1.25": [-23.1549, -3.68792, 7.2019],
						"1.3333": [-37.53685, -4.69195, 12.39525],
						"1.5": [-63.05907, -10.11806, 20.83263],
						"1.75": [28.17317, -10.76645, 21.01915],
						"2.0": [17.09892, -19.85964, 40.65146]
					}
				},
				"leftlegp3": {
					"rotation": {
						"0.0": [-58.79173, -0.88423, -37.25323],
						"0.5": [-11.6334, 1.97622, -13.95339],
						"0.5833": [-23.8266, -3.38579, -11.49604],
						"0.75": [-33.78549, -10.12251, -6.07183],
						"1.0": [0, 0, 0],
						"1.5": [37.09506, 14.36505, -2.18235],
						"2.0": [-58.79173, -0.88423, -37.25323]
					},
					"position": {
						"0.0": [0, 0.67, 0],
						"1.0": [0, 0, 0],
						"1.5": [0, 1, 0],
						"2.0": [0, 0.67, 0]
					}
				},
				"leftlegfoot": {
					"rotation": {
						"0.0": [86.59987, 24.80072, -15.94155],
						"0.5": [62.13116, 33.88232, -24.28963],
						"1.0": [0, 0, 0],
						"1.2083": [0.63432, 16.81863, -11.08667],
						"2.0": [86.59987, 24.80072, -15.94155]
					},
					"position": {
						"0.0": [0, 0, 0],
						"1.0": [0, 0, 0],
						"2.0": [0, 0, 0]
					}
				},
				"leftlegtoes": {
					"rotation": {
						"0.0": [14.16912, -4.81801, 3.75822],
						"0.5": [21.92546, -7.59296, 6.49314],
						"1.0": [14.72098, 2.84468, -0.25016],
						"1.0833": [-0.05083, 0.26939, -1.2558],
						"2.0": [14.16912, -4.81801, 3.75822]
					},
					"position": [0, 0, 0]
				},
				"tail": {
					"rotation": {
						"0.0": [3.97547, 11.75744, 1.97166],
						"0.5": [-0.48334, -12.63375, -1.25811],
						"1.0": [3.97547, -11.75744, -1.97166],
						"1.5": [-0.48334, 12.63375, 1.25811],
						"2.0": [3.97547, 11.75744, 1.97166]
					}
				},
				"tail2": {
					"rotation": {
						"0.0": [6.41899, 19.16409, 12.21408],
						"0.5": [6.41899, 19.16409, 12.21408],
						"1.0": [6.41899, -19.16409, -12.21408],
						"1.5": [6.41899, -19.16409, -12.21408],
						"2.0": [6.41899, 19.16409, 12.21408]
					}
				},
				"tail3": {
					"rotation": {
						"0.0": [-12.81951, 29.83097, 20.57761],
						"0.5": [-12.81951, 29.83097, 20.57761],
						"1.0": [-12.81951, -29.83097, -20.57761],
						"1.5": [-12.81951, -29.83097, -20.57761],
						"2.0": [-12.81951, 29.83097, 20.57761]
					}
				}
			}
		},
		"animation.pyrodactyl.air_idle": {
			"loop": true,
			"animation_length": 1.5,
			"bones": {
				"body": {
					"rotation": {
						"0.0": [5, 0, 0],
						"0.25": [-2.5, 0, 0],
						"0.5": [-15, 0, 0],
						"0.75": [-10, 0, 0],
						"1.0": [5, 0, 0],
						"1.25": [7.5, 0, 0],
						"1.5": [5, 0, 0]
					},
					"position": {
						"0.0": [0, -1, -2],
						"0.25": [0, 1, 0],
						"0.5": [0, 4, 3],
						"0.75": [0, 7, 5],
						"1.0": [0, -1, -2],
						"1.25": [0, -3, -3],
						"1.5": [0, -1, -2]
					}
				},
				"rightwingopen": {
					"rotation": {
						"0.0": [0, 0, 72.5],
						"0.25": [0, 0, 27.5],
						"0.5": [0, 0, -30],
						"0.75": [0, 0, -67.5],
						"1.0": [50, 0, 2.5],
						"1.25": [0, 0, 72.5],
						"1.375": [0, 0, 80],
						"1.5": [0, 0, 72.5]
					}
				},
				"rightwingopenp2": {
					"rotation": {
						"0.75": [0, 0, 0],
						"1.0": [-30, 0, 0],
						"1.25": [0, 0, 0]
					}
				},
				"rightwingmainmemb": {
					"rotation": {
						"0.75": [0, 0, 0],
						"0.875": [62.5, 0, 0],
						"1.0": [0, 0, 0],
						"1.5": [0, 0, 0]
					},
					"position": {
						"0.75": [0, 0, 0],
						"0.875": [0, -4, 0],
						"1.5": [0, 0, 0]
					}
				},
				"rightwingopenmemb1": {
					"rotation": {
						"0.75": [0, 0, 0],
						"0.875": [75, 0, 45],
						"1.25": [0, 32.5, 17.5],
						"1.5": [0, 0, 0]
					},
					"position": [0, 0, -1]
				},
				"leftwingopen": {
					"rotation": {
						"0.0": [0, 0, -72.5],
						"0.25": [0, 0, -27.5],
						"0.5": [0, 0, 30],
						"0.75": [0, 0, 67.5],
						"1.0": [50, 0, -2.5],
						"1.25": [0, 0, -72.5],
						"1.375": [0, 0, -80],
						"1.5": [0, 0, -72.5]
					}
				},
				"leftwingopenp2": {
					"rotation": {
						"0.75": [0, 0, 0],
						"1.0": [-30, 0, 0],
						"1.25": [0, 0, 0]
					}
				},
				"leftwingmainmemb": {
					"rotation": {
						"0.75": [0, 0, 0],
						"0.875": [62.5, 0, 0],
						"1.0": [0, 0, 0],
						"1.5": [0, 0, 0]
					},
					"position": {
						"0.75": [0, 0, 0],
						"0.875": [0, -4, 0],
						"1.5": [0, 0, 0]
					}
				},
				"leftwingopenmemb1": {
					"rotation": {
						"0.75": [0, 0, 0],
						"0.875": [75, 0, -45],
						"1.25": [0, -32.5, -17.5],
						"1.5": [0, 0, 0]
					},
					"position": [0, 0, -1]
				},
				"neck": {
					"rotation": {
						"0.0": [42.5, 0, 0],
						"0.25": [55, 0, 0],
						"0.5": [80, 0, 0],
						"0.75": [90, 0, 0],
						"1.5": [42.5, 0, 0]
					}
				},
				"head": {
					"rotation": [-41.76935, 0, 0],
					"position": [0, 0.75, 2]
				},
				"bottomjaw": {
					"rotation": {
						"0.0": [7.5, 0, 0],
						"0.5": [2.5, 0, 0],
						"0.75": [0, 0, 0],
						"1.0": [2.5, 0, 0],
						"1.5": [7.5, 0, 0]
					}
				},
				"rightwingclosed": {
					"scale": 0
				},
				"leftwingclosed": {
					"scale": 0
				},
				"spine": {
					"rotation": [-42.5, 0, 0]
				},
				"rightleg": {
					"rotation": {
						"0.0": [30.03057, 9.86387, -1.31881],
						"0.5": [30.03, 9.86, -1.32],
						"0.75": [12.53, 9.86, -1.32],
						"1.0": [30.03, 9.86, -1.32]
					}
				},
				"rightlegp2": {
					"rotation": [33.30944, -18.18364, -3.33613]
				},
				"rightlegp3": {
					"rotation": [-56.41851, 25.3, -14.50314],
					"position": [1, 0, 0]
				},
				"rightlegfoot": {
					"rotation": [97.54265, -32.45778, 15.1723]
				},
				"rightlegtoes": {
					"rotation": [65, 0, 0]
				},
				"leftleg": {
					"rotation": {
						"0.0": [30.03057, -9.86387, 1.31881],
						"0.5": [30.03, -9.86, 1.32],
						"0.75": [12.53, -9.86, 1.32],
						"1.0": [30.03, -9.86, 1.32]
					}
				},
				"leftlegp2": {
					"rotation": [33.30944, 18.18364, 3.33613]
				},
				"leftlegp3": {
					"rotation": [-56.41851, -25.3, 14.50314],
					"position": [-1, 0, 0]
				},
				"leftlegfoot": {
					"rotation": [97.54265, 32.45778, -15.1723]
				},
				"leftlegtoes": {
					"rotation": [65, 0, 0]
				},
				"spike2": {
					"rotation": [-42.5, 0, 0]
				},
				"spike1": {
					"rotation": [-37.5, 0, 0]
				}
			}
		},
		"animation.pyrodactyl.air_fly": {
			"loop": true,
			"animation_length": 1.5,
			"bones": {
				"body": {
					"rotation": {
						"0.0": [37.5, 0, 0],
						"0.25": [22.5, 0, 0],
						"0.5": [7.5, 0, 0],
						"0.75": [10, 0, 0],
						"1.0": [25, 0, 0],
						"1.5": [37.5, 0, 0]
					},
					"position": {
						"0.0": [0, -1, -2],
						"0.25": [0, 1, 0],
						"0.5": [0, 4, 3],
						"0.75": [0, 7, 5],
						"1.0": [0, -1, -2],
						"1.25": [0, -3, -3],
						"1.5": [0, -1, -2]
					}
				},
				"rightwingopen": {
					"rotation": {
						"0.0": [0, 0, 72.5],
						"0.25": [0, 0, 27.5],
						"0.5": [0, 0, -30],
						"0.75": [0, 0, -67.5],
						"1.0": [50, 0, 2.5],
						"1.25": [0, 0, 72.5],
						"1.375": [0, 0, 80],
						"1.5": [0, 0, 72.5]
					}
				},
				"rightwingopenp2": {
					"rotation": {
						"0.75": [0, 0, 0],
						"1.0": [-30, 0, 0],
						"1.25": [0, 0, 0]
					}
				},
				"rightwingmainmemb": {
					"rotation": {
						"0.75": [0, 0, 0],
						"0.875": [62.5, 0, 0],
						"1.0": [0, 0, 0],
						"1.5": [0, 0, 0]
					},
					"position": {
						"0.75": [0, 0, 0],
						"0.875": [0, -4, 0],
						"1.5": [0, 0, 0]
					}
				},
				"rightwingopenmemb1": {
					"rotation": {
						"0.75": [-1.69304, -9.30727, 8.07639],
						"0.875": [75, 0, 45],
						"1.25": [0, 32.5, 17.5],
						"1.5": [0, 0, 0]
					},
					"position": [0, 0, -1]
				},
				"leftwingopen": {
					"rotation": {
						"0.0": [0, 0, -72.5],
						"0.25": [0, 0, -27.5],
						"0.5": [0, 0, 30],
						"0.75": [0, 0, 67.5],
						"1.0": [50, 0, -2.5],
						"1.25": [0, 0, -72.5],
						"1.375": [0, 0, -80],
						"1.5": [0, 0, -72.5]
					}
				},
				"leftwingopenp2": {
					"rotation": {
						"0.75": [0, 0, 0],
						"1.0": [-30, 0, 0],
						"1.25": [0, 0, 0]
					}
				},
				"leftwingmainmemb": {
					"rotation": {
						"0.75": [0, 0, 0],
						"0.875": [62.5, 0, 0],
						"1.0": [0, 0, 0],
						"1.5": [0, 0, 0]
					},
					"position": {
						"0.75": [0, 0, 0],
						"0.875": [0, -4, 0],
						"1.5": [0, 0, 0]
					}
				},
				"leftwingopenmemb1": {
					"rotation": {
						"0.75": [-1.69304, 9.30727, -8.07639],
						"0.875": [75, 0, -45],
						"1.25": [0, -32.5, -17.5],
						"1.5": [0, 0, 0]
					},
					"position": [0, 0, -1]
				},
				"neck": {
					"rotation": {
						"0.0": [25, 0, 0],
						"0.25": [45, 0, 0],
						"0.5": [67.5, 0, 0],
						"0.75": [75, 0, 0],
						"1.5": [25, 0, 0]
					}
				},
				"head": {
					"rotation": [-41.76935, 0, 0],
					"position": [0, 0.75, 2]
				},
				"bottomjaw": {
					"rotation": {
						"0.0": [7.5, 0, 0],
						"0.5": [2.5, 0, 0],
						"0.75": [0, 0, 0],
						"1.0": [2.5, 0, 0],
						"1.5": [7.5, 0, 0]
					}
				},
				"rightwingclosed": {
					"scale": 0
				},
				"leftwingclosed": {
					"scale": 0
				},
				"spine": {
					"rotation": [-42.5, 0, 0]
				},
				"rightleg": {
					"rotation": {
						"0.0": [30.03057, 9.86387, -1.31881],
						"0.5": [30.03, 9.86, -1.32],
						"0.75": [12.53, 9.86, -1.32],
						"1.0": [30.03, 9.86, -1.32]
					}
				},
				"rightlegp2": {
					"rotation": [33.30944, -18.18364, -3.33613]
				},
				"rightlegp3": {
					"rotation": [-11.41851, 10.3, 0.49686],
					"position": [1, 0, 0]
				},
				"rightlegfoot": {
					"rotation": [97.54265, -32.45778, 15.1723]
				},
				"rightlegtoes": {
					"rotation": [65, 0, 0]
				},
				"leftleg": {
					"rotation": {
						"0.0": [30.03057, -9.86387, 1.31881],
						"0.5": [30.03, -9.86, 1.32],
						"0.75": [12.53, -9.86, 1.32],
						"1.0": [30.03, -9.86, 1.32]
					}
				},
				"leftlegp2": {
					"rotation": [33.30944, 18.18364, 3.33613]
				},
				"leftlegp3": {
					"rotation": [-11.41851, -10.3, -0.49686],
					"position": [-1, 0, 0]
				},
				"leftlegfoot": {
					"rotation": [97.54265, 32.45778, -15.1723]
				},
				"leftlegtoes": {
					"rotation": [65, 0, 0]
				},
				"spike2": {
					"rotation": [-42.5, 0, 0]
				},
				"spike1": {
					"rotation": [-37.5, 0, 0]
				},
				"tail2": {
					"rotation": {
						"0.0": [-22.5, 0, 0],
						"0.5": [10, 0, 0],
						"0.75": [-27.5, 0, 0],
						"1.5": [-22.5, 0, 0]
					}
				},
				"tail3": {
					"rotation": {
						"0.0": [-20, 0, 0],
						"0.5": [7.5, 0, 0],
						"0.75": [-32.5, 0, 0],
						"1.5": [-20, 0, 0]
					}
				}
			}
		},
		"animation.pyrodactyl.faint": {
			"animation_length": 1,
			"bones": {
				"body": {
					"rotation": {
						"0.0": [0, 0, 0],
						"0.5": [-12.06283, 7.35559, 6.79333]
					},
					"position": {
						"0.0": [0, 0, 0],
						"0.5": [0, 2, 0]
					}
				},
				"rightwingopen": {
					"scale": 0
				},
				"leftwingopen": {
					"scale": 0
				},
				"neck": {
					"rotation": {
						"0.0": [0, 0, 0],
						"0.5": [0, -12.5, 0]
					}
				},
				"neckp2": {
					"rotation": {
						"0.0": [0, 0, 0],
						"0.5": [0, 17.5, 0]
					}
				},
				"head": {
					"rotation": {
						"0.0": [0, 0, 0],
						"0.5": [3.65697, -29.76212, 6.29878]
					}
				},
				"bottomjaw": {
					"rotation": {
						"0.0": [0, 0, 0],
						"0.7083": [20, 0, 0]
					},
					"position": [0, 0, 0]
				},
				"rightwingclosed": {
					"rotation": {
						"0.0": [0, 0, 0],
						"0.5": [30, 0, 0]
					}
				},
				"rightwingclosedp2": {
					"rotation": {
						"0.0": [0, 0, 0],
						"0.5": [-65, 0, 0]
					}
				},
				"rightwingclosedclaw": {
					"rotation": {
						"0.0": [0, 0, 0],
						"0.5": [0, -87.5, 0]
					}
				},
				"leftwingclosedp2": {
					"rotation": {
						"0.0": [0, 0, 0],
						"0.5": [17.5, 0, 0]
					}
				},
				"rightleg": {
					"rotation": {
						"0.0": [0, 0, 0],
						"0.5": [15, 0, 0]
					}
				},
				"leftleg": {
					"rotation": {
						"0.0": [0, 0, 0],
						"0.5": [32.5, 0, 0]
					}
				},
				"tail": {
					"rotation": {
						"0.0": [0, 0, 0],
						"0.7083": [0, 12.5, 0]
					}
				},
				"tail2": {
					"rotation": {
						"0.0": [0, 0, 0],
						"0.7083": [0, 27.5, 0]
					}
				},
				"tail3": {
					"rotation": {
						"0.0": [0, 0, 0],
						"0.7083": [0, 30, 0]
					}
				},
				"bone2": {
					"position": {
						"0.7083": [0, 0, 0],
						"0.75": [1.25, 0, 0]
					}
				},
				"bone": {
					"position": {
						"0.7083": [0, 0, 0],
						"0.75": [-1.25, 0, 0]
					}
				}
			}
		},
		"animation.pyrodactyl.sleep": {
			"loop": true,
			"animation_length": 1.5,
			"bones": {
				"body": {
					"rotation": [20, 0, 0],
					"position": {
						"0.0": [0, -9, -5],
						"0.75": [0, -8.75, -5],
						"1.5": [0, -9, -5]
					}
				},
				"rightwingopen": {
					"scale": 0
				},
				"leftwingopen": {
					"scale": 0
				},
				"neck": {
					"rotation": {
						"0.0": [92.65874, 7.04533, 2.57816],
						"0.75": [100.15874, 7.04533, 2.57816],
						"1.5": [92.65874, 7.04533, 2.57816]
					},
					"position": {
						"0.0": [0, 0, 3],
						"1.5": [0, 0, 3]
					}
				},
				"neckp2": {
					"rotation": {
						"0.0": [-44.79431, 22.47741, 1.03509],
						"0.75": [-57.29431, 22.47741, 1.03509],
						"1.5": [-44.79431, 22.47741, 1.03509]
					}
				},
				"spike1": {
					"rotation": [-32.5, 0, 0]
				},
				"spike2": {
					"rotation": [-22.5, 0, 0]
				},
				"head": {
					"rotation": [-54.99858, 21.46902, -13.12427],
					"position": [0, 0, 2]
				},
				"topjaw": {
					"rotation": {
						"0.0": [-15, 0, 0],
						"0.5": [0, 0, 0],
						"1.25": [0, 0, 0],
						"1.5": [-15, 0, 0]
					}
				},
				"rightwingclosed": {
					"rotation": [17.5, 0, 0]
				},
				"rightwingclosedp2": {
					"rotation": [-74.24027, 16.32555, 22.44031],
					"position": [0, 1, -1]
				},
				"rightwingclosedclaw": {
					"rotation": [0, -85, 0]
				},
				"leftwingclosed": {
					"rotation": [17.5, 0, 0]
				},
				"leftwingclosedp2": {
					"rotation": [-74.24027, -16.32555, -22.44031],
					"position": [0, 1, -1]
				},
				"leftwingclosedclaw": {
					"rotation": [0, 85, 0]
				},
				"rightlegp3": {
					"rotation": [17.5, 0, 0]
				},
				"rightlegfoot": {
					"rotation": [84.24608, -23.22944, -9.85635]
				},
				"rightlegtoes": {
					"rotation": [77.5, 0, 0]
				},
				"leftlegp3": {
					"rotation": [17.5, 0, 0]
				},
				"leftlegfoot": {
					"rotation": [84.24608, 23.22944, 9.85635]
				},
				"leftlegtoes": {
					"rotation": [77.5, 0, 0]
				},
				"tail": {
					"rotation": [-67.5, 0, 0]
				},
				"bone": {
					"position": [-1.1, 0, 0]
				},
				"bone2": {
					"position": [1.1, 0, 0]
				}
			}
		},
		"animation.pyrodactyl.blink": {
			"animation_length": 0.25,
			"bones": {
				"bone": {
					"position": {
						"0.0": [-0.1, 0, 0],
						"0.0417": [-0.1, 0, 0],
						"0.0833": [-0.1, 0, 0],
						"0.125": [-1.1, 0, 0],
						"0.1667": [-1.1, 0, 0],
						"0.2083": [-1.1, 0, 0],
						"0.25": [-0.1, 0, 0]
					}
				},
				"bone2": {
					"position": {
						"0.0": [0.1, 0, 0],
						"0.0417": [0.1, 0, 0],
						"0.0833": [0.1, 0, 0],
						"0.125": [1.1, 0, 0],
						"0.1667": [1.1, 0, 0],
						"0.2083": [1.1, 0, 0],
						"0.25": [0.1, 0, 0]
					}
				}
			}
		},
		"animation.pyrodactyl.cry": {
			"animation_length": 0.5,
			"bones": {
				"neck": {
					"rotation": {
						"0.0": [0, 0, 0],
						"0.25": [15, 0, 0],
						"0.375": [15, 0, 0],
						"0.5": [0, 0, 0]
					}
				},
				"neckp2": {
					"rotation": {
						"0.0": [0, 0, 0],
						"0.25": [-10, 0, 0],
						"0.375": [-10, 0, 0],
						"0.5": [0, 0, 0]
					}
				},
				"head": {
					"rotation": {
						"0.0": [0, 0, 0],
						"0.25": [-7.5, 0, 0],
						"0.5": [0, 0, 0]
					}
				},
				"topjaw": {
					"rotation": {
						"0.25": [0, 0, 0],
						"0.375": [-10, 0, 0],
						"0.5": [0, 0, 0]
					}
				},
				"bottomjaw": {
					"rotation": {
						"0.0": [0, 0, 0],
						"0.25": [12.5, 0, 0],
						"0.375": [12.5, 0, 0],
						"0.5": [0, 0, 0]
					}
				}
			}
		}
	}
}