{
	"format_version": "1.8.0",
	"animations": {
		"animation.deervo.ground_idle": {
			"loop": true,
			"animation_length": 2.24,
			"bones": {
				"bone3": {
					"scale": {
						"0.0": [1, 1, 1],
						"1.08": [1, 0.97, 1],
						"2.24": [1, 1, 1]
					}
				},
				"neck": {
					"rotation": {
						"0.0": [0, 0, 0],
						"1.08": [2.5, 0, 0],
						"2.24": [0, 0, 0]
					}
				},
				"tail": {
					"rotation": {
						"0.0": [0, 22.5, 0],
						"1.08": [0, -22.5, 0],
						"2.24": [0, 22.5, 0]
					}
				}
			}
		},
		"animation.deervo.ground_walk": {
			"loop": true,
			"animation_length": 1.92,
			"bones": {
				"neck": {
					"rotation": {
						"0.0": [0, 0, 0],
						"0.48": [5, 0, 0],
						"0.96": [0, 0, 0],
						"1.44": [5, 0, 0],
						"1.92": [0, 0, 0]
					}
				},
				"leg": {
					"rotation": {
						"0.0": [0, 0, 0],
						"0.48": [22.5, 0, 0],
						"0.96": [0, 0, 0],
						"1.44": [-22.5, 0, 0],
						"1.92": [0, 0, 0]
					}
				},
				"leg2": {
					"rotation": {
						"0.0": [0, 0, 0],
						"0.48": [-22.5, 0, 0],
						"0.96": [0, 0, 0],
						"1.44": [22.5, 0, 0],
						"1.92": [0, 0, 0]
					}
				},
				"leg4": {
					"rotation": {
						"0.0": [0, 0, 0],
						"0.48": [-22.5, 0, 0],
						"0.96": [0, 0, 0],
						"1.44": [22.5, 0, 0],
						"1.92": [0, 0, 0]
					}
				},
				"leg3": {
					"rotation": {
						"0.0": [0, 0, 0],
						"0.48": [22.5, 0, 0],
						"0.96": [0, 0, 0],
						"1.44": [-22.5, 0, 0],
						"1.92": [0, 0, 0]
					}
				}
			}
		}
	}
}