{
	"format_version": "1.12.0",
	"minecraft:geometry": [
		{
			"description": {
				"identifier": "geometry.unknown",
				"texture_width": 64,
				"texture_height": 64,
				"visible_bounds_width": 4,
				"visible_bounds_height": 3.5,
				"visible_bounds_offset": [0, 1.25, 0]
			},
			"bones": [
				{
					"name": "slappelin",
					"pivot": [0, 0, 0]
				},
				{
					"name": "body_lean",
					"parent": "slappelin",
					"pivot": [0, 0, 0]
				},
				{
					"name": "body",
					"parent": "body_lean",
					"pivot": [0, 7, 0],
					"cubes": [
						{"origin": [-1, 9, -5], "size": [2, 2, 2], "uv": [0, 46]},
						{"origin": [-3, 6.75, -3.25], "size": [6, 6, 6], "uv": [24, 20]},
						{"origin": [-2.5, 8.25, -3.26], "size": [5, 1, 0], "uv": [46, 16], "mirror": true}
					]
				},
				{
					"name": "l_arm",
					"parent": "body",
					"pivot": [3, 10, 0.5],
					"cubes": [
						{"origin": [2.5, 9.5, 0], "size": [3, 1, 1], "uv": [0, 6]}
					]
				},
				{
					"name": "l_elbow",
					"parent": "l_arm",
					"pivot": [5.5, 10, 0.5],
					"cubes": [
						{"origin": [5.5, 9.5, 0], "size": [3, 1, 1], "uv": [30, 18]}
					]
				},
				{
					"name": "l_hand",
					"parent": "l_elbow",
					"pivot": [8.25, 10, 0.5],
					"cubes": [
						{"origin": [8.75, 9.5, -1], "size": [2, 1, 3], "uv": [4, 31]},
						{"origin": [8.25, 9.25, -1.1], "size": [2, 1, 2], "uv": [24, 5]},
						{"origin": [8.75, 10.51, -0.5], "size": [2, 0, 1], "uv": [56, 2]},
						{"origin": [8.75, 10.51, 0.75], "size": [2, 0, 1], "uv": [56, 2]},
						{"origin": [7.75, 9, -0.5], "size": [1, 2, 2], "uv": [4, 16]}
					]
				},
				{
					"name": "l_fingers",
					"parent": "l_hand",
					"pivot": [10.75, 10, 0.5],
					"cubes": [
						{"origin": [10.75, 9.5, -1], "size": [2, 1, 3], "inflate": -0.01, "uv": [11, 33]}
					]
				},
				{
					"name": "l_thumb",
					"parent": "l_hand",
					"pivot": [9.25, 9.75, -1],
					"cubes": [
						{"origin": [8.75, 9.25, -3], "size": [1, 1, 2], "inflate": -0.01, "uv": [37, 32]}
					]
				},
				{
					"name": "r_arm",
					"parent": "body",
					"pivot": [-3, 10, 0.5],
					"cubes": [
						{"origin": [-5.5, 9.5, 0], "size": [3, 1, 1], "uv": [37, 13]}
					]
				},
				{
					"name": "r_elbow",
					"parent": "r_arm",
					"pivot": [-5.5, 10, 0.5],
					"cubes": [
						{"origin": [-8.5, 9.5, 0], "size": [3, 1, 1], "uv": [13, 26]}
					]
				},
				{
					"name": "r_hand",
					"parent": "r_elbow",
					"pivot": [-7.75, 10, 0.5],
					"cubes": [
						{"origin": [-8.75, 9, -0.5], "size": [1, 2, 2], "uv": [4, 20]},
						{"origin": [-10.75, 9.5, -1], "size": [2, 1, 3], "uv": [30, 32]},
						{"origin": [-10.25, 9.25, -1.1], "size": [2, 1, 2], "uv": [32, 10]},
						{"origin": [-10.75, 10.51, 0.75], "size": [2, 0, 1], "uv": [56, 2], "mirror": true},
						{"origin": [-10.75, 10.51, -0.5], "size": [2, 0, 1], "uv": [56, 2], "mirror": true}
					]
				},
				{
					"name": "r_fingers",
					"parent": "r_hand",
					"pivot": [-10.75, 10, 0.5],
					"cubes": [
						{"origin": [-12.75, 9.5, -1], "size": [2, 1, 3], "inflate": -0.01, "uv": [20, 32]}
					]
				},
				{
					"name": "r_thumb",
					"parent": "r_hand",
					"pivot": [-9.25, 9.75, -1],
					"cubes": [
						{"origin": [-9.75, 9.25, -3], "size": [1, 1, 2], "uv": [38, 16]}
					]
				},
				{
					"name": "lollipop_02_stick_01",
					"parent": "r_hand",
					"pivot": [-11, 9, 8.5],
					"rotation": [90, 0, 0],
					"cubes": [
						{"origin": [-11.5, 9, 8], "size": [1, 10, 1], "uv": [0, 26]}
					]
				},
				{
					"name": "lollipop_02_stick_02",
					"parent": "lollipop_02_stick_01",
					"pivot": [-11, 19, 8.5],
					"cubes": [
						{"origin": [-11.5, 19, 8], "size": [1, 10, 1], "uv": [0, 15]}
					]
				},
				{
					"name": "lollipop_02_head",
					"parent": "lollipop_02_stick_02",
					"pivot": [-11, 26.75, 8.5],
					"cubes": [
						{"origin": [-16.25, 27.25, 3.5], "size": [10, 10, 10], "uv": [0, 44]},
						{"origin": [-16.25, 28.25, 13], "size": [10, 9, -9], "inflate": -0.02, "uv": [50, 58]},
						{"origin": [-12, 26.25, 7.5], "size": [2, 2, 2], "uv": [46, 11], "mirror": true}
					]
				},
				{
					"name": "lollipop_02_upper_teeth",
					"parent": "lollipop_02_head",
					"pivot": [-11, 34, 4.25],
					"cubes": [
						{"origin": [-16.25, 32, 3.75], "size": [10, 3, 1], "inflate": -0.01, "uv": [42, 39], "mirror": true}
					]
				},
				{
					"name": "lollipop_02_lower_teeth",
					"parent": "lollipop_02_head",
					"pivot": [-11, 30, 4],
					"cubes": [
						{"origin": [-16.25, 29, 3.75], "size": [10, 3, 1], "inflate": -0.02, "uv": [42, 43], "mirror": true}
					]
				},
				{
					"name": "hat_01",
					"parent": "body",
					"pivot": [0, 12.75, -0.25],
					"cubes": [
						{"origin": [-5, 12.9, -4.95], "size": [10, 0, 5], "pivot": [0, 12.98854, -2.5517], "rotation": [15, 0, 0], "uv": [27, 5]},
						{"origin": [-0.1, 12.85, -5.25], "size": [5, 0, 10], "pivot": [2.72658, 12.89435, -0.25], "rotation": [0, 0, 15], "uv": [0, 16], "mirror": true},
						{"origin": [-5, 12.9, -0.1], "size": [10, 0, 5], "pivot": [0, 13, 2.5], "rotation": [-15, 0, 0], "uv": [19, 0]},
						{"origin": [-4.9, 12.85, -5.25], "size": [5, 0, 10], "pivot": [-2.72658, 12.89435, -0.25], "rotation": [0, 0, -15], "uv": [0, 16]}
					]
				},
				{
					"name": "hat_02",
					"parent": "hat_01",
					"pivot": [0, 12.75, -0.25],
					"cubes": [
						{"origin": [-1.5, 12, -1.75], "size": [3, 2, 3], "uv": [4, 26]},
						{"origin": [-1, 13.5, -1.25], "size": [2, 2, 2], "uv": [19, 36]},
						{"origin": [-0.5, 15, -0.75], "size": [1, 2, 1], "uv": [28, 40]}
					]
				},
				{
					"name": "pompom",
					"parent": "hat_02",
					"pivot": [0, 17, -0.25],
					"cubes": [
						{"origin": [-1.5, 16.25, -0.25], "size": [3, 3, 0], "pivot": [0, 17.75, -0.25], "rotation": [35.26439, 30, 54.73561], "uv": [18, 40]},
						{"origin": [-1.5, 16.25, -0.25], "size": [3, 3, 0], "pivot": [0, 17.75, -0.25], "rotation": [-35.26439, -30, 54.73561], "uv": [40, 10]}
					]
				},
				{
					"name": "lollipop_01_stick_01",
					"parent": "body_lean",
					"pivot": [-14.5, 17, 0.5],
					"cubes": [
						{"origin": [-15, 0, 0], "size": [1, 10, 1], "uv": [0, 26]}
					]
				},
				{
					"name": "lollipop_01_stick_02",
					"parent": "lollipop_01_stick_01",
					"pivot": [-14.5, 10, 0.5],
					"cubes": [
						{"origin": [-15, 10, 0], "size": [1, 10, 1], "uv": [0, 15]}
					]
				},
				{
					"name": "lollipop_01_head",
					"parent": "lollipop_01_stick_02",
					"pivot": [-14.5, 17.75, 0.5],
					"cubes": [
						{"origin": [-19.75, 18.25, -4.5], "size": [10, 10, 10], "uv": [0, 44]},
						{"origin": [-19.75, 19.25, 5], "size": [10, 9, -9], "inflate": -0.02, "uv": [50, 58]},
						{"origin": [-15.5, 17.25, -0.5], "size": [2, 2, 2], "uv": [46, 11], "mirror": true}
					]
				},
				{
					"name": "lollipop_01_upper_teeth",
					"parent": "lollipop_01_head",
					"pivot": [-14.5, 25, -3.75],
					"cubes": [
						{"origin": [-19.75, 23, -4.25], "size": [10, 3, 1], "inflate": -0.01, "uv": [42, 39], "mirror": true}
					]
				},
				{
					"name": "lollipop_01_lower_teeth",
					"parent": "lollipop_01_head",
					"pivot": [-14.5, 21, -4],
					"cubes": [
						{"origin": [-19.75, 20, -4.25], "size": [10, 3, 1], "inflate": -0.01, "uv": [42, 43], "mirror": true}
					]
				},
				{
					"name": "l_leg_01",
					"parent": "body_lean",
					"pivot": [1.75, 6.75, 0],
					"cubes": [
						{"origin": [0.75, 4, -1], "size": [2, 4, 2], "uv": [0, 0]}
					]
				},
				{
					"name": "l_leg_02",
					"parent": "l_leg_01",
					"pivot": [1.75, 4, 0],
					"cubes": [
						{"origin": [1.25, 1.75, -0.5], "size": [1, 3, 1], "uv": [20, 27]}
					]
				},
				{
					"name": "l_foot_01",
					"parent": "l_leg_02",
					"pivot": [1.75, 2, 0],
					"cubes": [
						{"origin": [0.75, 0, -2], "size": [2, 2, 3], "uv": [13, 28]}
					]
				},
				{
					"name": "l_foot_02",
					"parent": "l_foot_01",
					"pivot": [1.75, 0.5, -1],
					"cubes": [
						{"origin": [0.75, 0, -3.25], "size": [2, 2, 2], "inflate": 0.3, "uv": [0, 42]}
					]
				},
				{
					"name": "ll_shoelace_01",
					"parent": "l_foot_01",
					"pivot": [2, 2, -0.75],
					"cubes": [
						{"origin": [2, 2, -1.25], "size": [2, 0, 1], "uv": [11, 1]}
					]
				},
				{
					"name": "ll_shoelace_02",
					"parent": "ll_shoelace_01",
					"pivot": [4, 2, -0.75],
					"cubes": [
						{"origin": [4, 2, -1.25], "size": [2, 0, 1], "uv": [11, 2]}
					]
				},
				{
					"name": "lr_shoelace_01",
					"parent": "l_foot_01",
					"pivot": [1.5, 2, -0.75],
					"cubes": [
						{"origin": [-0.5, 2, -1.25], "size": [2, 0, 1], "uv": [11, 3]}
					]
				},
				{
					"name": "lr_shoelace_02",
					"parent": "lr_shoelace_01",
					"pivot": [-0.5, 2, -0.75],
					"cubes": [
						{"origin": [-2.5, 2, -1.25], "size": [2, 0, 1], "uv": [11, 4]}
					]
				},
				{
					"name": "r_leg_01",
					"parent": "body_lean",
					"pivot": [-1.75, 6.75, 0],
					"cubes": [
						{"origin": [-2.75, 4, -1], "size": [2, 4, 2], "uv": [2, 35]}
					]
				},
				{
					"name": "r_leg_02",
					"parent": "r_leg_01",
					"pivot": [-1.75, 4, 0],
					"cubes": [
						{"origin": [-2.25, 1.75, -0.5], "size": [1, 3, 1], "uv": [32, 40]}
					]
				},
				{
					"name": "foot_01",
					"parent": "r_leg_02",
					"pivot": [-1.75, 2, 0],
					"cubes": [
						{"origin": [-2.75, 0, -2], "size": [2, 2, 3], "uv": [30, 13]}
					]
				},
				{
					"name": "foot_02",
					"parent": "foot_01",
					"pivot": [-1.75, 0.5, -1],
					"cubes": [
						{"origin": [-2.75, 0, -3.25], "size": [2, 2, 2], "inflate": 0.3, "uv": [27, 36]}
					]
				},
				{
					"name": "rr_shoelace_01",
					"parent": "foot_01",
					"pivot": [-2, 2, -0.75],
					"cubes": [
						{"origin": [-4, 2, -1.25], "size": [2, 0, 1], "uv": [11, 5]}
					]
				},
				{
					"name": "rr_shoelace_02",
					"parent": "rr_shoelace_01",
					"pivot": [-4, 2, -0.75],
					"cubes": [
						{"origin": [-6, 2, -1.25], "size": [2, 0, 1], "uv": [11, 6]}
					]
				},
				{
					"name": "rl_shoelace_01",
					"parent": "foot_01",
					"pivot": [-1.5, 2, -0.75],
					"cubes": [
						{"origin": [-1.5, 2, -1.25], "size": [2, 0, 1], "uv": [11, 7]}
					]
				},
				{
					"name": "rl_shoelace_02",
					"parent": "rl_shoelace_01",
					"pivot": [0.5, 2, -0.75],
					"cubes": [
						{"origin": [0.5, 2, -1.25], "size": [2, 0, 1], "uv": [11, 8]}
					]
				}
			]
		}
	]
}