{
	"format_version": "1.8.0",
	"animations": {
		"animation.viforcer.ground_idle": {
			"loop": true,
			"bones": {
				"body": {
					"position": [0, -0.9, 0]
				},
				"chest": {
					"rotation": ["Math.cos((query.anim_time) * 90 * 1 - 90) * -2", 0, 0]
				},
				"arm_left": {
					"rotation": [0, -7.5, "55+Math.cos((query.anim_time) * 90 * 1 - 90) * -2"]
				},
				"arm_left2": {
					"rotation": [0, 15, 0]
				},
				"arm_right": {
					"rotation": [0, 7.5, "-55+Math.cos((query.anim_time) * 90 * 1 - 90) * 2"]
				},
				"arm_right2": {
					"rotation": [0, -10, 0]
				},
				"head": {
					"rotation": ["5+Math.cos((query.anim_time) * 90 * 1 - 60) * 3", 0, 0]
				},
				"head_flame2": {
					"rotation": ["-7.5+Math.cos((query.anim_time-0.09) * 90 * 6) * 1", 0, 1]
				},
				"leg_left": {
					"rotation": ["math.cos((query.anim_time)*90*1)*1", 2.5, -5],
					"position": [0, "math.cos((query.anim_time)*90*1)*0.1", 0]
				},
				"leg_left2": {
					"rotation": ["15.8841-math.cos((query.anim_time)*90*1)*2", -2.31868, 5.01925]
				},
				"foot_left": {
					"rotation": [-7.5, 0, 0]
				},
				"leg_right": {
					"rotation": ["4.7638+math.cos((query.anim_time)*90*1)*1", -2.92578, 4.98744],
					"position": [0, "math.cos((query.anim_time)*90*1)*0.1", 0]
				},
				"leg_right2": {
					"rotation": ["7.4718-math.cos((query.anim_time)*90*1)*2", 0.65182, -4.95744]
				},
				"foot_left_pivot": {
					"rotation": ["-8.5+math.cos((query.anim_time)*90*1)*0.3", 0, 0]
				},
				"foot_right_pivot": {
					"rotation": ["-12.5+math.cos((query.anim_time)*90*1)*0.3", 0, 0]
				},
				"torso": {
					"rotation": ["0+Math.cos((query.anim_time) * 90 * 1 - 50) * -1.5", 0, 0],
					"position": [0, "0+Math.cos((query.anim_time) * 90 * 1) * 0.3", 0]
				},
				"head_flame": {
					"rotation": ["0+Math.cos((query.anim_time) * 90 * 6) * 2", 0, 0]
				},
				"head_flame3": {
					"rotation": ["22.5+Math.cos((query.anim_time-0.18) * 90 * 6) * 1", 0, 1]
				},
				"ticker": {
					"rotation": [0, "Math.cos((query.anim_time) * 90 * 1) * 12", 0]
				},
				"fingers": {
					"rotation": [0, 0, -47.5]
				},
				"fingersmid": {
					"rotation": [0, 0, "-Math.cos((query.anim_time) * 90 * 1 - 90) * 4"]
				},
				"fingertips": {
					"rotation": [0, 0, "27.5-Math.cos((query.anim_time) * 90 * 1 - 90) * 4"]
				},
				"ticker2": {
					"rotation": [0, "Math.cos((query.anim_time) * 90 * 1) * 12", 0]
				},
				"fingers2": {
					"rotation": [0, 0, 47.5]
				},
				"fingersmid2": {
					"rotation": [0, 0, "Math.cos((query.anim_time) * 90 * 1 - 90) * 4"]
				},
				"fingertips2": {
					"rotation": [0, 0, "-27.5+Math.cos((query.anim_time) * 90 * 1 - 90) * 4"]
				},
				"thumb2": {
					"rotation": [0, "-17.5+Math.cos((query.anim_time) * 90 * 1 - 90) * 4", 0]
				},
				"thumb": {
					"rotation": [0, "17.5-Math.cos((query.anim_time) * 90 * 1 - 90) * 4", 0]
				}
			}
		},
		"animation.viforcer.battle_idle": {
			"loop": true,
			"bones": {
				"body": {
					"position": [0, -2.25, 0]
				},
				"torso": {
					"rotation": ["-7.5+Math.cos((query.anim_time) * 90 * 2 - 50) * -2", 0, 0],
					"position": [0, "0+Math.cos((query.anim_time) * 90 * 4) * 0.18", 0]
				},
				"back_hips_armor_left": {
					"rotation": [0, 0, 17.5]
				},
				"back_hips_armor_right": {
					"rotation": [0, 0, -17.5]
				},
				"back_hips_armor_back": {
					"rotation": [17.5, 0, 0]
				},
				"waist": {
					"rotation": [7.5, 0, 0]
				},
				"chest": {
					"rotation": ["Math.cos((query.anim_time) * 90 * 2 - 110) * -2", 0, 0]
				},
				"arm_left": {
					"rotation": [-45, -7.5, "30+Math.cos((query.anim_time) * 90 * 4 - 110) * -2"]
				},
				"arm_left2": {
					"rotation": [85, 47.5, "50+Math.cos((query.anim_time) * 90 * 4 - 140) * -3"]
				},
				"arm_right": {
					"rotation": [2.5, 5, "-45+Math.cos((query.anim_time) * 90 * 4 - 110) * 2"]
				},
				"arm_right2": {
					"rotation": [0, -55, "Math.cos((query.anim_time) * 90 * 4 - 140) * 3"]
				},
				"neck": {
					"rotation": ["7.5+Math.cos((query.anim_time) * 90 * 2 - 70) * 4", 0, 0]
				},
				"flame_left_rotation": {
					"rotation": ["0+Math.cos((query.anim_time) * 90 * 8) * 5", 0, 0]
				},
				"flame_right_rotation": {
					"rotation": ["0+Math.cos((query.anim_time) * 90 * 8) * 5", 0, 0]
				},
				"head_flame": {
					"rotation": ["0+Math.cos((query.anim_time) * 90 * 8) * 5", 5, 0]
				},
				"head_flame2": {
					"rotation": ["-7.5+Math.cos((query.anim_time-0.09) * 90 * 8) * 6", 0, 0]
				},
				"head_flame3": {
					"rotation": ["22.5+Math.cos((query.anim_time-0.18) * 90 * 8) * 12", 0, 0]
				},
				"leg_left": {
					"rotation": ["-35+math.cos((query.anim_time)*90*4)*0.1", -20, 0]
				},
				"leg_left2": {
					"rotation": ["28.9528-math.cos((query.anim_time)*90*4)*0.2", 2.17745, -0.49903],
					"position": [0, 0.1, -0.2]
				},
				"foot_left_pivot": {
					"rotation": [5, 0, 0]
				},
				"leg_right": {
					"rotation": ["12.5+math.cos((query.anim_time)*90*4)*0.1", 25, 20]
				},
				"leg_right2": {
					"rotation": ["17.5627-math.cos((query.anim_time)*90*4)*0.2", 4.76804, -5.99299]
				},
				"foot_right_pivot": {
					"rotation": [-19.71975, -3.40487, -9.40804]
				},
				"hips_armor_front": {
					"rotation": [-5, 0, 0]
				},
				"ticker": {
					"rotation": [0, "Math.cos((query.anim_time) * 90 * (8/3)*1 - 35) * -20", 0]
				},
				"ticker2": {
					"rotation": [0, "Math.cos((query.anim_time) * 90 * (8/3)*1 - 35) * -20", 0]
				}
			}
		},
		"animation.viforcer.faint": {
			"loop": true,
			"animation_length": 3,
			"bones": {
				"body": {
					"rotation": {
						"0.0": [0, 0, 0],
						"1.8333": [0, 0, 0],
						"1.9167": [-4.5, 0, 0],
						"2.125": [-15.75, 0, 0],
						"2.2083": [-70, 0, 0],
						"2.25": [-67.5, 0, 0],
						"2.4167": [-70, 0, 0]
					},
					"position": {
						"0.0": [0, 0, -6],
						"0.125": [0, 0, -3.2],
						"0.25": [0, 0, -1.75],
						"0.375": [0, 0, -0.825],
						"0.5": [0, 0, 2],
						"0.625": [0, 0, 2.625],
						"0.7083": [0, -0.1, 2.95],
						"0.75": [0, -0.325, 2.95],
						"0.875": [0, -2.275, 2.95],
						"1.0": [0, -3.025, 2.95],
						"1.125": [0, -3.275, 2.95],
						"1.3333": [0, -3.92, 2.945],
						"1.5": [0, -5.065, 2.945],
						"1.8333": [0, -6.28, 2.945],
						"1.875": [0, -3.7, 11.44],
						"1.9583": [0, -2.53, 15.57],
						"2.0833": [0, -7.28, 18.02],
						"2.1667": [0, -18.28, 19.095],
						"2.2083": [0, -19.305, 19.1],
						"2.25": [0, -18.24, 19.1],
						"2.2917": [0, -19.105, 19.1],
						"2.3333": [0, -18, 19.1],
						"2.4167": [0, -18.78, 19.1]
					}
				},
				"torso": {
					"rotation": {
						"0.0": [0, 0, 0],
						"0.1667": [-14, -16, 0],
						"0.25": [-9.5, -19, 0],
						"0.375": [-1.5, -14.3, 0],
						"0.4167": [-0.5, -4.27, 0],
						"0.5833": [-14, 10.79, 0],
						"0.6667": [-15.325, 20.5, 0],
						"0.75": [-18.555, 19.145, 0],
						"0.7917": [-22.56, 15.68, 0],
						"0.9167": [-5.425, 8.75, 0],
						"1.0": [-0.25, 2.625, 0],
						"1.0833": [-1.45, 0, 0],
						"1.2083": [-2.175, 0, 0],
						"1.8333": [-2.175, 0, 0],
						"1.875": [-12.5, 0, 0]
					},
					"position": {
						"0.0": [0, 0, 0],
						"0.125": [0, 0.75, 0],
						"0.2083": [0, -0.085, 0],
						"0.3333": [0, -0.25, 0],
						"0.4167": [0, -1, 0],
						"0.4583": [0, 0.5, 0],
						"0.625": [0, 0.7, 0],
						"0.7083": [0, 0, 0],
						"0.9167": [0, 0.75, 0],
						"1.0": [0, -0.25, 0],
						"1.0833": [0, -0.49, 0],
						"1.25": [0, 0, 0]
					}
				},
				"back_hips_armor_left": {
					"rotation": [0, 0, 22.5]
				},
				"back_hips_armor_right": {
					"rotation": [0, 0, -22.5]
				},
				"back_hips_armor_back": {
					"rotation": [22.5, 0, 0]
				},
				"waist": {
					"rotation": {
						"0.0": [0, 0, 0],
						"0.125": [0, 9.25, 0],
						"0.2083": [0, -5, 0],
						"0.3333": [0, -10, 0],
						"0.4167": [0, -11, 0],
						"0.4583": [0, -16.25, 0],
						"0.6667": [0, 5.75, 0],
						"0.7917": [-1.25, 11.5, 0],
						"0.9583": [-7.5, 9.9, 0],
						"1.0": [7, 5.83, 0],
						"1.0417": [12.5, 1.75, 0],
						"1.25": [3.75, 0, 0],
						"1.375": [2.1, 0, 0],
						"1.8333": [7.1, 0, 0],
						"1.9167": [-15.4, 0, 0],
						"1.9583": [-8.75, 0, 0],
						"2.0833": [3, 0, 0],
						"2.1667": [20, 0, 0],
						"2.25": [0, 0, 0],
						"2.2917": [-7.5, 0, 0],
						"2.4167": [-1.675, 0, 0],
						"2.5": [-0.775, 0, 0]
					}
				},
				"chest": {
					"rotation": {
						"0.0": [0, 0, 0],
						"0.125": [17.5, 0, 0],
						"0.3333": [7.5, 0, 0],
						"0.4583": [17.5, 0, 0],
						"0.7917": [15, 0, 0],
						"1.0": [-2.56, 0, 0],
						"1.0417": [5, 0, 0],
						"1.2083": [7.5, 0, 0],
						"1.2917": [5.075, 0, 0],
						"1.4167": [4.375, 0, 0]
					}
				},
				"arm_left": {
					"rotation": {
						"0.0": [0, -10, 45],
						"0.1667": [0, -22.5, 18.75],
						"0.3333": [0, -35, 12.5],
						"0.5833": [0, -23.12, 33.04],
						"0.7083": [0, 24.38, 43.01],
						"0.8333": [0, 28.5, 45],
						"1.0": [-3.5, 11, 0],
						"1.0833": [-35.75, 76.45, 31.5],
						"1.2083": [-48.25, 85, 35],
						"1.2917": [-55, 87.5, 35],
						"1.8333": [-55, 87.5, 35],
						"1.875": [0, 0, 0],
						"1.9167": [-40, -27.5, 0],
						"2.0417": [-40, -23, -28.5],
						"2.125": [-40, 17.5, -47.5],
						"2.2083": [0, 0, 0],
						"2.25": [0, 15.32, 0],
						"2.3333": [0, -6.55, 0],
						"2.4583": [0, -8.375, 0]
					}
				},
				"arm_left2": {
					"rotation": {
						"0.0": [0, 0, 0],
						"0.1667": [0, 28.57, 0],
						"0.4167": [0, 37.5, 0],
						"0.625": [0, 2.5, 0],
						"0.875": [0, 42.5, 0],
						"1.0": [0, 0, 0]
					}
				},
				"arm_right": {
					"rotation": {
						"0.0": [0, 10, -45],
						"0.1667": [0, -5.83, -46.67],
						"0.25": [0, -25.62, -15.31],
						"0.3333": [0, -37.5, -12.5],
						"0.5417": [0, -26.88, -33.04],
						"0.7083": [0, -9.38, -42.76],
						"0.8333": [0, 21.5, -45],
						"1.0": [-3.5, -11, 0],
						"1.0833": [-35.75, -76.45, -31.5],
						"1.2083": [-48.25, -85, -35],
						"1.2917": [-55, -87.5, -35],
						"1.8333": [-55, -87.5, -35],
						"1.875": [0, 0, 0],
						"1.9167": [-40, 27.5, 0],
						"2.0417": [-40, 23, 28.5],
						"2.125": [-40, -17.5, 47.5],
						"2.2083": [0, 0, 0],
						"2.25": [0, -17.82, 0],
						"2.3333": [0, 6.55, 0],
						"2.4583": [0, 8.375, 0]
					}
				},
				"head": {
					"rotation": {
						"0.0": [0, 0, 0],
						"0.1667": [12.5, 7.5, 0],
						"0.3333": [4.5, 7.5, 0],
						"0.5417": [2, 5, 0],
						"0.6667": [2, -10, 0],
						"0.8333": [2, -15, 0],
						"1.0": [-15, 0, 0],
						"1.0417": [-5, 0, 0],
						"1.1667": [-3, 0, 0],
						"1.4583": [10.25, -14.25, 0],
						"1.8333": [17, -20, 0],
						"1.875": [25, 0, 0],
						"2.0417": [17.5, 0, 0],
						"2.2083": [21.43, 0, 0],
						"2.2917": [-15, 0, 0],
						"2.375": [0, 0, 0],
						"2.5": [-15, 0, 0]
					}
				},
				"eyelid_left": {
					"position": {
						"0.0417": [0, 0, 0],
						"0.0833": [0.1, 0, -0.1],
						"0.1667": [0.1, 0, -0.1],
						"0.2083": [0, 0, 0],
						"0.9167": [0, 0, 0],
						"0.9583": [0.1, 0, -0.1],
						"1.0833": [0.1, 0, -0.1],
						"1.125": [0, 0, 0],
						"1.375": [0, 0, 0],
						"1.4167": [0.1, 0, -0.1],
						"1.875": [0.1, 0, -0.1],
						"1.9167": [0, 0, 0],
						"2.0833": [0, 0, 0],
						"2.125": [0.1, 0, -0.1]
					}
				},
				"flame_left": {
					"position": {
						"0.0417": [0, 0, 0],
						"0.0833": [-2, -2, 2],
						"0.1667": [-2, -2, 2],
						"0.2083": [0, 0, 0],
						"0.9167": [0, 0, 0],
						"0.9583": [-2, -2, 2],
						"1.0833": [-2, -2, 2],
						"1.125": [0, 0, 0],
						"1.375": [0, 0, 0],
						"1.4167": [-2, -2, 2],
						"1.875": [-2, -2, 2],
						"1.9167": [0, 0, 0],
						"2.0833": [0, 0, 0],
						"2.125": [-2, -2, 2]
					}
				},
				"eyelid_right": {
					"position": {
						"0.0417": [0, 0, 0],
						"0.0833": [-0.1, 0, -0.1],
						"0.1667": [-0.1, 0, -0.1],
						"0.2083": [0, 0, 0],
						"0.9167": [0, 0, 0],
						"0.9583": [-0.1, 0, -0.1],
						"1.0833": [-0.1, 0, -0.1],
						"1.125": [0, 0, 0],
						"1.3333": [0, 0, 0],
						"1.375": [-0.1, 0, -0.1],
						"1.875": [-0.1, 0, -0.1],
						"1.9167": [0, 0, 0],
						"2.0833": [0, 0, 0],
						"2.125": [-0.1, 0, -0.1]
					}
				},
				"flame_right": {
					"position": {
						"0.0417": [0, 0, 0],
						"0.0833": [2, -2, 2],
						"0.1667": [2, -2, 2],
						"0.2083": [0, 0, 0],
						"0.9167": [0, 0, 0],
						"0.9583": [2, -2, 2],
						"1.0833": [2, -2, 2],
						"1.125": [0, 0, 0],
						"1.3333": [0, 0, 0],
						"1.375": [2, -2, 2],
						"1.875": [2, -2, 2],
						"1.9167": [0, 0, 0],
						"2.0833": [0, 0, 0],
						"2.125": [2, -2, 2]
					}
				},
				"head_flame": {
					"rotation": {
						"0.0": ["0+Math.cos((query.anim_time) * 90 * 8) * 12", 0, 0],
						"1.2083": ["0+Math.cos((query.anim_time) * 90 * 8) * 12", 0, 0],
						"1.3333": ["0+Math.cos((query.anim_time) * 90 * 16) * 12", 0, 0],
						"1.8333": ["0+Math.cos((query.anim_time) * 90 * 16) * 12", 0, 0],
						"1.9167": ["30+Math.cos((query.anim_time) * 90 * 8) * 12", 0, 0],
						"2.2083": ["47.5+Math.cos((query.anim_time) * 90 * 8) * 12", 0, 0],
						"2.2917": ["107.5+Math.cos((query.anim_time) * 90 * 8) * 12", -62.5, -87.5],
						"2.4167": [114.17, -89.44, -87.5],
						"2.5833": [107.5, -95, -87.5]
					}
				},
				"head_flame2": {
					"rotation": {
						"0.0": ["-7.5+Math.cos((query.anim_time-0.09) * 90 * 8) * 6", 0, 0],
						"1.2083": ["-7.5+Math.cos((query.anim_time-0.09) * 90 * 8) * 6", 0, 0],
						"1.3333": ["-7.5+Math.cos((query.anim_time-0.09) * 90 * 16) * 6", 0, 0],
						"1.8333": ["-7.5+Math.cos((query.anim_time-0.09) * 90 * 16) * 6", 0, 0],
						"1.9167": ["-7.5+Math.cos((query.anim_time-0.09) * 90 * 8) * 6", 0, 0],
						"2.5833": [0, 0, 0]
					}
				},
				"head_flame3": {
					"rotation": {
						"0.0": ["22.5+Math.cos((query.anim_time-0.18) * 90 * 8) * 18", 0, 0],
						"1.2083": ["22.5+Math.cos((query.anim_time-0.18) * 90 * 8) * 18", 0, 0],
						"1.3333": ["22.5+Math.cos((query.anim_time-0.18) * 90 * 16) * 18", 0, 0],
						"1.8333": ["22.5+Math.cos((query.anim_time-0.18) * 90 * 16) * 18", 0, 0],
						"1.9167": ["22.5+Math.cos((query.anim_time-0.18) * 90 * 8) * 18", 0, 0],
						"2.5833": [0, 0, 0]
					}
				},
				"leg_left": {
					"rotation": {
						"0.0": [0, 0, 0],
						"0.0833": [-47.5, 0, -7.5],
						"0.25": [-0.83, 0, -7.5],
						"0.375": [-5, 0, -7.5],
						"0.625": [-18.72696, -0.15296, -1.94335],
						"0.7917": [-19.77, -1.165, -2.845],
						"1.0": [-30.92, -18.68, -12.17],
						"1.0417": [-33.73, -22.65, -14.44],
						"1.125": [-33.73, -22.65, -15.44],
						"1.8333": [-56.23, -35.15, -15.44],
						"1.875": [-66.23, -35.15, -15.44],
						"2.0": [-81.23, -35.15, -15.44],
						"2.0833": [-71.73, -35.15, -15.44],
						"2.1667": [-74.89667, -35.15, -15.44],
						"2.2083": [-50.23, -35.15, -15.44],
						"2.25": [-40.73, -35.15, -15.44],
						"2.3333": [-60.48, -35.15, -15.44],
						"2.4583": [-47.23, -35.15, -15.44]
					},
					"position": {
						"0.0": [0, 0, 0],
						"0.1667": [0, 0, 0],
						"0.4167": [0, -0.75, 0],
						"0.7083": [0, -0.75, 0],
						"0.7917": [0, 0, 0]
					}
				},
				"leg_left2": {
					"rotation": {
						"0.0": [0, 0, 0],
						"0.0833": [49, 0, 0],
						"0.1667": [17.38, 0, 0],
						"0.2083": [5.5, 0, 0],
						"0.375": [2.5, 0, 0],
						"0.5": [0.06, 0, 0],
						"0.625": [5, 0, 0],
						"0.7917": [7.075, 0, 0],
						"1.0": [20.75, 0, 0],
						"1.0417": [24, 0, 0],
						"1.8333": [51.5, 0, 0],
						"1.875": [1.5, 0, 0],
						"2.0": [9.15, 0, 0],
						"2.1667": [44.25, 0, 0],
						"2.3333": [56.5, 0, 0],
						"2.4583": [59.675, 0, 0]
					}
				},
				"foot_left_pivot": {
					"rotation": {
						"0.0": [0, 0, 0],
						"0.125": [-10, 0, 0],
						"0.2917": [5, 0, 0],
						"0.5417": [7.5, 0, 0],
						"1.0833": [-0.11267, -1.29876, 9.91615],
						"1.75": [-0.11, -1.3, 9.92],
						"1.9167": [0, 0, 0]
					}
				},
				"leg_right": {
					"rotation": {
						"0.0": [0, 0, 0],
						"0.1667": [-17.27, 0, 6.5],
						"0.25": [-22.5, 0, 8.5],
						"0.4583": [-45, 0, 7],
						"0.5417": [-22, 0, 7],
						"0.6667": [-13.75, 0, 7],
						"0.7917": [-10, 0, 7],
						"1.0": [-7.725, 8.5, 18.75],
						"1.0417": [-7.5, 10, 22],
						"1.125": [-7.5, 10, 23],
						"1.8333": [-17.5, 35, 33],
						"1.875": [-66.23, 35.15, 15.44],
						"2.0": [-81.23, 35.15, 15.44],
						"2.0833": [-71.73, 35.15, 15.44],
						"2.2083": [-22.48, 35.15, 15.44],
						"2.2917": [-37.98, 35.15, 15.44],
						"2.4167": [-17.73, 35.15, 15.44],
						"2.5417": [-19.48, 35.15, 15.44]
					},
					"position": {
						"0.0": [0, 0, 0],
						"0.3333": [0, -1, 0],
						"0.5417": [0, 0, 0],
						"0.7083": [0, -1, 0],
						"0.8333": [0, 0, 0]
					}
				},
				"leg_right2": {
					"rotation": {
						"0.0": [0, 0, 0],
						"0.1667": [8.45, 0, 0],
						"0.25": [10, 0, 0],
						"0.375": [27.5, 0, 0],
						"0.5": [30.5, 0, 0],
						"0.5417": [30.5, 0, 0],
						"0.6667": [15, 0, 0],
						"0.7917": [15, 0, 0],
						"1.0": [24.8, 0, 0],
						"1.8333": [42.5, 0, 0],
						"1.875": [1.5, 0, 0],
						"2.0833": [-11, 0, 0],
						"2.3333": [1.5, 0, 0]
					},
					"position": {
						"0.0": [0, 0, 0],
						"0.625": [0, 0, 0],
						"0.7917": [0, 0.5, -0.3],
						"1.2083": [0, 0.5, -0.3],
						"1.8333": [0, 0.5, -0.55],
						"1.9167": [0, 0, 0]
					}
				},
				"foot_right_pivot": {
					"rotation": {
						"0.0": [0, 0, 0],
						"0.1667": [8.45, 0, 0],
						"0.25": [10, 0, 0],
						"0.375": [7.5, 0, 0],
						"0.4167": [-2.5, 0, 0],
						"0.6667": [-2.5, 0, 0],
						"1.0833": [-12.5, 0, 0],
						"1.6667": [-2.5, 0, 0]
					}
				},
				"ticker": {
					"rotation": [0, "Math.cos((query.anim_time) * 90 * (8/3)*3 - 35) * -180", 0]
				},
				"ticker2": {
					"rotation": [0, "Math.cos((query.anim_time) * 90 * (8/3)*3 - 35) * -180", 0]
				}
			}
		},
		"animation.viforcer.blink": {
			"animation_length": 0.1667,
			"bones": {
				"eyelid_left": {
					"position": {
						"0.0": [0.1, 0, -0.1],
						"0.125": [0.1, 0, -0.1],
						"0.1667": [0, 0, 0]
					}
				},
				"flame_left": {
					"position": {
						"0.0": [-2, -2, 2],
						"0.125": [-2, -2, 2],
						"0.1667": [0, 0, 0]
					}
				},
				"eyelid_right": {
					"position": {
						"0.0": [-0.1, 0, -0.1],
						"0.125": [-0.1, 0, -0.1],
						"0.1667": [0, 0, 0]
					}
				},
				"flame_right": {
					"position": {
						"0.0": [2, -2, 2],
						"0.125": [2, -2, 2],
						"0.1667": [0, 0, 0]
					}
				}
			}
		},
		"animation.viforcer.sleep": {
			"loop": true,
			"bones": {
				"body": {
					"position": [0, -10.5, 0]
				},
				"torso": {
					"rotation": [-17.5, 0, 0],
					"position": [0, -0.75, 0]
				},
				"back_hips_armor_left": {
					"rotation": [0, 0, 17.5]
				},
				"back_hips_armor_right": {
					"rotation": [0, 0, -17.5]
				},
				"back_hips_armor_back": {
					"rotation": [25, 0, 0]
				},
				"waist": {
					"rotation": ["10+Math.cos((query.anim_time) * 90 * 1) * 1", 0, 0]
				},
				"chest": {
					"rotation": [25, 0, 0]
				},
				"arm_left": {
					"rotation": [-2.59775, 27.38656, "56.8669+Math.cos((query.anim_time) * 90 * 1) * -1"]
				},
				"arm_left2": {
					"rotation": [12.66077, 37.67934, 0.96867]
				},
				"hand_left": {
					"rotation": [0, 0, -15]
				},
				"finger_left": {
					"rotation": [0, 22.5, 0]
				},
				"arm_right": {
					"rotation": [-2.59775, -27.38656, "-56.8669+Math.cos((query.anim_time) * 90 * 1) * 1"]
				},
				"arm_right2": {
					"rotation": [12.36986, -35.24103, -0.29577]
				},
				"hand_right": {
					"rotation": [0, 0, 15]
				},
				"finger_right": {
					"rotation": [0, -22.5, 0]
				},
				"neck": {
					"rotation": [12.5, 0, 0]
				},
				"head": {
					"rotation": ["2.5+Math.cos((query.anim_time) * 90 * 1 - 120) * -1", 0, 0]
				},
				"eyelid_left": {
					"position": [0.1, 0, -0.1]
				},
				"flame_left": {
					"position": [-2, -2, 2]
				},
				"eyelid_right": {
					"position": [-0.1, 0, -0.1]
				},
				"flame_right": {
					"position": [2, -2, 2]
				},
				"head_flame": {
					"rotation": ["0+Math.cos((query.anim_time) * 90 * 2) * 2", 0, 0]
				},
				"head_flame2": {
					"rotation": ["-7.5+Math.cos((query.anim_time) * 90 * 2 - 45) * 4", 0, 0]
				},
				"head_flame3": {
					"rotation": ["5+Math.cos((query.anim_time) * 90 * 2 - 90) * 7", 0, 0]
				},
				"leg_left": {
					"rotation": [-50, -2.5, -12.5]
				},
				"leg_left2": {
					"rotation": [137.5, -5, 12.5],
					"position": [-0.25, -2, 3]
				},
				"foot_left_pivot": {
					"rotation": [-17.5, 0, 0]
				},
				"leg_right": {
					"rotation": [-50, 2.5, 12.5]
				},
				"leg_right2": {
					"rotation": [137.5, 5, -12.5],
					"position": [0.25, -2, 3]
				},
				"foot_right_pivot": {
					"rotation": [-17.5, 0, 0]
				},
				"gauntlet": {
					"rotation": [-31.00148, "-27.9392-Math.cos((query.anim_time) * 90 * 1) * -1", 44.64945],
					"position": [-0.5, 10.5, 0.75]
				},
				"gauntlet2": {
					"rotation": [-45.98462, "25.7247-Math.cos((query.anim_time) * 90 * 1) * 1", -46.8097],
					"position": [0, 11.3, 1.1]
				}
			}
		},
		"animation.viforcer.cry": {
			"animation_length": 1.25,
			"bones": {
				"head": {
					"rotation": {
						"0.0": {
							"post": [0, 0, 0],
							"lerp_mode": "catmullrom"
						},
						"0.125": {
							"post": [10, 0, 0],
							"lerp_mode": "catmullrom"
						},
						"0.2917": {
							"post": [-15, 0, 0],
							"lerp_mode": "catmullrom"
						},
						"0.6667": {
							"post": [-17.21, 0, 0],
							"lerp_mode": "catmullrom"
						},
						"0.9583": {
							"post": [-13.5, 0, 0],
							"lerp_mode": "catmullrom"
						},
						"1.1667": {
							"post": [-0.66, 0, 0],
							"lerp_mode": "catmullrom"
						},
						"1.25": {
							"post": [0, 0, 0],
							"lerp_mode": "catmullrom"
						}
					}
				},
				"head_flame": {
					"rotation": {
						"0.1667": [0, 0, 0],
						"0.2083": ["0+Math.cos((query.anim_time) * 90 * 24) * 4", 0, 0],
						"1.0417": ["0+Math.cos((query.anim_time) * 90 * 24) * 4", 0, 0],
						"1.1667": [0, 0, 0]
					}
				},
				"head_flame2": {
					"rotation": {
						"0.1667": [0, 0, 0],
						"0.2083": ["-7.5+Math.cos((query.anim_time-0.09) * 90 * 24) * 3", 0, 1],
						"1.0417": ["-7.5+Math.cos((query.anim_time-0.09) * 90 * 24) * 3", 0, 1],
						"1.1667": [0, 0, 0]
					}
				},
				"head_flame3": {
					"rotation": {
						"0.1667": [0, 0, 0],
						"0.2083": ["22.5+Math.cos((query.anim_time-0.18) * 90 * 24) * 6", 0, 1],
						"1.0417": ["22.5+Math.cos((query.anim_time-0.18) * 90 * 24) * 6", 0, 1],
						"1.1667": [0, 0, 0]
					}
				}
			}
		},
		"animation.viforcer.ground_walk": {
			"loop": true,
			"animation_length": 1.5,
			"bones": {
				"body": {
					"position": [0, -0.5, 0]
				},
				"torso": {
					"rotation": ["-10+Math.cos((query.anim_time) * 90 * (8/3)*2 - 75) * 2", 0, "0+Math.cos((query.anim_time) * 90 * (8/3)*1 - 75) * -2"],
					"position": [0, "0+Math.cos((query.anim_time) * 90 * (8/3)*2 - 25) * 0.4", 0]
				},
				"back_hips_armor_left": {
					"rotation": [0, 0, 25]
				},
				"back_hips_armor_right": {
					"rotation": [0, 0, -25]
				},
				"back_hips_armor_back": {
					"rotation": ["22.5+2*Math.cos((query.anim_time) * 90 * (8/3)*2 - 60)", 0, 0]
				},
				"waist": {
					"rotation": [12.5, 0, 0]
				},
				"chest": {
					"rotation": ["0+Math.cos((query.anim_time) * 90 * (8/3)*2 - 105) * -2", 0, "0+Math.cos((query.anim_time) * 90 * (8/3)*1 - 155) * 1"]
				},
				"arm_left": {
					"rotation": [27.5, "-7.5+Math.cos((query.anim_time) * 90 * (8/3)*1 - 35) * -10", 32.5]
				},
				"arm_left2": {
					"rotation": [0, "47.5+Math.cos((query.anim_time) * 90 * (8/3)*1 - 75) * -5", 0]
				},
				"arm_right": {
					"rotation": [27.5, "7.5+Math.cos((query.anim_time) * 90 * (8/3)*1 - 35) * -10", -32.5]
				},
				"arm_right2": {
					"rotation": [0, "-47.5+Math.cos((query.anim_time) * 90 * (8/3)*1 - 75) * -5", 0]
				},
				"neck": {
					"rotation": ["-2.5+Math.cos((query.anim_time) * 90 * (8/3)*2 - 155) * 2", 0, 0]
				},
				"flame_left_rotation": {
					"rotation": ["0+Math.cos((query.anim_time) * 90 * 8) * 4", 0, 0]
				},
				"flame_right_rotation": {
					"rotation": ["0+Math.cos((query.anim_time) * 90 * 8) * 4", 0, 0]
				},
				"head_flame": {
					"rotation": ["0+Math.cos((query.anim_time) * 90 * 8) * 4", 0, 0]
				},
				"head_flame2": {
					"rotation": ["-7.5+Math.cos((query.anim_time-0.09) * 90 * 8) * 3", 0, 1]
				},
				"head_flame3": {
					"rotation": ["22.5+Math.cos((query.anim_time-0.18) * 90 * 8) * 6", 0, 1]
				},
				"leg_left": {
					"rotation": {
						"0.0": {
							"post": [-30, 0, 0],
							"lerp_mode": "catmullrom"
						},
						"0.2083": {
							"post": [-23.75, 0, 0],
							"lerp_mode": "catmullrom"
						},
						"0.375": {
							"post": [-7.5, 0, 0],
							"lerp_mode": "catmullrom"
						},
						"0.5833": {
							"post": [4, 0, 0],
							"lerp_mode": "catmullrom"
						},
						"0.75": {
							"post": [7.5, 0, 0],
							"lerp_mode": "catmullrom"
						},
						"0.9583": {
							"post": [0, 0, 0],
							"lerp_mode": "catmullrom"
						},
						"1.2083": {
							"post": [-23.5, 0, 0],
							"lerp_mode": "catmullrom"
						},
						"1.3333": {
							"post": [-28.55, 0, 0],
							"lerp_mode": "catmullrom"
						},
						"1.5": {
							"post": [-30, 0, 0],
							"lerp_mode": "catmullrom"
						}
					}
				},
				"leg_left2": {
					"rotation": {
						"0.0": [24.75, 0, 0],
						"0.2083": [9.25, 0, 0],
						"0.375": [3.75, 0, 0],
						"0.75": [10, 0, 0],
						"0.9583": [25.25, 0, 0],
						"1.125": [55, 0, 0],
						"1.3333": [46.33, 0, 0],
						"1.5": [24.75, 0, 0]
					}
				},
				"leg_right": {
					"rotation": {
						"0.0": {
							"post": [7.5, 0, 0],
							"lerp_mode": "catmullrom"
						},
						"0.2083": {
							"post": [0, 0, 0],
							"lerp_mode": "catmullrom"
						},
						"0.4583": {
							"post": [-23.5, 0, 0],
							"lerp_mode": "catmullrom"
						},
						"0.5833": {
							"post": [-28.55, 0, 0],
							"lerp_mode": "catmullrom"
						},
						"0.75": {
							"post": [-30, 0, 0],
							"lerp_mode": "catmullrom"
						},
						"0.9583": {
							"post": [-23.75, 0, 0],
							"lerp_mode": "catmullrom"
						},
						"1.125": {
							"post": [-7.5, 0, 0],
							"lerp_mode": "catmullrom"
						},
						"1.3333": {
							"post": [4, 0, 0],
							"lerp_mode": "catmullrom"
						},
						"1.5": {
							"post": [7.5, 0, 0],
							"lerp_mode": "catmullrom"
						}
					}
				},
				"leg_right2": {
					"rotation": {
						"0.0": [10, 0, 0],
						"0.2083": [25.25, 0, 0],
						"0.375": [55, 0, 0],
						"0.5833": [46.33, 0, 0],
						"0.75": [24.75, 0, 0],
						"0.9583": [9.25, 0, 0],
						"1.125": [3.75, 0, 0],
						"1.5": [10, 0, 0]
					}
				},
				"hips_armor_front": {
					"rotation": ["5*Math.cos((query.anim_time) * 90 * (8/3)*2 - 80)", 0, 0]
				},
				"head": {
					"rotation": [0, 0, "2*Math.cos((query.anim_time) * 90 * (8/3)*1 - 60)"]
				},
				"ticker": {
					"rotation": [0, "Math.cos((query.anim_time) * 90 * (8/3)*1 - 35) * -20", 0]
				},
				"ticker2": {
					"rotation": [0, "Math.cos((query.anim_time) * 90 * (8/3)*1 - 35) * -20", 0]
				}
			}
		}
	}
}