{
	"format_version": "1.12.0",
	"minecraft:geometry": [
		{
			"description": {
				"identifier": "geometry.unknown",
				"texture_width": 64,
				"texture_height": 64,
				"visible_bounds_width": 2,
				"visible_bounds_height": 2.5,
				"visible_bounds_offset": [0, 0.75, 0]
			},
			"bones": [
				{
					"name": "fomantis",
					"pivot": [0, 0, 0]
				},
				{
					"name": "body",
					"parent": "fomantis",
					"pivot": [0, 4, 0]
				},
				{
					"name": "torso",
					"parent": "body",
					"pivot": [0, 3, 0],
					"cubes": [
						{"origin": [-2.5, 1, -2], "size": [5, 5, 4], "uv": [24, 21]}
					]
				},
				{
					"name": "scarf",
					"parent": "torso",
					"pivot": [-1, 6, -2],
					"cubes": [
						{"origin": [-1.5, 6, -5], "size": [3, 0, 3], "pivot": [-1, 6, -2], "rotation": [20, 0, 0], "uv": [40, 30]},
						{"origin": [-4.25, 6, 0], "size": [2, 0, 3], "pivot": [-2.5, 6, 1.5], "rotation": [-18, 36.5, -28.5], "uv": [36, 43]},
						{"origin": [-4.25, 6, -3], "size": [2, 0, 3], "pivot": [-2.5, 6, -1.5], "rotation": [18, -36.5, -28.5], "uv": [24, 44]},
						{"origin": [2.25, 6, 0], "size": [2, 0, 3], "pivot": [2.5, 6, 1.5], "rotation": [-18, -36.5, 28.5], "uv": [46, 9]},
						{"origin": [2.25, 6, -3], "size": [2, 0, 3], "pivot": [2.5, 6, -1.5], "rotation": [18, 36.5, 28.5], "uv": [46, 6]},
						{"origin": [-1.5, 6, 2], "size": [3, 0, 3], "pivot": [-1, 6, 2], "rotation": [-20, 0, 0], "uv": [36, 40]}
					]
				},
				{
					"name": "left_front_arm",
					"parent": "torso",
					"pivot": [2.5, 5.5, -2],
					"rotation": [-65, 15, -80],
					"cubes": [
						{"origin": [2.5, 4.5, -3.5], "size": [0, 1, 3], "uv": [12, 50]}
					]
				},
				{
					"name": "left_front_arm_bend",
					"parent": "left_front_arm",
					"pivot": [2.5, 4.5, -3.5],
					"rotation": [0, 0, 47.5],
					"cubes": [
						{"origin": [2.5, 1.5, -3.5], "size": [0, 3, 4], "uv": [42, 22]}
					]
				},
				{
					"name": "left_front_arm_end",
					"parent": "left_front_arm_bend",
					"pivot": [2.5, 1.5, -3.5],
					"rotation": [0, 0, 22.5],
					"cubes": [
						{"origin": [2.5, -0.5, -3.5], "size": [0, 2, 3], "uv": [34, 46]}
					]
				},
				{
					"name": "left_back_arm_flowering",
					"parent": "torso",
					"pivot": [2.5, 5.5, 2],
					"rotation": [17.2862, -32.0956, -122.3367],
					"cubes": [
						{"origin": [2.5, 4.5, 0.5], "size": [0, 1, 3], "uv": [30, 51]}
					]
				},
				{
					"name": "left_back_arm_bend",
					"parent": "left_back_arm_flowering",
					"pivot": [2.5, 4.5, 3.5],
					"rotation": [0, 0, 47.5],
					"cubes": [
						{"origin": [2.5, 1.5, -0.5], "size": [0, 3, 4], "uv": [8, 43]}
					]
				},
				{
					"name": "left_back_arm_end",
					"parent": "left_back_arm_bend",
					"pivot": [2.5, 1.5, 3.5],
					"rotation": [0, 0, 22.5],
					"cubes": [
						{"origin": [2.5, -0.5, 0.5], "size": [0, 2, 3], "uv": [46, 48]}
					]
				},
				{
					"name": "right_back_arm_flowering",
					"parent": "torso",
					"pivot": [-2.5, 5.5, 2],
					"rotation": [17.2862, 32.0956, 122.33669],
					"cubes": [
						{"origin": [-2.5, 4.5, 0.5], "size": [0, 1, 3], "uv": [36, 51]}
					]
				},
				{
					"name": "right_back_arm_bend",
					"parent": "right_back_arm_flowering",
					"pivot": [-2.5, 4.5, 3.5],
					"rotation": [0, 0, -47.5],
					"cubes": [
						{"origin": [-2.5, 1.5, -0.5], "size": [0, 3, 4], "uv": [16, 43]}
					]
				},
				{
					"name": "right_back_arm_end",
					"parent": "right_back_arm_bend",
					"pivot": [-2.5, 1.5, 3.5],
					"rotation": [0, 0, -22.5],
					"cubes": [
						{"origin": [-2.5, -0.5, 0.5], "size": [0, 2, 3], "uv": [0, 50]}
					]
				},
				{
					"name": "right_front_arm",
					"parent": "torso",
					"pivot": [-2.5, 5.5, -2],
					"rotation": [-65, -15, 80],
					"cubes": [
						{"origin": [-2.5, 4.5, -3.5], "size": [0, 1, 3], "uv": [18, 50]}
					]
				},
				{
					"name": "right_front_arm_bend",
					"parent": "right_front_arm",
					"pivot": [-2.5, 4.5, -3.5],
					"rotation": [0, 0, -47.5],
					"cubes": [
						{"origin": [-2.5, 1.5, -3.5], "size": [0, 3, 4], "uv": [0, 43]}
					]
				},
				{
					"name": "right_front_arm_end",
					"parent": "right_front_arm_bend",
					"pivot": [-2.5, 1.5, -3.5],
					"rotation": [0, 0, -22.5],
					"cubes": [
						{"origin": [-2.5, -0.5, -3.5], "size": [0, 2, 3], "uv": [40, 46]}
					]
				},
				{
					"name": "right_back_arm",
					"parent": "torso",
					"pivot": [-1.25, 5.75, 2.5],
					"rotation": [47.849, 27.3574, 84.651],
					"cubes": [
						{"origin": [-1.25, 4.75, 1], "size": [0, 1, 3], "uv": [50, 22]}
					]
				},
				{
					"name": "right_back_arm_bend2",
					"parent": "right_back_arm",
					"pivot": [-1.25, 4.75, 1],
					"rotation": [0, 0, -20],
					"cubes": [
						{"origin": [-1.25, 2.75, 1], "size": [0, 2, 3], "uv": [46, 43]}
					]
				},
				{
					"name": "right_back_arm_end2",
					"parent": "right_back_arm_bend2",
					"pivot": [-1.25, 2.75, 1],
					"rotation": [0, 0, -15],
					"cubes": [
						{"origin": [-1.25, 0.75, 1], "size": [0, 2, 3], "uv": [24, 47]}
					]
				},
				{
					"name": "left_back_arm",
					"parent": "torso",
					"pivot": [1.25, 5.75, 2.5],
					"rotation": [47.84902, -27.35739, -84.65098],
					"cubes": [
						{"origin": [1.25, 4.75, 1], "size": [0, 1, 3], "uv": [50, 26]}
					]
				},
				{
					"name": "left_back_arm_bend2",
					"parent": "left_back_arm",
					"pivot": [1.25, 4.75, 1],
					"rotation": [0, 0, 20],
					"cubes": [
						{"origin": [1.25, 2.75, 1], "size": [0, 2, 3], "uv": [48, 0]}
					]
				},
				{
					"name": "left_back_arm_end2",
					"parent": "left_back_arm_bend2",
					"pivot": [1.25, 2.75, 1],
					"rotation": [0, 0, 15],
					"cubes": [
						{"origin": [1.25, 0.75, 1], "size": [0, 2, 3], "uv": [48, 38]}
					]
				},
				{
					"name": "tail",
					"parent": "torso",
					"pivot": [0, 3.5, 2],
					"rotation": [-22.5, 0, 0],
					"cubes": [
						{"origin": [0, 1.5, 1.5], "size": [0, 2, 3], "uv": [46, 33]}
					]
				},
				{
					"name": "head",
					"parent": "torso",
					"pivot": [0, 6, 0],
					"cubes": [
						{"origin": [-3.5, 6, -3.5], "size": [7, 6, 7], "uv": [0, 0]}
					]
				},
				{
					"name": "left_eye",
					"parent": "head",
					"pivot": [2.25, 7.75, -3],
					"rotation": [0, 0, -7.5],
					"cubes": [
						{"origin": [1.25, 6.75, -3.51], "size": [2, 2, 0], "uv": [38, 19]},
						{"origin": [1.5, 7.25, -3.52], "size": [1, 1, 0], "uv": [30, 20]},
						{"origin": [2.25, 7.75, -3.53], "size": [1, 1, 0], "uv": [28, 20]}
					]
				},
				{
					"name": "right_eye",
					"parent": "head",
					"pivot": [-2.25, 7.75, -3],
					"rotation": [0, 0, 7.5],
					"cubes": [
						{"origin": [-3.25, 6.75, -3.51], "size": [2, 2, 0], "uv": [40, 33]},
						{"origin": [-2.5, 7.25, -3.52], "size": [1, 1, 0], "uv": [22, 31]},
						{"origin": [-3.25, 7.75, -3.53], "size": [1, 1, 0], "uv": [32, 20]}
					]
				},
				{
					"name": "left_eye_closed",
					"parent": "head",
					"pivot": [2.25, 7.75, -2.9],
					"rotation": [0, 0, -7.5],
					"cubes": [
						{"origin": [1.25, 6.75, -3.44], "size": [2, 2, 0], "uv": [30, 47]}
					]
				},
				{
					"name": "right_eye_closed",
					"parent": "head",
					"pivot": [-2.25, 7.75, -2.9],
					"rotation": [0, 0, 7.5],
					"cubes": [
						{"origin": [-3.25, 6.75, -3.44], "size": [2, 2, 0], "uv": [30, 49]}
					]
				},
				{
					"name": "bang",
					"parent": "head",
					"pivot": [1, 13.25, -1.5],
					"rotation": [5, 0, 0],
					"cubes": [
						{"origin": [-2, 11.25, -4.5], "size": [4, 2, 3], "uv": [32, 35]}
					]
				},
				{
					"name": "bang_right",
					"parent": "bang",
					"pivot": [-2.25, 12.25, -3.75],
					"rotation": [50, 13, 3],
					"cubes": [
						{"origin": [-4.25, 11.25, -5.75], "size": [3, 1, 3], "uv": [0, 39]},
						{"origin": [-6.25, 11.75, -5.75], "size": [2, 0, 3], "pivot": [-4.25, 11.75, -5.75], "rotation": [0, 20, 0], "uv": [46, 12]}
					]
				},
				{
					"name": "bang_left",
					"parent": "bang",
					"pivot": [2.25, 12.25, -3.75],
					"rotation": [50, -13, -3],
					"cubes": [
						{"origin": [1.25, 11.25, -5.75], "size": [3, 1, 3], "uv": [24, 40]},
						{"origin": [4.25, 11.75, -5.75], "size": [2, 0, 3], "pivot": [4.25, 11.75, -5.75], "rotation": [0, -20, 0], "uv": [46, 15]}
					]
				},
				{
					"name": "bang_middle",
					"parent": "bang",
					"pivot": [0, 13.25, -4.5],
					"rotation": [65, 0, 0],
					"cubes": [
						{"origin": [-2.5, 11.25, -7.5], "size": [5, 2, 3], "uv": [24, 30]}
					]
				},
				{
					"name": "bang_bend",
					"parent": "bang_middle",
					"pivot": [0, 13, -7.25],
					"rotation": [35, 0, 0],
					"cubes": [
						{"origin": [-2, 12.5, -10], "size": [4, 0, 1], "uv": [28, 19]},
						{"origin": [-2, 12, -9], "size": [4, 1, 2], "uv": [42, 19]}
					]
				},
				{
					"name": "hat",
					"parent": "head",
					"pivot": [0, 11.75, 0.5],
					"rotation": [-15, 0, 0],
					"cubes": [
						{"origin": [-3.5, 11, -3], "size": [7, 1, 7], "inflate": 0.01, "uv": [0, 13]}
					]
				},
				{
					"name": "hat_petal_right",
					"parent": "hat",
					"pivot": [-2.75, 11.75, -1.25],
					"cubes": [
						{"origin": [-6, 11.75, -3.25], "size": [5, 0, 4], "pivot": [-2.75, 11.75, -1.5], "rotation": [-12.99841, -29.28764, 25.98515], "uv": [28, 11]}
					]
				},
				{
					"name": "hat_petal_right2",
					"parent": "hat",
					"pivot": [-2.75, 11.75, 2.5],
					"cubes": [
						{"origin": [-6, 11.75, 0.25], "size": [4, 0, 4], "pivot": [-2.75, 11.75, 2.5], "rotation": [26, 19, 39.5], "uv": [0, 35]}
					]
				},
				{
					"name": "hat_petal_left",
					"parent": "hat",
					"pivot": [2.75, 11.75, -1.25],
					"cubes": [
						{"origin": [1, 11.75, -3.25], "size": [5, 0, 4], "pivot": [2.75, 11.75, -1.5], "rotation": [-12.9984, 29.2876, -25.9851], "uv": [28, 15]}
					]
				},
				{
					"name": "hat_petal_left2",
					"parent": "hat",
					"pivot": [2.75, 11.75, 2.5],
					"cubes": [
						{"origin": [2, 11.75, 0.25], "size": [4, 0, 4], "pivot": [2.75, 11.75, 2.5], "rotation": [26, -19, -39.5], "uv": [16, 35]}
					]
				},
				{
					"name": "hat_petal_front",
					"parent": "hat",
					"pivot": [0, 11.75, -2.5],
					"cubes": [
						{"origin": [-2, 11.75, -6], "size": [4, 0, 5], "pivot": [1, 11.75, -2.5], "rotation": [-12.5, 0, 0], "uv": [28, 6]}
					]
				},
				{
					"name": "hat_petal_back",
					"parent": "hat",
					"pivot": [0, 11.75, 3.5],
					"cubes": [
						{"origin": [-2, 11.75, 3], "size": [4, 0, 4], "pivot": [1, 11.75, 3.5], "rotation": [37.5, 0, 0], "uv": [0, 31]}
					]
				},
				{
					"name": "hat_bulb",
					"parent": "hat",
					"pivot": [0, 11.75, 0.5],
					"cubes": [
						{"origin": [-2.5, 11.75, -2], "size": [5, 1, 5], "uv": [28, 0]},
						{"origin": [-3, 12.75, -2.5], "size": [6, 4, 6], "uv": [0, 21]},
						{"origin": [-1.5, 16.75, -1], "size": [3, 1, 3], "uv": [12, 39]}
					]
				},
				{
					"name": "right_leg",
					"parent": "body",
					"pivot": [-1.5, 1, 0],
					"cubes": [
						{"origin": [-2, 0, -1], "size": [1, 2, 2], "uv": [16, 31]}
					]
				},
				{
					"name": "left_leg",
					"parent": "body",
					"pivot": [1.5, 1, 0],
					"cubes": [
						{"origin": [1, 0, -1], "size": [1, 2, 2], "uv": [6, 50]}
					]
				}
			]
		}
	]
}