{
	"format_version": "1.12.0",
	"minecraft:geometry": [
		{
			"description": {
				"identifier": "geometry.pezielo",
				"texture_width": 128,
				"texture_height": 128,
				"visible_bounds_width": 3,
				"visible_bounds_height": 2.5,
				"visible_bounds_offset": [0, 0.75, 0]
			},
			"bones": [
				{
					"name": "pezielo",
					"pivot": [0, 0, 0]
				},
				{
					"name": "bone",
					"parent": "pezielo",
					"pivot": [0, 0, 0],
					"cubes": [
						{"origin": [-7, 0, -7], "size": [14, 14, 14], "uv": [0, 0]}
					]
				},
				{
					"name": "head",
					"parent": "bone",
					"pivot": [0, 4.5, -7],
					"cubes": [
						{"origin": [-3, 2, -13], "size": [6, 5, 8], "uv": [64, 4]}
					]
				},
				{
					"name": "bone2",
					"parent": "bone",
					"pivot": [7, 6, 0],
					"cubes": [
						{"origin": [7, 1, 0], "size": [8, 10, 0], "uv": [12, 38]}
					]
				},
				{
					"name": "bone3",
					"parent": "bone",
					"pivot": [-7, 6, 0],
					"cubes": [
						{"origin": [-15, 1, 0], "size": [8, 10, 0], "uv": [12, 38], "mirror": true}
					]
				},
				{
					"name": "bone4",
					"parent": "bone",
					"pivot": [0, 14, 0],
					"cubes": [
						{"origin": [-4, 14, 0], "size": [8, 7, 0], "uv": [60, 34]}
					]
				}
			]
		}
	]
}