{
    "enabled": true,
    "neededInstalledMods": [],
    "neededUninstalledMods": [],
    "spawns": [
        {
            "id": "pawniard_override-1",
            "pokemon": "pawniard_override",
            "presets": [
                "natural",
                "wild"
            ],
            "type": "pokemon",
            "context": "grounded",
            "bucket": "uncommon",
            "level": "25-35",
            "weight": 20,
            "condition": {
                "biomes": [
                    "#cobblemon:is_overworld"

                ],
                "neededNearbyBlocks": [
                    "minecraft:water"
                ],
                "timeRange": "night"
            }
        },
        {
            "id": "pawniard_override-2",
            "pokemon": "pawniard_override",
            "presets": [
                "natural"
            ],
            "type": "pokemon",
            "context": "grounded",
            "bucket": "rare",
            "level": "25-35",
            "weight": 10,
            "condition": {
                "biomes": [
                    "#minecraft:is_nether"

                ]
            }
        },
        {
            "id": "pawniard_override-3",
            "pokemon": "pawniard_override",
            "presets": [
                "natural",
                "nether_structures"
            ],
            "type": "pokemon",
            "context": "grounded",
            "bucket": "uncommon",
            "level": "25-35",
            "weight": 15,
            "condition": {
                "biomes": [
                    "#minecraft:is_nether"

                ]
            }
        },
        {
            "id": "pawniard_override-4",
            "pokemon": "pawniard_override",
            "presets": [
                "natural"
            ],
            "type": "pokemon",
            "context": "grounded",
            "bucket": "common",
            "level": "25-35",
            "weight": 20,
            "condition": {
                "biomes": [
                    "minecraft:river"

                ],
                "neededNearbyBlocks": [
                    "minecraft:water"
                ],
                "timeRange": "night"
            }
        }
    ]
}