{
    "enabled": true,
    "neededInstalledMods": [],
    "neededUninstalledMods": [],
    "spawns": [
        {
            "id": "bisharp_override-1",
            "pokemon": "bisharp_override",
            "presets": [
                "natural",
                "wild"
            ],
            "type": "pokemon",
            "context": "grounded",
            "bucket": "ultra-rare",
            "level": "40-50",
            "weight": 8,
            "condition": {
                "biomes": [
                    "#cobblemon:is_overworld"

                ],
                "neededNearbyBlocks": [
                    "minecraft:water"
                ],
                "timeRange": "night"
            }
        },
        {
            "id": "bisharp_override-2",
            "pokemon": "bisharp_override",
            "presets": [
                "natural"
            ],
            "type": "pokemon",
            "context": "grounded",
            "bucket": "ultra-rare",
            "level": "40-50",
            "weight": 8,
            "condition": {
                "biomes": [
                    "#minecraft:is_nether"

                ]
            }
        },
        {
            "id": "bisharp_override-3",
            "pokemon": "bisharp_override",
            "presets": [
                "natural",
                "nether_structures"
            ],
            "type": "pokemon",
            "context": "grounded",
            "bucket": "rare",
            "level": "40-50",
            "weight": 8,
            "condition": {
                "biomes": [
                    "#minecraft:is_nether"

                ]
            }
        }
    ]
}