{
  "species": "cobblemon:stingwing_colt",
  "order": 0,
  "variations": [
    {
      "aspects": [],
      "poser": "cobblemon:stingwing_colt",
      "model": "cobblemon:stingwing_colt.geo",
      "texture": "cobblemon:textures/pokemon/stingwing_colt/stingwing_colt.png",
      "layers": [
      ]
    },
    {
      "aspects": [
        "shiny"
      ],
      "texture": "cobblemon:textures/pokemon/stingwing_colt/stingwing_colt_shiny.png",
      "layers": [
      ]
    }
  ]
}