{
	"format_version": "1.12.0",
	"minecraft:geometry": [
		{
			"description": {
				"identifier": "geometry.fanatee",
				"texture_width": 128,
				"texture_height": 128,
				"visible_bounds_width": 3,
				"visible_bounds_height": 3,
				"visible_bounds_offset": [0, 0.5, 0]
			},
			"bones": [
				{
					"name": "fanatee",
					"pivot": [0, 0, 0]
				},
				{
					"name": "body",
					"parent": "fanatee",
					"pivot": [0, 10, 0]
				},
				{
					"name": "torso",
					"parent": "body",
					"pivot": [0, 10, 0],
					"cubes": [
						{"origin": [-6, 4, -6], "size": [12, 12, 12], "uv": [0, 0]},
						{"origin": [-6, 12, -6], "size": [12, 4, 12], "inflate": 0.2, "uv": [30, 26]},
						{"origin": [0, 16, -5], "size": [0, 2, 10], "pivot": [0, 16, 0], "rotation": [0, 0, 12.5], "uv": [0, 44]},
						{"origin": [0, 16, -5], "size": [0, 2, 10], "pivot": [0, 16, 0], "rotation": [0, 0, -12.5], "uv": [42, 14]}
					]
				},
				{
					"name": "upper_torso",
					"parent": "torso",
					"pivot": [0, 10, -6],
					"cubes": [
						{"origin": [-5, 5, -10], "size": [10, 10, 6], "uv": [0, 38]}
					]
				},
				{
					"name": "arm_left",
					"parent": "upper_torso",
					"pivot": [5, 6.5, -9.5],
					"cubes": [
						{"origin": [4, 5.5, -9.5], "size": [3, 1, 2], "uv": [36, 0]}
					]
				},
				{
					"name": "arm_left2",
					"parent": "arm_left",
					"pivot": [7, 6, -8.5],
					"cubes": [
						{"origin": [7, 6, -10], "size": [7, 0, 5], "uv": [43, 18]}
					]
				},
				{
					"name": "arm_right",
					"parent": "upper_torso",
					"pivot": [-5, 6.5, -9.5],
					"cubes": [
						{"origin": [-7, 5.5, -9.5], "size": [3, 1, 2], "uv": [0, 9]}
					]
				},
				{
					"name": "arm_right2",
					"parent": "arm_right",
					"pivot": [-7, 6, -8.5],
					"cubes": [
						{"origin": [-14, 6, -10], "size": [7, 0, 5], "uv": [43, 13]}
					]
				},
				{
					"name": "head",
					"parent": "upper_torso",
					"pivot": [0, 9.5, -10],
					"cubes": [
						{"origin": [-4, 6, -16], "size": [8, 7, 8], "uv": [32, 42]},
						{"origin": [-5, 7, -19], "size": [4, 4, 3], "pivot": [-1, 11, -18], "rotation": [0, 0, -20], "uv": [0, 31]},
						{"origin": [-1, 7, -19], "size": [2, 4, 3], "inflate": 0.001, "uv": [22, 54]},
						{"origin": [0.375, 9.125, -19.05], "size": [2, 1, 0], "inflate": 0.001, "pivot": [1.375, 9.625, -19.05], "rotation": [0, 0, -15], "uv": [4, 3]},
						{"origin": [-2.375, 9.125, -19.05], "size": [2, 1, 0], "inflate": 0.001, "pivot": [-1.375, 9.625, -19.05], "rotation": [0, 0, 15], "uv": [0, 3]},
						{"origin": [1, 7, -19], "size": [4, 4, 3], "pivot": [1, 11, -18], "rotation": [0, 0, 20], "uv": [0, 24]}
					]
				},
				{
					"name": "female_hair_right",
					"parent": "head",
					"pivot": [-4, 13, -12],
					"rotation": [0, 0, -45],
					"cubes": [
						{"origin": [-4, 13, -14], "size": [0, 5, 4], "uv": [36, 0]}
					]
				},
				{
					"name": "female_hair_left",
					"parent": "head",
					"pivot": [4, 13, -12.5],
					"rotation": [0, 0, 45],
					"cubes": [
						{"origin": [4, 13, -14], "size": [0, 5, 4], "uv": [0, 0]}
					]
				},
				{
					"name": "mouth",
					"parent": "head",
					"pivot": [0, 7, -16],
					"cubes": [
						{"origin": [-2, 6, -18], "size": [4, 1, 2], "uv": [0, 0]}
					]
				},
				{
					"name": "male_beard",
					"parent": "mouth",
					"pivot": [0, 6, -18],
					"cubes": [
						{"origin": [-1.5, 3, -18], "size": [3, 3, 0], "uv": [36, 9]}
					]
				},
				{
					"name": "eye_right",
					"parent": "head",
					"pivot": [-4, 9.5, -13],
					"cubes": [
						{"origin": [-4, 8, -14], "size": [0, 3, 2], "inflate": 0.001, "uv": [26, 36]}
					]
				},
				{
					"name": "eyelid_right",
					"parent": "head",
					"pivot": [-3.75, 9.5, -13],
					"cubes": [
						{"origin": [-3.75, 8, -14], "size": [0, 3, 2], "inflate": 0.002, "uv": [8, 4]}
					]
				},
				{
					"name": "eyelid_left",
					"parent": "head",
					"pivot": [3.75, 9.5, -13],
					"cubes": [
						{"origin": [3.75, 8, -14], "size": [0, 3, 2], "inflate": 0.002, "uv": [8, 1]}
					]
				},
				{
					"name": "eye_left",
					"parent": "head",
					"pivot": [4, 9.5, -13],
					"cubes": [
						{"origin": [4, 8, -14], "size": [0, 3, 2], "inflate": 0.001, "uv": [0, 36]}
					]
				},
				{
					"name": "lower_torso",
					"parent": "torso",
					"pivot": [0, 9.5, 6],
					"cubes": [
						{"origin": [-5, 5, 4], "size": [10, 9, 4], "uv": [48, 0]}
					]
				},
				{
					"name": "tail1",
					"parent": "lower_torso",
					"pivot": [0, 9, 8],
					"cubes": [
						{"origin": [-4, 8.5, 7], "size": [8, 1, 3], "uv": [0, 56]}
					]
				},
				{
					"name": "tail2",
					"parent": "tail1",
					"pivot": [0, 9, 10],
					"cubes": [
						{"origin": [-7, 9, 10], "size": [14, 0, 14], "uv": [0, 24]}
					]
				}
			]
		}
	]
}