{
	"format_version": "1.12.0",
	"minecraft:geometry": [
		{
			"description": {
				"identifier": "geometry.anemini",
				"texture_width": 64,
				"texture_height": 64,
				"visible_bounds_width": 3,
				"visible_bounds_height": 2.5,
				"visible_bounds_offset": [0, 0.75, 0]
			},
			"bones": [
				{
					"name": "anemini",
					"pivot": [0, 0, -2.05]
				},
				{
					"name": "body",
					"parent": "anemini",
					"pivot": [0, 6.275, -2.05],
					"cubes": [
						{"origin": [-4.5, 3.275, -5.05], "size": [9, 6, 6], "uv": [0, 0]}
					]
				},
				{
					"name": "head",
					"parent": "body",
					"pivot": [0, 6.275, -5.15],
					"cubes": [
						{"origin": [-1.5, 5.275, -5.65], "size": [3, 2, 1], "uv": [12, 22]}
					]
				},
				{
					"name": "righteye",
					"parent": "head",
					"pivot": [-0.825, 6.275, -5.675],
					"cubes": [
						{"origin": [-1.325, 5.775, -5.675], "size": [1, 1, 0], "uv": [12, 27]}
					]
				},
				{
					"name": "lefteye",
					"parent": "head",
					"pivot": [0.825, 6.275, -5.675],
					"cubes": [
						{"origin": [0.325, 5.775, -5.675], "size": [1, 1, 0], "uv": [19, 22]}
					]
				},
				{
					"name": "eartentacle",
					"parent": "head",
					"pivot": [1.5, 6.925, -5.05],
					"rotation": [10, 0, 33.25],
					"cubes": [
						{"origin": [0.5, 6.86469, -5.05969], "size": [2, 3, 0], "pivot": [1.5, 6.5777, -3.08038], "rotation": [0, 0, 0], "uv": [24, 2]}
					]
				},
				{
					"name": "eartentacleb",
					"parent": "eartentacle",
					"pivot": [1.5, 9.8777, -5.05538],
					"cubes": [
						{"origin": [0.5, 9.86469, -5.05969], "size": [2, 2, 0], "pivot": [1.5, 9.5777, -3.08038], "rotation": [0, 0, 0], "uv": [24, 26]}
					]
				},
				{
					"name": "eartentacle2",
					"parent": "head",
					"pivot": [-1.5, 6.925, -5.05],
					"rotation": [10, 0, -33.25],
					"cubes": [
						{"origin": [-2.5, 6.86469, -5.05969], "size": [2, 3, 0], "pivot": [-1.5, 6.5777, -3.08038], "rotation": [0, 0, 0], "uv": [0, 12]}
					]
				},
				{
					"name": "eartentacleb2",
					"parent": "eartentacle2",
					"pivot": [-1.5, 9.8777, -5.05538],
					"cubes": [
						{"origin": [-2.5, 9.86469, -5.05969], "size": [2, 2, 0], "pivot": [-1.5, 9.5777, -3.08038], "rotation": [0, 0, 0], "uv": [20, 26]}
					]
				},
				{
					"name": "mouthtentacle",
					"parent": "head",
					"pivot": [-1, 5.625, -5.05],
					"rotation": [-8.25, 0, 33.25],
					"cubes": [
						{"origin": [-2, 3.625, -5.05], "size": [2, 2, 0], "pivot": [-1, 5.91199, -3.0707], "rotation": [0, 0, 0], "uv": [8, 26]}
					]
				},
				{
					"name": "mouthtentacleb",
					"parent": "mouthtentacle",
					"pivot": [-1, 3.61199, -5.0707],
					"cubes": [
						{"origin": [-2, 2.625, -5.05], "size": [2, 1, 0], "pivot": [-1, 2.91199, -3.0707], "rotation": [0, 0, 0], "uv": [24, 18]}
					]
				},
				{
					"name": "mouthtentacle2",
					"parent": "head",
					"pivot": [1, 5.625, -5.05],
					"rotation": [-8.25, 0, -33.25],
					"cubes": [
						{"origin": [0, 3.625, -5.05], "size": [2, 2, 0], "pivot": [1, 5.91199, -3.0707], "rotation": [0, 0, 0], "uv": [4, 26]}
					]
				},
				{
					"name": "mouthtentacleb2",
					"parent": "mouthtentacle2",
					"pivot": [1, 3.61199, -5.0707],
					"cubes": [
						{"origin": [0, 2.625, -5.05], "size": [2, 1, 0], "pivot": [1, 2.91199, -3.0707], "rotation": [0, 0, 0], "uv": [24, 5]}
					]
				},
				{
					"name": "mouthtentacle3",
					"parent": "head",
					"pivot": [0, 5.625, -5.05],
					"rotation": [-8.75, 0, 0],
					"cubes": [
						{"origin": [-1, 3.625, -5.05], "size": [2, 2, 0], "pivot": [0, 5.92925, -3.07328], "rotation": [0, 0, 0], "uv": [0, 26]}
					]
				},
				{
					"name": "mouthtentacleb3",
					"parent": "mouthtentacle3",
					"pivot": [0, 3.62925, -5.07328],
					"cubes": [
						{"origin": [-1, 2.625, -5.05], "size": [2, 1, 0], "pivot": [0, 2.92925, -3.07328], "rotation": [0, 0, 0], "uv": [19, 16]}
					]
				},
				{
					"name": "body2",
					"parent": "body",
					"pivot": [0, 6.275, 0.7],
					"cubes": [
						{"origin": [-3.5, 3.775, -0.3], "size": [7, 5, 5], "uv": [0, 12]}
					]
				},
				{
					"name": "body3",
					"parent": "body2",
					"pivot": [0, 6.275, 4.45],
					"cubes": [
						{"origin": [-2.5, 4.275, 3.7], "size": [5, 4, 3], "uv": [21, 19]}
					]
				},
				{
					"name": "tentacle",
					"parent": "body",
					"pivot": [2.675, 7.625, -5.075],
					"rotation": [-6.15143, 16.30378, -18.23674],
					"cubes": [
						{"origin": [2.675, 6.625, -5.075], "size": [6, 2, 0], "uv": [0, 24]}
					]
				},
				{
					"name": "tentacleb",
					"parent": "tentacle",
					"pivot": [8.675, 7.625, -5.075],
					"cubes": [
						{"origin": [8.675, 6.625, -5.075], "size": [3, 2, 0], "uv": [24, 0]}
					]
				},
				{
					"name": "tentaclec",
					"parent": "tentacleb",
					"pivot": [11.675, 7.625, -5.075],
					"cubes": [
						{"origin": [11.675, 6.625, -5.075], "size": [2, 2, 0], "uv": [16, 25]}
					]
				},
				{
					"name": "tentacle2",
					"parent": "body",
					"pivot": [-2.675, 7.625, -5.075],
					"rotation": [-6.15143, -16.30378, 18.23674],
					"cubes": [
						{"origin": [-8.675, 6.625, -5.075], "size": [6, 2, 0], "uv": [0, 22]}
					]
				},
				{
					"name": "tentacleb2",
					"parent": "tentacle2",
					"pivot": [-8.675, 7.625, -5.075],
					"cubes": [
						{"origin": [-11.675, 6.625, -5.075], "size": [3, 2, 0], "uv": [0, 4]}
					]
				},
				{
					"name": "tentaclec2",
					"parent": "tentacleb2",
					"pivot": [-11.675, 7.625, -5.075],
					"cubes": [
						{"origin": [-13.675, 6.625, -5.075], "size": [2, 2, 0], "uv": [12, 25]}
					]
				},
				{
					"name": "tentacle3",
					"parent": "body",
					"pivot": [-2.675, 4.925, -5.075],
					"rotation": [6.15143, -16.30378, -18.23674],
					"cubes": [
						{"origin": [-8.675, 3.925, -5.075], "size": [6, 2, 0], "uv": [19, 14]}
					]
				},
				{
					"name": "tentacleb3",
					"parent": "tentacle3",
					"pivot": [-8.675, 4.925, -5.075],
					"cubes": [
						{"origin": [-11.675, 3.925, -5.075], "size": [3, 2, 0], "uv": [0, 2]}
					]
				},
				{
					"name": "tentaclec3",
					"parent": "tentacleb3",
					"pivot": [-11.675, 4.925, -5.075],
					"cubes": [
						{"origin": [-13.675, 3.925, -5.075], "size": [2, 2, 0], "uv": [24, 16]}
					]
				},
				{
					"name": "tentacle4",
					"parent": "body",
					"pivot": [2.675, 4.925, -5.075],
					"rotation": [6.15143, 16.30378, 18.23674],
					"cubes": [
						{"origin": [2.675, 3.925, -5.075], "size": [6, 2, 0], "uv": [19, 12]}
					]
				},
				{
					"name": "tentacleb4",
					"parent": "tentacle4",
					"pivot": [8.675, 4.925, -5.075],
					"cubes": [
						{"origin": [8.675, 3.925, -5.075], "size": [3, 2, 0], "uv": [0, 0]}
					]
				},
				{
					"name": "tentaclec4",
					"parent": "tentacleb4",
					"pivot": [11.675, 4.925, -5.075],
					"cubes": [
						{"origin": [11.675, 3.925, -5.075], "size": [2, 2, 0], "uv": [0, 15]}
					]
				}
			]
		}
	]
}