{
	"format_version": "1.8.0",
	"animations": {
		"animation.triceraearth.cry": {
			"animation_length": 3,
			"bones": {
				"torso": {
					"rotation": {
						"0.0": {
							"post": [0, 0, 0],
							"lerp_mode": "catmullrom"
						},
						"0.2083": {
							"post": [0, 0, 0],
							"lerp_mode": "catmullrom"
						},
						"0.5": {
							"post": [-3, 7, 0],
							"lerp_mode": "catmullrom"
						},
						"0.6667": {
							"post": [-3, 7, 0],
							"lerp_mode": "catmullrom"
						},
						"1.0": {
							"post": [-3, -2.5, 0],
							"lerp_mode": "catmullrom"
						},
						"1.2917": {
							"post": [0, 0, 0],
							"lerp_mode": "catmullrom"
						},
						"1.7083": {
							"post": [0, 0, 0],
							"lerp_mode": "catmullrom"
						},
						"2.125": {
							"post": [0, 0, 0],
							"lerp_mode": "catmullrom"
						}
					},
					"position": {
						"0.0": [0, 0, 0],
						"0.125": [0, 0, 0.2],
						"0.25": [0, "0+math.sin(q.anim_time*90*20+30)*0.1", 0.3],
						"0.6667": [0, 0.02, 0.3],
						"0.75": {
							"pre": [0, 0.01, -0.25],
							"post": [0, 0.01, -0.25],
							"lerp_mode": "catmullrom"
						},
						"0.9167": {
							"post": [0, 0, -0.75],
							"lerp_mode": "catmullrom"
						},
						"1.125": {
							"post": [0, 0, 0.1],
							"lerp_mode": "catmullrom"
						},
						"1.5": {
							"post": [0, 0, 0],
							"lerp_mode": "catmullrom"
						}
					}
				},
				"right_front_upper_leg": {
					"rotation": {
						"0.0": {
							"post": [0, 0, 0],
							"lerp_mode": "catmullrom"
						},
						"0.3333": {
							"post": [0, 0, -12.5],
							"lerp_mode": "catmullrom"
						},
						"0.625": {
							"post": [0, 0, -7.75],
							"lerp_mode": "catmullrom"
						},
						"0.8333": {
							"post": [0, 0, 7.5],
							"lerp_mode": "catmullrom"
						},
						"1.0": {
							"post": [0, 0, 3.05],
							"lerp_mode": "catmullrom"
						},
						"1.1667": {
							"post": [0, 0, 0],
							"lerp_mode": "catmullrom"
						},
						"1.375": {
							"post": [0, 0, 0],
							"lerp_mode": "catmullrom"
						}
					},
					"position": {
						"0.0": {
							"post": [0, 0, 0],
							"lerp_mode": "catmullrom"
						},
						"0.125": {
							"post": [0, 0, 0.75],
							"lerp_mode": "catmullrom"
						},
						"0.3333": {
							"post": [-2, 0.5, 1.5],
							"lerp_mode": "catmullrom"
						},
						"0.6667": {
							"post": [-2.5, 1, 1.25],
							"lerp_mode": "catmullrom"
						},
						"0.9583": {
							"post": [-0.25, 0.25, -0.5],
							"lerp_mode": "catmullrom"
						},
						"1.5833": {
							"post": [0, 0, 0],
							"lerp_mode": "catmullrom"
						}
					}
				},
				"right_front_lower_leg": {
					"rotation": {
						"0.0": {
							"post": [0, 0, 0],
							"lerp_mode": "catmullrom"
						},
						"0.4167": {
							"post": [0, 0, 0.25],
							"lerp_mode": "catmullrom"
						},
						"0.7083": {
							"post": [0, 0, 2],
							"lerp_mode": "catmullrom"
						},
						"0.9167": {
							"post": [0, 0, 7.5],
							"lerp_mode": "catmullrom"
						},
						"1.0833": {
							"post": [0, 0, 7.05],
							"lerp_mode": "catmullrom"
						},
						"1.25": {
							"post": [0, 0, 0.75],
							"lerp_mode": "catmullrom"
						},
						"1.5833": {
							"post": [0, 0, 0],
							"lerp_mode": "catmullrom"
						}
					}
				},
				"tail": {
					"rotation": {
						"0.0": {
							"post": [0, 0, 0],
							"lerp_mode": "catmullrom"
						},
						"0.2917": {
							"post": [2, 0, 0],
							"lerp_mode": "catmullrom"
						},
						"0.5833": {
							"post": [10, 15, 0],
							"lerp_mode": "catmullrom"
						},
						"0.75": {
							"post": [13, 15, 0],
							"lerp_mode": "catmullrom"
						},
						"0.9583": {
							"post": [13, -5.5, 0],
							"lerp_mode": "catmullrom"
						},
						"1.125": {
							"post": [1.22, -8.78, 0],
							"lerp_mode": "catmullrom"
						},
						"1.2917": {
							"post": [-3.75, 8.22, 0],
							"lerp_mode": "catmullrom"
						},
						"1.5417": {
							"post": [0.275, 7, 0],
							"lerp_mode": "catmullrom"
						},
						"2.0": {
							"post": [-0.6, -0.75, 0],
							"lerp_mode": "catmullrom"
						},
						"2.5": {
							"post": [0, 0, 0],
							"lerp_mode": "catmullrom"
						},
						"3.0417": {
							"post": [0, 0, 0],
							"lerp_mode": "catmullrom"
						}
					}
				},
				"tail2": {
					"rotation": {
						"0.0": {
							"post": [0, 0, 0],
							"lerp_mode": "catmullrom"
						},
						"0.2917": {
							"post": [0, -4, 0],
							"lerp_mode": "catmullrom"
						},
						"0.5833": {
							"post": [2, -7, 0],
							"lerp_mode": "catmullrom"
						},
						"0.7083": {
							"post": [6.61, 5.8, 0],
							"lerp_mode": "catmullrom"
						},
						"0.8333": {
							"post": [10, 15, 0],
							"lerp_mode": "catmullrom"
						},
						"0.9167": {
							"post": [13, 15, 0],
							"lerp_mode": "catmullrom"
						},
						"1.0": {
							"post": [13.37, 4.75, 0],
							"lerp_mode": "catmullrom"
						},
						"1.0833": {
							"post": [13, -5.5, 0],
							"lerp_mode": "catmullrom"
						},
						"1.2083": {
							"post": [10.12, -5.47, 0],
							"lerp_mode": "catmullrom"
						},
						"1.4167": {
							"post": [-4.28, 6.97, 0],
							"lerp_mode": "catmullrom"
						},
						"1.7917": {
							"post": [1.5, 2.5, 0],
							"lerp_mode": "catmullrom"
						},
						"2.2917": {
							"post": [-0.25, -1, 0],
							"lerp_mode": "catmullrom"
						},
						"2.75": {
							"post": [0, 0, 0],
							"lerp_mode": "catmullrom"
						},
						"3.0": {
							"post": [0, 0, 0],
							"lerp_mode": "catmullrom"
						}
					}
				},
				"jaw": {
					"rotation": {
						"0.0": [0, 0, 0],
						"0.5": [0, 0, 0],
						"1.0": [20, 0, 0],
						"1.5": [0, 0, 0]
					},
					"position": {
						"0.0": [0, 0, 0],
						"0.5": [0, 0, 0],
						"1.0": [0, 0, 1],
						"1.5": [0, 0, 0]
					}
				}
			},
			"sound_effects": {
				"0.2083": {
					"effect": "pokemon.bastiodon.cry"
				}
			}
		},
		"animation.triceraearth.blink": {
			"animation_length": 0.1667,
			"bones": {
				"eyelid_right": {
					"position": {
						"0.0": [-0.1, 0, 0],
						"0.125": [-0.1, 0, 0],
						"0.1667": [0, 0, 0]
					}
				},
				"eyelid_left": {
					"position": {
						"0.0": [0.1, 0, 0],
						"0.125": [0.1, 0, 0],
						"0.1667": [0, 0, 0]
					}
				}
			}
		},
		"animation.triceraearth.ground_idle": {
			"loop": true,
			"bones": {
				"torso": {
					"rotation": ["0-math.cos(q.anim_time*90)*0.25", 0, "0-math.sin(q.anim_time*90/2)*0.45-math.sin(q.anim_time*90/2*3)*0.03"],
					"position": [0, "math.cos(q.anim_time*90)*0.025", 0]
				},
				"tail": {
					"rotation": ["-5+math.cos(q.anim_time*90+30)*1", 0, "0+math.sin(q.anim_time*90/2+15)*0.5"]
				},
				"tail2": {
					"rotation": ["10+math.cos(q.anim_time*90+60)*2", 0, "0+math.sin(q.anim_time*90/2+30)*4"]
				},
				"left_front_upper_leg": {
					"rotation": [-10, 0, 0]
				},
				"left_front_lower_leg": {
					"rotation": [8.12178, -9.9017, -1.40575]
				},
				"right_front_upper_leg": {
					"rotation": [-10, 0, 0]
				},
				"right_front_lower_leg": {
					"rotation": [8.12178, 9.9017, 1.40575]
				},
				"left_back_upper_leg": {
					"rotation": [12.5, 0, 0],
					"position": [0, -0.025, 0]
				},
				"left_back_lower_leg": {
					"rotation": [-10.00933, 2.462, -0.43439]
				},
				"right_back_upper_leg": {
					"rotation": [12.5, 0, 0],
					"position": [0, -0.025, 0]
				},
				"right_back_lower_leg": {
					"rotation": [-10.00933, -2.462, 0.43439]
				},
				"head": {
					"rotation": ["0-math.cos(q.anim_time*90)*0.25", 0, "0-math.sin(q.anim_time*90/2)*0.45-math.sin(q.anim_time*90/2*3)*0.03"],
					"position": [0, "math.cos(q.anim_time*90)*0.025", 0]
				}
			}
		},
		"animation.triceraearth.ground_walk": {
			"loop": true,
			"animation_length": 2.6667,
			"bones": {
				"body": {
					"rotation": [0, 0, 0],
					"position": [0, 0, 0]
				},
				"torso": {
					"rotation": {
						"0.0": [
							"(math.sin(q.anim_time*90*1.5*2+30)*1.5+math.sin(q.anim_time*90*1.5*2*3+90)*0.2)+math.clamp(math.sin(q.anim_time*90*1.5*4+60)*0.25,0,1)",
							"(math.cos(q.anim_time*90*1.5-40)*2.5)",
							"(math.sin(q.anim_time*90*1.5-20)*0.5+math.sin(q.anim_time*90*1.5*3-20)*0.05)*4"
						],
						"0.0417": [
							"(math.sin(q.anim_time*90*1.5*2+30)*1.5+math.sin(q.anim_time*90*1.5*2*3+90)*0.2)+math.clamp(math.sin(q.anim_time*90*1.5*4+60)*0.25,0,1)",
							"(math.cos(q.anim_time*90*1.5-40)*2.5)",
							"(math.sin(q.anim_time*90*1.5-20)*0.5+math.sin(q.anim_time*90*1.5*3-20)*0.05)*4"
						],
						"0.375": [-1.5, "(math.cos(q.anim_time*90*1.5-40)*2.5)", "(math.sin(q.anim_time*90*1.5-20)*0.5+math.sin(q.anim_time*90*1.5*3-20)*0.05)*4"],
						"1.0417": [-1.5, "(math.cos(q.anim_time*90*1.5-40)*2.5)", "(math.sin(q.anim_time*90*1.5-20)*0.5+math.sin(q.anim_time*90*1.5*3-20)*0.05)*4"],
						"1.2917": [
							"(math.sin(q.anim_time*90*1.5*2+30)*1.5+math.sin(q.anim_time*90*1.5*2*3+90)*0.2)+math.clamp(math.sin(q.anim_time*90*1.5*4+60)*0.25,0,1)",
							"(math.cos(q.anim_time*90*1.5-40)*2.5)",
							"(math.sin(q.anim_time*90*1.5-20)*0.5+math.sin(q.anim_time*90*1.5*3-20)*0.05)*4"
						],
						"1.4167": [
							"(math.sin(q.anim_time*90*1.5*2+30)*1.5+math.sin(q.anim_time*90*1.5*2*3+90)*0.2)+math.clamp(math.sin(q.anim_time*90*1.5*4+60)*0.25,0,1)",
							"(math.cos(q.anim_time*90*1.5-40)*2.5)",
							"(math.sin(q.anim_time*90*1.5-20)*0.5+math.sin(q.anim_time*90*1.5*3-20)*0.05)*4"
						],
						"1.75": [-1.5, "(math.cos(q.anim_time*90*1.5-40)*2.5)", "(math.sin(q.anim_time*90*1.5-20)*0.5+math.sin(q.anim_time*90*1.5*3-20)*0.05)*4"],
						"2.375": [-1.5, "(math.cos(q.anim_time*90*1.5-40)*2.5)", "(math.sin(q.anim_time*90*1.5-20)*0.5+math.sin(q.anim_time*90*1.5*3-20)*0.05)*4"],
						"2.625": [
							"(math.sin(q.anim_time*90*1.5*2+30)*1.5+math.sin(q.anim_time*90*1.5*2*3+90)*0.2)+math.clamp(math.sin(q.anim_time*90*1.5*4+60)*0.25,0,1)",
							"(math.cos(q.anim_time*90*1.5-40)*2.5)",
							"(math.sin(q.anim_time*90*1.5-20)*0.5+math.sin(q.anim_time*90*1.5*3-20)*0.05)*4"
						],
						"2.6667": [0.88, "(math.cos(q.anim_time*90*1.5-40)*2.5)", "(math.sin(q.anim_time*90*1.5-20)*0.5+math.sin(q.anim_time*90*1.5*3-20)*0.05)*4"]
					},
					"position": {
						"0.0": [0, "0.05+math.cos(q.anim_time*90*24-60)*0.3+math.clamp(math.sin(q.anim_time*90*1.5*2-150)*1,-0.5,1)*0.5", 0],
						"0.1667": [0, "0.25+math.cos(q.anim_time*90*24-60)*0.05+math.clamp(math.sin(q.anim_time*90*1.5*2-150)*1,-0.5,1)*0.5", 0],
						"0.375": [0, "0.25+math.cos(q.anim_time*90*20+60)*0.01 +math.clamp(math.sin(q.anim_time*90*1.5*2-150)*1,-0.5,1)*0.5", 0],
						"1.125": [0, "0.25+math.clamp(math.sin(q.anim_time*90*1.5*2+0)*1,0,1)+math.clamp(math.sin(q.anim_time*90*1.5*2-150)*1,-0.5,1)*0.5", 0],
						"1.2083": [0, "0.05+math.clamp(math.sin(q.anim_time*90*1.5*2-150)*1,-0.5,1)*0.5", 0],
						"1.3333": [0, "0.05+math.cos(q.anim_time*90*24-60)*0.3+math.clamp(math.sin(q.anim_time*90*1.5*2-150)*1,-0.5,1)*0.5", 0],
						"1.5": [0, "0.25+math.cos(q.anim_time*90*24-60)*0.05+math.clamp(math.sin(q.anim_time*90*1.5*2-150)*1,-0.5,1)*0.5", 0],
						"1.7083": [0, "0.25+math.cos(q.anim_time*90*20+60)*0.01 +math.clamp(math.sin(q.anim_time*90*1.5*2-150)*1,-0.5,1)*0.5", 0],
						"2.4583": [0, "0.25+math.clamp(math.sin(q.anim_time*90*1.5*2-150)*1,-0.5,1)*0.5", 0],
						"2.5417": [0, "0.05+math.clamp(math.sin(q.anim_time*90*1.5*2-150)*1,-0.5,1)*0.5", 0],
						"2.6667": [0, "0.05+math.cos(q.anim_time*90*24-60)*0.3+math.clamp(math.sin(q.anim_time*90*1.5*2-150)*1,-0.5,1)*0.5", 0]
					}
				},
				"tail": {
					"rotation": {
						"0.0": [-0.5, "math.cos(q.anim_time*90*1.5-90)*2", 0],
						"0.125": ["-0.5+math.cos(q.anim_time*90*20+90+180)*1", "math.cos(q.anim_time*90*1.5-90)*2", 0],
						"0.5": ["-0.5+math.cos(q.anim_time*90*20+90+180)*0.05", "math.cos(q.anim_time*90*1.5-90)*2", 0],
						"0.75": ["-0.5+math.cos(q.anim_time*90*20+90+180)*0.1", "math.cos(q.anim_time*90*1.5-90)*2", 0],
						"1.0": [-0.5, "math.cos(q.anim_time*90*1.5-90)*2", 0],
						"1.2083": [-0.5, "math.cos(q.anim_time*90*1.5-90)*2", 0],
						"1.3333": ["-0.5+math.cos(q.anim_time*90*20+90+180)*1", "math.cos(q.anim_time*90*1.5-90)*2", 0],
						"1.7083": ["-0.5+math.cos(q.anim_time*90*20+90+180)*0.05", "math.cos(q.anim_time*90*1.5-90)*2", 0],
						"2.0": ["-0.5+math.cos(q.anim_time*90*20+90+180)*0.1", "math.cos(q.anim_time*90*1.5-90)*2", 0],
						"2.2083": [-0.5, "math.cos(q.anim_time*90*1.5-90)*2", 0]
					}
				},
				"tail2": {
					"rotation": {
						"0.125": [6, "math.cos(q.anim_time*90*1.5-120)*5", 0],
						"0.25": ["6+math.cos(q.anim_time*90*20+120+180)*1", "math.cos(q.anim_time*90*1.5-120)*5", 0],
						"0.5": ["6+math.cos(q.anim_time*90*20+120+180)*0.05", "math.cos(q.anim_time*90*1.5-120)*5", 0],
						"0.75": ["6+math.cos(q.anim_time*90*20+120+180)*0.01", "math.cos(q.anim_time*90*1.5-120)*5", 0],
						"1.0": [6, "math.cos(q.anim_time*90*1.5-120)*5", 0],
						"1.3333": [6, "math.cos(q.anim_time*90*1.5-120)*5", 0],
						"1.4583": ["6+math.cos(q.anim_time*90*20+120+180)*1", "math.cos(q.anim_time*90*1.5-120)*5", 0],
						"1.7083": ["6+math.cos(q.anim_time*90*20+120+180)*0.05", "math.cos(q.anim_time*90*1.5-120)*5", 0],
						"1.9583": ["6+math.cos(q.anim_time*90*20+120+180)*0.01", "math.cos(q.anim_time*90*1.5-120)*5", 0],
						"2.2083": [6, "math.cos(q.anim_time*90*1.5-120)*5", 0]
					}
				},
				"left_front_upper_leg": {
					"rotation": ["(2.5+math.cos(q.anim_time*90*1.5+180)*7.5)", 0, 0],
					"position": {
						"0.0": [
							"0.1+math.clamp(math.cos(q.anim_time*90*1.5+120),-0.25,1)*0.5",
							"(0+math.clamp((math.sin(q.anim_time*90*1.5+180)+math.sin(q.anim_time*90*1.5*3+60+(180)*3)*0.2),0,1))*1.5",
							"(-1+math.cos(q.anim_time*90*1.5+180-10)-math.cos(q.anim_time*90*1.5*3+(180)*3-30)*0.1)*0.25"
						],
						"2.25": [
							"0.1+math.clamp(math.cos(q.anim_time*90*1.5+120),-0.25,1)*0.5",
							"(0+math.clamp((math.sin(q.anim_time*90*1.5+180)+math.sin(q.anim_time*90*1.5*3+60+(180)*3)*0.2),0,1))*1.5",
							"(-1+math.cos(q.anim_time*90*1.5+180-10)-math.cos(q.anim_time*90*1.5*3+(180)*3-30)*0.1)*0.25"
						],
						"2.5": [
							"0.1+math.clamp(math.cos(q.anim_time*90*1.5+120),-0.25,1)*0.5",
							"(0+math.clamp((math.sin(q.anim_time*90*1.5+180)+math.sin(q.anim_time*90*1.5*3+60+(180)*3)*1),0,1))*1.5",
							"(-1+math.cos(q.anim_time*90*1.5+180-10)-math.cos(q.anim_time*90*1.5*3+(180)*3-30)*0.1)*0.25"
						],
						"2.6667": [
							"0.1+math.clamp(math.cos(q.anim_time*90*1.5+120),-0.25,1)*0.5",
							"(0+math.clamp((math.sin(q.anim_time*90*1.5+180)+math.sin(q.anim_time*90*1.5*3+60+(180)*3)*0.2),0,1))*1.5",
							"(-1+math.cos(q.anim_time*90*1.5+180-10)-math.cos(q.anim_time*90*1.5*3+(180)*3-30)*0.1)*0.25"
						]
					}
				},
				"left_front_lower_leg": {
					"rotation": {
						"0.0": [5.55626, "-((-1.4976-math.cos(q.anim_time*90*1.5+180)*5))", 0],
						"0.1667": [4.61492, "-((-1.4976-math.cos(q.anim_time*90*1.5+180)*5))", 0],
						"0.3333": ["(2.4976+math.cos(q.anim_time*90*1.5*3+(180)*3)*1)", "-((-1.4976-math.cos(q.anim_time*90*1.5+180)*5))", 0],
						"0.6667": ["(-2.5024+math.cos(q.anim_time*90*1.5*3+(180)*3)*1)", "-((-1.4976-math.cos(q.anim_time*90*1.5+180)*5))", 0],
						"2.0833": ["(-2.5024+math.cos(q.anim_time*90*1.5*3+(180)*3)*1)", "-((-1.4976-math.cos(q.anim_time*90*1.5+180)*5))", 0],
						"2.5417": ["(-2.5024+math.cos(q.anim_time*90*1.5*3+(180)*3)*3)", "-((-1.4976-math.cos(q.anim_time*90*1.5+180)*5))", 0],
						"2.625": [5.55626, "-((-1.4976-math.cos(q.anim_time*90*1.5+180)*5))", 0]
					},
					"position": [0, 0, "(-math.cos(q.anim_time*90*1.5+180)*0.2)"]
				},
				"right_front_upper_leg": {
					"rotation": ["(2.5+math.cos(q.anim_time*90*1.5)*7.5)", 0, 0],
					"position": {
						"0.0": [
							"-0.1-math.clamp(math.cos(q.anim_time*90*1.5+120+180),-0.25,1)*0.5",
							"(0+math.clamp((math.sin(q.anim_time*90*1.5)+math.sin(q.anim_time*90*1.5*3+60)*0.2),0,1))*1.5",
							"(-1+math.cos(q.anim_time*90*1.5-10)-math.cos(q.anim_time*90*1.5*3-30)*0.1)*0.25"
						],
						"0.9583": [
							"-0.1-math.clamp(math.cos(q.anim_time*90*1.5+120+180),-0.25,1)*0.5",
							"(0+math.clamp((math.sin(q.anim_time*90*1.5+0)+math.sin(q.anim_time*90*1.5*3+60+(0)*3)*0.2),0,1))*1.5",
							"(-1+math.cos(q.anim_time*90*1.5-10)-math.cos(q.anim_time*90*1.5*3-30)*0.1)*0.25"
						],
						"1.2083": [
							"-0.1-math.clamp(math.cos(q.anim_time*90*1.5+120+180),-0.25,1)*0.5",
							"(0+math.clamp((math.sin(q.anim_time*90*1.5+0)+math.sin(q.anim_time*90*1.5*3+60+(0)*3)*1),0,1))*1.5",
							"(-1+math.cos(q.anim_time*90*1.5-10)-math.cos(q.anim_time*90*1.5*3-30)*0.1)*0.25"
						],
						"1.375": [
							"-0.1-math.clamp(math.cos(q.anim_time*90*1.5+120+180),-0.25,1)*0.5",
							"(0+math.clamp((math.sin(q.anim_time*90*1.5+0)+math.sin(q.anim_time*90*1.5*3+60+(0)*3)*0.2),0,1))*1.5",
							"(-1+math.cos(q.anim_time*90*1.5-10)-math.cos(q.anim_time*90*1.5*3-30)*0.1)*0.25"
						]
					}
				},
				"right_front_lower_leg": {
					"rotation": {
						"0.0": ["(-2.5024+math.cos(q.anim_time*90*1.5*3)*1)", "(-1.4976-math.cos(q.anim_time*90*1.5)*5)", 0],
						"0.75": ["(-2.5024+math.cos(q.anim_time*90*1.5*3)*1)", "(-1.4976-math.cos(q.anim_time*90*1.5)*5)", 0],
						"1.2083": ["(-2.5024+math.cos(q.anim_time*90*1.5*3-(90*3))*3)", "(-1.4976-math.cos(q.anim_time*90*1.5)*5)", 0],
						"1.2917": [5.55626, "(-1.4976-math.cos(q.anim_time*90*1.5)*5)", 0],
						"1.3333": [5.55626, "(-1.4976-math.cos(q.anim_time*90*1.5)*5)", 0],
						"1.5": [4.61492, "(-1.4976-math.cos(q.anim_time*90*1.5)*5)", 0],
						"1.6667": ["(2.4976+math.cos(q.anim_time*90*1.5*3)*1)", "(-1.4976-math.cos(q.anim_time*90*1.5)*5)", 0],
						"2.0": ["(-2.5024+math.cos(q.anim_time*90*1.5*3)*1)", "(-1.4976-math.cos(q.anim_time*90*1.5)*5)", 0]
					},
					"position": [0, 0, "(-math.cos(q.anim_time*90*1.5)*0.2)"]
				},
				"left_back_upper_leg": {
					"rotation": ["(2.5+math.cos(q.anim_time*90*1.5)*7.5)", 0, 0],
					"position": {
						"0.0": [
							"0.1+math.clamp(math.cos(q.anim_time*90*1.5+120+180),-0.25,1)*0.5",
							"(0+math.clamp((math.sin(q.anim_time*90*1.5)+math.sin(q.anim_time*90*1.5*3+60)*0.2),0,1))*1.5",
							"(1+math.cos(q.anim_time*90*1.5-10)-math.cos(q.anim_time*90*1.5*3-30)*0.1)*0.25"
						],
						"0.9583": [
							"0.1+math.clamp(math.cos(q.anim_time*90*1.5+120+180),-0.25,1)*0.5",
							"(0+math.clamp((math.sin(q.anim_time*90*1.5+0)+math.sin(q.anim_time*90*1.5*3+60+(0)*3)*0.2),0,1))*1.5",
							"(1+math.cos(q.anim_time*90*1.5-10)-math.cos(q.anim_time*90*1.5*3-30)*0.1)*0.25"
						],
						"1.2083": [
							"0.1+math.clamp(math.cos(q.anim_time*90*1.5+120+180),-0.25,1)*0.5",
							"(0+math.clamp((math.sin(q.anim_time*90*1.5+0)+math.sin(q.anim_time*90*1.5*3+60+(0)*3)*1),0,1))*1.5",
							"(1+math.cos(q.anim_time*90*1.5-10)-math.cos(q.anim_time*90*1.5*3-30)*0.1)*0.25"
						],
						"1.375": [
							"0.1+math.clamp(math.cos(q.anim_time*90*1.5+120+180),-0.25,1)*0.5",
							"(0+math.clamp((math.sin(q.anim_time*90*1.5+0)+math.sin(q.anim_time*90*1.5*3+60+(0)*3)*0.2),0,1))*1.5",
							"(1+math.cos(q.anim_time*90*1.5-10)-math.cos(q.anim_time*90*1.5*3-30)*0.1)*0.25"
						]
					}
				},
				"left_back_lower_leg": {
					"rotation": {
						"0.0": [
							"(-2.5024+math.cos(q.anim_time*90*1.5*3)*1)",
							"-(-1.4976-math.cos(q.anim_time*90*1.5)*5)",
							"math.clamp(math.cos(q.anim_time*90*1.5+150+180),0,1)*-5"
						],
						"0.75": [
							"(-2.5024+math.cos(q.anim_time*90*1.5*3)*1)",
							"-(-1.4976-math.cos(q.anim_time*90*1.5)*5)",
							"math.clamp(math.cos(q.anim_time*90*1.5+150+180),0,1)*-5"
						],
						"1.2083": [
							"(-2.5024+math.cos(q.anim_time*90*1.5*3-(90*3))*3)",
							"-(-1.4976-math.cos(q.anim_time*90*1.5)*5)",
							"math.clamp(math.cos(q.anim_time*90*1.5+150+180),0,1)*-5"
						],
						"1.2917": [5.55626, "-(-1.4976-math.cos(q.anim_time*90*1.5)*5)", "math.clamp(math.cos(q.anim_time*90*1.5+150+180),0,1)*-5"],
						"1.5": [4.61492, "-(-1.4976-math.cos(q.anim_time*90*1.5)*5)", "math.clamp(math.cos(q.anim_time*90*1.5+150+180),0,1)*-5"],
						"1.6667": [
							"(2.4976+math.cos(q.anim_time*90*1.5*3)*1)",
							"-(-1.4976-math.cos(q.anim_time*90*1.5)*5)",
							"math.clamp(math.cos(q.anim_time*90*1.5+150+180),0,1)*-5"
						],
						"2.0": [
							"(-2.5024+math.cos(q.anim_time*90*1.5*3)*1)",
							"-(-1.4976-math.cos(q.anim_time*90*1.5)*5)",
							"math.clamp(math.cos(q.anim_time*90*1.5+150+180),0,1)*-5"
						]
					},
					"position": [0, 0, "(-math.cos(q.anim_time*90*1.5)*0.2)"]
				},
				"right_back_upper_leg": {
					"rotation": ["(2.5+math.cos(q.anim_time*90*1.5+180)*7.5)", 0, 0],
					"position": {
						"0.0": [
							"-0.1-math.clamp(math.cos(q.anim_time*90*1.5+120),-0.25,1)*0.5",
							"(0+math.clamp((math.sin(q.anim_time*90*1.5+180)+math.sin(q.anim_time*90*1.5*3+60+(180)*3)*0.2),0,1))*1.5",
							"(1+math.cos(q.anim_time*90*1.5+180-10)-math.cos(q.anim_time*90*1.5*3+(180)*3-30)*0.1)*0.25"
						],
						"2.25": [
							"-0.1-math.clamp(math.cos(q.anim_time*90*1.5+120),-0.25,1)*0.5",
							"(0+math.clamp((math.sin(q.anim_time*90*1.5+180)+math.sin(q.anim_time*90*1.5*3+60+(180)*3)*0.2),0,1))*1.5",
							"(1+math.cos(q.anim_time*90*1.5+180-10)-math.cos(q.anim_time*90*1.5*3+(180)*3-30)*0.1)*0.25"
						],
						"2.5": [
							"-0.1-math.clamp(math.cos(q.anim_time*90*1.5+120),-0.25,1)*0.5",
							"(0+math.clamp((math.sin(q.anim_time*90*1.5+180)+math.sin(q.anim_time*90*1.5*3+60+(180)*3)*1),0,1))*1.5",
							"(1+math.cos(q.anim_time*90*1.5+180-10)-math.cos(q.anim_time*90*1.5*3+(180)*3-30)*0.1)*0.25"
						],
						"2.6667": [
							"-0.1-math.clamp(math.cos(q.anim_time*90*1.5+120),-0.25,1)*0.5",
							"(0+math.clamp((math.sin(q.anim_time*90*1.5+180)+math.sin(q.anim_time*90*1.5*3+60+(180)*3)*0.2),0,1))*1.5",
							"(1+math.cos(q.anim_time*90*1.5+180-10)-math.cos(q.anim_time*90*1.5*3+(180)*3-30)*0.1)*0.25"
						]
					}
				},
				"right_back_lower_leg": {
					"rotation": {
						"0.0": [5.55626, "(-1.4976-math.cos(q.anim_time*90*1.5+180)*5)", "math.clamp(math.cos(q.anim_time*90*1.5+150),0,1)*5"],
						"0.1667": [4.61492, "(-1.4976-math.cos(q.anim_time*90*1.5+180)*5)", "math.clamp(math.cos(q.anim_time*90*1.5+150),0,1)*5"],
						"0.3333": [
							"(2.4976+math.cos(q.anim_time*90*1.5*3+(180)*3)*1)",
							"(-1.4976-math.cos(q.anim_time*90*1.5+180)*5)",
							"math.clamp(math.cos(q.anim_time*90*1.5+150),0,1)*5"
						],
						"0.6667": [
							"(-2.5024+math.cos(q.anim_time*90*1.5*3+(180)*3)*1)",
							"(-1.4976-math.cos(q.anim_time*90*1.5+180)*5)",
							"math.clamp(math.cos(q.anim_time*90*1.5+150),0,1)*5"
						],
						"2.0833": [
							"(-2.5024+math.cos(q.anim_time*90*1.5*3+(180)*3)*1)",
							"(-1.4976-math.cos(q.anim_time*90*1.5+180)*5)",
							"math.clamp(math.cos(q.anim_time*90*1.5+150),0,1)*5"
						],
						"2.5417": [
							"(-2.5024+math.cos(q.anim_time*90*1.5*3+(180)*3)*3)",
							"(-1.4976-math.cos(q.anim_time*90*1.5+180)*5)",
							"math.clamp(math.cos(q.anim_time*90*1.5+150),0,1)*5"
						],
						"2.625": [5.55626, "(-1.4976-math.cos(q.anim_time*90*1.5+180)*5)", "math.clamp(math.cos(q.anim_time*90*1.5+150),0,1)*5"]
					},
					"position": [0, 0, "(-math.cos(q.anim_time*90*1.5+180)*0.2)"]
				},
				"head": {
					"rotation": {
						"0.0": [0, 0, 0],
						"0.625": [-3.87, 0, 0],
						"1.2917": [7.5, 0, 0],
						"1.9167": [-3.87, 0, 0],
						"2.6667": [0, 0, 0]
					}
				}
			}
		},
		"animation.triceraearth.battle_idle": {
			"loop": true,
			"animation_length": 2,
			"bones": {
				"torso": {
					"rotation": {
						"0.0": {
							"post": [4, 3, -1],
							"lerp_mode": "catmullrom"
						},
						"0.7083": {
							"post": [-1, -0.9, 5],
							"lerp_mode": "catmullrom"
						},
						"0.875": {
							"post": [4, 0, -3],
							"lerp_mode": "catmullrom"
						},
						"0.9583": {
							"post": [5.24, 1.74, -8.54],
							"lerp_mode": "catmullrom"
						},
						"1.2917": {
							"post": [3.19, 3.69, -4.88],
							"lerp_mode": "catmullrom"
						},
						"1.6667": {
							"post": [3, 4.2, -4],
							"lerp_mode": "catmullrom"
						},
						"2.0": {
							"post": [4, 3, -1],
							"lerp_mode": "catmullrom"
						},
						"2.7083": {
							"post": [-1, -0.9, 5],
							"lerp_mode": "catmullrom"
						}
					},
					"position": [0, 1, 0]
				},
				"tail": {
					"rotation": ["10+math.sin(q.anim_time*90*4-60)*-2", "math.cos(q.anim_time*90*2-30)*2+math.clamp(math.cos(q.anim_time*90*2-60)*10,-5,-2)", 0],
					"position": {
						"0.9583": [0, 0.5, 0],
						"1.0": [
							0,
							"0.5+math.clamp((-1+math.clamp(math.cos(q.anim_time*90*2+100)*100,-1,1) +math.cos(q.anim_time*90*2+160)*0.5+math.cos(q.anim_time*90*16+160)*0.5),0,1)*0.1",
							0
						],
						"1.8333": [
							0,
							"0.5+math.clamp((-1+math.clamp(math.cos(q.anim_time*90*2+100)*100,-1,1) +math.cos(q.anim_time*90*2+160)*0.5+math.cos(q.anim_time*90*16+160)*0.5),0,1)*0.1",
							0
						],
						"2.0": [
							0,
							"0.5+math.clamp((-1+math.clamp(math.cos(q.anim_time*90*2+100)*100,-1,1) +math.cos(q.anim_time*90*2+160)*0.5+math.cos(q.anim_time*90*16+160)*0.5),0,1)*0.1",
							0
						]
					}
				},
				"tail2": {
					"rotation": {
						"0.0": ["6+math.sin(q.anim_time*90*4-150)*-1", "math.cos(q.anim_time*90*2-90)*10+math.clamp(math.cos(q.anim_time*90*2-90-60)*5,0,5)", 0],
						"0.75": [
							"6+math.sin(q.anim_time*90*4-150)*-1",
							"math.cos(q.anim_time*90*2-90)*10+math.clamp(math.cos(q.anim_time*90*2-90-60)*10,-10,-1)+math.clamp(math.cos(q.anim_time*90*2-90-60)*5,0,5)",
							0
						],
						"1.25": [
							"6+math.sin(q.anim_time*90*4-150)*-1",
							"math.cos(q.anim_time*90*2-90)*5+math.clamp(math.cos(q.anim_time*90*2-90-60)*10,-10,-1)+math.clamp(math.cos(q.anim_time*90*2-90-60)*0,0,5)",
							0
						],
						"1.7917": ["6+math.sin(q.anim_time*90*4-150)*-1", "math.cos(q.anim_time*90*2-90)*10+math.clamp(math.cos(q.anim_time*90*2-90-60)*5,0,5)", 0]
					}
				},
				"left_front_upper_leg": {
					"rotation": [12.2127, 2.68507, -12.2127],
					"position": {
						"0.0": [
							"0.5+math.sin(q.anim_time*90*2)*0.5+math.sin(q.anim_time*90*2*3)*0.05",
							"-0.3+math.cos(q.anim_time*90*2+90+20+0)*0.5+math.cos(q.anim_time*90*2*3-270+60+0)*0.05",
							0
						],
						"0.5": [
							"0.5+math.sin(q.anim_time*90*2)*0.5+math.sin(q.anim_time*90*2*3)*0.02",
							"-0.3+math.cos(q.anim_time*90*2+90+20+0)*0.5+math.cos(q.anim_time*90*2*3-270+60+0)*0.05",
							0
						],
						"1.0": [
							"0.6+math.sin(q.anim_time*90*2-45)*0.5+math.sin(q.anim_time*90*2*3-(45*3))*0.02",
							"-0.5+math.cos(q.anim_time*90*2+90+20-45)*0.5+math.cos(q.anim_time*90*2*3-270+60-(45*3))*0.05",
							0
						],
						"1.5": [
							"0.5+math.sin(q.anim_time*90*2)*0.5+math.sin(q.anim_time*90*2*3)*0.05",
							"-0.3+math.cos(q.anim_time*90*2+90+20+0)*0.5+math.cos(q.anim_time*90*2*3-270+60+0)*0.05",
							0
						],
						"2.0": [
							"0.5+math.sin(q.anim_time*90*2)*0.5+math.sin(q.anim_time*90*2*3)*0.05",
							"-0.3+math.cos(q.anim_time*90*2+90+20+0)*0.5+math.cos(q.anim_time*90*2*3-270+60+0)*0.05",
							0
						]
					}
				},
				"left_front_lower_leg": {
					"rotation": {
						"0.0": [-9.04, 2.83, "14.55+(math.sin(q.anim_time*90*2)*0.5+math.sin(q.anim_time*90*2*3)*0.05)*6"],
						"0.1667": [-9.04, 2.83, "14.55+(math.sin(q.anim_time*90*2)*0.5+math.sin(q.anim_time*90*2*3)*0.05)*2"],
						"1.0": [-9.04, 2.83, "14.55+(math.sin(q.anim_time*90*2-45)*0.5+math.sin(q.anim_time*90*2*3-(45*3))*0.05)*2"],
						"1.5": [-9.04, 2.83, "14.55+(math.sin(q.anim_time*90*2)*0.5+math.sin(q.anim_time*90*2*3)*0.05)*4"],
						"2.0": [-9.04, 2.83, "14.55+(math.sin(q.anim_time*90*2)*0.5+math.sin(q.anim_time*90*2*3)*0.05)*6"]
					},
					"position": {
						"0.0": {
							"post": [-0.41719, -0.69844, -0.03562],
							"lerp_mode": "catmullrom"
						},
						"0.0833": {
							"post": [-0.412, -0.66123, -0.02275],
							"lerp_mode": "catmullrom"
						},
						"0.1667": {
							"post": [-0.4127, -0.53033, 0.00777],
							"lerp_mode": "catmullrom"
						},
						"0.4583": {
							"post": [-0.5273, -0.39836, 0.02983],
							"lerp_mode": "catmullrom"
						},
						"0.75": {
							"post": [-0.51828, -0.37892, 0.03029],
							"lerp_mode": "catmullrom"
						},
						"1.0": {
							"post": [-0.52014, -0.38536, 0.01283],
							"lerp_mode": "catmullrom"
						},
						"1.125": {
							"post": [-0.69868, -0.70388, -0.07073],
							"lerp_mode": "catmullrom"
						},
						"1.25": {
							"post": [-0.71607, -0.93048, -0.12235],
							"lerp_mode": "catmullrom"
						},
						"1.5": {
							"post": [-0.68359, -1.0942, -0.15625],
							"lerp_mode": "catmullrom"
						},
						"1.75": {
							"post": [-0.55971, -0.96431, -0.11624],
							"lerp_mode": "catmullrom"
						},
						"1.875": {
							"post": [-0.45166, -0.82223, -0.07244],
							"lerp_mode": "catmullrom"
						},
						"2.0": {
							"post": [-0.41719, -0.69844, -0.03562],
							"lerp_mode": "catmullrom"
						},
						"2.0833": {
							"post": [-0.412, -0.66123, -0.02275],
							"lerp_mode": "catmullrom"
						}
					}
				},
				"right_front_upper_leg": {
					"rotation": {
						"0.0": {
							"post": [15.1, -2.5, 12],
							"lerp_mode": "catmullrom"
						},
						"0.3333": {
							"post": [16.8, -3.4, 12],
							"lerp_mode": "catmullrom"
						},
						"0.75": {
							"post": [1, 0.5, 12],
							"lerp_mode": "catmullrom"
						},
						"0.9583": {
							"post": [3, -0.5, 12],
							"lerp_mode": "catmullrom"
						},
						"1.5417": {
							"post": [8, -1.5, 12],
							"lerp_mode": "catmullrom"
						},
						"2.0": {
							"post": [15.1, -2.5, 12],
							"lerp_mode": "catmullrom"
						},
						"2.3333": {
							"post": [16.8, -3.4, 12],
							"lerp_mode": "catmullrom"
						}
					},
					"position": {
						"0.0": {
							"post": [-1, -0.55, 3.04865],
							"lerp_mode": "catmullrom"
						},
						"0.125": {
							"post": [-0.8, -0.13, 2.52],
							"lerp_mode": "catmullrom"
						},
						"0.2917": {
							"post": [-0.6, 0.96, 0.92],
							"lerp_mode": "catmullrom"
						},
						"0.4583": {
							"post": [-0.5, 2.05, 0.3],
							"lerp_mode": "catmullrom"
						},
						"0.6667": {
							"post": [-0.6, 2.15, 0.2],
							"lerp_mode": "catmullrom"
						},
						"0.7917": [-0.7, 1.65, 0.3],
						"0.9167": [-1, -0.8, 0.3],
						"1.0": [-1, -1.23, 0.31],
						"1.0833": [-1, -1.17, 0.36],
						"1.1667": {
							"pre": [-1, -1.24, 0.58],
							"post": [-1, -1.24, 0.58],
							"lerp_mode": "catmullrom"
						},
						"1.5417": {
							"post": [-1, -1.07, 1.92],
							"lerp_mode": "catmullrom"
						},
						"1.8333": {
							"post": [-1, -0.72, 3.13],
							"lerp_mode": "catmullrom"
						},
						"2.0": {
							"post": [-1, -0.55, 3.04865],
							"lerp_mode": "catmullrom"
						}
					}
				},
				"right_front_lower_leg": {
					"rotation": {
						"0.0": {
							"post": [1.7, -2.82791, -11.91372],
							"lerp_mode": "catmullrom"
						},
						"0.375": {
							"post": [3, -2.83, -6.91],
							"lerp_mode": "catmullrom"
						},
						"0.8333": {
							"post": [0, -2.82791, -4.81372],
							"lerp_mode": "catmullrom"
						},
						"0.9583": {
							"post": [-3, -2.83, -10.41],
							"lerp_mode": "catmullrom"
						},
						"1.4583": {
							"post": [-1.09, -2.83, -11.91],
							"lerp_mode": "catmullrom"
						},
						"2.0": {
							"post": [1.7, -2.82791, -11.91372],
							"lerp_mode": "catmullrom"
						}
					},
					"position": {
						"0.0": {
							"post": [0.473, -0.37738, 0.02289],
							"lerp_mode": "catmullrom"
						},
						"0.2083": {
							"post": [0.43866, -0.33737, -0.05281],
							"lerp_mode": "catmullrom"
						},
						"0.5": {
							"post": [-0.55502, 0.42981, 0.02704],
							"lerp_mode": "catmullrom"
						},
						"0.8333": {
							"post": [-0.86678, 0.67726, -0.00242],
							"lerp_mode": "catmullrom"
						},
						"0.9583": {
							"post": [0.23639, -0.18434, -0.01173],
							"lerp_mode": "catmullrom"
						},
						"1.0417": {
							"post": [-0.07794, 0.06327, 0.01532],
							"lerp_mode": "catmullrom"
						},
						"1.5833": {
							"post": [-0.03385, 0.02275, 0.04678],
							"lerp_mode": "catmullrom"
						},
						"2.0": {
							"post": [0.473, -0.37738, 0.02289],
							"lerp_mode": "catmullrom"
						}
					}
				},
				"left_back_upper_leg": {
					"rotation": [25, 0, 0],
					"position": {
						"0.0": [0.52, -0.1, 1.5],
						"0.8333": [0.52, -0.1, 1.5],
						"0.9167": [0.48, 0.1, 1.5],
						"1.0": [0.5, 0.68, 1.5],
						"1.5": [0.75, 0.1, 1.5],
						"2.0": [0.52, -0.1, 1.5]
					}
				},
				"left_back_lower_leg": {
					"rotation": [-19.06734, 4.72696, 1.36846],
					"position": {
						"0.0": {
							"post": [-0.09865, -0.5183, 0.11182],
							"lerp_mode": "catmullrom"
						},
						"0.8333": {
							"post": [-0.1, -0.515, 0.11],
							"lerp_mode": "catmullrom"
						},
						"0.875": {
							"post": [-0.10786, -0.57029, 0.08619],
							"lerp_mode": "catmullrom"
						},
						"0.9167": {
							"post": [-0.17006, -0.69719, 0.02628],
							"lerp_mode": "catmullrom"
						},
						"0.9583": {
							"post": [-0.41214, -0.89971, -0.06619],
							"lerp_mode": "catmullrom"
						},
						"1.0": {
							"post": [-0.59816, -1.05306, -0.1409],
							"lerp_mode": "catmullrom"
						},
						"1.5417": {
							"post": [-0.42638, -0.48537, 0.12708],
							"lerp_mode": "catmullrom"
						},
						"2.0": {
							"post": [-0.09865, -0.5183, 0.11182],
							"lerp_mode": "catmullrom"
						}
					}
				},
				"right_back_upper_leg": {
					"rotation": [25, 0, 0],
					"position": {
						"0.0": [-0.52, 0.6, 1.5],
						"0.8333": [-0.52, 0.6, 1.5],
						"0.9167": [-0.48, 0.4, 1.5],
						"1.0": [-0.5, -0.18, 1.5],
						"1.5": [-0.75, 0.4, 1.5],
						"2.0": [-0.52, 0.6, 1.5]
					}
				},
				"right_back_lower_leg": {
					"rotation": [-19.06734, -0.72696, -1.36846],
					"position": {
						"0.0": {
							"post": [0.30756, -1.36894, 0.25661],
							"lerp_mode": "catmullrom"
						},
						"0.8333": {
							"post": [0.29284, -1.34828, 0.26288],
							"lerp_mode": "catmullrom"
						},
						"0.875": {
							"post": [0.22035, -1.31678, 0.27953],
							"lerp_mode": "catmullrom"
						},
						"0.9167": {
							"post": [0.13792, -1.28748, 0.29247],
							"lerp_mode": "catmullrom"
						},
						"0.9583": {
							"post": [-0.02174, -1.05608, 0.40234],
							"lerp_mode": "catmullrom"
						},
						"1.0": {
							"post": [-0.10891, -0.91436, 0.46522],
							"lerp_mode": "catmullrom"
						},
						"1.5417": {
							"post": [0.42638, -1.11037, 0.37708],
							"lerp_mode": "catmullrom"
						},
						"2.0": {
							"post": [0.30756, -1.36894, 0.25661],
							"lerp_mode": "catmullrom"
						}
					}
				},
				"right_front_toes": {
					"rotation": {
						"0.0": {
							"post": [-6, 0, 0],
							"lerp_mode": "catmullrom"
						},
						"0.3333": {
							"post": [-0.71, 0, 0],
							"lerp_mode": "catmullrom"
						},
						"1.0417": {
							"post": [-0.3, 0, 0],
							"lerp_mode": "catmullrom"
						},
						"1.4583": {
							"post": [-2, 0, 0],
							"lerp_mode": "catmullrom"
						},
						"2.0": {
							"post": [-6, 0, 0],
							"lerp_mode": "catmullrom"
						}
					}
				},
				"left_back_toes": {
					"rotation": [0, 0, 0]
				},
				"head": {
					"rotation": {
						"0.0": [0, 0, 0],
						"0.7083": [-10, 0, 0],
						"1.25": [4.19, 0, 0],
						"2.0": [0, 0, 0]
					}
				}
			}
		},
		"animation.triceraearth.sleep": {
			"loop": true,
			"bones": {
				"triceraearth": {
					"position": [0, 0, -1.25]
				},
				"body": {
					"position": [0, -6, 0]
				},
				"torso": {
					"position": [0, "0.1+math.sin(q.anim_time*90*1)*0.1+math.sin(q.anim_time*90*1*3)*0.01", "-math.sin(q.anim_time*90*1)*-0.075"],
					"scale": "0.99 +math.sin(q.anim_time*90*1)*0.005"
				},
				"tail": {
					"rotation": [-10, 0, 0],
					"position": [0, -0.25, 0],
					"scale": "1.01-math.sin(q.anim_time*90*1)*0.005"
				},
				"tail2": {
					"rotation": [-10, 0, 0]
				},
				"left_front_upper_leg": {
					"rotation": [-11.12501, 5.73576, -23.05907],
					"position": [0.75, 4, -1.25]
				},
				"left_front_lower_leg": {
					"rotation": [0, -5, 22.5],
					"position": [0.4508, -0.86599, 0.21644]
				},
				"right_front_upper_leg": {
					"rotation": [-11.12501, -5.73576, 23.05907],
					"position": [-0.75, 4, -1.25]
				},
				"right_front_lower_leg": {
					"rotation": [0, 5, -22.5],
					"position": [-0.4508, -0.86599, 0.21644]
				},
				"left_back_upper_leg": {
					"rotation": [15.62489, -7.98133, -23.59681],
					"position": [0.75, 4, 1]
				},
				"left_back_lower_leg": {
					"rotation": [0, 0, 22.5]
				},
				"right_back_upper_leg": {
					"rotation": [15.62489, 7.98133, 23.59681],
					"position": [-0.75, 4, 1]
				},
				"right_back_lower_leg": {
					"rotation": [0, 0, -22.5]
				},
				"head": {
					"rotation": [7.5, 0, 0],
					"position": [0, "0.1+math.sin(q.anim_time*90*1)*0.1+math.sin(q.anim_time*90*1*3)*0.01", "-math.sin(q.anim_time*90*1)*-0.075"]
				},
				"eyelid_right": {
					"position": [-0.1, 0, 0]
				},
				"eyelid_left": {
					"position": [0.1, 0, 0]
				}
			}
		}
	}
}