{
	"format_version": "1.12.0",
	"minecraft:geometry": [
		{
			"description": {
				"identifier": "geometry.skeetobelle",
				"texture_width": 256,
				"texture_height": 256,
				"visible_bounds_width": 10,
				"visible_bounds_height": 4.5,
				"visible_bounds_offset": [0, 1.75, 0]
			},
			"bones": [
				{
					"name": "skeetobelle",
					"pivot": [0, 0, 0]
				},
				{
					"name": "body",
					"parent": "skeetobelle",
					"pivot": [0.5, 35.62756, 0],
					"cubes": [
						{"origin": [-3.5, 30.5, -3], "size": [8, 8, 6], "uv": [103, 63]},
						{"origin": [-4.5, 34, -2], "size": [2, 4, 4], "pivot": [-4, 36, 0], "rotation": [0, 0, -22.5], "uv": [58, 42]},
						{"origin": [3.5, 34, -2], "size": [2, 4, 4], "pivot": [5, 36, 0], "rotation": [0, 0, 22.5], "uv": [62, 21]}
					]
				},
				{
					"name": "head",
					"parent": "body",
					"pivot": [0.5, 38.65, 0.34],
					"cubes": [
						{"origin": [-3.5, 38.5, -4], "size": [8, 8, 8], "uv": [34, 42]},
						{"origin": [-3.5, 46.5, -4], "size": [8, 1, 8], "uv": [106, 42]},
						{"origin": [-4, 45.75, -2.95], "size": [9, 3, 7], "uv": [104, 21]},
						{"origin": [-1, 48.75, -0.425], "size": [3, 1, 2], "uv": [10, 17]},
						{"origin": [-4, 48.75, 0.575], "size": [9, 7, 0], "uv": [0, 249]},
						{"origin": [-3, 38.625, -4.1], "size": [7, 2, 0], "uv": [48, 243]},
						{"origin": [-1.95, 38.95, -4.1], "size": [1, 1, 0], "pivot": [-1.45, 39.45, -4.1], "rotation": [165.22832, -20.25801, -38.80162], "uv": [48, 253]},
						{"origin": [1.975, 38.95, -4.1], "size": [1, 1, 0], "pivot": [2.475, 39.45, -4.1], "rotation": [165.22832, 20.25801, 38.80162], "uv": [48, 253], "mirror": true}
					]
				},
				{
					"name": "eyes",
					"parent": "head",
					"pivot": [-4.5, 45.45, -4],
					"cubes": [
						{"origin": [-6.9456, 41.60328, -4.025], "size": [7, 3, 0], "pivot": [-3.4456, 43.10328, -4.025], "rotation": [0, 0, 9], "uv": [21, 250]},
						{"origin": [0.8706, 41.60328, -4.025], "size": [7, 3, 0], "pivot": [4.3706, 43.10328, -4.025], "rotation": [0, 0, -9], "uv": [24, 253]}
					]
				},
				{
					"name": "lefthair",
					"parent": "head",
					"pivot": [5.5, 46, -4],
					"cubes": [
						{"origin": [4.5, 33.5, -4], "size": [2, 13, 0], "uv": [0, 84]}
					]
				},
				{
					"name": "righthair",
					"parent": "head",
					"pivot": [-4.5, 46, -4],
					"cubes": [
						{"origin": [-5.5, 33.5, -4], "size": [2, 13, 0], "uv": [66, 63]}
					]
				},
				{
					"name": "leftwing",
					"parent": "body",
					"pivot": [4, 35, 2.4],
					"cubes": [
						{"origin": [4.5, 28.5, 3], "size": [19, 19, 0], "pivot": [4.5, 43, 3], "rotation": [0, -27.5, 0], "uv": [84, 237]}
					]
				},
				{
					"name": "rightwing",
					"parent": "body",
					"pivot": [-3, 35, 2.4],
					"cubes": [
						{"origin": [-20.3, 28.5, 11.8], "size": [19, 19, 0], "pivot": [-20.3, 38, 11.8], "rotation": [0, 27.5, 0], "uv": [84, 218]}
					]
				},
				{
					"name": "leftarm",
					"parent": "body",
					"pivot": [5, 36, 0],
					"cubes": [
						{"origin": [4.5, 35, -1], "size": [9, 2, 2], "uv": [0, 52]}
					]
				},
				{
					"name": "leftforearm",
					"parent": "leftarm",
					"pivot": [13.42322, 35.97322, 0],
					"cubes": [
						{"origin": [13.5, 35, -1], "size": [9, 2, 2], "uv": [0, 48]},
						{"origin": [22.2, 35.3, -1], "size": [2, 1, 2], "pivot": [23.2, 36.3, 0], "rotation": [0, 0, 45], "uv": [42, 16]}
					]
				},
				{
					"name": "rightarm",
					"parent": "body",
					"pivot": [-4, 36, 0],
					"cubes": [
						{"origin": [-12.5, 35, -1], "size": [9, 2, 2], "uv": [0, 40]}
					]
				},
				{
					"name": "rightforearm",
					"parent": "rightarm",
					"pivot": [-12.5, 36, 0],
					"cubes": [
						{"origin": [-21.5, 35, -1], "size": [9, 2, 2], "uv": [0, 44]}
					]
				},
				{
					"name": "parasol",
					"parent": "rightforearm",
					"pivot": [-21.33333, 36, 0],
					"cubes": [
						{"origin": [-69.5, 35.5, -0.5], "size": [48, 1, 1], "uv": [34, 40]},
						{"origin": [-61.5, 26, -10], "size": [11, 20, 20], "uv": [0, 0]},
						{"origin": [-55.5, 25, -11], "size": [6, 22, 22], "uv": [0, 40]},
						{"origin": [-49.5, 25, -11], "size": [2, 22, 22], "uv": [0, 182]}
					]
				},
				{
					"name": "abdomen",
					"parent": "body",
					"pivot": [0.5, 32.4375, 0],
					"cubes": [
						{"origin": [-6, 30, -5], "size": [13, 2, 12], "uv": [40, 100]},
						{"origin": [-6.5, 22, -5.5], "size": [14, 4, 13], "uv": [43, 83]},
						{"origin": [-6, 14, -5.5], "size": [13, 4, 13], "uv": [0, 87]}
					]
				},
				{
					"name": "tip",
					"parent": "abdomen",
					"pivot": [0.5, 7.5, 1],
					"cubes": [
						{"origin": [-1, 4, -2], "size": [3, 3, 6], "pivot": [0.5, 5.5, 0], "rotation": [0, 0, 45], "uv": [0, 0]},
						{"origin": [-5, 8.5, -5.5], "size": [11, 3, 13], "uv": [77, 102]},
						{"origin": [-3, 5.5, -4], "size": [7, 3, 10], "uv": [42, 0]}
					]
				},
				{
					"name": "shawl",
					"parent": "abdomen",
					"pivot": [0, 28.5, 0.5],
					"cubes": [
						{"origin": [-8, 26.5, -7], "size": [17, 5, 16], "uv": [56, 42]}
					]
				},
				{
					"name": "cape",
					"parent": "abdomen",
					"pivot": [0.5, 26.6, 9],
					"cubes": [
						{"origin": [-12, 7.5, 9], "size": [25, 19, 0], "pivot": [0.5, 26.6, 9], "rotation": [4, 0, 0], "uv": [87, 121]}
					]
				},
				{
					"name": "strandleftback",
					"parent": "cape",
					"pivot": [12.5, 8, 9],
					"cubes": [
						{"origin": [12, 0.55, 10.35], "size": [1, 7, 0], "uv": [34, 42]}
					]
				},
				{
					"name": "strandrightback",
					"parent": "cape",
					"pivot": [-11.5, 8, 9],
					"cubes": [
						{"origin": [-12, 0.6, 10.35], "size": [1, 7, 0], "uv": [36, 42]}
					]
				},
				{
					"name": "blood1",
					"parent": "abdomen",
					"pivot": [0, 27.5, 0.5],
					"cubes": [
						{"origin": [-7.5, 25.5, -6.5], "size": [16, 5, 15], "uv": [56, 63]}
					]
				},
				{
					"name": "blood2",
					"parent": "abdomen",
					"pivot": [0.5, 19.5, 1],
					"cubes": [
						{"origin": [-8, 16.5, -6.5], "size": [17, 6, 15], "uv": [62, 0]}
					]
				},
				{
					"name": "blood3",
					"parent": "abdomen",
					"pivot": [0.5, 12, 1],
					"cubes": [
						{"origin": [-6.5, 10, -6], "size": [14, 4, 14], "uv": [62, 21]}
					]
				},
				{
					"name": "strandrightfront",
					"parent": "abdomen",
					"pivot": [-5.15605, 28, -7.1125],
					"cubes": [
						{"origin": [-10, 21.4, -7.1], "size": [5, 8, 0], "pivot": [-7.5, 25.4, -7.1], "rotation": [0, 0, 45], "uv": [56, 63]},
						{"origin": [-12.58579, 11.31421, -7.125], "size": [1, 13, 0], "pivot": [-12.08579, 20.31421, -7.125], "rotation": [0, 0, 7.5], "uv": [18, 0]}
					]
				},
				{
					"name": "strandleftfront",
					"parent": "abdomen",
					"pivot": [6.04192, 28, -7.1125],
					"cubes": [
						{"origin": [5.80518, 21.66792, -7.1], "size": [5, 8, 0], "pivot": [8.30518, 25.66792, -7.1], "rotation": [0, 0, -45], "uv": [42, 0]},
						{"origin": [12.4194, 11.58213, -7.125], "size": [1, 13, 0], "pivot": [12.9194, 20.58213, -7.125], "rotation": [0, 0, -7.5], "uv": [70, 42]}
					]
				}
			]
		}
	]
}