{
    "portraitScale": 2.3,
    "portraitTranslation": [-0.1, 0.58, 0],
    "profileScale": 0.75,
    "profileTranslation": [0, 0.68, 0],
    "animations": {
      "faint": "q.bedrock_primary('piplup', 'faint', q.curve('one'))",
      "cry": "q.bedrock_stateful('piplup', 'cry')"
    },
    "poses": {
      "battle-standing": {
        "poseTypes": ["STAND"],
        "isBattle": true,
        "animations": [
          "q.look('head')",
          "q.bedrock('piplup', 'battle_idle')"
        ],
        "quirks": ["q.bedrock_quirk('piplup', 'blink')"]
      },
      "standing": {
        "poseTypes": ["STAND", "NONE", "PORTRAIT", "PROFILE"],
        "isBattle": false,
        "animations": [
          "q.look('head')",
          "q.bedrock('piplup', 'ground_idle')"
        ],
        "quirks": [
          "q.bedrock_quirk('piplup', 'blink')"
        ]
      },
      "walking": {
        "poseTypes": ["WALK"],
        "animations": [
          "q.look('head')",
          "q.bedrock('piplup', 'ground_walk')"
        ],
        "quirks": ["q.bedrock_quirk('piplup', 'blink')"]
      },
      "float": {
        "poseTypes": ["FLOAT"],
        "animations": [
          "q.look('head')",
          "q.bedrock('piplup', 'water_idle')"
        ],
        "quirks": ["q.bedrock_quirk('piplup', 'blink')"]
      },
      "swim": {
        "poseTypes": ["SWIM"],
        "animations": [
          "q.look('head')",
          "q.bedrock('piplup', 'water_swim')"
        ],
        "quirks": ["q.bedrock_quirk('piplup', 'blink')"]
      },
      "sleep": {
        "poseTypes": ["SLEEP"],
        "animations": ["q.bedrock('piplup', 'sleep')"]
      },
      "shoulder_left": {
        "poseTypes": ["SHOULDER_LEFT"],
        "animations": [
          "q.look('head')",
          "q.bedrock('piplup', 'shoulder_left')"
        ],
        "quirks": ["q.bedrock_quirk('piplup', 'blink')"]
      },
      "shoulder_right": {
        "poseTypes": ["SHOULDER_RIGHT"],
        "animations": [
          "q.look('head')",
          "q.bedrock('piplup', 'shoulder_right')"
        ],
        "quirks": ["q.bedrock_quirk('piplup', 'blink')"]
      }
    }
}