{
	"format_version": "1.8.0",
	"animations": {
		"animation.ovenso.ground_idle": {
			"loop": true,
			"animation_length": 4.8,
			"bones": {
				"head": {
					"rotation": {
						"0.0": [0, 0, 0],
						"1.2": [2.5, 0, 0],
						"2.4": [0, 0, 0],
						"3.6": [-2.5, 0, 0],
						"4.8": [0, 0, 0]
					}
				},
				"tail": {
					"rotation": {
						"0.0": [0, 0, 0],
						"1.2": [-5, 0, 0],
						"2.4": [0, 0, 0],
						"3.6": [5, 0, 0],
						"4.8": [0, 0, 0]
					}
				}
			}
		},
		"animation.ovenso.ground_walk": {
			"loop": true,
			"animation_length": 0.96,
			"bones": {
				"head": {
					"rotation": {
						"0.0": [0, 7.5, 0],
						"0.48": [0, -7.5, 0],
						"0.96": [0, 7.5, 0]
					}
				},
				"leg": {
					"rotation": {
						"0.0": [-22.5, 0, 0],
						"0.48": [22.5, 0, 0],
						"0.96": [-22.5, 0, 0]
					}
				},
				"leg2": {
					"rotation": {
						"0.0": [22.5, 0, 0],
						"0.48": [-22.5, 0, 0],
						"0.96": [22.5, 0, 0]
					}
				},
				"arm": {
					"rotation": {
						"0.0": [22.5, 0, 0],
						"0.48": [-22.5, 0, 0],
						"0.96": [22.5, 0, 0]
					}
				},
				"arm2": {
					"rotation": {
						"0.0": [-22.5, 0, 0],
						"0.48": [22.5, 0, 0],
						"0.96": [-22.5, 0, 0]
					}
				},
				"tail": {
					"rotation": {
						"0.0": [0, -22.5, 0],
						"0.48": [0, 22.5, 0],
						"0.96": [0, -22.5, 0]
					}
				}
			}
		}
	}
}