{
    "enabled": "true",
    "neededInstalledMods": [],
    "neededUninstalledMods": [],
    "spawns": [
        {
            "id": "irontorpedo-1",
            "pokemon": "irontorpedo",
            "presets": [
                "underwater"
            ],
            "type": "pokemon",
            "context": "submerged",
            "bucket": "uncommon",
            "level": "40-50",
            "weight": 0.5,
            "condition": {
                "biomes": [
                    "#cobblemon:is_deep"
                ]
            }
        },
        {
            "id": "irontorpedo-2",
            "pokemon": "irontorpedo",
            "presets": [
                "ocean_ruins"
            ],
            "type": "pokemon",
            "context": "submerged",
            "bucket": "uncommon",
            "level": "40-50",
            "weight": 0.5,
            "condition": {
                "biomes": [
                    "#minecraft:is_ocean"
                ]
            }
        }
    ]
}