{
    "enabled": true,
    "neededInstalledMods": [],
    "neededUninstalledMods": [],
    "spawns": [
        {
            "id": "jellynit-1",
            "pokemon": "jellynit",
            "presets": [
                "natural"
            ],
            "type": "pokemon",
            "context": "grounded",
            "bucket": "ultra-rare",
            "level": "5-16",
            "weight": 9.0,
            "condition": {
                "canSeeSky": false,
                "biomes": [
                    "terralith:desert_oasis"
                ]
            }
        },
        {
            "id": "jellynit-2",
            "pokemon": "jellynit",
            "presets": [
                "underwater"
            ],
            "type": "pokemon",
            "context": "submerged",
            "bucket": "ultra-rare",
            "level": "6-13",
            "weight": 9.0,
            "condition": {
                "canSeeSky": false,
                "biomes": [
                    "#cobblemon:is_swamp"
                ]
            }
        }
    ]
}