{
	"format_version": "1.12.0",
	"minecraft:geometry": [
		{
			"description": {
				"identifier": "geometry.dulcillion",
				"texture_width": 128,
				"texture_height": 128,
				"visible_bounds_width": 4,
				"visible_bounds_height": 3.5,
				"visible_bounds_offset": [0, 1.25, 0]
			},
			"bones": [
				{
					"name": "dulcillion",
					"pivot": [0, 0, 0]
				},
				{
					"name": "bone",
					"parent": "dulcillion",
					"pivot": [0, 2, 0]
				},
				{
					"name": "head",
					"parent": "bone",
					"pivot": [0, 10, 0],
					"cubes": [
						{"origin": [-3.5, 10, -3.5], "size": [7, 7, 7], "uv": [34, 5]}
					]
				},
				{
					"name": "antenna",
					"parent": "head",
					"pivot": [-2, 17, -1],
					"cubes": [
						{"origin": [-4, 16, -1], "size": [3, 9, 0], "uv": [69, 26]}
					]
				},
				{
					"name": "antenna2",
					"parent": "head",
					"pivot": [2, 17, -1],
					"cubes": [
						{"origin": [1, 16, -1], "size": [3, 9, 0], "uv": [69, 26], "mirror": true}
					]
				},
				{
					"name": "body",
					"parent": "bone",
					"pivot": [0, 10, 0],
					"cubes": [
						{"origin": [-3, 2, -3], "size": [6, 8, 6], "uv": [3, 4]},
						{"origin": [2, 6, -4], "size": [2, 2, 2], "uv": [27, 28]},
						{"origin": [-4, 6, -4], "size": [2, 2, 2], "uv": [27, 28], "mirror": true}
					]
				},
				{
					"name": "leg",
					"parent": "body",
					"pivot": [-2, 1, 0],
					"cubes": [
						{"origin": [-3, 0, -4], "size": [2, 2, 4], "uv": [74, 14]}
					]
				},
				{
					"name": "leg2",
					"parent": "body",
					"pivot": [2, 1, 0],
					"cubes": [
						{"origin": [1, 0, -4], "size": [2, 2, 4], "uv": [74, 14], "mirror": true}
					]
				},
				{
					"name": "wing",
					"parent": "bone",
					"pivot": [0, 10, 3],
					"cubes": [
						{"origin": [0, 3, 3.1], "size": [18, 16, 0], "uv": [19, 38]}
					]
				},
				{
					"name": "wing2",
					"parent": "bone",
					"pivot": [0, 10, 3],
					"cubes": [
						{"origin": [-18, 3, 3.1], "size": [18, 16, 0], "uv": [19, 38], "mirror": true}
					]
				}
			]
		}
	]
}