{
	"format_version": "1.12.0",
	"minecraft:geometry": [
		{
			"description": {
				"identifier": "geometry.equelpi",
				"texture_width": 64,
				"texture_height": 64,
				"visible_bounds_width": 3,
				"visible_bounds_height": 3.5,
				"visible_bounds_offset": [0, 1.25, 0]
			},
			"bones": [
				{
					"name": "equelpi",
					"pivot": [0, 0, 0]
				},
				{
					"name": "body",
					"parent": "equelpi",
					"pivot": [-0.1, 16, -2]
				},
				{
					"name": "torso",
					"parent": "body",
					"pivot": [-0.1, 12.77402, 0.0765],
					"cubes": [
						{"origin": [-1.5, 16.27402, -1.5235], "size": [3, 2, 4], "uv": [14, 30]},
						{"origin": [-2.5, 11.77402, -1.5235], "size": [5, 5, 4], "uv": [22, 21]},
						{"origin": [-1, 14.77402, -1.5735], "size": [2, 2, 0], "uv": [14, 28]}
					]
				},
				{
					"name": "arm_right",
					"parent": "torso",
					"pivot": [2.5, 15.77402, 0.4765],
					"rotation": [0, 90, 0]
				},
				{
					"name": "upper_arm_right",
					"parent": "arm_right",
					"pivot": [2.5, 15.77402, 0.4765],
					"cubes": [
						{"origin": [1.5, 14.77402, 0.4765], "size": [3, 2, 2], "uv": [40, 20]}
					]
				},
				{
					"name": "lower_arm_right",
					"parent": "upper_arm_right",
					"pivot": [3.5, 15.77402, 1.4765],
					"cubes": [
						{"origin": [3.5, 14.77402, 0.4765], "size": [3, 2, 2], "inflate": 0.01, "uv": [40, 24]}
					]
				},
				{
					"name": "hoof_right",
					"parent": "lower_arm_right",
					"pivot": [6.5, 15.77402, 1.4765],
					"cubes": [
						{"origin": [5.5, 14.77402, 0.4765], "size": [4, 2, 2], "uv": [36, 16]},
						{"origin": [7.6, 14.27402, -0.0235], "size": [1, 3, 3], "uv": [0, 41]}
					]
				},
				{
					"name": "arm_left",
					"parent": "torso",
					"pivot": [-2.5, 15.77402, 0.4765],
					"rotation": [0, 90, 0]
				},
				{
					"name": "upper_arm_left",
					"parent": "arm_left",
					"pivot": [-2.5, 15.77402, 0.4765],
					"cubes": [
						{"origin": [-3.5, 14.77402, -1.5235], "size": [3, 2, 2], "uv": [28, 41]}
					]
				},
				{
					"name": "lower_arm_left",
					"parent": "upper_arm_left",
					"pivot": [-1.5, 15.77402, -0.5235],
					"cubes": [
						{"origin": [-1.5, 14.77402, -1.5235], "size": [3, 2, 2], "inflate": 0.01, "uv": [38, 41]}
					]
				},
				{
					"name": "hoof_left",
					"parent": "lower_arm_left",
					"pivot": [1.5, 15.77402, -0.5235],
					"cubes": [
						{"origin": [0.5, 14.77402, -1.5235], "size": [4, 2, 2], "uv": [20, 36]},
						{"origin": [2.6, 14.27402, -2.0235], "size": [1, 3, 3], "uv": [42, 0]}
					]
				},
				{
					"name": "head",
					"parent": "torso",
					"pivot": [0, 17.77402, 0.0765],
					"cubes": [
						{"origin": [-3, 17.77402, -2.9235], "size": [6, 6, 6], "uv": [0, 0]},
						{"origin": [-1.5, 17.87402, -4.9235], "size": [3, 3, 2], "pivot": [0.5, 17.87402, -3.9235], "rotation": [-5, 0, 0], "uv": [32, 36]},
						{"origin": [-2.5, 22.77402, -3.4235], "size": [5, 2, 7], "uv": [0, 12]},
						{"origin": [3.05, 19.07402, -0.2235], "size": [0, 1, 1], "uv": [40, 28]},
						{"origin": [-3.05, 19.07402, -0.2235], "size": [0, 1, 1], "uv": [42, 14]}
					]
				},
				{
					"name": "mouth_open",
					"parent": "head",
					"pivot": [-0.5, 18.37402, -4.8235],
					"cubes": [
						{"origin": [-0.5, 17.97402, -4.8235], "size": [1, 1, 0], "pivot": [-0.5, 17.97402, -4.8235], "rotation": [-5, 0, 0], "uv": [18, 29]}
					]
				},
				{
					"name": "mouth",
					"parent": "head",
					"pivot": [-1, 18.37402, -4.9235],
					"cubes": [
						{"origin": [-1, 17.97402, -4.9235], "size": [2, 1, 0], "pivot": [-1, 17.97402, -4.9235], "rotation": [-5, 0, 0], "uv": [18, 28]}
					]
				},
				{
					"name": "mane",
					"parent": "head",
					"pivot": [0.5, 23.02402, -3.3735],
					"cubes": [
						{"origin": [-1.5, 23.02402, -4.3735], "size": [3, 3, 3], "pivot": [0.5, 23.02402, -3.3735], "rotation": [-22.5, 0, 0], "uv": [0, 35]},
						{"origin": [-1, 22.47402, -4.4235], "size": [2, 2, 1], "pivot": [0, 22.47402, -3.4235], "rotation": [-7, 0, 0], "uv": [14, 45]},
						{"origin": [-2, 24.77402, -1.9235], "size": [4, 2, 5], "uv": [24, 9]},
						{"origin": [-1.5, 20.97402, 1.7765], "size": [3, 3, 4], "pivot": [-0.5, 21.97402, 3.7765], "rotation": [24.5, 0, 0], "uv": [0, 28]},
						{"origin": [-1, 18.77402, 3.0765], "size": [2, 4, 2], "uv": [20, 40]},
						{"origin": [-1.5, 23.32402, 1.5765], "size": [3, 2, 3], "pivot": [0.5, 24.37402, 2.5765], "rotation": [-19, 0, 0], "uv": [24, 16]},
						{"origin": [-0.5, 18.07402, 2.8765], "size": [1, 2, 3], "pivot": [-0.5, 18.07402, 4.8765], "rotation": [-25, 0, 0], "uv": [42, 6]},
						{"origin": [0.6, 21.42402, -3.8735], "size": [1, 2, 0], "pivot": [0.6, 21.42402, -2.8735], "rotation": [0, 0, -27.5], "uv": [44, 14]}
					]
				},
				{
					"name": "ears",
					"parent": "head",
					"pivot": [1, 22.77402, 0.3265]
				},
				{
					"name": "ear_left",
					"parent": "ears",
					"pivot": [-1.45, 22.02402, 0.8265],
					"cubes": [
						{"origin": [-2.45, 22.27402, -0.1735], "size": [3, 5, 0], "pivot": [-1.45, 22.02402, 0.8265], "rotation": [-17, 27, -43], "uv": [42, 35]}
					]
				},
				{
					"name": "ear_right",
					"parent": "ears",
					"pivot": [0.9, 22.77402, 0.3265],
					"cubes": [
						{"origin": [-0.1, 22.77402, -0.6735], "size": [3, 5, 0], "pivot": [0.9, 22.77402, 0.3265], "rotation": [-17, -27, 43], "uv": [8, 45]}
					]
				},
				{
					"name": "eye_right",
					"parent": "head",
					"pivot": [4, 19.77402, -1.4235],
					"cubes": [
						{"origin": [3.01, 19.77402, -2.4235], "size": [0, 3, 2], "inflate": 0.01, "uv": [28, 45]},
						{"origin": [3.02, 20.67402, -2.3235], "size": [0, 2, 1], "inflate": 0.01, "uv": [44, 45]}
					]
				},
				{
					"name": "eye_left",
					"parent": "head",
					"pivot": [-2, 19.77402, -1.4235],
					"cubes": [
						{"origin": [-3, 19.77402, -2.4235], "size": [0, 3, 2], "inflate": 0.01, "uv": [32, 45]},
						{"origin": [-3.01, 20.67402, -2.3235], "size": [0, 2, 1], "inflate": 0.01, "uv": [20, 46]}
					]
				},
				{
					"name": "eye_lid_left",
					"parent": "head",
					"pivot": [-1.9, 19.77402, -1.4235],
					"cubes": [
						{"origin": [-2.9, 19.77402, -2.4235], "size": [0, 1, 2], "inflate": 0.01, "uv": [8, 41]}
					]
				},
				{
					"name": "eye_lid_right",
					"parent": "head",
					"pivot": [3.9, 19.77402, -1.4235],
					"cubes": [
						{"origin": [2.91, 19.77402, -2.4235], "size": [0, 1, 2], "inflate": 0.01, "uv": [36, 45]}
					]
				},
				{
					"name": "tail",
					"parent": "body",
					"pivot": [0, 11.77402, 0.5265]
				},
				{
					"name": "belt",
					"parent": "tail",
					"pivot": [0, 10.47402, -0.0235],
					"cubes": [
						{"origin": [-3, 10.47402, -2.0235], "size": [6, 2, 5], "uv": [0, 21]}
					]
				},
				{
					"name": "tail1",
					"parent": "tail",
					"pivot": [0, 10.67402, 0.7515],
					"cubes": [
						{"origin": [-2.5, 6.77402, -1.5735], "size": [5, 5, 4], "uv": [24, 0]},
						{"origin": [0, 5.47402, 1.0765], "size": [0, 5, 4], "uv": [12, 36]}
					]
				},
				{
					"name": "tail2",
					"parent": "tail1",
					"pivot": [0, 6.77402, -0.1235],
					"cubes": [
						{"origin": [-2, 3.77402, -1.1235], "size": [4, 3, 3], "uv": [28, 30]}
					]
				},
				{
					"name": "tail3",
					"parent": "tail2",
					"pivot": [0, 3.77402, 0.3765],
					"cubes": [
						{"origin": [-1, 1.77402, -0.6235], "size": [2, 2, 2], "uv": [42, 31]}
					]
				},
				{
					"name": "tail4",
					"parent": "tail3",
					"pivot": [0.1, 1.77402, 0.2765],
					"cubes": [
						{"origin": [-0.5, -0.22598, -0.1235], "size": [1, 2, 1], "uv": [40, 45]}
					]
				},
				{
					"name": "fin1",
					"parent": "tail4",
					"pivot": [-0.5, 0.67402, 0.3765],
					"cubes": [
						{"origin": [-5.5, -0.22598, 0.3765], "size": [5, 3, 0], "uv": [42, 11]}
					]
				},
				{
					"name": "fin2",
					"parent": "tail4",
					"pivot": [0.5, 0.77402, 0.3765],
					"cubes": [
						{"origin": [0.5, -0.22598, 0.3765], "size": [5, 3, 0], "uv": [42, 28]}
					]
				}
			]
		}
	]
}