{
	"format_version": "1.12.0",
	"minecraft:geometry": [
		{
			"description": {
				"identifier": "geometry.squinton",
				"texture_width": 128,
				"texture_height": 128,
				"visible_bounds_width": 5,
				"visible_bounds_height": 5,
				"visible_bounds_offset": [0, 1.5, 0]
			},
			"bones": [
				{
					"name": "squinton",
					"pivot": [0, 0, 0]
				},
				{
					"name": "head",
					"parent": "squinton",
					"pivot": [0, 17, 0],
					"cubes": [
						{"origin": [-5.5, 17, -5.5], "size": [11, 11, 11], "uv": [0, 0]},
						{"origin": [-1.5, 17, -11.5], "size": [3, 3, 6], "uv": [10, 76]},
						{"origin": [-10.5, 19, 0], "size": [21, 25, 0], "uv": [10, 30]}
					]
				},
				{
					"name": "bone7",
					"parent": "squinton",
					"pivot": [0, 0, 0]
				},
				{
					"name": "bone2",
					"parent": "bone7",
					"pivot": [0, 17, 0],
					"cubes": [
						{"origin": [-3.5, 16, -3.5], "size": [7, 1, 7], "uv": [56, 5]},
						{"origin": [-5, 9, -5], "size": [10, 7, 10], "uv": [67, 20]}
					]
				},
				{
					"name": "tentacle",
					"parent": "bone7",
					"pivot": [-4.5, 9, -0.5],
					"cubes": [
						{"origin": [-6, 0, -2], "size": [3, 10, 3], "uv": [73, 52]}
					]
				},
				{
					"name": "bone",
					"parent": "tentacle",
					"pivot": [-4.5, 0, -0.5],
					"cubes": [
						{"origin": [-6, -10, -2], "size": [3, 10, 3], "uv": [45, 62]}
					]
				},
				{
					"name": "tentacle2",
					"parent": "bone7",
					"pivot": [4.5, 9, -0.5],
					"cubes": [
						{"origin": [3, 0, -2], "size": [3, 10, 3], "uv": [73, 52]}
					]
				},
				{
					"name": "bone3",
					"parent": "tentacle2",
					"pivot": [4.5, 0, -0.5],
					"cubes": [
						{"origin": [3, -10, -2], "size": [3, 10, 3], "uv": [45, 62]}
					]
				},
				{
					"name": "tentacle3",
					"parent": "bone7",
					"pivot": [0.5, 9, -0.5],
					"cubes": [
						{"origin": [-1.5, 0, -2], "size": [3, 10, 3], "uv": [73, 52]}
					]
				},
				{
					"name": "bone4",
					"parent": "tentacle3",
					"pivot": [0.5, 0, -0.5],
					"cubes": [
						{"origin": [-1.5, -10, -2], "size": [3, 10, 3], "uv": [45, 62]}
					]
				},
				{
					"name": "tentacle4",
					"parent": "bone7",
					"pivot": [4.5, 13, -0.5],
					"rotation": [0, 0, -90],
					"cubes": [
						{"origin": [3, 3, -2], "size": [3, 10, 3], "uv": [82, 70]}
					]
				},
				{
					"name": "bone5",
					"parent": "tentacle4",
					"pivot": [4.5, 3, -0.5],
					"cubes": [
						{"origin": [3, -7, -2], "size": [3, 10, 3], "uv": [102, 51]}
					]
				},
				{
					"name": "tentacle5",
					"parent": "bone7",
					"pivot": [-4.5, 13, -0.5],
					"rotation": [0, 0, 90],
					"cubes": [
						{"origin": [-6, 3, -2], "size": [3, 10, 3], "uv": [82, 70], "mirror": true}
					]
				},
				{
					"name": "bone6",
					"parent": "tentacle5",
					"pivot": [-4.5, 3, -0.5],
					"cubes": [
						{"origin": [-6, -7, -2], "size": [3, 10, 3], "uv": [45, 62], "mirror": true}
					]
				}
			]
		}
	]
}