{
  "species": "cobblemon:azumarill",
  "order": 0,
  "variations": [
    {
      "aspects": [],
      "poser": "cobblemon:azumarill",
      "model": "cobblemon:azumarill.geo",
      "texture": "cobblemon:textures/pokemon/0184_azumarill/azumarill.png",
      "layers": [
        {
              "name": "emissive",
              "emissive": true,
              "texture": "cobblemon:textures/pokemon/0184_azumarill/azumarill_emissive.png"
        }
      ]
    },
    {
      "aspects": [
        "shiny"
      ],
      "texture": "cobblemon:textures/pokemon/0184_azumarill/azumarill_shiny.png",
      "layers": [
        {
              "name": "emissive",
              "emissive": true,
              "texture": "cobblemon:textures/pokemon/0184_azumarill/azumarill_shiny_emissive.png"
        }
      ]
    }
  ]
}
  