{
  "species": "cobblemon:bronzombro",
  "order": 0,
  "variations": [
    {
      "aspects": [],
      "poser": "cobblemon:bronzombro",
      "model": "cobblemon:bronzombro.geo",
      "texture": "cobblemon:textures/pokemon/bronzombro/bronzombro.png",
      "layers": []
    },
    {
      "aspects": [
        "shiny"
      ],
      "texture": "cobblemon:textures/pokemon/bronzombro/bronzombro_shiny.png"
    },
    {
      "aspects": [
        "netherite-coating-stage1"
      ],
      "layers": [
        {
          "name": "netherite",
          "texture": "cobblemon:textures/pokemon/bronzombro/bronzombro_netherite_layer1.png"
        }
      ]
    },
    {
      "aspects": [
        "netherite-coating-stage2"
      ],
      "layers": [
        {
          "name": "netherite",
          "texture": "cobblemon:textures/pokemon/bronzombro/bronzombro_netherite_layer2.png"
        }
      ]
    },
    {
      "aspects": [
        "netherite-coating-stage3"
      ],
      "layers": [
        {
          "name": "netherite",
          "texture": "cobblemon:textures/pokemon/bronzombro/bronzombro_netherite_layer3.png"
        }
      ]
    },
    {
      "aspects": [
        "netherite-coating-stage4"
      ],
      "layers": [
        {
          "name": "netherite",
          "texture": "cobblemon:textures/pokemon/bronzombro/bronzombro_netherite_layer4.png"
        }
      ]
    },
    {
      "aspects": [
        "netherite-coating-stage5"
      ],
      "layers": [
        {
          "name": "netherite",
          "texture": "cobblemon:textures/pokemon/bronzombro/bronzombro_netherite_layer5.png"
        }
      ]
    },
    {
      "aspects": [
        "netherite-coating-stage6"
      ],
      "layers": [
        {
          "name": "netherite",
          "texture": "cobblemon:textures/pokemon/bronzombro/bronzombro_netherite_layer6.png"
        }
      ]
    },
    {
      "aspects": [
        "netherite-coating-stage7"
      ],
      "layers": [
        {
          "name": "netherite",
          "texture": "cobblemon:textures/pokemon/bronzombro/bronzombro_netherite_layer7.png"
        }
      ]
    },
    {
      "aspects": [
        "netherite-coating-full"
      ],
      "layers": [
        {
          "name": "netherite",
          "texture": "cobblemon:textures/pokemon/bronzombro/bronzombro_netherite.png"
        }
      ]
    }
  ]
}