{
  "species": "cobblemon:dubfool",
  "order": 0,
  "variations": [
    {
      "aspects": [],
      "poser": "cobblemon:dubfool",
      "model": "cobblemon:dubfool.geo",
      "texture": "cobblemon:textures/pokemon/dubfool/dubfool.png",
      "layers": []
    },
    {
      "aspects": ["shiny"],
      "texture": "cobblemon:textures/pokemon/dubfool/dubfool_shiny.png"
    },
    {
      "aspects": ["color-black"],
      "layers": [
        {
          "name": "color",
          "texture": "cobblemon:textures/pokemon/dubfool/dubfool_wool_black.png",
          "emissive": false
        }
      ]
    },
    {
      "aspects": ["color-blue"],
      "layers": [
        {
          "name": "color",
          "texture": "cobblemon:textures/pokemon/dubfool/dubfool_wool_blue.png",
          "emissive": false
        }
      ]
    },
    {
      "aspects": ["color-brown"],
      "layers": [
        {
          "name": "color",
          "texture": "cobblemon:textures/pokemon/dubfool/dubfool_wool_brown.png",
          "emissive": false
        }
      ]
    },
    {
      "aspects": ["color-cyan"],
      "layers": [
        {
          "name": "color",
          "texture": "cobblemon:textures/pokemon/dubfool/dubfool_wool_cyan.png",
          "emissive": false
        }
      ]
    },
    {
      "aspects": ["color-gray"],
      "layers": [
        {
          "name": "color",
          "texture": "cobblemon:textures/pokemon/dubfool/dubfool_wool_gray.png",
          "emissive": false
        }
      ]
    },
    {
      "aspects": ["color-green"],
      "layers": [
        {
          "name": "color",
          "texture": "cobblemon:textures/pokemon/dubfool/dubfool_wool_green.png",
          "emissive": false
        }
      ]
    },
    {
      "aspects": ["color-light_blue"],
      "layers": [
        {
          "name": "color",
          "texture": "cobblemon:textures/pokemon/dubfool/dubfool_wool_light_blue.png",
          "emissive": false
        }
      ]
    },
    {
      "aspects": ["color-light_gray"],
      "layers": [
        {
          "name": "color",
          "texture": "cobblemon:textures/pokemon/dubfool/dubfool_wool_light_gray.png",
          "emissive": false
        }
      ]
    },
    {
      "aspects": ["color-lime"],
      "layers": [
        {
          "name": "color",
          "texture": "cobblemon:textures/pokemon/dubfool/dubfool_wool_lime.png",
          "emissive": false
        }
      ]
    },
    {
      "aspects": ["color-magenta"],
      "layers": [
        {
          "name": "color",
          "texture": "cobblemon:textures/pokemon/dubfool/dubfool_wool_magenta.png",
          "emissive": false
        }
      ]
    },
    {
      "aspects": ["color-orange"],
      "layers": [
        {
          "name": "color",
          "texture": "cobblemon:textures/pokemon/dubfool/dubfool_wool_orange.png",
          "emissive": false
        }
      ]
    },
    {
      "aspects": ["color-pink"],
      "layers": [
        {
          "name": "color",
          "texture": "cobblemon:textures/pokemon/dubfool/dubfool_wool_pink.png",
          "emissive": false
        }
      ]
    },
    {
      "aspects": ["color-purple"],
      "layers": [
        {
          "name": "color",
          "texture": "cobblemon:textures/pokemon/dubfool/dubfool_wool_purple.png",
          "emissive": false
        }
      ]
    },
    {
      "aspects": ["color-red"],
      "layers": [
        {
          "name": "color",
          "texture": "cobblemon:textures/pokemon/dubfool/dubfool_wool_red.png",
          "emissive": false
        }
      ]
    },
    {
      "aspects": ["color-white"],
      "layers": [
        {
          "name": "color",
          "texture": "cobblemon:textures/pokemon/dubfool/dubfool_wool_white.png",
          "emissive": false
        }
      ]
    },
    {
      "aspects": ["color-yellow"],
      "layers": [
        {
          "name": "color",
          "texture": "cobblemon:textures/pokemon/dubfool/dubfool_wool_yellow.png",
          "emissive": false
        }
      ]
    }
  ]
}
