{
    "species": "cobblemon:equirin",
    "order": 0,
    "variations": [
      {
        "aspects": [],
        "poser": "cobblemon:equirin",
        "model": "cobblemon:equirin.geo",
        "texture": "cobblemon:textures/pokemon/equirin/equirin.png",
        "layers": [
          {
                "name": "emissive",
                "emissive": true,
                "texture": "cobblemon:textures/pokemon/equirin/equirin_emissive.png",
                "translucent": false
          }
        ]
      },
      {
        "aspects": [
          "shiny"
        ],
        "texture": "cobblemon:textures/pokemon/equirin/equirin_shiny.png",
        "layers": [
          {
                "name": "emissive",
                "emissive": true,
                "texture": "cobblemon:textures/pokemon/equirin/equirin_emissive.png",
                "translucent": false
          }
        ]
      }
    ]
  }
  