{
  "species": "cobblemon:infastella",
  "order": 0,
  "variations": [
    {
      "aspects": [],
      "poser": "cobblemon:infastella",
      "model": "cobblemon:infastella.geo",
      "texture": "cobblemon:textures/pokemon/infastella/infastella.png",
      "layers": [
        {
          "name": "glow",
          "texture": "cobblemon:textures/pokemon/infastella/infastella_emissive.png",
          "emissive": true,
          "translucent": true
        }
      ]
    },
    {
      "aspects": [
        "shiny"
      ],
      "texture": "cobblemon:textures/pokemon/infastella/infastella_shiny.png",
      "layers": [
        {
          "name": "glow",
          "texture": "cobblemon:textures/pokemon/infastella/infastella_emissive.png",
          "emissive": true,
          "translucent": true
        }
      ]
    }
  ]
 }