{
  "species": "cobblemon:stellotl",
  "order": 0,
  "variations": [
    {
      "aspects": [],
      "poser": "cobblemon:stellotl",
      "model": "cobblemon:stellotl.geo",
      "texture": {
        "frames": [
          "cobblemon:textures/pokemon/stellotl/stellotl_1.png",
          "cobblemon:textures/pokemon/stellotl/stellotl_2.png",
          "cobblemon:textures/pokemon/stellotl/stellotl_3.png",
          "cobblemon:textures/pokemon/stellotl/stellotl_4.png"
          ],
        "fps": 4,
        "loop": true
      },
      "layers": [
        {
          "name": "animation",
          "texture": {
            "frames": [
              "cobblemon:textures/pokemon/stellotl/animation/startail1.png",
              "cobblemon:textures/pokemon/stellotl/animation/startail2.png",
              "cobblemon:textures/pokemon/stellotl/animation/startail3.png",
              "cobblemon:textures/pokemon/stellotl/animation/startail4.png"
              ],
            "fps": 4,
            "loop": true
          },
          "emissive": true
        },
        {
          "name": "glow",
          "texture": "cobblemon:textures/pokemon/stellotl/stellotl_emissive.png",
          "emissive": true,
          "translucent": false
        }
      ]
    },
    {
      "aspects": [
        "shiny"
      ],
      "texture": {
        "frames": [
          "cobblemon:textures/pokemon/stellotl/stellotl_shiny_1.png",
          "cobblemon:textures/pokemon/stellotl/stellotl_shiny_2.png",
          "cobblemon:textures/pokemon/stellotl/stellotl_shiny_3.png",
          "cobblemon:textures/pokemon/stellotl/stellotl_shiny_4.png"
          ],
        "fps": 4,
        "loop": true
      },
      "layers": [
        {
          "name": "glow",
          "texture": "cobblemon:textures/pokemon/stellotl/stellotl_emissive.png",
          "emissive": true,
          "translucent": false
        }
      ]
    }
  ]
 }