{
	"format_version": "1.12.0",
	"minecraft:geometry": [
		{
			"description": {
				"identifier": "geometry.balelant",
				"texture_width": 64,
				"texture_height": 64,
				"visible_bounds_width": 2,
				"visible_bounds_height": 2.5,
				"visible_bounds_offset": [0, 0.75, 0]
			},
			"bones": [
				{
					"name": "balelant",
					"pivot": [0, 0, 0]
				},
				{
					"name": "bone",
					"parent": "balelant",
					"pivot": [0, 0, 0]
				},
				{
					"name": "bone2",
					"parent": "bone",
					"pivot": [0, 3, 0],
					"cubes": [
						{"origin": [-4, 6, -4], "size": [8, 2, 8], "uv": [26, 2]},
						{"origin": [-6, 3, -6], "size": [12, 3, 12], "uv": [0, 16]}
					]
				},
				{
					"name": "head",
					"parent": "bone2",
					"pivot": [0, 8, 0],
					"cubes": [
						{"origin": [-3, 8, -3], "size": [6, 7, 6], "uv": [0, 0]}
					]
				},
				{
					"name": "leg",
					"parent": "bone",
					"pivot": [-2, 3, 0],
					"cubes": [
						{"origin": [-3, 0, -1], "size": [2, 4, 2], "uv": [45, 16]}
					]
				},
				{
					"name": "leg2",
					"parent": "bone",
					"pivot": [2, 3, 0],
					"cubes": [
						{"origin": [1, 0, -1], "size": [2, 4, 2], "uv": [45, 16], "mirror": true}
					]
				}
			]
		}
	]
}