{
	"format_version": "1.12.0",
	"minecraft:geometry": [
		{
			"description": {
				"identifier": "geometry.unknown",
				"texture_width": 128,
				"texture_height": 128,
				"visible_bounds_width": 14,
				"visible_bounds_height": 10.5,
				"visible_bounds_offset": [0, 4.75, 0]
			},
			"bones": [
				{
					"name": "magnipulo",
					"pivot": [0, 0, 0]
				},
				{
					"name": "body",
					"parent": "magnipulo",
					"pivot": [0, 86.25, 0],
					"cubes": [
						{"origin": [-1.5, 130.45, -2], "size": [3, 3, 4], "pivot": [0, 131.95, 0], "rotation": [0, 0, -45], "uv": [0, 52]}
					]
				},
				{
					"name": "top",
					"parent": "body",
					"pivot": [0, 133, 0]
				},
				{
					"name": "head",
					"parent": "top",
					"pivot": [0, 132.95, -0.2],
					"cubes": [
						{"origin": [1.15, 133.35, -3.775], "size": [1, 1, 0], "pivot": [1.65, 134.125, -3.75], "rotation": [180, 0, -135], "uv": [55, 19]},
						{"origin": [-2.15, 133.35, -3.775], "size": [1, 1, 0], "pivot": [-1.65, 134.125, -3.75], "rotation": [180, 0, 135], "uv": [55, 19], "mirror": true},
						{"origin": [-3.5, 132.95, -3.5], "size": [7, 4, 7], "uv": [26, 34]},
						{"origin": [-4.5, 136.95, -4.5], "size": [9, 2, 8], "uv": [26, 24]},
						{"origin": [-4, 138.45, -4], "size": [8, 2, 7], "uv": [41, 45]},
						{"origin": [3, 133.825, 0], "size": [10, 6, 0], "pivot": [3, 136.825, 0], "rotation": [0, 0, -5], "uv": [24, 75]},
						{"origin": [-13, 133.825, 0], "size": [10, 6, 0], "pivot": [-3, 136.825, 0], "rotation": [0, 0, 5], "uv": [1, 75]}
					]
				},
				{
					"name": "lefteye",
					"parent": "head",
					"pivot": [2.75, 135.425, -3.475],
					"rotation": [0, 0, -45],
					"cubes": [
						{"origin": [-3.25, 134.925, -3.525], "size": [1, 1, 0], "inflate": 0.0625, "pivot": [0, 135.7, -3.5], "rotation": [0, 180, 0], "uv": [18, 17]}
					]
				},
				{
					"name": "lefteye2",
					"parent": "head",
					"pivot": [3.5, 135.425, -2.225],
					"rotation": [0, -90, 0]
				},
				{
					"name": "righteye2",
					"parent": "head",
					"pivot": [-3.5, 135.425, -2.225],
					"rotation": [0, 90, 0]
				},
				{
					"name": "centereye",
					"parent": "head",
					"pivot": [0, 135.425, -3.475],
					"rotation": [0, 0, -45],
					"cubes": [
						{"origin": [-0.5, 134.925, -3.525], "size": [1, 1, 0], "inflate": 0.0625, "pivot": [0, 135.7, -3.5], "rotation": [0, 180, 0], "uv": [20, 0]},
						{"origin": [-0.5, 134.925, -3.275], "size": [1, 1, 0], "inflate": 0.0625, "pivot": [0, 135.7, -3.5], "rotation": [0, 180, 0], "uv": [20, 0]}
					]
				},
				{
					"name": "righteye",
					"parent": "head",
					"pivot": [-2.75, 135.425, -3.475],
					"rotation": [0, 0, -45],
					"cubes": [
						{"origin": [2.25, 134.925, -3.525], "size": [1, 1, 0], "inflate": 0.0625, "pivot": [0, 135.7, -3.5], "rotation": [0, 180, 0], "uv": [18, 0]}
					]
				},
				{
					"name": "crown",
					"parent": "head",
					"pivot": [0, 140.5, -0.5]
				},
				{
					"name": "crownfront",
					"parent": "crown",
					"pivot": [0, 140.45, -1.55],
					"rotation": [22.5, 0, 0],
					"cubes": [
						{"origin": [-4, 140.45, -1.55], "size": [8, 2, 0], "uv": [26, 20]}
					]
				},
				{
					"name": "crownfront2",
					"parent": "crownfront",
					"pivot": [0, 142.45, -1.55],
					"cubes": [
						{"origin": [-4, 148.97733, -34.3651], "size": [8, 6, 0], "pivot": [0, 63.22733, -34.3651], "rotation": [-22.5, 0, 0], "uv": [47, 34]},
						{"origin": [-0.5, 153.97733, -34.3651], "size": [1, 2, 0], "pivot": [0, 63.22733, -34.3651], "rotation": [-22.5, 0, 0], "uv": [57, 41]}
					]
				},
				{
					"name": "crownback",
					"parent": "crown",
					"pivot": [0, 140.45, 0.45],
					"rotation": [-157.5, 0, 180],
					"cubes": [
						{"origin": [-4, 140.45, 0.45], "size": [8, 2, 0], "uv": [26, 18]}
					]
				},
				{
					"name": "crownback2",
					"parent": "crownback",
					"pivot": [0, 142.45, 0.45],
					"cubes": [
						{"origin": [-4, 148.97733, -32.3651], "size": [8, 3, 0], "pivot": [0, 63.22733, -32.3651], "rotation": [-22.5, 0, 0], "uv": [0, 18]}
					]
				},
				{
					"name": "cowl",
					"parent": "top",
					"pivot": [0, 132.96632, 3.81969],
					"cubes": [
						{"origin": [-4, 132.66856, 5.60328], "size": [8, 18, 0], "pivot": [0, 140.66856, 5.60328], "rotation": [-15.25, 0, 0], "uv": [26, 0]},
						{"origin": [4, 132.66856, 5.60328], "size": [9, 18, 0], "pivot": [4, 140.66856, 5.60328], "rotation": [-21.08459, 43.0164, -14.73677], "uv": [0, 23]},
						{"origin": [-13, 132.66856, 5.60328], "size": [9, 18, 0], "pivot": [-4, 140.66856, 5.60328], "rotation": [-21.08459, -43.0164, 14.73677], "uv": [0, 0]},
						{"origin": [10.36373, 148.03994, 1.72395], "size": [2, 3, 0], "pivot": [10.375, 150.66856, 1.72828], "rotation": [-15.30553, -4.82351, 1.31827], "uv": [60, 41], "mirror": true},
						{"origin": [-12.36373, 148.03994, 1.72395], "size": [2, 3, 0], "pivot": [-10.375, 150.66856, 1.72828], "rotation": [-15.30553, 4.82351, -1.31827], "uv": [60, 41]}
					]
				},
				{
					"name": "puppetrod",
					"parent": "body",
					"pivot": [0, 131.95, 0],
					"rotation": [0, 15, 0],
					"cubes": [
						{"origin": [-1, 131.45, -11], "size": [2, 1, 22], "pivot": [0, 132.2, 0], "rotation": [0, 119, 0], "uv": [0, 0]}
					]
				},
				{
					"name": "tentaclebase",
					"parent": "puppetrod",
					"pivot": [8.7462, 131.95, -4.8481],
					"cubes": [
						{"origin": [-1, 131.45, 9.5], "size": [2, 1, 1], "inflate": 0.1, "pivot": [0, 132.2, 0], "rotation": [0, 119, 0], "uv": [26, 30]}
					]
				},
				{
					"name": "tentacle",
					"parent": "tentaclebase",
					"pivot": [8.7462, 131.35, -4.8481],
					"cubes": [
						{"origin": [8.7462, 115.25, -5.3481], "size": [0, 16, 1], "inflate": 0.1, "pivot": [8.7462, 130.75, -4.8481], "rotation": [0, -90, 0], "uv": [60, 0]}
					]
				},
				{
					"name": "tentacleb",
					"parent": "tentacle",
					"pivot": [8.7462, 115.15, -4.8481],
					"cubes": [
						{"origin": [8.7462, 99.05, -5.3481], "size": [0, 16, 1], "inflate": 0.1, "pivot": [8.7462, 115.15, -4.8481], "rotation": [0, -90, 0], "uv": [58, 53]}
					]
				},
				{
					"name": "tentaclec",
					"parent": "tentacleb",
					"pivot": [8.7462, 98.95, -4.8481],
					"cubes": [
						{"origin": [8.7462, 82.85, -5.3481], "size": [0, 16, 1], "inflate": 0.1, "pivot": [8.7462, 98.95, -4.8481], "rotation": [0, -90, 0], "uv": [12, 58]}
					]
				},
				{
					"name": "tentacled",
					"parent": "tentaclec",
					"pivot": [8.7462, 82.75, -4.8481],
					"cubes": [
						{"origin": [8.7462, 66.65, -5.3481], "size": [0, 16, 1], "inflate": 0.1, "pivot": [8.7462, 82.75, -4.8481], "rotation": [0, -90, 0], "uv": [10, 58]}
					]
				},
				{
					"name": "tentaclee",
					"parent": "tentacled",
					"pivot": [8.7462, 66.55, -4.8481],
					"cubes": [
						{"origin": [8.7462, 50.45, -5.3481], "size": [0, 16, 1], "inflate": 0.1, "pivot": [8.7462, 66.55, -4.8481], "rotation": [0, -90, 0], "uv": [8, 58]}
					]
				},
				{
					"name": "tentaclef",
					"parent": "tentaclee",
					"pivot": [8.7462, 50.35, -4.8481],
					"cubes": [
						{"origin": [8.7462, 34.25, -5.3481], "size": [0, 16, 1], "inflate": 0.1, "pivot": [8.7462, 50.35, -4.8481], "rotation": [0, -90, 0], "uv": [6, 58]}
					]
				},
				{
					"name": "tentacleg",
					"parent": "tentaclef",
					"pivot": [8.7462, 34.15, -4.8481],
					"cubes": [
						{"origin": [8.7462, 18.05, -5.3481], "size": [0, 16, 1], "inflate": 0.1, "pivot": [8.7462, 34.15, -4.8481], "rotation": [0, -90, 0], "uv": [4, 58]}
					]
				},
				{
					"name": "tentacleh",
					"parent": "tentacleg",
					"pivot": [8.7462, 17.95, -4.8481],
					"cubes": [
						{"origin": [8.7462, 4.85, -5.3481], "size": [0, 13, 1], "inflate": 0.1, "pivot": [8.7462, 17.95, -4.8481], "rotation": [0, -90, 0], "uv": [63, 23]}
					]
				},
				{
					"name": "tentaclebase3",
					"parent": "puppetrod",
					"pivot": [-8.7462, 131.95, 4.8481],
					"cubes": [
						{"origin": [-1, 131.45, -10.5], "size": [2, 1, 1], "inflate": 0.1, "pivot": [0, 132.2, 0], "rotation": [0, 119, 0], "uv": [26, 28]}
					]
				},
				{
					"name": "tentacle3",
					"parent": "tentaclebase3",
					"pivot": [-8.7462, 131.35, 4.8481],
					"cubes": [
						{"origin": [-8.7462, 115.25, 4.3481], "size": [0, 16, 1], "inflate": 0.1, "pivot": [-8.7462, 130.75, 4.8481], "rotation": [0, -90, 0], "uv": [40, 53]}
					]
				},
				{
					"name": "tentacleb3",
					"parent": "tentacle3",
					"pivot": [-8.7462, 115.15, 4.8481],
					"cubes": [
						{"origin": [-8.7462, 99.05, 4.3481], "size": [0, 16, 1], "inflate": 0.1, "pivot": [-8.7462, 115.15, 4.8481], "rotation": [0, -90, 0], "uv": [42, 53]}
					]
				},
				{
					"name": "tentaclec3",
					"parent": "tentacleb3",
					"pivot": [-8.7462, 98.95, 4.8481],
					"cubes": [
						{"origin": [-8.7462, 82.85, 4.3481], "size": [0, 16, 1], "inflate": 0.1, "pivot": [-8.7462, 98.95, 4.8481], "rotation": [0, -90, 0], "uv": [52, 53]}
					]
				},
				{
					"name": "tentacled3",
					"parent": "tentaclec3",
					"pivot": [-8.7462, 82.75, 4.8481],
					"cubes": [
						{"origin": [-8.7462, 66.65, 4.3481], "size": [0, 16, 1], "inflate": 0.1, "pivot": [-8.7462, 82.75, 4.8481], "rotation": [0, -90, 0], "uv": [50, 53]}
					]
				},
				{
					"name": "tentaclee3",
					"parent": "tentacled3",
					"pivot": [-8.7462, 66.55, 4.8481],
					"cubes": [
						{"origin": [-8.7462, 50.45, 4.3481], "size": [0, 16, 1], "inflate": 0.1, "pivot": [-8.7462, 66.55, 4.8481], "rotation": [0, -90, 0], "uv": [48, 53]}
					]
				},
				{
					"name": "tentaclef3",
					"parent": "tentaclee3",
					"pivot": [-8.7462, 50.35, 4.8481],
					"cubes": [
						{"origin": [-8.7462, 34.25, 4.3481], "size": [0, 16, 1], "inflate": 0.1, "pivot": [-8.7462, 50.35, 4.8481], "rotation": [0, -90, 0], "uv": [46, 53]}
					]
				},
				{
					"name": "tentacleg3",
					"parent": "tentaclef3",
					"pivot": [-8.7462, 34.15, 4.8481],
					"cubes": [
						{"origin": [-8.7462, 18.05, 4.3481], "size": [0, 16, 1], "inflate": 0.1, "pivot": [-8.7462, 34.15, 4.8481], "rotation": [0, -90, 0], "uv": [44, 53]}
					]
				},
				{
					"name": "tentacleh3",
					"parent": "tentacleg3",
					"pivot": [-8.7462, 17.95, 4.8481],
					"cubes": [
						{"origin": [-8.7462, 4.85, 4.3481], "size": [0, 13, 1], "inflate": 0.1, "pivot": [-8.7462, 17.95, 4.8481], "rotation": [0, -90, 0], "uv": [62, 0]}
					]
				},
				{
					"name": "puppetrod2",
					"parent": "body",
					"pivot": [0, 131.95, 0],
					"rotation": [0, -15, 0],
					"cubes": [
						{"origin": [-1, 131.45, -11], "size": [2, 1, 22], "inflate": 0.001, "pivot": [0, 132.2, 0], "rotation": [0, -119, 0], "uv": [0, 23]}
					]
				},
				{
					"name": "tentaclebase2",
					"parent": "puppetrod2",
					"pivot": [-8.7462, 131.95, -4.8481],
					"cubes": [
						{"origin": [-1, 131.45, 9.5], "size": [2, 1, 1], "inflate": 0.1, "pivot": [0, 132.2, 0], "rotation": [0, -119, 0], "uv": [26, 26]}
					]
				},
				{
					"name": "tentacle2",
					"parent": "tentaclebase2",
					"pivot": [-8.7462, 131.35, -4.8481],
					"cubes": [
						{"origin": [-8.7462, 115.25, -5.3481], "size": [0, 16, 1], "inflate": 0.1, "pivot": [-8.7462, 130.75, -4.8481], "rotation": [0, 90, 0], "uv": [54, 0]}
					]
				},
				{
					"name": "tentacleb2",
					"parent": "tentacle2",
					"pivot": [-8.7462, 115.15, -4.8481],
					"cubes": [
						{"origin": [-8.7462, 99.05, -5.3481], "size": [0, 16, 1], "inflate": 0.1, "pivot": [-8.7462, 115.15, -4.8481], "rotation": [0, 90, 0], "uv": [54, 53]}
					]
				},
				{
					"name": "tentaclec2",
					"parent": "tentacleb2",
					"pivot": [-8.7462, 98.95, -4.8481],
					"cubes": [
						{"origin": [-8.7462, 82.85, -5.3481], "size": [0, 16, 1], "inflate": 0.1, "pivot": [-8.7462, 98.95, -4.8481], "rotation": [0, 90, 0], "uv": [2, 58]}
					]
				},
				{
					"name": "tentacled2",
					"parent": "tentaclec2",
					"pivot": [-8.7462, 82.75, -4.8481],
					"cubes": [
						{"origin": [-8.7462, 66.65, -5.3481], "size": [0, 16, 1], "inflate": 0.1, "pivot": [-8.7462, 82.75, -4.8481], "rotation": [0, 90, 0], "uv": [58, 0]}
					]
				},
				{
					"name": "tentaclee2",
					"parent": "tentacled2",
					"pivot": [-8.7462, 66.55, -4.8481],
					"cubes": [
						{"origin": [-8.7462, 50.45, -5.3481], "size": [0, 16, 1], "inflate": 0.1, "pivot": [-8.7462, 66.55, -4.8481], "rotation": [0, 90, 0], "uv": [0, 58]}
					]
				},
				{
					"name": "tentaclef2",
					"parent": "tentaclee2",
					"pivot": [-8.7462, 50.35, -4.8481],
					"cubes": [
						{"origin": [-8.7462, 34.25, -5.3481], "size": [0, 16, 1], "inflate": 0.1, "pivot": [-8.7462, 50.35, -4.8481], "rotation": [0, 90, 0], "uv": [56, 53]}
					]
				},
				{
					"name": "tentacleg2",
					"parent": "tentaclef2",
					"pivot": [-8.7462, 34.15, -4.8481],
					"cubes": [
						{"origin": [-8.7462, 18.05, -5.3481], "size": [0, 16, 1], "inflate": 0.1, "pivot": [-8.7462, 34.15, -4.8481], "rotation": [0, 90, 0], "uv": [56, 0]}
					]
				},
				{
					"name": "tentacleh2",
					"parent": "tentacleg2",
					"pivot": [-8.7462, 17.95, -4.8481],
					"cubes": [
						{"origin": [-8.7462, 4.85, -5.3481], "size": [0, 13, 1], "inflate": 0.1, "pivot": [-8.7462, 17.95, -4.8481], "rotation": [0, 90, 0], "uv": [62, 53]}
					]
				},
				{
					"name": "tentaclebase4",
					"parent": "puppetrod2",
					"pivot": [8.7462, 131.95, 4.8481],
					"cubes": [
						{"origin": [-1, 131.45, -10.5], "size": [2, 1, 1], "inflate": 0.1, "pivot": [0, 132.2, 0], "rotation": [0, -119, 0], "uv": [26, 24]}
					]
				},
				{
					"name": "tentacle4",
					"parent": "tentaclebase4",
					"pivot": [8.7462, 131.35, 4.8481],
					"cubes": [
						{"origin": [8.7462, 115.25, 4.3481], "size": [0, 16, 1], "inflate": 0.1, "pivot": [8.7462, 130.75, 4.8481], "rotation": [0, 90, 0], "uv": [24, 51]}
					]
				},
				{
					"name": "tentacleb4",
					"parent": "tentacle4",
					"pivot": [8.7462, 115.15, 4.8481],
					"cubes": [
						{"origin": [8.7462, 99.05, 4.3481], "size": [0, 16, 1], "inflate": 0.1, "pivot": [8.7462, 115.15, 4.8481], "rotation": [0, 90, 0], "uv": [26, 51]}
					]
				},
				{
					"name": "tentaclec4",
					"parent": "tentacleb4",
					"pivot": [8.7462, 98.95, 4.8481],
					"cubes": [
						{"origin": [8.7462, 82.85, 4.3481], "size": [0, 16, 1], "inflate": 0.1, "pivot": [8.7462, 98.95, 4.8481], "rotation": [0, 90, 0], "uv": [52, 0]}
					]
				},
				{
					"name": "tentacled4",
					"parent": "tentaclec4",
					"pivot": [8.7462, 82.75, 4.8481],
					"cubes": [
						{"origin": [8.7462, 66.65, 4.3481], "size": [0, 16, 1], "inflate": 0.1, "pivot": [8.7462, 82.75, 4.8481], "rotation": [0, 90, 0], "uv": [34, 51]}
					]
				},
				{
					"name": "tentaclee4",
					"parent": "tentacled4",
					"pivot": [8.7462, 66.55, 4.8481],
					"cubes": [
						{"origin": [8.7462, 50.45, 4.3481], "size": [0, 16, 1], "inflate": 0.1, "pivot": [8.7462, 66.55, 4.8481], "rotation": [0, 90, 0], "uv": [32, 51]}
					]
				},
				{
					"name": "tentaclef4",
					"parent": "tentaclee4",
					"pivot": [8.7462, 50.35, 4.8481],
					"cubes": [
						{"origin": [8.7462, 34.25, 4.3481], "size": [0, 16, 1], "inflate": 0.1, "pivot": [8.7462, 50.35, 4.8481], "rotation": [0, 90, 0], "uv": [30, 51]}
					]
				},
				{
					"name": "tentacleg4",
					"parent": "tentaclef4",
					"pivot": [8.7462, 34.15, 4.8481],
					"cubes": [
						{"origin": [8.7462, 18.05, 4.3481], "size": [0, 16, 1], "inflate": 0.1, "pivot": [8.7462, 34.15, 4.8481], "rotation": [0, 90, 0], "uv": [28, 51]}
					]
				},
				{
					"name": "tentacleh4",
					"parent": "tentacleg4",
					"pivot": [8.7462, 17.95, 4.8481],
					"cubes": [
						{"origin": [8.7462, 4.85, 4.3481], "size": [0, 13, 1], "inflate": 0.1, "pivot": [8.7462, 17.95, 4.8481], "rotation": [0, 90, 0], "uv": [38, 61]}
					]
				},
				{
					"name": "puppetrod3",
					"parent": "body",
					"pivot": [0, 132.45, 0],
					"cubes": [
						{"origin": [-1, 131.95, -11], "size": [2, 1, 22], "pivot": [0, 132.2, 0], "rotation": [0, -90, 0], "uv": [26, 1]}
					]
				},
				{
					"name": "tentaclebase5",
					"parent": "puppetrod3",
					"pivot": [10, 132.45, 0],
					"cubes": [
						{"origin": [-1, 131.95, -10.5], "size": [2, 1, 1], "inflate": 0.1, "pivot": [0, 132.2, 0], "rotation": [0, -90, 0], "uv": [15, 20]}
					]
				},
				{
					"name": "tentacle5",
					"parent": "tentaclebase5",
					"pivot": [10.0712, 131.85, 0.8481],
					"cubes": [
						{"origin": [10, 115.75, -0.5], "size": [0, 16, 1], "inflate": 0.1, "pivot": [10, 131.25, 0], "rotation": [0, 90, 0], "uv": [38, 45]}
					]
				},
				{
					"name": "tentacleb5",
					"parent": "tentacle5",
					"pivot": [10.0712, 115.65, 0.8481],
					"cubes": [
						{"origin": [10, 99.55, -0.5], "size": [0, 16, 1], "inflate": 0.1, "pivot": [10, 115.65, 0], "rotation": [0, 90, 0], "uv": [46, 0]}
					]
				},
				{
					"name": "tentaclec5",
					"parent": "tentacleb5",
					"pivot": [10.0712, 99.45, 0.8481],
					"cubes": [
						{"origin": [10, 83.35, -0.5], "size": [0, 16, 1], "inflate": 0.1, "pivot": [10, 99.45, 0], "rotation": [0, 90, 0], "uv": [22, 51]}
					]
				},
				{
					"name": "tentacled5",
					"parent": "tentaclec5",
					"pivot": [10.0712, 83.25, 0.8481],
					"cubes": [
						{"origin": [10, 67.15, -0.5], "size": [0, 16, 1], "inflate": 0.1, "pivot": [10, 83.25, 0], "rotation": [0, 90, 0], "uv": [20, 51]}
					]
				},
				{
					"name": "tentaclee5",
					"parent": "tentacled5",
					"pivot": [10.0712, 67.05, 0.8481],
					"cubes": [
						{"origin": [10, 50.95, -0.5], "size": [0, 16, 1], "inflate": 0.1, "pivot": [10, 67.05, 0], "rotation": [0, 90, 0], "uv": [18, 51]}
					]
				},
				{
					"name": "tentaclef5",
					"parent": "tentaclee5",
					"pivot": [10.0712, 50.85, 0.8481],
					"cubes": [
						{"origin": [10, 34.75, -0.5], "size": [0, 16, 1], "inflate": 0.1, "pivot": [10, 50.85, 0], "rotation": [0, 90, 0], "uv": [16, 51]}
					]
				},
				{
					"name": "tentacleg5",
					"parent": "tentaclef5",
					"pivot": [10.0712, 34.65, 0.8481],
					"cubes": [
						{"origin": [10, 18.55, -0.5], "size": [0, 16, 1], "inflate": 0.1, "pivot": [10, 34.65, 0], "rotation": [0, 90, 0], "uv": [14, 51]}
					]
				},
				{
					"name": "tentacleh5",
					"parent": "tentacleg5",
					"pivot": [10.0712, 18.45, 0.8481],
					"cubes": [
						{"origin": [10, 5.35, -0.5], "size": [0, 13, 1], "inflate": 0.1, "pivot": [10, 18.45, 0], "rotation": [0, 90, 0], "uv": [36, 61]}
					]
				},
				{
					"name": "tentaclebase6",
					"parent": "puppetrod3",
					"pivot": [-10, 132.45, 0],
					"cubes": [
						{"origin": [-1, 131.95, 9.5], "size": [2, 1, 1], "inflate": 0.1, "pivot": [0, 132.2, 0], "rotation": [0, -90, 0], "uv": [16, 18]}
					]
				},
				{
					"name": "tentacle6",
					"parent": "tentaclebase6",
					"pivot": [-10.0712, 131.85, 0.8481],
					"cubes": [
						{"origin": [-10, 115.75, -0.5], "size": [0, 16, 1], "inflate": 0.1, "pivot": [-10, 131.25, 0], "rotation": [0, -90, 0], "uv": [18, 0]}
					]
				},
				{
					"name": "tentacleb6",
					"parent": "tentacle6",
					"pivot": [-10.0712, 115.65, 0.8481],
					"cubes": [
						{"origin": [-10, 99.55, -0.5], "size": [0, 16, 1], "inflate": 0.1, "pivot": [-10, 115.65, 0], "rotation": [0, -90, 0], "uv": [20, 0]}
					]
				},
				{
					"name": "tentaclec6",
					"parent": "tentacleb6",
					"pivot": [-10.0712, 99.45, 0.8481],
					"cubes": [
						{"origin": [-10, 83.35, -0.5], "size": [0, 16, 1], "inflate": 0.1, "pivot": [-10, 99.45, 0], "rotation": [0, -90, 0], "uv": [36, 45]}
					]
				},
				{
					"name": "tentacled6",
					"parent": "tentaclec6",
					"pivot": [-10.0712, 83.25, 0.8481],
					"cubes": [
						{"origin": [-10, 67.15, -0.5], "size": [0, 16, 1], "inflate": 0.1, "pivot": [-10, 83.25, 0], "rotation": [0, -90, 0], "uv": [44, 0]}
					]
				},
				{
					"name": "tentaclee6",
					"parent": "tentacled6",
					"pivot": [-10.0712, 67.05, 0.8481],
					"cubes": [
						{"origin": [-10, 50.95, -0.5], "size": [0, 16, 1], "inflate": 0.1, "pivot": [-10, 67.05, 0], "rotation": [0, -90, 0], "uv": [42, 0]}
					]
				},
				{
					"name": "tentaclef6",
					"parent": "tentaclee6",
					"pivot": [-10.0712, 50.85, 0.8481],
					"cubes": [
						{"origin": [-10, 34.75, -0.5], "size": [0, 16, 1], "inflate": 0.1, "pivot": [-10, 50.85, 0], "rotation": [0, -90, 0], "uv": [20, 22]}
					]
				},
				{
					"name": "tentacleg6",
					"parent": "tentaclef6",
					"pivot": [-10.0712, 34.65, 0.8481],
					"cubes": [
						{"origin": [-10, 18.55, -0.5], "size": [0, 16, 1], "inflate": 0.1, "pivot": [-10, 34.65, 0], "rotation": [0, -90, 0], "uv": [18, 22]}
					]
				},
				{
					"name": "tentacleh6",
					"parent": "tentacleg6",
					"pivot": [-10.0712, 18.45, 0.8481],
					"cubes": [
						{"origin": [-10, 5.35, -0.5], "size": [0, 13, 1], "inflate": 0.1, "pivot": [-10, 18.45, 0], "rotation": [0, -90, 0], "uv": [60, 53]}
					]
				}
			]
		}
	]
}