{
	"format_version": "1.12.0",
	"minecraft:geometry": [
		{
			"description": {
				"identifier": "geometry.chikorita",
				"texture_width": 64,
				"texture_height": 64,
				"visible_bounds_width": 6,
				"visible_bounds_height": 3.5,
				"visible_bounds_offset": [0, 1.25, 0]
			},
			"bones": [
				{
					"name": "chikorita",
					"pivot": [0, 0, 0]
				},
				{
					"name": "body",
					"parent": "chikorita",
					"pivot": [0, 0, 0]
				},
				{
					"name": "torso",
					"parent": "body",
					"pivot": [0, 5, 5.75],
					"cubes": [
						{"origin": [-4, 1.75, -6], "size": [8, 7, 10], "inflate": 0.01, "uv": [0, 0]}
					]
				},
				{
					"name": "locator_item",
					"parent": "torso",
					"pivot": [0, 8.75, 4.75],
					"locators": {
						"item": [0, 8.75, 4.75]
					}
				},
				{
					"name": "head",
					"parent": "torso",
					"pivot": [0, 8.75, -2.5],
					"cubes": [
						{"origin": [-4, 5.75, -8], "size": [8, 8, 8], "inflate": -0.01, "uv": [0, 17]},
						{"origin": [-2, 6.75, -8.98], "size": [4, 3, 2], "uv": [40, 41]},
						{"origin": [-6, 12.75, -4.5], "size": [4, 2, 2], "pivot": [-3, 12.75, -3.5], "rotation": [0, 0, 22.5], "uv": [0, 42]},
						{"origin": [2, 12.75, -4.5], "size": [4, 2, 2], "pivot": [3, 12.75, -3.5], "rotation": [0, 0, -22.5], "uv": [12, 42]},
						{"origin": [2, 10.75, -6.5], "size": [7, 1, 5], "pivot": [3, 9.75, -2.5], "rotation": [0, 0, 40], "uv": [32, 17]},
						{"origin": [-9, 9.75, -6.5], "size": [7, 1, 5], "pivot": [-4, 8.75, -5.5], "rotation": [0, 0, -40], "uv": [32, 17]}
					]
				},
				{
					"name": "locator_item_face",
					"parent": "head",
					"pivot": [0, 13.75, -6],
					"locators": {
						"item_face": [0, 13.75, -6]
					}
				},
				{
					"name": "locator_face",
					"parent": "head",
					"pivot": [0, 13.5, -6],
					"locators": {
						"face": [0, 13.5, -6]
					}
				},
				{
					"name": "locator_item_hat",
					"parent": "head",
					"pivot": [0, 17.75, -2],
					"locators": {
						"item_hat": [0, 17.75, -2]
					}
				},
				{
					"name": "locator_head",
					"parent": "head",
					"pivot": [0, 17.75, -3],
					"locators": {
						"head": [0, 17.75, -3]
					}
				},
				{
					"name": "locator_mouth",
					"parent": "head",
					"pivot": [0, 11.5, -6],
					"locators": {
						"mouth": [0, 11.5, -6]
					}
				},
				{
					"name": "mouth_closed",
					"parent": "head",
					"pivot": [0, 8.25, -9],
					"cubes": [
						{"origin": [-0.5, 7.5, -8.99], "size": [1, 1, 0], "inflate": 0.01, "uv": [30, 34]},
						{"origin": [-1.5, 7, -9], "size": [3, 1, 0], "uv": [36, 15]}
					]
				},
				{
					"name": "mouth_open",
					"parent": "head",
					"pivot": [0, 8.15, -8.8],
					"cubes": [
						{"origin": [-1.5, 8, -8.9], "size": [3, 1, 0], "uv": [36, 16]},
						{"origin": [-1, 7, -8.9], "size": [2, 1, 0], "uv": [28, 33]}
					]
				},
				{
					"name": "eyes",
					"parent": "head",
					"pivot": [0, 0, 1]
				},
				{
					"name": "eye_left",
					"parent": "eyes",
					"pivot": [2.4, 9.75, -7.5]
				},
				{
					"name": "idle_leftpupil",
					"parent": "eye_left",
					"pivot": [2.5, 10, -7.75],
					"cubes": [
						{"origin": [1.6, 9.25, -8], "size": [2, 2, 1], "inflate": 0.01, "uv": [30, 46]},
						{"origin": [1.85, 9.85, -8.01], "size": [1, 1, 0], "inflate": 0.01, "uv": [30, 35]}
					]
				},
				{
					"name": "locator_eye_left",
					"parent": "idle_leftpupil",
					"pivot": [2.35, 10.35, -8],
					"locators": {
						"eye2": [2.35, 10.35, -8]
					}
				},
				{
					"name": "angry_leftpupil",
					"parent": "eye_left",
					"pivot": [2.5, 10, -7.65],
					"cubes": [
						{"origin": [1.6, 8.25, -7.9], "size": [2, 3, 1], "inflate": 0.01, "uv": [46, 27]},
						{"origin": [1.85, 9.85, -7.91], "size": [1, 1, 0], "inflate": 0.01, "uv": [30, 35]},
						{"origin": [1.95, 10.75, -7.9], "size": [1, 1, 0], "uv": [28, 37]}
					]
				},
				{
					"name": "eyelid_left",
					"parent": "eye_left",
					"pivot": [2.5, 9.75, -7.4],
					"cubes": [
						{"origin": [1.5, 8.25, -7.9], "size": [2, 3, 1], "inflate": 0.025, "uv": [18, 46]},
						{"origin": [1.9, 8.75, -7.9], "size": [2, 3, 1], "inflate": 0.02, "uv": [46, 23]}
					]
				},
				{
					"name": "eye_right",
					"parent": "eyes",
					"pivot": [-2.4, 9.75, -7.5]
				},
				{
					"name": "idle_rightpupil",
					"parent": "eye_right",
					"pivot": [-2.5, 10, -7.75],
					"cubes": [
						{"origin": [-3.6, 9.25, -8], "size": [2, 2, 1], "inflate": 0.01, "uv": [46, 31]},
						{"origin": [-2.85, 9.85, -8.01], "size": [1, 1, 0], "inflate": 0.01, "uv": [30, 36]}
					]
				},
				{
					"name": "locator_eye_right",
					"parent": "idle_rightpupil",
					"pivot": [-2.35, 10.35, -8],
					"locators": {
						"eye1": [-2.35, 10.35, -8]
					}
				},
				{
					"name": "angry_rightpupil",
					"parent": "eye_right",
					"pivot": [-2.5, 10, -7.65],
					"cubes": [
						{"origin": [-3.6, 8.25, -7.9], "size": [2, 3, 1], "inflate": 0.01, "uv": [24, 46]},
						{"origin": [-2.85, 9.85, -7.91], "size": [1, 1, 0], "inflate": 0.01, "uv": [30, 36]},
						{"origin": [-2.95, 10.75, -7.9], "size": [1, 1, 0], "uv": [30, 37]}
					]
				},
				{
					"name": "eyelid_right",
					"parent": "eye_right",
					"pivot": [-2.5, 9.75, -7.4],
					"cubes": [
						{"origin": [-3.5, 8.25, -7.9], "size": [2, 3, 1], "inflate": 0.025, "uv": [18, 46], "mirror": true},
						{"origin": [-3.9, 8.75, -7.9], "size": [2, 3, 1], "inflate": 0.02, "uv": [46, 23], "mirror": true}
					]
				},
				{
					"name": "tail",
					"parent": "torso",
					"pivot": [0, 8, 7.25],
					"rotation": [40, 0, 0],
					"cubes": [
						{"origin": [-0.5, 19, 0.25], "size": [1, 1, 4], "pivot": [0, 12, -3.75], "rotation": [-72.5, 0, 0], "uv": [0, 46]},
						{"origin": [-1, 5, 5], "size": [2, 2, 2], "uv": [10, 46]},
						{"origin": [0, 3, 5.25], "size": [0, 2, 1], "uv": [28, 34]}
					]
				},
				{
					"name": "leg_front_right",
					"parent": "body",
					"pivot": [-3, 5, -3.5],
					"cubes": [
						{"origin": [-4.5, 1, -5.5], "size": [3, 5, 4], "inflate": 0.01, "uv": [32, 32]}
					]
				},
				{
					"name": "foot_front_right",
					"parent": "leg_front_right",
					"pivot": [-3, 1, -3.5],
					"cubes": [
						{"origin": [-4.5, 0, -5], "size": [3, 2, 3], "uv": [36, 5]}
					]
				},
				{
					"name": "locator_foot_primary1",
					"parent": "foot_front_right",
					"pivot": [-3, 0.5, -3.5],
					"rotation": [90, 0, 0],
					"locators": {
						"foot_primary1": [-3, 0.5, -3.5]
					}
				},
				{
					"name": "leg_front_left",
					"parent": "body",
					"pivot": [3, 5, -3.5],
					"cubes": [
						{"origin": [1.5, 1, -5.5], "size": [3, 5, 4], "inflate": 0.01, "uv": [32, 23]}
					]
				},
				{
					"name": "foot_front_left",
					"parent": "leg_front_left",
					"pivot": [3, 1, -3.5],
					"cubes": [
						{"origin": [1.5, 0, -5], "size": [3, 2, 3], "uv": [36, 0]}
					]
				},
				{
					"name": "locator_foot_primary2",
					"parent": "foot_front_left",
					"pivot": [3, 0.5, -3.5],
					"rotation": [90, 0, 0],
					"locators": {
						"foot_primary2": [3, 0.5, -3.5]
					}
				},
				{
					"name": "leg_back_right",
					"parent": "body",
					"pivot": [-3, 5, 2.75],
					"cubes": [
						{"origin": [-4.5, 1, 0.75], "size": [3, 5, 4], "inflate": 0.01, "uv": [0, 33]}
					]
				},
				{
					"name": "foot_back_right",
					"parent": "leg_back_right",
					"pivot": [-3, 1, 2.75],
					"cubes": [
						{"origin": [-4.5, 0, 1.25], "size": [3, 2, 3], "uv": [36, 10]}
					]
				},
				{
					"name": "locator_foot_secondary1",
					"parent": "foot_back_right",
					"pivot": [-3, 0.5, 2.75],
					"rotation": [90, 0, 0],
					"locators": {
						"foot_secondary1": [-3, 0.5, 2.75]
					}
				},
				{
					"name": "leg_back_left",
					"parent": "body",
					"pivot": [3, 5, 2.75],
					"cubes": [
						{"origin": [1.5, 1, 0.75], "size": [3, 5, 4], "inflate": 0.01, "uv": [14, 33]}
					]
				},
				{
					"name": "foot_back_left",
					"parent": "leg_back_left",
					"pivot": [3, 1, 2.75],
					"cubes": [
						{"origin": [1.5, 0, 1.25], "size": [3, 2, 3], "uv": [28, 41]}
					]
				},
				{
					"name": "locator_foot_secondary2",
					"parent": "foot_back_left",
					"pivot": [3, 0.5, 2.75],
					"rotation": [90, 0, 0],
					"locators": {
						"foot_secondary2": [3, 0.5, 2.75]
					}
				},
				{
					"name": "locator_target",
					"parent": "body",
					"pivot": [0, 9, -9],
					"locators": {
						"target": [0, 9, -9]
					}
				},
				{
					"name": "locator_middle",
					"parent": "body",
					"pivot": [0, 8, -0.75],
					"locators": {
						"middle": [0, 8, -0.75]
					}
				},
				{
					"name": "locator_root",
					"parent": "chikorita",
					"pivot": [0, 0, 0],
					"locators": {
						"root": [0, 0, 0]
					}
				},
				{
					"name": "locator_top",
					"parent": "chikorita",
					"pivot": [0, 18, 0],
					"locators": {
						"top": [0, 18, 0]
					}
				}
			]
		}
	]
}