{
	"format_version": "1.12.0",
	"minecraft:geometry": [
		{
			"description": {
				"identifier": "geometry.holinoli",
				"texture_width": 128,
				"texture_height": 128,
				"visible_bounds_width": 7,
				"visible_bounds_height": 4.5,
				"visible_bounds_offset": [0, 1.75, 0]
			},
			"bones": [
				{
					"name": "holinoli",
					"pivot": [0, 0, -6]
				},
				{
					"name": "body",
					"parent": "holinoli",
					"pivot": [0, 0, -6],
					"cubes": [
						{"origin": [-4, -1, -14], "size": [8, 8, 9], "uv": [0, 28]},
						{"origin": [-4, -1, -22], "size": [8, 8, 8], "uv": [26, 44]},
						{"origin": [-4, -1, -5], "size": [8, 8, 8], "uv": [34, 28]}
					]
				},
				{
					"name": "head",
					"parent": "body",
					"pivot": [0, 2.75, -15.375],
					"cubes": [
						{"origin": [-3.1, 2.5, -20.5], "size": [0, 3, 5], "pivot": [-3.1, 4, -18], "rotation": [-15, 0, 0], "uv": [0, 0]},
						{"origin": [-3, 2, -24], "size": [6, 4, 6], "uv": [26, 60]},
						{"origin": [-3, 0, -18], "size": [6, 6, 3], "uv": [66, 0]},
						{"origin": [3.1, 2.5, -20.5], "size": [0, 3, 5], "pivot": [3.1, 4, -18], "rotation": [-15, 0, 0], "uv": [0, 3]}
					]
				},
				{
					"name": "eyelid_R",
					"parent": "head",
					"pivot": [-2.2, 4, -18],
					"cubes": [
						{"origin": [-2.2, 2.5, -20.5], "size": [0, 3, 5], "pivot": [-2.2, 4, -18], "rotation": [-15, 0, 0], "uv": [0, 81]}
					]
				},
				{
					"name": "eyelid_L",
					"parent": "head",
					"pivot": [2.2, 4, -18],
					"cubes": [
						{"origin": [2.2, 2.5, -20.5], "size": [0, 3, 5], "pivot": [2.2, 4, -18], "rotation": [-15, 0, 0], "uv": [0, 81], "mirror": true}
					]
				},
				{
					"name": "headfan",
					"parent": "head",
					"pivot": [0, 4, -21],
					"cubes": [
						{"origin": [0, 6, -24], "size": [0, 11, 14], "uv": [27, 75]}
					]
				},
				{
					"name": "jaw",
					"parent": "head",
					"pivot": [0, 1, -18],
					"cubes": [
						{"origin": [2.9, 1, -20], "size": [0, 3, 3], "uv": [6, 8]},
						{"origin": [-2.9, 1, -20], "size": [0, 3, 3], "uv": [0, 8]},
						{"origin": [-3, 0, -23], "size": [6, 1, 5], "uv": [45, 65]}
					]
				},
				{
					"name": "wing_R",
					"parent": "body",
					"pivot": [-4, 7, -11],
					"cubes": [
						{"origin": [-17, 7, -14], "size": [13, 0, 14], "uv": [0, 0]}
					]
				},
				{
					"name": "wing2_R",
					"parent": "wing_R",
					"pivot": [-17, 7, -7],
					"cubes": [
						{"origin": [-30, 7, -14], "size": [13, 0, 14], "uv": [0, 14]}
					]
				},
				{
					"name": "wing_L",
					"parent": "body",
					"pivot": [4, 7, -11],
					"cubes": [
						{"origin": [4, 7, -14], "size": [13, 0, 14], "uv": [26, 14]}
					]
				},
				{
					"name": "wing2_L",
					"parent": "wing_L",
					"pivot": [17, 7, -7],
					"cubes": [
						{"origin": [17, 7, -14], "size": [13, 0, 14], "uv": [26, 0]}
					]
				},
				{
					"name": "tail1",
					"parent": "body",
					"pivot": [0, 3, -5],
					"cubes": [
						{"origin": [-3, 0.5, -5], "size": [6, 5, 10], "uv": [48, 50]}
					]
				},
				{
					"name": "tail2",
					"parent": "tail1",
					"pivot": [0, 3, 5],
					"cubes": [
						{"origin": [-3, 0.5, 5], "size": [6, 5, 10], "uv": [0, 50]}
					]
				},
				{
					"name": "tail3",
					"parent": "tail2",
					"pivot": [0, 3, 15],
					"cubes": [
						{"origin": [-2.5, 1, 15], "size": [5, 4, 9], "uv": [57, 35]}
					]
				},
				{
					"name": "tail4",
					"parent": "tail3",
					"pivot": [0, 3, 24],
					"cubes": [
						{"origin": [-1.5, 1.5, 24], "size": [3, 3, 9], "uv": [58, 19]}
					]
				},
				{
					"name": "tail5",
					"parent": "tail4",
					"pivot": [0, 3, 33],
					"cubes": [
						{"origin": [-1, 2, 33], "size": [2, 2, 9], "uv": [0, 65]}
					]
				}
			]
		}
	]
}