{
	"format_version": "1.8.0",
	"animations": {
		"animation.cafe_rowlet.ground_idle": {
			"loop": true,
			"bones": {
				"waist": {
					"rotation": [2.5, 0, 0]
				},
				"head": {
					"rotation": [0, 0, 0]
				},
				"bowtie_right2": {
					"rotation": [0, -7.5, 0]
				},
				"bowtie_left2": {
					"rotation": [0, 7.5, 0]
				},
				"foot_right": {
					"rotation": [0, 2.5, 0]
				},
				"foot_left": {
					"rotation": [0, -2.5, 0]
				},
				"wing_open_right_main": {
					"position": [11, 0, 0]
				},
				"wing_open_left_main": {
					"position": [-11, 0, 0]
				}
			}
		},
		"animation.cafe_rowlet.flying_idle": {
			"loop": true,
			"bones": {
				"body": {
					"rotation": [10, 0, 0]
				},
				"head": {
					"rotation": [0, 0, 0]
				},
				"wing_open_right_main": {
					"rotation": [90, 0, -10]
				},
				"wing_open_left_main": {
					"rotation": [90, 0, 10]
				},
				"leg_right": {
					"rotation": [5, 0, 0]
				},
				"foot_right": {
					"rotation": [5, 0, 0]
				},
				"toe_front_right": {
					"rotation": [20, 0, 0]
				},
				"toe_front_right2": {
					"rotation": [20, 0, 0]
				},
				"toe_back_right": {
					"rotation": [-25, 0, 0]
				},
				"leg_left": {
					"rotation": [5, 0, 0]
				},
				"foot_left": {
					"rotation": [5, 0, 0]
				},
				"toe_front_left": {
					"rotation": [20, 0, 0]
				},
				"toe_front_left2": {
					"rotation": [20, 0, 0]
				},
				"toe_back_left": {
					"rotation": [-25, 0, 0]
				}
			}
		},
		"animation.cafe_rowlet.blink": {
			"animation_length": 0.16667,
			"bones": {
				"eyelid_left": {
					"position": {
						"0.0": [0, 0, -0.1],
						"0.125": [0, 0, -0.1],
						"0.1667": [0, 0, 0]
					}
				},
				"eyelid_right": {
					"position": {
						"0.0": [0, 0, -0.1],
						"0.125": [0, 0, -0.1],
						"0.1667": [0, 0, 0]
					}
				}
			}
		},
		"animation.cafe_rowlet.cry": {
			"animation_length": 2,
			"bones": {
				"waist": {
					"rotation": {
						"0.0": [0, 0, 0],
						"0.2083": [-2.5, 0, 0],
						"1.6667": [-2.5, 0, 0],
						"2.0": [0, 0, 0]
					}
				},
				"head": {
					"rotation": [0, 0, 0]
				},
				"jaw": {
					"rotation": {
						"0.0": [0, 0, 0],
						"0.2917": [40, 0, 0],
						"1.7083": [40, 0, 0],
						"2.0": [0, 0, 0]
					}
				}
			},
			"sound_effects": {
				"0.0": {
					"effect": "pokemon.rowlet.cry"
				}
			}
		}
	}
}