{
    "parent": "item/generated",
    "textures": {
        "layer0": "item/music_disc_11"
    },
    "overrides": [
        {
            "predicate": {
                "custom_model_data": 1
            },
            "model": "tokyo_two_music:item/music_disc_thecruelangelsthesis"
        },
        {
            "predicate": {
                "custom_model_data": 2
            },
            "model": "tokyo_two_music:item/music_disc_angelattack"
        },
        {
            "predicate": {
                "custom_model_data": 3
            },
            "model": "tokyo_two_music:item/music_disc_hallelujah"
        },
        {
            "predicate": {
                "custom_model_data": 4
            },
            "model": "tokyo_two_music:item/music_disc_reiiii"
        },
        {
            "predicate": {
                "custom_model_data": 5
            },
            "model": "tokyo_two_music:item/music_disc_kommsussertod"
        }
    ]
}