{
	"format_version": "1.12.0",
	"minecraft:geometry": [
		{
			"description": {
				"identifier": "geometry.barraskewda",
				"texture_width": 64,
				"texture_height": 64,
				"visible_bounds_width": 4,
				"visible_bounds_height": 3,
				"visible_bounds_offset": [0, 0.5, 0]
			},
			"bones": [
				{
					"name": "barraskewda",
					"pivot": [0, 0, 0]
				},
				{
					"name": "body_fix",
					"parent": "barraskewda",
					"pivot": [0, 0, 0]
				},
				{
					"name": "body",
					"parent": "body_fix",
					"pivot": [0, 3, 0]
				},
				{
					"name": "torso",
					"parent": "body",
					"pivot": [0, 3, -3],
					"cubes": [
						{"origin": [-3, 0, -4.5], "size": [6, 6, 6], "uv": [24, 0]},
						{"origin": [0, 6, -1.5], "size": [0, 4, 2], "pivot": [0, 6, -1.5], "rotation": [-40, 0, 0], "uv": [0, 12]}
					]
				},
				{
					"name": "torso_details",
					"parent": "torso",
					"pivot": [3, 3, -0.75],
					"cubes": [
						{"origin": [-3.01, 1.5, -2.25], "size": [0, 3, 3], "inflate": 0.01, "pivot": [-3, 3, -0.75], "rotation": [-45, 0, 0], "uv": [24, 0]},
						{"origin": [-3, 2.5, -1.5], "size": [6, 1, 3], "inflate": 0.01, "uv": [38, 22]},
						{"origin": [3.01, 1.5, -2.25], "size": [0, 3, 3], "inflate": 0.01, "pivot": [3, 3, -0.75], "rotation": [-45, 0, 0], "uv": [42, 0]}
					]
				},
				{
					"name": "fin_left",
					"parent": "torso",
					"pivot": [3, 0, -2.5],
					"cubes": [
						{"origin": [3, 0, -3], "size": [5, 0, 5], "uv": [33, 17]}
					]
				},
				{
					"name": "fin_right",
					"parent": "torso",
					"pivot": [-3, 0, -2.5],
					"cubes": [
						{"origin": [-8, 0, -3], "size": [5, 0, 5], "uv": [33, 12]}
					]
				},
				{
					"name": "tail",
					"parent": "torso",
					"pivot": [0, 3, 1],
					"cubes": [
						{"origin": [-2.5, 0.5, 0.5], "size": [5, 5, 8], "uv": [0, 14]}
					]
				},
				{
					"name": "body_details",
					"parent": "tail",
					"pivot": [2.51, 3, 7.5],
					"cubes": [
						{"origin": [-2.51, 1.5, 6], "size": [0, 3, 3], "pivot": [-2.51, 3, 7.5], "rotation": [-45, 0, 0], "uv": [25, 41]},
						{"origin": [-2.51, 1.5, 2], "size": [0, 3, 3], "pivot": [-2.51, 3, 3.5], "rotation": [-45, 0, 0], "uv": [13, 24]},
						{"origin": [2.51, 1.5, 2], "size": [0, 3, 3], "pivot": [2.51, 3, 3.5], "rotation": [-45, 0, 0], "uv": [37, 41]},
						{"origin": [2.51, 1.5, 6], "size": [0, 3, 3], "pivot": [2.51, 3, 7.5], "rotation": [-45, 0, 0], "uv": [31, 41]}
					]
				},
				{
					"name": "fin_left2",
					"parent": "tail",
					"pivot": [2.5, 0.5, 8],
					"cubes": [
						{"origin": [2.5, 0.5, 6.5], "size": [4, 0, 3], "uv": [0, 3]}
					]
				},
				{
					"name": "fin_right2",
					"parent": "tail",
					"pivot": [-2.5, 0.5, 8],
					"cubes": [
						{"origin": [-6.5, 0.5, 6.5], "size": [4, 0, 3], "uv": [0, 0]}
					]
				},
				{
					"name": "tail2",
					"parent": "tail",
					"pivot": [0, 3, 8],
					"cubes": [
						{"origin": [-2, 1, 7.5], "size": [4, 4, 5], "uv": [0, 27]},
						{"origin": [0, 5, 5.5], "size": [0, 4, 7], "pivot": [0, 5, 5.5], "rotation": [-10, 0, 0], "uv": [0, 33]}
					]
				},
				{
					"name": "tail_detail",
					"parent": "tail2",
					"pivot": [0, 0, 0],
					"cubes": [
						{"origin": [-2.01, 2, 9.5], "size": [0, 2, 2], "inflate": 0.01, "pivot": [0, 3, 10.5], "rotation": [-45, 0, 0], "uv": [0, 16]},
						{"origin": [2.01, 2, 9.5], "size": [0, 2, 2], "inflate": 0.01, "pivot": [0, 3, 10.5], "rotation": [-45, 0, 0], "uv": [0, 18]},
						{"origin": [-2, 2.5, 7.5], "size": [4, 1, 3], "inflate": 0.01, "uv": [20, 40]}
					]
				},
				{
					"name": "tail3",
					"parent": "tail2",
					"pivot": [0, 3, 12],
					"cubes": [
						{"origin": [-1.5, 1.5, 11.5], "size": [3, 3, 5], "uv": [9, 40]},
						{"origin": [1, 3, 14.5], "size": [5, 0, 6], "uv": [22, 14]},
						{"origin": [-6, 3, 14.5], "size": [5, 0, 6], "uv": [12, 14]},
						{"origin": [0, 4, 14.5], "size": [0, 5, 6], "uv": [26, 27]},
						{"origin": [0, -3, 14.5], "size": [0, 5, 6], "uv": [0, 0]}
					]
				},
				{
					"name": "head",
					"parent": "torso",
					"pivot": [0, 2.5, -4.25],
					"cubes": [
						{"origin": [-3, 2, -11], "size": [6, 4, 7], "inflate": 0.01, "uv": [19, 20]},
						{"origin": [-3, 0, -7], "size": [6, 2, 3], "inflate": 0.01, "uv": [46, 34]},
						{"origin": [0.75, 5.575, -6], "size": [2, 0, 4], "pivot": [2.75, 5.575, -6], "rotation": [30, 17.5, 5], "uv": [0, 18]},
						{"origin": [-2.75, 3.575, -6], "size": [0, 2, 4], "pivot": [-2.75, 5.575, -6], "rotation": [30, -17.5, -5], "uv": [0, 40]},
						{"origin": [2.75, 0.075, -5.5], "size": [0, 2, 3], "pivot": [2.75, 0.075, -5.5], "rotation": [-15, 17.5, -1.5], "uv": [13, 27]},
						{"origin": [-2.75, 0.075, -5.5], "size": [0, 2, 3], "pivot": [-2.75, 0.075, -5.5], "rotation": [-15, -17.5, 1.5], "uv": [0, 43]},
						{"origin": [2.75, 3.575, -6], "size": [0, 2, 4], "pivot": [2.75, 5.575, -6], "rotation": [30, 17.5, 5], "uv": [18, 16]},
						{"origin": [-2.75, 5.575, -6], "size": [2, 0, 4], "pivot": [-2.75, 5.575, -6], "rotation": [30, -17.5, -5], "uv": [0, 14]},
						{"origin": [-2, 3, -17], "size": [4, 1, 6], "inflate": 0.01, "pivot": [0, 4, -11], "rotation": [10, 0, 0], "uv": [32, 33]},
						{"origin": [-2, 1.9733, -16.7352], "size": [4, 1, 6], "uv": [12, 33]}
					]
				},
				{
					"name": "jaw",
					"parent": "head",
					"pivot": [0, 2, -6],
					"cubes": [
						{"origin": [-3, 0, -17], "size": [6, 2, 12], "inflate": 0.02, "uv": [0, 0]},
						{"origin": [2, 1.5, -15.5], "size": [0, 1, 1], "inflate": 0.02, "pivot": [2, 2, -15], "rotation": [-45, 0, 0], "uv": [0, 3]},
						{"origin": [2, 1.25, -13], "size": [0, 1, 1], "inflate": 0.02, "pivot": [2, 1.75, -12.5], "rotation": [-45, 0, 0], "uv": [0, 2]},
						{"origin": [-2, 1.5, -15.5], "size": [0, 1, 1], "inflate": 0.02, "pivot": [-2, 2, -15], "rotation": [-45, 0, 0], "uv": [0, 0]},
						{"origin": [-2, 1.25, -13], "size": [0, 1, 1], "inflate": 0.02, "pivot": [-2, 1.75, -12.5], "rotation": [-45, 0, 0], "uv": [0, 1]},
						{"origin": [-2, 0, -19], "size": [4, 2, 2], "inflate": 0.02, "uv": [34, 40]},
						{"origin": [-3, 2, -7], "size": [6, 1, 2], "inflate": 0.02, "uv": [0, 36]}
					]
				},
				{
					"name": "eye_left",
					"parent": "head",
					"pivot": [2.5125, 3.625, -9.125],
					"cubes": [
						{"origin": [2.01, 2.5, -10], "size": [1, 2, 2], "inflate": 0.01, "uv": [46, 30]},
						{"origin": [2.015, 3.25, -9.75], "size": [1, 1, 1], "inflate": 0.01, "uv": [0, 27]}
					]
				},
				{
					"name": "eyelid_left",
					"parent": "eye_left",
					"pivot": [2.41, 3.5, -9],
					"cubes": [
						{"origin": [1.91, 2.5, -10], "size": [1, 2, 2], "inflate": 0.02, "uv": [4, 46]}
					]
				},
				{
					"name": "eye_right",
					"parent": "head",
					"pivot": [-2.5125, 3.625, -9.125],
					"cubes": [
						{"origin": [-3.01, 2.5, -10], "size": [1, 2, 2], "inflate": 0.01, "uv": [45, 26]},
						{"origin": [-3.015, 3.25, -9.75], "size": [1, 1, 1], "inflate": 0.01, "uv": [24, 0]}
					]
				},
				{
					"name": "eyelid_right",
					"parent": "eye_right",
					"pivot": [-2.41, 3.5, -9],
					"cubes": [
						{"origin": [-2.91, 2.5, -10], "size": [1, 2, 2], "inflate": 0.02, "uv": [44, 42]}
					]
				}
			]
		}
	]
}