{
	"format_version": "1.12.0",
	"minecraft:geometry": [
		{
			"description": {
				"identifier": "geometry.solaril",
				"texture_width": 128,
				"texture_height": 128,
				"visible_bounds_width": 3,
				"visible_bounds_height": 4.5,
				"visible_bounds_offset": [0, 1.75, 0]
			},
			"bones": [
				{
					"name": "solaril",
					"pivot": [0, 0, 0]
				},
				{
					"name": "head",
					"parent": "solaril",
					"pivot": [0, 26, 0],
					"cubes": [
						{"origin": [-6, 26, -6], "size": [12, 12, 12], "uv": [0, 0]},
						{"origin": [-11, 28, 0], "size": [22, 16, 0], "uv": [65, 3]}
					]
				},
				{
					"name": "bone",
					"parent": "solaril",
					"pivot": [0, 8, 0],
					"cubes": [
						{"origin": [-3, 8, -3], "size": [6, 18, 6], "uv": [0, 27]}
					]
				},
				{
					"name": "leg",
					"parent": "solaril",
					"pivot": [2, 10, -2],
					"rotation": [-22.5, 0, -22.5],
					"cubes": [
						{"origin": [1, -2, -3], "size": [2, 12, 2], "uv": [51, 37]}
					]
				},
				{
					"name": "leg2",
					"parent": "solaril",
					"pivot": [-2, 10, -2],
					"rotation": [-22.5, 0, 22.5],
					"cubes": [
						{"origin": [-3, -2, -3], "size": [2, 12, 2], "uv": [51, 37]}
					]
				},
				{
					"name": "leg3",
					"parent": "solaril",
					"pivot": [-2, 10, 2],
					"rotation": [22.5, 0, 22.5],
					"cubes": [
						{"origin": [-3, -2, 1], "size": [2, 12, 2], "uv": [51, 37]}
					]
				},
				{
					"name": "leg4",
					"parent": "solaril",
					"pivot": [2, 10, 2],
					"rotation": [22.5, 0, -22.5],
					"cubes": [
						{"origin": [1, -2, 1], "size": [2, 12, 2], "uv": [51, 37]}
					]
				},
				{
					"name": "tail",
					"parent": "solaril",
					"pivot": [0, 10, 2.5],
					"cubes": [
						{"origin": [-1, 9, 1], "size": [2, 2, 8], "uv": [75, 38]},
						{"origin": [-3, 7, 9], "size": [6, 6, 6], "uv": [95, 29]}
					]
				}
			]
		}
	]
}