{
	"format_version": "1.12.0",
	"minecraft:geometry": [
		{
			"description": {
				"identifier": "geometry.linub",
				"texture_width": 64,
				"texture_height": 64,
				"visible_bounds_width": 2,
				"visible_bounds_height": 2.5,
				"visible_bounds_offset": [0, 0.75, 0]
			},
			"bones": [
				{
					"name": "swinub",
					"pivot": [0, 0, 0]
				},
				{
					"name": "body",
					"parent": "swinub",
					"pivot": [0, 3, -0.5],
					"cubes": [
						{"origin": [-3.5, 0, -5], "size": [7, 6, 9], "uv": [0, 0]}
					]
				},
				{
					"name": "ear_right",
					"parent": "body",
					"pivot": [-1.5, 6, -4],
					"rotation": [0, 0, -22.5],
					"cubes": [
						{"origin": [-3.5, 6, -4], "size": [2, 3, 2], "uv": [0, 17]},
						{"origin": [-3, 5.75, -4.01], "size": [1, 3, 0], "uv": [20, 23]},
						{"origin": [-2.25, 7.75, -4], "size": [2, 2, 2], "inflate": 0.1, "pivot": [-1.25, 8.75, -3], "rotation": [-180, 0, 45], "uv": [24, 24]},
						{"origin": [-3.5, 8.5, -4], "size": [2, 2, 2], "inflate": 0.4, "pivot": [-2.5, 9.5, -3], "rotation": [-180, 0, 180], "uv": [24, 24], "mirror": true},
						{"origin": [-4.75, 7.75, -4], "size": [2, 2, 2], "inflate": 0.1, "pivot": [-3.75, 8.75, -3], "rotation": [180, 0, 45], "uv": [24, 24]}
					]
				},
				{
					"name": "ear_left",
					"parent": "body",
					"pivot": [1.5, 6, -4],
					"rotation": [0, 0, 22.5],
					"cubes": [
						{"origin": [1.5, 6, -4], "size": [2, 3, 2], "uv": [0, 17], "mirror": true},
						{"origin": [2, 5.75, -4.01], "size": [1, 3, 0], "uv": [20, 23]},
						{"origin": [1.5, 8.5, -4], "size": [2, 2, 2], "inflate": 0.4, "pivot": [2.5, 9.5, -3], "rotation": [0, 180, 0], "uv": [24, 24]},
						{"origin": [0.25, 7.75, -4], "size": [2, 2, 2], "inflate": 0.1, "pivot": [1.25, 8.75, -3], "rotation": [-180, 0, -45], "uv": [24, 24], "mirror": true},
						{"origin": [2.75, 7.75, -4], "size": [2, 2, 2], "inflate": 0.1, "pivot": [3.75, 8.75, -3], "rotation": [180, 0, -45], "uv": [24, 24], "mirror": true}
					]
				},
				{
					"name": "nose",
					"parent": "body",
					"pivot": [0, 1.5, -5.25],
					"cubes": [
						{"origin": [-1, 0.5, -5.75], "size": [2, 2, 1], "uv": [1, 3]},
						{"origin": [-1, 0.1, -5.5], "size": [2, 1, 0], "uv": [21, 17]}
					]
				},
				{
					"name": "mouths",
					"parent": "body",
					"pivot": [0, 0.75, -4.4]
				},
				{
					"name": "mouth_wide",
					"parent": "mouths",
					"pivot": [0, 0.55, -4.5],
					"cubes": [
						{"origin": [-1, 0.1, -4.9], "size": [2, 1, 1], "inflate": 0.01, "uv": [12, 18]}
					]
				},
				{
					"name": "mouth_small",
					"parent": "mouths",
					"pivot": [0, 0.55, -4.4],
					"cubes": [
						{"origin": [-0.5, 0.1, -4.9], "size": [1, 1, 1], "inflate": 0.01, "uv": [13, 20]}
					]
				},
				{
					"name": "tail",
					"parent": "body",
					"pivot": [0, 2, 4],
					"cubes": [
						{"origin": [-1, 1.5, 3.9], "size": [2, 2, 2], "uv": [19, 19]}
					]
				},
				{
					"name": "fur",
					"parent": "body",
					"pivot": [-2.5, 0.75, 0.5]
				},
				{
					"name": "fur_right",
					"parent": "fur",
					"pivot": [-3, 0.9, 0.5],
					"rotation": [0, 0, -8.5],
					"cubes": [
						{"origin": [-7, 0.75, -4], "size": [4, 0, 9], "uv": [2, 24], "mirror": true}
					]
				},
				{
					"name": "fur_left",
					"parent": "fur",
					"pivot": [3, 0.8, 0.5],
					"rotation": [0, 0, 8.5],
					"cubes": [
						{"origin": [3, 0.75, -4], "size": [4, 0, 9], "uv": [-7, 24], "mirror": true}
					]
				},
				{
					"name": "fur_middle",
					"parent": "fur",
					"pivot": [0, 0.75, 4],
					"rotation": [-8.5, 0, 0],
					"cubes": [
						{"origin": [-4, 0.75, 3.97704], "size": [8, 0, 4], "uv": [-1, 33]}
					]
				},
				{
					"name": "eyes",
					"parent": "body",
					"pivot": [2, 3.25, -5.025]
				},
				{
					"name": "left_eye",
					"parent": "eyes",
					"pivot": [1.75, 3, -5],
					"rotation": [0, 0, 8],
					"cubes": [
						{"origin": [0.75, 2.5, -5], "size": [2, 1, 0], "inflate": 0.01, "uv": [28, 18]}
					]
				},
				{
					"name": "left_eye_expression",
					"parent": "eyes",
					"pivot": [1.75, 3, -4.8]
				},
				{
					"name": "left_eye_expressions",
					"parent": "left_eye_expression",
					"pivot": [0.75, 3, -4.925],
					"cubes": [
						{"origin": [0.25, 2.5, -4.925], "size": [1, 1, 0], "inflate": 0.01, "uv": [28, 19]}
					]
				},
				{
					"name": "left_eye_expressions2",
					"parent": "left_eye_expression",
					"pivot": [1.75, 3, -4.925],
					"cubes": [
						{"origin": [1.25, 2.5, -4.925], "size": [1, 1, 0], "uv": [30, 19]}
					]
				},
				{
					"name": "left_eye_expressions3",
					"parent": "left_eye_expression",
					"pivot": [2.75, 3, -4.925],
					"cubes": [
						{"origin": [2.25, 2.5, -4.925], "size": [1, 1, 0], "inflate": 0.01, "uv": [28, 20]}
					]
				},
				{
					"name": "right_eye",
					"parent": "eyes",
					"pivot": [-1.75, 3, -5],
					"rotation": [0, 0, -8],
					"cubes": [
						{"origin": [-2.75, 2.5, -5], "size": [2, 1, 0], "inflate": 0.01, "uv": [28, 17]}
					]
				},
				{
					"name": "right_eye_expression",
					"parent": "eyes",
					"pivot": [-1.75, 3, -4.8]
				},
				{
					"name": "right_eye_expressions",
					"parent": "right_eye_expression",
					"pivot": [-0.75, 3, -4.925],
					"cubes": [
						{"origin": [-1.25, 2.5, -4.925], "size": [1, 1, 0], "inflate": 0.01, "uv": [30, 20]}
					]
				},
				{
					"name": "right_eye_expressions2",
					"parent": "right_eye_expression",
					"pivot": [-1.75, 3, -4.925],
					"cubes": [
						{"origin": [-2.25, 2.5, -4.925], "size": [1, 1, 0], "uv": [28, 20]}
					]
				},
				{
					"name": "right_eye_expressions3",
					"parent": "right_eye_expression",
					"pivot": [-2.75, 3, -4.925],
					"cubes": [
						{"origin": [-3.25, 2.5, -4.925], "size": [1, 1, 0], "inflate": 0.01, "uv": [30, 20]}
					]
				}
			]
		}
	]
}