{
    "species": "cobblemon:solarica",
    "order": 0,
    "variations": [
      {
        "aspects": [],
        "poser": "cobblemon:solarica",
        "model": "cobblemon:solarica.geo",
        "texture": "cobblemon:textures/pokemon/solarica/solarica.png",
        "layers": [
          {
            "name": "emissive",
            "emissive": true,
            "texture": "cobblemon:textures/pokemon/solarica/solarica_emissive.png",
            "translucent": true
      }
        ]
      },
      {
        "aspects": [ "shiny" ],
        "texture": "cobblemon:textures/pokemon/solarica/solarica_shiny.png",
        "layers": [
          {
            "name": "emissive",
            "emissive": true,
            "texture": "cobblemon:textures/pokemon/solarica/solarica_shiny_emissive.png",
            "translucent": true
      }
        ]
      }
    ]
  }