{
	"format_version": "1.8.0",
	"animations": {
		"animation.sonorosianultim.ground_idle": {
			"loop": true,
			"animation_length": 4,
			"bones": {
				"torso": {
					"rotation": [0, 0, 0]
				},
				"leg_right": {
					"rotation": {
						"0.0": [0, 0, 5],
						"4.0": [0, 0, 5]
					}
				},
				"boot_right": {
					"rotation": {
						"0.0": [0, 0, -2.5],
						"4.0": [0, 0, -2.5]
					}
				},
				"foot_right": {
					"rotation": {
						"0.0": [0, 0, -2.5],
						"4.0": [0, 0, -2.5]
					}
				},
				"leg_left": {
					"rotation": {
						"0.0": [0, 0, -5],
						"4.0": [0, 0, -5]
					}
				},
				"boot_left": {
					"rotation": {
						"0.0": [0, 0, 2.5],
						"4.0": [0, 0, 2.5]
					}
				},
				"foot_left": {
					"rotation": {
						"0.0": [0, 0, 2.5],
						"4.0": [0, 0, 2.5]
					}
				},
				"head": {
					"rotation": {
						"0.0": {
							"post": [15, 0, 0],
							"lerp_mode": "catmullrom"
						},
						"2.0": {
							"post": [10, 0, 0],
							"lerp_mode": "catmullrom"
						},
						"4.0": [15, 0, 0]
					}
				},
				"shoulder_left": {
					"rotation": {
						"0.0": {
							"post": [5, 0, -15],
							"lerp_mode": "catmullrom"
						},
						"2.0": {
							"post": [4.98107, 0.43523, -19.98107],
							"lerp_mode": "catmullrom"
						},
						"4.0": [5, 0, -15]
					}
				},
				"arm_left": {
					"rotation": {
						"0.0": [-2.5, 0, 7.5],
						"4.0": [-2.5, 0, 7.5]
					}
				},
				"arm_left_bottom": {
					"rotation": {
						"0.0": [-2.5, 0, 5],
						"4.0": [-2.5, 0, 5]
					}
				},
				"thumb_left": {
					"rotation": {
						"0.0": {
							"post": [0, 90, 20],
							"lerp_mode": "catmullrom"
						},
						"2.0": {
							"post": [0, 75, 20],
							"lerp_mode": "catmullrom"
						},
						"4.0": [0, 90, 20]
					}
				},
				"thumb_left_joint": {
					"rotation": {
						"0.0": {
							"post": [0, 100, 0],
							"lerp_mode": "catmullrom"
						},
						"2.0": {
							"post": [0, 75, 0],
							"lerp_mode": "catmullrom"
						},
						"4.0": [0, 100, 0]
					}
				},
				"index_left": {
					"rotation": {
						"0.0": [0, 0, 95],
						"2.0": [0, 0, 75],
						"4.0": [0, 0, 95]
					}
				},
				"index_left_joint": {
					"rotation": {
						"0.0": [0, 0, 100],
						"2.0": [0, 0, 75],
						"4.0": [0, 0, 100]
					}
				},
				"middle_left": {
					"rotation": {
						"0.0": [0, 0, 95],
						"2.0": [0, 0, 75],
						"4.0": [0, 0, 95]
					}
				},
				"middle_left_joint": {
					"rotation": {
						"0.0": [0, 0, 100],
						"2.0": [0, 0, 75],
						"4.0": [0, 0, 100]
					}
				},
				"pinky_left": {
					"rotation": {
						"0.0": [0, 0, 95],
						"2.0": [0, 0, 75],
						"4.0": [0, 0, 95]
					}
				},
				"pinky_left_joint": {
					"rotation": {
						"0.0": [0, 0, 100],
						"2.0": [0, 0, 75],
						"4.0": [0, 0, 100]
					}
				},
				"shoulder_right": {
					"rotation": {
						"0.0": {
							"post": [5, 0, 15],
							"lerp_mode": "catmullrom"
						},
						"2.0": {
							"post": [4.98107, -0.43523, 19.98107],
							"lerp_mode": "catmullrom"
						},
						"4.0": [5, 0, 15]
					}
				},
				"arm_right": {
					"rotation": {
						"0.0": [-2.5, 0, -7.5],
						"4.0": [-2.5, 0, -7.5]
					}
				},
				"arm_right_bottom": {
					"rotation": {
						"0.0": [-2.5, 0, -5],
						"4.0": [-2.5, 0, -5]
					}
				},
				"thumb_right": {
					"rotation": {
						"0.0": {
							"post": [0, -90, -20],
							"lerp_mode": "catmullrom"
						},
						"2.0": {
							"post": [0, -75, -20],
							"lerp_mode": "catmullrom"
						},
						"4.0": [0, -90, -20]
					}
				},
				"thumb_right_joint": {
					"rotation": {
						"0.0": {
							"post": [0, -100, 0],
							"lerp_mode": "catmullrom"
						},
						"2.0": {
							"post": [0, -75, 0],
							"lerp_mode": "catmullrom"
						},
						"4.0": [0, -100, 0]
					}
				},
				"index_right": {
					"rotation": {
						"0.0": {
							"post": [0, 0, -95],
							"lerp_mode": "catmullrom"
						},
						"2.0": {
							"post": [0, 0, -75],
							"lerp_mode": "catmullrom"
						},
						"4.0": [0, 0, -95]
					}
				},
				"index_right_joint": {
					"rotation": {
						"0.0": {
							"post": [0, 0, -100],
							"lerp_mode": "catmullrom"
						},
						"2.0": {
							"post": [0, 0, -75],
							"lerp_mode": "catmullrom"
						},
						"4.0": [0, 0, -100]
					}
				},
				"middle_right": {
					"rotation": {
						"0.0": {
							"post": [0, 0, -95],
							"lerp_mode": "catmullrom"
						},
						"2.0": {
							"post": [0, 0, -75],
							"lerp_mode": "catmullrom"
						},
						"4.0": [0, 0, -95]
					}
				},
				"middle_right_joint": {
					"rotation": {
						"0.0": {
							"post": [0, 0, -100],
							"lerp_mode": "catmullrom"
						},
						"2.0": {
							"post": [0, 0, -75],
							"lerp_mode": "catmullrom"
						},
						"4.0": [0, 0, -100]
					}
				},
				"pinky_right": {
					"rotation": {
						"0.0": {
							"post": [0, 0, -95],
							"lerp_mode": "catmullrom"
						},
						"2.0": {
							"post": [0, 0, -75],
							"lerp_mode": "catmullrom"
						},
						"4.0": [0, 0, -95]
					}
				},
				"pinky_right_joint": {
					"rotation": {
						"0.0": {
							"post": [0, 0, -100],
							"lerp_mode": "catmullrom"
						},
						"2.0": {
							"post": [0, 0, -75],
							"lerp_mode": "catmullrom"
						},
						"4.0": [0, 0, -100]
					}
				}
			}
		},
		"animation.sonorosianultim.ground_walk": {
			"loop": true,
			"animation_length": 1.5,
			"bones": {
				"leg_right": {
					"rotation": {
						"0.0": {
							"post": [-42.5, 0, 5],
							"lerp_mode": "catmullrom"
						},
						"0.35": {
							"post": [-20, 0, 5],
							"lerp_mode": "catmullrom"
						},
						"0.75": {
							"post": [15, 0, 5],
							"lerp_mode": "catmullrom"
						},
						"1.1": {
							"post": [-10, 0, 5],
							"lerp_mode": "catmullrom"
						},
						"1.5": [-42.5, 0, 5]
					}
				},
				"boot_right": {
					"rotation": {
						"0.0": {
							"post": [32.5, 0, -2.5],
							"lerp_mode": "catmullrom"
						},
						"0.35": {
							"post": [20, 0, -2.5],
							"lerp_mode": "catmullrom"
						},
						"1.1": {
							"post": [72.5, 0, -2.5],
							"lerp_mode": "catmullrom"
						},
						"1.5": [32.5, 0, -2.5]
					}
				},
				"foot_right": {
					"rotation": [0, 0, -2.5]
				},
				"leg_left": {
					"rotation": {
						"0.0": {
							"post": [15, 0, -5],
							"lerp_mode": "catmullrom"
						},
						"0.35": {
							"post": [-10, 0, -5],
							"lerp_mode": "catmullrom"
						},
						"0.75": {
							"post": [-42.5, 0, -5],
							"lerp_mode": "catmullrom"
						},
						"1.1": {
							"post": [-20, 0, -5],
							"lerp_mode": "catmullrom"
						},
						"1.5": [15, 0, -5]
					}
				},
				"boot_left": {
					"rotation": {
						"0.0": {
							"post": [20, 0, 2.5],
							"lerp_mode": "catmullrom"
						},
						"0.35": {
							"post": [72.5, 0, 2.5],
							"lerp_mode": "catmullrom"
						},
						"0.75": {
							"post": [32.5, 0, 2.5],
							"lerp_mode": "catmullrom"
						},
						"1.1": {
							"post": [20, 0, 2.5],
							"lerp_mode": "catmullrom"
						},
						"1.5": [20, 0, 2.5]
					}
				},
				"foot_left": {
					"rotation": [0, 0, -2.5]
				},
				"head": {
					"rotation": {
						"0.0": {
							"post": [2.5, 0, 0],
							"lerp_mode": "catmullrom"
						},
						"0.35": {
							"post": [10, 0, 0],
							"lerp_mode": "catmullrom"
						},
						"0.75": {
							"post": [2.5, 0, 0],
							"lerp_mode": "catmullrom"
						},
						"1.1": {
							"post": [10, 0, 0],
							"lerp_mode": "catmullrom"
						},
						"1.5": [2.5, 0, 0]
					}
				},
				"shoulder_left": {
					"rotation": {
						"0.0": {
							"post": [5, 0, -15],
							"lerp_mode": "catmullrom"
						},
						"0.75": {
							"post": [-5, 0, -15],
							"lerp_mode": "catmullrom"
						},
						"1.5": [5, 0, -15]
					}
				},
				"arm_left": {
					"rotation": {
						"0.0": {
							"post": [12.5, 0, 7.5],
							"lerp_mode": "catmullrom"
						},
						"0.75": {
							"post": [-12.5, 0, 7.5],
							"lerp_mode": "catmullrom"
						},
						"1.5": [12.5, 0, 7.5]
					}
				},
				"arm_left_bottom": {
					"rotation": {
						"0.0": {
							"post": [-7.5, 0, 5],
							"lerp_mode": "catmullrom"
						},
						"0.75": {
							"post": [7.5, 0, 5],
							"lerp_mode": "catmullrom"
						},
						"1.5": [-7.5, 0, 5]
					}
				},
				"thumb_left": {
					"rotation": [12.5, 65, -45]
				},
				"thumb_left_joint": {
					"rotation": [0, 25, 0]
				},
				"index_left": {
					"rotation": [0, 0, 15]
				},
				"index_left_joint": {
					"rotation": [0, 0, 25]
				},
				"middle_left": {
					"rotation": [0, 0, 15]
				},
				"middle_left_joint": {
					"rotation": [0, 0, 25]
				},
				"pinky_left": {
					"rotation": [0, 0, 15]
				},
				"pinky_left_joint": {
					"rotation": [0, 0, 25]
				},
				"shoulder_right": {
					"rotation": {
						"0.0": {
							"post": [-5, 0, 15],
							"lerp_mode": "catmullrom"
						},
						"0.75": {
							"post": [5, 0, 15],
							"lerp_mode": "catmullrom"
						},
						"1.5": [-5, 0, 15]
					}
				},
				"arm_right": {
					"rotation": {
						"0.0": {
							"post": [-12.5, 0, -7.5],
							"lerp_mode": "catmullrom"
						},
						"0.75": {
							"post": [12.5, 0, -7.5],
							"lerp_mode": "catmullrom"
						},
						"1.5": [-12.5, 0, -7.5]
					}
				},
				"arm_right_bottom": {
					"rotation": {
						"0.0": {
							"post": [7.5, 0, -5],
							"lerp_mode": "catmullrom"
						},
						"0.75": {
							"post": [-7.5, 0, -5],
							"lerp_mode": "catmullrom"
						},
						"1.5": [7.5, 0, -5]
					}
				},
				"thumb_right": {
					"rotation": [12.5, -65, 45]
				},
				"thumb_right_joint": {
					"rotation": [0, -25, 0]
				},
				"index_right": {
					"rotation": [0, 0, -15]
				},
				"index_right_joint": {
					"rotation": [0, 0, -25]
				},
				"middle_right": {
					"rotation": [0, 0, -15]
				},
				"middle_right_joint": {
					"rotation": [0, 0, -25]
				},
				"pinky_right": {
					"rotation": [0, 0, -15]
				},
				"pinky_right_joint": {
					"rotation": [0, 0, -25]
				},
				"torso": {
					"position": [0, -2, 0]
				},
				"hand_left": {
					"rotation": {
						"0.0": {
							"post": [-5, 0, 0],
							"lerp_mode": "catmullrom"
						},
						"0.75": {
							"post": [5, 0, 0],
							"lerp_mode": "catmullrom"
						},
						"1.5": [-5, 0, 0]
					}
				},
				"hand_right": {
					"rotation": {
						"0.0": {
							"post": [5, 0, 0],
							"lerp_mode": "catmullrom"
						},
						"0.75": {
							"post": [-5, 0, 0],
							"lerp_mode": "catmullrom"
						},
						"1.5": [5, 0, 0]
					}
				}
			}
		},
		"animation.sonorosianultim.faint": {
			"loop": "hold_on_last_frame",
			"animation_length": 3,
			"bones": {
				"leg_right": {
					"rotation": {
						"0.0": {
							"post": [0, 0, 5],
							"lerp_mode": "catmullrom"
						},
						"0.15": {
							"post": [-42.5, 0, 5],
							"lerp_mode": "catmullrom"
						},
						"0.25": {
							"post": [-75, 0, 5],
							"lerp_mode": "catmullrom"
						},
						"1.25": [-5, 0, 5]
					}
				},
				"boot_right": {
					"rotation": {
						"0.0": {
							"post": [0, 0, -2.5],
							"lerp_mode": "catmullrom"
						},
						"0.15": {
							"post": [65, 0, -2.5],
							"lerp_mode": "catmullrom"
						},
						"0.25": {
							"post": [95, 0, -2.5],
							"lerp_mode": "catmullrom"
						},
						"1.25": [5, 0, -2.5]
					}
				},
				"foot_right": {
					"rotation": [0, 0, -2.5]
				},
				"leg_left": {
					"rotation": {
						"0.0": {
							"post": [0, 0, -5],
							"lerp_mode": "catmullrom"
						},
						"0.15": {
							"post": [-42.5, 0, -5],
							"lerp_mode": "catmullrom"
						},
						"0.25": {
							"post": [-75, 0, -5],
							"lerp_mode": "catmullrom"
						},
						"1.25": [-5, 0, -5]
					}
				},
				"boot_left": {
					"rotation": {
						"0.0": {
							"post": [0, 0, 2.5],
							"lerp_mode": "catmullrom"
						},
						"0.15": {
							"post": [65, 0, 2.5],
							"lerp_mode": "catmullrom"
						},
						"0.25": {
							"post": [95, 0, 2.5],
							"lerp_mode": "catmullrom"
						},
						"1.25": [5, 0, 2.5]
					}
				},
				"foot_left": {
					"rotation": [0, 0, 2.5]
				},
				"head": {
					"rotation": {
						"0.0": {
							"post": [15, 0, 0],
							"lerp_mode": "catmullrom"
						},
						"0.7": {
							"post": [15, 0, 0],
							"lerp_mode": "catmullrom"
						},
						"1.05": {
							"post": [-30, 0, 0],
							"lerp_mode": "catmullrom"
						},
						"1.25": {
							"post": [15, 0, 0],
							"lerp_mode": "catmullrom"
						},
						"1.65": [15, 0, 0]
					}
				},
				"shoulder_left": {
					"rotation": {
						"0.0": {
							"post": [5, 0, -15],
							"lerp_mode": "catmullrom"
						},
						"0.25": {
							"post": [2.5, 0, -15],
							"lerp_mode": "catmullrom"
						},
						"0.55": {
							"post": [2.5, 0, -15],
							"lerp_mode": "catmullrom"
						},
						"0.7": [0, 0, -15]
					}
				},
				"arm_left": {
					"rotation": {
						"0.0": {
							"post": [-2.5, 0, 7.5],
							"lerp_mode": "catmullrom"
						},
						"0.15": {
							"post": [-42.5, 0, 7.5],
							"lerp_mode": "catmullrom"
						},
						"0.25": {
							"post": [-55, 0, 7.5],
							"lerp_mode": "catmullrom"
						},
						"0.4": {
							"post": [-62.5, 0, 7.5],
							"lerp_mode": "catmullrom"
						},
						"0.55": {
							"post": [-62.5, 0, 7.5],
							"lerp_mode": "catmullrom"
						},
						"0.7": {
							"post": [-42.5, 0, 7.5],
							"lerp_mode": "catmullrom"
						},
						"0.9": {
							"post": [-12.5, 0, 7.5],
							"lerp_mode": "catmullrom"
						},
						"1.05": {
							"post": [0, 0, 7.5],
							"lerp_mode": "catmullrom"
						},
						"1.25": [-10, 0, 7.5]
					}
				},
				"arm_left_bottom": {
					"rotation": {
						"0.0": {
							"post": [-2.5, 0, 5],
							"lerp_mode": "catmullrom"
						},
						"0.15": {
							"post": [-22.5, 0, 5],
							"lerp_mode": "catmullrom"
						},
						"0.55": {
							"post": [-22.5, 0, 5],
							"lerp_mode": "catmullrom"
						},
						"0.7": {
							"post": [0, 0, 5],
							"lerp_mode": "catmullrom"
						},
						"1.25": [7.5, 0, 5]
					}
				},
				"thumb_left": {
					"rotation": {
						"0.0": {
							"post": [0, 90, 20],
							"lerp_mode": "catmullrom"
						},
						"0.15": {
							"post": [0, 77.5, -55],
							"lerp_mode": "catmullrom"
						},
						"1.05": {
							"post": [0, 77.5, -55],
							"lerp_mode": "catmullrom"
						},
						"1.25": [20, 77.5, -55]
					}
				},
				"thumb_left_joint": {
					"rotation": {
						"0.0": {
							"post": [0, 100, 0],
							"lerp_mode": "catmullrom"
						},
						"0.15": {
							"post": [0, 15, 0],
							"lerp_mode": "catmullrom"
						},
						"1.05": [0, 15, 0]
					}
				},
				"index_left": {
					"rotation": {
						"0.0": {
							"post": [0, 0, 95],
							"lerp_mode": "catmullrom"
						},
						"0.15": {
							"post": [0, 0, 12.5],
							"lerp_mode": "catmullrom"
						},
						"1.05": [0, 0, 12.5]
					}
				},
				"index_left_joint": {
					"rotation": {
						"0.0": {
							"post": [0, 0, 100],
							"lerp_mode": "catmullrom"
						},
						"0.15": {
							"post": [0, 0, 25],
							"lerp_mode": "catmullrom"
						},
						"1.05": {
							"post": [0, 0, 25],
							"lerp_mode": "catmullrom"
						},
						"1.25": [0, 0, 0]
					}
				},
				"middle_left": {
					"rotation": {
						"0.0": {
							"post": [0, 0, 95],
							"lerp_mode": "catmullrom"
						},
						"0.15": {
							"post": [0, 0, 12.5],
							"lerp_mode": "catmullrom"
						},
						"1.05": [0, 0, 12.5]
					}
				},
				"middle_left_joint": {
					"rotation": {
						"0.0": {
							"post": [0, 0, 100],
							"lerp_mode": "catmullrom"
						},
						"0.15": {
							"post": [0, 0, 25],
							"lerp_mode": "catmullrom"
						},
						"1.05": {
							"post": [0, 0, 25],
							"lerp_mode": "catmullrom"
						},
						"1.25": [0, 0, 0]
					}
				},
				"pinky_left": {
					"rotation": {
						"0.0": {
							"post": [0, 0, 95],
							"lerp_mode": "catmullrom"
						},
						"0.15": {
							"post": [0, 0, 12.5],
							"lerp_mode": "catmullrom"
						},
						"1.05": [0, 0, 12.5]
					}
				},
				"pinky_left_joint": {
					"rotation": {
						"0.0": {
							"post": [0, 0, 100],
							"lerp_mode": "catmullrom"
						},
						"0.15": {
							"post": [0, 0, 25],
							"lerp_mode": "catmullrom"
						},
						"1.05": {
							"post": [0, 0, 25],
							"lerp_mode": "catmullrom"
						},
						"1.25": [0, 0, 0]
					}
				},
				"shoulder_right": {
					"rotation": {
						"0.0": {
							"post": [5, 0, 15],
							"lerp_mode": "catmullrom"
						},
						"0.25": {
							"post": [-2.5, 0, 15],
							"lerp_mode": "catmullrom"
						},
						"0.55": {
							"post": [-2.5, 0, 15],
							"lerp_mode": "catmullrom"
						},
						"0.7": [0, 0, 15]
					}
				},
				"arm_right": {
					"rotation": {
						"0.0": {
							"post": [-2.5, 0, -7.5],
							"lerp_mode": "catmullrom"
						},
						"0.15": {
							"post": [-42.5, 0, -7.5],
							"lerp_mode": "catmullrom"
						},
						"0.25": {
							"post": [-55, 0, -7.5],
							"lerp_mode": "catmullrom"
						},
						"0.4": {
							"post": [-62.5, 0, -7.5],
							"lerp_mode": "catmullrom"
						},
						"0.55": {
							"post": [-62.5, 0, -7.5],
							"lerp_mode": "catmullrom"
						},
						"0.7": {
							"post": [-42.5, 0, -7.5],
							"lerp_mode": "catmullrom"
						},
						"0.9": {
							"post": [-12.5, 0, -7.5],
							"lerp_mode": "catmullrom"
						},
						"1.05": {
							"post": [0, 0, -7.5],
							"lerp_mode": "catmullrom"
						},
						"1.25": [-10, 0, -7.5]
					}
				},
				"arm_right_bottom": {
					"rotation": {
						"0.0": {
							"post": [-2.5, 0, -5],
							"lerp_mode": "catmullrom"
						},
						"0.15": {
							"post": [-22.5, 0, -5],
							"lerp_mode": "catmullrom"
						},
						"0.55": {
							"post": [-22.5, 0, -5],
							"lerp_mode": "catmullrom"
						},
						"0.7": {
							"post": [0, 0, -5],
							"lerp_mode": "catmullrom"
						},
						"1.25": [7.5, 0, -5]
					}
				},
				"thumb_right": {
					"rotation": {
						"0.0": {
							"post": [0, -90, -20],
							"lerp_mode": "catmullrom"
						},
						"0.15": {
							"post": [0, -77.5, 55],
							"lerp_mode": "catmullrom"
						},
						"1.05": {
							"post": [0, -77.5, 55],
							"lerp_mode": "catmullrom"
						},
						"1.25": [20, -77.5, 55]
					}
				},
				"thumb_right_joint": {
					"rotation": {
						"0.0": {
							"post": [0, -100, 0],
							"lerp_mode": "catmullrom"
						},
						"0.15": {
							"post": [0, -15, 0],
							"lerp_mode": "catmullrom"
						},
						"1.05": [0, -15, 0]
					}
				},
				"index_right": {
					"rotation": {
						"0.0": {
							"post": [0, 0, -95],
							"lerp_mode": "catmullrom"
						},
						"0.15": {
							"post": [0, 0, -12.5],
							"lerp_mode": "catmullrom"
						},
						"1.05": [0, 0, -12.5]
					}
				},
				"index_right_joint": {
					"rotation": {
						"0.0": {
							"post": [0, 0, -100],
							"lerp_mode": "catmullrom"
						},
						"0.15": {
							"post": [0, 0, -25],
							"lerp_mode": "catmullrom"
						},
						"1.05": {
							"post": [0, 0, -25],
							"lerp_mode": "catmullrom"
						},
						"1.25": [0, 0, 0]
					}
				},
				"middle_right": {
					"rotation": {
						"0.0": {
							"post": [0, 0, -95],
							"lerp_mode": "catmullrom"
						},
						"0.15": {
							"post": [0, 0, -12.5],
							"lerp_mode": "catmullrom"
						},
						"1.05": [0, 0, -12.5]
					}
				},
				"middle_right_joint": {
					"rotation": {
						"0.0": {
							"post": [0, 0, -100],
							"lerp_mode": "catmullrom"
						},
						"0.15": {
							"post": [0, 0, -25],
							"lerp_mode": "catmullrom"
						},
						"1.05": {
							"post": [0, 0, -25],
							"lerp_mode": "catmullrom"
						},
						"1.25": [0, 0, 0]
					}
				},
				"pinky_right": {
					"rotation": {
						"0.0": {
							"post": [0, 0, -95],
							"lerp_mode": "catmullrom"
						},
						"0.15": {
							"post": [0, 0, -12.5],
							"lerp_mode": "catmullrom"
						},
						"1.05": [0, 0, -12.5]
					}
				},
				"pinky_right_joint": {
					"rotation": {
						"0.0": {
							"post": [0, 0, -100],
							"lerp_mode": "catmullrom"
						},
						"0.15": {
							"post": [0, 0, -25],
							"lerp_mode": "catmullrom"
						},
						"1.05": {
							"post": [0, 0, -25],
							"lerp_mode": "catmullrom"
						},
						"1.25": [0, 0, 0]
					}
				},
				"torso": {
					"rotation": {
						"0.0": {
							"post": [0, 0, 0],
							"lerp_mode": "catmullrom"
						},
						"0.15": {
							"post": [-22.5, 0, 0],
							"lerp_mode": "catmullrom"
						},
						"0.25": {
							"post": [-62.5, 0, 0],
							"lerp_mode": "catmullrom"
						},
						"0.3": [-65.18181, 0, 0],
						"0.35": [-75.39676, 0, 0],
						"0.4": [-90, 0, 0],
						"0.45": [-92.25385, 0, 0],
						"0.5": [-95.24615, 0, 0],
						"0.55": [-97.5, 0, 0],
						"0.6": [-121.39621, 0, 0],
						"0.65": [-138.11159, 0, 0],
						"0.7": {
							"pre": [-142.5, 0, 0],
							"post": [-142.5, 0, 0],
							"lerp_mode": "catmullrom"
						},
						"0.9": {
							"post": [-182.5, 0, 0],
							"lerp_mode": "catmullrom"
						},
						"1.05": {
							"post": [-245, 0, 0],
							"lerp_mode": "catmullrom"
						},
						"1.25": [-270, 0, 0]
					},
					"position": {
						"0.0": {
							"post": [0, 0, 0],
							"lerp_mode": "catmullrom"
						},
						"0.15": {
							"post": [0, 0, 31],
							"lerp_mode": "catmullrom"
						},
						"0.25": {
							"post": [0, -22, 61],
							"lerp_mode": "catmullrom"
						},
						"0.3": [0, -23.95041, 62.26776],
						"0.35": [0, -31.37946, 67.09665],
						"0.4": [0, -42, 74],
						"0.45": [0, -47.40925, 77.30565],
						"0.5": [0, -54.59075, 81.69435],
						"0.55": [0, -60, 85],
						"0.6": [0, -50.44151, 90.31027],
						"0.65": [0, -43.75537, 94.0248],
						"0.7": {
							"pre": [0, -42, 95],
							"post": [0, -42, 95],
							"lerp_mode": "catmullrom"
						},
						"0.9": {
							"post": [0, -21, 121],
							"lerp_mode": "catmullrom"
						},
						"1.05": {
							"post": [0, -30, 155],
							"lerp_mode": "catmullrom"
						},
						"1.25": {
							"post": [0, -61, 176],
							"lerp_mode": "catmullrom"
						},
						"1.5": {
							"post": [0, -61, 193.43],
							"lerp_mode": "catmullrom"
						},
						"1.75": {
							"post": [0, -61, 201.37],
							"lerp_mode": "catmullrom"
						},
						"2.0": {
							"post": [0, -61, 205.68],
							"lerp_mode": "catmullrom"
						},
						"2.2": [0, -61, 207.17]
					}
				},
				"torso_top": {
					"rotation": {
						"0.0": {
							"post": [0, 0, 0],
							"lerp_mode": "catmullrom"
						},
						"0.15": {
							"post": [32.5, 0, 0],
							"lerp_mode": "catmullrom"
						},
						"1.25": [2.5, 0, 0]
					}
				},
				"neck": {
					"rotation": {
						"0.0": {
							"post": [0, 0, 0],
							"lerp_mode": "catmullrom"
						},
						"0.55": {
							"post": [0, 0, 0],
							"lerp_mode": "catmullrom"
						},
						"0.7": {
							"post": [65, 0, 0],
							"lerp_mode": "catmullrom"
						},
						"1.05": {
							"post": [-41, 0, 0],
							"lerp_mode": "catmullrom"
						},
						"1.25": {
							"post": [0, 0, 0],
							"lerp_mode": "catmullrom"
						},
						"1.65": [0, 0, 0]
					}
				},
				"hand_left": {
					"rotation": {
						"0.0": {
							"post": [0, 0, 0],
							"lerp_mode": "catmullrom"
						},
						"1.2": {
							"post": [0, -90, 0],
							"lerp_mode": "catmullrom"
						},
						"1.25": [0, -90, 0]
					}
				},
				"hand_right": {
					"rotation": {
						"0.0": {
							"post": [0, 0, 0],
							"lerp_mode": "catmullrom"
						},
						"1.2": {
							"post": [0, 90, 0],
							"lerp_mode": "catmullrom"
						},
						"1.25": [0, 90, 0]
					}
				}
			}
		},
		"animation.sonorosianultim.cry": {
			"loop": "hold_on_last_frame",
			"animation_length": 6,
			"bones": {
				"torso": {
					"rotation": {
						"0.0": [0, 0, 0],
						"0.65": [22.5, 0, 0],
						"4.0": [0, 0, 0]
					},
					"position": {
						"0.0": [0, 0, 0],
						"0.65": [0, -27, -17],
						"4.0": [0, 0, 0]
					}
				},
				"leg_right": {
					"rotation": {
						"0.0": {
							"post": [0, 0, 0],
							"lerp_mode": "catmullrom"
						},
						"0.35": {
							"post": [-57.5, 0, 0],
							"lerp_mode": "catmullrom"
						},
						"0.65": [0, 0, 0],
						"4.0": [0, 0, 0]
					}
				},
				"boot_right": {
					"rotation": {
						"0.0": {
							"post": [0, 0, 0],
							"lerp_mode": "catmullrom"
						},
						"0.35": {
							"post": [97.5, 0, 0],
							"lerp_mode": "catmullrom"
						},
						"0.65": {
							"post": [65, 0, 0],
							"lerp_mode": "catmullrom"
						},
						"0.85": [70, 0, 0],
						"1.55": [64.44, 0, 0],
						"2.0": [60.1, 0, 0],
						"2.55": [56.07, 0, 0],
						"3.0": [51.17, 0, 0],
						"3.5": [43.09, 0, 0],
						"4.0": [0, 0, 0]
					}
				},
				"leg_left": {
					"rotation": {
						"0.0": {
							"post": [0, 0, 0],
							"lerp_mode": "catmullrom"
						},
						"0.35": {
							"post": [-97.5, 0, 0],
							"lerp_mode": "catmullrom"
						},
						"0.65": [-120, 0, 0],
						"1.55": [-97.76, 0, 0],
						"2.0": [-84.8, 0, 0],
						"2.55": [-68.98, 0, 0],
						"3.0": [-57.57, 0, 0],
						"3.5": [-38.78, 0, 0],
						"4.0": [0, 0, 0]
					}
				},
				"boot_left": {
					"rotation": {
						"0.0": {
							"post": [0, 0, 0],
							"lerp_mode": "catmullrom"
						},
						"0.35": {
							"post": [66.25, 0, 0],
							"lerp_mode": "catmullrom"
						},
						"0.65": [97.5, 0, 0],
						"1.55": [81.31, 0, 0],
						"2.0": [71.38, 0, 0],
						"2.55": [59.25, 0, 0],
						"3.0": [50.86, 0, 0],
						"3.5": [35.43, 0, 0],
						"4.0": [0, 0, 0]
					}
				},
				"torso_top": {
					"rotation": {
						"0.0": {
							"post": [0, 0, 0],
							"lerp_mode": "catmullrom"
						},
						"0.6": {
							"post": [32.5, 0, 0],
							"lerp_mode": "catmullrom"
						},
						"0.65": [32.5, 0, 0],
						"4.0": [0, 0, 0]
					}
				},
				"neck": {
					"rotation": {
						"0.0": {
							"post": [0, 0, 0],
							"lerp_mode": "catmullrom"
						},
						"0.6": {
							"post": [-30, 0, 0],
							"lerp_mode": "catmullrom"
						},
						"0.65": [-30, 0, 0],
						"4.0": [0, 0, 0]
					}
				},
				"head": {
					"rotation": {
						"0.0": {
							"post": [0, 0, 0],
							"lerp_mode": "catmullrom"
						},
						"0.35": {
							"post": [-42.5, 0, 0],
							"lerp_mode": "catmullrom"
						},
						"0.65": {
							"post": [27.5, 0, 0],
							"lerp_mode": "catmullrom"
						},
						"0.85": {
							"post": [27.5, 0, 0],
							"lerp_mode": "catmullrom"
						},
						"1.0": [-30, 0, 0],
						"4.0": [0, 0, 0]
					}
				},
				"arm_left_bottom": {
					"rotation": {
						"0.0": {
							"post": [0, 0, 0],
							"lerp_mode": "catmullrom"
						},
						"0.65": {
							"post": [-30, 0, 0],
							"lerp_mode": "catmullrom"
						},
						"0.85": {
							"post": [-30, 0, 0],
							"lerp_mode": "catmullrom"
						},
						"1.0": [-70, 0, 0],
						"4.0": [0, 0, 0]
					}
				},
				"arm_right_bottom": {
					"rotation": {
						"0.0": {
							"post": [0, 0, 0],
							"lerp_mode": "catmullrom"
						},
						"0.65": {
							"post": [-30, 0, 0],
							"lerp_mode": "catmullrom"
						},
						"0.85": {
							"post": [0, 0, 0],
							"lerp_mode": "catmullrom"
						},
						"1.0": [-70, 0, 0],
						"4.0": [0, 0, 0]
					}
				}
			},
			"sound_effects": {
				"0.3": {
					"effect": "pokemon.sonorosianultim.cry"
				}
			}
		}
	}
}