{
	"format_version": "1.12.0",
	"minecraft:geometry": [
		{
			"description": {
				"identifier": "geometry.spinot",
				"texture_width": 128,
				"texture_height": 64,
				"visible_bounds_width": 5,
				"visible_bounds_height": 3.5,
				"visible_bounds_offset": [0, 1.25, 0]
			},
			"bones": [
				{
					"name": "spinot",
					"pivot": [0, 0, 0]
				},
				{
					"name": "body",
					"parent": "spinot",
					"pivot": [0, 0, 0]
				},
				{
					"name": "torso",
					"parent": "body",
					"pivot": [0, 13, 1],
					"cubes": [
						{"origin": [-5, 8, -4], "size": [10, 11, 14], "uv": [-4, -4]},
						{"origin": [0, 19, -3], "size": [0, 7, 12], "uv": [101, 38]}
					]
				},
				{
					"name": "arm_right",
					"parent": "torso",
					"pivot": [-6, 8, -2],
					"rotation": [0, 90, -90],
					"cubes": [
						{"origin": [-7, 7, -4], "size": [2, 2, 4], "uv": [113, 9]}
					]
				},
				{
					"name": "finger_outer_right",
					"parent": "arm_right",
					"pivot": [-6, 7, -3],
					"cubes": [
						{"origin": [-7, 7, -6], "size": [1, 2, 2], "uv": [113, 4]},
						{"origin": [-6.5, 7, -8], "size": [0, 2, 2], "uv": [95, 11]}
					]
				},
				{
					"name": "finger_inner_right",
					"parent": "arm_right",
					"pivot": [-6, 7, -3],
					"cubes": [
						{"origin": [-6, 7, -6], "size": [1, 2, 2], "uv": [113, 4]},
						{"origin": [-5.5, 7, -8], "size": [0, 2, 2], "uv": [95, 11]}
					]
				},
				{
					"name": "thumb_right",
					"parent": "arm_right",
					"pivot": [-6, 7, -3],
					"cubes": [
						{"origin": [-5, 7, -4], "size": [2, 2, 1], "uv": [62, 18]},
						{"origin": [-3, 6, -3.5], "size": [2, 3, 0], "uv": [100, 22]}
					]
				},
				{
					"name": "arm_left",
					"parent": "torso",
					"pivot": [6, 8, -2],
					"rotation": [0, 90, -90],
					"cubes": [
						{"origin": [5, 7, -4], "size": [2, 2, 4], "uv": [113, 21]}
					]
				},
				{
					"name": "finger_outer_left",
					"parent": "arm_left",
					"pivot": [6, 7, -3],
					"cubes": [
						{"origin": [5, 7, -6], "size": [1, 2, 2], "uv": [116, 30]},
						{"origin": [5.5, 7, -8], "size": [0, 2, 2], "uv": [95, 9]}
					]
				},
				{
					"name": "finger_inner_left",
					"parent": "arm_left",
					"pivot": [6, 7, -3],
					"cubes": [
						{"origin": [6, 7, -6], "size": [1, 2, 2], "uv": [116, 30]},
						{"origin": [6.5, 7, -8], "size": [0, 2, 2], "uv": [95, 9]}
					]
				},
				{
					"name": "thumb_left",
					"parent": "arm_left",
					"pivot": [6, 7, -3],
					"cubes": [
						{"origin": [7, 7, -4], "size": [2, 2, 1], "uv": [116, 27]},
						{"origin": [9, 7, -3.5], "size": [2, 3, 0], "uv": [104, 22]}
					]
				},
				{
					"name": "neck",
					"parent": "torso",
					"pivot": [0, 9, -4],
					"rotation": [-45, 0, 0],
					"cubes": [
						{"origin": [-3, 9, -14], "size": [6, 7, 10], "uv": [35, 12]}
					]
				},
				{
					"name": "head",
					"parent": "neck",
					"pivot": [-0.5, 12.5, -12],
					"rotation": [50, 0, 0]
				},
				{
					"name": "head_rotation",
					"parent": "head",
					"pivot": [-0.5, 12.5, -12],
					"cubes": [
						{"origin": [-4.5, 6.5, -17], "size": [9, 12, 7], "inflate": 0.01, "uv": [1, 21]}
					]
				},
				{
					"name": "head_tilt",
					"parent": "head_rotation",
					"pivot": [-0.5, 18.5, -17],
					"rotation": [9, 0, 0],
					"cubes": [
						{"origin": [-4.5, 11.5, -24], "size": [9, 7, 7], "uv": [61, 2]},
						{"origin": [-0.5, 17.5, -18], "size": [0, 3, 3], "uv": [64, 31]}
					]
				},
				{
					"name": "eye_right",
					"parent": "head_tilt",
					"pivot": [-4.52, 15, -20.5],
					"cubes": [
						{"origin": [-4.52, 12.5, -24], "size": [0, 5, 7], "uv": [14, 41]}
					]
				},
				{
					"name": "pupil_right",
					"parent": "eye_right",
					"pivot": [-4.53, 15.5, -21.5],
					"cubes": [
						{"origin": [-4.53, 14.5, -22], "size": [0, 2, 1], "uv": [113, 58]}
					]
				},
				{
					"name": "pupil_small_right",
					"parent": "eye_right",
					"pivot": [-4.43, 16, -21.5],
					"cubes": [
						{"origin": [-4.43, 15.5, -22], "size": [0, 1, 1], "uv": [113, 57]}
					]
				},
				{
					"name": "eyelid_right",
					"parent": "eye_right",
					"pivot": [-3.91, 15.5, -20.5],
					"cubes": [
						{"origin": [-4.41, 13.5, -23], "size": [1, 4, 5], "inflate": 0.025, "uv": [68, 46]}
					]
				},
				{
					"name": "eye_left",
					"parent": "head_tilt",
					"pivot": [4.52, 15, -20.5],
					"cubes": [
						{"origin": [4.52, 12.5, -24], "size": [0, 5, 7], "uv": [0, 41], "mirror": true}
					]
				},
				{
					"name": "pupil_left",
					"parent": "eye_left",
					"pivot": [4.53, 15.5, -21.5],
					"cubes": [
						{"origin": [4.53, 14.5, -22], "size": [0, 2, 1], "uv": [115, 58], "mirror": true}
					]
				},
				{
					"name": "pupil_small_left",
					"parent": "eye_left",
					"pivot": [4.43, 16, -21.5],
					"cubes": [
						{"origin": [4.43, 15.5, -22], "size": [0, 1, 1], "uv": [115, 57], "mirror": true}
					]
				},
				{
					"name": "eyelid_left",
					"parent": "eye_left",
					"pivot": [3.91, 15.5, -20.5],
					"cubes": [
						{"origin": [3.41, 13.5, -23], "size": [1, 4, 5], "inflate": 0.025, "uv": [68, 46], "mirror": true}
					]
				},
				{
					"name": "head_tilt2",
					"parent": "head_tilt",
					"pivot": [5.5, 11.5, -24],
					"rotation": [-5, 0, 0],
					"cubes": [
						{"origin": [-3.5, 11.5, -35], "size": [7, 7, 11], "inflate": 0.01, "pivot": [0, 11.2, -24.8], "rotation": [0, 0, 0], "uv": [76, 46]},
						{"origin": [-3.5, 17.515, -35.015], "size": [7, 1, 5], "inflate": -0.005, "pivot": [0, 18.51, -35.01], "rotation": [8, 0, 0], "uv": [1, 41]}
					]
				},
				{
					"name": "jaw",
					"parent": "head_rotation",
					"pivot": [-0.5, 12.5, -17],
					"cubes": [
						{"origin": [-2.5, 6.5, -33], "size": [5, 5, 16], "inflate": -0.01, "uv": [86, 0]}
					]
				},
				{
					"name": "tail",
					"parent": "torso",
					"pivot": [0, 14, 10],
					"rotation": [15, 0, 0],
					"cubes": [
						{"origin": [-4, 10, 8], "size": [8, 8, 9], "inflate": 0.02, "uv": [64, 29]},
						{"origin": [0, 17, 12], "size": [0, 6, 5], "uv": [89, 27]}
					]
				},
				{
					"name": "tail2",
					"parent": "tail",
					"pivot": [0, 15, 18],
					"cubes": [
						{"origin": [-3, 12, 17], "size": [6, 6, 8], "inflate": 0.01, "uv": [35, 29]},
						{"origin": [0, 17, 17], "size": [0, 6, 8], "uv": [86, -8]}
					]
				},
				{
					"name": "tail3",
					"parent": "tail2",
					"pivot": [0, 16.5, 26],
					"cubes": [
						{"origin": [-1.5, 15, 25], "size": [3, 3, 5], "uv": [42, 47]},
						{"origin": [0, 17, 25], "size": [0, 5, 4], "uv": [55, 28]}
					]
				},
				{
					"name": "leg_right",
					"parent": "body",
					"pivot": [-5, 12.7, 0.5],
					"rotation": [-10, 10, 0],
					"cubes": [
						{"origin": [-8.69459, 8.88404, 1.87939], "size": [5, 9, 8], "uv": [24, 47]}
					]
				},
				{
					"name": "leg_right2",
					"parent": "leg_right",
					"pivot": [-5, 8.3, 0.5],
					"rotation": [-12.5, 0, 0],
					"cubes": [
						{"origin": [-7.69459, 8.30748, 2.63937], "size": [3, 3, 8], "uv": [101, 39]}
					]
				},
				{
					"name": "leg_right3",
					"parent": "leg_right2",
					"pivot": [-5.5, 9.8, 7],
					"rotation": [5, 0, 0],
					"cubes": [
						{"origin": [-7.69459, 3.98455, 7.75691], "size": [3, 7, 3], "inflate": 0.01, "uv": [0, 54]}
					]
				},
				{
					"name": "foot_right",
					"parent": "leg_right3",
					"pivot": [-5.5, 3.8, 5.5],
					"rotation": [17, 0, 0],
					"cubes": [
						{"origin": [-8.19459, 1.83438, 7.93908], "size": [4, 2, 3], "uv": [71, 24]}
					]
				},
				{
					"name": "toes_right",
					"parent": "foot_right",
					"pivot": [-5.5, 1.8, 4],
					"cubes": [
						{"origin": [-8.19459, 1.83438, 6.93908], "size": [4, 2, 1], "inflate": 0.01, "uv": [86, 6]}
					]
				},
				{
					"name": "toe_middle_right",
					"parent": "toes_right",
					"pivot": [-5.5, 2.8, 3],
					"cubes": [
						{"origin": [-7.19459, 1.83438, 3.93908], "size": [2, 2, 3], "inflate": 0.02, "uv": [40, 5]},
						{"origin": [-6.19459, 1.83438, 0.93908], "size": [0, 2, 3], "uv": [0, 39]}
					]
				},
				{
					"name": "toe_outer_right",
					"parent": "toes_right",
					"pivot": [-5.5, 2.8, 3],
					"rotation": [0, 35, 0]
				},
				{
					"name": "toe_outer_right_rotation",
					"parent": "toe_outer_right",
					"pivot": [-6.5, 2.8, 3],
					"cubes": [
						{"origin": [-10.32834, 1.83438, 2.8283], "size": [2, 2, 3], "uv": [30, 5]},
						{"origin": [-9.32834, 1.83438, -0.1717], "size": [0, 2, 3], "uv": [0, 41]}
					]
				},
				{
					"name": "toe_inner_right",
					"parent": "toes_right",
					"pivot": [-5.5, 2.8, 3],
					"rotation": [0, -35, 0]
				},
				{
					"name": "toe_inner_right_rotation",
					"parent": "toe_inner_right",
					"pivot": [-4.5, 2.8, 3],
					"cubes": [
						{"origin": [-3.80961, 1.83438, 3.62511], "size": [2, 2, 3], "uv": [50, 5]},
						{"origin": [-2.80961, 1.83438, 0.62511], "size": [0, 2, 3], "uv": [0, 37]}
					]
				},
				{
					"name": "leg_left",
					"parent": "body",
					"pivot": [5, 12.7, 0.5],
					"rotation": [-10, -10, 0],
					"cubes": [
						{"origin": [3.69459, 8.88404, 1.87939], "size": [5, 9, 8], "uv": [50, 47]}
					]
				},
				{
					"name": "leg_left2",
					"parent": "leg_left",
					"pivot": [5, 8.3, 0.5],
					"rotation": [-12.5, 0, 0],
					"cubes": [
						{"origin": [4.69459, 8.30748, 2.63937], "size": [3, 3, 8], "uv": [101, 28]}
					]
				},
				{
					"name": "leg_left3",
					"parent": "leg_left2",
					"pivot": [5.5, 9.8, 7],
					"rotation": [5, 0, 0],
					"cubes": [
						{"origin": [4.69459, 3.98455, 7.75691], "size": [3, 7, 3], "inflate": 0.01, "uv": [12, 54]}
					]
				},
				{
					"name": "foot_left",
					"parent": "leg_left3",
					"pivot": [5.5, 3.8, 5.5],
					"rotation": [17, 0, 0],
					"cubes": [
						{"origin": [4.19459, 1.83438, 7.93908], "size": [4, 2, 3], "uv": [85, 24]}
					]
				},
				{
					"name": "toes_left",
					"parent": "foot_left",
					"pivot": [5.5, 1.8, 4],
					"cubes": [
						{"origin": [4.19459, 1.83438, 6.93908], "size": [4, 2, 1], "inflate": 0.01, "uv": [72, 20]}
					]
				},
				{
					"name": "toe_middle_left",
					"parent": "toes_left",
					"pivot": [5.5, 2.8, 3],
					"cubes": [
						{"origin": [5.19459, 1.83438, 3.93908], "size": [2, 2, 3], "inflate": 0.02, "uv": [40, 0]},
						{"origin": [6.19459, 1.83438, 0.93908], "size": [0, 2, 3], "uv": [22, 39]}
					]
				},
				{
					"name": "toe_outer_left",
					"parent": "toes_left",
					"pivot": [5.5, 2.8, 3],
					"rotation": [0, -35, 0]
				},
				{
					"name": "toe_outer_left_rotation",
					"parent": "toe_outer_left",
					"pivot": [6.5, 2.8, 3],
					"cubes": [
						{"origin": [8.32834, 1.83438, 2.8283], "size": [2, 2, 3], "uv": [50, 0]},
						{"origin": [9.32834, 1.83438, -0.1717], "size": [0, 2, 3], "uv": [22, 41]}
					]
				},
				{
					"name": "toe_inner_left",
					"parent": "toes_left",
					"pivot": [5.5, 2.8, 3],
					"rotation": [0, 35, 0]
				},
				{
					"name": "toe_inner_left_rotation",
					"parent": "toe_inner_left",
					"pivot": [4.5, 2.8, 3],
					"cubes": [
						{"origin": [1.80961, 1.83438, 3.62511], "size": [2, 2, 3], "uv": [30, 0]},
						{"origin": [2.80961, 1.83438, 0.62511], "size": [0, 2, 3], "uv": [22, 37]}
					]
				}
			]
		}
	]
}