{
	"format_version": "1.12.0",
	"minecraft:geometry": [
		{
			"description": {
				"identifier": "geometry.ostrike",
				"texture_width": 64,
				"texture_height": 64,
				"visible_bounds_width": 5,
				"visible_bounds_height": 4.5,
				"visible_bounds_offset": [0, 1.75, 0]
			},
			"bones": [
				{
					"name": "ostrike",
					"pivot": [0, 0, 0]
				},
				{
					"name": "body",
					"parent": "ostrike",
					"pivot": [0, 0.75, 0]
				},
				{
					"name": "torso",
					"parent": "body",
					"pivot": [0, 10.5, 1],
					"cubes": [
						{"origin": [-2.5, 10, -2.5], "size": [5, 4, 6], "uv": [2, 1]}
					]
				},
				{
					"name": "tuff_front",
					"parent": "torso",
					"pivot": [0, 12.01, -2.5],
					"rotation": [-22.5, 0, 0],
					"cubes": [
						{"origin": [-2.5, 9.1, -2.5], "size": [5, 3, 0], "uv": [42, 31]}
					]
				},
				{
					"name": "tuff_left",
					"parent": "torso",
					"pivot": [2.5, 12.01, 1],
					"rotation": [0, 0, -22.5],
					"cubes": [
						{"origin": [2.5, 9.1, -2.5], "size": [0, 3, 6], "uv": [1, 23]}
					]
				},
				{
					"name": "tuff_right",
					"parent": "torso",
					"pivot": [-2.5, 12.01, 1],
					"rotation": [0, 0, 22.5],
					"cubes": [
						{"origin": [-2.5, 9.1, -2.5], "size": [0, 3, 6], "uv": [1, 23]}
					]
				},
				{
					"name": "neck",
					"parent": "torso",
					"pivot": [0, 15, -2],
					"cubes": [
						{"origin": [-1, 14, -2.5], "size": [2, 5, 2], "uv": [17, 38]}
					]
				},
				{
					"name": "neck2",
					"parent": "neck",
					"pivot": [0, 19, -2.5],
					"cubes": [
						{"origin": [-1, 19, -2.5], "size": [2, 5, 2], "inflate": 0.001, "uv": [40, 37]}
					]
				},
				{
					"name": "head",
					"parent": "neck2",
					"pivot": [0, 23.25, -2],
					"cubes": [
						{"origin": [-2.5, 23, -4.5], "size": [5, 5, 5], "uv": [0, 13]},
						{"origin": [-1, 24.5, -8.5], "size": [2, 1, 4], "uv": [0, 32]},
						{"origin": [-0.5, 25, -7.5], "size": [1, 1, 4], "uv": [11, 46]}
					]
				},
				{
					"name": "jaw4",
					"parent": "head",
					"pivot": [0, 24.76, -4.5],
					"cubes": [
						{"origin": [-0.5, 24, -7.5], "size": [1, 1, 3], "uv": [7, 40]}
					]
				},
				{
					"name": "eye_left",
					"parent": "head",
					"pivot": [1.51, 25.25, -3.01],
					"cubes": [
						{"origin": [2.51, 23.75, -3.6], "size": [0, 3, 3], "uv": [48, 12]},
						{"origin": [1.512, 24.5, -3.265], "size": [1, 2, 1], "uv": [16, 34]}
					]
				},
				{
					"name": "eyelid_left",
					"parent": "eye_left",
					"pivot": [1.51, 25.25, -2.1],
					"cubes": [
						{"origin": [1.51, 23.75, -3.6], "size": [0, 3, 3], "inflate": 0.01, "uv": [45, 20]}
					]
				},
				{
					"name": "eye_right",
					"parent": "head",
					"pivot": [-1.51, 25.25, -3.01],
					"cubes": [
						{"origin": [-2.51, 23.75, -3.6], "size": [0, 3, 3], "uv": [48, 12]},
						{"origin": [-2.512, 24.5, -3.265], "size": [1, 2, 1], "uv": [8, 33]}
					]
				},
				{
					"name": "eyelid_right",
					"parent": "eye_right",
					"pivot": [-8, 4.5, 0.5],
					"cubes": [
						{"origin": [-1.51, 23.75, -3.6], "size": [0, 3, 3], "inflate": 0.01, "uv": [45, 20]}
					]
				},
				{
					"name": "hair_left5",
					"parent": "head",
					"pivot": [-0.5, 28, -3],
					"cubes": [
						{"origin": [-2, 28, -3], "size": [2, 4, 0], "uv": [8, 44], "mirror": true}
					]
				},
				{
					"name": "hair_left6",
					"parent": "hair_left5",
					"pivot": [-1, 32, -3],
					"rotation": [-90, 0, 0],
					"cubes": [
						{"origin": [-2, 32, -3], "size": [2, 4, 0], "uv": [4, 44]}
					]
				},
				{
					"name": "hair_left7",
					"parent": "hair_left6",
					"pivot": [0, 36, -3],
					"rotation": [90, 0, 0],
					"cubes": [
						{"origin": [-2, 36, -3], "size": [2, 4, 0], "uv": [8, 44], "mirror": true}
					]
				},
				{
					"name": "hair_left8",
					"parent": "hair_left7",
					"pivot": [-1, 40, -3],
					"rotation": [-90, 0, 0],
					"cubes": [
						{"origin": [-2, 40, -3], "size": [2, 4, 0], "uv": [4, 44]}
					]
				},
				{
					"name": "hair_right5",
					"parent": "head",
					"pivot": [0.5, 28, -3],
					"cubes": [
						{"origin": [0, 28, -3], "size": [2, 4, 0], "uv": [29, 43], "mirror": true}
					]
				},
				{
					"name": "hair_right6",
					"parent": "hair_right5",
					"pivot": [1, 32, -3],
					"rotation": [-90, 0, 0],
					"cubes": [
						{"origin": [0, 32, -3], "size": [2, 4, 0], "uv": [25, 43]}
					]
				},
				{
					"name": "hair_right7",
					"parent": "hair_right6",
					"pivot": [0, 36, -3],
					"rotation": [90, 0, 0],
					"cubes": [
						{"origin": [0, 36, -3], "size": [2, 4, 0], "uv": [8, 44]}
					]
				},
				{
					"name": "hair_right8",
					"parent": "hair_right7",
					"pivot": [1, 40, -3],
					"cubes": [
						{"origin": [0, 5.5, -31.5], "size": [2, 4, 0], "pivot": [0, 8.5, 0], "rotation": [-90, 0, 0], "uv": [4, 44], "mirror": true}
					]
				},
				{
					"name": "wing_left",
					"parent": "torso",
					"pivot": [2.5, 12.5, -0.5],
					"cubes": [
						{"origin": [2.5, 12.5, -1], "size": [4, 0, 3], "uv": [31, 10]}
					]
				},
				{
					"name": "wing_right",
					"parent": "torso",
					"pivot": [-2.5, 12.5, -0.5],
					"cubes": [
						{"origin": [-6.5, 12.5, -1], "size": [4, 0, 3], "uv": [31, 7]}
					]
				},
				{
					"name": "tail",
					"parent": "torso",
					"pivot": [0, 12, 3.5],
					"rotation": [0, -6, 0]
				},
				{
					"name": "tail_left",
					"parent": "tail",
					"pivot": [0, 12, 3.5],
					"rotation": [0, 10, 0],
					"cubes": [
						{"origin": [0, 12, 3.5], "size": [4, 0, 6], "uv": [0, 23]}
					]
				},
				{
					"name": "tail_left2",
					"parent": "tail_left",
					"pivot": [1.5, 12, 9.5],
					"cubes": [
						{"origin": [0, 12, 9.5], "size": [4, 0, 6], "uv": [0, 23]}
					]
				},
				{
					"name": "tail_left3",
					"parent": "tail_left2",
					"pivot": [1.5, 12, 15.5],
					"cubes": [
						{"origin": [0, 12, 15.5], "size": [4, 0, 6], "uv": [0, 23]}
					]
				},
				{
					"name": "tail_middle",
					"parent": "tail",
					"pivot": [0, 12, 3.5],
					"rotation": [10, -2.5, 0],
					"cubes": [
						{"origin": [0, 12, 3], "size": [4, 0, 7], "uv": [20, 0]}
					]
				},
				{
					"name": "tail_middle2",
					"parent": "tail_middle",
					"pivot": [1, 12, 10],
					"cubes": [
						{"origin": [0, 12, 10], "size": [4, 0, 7], "uv": [20, 0]}
					]
				},
				{
					"name": "tail_middle3",
					"parent": "tail_middle2",
					"pivot": [1, 12, 17],
					"cubes": [
						{"origin": [0, 12, 17], "size": [4, 0, 7], "uv": [20, 0]}
					]
				},
				{
					"name": "tail_right",
					"parent": "tail",
					"pivot": [0, 12, 3.5],
					"rotation": [0, -7.5, 0],
					"cubes": [
						{"origin": [-1.5, 12, 3.5], "size": [4, 0, 6], "uv": [0, 23]}
					]
				},
				{
					"name": "tail_right2",
					"parent": "tail_right",
					"pivot": [0, 12, 9.5],
					"cubes": [
						{"origin": [-1.5, 12, 9.5], "size": [4, 0, 6], "uv": [0, 23]}
					]
				},
				{
					"name": "tail_right3",
					"parent": "tail_right2",
					"pivot": [0, 12, 15.5],
					"cubes": [
						{"origin": [-1.5, 12, 15.5], "size": [4, 0, 6], "uv": [0, 23]}
					]
				},
				{
					"name": "wheel",
					"parent": "body",
					"pivot": [0, 4.25, 0],
					"cubes": [
						{"origin": [-2, 8.25, -1.5], "size": [4, 0, 3], "uv": [33, 16]},
						{"origin": [-2, 8.25, -1.5], "size": [4, 0, 3], "pivot": [0, 4.25, 0], "rotation": [40, 0, 0], "uv": [33, 16]},
						{"origin": [-2, 8.25, -1.5], "size": [4, 0, 3], "pivot": [0, 4.25, 0], "rotation": [80, 0, 0], "uv": [33, 16]},
						{"origin": [-2, 8.25, -1.5], "size": [4, 0, 3], "pivot": [0, 4.25, 0], "rotation": [120, 0, 0], "uv": [33, 16]},
						{"origin": [-2, 8.25, -1.5], "size": [4, 0, 3], "pivot": [0, 4.25, 0], "rotation": [160, 0, 0], "uv": [33, 16]},
						{"origin": [-2, 8.25, -1.5], "size": [4, 0, 3], "pivot": [0, 4.25, 0], "rotation": [-160, 0, 0], "uv": [33, 16]},
						{"origin": [-2, 8.25, -1.5], "size": [4, 0, 3], "pivot": [0, 4.25, 0], "rotation": [-120, 0, 0], "uv": [33, 16]},
						{"origin": [-2, 8.25, -1.5], "size": [4, 0, 3], "pivot": [0, 4.25, 0], "rotation": [-80, 0, 0], "uv": [33, 16]},
						{"origin": [-2, 8.25, -1.5], "size": [4, 0, 3], "pivot": [0, 4.25, 0], "rotation": [-40, 0, 0], "uv": [33, 16]}
					]
				},
				{
					"name": "leg_left",
					"parent": "body",
					"pivot": [-2.75, 10.5, 0.25],
					"rotation": [0, 0, 0],
					"cubes": [
						{"origin": [1.25, 5, -0.25], "size": [1, 3, 1], "inflate": 0.001, "uv": [0, 13], "mirror": true},
						{"origin": [0.75, 8, -1.25], "size": [2, 3, 3], "inflate": 0.001, "uv": [9, 34], "mirror": true}
					]
				},
				{
					"name": "leg_left2",
					"parent": "leg_left",
					"pivot": [-2.25, 5, 0.75],
					"cubes": [
						{"origin": [1.25, 0, -0.25], "size": [1, 5, 1], "uv": [0, 0], "mirror": true}
					]
				},
				{
					"name": "foot_left",
					"parent": "leg_left2",
					"pivot": [-2.25, 0.06031, 0.73298],
					"cubes": [
						{"origin": [0.75, 0, -1.25], "size": [2, 1, 2], "inflate": 0.001, "uv": [42, 7], "mirror": true}
					]
				},
				{
					"name": "toe_left",
					"parent": "foot_left",
					"pivot": [1.75, 1, -1.25],
					"rotation": [0, 12.5, 0],
					"cubes": [
						{"origin": [1.30537, -0.01, -4.0925], "size": [0, 1, 1], "uv": [4, 4]},
						{"origin": [0.80537, -0.01, -3.0925], "size": [1, 1, 2], "inflate": -0.001, "uv": [0, 23]}
					]
				},
				{
					"name": "toe_left2",
					"parent": "foot_left",
					"pivot": [-2.25, 1, -1]
				},
				{
					"name": "toe_left3",
					"parent": "foot_left",
					"pivot": [-2.25, 1, 0.5],
					"cubes": [
						{"origin": [1.75, 0, 2.5], "size": [0, 1, 1], "uv": [4, 3]},
						{"origin": [1.25, 0, 0.5], "size": [1, 1, 2], "inflate": -0.001, "uv": [14, 23], "mirror": true}
					]
				},
				{
					"name": "toe_left4",
					"parent": "foot_left",
					"pivot": [1.75, 1, -1.25],
					"rotation": [0, -12.5, 0],
					"cubes": [
						{"origin": [2.19581, -0.02, -4.08168], "size": [0, 1, 1], "uv": [4, 2]},
						{"origin": [1.69581, -0.02, -3.08168], "size": [1, 1, 2], "inflate": -0.001, "uv": [0, 23], "mirror": true}
					]
				},
				{
					"name": "leg_right",
					"parent": "body",
					"pivot": [2.75, 10.5, 0.25],
					"rotation": [0, 0, 0],
					"cubes": [
						{"origin": [-2.25, 5, -0.25], "size": [1, 3, 1], "inflate": 0.001, "uv": [0, 13]},
						{"origin": [-2.75, 8, -1.25], "size": [2, 3, 3], "inflate": 0.001, "uv": [9, 34]}
					]
				},
				{
					"name": "leg_right2",
					"parent": "leg_right",
					"pivot": [2.25, 5, 0.75],
					"cubes": [
						{"origin": [-2.25, 0, -0.25], "size": [1, 5, 1], "uv": [0, 0]}
					]
				},
				{
					"name": "foot_right",
					"parent": "leg_right2",
					"pivot": [2.25, 0.06031, 0.73298],
					"cubes": [
						{"origin": [-2.75, 0, -1.25], "size": [2, 1, 2], "inflate": 0.001, "uv": [42, 7]}
					]
				},
				{
					"name": "toe_right",
					"parent": "foot_right",
					"pivot": [-1.75, 1, -1.25],
					"rotation": [0, -12.5, 0],
					"cubes": [
						{"origin": [-1.42504, -0.02, -4.12084], "size": [0, 1, 1], "uv": [4, 0]},
						{"origin": [-1.92504, -0.02, -3.12084], "size": [1, 1, 2], "inflate": -0.001, "uv": [0, 23], "mirror": true}
					]
				},
				{
					"name": "toe_right2",
					"parent": "foot_right",
					"pivot": [2.25, 1, -1]
				},
				{
					"name": "toe_right3",
					"parent": "foot_right",
					"pivot": [2.25, 1, 0.5],
					"cubes": [
						{"origin": [-1.75, 0, 2.5], "size": [0, 1, 1], "uv": [4, 1]},
						{"origin": [-2.25, 0, 0.5], "size": [1, 1, 2], "inflate": -0.001, "uv": [14, 23]}
					]
				},
				{
					"name": "toe_right4",
					"parent": "foot_right",
					"pivot": [-1.75, 1, -1.25],
					"rotation": [0, 12.5, 0],
					"cubes": [
						{"origin": [-2.17725, -0.01, -4.21844], "size": [0, 1, 1], "uv": [4, 0]},
						{"origin": [-2.67725, -0.01, -3.21844], "size": [1, 1, 2], "inflate": -0.001, "uv": [0, 23]}
					]
				},
				{
					"name": "dust",
					"parent": "ostrike",
					"pivot": [0, 0, 2],
					"locators": {
						"dust": [0, 0, 2]
					}
				}
			]
		}
	]
}