{
    "enabled": true,
    "neededInstalledMods": [],
    "neededUninstalledMods": [],
    "spawns": [
        {
            "id": "cassowrath-1",
            "pokemon": "cassowrath",
            "presets": ["natural"],
            "type": "pokemon",
            "context": "grounded",
            "bucket": "ultra-rare",
            "level": "35-55",
            "weight": 2.0,
            "condition": {
                "biomes": [
                    "#cobblemon:is_savanna",
                    "#cobblemon:is_jungle"
                ]
            }
        }
    ]
}