{
    "enabled": true,
    "neededInstalledMods": [],
    "neededUninstalledMods": [],
    "spawns": [
        {
            "id": "feistling-1",
            "pokemon": "feistling",
            "presets": ["natural"],
            "type": "pokemon",
            "context": "grounded",
            "bucket": "ultra-rare",
            "level": "11-36",
            "weight": 10.0,
            "condition": {
                "biomes": [
                    "#cobblemon:is_savanna",
                    "#cobblemon:is_jungle"
                ]
            }
        },
        {
            "id": "feistling-2",
            "pokemon": "feistling",
            "presets": ["natural"],
            "type": "pokemon",
            "context": "grounded",
            "bucket": "rare",
            "level": "11-36",
            "weight": 10.0,
            "condition": {
                "biomes": [
                    "#cobblemon:is_savanna",
                    "#cobblemon:is_jungle"
                ],
                "neededNearbyBlocks": [
                    "minecraft:campfire"
                ]
            }
        }
    ]
}