{
    "enabled": true,
    "neededInstalledMods": [],
    "neededUninstalledMods": [],
    "spawns": [
        {
            "id": "tentango-1",
            "pokemon": "tentango",
            "presets": ["water"],
            "type": "pokemon",
            "context": "surface",
            "bucket": "rare",
            "level": "5-30",
            "weight": 9.0,
            "condition": {
                "biomes": [
                    "#cobblemon:is_ocean"
                ]
            },
            "anticondition": {
              "biomes": ["#cobblemon:is_deep_ocean"]
            }
        },
        {
            "id": "tentango-2",
            "pokemon": "tentango",
            "type": "pokemon",
            "context": "fishing",
            "bucket": "uncommon",
            "level": "5-30",
            "weight": 6.0,
            "condition": {
                "biomes": [
                    "#cobblemon:is_beach",
                    "#cobblemon:is_coast"
                ]
            }
        }
    ]
}