{
	"format_version": "1.12.0",
	"minecraft:geometry": [
		{
			"description": {
				"identifier": "geometry.tyrunt_fetus",
				"texture_width": 64,
				"texture_height": 32,
				"visible_bounds_width": 2,
				"visible_bounds_height": 2.5,
				"visible_bounds_offset": [0, 0.75, 0]
			},
			"bones": [
				{
					"name": "abelimight_fetus",
					"pivot": [0, 0, 0]
				},
				{
					"name": "body",
					"parent": "abelimight_fetus",
					"pivot": [0, 8, 1],
					"cubes": [
						{"origin": [-2.5, 4, -1], "size": [5, 6, 6], "uv": [0, 12]}
					]
				},
				{
					"name": "arm_right",
					"parent": "body",
					"pivot": [-2.5, 8.5, -1],
					"cubes": [
						{"origin": [-2.5, 8, -2], "size": [1, 1, 1], "uv": [32, 1]}
					]
				},
				{
					"name": "arm_left",
					"parent": "body",
					"pivot": [2.5, 8.5, -1],
					"cubes": [
						{"origin": [1.5, 8, -2], "size": [1, 1, 1], "uv": [21, 27]}
					]
				},
				{
					"name": "tail",
					"parent": "body",
					"pivot": [0, 4, 3],
					"cubes": [
						{"origin": [-1.5, 1, 0], "size": [3, 3, 3], "uv": [24, 26]}
					]
				},
				{
					"name": "tail2",
					"parent": "tail",
					"pivot": [0, 1, 2.5],
					"cubes": [
						{"origin": [-1, -1, 0.5], "size": [2, 2, 2], "uv": [8, 24]}
					]
				},
				{
					"name": "neck",
					"parent": "body",
					"pivot": [0, 10, 3.5],
					"cubes": [
						{"origin": [-2, 10, 0.5], "size": [4, 5, 3], "inflate": 0.01, "uv": [20, 0]}
					]
				},
				{
					"name": "head",
					"parent": "neck",
					"pivot": [0, 15, 3.5],
					"cubes": [
						{"origin": [-3, 13, -3.5], "size": [6, 4, 7], "uv": [1, 1]},
						{"origin": [-3, 11, 0.5], "size": [6, 2, 3], "uv": [16, 12]},
						{"origin": [1, 17, 1.5], "size": [1, 1, 1], "uv": [34, 15]},
						{"origin": [-2, 17, 1.5], "size": [1, 1, 1], "uv": [34, 15]}
					]
				},
				{
					"name": "jaw",
					"parent": "head",
					"pivot": [0, 13, 0.5],
					"cubes": [
						{"origin": [-3, 11, -3], "size": [6, 2, 4], "inflate": -0.01, "uv": [18, 20]}
					]
				},
				{
					"name": "eyes",
					"parent": "head",
					"pivot": [0, 14.5, 0]
				},
				{
					"name": "eye_right",
					"parent": "eyes",
					"pivot": [-3, 14.5, 0],
					"cubes": [
						{"origin": [-3.5, 13, -1.5], "size": [1, 3, 3], "inflate": -0.01, "uv": [31, 5]}
					]
				},
				{
					"name": "eye_left",
					"parent": "eyes",
					"pivot": [3, 14.5, 0],
					"cubes": [
						{"origin": [2.5, 13, -1.5], "size": [1, 3, 3], "inflate": -0.01, "uv": [0, 0]}
					]
				},
				{
					"name": "leg_right",
					"parent": "body",
					"pivot": [-2.5, 6, 0],
					"cubes": [
						{"origin": [-3.5, 4, -2], "size": [2, 4, 4], "uv": [36, 0]}
					]
				},
				{
					"name": "leg_right2",
					"parent": "leg_right",
					"pivot": [-2.5, 4, 1],
					"cubes": [
						{"origin": [-3, 1, 0], "size": [1, 3, 1], "uv": [12, 28]}
					]
				},
				{
					"name": "foot_right",
					"parent": "leg_right2",
					"pivot": [0, 1, 0],
					"cubes": [
						{"origin": [-3.5, -2, 0], "size": [2, 3, 1], "uv": [31, 11]}
					]
				},
				{
					"name": "leg_left",
					"parent": "body",
					"pivot": [2.5, 6, 0],
					"cubes": [
						{"origin": [1.5, 4, -2], "size": [2, 4, 4], "uv": [0, 24]}
					]
				},
				{
					"name": "leg_left2",
					"parent": "leg_left",
					"pivot": [2.5, 4, 1],
					"cubes": [
						{"origin": [2, 1, 0], "size": [1, 3, 1], "uv": [0, 24]}
					]
				},
				{
					"name": "foot_left",
					"parent": "leg_left2",
					"pivot": [0, 1, 0],
					"cubes": [
						{"origin": [1.5, -2, 0], "size": [2, 3, 1], "uv": [0, 12]}
					]
				}
			]
		}
	]
}