{
	"format_version": "1.12.0",
	"minecraft:geometry": [
		{
			"description": {
				"identifier": "geometry.archen_fetus",
				"texture_width": 32,
				"texture_height": 32,
				"visible_bounds_width": 2,
				"visible_bounds_height": 2.5,
				"visible_bounds_offset": [0, 0.75, 0]
			},
			"bones": [
				{
					"name": "archen_fetus",
					"pivot": [0, 0, 0]
				},
				{
					"name": "body",
					"parent": "archen_fetus",
					"pivot": [0, 8.4, 1]
				},
				{
					"name": "torso",
					"parent": "body",
					"pivot": [0, 7.4, 3],
					"cubes": [
						{"origin": [-2, 5.4, -1], "size": [4, 5, 4], "uv": [14, 13]}
					]
				},
				{
					"name": "tail",
					"parent": "torso",
					"pivot": [-1, 5.4, 1.5],
					"cubes": [
						{"origin": [-1.5, 2.4, 1], "size": [3, 4, 2], "uv": [10, 25]}
					]
				},
				{
					"name": "tail2",
					"parent": "tail",
					"pivot": [-1, 2.7, 1.5],
					"cubes": [
						{"origin": [-0.5, -0.3, 1], "size": [1, 3, 2], "inflate": 0.01, "uv": [26, 27]}
					]
				},
				{
					"name": "tail3",
					"parent": "tail2",
					"pivot": [0, 0.2, 1.5],
					"cubes": [
						{"origin": [0, -2.3, 1], "size": [0, 3, 2], "uv": [28, 0]}
					]
				},
				{
					"name": "arms",
					"parent": "torso",
					"pivot": [0, 9.15, 1.5]
				},
				{
					"name": "arm_right",
					"parent": "arms",
					"pivot": [-2, 9.65, 1],
					"cubes": [
						{"origin": [-4, 9.15, 0.5], "size": [2, 1, 1], "inflate": 0.01, "uv": [26, 9]}
					]
				},
				{
					"name": "arm_right2",
					"parent": "arm_right",
					"pivot": [-4, 9.65, 1.4],
					"cubes": [
						{"origin": [-6, 9.15, 0.5], "size": [2, 1, 1], "uv": [26, 6]}
					]
				},
				{
					"name": "arm_right3",
					"parent": "arm_right2",
					"pivot": [-6, 9.65, 0.55],
					"cubes": [
						{"origin": [-8, 9.15, 0.5], "size": [2, 1, 1], "uv": [20, 26]}
					]
				},
				{
					"name": "arm_left",
					"parent": "arms",
					"pivot": [2, 9.65, 1],
					"cubes": [
						{"origin": [2, 9.15, 0.5], "size": [2, 1, 1], "inflate": 0.01, "uv": [20, 28]}
					]
				},
				{
					"name": "arm_left2",
					"parent": "arm_left",
					"pivot": [4, 9.65, 1.4],
					"cubes": [
						{"origin": [4, 9.15, 0.5], "size": [2, 1, 1], "uv": [25, 0]}
					]
				},
				{
					"name": "arm_left3",
					"parent": "arm_left2",
					"pivot": [6, 9.65, 0.55],
					"cubes": [
						{"origin": [6, 9.15, 0.5], "size": [2, 1, 1], "uv": [15, 0]}
					]
				},
				{
					"name": "neck",
					"parent": "torso",
					"pivot": [0, 10.4, 1.5],
					"cubes": [
						{"origin": [-0.5, 9.9, 0.5], "size": [1, 4, 1], "uv": [2, 23]}
					]
				},
				{
					"name": "head",
					"parent": "neck",
					"pivot": [0, 12.9, 1.5],
					"cubes": [
						{"origin": [-2.5, 12.9, -1.5], "size": [5, 5, 4], "inflate": 0.01, "uv": [0, 8]}
					]
				},
				{
					"name": "head_feather",
					"parent": "head",
					"pivot": [-0.5, 17.9, 1.5],
					"rotation": [20, 0, 0],
					"cubes": [
						{"origin": [-1, 17.9, 1.5], "size": [1, 0, 3], "uv": [-3, 23]}
					]
				},
				{
					"name": "head_feather2",
					"parent": "head",
					"pivot": [1, 16.9, 2.5],
					"rotation": [5, 0, 0],
					"cubes": [
						{"origin": [0.5, 16.9, 2.5], "size": [1, 0, 3], "uv": [9, 20]}
					]
				},
				{
					"name": "head_feather3",
					"parent": "head",
					"pivot": [-1, 14.9, 2.5],
					"rotation": [-10, 0, 0],
					"cubes": [
						{"origin": [-1.5, 14.9, 2.5], "size": [1, 0, 3], "uv": [-3, 17]}
					]
				},
				{
					"name": "beak",
					"parent": "head",
					"pivot": [-0.5, 17.9, -0.5],
					"cubes": [
						{"origin": [-2.5, 13.9, -5.5], "size": [5, 3, 4], "inflate": 0.01, "uv": [0, 0]}
					]
				},
				{
					"name": "jaw",
					"parent": "head",
					"pivot": [0, 13.9, -1],
					"cubes": [
						{"origin": [-2.5, 12.9, -3], "size": [5, 1, 2], "inflate": 0.02, "uv": [14, 9]},
						{"origin": [-2, 12.9, -4.99], "size": [4, 1, 2], "uv": [16, 6]}
					]
				},
				{
					"name": "legs",
					"parent": "body",
					"pivot": [-0.75, 1.4, 4]
				},
				{
					"name": "leg_right",
					"parent": "legs",
					"pivot": [-2, 6.6, 0.2],
					"cubes": [
						{"origin": [-3, 4.5, -1.3], "size": [2, 3, 3], "uv": [18, 0]}
					]
				},
				{
					"name": "leg_right2",
					"parent": "leg_right",
					"pivot": [-2, 4.5, 1.2],
					"cubes": [
						{"origin": [-2.5, 1.5, 0.2], "size": [1, 3, 1], "uv": [2, 28]}
					]
				},
				{
					"name": "foot_right",
					"parent": "leg_right2",
					"pivot": [-2, 1.5, 0.2],
					"cubes": [
						{"origin": [-3, -1.5, 0.2], "size": [2, 3, 1], "inflate": 0.03, "uv": [26, 12]}
					]
				},
				{
					"name": "leg_left",
					"parent": "legs",
					"pivot": [2, 6.6, 0.2],
					"cubes": [
						{"origin": [1, 4.5, -1.3], "size": [2, 3, 3], "uv": [0, 17]}
					]
				},
				{
					"name": "leg_left2",
					"parent": "leg_left",
					"pivot": [2, 4.5, 1.2],
					"cubes": [
						{"origin": [1.5, 1.5, 0.2], "size": [1, 3, 1], "uv": [25, 22]}
					]
				},
				{
					"name": "foot_left",
					"parent": "leg_left2",
					"pivot": [2, 1.5, 0.2],
					"cubes": [
						{"origin": [1, -1.5, 0.2], "size": [2, 3, 1], "inflate": 0.03, "uv": [19, 22]}
					]
				}
			]
		}
	]
}