{
	"format_version": "1.12.0",
	"minecraft:geometry": [
		{
			"description": {
				"identifier": "geometry.sizzlipede",
				"texture_width": 32,
				"texture_height": 32,
				"visible_bounds_width": 5,
				"visible_bounds_height": 2.5,
				"visible_bounds_offset": [0, 0.75, 0]
			},
			"bones": [
				{
					"name": "arthropeater_fetus",
					"pivot": [0, 19, 0],
					"rotation": [-90, 0, 0]
				},
				{
					"name": "body",
					"parent": "arthropeater_fetus",
					"pivot": [0, 17, 18]
				},
				{
					"name": "head",
					"parent": "body",
					"pivot": [0, 20, 6],
					"cubes": [
						{"origin": [-2, 18, 3], "size": [4, 2, 3], "uv": [0, 5]}
					]
				},
				{
					"name": "mandibles",
					"parent": "head",
					"pivot": [-5, 21.5, 1],
					"cubes": [
						{"origin": [-1, 18.5, 2], "size": [2, 0, 2], "uv": [15, 0]}
					]
				},
				{
					"name": "antenna_right",
					"parent": "head",
					"pivot": [-2, 18.5, 5],
					"cubes": [
						{"origin": [-2, 18.5, 4], "size": [0, 2, 1], "uv": [17, 11]}
					]
				},
				{
					"name": "antenna_left",
					"parent": "head",
					"pivot": [-5, 21.5, 1],
					"cubes": [
						{"origin": [2.1, 18.5, 4], "size": [0, 2, 1], "uv": [17, 11]}
					]
				},
				{
					"name": "torso",
					"parent": "body",
					"pivot": [0, 19, 3],
					"cubes": [
						{"origin": [-2, 18, 6], "size": [4, 2, 4], "uv": [0, 17]}
					]
				},
				{
					"name": "leg_right_front",
					"parent": "torso",
					"pivot": [-2.75, 18.75, 6],
					"rotation": [0, 0, 20],
					"cubes": [
						{"origin": [-2.25, 17.75, 6.5], "size": [1, 1, 1], "uv": [14, 2]}
					]
				},
				{
					"name": "leg_left_front",
					"parent": "torso",
					"pivot": [2.75, 18.75, 6],
					"rotation": [0, 0, -20],
					"cubes": [
						{"origin": [1.25, 17.75, 6.5], "size": [1, 1, 1], "uv": [18, 6]}
					]
				},
				{
					"name": "tail",
					"parent": "torso",
					"pivot": [0, 19, 9],
					"cubes": [
						{"origin": [-2, 18, 10], "size": [4, 2, 5], "inflate": 0.01, "uv": [0, 10]}
					]
				},
				{
					"name": "leg_right",
					"parent": "tail",
					"pivot": [-2.75, 18.75, 7],
					"rotation": [0, 0, 20],
					"cubes": [
						{"origin": [-2.25, 17.75, 8.5], "size": [1, 1, 1], "uv": [14, 6]}
					]
				},
				{
					"name": "leg_left",
					"parent": "tail",
					"pivot": [2.75, 18.75, 12],
					"rotation": [0, 0, -20],
					"cubes": [
						{"origin": [1.25, 17.75, 8.5], "size": [1, 1, 1], "uv": [18, 10]}
					]
				},
				{
					"name": "tail2",
					"parent": "tail",
					"pivot": [0, 19, 15],
					"cubes": [
						{"origin": [-2, 18, 15], "size": [4, 2, 2], "uv": [1, 1]}
					]
				},
				{
					"name": "leg_right2",
					"parent": "tail2",
					"pivot": [-2.75, 18.75, 10],
					"rotation": [0, 0, 20],
					"cubes": [
						{"origin": [-2.25, 17.75, 10.5], "size": [1, 1, 1], "uv": [18, 4]}
					]
				},
				{
					"name": "leg_left2",
					"parent": "tail2",
					"pivot": [2.75, 18.75, 10],
					"rotation": [0, 0, -20],
					"cubes": [
						{"origin": [1.25, 17.75, 10.5], "size": [1, 1, 1], "uv": [14, 10]}
					]
				},
				{
					"name": "tail3",
					"parent": "tail2",
					"pivot": [0, 19, 21]
				},
				{
					"name": "leg_right3",
					"parent": "tail3",
					"pivot": [-2.75, 18.75, 13],
					"rotation": [0, 0, 20],
					"cubes": [
						{"origin": [-2.25, 17.75, 12.5], "size": [1, 1, 1], "uv": [14, 4]}
					]
				},
				{
					"name": "leg_left3",
					"parent": "tail3",
					"pivot": [2.75, 18.75, 13],
					"rotation": [0, 0, -20],
					"cubes": [
						{"origin": [1.25, 17.75, 12.5], "size": [1, 1, 1], "uv": [18, 2]}
					]
				},
				{
					"name": "tail4",
					"parent": "tail3",
					"pivot": [0, 19, 27]
				},
				{
					"name": "leg_right4",
					"parent": "tail4",
					"pivot": [-1.98132, 17.93813, 15],
					"rotation": [0, 0, 20],
					"cubes": [
						{"origin": [-2.48132, 17.43813, 14.5], "size": [1, 1, 1], "uv": [18, 8]}
					]
				},
				{
					"name": "leg_left4",
					"parent": "tail4",
					"pivot": [1.98132, 17.93813, 15],
					"rotation": [0, 0, -20],
					"cubes": [
						{"origin": [1.48132, 17.43813, 14.5], "size": [1, 1, 1], "uv": [14, 8]}
					]
				},
				{
					"name": "tail5",
					"parent": "tail4",
					"pivot": [0, 19, 33]
				},
				{
					"name": "tail_end",
					"parent": "tail5",
					"pivot": [0, 19, 38],
					"cubes": [
						{"origin": [-1.5, 19, 16], "size": [3, 0, 2], "uv": [9, 0]}
					]
				}
			]
		}
	]
}