{
	"format_version": "1.12.0",
	"minecraft:geometry": [
		{
			"description": {
				"identifier": "geometry.shieldon_fetus",
				"texture_width": 32,
				"texture_height": 32,
				"visible_bounds_width": 2,
				"visible_bounds_height": 2.5,
				"visible_bounds_offset": [0, 0.75, 0]
			},
			"bones": [
				{
					"name": "dirtops_fetus",
					"pivot": [0, 0, 0]
				},
				{
					"name": "body",
					"parent": "dirtops_fetus",
					"pivot": [0.25, 8, 1]
				},
				{
					"name": "torso",
					"parent": "body",
					"pivot": [0, 7.4, 3],
					"cubes": [
						{"origin": [-2.5, 5.5, -1], "size": [5, 5, 4], "uv": [0, 0]}
					]
				},
				{
					"name": "neck",
					"parent": "torso",
					"pivot": [0, 10.5, 2.5],
					"cubes": [
						{"origin": [-1, 10.5, -0.5], "size": [2, 2, 3], "uv": [14, 16]}
					]
				},
				{
					"name": "head",
					"parent": "neck",
					"pivot": [-0.5, 12.75, 1],
					"cubes": [
						{"origin": [-2.5, 12.5, -1], "size": [5, 4, 4], "uv": [4, 24]},
						{"origin": [-3.5, 13.5, 2], "size": [7, 6, 1], "pivot": [-0.5, 17.75, 1], "rotation": [-17.5, 0, 0], "uv": [0, 9]},
						{"origin": [1, 15.75, 0], "size": [1, 2, 1], "pivot": [1.5, 15.75, 1], "rotation": [20, 0, 0], "uv": [0, 1]},
						{"origin": [-2, 15.75, 0], "size": [1, 2, 1], "pivot": [-1.5, 15.75, 1], "rotation": [20, 0, 0], "uv": [0, 1]},
						{"origin": [-1.5, 12.5, -3], "size": [3, 3, 2], "uv": [19, 5]}
					]
				},
				{
					"name": "tail",
					"parent": "torso",
					"pivot": [-1, 5.5, 3],
					"cubes": [
						{"origin": [-1.5, 3.5, 0], "size": [3, 2, 3], "uv": [18, 0]}
					]
				},
				{
					"name": "tail2",
					"parent": "tail",
					"pivot": [-1, 3.5, 2.5],
					"cubes": [
						{"origin": [-1, 1.8, 0.5], "size": [2, 2, 2], "inflate": 0.01, "uv": [0, 21]}
					]
				},
				{
					"name": "arms",
					"parent": "torso",
					"pivot": [0, 9.15, 0.5]
				},
				{
					"name": "arm_right",
					"parent": "arms",
					"pivot": [-2.5, 9.65, -0.5],
					"cubes": [
						{"origin": [-4.5, 9.15, -1], "size": [2, 1, 1], "uv": [0, 25]}
					]
				},
				{
					"name": "arm_left",
					"parent": "arms",
					"pivot": [2.5, 9.65, -0.5],
					"cubes": [
						{"origin": [2.5, 9.15, -1], "size": [2, 1, 1], "uv": [24, 16]}
					]
				},
				{
					"name": "legs",
					"parent": "torso",
					"pivot": [-0.75, 1.9, 4]
				},
				{
					"name": "leg_right",
					"parent": "legs",
					"pivot": [-2.5, 6.3, -0.5],
					"cubes": [
						{"origin": [-4.5, 5.8, -1], "size": [2, 1, 1], "uv": [21, 24]}
					]
				},
				{
					"name": "leg_left",
					"parent": "legs",
					"pivot": [2.5, 6.3, -0.5],
					"cubes": [
						{"origin": [2.5, 5.8, -1], "size": [2, 1, 1], "uv": [22, 22]}
					]
				}
			]
		}
	]
}