{
	"format_version": "1.12.0",
	"minecraft:geometry": [
		{
			"description": {
				"identifier": "geometry.cranidos_fetus",
				"texture_width": 32,
				"texture_height": 32,
				"visible_bounds_width": 2,
				"visible_bounds_height": 2.5,
				"visible_bounds_offset": [0, 0.75, 0]
			},
			"bones": [
				{
					"name": "dryopsi_fetus",
					"pivot": [0, 0, 0]
				},
				{
					"name": "body",
					"parent": "dryopsi_fetus",
					"pivot": [0.25, 8, 1]
				},
				{
					"name": "torso",
					"parent": "body",
					"pivot": [0, 7.4, 3],
					"cubes": [
						{"origin": [-2, 5.4, -1], "size": [4, 5, 4], "uv": [0, 11]}
					]
				},
				{
					"name": "neck",
					"parent": "torso",
					"pivot": [0, 10.4, 1],
					"cubes": [
						{"origin": [-1, 8, 0], "size": [2, 5, 2], "uv": [10, 20]}
					]
				},
				{
					"name": "head",
					"parent": "neck",
					"pivot": [0, 12, 1],
					"cubes": [
						{"origin": [-2.5, 12, -2.5], "size": [5, 4, 5], "uv": [0, 2]},
						{"origin": [0, 15, -4.5], "size": [0, 1, 1], "uv": [8, 20]},
						{"origin": [-1.5, 13, -4], "size": [3, 2, 3], "inflate": 0.01, "pivot": [0, 14, -2.5], "rotation": [0, -45, 0], "uv": [16, 11]},
						{"origin": [-1.5, 12, -4], "size": [1, 1, 1], "inflate": 0.01, "pivot": [0, 14, -2.5], "rotation": [0, -45, 0], "uv": [20, 9]}
					]
				},
				{
					"name": "jaw",
					"parent": "head",
					"pivot": [0, 13, -2.5],
					"cubes": [
						{"origin": [-1.5, 12, -4], "size": [3, 1, 3], "inflate": -0.01, "pivot": [0, 14, -2.5], "rotation": [0, -45, 0], "uv": [20, 5]}
					]
				},
				{
					"name": "eye_right",
					"parent": "head",
					"pivot": [0, 0, 0.5],
					"cubes": [
						{"origin": [-3, 13, -2], "size": [1, 2, 2], "uv": [0, 26]}
					]
				},
				{
					"name": "eye_left",
					"parent": "head",
					"pivot": [0, 0, 0.5],
					"cubes": [
						{"origin": [2, 13, -2], "size": [1, 2, 2], "uv": [24, 20]}
					]
				},
				{
					"name": "tail",
					"parent": "torso",
					"pivot": [-1, 5.4, 3],
					"cubes": [
						{"origin": [-1.5, 3.4, 0], "size": [3, 2, 3], "uv": [15, 0]}
					]
				},
				{
					"name": "tail2",
					"parent": "tail",
					"pivot": [-1, 3.4, 2.5],
					"cubes": [
						{"origin": [-1, 1.7, 0.5], "size": [2, 2, 2], "inflate": 0.01, "uv": [18, 22]}
					]
				},
				{
					"name": "tail3",
					"parent": "tail2",
					"pivot": [-1, 1.7, 2],
					"cubes": [
						{"origin": [-0.5, 0.7, 1], "size": [1, 1, 1], "inflate": 0.01, "uv": [17, 26]}
					]
				},
				{
					"name": "arms",
					"parent": "torso",
					"pivot": [0, 9.15, 0.5]
				},
				{
					"name": "arm_right",
					"parent": "arms",
					"pivot": [-2, 9.65, -0.5],
					"cubes": [
						{"origin": [-4, 9.15, -1], "size": [2, 1, 1], "uv": [23, 16]}
					]
				},
				{
					"name": "arm_left",
					"parent": "arms",
					"pivot": [2, 9.65, -0.5],
					"cubes": [
						{"origin": [2, 9.15, -1], "size": [2, 1, 1], "uv": [12, 11]}
					]
				},
				{
					"name": "legs",
					"parent": "torso",
					"pivot": [-0.75, 1.9, 4]
				},
				{
					"name": "leg_right",
					"parent": "legs",
					"pivot": [-2, 7.1, 0.7],
					"cubes": [
						{"origin": [-3, 5, -0.8], "size": [2, 3, 3], "uv": [0, 20]}
					]
				},
				{
					"name": "leg_right2",
					"parent": "leg_right",
					"pivot": [-2, 5, 2.2],
					"cubes": [
						{"origin": [-2.5, 2, 1.2], "size": [1, 3, 1], "uv": [0, 11]}
					]
				},
				{
					"name": "foot_right",
					"parent": "leg_right2",
					"pivot": [-2, 2, 1.2],
					"cubes": [
						{"origin": [-3, -1, 1.2], "size": [2, 3, 1], "inflate": 0.03, "uv": [25, 25]}
					]
				},
				{
					"name": "leg_left",
					"parent": "legs",
					"pivot": [2, 7.1, 0.7],
					"cubes": [
						{"origin": [1, 5, -0.8], "size": [2, 3, 3], "uv": [16, 16]}
					]
				},
				{
					"name": "leg_left2",
					"parent": "leg_left",
					"pivot": [2, 5, 2.2],
					"cubes": [
						{"origin": [1.5, 2, 1.2], "size": [1, 3, 1], "uv": [0, 0]}
					]
				},
				{
					"name": "foot_left",
					"parent": "leg_left2",
					"pivot": [2, 2, 1.2],
					"cubes": [
						{"origin": [1, -1, 1.2], "size": [2, 3, 1], "inflate": 0.03, "uv": [25, 9]}
					]
				}
			]
		}
	]
}