{
	"format_version": "1.12.0",
	"minecraft:geometry": [
		{
			"description": {
				"identifier": "geometry.hadrosong_fetus",
				"texture_width": 32,
				"texture_height": 32,
				"visible_bounds_width": 2,
				"visible_bounds_height": 2.5,
				"visible_bounds_offset": [0, 0.75, 0]
			},
			"bones": [
				{
					"name": "edastone_fetus",
					"pivot": [0, 0, 0]
				},
				{
					"name": "body",
					"parent": "edastone_fetus",
					"pivot": [0.5, 7, -0.5],
					"cubes": [
						{"origin": [-1.5, 4, -2], "size": [3, 4, 3], "uv": [0, 0]},
						{"origin": [0, 4, 1], "size": [0, 4, 2], "uv": [12, 0]}
					]
				},
				{
					"name": "neck",
					"parent": "body",
					"pivot": [0, 8, -0.5],
					"cubes": [
						{"origin": [-0.5, 8, -1], "size": [1, 1, 1], "inflate": 0.01, "uv": [13, 6]}
					]
				},
				{
					"name": "head",
					"parent": "neck",
					"pivot": [0, 10.19136, -0.55166],
					"rotation": [-90, 0, 0],
					"cubes": [
						{"origin": [-1, 9.19136, -2.05166], "size": [2, 2, 3], "uv": [0, 7]}
					]
				},
				{
					"name": "tail",
					"parent": "body",
					"pivot": [0, 3.5, -0.5],
					"cubes": [
						{"origin": [-0.5, 2, -1.5], "size": [1, 3, 2], "uv": [0, 12]}
					]
				},
				{
					"name": "tail2",
					"parent": "tail",
					"pivot": [0, 0.5, -0.5],
					"cubes": [
						{"origin": [-0.5, -1, -1], "size": [1, 3, 1], "uv": [6, 12]},
						{"origin": [0, 0, 0], "size": [0, 1, 1], "uv": [9, 1]}
					]
				},
				{
					"name": "leg_front_right",
					"parent": "body",
					"pivot": [-1, 7.5, -2.5],
					"cubes": [
						{"origin": [-1.5, 7, -3], "size": [1, 1, 1], "inflate": 0.01, "uv": [10, 7]}
					]
				},
				{
					"name": "leg_front_left",
					"parent": "body",
					"pivot": [1, 7.5, -2.5],
					"cubes": [
						{"origin": [0.5, 7, -3], "size": [1, 1, 1], "inflate": 0.01, "uv": [10, 11]}
					]
				},
				{
					"name": "leg_back_right",
					"parent": "body",
					"pivot": [-1, 4.5, -2.5],
					"cubes": [
						{"origin": [-1.5, 4, -3], "size": [1, 1, 1], "inflate": 0.01, "uv": [10, 9]}
					]
				},
				{
					"name": "leg_back_left",
					"parent": "body",
					"pivot": [1, 4.5, -2.5],
					"cubes": [
						{"origin": [0.5, 4, -3], "size": [1, 1, 1], "inflate": 0.01, "uv": [10, 13]}
					]
				}
			]
		}
	]
}