{
	"format_version": "1.12.0",
	"minecraft:geometry": [
		{
			"description": {
				"identifier": "geometry.hadrosong_fetus",
				"texture_width": 64,
				"texture_height": 32,
				"visible_bounds_width": 2,
				"visible_bounds_height": 2.5,
				"visible_bounds_offset": [0, 0.75, 0]
			},
			"bones": [
				{
					"name": "hadrosong_fetus",
					"pivot": [0, 0, 0]
				},
				{
					"name": "body",
					"parent": "hadrosong_fetus",
					"pivot": [0.5, 7, -0.5],
					"cubes": [
						{"origin": [-2.5, 3, -3], "size": [5, 7, 5], "uv": [0, 0]}
					]
				},
				{
					"name": "neck",
					"parent": "body",
					"pivot": [0, 10, -0.5],
					"cubes": [
						{"origin": [-1, 10, -1.5], "size": [2, 5, 3], "inflate": 0.01, "uv": [21, 0]}
					]
				},
				{
					"name": "head",
					"parent": "neck",
					"pivot": [0, 13, 0],
					"cubes": [
						{"origin": [-1.5, 13, -2], "size": [3, 5, 4], "uv": [1, 12]},
						{"origin": [-1, 12, 1], "size": [2, 5, 2], "pivot": [0, 13, 2], "rotation": [10, 0, 0], "uv": [0, 0]}
					]
				},
				{
					"name": "mouth",
					"parent": "head",
					"pivot": [0, 25.01, -1],
					"cubes": [
						{"origin": [-0.5, 18.01, -2], "size": [1, 0, 1], "uv": [-1, 0]}
					]
				},
				{
					"name": "tail",
					"parent": "body",
					"pivot": [0, 4, 1],
					"cubes": [
						{"origin": [-1.5, 1, -2], "size": [3, 3, 3], "uv": [24, 26]}
					]
				},
				{
					"name": "tail2",
					"parent": "tail",
					"pivot": [0, 1, 0.5],
					"cubes": [
						{"origin": [-1, -1, -1.5], "size": [2, 2, 2], "uv": [8, 24]},
						{"origin": [0, -0.5, 0.5], "size": [0, 1, 1], "uv": [5, 1]}
					]
				},
				{
					"name": "leg_front_right",
					"parent": "body",
					"pivot": [-2.5, 9.5, -3],
					"cubes": [
						{"origin": [-2.5, 8, -5], "size": [2, 2, 2], "inflate": 0.01, "uv": [0, 24]}
					]
				},
				{
					"name": "leg_front_left",
					"parent": "body",
					"pivot": [2.5, 9.5, -3],
					"cubes": [
						{"origin": [0.5, 8, -5], "size": [2, 2, 2], "inflate": 0.01, "uv": [8, 24]}
					]
				},
				{
					"name": "leg_back_right",
					"parent": "body",
					"pivot": [-2.5, 3.5, -3],
					"cubes": [
						{"origin": [-2.5, 3, -5], "size": [2, 2, 2], "inflate": 0.01, "uv": [0, 28]}
					]
				},
				{
					"name": "leg_back_left",
					"parent": "body",
					"pivot": [2.5, 3.5, -3],
					"cubes": [
						{"origin": [0.5, 3, -5], "size": [2, 2, 2], "inflate": 0.01, "uv": [8, 28]}
					]
				}
			]
		}
	]
}