{
	"format_version": "1.12.0",
	"minecraft:geometry": [
		{
			"description": {
				"identifier": "geometry.ichthyst_fetus",
				"texture_width": 64,
				"texture_height": 32,
				"visible_bounds_width": 4,
				"visible_bounds_height": 2.5,
				"visible_bounds_offset": [0, 0.75, 0]
			},
			"bones": [
				{
					"name": "ichthyst",
					"pivot": [0, 0, 0]
				},
				{
					"name": "body",
					"parent": "ichthyst",
					"pivot": [0, 7.9, 2]
				},
				{
					"name": "left_leg",
					"parent": "body",
					"pivot": [3.5, 5.5, 5],
					"cubes": [
						{"origin": [2, 5, 4], "size": [3, 1, 2], "uv": [43, 21]}
					]
				},
				{
					"name": "right_leg",
					"parent": "body",
					"pivot": [-3.5, 5.5, 5],
					"cubes": [
						{"origin": [-5, 5, 4], "size": [3, 1, 2], "uv": [43, 21]}
					]
				},
				{
					"name": "torso",
					"parent": "body",
					"pivot": [0, 7.9, 2],
					"cubes": [
						{"origin": [-2, 4.5, -2], "size": [4, 7, 8], "uv": [0, 0]},
						{"origin": [0, 10.9, 1], "size": [0, 2, 2], "uv": [1, 1]}
					]
				},
				{
					"name": "neck",
					"parent": "torso",
					"pivot": [0, 8.35, -2],
					"cubes": [
						{"origin": [-1.5, 5.05, -4.3], "size": [3, 6, 3], "inflate": -0.14, "uv": [18, 22]}
					]
				},
				{
					"name": "neck2",
					"parent": "neck",
					"pivot": [0, 8.4, -4.15],
					"cubes": [
						{"origin": [-1, 5.55, -7], "size": [2, 5, 3], "inflate": -0.15, "uv": [35, 12]}
					]
				},
				{
					"name": "head",
					"parent": "neck2",
					"pivot": [0, 7.6, -7.2],
					"cubes": [
						{"origin": [-2, 5.7, -11.3], "size": [4, 5, 5], "pivot": [0.5, 9.2, -7.9], "rotation": [7.5, 0, 0], "uv": [0, 22]},
						{"origin": [-1, 7, -16.4], "size": [2, 2, 6], "uv": [18, 11]}
					]
				},
				{
					"name": "jaw",
					"parent": "head",
					"pivot": [0, 6.75, -8],
					"cubes": [
						{"origin": [-0.5, 6.5, -15.1], "size": [1, 1, 4], "inflate": 0.1, "uv": [41, 16]}
					]
				},
				{
					"name": "eyes",
					"parent": "head",
					"pivot": [0, 7.05, -5.2]
				},
				{
					"name": "right_eye",
					"parent": "eyes",
					"pivot": [-2.2, 8.5, -8.45],
					"rotation": [10, 0, 0],
					"cubes": [
						{"origin": [-2.7, 7.1, -10.55], "size": [1, 3, 3], "inflate": 0.01, "uv": [5, 16]}
					]
				},
				{
					"name": "left_eye",
					"parent": "eyes",
					"pivot": [2.2, 8.5, -8.45],
					"rotation": [10, 0, 0],
					"cubes": [
						{"origin": [1.7, 7.1, -10.55], "size": [1, 3, 3], "inflate": 0.01, "uv": [5, 16]}
					]
				},
				{
					"name": "tail",
					"parent": "torso",
					"pivot": [0, 9.2, 5],
					"cubes": [
						{"origin": [-1.5, 5.2, 5], "size": [3, 6, 5], "uv": [24, 0]}
					]
				},
				{
					"name": "tail2",
					"parent": "tail",
					"pivot": [0, 8.7, 10],
					"cubes": [
						{"origin": [-1, 5.7, 10], "size": [2, 5, 4], "uv": [30, 22]}
					]
				},
				{
					"name": "tail3",
					"parent": "tail2",
					"pivot": [0, 8.2, 14],
					"cubes": [
						{"origin": [-0.5, 7.2, 13], "size": [1, 3, 5], "uv": [40, 0]},
						{"origin": [0, 9.2, 14], "size": [0, 3, 2], "pivot": [0, 10.2, 15], "rotation": [-40, 0, 0], "uv": [1, 3]}
					]
				},
				{
					"name": "left_arm",
					"parent": "body",
					"pivot": [3, 5, -1],
					"cubes": [
						{"origin": [2, 5, -2], "size": [4, 1, 2], "uv": [16, 2]}
					]
				},
				{
					"name": "right_arm",
					"parent": "body",
					"pivot": [-4, 5.5, -1],
					"cubes": [
						{"origin": [-6, 5, -2], "size": [4, 1, 2], "uv": [16, 2]}
					]
				}
			]
		}
	]
}