{
	"format_version": "1.12.0",
	"minecraft:geometry": [
		{
			"description": {
				"identifier": "geometry.unknown",
				"texture_width": 32,
				"texture_height": 32,
				"visible_bounds_width": 2,
				"visible_bounds_height": 2.5,
				"visible_bounds_offset": [0, 0.75, 0]
			},
			"bones": [
				{
					"name": "lycoalpod",
					"pivot": [0, 0, 0]
				},
				{
					"name": "body",
					"parent": "lycoalpod",
					"pivot": [0, 0, 0]
				},
				{
					"name": "tail",
					"parent": "body",
					"pivot": [-0.05437, 0.5, 2.43021],
					"cubes": [
						{"origin": [-3.5, 0, 4.5], "size": [2, 1, 1], "pivot": [0.00771, 0, 4.93792], "rotation": [0, -90, 0], "uv": [5, 22]}
					]
				},
				{
					"name": "torso",
					"parent": "body",
					"pivot": [0, 1.01, 0],
					"cubes": [
						{"origin": [-2, 0.01, -2], "size": [4, 2, 4], "uv": [0, 9]}
					]
				},
				{
					"name": "neck",
					"parent": "torso",
					"pivot": [0, 2.75, 0],
					"cubes": [
						{"origin": [-1, 1.25, -1], "size": [2, 3, 2], "uv": [8, 15]}
					]
				},
				{
					"name": "neck2",
					"parent": "neck",
					"pivot": [0, 5.75, 0],
					"cubes": [
						{"origin": [-1, 4.25, -1], "size": [2, 3, 2], "inflate": 0.02, "uv": [0, 15]}
					]
				},
				{
					"name": "head",
					"parent": "neck2",
					"pivot": [0, 9.75, 0],
					"cubes": [
						{"origin": [-2, 7.25, -2], "size": [4, 5, 4], "uv": [0, 0]}
					]
				},
				{
					"name": "back_leg_left",
					"parent": "torso",
					"pivot": [1.5, 0.62007, 2.40363],
					"cubes": [
						{"origin": [1, 0.12007, 1.90363], "size": [1, 1, 1], "uv": [12, 20]}
					]
				},
				{
					"name": "back_leg_right",
					"parent": "torso",
					"pivot": [-1.5, 0.5, 2.5],
					"cubes": [
						{"origin": [-2, 0, 2], "size": [1, 1, 1], "uv": [0, 20]}
					]
				},
				{
					"name": "leg_left",
					"parent": "torso",
					"pivot": [1.5, 0.5, -2.5],
					"cubes": [
						{"origin": [1, 0, -3], "size": [1, 1, 1], "uv": [8, 20]}
					]
				},
				{
					"name": "leg_right",
					"parent": "torso",
					"pivot": [-1.5, 0.5, -2.5],
					"cubes": [
						{"origin": [-2, 0, -3], "size": [1, 1, 1], "uv": [4, 20]}
					]
				}
			]
		}
	]
}