{
	"format_version": "1.12.0",
	"minecraft:geometry": [
		{
			"description": {
				"identifier": "geometry.aerodactyl_fetus",
				"texture_width": 64,
				"texture_height": 32,
				"visible_bounds_width": 4,
				"visible_bounds_height": 2.5,
				"visible_bounds_offset": [0, 0.75, 0]
			},
			"bones": [
				{
					"name": "mosaga",
					"pivot": [0, 0, 0]
				},
				{
					"name": "body",
					"parent": "mosaga",
					"pivot": [0, 7.9, 2]
				},
				{
					"name": "left_leg",
					"parent": "body",
					"pivot": [3.5, 5.5, 5],
					"cubes": [
						{"origin": [2, 5, 4], "size": [3, 1, 2], "uv": [43, 21]}
					]
				},
				{
					"name": "right_leg",
					"parent": "body",
					"pivot": [-3.5, 5.5, 5],
					"cubes": [
						{"origin": [-5, 5, 4], "size": [3, 1, 2], "uv": [43, 21]}
					]
				},
				{
					"name": "torso",
					"parent": "body",
					"pivot": [0, 7.9, 2],
					"cubes": [
						{"origin": [-2, 4.5, -2], "size": [4, 7, 8], "uv": [0, 0]}
					]
				},
				{
					"name": "neck",
					"parent": "torso",
					"pivot": [0, 8.35, -2]
				},
				{
					"name": "neck2",
					"parent": "neck",
					"pivot": [0, 8.4, -4.15]
				},
				{
					"name": "head",
					"parent": "neck2",
					"pivot": [0, 7.6, -3.2],
					"cubes": [
						{"origin": [-2, 6.7, -7], "size": [4, 4, 5], "uv": [0, 22]},
						{"origin": [-1.5, 7, -11], "size": [3, 3, 5], "uv": [19, 11]},
						{"origin": [0, 9.2, -10], "size": [0, 2, 2], "uv": [14, 14]}
					]
				},
				{
					"name": "jaw",
					"parent": "head",
					"pivot": [0, 6.75, -4],
					"cubes": [
						{"origin": [-1, 6.5, -10.1], "size": [2, 1, 6], "inflate": 0.1, "uv": [39, 14]}
					]
				},
				{
					"name": "eyes",
					"parent": "head",
					"pivot": [0, 7.05, -1.2]
				},
				{
					"name": "right_eye",
					"parent": "eyes",
					"pivot": [-2.2, 8.5, -4.45],
					"rotation": [10, 0, 0],
					"cubes": [
						{"origin": [-2.7, 7.1, -6.55], "size": [1, 3, 3], "inflate": 0.01, "pivot": [-2.2, 8.6, -5.05], "rotation": [-10, 0, 0], "uv": [5, 16]}
					]
				},
				{
					"name": "left_eye",
					"parent": "eyes",
					"pivot": [2.2, 8.5, -4.45],
					"rotation": [10, 0, 0],
					"cubes": [
						{"origin": [1.7, 7.1, -6.55], "size": [1, 3, 3], "inflate": 0.01, "pivot": [2.2, 8.6, -5.05], "rotation": [-10, 0, 0], "uv": [5, 16]}
					]
				},
				{
					"name": "tail",
					"parent": "torso",
					"pivot": [0, 9.2, 5],
					"cubes": [
						{"origin": [-1.5, 6.2, 5], "size": [3, 4, 5], "uv": [24, 0]}
					]
				},
				{
					"name": "tail2",
					"parent": "tail",
					"pivot": [0, 8.7, 10],
					"cubes": [
						{"origin": [-1, 6.7, 10], "size": [2, 3, 4], "uv": [30, 22]}
					]
				},
				{
					"name": "tail3",
					"parent": "tail2",
					"pivot": [0, 8.2, 14],
					"cubes": [
						{"origin": [0, 9.2, 11], "size": [0, 2, 2], "pivot": [0, 10.2, 12], "rotation": [-40, 0, 0], "uv": [1, 3]}
					]
				},
				{
					"name": "left_arm",
					"parent": "body",
					"pivot": [3, 5, -1],
					"cubes": [
						{"origin": [2, 5, -2], "size": [4, 1, 2], "uv": [16, 2]}
					]
				},
				{
					"name": "right_arm",
					"parent": "body",
					"pivot": [-4, 5.5, -1],
					"cubes": [
						{"origin": [-6, 5, -2], "size": [4, 1, 2], "uv": [16, 2]}
					]
				}
			]
		}
	]
}