{
	"format_version": "1.12.0",
	"minecraft:geometry": [
		{
			"description": {
				"identifier": "geometry.hadrosong_fetus",
				"texture_width": 64,
				"texture_height": 32,
				"visible_bounds_width": 2,
				"visible_bounds_height": 2.5,
				"visible_bounds_offset": [0, 0.75, 0]
			},
			"bones": [
				{
					"name": "pariartz_fetus",
					"pivot": [0, 0, 0]
				},
				{
					"name": "body",
					"parent": "pariartz_fetus",
					"pivot": [0.5, 7, -0.5],
					"cubes": [
						{"origin": [-2.5, 3, -3], "size": [5, 7, 5], "uv": [0, 0]},
						{"origin": [-0.5, 6, 2], "size": [1, 3, 1], "uv": [16, 18]}
					]
				},
				{
					"name": "neck",
					"parent": "body",
					"pivot": [0, 10, -0.5],
					"cubes": [
						{"origin": [-2, 10, -1.5], "size": [4, 2, 3], "inflate": 0.01, "uv": [15, 0]}
					]
				},
				{
					"name": "head",
					"parent": "neck",
					"pivot": [0, 15, 0],
					"rotation": [-90, 0, 0],
					"cubes": [
						{"origin": [-2, 13.44834, 0.30864], "size": [4, 4, 3], "uv": [20, 5]},
						{"origin": [-2, 13.44834, -1.69136], "size": [4, 3, 2], "uv": [22, 12]}
					]
				},
				{
					"name": "jaw",
					"parent": "head",
					"pivot": [0, 12.33333, 0.66667],
					"cubes": [
						{"origin": [-2, 12.5, -1], "size": [4, 1, 4], "uv": [20, 17]},
						{"origin": [1, 11.5, 0], "size": [1, 1, 1], "uv": [16, 22]},
						{"origin": [-2, 11.5, 0], "size": [1, 1, 1], "uv": [16, 22]}
					]
				},
				{
					"name": "tail",
					"parent": "body",
					"pivot": [0, 4, 1],
					"cubes": [
						{"origin": [-1.5, 1, -2], "size": [3, 3, 3], "uv": [0, 12]}
					]
				},
				{
					"name": "tail2",
					"parent": "tail",
					"pivot": [0, 1, 0.5],
					"cubes": [
						{"origin": [-1, -1, -1.5], "size": [2, 2, 2], "uv": [12, 13]}
					]
				},
				{
					"name": "leg_front_right",
					"parent": "body",
					"pivot": [-2.5, 9.5, -3],
					"cubes": [
						{"origin": [-2.5, 8, -5], "size": [2, 2, 2], "inflate": 0.01, "uv": [0, 18]}
					]
				},
				{
					"name": "leg_front_left",
					"parent": "body",
					"pivot": [2.5, 9.5, -3],
					"cubes": [
						{"origin": [0.5, 8, -5], "size": [2, 2, 2], "inflate": 0.01, "uv": [8, 18]}
					]
				},
				{
					"name": "leg_back_right",
					"parent": "body",
					"pivot": [-2.5, 3.5, -3],
					"cubes": [
						{"origin": [-2.5, 3, -5], "size": [2, 2, 2], "inflate": 0.01, "uv": [0, 22]}
					]
				},
				{
					"name": "leg_back_left",
					"parent": "body",
					"pivot": [2.5, 3.5, -3],
					"cubes": [
						{"origin": [0.5, 3, -5], "size": [2, 2, 2], "inflate": 0.01, "uv": [8, 22]}
					]
				}
			]
		}
	]
}