{
	"format_version": "1.12.0",
	"minecraft:geometry": [
		{
			"description": {
				"identifier": "geometry.pteropix_fetus",
				"texture_width": 64,
				"texture_height": 32,
				"visible_bounds_width": 4,
				"visible_bounds_height": 2.5,
				"visible_bounds_offset": [0, 0.75, 0]
			},
			"bones": [
				{
					"name": "pteropix",
					"pivot": [0, 0, 0]
				},
				{
					"name": "body",
					"parent": "pteropix",
					"pivot": [0, 7.9, 2]
				},
				{
					"name": "torso",
					"parent": "body",
					"pivot": [0, 7.9, 2],
					"cubes": [
						{"origin": [-2, 5.5, -2], "size": [4, 4, 8], "uv": [0, 0]}
					]
				},
				{
					"name": "wing_right",
					"parent": "torso",
					"pivot": [-2, 7.9, -1.5],
					"cubes": [
						{"origin": [-6, 7.9, -1.5], "size": [4, 0, 4], "uv": [19, 27]}
					]
				},
				{
					"name": "wing_right2",
					"parent": "wing_right",
					"pivot": [-6, 7.9, -1.5],
					"cubes": [
						{"origin": [-11, 7.9, -1.5], "size": [5, 0, 6], "uv": [25, 14]}
					]
				},
				{
					"name": "wing_right3",
					"parent": "wing_right2",
					"pivot": [-11, 7.9, -1.5],
					"cubes": [
						{"origin": [-22, 7.9, -1.5], "size": [11, 0, 6], "uv": [35, 17]}
					]
				},
				{
					"name": "wing_left",
					"parent": "torso",
					"pivot": [2, 7.9, -1.5],
					"cubes": [
						{"origin": [2, 7.9, -1.5], "size": [4, 0, 4], "uv": [19, 23]}
					]
				},
				{
					"name": "wing_left2",
					"parent": "wing_left",
					"pivot": [6, 7.9, -1.5],
					"cubes": [
						{"origin": [6, 7.9, -1.5], "size": [5, 0, 6], "uv": [25, 20]}
					]
				},
				{
					"name": "wing_left3",
					"parent": "wing_left2",
					"pivot": [11, 7.9, -1.5],
					"cubes": [
						{"origin": [11, 7.9, -1.5], "size": [11, 0, 6], "uv": [35, 11]}
					]
				},
				{
					"name": "neck",
					"parent": "torso",
					"pivot": [0, 8.35, -2],
					"cubes": [
						{"origin": [-1.5, 6.05, -4.3], "size": [3, 3, 3], "inflate": -0.14, "uv": [17, 14]}
					]
				},
				{
					"name": "neck2",
					"parent": "neck",
					"pivot": [0, 8.4, -4.15],
					"cubes": [
						{"origin": [-1, 6.55, -7], "size": [2, 2, 3], "inflate": -0.15, "uv": [27, 0]}
					]
				},
				{
					"name": "head",
					"parent": "neck2",
					"pivot": [0, 7.6, -7.2],
					"cubes": [
						{"origin": [-2, 6.7, -11.3], "size": [4, 4, 5], "pivot": [0.5, 9.2, -7.9], "rotation": [7.5, 0, 0], "uv": [0, 22]},
						{"origin": [0, 7.6, -13.2], "size": [0, 3, 2], "uv": [5, 16]},
						{"origin": [-1.5, 6.65, -16.4], "size": [3, 2, 6], "uv": [18, 6]}
					]
				},
				{
					"name": "jaw",
					"parent": "head",
					"pivot": [0, 6.75, -8],
					"cubes": [
						{"origin": [-1, 5.85, -15.1], "size": [2, 1, 9], "inflate": 0.1, "uv": [1, 12]}
					]
				},
				{
					"name": "eyes",
					"parent": "head",
					"pivot": [0, 7.05, -5.2]
				},
				{
					"name": "right_eye",
					"parent": "eyes",
					"pivot": [-2.2, 8.5, -8.45],
					"rotation": [10, 0, 0],
					"cubes": [
						{"origin": [-2.7, 7.1, -10.55], "size": [1, 3, 3], "inflate": 0.01, "uv": [0, 0]}
					]
				},
				{
					"name": "left_eye",
					"parent": "eyes",
					"pivot": [2.2, 8.5, -8.45],
					"rotation": [10, 0, 0],
					"cubes": [
						{"origin": [1.7, 7.1, -10.55], "size": [1, 3, 3], "inflate": 0.01, "uv": [0, 12]}
					]
				},
				{
					"name": "tail",
					"parent": "torso",
					"pivot": [0, 9.2, 5],
					"cubes": [
						{"origin": [-0.5, 8.2, 5], "size": [1, 0, 2], "uv": [20, 3]}
					]
				},
				{
					"name": "right_leg",
					"parent": "body",
					"pivot": [-1.5, 6.05, 3.4],
					"cubes": [
						{"origin": [-3, 3.55, 2.4], "size": [2, 4, 2], "inflate": 0.01, "uv": [30, 6]}
					]
				},
				{
					"name": "right_leg2",
					"parent": "right_leg",
					"pivot": [-2.5, 3.55, 2.4],
					"cubes": [
						{"origin": [-2.5, 0.55, 2.4], "size": [1, 3, 1], "uv": [0, 22]}
					]
				},
				{
					"name": "right_foot",
					"parent": "right_leg2",
					"pivot": [-2.5, 1.05, 2.9],
					"cubes": [
						{"origin": [-3, 0.05, 0.9], "size": [2, 1, 3], "uv": [47, 0]}
					]
				},
				{
					"name": "left_leg",
					"parent": "body",
					"pivot": [1.5, 6.05, 3.4],
					"cubes": [
						{"origin": [1, 3.55, 2.4], "size": [2, 4, 2], "inflate": 0.01, "uv": [38, 4]}
					]
				},
				{
					"name": "left_leg2",
					"parent": "left_leg",
					"pivot": [2.5, 3.55, 2.4],
					"cubes": [
						{"origin": [1.5, 0.55, 2.4], "size": [1, 3, 1], "uv": [16, 0]}
					]
				},
				{
					"name": "left_foot",
					"parent": "left_leg2",
					"pivot": [2.5, 1.05, 2.9],
					"cubes": [
						{"origin": [1, 0.05, 0.9], "size": [2, 1, 3], "uv": [37, 0]}
					]
				}
			]
		}
	]
}