{
	"format_version": "1.12.0",
	"minecraft:geometry": [
		{
			"description": {
				"identifier": "geometry.sapsaur_fetus",
				"texture_width": 32,
				"texture_height": 32,
				"visible_bounds_width": 2,
				"visible_bounds_height": 2.5,
				"visible_bounds_offset": [0, 0.75, 0]
			},
			"bones": [
				{
					"name": "sapsaur_fetus",
					"pivot": [0.5, 0, 0]
				},
				{
					"name": "body",
					"parent": "sapsaur_fetus",
					"pivot": [0.5, 3, -0.5],
					"cubes": [
						{"origin": [-2.5, -1, -3], "size": [5, 7, 5], "uv": [0, 0]},
						{"origin": [-0.5, 1, 1.5], "size": [1, 3, 1], "uv": [1, 1]}
					]
				},
				{
					"name": "neck",
					"parent": "body",
					"pivot": [0, 6, 1],
					"cubes": [
						{"origin": [-1, 6, -1], "size": [2, 3, 2], "uv": [24, 27]}
					]
				},
				{
					"name": "neck2",
					"parent": "neck",
					"pivot": [0, 9, 1],
					"cubes": [
						{"origin": [-1, 9, -1], "size": [2, 3, 2], "inflate": 0.01, "uv": [24, 22]}
					]
				},
				{
					"name": "neck3",
					"parent": "neck2",
					"pivot": [0, 12, 1],
					"cubes": [
						{"origin": [-1, 12, -1], "size": [2, 3, 2], "uv": [24, 17]}
					]
				},
				{
					"name": "head",
					"parent": "neck3",
					"pivot": [0, 15, 1],
					"cubes": [
						{"origin": [-2.5, 15, -1.5], "size": [5, 6, 4], "uv": [0, 12]},
						{"origin": [-1, 16, 2], "size": [2, 2, 2], "uv": [24, 0]}
					]
				},
				{
					"name": "mouth",
					"parent": "head",
					"pivot": [0, 21.01, -1],
					"cubes": [
						{"origin": [-0.5, 21.01, -1.5], "size": [1, 0, 1], "uv": [-1, 0]}
					]
				},
				{
					"name": "fin_right",
					"parent": "head",
					"pivot": [-2.5, 21, 2.5]
				},
				{
					"name": "fin_left",
					"parent": "head",
					"pivot": [2.5, 21, 2.5]
				},
				{
					"name": "leg_front_right",
					"parent": "body",
					"pivot": [-2.5, 5.5, -3],
					"cubes": [
						{"origin": [-2.5, 4, -5], "size": [2, 2, 2], "inflate": 0.01, "uv": [0, 24]}
					]
				},
				{
					"name": "leg_front_left",
					"parent": "body",
					"pivot": [2.5, 5.5, -3],
					"cubes": [
						{"origin": [0.5, 4, -5], "size": [2, 2, 2], "inflate": 0.01, "uv": [8, 24]}
					]
				},
				{
					"name": "leg_back_right",
					"parent": "body",
					"pivot": [-2.5, -0.5, -3],
					"cubes": [
						{"origin": [-2.5, -1, -5], "size": [2, 2, 2], "inflate": 0.01, "uv": [0, 28]}
					]
				},
				{
					"name": "leg_back_left",
					"parent": "body",
					"pivot": [2.5, -0.5, -3],
					"cubes": [
						{"origin": [0.5, -1, -5], "size": [2, 2, 2], "inflate": 0.01, "uv": [8, 28]}
					]
				},
				{
					"name": "tail",
					"parent": "body",
					"pivot": [0, -1, 1.5],
					"cubes": [
						{"origin": [-1.5, -3, -1.5], "size": [3, 2, 3], "uv": [20, 6]}
					]
				},
				{
					"name": "tail2",
					"parent": "tail",
					"pivot": [0, -3, 1],
					"cubes": [
						{"origin": [-1, -5, -1], "size": [2, 2, 2], "uv": [24, 11]}
					]
				}
			]
		}
	]
}