{
 "species": "cobblemon:deepole",
 "order": 0,
 "variations": [
   {
     "aspects": [],
     "poser": "cobblemon:deepole",
     "model": "cobblemon:deepole.geo",
     "texture": "cobblemon:textures/pokemon/deepole/deepole.png",
     "layers": [
	         {
              "name": "emissive",
              "emissive": true,
              "texture": "cobblemon:textures/pokemon/deepole/deepole_emissive.png",
              "translucent": true
			}
		]
   },
   {
     "aspects": [
       "shiny"
     ],
     "texture": "cobblemon:textures/pokemon/deepole/deepole_shiny.png",
	 "layers": [
	 	         {
              "name": "emissive",
              "emissive": true,
              "texture": "cobblemon:textures/pokemon/deepole/deepole_shiny_emissive.png",
              "translucent": true
			}
		]
	}
 ]
}