{
	"format_version": "1.12.0",
	"minecraft:geometry": [
		{
			"description": {
				"identifier": "geometry.unknown",
				"texture_width": 128,
				"texture_height": 128,
				"visible_bounds_width": 3,
				"visible_bounds_height": 3.5,
				"visible_bounds_offset": [0, 1.25, 0]
			},
			"bones": [
				{
					"name": "whole",
					"pivot": [0, 0, 0]
				},
				{
					"name": "head",
					"parent": "whole",
					"pivot": [0, 12.75, -9],
					"rotation": [25, 0, 0],
					"cubes": [
						{"origin": [-4, 11.72394, -14.43092], "size": [8, 8, 8], "uv": [0, 69]}
					]
				},
				{
					"name": "mooth",
					"parent": "head",
					"pivot": [0, 14.72394, -13.93092],
					"cubes": [
						{"origin": [-2.5, 11.72394, -16.93092], "size": [5, 5, 4], "pivot": [0, 14.22394, -15.43092], "rotation": [7.5, 0, 0], "uv": [32, 69]}
					]
				},
				{
					"name": "snoof",
					"parent": "mooth",
					"pivot": [0, 11.72394, -5.93092],
					"cubes": [
						{"origin": [-2, 12.22394, -17.68092], "size": [4, 4, 1], "pivot": [0, 14.22394, -15.43092], "rotation": [7.5, 0, 0], "uv": [49, 51]}
					]
				},
				{
					"name": "nosering",
					"parent": "snoof",
					"pivot": [0, 13.20828, -17.44759],
					"rotation": [60, 0, 0],
					"cubes": [
						{"origin": [-2, 13.48988, -19.49343], "size": [4, 0, 2], "pivot": [0, 14.48988, -15.24343], "rotation": [7.5, 0, 0], "uv": [11, 0]}
					]
				},
				{
					"name": "headfur",
					"parent": "head",
					"pivot": [0, 11.72394, -6.18092]
				},
				{
					"name": "frontheadfur",
					"parent": "headfur",
					"pivot": [0, 19.72679, -14.56178],
					"rotation": [-5, 0, 0],
					"cubes": [
						{"origin": [-4.5, 13.72394, -14.43092], "size": [9, 6, 0], "pivot": [0, 19.72394, -14.43092], "rotation": [-2.5, 0, 0], "uv": [71, 8]}
					]
				},
				{
					"name": "rightheadfur",
					"parent": "headfur",
					"pivot": [-3.8922, 19.74106, -10.43092],
					"cubes": [
						{"origin": [-4, 10.72394, -14.43092], "size": [0, 9, 8], "pivot": [-4, 19.72394, -10.43092], "rotation": [0, 0, 5], "uv": [0, 35]}
					]
				},
				{
					"name": "leftheadfur",
					"parent": "headfur",
					"pivot": [3.8922, 19.74106, -10.43092],
					"cubes": [
						{"origin": [4, 10.72394, -14.43092], "size": [0, 9, 8], "pivot": [4, 19.72394, -10.43092], "rotation": [0, 0, -5], "uv": [0, 0]}
					]
				},
				{
					"name": "horns",
					"parent": "head",
					"pivot": [0, 11.72394, -6.18092]
				},
				{
					"name": "lefthorn",
					"parent": "horns",
					"pivot": [3.5, 17.72394, -8.68092],
					"rotation": [0, 0, -17.5],
					"cubes": [
						{"origin": [5.875, 17.04894, -9.68092], "size": [2, 4, 2], "inflate": 0.001, "pivot": [6.5, 18.22394, -8.68092], "rotation": [0, 0, 15], "uv": [0, 69]},
						{"origin": [1.375, 17.04894, -12.68092], "size": [2, 4, 2], "inflate": 0.001, "pivot": [6.5, 18.22394, -8.68092], "rotation": [0, 0, 15], "uv": [0, 52]},
						{"origin": [3.5, 16.72394, -9.68092], "size": [4, 2, 2], "uv": [49, 47]}
					]
				},
				{
					"name": "righthorn",
					"parent": "horns",
					"pivot": [-3.5, 17.72394, -8.68092],
					"rotation": [0, 0, 17.5],
					"cubes": [
						{"origin": [-7.875, 17.04894, -9.68092], "size": [2, 4, 2], "inflate": 0.001, "pivot": [-6.5, 18.22394, -8.68092], "rotation": [0, 0, -15], "uv": [57, 54]},
						{"origin": [-3.375, 17.04894, -12.68092], "size": [2, 4, 2], "inflate": 0.001, "pivot": [-6.5, 18.22394, -8.68092], "rotation": [0, 0, -15], "uv": [8, 52]},
						{"origin": [-7.5, 16.72394, -9.68092], "size": [4, 2, 2], "uv": [49, 43]}
					]
				},
				{
					"name": "ears",
					"parent": "head",
					"pivot": [0, 11.72394, -6.18092]
				},
				{
					"name": "leftear",
					"parent": "ears",
					"pivot": [4, 16.22394, -10.43092],
					"rotation": [0, 0, 45],
					"cubes": [
						{"origin": [2.83579, 14.72394, -10.43092], "size": [5, 3, 0], "uv": [46, 69]}
					]
				},
				{
					"name": "rightear",
					"parent": "ears",
					"pivot": [-4, 16.22394, -10.43092],
					"rotation": [0, 0, -45],
					"cubes": [
						{"origin": [-7.83579, 14.72394, -10.43092], "size": [5, 3, 0], "uv": [24, 69]}
					]
				},
				{
					"name": "body",
					"parent": "whole",
					"pivot": [0, 0, 0],
					"cubes": [
						{"origin": [-10, 0, -9.25], "size": [20, 22, 21], "uv": [0, 0]},
						{"origin": [-8, 22, -7.25], "size": [16, 9, 17], "uv": [0, 43]},
						{"origin": [-5, 31, -4.25], "size": [10, 4, 11], "uv": [55, 64]},
						{"origin": [-2, 35, -1.25], "size": [4, 2, 5], "uv": [0, 0]}
					]
				},
				{
					"name": "bodyfur",
					"parent": "body",
					"pivot": [0, 0.075, 0]
				},
				{
					"name": "bodyfurfront",
					"parent": "bodyfur",
					"pivot": [0, 0.075, 0],
					"cubes": [
						{"origin": [-10, 0.075, -13.25], "size": [20, 0, 4], "uv": [67, 4]}
					]
				},
				{
					"name": "bodyfurback",
					"parent": "bodyfur",
					"pivot": [0, 0.075, 11.75],
					"cubes": [
						{"origin": [-10, 0.075, 11.75], "size": [20, 0, 4], "uv": [67, 0]}
					]
				},
				{
					"name": "bodyfurright",
					"parent": "bodyfur",
					"pivot": [-10, 0.075, -9],
					"cubes": [
						{"origin": [-15, 0.075, -9.25], "size": [5, 0, 21], "uv": [45, 43]}
					]
				},
				{
					"name": "bodyfurleft",
					"parent": "bodyfur",
					"pivot": [9.95, 0.075, -9],
					"cubes": [
						{"origin": [10, 0.075, -9.25], "size": [5, 0, 21], "uv": [40, 0]}
					]
				},
				{
					"name": "tail",
					"parent": "body",
					"pivot": [0, 12.55885, 11.57812],
					"rotation": [-2.5, 0, 0],
					"cubes": [
						{"origin": [0, 11.875, 10.175], "size": [0, 2, 7], "pivot": [0, 12.5, 10.5], "rotation": [-50, 0, 0], "uv": [0, 10]}
					]
				},
				{
					"name": "flowas",
					"parent": "body",
					"pivot": [-10.39035, 7.00477, -3.99749]
				},
				{
					"name": "flowa1",
					"parent": "flowas",
					"pivot": [-10.39035, 5.00477, -4.99749],
					"rotation": [-35, 0, 0],
					"cubes": [
						{"origin": [-10.175, 4, -6], "size": [1, 2, 2], "uv": [59, 45]},
						{"origin": [-10.125, 3.5, -8.95], "size": [0, 3, 3], "pivot": [-10.175, 5, -6], "rotation": [0, 17.5, 0], "uv": [14, 14]},
						{"origin": [-10.125, 1.075, -6.5], "size": [0, 3, 3], "pivot": [-10.175, 4, -5], "rotation": [0, 0, 17.5], "uv": [59, 48]},
						{"origin": [-10.125, 5.95, -6.5], "size": [0, 3, 3], "pivot": [-10.175, 6, -5], "rotation": [0, 0, -17.5], "uv": [56, 66]},
						{"origin": [-9.85, 6.925, -5.5], "size": [0, 3, 3], "pivot": [-10.175, 6, -5], "rotation": [-90, -17.5, 0], "uv": [49, 53]}
					]
				},
				{
					"name": "flowa2",
					"parent": "flowas",
					"pivot": [-10.39035, 17.00477, -2.99749],
					"rotation": [-67.5, 0, 0],
					"cubes": [
						{"origin": [-10.175, 16, -4], "size": [1, 2, 2], "uv": [59, 45]},
						{"origin": [-10.125, 15.5, -6.95], "size": [0, 3, 3], "pivot": [-10.175, 17, -4], "rotation": [0, 17.5, 0], "uv": [14, 14]},
						{"origin": [-10.125, 13.075, -4.5], "size": [0, 3, 3], "pivot": [-10.175, 16, -3], "rotation": [0, 0, 17.5], "uv": [59, 48]},
						{"origin": [-10.125, 17.95, -4.5], "size": [0, 3, 3], "pivot": [-10.175, 18, -3], "rotation": [0, 0, -17.5], "uv": [56, 66]},
						{"origin": [-9.85, 18.925, -3.5], "size": [0, 3, 3], "pivot": [-10.175, 18, -3], "rotation": [-90, -17.5, 0], "uv": [49, 53]}
					]
				},
				{
					"name": "flowa14",
					"parent": "flowas",
					"pivot": [-8.54035, 27.42977, 4.00251],
					"rotation": [-117.5, 0, 0],
					"cubes": [
						{"origin": [-8.325, 26.425, 3], "size": [1, 2, 2], "uv": [59, 45]},
						{"origin": [-8.275, 25.925, 0.05], "size": [0, 3, 3], "pivot": [-8.325, 27.425, 3], "rotation": [0, 17.5, 0], "uv": [14, 14]},
						{"origin": [-8.275, 23.5, 2.5], "size": [0, 3, 3], "pivot": [-8.325, 26.425, 4], "rotation": [0, 0, 17.5], "uv": [59, 48]},
						{"origin": [-8.275, 28.375, 2.5], "size": [0, 3, 3], "pivot": [-8.325, 28.425, 4], "rotation": [0, 0, -17.5], "uv": [56, 66]},
						{"origin": [-8, 29.35, 3.5], "size": [0, 3, 3], "pivot": [-8.325, 28.425, 4], "rotation": [-90, -17.5, 0], "uv": [49, 53]}
					]
				},
				{
					"name": "flowa3",
					"parent": "flowas",
					"pivot": [-10.39035, 11.00477, 6.00251],
					"rotation": [7.5, 0, 0],
					"cubes": [
						{"origin": [-10.175, 10, 5], "size": [1, 2, 2], "uv": [59, 45]},
						{"origin": [-10.125, 9.5, 2.05], "size": [0, 3, 3], "pivot": [-10.175, 11, 5], "rotation": [0, 17.5, 0], "uv": [14, 14]},
						{"origin": [-10.125, 7.075, 4.5], "size": [0, 3, 3], "pivot": [-10.175, 10, 6], "rotation": [0, 0, 17.5], "uv": [59, 48]},
						{"origin": [-10.125, 11.95, 4.5], "size": [0, 3, 3], "pivot": [-10.175, 12, 6], "rotation": [0, 0, -17.5], "uv": [56, 66]},
						{"origin": [-9.85, 12.925, 5.5], "size": [0, 3, 3], "pivot": [-10.175, 12, 6], "rotation": [-90, -17.5, 0], "uv": [49, 53]}
					]
				},
				{
					"name": "flowa5",
					"parent": "flowas",
					"pivot": [10.39035, 16.00477, 2.00251],
					"rotation": [-15, 0, 0],
					"cubes": [
						{"origin": [9.175, 15, 1], "size": [1, 2, 2], "uv": [59, 45], "mirror": true},
						{"origin": [10.125, 14.5, -1.95], "size": [0, 3, 3], "pivot": [10.175, 16, 1], "rotation": [0, -17.5, 0], "uv": [14, 14], "mirror": true},
						{"origin": [10.125, 12.075, 0.5], "size": [0, 3, 3], "pivot": [10.175, 15, 2], "rotation": [0, 0, -17.5], "uv": [59, 48], "mirror": true},
						{"origin": [10.125, 16.95, 0.5], "size": [0, 3, 3], "pivot": [10.175, 17, 2], "rotation": [0, 0, 17.5], "uv": [56, 66], "mirror": true},
						{"origin": [9.85, 17.925, 1.5], "size": [0, 3, 3], "pivot": [10.175, 17, 2], "rotation": [-90, 17.5, 0], "uv": [49, 53], "mirror": true}
					]
				},
				{
					"name": "flowa15",
					"parent": "flowas",
					"pivot": [8.64035, 27.75477, 6.00251],
					"rotation": [27.5, 0, 0],
					"cubes": [
						{"origin": [7.425, 26.75, 5], "size": [1, 2, 2], "uv": [59, 45], "mirror": true},
						{"origin": [8.375, 26.25, 2.05], "size": [0, 3, 3], "pivot": [8.425, 27.75, 5], "rotation": [0, -17.5, 0], "uv": [14, 14], "mirror": true},
						{"origin": [8.375, 23.825, 4.5], "size": [0, 3, 3], "pivot": [8.425, 26.75, 6], "rotation": [0, 0, -17.5], "uv": [59, 48], "mirror": true},
						{"origin": [8.375, 28.7, 4.5], "size": [0, 3, 3], "pivot": [8.425, 28.75, 6], "rotation": [0, 0, 17.5], "uv": [56, 66], "mirror": true},
						{"origin": [8.1, 29.675, 5.5], "size": [0, 3, 3], "pivot": [8.425, 28.75, 6], "rotation": [-90, 17.5, 0], "uv": [49, 53], "mirror": true}
					]
				},
				{
					"name": "flowa6",
					"parent": "flowas",
					"pivot": [10.39035, 6.00477, 6.00251],
					"rotation": [37.5, 0, 0],
					"cubes": [
						{"origin": [9.175, 5, 5], "size": [1, 2, 2], "uv": [59, 45], "mirror": true},
						{"origin": [10.125, 4.5, 2.05], "size": [0, 3, 3], "pivot": [10.175, 6, 5], "rotation": [0, -17.5, 0], "uv": [14, 14], "mirror": true},
						{"origin": [10.125, 2.075, 4.5], "size": [0, 3, 3], "pivot": [10.175, 5, 6], "rotation": [0, 0, -17.5], "uv": [59, 48], "mirror": true},
						{"origin": [10.125, 6.95, 4.5], "size": [0, 3, 3], "pivot": [10.175, 7, 6], "rotation": [0, 0, 17.5], "uv": [56, 66], "mirror": true},
						{"origin": [9.85, 7.925, 5.5], "size": [0, 3, 3], "pivot": [10.175, 7, 6], "rotation": [-90, 17.5, 0], "uv": [49, 53], "mirror": true}
					]
				},
				{
					"name": "flowa7",
					"parent": "flowas",
					"pivot": [10.39035, 8.00477, -3.99749],
					"rotation": [-17.5, 0, 0],
					"cubes": [
						{"origin": [9.175, 7, -5], "size": [1, 2, 2], "uv": [59, 45], "mirror": true},
						{"origin": [10.125, 6.5, -7.95], "size": [0, 3, 3], "pivot": [10.175, 8, -5], "rotation": [0, -17.5, 0], "uv": [14, 14], "mirror": true},
						{"origin": [10.125, 4.075, -5.5], "size": [0, 3, 3], "pivot": [10.175, 7, -4], "rotation": [0, 0, -17.5], "uv": [59, 48], "mirror": true},
						{"origin": [10.125, 8.95, -5.5], "size": [0, 3, 3], "pivot": [10.175, 9, -4], "rotation": [0, 0, 17.5], "uv": [56, 66], "mirror": true},
						{"origin": [9.85, 9.925, -4.5], "size": [0, 3, 3], "pivot": [10.175, 9, -4], "rotation": [-90, 17.5, 0], "uv": [49, 53], "mirror": true}
					]
				},
				{
					"name": "flowa4",
					"parent": "flowas",
					"pivot": [0.10965, 37.40477, 1.00251],
					"rotation": [0.6518, -0.0287, 90.04256],
					"cubes": [
						{"origin": [0.325, 36.4, 0], "size": [1, 2, 2], "uv": [59, 45]},
						{"origin": [0.375, 35.9, -2.95], "size": [0, 3, 3], "pivot": [0.325, 37.4, 0], "rotation": [0, 17.5, 0], "uv": [14, 14]},
						{"origin": [0.375, 33.475, -0.5], "size": [0, 3, 3], "pivot": [0.325, 36.4, 1], "rotation": [0, 0, 17.5], "uv": [59, 48]},
						{"origin": [0.375, 38.35, -0.5], "size": [0, 3, 3], "pivot": [0.325, 38.4, 1], "rotation": [0, 0, -17.5], "uv": [56, 66]},
						{"origin": [0.65, 39.325, 0.5], "size": [0, 3, 3], "pivot": [0.325, 38.4, 1], "rotation": [-90, -17.5, 0], "uv": [49, 53]}
					]
				},
				{
					"name": "flowa8",
					"parent": "flowas",
					"pivot": [4.39035, 5.00477, 12.00251],
					"rotation": [0, -90, 0],
					"cubes": [
						{"origin": [3.175, 4, 11], "size": [1, 2, 2], "uv": [59, 45], "mirror": true},
						{"origin": [4.125, 3.5, 8.05], "size": [0, 3, 3], "pivot": [4.175, 5, 11], "rotation": [0, -17.5, 0], "uv": [14, 14], "mirror": true},
						{"origin": [4.125, 1.075, 10.5], "size": [0, 3, 3], "pivot": [4.175, 4, 12], "rotation": [0, 0, -17.5], "uv": [59, 48], "mirror": true},
						{"origin": [4.125, 5.95, 10.5], "size": [0, 3, 3], "pivot": [4.175, 6, 12], "rotation": [0, 0, 17.5], "uv": [56, 66], "mirror": true},
						{"origin": [3.85, 6.925, 11.5], "size": [0, 3, 3], "pivot": [4.175, 6, 12], "rotation": [-90, 17.5, 0], "uv": [49, 53], "mirror": true}
					]
				},
				{
					"name": "flowa9",
					"parent": "flowas",
					"pivot": [5.39035, 16.00477, 12.00251],
					"rotation": [0, -90, 17.5],
					"cubes": [
						{"origin": [4.175, 15, 11], "size": [1, 2, 2], "uv": [59, 45], "mirror": true},
						{"origin": [5.125, 14.5, 8.05], "size": [0, 3, 3], "pivot": [5.175, 16, 11], "rotation": [0, -17.5, 0], "uv": [14, 14], "mirror": true},
						{"origin": [5.125, 12.075, 10.5], "size": [0, 3, 3], "pivot": [5.175, 15, 12], "rotation": [0, 0, -17.5], "uv": [59, 48], "mirror": true},
						{"origin": [5.125, 16.95, 10.5], "size": [0, 3, 3], "pivot": [5.175, 17, 12], "rotation": [0, 0, 17.5], "uv": [56, 66], "mirror": true},
						{"origin": [4.85, 17.925, 11.5], "size": [0, 3, 3], "pivot": [5.175, 17, 12], "rotation": [-90, 17.5, 0], "uv": [49, 53], "mirror": true}
					]
				},
				{
					"name": "flowa10",
					"parent": "flowas",
					"pivot": [-5.60965, 11.00477, 12.00251],
					"rotation": [0, -90, -32.5],
					"cubes": [
						{"origin": [-6.825, 10, 11], "size": [1, 2, 2], "uv": [59, 45], "mirror": true},
						{"origin": [-5.875, 9.5, 8.05], "size": [0, 3, 3], "pivot": [-5.825, 11, 11], "rotation": [0, -17.5, 0], "uv": [14, 14], "mirror": true},
						{"origin": [-5.875, 7.075, 10.5], "size": [0, 3, 3], "pivot": [-5.825, 10, 12], "rotation": [0, 0, -17.5], "uv": [59, 48], "mirror": true},
						{"origin": [-5.875, 11.95, 10.5], "size": [0, 3, 3], "pivot": [-5.825, 12, 12], "rotation": [0, 0, 17.5], "uv": [56, 66], "mirror": true},
						{"origin": [-6.15, 12.925, 11.5], "size": [0, 3, 3], "pivot": [-5.825, 12, 12], "rotation": [-90, 17.5, 0], "uv": [49, 53], "mirror": true}
					]
				},
				{
					"name": "flowa11",
					"parent": "flowas",
					"pivot": [-5.60965, 6.00477, -9.75251],
					"rotation": [0, 90, -32.5],
					"cubes": [
						{"origin": [-6.825, 5, -10.75], "size": [1, 2, 2], "uv": [59, 45], "mirror": true},
						{"origin": [-5.875, 4.5, -8.8], "size": [0, 3, 3], "pivot": [-5.825, 6, -8.75], "rotation": [0, 17.5, 0], "uv": [14, 14], "mirror": true},
						{"origin": [-5.875, 2.075, -11.25], "size": [0, 3, 3], "pivot": [-5.825, 5, -9.75], "rotation": [0, 0, -17.5], "uv": [59, 48], "mirror": true},
						{"origin": [-5.875, 6.95, -11.25], "size": [0, 3, 3], "pivot": [-5.825, 7, -9.75], "rotation": [0, 0, 17.5], "uv": [56, 66], "mirror": true},
						{"origin": [-6.15, 7.925, -12.25], "size": [0, 3, 3], "pivot": [-5.825, 7, -9.75], "rotation": [90, -17.5, 0], "uv": [49, 53], "mirror": true}
					]
				},
				{
					"name": "flowa12",
					"parent": "flowas",
					"pivot": [6.39035, 4.00477, -9.75251],
					"rotation": [0, 90, 27.5],
					"cubes": [
						{"origin": [5.175, 3, -10.75], "size": [1, 2, 2], "uv": [59, 45], "mirror": true},
						{"origin": [6.125, 2.5, -8.8], "size": [0, 3, 3], "pivot": [6.175, 4, -8.75], "rotation": [0, 17.5, 0], "uv": [14, 14], "mirror": true},
						{"origin": [6.125, 0.075, -11.25], "size": [0, 3, 3], "pivot": [6.175, 3, -9.75], "rotation": [0, 0, -17.5], "uv": [59, 48], "mirror": true},
						{"origin": [6.125, 4.95, -11.25], "size": [0, 3, 3], "pivot": [6.175, 5, -9.75], "rotation": [0, 0, 17.5], "uv": [56, 66], "mirror": true},
						{"origin": [5.85, 5.925, -12.25], "size": [0, 3, 3], "pivot": [6.175, 5, -9.75], "rotation": [90, -17.5, 0], "uv": [49, 53], "mirror": true}
					]
				},
				{
					"name": "flowa13",
					"parent": "flowas",
					"pivot": [1.39035, 29.00477, -7.75251],
					"rotation": [0, 90, 107.5],
					"cubes": [
						{"origin": [0.175, 28, -8.75], "size": [1, 2, 2], "uv": [59, 45], "mirror": true},
						{"origin": [1.125, 27.5, -6.8], "size": [0, 3, 3], "pivot": [1.175, 29, -6.75], "rotation": [0, 17.5, 0], "uv": [14, 14], "mirror": true},
						{"origin": [1.125, 25.075, -9.25], "size": [0, 3, 3], "pivot": [1.175, 28, -7.75], "rotation": [0, 0, -17.5], "uv": [59, 48], "mirror": true},
						{"origin": [1.125, 29.95, -9.25], "size": [0, 3, 3], "pivot": [1.175, 30, -7.75], "rotation": [0, 0, 17.5], "uv": [56, 66], "mirror": true},
						{"origin": [0.85, 30.925, -10.25], "size": [0, 3, 3], "pivot": [1.175, 30, -7.75], "rotation": [90, -17.5, 0], "uv": [49, 53], "mirror": true}
					]
				}
			]
		}
	]
}