{
	"format_version": "1.12.0",
	"minecraft:geometry": [
		{
			"description": {
				"identifier": "geometry.mantiverous",
				"texture_width": 128,
				"texture_height": 128,
				"visible_bounds_width": 5,
				"visible_bounds_height": 3.5,
				"visible_bounds_offset": [0, 1.25, 0]
			},
			"bones": [
				{
					"name": "mantiverous",
					"pivot": [0, 0, 0]
				},
				{
					"name": "body",
					"parent": "mantiverous",
					"pivot": [0, 22, 0]
				},
				{
					"name": "torso",
					"parent": "body",
					"pivot": [0, 19.5, 1.5],
					"cubes": [
						{"origin": [-3.5, 17, 5], "size": [7, 7, 5], "uv": [0, 62]},
						{"origin": [-4, 17, -10], "size": [8, 8, 15], "uv": [0, 0]},
						{"origin": [-2.5, 20, -11.75], "size": [5, 5, 5], "pivot": [0, 24.5, -12], "rotation": [-27.5, 0, 0], "uv": [0, 75]}
					]
				},
				{
					"name": "head",
					"parent": "torso",
					"pivot": [0, 23, -12],
					"cubes": [
						{"origin": [-0.70711, 19.67613, -17.58591], "size": [0, 1, 1], "inflate": 0.01, "pivot": [-0.70711, 20.67613, -17.58591], "rotation": [24.90744, -43.65747, -12.2127], "uv": [0, 11], "mirror": true},
						{"origin": [0.70711, 19.67613, -17.58591], "size": [0, 1, 1], "inflate": 0.01, "pivot": [0.70711, 20.67613, -17.58591], "rotation": [24.90744, 43.65747, 12.2127], "uv": [0, 11]},
						{"origin": [-2, 21.00568, -16.61162], "size": [4, 3, 5], "inflate": 0.01, "pivot": [0, 22.50568, -17.11162], "rotation": [30, 0, 0], "uv": [25, 62]},
						{"origin": [1.12132, 21.00568, -17.11162], "size": [1, 3, 5], "pivot": [2.12132, 22.50568, -17.11162], "rotation": [30.38126, 8.64917, 5.03837], "uv": [28, 87]},
						{"origin": [-2.12132, 21.00568, -17.11162], "size": [1, 3, 5], "pivot": [-2.12132, 22.50568, -17.11162], "rotation": [30.38126, -8.64917, -5.03837], "uv": [28, 87], "mirror": true},
						{"origin": [-2.59769, 21.88747, -15.66714], "size": [1, 2, 5], "pivot": [0, 20.73815, -13.15111], "rotation": [12.68664, -9.76061, -2.18558], "uv": [41, 7], "mirror": true},
						{"origin": [-2, 21.75426, -16.48735], "size": [4, 0, 5], "pivot": [0, 22.75426, -13.98735], "rotation": [12.68664, 0, 0], "uv": [-5, 86]},
						{"origin": [1.59769, 21.88747, -15.66714], "size": [1, 2, 5], "pivot": [0, 20.73815, -13.15111], "rotation": [12.68664, 9.76061, 2.18558], "uv": [41, 7], "mirror": true},
						{"origin": [-2.62132, 21.63068, -18.9862], "size": [3, 3, 3], "inflate": -0.01, "pivot": [-0.81066, 23.13068, -16.02909], "rotation": [39.23152, -37.76124, -26.56505], "uv": [20, 85], "mirror": true},
						{"origin": [0.37868, 21.63068, -15.9862], "size": [4, 3, 4], "pivot": [-0.81066, 23.13068, -16.02909], "rotation": [39.23152, -37.76124, -26.56505], "uv": [21, 71], "mirror": true}
					]
				},
				{
					"name": "eye_right",
					"parent": "head",
					"pivot": [-2.55, 22.38263, -15.25],
					"cubes": [
						{"origin": [1.85568, 20.10307, -16.7879], "size": [-4, 3, 4], "pivot": [-2.14432, 21.60307, -16.7879], "rotation": [22.63208, -29.60461, -14.25067], "uv": [36, 0], "mirror": true},
						{"origin": [-2.475, 21.28707, -16.33299], "size": [0, 2, 2], "inflate": 0.01, "pivot": [-2.475, 22.55763, -15.25], "rotation": [-29.93301, -9.01822, -5.00058], "uv": [26, 55], "mirror": true},
						{"origin": [-2.475, 20.925, -16.875], "size": [0, 2, 3], "pivot": [-2.475, 22.55763, -15.25], "rotation": [15.06699, -9.01822, -5.00058], "uv": [9, 52], "mirror": true},
						{"origin": [-2.525, 22.675, -17.05], "size": [0, 1, 4], "pivot": [-2.475, 22.55763, -15.25], "rotation": [20.06699, -9.01822, -5.00058], "uv": [0, 51], "mirror": true},
						{"origin": [-2.475, 21.61029, -15.65622], "size": [0, 1, 1], "inflate": 0.02, "pivot": [-2.475, 22.55763, -15.25], "rotation": [-29.93301, -9.01822, -5.00058], "uv": [0, 9], "mirror": true},
						{"origin": [-2.475, 22.15278, -16.9238], "size": [0, 1, 3], "inflate": 0.03, "pivot": [-2.475, 22.55763, -15.25], "rotation": [22.56699, -9.01822, -5.00058], "uv": [9, 55], "mirror": true}
					]
				},
				{
					"name": "eyelid_right",
					"parent": "eye_right",
					"pivot": [-2.47489, 22.26575, -14.93088],
					"rotation": [20.067, -9.0182, -5.0006],
					"cubes": [
						{"origin": [-2.47489, 20.76575, -16.93088], "size": [0, 3, 4], "uv": [0, 51], "mirror": true}
					]
				},
				{
					"name": "eye_left",
					"parent": "head",
					"pivot": [2.55, 22.38263, -15.25],
					"cubes": [
						{"origin": [2.14432, 20.10307, -16.7879], "size": [-4, 3, 4], "pivot": [2.14432, 21.60307, -16.7879], "rotation": [22.63208, 29.60461, 14.25067], "uv": [36, 0]},
						{"origin": [2.475, 21.28707, -16.33299], "size": [0, 2, 2], "inflate": 0.01, "pivot": [2.475, 22.55763, -15.25], "rotation": [-29.93301, 9.01822, 5.00058], "uv": [26, 55]},
						{"origin": [2.475, 20.925, -16.875], "size": [0, 2, 3], "pivot": [2.475, 22.55763, -15.25], "rotation": [15.06699, 9.01822, 5.00058], "uv": [9, 52]},
						{"origin": [2.525, 22.675, -17.05], "size": [0, 1, 4], "pivot": [2.475, 22.55763, -15.25], "rotation": [20.06699, 9.01822, 5.00058], "uv": [0, 51]},
						{"origin": [2.475, 21.61029, -15.65622], "size": [0, 1, 1], "inflate": 0.02, "pivot": [2.475, 22.55763, -15.25], "rotation": [-29.93301, 9.01822, 5.00058], "uv": [0, 9]},
						{"origin": [2.475, 22.15278, -16.9238], "size": [0, 1, 3], "inflate": 0.03, "pivot": [2.475, 22.55763, -15.25], "rotation": [22.56699, 9.01822, 5.00058], "uv": [9, 55]}
					]
				},
				{
					"name": "eyelid_left",
					"parent": "eye_left",
					"pivot": [2.47489, 22.26575, -14.93088],
					"rotation": [20.067, 9.0182, 5.0006],
					"cubes": [
						{"origin": [2.47489, 20.76575, -16.93088], "size": [0, 3, 4], "uv": [0, 51]}
					]
				},
				{
					"name": "mouth",
					"parent": "head",
					"pivot": [0, 22.73815, -12.15111],
					"cubes": [
						{"origin": [1.59769, 19.88747, -15.66714], "size": [1, 2, 5], "pivot": [0, 20.73815, -13.15111], "rotation": [12.68664, 9.76061, 2.18558], "uv": [41, 7], "mirror": true},
						{"origin": [-2.59769, 19.88747, -15.66714], "size": [1, 2, 5], "pivot": [0, 20.73815, -13.15111], "rotation": [12.68664, -9.76061, -2.18558], "uv": [41, 7]},
						{"origin": [-1.0783, 19.35822, -17.57281], "size": [3, 2, 3], "inflate": -0.01, "pivot": [0, 21.23815, -15.65111], "rotation": [17.40744, 43.65747, 12.2127], "uv": [41, 0]},
						{"origin": [-2, 19.25, -15.29289], "size": [4, 2, 4], "inflate": 0.01, "pivot": [0, 20.25, -16.04289], "rotation": [12.5, 0, 0], "uv": [34, 24]},
						{"origin": [0, 19.35822, -20.24748], "size": [0, 1, 2], "pivot": [0, 21.23815, -15.65111], "rotation": [12.5, 0, 0], "uv": [31, 55]}
					]
				},
				{
					"name": "arm_right",
					"parent": "torso",
					"pivot": [-4, 22.5, -8.5],
					"cubes": [
						{"origin": [-14.32787, 20.5, -9.977], "size": [6, 4, 3], "pivot": [-8.90977, 22.5, -8.85929], "rotation": [-180, 10, -180], "uv": [34, 31], "mirror": true},
						{"origin": [-9.00674, 21, -9.89149], "size": [5, 3, 3], "pivot": [-8.90977, 22.5, -8.85929], "rotation": [-180, -10, -180], "uv": [0, 33], "mirror": true}
					]
				},
				{
					"name": "arm_right_2",
					"parent": "arm_right",
					"pivot": [-13.75, 22.5, -8.5],
					"cubes": [
						{"origin": [-19.5, 21, -9.5], "size": [5, 3, 2], "inflate": 0.01, "pivot": [-14.5, 22.5, -8.5], "rotation": [0, 10, 0], "uv": [53, 31], "mirror": true},
						{"origin": [-24.82713, 21, -9.5], "size": [6, 3, 2], "pivot": [-23.82713, 22.5, -8.5], "rotation": [0, -10, 0], "uv": [51, 25], "mirror": true},
						{"origin": [-24.5, 22.5, -8], "size": [5, 0, 9], "uv": [39, 45], "mirror": true},
						{"origin": [-19.5, 22.5, -7], "size": [5, 0, 9], "pivot": [-17, 22.5, -7], "rotation": [0, 35, 0], "uv": [53, 12], "mirror": true},
						{"origin": [-22, 22.5, -8], "size": [5, 0, 12], "inflate": 0.01, "pivot": [-19.5, 22.5, -7], "rotation": [0, 17.5, 0], "uv": [32, 67], "mirror": true},
						{"origin": [-15.75, 21.5, -9], "size": [3, 2, 1], "uv": [3, 10], "mirror": true}
					]
				},
				{
					"name": "arm_right_3",
					"parent": "arm_right_2",
					"pivot": [-24.75, 22.5, -8.5],
					"rotation": [0, 0, 0],
					"cubes": [
						{"origin": [-26.75, 21, -9.5], "size": [2, 3, 2], "uv": [58, 37], "mirror": true},
						{"origin": [-25.75, 21.5, -9], "size": [2, 2, 1], "uv": [51, 41], "mirror": true},
						{"origin": [-27.25, 21.5, -9], "size": [1, 2, 1], "uv": [20, 62], "mirror": true}
					]
				},
				{
					"name": "arm_right_4",
					"parent": "arm_right_3",
					"pivot": [-27, 22.5, -8.5],
					"cubes": [
						{"origin": [-30, 19, -8.5], "size": [2, 2, 0], "uv": [9, 6], "mirror": true},
						{"origin": [-37, 21, -9.5], "size": [10, 3, 2], "inflate": 0.01, "uv": [21, 79], "mirror": true},
						{"origin": [-33, 19, -8.5], "size": [2, 2, 0], "uv": [9, 6], "mirror": true},
						{"origin": [-37, 18, -8.5], "size": [4, 3, 0], "uv": [32, 11], "mirror": true}
					]
				},
				{
					"name": "arm_left",
					"parent": "torso",
					"pivot": [4, 22.5, -8.5],
					"cubes": [
						{"origin": [8.32787, 20.5, -9.977], "size": [6, 4, 3], "pivot": [8.90977, 22.5, -8.85929], "rotation": [-180, -10, 180], "uv": [34, 31]},
						{"origin": [4.00674, 21, -9.89149], "size": [5, 3, 3], "pivot": [8.90977, 22.5, -8.85929], "rotation": [-180, 10, 180], "uv": [0, 33]}
					]
				},
				{
					"name": "arm_left_2",
					"parent": "arm_left",
					"pivot": [13.75, 22.5, -8.5],
					"cubes": [
						{"origin": [14.5, 21, -9.5], "size": [5, 3, 2], "inflate": 0.01, "pivot": [14.5, 22.5, -8.5], "rotation": [0, -10, 0], "uv": [53, 31]},
						{"origin": [18.82713, 21, -9.5], "size": [6, 3, 2], "pivot": [23.82713, 22.5, -8.5], "rotation": [0, 10, 0], "uv": [51, 25]},
						{"origin": [19.5, 22.5, -8], "size": [5, 0, 9], "uv": [39, 45]},
						{"origin": [15.25, 22.5, -7], "size": [5, 0, 9], "pivot": [17, 22.5, -7], "rotation": [0, -42.5, 0], "uv": [53, 12]},
						{"origin": [17, 22.5, -8], "size": [5, 0, 12], "inflate": 0.01, "pivot": [19.5, 22.5, -7], "rotation": [0, -15, 0], "uv": [32, 67]},
						{"origin": [12.75, 21.5, -9], "size": [3, 2, 1], "uv": [3, 10]}
					]
				},
				{
					"name": "arm_left_3",
					"parent": "arm_left_2",
					"pivot": [24.75, 22.5, -8.5],
					"rotation": [0, 0, 0],
					"cubes": [
						{"origin": [24.75, 21, -9.5], "size": [2, 3, 2], "uv": [58, 37]},
						{"origin": [23.75, 21.5, -9], "size": [2, 2, 1], "uv": [51, 41]},
						{"origin": [26.25, 21.5, -9], "size": [1, 2, 1], "uv": [20, 62]}
					]
				},
				{
					"name": "arm_left_4",
					"parent": "arm_left_3",
					"pivot": [27, 22.5, -8.5],
					"cubes": [
						{"origin": [28, 19, -8.5], "size": [2, 2, 0], "uv": [9, 6]},
						{"origin": [27, 21, -9.5], "size": [10, 3, 2], "inflate": 0.01, "uv": [21, 79]},
						{"origin": [31, 19, -8.5], "size": [2, 2, 0], "uv": [9, 6]},
						{"origin": [33, 18, -8.5], "size": [4, 3, 0], "uv": [32, 11]}
					]
				},
				{
					"name": "elytra",
					"parent": "torso",
					"pivot": [0, 25, -13],
					"cubes": [
						{"origin": [-2.5576, 25.62529, -14.53072], "size": [4, 1, 11], "pivot": [0, 24.68384, -13.10824], "rotation": [47.10563, 0.88797, -80.42226], "uv": [28, 44], "mirror": true},
						{"origin": [-1.4424, 25.62529, -14.53072], "size": [4, 1, 11], "pivot": [0, 24.68384, -13.10824], "rotation": [47.10563, -0.88797, 80.42226], "uv": [28, 44]},
						{"origin": [-5.74257, 27.54626, -8.97131], "size": [6, 0, 1], "inflate": 0.01, "pivot": [-7.74257, 27.54626, -7.97131], "rotation": [21.68918, -0.19163, -12.59643], "uv": [-1, 29], "mirror": true},
						{"origin": [-2.11091, 26.83188, -17.34397], "size": [6, 0, 11], "pivot": [3.88909, 26.90688, -11.84397], "rotation": [27.86322, 37.74385, 30.45202], "uv": [-11, 43]},
						{"origin": [0.18963, 27.70062, -8.05327], "size": [8, 0, 4], "inflate": 0.01, "pivot": [8, 29.43214, -7.55327], "rotation": [0, 0, 12.5], "uv": [-4, 24]},
						{"origin": [-8.18963, 27.70062, -8.05327], "size": [8, 0, 4], "inflate": 0.01, "pivot": [-8, 29.43214, -7.55327], "rotation": [0, 0, -12.5], "uv": [-4, 24], "mirror": true},
						{"origin": [-3.88909, 26.83188, -17.34397], "size": [6, 0, 11], "pivot": [-3.88909, 26.90688, -11.84397], "rotation": [27.86322, -37.74385, -30.45202], "uv": [-11, 43], "mirror": true},
						{"origin": [-0.25743, 27.54626, -8.97131], "size": [6, 0, 1], "inflate": 0.01, "pivot": [7.74257, 27.54626, -7.97131], "rotation": [21.68918, 0.19163, 12.59643], "uv": [-1, 29]}
					]
				},
				{
					"name": "wing_right",
					"parent": "elytra",
					"pivot": [-2, 26, -8],
					"rotation": [0, 0, 0],
					"cubes": [
						{"origin": [-8, 26, -8], "size": [8, 0, 23], "uv": [52, 0], "mirror": true}
					]
				},
				{
					"name": "wing_left",
					"parent": "elytra",
					"pivot": [2, 26, -8],
					"rotation": [0, 0, 0],
					"cubes": [
						{"origin": [0, 26, -8], "size": [8, 0, 23], "uv": [52, 0]}
					]
				},
				{
					"name": "elytra_left",
					"parent": "elytra",
					"pivot": [8.25, 25.825, -8.025],
					"rotation": [0, 0, 0],
					"cubes": [
						{"origin": [-2.11091, 26.83188, 7.34397], "size": [6, 0, 11], "pivot": [3.88909, 26.90688, 12.84397], "rotation": [-27.86322, -37.74385, 30.45202], "uv": [15, 43]},
						{"origin": [-0.25743, 27.54626, 8.97131], "size": [6, 0, 1], "inflate": 0.01, "pivot": [7.74257, 27.54626, 8.97131], "rotation": [-21.68918, -0.19163, 12.59643], "uv": [-1, 31]},
						{"origin": [0.18963, 26.70062, -8.05327], "size": [8, 1, 17], "pivot": [8, 29.43214, -7.55327], "rotation": [0, 0, 12.5], "uv": [0, 24]},
						{"origin": [7.96869, 26.57118, -8.0346], "size": [4, 1, 17], "pivot": [7.96869, 27.57118, -8.0346], "rotation": [0, 0, 81.08385], "uv": [0, 43]},
						{"origin": [-1.4424, 25.62529, 4.53072], "size": [4, 1, 11], "pivot": [0, 24.68384, 14.10824], "rotation": [-47.10563, 0.88797, 80.42226], "uv": [0, 86]},
						{"origin": [0, 25.825, 12.9], "size": [4, 0, 9], "pivot": [0, 25.825, 17.4], "rotation": [-17.49524, 9.84655, 28.48124], "uv": [-9, 0]}
					]
				},
				{
					"name": "elytra_right",
					"parent": "elytra",
					"pivot": [-8.25, 25.825, -8.025],
					"rotation": [0, 0, 0],
					"cubes": [
						{"origin": [-3.88909, 26.83188, 7.34397], "size": [6, 0, 11], "pivot": [-3.88909, 26.90688, 12.84397], "rotation": [-27.86322, 37.74385, -30.45202], "uv": [15, 43], "mirror": true},
						{"origin": [-5.74257, 27.54626, 8.97131], "size": [6, 0, 1], "inflate": 0.01, "pivot": [-7.74257, 27.54626, 8.97131], "rotation": [-21.68918, 0.19163, -12.59643], "uv": [-1, 31], "mirror": true},
						{"origin": [-8.18963, 26.70062, -8.05327], "size": [8, 1, 17], "pivot": [-8, 29.43214, -7.55327], "rotation": [0, 0, -12.5], "uv": [0, 24], "mirror": true},
						{"origin": [-11.96869, 26.57118, -8.0346], "size": [4, 1, 17], "pivot": [-7.96869, 27.57118, -8.0346], "rotation": [0, 0, -81.08385], "uv": [0, 43], "mirror": true},
						{"origin": [-2.5576, 25.62529, 4.53072], "size": [4, 1, 11], "pivot": [0, 24.68384, 14.10824], "rotation": [-47.10563, -0.88797, -80.42226], "uv": [0, 86], "mirror": true},
						{"origin": [-4, 25.825, 12.9], "size": [4, 0, 9], "pivot": [0, 25.825, 17.4], "rotation": [-17.49524, -9.84655, -28.48124], "uv": [-9, 0], "mirror": true}
					]
				},
				{
					"name": "tail",
					"parent": "torso",
					"pivot": [0, 20.5, 10],
					"cubes": [
						{"origin": [-1.5, 19, 10], "size": [3, 3, 2], "uv": [43, 57]},
						{"origin": [-0.5, 19.5, 12], "size": [1, 2, 9], "uv": [37, 80]},
						{"origin": [0, 20, 21], "size": [0, 1, 9], "uv": [34, 30]}
					]
				},
				{
					"name": "leg_right",
					"parent": "body",
					"pivot": [-2.5, 17, 1.5],
					"cubes": [
						{"origin": [-5, 13, -1], "size": [5, 6, 5], "uv": [54, 0], "mirror": true},
						{"origin": [-4, 10.5, 0], "size": [3, 2, 3], "uv": [49, 80], "mirror": true},
						{"origin": [-3.5, 10, 0.5], "size": [2, 3, 2], "uv": [54, 57], "mirror": true}
					]
				},
				{
					"name": "leg_right_2",
					"parent": "leg_right",
					"pivot": [-2.5, 10, 1.5],
					"cubes": [
						{"origin": [-4, 5, 0], "size": [3, 5, 3], "uv": [55, 63], "mirror": true},
						{"origin": [-3.5, 0, 0.5], "size": [2, 5, 2], "uv": [59, 43], "mirror": true},
						{"origin": [-2.5, 1, 2.5], "size": [0, 9, 7], "uv": [47, 8], "mirror": true},
						{"origin": [-3, -1.5, -2.5], "size": [0, 3, 4], "pivot": [-3, 0, 1.5], "rotation": [0, 12.5, 0], "uv": [39, 59], "mirror": true},
						{"origin": [-2, -1.5, -2.5], "size": [0, 3, 4], "pivot": [-2, 0, 1.5], "rotation": [0, -12.5, 0], "uv": [39, 59], "mirror": true}
					]
				},
				{
					"name": "leg_left",
					"parent": "body",
					"pivot": [2.5, 17, 1.5],
					"cubes": [
						{"origin": [0, 13, -1], "size": [5, 6, 5], "uv": [54, 0]},
						{"origin": [1, 10.5, 0], "size": [3, 2, 3], "uv": [49, 80]},
						{"origin": [1.5, 10, 0.5], "size": [2, 3, 2], "uv": [54, 57]}
					]
				},
				{
					"name": "leg_left_2",
					"parent": "leg_left",
					"pivot": [2.5, 10, 1.5],
					"cubes": [
						{"origin": [1, 5, 0], "size": [3, 5, 3], "uv": [55, 63]},
						{"origin": [1.5, 0, 0.5], "size": [2, 5, 2], "uv": [59, 43]},
						{"origin": [2.5, 1, 2.5], "size": [0, 9, 7], "uv": [47, 8]},
						{"origin": [3, -1.5, -2.5], "size": [0, 3, 4], "pivot": [3, 0, 1.5], "rotation": [0, -12.5, 0], "uv": [39, 59]},
						{"origin": [2, -1.5, -2.5], "size": [0, 3, 4], "pivot": [2, 0, 1.5], "rotation": [0, 12.5, 0], "uv": [39, 59]}
					]
				}
			]
		}
	]
}