{
	"format_version": "1.12.0",
	"minecraft:geometry": [
		{
			"description": {
				"identifier": "geometry.tigershark_colt",
				"texture_width": 256,
				"texture_height": 256,
				"visible_bounds_width": 12,
				"visible_bounds_height": 5,
				"visible_bounds_offset": [0, 1.5, 0]
			},
			"bones": [
				{
					"name": "tigershark",
					"pivot": [0, 0, 0]
				},
				{
					"name": "body",
					"parent": "tigershark",
					"pivot": [0, 0, 0]
				},
				{
					"name": "rightbackleg",
					"parent": "body",
					"pivot": [-5.87671, 26.03618, 12.48071],
					"cubes": [
						{"origin": [-7.87721, 18, 6.62988], "size": [6, 14, 9], "inflate": 0.01, "pivot": [-7.87721, 21, -8.37012], "rotation": [-12.5, 0, 0], "uv": [51, 96]},
						{"origin": [-6.87621, 28.87349, 5.8449], "size": [0, 5, 7], "pivot": [-5.87621, 14.87349, 3.8449], "rotation": [-15, 0, 0], "uv": [0, 5]}
					]
				},
				{
					"name": "rightbackknee",
					"parent": "rightbackleg",
					"pivot": [-4.87721, 15.08748, 6.34565],
					"cubes": [
						{"origin": [-7.87721, 3.38691, 7.76301], "size": [6, 9, 8], "pivot": [-7.87721, 1.38691, -7.23699], "rotation": [10, 0, 0], "uv": [101, 110]}
					]
				},
				{
					"name": "rightbackankle",
					"parent": "rightbackknee",
					"pivot": [-4.98039, 7.45183, 13.91821],
					"cubes": [
						{"origin": [-8.31473, 2.33522, 6.62479], "size": [6, 6, 8], "pivot": [-8.31473, -2.66478, -8.37521], "rotation": [-2.41084, 0.48853, 1.35897], "uv": [118, 34]}
					]
				},
				{
					"name": "rightbackpaw",
					"parent": "rightbackankle",
					"pivot": [-5.16337, 3.53186, 10.66713],
					"cubes": [
						{"origin": [-8.31473, -0.66478, 5.62479], "size": [6, 4, 9], "pivot": [-8.31473, -2.66478, -8.37521], "rotation": [0.08853, 0.42879, 1.37898], "uv": [39, 0]},
						{"origin": [-8.67721, -0.17735, 3.26239], "size": [2, 4, 3], "pivot": [-6.67721, -9.17735, 4.26239], "rotation": [0, 0, 0], "uv": [95, 0]},
						{"origin": [-6.17721, -0.17735, 3.26239], "size": [2, 4, 3], "pivot": [-4.17721, -9.17735, 4.26239], "rotation": [0, 0, 0], "uv": [88, 55]},
						{"origin": [-7.67721, -0.17735, 1.26239], "size": [0, 3, 3], "pivot": [-6.67721, -9.17735, 2.26239], "rotation": [0, 0, 0], "uv": [40, 68]},
						{"origin": [-5.17721, -0.17735, 1.26239], "size": [0, 3, 3], "pivot": [-4.17721, -9.17735, 2.26239], "rotation": [0, 0, 0], "uv": [82, 44]},
						{"origin": [-2.67721, -0.17735, 1.26239], "size": [0, 3, 3], "pivot": [-1.67721, -9.17735, 2.26239], "rotation": [0, 0, 0], "uv": [36, 80]},
						{"origin": [-3.67721, -0.17735, 3.26239], "size": [2, 4, 3], "pivot": [-1.67721, -9.17735, 4.26239], "rotation": [0, 0, 0], "uv": [98, 23]}
					]
				},
				{
					"name": "leftfrontleg",
					"parent": "body",
					"pivot": [7.62721, 24.9225, -5.22055],
					"cubes": [
						{"origin": [2.87721, 12, -4.37012], "size": [7, 14, 7], "inflate": 0.01, "pivot": [7.87721, 12, -6.37012], "rotation": [20, 0, 0], "uv": [102, 55]},
						{"origin": [8.87721, 26, -4.37012], "size": [0, 5, 7], "pivot": [7.87721, 12, -6.37012], "rotation": [20, 0, 0], "uv": [39, 6], "mirror": true}
					]
				},
				{
					"name": "leftfrontknee",
					"parent": "leftfrontleg",
					"pivot": [6.37721, 14.95042, 1.17475],
					"cubes": [
						{"origin": [2.87721, 5.58802, -9.58537], "size": [7, 14, 7], "pivot": [7.87721, 5.58802, -11.58537], "rotation": [-22.5, 0, 0], "uv": [81, 96]}
					]
				},
				{
					"name": "leftfrontpaw",
					"parent": "leftfrontknee",
					"pivot": [6.37721, 4.67979, -6.38047],
					"cubes": [
						{"origin": [2.87721, -0.17735, -9.73761], "size": [7, 5, 7], "pivot": [7.87721, -9.17735, -11.73761], "rotation": [0, 0, 0], "uv": [43, 120]},
						{"origin": [7.87721, -0.17735, -12.73761], "size": [2, 4, 3], "pivot": [7.87721, -9.17735, -11.73761], "rotation": [0, 0, 0], "uv": [98, 55]},
						{"origin": [8.87721, -0.17735, -14.73761], "size": [0, 3, 3], "pivot": [7.87721, -9.17735, -13.73761], "rotation": [0, 0, 0], "uv": [60, 27]},
						{"origin": [3.87721, -0.17735, -14.73761], "size": [0, 3, 3], "pivot": [2.87721, -9.17735, -13.73761], "rotation": [0, 0, 0], "uv": [0, 68]},
						{"origin": [6.37721, -0.17735, -14.73761], "size": [0, 3, 3], "pivot": [5.37721, -9.17735, -13.73761], "rotation": [0, 0, 0], "uv": [34, 68]},
						{"origin": [5.37721, -0.17735, -12.73761], "size": [2, 4, 3], "pivot": [5.37721, -9.17735, -11.73761], "rotation": [0, 0, 0], "uv": [72, 96]},
						{"origin": [2.87721, -0.17735, -12.73761], "size": [2, 4, 3], "pivot": [2.87721, -9.17735, -11.73761], "rotation": [0, 0, 0], "uv": [60, 89]}
					]
				},
				{
					"name": "leftbackleg",
					"parent": "body",
					"pivot": [5.87671, 25.03618, 12.48071],
					"cubes": [
						{"origin": [1.87721, 18, 6.62988], "size": [6, 14, 9], "inflate": 0.01, "pivot": [7.87721, 21, -8.37012], "rotation": [-12.5, 0, 0], "uv": [0, 95]},
						{"origin": [6.87621, 28.87349, 5.8449], "size": [0, 5, 7], "pivot": [5.87621, 14.87349, 3.8449], "rotation": [-15, 0, 0], "uv": [82, 32]}
					]
				},
				{
					"name": "leftbackknee",
					"parent": "leftbackleg",
					"pivot": [4.87721, 15.08748, 6.34565],
					"cubes": [
						{"origin": [1.87721, 3.38691, 7.76301], "size": [6, 9, 8], "pivot": [7.87721, 1.38691, -7.23699], "rotation": [10, 0, 0], "uv": [22, 110]}
					]
				},
				{
					"name": "leftbackankle",
					"parent": "leftbackknee",
					"pivot": [4.98039, 7.45183, 13.91821],
					"cubes": [
						{"origin": [2.31473, 2.33522, 6.62479], "size": [6, 6, 8], "pivot": [8.31473, -2.66478, -8.37521], "rotation": [-2.41084, -0.48853, -1.35897], "uv": [73, 117]}
					]
				},
				{
					"name": "leftbackpaw",
					"parent": "leftbackankle",
					"pivot": [5.16337, 3.53186, 10.66713],
					"cubes": [
						{"origin": [2.31473, -0.66478, 5.62479], "size": [6, 4, 9], "pivot": [8.31473, -2.66478, -8.37521], "rotation": [0.08853, -0.42879, -1.37898], "uv": [98, 76]},
						{"origin": [7.67721, -0.17735, 1.26239], "size": [0, 3, 3], "pivot": [6.67721, -9.17735, 2.26239], "rotation": [0, 0, 0], "uv": [40, 68], "mirror": true},
						{"origin": [2.67721, -0.17735, 1.26239], "size": [0, 3, 3], "pivot": [1.67721, -9.17735, 2.26239], "rotation": [0, 0, 0], "uv": [36, 80], "mirror": true},
						{"origin": [5.17721, -0.17735, 1.26239], "size": [0, 3, 3], "pivot": [4.17721, -9.17735, 2.26239], "rotation": [0, 0, 0], "uv": [82, 44], "mirror": true},
						{"origin": [4.17721, -0.17735, 3.26239], "size": [2, 4, 3], "pivot": [4.17721, -9.17735, 4.26239], "rotation": [0, 0, 0], "uv": [88, 55], "mirror": true},
						{"origin": [6.67721, -0.17735, 3.26239], "size": [2, 4, 3], "pivot": [6.67721, -9.17735, 4.26239], "rotation": [0, 0, 0], "uv": [95, 0], "mirror": true},
						{"origin": [1.67721, -0.17735, 3.26239], "size": [2, 4, 3], "pivot": [1.67721, -9.17735, 4.26239], "rotation": [0, 0, 0], "uv": [98, 23], "mirror": true}
					]
				},
				{
					"name": "rightfrontleg",
					"parent": "body",
					"pivot": [-7.62721, 24.9225, -5.22055],
					"cubes": [
						{"origin": [-9.87721, 12, -4.37012], "size": [7, 14, 7], "inflate": 0.01, "pivot": [-7.87721, 12, -6.37012], "rotation": [20, 0, 0], "uv": [109, 89]},
						{"origin": [-8.87721, 26, -4.37012], "size": [0, 5, 7], "pivot": [-7.87721, 12, -6.37012], "rotation": [20, 0, 0], "uv": [39, 6]}
					]
				},
				{
					"name": "rightfrontknee",
					"parent": "rightfrontleg",
					"pivot": [-6.37721, 14.95042, 2.17475],
					"cubes": [
						{"origin": [-9.87721, 5.58802, -9.58537], "size": [7, 14, 7], "pivot": [-7.87721, 5.58802, -11.58537], "rotation": [-22.5, 0, 0], "uv": [108, 13]}
					]
				},
				{
					"name": "rightfrontpaw",
					"parent": "rightfrontknee",
					"pivot": [-6.37721, 3.67979, -7.38047],
					"cubes": [
						{"origin": [-9.87721, -0.17735, -9.73761], "size": [7, 5, 7], "pivot": [-7.87721, -9.17735, -11.73761], "rotation": [0, 0, 0], "uv": [0, 120]},
						{"origin": [-9.87721, -0.17735, -12.73761], "size": [2, 4, 3], "pivot": [-7.87721, -9.17735, -11.73761], "rotation": [0, 0, 0], "uv": [60, 0]},
						{"origin": [-4.87721, -0.17735, -12.73761], "size": [2, 4, 3], "pivot": [-2.87721, -9.17735, -11.73761], "rotation": [0, 0, 0], "uv": [0, 0]},
						{"origin": [-7.37721, -0.17735, -12.73761], "size": [2, 4, 3], "pivot": [-5.37721, -9.17735, -11.73761], "rotation": [0, 0, 0], "uv": [58, 23]},
						{"origin": [-8.87721, -0.17735, -14.73761], "size": [0, 3, 3], "pivot": [-7.87721, -9.17735, -13.73761], "rotation": [0, 0, 0], "uv": [10, 0]},
						{"origin": [-6.37721, -0.17735, -14.73761], "size": [0, 3, 3], "pivot": [-5.37721, -9.17735, -13.73761], "rotation": [0, 0, 0], "uv": [39, 3]},
						{"origin": [-3.87721, -0.17735, -14.73761], "size": [0, 3, 3], "pivot": [-2.87721, -9.17735, -13.73761], "rotation": [0, 0, 0], "uv": [39, 0]}
					]
				},
				{
					"name": "torso",
					"parent": "body",
					"pivot": [0.12279, 27, 6.12988],
					"cubes": [
						{"origin": [-5.87721, 22, 4.62988], "size": [12, 10, 13], "pivot": [-7.87721, 15, -8.37012], "rotation": [0, 0, 0], "uv": [58, 0]}
					]
				},
				{
					"name": "uppertorso",
					"parent": "torso",
					"pivot": [0.12279, 27.5, 3.87988],
					"cubes": [
						{"origin": [-6.87721, 20, -9.37012], "size": [14, 12, 14], "pivot": [-7.87721, 15, -8.37012], "rotation": [0, 0, 0], "uv": [46, 50]},
						{"origin": [0.12279, 31, -3.37012], "size": [0, 12, 15], "pivot": [-7.87721, 15, 9.62988], "rotation": [0, 0, 0], "uv": [30, 74]}
					]
				},
				{
					"name": "neck",
					"parent": "uppertorso",
					"pivot": [0.12279, 27.5, -10.12012],
					"cubes": [
						{"origin": [-5.87721, 22, -19.37012], "size": [12, 9, 10], "pivot": [-7.87721, 15, -15.37012], "rotation": [0, 0, 0], "uv": [0, 64]},
						{"origin": [0.12279, 31, -19.37012], "size": [0, 11, 11], "pivot": [-7.87721, 15, -8.37012], "rotation": [0, 0, 0], "uv": [60, 28]}
					]
				},
				{
					"name": "head",
					"parent": "neck",
					"pivot": [0.07675, 27.69677, -21.89076],
					"cubes": [
						{"origin": [-3.84827, 25, -34.38434], "size": [10, 5, 10], "pivot": [0.15173, 26, -30.38434], "rotation": [0, -45, 0], "uv": [88, 39]},
						{"origin": [-6.87721, 25, -29.37012], "size": [14, 6, 10], "uv": [60, 23]},
						{"origin": [-6.97721, 25, -29.17012], "size": [0, 4, 6], "inflate": 0.02, "pivot": [-6.97721, 27, -26.17012], "rotation": [15, 0, 0], "uv": [244, -5]},
						{"origin": [7.17721, 25.2, -29.07012], "size": [0, 4, 6], "inflate": 0.01, "pivot": [7.17721, 27.2, -26.07012], "rotation": [15, 0, 0], "uv": [225, -4], "mirror": true},
						{"origin": [-6.97721, 25.4, -29.07012], "size": [0, 4, 6], "inflate": 0.01, "pivot": [-6.97721, 27.4, -26.07012], "rotation": [15, 0, 0], "uv": [225, -4]},
						{"origin": [7.17721, 26.6, -27.17012], "size": [0, 1, 1], "inflate": 0.03, "pivot": [7.17721, 27.6, -26.17012], "rotation": [15, 0, 0], "uv": [228, 3], "mirror": true},
						{"origin": [-6.97721, 26.6, -27.17012], "size": [0, 1, 1], "inflate": 0.03, "pivot": [-6.97721, 27.6, -26.17012], "rotation": [15, 0, 0], "uv": [228, 3]},
						{"origin": [7.17721, 25, -29.17012], "size": [0, 4, 6], "inflate": 0.02, "pivot": [7.17721, 27, -26.17012], "rotation": [15, 0, 0], "uv": [244, -5], "mirror": true},
						{"origin": [-3.54827, 24.2, -33.38434], "size": [0, 1, 9], "pivot": [0.45173, 26.2, -30.38434], "rotation": [0, -45, 0], "uv": [0, 124]},
						{"origin": [3.54827, 24.2, -33.38434], "size": [0, 1, 9], "pivot": [-0.45173, 26.2, -30.38434], "rotation": [0, 45, 0], "uv": [0, 124], "mirror": true},
						{"origin": [6.62279, 24, -29.37012], "size": [0, 1, 10], "uv": [0, 123]},
						{"origin": [-6.62279, 24, -29.37012], "size": [0, 1, 10], "uv": [0, 123], "mirror": true}
					]
				},
				{
					"name": "eyelids",
					"parent": "head",
					"pivot": [0.1, 28.83974, -26.27902],
					"cubes": [
						{"origin": [7.17721, 28, -23.37012], "size": [0, 2, 4], "inflate": 0.04, "pivot": [8.17721, 15, -23.37012], "rotation": [20, 0, 0], "uv": [66, 29], "mirror": true},
						{"origin": [-6.97721, 28, -23.37012], "size": [0, 2, 4], "inflate": 0.04, "pivot": [-7.97721, 15, -23.37012], "rotation": [20, 0, 0], "uv": [66, 29]}
					]
				},
				{
					"name": "jaw",
					"parent": "head",
					"pivot": [0.04575, 24.19942, -19.28561],
					"cubes": [
						{"origin": [-12.13571, 22, -30.96355], "size": [10, 3, 10], "pivot": [0.13726, 24.5, -18.67012], "rotation": [39.23152, -37.76124, -26.56505], "uv": [95, 0]},
						{"origin": [-6.87721, 22, -29.37012], "size": [14, 3, 10], "inflate": 0.01, "pivot": [0.13726, 24.5, -18.67012], "rotation": [30, 0, 0], "uv": [34, 76]},
						{"origin": [-6.67721, 25, -29.37012], "size": [0, 1, 10], "pivot": [0.33726, 24.5, -18.67012], "rotation": [30, 0, 0], "uv": [0, 123]},
						{"origin": [6.67721, 25, -29.37012], "size": [0, 1, 10], "pivot": [-0.33726, 24.5, -18.67012], "rotation": [30, 0, 0], "uv": [0, 123], "mirror": true},
						{"origin": [-12.73571, 25, -30.96355], "size": [10, 1, 0], "pivot": [-0.46274, 24.5, -18.67012], "rotation": [39.23152, -37.76124, -26.56505], "uv": [0, 133]},
						{"origin": [2.73571, 25, -30.96355], "size": [10, 1, 0], "pivot": [0.46274, 24.5, -18.67012], "rotation": [39.23152, 37.76124, 26.56505], "uv": [0, 133], "mirror": true}
					]
				},
				{
					"name": "tail",
					"parent": "torso",
					"pivot": [0.12279, 28.25, 17.62988],
					"cubes": [
						{"origin": [-4.87721, 23, 17.62988], "size": [10, 9, 19], "pivot": [-7.87721, 15, -8.37012], "rotation": [0, 0, 0], "uv": [0, 0]},
						{"origin": [0.12279, 31, 18.62988], "size": [0, 12, 15], "pivot": [-7.87721, 15, 31.62988], "rotation": [0, 0, 0], "uv": [0, 68]}
					]
				},
				{
					"name": "tail2",
					"parent": "tail",
					"pivot": [0.12279, 27.625, 36.62988],
					"cubes": [
						{"origin": [-3.87721, 24, 36.62988], "size": [8, 7, 12], "pivot": [-7.87721, 15, 6.62988], "rotation": [0, 0, 0], "uv": [70, 77]},
						{"origin": [0.12279, 26, 38.62988], "size": [0, 8, 2], "pivot": [0.12279, 30, 39.62988], "rotation": [-9.65845, 1.42481, -2.29176], "uv": [66, 63]},
						{"origin": [0.12279, 24, 44.62988], "size": [0, 8, 2], "pivot": [0.12279, 28, 45.62988], "rotation": [-9.65845, 1.42481, -2.29176], "uv": [66, 63]},
						{"origin": [0.12279, 25, 41.62988], "size": [0, 8, 2], "pivot": [0.12279, 29, 42.62988], "rotation": [-9.65845, 1.42481, -2.29176], "uv": [66, 63]}
					]
				},
				{
					"name": "tail3",
					"parent": "tail2",
					"pivot": [0.12279, 27.5, 48.12988],
					"cubes": [
						{"origin": [-2.87721, 25, 48.62988], "size": [6, 5, 7], "pivot": [-7.87721, 15, 6.62988], "rotation": [0, 0, 0], "uv": [122, 120]}
					]
				},
				{
					"name": "tail4",
					"parent": "tail3",
					"pivot": [0.12279, 27.15, 54.87988],
					"cubes": [
						{"origin": [-1.87721, 26, 55.62988], "size": [4, 3, 7], "pivot": [-7.87721, 15, 6.62988], "rotation": [0, 0, 0], "uv": [123, 48]},
						{"origin": [0.12279, 15, 55.62988], "size": [0, 34, 30], "pivot": [-7.87721, 15, 6.62988], "rotation": [0, 0, 0], "uv": [0, 0]}
					]
				}
			]
		}
	]
}