{
	"format_version": "1.8.0",
	"animations": {
		"animation.whisper.pose": {
			"loop": true,
			"bones": {
				"right_arm": {
					"rotation": [0, -5, 12.5]
				},
				"right_arm2": {
					"rotation": [0, -10, 22.5]
				},
				"right_hand": {
					"rotation": [0, 0, 7.5]
				},
				"right_thumb": {
					"rotation": [0, 67.5, 0]
				},
				"left_arm": {
					"rotation": [1.50701, -4.76804, 29.93726]
				},
				"left_arm2": {
					"rotation": [0, 35, 20]
				},
				"left_hand": {
					"rotation": [0, 0, 15]
				},
				"left_thumb": {
					"rotation": [0, -72.5, 0]
				},
				"tail": {
					"rotation": [0, 0, 12.5]
				},
				"tail2": {
					"rotation": [0, 0, 10]
				},
				"tail3": {
					"rotation": [0, -20, 0]
				},
				"tail4": {
					"rotation": [0, -17.5, 0]
				}
			}
		},
		"animation.whisper.air_idle": {
			"loop": true,
			"animation_length": 4,
			"bones": {
				"body": {
					"rotation": [0, 0, "math.sin(q.anim_time*90*2+90)*2"],
					"position": ["math.sin(q.anim_time*90*2)/2", "math.cos(q.anim_time*90)/2", 0]
				},
				"right_arm": {
					"rotation": [0, 22.5, "-45-math.cos(q.anim_time*90*2-90)*4"]
				},
				"right_arm2": {
					"rotation": [0, "-45-math.cos(q.anim_time*90*2-90-45)*4*2", 0]
				},
				"right_hand": {
					"rotation": [0, 0, -22.5]
				},
				"right_thumb": {
					"rotation": [0, 45, 0]
				},
				"left_arm": {
					"rotation": [0, -22.5, "45+math.cos(q.anim_time*90*2-90)*4"]
				},
				"left_arm2": {
					"rotation": [0, "45+math.cos(q.anim_time*90*2-90-45)*4*2", 0]
				},
				"left_hand": {
					"rotation": [0, 0, 22.5]
				},
				"left_thumb": {
					"rotation": [0, -45, 0]
				},
				"tail": {
					"rotation": [0, 0, "math.sin(q.anim_time*90*2+45)*4"],
					"scale": ["1.1-math.cos(q.anim_time*90*4*4)*0.1/4", "1.1+math.cos(q.anim_time*90*4*4)*0.1/4", "1.1-math.cos(q.anim_time*90*4*4)*0.1/4"]
				},
				"tail2": {
					"rotation": [0, 0, "math.sin(q.anim_time*90*2)*6"],
					"scale": ["1.1-math.cos(q.anim_time*90*4*4-45)*0.1/4", "1.1+math.cos(q.anim_time*90*4*4-45)*0.1/4", "1.1-math.cos(q.anim_time*90*4*4-45)*0.1/4"]
				},
				"tail3": {
					"rotation": [0, 0, "math.sin(q.anim_time*90*2-45)*8"],
					"scale": ["1.1-math.cos(q.anim_time*90*4*4-90)*0.1/4", "1.1+math.cos(q.anim_time*90*4*4-90)*0.1/4", "1.1-math.cos(q.anim_time*90*4*4-90)*0.1/4"]
				},
				"tail4": {
					"rotation": [0, 0, "math.sin(q.anim_time*90*2-90)*10"],
					"scale": [
						"1.1-math.cos(q.anim_time*90*4*4-90-45)*0.1/4",
						"1.1+math.cos(q.anim_time*90*4*4-90-45)*0.1/4",
						"1.1-math.cos(q.anim_time*90*4*4-90-45)*0.1/4"
					]
				},
				"tail5": {
					"rotation": [0, 0, "math.sin(q.anim_time*90*2-90-45)*20"]
				}
			}
		},
		"animation.whisper.air_fly": {
			"loop": true,
			"animation_length": 4,
			"bones": {
				"body": {
					"rotation": ["67.5+math.cos(q.anim_time*90*4-90)*2", 0, "math.sin(q.anim_time*90*2+90)*2"],
					"position": ["math.sin(q.anim_time*90*2)/2", "math.cos(q.anim_time*90*4)", 0]
				},
				"right_arm": {
					"rotation": [0, 0, -90]
				},
				"right_arm2": {
					"rotation": [0, "-8+math.cos(q.anim_time*90*2-90-45)*4*2", 0]
				},
				"right_hand": {
					"rotation": [0, 0, -22.5]
				},
				"right_thumb": {
					"rotation": [0, 45, 0]
				},
				"left_arm": {
					"rotation": [0, 0, 90]
				},
				"left_arm2": {
					"rotation": [0, "8+math.cos(q.anim_time*90*2-90-45)*4*2", 0]
				},
				"left_hand": {
					"rotation": [0, 0, 22.5]
				},
				"left_thumb": {
					"rotation": [0, -45, 0]
				},
				"tail": {
					"rotation": [-22.5, 0, "0+math.sin(q.anim_time*90*2+45)*4"],
					"scale": ["1.1-math.cos(q.anim_time*90*4*4)*0.1/4", "1.1+math.cos(q.anim_time*90*4*4)*0.1/4", "1.1-math.cos(q.anim_time*90*4*4)*0.1/4"]
				},
				"tail2": {
					"rotation": [-22.5, 0, "0+math.sin(q.anim_time*90*2)*6"],
					"position": [0, 0, -1],
					"scale": ["1.1-math.cos(q.anim_time*90*4*4-45)*0.1/4", "1.1+math.cos(q.anim_time*90*4*4-45)*0.1/4", "1.1-math.cos(q.anim_time*90*4*4-45)*0.1/4"]
				},
				"tail3": {
					"rotation": [-22.5, 0, "0+math.sin(q.anim_time*90*2-45)*8"],
					"scale": ["1.1-math.cos(q.anim_time*90*4*4-90)*0.1/4", "1.1+math.cos(q.anim_time*90*4*4-90)*0.1/4", "1.1-math.cos(q.anim_time*90*4*4-90)*0.1/4"]
				},
				"tail4": {
					"rotation": [0, 0, "math.sin(q.anim_time*90*2-90)*10"],
					"scale": [
						"1.1-math.cos(q.anim_time*90*4*4-90-45)*0.1/4",
						"1.1+math.cos(q.anim_time*90*4*4-90-45)*0.1/4",
						"1.1-math.cos(q.anim_time*90*4*4-90-45)*0.1/4"
					]
				},
				"tail5": {
					"rotation": [0, 0, "math.sin(q.anim_time*90*2-90-45)*20"]
				}
			}
		},
		"animation.whisper.flytest": {
			"loop": true,
			"bones": {
				"whisper": {
					"position": [0, 0, "-q.anim_time*90*0.35"]
				}
			}
		},
		"animation.whisper.blink": {
			"animation_length": 0.20833,
			"bones": {
				"EyelidLeft": {
					"position": {
						"0.0": [0, 0, -0.025],
						"0.1667": [0, 0, -0.025],
						"0.2083": [0, 0, 0]
					}
				},
				"EyelidRight": {
					"position": {
						"0.0": [0, 0, -0.025],
						"0.1667": [0, 0, -0.025],
						"0.2083": [0, 0, 0]
					}
				}
			}
		}
	}
}