{
	"format_version": "1.12.0",
	"minecraft:geometry": [
		{
			"description": {
				"identifier": "geometry.tentail",
				"texture_width": 128,
				"texture_height": 128,
				"visible_bounds_width": 2,
				"visible_bounds_height": 3.5,
				"visible_bounds_offset": [0, 1.25, 0]
			},
			"bones": [
				{
					"name": "tentail",
					"pivot": [0, 0, 0]
				},
				{
					"name": "full_body",
					"parent": "tentail",
					"pivot": [0, 18, 0]
				},
				{
					"name": "body",
					"parent": "full_body",
					"pivot": [0, 24, 0],
					"cubes": [
						{"origin": [-5, 23, -5], "size": [10, 7, 10], "uv": [0, 34]}
					]
				},
				{
					"name": "jaws",
					"parent": "body",
					"pivot": [0, 26, 0]
				},
				{
					"name": "jaw_left",
					"parent": "jaws",
					"pivot": [5, 26, 0],
					"cubes": [
						{"origin": [0, 26, -5], "size": [5, 4, 10], "inflate": 0.02, "uv": [48, 18]}
					]
				},
				{
					"name": "jaw_right",
					"parent": "jaws",
					"pivot": [-5, 26, 0],
					"cubes": [
						{"origin": [-5, 26, -5], "size": [5, 4, 10], "inflate": 0.02, "uv": [40, 48]}
					]
				},
				{
					"name": "eyes",
					"parent": "body",
					"pivot": [0, 24, -5]
				},
				{
					"name": "left_eye",
					"parent": "eyes",
					"pivot": [3, 24, -5],
					"cubes": [
						{"origin": [2, 22.75, -5.5], "size": [2, 3, 1], "uv": [48, 62]}
					]
				},
				{
					"name": "left_eye_shine",
					"parent": "left_eye",
					"pivot": [3, 25, -5.4],
					"cubes": [
						{"origin": [2.5, 24.5, -5.51], "size": [1, 1, 0], "uv": [48, 32]}
					]
				},
				{
					"name": "right_eye",
					"parent": "eyes",
					"pivot": [-3, 24, -5],
					"cubes": [
						{"origin": [-4, 22.75, -5.5], "size": [2, 3, 1], "uv": [54, 62]}
					]
				},
				{
					"name": "right_eye_shine",
					"parent": "right_eye",
					"pivot": [-3, 25, -5.4],
					"cubes": [
						{"origin": [-3.5, 24.5, -5.51], "size": [1, 1, 0], "uv": [48, 33]}
					]
				},
				{
					"name": "shell",
					"parent": "full_body",
					"pivot": [0, 18, 0],
					"cubes": [
						{"origin": [-6, 16, -6], "size": [12, 4, 12], "uv": [0, 18]},
						{"origin": [-7, 20, -7], "size": [14, 4, 14], "uv": [0, 0]},
						{"origin": [-5, 12, -5], "size": [10, 4, 10], "uv": [40, 34]}
					]
				},
				{
					"name": "tentacles",
					"parent": "full_body",
					"pivot": [0, 12, 0]
				},
				{
					"name": "back_tentacle",
					"parent": "tentacles",
					"pivot": [0, 12, 2.5],
					"cubes": [
						{"origin": [-1.5, 8, 1], "size": [3, 5, 3], "inflate": 0.02, "uv": [0, 51]}
					]
				},
				{
					"name": "back_tentacle_1",
					"parent": "back_tentacle",
					"pivot": [0, 9, 2.5],
					"cubes": [
						{"origin": [-1.5, 4, 1], "size": [3, 5, 3], "inflate": 0.01, "uv": [12, 51]}
					]
				},
				{
					"name": "back_tentacle_2",
					"parent": "back_tentacle_1",
					"pivot": [0, 5, 2.5],
					"cubes": [
						{"origin": [-1.5, 0, 1], "size": [3, 5, 3], "uv": [24, 51]}
					]
				},
				{
					"name": "left_tentacle",
					"parent": "tentacles",
					"pivot": [2.5, 12, -2.5],
					"cubes": [
						{"origin": [1, 8, -4], "size": [3, 5, 3], "inflate": 0.02, "uv": [56, 0]}
					]
				},
				{
					"name": "left_tentacle_1",
					"parent": "left_tentacle",
					"pivot": [2.5, 9, -2.5],
					"cubes": [
						{"origin": [1, 4, -4], "size": [3, 5, 3], "inflate": 0.01, "uv": [56, 8]}
					]
				},
				{
					"name": "left_tentacle_2",
					"parent": "left_tentacle_1",
					"pivot": [2.5, 5, -2.5],
					"cubes": [
						{"origin": [1, 0, -4], "size": [3, 5, 3], "uv": [0, 59]}
					]
				},
				{
					"name": "right_tentacle",
					"parent": "tentacles",
					"pivot": [-2.5, 12, -2.5],
					"cubes": [
						{"origin": [-4, 8, -4], "size": [3, 5, 3], "inflate": 0.02, "uv": [12, 59]}
					]
				},
				{
					"name": "right_tentacle_1",
					"parent": "right_tentacle",
					"pivot": [-2.5, 9, -2.5],
					"cubes": [
						{"origin": [-4, 4, -4], "size": [3, 5, 3], "inflate": 0.01, "uv": [24, 59]}
					]
				},
				{
					"name": "right_tentacle_2",
					"parent": "right_tentacle_1",
					"pivot": [-2.5, 5, -2.5],
					"cubes": [
						{"origin": [-4, 0, -4], "size": [3, 5, 3], "uv": [36, 62]}
					]
				}
			]
		}
	]
}