{
	"format_version": "1.12.0",
	"minecraft:geometry": [
		{
			"description": {
				"identifier": "geometry.chamark",
				"texture_width": 64,
				"texture_height": 64,
				"visible_bounds_width": 3,
				"visible_bounds_height": 2.5,
				"visible_bounds_offset": [0, 0.75, 0]
			},
			"bones": [
				{
					"name": "chamark",
					"pivot": [0, 0, 0]
				},
				{
					"name": "bone",
					"parent": "chamark",
					"pivot": [0, 6, 0],
					"cubes": [
						{"origin": [-5, 6, -6], "size": [10, 6, 12], "uv": [20, 17]},
						{"origin": [-0.5, 14, -4], "size": [1, 1, 1], "uv": [55, 15]},
						{"origin": [-0.5, 12, -5], "size": [1, 2, 2], "uv": [54, 14]},
						{"origin": [-0.5, 14, 0], "size": [1, 1, 1], "uv": [55, 15]},
						{"origin": [-0.5, 12, -1], "size": [1, 2, 2], "uv": [54, 14]},
						{"origin": [-0.5, 14, 4], "size": [1, 1, 1], "uv": [55, 15]},
						{"origin": [-0.5, 12, 3], "size": [1, 2, 2], "uv": [54, 14]}
					]
				},
				{
					"name": "head",
					"parent": "bone",
					"pivot": [0, 12, -6],
					"cubes": [
						{"origin": [-4, 6, -14], "size": [8, 8, 8], "uv": [0, 0]},
						{"origin": [1, 8, -15], "size": [4, 4, 4], "uv": [3, 37]},
						{"origin": [-1, 16, -9], "size": [2, 2, 2], "uv": [6, 26]},
						{"origin": [-1, 14, -11], "size": [2, 2, 4], "uv": [4, 24]},
						{"origin": [-5, 8, -15], "size": [4, 4, 4], "uv": [3, 37], "mirror": true}
					]
				},
				{
					"name": "tail",
					"parent": "bone",
					"pivot": [0, 13, 6],
					"cubes": [
						{"origin": [-2, 6, 6], "size": [4, 3, 7], "uv": [42, 54]},
						{"origin": [-2, 13, 7], "size": [4, 3, 6], "uv": [40, 41]},
						{"origin": [-2, 6, 13], "size": [4, 10, 3], "uv": [26, 51]}
					]
				},
				{
					"name": "leg",
					"parent": "bone",
					"pivot": [3, 8, -4],
					"cubes": [
						{"origin": [1, 0, -6], "size": [4, 6, 4], "uv": [22, 37]}
					]
				},
				{
					"name": "leg2",
					"parent": "bone",
					"pivot": [3, 8, 4],
					"cubes": [
						{"origin": [1, 0, 2], "size": [4, 6, 4], "uv": [22, 37]}
					]
				},
				{
					"name": "leg3",
					"parent": "bone",
					"pivot": [-3, 8, 4],
					"cubes": [
						{"origin": [-5, 0, 2], "size": [4, 6, 4], "uv": [22, 37], "mirror": true}
					]
				},
				{
					"name": "leg4",
					"parent": "bone",
					"pivot": [-3, 8, -4],
					"cubes": [
						{"origin": [-5, 0, -6], "size": [4, 6, 4], "uv": [22, 37], "mirror": true}
					]
				}
			]
		}
	]
}