{
	"format_version": "1.8.0",
	"animations": {
		"animation.maskonylum.ground_idle": {
			"loop": true,
			"animation_length": 4,
			"bones": {
				"body": {
					"position": {
						"0.0": [0, 5, 0],
						"2.0": [0, 6, 0],
						"4.0": [0, 5, 0]
					}
				},
				"torso": {
					"rotation": {
						"0.0": [-45, 0, 0],
						"4.0": [-45, 0, 0]
					}
				},
				"neck": {
					"rotation": {
						"0.0": [52.5, 0, 0],
						"4.0": [52.5, 0, 0]
					}
				},
				"head": {
					"rotation": {
						"0.6667": [0, 0, 0],
						"0.7083": [0, 0, -25],
						"0.75": [0, 0, -30],
						"0.7917": [0, 0, 22.5],
						"0.8333": [0, 0, 27.5],
						"0.875": [0, 0, -25],
						"0.9167": [0, 0, -30],
						"0.9583": [0, 0, 22.5],
						"1.0": [0, 0, 27.5],
						"1.0417": [0, 0, -25],
						"1.0833": [0, 0, -30],
						"1.125": [0, 0, 22.5],
						"1.1667": [0, 0, 27.5],
						"1.2083": [0, 0, -25],
						"1.25": [0, 0, -30],
						"1.2917": [0, 0, 22.5],
						"1.3333": [0, 0, 27.5],
						"1.375": [0, 0, 0],
						"1.4167": [0, 0, -5],
						"1.4583": [0, 0, 0]
					}
				},
				"lowertail": {
					"rotation": {
						"0.0": [15, 0, 0],
						"1.0": [27.5, 0, 0],
						"2.0": [15, 0, 0],
						"3.0": [27.5, 0, 0],
						"4.0": [15, 0, 0]
					}
				},
				"lowertail1": {
					"rotation": {
						"0.0": [-7.5, 0, 0],
						"0.5": [-27.5, 0, 0],
						"1.0": [-5, 0, 0],
						"2.0": [-7.5, 0, 0],
						"2.5": [-27.5, 0, 0],
						"3.0": [-5, 0, 0],
						"4.0": [-7.5, 0, 0]
					}
				},
				"lowertail2": {
					"rotation": {
						"0.0": [60, 0, 0],
						"0.5": [95, 0, 0],
						"1.0": [62.5, 0, 0],
						"2.0": [60, 0, 0],
						"2.5": [95, 0, 0],
						"3.0": [62.5, 0, 0],
						"4.0": [60, 0, 0]
					}
				},
				"lowertail3": {
					"rotation": {
						"0.0": [-60, 0, 0],
						"0.5": [-92.5, 0, 0],
						"1.0": [-62.5, 0, 0],
						"2.0": [-60, 0, 0],
						"2.5": [-92.5, 0, 0],
						"3.0": [-62.5, 0, 0],
						"4.0": [-60, 0, 0]
					}
				},
				"armright": {
					"rotation": {
						"0.0": [30, -47.5, 0],
						"2.0": [42.06377, -59.72148, -14.87203],
						"4.0": [30, -47.5, 0]
					}
				},
				"armright1": {
					"rotation": {
						"0.0": [0, -37.5, 0],
						"2.0": [0, -30, 0],
						"4.0": [0, -37.5, 0]
					}
				},
				"armright2": {
					"rotation": {
						"0.0": [7.5, -20, 0],
						"2.0": [8.13453, -29.90768, -1.49833],
						"4.0": [7.5, -20, 0]
					}
				},
				"armright3": {
					"rotation": {
						"0.0": [0, -77.5, 0],
						"2.0": [0, -57.5, 0],
						"4.0": [0, -77.5, 0]
					}
				},
				"armrighttip": {
					"rotation": {
						"0.0": [0, 22.5, 0],
						"0.25": [-18.52284, 35.52893, -51.26798],
						"1.0": [-18.52284, 35.52893, -51.26798],
						"1.1667": [-41.31084, 30.40618, -103.97796],
						"1.5": [-41.31084, 30.40618, -103.97796],
						"1.75": [17.22596, 29.92107, -11.52539],
						"2.5": [17.22596, 29.92107, -11.52539],
						"2.75": [14.8625, 41.45485, -38.34051],
						"3.0": [14.8625, 41.45485, -38.34051],
						"4.0": [0, 22.5, 0]
					}
				},
				"armleft": {
					"rotation": {
						"0.0": [30, 47.5, 0],
						"2.0": [42.06377, 59.72148, 14.87203],
						"4.0": [30, 47.5, 0]
					}
				},
				"armleft1": {
					"rotation": {
						"0.0": [0, 37.5, 0],
						"4.0": [0, 37.5, 0]
					}
				},
				"armleft2": {
					"rotation": {
						"0.0": [7.5, 20, 0],
						"2.0": [8.13453, 29.9077, 1.4983],
						"4.0": [7.5, 20, 0]
					}
				},
				"armleft3": {
					"rotation": {
						"0.0": [0, 77.5, 0],
						"2.0": [0, 57.5, 0],
						"4.0": [0, 77.5, 0]
					}
				},
				"armlefttip": {
					"rotation": {
						"0.0": [0, -22.5, 0],
						"0.25": [-28.5658, -6.62353, 51.41885],
						"0.5": [-28.5658, -6.62353, 51.41885],
						"0.75": [-22.30335, -79.00997, 61.49719],
						"1.25": [-22.30335, -79.00997, 61.49719],
						"1.5": [-65.72305, -1.3315, 74.50556],
						"1.75": [-65.72305, -1.3315, 74.50556],
						"2.25": [-65.72305, -1.3315, 74.50556],
						"2.5": [0.76078, -31.24884, 35.54438],
						"2.625": [0.76078, -31.24884, 35.54438],
						"2.75": [-25.39525, -17.41162, 91.45336],
						"2.875": [-25.39525, -17.41162, 91.45336],
						"3.0": [-6.61077, -27.84836, 41.81617],
						"3.25": [-6.61077, -27.84836, 41.81617],
						"3.5833": [-25.74393, -25.93077, 88.53467],
						"4.0": [0, -22.5, 0]
					}
				}
			}
		},
		"animation.maskonylum.faint": {
			"loop": true,
			"animation_length": 4,
			"bones": {
				"body": {
					"position": {
						"0.0": [0, 5, 0],
						"2.0": [0, 6, 0],
						"4.0": [0, 5, 0]
					}
				},
				"torso": {
					"rotation": {
						"0.0": [-45, 0, 0],
						"4.0": [-45, 0, 0]
					}
				},
				"neck": {
					"rotation": {
						"0.0": [52.5, 0, 0],
						"4.0": [52.5, 0, 0]
					}
				},
				"head": {
					"rotation": {
						"0.6667": [0, 0, 0],
						"0.7083": [0, 0, -25],
						"0.75": [0, 0, -30],
						"0.7917": [0, 0, 22.5],
						"0.8333": [0, 0, 27.5],
						"0.875": [0, 0, -25],
						"0.9167": [0, 0, -30],
						"0.9583": [0, 0, 22.5],
						"1.0": [0, 0, 27.5],
						"1.0417": [0, 0, -25],
						"1.0833": [0, 0, -30],
						"1.125": [0, 0, 22.5],
						"1.1667": [0, 0, 27.5],
						"1.2083": [0, 0, -25],
						"1.25": [0, 0, -30],
						"1.2917": [0, 0, 22.5],
						"1.3333": [0, 0, 27.5],
						"1.375": [0, 0, 0],
						"1.4167": [0, 0, -5],
						"1.4583": [0, 0, 0]
					}
				},
				"lowertail": {
					"rotation": {
						"0.0": [15, 0, 0],
						"1.0": [27.5, 0, 0],
						"2.0": [15, 0, 0],
						"3.0": [27.5, 0, 0],
						"4.0": [15, 0, 0]
					}
				},
				"lowertail1": {
					"rotation": {
						"0.0": [-7.5, 0, 0],
						"0.5": [-27.5, 0, 0],
						"1.0": [-5, 0, 0],
						"2.0": [-7.5, 0, 0],
						"2.5": [-27.5, 0, 0],
						"3.0": [-5, 0, 0],
						"4.0": [-7.5, 0, 0]
					}
				},
				"lowertail2": {
					"rotation": {
						"0.0": [60, 0, 0],
						"0.5": [95, 0, 0],
						"1.0": [62.5, 0, 0],
						"2.0": [60, 0, 0],
						"2.5": [95, 0, 0],
						"3.0": [62.5, 0, 0],
						"4.0": [60, 0, 0]
					}
				},
				"lowertail3": {
					"rotation": {
						"0.0": [-60, 0, 0],
						"0.5": [-92.5, 0, 0],
						"1.0": [-62.5, 0, 0],
						"2.0": [-60, 0, 0],
						"2.5": [-92.5, 0, 0],
						"3.0": [-62.5, 0, 0],
						"4.0": [-60, 0, 0]
					}
				},
				"armright": {
					"rotation": {
						"0.0": [30, -47.5, 0],
						"2.0": [42.06377, -59.72148, -14.87203],
						"4.0": [30, -47.5, 0]
					}
				},
				"armright1": {
					"rotation": {
						"0.0": [0, -37.5, 0],
						"2.0": [0, -30, 0],
						"4.0": [0, -37.5, 0]
					}
				},
				"armright2": {
					"rotation": {
						"0.0": [7.5, -20, 0],
						"2.0": [8.13453, -29.90768, -1.49833],
						"4.0": [7.5, -20, 0]
					}
				},
				"armright3": {
					"rotation": {
						"0.0": [0, -77.5, 0],
						"2.0": [0, -57.5, 0],
						"4.0": [0, -77.5, 0]
					}
				},
				"armrighttip": {
					"rotation": {
						"0.0": [0, 22.5, 0],
						"0.25": [-18.52284, 35.52893, -51.26798],
						"1.0": [-18.52284, 35.52893, -51.26798],
						"1.1667": [-41.31084, 30.40618, -103.97796],
						"1.5": [-41.31084, 30.40618, -103.97796],
						"1.75": [17.22596, 29.92107, -11.52539],
						"2.5": [17.22596, 29.92107, -11.52539],
						"2.75": [14.8625, 41.45485, -38.34051],
						"3.0": [14.8625, 41.45485, -38.34051],
						"4.0": [0, 22.5, 0]
					}
				},
				"armleft": {
					"rotation": {
						"0.0": [30, 47.5, 0],
						"2.0": [42.06377, 59.72148, 14.87203],
						"4.0": [30, 47.5, 0]
					}
				},
				"armleft1": {
					"rotation": {
						"0.0": [0, 37.5, 0],
						"4.0": [0, 37.5, 0]
					}
				},
				"armleft2": {
					"rotation": {
						"0.0": [7.5, 20, 0],
						"2.0": [8.13453, 29.9077, 1.4983],
						"4.0": [7.5, 20, 0]
					}
				},
				"armleft3": {
					"rotation": {
						"0.0": [0, 77.5, 0],
						"2.0": [0, 57.5, 0],
						"4.0": [0, 77.5, 0]
					}
				},
				"armlefttip": {
					"rotation": {
						"0.0": [0, -22.5, 0],
						"0.25": [-28.5658, -6.62353, 51.41885],
						"0.5": [-28.5658, -6.62353, 51.41885],
						"0.75": [-22.30335, -79.00997, 61.49719],
						"1.25": [-22.30335, -79.00997, 61.49719],
						"1.5": [-65.72305, -1.3315, 74.50556],
						"1.75": [-65.72305, -1.3315, 74.50556],
						"2.25": [-65.72305, -1.3315, 74.50556],
						"2.5": [0.76078, -31.24884, 35.54438],
						"2.625": [0.76078, -31.24884, 35.54438],
						"2.75": [-25.39525, -17.41162, 91.45336],
						"2.875": [-25.39525, -17.41162, 91.45336],
						"3.0": [-6.61077, -27.84836, 41.81617],
						"3.25": [-6.61077, -27.84836, 41.81617],
						"3.5833": [-25.74393, -25.93077, 88.53467],
						"4.0": [0, -22.5, 0]
					}
				}
			}
		},
		"animation.maskonylum.ground_walk": {
			"loop": true,
			"animation_length": 1,
			"bones": {
				"body": {
					"position": {
						"0.0": [0, 0, -8],
						"0.5": [0, 0.5, -8],
						"1.0": [0, 0, -8]
					}
				},
				"torso": {
					"rotation": {
						"0.0": [0, 0, 0],
						"0.25": [-2.5, 0, 0],
						"0.5": [2.5, 0, 0],
						"0.75": [5, 0, 0],
						"1.0": [0, 0, 0]
					}
				},
				"head": {
					"rotation": {
						"0.0": [0, 0, 0],
						"0.25": [2.5, 0, 0],
						"0.5": [-2.5, 0, 0],
						"0.75": [-5, 0, 0],
						"1.0": [0, 0, 0]
					}
				},
				"mask": {
					"rotation": {
						"0.0": [0, 0, 0],
						"0.25": [0, 0, 0]
					}
				},
				"tail": {
					"rotation": {
						"0.0": [15, 0, 0],
						"0.5": [7.5, 0, 0],
						"1.0": [15, 0, 0]
					}
				},
				"lowertail": {
					"rotation": {
						"0.0": [-15, 0, 0],
						"0.5": [-5, 0, 0],
						"1.0": [-15, 0, 0]
					}
				},
				"lowertail1": {
					"rotation": {
						"0.0": [-15, 0, 0],
						"0.25": [-5, 0, 0],
						"0.5": [-10, 0, 0],
						"1.0": [-15, 0, 0]
					}
				},
				"lowertail2": {
					"rotation": {
						"0.0": [17.5, 0, 0],
						"0.25": [5, 0, 0],
						"0.5": [12.5, 0, 0],
						"1.0": [17.5, 0, 0]
					}
				},
				"lowertail3": {
					"rotation": {
						"0.0": [-12.5, 0, 0],
						"0.5": [2.5, 0, 0],
						"1.0": [-12.5, 0, 0]
					}
				},
				"armright": {
					"rotation": {
						"0.0": [0, -15, 0],
						"0.5": [-5, -7.5, 0],
						"1.0": [0, -15, 0]
					}
				},
				"armright1": {
					"rotation": {
						"0.0": [0, 10, 0],
						"0.1667": [0, 5, 0],
						"1.0": [0, 10, 0]
					}
				},
				"armright2": {
					"rotation": {
						"0.0": [0, -10, 0],
						"1.0": [0, -10, 0]
					}
				},
				"armright3": {
					"rotation": {
						"0.0": [0, 20, 0],
						"0.25": [0, 2.5, 0],
						"0.5": [0, 15, 0],
						"0.7917": [0, 27.92, 0],
						"1.0": [0, 20, 0]
					}
				},
				"armrighttip": {
					"rotation": {
						"0.0": [0, -10, 0],
						"0.25": [0, -27.5, 0],
						"0.5": [0, -5, 0],
						"0.7917": [0, 7.08, 0],
						"1.0": [0, -10, 0]
					}
				},
				"armleft": {
					"rotation": {
						"0.0": [0, 15, 0],
						"0.5": [-5, 7.5, 0],
						"1.0": [0, 15, 0]
					}
				},
				"armleft1": {
					"rotation": {
						"0.0": [0, -10, 0],
						"0.1667": [0, -5, 0],
						"1.0": [0, -10, 0]
					}
				},
				"armleft2": {
					"rotation": {
						"0.0": [0, 10, 0],
						"1.0": [0, 10, 0]
					}
				},
				"armleft3": {
					"rotation": {
						"0.0": [0, -20, 0],
						"0.25": [0, -2.5, 0],
						"0.5": [0, -15, 0],
						"0.7917": [0, -27.92, 0],
						"1.0": [0, -20, 0]
					}
				},
				"armlefttip": {
					"rotation": {
						"0.0": [0, 10, 0],
						"0.25": [0, 27.5, 0],
						"0.5": [0, 5, 0],
						"0.7917": [0, -7.08, 0],
						"1.0": [0, 10, 0]
					}
				}
			}
		}
	}
}