{
	"format_version": "1.8.0",
	"animations": {
		"animation.orbans.ground_idle": {
			"loop": true,
			"animation_length": 2.88,
			"bones": {
				"bone2": {
					"rotation": {
						"0.0": [0, 0, 0],
						"0.64": [-2.5, 7.5, 0],
						"1.08": [5, 7.5, 0],
						"1.44": [0, 0, 0],
						"2.08": [-2.5, -7.5, 0],
						"2.52": [4.99935, -7.44357, -1.30355],
						"2.88": [0, 0, 0]
					},
					"position": {
						"0.0": [0, 0, 0],
						"0.64": [-2, -2, 0],
						"1.08": [-2, 0, 0],
						"1.44": [0, 0, 0],
						"2.08": [2, -2, 0],
						"2.52": [2, 0, 0],
						"2.88": [0, 0, 0]
					}
				},
				"bone": {
					"rotation": {
						"0.0": [0, 0, 0],
						"1.44": [0, 0, 180],
						"2.88": [0, 0, 360]
					}
				},
				"eye": {
					"rotation": {
						"0.0": [0, 0, 0],
						"1.08": [0, 0, 22.5],
						"2.08": [0, 0, 0],
						"2.52": [0, 0, 22.5],
						"2.88": [0, 0, 0]
					}
				},
				"eye2": {
					"rotation": {
						"0.0": [0, 0, 0],
						"1.08": [0, 0, -22.5],
						"2.08": [0, 0, 0],
						"2.52": [0, 0, -22.5],
						"2.88": [0, 0, 0]
					}
				},
				"bone3": {
					"rotation": [0, 0, 0]
				}
			}
		},
		"animation.orbans.ground_walk": {
			"loop": true,
			"animation_length": 1,
			"bones": {
				"bone2": {
					"position": {
						"0.0": [0, 0, 0],
						"0.24": [0, -0.92, 0],
						"0.52": [0, -2, 0],
						"1.0": [0, 0, 0]
					}
				},
				"bone": {
					"rotation": {
						"0.0": [20, 0, 0],
						"0.52": [17.06488, -10.58927, 30.90686],
						"1.0": [20, 0, 0]
					}
				},
				"eye": {
					"rotation": {
						"0.0": [0, 0, 0],
						"0.52": [0, 0, 50],
						"1.0": [0, 0, 0]
					},
					"position": {
						"0.0": [0, -1, -1],
						"1.0": [0, -1, -1]
					}
				},
				"eye2": {
					"rotation": {
						"0.0": [0, 0, 0],
						"0.52": [0, 0, -50],
						"1.0": [0, 0, 0]
					},
					"position": {
						"0.0": [0, -1, -1],
						"1.0": [0, -1, -1]
					}
				}
			}
		}
	}
}