{
	"format_version": "1.12.0",
	"minecraft:geometry": [
		{
			"description": {
				"identifier": "geometry.vexace",
				"texture_width": 64,
				"texture_height": 64,
				"visible_bounds_width": 2,
				"visible_bounds_height": 3.5,
				"visible_bounds_offset": [0, 1.25, 0]
			},
			"bones": [
				{
					"name": "vexace",
					"pivot": [0, 0, 0]
				},
				{
					"name": "body",
					"parent": "vexace",
					"pivot": [0, 0, 0]
				},
				{
					"name": "torso",
					"parent": "body",
					"pivot": [0, 17.28012, 0.12769],
					"cubes": [
						{"origin": [-2, 14.03012, -1.12231], "size": [4, 5, 3], "uv": [0, 20]},
						{"origin": [0, 9.03012, -0.12231], "size": [0, 8, 8], "uv": [0, 4]}
					]
				},
				{
					"name": "head",
					"parent": "torso",
					"pivot": [0, 19, 0.25],
					"cubes": [
						{"origin": [-3, 19, -3], "size": [6, 6, 6], "uv": [19, 12]},
						{"origin": [-6, 23, -6], "size": [12, 0, 12], "uv": [0, 0]}
					]
				},
				{
					"name": "arm",
					"parent": "torso",
					"pivot": [2, 17.28012, 0.37769],
					"cubes": [
						{"origin": [2, 10.28012, -0.62231], "size": [2, 8, 2], "uv": [0, 0]}
					]
				},
				{
					"name": "sword",
					"parent": "arm",
					"pivot": [3, 11.28012, 0.37769],
					"cubes": [
						{"origin": [2.5, 10.78012, -12.62231], "size": [1, 1, 17], "uv": [0, 12]},
						{"origin": [3, 8.78012, -17.62231], "size": [0, 5, 14], "uv": [0, 16]}
					]
				}
			]
		}
	]
}