{
	"format_version": "1.12.0",
	"minecraft:geometry": [
		{
			"description": {
				"identifier": "geometry.quantom",
				"texture_width": 64,
				"texture_height": 64,
				"visible_bounds_width": 3,
				"visible_bounds_height": 2.5,
				"visible_bounds_offset": [0, 0.75, 0]
			},
			"bones": [
				{
					"name": "quantom",
					"pivot": [0, 0, 0]
				},
				{
					"name": "body",
					"parent": "quantom",
					"pivot": [0.5, 5, -1.75]
				},
				{
					"name": "torso",
					"parent": "body",
					"pivot": [0.5, 5, 0.25],
					"cubes": [
						{"origin": [-2.5, 3, -3.75], "size": [5, 4, 8], "uv": [0, 16]}
					]
				},
				{
					"name": "bell",
					"parent": "torso",
					"pivot": [0, 6.5, -4.5],
					"cubes": [
						{"origin": [-1, 5.5, -5.5], "size": [2, 2, 2], "uv": [34, 12]}
					]
				},
				{
					"name": "neck",
					"parent": "torso",
					"pivot": [0, -1.75, 0.5],
					"cubes": [
						{"origin": [-1.5, 6.5, -3.5], "size": [3, 3, 2], "uv": [30, 21]}
					]
				},
				{
					"name": "head",
					"parent": "torso",
					"pivot": [0.5, 7.75, -2.5],
					"cubes": [
						{"origin": [-4.5, 7.5, -7], "size": [9, 8, 8], "uv": [0, 0]},
						{"origin": [-4.5, 10.25, -7], "size": [4, 2, 0], "inflate": 0.01, "uv": [18, 22]},
						{"origin": [-2.5, 10.75, -7], "size": [2, 1, 0], "inflate": 0.01, "uv": [17, 28]},
						{"origin": [0.5, 10.75, -7], "size": [2, 1, 0], "inflate": 0.01, "uv": [26, 7]},
						{"origin": [0.5, 10.25, -7], "size": [4, 2, 0], "inflate": 0.01, "uv": [0, 22]},
						{"origin": [-1.6, 15.1, -3.5], "size": [3, 3, 0], "pivot": [0.4, 15.1, -2.5], "rotation": [0, 0, 10], "uv": [7, 28]},
						{"origin": [-2, 8.75, -7.5], "size": [4, 2, 1], "uv": [33, 0]},
						{"origin": [-0.5, 9.75, -7.5], "size": [1, 1, 1], "inflate": 0.01, "uv": [26, 22]}
					]
				},
				{
					"name": "head_fur_right",
					"parent": "head",
					"pivot": [4.5, 10, -4],
					"cubes": [
						{"origin": [4.25, 7.5, -4], "size": [5, 5, 0], "uv": [20, 30]}
					]
				},
				{
					"name": "head_fur_left",
					"parent": "head",
					"pivot": [-4.25, 10, -4],
					"cubes": [
						{"origin": [-9.25, 7.5, -4], "size": [5, 5, 0], "uv": [30, 16]}
					]
				},
				{
					"name": "whiskers_left",
					"parent": "head",
					"pivot": [-4.5, 9.5, -6.15],
					"cubes": [
						{"origin": [-8, 7.5, -6], "size": [4, 5, 0], "pivot": [-6, 10, -6.15], "rotation": [0, 6, 12], "uv": [34, 7]}
					]
				},
				{
					"name": "whisker_right",
					"parent": "head",
					"pivot": [4.5, 9.5, -6],
					"cubes": [
						{"origin": [4, 7.5, -6], "size": [4, 5, 0], "pivot": [6, 10, -6], "rotation": [0, -6, -12.5], "uv": [30, 30]}
					]
				},
				{
					"name": "mouth_open",
					"parent": "head",
					"pivot": [-1.5, 7, -7],
					"cubes": [
						{"origin": [-2, 7.5, -6.9], "size": [4, 2, 0], "inflate": 0.01, "uv": [0, 6]}
					]
				},
				{
					"name": "ear_right",
					"parent": "head",
					"pivot": [-2.25, 15.25, -3.25],
					"rotation": [2.5, 10, -22.5],
					"cubes": [
						{"origin": [-5.12687, 14.3299, -3.35669], "size": [4, 6, 0], "uv": [0, 0]},
						{"origin": [-4.12687, 14.3299, -4.10669], "size": [2, 4, 0], "pivot": [-3.12687, 16.3299, -4.10669], "rotation": [4.75643, 1.54331, -17.9359], "uv": [18, 16]}
					]
				},
				{
					"name": "ear_left",
					"parent": "head",
					"pivot": [3.1, 14, -3],
					"rotation": [2.5, -10, 22.5],
					"cubes": [
						{"origin": [0.97687, 13.8299, -3.10669], "size": [4, 6, 0], "uv": [0, 16]},
						{"origin": [1.97687, 13.8299, -3.85669], "size": [2, 4, 0], "pivot": [2.97687, 15.8299, -3.85669], "rotation": [4.75643, -1.54331, 17.9359], "uv": [26, 16]}
					]
				},
				{
					"name": "leg_front_right_rot",
					"parent": "body",
					"pivot": [-1.8, 3.3125, -2.65]
				},
				{
					"name": "leg_front_right",
					"parent": "leg_front_right_rot",
					"pivot": [-1.8, 4.75, -2.4],
					"rotation": [5, 0, 0],
					"cubes": [
						{"origin": [-2.8, 3.00304, -3.53078], "size": [2, 2, 2], "inflate": 0.01, "uv": [32, 35]}
					]
				},
				{
					"name": "leg_front_right2",
					"parent": "leg_front_right",
					"pivot": [-1.8, 3.99924, -1.44362],
					"rotation": [-12.5, 0, 0],
					"cubes": [
						{"origin": [-2.8, 0.00779, -3.3131], "size": [2, 3, 2], "uv": [24, 35]}
					]
				},
				{
					"name": "leg_front_right3",
					"parent": "leg_front_right2",
					"pivot": [-1.8, 0.99924, -2.44362],
					"rotation": [7.5, 0, 0],
					"cubes": [
						{"origin": [-2.8, -0.25076, -3.69362], "size": [2, 1, 2], "inflate": 0.01, "uv": [38, 33]}
					]
				},
				{
					"name": "leg_front_left_rot",
					"parent": "body",
					"pivot": [1.8, 3.3125, -2.65]
				},
				{
					"name": "leg_front_left",
					"parent": "leg_front_left_rot",
					"pivot": [1.8, 5, -2.4],
					"rotation": [5, 0, 0],
					"cubes": [
						{"origin": [0.8, 3.23396, -3.70902], "size": [2, 2, 2], "inflate": 0.01, "uv": [34, 26]}
					]
				},
				{
					"name": "leg_front_left2",
					"parent": "leg_front_left",
					"pivot": [1.8, 4.23015, -1.62187],
					"rotation": [-12.5, 0, 0],
					"cubes": [
						{"origin": [0.8, 0.23871, -3.49134], "size": [2, 3, 2], "uv": [16, 35]}
					]
				},
				{
					"name": "leg_front_left3",
					"parent": "leg_front_left2",
					"pivot": [1.8, 1.23015, -2.62187],
					"rotation": [7.5, 0, 0],
					"cubes": [
						{"origin": [0.8, -0.01985, -3.87187], "size": [2, 1, 2], "inflate": 0.01, "uv": [38, 30]}
					]
				},
				{
					"name": "leg_back_right",
					"parent": "body",
					"pivot": [-1.85, 6.6, 2.15],
					"rotation": [5, 0, 0],
					"cubes": [
						{"origin": [-2.85, 2.60381, 0.56284], "size": [2, 4, 3], "inflate": 0.01, "uv": [0, 28]}
					]
				},
				{
					"name": "leg_back_right2",
					"parent": "leg_back_right",
					"pivot": [-1.85, 3.6, 2.9],
					"rotation": [-15, 0, 0],
					"cubes": [
						{"origin": [-2.85, -0.13481, 2.07365], "size": [2, 3, 2], "uv": [0, 35]}
					]
				},
				{
					"name": "leg_back_right3",
					"parent": "leg_back_right2",
					"pivot": [-1.85, 1.35, 2.9],
					"rotation": [10, 0, 0],
					"cubes": [
						{"origin": [-2.85, -0.15, 1.65], "size": [2, 1, 2], "inflate": 0.01, "uv": [38, 19]}
					]
				},
				{
					"name": "leg_back_left",
					"parent": "body",
					"pivot": [1.85, 6.6, 2.15],
					"rotation": [5, 0, 0],
					"cubes": [
						{"origin": [0.85, 2.61519, 0.47635], "size": [2, 4, 3], "inflate": 0.01, "uv": [26, 0]}
					]
				},
				{
					"name": "leg_back_left2",
					"parent": "leg_back_left",
					"pivot": [1.85, 3.6, 2.9],
					"rotation": [-15, 0, 0],
					"cubes": [
						{"origin": [0.85, -0.14619, 1.98716], "size": [2, 3, 2], "uv": [8, 34]}
					]
				},
				{
					"name": "leg_back_left3",
					"parent": "leg_back_left2",
					"pivot": [1.85, 1.35, 2.9],
					"rotation": [10, 0, 0],
					"cubes": [
						{"origin": [0.85, -0.14619, 1.56284], "size": [2, 1, 2], "inflate": 0.01, "uv": [36, 3]}
					]
				},
				{
					"name": "leg_back_left_rot",
					"parent": "leg_back_left",
					"pivot": [1.85, 6.6, 2.15]
				},
				{
					"name": "tail",
					"parent": "body",
					"pivot": [0, 5.75, 4.25],
					"cubes": [
						{"origin": [-1, 4.75, 3.75], "size": [2, 2, 4], "inflate": 0.01, "uv": [22, 24]}
					]
				},
				{
					"name": "tail1",
					"parent": "tail",
					"pivot": [0, 5.75, 7.65],
					"cubes": [
						{"origin": [-1, 4.75, 7.25], "size": [2, 2, 4], "uv": [18, 16]}
					]
				},
				{
					"name": "tail2",
					"parent": "tail1",
					"pivot": [0, 5.85, 11],
					"cubes": [
						{"origin": [-1, 4.75, 10.75], "size": [2, 3, 3], "inflate": 0.01, "uv": [10, 28]}
					]
				}
			]
		}
	]
}