{
	"format_version": "1.8.0",
	"animations": {
		"animation.vipena.ground_idle": {
			"loop": true,
			"animation_length": 5.6,
			"bones": {
				"head": {
					"rotation": {
						"0.0": [0, 0, 0],
						"1.4": [-5, 0, 0],
						"2.8": [0, 0, 0],
						"4.2": [5, 0, 0],
						"5.6": [0, 0, 0]
					}
				},
				"bone": {
					"rotation": [0, 0, 0]
				},
				"bone2": {
					"rotation": {
						"0.0": [0, 0, 0],
						"1.4": [0, -12.5, 0],
						"2.8": [0, 0, 0],
						"4.2": [0, 12.5, 0],
						"5.6": [0, 0, 0]
					}
				},
				"bone3": {
					"rotation": {
						"0.0": [0, 0, 0],
						"1.4": [0, -12.5, 0],
						"2.8": [0, 0, 0],
						"4.2": [0, 12.5, 0],
						"5.6": [0, 0, 0]
					}
				}
			}
		},
		"animation.vipena.ground_walk": {
			"loop": true,
			"animation_length": 2,
			"bones": {
				"head": {
					"rotation": {
						"0.0": [0, -20, 0],
						"1.0": [0, 20, 0],
						"2.0": [0, -20, 0]
					},
					"position": {
						"0.0": [0, -1, -1],
						"2.0": [0, -1, -1]
					}
				},
				"bone": {
					"rotation": {
						"0.0": [0, -5, 0],
						"1.0": [0, 0, 0],
						"2.0": [0, -5, 0]
					}
				},
				"bone2": {
					"rotation": {
						"0.0": [0, -20, 0],
						"1.0": [0, 20, 0],
						"2.0": [0, -20, 0]
					}
				},
				"bone3": {
					"rotation": {
						"0.0": [-30, -17.5, 0],
						"1.0": [-30, 17.5, 0],
						"2.0": [-30, -17.5, 0]
					}
				}
			}
		}
	}
}