{
	"format_version": "1.12.0",
	"minecraft:geometry": [
		{
			"description": {
				"identifier": "geometry.marshtomp",
				"texture_width": 64,
				"texture_height": 64,
				"visible_bounds_width": 3,
				"visible_bounds_height": 2.5,
				"visible_bounds_offset": [0, 0.75, 0]
			},
			"bones": [
				{
					"name": "marshtomp",
					"pivot": [0, 0, 0]
				},
				{
					"name": "body",
					"parent": "marshtomp",
					"pivot": [0, 7.5, -1],
					"cubes": [
						{"origin": [-4, 2.5, -3.5], "size": [8, 5, 5], "uv": [18, 12]}
					]
				},
				{
					"name": "torso",
					"parent": "body",
					"pivot": [0, 7.5, -1],
					"cubes": [
						{"origin": [-3.5, 7.5, -3.5], "size": [7, 5, 5], "uv": [13, 22]}
					]
				},
				{
					"name": "head",
					"parent": "torso",
					"pivot": [0, 14, -1.5],
					"cubes": [
						{"origin": [-4.5, 14, -4.75], "size": [9, 5, 7], "uv": [0, 0]},
						{"origin": [3.5, 12, -4.75], "size": [1, 6, 6], "inflate": 0.01, "uv": [38, 33]},
						{"origin": [-4.5, 12, -4.75], "size": [1, 6, 6], "inflate": 0.01, "uv": [38, 16]},
						{"origin": [-4.49, 12, -4.75], "size": [0, 6, 6], "uv": [39, 33]},
						{"origin": [4.49, 12, -4.75], "size": [0, 6, 6], "uv": [38, 16]},
						{"origin": [-4.5, 12, -1.75], "size": [9, 2, 4], "uv": [25, 0]},
						{"origin": [0, 12, -4], "size": [0, 12, 9], "uv": [0, 3]}
					]
				},
				{
					"name": "jaw",
					"parent": "head",
					"pivot": [0, 14, -1.75],
					"cubes": [
						{"origin": [-4.5, 12, -4.76], "size": [9, 2, 3], "inflate": -0.01, "uv": [32, 6]}
					]
				},
				{
					"name": "eye_left",
					"parent": "head",
					"pivot": [2.5, 16, -4.775],
					"rotation": [0, 0, -2.5],
					"cubes": [
						{"origin": [2, 15, -4.575], "size": [1, 2, 0], "inflate": 0.2, "uv": [20, 15]},
						{"origin": [2, 15, -4.876], "size": [1, 2, 1], "inflate": -0.1, "uv": [25, 0]}
					]
				},
				{
					"name": "eye_right",
					"parent": "head",
					"pivot": [-2.5, 16, -4.775],
					"rotation": [0, 0, 2.5],
					"cubes": [
						{"origin": [-3, 15, -4.575], "size": [1, 2, 0], "inflate": 0.2, "uv": [18, 15]},
						{"origin": [-3, 15, -4.876], "size": [1, 2, 1], "inflate": -0.1, "uv": [18, 12]}
					]
				},
				{
					"name": "eyelid_left",
					"parent": "head",
					"pivot": [2.5, 16, -3.975],
					"rotation": [0, 0, -2.5],
					"cubes": [
						{"origin": [2, 15, -4.475], "size": [1, 2, 1], "inflate": 0.21, "uv": [0, 3]}
					]
				},
				{
					"name": "eyelid_right",
					"parent": "head",
					"pivot": [-2.5, 16, -4.275],
					"rotation": [0, 0, 2.5],
					"cubes": [
						{"origin": [-3, 15, -4.475], "size": [1, 2, 1], "inflate": 0.21, "uv": [0, 0]}
					]
				},
				{
					"name": "atenna_left",
					"parent": "head",
					"pivot": [4.5, 14.5, -2],
					"cubes": [
						{"origin": [4.5, 13.5, -2], "size": [4, 2, 0], "uv": [0, 24]}
					]
				},
				{
					"name": "atenna_right",
					"parent": "head",
					"pivot": [-4.5, 14.5, -2],
					"cubes": [
						{"origin": [-8.5, 13.5, -2], "size": [4, 2, 0], "uv": [8, 24]}
					]
				},
				{
					"name": "arm_left",
					"parent": "torso",
					"pivot": [3.5, 11.75, -1],
					"cubes": [
						{"origin": [3.5, 9.75, -3], "size": [5, 2, 4], "inflate": 0.01, "uv": [42, 45]}
					]
				},
				{
					"name": "forearm_left",
					"parent": "arm_left",
					"pivot": [8.5, 11.25, 0.5],
					"cubes": [
						{"origin": [8.5, 9.75, -3.5], "size": [6, 2, 5], "uv": [22, 32]}
					]
				},
				{
					"name": "arm_right",
					"parent": "torso",
					"pivot": [-3.5, 11.75, -1],
					"cubes": [
						{"origin": [-8.5, 9.75, -3], "size": [5, 2, 4], "inflate": 0.01, "uv": [28, 41]}
					]
				},
				{
					"name": "forearm_right",
					"parent": "arm_right",
					"pivot": [-8.5, 11.25, 0.5],
					"cubes": [
						{"origin": [-14.5, 9.75, -3.5], "size": [6, 2, 5], "uv": [0, 32]}
					]
				},
				{
					"name": "tail_fin_right",
					"parent": "torso",
					"pivot": [-1.25, 6.75, 1.5],
					"cubes": [
						{"origin": [-1.25, 2.25, 1.5], "size": [0, 10, 7], "uv": [14, 32]}
					]
				},
				{
					"name": "tail_fin_left",
					"parent": "torso",
					"pivot": [1.25, 6.75, 1.5],
					"cubes": [
						{"origin": [1.25, 2.25, 1.5], "size": [0, 10, 7], "uv": [0, 32]}
					]
				},
				{
					"name": "leg_right",
					"parent": "body",
					"pivot": [-2.25, 4.5, -1],
					"cubes": [
						{"origin": [-3.75, 0, -3], "size": [3, 5, 4], "uv": [46, 11]}
					]
				},
				{
					"name": "leg_left",
					"parent": "body",
					"pivot": [2.25, 4.5, -1],
					"cubes": [
						{"origin": [0.75, 0, -3], "size": [3, 5, 4], "uv": [46, 28]}
					]
				}
			]
		}
	]
}