{
	"format_version": "1.21.0",
	"minecraft:geometry": [
		{
			"description": {
				"identifier": "geometry.pikachu_female",
				"texture_width": 96,
				"texture_height": 96,
				"visible_bounds_width": 8,
				"visible_bounds_height": 4,
				"visible_bounds_offset": [0, 1, 0]
			},
			"bones": [
				{
					"name": "pikachu",
					"pivot": [0, 0, 0]
				},
				{
					"name": "trail",
					"parent": "pikachu",
					"pivot": [0, 8, 6]
				},
				{
					"name": "pikachu2",
					"parent": "trail",
					"pivot": [0, 0, 16]
				},
				{
					"name": "body2",
					"parent": "pikachu2",
					"pivot": [0, 8, 16.5]
				},
				{
					"name": "torso2",
					"parent": "body2",
					"pivot": [0, 5.25, 16.5],
					"cubes": [
						{"origin": [-5, 5.75, 12.5], "size": [10, 4, 8], "uv": [0, 84]},
						{"origin": [-5, 1.75, 12.5], "size": [10, 4, 8], "uv": [0, 84]},
						{"origin": [-5, 1.74, 12.5], "size": [10, 0, 8], "uv": [-8, 88]},
						{"origin": [-4.5, 9.75, 13], "size": [9, 2, 7], "uv": [0, 87]}
					]
				},
				{
					"name": "head2",
					"parent": "torso2",
					"pivot": [0, 12.25, 16.25],
					"cubes": [
						{"origin": [-4.5, 11.25, 12.25], "size": [9, 8, 8], "inflate": 0.01, "uv": [0, 80]},
						{"origin": [0.4, 17.35, 11.75], "size": [1.8, 0.3, 1], "inflate": 0.01, "pivot": [2.5, 16.65, 12.75], "rotation": [0, 0, -24], "uv": [10, 92]},
						{"origin": [1.8, 17.15, 11.75], "size": [2.5, 0.3, 1], "inflate": 0.01, "uv": [10, 80]},
						{"origin": [4.3, 14.15, 11.75], "size": [0.3, 3.3, 1], "inflate": 0.01, "uv": [11, 92]},
						{"origin": [1.3, 15.45, 12.05], "size": [3, 1.7, 0], "inflate": 0.01, "uv": [7, 91]},
						{"origin": [-4.3, 15.45, 12.05], "size": [3, 1.7, 0], "inflate": 0.01, "uv": [7, 91]},
						{"origin": [1.3, 14.45, 12.05], "size": [3, 1, 0], "inflate": 0.01, "uv": [21, 91]},
						{"origin": [-4.3, 14.45, 12.05], "size": [3, 1, 0], "inflate": 0.01, "uv": [21, 91]},
						{"origin": [0.8, 15.45, 12.05], "size": [0.5, 1.4, 0], "inflate": 0.01, "uv": [7, 91]},
						{"origin": [-1.3, 15.45, 12.05], "size": [0.5, 1.4, 0], "inflate": 0.01, "uv": [7, 91]},
						{"origin": [-0.8, 15.45, 12.05], "size": [1.6, 1.2, 0], "inflate": 0.01, "uv": [7, 91]},
						{"origin": [0.8, 14.75, 12.05], "size": [0.5, 0.7, 0], "inflate": 0.01, "uv": [18, 90]},
						{"origin": [-0.8, 14.95, 12.05], "size": [1.6, 0.5, 0], "inflate": 0.01, "uv": [18, 90]},
						{"origin": [-1.3, 14.75, 12.05], "size": [0.5, 0.7, 0], "inflate": 0.01, "uv": [18, 90]},
						{"origin": [1.9, 14.15, 11.75], "size": [2.4, 0.3, 1], "inflate": 0.01, "uv": [9, 90]},
						{"origin": [0.4, 13.95, 11.75], "size": [1.8, 0.3, 1], "inflate": 0.01, "pivot": [2.5, 14.85, 12.75], "rotation": [0, 0, 24], "uv": [9, 90]},
						{"origin": [-4.6, 14.15, 11.75], "size": [0.3, 3.3, 1], "inflate": 0.01, "uv": [7, 92], "mirror": true},
						{"origin": [-4.3, 17.15, 11.75], "size": [2.5, 0.3, 1], "inflate": 0.01, "uv": [12, 85], "mirror": true},
						{"origin": [-0.3, 16.43, 11.75], "size": [0.7, 0.3, 1], "inflate": 0.01, "uv": [12, 85], "mirror": true},
						{"origin": [-0.3, 14.87, 11.75], "size": [0.7, 0.3, 1], "inflate": 0.01, "uv": [10, 90], "mirror": true},
						{"origin": [-2.2, 17.35, 11.75], "size": [1.8, 0.3, 1], "inflate": 0.01, "pivot": [-2.5, 16.65, 12.75], "rotation": [0, 0, 24], "uv": [10, 90], "mirror": true},
						{"origin": [-2.2, 13.95, 11.75], "size": [1.8, 0.3, 1], "inflate": 0.01, "pivot": [-2.5, 14.85, 12.75], "rotation": [0, 0, -24], "uv": [10, 90], "mirror": true},
						{"origin": [-4.3, 14.15, 11.75], "size": [2.4, 0.3, 1], "inflate": 0.01, "uv": [10, 90], "mirror": true},
						{"origin": [-0.5, 13.33, 11.47], "size": [1, 1, 1], "pivot": [0, 13.7, 12.5], "rotation": [12.5, 0, 0], "uv": [10, 91]},
						{"origin": [-4.5, 11.3, 11.5], "size": [9, 3, 2], "inflate": 0.02, "pivot": [-0.5, 13.7, 12.5], "rotation": [12.5, 0, 0], "uv": [0, 91]}
					]
				},
				{
					"name": "ear_left2",
					"parent": "head2",
					"pivot": [3.65, 18, 16.425],
					"cubes": [
						{"origin": [2, 17.5, 16.35], "size": [3, 10, 0], "pivot": [3.65, 18, 16.425], "rotation": [-15, -30, 35], "uv": [11, 86]}
					]
				},
				{
					"name": "ear_right2",
					"parent": "head2",
					"pivot": [-3.65, 18, 16.425],
					"cubes": [
						{"origin": [-5, 17.5, 16.35], "size": [3, 10, 0], "pivot": [-3.65, 18, 16.425], "rotation": [-15, 30, -35], "uv": [7, 86], "mirror": true}
					]
				},
				{
					"name": "arm_right2",
					"parent": "torso2",
					"pivot": [-4.5, 10.5, 15.5],
					"cubes": [
						{"origin": [-10.5, 9, 14], "size": [6, 3, 3], "uv": [4, 85], "mirror": true}
					]
				},
				{
					"name": "gun3",
					"parent": "arm_right2",
					"pivot": [-9.5, 8.92351, 15.34422],
					"rotation": [90, 0, 90],
					"cubes": [
						{"origin": [-9.87, 9.5, 13.24], "size": [0.74, 0.9, 0.14], "uv": [36, 94]},
						{"origin": [-9.87, 9.5, 12.14], "size": [0.74, 1.04, 0.14], "uv": [8, 94]},
						{"origin": [-9.87, 9.5, 12.28], "size": [0.74, 0.14, 1.04], "uv": [19, 90]},
						{"origin": [-9.87, 10.4, 12.14], "size": [0.74, 0.14, 1.25], "uv": [7, 93]},
						{"origin": [-9.815, 9.49, 12.13], "size": [0.63, 1.05, 1.26], "uv": [14, 94]},
						{"origin": [-9.915, 9.69, 12.43], "size": [0.83, 0.65, 0.35], "uv": [8, 94]},
						{"origin": [-9.915, 9.84, 12.78], "size": [0.83, 0.5, 0.35], "uv": [8, 94]},
						{"origin": [-9.915, 9.69, 12.98], "size": [0.83, 0.15, 0.15], "uv": [22, 92]},
						{"origin": [-9.915, 9.69, 12.78], "size": [0.83, 0.15, 0.2], "uv": [8, 95]},
						{"origin": [-9.815, 10.33, 10.87], "size": [0.63, 0.42, 0.42], "uv": [9, 87]},
						{"origin": [-9.815, 10.54, 10.66], "size": [0.63, 0.42, 0.21], "uv": [7, 95]},
						{"origin": [-9.71, 11.38, 10.87], "size": [0.42, 0.42, 0.21], "uv": [8, 95]},
						{"origin": [-9.71, 11.38, 11.08], "size": [0.42, 0.21, 0.21], "uv": [8, 95]},
						{"origin": [-9.71, 11.38, 11.29], "size": [0.42, 0.063, 3.36], "uv": [5, 92]},
						{"origin": [-9.71, 10.96, 14.65], "size": [0.42, 0.42, 0.21], "uv": [7, 95]},
						{"origin": [-9.71, 11.38, 14.86], "size": [0.42, 0.105, 0.42], "uv": [8, 95]},
						{"origin": [-9.815, 10.015, 10.45], "size": [0.63, 0.42, 0.42], "uv": [9, 87]},
						{"origin": [-9.752, 10.393, 10.345], "size": [0.504, 0.504, 0.105], "uv": [7, 95]},
						{"origin": [-9.647, 10.897, 10.345], "size": [0.294, 0.21, 0.105], "uv": [7, 95]},
						{"origin": [-9.71, 10.435, 10.135], "size": [0.42, 0.42, 0.735], "uv": [7, 95]},
						{"origin": [-9.71, 9.7, 13.39], "size": [0.42, 0.21, 0.42], "uv": [9, 87]},
						{"origin": [-9.815, 10.12, 13.81], "size": [0.63, 0.42, 1.26], "uv": [8, 86]},
						{"origin": [-9.815, 9.91, 14.23], "size": [0.63, 0.21, 0.42], "uv": [8, 87]},
						{"origin": [-9.815, 9.7, 14.65], "size": [0.63, 0.42, 1.26], "uv": [8, 86]},
						{"origin": [-9.815, 9.595, 15.49], "size": [0.63, 0.105, 0.42], "uv": [9, 87]},
						{"origin": [-9.71, 9.28, 14.65], "size": [0.42, 0.42, 0.63], "uv": [8, 88]},
						{"origin": [-9.605, 9.7, 14.02], "size": [0.21, 0.42, 0.63], "uv": [7, 95]},
						{"origin": [-9.605, 9.28, 14.23], "size": [0.21, 0.42, 0.21], "uv": [7, 95]},
						{"origin": [-9.605, 9.49, 14.44], "size": [0.21, 0.21, 0.21], "uv": [7, 95]},
						{"origin": [-9.71, 7.49084, 14.47526], "size": [0.42, 1.26, 0.315], "pivot": [-9.5, 9.71861, 13.18], "rotation": [22.5, 0, 0], "uv": [7, 92]},
						{"origin": [-9.71, 8.51984, 14.79026], "size": [0.42, 0.126, 0.21], "pivot": [-9.5, 9.71861, 13.18], "rotation": [22.5, 0, 0], "uv": [13, 87]},
						{"origin": [-9.815, 7.29814, 14.91901], "size": [0.63, 1.38, 0.735], "pivot": [-9.5, 9.71861, 13.18], "rotation": [22.5, 0, 0], "uv": [9, 88]},
						{"origin": [-9.815, 8.6581, 14.91901], "size": [0.63, 0.38, 0.735], "pivot": [-9.5, 9.71861, 13.18], "rotation": [22.5, 0, 0], "uv": [9, 86]},
						{"origin": [-9.71, 7.50814, 14.18401], "size": [0.42, 0.315, 0.315], "pivot": [-9.5, 9.71861, 13.18], "rotation": [22.5, 0, 0], "uv": [7, 93]},
						{"origin": [-9.71, 7.50814, 14.70901], "size": [0.42, 0.105, 0.21], "pivot": [-9.5, 9.71861, 13.18], "rotation": [22.5, 0, 0], "uv": [13, 87]},
						{"origin": [-9.71, 8.87826, 14.11873], "size": [0.42, 0.21, 1.365], "pivot": [-9.5, 9.71861, 13.18], "rotation": [-22.5, 0, 0], "uv": [6, 92]},
						{"origin": [-9.857, 8.87826, 14.01373], "size": [0.714, 0.21, 0.21], "pivot": [-9.5, 9.71861, 13.18], "rotation": [-22.5, 0, 0], "uv": [7, 95]},
						{"origin": [-9.71, 8.46061, 13.23155], "size": [0.42, 0.42, 0.315], "pivot": [-9.5, 9.71861, 13.18], "rotation": [22.5, 0, 0], "uv": [14, 87]},
						{"origin": [-9.7625, 7.29814, 14.27901], "size": [0.525, 0.21, 0.84], "pivot": [-9.5, 9.71861, 13.18], "rotation": [22.5, 0, 0], "uv": [9, 88]},
						{"origin": [-9.7625, 7.14754, 14.16811], "size": [0.525, 0.168, 0.252], "pivot": [-9.5, 9.71861, 13.18], "rotation": [22.5, 0, 0], "uv": [7, 95]},
						{"origin": [-9.7625, 8.59929, 14.01671], "size": [0.525, 0.315, 1.68], "pivot": [-9.5, 9.71861, 13.18], "rotation": [-22.5, 0, 0], "uv": [7, 94]},
						{"origin": [-9.815, 7.08814, 14.39401], "size": [0.63, 0.21, 1.26], "pivot": [-9.5, 9.71861, 13.18], "rotation": [22.5, 0, 0], "uv": [7, 94]},
						{"origin": [-9.815, 10.12, 15.49], "size": [0.63, 0.21, 0.42], "uv": [9, 87]},
						{"origin": [-9.71, 10.75, 15.49], "size": [0.42, 0.525, 0.525], "uv": [14, 94]},
						{"origin": [-9.815, 10.54, 15.595], "size": [0.63, 0.21, 0.525], "uv": [8, 88]},
						{"origin": [-9.605, 10.75, 15.595], "size": [0.21, 0.315, 0.525], "uv": [8, 88]},
						{"origin": [-9.71, 10.12, 15.91], "size": [0.42, 0.42, 0.105], "uv": [8, 88]},
						{"origin": [-9.92, 10.54, 12.13], "size": [0.84, 0.21, 1.26], "uv": [13, 93]},
						{"origin": [-9.92, 9.91, 13.39], "size": [0.84, 0.84, 0.42], "uv": [14, 94]},
						{"origin": [-9.815, 11.05, 12.13], "size": [0.63, 0.33, 1.26], "uv": [13, 93]},
						{"origin": [-9.815, 10.75, 12.13], "size": [0.63, 0.33, 1.3], "uv": [12, 93]},
						{"origin": [-9.815, 11.05, 13.39], "size": [0.63, 0.33, 1.26], "uv": [13, 93]},
						{"origin": [-9.815, 10.75, 13.79], "size": [0.63, 0.33, 0.86], "uv": [15, 94]},
						{"origin": [-9.815, 10.75, 13.73], "size": [0.63, 0.3, 0.06], "uv": [8, 96]},
						{"origin": [-9.815, 10.75, 13.67], "size": [0.63, 0.33, 0.06], "uv": [13, 94]},
						{"origin": [-9.815, 10.75, 13.6], "size": [0.63, 0.3, 0.06], "uv": [8, 96]},
						{"origin": [-9.815, 10.75, 13.48], "size": [0.63, 0.3, 0.06], "uv": [8, 96]},
						{"origin": [-9.815, 10.75, 13.54], "size": [0.63, 0.33, 0.06], "uv": [13, 94]},
						{"origin": [-9.815, 10.75, 13.42], "size": [0.63, 0.33, 0.06], "uv": [13, 94]},
						{"origin": [-9.815, 10.75, 15.07], "size": [0.63, 0.63, 0.42], "uv": [14, 94]},
						{"origin": [-9.815, 10.75, 14.86], "size": [0.63, 0.63, 0.21], "uv": [14, 94]},
						{"origin": [-9.815, 10.75, 14.65], "size": [0.63, 0.21, 0.21], "uv": [14, 94]},
						{"origin": [-9.815, 11.17, 10.87], "size": [0.63, 0.21, 1.26], "uv": [13, 93]},
						{"origin": [-9.815, 10.75, 11.29], "size": [0.63, 0.21, 0.84], "uv": [14, 94]},
						{"origin": [-9.71, 10.75, 11.08], "size": [0.42, 0.42, 0.25], "uv": [9, 87]},
						{"origin": [-9.71, 10.75, 11.28], "size": [0.42, 0.42, 1.25], "uv": [20, 89]},
						{"origin": [-9.815, 10.75, 10.87], "size": [0.63, 0.42, 0.21], "uv": [14, 94]},
						{"origin": [-9.92, 10.12, 11.71], "size": [0.84, 0.63, 0.42], "uv": [14, 94]},
						{"origin": [-9.92, 10.33, 11.29], "size": [0.84, 0.42, 0.42], "uv": [14, 94]},
						{"origin": [-9.92, 9.91, 11.08], "size": [0.84, 0.42, 0.63], "uv": [20, 92]},
						{"origin": [-9.71, 9.49, 10.87], "size": [0.42, 0.42, 0.21], "uv": [9, 88]},
						{"origin": [-9.815, 9.91, 10.87], "size": [0.63, 0.42, 0.21], "uv": [20, 92]},
						{"origin": [-9.71, 9.07, 11.08], "size": [0.42, 0.42, 0.21], "uv": [13, 87]},
						{"origin": [-9.815, 9.49, 11.08], "size": [0.63, 0.42, 0.42], "uv": [9, 88]},
						{"origin": [-9.71, 8.86, 11.29], "size": [0.42, 0.21, 0.42], "uv": [14, 87]},
						{"origin": [-9.815, 9.07, 11.29], "size": [0.63, 0.42, 0.42], "uv": [13, 87]},
						{"origin": [-9.71, 8.65, 11.71], "size": [0.42, 0.21, 0.84], "uv": [7, 95]},
						{"origin": [-9.815, 8.86, 11.71], "size": [0.63, 0.21, 0.84], "uv": [14, 87]},
						{"origin": [-9.857, 8.755, 13.075], "size": [0.714, 0.21, 0.21], "uv": [8, 95]},
						{"origin": [-9.857, 9.385, 11.185], "size": [0.714, 0.21, 0.21], "uv": [14, 94]},
						{"origin": [-9.71, 8.44, 12.55], "size": [0.42, 0.21, 1.26], "uv": [7, 95]},
						{"origin": [-9.815, 8.65, 12.55], "size": [0.63, 0.21, 1.26], "uv": [6, 94]},
						{"origin": [-9.815, 8.86, 12.97], "size": [0.63, 0.21, 0.42], "uv": [13, 87]},
						{"origin": [-9.92, 9.28, 11.5], "size": [0.84, 0.63, 0.21], "uv": [9, 88]},
						{"origin": [-9.92, 9.7, 11.29], "size": [0.84, 0.21, 0.21], "uv": [16, 94]},
						{"origin": [-9.92, 9.07, 11.71], "size": [0.84, 0.55, 0.42], "uv": [13, 87]},
						{"origin": [-9.92, 9.57, 11.71], "size": [0.84, 0.55, 0.42], "uv": [9, 88]},
						{"origin": [-9.92, 8.86, 12.55], "size": [0.84, 0.63, 0.42], "uv": [14, 87]},
						{"origin": [-9.92, 9.07, 12.13], "size": [0.84, 0.42, 0.42], "uv": [14, 87]},
						{"origin": [-9.92, 9.07, 12.97], "size": [0.84, 0.42, 0.42], "uv": [14, 87]},
						{"origin": [-9.92, 8.86, 13.39], "size": [0.84, 0.6, 0.42], "uv": [14, 87]},
						{"origin": [-9.92, 9.46, 13.39], "size": [0.84, 0.24, 0.42], "uv": [9, 88]},
						{"origin": [-9.92, 10.33, 13.81], "size": [0.84, 0.42, 0.42], "uv": [14, 94]},
						{"origin": [-9.92, 10.12, 15.07], "size": [0.84, 0.63, 0.42], "uv": [14, 94]},
						{"origin": [-9.92, 10.33, 15.49], "size": [0.84, 0.42, 0.42], "uv": [14, 94]},
						{"origin": [-9.815, 10.75, 15.49], "size": [0.63, 0.42, 0.42], "uv": [14, 94]},
						{"origin": [-9.92, 10.54, 14.23], "size": [0.84, 0.21, 0.84], "uv": [14, 94]}
					]
				},
				{
					"name": "arm_left2",
					"parent": "torso2",
					"pivot": [4.5, 10.5, 15.5],
					"cubes": [
						{"origin": [4.5, 9, 14], "size": [6, 3, 3], "uv": [8, 86]}
					]
				},
				{
					"name": "gun4",
					"parent": "arm_left2",
					"pivot": [9.5, 8.92351, 15.34422],
					"rotation": [90, 0, -90],
					"cubes": [
						{"origin": [9.13, 9.5, 13.24], "size": [0.74, 0.9, 0.14], "uv": [20, 92], "mirror": true},
						{"origin": [9.13, 9.5, 12.14], "size": [0.74, 1.04, 0.14], "uv": [16, 94], "mirror": true},
						{"origin": [9.13, 9.5, 12.28], "size": [0.74, 0.14, 1.04], "uv": [20, 92], "mirror": true},
						{"origin": [9.13, 10.4, 12.14], "size": [0.74, 0.14, 1.25], "uv": [15, 93], "mirror": true},
						{"origin": [9.185, 9.49, 12.13], "size": [0.63, 1.05, 1.26], "uv": [10, 84], "mirror": true},
						{"origin": [9.085, 9.69, 12.43], "size": [0.83, 0.65, 0.35], "uv": [16, 94], "mirror": true},
						{"origin": [9.085, 9.84, 12.78], "size": [0.83, 0.5, 0.35], "uv": [16, 94], "mirror": true},
						{"origin": [9.085, 9.69, 12.98], "size": [0.83, 0.15, 0.15], "uv": [23, 94], "mirror": true},
						{"origin": [9.085, 9.69, 12.78], "size": [0.83, 0.15, 0.2], "uv": [16, 95], "mirror": true},
						{"origin": [9.185, 10.33, 10.87], "size": [0.63, 0.42, 0.42], "uv": [13, 89], "mirror": true},
						{"origin": [9.185, 10.54, 10.66], "size": [0.63, 0.42, 0.21], "uv": [15, 95], "mirror": true},
						{"origin": [9.29, 11.38, 10.87], "size": [0.42, 0.42, 0.21], "uv": [16, 95], "mirror": true},
						{"origin": [9.29, 11.38, 11.08], "size": [0.42, 0.21, 0.21], "uv": [16, 95], "mirror": true},
						{"origin": [9.29, 11.38, 11.29], "size": [0.42, 0.063, 3.36], "uv": [13, 92], "mirror": true},
						{"origin": [9.29, 10.96, 14.65], "size": [0.42, 0.42, 0.21], "uv": [15, 95], "mirror": true},
						{"origin": [9.29, 11.38, 14.86], "size": [0.42, 0.105, 0.42], "uv": [16, 95], "mirror": true},
						{"origin": [9.185, 10.015, 10.45], "size": [0.63, 0.42, 0.42], "uv": [13, 89], "mirror": true},
						{"origin": [9.248, 10.393, 10.345], "size": [0.504, 0.504, 0.105], "uv": [15, 95], "mirror": true},
						{"origin": [9.353, 10.897, 10.345], "size": [0.294, 0.21, 0.105], "uv": [15, 95], "mirror": true},
						{"origin": [9.29, 10.435, 10.135], "size": [0.42, 0.42, 0.735], "uv": [15, 95], "mirror": true},
						{"origin": [9.29, 9.7, 13.39], "size": [0.42, 0.21, 0.42], "uv": [13, 89], "mirror": true},
						{"origin": [9.185, 10.12, 13.81], "size": [0.63, 0.42, 1.26], "uv": [12, 88], "mirror": true},
						{"origin": [9.185, 9.91, 14.23], "size": [0.63, 0.21, 0.42], "uv": [12, 89], "mirror": true},
						{"origin": [9.185, 9.7, 14.65], "size": [0.63, 0.42, 1.26], "uv": [12, 88], "mirror": true},
						{"origin": [9.185, 9.595, 15.49], "size": [0.63, 0.105, 0.42], "uv": [13, 89], "mirror": true},
						{"origin": [9.29, 9.28, 14.65], "size": [0.42, 0.42, 0.63], "uv": [11, 85], "mirror": true},
						{"origin": [9.395, 9.7, 14.02], "size": [0.21, 0.42, 0.63], "uv": [15, 95], "mirror": true},
						{"origin": [9.395, 9.28, 14.23], "size": [0.21, 0.42, 0.21], "uv": [15, 95], "mirror": true},
						{"origin": [9.395, 9.49, 14.44], "size": [0.21, 0.21, 0.21], "uv": [15, 95], "mirror": true},
						{"origin": [9.29, 7.49084, 14.47526], "size": [0.42, 1.26, 0.315], "pivot": [9.5, 9.71861, 13.18], "rotation": [22.5, 0, 0], "uv": [18, 89], "mirror": true},
						{"origin": [9.29, 8.51984, 14.79026], "size": [0.42, 0.126, 0.21], "pivot": [9.5, 9.71861, 13.18], "rotation": [22.5, 0, 0], "uv": [17, 89], "mirror": true},
						{"origin": [9.185, 7.29814, 14.91901], "size": [0.63, 1.38, 0.735], "pivot": [9.5, 9.71861, 13.18], "rotation": [22.5, 0, 0], "uv": [12, 85], "mirror": true},
						{"origin": [9.185, 8.6581, 14.91901], "size": [0.63, 0.38, 0.735], "pivot": [9.5, 9.71861, 13.18], "rotation": [22.5, 0, 0], "uv": [13, 88], "mirror": true},
						{"origin": [9.29, 7.50814, 14.18401], "size": [0.42, 0.315, 0.315], "pivot": [9.5, 9.71861, 13.18], "rotation": [22.5, 0, 0], "uv": [18, 90], "mirror": true},
						{"origin": [9.29, 7.50814, 14.70901], "size": [0.42, 0.105, 0.21], "pivot": [9.5, 9.71861, 13.18], "rotation": [22.5, 0, 0], "uv": [17, 89], "mirror": true},
						{"origin": [9.29, 8.87826, 14.11873], "size": [0.42, 0.21, 1.365], "pivot": [9.5, 9.71861, 13.18], "rotation": [-22.5, 0, 0], "uv": [17, 89], "mirror": true},
						{"origin": [9.143, 8.87826, 14.01373], "size": [0.714, 0.21, 0.21], "pivot": [9.5, 9.71861, 13.18], "rotation": [-22.5, 0, 0], "uv": [15, 95], "mirror": true},
						{"origin": [9.29, 8.46061, 13.23155], "size": [0.42, 0.42, 0.315], "pivot": [9.5, 9.71861, 13.18], "rotation": [22.5, 0, 0], "uv": [18, 89], "mirror": true},
						{"origin": [9.2375, 7.29814, 14.27901], "size": [0.525, 0.21, 0.84], "pivot": [9.5, 9.71861, 13.18], "rotation": [22.5, 0, 0], "uv": [12, 85], "mirror": true},
						{"origin": [9.2375, 7.14754, 14.16811], "size": [0.525, 0.168, 0.252], "pivot": [9.5, 9.71861, 13.18], "rotation": [22.5, 0, 0], "uv": [10, 92], "mirror": true},
						{"origin": [9.2375, 8.59929, 14.01671], "size": [0.525, 0.315, 1.68], "pivot": [9.5, 9.71861, 13.18], "rotation": [-22.5, 0, 0], "uv": [10, 91], "mirror": true},
						{"origin": [9.185, 7.08814, 14.39401], "size": [0.63, 0.21, 1.26], "pivot": [9.5, 9.71861, 13.18], "rotation": [22.5, 0, 0], "uv": [15, 94], "mirror": true},
						{"origin": [9.185, 10.12, 15.49], "size": [0.63, 0.21, 0.42], "uv": [13, 89], "mirror": true},
						{"origin": [9.29, 10.75, 15.49], "size": [0.42, 0.525, 0.525], "uv": [17, 91], "mirror": true},
						{"origin": [9.185, 10.54, 15.595], "size": [0.63, 0.21, 0.525], "uv": [11, 85], "mirror": true},
						{"origin": [9.395, 10.75, 15.595], "size": [0.21, 0.315, 0.525], "uv": [11, 85], "mirror": true},
						{"origin": [9.29, 10.12, 15.91], "size": [0.42, 0.42, 0.105], "uv": [11, 85], "mirror": true},
						{"origin": [9.08, 10.54, 12.13], "size": [0.84, 0.21, 1.26], "uv": [16, 90], "mirror": true},
						{"origin": [9.08, 9.91, 13.39], "size": [0.84, 0.84, 0.42], "uv": [17, 91], "mirror": true},
						{"origin": [9.185, 11.05, 12.13], "size": [0.63, 0.33, 1.26], "uv": [16, 90], "mirror": true},
						{"origin": [9.185, 10.75, 12.13], "size": [0.63, 0.33, 1.3], "uv": [15, 90], "mirror": true},
						{"origin": [9.185, 11.05, 13.39], "size": [0.63, 0.33, 1.26], "uv": [16, 90], "mirror": true},
						{"origin": [9.185, 10.75, 13.79], "size": [0.63, 0.33, 0.86], "uv": [18, 91], "mirror": true},
						{"origin": [9.185, 10.75, 13.73], "size": [0.63, 0.3, 0.06], "uv": [11, 93], "mirror": true},
						{"origin": [9.185, 10.75, 13.67], "size": [0.63, 0.33, 0.06], "uv": [16, 91], "mirror": true},
						{"origin": [9.185, 10.75, 13.6], "size": [0.63, 0.3, 0.06], "uv": [11, 93], "mirror": true},
						{"origin": [9.185, 10.75, 13.48], "size": [0.63, 0.3, 0.06], "uv": [11, 93], "mirror": true},
						{"origin": [9.185, 10.75, 13.54], "size": [0.63, 0.33, 0.06], "uv": [16, 91], "mirror": true},
						{"origin": [9.185, 10.75, 13.42], "size": [0.63, 0.33, 0.06], "uv": [16, 91], "mirror": true},
						{"origin": [9.185, 10.75, 15.07], "size": [0.63, 0.63, 0.42], "uv": [17, 91], "mirror": true},
						{"origin": [9.185, 10.75, 14.86], "size": [0.63, 0.63, 0.21], "uv": [17, 91], "mirror": true},
						{"origin": [9.185, 10.75, 14.65], "size": [0.63, 0.21, 0.21], "uv": [17, 91], "mirror": true},
						{"origin": [9.185, 11.17, 10.87], "size": [0.63, 0.21, 1.26], "uv": [16, 90], "mirror": true},
						{"origin": [9.185, 10.75, 11.29], "size": [0.63, 0.21, 0.84], "uv": [17, 91], "mirror": true},
						{"origin": [9.29, 10.75, 11.08], "size": [0.42, 0.42, 0.25], "uv": [13, 89], "mirror": true},
						{"origin": [9.29, 10.75, 11.28], "size": [0.42, 0.42, 1.25], "uv": [21, 91], "mirror": true},
						{"origin": [9.185, 10.75, 10.87], "size": [0.63, 0.42, 0.21], "uv": [17, 91], "mirror": true},
						{"origin": [9.08, 10.12, 11.71], "size": [0.84, 0.63, 0.42], "uv": [17, 91], "mirror": true},
						{"origin": [9.08, 10.33, 11.29], "size": [0.84, 0.42, 0.42], "uv": [17, 91], "mirror": true},
						{"origin": [9.08, 9.91, 11.08], "size": [0.84, 0.42, 0.63], "uv": [23, 89], "mirror": true},
						{"origin": [9.29, 9.49, 10.87], "size": [0.42, 0.42, 0.21], "uv": [12, 85], "mirror": true},
						{"origin": [9.185, 9.91, 10.87], "size": [0.63, 0.42, 0.21], "uv": [23, 89], "mirror": true},
						{"origin": [9.29, 9.07, 11.08], "size": [0.42, 0.42, 0.21], "uv": [17, 89], "mirror": true},
						{"origin": [9.185, 9.49, 11.08], "size": [0.63, 0.42, 0.42], "uv": [12, 85], "mirror": true},
						{"origin": [9.29, 8.86, 11.29], "size": [0.42, 0.21, 0.42], "uv": [18, 89], "mirror": true},
						{"origin": [9.185, 9.07, 11.29], "size": [0.63, 0.42, 0.42], "uv": [17, 89], "mirror": true},
						{"origin": [9.29, 8.65, 11.71], "size": [0.42, 0.21, 0.84], "uv": [10, 92], "mirror": true},
						{"origin": [9.185, 8.86, 11.71], "size": [0.63, 0.21, 0.84], "uv": [18, 89], "mirror": true},
						{"origin": [9.143, 8.755, 13.075], "size": [0.714, 0.21, 0.21], "uv": [16, 95], "mirror": true},
						{"origin": [9.143, 9.385, 11.185], "size": [0.714, 0.21, 0.21], "uv": [17, 91], "mirror": true},
						{"origin": [9.29, 8.44, 12.55], "size": [0.42, 0.21, 1.26], "uv": [10, 92], "mirror": true},
						{"origin": [9.185, 8.65, 12.55], "size": [0.63, 0.21, 1.26], "uv": [9, 91], "mirror": true},
						{"origin": [9.185, 8.86, 12.97], "size": [0.63, 0.21, 0.42], "uv": [17, 89], "mirror": true},
						{"origin": [9.08, 9.28, 11.5], "size": [0.84, 0.63, 0.21], "uv": [12, 85], "mirror": true},
						{"origin": [9.08, 9.7, 11.29], "size": [0.84, 0.21, 0.21], "uv": [12, 84], "mirror": true},
						{"origin": [9.08, 9.07, 11.71], "size": [0.84, 0.55, 0.42], "uv": [17, 89], "mirror": true},
						{"origin": [9.08, 9.57, 11.71], "size": [0.84, 0.55, 0.42], "uv": [12, 85], "mirror": true},
						{"origin": [9.08, 8.86, 12.55], "size": [0.84, 0.63, 0.42], "uv": [18, 89], "mirror": true},
						{"origin": [9.08, 9.07, 12.13], "size": [0.84, 0.42, 0.42], "uv": [18, 89], "mirror": true},
						{"origin": [9.08, 9.07, 12.97], "size": [0.84, 0.42, 0.42], "uv": [18, 89], "mirror": true},
						{"origin": [9.08, 8.86, 13.39], "size": [0.84, 0.6, 0.42], "uv": [18, 89], "mirror": true},
						{"origin": [9.08, 9.46, 13.39], "size": [0.84, 0.24, 0.42], "uv": [12, 85], "mirror": true},
						{"origin": [9.08, 10.33, 13.81], "size": [0.84, 0.42, 0.42], "uv": [17, 91], "mirror": true},
						{"origin": [9.08, 10.12, 15.07], "size": [0.84, 0.63, 0.42], "uv": [17, 91], "mirror": true},
						{"origin": [9.08, 10.33, 15.49], "size": [0.84, 0.42, 0.42], "uv": [17, 91], "mirror": true},
						{"origin": [9.185, 10.75, 15.49], "size": [0.63, 0.42, 0.42], "uv": [17, 91], "mirror": true},
						{"origin": [9.08, 10.54, 14.23], "size": [0.84, 0.21, 0.84], "uv": [17, 91], "mirror": true}
					]
				},
				{
					"name": "tail2",
					"parent": "torso2",
					"pivot": [0, 2.75, 19.5],
					"cubes": [
						{"origin": [0, 1.75, 19], "size": [0, 9, 10], "uv": [4, 77]},
						{"origin": [0, 10.74, 22], "size": [0, 7, 13], "uv": [2, 76]}
					]
				},
				{
					"name": "leg_right2",
					"parent": "body2",
					"pivot": [-4, 5.25, 16.5],
					"cubes": [
						{"origin": [-6, 1.5, 13.5], "size": [4, 6, 6], "pivot": [-4, 4.5, 16], "rotation": [-10, 0, 0], "uv": [1, 84]}
					]
				},
				{
					"name": "foot_right2",
					"parent": "leg_right2",
					"pivot": [-3.75, 2, 16.75],
					"cubes": [
						{"origin": [-4.75, 1, 15.25], "size": [2, 2, 3], "uv": [0, 91]},
						{"origin": [-5.25, 0, 14.5], "size": [3, 1, 4], "uv": [0, 85], "mirror": true}
					]
				},
				{
					"name": "toes_right2",
					"parent": "foot_right2",
					"pivot": [-3.75, 0, 14.5],
					"cubes": [
						{"origin": [-5.25, 0, 13.5], "size": [3, 1, 1], "uv": [7, 90], "mirror": true}
					]
				},
				{
					"name": "leg_left2",
					"parent": "body2",
					"pivot": [4, 5.25, 16.5],
					"cubes": [
						{"origin": [2, 1.5, 13.5], "size": [4, 6, 6], "pivot": [4, 4.5, 16], "rotation": [-10, 0, 0], "uv": [0, 84], "mirror": true}
					]
				},
				{
					"name": "foot_left2",
					"parent": "leg_left2",
					"pivot": [3.75, 2, 16.75],
					"cubes": [
						{"origin": [2.75, 1, 15.25], "size": [2, 2, 3], "uv": [0, 91], "mirror": true},
						{"origin": [2.25, 0, 14.5], "size": [3, 1, 4], "uv": [0, 86]}
					]
				},
				{
					"name": "toes_left2",
					"parent": "foot_left2",
					"pivot": [3.75, 0, 14.5],
					"cubes": [
						{"origin": [2.25, 0, 13.5], "size": [3, 1, 1], "uv": [17, 92]}
					]
				},
				{
					"name": "pikachu3",
					"parent": "trail",
					"pivot": [0, 0, 36]
				},
				{
					"name": "body3",
					"parent": "pikachu3",
					"pivot": [0, 8, 36.5]
				},
				{
					"name": "torso3",
					"parent": "body3",
					"pivot": [0, 5.25, 36.5],
					"cubes": [
						{"origin": [-5, 5.75, 32.5], "size": [10, 4, 8], "uv": [0, 84]},
						{"origin": [-5, 1.75, 32.5], "size": [10, 4, 8], "uv": [0, 84]},
						{"origin": [-5, 1.74, 32.5], "size": [10, 0, 8], "uv": [-8, 88]},
						{"origin": [-4.5, 9.75, 33], "size": [9, 2, 7], "uv": [0, 87]}
					]
				},
				{
					"name": "head3",
					"parent": "torso3",
					"pivot": [0, 12.25, 36.25],
					"cubes": [
						{"origin": [-4.5, 11.25, 32.25], "size": [9, 8, 8], "inflate": 0.01, "uv": [0, 80]},
						{"origin": [0.4, 17.35, 31.75], "size": [1.8, 0.3, 1], "inflate": 0.01, "pivot": [2.5, 16.65, 32.75], "rotation": [0, 0, -24], "uv": [10, 92]},
						{"origin": [1.8, 17.15, 31.75], "size": [2.5, 0.3, 1], "inflate": 0.01, "uv": [10, 80]},
						{"origin": [4.3, 14.15, 31.75], "size": [0.3, 3.3, 1], "inflate": 0.01, "uv": [11, 92]},
						{"origin": [1.3, 15.45, 32.05], "size": [3, 1.7, 0], "inflate": 0.01, "uv": [7, 91]},
						{"origin": [-4.3, 15.45, 32.05], "size": [3, 1.7, 0], "inflate": 0.01, "uv": [7, 91]},
						{"origin": [1.3, 14.45, 32.05], "size": [3, 1, 0], "inflate": 0.01, "uv": [21, 91]},
						{"origin": [-4.3, 14.45, 32.05], "size": [3, 1, 0], "inflate": 0.01, "uv": [21, 91]},
						{"origin": [0.8, 15.45, 32.05], "size": [0.5, 1.4, 0], "inflate": 0.01, "uv": [7, 91]},
						{"origin": [-1.3, 15.45, 32.05], "size": [0.5, 1.4, 0], "inflate": 0.01, "uv": [7, 91]},
						{"origin": [-0.8, 15.45, 32.05], "size": [1.6, 1.2, 0], "inflate": 0.01, "uv": [7, 91]},
						{"origin": [0.8, 14.75, 32.05], "size": [0.5, 0.7, 0], "inflate": 0.01, "uv": [18, 90]},
						{"origin": [-0.8, 14.95, 32.05], "size": [1.6, 0.5, 0], "inflate": 0.01, "uv": [18, 90]},
						{"origin": [-1.3, 14.75, 32.05], "size": [0.5, 0.7, 0], "inflate": 0.01, "uv": [18, 90]},
						{"origin": [1.9, 14.15, 31.75], "size": [2.4, 0.3, 1], "inflate": 0.01, "uv": [9, 90]},
						{"origin": [0.4, 13.95, 31.75], "size": [1.8, 0.3, 1], "inflate": 0.01, "pivot": [2.5, 14.85, 32.75], "rotation": [0, 0, 24], "uv": [9, 90]},
						{"origin": [-4.6, 14.15, 31.75], "size": [0.3, 3.3, 1], "inflate": 0.01, "uv": [7, 92], "mirror": true},
						{"origin": [-4.3, 17.15, 31.75], "size": [2.5, 0.3, 1], "inflate": 0.01, "uv": [12, 85], "mirror": true},
						{"origin": [-0.3, 16.43, 31.75], "size": [0.7, 0.3, 1], "inflate": 0.01, "uv": [12, 85], "mirror": true},
						{"origin": [-0.3, 14.87, 31.75], "size": [0.7, 0.3, 1], "inflate": 0.01, "uv": [10, 90], "mirror": true},
						{"origin": [-2.2, 17.35, 31.75], "size": [1.8, 0.3, 1], "inflate": 0.01, "pivot": [-2.5, 16.65, 32.75], "rotation": [0, 0, 24], "uv": [10, 90], "mirror": true},
						{"origin": [-2.2, 13.95, 31.75], "size": [1.8, 0.3, 1], "inflate": 0.01, "pivot": [-2.5, 14.85, 32.75], "rotation": [0, 0, -24], "uv": [10, 90], "mirror": true},
						{"origin": [-4.3, 14.15, 31.75], "size": [2.4, 0.3, 1], "inflate": 0.01, "uv": [10, 90], "mirror": true},
						{"origin": [-0.5, 13.33, 31.47], "size": [1, 1, 1], "pivot": [0, 13.7, 32.5], "rotation": [12.5, 0, 0], "uv": [10, 91]},
						{"origin": [-4.5, 11.3, 31.5], "size": [9, 3, 2], "inflate": 0.02, "pivot": [-0.5, 13.7, 32.5], "rotation": [12.5, 0, 0], "uv": [0, 91]}
					]
				},
				{
					"name": "ear_left3",
					"parent": "head3",
					"pivot": [3.65, 18, 36.425],
					"cubes": [
						{"origin": [2, 17.5, 36.35], "size": [3, 10, 0], "pivot": [3.65, 18, 36.425], "rotation": [-15, -30, 35], "uv": [11, 86]}
					]
				},
				{
					"name": "ear_right3",
					"parent": "head3",
					"pivot": [-3.65, 18, 36.425],
					"cubes": [
						{"origin": [-5, 17.5, 36.35], "size": [3, 10, 0], "pivot": [-3.65, 18, 36.425], "rotation": [-15, 30, -35], "uv": [7, 86], "mirror": true}
					]
				},
				{
					"name": "arm_right3",
					"parent": "torso3",
					"pivot": [-4.5, 10.5, 35.5],
					"cubes": [
						{"origin": [-10.5, 9, 34], "size": [6, 3, 3], "uv": [4, 85], "mirror": true}
					]
				},
				{
					"name": "gun5",
					"parent": "arm_right3",
					"pivot": [-9.5, 8.92351, 35.34422],
					"rotation": [90, 0, 90],
					"cubes": [
						{"origin": [-9.87, 9.5, 33.24], "size": [0.74, 0.9, 0.14], "uv": [36, 94]},
						{"origin": [-9.87, 9.5, 32.14], "size": [0.74, 1.04, 0.14], "uv": [8, 94]},
						{"origin": [-9.87, 9.5, 32.28], "size": [0.74, 0.14, 1.04], "uv": [19, 90]},
						{"origin": [-9.87, 10.4, 32.14], "size": [0.74, 0.14, 1.25], "uv": [7, 93]},
						{"origin": [-9.815, 9.49, 32.13], "size": [0.63, 1.05, 1.26], "uv": [14, 94]},
						{"origin": [-9.915, 9.69, 32.43], "size": [0.83, 0.65, 0.35], "uv": [8, 94]},
						{"origin": [-9.915, 9.84, 32.78], "size": [0.83, 0.5, 0.35], "uv": [8, 94]},
						{"origin": [-9.915, 9.69, 32.98], "size": [0.83, 0.15, 0.15], "uv": [22, 92]},
						{"origin": [-9.915, 9.69, 32.78], "size": [0.83, 0.15, 0.2], "uv": [8, 95]},
						{"origin": [-9.815, 10.33, 30.87], "size": [0.63, 0.42, 0.42], "uv": [9, 87]},
						{"origin": [-9.815, 10.54, 30.66], "size": [0.63, 0.42, 0.21], "uv": [7, 95]},
						{"origin": [-9.71, 11.38, 30.87], "size": [0.42, 0.42, 0.21], "uv": [8, 95]},
						{"origin": [-9.71, 11.38, 31.08], "size": [0.42, 0.21, 0.21], "uv": [8, 95]},
						{"origin": [-9.71, 11.38, 31.29], "size": [0.42, 0.063, 3.36], "uv": [5, 92]},
						{"origin": [-9.71, 10.96, 34.65], "size": [0.42, 0.42, 0.21], "uv": [7, 95]},
						{"origin": [-9.71, 11.38, 34.86], "size": [0.42, 0.105, 0.42], "uv": [8, 95]},
						{"origin": [-9.815, 10.015, 30.45], "size": [0.63, 0.42, 0.42], "uv": [9, 87]},
						{"origin": [-9.752, 10.393, 30.345], "size": [0.504, 0.504, 0.105], "uv": [7, 95]},
						{"origin": [-9.647, 10.897, 30.345], "size": [0.294, 0.21, 0.105], "uv": [7, 95]},
						{"origin": [-9.71, 10.435, 30.135], "size": [0.42, 0.42, 0.735], "uv": [7, 95]},
						{"origin": [-9.71, 9.7, 33.39], "size": [0.42, 0.21, 0.42], "uv": [9, 87]},
						{"origin": [-9.815, 10.12, 33.81], "size": [0.63, 0.42, 1.26], "uv": [8, 86]},
						{"origin": [-9.815, 9.91, 34.23], "size": [0.63, 0.21, 0.42], "uv": [8, 87]},
						{"origin": [-9.815, 9.7, 34.65], "size": [0.63, 0.42, 1.26], "uv": [8, 86]},
						{"origin": [-9.815, 9.595, 35.49], "size": [0.63, 0.105, 0.42], "uv": [9, 87]},
						{"origin": [-9.71, 9.28, 34.65], "size": [0.42, 0.42, 0.63], "uv": [8, 88]},
						{"origin": [-9.605, 9.7, 34.02], "size": [0.21, 0.42, 0.63], "uv": [7, 95]},
						{"origin": [-9.605, 9.28, 34.23], "size": [0.21, 0.42, 0.21], "uv": [7, 95]},
						{"origin": [-9.605, 9.49, 34.44], "size": [0.21, 0.21, 0.21], "uv": [7, 95]},
						{"origin": [-9.71, 7.49084, 34.47526], "size": [0.42, 1.26, 0.315], "pivot": [-9.5, 9.71861, 33.18], "rotation": [22.5, 0, 0], "uv": [7, 92]},
						{"origin": [-9.71, 8.51984, 34.79026], "size": [0.42, 0.126, 0.21], "pivot": [-9.5, 9.71861, 33.18], "rotation": [22.5, 0, 0], "uv": [13, 87]},
						{"origin": [-9.815, 7.29814, 34.91901], "size": [0.63, 1.38, 0.735], "pivot": [-9.5, 9.71861, 33.18], "rotation": [22.5, 0, 0], "uv": [9, 88]},
						{"origin": [-9.815, 8.6581, 34.91901], "size": [0.63, 0.38, 0.735], "pivot": [-9.5, 9.71861, 33.18], "rotation": [22.5, 0, 0], "uv": [9, 86]},
						{"origin": [-9.71, 7.50814, 34.18401], "size": [0.42, 0.315, 0.315], "pivot": [-9.5, 9.71861, 33.18], "rotation": [22.5, 0, 0], "uv": [7, 93]},
						{"origin": [-9.71, 7.50814, 34.70901], "size": [0.42, 0.105, 0.21], "pivot": [-9.5, 9.71861, 33.18], "rotation": [22.5, 0, 0], "uv": [13, 87]},
						{"origin": [-9.71, 8.87826, 34.11873], "size": [0.42, 0.21, 1.365], "pivot": [-9.5, 9.71861, 33.18], "rotation": [-22.5, 0, 0], "uv": [6, 92]},
						{"origin": [-9.857, 8.87826, 34.01373], "size": [0.714, 0.21, 0.21], "pivot": [-9.5, 9.71861, 33.18], "rotation": [-22.5, 0, 0], "uv": [7, 95]},
						{"origin": [-9.71, 8.46061, 33.23155], "size": [0.42, 0.42, 0.315], "pivot": [-9.5, 9.71861, 33.18], "rotation": [22.5, 0, 0], "uv": [14, 87]},
						{"origin": [-9.7625, 7.29814, 34.27901], "size": [0.525, 0.21, 0.84], "pivot": [-9.5, 9.71861, 33.18], "rotation": [22.5, 0, 0], "uv": [9, 88]},
						{"origin": [-9.7625, 7.14754, 34.16811], "size": [0.525, 0.168, 0.252], "pivot": [-9.5, 9.71861, 33.18], "rotation": [22.5, 0, 0], "uv": [7, 95]},
						{"origin": [-9.7625, 8.59929, 34.01671], "size": [0.525, 0.315, 1.68], "pivot": [-9.5, 9.71861, 33.18], "rotation": [-22.5, 0, 0], "uv": [7, 94]},
						{"origin": [-9.815, 7.08814, 34.39401], "size": [0.63, 0.21, 1.26], "pivot": [-9.5, 9.71861, 33.18], "rotation": [22.5, 0, 0], "uv": [7, 94]},
						{"origin": [-9.815, 10.12, 35.49], "size": [0.63, 0.21, 0.42], "uv": [9, 87]},
						{"origin": [-9.71, 10.75, 35.49], "size": [0.42, 0.525, 0.525], "uv": [14, 94]},
						{"origin": [-9.815, 10.54, 35.595], "size": [0.63, 0.21, 0.525], "uv": [8, 88]},
						{"origin": [-9.605, 10.75, 35.595], "size": [0.21, 0.315, 0.525], "uv": [8, 88]},
						{"origin": [-9.71, 10.12, 35.91], "size": [0.42, 0.42, 0.105], "uv": [8, 88]},
						{"origin": [-9.92, 10.54, 32.13], "size": [0.84, 0.21, 1.26], "uv": [13, 93]},
						{"origin": [-9.92, 9.91, 33.39], "size": [0.84, 0.84, 0.42], "uv": [14, 94]},
						{"origin": [-9.815, 11.05, 32.13], "size": [0.63, 0.33, 1.26], "uv": [13, 93]},
						{"origin": [-9.815, 10.75, 32.13], "size": [0.63, 0.33, 1.3], "uv": [12, 93]},
						{"origin": [-9.815, 11.05, 33.39], "size": [0.63, 0.33, 1.26], "uv": [13, 93]},
						{"origin": [-9.815, 10.75, 33.79], "size": [0.63, 0.33, 0.86], "uv": [15, 94]},
						{"origin": [-9.815, 10.75, 33.73], "size": [0.63, 0.3, 0.06], "uv": [8, 96]},
						{"origin": [-9.815, 10.75, 33.67], "size": [0.63, 0.33, 0.06], "uv": [13, 94]},
						{"origin": [-9.815, 10.75, 33.6], "size": [0.63, 0.3, 0.06], "uv": [8, 96]},
						{"origin": [-9.815, 10.75, 33.48], "size": [0.63, 0.3, 0.06], "uv": [8, 96]},
						{"origin": [-9.815, 10.75, 33.54], "size": [0.63, 0.33, 0.06], "uv": [13, 94]},
						{"origin": [-9.815, 10.75, 33.42], "size": [0.63, 0.33, 0.06], "uv": [13, 94]},
						{"origin": [-9.815, 10.75, 35.07], "size": [0.63, 0.63, 0.42], "uv": [14, 94]},
						{"origin": [-9.815, 10.75, 34.86], "size": [0.63, 0.63, 0.21], "uv": [14, 94]},
						{"origin": [-9.815, 10.75, 34.65], "size": [0.63, 0.21, 0.21], "uv": [14, 94]},
						{"origin": [-9.815, 11.17, 30.87], "size": [0.63, 0.21, 1.26], "uv": [13, 93]},
						{"origin": [-9.815, 10.75, 31.29], "size": [0.63, 0.21, 0.84], "uv": [14, 94]},
						{"origin": [-9.71, 10.75, 31.08], "size": [0.42, 0.42, 0.25], "uv": [9, 87]},
						{"origin": [-9.71, 10.75, 31.28], "size": [0.42, 0.42, 1.25], "uv": [20, 89]},
						{"origin": [-9.815, 10.75, 30.87], "size": [0.63, 0.42, 0.21], "uv": [14, 94]},
						{"origin": [-9.92, 10.12, 31.71], "size": [0.84, 0.63, 0.42], "uv": [14, 94]},
						{"origin": [-9.92, 10.33, 31.29], "size": [0.84, 0.42, 0.42], "uv": [14, 94]},
						{"origin": [-9.92, 9.91, 31.08], "size": [0.84, 0.42, 0.63], "uv": [20, 92]},
						{"origin": [-9.71, 9.49, 30.87], "size": [0.42, 0.42, 0.21], "uv": [9, 88]},
						{"origin": [-9.815, 9.91, 30.87], "size": [0.63, 0.42, 0.21], "uv": [20, 92]},
						{"origin": [-9.71, 9.07, 31.08], "size": [0.42, 0.42, 0.21], "uv": [13, 87]},
						{"origin": [-9.815, 9.49, 31.08], "size": [0.63, 0.42, 0.42], "uv": [9, 88]},
						{"origin": [-9.71, 8.86, 31.29], "size": [0.42, 0.21, 0.42], "uv": [14, 87]},
						{"origin": [-9.815, 9.07, 31.29], "size": [0.63, 0.42, 0.42], "uv": [13, 87]},
						{"origin": [-9.71, 8.65, 31.71], "size": [0.42, 0.21, 0.84], "uv": [7, 95]},
						{"origin": [-9.815, 8.86, 31.71], "size": [0.63, 0.21, 0.84], "uv": [14, 87]},
						{"origin": [-9.857, 8.755, 33.075], "size": [0.714, 0.21, 0.21], "uv": [8, 95]},
						{"origin": [-9.857, 9.385, 31.185], "size": [0.714, 0.21, 0.21], "uv": [14, 94]},
						{"origin": [-9.71, 8.44, 32.55], "size": [0.42, 0.21, 1.26], "uv": [7, 95]},
						{"origin": [-9.815, 8.65, 32.55], "size": [0.63, 0.21, 1.26], "uv": [6, 94]},
						{"origin": [-9.815, 8.86, 32.97], "size": [0.63, 0.21, 0.42], "uv": [13, 87]},
						{"origin": [-9.92, 9.28, 31.5], "size": [0.84, 0.63, 0.21], "uv": [9, 88]},
						{"origin": [-9.92, 9.7, 31.29], "size": [0.84, 0.21, 0.21], "uv": [16, 94]},
						{"origin": [-9.92, 9.07, 31.71], "size": [0.84, 0.55, 0.42], "uv": [13, 87]},
						{"origin": [-9.92, 9.57, 31.71], "size": [0.84, 0.55, 0.42], "uv": [9, 88]},
						{"origin": [-9.92, 8.86, 32.55], "size": [0.84, 0.63, 0.42], "uv": [14, 87]},
						{"origin": [-9.92, 9.07, 32.13], "size": [0.84, 0.42, 0.42], "uv": [14, 87]},
						{"origin": [-9.92, 9.07, 32.97], "size": [0.84, 0.42, 0.42], "uv": [14, 87]},
						{"origin": [-9.92, 8.86, 33.39], "size": [0.84, 0.6, 0.42], "uv": [14, 87]},
						{"origin": [-9.92, 9.46, 33.39], "size": [0.84, 0.24, 0.42], "uv": [9, 88]},
						{"origin": [-9.92, 10.33, 33.81], "size": [0.84, 0.42, 0.42], "uv": [14, 94]},
						{"origin": [-9.92, 10.12, 35.07], "size": [0.84, 0.63, 0.42], "uv": [14, 94]},
						{"origin": [-9.92, 10.33, 35.49], "size": [0.84, 0.42, 0.42], "uv": [14, 94]},
						{"origin": [-9.815, 10.75, 35.49], "size": [0.63, 0.42, 0.42], "uv": [14, 94]},
						{"origin": [-9.92, 10.54, 34.23], "size": [0.84, 0.21, 0.84], "uv": [14, 94]}
					]
				},
				{
					"name": "arm_left3",
					"parent": "torso3",
					"pivot": [4.5, 10.5, 35.5],
					"cubes": [
						{"origin": [4.5, 9, 34], "size": [6, 3, 3], "uv": [8, 86]}
					]
				},
				{
					"name": "gun6",
					"parent": "arm_left3",
					"pivot": [9.5, 8.92351, 35.34422],
					"rotation": [90, 0, -90],
					"cubes": [
						{"origin": [9.13, 9.5, 33.24], "size": [0.74, 0.9, 0.14], "uv": [20, 92], "mirror": true},
						{"origin": [9.13, 9.5, 32.14], "size": [0.74, 1.04, 0.14], "uv": [16, 94], "mirror": true},
						{"origin": [9.13, 9.5, 32.28], "size": [0.74, 0.14, 1.04], "uv": [20, 92], "mirror": true},
						{"origin": [9.13, 10.4, 32.14], "size": [0.74, 0.14, 1.25], "uv": [15, 93], "mirror": true},
						{"origin": [9.185, 9.49, 32.13], "size": [0.63, 1.05, 1.26], "uv": [10, 84], "mirror": true},
						{"origin": [9.085, 9.69, 32.43], "size": [0.83, 0.65, 0.35], "uv": [16, 94], "mirror": true},
						{"origin": [9.085, 9.84, 32.78], "size": [0.83, 0.5, 0.35], "uv": [16, 94], "mirror": true},
						{"origin": [9.085, 9.69, 32.98], "size": [0.83, 0.15, 0.15], "uv": [23, 94], "mirror": true},
						{"origin": [9.085, 9.69, 32.78], "size": [0.83, 0.15, 0.2], "uv": [16, 95], "mirror": true},
						{"origin": [9.185, 10.33, 30.87], "size": [0.63, 0.42, 0.42], "uv": [13, 89], "mirror": true},
						{"origin": [9.185, 10.54, 30.66], "size": [0.63, 0.42, 0.21], "uv": [15, 95], "mirror": true},
						{"origin": [9.29, 11.38, 30.87], "size": [0.42, 0.42, 0.21], "uv": [16, 95], "mirror": true},
						{"origin": [9.29, 11.38, 31.08], "size": [0.42, 0.21, 0.21], "uv": [16, 95], "mirror": true},
						{"origin": [9.29, 11.38, 31.29], "size": [0.42, 0.063, 3.36], "uv": [13, 92], "mirror": true},
						{"origin": [9.29, 10.96, 34.65], "size": [0.42, 0.42, 0.21], "uv": [15, 95], "mirror": true},
						{"origin": [9.29, 11.38, 34.86], "size": [0.42, 0.105, 0.42], "uv": [16, 95], "mirror": true},
						{"origin": [9.185, 10.015, 30.45], "size": [0.63, 0.42, 0.42], "uv": [13, 89], "mirror": true},
						{"origin": [9.248, 10.393, 30.345], "size": [0.504, 0.504, 0.105], "uv": [15, 95], "mirror": true},
						{"origin": [9.353, 10.897, 30.345], "size": [0.294, 0.21, 0.105], "uv": [15, 95], "mirror": true},
						{"origin": [9.29, 10.435, 30.135], "size": [0.42, 0.42, 0.735], "uv": [15, 95], "mirror": true},
						{"origin": [9.29, 9.7, 33.39], "size": [0.42, 0.21, 0.42], "uv": [13, 89], "mirror": true},
						{"origin": [9.185, 10.12, 33.81], "size": [0.63, 0.42, 1.26], "uv": [12, 88], "mirror": true},
						{"origin": [9.185, 9.91, 34.23], "size": [0.63, 0.21, 0.42], "uv": [12, 89], "mirror": true},
						{"origin": [9.185, 9.7, 34.65], "size": [0.63, 0.42, 1.26], "uv": [12, 88], "mirror": true},
						{"origin": [9.185, 9.595, 35.49], "size": [0.63, 0.105, 0.42], "uv": [13, 89], "mirror": true},
						{"origin": [9.29, 9.28, 34.65], "size": [0.42, 0.42, 0.63], "uv": [11, 85], "mirror": true},
						{"origin": [9.395, 9.7, 34.02], "size": [0.21, 0.42, 0.63], "uv": [15, 95], "mirror": true},
						{"origin": [9.395, 9.28, 34.23], "size": [0.21, 0.42, 0.21], "uv": [15, 95], "mirror": true},
						{"origin": [9.395, 9.49, 34.44], "size": [0.21, 0.21, 0.21], "uv": [15, 95], "mirror": true},
						{"origin": [9.29, 7.49084, 34.47526], "size": [0.42, 1.26, 0.315], "pivot": [9.5, 9.71861, 33.18], "rotation": [22.5, 0, 0], "uv": [18, 89], "mirror": true},
						{"origin": [9.29, 8.51984, 34.79026], "size": [0.42, 0.126, 0.21], "pivot": [9.5, 9.71861, 33.18], "rotation": [22.5, 0, 0], "uv": [17, 89], "mirror": true},
						{"origin": [9.185, 7.29814, 34.91901], "size": [0.63, 1.38, 0.735], "pivot": [9.5, 9.71861, 33.18], "rotation": [22.5, 0, 0], "uv": [12, 85], "mirror": true},
						{"origin": [9.185, 8.6581, 34.91901], "size": [0.63, 0.38, 0.735], "pivot": [9.5, 9.71861, 33.18], "rotation": [22.5, 0, 0], "uv": [13, 88], "mirror": true},
						{"origin": [9.29, 7.50814, 34.18401], "size": [0.42, 0.315, 0.315], "pivot": [9.5, 9.71861, 33.18], "rotation": [22.5, 0, 0], "uv": [18, 90], "mirror": true},
						{"origin": [9.29, 7.50814, 34.70901], "size": [0.42, 0.105, 0.21], "pivot": [9.5, 9.71861, 33.18], "rotation": [22.5, 0, 0], "uv": [17, 89], "mirror": true},
						{"origin": [9.29, 8.87826, 34.11873], "size": [0.42, 0.21, 1.365], "pivot": [9.5, 9.71861, 33.18], "rotation": [-22.5, 0, 0], "uv": [17, 89], "mirror": true},
						{"origin": [9.143, 8.87826, 34.01373], "size": [0.714, 0.21, 0.21], "pivot": [9.5, 9.71861, 33.18], "rotation": [-22.5, 0, 0], "uv": [15, 95], "mirror": true},
						{"origin": [9.29, 8.46061, 33.23155], "size": [0.42, 0.42, 0.315], "pivot": [9.5, 9.71861, 33.18], "rotation": [22.5, 0, 0], "uv": [18, 89], "mirror": true},
						{"origin": [9.2375, 7.29814, 34.27901], "size": [0.525, 0.21, 0.84], "pivot": [9.5, 9.71861, 33.18], "rotation": [22.5, 0, 0], "uv": [12, 85], "mirror": true},
						{"origin": [9.2375, 7.14754, 34.16811], "size": [0.525, 0.168, 0.252], "pivot": [9.5, 9.71861, 33.18], "rotation": [22.5, 0, 0], "uv": [10, 92], "mirror": true},
						{"origin": [9.2375, 8.59929, 34.01671], "size": [0.525, 0.315, 1.68], "pivot": [9.5, 9.71861, 33.18], "rotation": [-22.5, 0, 0], "uv": [10, 91], "mirror": true},
						{"origin": [9.185, 7.08814, 34.39401], "size": [0.63, 0.21, 1.26], "pivot": [9.5, 9.71861, 33.18], "rotation": [22.5, 0, 0], "uv": [15, 94], "mirror": true},
						{"origin": [9.185, 10.12, 35.49], "size": [0.63, 0.21, 0.42], "uv": [13, 89], "mirror": true},
						{"origin": [9.29, 10.75, 35.49], "size": [0.42, 0.525, 0.525], "uv": [17, 91], "mirror": true},
						{"origin": [9.185, 10.54, 35.595], "size": [0.63, 0.21, 0.525], "uv": [11, 85], "mirror": true},
						{"origin": [9.395, 10.75, 35.595], "size": [0.21, 0.315, 0.525], "uv": [11, 85], "mirror": true},
						{"origin": [9.29, 10.12, 35.91], "size": [0.42, 0.42, 0.105], "uv": [11, 85], "mirror": true},
						{"origin": [9.08, 10.54, 32.13], "size": [0.84, 0.21, 1.26], "uv": [16, 90], "mirror": true},
						{"origin": [9.08, 9.91, 33.39], "size": [0.84, 0.84, 0.42], "uv": [17, 91], "mirror": true},
						{"origin": [9.185, 11.05, 32.13], "size": [0.63, 0.33, 1.26], "uv": [16, 90], "mirror": true},
						{"origin": [9.185, 10.75, 32.13], "size": [0.63, 0.33, 1.3], "uv": [15, 90], "mirror": true},
						{"origin": [9.185, 11.05, 33.39], "size": [0.63, 0.33, 1.26], "uv": [16, 90], "mirror": true},
						{"origin": [9.185, 10.75, 33.79], "size": [0.63, 0.33, 0.86], "uv": [18, 91], "mirror": true},
						{"origin": [9.185, 10.75, 33.73], "size": [0.63, 0.3, 0.06], "uv": [11, 93], "mirror": true},
						{"origin": [9.185, 10.75, 33.67], "size": [0.63, 0.33, 0.06], "uv": [16, 91], "mirror": true},
						{"origin": [9.185, 10.75, 33.6], "size": [0.63, 0.3, 0.06], "uv": [11, 93], "mirror": true},
						{"origin": [9.185, 10.75, 33.48], "size": [0.63, 0.3, 0.06], "uv": [11, 93], "mirror": true},
						{"origin": [9.185, 10.75, 33.54], "size": [0.63, 0.33, 0.06], "uv": [16, 91], "mirror": true},
						{"origin": [9.185, 10.75, 33.42], "size": [0.63, 0.33, 0.06], "uv": [16, 91], "mirror": true},
						{"origin": [9.185, 10.75, 35.07], "size": [0.63, 0.63, 0.42], "uv": [17, 91], "mirror": true},
						{"origin": [9.185, 10.75, 34.86], "size": [0.63, 0.63, 0.21], "uv": [17, 91], "mirror": true},
						{"origin": [9.185, 10.75, 34.65], "size": [0.63, 0.21, 0.21], "uv": [17, 91], "mirror": true},
						{"origin": [9.185, 11.17, 30.87], "size": [0.63, 0.21, 1.26], "uv": [16, 90], "mirror": true},
						{"origin": [9.185, 10.75, 31.29], "size": [0.63, 0.21, 0.84], "uv": [17, 91], "mirror": true},
						{"origin": [9.29, 10.75, 31.08], "size": [0.42, 0.42, 0.25], "uv": [13, 89], "mirror": true},
						{"origin": [9.29, 10.75, 31.28], "size": [0.42, 0.42, 1.25], "uv": [21, 91], "mirror": true},
						{"origin": [9.185, 10.75, 30.87], "size": [0.63, 0.42, 0.21], "uv": [17, 91], "mirror": true},
						{"origin": [9.08, 10.12, 31.71], "size": [0.84, 0.63, 0.42], "uv": [17, 91], "mirror": true},
						{"origin": [9.08, 10.33, 31.29], "size": [0.84, 0.42, 0.42], "uv": [17, 91], "mirror": true},
						{"origin": [9.08, 9.91, 31.08], "size": [0.84, 0.42, 0.63], "uv": [23, 89], "mirror": true},
						{"origin": [9.29, 9.49, 30.87], "size": [0.42, 0.42, 0.21], "uv": [12, 85], "mirror": true},
						{"origin": [9.185, 9.91, 30.87], "size": [0.63, 0.42, 0.21], "uv": [23, 89], "mirror": true},
						{"origin": [9.29, 9.07, 31.08], "size": [0.42, 0.42, 0.21], "uv": [17, 89], "mirror": true},
						{"origin": [9.185, 9.49, 31.08], "size": [0.63, 0.42, 0.42], "uv": [12, 85], "mirror": true},
						{"origin": [9.29, 8.86, 31.29], "size": [0.42, 0.21, 0.42], "uv": [18, 89], "mirror": true},
						{"origin": [9.185, 9.07, 31.29], "size": [0.63, 0.42, 0.42], "uv": [17, 89], "mirror": true},
						{"origin": [9.29, 8.65, 31.71], "size": [0.42, 0.21, 0.84], "uv": [10, 92], "mirror": true},
						{"origin": [9.185, 8.86, 31.71], "size": [0.63, 0.21, 0.84], "uv": [18, 89], "mirror": true},
						{"origin": [9.143, 8.755, 33.075], "size": [0.714, 0.21, 0.21], "uv": [16, 95], "mirror": true},
						{"origin": [9.143, 9.385, 31.185], "size": [0.714, 0.21, 0.21], "uv": [17, 91], "mirror": true},
						{"origin": [9.29, 8.44, 32.55], "size": [0.42, 0.21, 1.26], "uv": [10, 92], "mirror": true},
						{"origin": [9.185, 8.65, 32.55], "size": [0.63, 0.21, 1.26], "uv": [9, 91], "mirror": true},
						{"origin": [9.185, 8.86, 32.97], "size": [0.63, 0.21, 0.42], "uv": [17, 89], "mirror": true},
						{"origin": [9.08, 9.28, 31.5], "size": [0.84, 0.63, 0.21], "uv": [12, 85], "mirror": true},
						{"origin": [9.08, 9.7, 31.29], "size": [0.84, 0.21, 0.21], "uv": [12, 84], "mirror": true},
						{"origin": [9.08, 9.07, 31.71], "size": [0.84, 0.55, 0.42], "uv": [17, 89], "mirror": true},
						{"origin": [9.08, 9.57, 31.71], "size": [0.84, 0.55, 0.42], "uv": [12, 85], "mirror": true},
						{"origin": [9.08, 8.86, 32.55], "size": [0.84, 0.63, 0.42], "uv": [18, 89], "mirror": true},
						{"origin": [9.08, 9.07, 32.13], "size": [0.84, 0.42, 0.42], "uv": [18, 89], "mirror": true},
						{"origin": [9.08, 9.07, 32.97], "size": [0.84, 0.42, 0.42], "uv": [18, 89], "mirror": true},
						{"origin": [9.08, 8.86, 33.39], "size": [0.84, 0.6, 0.42], "uv": [18, 89], "mirror": true},
						{"origin": [9.08, 9.46, 33.39], "size": [0.84, 0.24, 0.42], "uv": [12, 85], "mirror": true},
						{"origin": [9.08, 10.33, 33.81], "size": [0.84, 0.42, 0.42], "uv": [17, 91], "mirror": true},
						{"origin": [9.08, 10.12, 35.07], "size": [0.84, 0.63, 0.42], "uv": [17, 91], "mirror": true},
						{"origin": [9.08, 10.33, 35.49], "size": [0.84, 0.42, 0.42], "uv": [17, 91], "mirror": true},
						{"origin": [9.185, 10.75, 35.49], "size": [0.63, 0.42, 0.42], "uv": [17, 91], "mirror": true},
						{"origin": [9.08, 10.54, 34.23], "size": [0.84, 0.21, 0.84], "uv": [17, 91], "mirror": true}
					]
				},
				{
					"name": "tail3",
					"parent": "torso3",
					"pivot": [0, 2.75, 39.5],
					"cubes": [
						{"origin": [0, 1.75, 39], "size": [0, 9, 10], "uv": [4, 77]},
						{"origin": [0, 10.74, 42], "size": [0, 7, 13], "uv": [2, 76]}
					]
				},
				{
					"name": "leg_right3",
					"parent": "body3",
					"pivot": [-4, 5.25, 36.5],
					"cubes": [
						{"origin": [-6, 1.5, 33.5], "size": [4, 6, 6], "pivot": [-4, 4.5, 36], "rotation": [-10, 0, 0], "uv": [1, 84]}
					]
				},
				{
					"name": "foot_right3",
					"parent": "leg_right3",
					"pivot": [-3.75, 2, 36.75],
					"cubes": [
						{"origin": [-4.75, 1, 35.25], "size": [2, 2, 3], "uv": [0, 91]},
						{"origin": [-5.25, 0, 34.5], "size": [3, 1, 4], "uv": [0, 85], "mirror": true}
					]
				},
				{
					"name": "toes_right3",
					"parent": "foot_right3",
					"pivot": [-3.75, 0, 34.5],
					"cubes": [
						{"origin": [-5.25, 0, 33.5], "size": [3, 1, 1], "uv": [7, 90], "mirror": true}
					]
				},
				{
					"name": "leg_left3",
					"parent": "body3",
					"pivot": [4, 5.25, 36.5],
					"cubes": [
						{"origin": [2, 1.5, 33.5], "size": [4, 6, 6], "pivot": [4, 4.5, 36], "rotation": [-10, 0, 0], "uv": [0, 84], "mirror": true}
					]
				},
				{
					"name": "foot_left3",
					"parent": "leg_left3",
					"pivot": [3.75, 2, 36.75],
					"cubes": [
						{"origin": [2.75, 1, 35.25], "size": [2, 2, 3], "uv": [0, 91], "mirror": true},
						{"origin": [2.25, 0, 34.5], "size": [3, 1, 4], "uv": [0, 86]}
					]
				},
				{
					"name": "toes_left3",
					"parent": "foot_left3",
					"pivot": [3.75, 0, 34.5],
					"cubes": [
						{"origin": [2.25, 0, 33.5], "size": [3, 1, 1], "uv": [17, 92]}
					]
				},
				{
					"name": "body",
					"parent": "pikachu",
					"pivot": [0, 8, 0.5]
				},
				{
					"name": "torso",
					"parent": "body",
					"pivot": [0, 5.25, 0.5],
					"cubes": [
						{"origin": [-5, 5.75, -3.5], "size": [10, 4, 8], "uv": [28, 48]},
						{"origin": [-5, 1.75, -3.5], "size": [10, 4, 8], "uv": [28, 52]},
						{"origin": [-5, 1.74, -3.5], "size": [10, 0, 8], "uv": [28, 48]},
						{"origin": [-4.5, 9.75, -3], "size": [9, 2, 7], "uv": [32, 0]}
					]
				},
				{
					"name": "pulse2",
					"parent": "torso",
					"pivot": [-3.85, 7.35, 5],
					"cubes": [
						{"origin": [0.5, 7.35, 0.8], "size": [0.2, 1, 5], "uv": [79, 10]},
						{"origin": [-0.5, 7.35, 0.8], "size": [1, 1, 5], "uv": [78, 54]},
						{"origin": [-0.2, 7.65, 4.82], "size": [0.4, 0.4, 1], "uv": [69, 52]},
						{"origin": [-0.6, 7.15, 0.8], "size": [1.2, 0.2, 5], "uv": [79, 13]},
						{"origin": [-0.7, 7.35, 0.8], "size": [0.2, 1, 5], "uv": [79, 10]},
						{"origin": [-0.6, 8.35, 0.8], "size": [1.2, 0.2, 5], "uv": [79, 13]},
						{"origin": [1.4, 6.45, 5.4], "size": [0.3, 2.8, 0.6], "uv": [81, 14]},
						{"origin": [-1.7, 6.45, 5.4], "size": [0.3, 2.8, 0.6], "uv": [81, 14]},
						{"origin": [-1.7, 9.25, 5.4], "size": [3.4, 0.3, 0.6], "uv": [82, 14]},
						{"origin": [-1.7, 6.15, 5.4], "size": [3.4, 0.3, 0.6], "uv": [82, 14]},
						{"origin": [1.1, 6.55, 5.77], "size": [0.2, 2.6, 0.03], "uv": [85, 58]},
						{"origin": [-1.1, 8.95, 5.77], "size": [2.2, 0.2, 0.03], "uv": [88, 60]},
						{"origin": [-1.3, 6.55, 5.77], "size": [0.2, 2.6, 0.03], "uv": [87, 56]},
						{"origin": [-1.1, 6.55, 5.77], "size": [2.2, 0.2, 0.03], "uv": [85, 58]},
						{"origin": [-1.8, 6.05, 0.4], "size": [3.6, 3.6, 5], "uv": [76, 25]},
						{"origin": [-1.1, 7.63538, 2.90351], "size": [2.2, 1.6, 2], "pivot": [0, 9.13538, 2.80351], "rotation": [47, 0, 0], "uv": [79, 28]},
						{"origin": [0.4, 7.95, 4.3], "size": [1, 1.6, 1], "pivot": [1.92441, 8.85017, 4.73191], "rotation": [0, 0, -90], "uv": [79, 43]},
						{"origin": [1.26174, 8.22474, 4.3], "size": [1.5, 1.2, 1], "pivot": [1.92441, 8.85017, 4.73191], "rotation": [0, 0, -97], "uv": [79, 43]},
						{"origin": [2.37909, 8.22474, 4.62179], "size": [1, 1.2, 1], "pivot": [1.92441, 8.85017, 4.73191], "rotation": [0, 26, -97], "uv": [79, 43]},
						{"origin": [-1.4, 7.95, 4.3], "size": [1, 1.6, 1], "pivot": [-1.92441, 8.85017, 4.73191], "rotation": [0, 0, 90], "uv": [79, 43], "mirror": true},
						{"origin": [-2.76174, 8.22474, 4.3], "size": [1.5, 1.2, 1], "pivot": [-1.92441, 8.85017, 4.73191], "rotation": [0, 0, 97], "uv": [79, 43], "mirror": true},
						{"origin": [-3.37909, 8.22474, 4.62179], "size": [1, 1.2, 1], "pivot": [-1.92441, 8.85017, 4.73191], "rotation": [0, -26, 97], "uv": [79, 43], "mirror": true},
						{"origin": [-4.07909, 5.52474, 4.62179], "size": [1, 1.2, 1], "pivot": [-2.32441, 5.15017, 4.73191], "rotation": [0, -26, 84.5], "uv": [79, 43], "mirror": true},
						{"origin": [3.07909, 5.52474, 4.62179], "size": [1, 1.2, 1], "pivot": [2.32441, 5.15017, 4.73191], "rotation": [0, 26, -84.5], "uv": [79, 43]}
					]
				},
				{
					"name": "pulse",
					"parent": "torso",
					"pivot": [-3.85, 7.25, -3.4],
					"cubes": [
						{"origin": [0.5, 7.25, -4.4], "size": [0.2, 1, 5], "uv": [79, 10]},
						{"origin": [-0.5, 7.25, -4.4], "size": [1, 1, 2], "uv": [81, 57]},
						{"origin": [-0.2, 7.55, -4.42], "size": [0.4, 0.4, 2], "uv": [69, 52]},
						{"origin": [-0.6, 7.05, -4.4], "size": [1.2, 0.2, 5], "uv": [79, 13]},
						{"origin": [-0.7, 7.25, -4.4], "size": [0.2, 1, 5], "uv": [79, 10]},
						{"origin": [-0.6, 8.25, -4.4], "size": [1.2, 0.2, 5], "uv": [79, 13]},
						{"origin": [-1.4, 6.35, -4.3], "size": [2.8, 2.8, 2], "uv": [82, 72]},
						{"origin": [1.1, 6.45, -4.4], "size": [0.2, 2.6, 0.03], "uv": [85, 58]},
						{"origin": [-1.1, 8.85, -4.4], "size": [2.2, 0.2, 0.03], "uv": [88, 60]},
						{"origin": [-1.3, 6.45, -4.4], "size": [0.2, 2.6, 0.03], "uv": [87, 56]},
						{"origin": [-1.1, 6.45, -4.4], "size": [2.2, 0.2, 0.03], "uv": [85, 58]},
						{"origin": [-1.8, 5.95, -4], "size": [3.6, 3.6, 2], "uv": [79, 28]},
						{"origin": [1.8, 6.35, -3.9], "size": [1, 1.6, 1], "uv": [79, 43]},
						{"origin": [2.7, 6.65, -3.9], "size": [1.5, 1.2, 1], "pivot": [3.55, 6.95, -3.4], "rotation": [0, 0, -7], "uv": [79, 43]},
						{"origin": [3.86568, 6.6888, -4], "size": [1, 1.2, 1], "pivot": [3.85, 7.25, -3.4], "rotation": [0, -26, -7], "uv": [79, 43]},
						{"origin": [0.7, 4.35, 1], "size": [0.3, 1, 0.5], "pivot": [0, -9.95, -3.75], "rotation": [18, 0, 0], "uv": [80, 29]},
						{"origin": [-1, 4.35, 1], "size": [2, 0.3, 0.5], "pivot": [0, -9.95, -3.75], "rotation": [18, 0, 0], "uv": [80, 29]},
						{"origin": [-1, 4.35, 1], "size": [0.3, 1, 0.5], "pivot": [0, -9.95, -3.75], "rotation": [18, 0, 0], "uv": [80, 29]},
						{"origin": [-1, 9.35, -3.7], "size": [2, 1, 0.3], "pivot": [0, 9.95, -3.45], "rotation": [-18, 0, 0], "uv": [81, 45]},
						{"origin": [-0.6, 10.21574, -3.28369], "size": [1.2, 0.6, 0.3], "pivot": [-0.05, 10.61574, -3.23369], "rotation": [-35, 0, 0], "uv": [81, 45]},
						{"origin": [-2.8, 6.35, -3.9], "size": [1, 1.6, 1], "uv": [79, 43], "mirror": true},
						{"origin": [-4.2, 6.65, -3.9], "size": [1.5, 1.2, 1], "pivot": [-3.55, 6.95, -3.4], "rotation": [0, 0, 7], "uv": [79, 43], "mirror": true},
						{"origin": [-4.86568, 6.6888, -4], "size": [1, 1.2, 1], "pivot": [-3.85, 7.25, -3.4], "rotation": [0, 26, 7], "uv": [79, 43], "mirror": true}
					]
				},
				{
					"name": "head",
					"parent": "torso",
					"pivot": [0, 12.25, 0.25],
					"cubes": [
						{"origin": [-4.5, 11.25, -3.75], "size": [9, 8, 8], "inflate": 0.01, "uv": [0, 1]},
						{"origin": [0.4, 17.35, -4.25], "size": [1.8, 0.3, 1], "inflate": 0.01, "pivot": [2.5, 16.65, -3.25], "rotation": [0, 0, -24], "uv": [79, 16]},
						{"origin": [1.8, 17.15, -4.25], "size": [2.5, 0.3, 1], "inflate": 0.01, "uv": [79, 16]},
						{"origin": [4.3, 14.15, -4.25], "size": [0.3, 3.3, 1], "inflate": 0.01, "uv": [80, 28]},
						{"origin": [1.3, 15.45, -3.95], "size": [3, 1.7, 0], "inflate": 0.01, "uv": [71, 92]},
						{"origin": [-4.3, 15.45, -3.95], "size": [3, 1.7, 0], "inflate": 0.01, "uv": [71, 92]},
						{"origin": [1.3, 14.45, -3.95], "size": [3, 1, 0], "inflate": 0.01, "uv": [85, 92]},
						{"origin": [-4.3, 14.45, -3.95], "size": [3, 1, 0], "inflate": 0.01, "uv": [85, 92]},
						{"origin": [0.8, 15.45, -3.95], "size": [0.5, 1.4, 0], "inflate": 0.01, "uv": [71, 92]},
						{"origin": [-1.3, 15.45, -3.95], "size": [0.5, 1.4, 0], "inflate": 0.01, "uv": [71, 92]},
						{"origin": [-0.8, 15.45, -3.95], "size": [1.6, 1.2, 0], "inflate": 0.01, "uv": [71, 92]},
						{"origin": [0.8, 14.75, -3.95], "size": [0.5, 0.7, 0], "inflate": 0.01, "uv": [82, 91]},
						{"origin": [-0.8, 14.95, -3.95], "size": [1.6, 0.5, 0], "inflate": 0.01, "uv": [82, 91]},
						{"origin": [-1.3, 14.75, -3.95], "size": [0.5, 0.7, 0], "inflate": 0.01, "uv": [82, 91]},
						{"origin": [1.9, 14.15, -4.25], "size": [2.4, 0.3, 1], "inflate": 0.01, "uv": [79, 16]},
						{"origin": [0.4, 13.95, -4.25], "size": [1.8, 0.3, 1], "inflate": 0.01, "pivot": [2.5, 14.85, -3.25], "rotation": [0, 0, 24], "uv": [79, 16]},
						{"origin": [-4.6, 14.15, -4.25], "size": [0.3, 3.3, 1], "inflate": 0.01, "uv": [80, 28], "mirror": true},
						{"origin": [-4.3, 17.15, -4.25], "size": [2.5, 0.3, 1], "inflate": 0.01, "uv": [79, 16], "mirror": true},
						{"origin": [-0.3, 16.43, -4.25], "size": [0.7, 0.3, 1], "inflate": 0.01, "uv": [79, 16], "mirror": true},
						{"origin": [-0.3, 14.87, -4.25], "size": [0.7, 0.3, 1], "inflate": 0.01, "uv": [79, 16], "mirror": true},
						{"origin": [-2.2, 17.35, -4.25], "size": [1.8, 0.3, 1], "inflate": 0.01, "pivot": [-2.5, 16.65, -3.25], "rotation": [0, 0, 24], "uv": [79, 16], "mirror": true},
						{"origin": [-2.2, 13.95, -4.25], "size": [1.8, 0.3, 1], "inflate": 0.01, "pivot": [-2.5, 14.85, -3.25], "rotation": [0, 0, -24], "uv": [79, 16], "mirror": true},
						{"origin": [-4.3, 14.15, -4.25], "size": [2.4, 0.3, 1], "inflate": 0.01, "uv": [79, 16], "mirror": true},
						{"origin": [-0.5, 13.33, -4.53], "size": [1, 1, 1], "pivot": [0, 13.7, -3.5], "rotation": [12.5, 0, 0], "uv": [27, 0]},
						{"origin": [-4.5, 11.3, -4.5], "size": [9, 3, 2], "inflate": 0.02, "pivot": [-0.5, 13.7, -3.5], "rotation": [12.5, 0, 0], "uv": [42, 37]}
					]
				},
				{
					"name": "mouth_closed",
					"parent": "head",
					"pivot": [0, 12.7, -3.5],
					"cubes": [
						{"origin": [-1.5, 11.8, -4.53], "size": [3, 1, 0], "inflate": 0.01, "pivot": [0, 13.7, -3.5], "rotation": [12.5, 0, 0], "uv": [27, 4]},
						{"origin": [-0.5, 12.05, -4.53], "size": [1, 1, 0], "inflate": 0.01, "pivot": [0, 13.7, -3.5], "rotation": [12.5, 0, 0], "uv": [28, 6]},
						{"origin": [-2, 12.3, -4.53], "size": [4, 1, 0], "pivot": [0, 13.7, -3.5], "rotation": [12.5, 0, 0], "uv": [26, 3]}
					]
				},
				{
					"name": "mouth_open",
					"parent": "head",
					"pivot": [0, 12.7, -3.5],
					"cubes": [
						{"origin": [-1.5, 11.55, -4.33], "size": [3, 1, 0], "inflate": 0.01, "pivot": [0, 13.7, -3.3], "rotation": [12.5, 0, 0], "uv": [33, 0]},
						{"origin": [-1, 12.05, -4.33], "size": [2, 1, 0], "inflate": 0.01, "pivot": [0, 13.7, -3.3], "rotation": [12.5, 0, 0], "uv": [34, 0]}
					]
				},
				{
					"name": "eyes",
					"parent": "head",
					"pivot": [0, 16, -4.025]
				},
				{
					"name": "eye_right",
					"parent": "eyes",
					"pivot": [-3, 15.5, -4.025],
					"cubes": [
						{"origin": [-4, 14.5, -3.97], "size": [2, 2, 0], "pivot": [-3, 15.5, -3.97], "rotation": [0, 0, 3], "uv": [0, 0]}
					]
				},
				{
					"name": "eyelid_right",
					"parent": "eye_right",
					"pivot": [-3, 15.5, -3.87],
					"cubes": [
						{"origin": [-4, 14.5, -3.87], "size": [2, 2, 0], "inflate": 0.01, "pivot": [-3, 15.5, -3.87], "rotation": [0, 0, 3], "uv": [0, 4]}
					]
				},
				{
					"name": "eye_left",
					"parent": "eyes",
					"pivot": [3, 15.5, -4.025],
					"cubes": [
						{"origin": [2, 14.5, -3.97], "size": [2, 2, 0], "pivot": [3, 15.5, -3.97], "rotation": [0, 0, -3], "uv": [0, 2], "mirror": true}
					]
				},
				{
					"name": "eyelid_left",
					"parent": "eye_left",
					"pivot": [3, 15.5, -3.87],
					"cubes": [
						{"origin": [2, 14.5, -3.87], "size": [2, 2, 0], "inflate": 0.01, "pivot": [3, 15.5, -3.87], "rotation": [0, 0, -3], "uv": [0, 6], "mirror": true}
					]
				},
				{
					"name": "ear_left",
					"parent": "head",
					"pivot": [3.65, 18, 0.425],
					"cubes": [
						{"origin": [2, 17.5, 0.35], "size": [3, 10, 0], "pivot": [3.65, 18, 0.425], "rotation": [-15, -30, 35], "uv": [36, 10]}
					]
				},
				{
					"name": "ear_right",
					"parent": "head",
					"pivot": [-3.65, 18, 0.425],
					"cubes": [
						{"origin": [-5, 17.5, 0.35], "size": [3, 10, 0], "pivot": [-3.65, 18, 0.425], "rotation": [-15, 30, -35], "uv": [36, 21], "mirror": true}
					]
				},
				{
					"name": "arm_right",
					"parent": "torso",
					"pivot": [-4.5, 10.5, -0.5],
					"cubes": [
						{"origin": [-10.5, 9, -2], "size": [6, 3, 3], "uv": [28, 42], "mirror": true}
					]
				},
				{
					"name": "gun",
					"parent": "arm_right",
					"pivot": [-9.5, 8.92351, -0.65578],
					"rotation": [90, 0, 90],
					"cubes": [
						{"origin": [-9.87, 9.5, -2.76], "size": [0.74, 0.9, 0.14], "uv": [60, 51]},
						{"origin": [-9.87, 9.5, -3.86], "size": [0.74, 1.04, 0.14], "uv": [32, 51]},
						{"origin": [-9.87, 9.5, -3.72], "size": [0.74, 0.14, 1.04], "uv": [60, 51]},
						{"origin": [-9.87, 10.4, -3.86], "size": [0.74, 0.14, 1.25], "uv": [31, 50]},
						{"origin": [-9.815, 9.49, -3.87], "size": [0.63, 1.05, 1.26], "uv": [30, 30]},
						{"origin": [-9.915, 9.69, -3.57], "size": [0.83, 0.65, 0.35], "uv": [32, 51]},
						{"origin": [-9.915, 9.84, -3.22], "size": [0.83, 0.5, 0.35], "uv": [32, 51]},
						{"origin": [-9.915, 9.69, -3.02], "size": [0.83, 0.15, 0.15], "uv": [63, 53]},
						{"origin": [-9.915, 9.69, -3.22], "size": [0.83, 0.15, 0.2], "uv": [32, 52]},
						{"origin": [-9.815, 10.33, -5.13], "size": [0.63, 0.42, 0.42], "uv": [25, 23]},
						{"origin": [-9.815, 10.54, -5.34], "size": [0.63, 0.42, 0.21], "uv": [31, 52]},
						{"origin": [-9.71, 11.38, -5.13], "size": [0.42, 0.42, 0.21], "uv": [32, 52]},
						{"origin": [-9.71, 11.38, -4.92], "size": [0.42, 0.21, 0.21], "uv": [32, 52]},
						{"origin": [-9.71, 11.38, -4.71], "size": [0.42, 0.063, 3.36], "uv": [29, 49]},
						{"origin": [-9.71, 10.96, -1.35], "size": [0.42, 0.42, 0.21], "uv": [31, 52]},
						{"origin": [-9.71, 11.38, -1.14], "size": [0.42, 0.105, 0.42], "uv": [32, 52]},
						{"origin": [-9.815, 10.015, -5.55], "size": [0.63, 0.42, 0.42], "uv": [25, 23]},
						{"origin": [-9.752, 10.393, -5.655], "size": [0.504, 0.504, 0.105], "uv": [31, 52]},
						{"origin": [-9.647, 10.897, -5.655], "size": [0.294, 0.21, 0.105], "uv": [31, 52]},
						{"origin": [-9.71, 10.435, -5.865], "size": [0.42, 0.42, 0.735], "uv": [31, 52]},
						{"origin": [-9.71, 9.7, -2.61], "size": [0.42, 0.21, 0.42], "uv": [25, 23]},
						{"origin": [-9.815, 10.12, -2.19], "size": [0.63, 0.42, 1.26], "uv": [24, 22]},
						{"origin": [-9.815, 9.91, -1.77], "size": [0.63, 0.21, 0.42], "uv": [24, 23]},
						{"origin": [-9.815, 9.7, -1.35], "size": [0.63, 0.42, 1.26], "uv": [24, 22]},
						{"origin": [-9.815, 9.595, -0.51], "size": [0.63, 0.105, 0.42], "uv": [25, 23]},
						{"origin": [-9.71, 9.28, -1.35], "size": [0.42, 0.42, 0.63], "uv": [31, 31]},
						{"origin": [-9.605, 9.7, -1.98], "size": [0.21, 0.42, 0.63], "uv": [31, 52]},
						{"origin": [-9.605, 9.28, -1.77], "size": [0.21, 0.42, 0.21], "uv": [31, 52]},
						{"origin": [-9.605, 9.49, -1.56], "size": [0.21, 0.21, 0.21], "uv": [31, 52]},
						{"origin": [-9.71, 7.49084, -1.52474], "size": [0.42, 1.26, 0.315], "pivot": [-9.5, 9.71861, -2.82], "rotation": [22.5, 0, 0], "uv": [30, 23]},
						{"origin": [-9.71, 8.51984, -1.20974], "size": [0.42, 0.126, 0.21], "pivot": [-9.5, 9.71861, -2.82], "rotation": [22.5, 0, 0], "uv": [29, 23]},
						{"origin": [-9.815, 7.29814, -1.08099], "size": [0.63, 1.38, 0.735], "pivot": [-9.5, 9.71861, -2.82], "rotation": [22.5, 0, 0], "uv": [32, 31]},
						{"origin": [-9.815, 8.6581, -1.08099], "size": [0.63, 0.38, 0.735], "pivot": [-9.5, 9.71861, -2.82], "rotation": [22.5, 0, 0], "uv": [25, 22]},
						{"origin": [-9.71, 7.50814, -1.81599], "size": [0.42, 0.315, 0.315], "pivot": [-9.5, 9.71861, -2.82], "rotation": [22.5, 0, 0], "uv": [30, 24]},
						{"origin": [-9.71, 7.50814, -1.29099], "size": [0.42, 0.105, 0.21], "pivot": [-9.5, 9.71861, -2.82], "rotation": [22.5, 0, 0], "uv": [29, 23]},
						{"origin": [-9.71, 8.87826, -1.88127], "size": [0.42, 0.21, 1.365], "pivot": [-9.5, 9.71861, -2.82], "rotation": [-22.5, 0, 0], "uv": [29, 23]},
						{"origin": [-9.857, 8.87826, -1.98627], "size": [0.714, 0.21, 0.21], "pivot": [-9.5, 9.71861, -2.82], "rotation": [-22.5, 0, 0], "uv": [31, 52]},
						{"origin": [-9.71, 8.46061, -2.76845], "size": [0.42, 0.42, 0.315], "pivot": [-9.5, 9.71861, -2.82], "rotation": [22.5, 0, 0], "uv": [30, 23]},
						{"origin": [-9.7625, 7.29814, -1.72099], "size": [0.525, 0.21, 0.84], "pivot": [-9.5, 9.71861, -2.82], "rotation": [22.5, 0, 0], "uv": [32, 31]},
						{"origin": [-9.7625, 7.14754, -1.83189], "size": [0.525, 0.168, 0.252], "pivot": [-9.5, 9.71861, -2.82], "rotation": [22.5, 0, 0], "uv": [30, 38]},
						{"origin": [-9.7625, 8.59929, -1.98329], "size": [0.525, 0.315, 1.68], "pivot": [-9.5, 9.71861, -2.82], "rotation": [-22.5, 0, 0], "uv": [30, 37]},
						{"origin": [-9.815, 7.08814, -1.60599], "size": [0.63, 0.21, 1.26], "pivot": [-9.5, 9.71861, -2.82], "rotation": [22.5, 0, 0], "uv": [31, 51]},
						{"origin": [-9.815, 10.12, -0.51], "size": [0.63, 0.21, 0.42], "uv": [25, 23]},
						{"origin": [-9.71, 10.75, -0.51], "size": [0.42, 0.525, 0.525], "uv": [37, 37]},
						{"origin": [-9.815, 10.54, -0.405], "size": [0.63, 0.21, 0.525], "uv": [31, 31]},
						{"origin": [-9.605, 10.75, -0.405], "size": [0.21, 0.315, 0.525], "uv": [31, 31]},
						{"origin": [-9.71, 10.12, -0.09], "size": [0.42, 0.42, 0.105], "uv": [31, 31]},
						{"origin": [-9.92, 10.54, -3.87], "size": [0.84, 0.21, 1.26], "uv": [36, 36]},
						{"origin": [-9.92, 9.91, -2.61], "size": [0.84, 0.84, 0.42], "uv": [37, 37]},
						{"origin": [-9.815, 11.05, -3.87], "size": [0.63, 0.33, 1.26], "uv": [36, 36]},
						{"origin": [-9.815, 10.75, -3.87], "size": [0.63, 0.33, 1.3], "uv": [35, 36]},
						{"origin": [-9.815, 11.05, -2.61], "size": [0.63, 0.33, 1.26], "uv": [36, 36]},
						{"origin": [-9.815, 10.75, -2.21], "size": [0.63, 0.33, 0.86], "uv": [38, 37]},
						{"origin": [-9.815, 10.75, -2.27], "size": [0.63, 0.3, 0.06], "uv": [31, 39]},
						{"origin": [-9.815, 10.75, -2.33], "size": [0.63, 0.33, 0.06], "uv": [36, 37]},
						{"origin": [-9.815, 10.75, -2.4], "size": [0.63, 0.3, 0.06], "uv": [31, 39]},
						{"origin": [-9.815, 10.75, -2.52], "size": [0.63, 0.3, 0.06], "uv": [31, 39]},
						{"origin": [-9.815, 10.75, -2.46], "size": [0.63, 0.33, 0.06], "uv": [36, 37]},
						{"origin": [-9.815, 10.75, -2.58], "size": [0.63, 0.33, 0.06], "uv": [36, 37]},
						{"origin": [-9.815, 10.75, -0.93], "size": [0.63, 0.63, 0.42], "uv": [37, 37]},
						{"origin": [-9.815, 10.75, -1.14], "size": [0.63, 0.63, 0.21], "uv": [37, 37]},
						{"origin": [-9.815, 10.75, -1.35], "size": [0.63, 0.21, 0.21], "uv": [37, 37]},
						{"origin": [-9.815, 11.17, -5.13], "size": [0.63, 0.21, 1.26], "uv": [36, 36]},
						{"origin": [-9.815, 10.75, -4.71], "size": [0.63, 0.21, 0.84], "uv": [37, 37]},
						{"origin": [-9.71, 10.75, -4.92], "size": [0.42, 0.42, 0.25], "uv": [25, 23]},
						{"origin": [-9.71, 10.75, -4.72], "size": [0.42, 0.42, 1.25], "uv": [61, 50]},
						{"origin": [-9.815, 10.75, -5.13], "size": [0.63, 0.42, 0.21], "uv": [37, 37]},
						{"origin": [-9.92, 10.12, -4.29], "size": [0.84, 0.63, 0.42], "uv": [37, 37]},
						{"origin": [-9.92, 10.33, -4.71], "size": [0.84, 0.42, 0.42], "uv": [37, 37]},
						{"origin": [-9.92, 9.91, -4.92], "size": [0.84, 0.42, 0.63], "uv": [43, 35]},
						{"origin": [-9.71, 9.49, -5.13], "size": [0.42, 0.42, 0.21], "uv": [32, 31]},
						{"origin": [-9.815, 9.91, -5.13], "size": [0.63, 0.42, 0.21], "uv": [43, 35]},
						{"origin": [-9.71, 9.07, -4.92], "size": [0.42, 0.42, 0.21], "uv": [29, 23]},
						{"origin": [-9.815, 9.49, -4.92], "size": [0.63, 0.42, 0.42], "uv": [32, 31]},
						{"origin": [-9.71, 8.86, -4.71], "size": [0.42, 0.21, 0.42], "uv": [30, 23]},
						{"origin": [-9.815, 9.07, -4.71], "size": [0.63, 0.42, 0.42], "uv": [29, 23]},
						{"origin": [-9.71, 8.65, -4.29], "size": [0.42, 0.21, 0.84], "uv": [30, 38]},
						{"origin": [-9.815, 8.86, -4.29], "size": [0.63, 0.21, 0.84], "uv": [30, 23]},
						{"origin": [-9.857, 8.755, -2.925], "size": [0.714, 0.21, 0.21], "uv": [32, 52]},
						{"origin": [-9.857, 9.385, -4.815], "size": [0.714, 0.21, 0.21], "uv": [37, 37]},
						{"origin": [-9.71, 8.44, -3.45], "size": [0.42, 0.21, 1.26], "uv": [30, 38]},
						{"origin": [-9.815, 8.65, -3.45], "size": [0.63, 0.21, 1.26], "uv": [29, 37]},
						{"origin": [-9.815, 8.86, -3.03], "size": [0.63, 0.21, 0.42], "uv": [29, 23]},
						{"origin": [-9.92, 9.28, -4.5], "size": [0.84, 0.63, 0.21], "uv": [32, 31]},
						{"origin": [-9.92, 9.7, -4.71], "size": [0.84, 0.21, 0.21], "uv": [32, 30]},
						{"origin": [-9.92, 9.07, -4.29], "size": [0.84, 0.55, 0.42], "uv": [29, 23]},
						{"origin": [-9.92, 9.57, -4.29], "size": [0.84, 0.55, 0.42], "uv": [32, 31]},
						{"origin": [-9.92, 8.86, -3.45], "size": [0.84, 0.63, 0.42], "uv": [30, 23]},
						{"origin": [-9.92, 9.07, -3.87], "size": [0.84, 0.42, 0.42], "uv": [30, 23]},
						{"origin": [-9.92, 9.07, -3.03], "size": [0.84, 0.42, 0.42], "uv": [30, 23]},
						{"origin": [-9.92, 8.86, -2.61], "size": [0.84, 0.6, 0.42], "uv": [30, 23]},
						{"origin": [-9.92, 9.46, -2.61], "size": [0.84, 0.24, 0.42], "uv": [32, 31]},
						{"origin": [-9.92, 10.33, -2.19], "size": [0.84, 0.42, 0.42], "uv": [37, 37]},
						{"origin": [-9.92, 10.12, -0.93], "size": [0.84, 0.63, 0.42], "uv": [37, 37]},
						{"origin": [-9.92, 10.33, -0.51], "size": [0.84, 0.42, 0.42], "uv": [37, 37]},
						{"origin": [-9.815, 10.75, -0.51], "size": [0.63, 0.42, 0.42], "uv": [37, 37]},
						{"origin": [-9.92, 10.54, -1.77], "size": [0.84, 0.21, 0.84], "uv": [37, 37]}
					]
				},
				{
					"name": "arm_left",
					"parent": "torso",
					"pivot": [4.5, 10.5, -0.5],
					"cubes": [
						{"origin": [4.5, 9, -2], "size": [6, 3, 3], "uv": [46, 42]}
					]
				},
				{
					"name": "gun2",
					"parent": "arm_left",
					"pivot": [9.5, 8.92351, -0.65578],
					"rotation": [90, 0, -90],
					"cubes": [
						{"origin": [9.13, 9.5, -2.76], "size": [0.74, 0.9, 0.14], "uv": [60, 51], "mirror": true},
						{"origin": [9.13, 9.5, -3.86], "size": [0.74, 1.04, 0.14], "uv": [32, 51], "mirror": true},
						{"origin": [9.13, 9.5, -3.72], "size": [0.74, 0.14, 1.04], "uv": [60, 51], "mirror": true},
						{"origin": [9.13, 10.4, -3.86], "size": [0.74, 0.14, 1.25], "uv": [31, 50], "mirror": true},
						{"origin": [9.185, 9.49, -3.87], "size": [0.63, 1.05, 1.26], "uv": [30, 30], "mirror": true},
						{"origin": [9.085, 9.69, -3.57], "size": [0.83, 0.65, 0.35], "uv": [32, 51], "mirror": true},
						{"origin": [9.085, 9.84, -3.22], "size": [0.83, 0.5, 0.35], "uv": [32, 51], "mirror": true},
						{"origin": [9.085, 9.69, -3.02], "size": [0.83, 0.15, 0.15], "uv": [63, 53], "mirror": true},
						{"origin": [9.085, 9.69, -3.22], "size": [0.83, 0.15, 0.2], "uv": [32, 52], "mirror": true},
						{"origin": [9.185, 10.33, -5.13], "size": [0.63, 0.42, 0.42], "uv": [25, 23], "mirror": true},
						{"origin": [9.185, 10.54, -5.34], "size": [0.63, 0.42, 0.21], "uv": [31, 52], "mirror": true},
						{"origin": [9.29, 11.38, -5.13], "size": [0.42, 0.42, 0.21], "uv": [32, 52], "mirror": true},
						{"origin": [9.29, 11.38, -4.92], "size": [0.42, 0.21, 0.21], "uv": [32, 52], "mirror": true},
						{"origin": [9.29, 11.38, -4.71], "size": [0.42, 0.063, 3.36], "uv": [29, 49], "mirror": true},
						{"origin": [9.29, 10.96, -1.35], "size": [0.42, 0.42, 0.21], "uv": [31, 52], "mirror": true},
						{"origin": [9.29, 11.38, -1.14], "size": [0.42, 0.105, 0.42], "uv": [32, 52], "mirror": true},
						{"origin": [9.185, 10.015, -5.55], "size": [0.63, 0.42, 0.42], "uv": [25, 23], "mirror": true},
						{"origin": [9.248, 10.393, -5.655], "size": [0.504, 0.504, 0.105], "uv": [31, 52], "mirror": true},
						{"origin": [9.353, 10.897, -5.655], "size": [0.294, 0.21, 0.105], "uv": [31, 52], "mirror": true},
						{"origin": [9.29, 10.435, -5.865], "size": [0.42, 0.42, 0.735], "uv": [31, 52], "mirror": true},
						{"origin": [9.29, 9.7, -2.61], "size": [0.42, 0.21, 0.42], "uv": [25, 23], "mirror": true},
						{"origin": [9.185, 10.12, -2.19], "size": [0.63, 0.42, 1.26], "uv": [24, 22], "mirror": true},
						{"origin": [9.185, 9.91, -1.77], "size": [0.63, 0.21, 0.42], "uv": [24, 23], "mirror": true},
						{"origin": [9.185, 9.7, -1.35], "size": [0.63, 0.42, 1.26], "uv": [24, 22], "mirror": true},
						{"origin": [9.185, 9.595, -0.51], "size": [0.63, 0.105, 0.42], "uv": [25, 23], "mirror": true},
						{"origin": [9.29, 9.28, -1.35], "size": [0.42, 0.42, 0.63], "uv": [31, 31], "mirror": true},
						{"origin": [9.395, 9.7, -1.98], "size": [0.21, 0.42, 0.63], "uv": [31, 52], "mirror": true},
						{"origin": [9.395, 9.28, -1.77], "size": [0.21, 0.42, 0.21], "uv": [31, 52], "mirror": true},
						{"origin": [9.395, 9.49, -1.56], "size": [0.21, 0.21, 0.21], "uv": [31, 52], "mirror": true},
						{"origin": [9.29, 7.49084, -1.52474], "size": [0.42, 1.26, 0.315], "pivot": [9.5, 9.71861, -2.82], "rotation": [22.5, 0, 0], "uv": [30, 23], "mirror": true},
						{"origin": [9.29, 8.51984, -1.20974], "size": [0.42, 0.126, 0.21], "pivot": [9.5, 9.71861, -2.82], "rotation": [22.5, 0, 0], "uv": [29, 23], "mirror": true},
						{"origin": [9.185, 7.29814, -1.08099], "size": [0.63, 1.38, 0.735], "pivot": [9.5, 9.71861, -2.82], "rotation": [22.5, 0, 0], "uv": [32, 31], "mirror": true},
						{"origin": [9.185, 8.6581, -1.08099], "size": [0.63, 0.38, 0.735], "pivot": [9.5, 9.71861, -2.82], "rotation": [22.5, 0, 0], "uv": [25, 22], "mirror": true},
						{"origin": [9.29, 7.50814, -1.81599], "size": [0.42, 0.315, 0.315], "pivot": [9.5, 9.71861, -2.82], "rotation": [22.5, 0, 0], "uv": [30, 24], "mirror": true},
						{"origin": [9.29, 7.50814, -1.29099], "size": [0.42, 0.105, 0.21], "pivot": [9.5, 9.71861, -2.82], "rotation": [22.5, 0, 0], "uv": [29, 23], "mirror": true},
						{"origin": [9.29, 8.87826, -1.88127], "size": [0.42, 0.21, 1.365], "pivot": [9.5, 9.71861, -2.82], "rotation": [-22.5, 0, 0], "uv": [29, 23], "mirror": true},
						{"origin": [9.143, 8.87826, -1.98627], "size": [0.714, 0.21, 0.21], "pivot": [9.5, 9.71861, -2.82], "rotation": [-22.5, 0, 0], "uv": [31, 52], "mirror": true},
						{"origin": [9.29, 8.46061, -2.76845], "size": [0.42, 0.42, 0.315], "pivot": [9.5, 9.71861, -2.82], "rotation": [22.5, 0, 0], "uv": [30, 23], "mirror": true},
						{"origin": [9.2375, 7.29814, -1.72099], "size": [0.525, 0.21, 0.84], "pivot": [9.5, 9.71861, -2.82], "rotation": [22.5, 0, 0], "uv": [32, 31], "mirror": true},
						{"origin": [9.2375, 7.14754, -1.83189], "size": [0.525, 0.168, 0.252], "pivot": [9.5, 9.71861, -2.82], "rotation": [22.5, 0, 0], "uv": [30, 38], "mirror": true},
						{"origin": [9.2375, 8.59929, -1.98329], "size": [0.525, 0.315, 1.68], "pivot": [9.5, 9.71861, -2.82], "rotation": [-22.5, 0, 0], "uv": [30, 37], "mirror": true},
						{"origin": [9.185, 7.08814, -1.60599], "size": [0.63, 0.21, 1.26], "pivot": [9.5, 9.71861, -2.82], "rotation": [22.5, 0, 0], "uv": [31, 51], "mirror": true},
						{"origin": [9.185, 10.12, -0.51], "size": [0.63, 0.21, 0.42], "uv": [25, 23], "mirror": true},
						{"origin": [9.29, 10.75, -0.51], "size": [0.42, 0.525, 0.525], "uv": [37, 37], "mirror": true},
						{"origin": [9.185, 10.54, -0.405], "size": [0.63, 0.21, 0.525], "uv": [31, 31], "mirror": true},
						{"origin": [9.395, 10.75, -0.405], "size": [0.21, 0.315, 0.525], "uv": [31, 31], "mirror": true},
						{"origin": [9.29, 10.12, -0.09], "size": [0.42, 0.42, 0.105], "uv": [31, 31], "mirror": true},
						{"origin": [9.08, 10.54, -3.87], "size": [0.84, 0.21, 1.26], "uv": [36, 36], "mirror": true},
						{"origin": [9.08, 9.91, -2.61], "size": [0.84, 0.84, 0.42], "uv": [37, 37], "mirror": true},
						{"origin": [9.185, 11.05, -3.87], "size": [0.63, 0.33, 1.26], "uv": [36, 36], "mirror": true},
						{"origin": [9.185, 10.75, -3.87], "size": [0.63, 0.33, 1.3], "uv": [35, 36], "mirror": true},
						{"origin": [9.185, 11.05, -2.61], "size": [0.63, 0.33, 1.26], "uv": [36, 36], "mirror": true},
						{"origin": [9.185, 10.75, -2.21], "size": [0.63, 0.33, 0.86], "uv": [38, 37], "mirror": true},
						{"origin": [9.185, 10.75, -2.27], "size": [0.63, 0.3, 0.06], "uv": [31, 39], "mirror": true},
						{"origin": [9.185, 10.75, -2.33], "size": [0.63, 0.33, 0.06], "uv": [36, 37], "mirror": true},
						{"origin": [9.185, 10.75, -2.4], "size": [0.63, 0.3, 0.06], "uv": [31, 39], "mirror": true},
						{"origin": [9.185, 10.75, -2.52], "size": [0.63, 0.3, 0.06], "uv": [31, 39], "mirror": true},
						{"origin": [9.185, 10.75, -2.46], "size": [0.63, 0.33, 0.06], "uv": [36, 37], "mirror": true},
						{"origin": [9.185, 10.75, -2.58], "size": [0.63, 0.33, 0.06], "uv": [36, 37], "mirror": true},
						{"origin": [9.185, 10.75, -0.93], "size": [0.63, 0.63, 0.42], "uv": [37, 37], "mirror": true},
						{"origin": [9.185, 10.75, -1.14], "size": [0.63, 0.63, 0.21], "uv": [37, 37], "mirror": true},
						{"origin": [9.185, 10.75, -1.35], "size": [0.63, 0.21, 0.21], "uv": [37, 37], "mirror": true},
						{"origin": [9.185, 11.17, -5.13], "size": [0.63, 0.21, 1.26], "uv": [36, 36], "mirror": true},
						{"origin": [9.185, 10.75, -4.71], "size": [0.63, 0.21, 0.84], "uv": [37, 37], "mirror": true},
						{"origin": [9.29, 10.75, -4.92], "size": [0.42, 0.42, 0.25], "uv": [25, 23], "mirror": true},
						{"origin": [9.29, 10.75, -4.72], "size": [0.42, 0.42, 1.25], "uv": [61, 50], "mirror": true},
						{"origin": [9.185, 10.75, -5.13], "size": [0.63, 0.42, 0.21], "uv": [37, 37], "mirror": true},
						{"origin": [9.08, 10.12, -4.29], "size": [0.84, 0.63, 0.42], "uv": [37, 37], "mirror": true},
						{"origin": [9.08, 10.33, -4.71], "size": [0.84, 0.42, 0.42], "uv": [37, 37], "mirror": true},
						{"origin": [9.08, 9.91, -4.92], "size": [0.84, 0.42, 0.63], "uv": [43, 35], "mirror": true},
						{"origin": [9.29, 9.49, -5.13], "size": [0.42, 0.42, 0.21], "uv": [32, 31], "mirror": true},
						{"origin": [9.185, 9.91, -5.13], "size": [0.63, 0.42, 0.21], "uv": [43, 35], "mirror": true},
						{"origin": [9.29, 9.07, -4.92], "size": [0.42, 0.42, 0.21], "uv": [29, 23], "mirror": true},
						{"origin": [9.185, 9.49, -4.92], "size": [0.63, 0.42, 0.42], "uv": [32, 31], "mirror": true},
						{"origin": [9.29, 8.86, -4.71], "size": [0.42, 0.21, 0.42], "uv": [30, 23], "mirror": true},
						{"origin": [9.185, 9.07, -4.71], "size": [0.63, 0.42, 0.42], "uv": [29, 23], "mirror": true},
						{"origin": [9.29, 8.65, -4.29], "size": [0.42, 0.21, 0.84], "uv": [30, 38], "mirror": true},
						{"origin": [9.185, 8.86, -4.29], "size": [0.63, 0.21, 0.84], "uv": [30, 23], "mirror": true},
						{"origin": [9.143, 8.755, -2.925], "size": [0.714, 0.21, 0.21], "uv": [32, 52], "mirror": true},
						{"origin": [9.143, 9.385, -4.815], "size": [0.714, 0.21, 0.21], "uv": [37, 37], "mirror": true},
						{"origin": [9.29, 8.44, -3.45], "size": [0.42, 0.21, 1.26], "uv": [30, 38], "mirror": true},
						{"origin": [9.185, 8.65, -3.45], "size": [0.63, 0.21, 1.26], "uv": [29, 37], "mirror": true},
						{"origin": [9.185, 8.86, -3.03], "size": [0.63, 0.21, 0.42], "uv": [29, 23], "mirror": true},
						{"origin": [9.08, 9.28, -4.5], "size": [0.84, 0.63, 0.21], "uv": [32, 31], "mirror": true},
						{"origin": [9.08, 9.7, -4.71], "size": [0.84, 0.21, 0.21], "uv": [32, 30], "mirror": true},
						{"origin": [9.08, 9.07, -4.29], "size": [0.84, 0.55, 0.42], "uv": [29, 23], "mirror": true},
						{"origin": [9.08, 9.57, -4.29], "size": [0.84, 0.55, 0.42], "uv": [32, 31], "mirror": true},
						{"origin": [9.08, 8.86, -3.45], "size": [0.84, 0.63, 0.42], "uv": [30, 23], "mirror": true},
						{"origin": [9.08, 9.07, -3.87], "size": [0.84, 0.42, 0.42], "uv": [30, 23], "mirror": true},
						{"origin": [9.08, 9.07, -3.03], "size": [0.84, 0.42, 0.42], "uv": [30, 23], "mirror": true},
						{"origin": [9.08, 8.86, -2.61], "size": [0.84, 0.6, 0.42], "uv": [30, 23], "mirror": true},
						{"origin": [9.08, 9.46, -2.61], "size": [0.84, 0.24, 0.42], "uv": [32, 31], "mirror": true},
						{"origin": [9.08, 10.33, -2.19], "size": [0.84, 0.42, 0.42], "uv": [37, 37], "mirror": true},
						{"origin": [9.08, 10.12, -0.93], "size": [0.84, 0.63, 0.42], "uv": [37, 37], "mirror": true},
						{"origin": [9.08, 10.33, -0.51], "size": [0.84, 0.42, 0.42], "uv": [37, 37], "mirror": true},
						{"origin": [9.185, 10.75, -0.51], "size": [0.63, 0.42, 0.42], "uv": [37, 37], "mirror": true},
						{"origin": [9.08, 10.54, -1.77], "size": [0.84, 0.21, 0.84], "uv": [37, 37], "mirror": true}
					]
				},
				{
					"name": "tail",
					"parent": "torso",
					"pivot": [0, 2.75, 3.5],
					"cubes": [
						{"origin": [0, 1.75, 3], "size": [0, 9, 10], "uv": [1, 8]},
						{"origin": [0, 10.74, 6], "size": [0, 7, 13], "uv": [1, 23]}
					]
				},
				{
					"name": "leg_right",
					"parent": "body",
					"pivot": [-4, 5.25, 0.5],
					"cubes": [
						{"origin": [-6, 1.5, -2.5], "size": [4, 6, 6], "pivot": [-4, 4.5, 0], "rotation": [-10, 0, 0], "uv": [44, 21]}
					]
				},
				{
					"name": "foot_right",
					"parent": "leg_right",
					"pivot": [-3.75, 2, 0.75],
					"cubes": [
						{"origin": [-4.75, 1, -0.75], "size": [2, 2, 3], "uv": [10, 59]},
						{"origin": [-5.25, 0, -1.5], "size": [3, 1, 4], "uv": [10, 53], "mirror": true}
					]
				},
				{
					"name": "toes_right",
					"parent": "foot_right",
					"pivot": [-3.75, 0, -1.5],
					"cubes": [
						{"origin": [-5.25, 0, -2.5], "size": [3, 1, 1], "uv": [17, 58], "mirror": true}
					]
				},
				{
					"name": "leg_left",
					"parent": "body",
					"pivot": [4, 5.25, 0.5],
					"cubes": [
						{"origin": [2, 1.5, -2.5], "size": [4, 6, 6], "pivot": [4, 4.5, 0], "rotation": [-10, 0, 0], "uv": [44, 9], "mirror": true}
					]
				},
				{
					"name": "foot_left",
					"parent": "leg_left",
					"pivot": [3.75, 2, 0.75],
					"cubes": [
						{"origin": [2.75, 1, -0.75], "size": [2, 2, 3], "uv": [0, 59], "mirror": true},
						{"origin": [2.25, 0, -1.5], "size": [3, 1, 4], "uv": [0, 54]}
					]
				},
				{
					"name": "toes_left",
					"parent": "foot_left",
					"pivot": [3.75, 0, -1.5],
					"cubes": [
						{"origin": [2.25, 0, -2.5], "size": [3, 1, 1], "uv": [17, 60]}
					]
				}
			]
		}
	]
}