{
	"format_version": "1.8.0",
	"animations": {
		"animation.bansitu.ground_idle": {
			"loop": true,
			"animation_length": 8,
			"bones": {
				"bone": {
					"rotation": {
						"0.0": [0, 0, 0],
						"2.0": [9.94548, -1.29256, -7.66955],
						"4.0": [0, 0, 0],
						"6.0": [9.94548, 1.29256, 7.66955],
						"8.0": [0, 0, 0]
					},
					"position": {
						"0.0": [0, 0, 0],
						"2.0": [-1, 0, 0],
						"4.0": [0, 0, 0],
						"6.0": [1, 0, 0],
						"8.0": [0, 0, 0]
					}
				},
				"head": {
					"rotation": {
						"0.0": [0, 0, 0],
						"2.0": [-5, 0, 10],
						"4.0": [0, 0, 0],
						"6.0": [0, 0, -10],
						"8.0": [0, 0, 0]
					}
				}
			}
		},
		"animation.bansitu.ground_walk": {
			"loop": true,
			"animation_length": 1,
			"bones": {
				"bone": {
					"rotation": {
						"0.0": [45, 0, 0],
						"1.0": [45, 0, 0]
					},
					"position": {
						"0.0": [0, 2, 3],
						"0.48": [0, 3, 3],
						"1.0": [0, 2, 3]
					}
				},
				"head": {
					"rotation": {
						"0.0": [-40, 0, 0],
						"0.48": [-37.5, 0, 0],
						"1.0": [-40, 0, 0]
					},
					"position": {
						"0.0": [0, 0, -1],
						"1.0": [0, 0, -1]
					}
				},
				"bone2": {
					"rotation": {
						"0.0": [0, 0, 0],
						"0.48": [7.5, 0, 0],
						"1.0": [0, 0, 0]
					}
				}
			}
		}
	}
}