{
	"format_version": "1.12.0",
	"minecraft:geometry": [
		{
			"description": {
				"identifier": "geometry.polporos_fetus",
				"texture_width": 64,
				"texture_height": 64,
				"visible_bounds_width": 3,
				"visible_bounds_height": 2.5,
				"visible_bounds_offset": [0, 0.75, 0]
			},
			"bones": [
				{
					"name": "polporos_fetus",
					"pivot": [0, 2, 0]
				},
				{
					"name": "body",
					"parent": "polporos_fetus",
					"pivot": [0, 2, 4],
					"cubes": [
						{"origin": [-2, 4, -2], "size": [4, 6, 4], "uv": [0, 10]},
						{"origin": [-0.5, 6.5, 3], "size": [1, 1, 1], "uv": [12, 24]},
						{"origin": [-1, 5, 2], "size": [2, 4, 1], "uv": [28, 0]}
					]
				},
				{
					"name": "arm_right",
					"parent": "body",
					"pivot": [-2, 8.5, -2],
					"cubes": [
						{"origin": [-2, 8, -4], "size": [1, 1, 2], "uv": [28, 22]}
					]
				},
				{
					"name": "arm_left",
					"parent": "body",
					"pivot": [2, 8.5, -2],
					"cubes": [
						{"origin": [1, 8, -4], "size": [1, 1, 2], "uv": [24, 30]}
					]
				},
				{
					"name": "tail",
					"parent": "body",
					"pivot": [0, 4, 1],
					"cubes": [
						{"origin": [-1, 1, -1], "size": [2, 3, 2], "uv": [8, 26]}
					]
				},
				{
					"name": "tail2",
					"parent": "tail",
					"pivot": [0, 1, 0.75],
					"cubes": [
						{"origin": [-0.5, -2, -0.25], "size": [1, 3, 1], "uv": [30, 30]}
					]
				},
				{
					"name": "tail3",
					"parent": "tail2",
					"pivot": [0, -2, 0.75],
					"cubes": [
						{"origin": [-1, -5, -0.75], "size": [2, 3, 2], "uv": [16, 26]}
					]
				},
				{
					"name": "neck",
					"parent": "body",
					"pivot": [0, 10, 1],
					"cubes": [
						{"origin": [-1, 10, -1], "size": [2, 2, 2], "uv": [20, 6]}
					]
				},
				{
					"name": "head",
					"parent": "neck",
					"pivot": [0, 12, 0],
					"cubes": [
						{"origin": [-2.5, 12, -3], "size": [5, 5, 5], "uv": [0, 0]},
						{"origin": [-1, 13, -5], "size": [2, 2, 2], "uv": [24, 26]},
						{"origin": [-1.5, 13, -8], "size": [3, 3, 3], "uv": [0, 20]},
						{"origin": [2, 13, -2], "size": [1, 3, 3], "uv": [20, 0]},
						{"origin": [-3, 13, -2], "size": [1, 3, 3], "uv": [0, 26]},
						{"origin": [-3.5, 12, 2], "size": [1, 1, 2], "pivot": [-2.5, 13, 2], "rotation": [-24.14867, -20.70481, 9.00717], "uv": [28, 16]},
						{"origin": [-3.5, 13, 2], "size": [1, 1, 1], "pivot": [-2.5, 13, 2], "rotation": [24.14867, -20.70481, -9.00717], "uv": [16, 31]},
						{"origin": [2.5, 13, 2], "size": [1, 1, 1], "pivot": [2.5, 13, 2], "rotation": [24.14867, 20.70481, 9.00717], "uv": [20, 31]},
						{"origin": [2.5, 12, 2], "size": [1, 1, 2], "pivot": [2.5, 13, 2], "rotation": [-24.14867, 20.70481, -9.00717], "uv": [28, 19]},
						{"origin": [-0.5, 17, -1], "size": [1, 2, 1], "uv": [12, 31]},
						{"origin": [-0.5, 17, 0], "size": [1, 1, 1], "pivot": [-0.5, 17, 0], "rotation": [-22.5, 0, 0], "uv": [0, 32]},
						{"origin": [-0.5, 17, -2], "size": [1, 1, 1], "pivot": [-0.5, 17, -1], "rotation": [22.5, 0, 0], "uv": [4, 32]}
					]
				},
				{
					"name": "jaw",
					"parent": "head",
					"pivot": [0, 13.25, -3],
					"cubes": [
						{"origin": [-0.5, 12.25, -5], "size": [1, 1, 2], "uv": [28, 13]}
					]
				},
				{
					"name": "leg_left",
					"parent": "body",
					"pivot": [2, 6, -1],
					"cubes": [
						{"origin": [1, 4, -3], "size": [2, 4, 4], "inflate": 0.01, "uv": [16, 10]}
					]
				},
				{
					"name": "leg_left2",
					"parent": "leg_left",
					"pivot": [2, 4, 0],
					"cubes": [
						{"origin": [1.5, 1, -1], "size": [1, 3, 1], "uv": [12, 20]}
					]
				},
				{
					"name": "foot_left",
					"parent": "leg_left2",
					"pivot": [-0.5, 1, -1],
					"cubes": [
						{"origin": [1, -2, -1], "size": [2, 3, 1], "uv": [28, 5]}
					]
				},
				{
					"name": "leg_right",
					"parent": "body",
					"pivot": [-2, 6, -1],
					"cubes": [
						{"origin": [-3, 4, -3], "size": [2, 4, 4], "inflate": 0.01, "uv": [16, 18]}
					]
				},
				{
					"name": "leg_right2",
					"parent": "leg_right",
					"pivot": [-2, 4, 0],
					"cubes": [
						{"origin": [-2.5, 1, -1], "size": [1, 3, 1], "uv": [8, 31]}
					]
				},
				{
					"name": "foot_right",
					"parent": "leg_right2",
					"pivot": [0.5, 1, -1],
					"cubes": [
						{"origin": [-3, -2, -1], "size": [2, 3, 1], "uv": [28, 9]}
					]
				}
			]
		}
	]
}