{
	"format_version": "1.8.0",
	"animations": {
		"animation.mysteryegg.ground_idle": {
			"loop": true,
			"animation_length": 4,
			"bones": {
				"head": {
					"rotation": {
						"0.0": [0, 0, 0],
						"1.0": [5, 0, 0],
						"2.0": [0, 0, 0],
						"3.0": [-5, 0, 0],
						"4.0": [0, 0, 0]
					},
					"position": {
						"0.0": [0, 0, 0],
						"2.0": [0, -0.5, 0],
						"4.0": [0, 0, 0]
					}
				},
				"eyes": {
					"rotation": {
						"0.0": [0, 0, 0],
						"1.0": [-2.5, 0, 0],
						"2.0": [0, 0, 0],
						"3.0": [-5, 0, 0],
						"4.0": [0, 0, 0]
					}
				}
			}
		},
		"animation.mysteryegg.ground_walk": {
			"loop": true
		},
		"animation.mysteryegg.sleep": {
			"loop": true,
			"animation_length": 4,
			"bones": {
				"head": {
					"rotation": {
						"0.0": [10, 0, 0],
						"4.0": [10, 0, 0]
					},
					"position": {
						"0.0": [0, 0, 0],
						"2.0": [0, -0.25, 0],
						"4.0": [0, 0, 0]
					}
				},
				"eyes": {
					"scale": 0
				}
			}
		},
		"animation.mysteryegg.faint": {
			"loop": true
		}
	}
}