{
	"format_version": "1.8.0",
	"animations": {
		"animation.sludob.ground_idle": {
			"loop": true,
			"animation_length": 3.36,
			"bones": {
				"bone": {
					"scale": {
						"0.0": [1, 1, 1],
						"1.68": [1, 0.8, 1],
						"3.36": [1, 1, 1]
					}
				}
			}
		},
		"animation.sludob.ground_walk": {
			"loop": true,
			"animation_length": 0.96,
			"bones": {
				"head": {
					"rotation": {
						"0.0": [0, 0, 0],
						"0.48": [10, 0, 0],
						"0.96": [0, 0, 0]
					}
				},
				"bone2": {
					"scale": {
						"0.0": [1, 1, 1],
						"0.48": [1, 1, 1.2],
						"0.96": [1, 1, 1]
					}
				}
			}
		}
	}
}