{
 "head": "head",
 "portraitScale": 3,
 "portraitTranslation": [ 0, -1, 0 ],
 "profileScale": 1,
 "profileTranslation": [ 0, 0.5, 0 ],
 "faint": "bedrock(allayze, faint)",
 "poses": {
   "standing": {
     "poseName": "standing",
     "transformTicks": 10,
     "poseTypes": [
       "STAND",
       "NONE",
       "PORTRAIT",
       "PROFILE"
     ],
     "animations": [
       "look",
       "bedrock(allayze, ground_idle)"
     ]
   },
   "walking": {
     "poseName": "walking",
     "transformTicks": 10,
     "poseTypes": [ "WALK" ],
     "animations": [ "bedrock(allayze, ground_walk)" ]
   },
   "hovering": {
    "poseName": "hovering",
    "transformTicks": 10,
    "poseTypes": [ "HOVER" ],
    "animations": [ "bedrock(allayze, ground_idle)" ]
  },
  "flying": {
    "poseName": "flying",
    "transformTicks": 10,
    "poseTypes": [ "FLY" ],
    "animations": [ "bedrock(allayze, ground_walk)" ]
  },
  "sleeping": {
    "poseName": "sleeping",
    "transformTicks": 10,
    "poseTypes": [ "SLEEP" ],
    "animations": [ "bedrock(allayze, sleep)" ]
  }
 }
}