{
 "head": "head",
 "portraitScale": 3,
 "portraitTranslation": [ -0.8, 0.5, 0 ],
 "profileScale": 0.7,
 "profileTranslation": [ 0, 0.6, 0 ],
 "faint": "bedrock(chargingboom, faint)",
 "poses": {
   "standing": {
     "poseName": "standing",
     "transformTicks": 10,
     "poseTypes": [
       "STAND",
       "NONE",
       "PORTRAIT",
       "PROFILE"
     ],
     "animations": [
       "look",
       "bedrock(chargingboom, ground_idle)"
     ]
   },
   "walking": {
     "poseName": "walking",
     "transformTicks": 10,
     "poseTypes": [ "WALK" ],
     "animations": [ "bedrock(chargingboom, ground_walk)" ]
	 
	
   },
   "sleeping": {
     "poseName": "sleeping",
     "transformTicks": 5,
     "poseTypes": [ "SLEEP" ],
     "animations": [ "bedrock(chargingboom, sleep)" ]
	 
	
   }
   
   
 }
}