{
 "head": "head",
 "portraitScale": 2,
 "portraitTranslation": [ -0.3, 1, 0 ],
 "profileScale": 0.7,
 "profileTranslation": [ 0.1, 0.7, 0 ],
 "faint": "bedrock(creeperator, faint)",
 "poses": {
   "standing": {
     "poseName": "standing",
     "transformTicks": 10,
     "poseTypes": [
       "STAND",
       "NONE",
       "PORTRAIT",
       "PROFILE"
     ],
     "animations": [
       "look",
       "bedrock(creeperator, ground_idle)"
     ]
   },
   "walking": {
     "poseName": "walking",
     "transformTicks": 10,
     "poseTypes": [ "WALK" ],
     "animations": [ "bedrock(creeperator, ground_walk)" ]
   },
   "sleeping": {
     "poseName": "sleeping",
     "transformTicks": 10,
     "poseTypes": [ "SLEEP" ],
     "animations": [ "bedrock(creeperator, sleep)" ]
   }
 }
}