{
 "head": "head",
 "portraitScale": 2,
 "portraitTranslation": [ -1, 0.8, 0 ],
 "profileScale": 0.7,
 "profileTranslation": [ 0, 0.6, 0 ],
 "faint": "bedrock(enderdrake, faint)",
 "poses": {
   "standing": {
     "poseName": "standing",
     "transformTicks": 10,
     "poseTypes": [
       "STAND",
       "NONE",
       "PORTRAIT",
       "PROFILE"
     ],
     "animations": [
       "look",
       "bedrock(enderdrake, ground_idle)"
     ]
   },
   "walking": {
     "poseName": "walking",
     "transformTicks": 10,
     "poseTypes": [ "WALK" ],
     "animations": [ "bedrock(enderdrake, ground_walk)" ]
	 
	
   },
   "hovering": {
     "poseName": "hovering",
     "transformTicks": 10,
     "poseTypes": [ "HOVER" ],
     "animations": [ "bedrock(enderdrake, air_idle)" ]
	 
	
   },
   "flying": {
     "poseName": "flying",
     "transformTicks": 10,
     "poseTypes": [ "FLY" ],
     "animations": [ "bedrock(enderdrake, air_fly)" ]
	 
	
   }
   
   
 }
}