{
 "head": "head",
 "portraitScale": 2,
 "portraitTranslation": [ -0.2, -1.5, 0 ],
 "profileScale": 1.3,
 "profileTranslation": [ -0.1, -0.4, 0 ],
 "faint": "bedrock(endisite, faint)",
 "poses": {
   "standing": {
     "poseName": "standing",
     "transformTicks": 10,
     "poseTypes": [
       "STAND",
       "NONE",
       "PORTRAIT",
       "PROFILE"
     ],
     "animations": [
       "look",
       "bedrock(endisite, ground_idle)"
     ]
   },
   "walking": {
     "poseName": "walking",
     "transformTicks": 10,
     "poseTypes": [ "WALK" ],
     "animations": [ "bedrock(endisite, ground_walk)" ]
   }
 }
}