{
 "head": "head",
 "portraitScale": 2,
 "portraitTranslation": [ -0.8, 0.3, 0 ],
 "profileScale": 1,
 "profileTranslation": [ 0.1, 0.4, 0 ],
 "faint": "bedrock(lizarrden, faint)",
 "poses": {
   "standing": {
     "poseName": "standing",
     "transformTicks": 10,
     "poseTypes": [
       "STAND",
       "NONE",
       "PORTRAIT",
       "PROFILE"
     ],
     "animations": [
       "look",
       "bedrock(lizarrden, ground_idle)"
     ]
   },
   "walking": {
     "poseName": "walking",
     "transformTicks": 10,
     "poseTypes": [ "WALK" ],
     "animations": [ "bedrock(lizarrden, ground_walk)" ]
   },
   "sleeping": {
     "poseName": "sleeping",
     "transformTicks": 10,
     "poseTypes": [ "SLEEP" ],
     "animations": [ "bedrock(lizarrden, sleep)" ]
   }
 }
}