{
 "head": "head",
 "portraitScale": 3,
 "portraitTranslation": [ 0, -2, 0 ],
 "profileScale": 1.7,
 "profileTranslation": [ 0, -0.8, 0 ],
 "faint": "bedrock(patterler, faint)",
 "poses": {
   "standing": {
     "poseName": "standing",
     "transformTicks": 10,
     "poseTypes": [
       "STAND",
       "NONE",
       "PORTRAIT",
       "PROFILE"
     ],
     "animations": [
       "look",
       "bedrock(patterler, ground_idle)"
     ]
   },
   "walking": {
     "poseName": "walking",
     "transformTicks": 10,
     "poseTypes": [ "WALK" ],
     "animations": [ "bedrock(patterler, ground_walk)" ]
   },
   "shoulder_left": {
            "poseName": "shoulder_left",
            "transformTicks": 10,
            "poseTypes": [ "SHOULDER_LEFT" ],
            "animations": [ "look", "bedrock(patterler, shoulder_left)" ]
        },
        "shoulder_right": {
            "poseName": "shoulder_right",
            "transformTicks": 10,
            "poseTypes": [ "SHOULDER_RIGHT" ],
            "animations": [ "look", "bedrock(patterler, shoulder_right)" ]
        },
		"swimming": {
            "poseName": "swimming",
            "transformTicks": 10,
            "poseTypes": [ "SWIM" ],
            "animations": [ "look", "bedrock(patterler, water_swim)" ]
        },
		"floating": {
            "poseName": "floating",
            "transformTicks": 10,
            "poseTypes": [ "FLOAT" ],
            "animations": [ "look", "bedrock(patterler, water_idle)" ]
        },
		"sleeping": {
            "poseName": "sleeping",
            "transformTicks": 10,
            "poseTypes": [ "SLEEP" ],
            "animations": [ "look", "bedrock(patterler, sleep)" ]
        }
 }
}