{
 "head": "head",
 "portraitScale": 3,
 "portraitTranslation": [ -0.8, -0.2, 0 ],
 "profileScale": 0.7,
 "profileTranslation": [ 0, 0.6, 0 ],
 "faint": "bedrock(phantomare, faint)",
 "poses": {
   "standing": {
     "poseName": "standing",
     "transformTicks": 10,
     "poseTypes": [
       "STAND",
       "NONE",
       "PORTRAIT",
       "PROFILE"
     ],
     "animations": [
       "look",
       "bedrock(phantomare, ground_idle)"
     ]
   },
   "walking": {
     "poseName": "walking",
     "transformTicks": 10,
     "poseTypes": [ "WALK" ],
     "animations": [ "bedrock(phantomare, ground_walk)" ]
	 
	
   },
   "sleeping": {
     "poseName": "sleeping",
     "transformTicks": 5,
     "poseTypes": [ "SLEEP" ],
     "animations": [ "bedrock(phantomare, sleep)" ]
	 
	
   },
   
   "hovering": {
     "poseName": "hovering",
     "transformTicks": 5,
     "poseTypes": [ "HOVER" ],
     "animations": [ "bedrock(phantomare, air_idle)" ]
	 
	
   },
   "flying": {
     "poseName": "flying",
     "transformTicks": 5,
     "poseTypes": [ "FLY" ],
     "animations": [ "bedrock(phantomare, air_fly)" ]
	 
	
   }
   
   
 }
}