{
 "head": "head",
 "portraitScale": 3,
 "portraitTranslation": [ 0, -2.8, 0 ],
 "profileScale": 1.2,
 "profileTranslation": [ 0, -0.3, 0 ],
 "faint": "bedrock(qwilprism, faint)",
 "poses": {
   "standing": {
     "poseName": "standing",
     "transformTicks": 10,
     "poseTypes": [
       "STAND",
       "NONE",
       "PORTRAIT",
       "PROFILE"
     ],
     "animations": [
       "bedrock(qwilprism, ground_idle)"
     ]
   },
   "walking": {
     "poseName": "walking",
     "transformTicks": 10,
     "poseTypes": [ "WALK" ],
     "animations": [ "bedrock(qwilprism, ground_walk)" ]
	 
	
   },
   "sleeping": {
     "poseName": "sleeping",
     "transformTicks": 5,
     "poseTypes": [ "SLEEP" ],
     "animations": [ "bedrock(qwilprism, sleep)" ]
	 
	
   },
   "swimming": {
     "poseName": "swimming",
     "transformTicks": 5,
     "poseTypes": [ "SWIM" ],
     "animations": [ "bedrock(qwilprism, water_swim)" ]
	 
	
   },
   "floating": {
     "poseName": "floating",
     "transformTicks": 5,
     "poseTypes": [ "FLOAT" ],
     "animations": [ "bedrock(qwilprism, water_idle)" ]
	 
	
   }
   
   
 }
}