{
 "head": "head",
 "portraitScale": 2.5,
 "portraitTranslation": [ -1, -1.8, 0 ],
 "profileScale": 1,
 "profileTranslation": [ 0, 0, 0 ],
 "faint": "bedrock(shulkle, faint)",
 "poses": {
   "standing": {
     "poseName": "standing",
     "transformTicks": 10,
     "poseTypes": [
       "STAND",
       "NONE",
       "PORTRAIT",
       "PROFILE"
     ],
     "animations": [
       "look",
       "bedrock(shulkle, ground_idle)"
     ]
   },
   "walking": {
     "poseName": "walking",
     "transformTicks": 10,
     "poseTypes": [ "WALK" ],
     "animations": [ "bedrock(shulkle, ground_walk)" ]
	 
	
   },
   "sleeping": {
     "poseName": "sleeping",
     "transformTicks": 5,
     "poseTypes": [ "SLEEP" ],
     "animations": [ "bedrock(shulkle, sleep)" ]
	 
	
   }
   
   
 }
}