{
 "head": "head",
 "portraitScale": 3,
 "portraitTranslation": [ 0, -2, 0 ],
 "profileScale": 1,
 "profileTranslation": [ 0, 0.2, 0 ],
 "faint": "bedrock(strideler, faint)",
 "poses": {
   "standing": {
     "poseName": "standing",
     "transformTicks": 10,
     "poseTypes": [
       "STAND",
       "NONE",
       "PORTRAIT",
       "PROFILE"
     ],
     "animations": [
       "bedrock(strideler, ground_idle)"
     ]
   },
   "walking": {
     "poseName": "walking",
     "transformTicks": 10,
     "poseTypes": [ "WALK" ],
     "animations": [ "bedrock(strideler, ground_walk)" ]
   },
		"sleeping": {
            "poseName": "sleeping",
            "transformTicks": 10,
            "poseTypes": [ "SLEEP" ],
            "animations": [ "look", "bedrock(strideler, sleep)" ]
        },
		
		"floating": {
            "poseName": "floating",
            "transformTicks": 10,
            "poseTypes": [ "FLOAT" ],
            "animations": [ "look", "bedrock(strideler, water_idle)" ]
        },
		"swimming": {
            "poseName": "swimming",
            "transformTicks": 10,
            "poseTypes": [ "SWIM" ],
            "animations": [ "look", "bedrock(strideler, water_swim)" ]
        }
 }
}