{
 "head": "head",
 "portraitScale": 2,
 "portraitTranslation": [ -0.7, 0.5, 0 ],
 "profileScale": 0.8,
 "profileTranslation": [ 0, 0.8, 0 ],
 "faint": "bedrock(witherich, faint)",
 "poses": {
   "standing": {
     "poseName": "standing",
     "transformTicks": 10,
     "poseTypes": [
       "STAND",
       "NONE",
       "PORTRAIT",
       "PROFILE"
     ],
     "animations": [
       "look",
       "bedrock(witherich, ground_idle)"
     ]
   },
   "walking": {
     "poseName": "walking",
     "transformTicks": 10,
     "poseTypes": [ "WALK" ],
     "animations": [ "bedrock(witherich, ground_walk)" ]
   },
   "hovering": {
     "poseName": "hovering",
     "transformTicks": 10,
     "poseTypes": [ "HOVER" ],
     "animations": [ "bedrock(witherich, ground_idle)" ]
   },
   "flying": {
     "poseName": "flying",
     "transformTicks": 10,
     "poseTypes": [ "WALK" ],
     "animations": [ "bedrock(witherich, ground_walk)" ]
   }
 }
}