{
 "head": "head",
 "portraitScale": 3,
 "portraitTranslation": [ 0, -2, 0 ],
 "profileScale": 1.7,
 "profileTranslation": [ 0, -0.8, 0 ],
 "faint": "bedrock(withrose, faint)",
 "poses": {
   "standing": {
     "poseName": "standing",
     "transformTicks": 10,
     "poseTypes": [
       "STAND",
       "NONE",
       "PORTRAIT",
       "PROFILE"
     ],
     "animations": [
       "look",
       "bedrock(withrose, ground_idle)"
     ]
   },
   "walking": {
     "poseName": "walking",
     "transformTicks": 10,
     "poseTypes": [ "WALK" ],
     "animations": [ "bedrock(withrose, ground_walk)" ]
   },
   "shoulder_left": {
            "poseName": "shoulder_left",
            "transformTicks": 10,
            "poseTypes": [ "SHOULDER_LEFT" ],
            "animations": [ "look", "bedrock(withrose, shoulder_left)" ]
        },
        "shoulder_right": {
            "poseName": "shoulder_right",
            "transformTicks": 10,
            "poseTypes": [ "SHOULDER_RIGHT" ],
            "animations": [ "look", "bedrock(withrose, shoulder_right)" ]
        }
 }
}