{
	"format_version": "1.8.0",
	"animations": {
		"animation.milliflower.ground_walk": {
			"loop": true,
			"bones": {
				"head": {
					"rotation": [0, 0, "0+math.cos(q.anim_time*90*5+30)*2"]
				},
				"body": {
					"rotation": [0, 0, "0-math.cos(q.anim_time*90*5)*2"]
				},
				"left_leg": {
					"rotation": ["0-math.cos(q.anim_time*90*5)*30", 0, 0],
					"position": [0, "0+math.clamp((math.sin(q.anim_time*-90*5)*1), 0, 1)", 0]
				},
				"right_leg": {
					"rotation": ["0+math.cos(q.anim_time*90*5)*30", 0, 0],
					"position": [0, "0+math.clamp((math.sin(q.anim_time*90*5)*1), 0, 1)", 0]
				},
				"body_1": {
					"rotation": [0, 0, "0+math.cos(q.anim_time*90*5-30)*4"]
				},
				"left_leg_1": {
					"rotation": ["0-math.cos(q.anim_time*90*5-30)*30", 0, 0],
					"position": [0, "0+math.clamp((math.sin(q.anim_time*-90*5+30)*1), 0, 1)", 0]
				},
				"right_leg_1": {
					"rotation": ["0+math.cos(q.anim_time*90*5-30)*30", 0, 0],
					"position": [0, "0+math.clamp((math.sin(q.anim_time*90*5-30)*1), 0, 1)", 0]
				},
				"body_2": {
					"rotation": [0, 0, "0-math.cos(q.anim_time*90*5-60)*6"]
				},
				"left_leg_2": {
					"rotation": ["0-math.cos(q.anim_time*90*5-60)*30", 0, 0],
					"position": [0, "0+math.clamp((math.sin(q.anim_time*-90*5+60)*1), 0, 1)", 0]
				},
				"right_leg_2": {
					"rotation": ["0+math.cos(q.anim_time*90*5-60)*30", 0, 0],
					"position": [0, "0+math.clamp((math.sin(q.anim_time*90*5-60)*1), 0, 1)", 0]
				},
				"body_3": {
					"rotation": [0, 0, "0+math.cos(q.anim_time*90*5-90)*8"]
				},
				"left_leg_3": {
					"rotation": ["0-math.cos(q.anim_time*90*5-90)*30", 0, 0],
					"position": [0, "0+math.clamp((math.sin(q.anim_time*-90*5+90)*1), 0, 1)", 0]
				},
				"right_leg_3": {
					"rotation": ["0+math.cos(q.anim_time*90*5-90)*30", 0, 0],
					"position": [0, "0+math.clamp((math.sin(q.anim_time*90*5-90)*1), 0, 1)", 0]
				},
				"body_4": {
					"rotation": [0, 0, "0-math.cos(q.anim_time*90*5-120)*10"]
				},
				"left_leg_4": {
					"rotation": ["0-math.cos(q.anim_time*90*5-120)*30", 0, 0],
					"position": [0, "0+math.clamp((math.sin(q.anim_time*-90*5+120)*1), 0, 1)", 0]
				},
				"right_leg_4": {
					"rotation": ["0+math.cos(q.anim_time*90*5-1200)*30", 0, 0],
					"position": [0, "0+math.clamp((math.sin(q.anim_time*90*5-120)*1), 0, 1)", 0]
				}
			}
		},
		"animation.milliflower.blink": {
			"animation_length": 0.16,
			"bones": {
				"left_eyelid": {
					"position": {
						"0.0": [1, 0, -1],
						"0.16": {
							"pre": [1, 0, -1],
							"post": [0, 0, 0]
						}
					}
				},
				"right_eyelid": {
					"position": {
						"0.0": [-1, 0, -1],
						"0.16": {
							"pre": [-1, 0, -1],
							"post": [0, 0, 0]
						}
					}
				}
			}
		},
		"animation.milliflower.ground_idle": {
			"loop": true,
			"bones": {
				"full_body": {
					"position": [0, 6.4, 0]
				},
				"head": {
					"rotation": ["0+math.cos(q.anim_time*90)*1", 0, 0],
					"position": [0, "9+math.cos(q.anim_time*90)*0.1", 9]
				},
				"mouth_open": {
					"rotation": [0, 0, 0],
					"position": [0, -19, 9]
				},
				"body": {
					"rotation": [-90, 0, 0],
					"position": [0, "0+math.cos(q.anim_time*90)*0.1", 0]
				},
				"legs": {
					"position": [0, 0, "0+math.cos(q.anim_time*90)*0.1"]
				},
				"left_leg": {
					"rotation": [90, 0, 0]
				},
				"right_leg": {
					"rotation": [90, 0, 0]
				},
				"body_1": {
					"position": [0, 0, "0+math.cos(q.anim_time*90)*0.05"]
				},
				"legs_1": {
					"position": [0, 0, "0+math.cos(q.anim_time*90)*0.1"]
				},
				"left_leg_1": {
					"rotation": [90, 0, 0]
				},
				"right_leg_1": {
					"rotation": [90, 0, 0]
				},
				"body_2": {
					"rotation": [45, 0, 0],
					"position": [0, 4.3, "-3.6-math.cos(q.anim_time*90)*0.1"]
				},
				"legs_2": {
					"position": [0, "0-math.cos(q.anim_time*90)*0.05", "0+math.cos(q.anim_time*90)*0.1"]
				},
				"left_leg_2": {
					"rotation": [47.5, 0, 0]
				},
				"right_leg_2": {
					"rotation": [47.5, 0, 0]
				},
				"body_3": {
					"rotation": [45, 0, 0],
					"position": [0, "4.5-math.cos(q.anim_time*90)*0.1", "-3.2+math.cos(q.anim_time*90)*0.05"]
				},
				"left_leg_3": {
					"rotation": [90, 0, 0]
				},
				"right_leg_3": {
					"rotation": [90, 0, 0]
				},
				"left_leg_4": {
					"rotation": [90, 0, 0]
				},
				"right_leg_4": {
					"rotation": [90, 0, 0]
				}
			}
		},
		"animation.milliflower.cry": {
			"animation_length": 1.52,
			"bones": {
				"head": {
					"rotation": {
						"0.0": {
							"post": [7, 0, 0],
							"lerp_mode": "catmullrom"
						},
						"0.36": {
							"post": [-17, 0, 0],
							"lerp_mode": "catmullrom"
						},
						"1.12": {
							"post": [-17, 0, 0],
							"lerp_mode": "catmullrom"
						},
						"1.52": [0, 0, 0]
					},
					"position": {
						"0.0": {
							"post": [0, 0, 0],
							"lerp_mode": "catmullrom"
						},
						"0.36": {
							"post": [0, "7.9-9", "9.3-9"],
							"lerp_mode": "catmullrom"
						},
						"1.12": {
							"post": [0, "7.9-9", "9.3-9"],
							"lerp_mode": "catmullrom"
						},
						"1.52": [0, 0, 0]
					}
				},
				"mouth_open": {
					"rotation": {
						"0.0": [0, 0, 0],
						"0.28": {"pre": [0, 0, 0], "post": [0, 90, 0]},
						"1.12": [0, 90, 0],
						"1.52": {"pre": [0, 90, 0], "post": [0, 0, 0]}
					},
					"position": {
						"0.0": [0, 0, 0],
						"0.28": {"pre": [0, 0, 0], "post": [0, -1, -3]},
						"1.12": [0, -1, -3],
						"1.52": {"pre": [0, -1, -3], "post": [0, 0, 0]}
					}
				},
				"body": {
					"rotation": [0, 0, 0]
				},
				"left_leg": {
					"rotation": {
						"0.0": {
							"post": [0, 0, 0],
							"lerp_mode": "catmullrom"
						},
						"0.32": {
							"post": ["45-90", 0, 0],
							"lerp_mode": "catmullrom"
						},
						"1.08": {
							"post": ["45-90", 0, 0],
							"lerp_mode": "catmullrom"
						},
						"1.52": [0, 0, 0]
					}
				},
				"right_leg": {
					"rotation": {
						"0.0": {
							"post": [0, 0, 0],
							"lerp_mode": "catmullrom"
						},
						"0.32": {
							"post": ["45-90", 0, 0],
							"lerp_mode": "catmullrom"
						},
						"1.08": {
							"post": ["45-90", 0, 0],
							"lerp_mode": "catmullrom"
						},
						"1.52": [0, 0, 0]
					}
				},
				"left_leg_1": {
					"rotation": {
						"0.0": {
							"post": [0, 0, 0],
							"lerp_mode": "catmullrom"
						},
						"0.4": {
							"post": ["45-90", 0, 0],
							"lerp_mode": "catmullrom"
						},
						"1.16": {
							"post": ["45-90", 0, 0],
							"lerp_mode": "catmullrom"
						},
						"1.52": [0, 0, 0]
					}
				},
				"right_leg_1": {
					"rotation": {
						"0.0": {
							"post": [0, 0, 0],
							"lerp_mode": "catmullrom"
						},
						"0.4": {
							"post": ["45-90", 0, 0],
							"lerp_mode": "catmullrom"
						},
						"1.16": {
							"post": ["45-90", 0, 0],
							"lerp_mode": "catmullrom"
						},
						"1.52": [0, 0, 0]
					}
				},
				"left_leg_2": {
					"rotation": [0, 0, 0]
				},
				"right_leg_2": {
					"rotation": [0, 0, 0]
				},
				"left_eyelid": {
					"position": {
						"0.0": [1, 0, -1],
						"0.28": {"pre": [1, 0, -1], "post": [0, 0, 0]}
					}
				},
				"right_eyelid": {
					"position": {
						"0.0": [-1, 0, -1],
						"0.28": {"pre": [-1, 0, -1], "post": [0, 0, 0]}
					}
				},
				"mouth_closed": {
					"rotation": {
						"0.0": [0, 0, 0],
						"0.28": {"pre": [0, 0, 0], "post": [0, -90, 0]},
						"1.12": [0, -90, 0],
						"1.52": {"pre": [0, -90, 0], "post": [0, 0, 0]}
					},
					"position": {
						"0.0": [0, 0, 0],
						"0.28": {"pre": [0, 0, 0], "post": [0, 3, 9]},
						"1.12": [0, 3.5, 9],
						"1.28": {"pre": [0, 3.5, 9], "post": [0, 2, 9]},
						"1.48": {"pre": [0, 2, 9], "post": [0, 2, 9]},
						"1.52": {"pre": [0, 2, 9], "post": [0, 0, 0]}
					}
				}
			}
		}
	}
}