{
	"format_version": "1.8.0",
	"animations": {
		"animation.bloshad.ground_idle": {
			"loop": true,
			"animation_length": 2.88,
			"bones": {
				"bone2": {
					"scale": {
						"0.0": [1, 1, 1],
						"1.44": [1, 0.9, 1],
						"2.88": [1, 1, 1]
					}
				},
				"arm": {
					"rotation": {
						"0.0": [0, 0, 0],
						"1.44": [0, 0, -22.5],
						"2.88": [0, 0, 0]
					}
				},
				"arm2": {
					"rotation": {
						"0.0": [0, 0, 0],
						"1.44": [0, 0, 22.5],
						"2.88": [0, 0, 0]
					}
				},
				"bone3": {
					"rotation": {
						"0.0": [0, 0, 0],
						"1.44": [10, 0, 0],
						"2.88": [0, 0, 0]
					}
				}
			}
		},
		"animation.bloshad.ground_walk": {
			"loop": true,
			"animation_length": 0.92,
			"bones": {
				"puddle": {
					"scale": {
						"0.0": [1, 1, 1],
						"0.48": [1, 1, 1.2],
						"0.92": [1, 1, 1]
					}
				},
				"bone2": {
					"rotation": {
						"0.0": [10, 0, 0],
						"0.92": [10, 0, 0]
					},
					"scale": {
						"0.0": [1, 1, 1],
						"0.48": [1, 0.9, 1],
						"0.92": [1, 1, 1]
					}
				},
				"arm": {
					"rotation": {
						"0.0": [0, 0, 0],
						"0.48": [0, 0, -22.5],
						"0.92": [0, 0, 0]
					}
				},
				"arm2": {
					"rotation": {
						"0.0": [0, 0, 0],
						"0.48": [0, 0, 22.5],
						"0.92": [0, 0, 0]
					}
				},
				"head": {
					"rotation": {
						"0.0": [-7.5, 0, 0],
						"0.92": [-7.5, 0, 0]
					}
				},
				"bone3": {
					"rotation": {
						"0.0": [0, 0, 0],
						"0.48": [7.5, 0, 0],
						"0.92": [0, 0, 0]
					}
				}
			}
		}
	}
}