{
    "id": "cobblemon:creeperator",
    "speciesId": "cobblemon:creeperator",
    "displayAspects": [],
    "conditionAspects": [],
    "forms": [
      {
        "displayForm": "Normal",
        "unlockForms": ["Normal"]
      }
    ],
    "variations": [
      {
        "displayName": "cobblemon.pokedex.variation.camo",
        "icon": "cobblemon:textures/gui/pokedex/variation/camo.png",
        "aspects": [
          "camo-summer",
          "camo-winter",
          "camo-spring",
          "camo-autumn"
        ]
      }
    
  ]
  }