{
	"format_version": "1.12.0",
	"minecraft:geometry": [
		{
			"description": {
				"identifier": "geometry.dulzorm",
				"texture_width": 64,
				"texture_height": 64,
				"visible_bounds_width": 2,
				"visible_bounds_height": 2.5,
				"visible_bounds_offset": [0, 0.75, 0]
			},
			"bones": [
				{
					"name": "dulzorm",
					"pivot": [0, 0, 0]
				},
				{
					"name": "body",
					"parent": "dulzorm",
					"pivot": [0, 1.5, 1]
				},
				{
					"name": "whole",
					"parent": "body",
					"pivot": [0, 1.5, 1],
					"rotation": [-40, 0, 0],
					"cubes": [
						{"origin": [-1.5, 0.3, -2], "size": [3, 3, 4], "inflate": -0.01, "uv": [23, 13]}
					]
				},
				{
					"name": "neck",
					"parent": "whole",
					"pivot": [0, 0.5, -2],
					"rotation": [-42.5, 0, 0],
					"cubes": [
						{"origin": [-1.5, 0.3, -4], "size": [3, 2, 2], "uv": [11, 26]}
					]
				},
				{
					"name": "head",
					"parent": "neck",
					"pivot": [0, 1.5, -3],
					"rotation": [-7.5, 0, 0],
					"cubes": [
						{"origin": [-3, -1.5, -9], "size": [6, 6, 6], "uv": [0, 0]}
					]
				},
				{
					"name": "bone",
					"parent": "head",
					"pivot": [2.25, 1.5, -9.16506],
					"cubes": [
						{"origin": [-1, 1.5, -16], "size": [5, 0, 8], "pivot": [2, 1.5, -9], "rotation": [0, -30, 0], "uv": [28, 5]}
					]
				},
				{
					"name": "bone2",
					"parent": "head",
					"pivot": [-2.25, 1.5, -9.16506],
					"cubes": [
						{"origin": [-4, 1.5, -16], "size": [5, 0, 8], "pivot": [-2, 1.5, -9], "rotation": [0, 30, 0], "uv": [28, 5], "mirror": true}
					]
				},
				{
					"name": "back",
					"parent": "whole",
					"pivot": [0, 1.5, 1],
					"rotation": [40, 0, 0],
					"cubes": [
						{"origin": [-1.5, 0, 1], "size": [3, 3, 5], "uv": [2, 14]}
					]
				}
			]
		}
	]
}