{
	"format_version": "1.8.0",
	"animations": {
		"animation.enderdrake.ground_idle": {
			"loop": true,
			"animation_length": 4,
			"bones": {
				"body": {
					"position": {
						"0.0": [0, -0.5, 0],
						"2.0": [0, -0.1, 0],
						"4.0": [0, -0.5, 0]
					}
				},
				"torso": {
					"rotation": {
						"0.0": [-5, 0, 0],
						"2.0": [0, 0, 0],
						"4.0": [-5, 0, 0]
					}
				},
				"wing1": {
					"rotation": {
						"0.0": [0, 0, 75],
						"4.0": [0, 0, 75]
					}
				},
				"wing2": {
					"rotation": {
						"0.0": [0, 0, -75],
						"4.0": [0, 0, -75]
					}
				},
				"head": {
					"rotation": {
						"0.0": [10, 0, 0],
						"2.0": [0, 0, 0],
						"4.0": [10, 0, 0]
					}
				},
				"jaw": {
					"rotation": {
						"0.0": [0, 0, 0],
						"2.0": [5, 0, 0],
						"4.0": [0, 0, 0]
					}
				},
				"tail": {
					"rotation": {
						"0.0": [-15, 0, 0],
						"4.0": [-15, 0, 0]
					}
				},
				"tail2": {
					"rotation": {
						"0.0": [-10, 0, 0],
						"2.0": [-7.5, 0, 0],
						"4.0": [-10, 0, 0]
					}
				},
				"tail3": {
					"rotation": {
						"0.0": [-5, 0, 0],
						"2.0": [-2.5, 0, 0],
						"4.0": [-5, 0, 0]
					}
				},
				"tail4": {
					"rotation": {
						"0.0": [12.5, 0, 0],
						"2.0": [17.5, 0, 0],
						"4.0": [12.5, 0, 0]
					}
				},
				"tail5": {
					"rotation": {
						"0.0": [25, 0, 0],
						"2.0": [27.5, 0, 0],
						"4.0": [25, 0, 0]
					}
				},
				"backleg1": {
					"rotation": {
						"0.0": [5, 0, 0],
						"2.0": [0, 0, 0],
						"4.0": [5, 0, 0]
					}
				},
				"backshin1": {
					"rotation": {
						"0.0": [-7.5, 0, 0],
						"2.0": [0, 0, 0],
						"4.0": [-7.5, 0, 0]
					}
				},
				"backleg2": {
					"rotation": {
						"0.0": [5, 0, 0],
						"2.0": [0, 0, 0],
						"4.0": [5, 0, 0]
					}
				},
				"backshin2": {
					"rotation": {
						"0.0": [-7.5, 0, 0],
						"2.0": [0, 0, 0],
						"4.0": [-7.5, 0, 0]
					}
				},
				"leg1": {
					"rotation": {
						"0.0": [5, 0, 0],
						"2.0": [0, 0, 0],
						"4.0": [5, 0, 0]
					}
				},
				"leg2": {
					"rotation": {
						"0.0": [5, 0, 0],
						"2.0": [0, 0, 0],
						"4.0": [5, 0, 0]
					}
				}
			}
		},
		"animation.enderdrake.ground walk": {
			"loop": true,
			"animation_length": 2,
			"bones": {
				"body": {
					"rotation": {
						"0.0": [0, 0, 0],
						"1.0": [2, 0, 0],
						"2.0": [0, 0, 0]
					},
					"position": {
						"0.0": [0, 0, 0],
						"1.0": [0, 0.5, 0],
						"2.0": [0, 0, 0]
					}
				},
				"wing1": {
					"rotation": {
						"0.0": [0, 0, 45],
						"1.0": [0, 0, 60],
						"2.0": [0, 0, 45]
					}
				},
				"wing2": {
					"rotation": {
						"0.0": [0, 0, -45],
						"1.0": [0, 0, -60],
						"2.0": [0, 0, -45]
					}
				},
				"wingsegment2": {
					"rotation": [0, -5, 0]
				},
				"neck": {
					"rotation": {
						"0.0": [25, 0, 0],
						"1.0": [20, 0, 0],
						"2.0": [25, 0, 0]
					}
				},
				"neck2": {
					"rotation": [30, 0, 0]
				},
				"head": {
					"rotation": {
						"0.0": [-50, 0, 0],
						"1.0": [-45, 0, 0],
						"2.0": [-50, 0, 0]
					}
				},
				"leg1": {
					"rotation": {
						"0.0": [-30, 0, 0],
						"0.5": [0, 0, 0],
						"1.0": [20, 0, 0],
						"1.5": [0, 0, 0],
						"2.0": [-30, 0, 0]
					}
				},
				"shin1": {
					"rotation": {
						"0.0": [0, 0, 0],
						"0.5": [0, 0, 0],
						"1.0": [-5, 0, 0],
						"1.5": [30, 0, 0],
						"2.0": [0, 0, 0]
					}
				},
				"leg2": {
					"rotation": {
						"0.0": [15, 0, 0],
						"0.5": [0, 0, 0],
						"1.0": [-25, 0, 0],
						"1.5": [0, 0, 0],
						"2.0": [15, 0, 0]
					}
				},
				"shin2": {
					"rotation": {
						"0.0": [-15, 0, 0],
						"0.5": [27.5, 0, 0],
						"1.0": [-10, 0, 0],
						"1.5": [-5, 0, 0],
						"2.0": [-15, 0, 0]
					}
				},
				"tail2": {
					"rotation": {
						"0.0": [0, 15, 0],
						"0.5": [0, 0, 0],
						"1.0": [0, -15, 0],
						"1.5": [0, 0, 0],
						"2.0": [0, 15, 0]
					}
				},
				"tail3": {
					"rotation": {
						"0.0": [0, 10, 0],
						"0.5": [0, 12.5, 0],
						"1.0": [0, 10, 0],
						"1.5": [0, -5, 0],
						"2.0": [0, 10, 0]
					}
				},
				"tail4": {
					"rotation": {
						"0.0": [0, -15, 0],
						"0.5": [0, 0, 0],
						"1.0": [0, 10, 0],
						"1.5": [0, -10, 0],
						"2.0": [0, -15, 0]
					}
				},
				"tail5": {
					"rotation": {
						"0.0": [0, -20, 0],
						"0.5": [0, 5, 0],
						"1.0": [0, 25, 0],
						"1.5": [0, -10, 0],
						"2.0": [0, -20, 0]
					}
				},
				"backleg2": {
					"rotation": {
						"0.0": [-25, 0, 0],
						"0.5": [0, 0, 0],
						"1.0": [15, 0, 0],
						"1.5": [0, 0, 0],
						"2.0": [-25, 0, 0]
					}
				},
				"backshin2": {
					"rotation": {
						"0.0": [0, 0, 0],
						"0.5": [15, 0, 0],
						"1.0": [-5, 0, 0],
						"1.5": [-25, 0, 0],
						"2.0": [0, 0, 0]
					}
				},
				"backleg1": {
					"rotation": {
						"0.0": [20, 0, 0],
						"0.5": [0, 0, 0],
						"1.0": [-25, 0, 0],
						"1.5": [0, 0, 0],
						"2.0": [20, 0, 0]
					}
				},
				"backshin1": {
					"rotation": {
						"0.0": [0, 0, 0],
						"0.5": [-25, 0, 0],
						"1.0": [1, 0, 0],
						"1.5": [5, 0, 0],
						"2.0": [0, 0, 0]
					}
				}
			}
		},
		"animation.enderdrake.ground_walk": {
			"loop": true,
			"animation_length": 2,
			"bones": {
				"body": {
					"rotation": {
						"0.0": [0, 0, 0],
						"1.0": [2, 0, 0],
						"2.0": [0, 0, 0]
					},
					"position": {
						"0.0": [0, 0, 0],
						"1.0": [0, 0.5, 0],
						"2.0": [0, 0, 0]
					}
				},
				"wing1": {
					"rotation": {
						"0.0": [0, 0, 45],
						"1.0": [0, 0, 60],
						"2.0": [0, 0, 45]
					}
				},
				"wing2": {
					"rotation": {
						"0.0": [0, 0, -45],
						"1.0": [0, 0, -60],
						"2.0": [0, 0, -45]
					}
				},
				"wingsegment2": {
					"rotation": [0, -5, 0]
				},
				"neck": {
					"rotation": {
						"0.0": [25, 0, 0],
						"1.0": [20, 0, 0],
						"2.0": [25, 0, 0]
					}
				},
				"neck2": {
					"rotation": [30, 0, 0]
				},
				"head": {
					"rotation": {
						"0.0": [-50, 0, 0],
						"1.0": [-45, 0, 0],
						"2.0": [-50, 0, 0]
					}
				},
				"leg1": {
					"rotation": {
						"0.0": [-30, 0, 0],
						"0.5": [0, 0, 0],
						"1.0": [20, 0, 0],
						"1.5": [0, 0, 0],
						"2.0": [-30, 0, 0]
					}
				},
				"shin1": {
					"rotation": {
						"0.0": [0, 0, 0],
						"0.5": [0, 0, 0],
						"1.0": [-5, 0, 0],
						"1.5": [30, 0, 0],
						"2.0": [0, 0, 0]
					}
				},
				"leg2": {
					"rotation": {
						"0.0": [15, 0, 0],
						"0.5": [0, 0, 0],
						"1.0": [-25, 0, 0],
						"1.5": [0, 0, 0],
						"2.0": [15, 0, 0]
					}
				},
				"shin2": {
					"rotation": {
						"0.0": [-15, 0, 0],
						"0.5": [27.5, 0, 0],
						"1.0": [-10, 0, 0],
						"1.5": [-5, 0, 0],
						"2.0": [-15, 0, 0]
					}
				},
				"tail2": {
					"rotation": {
						"0.0": [0, 15, 0],
						"0.5": [0, 0, 0],
						"1.0": [0, -15, 0],
						"1.5": [0, 0, 0],
						"2.0": [0, 15, 0]
					}
				},
				"tail3": {
					"rotation": {
						"0.0": [0, 10, 0],
						"0.5": [0, 12.5, 0],
						"1.0": [0, 10, 0],
						"1.5": [0, -5, 0],
						"2.0": [0, 10, 0]
					}
				},
				"tail4": {
					"rotation": {
						"0.0": [0, -15, 0],
						"0.5": [0, 0, 0],
						"1.0": [0, 10, 0],
						"1.5": [0, -10, 0],
						"2.0": [0, -15, 0]
					}
				},
				"tail5": {
					"rotation": {
						"0.0": [0, -20, 0],
						"0.5": [0, 5, 0],
						"1.0": [0, 25, 0],
						"1.5": [0, -10, 0],
						"2.0": [0, -20, 0]
					}
				},
				"backleg2": {
					"rotation": {
						"0.0": [-25, 0, 0],
						"0.5": [0, 0, 0],
						"1.0": [15, 0, 0],
						"1.5": [0, 0, 0],
						"2.0": [-25, 0, 0]
					}
				},
				"backshin2": {
					"rotation": {
						"0.0": [0, 0, 0],
						"0.5": [15, 0, 0],
						"1.0": [-5, 0, 0],
						"1.5": [-25, 0, 0],
						"2.0": [0, 0, 0]
					}
				},
				"backleg1": {
					"rotation": {
						"0.0": [20, 0, 0],
						"0.5": [0, 0, 0],
						"1.0": [-25, 0, 0],
						"1.5": [0, 0, 0],
						"2.0": [20, 0, 0]
					}
				},
				"backshin1": {
					"rotation": {
						"0.0": [0, 0, 0],
						"0.5": [-25, 0, 0],
						"1.0": [1, 0, 0],
						"1.5": [5, 0, 0],
						"2.0": [0, 0, 0]
					}
				}
			}
		},
		"animation.enderdrake.faint": {
			"animation_length": 3,
			"bones": {
				"body": {
					"rotation": {
						"0.0": [0, 0, 25],
						"0.4583": [0, 0, 20],
						"0.5833": [0, 0, 25],
						"0.7917": [0, 0, 70],
						"0.9583": [0, 0, 90]
					},
					"position": {
						"0.0": [1, 2, 0],
						"0.4583": [0, 2, 0],
						"0.5833": [1, 2, 0],
						"0.7917": [14, 3, 0],
						"0.9583": [22, -8, 0],
						"1.0": [23, -7, 0],
						"1.0833": [24, -8, 0]
					}
				},
				"wing1": {
					"rotation": {
						"0.0": [0, 0, 60],
						"0.5833": [0, 0, 60],
						"0.7917": [0, 0, 0]
					}
				},
				"wing2": {
					"rotation": {
						"0.0": [0, 0, -30],
						"0.5833": [0, 0, -30],
						"0.7917": [0, 0, -90],
						"0.9583": [0, 0, -100],
						"1.0833": [0, 0, 12.5],
						"1.125": [0, 0, 7.5],
						"1.2083": [0, 0, 12.5]
					}
				},
				"neck": {
					"rotation": {
						"0.0": [0, 0, 0],
						"0.5833": [0, 0, 0],
						"0.7917": [0, 0, -15],
						"0.9583": [0, 0, -25],
						"1.0": [0, 0, 0]
					}
				},
				"neck2": {
					"rotation": {
						"0.0": [0, 0, 0],
						"0.5833": [0, 0, 0],
						"1.0": [0, 0, 10]
					}
				},
				"head": {
					"rotation": {
						"0.0": [-15, 0, -20],
						"0.5833": [-15, 0, -20],
						"1.0": [-15, 0, -20],
						"1.0417": [-10, 0, 0],
						"1.0833": [-15, 0, -10],
						"1.1667": [-20, 0, 0]
					}
				},
				"jaw": {
					"rotation": {
						"0.0": [30, 0, 0],
						"0.5833": [30, 0, 0],
						"1.0833": [30, 0, 0],
						"1.25": [26.80588, -0.06635, -20.2935],
						"3.0": [26.80588, -0.06635, -20.2935]
					}
				},
				"leg1": {
					"rotation": {
						"0.0": [0, 0, -25],
						"0.5833": [0, 0, -25],
						"0.9583": [0, 0, 25]
					}
				},
				"shin1": {
					"rotation": {
						"0.0": [0, 0, 0],
						"0.5833": [0, 0, 0],
						"0.9583": [82.5, 0, 0]
					}
				},
				"leg2": {
					"rotation": {
						"0.0": [40, 0, 0],
						"0.5833": [40, 0, 0],
						"0.9583": [0, 0, -30],
						"1.0": [0, 0, -35],
						"1.0833": [0, 0, -30]
					}
				},
				"shin2": {
					"rotation": {
						"0.0": [-75, 0, 0],
						"0.5833": [-75, 0, 0],
						"0.9583": [-15, 0, 0]
					}
				},
				"tail": {
					"rotation": {
						"0.0": [10, 0, 0],
						"0.5833": [10, 0, 0],
						"0.75": [-15, 0, 0]
					}
				},
				"tail2": {
					"rotation": {
						"0.0": [10, 0, 0],
						"0.5833": [10, 0, 0],
						"0.75": [0, 0, 0],
						"0.9167": [-15, 0, 0],
						"1.0417": [-33.40659, 12.60837, -8.19252]
					}
				},
				"tail3": {
					"rotation": {
						"0.0": [15, 0, 0],
						"0.5833": [15, 0, 0],
						"0.75": [-2.5, 0, 0],
						"0.9167": [-20, 0, 0]
					}
				},
				"tail4": {
					"rotation": {
						"0.0": [20, 0, 0],
						"0.5833": [20, 0, 0],
						"0.75": [5, 0, 0],
						"0.9167": [-25, 0, 0],
						"1.0417": [-25.08377, -4.53051, 2.11751]
					}
				},
				"tail5": {
					"rotation": {
						"0.0": [20, 0, 0],
						"0.5833": [20, 0, 0],
						"0.75": [12.5, 0, 0],
						"0.9167": [-30, 0, 0]
					}
				},
				"backleg2": {
					"rotation": {
						"0.0": [40, 0, 0],
						"0.5833": [40, 0, 0],
						"0.9583": [0, 0, -37.5],
						"1.0": [0, 0, -42.5],
						"1.0833": [0, 0, -40]
					}
				},
				"backshin2": {
					"rotation": {
						"0.0": [-55, 0, 0],
						"0.5833": [-55, 0, 0]
					}
				},
				"backleg1": {
					"rotation": {
						"0.0": [0, 0, -25],
						"0.5833": [0, 0, -25],
						"0.9583": [0, 0, 25]
					}
				},
				"backshin1": {
					"rotation": {
						"0.0": [0, 0, 0],
						"0.5833": [0, 0, 0],
						"0.9583": [-40, 0, 0]
					}
				}
			}
		},
		"animation.enderdrake.air_idle": {
			"loop": true,
			"animation_length": 1,
			"bones": {
				"body": {
					"rotation": [-15, 0, 0],
					"position": {
						"0.0": [0, 13, 0],
						"0.25": [0, 14, 0],
						"0.75": [0, 13, 0]
					}
				},
				"wing1": {
					"rotation": {
						"0.0": [0, 0, 45],
						"0.25": [0, 0, 110],
						"1.0": [0, 0, 45]
					}
				},
				"wingsegment1": {
					"rotation": {
						"0.0": [0, 0, 0],
						"0.25": [0.8804, -9.9616, 5.0767],
						"0.75": [1.522, 4.8799, -2.6786],
						"1.0": [0, 0, 0]
					}
				},
				"wing2": {
					"rotation": {
						"0.0": [0, 0, -45],
						"0.25": [0, 0, -110],
						"1.0": [0, 0, -45]
					}
				},
				"wingsegment2": {
					"rotation": {
						"0.0": [0, 0, 0],
						"0.25": [-0.88045, 9.96156, -5.07673],
						"0.75": [-1.52199, -4.87991, 2.67859],
						"1.0": [0, 0, 0]
					}
				},
				"neck2": {
					"rotation": [20, 0, 0]
				},
				"head": {
					"rotation": {
						"0.0": [0, 0, 0],
						"0.25": [7.5, 0, 0],
						"1.0": [0, 0, 0]
					}
				},
				"leg1": {
					"rotation": [20, 0, 0]
				},
				"shin1": {
					"rotation": {
						"0.0833": [-30, 0, 0],
						"0.25": [-15, 0, 0],
						"1.0": [-30, 0, 0]
					}
				},
				"leg2": {
					"rotation": [20, 0, 0]
				},
				"shin2": {
					"rotation": {
						"0.0833": [-30, 0, 0],
						"0.25": [-15, 0, 0],
						"1.0": [-30, 0, 0]
					}
				},
				"lowertorso": {
					"rotation": [-15, 0, 0]
				},
				"tail": {
					"rotation": {
						"0.0": [-5.00474, 2.49048, -0.21803],
						"0.5": [-5.04292, -7.4713, 0.6574],
						"1.0": [-5.00474, 2.49048, -0.21803]
					}
				},
				"tail2": {
					"rotation": {
						"0.0": [-10, 0, 0],
						"0.25": [-10.03465, -4.18526, 0.73926],
						"0.75": [-10.08453, 7.38542, -1.30962],
						"1.0": [-10, 0, 0]
					}
				},
				"tail3": {
					"rotation": {
						"0.0": [-5, 0, 0],
						"0.25": [-5.01757, -4.73188, 0.41496],
						"0.75": [-5.00474, 2.49048, -0.21803],
						"1.0": [-5, 0, 0]
					}
				},
				"tail4": {
					"rotation": {
						"0.0": [-5, 0, 0],
						"0.25": [-5.0171, -4.48283, 0.39304],
						"0.75": [-5.019, 4.98093, -0.43688],
						"1.0": [-5, 0, 0]
					}
				},
				"tail5": {
					"rotation": {
						"0.0": [-10, 0, 0],
						"0.25": [-10.03367, -4.43146, 0.78306],
						"0.75": [-10.03742, 4.92385, -0.87038],
						"1.0": [-10, 0, 0]
					}
				},
				"backleg2": {
					"rotation": {
						"0.0": [0, 0, 0],
						"0.25": [5, 0, 0],
						"1.0": [0, 0, 0]
					}
				},
				"backshin2": {
					"rotation": [20, 0, 0]
				},
				"backleg1": {
					"rotation": {
						"0.0": [0, 0, 0],
						"0.25": [5, 0, 0],
						"1.0": [0, 0, 0]
					}
				},
				"backshin1": {
					"rotation": [20, 0, 0]
				}
			}
		},
		"animation.enderdrake.air_fly": {
			"loop": true,
			"animation_length": 3,
			"bones": {
				"body": {
					"rotation": {
						"1.5": [0, 0, 0],
						"2.0833": [0, 0, -2.5],
						"2.625": [0, 0, 2.5],
						"3.0": [0, 0, 0]
					},
					"position": {
						"0.0": [0, 6, 0],
						"0.5": [0, 7, 0],
						"0.75": [0, 6, 0],
						"1.25": [0, 7, 0],
						"1.5": [0, 6, 0],
						"2.0833": [-0.25, 5.5, 0],
						"2.625": [0.75, 6, 0],
						"3.0": [0, 6, 0]
					}
				},
				"wing1": {
					"rotation": {
						"0.0": [0, 0, 45],
						"0.5": [0, 0, 115],
						"0.75": [0, 0, 45],
						"1.25": [0, 0, 115],
						"1.5": [0, 0, 90],
						"1.9167": [0, 0, 87.5],
						"2.375": [0, 0, 94.12],
						"2.625": [0, 0, 90],
						"3.0": [0, 0, 45]
					}
				},
				"wing2": {
					"rotation": {
						"0.0": [0, 0, -45],
						"0.5": [0, 0, -110],
						"0.75": [0, 0, -45],
						"1.25": [0, 0, -110],
						"1.5": [0, 0, -90],
						"1.9167": [0, 0, -87.5],
						"2.375": [0, 0, -94.12],
						"2.625": [0, 0, -90],
						"3.0": [0, 0, -45]
					}
				},
				"neck": {
					"rotation": {
						"0.0": [45, 0, 0],
						"0.5": [50, 0, 0],
						"0.75": [45, 0, 0],
						"1.25": [47.5, 0, 0],
						"1.5": [45, 0, 0]
					}
				},
				"neck2": {
					"rotation": [60, 0, 0]
				},
				"head": {
					"rotation": {
						"0.0": [-85, 0, 0],
						"0.5": [-90, 0, 0],
						"0.75": [-85, 0, 0],
						"1.25": [-90, 0, 0],
						"1.5": [-85, 0, 0]
					}
				},
				"leg1": {
					"rotation": {
						"0.0": [25, 0, 0],
						"0.5": [20, 0, 0],
						"0.75": [25, 0, 0],
						"1.25": [20, 0, 0],
						"1.5": [25, 0, 0]
					}
				},
				"shin1": {
					"rotation": [30, 0, 0]
				},
				"leg2": {
					"rotation": {
						"0.0": [25, 0, 0],
						"0.5": [20, 0, 0],
						"0.75": [25, 0, 0],
						"1.25": [20, 0, 0],
						"1.5": [25, 0, 0]
					}
				},
				"shin2": {
					"rotation": [30, 0, 0]
				},
				"tail": {
					"rotation": {
						"0.0": [0, 0, 0],
						"0.25": [-5, 0, 0],
						"0.375": [0, 0, 0],
						"0.75": [5, 0, 0],
						"1.25": [-5, 0, 0],
						"1.375": [0, 0, 0],
						"1.75": [5, 0, 0],
						"3.0": [0, 0, 0]
					}
				},
				"tail2": {
					"rotation": {
						"0.0": [0, 0, 0],
						"0.25": [-2.5, 0, 0],
						"0.375": [-7.5, 0, 0],
						"0.8333": [0, 0, 0],
						"1.25": [-2.5, 0, 0],
						"1.375": [-7.5, 0, 0],
						"1.8333": [0, 0, 0],
						"3.0": [0, 0, 0]
					}
				},
				"tail3": {
					"rotation": {
						"0.0": [0, 0, 0],
						"0.2917": [2.5, 0, 0],
						"0.4167": [-2.5, 0, 0],
						"0.9167": [-2.5, 0, 0],
						"1.2917": [2.5, 0, 0],
						"1.4167": [-2.5, 0, 0],
						"1.9167": [-2.5, 0, 0],
						"3.0": [0, 0, 0]
					}
				},
				"tail4": {
					"rotation": {
						"0.0": [0, 0, 0],
						"0.3333": [2.5, 0, 0],
						"0.4583": [-2.5, 0, 0],
						"1.0": [0, 0, 0],
						"1.3333": [2.5, 0, 0],
						"1.4583": [-2.5, 0, 0],
						"2.0": [0, 0, 0],
						"3.0": [0, 0, 0]
					}
				},
				"tail5": {
					"rotation": {
						"0.0": [0, 0, 0],
						"0.375": [2.5, 0, 0],
						"0.5": [-5, 0, 0],
						"1.0833": [0, 0, 0],
						"1.375": [2.5, 0, 0],
						"1.5": [-5, 0, 0],
						"2.0833": [0, 0, 0],
						"3.0": [0, 0, 0]
					}
				},
				"backleg2": {
					"rotation": [45, 0, 0]
				},
				"backshin2": {
					"rotation": [5, 0, 0]
				},
				"backleg1": {
					"rotation": [45, 0, 0]
				},
				"backshin1": {
					"rotation": [5, 0, 0]
				}
			}
		}
	}
}