{
	"format_version": "1.12.0",
	"minecraft:geometry": [
		{
			"description": {
				"identifier": "geometry.yamper",
				"texture_width": 64,
				"texture_height": 64,
				"visible_bounds_width": 3,
				"visible_bounds_height": 3.5,
				"visible_bounds_offset": [0, 1.25, 0]
			},
			"bones": [
				{
					"name": "yamper",
					"pivot": [0, 0, 0]
				},
				{
					"name": "body",
					"parent": "yamper",
					"pivot": [0, 5, 1.5]
				},
				{
					"name": "torso",
					"parent": "body",
					"pivot": [0, 4, 1.5]
				},
				{
					"name": "head",
					"parent": "torso",
					"pivot": [0, 7.75, -2.25]
				},
				{
					"name": "neck_fluff",
					"parent": "head",
					"pivot": [0, 6.25, -3],
					"rotation": [30, 0, 0],
					"cubes": [
						{"origin": [-5, 4.25, -6.5], "size": [10, 5, 9], "uv": [0, 20]}
					]
				},
				{
					"name": "head2",
					"parent": "head",
					"pivot": [-1, 9.75, -3],
					"cubes": [
						{"origin": [-3.5, 7.75, -7], "size": [7, 7, 7], "inflate": 0.01, "uv": [31, 27]},
						{"origin": [-4, 7.75, -7.15], "size": [8, 2, 2], "uv": [17, 42]},
						{"origin": [-2, 8.25, -8], "size": [4, 2, 1], "uv": [0, 10]},
						{"origin": [-0.5, 9.26, -8.01], "size": [1, 1, 1], "uv": [0, 27]}
					]
				},
				{
					"name": "eye_right",
					"parent": "head2",
					"pivot": [-1.625, 0.8, -2.5],
					"cubes": [
						{"origin": [-2.85, 10.075, -7.01], "size": [1, 2, 0], "inflate": 0.01, "uv": [10, 0]}
					]
				},
				{
					"name": "eyelid_right",
					"parent": "eye_right",
					"pivot": [-2.35, 11.075, -6.52],
					"cubes": [
						{"origin": [-2.85, 10.075, -6.92], "size": [1, 2, 1], "inflate": 0.02, "uv": [5, 26]}
					]
				},
				{
					"name": "eye_left",
					"parent": "head2",
					"pivot": [1.625, 0.8, -2.5],
					"cubes": [
						{"origin": [1.85, 10.075, -7.01], "size": [1, 2, 0], "inflate": 0.01, "uv": [0, 0]}
					]
				},
				{
					"name": "eyelid_left",
					"parent": "eye_left",
					"pivot": [3.1, 0.8, -2.5],
					"cubes": [
						{"origin": [1.85, 10.075, -6.92], "size": [1, 2, 1], "inflate": 0.02, "uv": [29, 0]}
					]
				},
				{
					"name": "ear_right",
					"parent": "head2",
					"pivot": [-3.5, 14.75, -3.5],
					"rotation": [0, 0, -50],
					"cubes": [
						{"origin": [-4, 12.75, -3.5], "size": [2, 7, 0], "uv": [8, 3]}
					]
				},
				{
					"name": "ear_right2",
					"parent": "ear_right",
					"pivot": [-4, 16.25, -3.5],
					"cubes": [
						{"origin": [-7, 12.75, -3.5], "size": [3, 7, 0], "uv": [0, 20]}
					]
				},
				{
					"name": "ear_left",
					"parent": "head2",
					"pivot": [3.5, 14.75, -3.5],
					"rotation": [0, 0, 50],
					"cubes": [
						{"origin": [2, 12.75, -3.5], "size": [2, 7, 0], "uv": [6, 41]}
					]
				},
				{
					"name": "ear_left2",
					"parent": "ear_left",
					"pivot": [4, 16.25, -3.5],
					"cubes": [
						{"origin": [4, 12.75, -3.5], "size": [3, 7, 0], "uv": [0, 41]}
					]
				},
				{
					"name": "jaw",
					"parent": "head2",
					"pivot": [0, 9.05, -6],
					"cubes": [
						{"origin": [-2, 8.23, -8], "size": [4, 1, 2], "inflate": -0.01, "uv": [0, 0]}
					]
				},
				{
					"name": "tongue",
					"parent": "jaw",
					"pivot": [0, 9.23, -4.5],
					"cubes": [
						{"origin": [-1, 9.23, -6], "size": [2, 0, 2], "uv": [0, 48]}
					]
				},
				{
					"name": "tongue2",
					"parent": "tongue",
					"pivot": [0, 9.23, -6],
					"cubes": [
						{"origin": [-1, 9.23, -7], "size": [2, 0, 1], "uv": [1, 50]}
					]
				},
				{
					"name": "teeth",
					"parent": "jaw",
					"pivot": [1.25, 8.98, -7.98],
					"cubes": [
						{"origin": [-1.75, 8.48, -7.98], "size": [1, 1, 0], "pivot": [-1.25, 8.98, -7.98], "rotation": [0, 0, 45], "uv": [2, 3]},
						{"origin": [0.75, 8.48, -7.98], "size": [1, 1, 0], "pivot": [1.25, 8.98, -7.98], "rotation": [0, 0, 45], "uv": [0, 3]}
					]
				},
				{
					"name": "torso2",
					"parent": "torso",
					"pivot": [0, 5, -2.5],
					"cubes": [
						{"origin": [-4, 1.5, -5], "size": [8, 7, 13], "uv": [0, 0]}
					]
				},
				{
					"name": "tail",
					"parent": "torso2",
					"pivot": [0, 8, 7.5],
					"cubes": [
						{"origin": [0, 7.5, 7], "size": [0, 6, 4], "uv": [0, 0]}
					]
				},
				{
					"name": "front_legs",
					"parent": "body",
					"pivot": [0, 3, 5.5]
				},
				{
					"name": "leg_front_right",
					"parent": "front_legs",
					"pivot": [-3, 3, -2.5],
					"cubes": [
						{"origin": [-4.5, 1, -4.5], "size": [3, 3, 4], "inflate": 0.01, "uv": [29, 0]}
					]
				},
				{
					"name": "foot_front_right",
					"parent": "leg_front_right",
					"pivot": [-3, 1, -1.5],
					"cubes": [
						{"origin": [-4.5, 0, -5.5], "size": [3, 1, 4], "uv": [39, 8]}
					]
				},
				{
					"name": "leg_front_left",
					"parent": "front_legs",
					"pivot": [3, 3, -2.5],
					"cubes": [
						{"origin": [1.5, 1, -4.5], "size": [3, 3, 4], "inflate": 0.01, "uv": [29, 20]}
					]
				},
				{
					"name": "foot_front_left",
					"parent": "leg_front_left",
					"pivot": [3, 1, -1.5],
					"cubes": [
						{"origin": [1.5, 0, -5.5], "size": [3, 1, 4], "uv": [39, 16]}
					]
				},
				{
					"name": "back_legs",
					"parent": "body",
					"pivot": [0, 3, 5.5]
				},
				{
					"name": "leg_back_right",
					"parent": "back_legs",
					"pivot": [-3, 3, 5.5],
					"cubes": [
						{"origin": [-4.5, 1, 3.5], "size": [3, 3, 4], "inflate": 0.01, "uv": [14, 34]}
					]
				},
				{
					"name": "foot_back_right",
					"parent": "leg_back_right",
					"pivot": [-3, 1, 6.5],
					"cubes": [
						{"origin": [-4.5, 0, 2.5], "size": [3, 1, 4], "uv": [39, 3]}
					]
				},
				{
					"name": "leg_back_left",
					"parent": "back_legs",
					"pivot": [3, 3, 5.5],
					"cubes": [
						{"origin": [1.5, 1, 3.5], "size": [3, 3, 4], "inflate": 0.01, "uv": [0, 34]}
					]
				},
				{
					"name": "foot_back_left",
					"parent": "leg_back_left",
					"pivot": [3, 1, 6.5],
					"cubes": [
						{"origin": [1.5, 0, 2.5], "size": [3, 1, 4], "uv": [29, 7]}
					]
				}
			]
		}
	]
}