{
	"format_version": "1.8.0",
	"animations": {
		"animation.spoilerina.pose": {
			"loop": true,
			"bones": {
				"head": {
					"rotation": [4.98107, -0.43523, 4.98107]
				},
				"right_arm": {
					"rotation": [18.28982, -2.69821, -14.25614]
				},
				"right_arm2": {
					"rotation": [-177.37384, -32.34995, 174.09231]
				},
				"right_arm3": {
					"rotation": [0, 0, 35]
				},
				"right_hand": {
					"rotation": [0, 0, 12.5]
				},
				"left_arm": {
					"rotation": [0, 17.5, 0]
				},
				"left_arm2": {
					"rotation": [0, 0, -7.5]
				},
				"left_arm3": {
					"rotation": [0, 0, 12.5]
				},
				"left_hand": {
					"rotation": [0, 0, 5]
				},
				"left_thumb": {
					"rotation": [0, -25, 0]
				},
				"torso": {
					"rotation": [7.47178, -0.65182, 4.95744]
				},
				"left_ruban": {
					"rotation": [0, -15, 0]
				},
				"right_ruban": {
					"rotation": [0, 15, 0]
				},
				"left_leg": {
					"rotation": [12.5, 0, 0]
				},
				"right_leg": {
					"rotation": [-5, 0, -7.5]
				},
				"right_leg2": {
					"rotation": [0, 0, 2.5]
				},
				"right_feet": {
					"rotation": [0, 0, 0]
				},
				"left_leg2": {
					"rotation": [0, 0, 10]
				}
			}
		},
		"animation.spoilerina.blink": {
			"animation_length": 0.20833,
			"bones": {
				"EyelidLeft": {
					"position": {
						"0.0": [0, 0, -0.5],
						"0.1667": [0, 0, -0.5],
						"0.2083": [0, 0, 0]
					}
				},
				"EyelidRight": {
					"position": {
						"0.0": [0, 0, -0.5],
						"0.1667": [0, 0, -0.5],
						"0.2083": [0, 0, 0]
					}
				}
			}
		},
		"animation.spoilerina.ground_idle": {
			"loop": true,
			"animation_length": 1,
			"bones": {
				"torso": {
					"rotation": ["math.sin(q.anim_time*90*4*2-90)", 0, "-math.sin(q.anim_time*90*4)"],
					"position": [0, "-1/6-math.sin(q.anim_time*90*4*2)/6", 0]
				},
				"right_flower": {
					"rotation": [0, 0, "math.cos(q.anim_time*90*4)*2"]
				},
				"left_flower": {
					"rotation": [0, 0, "math.cos(q.anim_time*90*4-45)*2"]
				},
				"right_arm": {
					"rotation": [11.37809, -51.5087, -16.05815]
				},
				"right_arm2": {
					"rotation": [0, -42.5, 0]
				},
				"right_arm3": {
					"rotation": [10, -60, 0]
				},
				"right_hand": {
					"rotation": [1.05514, -24.977, -2.75549]
				},
				"left_arm": {
					"rotation": [11.37809, 51.5087, 16.05815]
				},
				"left_arm2": {
					"rotation": [0, 42.5, 0]
				},
				"left_arm3": {
					"rotation": [10, 60, 0]
				},
				"left_hand": {
					"rotation": [1.05514, 24.977, 2.75549]
				},
				"left_ruban": {
					"rotation": [0, -22.5, "math.sin(q.anim_time*90*4*2-90)*3"]
				},
				"right_ruban": {
					"rotation": [0, 22.5, "-math.sin(q.anim_time*90*4*2-90)*3"]
				},
				"right_leg": {
					"rotation": [-10, 0, -5],
					"position": [0, "math.clamp(math.sin(q.anim_time*90*4)/2,0,2)", 0]
				},
				"right_leg2": {
					"rotation": [5, 0, 0]
				},
				"right_feet": {
					"rotation": [5, 0, 0]
				},
				"left_leg": {
					"rotation": [5, 0, 5],
					"position": [0, "math.clamp(-math.sin(q.anim_time*90*4)/2,0,2)", 0]
				},
				"left_leg2": {
					"rotation": [-2.5, 0, 0]
				},
				"left_feet": {
					"rotation": [-2.5, 0, 0]
				}
			}
		},
		"animation.spoilerina.ground_walk": {
			"loop": true,
			"animation_length": 1,
			"bones": {
				"torso": {
					"rotation": [0, 0, "-math.sin(q.anim_time*90*4)*5"],
					"position": [0, "-1+math.cos(q.anim_time*90*4*2)*0.75", 0]
				},
				"right_leg": {
					"rotation": {
						"0.0": [0, 0, 0],
						"0.25": [-30, 0, 0],
						"0.5": [0, 0, 0],
						"0.75": [30, 0, 0],
						"1.0": [0, 0, 0]
					},
					"position": {
						"0.0": [0, 2, 0],
						"0.0833": [0, 1.5, -0.67],
						"0.125": [0, 1, -1],
						"0.25": [0, -2, -2],
						"0.5": [0, 0, 0],
						"0.75": [0, -2, 2],
						"0.875": [0, 1, 1],
						"0.9167": [0, 1.5, 0.67],
						"1.0": [0, 2, 0]
					}
				},
				"left_leg": {
					"rotation": {
						"0.0": [0, 0, 0],
						"0.25": [30, 0, 0],
						"0.5": [0, 0, 0],
						"0.75": [-30, 0, 0],
						"1.0": [0, 0, 0]
					},
					"position": {
						"0.0": [0, 0, 0],
						"0.25": [0, -2, 2],
						"0.375": [0, 1, 1],
						"0.4167": [0, 1.5, 0.67],
						"0.5": [0, 2, 0],
						"0.5833": [0, 1.5, -0.67],
						"0.625": [0, 1, -1],
						"0.75": [0, -2, -2],
						"1.0": [0, 0, 0]
					}
				},
				"head": {
					"rotation": ["-math.sin(q.anim_time*90*4*2)*3", 0, "math.sin(q.anim_time*90*4+45)*3"]
				},
				"right_arm": {
					"rotation": [0, 0, -12.5]
				},
				"right_arm2": {
					"rotation": [0, 0, -32.5]
				},
				"right_hand": {
					"rotation": [0, 0, 45]
				},
				"right_thumb": {
					"rotation": [42.5, 0, 0]
				},
				"left_arm": {
					"rotation": [0, 0, 12.5]
				},
				"left_arm2": {
					"rotation": [0, 0, 32.5]
				},
				"left_hand": {
					"rotation": [0, 0, -45]
				},
				"left_thumb": {
					"rotation": [42.5, 0, 0]
				},
				"right_leg2": {
					"rotation": {
						"0.0": [35, 0, 0],
						"0.125": [30, 0, 0],
						"0.25": [0, 0, 0],
						"0.5": [0, 0, 0],
						"0.75": [0, 0, 0],
						"0.875": [40, 0, 0],
						"1.0": [35, 0, 0]
					}
				},
				"right_feet": {
					"rotation": {
						"0.0": [30, 0, 0],
						"0.125": [0, 0, 0],
						"0.5": [0, 0, 0],
						"0.8333": [0, 0, 0],
						"0.9583": [40, 0, 0],
						"1.0": [30, 0, 0]
					}
				},
				"left_leg2": {
					"rotation": {
						"0.0": [0, 0, 0],
						"0.25": [0, 0, 0],
						"0.375": [40, 0, 0],
						"0.5": [35, 0, 0],
						"0.625": [30, 0, 0],
						"0.75": [0, 0, 0],
						"1.0": [0, 0, 0]
					}
				},
				"left_feet": {
					"rotation": {
						"0.0": [0, 0, 0],
						"0.3333": [0, 0, 0],
						"0.4583": [40, 0, 0],
						"0.5": [30, 0, 0],
						"0.625": [0, 0, 0],
						"1.0": [0, 0, 0]
					}
				}
			}
		},
		"animation.spoilerina.walktest": {
			"loop": true,
			"bones": {
				"spoilerina": {
					"position": [0, 0, "-q.anim_time*90*0.275"]
				}
			}
		}
	}
}