{
	"format_version": "1.8.0",
	"animations": {
		"animation.carnobrawlrus.ground_idle": {
			"loop": true,
			"animation_length": 8,
			"bones": {
				"waist": {
					"rotation": {
						"0.0": [-7.5, 0, 0],
						"4.0": [-15, 0, 0],
						"8.0": [-7.5, 0, 0]
					},
					"position": {
						"0.0": [0, 0, 0],
						"4.0": [0, 0, 0],
						"8.0": [0, 0, 0]
					}
				},
				"chest": {
					"rotation": [5, 0, 0]
				},
				"neck1": {
					"rotation": {
						"0.0": [10, 0, 0],
						"4.0": [2.5, 0, 0],
						"8.0": [10, 0, 0]
					},
					"position": {
						"0.0": [0, 0, 0],
						"4.0": [0, 0, 0],
						"8.0": [0, 0, 0]
					}
				},
				"head": {
					"rotation": {
						"0.0": [0, 0, 0],
						"4.0": [10, 0, 0],
						"8.0": [0, 0, 0]
					},
					"position": {
						"0.0": [0, 0, 0],
						"8.0": [0, 0, 0]
					}
				},
				"tail": {
					"rotation": {
						"0.0": [0, 0, 0],
						"2.0": [0, 7.5, 0],
						"4.0": [0, 0, 0],
						"6.0": [0, -7.5, 0],
						"8.0": [0, 0, 0]
					},
					"position": {
						"0.0": [0, 0, 0],
						"2.0": [0, 0, -1],
						"4.0": [0, 0, 0],
						"6.0": [0, 0, -1],
						"8.0": [0, 0, 0]
					}
				},
				"tail2": {
					"rotation": {
						"0.0": [0, 0, 0],
						"2.0": [0, 5, 0],
						"4.0": [0, 0, 0],
						"6.0": [0, -5, 0],
						"8.0": [0, 0, 0]
					},
					"position": {
						"0.0": [0, 0, 0],
						"4.0": [0, 0, 0],
						"8.0": [0, 0, 0]
					}
				},
				"leg_back_left1": {
					"rotation": [-15, 0, 0]
				},
				"leg_back_left2": {
					"rotation": [15, 0, 0],
					"position": [0, 1, 0]
				},
				"leg_back_right1": {
					"rotation": [-15, 0, 0]
				},
				"leg_back_right2": {
					"rotation": [12.5, 0, 0],
					"position": [0, 1, 0]
				},
				"leg_front_right2": {
					"rotation": {
						"0.0": [0, 0, 0],
						"4.0": [15, 0, 0],
						"8.0": [0, 0, 0]
					},
					"position": {
						"0.0": [0, 0, 0],
						"4.0": [0, 0, 0],
						"8.0": [0, 0, 0]
					}
				},
				"leg_front_left2": {
					"rotation": {
						"0.0": [0, 0, 0],
						"4.0": [15, 0, 0],
						"8.0": [0, 0, 0]
					},
					"position": {
						"0.0": [0, 0, 0],
						"4.0": [0, 0, 0],
						"8.0": [0, 0, 0]
					}
				}
			}
		},
		"animation.carnobrawlrus.battle_idle": {
			"loop": true,
			"animation_length": 4,
			"bones": {
				"waist": {
					"rotation": {
						"0.0": [7.5, 0, 0],
						"2.0": [0, 0, 0],
						"4.0": [7.5, 0, 0]
					},
					"position": [0, 0, 0]
				},
				"neck1": {
					"rotation": {
						"0.0": [10, 0, 0],
						"2.0": [5, 0, 0],
						"4.0": [10, 0, 0]
					},
					"position": {
						"0.0": [0, 0, 0],
						"4.0": [0, 0, 0]
					}
				},
				"neck2": {
					"rotation": {
						"0.0": [0, 0, 0],
						"2.0": [-15, 0, 0],
						"4.0": [0, 0, 0]
					},
					"position": {
						"0.0": [0, 0, 0],
						"4.0": [0, 0, 0]
					}
				},
				"head": {
					"rotation": {
						"0.0": [-7.5, 0, 0],
						"2.0": [7.5, 0, 0],
						"4.0": [-7.5, 0, 0]
					},
					"position": {
						"0.0": [0, 0, 0],
						"2.0": [0, -1, 0],
						"4.0": [0, 0, 0]
					},
					"scale": 1
				},
				"tail": {
					"rotation": {
						"0.0": [0, 0, 0],
						"1.0": [0, 20, 0],
						"2.0": [0, 0, 0],
						"3.0": [0, -20, 0],
						"4.0": [0, 0, 0]
					},
					"position": {
						"0.0": [0, 0, 0],
						"1.0": [0, 0, -2],
						"2.0": [0, 0, 0],
						"3.0": [0, 0, -2],
						"4.0": [0, 0, 0]
					}
				},
				"tail2": {
					"rotation": {
						"0.0": [0, 0, 0],
						"1.0": [0, 15, 0],
						"2.0": [0, 0, 0],
						"3.0": [0, -15, 0],
						"4.0": [0, 0, 0]
					},
					"position": {
						"0.0": [0, 0, 0],
						"2.0": [0, 0, 0],
						"4.0": [0, 0, 0]
					}
				},
				"tail3": {
					"rotation": {
						"0.0": [0, 0, 0],
						"1.0": [0, 10, 0],
						"2.0": [0, 0, 0],
						"3.0": [0, -10, 0],
						"4.0": [0, 0, 0]
					},
					"position": {
						"0.0": [0, 0, 0],
						"1.0": [0, 0, -1],
						"2.0": [0, 0, 0],
						"3.0": [0, 0, -1],
						"4.0": [0, 0, 0]
					}
				},
				"leg_front_right2": {
					"rotation": [-20, 0, 0]
				},
				"leg_front_left2": {
					"rotation": [-20, 0, 0]
				},
				"jaw": {
					"rotation": {
						"0.0": [0, 0, 0],
						"2.0": [17.5, 0, 0],
						"4.0": [0, 0, 0]
					}
				}
			}
		},
		"animation.carnobrawlrus.ground_walk": {
			"loop": true,
			"animation_length": 2,
			"bones": {
				"waist": {
					"rotation": {
						"0.0": [-7.5, 0, 0],
						"0.5": [-17.5, 0, 0],
						"1.0": [-7.5, 0, 0],
						"1.5": [-17.5, 0, 0],
						"2.0": [-7.5, 0, 0]
					}
				},
				"neck1": {
					"rotation": {
						"0.0": [15, 0, 0],
						"0.5": [10, 0, 0],
						"1.0": [15, 0, 0],
						"1.5": [10, 0, 0],
						"2.0": [15, 0, 0]
					}
				},
				"neck2": {
					"rotation": {
						"0.0": [0, 0, 0],
						"0.5": [7.5, 0, 0],
						"1.0": [0, 0, 0],
						"1.5": [7.5, 0, 0],
						"2.0": [0, 0, 0]
					}
				},
				"head": {
					"rotation": {
						"0.0": [0, 0, 0],
						"0.5": [5, 0, 0],
						"1.0": [0, 0, 0],
						"1.5": [5, 0, 0],
						"2.0": [0, 0, 0]
					}
				},
				"tail": {
					"rotation": {
						"0.0": [0, 0, 0],
						"0.5": [0, 10, 0],
						"1.0": [0, 0, 0],
						"1.5": [0, -10, 0],
						"2.0": [0, 0, 0]
					},
					"position": {
						"0.0": [0, 0, 0],
						"0.5": [0, 0, -2],
						"1.0": [0, 0, 0],
						"1.5": [0, 0, -2],
						"2.0": [0, 0, 0]
					}
				},
				"tail2": {
					"rotation": {
						"0.0": [0, 0, 0],
						"0.5": [0, 17.5, 0],
						"1.0": [0, 0, 0],
						"1.5": [0, -17.5, 0],
						"2.0": [0, 0, 0]
					},
					"position": {
						"0.0": [0, 0, 0],
						"1.0": [0, 0, 0],
						"2.0": [0, 0, 0]
					}
				},
				"tail3": {
					"rotation": {
						"0.0": [0, 0, 0],
						"0.5": [0, 17.5, 0],
						"1.0": [0, 0, 0],
						"1.5": [0, -17.5, 0],
						"2.0": [0, 0, 0]
					},
					"position": {
						"0.0": [0, 0, 0],
						"0.5": [0, 0, -1],
						"1.0": [0, 0, 0],
						"1.5": [0, 0, -1],
						"2.0": [0, 0, 0]
					}
				},
				"leg_back_left1": {
					"rotation": {
						"0.0": [25, 0, 0],
						"0.5417": [-38.23, 0, 0],
						"1.0": [-22.5, 0, 0],
						"2.0": [25, 0, 0]
					},
					"position": {
						"0.0": [0, -1, 0],
						"0.5417": [2, 3, 0],
						"1.0": [0, -1, 0],
						"2.0": [0, -1, 0]
					}
				},
				"leg_back_left2": {
					"rotation": {
						"0.0": [-22.5, 0, 0],
						"0.5417": [29.38, 0, 0],
						"1.0": [22.5, 0, 0],
						"2.0": [-22.5, 0, 0]
					},
					"position": {
						"0.0": [0, 0, 0],
						"0.5417": [0, 2.08, 0],
						"1.0": [0, 2, 0],
						"2.0": [0, 0, 0]
					}
				},
				"foot_back_left": {
					"rotation": {
						"0.0": [0, 0, 0],
						"0.5417": [15, 0, 0],
						"1.0": [0, 0, 0],
						"2.0": [0, 0, 0]
					},
					"position": {
						"0.0": [0, 0, 0],
						"1.0": [0, 0, 0],
						"2.0": [0, 0, 0]
					}
				},
				"leg_back_right1": {
					"rotation": {
						"0.0": [-22.5, 0, 0],
						"1.0": [25, 0, 0],
						"1.5": [-38.23, 0, 0],
						"2.0": [-22.5, 0, 0]
					},
					"position": {
						"0.0": [0, -1, 0],
						"1.0": [0, -1, 0],
						"1.5": [2, 3, 0],
						"2.0": [0, -1, 0]
					}
				},
				"leg_back_right2": {
					"rotation": {
						"0.0": [22.5, 0, 0],
						"1.0": [-22.5, 0, 0],
						"1.5": [29.38, 0, 0],
						"2.0": [22.5, 0, 0]
					},
					"position": {
						"0.0": [0, 2, 0],
						"1.0": [0, 0, 0],
						"1.5": [0, 2.08, 0],
						"2.0": [0, 2, 0]
					}
				},
				"foot_back_right": {
					"rotation": {
						"0.0": [0, 0, 0],
						"1.0": [0, 0, 0],
						"1.5": [15, 0, 0],
						"2.0": [0, 0, 0]
					},
					"position": {
						"0.0": [0, 0, 0],
						"1.0": [0, 0, 0],
						"2.0": [0, 0, 0]
					}
				},
				"leg_front_right2": {
					"rotation": [30, 0, 0]
				},
				"leg_front_left2": {
					"rotation": [30, 0, 0]
				}
			}
		},
		"animation.carnobrawlrus.sleep": {
			"loop": true,
			"animation_length": 8,
			"bones": {
				"body": {
					"position": [0, -6, 0]
				},
				"waist": {
					"position": [0, -8, 0]
				},
				"neck1": {
					"rotation": {
						"0.0": [17.5, 0, 0],
						"2.0": [7.5, 0, 0],
						"4.0": [17.5, 0, 0],
						"6.0": [7.5, 0, 0],
						"8.0": [17.5, 0, 0]
					}
				},
				"neck2": {
					"rotation": {
						"0.0": [27.5, 0, 0],
						"2.0": [15, 0, 0],
						"4.0": [27.5, 0, 0],
						"6.0": [15, 0, 0],
						"8.0": [27.5, 0, 0]
					},
					"position": [0, -1, 0]
				},
				"head": {
					"rotation": {
						"0.0": [10, 0, 0],
						"2.0": [-15, 0, 0],
						"4.0": [10, 0, 0],
						"6.0": [-15, 0, 0],
						"8.0": [10, 0, 0]
					},
					"position": [0, 0, 0]
				},
				"tail": {
					"rotation": {
						"0.0": [0, 0, 0],
						"2.0": [0, 15, 0],
						"4.0": [0, 0, 0],
						"6.0": [0, -15, 0],
						"8.0": [0, 0, 0]
					},
					"position": {
						"0.0": [0, 0, 0],
						"2.0": [0, 0, -2],
						"4.0": [0, 0, 0],
						"6.0": [0, 0, -2],
						"8.0": [0, 0, 0]
					}
				},
				"tail2": {
					"rotation": {
						"0.0": [0, 0, 0],
						"2.0": [0, 12.5, 0],
						"4.0": [0, 0, 0],
						"6.0": [0, -12.5, 0],
						"8.0": [0, 0, 0]
					},
					"position": {
						"0.0": [0, 0, 0],
						"4.0": [0, 0, 0],
						"8.0": [0, 0, 0]
					}
				},
				"tail3": {
					"rotation": {
						"0.0": [0, 0, 0],
						"2.0": [0, 25, 0],
						"4.0": [0, 0, 0],
						"6.0": [0, -25, 0],
						"8.0": [0, 0, 0]
					},
					"position": {
						"0.0": [0, 0, 0],
						"2.0": [0, 0, -2],
						"4.0": [0, 0, 0],
						"6.0": [0, 0, -2],
						"8.0": [0, 0, 0]
					}
				},
				"eyelid_right": {
					"position": [-0.1, 0, 0]
				},
				"eyelid_left": {
					"position": [0.1, 0, 0]
				},
				"leg_back_left1": {
					"rotation": [-90, 0, 0],
					"position": [5, -5, 5]
				},
				"leg_back_left2": {
					"rotation": [90, 0, 0],
					"position": [0, 4, -3]
				},
				"foot_back_left": {
					"rotation": [0, 0, 0],
					"position": [0, 2, 0]
				},
				"leg_back_right1": {
					"rotation": [-90, 0, 0],
					"position": [-5, -5, 5]
				},
				"leg_back_right2": {
					"rotation": [90, 0, 0],
					"position": [0, 4, -3]
				},
				"foot_back_right": {
					"rotation": [0, 0, 0],
					"position": [0, 2, 0]
				},
				"leg_front_right2": {
					"rotation": [0, 0, 82.5]
				},
				"leg_front_left2": {
					"rotation": [0, 0, -82.5]
				}
			}
		},
		"animation.carnobrawlrus.blink": {
			"animation_length": 0.1667,
			"bones": {
				"eyelid_right": {
					"position": {
						"0.0": [-0.1, 0, 0],
						"0.125": [-0.1, 0, 0],
						"0.1667": [0, 0, 0]
					}
				},
				"eyelid_left": {
					"position": {
						"0.0": [0.1, 0, 0],
						"0.125": [0.1, 0, 0],
						"0.1667": [0, 0, 0]
					}
				}
			}
		},
		"animation.carnobrawlrus.walkspeedtest": {
			"loop": true,
			"bones": {
				"carnobrawlrus": {
					"position": [0, 0, "-q.anim_time*90*0.255"]
				}
			}
		}
	}
}