{
    "portraitScale": 2,
    "portraitTranslation": [0.02, -0.27, 0],
    "profileScale": 0.8,
    "profileTranslation": [0, 0.56, 0],
    "rootBone": "bronzombro",
    "animations": {
      "cry": "q.bedrock_stateful('bronzombro', 'cry')"
    },
    "poses": {
      "battle-standing": {
        "poseTypes": ["STAND"],
        "isBattle": true,
        "animations": [
          "q.look('head_anim', 1, 1, 5, -5, 45, -45)",
          "q.bedrock('bronzombro', 'battle_idle')"
        ],
        "quirks": ["q.bedrock_quirk('bronzombro', 'blink')"]
      },
      "standing": {
        "poseTypes": ["STAND", "NONE", "PORTRAIT", "PROFILE"],
        "isBattle": false,
        "animations": [
          "q.look('head_anim', 1, 1, 5, -5, 45, -45)",
          "q.bedrock('bronzombro', 'ground_idle')"
        ],
        "quirks": [
          "q.bedrock_quirk('bronzombro', 'blink')","q.bedrock_quirk('bronzombro', 'quirk')"
        ]
      },
      "walking": {
        "poseTypes": ["WALK"],
        "animations": [
          "q.look('head_anim', 1, 1, 5, -5, 45, -45)",
          "q.bedrock('bronzombro', 'ground_walk')"
        ],
        "quirks": ["q.bedrock_quirk('bronzombro', 'blink')"]
      },
      "sleep": {
        "poseTypes": ["SLEEP"],
        "animations": ["q.bedrock('bronzombro', 'sleep')"]
      },
      "float": {
        "poseTypes": ["FLOAT"],
        "isBattle": false,
        "animations": [
          "q.look('head_anim', 1, 1, 5, -5, 45, -45)",
          "q.bedrock('bronzombro', 'ground_idle')"
        ],
        "quirks": [
          "q.bedrock_quirk('bronzombro', 'blink')"
        ]
      },
      "swim": {
        "poseTypes": ["SWIM"],
        "animations": [
          "q.look('head_anim', 1, 1, 5, -5, 45, -45)",
          "q.bedrock('bronzombro', 'ground_walk')"
        ],
        "quirks": ["q.bedrock_quirk('bronzombro', 'blink')"]
      }
      }
    }