{
    "portraitScale": 1.76,
    "portraitTranslation": [-0.53, 1.35, 0],
    "profileScale": 0.63,
    "profileTranslation": [0, 0.8, 0],
    "rootBone": "equirin",
    "animations": {
      "faint": "q.bedrock_primary('equirin', 'faint', q.curve('one'))",
      "cry": "q.bedrock_stateful('equirin', 'cry')",
      "special": "q.bedrock_primary('equirin', 'special', q.curve('symmetrical_wide'))",
      "recoil": "q.bedrock_stateful('equirin', 'recoil')",
      "status": "q.bedrock_stateful('equirin', 'cry', q.curve('symmetrical_wide'))"
    },
    "poses": {
      "battle-standing": {
        "poseTypes": ["STAND"],
        "isBattle": true,
        "animations": [
          "q.look('head')",
          "q.bedrock('equirin', 'battle_idle')"
        ],
        "quirks": ["q.bedrock_quirk('equirin', 'blink')","q.bedrock_quirk('equirin', 'battle_quirk', 20, 60, 1)","q.bedrock_quirk('equirin', 'battle_quirk2')"]
      },
      "standing": {
        "poseTypes": ["STAND", "NONE", "PORTRAIT", "PROFILE"],
        "isBattle": false,
        "isTouchingWater": false,
        "animations": [
          "q.look('head')",
          "q.bedrock('equirin', 'ground_idle')"
        ],
        "quirks": [
          "q.bedrock_quirk('equirin', 'blink')"
        ]
      },
      "walking": {
        "poseTypes": ["WALK"],
        "isTouchingWater": false,
        "animations": [
          "q.look('head')",
          "q.bedrock('equirin', 'ground_walk')"
        ],
        "quirks": ["q.bedrock_quirk('equirin', 'blink')"]
      },
      "float": {
        "poseTypes": ["FLOAT"],
        "isTouchingWater": true,
        "animations": [
          "q.look('head')",
          "q.bedrock('equirin', 'water_idle')"
        ],
        "quirks": ["q.bedrock_quirk('equirin', 'blink')"]
      },
      "swim": {
        "poseTypes": ["SWIM"],
        "isTouchingWater": true,
        "animations": [
          "q.look('head')",
          "q.bedrock('equirin', 'water_swim')"
        ],
        "quirks": ["q.bedrock_quirk('equirin', 'blink')"]
      },
      "sleep": {
        "poseTypes": ["SLEEP"],
        "isTouchingWater": false,
        "animations": ["q.bedrock('equirin', 'sleep')"]
      },
    "surface_sleep": {
      "poseTypes": ["SLEEP"],
      "isTouchingWater": true,
      "animations": [
        "q.look('head')",
        "q.bedrock('equirin', 'sleep')"
      ],
      "transformedParts": [
        {
          "part": "body",
          "position": [0, -6, 0]
        }
      ]
    },
    "surface_idle": {
      "poseTypes": ["STAND", "FLOAT"],
      "isTouchingWater": true,
      "animations": [
        "q.look('head')",
        "q.bedrock('equirin', 'ground_idle')"
      ],
      "quirks": ["q.bedrock_quirk('equirin', 'blink')"],
      "transformedParts": [
        {
          "part": "body",
          "position": [0, -6, 0]
        }
      ]
    },
    "surface_swim": {
      "poseTypes": ["WALK", "SWIM"],
      "isTouchingWater": true,
      "animations": [
        "q.look('head')",
        "q.bedrock('equirin', 'ground_walk')"
      ],
      "quirks": ["q.bedrock_quirk('equirin', 'blink')"],
      "transformedParts": [
        {
          "part": "body",
          "position": [0, -6, 0]
        }
      ]  
    }
   }
  }