{
    "portraitScale": 1.79,
    "portraitTranslation": [-0.63, 1.55, 0],
    "profileScale": 0.7,
    "profileTranslation": [0, 0.74, 0],
    "rootBone": "fluffle",
    "animations": {
      "faint": "q.bedrock_primary('fluffle', 'faint', q.curve('one'))",
      "cry": "q.bedrock_stateful('fluffle', 'cry')",
      "status": "q.bedrock_stateful('fluffle', 'cry', q.curve('symmetrical_wide'))"
    },
    "poses": {
      "battle-standing": {
        "poseTypes": ["STAND"],
        "isBattle": true,
        "animations": [
          "q.look('head')",
          "q.bedrock('fluffle', 'ground_idle')"
        ],
        "quirks": []
      },
      "standing": {
        "poseTypes": ["STAND", "NONE", "PORTRAIT", "PROFILE"],
        "isBattle": false,
        "animations": [
          "q.look('head')",
          "q.bedrock('fluffle', 'ground_idle')"
        ],
        "quirks": [
          "q.bedrock_quirk('fluffle', 'quirk', 20, 40, 1)"
        ]
      },
      "walking": {
        "poseTypes": ["WALK"],
        "animations": [
          "q.look('head')",
          "q.bedrock('fluffle', 'ground_walk')"
        ],
        "quirks": []
      },
      "float": {
        "poseTypes": ["FLOAT"],
        "animations": [
          "q.look('head')",
          "q.bedrock('fluffle', 'ground_idle')"
        ],
        "quirks": []
      },
      "swim": {
        "poseTypes": ["SWIM"],
        "animations": [
          "q.look('head')",
          "q.bedrock('fluffle', 'ground_walk')"
        ],
        "quirks": []
      },
      "sleep": {
        "poseTypes": ["SLEEP"],
        "animations": ["q.bedrock('fluffle', 'sleep')"]
      }
    }
   }