{
  "portraitScale": 2.2,
  "portraitTranslation": [0.3, 0.4, 0],
  "profileScale": 0.7,
  "profileTranslation": [0, 0.9, 0],
  "rootBone": "infastella",
  "animations": {
    "faint": "q.bedrock_primary('infastella', 'faint', q.curve('one'))",
    "cry": "q.bedrock_stateful('infastella', 'cry')"
  },
  "poses": {
    "battle-standing": {
      "poseTypes": ["STAND"],
      "isBattle": true,
      "animations": [
        "q.look('head')",
        "q.bedrock('infastella', 'ground_idle')"
      ]
    },
    "standing": {
      "poseTypes": ["STAND", "NONE", "PORTRAIT", "PROFILE"],
      "isBattle": false,
      "animations": [
        "q.look('head')",
        "q.bedrock('infastella', 'ground_idle')"
      ]
    },
    "walking": {
      "poseTypes": ["WALK"],
      "animations": [
        "q.look('head')",
        "q.bedrock('infastella', 'ground_walk')"
      ]
    },
    "hover": {
      "poseTypes": ["HOVER"],
      "animations": [
        "q.look('head')",
        "q.bedrock('infastella', 'air_idle')"
      ]
    },
    "fly": {
      "poseTypes": ["FLY"],
      "animations": [
        "q.look('head')",
        "q.bedrock('infastella', 'air_fly')"
      ]
    },
    "float": {
      "poseTypes": ["FLOAT"],
      "animations": [
        "q.look('head')",
        "q.bedrock('infastella', 'air_idle')"
      ]
    },
    "swim": {
      "poseTypes": ["SWIM"],
      "animations": [
        "q.look('head')",
        "q.bedrock('infastella', 'air_fly')"
      ]
    },
    "sleep": {
      "poseTypes": ["SLEEP"],
      "animations": ["q.bedrock('infastella', 'sleep')"]
    }
  }
 }