{
    "portraitScale": 1.8,
    "portraitTranslation": [-0.25, -0.45, 0],
    "profileScale": 0.8,
    "profileTranslation": [0, 0.58, 0],
    "rootBone": "quantom",
    "animations": {
      "cry": "q.bedrock_stateful('quantom', 'cry')"
    }
,
    "poses": {
      "battle-standing": {
        "poseTypes": ["STAND"],
        "isBattle": true,
        "animations": [
          "q.look('head')",
          "q.bedrock('quantom', 'ground_idle')"
        ]},
      "standing": {
        "poseTypes": ["STAND", "NONE", "PORTRAIT", "PROFILE"],
        "isBattle": false,
        "animations": [
          "q.look('head')",
          "q.bedrock('quantom', 'ground_idle')"
        ]
      },
      "walking": {
        "poseTypes": ["WALK"],
        "animations": [
          "q.look('head')",
          "q.bedrock('quantom', 'ground_run')"
        ]},
      "sleep": {
        "poseTypes": ["SLEEP"],
        "animations": ["q.bedrock('quantom', 'sleep')"]
      },
      "shoulder_left": {
        "poseTypes": ["SHOULDER_LEFT"],
        "animations": ["q.look('head')", "q.bedrock('quantom', 'ground_idle')"],
        "quirks": ["q.bedrock_quirk('quantom', 'blink')"],
        "transformedParts": [
          {
            "part": "body",
            "position": [5, 0, 0]
          }
        ]
      },
      "shoulder_right": {
        "poseTypes": ["SHOULDER_RIGHT"],
        "animations": ["q.look('head')", "q.bedrock('quantom', 'ground_idle')"],
        "quirks": ["q.bedrock_quirk('quantom', 'blink')"],
        "transformedParts": [
          {
            "part": "body",
            "position": [-5, 0, 0]
          }
        ]
      }  
      }
    }