{
	"format_version": "1.8.0",
	"animations": {
		"animation.phantomare.ground_idle": {
			"loop": true,
			"animation_length": 3,
			"bones": {
				"phantomare": {
					"position": {
						"0.0": [0, 0, 0],
						"0.9583": [0, 0, 0]
					}
				},
				"body": {
					"position": [0, 2, 0]
				},
				"torso": {
					"position": {
						"0.0": [0, 0, 0],
						"1.0": [0, 1, 0],
						"3.0": [0, 0, 0]
					}
				},
				"head": {
					"rotation": {
						"0.0": [5, 0, 0],
						"1.0": [7.5, 0, 0],
						"3.0": [5, 0, 0]
					}
				},
				"eyelids": {
					"position": [0, 0, 1]
				},
				"tail": {
					"rotation": {
						"0.0": [-35, 0, 0],
						"1.0": [-40, 0, 0],
						"3.0": [-35, 0, 0]
					}
				},
				"tail2": {
					"rotation": {
						"0.0": [-25, 0, 0],
						"1.0": [-27.5, 0, 0],
						"3.0": [-25, 0, 0]
					}
				},
				"tail3": {
					"rotation": {
						"0.0": [-15, 0, 0],
						"1.0": [-12.5, 0, 0],
						"3.0": [-15, 0, 0]
					}
				},
				"wing1": {
					"rotation": {
						"0.0": [0, 0, -45],
						"0.5": [0, 0, 2.5],
						"1.0": [0, 0, 30],
						"1.5": [0, 0, 20],
						"2.0": [0, 0, -15],
						"2.5": [0, 0, -30],
						"3.0": [0, 0, -45]
					}
				},
				"subwing1": {
					"rotation": {
						"0.0": [0, 0, -5],
						"0.5": [0, 0, -25],
						"1.0": [0, 0, -25],
						"1.5": [0, 0, 0],
						"2.0": [0, 0, 20],
						"2.5": [0, 0, 15],
						"3.0": [0, 0, -5]
					}
				},
				"wing2": {
					"rotation": {
						"0.0": [0, 0, 45],
						"0.5": [0, 0, -2.5],
						"1.0": [0, 0, -30],
						"1.5": [0, 0, -20],
						"2.0": [0, 0, 15],
						"2.5": [0, 0, 30],
						"3.0": [0, 0, 45]
					}
				},
				"subwing2": {
					"rotation": {
						"0.0": [0, 0, 5],
						"0.5": [0, 0, 25],
						"1.0": [0, 0, 25],
						"1.5": [0, 0, 0],
						"2.0": [0, 0, -20],
						"2.5": [0, 0, -15],
						"3.0": [0, 0, 5]
					}
				}
			}
		},
		"animation.phantomare.air_idle": {
			"loop": true,
			"animation_length": 3,
			"bones": {
				"body": {
					"position": [0, 2, 0]
				},
				"torso": {
					"position": {
						"0.0": [0, 0, 0],
						"1.0": [0, 1, 0],
						"3.0": [0, 0, 0]
					}
				},
				"head": {
					"rotation": {
						"0.0": [5, 0, 0],
						"1.0": [7.5, 0, 0],
						"3.0": [5, 0, 0]
					}
				},
				"eyelids": {
					"position": [0, 0, 1]
				},
				"tail": {
					"rotation": {
						"0.0": [-35, 0, 0],
						"1.0": [-40, 0, 0],
						"3.0": [-35, 0, 0]
					}
				},
				"tail2": {
					"rotation": {
						"0.0": [-25, 0, 0],
						"1.0": [-27.5, 0, 0],
						"3.0": [-25, 0, 0]
					}
				},
				"tail3": {
					"rotation": {
						"0.0": [-15, 0, 0],
						"1.0": [-12.5, 0, 0],
						"3.0": [-15, 0, 0]
					}
				},
				"wing1": {
					"rotation": {
						"0.0": [0, 0, -45],
						"0.5": [0, 0, 2.5],
						"1.0": [0, 0, 30],
						"1.5": [0, 0, 20],
						"2.0": [0, 0, -15],
						"2.5": [0, 0, -30],
						"3.0": [0, 0, -45]
					}
				},
				"subwing1": {
					"rotation": {
						"0.0": [0, 0, -5],
						"0.5": [0, 0, -25],
						"1.0": [0, 0, -25],
						"1.5": [0, 0, 0],
						"2.0": [0, 0, 20],
						"2.5": [0, 0, 15],
						"3.0": [0, 0, -5]
					}
				},
				"wing2": {
					"rotation": {
						"0.0": [0, 0, 45],
						"0.5": [0, 0, -2.5],
						"1.0": [0, 0, -30],
						"1.5": [0, 0, -20],
						"2.0": [0, 0, 15],
						"2.5": [0, 0, 30],
						"3.0": [0, 0, 45]
					}
				},
				"subwing2": {
					"rotation": {
						"0.0": [0, 0, 5],
						"0.5": [0, 0, 25],
						"1.0": [0, 0, 25],
						"1.5": [0, 0, 0],
						"2.0": [0, 0, -20],
						"2.5": [0, 0, -15],
						"3.0": [0, 0, 5]
					}
				}
			}
		},
		"animation.phantomare.ground_walk": {
			"loop": true,
			"animation_length": 1.5,
			"bones": {
				"body": {
					"position": [0, 3, 0]
				},
				"torso": {
					"position": {
						"0.0": [0, 0, 0],
						"0.5": [0, 1, 0],
						"1.5": [0, 0, 0]
					}
				},
				"head": {
					"rotation": {
						"0.0": [0, 0, 0],
						"0.5": [5, 0, 0],
						"1.5": [0, 0, 0]
					}
				},
				"eyelids": {
					"position": [0, 0, 1]
				},
				"tail": {
					"rotation": {
						"0.0": [0, 0, 0],
						"0.5": [-5, 0, 0],
						"0.75": [-2.5, 0, 0],
						"1.0": [0, 0, 0]
					}
				},
				"tail2": {
					"rotation": {
						"0.0": [0, 0, 0],
						"0.5": [2.5, 0, 0],
						"0.75": [-2.5, 0, 0],
						"1.0": [0, 0, 0]
					}
				},
				"tail3": {
					"rotation": {
						"0.0": [0, 0, 0],
						"0.5": [2.5, 0, 0],
						"0.75": [7.5, 0, 0],
						"1.0": [-5, 0, 0],
						"1.25": [0, 0, 0]
					}
				},
				"wing1": {
					"rotation": {
						"0.0": [0, 0, -45],
						"0.25": [0, 0, 2.5],
						"0.5": [0, 0, 30],
						"0.75": [0, 0, 20],
						"1.0": [0, 0, -15],
						"1.25": [0, 0, -30],
						"1.5": [0, 0, -45]
					}
				},
				"subwing1": {
					"rotation": {
						"0.0": [0, 0, -5],
						"0.25": [0, 0, -25],
						"0.5": [0, 0, -25],
						"0.75": [0, 0, 0],
						"1.0": [0, 0, 20],
						"1.25": [0, 0, 15],
						"1.5": [0, 0, -5]
					}
				},
				"wing2": {
					"rotation": {
						"0.0": [0, 0, 45],
						"0.25": [0, 0, -2.5],
						"0.5": [0, 0, -30],
						"0.75": [0, 0, -20],
						"1.0": [0, 0, 15],
						"1.25": [0, 0, 30],
						"1.5": [0, 0, 45]
					}
				},
				"subwing2": {
					"rotation": {
						"0.0": [0, 0, 5],
						"0.25": [0, 0, 25],
						"0.5": [0, 0, 25],
						"0.75": [0, 0, 0],
						"1.0": [0, 0, -20],
						"1.25": [0, 0, -15],
						"1.5": [0, 0, 5]
					}
				}
			}
		},
		"animation.phantomare.air_fly": {
			"loop": true,
			"animation_length": 1.5,
			"bones": {
				"body": {
					"position": [0, 3, 0]
				},
				"torso": {
					"position": {
						"0.0": [0, 0, 0],
						"0.5": [0, 1, 0],
						"1.5": [0, 0, 0]
					}
				},
				"head": {
					"rotation": {
						"0.0": [0, 0, 0],
						"0.5": [5, 0, 0],
						"1.5": [0, 0, 0]
					}
				},
				"eyelids": {
					"position": [0, 0, 1]
				},
				"tail": {
					"rotation": {
						"0.0": [0, 0, 0],
						"0.5": [-5, 0, 0],
						"0.75": [-2.5, 0, 0],
						"1.0": [0, 0, 0]
					}
				},
				"tail2": {
					"rotation": {
						"0.0": [0, 0, 0],
						"0.5": [2.5, 0, 0],
						"0.75": [-2.5, 0, 0],
						"1.0": [0, 0, 0]
					}
				},
				"tail3": {
					"rotation": {
						"0.0": [0, 0, 0],
						"0.5": [2.5, 0, 0],
						"0.75": [7.5, 0, 0],
						"1.0": [-5, 0, 0],
						"1.25": [0, 0, 0]
					}
				},
				"wing1": {
					"rotation": {
						"0.0": [0, 0, -45],
						"0.25": [0, 0, 2.5],
						"0.5": [0, 0, 30],
						"0.75": [0, 0, 20],
						"1.0": [0, 0, -15],
						"1.25": [0, 0, -30],
						"1.5": [0, 0, -45]
					}
				},
				"subwing1": {
					"rotation": {
						"0.0": [0, 0, -5],
						"0.25": [0, 0, -25],
						"0.5": [0, 0, -25],
						"0.75": [0, 0, 0],
						"1.0": [0, 0, 20],
						"1.25": [0, 0, 15],
						"1.5": [0, 0, -5]
					}
				},
				"wing2": {
					"rotation": {
						"0.0": [0, 0, 45],
						"0.25": [0, 0, -2.5],
						"0.5": [0, 0, -30],
						"0.75": [0, 0, -20],
						"1.0": [0, 0, 15],
						"1.25": [0, 0, 30],
						"1.5": [0, 0, 45]
					}
				},
				"subwing2": {
					"rotation": {
						"0.0": [0, 0, 5],
						"0.25": [0, 0, 25],
						"0.5": [0, 0, 25],
						"0.75": [0, 0, 0],
						"1.0": [0, 0, -20],
						"1.25": [0, 0, -15],
						"1.5": [0, 0, 5]
					}
				}
			}
		},
		"animation.phantomare.faint": {
			"animation_length": 3,
			"bones": {
				"body": {
					"position": [0, 2, 0]
				},
				"torso": {
					"rotation": [0, 0, 0],
					"position": {
						"0.0": [0, 0, 0],
						"0.125": [0, 2, 0],
						"0.4167": [0, -8, 0],
						"0.625": [0, -15, 0],
						"0.6667": [0, -14, 0],
						"0.75": [0, -15, 0]
					}
				},
				"head": {
					"rotation": {
						"0.0": [-20, 0, 0],
						"0.125": [20, 0, 0],
						"0.25": [-5, 0, 0],
						"0.5": [10, 0, 0],
						"0.625": [-20, 0, 0],
						"0.6667": [30, 0, 0],
						"0.75": [10, 0, 0],
						"0.8333": [15, 0, 0]
					},
					"scale": 1
				},
				"eyelids": {
					"position": {
						"0.0": [0, 0, 1],
						"0.0417": [0, 0, 0],
						"0.1667": [0, 0, 0],
						"0.2083": [0, 0, 1],
						"0.25": [0, 0, 0],
						"0.3333": [0, 0, 0],
						"0.375": [0, 0, 1],
						"0.625": [0, 0, 1],
						"0.7083": [0, 0, 0],
						"3.0": [0, 0, 0]
					}
				},
				"tail": {
					"rotation": {
						"0.0": [25, 0, 0],
						"0.125": [-25, 0, 0],
						"0.25": [-10, 0, 0],
						"0.375": [0, 0, 0],
						"0.5": [-20, 0, 0]
					}
				},
				"tail2": {
					"rotation": {
						"0.0": [20, 0, 0],
						"0.2083": [-10, 0, 0],
						"0.5833": [5, 0, 0],
						"0.75": [30, 0, 0],
						"1.0": [17.5, 0, 0]
					}
				},
				"tail3": {
					"rotation": {
						"0.0": [20, 0, 0],
						"0.2917": [-20, 0, 0],
						"0.5833": [5, 0, 0],
						"0.75": [-15, 0, 0],
						"1.0": [0, 0, 0]
					}
				},
				"wing1": {
					"rotation": {
						"0.0": [0, 0, -40],
						"0.125": [0, 0, 65],
						"0.25": [0, 0, -20],
						"0.5": [0, 0, 35],
						"0.625": [0, 0, -10],
						"0.75": [0, 0, 25]
					}
				},
				"subwing1": {
					"rotation": {
						"0.0": [0, 0, -40],
						"0.25": [0, 0, 45],
						"0.5": [0, 0, -35],
						"0.625": [0, 0, 25],
						"0.75": [0, 0, -20]
					}
				},
				"wing2": {
					"rotation": {
						"0.0": [0, 0, 40],
						"0.125": [0, 0, -65],
						"0.25": [0, 0, 20],
						"0.5": [0, 0, -35],
						"0.625": [0, 0, 10],
						"0.75": [0, 0, -25]
					}
				},
				"subwing2": {
					"rotation": {
						"0.0": [0, 0, 40],
						"0.25": [0, 0, -45],
						"0.5": [0, 0, 40],
						"0.625": [0, 0, -25],
						"0.75": [0, 0, 20]
					}
				}
			}
		},
		"animation.phantomare.sleep": {
			"loop": true,
			"animation_length": 2,
			"bones": {
				"torso": {
					"position": [0, -13, 0]
				},
				"head": {
					"rotation": {
						"0.0": [12.5, 0, 0],
						"1.0": [7.5, 0, 0],
						"2.0": [12.5, 0, 0]
					}
				},
				"tail": {
					"rotation": {
						"0.0": [-20, 0, 0],
						"1.0": [-17.5, 0, 0],
						"2.0": [-20, 0, 0]
					}
				},
				"tail2": {
					"rotation": {
						"0.0": [10, 0, 0],
						"1.0": [7.5, 0, 0],
						"2.0": [10, 0, 0]
					}
				},
				"tail3": {
					"rotation": {
						"0.0": [10, 0, 0],
						"1.0": [7.5, 0, 0],
						"2.0": [10, 0, 0]
					}
				},
				"wing1": {
					"rotation": {
						"0.0": [0, 0, 25],
						"1.0": [0, 0, 22.5],
						"2.0": [0, 0, 25]
					}
				},
				"subwing1": {
					"rotation": {
						"0.0": [0, 0, -20],
						"1.0": [0, 0, -15],
						"2.0": [0, 0, -20]
					}
				},
				"wing2": {
					"rotation": {
						"0.0": [0, 0, -25],
						"1.0": [0, 0, -22.5],
						"2.0": [0, 0, -25]
					}
				},
				"subwing2": {
					"rotation": {
						"0.0": [0, 0, 20],
						"1.0": [0, 0, 15],
						"2.0": [0, 0, 20]
					}
				}
			}
		}
	}
}