{
	"format_version": "1.12.0",
	"minecraft:geometry": [
		{
			"description": {
				"identifier": "geometry.icelion_max",
				"texture_width": 256,
				"texture_height": 256,
				"visible_bounds_width": 7,
				"visible_bounds_height": 5.5,
				"visible_bounds_offset": [0, 2.25, 0]
			},
			"bones": [
				{
					"name": "icelion",
					"pivot": [0, 0, 0]
				},
				{
					"name": "body",
					"parent": "icelion",
					"pivot": [0, 0, 0]
				},
				{
					"name": "rightleg",
					"parent": "body",
					"pivot": [-3.74714, 18.30661, 3.09461],
					"cubes": [
						{"origin": [-8, 9, -1], "size": [8, 9, 8], "inflate": 0.01, "uv": [0, 79]},
						{"origin": [18, 20, -13], "size": [2, 4, 0], "pivot": [0, 32, -10], "rotation": [90.05962, 6.95906, 90.01931], "uv": [233, 8]},
						{"origin": [15, 18, -13], "size": [2, 3, 0], "pivot": [-3, 30, -10], "rotation": [90.05962, 6.95906, 90.01931], "uv": [233, 8]},
						{"origin": [19, 18, -13], "size": [2, 4, 0], "pivot": [1, 30, -10], "rotation": [90.05962, 6.95906, 90.01931], "uv": [233, 8]}
					]
				},
				{
					"name": "rightknee",
					"parent": "rightleg",
					"pivot": [-4, 9, -1],
					"cubes": [
						{"origin": [-8, 5, -1], "size": [8, 4, 8], "uv": [88, 86]}
					]
				},
				{
					"name": "rightfoot",
					"parent": "rightknee",
					"pivot": [-3.875, 5.125, -3.25],
					"cubes": [
						{"origin": [-8, 0, -3], "size": [8, 5, 10], "uv": [28, 72]},
						{"origin": [-8, 0, -7], "size": [2, 4, 4], "uv": [40, 118]},
						{"origin": [-5, 0, -7], "size": [2, 4, 4], "uv": [42, 102]},
						{"origin": [-2, 0, -7], "size": [2, 4, 4], "uv": [44, 26]}
					]
				},
				{
					"name": "leftleg",
					"parent": "body",
					"pivot": [3.74714, 18.30661, 3.09461],
					"cubes": [
						{"origin": [0, 9, -1], "size": [8, 9, 8], "inflate": 0.01, "uv": [64, 77]},
						{"origin": [-17, 18, -13], "size": [2, 3, 0], "pivot": [3, 30, -10], "rotation": [90.05962, -6.95906, -90.01931], "uv": [233, 8], "mirror": true},
						{"origin": [-21, 18, -13], "size": [2, 4, 0], "pivot": [-1, 30, -10], "rotation": [90.05962, -6.95906, -90.01931], "uv": [233, 8], "mirror": true},
						{"origin": [-20, 20, -13], "size": [2, 4, 0], "pivot": [0, 32, -10], "rotation": [90.05962, -6.95906, -90.01931], "uv": [233, 8], "mirror": true}
					]
				},
				{
					"name": "leftknee",
					"parent": "leftleg",
					"pivot": [4, 9, -1],
					"cubes": [
						{"origin": [0, 5, -1], "size": [8, 4, 8], "uv": [88, 86], "mirror": true}
					]
				},
				{
					"name": "leftfoot",
					"parent": "leftknee",
					"pivot": [3.875, 5.125, -3.25],
					"cubes": [
						{"origin": [0, 0, -7], "size": [2, 4, 4], "uv": [48, 122]},
						{"origin": [0, 0, -3], "size": [8, 5, 10], "uv": [70, 62]},
						{"origin": [6, 0, -7], "size": [2, 4, 4], "uv": [96, 62]},
						{"origin": [3, 0, -7], "size": [2, 4, 4], "uv": [0, 0]}
					]
				},
				{
					"name": "torso",
					"parent": "body",
					"pivot": [0, 20.5, 3],
					"cubes": [
						{"origin": [-8.5, 18, -2], "size": [17, 11, 10], "uv": [0, 26]}
					]
				},
				{
					"name": "tail",
					"parent": "torso",
					"pivot": [0, 21, 8],
					"cubes": [
						{"origin": [-4.5, 18, 8], "size": [9, 7, 9], "uv": [64, 0]},
						{"origin": [0, 25, 12], "size": [0, 3, 3], "uv": [0, 129]}
					]
				},
				{
					"name": "tail2",
					"parent": "tail",
					"pivot": [0, 20.82352, 16.68547],
					"cubes": [
						{"origin": [-3.5, 18, 17], "size": [7, 6, 9], "uv": [80, 47]},
						{"origin": [0, 23, 19], "size": [0, 7, 3], "pivot": [-1, 42, 9], "rotation": [-7.5, 0, 0], "uv": [0, 129]},
						{"origin": [0, 23, 23], "size": [0, 7, 3], "pivot": [-1, 42, 13], "rotation": [-7.5, 0, 0], "uv": [0, 129]},
						{"origin": [15, 9, 23], "size": [0, 6, 3], "pivot": [14, 22, 13], "rotation": [0.6574, 7.4713, 95.04292], "uv": [0, 129]},
						{"origin": [-14, 9, 19], "size": [0, 6, 3], "pivot": [-13, 22, 9], "rotation": [0.6574, -7.4713, -95.04292], "uv": [0, 129], "mirror": true},
						{"origin": [14, 9, 19], "size": [0, 6, 3], "pivot": [13, 22, 9], "rotation": [0.6574, 7.4713, 95.04292], "uv": [0, 129]},
						{"origin": [-15, 9, 23], "size": [0, 6, 3], "pivot": [-14, 22, 13], "rotation": [0.6574, -7.4713, -95.04292], "uv": [0, 129], "mirror": true}
					]
				},
				{
					"name": "tail3",
					"parent": "tail2",
					"pivot": [0, 20.10698, 25.76981],
					"cubes": [
						{"origin": [-2.5, 18, 26], "size": [5, 5, 9], "uv": [23, 102]},
						{"origin": [0, 22, 28], "size": [0, 12, 3], "pivot": [-1, 41, 18], "rotation": [-7.5, 0, 0], "uv": [0, 129]},
						{"origin": [0, 22, 32], "size": [0, 10, 3], "pivot": [-1, 41, 22], "rotation": [-7.5, 0, 0], "uv": [0, 129]},
						{"origin": [15, 6, 32], "size": [0, 9, 3], "pivot": [14, 22, 22], "rotation": [0.6574, 7.4713, 95.04292], "uv": [0, 129]},
						{"origin": [-15, 6, 32], "size": [0, 9, 3], "pivot": [-14, 22, 22], "rotation": [0.6574, -7.4713, -95.04292], "uv": [0, 129], "mirror": true},
						{"origin": [-16, 6, 28], "size": [0, 9, 3], "pivot": [-15, 22, 18], "rotation": [0.6574, -7.4713, -95.04292], "uv": [0, 129], "mirror": true},
						{"origin": [16, 6, 28], "size": [0, 9, 3], "pivot": [15, 22, 18], "rotation": [0.6574, 7.4713, 95.04292], "uv": [0, 129]}
					]
				},
				{
					"name": "tail4",
					"parent": "tail3",
					"pivot": [0, 20.05146, 34.2812],
					"cubes": [
						{"origin": [-1.5, 19, 35], "size": [3, 3, 9], "uv": [0, 110]},
						{"origin": [0, 21, 37], "size": [0, 8, 3], "pivot": [-1, 39, 28], "rotation": [-7.5, 0, 0], "uv": [0, 129]},
						{"origin": [0, 21, 42], "size": [0, 5, 3], "pivot": [-1, 39, 28], "rotation": [-7.5, 0, 0], "uv": [0, 129]},
						{"origin": [-14, 9, 40], "size": [0, 6, 3], "pivot": [-13, 22, 30], "rotation": [0.6574, -7.4713, -95.04292], "uv": [0, 129], "mirror": true},
						{"origin": [14, 9, 36], "size": [0, 6, 3], "pivot": [13, 22, 26], "rotation": [0.6574, 7.4713, 95.04292], "uv": [0, 129]},
						{"origin": [14, 9, 40], "size": [0, 6, 3], "pivot": [13, 22, 30], "rotation": [0.6574, 7.4713, 95.04292], "uv": [0, 129]},
						{"origin": [-14, 9, 36], "size": [0, 6, 3], "pivot": [-13, 22, 26], "rotation": [0.6574, -7.4713, -95.04292], "uv": [0, 129], "mirror": true}
					]
				},
				{
					"name": "torso2",
					"parent": "torso",
					"pivot": [1.36502, 27.80101, 2.70159],
					"cubes": [
						{"origin": [-10, 28, -4], "size": [20, 14, 12], "inflate": 0.01, "uv": [0, 0]},
						{"origin": [-6, 29, -4], "size": [12, 11, 0], "pivot": [0, 41, 7], "rotation": [-10, 0, 0], "uv": [112, 83]},
						{"origin": [10, 38, -1], "size": [9, 1, 8], "pivot": [3, 35, 6], "rotation": [0, 0, -22.5], "uv": [10, 131], "mirror": true},
						{"origin": [-2, 24, 29], "size": [0, 3, 3], "pivot": [-3, 41, 23], "rotation": [-85, 0, 0], "uv": [0, 129]},
						{"origin": [2, 32, 29], "size": [0, 3, 3], "pivot": [3, 49, 23], "rotation": [-85, 0, 0], "uv": [0, 129], "mirror": true},
						{"origin": [-2, 28, 30], "size": [0, 3, 3], "pivot": [-3, 45, 24], "rotation": [-85, 0, 0], "uv": [0, 129]},
						{"origin": [2, 24, 29], "size": [0, 3, 3], "pivot": [3, 41, 23], "rotation": [-85, 0, 0], "uv": [0, 129], "mirror": true},
						{"origin": [-2, 32, 29], "size": [0, 3, 3], "pivot": [-3, 49, 23], "rotation": [-85, 0, 0], "uv": [0, 129]},
						{"origin": [2, 28, 30], "size": [0, 3, 3], "pivot": [3, 45, 24], "rotation": [-85, 0, 0], "uv": [0, 129], "mirror": true},
						{"origin": [-19, 38, -1], "size": [9, 1, 8], "pivot": [-3, 35, 6], "rotation": [0, 0, 22.5], "uv": [10, 131]}
					]
				},
				{
					"name": "neck",
					"parent": "torso2",
					"pivot": [0, 41.5, 3],
					"cubes": [
						{"origin": [-5, 42, -1], "size": [10, 1, 8], "uv": [91, 0]}
					]
				},
				{
					"name": "head",
					"parent": "neck",
					"pivot": [0, 45.64076, 3.14904],
					"cubes": [
						{"origin": [-5, 41, -7], "size": [3, 4, 3], "uv": [122, 68]},
						{"origin": [2, 41, -7], "size": [3, 4, 3], "uv": [60, 122]},
						{"origin": [-4, 39, -6], "size": [1, 2, 2], "uv": [35, 51]},
						{"origin": [3, 39, -6], "size": [1, 2, 2], "uv": [35, 47]},
						{"origin": [-5, 51.89175, 2.78802], "size": [10, 6, 9], "pivot": [0, 40.89175, 9.78802], "rotation": [17.5, 0, 0], "uv": [0, 61]},
						{"origin": [4, 53.89175, 1.78802], "size": [2, 3, 8], "pivot": [-1, 40.89175, 8.78802], "rotation": [17.5, 0, 0], "uv": [115, 94]},
						{"origin": [-6, 53.89175, 1.78802], "size": [2, 3, 8], "pivot": [1, 40.89175, 8.78802], "rotation": [17.5, 0, 0], "uv": [103, 112]},
						{"origin": [-5, 45, -7], "size": [10, 5, 3], "uv": [105, 33]},
						{"origin": [-9.08195, 56.8929, 10.53048], "size": [11, 10, 2], "pivot": [-5.08195, 50.8929, 13.53048], "rotation": [22.40189, -7.09935, 88.76711], "uv": [77, 112]},
						{"origin": [-0.91805, 62.8929, 4.53048], "size": [10, 5, 6], "pivot": [5.08195, 50.8929, 13.53048], "rotation": [22.40189, 7.09935, -88.76711], "uv": [89, 101]},
						{"origin": [-6, 46, -4], "size": [12, 9, 11], "inflate": 0.01, "uv": [43, 36]},
						{"origin": [-6, 43, -4], "size": [12, 3, 11], "uv": [0, 47]},
						{"origin": [-1.91805, 56.8929, 10.53048], "size": [11, 10, 2], "pivot": [5.08195, 50.8929, 13.53048], "rotation": [22.40189, 7.09935, -88.76711], "uv": [112, 56]},
						{"origin": [-3.08195, 62.8929, 6.53048], "size": [10, 6, 7], "pivot": [0.91805, 50.8929, 16.53048], "rotation": [47.40189, -7.09935, 88.76711], "uv": [93, 9]},
						{"origin": [-6, 52, -4], "size": [5, 1, 0], "inflate": 0.03, "pivot": [-5, 51.5, 1.5], "rotation": [0, 0, 10], "uv": [44, 34]},
						{"origin": [1, 52, -4], "size": [5, 1, 0], "inflate": 0.03, "pivot": [5, 51.5, 1.5], "rotation": [0, 0, -10], "uv": [0, 35]},
						{"origin": [-4, 54.89175, 4.78802], "size": [8, 6, 7], "pivot": [0, 43.89175, 11.78802], "rotation": [32.5, 0, 0], "uv": [99, 70]},
						{"origin": [-6.91805, 62.8929, 6.53048], "size": [10, 6, 7], "pivot": [-0.91805, 50.8929, 16.53048], "rotation": [47.40189, 7.09935, -88.76711], "uv": [78, 34]},
						{"origin": [-9.08195, 62.8929, 4.53048], "size": [10, 5, 6], "pivot": [-5.08195, 50.8929, 13.53048], "rotation": [22.40189, -7.09935, 88.76711], "uv": [98, 22]}
					]
				},
				{
					"name": "eyes",
					"parent": "head",
					"pivot": [0, 51, -3.75],
					"cubes": [
						{"origin": [3.5, 50.5, -4], "size": [1, 1, 0], "inflate": 0.03, "uv": [0, 1]},
						{"origin": [2, 50, -4], "size": [4, 2, 1], "inflate": 0.02, "uv": [0, 32]},
						{"origin": [-6, 50, -4], "size": [4, 2, 1], "inflate": 0.02, "uv": [0, 53]},
						{"origin": [-4.5, 50.5, -4], "size": [1, 1, 0], "inflate": 0.03, "uv": [0, 0]}
					]
				},
				{
					"name": "jaw",
					"parent": "head",
					"pivot": [0, 44, -4],
					"cubes": [
						{"origin": [-4.5, 43, -6], "size": [9, 2, 2], "uv": [115, 112]}
					]
				},
				{
					"name": "leftarm",
					"parent": "torso2",
					"pivot": [8.1702, 37.4807, 3],
					"cubes": [
						{"origin": [7, 33, -1], "size": [13, 8, 8], "inflate": 0.01, "uv": [56, 18]},
						{"origin": [19, 33, 3], "size": [3, 5, 0], "pivot": [2, 45, 6], "rotation": [0, 0, 12.5], "uv": [232, 8]},
						{"origin": [15, 33, 3], "size": [3, 5, 0], "pivot": [-2, 45, 6], "rotation": [0, 0, 12.5], "uv": [232, 8]}
					]
				},
				{
					"name": "leftelbow",
					"parent": "leftarm",
					"pivot": [19.5, 34.5, 7.5],
					"cubes": [
						{"origin": [20, 34, 0], "size": [9, 7, 7], "uv": [57, 95]}
					]
				},
				{
					"name": "leftpalm",
					"parent": "leftelbow",
					"pivot": [29.06169, 37.47458, 3.88889],
					"cubes": [
						{"origin": [29, 34, 1], "size": [9, 9, 4], "inflate": 0.01, "uv": [108, 43], "mirror": true}
					]
				},
				{
					"name": "thumb3",
					"parent": "leftpalm",
					"pivot": [37.5, 41.5, 2.75],
					"cubes": [
						{"origin": [38, 40, 1], "size": [6, 3, 3], "uv": [120, 9]},
						{"origin": [44, 40, 2], "size": [4, 3, 2], "uv": [0, 147]}
					]
				},
				{
					"name": "thumb4",
					"parent": "leftpalm",
					"pivot": [37.5, 38.5, 2.75],
					"cubes": [
						{"origin": [38, 37, 1], "size": [6, 3, 3], "uv": [121, 105]},
						{"origin": [44, 37, 2], "size": [4, 3, 2], "uv": [0, 147]}
					]
				},
				{
					"name": "thumb5",
					"parent": "leftpalm",
					"pivot": [37.5, 35.5, 2.75],
					"cubes": [
						{"origin": [38, 34, 1], "size": [6, 3, 3], "uv": [0, 122]},
						{"origin": [44, 34, 2], "size": [4, 3, 2], "uv": [0, 147]}
					]
				},
				{
					"name": "thumb2",
					"parent": "leftpalm",
					"pivot": [32.02762, 43.38562, 3.25],
					"cubes": [
						{"origin": [32, 46, 1], "size": [4, 6, 4], "pivot": [10, 55, 6], "rotation": [0, 0, 10], "uv": [24, 116]},
						{"origin": [32, 52, 2], "size": [4, 4, 3], "pivot": [10, 55, 6], "rotation": [0, 0, 10], "uv": [0, 146]}
					]
				},
				{
					"name": "rightarm",
					"parent": "torso2",
					"pivot": [-9.44896, 37.76914, 3],
					"cubes": [
						{"origin": [-20, 33, -1], "size": [13, 8, 8], "inflate": 0.01, "uv": [38, 56]},
						{"origin": [-18, 33, 3], "size": [3, 5, 0], "pivot": [2, 45, 6], "rotation": [0, 0, -12.5], "uv": [232, 8], "mirror": true},
						{"origin": [-22, 33, 3], "size": [3, 5, 0], "pivot": [-2, 45, 6], "rotation": [0, 0, -12.5], "uv": [232, 8], "mirror": true}
					]
				},
				{
					"name": "rightelbow",
					"parent": "rightarm",
					"pivot": [-20.5, 34.5, 7.5],
					"cubes": [
						{"origin": [-29, 34, 0], "size": [9, 7, 7], "uv": [0, 96]}
					]
				},
				{
					"name": "rightpalm",
					"parent": "rightelbow",
					"pivot": [-29.06169, 37.47458, 2.88889],
					"cubes": [
						{"origin": [-38, 34, 1], "size": [9, 9, 4], "inflate": 0.01, "uv": [108, 43]}
					]
				},
				{
					"name": "finger3",
					"parent": "rightpalm",
					"pivot": [-37.5, 35.5, 2.75],
					"cubes": [
						{"origin": [-44, 34, 1], "size": [6, 3, 3], "uv": [120, 120]},
						{"origin": [-48, 34, 2], "size": [4, 3, 2], "uv": [0, 147], "mirror": true}
					]
				},
				{
					"name": "thumb",
					"parent": "rightpalm",
					"pivot": [-32.02762, 43.38562, 3.25],
					"cubes": [
						{"origin": [-36, 46, 1], "size": [4, 6, 4], "pivot": [-10, 55, 6], "rotation": [0, 0, -10], "uv": [24, 116], "mirror": true},
						{"origin": [-36, 52, 2], "size": [4, 4, 3], "pivot": [-10, 55, 6], "rotation": [0, 0, -10], "uv": [0, 146], "mirror": true}
					]
				},
				{
					"name": "finger",
					"parent": "rightpalm",
					"pivot": [-37.5, 41.5, 2.75],
					"cubes": [
						{"origin": [-44, 40, 1], "size": [6, 3, 3], "uv": [120, 9], "mirror": true},
						{"origin": [-48, 40, 2], "size": [4, 3, 2], "uv": [0, 147], "mirror": true}
					]
				},
				{
					"name": "finger2",
					"parent": "rightpalm",
					"pivot": [-37.5, 38.5, 2.75],
					"cubes": [
						{"origin": [-44, 37, 1], "size": [6, 3, 3], "uv": [119, 0]},
						{"origin": [-48, 37, 2], "size": [4, 3, 2], "uv": [0, 147], "mirror": true}
					]
				}
			]
		}
	]
}