{
	"format_version": "1.12.0",
	"minecraft:geometry": [
		{
			"description": {
				"identifier": "geometry.alpineca",
				"texture_width": 256,
				"texture_height": 256,
				"visible_bounds_width": 4,
				"visible_bounds_height": 5.5,
				"visible_bounds_offset": [0, 2.25, 0]
			},
			"bones": [
				{
					"name": "alpineca",
					"pivot": [0, 0, 0]
				},
				{
					"name": "body",
					"parent": "alpineca",
					"pivot": [-0.5, 55.5, -20.05]
				},
				{
					"name": "torso",
					"parent": "body",
					"pivot": [0, 26.75, 0.91667],
					"cubes": [
						{"origin": [-6.5, 26, -16], "size": [13, 16, 30], "uv": [0, 0]},
						{"origin": [-5, 42, -7], "size": [10, 1, 19], "uv": [0, 47]},
						{"origin": [5, 43, -7], "size": [0, 4, 19], "uv": [59, 47]},
						{"origin": [-5, 43, -7], "size": [10, 4, 0], "uv": [122, 14]},
						{"origin": [-5, 43, -7], "size": [0, 4, 19], "uv": [59, 47], "mirror": true},
						{"origin": [-5, 43, 12], "size": [10, 4, 0], "pivot": [0, 44.5, 12], "rotation": [0, 180, 0], "uv": [65, 125]}
					]
				},
				{
					"name": "snowflake",
					"parent": "torso",
					"pivot": [0, 32.5, -11]
				},
				{
					"name": "snowflake_left",
					"parent": "snowflake",
					"pivot": [0.5, 32.5, -11],
					"cubes": [
						{"origin": [6.5, 37.39179, -8.30653], "size": [0, 2, 7], "inflate": 0.015, "pivot": [6.5, 38.39179, -4.80653], "rotation": [-25, 0, 0], "uv": [139, 19]},
						{"origin": [6.5, 32.24057, -8.53229], "size": [0, 6, 2], "inflate": 0.01, "pivot": [6.5, 35.14057, -7.53229], "rotation": [-25, 0, 0], "uv": [103, 152]},
						{"origin": [6.5, 34.24057, -10.53229], "size": [0, 2, 6], "inflate": 0.015, "pivot": [6.5, 35.14057, -7.53229], "rotation": [-25, 0, 0], "uv": [98, 143]},
						{"origin": [6.5, 32.28833, 8.95333], "size": [0, 6, 2], "inflate": 0.01, "pivot": [6.5, 34.53833, 9.95333], "rotation": [25, 0, 0], "uv": [152, 110]},
						{"origin": [6.5, 34.28833, 6.95333], "size": [0, 2, 6], "inflate": 0.015, "pivot": [6.5, 34.53833, 9.95333], "rotation": [25, 0, 0], "uv": [144, 64]},
						{"origin": [6.5, 36, -2.5], "size": [0, 2, 7], "inflate": 0.02, "uv": [143, 0]},
						{"origin": [6.5, 32, -2], "size": [0, 2, 6], "inflate": 0.015, "uv": [98, 61]},
						{"origin": [6.5, 30, 0], "size": [0, 6, 2], "inflate": 0.01, "uv": [98, 152]},
						{"origin": [6.5, 39.5, -0.5], "size": [0, 1, 3], "inflate": 0.02, "uv": [42, 153]},
						{"origin": [6.5, 37.5, 0.5], "size": [0, 2, 1], "inflate": 0.01, "uv": [59, 135]},
						{"origin": [6.5, 37.3918, 3.73419], "size": [0, 2, 7], "inflate": 0.015, "pivot": [6.5, 37.82666, 7.23419], "rotation": [25, 0, 0], "uv": [38, 143]},
						{"origin": [6.5, 39.12843, 2.62157], "size": [0, 1, 3], "inflate": 0.015, "pivot": [6.5, 38.82843, 1.67157], "rotation": [22.5, 0, 0], "uv": [49, 153]},
						{"origin": [6.5, 33.29317, 3.32027], "size": [0, 7, 1], "inflate": 0.01, "pivot": [6.5, 40.04317, 3.82027], "rotation": [12.5, 0, 0], "uv": [63, 153]},
						{"origin": [6.5, 37.87843, -3.32843], "size": [0, 1, 3], "inflate": 0.015, "pivot": [6.5, 38.82843, 3.67157], "rotation": [-22.5, 0, 0], "uv": [56, 153]},
						{"origin": [6.5, 33.3055, -2.27331], "size": [0, 7, 1], "inflate": 0.01, "pivot": [6.5, 40.0555, -1.77331], "rotation": [-12.5, 0, 0], "uv": [108, 152]}
					]
				},
				{
					"name": "snowflake_right",
					"parent": "snowflake",
					"pivot": [-0.5, 32.5, -11],
					"cubes": [
						{"origin": [-6.5, 36, -2.5], "size": [0, 2, 7], "inflate": 0.02, "uv": [143, 0], "mirror": true},
						{"origin": [-6.5, 37.39179, -8.30653], "size": [0, 2, 7], "inflate": 0.015, "pivot": [-6.5, 38.39179, -4.80653], "rotation": [-25, 0, 0], "uv": [139, 19], "mirror": true},
						{"origin": [-6.5, 32.24057, -8.53229], "size": [0, 6, 2], "inflate": 0.01, "pivot": [-6.5, 35.14057, -7.53229], "rotation": [-25, 0, 0], "uv": [103, 152], "mirror": true},
						{"origin": [-6.5, 34.24057, -10.53229], "size": [0, 2, 6], "inflate": 0.015, "pivot": [-6.5, 35.14057, -7.53229], "rotation": [-25, 0, 0], "uv": [98, 143], "mirror": true},
						{"origin": [-6.5, 32.28833, 8.95333], "size": [0, 6, 2], "inflate": 0.01, "pivot": [-6.5, 34.53833, 9.95333], "rotation": [25, 0, 0], "uv": [152, 110], "mirror": true},
						{"origin": [-6.5, 34.28833, 6.95333], "size": [0, 2, 6], "inflate": 0.015, "pivot": [-6.5, 34.53833, 9.95333], "rotation": [25, 0, 0], "uv": [144, 64], "mirror": true},
						{"origin": [-6.5, 32, -2], "size": [0, 2, 6], "inflate": 0.015, "uv": [98, 61], "mirror": true},
						{"origin": [-6.5, 30, 0], "size": [0, 6, 2], "inflate": 0.01, "uv": [98, 152], "mirror": true},
						{"origin": [-6.5, 39.5, -0.5], "size": [0, 1, 3], "inflate": 0.02, "uv": [42, 153], "mirror": true},
						{"origin": [-6.5, 37.5, 0.5], "size": [0, 2, 1], "inflate": 0.01, "uv": [59, 135], "mirror": true},
						{"origin": [-6.5, 37.3918, 3.73419], "size": [0, 2, 7], "inflate": 0.015, "pivot": [-6.5, 37.82666, 7.23419], "rotation": [25, 0, 0], "uv": [38, 143], "mirror": true},
						{"origin": [-6.5, 39.12843, 2.62157], "size": [0, 1, 3], "inflate": 0.015, "pivot": [-6.5, 38.82843, 1.67157], "rotation": [22.5, 0, 0], "uv": [49, 153], "mirror": true},
						{"origin": [-6.5, 33.29317, 3.32027], "size": [0, 7, 1], "inflate": 0.01, "pivot": [-6.5, 40.04317, 3.82027], "rotation": [12.5, 0, 0], "uv": [63, 153], "mirror": true},
						{"origin": [-6.5, 37.87843, -3.32843], "size": [0, 1, 3], "inflate": 0.015, "pivot": [-6.5, 38.82843, 3.67157], "rotation": [-22.5, 0, 0], "uv": [56, 153], "mirror": true},
						{"origin": [-6.5, 33.3055, -2.27331], "size": [0, 7, 1], "inflate": 0.01, "pivot": [-6.5, 40.0555, -1.77331], "rotation": [-12.5, 0, 0], "uv": [108, 152], "mirror": true}
					]
				},
				{
					"name": "mountains",
					"parent": "torso",
					"pivot": [0, 60.5, -11],
					"cubes": [
						{"origin": [-4, 43, -6], "size": [8, 5, 8], "uv": [54, 111]},
						{"origin": [-3, 48, -5], "size": [6, 3, 6], "uv": [40, 125]},
						{"origin": [-2, 51, -4], "size": [4, 3, 4], "uv": [137, 102]},
						{"origin": [-1, 51, 6], "size": [2, 2, 2], "uv": [152, 97]},
						{"origin": [-3, 47, 4], "size": [6, 2, 6], "uv": [127, 49]},
						{"origin": [-4, 43, 2], "size": [8, 3, 1], "uv": [143, 10]},
						{"origin": [-4, 43, 3], "size": [8, 4, 8], "uv": [111, 61]},
						{"origin": [-2, 49, 5], "size": [4, 2, 4], "uv": [139, 29]},
						{"origin": [-1, 54, -3], "size": [2, 2, 2], "uv": [152, 92]}
					]
				},
				{
					"name": "tail",
					"parent": "torso",
					"pivot": [0, 41.5, 13],
					"cubes": [
						{"origin": [-3, 34, 13], "size": [6, 9, 6], "uv": [111, 74]}
					]
				},
				{
					"name": "neck_lower",
					"parent": "torso",
					"pivot": [0, 41.5, -14.8],
					"cubes": [
						{"origin": [-4, 39, -15.8], "size": [8, 11, 8], "inflate": 0.01, "uv": [87, 21]}
					]
				},
				{
					"name": "neck_fluff_right",
					"parent": "neck_lower",
					"pivot": [-4.17119, 47.26641, -11.75],
					"rotation": [0, 0, 5],
					"cubes": [
						{"origin": [-6, 36, -14.75], "size": [3, 10, 6], "inflate": 0.01, "pivot": [-2, 42, -11.8], "rotation": [0, 0, 22.5], "uv": [120, 21]},
						{"origin": [-7, 35, -14.25], "size": [3, 3, 5], "inflate": 0.01, "uv": [137, 83]}
					]
				},
				{
					"name": "neck_fluff_left",
					"parent": "neck_lower",
					"pivot": [4.17119, 47.26641, -11.75],
					"rotation": [0, 0, -5],
					"cubes": [
						{"origin": [3, 36, -14.75], "size": [3, 10, 6], "inflate": 0.01, "pivot": [2, 42, -11.8], "rotation": [0, 0, -22.5], "uv": [120, 21], "mirror": true},
						{"origin": [4, 35, -14.25], "size": [3, 3, 5], "inflate": 0.01, "uv": [137, 83], "mirror": true}
					]
				},
				{
					"name": "neck_fluff_front2",
					"parent": "neck_lower",
					"pivot": [0, 48.52256, -15.52322],
					"cubes": [
						{"origin": [-4, 41.5, -17.25], "size": [8, 7, 3], "inflate": -0.01, "pivot": [0, 45.74996, -16.00163], "rotation": [-30, 0, 0], "uv": [65, 132]},
						{"origin": [-3, 38.69357, -19.20773], "size": [6, 4, 3], "inflate": -0.01, "pivot": [0, 42.69357, -19.20773], "rotation": [-5, 0, 0], "uv": [40, 135]}
					]
				},
				{
					"name": "neck_fluff_front",
					"parent": "neck_lower",
					"pivot": [0, 47.41642, -15.75085],
					"cubes": [
						{"origin": [-4, 36.5, -16.25], "size": [8, 11, 3], "pivot": [0, 45.74996, -16.00163], "rotation": [-15, 0, 0], "uv": [121, 0]},
						{"origin": [-3, 34, -18.25], "size": [6, 3, 3], "pivot": [0, 37.5, -18.25], "rotation": [10, 0, 0], "uv": [143, 57]},
						{"origin": [-2, 33, -18.25], "size": [4, 1, 3], "pivot": [0, 37.5, -18.25], "rotation": [10, 0, 0], "uv": [39, 118]}
					]
				},
				{
					"name": "neck_upper",
					"parent": "neck_lower",
					"pivot": [0, 50, -15.3],
					"cubes": [
						{"origin": [-3.5, 46, -15.3], "size": [7, 12, 7], "uv": [98, 41]}
					]
				},
				{
					"name": "head",
					"parent": "neck_upper",
					"pivot": [0, 57.16667, -10.46667],
					"cubes": [
						{"origin": [-2.5, 56.5, -20.8], "size": [5, 5, 3], "uv": [21, 136]},
						{"origin": [-2, 59.5, -20.8], "size": [4, 2, 1], "inflate": 0.01, "uv": [87, 41]},
						{"origin": [-4, 56, -17.8], "size": [8, 10, 10], "uv": [39, 71]}
					]
				},
				{
					"name": "mouth",
					"parent": "head",
					"pivot": [-0.5, 60.5, -18.8]
				},
				{
					"name": "mouth_closed",
					"parent": "mouth",
					"pivot": [-0.5, 57.5, -19.3],
					"cubes": [
						{"origin": [-2.5, 57, -20.8], "size": [5, 1, 2], "inflate": 0.01, "uv": [143, 15]}
					]
				},
				{
					"name": "mouth_closed_corners",
					"parent": "mouth_closed",
					"pivot": [-0.5, 57.5, -19.3],
					"cubes": [
						{"origin": [-2.5, 57.5, -19.3], "size": [5, 1, 1], "inflate": 0.015, "uv": [39, 68]}
					]
				},
				{
					"name": "mouth_open",
					"parent": "mouth",
					"pivot": [-0.5, 57.5, -15.3],
					"cubes": [
						{"origin": [-2.5, 57, -16.8], "size": [5, 2, 2], "inflate": 0.01, "uv": [141, 20]}
					]
				},
				{
					"name": "mouth_open_corners",
					"parent": "mouth_open",
					"pivot": [-0.5, 57.5, -15.3],
					"cubes": [
						{"origin": [-2.5, 57.5, -15.3], "size": [5, 2, 1], "inflate": 0.015, "uv": [35, 72]}
					]
				},
				{
					"name": "ear_right",
					"parent": "head",
					"pivot": [-2, 66, -9.8],
					"rotation": [-45, -45, 0],
					"cubes": [
						{"origin": [-4, 65, -10.8], "size": [4, 7, 4], "uv": [128, 132]}
					]
				},
				{
					"name": "ear_left",
					"parent": "head",
					"pivot": [2, 66, -9.8],
					"rotation": [-45, 45, 0],
					"cubes": [
						{"origin": [0, 65, -10.8], "size": [4, 7, 4], "uv": [128, 132], "mirror": true}
					]
				},
				{
					"name": "eye_fluff_right",
					"parent": "head",
					"pivot": [-2.98485, 65.09697, -14.26962],
					"cubes": [
						{"origin": [-4, 61, -16.8], "size": [0, 3, 5], "inflate": 0.01, "pivot": [-3, 65, -14.3], "rotation": [0, 0, 2.5], "uv": [26, 145]},
						{"origin": [-4, 58.75, -16.8], "size": [0, 5, 3], "pivot": [-3, 65, -14.3], "rotation": [-9.99067, 0.43399, 4.96207], "uv": [150, 36]},
						{"origin": [-3.98485, 58.84697, -14.76962], "size": [0, 5, 3], "pivot": [-2.98485, 65.09697, -14.26962], "rotation": [9.9907, -0.434, 4.96207], "uv": [150, 141]}
					]
				},
				{
					"name": "eye_fluff_left",
					"parent": "head",
					"pivot": [2.98485, 65.09697, -14.26962],
					"cubes": [
						{"origin": [4, 61, -16.8], "size": [0, 3, 5], "inflate": 0.01, "pivot": [3, 65, -14.3], "rotation": [0, 0, -2.5], "uv": [26, 145], "mirror": true},
						{"origin": [4, 58.75, -16.8], "size": [0, 5, 3], "pivot": [3, 65, -14.3], "rotation": [-9.99067, -0.43399, -4.96207], "uv": [150, 36], "mirror": true},
						{"origin": [3.98485, 58.84697, -14.76962], "size": [0, 5, 3], "pivot": [2.98485, 65.09697, -14.26962], "rotation": [9.9907, 0.434, -4.96207], "uv": [150, 141], "mirror": true}
					]
				},
				{
					"name": "eye_right",
					"parent": "head",
					"pivot": [-3, 60, -15.8],
					"cubes": [
						{"origin": [-4, 59.5, -16.3], "size": [2, 3, 2], "inflate": 0.015, "uv": [152, 51]},
						{"origin": [-4, 59, -16.8], "size": [2, 4, 5], "inflate": 0.01, "uv": [0, 139]}
					]
				},
				{
					"name": "eyelid_left",
					"parent": "eye_right",
					"pivot": [-2, 60, -15.8],
					"cubes": [
						{"origin": [-3.1, 59, -16.8], "size": [2, 4, 5], "inflate": 0.01, "uv": [11, 155]}
					]
				},
				{
					"name": "eye_left",
					"parent": "head",
					"pivot": [3, 60, -15.8],
					"cubes": [
						{"origin": [2, 59, -16.8], "size": [2, 4, 5], "inflate": 0.01, "uv": [0, 139], "mirror": true},
						{"origin": [2, 59.5, -16.3], "size": [2, 3, 2], "inflate": 0.015, "uv": [152, 51], "mirror": true}
					]
				},
				{
					"name": "eyelid_right",
					"parent": "eye_left",
					"pivot": [2, 60, -15.8],
					"cubes": [
						{"origin": [1.1, 59, -16.8], "size": [2, 4, 5], "inflate": 0.01, "uv": [11, 155], "mirror": true}
					]
				},
				{
					"name": "hair_down",
					"parent": "head",
					"pivot": [0, 65, -16.75],
					"rotation": [90, 0, 0],
					"cubes": [
						{"origin": [0, 64.99855, -18.17342], "size": [0, 5, 3], "inflate": 0.01, "pivot": [0, 63.59289, -17.45711], "rotation": [-7.5, 0, 0], "uv": [0, 149]}
					]
				},
				{
					"name": "hair_up",
					"parent": "head",
					"pivot": [0, 66.09108, -15.59289],
					"rotation": [32.5, 0, 0],
					"cubes": [
						{"origin": [0, 66.09108, -18.59289], "size": [0, 5, 3], "uv": [145, 132]}
					]
				},
				{
					"name": "leg_left_front",
					"parent": "body",
					"pivot": [5.5, 33, -10.55],
					"cubes": [
						{"origin": [3, 16.5, -13.55], "size": [6, 19, 7], "uv": [0, 92]}
					]
				},
				{
					"name": "leg_left_front2",
					"parent": "leg_left_front",
					"pivot": [5.5, 16.5, -12.05],
					"cubes": [
						{"origin": [3.5, 1.5, -12.05], "size": [5, 15, 5], "uv": [87, 111]}
					]
				},
				{
					"name": "leg_left_front3",
					"parent": "leg_left_front2",
					"pivot": [5.5, 3.5, -7.05],
					"cubes": [
						{"origin": [3.5, -0.5, -13.05], "size": [5, 4, 6], "inflate": 0.01, "uv": [127, 38]}
					]
				},
				{
					"name": "leg_right_front",
					"parent": "body",
					"pivot": [-5.5, 33, -10.55],
					"cubes": [
						{"origin": [-9, 16.5, -13.55], "size": [6, 19, 7], "uv": [0, 92], "mirror": true}
					]
				},
				{
					"name": "leg_right_front2",
					"parent": "leg_right_front",
					"pivot": [-5.5, 16.5, -12.05],
					"cubes": [
						{"origin": [-8.5, 1.5, -12.05], "size": [5, 15, 5], "uv": [87, 111], "mirror": true}
					]
				},
				{
					"name": "leg_right_front3",
					"parent": "leg_right_front2",
					"pivot": [-5.5, 3.5, -7.05],
					"cubes": [
						{"origin": [-8.5, -0.5, -13.05], "size": [5, 4, 6], "inflate": 0.01, "uv": [127, 38], "mirror": true}
					]
				},
				{
					"name": "leg_left_back",
					"parent": "body",
					"pivot": [4.5, 29, 8.45],
					"cubes": [
						{"origin": [0.5, 23.5, 3.95], "size": [8, 11, 9], "uv": [76, 71]}
					]
				},
				{
					"name": "leg_left_back2",
					"parent": "leg_left_back",
					"pivot": [5, 23.5, 3.95],
					"rotation": [20, 0, 0],
					"cubes": [
						{"origin": [1, 13.5, 3.95], "size": [7, 10, 8], "uv": [54, 92]}
					]
				},
				{
					"name": "leg_left_back3",
					"parent": "leg_left_back2",
					"pivot": [4.5, 13.38094, 11.39426],
					"rotation": [-22.5, 0, 0],
					"cubes": [
						{"origin": [2, 0.38094, 6.39426], "size": [5, 14, 5], "uv": [116, 90]}
					]
				},
				{
					"name": "leg_left_back4",
					"parent": "leg_left_back3",
					"pivot": [5.5, 0.72531, 11.39402],
					"rotation": [2.5, 0, 0],
					"cubes": [
						{"origin": [2, -3.27469, 5.39402], "size": [5, 4, 6], "inflate": 0.01, "uv": [129, 121]}
					]
				},
				{
					"name": "leg_right_back",
					"parent": "body",
					"pivot": [-4.5, 29, 8.45],
					"cubes": [
						{"origin": [-8.5, 23.5, 3.95], "size": [8, 11, 9], "uv": [76, 71], "mirror": true}
					]
				},
				{
					"name": "leg_right_back2",
					"parent": "leg_right_back",
					"pivot": [-5, 23.5, 3.95],
					"rotation": [20, 0, 0],
					"cubes": [
						{"origin": [-8, 13.5, 3.95], "size": [7, 10, 8], "uv": [54, 92], "mirror": true}
					]
				},
				{
					"name": "leg_right_back3",
					"parent": "leg_right_back2",
					"pivot": [-4.5, 13.38094, 11.39426],
					"rotation": [-22.5, 0, 0],
					"cubes": [
						{"origin": [-7, 0.38094, 6.39426], "size": [5, 14, 5], "uv": [116, 90], "mirror": true}
					]
				},
				{
					"name": "leg_right_back4",
					"parent": "leg_right_back3",
					"pivot": [-5.5, 0.72531, 11.39402],
					"rotation": [2.5, 0, 0],
					"cubes": [
						{"origin": [-7, -3.27469, 5.39402], "size": [5, 4, 6], "inflate": 0.01, "uv": [129, 121], "mirror": true}
					]
				}
			]
		}
	]
}