{
	"format_version": "1.12.0",
	"minecraft:geometry": [
		{
			"description": {
				"identifier": "geometry.belliborb",
				"texture_width": 128,
				"texture_height": 128,
				"visible_bounds_width": 3,
				"visible_bounds_height": 3.5,
				"visible_bounds_offset": [0, 1.25, 0]
			},
			"bones": [
				{
					"name": "belliborb",
					"pivot": [0, 0, 0]
				},
				{
					"name": "body",
					"parent": "belliborb",
					"pivot": [0, 10, -0.25]
				},
				{
					"name": "torso",
					"parent": "body",
					"pivot": [0, 2, -0.25],
					"cubes": [
						{"origin": [-8.5, 3, -7.25], "size": [17, 14, 14], "uv": [0, 0]},
						{"origin": [-6, 4, -8.25], "size": [12, 12, 1], "uv": [52, 45]},
						{"origin": [-7, 2, -6.25], "size": [14, 1, 12], "uv": [0, 43]}
					]
				},
				{
					"name": "wing_left",
					"parent": "torso",
					"pivot": [-8, 14, -0.75],
					"cubes": [
						{"origin": [-14, 11, -2.75], "size": [6, 5, 5], "uv": [22, 56]}
					]
				},
				{
					"name": "wing_right",
					"parent": "torso",
					"pivot": [8, 14, -0.75],
					"cubes": [
						{"origin": [8, 11, -2.75], "size": [6, 5, 5], "uv": [0, 56]}
					]
				},
				{
					"name": "upper_torso",
					"parent": "torso",
					"pivot": [0, 16.75, -0.25],
					"cubes": [
						{"origin": [-7, 16, -6.25], "size": [14, 3, 12], "uv": [0, 28]},
						{"origin": [4.5, 17.9, -2.75], "size": [4, 5, 5], "pivot": [7, 20.4, -0.25], "rotation": [0, 0, -12.5], "uv": [60, 58]},
						{"origin": [-8.5, 17.9, -2.75], "size": [4, 5, 5], "pivot": [-7, 20.4, -0.25], "rotation": [0, 0, 12.5], "uv": [62, 0]}
					]
				},
				{
					"name": "top",
					"parent": "upper_torso",
					"pivot": [0, 19.5, -0.25],
					"cubes": [
						{"origin": [-5.5, 18, -5.75], "size": [11, 6, 11], "uv": [52, 28]},
						{"origin": [-1.5, 20.2, -7.5], "size": [3, 2, 2], "inflate": 0.03, "pivot": [-0.5, 21.2, -4.5], "rotation": [7.5, 0, 0], "uv": [22, 66]}
					]
				},
				{
					"name": "eyelid_left",
					"parent": "top",
					"pivot": [-3.5, 21.5, -6.65],
					"cubes": [
						{"origin": [-4.5, 20.5, -5.65], "size": [2, 2, 0], "inflate": 0.01, "uv": [48, 56]}
					]
				},
				{
					"name": "eyelid_right",
					"parent": "top",
					"pivot": [3.5, 21.5, -6.65],
					"cubes": [
						{"origin": [2.5, 20.5, -5.65], "size": [2, 2, 0], "inflate": 0.01, "uv": [62, 26]}
					]
				},
				{
					"name": "crest",
					"parent": "top",
					"pivot": [0, 24, 0],
					"cubes": [
						{"origin": [0, 24, -5], "size": [0, 6, 8], "inflate": 0.01, "uv": [44, 58]},
						{"origin": [0, 24, 0.75], "size": [0, 6, 3], "pivot": [0, 24, 0.75], "rotation": [-47.5, 0, 0], "uv": [16, 66]}
					]
				},
				{
					"name": "eye_right",
					"parent": "top",
					"pivot": [3.5, 21.5, -5.75],
					"cubes": [
						{"origin": [2.5, 20.5, -5.75], "size": [2, 2, 0], "inflate": 0.01, "uv": [44, 56]}
					]
				},
				{
					"name": "eye_white_right",
					"parent": "eye_right",
					"pivot": [3.75, 21.25, -5.75],
					"cubes": [
						{"origin": [2.75, 21.25, -5.77], "size": [1, 1, 0], "uv": [42, 66]}
					]
				},
				{
					"name": "lower_beak",
					"parent": "top",
					"pivot": [0, 19.95, -5.25],
					"cubes": [
						{"origin": [-1.5, 19.45, -7.25], "size": [3, 1, 2], "uv": [32, 66]}
					]
				},
				{
					"name": "eye_left",
					"parent": "top",
					"pivot": [-3.5, 21.5, -5.75],
					"cubes": [
						{"origin": [-4.5, 20.5, -5.75], "size": [2, 2, 0], "inflate": 0.01, "uv": [66, 26]}
					]
				},
				{
					"name": "eye_white_left",
					"parent": "eye_left",
					"pivot": [-3.75, 21.25, -5.75],
					"cubes": [
						{"origin": [-3.75, 21.25, -5.77], "size": [1, 1, 0], "uv": [42, 67]}
					]
				},
				{
					"name": "tail",
					"parent": "torso",
					"pivot": [0, 5, 6.25],
					"cubes": [
						{"origin": [0, 3, 6.25], "size": [0, 4, 8], "pivot": [0, 5, 6.25], "rotation": [20, 0, 0], "uv": [0, 66]}
					]
				},
				{
					"name": "foot_right",
					"parent": "body",
					"pivot": [4, 2, 2],
					"cubes": [
						{"origin": [2, 0, -3], "size": [4, 2, 6], "uv": [62, 10]}
					]
				},
				{
					"name": "foot_left",
					"parent": "body",
					"pivot": [-4, 2, 2],
					"cubes": [
						{"origin": [-6, 0, -3], "size": [4, 2, 6], "uv": [62, 18]}
					]
				}
			]
		}
	]
}