{
	"format_version": "1.12.0",
	"minecraft:geometry": [
		{
			"description": {
				"identifier": "geometry.butterfree_coterian",
				"texture_width": 128,
				"texture_height": 128,
				"visible_bounds_width": 5,
				"visible_bounds_height": 3.5,
				"visible_bounds_offset": [0, 1.25, 0]
			},
			"bones": [
				{
					"name": "butterfree",
					"pivot": [0, 1, 0]
				},
				{
					"name": "body",
					"parent": "butterfree",
					"pivot": [0, 10, 0],
					"cubes": [
						{"origin": [-3, 7, -2], "size": [6, 6, 4], "uv": [56, 11]}
					]
				},
				{
					"name": "scarf",
					"parent": "body",
					"pivot": [0, 0, 0],
					"cubes": [
						{"origin": [-3.5, 11, -2.025], "size": [7, 2, 4], "uv": [56, 21]}
					]
				},
				{
					"name": "scarf_detail_front_middle",
					"parent": "scarf",
					"pivot": [-0.15, 12.15, -2.125],
					"rotation": [-27.5, 0, 0],
					"cubes": [
						{"origin": [-2.5, 10.72838, -2.31335], "size": [6, 2, 0], "uv": [56, 36]}
					]
				},
				{
					"name": "scarf_detail__sides",
					"parent": "scarf",
					"pivot": [-0.25, 10.9, -2.125],
					"rotation": [-10, 0, 0],
					"cubes": [
						{"origin": [-3.5, 8.01585, -2.04388], "size": [7, 3, 0], "uv": [56, 33]},
						{"origin": [-7.8473, 8.07615, -1.70186], "size": [4, 3, 0], "pivot": [-3.8473, 9.07615, -1.70186], "rotation": [80, 80, 90], "uv": [38, 62]},
						{"origin": [-6.8473, 9.55336, -1.96234], "size": [2, 3, 0], "pivot": [-3.8473, 9.07615, -1.70186], "rotation": [80, 80, 90], "uv": [26, 65]},
						{"origin": [4.8473, 9.55336, -1.96234], "size": [2, 3, 0], "pivot": [3.8473, 9.07615, -1.70186], "rotation": [80, -80, -90], "uv": [38, 65]},
						{"origin": [3.8473, 8.07615, -1.70186], "size": [4, 3, 0], "pivot": [3.8473, 9.07615, -1.70186], "rotation": [80, -80, -90], "uv": [62, 38]}
					]
				},
				{
					"name": "head",
					"parent": "body",
					"pivot": [0, 13, -0.5],
					"cubes": [
						{"origin": [-3.5, 13, -3], "size": [7, 6, 5], "uv": [56, 0]},
						{"origin": [-1.5, 13.5, -4], "size": [3, 2, 1], "uv": [22, 62]},
						{"origin": [-1, 13.1, -3.75], "size": [0, 1, 1], "pivot": [-1, 13.6, -3.25], "rotation": [45, 0, 0], "uv": [42, 65]},
						{"origin": [1, 13.1, -3.75], "size": [0, 1, 1], "pivot": [1, 13.6, -3.25], "rotation": [45, 0, 0], "uv": [44, 65]}
					]
				},
				{
					"name": "crown",
					"parent": "head",
					"pivot": [0, 17.25, -3.145],
					"rotation": [-2, 0, 0],
					"cubes": [
						{"origin": [-1, 17.5, -3.145], "size": [2, 2, 1], "pivot": [0, 18.5, -3.125], "rotation": [0, 0, 45], "uv": [52, 62]}
					]
				},
				{
					"name": "crown2",
					"parent": "crown",
					"pivot": [0, 0.00174, -0.07503],
					"cubes": [
						{"origin": [-2.85355, 18.68373, -3.08503], "size": [6, 6, 0], "pivot": [-0.35355, 21.68373, -3.09503], "rotation": [0, 0, 45], "uv": [56, 27]}
					]
				},
				{
					"name": "eyes",
					"parent": "head",
					"pivot": [0, 15.5, -2.25],
					"cubes": [
						{"origin": [-3.75, 14, -3.25], "size": [2, 3, 2], "uv": [8, 62]},
						{"origin": [1.75, 14, -3.25], "size": [2, 3, 2], "uv": [0, 62]}
					]
				},
				{
					"name": "antenna_right",
					"parent": "head",
					"pivot": [-2, 19, -1.25],
					"rotation": [7.5, 55, -17.5],
					"cubes": [
						{"origin": [-2.5, 19, -1.25], "size": [1, 5, 0], "pivot": [-1, 0, 1], "rotation": [0, 0, 0], "uv": [24, 65]}
					]
				},
				{
					"name": "antenna_right2",
					"parent": "antenna_right",
					"pivot": [-2, 24, -1.25],
					"rotation": [15, 0, 0],
					"cubes": [
						{"origin": [-3.5, 24, -1.25], "size": [3, 7, 0], "uv": [16, 62]},
						{"origin": [-3.5, 28, -1.275], "size": [3, 3, 0], "pivot": [-2, 29.5, -1.275], "rotation": [0, 0, 45], "uv": [64, 62]}
					]
				},
				{
					"name": "antenna_left",
					"parent": "head",
					"pivot": [2, 19, -1.25],
					"rotation": [7.5, -55, 17.5],
					"cubes": [
						{"origin": [1.5, 19, -1.25], "size": [1, 5, 0], "pivot": [1, 0, 1], "rotation": [0, 0, 0], "uv": [22, 65]}
					]
				},
				{
					"name": "antenna_left2",
					"parent": "antenna_left",
					"pivot": [2, 24, -1.25],
					"rotation": [15, 0, 0],
					"cubes": [
						{"origin": [0.5, 24, -1.25], "size": [3, 7, 0], "uv": [56, 38]},
						{"origin": [0.5, 28, -1.275], "size": [3, 3, 0], "pivot": [2, 29.5, -1.275], "rotation": [0, 0, 45], "uv": [58, 62]}
					]
				},
				{
					"name": "hand_right",
					"parent": "body",
					"pivot": [-2.5, 11, -1.75],
					"rotation": [0, -60, 0],
					"cubes": [
						{"origin": [-2.94199, 10, -3.71651], "size": [1, 2, 2], "uv": [46, 62]}
					]
				},
				{
					"name": "hand_left",
					"parent": "body",
					"pivot": [2.5, 11, -1.75],
					"rotation": [0, 60, 0],
					"cubes": [
						{"origin": [1.94199, 10, -3.71651], "size": [1, 2, 2], "uv": [62, 41]}
					]
				},
				{
					"name": "leg_right",
					"parent": "body",
					"pivot": [-1.75, 7, 0.25],
					"cubes": [
						{"origin": [-2.5, 0, -2.5], "size": [2, 7, 0], "pivot": [0, 0, 0], "rotation": [-15, 30, 0], "uv": [34, 62]}
					]
				},
				{
					"name": "leg_left",
					"parent": "body",
					"pivot": [1.75, 7, 0.25],
					"cubes": [
						{"origin": [0.5, 0, -2.5], "size": [2, 7, 0], "pivot": [0, 0, 0], "rotation": [-15, -30, 0], "uv": [30, 62]}
					]
				},
				{
					"name": "wing_right",
					"parent": "body",
					"pivot": [0, 13, 2],
					"rotation": [0, 5, 0],
					"cubes": [
						{"origin": [-28, 8, 2], "size": [28, 23, 0], "uv": [0, 0]}
					]
				},
				{
					"name": "wing_right2",
					"parent": "wing_right",
					"pivot": [0, 9, 2],
					"rotation": [0, 2.5, 0],
					"cubes": [
						{"origin": [-20, -3, 2], "size": [20, 16, 0], "uv": [0, 46]}
					]
				},
				{
					"name": "wing_left",
					"parent": "body",
					"pivot": [0, 13, 2],
					"rotation": [0, -5, 0],
					"cubes": [
						{"origin": [0, 8, 2], "size": [28, 23, 0], "uv": [0, 23]}
					]
				},
				{
					"name": "wing_left2",
					"parent": "wing_left",
					"pivot": [0, 9, 2],
					"rotation": [0, -2.5, 0],
					"cubes": [
						{"origin": [0, -3, 2], "size": [20, 16, 0], "uv": [40, 46]}
					]
				}
			]
		}
	]
}