{
	"format_version": "1.12.0",
	"minecraft:geometry": [
		{
			"description": {
				"identifier": "geometry.cinderace",
				"texture_width": 128,
				"texture_height": 128,
				"visible_bounds_width": 6,
				"visible_bounds_height": 6.5,
				"visible_bounds_offset": [0, 2.75, 0]
			},
			"bones": [
				{
					"name": "cinderace",
					"pivot": [0, 0, -0.75]
				},
				{
					"name": "body",
					"parent": "cinderace",
					"pivot": [0, 0, -0.75]
				},
				{
					"name": "torso",
					"parent": "body",
					"pivot": [0, 24, 1.9],
					"rotation": [15, 0, 0],
					"cubes": [
						{"origin": [-4, 22, 2.15], "size": [8, 1, 4], "inflate": 0.02, "uv": [0, 65]},
						{"origin": [-4, 23, -1.85], "size": [8, 6, 8], "inflate": 0.02, "uv": [0, 14]},
						{"origin": [-0.5, 26, -1.9], "size": [1, 1, 0], "inflate": 0.03, "uv": [37, 51]}
					]
				},
				{
					"name": "chest",
					"parent": "torso",
					"pivot": [0, 29, 1.9],
					"rotation": [-15, 0, 0],
					"cubes": [
						{"origin": [-3, 27, -0.6], "size": [6, 7, 6], "uv": [18, 38]}
					]
				},
				{
					"name": "chest2",
					"parent": "chest",
					"pivot": [0, 33, 1.9],
					"rotation": [-12.5, 0, 0],
					"cubes": [
						{"origin": [-3.5, 33, -1.1], "size": [7, 4, 7], "uv": [36, 27]}
					]
				},
				{
					"name": "neck",
					"parent": "chest2",
					"pivot": [0, 36.75, 2.4],
					"rotation": [12.5, 0, 0],
					"cubes": [
						{"origin": [-1.5, 35.25, 0.9], "size": [3, 5, 3], "uv": [12, 82]}
					]
				},
				{
					"name": "scarf",
					"parent": "neck",
					"pivot": [0, 38, 1.65],
					"cubes": [
						{"origin": [-3, 34.75, -2.6], "size": [6, 4, 7], "uv": [0, 117]},
						{"origin": [-3, 34.75, -2.6], "size": [6, 4, 7], "inflate": 0.3, "uv": [0, 105]},
						{"origin": [-1, 33.35, -2.3], "size": [3, 2, 1], "inflate": 0.3, "uv": [28, 105]},
						{"origin": [-1, 33.35, -2.3], "size": [3, 2, 1], "uv": [28, 108]}
					]
				},
				{
					"name": "scarf2",
					"parent": "scarf",
					"pivot": [-0.5, 37.25, 3.9],
					"cubes": [
						{"origin": [-2.5, 36.25, 4.4], "size": [5, 2, 8], "uv": [28, 118]}
					]
				},
				{
					"name": "scarf3",
					"parent": "scarf2",
					"pivot": [-0.1, 37.25, 12.35],
					"cubes": [
						{"origin": [-2, 36.25, 12.4], "size": [4, 2, 8], "uv": [54, 118]},
						{"origin": [2, 37.25, 12.4], "size": [4, 0, 7], "uv": [65, 119]}
					]
				},
				{
					"name": "bone",
					"parent": "scarf3",
					"pivot": [0, 37.25, 20.4],
					"cubes": [
						{"origin": [-2, 37.25, 20.4], "size": [4, 0, 8], "uv": [54, 110]}
					]
				},
				{
					"name": "head",
					"parent": "neck",
					"pivot": [0, 39, 1.65],
					"cubes": [
						{"origin": [-4.5, 39, -2.1], "size": [9, 7, 6], "uv": [32, 14]},
						{"origin": [-0.5, 41.5, -2.1], "size": [1, 1, 0], "inflate": 0.02, "pivot": [0, 42, -2.1], "rotation": [0, 0, 45], "uv": [40, 55]}
					]
				},
				{
					"name": "eyes",
					"parent": "head",
					"pivot": [0, 42, -2.11]
				},
				{
					"name": "eye_right",
					"parent": "eyes",
					"pivot": [-3.225, 43.1, -2.1],
					"cubes": [
						{"origin": [-4.5, 41.25, -2.095], "size": [3, 3, 0], "inflate": 0.01, "uv": [24, 76], "mirror": true},
						{"origin": [-4.35, 43.5, -2.1], "size": [3, 1, 0], "inflate": 0.02, "pivot": [-2.35, 44, -2.1], "rotation": [0, 0, 7.5], "uv": [36, 79], "mirror": true}
					]
				},
				{
					"name": "pupil_right",
					"parent": "eye_right",
					"pivot": [-2.5, 43.35, -2.1],
					"cubes": [
						{"origin": [-3.5, 41.75, -2.1], "size": [2, 3, 0], "inflate": 0.01, "uv": [36, 76], "mirror": true}
					]
				},
				{
					"name": "eyeshine_right",
					"parent": "pupil_right",
					"pivot": [-2.45, 43.575, -2.1],
					"cubes": [
						{"origin": [-2.95, 42.075, -2.105], "size": [1, 2, 0], "inflate": 0.01, "uv": [40, 51], "mirror": true}
					]
				},
				{
					"name": "pupil_surprised_right",
					"parent": "eye_right",
					"pivot": [-2.5, 43.6, -2],
					"cubes": [
						{"origin": [-3.5, 42, -2], "size": [2, 2, 0], "inflate": 0.01, "uv": [52, 80], "mirror": true},
						{"origin": [-3, 42.45, -2.005], "size": [1, 1, 0], "inflate": 0.01, "uv": [60, 13], "mirror": true}
					]
				},
				{
					"name": "eyelid_right",
					"parent": "eye_right",
					"pivot": [-2.975, 43.25, -2],
					"cubes": [
						{"origin": [-4.465, 41.25, -2], "size": [3, 4, 1], "inflate": 0.03, "uv": [86, 25], "mirror": true}
					]
				},
				{
					"name": "eyelid_happy_right",
					"parent": "eye_right",
					"pivot": [-2.975, 43.35, -2],
					"cubes": [
						{"origin": [-4.475, 41.35, -2], "size": [3, 4, 1], "inflate": 0.02, "uv": [36, 86], "mirror": true},
						{"origin": [-3.975, 42.35, -2], "size": [2, 1, 0], "inflate": 0.03, "uv": [56, 13], "mirror": true}
					]
				},
				{
					"name": "eye_left",
					"parent": "eyes",
					"pivot": [3.225, 43.1, -2.1],
					"cubes": [
						{"origin": [1.5, 41.25, -2.095], "size": [3, 3, 0], "inflate": 0.01, "uv": [30, 76], "mirror": true},
						{"origin": [1.35, 43.5, -2.1], "size": [3, 1, 0], "inflate": 0.02, "pivot": [2.35, 44, -2.1], "rotation": [0, 0, -7.5], "uv": [36, 80]}
					]
				},
				{
					"name": "pupil_left",
					"parent": "eye_left",
					"pivot": [2.5, 43.35, -2.1],
					"cubes": [
						{"origin": [1.5, 41.75, -2.1], "size": [2, 3, 0], "inflate": 0.01, "uv": [36, 76]}
					]
				},
				{
					"name": "eyeshine_left",
					"parent": "pupil_left",
					"pivot": [2.45, 43.575, -2.1],
					"cubes": [
						{"origin": [1.95, 42.075, -2.105], "size": [1, 2, 0], "inflate": 0.01, "uv": [40, 51]}
					]
				},
				{
					"name": "pupil_surprised_left",
					"parent": "eye_left",
					"pivot": [2.5, 43.6, -2],
					"cubes": [
						{"origin": [1.5, 42, -2], "size": [2, 2, 0], "inflate": 0.01, "uv": [52, 80]},
						{"origin": [2, 42.45, -2.005], "size": [1, 1, 0], "inflate": 0.01, "uv": [60, 13]}
					]
				},
				{
					"name": "eyelid_left",
					"parent": "eye_left",
					"pivot": [2.975, 43.25, -2],
					"cubes": [
						{"origin": [1.465, 41.25, -2], "size": [3, 4, 1], "inflate": 0.03, "uv": [86, 25]}
					]
				},
				{
					"name": "eyelid_happy_left",
					"parent": "eye_left",
					"pivot": [2.975, 43.35, -2],
					"cubes": [
						{"origin": [1.475, 41.35, -2], "size": [3, 4, 1], "inflate": 0.02, "uv": [36, 86]},
						{"origin": [1.975, 42.35, -2], "size": [2, 1, 0], "inflate": 0.03, "uv": [56, 13]}
					]
				},
				{
					"name": "mouth_closed",
					"parent": "head",
					"pivot": [0, 40.175, -2.1],
					"cubes": [
						{"origin": [-1, 39.725, -2.1], "size": [2, 1, 0], "inflate": 0.01, "uv": [18, 37]},
						{"origin": [1, 39.725, -2.1], "size": [1, 1, 0], "inflate": 0.01, "uv": [40, 57]},
						{"origin": [-2, 39.725, -2.1], "size": [1, 1, 0], "inflate": 0.01, "uv": [40, 57]}
					]
				},
				{
					"name": "mouth_neutral_closed",
					"parent": "head",
					"pivot": [0, 40.175, -2],
					"cubes": [
						{"origin": [-1, 39.475, -2], "size": [2, 1, 0], "inflate": 0.01, "uv": [0, 64]},
						{"origin": [-1.5, 39.475, -2], "size": [1, 1, 0], "inflate": 0.02, "uv": [40, 57]},
						{"origin": [0.5, 39.475, -2], "size": [1, 1, 0], "inflate": 0.02, "uv": [40, 57]}
					]
				},
				{
					"name": "mouth_frown_closed",
					"parent": "head",
					"pivot": [0, 40.175, -2],
					"cubes": [
						{"origin": [-1.5, 39.825, -2], "size": [3, 1, 0], "inflate": 0.01, "uv": [18, 37]},
						{"origin": [1.5, 39.275, -2], "size": [1, 1, 0], "inflate": 0.02, "uv": [40, 57]},
						{"origin": [-2.5, 39.275, -2], "size": [1, 1, 0], "inflate": 0.02, "uv": [40, 57]}
					]
				},
				{
					"name": "mouth_open",
					"parent": "head",
					"pivot": [0, 39.925, -2],
					"cubes": [
						{"origin": [-1.5, 39.375, -2], "size": [3, 1, 0], "inflate": 0.01, "uv": [24, 37]},
						{"origin": [-1.5, 39.875, -2.001], "size": [3, 1, 0], "inflate": 0.01, "uv": [30, 37]},
						{"origin": [-1, 39.875, -2], "size": [2, 1, 0], "inflate": 0.02, "uv": [32, 27]}
					]
				},
				{
					"name": "crest",
					"parent": "head",
					"pivot": [0, 45.5, -2.6],
					"rotation": [5, 0, 0],
					"cubes": [
						{"origin": [-4.42606, 44.88568, -3.74996], "size": [0, 2, 6], "inflate": 0.01, "pivot": [-4.42606, 45.88568, -0.74996], "rotation": [84.76881, -59.55743, -39.78688], "uv": [0, 94]},
						{"origin": [-4.82384, 45.00415, -0.83048], "size": [0, 2, 4], "pivot": [0, 51.54034, 4.27215], "rotation": [-36.53474, -82.43726, 99.98185], "uv": [3, 94]},
						{"origin": [4.82384, 45.00415, -0.83048], "size": [0, 2, 4], "pivot": [0, 51.54034, 4.27215], "rotation": [-36.53474, 82.43726, -99.98185], "uv": [3, 94], "mirror": true},
						{"origin": [4.42606, 44.88568, -3.74996], "size": [0, 2, 6], "inflate": 0.01, "pivot": [4.42606, 45.88568, -0.74996], "rotation": [84.76881, 59.55743, 39.78688], "uv": [0, 94], "mirror": true},
						{"origin": [-3, 43.46134, -1.12368], "size": [6, 7, 5], "pivot": [0, 51.54034, 4.27215], "rotation": [-8, 0, 0], "uv": [40, 58]},
						{"origin": [-2.93962, 49.43138, -1.57109], "size": [2, 6, 0], "pivot": [0, 51.54034, 4.27215], "rotation": [4.98639, 14.80234, -23.56573], "uv": [87, 48], "mirror": true},
						{"origin": [2.53375, 47.74948, 1.61052], "size": [2, 6, 0], "pivot": [-0.6, 53.84034, 4.77215], "rotation": [-9.36581, -5.27496, 33.59977], "uv": [87, 48]},
						{"origin": [-1.5, 42.15, -2.39], "size": [3, 6, 0], "pivot": [-0.5, 43.15, -2.4], "rotation": [-2, 0, 0], "uv": [51, 112]},
						{"origin": [-1, 42.64939, -2.3651], "size": [2, 2, 0], "inflate": 0.01, "pivot": [0, 43.64939, -2.3651], "rotation": [-1.4145, 1.41407, 44.98254], "uv": [54, 108]},
						{"origin": [-2, 44.9, -2.3], "size": [1, 5, 0], "pivot": [0, 44.9, -2.4], "rotation": [-3.0003, -1.73196, -59.98488], "uv": [50, 107]},
						{"origin": [1, 44.9, -2.3], "size": [1, 5, 0], "pivot": [0, 44.9, -2.4], "rotation": [-3.0003, 1.73196, 59.98488], "uv": [51, 107], "mirror": true},
						{"origin": [-1, 48.55, -2.2], "size": [1, 1, 0], "pivot": [0, 49.55, -2.2], "rotation": [-1.4145, -1.41407, -44.98254], "uv": [54, 110]}
					]
				},
				{
					"name": "crest2",
					"parent": "crest",
					"pivot": [0, 51.5, -2.4],
					"rotation": [-42.5, 0, 0],
					"cubes": [
						{"origin": [-2.5, 51.66902, -0.59985], "size": [5, 6, 4], "pivot": [0, 56.03738, 2.49197], "rotation": [-8, 0, 0], "uv": [68, 37]},
						{"origin": [1.17487, 54.58475, 1.39841], "size": [2, 6, 0], "pivot": [0, 56.03738, 2.49197], "rotation": [-7.39805, 3.05297, 22.30258], "uv": [87, 48]}
					]
				},
				{
					"name": "crest3",
					"parent": "crest2",
					"pivot": [0, 57.1, -0.5],
					"rotation": [42.5, 0, 0],
					"cubes": [
						{"origin": [-1.5, 54.96539, -0.88866], "size": [3, 5, 3], "pivot": [0, 54.29521, 0.98802], "rotation": [-21.5, 0, 0], "uv": [0, 81]}
					]
				},
				{
					"name": "crest4",
					"parent": "crest3",
					"pivot": [0, 60.6, -0.4],
					"rotation": [-55, 0, 0],
					"cubes": [
						{"origin": [-1.05401, 63.38722, 4.30435], "size": [2, 5, 2], "pivot": [0, 58.12072, 5.56072], "rotation": [35.0052, -1.44188, -0.41354], "uv": [86, 18]}
					]
				},
				{
					"name": "ear_left",
					"parent": "head",
					"pivot": [3.5, 45, 1.9],
					"rotation": [0, 7.5, 50],
					"cubes": [
						{"origin": [-0.5, 44, 0.4], "size": [7, 8, 3], "uv": [108, 117], "mirror": true}
					]
				},
				{
					"name": "ear_left2",
					"parent": "ear_left",
					"pivot": [3, 51.5, 1.9],
					"rotation": [0, 0, 0],
					"cubes": [
						{"origin": [0.03712, 51.60034, 0.90489], "size": [6, 7, 2], "uv": [112, 107], "mirror": true}
					]
				},
				{
					"name": "ear_left3",
					"parent": "ear_left2",
					"pivot": [3.03712, 58.60034, 1.90489],
					"cubes": [
						{"origin": [5.53712, 59.60034, 1.90489], "size": [5, 7, 0], "uv": [108, 99], "mirror": true},
						{"origin": [0.53712, 58.60034, 1.90489], "size": [5, 8, 0], "uv": [118, 99], "mirror": true}
					]
				},
				{
					"name": "ear_left4",
					"parent": "ear_left3",
					"pivot": [3, 66.6, 1.9],
					"cubes": [
						{"origin": [1.03712, 66.60034, 1.90489], "size": [4, 6, 0], "uv": [119, 93], "mirror": true}
					]
				},
				{
					"name": "ear_left5",
					"parent": "ear_left4",
					"pivot": [2.5, 73, 1.9],
					"cubes": [
						{"origin": [-2.46288, 72.60034, 1.90489], "size": [11, 12, 0], "uv": [106, 81], "mirror": true}
					]
				},
				{
					"name": "ear_right",
					"parent": "head",
					"pivot": [-3.5, 45, 1.9],
					"rotation": [0, -7.5, -50],
					"cubes": [
						{"origin": [-6.5, 44, 0.4], "size": [7, 8, 3], "uv": [108, 117]}
					]
				},
				{
					"name": "ear_right2",
					"parent": "ear_right",
					"pivot": [-3, 51.5, 1.9],
					"rotation": [0, 0, 0],
					"cubes": [
						{"origin": [-6.03712, 51.60034, 0.90489], "size": [6, 7, 2], "uv": [112, 107]}
					]
				},
				{
					"name": "ear_right3",
					"parent": "ear_right2",
					"pivot": [-3.03712, 58.60034, 1.90489],
					"cubes": [
						{"origin": [-5.53712, 58.60034, 1.90489], "size": [5, 8, 0], "uv": [118, 99]},
						{"origin": [-10.53712, 59.60034, 1.90489], "size": [5, 7, 0], "uv": [108, 99]}
					]
				},
				{
					"name": "ear_right4",
					"parent": "ear_right3",
					"pivot": [-3, 66.6, 1.9],
					"cubes": [
						{"origin": [-5.03712, 66.60034, 1.90489], "size": [4, 6, 0], "uv": [119, 93]}
					]
				},
				{
					"name": "ear_right5",
					"parent": "ear_right4",
					"pivot": [-2.5, 73, 1.9],
					"cubes": [
						{"origin": [-8.53712, 72.60034, 1.90489], "size": [11, 11, 0], "uv": [106, 82]}
					]
				},
				{
					"name": "head_back",
					"parent": "head",
					"pivot": [0, 40, 3.9],
					"rotation": [6, 0, 0],
					"cubes": [
						{"origin": [-3.5, 40, 3.9], "size": [7, 6, 4], "uv": [62, 11]}
					]
				},
				{
					"name": "head_back2",
					"parent": "head_back",
					"pivot": [0, 40, 7.9],
					"rotation": [31, 0, 0],
					"cubes": [
						{"origin": [-2, 40, 7.9], "size": [4, 5, 4], "uv": [76, 70]}
					]
				},
				{
					"name": "head_back3",
					"parent": "head_back2",
					"pivot": [0, 40, 11.9],
					"rotation": [52.5, 0, 0],
					"cubes": [
						{"origin": [-1, 40, 11.9], "size": [2, 3, 4], "uv": [24, 82]}
					]
				},
				{
					"name": "head_fluff_right",
					"parent": "head",
					"pivot": [-3.4, 43.45, -0.2],
					"rotation": [0, -82.5, 7.5]
				},
				{
					"name": "head_fluff2",
					"parent": "head_fluff_right",
					"pivot": [-3.9, 43.45, -0.2],
					"rotation": [20, 0, 0],
					"cubes": [
						{"origin": [-3.9, 41.45, -0.6], "size": [0, 2, 7], "inflate": 0.01, "pivot": [-3.9, 43.45, 0.8], "rotation": [-0.08328, -2.6613, 1.38428], "uv": [0, 89]}
					]
				},
				{
					"name": "head_fluff3",
					"parent": "head_fluff2",
					"pivot": [-3.9, 40.45, -0.2],
					"rotation": [-15, 0, 0],
					"cubes": [
						{"origin": [-3.9, 40.45, -1.1], "size": [0, 2, 6], "pivot": [-3.9, 40.45, -0.45], "rotation": [-7.56769, -2.92883, 0.64785], "uv": [0, 88]}
					]
				},
				{
					"name": "head_fluff_left",
					"parent": "head",
					"pivot": [3.4, 45.45, -1.95],
					"rotation": [0, 82.5, -7.5]
				},
				{
					"name": "head_fluff4",
					"parent": "head_fluff_left",
					"pivot": [1.9, 43.45, -1.95],
					"rotation": [20, 0, 0],
					"cubes": [
						{"origin": [1.9, 41.45, -2.35], "size": [0, 2, 7], "inflate": 0.01, "pivot": [1.9, 43.45, -0.95], "rotation": [-0.12539, 3.54786, -1.84727], "uv": [0, 89], "mirror": true}
					]
				},
				{
					"name": "head_fluff5",
					"parent": "head_fluff4",
					"pivot": [1.9, 40.45, -1.95],
					"rotation": [-15, 0, 0],
					"cubes": [
						{"origin": [1.9, 40.45, -2.85], "size": [0, 2, 6], "pivot": [1.9, 40.45, -2.2], "rotation": [-7.59766, 3.90491, -0.86497], "uv": [0, 88], "mirror": true}
					]
				},
				{
					"name": "arms",
					"parent": "chest2",
					"pivot": [-5.05, 35.25, 1.9]
				},
				{
					"name": "arm_right",
					"parent": "arms",
					"pivot": [-5.05, 35.25, 1.9],
					"cubes": [
						{"origin": [-12.05, 33.75, 0.4], "size": [9, 3, 3], "uv": [64, 31]}
					]
				},
				{
					"name": "arm_right2",
					"parent": "arm_right",
					"pivot": [-12.05, 35.25, 3.4],
					"cubes": [
						{"origin": [-19.05, 33.75, 0.4], "size": [7, 3, 3], "inflate": 0.01, "uv": [56, 70]},
						{"origin": [-19.86285, 33.33689, -0.14841], "size": [5, 4, 4], "inflate": 0.01, "uv": [17, 0]}
					]
				},
				{
					"name": "hand_right",
					"parent": "arm_right2",
					"pivot": [-19.05, 35.25, 1.9],
					"cubes": [
						{"origin": [-22.05, 34.25, 0.4], "size": [4, 2, 3], "uv": [52, 82]}
					]
				},
				{
					"name": "arm_left",
					"parent": "arms",
					"pivot": [5.16285, 35.33689, 2.10159],
					"cubes": [
						{"origin": [3.66285, 33.83689, 0.60159], "size": [9, 3, 3], "uv": [64, 31], "mirror": true}
					]
				},
				{
					"name": "arm_left2",
					"parent": "arm_left",
					"pivot": [12.66285, 35.33689, 3.60159],
					"cubes": [
						{"origin": [12.66285, 33.83689, 0.60159], "size": [7, 3, 3], "inflate": 0.01, "uv": [56, 70], "mirror": true},
						{"origin": [14.86285, 33.33689, 0.10159], "size": [5, 4, 4], "inflate": 0.01, "uv": [17, 0], "mirror": true}
					]
				},
				{
					"name": "hand_left",
					"parent": "arm_left2",
					"pivot": [19.66285, 35.33689, 2.10159],
					"cubes": [
						{"origin": [18.66285, 34.33689, 0.60159], "size": [4, 2, 3], "uv": [52, 82], "mirror": true}
					]
				},
				{
					"name": "shoulders",
					"parent": "chest2",
					"pivot": [0.11285, 35.58689, 2.35159]
				},
				{
					"name": "shoulder_right",
					"parent": "shoulders",
					"pivot": [-4, 34.75, 2.15],
					"rotation": [-7.5, -7.5, -7],
					"cubes": [
						{"origin": [-5, 32.75, -0.35], "size": [2, 5, 5], "inflate": 0.01, "uv": [80, 0]},
						{"origin": [-5, 37.75, -0.3], "size": [0, 2, 2], "pivot": [-5, 37.75, -0.3], "rotation": [-22.5, 0, 0], "uv": [0, 28]},
						{"origin": [-5, 37.25, 1.2], "size": [0, 3, 2], "inflate": 0.02, "pivot": [-5, 37.75, 2.2], "rotation": [0, 0, -7.5], "uv": [0, 14]},
						{"origin": [-5, 37.75, 2.7], "size": [0, 2, 2], "pivot": [-5, 37.75, 4.7], "rotation": [22.5, 0, 0], "uv": [0, 26]}
					]
				},
				{
					"name": "shoulder_left",
					"parent": "shoulders",
					"pivot": [4, 34.75, 2.15],
					"rotation": [-7.5, 7.5, 7],
					"cubes": [
						{"origin": [3, 32.75, -0.35], "size": [2, 5, 5], "inflate": 0.01, "uv": [80, 0], "mirror": true},
						{"origin": [5, 37.75, -0.35], "size": [0, 2, 2], "pivot": [5, 37.75, -0.35], "rotation": [-22.5, 0, 0], "uv": [0, 28], "mirror": true},
						{"origin": [5, 37.75, 2.65], "size": [0, 2, 2], "pivot": [5, 37.75, 4.65], "rotation": [22.5, 0, 0], "uv": [0, 26], "mirror": true},
						{"origin": [5, 37.25, 1.15], "size": [0, 3, 2], "inflate": 0.02, "pivot": [5, 37.75, 2.15], "rotation": [0, 0, 7.5], "uv": [0, 14], "mirror": true}
					]
				},
				{
					"name": "tail",
					"parent": "torso",
					"pivot": [0, 24.4, 6.15],
					"rotation": [-7.5, 0, 0],
					"cubes": [
						{"origin": [-2, 22.7652, 5.09329], "size": [4, 4, 5], "uv": [68, 47]}
					]
				},
				{
					"name": "tail_ruff",
					"parent": "tail",
					"pivot": [0, 27.2152, 5.86829],
					"rotation": [22.5, 0, 0],
					"cubes": [
						{"origin": [0, 24.2652, 4.86829], "size": [0, 3, 8], "inflate": 0.01, "uv": [24, 65]}
					]
				},
				{
					"name": "tail_ruff2",
					"parent": "tail",
					"pivot": [0, 26.3152, 10.11829],
					"rotation": [-10, 0, 0],
					"cubes": [
						{"origin": [0, 24.3652, 9.76829], "size": [0, 2, 4], "uv": [82, 64]}
					]
				},
				{
					"name": "legs",
					"parent": "body",
					"pivot": [0, 24.25, 1.25]
				},
				{
					"name": "leg_right0",
					"parent": "legs",
					"pivot": [-2.9, 24, 2.25]
				},
				{
					"name": "leg_right",
					"parent": "leg_right0",
					"pivot": [-2.65, 24, 2.25],
					"rotation": [-12.5, -5, 26.5],
					"cubes": [
						{"origin": [-5.65, 21, -0.75], "size": [6, 5, 6], "uv": [56, 0]}
					]
				},
				{
					"name": "leg_right2",
					"parent": "leg_right",
					"pivot": [-5.15, 21, 2.6],
					"rotation": [10, 7.5, -20],
					"cubes": [
						{"origin": [-5.15, 15, 0.1], "size": [5, 7, 5], "uv": [62, 58]},
						{"origin": [-5.15, 18, 1.6], "size": [0, 1, 1], "inflate": 0.01, "uv": [40, 53]}
					]
				},
				{
					"name": "leg_right3",
					"parent": "leg_right2",
					"pivot": [-2.9, 15, 2.85],
					"rotation": [0, 5, -5],
					"cubes": [
						{"origin": [-5.4, 12.25, -0.65], "size": [6, 3, 7], "uv": [42, 38]},
						{"origin": [-5.4, 12.25, -0.65], "size": [6, 3, 7], "inflate": 0.3, "uv": [42, 48]}
					]
				},
				{
					"name": "leg_right_ruff2",
					"parent": "leg_right3",
					"pivot": [-5.4, 16.85, -0.65],
					"rotation": [0, -90, 7.5]
				},
				{
					"name": "leg_right_ruff3",
					"parent": "leg_right_ruff2",
					"pivot": [-2.4, 16.85, -0.65],
					"rotation": [20, 0, 0],
					"cubes": [
						{"origin": [-2.4, 13.85, -2.05], "size": [0, 2, 5], "inflate": 0.01, "uv": [66, 82]}
					]
				},
				{
					"name": "leg_right_ruff4",
					"parent": "leg_right_ruff3",
					"pivot": [-2.4, 13.85, -0.65],
					"rotation": [-15, 0, 0],
					"cubes": [
						{"origin": [-1.4, 12.85, -2.55], "size": [0, 2, 4], "uv": [16, 70]}
					]
				},
				{
					"name": "leg_right4",
					"parent": "leg_right3",
					"pivot": [-2.9, 13.25, 2.5],
					"cubes": [
						{"origin": [-3.9, 1.75, 1], "size": [3, 12, 3], "uv": [76, 79]},
						{"origin": [-4.38048, 2.75009, 0.49323], "size": [4, 5, 4], "inflate": 0.01, "uv": [0, 0]}
					]
				},
				{
					"name": "foot_right",
					"parent": "leg_right4",
					"pivot": [-2.4, 0.25, 3.5],
					"cubes": [
						{"origin": [-4.4, -1.25, -2.5], "size": [4, 3, 7], "uv": [64, 21]},
						{"origin": [-3.4, -1.275, -1.5], "size": [1, 0, 3], "inflate": -0.01, "pivot": [-2.4, 0.25, 0], "rotation": [0, 90, 0], "uv": [87, 64]},
						{"origin": [-2.9, -1.26, -1.25], "size": [1, 0, 4], "uv": [88, 64]}
					]
				},
				{
					"name": "toes_right",
					"parent": "foot_right",
					"pivot": [-2.4, -1.25, -2.5],
					"cubes": [
						{"origin": [-4.9, -1.25, -6.5], "size": [5, 3, 4], "inflate": 0.01, "uv": [0, 57]},
						{"origin": [-4.3, -1.25, -6.5], "size": [1, 3, 2], "inflate": 0.02, "uv": [86, 37]},
						{"origin": [-1.5, -1.25, -6.5], "size": [1, 3, 2], "inflate": 0.02, "uv": [86, 42]}
					]
				},
				{
					"name": "leg_left0",
					"parent": "legs",
					"pivot": [2.9, 24, 2.25]
				},
				{
					"name": "leg_left",
					"parent": "leg_left0",
					"pivot": [2.65, 24, 2.25],
					"rotation": [-12.5, 5, -26.5],
					"cubes": [
						{"origin": [-0.35, 21, -0.75], "size": [6, 5, 6], "uv": [56, 0], "mirror": true}
					]
				},
				{
					"name": "leg_left2",
					"parent": "leg_left",
					"pivot": [5.15, 21, 2.6],
					"rotation": [10, -7.5, 20],
					"cubes": [
						{"origin": [0.15, 15, 0.1], "size": [5, 7, 5], "uv": [62, 58], "mirror": true},
						{"origin": [5.15, 18, 1.6], "size": [0, 1, 1], "inflate": 0.01, "uv": [40, 53], "mirror": true}
					]
				},
				{
					"name": "leg_left3",
					"parent": "leg_left2",
					"pivot": [2.9, 15, 2.85],
					"rotation": [0, -5, 5],
					"cubes": [
						{"origin": [-0.6, 12.25, -0.65], "size": [6, 3, 7], "uv": [42, 38], "mirror": true},
						{"origin": [-0.6, 12.25, -0.65], "size": [6, 3, 7], "inflate": 0.3, "uv": [42, 48], "mirror": true}
					]
				},
				{
					"name": "leg_left_ruff2",
					"parent": "leg_left3",
					"pivot": [4.9, 16.75, -0.65],
					"rotation": [0, 90, -10]
				},
				{
					"name": "leg_left_ruff3",
					"parent": "leg_left_ruff2",
					"pivot": [1.9, 16.75, -0.65],
					"rotation": [20, 0, 0],
					"cubes": [
						{"origin": [1.9, 13.75, -2.05], "size": [0, 2, 5], "inflate": 0.01, "uv": [66, 82], "mirror": true}
					]
				},
				{
					"name": "leg_left_ruff4",
					"parent": "leg_left_ruff3",
					"pivot": [1.9, 13.75, -0.65],
					"rotation": [-15, 0, 0],
					"cubes": [
						{"origin": [0.9, 12.75, -2.3], "size": [0, 2, 4], "pivot": [0.9, 12.75, -2.65], "rotation": [-5, 0, 0], "uv": [16, 70], "mirror": true}
					]
				},
				{
					"name": "leg_left4",
					"parent": "leg_left3",
					"pivot": [2.9, 13.25, 2.5],
					"cubes": [
						{"origin": [0.9, 1.75, 1], "size": [3, 12, 3], "uv": [76, 79], "mirror": true},
						{"origin": [0.38048, 2.75009, 0.49323], "size": [4, 5, 4], "inflate": 0.01, "uv": [0, 0], "mirror": true}
					]
				},
				{
					"name": "foot_left",
					"parent": "leg_left4",
					"pivot": [2.4, 0.25, 3.5],
					"cubes": [
						{"origin": [0.4, -1.25, -2.5], "size": [4, 3, 7], "uv": [64, 21], "mirror": true},
						{"origin": [1.9, -1.26, -1.25], "size": [1, 0, 4], "uv": [88, 64], "mirror": true},
						{"origin": [2.4, -1.275, -1.5], "size": [1, 0, 3], "inflate": -0.01, "pivot": [2.4, 0.25, 0], "rotation": [0, -90, 0], "uv": [87, 64], "mirror": true}
					]
				},
				{
					"name": "toes_left",
					"parent": "foot_left",
					"pivot": [2.4, -1.25, -2.5],
					"cubes": [
						{"origin": [-0.1, -1.25, -6.5], "size": [5, 3, 4], "inflate": 0.01, "uv": [0, 57], "mirror": true},
						{"origin": [0.55, -1.25, -6.5], "size": [1, 3, 2], "inflate": 0.02, "uv": [86, 42], "mirror": true},
						{"origin": [3.25, -1.25, -6.5], "size": [1, 3, 2], "inflate": 0.02, "uv": [86, 37], "mirror": true}
					]
				}
			]
		}
	]
}