{
	"format_version": "1.12.0",
	"minecraft:geometry": [
		{
			"description": {
				"identifier": "geometry.falinks",
				"texture_width": 128,
				"texture_height": 128,
				"visible_bounds_width": 7,
				"visible_bounds_height": 2.5,
				"visible_bounds_offset": [0, 0.75, 0]
			},
			"bones": [
				{
					"name": "falinks",
					"pivot": [0, 0, 0]
				},
				{
					"name": "body",
					"parent": "falinks",
					"pivot": [0, 6.5, -25]
				},
				{
					"name": "torso1",
					"parent": "body",
					"pivot": [0, 2.5, -25],
					"cubes": [
						{"origin": [-4.5, 2, -29.5], "size": [9, 9, 9], "uv": [0, 0]},
						{"origin": [-1, 6.5, -29.5], "size": [2, 5, 3], "pivot": [0.5, 7.5, -28.5], "rotation": [15, 0, 0], "uv": [35, 36]}
					]
				},
				{
					"name": "hat",
					"parent": "torso1",
					"pivot": [0, 11.75, -25],
					"cubes": [
						{"origin": [-6, 9.75, -31], "size": [12, 3, 12], "uv": [0, 54]},
						{"origin": [-5, 12.65, -30], "size": [10, 2, 10], "uv": [2, 69]}
					]
				},
				{
					"name": "eye_left1",
					"parent": "torso1",
					"pivot": [2.25, 6.5, -29.0125],
					"cubes": [
						{"origin": [1.25, 5, -29.51], "size": [2, 3, 1], "uv": [59, 18]},
						{"origin": [1.75, 5.5, -29.515], "size": [1, 2, 1], "uv": [67, 21]}
					]
				},
				{
					"name": "eyelid_left1",
					"parent": "eye_left1",
					"pivot": [2.25, 6.5, -28.91],
					"cubes": [
						{"origin": [1.25, 5, -29.41], "size": [2, 3, 1], "inflate": 0.01, "uv": [59, 23]}
					]
				},
				{
					"name": "eye_right1",
					"parent": "torso1",
					"pivot": [-2.25, 6.5, -29.0125],
					"cubes": [
						{"origin": [-3.25, 5, -29.51], "size": [2, 3, 1], "uv": [52, 18]},
						{"origin": [-2.75, 5.5, -29.515], "size": [1, 2, 1], "uv": [67, 21]}
					]
				},
				{
					"name": "eyelid_right1",
					"parent": "eye_right1",
					"pivot": [-2.25, 6.5, -28.91],
					"cubes": [
						{"origin": [-3.25, 5, -29.41], "size": [2, 3, 1], "inflate": 0.01, "uv": [52, 23]}
					]
				},
				{
					"name": "shield_left1",
					"parent": "torso1",
					"pivot": [5, 5.5, -25],
					"cubes": [
						{"origin": [4.5, 1, -30], "size": [1, 9, 10], "uv": [0, 34]},
						{"origin": [5.5, 10, -25], "size": [-1, -1, -1], "uv": [3, 21]},
						{"origin": [5.5, 10, -21], "size": [-1, -1, -1], "uv": [4, 33]},
						{"origin": [5.5, 9, -20], "size": [-1, -1, -1], "uv": [4, 33]},
						{"origin": [5.5, 3, -22], "size": [-1, -1, -1], "uv": [4, 38]},
						{"origin": [5.5, 5, -23], "size": [-1, -2, -1], "uv": [4, 38]},
						{"origin": [5.5, 6.989, -21.989], "size": [-1, -2, -1], "pivot": [5, 5.5, -22.489], "rotation": [-90, 0, 0], "uv": [8, 38]},
						{"origin": [5.5, 2, -21], "size": [-1, -1, -1], "uv": [9, 33]},
						{"origin": [4.5, 5, -24], "size": [1, 0, 4], "uv": [4, 28]},
						{"origin": [5.5, 9, -26], "size": [-1, -1, -1], "uv": [3, 25]},
						{"origin": [5.5, 8, -27], "size": [-1, -1, -1], "uv": [3, 29]},
						{"origin": [5.5, 7, -28], "size": [-1, -1, -1], "uv": [7, 21]},
						{"origin": [5.5, 3, -28.005], "size": [-1, -1, -1], "uv": [11, 21]},
						{"origin": [5.5, 8, -29], "size": [-1, -1, -1], "uv": [7, 24]},
						{"origin": [5.5, 4, -29.005], "size": [-1, -1, -1], "uv": [11, 25]},
						{"origin": [5.5, 2, -26], "size": [-1, -1, -2], "uv": [9, 29]},
						{"origin": [4.5, 6, -20.1], "size": [1, 1, 2], "inflate": -0.01, "pivot": [5.5, 6, -19.1], "rotation": [7.5, 0, 0], "uv": [4, 41]}
					]
				},
				{
					"name": "spear_right1",
					"parent": "torso1",
					"pivot": [-4.5, 7.25, -26.75],
					"rotation": [25, 0, 0],
					"cubes": [
						{"origin": [-5.5, 4.75, -31.75], "size": [1, 1, 8], "pivot": [-5, 5.25, -27.25], "rotation": [90, 0, 0], "uv": [23, 39]},
						{"origin": [-5, 8.25, -29.25], "size": [0, 5, 4], "uv": [15, 26]}
					]
				},
				{
					"name": "leg_left1",
					"parent": "body",
					"pivot": [2, 3, -25],
					"cubes": [
						{"origin": [0.5, 0, -26.5], "size": [3, 3, 3], "uv": [38, 24]}
					]
				},
				{
					"name": "leg_right1",
					"parent": "body",
					"pivot": [-2, 3, -25],
					"cubes": [
						{"origin": [-3.5, 0, -26.5], "size": [3, 3, 3], "uv": [38, 17]}
					]
				},
				{
					"name": "body2",
					"parent": "falinks",
					"pivot": [0, 5.5, -12]
				},
				{
					"name": "torso2",
					"parent": "body2",
					"pivot": [0, 2.5, -12.5],
					"cubes": [
						{"origin": [-4, 2, -16.5], "size": [8, 8, 8], "uv": [37, 0]}
					]
				},
				{
					"name": "hat2",
					"parent": "torso2",
					"pivot": [0, 11.75, -12.5],
					"cubes": [
						{"origin": [-6, 9.75, -18.5], "size": [12, 3, 12], "uv": [0, 81]},
						{"origin": [-5, 12.65, -17.5], "size": [10, 2, 10], "uv": [2, 96]}
					]
				},
				{
					"name": "eye_left2",
					"parent": "torso2",
					"pivot": [2, 6, -16.0125],
					"cubes": [
						{"origin": [1, 4.5, -16.51], "size": [2, 3, 1], "uv": [59, 18]},
						{"origin": [1.5, 5, -16.515], "size": [1, 2, 1], "uv": [67, 21]}
					]
				},
				{
					"name": "eyelid_left2",
					"parent": "eye_left2",
					"pivot": [2, 6, -15.91],
					"cubes": [
						{"origin": [1, 4.5, -16.41], "size": [2, 3, 1], "inflate": 0.01, "uv": [59, 23]}
					]
				},
				{
					"name": "eye_right2",
					"parent": "torso2",
					"pivot": [-2, 6, -16.0125],
					"cubes": [
						{"origin": [-3, 4.5, -16.51], "size": [2, 3, 1], "uv": [52, 18]},
						{"origin": [-2.5, 5, -16.515], "size": [1, 2, 1], "uv": [67, 21]}
					]
				},
				{
					"name": "eyelid_right2",
					"parent": "eye_right2",
					"pivot": [-2, 6, -15.91],
					"cubes": [
						{"origin": [-3, 4.5, -16.41], "size": [2, 3, 1], "inflate": 0.01, "uv": [52, 23]}
					]
				},
				{
					"name": "shield_left2",
					"parent": "torso2",
					"pivot": [4.75, 6, -12.5],
					"cubes": [
						{"origin": [4.5, 1, -18], "size": [1, 9, 10], "uv": [46, 39]},
						{"origin": [5.5, 10, -13], "size": [-1, -1, -1], "uv": [3, 21]},
						{"origin": [5.5, 10, -9], "size": [-1, -1, -1], "uv": [4, 33]},
						{"origin": [5.5, 9, -8], "size": [-1, -1, -1], "uv": [4, 33]},
						{"origin": [5.5, 9, -14], "size": [-1, -1, -1], "uv": [3, 25]},
						{"origin": [5.5, 8, -15], "size": [-1, -1, -1], "uv": [3, 29]},
						{"origin": [5.5, 7, -16], "size": [-1, -1, -1], "uv": [7, 21]},
						{"origin": [5.5, 3, -16.005], "size": [-1, -1, -1], "uv": [11, 21]},
						{"origin": [5.5, 3, -8.005], "size": [-1, -1, -1], "pivot": [5, 2.5, -8.5], "rotation": [90, 0, 0], "uv": [11, 21]},
						{"origin": [5.5, 2, -9.005], "size": [-1, -1, -1], "pivot": [5, 1.5, -9.5], "rotation": [90, 0, 0], "uv": [11, 21]},
						{"origin": [5.5, 8, -17], "size": [-1, -1, -1], "uv": [7, 24]},
						{"origin": [5.5, 4, -17.005], "size": [-1, -1, -1], "uv": [11, 25]},
						{"origin": [5.5, 2, -14], "size": [-1, -1, -2], "uv": [9, 29]},
						{"origin": [4.5, 6, -8.1], "size": [1, 1, 2], "inflate": -0.01, "pivot": [5.5, 6, -7.1], "rotation": [7.5, 0, 0], "uv": [50, 46]}
					]
				},
				{
					"name": "spear_right2",
					"parent": "torso2",
					"pivot": [-4.5, 7.25, -14.25],
					"rotation": [25, 0, 0],
					"cubes": [
						{"origin": [-5.5, 4.75, -17.25], "size": [1, 1, 6], "pivot": [-5, 5.25, -14.75], "rotation": [90, 0, 0], "uv": [24, 32]},
						{"origin": [-5, 8.25, -16.75], "size": [0, 5, 4], "uv": [12, 35]}
					]
				},
				{
					"name": "leg_left2",
					"parent": "body2",
					"pivot": [2, 2.5, -12.5],
					"cubes": [
						{"origin": [0.5, 0, -14], "size": [3, 3, 3], "uv": [38, 24]}
					]
				},
				{
					"name": "leg_right2",
					"parent": "body2",
					"pivot": [-2, 2.5, -12.5],
					"cubes": [
						{"origin": [-3.5, 0, -14], "size": [3, 3, 3], "uv": [38, 17]}
					]
				},
				{
					"name": "body3",
					"parent": "falinks",
					"pivot": [0, 5.5, 0.5]
				},
				{
					"name": "torso3",
					"parent": "body3",
					"pivot": [0, 2.5, 0],
					"cubes": [
						{"origin": [-4, 2, -4], "size": [8, 8, 8], "uv": [37, 0]}
					]
				},
				{
					"name": "hat3",
					"parent": "torso3",
					"pivot": [0, 11.75, 0],
					"cubes": [
						{"origin": [-6, 9.75, -6], "size": [12, 3, 12], "uv": [0, 54]},
						{"origin": [-5, 12.65, -5], "size": [10, 2, 10], "uv": [2, 69]}
					]
				},
				{
					"name": "eye_left3",
					"parent": "torso3",
					"pivot": [2, 6, -3.5125],
					"cubes": [
						{"origin": [1, 4.5, -4.01], "size": [2, 3, 1], "uv": [59, 18]},
						{"origin": [1.5, 5, -4.015], "size": [1, 2, 1], "uv": [67, 21]}
					]
				},
				{
					"name": "eyelid_left3",
					"parent": "eye_left3",
					"pivot": [2, 6, -3.41],
					"cubes": [
						{"origin": [1, 4.5, -3.91], "size": [2, 3, 1], "inflate": 0.01, "uv": [59, 23]}
					]
				},
				{
					"name": "eye_right3",
					"parent": "torso3",
					"pivot": [-2, 6, -3.5125],
					"cubes": [
						{"origin": [-3, 4.5, -4.01], "size": [2, 3, 1], "uv": [52, 18]},
						{"origin": [-2.5, 5, -4.015], "size": [1, 2, 1], "uv": [67, 21]}
					]
				},
				{
					"name": "eyelid_right3",
					"parent": "eye_right3",
					"pivot": [-2, 6, -3.41],
					"cubes": [
						{"origin": [-3, 4.5, -3.91], "size": [2, 3, 1], "inflate": 0.01, "uv": [52, 23]}
					]
				},
				{
					"name": "shield_left3",
					"parent": "torso3",
					"pivot": [4.75, 6, 0.25],
					"cubes": [
						{"origin": [4.5, 1, -5.25], "size": [1, 9, 10], "uv": [46, 39]},
						{"origin": [5.5, 10, -0.25], "size": [-1, -1, -1], "uv": [3, 21]},
						{"origin": [5.5, 10, 3.75], "size": [-1, -1, -1], "uv": [4, 33]},
						{"origin": [5.5, 9, 4.75], "size": [-1, -1, -1], "uv": [4, 33]},
						{"origin": [5.5, 9, -1.25], "size": [-1, -1, -1], "uv": [3, 25]},
						{"origin": [5.5, 8, -2.25], "size": [-1, -1, -1], "uv": [3, 29]},
						{"origin": [5.5, 7, -3.25], "size": [-1, -1, -1], "uv": [7, 21]},
						{"origin": [5.5, 3, -3.255], "size": [-1, -1, -1], "uv": [11, 21]},
						{"origin": [5.5, 3, 4.745], "size": [-1, -1, -1], "pivot": [5, 2.5, 4.25], "rotation": [90, 0, 0], "uv": [11, 21]},
						{"origin": [5.5, 2, 3.745], "size": [-1, -1, -1], "pivot": [5, 1.5, 3.25], "rotation": [90, 0, 0], "uv": [11, 21]},
						{"origin": [5.5, 8, -4.25], "size": [-1, -1, -1], "uv": [7, 24]},
						{"origin": [5.5, 4, -4.255], "size": [-1, -1, -1], "uv": [11, 25]},
						{"origin": [5.5, 2, -1.25], "size": [-1, -1, -2], "uv": [9, 29]},
						{"origin": [4.5, 6, 4.65], "size": [1, 1, 2], "inflate": -0.01, "pivot": [5.5, 6, 5.65], "rotation": [7.5, 0, 0], "uv": [50, 46]}
					]
				},
				{
					"name": "spear_right3",
					"parent": "body3",
					"pivot": [-4.5, 7.25, -1.75],
					"rotation": [25, 0, 0],
					"cubes": [
						{"origin": [-5.5, 4.75, -4.75], "size": [1, 1, 6], "pivot": [-5, 5.25, -2.25], "rotation": [90, 0, 0], "uv": [24, 32]},
						{"origin": [-5, 8.25, -4.25], "size": [0, 5, 4], "uv": [12, 35]}
					]
				},
				{
					"name": "leg_left3",
					"parent": "body3",
					"pivot": [2, 2.5, 0],
					"cubes": [
						{"origin": [0.5, 0, -1.5], "size": [3, 3, 3], "uv": [38, 24]}
					]
				},
				{
					"name": "leg_right3",
					"parent": "body3",
					"pivot": [-2, 2.5, 0],
					"cubes": [
						{"origin": [-3.5, 0, -1.5], "size": [3, 3, 3], "uv": [38, 17]}
					]
				},
				{
					"name": "body4",
					"parent": "falinks",
					"pivot": [0, 5.5, 13]
				},
				{
					"name": "torso4",
					"parent": "body4",
					"pivot": [0, 2.5, 12.5],
					"cubes": [
						{"origin": [-4, 2, 8.5], "size": [8, 8, 8], "uv": [37, 0]}
					]
				},
				{
					"name": "hat4",
					"parent": "torso4",
					"pivot": [0, 11.75, 12.5],
					"cubes": [
						{"origin": [-6, 9.75, 6.5], "size": [12, 3, 12], "uv": [0, 81]},
						{"origin": [-5, 12.65, 7.5], "size": [10, 2, 10], "uv": [2, 96]}
					]
				},
				{
					"name": "eye_left4",
					"parent": "torso4",
					"pivot": [2, 6, 8.9875],
					"cubes": [
						{"origin": [1, 4.5, 8.49], "size": [2, 3, 1], "uv": [59, 18]},
						{"origin": [1.5, 5, 8.485], "size": [1, 2, 1], "uv": [67, 21]}
					]
				},
				{
					"name": "eyelid_left4",
					"parent": "eye_left4",
					"pivot": [2, 6, 9.09],
					"cubes": [
						{"origin": [1, 4.5, 8.59], "size": [2, 3, 1], "inflate": 0.01, "uv": [59, 23]}
					]
				},
				{
					"name": "eye_right4",
					"parent": "torso4",
					"pivot": [-2, 6, 8.9875],
					"cubes": [
						{"origin": [-3, 4.5, 8.49], "size": [2, 3, 1], "uv": [52, 18]},
						{"origin": [-2.5, 5, 8.485], "size": [1, 2, 1], "uv": [67, 21]}
					]
				},
				{
					"name": "eyelid_right4",
					"parent": "eye_right4",
					"pivot": [-2, 6, 9.09],
					"cubes": [
						{"origin": [-3, 4.5, 8.59], "size": [2, 3, 1], "inflate": 0.01, "uv": [52, 23]}
					]
				},
				{
					"name": "shield_left4",
					"parent": "torso4",
					"pivot": [4.75, 6, 12.75],
					"cubes": [
						{"origin": [4.5, 1, 7.25], "size": [1, 9, 10], "uv": [46, 39]},
						{"origin": [5.5, 10, 12.25], "size": [-1, -1, -1], "uv": [3, 21]},
						{"origin": [5.5, 10, 16.25], "size": [-1, -1, -1], "uv": [4, 33]},
						{"origin": [5.5, 9, 17.25], "size": [-1, -1, -1], "uv": [4, 33]},
						{"origin": [5.5, 9, 11.25], "size": [-1, -1, -1], "uv": [3, 25]},
						{"origin": [5.5, 8, 10.25], "size": [-1, -1, -1], "uv": [3, 29]},
						{"origin": [5.5, 7, 9.25], "size": [-1, -1, -1], "uv": [7, 21]},
						{"origin": [5.5, 3, 9.245], "size": [-1, -1, -1], "uv": [11, 21]},
						{"origin": [5.5, 3, 17.245], "size": [-1, -1, -1], "pivot": [5, 2.5, 16.75], "rotation": [90, 0, 0], "uv": [11, 21]},
						{"origin": [5.5, 2, 16.245], "size": [-1, -1, -1], "pivot": [5, 1.5, 15.75], "rotation": [90, 0, 0], "uv": [11, 21]},
						{"origin": [5.5, 8, 8.25], "size": [-1, -1, -1], "uv": [7, 24]},
						{"origin": [5.5, 4, 8.245], "size": [-1, -1, -1], "uv": [11, 25]},
						{"origin": [5.5, 2, 11.25], "size": [-1, -1, -2], "uv": [9, 29]},
						{"origin": [4.5, 6, 17.15], "size": [1, 1, 2], "inflate": -0.01, "pivot": [5.5, 6, 18.15], "rotation": [7.5, 0, 0], "uv": [50, 46]}
					]
				},
				{
					"name": "spear_right4",
					"parent": "torso4",
					"pivot": [-4.5, 7.25, 10.75],
					"rotation": [25, 0, 0],
					"cubes": [
						{"origin": [-5.5, 4.75, 7.75], "size": [1, 1, 6], "pivot": [-5, 5.25, 10.25], "rotation": [90, 0, 0], "uv": [24, 32]},
						{"origin": [-5, 8.25, 8.25], "size": [0, 5, 4], "uv": [12, 35]}
					]
				},
				{
					"name": "leg_left4",
					"parent": "body4",
					"pivot": [2, 2.5, 12.5],
					"cubes": [
						{"origin": [0.5, 0, 11], "size": [3, 3, 3], "uv": [38, 24]}
					]
				},
				{
					"name": "leg_right4",
					"parent": "body4",
					"pivot": [-2, 2.5, 12.5],
					"cubes": [
						{"origin": [-3.5, 0, 11], "size": [3, 3, 3], "uv": [38, 17]}
					]
				},
				{
					"name": "body5",
					"parent": "falinks",
					"pivot": [0, 5.5, 25.5]
				},
				{
					"name": "torso5",
					"parent": "body5",
					"pivot": [0, 2.5, 25],
					"cubes": [
						{"origin": [-4, 2, 21], "size": [8, 8, 8], "uv": [37, 0]}
					]
				},
				{
					"name": "hat5",
					"parent": "torso5",
					"pivot": [0, 11.75, 25],
					"cubes": [
						{"origin": [-6, 9.75, 19], "size": [12, 3, 12], "uv": [0, 54]},
						{"origin": [-5, 12.65, 20], "size": [10, 2, 10], "uv": [2, 69]}
					]
				},
				{
					"name": "eye_left5",
					"parent": "torso5",
					"pivot": [2, 6, 21.4875],
					"cubes": [
						{"origin": [1, 4.5, 20.99], "size": [2, 3, 1], "uv": [59, 18]},
						{"origin": [1.5, 5, 20.985], "size": [1, 2, 1], "uv": [67, 21]}
					]
				},
				{
					"name": "eyelid_left5",
					"parent": "eye_left5",
					"pivot": [2, 6, 21.59],
					"cubes": [
						{"origin": [1, 4.5, 21.09], "size": [2, 3, 1], "inflate": 0.01, "uv": [59, 23]}
					]
				},
				{
					"name": "eye_right5",
					"parent": "torso5",
					"pivot": [-2, 6, 21.4875],
					"cubes": [
						{"origin": [-3, 4.5, 20.99], "size": [2, 3, 1], "uv": [52, 18]},
						{"origin": [-2.5, 5, 20.985], "size": [1, 2, 1], "uv": [67, 21]}
					]
				},
				{
					"name": "eyelid_right5",
					"parent": "eye_right5",
					"pivot": [-2, 6, 21.59],
					"cubes": [
						{"origin": [-3, 4.5, 21.09], "size": [2, 3, 1], "inflate": 0.01, "uv": [52, 23]}
					]
				},
				{
					"name": "shield_left5",
					"parent": "torso5",
					"pivot": [4.75, 6, 25.25],
					"cubes": [
						{"origin": [4.5, 6, 29.65], "size": [1, 1, 2], "inflate": -0.01, "pivot": [5.5, 6, 30.65], "rotation": [7.5, 0, 0], "uv": [50, 46]},
						{"origin": [4.5, 1, 19.75], "size": [1, 9, 10], "uv": [46, 39]},
						{"origin": [5.5, 10, 24.75], "size": [-1, -1, -1], "uv": [3, 21]},
						{"origin": [5.5, 10, 28.75], "size": [-1, -1, -1], "uv": [4, 33]},
						{"origin": [5.5, 9, 29.75], "size": [-1, -1, -1], "uv": [4, 33]},
						{"origin": [5.5, 9, 23.75], "size": [-1, -1, -1], "uv": [3, 25]},
						{"origin": [5.5, 8, 22.75], "size": [-1, -1, -1], "uv": [3, 29]},
						{"origin": [5.5, 7, 21.75], "size": [-1, -1, -1], "uv": [7, 21]},
						{"origin": [5.5, 3, 21.745], "size": [-1, -1, -1], "uv": [11, 21]},
						{"origin": [5.5, 3, 29.745], "size": [-1, -1, -1], "pivot": [5, 2.5, 29.25], "rotation": [90, 0, 0], "uv": [11, 21]},
						{"origin": [5.5, 2, 28.745], "size": [-1, -1, -1], "pivot": [5, 1.5, 28.25], "rotation": [90, 0, 0], "uv": [11, 21]},
						{"origin": [5.5, 8, 20.75], "size": [-1, -1, -1], "uv": [7, 24]},
						{"origin": [5.5, 4, 20.745], "size": [-1, -1, -1], "uv": [11, 25]},
						{"origin": [5.5, 2, 23.75], "size": [-1, -1, -2], "uv": [9, 29]}
					]
				},
				{
					"name": "spear_right5",
					"parent": "torso5",
					"pivot": [-4.5, 7.25, 23.25],
					"rotation": [25, 0, 0],
					"cubes": [
						{"origin": [-5.5, 4.75, 20.25], "size": [1, 1, 6], "pivot": [-5, 5.25, 22.75], "rotation": [90, 0, 0], "uv": [24, 32]},
						{"origin": [-5, 8.25, 20.75], "size": [0, 5, 4], "uv": [12, 35]}
					]
				},
				{
					"name": "leg_left5",
					"parent": "body5",
					"pivot": [2, 2.5, 25],
					"cubes": [
						{"origin": [0.5, 0, 23.5], "size": [3, 3, 3], "uv": [38, 24]}
					]
				},
				{
					"name": "leg_right5",
					"parent": "body5",
					"pivot": [-2, 2.5, 25],
					"cubes": [
						{"origin": [-3.5, 0, 23.5], "size": [3, 3, 3], "uv": [38, 17]}
					]
				},
				{
					"name": "body6",
					"parent": "falinks",
					"pivot": [0, 5.5, 38]
				},
				{
					"name": "torso6",
					"parent": "body6",
					"pivot": [0, 2.5, 37.5],
					"cubes": [
						{"origin": [-4, 2, 33.5], "size": [8, 8, 8], "uv": [37, 0]}
					]
				},
				{
					"name": "hat6",
					"parent": "torso6",
					"pivot": [0, 11.75, 37.5],
					"cubes": [
						{"origin": [-6, 9.75, 31.5], "size": [12, 3, 12], "uv": [0, 81]},
						{"origin": [-5, 12.65, 32.5], "size": [10, 2, 10], "uv": [2, 96]}
					]
				},
				{
					"name": "eye_left6",
					"parent": "torso6",
					"pivot": [2, 6, 33.9875],
					"cubes": [
						{"origin": [1, 4.5, 33.49], "size": [2, 3, 1], "uv": [59, 18]},
						{"origin": [1.5, 5, 33.485], "size": [1, 2, 1], "uv": [67, 21]}
					]
				},
				{
					"name": "eyelid_left6",
					"parent": "eye_left6",
					"pivot": [2, 6, 34.09],
					"cubes": [
						{"origin": [1, 4.5, 33.59], "size": [2, 3, 1], "inflate": 0.01, "uv": [59, 23]}
					]
				},
				{
					"name": "eye_right6",
					"parent": "torso6",
					"pivot": [-2, 6, 33.9875],
					"cubes": [
						{"origin": [-3, 4.5, 33.49], "size": [2, 3, 1], "uv": [52, 18]},
						{"origin": [-2.5, 5, 33.485], "size": [1, 2, 1], "uv": [67, 21]}
					]
				},
				{
					"name": "eyelid_right6",
					"parent": "eye_right6",
					"pivot": [-2, 6, 34.09],
					"cubes": [
						{"origin": [-3, 4.5, 33.59], "size": [2, 3, 1], "inflate": 0.01, "uv": [52, 23]}
					]
				},
				{
					"name": "shield_left6",
					"parent": "torso6",
					"pivot": [4.75, 6, 37.5],
					"cubes": [
						{"origin": [4.5, 6, 42.15], "size": [1, 1, 2], "inflate": -0.01, "pivot": [5.5, 6, 43.15], "rotation": [7.5, 0, 0], "uv": [50, 46]},
						{"origin": [4.5, 1, 32.25], "size": [1, 9, 10], "uv": [46, 39]},
						{"origin": [5.5, 10, 37.25], "size": [-1, -1, -1], "uv": [3, 21]},
						{"origin": [5.5, 10, 41.25], "size": [-1, -1, -1], "uv": [4, 33]},
						{"origin": [5.5, 9, 42.25], "size": [-1, -1, -1], "uv": [4, 33]},
						{"origin": [5.5, 9, 36.25], "size": [-1, -1, -1], "uv": [3, 25]},
						{"origin": [5.5, 8, 35.25], "size": [-1, -1, -1], "uv": [3, 29]},
						{"origin": [5.5, 7, 34.25], "size": [-1, -1, -1], "uv": [7, 21]},
						{"origin": [5.5, 3, 34.245], "size": [-1, -1, -1], "uv": [11, 21]},
						{"origin": [5.5, 3, 42.245], "size": [-1, -1, -1], "pivot": [5, 2.5, 41.75], "rotation": [90, 0, 0], "uv": [11, 21]},
						{"origin": [5.5, 2, 41.245], "size": [-1, -1, -1], "pivot": [5, 1.5, 40.75], "rotation": [90, 0, 0], "uv": [11, 21]},
						{"origin": [5.5, 8, 33.25], "size": [-1, -1, -1], "uv": [7, 24]},
						{"origin": [5.5, 4, 33.245], "size": [-1, -1, -1], "uv": [11, 25]},
						{"origin": [5.5, 2, 36.25], "size": [-1, -1, -2], "uv": [9, 29]}
					]
				},
				{
					"name": "spear_right6",
					"parent": "torso6",
					"pivot": [-4.5, 7.25, 35.75],
					"rotation": [25, 0, 0],
					"cubes": [
						{"origin": [-5.5, 4.75, 32.75], "size": [1, 1, 6], "pivot": [-5, 5.25, 35.25], "rotation": [90, 0, 0], "uv": [24, 32]},
						{"origin": [-5, 8.25, 33.25], "size": [0, 5, 4], "uv": [12, 35]}
					]
				},
				{
					"name": "leg_left6",
					"parent": "body6",
					"pivot": [2, 2.5, 37.5],
					"cubes": [
						{"origin": [0.5, 0, 36], "size": [3, 3, 3], "uv": [38, 24]}
					]
				},
				{
					"name": "leg_right6",
					"parent": "body6",
					"pivot": [-2, 2.5, 37.5],
					"cubes": [
						{"origin": [-3.5, 0, 36], "size": [3, 3, 3], "uv": [38, 17]}
					]
				}
			]
		}
	]
}