{
	"format_version": "1.12.0",
	"minecraft:geometry": [
		{
			"description": {
				"identifier": "geometry.blissey",
				"texture_width": 128,
				"texture_height": 128,
				"visible_bounds_width": 4,
				"visible_bounds_height": 3.5,
				"visible_bounds_offset": [0, 1.25, 0]
			},
			"bones": [
				{
					"name": "chansey",
					"pivot": [0, 0, 0]
				},
				{
					"name": "body",
					"parent": "chansey",
					"pivot": [0, 1.5, 0]
				},
				{
					"name": "torso",
					"parent": "body",
					"pivot": [0, 2, 1],
					"cubes": [
						{"origin": [-10, 2, -9.5], "size": [20, 26, 19], "uv": [0, 0]},
						{"origin": [-6, 3, 10], "size": [12, 12, 11], "pivot": [0, 3, 11], "rotation": [22.5, 0, 0], "uv": [0, 45]},
						{"origin": [-0.5, 20, -9.52], "size": [1, 2, 0], "uv": [70, 78]}
					]
				},
				{
					"name": "mouth_open",
					"parent": "torso",
					"pivot": [0, 19.5, -9.4],
					"cubes": [
						{"origin": [-1.5, 19.43, -9.43], "size": [3, 1, 0], "inflate": 0.01, "uv": [34, 75]},
						{"origin": [-2, 20.43, -9.43], "size": [4, 1, 0], "inflate": 0.01, "uv": [26, 75]}
					]
				},
				{
					"name": "left_tendrils",
					"parent": "torso",
					"pivot": [8.75, 27.75, -0.25],
					"rotation": [0, 0, -5]
				},
				{
					"name": "left_tendril_front",
					"parent": "left_tendrils",
					"pivot": [9.25, 28, -5.25],
					"rotation": [0, 12.5, 22.5],
					"cubes": [
						{"origin": [7.5, 22.5, -7.25], "size": [7, 6, 5], "pivot": [9, 26.5, -5.25], "rotation": [0, -55, 0], "uv": [26, 76]}
					]
				},
				{
					"name": "left_tendril_middle",
					"parent": "left_tendrils",
					"pivot": [8.75, 28.5, -0.25],
					"rotation": [0, 0, 20],
					"cubes": [
						{"origin": [5.5, 22, -3.75], "size": [6, 8, 7], "uv": [46, 61]},
						{"origin": [7.75, 14.5, -1.25], "size": [7, 2, 6], "pivot": [18.75, 14.5, -0.25], "rotation": [0, -10, 45], "uv": [46, 53]}
					]
				},
				{
					"name": "left_bottom_ear",
					"parent": "left_tendril_middle",
					"pivot": [18.75, 14.5, -0.25],
					"cubes": [
						{"origin": [12.15, 8.2, -0.75], "size": [9, 2, 8], "pivot": [25.15, 8.2, 0.25], "rotation": [0, -10, 45], "uv": [84, 99]}
					]
				},
				{
					"name": "left_tendril_back",
					"parent": "left_tendrils",
					"pivot": [9.25, 28, 4.75],
					"rotation": [0, -12.5, 22.5],
					"cubes": [
						{"origin": [7.5, 22.5, 1.75], "size": [7, 6, 5], "pivot": [9, 26.5, 4.75], "rotation": [0, 55, 0], "uv": [78, 0]}
					]
				},
				{
					"name": "right_tendrils",
					"parent": "torso",
					"pivot": [-8.5, 27.25, -0.25],
					"rotation": [0, 0, 5]
				},
				{
					"name": "right_tendril_front",
					"parent": "right_tendrils",
					"pivot": [-9, 27.5, -5.25],
					"rotation": [0, -12.5, -22.5],
					"cubes": [
						{"origin": [-14.5, 22.5, -7.25], "size": [7, 6, 5], "pivot": [-9, 26.5, -5.25], "rotation": [0, 55, 0], "uv": [78, 11]}
					]
				},
				{
					"name": "right_tendril_middle",
					"parent": "right_tendrils",
					"pivot": [-8.5, 28, -0.25],
					"rotation": [0, 0, -20],
					"cubes": [
						{"origin": [-11.5, 22, -3.75], "size": [6, 8, 7], "uv": [0, 68]},
						{"origin": [-18.5, 19, -3.25], "size": [7, 2, 6], "pivot": [-14.5, 21, -0.25], "rotation": [0, 10, -45], "uv": [56, 45]}
					]
				},
				{
					"name": "ear_bottom",
					"parent": "right_tendril_middle",
					"pivot": [-8.5, 26, -0.25],
					"cubes": [
						{"origin": [-25.5, 14, -3.025], "size": [9, 2, 8], "pivot": [-19.5, 16, -0.025], "rotation": [0, 10, -45], "uv": [84, 110]}
					]
				},
				{
					"name": "right_tendril_back",
					"parent": "right_tendrils",
					"pivot": [-9, 27.5, 4.75],
					"rotation": [0, 12.5, -22.5],
					"cubes": [
						{"origin": [-14.5, 22.5, 1.75], "size": [7, 6, 5], "pivot": [-9, 26.5, 4.75], "rotation": [0, -55, 0], "uv": [78, 22]}
					]
				},
				{
					"name": "eyes",
					"parent": "torso",
					"pivot": [0, 20.5, -2]
				},
				{
					"name": "left_eye",
					"parent": "eyes",
					"pivot": [2.25, 24.5, -9.5],
					"cubes": [
						{"origin": [1.75, 23.5, -9.5], "size": [1, 2, 0], "inflate": 0.01, "uv": [68, 76]}
					]
				},
				{
					"name": "right_eye",
					"parent": "eyes",
					"pivot": [-2.25, 24.5, -9.5],
					"cubes": [
						{"origin": [-2.75, 23.5, -9.5], "size": [1, 2, 0], "inflate": 0.01, "uv": [70, 76]}
					]
				},
				{
					"name": "eyes_closed",
					"parent": "eyes",
					"pivot": [0, 20.5, -1.9]
				},
				{
					"name": "left_eyelid",
					"parent": "eyes_closed",
					"pivot": [2.25, 24.5, -9.4],
					"cubes": [
						{"origin": [1.75, 23.5, -9.4], "size": [1, 2, 0], "inflate": 0.02, "uv": [78, 43]}
					]
				},
				{
					"name": "right_eyelid",
					"parent": "eyes_closed",
					"pivot": [-2.25, 24.5, -9.4],
					"cubes": [
						{"origin": [-2.75, 23.5, -9.4], "size": [1, 2, 0], "inflate": 0.02, "uv": [68, 78]}
					]
				},
				{
					"name": "pouch",
					"parent": "torso",
					"pivot": [0, 10.5, -10.5],
					"cubes": [
						{"origin": [-4, 5.5, -14.5], "size": [8, 5, 6], "uv": [72, 74]}
					]
				},
				{
					"name": "right_frills",
					"parent": "torso",
					"pivot": [-8, 11.5, 9],
					"rotation": [90, 30, 7.5]
				},
				{
					"name": "right_frill1",
					"parent": "right_frills",
					"pivot": [-7, 12, 2],
					"rotation": [5, -35, -45],
					"cubes": [
						{"origin": [-13, 10, 0.5], "size": [7, 0, 4], "pivot": [-7, 10, 2], "rotation": [35, 0, 0], "uv": [0, 90]}
					]
				},
				{
					"name": "right_frill2",
					"parent": "right_frills",
					"pivot": [-8, 11.5, 6.5],
					"rotation": [2.5, -7.5, -45],
					"cubes": [
						{"origin": [-16, 11.5, 4], "size": [9, 0, 5], "uv": [78, 33]}
					]
				},
				{
					"name": "right_frill3",
					"parent": "right_frills",
					"pivot": [-8, 11.5, 11.5],
					"rotation": [-2.5, 7.5, -45],
					"cubes": [
						{"origin": [-16, 11.5, 9], "size": [9, 0, 5], "uv": [78, 38]}
					]
				},
				{
					"name": "right_frill4",
					"parent": "right_frills",
					"pivot": [-7.5, 11.5, 16.5],
					"rotation": [-5, 30, -45],
					"cubes": [
						{"origin": [-13.5, 9.5, 14], "size": [7, 0, 4], "pivot": [-7.5, 9.5, 16.5], "rotation": [-35, 0, 0], "uv": [42, 90]}
					]
				},
				{
					"name": "left_frills",
					"parent": "torso",
					"pivot": [8, 11.5, 9],
					"rotation": [90, -30, -7.5]
				},
				{
					"name": "left_frill1",
					"parent": "left_frills",
					"pivot": [7, 12, 2],
					"rotation": [5, 35, 45],
					"cubes": [
						{"origin": [6, 10, 0.5], "size": [7, 0, 4], "pivot": [7, 10, 2], "rotation": [35, 0, 0], "uv": [64, 90]}
					]
				},
				{
					"name": "left_frill2",
					"parent": "left_frills",
					"pivot": [8, 11.5, 6.5],
					"rotation": [2.5, 7.5, 45],
					"cubes": [
						{"origin": [7, 11.5, 4], "size": [9, 0, 5], "uv": [50, 85]}
					]
				},
				{
					"name": "left_frill3",
					"parent": "left_frills",
					"pivot": [8, 11.5, 11.5],
					"rotation": [-2.5, -7.5, 45],
					"cubes": [
						{"origin": [7, 11.5, 9], "size": [9, 0, 5], "uv": [78, 85]}
					]
				},
				{
					"name": "left_frill4",
					"parent": "left_frills",
					"pivot": [7.5, 11.5, 16.5],
					"rotation": [-5, -30, 45],
					"cubes": [
						{"origin": [6.5, 9.5, 14], "size": [7, 0, 4], "pivot": [7.5, 9.5, 16.5], "rotation": [-35, 0, 0], "uv": [86, 90]}
					]
				},
				{
					"name": "left_arm",
					"parent": "torso",
					"pivot": [7.5, 15.5, -9.5],
					"cubes": [
						{"origin": [6, 14, -14.5], "size": [3, 3, 6], "inflate": 0.01, "pivot": [8, 16, -9.5], "rotation": [35, 0, 0], "uv": [50, 76]}
					]
				},
				{
					"name": "left_arm_frills",
					"parent": "left_arm",
					"pivot": [7.5, 15.5, -9],
					"cubes": [
						{"origin": [1, 4.5, -9], "size": [8, 7, 0], "pivot": [2.5, 6.5, -8], "rotation": [0, 15, 72.5], "uv": [0, 94]}
					]
				},
				{
					"name": "right_arm",
					"parent": "torso",
					"pivot": [-7.5, 15.5, -9.5],
					"cubes": [
						{"origin": [-9, 14, -14.5], "size": [3, 3, 6], "inflate": 0.01, "pivot": [-8, 16, -9.5], "rotation": [35, 0, 0], "uv": [24, 87]}
					]
				},
				{
					"name": "right_arm_frills",
					"parent": "right_arm",
					"pivot": [-7.5, 15.5, -9],
					"cubes": [
						{"origin": [-9, 4.5, -9], "size": [8, 7, 0], "pivot": [-2.5, 6.5, -8], "rotation": [0, -17.5, -72.5], "uv": [42, 94]}
					]
				},
				{
					"name": "left_foot",
					"parent": "body",
					"pivot": [4, 2, 0.5],
					"rotation": [0, -17.5, 0],
					"cubes": [
						{"origin": [2, 0, -2.5], "size": [4, 2, 5], "uv": [92, 43]}
					]
				},
				{
					"name": "left_toes",
					"parent": "left_foot",
					"pivot": [4, 0, -2.5],
					"cubes": [
						{"origin": [2, 0, -4.5], "size": [4, 2, 2], "inflate": 0.01, "uv": [92, 57]}
					]
				},
				{
					"name": "right_foot",
					"parent": "body",
					"pivot": [-4, 2, 0.5],
					"rotation": [0, 17.5, 0],
					"cubes": [
						{"origin": [-6, 0, -2.5], "size": [4, 2, 5], "uv": [92, 50]}
					]
				},
				{
					"name": "right_toes",
					"parent": "right_foot",
					"pivot": [-4, 0, -2.5],
					"cubes": [
						{"origin": [-6, 0, -4.5], "size": [4, 2, 2], "inflate": 0.01, "uv": [58, 94]}
					]
				},
				{
					"name": "egg_body",
					"parent": "chansey",
					"pivot": [0, 1.5, 0],
					"rotation": [0, 0, 0]
				},
				{
					"name": "egg_torso",
					"parent": "egg_body",
					"pivot": [0, 2, 0]
				},
				{
					"name": "egg_pouch",
					"parent": "egg_torso",
					"pivot": [0, 10.5, -10.5]
				},
				{
					"name": "egg",
					"parent": "egg_pouch",
					"pivot": [0, 11.5, -10.5],
					"cubes": [
						{"origin": [-3.5, 7.5, -14], "size": [7, 6, 7], "uv": [72, 61]},
						{"origin": [-3, 6.5, -13.5], "size": [6, 1, 6], "uv": [0, 83]},
						{"origin": [-2.5, 13, -13], "size": [5, 2, 5], "uv": [26, 68]}
					]
				}
			]
		}
	]
}