{
	"format_version": "1.12.0",
	"minecraft:geometry": [
		{
			"description": {
				"identifier": "geometry.chansey",
				"texture_width": 128,
				"texture_height": 128,
				"visible_bounds_width": 4,
				"visible_bounds_height": 2.5,
				"visible_bounds_offset": [0, 0.75, 0]
			},
			"bones": [
				{
					"name": "chansey",
					"pivot": [0, 0, 0]
				},
				{
					"name": "body",
					"parent": "chansey",
					"pivot": [0, 1.5, 0]
				},
				{
					"name": "torso",
					"parent": "body",
					"pivot": [0, 2, 1],
					"cubes": [
						{"origin": [-9, 2, -8.5], "size": [18, 13, 17], "uv": [0, 0]}
					]
				},
				{
					"name": "head",
					"parent": "torso",
					"pivot": [0, 15, 0],
					"cubes": [
						{"origin": [-1, 17, -7.6], "size": [2, 1, 0], "uv": [76, 29]},
						{"origin": [-7.5, 13, -7.5], "size": [15, 9, 15], "uv": [0, 30]}
					]
				},
				{
					"name": "mouth_open",
					"parent": "head",
					"pivot": [0, 15, -7.4],
					"cubes": [
						{"origin": [-2, 15.75, -7.4], "size": [4, 1, 0], "inflate": 0.01, "uv": [70, 28]}
					]
				},
				{
					"name": "left_tendrils",
					"parent": "head",
					"pivot": [7.5, 17.25, -1.5],
					"rotation": [7.5, 0, 0]
				},
				{
					"name": "left_tendril_front",
					"parent": "left_tendrils",
					"pivot": [7.5, 18.25, -3.5],
					"rotation": [2.5, 15, 45],
					"cubes": [
						{"origin": [3.5, 16.25, -4.5], "size": [8, 2, 10], "uv": [60, 30]}
					]
				},
				{
					"name": "left_tendril_front2",
					"parent": "left_tendril_front",
					"pivot": [11.5, 16.25, -3.5],
					"rotation": [0, 0, -12.5],
					"cubes": [
						{"origin": [9.5, 16.25, -5], "size": [9, 2, 11], "uv": [0, 54]}
					]
				},
				{
					"name": "left_tendril_middle",
					"parent": "left_tendrils",
					"pivot": [7.75, 18.15, -1.5],
					"rotation": [0, 0, 40]
				},
				{
					"name": "left_tendril_middle2",
					"parent": "left_tendril_middle",
					"pivot": [11.75, 16.15, -1.5],
					"rotation": [0, 0, -12.5]
				},
				{
					"name": "left_tendril_back",
					"parent": "left_tendrils",
					"pivot": [7.5, 18.25, 0.5],
					"rotation": [-2.5, -15, 35]
				},
				{
					"name": "left_tendril_back2",
					"parent": "left_tendril_back",
					"pivot": [11.5, 16.25, 0.5],
					"rotation": [0, 0, -12.5]
				},
				{
					"name": "right_tendrils",
					"parent": "head",
					"pivot": [-7.5, 17.25, -1.5],
					"rotation": [7.5, 0, 0]
				},
				{
					"name": "right_tendril_front",
					"parent": "right_tendrils",
					"pivot": [-7.5, 18.25, -3.5],
					"rotation": [2.5, -15, -45],
					"cubes": [
						{"origin": [-11.5, 16.25, -4.5], "size": [8, 2, 10], "uv": [60, 42]}
					]
				},
				{
					"name": "right_tendril_front2",
					"parent": "right_tendril_front",
					"pivot": [-11.5, 16.25, -3.5],
					"rotation": [0, 0, 12.5],
					"cubes": [
						{"origin": [-18.5, 16.25, -5], "size": [9, 2, 11], "uv": [40, 54]}
					]
				},
				{
					"name": "right_tendril_middle",
					"parent": "right_tendrils",
					"pivot": [-7.75, 18.15, -1.5],
					"rotation": [0, 0, -40]
				},
				{
					"name": "right_tendril_middle2",
					"parent": "right_tendril_middle",
					"pivot": [-11.75, 16.15, -1.5],
					"rotation": [0, 0, 12.5]
				},
				{
					"name": "right_tendril_back",
					"parent": "right_tendrils",
					"pivot": [-7.5, 18.25, 0.5],
					"rotation": [-2.5, 15, -35]
				},
				{
					"name": "right_tendril_back2",
					"parent": "right_tendril_back",
					"pivot": [-11.5, 16.25, 0.5],
					"rotation": [0, 0, 12.5]
				},
				{
					"name": "eyes",
					"parent": "head",
					"pivot": [0, 15, 0]
				},
				{
					"name": "left_eye",
					"parent": "eyes",
					"pivot": [2.25, 19, -7.5],
					"cubes": [
						{"origin": [1.75, 18, -7.5], "size": [1, 2, 0], "inflate": 0.01, "uv": [24, 80]}
					]
				},
				{
					"name": "right_eye",
					"parent": "eyes",
					"pivot": [-2.25, 19, -7.5],
					"cubes": [
						{"origin": [-2.75, 18, -7.5], "size": [1, 2, 0], "inflate": 0.01, "uv": [26, 80]}
					]
				},
				{
					"name": "eyes_closed",
					"parent": "eyes",
					"pivot": [0, 15, 0.1]
				},
				{
					"name": "left_eyelid",
					"parent": "eyes_closed",
					"pivot": [2.25, 19, -7.4],
					"cubes": [
						{"origin": [1.75, 18, -7.4], "size": [1, 2, 0], "inflate": 0.02, "uv": [28, 80]}
					]
				},
				{
					"name": "right_eyelid",
					"parent": "eyes_closed",
					"pivot": [-2.25, 19, -7.4],
					"cubes": [
						{"origin": [-2.75, 18, -7.4], "size": [1, 2, 0], "inflate": 0.02, "uv": [80, 28]}
					]
				},
				{
					"name": "tail1",
					"parent": "torso",
					"pivot": [0, 5, 8.5],
					"rotation": [20, 0, 0],
					"cubes": [
						{"origin": [-3, 6, 6.5], "size": [6, 6, 7], "pivot": [0, 7, 7.5], "rotation": [-47.5, 0, 0], "uv": [28, 67]}
					]
				},
				{
					"name": "tail2",
					"parent": "tail1",
					"pivot": [0, 5, 14.5],
					"rotation": [20, 0, 0]
				},
				{
					"name": "left_arm",
					"parent": "torso",
					"pivot": [5, 12.5, -8],
					"cubes": [
						{"origin": [3.5, 11, -12], "size": [3, 3, 5], "pivot": [5.5, 13, -8], "rotation": [22.5, 0, 0], "uv": [54, 78]}
					]
				},
				{
					"name": "right_arm",
					"parent": "torso",
					"pivot": [-5, 12.5, -8],
					"cubes": [
						{"origin": [-6.5, 11, -12], "size": [3, 3, 5], "pivot": [-5.5, 13, -8], "rotation": [22.5, 0, 0], "uv": [70, 78]}
					]
				},
				{
					"name": "pouch",
					"parent": "torso",
					"pivot": [0, 8, -9.5],
					"cubes": [
						{"origin": [-4, 3, -13.5], "size": [8, 5, 6], "uv": [54, 67]}
					]
				},
				{
					"name": "left_foot",
					"parent": "body",
					"pivot": [5, 2, 0.5],
					"rotation": [0, -17.5, 0],
					"cubes": [
						{"origin": [3, 0, -2.5], "size": [4, 2, 5], "uv": [70, 14]}
					]
				},
				{
					"name": "left_toes",
					"parent": "left_foot",
					"pivot": [5, 0, -2.5],
					"cubes": [
						{"origin": [3, 0, -4.5], "size": [4, 2, 2], "inflate": 0.01, "uv": [0, 80]}
					]
				},
				{
					"name": "right_foot",
					"parent": "body",
					"pivot": [-5, 2, 0.5],
					"rotation": [0, 17.5, 0],
					"cubes": [
						{"origin": [-7, 0, -2.5], "size": [4, 2, 5], "uv": [70, 21]}
					]
				},
				{
					"name": "right_toes",
					"parent": "right_foot",
					"pivot": [-5, 0, -2.5],
					"cubes": [
						{"origin": [-7, 0, -4.5], "size": [4, 2, 2], "inflate": 0.01, "uv": [12, 80]}
					]
				},
				{
					"name": "egg_body",
					"parent": "chansey",
					"pivot": [0, 1.5, 0]
				},
				{
					"name": "egg_torso",
					"parent": "egg_body",
					"pivot": [0, 2, 0]
				},
				{
					"name": "egg_pouch",
					"parent": "egg_torso",
					"pivot": [0, 8, -9.5]
				},
				{
					"name": "egg",
					"parent": "egg_pouch",
					"pivot": [0, 10, -9.5],
					"cubes": [
						{"origin": [-3.5, 6, -13], "size": [7, 6, 7], "uv": [0, 67]},
						{"origin": [-3, 5, -12.5], "size": [6, 1, 6], "uv": [70, 0]},
						{"origin": [-2.5, 11.5, -12], "size": [5, 2, 5], "uv": [70, 7]}
					]
				}
			]
		}
	]
}