{
	"format_version": "1.12.0",
	"minecraft:geometry": [
		{
			"description": {
				"identifier": "geometry.happiny",
				"texture_width": 64,
				"texture_height": 64,
				"visible_bounds_width": 3,
				"visible_bounds_height": 2.5,
				"visible_bounds_offset": [0, 0.75, 0]
			},
			"bones": [
				{
					"name": "hoppiny",
					"pivot": [0, 0, 0]
				},
				{
					"name": "body",
					"parent": "hoppiny",
					"pivot": [0, 0, 0]
				},
				{
					"name": "torso",
					"parent": "body",
					"pivot": [0, 1, 0],
					"cubes": [
						{"origin": [-5, 1, -5], "size": [10, 5, 10], "uv": [0, 0]},
						{"origin": [-1, 3, 5], "size": [2, 2, 2], "uv": [34, 38]}
					]
				},
				{
					"name": "head",
					"parent": "torso",
					"pivot": [0, 7, 0],
					"cubes": [
						{"origin": [-4.5, 5, -3.5], "size": [9, 8, 8], "uv": [0, 15]}
					]
				},
				{
					"name": "eyes",
					"parent": "head",
					"pivot": [0, 7.5, -3.5]
				},
				{
					"name": "left_eye",
					"parent": "eyes",
					"pivot": [1.75, 9.5, -3.5],
					"cubes": [
						{"origin": [1.25, 9.5, -3.5], "size": [1, 2, 0], "inflate": 0.01, "uv": [40, 2]}
					]
				},
				{
					"name": "right_eye",
					"parent": "eyes",
					"pivot": [-1.75, 9.5, -3.5],
					"cubes": [
						{"origin": [-2.25, 9.5, -3.5], "size": [1, 2, 0], "inflate": 0.01, "uv": [40, 4]}
					]
				},
				{
					"name": "eyes_closed",
					"parent": "eyes",
					"pivot": [0, 7.5, -3.4]
				},
				{
					"name": "left_eyelid",
					"parent": "eyes_closed",
					"pivot": [1.75, 9.5, -3.4],
					"cubes": [
						{"origin": [1.25, 9.5, -3.4], "size": [1, 2, 0], "inflate": 0.02, "uv": [40, 6]}
					]
				},
				{
					"name": "right_eyelid",
					"parent": "eyes_closed",
					"pivot": [-1.75, 9.5, -3.4],
					"cubes": [
						{"origin": [-2.25, 9.5, -3.4], "size": [1, 2, 0], "inflate": 0.02, "uv": [40, 8]}
					]
				},
				{
					"name": "mouth",
					"parent": "head",
					"pivot": [0, 7.25, -3.5],
					"cubes": [
						{"origin": [-1, 8.75, -3.5], "size": [2, 1, 0], "inflate": 0.01, "uv": [40, 0]},
						{"origin": [-0.5, 9.25, -3.5], "size": [1, 1, 0], "inflate": 0.02, "uv": [40, 10]}
					]
				},
				{
					"name": "mouth_open",
					"parent": "head",
					"pivot": [0, 7.25, -3.4],
					"cubes": [
						{"origin": [-1, 8.75, -3.4], "size": [2, 1, 0], "inflate": 0.01, "uv": [40, 1]},
						{"origin": [-0.5, 7.75, -3.4], "size": [1, 1, 0], "inflate": 0.01, "uv": [40, 11]}
					]
				},
				{
					"name": "bangs",
					"parent": "head",
					"pivot": [0, 12.5, -3],
					"rotation": [45, 0, 0],
					"cubes": [
						{"origin": [-4, 12.20711, -13], "size": [8, 2, 2], "pivot": [-0.5, 6.20711, -8], "rotation": [-67.5, 0, 0], "uv": [14, 31]}
					]
				},
				{
					"name": "left_arm",
					"parent": "head",
					"pivot": [3.5, 7.5, -3.25],
					"cubes": [
						{"origin": [2.5, 6.5, -5.75], "size": [2, 2, 3], "inflate": 0.01, "pivot": [3.5, 7.5, -3.25], "rotation": [20, 0, 0], "uv": [14, 35]}
					]
				},
				{
					"name": "right_arm",
					"parent": "head",
					"pivot": [-3.5, 7.5, -3.25],
					"cubes": [
						{"origin": [-4.5, 6.5, -5.75], "size": [2, 2, 3], "inflate": 0.01, "pivot": [-3.5, 7.5, -3.25], "rotation": [20, 0, 0], "uv": [24, 35]}
					]
				},
				{
					"name": "hairband",
					"parent": "head",
					"pivot": [0, 12.75, 1],
					"rotation": [-10, 0, 0],
					"cubes": [
						{"origin": [-1.5, 12.75, -0.5], "size": [3, 2, 3], "uv": [34, 33]}
					]
				},
				{
					"name": "ears",
					"parent": "hairband",
					"pivot": [0, 14.75, 1],
					"rotation": [-15, 0, 0],
					"cubes": [
						{"origin": [-1, 12.75, -1], "size": [0, 9, 7], "pivot": [-1, 14.75, 1], "rotation": [167.5, -82.5, 180], "uv": [0, 31]},
						{"origin": [1, 12.75, -1], "size": [0, 9, 7], "pivot": [1, 14.75, 1], "rotation": [167.5, 82.5, -180], "uv": [0, 31], "mirror": true}
					]
				},
				{
					"name": "left_foot",
					"parent": "body",
					"pivot": [2, 1, 0.5],
					"rotation": [0, -15, 0],
					"cubes": [
						{"origin": [0.5, 0, -3], "size": [3, 1, 5], "uv": [34, 15]}
					]
				},
				{
					"name": "right_foot",
					"parent": "body",
					"pivot": [-2, 1, 0.5],
					"rotation": [0, 15, 0],
					"cubes": [
						{"origin": [-3.5, 0, -3], "size": [3, 1, 5], "uv": [34, 21]}
					]
				},
				{
					"name": "stone_body",
					"parent": "hoppiny",
					"pivot": [0, 0, 0]
				},
				{
					"name": "egg_torso",
					"parent": "stone_body",
					"pivot": [0, 1, 0]
				},
				{
					"name": "egg",
					"parent": "egg_torso",
					"pivot": [0, 5.5, -3.5],
					"cubes": [
						{"origin": [-2, 4.5, -4.5], "size": [4, 4, 2], "uv": [34, 27]}
					]
				}
			]
		}
	]
}