{
	"format_version": "1.12.0",
	"minecraft:geometry": [
		{
			"description": {
				"identifier": "geometry.mareep",
				"texture_width": 64,
				"texture_height": 64,
				"visible_bounds_width": 4,
				"visible_bounds_height": 2.5,
				"visible_bounds_offset": [0, 0.75, 0]
			},
			"bones": [
				{
					"name": "mareep",
					"pivot": [0, -0.4, 0]
				},
				{
					"name": "body",
					"parent": "mareep",
					"pivot": [0, -0.4, 0]
				},
				{
					"name": "torso",
					"parent": "body",
					"pivot": [0, 8.1, -1],
					"cubes": [
						{"origin": [-3, 5.1, -5.5], "size": [6, 7, 11], "uv": [0, 15]}
					]
				},
				{
					"name": "wool",
					"parent": "torso",
					"pivot": [0, 8.1, 0.5],
					"cubes": [
						{"origin": [-1.5, 3.85, -7.75], "size": [3, 3, 3], "uv": [23, 12]},
						{"origin": [-1.5, 6.85, -7.75], "size": [3, 0, 3], "uv": [45, 49]},
						{"origin": [-1.5, 3.85, -3.75], "size": [3, 3, 3], "inflate": 0.01, "uv": [23, 12]},
						{"origin": [-1.5, 3.85, -7.75], "size": [3, 3, 3], "inflate": 0.02, "uv": [47, 37]},
						{"origin": [-5.5, 2.6, -6], "size": [11, 11, 13], "inflate": 0.02, "uv": [0, 33]}
					]
				},
				{
					"name": "neck",
					"parent": "torso",
					"pivot": [0, 9.35, -4.75],
					"cubes": [
						{"origin": [-1.5, 8.35, -6.75], "size": [3, 4, 3], "uv": [35, 37]}
					]
				},
				{
					"name": "head",
					"parent": "neck",
					"pivot": [0, 10.35, -7.75]
				},
				{
					"name": "head_rotation",
					"parent": "head",
					"pivot": [0, 12.35, -7.75],
					"rotation": [50, 0, 0],
					"cubes": [
						{"origin": [-2, 9.35, -13.25], "size": [4, 3, 6], "inflate": 0.01, "uv": [0, 0]},
						{"origin": [-2, 9.35, -13.25], "size": [4, 2, 6], "pivot": [0, 9.35, -13.25], "rotation": [-15, 0, 0], "uv": [40, 22]}
					]
				},
				{
					"name": "eyes",
					"parent": "head_rotation",
					"pivot": [0, 7.85, -9.75]
				},
				{
					"name": "eye_left",
					"parent": "eyes",
					"pivot": [2.01, 10.6, -10.5],
					"rotation": [-30, 0, 0],
					"cubes": [
						{"origin": [1.82, 10.6, -11.25], "size": [0, 1, 1], "inflate": 0.25, "uv": [3, 37]}
					]
				},
				{
					"name": "pupil_left",
					"parent": "eye_left",
					"pivot": [2.03, 11.35, -11],
					"cubes": [
						{"origin": [2.08, 10.85, -11.5], "size": [0, 1, 1], "uv": [6, 37]}
					]
				},
				{
					"name": "eyelid_left",
					"parent": "eye_left",
					"pivot": [0.74, 11.1, -10.75],
					"cubes": [
						{"origin": [0.94, 10.6, -11.25], "size": [0, 1, 1], "inflate": 0.25, "uv": [4, -1]}
					]
				},
				{
					"name": "eye_right",
					"parent": "eyes",
					"pivot": [-2.01, 10.6, -10.6],
					"rotation": [-30, 0, 0],
					"cubes": [
						{"origin": [-1.77, 10.70801, -11.36651], "size": [0, 1, 1], "inflate": 0.25, "uv": [3, 37], "mirror": true}
					]
				},
				{
					"name": "pupil_right",
					"parent": "eye_right",
					"pivot": [-2.03, 11.45801, -11.11651],
					"cubes": [
						{"origin": [-2.08, 10.95801, -11.61651], "size": [0, 1, 1], "uv": [5, 37], "mirror": true}
					]
				},
				{
					"name": "eyelid_right",
					"parent": "eye_right",
					"pivot": [-3.19, 11.20801, -10.86651],
					"cubes": [
						{"origin": [-0.89, 10.70801, -11.36651], "size": [0, 1, 1], "inflate": 0.25, "uv": [4, 0], "mirror": true}
					]
				},
				{
					"name": "mouth",
					"parent": "head_rotation",
					"pivot": [0, 8.85, -12.41],
					"cubes": [
						{"origin": [-1, 9.44, -11.75], "size": [2, 0, 1], "pivot": [0, 9.35, -13.25], "rotation": [-15, 0, 0], "uv": [-1, 2]}
					]
				},
				{
					"name": "head_wool",
					"parent": "head_rotation",
					"pivot": [0, 12.35, -10.25],
					"rotation": [-30, 0, 0],
					"cubes": [
						{"origin": [-2, 12.85, -10.25], "size": [4, 3, 4], "inflate": 0.01, "uv": [38, 30]}
					]
				},
				{
					"name": "head_horn_left",
					"parent": "head_rotation",
					"pivot": [1.5, 10.85, -7.75],
					"rotation": [-5, 0, 0],
					"cubes": [
						{"origin": [1.5, 9.70124, -9.47717], "size": [2, 2, 3], "pivot": [0, 11.35, -7.75], "rotation": [-55, 0, 0], "uv": [0, 9]},
						{"origin": [2.5, 10.20124, -8.97717], "size": [2, 1, 2], "pivot": [0, 11.35, -7.75], "rotation": [-55, 0, 0], "uv": [0, 15]}
					]
				},
				{
					"name": "head_horn_right",
					"parent": "head_rotation",
					"pivot": [-1.5, 10.85, -7.75],
					"rotation": [-5, 0, 0],
					"cubes": [
						{"origin": [-3.5, 9.70124, -9.47717], "size": [2, 2, 3], "pivot": [0, 11.35, -7.75], "rotation": [-55, 0, 0], "uv": [10, 9], "mirror": true},
						{"origin": [-4.5, 10.20124, -8.97717], "size": [2, 1, 2], "pivot": [0, 11.35, -7.75], "rotation": [-55, 0, 0], "uv": [0, 19], "mirror": true}
					]
				},
				{
					"name": "legs",
					"parent": "body",
					"pivot": [0, 9.6, -1]
				},
				{
					"name": "leg_front_left",
					"parent": "legs",
					"pivot": [2.25, 8.1, -3.75],
					"cubes": [
						{"origin": [0.75, 4.6, -4.25], "size": [3, 5, 3], "uv": [36, 0]}
					]
				},
				{
					"name": "leg_front_left2",
					"parent": "leg_front_left",
					"pivot": [2.25, 4.6, -4.5],
					"cubes": [
						{"origin": [1.25, 0.85, -3.5], "size": [2, 4, 2], "uv": [33, 16]}
					]
				},
				{
					"name": "leg_front_left3",
					"parent": "leg_front_left2",
					"pivot": [2.25, 0.85, -3.5],
					"cubes": [
						{"origin": [1.25, -0.4, -3.45], "size": [2, 3, 2], "inflate": -0.39, "uv": [1, 58]}
					]
				},
				{
					"name": "leg_back_left",
					"parent": "legs",
					"pivot": [2.25, 8.1, 2.75],
					"cubes": [
						{"origin": [0.75, 4.6, -0.25], "size": [3, 5, 4], "uv": [47, 4]}
					]
				},
				{
					"name": "leg_back_left2",
					"parent": "leg_back_left",
					"pivot": [2.25, 4.85, 4.25],
					"cubes": [
						{"origin": [1.25, 0.85, 2], "size": [2, 4, 2], "uv": [23, 18]}
					]
				},
				{
					"name": "leg_back_left3",
					"parent": "leg_back_left2",
					"pivot": [2.25, 0.85, 4],
					"cubes": [
						{"origin": [1.25, -0.4, 2.05], "size": [2, 3, 2], "inflate": -0.39, "uv": [28, 0]}
					]
				},
				{
					"name": "leg_front_right",
					"parent": "legs",
					"pivot": [-2.25, 8.1, -3.75],
					"cubes": [
						{"origin": [-3.75, 4.6, -4.25], "size": [3, 5, 3], "uv": [35, 8], "mirror": true}
					]
				},
				{
					"name": "leg_front_right2",
					"parent": "leg_front_right",
					"pivot": [-2.25, 4.6, -4.5],
					"cubes": [
						{"origin": [-3.25, 0.85, -3.5], "size": [2, 4, 2], "uv": [41, 16], "mirror": true}
					]
				},
				{
					"name": "leg_front_right3",
					"parent": "leg_front_right2",
					"pivot": [-2.25, 0.85, -3.5],
					"cubes": [
						{"origin": [-3.25, -0.4, -3.45], "size": [2, 3, 2], "inflate": -0.39, "uv": [27, 5], "mirror": true}
					]
				},
				{
					"name": "leg_back_right",
					"parent": "legs",
					"pivot": [-2.25, 8.1, 2.75],
					"cubes": [
						{"origin": [-3.75, 4.6, -0.25], "size": [3, 5, 4], "uv": [49, 13], "mirror": true}
					]
				},
				{
					"name": "leg_back_right2",
					"parent": "leg_back_right",
					"pivot": [-2.25, 4.85, 4.25],
					"cubes": [
						{"origin": [-3.25, 0.85, 2], "size": [2, 4, 2], "uv": [37, 22], "mirror": true}
					]
				},
				{
					"name": "leg_back_right3",
					"parent": "leg_back_right2",
					"pivot": [-2.25, 0.85, 4],
					"cubes": [
						{"origin": [-3.25, -0.4, 2.05], "size": [2, 3, 2], "inflate": -0.39, "uv": [20, 0], "mirror": true}
					]
				}
			]
		}
	]
}