{
	"format_version": "1.12.0",
	"minecraft:geometry": [
		{
			"description": {
				"identifier": "geometry.numel_coterian",
				"texture_width": 128,
				"texture_height": 64,
				"visible_bounds_width": 3,
				"visible_bounds_height": 2.5,
				"visible_bounds_offset": [0, 0.75, 0]
			},
			"bones": [
				{
					"name": "numel",
					"pivot": [0, 0, 0]
				},
				{
					"name": "body",
					"parent": "numel",
					"pivot": [0, 9, 1.5]
				},
				{
					"name": "torso",
					"parent": "body",
					"pivot": [0, 4, 1.5],
					"cubes": [
						{"origin": [-6, 3, -4], "size": [12, 12, 12], "uv": [66, 0]},
						{"origin": [-3, 9.8, 7], "size": [6, 6, 3], "pivot": [0, 11.5, 10], "rotation": [22.5, 0, 0], "uv": [68, 48]},
						{"origin": [-2, 10.8, 10], "size": [4, 4, 2], "pivot": [0, 11.5, 10], "rotation": [22.5, 0, 0], "uv": [71, 41]}
					]
				},
				{
					"name": "snowflake",
					"parent": "torso",
					"pivot": [0, 15.025, 2],
					"cubes": [
						{"origin": [-6, 15.025, 1.5], "size": [12, 0, 1], "pivot": [0, 15.025, 2], "rotation": [0, 45, 0], "uv": [70, 34], "mirror": true},
						{"origin": [-6, 15.025, 1.5], "size": [12, 0, 1], "inflate": 0.01, "pivot": [0, 15.025, 2], "rotation": [0, -90, 0], "uv": [70, 31]},
						{"origin": [4, 15.025, -0.5], "size": [1, 0, 3], "pivot": [0, 15.025, 1], "rotation": [0, -90, 0], "uv": [85, 35]},
						{"origin": [-4, 15.025, 0.5], "size": [1, 0, 3], "pivot": [0, 15.025, 2], "rotation": [-180, 0, -180], "uv": [85, 35], "mirror": true},
						{"origin": [3, 15.025, 0.5], "size": [1, 0, 3], "pivot": [0, 15.025, 2], "rotation": [-180, 0, 180], "uv": [85, 35]},
						{"origin": [4, 15.025, -7.5], "size": [1, 0, 3], "pivot": [0, 15.025, -6], "rotation": [0, -90, 0], "uv": [85, 35]},
						{"origin": [-2.82487, 15.025, 5.82843], "size": [1, 0, 3], "pivot": [0, 15.025, 5.10355], "rotation": [-180, 45, -180], "uv": [85, 35]},
						{"origin": [-6, 15.025, 1.5], "size": [12, 0, 1], "pivot": [0, 15.025, 2], "rotation": [0, -45, 0], "uv": [70, 34]},
						{"origin": [-6, 15.025, 1.5], "size": [12, 0, 1], "inflate": 0.01, "pivot": [0, 15.025, 2], "rotation": [-180, 0, 180], "uv": [70, 31]},
						{"origin": [-0.5, 15.025, 1.5], "size": [1, 0, 1], "inflate": 0.02, "pivot": [0, 15.025, 2], "rotation": [-180, 0, 180], "uv": [78, 29]},
						{"origin": [2.575, 15.025, -3], "size": [1, 0, 3], "pivot": [3.5, 15.025, -1.5], "rotation": [0, 45, 0], "uv": [85, 35], "mirror": true},
						{"origin": [-3.575, 15.025, -3], "size": [1, 0, 3], "pivot": [-3.5, 15.025, -1.5], "rotation": [0, -45, 0], "uv": [85, 35]},
						{"origin": [-4, 15.025, 0.5], "size": [1, 0, 3], "pivot": [0, 15.025, 2], "rotation": [0, 90, 0], "uv": [85, 35], "mirror": true},
						{"origin": [3, 15.025, 0.5], "size": [1, 0, 3], "pivot": [0, 15.025, 2], "rotation": [0, -90, 0], "uv": [85, 35]},
						{"origin": [-5, 15.025, -0.5], "size": [1, 0, 3], "pivot": [0, 15.025, 1], "rotation": [0, 90, 0], "uv": [85, 35], "mirror": true},
						{"origin": [1.82487, 15.025, 5.82843], "size": [1, 0, 3], "pivot": [0, 15.025, 5.10355], "rotation": [-180, -45, 180], "uv": [85, 35], "mirror": true}
					]
				},
				{
					"name": "neck",
					"parent": "torso",
					"pivot": [0, 3.5, -4],
					"rotation": [-25, 0, 0],
					"cubes": [
						{"origin": [-2.5, 3.5, -9], "size": [5, 6, 5], "uv": [29, 37]},
						{"origin": [-2, 0.25, -9], "size": [4, 3, 5], "inflate": 0.01, "pivot": [0, 4, 1.5], "rotation": [-15, 0, 0], "uv": [104, 29]},
						{"origin": [0, -2.75, -8.25], "size": [0, 4, 5], "pivot": [0, 4, 1.5], "rotation": [-15, 0, 0], "uv": [115, 52]}
					]
				},
				{
					"name": "neck2",
					"parent": "neck",
					"pivot": [0, 4, -9],
					"rotation": [-37.5, 0, 0],
					"cubes": [
						{"origin": [-2, 4, -17], "size": [4, 4, 8], "uv": [29, 24]},
						{"origin": [0, 2.5, -15.25], "size": [0, 4, 2], "uv": [114, 38]},
						{"origin": [-1.5, 3, -13], "size": [3, 2, 4], "uv": [102, 43]},
						{"origin": [0, 1, -12.5], "size": [0, 2, 4], "uv": [105, 48]}
					]
				},
				{
					"name": "head",
					"parent": "neck2",
					"pivot": [0, 7.40527, -17.0783],
					"rotation": [75, 0, 0],
					"cubes": [
						{"origin": [-2.5, 4.90527, -24.0783], "size": [5, 6, 9], "uv": [0, 24]},
						{"origin": [-2, 10.40527, -22.0783], "size": [4, 2, 5], "uv": [34, 49]}
					]
				},
				{
					"name": "mouth_closed",
					"parent": "head",
					"pivot": [0, 5.39527, -22.5783],
					"cubes": [
						{"origin": [-1, 4.89527, -23.0783], "size": [2, 1, 1], "uv": [34, 57]}
					]
				},
				{
					"name": "mouth_open",
					"parent": "head",
					"pivot": [0, 5.49527, -22.5783],
					"cubes": [
						{"origin": [-1, 4.99527, -23.5783], "size": [2, 1, 2], "uv": [54, 31]}
					]
				},
				{
					"name": "eye_left",
					"parent": "head",
					"pivot": [2.01, 8.40527, -19.5783],
					"rotation": [-7.5, 0, 0],
					"cubes": [
						{"origin": [1.51, 6.40527, -21.5783], "size": [1, 4, 4], "uv": [17, 40]}
					]
				},
				{
					"name": "eye_left_fluff",
					"parent": "eye_left",
					"pivot": [2.62411, 10.12978, -19.88833],
					"rotation": [-12.5, 0, -22.5],
					"cubes": [
						{"origin": [2.62411, 8.12978, -21.88833], "size": [0, 2, 2], "inflate": 0.01, "uv": [94, 42]},
						{"origin": [2.62411, 9.22978, -21.38833], "size": [0, 1, 4], "pivot": [2.62411, 10.12978, -20.88833], "rotation": [12.5, 0, 0], "uv": [92, 37]},
						{"origin": [2.62411, 7.62978, -19.38833], "size": [0, 2, 2], "inflate": 0.01, "pivot": [2.62411, 10.12978, -20.88833], "rotation": [22.5, 0, 0], "uv": [94, 46]}
					]
				},
				{
					"name": "eyelid_left",
					"parent": "eye_left",
					"pivot": [2.01, 8.40527, -19.5783],
					"cubes": [
						{"origin": [1.41, 6.40527, -21.5783], "size": [1, 4, 4], "inflate": 0.01, "uv": [53, 46]}
					]
				},
				{
					"name": "eye_right",
					"parent": "head",
					"pivot": [-2.01, 8.40527, -19.5783],
					"rotation": [-7.5, 0, 0],
					"cubes": [
						{"origin": [-2.51, 6.40527, -21.5783], "size": [1, 4, 4], "uv": [17, 40], "mirror": true}
					]
				},
				{
					"name": "eyelid_right",
					"parent": "eye_right",
					"pivot": [-2.01, 8.40527, -19.5783],
					"cubes": [
						{"origin": [-2.41, 6.40527, -21.5783], "size": [1, 4, 4], "inflate": 0.01, "uv": [53, 46], "mirror": true}
					]
				},
				{
					"name": "eye_right_fluff",
					"parent": "eye_right",
					"pivot": [-2.62411, 10.12978, -19.88833],
					"rotation": [-12.5, 0, 22.5],
					"cubes": [
						{"origin": [-2.62411, 8.12978, -21.88833], "size": [0, 2, 2], "inflate": 0.01, "uv": [94, 42], "mirror": true},
						{"origin": [-2.62411, 9.22978, -21.38833], "size": [0, 1, 4], "pivot": [-2.62411, 10.12978, -20.88833], "rotation": [12.5, 0, 0], "uv": [92, 37], "mirror": true},
						{"origin": [-2.62411, 7.62978, -19.38833], "size": [0, 2, 2], "inflate": 0.01, "pivot": [-2.62411, 10.12978, -20.88833], "rotation": [22.5, 0, 0], "uv": [94, 46], "mirror": true}
					]
				},
				{
					"name": "ear_left",
					"parent": "head",
					"pivot": [1.51304, 10.14089, -16.50092],
					"rotation": [-25, 0, 32.5],
					"cubes": [
						{"origin": [0.01304, 10.14089, -18.00092], "size": [3, 5, 3], "uv": [50, 37]}
					]
				},
				{
					"name": "ear_right",
					"parent": "head",
					"pivot": [-1.51304, 10.14089, -16.50092],
					"rotation": [-25, 0, -32.5],
					"cubes": [
						{"origin": [-3.01304, 10.14089, -18.00092], "size": [3, 5, 3], "uv": [50, 37], "mirror": true}
					]
				},
				{
					"name": "leg_front_right",
					"parent": "body",
					"pivot": [-4.75, 5, -2.75],
					"cubes": [
						{"origin": [-6.75, 0, -4.75], "size": [4, 6, 4], "uv": [47, 0], "mirror": true}
					]
				},
				{
					"name": "leg_front_left",
					"parent": "body",
					"pivot": [4.75, 5, -2.75],
					"cubes": [
						{"origin": [2.75, 0, -4.75], "size": [4, 6, 4], "uv": [47, 0]}
					]
				},
				{
					"name": "leg_back_right",
					"parent": "body",
					"pivot": [-4.75, 5, 6],
					"cubes": [
						{"origin": [-6.75, 0, 5], "size": [4, 6, 4], "uv": [17, 49], "mirror": true}
					]
				},
				{
					"name": "leg_back_left",
					"parent": "body",
					"pivot": [4.75, 5, 6],
					"cubes": [
						{"origin": [2.75, 0, 5], "size": [4, 6, 4], "uv": [17, 49]}
					]
				}
			]
		}
	]
}