{
	"format_version": "1.12.0",
	"minecraft:geometry": [
		{
			"description": {
				"identifier": "geometry.pikachu_coterian",
				"texture_width": 128,
				"texture_height": 128,
				"visible_bounds_width": 4,
				"visible_bounds_height": 4,
				"visible_bounds_offset": [0, 1, 0]
			},
			"bones": [
				{
					"name": "pikachu",
					"pivot": [0, 0, 0]
				},
				{
					"name": "body",
					"parent": "pikachu",
					"pivot": [0, 8, 0.5]
				},
				{
					"name": "torso",
					"parent": "body",
					"pivot": [0, 5.25, 0.5],
					"cubes": [
						{"origin": [-5, 1.75, -3.5], "size": [10, 8, 8], "uv": [0, 31]},
						{"origin": [-4.5, 9.75, -3], "size": [9, 2, 7], "uv": [42, 0]}
					]
				},
				{
					"name": "fluff",
					"parent": "torso",
					"pivot": [0, 9.75, 0.25],
					"cubes": [
						{"origin": [-6, 7.75, -4.25], "size": [12, 4, 9], "inflate": 0.01, "uv": [0, 0]}
					]
				},
				{
					"name": "fluff_sides",
					"parent": "fluff",
					"pivot": [0, 10.75, 0.25],
					"cubes": [
						{"origin": [-2.5, 8.25, -6.25], "size": [5, 5, 13], "pivot": [0, 10.75, 0.25], "rotation": [0, 90, 0], "uv": [0, 13]}
					]
				},
				{
					"name": "fluff_left",
					"parent": "fluff",
					"pivot": [-2.75, 9.75, 0.25],
					"cubes": [
						{"origin": [-5.05, 7.25, -5.25], "size": [5, 5, 11], "uv": [36, 29]}
					]
				},
				{
					"name": "fluff_right",
					"parent": "fluff",
					"pivot": [2.75, 9.75, 0.25],
					"cubes": [
						{"origin": [-0.05, 7.25, -5.25], "size": [5, 5, 11], "uv": [36, 45]}
					]
				},
				{
					"name": "head",
					"parent": "torso",
					"pivot": [0, 12.25, 0.25],
					"cubes": [
						{"origin": [-4.5, 11.25, -3.75], "size": [9, 8, 8], "inflate": 0.01, "uv": [36, 13]},
						{"origin": [-0.5, 13.33, -4.53], "size": [1, 1, 1], "pivot": [0, 13.7, -3.5], "rotation": [12.5, 0, 0], "uv": [32, 51]},
						{"origin": [-4.5, 11.3, -4.5], "size": [9, 3, 2], "inflate": 0.02, "pivot": [-0.5, 13.7, -3.5], "rotation": [12.5, 0, 0], "uv": [68, 29]}
					]
				},
				{
					"name": "mouth_closed",
					"parent": "head",
					"pivot": [0, 12.7, -3.5],
					"cubes": [
						{"origin": [-1.5, 11.8, -4.53], "size": [3, 1, 0], "inflate": 0.01, "pivot": [0, 13.7, -3.5], "rotation": [12.5, 0, 0], "uv": [50, 10]},
						{"origin": [-0.5, 12.05, -4.53], "size": [1, 1, 0], "inflate": 0.01, "pivot": [0, 13.7, -3.5], "rotation": [12.5, 0, 0], "uv": [54, 12]},
						{"origin": [-2, 12.3, -4.53], "size": [4, 1, 0], "pivot": [0, 13.7, -3.5], "rotation": [12.5, 0, 0], "uv": [50, 9]}
					]
				},
				{
					"name": "mouth_open",
					"parent": "head",
					"pivot": [0, 12.7, -3.5],
					"cubes": [
						{"origin": [-1.5, 11.55, -4.33], "size": [3, 1, 0], "inflate": 0.01, "pivot": [0, 13.7, -3.3], "rotation": [12.5, 0, 0], "uv": [50, 11]},
						{"origin": [-1, 12.05, -4.33], "size": [2, 1, 0], "inflate": 0.01, "pivot": [0, 13.7, -3.3], "rotation": [12.5, 0, 0], "uv": [50, 12]}
					]
				},
				{
					"name": "eyes",
					"parent": "head",
					"pivot": [0, 16, -3.825]
				},
				{
					"name": "eye_right",
					"parent": "eyes",
					"pivot": [-3, 15.5, -3.825],
					"cubes": [
						{"origin": [-4, 14.5, -3.77], "size": [2, 2, 0], "pivot": [-3, 15.5, -3.77], "rotation": [0, 0, 3], "uv": [32, 47]}
					]
				},
				{
					"name": "eyelid_right",
					"parent": "eye_right",
					"pivot": [-3, 15.5, -3.67],
					"cubes": [
						{"origin": [-4, 14.5, -3.67], "size": [2, 2, 0], "inflate": 0.01, "pivot": [-3, 15.5, -3.67], "rotation": [0, 0, 3], "uv": [32, 53]}
					]
				},
				{
					"name": "eye_left",
					"parent": "eyes",
					"pivot": [3, 15.5, -3.825],
					"cubes": [
						{"origin": [2, 14.5, -3.77], "size": [2, 2, 0], "pivot": [3, 15.5, -3.77], "rotation": [0, 0, -3], "uv": [32, 49]}
					]
				},
				{
					"name": "eyelid_left",
					"parent": "eye_left",
					"pivot": [3, 15.5, -3.67],
					"cubes": [
						{"origin": [2, 14.5, -3.67], "size": [2, 2, 0], "inflate": 0.01, "pivot": [3, 15.5, -3.67], "rotation": [0, 0, -3], "uv": [32, 55]}
					]
				},
				{
					"name": "ear_left",
					"parent": "head",
					"pivot": [3.65, 18, 0.425],
					"rotation": [0, 0, 47.5],
					"cubes": [
						{"origin": [2, 17.5, 0.35], "size": [3, 10, 0], "pivot": [3.65, 18, 0.425], "rotation": [-15, -30, 35], "uv": [20, 67]}
					]
				},
				{
					"name": "ear_right",
					"parent": "head",
					"pivot": [-3.65, 18, 0.425],
					"rotation": [0, 0, -90],
					"cubes": [
						{"origin": [-5, 17.5, 0.35], "size": [3, 10, 0], "pivot": [-3.65, 18, 0.425], "rotation": [-15, 30, -35], "uv": [26, 47]}
					]
				},
				{
					"name": "arm_right",
					"parent": "torso",
					"pivot": [-4.5, 10.5, -0.5],
					"cubes": [
						{"origin": [-10.5, 9, -2], "size": [6, 3, 3], "uv": [68, 40]}
					]
				},
				{
					"name": "arm_left",
					"parent": "torso",
					"pivot": [4.5, 10.5, -0.5],
					"cubes": [
						{"origin": [4.5, 9, -2], "size": [6, 3, 3], "uv": [68, 34]}
					]
				},
				{
					"name": "tail",
					"parent": "torso",
					"pivot": [0, 2.75, 3.5],
					"cubes": [
						{"origin": [0, 1.75, 3], "size": [0, 9, 10], "uv": [26, 61]},
						{"origin": [0, 10.74, 6], "size": [0, 7, 13], "uv": [0, 47]},
						{"origin": [0, 9.74, 13], "size": [0, 9, 9], "inflate": 0.01, "uv": [46, 61]}
					]
				},
				{
					"name": "leg_right",
					"parent": "body",
					"pivot": [-4, 5.25, 0.5],
					"cubes": [
						{"origin": [-6, 1.5, -2.5], "size": [4, 6, 6], "pivot": [-4, 4.5, 0], "rotation": [-10, 0, 0], "uv": [64, 61]}
					]
				},
				{
					"name": "foot_right",
					"parent": "leg_right",
					"pivot": [-3.75, 2, 0.75],
					"cubes": [
						{"origin": [-4.75, 1, -0.75], "size": [2, 2, 3], "uv": [68, 56]},
						{"origin": [-5.25, 0, -1.5], "size": [3, 1, 4], "uv": [68, 51]}
					]
				},
				{
					"name": "toes_right",
					"parent": "foot_right",
					"pivot": [-3.75, 0, -1.5],
					"cubes": [
						{"origin": [-5.25, 0, -2.5], "size": [3, 1, 1], "uv": [42, 11]}
					]
				},
				{
					"name": "leg_left",
					"parent": "body",
					"pivot": [4, 5.25, 0.5],
					"cubes": [
						{"origin": [2, 1.5, -2.5], "size": [4, 6, 6], "pivot": [4, 4.5, 0], "rotation": [-10, 0, 0], "uv": [0, 67]}
					]
				},
				{
					"name": "foot_left",
					"parent": "leg_left",
					"pivot": [3.75, 2, 0.75],
					"cubes": [
						{"origin": [2.75, 1, -0.75], "size": [2, 2, 3], "uv": [70, 9]},
						{"origin": [2.25, 0, -1.5], "size": [3, 1, 4], "uv": [68, 46]}
					]
				},
				{
					"name": "toes_left",
					"parent": "foot_left",
					"pivot": [3.75, 0, -1.5],
					"cubes": [
						{"origin": [2.25, 0, -2.5], "size": [3, 1, 1], "uv": [42, 9]}
					]
				}
			]
		}
	]
}