{
	"format_version": "1.12.0",
	"minecraft:geometry": [
		{
			"description": {
				"identifier": "geometry.raboot",
				"texture_width": 64,
				"texture_height": 64,
				"visible_bounds_width": 4,
				"visible_bounds_height": 3.5,
				"visible_bounds_offset": [0, 1.25, 0]
			},
			"bones": [
				{
					"name": "raboot",
					"pivot": [0, 0, 0]
				},
				{
					"name": "body",
					"parent": "raboot",
					"pivot": [0, 12.5, 0]
				},
				{
					"name": "torso",
					"parent": "body",
					"pivot": [0, 9.1, 0.5],
					"cubes": [
						{"origin": [-3, 8.5, -2], "size": [6, 5, 5], "inflate": 0.02, "uv": [1, 13]}
					]
				},
				{
					"name": "neck",
					"parent": "torso",
					"pivot": [0, 13.5, 0.5],
					"cubes": [
						{"origin": [-2.5, 12, -1.5], "size": [5, 6, 4], "uv": [0, 24]}
					]
				},
				{
					"name": "head",
					"parent": "neck",
					"pivot": [0, 16.5, 0.5],
					"cubes": [
						{"origin": [-5, 16.5, -4], "size": [10, 3, 9], "uv": [0, 0]}
					]
				},
				{
					"name": "shoulder_spikes",
					"parent": "head",
					"pivot": [0, 16, 0.5]
				},
				{
					"name": "shoulder_spike_left",
					"parent": "shoulder_spikes",
					"pivot": [2.5, 16, 0],
					"rotation": [10, 15, -7.5],
					"cubes": [
						{"origin": [2, 16, -1], "size": [4, 0, 2], "uv": [17, 15]}
					]
				},
				{
					"name": "shoulder_spike_left2",
					"parent": "shoulder_spikes",
					"pivot": [2.5, 16, 1],
					"rotation": [-10, -15, -7.5],
					"cubes": [
						{"origin": [2, 16, 0], "size": [4, 0, 2], "uv": [17, 13]}
					]
				},
				{
					"name": "shoulder_spike_right",
					"parent": "shoulder_spikes",
					"pivot": [-2.5, 16, 0],
					"rotation": [10, -15, 7.5],
					"cubes": [
						{"origin": [-6, 16, -1], "size": [4, 0, 2], "uv": [17, 15], "mirror": true}
					]
				},
				{
					"name": "shoulder_spike_right2",
					"parent": "shoulder_spikes",
					"pivot": [-2.5, 16, 1],
					"rotation": [-10, 15, 7.5],
					"cubes": [
						{"origin": [-6, 16, 0], "size": [4, 0, 2], "uv": [17, 13], "mirror": true}
					]
				},
				{
					"name": "head2",
					"parent": "head",
					"pivot": [0, 19.5, 0.5],
					"cubes": [
						{"origin": [-4.5, 18, -3.5], "size": [9, 7, 8], "uv": [5, 38]},
						{"origin": [-4.5, 20.5, -2.5], "size": [0, 1, 1], "inflate": 0.01, "uv": [59, 33]},
						{"origin": [4.5, 20.5, -2.5], "size": [0, 1, 1], "inflate": 0.01, "uv": [59, 33], "mirror": true},
						{"origin": [-1.5, 21.5, -3.51], "size": [3, 4, 0], "inflate": 0.01, "uv": [50, 44]},
						{"origin": [0.75, 22.5, -3.51], "size": [3, 1, 0], "pivot": [0.75, 23, -3.51], "rotation": [0, 0, -22.5], "uv": [50, 48]},
						{"origin": [-3.8, 22.6, -3.51], "size": [3, 1, 0], "pivot": [-1.05, 23.1, -3.51], "rotation": [0, 0, 22.5], "uv": [53, 48]}
					]
				},
				{
					"name": "hair",
					"parent": "head2",
					"pivot": [2.5, 16, 1]
				},
				{
					"name": "hair_right",
					"parent": "hair",
					"pivot": [-2, 25, 0.15],
					"rotation": [-5, 20, -17.5],
					"cubes": [
						{"origin": [-4, 24, 0.15], "size": [4, 4, 0], "uv": [51, 23], "mirror": true}
					]
				},
				{
					"name": "hair_right2",
					"parent": "hair_right",
					"pivot": [-2.5, 28, 0.15],
					"cubes": [
						{"origin": [-3, 28, 0.15], "size": [3, 3, 0], "uv": [52, 20], "mirror": true}
					]
				},
				{
					"name": "hair_middle",
					"parent": "hair",
					"pivot": [0, 25, 0.5],
					"rotation": [0, 0, 7.5],
					"cubes": [
						{"origin": [-2, 24, 0.5], "size": [4, 5, 0], "uv": [39, 16]}
					]
				},
				{
					"name": "hair_middle2",
					"parent": "hair_middle",
					"pivot": [0, 29, 0.5],
					"cubes": [
						{"origin": [-1, 29, 0.5], "size": [3, 3, 0], "uv": [1, 0]}
					]
				},
				{
					"name": "hair_left",
					"parent": "hair",
					"pivot": [2.5, 25, 1.75],
					"rotation": [-2.5, -20, 25],
					"cubes": [
						{"origin": [0.5, 24, 1.75], "size": [5, 3, 0], "uv": [40, 24], "mirror": true}
					]
				},
				{
					"name": "hair_left2",
					"parent": "hair_left",
					"pivot": [1.5, 27, 1.75],
					"cubes": [
						{"origin": [0.5, 27, 1.75], "size": [5, 2, 0], "uv": [40, 22], "mirror": true}
					]
				},
				{
					"name": "ears",
					"parent": "head2",
					"pivot": [-4.5, 24, 0]
				},
				{
					"name": "ear_right",
					"parent": "ears",
					"pivot": [-4.5, 24, 0],
					"cubes": [
						{"origin": [-11.5, 24, -2], "size": [7, 0, 5], "uv": [30, 34], "mirror": true}
					]
				},
				{
					"name": "ear_right2",
					"parent": "ear_right",
					"pivot": [-11.5, 24, 0.5],
					"cubes": [
						{"origin": [-18.5, 24, -2], "size": [7, 0, 5], "uv": [36, 28], "mirror": true},
						{"origin": [-23.5, 24, -2.5], "size": [5, 0, 5], "pivot": [-21, 24, 0], "rotation": [0, -90, 0], "uv": [44, 50]},
						{"origin": [-22, 24, -1], "size": [2, 0, 2], "inflate": 0.02, "pivot": [-21, 24, 0], "rotation": [0, -90, 0], "uv": [55, 47]}
					]
				},
				{
					"name": "ear_left",
					"parent": "ears",
					"pivot": [4.5, 24, 0],
					"cubes": [
						{"origin": [4.5, 24, -2], "size": [7, 0, 5], "uv": [30, 34]}
					]
				},
				{
					"name": "ear_left2",
					"parent": "ear_left",
					"pivot": [11.5, 24, 0.5],
					"cubes": [
						{"origin": [11.5, 24, -2], "size": [7, 0, 5], "uv": [36, 28]},
						{"origin": [18.5, 24, -2.5], "size": [5, 0, 5], "uv": [44, 50]},
						{"origin": [20, 24, -1], "size": [2, 0, 2], "inflate": 0.02, "uv": [55, 47]}
					]
				},
				{
					"name": "eyes",
					"parent": "head2",
					"pivot": [-2.51, 20.5, -2.51]
				},
				{
					"name": "eye_right",
					"parent": "eyes",
					"pivot": [-3.01, 21, -3.51],
					"cubes": [
						{"origin": [-4.51, 20, -3.51], "size": [3, 2, 1], "uv": [50, 34], "mirror": true},
						{"origin": [-4.51, 19.5, -3.51], "size": [3, 1, 1], "inflate": 0.01, "uv": [56, 38], "mirror": true}
					]
				},
				{
					"name": "pupil_right",
					"parent": "eye_right",
					"pivot": [-3.01, 21.25, -3.2625],
					"cubes": [
						{"origin": [-4.01, 20, -3.51], "size": [2, 2, 0], "inflate": 0.02, "uv": [15, 25], "mirror": true},
						{"origin": [-3.51, 21, -3.515], "size": [1, 1, 1], "inflate": 0.02, "uv": [47, 40], "mirror": true}
					]
				},
				{
					"name": "pupil_shocked_right",
					"parent": "eye_right",
					"pivot": [-3.01, 21, -3.1625],
					"cubes": [
						{"origin": [-4.01, 20, -3.41], "size": [2, 2, 0], "inflate": 0.02, "uv": [47, 43], "mirror": true},
						{"origin": [-3.51, 20.5, -3.415], "size": [1, 1, 1], "inflate": 0.02, "uv": [47, 40], "mirror": true}
					]
				},
				{
					"name": "eyelid_right",
					"parent": "eye_right",
					"pivot": [-2.91, 20.5, -2.91],
					"cubes": [
						{"origin": [-4.41, 20, -3.41], "size": [3, 2, 1], "inflate": 0.04, "uv": [0, 4], "mirror": true},
						{"origin": [-4.41, 19.5, -3.41], "size": [3, 1, 1], "inflate": 0.03, "uv": [0, 7], "mirror": true}
					]
				},
				{
					"name": "eyelid_happy_right",
					"parent": "eye_right",
					"pivot": [-2.91, 20.84, -3.07833],
					"cubes": [
						{"origin": [-4.41, 20, -3.41], "size": [3, 2, 1], "inflate": 0.04, "uv": [40, 46], "mirror": true},
						{"origin": [-4.41, 19.5, -3.41], "size": [3, 1, 1], "inflate": 0.03, "uv": [40, 50], "mirror": true},
						{"origin": [-3.91, 21.02, -3.415], "size": [2, 1, 0], "inflate": 0.04, "uv": [40, 53], "mirror": true}
					]
				},
				{
					"name": "eyebrow_right",
					"parent": "eye_right",
					"pivot": [-4.45, 22, -3.4],
					"cubes": [
						{"origin": [-4.46, 22, -3.41], "size": [3, 1, 0], "inflate": 0.03, "uv": [51, 39], "mirror": true}
					]
				},
				{
					"name": "eye_left",
					"parent": "eyes",
					"pivot": [3.01, 21, -3.51],
					"cubes": [
						{"origin": [1.51, 20, -3.51], "size": [3, 2, 1], "uv": [50, 34]},
						{"origin": [1.51, 19.5, -3.51], "size": [3, 1, 1], "inflate": 0.01, "uv": [56, 38]}
					]
				},
				{
					"name": "pupil_left",
					"parent": "eye_left",
					"pivot": [0, 15.75, 0],
					"cubes": [
						{"origin": [2.01, 20, -3.51], "size": [2, 2, 0], "inflate": 0.02, "uv": [15, 25]},
						{"origin": [2.51, 21, -3.515], "size": [1, 1, 1], "inflate": 0.02, "uv": [47, 40]}
					]
				},
				{
					"name": "pupil_shocked_left",
					"parent": "eye_left",
					"pivot": [0, 15.75, 0.1],
					"cubes": [
						{"origin": [2.01, 20, -3.41], "size": [2, 2, 0], "inflate": 0.02, "uv": [47, 43]},
						{"origin": [2.51, 20.5, -3.415], "size": [1, 1, 1], "inflate": 0.02, "uv": [47, 40]}
					]
				},
				{
					"name": "eyelid_left",
					"parent": "eye_left",
					"pivot": [-0.1, 15.75, 0.1],
					"cubes": [
						{"origin": [1.41, 20, -3.41], "size": [3, 2, 1], "inflate": 0.04, "uv": [0, 4]},
						{"origin": [1.41, 19.5, -3.41], "size": [3, 1, 1], "inflate": 0.03, "uv": [0, 7]}
					]
				},
				{
					"name": "eyelid_happy_left",
					"parent": "eye_left",
					"pivot": [-0.1, 15.75, 0.1],
					"cubes": [
						{"origin": [1.41, 20, -3.41], "size": [3, 2, 1], "inflate": 0.04, "uv": [40, 46]},
						{"origin": [1.41, 19.5, -3.41], "size": [3, 1, 1], "inflate": 0.03, "uv": [40, 50]},
						{"origin": [1.91, 21.02, -3.415], "size": [2, 1, 0], "inflate": 0.04, "uv": [40, 53]}
					]
				},
				{
					"name": "eyebrow_left",
					"parent": "eye_left",
					"pivot": [4.45, 22, -3.4],
					"cubes": [
						{"origin": [1.46, 22, -3.41], "size": [3, 1, 0], "inflate": 0.03, "uv": [51, 39]}
					]
				},
				{
					"name": "nose",
					"parent": "head2",
					"pivot": [0, 21, -3.01],
					"cubes": [
						{"origin": [-1, 20, -3.51], "size": [2, 1, 1], "uv": [35, 40]}
					]
				},
				{
					"name": "mouth_open",
					"parent": "head2",
					"pivot": [0, 19, -3.41],
					"cubes": [
						{"origin": [-2, 18.5, -3.41], "size": [4, 1, 0], "uv": [52, 41]},
						{"origin": [-0.5, 18.5, -3.41], "size": [1, 1, 0], "inflate": 0.01, "uv": [52, 43]}
					]
				},
				{
					"name": "arms",
					"parent": "torso",
					"pivot": [0, 11.85, -2.1]
				},
				{
					"name": "arm_right",
					"parent": "arms",
					"pivot": [-2.5, 15.85, 0],
					"cubes": [
						{"origin": [-7.5, 13.85, -1.5], "size": [5, 2, 3], "uv": [35, 10], "mirror": true}
					]
				},
				{
					"name": "arm_right2",
					"parent": "arm_right",
					"pivot": [-7.5, 14.85, 1.5],
					"cubes": [
						{"origin": [-11.5, 13.85, -1.5], "size": [4, 2, 3], "inflate": 0.01, "uv": [16, 32], "mirror": true}
					]
				},
				{
					"name": "arm_right3",
					"parent": "arm_right2",
					"pivot": [-11.5, 14.85, 0],
					"cubes": [
						{"origin": [-13.5, 13.85, -1.5], "size": [2, 2, 3], "uv": [31, 29], "mirror": true}
					]
				},
				{
					"name": "arm_left",
					"parent": "arms",
					"pivot": [2.5, 15.85, 0],
					"cubes": [
						{"origin": [2.5, 13.85, -1.5], "size": [5, 2, 3], "uv": [35, 10]}
					]
				},
				{
					"name": "arm_left2",
					"parent": "arm_left",
					"pivot": [7.5, 14.85, 1.5],
					"cubes": [
						{"origin": [7.5, 13.85, -1.5], "size": [4, 2, 3], "inflate": 0.01, "uv": [16, 32]}
					]
				},
				{
					"name": "arm_left3",
					"parent": "arm_left2",
					"pivot": [11.5, 14.85, 0],
					"cubes": [
						{"origin": [11.5, 13.85, -1.5], "size": [2, 2, 3], "uv": [31, 29]}
					]
				},
				{
					"name": "tail",
					"parent": "torso",
					"pivot": [0, 11.1, 3],
					"cubes": [
						{"origin": [-1.5, 9.6, 2.5], "size": [3, 3, 3], "uv": [0, 35]}
					]
				},
				{
					"name": "pocket",
					"parent": "torso",
					"pivot": [0, 11.5, -1],
					"cubes": [
						{"origin": [-3, 9.5, -3], "size": [6, 4, 3], "uv": [21, 22]}
					]
				},
				{
					"name": "legs",
					"parent": "body",
					"pivot": [0, 8.5, 0.5]
				},
				{
					"name": "leg_right",
					"parent": "legs",
					"pivot": [-2, 8.5, 0.5],
					"cubes": [
						{"origin": [-3, 5, -0.5], "size": [2, 5, 2], "uv": [30, 1]}
					]
				},
				{
					"name": "leg_right2",
					"parent": "leg_right",
					"pivot": [-2, 5, -0.5],
					"cubes": [
						{"origin": [-3, 1, -0.5], "size": [2, 4, 2], "inflate": 0.01, "uv": [55, 7]}
					]
				},
				{
					"name": "foot_right",
					"parent": "leg_right2",
					"pivot": [-2, 1.5, 1.5],
					"cubes": [
						{"origin": [-3.5, 0, -2], "size": [3, 2, 4], "uv": [48, 13]},
						{"origin": [-3, 0, -2], "size": [2, 0, 1], "inflate": 0.02, "uv": [34, 43]}
					]
				},
				{
					"name": "toe_right",
					"parent": "foot_right",
					"pivot": [-2, 0, -2],
					"cubes": [
						{"origin": [-3.5, 0, -5], "size": [3, 2, 3], "inflate": 0.01, "uv": [25, 15]},
						{"origin": [-3, 0, -3], "size": [2, 0, 1], "inflate": 0.02, "uv": [34, 44]}
					]
				},
				{
					"name": "leg_left",
					"parent": "legs",
					"pivot": [2, 8.5, 0.5],
					"cubes": [
						{"origin": [1, 5, -0.5], "size": [2, 5, 2], "uv": [30, 1], "mirror": true}
					]
				},
				{
					"name": "leg_left2",
					"parent": "leg_left",
					"pivot": [2, 5, -0.5],
					"cubes": [
						{"origin": [1, 1, -0.5], "size": [2, 4, 2], "inflate": 0.01, "uv": [55, 7], "mirror": true}
					]
				},
				{
					"name": "foot_left",
					"parent": "leg_left2",
					"pivot": [2, 1.5, 1.5],
					"cubes": [
						{"origin": [0.5, 0, -2], "size": [3, 2, 4], "uv": [48, 13], "mirror": true},
						{"origin": [1, 0, -2], "size": [2, 0, 1], "inflate": 0.02, "uv": [34, 43], "mirror": true}
					]
				},
				{
					"name": "toe_left",
					"parent": "foot_left",
					"pivot": [2, 0, -2],
					"cubes": [
						{"origin": [0.5, 0, -5], "size": [3, 2, 3], "inflate": 0.01, "uv": [25, 15], "mirror": true},
						{"origin": [1, 0, -3], "size": [2, 0, 1], "inflate": 0.02, "uv": [34, 44], "mirror": true}
					]
				}
			]
		}
	]
}