{
	"format_version": "1.12.0",
	"minecraft:geometry": [
		{
			"description": {
				"identifier": "geometry.woofloo",
				"texture_width": 128,
				"texture_height": 128,
				"visible_bounds_width": 3,
				"visible_bounds_height": 2.5,
				"visible_bounds_offset": [0, 0.75, 0]
			},
			"bones": [
				{
					"name": "wooloo",
					"pivot": [0, 0, 0]
				},
				{
					"name": "body",
					"parent": "wooloo",
					"pivot": [0, 0, 0]
				},
				{
					"name": "torso",
					"parent": "body",
					"pivot": [0, 7.5, 3.75],
					"cubes": [
						{"origin": [-3, 5.75, 0], "size": [6, 6, 6], "uv": [0, 27]},
						{"origin": [-3, 5.75, -5], "size": [6, 6, 6], "inflate": 0.01, "uv": [25, 27]}
					]
				},
				{
					"name": "wool_shearable",
					"parent": "torso",
					"pivot": [6.5, 1.75, -5],
					"cubes": [
						{"origin": [-6.5, 2.75, -5.5], "size": [13, 13, 13], "inflate": 0.02, "uv": [0, 0]}
					]
				},
				{
					"name": "tail",
					"parent": "torso",
					"pivot": [0, 11.25, 7],
					"rotation": [-15, 0, 0],
					"cubes": [
						{"origin": [0, 8.75, 6.75], "size": [0, 3, 4], "inflate": 0.01, "uv": [13, 51]},
						{"origin": [0, 11.5, 7.25], "size": [0, 2, 3], "pivot": [0, 12.5, 8.75], "rotation": [45, 0, 0], "uv": [0, 66]}
					]
				},
				{
					"name": "neck",
					"parent": "torso",
					"pivot": [0, 7.65, -1.5],
					"cubes": [
						{"origin": [-2, 7.65, -5.5], "size": [4, 4, 4], "inflate": 0.01, "uv": [42, 40]}
					]
				},
				{
					"name": "head",
					"parent": "torso",
					"pivot": [0.1, 11.75, -5],
					"cubes": [
						{"origin": [-2.5, 9.75, -10.5], "size": [5, 4, 6], "uv": [0, 40]},
						{"origin": [-1, 11.25, -10.5], "size": [2, 1, 0], "inflate": 0.01, "uv": [50, 37]}
					]
				},
				{
					"name": "ear_right",
					"parent": "head",
					"pivot": [-2, 14.75, -8],
					"rotation": [-15, 0, -5],
					"cubes": [
						{"origin": [-4.5, 13.75, -8.5], "size": [3, 4, 1], "pivot": [-2, 14.75, -8.5], "rotation": [0, 47.5, 0], "uv": [0, 60]}
					]
				},
				{
					"name": "ear_left",
					"parent": "head",
					"pivot": [2, 14.75, -8],
					"rotation": [-15, 0, 5],
					"cubes": [
						{"origin": [1.5, 13.75, -8.5], "size": [3, 4, 1], "pivot": [2, 14.75, -8.5], "rotation": [0, -47.5, 0], "uv": [49, 61]}
					]
				},
				{
					"name": "eyes",
					"parent": "head",
					"pivot": [-0.15, 11.75, -9]
				},
				{
					"name": "eye_right",
					"parent": "eyes",
					"pivot": [-3.6, 11, -8.5],
					"cubes": [
						{"origin": [-2.51, 10.75, -10], "size": [0, 2, 2], "uv": [66, 15]},
						{"origin": [-2.52, 11.25, -9.75], "size": [0, 1, 1], "uv": [55, 37]}
					]
				},
				{
					"name": "eyelid_right",
					"parent": "eye_right",
					"pivot": [-1.8645, 11.75, -9.01],
					"cubes": [
						{"origin": [-2.3645, 10.75, -10.01], "size": [1, 2, 2], "inflate": 0.06, "uv": [66, 5]}
					]
				},
				{
					"name": "eye_left",
					"parent": "eyes",
					"pivot": [3.6, 11, -8.5],
					"cubes": [
						{"origin": [2.51, 10.75, -10], "size": [0, 2, 2], "uv": [66, 10]},
						{"origin": [2.52, 11.25, -9.75], "size": [0, 1, 1], "uv": [9, 60]}
					]
				},
				{
					"name": "eyelid_left",
					"parent": "eye_left",
					"pivot": [1.8645, 11.75, -9.01],
					"cubes": [
						{"origin": [1.3645, 10.75, -10.01], "size": [1, 2, 2], "inflate": 0.06, "uv": [66, 0]}
					]
				},
				{
					"name": "mouth_open",
					"parent": "head",
					"pivot": [0, 10.5, -9.5],
					"cubes": [
						{"origin": [-1, 10, -9.5], "size": [2, 1, 0], "inflate": 0.01, "uv": [53, 25]}
					]
				},
				{
					"name": "head_wool",
					"parent": "head",
					"pivot": [-2.3928, 14.73889, -6.69372],
					"cubes": [
						{"origin": [-2.5, 9.5, -7.5], "size": [5, 5, 3], "inflate": 0.01, "uv": [23, 49]},
						{"origin": [-3.75, 12.75, -8.5], "size": [2, 2, 3], "uv": [55, 49]},
						{"origin": [1.75, 12.75, -8.5], "size": [2, 2, 3], "uv": [55, 55]}
					]
				},
				{
					"name": "head_wool_shearable",
					"parent": "head_wool",
					"pivot": [0, 1, 0],
					"cubes": [
						{"origin": [0.275, 13, -9.19785], "size": [2, 2, 2], "pivot": [1.30693, 13.8315, -8.01133], "rotation": [0, -5, 0], "uv": [40, 65]},
						{"origin": [-2.275, 13, -9.19785], "size": [2, 2, 2], "pivot": [-1.30693, 13.8315, -8.01133], "rotation": [0, 5, 0], "uv": [65, 30]},
						{"origin": [-2.5, 11.5, -7.5], "size": [5, 4, 4], "inflate": 0.02, "uv": [23, 40]},
						{"origin": [-1, 11.5, -9.5], "size": [2, 4, 2], "inflate": 0.02, "uv": [22, 58]}
					]
				},
				{
					"name": "braid_left",
					"parent": "head_wool",
					"pivot": [3, 12.75, -7],
					"cubes": [
						{"origin": [2.5, 11, -7.5], "size": [1, 3, 1], "uv": [66, 49]}
					]
				},
				{
					"name": "braid_left_middle",
					"parent": "braid_left",
					"pivot": [3, 12.25, -7],
					"cubes": [
						{"origin": [2, 9.25, -8], "size": [2, 3, 2], "uv": [58, 61]}
					]
				},
				{
					"name": "braid_left_bottom",
					"parent": "braid_left_middle",
					"pivot": [3, 10.25, -7],
					"cubes": [
						{"origin": [1.5, 6.75, -8.5], "size": [3, 4, 3], "uv": [53, 17]}
					]
				},
				{
					"name": "braid_left_finger1",
					"parent": "braid_left_bottom",
					"pivot": [3.75, 6.75, -6.5],
					"cubes": [
						{"origin": [3.25, 5.25, -7], "size": [1, 2, 1], "uv": [67, 58]}
					]
				},
				{
					"name": "braid_left_finger2",
					"parent": "braid_left_bottom",
					"pivot": [2.25, 6.75, -6.5],
					"cubes": [
						{"origin": [1.75, 5.25, -7], "size": [1, 2, 1], "uv": [59, 67]}
					]
				},
				{
					"name": "braid_left_finger3",
					"parent": "braid_left_bottom",
					"pivot": [3, 6.75, -7.75],
					"cubes": [
						{"origin": [2.5, 5.25, -8.25], "size": [1, 2, 1], "uv": [67, 62]}
					]
				},
				{
					"name": "braid_right",
					"parent": "head_wool",
					"pivot": [-3, 12.75, -7],
					"cubes": [
						{"origin": [-3.5, 11, -7.5], "size": [1, 3, 1], "uv": [66, 20]}
					]
				},
				{
					"name": "braid_right_middle",
					"parent": "braid_right",
					"pivot": [-3, 12.25, -7],
					"cubes": [
						{"origin": [-4, 9.25, -8], "size": [2, 3, 2], "uv": [59, 43]}
					]
				},
				{
					"name": "braid_right_bottom",
					"parent": "braid_right_middle",
					"pivot": [-3, 10.25, -7],
					"cubes": [
						{"origin": [-4.5, 6.75, -8.5], "size": [3, 4, 3], "uv": [53, 9]}
					]
				},
				{
					"name": "braid_right_finger1",
					"parent": "braid_right_bottom",
					"pivot": [-3.75, 6.75, -6.5],
					"cubes": [
						{"origin": [-4.25, 5.25, -7], "size": [1, 2, 1], "uv": [66, 54]}
					]
				},
				{
					"name": "braid_right_finger2",
					"parent": "braid_right_bottom",
					"pivot": [-2.25, 6.75, -6.5],
					"cubes": [
						{"origin": [-2.75, 5.25, -7], "size": [1, 2, 1], "uv": [49, 67]}
					]
				},
				{
					"name": "braid_right_finger3",
					"parent": "braid_right_bottom",
					"pivot": [-3, 6.75, -7.75],
					"cubes": [
						{"origin": [-3.5, 5.25, -8.25], "size": [1, 2, 1], "uv": [54, 67]}
					]
				},
				{
					"name": "leg_front_right",
					"parent": "body",
					"pivot": [2.25, 7.5, -3],
					"cubes": [
						{"origin": [0.75, 4, -4.5], "size": [3, 5, 3], "uv": [53, 0]}
					]
				},
				{
					"name": "leg_front_right2",
					"parent": "leg_front_right",
					"pivot": [2.25, 4, -3.75],
					"cubes": [
						{"origin": [1.25, 1.25, -3.75], "size": [2, 3, 2], "uv": [40, 59]}
					]
				},
				{
					"name": "leg_front_right3",
					"parent": "leg_front_right2",
					"pivot": [2.25, 1.5, -2.65],
					"cubes": [
						{"origin": [1.25, 0, -3.9], "size": [2, 2, 2], "inflate": 0.01, "uv": [65, 25]}
					]
				},
				{
					"name": "leg_front_left",
					"parent": "body",
					"pivot": [-2.25, 7.5, -3],
					"cubes": [
						{"origin": [-3.75, 4, -4.5], "size": [3, 5, 3], "uv": [0, 51]}
					]
				},
				{
					"name": "leg_front_left2",
					"parent": "leg_front_left",
					"pivot": [-2.25, 4, -3.75],
					"cubes": [
						{"origin": [-3.25, 1.25, -3.75], "size": [2, 3, 2], "uv": [59, 37]}
					]
				},
				{
					"name": "leg_front_left3",
					"parent": "leg_front_left2",
					"pivot": [-2.25, 1.5, -2.65],
					"cubes": [
						{"origin": [-3.25, 0, -3.9], "size": [2, 2, 2], "inflate": 0.01, "uv": [65, 25], "mirror": true}
					]
				},
				{
					"name": "leg_back_right",
					"parent": "body",
					"pivot": [2.25, 7.5, 3.5],
					"cubes": [
						{"origin": [0.75, 4, 1.5], "size": [3, 5, 4], "uv": [50, 27]}
					]
				},
				{
					"name": "leg_back_right2",
					"parent": "leg_back_right",
					"pivot": [2.25, 4, 5],
					"cubes": [
						{"origin": [1.25, 1.25, 3.75], "size": [2, 3, 2], "uv": [13, 59]}
					]
				},
				{
					"name": "leg_back_right3",
					"parent": "leg_back_right2",
					"pivot": [2.25, 1.5, 4.85],
					"cubes": [
						{"origin": [1.25, 0, 3.6], "size": [2, 2, 2], "inflate": 0.01, "uv": [9, 65]}
					]
				},
				{
					"name": "leg_back_left",
					"parent": "body",
					"pivot": [-2.25, 7.5, 3.5],
					"cubes": [
						{"origin": [-3.75, 4, 1.5], "size": [3, 5, 4], "uv": [40, 49]}
					]
				},
				{
					"name": "leg_back_left2",
					"parent": "leg_back_left",
					"pivot": [-2.25, 4, 5],
					"cubes": [
						{"origin": [-3.25, 1.25, 3.75], "size": [2, 3, 2], "uv": [31, 58]}
					]
				},
				{
					"name": "leg_back_left3",
					"parent": "leg_back_left2",
					"pivot": [-2.25, 1.5, 4.85],
					"cubes": [
						{"origin": [-3.25, 0, 3.6], "size": [2, 2, 2], "inflate": 0.01, "uv": [9, 65], "mirror": true}
					]
				}
			]
		}
	]
}