{
	"format_version": "1.12.0",
	"minecraft:geometry": [
		{
			"description": {
				"identifier": "geometry.abyssoak",
				"texture_width": 64,
				"texture_height": 64,
				"visible_bounds_width": 3,
				"visible_bounds_height": 3.5,
				"visible_bounds_offset": [0, 1.25, 0]
			},
			"bones": [
				{
					"name": "abyssoak",
					"pivot": [0, 0, 0]
				},
				{
					"name": "body",
					"parent": "abyssoak",
					"pivot": [0, 20, 0]
				},
				{
					"name": "torso",
					"parent": "body",
					"pivot": [0, 18.06667, 0.1],
					"cubes": [
						{"origin": [-3, 18, -3], "size": [6, 5, 6], "uv": [0, 0]},
						{"origin": [0, 16, 2], "size": [0, 7, 6], "uv": [0, 29]},
						{"origin": [-2, 22.45, -3.2], "size": [4, 3, 6], "pivot": [0, 23.95, -0.2], "rotation": [-45, 0, 0], "uv": [20, 21]}
					]
				},
				{
					"name": "arm1",
					"parent": "torso",
					"pivot": [3, 21.5, 0],
					"cubes": [
						{"origin": [3, 21, -1], "size": [7, 2, 2], "uv": [12, 30]}
					]
				},
				{
					"name": "lowerarm1",
					"parent": "arm1",
					"pivot": [10.1, 22, 0],
					"cubes": [
						{"origin": [10, 20.5, -1.5], "size": [7, 3, 3], "uv": [0, 23]},
						{"origin": [17, 20.5, -1.5], "size": [2, 0, 3], "pivot": [17, 20.5, 0], "rotation": [0, 0, 5], "uv": [15, 0]},
						{"origin": [17, 23.5, -1.5], "size": [2, 0, 3], "pivot": [17, 23.5, 0], "rotation": [0, 0, -5], "uv": [24, 8], "mirror": true},
						{"origin": [17, 20.5, -1.5], "size": [2, 3, 0], "pivot": [17, 22, -1.5], "rotation": [0, 5, 0], "uv": [35, 8]},
						{"origin": [17, 20.5, 1.5], "size": [2, 3, 0], "pivot": [17, 22, 1.5], "rotation": [0, -5, 0], "uv": [30, 39], "mirror": true}
					]
				},
				{
					"name": "arm2",
					"parent": "torso",
					"pivot": [-3, 21.5, 0],
					"cubes": [
						{"origin": [-10, 21, -1], "size": [7, 2, 2], "uv": [12, 30], "mirror": true}
					]
				},
				{
					"name": "lowerarm2",
					"parent": "arm2",
					"pivot": [-10.1, 22, 0],
					"cubes": [
						{"origin": [-19, 20.5, 1.5], "size": [2, 3, 0], "pivot": [-17, 22, 1.5], "rotation": [0, 5, 0], "uv": [30, 39]},
						{"origin": [-19, 23.5, -1.5], "size": [2, 0, 3], "pivot": [-17, 23.5, 0], "rotation": [0, 0, 5], "uv": [24, 8]},
						{"origin": [-19, 20.5, -1.5], "size": [2, 3, 0], "pivot": [-17, 22, -1.5], "rotation": [0, -5, 0], "uv": [35, 8], "mirror": true},
						{"origin": [-17, 20.5, -1.5], "size": [7, 3, 3], "uv": [0, 23], "mirror": true},
						{"origin": [-19, 20.5, -1.5], "size": [2, 0, 3], "pivot": [-17, 20.5, 0], "rotation": [0, 0, -5], "uv": [15, 0], "mirror": true}
					]
				},
				{
					"name": "head",
					"parent": "torso",
					"pivot": [0, 25.125, -1.5],
					"cubes": [
						{"origin": [-2.5, 23.25, -5.5], "size": [5, 5, 5], "uv": [20, 11]},
						{"origin": [-1, 26.25, -6.5], "size": [2, 4, 8], "uv": [0, 11]},
						{"origin": [-1, 25.25, 1.5], "size": [2, 4, 3], "uv": [12, 34]},
						{"origin": [-1, 23.25, 4.5], "size": [2, 4, 2], "uv": [22, 34]}
					]
				},
				{
					"name": "eyes",
					"parent": "head",
					"pivot": [0, 24.25, -5.55],
					"cubes": [
						{"origin": [-2.75, 24.25, -5.55], "size": [2, 2, 0], "uv": [41, 1]},
						{"origin": [0.75, 24.25, -5.55], "size": [2, 2, 0], "uv": [41, 1], "mirror": true}
					]
				},
				{
					"name": "lowertorso",
					"parent": "body",
					"pivot": [0, 18, 0],
					"cubes": [
						{"origin": [-2, 14, -2], "size": [4, 4, 4], "uv": [24, 0]}
					]
				},
				{
					"name": "bottom",
					"parent": "lowertorso",
					"pivot": [0, 15, 0],
					"cubes": [
						{"origin": [-3, 4, -3], "size": [6, 11, 6], "uv": [36, 25]}
					]
				},
				{
					"name": "botflap1",
					"parent": "bottom",
					"pivot": [0, 4, -3],
					"cubes": [
						{"origin": [-3, 1, -3], "size": [6, 3, 0], "uv": [40, 19]}
					]
				},
				{
					"name": "botflap2",
					"parent": "bottom",
					"pivot": [-3, 4, 0],
					"cubes": [
						{"origin": [-3, 1, -3], "size": [0, 3, 6], "uv": [40, 10], "mirror": true}
					]
				},
				{
					"name": "botflap3",
					"parent": "bottom",
					"pivot": [3, 4, 0],
					"cubes": [
						{"origin": [3, 1, -3], "size": [0, 3, 6], "uv": [40, 10]}
					]
				},
				{
					"name": "botflap4",
					"parent": "bottom",
					"pivot": [0, 4, 3],
					"cubes": [
						{"origin": [-3, 1, 3], "size": [6, 3, 0], "uv": [12, 11]}
					]
				}
			]
		}
	]
}