{
	"format_version": "1.8.0",
	"animations": {
		"animation.stritan.ground_idle": {
			"loop": true,
			"animation_length": 6,
			"bones": {
				"torso": {
					"position": {
						"0.0": {
							"post": [0, 0, 0],
							"lerp_mode": "catmullrom"
						},
						"3.0": {
							"post": [0, -2, 0],
							"lerp_mode": "catmullrom"
						},
						"6.0": {
							"post": [0, 0, 0],
							"lerp_mode": "catmullrom"
						}
					}
				},
				"right": {
					"rotation": {
						"0.0": {
							"post": [0, 0, 0],
							"lerp_mode": "catmullrom"
						},
						"3.0": {
							"post": [0, 0, 7.5],
							"lerp_mode": "catmullrom"
						},
						"6.0": {
							"post": [0, 0, 0],
							"lerp_mode": "catmullrom"
						}
					}
				},
				"left": {
					"rotation": {
						"0.0": {
							"post": [0, 0, 0],
							"lerp_mode": "catmullrom"
						},
						"3.0": {
							"post": [0, 0, -7.5],
							"lerp_mode": "catmullrom"
						},
						"6.0": {
							"post": [0, 0, 0],
							"lerp_mode": "catmullrom"
						}
					}
				}
			}
		},
		"animation.stritan.ground_walk": {
			"loop": true,
			"animation_length": 1.5,
			"bones": {
				"torso": {
					"rotation": {
						"0.0": {
							"post": [0, 0, 7.5],
							"lerp_mode": "catmullrom"
						},
						"0.75": {
							"post": [0, 0, -5],
							"lerp_mode": "catmullrom"
						},
						"1.5": {
							"post": [0, 0, 7.5],
							"lerp_mode": "catmullrom"
						}
					}
				},
				"right": {
					"rotation": {
						"0.0": {
							"post": [0, 0, -15],
							"lerp_mode": "catmullrom"
						},
						"0.75": {
							"post": [0, 0, 0],
							"lerp_mode": "catmullrom"
						},
						"1.5": {
							"post": [0, 0, -15],
							"lerp_mode": "catmullrom"
						}
					}
				},
				"left": {
					"rotation": {
						"0.0": {
							"post": [0, 0, 0],
							"lerp_mode": "catmullrom"
						},
						"0.75": {
							"post": [0, 0, 12.5],
							"lerp_mode": "catmullrom"
						},
						"1.5": {
							"post": [0, 0, 0],
							"lerp_mode": "catmullrom"
						}
					}
				},
				"tail": {
					"rotation": {
						"0.0": {
							"post": [0, 22.5, 0],
							"lerp_mode": "catmullrom"
						},
						"0.75": {
							"post": [0, -22.5, 0],
							"lerp_mode": "catmullrom"
						},
						"1.5": {
							"post": [0, 22.5, 0],
							"lerp_mode": "catmullrom"
						}
					}
				},
				"frontleft": {
					"rotation": {
						"0.0": {
							"post": [-12.5, 0, 0],
							"lerp_mode": "catmullrom"
						},
						"0.75": {
							"post": [10, 0, 0],
							"lerp_mode": "catmullrom"
						},
						"1.5": {
							"post": [-12.5, 0, 0],
							"lerp_mode": "catmullrom"
						}
					},
					"position": {
						"0.0": {
							"post": [0, 1, 0],
							"lerp_mode": "catmullrom"
						},
						"0.0833": {
							"post": [0, -1, 0],
							"lerp_mode": "catmullrom"
						},
						"0.6667": {
							"post": [0, -1, 0],
							"lerp_mode": "catmullrom"
						},
						"0.75": {
							"post": [0, 1, 0],
							"lerp_mode": "catmullrom"
						},
						"1.5": {
							"post": [0, 1, 0],
							"lerp_mode": "catmullrom"
						}
					}
				},
				"frontright": {
					"rotation": {
						"0.0": {
							"post": [7.5, 0, 0],
							"lerp_mode": "catmullrom"
						},
						"0.75": {
							"post": [-15, 0, 0],
							"lerp_mode": "catmullrom"
						},
						"1.5": {
							"post": [7.5, 0, 0],
							"lerp_mode": "catmullrom"
						}
					},
					"position": {
						"0.0": {
							"post": [0, 0, 0],
							"lerp_mode": "catmullrom"
						},
						"0.75": {
							"post": [0, 0, 0],
							"lerp_mode": "catmullrom"
						},
						"0.8333": {
							"post": [0, -1.25, 0],
							"lerp_mode": "catmullrom"
						},
						"1.4167": {
							"post": [0, -1.25, 0],
							"lerp_mode": "catmullrom"
						},
						"1.5": {
							"post": [0, 0, 0],
							"lerp_mode": "catmullrom"
						}
					}
				},
				"midleft": {
					"rotation": {
						"0.0": {
							"post": [10, 0, 0],
							"lerp_mode": "catmullrom"
						},
						"0.75": {
							"post": [-10, 0, 0],
							"lerp_mode": "catmullrom"
						},
						"1.5": {
							"post": [10, 0, 0],
							"lerp_mode": "catmullrom"
						}
					},
					"position": {
						"0.0": {
							"post": [-0.9, 0, 0],
							"lerp_mode": "catmullrom"
						},
						"0.75": {
							"post": [-0.9, 0, 0],
							"lerp_mode": "catmullrom"
						},
						"0.8333": {
							"post": [-0.9, -1, 0],
							"lerp_mode": "catmullrom"
						},
						"1.4167": {
							"post": [-0.9, -1, 0],
							"lerp_mode": "catmullrom"
						},
						"1.5": {
							"post": [-0.9, 0, 0],
							"lerp_mode": "catmullrom"
						}
					}
				},
				"midright": {
					"rotation": {
						"0.0": {
							"post": [-7.5, 0, 0],
							"lerp_mode": "catmullrom"
						},
						"0.75": {
							"post": [12.5, 0, 0],
							"lerp_mode": "catmullrom"
						},
						"1.5": {
							"post": [-7.5, 0, 0],
							"lerp_mode": "catmullrom"
						}
					},
					"position": {
						"0.0": {
							"post": [0.475, -1, 0],
							"lerp_mode": "catmullrom"
						},
						"0.75": {
							"post": [0.475, -1.06, 0],
							"lerp_mode": "catmullrom"
						},
						"0.8333": {
							"post": [0.475, 0, 0],
							"lerp_mode": "catmullrom"
						},
						"1.4167": {
							"post": [0.475, 0, 0],
							"lerp_mode": "catmullrom"
						},
						"1.5": {
							"post": [0.475, -1, 0],
							"lerp_mode": "catmullrom"
						}
					}
				},
				"backleft": {
					"rotation": {
						"0.0": {
							"post": [-7.5, 0, 0],
							"lerp_mode": "catmullrom"
						},
						"0.75": {
							"post": [15, 0, 0],
							"lerp_mode": "catmullrom"
						},
						"1.5": {
							"post": [-7.5, 0, 0],
							"lerp_mode": "catmullrom"
						}
					},
					"position": {
						"0.0": {
							"post": [0, -1, 0],
							"lerp_mode": "catmullrom"
						},
						"0.0833": {
							"post": [0, -1, 0],
							"lerp_mode": "catmullrom"
						},
						"0.6667": {
							"post": [0, -1, 0],
							"lerp_mode": "catmullrom"
						},
						"0.75": {
							"post": [0, 0, 0],
							"lerp_mode": "catmullrom"
						},
						"1.5": {
							"post": [0, 0, 0],
							"lerp_mode": "catmullrom"
						}
					}
				},
				"backright": {
					"rotation": {
						"0.0": {
							"post": [12.5, 0, 0],
							"lerp_mode": "catmullrom"
						},
						"0.75": {
							"post": [-5, 0, 0],
							"lerp_mode": "catmullrom"
						},
						"1.5": {
							"post": [12.5, 0, 0],
							"lerp_mode": "catmullrom"
						}
					},
					"position": {
						"0.0": {
							"post": [0, 0, 0],
							"lerp_mode": "catmullrom"
						},
						"0.75": {
							"post": [0, 0, 0],
							"lerp_mode": "catmullrom"
						},
						"0.8333": {
							"post": [0, -1, 0],
							"lerp_mode": "catmullrom"
						},
						"1.4167": {
							"post": [0, -1, 0],
							"lerp_mode": "catmullrom"
						},
						"1.5": {
							"post": [0, 0, 0],
							"lerp_mode": "catmullrom"
						}
					}
				}
			}
		},
		"animation.stritan.faint": {
			"loop": "hold_on_last_frame",
			"animation_length": 3,
			"bones": {
				"torso": {
					"position": {
						"0.0": {
							"post": [0, 0, 0],
							"lerp_mode": "catmullrom"
						},
						"1.0": {
							"post": [0, 0, 0],
							"lerp_mode": "catmullrom"
						},
						"1.375": {
							"post": [0, -42, 0],
							"lerp_mode": "catmullrom"
						}
					}
				},
				"right": {
					"rotation": {
						"0.0": {
							"post": [0, 0, 0],
							"lerp_mode": "catmullrom"
						},
						"1.0": {
							"post": [0, 0, 0],
							"lerp_mode": "catmullrom"
						},
						"1.3333": {
							"post": [0, 0, 85],
							"lerp_mode": "catmullrom"
						},
						"1.5833": {
							"post": [0, 0, 15],
							"lerp_mode": "catmullrom"
						}
					}
				},
				"left": {
					"rotation": {
						"0.0": {
							"post": [0, 0, 0],
							"lerp_mode": "catmullrom"
						},
						"1.0": {
							"post": [0, 0, 0],
							"lerp_mode": "catmullrom"
						},
						"1.3333": {
							"post": [0, 0, -80],
							"lerp_mode": "catmullrom"
						},
						"1.5833": {
							"post": [0, 0, -20],
							"lerp_mode": "catmullrom"
						}
					}
				},
				"pupil": {
					"position": {
						"0.0": {
							"post": [0, 0, 0],
							"lerp_mode": "catmullrom"
						},
						"0.0417": {
							"post": [2, 0, 0],
							"lerp_mode": "catmullrom"
						}
					}
				},
				"eyelid": {
					"rotation": {
						"0.0": [0, 0, 0],
						"0.0417": [0, 0, 17.5],
						"1.375": [0, 0, 17.5],
						"1.4167": [0, 0, 0]
					},
					"position": {
						"0.0": [0, 0, 0],
						"0.0417": [1, -0.6, 0],
						"1.0": [1, -0.6, 0],
						"1.375": [1, -0.6, 0],
						"1.4167": [0, -1.975, 0]
					}
				},
				"pupil2": {
					"position": {
						"0.0": {
							"post": [0, 0, 0],
							"lerp_mode": "catmullrom"
						},
						"0.0417": {
							"post": [-2, 0, 0],
							"lerp_mode": "catmullrom"
						}
					}
				},
				"eyelid2": {
					"rotation": {
						"0.0": [0, 0, 0],
						"0.0417": [0, 0, -17.5],
						"1.375": [0, 0, -17.5],
						"1.4167": [0, 0, 0]
					},
					"position": {
						"0.0": [0, 0, 0],
						"0.0417": [-1.025, -0.575, 0],
						"1.0": [-1.025, -0.575, 0],
						"1.375": [-1.025, -0.575, 0],
						"1.4167": [0.055, -1.97, 0]
					}
				},
				"mouth": {
					"position": {
						"0.0": {
							"post": [0, 0, 0],
							"lerp_mode": "catmullrom"
						},
						"0.25": {
							"post": [0, 0, -1.015],
							"lerp_mode": "catmullrom"
						},
						"1.0417": {
							"post": [0, 0, -1],
							"lerp_mode": "catmullrom"
						},
						"1.0833": {
							"post": [0, 0, 0],
							"lerp_mode": "catmullrom"
						}
					}
				},
				"frontleft": {
					"rotation": {
						"0.0": {
							"post": [0, 0, 0],
							"lerp_mode": "catmullrom"
						},
						"0.0417": {
							"post": [0, 0, 2.5],
							"lerp_mode": "catmullrom"
						},
						"0.0833": {
							"post": [0, 0, -2.54],
							"lerp_mode": "catmullrom"
						},
						"0.125": {
							"post": [0, 0, 2.5],
							"lerp_mode": "catmullrom"
						},
						"0.1667": {
							"post": [0, 0, -2.54],
							"lerp_mode": "catmullrom"
						},
						"0.2083": {
							"post": [0, 0, 2.5],
							"lerp_mode": "catmullrom"
						},
						"0.25": {
							"post": [0, 0, -2.54],
							"lerp_mode": "catmullrom"
						},
						"0.2917": {
							"post": [0, 0, 2.5],
							"lerp_mode": "catmullrom"
						},
						"0.3333": {
							"post": [0, 0, -2.54],
							"lerp_mode": "catmullrom"
						},
						"0.375": {
							"post": [0, 0, 2.5],
							"lerp_mode": "catmullrom"
						},
						"0.4167": {
							"post": [0, 0, -2.54],
							"lerp_mode": "catmullrom"
						},
						"0.4583": {
							"post": [0, 0, 2.5],
							"lerp_mode": "catmullrom"
						},
						"0.5": {
							"post": [0, 0, -2.54],
							"lerp_mode": "catmullrom"
						},
						"0.5417": {
							"post": [0, 0, 2.5],
							"lerp_mode": "catmullrom"
						},
						"0.5833": {
							"post": [0, 0, -2.54],
							"lerp_mode": "catmullrom"
						},
						"0.625": {
							"post": [0, 0, 2.5],
							"lerp_mode": "catmullrom"
						},
						"0.6667": {
							"post": [0, 0, -2.54],
							"lerp_mode": "catmullrom"
						},
						"0.7083": {
							"post": [0, 0, 2.5],
							"lerp_mode": "catmullrom"
						},
						"0.75": {
							"post": [0, 0, -2.54],
							"lerp_mode": "catmullrom"
						},
						"0.7917": {
							"post": [0, 0, 2.5],
							"lerp_mode": "catmullrom"
						},
						"0.8333": {
							"post": [0, 0, -2.54],
							"lerp_mode": "catmullrom"
						},
						"0.875": {
							"post": [0, 0, 2.5],
							"lerp_mode": "catmullrom"
						},
						"0.9167": {
							"post": [0, 0, -2.54],
							"lerp_mode": "catmullrom"
						},
						"0.9583": {
							"post": [0, 0, 2.5],
							"lerp_mode": "catmullrom"
						},
						"1.0": {
							"post": [0, 0, -2.54],
							"lerp_mode": "catmullrom"
						},
						"1.375": {
							"post": [0, 0, -110],
							"lerp_mode": "catmullrom"
						}
					},
					"position": {
						"0.0": {
							"post": [0, 0, 0],
							"lerp_mode": "catmullrom"
						},
						"1.0": {
							"post": [0, 0, 0],
							"lerp_mode": "catmullrom"
						},
						"1.375": {
							"post": [9, -31, 0],
							"lerp_mode": "catmullrom"
						}
					}
				},
				"thigh": {
					"rotation": {
						"0.0": {
							"post": [0, 0, 0],
							"lerp_mode": "catmullrom"
						},
						"1.0": {
							"post": [0, 0, 0],
							"lerp_mode": "catmullrom"
						},
						"1.375": {
							"post": [0, 0, 0],
							"lerp_mode": "catmullrom"
						}
					},
					"position": {
						"0.0": {
							"post": [0, 0, 0],
							"lerp_mode": "catmullrom"
						},
						"1.0": {
							"post": [0, 0, 0],
							"lerp_mode": "catmullrom"
						},
						"1.375": {
							"post": [-1.775, 1.925, 0],
							"lerp_mode": "catmullrom"
						}
					}
				},
				"leg": {
					"rotation": {
						"0.0": {
							"post": [0, 0, 0],
							"lerp_mode": "catmullrom"
						},
						"1.0": {
							"post": [0, 0, 0],
							"lerp_mode": "catmullrom"
						},
						"1.375": {
							"post": [0, 0, 110],
							"lerp_mode": "catmullrom"
						}
					},
					"position": {
						"0.0": {
							"post": [0, 0, 0],
							"lerp_mode": "catmullrom"
						},
						"1.0": {
							"post": [0, 0, 0],
							"lerp_mode": "catmullrom"
						},
						"1.375": {
							"post": [-10.5, 15.175, 0],
							"lerp_mode": "catmullrom"
						}
					}
				},
				"frontright": {
					"rotation": {
						"0.0": {
							"post": [0, 0, 2.5],
							"lerp_mode": "catmullrom"
						},
						"0.0417": {
							"post": [0, 0, -2.54],
							"lerp_mode": "catmullrom"
						},
						"0.0833": {
							"post": [0, 0, 2.5],
							"lerp_mode": "catmullrom"
						},
						"0.125": {
							"post": [0, 0, -2.54],
							"lerp_mode": "catmullrom"
						},
						"0.1667": {
							"post": [0, 0, 2.5],
							"lerp_mode": "catmullrom"
						},
						"0.2083": {
							"post": [0, 0, -2.54],
							"lerp_mode": "catmullrom"
						},
						"0.25": {
							"post": [0, 0, 2.5],
							"lerp_mode": "catmullrom"
						},
						"0.2917": {
							"post": [0, 0, -2.54],
							"lerp_mode": "catmullrom"
						},
						"0.3333": {
							"post": [0, 0, 2.5],
							"lerp_mode": "catmullrom"
						},
						"0.375": {
							"post": [0, 0, -2.54],
							"lerp_mode": "catmullrom"
						},
						"0.4167": {
							"post": [0, 0, 2.5],
							"lerp_mode": "catmullrom"
						},
						"0.4583": {
							"post": [0, 0, -2.54],
							"lerp_mode": "catmullrom"
						},
						"0.5": {
							"post": [0, 0, 2.5],
							"lerp_mode": "catmullrom"
						},
						"0.5417": {
							"post": [0, 0, -2.54],
							"lerp_mode": "catmullrom"
						},
						"0.5833": {
							"post": [0, 0, 2.5],
							"lerp_mode": "catmullrom"
						},
						"0.625": {
							"post": [0, 0, -2.54],
							"lerp_mode": "catmullrom"
						},
						"0.6667": {
							"post": [0, 0, 2.5],
							"lerp_mode": "catmullrom"
						},
						"0.7083": {
							"post": [0, 0, -2.54],
							"lerp_mode": "catmullrom"
						},
						"0.75": {
							"post": [0, 0, 2.5],
							"lerp_mode": "catmullrom"
						},
						"0.7917": {
							"post": [0, 0, -2.54],
							"lerp_mode": "catmullrom"
						},
						"0.8333": {
							"post": [0, 0, 2.5],
							"lerp_mode": "catmullrom"
						},
						"0.875": {
							"post": [0, 0, -2.54],
							"lerp_mode": "catmullrom"
						},
						"0.9167": {
							"post": [0, 0, 2.5],
							"lerp_mode": "catmullrom"
						},
						"0.9583": {
							"post": [0, 0, -2.54],
							"lerp_mode": "catmullrom"
						},
						"1.0": {
							"post": [0, 0, 0],
							"lerp_mode": "catmullrom"
						},
						"1.375": {
							"post": [0, 0, 110],
							"lerp_mode": "catmullrom"
						}
					},
					"position": {
						"0.0": {
							"post": [0, 0, 0],
							"lerp_mode": "catmullrom"
						},
						"1.0": {
							"post": [0, 0, 0],
							"lerp_mode": "catmullrom"
						},
						"1.375": {
							"post": [-7.275, -35.425, 0],
							"lerp_mode": "catmullrom"
						}
					}
				},
				"leg2": {
					"rotation": {
						"0.0": {
							"post": [0, 0, 0],
							"lerp_mode": "catmullrom"
						},
						"1.0": {
							"post": [0, 0, 0],
							"lerp_mode": "catmullrom"
						},
						"1.375": {
							"post": [0, 0, -110],
							"lerp_mode": "catmullrom"
						}
					},
					"position": {
						"0.0": {
							"post": [0, 0, 0],
							"lerp_mode": "catmullrom"
						},
						"1.0": {
							"post": [0, 0, 0],
							"lerp_mode": "catmullrom"
						},
						"1.1667": {
							"post": [-7.61, -2.06, 0],
							"lerp_mode": "catmullrom"
						},
						"1.375": {
							"post": [-3.625, -4.625, 0],
							"lerp_mode": "catmullrom"
						}
					}
				},
				"midleft": {
					"rotation": {
						"0.0": {
							"post": [0, 0, 0],
							"lerp_mode": "catmullrom"
						},
						"0.0417": {
							"post": [0, 0, 2.5],
							"lerp_mode": "catmullrom"
						},
						"0.0833": {
							"post": [0, 0, -2.54],
							"lerp_mode": "catmullrom"
						},
						"0.125": {
							"post": [0, 0, 2.5],
							"lerp_mode": "catmullrom"
						},
						"0.1667": {
							"post": [0, 0, -2.54],
							"lerp_mode": "catmullrom"
						},
						"0.2083": {
							"post": [0, 0, 2.5],
							"lerp_mode": "catmullrom"
						},
						"0.25": {
							"post": [0, 0, -2.54],
							"lerp_mode": "catmullrom"
						},
						"0.2917": {
							"post": [0, 0, 2.5],
							"lerp_mode": "catmullrom"
						},
						"0.3333": {
							"post": [0, 0, -2.54],
							"lerp_mode": "catmullrom"
						},
						"0.375": {
							"post": [0, 0, 2.5],
							"lerp_mode": "catmullrom"
						},
						"0.4167": {
							"post": [0, 0, -2.54],
							"lerp_mode": "catmullrom"
						},
						"0.4583": {
							"post": [0, 0, 2.5],
							"lerp_mode": "catmullrom"
						},
						"0.5": {
							"post": [0, 0, -2.54],
							"lerp_mode": "catmullrom"
						},
						"0.5417": {
							"post": [0, 0, 2.5],
							"lerp_mode": "catmullrom"
						},
						"0.5833": {
							"post": [0, 0, -2.54],
							"lerp_mode": "catmullrom"
						},
						"0.625": {
							"post": [0, 0, 2.5],
							"lerp_mode": "catmullrom"
						},
						"0.6667": {
							"post": [0, 0, -2.54],
							"lerp_mode": "catmullrom"
						},
						"0.7083": {
							"post": [0, 0, 2.5],
							"lerp_mode": "catmullrom"
						},
						"0.75": {
							"post": [0, 0, -2.54],
							"lerp_mode": "catmullrom"
						},
						"0.7917": {
							"post": [0, 0, 2.5],
							"lerp_mode": "catmullrom"
						},
						"0.8333": {
							"post": [0, 0, -2.54],
							"lerp_mode": "catmullrom"
						},
						"0.875": {
							"post": [0, 0, 2.5],
							"lerp_mode": "catmullrom"
						},
						"0.9167": {
							"post": [0, 0, -2.54],
							"lerp_mode": "catmullrom"
						},
						"0.9583": {
							"post": [0, 0, 2.5],
							"lerp_mode": "catmullrom"
						},
						"1.0": {
							"post": [0, 0, -2.54],
							"lerp_mode": "catmullrom"
						},
						"1.375": {
							"post": [0, 0, -112.5],
							"lerp_mode": "catmullrom"
						}
					},
					"position": {
						"0.0": {
							"post": [0, 0, 0],
							"lerp_mode": "catmullrom"
						},
						"1.0": {
							"post": [0, 0, 0],
							"lerp_mode": "catmullrom"
						},
						"1.375": {
							"post": [6, -33, 0],
							"lerp_mode": "catmullrom"
						}
					}
				},
				"thigh5": {
					"rotation": {
						"0.0": {
							"post": [0, 0, 0],
							"lerp_mode": "catmullrom"
						},
						"1.0": {
							"post": [0, 0, 0],
							"lerp_mode": "catmullrom"
						},
						"1.375": {
							"post": [0, 0, 5],
							"lerp_mode": "catmullrom"
						}
					}
				},
				"leg5": {
					"rotation": {
						"0.0": {
							"post": [0, 0, 0],
							"lerp_mode": "catmullrom"
						},
						"1.0": {
							"post": [0, 0, 0],
							"lerp_mode": "catmullrom"
						},
						"1.375": {
							"post": [0, 0, 112.5],
							"lerp_mode": "catmullrom"
						}
					},
					"position": {
						"0.0": {
							"post": [0, 0, 0],
							"lerp_mode": "catmullrom"
						},
						"1.0": {
							"post": [0, 0, 0],
							"lerp_mode": "catmullrom"
						},
						"1.375": {
							"post": [-10.3, 12.075, 0],
							"lerp_mode": "catmullrom"
						}
					}
				},
				"midright": {
					"rotation": {
						"0.0": {
							"post": [0, 0, 0],
							"lerp_mode": "catmullrom"
						},
						"0.0417": {
							"post": [0, 0, 2.5],
							"lerp_mode": "catmullrom"
						},
						"0.0833": {
							"post": [0, 0, -2.54],
							"lerp_mode": "catmullrom"
						},
						"0.125": {
							"post": [0, 0, 2.5],
							"lerp_mode": "catmullrom"
						},
						"0.1667": {
							"post": [0, 0, -2.54],
							"lerp_mode": "catmullrom"
						},
						"0.2083": {
							"post": [0, 0, 2.5],
							"lerp_mode": "catmullrom"
						},
						"0.25": {
							"post": [0, 0, -2.54],
							"lerp_mode": "catmullrom"
						},
						"0.2917": {
							"post": [0, 0, 2.5],
							"lerp_mode": "catmullrom"
						},
						"0.3333": {
							"post": [0, 0, -2.54],
							"lerp_mode": "catmullrom"
						},
						"0.375": {
							"post": [0, 0, 2.5],
							"lerp_mode": "catmullrom"
						},
						"0.4167": {
							"post": [0, 0, -2.54],
							"lerp_mode": "catmullrom"
						},
						"0.4583": {
							"post": [0, 0, 2.5],
							"lerp_mode": "catmullrom"
						},
						"0.5": {
							"post": [0, 0, -2.54],
							"lerp_mode": "catmullrom"
						},
						"0.5417": {
							"post": [0, 0, 2.5],
							"lerp_mode": "catmullrom"
						},
						"0.5833": {
							"post": [0, 0, -2.54],
							"lerp_mode": "catmullrom"
						},
						"0.625": {
							"post": [0, 0, 2.5],
							"lerp_mode": "catmullrom"
						},
						"0.6667": {
							"post": [0, 0, -2.54],
							"lerp_mode": "catmullrom"
						},
						"0.7083": {
							"post": [0, 0, 2.5],
							"lerp_mode": "catmullrom"
						},
						"0.75": {
							"post": [0, 0, -2.54],
							"lerp_mode": "catmullrom"
						},
						"0.7917": {
							"post": [0, 0, 2.5],
							"lerp_mode": "catmullrom"
						},
						"0.8333": {
							"post": [0, 0, -2.54],
							"lerp_mode": "catmullrom"
						},
						"0.875": {
							"post": [0, 0, 2.5],
							"lerp_mode": "catmullrom"
						},
						"0.9167": {
							"post": [0, 0, -2.54],
							"lerp_mode": "catmullrom"
						},
						"0.9583": {
							"post": [0, 0, 2.5],
							"lerp_mode": "catmullrom"
						},
						"1.0": {
							"post": [0, 0, -2.54],
							"lerp_mode": "catmullrom"
						},
						"1.375": {
							"post": [0, 0, 110],
							"lerp_mode": "catmullrom"
						}
					},
					"position": {
						"0.0": {
							"post": [0, 0, 0],
							"lerp_mode": "catmullrom"
						},
						"1.0": {
							"post": [0, 0, 0],
							"lerp_mode": "catmullrom"
						},
						"1.375": {
							"post": [-7, -32, 0],
							"lerp_mode": "catmullrom"
						}
					}
				},
				"thigh6": {
					"rotation": {
						"0.0": {
							"post": [0, 0, 0],
							"lerp_mode": "catmullrom"
						},
						"1.0": {
							"post": [0, 0, 0],
							"lerp_mode": "catmullrom"
						},
						"1.375": {
							"post": [0, 0, -5],
							"lerp_mode": "catmullrom"
						}
					},
					"position": {
						"0.0": {
							"post": [0, 0, 0],
							"lerp_mode": "catmullrom"
						},
						"1.0": {
							"post": [0, 0, 0],
							"lerp_mode": "catmullrom"
						},
						"1.375": {
							"post": [0, 2, 0],
							"lerp_mode": "catmullrom"
						}
					}
				},
				"leg6": {
					"rotation": {
						"0.0": {
							"post": [0, 0, 0],
							"lerp_mode": "catmullrom"
						},
						"1.0": {
							"post": [0, 0, 0],
							"lerp_mode": "catmullrom"
						},
						"1.375": {
							"post": [0, 0, -110],
							"lerp_mode": "catmullrom"
						}
					},
					"position": {
						"0.0": {
							"post": [0, 0, 0],
							"lerp_mode": "catmullrom"
						},
						"1.0": {
							"post": [0, 0, 0],
							"lerp_mode": "catmullrom"
						},
						"1.375": {
							"post": [10.1, 14.725, 0],
							"lerp_mode": "catmullrom"
						}
					}
				},
				"backleft": {
					"rotation": {
						"0.0": {
							"post": [0, 0, 0],
							"lerp_mode": "catmullrom"
						},
						"0.0417": {
							"post": [0, 0, 2.5],
							"lerp_mode": "catmullrom"
						},
						"0.0833": {
							"post": [0, 0, -2.54],
							"lerp_mode": "catmullrom"
						},
						"0.125": {
							"post": [0, 0, 2.5],
							"lerp_mode": "catmullrom"
						},
						"0.1667": {
							"post": [0, 0, -2.54],
							"lerp_mode": "catmullrom"
						},
						"0.2083": {
							"post": [0, 0, 2.5],
							"lerp_mode": "catmullrom"
						},
						"0.25": {
							"post": [0, 0, -2.54],
							"lerp_mode": "catmullrom"
						},
						"0.2917": {
							"post": [0, 0, 2.5],
							"lerp_mode": "catmullrom"
						},
						"0.3333": {
							"post": [0, 0, -2.54],
							"lerp_mode": "catmullrom"
						},
						"0.375": {
							"post": [0, 0, 2.5],
							"lerp_mode": "catmullrom"
						},
						"0.4167": {
							"post": [0, 0, -2.54],
							"lerp_mode": "catmullrom"
						},
						"0.4583": {
							"post": [0, 0, 2.5],
							"lerp_mode": "catmullrom"
						},
						"0.5": {
							"post": [0, 0, -2.54],
							"lerp_mode": "catmullrom"
						},
						"0.5417": {
							"post": [0, 0, 2.5],
							"lerp_mode": "catmullrom"
						},
						"0.5833": {
							"post": [0, 0, -2.54],
							"lerp_mode": "catmullrom"
						},
						"0.625": {
							"post": [0, 0, 2.5],
							"lerp_mode": "catmullrom"
						},
						"0.6667": {
							"post": [0, 0, -2.54],
							"lerp_mode": "catmullrom"
						},
						"0.7083": {
							"post": [0, 0, 2.5],
							"lerp_mode": "catmullrom"
						},
						"0.75": {
							"post": [0, 0, -2.54],
							"lerp_mode": "catmullrom"
						},
						"0.7917": {
							"post": [0, 0, 2.5],
							"lerp_mode": "catmullrom"
						},
						"0.8333": {
							"post": [0, 0, -2.54],
							"lerp_mode": "catmullrom"
						},
						"0.875": {
							"post": [0, 0, 2.5],
							"lerp_mode": "catmullrom"
						},
						"0.9167": {
							"post": [0, 0, -2.54],
							"lerp_mode": "catmullrom"
						},
						"0.9583": {
							"post": [0, 0, 2.5],
							"lerp_mode": "catmullrom"
						},
						"1.0": {
							"post": [0, 0, -2.54],
							"lerp_mode": "catmullrom"
						},
						"1.375": {
							"post": [0, 0, -110],
							"lerp_mode": "catmullrom"
						}
					},
					"position": {
						"0.0": {
							"post": [0, 0, 0],
							"lerp_mode": "catmullrom"
						},
						"1.0": {
							"post": [0, 0, 0],
							"lerp_mode": "catmullrom"
						},
						"1.375": {
							"post": [9, -33, 0],
							"lerp_mode": "catmullrom"
						}
					}
				},
				"leg3": {
					"rotation": {
						"0.0": {
							"post": [0, 0, 0],
							"lerp_mode": "catmullrom"
						},
						"1.0": {
							"post": [0, 0, 0],
							"lerp_mode": "catmullrom"
						},
						"1.375": {
							"post": [0, 0, 107.5],
							"lerp_mode": "catmullrom"
						}
					},
					"position": {
						"0.0": {
							"post": [0, 0, 0],
							"lerp_mode": "catmullrom"
						},
						"1.0": {
							"post": [0, 0, 0],
							"lerp_mode": "catmullrom"
						},
						"1.375": {
							"post": [-9.675, 10.225, 0],
							"lerp_mode": "catmullrom"
						}
					}
				},
				"backright": {
					"rotation": {
						"0.0": {
							"post": [0, 0, 0],
							"lerp_mode": "catmullrom"
						},
						"0.0417": {
							"post": [0, 0, 2.5],
							"lerp_mode": "catmullrom"
						},
						"0.0833": {
							"post": [0, 0, -2.54],
							"lerp_mode": "catmullrom"
						},
						"0.125": {
							"post": [0, 0, 2.5],
							"lerp_mode": "catmullrom"
						},
						"0.1667": {
							"post": [0, 0, -2.54],
							"lerp_mode": "catmullrom"
						},
						"0.2083": {
							"post": [0, 0, 2.5],
							"lerp_mode": "catmullrom"
						},
						"0.25": {
							"post": [0, 0, -2.54],
							"lerp_mode": "catmullrom"
						},
						"0.2917": {
							"post": [0, 0, 2.5],
							"lerp_mode": "catmullrom"
						},
						"0.3333": {
							"post": [0, 0, -2.54],
							"lerp_mode": "catmullrom"
						},
						"0.375": {
							"post": [0, 0, 2.5],
							"lerp_mode": "catmullrom"
						},
						"0.4167": {
							"post": [0, 0, -2.54],
							"lerp_mode": "catmullrom"
						},
						"0.4583": {
							"post": [0, 0, 2.5],
							"lerp_mode": "catmullrom"
						},
						"0.5": {
							"post": [0, 0, -2.54],
							"lerp_mode": "catmullrom"
						},
						"0.5417": {
							"post": [0, 0, 2.5],
							"lerp_mode": "catmullrom"
						},
						"0.5833": {
							"post": [0, 0, -2.54],
							"lerp_mode": "catmullrom"
						},
						"0.625": {
							"post": [0, 0, 2.5],
							"lerp_mode": "catmullrom"
						},
						"0.6667": {
							"post": [0, 0, -2.54],
							"lerp_mode": "catmullrom"
						},
						"0.7083": {
							"post": [0, 0, 2.5],
							"lerp_mode": "catmullrom"
						},
						"0.75": {
							"post": [0, 0, -2.54],
							"lerp_mode": "catmullrom"
						},
						"0.7917": {
							"post": [0, 0, 2.5],
							"lerp_mode": "catmullrom"
						},
						"0.8333": {
							"post": [0, 0, -2.54],
							"lerp_mode": "catmullrom"
						},
						"0.875": {
							"post": [0, 0, 2.5],
							"lerp_mode": "catmullrom"
						},
						"0.9167": {
							"post": [0, 0, -2.54],
							"lerp_mode": "catmullrom"
						},
						"0.9583": {
							"post": [0, 0, 2.5],
							"lerp_mode": "catmullrom"
						},
						"1.0": {
							"post": [0, 0, -2.54],
							"lerp_mode": "catmullrom"
						},
						"1.375": {
							"post": [0, 0, 110],
							"lerp_mode": "catmullrom"
						}
					},
					"position": {
						"0.0": {
							"post": [0, 0, 0],
							"lerp_mode": "catmullrom"
						},
						"1.0": {
							"post": [0, 0, 0],
							"lerp_mode": "catmullrom"
						},
						"1.375": {
							"post": [-7, -34, 0],
							"lerp_mode": "catmullrom"
						}
					}
				},
				"leg4": {
					"rotation": {
						"0.0": {
							"post": [0, 0, 0],
							"lerp_mode": "catmullrom"
						},
						"1.0": {
							"post": [0, 0, 0],
							"lerp_mode": "catmullrom"
						},
						"1.375": {
							"post": [0, 0, -110],
							"lerp_mode": "catmullrom"
						}
					},
					"position": {
						"0.0": {
							"post": [0, 0, 0],
							"lerp_mode": "catmullrom"
						},
						"1.0": {
							"post": [0, 0, 0],
							"lerp_mode": "catmullrom"
						},
						"1.375": {
							"post": [8.4, 12, 0],
							"lerp_mode": "catmullrom"
						}
					}
				}
			}
		}
	}
}