{
	"format_version": "1.8.0",
	"animations": {
		"animation.geodon.ground_idle": {
			"loop": true,
			"animation_length": 4,
			"bones": {
				"head": {
					"rotation": {
						"0.0": [5, 0, 0],
						"2.0": [10, 0, 0],
						"4.0": [5, 0, 0]
					}
				},
				"arm": {
					"rotation": {
						"0.0": [0, 12.5, 27.5],
						"2.0": [-2.28936, 19.80135, 16.95651],
						"4.0": [0, 12.5, 27.5]
					}
				},
				"bone2": {
					"rotation": [0, 30, 0]
				},
				"arm2": {
					"rotation": {
						"0.0": [12.5, 0, -27.5],
						"2.0": [12.48021, -9.47952, -19.34992],
						"4.0": [12.5, 0, -27.5]
					}
				},
				"bone3": {
					"rotation": [0, -30, 0]
				},
				"floating_rocks": {
					"rotation": [0, 0, 0]
				},
				"bone4": {
					"rotation": {
						"0.0": [0, 0, 0],
						"4.0": [0, -360, 0]
					}
				},
				"bone5": {
					"rotation": {
						"0.0": [0, 22.5, 0],
						"4.0": [0, -337.5, 0]
					}
				},
				"bone6": {
					"rotation": {
						"0.0": [0, 45, 0],
						"4.0": [0, 405, 0]
					}
				}
			}
		},
		"animation.geodon.ground_walk": {
			"loop": true,
			"animation_length": 1.6,
			"bones": {
				"head": {
					"rotation": {
						"0.0": [20, 0, 0],
						"0.8": [25, 0, 0],
						"1.6": [20, 0, 0]
					},
					"position": {
						"0.0": [0, -1, 0],
						"1.6": [0, -1, 0]
					}
				},
				"arm": {
					"rotation": {
						"0.0": [-16.73272, -36.68763, 35.91566],
						"0.8": [-7.13204, -39.29108, 20.38116],
						"1.6": [-16.73272, -36.68763, 35.91566]
					}
				},
				"bone2": {
					"rotation": {
						"0.0": [-0.2231, 12.49041, -5.04352],
						"0.8": [-0.21865, 4.99046, -5.01429],
						"1.6": [-0.2231, 12.49041, -5.04352]
					}
				},
				"arm2": {
					"rotation": {
						"0.0": [-16.73272, 36.68763, -35.91566],
						"0.8": [-7.13204, 39.29108, -20.38116],
						"1.6": [-16.73272, 36.68763, -35.91566]
					}
				},
				"bone3": {
					"rotation": {
						"0.0": [-0.2231, -12.49041, 5.04352],
						"0.8": [-0.21865, -4.99046, 5.01429],
						"1.6": [-0.2231, -12.49041, 5.04352]
					}
				},
				"floating_rocks": {
					"rotation": [25, 0, 0],
					"position": [0, 0, 3]
				},
				"bone4": {
					"rotation": {
						"0.0": [0, 0, 0],
						"1.6": [0, 360, 0]
					},
					"position": [0, 2, 0]
				},
				"bone5": {
					"rotation": {
						"0.0": [0, 0, 0],
						"1.6": [0, -360, 0]
					},
					"position": [0, 2, 0]
				},
				"bone6": {
					"rotation": {
						"0.0": [0, 0, 0],
						"1.6": [0, 360, 0]
					},
					"position": [0, 2, 0]
				}
			}
		}
	}
}