{
	"format_version": "1.12.0",
	"minecraft:geometry": [
		{
			"description": {
				"identifier": "geometry.lymming",
				"texture_width": 32,
				"texture_height": 32,
				"visible_bounds_width": 2,
				"visible_bounds_height": 2.5,
				"visible_bounds_offset": [0, 0.75, 0]
			},
			"bones": [
				{
					"name": "lymming",
					"pivot": [0, 0, 0]
				},
				{
					"name": "body",
					"parent": "lymming",
					"pivot": [0, 6.41422, -1.62986],
					"cubes": [
						{"origin": [-1.5, 4.66422, -2.72986], "size": [3, 3, 2], "pivot": [0, 6.41422, -1.62986], "rotation": [-20, 0, 0], "uv": [20, 18]},
						{"origin": [-2, 3.02946, -1.42995], "size": [4, 4, 4], "inflate": 0.01, "pivot": [0, 5.52946, 0.07005], "rotation": [-37.5, 0, 0], "uv": [0, 9]},
						{"origin": [0, 3.98006, 2.55328], "size": [4, 0, 5], "inflate": 0.01, "pivot": [0, 3.98006, 4.55328], "rotation": [0, 7.5, -90], "uv": [10, 0]}
					]
				},
				{
					"name": "head",
					"parent": "body",
					"pivot": [0, 7.42461, -3.30248],
					"cubes": [
						{"origin": [-2.5, 6, -7], "size": [5, 4, 5], "pivot": [0, 6.75, -3.75], "rotation": [10, 0, 0], "uv": [0, 0]},
						{"origin": [-1.5, 4.45463, -6.58356], "size": [3, 1, 0], "pivot": [0, 4.95463, -6.73356], "rotation": [25, 0, 0], "uv": [23, 3]},
						{"origin": [0, 9.35408, -3.62748], "size": [0, 4, 5], "pivot": [0, 11.35408, -1.12748], "rotation": [25.15933, 21.2842, -37.69778], "uv": [0, 12]}
					]
				},
				{
					"name": "jaw",
					"parent": "head",
					"pivot": [0, 6.22558, -2.77914],
					"cubes": [
						{"origin": [-2, 5, -6], "size": [4, 1, 4], "pivot": [0, 6.75, -3.75], "rotation": [10, 0, 0], "uv": [12, 13]}
					]
				},
				{
					"name": "eye_left",
					"parent": "head",
					"pivot": [1.91366, 9.70524, -5.29964],
					"cubes": [
						{"origin": [1.9, 9.31466, -6.08242], "size": [1, 2, 0], "pivot": [2.9, 11.26466, -5.83242], "rotation": [24.51082, -3.84097, 14.51082], "uv": [2, 2]}
					]
				},
				{
					"name": "eyestalk_left",
					"parent": "eye_left",
					"pivot": [2.43145, 11.29653, -6.01348],
					"cubes": [
						{"origin": [2.15576, 11.16387, -6.34841], "size": [1, 2, 0], "pivot": [2.75576, 12.66387, -6.74841], "rotation": [9.66735, -3.42445, 9.54079], "uv": [2, 0]},
						{"origin": [1.1, 12.65, -6.85], "size": [3, 2, 1], "uv": [20, 23]}
					]
				},
				{
					"name": "eye_right",
					"parent": "head",
					"pivot": [-1.91366, 9.70524, -5.29964],
					"cubes": [
						{"origin": [-2.9, 9.31466, -6.08242], "size": [1, 2, 0], "pivot": [-2.9, 11.26466, -5.83242], "rotation": [24.51082, 3.84097, -14.51082], "uv": [0, 2]}
					]
				},
				{
					"name": "eyestalk_right",
					"parent": "eye_right",
					"pivot": [-2.43145, 11.29653, -6.01348],
					"cubes": [
						{"origin": [-3.15576, 11.16387, -6.34841], "size": [1, 2, 0], "pivot": [-2.75576, 12.66387, -6.74841], "rotation": [9.66735, 3.42445, -9.54079], "uv": [0, 0]},
						{"origin": [-4.1, 12.65, -6.85], "size": [3, 2, 1], "uv": [23, 0]}
					]
				},
				{
					"name": "leg_left",
					"parent": "body",
					"pivot": [2, 3.31753, 0.45728],
					"cubes": [
						{"origin": [1, 1.56753, -0.29272], "size": [2, 2, 2], "inflate": 0.01, "pivot": [1.75, 2.56753, 0.70728], "rotation": [-72.5, 0, 0], "uv": [0, 21]}
					]
				},
				{
					"name": "foot_left",
					"parent": "leg_left",
					"pivot": [2, 1.91009, 0.80869],
					"cubes": [
						{"origin": [0.5, -4.58991, 0.05869], "size": [3, 6, 2], "inflate": 0.01, "pivot": [2, 0.66009, 1.30869], "rotation": [-90, 0, 0], "uv": [20, 5]}
					]
				},
				{
					"name": "leg_right",
					"parent": "body",
					"pivot": [-2, 3.31753, 0.45728],
					"cubes": [
						{"origin": [-3, 1.56753, -0.29272], "size": [2, 2, 2], "inflate": 0.01, "pivot": [-1.75, 2.56753, 0.70728], "rotation": [-72.5, 0, 0], "uv": [12, 9]}
					]
				},
				{
					"name": "foot_right",
					"parent": "leg_right",
					"pivot": [-2, 1.91009, 0.80869],
					"cubes": [
						{"origin": [-3.5, -4.58991, 0.05869], "size": [3, 6, 2], "inflate": 0.01, "pivot": [-2, 0.66009, 1.30869], "rotation": [-90, 0, 0], "uv": [10, 18]}
					]
				}
			]
		}
	]
}