{
	"format_version": "1.12.0",
	"minecraft:geometry": [
		{
			"description": {
				"identifier": "geometry.monsavril",
				"texture_width": 200,
				"texture_height": 200,
				"visible_bounds_width": 6,
				"visible_bounds_height": 7.5,
				"visible_bounds_offset": [0, 3.25, 0]
			},
			"bones": [
				{
					"name": "monsavril",
					"pivot": [0, 0, 0]
				},
				{
					"name": "head",
					"parent": "monsavril",
					"pivot": [0, 36, -23],
					"cubes": [
						{"origin": [-8, 36, -31], "size": [16, 21, 8], "uv": [0, 0]},
						{"origin": [-16, 44, -27], "size": [32, 20, 0], "uv": [64, 7]}
					]
				},
				{
					"name": "neck",
					"parent": "monsavril",
					"pivot": [0, 26, -7.5],
					"rotation": [-40, 0, 0],
					"cubes": [
						{"origin": [-4, 22.44002, -32.25574], "size": [8, 8, 25], "uv": [3, 38]}
					]
				},
				{
					"name": "bone",
					"parent": "monsavril",
					"pivot": [0, 0, 0],
					"cubes": [
						{"origin": [-9, 22, -10], "size": [18, 8, 27], "uv": [88, 43]}
					]
				},
				{
					"name": "leg",
					"parent": "monsavril",
					"pivot": [9, 25.75, -6],
					"cubes": [
						{"origin": [16, 0, -9], "size": [6, 23, 6], "uv": [48, 88]},
						{"origin": [5, 23, -9], "size": [17, 6, 6], "uv": [98, 88]}
					]
				},
				{
					"name": "leg3",
					"parent": "monsavril",
					"pivot": [9, 25.75, 13],
					"cubes": [
						{"origin": [16, 0, 10], "size": [6, 23, 6], "uv": [48, 88]},
						{"origin": [5, 23, 10], "size": [17, 6, 6], "uv": [98, 88]}
					]
				},
				{
					"name": "leg2",
					"parent": "monsavril",
					"pivot": [-9, 25.75, -6],
					"cubes": [
						{"origin": [-22, 0, -9], "size": [6, 23, 6], "uv": [48, 88], "mirror": true},
						{"origin": [-22, 23, -9], "size": [17, 6, 6], "uv": [98, 88], "mirror": true}
					]
				},
				{
					"name": "leg4",
					"parent": "monsavril",
					"pivot": [-9, 25.75, 13],
					"cubes": [
						{"origin": [-22, 0, 10], "size": [6, 23, 6], "uv": [48, 88], "mirror": true},
						{"origin": [-22, 23, 10], "size": [17, 6, 6], "uv": [98, 88], "mirror": true}
					]
				},
				{
					"name": "tail",
					"parent": "monsavril",
					"pivot": [0.006, 25.70948, 10.59384],
					"cubes": [
						{"origin": [-6, 26, 7], "size": [12, 29, 10], "pivot": [0, 26.5, 11], "rotation": [-35, 0, 0], "uv": [81, 156]},
						{"origin": [-5.99, 46.4087, 22.3], "size": [12, 29, 10], "uv": [14, 143]},
						{"origin": [-6, 70.4087, 19.5], "size": [12, 29, 10], "pivot": [0.01, 75.5, 26.3], "rotation": [55, 0, 0], "uv": [81, 156]},
						{"origin": [-5.99, 80.3, 9.9087], "size": [12, 29, 10], "pivot": [0.01, 85.8087, 7.9087], "rotation": [150, 0, 0], "uv": [14, 143]},
						{"origin": [-6.99, 57.3, -16.0913], "size": [14, 14, 14], "uv": [117, 124]}
					]
				}
			]
		}
	]
}