{
	"format_version": "1.12.0",
	"minecraft:geometry": [
		{
			"description": {
				"identifier": "geometry.vespamiel",
				"texture_width": 200,
				"texture_height": 200,
				"visible_bounds_width": 5,
				"visible_bounds_height": 7.5,
				"visible_bounds_offset": [0, 3.25, 0]
			},
			"bones": [
				{
					"name": "vespamiel",
					"pivot": [0, 0, 0]
				},
				{
					"name": "bone",
					"parent": "vespamiel",
					"pivot": [0, 30, 0]
				},
				{
					"name": "body",
					"parent": "bone",
					"pivot": [0, 37, 0],
					"cubes": [
						{"origin": [-7, 41, -7], "size": [14, 18, 14], "uv": [96, 6]}
					]
				},
				{
					"name": "wing",
					"parent": "body",
					"pivot": [0, 50, 7.02],
					"rotation": [15.00046, -31.99975, -26.82396],
					"cubes": [
						{"origin": [0, 45, 7.02], "size": [26, 12, 0], "uv": [110, 44]}
					]
				},
				{
					"name": "wing3",
					"parent": "body",
					"pivot": [0, 53, 7.02],
					"rotation": [-15.42998, -34.41216, 27.60807],
					"cubes": [
						{"origin": [0, 44, 7.02], "size": [26, 12, 0], "uv": [110, 44]}
					]
				},
				{
					"name": "wing2",
					"parent": "body",
					"pivot": [0, 53, 7.02],
					"rotation": [-15.42998, 34.41216, -27.60807],
					"cubes": [
						{"origin": [-26, 44, 7.02], "size": [26, 12, 0], "uv": [110, 44], "mirror": true}
					]
				},
				{
					"name": "wing4",
					"parent": "body",
					"pivot": [0, 50, 7.02],
					"rotation": [15.00046, 31.99975, 26.82396],
					"cubes": [
						{"origin": [-26, 45, 7.02], "size": [26, 12, 0], "uv": [110, 44], "mirror": true}
					]
				},
				{
					"name": "arm",
					"parent": "body",
					"pivot": [7, 50, 0],
					"cubes": [
						{"origin": [4, 47, -2], "size": [22, 6, 8], "uv": [7, 105]},
						{"origin": [18, 47, -24], "size": [8, 6, 22], "uv": [88, 66]}
					]
				},
				{
					"name": "arm2",
					"parent": "body",
					"pivot": [-7, 50, 0],
					"cubes": [
						{"origin": [-26, 47, -24], "size": [8, 6, 22], "uv": [88, 66], "mirror": true},
						{"origin": [-26, 47, -2], "size": [22, 6, 8], "uv": [7, 105], "mirror": true}
					]
				},
				{
					"name": "butt",
					"parent": "body",
					"pivot": [0, 37, 0],
					"cubes": [
						{"origin": [-14, 7, -14], "size": [28, 34, 28], "uv": [37, 133]}
					]
				},
				{
					"name": "head",
					"parent": "bone",
					"pivot": [0, 55, -1],
					"cubes": [
						{"origin": [-10, 55, -12], "size": [20, 18, 22], "uv": [0, 0]}
					]
				},
				{
					"name": "fang",
					"parent": "head",
					"pivot": [10, 62, -6],
					"rotation": [12.5, 0, 0],
					"cubes": [
						{"origin": [4, 59, -18], "size": [8, 6, 12], "uv": [160, 20]}
					]
				},
				{
					"name": "fang2",
					"parent": "head",
					"pivot": [-10, 62, -6],
					"rotation": [12.5, 0, 0],
					"cubes": [
						{"origin": [-12, 59, -18], "size": [8, 6, 12], "uv": [160, 20], "mirror": true}
					]
				},
				{
					"name": "antenna",
					"parent": "head",
					"pivot": [6, 73, -3],
					"cubes": [
						{"origin": [4, 71, -3], "size": [4, 12, 0], "uv": [44, 78]}
					]
				},
				{
					"name": "bone2",
					"parent": "antenna",
					"pivot": [6, 83, -3],
					"rotation": [-25, 0, 0],
					"cubes": [
						{"origin": [4, 83, -3], "size": [4, 14, 0], "pivot": [6, 83, -3], "rotation": [90, 0, 0], "uv": [38, 55]},
						{"origin": [4, 97, -5], "size": [4, 4, 4], "pivot": [6, 83, -3], "rotation": [90, 0, 0], "uv": [72, 63]}
					]
				},
				{
					"name": "antenna2",
					"parent": "head",
					"pivot": [-6, 73, -3],
					"cubes": [
						{"origin": [-8, 71, -3], "size": [4, 12, 0], "uv": [44, 78], "mirror": true}
					]
				},
				{
					"name": "bone3",
					"parent": "antenna2",
					"pivot": [-6, 83, -3],
					"rotation": [-25, 0, 0],
					"cubes": [
						{"origin": [-8, 97, -5], "size": [4, 4, 4], "pivot": [-6, 83, -3], "rotation": [90, 0, 0], "uv": [72, 63], "mirror": true},
						{"origin": [-8, 83, -3], "size": [4, 14, 0], "pivot": [-6, 83, -3], "rotation": [90, 0, 0], "uv": [38, 55], "mirror": true}
					]
				}
			]
		}
	]
}