{
	"format_version": "1.8.0",
	"animations": {
		"animation.queebee.ground_idle": {
			"loop": true,
			"animation_length": 3,
			"bones": {
				"whole": {
					"position": {
						"0.0": {
							"post": [0, 3, 0],
							"lerp_mode": "catmullrom"
						},
						"1.5": {
							"post": [0, -1, 0],
							"lerp_mode": "catmullrom"
						},
						"3.0": {
							"post": [0, 3, 0],
							"lerp_mode": "catmullrom"
						}
					}
				},
				"leftwing": {
					"rotation": {
						"0.0": {
							"post": [0, 0, -32.5],
							"lerp_mode": "catmullrom"
						},
						"0.0417": {
							"post": [0, 0, 22.5],
							"lerp_mode": "catmullrom"
						},
						"0.0833": {
							"post": [0, 0, -32.5],
							"lerp_mode": "catmullrom"
						},
						"0.125": {
							"post": [0, 0, 22.5],
							"lerp_mode": "catmullrom"
						},
						"0.1667": {
							"post": [0, 0, -32.5],
							"lerp_mode": "catmullrom"
						},
						"0.2083": {
							"post": [0, 0, 22.5],
							"lerp_mode": "catmullrom"
						},
						"0.25": {
							"post": [0, 0, -32.5],
							"lerp_mode": "catmullrom"
						},
						"0.2917": {
							"post": [0, 0, 22.5],
							"lerp_mode": "catmullrom"
						},
						"0.3333": {
							"post": [0, 0, -32.5],
							"lerp_mode": "catmullrom"
						},
						"0.375": {
							"post": [0, 0, 22.5],
							"lerp_mode": "catmullrom"
						},
						"0.4167": {
							"post": [0, 0, -32.5],
							"lerp_mode": "catmullrom"
						},
						"0.4583": {
							"post": [0, 0, 22.5],
							"lerp_mode": "catmullrom"
						},
						"0.5": {
							"post": [0, 0, -32.5],
							"lerp_mode": "catmullrom"
						},
						"0.5417": {
							"post": [0, 0, 22.5],
							"lerp_mode": "catmullrom"
						},
						"0.5833": {
							"post": [0, 0, -32.5],
							"lerp_mode": "catmullrom"
						},
						"0.625": {
							"post": [0, 0, 22.5],
							"lerp_mode": "catmullrom"
						},
						"0.6667": {
							"post": [0, 0, -32.5],
							"lerp_mode": "catmullrom"
						},
						"0.7083": {
							"post": [0, 0, 22.5],
							"lerp_mode": "catmullrom"
						},
						"0.75": {
							"post": [0, 0, -32.5],
							"lerp_mode": "catmullrom"
						},
						"0.7917": {
							"post": [0, 0, 22.5],
							"lerp_mode": "catmullrom"
						},
						"0.8333": {
							"post": [0, 0, -32.5],
							"lerp_mode": "catmullrom"
						},
						"0.875": {
							"post": [0, 0, 22.5],
							"lerp_mode": "catmullrom"
						},
						"0.9167": {
							"post": [0, 0, -32.5],
							"lerp_mode": "catmullrom"
						},
						"0.9583": {
							"post": [0, 0, 22.5],
							"lerp_mode": "catmullrom"
						},
						"1.0": {
							"post": [0, 0, -32.5],
							"lerp_mode": "catmullrom"
						},
						"1.0417": {
							"post": [0, 0, 22.5],
							"lerp_mode": "catmullrom"
						},
						"1.0833": {
							"post": [0, 0, -32.5],
							"lerp_mode": "catmullrom"
						},
						"1.125": {
							"post": [0, 0, 22.5],
							"lerp_mode": "catmullrom"
						},
						"1.1667": {
							"post": [0, 0, -32.5],
							"lerp_mode": "catmullrom"
						},
						"1.2083": {
							"post": [0, 0, 22.5],
							"lerp_mode": "catmullrom"
						},
						"1.25": {
							"post": [0, 0, -32.5],
							"lerp_mode": "catmullrom"
						},
						"1.2917": {
							"post": [0, 0, 22.5],
							"lerp_mode": "catmullrom"
						},
						"1.3333": {
							"post": [0, 0, -32.5],
							"lerp_mode": "catmullrom"
						},
						"1.375": {
							"post": [0, 0, 22.5],
							"lerp_mode": "catmullrom"
						},
						"1.4167": {
							"post": [0, 0, -32.5],
							"lerp_mode": "catmullrom"
						},
						"1.4583": {
							"post": [0, 0, 22.5],
							"lerp_mode": "catmullrom"
						},
						"1.5": {
							"post": [0, 0, -32.5],
							"lerp_mode": "catmullrom"
						},
						"1.5417": {
							"post": [0, 0, 22.5],
							"lerp_mode": "catmullrom"
						},
						"1.5833": {
							"post": [0, 0, -32.5],
							"lerp_mode": "catmullrom"
						},
						"1.625": {
							"post": [0, 0, 22.5],
							"lerp_mode": "catmullrom"
						},
						"1.6667": {
							"post": [0, 0, -32.5],
							"lerp_mode": "catmullrom"
						},
						"1.7083": {
							"post": [0, 0, 22.5],
							"lerp_mode": "catmullrom"
						},
						"1.75": {
							"post": [0, 0, -32.5],
							"lerp_mode": "catmullrom"
						},
						"1.7917": {
							"post": [0, 0, 22.5],
							"lerp_mode": "catmullrom"
						},
						"1.8333": {
							"post": [0, 0, -32.5],
							"lerp_mode": "catmullrom"
						},
						"1.875": {
							"post": [0, 0, 22.5],
							"lerp_mode": "catmullrom"
						},
						"1.9167": {
							"post": [0, 0, -32.5],
							"lerp_mode": "catmullrom"
						},
						"1.9583": {
							"post": [0, 0, 22.5],
							"lerp_mode": "catmullrom"
						},
						"2.0": {
							"post": [0, 0, -32.5],
							"lerp_mode": "catmullrom"
						},
						"2.0417": {
							"post": [0, 0, 22.5],
							"lerp_mode": "catmullrom"
						},
						"2.0833": {
							"post": [0, 0, -32.5],
							"lerp_mode": "catmullrom"
						},
						"2.125": {
							"post": [0, 0, 22.5],
							"lerp_mode": "catmullrom"
						},
						"2.1667": {
							"post": [0, 0, -32.5],
							"lerp_mode": "catmullrom"
						},
						"2.2083": {
							"post": [0, 0, 22.5],
							"lerp_mode": "catmullrom"
						},
						"2.25": {
							"post": [0, 0, -32.5],
							"lerp_mode": "catmullrom"
						},
						"2.2917": {
							"post": [0, 0, 22.5],
							"lerp_mode": "catmullrom"
						},
						"2.3333": {
							"post": [0, 0, -32.5],
							"lerp_mode": "catmullrom"
						},
						"2.375": {
							"post": [0, 0, 22.5],
							"lerp_mode": "catmullrom"
						},
						"2.4167": {
							"post": [0, 0, -32.5],
							"lerp_mode": "catmullrom"
						},
						"2.4583": {
							"post": [0, 0, 22.5],
							"lerp_mode": "catmullrom"
						},
						"2.5": {
							"post": [0, 0, -32.5],
							"lerp_mode": "catmullrom"
						},
						"2.5417": {
							"post": [0, 0, 22.5],
							"lerp_mode": "catmullrom"
						},
						"2.5833": {
							"post": [0, 0, -32.5],
							"lerp_mode": "catmullrom"
						},
						"2.625": {
							"post": [0, 0, 22.5],
							"lerp_mode": "catmullrom"
						},
						"2.6667": {
							"post": [0, 0, -32.5],
							"lerp_mode": "catmullrom"
						},
						"2.7083": {
							"post": [0, 0, 22.5],
							"lerp_mode": "catmullrom"
						},
						"2.75": {
							"post": [0, 0, -32.5],
							"lerp_mode": "catmullrom"
						},
						"2.7917": {
							"post": [0, 0, 22.5],
							"lerp_mode": "catmullrom"
						},
						"2.8333": {
							"post": [0, 0, -32.5],
							"lerp_mode": "catmullrom"
						},
						"2.875": {
							"post": [0, 0, 22.5],
							"lerp_mode": "catmullrom"
						},
						"2.9167": {
							"post": [0, 0, -32.5],
							"lerp_mode": "catmullrom"
						},
						"2.9583": {
							"post": [0, 0, 22.5],
							"lerp_mode": "catmullrom"
						},
						"3.0": {
							"post": [0, 0, -32.5],
							"lerp_mode": "catmullrom"
						}
					}
				},
				"rightwing": {
					"rotation": {
						"0.0": {
							"post": [0, 0, 35],
							"lerp_mode": "catmullrom"
						},
						"0.0417": {
							"post": [0, 0, -20],
							"lerp_mode": "catmullrom"
						},
						"0.0833": {
							"post": [0, 0, 35],
							"lerp_mode": "catmullrom"
						},
						"0.125": {
							"post": [0, 0, -20],
							"lerp_mode": "catmullrom"
						},
						"0.1667": {
							"post": [0, 0, 35],
							"lerp_mode": "catmullrom"
						},
						"0.2083": {
							"post": [0, 0, -20],
							"lerp_mode": "catmullrom"
						},
						"0.25": {
							"post": [0, 0, 35],
							"lerp_mode": "catmullrom"
						},
						"0.2917": {
							"post": [0, 0, -20],
							"lerp_mode": "catmullrom"
						},
						"0.3333": {
							"post": [0, 0, 35],
							"lerp_mode": "catmullrom"
						},
						"0.375": {
							"post": [0, 0, -20],
							"lerp_mode": "catmullrom"
						},
						"0.4167": {
							"post": [0, 0, 35],
							"lerp_mode": "catmullrom"
						},
						"0.4583": {
							"post": [0, 0, -20],
							"lerp_mode": "catmullrom"
						},
						"0.5": {
							"post": [0, 0, 35],
							"lerp_mode": "catmullrom"
						},
						"0.5417": {
							"post": [0, 0, -20],
							"lerp_mode": "catmullrom"
						},
						"0.5833": {
							"post": [0, 0, 35],
							"lerp_mode": "catmullrom"
						},
						"0.625": {
							"post": [0, 0, -20],
							"lerp_mode": "catmullrom"
						},
						"0.6667": {
							"post": [0, 0, 35],
							"lerp_mode": "catmullrom"
						},
						"0.7083": {
							"post": [0, 0, -20],
							"lerp_mode": "catmullrom"
						},
						"0.75": {
							"post": [0, 0, 35],
							"lerp_mode": "catmullrom"
						},
						"0.7917": {
							"post": [0, 0, -20],
							"lerp_mode": "catmullrom"
						},
						"0.8333": {
							"post": [0, 0, 35],
							"lerp_mode": "catmullrom"
						},
						"0.875": {
							"post": [0, 0, -20],
							"lerp_mode": "catmullrom"
						},
						"0.9167": {
							"post": [0, 0, 35],
							"lerp_mode": "catmullrom"
						},
						"0.9583": {
							"post": [0, 0, -20],
							"lerp_mode": "catmullrom"
						},
						"1.0": {
							"post": [0, 0, 35],
							"lerp_mode": "catmullrom"
						},
						"1.0417": {
							"post": [0, 0, -20],
							"lerp_mode": "catmullrom"
						},
						"1.0833": {
							"post": [0, 0, 35],
							"lerp_mode": "catmullrom"
						},
						"1.125": {
							"post": [0, 0, -20],
							"lerp_mode": "catmullrom"
						},
						"1.1667": {
							"post": [0, 0, 35],
							"lerp_mode": "catmullrom"
						},
						"1.2083": {
							"post": [0, 0, -20],
							"lerp_mode": "catmullrom"
						},
						"1.25": {
							"post": [0, 0, 35],
							"lerp_mode": "catmullrom"
						},
						"1.2917": {
							"post": [0, 0, -20],
							"lerp_mode": "catmullrom"
						},
						"1.3333": {
							"post": [0, 0, 35],
							"lerp_mode": "catmullrom"
						},
						"1.375": {
							"post": [0, 0, -20],
							"lerp_mode": "catmullrom"
						},
						"1.4167": {
							"post": [0, 0, 35],
							"lerp_mode": "catmullrom"
						},
						"1.4583": {
							"post": [0, 0, -20],
							"lerp_mode": "catmullrom"
						},
						"1.5": {
							"post": [0, 0, 35],
							"lerp_mode": "catmullrom"
						},
						"1.5417": {
							"post": [0, 0, -20],
							"lerp_mode": "catmullrom"
						},
						"1.5833": {
							"post": [0, 0, 35],
							"lerp_mode": "catmullrom"
						},
						"1.625": {
							"post": [0, 0, -20],
							"lerp_mode": "catmullrom"
						},
						"1.6667": {
							"post": [0, 0, 35],
							"lerp_mode": "catmullrom"
						},
						"1.7083": {
							"post": [0, 0, -20],
							"lerp_mode": "catmullrom"
						},
						"1.75": {
							"post": [0, 0, 35],
							"lerp_mode": "catmullrom"
						},
						"1.7917": {
							"post": [0, 0, -20],
							"lerp_mode": "catmullrom"
						},
						"1.8333": {
							"post": [0, 0, 35],
							"lerp_mode": "catmullrom"
						},
						"1.875": {
							"post": [0, 0, -20],
							"lerp_mode": "catmullrom"
						},
						"1.9167": {
							"post": [0, 0, 35],
							"lerp_mode": "catmullrom"
						},
						"1.9583": {
							"post": [0, 0, -20],
							"lerp_mode": "catmullrom"
						},
						"2.0": {
							"post": [0, 0, 35],
							"lerp_mode": "catmullrom"
						},
						"2.0417": {
							"post": [0, 0, -20],
							"lerp_mode": "catmullrom"
						},
						"2.0833": {
							"post": [0, 0, 35],
							"lerp_mode": "catmullrom"
						},
						"2.125": {
							"post": [0, 0, -20],
							"lerp_mode": "catmullrom"
						},
						"2.1667": {
							"post": [0, 0, 35],
							"lerp_mode": "catmullrom"
						},
						"2.2083": {
							"post": [0, 0, -20],
							"lerp_mode": "catmullrom"
						},
						"2.25": {
							"post": [0, 0, 35],
							"lerp_mode": "catmullrom"
						},
						"2.2917": {
							"post": [0, 0, -20],
							"lerp_mode": "catmullrom"
						},
						"2.3333": {
							"post": [0, 0, 35],
							"lerp_mode": "catmullrom"
						},
						"2.375": {
							"post": [0, 0, -20],
							"lerp_mode": "catmullrom"
						},
						"2.4167": {
							"post": [0, 0, 35],
							"lerp_mode": "catmullrom"
						},
						"2.4583": {
							"post": [0, 0, -20],
							"lerp_mode": "catmullrom"
						},
						"2.5": {
							"post": [0, 0, 35],
							"lerp_mode": "catmullrom"
						},
						"2.5417": {
							"post": [0, 0, -20],
							"lerp_mode": "catmullrom"
						},
						"2.5833": {
							"post": [0, 0, 35],
							"lerp_mode": "catmullrom"
						},
						"2.625": {
							"post": [0, 0, -20],
							"lerp_mode": "catmullrom"
						},
						"2.6667": {
							"post": [0, 0, 35],
							"lerp_mode": "catmullrom"
						},
						"2.7083": {
							"post": [0, 0, -20],
							"lerp_mode": "catmullrom"
						},
						"2.75": {
							"post": [0, 0, 35],
							"lerp_mode": "catmullrom"
						},
						"2.7917": {
							"post": [0, 0, -20],
							"lerp_mode": "catmullrom"
						},
						"2.8333": {
							"post": [0, 0, 35],
							"lerp_mode": "catmullrom"
						},
						"2.875": {
							"post": [0, 0, -20],
							"lerp_mode": "catmullrom"
						},
						"2.9167": {
							"post": [0, 0, 35],
							"lerp_mode": "catmullrom"
						},
						"2.9583": {
							"post": [0, 0, -20],
							"lerp_mode": "catmullrom"
						},
						"3.0": {
							"post": [0, 0, 35],
							"lerp_mode": "catmullrom"
						}
					}
				},
				"antennae": {
					"rotation": {
						"0.0": {
							"post": [17.5, 0, 0],
							"lerp_mode": "catmullrom"
						},
						"1.5": {
							"post": [-15, 0, 0],
							"lerp_mode": "catmullrom"
						},
						"3.0": {
							"post": [17.5, 0, 0],
							"lerp_mode": "catmullrom"
						}
					},
					"position": [0, 0, 0.5]
				},
				"thorax": {
					"rotation": {
						"0.0": {
							"post": [0, 0, 0],
							"lerp_mode": "catmullrom"
						},
						"1.5": {
							"post": [5, 0, 0],
							"lerp_mode": "catmullrom"
						},
						"3.0": {
							"post": [0, 0, 0],
							"lerp_mode": "catmullrom"
						}
					}
				}
			}
		},
		"animation.queebee.ground_faint": {
			"loop": "hold_on_last_frame",
			"animation_length": 3,
			"bones": {
				"whole": {
					"rotation": {
						"0.0": {
							"post": [0, 0, 0],
							"lerp_mode": "catmullrom"
						},
						"0.5": {
							"post": [0, 0, 10],
							"lerp_mode": "catmullrom"
						},
						"1.5417": {
							"post": [0, 0, -12.78],
							"lerp_mode": "catmullrom"
						},
						"2.5417": {
							"post": [25, 0, -3.33391],
							"lerp_mode": "catmullrom"
						},
						"3.0": {
							"post": [10, 0, 0],
							"lerp_mode": "catmullrom"
						}
					},
					"position": {
						"0.0": {
							"post": [0, 3, 0],
							"lerp_mode": "catmullrom"
						},
						"2.5417": {
							"post": [0, 3, 0],
							"lerp_mode": "catmullrom"
						},
						"3.0": {
							"post": [0, -23, 0],
							"lerp_mode": "catmullrom"
						}
					}
				},
				"leftwing": {
					"rotation": {
						"0.0": {
							"post": [0, 0, 35],
							"lerp_mode": "catmullrom"
						},
						"0.0417": {
							"post": [0, 0, -22.49],
							"lerp_mode": "catmullrom"
						},
						"0.0833": {
							"post": [0, 0, 35],
							"lerp_mode": "catmullrom"
						},
						"0.125": {
							"post": [0, 0, -22.49],
							"lerp_mode": "catmullrom"
						},
						"0.1667": {
							"post": [0, 0, 35],
							"lerp_mode": "catmullrom"
						},
						"0.2083": {
							"post": [0, 0, -22.49],
							"lerp_mode": "catmullrom"
						},
						"0.25": {
							"post": [0, 0, 35],
							"lerp_mode": "catmullrom"
						},
						"0.2917": {
							"post": [0, 0, -22.49],
							"lerp_mode": "catmullrom"
						},
						"0.3333": {
							"post": [0, 0, 35],
							"lerp_mode": "catmullrom"
						},
						"0.375": {
							"post": [0, 0, -22.49],
							"lerp_mode": "catmullrom"
						},
						"0.4167": {
							"post": [0, 0, 35],
							"lerp_mode": "catmullrom"
						},
						"0.4583": {
							"post": [0, 0, -22.49],
							"lerp_mode": "catmullrom"
						},
						"0.5": {
							"post": [0, 0, 35],
							"lerp_mode": "catmullrom"
						},
						"0.5417": {
							"post": [0, 0, -22.49],
							"lerp_mode": "catmullrom"
						},
						"0.5833": {
							"post": [0, 0, 35],
							"lerp_mode": "catmullrom"
						},
						"0.625": {
							"post": [0, 0, -22.49],
							"lerp_mode": "catmullrom"
						},
						"0.6667": {
							"post": [0, 0, 35],
							"lerp_mode": "catmullrom"
						},
						"0.7083": {
							"post": [0, 0, -22.49],
							"lerp_mode": "catmullrom"
						},
						"0.75": {
							"post": [0, 0, 35],
							"lerp_mode": "catmullrom"
						},
						"0.7917": {
							"post": [0, 0, -22.49],
							"lerp_mode": "catmullrom"
						},
						"0.8333": {
							"post": [0, 0, 35],
							"lerp_mode": "catmullrom"
						},
						"0.875": {
							"post": [0, 0, -22.49],
							"lerp_mode": "catmullrom"
						},
						"0.9167": {
							"post": [0, 0, 35],
							"lerp_mode": "catmullrom"
						},
						"0.9583": {
							"post": [0, 0, -22.49],
							"lerp_mode": "catmullrom"
						},
						"1.0": {
							"post": [0, 0, 35],
							"lerp_mode": "catmullrom"
						},
						"1.0417": {
							"post": [0, 0, -22.49],
							"lerp_mode": "catmullrom"
						},
						"1.0833": {
							"post": [0, 0, 35],
							"lerp_mode": "catmullrom"
						},
						"1.125": {
							"post": [0, 0, -22.49],
							"lerp_mode": "catmullrom"
						},
						"1.1667": {
							"post": [0, 0, 35],
							"lerp_mode": "catmullrom"
						},
						"1.2083": {
							"post": [0, 0, -22.49],
							"lerp_mode": "catmullrom"
						},
						"1.25": {
							"post": [0, 0, 35],
							"lerp_mode": "catmullrom"
						},
						"1.2917": {
							"post": [0, 0, -22.49],
							"lerp_mode": "catmullrom"
						},
						"1.3333": {
							"post": [0, 0, 35],
							"lerp_mode": "catmullrom"
						},
						"1.375": {
							"post": [0, 0, -22.49],
							"lerp_mode": "catmullrom"
						},
						"1.4167": {
							"post": [0, 0, 35],
							"lerp_mode": "catmullrom"
						},
						"1.4583": {
							"post": [0, 0, -22.49],
							"lerp_mode": "catmullrom"
						},
						"1.5": {
							"post": [0, 0, 35],
							"lerp_mode": "catmullrom"
						},
						"1.5417": {
							"post": [0, 0, -22.49],
							"lerp_mode": "catmullrom"
						},
						"1.5833": {
							"post": [0, 0, 35],
							"lerp_mode": "catmullrom"
						},
						"1.625": {
							"post": [0, 0, -22.49],
							"lerp_mode": "catmullrom"
						},
						"1.6667": {
							"post": [0, 0, 35],
							"lerp_mode": "catmullrom"
						},
						"1.7083": {
							"post": [0, 0, -22.49],
							"lerp_mode": "catmullrom"
						},
						"1.75": {
							"post": [0, 0, 35],
							"lerp_mode": "catmullrom"
						},
						"1.7917": {
							"post": [0, 0, -22.49],
							"lerp_mode": "catmullrom"
						},
						"1.8333": {
							"post": [0, 0, 35],
							"lerp_mode": "catmullrom"
						},
						"1.875": {
							"post": [0, 0, -22.49],
							"lerp_mode": "catmullrom"
						},
						"1.9167": {
							"post": [0, 0, 35],
							"lerp_mode": "catmullrom"
						},
						"1.9583": {
							"post": [0, 0, -22.49],
							"lerp_mode": "catmullrom"
						},
						"2.0": {
							"post": [0, 0, 35],
							"lerp_mode": "catmullrom"
						},
						"2.0417": {
							"post": [0, 0, -22.49],
							"lerp_mode": "catmullrom"
						},
						"2.0833": {
							"post": [0, 0, 35],
							"lerp_mode": "catmullrom"
						},
						"2.125": {
							"post": [0, 0, -22.49],
							"lerp_mode": "catmullrom"
						},
						"2.1667": {
							"post": [0, 0, 35],
							"lerp_mode": "catmullrom"
						},
						"2.2083": {
							"post": [0, 0, -22.49],
							"lerp_mode": "catmullrom"
						},
						"2.25": {
							"post": [0, 0, 35],
							"lerp_mode": "catmullrom"
						},
						"2.2917": {
							"post": [0, 0, -22.49],
							"lerp_mode": "catmullrom"
						},
						"2.3333": {
							"post": [0, 0, 35],
							"lerp_mode": "catmullrom"
						},
						"2.375": {
							"post": [0, 0, -22.49],
							"lerp_mode": "catmullrom"
						},
						"2.4167": {
							"post": [0, 0, 35],
							"lerp_mode": "catmullrom"
						},
						"2.4583": {
							"post": [0, 0, -22.49],
							"lerp_mode": "catmullrom"
						},
						"2.5": {
							"post": [0, 0, 35],
							"lerp_mode": "catmullrom"
						},
						"3.0": {
							"post": [12.39638, -1.61888, 49.82417],
							"lerp_mode": "catmullrom"
						}
					}
				},
				"rightwing": {
					"rotation": {
						"0.0": {
							"post": [0, 0, 35],
							"lerp_mode": "catmullrom"
						},
						"0.0417": {
							"post": [0, 0, -22.49],
							"lerp_mode": "catmullrom"
						},
						"0.0833": {
							"post": [0, 0, 35],
							"lerp_mode": "catmullrom"
						},
						"0.125": {
							"post": [0, 0, -22.49],
							"lerp_mode": "catmullrom"
						},
						"0.1667": {
							"post": [0, 0, 35],
							"lerp_mode": "catmullrom"
						},
						"0.2083": {
							"post": [0, 0, -22.49],
							"lerp_mode": "catmullrom"
						},
						"0.25": {
							"post": [0, 0, 35],
							"lerp_mode": "catmullrom"
						},
						"0.2917": {
							"post": [0, 0, -22.49],
							"lerp_mode": "catmullrom"
						},
						"0.3333": {
							"post": [0, 0, 35],
							"lerp_mode": "catmullrom"
						},
						"0.375": {
							"post": [0, 0, -22.49],
							"lerp_mode": "catmullrom"
						},
						"0.4167": {
							"post": [0, 0, 35],
							"lerp_mode": "catmullrom"
						},
						"0.4583": {
							"post": [0, 0, -22.49],
							"lerp_mode": "catmullrom"
						},
						"0.5": {
							"post": [0, 0, 35],
							"lerp_mode": "catmullrom"
						},
						"0.5417": {
							"post": [0, 0, -22.49],
							"lerp_mode": "catmullrom"
						},
						"0.5833": {
							"post": [0, 0, 35],
							"lerp_mode": "catmullrom"
						},
						"0.625": {
							"post": [0, 0, -22.49],
							"lerp_mode": "catmullrom"
						},
						"0.6667": {
							"post": [0, 0, 35],
							"lerp_mode": "catmullrom"
						},
						"0.7083": {
							"post": [0, 0, -22.49],
							"lerp_mode": "catmullrom"
						},
						"0.75": {
							"post": [0, 0, 35],
							"lerp_mode": "catmullrom"
						},
						"0.7917": {
							"post": [0, 0, -22.49],
							"lerp_mode": "catmullrom"
						},
						"0.8333": {
							"post": [0, 0, 35],
							"lerp_mode": "catmullrom"
						},
						"0.875": {
							"post": [0, 0, -22.49],
							"lerp_mode": "catmullrom"
						},
						"0.9167": {
							"post": [0, 0, 35],
							"lerp_mode": "catmullrom"
						},
						"0.9583": {
							"post": [0, 0, -22.49],
							"lerp_mode": "catmullrom"
						},
						"1.0": {
							"post": [0, 0, 35],
							"lerp_mode": "catmullrom"
						},
						"1.0417": {
							"post": [0, 0, -22.49],
							"lerp_mode": "catmullrom"
						},
						"1.0833": {
							"post": [0, 0, 35],
							"lerp_mode": "catmullrom"
						},
						"1.125": {
							"post": [0, 0, -22.49],
							"lerp_mode": "catmullrom"
						},
						"1.1667": {
							"post": [0, 0, 35],
							"lerp_mode": "catmullrom"
						},
						"1.2083": {
							"post": [0, 0, -22.49],
							"lerp_mode": "catmullrom"
						},
						"1.25": {
							"post": [0, 0, 35],
							"lerp_mode": "catmullrom"
						},
						"1.2917": {
							"post": [0, 0, -22.49],
							"lerp_mode": "catmullrom"
						},
						"1.3333": {
							"post": [0, 0, 35],
							"lerp_mode": "catmullrom"
						},
						"1.375": {
							"post": [0, 0, -22.49],
							"lerp_mode": "catmullrom"
						},
						"1.4167": {
							"post": [0, 0, 35],
							"lerp_mode": "catmullrom"
						},
						"1.4583": {
							"post": [0, 0, -22.49],
							"lerp_mode": "catmullrom"
						},
						"1.5": {
							"post": [0, 0, 35],
							"lerp_mode": "catmullrom"
						},
						"1.5417": {
							"post": [0, 0, -22.49],
							"lerp_mode": "catmullrom"
						},
						"1.5833": {
							"post": [0, 0, 35],
							"lerp_mode": "catmullrom"
						},
						"1.625": {
							"post": [0, 0, -22.49],
							"lerp_mode": "catmullrom"
						},
						"1.6667": {
							"post": [0, 0, 35],
							"lerp_mode": "catmullrom"
						},
						"1.7083": {
							"post": [0, 0, -22.49],
							"lerp_mode": "catmullrom"
						},
						"1.75": {
							"post": [0, 0, 35],
							"lerp_mode": "catmullrom"
						},
						"1.7917": {
							"post": [0, 0, -22.49],
							"lerp_mode": "catmullrom"
						},
						"1.8333": {
							"post": [0, 0, 35],
							"lerp_mode": "catmullrom"
						},
						"1.875": {
							"post": [0, 0, -22.49],
							"lerp_mode": "catmullrom"
						},
						"1.9167": {
							"post": [0, 0, 35],
							"lerp_mode": "catmullrom"
						},
						"1.9583": {
							"post": [0, 0, -22.49],
							"lerp_mode": "catmullrom"
						},
						"2.0": {
							"post": [0, 0, 35],
							"lerp_mode": "catmullrom"
						},
						"2.0417": {
							"post": [0, 0, -22.49],
							"lerp_mode": "catmullrom"
						},
						"2.0833": {
							"post": [0, 0, 35],
							"lerp_mode": "catmullrom"
						},
						"2.125": {
							"post": [0, 0, -22.49],
							"lerp_mode": "catmullrom"
						},
						"2.1667": {
							"post": [0, 0, 35],
							"lerp_mode": "catmullrom"
						},
						"2.2083": {
							"post": [0, 0, -22.49],
							"lerp_mode": "catmullrom"
						},
						"2.25": {
							"post": [0, 0, 35],
							"lerp_mode": "catmullrom"
						},
						"2.2917": {
							"post": [0, 0, -22.49],
							"lerp_mode": "catmullrom"
						},
						"2.3333": {
							"post": [0, 0, 35],
							"lerp_mode": "catmullrom"
						},
						"2.375": {
							"post": [0, 0, -22.49],
							"lerp_mode": "catmullrom"
						},
						"2.4167": {
							"post": [0, 0, 35],
							"lerp_mode": "catmullrom"
						},
						"2.4583": {
							"post": [0, 0, -22.49],
							"lerp_mode": "catmullrom"
						},
						"2.5": {
							"post": [0, 0, -37.5],
							"lerp_mode": "catmullrom"
						},
						"3.0": {
							"post": [0, 0, -35],
							"lerp_mode": "catmullrom"
						}
					}
				},
				"antennae": {
					"rotation": {
						"0.0": {
							"post": [17.5, 0, 0],
							"lerp_mode": "catmullrom"
						},
						"0.6667": {
							"post": [16.98519, -7.17634, -2.18521],
							"lerp_mode": "catmullrom"
						},
						"1.4167": {
							"post": [16.80253, 19.10799, 5.54787],
							"lerp_mode": "catmullrom"
						},
						"2.5": {
							"post": [17.5, 0, 0],
							"lerp_mode": "catmullrom"
						},
						"3.0": {
							"post": [50, 0, 0],
							"lerp_mode": "catmullrom"
						}
					},
					"position": {
						"0.0": {
							"post": [0, 0, 0.5],
							"lerp_mode": "catmullrom"
						},
						"2.5": {
							"post": [0, 0, 0.5],
							"lerp_mode": "catmullrom"
						},
						"3.0": {
							"post": [0, 1, 0.5],
							"lerp_mode": "catmullrom"
						}
					}
				},
				"thorax": {
					"rotation": {
						"0.0": {
							"post": [0, 0, 0],
							"lerp_mode": "catmullrom"
						},
						"2.5": {
							"post": [0, 0, 0],
							"lerp_mode": "catmullrom"
						},
						"3.0": {
							"post": [50, 0, 0],
							"lerp_mode": "catmullrom"
						}
					},
					"position": {
						"0.0": {
							"post": [0, 0, 0],
							"lerp_mode": "catmullrom"
						},
						"2.5": {
							"post": [0, 0, 0],
							"lerp_mode": "catmullrom"
						},
						"3.0": {
							"post": [0, 1, 2],
							"lerp_mode": "catmullrom"
						}
					}
				},
				"head": {
					"rotation": {
						"0.0": {
							"post": [0, 0, 0],
							"lerp_mode": "catmullrom"
						},
						"2.5": {
							"post": [0, 0, 0],
							"lerp_mode": "catmullrom"
						},
						"3.0": {
							"post": [-10, 0, 0],
							"lerp_mode": "catmullrom"
						}
					},
					"position": {
						"0.0": {
							"post": [0, 0, 0],
							"lerp_mode": "catmullrom"
						},
						"2.5": {
							"post": [0, 0, 0],
							"lerp_mode": "catmullrom"
						},
						"3.0": {
							"post": [0, -3, 0],
							"lerp_mode": "catmullrom"
						}
					}
				},
				"abdomen": {
					"position": {
						"0.0": {
							"post": [0, 0, 0],
							"lerp_mode": "catmullrom"
						},
						"2.5": {
							"post": [0, 0, 0],
							"lerp_mode": "catmullrom"
						},
						"3.0": {
							"post": [0, -0.6, 0],
							"lerp_mode": "catmullrom"
						}
					}
				},
				"leftfur": {
					"rotation": {
						"0.0": {
							"post": [0, 0, 0],
							"lerp_mode": "catmullrom"
						},
						"2.5": {
							"post": [0, 0, 0],
							"lerp_mode": "catmullrom"
						},
						"3.0": {
							"post": [7.5, -7.5, -90],
							"lerp_mode": "catmullrom"
						}
					},
					"position": {
						"0.0": {
							"post": [0, 0, 0],
							"lerp_mode": "catmullrom"
						},
						"2.5": {
							"post": [0, 0, 0],
							"lerp_mode": "catmullrom"
						},
						"3.0": {
							"post": [0, 0.15, 0],
							"lerp_mode": "catmullrom"
						}
					}
				},
				"rightfur": {
					"rotation": {
						"0.0": {
							"post": [0, 0, 0],
							"lerp_mode": "catmullrom"
						},
						"2.5": {
							"post": [0, 0, 0],
							"lerp_mode": "catmullrom"
						},
						"3.0": {
							"post": [5.02391, 7.49044, 85.2197],
							"lerp_mode": "catmullrom"
						}
					},
					"position": {
						"0.0": {
							"post": [0, 0, 0],
							"lerp_mode": "catmullrom"
						},
						"2.5": {
							"post": [0, 0, 0],
							"lerp_mode": "catmullrom"
						},
						"3.0": {
							"post": [0, 0.5, 0],
							"lerp_mode": "catmullrom"
						}
					}
				}
			}
		},
		"animation.queebee.ground_walk": {
			"loop": true,
			"animation_length": 3,
			"bones": {
				"whole": {
					"rotation": [15, 0, 0],
					"position": {
						"0.0": {
							"post": [0, 3, 0],
							"lerp_mode": "catmullrom"
						},
						"1.5": {
							"post": [0, -1, 0],
							"lerp_mode": "catmullrom"
						},
						"3.0": {
							"post": [0, 3, 0],
							"lerp_mode": "catmullrom"
						}
					}
				},
				"leftwing": {
					"rotation": {
						"0.0": {
							"post": [0, 0, -32.5],
							"lerp_mode": "catmullrom"
						},
						"0.0417": {
							"post": [0, 0, 22.5],
							"lerp_mode": "catmullrom"
						},
						"0.0833": {
							"post": [0, 0, -32.5],
							"lerp_mode": "catmullrom"
						},
						"0.125": {
							"post": [0, 0, 22.5],
							"lerp_mode": "catmullrom"
						},
						"0.1667": {
							"post": [0, 0, -32.5],
							"lerp_mode": "catmullrom"
						},
						"0.2083": {
							"post": [0, 0, 22.5],
							"lerp_mode": "catmullrom"
						},
						"0.25": {
							"post": [0, 0, -32.5],
							"lerp_mode": "catmullrom"
						},
						"0.2917": {
							"post": [0, 0, 22.5],
							"lerp_mode": "catmullrom"
						},
						"0.3333": {
							"post": [0, 0, -32.5],
							"lerp_mode": "catmullrom"
						},
						"0.375": {
							"post": [0, 0, 22.5],
							"lerp_mode": "catmullrom"
						},
						"0.4167": {
							"post": [0, 0, -32.5],
							"lerp_mode": "catmullrom"
						},
						"0.4583": {
							"post": [0, 0, 22.5],
							"lerp_mode": "catmullrom"
						},
						"0.5": {
							"post": [0, 0, -32.5],
							"lerp_mode": "catmullrom"
						},
						"0.5417": {
							"post": [0, 0, 22.5],
							"lerp_mode": "catmullrom"
						},
						"0.5833": {
							"post": [0, 0, -32.5],
							"lerp_mode": "catmullrom"
						},
						"0.625": {
							"post": [0, 0, 22.5],
							"lerp_mode": "catmullrom"
						},
						"0.6667": {
							"post": [0, 0, -32.5],
							"lerp_mode": "catmullrom"
						},
						"0.7083": {
							"post": [0, 0, 22.5],
							"lerp_mode": "catmullrom"
						},
						"0.75": {
							"post": [0, 0, -32.5],
							"lerp_mode": "catmullrom"
						},
						"0.7917": {
							"post": [0, 0, 22.5],
							"lerp_mode": "catmullrom"
						},
						"0.8333": {
							"post": [0, 0, -32.5],
							"lerp_mode": "catmullrom"
						},
						"0.875": {
							"post": [0, 0, 22.5],
							"lerp_mode": "catmullrom"
						},
						"0.9167": {
							"post": [0, 0, -32.5],
							"lerp_mode": "catmullrom"
						},
						"0.9583": {
							"post": [0, 0, 22.5],
							"lerp_mode": "catmullrom"
						},
						"1.0": {
							"post": [0, 0, -32.5],
							"lerp_mode": "catmullrom"
						},
						"1.0417": {
							"post": [0, 0, 22.5],
							"lerp_mode": "catmullrom"
						},
						"1.0833": {
							"post": [0, 0, -32.5],
							"lerp_mode": "catmullrom"
						},
						"1.125": {
							"post": [0, 0, 22.5],
							"lerp_mode": "catmullrom"
						},
						"1.1667": {
							"post": [0, 0, -32.5],
							"lerp_mode": "catmullrom"
						},
						"1.2083": {
							"post": [0, 0, 22.5],
							"lerp_mode": "catmullrom"
						},
						"1.25": {
							"post": [0, 0, -32.5],
							"lerp_mode": "catmullrom"
						},
						"1.2917": {
							"post": [0, 0, 22.5],
							"lerp_mode": "catmullrom"
						},
						"1.3333": {
							"post": [0, 0, -32.5],
							"lerp_mode": "catmullrom"
						},
						"1.375": {
							"post": [0, 0, 22.5],
							"lerp_mode": "catmullrom"
						},
						"1.4167": {
							"post": [0, 0, -32.5],
							"lerp_mode": "catmullrom"
						},
						"1.4583": {
							"post": [0, 0, 22.5],
							"lerp_mode": "catmullrom"
						},
						"1.5": {
							"post": [0, 0, -32.5],
							"lerp_mode": "catmullrom"
						},
						"1.5417": {
							"post": [0, 0, 22.5],
							"lerp_mode": "catmullrom"
						},
						"1.5833": {
							"post": [0, 0, -32.5],
							"lerp_mode": "catmullrom"
						},
						"1.625": {
							"post": [0, 0, 22.5],
							"lerp_mode": "catmullrom"
						},
						"1.6667": {
							"post": [0, 0, -32.5],
							"lerp_mode": "catmullrom"
						},
						"1.7083": {
							"post": [0, 0, 22.5],
							"lerp_mode": "catmullrom"
						},
						"1.75": {
							"post": [0, 0, -32.5],
							"lerp_mode": "catmullrom"
						},
						"1.7917": {
							"post": [0, 0, 22.5],
							"lerp_mode": "catmullrom"
						},
						"1.8333": {
							"post": [0, 0, -32.5],
							"lerp_mode": "catmullrom"
						},
						"1.875": {
							"post": [0, 0, 22.5],
							"lerp_mode": "catmullrom"
						},
						"1.9167": {
							"post": [0, 0, -32.5],
							"lerp_mode": "catmullrom"
						},
						"1.9583": {
							"post": [0, 0, 22.5],
							"lerp_mode": "catmullrom"
						},
						"2.0": {
							"post": [0, 0, -32.5],
							"lerp_mode": "catmullrom"
						},
						"2.0417": {
							"post": [0, 0, 22.5],
							"lerp_mode": "catmullrom"
						},
						"2.0833": {
							"post": [0, 0, -32.5],
							"lerp_mode": "catmullrom"
						},
						"2.125": {
							"post": [0, 0, 22.5],
							"lerp_mode": "catmullrom"
						},
						"2.1667": {
							"post": [0, 0, -32.5],
							"lerp_mode": "catmullrom"
						},
						"2.2083": {
							"post": [0, 0, 22.5],
							"lerp_mode": "catmullrom"
						},
						"2.25": {
							"post": [0, 0, -32.5],
							"lerp_mode": "catmullrom"
						},
						"2.2917": {
							"post": [0, 0, 22.5],
							"lerp_mode": "catmullrom"
						},
						"2.3333": {
							"post": [0, 0, -32.5],
							"lerp_mode": "catmullrom"
						},
						"2.375": {
							"post": [0, 0, 22.5],
							"lerp_mode": "catmullrom"
						},
						"2.4167": {
							"post": [0, 0, -32.5],
							"lerp_mode": "catmullrom"
						},
						"2.4583": {
							"post": [0, 0, 22.5],
							"lerp_mode": "catmullrom"
						},
						"2.5": {
							"post": [0, 0, -32.5],
							"lerp_mode": "catmullrom"
						},
						"2.5417": {
							"post": [0, 0, 22.5],
							"lerp_mode": "catmullrom"
						},
						"2.5833": {
							"post": [0, 0, -32.5],
							"lerp_mode": "catmullrom"
						},
						"2.625": {
							"post": [0, 0, 22.5],
							"lerp_mode": "catmullrom"
						},
						"2.6667": {
							"post": [0, 0, -32.5],
							"lerp_mode": "catmullrom"
						},
						"2.7083": {
							"post": [0, 0, 22.5],
							"lerp_mode": "catmullrom"
						},
						"2.75": {
							"post": [0, 0, -32.5],
							"lerp_mode": "catmullrom"
						},
						"2.7917": {
							"post": [0, 0, 22.5],
							"lerp_mode": "catmullrom"
						},
						"2.8333": {
							"post": [0, 0, -32.5],
							"lerp_mode": "catmullrom"
						},
						"2.875": {
							"post": [0, 0, 22.5],
							"lerp_mode": "catmullrom"
						},
						"2.9167": {
							"post": [0, 0, -32.5],
							"lerp_mode": "catmullrom"
						},
						"2.9583": {
							"post": [0, 0, 22.5],
							"lerp_mode": "catmullrom"
						},
						"3.0": {
							"post": [0, 0, -32.5],
							"lerp_mode": "catmullrom"
						}
					}
				},
				"rightwing": {
					"rotation": {
						"0.0": {
							"post": [0, 0, 35],
							"lerp_mode": "catmullrom"
						},
						"0.0417": {
							"post": [0, 0, -20],
							"lerp_mode": "catmullrom"
						},
						"0.0833": {
							"post": [0, 0, 35],
							"lerp_mode": "catmullrom"
						},
						"0.125": {
							"post": [0, 0, -20],
							"lerp_mode": "catmullrom"
						},
						"0.1667": {
							"post": [0, 0, 35],
							"lerp_mode": "catmullrom"
						},
						"0.2083": {
							"post": [0, 0, -20],
							"lerp_mode": "catmullrom"
						},
						"0.25": {
							"post": [0, 0, 35],
							"lerp_mode": "catmullrom"
						},
						"0.2917": {
							"post": [0, 0, -20],
							"lerp_mode": "catmullrom"
						},
						"0.3333": {
							"post": [0, 0, 35],
							"lerp_mode": "catmullrom"
						},
						"0.375": {
							"post": [0, 0, -20],
							"lerp_mode": "catmullrom"
						},
						"0.4167": {
							"post": [0, 0, 35],
							"lerp_mode": "catmullrom"
						},
						"0.4583": {
							"post": [0, 0, -20],
							"lerp_mode": "catmullrom"
						},
						"0.5": {
							"post": [0, 0, 35],
							"lerp_mode": "catmullrom"
						},
						"0.5417": {
							"post": [0, 0, -20],
							"lerp_mode": "catmullrom"
						},
						"0.5833": {
							"post": [0, 0, 35],
							"lerp_mode": "catmullrom"
						},
						"0.625": {
							"post": [0, 0, -20],
							"lerp_mode": "catmullrom"
						},
						"0.6667": {
							"post": [0, 0, 35],
							"lerp_mode": "catmullrom"
						},
						"0.7083": {
							"post": [0, 0, -20],
							"lerp_mode": "catmullrom"
						},
						"0.75": {
							"post": [0, 0, 35],
							"lerp_mode": "catmullrom"
						},
						"0.7917": {
							"post": [0, 0, -20],
							"lerp_mode": "catmullrom"
						},
						"0.8333": {
							"post": [0, 0, 35],
							"lerp_mode": "catmullrom"
						},
						"0.875": {
							"post": [0, 0, -20],
							"lerp_mode": "catmullrom"
						},
						"0.9167": {
							"post": [0, 0, 35],
							"lerp_mode": "catmullrom"
						},
						"0.9583": {
							"post": [0, 0, -20],
							"lerp_mode": "catmullrom"
						},
						"1.0": {
							"post": [0, 0, 35],
							"lerp_mode": "catmullrom"
						},
						"1.0417": {
							"post": [0, 0, -20],
							"lerp_mode": "catmullrom"
						},
						"1.0833": {
							"post": [0, 0, 35],
							"lerp_mode": "catmullrom"
						},
						"1.125": {
							"post": [0, 0, -20],
							"lerp_mode": "catmullrom"
						},
						"1.1667": {
							"post": [0, 0, 35],
							"lerp_mode": "catmullrom"
						},
						"1.2083": {
							"post": [0, 0, -20],
							"lerp_mode": "catmullrom"
						},
						"1.25": {
							"post": [0, 0, 35],
							"lerp_mode": "catmullrom"
						},
						"1.2917": {
							"post": [0, 0, -20],
							"lerp_mode": "catmullrom"
						},
						"1.3333": {
							"post": [0, 0, 35],
							"lerp_mode": "catmullrom"
						},
						"1.375": {
							"post": [0, 0, -20],
							"lerp_mode": "catmullrom"
						},
						"1.4167": {
							"post": [0, 0, 35],
							"lerp_mode": "catmullrom"
						},
						"1.4583": {
							"post": [0, 0, -20],
							"lerp_mode": "catmullrom"
						},
						"1.5": {
							"post": [0, 0, 35],
							"lerp_mode": "catmullrom"
						},
						"1.5417": {
							"post": [0, 0, -20],
							"lerp_mode": "catmullrom"
						},
						"1.5833": {
							"post": [0, 0, 35],
							"lerp_mode": "catmullrom"
						},
						"1.625": {
							"post": [0, 0, -20],
							"lerp_mode": "catmullrom"
						},
						"1.6667": {
							"post": [0, 0, 35],
							"lerp_mode": "catmullrom"
						},
						"1.7083": {
							"post": [0, 0, -20],
							"lerp_mode": "catmullrom"
						},
						"1.75": {
							"post": [0, 0, 35],
							"lerp_mode": "catmullrom"
						},
						"1.7917": {
							"post": [0, 0, -20],
							"lerp_mode": "catmullrom"
						},
						"1.8333": {
							"post": [0, 0, 35],
							"lerp_mode": "catmullrom"
						},
						"1.875": {
							"post": [0, 0, -20],
							"lerp_mode": "catmullrom"
						},
						"1.9167": {
							"post": [0, 0, 35],
							"lerp_mode": "catmullrom"
						},
						"1.9583": {
							"post": [0, 0, -20],
							"lerp_mode": "catmullrom"
						},
						"2.0": {
							"post": [0, 0, 35],
							"lerp_mode": "catmullrom"
						},
						"2.0417": {
							"post": [0, 0, -20],
							"lerp_mode": "catmullrom"
						},
						"2.0833": {
							"post": [0, 0, 35],
							"lerp_mode": "catmullrom"
						},
						"2.125": {
							"post": [0, 0, -20],
							"lerp_mode": "catmullrom"
						},
						"2.1667": {
							"post": [0, 0, 35],
							"lerp_mode": "catmullrom"
						},
						"2.2083": {
							"post": [0, 0, -20],
							"lerp_mode": "catmullrom"
						},
						"2.25": {
							"post": [0, 0, 35],
							"lerp_mode": "catmullrom"
						},
						"2.2917": {
							"post": [0, 0, -20],
							"lerp_mode": "catmullrom"
						},
						"2.3333": {
							"post": [0, 0, 35],
							"lerp_mode": "catmullrom"
						},
						"2.375": {
							"post": [0, 0, -20],
							"lerp_mode": "catmullrom"
						},
						"2.4167": {
							"post": [0, 0, 35],
							"lerp_mode": "catmullrom"
						},
						"2.4583": {
							"post": [0, 0, -20],
							"lerp_mode": "catmullrom"
						},
						"2.5": {
							"post": [0, 0, 35],
							"lerp_mode": "catmullrom"
						},
						"2.5417": {
							"post": [0, 0, -20],
							"lerp_mode": "catmullrom"
						},
						"2.5833": {
							"post": [0, 0, 35],
							"lerp_mode": "catmullrom"
						},
						"2.625": {
							"post": [0, 0, -20],
							"lerp_mode": "catmullrom"
						},
						"2.6667": {
							"post": [0, 0, 35],
							"lerp_mode": "catmullrom"
						},
						"2.7083": {
							"post": [0, 0, -20],
							"lerp_mode": "catmullrom"
						},
						"2.75": {
							"post": [0, 0, 35],
							"lerp_mode": "catmullrom"
						},
						"2.7917": {
							"post": [0, 0, -20],
							"lerp_mode": "catmullrom"
						},
						"2.8333": {
							"post": [0, 0, 35],
							"lerp_mode": "catmullrom"
						},
						"2.875": {
							"post": [0, 0, -20],
							"lerp_mode": "catmullrom"
						},
						"2.9167": {
							"post": [0, 0, 35],
							"lerp_mode": "catmullrom"
						},
						"2.9583": {
							"post": [0, 0, -20],
							"lerp_mode": "catmullrom"
						},
						"3.0": {
							"post": [0, 0, 35],
							"lerp_mode": "catmullrom"
						}
					}
				},
				"thorax": {
					"rotation": {
						"0.0": {
							"post": [0, 0, 0],
							"lerp_mode": "catmullrom"
						},
						"1.5": {
							"post": [5, 0, 0],
							"lerp_mode": "catmullrom"
						},
						"3.0": {
							"post": [0, 0, 0],
							"lerp_mode": "catmullrom"
						}
					}
				},
				"head": {
					"rotation": [-12.29733, -0.62484, -0.75046]
				}
			}
		}
	}
}