{
	"format_version": "1.8.0",
	"animations": {
		"animation.venipena.ground_idle": {
			"loop": true,
			"animation_length": 4.8,
			"bones": {
				"head": {
					"rotation": {
						"0.0": [0, 0, 0],
						"1.2": [5, 0, 0],
						"2.4": [0, 0, 0],
						"3.6": [5, 0, 0],
						"4.8": [0, 0, 0]
					}
				},
				"bone2": {
					"rotation": {
						"0.0": [7.5, 0, 0],
						"1.2": [5, 0, 0],
						"2.4": [7.5, 0, 0],
						"3.6": [5, 0, 0],
						"4.8": [7.5, 0, 0]
					}
				},
				"hat": {
					"rotation": {
						"0.0": [0, 0, 0],
						"1.2": [-2.5, 0, 0],
						"2.4": [0, 0, 0],
						"3.6": [-2.5, 0, 0],
						"4.8": [0, 0, 0]
					}
				},
				"bone": {
					"rotation": {
						"0.0": [0, 0, 0],
						"2.4": [0, 0, 0],
						"4.8": [0, 0, 0]
					}
				},
				"bone3": {
					"rotation": {
						"0.0": [0, 0, 0],
						"2.4": [0, 0, 0],
						"4.8": [0, 0, 0]
					}
				},
				"bone4": {
					"rotation": {
						"0.0": [0, 0, 0],
						"1.2": [0, -12.5, 0],
						"2.4": [0, 0, 0],
						"3.6": [0, 12.5, 0],
						"4.8": [0, 0, 0]
					}
				}
			}
		},
		"animation.venipena.ground_walk": {
			"loop": true,
			"animation_length": 2,
			"bones": {
				"head": {
					"rotation": {
						"0.0": [0, 0, 0],
						"0.52": [5, 0, 0],
						"1.0": [0, 0, 0],
						"1.52": [5, 0, 0],
						"2.0": [0, 0, 0]
					},
					"position": {
						"0.0": [0, -1, -1],
						"1.0": [0, -1, -1],
						"2.0": [0, -1, -1]
					}
				},
				"bone2": {
					"rotation": {
						"0.0": [0, 0, 0],
						"0.52": [2.5, 0, 0],
						"1.0": [0, 0, 0],
						"1.52": [2.5, 0, 0],
						"2.0": [0, 0, 0]
					}
				},
				"hat": {
					"rotation": [2.5, 0, 0]
				},
				"bone3": {
					"rotation": {
						"0.0": [0, 0, 0],
						"0.52": [0, -15, 0],
						"1.0": [0, 0, 0],
						"1.52": [0, 15, 0],
						"2.0": [0, 0, 0]
					},
					"scale": {
						"0.0": [1, 1, 1],
						"0.52": [1, 1, 0.9],
						"1.0": [1, 1, 1],
						"1.52": [1, 1, 0.9],
						"2.0": [1, 1, 1]
					}
				},
				"bone4": {
					"rotation": {
						"0.0": [-30, 0, 0],
						"0.52": [-26.93057, -20.23771, -6.06561],
						"1.0": [-30, 0, 0],
						"1.52": [-26.93057, 20.23771, 6.06561],
						"2.0": [-30, 0, 0]
					}
				}
			}
		}
	}
}