{
	"format_version": "1.12.0",
	"minecraft:geometry": [
		{
			"description": {
				"identifier": "geometry.yinyago",
				"texture_width": 200,
				"texture_height": 200,
				"visible_bounds_width": 7,
				"visible_bounds_height": 5.5,
				"visible_bounds_offset": [0, 2.25, 0]
			},
			"bones": [
				{
					"name": "yinyago",
					"pivot": [0, 0, 0]
				},
				{
					"name": "bone2",
					"parent": "yinyago",
					"pivot": [0, 46, 0]
				},
				{
					"name": "bone",
					"parent": "bone2",
					"pivot": [0, 46, 0],
					"cubes": [
						{"origin": [-11, 41, -7], "size": [22, 5, 13], "uv": [0, 44]},
						{"origin": [-21, 29, 8], "size": [42, 43, 0], "uv": [27, 139]},
						{"origin": [-8, 25, -6], "size": [16, 16, 11], "uv": [74, 0]},
						{"origin": [-7, 22, -4], "size": [14, 3, 7], "uv": [68, 33]}
					]
				},
				{
					"name": "leg",
					"parent": "bone",
					"pivot": [-6, 22.25, -0.5],
					"cubes": [
						{"origin": [-8, 9, -2.5], "size": [4, 14, 4], "uv": [83, 80]},
						{"origin": [-7.5, 0, -2], "size": [3, 9, 3], "uv": [108, 85]}
					]
				},
				{
					"name": "leg2",
					"parent": "bone",
					"pivot": [6, 22.25, -0.5],
					"cubes": [
						{"origin": [4.5, 0, -2], "size": [3, 9, 3], "uv": [109, 56], "mirror": true},
						{"origin": [4, 9, -2.5], "size": [4, 14, 4], "uv": [84, 51], "mirror": true}
					]
				},
				{
					"name": "left_arm",
					"parent": "bone2",
					"pivot": [11.06298, 43.84787, -0.26642],
					"rotation": [0, 0, -90]
				},
				{
					"name": "bone4",
					"parent": "left_arm",
					"pivot": [6.30255, 39.25029, -0.26642],
					"rotation": [0, 0, 40],
					"cubes": [
						{"origin": [5.30255, 31.55029, -1.26642], "size": [2, 14.4, 2], "uv": [52, 25]}
					]
				},
				{
					"name": "left_hand",
					"parent": "bone4",
					"pivot": [6.01971, 32.35029, -0.18142],
					"rotation": [0, 0, 32.5],
					"cubes": [
						{"origin": [3.30255, 15.95029, -3.79142], "size": [6, 17.4, 7], "uv": [0, 18]},
						{"origin": [2.8, 17.55029, -5.11642], "size": [7, 6.4, 10], "uv": [0, 0]}
					]
				},
				{
					"name": "finger2",
					"parent": "left_hand",
					"pivot": [4.91499, 18.24077, -2.61642],
					"rotation": [-23.70348, 14.36495, 29.47028],
					"cubes": [
						{"origin": [4.30255, 7.55029, -4.11642], "size": [3, 10.4, 3], "uv": [55, 5]}
					]
				},
				{
					"name": "finger3",
					"parent": "left_hand",
					"pivot": [4.91499, 18.24077, 2.38358],
					"rotation": [23.70348, -14.36495, 29.47028],
					"cubes": [
						{"origin": [4.30255, 7.55029, 0.88358], "size": [3, 10.4, 3], "uv": [30, 25]}
					]
				},
				{
					"name": "finger7",
					"parent": "left_hand",
					"pivot": [4.91499, 18.24077, -0.09142],
					"rotation": [0, 0, 20],
					"cubes": [
						{"origin": [4.30255, 7.55029, -1.59142], "size": [3, 10.4, 3], "uv": [38, 3]}
					]
				},
				{
					"name": "right_arm",
					"parent": "bone2",
					"pivot": [-11.06298, 43.84787, -0.26642],
					"rotation": [0, 0, 90]
				},
				{
					"name": "bone3",
					"parent": "right_arm",
					"pivot": [-6.30255, 39.25029, -0.26642],
					"rotation": [0, 0, -40],
					"cubes": [
						{"origin": [-7.30255, 31.55029, -1.26642], "size": [2, 14.4, 2], "uv": [52, 90], "mirror": true}
					]
				},
				{
					"name": "right_hand",
					"parent": "bone3",
					"pivot": [-6.01971, 32.35029, -0.18142],
					"rotation": [0, 0, -32.5],
					"cubes": [
						{"origin": [-9.30255, 15.95029, -3.79142], "size": [6, 17.4, 7], "uv": [0, 83], "mirror": true},
						{"origin": [-9.8, 17.55029, -5.11642], "size": [7, 6.4, 10], "uv": [0, 65], "mirror": true}
					]
				},
				{
					"name": "finger4",
					"parent": "right_hand",
					"pivot": [-4.91499, 18.24077, -2.61642],
					"rotation": [-23.70348, -14.36495, -29.47028],
					"cubes": [
						{"origin": [-7.30255, 7.55029, -4.11642], "size": [3, 10.4, 3], "uv": [55, 70], "mirror": true}
					]
				},
				{
					"name": "finger5",
					"parent": "right_hand",
					"pivot": [-4.91499, 18.24077, 2.38358],
					"rotation": [23.70348, 14.36495, -29.47028],
					"cubes": [
						{"origin": [-7.30255, 7.55029, 0.88358], "size": [3, 10.4, 3], "uv": [30, 90], "mirror": true}
					]
				},
				{
					"name": "finger6",
					"parent": "right_hand",
					"pivot": [-4.91499, 18.24077, -0.09142],
					"rotation": [0, 0, -20],
					"cubes": [
						{"origin": [-7.30255, 7.55029, -1.59142], "size": [3, 10.4, 3], "uv": [38, 68], "mirror": true}
					]
				},
				{
					"name": "head",
					"parent": "bone2",
					"pivot": [0, 46, -0.5],
					"cubes": [
						{"origin": [-4, 45, -5.5], "size": [8, 14, 10], "uv": [60, 101]}
					]
				}
			]
		}
	]
}