{
	"format_version": "1.12.0",
	"minecraft:geometry": [
		{
			"description": {
				"identifier": "geometry.azumarill",
				"texture_width": 64,
				"texture_height": 64,
				"visible_bounds_width": 5,
				"visible_bounds_height": 3.5,
				"visible_bounds_offset": [0, 1.25, 0]
			},
			"bones": [
				{
					"name": "azumarill",
					"pivot": [0, 0, 0]
				},
				{
					"name": "body",
					"parent": "azumarill",
					"pivot": [0, 11, 0]
				},
				{
					"name": "torso",
					"parent": "body",
					"pivot": [0, 2, 0]
				},
				{
					"name": "head_ai",
					"parent": "torso",
					"pivot": [0, 2, 0],
					"cubes": [
						{"origin": [-6.5, 2, -6.5], "size": [13, 18, 13], "uv": [0, 0]},
						{"origin": [-1, 16, -6.5], "size": [2, 1, 0], "inflate": 0.015, "uv": [56, 47]},
						{"origin": [-0.5, 15.5, -6.5], "size": [1, 1, 0], "inflate": 0.01, "uv": [12, 47]}
					]
				},
				{
					"name": "eyes",
					"parent": "head_ai",
					"pivot": [0, 0.1, 0]
				},
				{
					"name": "eyelid_left",
					"parent": "eyes",
					"pivot": [3, 15.6, -5.4],
					"cubes": [
						{"origin": [2, 15.6, -6.4], "size": [2, 1, 0], "inflate": 0.01, "uv": [47, 45]}
					]
				},
				{
					"name": "eyelid_right",
					"parent": "eyes",
					"pivot": [-3, 15.6, -5.4],
					"cubes": [
						{"origin": [-4, 15.6, -6.4], "size": [2, 1, 0], "inflate": 0.01, "uv": [47, 45]}
					]
				},
				{
					"name": "eye_left",
					"parent": "eyes",
					"pivot": [3, 16.1, -5.5],
					"rotation": [0, 0, -5],
					"cubes": [
						{"origin": [2, 17.1, -6.5], "size": [2, 1, 0], "inflate": 0.01, "uv": [14, 42]},
						{"origin": [2, 15.6, -6.5], "size": [2, 2, 0], "inflate": 0.015, "uv": [52, 43]},
						{"origin": [2.15, 16.95, -6.5], "size": [1, 1, 0], "inflate": 0.02, "uv": [18, 43]}
					]
				},
				{
					"name": "eye_right",
					"parent": "eyes",
					"pivot": [-3, 16.1, -5.5],
					"rotation": [0, 0, 5],
					"cubes": [
						{"origin": [-4, 17.1, -6.5], "size": [2, 1, 0], "inflate": 0.01, "uv": [55, 44]},
						{"origin": [-3.15, 16.95, -6.5], "size": [1, 1, 0], "inflate": 0.02, "uv": [18, 42]},
						{"origin": [-4, 15.6, -6.5], "size": [2, 2, 0], "inflate": 0.015, "uv": [52, 47]}
					]
				},
				{
					"name": "eye_angry_left",
					"parent": "eyes",
					"pivot": [2.65, 17.45, -5.5],
					"rotation": [0, 0, -5],
					"cubes": [
						{"origin": [1.65, 17.45, -6.4], "size": [1, 1, 0], "inflate": 0.025, "uv": [40, 45]}
					]
				},
				{
					"name": "eye_angry_right",
					"parent": "eyes",
					"pivot": [-2.65, 17.45, -5.5],
					"cubes": [
						{"origin": [-2.65, 17.45, -6.4], "size": [1, 1, 0], "inflate": 0.025, "pivot": [-2.65, 17.45, -5.4], "rotation": [0, 0, 5], "uv": [40, 45]}
					]
				},
				{
					"name": "mouth_closed",
					"parent": "head_ai",
					"pivot": [0, 14.45, -6.4],
					"cubes": [
						{"origin": [-1.5, 13.95, -6.5], "size": [3, 1, 0], "inflate": 0.01, "uv": [14, 41]}
					]
				},
				{
					"name": "mouth_closed2",
					"parent": "mouth_closed",
					"pivot": [0, 14.75, -6.5],
					"cubes": [
						{"origin": [-2.5, 14.25, -6.5], "size": [1, 1, 0], "inflate": 0.01, "uv": [12, 48]},
						{"origin": [1.5, 14.25, -6.5], "size": [1, 1, 0], "inflate": 0.01, "uv": [12, 49]}
					]
				},
				{
					"name": "mouth_open",
					"parent": "head_ai",
					"pivot": [0, 14.5, -6.3],
					"cubes": [
						{"origin": [-2, 14.25, -6.4], "size": [4, 1, 0], "inflate": 0.01, "uv": [43, 47]},
						{"origin": [-1.5, 13.25, -6.4], "size": [3, 1, 0], "inflate": 0.01, "uv": [43, 45]}
					]
				},
				{
					"name": "mouth_open2",
					"parent": "head_ai",
					"pivot": [0, 14, -6.4],
					"cubes": [
						{"origin": [-1, 13, -6.4], "size": [2, 2, 0], "inflate": 0.01, "uv": [43, 49]}
					]
				},
				{
					"name": "ear_left",
					"parent": "head_ai",
					"pivot": [2, 20, 1],
					"cubes": [
						{"origin": [2, 20, 0], "size": [4, 3, 1], "uv": [52, 0]}
					]
				},
				{
					"name": "ear_left2",
					"parent": "ear_left",
					"pivot": [4, 23, 1],
					"cubes": [
						{"origin": [1.5, 23, 0], "size": [5, 5, 1], "uv": [12, 52]}
					]
				},
				{
					"name": "ear_left3",
					"parent": "ear_left2",
					"pivot": [4, 28, 1],
					"cubes": [
						{"origin": [1.5, 28, 0], "size": [5, 6, 1], "uv": [24, 50]}
					]
				},
				{
					"name": "ear_left4",
					"parent": "ear_left3",
					"pivot": [4, 34, 1],
					"cubes": [
						{"origin": [1.5, 34, 0], "size": [5, 3, 1], "uv": [52, 12]}
					]
				},
				{
					"name": "ear_right",
					"parent": "head_ai",
					"pivot": [-2, 20, 1],
					"cubes": [
						{"origin": [-6, 20, 0], "size": [4, 3, 1], "uv": [52, 4]}
					]
				},
				{
					"name": "ear_right2",
					"parent": "ear_right",
					"pivot": [-4, 23, 1],
					"cubes": [
						{"origin": [-6.5, 23, 0], "size": [5, 5, 1], "uv": [36, 52]}
					]
				},
				{
					"name": "ear_right3",
					"parent": "ear_right2",
					"pivot": [-4, 28, 1],
					"cubes": [
						{"origin": [-6.5, 28, 0], "size": [5, 6, 1], "uv": [0, 47]}
					]
				},
				{
					"name": "ear_right4",
					"parent": "ear_right3",
					"pivot": [-4, 34, 1],
					"cubes": [
						{"origin": [-6.5, 34, 0], "size": [5, 3, 1], "uv": [52, 8]}
					]
				},
				{
					"name": "arm_left",
					"parent": "head_ai",
					"pivot": [6.5, 10.5, -2],
					"cubes": [
						{"origin": [5.5, 9, -3], "size": [5, 3, 3], "uv": [20, 38]}
					]
				},
				{
					"name": "arm_left2",
					"parent": "arm_left",
					"pivot": [10.5, 9, -2],
					"cubes": [
						{"origin": [10.5, 9, -3], "size": [4, 3, 3], "inflate": 0.01, "uv": [28, 44], "mirror": true}
					]
				},
				{
					"name": "arm_right",
					"parent": "head_ai",
					"pivot": [-6.5, 10.5, -2],
					"cubes": [
						{"origin": [-10.5, 9, -3], "size": [5, 3, 3], "uv": [36, 38]}
					]
				},
				{
					"name": "arm_right2",
					"parent": "arm_right",
					"pivot": [-10.5, 9, -2],
					"cubes": [
						{"origin": [-14.5, 9, -3], "size": [4, 3, 3], "inflate": 0.01, "uv": [28, 44]}
					]
				},
				{
					"name": "tail1",
					"parent": "head_ai",
					"pivot": [0, 3.5, 6.5],
					"cubes": [
						{"origin": [0, 3.5, 6.25], "size": [0, 1, 4], "uv": [52, 16]}
					]
				},
				{
					"name": "tail2",
					"parent": "tail1",
					"pivot": [0, 4.5, 10.25],
					"cubes": [
						{"origin": [0, 3.5, 10.25], "size": [0, 1, 4], "uv": [52, 21]}
					]
				},
				{
					"name": "tail3",
					"parent": "tail2",
					"pivot": [0, 3.5, 14.25],
					"cubes": [
						{"origin": [0, 3.5, 14.25], "size": [0, 1, 4], "uv": [52, 26]}
					]
				},
				{
					"name": "tail4",
					"parent": "tail3",
					"pivot": [0, 4.5, 18.25],
					"cubes": [
						{"origin": [0, 3.5, 18.25], "size": [0, 1, 3], "uv": [52, 31]}
					]
				},
				{
					"name": "tail5",
					"parent": "tail4",
					"pivot": [0, 3.5, 21.25],
					"cubes": [
						{"origin": [0, 3.5, 21.25], "size": [0, 1, 3], "uv": [52, 35]}
					]
				},
				{
					"name": "tail6",
					"parent": "tail5",
					"pivot": [0, 4.5, 24.25],
					"cubes": [
						{"origin": [0, 3.5, 24.25], "size": [0, 1, 3], "uv": [52, 39]}
					]
				},
				{
					"name": "tail7",
					"parent": "tail6",
					"pivot": [0, 3.5, 27.25],
					"cubes": [
						{"origin": [0, 3.5, 27.25], "size": [0, 1, 3], "uv": [58, 39]}
					]
				},
				{
					"name": "tail_ball",
					"parent": "tail7",
					"pivot": [0, 4, 30],
					"cubes": [
						{"origin": [-2.5, 1.42482, 30.23843], "size": [5, 5, 5], "inflate": 0.01, "uv": [0, 31]}
					]
				},
				{
					"name": "tail_ball_glow",
					"parent": "tail_ball",
					"pivot": [0, 3.92482, 32.73843],
					"cubes": [
						{"origin": [-2.5, 1.42482, 30.23843], "size": [5, 5, 5], "inflate": -0.1, "uv": [44, 54]}
					]
				},
				{
					"name": "foot_left",
					"parent": "body",
					"pivot": [3.5, 2, 0],
					"cubes": [
						{"origin": [2, 0, -3], "size": [3, 2, 5], "uv": [20, 31]}
					]
				},
				{
					"name": "foot_left2",
					"parent": "foot_left",
					"pivot": [3.5, 0, -3],
					"cubes": [
						{"origin": [2, 0, -7], "size": [3, 2, 4], "uv": [14, 44]}
					]
				},
				{
					"name": "foot_right",
					"parent": "body",
					"pivot": [-3.5, 2, 0],
					"cubes": [
						{"origin": [-5, 0, -3], "size": [3, 2, 5], "uv": [36, 31]}
					]
				},
				{
					"name": "foot_right2",
					"parent": "foot_right",
					"pivot": [-3.5, 0, -3],
					"cubes": [
						{"origin": [-5, 0, -7], "size": [3, 2, 4], "uv": [0, 41]}
					]
				}
			]
		}
	]
}