{
  "portraitScale": 2,
  "portraitTranslation": [-0.1, 2.6, 0],
  "profileScale": 0.53,
  "profileTranslation": [0.0, 1, 0.0],
  "rootBone": "blaziken",
  "animations": {
    "cry": "q.bedrock_stateful('blaziken', 'cry')"
  },
  "poses": {
    "battle-idle": {
      "poseName": "battle-idle",
      "poseTypes": ["STAND"],
      "isBattle": true,
      "animations": ["q.look('head')", "q.bedrock('blaziken', 'ground_idle')"],
	  "quirks": [
        "q.bedrock_quirk('blaziken', 'blink')"
		]
    },
    "standing": {
      "poseName": "standing",
      "poseTypes": ["STAND", "FLOAT", "NONE", "PORTRAIT", "PROFILE"],
      "isBattle": false,
      "animations": ["q.look('head')", "q.bedrock('blaziken', 'ground_idle')"],
	  "quirks": [
        "q.bedrock_quirk('blaziken', 'blink')"
		]
	  
    },
    "walking": {
      "poseName": "walking",
      "poseTypes": ["WALK"],
      "animations": [
        "q.bedrock('blaziken', 'ground_walk')"
      ]
    }
  }
}
