{
  "portraitScale": 1.6,
  "portraitTranslation": [-0.55, 1.4, 0],
  "profileScale": 0.4,
  "profileTranslation": [0, 1.2, -1.6],
  "animations": {
    "cry": "q.bedrock_stateful('zoroark_hisuian', 'cry')",
    "recoil": "q.bedrock_stateful('zoroark_hisuian', 'recoil')"
  },
  "poses": {
    "battle-standing": {
      "poseTypes": ["STAND", "WALK"],
      "isBattle": true,
      "animations": [
        "q.look('head')",
        "q.bedrock('zoroark_hisuian', 'battle_idle')"
      ]
    },
    "standing": {
      "poseTypes": ["STAND", "NONE", "PORTRAIT", "PROFILE"],
      "isBattle": false,
      "animations": [
        "q.look('head')",
        "q.bedrock('zoroark_hisuian', 'ground_idle')"
      ]
    },
    "walking": {
      "poseTypes": ["WALK"],
      "animations": [
        "q.look('head')",
		"q.bedrock('zoroark_hisuian', 'hair_setup')",
        "q.bedrock('zoroark_hisuian', 'ground_walk')"
      ]
    },
    "float": {
      "poseTypes": ["FLOAT"],
      "animations": [
        "q.look('head')",
		"q.bedrock('zoroark_hisuian', 'hair_setup')",
        "q.bedrock('zoroark_hisuian', 'ground_walk')"
      ]
    },
    "swim": {
      "poseTypes": ["SWIM"],
      "animations": [
        "q.look('head')",
		"q.bedrock('zoroark_hisuian', 'hair_setup')",
        "q.bedrock('zoroark_hisuian', 'ground_walk')"
      ]
    }
  }
}