{
	"format_version": "1.12.0",
	"minecraft:geometry": [
		{
			"description": {
				"identifier": "geometry.shoggolith",
				"texture_width": 128,
				"texture_height": 128,
				"visible_bounds_width": 4,
				"visible_bounds_height": 3.5,
				"visible_bounds_offset": [0, 1.25, 0]
			},
			"bones": [
				{
					"name": "shoggolith",
					"pivot": [0, 0, 0]
				},
				{
					"name": "body",
					"parent": "shoggolith",
					"pivot": [0, 0, 0],
					"cubes": [
						{"origin": [-6, 11, -6], "size": [12, 12, 12], "pivot": [0, 15, 0], "rotation": [0, 45, 0], "uv": [0, 0]},
						{"origin": [1.94975, 12, -7.94975], "size": [4, 11, 6], "pivot": [4.94975, 17, -4.94975], "rotation": [-16.73634, 42.406, -24.03208], "uv": [40, 59]},
						{"origin": [3.55115, 8.97699, -9.05115], "size": [6, 4, 7], "pivot": [5.55115, 10.97699, -5.55115], "rotation": [-36.40051, 28.53623, -57.05902], "uv": [54, 34]},
						{"origin": [-9.55115, 8.97699, -9.05115], "size": [6, 4, 7], "pivot": [-5.55115, 10.97699, -5.55115], "rotation": [-36.40051, -28.53623, 57.05902], "uv": [47, 48]},
						{"origin": [-9.05115, 7.97699, -8.55115], "size": [5, 1, 6], "pivot": [-5.55115, 10.97699, -5.55115], "rotation": [-36.40051, -28.53623, 57.05902], "uv": [102, 1]},
						{"origin": [4.05115, 7.97699, -8.55115], "size": [5, 1, 6], "pivot": [5.55115, 10.97699, -5.55115], "rotation": [-36.40051, 28.53623, -57.05902], "uv": [102, 12], "mirror": true},
						{"origin": [4.05115, 7.97699, 2.55115], "size": [5, 1, 6], "pivot": [5.55115, 10.97699, 5.55115], "rotation": [36.40051, -28.53623, -57.05902], "uv": [103, 36], "mirror": true},
						{"origin": [-9.05115, 7.97699, 2.55115], "size": [5, 1, 6], "pivot": [-5.55115, 10.97699, 5.55115], "rotation": [36.40051, 28.53623, 57.05902], "uv": [103, 25]},
						{"origin": [-5.94975, 12, -7.94975], "size": [4, 11, 6], "pivot": [-4.94975, 17, -4.94975], "rotation": [-16.73634, -42.406, 24.03208], "uv": [20, 49]},
						{"origin": [-5.94975, 12, 1.94975], "size": [4, 11, 6], "pivot": [-4.94975, 17, 4.94975], "rotation": [16.73634, 42.406, 24.03208], "uv": [34, 38]},
						{"origin": [-9.55115, 8.97699, 2.05115], "size": [6, 4, 7], "pivot": [-5.55115, 10.97699, 5.55115], "rotation": [36.40051, 28.53623, 57.05902], "uv": [36, 0]},
						{"origin": [1.94975, 12, 1.94975], "size": [4, 11, 6], "pivot": [4.94975, 17, 4.94975], "rotation": [16.73634, -42.406, -24.03208], "uv": [0, 44]},
						{"origin": [3.55115, 8.97699, 2.05115], "size": [6, 4, 7], "pivot": [5.55115, 10.97699, 5.55115], "rotation": [36.40051, -28.53623, -57.05902], "uv": [48, 11]}
					]
				},
				{
					"name": "eye_FR",
					"parent": "body",
					"pivot": [-5.2663, 19.23821, -5.2663],
					"cubes": [
						{"origin": [-6.04975, 17, -6.94975], "size": [0, 4, 4], "pivot": [-4.94975, 17, -4.94975], "rotation": [-16.73634, -42.406, 24.03208], "uv": [54, 55]}
					]
				},
				{
					"name": "pupil_FR",
					"parent": "eye_FR",
					"pivot": [-4.94975, 17, -4.94975],
					"cubes": [
						{"origin": [-6.14975, 18.5, -5.44975], "size": [0, 1, 1], "pivot": [-4.94975, 17, -4.94975], "rotation": [-16.73634, -42.406, 24.03208], "uv": [83, 1]}
					]
				},
				{
					"name": "eye_FL",
					"parent": "body",
					"pivot": [5.2663, 19.23821, -5.2663],
					"cubes": [
						{"origin": [6.04975, 17, -6.94975], "size": [0, 4, 4], "pivot": [4.94975, 17, -4.94975], "rotation": [-16.73634, 42.406, -24.03208], "uv": [30, 24]}
					]
				},
				{
					"name": "pupil_FL",
					"parent": "eye_FL",
					"pivot": [5.33374, 19.26828, -5.33374],
					"cubes": [
						{"origin": [6.14975, 18.5, -5.44975], "size": [0, 1, 1], "pivot": [4.94975, 17, -4.94975], "rotation": [-16.73634, 42.406, -24.03208], "uv": [88, 1], "mirror": true}
					]
				},
				{
					"name": "eye_BL",
					"parent": "body",
					"pivot": [5.2663, 19.23821, 5.2663],
					"cubes": [
						{"origin": [6.04975, 17, 2.94975], "size": [0, 4, 4], "pivot": [4.94975, 17, 4.94975], "rotation": [16.73634, -42.406, -24.03208], "uv": [0, 24]}
					]
				},
				{
					"name": "pupil_BL",
					"parent": "eye_BL",
					"pivot": [5.33374, 19.26828, 5.33374],
					"cubes": [
						{"origin": [6.14975, 18.5, 4.44975], "size": [0, 1, 1], "pivot": [4.94975, 17, 4.94975], "rotation": [16.73634, -42.406, -24.03208], "uv": [88, 6], "mirror": true}
					]
				},
				{
					"name": "eye_BR",
					"parent": "body",
					"pivot": [-5.2663, 19.23821, 5.2663],
					"cubes": [
						{"origin": [-6.04975, 17, 2.94975], "size": [0, 4, 4], "pivot": [-4.94975, 17, 4.94975], "rotation": [16.73634, 42.406, 24.03208], "uv": [30, 20]}
					]
				},
				{
					"name": "pupil_BR",
					"parent": "eye_BR",
					"pivot": [-5.33374, 19.26828, 5.33374],
					"cubes": [
						{"origin": [-6.14975, 18.5, 4.44975], "size": [0, 1, 1], "pivot": [-4.94975, 17, 4.94975], "rotation": [16.73634, 42.406, 24.03208], "uv": [83, 6]}
					]
				},
				{
					"name": "tentacle_FR",
					"parent": "body",
					"pivot": [-7.3658, 10.3562, -7.3658],
					"cubes": [
						{"origin": [-9.05115, 4.97699, -7.55115], "size": [4, 5, 4], "pivot": [-5.55115, 10.97699, -5.55115], "rotation": [-28.24912, -36.6102, 42.01738], "uv": [0, 61]}
					]
				},
				{
					"name": "tentacle2_FR",
					"parent": "tentacle_FR",
					"pivot": [-8.71384, 7.0046, -8.71384],
					"cubes": [
						{"origin": [-9.55115, 0.97699, -7.05115], "size": [3, 5, 3], "pivot": [-5.55115, 10.97699, -5.55115], "rotation": [-20.94102, -40.78947, 30.36119], "uv": [0, 70]}
					]
				},
				{
					"name": "tentacle3_FR",
					"parent": "tentacle2_FR",
					"pivot": [-9.60803, 2.98297, -9.608],
					"cubes": [
						{"origin": [-13.56683, -2.11479, -11.56683], "size": [2, 5, 2], "pivot": [-10.56683, 0.38521, -10.56683], "rotation": [-42.73421, -15.69986, 73.67505], "uv": [73, 27]}
					]
				},
				{
					"name": "tentacle_FL",
					"parent": "body",
					"pivot": [7.3658, 10.3562, -7.3658],
					"cubes": [
						{"origin": [5.05115, 4.97699, -7.55115], "size": [4, 5, 4], "pivot": [5.55115, 10.97699, -5.55115], "rotation": [-28.24912, 36.6102, -42.01738], "uv": [62, 0]}
					]
				},
				{
					"name": "tentacle2_FL",
					"parent": "tentacle_FL",
					"pivot": [8.7138, 7.0046, -8.7138],
					"cubes": [
						{"origin": [6.55115, 0.97699, -7.05115], "size": [3, 5, 3], "pivot": [5.55115, 10.97699, -5.55115], "rotation": [-20.94102, 40.78947, -30.36119], "uv": [72, 68]}
					]
				},
				{
					"name": "tentacle3_FL",
					"parent": "tentacle2_FL",
					"pivot": [9.608, 2.983, -9.608],
					"cubes": [
						{"origin": [11.56683, -2.11479, -11.56683], "size": [2, 5, 2], "pivot": [10.56683, 0.38521, -10.56683], "rotation": [-42.73421, 15.69986, -73.67505], "uv": [73, 34]}
					]
				},
				{
					"name": "tentacle_BL",
					"parent": "body",
					"pivot": [7.3658, 10.3562, 7.3658],
					"cubes": [
						{"origin": [5.05115, 4.97699, 3.55115], "size": [4, 5, 4], "pivot": [5.55115, 10.97699, 5.55115], "rotation": [28.24912, -36.6102, -42.01738], "uv": [60, 59]}
					]
				},
				{
					"name": "tentacle2_BL",
					"parent": "tentacle_BL",
					"pivot": [8.7138, 7.0046, 8.7138],
					"cubes": [
						{"origin": [6.55115, 0.97699, 4.05115], "size": [3, 5, 3], "pivot": [5.55115, 10.97699, 5.55115], "rotation": [20.94102, -40.78947, -30.36119], "uv": [60, 68]}
					]
				},
				{
					"name": "tentacle3_BL",
					"parent": "tentacle2_BL",
					"pivot": [9.608, 2.983, 9.608],
					"cubes": [
						{"origin": [11.56683, -2.11479, 9.56683], "size": [2, 5, 2], "pivot": [10.56683, 0.38521, 10.56683], "rotation": [42.73421, -15.69986, -73.67505], "uv": [73, 20]}
					]
				},
				{
					"name": "tentacle_BR",
					"parent": "body",
					"pivot": [-7.36578, 10.35621, 7.36578],
					"cubes": [
						{"origin": [-9.05115, 4.97699, 3.55115], "size": [4, 5, 4], "pivot": [-5.55115, 10.97699, 5.55115], "rotation": [28.24912, 36.6102, 42.01738], "uv": [57, 22]}
					]
				},
				{
					"name": "tentacle2_BR",
					"parent": "tentacle_BR",
					"pivot": [-8.7138, 7.0046, 8.7138],
					"cubes": [
						{"origin": [-9.55115, 0.97699, 4.05115], "size": [3, 5, 3], "pivot": [-5.55115, 10.97699, 5.55115], "rotation": [20.94102, 40.78947, 30.36119], "uv": [0, 0]}
					]
				},
				{
					"name": "tentacle3_BR",
					"parent": "tentacle2_BR",
					"pivot": [-9.608, 2.983, 9.608],
					"cubes": [
						{"origin": [-13.56683, -2.11479, 9.56683], "size": [2, 5, 2], "pivot": [-10.56683, 0.38521, 10.56683], "rotation": [42.73421, 15.69986, 73.67505], "uv": [32, 70]}
					]
				},
				{
					"name": "head",
					"parent": "body",
					"pivot": [0, 22.75, 0],
					"cubes": [
						{"origin": [-5, 23, -5], "size": [10, 10, 10], "pivot": [0, 28, 0], "rotation": [0, 45, 0], "uv": [0, 24]},
						{"origin": [-4.5, 33, -4.5], "size": [9, 1, 9], "pivot": [0, 28, 0], "rotation": [0, 45, 0], "uv": [30, 24]}
					]
				},
				{
					"name": "head_eye_Front",
					"parent": "head",
					"pivot": [0, 28, -7.1],
					"cubes": [
						{"origin": [-4, 24, -7.1], "size": [8, 8, 0], "uv": [66, 45]}
					]
				},
				{
					"name": "head_pupil_Front",
					"parent": "head_eye_Front",
					"pivot": [0, 28, -7.2],
					"cubes": [
						{"origin": [-1, 27, -7.2], "size": [2, 2, 0], "uv": [84, 13]}
					]
				},
				{
					"name": "head_eye_Back",
					"parent": "head",
					"pivot": [0, 28, 7.1],
					"cubes": [
						{"origin": [-4, 24, 7.1], "size": [8, 8, 0], "uv": [16, 66]}
					]
				},
				{
					"name": "head_pupil_Back",
					"parent": "head_eye_Back",
					"pivot": [0, 28, 7.2],
					"cubes": [
						{"origin": [-1, 27, 7.2], "size": [2, 2, 0], "uv": [84, 13]}
					]
				},
				{
					"name": "headeyeFL",
					"parent": "head",
					"pivot": [5.65685, 28, -2.82843],
					"cubes": [
						{"origin": [6, 26, 0], "size": [0, 4, 4], "pivot": [0, 26, 0], "rotation": [0, 45, 0], "uv": [32, 62]}
					]
				},
				{
					"name": "headpupilFL",
					"parent": "headeyeFL",
					"pivot": [5.72756, 28, -2.89914],
					"cubes": [
						{"origin": [6.1, 27.5, 1.5], "size": [0, 1, 1], "pivot": [0, 26, 0], "rotation": [0, 45, 0], "uv": [83, 6]}
					]
				},
				{
					"name": "headeyeFR",
					"parent": "head",
					"pivot": [-5.65685, 28, -2.82843],
					"cubes": [
						{"origin": [-6, 26, 0], "size": [0, 4, 4], "pivot": [0, 26, 0], "rotation": [0, -45, 0], "uv": [12, 57]}
					]
				},
				{
					"name": "headpupilFR",
					"parent": "headeyeFR",
					"pivot": [-5.72756, 28, -2.89914],
					"cubes": [
						{"origin": [-6.1, 27.5, 1.5], "size": [0, 1, 1], "pivot": [0, 26, 0], "rotation": [0, -45, 0], "uv": [83, 6], "mirror": true}
					]
				},
				{
					"name": "headeyeBR",
					"parent": "head",
					"pivot": [-5.65685, 28, 2.82843],
					"cubes": [
						{"origin": [-6, 26, -4], "size": [0, 4, 4], "pivot": [0, 26, 0], "rotation": [0, 45, 0], "uv": [0, 4]}
					]
				},
				{
					"name": "headpupilBR",
					"parent": "headeyeBR",
					"pivot": [-5.72756, 28, 2.89914],
					"cubes": [
						{"origin": [-6.1, 27.5, -2.5], "size": [0, 1, 1], "pivot": [0, 26, 0], "rotation": [0, 45, 0], "uv": [83, 6], "mirror": true}
					]
				},
				{
					"name": "headeyeBL",
					"parent": "head",
					"pivot": [5.65685, 28, 2.82843],
					"cubes": [
						{"origin": [6, 26, -4], "size": [0, 4, 4], "pivot": [0, 26, 0], "rotation": [0, -45, 0], "uv": [0, 20]}
					]
				},
				{
					"name": "headpupilBL",
					"parent": "headeyeBL",
					"pivot": [5.72756, 28, 2.89914],
					"cubes": [
						{"origin": [6.1, 27.5, -2.5], "size": [0, 1, 1], "pivot": [0, 26, 0], "rotation": [0, -45, 0], "uv": [83, 6]}
					]
				},
				{
					"name": "head_tentacle_DR",
					"parent": "head",
					"pivot": [-7.5, 23.5, 0],
					"cubes": [
						{"origin": [-17, 22, 0], "size": [10, 4, 0], "uv": [14, 44]}
					]
				},
				{
					"name": "head_tentacle_TR",
					"parent": "head",
					"pivot": [-7.5, 30.5, 0],
					"cubes": [
						{"origin": [-15, 29, 0], "size": [8, 4, 0], "uv": [67, 13]}
					]
				},
				{
					"name": "head_tentacle_DL",
					"parent": "head",
					"pivot": [7.5, 23.5, 0],
					"cubes": [
						{"origin": [7, 22, 0], "size": [10, 4, 0], "uv": [40, 34]}
					]
				},
				{
					"name": "head_tentacle_TL",
					"parent": "head",
					"pivot": [7.5, 30.5, 0],
					"cubes": [
						{"origin": [7, 29, 0], "size": [8, 4, 0], "uv": [67, 9]}
					]
				}
			]
		}
	]
}